"accident_id","year","severity_raw","party_count","party1_type","party2_type","accident_type","road_situation","speed_limit_kmh","road_lighting","light_condition_label","weather_raw","infra_type","road_segment_id","street_name","place_name","gemeente_name_raw","province","alcohol_indicated","latitude","longitude","severity_label","severity_code","weather_label","built_up_area","cyclists_involved","gemeente_code"
"20220175706",2022,"Uitsluitend materiele schade",3,"Personenauto","e-bike","Los voorwerp","Kruispunt, 4 takken",50,"Niet brandend","Daglicht","Droog",\N,\N,"van Dedemstraat","Hoorn","Hoorn","Noord-Holland",false,52.646475,5.052576,"material damage only","4","clear",false,1,"GM0405"
"20220177274",2022,"Uitsluitend materiele schade",2,"Bromfiets","Fiets","Frontaal","Kruispunt, 4 takken",\N,"Niet aanwezig","Daglicht","Droog",\N,\N,"Westel Merwedekanaaldijk","Amsterdam","Amsterdam","Noord-Holland",false,52.356692,4.964052,"material damage only","4","clear",false,1,"GM0363"
"20220181408",2022,"Uitsluitend materiele schade",2,"Personenauto","Fiets","Onbekend","Rechte weg",50,"Niet brandend","Daglicht","Droog",\N,\N,"Nieuwe Gracht","Delft","Delft","Zuid-Holland",false,52.003528,4.356789,"material damage only","4","clear",false,1,"GM0503"
"20220184699",2022,"Uitsluitend materiele schade",3,"Bromfiets","Fiets","Onbekend","Rechte weg",\N,"Niet brandend","Daglicht","Droog",\N,"136256089","Amnesty Internationalln","Hellevoetsluis","Voorne aan Zee","Zuid-Holland",false,51.834068,4.131374,"material damage only","4","clear",false,1,"GM1992"
"20220187018",2022,"Letsel",2,"Personenauto","Fiets","Flank","Kruispunt, 3 takken",50,"Niet aanwezig","Daglicht",\N,\N,\N,"Westersingel","Bergen op Zoom","Bergen op Zoom","Noord-Brabant",false,51.495189,4.281817,"injury","2","unknown",false,1,"GM0748"
"20220134863",2022,"Letsel",2,"Fiets","Fiets","Flank","Rechte weg",50,"Niet brandend","Daglicht",\N,"Brug/viaduct","600872514","Eltjo Ruggeweg","Groningen","Groningen","Groningen",false,53.220956,6.589843,"injury","2","unknown",false,1,"GM0014"
"20220141984",2022,"Uitsluitend materiele schade",2,"Personenauto","Fiets","Flank","Kruispunt, 4 takken",\N,"Niet brandend","Daglicht","Droog","Brug/viaduct",\N,"0018 BRUG","Amsterdam","Amsterdam","Noord-Holland",false,52.376917,4.88961,"material damage only","4","clear",false,1,"GM0363"
"20220143323",2022,"Uitsluitend materiele schade",2,"Personenauto","Fiets","Onbekend",\N,30,\N,"Daglicht",\N,\N,"600372759","Bomstraat","Noordwijk","Noordwijk","Zuid-Holland",false,52.24371,4.4316,"material damage only","4","unknown",false,1,"GM0575"
"20220145623",2022,"Letsel",1,"Fiets",\N,"Eenzijdig",\N,30,\N,"Daglicht",\N,\N,"198269036","de Wetstraat","Ridderkerk","Ridderkerk","Zuid-Holland",false,51.898899,4.579729,"injury","2","unknown",false,1,"GM0597"
"20220168388",2022,"Uitsluitend materiele schade",2,"Bestelauto","Fiets","Flank","Kruispunt, 4 takken",80,"Niet brandend","Daglicht","Droog",\N,\N,"KAMPEN","Kampen","Kampen","Overijssel",false,52.555144,5.883376,"material damage only","4","clear",false,1,"GM0166"
"20220176332",2022,"Letsel",3,"Fiets","Personenauto","Flank","Kruispunt, 4 takken",50,"Niet brandend","Daglicht","Droog",\N,\N,"Buiten Brouwersstraat","Amsterdam","Amsterdam","Noord-Holland",false,52.381157,4.891573,"injury","2","clear",false,1,"GM0363"
"20220185726",2022,"Uitsluitend materiele schade",2,"Fiets","Scootmobiel","Flank","Kruispunt, 3 takken",60,"Niet aanwezig","Daglicht","Droog",\N,\N,"Sinoutskerkseweg","'s-Heer Hendrikskinderen","Goes","Zeeland",false,51.495354,3.859676,"material damage only","4","clear",false,1,"GM0664"
"20220131991",2022,"Letsel",2,"Personenauto","Fiets","Flank","Kruispunt, 4 takken",60,"Niet brandend","Daglicht","Droog",\N,\N,"Rondweg","Overloon","Land van Cuijk","Noord-Brabant",false,51.582082,5.93653,"injury","2","clear",false,1,"GM1982"
"20220138854",2022,"Letsel",2,"Fiets","Personenauto","Flank","Rotonde",50,"Niet brandend","Daglicht","Droog",\N,\N,"Geerweg","Wijk bij Duurstede","Wijk bij Duurstede","Utrecht",false,51.986756,5.332527,"injury","2","clear",false,1,"GM0352"
"20220138865",2022,"Uitsluitend materiele schade",2,"Personenauto","Fiets","Flank","Kruispunt, 4 takken",50,"Niet brandend","Daglicht","Droog",\N,\N,"Chicagostraat","Almere","Almere","Flevoland",false,52.395763,5.274772,"material damage only","4","clear",false,1,"GM0034"
"20220154845",2022,"Uitsluitend materiele schade",2,"Personenauto","Fiets","Flank","Rotonde",50,"Brandend","Duisternis","Droog",\N,\N,"Stede Broecweg","Bovenkarspel","Stede Broec","Noord-Holland",false,52.692538,5.242187,"material damage only","4","clear",false,1,"GM0532"
"20220157107",2022,"Letsel",2,"Fiets","Personenauto","Flank","Kruispunt, 4 takken",30,"Niet brandend","Daglicht","Droog",\N,\N,"Bekermos","Nieuwerkerk aan den IJssel","Zuidplas","Zuid-Holland",false,51.971413,4.608018,"injury","2","clear",false,1,"GM1892"
"20220168491",2022,"Uitsluitend materiele schade",3,"Snorfiets","Fiets","Onbekend","Rechte weg",\N,"Niet aanwezig","Daglicht","Droog","Brug/viaduct","373255055","Graafseweg","Nijmegen","Nijmegen","Gelderland",false,51.838877,5.851659,"material damage only","4","clear",false,1,"GM0268"
"20220177201",2022,"Letsel",2,"Fiets","Fiets","Flank","Rechte weg",50,"Niet brandend","Daglicht","Droog",\N,"241370119","Ceintuurbaan","Amsterdam","Amsterdam","Noord-Holland",false,52.352325,4.887964,"injury","2","clear",false,1,"GM0363"
"20220177835",2022,"Letsel",2,"Bromfiets","Fiets","Flank","Rechte weg",30,"Niet brandend","Daglicht","Droog",\N,"227348040","Legmeerdijk","Aalsmeer","Aalsmeer","Noord-Holland",false,52.256687,4.782232,"injury","2","clear",false,1,"GM0358"
"20220178546",2022,"Letsel",2,"Personenauto","Fiets","Onbekend","Kruispunt, 4 takken",50,"Niet brandend","Daglicht","Droog",\N,\N,"Vaartdreef","Zoetermeer","Zoetermeer","Zuid-Holland",false,52.064841,4.502969,"injury","2","clear",false,1,"GM0637"
"20220183949",2022,"Uitsluitend materiele schade",2,"Personenauto","Fiets","Flank","Rechte weg",30,"Brandend","Duisternis","Droog",\N,"184276083","Teilingerstraat","Rotterdam","Rotterdam","Zuid-Holland",false,51.930237,4.477715,"material damage only","4","clear",false,1,"GM0599"
"20220122009",2022,"Letsel",1,"Fiets",\N,"Eenzijdig","Rechte weg",30,"Brandend","Duisternis","Droog",\N,"600748970","Stationsweg","Heiloo","Heiloo","Noord-Holland",false,52.599599,4.704986,"injury","2","clear",false,1,"GM0399"
"20220123278",2022,"Uitsluitend materiele schade",2,"Personenauto","Fiets","Frontaal","Kruispunt, 4 takken",30,"Niet brandend","Daglicht","Regen",\N,\N,"Johann Keplerstraat","Amsterdam","Amsterdam","Noord-Holland",false,52.355029,4.937995,"material damage only","4","rain",false,1,"GM0363"
"20220178565",2022,"Uitsluitend materiele schade",2,"Snorfiets","Fiets","Frontaal","Bocht",\N,"Brandend","Duisternis","Droog",\N,"600488562","Stevenshofdreef","Leiden","Leiden","Zuid-Holland",false,52.157076,4.448959,"material damage only","4","clear",false,1,"GM0546"
"20220180974",2022,"Letsel",2,"Scootmobiel","Fiets","Onbekend","Kruispunt, 3 takken",30,"Niet brandend","Daglicht","Regen",\N,\N,"Elandstraat","'s-Gravenhage","'s-Gravenhage","Zuid-Holland",false,52.079873,4.295247,"injury","2","rain",false,1,"GM0518"
"20220180991",2022,"Letsel",1,"Fiets",\N,"Eenzijdig","Kruispunt, 4 takken",50,"Niet brandend","Daglicht","Droog",\N,\N,"Valkenbosplein","'s-Gravenhage","'s-Gravenhage","Zuid-Holland",false,52.078734,4.275651,"injury","2","clear",false,1,"GM0518"
"20220185896",2022,"Uitsluitend materiele schade",2,"Fiets","Fiets","Flank","Kruispunt, 3 takken",50,"Niet aanwezig","Daglicht","Droog",\N,\N,"Binnenweg","Breda","Breda","Noord-Brabant",false,51.601166,4.747108,"material damage only","4","clear",false,1,"GM0758"
"20220197562",2022,"Letsel",2,"Personenauto","Fiets","Flank","Rotonde",50,"Niet brandend","Daglicht","Droog",\N,\N,"Postweg","Putten","Putten","Gelderland",false,52.260946,5.610331,"injury","2","clear",false,1,"GM0273"
"20220115033",2022,"Uitsluitend materiele schade",2,"e-bike","Fiets","Onbekend","Bocht",60,"Niet aanwezig","Daglicht","Droog","Spoorwegovergang","413476004","Hoofdweg","Nijensleek","Westerveld","Drenthe",false,52.831327,6.156873,"material damage only","4","clear",false,1,"GM1701"
"20220119255",2022,"Letsel",1,"Fiets",\N,"Eenzijdig","Rechte weg",60,"Niet brandend","Daglicht","Droog",\N,"490359005","Blokstegenweg","Ambt Delden","Hof van Twente","Overijssel",false,52.298999,6.715247,"injury","2","clear",false,1,"GM1735"
"20220126759",2022,"Letsel",1,"e-bike",\N,"Eenzijdig","Rechte weg",50,"Niet brandend","Daglicht","Droog",\N,"212297006","Burg van Reenensingel","Gouda","Gouda","Zuid-Holland",false,52.022577,4.680613,"injury","2","clear",false,1,"GM0513"
"20220153786",2022,"Letsel",3,"Bestelauto","Fiets","Onbekend","Kruispunt, 4 takken",30,"Niet brandend","Daglicht","Droog",\N,\N,"Mineurslaan","Utrecht","Utrecht","Utrecht",false,52.090594,5.106077,"injury","2","clear",false,1,"GM0344"
"20220161446",2022,"Uitsluitend materiele schade",2,"Personenauto","Fiets","Frontaal","Rotonde",50,"Niet brandend","Daglicht","Droog",\N,\N,"Ampèrelaan","Drachten","Smallingerland","Friesland",false,53.109206,6.133376,"material damage only","4","clear",false,1,"GM0090"
"20220173474",2022,"Letsel",2,"Personenauto","Fiets","Flank","Rotonde",50,"Niet brandend","Daglicht","Droog",\N,\N,"Oude Arnhemseweg","Zeist","Zeist","Utrecht",false,52.099203,5.221146,"injury","2","clear",false,1,"GM0355"
"20220174872",2022,"Letsel",3,"Personenauto","e-bike","Flank","Kruispunt, 3 takken",50,"Niet aanwezig","Daglicht","Regen",\N,\N,"Floresstraat","Haarlem","Haarlem","Noord-Holland",false,52.399309,4.644425,"injury","2","rain",false,1,"GM0392"
"20220181092",2022,"Uitsluitend materiele schade",2,"Fiets","Personenauto","Onbekend","Rotonde",50,"Niet brandend","Daglicht","Regen",\N,\N,"Rijnsburgerweg","Leiden","Leiden","Zuid-Holland",false,52.170453,4.479621,"material damage only","4","rain",false,1,"GM0546"
"20220198054",2022,"Letsel",2,"Personenauto","Fiets","Flank","Rotonde",50,"Niet brandend","Daglicht","Regen",\N,\N,"FIETSPAD","Ermelo","Ermelo","Gelderland",false,52.312943,5.626678,"injury","2","rain",false,1,"GM0233"
"20220198147",2022,"Letsel",2,"Bestelauto","Fiets","Flank","Kruispunt, 4 takken",30,"Niet brandend","Daglicht","Droog",\N,\N,"Oude Beekbergerweg","Apeldoorn","Apeldoorn","Gelderland",false,52.194066,5.969976,"injury","2","clear",false,1,"GM0200"
"20220198257",2022,"Uitsluitend materiele schade",2,"Personenauto","Fiets","Flank","Kruispunt, 3 takken",50,"Niet brandend","Daglicht","Droog",\N,\N,"Teisterbantlaan","Tiel","Tiel","Gelderland",false,51.88577,5.419012,"material damage only","4","clear",false,1,"GM0281"
"20220144863",2022,"Letsel",2,"Bromfiets","Fiets","Geparkeerd voertuig","Rechte weg",30,"Niet brandend","Daglicht","Droog","Parkeervoorziening","168296047","Oostsingel","Delft","Delft","Zuid-Holland",false,52.019875,4.354199,"injury","2","clear",false,1,"GM0503"
"20220167359",2022,"Uitsluitend materiele schade",2,"Personenauto","Fiets","Onbekend","Kruispunt, 4 takken",50,"Niet brandend","Daglicht","Droog",\N,\N,"Elburgerweg","Dronten","Dronten","Flevoland",false,52.4585,5.813899,"material damage only","4","clear",false,1,"GM0303"
"20220172430",2022,"Uitsluitend materiele schade",2,"Personenauto","Fiets","Frontaal","Kruispunt, 3 takken",30,"Niet brandend","Daglicht","Droog",\N,\N,"Groest","Hilversum","Hilversum","Noord-Holland",false,52.22413,5.177595,"material damage only","4","clear",false,1,"GM0402"
"20220180490",2022,"Letsel",2,"Fiets","e-bike","Flank","Rechte weg",50,"Niet brandend","Daglicht","Droog",\N,"600734355","Hoge Rijndijk","Zoeterwoude","Zoeterwoude","Zuid-Holland",false,52.138168,4.547717,"injury","2","clear",false,1,"GM0638"
"20220198357",2022,"Letsel",2,"Fiets","Fiets","Onbekend","Rechte weg",60,"Niet brandend","Daglicht","Droog",\N,"506339031","Keuperweg","Enschede","Enschede","Overijssel",false,52.206723,6.82787,"injury","2","clear",false,1,"GM0153"
"20220198477",2022,"Uitsluitend materiele schade",2,"Personenauto","Fiets","Flank","Kruispunt, 4 takken",50,"Brandend","Schemer","Regen",\N,\N,"Magnoliastraat","Winterswijk","Winterswijk","Gelderland",false,51.963187,6.703313,"material damage only","4","rain",false,1,"GM0294"
"20220126073",2022,"Letsel",2,"Personenauto","Fiets","Flank","Kruispunt, 4 takken",50,"Niet brandend","Daglicht","Droog",\N,\N,"Nieuwe Duinweg","'s-Gravenhage","'s-Gravenhage","Zuid-Holland",false,52.108327,4.29033,"injury","2","clear",false,1,"GM0518"
"20220137168",2022,"Letsel",2,"Fiets","Fiets","Onbekend","Rechte weg",50,"Brandend","Duisternis","Droog",\N,"516343116","Beatrixstraat","Enschede","Enschede","Overijssel",false,52.222019,6.902252,"injury","2","clear",false,1,"GM0153"
"20220143719",2022,"Letsel",2,"Bromfiets","Fiets","Kop/staart","Rotonde",30,"Niet brandend","Daglicht","Droog",\N,\N,"Hof van Delftlaan","Delft","Delft","Zuid-Holland",false,52.010763,4.346759,"injury","2","clear",false,1,"GM0503"
"20220162823",2022,"Uitsluitend materiele schade",2,"Fiets","Personenauto","Frontaal","Rechte weg",60,"Brandend","Duisternis","Droog",\N,"439374004","Raamsweg","Mariënheem","Raalte","Overijssel",false,52.366455,6.337336,"material damage only","4","clear",false,1,"GM0177"
"20220185072",2022,"Letsel",2,"Personenauto","e-bike","Onbekend","Rotonde",50,"Niet brandend","Daglicht",\N,\N,\N,"Heemraadssingel","Rotterdam","Rotterdam","Zuid-Holland",false,51.921046,4.455016,"injury","2","unknown",false,1,"GM0599"
"20220185083",2022,"Uitsluitend materiele schade",2,"Personenauto","e-bike","Flank","Kruispunt, 4 takken",30,"Brandend","Duisternis","Droog",\N,\N,"Voordijk","Barendrecht","Barendrecht","Zuid-Holland",false,51.858975,4.526022,"material damage only","4","clear",false,1,"GM0489"
"20220126094",2022,"Letsel",2,"Personenauto","Fiets","Onbekend","Rechte weg",50,"Niet brandend","Daglicht","Droog",\N,"223335059","A.H. Kooistrastraat","Nieuwveen","Nieuwkoop","Zuid-Holland",false,52.197078,4.754468,"injury","2","clear",false,1,"GM0569"
"20220138200",2022,"Uitsluitend materiele schade",1,"Fiets",\N,"Onbekend","Rechte weg",30,"Brandend","Daglicht","Droog",\N,"600781151","Stationstunnel","Hilversum","Hilversum","Noord-Holland",false,52.22609,5.180082,"material damage only","4","clear",false,1,"GM0402"
"20220161788",2022,"Uitsluitend materiele schade",2,"Personenauto","Fiets","Onbekend","Kruispunt, 3 takken",30,"Niet brandend","Daglicht","Droog",\N,\N,"van der Duyn v Maasdamwg","Hoogezand","Midden-Groningen","Groningen",false,53.155568,6.754864,"material damage only","4","clear",false,1,"GM1952"
"20220167563",2022,"Uitsluitend materiele schade",3,"Personenauto","Fiets","Onbekend","Rechte weg",50,"Niet brandend","Daglicht","Droog",\N,"600810089","Notarisappel","Barneveld","Barneveld","Gelderland",false,52.12479,5.574644,"material damage only","4","clear",false,1,"GM0203"
"20220169943",2022,"Uitsluitend materiele schade",2,"Bestelauto","Fiets","Flank","Kruispunt, 4 takken",50,"Niet brandend","Daglicht",\N,\N,\N,"Rosendaalseweg","Arnhem","Arnhem","Gelderland",false,52.000115,5.943585,"material damage only","4","unknown",false,1,"GM0202"
"20220179489",2022,"Letsel",2,"Fiets","Fiets","Flank","Rechte weg",50,"Niet brandend","Daglicht","Droog",\N,"162308204","Stille Veerkade","'s-Gravenhage","'s-Gravenhage","Zuid-Holland",false,52.074058,4.314239,"injury","2","clear",false,1,"GM0518"
"20220180583",2022,"Letsel",2,"Fiets","e-bike","Eenzijdig","Kruispunt, 4 takken",\N,"Niet brandend","Daglicht","Regen",\N,\N,"Fahrenheitstraat","'s-Gravenhage","'s-Gravenhage","Zuid-Holland",false,52.080965,4.267195,"injury","2","rain",false,1,"GM0518"
"20220195884",2022,"Letsel",2,"Personenauto","Fiets","Flank","Kruispunt, 3 takken",30,"Niet brandend","Daglicht","Droog",\N,\N,"Dolderweg","Steenwijk","Steenwijkerland","Overijssel",false,52.787605,6.097358,"injury","2","clear",false,1,"GM1708"
"20220195885",2022,"Uitsluitend materiele schade",2,"Personenauto","Fiets","Flank","Kruispunt, 3 takken",50,"Niet brandend","Daglicht","Droog",\N,\N,"Lijnbaanstraat","Nijmegen","Nijmegen","Gelderland",false,51.850463,5.847536,"material damage only","4","clear",false,1,"GM0268"
"20220195991",2022,"Letsel",1,"e-bike",\N,"Eenzijdig","Rechte weg",50,"Niet brandend","Daglicht","Regen",\N,"519344050","Hoge Boekelerweg","Enschede","Enschede","Overijssel",false,52.227746,6.919762,"injury","2","rain",false,1,"GM0153"
"20220194238",2022,"Uitsluitend materiele schade",2,"Personenauto","Fiets","Flank","Kruispunt, 4 takken",50,"Niet brandend","Daglicht","Droog",\N,\N,"Jachthavenstraat","Sneek","Súdwest-Fryslân","Friesland",false,53.036607,5.666215,"material damage only","4","clear",false,1,"GM1900"
"20220115308",2022,"Letsel",2,"Personenauto","Fiets","Flank","Kruispunt, 3 takken",30,"Niet brandend","Daglicht","Droog",\N,\N,"Vechtstraat","Groningen","Groningen","Groningen",false,53.20858,6.572479,"injury","2","clear",false,1,"GM0014"
"20220117015",2022,"Letsel",3,\N,"Fiets","Eenzijdig","Bocht",60,"Niet brandend","Daglicht","Droog",\N,\N,"Kottenseweg","Winterswijk Kotten","Winterswijk","Gelderland",false,51.944002,6.774002,"injury","2","clear",false,1,"GM0294"
"20220129967",2022,"Letsel",2,"Fiets","Fiets","Onbekend",\N,30,\N,"Daglicht",\N,\N,\N,"Heuvelstraat","Oosterhout","Oosterhout","Noord-Brabant",false,51.643042,4.85447,"injury","2","unknown",false,1,"GM0826"
"20220142499",2022,"Uitsluitend materiele schade",2,"Fiets","Fiets","Flank","Kruispunt, 3 takken",\N,"Niet brandend","Daglicht","Droog",\N,\N,"Wibautstraat","Amsterdam","Amsterdam","Noord-Holland",false,52.349748,4.916804,"material damage only","4","clear",false,1,"GM0363"
"20220142511",2022,"Uitsluitend materiele schade",2,"Bestelauto","Fiets","Kop/staart","Rechte weg",50,"Niet brandend","Daglicht","Regen",\N,"600764490","Mauritskade","Amsterdam","Amsterdam","Noord-Holland",false,52.364795,4.924705,"material damage only","4","rain",false,1,"GM0363"
"20220143849",2022,"Letsel",2,"Fiets","Fiets","Flank","Kruispunt, 4 takken",50,"Niet brandend","Daglicht","Droog",\N,\N,"Beeklaan","'s-Gravenhage","'s-Gravenhage","Zuid-Holland",false,52.072556,4.282578,"injury","2","clear",false,1,"GM0518"
"20220159102",2022,"Letsel",1,"Fiets",\N,"Eenzijdig",\N,60,\N,"Daglicht",\N,\N,\N,"Zuidzeedijk","Dinteloord","Steenbergen","Noord-Brabant",false,51.593116,4.418687,"injury","2","unknown",false,1,"GM0851"
"20220160428",2022,"Uitsluitend materiele schade",2,"Personenauto","Fiets","Los voorwerp","Rechte weg",50,"Niet brandend","Daglicht","Droog",\N,\N,"Geneindestraat","Valkenburg","Valkenburg aan de Geul","Limburg",false,50.86679,5.83222,"material damage only","4","clear",false,1,"GM0994"
"20220188531",2022,"Uitsluitend materiele schade",2,"Personenauto","Fiets","Onbekend","Kruispunt, 4 takken",30,"Niet brandend","Daglicht","Droog",\N,\N,"Jan Smitzlaan","Eindhoven","Eindhoven","Noord-Brabant",false,51.431565,5.479519,"material damage only","4","clear",false,1,"GM0772"
"20220189120",2022,"Uitsluitend materiele schade",2,"Fiets","Bromfiets","Flank","Kruispunt, 4 takken",30,"Niet brandend","Daglicht",\N,\N,\N,"Gildelaan","Eindhoven","Eindhoven","Noord-Brabant",false,51.4477,5.475409,"material damage only","4","unknown",false,1,"GM0772"
"20220125194",2022,"Letsel",1,"Fiets",\N,"Eenzijdig","Rechte weg",\N,"Niet brandend","Duisternis","Droog",\N,"600734851","Bospad","Oud Ade","Kaag en Braassem","Zuid-Holland",false,52.164734,4.552093,"injury","2","clear",false,1,"GM1884"
"20220142561",2022,"Letsel",1,"Fiets",\N,"Eenzijdig",\N,50,\N,"Duisternis",\N,\N,"244374169","Prins Hendrikkade","Amsterdam","Amsterdam","Noord-Holland",false,52.373924,4.905802,"injury","2","unknown",false,1,"GM0363"
"20220149894",2022,"Letsel",2,"Fiets","Fiets","Frontaal","Kruispunt, 3 takken",30,"Niet brandend","Daglicht","Droog",\N,\N,"Laarpark","Veghel","Meierijstad","Noord-Brabant",false,51.618043,5.558902,"injury","2","clear",false,1,"GM1948"
"20220153210",2022,"Letsel",2,"Personenauto","Fiets","Flank","Kruispunt, 3 takken",50,"Niet brandend","Daglicht","Droog",\N,\N,"Baniersweg","Almelo","Almelo","Overijssel",true,52.368286,6.682914,"injury","2","clear",false,1,"GM0141"
"20220156749",2022,"Letsel",2,"Personenauto","Fiets","Onbekend","Kruispunt, 4 takken",50,"Niet brandend","Daglicht","Droog",\N,\N,"Hoefkade","'s-Gravenhage","'s-Gravenhage","Zuid-Holland",false,52.065043,4.306323,"injury","2","clear",false,1,"GM0518"
"20220167793",2022,"Uitsluitend materiele schade",2,"Personenauto","Fiets","Onbekend",\N,\N,\N,"Daglicht",\N,\N,\N,"Kerkstraat","Lathum","Zevenaar","Gelderland",false,51.985243,6.020907,"material damage only","4","unknown",false,1,"GM0299"
"20220183544",2022,"Uitsluitend materiele schade",2,"e-bike","Personenauto","Geparkeerd voertuig","Rechte weg",50,"Niet brandend","Daglicht","Droog","Parkeervoorziening","600535161","Karel Doormanlaan","Zwijndrecht","Zwijndrecht","Zuid-Holland",false,51.809785,4.636726,"material damage only","4","clear",false,1,"GM0642"
"20220122682",2022,"Letsel",2,"Fiets","Fiets","Frontaal","Kruispunt, 4 takken",30,"Niet brandend","Daglicht","Droog",\N,\N,"Havenstraat","Monnickendam","Waterland","Noord-Holland",false,52.460415,5.03657,"injury","2","clear",false,1,"GM0852"
"20220134277",2022,"Letsel",2,"Fiets","Fiets","Onbekend",\N,50,"Brandend","Daglicht","Droog",\N,\N,"Splitting","Emmen","Emmen","Drenthe",false,52.772535,6.952209,"injury","2","clear",false,1,"GM0114"
"20220146120",2022,"Letsel",2,"Snorfiets","Fiets","Flank","Rechte weg",50,"Brandend","Duisternis","Droog",\N,"600697116","FIETSPAD","Rotterdam","Rotterdam","Zuid-Holland",false,51.909488,4.485431,"injury","2","clear",false,1,"GM0599"
"20220149944",2022,"Letsel",1,"Fiets",\N,"Eenzijdig","Kruispunt, 4 takken",50,"Niet brandend","Daglicht","Droog",\N,\N,"Braillelaan","Vlijmen","Heusden","Noord-Brabant",false,51.699616,5.206261,"injury","2","clear",false,1,"GM0797"
"20220149945",2022,"Letsel",2,"Fiets","Personenauto","Frontaal","Kruispunt, 3 takken",30,"Niet brandend","Daglicht","Droog",\N,\N,"Kamperfoeliestraat","Sint-Michielsgestel","Sint-Michielsgestel","Noord-Brabant",false,51.641075,5.335512,"injury","2","clear",false,1,"GM0845"
"20220189024",2022,"Letsel",1,"Fiets",\N,"Eenzijdig","Rechte weg",60,"Niet aanwezig","Daglicht","Droog",\N,"600499293","FIETSPAD","Drunen","Heusden","Noord-Brabant",false,51.648373,5.152549,"injury","2","clear",false,1,"GM0797"
"20220191184",2022,"Uitsluitend materiele schade",2,"Personenauto","Fiets","Onbekend","Kruispunt, 4 takken",30,"Niet brandend","Daglicht","Droog",\N,\N,"Clausstraat","Landgraaf","Landgraaf","Limburg",false,50.906007,6.029462,"material damage only","4","clear",false,1,"GM0882"
"20220126407",2022,"Letsel",2,"Personenauto","Fiets","Flank","Kruispunt, 3 takken",50,"Niet brandend","Daglicht","Droog",\N,\N,"Kapteynstraat","Noordwijk","Noordwijk","Zuid-Holland",false,52.214273,4.433001,"injury","2","clear",false,1,"GM0575"
"20220134315",2022,"Uitsluitend materiele schade",2,"Bromfiets","Fiets","Flank","Rechte weg",30,"Niet brandend","Daglicht","Droog",\N,"467563031","Vismarkt","Groningen","Groningen","Groningen",false,53.217224,6.565419,"material damage only","4","clear",false,1,"GM0014"
"20220145268",2022,"Uitsluitend materiele schade",2,"Fiets","Personenauto","Flank","Rechte weg",50,"Brandend","Duisternis","Droog","Bus-/Tramhalte","600480404","Robert Boyleweg","Oegstgeest","Oegstgeest","Zuid-Holland",false,52.16912,4.452481,"material damage only","4","clear",false,1,"GM0579"
"20220151228",2022,"Uitsluitend materiele schade",2,"Personenauto","Fiets","Flank","Rechte weg",30,"Niet brandend","Daglicht","Droog",\N,"406132038","Pastoor Vranckenlaan","Reuver","Beesel","Limburg",false,51.284153,6.077653,"material damage only","4","clear",false,1,"GM0889"
"20220153270",2022,"Uitsluitend materiele schade",3,"Personenauto","Fiets","Onbekend","Rechte weg",50,"Niet brandend","Daglicht","Droog",\N,"600615481","Arnhemsestraat","Leuvenheim","Brummen","Gelderland",false,52.077124,6.146083,"material damage only","4","clear",false,1,"GM0213"
"20220183746",2022,"Letsel",2,"Personenauto","Fiets","Flank","Kruispunt, 3 takken",50,"Niet brandend","Daglicht","Droog",\N,\N,"Zwartehondstraat","Rotterdam","Rotterdam","Zuid-Holland",false,51.91886,4.487314,"injury","2","clear",false,1,"GM0599"
"20220185397",2022,"Letsel",2,"Fiets","Fiets","Frontaal","Rechte weg",\N,"Niet brandend","Daglicht","Droog",\N,"600422379","Grote Schelluinsekade","Gorinchem","Gorinchem","Zuid-Holland",false,51.840186,4.938003,"injury","2","clear",false,1,"GM0512"
"20220191097",2022,"Letsel",2,"Personenauto","Fiets","Onbekend","Bocht",30,"Niet brandend","Daglicht","Droog",\N,"352035087","Grote Gracht","Maastricht","Maastricht","Limburg",false,50.851087,5.689753,"injury","2","clear",false,1,"GM0935"
"20220192116",2022,"Uitsluitend materiele schade",2,"Personenauto","Fiets","Flank","Kruispunt, 4 takken",50,"Niet brandend","Daglicht","Droog",\N,\N,"Emmaviaduct","Groningen","Groningen","Groningen",false,53.205683,6.563351,"material damage only","4","clear",false,1,"GM0014"
"20220118883",2022,"Letsel",2,"Personenauto","Fiets","Flank","Kruispunt, 4 takken",50,"Niet brandend","Daglicht","Droog",\N,\N,"Perikweg","Enschede","Enschede","Overijssel",false,52.210493,6.899189,"injury","2","clear",false,1,"GM0153"
"20220136610",2022,"Letsel",1,"Fiets",\N,"Eenzijdig","Rechte weg",60,"Niet brandend","Daglicht","Droog",\N,"473356001","Morslaan","Enter","Wierden","Overijssel",false,52.287086,6.585813,"injury","2","clear",false,1,"GM0189"
"20220142918",2022,"Letsel",3,"Personenauto","Fiets","Onbekend","Rechte weg",30,"Niet brandend","Daglicht","Droog",\N,"600718910","Wenckebachstraat","'s-Gravenhage","'s-Gravenhage","Zuid-Holland",false,52.062213,4.331924,"injury","2","clear",false,1,"GM0518"
"20220168015",2022,"Uitsluitend materiele schade",2,"Personenauto","Fiets","Flank","Kruispunt, 3 takken",50,"Niet brandend","Daglicht","Droog",\N,\N,"Bilderdijkstraat","Doetinchem","Doetinchem","Gelderland",false,51.970339,6.29786,"material damage only","4","clear",false,1,"GM0222"
"20220171580",2022,"Uitsluitend materiele schade",2,"Motor","Fiets","Flank","Kruispunt, 4 takken",30,"Niet brandend","Schemer","Droog",\N,\N,"Catharijnesingel","Utrecht","Utrecht","Utrecht",false,52.092554,5.111636,"material damage only","4","clear",false,1,"GM0344"