"accident_id","year","severity_raw","party_count","party1_type","party2_type","accident_type","road_situation","speed_limit_kmh","road_lighting","light_condition_label","weather_raw","infra_type","road_segment_id","street_name","place_name","gemeente_name_raw","province","alcohol_indicated","latitude","longitude","severity_label","severity_code","weather_label","built_up_area","cyclists_involved","gemeente_code"
"20220171585",2022,"Uitsluitend materiele schade",2,"Personenauto","Fiets","Flank","Kruispunt, 3 takken",30,"Niet brandend","Daglicht","Droog",\N,\N,"Olmenlaan","Bussum","Gooise Meren","Noord-Holland",false,52.276545,5.16249,"material damage only","4","clear",false,1,"GM1942"
"20220185424",2022,"Uitsluitend materiele schade",2,"Fiets","Fiets","Frontaal","Rechte weg",50,"Niet brandend","Daglicht","Droog",\N,"600510446","Algeraweg","Capelle aan den IJssel","Capelle aan den IJssel","Zuid-Holland",false,51.917079,4.578221,"material damage only","4","clear",false,1,"GM0502"
"20220193323",2022,"Letsel",3,"Personenauto","Fiets","Los voorwerp","Kruispunt, 4 takken",50,"Niet brandend","Daglicht","Droog",\N,\N,"Ambachtsweg","Meppel","Meppel","Drenthe",false,52.693503,6.204867,"injury","2","clear",false,1,"GM0119"
"20220124077",2022,"Uitsluitend materiele schade",2,"Fiets","Personenauto","Kop/staart","Kruispunt, 4 takken",30,"Niet brandend","Daglicht","Droog",\N,\N,"Amstel","Amsterdam","Amsterdam","Noord-Holland",false,52.366649,4.901501,"material damage only","4","clear",false,1,"GM0363"
"20220125507",2022,"Letsel",2,"Bromfiets","e-bike","Flank","Rechte weg",50,"Niet brandend","Daglicht","Droog",\N,"600723291","De Lus","Wassenaar","Wassenaar","Zuid-Holland",false,52.14015,4.408294,"injury","2","clear",false,1,"GM0629"
"20220127762",2022,"Uitsluitend materiele schade",2,"Personenauto","Fiets","Flank","Rotonde",50,"Niet brandend","Daglicht","Droog",\N,\N,"Kievitsweg","Ridderkerk","Ridderkerk","Zuid-Holland",false,51.881358,4.594198,"material damage only","4","clear",false,1,"GM0597"
"20220173019",2022,"Uitsluitend materiele schade",2,"Personenauto","e-bike","Flank","Kruispunt, 4 takken",50,"Niet brandend","Daglicht","Droog",\N,\N,"Driebergseweg","Zeist","Zeist","Utrecht",false,52.066923,5.259265,"material damage only","4","clear",false,1,"GM0355"
"20220175526",2022,"Letsel",2,"Personenauto","e-bike","Flank","Rechte weg",50,"Brandend","Duisternis","Droog",\N,"233410006","Starnmeerdijk","Spijkerboor","Wormerland","Noord-Holland",false,52.536386,4.828601,"injury","2","clear",false,1,"GM0880"
"20220196326",2022,"Uitsluitend materiele schade",2,"Bromfiets","Fiets","Frontaal","Kruispunt, 3 takken",30,"Niet brandend","Daglicht","Droog",\N,\N,"Perikweg","Enschede","Enschede","Overijssel",false,52.211676,6.898884,"material damage only","4","clear",false,1,"GM0153"
"20220117802",2022,"Uitsluitend materiele schade",2,"Fiets","Fiets","Onbekend","Rechte weg",30,"Niet brandend","Daglicht","Droog",\N,"400397010","Hessenweg","Hattem","Hattem","Gelderland",false,52.476332,6.053913,"material damage only","4","clear",false,1,"GM0244"
"20220121438",2022,"Letsel",1,"Fiets",\N,"Eenzijdig","Kruispunt, 4 takken",50,"Niet brandend","Daglicht","Droog",\N,\N,"Jan Ligthartstraat","Heemskerk","Heemskerk","Noord-Holland",false,52.502941,4.668789,"injury","2","clear",false,1,"GM0396"
"20220124148",2022,"Uitsluitend materiele schade",2,"Bromfiets","Fiets","Onbekend","Rechte weg",50,"Niet brandend","Daglicht","Droog",\N,"237369011","Zeilstraat","Amsterdam","Amsterdam","Noord-Holland",false,52.350814,4.853841,"material damage only","4","clear",false,1,"GM0363"
"20220130484",2022,"Letsel",2,"Bestelauto","Fiets","Frontaal","Bocht",30,"Niet brandend","Daglicht","Droog",\N,"95142105","Michiel de Ruijtersingel","Terneuzen","Terneuzen","Zeeland",false,51.320782,3.851496,"injury","2","clear",false,1,"GM0715"
"20220131788",2022,"Letsel",1,"Fiets",\N,"Eenzijdig","Rechte weg",\N,"Brandend","Duisternis","Droog",\N,"600492273","Veghelseweg","Sint-Oedenrode","Meierijstad","Noord-Brabant",false,51.578236,5.488786,"injury","2","clear",false,1,"GM1948"
"20220140070",2022,"Letsel",1,"e-bike",\N,"Eenzijdig","Rechte weg",50,"Brandend","Duisternis","Droog",\N,"208380001","Soendaplein","Haarlem","Haarlem","Noord-Holland",false,52.39868,4.644341,"injury","2","clear",false,1,"GM0392"
"20220147430",2022,"Letsel",2,"Fiets","Fiets","Onbekend","Rechte weg",30,"Niet brandend","Daglicht","Droog","Bus-/Tramhalte","208173068","Oranjeplein","Zundert","Zundert","Noord-Brabant",false,51.467223,4.657354,"injury","2","clear",false,1,"GM0879"
"20220153446",2022,"Uitsluitend materiele schade",2,"Fiets","Fiets","Flank","Kruispunt, 3 takken",50,"Niet brandend","Daglicht","Droog",\N,\N,"Spoelerstraat","Nijverdal","Hellendoorn","Overijssel",false,52.364198,6.465447,"material damage only","4","clear",false,1,"GM0163"
"20220175595",2022,"Letsel",2,"Bestelauto","Fiets","Flank","Kruispunt, 3 takken",30,"Niet brandend","Daglicht","Droog",\N,\N,"J. C. Geerligslaan","Anna Paulowna","Hollands Kroon","Noord-Holland",false,52.864165,4.82722,"injury","2","clear",false,1,"GM1911"
"20220188044",2022,"Letsel",2,"Fiets",\N,"Eenzijdig","Rechte weg",50,"Niet brandend","Daglicht","Droog",\N,"600779604","Kerkstraat","Reusel","Reusel-De Mierden","Noord-Brabant",false,51.362221,5.16416,"injury","2","clear",false,1,"GM1667"
"20220192927",2022,"Letsel",2,"e-bike","Fiets","Frontaal","Rechte weg",30,"Brandend","Schemer","Regen",\N,"600203314","Jaagpad","Groningen","Groningen","Groningen",false,53.221506,6.542734,"injury","2","rain",false,1,"GM0014"
"20220193225",2022,"Uitsluitend materiele schade",2,"Personenauto","Fiets","Flank","Kruispunt, 4 takken",50,"Niet brandend","Daglicht","Droog",\N,\N,"Troelstralaan","Hoogezand","Midden-Groningen","Groningen",false,53.155403,6.741359,"material damage only","4","clear",false,1,"GM1952"
"20220193643",2022,"Letsel",2,"Bestelauto","Fiets","Flank","Rechte weg",80,"Niet aanwezig","Duisternis","Droog",\N,\N,"Roderweg","Peize","Noordenveld","Drenthe",false,53.147295,6.472732,"injury","2","clear",false,1,"GM1699"
"20220193791",2022,"Uitsluitend materiele schade",2,"Bestelauto","e-bike","Flank","Kruispunt, 4 takken",50,"Niet brandend","Schemer","Droog",\N,\N,"Boslaan","Zuidhorn","Westerkwartier","Groningen",false,53.246919,6.40225,"material damage only","4","clear",false,1,"GM1969"
"20220122990",2022,"Letsel",3,"Fiets","Fiets","Onbekend","Bocht",\N,"Niet brandend","Daglicht","Droog",\N,"600611256","Gedempte Oostersingelgr","Haarlem","Haarlem","Noord-Holland",false,52.380798,4.647295,"injury","2","clear",false,1,"GM0392"
"20220133153",2022,"Uitsluitend materiele schade",2,"Bestelauto","Fiets","Onbekend","Kruispunt, 3 takken",80,"Niet brandend","Daglicht","Droog",\N,\N,"Siebengewaldseweg","Ottersum","Gennep","Limburg",false,51.684725,6.003944,"material damage only","4","clear",false,1,"GM0907"
"20220162389",2022,"Uitsluitend materiele schade",2,"Snorfiets","Fiets","Onbekend","Rechte weg",50,"Niet brandend","Daglicht","Droog",\N,"600511401","Weerdingerstraat","Emmen","Emmen","Drenthe",false,52.790849,6.896621,"material damage only","4","clear",false,1,"GM0114"
"20220196961",2022,"Uitsluitend materiele schade",2,"Personenauto","Fiets","Flank","Kruispunt, 3 takken",\N,"Niet brandend","Daglicht","Droog",\N,\N,"De Kolk","Delden","Hof van Twente","Overijssel",false,52.26198,6.709216,"material damage only","4","clear",false,1,"GM1735"
"20220124239",2022,"Uitsluitend materiele schade",2,"Bus","Fiets","Flank","Kruispunt, 4 takken",50,"Niet brandend","Daglicht","Droog",\N,\N,"Van Baerlestraat","Amsterdam","Amsterdam","Noord-Holland",false,52.356063,4.880037,"material damage only","4","clear",false,1,"GM0363"
"20220126579",2022,"Letsel",2,"Bromfiets","Fiets","Kop/staart","Rechte weg",30,"Brandend","Duisternis","Droog",\N,"600373215","Herenstraat","Wateringen","Westland","Zuid-Holland",false,52.024364,4.277979,"injury","2","clear",false,1,"GM1783"
"20220133203",2022,"Uitsluitend materiele schade",2,"Personenauto","Fiets","Flank","Kruispunt, 3 takken",50,"Niet brandend","Daglicht",\N,\N,\N,"Mariënwaard","Maastricht","Maastricht","Limburg",false,50.87185,5.721742,"material damage only","4","unknown",false,1,"GM0935"
"20220137717",2022,"Letsel",2,"Bus","Fiets","Flank","Kruispunt, 4 takken",50,"Niet brandend","Daglicht","Droog",\N,\N,"Vleutenseweg","Utrecht","Utrecht","Utrecht",false,52.094976,5.085193,"injury","2","clear",false,1,"GM0344"
"20220146435",2022,"Letsel",2,"Personenauto","e-bike","Onbekend","Kruispunt, 4 takken",50,"Brandend","Duisternis","Droog",\N,\N,"Stationsweg","Zuidland","Nissewaard","Zuid-Holland",false,51.825899,4.258546,"injury","2","clear",false,1,"GM1930"
"20240092165",2024,"Uitsluitend materiele schade",2,"Personenauto","Fiets","Flank","Kruispunt, 4 takken",50,"Niet brandend","Daglicht","Droog",\N,"420153043","Gasthuiskampstraat","Venlo","Venlo","Limburg",false,51.375065,6.178477,"material damage only","4","clear",false,1,"GM0983"
"20240092314",2024,"Uitsluitend materiele schade",1,"Fiets",\N,"Los voorwerp","Rechte weg",30,"Niet brandend","Daglicht","Droog",\N,"324165071","Geldropseweg","Eindhoven","Eindhoven","Noord-Brabant",false,51.432519,5.491747,"material damage only","4","clear",false,1,"GM0772"
"20240093053",2024,"Dodelijk",2,"Fiets","Fiets","Frontaal","Rechte weg",60,"Niet brandend","Daglicht","Droog",\N,"600158891","Heideven","Geldrop","Geldrop-Mierlo","Noord-Brabant",false,51.424968,5.586066,"fatal","1","clear",false,1,"GM1771"
"20240094095",2024,"Uitsluitend materiele schade",2,"Personenauto","Fiets","Kop/staart","Rechte weg",30,"Brandend","Duisternis","Droog",\N,\N,"Kleine Peperstraat","Groningen","Groningen","Groningen",false,53.217059,6.572168,"material damage only","4","clear",false,1,"GM0014"
"20240095027",2024,"Letsel",2,"Personenauto","Fiets","Flank","Kruispunt, 4 takken",50,"Niet brandend","Daglicht","Droog",\N,\N,"Borgweg","Uithuizen","Het Hogeland","Groningen",true,53.406656,6.681697,"injury","2","clear",false,1,"GM1966"
"20240096695",2024,"Letsel",2,"Fiets","Los voorwerp","Los voorwerp","Bocht",30,"Niet brandend","Daglicht","Droog",\N,"260309136","Kleermakerslaan","De Meern","Utrecht","Utrecht",false,52.080853,5.029904,"injury","2","clear",false,1,"GM0344"
"20240097572",2024,"Uitsluitend materiele schade",2,"Personenauto","Fiets","Onbekend","Kruispunt, 3 takken",30,"Niet brandend","Daglicht","Droog",\N,\N,"Dostojevskisingel","Amsterdam","Amsterdam","Noord-Holland",false,52.323814,4.947677,"material damage only","4","clear",false,1,"GM0363"
"20240041025",2024,"Letsel",1,"Fiets",\N,"Onbekend","Rechte weg",50,"Niet brandend","Daglicht","Droog",\N,"600510848","Helderseweg","Alkmaar","Alkmaar","Noord-Holland",false,52.647193,4.743321,"injury","2","clear",false,1,"GM0361"
"20240074514",2024,"Uitsluitend materiele schade",2,"Personenauto","Fiets","Flank","Rechte weg",30,"Brandend","Duisternis","Droog",\N,"281189011","Schoolstraat","Moergestel","Oisterwijk","Noord-Brabant",false,51.542134,5.181906,"material damage only","4","clear",false,1,"GM0824"
"20240076201",2024,"Letsel",2,"Fiets","Los voorwerp","Los voorwerp","Kruispunt, 4 takken",30,"Niet brandend","Daglicht","Droog",\N,\N,"De Hoge Esch","Gramsbergen","Hardenberg","Overijssel",false,52.606652,6.667676,"injury","2","clear",false,1,"GM0160"
"20240083524",2024,"Letsel",2,"Fiets","Voetganger","Voetganger","Rechte weg",30,"Niet brandend","Daglicht","Droog",\N,"600373897","Kapellestraat","Sluis","Sluis","Zeeland",false,51.308413,3.386439,"injury","2","clear",false,1,"GM1714"
"20240083546",2024,"Uitsluitend materiele schade",2,"Fiets","Overig vast object","Vast voorwerp","Rechte weg",50,"Niet brandend","Daglicht","Droog",\N,"600379780","Zevenhuisstraat","Zierikzee","Schouwen-Duiveland","Zeeland",false,51.647362,3.918577,"material damage only","4","clear",false,1,"GM1676"
"20240089393",2024,"Letsel",1,"Fiets",\N,"Onbekend","Rechte weg",60,"Niet brandend","Daglicht","Droog",\N,"194346041","Heereweg","Lisse","Lisse","Zuid-Holland",false,52.243471,4.539649,"injury","2","clear",false,1,"GM0553"
"20240091986",2024,"Letsel",2,"Personenauto","Fiets","Flank","Kruispunt, 3 takken",30,"Niet brandend","Daglicht","Droog",\N,\N,"Stoksestraat","Loosbroek","Bernheze","Noord-Brabant",false,51.680303,5.507764,"injury","2","clear",false,1,"GM1721"
"20240092569",2024,"Letsel",2,"Personenauto","Fiets","Flank","Kruispunt, 4 takken",50,"Niet brandend","Daglicht","Droog",\N,\N,"Huizingalaan","Eindhoven","Eindhoven","Noord-Brabant",false,51.474733,5.460091,"injury","2","clear",false,1,"GM0772"
"20240095076",2024,"Letsel",2,"Fiets","Fiets","Flank","Kruispunt, 3 takken",30,"Niet brandend","Daglicht","Droog",\N,\N,"Hoendiep","Groningen","Groningen","Groningen",false,53.214247,6.546344,"injury","2","clear",false,1,"GM0014"
"20240097922",2024,"Letsel",2,"Personenauto","Fiets","Flank","Rotonde",50,"Niet brandend","Daglicht","Droog",\N,\N,"Einsteinstraat","Hillegom","Hillegom","Zuid-Holland",false,52.289107,4.587903,"injury","2","clear",false,1,"GM0534"
"20240097937",2024,"Letsel",1,"e-bike",\N,"Onbekend","Rotonde",50,"Niet brandend","Daglicht","Droog",\N,\N,"Aziëlaan","Alphen aan den Rijn","Alphen aan den Rijn","Zuid-Holland",false,52.123994,4.655184,"injury","2","clear",false,1,"GM0484"
"20240046021",2024,"Uitsluitend materiele schade",1,"Fiets",\N,"Onbekend","Bocht",80,"Niet brandend","Daglicht","Droog",\N,"278264005","Lingedijk","Gellicum","West Betuwe","Gelderland",false,51.878913,5.159354,"material damage only","4","clear",false,1,"GM1960"
"20240070733",2024,"Letsel",3,"Personenauto","Fiets","Flank","Kruispunt, 4 takken",50,"Niet brandend","Daglicht","Droog",\N,\N,"Bergweg","Rotterdam","Rotterdam","Zuid-Holland",false,51.939134,4.479375,"injury","2","clear",false,1,"GM0599"
"20240074569",2024,"Letsel",2,"Personenauto","Fiets","Flank","Kruispunt, 4 takken",30,"Niet brandend","Daglicht","Droog",\N,\N,"Heideweg","Loon op Zand","Loon op Zand","Noord-Brabant",false,51.625552,5.062586,"injury","2","clear",false,1,"GM0809"
"20240078484",2024,"Letsel",2,"Fiets","Los voorwerp","Los voorwerp","Rechte weg",30,"Niet brandend","Daglicht","Droog",\N,"168308035","Aart van der Leeuwkade","Voorburg","Leidschendam-Voorburg","Zuid-Holland",false,52.072897,4.356062,"injury","2","clear",false,1,"GM1916"
"20240094179",2024,"Uitsluitend materiele schade",2,"Personenauto","Fiets","Flank","Kruispunt, 3 takken",50,"Niet brandend","Daglicht","Droog",\N,\N,"Valkstraat","Leeuwarden","Leeuwarden","Friesland",false,53.210128,5.788579,"material damage only","4","clear",false,1,"GM0080"
"20240070772",2024,"Letsel",2,"Personenauto","e-bike","Kop/staart","Rotonde",50,"Niet brandend","Daglicht","Droog",\N,\N,"Populierenlaan","Ridderkerk","Ridderkerk","Zuid-Holland",false,51.881235,4.594288,"injury","2","clear",false,1,"GM0597"
"20240070791",2024,"Letsel",2,"Personenauto","Fiets","Onbekend","Rotonde",50,"Niet brandend","Daglicht","Droog",\N,\N,"3e Barendrechtseweg","Barendrecht","Barendrecht","Zuid-Holland",false,51.844176,4.536221,"injury","2","clear",false,1,"GM0489"
"20240082965",2024,"Letsel",2,"Personenauto","Fiets","Flank",\N,70,"Brandend","Duisternis","Droog",\N,"600803108","Aalsterweg","Eindhoven","Eindhoven","Noord-Brabant",false,51.424327,5.485773,"injury","2","clear",false,1,"GM0772"
"20240086193",2024,"Uitsluitend materiele schade",2,"Personenauto","Fiets","Flank","Kruispunt, 3 takken",50,"Niet brandend","Daglicht","Droog",\N,\N,"Oostersingel","Medemblik","Medemblik","Noord-Holland",false,52.768583,5.109341,"material damage only","4","clear",false,1,"GM0420"
"20240086861",2024,"Letsel",2,"Bestelauto","Fiets","Flank","Kruispunt, 4 takken",80,"Niet brandend","Daglicht","Droog",\N,\N,"Eemdijk","Baarn","Baarn","Utrecht",true,52.226182,5.314063,"injury","2","clear",false,1,"GM0308"
"20240071486",2024,"Letsel",2,"Personenauto","Fiets","Flank","Rechte weg",30,"Niet brandend","Daglicht","Droog",\N,"600720321","Menno ter Braaklaan","Delft","Delft","Zuid-Holland",false,51.994516,4.354795,"injury","2","clear",false,1,"GM0503"
"20240073352",2024,"Uitsluitend materiele schade",2,"Fiets",\N,"Flank","Rechte weg",50,"Niet brandend","Daglicht","Droog",\N,"600833236","Kalkhofseweg","Haps","Land van Cuijk","Noord-Brabant",false,51.6947,5.860088,"material damage only","4","clear",false,1,"GM1982"
"20240077326",2024,"Letsel",1,"Fiets",\N,"Onbekend","Kruispunt, 4 takken",60,"Niet brandend","Daglicht","Droog",\N,\N,"Kromme Hogedijk","Egmond aan den Hoef","Bergen (NH)","Noord-Holland",false,52.612777,4.661184,"injury","2","clear",false,1,\N
"20240081713",2024,"Letsel",1,"Fiets",\N,"Eenzijdig","Rechte weg",50,"Brandend","Duisternis","Droog",\N,"601178678","Elandstraat","'s-Gravenhage","'s-Gravenhage","Zuid-Holland",false,52.080352,4.296521,"injury","2","clear",false,1,"GM0518"
"20240088197",2024,"Letsel",1,"Fiets",\N,"Onbekend","Rechte weg",30,"Niet brandend","Daglicht","Droog",\N,"600926137","van Heurnstraat","Voorburg","Leidschendam-Voorburg","Zuid-Holland",false,52.076916,4.342472,"injury","2","clear",false,1,"GM1916"
"20240090800",2024,"Uitsluitend materiele schade",2,"Bromfiets","Fiets","Flank","Kruispunt, 4 takken",50,"Brandend","Duisternis","Droog",\N,\N,"Bergweg","Rotterdam","Rotterdam","Zuid-Holland",false,51.933856,4.4738,"material damage only","4","clear",false,1,"GM0599"
"20240093509",2024,"Letsel",2,"Fiets","Voetganger","Voetganger","Rechte weg",50,"Niet brandend","Daglicht","Droog",\N,"472289067","Bronckhorststraat","Lichtenvoorde","Oost Gelre","Gelderland",false,51.98387,6.569748,"injury","2","clear",false,1,"GM1586"
"20240094266",2024,"Letsel",2,"Personenauto","Fiets","Frontaal","Kruispunt, 4 takken",60,"Niet brandend","Daglicht","Droog",\N,\N,"Molenkamp","De Groeve","Tynaarlo","Drenthe",false,53.115836,6.724917,"injury","2","clear",false,1,"GM1730"
"20240098312",2024,"Uitsluitend materiele schade",2,"Personenauto","Fiets","Onbekend","Bocht",50,"Niet brandend","Daglicht","Droog",\N,"600743301","Dillenburgstraat","Alphen aan den Rijn","Alphen aan den Rijn","Zuid-Holland",false,52.134396,4.652988,"material damage only","4","clear",false,1,"GM0484"
"20240098317",2024,"Letsel",2,"Bromfiets","Fiets","Flank","Rotonde",50,"Niet brandend","Daglicht","Droog",\N,\N,"Neckar","'s-Gravenhage","'s-Gravenhage","Zuid-Holland",false,52.068926,4.390036,"injury","2","clear",false,1,"GM0518"
"20240043274",2024,"Letsel",2,"Personenauto","Fiets","Onbekend","Rechte weg",50,"Niet brandend","Daglicht","Droog",\N,"601221873","Simon de Danserweg","Dordrecht","Dordrecht","Zuid-Holland",false,51.785784,4.648904,"injury","2","clear",false,1,"GM0505"
"20240049752",2024,"Uitsluitend materiele schade",2,"Snorfiets","Fiets","Frontaal","Rechte weg",30,"Niet brandend","Daglicht","Droog",\N,\N,"Vlamingstraat","Zoetermeer","Zoetermeer","Zuid-Holland",false,52.057665,4.492345,"material damage only","4","clear",false,1,"GM0637"
"20240090201",2024,"Letsel",2,"Personenauto","Fiets","Flank","Kruispunt, 4 takken",30,"Niet brandend","Daglicht","Droog",\N,\N,"Rivierenstraat","Berkel en Rodenrijs","Lansingerland","Zuid-Holland",false,51.997574,4.470331,"injury","2","clear",false,1,"GM1621"
"20240043320",2024,"Uitsluitend materiele schade",2,"Bestelauto","Fiets","Onbekend",\N,\N,\N,"Daglicht",\N,\N,"151306025","Denijsstraat","'s-Gravenhage","'s-Gravenhage","Zuid-Holland",false,52.060896,4.234644,"material damage only","4","unknown",false,1,"GM0518"
"20240050427",2024,"Letsel",1,"Fiets",\N,"Eenzijdig","Rechte weg",\N,"Niet brandend","Daglicht","Regen",\N,"230465010","Melle Komrijstraat","Schagen","Schagen","Noord-Holland",false,52.781438,4.7984,"injury","2","rain",false,1,"GM0441"
"20240081762",2024,"Letsel",1,"Fiets",\N,"Eenzijdig","Rechte weg",50,"Brandend","Duisternis","Droog",\N,"153308039","Daal en Bergselaan","'s-Gravenhage","'s-Gravenhage","Zuid-Holland",false,52.07245,4.251755,"injury","2","clear",false,1,"GM0518"
"20240094325",2024,"Letsel",2,"Personenauto","e-bike","Flank","Rotonde",50,"Niet brandend","Daglicht","Droog",\N,\N,"Hogelandsterweg","Delfzijl","Eemsdelta","Groningen",false,53.327006,6.908524,"injury","2","clear",false,1,"GM1979"
"20240096344",2024,"Uitsluitend materiele schade",2,"Snorfiets","Fiets","Flank","Rechte weg",\N,"Niet brandend","Daglicht","Droog",\N,"288374026","Lucille Ballstraat","Almere","Almere","Flevoland",false,52.372362,5.231497,"material damage only","4","clear",false,1,"GM0034"
"20240077460",2024,"Letsel",2,"Personenauto","Fiets","Flank","Kruispunt, 4 takken",50,"Niet brandend","Daglicht","Regen",\N,\N,"Bleekstraat","Utrecht","Utrecht","Utrecht",false,52.080291,5.121686,"injury","2","rain",false,1,"GM0344"
"20240084448",2024,"Uitsluitend materiele schade",2,"Snorfiets","Fiets","Onbekend","Rechte weg",30,"Niet brandend","Daglicht","Droog",\N,"600906818","Willemskade","Zwolle","Zwolle","Overijssel",false,52.508295,6.083805,"material damage only","4","clear",false,1,"GM0193"
"20240089618",2024,"Letsel",2,"Personenauto","Fiets","Flank","Bocht",50,"Niet brandend","Daglicht","Droog",\N,"600752302","Frieseweg","Alkmaar","Alkmaar","Noord-Holland",false,52.633036,4.754226,"injury","2","clear",false,1,"GM0361"
"20240089634",2024,"Letsel",1,"Fiets",\N,"Onbekend","Rechte weg",30,"Brandend","Duisternis","Droog",\N,"208379029","Paul Krugerstraat","Haarlem","Haarlem","Noord-Holland",false,52.392643,4.642185,"injury","2","clear",false,1,"GM0392"
"20240102479",2024,"Letsel",1,"Fiets",\N,"Onbekend","Rechte weg",30,"Brandend","Duisternis","Droog",\N,"399049108","Kremerslaan","Landgraaf","Landgraaf","Limburg",false,50.911502,6.022762,"injury","2","clear",false,1,"GM0882"
"20240102576",2024,"Uitsluitend materiele schade",2,"Personenauto","Fiets","Onbekend","Kruispunt, 3 takken",30,"Niet brandend","Daglicht","Droog",\N,\N,"Lichtenberg","Eindhoven","Eindhoven","Noord-Brabant",false,51.415999,5.446274,"material damage only","4","clear",false,1,"GM0772"
"20240102917",2024,"Uitsluitend materiele schade",2,"Personenauto","Fiets","Flank","Kruispunt, 3 takken",80,"Niet brandend","Daglicht","Droog",\N,\N,"Bredaseweg","Tilburg","Tilburg","Noord-Brabant",false,51.560701,5.023936,"material damage only","4","clear",false,1,"GM0855"
"20240103098",2024,"Letsel",2,"Personenauto","Fiets","Onbekend","Rechte weg",70,"Niet brandend","Daglicht","Droog",\N,"600520152","Merenweg","Wintelre","Eersel","Noord-Brabant",false,51.43509,5.317011,"injury","2","clear",false,1,"GM0770"
"20240103277",2024,"Letsel",2,"Personenauto","Fiets","Flank","Kruispunt, 4 takken",30,"Niet brandend","Daglicht","Droog",\N,\N,"Scharbergweg","Stein","Stein","Limburg",false,50.963462,5.757786,"injury","2","clear",false,1,\N
"20240045610",2024,"Uitsluitend materiele schade",2,"Personenauto","Fiets","Onbekend","Rotonde",50,"Brandend","Daglicht","Droog",\N,\N,"Burg. Van Houtstraat","Budel","Cranendonck","Noord-Brabant",false,51.277364,5.582164,"material damage only","4","clear",false,1,"GM1706"
"20240099019",2024,"Uitsluitend materiele schade",2,"Personenauto","Fiets","Onbekend","Kruispunt, 4 takken",30,"Niet brandend","Daglicht","Droog",\N,\N,"Ceintuurbaan","Amsterdam","Amsterdam","Noord-Holland",false,52.352234,4.886287,"material damage only","4","clear",false,1,"GM0363"
"20240043445",2024,"Uitsluitend materiele schade",2,"Personenauto","Fiets","Flank","Kruispunt, 4 takken",50,"Niet brandend","Daglicht","Droog",\N,\N,"Grote Visserijstraat","Rotterdam","Rotterdam","Zuid-Holland",false,51.911075,4.440391,"material damage only","4","clear",false,1,"GM0599"
"20240074187",2024,"Uitsluitend materiele schade",2,"Snorfiets","Fiets","Onbekend",\N,30,\N,"Daglicht",\N,\N,"600756149","Schijfstraat","Teteringen","Breda","Noord-Brabant",false,51.610755,4.822565,"material damage only","4","unknown",false,1,"GM0758"
"20240078182",2024,"Uitsluitend materiele schade",2,"Personenauto","Fiets","Flank","Rechte weg",50,"Niet brandend","Daglicht","Droog",\N,"301294058","Doornseweg","Langbroek","Wijk bij Duurstede","Utrecht",false,52.013034,5.328376,"material damage only","4","clear",false,1,"GM0352"
"20240087763",2024,"Letsel",2,"Personenauto","Fiets","Flank","Rotonde",50,"Niet brandend","Daglicht","Droog",\N,\N,"UTRECHTSESTRAATWEG","Leersum","Utrechtse Heuvelrug","Utrecht",false,52.001147,5.449813,"injury","2","clear",false,1,"GM1581"
"20240087768",2024,"Letsel",2,"Fiets","Fiets","Frontaal","Bocht",30,"Niet brandend","Daglicht","Droog",\N,"601179225","Harskamperweg","Otterlo","Ede","Gelderland",false,52.103345,5.771522,"injury","2","clear",false,1,"GM0228"
"20240095900",2024,"Uitsluitend materiele schade",2,\N,"e-bike","Flank","Kruispunt, 3 takken",\N,"Niet brandend","Daglicht","Regen",\N,\N,"Heijermansstraat","Zaandam","Zaanstad","Noord-Holland",false,52.447395,4.82781,"material damage only","4","rain",false,1,"GM0479"
"20240100005",2024,"Letsel",3,"Personenauto","Fiets","Onbekend","Rotonde",50,"Niet brandend","Daglicht","Droog",\N,\N,"Amnesty Internationalln","Hellevoetsluis","Voorne aan Zee","Zuid-Holland",false,51.83454,4.138088,"injury","2","clear",false,1,"GM1992"
"20240043458",2024,"Letsel",2,"Personenauto","Fiets","Geparkeerd voertuig","Rechte weg",30,"Niet brandend","Daglicht","Droog",\N,"601112993","Van Oosterzeestraat","Rotterdam","Rotterdam","Zuid-Holland",false,51.916585,4.448688,"injury","2","clear",false,1,"GM0599"
"20240071059",2024,"Uitsluitend materiele schade",1,"Fiets",\N,"Eenzijdig","Bocht",\N,"Niet brandend","Daglicht","Droog",\N,"196273121","Schönberglaan","Capelle aan den IJssel","Capelle aan den IJssel","Zuid-Holland",false,51.917988,4.564921,"material damage only","4","clear",false,1,"GM0502"
"20240075911",2024,"Letsel",2,"Personenauto","Fiets","Onbekend","Rechte weg",50,"Niet brandend","Daglicht","Droog",\N,"402450001","Beulakerweg","Giethoorn","Steenwijkerland","Overijssel",false,52.712906,6.07597,"injury","2","clear",false,1,"GM1708"
"20240089737",2024,"Uitsluitend materiele schade",2,"Fiets","Personenauto","Flank","Kruispunt, 3 takken",50,"Niet brandend","Daglicht","Droog",\N,\N,"Burgemeester Rauppstraat","Tilburg","Tilburg","Noord-Brabant",false,51.553014,5.062079,"material damage only","4","clear",false,1,"GM0855"