"accident_id","year","severity_raw","party_count","party1_type","party2_type","accident_type","road_situation","speed_limit_kmh","road_lighting","light_condition_label","weather_raw","infra_type","road_segment_id","street_name","place_name","gemeente_name_raw","province","alcohol_indicated","latitude","longitude","severity_label","severity_code","weather_label","built_up_area","cyclists_involved","gemeente_code"
"20240131845",2024,"Uitsluitend materiele schade",2,"Fiets","Bestelauto","Frontaal","Kruispunt, 4 takken",60,"Niet brandend","Daglicht","Droog",\N,\N,"Noorderweg","Oudesluis","Schagen","Noord-Holland",false,52.840192,4.803539,"material damage only","4","clear",false,1,"GM0441"
"20240132392",2024,"Letsel",2,"Fiets","Fiets","Onbekend","Rechte weg",30,"Brandend","Duisternis","Droog",\N,"206378013","Kinderhuissingel","Haarlem","Haarlem","Noord-Holland",false,52.387518,4.630775,"injury","2","clear",false,1,"GM0392"
"20230040102",2023,"Uitsluitend materiele schade",2,"Personenauto","e-bike","Kop/staart","Kruispunt, 4 takken",50,"Niet brandend","Daglicht","Droog",\N,\N,"Jan van Galenstraat","Amsterdam","Amsterdam","Noord-Holland",false,52.374672,4.858608,"material damage only","4","clear",false,1,"GM0363"
"20240131859",2024,"Letsel",2,"Fiets","Fiets","Onbekend",\N,\N,\N,"Daglicht",\N,\N,"205378033","Spoorwegstraat","Haarlem","Haarlem","Noord-Holland",false,52.387057,4.622158,"injury","2","unknown",false,1,"GM0392"
"20240132987",2024,"Letsel",1,"Fiets",\N,"Onbekend","Rechte weg",50,"Niet brandend","Daglicht","Droog",\N,"600930167","Tuinbouwweg","Leidschendam","Leidschendam-Voorburg","Zuid-Holland",false,52.098348,4.449322,"injury","2","clear",false,1,"GM1916"
"20240133000",2024,"Letsel",1,"Fiets",\N,"Onbekend",\N,30,\N,"Duisternis",\N,\N,"178297026","Meidoornlaan","Pijnacker","Pijnacker-Nootdorp","Zuid-Holland",false,52.022136,4.43214,"injury","2","unknown",false,1,"GM1926"
"20240133690",2024,"Letsel",2,"Personenauto","Fiets","Onbekend","Rechte weg",30,"Niet brandend","Daglicht","Droog",\N,"176337039","Piet Heinlaan","Katwijk","Katwijk","Zuid-Holland",false,52.201777,4.413149,"injury","2","clear",false,1,"GM0537"
"20240133426",2024,"Uitsluitend materiele schade",2,"Personenauto","Fiets","Onbekend","Kruispunt, 3 takken",30,"Niet brandend","Daglicht","Droog",\N,\N,"Graaf Adolfstraat","Zoetermeer","Zoetermeer","Zuid-Holland",false,52.050445,4.481978,"material damage only","4","clear",false,1,"GM0637"
"20230037840",2023,"Letsel",2,"Fiets","Personenauto","Geparkeerd voertuig","Rechte weg",50,"Niet brandend","Daglicht",\N,\N,"198348014","Lisserdijk","Lisserbroek","Haarlemmermeer","Noord-Holland",false,52.257654,4.569787,"injury","2","unknown",false,1,"GM0394"
"20230043649",2023,"Uitsluitend materiele schade",2,"Personenauto","Fiets","Onbekend","Kruispunt, 3 takken",80,"Niet brandend","Daglicht","Droog",\N,\N,"Aan de Heibloem","Heibloem","Leudal","Limburg",false,51.287158,5.890194,"material damage only","4","clear",false,1,"GM1640"
"20220010471",2022,"Dodelijk",2,"Personenauto","e-bike","Flank","Kruispunt, 4 takken",80,"Niet brandend","Daglicht","Droog",\N,\N,"Oud Blaricummerweg","Huizen","Huizen","Noord-Holland",false,52.277366,5.211086,"fatal","1","clear",false,1,"GM0406"
"20220216099",2022,"Dodelijk",2,"Personenauto","e-bike","Flank","Kruispunt, 4 takken",50,"Brandend","Schemer","Droog",\N,\N,"Schieweg","Delft","Delft","Zuid-Holland",false,51.99144,4.367666,"fatal","1","clear",false,1,"GM0503"
"20220207389",2022,"Letsel",2,"Fiets","Fiets","Onbekend","Rechte weg",80,"Niet brandend","Daglicht","Droog",\N,"600545516","Zeeweg","Overveen","Bloemendaal","Noord-Holland",false,52.393508,4.599241,"injury","2","clear",false,1,"GM0377"
"20220214490",2022,"Letsel",2,"Bromfiets","Fiets","Onbekend","Rechte weg",50,"Niet brandend","Duisternis","Droog",\N,"600903735","Lammenschansweg","Leiden","Leiden","Zuid-Holland",false,52.147126,4.491587,"injury","2","clear",false,1,"GM0546"
"20220232187",2022,"Uitsluitend materiele schade",1,"Fiets",\N,"Flank","Kruispunt, 3 takken",50,"Brandend","Duisternis","Droog",\N,\N,"Heierhoevenweg","Venlo","Venlo","Limburg",false,51.406057,6.100464,"material damage only","4","clear",false,1,"GM0983"
"20220207417",2022,"Letsel",2,"Fiets","Overig vast object","Vast voorwerp","Kruispunt, 4 takken",50,"Niet brandend","Daglicht","Droog",\N,\N,"De Strip","Blokker","Hoorn","Noord-Holland",false,52.663597,5.098775,"injury","2","clear",false,1,"GM0405"
"20220222394",2022,"Uitsluitend materiele schade",2,"Personenauto","Fiets","Frontaal","Kruispunt, 3 takken",30,"Niet brandend","Schemer","Droog",\N,\N,"Schiedamseweg Beneden","Rotterdam","Rotterdam","Zuid-Holland",false,51.914182,4.420932,"material damage only","4","clear",false,1,"GM0599"
"20220230686",2022,"Uitsluitend materiele schade",2,"Personenauto","Fiets","Flank","Kruispunt, 3 takken",50,"Niet brandend","Daglicht","Droog",\N,\N,"Hertenerweg","Roermond","Roermond","Limburg",false,51.184534,5.971824,"material damage only","4","clear",false,1,"GM0957"
"20220068302",2022,"Dodelijk",2,"Personenauto","Fiets","Flank","Kruispunt, 4 takken",30,"Niet brandend","Daglicht","Droog",\N,"310163127","Dommelshei","Veldhoven","Veldhoven","Noord-Brabant",false,51.426965,5.392866,"fatal","1","clear",false,1,"GM0861"
"20220215280",2022,"Uitsluitend materiele schade",2,"Fiets","Fiets","Flank","Rotonde",\N,"Brandend","Schemer","Droog",\N,\N,"V Zuylen van Nijeveltstr","Wassenaar","Wassenaar","Zuid-Holland",false,52.142936,4.40137,"material damage only","4","clear",false,1,"GM0629"
"20220217438",2022,"Uitsluitend materiele schade",1,"e-bike",\N,"Frontaal","Kruispunt, 4 takken",\N,"Niet brandend","Daglicht","Droog",\N,\N,"Escamplaan","'s-Gravenhage","'s-Gravenhage","Zuid-Holland",false,52.065433,4.278989,"material damage only","4","clear",false,1,"GM0518"
"20221227210",2022,"Letsel",2,"e-bike","Voetganger","Voetganger","Rechte weg",50,"Brandend","Duisternis",\N,\N,"600715253","Fahrenheitstraat","'s-Gravenhage","'s-Gravenhage","Zuid-Holland",false,52.071912,4.276393,"injury","2","unknown",false,1,"GM0518"
"20220205481",2022,"Uitsluitend materiele schade",2,"Personenauto","Fiets","Onbekend","Rechte weg",30,"Niet brandend","Daglicht","Regen",\N,"275308026","Koningsweg","Utrecht","Utrecht","Utrecht",false,52.07718,5.133281,"material damage only","4","rain",false,1,"GM0344"
"20220207539",2022,"Uitsluitend materiele schade",2,"Fiets","Personenauto","Flank","Kruispunt, 4 takken",50,"Niet brandend","Daglicht","Droog",\N,\N,"Zesstedenweg","Scharwoude","Koggenland","Noord-Holland",false,52.621481,5.007625,"material damage only","4","clear",false,1,"GM1598"
"20220213757",2022,"Letsel",1,"Fiets",\N,"Eenzijdig",\N,\N,\N,"Daglicht",\N,\N,"146304002","Strand Zuid","'s-Gravenhage","'s-Gravenhage","Zuid-Holland",false,52.075688,4.227532,"injury","2","unknown",false,1,"GM0518"
"20220221809",2022,"Uitsluitend materiele schade",2,"Personenauto","Fiets","Flank","Kruispunt, 4 takken",30,"Niet brandend","Daglicht","Droog",\N,\N,"Tolweg","Hellevoetsluis","Voorne aan Zee","Zuid-Holland",false,51.835313,4.145362,"material damage only","4","clear",false,1,"GM1992"
"20220225457",2022,"Uitsluitend materiele schade",2,"Personenauto","Fiets","Frontaal","Kruispunt, 3 takken",80,"Niet brandend","Daglicht","Regen",\N,\N,"Heuvelsweg","Zierikzee","Schouwen-Duiveland","Zeeland",false,51.66508,3.924883,"material damage only","4","rain",false,1,"GM1676"
"20220203336",2022,"Uitsluitend materiele schade",2,"Personenauto","Fiets","Flank","Kruispunt, 3 takken",50,"Niet brandend","Daglicht","Droog",\N,\N,"Utrechtsestraatweg","Woerden","Woerden","Utrecht",false,52.086848,4.891484,"material damage only","4","clear",false,1,"GM0632"
"20220205530",2022,"Uitsluitend materiele schade",2,"Bus","Fiets","Frontaal","Kruispunt, 4 takken",50,"Niet aanwezig","Daglicht","Droog",\N,\N,"Simplonbaan","Utrecht","Utrecht","Utrecht",false,52.063478,5.132213,"material damage only","4","clear",false,1,"GM0344"
"20220206683",2022,"Uitsluitend materiele schade",2,"Personenauto","Fiets","Flank","Kruispunt, 4 takken",50,"Niet brandend","Daglicht","Droog",\N,\N,"de Fok","Schagen","Schagen","Noord-Holland",false,52.791448,4.784249,"material damage only","4","clear",false,1,"GM0441"
"20220217519",2022,"Letsel",2,"Fiets","Scootmobiel","Flank","Rechte weg",\N,"Niet brandend","Daglicht","Droog",\N,"601014567","Hector Berliozstraat","'s-Gravenhage","'s-Gravenhage","Zuid-Holland",false,52.056985,4.24244,"injury","2","clear",false,1,"GM0518"
"20220229054",2022,"Letsel",3,"Personenauto","Fiets","Onbekend","Kruispunt, 4 takken",50,"Niet brandend","Daglicht","Droog",\N,\N,"Jan Smitzlaan","Eindhoven","Eindhoven","Noord-Brabant",false,51.431603,5.479633,"injury","2","clear",false,1,"GM0772"
"20220229063",2022,"Letsel",2,"Personenauto","e-bike","Flank","Rotonde",30,"Niet brandend","Daglicht","Droog",\N,\N,"Sesterlaan","Uden","Maashorst","Noord-Brabant",false,51.645286,5.622061,"injury","2","clear",false,1,"GM1991"
"20220204083",2022,"Uitsluitend materiele schade",2,"Personenauto","Fiets","Flank","Kruispunt, 3 takken",\N,"Niet brandend","Daglicht","Droog",\N,\N,"Musicalkade","Utrecht","Utrecht","Utrecht",false,52.102536,5.043092,"material damage only","4","clear",false,1,"GM0344"
"20220209224",2022,"Letsel",2,"Fiets","Personenauto","Flank","Kruispunt, 4 takken",50,"Brandend","Schemer","Droog",\N,\N,"Poortwachter","Hoorn","Hoorn","Noord-Holland",false,52.655822,5.052006,"injury","2","clear",false,1,"GM0405"
"20220210367",2022,"Letsel",2,"Bestelauto","Fiets","Flank","Kruispunt, 3 takken",50,"Niet brandend","Daglicht","Droog",\N,\N,"Overschiestraat","Amsterdam","Amsterdam","Noord-Holland",false,52.344303,4.839534,"injury","2","clear",false,1,"GM0363"
"20220210372",2022,"Letsel",2,"Fiets","Personenauto","Flank","Kruispunt, 3 takken",50,"Niet brandend","Daglicht","Regen",\N,\N,"Van Baerlestraat","Amsterdam","Amsterdam","Noord-Holland",false,52.354771,4.880877,"injury","2","rain",false,1,"GM0363"
"20220216888",2022,"Letsel",1,"Fiets",\N,"Eenzijdig","Rechte weg",30,"Brandend","Duisternis","Regen",\N,"210304009","Staringlaan","Waddinxveen","Waddinxveen","Zuid-Holland",false,52.057204,4.660392,"injury","2","rain",false,1,"GM0627"
"20220229115",2022,"Letsel",2,"e-bike","Fiets","Flank","Rechte weg",50,"Niet brandend","Daglicht","Droog",\N,"355153049","Kerkstraat","Someren","Someren","Noord-Brabant",false,51.381011,5.713491,"injury","2","clear",false,1,"GM0847"
"20220214777",2022,"Letsel",3,"Personenauto","Fiets","Kop/staart","Rechte weg",30,"Niet brandend","Daglicht","Droog",\N,"161310037","Prinsestraat","'s-Gravenhage","'s-Gravenhage","Zuid-Holland",false,52.079166,4.305135,"injury","2","clear",false,1,"GM0518"
"20220215454",2022,"Letsel",2,"Personenauto","Fiets","Flank","Kruispunt, 4 takken",50,"Brandend","Duisternis","Droog",\N,\N,"Schipholweg","Leiden","Leiden","Zuid-Holland",false,52.168212,4.486356,"injury","2","clear",false,1,"GM0546"
"20220216228",2022,"Uitsluitend materiele schade",2,"Bromfiets","Fiets","Flank","Kruispunt, 4 takken",50,"Niet brandend","Daglicht","Droog",\N,\N,"Darwinweg","Leiden","Leiden","Zuid-Holland",false,52.165499,4.473861,"material damage only","4","clear",false,1,"GM0546"
"20220221923",2022,"Uitsluitend materiele schade",2,"Personenauto","Fiets","Flank","Rotonde",50,"Brandend","Duisternis","Droog",\N,\N,"Heemraadssingel","Rotterdam","Rotterdam","Zuid-Holland",false,51.921126,4.455036,"material damage only","4","clear",false,1,"GM0599"
"20220222598",2022,"Letsel",2,"Bromfiets","Fiets","Onbekend","Kruispunt, 4 takken",\N,"Niet brandend","Daglicht","Droog",\N,\N,"KONINGINNEBRUG","Rotterdam","Rotterdam","Zuid-Holland",false,51.91342,4.497072,"injury","2","clear",false,1,"GM0599"
"20220227583",2022,"Letsel",1,"Fiets",\N,"Eenzijdig","Kruispunt, 3 takken",\N,"Niet brandend","Daglicht","Droog",\N,\N,"Vughterweg","'s-Hertogenbosch","'s-Hertogenbosch","Noord-Brabant",false,51.682821,5.294008,"injury","2","clear",false,1,"GM0796"
"20220204202",2022,"Letsel",2,"Personenauto","Fiets","Onbekend","Rechte weg",50,\N,"Daglicht","Droog",\N,"600595386","Amsterdamsestraatweg","Utrecht","Utrecht","Utrecht",false,52.09836,5.103892,"injury","2","clear",false,1,"GM0344"
"20220216274",2022,"Letsel",2,"Bromfiets","e-bike","Frontaal","Rechte weg",50,"Niet brandend","Daglicht","Droog","Tunnel",\N,"Rijksstraatweg","Delft","Delft","Zuid-Holland",false,52.006595,4.384159,"injury","2","clear",false,1,"GM0503"
"20220218960",2022,"Letsel",2,"Personenauto","Fiets","Flank","Kruispunt, 4 takken",50,"Niet brandend","Daglicht","Droog",\N,\N,"Kethelweg","Vlaardingen","Vlaardingen","Zuid-Holland",false,51.923404,4.363226,"injury","2","clear",false,1,"GM0622"
"20220226455",2022,"Uitsluitend materiele schade",2,"Fiets","Personenauto","Flank","Rotonde",\N,"Brandend","Duisternis","Droog",\N,\N,"FIETSPAD","Waalwijk","Waalwijk","Noord-Brabant",false,51.691518,5.086397,"material damage only","4","clear",false,1,"GM0867"
"20220204986",2022,"Uitsluitend materiele schade",2,"Bromfiets","Fiets","Onbekend","Rechte weg",30,"Brandend","Duisternis","Regen",\N,"281379061","Boelijn","Almere","Almere","Flevoland",false,52.394051,5.17631,"material damage only","4","rain",false,1,"GM0034"
"20220211257",2022,"Uitsluitend materiele schade",2,"Personenauto","e-bike","Flank","Kruispunt, 3 takken",50,"Niet brandend","Daglicht","Droog",\N,\N,"Dollardpad","Amsterdam","Amsterdam","Noord-Holland",false,52.398658,4.940747,"material damage only","4","clear",false,1,"GM0363"
"20220216990",2022,"Letsel",2,"Personenauto","Fiets","Flank","Rotonde",50,"Niet brandend","Daglicht","Mist",\N,\N,"Steijnlaan","'s-Gravenhage","'s-Gravenhage","Zuid-Holland",false,52.067591,4.287314,"injury","2","fog",false,1,"GM0518"
"20220217680",2022,"Uitsluitend materiele schade",2,"Personenauto","Fiets","Flank","Kruispunt, 3 takken",50,"Brandend","Duisternis","Droog",\N,\N,"Dr. J.M. den Uylsingel","Alphen aan den Rijn","Alphen aan den Rijn","Zuid-Holland",false,52.12971,4.650723,"material damage only","4","clear",false,1,"GM0484"
"20220221314",2022,"Uitsluitend materiele schade",3,"Personenauto","e-bike","Onbekend","Rechte weg",50,"Brandend","Duisternis","Droog",\N,"188268072","Lange Hilleweg","Rotterdam","Rotterdam","Zuid-Holland",false,51.894918,4.505633,"material damage only","4","clear",false,1,"GM0599"
"20220222038",2022,"Uitsluitend materiele schade",2,"Fiets","Personenauto","Flank","Kruispunt, 4 takken",50,"Brandend","Schemer","Droog",\N,\N,"Sluiskreek","Rotterdam","Rotterdam","Zuid-Holland",false,51.884538,4.536968,"material damage only","4","clear",false,1,"GM0599"
"20220226533",2022,"Uitsluitend materiele schade",2,"Vrachtauto","Fiets","Flank","Kruispunt, 3 takken",60,"Niet brandend","Daglicht","Droog",\N,\N,"Klein Zwitserland","Gilze","Gilze en Rijen","Noord-Brabant",false,51.550291,4.921903,"material damage only","4","clear",false,1,"GM0784"
"20220199993",2022,"Uitsluitend materiele schade",2,"Personenauto","Fiets","Onbekend","Kruispunt, 4 takken",50,"Niet brandend","Daglicht","Droog",\N,\N,"Kwakkenbergweg","Nijmegen","Nijmegen","Gelderland",false,51.830158,5.885119,"material damage only","4","clear",false,1,"GM0268"
"20220200668",2022,"Uitsluitend materiele schade",2,"Personenauto","Fiets","Flank","Kruispunt, 4 takken",30,"Niet brandend","Daglicht","Droog",\N,\N,"Spechtlaan","Ede","Ede","Gelderland",false,52.03971,5.658892,"material damage only","4","clear",false,1,"GM0228"
"20220207832",2022,"Uitsluitend materiele schade",2,"Bestelauto","Fiets","Frontaal","Rechte weg",50,"Niet brandend","Daglicht","Droog",\N,"217356031","Taurusavenue","Hoofddorp","Haarlemmermeer","Noord-Holland",false,52.289332,4.705039,"material damage only","4","clear",false,1,"GM0394"
"20220211955",2022,"Uitsluitend materiele schade",3,"Personenauto","Fiets","Onbekend","Kruispunt, 4 takken",30,"Niet brandend","Schemer","Regen",\N,\N,"Sportlaan","Diemen","Diemen","Noord-Holland",false,52.334546,4.976759,"material damage only","4","rain",false,1,"GM0384"
"20220217050",2022,"Letsel",2,"Personenauto","Fiets","Flank","Rechte weg",30,"Niet brandend","Daglicht",\N,\N,\N,"van de Mortelstraat","Noordwijk","Noordwijk","Zuid-Holland",false,52.240996,4.446315,"injury","2","unknown",false,1,"GM0575"
"20220222714",2022,"Letsel",2,"Bromfiets","Fiets","Flank","Kruispunt, 4 takken",\N,"Niet brandend","Daglicht","Droog",\N,\N,"Maasboulevard","Rotterdam","Rotterdam","Zuid-Holland",false,51.91858,4.493945,"injury","2","clear",false,1,"GM0599"
"20220227758",2022,"Letsel",1,"Fiets",\N,"Eenzijdig","Rechte weg",50,"Niet brandend","Daglicht","Droog",\N,"601020834","Populierlaan","Veghel","Meierijstad","Noord-Brabant",false,51.618985,5.551248,"injury","2","clear",false,1,"GM1948"
"20220229251",2022,"Letsel",2,"Personenauto","Fiets","Flank","Kruispunt, 4 takken",30,"Niet brandend","Daglicht","Droog",\N,\N,"Dutmalapad","Eindhoven","Eindhoven","Noord-Brabant",false,51.449709,5.48569,"injury","2","clear",false,1,"GM0772"
"20220231109",2022,"Uitsluitend materiele schade",2,"Personenauto","Fiets","Flank","Kruispunt, 3 takken",30,"Niet brandend","Daglicht","Droog",\N,\N,"Prinsbisdomstraat","Weert","Weert","Limburg",false,51.252966,5.722766,"material damage only","4","clear",false,1,"GM0988"
"20220202800",2022,"Uitsluitend materiele schade",2,"Bestelauto","e-bike","Flank","Kruispunt, 3 takken",30,"Niet brandend","Daglicht","Droog",\N,\N,"Amaliastein","Vianen","Vijfheerenlanden","Utrecht",false,51.985272,5.070446,"material damage only","4","clear",false,1,"GM1961"
"20220159382",2022,"Dodelijk",2,"e-bike","Overig wegmeubilair","Vast voorwerp","Rechte weg",30,"Niet brandend","Daglicht","Droog",\N,"241179006","Flaasdijk","Chaam","Alphen-Chaam","Noord-Brabant",false,51.495184,4.897106,"fatal","1","clear",false,1,"GM1723"
"20220161296",2022,"Dodelijk",2,"Fiets","Fiets","Frontaal","Bocht",60,"Niet brandend","Daglicht","Droog",\N,"600526898","Reinerswei","Grou","Leeuwarden","Friesland",false,53.08634,5.8082,"fatal","1","clear",false,1,"GM0080"
"20220219156",2022,"Letsel",2,"Personenauto","Fiets","Onbekend","Rotonde",50,"Niet brandend","Daglicht","Droog",\N,\N,"Heemraadlaan","Spijkenisse","Nissewaard","Zuid-Holland",false,51.838373,4.337258,"injury","2","clear",false,1,"GM1930"
"20220222090",2022,"Letsel",1,"Fiets",\N,"Eenzijdig",\N,50,\N,"Daglicht",\N,\N,"600724722","West-Sidelinge","Rotterdam","Rotterdam","Zuid-Holland",false,51.931738,4.436923,"injury","2","unknown",false,1,"GM0599"
"20220200101",2022,"Letsel",2,"Personenauto","Fiets","Flank","Kruispunt, 3 takken",50,"Niet brandend","Daglicht","Regen",\N,\N,"Haaksbergerstraat","Enschede","Enschede","Overijssel",false,52.206651,6.866918,"injury","2","rain",false,1,"GM0153"
"20220203637",2022,"Letsel",3,"Vrachtauto","Fiets","Eenzijdig","Kruispunt, 4 takken",30,"Niet brandend","Duisternis","Regen",\N,\N,"Amsterdamsestraatweg","Utrecht","Utrecht","Utrecht",false,52.104548,5.093509,"injury","2","rain",false,1,"GM0344"
"20220208758",2022,"Uitsluitend materiele schade",3,"Personenauto","Fiets","Los voorwerp","Kruispunt, 4 takken",30,"Niet brandend","Daglicht","Droog",\N,\N,"Leeghwaterweg","Zaandam","Zaanstad","Noord-Holland",false,52.472875,4.821739,"material damage only","4","clear",false,1,"GM0479"
"20220210664",2022,"Uitsluitend materiele schade",2,"Personenauto","Fiets","Onbekend","Kruispunt, 4 takken",50,"Niet brandend","Schemer","Droog",\N,\N,"Ceintuurbaan","Amsterdam","Amsterdam","Noord-Holland",false,52.35603,4.904895,"material damage only","4","clear",false,1,"GM0363"
"20220216509",2022,"Uitsluitend materiele schade",2,"Personenauto","e-bike","Flank","Rechte weg",50,"Niet brandend","Daglicht","Droog",\N,"600714111","Zichtenburglaan","'s-Gravenhage","'s-Gravenhage","Zuid-Holland",false,52.046173,4.252899,"material damage only","4","clear",false,1,"GM0518"
"20220222886",2022,"Letsel",2,"Fiets","Personenauto","Flank","Rotonde",50,"Niet brandend","Daglicht","Droog",\N,\N,"Raadhuislaan","Spijkenisse","Nissewaard","Zuid-Holland",false,51.848853,4.330847,"injury","2","clear",false,1,"GM1930"
"20220224187",2022,"Letsel",2,"Fiets","Voetganger","Voetganger","Rechte weg",30,"Brandend","Duisternis","Droog",\N,\N,"Beestenmarkt","Goes","Goes","Zeeland",false,51.505085,3.887351,"injury","2","clear",false,1,"GM0664"
"20220206474",2022,"Letsel",2,"Fiets","Overig wegmeubilair","Vast voorwerp","Rechte weg",50,"Brandend","Duisternis","Droog",\N,"600767998","Purmerenderweg","Purmerend","Purmerend","Noord-Holland",false,52.502051,4.970109,"injury","2","clear",false,1,"GM0439"
"20220210750",2022,"Uitsluitend materiele schade",2,"Motor","Fiets","Flank","Rechte weg",50,"Niet brandend","Daglicht","Droog",\N,"240368040","Beethovenstraat","Amsterdam","Amsterdam","Noord-Holland",false,52.343391,4.877112,"material damage only","4","clear",false,1,"GM0363"
"20220216532",2022,"Uitsluitend materiele schade",2,"Personenauto","Fiets","Flank","Kruispunt, 4 takken",30,"Niet brandend","Daglicht","Droog",\N,\N,"Boshuizerkade","Leiden","Leiden","Zuid-Holland",false,52.155349,4.474892,"material damage only","4","clear",false,1,"GM0546"
"20220216540",2022,"Letsel",2,"Bromfiets","Fiets","Flank","Kruispunt, 4 takken",15,"Niet brandend","Daglicht","Droog",\N,\N,"A. Petersweg","'s-Gravenhage","'s-Gravenhage","Zuid-Holland",false,52.050722,4.238537,"injury","2","clear",false,1,"GM0518"
"20220231289",2022,"Uitsluitend materiele schade",2,"Bromfiets","e-bike","Flank","Kruispunt, 3 takken",30,"Niet brandend","Daglicht","Droog",\N,\N,"De Donckstraat","Sevenum","Horst aan de Maas","Limburg",false,51.415421,6.034065,"material damage only","4","clear",false,1,"GM1507"
"20220203779",2022,"Uitsluitend materiele schade",2,"Personenauto","e-bike","Flank","Kruispunt, 4 takken",50,"Niet brandend","Daglicht","Droog",\N,\N,"Zangvogelweg","Amersfoort","Amersfoort","Utrecht",false,52.160981,5.407091,"material damage only","4","clear",false,1,"GM0307"
"20220212176",2022,"Uitsluitend materiele schade",2,"Personenauto","Fiets","Flank","Kruispunt, 4 takken",50,"Niet brandend","Daglicht","Regen",\N,\N,"De Clercqstraat","Amsterdam","Amsterdam","Noord-Holland",false,52.369996,4.86632,"material damage only","4","rain",false,1,"GM0363"
"20220217951",2022,"Letsel",2,"Personenauto","Fiets","Flank","Rechte weg",50,"Brandend","Schemer","Droog",\N,"157315085","Duinstraat","'s-Gravenhage","'s-Gravenhage","Zuid-Holland",false,52.101622,4.275972,"injury","2","clear",false,1,"GM0518"
"20220221615",2022,"Letsel",3,"Personenauto","Fiets","Onbekend","Rechte weg",80,"Brandend","Duisternis","Droog",\N,"177268030","Droogdokweg","Rotterdam","Rotterdam","Zuid-Holland",false,51.891451,4.42582,"injury","2","clear",false,1,"GM0599"
"20240135839",2024,"Letsel",2,"Personenauto","Fiets","Flank","Kruispunt, 4 takken",50,"Brandend","Daglicht","Regen",\N,\N,"Drievriendenstraat","Rotterdam","Rotterdam","Zuid-Holland",false,51.920125,4.467003,"injury","2","rain",false,1,"GM0599"
"20240139740",2024,"Letsel",2,"Fiets","Bestelauto","Flank","Kruispunt, 4 takken",30,"Niet brandend","Daglicht","Regen",\N,\N,"Hoofdstraat","Grootegast","Westerkwartier","Groningen",false,53.212754,6.270306,"injury","2","rain",false,1,"GM1969"
"20240134022",2024,"Letsel",1,"Fiets",\N,"Onbekend","Rechte weg",30,"Brandend","Duisternis","Droog",\N,"158311030","Hollanderstraat","'s-Gravenhage","'s-Gravenhage","Zuid-Holland",false,52.084032,4.281965,"injury","2","clear",false,1,"GM0518"
"20240135288",2024,"Letsel",2,"Personenauto","Fiets","Onbekend","Kruispunt, 4 takken",50,"Brandend","Duisternis","Droog",\N,\N,"ZAAGMOLENBRUG","Rotterdam","Rotterdam","Zuid-Holland",false,51.933338,4.488607,"injury","2","clear",false,1,"GM0599"
"20240144403",2024,"Letsel",2,"Fiets","Personenauto","Flank","Kruispunt, 4 takken",50,"Niet brandend","Daglicht","Droog",\N,\N,"Mr G G v Prinstererln","Amstelveen","Amstelveen","Noord-Holland",false,52.305029,4.864974,"injury","2","clear",false,1,"GM0362"
"20240135327",2024,"Letsel",2,"Personenauto","Fiets","Geparkeerd voertuig","Rechte weg",30,"Niet brandend","Daglicht","Droog",\N,"600113702","Krommeweg","Hendrik-Ido-Ambacht","Hendrik-Ido-Ambacht","Zuid-Holland",false,51.834522,4.637608,"injury","2","clear",false,1,"GM0531"
"20240143856",2024,"Letsel",2,"Fiets","Fiets","Onbekend","Rechte weg",50,"Niet brandend","Daglicht","Droog",\N,"162310202","Parkstraat","'s-Gravenhage","'s-Gravenhage","Zuid-Holland",false,52.082551,4.308623,"injury","2","clear",false,1,"GM0518"
"20240140571",2024,"Letsel",2,"Bromfiets","Fiets","Flank","Rechte weg",30,"Brandend","Duisternis","Droog",\N,"600586225","Winthontlaan","Utrecht","Utrecht","Utrecht",false,52.056608,5.109161,"injury","2","clear",false,1,"GM0344"
"20240150797",2024,"Letsel",1,"Fiets",\N,"Onbekend","Rechte weg",50,"Niet brandend","Daglicht","Droog",\N,"600921915","Enschedesestraat","Hengelo","Hengelo (O)","Overijssel",false,52.255263,6.81433,"injury","2","clear",false,1,\N
"20240150815",2024,"Letsel",1,"Fiets",\N,"Onbekend",\N,\N,\N,"Daglicht",\N,\N,"601121893","Haverveld","Veenendaal","Veenendaal","Utrecht",false,52.031325,5.572986,"injury","2","unknown",false,1,"GM0345"
"20240137282",2024,"Letsel",2,"Fiets","Voetganger","Voetganger","Rechte weg",60,"Niet brandend","Daglicht","Droog",\N,"225191002","Galderseweg","Breda","Breda","Noord-Brabant",false,51.554639,4.780538,"injury","2","clear",false,1,"GM0758"
"20240151562",2024,"Letsel",2,"Personenauto","Fiets","Onbekend","Kruispunt, 4 takken",30,"Brandend","Duisternis","Mist","Bus-/Tramhalte",\N,"Pasteurstraat","Hengelo","Hengelo (O)","Overijssel",false,52.26913,6.769859,"injury","2","fog",false,1,\N
"20240134803",2024,"Uitsluitend materiele schade",2,"Personenauto","Fiets","Onbekend","Kruispunt, 4 takken",50,"Niet brandend","Daglicht","Droog",\N,\N,"Westblaak","Rotterdam","Rotterdam","Zuid-Holland",false,51.916209,4.473983,"material damage only","4","clear",false,1,"GM0599"
"20240135444",2024,"Letsel",2,"Fiets","Fiets","Onbekend",\N,30,\N,"Daglicht",\N,\N,"131166021","Westweg","Krabbendijke","Reimerswaal","Zeeland",false,51.432638,4.104276,"injury","2","unknown",false,1,"GM0703"
"20240144557",2024,"Letsel",5,"Fiets","Fiets","Frontaal","Rechte weg",80,"Niet brandend","Duisternis","Droog",\N,"56193001","Oostkapelseweg","Grijpskerke","Veere","Zeeland",true,51.547962,3.562068,"injury","2","clear",false,1,"GM0717"