"accident_id","year","severity_raw","party_count","party1_type","party2_type","accident_type","road_situation","speed_limit_kmh","road_lighting","light_condition_label","weather_raw","infra_type","road_segment_id","street_name","place_name","gemeente_name_raw","province","alcohol_indicated","latitude","longitude","severity_label","severity_code","weather_label","built_up_area","cyclists_involved","gemeente_code"
"20240151356",2024,"Letsel",2,"Personenauto","Fiets","Flank","Kruispunt, 4 takken",30,"Niet brandend","Daglicht","Droog",\N,\N,"Parkzichtlaan","Utrecht","Utrecht","Utrecht",false,52.093545,5.037977,"injury","2","clear",false,1,"GM0344"
"20240134844",2024,"Letsel",1,"Fiets",\N,"Onbekend",\N,30,\N,"Daglicht",\N,\N,\N,"Nicolaas van Puttenstr","Goudswaard","Hoeksche Waard","Zuid-Holland",false,51.793693,4.2804,"injury","2","unknown",false,1,"GM1963"
"20240134878",2024,"Letsel",1,"Fiets",\N,"Eenzijdig","Rechte weg",50,\N,"Daglicht",\N,\N,"136256020","Moriaanseweg West","Hellevoetsluis","Voorne aan Zee","Zuid-Holland",false,51.838183,4.129504,"injury","2","unknown",false,1,"GM1992"
"20240141638",2024,"Uitsluitend materiele schade",2,"Personenauto","Fiets","Flank","Kruispunt, 4 takken",50,"Niet brandend","Daglicht","Droog",\N,\N,"Looiersplein","Purmerend","Purmerend","Noord-Holland",false,52.508102,4.951505,"material damage only","4","clear",false,1,"GM0439"
"20240144626",2024,"Uitsluitend materiele schade",2,"Bestelauto","Fiets","Onbekend","Kruispunt, 4 takken",30,"Niet brandend","Daglicht","Droog",\N,\N,"Groenweegje","Schiedam","Schiedam","Zuid-Holland",false,51.919467,4.397667,"material damage only","4","clear",false,1,"GM0606"
"20240147931",2024,"Uitsluitend materiele schade",2,"Fiets","Personenauto","Flank","Rotonde",50,"Niet brandend","Daglicht","Droog",\N,\N,"Prelaat van Dinterstraat","Gemert","Gemert-Bakel","Noord-Brabant",false,51.560504,5.694654,"material damage only","4","clear",false,1,"GM1652"
"20240145210",2024,"Letsel",1,"Fiets",\N,"Onbekend",\N,\N,\N,"Daglicht",\N,\N,"600718717","Watersportweg","Vlaardingen","Vlaardingen","Zuid-Holland",false,51.923373,4.33799,"injury","2","unknown",false,1,"GM0622"
"20240138087",2024,"Letsel",2,"Personenauto","Fiets","Flank","Rechte weg",50,\N,"Daglicht","Droog",\N,"513339045","Wethouder Beversstraat","Enschede","Enschede","Overijssel",false,52.206867,6.878037,"injury","2","clear",false,1,"GM0153"
"20240145819",2024,"Letsel",2,"Personenauto","Fiets","Onbekend",\N,50,\N,"Duisternis",\N,\N,\N,"Boezemweg","Rotterdam","Rotterdam","Zuid-Holland",false,51.928697,4.496773,"injury","2","unknown",false,1,"GM0599"
"20240136207",2024,"Letsel",2,"Fiets","Overig vast object","Vast voorwerp","Rotonde",30,"Brandend","Duisternis","Droog",\N,\N,"FIETSPAD","Gorinchem","Gorinchem","Zuid-Holland",false,51.835618,4.977012,"injury","2","clear",false,1,"GM0512"
"20240142561",2024,"Letsel",3,"Personenauto","Fiets","Flank","Kruispunt, 4 takken",50,"Brandend","Schemer","Sneeuw/Hagel",\N,\N,"Europaweg","Haarlem","Haarlem","Noord-Holland",false,52.36763,4.648236,"injury","2","unknown",false,1,"GM0392"
"20240146087",2024,"Letsel",2,"Personenauto","Fiets","Frontaal","Kruispunt, 3 takken",50,"Brandend","Schemer","Droog",\N,\N,"Haagseveer","Rotterdam","Rotterdam","Zuid-Holland",false,51.9243,4.480131,"injury","2","clear",false,1,"GM0599"
"20240136249",2024,"Uitsluitend materiele schade",2,"Personenauto","Fiets","Onbekend","Rotonde",50,"Niet brandend","Daglicht","Droog",\N,\N,"Verlengde Velmolen","Uden","Maashorst","Noord-Brabant",false,51.647226,5.624243,"material damage only","4","clear",false,1,"GM1991"
"20240136888",2024,"Uitsluitend materiele schade",2,"Personenauto","Fiets","Onbekend","Kruispunt, 3 takken",30,"Niet brandend","Daglicht","Droog",\N,\N,"Needestraat","Eindhoven","Eindhoven","Noord-Brabant",false,51.447574,5.443633,"material damage only","4","clear",false,1,"GM0772"
"20240138799",2024,"Uitsluitend materiele schade",2,"Personenauto","Fiets","Flank","Kruispunt, 4 takken",30,"Niet brandend","Daglicht","Droog",\N,\N,"Reigersweg","Apeldoorn","Apeldoorn","Gelderland",false,52.20397,5.969396,"material damage only","4","clear",false,1,"GM0200"
"20240146783",2024,"Uitsluitend materiele schade",2,"Personenauto","Fiets","Flank","Rotonde",50,"Niet brandend","Daglicht","Droog",\N,\N,"Laaghuissingel","Venlo","Venlo","Limburg",false,51.369501,6.185188,"material damage only","4","clear",false,1,"GM0983"
"20240146185",2024,"Uitsluitend materiele schade",2,"Fiets","Personenauto","Flank","Rotonde",50,"Niet aanwezig","Daglicht","Droog",\N,\N,"Abeelweg","Rotterdam","Rotterdam","Zuid-Holland",false,51.960334,4.482395,"material damage only","4","clear",false,1,"GM0599"
"20240147276",2024,"Uitsluitend materiele schade",2,"Personenauto","Fiets","Flank","Rechte weg",\N,"Niet brandend","Daglicht","Droog",\N,"319167070","Kastanjelaan","Eindhoven","Eindhoven","Noord-Brabant",false,51.44505,5.456157,"material damage only","4","clear",false,1,"GM0772"
"20240148837",2024,"Uitsluitend materiele schade",2,"Personenauto","Fiets","Flank","Kruispunt, 4 takken",60,"Niet aanwezig","Duisternis","Droog",\N,\N,"Truisweg","Didam","Montferland","Gelderland",false,51.973639,6.133281,"material damage only","4","clear",false,1,"GM1955"
"20240147439",2024,"Letsel",2,"Vrachtauto","Fiets","Onbekend","Kruispunt, 4 takken",50,"Niet brandend","Daglicht","Regen",\N,\N,"Industrieterr Panningen","Panningen","Peel en Maas","Limburg",false,51.334419,5.979623,"injury","2","rain",false,1,"GM1894"
"20240149059",2024,"Uitsluitend materiele schade",2,"Bromfiets","Fiets","Flank","Kruispunt, 4 takken",30,"Niet brandend","Daglicht","Droog",\N,\N,"St. Antonielaan","Arnhem","Arnhem","Gelderland",false,51.991788,5.916074,"material damage only","4","clear",false,1,"GM0202"
"20240149447",2024,"Letsel",1,"Fiets",\N,"Onbekend","Rechte weg",30,"Niet brandend","Daglicht","Regen",\N,"531352064","Scholtinkstraat","Losser","Losser","Overijssel",false,52.261423,7.011197,"injury","2","rain",false,1,"GM0168"
"20240012409",2024,"Letsel",1,"Fiets",\N,"Onbekend","Kruispunt, 4 takken",30,"Niet brandend","Daglicht","Droog",\N,\N,"Walnootstraat","'s-Gravenhage","'s-Gravenhage","Zuid-Holland",false,52.060511,4.254685,"injury","2","clear",false,1,"GM0518"
"20240156479",2024,"Uitsluitend materiele schade",2,"Personenauto","Fiets","Flank","Kruispunt, 4 takken",50,"Niet brandend","Daglicht","Regen",\N,\N,"Loevesteinstraat","Breda","Breda","Noord-Brabant",false,51.577697,4.807237,"material damage only","4","rain",false,1,"GM0758"
"20240000692",2024,"Letsel",2,"Personenauto","Fiets","Onbekend","Rechte weg",30,"Niet brandend","Daglicht","Regen",\N,\N,"Sportlaan","Rotterdam","Rotterdam","Zuid-Holland",false,51.889611,4.53417,"injury","2","rain",false,1,"GM0599"
"20240008540",2024,"Letsel",2,"Bromfiets","Fiets","Flank","Kruispunt, 3 takken",50,"Brandend","Schemer","Droog",\N,\N,"Overgauwseweg","Pijnacker","Pijnacker-Nootdorp","Zuid-Holland",false,52.00579,4.430745,"injury","2","clear",false,1,"GM1926"
"20240003231",2024,"Letsel",2,"Personenauto","Fiets","Los voorwerp","Rotonde",50,"Niet aanwezig","Schemer","Droog",\N,\N,"Bergerweg","Einighausen","Sittard-Geleen","Limburg",false,50.993363,5.825549,"injury","2","clear",false,1,"GM1883"
"20240007907",2024,"Uitsluitend materiele schade",2,"Personenauto","Fiets","Onbekend","Rechte weg",50,"Niet aanwezig","Daglicht","Sneeuw/Hagel",\N,"248359001","Kuiperbergweg","Amsterdam","Amsterdam","Noord-Holland",false,52.302685,4.937987,"material damage only","4","unknown",false,1,"GM0363"
"20240007770",2024,"Letsel",1,"Fiets",\N,"Onbekend","Rechte weg",30,"Niet brandend","Daglicht","Droog",\N,"212269040","Korte Dreef","Lekkerkerk","Krimpenerwaard","Zuid-Holland",false,51.898009,4.676966,"injury","2","clear",false,1,"GM1931"
"20240007935",2024,"Letsel",2,"Fiets","Personenauto","Kop/staart","Kruispunt, 4 takken",30,"Niet brandend","Daglicht","Droog",\N,\N,"Haarlemmerweg","Amsterdam","Amsterdam","Noord-Holland",false,52.385025,4.855623,"injury","2","clear",false,1,"GM0363"
"20240012516",2024,"Uitsluitend materiele schade",1,"Fiets",\N,"Flank","Rechte weg",50,"Niet brandend","Daglicht","Droog",\N,"600202430","Melis Stokelaan","'s-Gravenhage","'s-Gravenhage","Zuid-Holland",false,52.056014,4.30068,"material damage only","4","clear",false,1,"GM0518"
"20240152382",2024,"Letsel",2,"Personenauto","Fiets","Flank","Rotonde",30,"Brandend","Schemer","Droog",\N,\N,"Ketelmeerlaan","Leiden","Leiden","Zuid-Holland",false,52.175148,4.509513,"injury","2","clear",false,1,"GM0546"
"20230108237",2023,"Letsel",1,"Fiets",\N,"Eenzijdig","Rechte weg",30,"Niet brandend","Daglicht","Droog",\N,"288447002","Nuwendoorn","Grootebroek","Stede Broec","Noord-Holland",false,52.69933,5.225068,"injury","2","clear",false,1,"GM0532"
"20240156606",2024,"Uitsluitend materiele schade",2,"Personenauto","Fiets","Flank","Kruispunt, 4 takken",50,"Niet brandend","Daglicht","Regen",\N,\N,"Barrierweg","Eindhoven","Eindhoven","Noord-Brabant",false,51.460473,5.463901,"material damage only","4","rain",false,1,"GM0772"
"20240157861",2024,"Letsel",1,"Fiets",\N,"Onbekend","Kruispunt, 3 takken",50,"Niet aanwezig","Duisternis","Regen",\N,\N,"Noordkade","Nootdorp","Pijnacker-Nootdorp","Zuid-Holland",false,52.032807,4.395718,"injury","2","rain",false,1,"GM1926"
"20230108825",2023,"Uitsluitend materiele schade",2,"Bromfiets","Fiets","Onbekend","Kruispunt, 4 takken",30,"Brandend","Duisternis","Droog",\N,\N,"Pauwenburg","Lelystad","Lelystad","Flevoland",false,52.493637,5.506414,"material damage only","4","clear",false,1,"GM0995"
"20230111206",2023,"Letsel",2,"Personenauto","Fiets","Flank","Kruispunt, 4 takken",30,"Brandend","Schemer","Droog",\N,\N,"Velserweg","Amsterdam","Amsterdam","Noord-Holland",false,52.386232,4.845302,"injury","2","clear",false,1,"GM0363"
"20240155670",2024,"Uitsluitend materiele schade",2,"Personenauto","Fiets","Onbekend","Rotonde",50,"Brandend","Duisternis","Regen",\N,\N,"Hertogsingel","Maastricht","Maastricht","Limburg",false,50.849059,5.677806,"material damage only","4","rain",false,1,"GM0935"
"20240001284",2024,"Uitsluitend materiele schade",2,"Personenauto","Fiets","Flank","Kruispunt, 4 takken",30,\N,"Duisternis","Regen",\N,\N,"Gemullehoekenweg","Oisterwijk","Oisterwijk","Noord-Brabant",false,51.579312,5.201872,"material damage only","4","rain",false,1,"GM0824"
"20230111846",2023,"Letsel",2,"Bestelauto","Fiets","Eenzijdig","Kruispunt, 3 takken",50,"Brandend","Duisternis","Droog",\N,\N,"De Dolfijn","Enkhuizen","Enkhuizen","Noord-Holland",false,52.695091,5.271994,"injury","2","clear",false,1,"GM0388"
"20240017657",2024,"Letsel",1,"Fiets",\N,"Eenzijdig","Rechte weg",50,"Niet brandend","Daglicht","Droog",\N,\N,"Willem de Zwijgerlaan","Heerenveen","Heerenveen","Friesland",false,52.954806,5.948946,"injury","2","clear",false,1,"GM0074"
"20230108335",2023,"Letsel",2,"Bestelauto","Fiets","Flank","Kruispunt, 4 takken",50,"Brandend","Duisternis","Droog",\N,\N,"Burg Sandbergstraat","Haarlem","Haarlem","Noord-Holland",false,52.38407,4.630249,"injury","2","clear",false,1,"GM0392"
"20230108341",2023,"Letsel",2,"Personenauto","Fiets","Flank","Kruispunt, 3 takken",30,"Brandend","Schemer","Regen",\N,\N,"Anemoonstraat","Alkmaar","Alkmaar","Noord-Holland",false,52.639512,4.743813,"injury","2","rain",false,1,"GM0361"
"20230109520",2023,"Uitsluitend materiele schade",2,"Personenauto","Fiets","Onbekend","Kruispunt, 3 takken",50,"Niet brandend","Daglicht","Droog",\N,\N,"Ceresstraat","Breda","Breda","Noord-Brabant",false,51.594185,4.790663,"material damage only","4","clear",false,1,"GM0758"
"20230111864",2023,"Letsel",2,"Personenauto","Fiets","Flank","Kruispunt, 4 takken",50,"Niet brandend","Daglicht","Regen",\N,\N,"Europaboulevard","Amsterdam","Amsterdam","Noord-Holland",false,52.334821,4.889642,"injury","2","rain",false,1,"GM0363"
"20240155876",2024,"Uitsluitend materiele schade",2,"Fiets","Personenauto","Onbekend","Rotonde",50,"Niet brandend","Daglicht","Droog",\N,\N,"Sint Wirosingel","Roermond","Roermond","Limburg",false,51.212148,6.016453,"material damage only","4","clear",false,1,"GM0957"
"20240019117",2024,"Letsel",3,"Bestelauto","Fiets","Voetganger","Rechte weg",50,"Niet brandend","Daglicht","Droog","Parkeervoorziening","211402151","President Kennedyplein","Beverwijk","Beverwijk","Noord-Holland",false,52.497311,4.662717,"injury","2","clear",false,1,"GM0375"
"20240003057",2024,"Uitsluitend materiele schade",2,"e-bike","Personenauto","Flank","Kruispunt, 4 takken",50,"Niet brandend","Daglicht","Droog",\N,\N,"Dorpstraat","Veldhoven","Veldhoven","Noord-Brabant",false,51.410509,5.41169,"material damage only","4","clear",false,1,"GM0861"
"20240003532",2024,"Uitsluitend materiele schade",2,"Personenauto","Fiets","Flank","Kruispunt, 4 takken",30,"Niet brandend","Daglicht","Droog",\N,\N,"Gasthuisbouwing","Bennekom","Ede","Gelderland",false,52.005278,5.673106,"material damage only","4","clear",false,1,"GM0228"
"20240013300",2024,"Letsel",2,"Personenauto","Fiets","Onbekend","Rotonde",50,"Niet brandend","Daglicht","Droog",\N,\N,"Dr. J.M. den Uylsingel","Alphen aan den Rijn","Alphen aan den Rijn","Zuid-Holland",false,52.128564,4.654061,"injury","2","clear",false,1,"GM0484"
"20240152614",2024,"Letsel",2,"Personenauto","Fiets","Kop/staart","Rechte weg",30,"Niet brandend","Daglicht","Droog",\N,"173323051","Windlustweg","Wassenaar","Wassenaar","Zuid-Holland",false,52.141434,4.392478,"injury","2","clear",false,1,"GM0629"
"20240156234",2024,"Uitsluitend materiele schade",2,"Fiets","Bestelauto","Flank","Kruispunt, 4 takken",80,"Brandend","Duisternis","Droog",\N,\N,"Vonderen","Sint Joost","Echt-Susteren","Limburg",false,51.132783,5.903197,"material damage only","4","clear",false,1,"GM1711"
"20240005228",2024,"Letsel",1,"Fiets",\N,"Onbekend","Bocht",30,"Niet brandend","Daglicht","Droog",\N,\N,"Verlengde Lodewijkstraat","Groningen","Groningen","Groningen",false,53.205624,6.584463,"injury","2","clear",false,1,"GM0014"
"20240012971",2024,"Uitsluitend materiele schade",2,\N,"Fiets","Frontaal","Rechte weg",\N,"Niet brandend","Daglicht","Droog/Harde windstoten",\N,"260358006","Gooilandseweg","Weesp","Amsterdam","Noord-Holland",false,52.302583,5.02255,"material damage only","4","unknown",false,1,"GM0363"
"20240023194",2024,"Uitsluitend materiele schade",2,"Personenauto","Fiets","Flank","Rechte weg",30,"Niet brandend","Daglicht","Droog",\N,"600557830","Lange Kleiweg","Rijswijk","Rijswijk","Zuid-Holland",false,52.036378,4.325905,"material damage only","4","clear",false,1,\N
"20240013497",2024,"Letsel",2,"Personenauto","Fiets","Flank","Kruispunt, 4 takken",50,"Niet brandend","Daglicht","Droog",\N,\N,"Sylviusweg","Leiden","Leiden","Zuid-Holland",false,52.168943,4.468007,"injury","2","clear",false,1,"GM0546"
"20240015552",2024,"Letsel",2,"Personenauto","Fiets","Flank","Kruispunt, 4 takken",30,"Niet brandend","Daglicht","Regen",\N,\N,"de Mérodestraat","Zwijndrecht","Zwijndrecht","Zuid-Holland",false,51.807937,4.633645,"injury","2","rain",false,1,"GM0642"
"20240013846",2024,"Uitsluitend materiele schade",2,"Personenauto","Fiets","Flank","Rotonde",30,"Niet brandend","Daglicht","Droog",\N,\N,"Rode Poort","Etten-Leur","Etten-Leur","Noord-Brabant",false,51.565411,4.638017,"material damage only","4","clear",false,1,"GM0777"
"20240015443",2024,"Letsel",2,"Personenauto","Fiets","Flank","Kruispunt, 4 takken",50,"Niet brandend","Daglicht","Regen",\N,\N,"Rijsselseweg","Gouda","Gouda","Zuid-Holland",false,52.020117,4.686543,"injury","2","rain",false,1,"GM0513"
"20240015455",2024,"Letsel",2,"Personenauto","Fiets","Onbekend","Rotonde",50,"Niet brandend","Daglicht","Droog",\N,\N,"Deijlerweg","Wassenaar","Wassenaar","Zuid-Holland",false,52.142686,4.414224,"injury","2","clear",false,1,"GM0629"
"20230107903",2023,"Uitsluitend materiele schade",2,"Bus","e-bike","Flank","Kruispunt, 4 takken",50,"Brandend","Duisternis","Droog",\N,\N,"Utrechtseweg","Zeist","Zeist","Utrecht",false,52.097821,5.212576,"material damage only","4","clear",false,1,"GM0355"
"20230110292",2023,"Letsel",2,"Fiets","Overig vast object","Vast voorwerp","Rotonde",50,"Niet brandend","Duisternis","Droog",\N,\N,"Lodderdijk","Gemert","Gemert-Bakel","Noord-Brabant",false,51.55894,5.695212,"injury","2","clear",false,1,"GM1652"
"20240014245",2024,"Letsel",2,"Fiets","Bestelauto","Onbekend","Bocht",50,"Brandend","Duisternis","Droog",\N,\N,"Smeetslandseweg","Rotterdam","Rotterdam","Zuid-Holland",false,51.886528,4.529336,"injury","2","clear",false,1,"GM0599"
"20240018216",2024,"Letsel",2,"Personenauto","Fiets","Flank","Kruispunt, 4 takken",60,"Niet aanwezig","Schemer","Regen",\N,\N,"Zuiderweg","Kerkenveld","De Wolden","Drenthe",false,52.648017,6.503169,"injury","2","rain",false,1,"GM1690"
"20240012351",2024,"Letsel",2,"Personenauto","Fiets","Flank","Rechte weg",30,"Niet brandend","Daglicht","Droog",\N,"240378026","Spaarndammerstraat","Amsterdam","Amsterdam","Noord-Holland",false,52.389935,4.878984,"injury","2","clear",false,1,"GM0363"
"20240016491",2024,"Letsel",2,"Personenauto","Fiets","Flank","Rechte weg",50,"Niet brandend","Daglicht","Regen",\N,"296221205","Statenlaan","'s-Hertogenbosch","'s-Hertogenbosch","Noord-Brabant",false,51.687925,5.288968,"injury","2","rain",false,1,"GM0796"
"20240016941",2024,"Uitsluitend materiele schade",2,"Fiets","Personenauto","Onbekend",\N,\N,\N,"Daglicht",\N,\N,"400409107","Frankhuizerallee","Zwolle","Zwolle","Overijssel",false,52.530003,6.054162,"material damage only","4","unknown",false,1,"GM0193"
"20240021936",2024,"Letsel",2,"Personenauto","Fiets","Flank","Kruispunt, 3 takken",50,"Niet brandend","Daglicht","Droog",\N,\N,"Emmikhovensestraat","Waalwijk","Waalwijk","Noord-Brabant",false,51.692118,5.060189,"injury","2","clear",false,1,"GM0867"
"20240022082",2024,"Uitsluitend materiele schade",2,"Fiets","Overig vast object","Vast voorwerp","Rechte weg",30,"Niet brandend","Daglicht","Droog",\N,"180277025","Gordelweg","Rotterdam","Rotterdam","Zuid-Holland",false,51.933317,4.450088,"material damage only","4","clear",false,1,"GM0599"
"20240152187",2024,"Uitsluitend materiele schade",2,"Personenauto","Fiets","Los voorwerp","Rechte weg",30,"Niet brandend","Daglicht","Regen",\N,\N,"Marowijnestraat","Amsterdam","Amsterdam","Noord-Holland",false,52.362206,4.853336,"material damage only","4","rain",false,1,"GM0363"
"20240154105",2024,"Uitsluitend materiele schade",2,"Personenauto","Fiets","Onbekend","Rechte weg",30,"Brandend","Schemer","Droog",\N,"600726293","Henegouwerlaan","Rotterdam","Rotterdam","Zuid-Holland",false,51.919434,4.463462,"material damage only","4","clear",false,1,"GM0599"
"20240157063",2024,"Uitsluitend materiele schade",2,"Personenauto","Fiets","Onbekend","Kruispunt, 4 takken",30,"Niet brandend","Daglicht","Droog",\N,\N,"Winkelstraat","Eindhoven","Eindhoven","Noord-Brabant",false,51.419995,5.492191,"material damage only","4","clear",false,1,"GM0772"
"20240016995",2024,"Letsel",1,"Fiets",\N,"Onbekend","Bocht",50,"Niet aanwezig","Daglicht","Droog",\N,"600219757","Heidebloemallee","Ede","Ede","Gelderland",false,52.046555,5.737044,"injury","2","clear",false,1,"GM0228"
"20240025004",2024,"Uitsluitend materiele schade",2,"Fiets",\N,"Flank","Rechte weg",\N,"Niet brandend","Daglicht","Droog",\N,"600603728","Oude Rijksweg Zuid","Susteren","Echt-Susteren","Limburg",false,51.055463,5.844519,"material damage only","4","clear",false,1,"GM1711"
"20240000378",2024,"Letsel",2,"Snorfiets","Fiets","Frontaal","Bocht",30,"Brandend","Duisternis","Droog",\N,\N,"Hoofdstraat","Schiedam","Schiedam","Zuid-Holland",false,51.905912,4.408507,"injury","2","clear",false,1,"GM0606"
"20230113425",2023,"Letsel",2,"Bromfiets","Fiets","Frontaal","Kruispunt, 3 takken",30,"Brandend","Schemer","Droog",\N,\N,"Valkestein","Ede","Ede","Gelderland",false,52.040859,5.64863,"injury","2","clear",false,1,"GM0228"
"20230023652",2023,"Letsel",2,"Personenauto","e-bike","Flank","Rotonde",50,"Niet brandend","Daglicht","Regen",\N,\N,"Bodegraafsestraatweg","Gouda","Gouda","Zuid-Holland",false,52.018703,4.719297,"injury","2","rain",false,1,"GM0513"
"20230035592",2023,"Uitsluitend materiele schade",2,"Bromfiets","Fiets","Flank","Rechte weg",30,"Niet brandend","Daglicht","Droog",\N,"600839689","Ruitenberglaan","Arnhem","Arnhem","Gelderland",false,51.98812,5.946717,"material damage only","4","clear",false,1,"GM0202"
"20240030406",2024,"Letsel",1,"Fiets",\N,"Eenzijdig",\N,50,"Niet brandend","Daglicht","Droog",\N,"600544192","Ruishornlaan","Lisse","Lisse","Zuid-Holland",false,52.25323,4.560229,"injury","2","clear",false,1,"GM0553"
"20230067279",2023,"Letsel",1,"Fiets",\N,"Eenzijdig","Rechte weg",30,"Niet brandend","Daglicht","Droog","Bus-/Tramhalte","600760540","Poelenburg","Zaandam","Zaanstad","Noord-Holland",false,52.43115,4.855754,"injury","2","clear",false,1,"GM0479"
"20230068073",2023,"Uitsluitend materiele schade",2,"Bromfiets","Fiets","Flank","Kruispunt, 4 takken",\N,"Brandend","Duisternis","Droog",\N,\N,"Dr. M.A. Tellegenlaan","Utrecht","Utrecht","Utrecht",false,52.081683,5.1046,"material damage only","4","clear",false,1,"GM0344"
"20230069606",2023,"Letsel",2,"Personenauto","Fiets","Kop/staart","Rechte weg",50,"Niet brandend","Daglicht","Droog",\N,"185280008","Straatweg","Rotterdam","Rotterdam","Zuid-Holland",false,51.946995,4.484672,"injury","2","clear",false,1,"GM0599"
"20230015114",2023,"Uitsluitend materiele schade",2,"Personenauto","Fiets","Flank","Kruispunt, 4 takken",30,"Niet brandend","Daglicht","Droog",\N,\N,"Jouke Bakkerstrjitte","Menaam","Waadhoeke","Friesland",false,53.216555,5.656949,"material damage only","4","clear",false,1,"GM1949"
"20240026458",2024,"Uitsluitend materiele schade",2,"Bestelauto","Fiets","Flank","Kruispunt, 4 takken",30,"Niet brandend","Daglicht","Droog",\N,\N,"Conradstraat","Deventer","Deventer","Overijssel",false,52.25953,6.219033,"material damage only","4","clear",false,1,"GM0150"
"20230021410",2023,"Letsel",2,"Personenauto","Fiets","Flank","Kruispunt, 3 takken",30,"Niet brandend","Daglicht","Droog",\N,\N,"Galderie","Naaldwijk","Westland","Zuid-Holland",false,51.999448,4.215568,"injury","2","clear",false,1,"GM1783"
"20230026584",2023,"Uitsluitend materiele schade",2,"Bromfiets","Fiets","Onbekend","Bocht",\N,"Brandend","Duisternis","Droog",\N,"268192149","Piusplein","Tilburg","Tilburg","Noord-Brabant",false,51.555995,5.090257,"material damage only","4","clear",false,1,"GM0855"
"20240029472",2024,"Letsel",2,"Personenauto","Fiets","Flank","Rotonde",50,"Niet brandend","Daglicht","Regen",\N,\N,"FIETSPAD","Diemen","Diemen","Noord-Holland",false,52.344033,4.966396,"injury","2","rain",false,1,"GM0384"
"20230033346",2023,"Uitsluitend materiele schade",3,"Personenauto","Fiets","Onbekend","Rechte weg",50,"Niet brandend","Daglicht","Droog",\N,"351193002","St.-Annastraat","Gemert","Gemert-Bakel","Noord-Brabant",false,51.558226,5.688345,"material damage only","4","clear",false,1,"GM1652"
"20230013982",2023,"Letsel",2,"Personenauto","Fiets","Geparkeerd voertuig","Rechte weg",30,"Niet brandend","Daglicht","Droog","Parkeervoorziening","495327122","Dr.Prinsstraat","Haaksbergen","Haaksbergen","Overijssel",false,52.153621,6.742831,"injury","2","clear",false,1,"GM0158"
"20230019768",2023,"Uitsluitend materiele schade",2,"Personenauto","Fiets","Flank","Kruispunt, 3 takken",50,"Niet brandend","Daglicht","Droog","Bus-/Tramhalte",\N,"Hoofdstraat","Overdinkel","Losser","Overijssel",false,52.236321,7.035724,"material damage only","4","clear",false,1,"GM0168"
"20230026058",2023,"Uitsluitend materiele schade",1,"Fiets",\N,"Frontaal","Rechte weg",\N,"Niet brandend","Daglicht","Droog",\N,"184260182","Bevershof","Rhoon","Albrandswaard","Zuid-Holland",false,51.858858,4.479887,"material damage only","4","clear",false,1,"GM0613"
"20240029566",2024,"Uitsluitend materiele schade",1,"Fiets",\N,"Flank","Kruispunt, 4 takken",50,"Niet brandend","Daglicht","Droog",\N,\N,"Zonnestein","Amstelveen","Amstelveen","Noord-Holland",false,52.310593,4.863267,"material damage only","4","clear",false,1,"GM0362"
"20230034742",2023,"Letsel",2,"Personenauto","Fiets","Flank","Kruispunt, 4 takken",50,"Niet brandend","Daglicht","Droog",\N,\N,"S.L. Louwesstraat","Enschede","Enschede","Overijssel",false,52.206186,6.863988,"injury","2","clear",false,1,"GM0153"
"20230036178",2023,"Uitsluitend materiele schade",2,"Personenauto","Fiets","Flank","Rotonde",50,"Niet brandend","Daglicht","Droog",\N,\N,"Hogenkampsweg","Zwolle","Zwolle","Overijssel",false,52.520596,6.106025,"material damage only","4","clear",false,1,"GM0193"
"20230074236",2023,"Letsel",2,"Fiets","Fiets","Frontaal","Kruispunt, 4 takken",50,"Niet brandend","Daglicht","Droog",\N,\N,"Nieuwstraat","Genemuiden","Zwartewaterland","Overijssel",false,52.623986,6.043451,"injury","2","clear",false,1,"GM1896"
"20230074857",2023,"Uitsluitend materiele schade",2,"Bromfiets","Fiets","Flank","Rechte weg",30,"Niet brandend","Daglicht","Droog",\N,"600538335","Parallelweg","Beverwijk","Beverwijk","Noord-Holland",false,52.482304,4.674241,"material damage only","4","clear",false,1,"GM0375"
"20230067889",2023,"Uitsluitend materiele schade",2,"Personenauto","Fiets","Frontaal","Kruispunt, 3 takken",50,"Niet brandend","Daglicht","Droog",\N,\N,"Tjalk","Loosdrecht","Wijdemeren","Noord-Holland",false,52.197005,5.140441,"material damage only","4","clear",false,1,"GM1696"
"20230068196",2023,"Uitsluitend materiele schade",2,"Fiets","Snorfiets","Frontaal","Rechte weg",50,"Brandend","Duisternis","Droog",\N,"600955845","Copernicusweg","Dordrecht","Dordrecht","Zuid-Holland",false,51.784062,4.670311,"material damage only","4","clear",false,1,"GM0505"
"20230069699",2023,"Letsel",1,"Fiets",\N,"Eenzijdig","Rechte weg",50,"Niet brandend","Daglicht","Droog",\N,"187326096","Korevaarstraat","Leiden","Leiden","Zuid-Holland",false,52.156226,4.493171,"injury","2","clear",false,1,"GM0546"
"20230014642",2023,"Letsel",2,"Personenauto","Fiets","Flank","Rechte weg",\N,"Niet brandend","Daglicht","Droog",\N,"600811446","Horsterweg","Ermelo","Ermelo","Gelderland",false,52.306171,5.605593,"injury","2","clear",false,1,"GM0233"
"20230025575",2023,"Uitsluitend materiele schade",2,"Personenauto","e-bike","Onbekend","Kruispunt, 3 takken",30,"Brandend","Schemer","Droog",\N,\N,"Wilgenlaan","Berkel en Rodenrijs","Lansingerland","Zuid-Holland",false,52.001853,4.489914,"material damage only","4","clear",false,1,"GM1621"