"accident_id","year","severity_raw","party_count","party1_type","party2_type","accident_type","road_situation","speed_limit_kmh","road_lighting","light_condition_label","weather_raw","infra_type","road_segment_id","street_name","place_name","gemeente_name_raw","province","alcohol_indicated","latitude","longitude","severity_label","severity_code","weather_label","built_up_area","cyclists_involved","gemeente_code"
"20230069749",2023,"Letsel",2,"Fiets","Personenauto","Flank","Kruispunt, 4 takken",50,"Niet brandend","Daglicht","Droog",\N,\N,"Lozerlaan","'s-Gravenhage","'s-Gravenhage","Zuid-Holland",false,52.042467,4.239686,"injury","2","clear",false,1,"GM0518"
"20230069759",2023,"Letsel",1,"Fiets",\N,"Eenzijdig","Rechte weg",30,"Brandend","Duisternis","Regen",\N,"600183869","Oud Reeuwijkseweg","Reeuwijk","Bodegraven-Reeuwijk","Zuid-Holland",false,52.0573,4.715675,"injury","2","rain",false,1,"GM1901"
"20240031898",2024,"Uitsluitend materiele schade",2,"Fiets","Voetganger","Voetganger","Rechte weg",50,"Brandend","Schemer","Droog",\N,"163258160","Uitstraat","Spijkenisse","Nissewaard","Zuid-Holland",false,51.848561,4.328014,"material damage only","4","clear",false,1,"GM1930"
"20240025379",2024,"Uitsluitend materiele schade",2,"Personenauto","Fiets","Flank","Kruispunt, 3 takken",30,"Niet brandend","Daglicht","Droog",\N,\N,"Van Limburg Stirumlaan","Tilburg","Tilburg","Noord-Brabant",false,51.549414,5.055575,"material damage only","4","clear",false,1,"GM0855"
"20230076839",2023,"Letsel",2,"Fiets","Fiets","Onbekend","Rechte weg",30,"Niet brandend","Daglicht","Droog",\N,"600183603","Spookverlaat","Hazerswoude-Rijndijk","Alphen aan den Rijn","Zuid-Holland",false,52.114525,4.602886,"injury","2","clear",false,1,"GM0484"
"20230021555",2023,"Letsel",2,"Personenauto","Fiets","Flank","Bocht",60,"Niet brandend","Daglicht","Droog",\N,"164290003","Kerkpolderweg","Delft","Delft","Zuid-Holland",false,51.990542,4.329219,"injury","2","clear",false,1,"GM0503"
"20230022122",2023,"Uitsluitend materiele schade",2,"Fiets","Personenauto","Flank","Bocht",50,"Brandend","Duisternis","Droog",\N,"600729454","Rijnsburgersingel","Leiden","Leiden","Zuid-Holland",false,52.165413,4.486646,"material damage only","4","clear",false,1,"GM0546"
"20230035774",2023,"Letsel",2,"Fiets","Overig vast object","Vast voorwerp","Rechte weg",50,"Niet brandend","Daglicht","Droog",\N,"458566013","Noodweg","Groningen","Groningen","Groningen",false,53.229225,6.500121,"injury","2","clear",false,1,"GM0014"
"20230036849",2023,"Letsel",3,"Personenauto","Fiets","Onbekend","Rechte weg",50,"Niet brandend","Daglicht","Droog",\N,"221430047","Kennemerstraatweg","Alkmaar","Alkmaar","Noord-Holland",false,52.623081,4.736325,"injury","2","clear",false,1,"GM0361"
"20230069325",2023,"Letsel",2,"Fiets","Bestelauto","Eenzijdig","Bocht",50,"Niet brandend","Daglicht","Droog",\N,\N,"Strijenseweg","'s-Gravendeel","Hoeksche Waard","Zuid-Holland",false,51.773342,4.615815,"injury","2","clear",false,1,"GM1963"
"20230079341",2023,"Uitsluitend materiele schade",2,"Fiets","Fiets","Flank","Rechte weg",30,\N,"Daglicht","Droog",\N,"264194019","Beelaerts v Bloklandstr","Tilburg","Tilburg","Noord-Brabant",false,51.56585,5.059358,"material damage only","4","clear",false,1,"GM0855"
"20230077192",2023,"Uitsluitend materiele schade",1,"Fiets",\N,"Voetganger","Rechte weg",30,"Niet brandend","Daglicht","Droog",\N,"243368021","Schipbeekstraat","Amsterdam","Amsterdam","Noord-Holland",false,52.347219,4.897912,"material damage only","4","clear",false,1,"GM0363"
"20230077210",2023,"Letsel",2,"Fiets","Fiets","Flank","Rechte weg",30,"Niet brandend","Daglicht","Droog",\N,"210324042","Bachsingel","Alphen aan den Rijn","Alphen aan den Rijn","Zuid-Holland",false,52.147343,4.664026,"injury","2","clear",false,1,"GM0484"
"20230019330",2023,"Uitsluitend materiele schade",2,"Bromfiets","Fiets","Flank","Kruispunt, 4 takken",30,"Niet brandend","Daglicht","Droog",\N,\N,"Suikerland","Arnhem","Arnhem","Gelderland",false,51.967927,5.908603,"material damage only","4","clear",false,1,"GM0202"
"20230019914",2023,"Uitsluitend materiele schade",2,"Personenauto","Fiets","Flank","Kruispunt, 4 takken",30,"Niet brandend","Daglicht","Droog",\N,\N,"Middenhof","Almere","Almere","Flevoland",false,52.339893,5.217794,"material damage only","4","clear",false,1,"GM0034"
"20230021044",2023,"Letsel",1,"Fiets",\N,"Eenzijdig","Rechte weg",30,"Brandend","Duisternis","Droog",\N,"600744238","Dijkslootpad","Alphen aan den Rijn","Alphen aan den Rijn","Zuid-Holland",false,52.149898,4.660892,"injury","2","clear",false,1,"GM0484"
"20230069008",2023,"Letsel",1,"Fiets",\N,"Eenzijdig","Rechte weg",50,"Niet brandend","Daglicht","Droog",\N,"600726053","Northgodreef","Noordwijk","Noordwijk","Zuid-Holland",false,52.250227,4.447913,"injury","2","clear",false,1,"GM0575"
"20240025384",2024,"Uitsluitend materiele schade",2,"e-bike","e-bike","Flank","Rotonde",50,"Niet brandend","Daglicht","Droog",\N,\N,"Roermondsepoort","Venlo","Venlo","Limburg",false,51.36657,6.166733,"material damage only","4","clear",false,1,"GM0983"
"20230075142",2023,"Uitsluitend materiele schade",2,"Personenauto","Fiets","Flank","Kruispunt, 4 takken",50,"Niet brandend","Daglicht","Droog",\N,\N,"van Dedemstraat","Hoorn","Hoorn","Noord-Holland",false,52.646238,5.049217,"material damage only","4","clear",false,1,"GM0405"
"20230015352",2023,"Letsel",1,"Fiets",\N,"Eenzijdig","Rechte weg",50,"Niet brandend","Daglicht","Droog",\N,\N,"Noorderveemarkt","Hoorn","Hoorn","Noord-Holland",false,52.644242,5.051606,"injury","2","clear",false,1,"GM0405"
"20230018763",2023,"Uitsluitend materiele schade",2,"Personenauto","Fiets","Flank","Kruispunt, 3 takken",50,"Niet brandend","Daglicht","Droog",\N,\N,"Noordewierweg","Amersfoort","Amersfoort","Utrecht",false,52.161226,5.358021,"material damage only","4","clear",false,1,"GM0307"
"20230025682",2023,"Letsel",2,"Personenauto","Fiets","Flank","Kruispunt, 4 takken",50,"Niet brandend","Daglicht","Droog",\N,\N,"Abtsweg","Rotterdam","Rotterdam","Zuid-Holland",false,51.935326,4.43816,"injury","2","clear",false,1,"GM0599"
"20240030282",2024,"Uitsluitend materiele schade",2,"Fiets","Fiets","Frontaal","Kruispunt, 3 takken",30,"Niet brandend","Daglicht","Droog",\N,\N,"H.J.E. Wenckebachweg","Amsterdam","Amsterdam","Noord-Holland",false,52.33776,4.927198,"material damage only","4","clear",false,1,"GM0363"
"20230075698",2023,"Letsel",2,"Fiets","Fiets","Frontaal","Rechte weg",30,"Niet brandend","Daglicht","Droog",\N,"601030071","Kanaalweg","Purmerend","Purmerend","Noord-Holland",false,52.497804,4.946462,"injury","2","clear",false,1,"GM0439"
"20230072884",2023,"Uitsluitend materiele schade",2,"Personenauto","Fiets","Kop/staart","Rechte weg",30,"Niet brandend","Daglicht","Droog",\N,"516341082","Perikweg","Enschede","Enschede","Overijssel",false,52.21334,6.899504,"material damage only","4","clear",false,1,"GM0153"
"20230073849",2023,"Letsel",2,"Personenauto","Fiets","Flank","Kruispunt, 4 takken",50,"Niet brandend","Daglicht","Droog",\N,\N,"Hooiweg","Eelde","Tynaarlo","Drenthe",false,53.135942,6.562575,"injury","2","clear",false,1,"GM1730"
"20230018196",2023,"Letsel",2,"Personenauto","Fiets","Flank","Kruispunt, 3 takken",50,"Niet brandend","Daglicht","Droog",\N,\N,"Altenapad","Hoofddorp","Haarlemmermeer","Noord-Holland",false,52.304344,4.632258,"injury","2","clear",false,1,"GM0394"
"20240027072",2024,"Uitsluitend materiele schade",2,"Personenauto","Fiets","Onbekend","Bocht",50,"Niet brandend","Daglicht","Droog",\N,"600854602","Koepoortdijk","Doesburg","Doesburg","Gelderland",false,52.018726,6.133362,"material damage only","4","clear",false,1,"GM0221"
"20240029267",2024,"Letsel",2,"Fiets","Voetganger","Voetganger","Rechte weg",80,"Niet aanwezig","Schemer","Droog",\N,"600560074","Denekamperweg","Vasse","Tubbergen","Overijssel",false,52.429072,6.819319,"injury","2","clear",false,1,"GM0183"
"20240029271",2024,"Uitsluitend materiele schade",2,"Personenauto","Fiets","Onbekend","Rechte weg",30,"Niet brandend","Daglicht","Droog",\N,"601187827","Cotoneasterstraat","Wezep","Oldebroek","Gelderland",false,52.46106,5.998377,"material damage only","4","clear",false,1,"GM0269"
"20230079026",2023,"Letsel",2,"Motor","Fiets","Frontaal","Kruispunt, 3 takken",30,"Niet brandend","Daglicht","Droog",\N,\N,"Middelweg","Hazerswoude-Dorp","Alphen aan den Rijn","Zuid-Holland",false,52.094632,4.603375,"injury","2","clear",false,1,"GM0484"
"20230014235",2023,"Letsel",3,"Personenauto","Fiets","Los voorwerp","Rotonde",50,"Brandend","Duisternis","Regen",\N,\N,"Baron van Sternbachlaan","Nijverdal","Hellendoorn","Overijssel",false,52.374852,6.472931,"injury","2","rain",false,1,"GM0163"
"20230024607",2023,"Uitsluitend materiele schade",3,"Personenauto","Fiets","Los voorwerp","Rechte weg",30,"Brandend","Duisternis","Droog",\N,"244369082","Van Woustraat","Amsterdam","Amsterdam","Noord-Holland",false,52.35013,4.903783,"material damage only","4","clear",false,1,"GM0363"
"20230035018",2023,"Letsel",2,"Personenauto","Fiets","Flank","Kruispunt, 3 takken",30,"Niet brandend","Daglicht","Droog",\N,\N,"Stoekeplein","Hoogeveen","Hoogeveen","Drenthe",false,52.72249,6.479157,"injury","2","clear",false,1,"GM0118"
"20230036451",2023,"Letsel",2,"Personenauto","Fiets","Onbekend","Kruispunt, 3 takken",30,"Niet brandend","Daglicht","Droog",\N,\N,"Jan Luijkenstraat","Amsterdam","Amsterdam","Noord-Holland",false,52.358897,4.878117,"injury","2","clear",false,1,"GM0363"
"20240032059",2024,"Uitsluitend materiele schade",2,"Bestelauto","Fiets","Flank","Rechte weg",50,"Niet brandend","Daglicht","Droog",\N,"600735951","Bermweg","Capelle aan den IJssel","Capelle aan den IJssel","Zuid-Holland",false,51.938217,4.581236,"material damage only","4","clear",false,1,"GM0502"
"20230020602",2023,"Letsel",2,"e-bike",\N,"Eenzijdig","Kruispunt, 3 takken",30,"Brandend","Duisternis","Droog",\N,\N,"Baarsjesweg","Amsterdam","Amsterdam","Noord-Holland",false,52.369035,4.863669,"injury","2","clear",false,1,"GM0363"
"20230029227",2023,"Uitsluitend materiele schade",2,"Personenauto","Fiets","Flank","Kruispunt, 4 takken",50,"Niet brandend","Daglicht","Droog",\N,\N,"Overakkerstraat","Breda","Breda","Noord-Brabant",false,51.570726,4.798176,"material damage only","4","clear",false,1,"GM0758"
"20230078261",2023,"Letsel",2,"Personenauto","e-bike","Flank","Kruispunt, 4 takken",30,"Niet brandend","Daglicht","Droog",\N,\N,"Jutland","'s-Gravenhage","'s-Gravenhage","Zuid-Holland",false,52.02417,4.298708,"injury","2","clear",false,1,"GM0518"
"20230070788",2023,"Uitsluitend materiele schade",2,"Personenauto","Fiets","Flank","Rechte weg",30,"Niet brandend","Daglicht","Droog",\N,"274236019","Herrebeugel","Wijk en Aalburg","Altena","Noord-Brabant",false,51.754125,5.127934,"material damage only","4","clear",false,1,"GM1959"
"20230017734",2023,"Uitsluitend materiele schade",2,"Fiets","Personenauto","Flank","Rechte weg",50,"Brandend","Duisternis","Droog",\N,"222500003","Zandkreekweg","Den Helder","Den Helder","Noord-Holland",false,52.938808,4.738933,"material damage only","4","clear",false,1,"GM0400"
"20230027520",2023,"Uitsluitend materiele schade",2,"Personenauto","Fiets","Flank","Rechte weg",30,"Niet brandend","Daglicht","Droog",\N,"208197028","Nachtegaal","Etten-Leur","Etten-Leur","Noord-Brabant",false,51.57348,4.656002,"material damage only","4","clear",false,1,"GM0777"
"20240028791",2024,"Uitsluitend materiele schade",2,"Personenauto","Fiets","Flank","Kruispunt, 3 takken",30,"Brandend","Schemer","Droog",\N,\N,"Hoofdstraat","Velp","Rheden","Gelderland",false,51.995931,5.973185,"material damage only","4","clear",false,1,"GM0275"
"20240029290",2024,"Letsel",1,"Fiets",\N,"Onbekend",\N,30,\N,"Duisternis",\N,\N,"501352038","Langestraat","Hengelo","Hengelo (O)","Overijssel",false,52.265927,6.791095,"injury","2","unknown",false,1,\N
"20240030081",2024,"Uitsluitend materiele schade",2,"Personenauto","Fiets","Onbekend","Kruispunt, 4 takken",50,"Niet brandend","Daglicht",\N,\N,\N,"Contactweg","Amsterdam","Amsterdam","Noord-Holland",false,52.391701,4.855175,"material damage only","4","unknown",false,1,"GM0363"
"20240030312",2024,"Letsel",2,"Personenauto","Fiets","Flank","Kruispunt, 4 takken",30,"Niet brandend","Daglicht","Droog",\N,\N,"Stommeerkade","Aalsmeer","Aalsmeer","Noord-Holland",false,52.266673,4.752186,"injury","2","clear",false,1,"GM0358"
"20240030763",2024,"Uitsluitend materiele schade",2,"Bestelauto","Fiets","Flank","Kruispunt, 3 takken",30,"Niet brandend","Daglicht","Droog",\N,\N,"Nieuwe Hemweg","Amsterdam","Amsterdam","Noord-Holland",false,52.415461,4.8258,"material damage only","4","clear",false,1,"GM0363"
"20230075326",2023,"Uitsluitend materiele schade",2,"Fiets","Personenauto","Flank","Rechte weg",30,"Brandend","Duisternis","Droog",\N,"213384009","IJdijk","Spaarndam gem. Haarlem","Haarlem","Noord-Holland",true,52.414344,4.677793,"material damage only","4","clear",false,1,"GM0392"
"20230014937",2023,"Uitsluitend materiele schade",2,"Personenauto","Fiets","Geparkeerd voertuig","Rechte weg",30,"Niet brandend","Daglicht","Droog",\N,"395579043","Tsjerkeloane","Wâlterswâld","Dantumadiel","Friesland",false,53.292298,6.027393,"material damage only","4","clear",false,1,"GM1891"
"20230015529",2023,"Letsel",2,"Personenauto","Fiets","Kop/staart","Rechte weg",30,"Niet brandend","Daglicht","Droog",\N,"292347055","Plantsoen","Eemnes","Eemnes","Utrecht",false,52.251801,5.261933,"injury","2","clear",false,1,"GM0317"
"20230016644",2023,"Uitsluitend materiele schade",2,"Personenauto","Fiets","Onbekend","Kruispunt, 3 takken",30,"Niet brandend","Daglicht","Droog",\N,\N,"Tolsteegplantsoen","Utrecht","Utrecht","Utrecht",false,52.076278,5.1233,"material damage only","4","clear",false,1,"GM0344"
"20230031006",2023,"Uitsluitend materiele schade",3,"Personenauto","Fiets","Onbekend","Kruispunt, 4 takken",30,"Niet brandend","Daglicht","Droog",\N,\N,"Essenstraat","Eindhoven","Eindhoven","Noord-Brabant",false,51.442876,5.46122,"material damage only","4","clear",false,1,"GM0772"
"20230032148",2023,"Letsel",2,"Personenauto","Fiets","Flank","Bocht",70,"Brandend","Duisternis","Regen",\N,"352125014","Suffolkweg Zuid","Weert","Weert","Limburg",false,51.254364,5.693015,"injury","2","rain",false,1,"GM0988"
"20230070653",2023,"Letsel",2,"Snorfiets","Fiets","Frontaal","Kruispunt, 3 takken",30,"Niet brandend","Daglicht","Droog",\N,\N,"Blinkertsestraat","Helmond","Helmond","Noord-Brabant",false,51.48269,5.662432,"injury","2","clear",false,1,"GM0794"
"20230071482",2023,"Uitsluitend materiele schade",2,"Fiets","Personenauto","Flank","Kruispunt, 3 takken",50,"Brandend","Duisternis","Droog",\N,\N,"Julianasingel","Erp","Meierijstad","Noord-Brabant",false,51.601927,5.60423,"material damage only","4","clear",false,1,"GM1948"
"20240031261",2024,"Letsel",2,"Fiets","Vrachtauto","Geparkeerd voertuig","Rechte weg",\N,"Niet brandend","Daglicht","Droog",\N,"234371095","Pieter Calandlaan","Amsterdam","Amsterdam","Noord-Holland",false,52.356279,4.831926,"injury","2","clear",false,1,"GM0363"
"20230076919",2023,"Letsel",1,"Fiets",\N,"Eenzijdig","Rechte weg",30,"Niet brandend","Daglicht","Droog",\N,"157316010","Zeeruststraat","'s-Gravenhage","'s-Gravenhage","Zuid-Holland",false,52.105979,4.271319,"injury","2","clear",false,1,"GM0518"
"20230078935",2023,"Letsel",2,"Fiets","Fiets","Kop/staart","Rechte weg",30,"Niet brandend","Daglicht","Droog",\N,"600898717","Arnold Spoelplein","'s-Gravenhage","'s-Gravenhage","Zuid-Holland",false,52.054306,4.233476,"injury","2","clear",false,1,"GM0518"
"20230073449",2023,"Letsel",2,"Personenauto","Fiets","Flank","Rechte weg",50,"Niet brandend","Daglicht","Regen",\N,"600972715","Van Iddekingeweg","Groningen","Groningen","Groningen",false,53.197256,6.563705,"injury","2","rain",false,1,"GM0014"
"20230073468",2023,"Letsel",2,"Personenauto","Fiets","Flank","Rotonde",50,"Brandend","Schemer","Droog",\N,\N,"Baron van Sternbachlaan","Nijverdal","Hellendoorn","Overijssel",false,52.371564,6.477857,"injury","2","clear",false,1,"GM0163"
"20230020742",2023,"Uitsluitend materiele schade",2,"Personenauto","Fiets","Onbekend","Kruispunt, 4 takken",50,"Brandend","Duisternis","Droog",\N,\N,"Waterspiegelplein","Amsterdam","Amsterdam","Noord-Holland",false,52.384594,4.869883,"material damage only","4","clear",false,1,"GM0363"
"20230023532",2023,"Uitsluitend materiele schade",2,"Bromfiets","Fiets","Flank","Kruispunt, 4 takken",50,"Niet brandend","Daglicht","Droog",\N,\N,"Kruislaan","Amsterdam","Amsterdam","Noord-Holland",false,52.347766,4.940396,"material damage only","4","clear",false,1,"GM0363"
"20230028182",2023,"Uitsluitend materiele schade",2,"Personenauto","Fiets","Flank","Kruispunt, 3 takken",30,"Niet brandend","Daglicht","Droog",\N,\N,"Mascagnistraat","Tilburg","Tilburg","Noord-Brabant",false,51.583652,5.071059,"material damage only","4","clear",false,1,"GM0855"
"20230036074",2023,"Letsel",2,"Personenauto","Fiets","Onbekend","Rechte weg",60,"Niet aanwezig","Daglicht","Droog",\N,"388453027","Duinigermeerweg","Blokzijl","Steenwijkerland","Overijssel",false,52.729351,5.977696,"injury","2","clear",false,1,"GM1708"
"20230073347",2023,"Uitsluitend materiele schade",2,"Personenauto","Fiets","Onbekend","Rotonde",50,"Niet brandend","Daglicht","Droog",\N,\N,"Burgemeester Roelenweg","Zwolle","Zwolle","Overijssel",false,52.516321,6.088621,"material damage only","4","clear",false,1,"GM0193"
"20230022440",2023,"Letsel",2,"Bromfiets","Fiets","Flank","Rechte weg",30,"Niet aanwezig","Duisternis","Droog",\N,\N,"Laan van Floris de 5e","Nootdorp","Pijnacker-Nootdorp","Zuid-Holland",false,52.044379,4.414272,"injury","2","clear",false,1,"GM1926"
"20240029081",2024,"Uitsluitend materiele schade",2,"Personenauto","e-bike","Flank","Rotonde",50,"Niet brandend","Daglicht","Droog",\N,\N,"Leyenseweg","Bilthoven","De Bilt","Utrecht",false,52.126323,5.195284,"material damage only","4","clear",false,1,"GM0310"
"20230036602",2023,"Letsel",1,"Fiets",\N,"Eenzijdig","Rechte weg",80,"Niet brandend","Daglicht","Droog",\N,"601011591","Vreelandseweg","Hilversum","Hilversum","Noord-Holland",false,52.220588,5.138111,"injury","2","clear",false,1,"GM0402"
"20230073531",2023,"Letsel",2,"Personenauto","Fiets","Geparkeerd voertuig","Kruispunt, 3 takken",30,"Niet brandend","Daglicht","Droog","Parkeervoorziening",\N,"Kleinemeersterstraat","Sappemeer","Midden-Groningen","Groningen",false,53.164158,6.786132,"injury","2","clear",false,1,"GM1952"
"20230074327",2023,"Uitsluitend materiele schade",2,"Personenauto","Fiets","Flank","Kruispunt, 4 takken",50,"Niet brandend","Daglicht","Droog",\N,\N,"Greunsweg","Leeuwarden","Leeuwarden","Friesland",false,53.196728,5.824003,"material damage only","4","clear",false,1,"GM0080"
"20230014441",2023,"Uitsluitend materiele schade",2,"Fiets","Fiets","Flank","Rechte weg",30,"Brandend","Duisternis","Droog",\N,"600626174","Hoendiep","Groningen","Groningen","Groningen",false,53.213433,6.542374,"material damage only","4","clear",false,1,"GM0014"
"20230018457",2023,"Letsel",2,"Personenauto","Fiets","Flank","Rechte weg",30,"Niet brandend","Daglicht","Droog",\N,"220435003","Jan Ligthartstraat","Alkmaar","Alkmaar","Noord-Holland",false,52.646453,4.727914,"injury","2","clear",false,1,"GM0361"
"20230021924",2023,"Letsel",2,"Fiets","Fiets","Flank","Rechte weg",30,"Brandend","Duisternis","Droog",\N,"166315006","Waalsdorperlaan","Wassenaar","Wassenaar","Zuid-Holland",false,52.10521,4.341379,"injury","2","clear",false,1,"GM0629"
"20230031120",2023,"Uitsluitend materiele schade",2,"Bromfiets","Fiets","Flank",\N,50,"Brandend","Schemer","Droog",\N,\N,"Grasdreef","Eindhoven","Eindhoven","Noord-Brabant",false,51.433461,5.419257,"material damage only","4","clear",false,1,"GM0772"
"20230072731",2023,"Letsel",2,"Fiets","Fiets","Onbekend","Kruispunt, 4 takken",30,"Niet brandend","Daglicht","Droog",\N,\N,"Quickbornlaan","Epe","Epe","Gelderland",false,52.350426,5.981593,"injury","2","clear",false,1,"GM0232"
"20230075779",2023,"Letsel",2,"Personenauto","Fiets","Onbekend","Kruispunt, 4 takken",50,\N,"Daglicht",\N,\N,\N,"Stadhouderslaan","Soest","Soest","Utrecht",false,52.186584,5.296829,"injury","2","unknown",false,1,"GM0342"
"20230077556",2023,"Uitsluitend materiele schade",2,"Personenauto","Fiets","Frontaal","Kruispunt, 4 takken",50,"Niet brandend","Daglicht","Droog",\N,\N,"Erasmusweg","'s-Gravenhage","'s-Gravenhage","Zuid-Holland",false,52.029995,4.258683,"material damage only","4","clear",false,1,"GM0518"
"20230077623",2023,"Uitsluitend materiele schade",2,"Bestelauto","Fiets","Flank","Kruispunt, 4 takken",50,"Niet brandend","Daglicht","Droog",\N,\N,"Papaverweg","Amsterdam","Amsterdam","Noord-Holland",false,52.396948,4.905391,"material damage only","4","clear",false,1,"GM0363"
"20230077820",2023,"Uitsluitend materiele schade",2,"Personenauto","Fiets","Geparkeerd voertuig","Rechte weg",50,"Niet brandend","Daglicht","Droog",\N,"600388084","Pieter Calandlaan","Amsterdam","Amsterdam","Noord-Holland",false,52.35197,4.799288,"material damage only","4","clear",false,1,"GM0363"
"20230078002",2023,"Letsel",2,"Personenauto","Fiets","Flank","Rechte weg",50,"Brandend","Duisternis","Droog",\N,"245376055","Meeuwenlaan","Amsterdam","Amsterdam","Noord-Holland",false,52.383091,4.912255,"injury","2","clear",false,1,"GM0363"
"20230017934",2023,"Uitsluitend materiele schade",2,"Fiets","Personenauto","Flank","Kruispunt, 4 takken",50,"Brandend","Duisternis","Droog",\N,\N,"Vondelstraat","Alkmaar","Alkmaar","Noord-Holland",false,52.621818,4.74921,"material damage only","4","clear",false,1,"GM0361"
"20230038161",2023,"Letsel",2,"Personenauto","Fiets","Kop/staart","Rechte weg",60,"Niet brandend","Daglicht","Droog",\N,"279455020","Kagerbos","Wervershoof","Medemblik","Noord-Holland",false,52.735633,5.166243,"injury","2","clear",false,1,"GM0420"
"20230061906",2023,"Uitsluitend materiele schade",2,"Personenauto","Fiets","Flank","Rotonde",50,"Niet brandend","Daglicht","Regen",\N,\N,"Hugo de Grootlaan","Zoetermeer","Zoetermeer","Zuid-Holland",false,52.067761,4.530097,"material damage only","4","rain",false,1,"GM0637"
"20240078926",2024,"Letsel",1,"Fiets",\N,"Eenzijdig","Rechte weg",15,"Niet brandend","Daglicht","Regen",\N,\N,"Visbanken","'s-Gravenhage","'s-Gravenhage","Zuid-Holland",false,52.077281,4.307697,"injury","2","rain",false,1,"GM0518"
"20240041858",2024,"Letsel",1,"Fiets",\N,"Eenzijdig","Bocht",50,"Niet brandend","Daglicht","Droog",\N,\N,"Krommedijk","Dordrecht","Dordrecht","Zuid-Holland",false,51.805622,4.680641,"injury","2","clear",false,1,"GM0505"
"20240050816",2024,"Letsel",2,"Personenauto","Fiets","Flank","Kruispunt, 3 takken",50,"Niet brandend","Daglicht","Droog",\N,\N,"Oosterdokskade","Amsterdam","Amsterdam","Noord-Holland",false,52.377316,4.909962,"injury","2","clear",false,1,"GM0363"
"20240077005",2024,"Uitsluitend materiele schade",2,"Personenauto","Fiets","Flank","Rechte weg",60,"Niet brandend","Daglicht","Droog",\N,"245308006","Cattenbroekerdijk","Linschoten","Montfoort","Utrecht",true,52.071221,4.924579,"material damage only","4","clear",false,1,"GM0335"
"20240079069",2024,"Letsel",1,"Fiets",\N,"Eenzijdig","Rechte weg",50,"Niet brandend","Daglicht","Regen",\N,"600434414","Hobbemastraat","'s-Gravenhage","'s-Gravenhage","Zuid-Holland",false,52.068286,4.301207,"injury","2","rain",false,1,"GM0518"
"20240038205",2024,"Letsel",2,"Bestelauto","Fiets","Onbekend","Kruispunt, 4 takken",50,"Niet brandend","Daglicht","Droog",\N,\N,"Schaerweijdelaan","Zeist","Zeist","Utrecht",false,52.092078,5.235622,"injury","2","clear",false,1,"GM0355"
"20240040537",2024,"Letsel",1,"Fiets",\N,"Onbekend","Rechte weg",60,"Niet brandend","Daglicht","Droog",\N,"186354002","Randweg","Noordwijk","Noordwijk","Zuid-Holland",false,52.282046,4.48377,"injury","2","clear",false,1,"GM0575"
"20240041989",2024,"Uitsluitend materiele schade",1,"Fiets",\N,"Onbekend",\N,30,\N,"Daglicht",\N,\N,"263195055","Roelof Kranenburgplein","Tilburg","Tilburg","Noord-Brabant",false,51.570227,5.054837,"material damage only","4","unknown",false,1,"GM0855"
"20240051527",2024,"Letsel",3,"Fiets","Fiets","Flank","Rechte weg",30,"Niet brandend","Daglicht","Droog","Tunnel","601018678","Teunis Glijnisweg","Krommenie","Zaanstad","Noord-Holland",false,52.494886,4.758465,"injury","2","clear",false,1,"GM0479"
"20240051537",2024,"Uitsluitend materiele schade",2,"Fiets","Fiets","Flank","Rechte weg",50,"Niet brandend","Daglicht","Droog",\N,"247368045","Hugo de Vrieslaan","Amsterdam","Amsterdam","Noord-Holland",false,52.347671,4.929995,"material damage only","4","clear",false,1,"GM0363"
"20240051539",2024,"Letsel",2,"Fiets","e-bike","Flank","Kruispunt, 3 takken",30,"Niet aanwezig","Daglicht","Droog",\N,\N,"Cornelis Lelylaan","Amsterdam","Amsterdam","Noord-Holland",false,52.3582,4.8165,"injury","2","clear",false,1,"GM0363"
"20240079094",2024,"Letsel",1,"Fiets",\N,"Onbekend","Rechte weg",\N,"Niet brandend","Daglicht","Regen",\N,"600716096","Terletstraat","'s-Gravenhage","'s-Gravenhage","Zuid-Holland",false,52.063634,4.289427,"injury","2","rain",false,1,"GM0518"
"20240037309",2024,"Uitsluitend materiele schade",2,"Personenauto","Fiets","Flank","Kruispunt, 3 takken",30,"Niet brandend","Daglicht","Droog",\N,\N,"Vincent van Goghlaan","Winschoten","Oldambt","Groningen",false,53.144957,7.044501,"material damage only","4","clear",false,1,"GM1895"
"20240077128",2024,"Letsel",2,"Vrachtauto","Fiets","Flank","Kruispunt, 3 takken",30,"Niet brandend","Daglicht","Droog",\N,\N,"Gasthuisstraat","Alkmaar","Alkmaar","Noord-Holland",false,52.632993,4.743273,"injury","2","clear",false,1,"GM0361"
"20240079158",2024,"Letsel",2,"Fiets","Fiets","Flank","Kruispunt, 4 takken",30,"Niet brandend","Daglicht","Droog",\N,\N,"Godfried Bomanspad","Zoetermeer","Zoetermeer","Zuid-Holland",false,52.062338,4.484084,"injury","2","clear",false,1,"GM0637"
"20240080414",2024,"Uitsluitend materiele schade",2,"Personenauto","Fiets","Flank","Kruispunt, 3 takken",50,"Niet brandend","Daglicht","Droog",\N,\N,"Schiedamseweg","Rotterdam","Rotterdam","Zuid-Holland",false,51.909693,4.44845,"material damage only","4","clear",false,1,"GM0599"
"20240036724",2024,"Letsel",2,"Fiets","Fiets","Onbekend","Kruispunt, 4 takken",50,"Niet brandend","Daglicht","Droog",\N,\N,"Beethovenlaan","Hengelo","Hengelo (O)","Overijssel",false,52.270047,6.808314,"injury","2","clear",false,1,\N