"accident_id","year","severity_raw","party_count","party1_type","party2_type","accident_type","road_situation","speed_limit_kmh","road_lighting","light_condition_label","weather_raw","infra_type","road_segment_id","street_name","place_name","gemeente_name_raw","province","alcohol_indicated","latitude","longitude","severity_label","severity_code","weather_label","built_up_area","cyclists_involved","gemeente_code"
"20240038353",2024,"Uitsluitend materiele schade",2,"Snorfiets","Fiets","Flank","Rechte weg",\N,"Niet brandend","Daglicht","Droog",\N,"276338028","Loosdrechtseweg","Hilversum","Hilversum","Noord-Holland",false,52.212534,5.147886,"material damage only","4","clear",false,1,"GM0402"
"20240047972",2024,"Uitsluitend materiele schade",2,"Bestelauto","Fiets","Flank","Rechte weg",30,"Brandend","Duisternis","Droog",\N,"223432101","Marktstraat","Alkmaar","Alkmaar","Noord-Holland",false,52.632283,4.749536,"material damage only","4","clear",false,1,"GM0361"
"20240051656",2024,"Letsel",2,"Fiets","Lichtmast","Vast voorwerp","Rechte weg",80,"Brandend","Schemer","Droog",\N,"600945232","Bergerweg","Bergen (NH)","Bergen (NH)","Noord-Holland",false,52.650449,4.721731,"injury","2","clear",false,1,\N
"20240041516",2024,"Uitsluitend materiele schade",2,"Personenauto","Fiets","Flank","Rechte weg",50,"Niet brandend","Daglicht","Droog",\N,"600773055","Stappegoorweg","Tilburg","Tilburg","Noord-Brabant",false,51.542417,5.076947,"material damage only","4","clear",false,1,"GM0855"
"20240042795",2024,"Uitsluitend materiele schade",1,"Fiets",\N,"Eenzijdig","Rechte weg",50,"Niet brandend","Daglicht","Droog",\N,"600739668","Reeweg","Hendrik-Ido-Ambacht","Hendrik-Ido-Ambacht","Zuid-Holland",false,51.844287,4.630717,"material damage only","4","clear",false,1,"GM0531"
"20240077179",2024,"Uitsluitend materiele schade",2,"Fiets","Personenauto","Flank","Rechte weg",30,"Niet brandend","Daglicht","Droog",\N,\N,"Hoofdweg","Lijnden","Haarlemmermeer","Noord-Holland",false,52.352146,4.759932,"material damage only","4","clear",false,1,"GM0394"
"20240080529",2024,"Letsel",2,"Personenauto","Fiets","Frontaal","Rechte weg",50,"Niet brandend","Daglicht","Droog",\N,"268194040","Besterdring","Tilburg","Tilburg","Noord-Brabant",false,51.56452,5.090387,"injury","2","clear",false,1,"GM0855"
"20240041530",2024,"Dodelijk",2,"Fiets","Fiets","Flank","Kruispunt, 3 takken",50,"Niet brandend","Daglicht","Droog",\N,\N,"Lijstersingel","Capelle aan den IJssel","Capelle aan den IJssel","Zuid-Holland",false,51.929287,4.582927,"fatal","1","clear",false,1,"GM0502"
"20240079899",2024,"Uitsluitend materiele schade",2,"Personenauto","Fiets","Flank","Rotonde",50,"Niet brandend","Daglicht","Droog",\N,\N,"Groenelaan","Amstelveen","Amstelveen","Noord-Holland",false,52.293547,4.871233,"material damage only","4","clear",false,1,"GM0362"
"20240041604",2024,"Letsel",3,"Fiets","Trekker","Flank","Kruispunt, 4 takken",80,"Niet brandend","Daglicht","Droog",\N,\N,"Vogelstraat","Hooge Zwaluwe","Drimmelen","Noord-Brabant",false,51.669185,4.737163,"injury","2","clear",false,1,"GM1719"
"20240078697",2024,"Letsel",2,"Personenauto","Fiets","Flank","Rechte weg",50,"Niet aanwezig","Daglicht","Droog",\N,"601152197","Titus Brandsmastraat","Rijswijk","Rijswijk","Zuid-Holland",false,52.030515,4.309563,"injury","2","clear",false,1,\N
"20240051188",2024,"Uitsluitend materiele schade",2,\N,"Fiets","Flank","Rechte weg",30,"Niet brandend","Daglicht","Droog",\N,"600767564","Oudelandsdijkje","Purmerend","Purmerend","Noord-Holland",false,52.499397,4.965776,"material damage only","4","clear",false,1,"GM0439"
"20240079973",2024,"Letsel",2,"Fiets","Fiets","Frontaal","Bocht",50,"Niet brandend","Daglicht","Droog",\N,"223438042","Laan van Athene","Alkmaar","Alkmaar","Noord-Holland",false,52.659862,4.751109,"injury","2","clear",false,1,"GM0361"
"20240033862",2024,"Uitsluitend materiele schade",2,"Personenauto","Fiets","Onbekend","Rotonde",50,"Niet brandend","Daglicht","Droog",\N,\N,"Meerhovendreef","Eindhoven","Eindhoven","Noord-Brabant",false,51.434899,5.393821,"material damage only","4","clear",false,1,"GM0772"
"20240040263",2024,"Letsel",1,"Fiets",\N,"Onbekend","Bocht",50,"Niet brandend","Daglicht","Droog",\N,"601014870","Erasmusweg","'s-Gravenhage","'s-Gravenhage","Zuid-Holland",false,52.051907,4.30184,"injury","2","clear",false,1,"GM0518"
"20240040929",2024,"Letsel",1,"Fiets",\N,"Onbekend","Rechte weg",30,"Niet brandend","Daglicht","Droog",\N,"228439034","Benedenweg","Sint Pancras","Dijk en Waard","Noord-Holland",false,52.663523,4.782074,"injury","2","clear",false,1,"GM1980"
"20240038849",2024,"Uitsluitend materiele schade",3,"Bestelauto","Fiets","Los voorwerp","Rechte weg",30,"Niet brandend","Daglicht","Droog",\N,"274316019","Albrecht Thaerlaan","Utrecht","Utrecht","Utrecht",false,52.11109,5.131352,"material damage only","4","clear",false,1,"GM0344"
"20240040328",2024,"Letsel",3,"Fiets","Fiets","Flank","Rechte weg",30,"Brandend","Duisternis","Droog",\N,"241372099","Weteringschans","Amsterdam","Amsterdam","Noord-Holland",false,52.361325,4.88681,"injury","2","clear",false,1,"GM0363"
"20240072969",2024,"Letsel",2,"Personenauto","Fiets","Flank","Kruispunt, 4 takken",60,"Niet brandend","Daglicht","Regen",\N,\N,"Herculesweg","Middelburg","Middelburg","Zeeland",false,51.49502,3.641596,"injury","2","rain",false,1,\N
"20240176463",2024,"Letsel",2,"Fiets","Fiets","Flank","Rechte weg",\N,"Niet brandend","Daglicht","Droog",\N,"600509920","Karel Doormanweg","Den Helder","Den Helder","Noord-Holland",false,52.939112,4.785055,"injury","2","clear",false,1,"GM0400"
"20230092256",2023,"Uitsluitend materiele schade",2,"Personenauto","Fiets","Flank","Rotonde",50,"Niet brandend","Daglicht","Regen",\N,\N,"Hildebrandstraat","'s-Hertogenbosch","'s-Hertogenbosch","Noord-Brabant",false,51.682975,5.327704,"material damage only","4","rain",false,1,"GM0796"
"20230097448",2023,"Uitsluitend materiele schade",2,"Snorfiets","Fiets","Frontaal","Rechte weg",\N,"Brandend","Duisternis","Regen",\N,"600762769","Klaprozenweg","Amsterdam","Amsterdam","Noord-Holland",false,52.406707,4.89235,"material damage only","4","rain",false,1,"GM0363"
"20230104637",2023,"Uitsluitend materiele schade",2,"Personenauto","Fiets","Flank","Kruispunt, 3 takken",30,"Niet brandend","Daglicht","Droog",\N,\N,"van Heutszsingel","Coevorden","Coevorden","Drenthe",false,52.663324,6.736835,"material damage only","4","clear",false,1,"GM0109"
"20230107385",2023,"Uitsluitend materiele schade",2,"Personenauto","Fiets","Flank","Rotonde",50,"Brandend","Duisternis","Droog",\N,\N,"Laan van Welhorst","Hendrik-Ido-Ambacht","Hendrik-Ido-Ambacht","Zuid-Holland",false,51.833518,4.649648,"material damage only","4","clear",false,1,"GM0531"
"20230088735",2023,"Letsel",3,"Fiets","Bromfiets","Kop/staart","Rechte weg",50,"Niet brandend","Daglicht","Droog",\N,"600718748","Trekkade","Vlaardingen","Vlaardingen","Zuid-Holland",false,51.930308,4.33637,"injury","2","clear",false,1,"GM0622"
"20230093448",2023,"Uitsluitend materiele schade",3,"Fiets","Personenauto","Onbekend","Rotonde",50,"Niet brandend","Daglicht","Droog",\N,\N,"Arnhemseweg","Zevenaar","Zevenaar","Gelderland",false,51.929418,6.071067,"material damage only","4","clear",false,1,"GM0299"
"20230084675",2023,"Uitsluitend materiele schade",2,"Personenauto","Fiets","Flank","Kruispunt, 3 takken",60,"Niet brandend","Daglicht","Droog",\N,\N,"Kapperallee","Zutphen","Zutphen","Gelderland",false,52.151466,6.236026,"material damage only","4","clear",false,1,"GM0301"
"20230092328",2023,"Uitsluitend materiele schade",2,"Personenauto","Fiets","Flank","Rotonde",50,"Brandend","Schemer","Regen",\N,\N,"Midden-Brabantweg","Tilburg","Tilburg","Noord-Brabant",false,51.57602,5.066022,"material damage only","4","rain",false,1,"GM0855"
"20230096350",2023,"Letsel",2,"Fiets","Voetganger","Voetganger","Rechte weg",50,"Brandend","Duisternis","Regen",\N,"374256083","Stationsplein","Nijmegen","Nijmegen","Gelderland",false,51.842388,5.852772,"injury","2","rain",false,1,"GM0268"
"20230104390",2023,"Uitsluitend materiele schade",2,"Bromfiets","Fiets","Onbekend","Bocht",50,"Brandend","Duisternis","Droog",\N,"600382746","Oostergoweg","Leeuwarden","Leeuwarden","Friesland",false,53.196388,5.802619,"material damage only","4","clear",false,1,"GM0080"
"20230094684",2023,"Letsel",2,"Bestelauto","Fiets","Eenzijdig","Rechte weg",50,"Niet brandend","Daglicht","Droog",\N,"389423016","Kamperzeedijk","Genemuiden","Zwartewaterland","Overijssel",false,52.596201,5.984394,"injury","2","clear",false,1,"GM1896"
"20230100628",2023,"Letsel",2,"Personenauto","Fiets","Flank","Kruispunt, 4 takken",50,"Niet brandend","Daglicht","Regen",\N,\N,"Rompertpassage","'s-Hertogenbosch","'s-Hertogenbosch","Noord-Brabant",false,51.71205,5.315226,"injury","2","rain",false,1,"GM0796"
"20230100646",2023,"Letsel",2,"Bus","Fiets","Flank","Kruispunt, 3 takken",50,"Niet brandend","Daglicht","Regen",\N,\N,"Middelweg","Beek","Beek","Limburg",false,50.949865,5.790804,"injury","2","rain",false,1,\N
"20230101321",2023,"Letsel",1,"Fiets",\N,"Eenzijdig","Rechte weg",50,"Brandend","Duisternis","Regen",\N,"600713038","Veilingweg","De Lier","Westland","Zuid-Holland",false,51.979879,4.238933,"injury","2","rain",false,1,"GM1783"
"20230084177",2023,"Letsel",2,"Personenauto","Fiets","Flank","Kruispunt, 4 takken",50,"Niet brandend","Daglicht","Droog",\N,\N,"van Veenweg","Heerhugowaard","Dijk en Waard","Noord-Holland",false,52.66812,4.859284,"injury","2","clear",false,1,"GM1980"
"20230087089",2023,"Letsel",2,"Personenauto","Fiets","Flank","Kruispunt, 3 takken",50,"Niet aanwezig","Daglicht","Droog",\N,\N,"Voorstraat","Noordwijk","Noordwijk","Zuid-Holland",false,52.229511,4.445786,"injury","2","clear",false,1,"GM0575"
"20230101030",2023,"Letsel",3,"Bromfiets","Fiets","Onbekend","Rechte weg",50,"Niet brandend","Daglicht","Droog",\N,\N,"Koninginneweg","Rotterdam","Rotterdam","Zuid-Holland",false,51.897525,4.550811,"injury","2","clear",false,1,"GM0599"
"20230105903",2023,"Uitsluitend materiele schade",2,"Personenauto","Fiets","Flank","Kruispunt, 4 takken",60,\N,"Schemer",\N,\N,\N,"Molendam","Afferden","Druten","Gelderland",false,51.882804,5.645768,"material damage only","4","unknown",false,1,"GM0225"
"20230084246",2023,"Letsel",2,"Personenauto","e-bike","Flank","Kruispunt, 3 takken",50,"Niet brandend","Daglicht","Droog",\N,\N,"Ducaatstraat","Zaandam","Zaanstad","Noord-Holland",false,52.428391,4.799187,"injury","2","clear",false,1,"GM0479"
"20230093034",2023,"Letsel",2,"Personenauto","e-bike","Flank","Kruispunt, 4 takken",60,"Niet brandend","Daglicht","Droog",\N,\N,"Kampsestraat","Elst","Overbetuwe","Gelderland",false,51.928152,5.87722,"injury","2","clear",false,1,"GM1734"
"20230097668",2023,"Uitsluitend materiele schade",2,"Bestelauto","Fiets","Flank","Rechte weg",30,"Niet brandend","Duisternis","Droog",\N,\N,"Grote Beer","Krommenie","Zaanstad","Noord-Holland",false,52.501727,4.75358,"material damage only","4","clear",false,1,"GM0479"
"20230100198",2023,"Uitsluitend materiele schade",2,"Personenauto","Fiets","Flank","Kruispunt, 3 takken",30,"Brandend","Duisternis","Droog",\N,\N,"Brucknerlaan","Tilburg","Tilburg","Noord-Brabant",false,51.582946,5.086912,"material damage only","4","clear",false,1,"GM0855"
"20230105102",2023,"Uitsluitend materiele schade",2,"Personenauto","e-bike","Flank","Rotonde",50,"Brandend","Duisternis","Regen",\N,\N,"Lunterseweg","Barneveld","Barneveld","Gelderland",false,52.131102,5.589572,"material damage only","4","rain",false,1,"GM0203"
"20230105617",2023,"Letsel",3,"Personenauto","Fiets","Flank","Rotonde",50,"Brandend","Schemer","Regen",\N,\N,"Baron van Sternbachlaan","Nijverdal","Hellendoorn","Overijssel",false,52.374852,6.472931,"injury","2","rain",false,1,"GM0163"
"20230083106",2023,"Letsel",2,"Fiets","Personenauto","Flank","Rotonde",50,"Niet brandend","Daglicht","Droog",\N,\N,"Tongerenseweg","Epe","Epe","Gelderland",false,52.34799,5.972026,"injury","2","clear",false,1,"GM0232"
"20230086002",2023,"Letsel",2,"Fiets",\N,"Eenzijdig","Rechte weg",50,"Niet brandend","Daglicht","Droog",\N,"257332022","G v Nijenrodestr","Breukelen","Stichtse Vecht","Utrecht",false,52.18192,5.002331,"injury","2","clear",false,1,"GM1904"
"20230091331",2023,"Uitsluitend materiele schade",2,"Bestelauto","Fiets","Onbekend","Rotonde",50,"Niet brandend","Daglicht","Droog","Tankstation",\N,"President Rooseveltlaan","Vlissingen","Vlissingen","Zeeland",false,51.454218,3.585367,"material damage only","4","clear",false,1,"GM0718"
"20230101869",2023,"Letsel",2,"Personenauto","Fiets","Onbekend","Rechte weg",30,"Niet brandend","Daglicht","Regen",\N,"163296035","Laan van Sion","Rijswijk","Rijswijk","Zuid-Holland",false,52.017979,4.322888,"injury","2","rain",false,1,\N
"20230081402",2023,"Letsel",3,"Fiets","Bestelauto","Eenzijdig","Bocht",50,"Niet brandend","Daglicht","Droog",\N,"323169064","Onze Lieve Vrouwestraat","Eindhoven","Eindhoven","Noord-Brabant",false,51.452552,5.484573,"injury","2","clear",false,1,"GM0772"
"20230083142",2023,"Uitsluitend materiele schade",2,"Personenauto","Fiets","Onbekend","Rotonde",50,"Niet brandend","Daglicht","Droog",\N,\N,"Apollolaan","Almelo","Almelo","Overijssel",false,52.357297,6.646601,"material damage only","4","clear",false,1,"GM0141"
"20230093692",2023,"Uitsluitend materiele schade",2,"Personenauto","Fiets","Flank","Kruispunt, 4 takken",50,"Niet brandend","Daglicht","Regen",\N,\N,"Kanaal Zuid","Apeldoorn","Apeldoorn","Gelderland",false,52.193439,5.982415,"material damage only","4","rain",false,1,"GM0200"
"20230101130",2023,"Letsel",2,"Personenauto","Fiets","Flank","Kruispunt, 4 takken",80,"Brandend","Schemer","Droog",\N,\N,"Buitenom","Piershil","Hoeksche Waard","Zuid-Holland",false,51.799144,4.33839,"injury","2","clear",false,1,"GM1963"
"20230082017",2023,"Letsel",2,"Personenauto","Fiets","Flank","Kruispunt, 4 takken",80,"Niet brandend","Daglicht","Droog",\N,\N,"Oude Rijksweg Zuid","Susteren","Echt-Susteren","Limburg",false,51.053029,5.844612,"injury","2","clear",false,1,"GM1711"
"20230087245",2023,"Letsel",2,"Fiets","Fiets","Flank","Kruispunt, 4 takken",50,"Niet brandend","Schemer","Regen",\N,\N,"IJweg","Hoofddorp","Haarlemmermeer","Noord-Holland",false,52.302725,4.648671,"injury","2","rain",false,1,"GM0394"
"20230087836",2023,"Uitsluitend materiele schade",2,"Personenauto","Fiets","Flank","Rotonde",50,"Niet brandend","Daglicht","Droog",\N,\N,"Johan van Hasseltweg","Amsterdam","Amsterdam","Noord-Holland",false,52.387484,4.924158,"material damage only","4","clear",false,1,"GM0363"
"20230090181",2023,"Letsel",2,"Personenauto","Fiets","Flank","Rotonde",50,"Niet brandend","Daglicht","Droog",\N,\N,"Heulweg","Wateringen","Westland","Zuid-Holland",false,52.023184,4.272906,"injury","2","clear",false,1,"GM1783"
"20230096016",2023,"Letsel",2,"Personenauto","Fiets","Flank","Kruispunt, 3 takken",30,"Niet brandend","Daglicht","Droog",\N,\N,"Snelliuslaan","Hilversum","Hilversum","Noord-Holland",true,52.23499,5.179011,"injury","2","clear",false,1,"GM0402"
"20230096607",2023,"Uitsluitend materiele schade",3,"Personenauto","Fiets","Onbekend","Kruispunt, 3 takken",50,"Niet brandend","Daglicht","Droog",\N,\N,"Maarssenbroeksedijk","Maarssen","Stichtse Vecht","Utrecht",false,52.128874,5.037002,"material damage only","4","clear",false,1,"GM1904"
"20230097179",2023,"Uitsluitend materiele schade",3,"Bromfiets","Fiets","Onbekend","Rechte weg",50,"Niet brandend","Daglicht","Droog",\N,"600122939","Overtoom","Amsterdam","Amsterdam","Noord-Holland",false,52.361617,4.870766,"material damage only","4","clear",false,1,"GM0363"
"20230085534",2023,"Letsel",2,"Personenauto","Fiets","Flank","Kruispunt, 3 takken",50,"Niet brandend","Schemer","Droog",\N,\N,"Noorder Parallelweg","Velp","Rheden","Gelderland",false,51.994104,5.965526,"injury","2","clear",false,1,"GM0275"
"20230082110",2023,"Uitsluitend materiele schade",2,"Personenauto","Fiets","Flank","Rotonde",50,"Niet brandend","Daglicht","Regen",\N,\N,"Monseigneur Nolensplein","Venlo","Venlo","Limburg",false,51.3727,6.172299,"material damage only","4","rain",false,1,"GM0983"
"20230089066",2023,"Letsel",3,"Fiets","Fiets","Onbekend","Rechte weg",50,"Niet brandend","Daglicht","Droog",\N,"600712469","Grote Woerdlaan","Naaldwijk","Westland","Zuid-Holland",false,51.998394,4.210107,"injury","2","clear",false,1,"GM1783"
"20230089092",2023,"Uitsluitend materiele schade",2,"Personenauto","Fiets","Flank","Kruispunt, 4 takken",50,"Niet brandend","Daglicht","Droog",\N,\N,"Heeswijkplein","'s-Gravenhage","'s-Gravenhage","Zuid-Holland",false,52.051446,4.304012,"material damage only","4","clear",false,1,"GM0518"
"20230093209",2023,"Uitsluitend materiele schade",3,"Personenauto","Fiets","Onbekend","Rechte weg",30,"Niet brandend","Daglicht","Droog",\N,"470289020","Varsseveldseweg","Lichtenvoorde","Oost Gelre","Gelderland",false,51.985668,6.55868,"material damage only","4","clear",false,1,"GM1586"
"20230085033",2023,"Uitsluitend materiele schade",2,"Fiets","Fiets","Flank","Kruispunt, 4 takken",30,"Niet brandend","Schemer","Regen",\N,\N,"Veerallee","Zwolle","Zwolle","Overijssel",false,52.507736,6.081536,"material damage only","4","rain",false,1,"GM0193"
"20230090290",2023,"Uitsluitend materiele schade",2,"Bromfiets","Fiets","Flank","Kruispunt, 4 takken",50,"Brandend","Schemer",\N,\N,\N,"Pompenburg","Rotterdam","Rotterdam","Zuid-Holland",false,51.925047,4.479659,"material damage only","4","unknown",false,1,"GM0599"
"20230082753",2023,"Uitsluitend materiele schade",2,"Personenauto","Fiets","Flank","Kruispunt, 3 takken",30,"Niet brandend","Daglicht","Droog",\N,\N,"Ridderspoorstraat","Enschede","Enschede","Overijssel",false,52.228886,6.911067,"material damage only","4","clear",false,1,"GM0153"
"20230088563",2023,"Uitsluitend materiele schade",2,"Bestelauto","Fiets","Flank","Rechte weg",50,"Niet brandend","Daglicht","Droog",\N,\N,"Belle van Zuylenstraat","Tilburg","Tilburg","Noord-Brabant",false,51.538066,5.03728,"material damage only","4","clear",false,1,"GM0855"
"20230090337",2023,"Letsel",2,"Bromfiets","Fiets","Flank","Rechte weg",50,"Brandend","Duisternis","Droog",\N,"158306091","Soestdijkseplein","'s-Gravenhage","'s-Gravenhage","Zuid-Holland",false,52.061595,4.282841,"injury","2","clear",false,1,"GM0518"
"20230093278",2023,"Uitsluitend materiele schade",2,"Personenauto","Fiets","Onbekend","Kruispunt, 4 takken",50,"Niet brandend","Daglicht","Droog",\N,\N,"Laan van Erica","Apeldoorn","Apeldoorn","Gelderland",false,52.211115,5.999849,"material damage only","4","clear",false,1,"GM0200"
"20230095015",2023,"Uitsluitend materiele schade",2,"Personenauto","Fiets","Flank","Kruispunt, 3 takken",50,"Niet brandend","Daglicht","Droog",\N,\N,"Borniastraat","Leeuwarden","Leeuwarden","Friesland",false,53.190953,5.797845,"material damage only","4","clear",false,1,"GM0080"
"20230085678",2023,"Letsel",2,"Personenauto","e-bike","Flank","Kruispunt, 4 takken",50,"Niet brandend","Daglicht","Regen",\N,\N,"Laan van Presikhaaf","Arnhem","Arnhem","Gelderland",false,51.986828,5.942488,"injury","2","rain",false,1,"GM0202"
"20230089788",2023,"Uitsluitend materiele schade",2,"Fiets","Personenauto","Flank","Kruispunt, 4 takken",50,"Niet brandend","Daglicht","Regen",\N,\N,"Statenlaan","'s-Gravenhage","'s-Gravenhage","Zuid-Holland",false,52.096868,4.270752,"material damage only","4","rain",false,1,"GM0518"
"20230092767",2023,"Uitsluitend materiele schade",2,"Personenauto","Fiets","Flank","Kruispunt, 4 takken",50,"Niet brandend","Daglicht","Droog",\N,\N,"Huizingalaan","Eindhoven","Eindhoven","Noord-Brabant",false,51.474868,5.460448,"material damage only","4","clear",false,1,"GM0772"
"20230094484",2023,"Letsel",2,"Snorfiets","Fiets","Onbekend","Rotonde",30,"Brandend","Duisternis","Droog",\N,\N,"Westermeenweg","Harderwijk","Harderwijk","Gelderland",false,52.340586,5.615159,"injury","2","clear",false,1,"GM0243"
"20230081050",2023,"Uitsluitend materiele schade",2,"Personenauto","Fiets","Flank","Kruispunt, 4 takken",60,"Niet brandend","Daglicht","Droog",\N,\N,"Hollands Diepstraat","Nispen","Roosendaal","Noord-Brabant",false,51.474593,4.450189,"material damage only","4","clear",false,1,"GM1674"
"20230086864",2023,"Letsel",2,"Bestelauto","Fiets","Eenzijdig","Kruispunt, 4 takken",50,"Niet brandend","Daglicht","Droog",\N,\N,"Segbroeklaan","'s-Gravenhage","'s-Gravenhage","Zuid-Holland",false,52.083033,4.271478,"injury","2","clear",false,1,"GM0518"
"20230088066",2023,"Letsel",2,"Personenauto","Fiets","Flank","Rotonde",50,"Niet brandend","Daglicht","Regen",\N,\N,"Oosttangent","Heerhugowaard","Dijk en Waard","Noord-Holland",false,52.649541,4.825975,"injury","2","rain",false,1,"GM1980"
"20230094507",2023,"Letsel",2,"Personenauto","Fiets","Flank","Rechte weg",50,"Brandend","Schemer","Droog","Tankstation","342299014","Frankeneng","Ede","Ede","Gelderland",false,52.03418,5.62546,"injury","2","clear",false,1,"GM0228"
"20230079913",2023,"Letsel",2,"Personenauto","Fiets","Flank","Rotonde",50,"Niet brandend","Daglicht","Droog",\N,\N,"Graaf Willemlaan","Hendrik-Ido-Ambacht","Hendrik-Ido-Ambacht","Zuid-Holland",false,51.846391,4.646712,"injury","2","clear",false,1,"GM0531"
"20230083429",2023,"Uitsluitend materiele schade",2,"Personenauto","Fiets","Flank","Kruispunt, 4 takken",50,"Niet brandend","Daglicht","Droog",\N,\N,"Bankastraat","Groningen","Groningen","Groningen",false,53.233284,6.564344,"material damage only","4","clear",false,1,"GM0014"
"20230086334",2023,"Letsel",2,"Fiets","Fiets","Onbekend","Kruispunt, 4 takken",50,\N,"Schemer",\N,\N,\N,"Boomaweg","Monster","Westland","Zuid-Holland",false,52.026025,4.182886,"injury","2","unknown",false,1,"GM1783"
"20220001250",2022,"Letsel",3,"Fiets","Lichtmast","Vast voorwerp","Rechte weg",50,"Brandend","Duisternis","Droog",\N,"600837535","Burgemeester Falkenaweg","Heerenveen","Heerenveen","Friesland",false,52.954218,5.930254,"injury","2","clear",false,1,"GM0074"
"20230062180",2023,"Uitsluitend materiele schade",1,"Fiets",\N,"Onbekend","Rechte weg",30,"Niet brandend","Daglicht","Droog",\N,"413145057","Engerstraat","Tegelen","Venlo","Limburg",false,51.342766,6.133271,"material damage only","4","clear",false,1,"GM0983"
"20220002247",2022,"Letsel",2,"Scootmobiel","Fiets","Onbekend","Kruispunt, 4 takken",\N,\N,"Daglicht","Droog",\N,\N,"Damsterdiep","Groningen","Groningen","Groningen",false,53.218466,6.578745,"injury","2","clear",false,1,"GM0014"
"20220096266",2022,"Uitsluitend materiele schade",1,"Fiets",\N,"Onbekend","Rotonde",50,"Niet brandend","Daglicht","Droog",\N,\N,"Houtlaan","Nijmegen","Nijmegen","Gelderland",false,51.816332,5.855104,"material damage only","4","clear",false,1,"GM0268"
"20220118588",2022,"Uitsluitend materiele schade",2,"Personenauto","Fiets","Flank","Kruispunt, 4 takken",50,"Niet brandend","Daglicht","Droog",\N,\N,"Sophiaweg","Nijmegen","Nijmegen","Gelderland",false,51.830015,5.89184,"material damage only","4","clear",false,1,"GM0268"
"20240001165",2024,"Dodelijk",2,"Vrachtauto","Fiets","Flank","Rechte weg",30,"Niet brandend","Daglicht","Droog",\N,"202263047","Westmolendijk","Ridderkerk","Ridderkerk","Zuid-Holland",false,51.869561,4.604511,"fatal","1","clear",false,1,"GM0597"
"20240001066",2024,"Letsel",2,"Personenauto","Fiets","Onbekend","Kruispunt, 3 takken",50,"Niet brandend","Daglicht","Droog",\N,\N,"Langdonk","Roosendaal","Roosendaal","Noord-Brabant",false,51.521148,4.472522,"injury","2","clear",false,1,"GM1674"
"20240004111",2024,"Uitsluitend materiele schade",3,"Brommobiel","Fiets","Onbekend","Kruispunt, 3 takken",30,"Brandend","Schemer","Droog",\N,\N,"Johannes Vermeerstraat","Lichtenvoorde","Oost Gelre","Gelderland",false,51.99176,6.573747,"material damage only","4","clear",false,1,"GM1586"
"20240002277",2024,"Letsel",2,"Fiets","Personenauto","Flank","Rotonde",50,"Niet brandend","Daglicht","Droog",\N,\N,"De Weegbree","Valkenswaard","Valkenswaard","Noord-Brabant",false,51.363801,5.445942,"injury","2","clear",false,1,"GM0858"
"20220063368",2022,"Letsel",2,"Bromfiets","Fiets","Flank","Kruispunt, 4 takken",50,"Niet brandend","Daglicht","Droog",\N,\N,"Marjoleinlaan","Barendrecht","Barendrecht","Zuid-Holland",false,51.853374,4.544653,"injury","2","clear",false,1,"GM0489"
"20220073410",2022,"Letsel",3,"Fiets","Fiets","Onbekend","Bocht",50,"Niet brandend","Daglicht","Droog",\N,"600866467","Holterweg","Nijverdal","Hellendoorn","Overijssel",false,52.350115,6.456197,"injury","2","clear",false,1,"GM0163"
"20220077130",2022,"Letsel",2,"Fiets","Bromfiets","Flank","Kruispunt, 4 takken",50,"Niet brandend","Daglicht","Droog",\N,\N,"Zangvogelweg","Amersfoort","Amersfoort","Utrecht",false,52.166527,5.400326,"injury","2","clear",false,1,"GM0307"
"20220080498",2022,"Uitsluitend materiele schade",2,"Snorfiets","e-bike","Flank","Kruispunt, 3 takken",\N,"Niet brandend","Daglicht",\N,\N,\N,"Kijkduinstraat","Amsterdam","Amsterdam","Noord-Holland",false,52.38487,4.85249,"material damage only","4","unknown",false,1,"GM0363"
"20220009132",2022,"Uitsluitend materiele schade",2,"Personenauto","Fiets","Flank","Kruispunt, 4 takken",50,"Niet brandend","Daglicht","Droog",\N,\N,"Oostelijke Randweg","Bunschoten-Spakenburg","Bunschoten","Utrecht",false,52.230869,5.370821,"material damage only","4","clear",false,1,"GM0313"
"20220019661",2022,"Letsel",1,"Fiets",\N,"Eenzijdig","Kruispunt, 4 takken",30,"Brandend","Duisternis","Droog",\N,\N,"Maresingel","Leiden","Leiden","Zuid-Holland",false,52.165075,4.492108,"injury","2","clear",false,1,"GM0546"
"20220091039",2022,"Uitsluitend materiele schade",1,"Fiets",\N,"Onbekend","Kruispunt, 4 takken",30,"Niet brandend","Daglicht","Droog",\N,\N,"Randwycksingel","Maastricht","Maastricht","Limburg",false,50.837874,5.708915,"material damage only","4","clear",false,1,"GM0935"
"20220091091",2022,"Uitsluitend materiele schade",2,"Snorfiets","Fiets","Onbekend",\N,30,\N,"Daglicht",\N,\N,"387103009","Processieweg","Linne","Maasgouw","Limburg",false,51.155212,5.941252,"material damage only","4","unknown",false,1,"GM1641"
"20220103343",2022,"Letsel",2,"Bromfiets","Fiets","Kop/staart","Rechte weg",\N,"Niet brandend","Daglicht","Droog","Brug/viaduct","253370067","Dick Hilleniuspad","Amsterdam","Amsterdam","Noord-Holland",false,52.357074,4.978714,"injury","2","clear",false,1,"GM0363"