"accident_id","year","severity_raw","party_count","party1_type","party2_type","accident_type","road_situation","speed_limit_kmh","road_lighting","light_condition_label","weather_raw","infra_type","road_segment_id","street_name","place_name","gemeente_name_raw","province","alcohol_indicated","latitude","longitude","severity_label","severity_code","weather_label","built_up_area","cyclists_involved","gemeente_code"
"20220104522",2022,"Letsel",2,"Bromfiets","Fiets","Onbekend","Kruispunt, 3 takken",30,"Niet brandend","Daglicht","Droog",\N,\N,"Honderdland","Maasdijk","Westland","Zuid-Holland",false,51.960339,4.223873,"injury","2","clear",false,1,"GM1783"
"20220044857",2022,"Uitsluitend materiele schade",2,"Personenauto","Fiets","Geparkeerd voertuig","Kruispunt, 3 takken",\N,"Niet brandend","Daglicht","Droog","Parkeervoorziening",\N,"Rozenplein","Ede","Ede","Gelderland",false,52.038409,5.656363,"material damage only","4","clear",false,1,"GM0228"
"20220050717",2022,"Letsel",2,"Personenauto","Fiets","Flank","Rotonde",30,"Niet brandend","Daglicht","Droog",\N,\N,"Hessenweg","De Bilt","De Bilt","Utrecht",false,52.105721,5.178348,"injury","2","clear",false,1,"GM0310"
"20220083729",2022,"Letsel",2,"Personenauto","Fiets","Kop/staart","Rechte weg",50,"Brandend","Duisternis","Droog",\N,"187305129","Amsterdamstraat","Zoetermeer","Zoetermeer","Zuid-Holland",false,52.061023,4.491579,"injury","2","clear",false,1,"GM0637"
"20220046561",2022,"Uitsluitend materiele schade",2,"Personenauto","e-bike","Flank","Kruispunt, 4 takken",50,"Niet brandend","Daglicht","Droog",\N,\N,"Beekstraat","Enschede","Enschede","Overijssel",false,52.231465,6.888283,"material damage only","4","clear",false,1,"GM0153"
"20220053776",2022,"Letsel",3,"Personenauto","Fiets","Onbekend","Rechte weg",50,"Niet brandend","Daglicht","Droog",\N,"206359042","Bennebroekerweg","Hoofddorp","Haarlemmermeer","Noord-Holland",false,52.303867,4.628818,"injury","2","clear",false,1,"GM0394"
"20220079153",2022,"Uitsluitend materiele schade",2,"Personenauto","Fiets","Frontaal","Kruispunt, 4 takken",30,"Niet brandend","Daglicht","Droog",\N,\N,"Beatrixstraat","Den Helder","Den Helder","Noord-Holland",false,52.957414,4.761067,"material damage only","4","clear",false,1,"GM0400"
"20220082840",2022,"Letsel",1,"Fiets",\N,"Eenzijdig","Rechte weg",50,"Brandend","Schemer","Droog",\N,"178335046","Burggravenlaan","Katwijk","Katwijk","Zuid-Holland",false,52.191484,4.424915,"injury","2","clear",false,1,"GM0537"
"20220087757",2022,"Uitsluitend materiele schade",2,"Bromfiets","Fiets","Frontaal","Kruispunt, 3 takken",50,"Niet brandend","Daglicht","Droog",\N,\N,"Belcrumweg","Breda","Breda","Noord-Brabant",false,51.59612,4.770779,"material damage only","4","clear",false,1,"GM0758"
"20220110086",2022,"Uitsluitend materiele schade",2,"Personenauto","Fiets","Onbekend","Kruispunt, 3 takken",30,"Niet brandend","Daglicht","Droog",\N,\N,"Hudsonstraat","Oost-Souburg","Vlissingen","Zeeland",false,51.462211,3.599275,"material damage only","4","clear",false,1,"GM0718"
"20220110446",2022,"Letsel",2,"Personenauto","e-bike","Frontaal","Kruispunt, 3 takken",30,"Niet brandend","Daglicht","Droog",\N,\N,"Grindweg","Westkapelle","Veere","Zeeland",false,51.529042,3.446748,"injury","2","clear",false,1,"GM0717"
"20220111046",2022,"Letsel",2,"Snorfiets","Fiets","Kop/staart","Rotonde",\N,"Niet brandend","Daglicht","Droog",\N,\N,"FIETSPAD","Boxtel","Boxtel","Noord-Brabant",false,51.593225,5.339155,"injury","2","clear",false,1,"GM0757"
"20220029252",2022,"Letsel",2,"Personenauto","Fiets","Flank","Kruispunt, 4 takken",50,"Niet brandend","Daglicht","Droog",\N,\N,"Deltaweg","Helmond","Helmond","Noord-Brabant",false,51.470693,5.705335,"injury","2","clear",false,1,"GM0794"
"20220050816",2022,"Uitsluitend materiele schade",3,"Personenauto","Fiets","Onbekend","Rechte weg",60,"Niet aanwezig","Daglicht","Droog",\N,"600591044","Driebergseweg","Maarn","Utrechtse Heuvelrug","Utrecht",false,52.061192,5.344438,"material damage only","4","clear",false,1,"GM1581"
"20220068507",2022,"Letsel",2,"Bromfiets","Fiets","Onbekend","Kruispunt, 3 takken",50,\N,"Daglicht","Droog","Brug/viaduct",\N,"Franciscus Romanusweg","Maastricht","Maastricht","Limburg",false,50.851909,5.697964,"injury","2","clear",false,1,"GM0935"
"20220082909",2022,"Letsel",2,"Fiets","Fiets","Frontaal","Rechte weg",\N,"Niet brandend","Daglicht","Droog",\N,"600477529","Otweg","Waddinxveen","Waddinxveen","Zuid-Holland",false,52.030763,4.679582,"injury","2","clear",false,1,"GM0627"
"20220085117",2022,"Uitsluitend materiele schade",2,"Personenauto","Fiets","Frontaal","Kruispunt, 4 takken",50,"Niet brandend","Daglicht","Droog",\N,\N,"Verdistraat","Rhoon","Albrandswaard","Zuid-Holland",false,51.8564,4.421236,"material damage only","4","clear",false,1,"GM0613"
"20220112006",2022,"Uitsluitend materiele schade",2,"Personenauto","e-bike","Flank","Rechte weg",30,"Niet brandend","Daglicht","Regen",\N,"600800575","Marconilaan","Eindhoven","Eindhoven","Noord-Brabant",false,51.450645,5.458567,"material damage only","4","rain",false,1,"GM0772"
"20220060932",2022,"Uitsluitend materiele schade",2,"Personenauto","Fiets","Flank","Rechte weg",30,"Niet brandend","Daglicht","Droog",\N,"600735661","Zevenkampse Ring","Rotterdam","Rotterdam","Zuid-Holland",false,51.961887,4.565303,"material damage only","4","clear",false,1,"GM0599"
"20220114566",2022,"Letsel",2,"Fiets","Voetganger","Voetganger","Kruispunt, 3 takken",\N,"Niet brandend","Daglicht","Droog",\N,\N,"Antaresstraat","Groningen","Groningen","Groningen",false,53.229922,6.540921,"injury","2","clear",false,1,"GM0014"
"20220062643",2022,"Uitsluitend materiele schade",2,"Personenauto","Fiets","Flank","Rotonde",30,"Niet brandend","Daglicht","Droog",\N,\N,"Laan 1940-1945","Maassluis","Maassluis","Zuid-Holland",false,51.919323,4.259618,"material damage only","4","clear",false,1,"GM0556"
"20220080148",2022,"Uitsluitend materiele schade",2,"Bestelauto","Fiets","Flank","Kruispunt, 3 takken",50,"Niet brandend","Daglicht","Droog",\N,\N,"Hertzogstraat","Haarlem","Haarlem","Noord-Holland",false,52.392742,4.650023,"material damage only","4","clear",false,1,"GM0392"
"20220085270",2022,"Letsel",2,"Personenauto","Fiets","Flank","Kruispunt, 4 takken",50,"Brandend","Duisternis","Droog",\N,\N,"Bloklandstraat","Rotterdam","Rotterdam","Zuid-Holland",false,51.936815,4.479698,"injury","2","clear",false,1,"GM0599"
"20220104661",2022,"Letsel",2,"Personenauto","Fiets","Flank","Rechte weg",50,"Niet brandend","Daglicht","Droog",\N,"600107104","Dierenselaan","'s-Gravenhage","'s-Gravenhage","Zuid-Holland",false,52.066202,4.282951,"injury","2","clear",false,1,"GM0518"
"20220046945",2022,"Letsel",2,"Personenauto","Fiets","Flank","Rotonde",50,"Niet brandend","Daglicht","Droog",\N,\N,"Oostweg","Enschede","Enschede","Overijssel",false,52.213665,6.938789,"injury","2","clear",false,1,"GM0153"
"20220054134",2022,"Uitsluitend materiele schade",2,"Personenauto","Fiets","Flank","Kruispunt, 3 takken",30,"Brandend","Duisternis","Droog",\N,\N,"Willem van Weldammelaan","Amsterdam","Amsterdam","Noord-Holland",false,52.33103,4.875682,"material damage only","4","clear",false,1,"GM0363"
"20220061076",2022,"Uitsluitend materiele schade",3,"Personenauto","Fiets","Onbekend","Rechte weg",30,"Niet brandend","Daglicht","Droog",\N,"167263128","Digna Johannaweg","Hoogvliet Rotterdam","Rotterdam","Zuid-Holland",false,51.869184,4.35156,"material damage only","4","clear",false,1,"GM0599"
"20220072085",2022,"Letsel",2,\N,"Fiets","Eenzijdig","Rechte weg",50,"Niet aanwezig","Daglicht","Droog",\N,"408515036","Siemen Brinksmaweg","Jubbega","Heerenveen","Friesland",false,53.00371,6.12055,"injury","2","clear",false,1,"GM0074"
"20220079609",2022,"Letsel",2,"Fiets","e-bike","Frontaal","Rechte weg",50,"Niet brandend","Daglicht","Droog","Tunnel","600765554","Melkweg","Purmerend","Purmerend","Noord-Holland",false,52.501581,4.93822,"injury","2","clear",false,1,"GM0439"
"20220082180",2022,"Letsel",1,"Fiets",\N,"Eenzijdig","Rechte weg",50,"Niet brandend","Daglicht","Droog",\N,"600901594","Heinsiuslaan","Leiderdorp","Leiderdorp","Zuid-Holland",false,52.163626,4.529897,"injury","2","clear",false,1,"GM0547"
"20220085401",2022,"Uitsluitend materiele schade",2,"Personenauto","Fiets","Onbekend","Kruispunt, 4 takken",50,"Niet brandend","Daglicht","Droog",\N,\N,"Italiaansestraat","Rotterdam","Rotterdam","Zuid-Holland",false,51.917246,4.421141,"material damage only","4","clear",false,1,"GM0599"
"20220105713",2022,"Letsel",2,"Fiets","Overig vast object","Vast voorwerp","Rechte weg",30,"Niet brandend","Daglicht","Droog",\N,"600533470","Van Alkemadelaan","'s-Gravenhage","'s-Gravenhage","Zuid-Holland",false,52.093976,4.329111,"injury","2","clear",false,1,"GM0518"
"20220040158",2022,"Letsel",2,"Personenauto","Fiets","Flank","Rechte weg",30,"Niet brandend","Daglicht","Droog",\N,"508587016","Energieweg","Appingedam","Eemsdelta","Groningen",false,53.321583,6.877433,"injury","2","clear",false,1,"GM1979"
"20220046974",2022,"Letsel",3,"Personenauto","Fiets","Onbekend","Kruispunt, 4 takken",50,"Niet brandend","Daglicht","Droog",\N,\N,"Hamburgstraat","Oldenzaal","Oldenzaal","Overijssel",false,52.297204,6.909791,"injury","2","clear",false,1,"GM0173"
"20220057194",2022,"Uitsluitend materiele schade",2,"e-bike","Fiets","Onbekend","Bocht",50,"Niet brandend","Daglicht","Droog",\N,\N,"Prins Mauritslaan","'s-Gravenhage","'s-Gravenhage","Zuid-Holland",false,52.096717,4.274034,"material damage only","4","clear",false,1,"GM0518"
"20220058582",2022,"Letsel",2,"Fiets","Fiets","Onbekend","Rechte weg",30,"Niet brandend","Duisternis","Droog","Brug/viaduct",\N,"Buitenwatersloot","Delft","Delft","Zuid-Holland",false,52.008801,4.354699,"injury","2","clear",false,1,"GM0503"
"20220067487",2022,"Letsel",2,"e-bike","Personenauto","Flank","Kruispunt, 4 takken",30,"Niet brandend","Daglicht",\N,\N,\N,"De Bloemerd","Gemert","Gemert-Bakel","Noord-Brabant",false,51.558645,5.679155,"injury","2","unknown",false,1,"GM1652"
"20220085425",2022,"Letsel",3,"Fiets","Fiets","Los voorwerp","Bocht",50,"Niet brandend","Daglicht","Droog",\N,"600915969","Hargalaan","Schiedam","Schiedam","Zuid-Holland",false,51.924397,4.376403,"injury","2","clear",false,1,"GM0606"
"20220020596",2022,"Letsel",2,"Fiets","Fiets","Frontaal","Rechte weg",\N,\N,"Daglicht","Droog","Brug/viaduct","600508437","Eisenhowerlaan","Alphen aan den Rijn","Alphen aan den Rijn","Zuid-Holland",false,52.146106,4.658078,"injury","2","clear",false,1,"GM0484"
"20220084162",2022,"Uitsluitend materiele schade",1,"Fiets",\N,"Onbekend","Rechte weg",30,"Brandend","Duisternis","Droog",\N,"176335006","Prinses Irenelaan","Katwijk","Katwijk","Zuid-Holland",false,52.195733,4.412082,"material damage only","4","clear",false,1,"GM0537"
"20220096474",2022,"Uitsluitend materiele schade",3,"Personenauto","e-bike","Onbekend","Rotonde",50,"Niet brandend","Daglicht","Droog",\N,\N,"Europaweg","Hardenberg","Hardenberg","Overijssel",false,52.573113,6.618061,"material damage only","4","clear",false,1,"GM0160"
"20220099793",2022,"Uitsluitend materiele schade",2,"Personenauto","Fiets","Flank","Kruispunt, 4 takken",30,"Niet brandend","Daglicht","Droog",\N,\N,"Sint Nicolaaslaan","Odijk","Bunnik","Utrecht",false,52.052855,5.240043,"material damage only","4","clear",false,1,"GM0312"
"20220010440",2022,"Uitsluitend materiele schade",2,"Personenauto","Fiets","Flank","Kruispunt, 3 takken",50,"Niet brandend","Daglicht","Droog",\N,\N,"Laan van Vogelenzang","Hilversum","Hilversum","Noord-Holland",false,52.231625,5.160712,"material damage only","4","clear",false,1,"GM0402"
"20220054541",2022,"Uitsluitend materiele schade",2,"Motor","Fiets","Flank","Kruispunt, 4 takken",50,"Niet brandend","Daglicht","Droog",\N,\N,"Mr. Visserplein","Amsterdam","Amsterdam","Noord-Holland",false,52.367573,4.903989,"material damage only","4","clear",false,1,"GM0363"
"20220070799",2022,"Uitsluitend materiele schade",2,"Personenauto","Fiets","Frontaal","Rechte weg",30,"Brandend","Duisternis","Droog",\N,"472563006","Osloweg","Groningen","Groningen","Groningen",false,53.216484,6.603908,"material damage only","4","clear",false,1,"GM0014"
"20220082481",2022,"Uitsluitend materiele schade",2,"Bestelauto","Fiets","Flank","Rotonde",50,"Niet brandend","Daglicht","Droog",\N,\N,"Burg Bruins Slotsingel","Alphen aan den Rijn","Alphen aan den Rijn","Zuid-Holland",false,52.145883,4.655318,"material damage only","4","clear",false,1,"GM0484"
"20220086827",2022,"Letsel",2,"Bromfiets","Fiets","Flank","Rechte weg",50,"Niet brandend","Daglicht","Sneeuw/Hagel",\N,\N,"Giraffestraat","Breda","Breda","Noord-Brabant",false,51.594911,4.809803,"injury","2","unknown",false,1,"GM0758"
"20220097183",2022,"Letsel",2,"Fiets","Fiets","Flank","Kruispunt, 3 takken",30,"Niet brandend","Daglicht","Droog",\N,\N,"Zonnebloemstraat","Didam","Montferland","Gelderland",false,51.941144,6.13792,"injury","2","clear",false,1,"GM1955"
"20220097204",2022,"Letsel",2,"Personenauto","e-bike","Onbekend","Kruispunt, 4 takken",50,"Niet brandend","Daglicht","Droog",\N,\N,"Nijmeegseweg","Arnhem","Arnhem","Gelderland",false,51.963221,5.897033,"injury","2","clear",false,1,"GM0202"
"20220098895",2022,"Uitsluitend materiele schade",2,"Fiets","Vrachtauto","Flank","Rechte weg",80,"Niet aanwezig","Daglicht",\N,\N,"600946873","Eemmeerdijk","Zeewolde","Zeewolde","Flevoland",false,52.266551,5.389568,"material damage only","4","unknown",false,1,"GM0050"
"20220018691",2022,"Letsel",2,"Fiets","Scootmobiel","Flank","Kruispunt, 3 takken",15,"Niet brandend","Daglicht",\N,\N,\N,"Twentstraat","'s-Gravenhage","'s-Gravenhage","Zuid-Holland",false,52.076185,4.296653,"injury","2","unknown",false,1,"GM0518"
"20220034643",2022,"Letsel",2,"Fiets","Los voorwerp","Los voorwerp","Rechte weg",60,"Niet brandend","Daglicht","Droog",\N,"600945550","Rietveld","Woerden","Woerden","Utrecht",false,52.080364,4.834995,"injury","2","clear",false,1,"GM0632"
"20220055777",2022,"Letsel",2,"Bestelauto","Fiets","Flank","Kruispunt, 4 takken",70,"Niet brandend","Daglicht","Droog",\N,\N,"Fortdiemerdammerweg","Diemen","Diemen","Noord-Holland",false,52.335374,5.004762,"injury","2","clear",false,1,"GM0384"
"20220055778",2022,"Letsel",2,"Bestelauto","e-bike","Frontaal","Kruispunt, 4 takken",50,"Niet brandend","Daglicht","Droog",\N,\N,"Victorieplein","Amsterdam","Amsterdam","Noord-Holland",false,52.345828,4.902945,"injury","2","clear",false,1,"GM0363"
"20220059877",2022,"Uitsluitend materiele schade",2,"Bromfiets","Fiets","Flank","Rotonde",30,"Niet brandend","Daglicht","Droog","Tunnel",\N,"Donau","'s-Gravenhage","'s-Gravenhage","Zuid-Holland",false,52.05568,4.396358,"material damage only","4","clear",false,1,"GM0518"
"20220084422",2022,"Uitsluitend materiele schade",2,"Personenauto","Fiets","Frontaal","Kruispunt, 4 takken",30,"Niet brandend","Daglicht","Droog",\N,\N,"Mathenesserplein","Rotterdam","Rotterdam","Zuid-Holland",false,51.917729,4.445428,"material damage only","4","clear",false,1,"GM0599"
"20220085793",2022,"Uitsluitend materiele schade",2,"Bestelauto","Fiets","Flank","Kruispunt, 3 takken",30,"Niet brandend","Daglicht","Droog",\N,\N,"Het Steen","Capelle aan den IJssel","Capelle aan den IJssel","Zuid-Holland",false,51.952136,4.593765,"material damage only","4","clear",false,1,"GM0502"
"20220086998",2022,"Letsel",2,"Bromfiets","Fiets","Onbekend","Bocht",50,"Brandend","Daglicht","Regen",\N,"600384011","Moerse Dreef","Tilburg","Tilburg","Noord-Brabant",false,51.584857,5.00734,"injury","2","rain",false,1,"GM0855"
"20220099303",2022,"Letsel",1,"Fiets",\N,"Eenzijdig","Rechte weg",50,"Niet brandend","Daglicht","Regen","Tunnel","600487427","Johannes Geradtsweg","Hilversum","Hilversum","Noord-Holland",false,52.236369,5.193584,"injury","2","rain",false,1,"GM0402"
"20220100372",2022,"Letsel",2,"Vrachtauto","Fiets","Onbekend","Kruispunt, 4 takken",30,"Niet aanwezig","Daglicht","Droog",\N,\N,"Voorzorgstraat","Haarlem","Haarlem","Noord-Holland",false,52.378443,4.620168,"injury","2","clear",false,1,"GM0392"
"20220074250",2022,"Letsel",2,"Personenauto","e-bike","Flank","Kruispunt, 3 takken",30,"Niet brandend","Daglicht","Droog",\N,\N,"de Voormars","Ommen","Ommen","Overijssel",false,52.519633,6.414941,"injury","2","clear",false,1,"GM0175"
"20220074915",2022,"Uitsluitend materiele schade",2,"e-bike","e-bike","Kop/staart","Rechte weg",50,"Niet brandend","Daglicht","Droog",\N,"516340102","Kuipersdijk","Enschede","Enschede","Overijssel",false,52.210642,6.894923,"material damage only","4","clear",false,1,"GM0153"
"20220010632",2022,"Letsel",2,"Bestelauto","Fiets","Onbekend","Kruispunt, 4 takken",30,"Niet brandend","Daglicht","Droog",\N,\N,"OEKRAINEPLAATS","Almere","Almere","Flevoland",false,52.348001,5.155911,"injury","2","clear",false,1,"GM0034"
"20220059984",2022,"Uitsluitend materiele schade",3,"Snorfiets","Fiets","Onbekend","Rechte weg",30,"Niet brandend","Daglicht","Droog",\N,\N,"Erasmusweg","'s-Gravenhage","'s-Gravenhage","Zuid-Holland",false,52.045137,4.289158,"material damage only","4","clear",false,1,"GM0518"
"20220100532",2022,"Uitsluitend materiele schade",2,"e-bike","Bestelauto","Frontaal","Kruispunt, 4 takken",50,"Niet brandend","Daglicht","Droog",\N,\N,"Heemsteedse Dreef","Heemstede","Heemstede","Noord-Holland",false,52.347234,4.624024,"material damage only","4","clear",false,1,"GM0397"
"20220101927",2022,"Letsel",2,"Personenauto","Fiets","Flank","Kruispunt, 3 takken",50,"Niet brandend","Daglicht","Droog",\N,\N,"Schakelweg","Purmerend","Purmerend","Noord-Holland",false,52.512208,5.004318,"injury","2","clear",false,1,"GM0439"
"20220102300",2022,"Uitsluitend materiele schade",2,"Fiets","Fiets","Frontaal","Rechte weg",30,"Niet brandend","Daglicht","Droog",\N,"236376019","Wiltzanghlaan","Amsterdam","Amsterdam","Noord-Holland",false,52.381865,4.84943,"material damage only","4","clear",false,1,"GM0363"
"20220102907",2022,"Uitsluitend materiele schade",2,"Bromfiets","Fiets","Flank","Kruispunt, 3 takken",\N,"Brandend","Duisternis","Droog",\N,\N,"Holterbergweg","Amsterdam","Amsterdam","Noord-Holland",false,52.311945,4.936839,"material damage only","4","clear",false,1,"GM0363"
"20220103188",2022,"Uitsluitend materiele schade",2,"Personenauto","Fiets","Flank","Kruispunt, 4 takken",50,"Niet brandend","Daglicht","Droog",\N,\N,"Linnaeusstraat","Amsterdam","Amsterdam","Noord-Holland",false,52.36194,4.923974,"material damage only","4","clear",false,1,"GM0363"
"20220023879",2022,"Uitsluitend materiele schade",2,"Personenauto","Fiets","Onbekend",\N,30,\N,"Daglicht",\N,\N,"187277080","Crooswijkseweg","Rotterdam","Rotterdam","Zuid-Holland",false,51.932027,4.493881,"material damage only","4","unknown",false,1,"GM0599"
"20220028301",2022,"Uitsluitend materiele schade",2,"Fiets","Personenauto","Flank","Rotonde",50,"Brandend","Schemer","Mist",\N,\N,"Sesterlaan","Uden","Maashorst","Noord-Brabant",false,51.645914,5.624923,"material damage only","4","fog",false,1,"GM1991"
"20220069483",2022,"Uitsluitend materiele schade",2,"Fiets","Personenauto","Flank","Kruispunt, 4 takken",30,"Niet brandend","Daglicht","Droog",\N,\N,"Limburglaan","Weert","Weert","Limburg",false,51.251438,5.719,"material damage only","4","clear",false,1,"GM0988"
"20220101964",2022,"Letsel",1,"Fiets",\N,"Eenzijdig","Rotonde",50,"Niet brandend","Daglicht","Droog",\N,\N,"Willem Runderkampstraat","Volendam","Edam-Volendam","Noord-Holland",false,52.499946,5.052272,"injury","2","clear",false,1,"GM0385"
"20220101979",2022,"Uitsluitend materiele schade",2,"Personenauto","e-bike","Flank","Rotonde",50,"Niet brandend","Daglicht","Droog",\N,\N,"Hoofdweg","Hoofddorp","Haarlemmermeer","Noord-Holland",false,52.305849,4.692653,"material damage only","4","clear",false,1,"GM0394"
"20220102419",2022,"Letsel",2,"Personenauto","Fiets","Frontaal","Kruispunt, 4 takken",50,"Niet brandend","Daglicht","Droog",\N,\N,"President Kennedylaan","Amsterdam","Amsterdam","Noord-Holland",false,52.340725,4.901885,"injury","2","clear",false,1,"GM0363"
"20220047471",2022,"Letsel",2,"Bestelauto","Fiets","Flank","Kruispunt, 4 takken",30,"Niet brandend","Daglicht","Droog",\N,\N,"Getfertweg","Enschede","Enschede","Overijssel",false,52.214298,6.890438,"injury","2","clear",false,1,"GM0153"
"20220053397",2022,"Uitsluitend materiele schade",2,"Personenauto","Fiets","Flank","Rotonde",50,"Niet brandend","Daglicht","Droog",\N,\N,"Laan van Bath","Alkmaar","Alkmaar","Noord-Holland",false,52.658115,4.756476,"material damage only","4","clear",false,1,"GM0361"
"20220059106",2022,"Letsel",1,"e-bike",\N,"Eenzijdig","Rechte weg",50,"Niet brandend","Daglicht","Droog",\N,"600715333","Segbroeklaan","'s-Gravenhage","'s-Gravenhage","Zuid-Holland",false,52.084849,4.272901,"injury","2","clear",false,1,"GM0518"
"20220103322",2022,"Letsel",2,"Trekker","Fiets","Geparkeerd voertuig","Rechte weg",30,"Niet brandend","Daglicht","Droog",\N,"243370004","Van Woustraat","Amsterdam","Amsterdam","Noord-Holland",false,52.354081,4.90187,"injury","2","clear",false,1,"GM0363"
"20220107682",2022,"Letsel",3,"Personenauto","Fiets","Frontaal","Kruispunt, 3 takken",30,"Niet brandend","Daglicht","Droog",\N,\N,"Burg van Walsumweg","Rotterdam","Rotterdam","Zuid-Holland",false,51.92045,4.491451,"injury","2","clear",false,1,"GM0599"
"20220012014",2022,"Letsel",2,"Fiets","Personenauto","Flank","Rotonde",30,"Niet brandend","Daglicht","Regen",\N,\N,"Verspronckweg","Haarlem","Haarlem","Noord-Holland",false,52.391374,4.625351,"injury","2","rain",false,1,"GM0392"
"20220038935",2022,"Uitsluitend materiele schade",2,"Snorfiets","Fiets","Frontaal","Rechte weg",\N,"Brandend","Schemer","Droog",\N,\N,"ROSMALEN 48","Rosmalen","'s-Hertogenbosch","Noord-Brabant",false,51.703784,5.361797,"material damage only","4","clear",false,1,"GM0796"
"20220056237",2022,"Uitsluitend materiele schade",1,"Fiets",\N,"Frontaal","Rechte weg",80,"Niet brandend","Daglicht","Droog",\N,"184343006","van Berckelweg","Noordwijk","Noordwijk","Zuid-Holland",false,52.227819,4.468153,"material damage only","4","clear",false,1,"GM0575"
"20220113405",2022,"Uitsluitend materiele schade",2,"Fiets","Overig wegmeubilair","Vast voorwerp","Rechte weg",50,"Niet brandend","Daglicht","Droog",\N,"600214493","Raar","Meerssen","Meerssen","Limburg",false,50.886021,5.776272,"material damage only","4","clear",false,1,"GM0938"
"20220075195",2022,"Uitsluitend materiele schade",1,"Fiets",\N,"Onbekend","Kruispunt, 3 takken",\N,"Niet brandend","Daglicht","Droog",\N,\N,"Gendringseweg","Azewijn","Montferland","Gelderland",false,51.883949,6.321835,"material damage only","4","clear",false,1,"GM1955"
"20220015995",2022,"Uitsluitend materiele schade",2,"Personenauto","e-bike","Flank","Kruispunt, 4 takken",50,"Niet brandend","Daglicht","Droog",\N,\N,"De Clercqstraat","Amsterdam","Amsterdam","Noord-Holland",false,52.37172,4.873994,"material damage only","4","clear",false,1,"GM0363"
"20220037146",2022,"Letsel",2,"Fiets","Motor","Flank","Rechte weg",70,"Niet brandend","Daglicht","Droog",\N,\N,"Voorschoterweg","Leiden","Leiden","Zuid-Holland",false,52.13728,4.472265,"injury","2","clear",false,1,"GM0546"
"20220037151",2022,"Letsel",2,"Personenauto","e-bike","Flank","Kruispunt, 4 takken",50,"Niet brandend","Daglicht","Droog",\N,\N,"Oxfordstraat","Zoetermeer","Zoetermeer","Zuid-Holland",false,52.059062,4.49112,"injury","2","clear",false,1,"GM0637"
"20220039172",2022,"Letsel",2,"Personenauto","Fiets","Geparkeerd voertuig","Rechte weg",30,"Niet brandend","Daglicht",\N,\N,"296213015","Spoorlaan","Vught","Vught","Noord-Brabant",false,51.650156,5.293172,"injury","2","unknown",false,1,"GM0865"
"20230109983",2023,"Dodelijk",2,"Personenauto","Fiets","Flank","Rechte weg",50,"Brandend","Duisternis","Regen",\N,"600917754","Backer en Ruebweg","Breda","Breda","Noord-Brabant",false,51.60199,4.765257,"fatal","1","rain",false,1,"GM0758"
"20230109338",2023,"Letsel",1,"Fiets",\N,"Eenzijdig",\N,60,\N,"Duisternis",\N,\N,"243341008","Hoofdweg","Waverveen","De Ronde Venen","Utrecht",false,52.223892,4.904093,"injury","2","unknown",false,1,"GM0736"
"20230001337",2023,"Uitsluitend materiele schade",2,"Personenauto","Fiets","Flank","Rechte weg",30,"Niet brandend","Daglicht","Droog",\N,"600817334","Bronland","Wageningen","Wageningen","Gelderland",false,51.984222,5.66571,"material damage only","4","clear",false,1,"GM0289"
"20230022443",2023,"Letsel",1,"Fiets",\N,"Eenzijdig",\N,50,\N,"Daglicht",\N,\N,"162304212","Van Nagelhof","'s-Gravenhage","'s-Gravenhage","Zuid-Holland",false,52.055019,4.3115,"injury","2","unknown",false,1,"GM0518"
"20230041522",2023,"Letsel",2,"Fiets","Voetganger","Voetganger",\N,30,\N,"Daglicht",\N,\N,"228203028","Cornelis Outshoornstraat","Breda","Breda","Noord-Brabant",false,51.605241,4.796866,"injury","2","unknown",false,1,"GM0758"
"20230092204",2023,"Uitsluitend materiele schade",1,"Fiets",\N,"Onbekend",\N,30,\N,"Daglicht",\N,\N,"249219002","Schotse Hooglandersstr","Waspik","Waalwijk","Noord-Brabant",false,51.675362,4.953891,"material damage only","4","unknown",false,1,"GM0867"
"20230011358",2023,"Uitsluitend materiele schade",2,"Personenauto","Fiets","Flank","Kruispunt, 4 takken",50,"Niet brandend","Daglicht","Droog",\N,\N,"Schapendijk","Almelo","Almelo","Overijssel",false,52.372714,6.678074,"material damage only","4","clear",false,1,"GM0141"
"20230000433",2023,"Letsel",1,"Fiets",\N,"Eenzijdig","Rechte weg",30,"Niet brandend","Daglicht","Droog",\N,"381254001","Rijksstraatweg","Ubbergen","Berg en Dal","Gelderland",false,51.83406,5.90732,"injury","2","clear",false,1,"GM1945"
"20230002272",2023,"Uitsluitend materiele schade",2,"Personenauto","Fiets","Frontaal","Rotonde",50,"Brandend","Duisternis","Regen",\N,\N,"Zwolseweg","Deventer","Deventer","Overijssel",false,52.273774,6.137694,"material damage only","4","rain",false,1,"GM0150"
"20230000208",2023,"Letsel",3,"Personenauto","Fiets","Onbekend","Rechte weg",30,"Niet brandend","Daglicht","Droog",\N,"494552010","Hoofdstraat","Hoogezand","Midden-Groningen","Groningen",false,53.163672,6.764168,"injury","2","clear",false,1,"GM1952"
"20230007335",2023,"Uitsluitend materiele schade",2,"Personenauto","Fiets","Kop/staart","Rechte weg",50,"Niet brandend","Daglicht","Droog",\N,"325162140","Korianderstraat","Eindhoven","Eindhoven","Noord-Brabant",false,51.422474,5.49987,"material damage only","4","clear",false,1,"GM0772"