"accident_id","year","severity_raw","party_count","party1_type","party2_type","accident_type","road_situation","speed_limit_kmh","road_lighting","light_condition_label","weather_raw","infra_type","road_segment_id","street_name","place_name","gemeente_name_raw","province","alcohol_indicated","latitude","longitude","severity_label","severity_code","weather_label","built_up_area","cyclists_involved","gemeente_code"
"20230008564",2023,"Uitsluitend materiele schade",2,"Fiets","Overig vast object","Vast voorwerp","Rotonde",50,"Niet brandend","Daglicht","Droog",\N,\N,"FIETSPAD","Landgraaf","Landgraaf","Limburg",false,50.88674,6.014229,"material damage only","4","clear",false,1,"GM0882"
"20230001526",2023,"Letsel",2,"Personenauto","Fiets","Frontaal","Kruispunt, 3 takken",60,"Niet brandend","Daglicht","Droog",\N,\N,"Commissiebos","Zevenhuizen","Westerkwartier","Groningen",false,53.10688,6.344869,"injury","2","clear",false,1,"GM1969"
"20230003409",2023,"Letsel",2,"Personenauto","Fiets","Flank","Rotonde",50,"Niet brandend","Daglicht","Droog",\N,\N,"Verspronckweg","Haarlem","Haarlem","Noord-Holland",false,52.391128,4.625562,"injury","2","clear",false,1,"GM0392"
"20230048021",2023,"Dodelijk",2,"Fiets","Dier","Dier","Rechte weg",50,"Niet brandend","Daglicht","Droog",\N,"600390047","Boulevard Paulus Loot","Zandvoort","Zandvoort","Noord-Holland",false,52.368414,4.522146,"fatal","1","clear",false,1,"GM0473"
"20230038858",2023,"Letsel",1,"Fiets",\N,"Eenzijdig",\N,\N,\N,"Duisternis",\N,\N,"181344032","Kerkstraat","Noordwijk","Noordwijk","Zuid-Holland",false,52.234956,4.445453,"injury","2","unknown",false,1,"GM0575"
"20230011270",2023,"Uitsluitend materiele schade",2,"Personenauto","Fiets","Flank","Rechte weg",\N,"Brandend","Duisternis","Droog",\N,"508346036","Hengelosestraat","Enschede","Enschede","Overijssel",false,52.239241,6.846727,"material damage only","4","clear",false,1,"GM0153"
"20230011350",2023,"Letsel",2,"Fiets","Personenauto","Flank","Rotonde",50,"Niet brandend","Daglicht","Droog",\N,\N,"van Schaeck Mathonsingel","Nijmegen","Nijmegen","Gelderland",false,51.842094,5.85833,"injury","2","clear",false,1,"GM0268"
"20230003654",2023,"Uitsluitend materiele schade",1,"Fiets",\N,"Onbekend","Kruispunt, 4 takken",30,"Niet brandend","Daglicht","Droog",\N,\N,"Bevrijdingstraat","Almere","Almere","Flevoland",false,52.378709,5.235956,"material damage only","4","clear",false,1,"GM0034"
"20230003997",2023,"Uitsluitend materiele schade",2,"Fiets","Voetganger","Voetganger","Kruispunt, 3 takken",30,"Brandend","Duisternis","Droog",\N,\N,"Bos en Lommerplein","Amsterdam","Amsterdam","Noord-Holland",false,52.378072,4.845818,"material damage only","4","clear",false,1,"GM0363"
"20230061797",2023,"Dodelijk",3,\N,"Fiets","Eenzijdig","Rechte weg",30,"Niet brandend","Daglicht","Droog",\N,"213301015","Bloemendaalseweg","Waddinxveen","Waddinxveen","Zuid-Holland",false,52.038579,4.688113,"fatal","1","clear",false,1,"GM0627"
"20230005821",2023,"Letsel",2,"Personenauto","Fiets","Geparkeerd voertuig","Rechte weg",50,"Niet brandend","Daglicht","Droog",\N,"600890532","Regentesselaan","'s-Gravenhage","'s-Gravenhage","Zuid-Holland",false,52.070924,4.284785,"injury","2","clear",false,1,"GM0518"
"20230000043",2023,"Letsel",2,"Bestelauto","Fiets","Flank","Kruispunt, 4 takken",30,"Niet brandend","Daglicht","Droog",\N,\N,"Parkstraat","Arnhem","Arnhem","Gelderland",false,51.981332,5.919448,"injury","2","clear",false,1,"GM0202"
"20230004861",2023,"Letsel",2,"Fiets","Voetganger","Voetganger","Rechte weg",50,"Niet brandend","Daglicht","Droog",\N,"193375069","Haltestraat","Zandvoort","Zandvoort","Noord-Holland",false,52.373763,4.53081,"injury","2","clear",false,1,"GM0473"
"20230006136",2023,"Uitsluitend materiele schade",2,"Personenauto","Fiets","Flank","Rechte weg",50,"Brandend","Schemer","Regen","Brug/viaduct","242372013","Vijzelstraat","Amsterdam","Amsterdam","Noord-Holland",false,52.363326,4.89217,"material damage only","4","rain",false,1,"GM0363"
"20230073134",2023,"Letsel",2,"Fiets","Personenauto","Onbekend",\N,100,\N,"Daglicht",\N,\N,\N,"Rijksweg A28","'t Harde","Elburg","Gelderland",false,52.410399,5.890617,"injury","2","unknown",false,1,"GM0230"
"20230102609",2023,"Letsel",1,"Fiets",\N,"Eenzijdig",\N,30,\N,"Daglicht",\N,\N,\N,"Bargelaan","Leiden","Leiden","Zuid-Holland",false,52.166637,4.480925,"injury","2","unknown",false,1,"GM0546"
"20230002523",2023,"Letsel",3,"Bromfiets","Fiets","Frontaal","Rechte weg",\N,"Brandend","Duisternis","Droog",\N,"207377051","Kruisweg","Haarlem","Haarlem","Noord-Holland",false,52.385946,4.636342,"injury","2","clear",false,1,"GM0392"
"20230006158",2023,"Letsel",2,"Personenauto","Fiets","Flank","Rotonde",50,"Niet brandend","Daglicht","Regen",\N,\N,"Vondellaan","Ridderkerk","Ridderkerk","Zuid-Holland",false,51.866064,4.604316,"injury","2","rain",false,1,"GM0597"
"20230007510",2023,"Uitsluitend materiele schade",2,"Motor","Fiets","Flank","Kruispunt, 4 takken",50,\N,"Daglicht",\N,\N,\N,"Leostraat","Eindhoven","Eindhoven","Noord-Brabant",false,51.424169,5.492406,"material damage only","4","unknown",false,1,"GM0772"
"20230040064",2023,"Letsel",1,"Fiets",\N,"Eenzijdig",\N,60,\N,"Daglicht",\N,\N,"151296013","Van Ockenburchlaan","Honselersdijk","Westland","Zuid-Holland",false,52.017293,4.235233,"injury","2","unknown",false,1,"GM1783"
"20230004139",2023,"Letsel",2,"Snorfiets","Fiets","Flank","Kruispunt, 4 takken",30,"Brandend","Duisternis","Droog",\N,\N,"Reinwardtstraat","Amsterdam","Amsterdam","Noord-Holland",false,52.361294,4.928368,"injury","2","clear",false,1,"GM0363"
"20230004143",2023,"Uitsluitend materiele schade",2,"Snorfiets","Fiets","Onbekend","Kruispunt, 4 takken",15,"Brandend","Duisternis","Droog",\N,\N,"Holendrechtplein","Amsterdam","Amsterdam","Noord-Holland",false,52.299675,4.965442,"material damage only","4","clear",false,1,"GM0363"
"20230005701",2023,"Letsel",2,"Fiets","Bestelauto","Eenzijdig","Rechte weg",30,"Niet brandend","Daglicht","Droog",\N,"210321064","Hooftstraat","Alphen aan den Rijn","Alphen aan den Rijn","Zuid-Holland",false,52.133008,4.663731,"injury","2","clear",false,1,"GM0484"
"20230005941",2023,"Letsel",2,"Personenauto","Fiets","Flank","Kruispunt, 4 takken",50,"Brandend","Duisternis","Droog",\N,\N,"Oude Middenweg","'s-Gravenhage","'s-Gravenhage","Zuid-Holland",false,52.072313,4.400578,"injury","2","clear",false,1,"GM0518"
"20230005951",2023,"Uitsluitend materiele schade",2,"Personenauto","Fiets","Flank","Kruispunt, 3 takken",50,"Niet brandend","Daglicht","Droog",\N,\N,"Willem de Zwijgerlaan","Leiden","Leiden","Zuid-Holland",false,52.16866,4.493179,"material damage only","4","clear",false,1,"GM0546"
"20230069889",2023,"Letsel",1,"Fiets",\N,"Eenzijdig",\N,50,\N,"Daglicht",\N,\N,\N,"Reyerdijk","Rotterdam","Rotterdam","Zuid-Holland",false,51.883552,4.538425,"injury","2","unknown",false,1,"GM0599"
"20230004762",2023,"Uitsluitend materiele schade",2,"Personenauto","Fiets","Flank","Kruispunt, 3 takken",50,"Niet brandend","Daglicht","Droog",\N,\N,"Emplacementsweg","Beverwijk","Beverwijk","Noord-Holland",false,52.477662,4.652716,"material damage only","4","clear",false,1,"GM0375"
"20230004986",2023,"Letsel",1,"Fiets",\N,"Eenzijdig","Bocht",50,"Niet brandend","Daglicht","Regen",\N,"600573739","Nieuwe Hoefweg","Benthuizen","Alphen aan den Rijn","Zuid-Holland",false,52.065647,4.559297,"injury","2","rain",false,1,"GM0484"
"20230008132",2023,"Uitsluitend materiele schade",3,"Scootmobiel","Fiets","Onbekend","Kruispunt, 3 takken",50,"Niet brandend","Daglicht","Regen",\N,\N,"Korvelseweg","Tilburg","Tilburg","Noord-Brabant",false,51.549972,5.069256,"material damage only","4","rain",false,1,"GM0855"
"20230009346",2023,"Letsel",2,"Fiets","Fiets","Onbekend","Rechte weg",30,"Niet brandend","Daglicht","Droog",\N,"319193030","Boskantseweg","Sint-Oedenrode","Meierijstad","Noord-Brabant",false,51.560458,5.452949,"injury","2","clear",false,1,"GM1948"
"20230026531",2023,"Letsel",2,"Fiets","Fiets","Onbekend",\N,50,\N,"Duisternis",\N,\N,"600504205","Guido Gezellestraat","Terneuzen","Terneuzen","Zeeland",false,51.321931,3.842149,"injury","2","unknown",false,1,"GM0715"
"20230005505",2023,"Uitsluitend materiele schade",2,"Personenauto","Fiets","Onbekend",\N,30,\N,"Daglicht",\N,\N,"162307142","Westenbergstraat","'s-Gravenhage","'s-Gravenhage","Zuid-Holland",false,52.068842,4.312403,"material damage only","4","unknown",false,1,"GM0518"
"20230061126",2023,"Letsel",1,"Fiets",\N,"Eenzijdig",\N,30,\N,"Daglicht",\N,\N,"170294121","Jan Willem Frisostraat","Delft","Delft","Zuid-Holland",false,52.009183,4.37462,"injury","2","unknown",false,1,"GM0503"
"20230006568",2023,"Letsel",2,"Personenauto","Fiets","Kop/staart","Rechte weg",50,"Niet brandend","Daglicht","Droog",\N,"187270155","Pretorialaan","Rotterdam","Rotterdam","Zuid-Holland",false,51.899376,4.499975,"injury","2","clear",false,1,"GM0599"
"20230011954",2023,"Uitsluitend materiele schade",2,"Trekker met oplegger","Fiets","Flank","Rechte weg",50,"Brandend","Duisternis","Droog",\N,"461396023","Esweg","Den Ham","Twenterand","Overijssel",false,52.466898,6.501211,"material damage only","4","clear",false,1,"GM1700"
"20230065844",2023,"Uitsluitend materiele schade",2,"Fiets","Personenauto","Onbekend",\N,\N,\N,"Daglicht",\N,\N,"600851267","Burgemeester Roelenweg","Zwolle","Zwolle","Overijssel",false,52.516429,6.086095,"material damage only","4","unknown",false,1,"GM0193"
"20230012738",2023,"Uitsluitend materiele schade",3,"Personenauto","Fiets","Flank","Rechte weg",50,"Niet aanwezig","Daglicht","Droog",\N,"600841261","Astaweg","Wenum Wiesel","Apeldoorn","Gelderland",false,52.25655,5.967679,"material damage only","4","clear",false,1,"GM0200"
"20230012312",2023,"Uitsluitend materiele schade",2,"Bromfiets","Fiets","Frontaal","Rechte weg",80,"Niet brandend","Schemer","Droog",\N,"600785441","Provincialeweg Oost","Deil","West Betuwe","Gelderland",false,51.877934,5.257886,"material damage only","4","clear",false,1,"GM1960"
"20230029143",2023,"Letsel",1,"Fiets",\N,"Eenzijdig",\N,60,\N,"Daglicht",\N,\N,"121154010","Oudelandsedijk","Walsoorden","Hulst","Zeeland",false,51.370637,4.034113,"injury","2","unknown",false,1,"GM0677"
"20230107349",2023,"Dodelijk",3,"Personenauto","Fiets","Los voorwerp","Kruispunt, 4 takken",80,"Niet brandend","Daglicht","Regen",\N,\N,"Bergse Heide","Bergen L","Bergen (L)","Limburg",true,51.59622,6.05432,"fatal","1","rain",false,1,\N
"20230176308",2023,"Letsel",1,"Fiets",\N,"Eenzijdig",\N,50,\N,"Daglicht",\N,\N,"600105576","Hobbemaplein","'s-Gravenhage","'s-Gravenhage","Zuid-Holland",false,52.066974,4.296967,"injury","2","unknown",false,1,"GM0518"
"20230037189",2023,"Letsel",3,"e-bike","e-bike","Flank","Kruispunt, 3 takken",50,"Niet brandend","Daglicht","Droog",\N,\N,"Westerweg","Heerhugowaard","Dijk en Waard","Noord-Holland",false,52.66032,4.801672,"injury","2","clear",false,1,"GM1980"
"20230037205",2023,"Uitsluitend materiele schade",2,"Personenauto","Fiets","Onbekend","Rotonde",50,"Brandend","Duisternis","Regen",\N,\N,"Baronieweg","IJsselstein","IJsselstein","Utrecht",false,52.014676,5.048603,"material damage only","4","rain",false,1,"GM0353"
"20240000086",2024,"Uitsluitend materiele schade",3,"Bestelauto","Fiets","Onbekend","Kruispunt, 4 takken",50,"Niet brandend","Daglicht","Droog",\N,\N,"Belder","Roosendaal","Roosendaal","Noord-Brabant",false,51.555837,4.471709,"material damage only","4","clear",false,1,"GM1674"
"20240020381",2024,"Uitsluitend materiele schade",2,"Personenauto","Fiets","Flank","Kruispunt, 4 takken",30,"Niet brandend","Schemer","Droog",\N,\N,"Th. K. van Lohuizenlaan","Amsterdam","Amsterdam","Noord-Holland",false,52.366157,4.946168,"material damage only","4","clear",false,1,"GM0363"
"20240079100",2024,"Letsel",2,"Personenauto","Fiets","Flank","Rotonde",50,"Niet brandend","Daglicht","Regen","Parkeervoorziening",\N,"Kooilaan","Leiden","Leiden","Zuid-Holland",false,52.167575,4.506401,"injury","2","rain",false,1,"GM0546"
"20240039127",2024,"Uitsluitend materiele schade",2,"Personenauto","Fiets","Kop/staart","Rechte weg",50,"Niet brandend","Daglicht","Droog",\N,"272302025","Grote Wade","Nieuwegein","Nieuwegein","Utrecht",false,52.050063,5.111976,"material damage only","4","clear",false,1,"GM0356"
"20240037350",2024,"Letsel",2,"Personenauto","Fiets","Flank","Kruispunt, 3 takken",50,"Niet brandend","Daglicht","Droog",\N,\N,"Stuurboordswal","Groningen","Groningen","Groningen",false,53.24084,6.616781,"injury","2","clear",false,1,"GM0014"
"20240006725",2024,"Letsel",2,"Personenauto","Fiets","Flank","Bocht",30,"Niet brandend","Duisternis","Regen",\N,\N,"Pollux","Veenendaal","Veenendaal","Utrecht",false,52.025744,5.566579,"injury","2","rain",false,1,"GM0345"
"20240035047",2024,"Uitsluitend materiele schade",2,"Personenauto","Fiets","Flank","Kruispunt, 4 takken",30,"Niet brandend","Daglicht","Droog",\N,\N,"Stationsplein","Roermond","Roermond","Limburg",false,51.192684,5.992965,"material damage only","4","clear",false,1,"GM0957"
"20240035095",2024,"Uitsluitend materiele schade",2,"Bestelauto","Fiets","Frontaal","Kruispunt, 4 takken",30,"Niet brandend","Daglicht","Droog",\N,\N,"Churchillstraat","Brunssum","Brunssum","Limburg",false,50.95225,5.963097,"material damage only","4","clear",false,1,"GM0899"
"20240035275",2024,"Uitsluitend materiele schade",2,"Trekker","Fiets","Flank","Kruispunt, 4 takken",30,"Niet brandend","Daglicht","Droog",\N,\N,"Hoofdstraat","Eext","Aa en Hunze","Drenthe",false,53.021343,6.735361,"material damage only","4","clear",false,1,"GM1680"
"20240035279",2024,"Uitsluitend materiele schade",3,"Personenauto","Fiets","Onbekend","Rechte weg",50,"Niet brandend","Daglicht","Droog",\N,"600811688","Heuvel","Druten","Druten","Gelderland",false,51.888049,5.604617,"material damage only","4","clear",false,1,"GM0225"
"20240023487",2024,"Letsel",2,"Personenauto","Fiets","Flank","Kruispunt, 4 takken",50,"Brandend","Schemer","Droog",\N,\N,"Rembrandtlaan","Sliedrecht","Sliedrecht","Zuid-Holland",false,51.818898,4.784182,"injury","2","clear",false,1,"GM0610"
"20240025808",2024,"Letsel",1,"Fiets",\N,"Onbekend","Rechte weg",30,"Niet brandend","Daglicht","Regen",\N,"513469092","Weerdingerstraat","Emmen","Emmen","Drenthe",false,52.789451,6.894022,"injury","2","rain",false,1,"GM0114"
"20240038696",2024,"Uitsluitend materiele schade",1,"Fiets",\N,"Onbekend","Rechte weg",30,"Niet brandend","Daglicht","Droog",\N,"274317065","Euterpedreef","Utrecht","Utrecht","Utrecht",false,52.116212,5.128378,"material damage only","4","clear",false,1,"GM0344"
"20240009283",2024,"Letsel",2,"Fiets","Fiets","Flank","Kruispunt, 4 takken",30,"Niet brandend","Schemer","Droog",\N,\N,"Veldkampsweg","Denekamp","Dinkelland","Overijssel",false,52.379231,7.003318,"injury","2","clear",false,1,"GM1774"
"20240019688",2024,"Letsel",2,"Personenauto","Fiets","Flank","Kruispunt, 4 takken",50,"Niet brandend","Daglicht","Droog",\N,\N,"Stins","Almelo","Almelo","Overijssel",false,52.379112,6.675565,"injury","2","clear",false,1,"GM0141"
"20240020172",2024,"Letsel",2,"Fiets","e-bike","Frontaal","Rechte weg",50,"Niet brandend","Daglicht","Droog",\N,\N,"Papsouwselaan","Delft","Delft","Zuid-Holland",false,52.00123,4.354168,"injury","2","clear",false,1,"GM0503"
"20240019910",2024,"Letsel",2,"Personenauto","Fiets","Flank","Rechte weg",30,"Niet brandend","Daglicht","Droog",\N,\N,"Zevenhuizerstraat","Hoogland","Amersfoort","Utrecht",false,52.184821,5.37458,"injury","2","clear",false,1,"GM0307"
"20240020074",2024,"Letsel",1,"Fiets",\N,"Onbekend","Rechte weg",50,"Niet brandend","Daglicht","Droog",\N,"600652748","FIETSPAD","Enschede","Enschede","Overijssel",false,52.231429,6.840796,"injury","2","clear",false,1,"GM0153"
"20240020456",2024,"Letsel",2,"Fiets","Personenauto","Flank","Kruispunt, 3 takken",50,"Niet aanwezig","Daglicht","Droog",\N,\N,"Plaswijckweg","Gouda","Gouda","Zuid-Holland",false,52.032043,4.701678,"injury","2","clear",false,1,"GM0513"
"20240020621",2024,"Letsel",3,"Fiets","Fiets","Flank","Rechte weg",30,"Niet brandend","Daglicht","Droog",\N,"247371106","Linnaeusstraat","Amsterdam","Amsterdam","Noord-Holland",true,52.358258,4.926337,"injury","2","clear",false,1,"GM0363"
"20240027025",2024,"Uitsluitend materiele schade",2,"Personenauto","Fiets","Flank","Kruispunt, 4 takken",50,"Niet brandend","Daglicht","Regen",\N,\N,"de Knip","Leek","Westerkwartier","Groningen",false,53.141621,6.372251,"material damage only","4","rain",false,1,"GM1969"
"20240032418",2024,"Letsel",1,"Fiets",\N,"Onbekend","Rechte weg",15,"Brandend","Duisternis","Regen",\N,"600107912","Coenderstraat","Delft","Delft","Zuid-Holland",false,52.008345,4.355335,"injury","2","rain",false,1,"GM0503"
"20240036032",2024,"Uitsluitend materiele schade",2,"Personenauto","Fiets","Flank","Kruispunt, 4 takken",30,"Brandend","Duisternis","Droog",\N,\N,"Verlengde Grachtstraat","Groningen","Groningen","Groningen",false,53.223465,6.553329,"material damage only","4","clear",false,1,"GM0014"
"20240034959",2024,"Letsel",2,"Vrachtauto","Fiets","Flank","Rechte weg",60,"Niet brandend","Daglicht","Droog",\N,"363153001","Bleekerweg","Heusden","Asten","Noord-Brabant",false,51.380375,5.777133,"injury","2","clear",false,1,"GM0743"
"20240029362",2024,"Letsel",2,"Snorfiets","Fiets","Flank","Rechte weg",30,"Niet brandend","Daglicht","Droog",\N,"464362013","Stationsdwarsweg","Rijssen","Rijssen-Holten","Overijssel",false,52.31315,6.523916,"injury","2","clear",false,1,"GM1742"
"20240035134",2024,"Letsel",2,"Fiets","Fiets","Frontaal","Kruispunt, 3 takken",30,"Niet aanwezig","Daglicht","Droog",\N,\N,"Notel","Oirschot","Oirschot","Noord-Brabant",false,51.509319,5.324279,"injury","2","clear",false,1,"GM0823"
"20240039878",2024,"Letsel",1,"Fiets",\N,"Onbekend","Rechte weg",30,"Brandend","Duisternis","Droog",\N,\N,"Oostsingel","Delft","Delft","Zuid-Holland",false,52.013499,4.365897,"injury","2","clear",false,1,"GM0503"
"20220157039",2022,"Uitsluitend materiele schade",2,"Personenauto","e-bike","Flank","Rechte weg",50,"Niet brandend","Daglicht","Droog",\N,"160306081","Hoefkade","'s-Gravenhage","'s-Gravenhage","Zuid-Holland",false,52.061408,4.298435,"material damage only","4","clear",false,1,"GM0518"
"20220178000",2022,"Uitsluitend materiele schade",1,"Fiets",\N,"Voetganger","Rechte weg",30,"Niet brandend","Daglicht","Regen",\N,"600893661","Zeeburgerdijk","Amsterdam","Amsterdam","Noord-Holland",false,52.366051,4.929492,"material damage only","4","rain",false,1,"GM0363"
"20220123055",2022,"Uitsluitend materiele schade",3,"Personenauto","Fiets","Onbekend","Rotonde",50,"Niet brandend","Daglicht","Droog",\N,\N,"Spieringweg","Zwaanshoek","Haarlemmermeer","Noord-Holland",false,52.309217,4.618716,"material damage only","4","clear",false,1,"GM0394"
"20220123064",2022,"Letsel",2,"e-bike","e-bike","Frontaal","Rechte weg",60,"Niet aanwezig","Duisternis","Droog",\N,"291453003","Veilingweg","Andijk","Medemblik","Noord-Holland",false,52.723414,5.24848,"injury","2","clear",false,1,"GM0420"
"20220145652",2022,"Uitsluitend materiele schade",2,"Snorfiets","Fiets","Kop/staart","Rechte weg",30,"Niet aanwezig","Daglicht","Droog",\N,"171273012","P J Troelstralaan","Schiedam","Schiedam","Zuid-Holland",false,51.91687,4.382779,"material damage only","4","clear",false,1,"GM0606"
"20220169629",2022,"Uitsluitend materiele schade",2,"Personenauto","Fiets","Onbekend","Kruispunt, 4 takken",50,"Niet brandend","Daglicht","Droog",\N,\N,"Rigtersbleekstraat","Enschede","Enschede","Overijssel",false,52.228546,6.861951,"material damage only","4","clear",false,1,"GM0153"
"20220121915",2022,"Letsel",2,"Fiets","Fiets","Flank","Kruispunt, 4 takken",\N,"Niet brandend","Daglicht","Droog",\N,\N,"Herenweg","Alkmaar","Alkmaar","Noord-Holland",false,52.640629,4.776451,"injury","2","clear",false,1,"GM0361"
"20220125816",2022,"Uitsluitend materiele schade",2,"Fiets","Fiets","Frontaal","Rechte weg",60,"Niet brandend","Daglicht","Droog",\N,"191344003","Teylingerlaan","Voorhout","Teylingen","Zuid-Holland",false,52.233573,4.518441,"material damage only","4","clear",false,1,"GM1525"
"20220129199",2022,"Letsel",2,"Fiets","Fiets","Onbekend","Rechte weg",\N,"Niet brandend","Daglicht","Droog",\N,"600428776","Noordhoekring","Tilburg","Tilburg","Noord-Brabant",false,51.558836,5.077778,"injury","2","clear",false,1,"GM0855"
"20220144643",2022,"Letsel",1,"Fiets",\N,"Eenzijdig","Rechte weg",60,"Niet brandend","Daglicht","Droog",\N,"150294133","Hofstraat","Honselersdijk","Westland","Zuid-Holland",false,52.007359,4.223311,"injury","2","clear",false,1,"GM1783"
"20220147847",2022,"Letsel",2,"Personenauto","e-bike","Flank","Kruispunt, 4 takken",60,"Niet brandend","Daglicht","Droog",\N,\N,"Waalwijkseweg","Udenhout","Tilburg","Noord-Brabant",false,51.597113,5.130883,"injury","2","clear",false,1,"GM0855"
"20220149399",2022,"Uitsluitend materiele schade",3,"Snorfiets","Fiets","Onbekend","Rechte weg",50,"Niet brandend","Daglicht","Droog",\N,\N,"Vestdijktunnel","Eindhoven","Eindhoven","Noord-Brabant",false,51.441425,5.478397,"material damage only","4","clear",false,1,"GM0772"
"20220157135",2022,"Letsel",2,"Personenauto","Fiets","Flank","Kruispunt, 4 takken",50,"Niet brandend","Daglicht","Droog",\N,\N,"Bar van Wijkersloothstr","Katwijk","Katwijk","Zuid-Holland",false,52.190638,4.426935,"injury","2","clear",false,1,"GM0537"
"20220177230",2022,"Uitsluitend materiele schade",2,"Fiets","Fiets","Flank","Rechte weg",30,"Niet brandend","Daglicht","Droog",\N,"600124220","Roelof Hartstraat","Amsterdam","Amsterdam","Noord-Holland",false,52.352332,4.885622,"material damage only","4","clear",false,1,"GM0363"
"20220177813",2022,"Uitsluitend materiele schade",2,"Bromfiets","Fiets","Flank","Kruispunt, 4 takken",30,"Niet brandend","Daglicht","Droog",\N,\N,"Sarphatistraat","Amsterdam","Amsterdam","Noord-Holland",false,52.360573,4.905359,"material damage only","4","clear",false,1,"GM0363"
"20220180268",2022,"Letsel",3,"e-bike","Fiets","Frontaal","Kruispunt, 4 takken",50,"Niet brandend","Daglicht","Droog",\N,\N,"van Speykstraat","Lisse","Lisse","Zuid-Holland",false,52.257069,4.565721,"injury","2","clear",false,1,"GM0553"
"20220180882",2022,"Letsel",1,"Fiets",\N,"Eenzijdig","Rechte weg",30,"Niet brandend","Daglicht","Droog",\N,"175339009","Buitensluis","Katwijk","Katwijk","Zuid-Holland",false,52.211148,4.4016,"injury","2","clear",false,1,"GM0537"
"20220180884",2022,"Letsel",2,"Personenauto","Fiets","Flank","Bocht",50,"Niet brandend","Daglicht","Regen",\N,"600912699","Carnegielaan","'s-Gravenhage","'s-Gravenhage","Zuid-Holland",false,52.088123,4.295363,"injury","2","rain",false,1,"GM0518"
"20220130894",2022,"Uitsluitend materiele schade",2,"Snorfiets","Fiets","Frontaal","Rotonde",50,"Niet brandend","Daglicht","Droog",\N,\N,"Beusingsedijk","'s-Hertogenbosch","'s-Hertogenbosch","Noord-Brabant",false,51.683131,5.368262,"material damage only","4","clear",false,1,"GM0796"
"20220143534",2022,"Uitsluitend materiele schade",2,"Bestelauto","Fiets","Los voorwerp","Rechte weg",30,"Niet brandend","Daglicht","Droog",\N,"160307065","Herman Costerstraat","'s-Gravenhage","'s-Gravenhage","Zuid-Holland",false,52.065895,4.29733,"material damage only","4","clear",false,1,"GM0518"
"20220178159",2022,"Uitsluitend materiele schade",2,"Personenauto","Fiets","Flank","Kruispunt, 4 takken",30,"Brandend","Duisternis","Droog",\N,\N,"Amstel","Amsterdam","Amsterdam","Noord-Holland",false,52.36701,4.895754,"material damage only","4","clear",false,1,"GM0363"
"20220185856",2022,"Letsel",2,"Bestelauto","Fiets","Flank","Kruispunt, 4 takken",50,"Niet brandend","Daglicht","Droog",\N,\N,"BREDA-NOORD 16","Breda","Breda","Noord-Brabant",false,51.592964,4.830207,"injury","2","clear",false,1,"GM0758"
"20220197641",2022,"Uitsluitend materiele schade",2,"Personenauto","Fiets","Frontaal","Rotonde",50,"Niet brandend","Daglicht","Regen",\N,\N,"Koningstraat","Beuningen Gld","Beuningen","Gelderland",false,51.860146,5.760196,"material damage only","4","rain",false,1,"GM0209"
"20220119254",2022,"Uitsluitend materiele schade",2,"Fiets","Personenauto","Flank","Kruispunt, 3 takken",50,"Niet brandend","Daglicht","Droog",\N,\N,"Weth E van Dronkelaarpln","Almelo","Almelo","Overijssel",false,52.350282,6.669276,"material damage only","4","clear",false,1,"GM0141"
"20220135162",2022,"Uitsluitend materiele schade",3,"Bestelauto","Fiets","Onbekend","Rechte weg",50,"Niet brandend","Daglicht","Droog",\N,"513503001","Zuiderdiep","Nieuw-Buinen","Borger-Odoorn","Drenthe",false,52.943408,6.902302,"material damage only","4","clear",false,1,"GM1681"
"20220140682",2022,"Letsel",2,"Scootmobiel","e-bike","Frontaal","Kruispunt, 3 takken",30,"Niet brandend","Daglicht",\N,"Tunnel",\N,"Parallelweg","Koog aan de Zaan","Zaanstad","Noord-Holland",false,52.457758,4.806317,"injury","2","unknown",false,1,"GM0479"
"20220143559",2022,"Letsel",2,"Bromfiets","Fiets","Onbekend","Kruispunt, 3 takken",30,"Niet brandend","Daglicht","Droog",\N,\N,"Stationsweg","'s-Gravenhage","'s-Gravenhage","Zuid-Holland",false,52.070295,4.321679,"injury","2","clear",false,1,"GM0518"
"20220144731",2022,"Uitsluitend materiele schade",2,"Personenauto","Fiets","Flank","Kruispunt, 4 takken",50,"Niet brandend","Daglicht","Droog",\N,\N,"Ln Copes van Cattenburch","'s-Gravenhage","'s-Gravenhage","Zuid-Holland",false,52.090908,4.305004,"material damage only","4","clear",false,1,"GM0518"
"20220144795",2022,"Letsel",3,"Personenauto","Fiets","Flank","Rotonde",50,"Niet brandend","Daglicht","Droog",\N,\N,"van Arembergelaan","Voorburg","Leidschendam-Voorburg","Zuid-Holland",false,52.074299,4.34907,"injury","2","clear",false,1,"GM1916"
"20220151981",2022,"Letsel",3,"Fiets","Landbouwvoertuig","Flank","Rechte weg",60,"Niet brandend","Daglicht","Droog",\N,"434553001","Roordaweg","Niebert","Westerkwartier","Groningen",false,53.175576,6.322954,"injury","2","clear",false,1,"GM1969"
"20220178245",2022,"Uitsluitend materiele schade",2,"Personenauto","Fiets","Frontaal","Rotonde",50,"Niet brandend","Daglicht","Regen",\N,\N,"Johan van Hasseltweg","Amsterdam","Amsterdam","Noord-Holland",false,52.387484,4.924158,"material damage only","4","rain",false,1,"GM0363"
"20220181017",2022,"Letsel",3,"Snorfiets","Fiets","Onbekend","Rechte weg",50,"Brandend","Duisternis","Droog",\N,"157304074","Loevesteinlaan","'s-Gravenhage","'s-Gravenhage","Zuid-Holland",false,52.053808,4.277568,"injury","2","clear",false,1,"GM0518"