"accident_id","year","severity_raw","party_count","party1_type","party2_type","accident_type","road_situation","speed_limit_kmh","road_lighting","light_condition_label","weather_raw","infra_type","road_segment_id","street_name","place_name","gemeente_name_raw","province","alcohol_indicated","latitude","longitude","severity_label","severity_code","weather_label","built_up_area","cyclists_involved","gemeente_code"
"20220208258",2022,"Uitsluitend materiele schade",2,"Personenauto","Fiets","Flank","Kruispunt, 4 takken",30,"Niet aanwezig","Daglicht","Regen",\N,\N,"Zakstraat","Haarlem","Haarlem","Noord-Holland",false,52.383753,4.641268,"material damage only","4","rain",false,1,"GM0392"
"20220209058",2022,"Uitsluitend materiele schade",2,"Personenauto","Fiets","Los voorwerp","Kruispunt, 4 takken",50,"Brandend","Daglicht","Regen",\N,\N,"Bronsteeweg","Heemstede","Heemstede","Noord-Holland",false,52.356687,4.621834,"material damage only","4","rain",false,1,"GM0397"
"20220214533",2022,"Letsel",2,"Personenauto","Fiets","Flank","Kruispunt, 3 takken",50,"Niet brandend","Daglicht","Droog",\N,\N,"Sandifortdreef","Leiden","Leiden","Zuid-Holland",false,52.170007,4.477214,"injury","2","clear",false,1,"GM0546"
"20220230696",2022,"Letsel",1,"e-bike",\N,"Eenzijdig",\N,30,\N,"Daglicht",\N,\N,"379092014","Narcissenstraat","Echt","Echt-Susteren","Limburg",false,51.103394,5.880306,"injury","2","unknown",false,1,"GM1711"
"20220209107",2022,"Uitsluitend materiele schade",2,"Personenauto","e-bike","Flank","Rotonde",50,"Brandend","Daglicht","Droog",\N,\N,"Oosttangent","Heerhugowaard","Dijk en Waard","Noord-Holland",false,52.662623,4.850367,"material damage only","4","clear",false,1,"GM1980"
"20220213727",2022,"Letsel",2,"Personenauto","Fiets","Flank","Rechte weg",30,"Niet brandend","Daglicht","Droog",\N,"176324058","Gladiolusstraat","Wassenaar","Wassenaar","Zuid-Holland",false,52.144288,4.414481,"injury","2","clear",false,1,"GM0629"
"20220218140",2022,"Letsel",2,"Fiets","Voetganger","Voetganger","Rechte weg",50,"Brandend","Schemer","Droog",\N,"187303018","Eerste Stationsstraat","Zoetermeer","Zoetermeer","Zuid-Holland",false,52.05047,4.495214,"injury","2","clear",false,1,"GM0637"
"20220216087",2022,"Letsel",2,"Fiets","Voetganger","Voetganger","Rechte weg",50,"Brandend","Duisternis","Regen",\N,"166312074","Bezuidenhoutseweg","'s-Gravenhage","'s-Gravenhage","Zuid-Holland",false,52.089686,4.338615,"injury","2","rain",false,1,"GM0518"
"20220216805",2022,"Letsel",2,"Fiets","Overig vast object","Vast voorwerp","Rechte weg",30,"Brandend","Duisternis","Regen",\N,"162309063","Herderstraat","'s-Gravenhage","'s-Gravenhage","Zuid-Holland",false,52.074298,4.310169,"injury","2","rain",false,1,"GM0518"
"20220222484",2022,"Letsel",2,"Personenauto","Fiets","Flank","Kruispunt, 4 takken",30,"Niet brandend","Daglicht","Droog",\N,\N,"Kolenbranderstraat","Ridderkerk","Ridderkerk","Zuid-Holland",false,51.876635,4.609604,"injury","2","clear",false,1,"GM0597"
"20220226286",2022,"Uitsluitend materiele schade",2,"Bestelauto","Fiets","Flank","Kruispunt, 4 takken",50,"Niet brandend","Daglicht","Droog",\N,\N,"Hasseltstraat","Tilburg","Tilburg","Noord-Brabant",false,51.574907,5.067376,"material damage only","4","clear",false,1,"GM0855"
"20220097728",2022,"Dodelijk",3,"Fiets","Motor","Flank","Bocht",80,"Niet brandend","Daglicht","Droog",\N,\N,"Gooswilligen","Scherpenzeel","Scherpenzeel","Gelderland",false,52.096145,5.513294,"fatal","1","clear",false,1,"GM0279"
"20220215361",2022,"Uitsluitend materiele schade",2,"Fiets","Personenauto","Flank","Rotonde",50,"Niet brandend","Daglicht","Regen",\N,\N,"Rooseveltstraat","Leiden","Leiden","Zuid-Holland",false,52.147833,4.481089,"material damage only","4","rain",false,1,"GM0546"
"20220215380",2022,"Letsel",2,"Fiets","Overig vast object","Vast voorwerp","Rechte weg",30,"Niet brandend","Daglicht","Droog","Spoorwegovergang","186341075","Herenstraat","Voorhout","Teylingen","Zuid-Holland",false,52.221733,4.482259,"injury","2","clear",false,1,"GM1525"
"20220221112",2022,"Uitsluitend materiele schade",2,"Personenauto","Fiets","Onbekend",\N,\N,\N,"Daglicht",\N,\N,"600574228","Wormerhoek","Capelle aan den IJssel","Capelle aan den IJssel","Zuid-Holland",false,51.942376,4.601895,"material damage only","4","unknown",false,1,"GM0502"
"20220227484",2022,"Uitsluitend materiele schade",2,"Snorfiets","e-bike","Frontaal","Rechte weg",\N,"Niet brandend","Daglicht","Droog",\N,"600907051","Julianastraat","Veldhoven","Veldhoven","Noord-Brabant",false,51.420506,5.42421,"material damage only","4","clear",false,1,"GM0861"
"20220202536",2022,"Uitsluitend materiele schade",2,"Fiets","Fiets","Frontaal","Rechte weg",\N,"Brandend","Duisternis","Droog",\N,"272311046","Vredenburg","Utrecht","Utrecht","Utrecht",false,52.09183,5.115226,"material damage only","4","clear",false,1,"GM0344"
"20220211106",2022,"Uitsluitend materiele schade",2,"Personenauto","Fiets","Voetganger","Rechte weg",30,"Brandend","Duisternis","Droog",\N,\N,"Quellijnstraat","Amsterdam","Amsterdam","Noord-Holland",false,52.356724,4.891555,"material damage only","4","clear",false,1,"GM0363"
"20220214739",2022,"Letsel",2,"Fiets","Fiets","Flank","Kruispunt, 4 takken",50,"Niet brandend","Daglicht","Droog",\N,\N,"Stalpaert vd Wieleweg","Delft","Delft","Zuid-Holland",false,52.014538,4.366943,"injury","2","clear",false,1,"GM0503"
"20220217541",2022,"Letsel",2,"Personenauto","Fiets","Frontaal","Kruispunt, 4 takken",50,"Niet brandend","Daglicht","Droog",\N,\N,"Nieuwe Parklaan","'s-Gravenhage","'s-Gravenhage","Zuid-Holland",false,52.109496,4.286684,"injury","2","clear",false,1,"GM0518"
"20220218772",2022,"Uitsluitend materiele schade",2,"Bromfiets","Fiets","Flank","Kruispunt, 4 takken",30,"Niet brandend","Daglicht","Droog","Tunnel",\N,"RANDWEG DORDRECHT 20","Dordrecht","Dordrecht","Zuid-Holland",false,51.772792,4.647577,"material damage only","4","clear",false,1,"GM0505"
"20220227533",2022,"Uitsluitend materiele schade",2,"Personenauto","Fiets","Flank","Kruispunt, 4 takken",\N,"Niet brandend","Daglicht","Droog",\N,\N,"Stationsweg","Eindhoven","Eindhoven","Noord-Brabant",false,51.442315,5.484899,"material damage only","4","clear",false,1,"GM0772"
"20220229144",2022,"Letsel",2,"Snorfiets","Fiets","Flank","Kruispunt, 3 takken",30,"Brandend","Duisternis","Droog",\N,\N,"Lardinoisstraat","Eindhoven","Eindhoven","Noord-Brabant",false,51.443536,5.475694,"injury","2","clear",false,1,"GM0772"
"20220199903",2022,"Uitsluitend materiele schade",3,"Personenauto","Fiets","Onbekend","Rotonde",50,"Niet brandend","Daglicht","Regen",\N,\N,"Hogeweg","Wijchen","Wijchen","Gelderland",false,51.80603,5.719836,"material damage only","4","rain",false,1,"GM0296"
"20220212952",2022,"Letsel",2,"Snorfiets","Fiets","Flank","Rechte weg",50,"Niet brandend","Daglicht","Droog",\N,"162306117","Calandkade","'s-Gravenhage","'s-Gravenhage","Zuid-Holland",false,52.061143,4.314608,"injury","2","clear",false,1,"GM0518"
"20220214798",2022,"Uitsluitend materiele schade",3,"Personenauto","Fiets","Onbekend","Kruispunt, 3 takken",50,"Niet brandend","Daglicht","Droog",\N,\N,"Orlandostraat","'s-Gravenhage","'s-Gravenhage","Zuid-Holland",false,52.029879,4.286936,"material damage only","4","clear",false,1,"GM0518"
"20220219780",2022,"Uitsluitend materiele schade",2,"Personenauto","Fiets","Flank","Rotonde",50,"Niet brandend","Daglicht","Droog",\N,\N,"W. de Vries Robbéweg","Gorinchem","Gorinchem","Zuid-Holland",false,51.835985,4.977136,"material damage only","4","clear",false,1,"GM0512"
"20220228462",2022,"Uitsluitend materiele schade",2,"Personenauto","Fiets","Flank","Rotonde",\N,"Brandend","Duisternis","Droog",\N,\N,"Kortfoortstraat","Oss","Oss","Noord-Brabant",false,51.760813,5.521495,"material damage only","4","clear",false,1,"GM0828"
"20220203492",2022,"Uitsluitend materiele schade",2,"Personenauto","Fiets","Flank","Rechte weg",50,"Brandend","Schemer","Droog",\N,"311334076","Ruimtevaart","Amersfoort","Amersfoort","Utrecht",false,52.195027,5.397164,"material damage only","4","clear",false,1,"GM0307"
"20220206876",2022,"Letsel",1,"Fiets",\N,"Eenzijdig",\N,50,\N,"Daglicht",\N,\N,"214383032","Spaarndammerdijk","Spaarndam","Haarlemmermeer","Noord-Holland",false,52.408645,4.695192,"injury","2","unknown",false,1,"GM0394"
"20220214824",2022,"Letsel",1,"e-bike",\N,"Eenzijdig","Rechte weg",50,"Niet brandend","Schemer","Droog","Brug/viaduct",\N,"Dobbedreef","Leiden","Leiden","Zuid-Holland",false,52.146218,4.452116,"injury","2","clear",false,1,"GM0546"
"20220226495",2022,"Uitsluitend materiele schade",2,"Personenauto","Fiets","Flank","Kruispunt, 4 takken",30,"Niet brandend","Daglicht","Droog",\N,\N,"Beeklaan","Tilburg","Tilburg","Noord-Brabant",false,51.550247,5.048462,"material damage only","4","clear",false,1,"GM0855"
"20220226505",2022,"Uitsluitend materiele schade",2,"Personenauto","Fiets","Flank","Kruispunt, 3 takken",80,"Niet brandend","Duisternis","Droog",\N,\N,"Frankrijkweg","Terneuzen","Terneuzen","Zeeland",false,51.294956,3.836583,"material damage only","4","clear",false,1,"GM0715"
"20220206189",2022,"Letsel",2,"Fiets","Overig vast object","Vast voorwerp","Rechte weg",50,"Brandend","Duisternis","Droog",\N,"250429021","West","Avenhorn","Koggenland","Noord-Holland",false,52.619171,4.948045,"injury","2","clear",false,1,"GM1598"
"20220207806",2022,"Uitsluitend materiele schade",1,"Fiets",\N,"Eenzijdig","Rechte weg",30,"Niet brandend","Daglicht","Droog",\N,\N,"Frieseweg","Alkmaar","Alkmaar","Noord-Holland",false,52.634095,4.755901,"material damage only","4","clear",false,1,"GM0361"
"20220208711",2022,"Letsel",2,"Personenauto","Fiets","Flank","Kruispunt, 3 takken",50,"Niet brandend","Daglicht","Droog",\N,\N,"Van Brederodepark","Bergen (NH)","Bergen (NH)","Noord-Holland",false,52.672644,4.710173,"injury","2","clear",false,1,\N
"20220209473",2022,"Uitsluitend materiele schade",2,"Fiets","Personenauto","Flank","Bocht",50,"Niet brandend","Daglicht","Droog",\N,\N,"Waddenzeestraat","Den Helder","Den Helder","Noord-Holland",false,52.940797,4.758621,"material damage only","4","clear",false,1,"GM0400"
"20220211321",2022,"Letsel",2,"Fiets","Voetganger","Voetganger","Rechte weg",30,"Niet brandend","Daglicht","Droog",\N,"600916252","Bijlmerdreef","Amsterdam","Amsterdam","Noord-Holland",false,52.322242,4.971995,"injury","2","clear",false,1,"GM0363"
"20220211351",2022,"Uitsluitend materiele schade",2,"Fiets","Fiets","Flank","Rechte weg",50,"Niet brandend","Daglicht","Droog",\N,"600761571","Van Heuven Goedhartlaan","Amstelveen","Amstelveen","Noord-Holland",false,52.30074,4.867481,"material damage only","4","clear",false,1,"GM0362"
"20220214101",2022,"Letsel",2,"Fiets","Fiets","Kop/staart","Rechte weg",\N,"Niet brandend","Daglicht","Droog",\N,"187299015","Brede Akkerpad","Zoetermeer","Zoetermeer","Zuid-Holland",false,52.035033,4.49157,"injury","2","clear",false,1,"GM0637"
"20220224984",2022,"Uitsluitend materiele schade",2,"Personenauto","Fiets","Onbekend","Kruispunt, 4 takken",50,"Brandend","Duisternis","Droog",\N,\N,"Claudius Prinsenlaan","Breda","Breda","Noord-Brabant",false,51.587212,4.7868,"material damage only","4","clear",false,1,"GM0758"
"20220229318",2022,"Uitsluitend materiele schade",2,"Snorfiets","Fiets","Flank","Kruispunt, 3 takken",50,"Niet brandend","Daglicht","Droog",\N,\N,"Engelsbergenstraat","Eindhoven","Eindhoven","Noord-Brabant",false,51.435165,5.452689,"material damage only","4","clear",false,1,"GM0772"
"20220204407",2022,"Uitsluitend materiele schade",2,"Personenauto","Fiets","Flank","Rotonde",30,"Brandend","Duisternis","Droog",\N,\N,"Mauritslaan","De Meern","Utrecht","Utrecht",false,52.075701,5.032325,"material damage only","4","clear",false,1,"GM0344"
"20220214983",2022,"Letsel",2,"Personenauto","e-bike","Flank","Kruispunt, 3 takken",50,"Brandend","Duisternis","Droog",\N,\N,"Meerlaan","Hillegom","Hillegom","Zuid-Holland",false,52.289182,4.592348,"injury","2","clear",false,1,"GM0534"
"20220214987",2022,"Letsel",1,"Fiets",\N,"Eenzijdig","Kruispunt, 3 takken",30,"Brandend","Schemer","Droog",\N,\N,"Ln der Verenigde Naties","Leiden","Leiden","Zuid-Holland",false,52.156616,4.518201,"injury","2","clear",false,1,"GM0546"
"20220188467",2022,"Dodelijk",2,"e-bike","Voetganger","Voetganger","Rechte weg",\N,"Niet brandend","Daglicht","Droog",\N,"600698214","Eindhovenseweg","Geldrop","Geldrop-Mierlo","Noord-Brabant",false,51.423957,5.550352,"fatal","1","clear",false,1,"GM1771"
"20220217158",2022,"Uitsluitend materiele schade",2,"Bromfiets","Fiets","Frontaal","Rechte weg",30,"Brandend","Duisternis","Droog",\N,"600892729","Van Boetzelaerstraat","Alphen aan den Rijn","Alphen aan den Rijn","Zuid-Holland",false,52.129691,4.672269,"material damage only","4","clear",false,1,"GM0484"
"20220217830",2022,"Letsel",2,"Fiets","Fiets","Onbekend","Rechte weg",30,"Niet brandend","Daglicht","Droog",\N,"162309142","Dagelijkse Groenmarkt","'s-Gravenhage","'s-Gravenhage","Zuid-Holland",false,52.077728,4.308595,"injury","2","clear",false,1,"GM0518"
"20220220083",2022,"Letsel",2,"Snorfiets","e-bike","Kop/staart","Kruispunt, 4 takken",30,"Niet brandend","Daglicht","Droog",\N,\N,"Prins Alexanderlaan","Rotterdam","Rotterdam","Zuid-Holland",false,51.935062,4.560014,"injury","2","clear",false,1,"GM0599"
"20220220087",2022,"Uitsluitend materiele schade",2,"Fiets","Personenauto","Onbekend","Rotonde",50,"Niet brandend","Daglicht","Droog",\N,\N,"Sweelincklaan","Barendrecht","Barendrecht","Zuid-Holland",false,51.848358,4.520286,"material damage only","4","clear",false,1,"GM0489"
"20220221492",2022,"Uitsluitend materiele schade",2,"Bromfiets","Fiets","Frontaal","Rechte weg",30,"Brandend","Duisternis","Droog",\N,"600111893","Hillelaan","Rotterdam","Rotterdam","Zuid-Holland",false,51.902081,4.496211,"material damage only","4","clear",false,1,"GM0599"
"20220226738",2022,"Uitsluitend materiele schade",2,"Personenauto","Fiets","Onbekend","Rechte weg",50,"Niet brandend","Daglicht","Regen",\N,\N,"Baliëndijk","Breda","Breda","Noord-Brabant",false,51.599428,4.800346,"material damage only","4","rain",false,1,"GM0758"
"20220205203",2022,"Uitsluitend materiele schade",2,"Personenauto","Fiets","Flank","Rotonde",50,"Brandend","Duisternis",\N,\N,\N,"Koningsweg","Soest","Soest","Utrecht",false,52.169511,5.284727,"material damage only","4","unknown",false,1,"GM0342"
"20220205216",2022,"Uitsluitend materiele schade",2,"e-bike","Fiets","Onbekend","Kruispunt, 3 takken",30,"Niet aanwezig","Daglicht","Regen",\N,\N,"Binckesstraat","Amersfoort","Amersfoort","Utrecht",false,52.163019,5.389456,"material damage only","4","rain",false,1,"GM0307"
"20220208043",2022,"Letsel",2,"Personenauto","Fiets","Flank","Rechte weg",50,"Niet brandend","Daglicht","Droog",\N,"259448013","Dokter de Vriesstraat","Benningbroek","Medemblik","Noord-Holland",false,52.70248,5.020277,"injury","2","clear",false,1,"GM0420"
"20220227971",2022,"Uitsluitend materiele schade",2,"Personenauto","Fiets","Flank","Kruispunt, 3 takken",30,"Niet brandend","Daglicht","Droog",\N,\N,"Grenadiersstraat","Heesch","Bernheze","Noord-Brabant",false,51.734826,5.532026,"material damage only","4","clear",false,1,"GM1721"
"20220201724",2022,"Dodelijk",2,"Personenauto","e-bike","Frontaal","Rechte weg",50,"Brandend","Duisternis","Droog",\N,"600680887","Schipleidelaan","Oldenzaal","Oldenzaal","Overijssel",false,52.309335,6.904934,"fatal","1","clear",false,1,"GM0173"
"20220207282",2022,"Letsel",2,"Fiets","Fiets","Frontaal","Bocht",50,"Niet brandend","Daglicht","Droog",\N,"600774329","Stolphoeve","Zwaag","Hoorn","Noord-Holland",false,52.664895,5.076021,"injury","2","clear",false,1,"GM0405"
"20220214269",2022,"Letsel",2,"Personenauto","Fiets","Flank","Rotonde",50,"Niet brandend","Daglicht","Droog",\N,\N,"Buitenkerk","Bodegraven","Bodegraven-Reeuwijk","Zuid-Holland",true,52.097864,4.738559,"injury","2","clear",false,1,"GM1901"
"20220215118",2022,"Letsel",2,"Personenauto","e-bike","Flank","Kruispunt, 4 takken",30,"Niet brandend","Daglicht","Droog",\N,\N,"Vliehors","Nootdorp","Pijnacker-Nootdorp","Zuid-Holland",false,52.042221,4.376727,"injury","2","clear",false,1,"GM1926"
"20220216595",2022,"Uitsluitend materiele schade",2,"e-bike","Fiets","Kop/staart","Rechte weg",\N,"Niet brandend","Daglicht","Droog",\N,"600115187","Ommedijkseweg","Leiden","Leiden","Zuid-Holland",false,52.15959,4.447138,"material damage only","4","clear",false,1,"GM0546"
"20240133925",2024,"Uitsluitend materiele schade",2,"Personenauto","Fiets","Flank","Rechte weg",30,"Niet brandend","Daglicht","Droog",\N,"600379480","Amaliastraat","'s-Gravenhage","'s-Gravenhage","Zuid-Holland",false,52.083411,4.306178,"material damage only","4","clear",false,1,"GM0518"
"20240137034",2024,"Letsel",2,"Personenauto","e-bike","Flank","Rotonde",50,"Niet brandend","Daglicht","Droog",\N,\N,"Sint Teunislaan","'s-Hertogenbosch","'s-Hertogenbosch","Noord-Brabant",false,51.710755,5.311703,"injury","2","clear",false,1,"GM0796"
"20240143139",2024,"Uitsluitend materiele schade",2,"Fiets","Fiets","Onbekend","Rechte weg",30,"Niet brandend","Daglicht","Droog",\N,"139293002","Noordlandseweg","'s-Gravenzande","Westland","Zuid-Holland",false,52.002228,4.147236,"material damage only","4","clear",false,1,"GM1783"
"20240140462",2024,"Uitsluitend materiele schade",2,"Fiets","Personenauto","Frontaal","Kruispunt, 4 takken",30,"Brandend","Schemer",\N,\N,\N,"Burgwal","Kampen","Kampen","Overijssel",false,52.558818,5.914059,"material damage only","4","unknown",false,1,"GM0166"
"20240142218",2024,"Letsel",1,"Fiets",\N,"Onbekend","Kruispunt, 4 takken",50,"Niet brandend","Daglicht","Droog",\N,\N,"VLIELANDBRUG","Alkmaar","Alkmaar","Noord-Holland",false,52.649003,4.742826,"injury","2","clear",false,1,"GM0361"
"20240143767",2024,"Uitsluitend materiele schade",2,"Personenauto","Fiets","Flank","Kruispunt, 3 takken",50,"Niet brandend","Daglicht","Regen",\N,\N,"Leidseweg","Voorschoten","Voorschoten","Zuid-Holland",false,52.13204,4.458262,"material damage only","4","rain",false,1,"GM0626"
"20240148521",2024,"Uitsluitend materiele schade",2,"Fiets","Dier","Dier","Rechte weg",50,"Niet brandend","Daglicht","Droog",\N,"601177595","Klaphekweg","Ede","Ede","Gelderland",false,52.034558,5.65395,"material damage only","4","clear",false,1,"GM0228"
"20240135898",2024,"Uitsluitend materiele schade",2,"Bromfiets","Fiets","Frontaal","Bocht",50,"Niet brandend","Schemer","Droog",\N,\N,"FIETSPAD","Papendrecht","Papendrecht","Zuid-Holland",false,51.830966,4.707663,"material damage only","4","clear",false,1,"GM0590"
"20240134688",2024,"Uitsluitend materiele schade",2,"Personenauto","Fiets","Flank","Kruispunt, 3 takken",30,"Niet brandend","Daglicht","Regen",\N,\N,"Prinsenlaan","Rotterdam","Rotterdam","Zuid-Holland",false,51.940045,4.551359,"material damage only","4","rain",false,1,"GM0599"
"20240140091",2024,"Letsel",2,"Fiets","Personenauto","Onbekend","Kruispunt, 3 takken",30,"Niet brandend","Daglicht","Droog",\N,"260342013","Spoorlaan","Vreeland","Stichtse Vecht","Utrecht",false,52.229536,5.029741,"injury","2","clear",false,1,"GM1904"
"20240140292",2024,"Uitsluitend materiele schade",2,"Personenauto","Fiets","Flank","Kruispunt, 4 takken",50,"Brandend","Duisternis","Droog",\N,\N,"Graadt van Roggenweg","Utrecht","Utrecht","Utrecht",false,52.089609,5.103689,"material damage only","4","clear",false,1,"GM0344"
"20240143836",2024,"Letsel",2,"Personenauto","Fiets","Flank","Kruispunt, 4 takken",50,"Brandend","Duisternis","Regen",\N,\N,"Hazelaarplein","Pijnacker","Pijnacker-Nootdorp","Zuid-Holland",false,52.019482,4.427565,"injury","2","rain",false,1,"GM1926"
"20240136595",2024,"Uitsluitend materiele schade",2,"Personenauto","Fiets","Onbekend",\N,\N,\N,"Daglicht",\N,\N,"306228030","Deken van Roestellaan","Rosmalen","'s-Hertogenbosch","Noord-Brabant",false,51.717348,5.365145,"material damage only","4","unknown",false,1,"GM0796"
"20240141538",2024,"Uitsluitend materiele schade",2,"Personenauto","Fiets","Onbekend",\N,\N,\N,"Duisternis",\N,\N,\N,"Luttik Oudorp","Alkmaar","Alkmaar","Noord-Holland",false,52.630247,4.754697,"material damage only","4","unknown",false,1,"GM0361"
"20240142385",2024,"Letsel",2,"Personenauto","Fiets","Flank","Rotonde",50,"Brandend","Duisternis","Droog",\N,\N,"De Middend","Grootebroek","Stede Broec","Noord-Holland",false,52.695517,5.233141,"injury","2","clear",false,1,"GM0532"
"20240150990",2024,"Uitsluitend materiele schade",2,"Personenauto","Fiets","Onbekend","Kruispunt, 4 takken",30,"Niet brandend","Duisternis","Regen",\N,\N,"Diamantweg","Utrecht","Utrecht","Utrecht",false,52.073195,5.118882,"material damage only","4","rain",false,1,"GM0344"
"20240136695",2024,"Uitsluitend materiele schade",2,"Personenauto","Fiets","Flank","Rechte weg",50,"Niet brandend","Daglicht","Mist",\N,\N,"Oranjelaan","Roermond","Roermond","Limburg",false,51.192538,6.022588,"material damage only","4","fog",false,1,"GM0957"
"20240142015",2024,"Letsel",2,"Personenauto","Fiets","Frontaal","Rechte weg",30,"Brandend","Daglicht","Regen",\N,\N,"Ambachtslaan","Assendelft","Zaanstad","Noord-Holland",false,52.490531,4.75384,"injury","2","rain",false,1,"GM0479"
"20240135543",2024,"Uitsluitend materiele schade",2,"Personenauto","Fiets","Onbekend","Rechte weg",30,"Brandend","Duisternis","Droog",\N,"225199193","Oude Vest","Breda","Breda","Noord-Brabant",false,51.586626,4.778952,"material damage only","4","clear",false,1,"GM0758"
"20240138093",2024,"Uitsluitend materiele schade",3,"Bromfiets","Fiets","Onbekend","Kruispunt, 3 takken",30,"Niet aanwezig","Daglicht","Droog",\N,\N,"Luttenbergstraat","Zwolle","Zwolle","Overijssel",false,52.508077,6.099062,"material damage only","4","clear",false,1,"GM0193"
"20240139370",2024,"Letsel",2,"Fiets","Personenauto","Flank","Rechte weg",50,"Niet brandend","Daglicht","Regen",\N,"364507018","Tolhûswei","Joure","De Fryske Marren","Friesland",false,52.973058,5.796446,"injury","2","rain",false,1,"GM1940"
"20240145970",2024,"Uitsluitend materiele schade",2,"Personenauto","Fiets","Flank","Rechte weg",50,"Brandend","Duisternis","Droog",\N,"193274028","'s-Gravenweg","Rotterdam","Rotterdam","Zuid-Holland",false,51.921719,4.542502,"material damage only","4","clear",false,1,"GM0599"
"20240133793",2024,"Uitsluitend materiele schade",1,"Fiets",\N,"Onbekend","Rechte weg",50,"Niet brandend","Daglicht","Droog",\N,"600558219","Hoge Rijndijk","Leiden","Leiden","Zuid-Holland",false,52.155418,4.505079,"material damage only","4","clear",false,1,"GM0546"
"20240134993",2024,"Letsel",2,"Personenauto","Fiets","Flank","Kruispunt, 4 takken",50,"Brandend","Schemer",\N,\N,\N,"Kruisvoorde","Rotterdam","Rotterdam","Zuid-Holland",false,51.873351,4.490231,"injury","2","unknown",false,1,"GM0599"
"20240135614",2024,"Letsel",2,"Bromfiets","Fiets","Onbekend","Kruispunt, 3 takken",80,"Niet brandend","Daglicht","Droog",\N,\N,"Nieuwe Hoefweg","Bleiswijk","Lansingerland","Zuid-Holland",false,52.046608,4.544307,"injury","2","clear",false,1,"GM1621"
"20240144766",2024,"Letsel",2,"Snorfiets","Fiets","Frontaal","Rechte weg",50,"Brandend","Duisternis","Droog",\N,"600652210","Maasboulevard","Rotterdam","Rotterdam","Zuid-Holland",false,51.919685,4.497826,"injury","2","clear",false,1,"GM0599"
"20240145522",2024,"Uitsluitend materiele schade",2,"Personenauto","Fiets","Onbekend","Kruispunt, 4 takken",50,"Niet brandend","Daglicht","Droog",\N,\N,"Tramsingel","Breda","Breda","Noord-Brabant",false,51.589468,4.763595,"material damage only","4","clear",false,1,"GM0758"
"20240146032",2024,"Letsel",3,"Trekker","Fiets","Los voorwerp","Kruispunt, 4 takken",30,"Niet brandend","Daglicht","Droog",\N,\N,"Hillevliet","Rotterdam","Rotterdam","Zuid-Holland",false,51.893973,4.509821,"injury","2","clear",false,1,"GM0599"
"20240146249",2024,"Uitsluitend materiele schade",2,"Personenauto","Fiets","Onbekend","Rechte weg",30,"Niet aanwezig","Duisternis","Regen",\N,"186266035","Sallandweg","Rotterdam","Rotterdam","Zuid-Holland",false,51.884511,4.488446,"material damage only","4","rain",false,1,"GM0599"
"20240146402",2024,"Uitsluitend materiele schade",2,"Personenauto","Fiets","Frontaal","Rechte weg",30,"Niet brandend","Daglicht","Regen",\N,"357157014","Beatrixlaan","Asten","Asten","Noord-Brabant",false,51.399419,5.732469,"material damage only","4","rain",false,1,"GM0743"
"20240146781",2024,"Letsel",2,"Fiets","Personenauto","Kop/staart","Kruispunt, 4 takken",50,"Niet brandend","Daglicht","Droog",\N,\N,"Maastrichterweg","Landgraaf","Landgraaf","Limburg",false,50.912358,6.055409,"injury","2","clear",false,1,"GM0882"
"20240135050",2024,"Letsel",2,"Fiets","Fiets","Flank","Kruispunt, 3 takken",30,"Niet brandend","Daglicht","Droog",\N,\N,"Pieter Mondriaanrade","Capelle aan den IJssel","Capelle aan den IJssel","Zuid-Holland",false,51.954688,4.585644,"injury","2","clear",false,1,"GM0502"
"20240136296",2024,"Uitsluitend materiele schade",2,"Fiets","Voetganger","Voetganger","Rechte weg",30,"Niet brandend","Schemer","Droog",\N,"600795047","Hokkelstraat","Best","Best","Noord-Brabant",false,51.520167,5.390588,"material damage only","4","clear",false,1,"GM0753"
"20240146202",2024,"Letsel",1,"Fiets",\N,"Eenzijdig","Rechte weg",\N,"Niet brandend","Daglicht","Regen",\N,"167306013","Prinses Mariannelaan","Voorburg","Leidschendam-Voorburg","Zuid-Holland",false,52.063782,4.35187,"injury","2","rain",false,1,"GM1916"
"20240146972",2024,"Letsel",2,"Bestelauto","Fiets","Flank","Kruispunt, 3 takken",30,"Niet brandend","Daglicht","Droog",\N,\N,"Spechtstraat","Tegelen","Venlo","Limburg",false,51.335386,6.157624,"injury","2","clear",false,1,"GM0983"
"20240151084",2024,"Letsel",2,"Fiets","Fiets","Kop/staart","Kruispunt, 4 takken",50,"Niet brandend","Daglicht","Droog",\N,\N,"Zandhorstlaan","Oldenzaal","Oldenzaal","Overijssel",false,52.315322,6.906487,"injury","2","clear",false,1,"GM0173"
"20240148760",2024,"Uitsluitend materiele schade",2,"Personenauto","Fiets","Flank","Kruispunt, 3 takken",50,"Niet brandend","Daglicht","Droog",\N,\N,"Nijkerkendijk","Nijverdal","Hellendoorn","Overijssel",false,52.36085,6.466862,"material damage only","4","clear",false,1,"GM0163"
"20240137647",2024,"Letsel",2,"Fiets","Personenauto","Flank","Rotonde",50,"Niet brandend","Daglicht","Regen",\N,\N,"Mellesingel","Uden","Maashorst","Noord-Brabant",false,51.661024,5.627131,"injury","2","rain",false,1,"GM1991"