"accident_id","year","severity_raw","party_count","party1_type","party2_type","accident_type","road_situation","speed_limit_kmh","road_lighting","light_condition_label","weather_raw","infra_type","road_segment_id","street_name","place_name","gemeente_name_raw","province","alcohol_indicated","latitude","longitude","severity_label","severity_code","weather_label","built_up_area","cyclists_involved","gemeente_code"
"20240148990",2024,"Letsel",2,"Fiets","Personenauto","Flank","Kruispunt, 4 takken",50,"Niet brandend","Schemer","Droog",\N,\N,"Atoomweg","Groningen","Groningen","Groningen",false,53.213287,6.540008,"injury","2","clear",false,1,"GM0014"
"20240149323",2024,"Letsel",1,"Fiets",\N,"Onbekend","Rechte weg",30,"Brandend","Duisternis","Droog",\N,"600871318","Hoofdweg","Paterswolde","Tynaarlo","Drenthe",false,53.155759,6.56431,"injury","2","clear",false,1,"GM1730"
"20240008228",2024,"Letsel",2,"Personenauto","Fiets","Flank","Kruispunt, 4 takken",30,"Brandend","Duisternis","Droog",\N,\N,"Linnaeusstraat","Amsterdam","Amsterdam","Noord-Holland",false,52.358011,4.926476,"injury","2","clear",false,1,"GM0363"
"20240151594",2024,"Uitsluitend materiele schade",2,"Fiets","Bromfiets","Flank","Rotonde",50,"Niet brandend","Daglicht","Regen",\N,\N,"Holkerweg","Amersfoort","Amersfoort","Utrecht",false,52.16987,5.390239,"material damage only","4","rain",false,1,"GM0307"
"20240152905",2024,"Letsel",2,"Fiets","Personenauto","Onbekend","Rotonde",50,"Niet brandend","Daglicht","Droog",\N,\N,"Dirk Essenlaan","Grootebroek","Stede Broec","Noord-Holland",false,52.7013,5.230376,"injury","2","clear",false,1,"GM0532"
"20240153579",2024,"Letsel",2,"Vrachtauto","Fiets","Flank","Rechte weg",50,"Niet brandend","Daglicht","Droog",\N,\N,"Spoorstraat","Wognum","Medemblik","Noord-Holland",false,52.681831,5.033465,"injury","2","clear",false,1,"GM0420"
"20230109279",2023,"Uitsluitend materiele schade",2,"Fiets","Personenauto","Flank","Rechte weg",50,"Niet brandend","Daglicht",\N,\N,"306328013","Nijverheidsweg-Noord","Amersfoort","Amersfoort","Utrecht",false,52.167841,5.363607,"material damage only","4","unknown",false,1,"GM0307"
"20240017248",2024,"Uitsluitend materiele schade",2,"Personenauto","Fiets","Flank","Kruispunt, 4 takken",50,"Niet brandend","Daglicht","Droog",\N,\N,"Mr. P.J. Troelstralaan","Assen","Assen","Drenthe",false,52.997993,6.553227,"material damage only","4","clear",false,1,"GM0106"
"20230109937",2023,"Uitsluitend materiele schade",2,"Fiets","Fiets","Frontaal","Rotonde",50,"Brandend","Duisternis","Droog",\N,\N,"Wilhelminalaan","Reusel","Reusel-De Mierden","Noord-Brabant",false,51.361144,5.159969,"material damage only","4","clear",false,1,"GM1667"
"20240007555",2024,"Letsel",2,"Personenauto","Fiets","Onbekend","Rechte weg",30,"Niet brandend","Daglicht","Droog",\N,"216294115","Nieuwehaven","Gouda","Gouda","Zuid-Holland",false,52.012617,4.706218,"injury","2","clear",false,1,"GM0513"
"20240019488",2024,"Uitsluitend materiele schade",2,"Fiets","Fiets","Flank","Kruispunt, 3 takken",15,"Niet brandend","Daglicht","Droog",\N,\N,"Vreelandseweg","Hilversum","Hilversum","Noord-Holland",false,52.219944,5.128025,"material damage only","4","clear",false,1,"GM0402"
"20240021143",2024,"Letsel",1,"Fiets",\N,"Flank","Rechte weg",\N,"Niet brandend","Duisternis","Droog",\N,"224377054","Haarlemmerweg","Amsterdam","Amsterdam","Noord-Holland",false,52.383941,4.776408,"injury","2","clear",false,1,"GM0363"
"20240157814",2024,"Letsel",1,"Fiets",\N,"Onbekend","Kruispunt, 4 takken",30,"Brandend","Duisternis","Regen",\N,\N,"Walstraat","Vlissingen","Vlissingen","Zeeland",false,51.442627,3.57685,"injury","2","rain",false,1,"GM0718"
"20240001725",2024,"Uitsluitend materiele schade",3,"Bestelauto","Fiets","Onbekend","Kruispunt, 3 takken",50,"Niet brandend","Daglicht","Droog",\N,\N,"Oud-Cromstrijensedijk OZ","Klaaswaal","Hoeksche Waard","Zuid-Holland",false,51.767755,4.460406,"material damage only","4","clear",false,1,"GM1963"
"20240008369",2024,"Letsel",2,"Fiets","Bus","Onbekend","Kruispunt, 4 takken",50,"Niet aanwezig","Daglicht","Droog",\N,\N,"Zonweg","'s-Gravenhage","'s-Gravenhage","Zuid-Holland",false,52.066752,4.340291,"injury","2","clear",false,1,"GM0518"
"20240008675",2024,"Letsel",2,"Fiets","Bromfiets","Flank","Kruispunt, 4 takken",50,"Niet brandend","Daglicht","Droog",\N,\N,"Driepoortenweg","Arnhem","Arnhem","Gelderland",false,51.975147,5.94011,"injury","2","clear",false,1,"GM0202"
"20240009705",2024,"Uitsluitend materiele schade",2,"Personenauto","Fiets","Flank","Rechte weg",50,"Brandend","Duisternis","Droog",\N,"517340076","Hogelandsingel","Enschede","Enschede","Overijssel",false,52.212562,6.905933,"material damage only","4","clear",false,1,"GM0153"
"20240022989",2024,"Letsel",2,"Fiets","Personenauto","Flank","Rotonde",50,"Niet brandend","Daglicht","Droog",\N,\N,"Plantageweg","Zwijndrecht","Zwijndrecht","Zuid-Holland",false,51.812921,4.63215,"injury","2","clear",false,1,"GM0642"
"20240155774",2024,"Uitsluitend materiele schade",2,"Personenauto","Fiets","Flank","Rechte weg",80,"Niet brandend","Daglicht","Regen",\N,"401160017","Venloseweg","Sevenum","Horst aan de Maas","Limburg",false,51.410712,6.049291,"material damage only","4","rain",false,1,"GM1507"
"20230112964",2023,"Letsel",1,"Fiets",\N,"Eenzijdig","Rechte weg",30,\N,"Schemer",\N,\N,"159310066","Van Brakelstraat","'s-Gravenhage","'s-Gravenhage","Zuid-Holland",false,52.080958,4.293919,"injury","2","unknown",false,1,"GM0518"
"20240008712",2024,"Uitsluitend materiele schade",1,"Fiets",\N,"Onbekend","Rechte weg",50,"Brandend","Duisternis","Regen",\N,"471288074","dr Schaepmanstraat","Lichtenvoorde","Oost Gelre","Gelderland",false,51.981714,6.565498,"material damage only","4","rain",false,1,"GM1586"
"20240017630",2024,"Letsel",2,"Fiets","Personenauto","Flank","Rechte weg",50,"Niet brandend","Daglicht","Droog",\N,"516340101","Kuipersdijk","Enschede","Enschede","Overijssel",false,52.211321,6.895337,"injury","2","clear",false,1,"GM0153"
"20240017965",2024,"Letsel",2,"Bestelauto","Fiets","Onbekend","Kruispunt, 4 takken",50,"Niet brandend","Daglicht","Droog",\N,\N,"Mercuriusstraat","Enschede","Enschede","Overijssel",true,52.234125,6.84919,"injury","2","clear",false,1,"GM0153"
"20240155678",2024,"Uitsluitend materiele schade",2,"Personenauto","Fiets","Los voorwerp","Kruispunt, 3 takken",50,"Niet aanwezig","Daglicht","Droog",\N,\N,"Etzenrade","Jabeek","Beekdaelen","Limburg",false,50.978045,5.961183,"material damage only","4","clear",false,1,"GM1954"
"20240156729",2024,"Letsel",2,"Bromfiets","Fiets","Onbekend","Rechte weg",60,"Niet brandend","Schemer","Regen",\N,"409179001","Molenstraat","Swolgen","Horst aan de Maas","Limburg",false,51.493531,6.104984,"injury","2","rain",false,1,"GM1507"
"20240005089",2024,"Letsel",2,"Personenauto","Fiets","Flank","Rotonde",30,"Brandend","Duisternis","Droog",\N,\N,"Graafschapsstraat","Buren","Buren","Gelderland",false,51.908299,5.333735,"injury","2","clear",false,1,"GM0214"
"20240010204",2024,"Uitsluitend materiele schade",2,"Personenauto","Fiets","Flank","Kruispunt, 4 takken",50,"Niet brandend","Daglicht","Droog",\N,\N,"Dolomietstraat","Groningen","Groningen","Groningen",false,53.222169,6.528276,"material damage only","4","clear",false,1,"GM0014"
"20240012669",2024,"Letsel",2,"Personenauto","Fiets","Flank","Rechte weg",30,"Niet brandend","Daglicht","Droog",\N,"194309043","Molenstraat","Benthuizen","Alphen aan den Rijn","Zuid-Holland",false,52.077547,4.54785,"injury","2","clear",false,1,"GM0484"
"20240018293",2024,"Letsel",2,"Personenauto","Fiets","Onbekend","Rechte weg",30,"Niet brandend","Daglicht","Droog",\N,"392565005","Zevenhuisterweg","Noardburgum","Tytsjerksteradiel","Friesland",false,53.228801,6.004587,"injury","2","clear",false,1,"GM0737"
"20240019299",2024,"Uitsluitend materiele schade",2,"Fiets","Fiets","Onbekend","Rechte weg",30,"Niet brandend","Daglicht","Droog",\N,\N,"Atlasdreef","Almere","Almere","Flevoland",false,52.399033,5.29494,"material damage only","4","clear",false,1,"GM0034"
"20240152553",2024,"Uitsluitend materiele schade",2,"Personenauto","Fiets","Flank","Kruispunt, 4 takken",50,"Brandend","Duisternis","Droog",\N,\N,"Lingeweg","Hoorn","Hoorn","Noord-Holland",false,52.654853,5.07935,"material damage only","4","clear",false,1,"GM0405"
"20240154497",2024,"Letsel",2,"Personenauto","Fiets","Flank","Rotonde",50,"Niet brandend","Daglicht","Regen",\N,\N,"Rijksstraatweg","Hellevoetsluis","Voorne aan Zee","Zuid-Holland",false,51.833971,4.131472,"injury","2","rain",false,1,"GM1992"
"20230111319",2023,"Uitsluitend materiele schade",2,"Bromfiets","Fiets","Flank","Rechte weg",30,"Niet brandend","Daglicht","Droog",\N,"600761136","De Boelelaan","Amsterdam","Amsterdam","Noord-Holland",false,52.335062,4.863574,"material damage only","4","clear",false,1,"GM0363"
"20240021587",2024,"Letsel",1,"Fiets",\N,"Onbekend","Rechte weg",50,"Niet brandend","Daglicht","Droog",\N,"231466035","Spoorlaan","Schagen","Schagen","Noord-Holland",false,52.782804,4.805207,"injury","2","clear",false,1,"GM0441"
"20240013273",2024,"Letsel",2,"Personenauto","e-bike","Onbekend","Rotonde",50,"Niet brandend","Daglicht","Regen",\N,\N,"Noordweg","'s-Gravenhage","'s-Gravenhage","Zuid-Holland",false,52.037502,4.287412,"injury","2","rain",false,1,"GM0518"
"20240153247",2024,"Letsel",3,"Fiets","Fiets","Flank","Rechte weg",50,"Brandend","Duisternis","Regen",\N,"213402122","Duitslandlaan","Heemskerk","Heemskerk","Noord-Holland",true,52.497705,4.67681,"injury","2","rain",false,1,"GM0396"
"20240023312",2024,"Uitsluitend materiele schade",2,"Bromfiets","Fiets","Onbekend","Bocht",50,"Niet brandend","Daglicht","Regen",\N,"600766748","Nieuwe Wolpherensedijk","Gorinchem","Gorinchem","Zuid-Holland",false,51.831085,4.967089,"material damage only","4","rain",false,1,"GM0512"
"20240013674",2024,"Uitsluitend materiele schade",2,"Personenauto","Fiets","Flank","Kruispunt, 4 takken",30,"Niet brandend","Daglicht","Droog",\N,\N,"Van Beethovenlaan","Maassluis","Maassluis","Zuid-Holland",false,51.927519,4.242106,"material damage only","4","clear",false,1,"GM0556"
"20240154604",2024,"Uitsluitend materiele schade",2,"Personenauto","Fiets","Flank","Rotonde",50,"Niet brandend","Daglicht","Droog",\N,\N,"Beijerincklaan","Waddinxveen","Waddinxveen","Zuid-Holland",false,52.034338,4.640327,"material damage only","4","clear",false,1,"GM0627"
"20240011693",2024,"Uitsluitend materiele schade",2,"Personenauto","Fiets","Onbekend","Kruispunt, 4 takken",30,"Niet brandend","Daglicht","Droog",\N,\N,"Jan Pieterszoon Coenstr","Utrecht","Utrecht","Utrecht",false,52.093299,5.096653,"material damage only","4","clear",false,1,"GM0344"
"20240014545",2024,"Uitsluitend materiele schade",2,"Personenauto","Fiets","Flank","Rotonde",50,"Niet brandend","Daglicht","Droog",\N,\N,"Laan van Welhorst","Hendrik-Ido-Ambacht","Hendrik-Ido-Ambacht","Zuid-Holland",false,51.833555,4.649451,"material damage only","4","clear",false,1,"GM0531"
"20240014762",2024,"Letsel",1,"Fiets",\N,"Onbekend","Rechte weg",30,"Niet brandend","Daglicht","Droog",\N,"206250043","Borneostraat","Zwijndrecht","Zwijndrecht","Zuid-Holland",false,51.813368,4.636352,"injury","2","clear",false,1,"GM0642"
"20240016047",2024,"Uitsluitend materiele schade",2,"Bestelauto","Fiets","Frontaal","Kruispunt, 3 takken",50,"Niet brandend","Daglicht","Droog",\N,\N,"Nijnselseweg","Sint-Oedenrode","Meierijstad","Noord-Brabant",false,51.557992,5.46995,"material damage only","4","clear",false,1,"GM1948"
"20240018203",2024,"Letsel",2,"Personenauto","Fiets","Flank","Rechte weg",80,"Niet brandend","Daglicht","Droog",\N,"600559697","Hoofdweg","Veenhuizen","Noordenveld","Drenthe",false,53.031952,6.388682,"injury","2","clear",false,1,"GM1699"
"20240015679",2024,"Uitsluitend materiele schade",2,"Personenauto","Fiets","Onbekend","Rechte weg",30,"Niet brandend","Daglicht","Droog",\N,"356125014","Prinsbisdomstraat","Weert","Weert","Limburg",false,51.253841,5.723268,"material damage only","4","clear",false,1,"GM0988"
"20240018466",2024,"Letsel",2,"Fiets","Fiets","Flank","Kruispunt, 4 takken",50,"Niet brandend","Daglicht","Droog",\N,\N,"Liornestraat","Hoorn","Hoorn","Noord-Holland",false,52.652711,5.064842,"injury","2","clear",false,1,"GM0405"
"20240154742",2024,"Uitsluitend materiele schade",2,"Personenauto","Fiets","Flank","Bocht",50,"Niet brandend","Daglicht","Regen/Sneeuw/Hagel",\N,"600735660","Zevenkampse Ring","Rotterdam","Rotterdam","Zuid-Holland",false,51.962044,4.565646,"material damage only","4","unknown",false,1,"GM0599"
"20230113311",2023,"Letsel",3,"Personenauto","Fiets","Flank","Rotonde",50,"Brandend","Duisternis","Droog",\N,\N,"Wijngaardenlaan","Voorschoten","Voorschoten","Zuid-Holland",true,52.127319,4.43697,"injury","2","clear",false,1,"GM0626"
"20240018926",2024,"Letsel",1,"Fiets",\N,"Onbekend","Rechte weg",50,"Niet brandend","Daglicht","Droog",\N,"601069869","Geestersingel","Alkmaar","Alkmaar","Noord-Holland",false,52.635747,4.747209,"injury","2","clear",false,1,"GM0361"
"20240019234",2024,"Letsel",1,"Fiets",\N,"Onbekend","Bocht",15,"Brandend","Duisternis","Droog",\N,"600123077","Potjesdam","Zuid-Scharwoude","Dijk en Waard","Noord-Holland",false,52.700005,4.818911,"injury","2","clear",false,1,"GM1980"
"20240022351",2024,"Uitsluitend materiele schade",2,"Personenauto","Fiets","Flank","Kruispunt, 4 takken",50,"Brandend","Duisternis","Droog",\N,\N,"Pompenburg","Rotterdam","Rotterdam","Zuid-Holland",false,51.924719,4.479856,"material damage only","4","clear",false,1,"GM0599"
"20240153505",2024,"Letsel",2,"Fiets","Overig vast object","Vast voorwerp","Rechte weg",50,"Brandend","Duisternis","Regen",\N,\N,"Nieuwe Schermerweg","Alkmaar","Alkmaar","Noord-Holland",false,52.629997,4.761942,"injury","2","rain",false,1,"GM0361"
"20230108610",2023,"Uitsluitend materiele schade",2,"Personenauto","Fiets","Flank","Kruispunt, 4 takken",30,"Niet brandend","Daglicht","Droog",\N,\N,"Harlingensingel","Almere","Almere","Flevoland",false,52.373035,5.207444,"material damage only","4","clear",false,1,"GM0034"
"20240157688",2024,"Letsel",3,"Personenauto","Fiets","Onbekend","Rechte weg",50,"Niet brandend","Daglicht","Droog",\N,"601230471","Boerenpad","Zaandam","Zaanstad","Noord-Holland",false,52.449354,4.817883,"injury","2","clear",false,1,"GM0479"
"20240021714",2024,"Uitsluitend materiele schade",3,"Personenauto","e-bike","Flank","Kruispunt, 4 takken",50,"Niet brandend","Daglicht","Regen",\N,"600745148","Markenburg","Hoofddorp","Haarlemmermeer","Noord-Holland",false,52.301383,4.662216,"material damage only","4","rain",false,1,"GM0394"
"20240024995",2024,"Letsel",2,"Personenauto","Fiets","Los voorwerp","Rechte weg",50,"Niet brandend","Duisternis","Droog",\N,"600843839","Heerenweg","Heerlen","Heerlen","Limburg",false,50.913019,5.974315,"injury","2","clear",false,1,"GM0917"
"20230030024",2023,"Uitsluitend materiele schade",1,"e-bike",\N,"Frontaal","Rechte weg",30,"Niet brandend","Daglicht","Droog",\N,"600716457","Strijplaan","Rijswijk","Rijswijk","Zuid-Holland",false,52.032744,4.29772,"material damage only","4","clear",false,1,\N
"20230030578",2023,"Uitsluitend materiele schade",1,"Fiets",\N,"Flank","Rechte weg",30,"Brandend","Duisternis","Droog",\N,"600134535","Stationsweg","'s-Hertogenbosch","'s-Hertogenbosch","Noord-Brabant",false,51.690489,5.29726,"material damage only","4","clear",false,1,"GM0796"
"20230033926",2023,"Letsel",2,"Personenauto","Fiets","Flank","Kruispunt, 3 takken",50,"Niet brandend","Daglicht","Droog",\N,\N,"Anjelierstraat","Almelo","Almelo","Overijssel",false,52.34628,6.661009,"injury","2","clear",false,1,"GM0141"
"20240030624",2024,"Letsel",2,"Bromfiets","Fiets","Onbekend","Kruispunt, 4 takken",30,"Brandend","Duisternis","Droog",\N,\N,"Jan Evertsenstraat","Amsterdam","Amsterdam","Noord-Holland",false,52.371185,4.856857,"injury","2","clear",false,1,"GM0363"
"20230068775",2023,"Letsel",1,"Fiets",\N,"Eenzijdig","Bocht",60,"Niet brandend","Daglicht","Droog",\N,"600752717","Steinsedijk","Haastrecht","Krimpenerwaard","Zuid-Holland",false,52.013767,4.801021,"injury","2","clear",false,1,"GM1931"
"20230069610",2023,"Uitsluitend materiele schade",2,"Fiets","Fiets","Onbekend","Kruispunt, 3 takken",\N,"Niet brandend","Daglicht","Droog",\N,\N,"Voorschoterweg","Leiden","Leiden","Zuid-Holland",false,52.13728,4.472265,"material damage only","4","clear",false,1,"GM0546"
"20230019155",2023,"Uitsluitend materiele schade",2,"Personenauto","Fiets","Onbekend","Rechte weg",30,"Niet brandend","Daglicht","Droog",\N,"355407029","Groenlandstraat","Dronten","Dronten","Flevoland",false,52.5226,5.723001,"material damage only","4","clear",false,1,"GM0303"
"20230020865",2023,"Uitsluitend materiele schade",2,"Fiets","Personenauto","Kop/staart","Rechte weg",30,"Niet brandend","Daglicht","Regen",\N,"600381211","Sarphatistraat","Amsterdam","Amsterdam","Noord-Holland",false,52.36238,4.913521,"material damage only","4","rain",false,1,"GM0363"
"20230023705",2023,"Letsel",2,"Bestelauto","Fiets","Frontaal","Kruispunt, 4 takken",30,"Niet brandend","Daglicht","Droog",\N,\N,"Voorstraat","Katwijk","Katwijk","Zuid-Holland",false,52.202602,4.402528,"injury","2","clear",false,1,"GM0537"
"20230027143",2023,"Uitsluitend materiele schade",2,"Bestelauto","Fiets","Flank","Kruispunt, 3 takken",60,"Brandend","Daglicht","Droog",\N,\N,"Doremansteeg","Dongen","Dongen","Noord-Brabant",false,51.616538,4.969417,"material damage only","4","clear",false,1,"GM0766"
"20240029018",2024,"Letsel",2,"Fiets","Voetganger","Voetganger","Rechte weg",50,"Niet brandend","Daglicht","Droog",\N,"336281005","Grebbeweg","Rhenen","Rhenen","Utrecht",false,51.9568,5.581706,"injury","2","clear",false,1,"GM0340"
"20240029505",2024,"Letsel",2,"Fiets",\N,"Onbekend",\N,50,\N,"Daglicht",\N,\N,"267194031","Gasthuisring","Tilburg","Tilburg","Noord-Brabant",false,51.562785,5.077522,"injury","2","unknown",false,1,"GM0855"
"20230033100",2023,"Letsel",2,"Fiets",\N,"Eenzijdig","Kruispunt, 3 takken",50,"Niet brandend","Daglicht","Droog",\N,\N,"Zeppelinstraat","Helmond","Helmond","Noord-Brabant",false,51.483519,5.679823,"injury","2","clear",false,1,"GM0794"
"20240029794",2024,"Letsel",2,"Fiets","Bestelauto","Flank","Kruispunt, 4 takken",30,"Niet aanwezig","Daglicht","Droog",\N,\N,"FIETSPAD","Moerkapelle","Zuidplas","Zuid-Holland",false,52.060427,4.574594,"injury","2","clear",false,1,"GM1892"
"20230066982",2023,"Letsel",3,"Personenauto","Fiets","Onbekend","Kruispunt, 4 takken",30,"Niet brandend","Daglicht","Droog",\N,\N,"Glitterstraat","Amsterdam","Amsterdam","Noord-Holland",false,52.322604,4.978872,"injury","2","clear",false,1,"GM0363"
"20230067811",2023,"Letsel",1,"Fiets",\N,"Eenzijdig","Rechte weg",50,"Niet brandend","Daglicht","Droog",\N,"243371066","Sarphatistraat","Amsterdam","Amsterdam","Noord-Holland",false,52.359844,4.901517,"injury","2","clear",false,1,"GM0363"
"20230018578",2023,"Letsel",2,"Personenauto","e-bike","Flank","Kruispunt, 4 takken",50,"Niet brandend","Daglicht","Droog",\N,\N,"Vondelstraat","Alkmaar","Alkmaar","Noord-Holland",false,52.616519,4.742333,"injury","2","clear",false,1,"GM0361"
"20230026043",2023,"Letsel",3,"Bestelauto","Fiets","Flank","Rechte weg",30,"Niet brandend","Daglicht","Droog",\N,"600745719","Stooplaan","Dordrecht","Dordrecht","Zuid-Holland",false,51.81198,4.680908,"injury","2","clear",false,1,"GM0505"
"20230027778",2023,"Uitsluitend materiele schade",2,"Bromfiets","Fiets","Flank","Rechte weg",50,"Niet brandend","Daglicht","Droog",\N,"600559169","Goirkestraat","Tilburg","Tilburg","Noord-Brabant",false,51.571441,5.079785,"material damage only","4","clear",false,1,"GM0855"
"20230034775",2023,"Letsel",2,"Personenauto","Fiets","Flank","Rotonde",50,\N,"Daglicht","Droog",\N,\N,"Oude Zevenaarseweg","Arnhem","Arnhem","Gelderland",false,51.978404,5.93988,"injury","2","clear",false,1,"GM0202"
"20240031462",2024,"Letsel",2,"Personenauto","Fiets","Frontaal","Rechte weg",50,"Niet brandend","Daglicht","Droog",\N,"266191131","Korvelseweg","Tilburg","Tilburg","Noord-Brabant",false,51.551137,5.074484,"injury","2","clear",false,1,"GM0855"
"20230068478",2023,"Letsel",2,"Fiets","Fiets","Kop/staart","Rechte weg",30,"Brandend","Daglicht","Droog","Tunnel","171291081","Oudelaan","Delft","Delft","Zuid-Holland",false,51.999142,4.38646,"injury","2","clear",false,1,"GM0503"
"20230068829",2023,"Letsel",2,"Fiets","Fiets","Flank","Rechte weg",30,"Niet brandend","Daglicht","Droog",\N,"601031215","IJsselmeerlaan","Leiden","Leiden","Zuid-Holland",false,52.169567,4.510141,"injury","2","clear",false,1,"GM0546"
"20230074011",2023,"Uitsluitend materiele schade",2,"Bromfiets","Fiets","Flank","Rechte weg",50,"Niet brandend","Daglicht","Droog",\N,\N,"Dijkweg","Zevenaar","Zevenaar","Gelderland",false,51.918551,6.089226,"material damage only","4","clear",false,1,"GM0299"
"20230074207",2023,"Letsel",2,"Fiets","Fiets","Frontaal","Bocht",30,"Niet brandend","Daglicht","Droog","Tunnel","600868565","Roelf Bosmastraat","Rijssen","Rijssen-Holten","Overijssel",false,52.305437,6.497721,"injury","2","clear",false,1,"GM1742"
"20230012880",2023,"Uitsluitend materiele schade",2,"Personenauto","Fiets","Onbekend","Kruispunt, 3 takken",30,"Niet brandend","Daglicht","Droog",\N,\N,"van Hogendorplaan","Lochem","Lochem","Gelderland",false,52.155938,6.42083,"material damage only","4","clear",false,1,"GM0262"
"20230030703",2023,"Uitsluitend materiele schade",2,"Personenauto","Fiets","Flank","Rechte weg",30,"Niet brandend","Daglicht","Droog",\N,"300224018","v R v Kesselln","'s-Hertogenbosch","'s-Hertogenbosch","Noord-Brabant",false,51.699816,5.316667,"material damage only","4","clear",false,1,"GM0796"
"20230032590",2023,"Uitsluitend materiele schade",2,"Bromfiets","Fiets","Flank","Kruispunt, 4 takken",50,"Niet brandend","Daglicht","Droog",\N,\N,"Stalenberg","Sambeek","Land van Cuijk","Noord-Brabant",false,51.634064,5.966811,"material damage only","4","clear",false,1,"GM1982"
"20230032618",2023,"Uitsluitend materiele schade",2,"Personenauto","Fiets","Flank","Kruispunt, 3 takken",30,"Niet brandend","Daglicht","Droog",\N,\N,"Sint Hubertuslaan","Maastricht","Maastricht","Limburg",false,50.843041,5.690324,"material damage only","4","clear",false,1,"GM0935"
"20230034799",2023,"Uitsluitend materiele schade",2,"Fiets","Personenauto","Geparkeerd voertuig","Rechte weg",30,"Brandend","Duisternis","Droog",\N,"468563105","Rademarkt","Groningen","Groningen","Groningen",false,53.21603,6.571268,"material damage only","4","clear",false,1,"GM0014"
"20230036208",2023,"Uitsluitend materiele schade",2,"Fiets","Personenauto","Flank","Rechte weg",50,"Niet brandend","Daglicht","Droog",\N,"445492004","P.R. Roelfsema Rzn.-weg","Hoogersmilde","Midden-Drenthe","Drenthe",false,52.901318,6.393549,"material damage only","4","clear",false,1,"GM1731"
"20230075938",2023,"Uitsluitend materiele schade",2,"Personenauto","e-bike","Onbekend","Kruispunt, 4 takken",\N,"Niet brandend","Daglicht","Droog",\N,\N,"Hoofdweg","Hoofddorp","Haarlemmermeer","Noord-Holland",false,52.290577,4.672124,"material damage only","4","clear",false,1,"GM0394"
"20230020416",2023,"Letsel",2,"Personenauto","Fiets","Flank","Kruispunt, 4 takken",30,"Niet brandend","Daglicht","Droog",\N,\N,"Noorddammerlaan","Amstelveen","Amstelveen","Noord-Holland",false,52.292256,4.840133,"injury","2","clear",false,1,"GM0362"
"20230021528",2023,"Letsel",2,"Fiets","Fiets","Flank","Rechte weg",50,"Brandend","Duisternis","Droog",\N,"189326016","Hoge Rijndijk","Leiden","Leiden","Zuid-Holland",false,52.155307,4.506028,"injury","2","clear",false,1,"GM0546"
"20230026690",2023,"Letsel",2,"Bestelauto","Fiets","Eenzijdig","Kruispunt, 4 takken",50,"Niet brandend","Daglicht","Regen",\N,\N,"Plantsoen","Geertruidenberg","Geertruidenberg","Noord-Brabant",false,51.699899,4.863659,"injury","2","rain",false,1,"GM0779"
"20230027846",2023,"Letsel",2,"Personenauto","e-bike","Flank","Kruispunt, 4 takken",50,"Niet brandend","Daglicht","Droog",\N,\N,"Stijn Streuvelslaan","Etten-Leur","Etten-Leur","Noord-Brabant",false,51.567167,4.647009,"injury","2","clear",false,1,"GM0777"
"20230031862",2023,"Uitsluitend materiele schade",2,"Fiets","Personenauto","Flank","Kruispunt, 4 takken",30,"Niet brandend","Daglicht","Droog",\N,\N,"Kloosterhof","Heythuysen","Leudal","Limburg",false,51.250138,5.896199,"material damage only","4","clear",false,1,"GM1640"
"20230033200",2023,"Uitsluitend materiele schade",2,"Personenauto","Fiets","Flank","Kruispunt, 4 takken",30,\N,"Duisternis","Droog",\N,\N,"Bilderdijklaan","Eindhoven","Eindhoven","Noord-Brabant",false,51.43378,5.481577,"material damage only","4","clear",false,1,"GM0772"
"20230067237",2023,"Uitsluitend materiele schade",2,"Fiets","Personenauto","Flank","Kruispunt, 4 takken",30,"Niet brandend","Daglicht","Droog",\N,\N,"Hortensialaan","Aalsmeer","Aalsmeer","Noord-Holland",false,52.262931,4.757741,"material damage only","4","clear",false,1,"GM0358"
"20230068929",2023,"Letsel",1,"Fiets",\N,"Eenzijdig","Kruispunt, 3 takken",30,"Niet brandend","Daglicht","Droog",\N,\N,"Paets van Troostwijkstr","'s-Gravenhage","'s-Gravenhage","Zuid-Holland",false,52.055868,4.32477,"injury","2","clear",false,1,"GM0518"
"20230076371",2023,"Letsel",2,"Fiets","Personenauto","Flank","Rotonde",50,"Niet brandend","Daglicht","Droog",\N,\N,"Mauritslaan","De Meern","Utrecht","Utrecht",false,52.075743,5.032187,"injury","2","clear",false,1,"GM0344"
"20230016964",2023,"Letsel",2,"Fiets","Bromfiets","Kop/staart","Rechte weg",50,"Niet brandend","Daglicht","Droog",\N,"600770721","Berkhouterweg","Hoorn","Hoorn","Noord-Holland",false,52.64581,5.038869,"injury","2","clear",false,1,"GM0405"
"20230021012",2023,"Letsel",2,"Fiets","Overig vast object","Vast voorwerp","Rechte weg",50,"Brandend","Duisternis","Droog",\N,"166311146","Juliana van Stolberglaan","'s-Gravenhage","'s-Gravenhage","Zuid-Holland",false,52.084412,4.343213,"injury","2","clear",false,1,"GM0518"
"20230025605",2023,"Letsel",2,"Personenauto","Fiets","Flank","Kruispunt, 3 takken",50,"Brandend","Duisternis","Droog",\N,\N,"Burg Pijl Hogeweglaan","Zwijndrecht","Zwijndrecht","Zuid-Holland",false,51.820099,4.62111,"injury","2","clear",false,1,"GM0642"
"20230027296",2023,"Uitsluitend materiele schade",2,"Personenauto","Fiets","Los voorwerp","Kruispunt, 3 takken",30,"Brandend","Schemer",\N,\N,\N,"Heilaarstraat","Breda","Breda","Noord-Brabant",false,51.580074,4.736813,"material damage only","4","unknown",false,1,"GM0758"