"accident_id","year","severity_raw","party_count","party1_type","party2_type","accident_type","road_situation","speed_limit_kmh","road_lighting","light_condition_label","weather_raw","infra_type","road_segment_id","street_name","place_name","gemeente_name_raw","province","alcohol_indicated","latitude","longitude","severity_label","severity_code","weather_label","built_up_area","cyclists_involved","gemeente_code"
"20240029638",2024,"Letsel",2,"Personenauto","Fiets","Flank","Kruispunt, 3 takken",30,"Niet brandend","Daglicht","Regen",\N,\N,"Giststraat","Delft","Delft","Zuid-Holland",false,52.006724,4.361603,"injury","2","rain",false,1,"GM0503"
"20230034464",2023,"Uitsluitend materiele schade",2,"Personenauto","Fiets","Flank","Rotonde",50,"Niet brandend","Daglicht","Regen",\N,\N,"Rooseveltweg","Wageningen","Wageningen","Gelderland",false,51.976451,5.661589,"material damage only","4","rain",false,1,"GM0289"
"20230079345",2023,"Uitsluitend materiele schade",2,"Personenauto","Fiets","Flank","Rotonde",50,"Niet brandend","Daglicht","Droog",\N,\N,"Ringweg","Best","Best","Noord-Brabant",false,51.499379,5.381802,"material damage only","4","clear",false,1,"GM0753"
"20240025487",2024,"Uitsluitend materiele schade",2,"Personenauto","Fiets","Onbekend","Rechte weg",30,"Niet brandend","Daglicht","Regen",\N,"601099943","Aagje Dekenstraat","Vlissingen","Vlissingen","Zeeland",false,51.446026,3.573943,"material damage only","4","rain",false,1,"GM0718"
"20240025716",2024,"Dodelijk",2,"Personenauto","Fiets","Flank","Rechte weg",60,"Niet brandend","Daglicht","Droog",\N,\N,"Schoonderbeeklaan","Putten","Putten","Gelderland",false,52.267779,5.608317,"fatal","1","clear",false,1,"GM0273"
"20230019318",2023,"Letsel",1,"Fiets",\N,"Eenzijdig","Rechte weg",30,"Niet brandend","Daglicht","Droog",\N,"600207052","HANZEBOOG","Zwolle","Zwolle","Overijssel",false,52.490825,6.066123,"injury","2","clear",false,1,"GM0193"
"20230024489",2023,"Letsel",1,"Fiets",\N,"Eenzijdig","Rechte weg",\N,"Brandend","Duisternis","Regen",\N,"240373021","Nassaukade","Amsterdam","Amsterdam","Noord-Holland",false,52.366664,4.877132,"injury","2","rain",false,1,"GM0363"
"20230035333",2023,"Letsel",2,"Fiets","Fiets","Onbekend","Bocht",30,"Niet brandend","Daglicht","Droog",\N,"600836458","Triangel","Kampen","Kampen","Overijssel",false,52.542217,5.907578,"injury","2","clear",false,1,"GM0166"
"20230035356",2023,"Letsel",2,"Fiets","Fiets","Flank","Kruispunt, 3 takken",80,"Niet brandend","Daglicht","Droog",\N,\N,"De Finne","Ysbrechtum","Súdwest-Fryslân","Friesland",false,53.041766,5.630911,"injury","2","clear",false,1,"GM1900"
"20230078237",2023,"Letsel",2,"Fiets","Overig vast object","Vast voorwerp","Kruispunt, 3 takken",50,"Brandend","Duisternis","Droog",\N,\N,"Prinses Irenestraat","'s-Gravenhage","'s-Gravenhage","Zuid-Holland",false,52.083169,4.325314,"injury","2","clear",false,1,"GM0518"
"20230078407",2023,"Uitsluitend materiele schade",2,"Personenauto","Fiets","Flank","Kruispunt, 3 takken",50,"Niet brandend","Daglicht","Regen",\N,\N,"Valckslootlaan","Hillegom","Hillegom","Zuid-Holland",false,52.293038,4.591141,"material damage only","4","rain",false,1,"GM0534"
"20230078719",2023,"Letsel",1,"Fiets",\N,"Eenzijdig","Rechte weg",50,"Niet brandend","Daglicht","Droog",\N,"600906766","Segbroeklaan","'s-Gravenhage","'s-Gravenhage","Zuid-Holland",false,52.081895,4.26948,"injury","2","clear",false,1,"GM0518"
"20240025594",2024,"Letsel",2,"Personenauto","Fiets","Flank","Rechte weg",60,"Niet brandend","Daglicht","Regen",\N,\N,"Rolderhoofdweg","Assen","Assen","Drenthe",false,52.99516,6.582235,"injury","2","rain",false,1,"GM0106"
"20230017038",2023,"Letsel",2,"Personenauto","Fiets","Flank","Kruispunt, 4 takken",30,"Brandend","Duisternis","Droog",\N,\N,"Deltaweg","Hoofddorp","Haarlemmermeer","Noord-Holland",false,52.307746,4.63472,"injury","2","clear",false,1,"GM0394"
"20230018772",2023,"Uitsluitend materiele schade",2,"Personenauto","Fiets","Flank","Kruispunt, 4 takken",50,"Brandend","Duisternis","Droog",\N,\N,"Diamantweg","Utrecht","Utrecht","Utrecht",false,52.073195,5.118882,"material damage only","4","clear",false,1,"GM0344"
"20230029680",2023,"Letsel",1,"Fiets",\N,"Eenzijdig",\N,50,"Niet brandend","Daglicht","Droog",\N,"181332011","Rijnsburgerweg","Oegstgeest","Oegstgeest","Zuid-Holland",false,52.180697,4.450236,"injury","2","clear",false,1,"GM0579"
"20230073579",2023,"Uitsluitend materiele schade",2,"Personenauto","Fiets","Flank","Kruispunt, 3 takken",30,"Niet brandend","Daglicht","Droog",\N,\N,"Zambonistraat","Kampen","Kampen","Overijssel",false,52.557082,5.884574,"material damage only","4","clear",false,1,"GM0166"
"20230023962",2023,"Letsel",2,"Personenauto","Fiets","Flank","Kruispunt, 4 takken",50,"Niet brandend","Daglicht","Droog",\N,\N,"Gaardedreef","Zoetermeer","Zoetermeer","Zuid-Holland",false,52.059767,4.509984,"injury","2","clear",false,1,"GM0637"
"20230027992",2023,"Letsel",2,"Personenauto","Fiets","Frontaal","Rotonde",50,"Niet brandend","Daglicht","Droog",\N,\N,"Speerreep","Hoogvliet Rotterdam","Rotterdam","Zuid-Holland",false,51.85457,4.374373,"injury","2","clear",false,1,"GM0599"
"20230068354",2023,"Uitsluitend materiele schade",3,"Fiets","Fiets","Onbekend","Rechte weg",60,"Niet brandend","Daglicht","Droog",\N,"600463282","Haringvlietweg","Hellevoetsluis","Voorne aan Zee","Zuid-Holland",false,51.844996,4.078291,"material damage only","4","clear",false,1,"GM1992"
"20230073118",2023,"Letsel",1,"Fiets",\N,"Eenzijdig","Rechte weg",50,"Niet brandend","Daglicht","Droog",\N,\N,"Rijssenseweg","Enter","Wierden","Overijssel",false,52.295232,6.576082,"injury","2","clear",false,1,"GM0189"
"20230073290",2023,"Uitsluitend materiele schade",2,"e-bike","e-bike","Flank","Kruispunt, 3 takken",30,"Niet aanwezig","Daglicht","Droog",\N,\N,"Aart van Wilgenburghof","Ermelo","Ermelo","Gelderland",false,52.308049,5.598089,"material damage only","4","clear",false,1,"GM0233"
"20230074077",2023,"Letsel",2,"Snorfiets","Fiets","Onbekend","Rechte weg",50,"Niet brandend","Daglicht","Droog",\N,"600690387","Zuidelijke Parallelweg","Westervoort","Westervoort","Gelderland",false,51.961463,5.970456,"injury","2","clear",false,1,"GM0293"
"20230078795",2023,"Uitsluitend materiele schade",2,"Personenauto","Fiets","Frontaal","Rotonde",50,"Niet brandend","Daglicht","Droog",\N,\N,"Hagedoornweg","Amsterdam","Amsterdam","Noord-Holland",true,52.390978,4.911496,"material damage only","4","clear",false,1,"GM0363"
"20230078865",2023,"Uitsluitend materiele schade",2,"Bestelauto","Fiets","Flank","Rechte weg",30,"Niet brandend","Daglicht","Droog",\N,"600507109","Nieuwe Zeeweg","Noordwijk","Noordwijk","Zuid-Holland",false,52.241775,4.440335,"material damage only","4","clear",false,1,"GM0575"
"20230078996",2023,"Uitsluitend materiele schade",1,"Fiets",\N,"Onbekend","Bocht",\N,"Niet brandend","Daglicht","Regen",\N,"236367026","IJsbaanpad","Amsterdam","Amsterdam","Noord-Holland",false,52.341761,4.849433,"material damage only","4","rain",false,1,"GM0363"
"20230014814",2023,"Letsel",2,"Bestelauto","Fiets","Onbekend","Bocht",30,"Niet aanwezig","Daglicht","Droog",\N,"328528035","Dr Joost Halbertsmastr","Bolsward","Súdwest-Fryslân","Friesland",false,53.066794,5.524721,"injury","2","clear",false,1,"GM1900"
"20230015419",2023,"Uitsluitend materiele schade",2,"Personenauto","Fiets","Flank","Rechte weg",50,"Niet brandend","Daglicht","Droog",\N,\N,"Vondellaan","Heerhugowaard","Dijk en Waard","Noord-Holland",false,52.669764,4.840448,"material damage only","4","clear",false,1,"GM1980"
"20230015426",2023,"Uitsluitend materiele schade",2,"Fiets","Overig vast object","Vast voorwerp","Kruispunt, 4 takken",30,"Niet brandend","Daglicht","Droog",\N,\N,"Getsewoudweg","Nieuw-Vennep","Haarlemmermeer","Noord-Holland",false,52.2619,4.609276,"material damage only","4","clear",false,1,"GM0394"
"20230020037",2023,"Uitsluitend materiele schade",2,"Bestelauto","Fiets","Flank","Rechte weg",50,"Niet brandend","Daglicht","Droog",\N,"314264073","Nieuwe Tielseweg","Tiel","Tiel","Gelderland",false,51.879872,5.419343,"material damage only","4","clear",false,1,"GM0281"
"20230025736",2023,"Uitsluitend materiele schade",2,"Personenauto","Fiets","Flank","Kruispunt, 3 takken",30,"Niet brandend","Daglicht","Droog",\N,\N,"Prinsenhof","Rotterdam","Rotterdam","Zuid-Holland",false,51.922879,4.486921,"material damage only","4","clear",false,1,"GM0599"
"20240027690",2024,"Uitsluitend materiele schade",2,"Personenauto","Fiets","Flank","Rechte weg",50,"Niet brandend","Daglicht","Droog",\N,"206339006","Rijksweg A4","Weteringbrug","Haarlemmermeer","Noord-Holland",false,52.223824,4.635159,"material damage only","4","clear",false,1,"GM0394"
"20230035457",2023,"Uitsluitend materiele schade",2,"e-bike","Personenauto","Flank","Rotonde",50,"Niet brandend","Daglicht","Droog",\N,\N,"Steenweg","Zaltbommel","Zaltbommel","Gelderland",false,51.799939,5.243359,"material damage only","4","clear",false,1,"GM0297"
"20230079073",2023,"Uitsluitend materiele schade",2,"Personenauto","Fiets","Onbekend","Rotonde",50,\N,"Daglicht",\N,\N,\N,"Middel Broekweg","Naaldwijk","Westland","Zuid-Holland",false,51.991087,4.217949,"material damage only","4","unknown",false,1,"GM1783"
"20230079293",2023,"Uitsluitend materiele schade",2,"Snorfiets","Fiets","Flank","Kruispunt, 3 takken",\N,"Niet brandend","Daglicht","Droog",\N,\N,"Maasoeverpad","'s-Hertogenbosch","'s-Hertogenbosch","Noord-Brabant",false,51.714454,5.274459,"material damage only","4","clear",false,1,"GM0796"
"20230013699",2023,"Uitsluitend materiele schade",2,"Personenauto","Fiets","Flank","Rechte weg",30,"Brandend","Duisternis","Droog",\N,"600200758","Bloemstraat","Groningen","Groningen","Groningen",false,53.22347,6.568942,"material damage only","4","clear",false,1,"GM0014"
"20230015995",2023,"Uitsluitend materiele schade",2,"Personenauto","Fiets","Flank","Rotonde",50,"Niet brandend","Daglicht","Droog",\N,\N,"Kattenbroekerweg","Amersfoort","Amersfoort","Utrecht",false,52.168205,5.384001,"material damage only","4","clear",false,1,"GM0307"
"20230034655",2023,"Letsel",2,"Personenauto","Fiets","Flank","Kruispunt, 3 takken",50,"Niet brandend","Daglicht","Droog",\N,\N,"Kloosterstraat","Losser","Losser","Overijssel",false,52.262609,7.010597,"injury","2","clear",false,1,"GM0168"
"20240030004",2024,"Letsel",1,"Fiets",\N,"Eenzijdig","Rechte weg",30,"Brandend","Duisternis","Droog",\N,"192328057","Vogellaan","Leiderdorp","Leiderdorp","Zuid-Holland",false,52.161561,4.526977,"injury","2","clear",false,1,"GM0547"
"20230036464",2023,"Uitsluitend materiele schade",2,"Fiets","Trekker","Onbekend","Rechte weg",30,"Niet aanwezig","Daglicht","Droog",\N,"600768180","Gein-Noord","Abcoude","De Ronde Venen","Utrecht",false,52.294826,5.011344,"material damage only","4","clear",false,1,"GM0736"
"20230078278",2023,"Letsel",2,"Fiets","Snorfiets","Frontaal","Rechte weg",\N,"Brandend","Duisternis","Regen",\N,"600763046","Ouderkerkerdijk","Amsterdam","Amsterdam","Noord-Holland",false,52.327166,4.908618,"injury","2","rain",false,1,"GM0363"
"20230078521",2023,"Uitsluitend materiele schade",2,"Fiets","Fiets","Flank","Rechte weg",\N,"Niet brandend","Daglicht","Droog",\N,"600999507","Van Leeuwenhoeklaan","Zoetermeer","Zoetermeer","Zuid-Holland",false,52.057541,4.482881,"material damage only","4","clear",false,1,"GM0637"
"20230071592",2023,"Uitsluitend materiele schade",2,"Trekker met oplegger","Fiets","Flank","Kruispunt, 4 takken",50,"Niet brandend","Daglicht","Droog",\N,\N,"Violierstraat","Uden","Maashorst","Noord-Brabant",false,51.660302,5.624259,"material damage only","4","clear",false,1,"GM1991"
"20230014908",2023,"Letsel",2,"Bestelauto","Fiets","Eenzijdig","Kruispunt, 3 takken",30,"Niet brandend","Daglicht","Droog",\N,\N,"Oranjebond","Assen","Assen","Drenthe",false,53.010528,6.55644,"injury","2","clear",false,1,"GM0106"
"20240026015",2024,"Letsel",1,"Fiets",\N,"Onbekend","Rechte weg",60,"Niet aanwezig","Daglicht","Droog",\N,"405364001","IJsseldijk","Welsum","Olst-Wijhe","Overijssel",false,52.327766,6.088047,"injury","2","clear",false,1,"GM1773"
"20240027535",2024,"Letsel",1,"Fiets",\N,"Eenzijdig","Kruispunt, 4 takken",50,"Niet brandend","Daglicht","Droog",\N,\N,"Julianalaan","Veendam","Veendam","Groningen",false,53.101721,6.876669,"injury","2","clear",false,1,"GM0047"
"20230027531",2023,"Uitsluitend materiele schade",2,"Personenauto","Fiets","Flank","Kruispunt, 4 takken",50,"Niet brandend","Daglicht","Droog",\N,\N,"Trekbeemd","Oosterhout","Oosterhout","Noord-Brabant",false,51.660774,4.862371,"material damage only","4","clear",false,1,"GM0826"
"20230030416",2023,"Uitsluitend materiele schade",1,"Fiets",\N,"Flank","Rotonde",50,"Brandend","Duisternis","Droog",\N,\N,"Kasteellaan","Eindhoven","Eindhoven","Noord-Brabant",false,51.426778,5.442103,"material damage only","4","clear",false,1,"GM0772"
"20230030961",2023,"Uitsluitend materiele schade",2,"Personenauto","Fiets","Frontaal","Rechte weg",50,"Niet brandend","Daglicht","Droog",\N,\N,"Lange Schoolstraat","Sint Hubert","Land van Cuijk","Noord-Brabant",false,51.677066,5.810068,"material damage only","4","clear",false,1,"GM1982"
"20230037071",2023,"Uitsluitend materiele schade",2,"Personenauto","e-bike","Flank","Kruispunt, 3 takken",50,"Niet brandend","Schemer","Droog",\N,\N,"Elegaststraat","Amersfoort","Amersfoort","Utrecht",false,52.171962,5.390214,"material damage only","4","clear",false,1,"GM0307"
"20230070001",2023,"Uitsluitend materiele schade",2,"Bromfiets","Fiets","Kop/staart","Kruispunt, 4 takken",50,"Niet brandend","Daglicht","Droog",\N,\N,"Industrieweg","Rotterdam","Rotterdam","Zuid-Holland",false,51.934546,4.411787,"material damage only","4","clear",false,1,"GM0599"
"20230075003",2023,"Uitsluitend materiele schade",2,"Fiets","Fiets","Flank","Rechte weg",50,"Brandend","Duisternis","Droog",\N,"231394088","Verzetstraat","Koog aan de Zaan","Zaanstad","Noord-Holland",false,52.4633,4.809891,"material damage only","4","clear",false,1,"GM0479"
"20230014326",2023,"Letsel",4,"Personenauto","Fiets","Flank","Rechte weg",60,"Niet brandend","Daglicht","Droog",\N,"365292001","Wolfhezerweg","Wolfheze","Renkum","Gelderland",false,52.001139,5.795555,"injury","2","clear",false,1,"GM0274"
"20230017215",2023,"Letsel",2,"Personenauto","Fiets","Flank","Kruispunt, 3 takken",50,"Niet brandend","Daglicht","Droog",\N,\N,"Middelweg","Nieuw-Vennep","Haarlemmermeer","Noord-Holland",false,52.264002,4.593171,"injury","2","clear",false,1,"GM0394"
"20230021257",2023,"Letsel",1,"Fiets",\N,"Eenzijdig","Rechte weg",30,"Brandend","Duisternis","Regen",\N,"179331012","Hoofdstraat","Valkenburg","Katwijk","Zuid-Holland",false,52.177592,4.436574,"injury","2","rain",false,1,"GM0537"
"20230025851",2023,"Letsel",1,"Fiets",\N,"Eenzijdig","Rechte weg",\N,"Niet aanwezig","Duisternis","Droog",\N,"221270024","Nieuwe Veer","Streefkerk","Molenlanden","Zuid-Holland",false,51.902385,4.745845,"injury","2","clear",false,1,"GM1978"
"20230026392",2023,"Letsel",2,"Personenauto","Fiets","Geparkeerd voertuig","Kruispunt, 4 takken",50,"Niet aanwezig","Duisternis","Droog",\N,\N,"Oost Kinderdijk","Alblasserdam","Alblasserdam","Zuid-Holland",false,51.869954,4.639249,"injury","2","clear",false,1,"GM0482"
"20230026413",2023,"Letsel",2,"Personenauto","Fiets","Onbekend","Kruispunt, 4 takken",50,"Brandend","Duisternis","Regen",\N,\N,"Pascalweg","Rotterdam","Rotterdam","Zuid-Holland",false,51.876969,4.522012,"injury","2","rain",false,1,"GM0599"
"20230072061",2023,"Letsel",2,"Fiets","Fiets","Onbekend","Rechte weg",60,"Niet aanwezig","Daglicht","Droog",\N,"517565005","Hoofdweg","'t Waar","Oldambt","Groningen",false,53.221013,6.940207,"injury","2","clear",false,1,"GM1895"
"20230078943",2023,"Letsel",2,"Fiets","Personenauto","Flank","Kruispunt, 4 takken",30,"Niet brandend","Daglicht","Droog","Brug/viaduct",\N,"Verkadestraat","Maasdijk","Westland","Zuid-Holland",false,51.961029,4.217445,"injury","2","clear",false,1,"GM1783"
"20230015542",2023,"Uitsluitend materiele schade",2,"Bestelauto","Fiets","Flank","Kruispunt, 3 takken",50,"Niet brandend","Daglicht","Droog",\N,\N,"Celsiusbaan","Nieuwegein","Nieuwegein","Utrecht",false,52.032522,5.106393,"material damage only","4","clear",false,1,"GM0356"
"20230021842",2023,"Uitsluitend materiele schade",3,"e-bike","e-bike","Onbekend","Kruispunt, 3 takken",15,"Niet brandend","Schemer","Droog",\N,\N,"Wilhelminaplein","Naaldwijk","Westland","Zuid-Holland",false,51.99304,4.206996,"material damage only","4","clear",false,1,"GM1783"
"20230021849",2023,"Letsel",1,"Fiets",\N,"Eenzijdig","Rechte weg",30,"Niet brandend","Daglicht","Droog",\N,"215294045","Prins Hendrikstraat","Gouda","Gouda","Zuid-Holland",false,52.009613,4.702071,"injury","2","clear",false,1,"GM0513"
"20230022398",2023,"Uitsluitend materiele schade",2,"Personenauto","Fiets","Frontaal","Kruispunt, 3 takken",30,"Niet brandend","Daglicht","Droog",\N,\N,"Dokter Van Zeelandstraat","Leidschendam","Leidschendam-Voorburg","Zuid-Holland",false,52.081636,4.392179,"material damage only","4","clear",false,1,"GM1916"
"20230036581",2023,"Uitsluitend materiele schade",2,"Personenauto","Fiets","Flank","Rotonde",80,"Niet brandend","Daglicht","Droog",\N,\N,"FIETSPAD","Leersum","Utrechtse Heuvelrug","Utrecht",false,52.016421,5.414557,"material damage only","4","clear",false,1,"GM1581"
"20230071094",2023,"Letsel",1,"Fiets",\N,"Eenzijdig","Rechte weg",60,"Niet aanwezig","Duisternis","Droog",\N,"49184007","Werendijke","Zoutelande","Veere","Zeeland",false,51.503245,3.5102,"injury","2","clear",false,1,"GM0717"
"20230074713",2023,"Uitsluitend materiele schade",2,"Personenauto","e-bike","Frontaal","Kruispunt, 4 takken",30,"Brandend","Duisternis","Droog",\N,\N,"Operaweg","Amersfoort","Amersfoort","Utrecht",false,52.158747,5.411919,"material damage only","4","clear",false,1,"GM0307"
"20230023003",2023,"Letsel",2,"Personenauto","Fiets","Flank","Kruispunt, 4 takken",30,"Niet brandend","Daglicht","Droog",\N,\N,"Newtonplein","'s-Gravenhage","'s-Gravenhage","Zuid-Holland",false,52.072988,4.278867,"injury","2","clear",false,1,"GM0518"
"20230023561",2023,"Letsel",2,"Bromfiets","e-bike","Kop/staart","Kruispunt, 3 takken",30,"Niet brandend","Daglicht","Droog",\N,\N,"Nesse","Boskoop","Alphen aan den Rijn","Zuid-Holland",false,52.098288,4.663207,"injury","2","clear",false,1,"GM0484"
"20230026474",2023,"Letsel",1,"Fiets",\N,"Eenzijdig","Rechte weg",50,"Niet brandend","Daglicht","Droog",\N,"184272071","Scheepstimmermanslaan","Rotterdam","Rotterdam","Zuid-Holland",false,51.91074,4.477664,"injury","2","clear",false,1,"GM0599"
"20230072146",2023,"Letsel",3,"Personenauto","Fiets","Geparkeerd voertuig","Rechte weg",30,"Niet brandend","Daglicht","Droog","Parkeervoorziening","392585015","Liudgerleane","Dokkum","Noardeast-Fryslân","Friesland",false,53.321171,6.004721,"injury","2","clear",false,1,"GM1970"
"20230072297",2023,"Letsel",2,"Bromfiets","Fiets","Flank","Kruispunt, 4 takken",30,"Niet brandend","Daglicht","Droog",\N,\N,"Lünenstraat","Zwolle","Zwolle","Overijssel",false,52.502518,6.086296,"injury","2","clear",false,1,"GM0193"
"20230073686",2023,"Uitsluitend materiele schade",2,"Personenauto","Fiets","Onbekend","Rechte weg",50,"Brandend","Schemer","Droog",\N,"600564343","FIETSPAD","Barneveld","Barneveld","Gelderland",false,52.141628,5.589655,"material damage only","4","clear",false,1,"GM0203"
"20230075859",2023,"Uitsluitend materiele schade",2,"Bestelauto","e-bike","Flank","Kruispunt, 3 takken",50,"Niet brandend","Daglicht","Droog",\N,\N,"Veilinghavenkade","Utrecht","Utrecht","Utrecht",false,52.083149,5.106967,"material damage only","4","clear",false,1,"GM0344"
"20240031875",2024,"Letsel",2,"Fiets","Los voorwerp","Los voorwerp","Rechte weg",50,"Brandend","Duisternis","Droog","Tunnel","600589278","Vondelingenweg","Rotterdam","Rotterdam","Zuid-Holland",false,51.872203,4.424883,"injury","2","clear",false,1,"GM0599"
"20230023602",2023,"Uitsluitend materiele schade",2,"Personenauto","Fiets","Flank","Rotonde",50,"Niet brandend","Daglicht","Droog",\N,\N,"Ookmeerweg","Amsterdam","Amsterdam","Noord-Holland",false,52.362858,4.787211,"material damage only","4","clear",false,1,"GM0363"
"20230024200",2023,"Letsel",2,"Personenauto","Fiets","Kop/staart","Rechte weg",50,"Brandend","Daglicht","Regen",\N,"600772926","Mercuriuslaan","Volendam","Edam-Volendam","Noord-Holland",false,52.500244,5.061724,"injury","2","rain",false,1,"GM0385"
"20230077093",2023,"Uitsluitend materiele schade",3,"Fiets","Fiets","Onbekend","Kruispunt, 3 takken",\N,"Niet brandend","Daglicht","Droog",\N,\N,"Houtzaagmolen","Ridderkerk","Ridderkerk","Zuid-Holland",false,51.864768,4.617368,"material damage only","4","clear",false,1,"GM0597"
"20230077106",2023,"Uitsluitend materiele schade",2,"Fiets","Personenauto","Flank","Kruispunt, 4 takken",50,"Niet brandend","Daglicht","Droog",\N,\N,"0401 BRUG","Amsterdam","Amsterdam","Noord-Holland",false,52.349271,4.904222,"material damage only","4","clear",false,1,"GM0363"
"20230077567",2023,"Letsel",1,"Fiets",\N,"Eenzijdig","Rechte weg",50,"Niet brandend","Daglicht","Droog",\N,"600726646","Endegeesterstraatweg","Oegstgeest","Oegstgeest","Zuid-Holland",false,52.172254,4.458053,"injury","2","clear",false,1,"GM0579"
"20230077628",2023,"Letsel",2,"e-bike","Fiets","Flank","Kruispunt, 4 takken",50,"Niet brandend","Daglicht","Droog",\N,\N,"Diepenbrockweg","Alphen aan den Rijn","Alphen aan den Rijn","Zuid-Holland",false,52.144415,4.669489,"injury","2","clear",false,1,"GM0484"
"20230077645",2023,"Letsel",1,"Fiets",\N,"Eenzijdig","Rechte weg",\N,"Niet brandend","Daglicht","Droog",\N,"600746648","Burg Bruins Slotsingel","Alphen aan den Rijn","Alphen aan den Rijn","Zuid-Holland",false,52.141528,4.687386,"injury","2","clear",false,1,"GM0484"
"20230016761",2023,"Uitsluitend materiele schade",1,"Fiets",\N,"Voetganger","Rechte weg",30,"Niet brandend","Daglicht","Droog",\N,"332296021","Raadhuisstraat","Veenendaal","Veenendaal","Utrecht",false,52.023396,5.555395,"material damage only","4","clear",false,1,"GM0345"
"20230021935",2023,"Letsel",2,"Fiets","Fiets","Onbekend","Rechte weg",50,"Niet brandend","Daglicht","Droog",\N,"210320098","Van Mandersloostraat","Alphen aan den Rijn","Alphen aan den Rijn","Zuid-Holland",false,52.128921,4.663358,"injury","2","clear",false,1,"GM0484"
"20230023056",2023,"Letsel",2,"Personenauto","Fiets","Flank","Kruispunt, 4 takken",30,"Niet brandend","Daglicht","Droog",\N,\N,"Waterweegbree","'s-Gravenhage","'s-Gravenhage","Zuid-Holland",false,52.032123,4.384065,"injury","2","clear",false,1,"GM0518"
"20230023637",2023,"Uitsluitend materiele schade",2,"Fiets","Fiets","Frontaal","Bocht",\N,"Niet brandend","Daglicht","Droog",\N,"204336069","Viaductpad","Roelofarendsveen","Kaag en Braassem","Zuid-Holland",false,52.202056,4.61807,"material damage only","4","clear",false,1,"GM1884"
"20240078945",2024,"Uitsluitend materiele schade",2,"Snorfiets","Fiets","Onbekend",\N,\N,\N,"Daglicht",\N,\N,\N,"Comeniusstraat","Amsterdam","Amsterdam","Noord-Holland",false,52.359067,4.831488,"material damage only","4","unknown",false,1,"GM0363"
"20240032169",2024,"Uitsluitend materiele schade",1,"Fiets",\N,"Onbekend","Rechte weg",30,"Brandend","Duisternis","Regen",\N,"186334059","Simon Vestdijklaan","Oegstgeest","Oegstgeest","Zuid-Holland",false,52.189412,4.483655,"material damage only","4","rain",false,1,"GM0579"
"20240034111",2024,"Uitsluitend materiele schade",2,"Personenauto","Fiets","Flank","Rotonde",50,"Niet brandend","Daglicht","Droog",\N,\N,"Koninginnelaan","Roermond","Roermond","Limburg",false,51.184424,6.009818,"material damage only","4","clear",false,1,"GM0957"
"20240036522",2024,"Uitsluitend materiele schade",1,"Fiets",\N,"Onbekend","Rechte weg",15,"Niet brandend","Daglicht","Droog",\N,"600869455","Boersweg","Zieuwent","Oost Gelre","Gelderland",false,52.007022,6.507898,"material damage only","4","clear",false,1,"GM1586"
"20240080275",2024,"Letsel",2,"Fiets","Fiets","Flank","Kruispunt, 3 takken",30,"Niet brandend","Daglicht","Droog","Brug/viaduct",\N,"Oostdijk","Zuidoostbeemster","Purmerend","Noord-Holland",false,52.517577,4.954101,"injury","2","clear",false,1,"GM0439"
"20240050864",2024,"Letsel",2,"Personenauto","Fiets","Onbekend","Rechte weg",30,"Niet aanwezig","Daglicht","Droog",\N,"600741708","Bennebroekerdijk","Cruquius","Haarlemmermeer","Noord-Holland",false,52.337845,4.634944,"injury","2","clear",false,1,"GM0394"
"20240071620",2024,"Letsel",2,"Personenauto","Fiets","Flank","Rotonde",50,"Niet aanwezig","Daglicht","Droog",\N,\N,"Westkanaalweg","Ter Aar","Nieuwkoop","Zuid-Holland",false,52.165635,4.709646,"injury","2","clear",false,1,"GM0569"
"20240076331",2024,"Letsel",1,"Fiets",\N,"Onbekend","Rechte weg",30,"Niet brandend","Daglicht","Droog",\N,"468563009","Oosterstraat","Groningen","Groningen","Groningen",false,53.216402,6.570624,"injury","2","clear",false,1,"GM0014"
"20240076338",2024,"Uitsluitend materiele schade",2,"Personenauto","Fiets","Frontaal","Kruispunt, 3 takken",30,"Niet brandend","Daglicht","Droog",\N,\N,"Venne","Winschoten","Oldambt","Groningen",false,53.142583,7.037944,"material damage only","4","clear",false,1,"GM1895"
"20240051547",2024,"Letsel",2,"Snorfiets","Fiets","Onbekend","Rechte weg",50,"Niet brandend","Daglicht","Droog",\N,"601031616","IJmuiderstraatweg","IJmuiden","Velsen","Noord-Holland",false,52.46336,4.626366,"injury","2","clear",false,1,"GM0453"
"20240032956",2024,"Uitsluitend materiele schade",2,"Personenauto","Fiets","Flank","Rotonde",50,"Niet brandend","Daglicht","Regen",\N,\N,"Johan de Wittstraat","Dordrecht","Dordrecht","Zuid-Holland",false,51.811034,4.668296,"material damage only","4","rain",false,1,"GM0505"
"20240072357",2024,"Letsel",1,"Fiets",\N,"Onbekend","Rechte weg",30,"Brandend","Duisternis","Droog",\N,"183325080","Haagweg","Leiden","Leiden","Zuid-Holland",false,52.152877,4.468137,"injury","2","clear",false,1,"GM0546"
"20240077071",2024,"Letsel",2,"Bromfiets","Fiets","Frontaal","Bocht",50,"Niet brandend","Daglicht","Droog",\N,"600486267","FIETSPAD","Haarlem","Haarlem","Noord-Holland",false,52.383181,4.673362,"injury","2","clear",false,1,"GM0392"
"20240079156",2024,"Letsel",1,"Fiets",\N,"Onbekend","Rechte weg",30,"Niet brandend","Daglicht","Regen",\N,"600912934","Van Eijckstraat","Alphen aan den Rijn","Alphen aan den Rijn","Zuid-Holland",false,52.135258,4.666685,"injury","2","rain",false,1,"GM0484"