"accident_id","year","severity_raw","party_count","party1_type","party2_type","accident_type","road_situation","speed_limit_kmh","road_lighting","light_condition_label","weather_raw","infra_type","road_segment_id","street_name","place_name","gemeente_name_raw","province","alcohol_indicated","latitude","longitude","severity_label","severity_code","weather_label","built_up_area","cyclists_involved","gemeente_code"
"20240039987",2024,"Letsel",1,"Fiets",\N,"Eenzijdig","Rechte weg",50,"Brandend","Duisternis","Droog",\N,"600732648","Parklaan","Sassenheim","Teylingen","Zuid-Holland",false,52.222762,4.521172,"injury","2","clear",false,1,"GM1525"
"20240040627",2024,"Letsel",2,"Personenauto","Fiets","Flank","Kruispunt, 3 takken",50,"Niet brandend","Daglicht","Droog",\N,\N,"Hoogweg","De Lier","Westland","Zuid-Holland",false,51.972482,4.244667,"injury","2","clear",false,1,"GM1783"
"20240042738",2024,"Letsel",1,"Fiets",\N,"Flank","Rotonde",50,"Niet brandend","Daglicht","Droog",\N,\N,"Adriaan Volkerlaan","Rotterdam","Rotterdam","Zuid-Holland",false,51.887298,4.541751,"injury","2","clear",false,1,"GM0599"
"20240036735",2024,"Letsel",1,"Fiets",\N,"Eenzijdig","Rechte weg",30,"Brandend","Duisternis","Droog",\N,"467562025","Herebinnensingel","Groningen","Groningen","Groningen",false,53.214223,6.569927,"injury","2","clear",false,1,"GM0014"
"20240047950",2024,"Letsel",2,"Fiets","Personenauto","Flank","Rechte weg",30,"Niet brandend","Daglicht","Droog",\N,"207381070","Acaciastraat","Haarlem","Haarlem","Noord-Holland",false,52.400899,4.635466,"injury","2","clear",false,1,"GM0392"
"20240033066",2024,"Letsel",1,"Fiets",\N,"Onbekend","Rechte weg",50,"Niet brandend","Daglicht","Droog",\N,"158308169","Loosduinsekade","'s-Gravenhage","'s-Gravenhage","Zuid-Holland",false,52.071326,4.28709,"injury","2","clear",false,1,"GM0518"
"20240033685",2024,"Letsel",2,"Personenauto","Fiets","Onbekend","Kruispunt, 4 takken",30,"Niet brandend","Daglicht","Droog",\N,\N,"Dijkstraat","Valkenswaard","Valkenswaard","Noord-Brabant",true,51.351753,5.451852,"injury","2","clear",false,1,"GM0858"
"20240033718",2024,"Uitsluitend materiele schade",2,"Fiets","Fiets","Flank","Rechte weg",30,"Niet brandend","Daglicht","Droog",\N,"343187020","Nachtegaallaan","Beek en Donk","Laarbeek","Noord-Brabant",false,51.533106,5.630604,"material damage only","4","clear",false,1,"GM1659"
"20240037770",2024,"Letsel",2,"Fiets","Voetganger","Onbekend","Rechte weg",30,"Niet aanwezig","Daglicht","Droog",\N,"213384009","IJdijk","Spaarndam gem. Haarlem","Haarlem","Noord-Holland",false,52.414344,4.677793,"injury","2","clear",false,1,"GM0392"
"20240040765",2024,"Letsel",2,"Bestelauto","Fiets","Flank","Rechte weg",60,"Niet brandend","Daglicht","Droog",\N,"152282006","Herenwerf","Maasland","Midden-Delfland","Zuid-Holland",false,51.953463,4.241027,"injury","2","clear",false,1,"GM1842"
"20240051129",2024,"Uitsluitend materiele schade",2,"Personenauto","Fiets","Kop/staart","Rechte weg",30,"Brandend","Duisternis","Droog",\N,"600124452","Amstel","Amsterdam","Amsterdam","Noord-Holland",false,52.367012,4.895384,"material damage only","4","clear",false,1,"GM0363"
"20240040779",2024,"Letsel",2,"Fiets","Fiets","Flank","Rechte weg",50,"Niet brandend","Daglicht","Droog",\N,"600716480","Fresiadreef","Rijswijk","Rijswijk","Zuid-Holland",false,52.040551,4.294976,"injury","2","clear",false,1,\N
"20240076613",2024,"Uitsluitend materiele schade",2,"Personenauto","Fiets","Onbekend","Rechte weg",50,"Niet brandend","Daglicht","Droog",\N,"600542391","Zuidwoldigerweg","Hoogeveen","Hoogeveen","Drenthe",false,52.717042,6.447778,"material damage only","4","clear",false,1,"GM0118"
"20240040843",2024,"Letsel",2,"Bromfiets","Fiets","Flank","Rechte weg",50,"Niet brandend","Daglicht","Droog",\N,"600235498","Beukenlaan","Heerhugowaard","Dijk en Waard","Noord-Holland",false,52.663616,4.84959,"injury","2","clear",false,1,"GM1980"
"20240078759",2024,"Letsel",2,"Fiets","Bestelauto","Flank","Rechte weg",15,"Niet brandend","Daglicht","Droog",\N,"600722943","Raadhuislaan","Wassenaar","Wassenaar","Zuid-Holland",false,52.134167,4.397953,"injury","2","clear",false,1,"GM0629"
"20240037949",2024,"Letsel",2,"Fiets","Fiets","Frontaal","Bocht",50,"Niet aanwezig","Daglicht","Droog",\N,"210424079","Duinweg","Egmond-Binnen","Bergen (NH)","Noord-Holland",false,52.593526,4.653822,"injury","2","clear",false,1,\N
"20240080058",2024,"Uitsluitend materiele schade",2,"Personenauto","Fiets","Onbekend","Rechte weg",15,"Niet brandend","Daglicht","Droog",\N,"600158589","Sydneystraat","Purmerend","Purmerend","Noord-Holland",false,52.495236,4.939254,"material damage only","4","clear",false,1,"GM0439"
"20240080059",2024,"Uitsluitend materiele schade",2,"Personenauto","Fiets","Frontaal","Kruispunt, 4 takken",50,"Niet brandend","Daglicht","Droog",\N,\N,"Australiëlaan","Purmerend","Purmerend","Noord-Holland",false,52.49651,4.936787,"material damage only","4","clear",false,1,"GM0439"
"20240047594",2024,"Letsel",2,"Fiets","Overig vast object","Los voorwerp","Rechte weg",30,"Niet brandend","Daglicht","Droog",\N,"451535012","Hoofdweg","Langelo","Noordenveld","Drenthe",false,53.092078,6.446138,"injury","2","clear",false,1,"GM1699"
"20240080116",2024,"Uitsluitend materiele schade",2,"Personenauto","Fiets","Flank","Kruispunt, 4 takken",30,"Niet brandend","Daglicht","Droog",\N,\N,"Velserweg","Amsterdam","Amsterdam","Noord-Holland",false,52.386232,4.845302,"material damage only","4","clear",false,1,"GM0363"
"20240035525",2024,"Letsel",3,"Bestelauto","Fiets","Onbekend","Kruispunt, 3 takken",50,"Niet brandend","Daglicht","Droog",\N,\N,"Valeriusstraat","Leeuwarden","Leeuwarden","Friesland",false,53.206352,5.776457,"injury","2","clear",false,1,"GM0080"
"20240041804",2024,"Letsel",2,"Personenauto","Fiets","Flank","Kruispunt, 3 takken",50,"Niet brandend","Daglicht","Droog",\N,\N,"Antwerpsestraat","Putte","Woensdrecht","Noord-Brabant",false,51.363229,4.391652,"injury","2","clear",false,1,"GM0873"
"20240051332",2024,"Uitsluitend materiele schade",2,"Fiets","Fiets","Flank","Kruispunt, 4 takken",50,"Niet brandend","Daglicht","Droog","Spoorwegovergang",\N,"Korte Industrieweg","Assendelft","Zaanstad","Noord-Holland",false,52.494036,4.765525,"material damage only","4","clear",false,1,"GM0479"
"20240072099",2024,"Uitsluitend materiele schade",3,"Personenauto","Fiets","Onbekend","Rechte weg",50,"Niet brandend","Daglicht","Droog",\N,"151271046","Ln van Nieuw Blankenburg","Rozenburg","Rotterdam","Zuid-Holland",false,51.903869,4.239526,"material damage only","4","clear",false,1,"GM0599"
"20240081195",2024,"Letsel",1,"Fiets",\N,"Onbekend","Rechte weg",50,"Brandend","Duisternis","Droog",\N,"600648940","Charlotte v Pallandtstr","Noordwijk","Noordwijk","Zuid-Holland",false,52.240163,4.440022,"injury","2","clear",false,1,"GM0575"
"20230097455",2023,"Letsel",3,"Fiets","Personenauto","Flank","Kruispunt, 4 takken",30,"Niet brandend","Daglicht","Droog",\N,\N,"Oosterpark","Amsterdam","Amsterdam","Noord-Holland",false,52.358029,4.917419,"injury","2","clear",false,1,"GM0363"
"20230098621",2023,"Uitsluitend materiele schade",2,"Personenauto","Fiets","Flank","Rechte weg",50,"Niet brandend","Daglicht","Droog",\N,"600375070","Prins Bisschopsingel","Maastricht","Maastricht","Limburg",false,50.842539,5.693053,"material damage only","4","clear",false,1,"GM0935"
"20230099307",2023,"Uitsluitend materiele schade",1,"Fiets",\N,"Eenzijdig","Kruispunt, 3 takken",30,"Niet brandend","Daglicht","Droog",\N,\N,"Gosewijnstraat","Valkenburg","Valkenburg aan de Geul","Limburg",false,50.864131,5.834159,"material damage only","4","clear",false,1,"GM0994"
"20230099437",2023,"Letsel",2,"Fiets","Lichtmast","Vast voorwerp","Rechte weg",80,"Brandend","Duisternis","Regen",\N,"363134002","Klaarstraat","Ospel","Nederweert","Limburg",false,51.294778,5.773812,"injury","2","rain",false,1,"GM0946"
"20230100245",2023,"Uitsluitend materiele schade",2,"Personenauto","Fiets","Flank","Kruispunt, 4 takken",50,"Brandend","Duisternis","Regen",\N,\N,"Marchantstraat","Oss","Oss","Noord-Brabant",false,51.757596,5.508494,"material damage only","4","rain",false,1,"GM0828"
"20230100860",2023,"Letsel",3,"Fiets","Personenauto","Onbekend","Kruispunt, 4 takken",30,"Niet brandend","Daglicht","Droog",\N,\N,"Groenstraat","Prinsenbeek","Breda","Noord-Brabant",false,51.594664,4.712606,"injury","2","clear",false,1,"GM0758"
"20230083472",2023,"Letsel",2,"Bestelauto","Fiets","Flank","Rechte weg",50,"Niet brandend","Daglicht","Droog",\N,\N,"Groningerstraatweg","Leeuwarden","Leeuwarden","Friesland",false,53.212456,5.814012,"injury","2","clear",false,1,"GM0080"
"20230085795",2023,"Letsel",3,"Personenauto","Fiets","Onbekend","Kruispunt, 3 takken",50,"Niet brandend","Daglicht","Droog",\N,\N,"FIETSPAD","Meteren","West Betuwe","Gelderland",true,51.868633,5.282552,"injury","2","clear",false,1,"GM1960"
"20230087520",2023,"Uitsluitend materiele schade",2,"Fiets","Personenauto","Flank","Kruispunt, 4 takken",30,"Niet brandend","Daglicht","Droog",\N,\N,"Bilderdijkstraat","Amsterdam","Amsterdam","Noord-Holland",false,52.366175,4.87286,"material damage only","4","clear",false,1,"GM0363"
"20230096903",2023,"Letsel",2,"Personenauto","Fiets","Flank","Kruispunt, 4 takken",30,"Brandend","Duisternis","Droog",\N,\N,"Zuiderweg","Hilversum","Hilversum","Noord-Holland",false,52.227031,5.182936,"injury","2","clear",false,1,"GM0402"
"20230104909",2023,"Letsel",2,"Fiets","Fiets","Flank","Kruispunt, 4 takken",30,"Brandend","Daglicht","Droog",\N,\N,"Violenstraat","Groningen","Groningen","Groningen",false,53.224027,6.559435,"injury","2","clear",false,1,"GM0014"
"20230105452",2023,"Uitsluitend materiele schade",2,"Personenauto","Fiets","Flank","Kruispunt, 3 takken",30,"Niet brandend","Daglicht","Droog",\N,\N,"Parkweg","Ede","Ede","Gelderland",false,52.027854,5.66812,"material damage only","4","clear",false,1,"GM0228"
"20230106143",2023,"Uitsluitend materiele schade",2,"Personenauto","Fiets","Flank","Rotonde",50,"Brandend","Duisternis","Regen",\N,\N,"Nieuwe Tielseweg","Tiel","Tiel","Gelderland",false,51.879061,5.415457,"material damage only","4","rain",false,1,"GM0281"
"20230099842",2023,"Uitsluitend materiele schade",2,"Personenauto","Fiets","Los voorwerp","Kruispunt, 3 takken",50,"Niet brandend","Daglicht","Droog",\N,\N,"Zomereik","Best","Best","Noord-Brabant",false,51.519642,5.391511,"material damage only","4","clear",false,1,"GM0753"
"20230087613",2023,"Letsel",2,"Bromfiets","Fiets","Frontaal","Rechte weg",50,"Niet brandend","Daglicht","Droog",\N,"267436088","Holenweg","Hoorn","Hoorn","Noord-Holland",false,52.650953,5.073284,"injury","2","clear",false,1,"GM0405"
"20230099691",2023,"Uitsluitend materiele schade",2,"Personenauto","Fiets","Flank","Kruispunt, 4 takken",50,"Niet brandend","Daglicht","Droog",\N,\N,"Jan Hezemanspad","'s-Hertogenbosch","'s-Hertogenbosch","Noord-Brabant",false,51.699837,5.311877,"material damage only","4","clear",false,1,"GM0796"
"20230081231",2023,"Letsel",2,"Personenauto","Fiets","Onbekend","Kruispunt, 4 takken",50,"Niet brandend","Daglicht","Droog",\N,\N,"President Rooseveltlaan","Middelburg","Middelburg","Zeeland",false,51.506215,3.601504,"injury","2","clear",false,1,\N
"20230081857",2023,"Uitsluitend materiele schade",2,"Personenauto","Fiets","Onbekend","Rechte weg",30,"Niet brandend","Daglicht","Droog",\N,"384055019","De Gyselaar","Amstenrade","Beekdaelen","Limburg",false,50.939298,5.918493,"material damage only","4","clear",false,1,"GM1954"
"20230082437",2023,"Uitsluitend materiele schade",2,"Fiets","Fiets","Flank","Rechte weg",30,"Niet brandend","Daglicht","Droog",\N,"600881405","Willemstraat","Hengelo","Hengelo (O)","Overijssel",false,52.264943,6.789731,"material damage only","4","clear",false,1,\N
"20230084185",2023,"Uitsluitend materiele schade",3,"Personenauto","Fiets","Los voorwerp",\N,50,"Niet brandend","Daglicht","Regen",\N,"223429091","Koelmalaan","Alkmaar","Alkmaar","Noord-Holland",false,52.619327,4.748994,"material damage only","4","rain",false,1,"GM0361"
"20230098766",2023,"Uitsluitend materiele schade",2,"Bestelauto","Fiets","Flank","Kruispunt, 4 takken",50,"Niet brandend","Daglicht","Droog",\N,\N,"Hambakenweg","'s-Hertogenbosch","'s-Hertogenbosch","Noord-Brabant",false,51.707196,5.301719,"material damage only","4","clear",false,1,"GM0796"
"20230102639",2023,"Letsel",2,"Vrachtauto","Fiets","Flank","Kruispunt, 3 takken",50,"Brandend","Schemer","Regen",\N,\N,"De Schans","Alphen aan den Rijn","Alphen aan den Rijn","Zuid-Holland",false,52.117005,4.666389,"injury","2","rain",false,1,"GM0484"
"20230105038",2023,"Uitsluitend materiele schade",2,"Fiets","Overig vast object","Vast voorwerp","Rechte weg",50,"Brandend","Duisternis","Droog",\N,"600692273","Ruimzichtweg","Zwolle","Zwolle","Overijssel",false,52.551709,6.075405,"material damage only","4","clear",false,1,"GM0193"
"20230105557",2023,"Uitsluitend materiele schade",2,"Personenauto","Fiets","Flank","Kruispunt, 3 takken",60,"Niet brandend","Schemer","Regen",\N,\N,"Spoorstraat","'t Harde","Elburg","Gelderland",false,52.408854,5.891188,"material damage only","4","rain",false,1,"GM0230"
"20230080087",2023,"Uitsluitend materiele schade",3,"Fiets","Bromfiets","Onbekend","Kruispunt, 4 takken",50,"Niet brandend","Daglicht","Droog",\N,\N,"Kruisplein","Rotterdam","Rotterdam","Zuid-Holland",false,51.922933,4.471133,"material damage only","4","clear",false,1,"GM0599"
"20230084197",2023,"Letsel",2,"e-bike","Fiets","Frontaal","Rechte weg",50,"Niet brandend","Daglicht","Droog",\N,"600919968","Kruisweg","Haarlem","Haarlem","Noord-Holland",false,52.388192,4.637002,"injury","2","clear",false,1,"GM0392"
"20230087074",2023,"Letsel",2,"Fiets","Bromfiets","Flank","Kruispunt, 4 takken",30,"Niet brandend","Daglicht","Regen","Brug/viaduct",\N,"Leuvenstraat","Leiden","Leiden","Zuid-Holland",false,52.149792,4.48451,"injury","2","rain",false,1,"GM0546"
"20230101411",2023,"Uitsluitend materiele schade",2,"Personenauto","Fiets","Flank","Rotonde",50,"Niet brandend","Daglicht","Regen",\N,\N,"Koninginneweg","Zwijndrecht","Zwijndrecht","Zuid-Holland",false,51.815347,4.638544,"material damage only","4","rain",false,1,"GM0642"
"20230104812",2023,"Uitsluitend materiele schade",2,"Fiets","Fiets","Onbekend","Bocht",30,"Brandend","Duisternis","Regen",\N,\N,"FIETSPAD","Leeuwarden","Leeuwarden","Friesland",false,53.212732,5.803064,"material damage only","4","rain",false,1,"GM0080"
"20230082505",2023,"Uitsluitend materiele schade",2,\N,"Fiets","Geparkeerd voertuig","Rechte weg",60,"Niet brandend","Daglicht","Droog",\N,"291280038","Provincialeweg","Beusichem","Buren","Gelderland",false,51.949499,5.266285,"material damage only","4","clear",false,1,"GM0214"
"20230094199",2023,"Letsel",2,"Vrachtauto","Fiets","Eenzijdig","Kruispunt, 3 takken",30,"Niet brandend","Daglicht","Regen",\N,\N,"Vrydemalaan","Groningen","Groningen","Groningen",false,53.22571,6.570135,"injury","2","rain",false,1,"GM0014"
"20230098276",2023,"Letsel",2,"Personenauto","Fiets","Flank","Rotonde",50,"Niet brandend","Daglicht","Droog",\N,\N,"Europaweg","Haarlem","Haarlem","Noord-Holland",false,52.355631,4.653109,"injury","2","clear",false,1,"GM0392"
"20230097686",2023,"Uitsluitend materiele schade",2,"Personenauto","Fiets","Frontaal","Kruispunt, 4 takken",50,"Niet brandend","Daglicht","Droog",\N,\N,"IJweg","Hoofddorp","Haarlemmermeer","Noord-Holland",false,52.311961,4.661923,"material damage only","4","clear",false,1,"GM0394"
"20230098892",2023,"Uitsluitend materiele schade",2,"Bromfiets","Fiets","Frontaal","Rechte weg",50,"Niet brandend","Daglicht","Droog",\N,"600257698","Rijksweg Noord","Sittard","Sittard-Geleen","Limburg",false,51.0081,5.862992,"material damage only","4","clear",false,1,"GM1883"
"20230103789",2023,"Letsel",2,"Personenauto","Fiets","Flank","Kruispunt, 4 takken",50,"Niet brandend","Daglicht","Droog",\N,\N,"Rochussenstraat","Rotterdam","Rotterdam","Zuid-Holland",false,51.911685,4.46331,"injury","2","clear",false,1,"GM0599"
"20230080779",2023,"Letsel",2,"Snorfiets","Fiets","Frontaal","Kruispunt, 3 takken",50,"Niet brandend","Schemer","Droog",\N,\N,"FIETSPAD","Andel","Altena","Noord-Brabant",false,51.777545,5.05169,"injury","2","clear",false,1,"GM1959"
"20230080786",2023,"Letsel",2,"Personenauto","Fiets","Onbekend","Kruispunt, 4 takken",60,"Niet brandend","Daglicht","Droog",\N,\N,"Ruigendijk","Oudenhoorn","Voorne aan Zee","Zuid-Holland",false,51.826515,4.218097,"injury","2","clear",false,1,"GM1992"
"20230100802",2023,"Letsel",2,"Personenauto","Fiets","Flank","Rotonde",50,"Niet brandend","Daglicht","Regen",\N,\N,"Dongewijkdreef","Tilburg","Tilburg","Noord-Brabant",false,51.578863,4.993293,"injury","2","rain",false,1,"GM0855"
"20230085508",2023,"Uitsluitend materiele schade",2,"Personenauto","Fiets","Flank","Kruispunt, 4 takken",50,"Brandend","Duisternis","Regen",\N,\N,"Jutfaseweg","Utrecht","Utrecht","Utrecht",false,52.066986,5.115313,"material damage only","4","rain",false,1,"GM0344"
"20230106056",2023,"Letsel",2,"Personenauto","Fiets","Onbekend","Kruispunt, 4 takken",50,"Niet brandend","Daglicht","Droog",\N,\N,"Broekheurnerrondweg","Enschede","Enschede","Overijssel",false,52.199484,6.871386,"injury","2","clear",false,1,"GM0153"
"20230081453",2023,"Letsel",1,"Fiets",\N,"Eenzijdig","Rechte weg",50,"Niet brandend","Daglicht","Droog",\N,"600721657","Nieuweveensepad","'s-Gravenhage","'s-Gravenhage","Zuid-Holland",false,52.058694,4.385821,"injury","2","clear",false,1,"GM0518"
"20230082080",2023,"Letsel",2,"Fiets","Bromfiets","Onbekend","Rechte weg",50,"Niet brandend","Daglicht","Droog","Brug/viaduct","600218965","Oude Maasweg","Maasbracht","Maasgouw","Limburg",false,51.142372,5.878502,"injury","2","clear",false,1,"GM1641"
"20230086695",2023,"Letsel",2,"Bromfiets","Fiets","Flank","Kruispunt, 3 takken",50,"Niet brandend","Schemer","Droog",\N,\N,"Westvest","Delft","Delft","Zuid-Holland",false,52.007212,4.357913,"injury","2","clear",false,1,"GM0503"
"20230093749",2023,"Letsel",2,"Personenauto","Fiets","Flank","Kruispunt, 4 takken",30,"Brandend","Duisternis","Droog",\N,\N,"Groenelaantje","Nunspeet","Nunspeet","Gelderland",false,52.376887,5.791398,"injury","2","clear",false,1,"GM0302"
"20230093238",2023,"Uitsluitend materiele schade",2,"Personenauto","Fiets","Flank","Rechte weg",50,"Niet brandend","Daglicht","Droog",\N,"601105906","Rielerweg","Deventer","Deventer","Overijssel",false,52.260218,6.180696,"material damage only","4","clear",false,1,"GM0150"
"20230079771",2023,"Uitsluitend materiele schade",3,"Personenauto","Fiets","Onbekend","Kruispunt, 4 takken",30,"Niet brandend","Daglicht","Droog",\N,\N,"Barkasstraat","Rotterdam","Rotterdam","Zuid-Holland",false,51.916136,4.425823,"material damage only","4","clear",false,1,"GM0599"
"20230081546",2023,"Uitsluitend materiele schade",2,"Personenauto","Fiets","Flank","Kruispunt, 4 takken",50,"Brandend","Duisternis","Droog",\N,\N,"Bredaseweg","Tilburg","Tilburg","Noord-Brabant",false,51.556245,5.063719,"material damage only","4","clear",false,1,"GM0855"
"20230084455",2023,"Letsel",2,"Personenauto","Fiets","Flank","Rotonde",50,"Niet brandend","Daglicht","Droog",\N,\N,"Europaweg","Vleuten","Utrecht","Utrecht",false,52.090277,5.021399,"injury","2","clear",false,1,"GM0344"
"20230086181",2023,"Uitsluitend materiele schade",2,"Personenauto","Fiets","Flank","Kruispunt, 3 takken",50,"Niet brandend","Daglicht","Droog",\N,\N,"Maatweg","Amersfoort","Amersfoort","Utrecht",false,52.171764,5.371229,"material damage only","4","clear",false,1,"GM0307"
"20230085635",2023,"Letsel",1,"Fiets",\N,"Eenzijdig","Rechte weg",80,"Niet aanwezig","Duisternis","Regen",\N,"600499663","Zuiderzeestraatweg West","Doornspijk","Elburg","Gelderland",false,52.414806,5.814333,"injury","2","rain",false,1,"GM0230"
"20230088574",2023,"Letsel",2,"Personenauto","Fiets","Flank","Kruispunt, 3 takken",50,"Brandend","Duisternis","Droog",\N,\N,"Roeselarestraat","Breda","Breda","Noord-Brabant",false,51.606362,4.786922,"injury","2","clear",false,1,"GM0758"
"20230091530",2023,"Uitsluitend materiele schade",2,"Personenauto","Fiets","Flank","Rechte weg",50,"Brandend","Duisternis","Droog",\N,"351034100","Tongerseplein","Maastricht","Maastricht","Limburg",false,50.844927,5.681666,"material damage only","4","clear",false,1,"GM0935"
"20230086274",2023,"Letsel",2,"Fiets","Voetganger","Voetganger","Rechte weg",50,"Brandend","Duisternis","Regen",\N,"503349065","Twekkelerweg","Hengelo","Hengelo (O)","Overijssel",false,52.253371,6.801351,"injury","2","rain",false,1,\N
"20230090366",2023,"Letsel",1,"Fiets",\N,"Eenzijdig","Rotonde",50,"Niet brandend","Daglicht","Droog",\N,\N,"Zoutmanstraat","'s-Gravenhage","'s-Gravenhage","Zuid-Holland",false,52.082101,4.294989,"injury","2","clear",false,1,"GM0518"
"20230091561",2023,"Uitsluitend materiele schade",2,"Bromfiets","Fiets","Onbekend","Rechte weg",30,"Niet brandend","Daglicht","Droog",\N,\N,"Sint Pieterstraat","Maastricht","Maastricht","Limburg",false,50.846053,5.692337,"material damage only","4","clear",false,1,"GM0935"
"20230104046",2023,"Letsel",2,"Personenauto","Fiets","Flank","Rotonde",50,"Niet brandend","Daglicht","Droog",\N,\N,"Nienhof","Ede","Ede","Gelderland",false,52.042209,5.636511,"injury","2","clear",false,1,"GM0228"
"20230089821",2023,"Uitsluitend materiele schade",3,"Personenauto","Fiets","Onbekend","Rechte weg",30,"Niet brandend","Daglicht","Regen",\N,\N,"Stevensbloem","Leiden","Leiden","Zuid-Holland",false,52.151489,4.453351,"material damage only","4","rain",false,1,"GM0546"
"20230091038",2023,"Uitsluitend materiele schade",2,"Snorfiets","Fiets","Flank","Kruispunt, 3 takken",50,"Brandend","Duisternis","Droog",\N,"600138956","Meerenakkerweg","Eindhoven","Eindhoven","Noord-Brabant",false,51.429066,5.430847,"material damage only","4","clear",false,1,"GM0772"
"20230104085",2023,"Uitsluitend materiele schade",2,"Personenauto","Fiets","Flank","Kruispunt, 4 takken",50,"Brandend","Duisternis","Droog",\N,\N,"Gouverneurlaan","Zwolle","Zwolle","Overijssel",false,52.482687,6.106712,"material damage only","4","clear",false,1,"GM0193"
"20220001007",2022,"Uitsluitend materiele schade",2,"Personenauto","Fiets","Onbekend","Kruispunt, 3 takken",30,"Niet aanwezig","Daglicht","Droog",\N,\N,"Thorbeckelaan","Meppel","Meppel","Drenthe",false,52.704224,6.195928,"material damage only","4","clear",false,1,"GM0119"
"20220001911",2022,"Letsel",3,"Personenauto","Fiets","Onbekend","Kruispunt, 4 takken",50,"Niet brandend","Daglicht","Droog","Spoorwegovergang",\N,"De Vennen","Delfzijl","Eemsdelta","Groningen",false,53.333935,6.927796,"injury","2","clear",false,1,"GM1979"
"20220003670",2022,"Uitsluitend materiele schade",2,"Personenauto","Fiets","Flank","Rotonde",\N,"Niet brandend","Daglicht","Regen",\N,\N,"Arnhemsestraatweg","Velp","Rheden","Gelderland",false,51.996133,5.963162,"material damage only","4","rain",false,1,"GM0275"
"20230000148",2023,"Letsel",2,"Personenauto","Fiets","Flank","Rotonde",50,"Niet brandend","Daglicht","Droog",\N,\N,"Koningin Wilhelminaweg","Zaltbommel","Zaltbommel","Gelderland",false,51.807299,5.262531,"injury","2","clear",false,1,"GM0297"
"20220005456",2022,"Uitsluitend materiele schade",3,"Personenauto","e-bike","Los voorwerp","Rechte weg",50,"Niet aanwezig","Daglicht","Droog",\N,\N,"De Horst","Malden","Heumen","Gelderland",false,51.778805,5.857031,"material damage only","4","clear",false,1,"GM0252"
"20220007171",2022,"Letsel",2,"Personenauto","e-bike","Flank","Kruispunt, 3 takken",30,"Niet brandend","Daglicht","Droog",\N,\N,"Mettingenlaan","Raalte","Raalte","Overijssel",false,52.38957,6.280351,"injury","2","clear",false,1,"GM0177"
"20220008103",2022,"Letsel",2,"Personenauto","Fiets","Flank","Kruispunt, 4 takken",30,"Niet brandend","Daglicht","Regen",\N,\N,"Parkstraat","Steenwijk","Steenwijkerland","Overijssel",false,52.785228,6.105988,"injury","2","rain",false,1,"GM1708"
"20220132675",2022,"Uitsluitend materiele schade",3,"Personenauto","Fiets","Onbekend","Rotonde",\N,"Niet brandend","Daglicht","Droog",\N,\N,"Ninnesweg","Panningen","Peel en Maas","Limburg",false,51.347548,5.972608,"material damage only","4","clear",false,1,"GM1894"
"20230007067",2023,"Letsel",4,"Fiets","Fiets","Onbekend",\N,50,\N,"Daglicht","Droog",\N,"600478865","Burgemeester Keijzerweg","Papendrecht","Papendrecht","Zuid-Holland",false,51.830503,4.707622,"injury","2","clear",false,1,"GM0590"
"20220071476",2022,"Letsel",2,"Bus","Fiets","Flank","Rechte weg",50,"Niet brandend","Daglicht","Droog",\N,"600925743","Hereweg","Groningen","Groningen","Groningen",false,53.209945,6.57161,"injury","2","clear",false,1,"GM0014"
"20220077129",2022,"Uitsluitend materiele schade",2,"Personenauto","e-bike","Flank","Rechte weg",30,"Niet brandend","Daglicht","Droog",\N,"268298076","Israëlslaan","Nieuwegein","Nieuwegein","Utrecht",false,52.033391,5.081912,"material damage only","4","clear",false,1,"GM0356"
"20220082573",2022,"Letsel",2,"Personenauto","e-bike","Flank","Kruispunt, 4 takken",50,"Niet brandend","Daglicht","Regen",\N,\N,"Kempstraat","'s-Gravenhage","'s-Gravenhage","Zuid-Holland",false,52.063744,4.289787,"injury","2","rain",false,1,"GM0518"
"20220090962",2022,"Uitsluitend materiele schade",2,"Personenauto","Fiets","Flank","Rechte weg",80,"Niet brandend","Daglicht","Droog",\N,"600251983","Oud-Valkenburg","Schin op Geul","Valkenburg aan de Geul","Limburg",false,50.856157,5.850929,"material damage only","4","clear",false,1,"GM0994"
"20220009116",2022,"Uitsluitend materiele schade",2,"Personenauto","Fiets","Onbekend","Kruispunt, 4 takken",50,"Niet brandend","Daglicht","Droog",\N,\N,"Nieuwe Bussummerweg","Huizen","Huizen","Noord-Holland",false,52.29451,5.231995,"material damage only","4","clear",false,1,"GM0406"
"20220035432",2022,"Letsel",2,"e-bike","Fiets","Frontaal","Rechte weg",50,"Niet brandend","Daglicht","Droog",\N,"600121087","Waddenzeestraat","Den Helder","Den Helder","Noord-Holland",false,52.941685,4.768016,"injury","2","clear",false,1,"GM0400"
"20220039256",2022,"Letsel",3,"Personenauto","Fiets","Los voorwerp","Rechte weg",50,"Brandend","Duisternis","Regen",\N,"318145028","Luikerweg","Valkenswaard","Valkenswaard","Noord-Brabant",false,51.343988,5.449865,"injury","2","rain",false,1,"GM0858"