"accident_id","year","severity_raw","party_count","party1_type","party2_type","accident_type","road_situation","speed_limit_kmh","road_lighting","light_condition_label","weather_raw","infra_type","road_segment_id","street_name","place_name","gemeente_name_raw","province","alcohol_indicated","latitude","longitude","severity_label","severity_code","weather_label","built_up_area","cyclists_involved","gemeente_code"
"20220058031",2022,"Letsel",2,"Fiets","Fiets","Onbekend","Rechte weg",50,"Niet brandend","Daglicht","Droog",\N,"172301023","Karel Doormanstraat","Nootdorp","Pijnacker-Nootdorp","Zuid-Holland",false,52.041087,4.388353,"injury","2","clear",false,1,"GM1926"
"20220079068",2022,"Letsel",2,"Personenauto","Fiets","Onbekend","Kruispunt, 4 takken",50,"Niet brandend","Daglicht","Droog",\N,\N,"Jonkheer Geverslaan","Heemskerk","Heemskerk","Noord-Holland",false,52.512926,4.662787,"injury","2","clear",false,1,"GM0396"
"20220081402",2022,"Letsel",2,"Fiets","Personenauto","Onbekend","Kruispunt, 3 takken",50,"Brandend","Duisternis","Droog",\N,\N,"Haarlemmerweg","Amsterdam","Amsterdam","Noord-Holland",false,52.385309,4.869307,"injury","2","clear",false,1,"GM0363"
"20220091804",2022,"Letsel",1,"Fiets",\N,"Eenzijdig","Rechte weg",30,"Niet brandend","Daglicht","Droog",\N,"410624001","Badweg","Schiermonnikoog","Schiermonnikoog","Friesland",false,53.49106,6.148571,"injury","2","clear",false,1,"GM0088"
"20220103338",2022,"Uitsluitend materiele schade",2,"Personenauto","e-bike","Flank","Bocht",50,"Niet brandend","Daglicht","Droog",\N,"600753283","Zwarteweg","Aalsmeer","Aalsmeer","Noord-Holland",false,52.263893,4.778153,"material damage only","4","clear",false,1,"GM0358"
"20220013221",2022,"Uitsluitend materiele schade",2,"Bromfiets","Fiets","Flank","Kruispunt, 4 takken",50,"Niet brandend","Daglicht","Droog",\N,\N,"Dampten","Hoorn","Hoorn","Noord-Holland",false,52.646241,5.040392,"material damage only","4","clear",false,1,"GM0405"
"20220047828",2022,"Uitsluitend materiele schade",2,"Personenauto","Fiets","Flank","Rotonde",50,"Niet brandend","Daglicht","Droog",\N,\N,"Energieweg","Doetinchem","Doetinchem","Gelderland",false,51.96933,6.273197,"material damage only","4","clear",false,1,"GM0222"
"20220058149",2022,"Letsel",2,"Personenauto","e-bike","Flank","Rotonde",50,"Niet brandend","Daglicht","Droog",\N,\N,"Melis Stokelaan","'s-Gravenhage","'s-Gravenhage","Zuid-Holland",false,52.052154,4.290944,"injury","2","clear",false,1,"GM0518"
"20220065400",2022,"Letsel",1,"Fiets",\N,"Eenzijdig",\N,30,\N,"Daglicht",\N,\N,\N,"Eendrachtsweg","Tholen","Tholen","Zeeland",false,51.533682,4.224242,"injury","2","unknown",false,1,"GM0716"
"20220071627",2022,"Uitsluitend materiele schade",3,"Bestelauto","Fiets","Onbekend","Kruispunt, 4 takken",60,"Niet brandend","Daglicht","Droog",\N,\N,"Bedumerweg","Sint Annen","Groningen","Groningen",false,53.301603,6.650569,"material damage only","4","clear",false,1,"GM0014"
"20220047841",2022,"Uitsluitend materiele schade",2,"Personenauto","Fiets","Flank","Kruispunt, 4 takken",50,"Niet brandend","Daglicht","Droog",\N,"600896920","Burg Matsersingel","Arnhem","Arnhem","Gelderland",false,51.950727,5.881523,"material damage only","4","clear",false,1,"GM0202"
"20220063549",2022,"Letsel",2,"e-bike","Personenauto","Geparkeerd voertuig","Rechte weg",30,"Niet brandend","Schemer","Droog",\N,"600922392","Koninginneweg","Rotterdam","Rotterdam","Zuid-Holland",false,51.896083,4.550358,"injury","2","clear",false,1,"GM0599"
"20220070083",2022,"Uitsluitend materiele schade",2,"Personenauto","Fiets","Flank","Bocht",30,"Niet brandend","Daglicht","Droog",\N,"392142041","Wilhelminastraat","Panningen","Peel en Maas","Limburg",false,51.329582,5.979372,"material damage only","4","clear",false,1,"GM1894"
"20220077851",2022,"Uitsluitend materiele schade",2,"Fiets","Personenauto","Flank","Kruispunt, 4 takken",50,"Niet brandend","Daglicht",\N,\N,\N,"Gasthuislaan","Amersfoort","Amersfoort","Utrecht",false,52.145293,5.392893,"material damage only","4","unknown",false,1,"GM0307"
"20220080900",2022,"Uitsluitend materiele schade",2,"Bestelauto","Fiets","Onbekend","Rotonde",50,"Niet brandend","Daglicht","Droog",\N,\N,"Baden Powellweg","Amsterdam","Amsterdam","Noord-Holland",false,52.362658,4.787555,"material damage only","4","clear",false,1,"GM0363"
"20220110464",2022,"Letsel",2,"Personenauto","Fiets","Flank","Rechte weg",50,"Niet brandend","Daglicht","Droog",\N,"600705307","Dr. Joh. G. Mezgerweg","Domburg","Veere","Zeeland",false,51.564509,3.50439,"injury","2","clear",false,1,"GM0717"
"20220110771",2022,"Uitsluitend materiele schade",2,"Personenauto","Fiets","Onbekend","Rotonde",50,"Niet brandend","Daglicht","Droog",\N,\N,"Sint Jorisstraat","Zevenbergen","Moerdijk","Noord-Brabant",false,51.642537,4.603759,"material damage only","4","clear",false,1,"GM1709"
"20220111038",2022,"Uitsluitend materiele schade",2,"Personenauto","Fiets","Flank","Kruispunt, 4 takken",50,"Niet brandend","Daglicht","Droog",\N,\N,"1e Lieven de Keylaan","Eindhoven","Eindhoven","Noord-Brabant",false,51.463949,5.459306,"material damage only","4","clear",false,1,"GM0772"
"20220020047",2022,"Letsel",2,\N,"Fiets","Eenzijdig","Kruispunt, 4 takken",15,"Niet brandend","Daglicht","Droog",\N,\N,"Marie Heinenweg","'s-Gravenhage","'s-Gravenhage","Zuid-Holland",false,52.052749,4.278889,"injury","2","clear",false,1,"GM0518"
"20220029270",2022,"Uitsluitend materiele schade",3,"Bestelauto","Fiets","Onbekend","Rechte weg",50,"Brandend","Duisternis","Droog",\N,"320149032","Geenhovensedreef","Valkenswaard","Valkenswaard","Noord-Brabant",false,51.361979,5.461537,"material damage only","4","clear",false,1,"GM0858"
"20220053877",2022,"Letsel",2,"Personenauto","Fiets","Flank","Kruispunt, 4 takken",50,"Niet brandend","Daglicht","Droog",\N,\N,"Bos en Vaartstraat","Haarlem","Haarlem","Noord-Holland",false,52.369776,4.622535,"injury","2","clear",false,1,"GM0392"
"20220055299",2022,"Uitsluitend materiele schade",2,"Snorfiets","e-bike","Frontaal","Kruispunt, 4 takken",15,"Niet brandend","Daglicht","Droog",\N,\N,"Oostoever","Amsterdam","Amsterdam","Noord-Holland",false,52.363953,4.826979,"material damage only","4","clear",false,1,"GM0363"
"20220055309",2022,"Uitsluitend materiele schade",2,"Bestelauto","Fiets","Onbekend",\N,\N,\N,"Duisternis",\N,\N,"600611048","Sarphatistraat","Amsterdam","Amsterdam","Noord-Holland",false,52.36691,4.925131,"material damage only","4","unknown",false,1,"GM0363"
"20220058304",2022,"Uitsluitend materiele schade",1,"Fiets",\N,"Eenzijdig","Rechte weg",50,"Niet brandend","Daglicht","Droog",\N,\N,"Nieboerweg","'s-Gravenhage","'s-Gravenhage","Zuid-Holland",false,52.084272,4.258364,"material damage only","4","clear",false,1,"GM0518"
"20220077955",2022,"Uitsluitend materiele schade",2,"Personenauto","Fiets","Flank","Rechte weg",30,"Niet brandend","Daglicht","Droog",\N,"285346005","Langsakker","Laren","Laren","Noord-Holland",false,52.247106,5.208977,"material damage only","4","clear",false,1,\N
"20220082926",2022,"Uitsluitend materiele schade",2,"Fiets","Fiets","Frontaal","Kruispunt, 3 takken",30,"Niet brandend","Daglicht","Droog",\N,\N,"Kniplaan","Voorschoten","Voorschoten","Zuid-Holland",false,52.109766,4.429291,"material damage only","4","clear",false,1,"GM0626"
"20220111786",2022,"Letsel",2,"e-bike","Personenauto","Flank","Rechte weg",30,"Niet brandend","Daglicht","Droog",\N,"600383584","Orthenseweg","'s-Hertogenbosch","'s-Hertogenbosch","Noord-Brabant",false,51.701778,5.30418,"injury","2","clear",false,1,"GM0796"
"20220009686",2022,"Uitsluitend materiele schade",1,"Fiets",\N,"Flank","Kruispunt, 4 takken",\N,"Niet brandend","Daglicht","Droog",\N,\N,"Burgemeester Patijnlaan","Zeist","Zeist","Utrecht",false,52.098379,5.242922,"material damage only","4","clear",false,1,"GM0355"
"20220029361",2022,"Letsel",2,"Snorfiets","Fiets","Flank","Kruispunt, 3 takken",30,"Niet brandend","Daglicht",\N,\N,\N,"Jutta van Nassaulaan","Cuijk","Land van Cuijk","Noord-Brabant",false,51.722131,5.879069,"injury","2","unknown",false,1,"GM1982"
"20220034035",2022,"Letsel",2,"Fiets","Overig vast object","Vast voorwerp","Kruispunt, 4 takken",50,"Niet brandend","Daglicht","Droog",\N,\N,"Groesbeekseweg","Nijmegen","Nijmegen","Gelderland",false,51.83015,5.874384,"injury","2","clear",false,1,"GM0268"
"20220068617",2022,"Uitsluitend materiele schade",2,"Personenauto","Fiets","Flank","Rotonde",50,"Niet brandend","Daglicht","Droog",\N,\N,"Raadhuislaan","Tegelen","Venlo","Limburg",false,51.339413,6.139122,"material damage only","4","clear",false,1,"GM0983"
"20220078097",2022,"Uitsluitend materiele schade",2,"Fiets","Fiets","Kop/staart","Rechte weg",30,"Niet brandend","Daglicht","Droog",\N,"277309028","Weg tot de Wetenschap","Utrecht","Utrecht","Utrecht",false,52.080942,5.152784,"material damage only","4","clear",false,1,"GM0344"
"20220078573",2022,"Letsel",2,"Fiets","Personenauto","Flank","Rotonde",50,"Niet brandend","Daglicht","Regen",\N,\N,"Papenhorn","Broek op Langedijk","Dijk en Waard","Noord-Holland",false,52.673993,4.804209,"injury","2","rain",false,1,"GM1980"
"20220113697",2022,"Uitsluitend materiele schade",2,"Personenauto","Fiets","Flank","Rechte weg",50,"Niet brandend","Daglicht","Droog",\N,\N,"Past Knippenberghstraat","Helden","Peel en Maas","Limburg",false,51.322353,6.000215,"material damage only","4","clear",false,1,"GM1894"
"20220045233",2022,"Uitsluitend materiele schade",2,"Scootmobiel","Fiets","Kop/staart","Rechte weg",\N,"Niet brandend","Daglicht","Droog",\N,"600682840","Nijmeegseweg","Arnhem","Arnhem","Gelderland",false,51.974576,5.911237,"material damage only","4","clear",false,1,"GM0202"
"20220052674",2022,"Letsel",1,"e-bike",\N,"Eenzijdig","Rechte weg",30,"Niet brandend","Daglicht","Droog","Tunnel","600604124","FIETSPAD","Purmerend","Purmerend","Noord-Holland",false,52.504068,4.954312,"injury","2","clear",false,1,"GM0439"
"20220062616",2022,"Uitsluitend materiele schade",2,"Fiets","Personenauto","Flank","Kruispunt, 4 takken",30,"Niet brandend","Daglicht","Droog",\N,\N,"Wilhelminastraat","Heerjansdam","Zwijndrecht","Zuid-Holland",false,51.836869,4.563553,"material damage only","4","clear",false,1,"GM0642"
"20220063895",2022,"Letsel",2,"Personenauto","Fiets","Flank","Kruispunt, 4 takken",60,"Brandend","Duisternis","Droog",\N,\N,"Oude Rijksweg","'s-Heer Hendrikskinderen","Goes","Zeeland",false,51.503467,3.86122,"injury","2","clear",false,1,"GM0664"
"20220083999",2022,"Letsel",2,"Personenauto","Fiets","Flank","Kruispunt, 4 takken",30,"Niet brandend","Daglicht","Droog",\N,\N,"Boekhorststraat","'s-Gravenhage","'s-Gravenhage","Zuid-Holland",false,52.07403,4.309596,"injury","2","clear",false,1,"GM0518"
"20220105420",2022,"Uitsluitend materiele schade",2,"Personenauto","e-bike","Onbekend","Kruispunt, 4 takken",\N,"Niet brandend","Daglicht","Droog",\N,\N,"Hoefkade","'s-Gravenhage","'s-Gravenhage","Zuid-Holland",false,52.065043,4.306323,"material damage only","4","clear",false,1,"GM0518"
"20220105582",2022,"Letsel",1,"e-bike",\N,"Eenzijdig","Rechte weg",\N,"Niet brandend","Daglicht","Droog",\N,\N,"Bospad","Delft","Delft","Zuid-Holland",false,52.023566,4.384431,"injury","2","clear",false,1,"GM0503"
"20220105891",2022,"Letsel",2,"Personenauto","Fiets","Flank","Rechte weg",30,"Niet brandend","Daglicht","Droog",\N,"600387565","Delftselaan","'s-Gravenhage","'s-Gravenhage","Zuid-Holland",false,52.069017,4.295671,"injury","2","clear",false,1,"GM0518"
"20220020414",2022,"Letsel",2,"Fiets","Fiets","Flank","Rechte weg",50,"Niet brandend","Daglicht","Droog",\N,"157302090","Dedemsvaartweg","'s-Gravenhage","'s-Gravenhage","Zuid-Holland",false,52.042376,4.275538,"injury","2","clear",false,1,"GM0518"
"20220046898",2022,"Letsel",2,"Snorfiets","Fiets","Flank","Kruispunt, 3 takken",50,"Niet brandend","Daglicht","Droog",\N,\N,"Gasthuisstraat","Barneveld","Barneveld","Gelderland",false,52.141097,5.584272,"injury","2","clear",false,1,"GM0203"
"20220046911",2022,"Uitsluitend materiele schade",2,"Personenauto","Fiets","Onbekend","Rotonde",50,"Niet brandend","Daglicht","Droog",\N,\N,"Lawickse Allee","Wageningen","Wageningen","Gelderland",false,51.966039,5.651783,"material damage only","4","clear",false,1,"GM0289"
"20220059650",2022,"Letsel",1,"Fiets",\N,"Eenzijdig",\N,30,\N,"Daglicht",\N,\N,"160307112","Delftselaan","'s-Gravenhage","'s-Gravenhage","Zuid-Holland",false,52.06915,4.296551,"injury","2","unknown",false,1,"GM0518"
"20220070339",2022,"Letsel",2,"Personenauto","e-bike","Flank","Rotonde",50,"Niet brandend","Daglicht","Droog",\N,\N,"Nieuwe Maasheseweg","Venray","Venray","Limburg",false,51.532168,5.98446,"injury","2","clear",false,1,"GM0984"
"20220084073",2022,"Letsel",1,"Fiets",\N,"Eenzijdig","Rechte weg",30,"Niet brandend","Daglicht","Droog",\N,"600891141","Professor B M Teldersweg","'s-Gravenhage","'s-Gravenhage","Zuid-Holland",false,52.098718,4.299743,"injury","2","clear",false,1,"GM0518"
"20220088123",2022,"Uitsluitend materiele schade",2,"Fiets","Fiets","Flank","Kruispunt, 4 takken",\N,"Niet brandend","Daglicht","Droog",\N,\N,"Alard Duhamelstraat","Breda","Breda","Noord-Brabant",false,51.607758,4.793466,"material damage only","4","clear",false,1,"GM0758"
"20220106168",2022,"Letsel",2,"Bromfiets","Fiets","Flank","Rechte weg",50,"Niet brandend","Daglicht","Droog",\N,"600715228","Loosduinsekade","'s-Gravenhage","'s-Gravenhage","Zuid-Holland",false,52.068475,4.276227,"injury","2","clear",false,1,"GM0518"
"20220032393",2022,"Uitsluitend materiele schade",2,"Bestelauto","Fiets","Flank","Rechte weg",50,"Brandend","Daglicht","Regen",\N,\N,"Stuurboordlaan","Delfzijl","Eemsdelta","Groningen",false,53.327109,6.913501,"material damage only","4","rain",false,1,"GM1979"
"20220049827",2022,"Uitsluitend materiele schade",2,"Personenauto","Fiets","Flank","Kruispunt, 4 takken",30,"Niet brandend","Daglicht","Droog",\N,\N,"Straat van Messina","Amersfoort","Amersfoort","Utrecht",false,52.19353,5.425035,"material damage only","4","clear",false,1,"GM0307"
"20220064045",2022,"Uitsluitend materiele schade",1,"Fiets",\N,"Onbekend","Rechte weg",\N,"Brandend","Duisternis","Droog",\N,"221205010","Rustenburgpad","Breda","Breda","Noord-Brabant",false,51.610954,4.746881,"material damage only","4","clear",false,1,"GM0758"
"20220106744",2022,"Letsel",2,"e-bike","Fiets","Onbekend","Rechte weg",\N,"Niet brandend","Daglicht","Droog","Tunnel","600618177","Maassluiseweg","Maasland","Midden-Delfland","Zuid-Holland",false,51.926691,4.268131,"injury","2","clear",false,1,"GM1842"
"20220095975",2022,"Uitsluitend materiele schade",2,"Personenauto","Fiets","Flank","Rotonde",50,"Niet brandend","Daglicht","Droog",\N,\N,"Schaarsdijkweg","Tiel","Tiel","Gelderland",false,51.875501,5.400983,"material damage only","4","clear",false,1,"GM0281"
"20220096434",2022,"Uitsluitend materiele schade",2,"Bromfiets","Fiets","Onbekend","Kruispunt, 3 takken",50,"Niet brandend","Daglicht","Droog",\N,\N,"Meppelerweg","Steenwijk","Steenwijkerland","Overijssel",false,52.787767,6.120661,"material damage only","4","clear",false,1,"GM1708"
"20220055681",2022,"Uitsluitend materiele schade",2,"Personenauto","Fiets","Flank","Kruispunt, 4 takken",50,"Niet brandend","Daglicht","Droog",\N,\N,"Dusartstraat","Amsterdam","Amsterdam","Noord-Holland",false,52.352596,4.889118,"material damage only","4","clear",false,1,"GM0363"
"20220062838",2022,"Uitsluitend materiele schade",2,"Personenauto","e-bike","Flank","Rechte weg",50,"Niet brandend","Daglicht","Droog",\N,"213250032","Oranjelaan","Dordrecht","Dordrecht","Zuid-Holland",false,51.81469,4.686551,"material damage only","4","clear",false,1,"GM0505"
"20220096461",2022,"Letsel",2,"Personenauto","Fiets","Frontaal","Rechte weg",80,"Niet aanwezig","Duisternis","Droog",\N,\N,"Hamelandroute","Aalten","Aalten","Gelderland",false,51.958554,6.597954,"injury","2","clear",false,1,"GM0197"
"20220097372",2022,"Letsel",3,"Personenauto","Fiets","Onbekend","Rechte weg",80,"Niet brandend","Daglicht","Droog",\N,"600949112","Zuiderzeestraatweg","Oldebroek","Oldebroek","Gelderland",false,52.458856,5.936007,"injury","2","clear",false,1,"GM0269"
"20220098765",2022,"Letsel",2,"e-bike",\N,"Eenzijdig","Rechte weg",30,"Niet brandend","Daglicht","Droog",\N,"600371313","De Ruyterstraat","Huizen","Huizen","Noord-Holland",false,52.298392,5.229549,"injury","2","clear",false,1,"GM0406"
"20220084236",2022,"Uitsluitend materiele schade",1,"Fiets",\N,"Flank","Bocht",30,"Niet brandend","Daglicht","Droog",\N,"600742405","A. van Leeuwenhoekweg","Alphen aan den Rijn","Alphen aan den Rijn","Zuid-Holland",false,52.127837,4.646674,"material damage only","4","clear",false,1,"GM0484"
"20220096932",2022,"Uitsluitend materiele schade",2,"Personenauto","Fiets","Flank","Kruispunt, 3 takken",50,"Niet brandend","Daglicht","Droog",\N,\N,"Riezenweg","Ulft","Oude IJsselstreek","Gelderland",false,51.898279,6.361204,"material damage only","4","clear",false,1,"GM1509"
"20220099535",2022,"Uitsluitend materiele schade",3,"Personenauto","Fiets","Flank","Kruispunt, 4 takken",30,"Brandend","Daglicht","Droog",\N,\N,"Zuiderweg","Hilversum","Hilversum","Noord-Holland",false,52.227031,5.182936,"material damage only","4","clear",false,1,"GM0402"
"20220074228",2022,"Letsel",3,"Personenauto","Fiets","Los voorwerp","Rechte weg",50,"Niet brandend","Daglicht","Droog",\N,"600925198","Veldsingel","Malden","Heumen","Gelderland",false,51.781556,5.86143,"injury","2","clear",false,1,"GM0252"
"20220058859",2022,"Uitsluitend materiele schade",2,"Fiets","Personenauto","Frontaal","Kruispunt, 4 takken",50,"Brandend","Duisternis","Droog",\N,\N,"Joris van der Haagenstr","'s-Gravenhage","'s-Gravenhage","Zuid-Holland",false,52.063237,4.306443,"material damage only","4","clear",false,1,"GM0518"
"20220058878",2022,"Letsel",3,"Bestelauto","Fiets","Eenzijdig","Kruispunt, 4 takken",30,"Niet brandend","Daglicht","Droog",\N,\N,"Korte Vest","Gouda","Gouda","Zuid-Holland",false,52.015183,4.710399,"injury","2","clear",false,1,"GM0513"
"20220067721",2022,"Uitsluitend materiele schade",3,"Personenauto","Fiets","Los voorwerp","Rechte weg",50,"Niet brandend","Daglicht","Droog",\N,"600663533","Singel 1940-1945","Oss","Oss","Noord-Brabant",false,51.773391,5.545371,"material damage only","4","clear",false,1,"GM0828"
"20220070964",2022,"Letsel",2,"e-bike","Overig wegmeubilair","Vast voorwerp","Rechte weg",30,"Brandend","Duisternis","Regen",\N,"469559070","Verlengde Hereweg","Groningen","Groningen","Groningen",false,53.198198,6.579973,"injury","2","rain",false,1,"GM0014"
"20220097701",2022,"Letsel",2,"Fiets","Fiets","Onbekend","Kruispunt, 3 takken",50,"Niet brandend","Daglicht","Droog",\N,\N,"Aanslagsweg","Borne","Borne","Overijssel",false,52.298682,6.758374,"injury","2","clear",false,1,"GM0147"
"20220101512",2022,"Uitsluitend materiele schade",2,"Snorfiets","Fiets","Frontaal","Rechte weg",30,"Niet brandend","Daglicht","Droog",\N,"232394060","Boere Jonkerplein","Zaandam","Zaanstad","Noord-Holland",false,52.461431,4.817353,"material damage only","4","clear",false,1,"GM0479"
"20220023838",2022,"Uitsluitend materiele schade",2,"Personenauto","Fiets","Frontaal","Kruispunt, 4 takken",30,"Brandend","Schemer","Regen",\N,\N,"van Baerlestraat","Vlaardingen","Vlaardingen","Zuid-Holland",false,51.909558,4.313833,"material damage only","4","rain",false,1,"GM0622"
"20220067872",2022,"Uitsluitend materiele schade",2,"Personenauto","Fiets","Flank","Kruispunt, 3 takken",30,"Niet brandend","Daglicht","Droog",\N,\N,"Bosven","Veghel","Meierijstad","Noord-Brabant",false,51.63331,5.548341,"material damage only","4","clear",false,1,"GM1948"
"20220100055",2022,"Letsel",1,"Fiets",\N,"Eenzijdig","Rechte weg",50,"Brandend","Duisternis","Droog",\N,"230465042","Zuiderweg","Schagen","Schagen","Noord-Holland",false,52.781454,4.796239,"injury","2","clear",false,1,"GM0441"
"20220102304",2022,"Uitsluitend materiele schade",2,"e-bike","Personenauto","Flank","Rotonde",50,"Niet brandend","Daglicht","Droog",\N,\N,"Oostoever","Amsterdam","Amsterdam","Noord-Holland",false,52.370325,4.830819,"material damage only","4","clear",false,1,"GM0363"
"20220026632",2022,"Letsel",2,"Personenauto","Fiets","Flank","Kruispunt, 4 takken",50,"Brandend","Duisternis","Droog",\N,\N,"Tramstraat","Dongen","Dongen","Noord-Brabant",false,51.624715,4.936613,"injury","2","clear",false,1,"GM0766"
"20220047450",2022,"Uitsluitend materiele schade",2,"Bromfiets","Fiets","Onbekend","Kruispunt, 3 takken",30,"Brandend","Duisternis","Droog",\N,\N,"Gisbert Schairtweg","Zaltbommel","Zaltbommel","Gelderland",false,51.808752,5.250492,"material damage only","4","clear",false,1,"GM0297"
"20220069484",2022,"Uitsluitend materiele schade",2,"Personenauto","Fiets","Onbekend","Bocht",60,"Niet brandend","Daglicht","Droog",\N,"600215975","Bemelerberg","Bemelen","Eijsden-Margraten","Limburg",false,50.847782,5.76971,"material damage only","4","clear",false,1,"GM1903"
"20220102949",2022,"Letsel",2,"Personenauto","Fiets","Flank","Rechte weg",50,"Niet brandend","Daglicht","Droog",\N,"600474063","AMSTERDAM-SLOTERDIJK 2","Amsterdam","Amsterdam","Noord-Holland",false,52.393729,4.843628,"injury","2","clear",false,1,"GM0363"
"20220073972",2022,"Uitsluitend materiele schade",1,"Fiets",\N,"Onbekend","Rechte weg",50,"Niet brandend","Daglicht",\N,\N,"383288078","Velperweg","Arnhem","Arnhem","Gelderland",false,51.98627,5.92413,"material damage only","4","unknown",false,1,"GM0202"
"20220026717",2022,"Uitsluitend materiele schade",2,"Personenauto","Fiets","Flank","Kruispunt, 3 takken",50,"Niet brandend","Daglicht","Droog",\N,\N,"Industrieweg","Waalwijk","Waalwijk","Noord-Brabant",false,51.692518,5.062549,"material damage only","4","clear",false,1,"GM0867"
"20220046121",2022,"Letsel",2,"Bus","e-bike","Flank","Kruispunt, 4 takken",50,"Niet brandend","Daglicht","Droog",\N,\N,"Busbaan Het Plein","Hengelo","Hengelo (O)","Overijssel",false,52.285806,6.761864,"injury","2","clear",false,1,\N
"20220046131",2022,"Uitsluitend materiele schade",2,"Snorfiets","Fiets","Flank","Rechte weg",30,"Brandend","Duisternis","Droog",\N,"600460201","SOMATUNNEL","Ede","Ede","Gelderland",false,52.030576,5.6569,"material damage only","4","clear",false,1,"GM0228"
"20220063225",2022,"Letsel",2,"Personenauto","Fiets","Flank","Kruispunt, 3 takken",50,"Brandend","Duisternis","Droog",\N,\N,"Crooswijksestraat","Rotterdam","Rotterdam","Zuid-Holland",false,51.932981,4.492112,"injury","2","clear",false,1,"GM0599"
"20220068054",2022,"Letsel",2,"Personenauto","Fiets","Flank","Rotonde",50,"Niet brandend","Daglicht","Droog",\N,\N,"Enderakkers","Bergeijk","Bergeijk","Noord-Brabant",false,51.324418,5.378049,"injury","2","clear",false,1,"GM1724"
"20220071249",2022,"Uitsluitend materiele schade",2,"Personenauto","Fiets","Flank","Kruispunt, 3 takken",50,"Niet brandend","Daglicht","Droog",\N,\N,"Venne","Winschoten","Oldambt","Groningen",false,53.140806,7.037717,"material damage only","4","clear",false,1,"GM1895"
"20220108369",2022,"Uitsluitend materiele schade",2,"Fiets","Bromfiets","Frontaal","Kruispunt, 3 takken",\N,"Niet brandend","Daglicht","Droog",\N,\N,"Atalantahof","Schiedam","Schiedam","Zuid-Holland",false,51.940482,4.379191,"material damage only","4","clear",false,1,"GM0606"
"20220109858",2022,"Uitsluitend materiele schade",2,"Personenauto","Fiets","Los voorwerp","Rechte weg",50,"Niet brandend","Daglicht","Droog",\N,"206197043","Vincent van Goghplein","Etten-Leur","Etten-Leur","Noord-Brabant",false,51.572911,4.643144,"material damage only","4","clear",false,1,"GM0777"
"20220028622",2022,"Uitsluitend materiele schade",2,"Personenauto","Fiets","Los voorwerp","Rotonde",50,"Niet brandend","Daglicht","Mist",\N,\N,"De Harendonkweg","'s-Hertogenbosch","'s-Hertogenbosch","Noord-Brabant",false,51.713997,5.320735,"material damage only","4","fog",false,1,"GM0796"
"20220050444",2022,"Uitsluitend materiele schade",2,"Bromfiets","Fiets","Frontaal","Bocht",50,"Brandend","Duisternis","Droog",\N,"600137045","Stadsring","Amersfoort","Amersfoort","Utrecht",false,52.152874,5.391313,"material damage only","4","clear",false,1,"GM0307"
"20220051911",2022,"Letsel",2,"Personenauto","Fiets","Flank","Kruispunt, 4 takken",50,"Brandend","Duisternis","Droog",\N,\N,"Europaweg","Haarlem","Haarlem","Noord-Holland",false,52.369832,4.644455,"injury","2","clear",false,1,"GM0392"
"20220019474",2022,"Letsel",1,"Fiets",\N,"Eenzijdig","Bocht",30,"Brandend","Duisternis","Droog",\N,"190325091","Liviuslaan","Leiden","Leiden","Zuid-Holland",false,52.149401,4.514646,"injury","2","clear",false,1,"GM0546"
"20220027549",2022,"Uitsluitend materiele schade",2,"Vrachtauto","Fiets","Flank","Rechte weg",30,"Niet brandend","Daglicht","Droog",\N,"344172033","Pastoor Elsenstraat","Helmond","Helmond","Noord-Brabant",false,51.466803,5.635097,"material damage only","4","clear",false,1,"GM0794"
"20230011625",2023,"Dodelijk",2,"Personenauto","Fiets","Flank","Kruispunt, 3 takken",50,"Niet brandend","Daglicht","Droog",\N,\N,"Nijenoord Allee","Wageningen","Wageningen","Gelderland",false,51.981137,5.672317,"fatal","1","clear",false,1,"GM0289"
"20230041754",2023,"Letsel",1,"Fiets",\N,"Eenzijdig",\N,30,\N,"Daglicht",\N,\N,"237210036","Loevensteinlaan","Oosterhout","Oosterhout","Noord-Brabant",false,51.633429,4.863984,"injury","2","unknown",false,1,"GM0826"
"20230008090",2023,"Letsel",2,"Bromfiets","Fiets","Onbekend",\N,30,\N,"Daglicht",\N,\N,"199191050","Dorpsstraat","St. Willebrord","Rucphen","Noord-Brabant",false,51.547874,4.591581,"injury","2","unknown",false,1,"GM0840"
"20230029884",2023,"Letsel",1,"Fiets",\N,"Eenzijdig",\N,50,\N,"Daglicht",\N,\N,"149288041","Kloosterpad","Naaldwijk","Westland","Zuid-Holland",false,51.979558,4.216046,"injury","2","unknown",false,1,"GM1783"
"20230100521",2023,"Uitsluitend materiele schade",2,"Personenauto","Fiets","Onbekend",\N,\N,\N,"Schemer",\N,\N,"600526717","van Hertumweg","Goes","Goes","Zeeland",false,51.494205,3.889972,"material damage only","4","unknown",false,1,"GM0664"
"20230002756",2023,"Uitsluitend materiele schade",2,"Personenauto","Fiets","Onbekend","Rechte weg",15,"Niet brandend","Daglicht","Droog",\N,"600603368","Skoon","Oostzaan","Oostzaan","Noord-Holland",false,52.431659,4.874792,"material damage only","4","clear",false,1,"GM0431"
"20230001105",2023,"Uitsluitend materiele schade",2,"Personenauto","e-bike","Flank","Kruispunt, 3 takken",50,"Brandend","Duisternis","Droog",\N,\N,"Blaloweg","Zwolle","Zwolle","Overijssel",false,52.518127,6.081105,"material damage only","4","clear",false,1,"GM0193"