"accident_id","year","severity_raw","party_count","party1_type","party2_type","accident_type","road_situation","speed_limit_kmh","road_lighting","light_condition_label","weather_raw","infra_type","road_segment_id","street_name","place_name","gemeente_name_raw","province","alcohol_indicated","latitude","longitude","severity_label","severity_code","weather_label","built_up_area","cyclists_involved","gemeente_code"
"20220179305",2022,"Letsel",2,"Bromfiets","Fiets","Flank","Kruispunt, 4 takken",30,"Niet brandend","Daglicht","Regen",\N,\N,"Raadhuisstraat","Voorburg","Leidschendam-Voorburg","Zuid-Holland",false,52.067576,4.365773,"injury","2","rain",false,1,"GM1916"
"20220181119",2022,"Letsel",1,"e-bike",\N,"Eenzijdig","Rotonde",50,"Niet brandend","Schemer",\N,\N,\N,"Herenweg","Noordwijkerhout","Noordwijk","Zuid-Holland",false,52.268023,4.501024,"injury","2","unknown",false,1,"GM0575"
"20220122308",2022,"Letsel",2,"Fiets","Overig vast object","Vast voorwerp","Rechte weg",50,"Niet brandend","Daglicht","Droog",\N,"600745487","Burgemeester Mooijstraat","Castricum","Castricum","Noord-Holland",false,52.546383,4.659327,"injury","2","clear",false,1,"GM0383"
"20220140868",2022,"Uitsluitend materiele schade",2,"Fiets","Bromfiets","Onbekend",\N,30,\N,"Duisternis",\N,\N,"231398043","Witte Veerstraat","Zaandijk","Zaanstad","Noord-Holland",false,52.479681,4.807358,"material damage only","4","unknown",false,1,"GM0479"
"20220142350",2022,"Uitsluitend materiele schade",1,"Fiets",\N,"Voetganger","Rechte weg",30,"Brandend","Duisternis","Droog",\N,"241372172","Kleine-Gartmanplantsoen","Amsterdam","Amsterdam","Noord-Holland",false,52.362675,4.883544,"material damage only","4","clear",false,1,"GM0363"
"20220142364",2022,"Letsel",2,"e-bike","Overig vast object","Vast voorwerp","Rechte weg",50,"Niet brandend","Daglicht","Droog",\N,"600411746","Marnixstraat","Amsterdam","Amsterdam","Noord-Holland",false,52.368738,4.877949,"injury","2","clear",false,1,"GM0363"
"20220142368",2022,"Uitsluitend materiele schade",2,"e-bike","Personenauto","Kop/staart","Rotonde",50,"Niet brandend","Daglicht","Droog",\N,\N,"Johan Jongkindstraat","Amsterdam","Amsterdam","Noord-Holland",false,52.359313,4.837466,"material damage only","4","clear",false,1,"GM0363"
"20220152162",2022,"Letsel",2,"Fiets","Fiets","Flank","Kruispunt, 4 takken",50,"Niet brandend","Daglicht","Droog",\N,\N,"Skrokdam","Leeuwarden","Leeuwarden","Friesland",false,53.215089,5.787446,"injury","2","clear",false,1,"GM0080"
"20220195458",2022,"Uitsluitend materiele schade",2,"Personenauto","Fiets","Flank","Kruispunt, 4 takken",60,"Brandend","Duisternis","Regen",\N,\N,"Oude Doetinchemseweg","Zeddam","Montferland","Gelderland",false,51.902798,6.262015,"material damage only","4","rain",false,1,"GM1955"
"20220195481",2022,"Uitsluitend materiele schade",2,"Personenauto","Fiets","Flank","Rotonde",50,"Niet brandend","Daglicht","Droog",\N,\N,"Deurningerstraat","Enschede","Enschede","Overijssel",false,52.225326,6.891374,"material damage only","4","clear",false,1,"GM0153"
"20220127139",2022,"Letsel",3,"Snorfiets","Fiets","Flank","Kruispunt, 4 takken",30,"Niet brandend","Daglicht","Droog",\N,\N,"Honingerdijk","Rotterdam","Rotterdam","Zuid-Holland",false,51.916061,4.521347,"injury","2","clear",false,1,"GM0599"
"20220142371",2022,"Letsel",2,"Bestelauto","Fiets","Flank","Kruispunt, 3 takken",50,"Niet brandend","Daglicht","Droog",\N,\N,"Naritaweg","Amsterdam","Amsterdam","Noord-Holland",false,52.387947,4.832402,"injury","2","clear",false,1,"GM0363"
"20220146837",2022,"Letsel",3,"Fiets","e-bike","Onbekend","Rechte weg",\N,"Niet brandend","Daglicht","Droog","Tunnel","600722333","Huigenhofpad","Rotterdam","Rotterdam","Zuid-Holland",false,51.958063,4.395725,"injury","2","clear",false,1,"GM0599"
"20220156528",2022,"Letsel",2,"Fiets","Fiets","Frontaal","Rechte weg",\N,"Niet aanwezig","Daglicht","Droog",\N,"160314037","Het Hooge Paadje","'s-Gravenhage","'s-Gravenhage","Zuid-Holland",false,52.097307,4.295758,"injury","2","clear",false,1,"GM0518"
"20220169950",2022,"Letsel",1,"e-bike",\N,"Eenzijdig",\N,30,\N,"Daglicht",\N,\N,"411467004","Middenweg","Steenwijk","Steenwijkerland","Overijssel",false,52.790779,6.138963,"injury","2","unknown",false,1,"GM1708"
"20220184257",2022,"Letsel",2,"Vrachtauto","Fiets","Flank","Kruispunt, 4 takken",50,"Niet brandend","Daglicht","Droog",\N,\N,"Kleiweg","Rotterdam","Rotterdam","Zuid-Holland",false,51.945038,4.481216,"injury","2","clear",false,1,"GM0599"
"20220117036",2022,"Uitsluitend materiele schade",2,"Fiets","Fiets","Onbekend","Kruispunt, 3 takken",30,"Niet aanwezig","Daglicht",\N,\N,\N,"Acacialaan","Kampen","Kampen","Overijssel",false,52.546621,5.923156,"material damage only","4","unknown",false,1,"GM0166"
"20220125128",2022,"Letsel",2,"Fiets","Fiets","Flank","Rechte weg",\N,"Niet brandend","Daglicht","Droog",\N,"600721171","Schiekade","Delft","Delft","Zuid-Holland",false,51.988444,4.37321,"injury","2","clear",false,1,"GM0503"
"20220142480",2022,"Letsel",2,"Personenauto","e-bike","Flank","Rotonde",50,"Niet brandend","Daglicht","Droog",\N,\N,"Meeuwenlaan","Amsterdam","Amsterdam","Noord-Holland",false,52.387723,4.92409,"injury","2","clear",false,1,"GM0363"
"20220146031",2022,"Letsel",2,"Fiets",\N,"Eenzijdig","Rechte weg",\N,"Niet brandend","Daglicht","Droog","Brug/viaduct","600697116","FIETSPAD","Rotterdam","Rotterdam","Zuid-Holland",false,51.909488,4.485431,"injury","2","clear",false,1,"GM0599"
"20220152265",2022,"Letsel",2,"Fiets","Fiets","Onbekend","Rechte weg",50,"Niet aanwezig","Daglicht","Droog",\N,"297599023","Landerum","Landerum","Terschelling","Friesland",false,53.386412,5.297242,"injury","2","clear",false,1,"GM0093"
"20220159115",2022,"Uitsluitend materiele schade",2,"Fiets","Fiets","Onbekend",\N,30,\N,"Daglicht",\N,\N,"201212036","Kuringen","Zevenbergen","Moerdijk","Noord-Brabant",false,51.640665,4.602517,"material damage only","4","unknown",false,1,"GM1709"
"20220180687",2022,"Letsel",1,"Fiets",\N,"Eenzijdig",\N,50,\N,"Daglicht",\N,\N,\N,"Hildebrandstraat","'s-Gravenhage","'s-Gravenhage","Zuid-Holland",false,52.056041,4.312263,"injury","2","unknown",false,1,"GM0518"
"20220181301",2022,"Letsel",2,"Fiets","Fiets","Onbekend","Rechte weg",50,"Brandend","Duisternis","Droog",\N,"176335036","Parnassia","Katwijk","Katwijk","Zuid-Holland",false,52.194184,4.413979,"injury","2","clear",false,1,"GM0537"
"20220187536",2022,"Uitsluitend materiele schade",2,"Personenauto","Fiets","Onbekend",\N,50,\N,"Daglicht",\N,\N,\N,"Drunenseweg","Waalwijk","Waalwijk","Noord-Brabant",false,51.684024,5.096601,"material damage only","4","unknown",false,1,"GM0867"
"20220122589",2022,"Letsel",2,"Snorfiets","Fiets","Kop/staart","Rechte weg",30,"Niet brandend","Daglicht","Droog",\N,"204372101","Zandvoortselaan","Heemstede","Heemstede","Noord-Holland",false,52.359383,4.610978,"injury","2","clear",false,1,"GM0397"
"20220122657",2022,"Letsel",2,"Fiets","Voetganger","Voetganger","Rechte weg",30,"Niet brandend","Daglicht","Regen","Bus-/Tramhalte","600676441","Burg D Kooimanweg","Purmerend","Purmerend","Noord-Holland",false,52.510034,4.957862,"injury","2","rain",false,1,"GM0439"
"20220161926",2022,"Uitsluitend materiele schade",2,"Personenauto","Fiets","Flank","Kruispunt, 4 takken",30,"Niet brandend","Daglicht","Droog",\N,\N,"Abe Lenstra boulevard","Heerenveen","Heerenveen","Friesland",false,52.956176,5.937475,"material damage only","4","clear",false,1,"GM0074"
"20220164492",2022,"Uitsluitend materiele schade",2,"Personenauto","Fiets","Flank","Rotonde",50,"Niet brandend","Daglicht","Droog",\N,\N,"Industrieweg","Nijmegen","Nijmegen","Gelderland",false,51.845714,5.838969,"material damage only","4","clear",false,1,"GM0268"
"20220187665",2022,"Letsel",1,"Fiets",\N,"Eenzijdig","Kruispunt, 4 takken",50,"Niet brandend","Daglicht","Droog",\N,\N,"Sint-Martenstraat","Sint-Oedenrode","Meierijstad","Noord-Brabant",false,51.568702,5.464797,"injury","2","clear",false,1,"GM1948"
"20220134251",2022,"Letsel",3,"Personenauto","Fiets","Onbekend","Kruispunt, 4 takken",30,"Niet brandend","Daglicht","Droog",\N,\N,"Vincent van Goghstraat","Leeuwarden","Leeuwarden","Friesland",false,53.189433,5.79188,"injury","2","clear",false,1,"GM0080"
"20220142705",2022,"Letsel",2,\N,"Fiets","Eenzijdig","Rechte weg",50,"Niet brandend","Daglicht","Regen",\N,"600716115","De la Reyweg","'s-Gravenhage","'s-Gravenhage","Zuid-Holland",false,52.065626,4.287983,"injury","2","rain",false,1,"GM0518"
"20220156752",2022,"Letsel",2,"Personenauto","Fiets","Flank","Bocht",50,"Niet brandend","Daglicht","Regen",\N,"600504872","Willem Einthovenstraat","Oegstgeest","Oegstgeest","Zuid-Holland",false,52.167688,4.449125,"injury","2","rain",false,1,"GM0579"
"20220156782",2022,"Letsel",2,"Fiets","Fiets","Geparkeerd voertuig","Rechte weg",50,"Niet brandend","Daglicht","Droog",\N,\N,"Middelweg","Moordrecht","Zuidplas","Zuid-Holland",false,51.999073,4.650304,"injury","2","clear",false,1,"GM1892"
"20220172804",2022,"Letsel",2,"Personenauto","Fiets","Flank","Rotonde",50,"Brandend","Schemer","Droog",\N,\N,"Panweg","Zeist","Zeist","Utrecht",true,52.102626,5.240081,"injury","2","clear",false,1,"GM0355"
"20220173958",2022,"Letsel",2,"Fiets","Voetganger","Voetganger","Rotonde",\N,"Niet brandend","Daglicht","Droog",\N,\N,"Geesterweg","Uitgeest","Uitgeest","Noord-Holland",false,52.533697,4.714558,"injury","2","clear",false,1,"GM0450"
"20220181380",2022,"Letsel",2,"Fiets","e-bike","Flank","Rechte weg",30,"Niet brandend","Daglicht","Regen",\N,"160305009","Troelstrakade","'s-Gravenhage","'s-Gravenhage","Zuid-Holland",false,52.058376,4.295112,"injury","2","rain",false,1,"GM0518"
"20220191672",2022,"Uitsluitend materiele schade",3,"Personenauto","Fiets","Los voorwerp","Kruispunt, 4 takken",50,"Niet brandend","Schemer","Droog","Brug/viaduct",\N,"Guyotplein","Groningen","Groningen","Groningen",false,53.221158,6.561425,"material damage only","4","clear",false,1,"GM0014"
"20220115562",2022,"Uitsluitend materiele schade",2,"Motor","Fiets","Flank","Bocht",30,"Niet brandend","Daglicht","Droog",\N,\N,"Marten Ottenlaan","Meppel","Meppel","Drenthe",false,52.69111,6.195213,"material damage only","4","clear",false,1,"GM0119"
"20220123974",2022,"Uitsluitend materiele schade",2,"Fiets","Fiets","Flank","Bocht",50,"Niet brandend","Schemer","Droog",\N,"600161083","Weteringschans","Amsterdam","Amsterdam","Noord-Holland",false,52.360109,4.888907,"material damage only","4","clear",false,1,"GM0363"
"20220127579",2022,"Letsel",2,"Personenauto","Fiets","Flank","Rechte weg",50,"Niet brandend","Daglicht","Droog",\N,"600932757","LATHUMSEDIJK","Westervoort","Westervoort","Gelderland",false,51.973499,5.991282,"injury","2","clear",false,1,"GM0293"
"20220134316",2022,"Uitsluitend materiele schade",2,"Personenauto","Fiets","Onbekend","Rechte weg",30,"Niet aanwezig","Daglicht","Droog","Brug/viaduct","391587049","Aalsumerpoort","Dokkum","Noardeast-Fryslân","Friesland",false,53.328705,6.000442,"material damage only","4","clear",false,1,"GM1970"
"20220156839",2022,"Letsel",2,"Bromfiets","Fiets","Frontaal","Rechte weg",30,"Niet brandend","Daglicht","Droog",\N,"600952254","'s-Gravenzandseweg","Monster","Westland","Zuid-Holland",false,52.020521,4.162851,"injury","2","clear",false,1,"GM1783"
"20220191600",2022,"Uitsluitend materiele schade",2,"Personenauto","Fiets","Flank","Rotonde",50,"Niet brandend","Daglicht","Droog",\N,\N,"Jousterkade","Sneek","Súdwest-Fryslân","Friesland",false,53.033806,5.665581,"material damage only","4","clear",false,1,"GM1900"
"20220192111",2022,"Letsel",1,"Fiets",\N,"Eenzijdig","Kruispunt, 4 takken",50,"Niet brandend","Daglicht","Droog",\N,\N,"Zuiderstraat","Emmen","Emmen","Drenthe",false,52.781907,6.901274,"injury","2","clear",false,1,"GM0114"
"20220120009",2022,"Uitsluitend materiele schade",1,"Fiets",\N,"Flank","Rechte weg",30,"Niet brandend","Daglicht","Droog",\N,\N,"Keulsekade","Utrecht","Utrecht","Utrecht",false,52.098467,5.078072,"material damage only","4","clear",false,1,"GM0344"
"20220135620",2022,"Letsel",2,"Vrachtauto","Fiets","Flank","Kruispunt, 4 takken",50,"Niet brandend","Daglicht","Droog",\N,\N,"Galgenmaten","Delden","Hof van Twente","Overijssel",false,52.258438,6.701699,"injury","2","clear",false,1,"GM1735"
"20220138530",2022,"Uitsluitend materiele schade",2,"Snorfiets","Fiets","Flank","Kruispunt, 3 takken",30,"Niet brandend","Daglicht","Droog",\N,\N,"Treurwilgpad","Almere","Almere","Flevoland",false,52.376645,5.24568,"material damage only","4","clear",false,1,"GM0034"
"20220141452",2022,"Letsel",1,"Fiets",\N,"Eenzijdig","Rechte weg",50,"Niet brandend","Daglicht","Droog",\N,"600765881","Kruislaan","Amsterdam","Amsterdam","Noord-Holland",false,52.348013,4.940581,"injury","2","clear",false,1,"GM0363"
"20220144193",2022,"Letsel",3,"Bromfiets","Fiets","Frontaal","Rechte weg",30,"Niet brandend","Daglicht","Droog",\N,"600191364","Markt","Nootdorp","Pijnacker-Nootdorp","Zuid-Holland",false,52.045757,4.39288,"injury","2","clear",false,1,"GM1926"
"20220146222",2022,"Uitsluitend materiele schade",2,"Personenauto","Fiets","Flank","Kruispunt, 3 takken",30,"Niet brandend","Daglicht","Droog",\N,\N,"Zuideinde","Barendrecht","Barendrecht","Zuid-Holland",false,51.858496,4.55073,"material damage only","4","clear",false,1,"GM0489"
"20220155538",2022,"Letsel",3,"Snorfiets","Fiets","Flank","Bocht",\N,"Niet brandend","Daglicht","Droog",\N,"600575127","FIETSPAD","Amstelveen","Amstelveen","Noord-Holland",false,52.327602,4.855787,"injury","2","clear",false,1,"GM0362"
"20220157843",2022,"Letsel",3,"Fiets","Bestelauto","Onbekend","Rechte weg",50,"Niet brandend","Daglicht","Droog",\N,"600278140","Delftweg","Rotterdam","Rotterdam","Zuid-Holland",false,51.946935,4.416156,"injury","2","clear",false,1,"GM0599"
"20220169260",2022,"Uitsluitend materiele schade",2,"Personenauto","Fiets","Flank","Rotonde",30,"Niet brandend","Daglicht","Droog",\N,\N,"Veluwelaan","Wezep","Oldebroek","Gelderland",false,52.467039,6.002824,"material damage only","4","clear",false,1,"GM0269"
"20220191512",2022,"Letsel",2,"Personenauto","Fiets","Frontaal","Kruispunt, 4 takken",50,"Niet brandend","Daglicht","Droog",\N,\N,"Carel van Manderstraat","Leeuwarden","Leeuwarden","Friesland",false,53.193641,5.795145,"injury","2","clear",false,1,"GM0080"
"20220141513",2022,"Letsel",2,"Fiets","Bestelauto","Flank","Kruispunt, 3 takken",50,"Niet brandend","Daglicht","Droog",\N,\N,"Salamander","Amstelveen","Amstelveen","Noord-Holland",false,52.290001,4.831489,"injury","2","clear",false,1,"GM0362"
"20220141584",2022,"Uitsluitend materiele schade",2,"Bromfiets","Fiets","Flank","Kruispunt, 3 takken",50,"Niet brandend","Daglicht","Droog",\N,\N,"Marnixstraat","Amsterdam","Amsterdam","Noord-Holland",false,52.382005,4.881376,"material damage only","4","clear",false,1,"GM0363"
"20220148927",2022,"Letsel",1,"Fiets",\N,"Eenzijdig",\N,\N,\N,"Daglicht",\N,\N,"317176031","Savoiepad","Eindhoven","Eindhoven","Noord-Brabant",false,51.485329,5.439517,"injury","2","unknown",false,1,"GM0772"
"20220192076",2022,"Letsel",2,"Personenauto","e-bike","Kop/staart","Kruispunt, 3 takken",30,"Niet brandend","Daglicht","Droog",\N,\N,"Eikenlaan","Groningen","Groningen","Groningen",false,53.232736,6.552585,"injury","2","clear",false,1,"GM0014"
"20220196128",2022,"Letsel",2,"Personenauto","Fiets","Flank","Kruispunt, 4 takken",30,"Niet brandend","Daglicht","Regen","Brug/viaduct",\N,"Zwolsekanaal","Vroomshoop","Twenterand","Overijssel",false,52.452,6.565964,"injury","2","rain",false,1,"GM1700"
"20220115837",2022,"Uitsluitend materiele schade",2,"Personenauto","Fiets","Flank","Kruispunt, 4 takken",50,"Niet brandend","Daglicht","Droog",\N,\N,"Kanaalweg","Dieren","Rheden","Gelderland",false,52.060156,6.103446,"material damage only","4","clear",false,1,"GM0275"
"20220120253",2022,"Letsel",3,"Fiets","Fiets","Onbekend","Rechte weg",30,"Niet brandend","Daglicht","Droog",\N,"286321013","Bilderdijklaan","Bilthoven","De Bilt","Utrecht",false,52.133511,5.214705,"injury","2","clear",false,1,"GM0310"
"20220147476",2022,"Uitsluitend materiele schade",2,"Snorfiets","Fiets","Flank","Kruispunt, 3 takken",\N,"Niet brandend","Daglicht","Droog",\N,\N,"Dongenseweg","Tilburg","Tilburg","Noord-Brabant",false,51.605161,5.007864,"material damage only","4","clear",false,1,"GM0855"
"20220154467",2022,"Uitsluitend materiele schade",3,"Personenauto","Fiets","Kop/staart","Rechte weg",30,"Niet brandend","Daglicht","Droog",\N,\N,"Fabrieksgracht","Den Helder","Den Helder","Noord-Holland",false,52.956894,4.767031,"material damage only","4","clear",false,1,"GM0400"
"20220140242",2022,"Letsel",2,"Fiets","Personenauto","Flank","Rechte weg",30,"Niet brandend","Daglicht","Droog",\N,\N,"Kuilpad","Zaandam","Zaanstad","Noord-Holland",false,52.465267,4.823239,"injury","2","clear",false,1,"GM0479"
"20220141802",2022,"Uitsluitend materiele schade",2,"Bromfiets","Fiets","Kop/staart","Rechte weg",30,"Niet brandend","Daglicht","Droog",\N,"600660617","Coentunnelcircuit","Amsterdam","Amsterdam","Noord-Holland",false,52.421916,4.873595,"material damage only","4","clear",false,1,"GM0363"
"20220141814",2022,"Letsel",2,"Fiets","Fiets","Flank","Rechte weg",50,"Brandend","Duisternis","Droog",\N,"244380055","Ridderspoorweg","Amsterdam","Amsterdam","Noord-Holland",false,52.397359,4.905624,"injury","2","clear",false,1,"GM0363"
"20220143133",2022,"Letsel",1,"Fiets",\N,"Eenzijdig","Rechte weg",30,"Niet brandend","Daglicht","Droog",\N,"600372297","Willemstraat","Delft","Delft","Zuid-Holland",false,52.011355,4.348865,"injury","2","clear",false,1,"GM0503"
"20220157015",2022,"Letsel",2,"Personenauto","Fiets","Flank","Rechte weg",30,"Niet brandend","Daglicht","Droog",\N,"600732020","Lijnzaadakker","Zoetermeer","Zoetermeer","Zuid-Holland",false,52.065037,4.518991,"injury","2","clear",false,1,"GM0637"
"20220166825",2022,"Uitsluitend materiele schade",1,"e-bike",\N,"Eenzijdig","Rechte weg",50,"Niet brandend","Daglicht","Droog",\N,\N,"G.P. Duuringlaan","Ugchelen","Apeldoorn","Gelderland",false,52.182472,5.934112,"material damage only","4","clear",false,1,"GM0200"
"20220198178",2022,"Uitsluitend materiele schade",2,"Personenauto","Fiets","Flank","Rechte weg",50,"Niet brandend","Daglicht","Droog",\N,"600962022","Mooienhof","Enschede","Enschede","Overijssel",false,52.216715,6.900046,"material damage only","4","clear",false,1,"GM0153"
"20220138762",2022,"Uitsluitend materiele schade",2,"Personenauto","Fiets","Frontaal","Bocht",50,"Niet brandend","Daglicht","Droog",\N,"274363005","IJsselmeerweg","Naarden","Gooise Meren","Noord-Holland",false,52.323814,5.127423,"material damage only","4","clear",false,1,"GM1942"
"20220140267",2022,"Letsel",2,"Personenauto","Fiets","Flank","Rechte weg",50,"Niet brandend","Daglicht","Droog",\N,"600970866","Hoofdgracht","Den Helder","Den Helder","Noord-Holland",false,52.964231,4.772079,"injury","2","clear",false,1,"GM0400"
"20220143220",2022,"Letsel",2,"e-bike","Fiets","Onbekend","Kruispunt, 4 takken",50,"Niet brandend","Daglicht","Droog",\N,\N,"Voorweg","Zoetermeer","Zoetermeer","Zuid-Holland",false,52.062731,4.463925,"injury","2","clear",false,1,"GM0637"
"20240086064",2024,"Letsel",2,"Fiets","Personenauto","Flank","Kruispunt, 3 takken",50,"Niet brandend","Daglicht","Droog",\N,\N,"Montferlandplantsoen","Heerenveen","Heerenveen","Friesland",false,52.941616,5.940016,"injury","2","clear",false,1,"GM0074"
"20240092523",2024,"Uitsluitend materiele schade",2,"Personenauto","Fiets","Flank","Rechte weg",50,"Niet brandend","Daglicht","Regen",\N,"600808582","Busselbundersweg","Veghel","Meierijstad","Noord-Brabant",false,51.623752,5.55731,"material damage only","4","rain",false,1,"GM1948"
"20240095525",2024,"Uitsluitend materiele schade",2,"Bus","Fiets","Flank","Rechte weg",50,"Niet aanwezig","Daglicht","Droog",\N,"601089593","Zuidtak Zuidtangent","Nieuw-Vennep","Haarlemmermeer","Noord-Holland",false,52.276543,4.630493,"material damage only","4","clear",false,1,"GM0394"
"20240097347",2024,"Uitsluitend materiele schade",2,"Personenauto","Fiets","Flank","Rotonde",50,"Niet brandend","Daglicht","Regen",\N,\N,"Haagse Schouwweg","Leiden","Leiden","Zuid-Holland",false,52.158796,4.449657,"material damage only","4","rain",false,1,"GM0546"
"20240097349",2024,"Uitsluitend materiele schade",1,"Fiets",\N,"Onbekend","Rechte weg",50,"Niet brandend","Daglicht","Droog",\N,"600716837","Noordhoornseweg","Den Hoorn","Midden-Delfland","Zuid-Holland",false,52.01508,4.311771,"material damage only","4","clear",false,1,"GM1842"
"20240041027",2024,"Uitsluitend materiele schade",2,"Personenauto","Fiets","Flank","Kruispunt, 3 takken",80,"Niet brandend","Daglicht","Droog",\N,\N,"Fortdiemerdammerweg","Diemen","Diemen","Noord-Holland",false,52.335315,5.005038,"material damage only","4","clear",false,1,"GM0384"
"20240048343",2024,"Uitsluitend materiele schade",2,"Personenauto","Fiets","Flank","Kruispunt, 4 takken",30,"Niet brandend","Daglicht","Regen",\N,\N,"Roelantdreef","Utrecht","Utrecht","Utrecht",false,52.112406,5.113797,"material damage only","4","rain",false,1,"GM0344"
"20240086091",2024,"Letsel",2,"Fiets",\N,"Flank","Rotonde",50,"Niet brandend","Daglicht","Droog",\N,\N,"Guisweg","Koog aan de Zaan","Zaanstad","Noord-Holland",false,52.462432,4.795859,"injury","2","clear",false,1,"GM0479"
"20240094128",2024,"Letsel",2,"Personenauto","Fiets","Los voorwerp","Bocht",50,"Niet brandend","Daglicht","Droog",\N,"600598692","Rengersweg","Oentsjerk","Tytsjerksteradiel","Friesland",false,53.255545,5.896472,"injury","2","clear",false,1,"GM0737"
"20240094143",2024,"Uitsluitend materiele schade",2,"Personenauto","Fiets","Flank","Rotonde",50,"Niet brandend","Daglicht","Droog",\N,\N,"Berg en Dalseweg","Nijmegen","Nijmegen","Gelderland",false,51.842829,5.873648,"material damage only","4","clear",false,1,"GM0268"
"20240097460",2024,"Uitsluitend materiele schade",2,"Fiets","Voetganger","Voetganger","Rechte weg",50,"Niet brandend","Daglicht","Droog",\N,"600682338","Bert Haanstrakade","Amsterdam","Amsterdam","Noord-Holland",false,52.356336,5.002605,"material damage only","4","clear",false,1,"GM0363"
"20240050264",2024,"Letsel",2,"Personenauto","Fiets","Frontaal","Rechte weg",30,"Niet brandend","Daglicht","Droog",\N,"190341046","Zandslootkade","Sassenheim","Teylingen","Zuid-Holland",false,52.223072,4.513389,"injury","2","clear",false,1,"GM1525"
"20240071417",2024,"Letsel",2,"Personenauto","Fiets","Kop/staart","Rechte weg",30,"Niet aanwezig","Daglicht","Droog",\N,"236279110","Haven","Schoonhoven","Krimpenerwaard","Zuid-Holland",false,51.94488,4.851688,"injury","2","clear",false,1,"GM1931"
"20240075608",2024,"Letsel",2,"Personenauto","Fiets","Flank","Rechte weg",50,"Niet brandend","Daglicht","Droog",\N,"600152778","Hogelandsingel","Enschede","Enschede","Overijssel",false,52.21484,6.909607,"injury","2","clear",false,1,"GM0153"
"20240076242",2024,"Letsel",2,"Personenauto","Fiets","Flank","Kruispunt, 3 takken",30,"Niet brandend","Daglicht","Droog",\N,\N,"Koolmeesstraat","Neede","Berkelland","Gelderland",false,52.132332,6.612681,"injury","2","clear",false,1,"GM1859"
"20240078486",2024,"Letsel",1,"Fiets",\N,"Onbekend","Kruispunt, 4 takken",50,"Niet brandend","Daglicht","Droog",\N,\N,"Volendamlaan","'s-Gravenhage","'s-Gravenhage","Zuid-Holland",false,52.062607,4.259999,"injury","2","clear",false,1,"GM0518"
"20240084245",2024,"Uitsluitend materiele schade",2,"Snorfiets","Fiets","Kop/staart","Rechte weg",50,"Niet brandend","Daglicht","Droog",\N,"600984558","Rijksstraatweg","Deventer","Deventer","Overijssel",false,52.249256,6.158451,"material damage only","4","clear",false,1,"GM0150"
"20240085497",2024,"Letsel",2,"Fiets","e-bike","Frontaal","Bocht",50,"Niet aanwezig","Daglicht","Droog",\N,"491341002","Rotersweg","Hengelo","Hengelo (O)","Overijssel",false,52.213062,6.721811,"injury","2","clear",false,1,\N
"20240087463",2024,"Letsel",2,"Fiets","Dier","Onbekend","Rechte weg",\N,"Niet brandend","Daglicht","Droog",\N,\N,"Oosteinderweg","Nunspeet","Nunspeet","Gelderland",false,52.386639,5.798075,"injury","2","clear",false,1,"GM0302"
"20240088104",2024,"Letsel",2,"Bestelauto","Fiets","Flank","Rechte weg",30,"Niet brandend","Daglicht","Droog",\N,"600714031","Burgemeester Crezéelaan","De Lier","Westland","Zuid-Holland",false,51.975508,4.260418,"injury","2","clear",false,1,"GM1783"
"20240090694",2024,"Letsel",2,"Personenauto","Fiets","Los voorwerp","Rotonde",50,"Niet brandend","Daglicht","Droog",\N,\N,"Burgemeester Keijzerweg","Papendrecht","Papendrecht","Zuid-Holland",false,51.830496,4.707675,"injury","2","clear",false,1,"GM0590"
"20240094183",2024,"Letsel",2,"Personenauto","Fiets","Onbekend","Rechte weg",60,"Brandend","Duisternis","Droog",\N,"311264005","Lingeweg","Tiel","Tiel","Gelderland",false,51.882572,5.400838,"injury","2","clear",false,1,"GM0281"
"20240097511",2024,"Uitsluitend materiele schade",2,"Motor","Fiets","Onbekend",\N,30,"Niet brandend","Daglicht","Droog",\N,"235344012","J.A. van Seumerenlaan","Uithoorn","Uithoorn","Noord-Holland",false,52.236683,4.840716,"material damage only","4","clear",false,1,"GM0451"
"20240097641",2024,"Uitsluitend materiele schade",2,"Bromfiets","Fiets","Onbekend","Rechte weg",50,"Brandend","Duisternis","Regen",\N,\N,"Nieuwe Parklaan","'s-Gravenhage","'s-Gravenhage","Zuid-Holland",false,52.099622,4.300558,"material damage only","4","rain",false,1,"GM0518"
"20240093491",2024,"Letsel",2,"Fiets","Overig vast object","Vast voorwerp","Rechte weg",30,"Brandend","Duisternis","Droog",\N,"457372004","Wilhelminastraat","Nijverdal","Hellendoorn","Overijssel",false,52.360716,6.472765,"injury","2","clear",false,1,"GM0163"
"20240044534",2024,"Uitsluitend materiele schade",2,"Bromfiets","Fiets","Onbekend","Kruispunt, 3 takken",30,\N,"Daglicht",\N,\N,"601171717","Pastoor Petersstraat","Eindhoven","Eindhoven","Noord-Brabant",false,51.444876,5.473172,"material damage only","4","unknown",false,1,"GM0772"
"20240049720",2024,"Letsel",1,"Fiets",\N,"Flank","Rechte weg",30,"Niet brandend","Daglicht","Droog","Tunnel","600414281","Stationsplein","Delft","Delft","Zuid-Holland",false,52.006733,4.356678,"injury","2","clear",false,1,"GM0503"
"20240071501",2024,"Letsel",2,"Bromfiets","Fiets","Onbekend","Kruispunt, 3 takken",50,"Niet brandend","Daglicht","Droog",\N,\N,"Finnenburg","'s-Gravenhage","'s-Gravenhage","Zuid-Holland",false,52.087579,4.357035,"injury","2","clear",false,1,"GM0518"