"accident_id","year","severity_raw","party_count","party1_type","party2_type","accident_type","road_situation","speed_limit_kmh","road_lighting","light_condition_label","weather_raw","infra_type","road_segment_id","street_name","place_name","gemeente_name_raw","province","alcohol_indicated","latitude","longitude","severity_label","severity_code","weather_label","built_up_area","cyclists_involved","gemeente_code"
"20230049143",2023,"Letsel",2,"Bromfiets","Fiets","Frontaal","Kruispunt, 4 takken",50,"Niet brandend","Daglicht","Droog",\N,\N,"Hildebrandstraat","'s-Gravenhage","'s-Gravenhage","Zuid-Holland",false,52.05574,4.311784,"injury","2","clear",false,1,"GM0518"
"20230049160",2023,"Uitsluitend materiele schade",3,"Personenauto","Fiets","Onbekend","Kruispunt, 4 takken",50,"Niet brandend","Daglicht","Droog",\N,\N,"Nieuwkoopseweg","Nootdorp","Pijnacker-Nootdorp","Zuid-Holland",false,52.037695,4.425691,"material damage only","4","clear",false,1,"GM1926"
"20230053212",2023,"Letsel",2,"Bromfiets","Fiets","Flank","Rechte weg",50,"Niet brandend","Daglicht","Droog",\N,"180272102","Schiedamseweg","Rotterdam","Rotterdam","Zuid-Holland",false,51.91016,4.444199,"injury","2","clear",false,1,"GM0599"
"20230054946",2023,"Letsel",2,"Fiets","Fiets","Flank","Kruispunt, 3 takken",50,"Brandend","Duisternis","Droog",\N,\N,"Koningin Wilhelminalaan","Schalkhaar","Deventer","Overijssel",false,52.266647,6.181441,"injury","2","clear",false,1,"GM0150"
"20230056090",2023,"Uitsluitend materiele schade",2,"Personenauto","Fiets","Geparkeerd voertuig","Rechte weg",30,"Niet brandend","Daglicht","Droog",\N,"600776204","Leidseweg","Utrecht","Utrecht","Utrecht",false,52.089847,5.103596,"material damage only","4","clear",false,1,"GM0344"
"20230058035",2023,"Letsel",2,"Personenauto","Fiets","Flank","Rotonde",50,"Niet brandend","Daglicht","Droog",\N,\N,"Doctor van den Berglaan","Mijdrecht","De Ronde Venen","Utrecht",false,52.213837,4.861932,"injury","2","clear",false,1,"GM0736"
"20240129089",2024,"Uitsluitend materiele schade",2,"Personenauto","Fiets","Frontaal","Kruispunt, 4 takken",50,"Niet brandend","Daglicht","Droog",\N,\N,"Voorstraat","Lelystad","Lelystad","Flevoland",false,52.494108,5.491369,"material damage only","4","clear",false,1,"GM0995"
"20240129130",2024,"Uitsluitend materiele schade",2,"Personenauto","Fiets","Flank","Rechte weg",50,"Niet brandend","Daglicht","Droog",\N,"600371056","Neuweg","Hilversum","Hilversum","Noord-Holland",false,52.218813,5.172798,"material damage only","4","clear",false,1,"GM0402"
"20230046831",2023,"Letsel",2,"Personenauto","Fiets","Frontaal","Rechte weg",50,"Niet brandend","Daglicht","Droog","Tankstation","250405051","Wagenweg","Purmerend","Purmerend","Noord-Holland",false,52.509858,4.95279,"injury","2","clear",false,1,"GM0439"
"20230048653",2023,"Letsel",2,"Bromfiets","Fiets","Onbekend",\N,50,"Niet brandend","Daglicht","Droog",\N,\N,"Amsterdamse Veerkade","'s-Gravenhage","'s-Gravenhage","Zuid-Holland",false,52.075334,4.316599,"injury","2","clear",false,1,"GM0518"
"20230050303",2023,"Uitsluitend materiele schade",2,"Personenauto","Fiets","Flank","Kruispunt, 3 takken",50,"Niet brandend","Daglicht","Droog",\N,\N,"Zinkwerf","'s-Gravenhage","'s-Gravenhage","Zuid-Holland",false,52.043318,4.242799,"material damage only","4","clear",false,1,"GM0518"
"20230061675",2023,"Letsel",2,"Personenauto","Fiets","Flank","Kruispunt, 4 takken",50,"Niet brandend","Daglicht","Droog",\N,\N,"Kostverlorenweg","Leidschendam","Leidschendam-Voorburg","Zuid-Holland",false,52.076764,4.406239,"injury","2","clear",false,1,"GM1916"
"20230040445",2023,"Letsel",2,"Scootmobiel","Fiets","Onbekend","Rechte weg",15,"Niet brandend","Daglicht","Droog",\N,"217294057","Nieuwe Markt","Gouda","Gouda","Zuid-Holland",false,52.013256,4.711638,"injury","2","clear",false,1,"GM0513"
"20230054415",2023,"Uitsluitend materiele schade",1,"Fiets",\N,"Eenzijdig","Rotonde",50,"Niet brandend","Daglicht","Droog",\N,\N,"Hazendanslaan","Maastricht","Maastricht","Limburg",false,50.844164,5.653822,"material damage only","4","clear",false,1,"GM0935"
"20230058963",2023,"Letsel",2,"Personenauto","Fiets","Flank","Kruispunt, 4 takken",50,"Niet brandend","Daglicht","Droog",\N,\N,"Beukenlaan","Heerhugowaard","Dijk en Waard","Noord-Holland",false,52.663051,4.850284,"injury","2","clear",false,1,"GM1980"
"20230060671",2023,"Letsel",2,"Personenauto","Fiets","Frontaal","Rechte weg",60,"Niet brandend","Daglicht","Droog",\N,"239181001","Wildertstraat","Chaam","Alphen-Chaam","Noord-Brabant",false,51.505354,4.883871,"injury","2","clear",false,1,"GM1723"
"20240129967",2024,"Letsel",2,"Personenauto","Fiets","Frontaal","Kruispunt, 4 takken",50,"Niet brandend","Daglicht","Droog","Bus-/Tramhalte",\N,"Leuvenlaan","Utrecht","Utrecht","Utrecht",false,52.086198,5.168287,"injury","2","clear",false,1,"GM0344"
"20240127379",2024,"Letsel",2,"Personenauto","Fiets","Flank","Kruispunt, 3 takken",50,"Niet brandend","Daglicht","Droog",\N,\N,"Walstraat","Emmen","Emmen","Drenthe",false,52.792186,6.890513,"injury","2","clear",false,1,"GM0114"
"20240127633",2024,"Uitsluitend materiele schade",2,"Personenauto","Fiets","Flank","Kruispunt, 4 takken",30,"Niet brandend","Daglicht","Regen",\N,\N,"Europalaan","Renkum","Renkum","Gelderland",false,51.974722,5.727457,"material damage only","4","rain",false,1,"GM0274"
"20230038769",2023,"Letsel",2,"Bestelauto","Fiets","Flank","Kruispunt, 4 takken",50,"Niet brandend","Daglicht","Droog",\N,\N,"Nieuwe Gracht","Delft","Delft","Zuid-Holland",false,52.003528,4.356789,"injury","2","clear",false,1,"GM0503"
"20230049841",2023,"Letsel",2,"Fiets",\N,"Eenzijdig","Rechte weg",50,"Niet brandend","Daglicht","Droog",\N,"600692550","Gooimeerlaan","Leiden","Leiden","Zuid-Holland",false,52.172157,4.498265,"injury","2","clear",false,1,"GM0546"
"20230059374",2023,"Letsel",2,"Fiets","Fiets","Frontaal","Rechte weg",30,"Niet brandend","Daglicht","Droog",\N,\N,"Dr. Jan Mulderstraat","Zaandijk","Zaanstad","Noord-Holland",false,52.470331,4.802095,"injury","2","clear",false,1,"GM0479"
"20230061771",2023,"Letsel",2,"Bromfiets","Fiets","Frontaal","Rechte weg",80,"Brandend","Duisternis","Droog",\N,"600531248","Ir. G. Tjalmaweg","Oegstgeest","Oegstgeest","Zuid-Holland",false,52.168245,4.446469,"injury","2","clear",false,1,"GM0579"
"20240128182",2024,"Uitsluitend materiele schade",2,"Snorfiets","Fiets","Flank","Rechte weg",50,"Niet brandend","Daglicht","Droog",\N,"468561042","Hereweg","Groningen","Groningen","Groningen",false,53.209096,6.572209,"material damage only","4","clear",false,1,"GM0014"
"20230066022",2023,"Letsel",1,"Fiets",\N,"Eenzijdig","Bocht",60,"Niet brandend","Daglicht","Droog",\N,"168328006","De Wassenaarse Slag","Wassenaar","Wassenaar","Zuid-Holland",false,52.162033,4.355,"injury","2","clear",false,1,"GM0629"
"20230048753",2023,"Uitsluitend materiele schade",3,"Personenauto","e-bike","Onbekend","Kruispunt, 3 takken",30,"Niet brandend","Daglicht","Droog",\N,\N,"Ir. Dingemanspark","Nieuwkoop","Nieuwkoop","Zuid-Holland",false,52.132386,4.762345,"material damage only","4","clear",false,1,"GM0569"
"20230059395",2023,"Letsel",2,"Motor","Fiets","Flank","Bocht",50,"Niet brandend","Daglicht","Droog",\N,\N,"Bos en Lommerweg","Amsterdam","Amsterdam","Noord-Holland",false,52.381145,4.855288,"injury","2","clear",false,1,"GM0363"
"20230059812",2023,"Uitsluitend materiele schade",2,"Snorfiets","Fiets","Frontaal","Kruispunt, 4 takken",50,"Niet brandend","Daglicht","Droog",\N,\N,"Leidsezijstraat","Haarlem","Haarlem","Noord-Holland",false,52.37743,4.622929,"material damage only","4","clear",false,1,"GM0392"
"20240127771",2024,"Uitsluitend materiele schade",2,"Personenauto","Fiets","Flank","Rechte weg",\N,"Brandend","Duisternis","Droog",\N,"465536006","Vriezerweg","Donderen","Tynaarlo","Drenthe",false,53.096417,6.545502,"material damage only","4","clear",false,1,"GM1730"
"20240128000",2024,"Letsel",2,"Personenauto","Fiets","Onbekend","Rechte weg",30,"Niet brandend","Daglicht","Droog",\N,"491550022","Burg v Roijenstr Oost","Hoogezand","Midden-Groningen","Groningen",false,53.157461,6.746389,"injury","2","clear",false,1,"GM1952"
"20240128120",2024,"Uitsluitend materiele schade",2,"Personenauto","Fiets","Flank","Kruispunt, 4 takken",50,"Niet brandend","Daglicht","Droog",\N,\N,"Violenstraat","Sappemeer","Midden-Groningen","Groningen",false,53.164026,6.778889,"material damage only","4","clear",false,1,"GM1952"
"20230065894",2023,"Uitsluitend materiele schade",2,"Personenauto","Fiets","Kop/staart","Rechte weg",30,"Niet brandend","Daglicht","Droog",\N,"600127875","Voorstraat","Utrecht","Utrecht","Utrecht",false,52.094709,5.119952,"material damage only","4","clear",false,1,"GM0344"
"20230066575",2023,"Uitsluitend materiele schade",2,"Fiets","Fiets","Flank","Kruispunt, 3 takken",50,"Niet brandend","Daglicht","Droog",\N,\N,"Westfriesedijk","Warmenhuizen","Schagen","Noord-Holland",false,52.707631,4.719236,"material damage only","4","clear",false,1,"GM0441"
"20230047538",2023,"Uitsluitend materiele schade",2,"Personenauto","Fiets","Flank","Kruispunt, 4 takken",50,"Niet brandend","Daglicht","Droog",\N,\N,"Columbuslaan","Utrecht","Utrecht","Utrecht",false,52.069605,5.094166,"material damage only","4","clear",false,1,"GM0344"
"20230054550",2023,"Uitsluitend materiele schade",3,"Personenauto","Fiets","Onbekend",\N,30,"Niet brandend","Daglicht","Droog",\N,"321172025","Michelangelolaan","Eindhoven","Eindhoven","Noord-Brabant",false,51.464455,5.473006,"material damage only","4","clear",false,1,"GM0772"
"20230065482",2023,"Uitsluitend materiele schade",1,"Fiets",\N,"Flank","Rechte weg",30,"Niet brandend","Daglicht","Droog",\N,"435281021","Gezellenlaan","Doetinchem","Doetinchem","Gelderland",false,51.953417,6.302342,"material damage only","4","clear",false,1,"GM0222"
"20240128142",2024,"Uitsluitend materiele schade",2,"Fiets","Personenauto","Flank","Kruispunt, 3 takken",50,"Brandend","Schemer","Droog",\N,\N,"Schelmseweg","Arnhem","Arnhem","Gelderland",false,52.007442,5.905105,"material damage only","4","clear",false,1,"GM0202"
"20230065935",2023,"Letsel",2,"Personenauto","Fiets","Geparkeerd voertuig","Rechte weg",30,"Niet brandend","Daglicht","Droog",\N,"174323066","Van Oldenbarneveltweg","Wassenaar","Wassenaar","Zuid-Holland",false,52.14208,4.400287,"injury","2","clear",false,1,"GM0629"
"20230040566",2023,"Letsel",1,"Fiets",\N,"Eenzijdig",\N,15,\N,"Daglicht","Droog",\N,"210320078","Dr. Lovinklaan","Alphen aan den Rijn","Alphen aan den Rijn","Zuid-Holland",false,52.129444,4.658423,"injury","2","clear",false,1,"GM0484"
"20230044065",2023,"Letsel",2,"Personenauto","Fiets","Onbekend","Bocht",30,"Niet brandend","Daglicht","Droog",\N,"430375003","de Spinde","Raalte","Raalte","Overijssel",false,52.373257,6.276214,"injury","2","clear",false,1,"GM0177"
"20230047600",2023,"Uitsluitend materiele schade",2,"Scootmobiel","Fiets","Frontaal","Rechte weg",50,"Niet brandend","Daglicht","Droog",\N,"322403195","Ziekenhuisweg","Lelystad","Lelystad","Flevoland",false,52.505193,5.478433,"material damage only","4","clear",false,1,"GM0995"
"20230052261",2023,"Letsel",2,"Trein/tram","Fiets","Flank","Rechte weg",50,"Niet brandend","Daglicht","Droog",\N,"191264071","Catullusweg","Rotterdam","Rotterdam","Zuid-Holland",false,51.87759,4.524059,"injury","2","clear",false,1,"GM0599"
"20230053993",2023,"Uitsluitend materiele schade",2,"Bestelauto","Fiets","Flank","Kruispunt, 4 takken",50,"Niet brandend","Daglicht","Droog",\N,\N,"Donizettilaan","Eindhoven","Eindhoven","Noord-Brabant",false,51.426364,5.456852,"material damage only","4","clear",false,1,"GM0772"
"20230061304",2023,"Letsel",2,"Personenauto","Fiets","Flank","Rotonde",50,"Niet brandend","Daglicht","Droog",\N,\N,"De la Reyweg","'s-Gravenhage","'s-Gravenhage","Zuid-Holland",false,52.06704,4.286896,"injury","2","clear",false,1,"GM0518"
"20240128396",2024,"Letsel",2,"Bestelauto","Fiets","Flank","Kruispunt, 4 takken",80,"Niet brandend","Daglicht","Droog",\N,\N,"Middenweg","Collendoorn","Hardenberg","Overijssel",false,52.592643,6.573712,"injury","2","clear",false,1,"GM0160"
"20240129178",2024,"Uitsluitend materiele schade",2,"Fiets","Scootmobiel","Frontaal","Rechte weg",\N,"Niet brandend","Daglicht","Droog",\N,"600644962","Ziekenhuisweg","Lelystad","Lelystad","Flevoland",false,52.505214,5.475847,"material damage only","4","clear",false,1,"GM0995"
"20240130011",2024,"Uitsluitend materiele schade",2,"Motor","Fiets","Flank","Kruispunt, 3 takken",30,"Niet brandend","Daglicht","Droog",\N,\N,"Vechtstraat","Zwolle","Zwolle","Overijssel",false,52.51518,6.107885,"material damage only","4","clear",false,1,"GM0193"
"20240130904",2024,"Uitsluitend materiele schade",2,"Motor","Fiets","Flank","Kruispunt, 4 takken",30,"Niet brandend","Daglicht","Droog",\N,\N,"Van Woustraat","Amsterdam","Amsterdam","Noord-Holland",false,52.354276,4.9017,"material damage only","4","clear",false,1,"GM0363"
"20240131273",2024,"Letsel",2,"Personenauto","Fiets","Flank","Kruispunt, 4 takken",30,"Brandend","Duisternis","Droog",\N,\N,"Bennebroekerweg","Zwaanshoek","Haarlemmermeer","Noord-Holland",false,52.311843,4.614038,"injury","2","clear",false,1,"GM0394"
"20240131844",2024,"Uitsluitend materiele schade",1,"Fiets",\N,"Eenzijdig","Rechte weg",50,"Niet brandend","Daglicht","Regen",\N,"222500003","Zandkreekweg","Den Helder","Den Helder","Noord-Holland",false,52.938808,4.738933,"material damage only","4","rain",false,1,"GM0400"
"20230052947",2023,"Uitsluitend materiele schade",2,"Personenauto","Fiets","Onbekend","Rechte weg",50,\N,"Daglicht",\N,\N,"100181010","Albert Plesmanweg","Goes","Goes","Zeeland",false,51.494545,3.879244,"material damage only","4","unknown",false,1,"GM0664"
"20240132592",2024,"Letsel",2,"Fiets","Fiets","Onbekend","Rechte weg",30,"Niet aanwezig","Daglicht","Droog",\N,"600415726","Rijksstraatweg","Wassenaar","Wassenaar","Zuid-Holland",false,52.130415,4.395814,"injury","2","clear",false,1,"GM0629"
"20240132903",2024,"Letsel",2,"Fiets","Fiets","Kop/staart","Rechte weg",50,"Niet brandend","Daglicht","Droog",\N,"152307093","Laan van Meerdervoort","'s-Gravenhage","'s-Gravenhage","Zuid-Holland",false,52.065891,4.241826,"injury","2","clear",false,1,"GM0518"
"20240133412",2024,"Letsel",2,"Fiets","Fiets","Onbekend",\N,30,\N,"Daglicht",\N,\N,"148289052","De Hoge Bomen","Naaldwijk","Westland","Zuid-Holland",false,51.982207,4.21134,"injury","2","unknown",false,1,"GM1783"
"20230040166",2023,"Letsel",2,"Bromfiets","Fiets","Flank","Kruispunt, 4 takken",30,"Niet brandend","Daglicht","Droog","Brug/viaduct",\N,"Sloterkade","Amsterdam","Amsterdam","Noord-Holland",false,52.354791,4.853219,"injury","2","clear",false,1,"GM0363"
"20230044801",2023,"Letsel",2,"Personenauto","Fiets","Frontaal","Kruispunt, 4 takken",60,"Niet aanwezig","Daglicht","Droog",\N,\N,"Torendijk","Ambt Delden","Hof van Twente","Overijssel",false,52.248121,6.710914,"injury","2","clear",false,1,"GM1735"
"20220231364",2022,"Uitsluitend materiele schade",2,"Personenauto","Fiets","Flank","Rotonde",50,"Niet brandend","Daglicht","Droog",\N,\N,"Terhoevenderweg","Heerlen","Heerlen","Limburg",false,50.905753,5.948344,"material damage only","4","clear",false,1,"GM0917"
"20220214299",2022,"Uitsluitend materiele schade",2,"Personenauto","Fiets","Flank","Rotonde",50,"Niet brandend","Daglicht","Regen",\N,\N,"Lange Voort","Oegstgeest","Oegstgeest","Zuid-Holland",false,52.183533,4.485017,"material damage only","4","rain",false,1,"GM0579"
"20220219431",2022,"Letsel",1,"Fiets",\N,"Eenzijdig","Kruispunt, 4 takken",50,"Niet brandend","Daglicht","Droog",\N,\N,"Maashaven O.z.","Rotterdam","Rotterdam","Zuid-Holland",false,51.89756,4.495291,"injury","2","clear",false,1,"GM0599"
"20220202243",2022,"Uitsluitend materiele schade",2,"Personenauto","Fiets","Flank","Rotonde",30,"Brandend","Duisternis","Droog",\N,\N,"Touwlaan","IJsselstein","IJsselstein","Utrecht",false,52.020914,5.040844,"material damage only","4","clear",false,1,"GM0353"
"20220207381",2022,"Letsel",1,"Fiets",\N,"Eenzijdig","Rechte weg",50,"Niet aanwezig","Daglicht","Droog",\N,"205384047","Bergweg","Bloemendaal","Bloemendaal","Noord-Holland",false,52.415193,4.613759,"injury","2","clear",false,1,"GM0377"
"20220210914",2022,"Letsel",2,"Snorfiets","Fiets","Frontaal","Rotonde",\N,"Niet brandend","Daglicht","Droog",\N,\N,"Oostoever","Amsterdam","Amsterdam","Noord-Holland",false,52.370359,4.830691,"injury","2","clear",false,1,"GM0363"
"20220211581",2022,"Uitsluitend materiele schade",2,"Personenauto","e-bike","Flank","Kruispunt, 4 takken",50,"Niet brandend","Daglicht","Regen",\N,\N,"Comeniusstraat","Amsterdam","Amsterdam","Noord-Holland",false,52.359202,4.827372,"material damage only","4","rain",false,1,"GM0363"
"20220230611",2022,"Uitsluitend materiele schade",2,"Personenauto","Fiets","Frontaal","Kruispunt, 3 takken",50,"Niet brandend","Daglicht","Droog",\N,\N,"Spoorstraat","Tegelen","Venlo","Limburg",false,51.339921,6.134879,"material damage only","4","clear",false,1,"GM0983"
"20220198976",2022,"Uitsluitend materiele schade",2,"Personenauto","Fiets","Kop/staart","Kruispunt, 3 takken",30,"Niet brandend","Daglicht","Droog",\N,\N,"Dorpsstraat","Enter","Wierden","Overijssel",false,52.295473,6.577556,"material damage only","4","clear",false,1,"GM0189"
"20220053957",2022,"Dodelijk",2,"Vrachtauto","Fiets","Kop/staart","Rechte weg",30,"Niet brandend","Daglicht","Droog",\N,"219431037","Honkpad","Alkmaar","Alkmaar","Noord-Holland",false,52.62906,4.715369,"fatal","1","clear",false,1,"GM0361"
"20220213696",2022,"Letsel",2,"Personenauto","Fiets","Flank","Kruispunt, 4 takken",30,"Niet brandend","Daglicht","Droog",\N,\N,"Henriëtta van Meertenstr","Delft","Delft","Zuid-Holland",false,51.997831,4.340469,"injury","2","clear",false,1,"GM0503"
"20220216698",2022,"Letsel",2,"Fiets","Overig vast object","Vast voorwerp","Rechte weg",50,"Brandend","Duisternis","Droog",\N,"600934787","Zwartendijk","Monster","Westland","Zuid-Holland",false,52.020374,4.18664,"injury","2","clear",false,1,"GM1783"
"20220222406",2022,"Letsel",3,"Personenauto","Fiets","Flank","Kruispunt, 3 takken",50,"Niet brandend","Schemer","Regen",\N,\N,"Riga","Barendrecht","Barendrecht","Zuid-Holland",false,51.855292,4.51163,"injury","2","rain",false,1,"GM0489"
"20220199686",2022,"Letsel",1,"Fiets",\N,"Eenzijdig","Rechte weg",30,"Niet brandend","Daglicht","Droog",\N,"389357028","Jasmijnstraat","Vaassen","Epe","Gelderland",false,52.294021,5.972483,"injury","2","clear",false,1,"GM0232"
"20220203269",2022,"Uitsluitend materiele schade",2,"Fiets","Fiets","Onbekend","Rechte weg",30,"Niet brandend","Daglicht","Droog",\N,"600602800","De West","Dronten","Dronten","Flevoland",false,52.523831,5.715653,"material damage only","4","clear",false,1,"GM0303"
"20220223643",2022,"Letsel",3,"Personenauto","Fiets","Los voorwerp","Rechte weg",50,"Niet brandend","Daglicht","Droog",\N,"600194055","Burg de Geusstraat","Waalwijk","Waalwijk","Noord-Brabant",false,51.672407,5.03448,"injury","2","clear",false,1,"GM0867"
"20220228236",2022,"Uitsluitend materiele schade",2,"e-bike","Fiets","Frontaal","Rechte weg",30,"Niet brandend","Daglicht","Droog",\N,\N,"Ganzestraat","Hapert","Bladel","Noord-Brabant",false,51.366753,5.254584,"material damage only","4","clear",false,1,"GM1728"
"20220230729",2022,"Uitsluitend materiele schade",3,"Bestelauto","Fiets","Onbekend","Rotonde",50,"Niet brandend","Daglicht","Droog",\N,\N,"Euregioweg","Heerlen","Heerlen","Limburg",false,50.857652,6.000374,"material damage only","4","clear",false,1,"GM0917"
"20220199066",2022,"Letsel",2,"Personenauto","Fiets","Flank","Kruispunt, 3 takken",30,"Brandend","Schemer","Regen",\N,\N,"Rottumerooglaan","Enschede","Enschede","Overijssel",false,52.20267,6.890103,"injury","2","rain",false,1,"GM0153"
"20220199074",2022,"Letsel",2,"Vrachtauto","e-bike","Eenzijdig","Rechte weg",50,"Niet brandend","Daglicht","Droog",\N,\N,"Van Lochemstraat","Enschede","Enschede","Overijssel",false,52.222903,6.899383,"injury","2","clear",false,1,"GM0153"
"20220203310",2022,"Uitsluitend materiele schade",2,"Personenauto","Fiets","Frontaal","Rechte weg",30,"Brandend","Schemer","Droog",\N,"278370124","Polluxstraat","Almere","Almere","Flevoland",false,52.35303,5.158698,"material damage only","4","clear",false,1,"GM0034"
"20220209973",2022,"Uitsluitend materiele schade",2,"Personenauto","Fiets","Flank","Kruispunt, 3 takken",50,"Niet brandend","Daglicht","Regen",\N,\N,"Drs. F. Bijlweg","Den Helder","Den Helder","Noord-Holland",false,52.936254,4.75643,"material damage only","4","rain",false,1,"GM0400"
"20220214629",2022,"Letsel",3,"Fiets","Fiets","Onbekend","Rechte weg",50,"Niet brandend","Daglicht","Droog",\N,"139293010","Noordlandseweg","'s-Gravenzande","Westland","Zuid-Holland",false,51.998218,4.14189,"injury","2","clear",false,1,"GM1783"
"20220214643",2022,"Letsel",2,"Fiets","Personenauto","Flank","Rechte weg",30,"Niet brandend","Daglicht","Droog",\N,"186328046","Haarlemmerstraat","Leiden","Leiden","Zuid-Holland",false,52.161673,4.485716,"injury","2","clear",false,1,"GM0546"
"20220220385",2022,"Letsel",2,"Fiets","Overig vast object","Vast voorwerp","Rechte weg",50,"Niet brandend","Daglicht","Droog",\N,"600525363","Merwedestraat","Dordrecht","Dordrecht","Zuid-Holland",false,51.819331,4.692716,"injury","2","clear",false,1,"GM0505"
"20220221079",2022,"Letsel",2,"Personenauto","Fiets","Flank","Kruispunt, 3 takken",50,"Brandend","Duisternis","Droog",\N,\N,"Winston Churchilllaan","Spijkenisse","Nissewaard","Zuid-Holland",false,51.856759,4.315142,"injury","2","clear",false,1,"GM1930"
"20220206664",2022,"Letsel",1,"Fiets",\N,"Eenzijdig","Bocht",50,"Niet brandend","Daglicht","Droog",\N,"205380038","Kleverlaan","Bloemendaal","Bloemendaal","Noord-Holland",false,52.399267,4.618041,"injury","2","clear",false,1,"GM0377"
"20220225555",2022,"Uitsluitend materiele schade",2,"Personenauto","Fiets","Flank","Kruispunt, 3 takken",30,"Niet brandend","Daglicht","Droog",\N,\N,"Elzenstraat","Tilburg","Tilburg","Noord-Brabant",false,51.559216,5.074206,"material damage only","4","clear",false,1,"GM0855"
"20220203356",2022,"Letsel",2,"Personenauto","Fiets","Geparkeerd voertuig","Rechte weg",15,"Niet brandend","Daglicht","Droog",\N,"600375549","Afrikalaan","Utrecht","Utrecht","Utrecht",false,52.069427,5.093666,"injury","2","clear",false,1,"GM0344"
"20220214702",2022,"Letsel",1,"Fiets",\N,"Eenzijdig",\N,30,\N,"Duisternis",\N,\N,"600712876","Monsterseweg","'s-Gravenhage","'s-Gravenhage","Zuid-Holland",false,52.051925,4.222524,"injury","2","unknown",false,1,"GM0518"
"20220214706",2022,"Letsel",2,"Fiets","e-bike","Flank","Rechte weg",\N,"Niet brandend","Daglicht","Droog",\N,"600631345","Bezuidenhoutseweg","'s-Gravenhage","'s-Gravenhage","Zuid-Holland",false,52.100234,4.36125,"injury","2","clear",false,1,"GM0518"
"20220217539",2022,"Uitsluitend materiele schade",2,"Fiets","Fiets","Onbekend","Rechte weg",15,"Niet brandend","Daglicht","Droog",\N,"600744229","Eisenhowerlaan","Alphen aan den Rijn","Alphen aan den Rijn","Zuid-Holland",false,52.150763,4.659126,"material damage only","4","clear",false,1,"GM0484"
"20220229116",2022,"Uitsluitend materiele schade",2,"Personenauto","Fiets","Flank","Bocht",30,"Niet brandend","Daglicht","Droog",\N,"296223006","Copernicuslaan","'s-Hertogenbosch","'s-Hertogenbosch","Noord-Brabant",false,51.695756,5.289627,"material damage only","4","clear",false,1,"GM0796"
"20220230955",2022,"Uitsluitend materiele schade",2,"Personenauto","Fiets","Flank","Kruispunt, 3 takken",50,"Niet brandend","Daglicht","Droog",\N,\N,"Antoniuslaan","Venlo","Venlo","Limburg",false,51.369692,6.158223,"material damage only","4","clear",false,1,"GM0983"
"20220204898",2022,"Uitsluitend materiele schade",2,"Personenauto","e-bike","Flank","Kruispunt, 4 takken",30,"Niet brandend","Daglicht","Droog",\N,\N,"Bruinvispad","Almere","Almere","Flevoland",false,52.387253,5.231947,"material damage only","4","clear",false,1,"GM0034"
"20220124214",2022,"Dodelijk",2,"Personenauto","Fiets","Flank","Kruispunt, 4 takken",50,"Niet brandend","Daglicht","Droog",\N,\N,"Middenweg","Amsterdam","Amsterdam","Noord-Holland",false,52.349049,4.937958,"fatal","1","clear",false,1,"GM0363"
"20220216916",2022,"Letsel",1,"Fiets",\N,"Eenzijdig","Kruispunt, 4 takken",15,"Niet brandend","Daglicht","Droog",\N,\N,"Jacob Gerritstraat","Delft","Delft","Zuid-Holland",false,52.011367,4.359598,"injury","2","clear",false,1,"GM0503"
"20220216935",2022,"Letsel",1,"Fiets",\N,"Eenzijdig","Rechte weg",30,"Niet brandend","Daglicht","Droog",\N,"165295097","Van Foreestweg","Delft","Delft","Zuid-Holland",false,52.012242,4.334204,"injury","2","clear",false,1,"GM0503"
"20220206854",2022,"Letsel",2,"Personenauto","Fiets","Flank","Kruispunt, 4 takken",50,"Niet brandend","Daglicht","Droog",\N,\N,"C Maria Smoorenburg erf","Heerhugowaard","Dijk en Waard","Noord-Holland",false,52.643684,4.828536,"injury","2","clear",false,1,"GM1980"
"20220208560",2022,"Letsel",2,"Bestelauto","Fiets","Onbekend","Rechte weg",30,"Niet brandend","Daglicht","Droog",\N,"236404001","Weiver","Jisp","Wormerland","Noord-Holland",false,52.505857,4.847643,"injury","2","clear",false,1,"GM0880"
"20220212943",2022,"Letsel",2,"Personenauto","Fiets","Flank","Kruispunt, 3 takken",50,"Niet brandend","Daglicht","Droog",\N,\N,"Laan van Oversteen","Rijswijk","Rijswijk","Zuid-Holland",false,52.050462,4.347715,"injury","2","clear",false,1,\N
"20220217639",2022,"Uitsluitend materiele schade",2,"Personenauto","e-bike","Flank","Kruispunt, 4 takken",50,"Niet brandend","Daglicht","Droog",\N,\N,"Groeneweg","Zoetermeer","Zoetermeer","Zuid-Holland",false,52.045032,4.491605,"material damage only","4","clear",false,1,"GM0637"
"20220202701",2022,"Uitsluitend materiele schade",3,"Personenauto","Fiets","Los voorwerp","Kruispunt, 4 takken",50,"Niet brandend","Daglicht","Droog",\N,\N,"Rondweg-Noord","Amersfoort","Amersfoort","Utrecht",false,52.194663,5.397142,"material damage only","4","clear",false,1,"GM0307"
"20220208625",2022,"Letsel",4,"e-bike","e-bike","Onbekend","Rechte weg",\N,"Niet brandend","Daglicht","Droog",\N,\N,"Oscar Mendliklaan","Aerdenhout","Bloemendaal","Noord-Holland",false,52.361336,4.593564,"injury","2","clear",false,1,"GM0377"