"accident_id","year","severity_raw","party_count","party1_type","party2_type","accident_type","road_situation","speed_limit_kmh","road_lighting","light_condition_label","weather_raw","infra_type","road_segment_id","street_name","place_name","gemeente_name_raw","province","alcohol_indicated","latitude","longitude","severity_label","severity_code","weather_label","built_up_area","cyclists_involved","gemeente_code"
"20230109044",2023,"Letsel",2,"Personenauto","Fiets","Flank","Kruispunt, 3 takken",50,"Niet brandend","Daglicht","Droog",\N,\N,"Van Vollenhovenlaan","Utrecht","Utrecht","Utrecht",false,52.079386,5.093718,"injury","2","clear",false,1,"GM0344"
"20230112039",2023,"Uitsluitend materiele schade",2,"Personenauto","Fiets","Geparkeerd voertuig","Rechte weg",50,"Brandend","Duisternis","Droog",\N,"203372057","Zandvoortselaan","Heemstede","Heemstede","Noord-Holland",false,52.359594,4.608368,"material damage only","4","clear",false,1,"GM0397"
"20240007030",2024,"Letsel",2,"Personenauto","Fiets","Flank","Rechte weg",50,"Brandend","Duisternis","Regen",\N,\N,"Kennedylaan","Nieuwkoop","Nieuwkoop","Zuid-Holland",false,52.147638,4.773282,"injury","2","rain",false,1,"GM0569"
"20240153352",2024,"Letsel",1,"Fiets",\N,"Onbekend","Rechte weg",50,"Brandend","Duisternis","Droog",\N,"232390013","Westzijde","Zaandam","Zaanstad","Noord-Holland",false,52.445384,4.819063,"injury","2","clear",false,1,"GM0479"
"20240012282",2024,"Uitsluitend materiele schade",2,"Personenauto","Fiets","Flank","Rechte weg",30,"Niet brandend","Daglicht","Droog",\N,"600916299","Parnassusweg","Amsterdam","Amsterdam","Noord-Holland",false,52.339328,4.868701,"material damage only","4","clear",false,1,"GM0363"
"20230108538",2023,"Uitsluitend materiele schade",2,"Bestelauto","Fiets","Flank","Kruispunt, 3 takken",50,"Brandend","Duisternis",\N,\N,\N,"Schroefstraat","Lelystad","Lelystad","Flevoland",false,52.524592,5.496083,"material damage only","4","unknown",false,1,"GM0995"
"20230109738",2023,"Letsel",2,"Fiets","Dier","Dier","Rechte weg",30,"Niet aanwezig","Daglicht","Droog",\N,"333174120","Lange Akker","Nuenen","Nuenen, Gerwen en Nederwetten","Noord-Brabant",false,51.473894,5.553484,"injury","2","clear",false,1,"GM0820"
"20230112680",2023,"Letsel",3,"Fiets","Personenauto","Frontaal","Kruispunt, 3 takken",30,"Niet brandend","Daglicht","Droog",\N,\N,"Dijkweg","Naaldwijk","Westland","Zuid-Holland",false,51.995371,4.208386,"injury","2","clear",false,1,"GM1783"
"20240015354",2024,"Letsel",2,"Fiets","Bromfiets","Flank","Kruispunt, 3 takken",30,"Niet brandend","Daglicht","Droog",\N,\N,"Middeldijk","Barendrecht","Barendrecht","Zuid-Holland",false,51.848247,4.517418,"injury","2","clear",false,1,"GM0489"
"20240015376",2024,"Letsel",1,"Fiets",\N,"Onbekend","Kruispunt, 3 takken",50,"Niet brandend","Daglicht","Droog",\N,\N,"Lijnbaan","'s-Gravenhage","'s-Gravenhage","Zuid-Holland",false,52.072516,4.299934,"injury","2","clear",false,1,"GM0518"
"20240016888",2024,"Uitsluitend materiele schade",2,"Personenauto","Fiets","Onbekend","Rechte weg",50,"Niet brandend","Daglicht","Droog",\N,"600878650","Stationsstraat","Winterswijk","Winterswijk","Gelderland",false,51.96893,6.714748,"material damage only","4","clear",false,1,"GM0294"
"20240019205",2024,"Uitsluitend materiele schade",2,"Fiets","Fiets","Frontaal","Rechte weg",30,"Brandend","Duisternis","Droog",\N,"218440141","Bergerweg","Bergen (NH)","Bergen (NH)","Noord-Holland",false,52.666107,4.712728,"material damage only","4","clear",false,1,\N
"20240152794",2024,"Letsel",2,"Fiets","Voetganger","Flank","Rechte weg",30,"Niet brandend","Daglicht","Regen",\N,"600363284","Weesperzijde","Amsterdam","Amsterdam","Noord-Holland",false,52.358443,4.906196,"injury","2","rain",false,1,"GM0363"
"20230108577",2023,"Uitsluitend materiele schade",2,"Personenauto","Fiets","Flank","Kruispunt, 4 takken",30,"Brandend","Duisternis","Droog",\N,\N,"J.S. Bachweg","Almere","Almere","Flevoland",false,52.368992,5.200601,"material damage only","4","clear",false,1,"GM0034"
"20240019401",2024,"Letsel",2,"Personenauto","Fiets","Flank","Rechte weg",50,"Niet brandend","Daglicht","Droog",\N,"600967991","Nijkerkerweg","Barneveld","Barneveld","Gelderland",false,52.151215,5.568673,"injury","2","clear",false,1,"GM0203"
"20240021475",2024,"Dodelijk",2,"Personenauto","Fiets","Flank","Kruispunt, 3 takken",50,"Niet brandend","Daglicht","Droog",\N,\N,"Groenvelderweg","Sint Maarten","Schagen","Noord-Holland",false,52.765844,4.778766,"fatal","1","clear",false,1,"GM0441"
"20240152175",2024,"Letsel",2,"Fiets","Personenauto","Onbekend","Kruispunt, 4 takken",50,"Brandend","Duisternis","Regen",\N,\N,"Hoefkade","'s-Gravenhage","'s-Gravenhage","Zuid-Holland",false,52.0601,4.29402,"injury","2","rain",false,1,"GM0518"
"20240019465",2024,"Uitsluitend materiele schade",2,"Personenauto","Fiets","Flank","Kruispunt, 3 takken",50,"Brandend","Duisternis","Regen",\N,\N,"Schouwinkstraat","Enschede","Enschede","Overijssel",false,52.231676,6.90372,"material damage only","4","rain",false,1,"GM0153"
"20240025053",2024,"Uitsluitend materiele schade",2,"Personenauto","Fiets","Flank","Bocht",30,"Niet brandend","Daglicht","Droog",\N,\N,"Castorstraat","Roermond","Roermond","Limburg",false,51.190656,6.014882,"material damage only","4","clear",false,1,"GM0957"
"20240154143",2024,"Letsel",2,"Fiets","Personenauto","Flank","Kruispunt, 4 takken",50,"Niet brandend","Daglicht","Droog",\N,\N,"Singel","Dordrecht","Dordrecht","Zuid-Holland",false,51.809766,4.662743,"injury","2","clear",false,1,"GM0505"
"20230109863",2023,"Uitsluitend materiele schade",2,"Personenauto","Fiets","Geparkeerd voertuig","Rechte weg",30,"Brandend","Duisternis","Regen",\N,"348177048","Jan Stevensstraat","Helmond","Helmond","Noord-Brabant",false,51.486232,5.667886,"material damage only","4","rain",false,1,"GM0794"
"20230112212",2023,"Letsel",2,"Fiets","Voetganger","Voetganger","Rechte weg",50,"Niet brandend","Daglicht","Droog",\N,"182320018","Rembrandtlaan","Voorschoten","Voorschoten","Zuid-Holland",false,52.125233,4.45827,"injury","2","clear",false,1,"GM0626"
"20240027569",2024,"Uitsluitend materiele schade",2,"Personenauto","Fiets","Flank","Kruispunt, 4 takken",30,"Niet brandend","Daglicht","Droog",\N,\N,"Topaasstraat","Groningen","Groningen","Groningen",false,53.230669,6.523358,"material damage only","4","clear",false,1,"GM0014"
"20230028286",2023,"Letsel",2,"Personenauto","Fiets","Flank","Kruispunt, 4 takken",50,"Niet brandend","Daglicht","Droog","Spoorwegovergang",\N,"ZAAGMOLENBRUG","Rotterdam","Rotterdam","Zuid-Holland",false,51.933338,4.488607,"injury","2","clear",false,1,"GM0599"
"20230032311",2023,"Uitsluitend materiele schade",2,"Personenauto","Fiets","Frontaal","Kruispunt, 4 takken",50,"Niet brandend","Daglicht","Droog",\N,\N,"Dr. Nolenslaan","Geleen","Sittard-Geleen","Limburg",false,50.971626,5.829065,"material damage only","4","clear",false,1,"GM1883"
"20230033055",2023,"Uitsluitend materiele schade",2,"Personenauto","e-bike","Flank","Kruispunt, 3 takken",50,"Niet brandend","Daglicht","Droog",\N,\N,"Schoutlaan","Weert","Weert","Limburg",false,51.259408,5.700209,"material damage only","4","clear",false,1,"GM0988"
"20230033602",2023,"Uitsluitend materiele schade",1,"Fiets",\N,"Eenzijdig","Rechte weg",15,"Niet aanwezig","Daglicht","Droog",\N,"600806048","Huisvenseweg","Heeze","Heeze-Leende","Noord-Brabant",false,51.386996,5.528822,"material damage only","4","clear",false,1,"GM1658"
"20230036121",2023,"Letsel",2,"Personenauto","Fiets","Frontaal","Kruispunt, 3 takken",80,"Brandend","Duisternis","Droog",\N,\N,"Wiekenseweg","Gendringen","Oude IJsselstreek","Gelderland",true,51.871353,6.368498,"injury","2","clear",false,1,"GM1509"
"20230019721",2023,"Uitsluitend materiele schade",2,"Personenauto","Fiets","Frontaal","Kruispunt, 4 takken",50,"Niet brandend","Daglicht","Droog",\N,\N,"Brederodelaan","Deventer","Deventer","Overijssel",false,52.271499,6.132746,"material damage only","4","clear",false,1,"GM0150"
"20230021424",2023,"Letsel",2,"Fiets","Fiets","Onbekend","Rechte weg",30,"Niet brandend","Daglicht","Droog",\N,"167292059","Juniusstraat","Delft","Delft","Zuid-Holland",false,51.998425,4.346238,"injury","2","clear",false,1,"GM0503"
"20240029943",2024,"Letsel",2,"Personenauto","Fiets","Flank","Rechte weg",50,"Niet brandend","Daglicht","Droog",\N,"601085153","Kerkweg-Oost","Waddinxveen","Waddinxveen","Zuid-Holland",false,52.044013,4.658804,"injury","2","clear",false,1,"GM0627"
"20240030392",2024,"Uitsluitend materiele schade",2,"Fiets","Personenauto","Onbekend","Rechte weg",30,"Niet brandend","Daglicht","Droog",\N,"245372068","Sarphatistraat","Amsterdam","Amsterdam","Noord-Holland",false,52.362945,4.916877,"material damage only","4","clear",false,1,"GM0363"
"20230067148",2023,"Uitsluitend materiele schade",2,"Fiets","Fiets","Flank","Rechte weg",50,"Niet brandend","Daglicht","Droog",\N,"210370131","Briandlaan","Haarlem","Haarlem","Noord-Holland",false,52.355974,4.657246,"material damage only","4","clear",false,1,"GM0392"
"20230069633",2023,"Letsel",1,"Fiets",\N,"Eenzijdig","Rechte weg",\N,"Niet brandend","Daglicht","Droog",\N,"169302069","Ypenburgse Boslaan","'s-Gravenhage","'s-Gravenhage","Zuid-Holland",false,52.042806,4.36408,"injury","2","clear",false,1,"GM0518"
"20230072775",2023,"Uitsluitend materiele schade",2,"Personenauto","Fiets","Flank","Rotonde",50,"Niet brandend","Daglicht","Droog",\N,\N,"Hammerweg","Vroomshoop","Twenterand","Overijssel",false,52.461499,6.566346,"material damage only","4","clear",false,1,"GM1700"
"20230021469",2023,"Uitsluitend materiele schade",2,"Fiets","Fiets","Onbekend","Kruispunt, 4 takken",30,"Niet brandend","Schemer","Droog",\N,\N,"Weidevogellaan","'s-Gravenhage","'s-Gravenhage","Zuid-Holland",false,52.050088,4.381087,"material damage only","4","clear",false,1,"GM0518"
"20230022581",2023,"Letsel",2,"Motor","Fiets","Frontaal","Kruispunt, 3 takken",60,"Niet brandend","Daglicht","Droog",\N,\N,"Broekweg","Zoeterwoude","Zoeterwoude","Zuid-Holland",false,52.104807,4.536246,"injury","2","clear",false,1,"GM0638"
"20230024339",2023,"Uitsluitend materiele schade",2,"Bromfiets","Fiets","Flank","Rechte weg",\N,"Niet brandend","Daglicht","Droog",\N,"234374051","Johan Broedeletstraat","Amsterdam","Amsterdam","Noord-Holland",false,52.37322,4.834788,"material damage only","4","clear",false,1,"GM0363"
"20230036720",2023,"Uitsluitend materiele schade",3,"Personenauto","Fiets","Los voorwerp","Kruispunt, 4 takken",50,"Niet brandend","Daglicht","Droog",\N,\N,"Hagedoornweg","Amsterdam","Amsterdam","Noord-Holland",false,52.390251,4.912057,"material damage only","4","clear",false,1,"GM0363"
"20230067839",2023,"Uitsluitend materiele schade",1,"Fiets",\N,"Voetganger","Rechte weg",30,"Brandend","Schemer","Droog",\N,"600363236","Oudezijds Achterburgwal","Amsterdam","Amsterdam","Noord-Holland",false,52.374131,4.899621,"material damage only","4","clear",false,1,"GM0363"
"20230074414",2023,"Letsel",1,"Fiets",\N,"Eenzijdig","Rechte weg",30,"Brandend","Schemer","Droog",\N,"600359906","Parklaan","Groningen","Groningen","Groningen",false,53.211866,6.573856,"injury","2","clear",false,1,"GM0014"
"20230015780",2023,"Uitsluitend materiele schade",2,"Personenauto","e-bike","Flank","Kruispunt, 3 takken",30,"Niet brandend","Daglicht","Droog",\N,\N,"Beltmolen","Vianen","Vijfheerenlanden","Utrecht",false,51.984914,5.077561,"material damage only","4","clear",false,1,"GM1961"
"20230019787",2023,"Uitsluitend materiele schade",2,"Bromfiets","Fiets","Kop/staart","Rechte weg",\N,"Niet brandend","Daglicht","Droog","Tunnel","265312046","Kamilleweg","Utrecht","Utrecht","Utrecht",false,52.092181,5.066068,"material damage only","4","clear",false,1,"GM0344"
"20230030126",2023,"Uitsluitend materiele schade",2,"Personenauto","Fiets","Onbekend","Kruispunt, 4 takken",50,"Niet aanwezig","Duisternis","Droog",\N,\N,"Karel Doormanlaan","Zwijndrecht","Zwijndrecht","Zuid-Holland",false,51.813718,4.642492,"material damage only","4","clear",false,1,"GM0642"
"20230034389",2023,"Letsel",2,"e-bike","Voetganger","Voetganger","Rechte weg",50,"Niet brandend","Daglicht","Droog",\N,"600841008","Larensteinselaan","Velp","Rheden","Gelderland",false,51.988753,5.961361,"injury","2","clear",false,1,"GM0275"
"20240030160",2024,"Uitsluitend materiele schade",2,"Personenauto","Fiets","Flank","Rechte weg",30,"Niet brandend","Daglicht","Droog",\N,"600723208","De Poort","Nootdorp","Pijnacker-Nootdorp","Zuid-Holland",false,52.049079,4.410818,"material damage only","4","clear",false,1,"GM1926"
"20230069718",2023,"Letsel",2,"Personenauto","Fiets","Onbekend","Kruispunt, 3 takken",100,"Niet brandend","Daglicht","Droog",\N,\N,"Oostheullaan","Honselersdijk","Westland","Zuid-Holland",false,52.001928,4.235939,"injury","2","clear",false,1,"GM1783"
"20230023188",2023,"Letsel",3,"Personenauto","Fiets","Onbekend","Rechte weg",50,"Niet brandend","Daglicht","Droog",\N,"238374086","Willem de Zwijgerlaan","Amsterdam","Amsterdam","Noord-Holland",false,52.371303,4.863404,"injury","2","clear",false,1,"GM0363"
"20230023821",2023,"Letsel",1,"Fiets",\N,"Eenzijdig","Bocht",15,"Brandend","Daglicht","Droog",\N,"600766140","Kerkepad","Hoogwoud","Opmeer","Noord-Holland",false,52.71151,4.938922,"injury","2","clear",false,1,"GM0432"
"20230024408",2023,"Letsel",2,"Personenauto","Fiets","Flank","Kruispunt, 3 takken",50,"Niet brandend","Daglicht","Droog",\N,\N,"Linnaeusstraat","Amsterdam","Amsterdam","Noord-Holland",false,52.363028,4.923187,"injury","2","clear",false,1,"GM0363"
"20240028441",2024,"Letsel",2,"Personenauto","Fiets","Flank","Rotonde",50,"Niet brandend","Daglicht","Regen",\N,\N,"Stationsweg","Maarssen","Stichtse Vecht","Utrecht",false,52.137425,5.038252,"injury","2","rain",false,1,"GM1904"
"20230032811",2023,"Uitsluitend materiele schade",2,"Fiets","Fiets","Kop/staart","Kruispunt, 3 takken",30,"Niet brandend","Daglicht","Droog",\N,\N,"Korenstraat","Nistelrode","Bernheze","Noord-Brabant",false,51.70664,5.564445,"material damage only","4","clear",false,1,"GM1721"
"20230077003",2023,"Letsel",2,"Fiets","Overig vast object","Vast voorwerp","Rechte weg",30,"Niet brandend","Daglicht","Droog",\N,"187303017","Eerste Stationsstraat","Zoetermeer","Zoetermeer","Zuid-Holland",false,52.051458,4.496317,"injury","2","clear",false,1,"GM0637"
"20230017520",2023,"Letsel",3,"Bestelauto","Fiets","Eenzijdig","Rechte weg",60,"Brandend","Duisternis","Droog",\N,"281444007","Oosterwijzend","Hoogkarspel","Drechterland","Noord-Holland",false,52.690081,5.183252,"injury","2","clear",false,1,"GM0498"
"20230018688",2023,"Letsel",2,"Personenauto","Fiets","Frontaal","Kruispunt, 4 takken",50,"Niet brandend","Daglicht","Regen",\N,\N,"Kardinaal de Jongweg","Utrecht","Utrecht","Utrecht",false,52.105829,5.120304,"injury","2","rain",false,1,"GM0344"
"20240029688",2024,"Letsel",2,"Personenauto","Fiets","Flank","Kruispunt, 4 takken",50,"Brandend","Duisternis","Droog",\N,\N,"Waldeck Pyrmontkade","'s-Gravenhage","'s-Gravenhage","Zuid-Holland",false,52.078548,4.292327,"injury","2","clear",false,1,"GM0518"
"20230035291",2023,"Letsel",2,"Bestelauto","Fiets","Flank","Kruispunt, 3 takken",30,"Niet brandend","Daglicht","Droog",\N,\N,"Pottenbakkersstraat","Veendam","Veendam","Groningen",false,53.112122,6.869298,"injury","2","clear",false,1,"GM0047"
"20230035324",2023,"Uitsluitend materiele schade",2,"Personenauto","Fiets","Flank","Rechte weg",30,"Niet brandend","Daglicht","Droog",\N,"384333012","Ugchelsegrensweg","Ugchelen","Apeldoorn","Gelderland",false,52.187447,5.936645,"material damage only","4","clear",false,1,"GM0200"
"20230077526",2023,"Uitsluitend materiele schade",2,"Bromfiets","Fiets","Flank","Kruispunt, 4 takken",50,"Niet brandend","Daglicht","Droog",\N,\N,"Plantsoen","Leiden","Leiden","Zuid-Holland",false,52.153839,4.497959,"material damage only","4","clear",false,1,"GM0546"
"20230077682",2023,"Letsel",1,"Fiets",\N,"Eenzijdig","Rechte weg",60,"Niet brandend","Daglicht","Droog",\N,"217279006","Oosteinde","Berkenwoude","Krimpenerwaard","Zuid-Holland",false,51.946401,4.714802,"injury","2","clear",false,1,"GM1931"
"20230022705",2023,"Letsel",1,"Fiets",\N,"Eenzijdig","Rechte weg",30,"Niet brandend","Daglicht","Droog",\N,"600415388","Rijskade","Pijnacker","Pijnacker-Nootdorp","Zuid-Holland",false,52.023256,4.415599,"injury","2","clear",false,1,"GM1926"
"20230030226",2023,"Uitsluitend materiele schade",2,"Snorfiets","Fiets","Onbekend","Kruispunt, 3 takken",50,"Niet brandend","Daglicht","Droog",\N,\N,"Gruttostraat","'s-Hertogenbosch","'s-Hertogenbosch","Noord-Brabant",false,51.70138,5.304079,"material damage only","4","clear",false,1,"GM0796"
"20230031923",2023,"Uitsluitend materiele schade",2,"Personenauto","Fiets","Flank","Kruispunt, 3 takken",30,"Brandend","Duisternis","Droog",\N,\N,"Leeuwerikstraat","Geleen","Sittard-Geleen","Limburg",false,50.965783,5.826017,"material damage only","4","clear",false,1,"GM1883"
"20230069374",2023,"Letsel",1,"Fiets",\N,"Eenzijdig","Rechte weg",50,"Niet brandend","Daglicht","Droog",\N,"600952577","Heereweg","Lisse","Lisse","Zuid-Holland",false,52.271551,4.564552,"injury","2","clear",false,1,"GM0553"
"20240031257",2024,"Letsel",2,"Fiets","Fiets","Onbekend","Rechte weg",30,"Niet brandend","Daglicht","Droog",\N,"601012943","Westerblokker","Blokker","Hoorn","Noord-Holland",false,52.66056,5.087218,"injury","2","clear",false,1,"GM0405"
"20230078726",2023,"Letsel",2,"Fiets","Los voorwerp","Los voorwerp","Rechte weg",30,"Niet brandend","Daglicht",\N,\N,"164316043","Cees Laseurlaan","'s-Gravenhage","'s-Gravenhage","Zuid-Holland",false,52.105334,4.329056,"injury","2","unknown",false,1,"GM0518"
"20230015325",2023,"Uitsluitend materiele schade",2,"Personenauto","Fiets","Flank","Rechte weg",50,"Niet brandend","Daglicht","Droog",\N,\N,"Utrechtseweg","Zeist","Zeist","Utrecht",false,52.083768,5.236778,"material damage only","4","clear",false,1,"GM0355"
"20230021063",2023,"Uitsluitend materiele schade",1,"Fiets",\N,"Flank","Rechte weg",30,"Brandend","Duisternis","Regen",\N,"163301154","Generaal Eisenhowerplein","Rijswijk","Rijswijk","Zuid-Holland",false,52.03779,4.321959,"material damage only","4","rain",false,1,\N
"20240030285",2024,"Letsel",2,"Snorfiets","Fiets","Flank","Rechte weg",50,"Niet brandend","Daglicht","Droog",\N,\N,"Strijplaan","Rijswijk","Rijswijk","Zuid-Holland",false,52.029864,4.299599,"injury","2","clear",false,1,\N
"20230029737",2023,"Letsel",2,"Bromfiets","Fiets","Flank","Rechte weg",30,"Niet brandend","Daglicht","Droog",\N,"187327078","Hooigracht","Leiden","Leiden","Zuid-Holland",false,52.156722,4.495116,"injury","2","clear",false,1,"GM0546"
"20240029848",2024,"Letsel",2,"Personenauto","Fiets","Flank","Kruispunt, 3 takken",30,"Niet brandend","Daglicht","Regen",\N,\N,"Baron de Coubertinlaan","Zoetermeer","Zoetermeer","Zuid-Holland",false,52.045138,4.479053,"injury","2","rain",false,1,"GM0637"
"20230069897",2023,"Letsel",2,"Motor","Fiets","Kop/staart","Kruispunt, 3 takken",30,"Niet brandend","Daglicht","Droog",\N,\N,"Haringvliet","Rotterdam","Rotterdam","Zuid-Holland",false,51.919813,4.495531,"injury","2","clear",false,1,"GM0599"
"20240031515",2024,"Letsel",2,"Fiets","Personenauto","Flank","Kruispunt, 4 takken",30,"Niet brandend","Daglicht","Droog",\N,\N,"WILHELMINABRUG","Breda","Breda","Noord-Brabant",true,51.581005,4.777325,"injury","2","clear",false,1,"GM0758"
"20230074071",2023,"Uitsluitend materiele schade",2,"Personenauto","Fiets","Flank","Rotonde",50,"Niet brandend","Daglicht","Droog",\N,\N,"Mr. Franckenstraat","Nijmegen","Nijmegen","Gelderland",false,51.84289,5.873798,"material damage only","4","clear",false,1,"GM0268"
"20240025523",2024,"Uitsluitend materiele schade",2,"Bestelauto","Fiets","Flank","Kruispunt, 4 takken",30,"Niet brandend","Daglicht","Droog",\N,\N,"Boulevard 1945","Enschede","Enschede","Overijssel",false,52.217536,6.896385,"material damage only","4","clear",false,1,"GM0153"
"20230014822",2023,"Letsel",2,"Personenauto","Fiets","Frontaal","Kruispunt, 4 takken",70,"Niet brandend","Daglicht","Droog",\N,\N,"Europaweg-Zuid","Assen","Assen","Drenthe",false,52.988138,6.534636,"injury","2","clear",false,1,"GM0106"
"20230023374",2023,"Uitsluitend materiele schade",2,"Personenauto","Fiets","Frontaal","Rechte weg",30,"Brandend","Duisternis","Droog",\N,"600412028","Lutherse Burgwal","'s-Gravenhage","'s-Gravenhage","Zuid-Holland",false,52.075198,4.309756,"material damage only","4","clear",false,1,"GM0518"
"20230032042",2023,"Uitsluitend materiele schade",2,"Personenauto","Fiets","Flank","Kruispunt, 3 takken",50,"Niet brandend","Daglicht","Droog",\N,\N,"Sittarderweg","Heerlen","Heerlen","Limburg",false,50.895631,5.971724,"material damage only","4","clear",false,1,"GM0917"
"20240030144",2024,"Letsel",2,"e-bike","Personenauto","Flank","Rotonde",50,"Niet brandend","Daglicht","Droog",\N,\N,"Verspycklaan","Naaldwijk","Westland","Zuid-Holland",false,51.996696,4.207631,"injury","2","clear",false,1,"GM1783"
"20230074479",2023,"Uitsluitend materiele schade",2,"Personenauto","Fiets","Onbekend","Rechte weg",30,"Brandend","Duisternis","Droog",\N,"413554022","De Kolk","Surhuisterveen","Achtkarspelen","Friesland",false,53.181794,6.16405,"material damage only","4","clear",false,1,"GM0059"
"20230079098",2023,"Letsel",2,"Trekker met oplegger","Fiets","Onbekend","Kruispunt, 4 takken",50,"Niet brandend","Daglicht","Droog",\N,\N,"Europaweg","Leiden","Leiden","Zuid-Holland",false,52.139451,4.48843,"injury","2","clear",false,1,"GM0546"
"20230079230",2023,"Uitsluitend materiele schade",2,"Personenauto","Fiets","Flank","Kruispunt, 4 takken",30,\N,"Daglicht","Droog",\N,\N,"Brouwersdam binnenzijde","Scharendijke","Schouwen-Duiveland","Zeeland",false,51.735425,3.827921,"material damage only","4","clear",false,1,"GM1676"
"20230013126",2023,"Uitsluitend materiele schade",1,"Fiets",\N,"Onbekend","Kruispunt, 4 takken",30,"Niet aanwezig","Daglicht","Droog",\N,\N,"Prinses Beatrixlaan","Apeldoorn","Apeldoorn","Gelderland",false,52.2106,5.948834,"material damage only","4","clear",false,1,"GM0200"
"20230028626",2023,"Letsel",2,"Personenauto","Fiets","Flank","Rotonde",50,"Niet brandend","Daglicht","Regen",\N,\N,"Langenhorst","Rotterdam","Rotterdam","Zuid-Holland",false,51.873618,4.494485,"injury","2","rain",false,1,"GM0599"
"20230028642",2023,"Letsel",2,"Bromfiets","Fiets","Flank","Rechte weg",50,"Brandend","Schemer","Droog",\N,"186275069","Jonker Fransstraat","Rotterdam","Rotterdam","Zuid-Holland",false,51.925893,4.486597,"injury","2","clear",false,1,"GM0599"
"20240030303",2024,"Letsel",1,"Fiets",\N,"Onbekend","Rechte weg",50,"Brandend","Duisternis","Regen",\N,"158309071","Beeklaan","'s-Gravenhage","'s-Gravenhage","Zuid-Holland",false,52.074546,4.280814,"injury","2","rain",false,1,"GM0518"
"20240030749",2024,"Letsel",2,"Snorfiets","Fiets","Flank","Rechte weg",\N,"Niet brandend","Daglicht","Droog",\N,"235356040","Handweg","Amstelveen","Amstelveen","Noord-Holland",false,52.292976,4.843858,"injury","2","clear",false,1,"GM0362"
"20240030752",2024,"Uitsluitend materiele schade",2,"Personenauto","Fiets","Kop/staart","Rechte weg",30,"Niet brandend","Daglicht","Droog",\N,"208379034","Paul Krugerkade","Haarlem","Haarlem","Noord-Holland",false,52.392227,4.644893,"material damage only","4","clear",false,1,"GM0392"
"20230070178",2023,"Uitsluitend materiele schade",2,"Fiets","Fiets","Kop/staart","Rechte weg",30,"Niet brandend","Daglicht","Droog","Tunnel","267198137","Von Weberpad","Tilburg","Tilburg","Noord-Brabant",false,51.58101,5.083589,"material damage only","4","clear",false,1,"GM0855"
"20230071291",2023,"Uitsluitend materiele schade",2,"Personenauto","Fiets","Flank","Rechte weg",50,"Niet brandend","Daglicht","Droog",\N,"600674918","Mierloseweg","Geldrop","Geldrop-Mierlo","Noord-Brabant",false,51.426603,5.565812,"material damage only","4","clear",false,1,"GM1771"
"20230015507",2023,"Uitsluitend materiele schade",2,"Personenauto","Fiets","Flank","Kruispunt, 4 takken",30,"Niet brandend","Daglicht",\N,\N,\N,"Wandellaan","Almere","Almere","Flevoland",false,52.368262,5.222163,"material damage only","4","unknown",false,1,"GM0034"
"20230021805",2023,"Uitsluitend materiele schade",2,"Bestelauto","Fiets","Flank","Rechte weg",15,"Niet brandend","Daglicht","Droog",\N,"600726646","Endegeesterstraatweg","Oegstgeest","Oegstgeest","Zuid-Holland",false,52.172254,4.458053,"material damage only","4","clear",false,1,"GM0579"
"20230027566",2023,"Uitsluitend materiele schade",2,"Bestelauto","Fiets","Onbekend","Rechte weg",50,"Brandend","Duisternis","Regen",\N,"600707434","Papegeulestraat","Sas van Gent","Terneuzen","Zeeland",false,51.230033,3.793497,"material damage only","4","rain",false,1,"GM0715"
"20240028675",2024,"Letsel",2,"Snorfiets","Fiets","Flank","Kruispunt, 4 takken",50,"Niet brandend","Daglicht","Regen",\N,\N,"Venuslaan","Utrecht","Utrecht","Utrecht",false,52.080802,5.12732,"injury","2","rain",false,1,"GM0344"
"20230071676",2023,"Uitsluitend materiele schade",2,"Personenauto","Fiets","Flank","Kruispunt, 3 takken",30,"Niet brandend","Daglicht","Droog",\N,\N,"Wilhelminalaan","Reuver","Beesel","Limburg",false,51.283784,6.079668,"material damage only","4","clear",false,1,"GM0889"
"20230073318",2023,"Letsel",3,"Personenauto","Fiets","Frontaal","Kruispunt, 4 takken",80,"Niet brandend","Daglicht","Droog",\N,\N,"Lankhorsterstraat","Hengelo (Gld)","Bronckhorst","Gelderland",false,52.068575,6.309264,"injury","2","clear",false,1,"GM1876"
"20230014983",2023,"Letsel",2,"Fiets","Fiets","Flank","Rechte weg",50,"Niet brandend","Daglicht","Regen",\N,"473566077","Rijksweg","Groningen","Groningen","Groningen",false,53.230029,6.615949,"injury","2","rain",false,1,"GM0014"
"20230016126",2023,"Uitsluitend materiele schade",2,"Personenauto","Fiets","Flank","Rotonde",50,"Niet brandend","Daglicht","Mist/Regen",\N,\N,"Dalweg","Soest","Soest","Utrecht",false,52.174787,5.291349,"material damage only","4","unknown",false,1,"GM0342"
"20230025877",2023,"Uitsluitend materiele schade",2,"Personenauto","Fiets","Flank","Kruispunt, 4 takken",30,"Niet brandend","Daglicht","Droog",\N,\N,"Meester Willemstraat","Rotterdam","Rotterdam","Zuid-Holland",false,51.938527,4.484409,"material damage only","4","clear",false,1,"GM0599"
"20230073476",2023,"Uitsluitend materiele schade",2,"Personenauto","Fiets","Flank","Rotonde",50,"Niet brandend","Daglicht","Droog",\N,\N,"Burg Bijleveldsingel","Hattem","Hattem","Gelderland",false,52.48159,6.061117,"material damage only","4","clear",false,1,"GM0244"