"accident_id","year","severity_raw","party_count","party1_type","party2_type","accident_type","road_situation","speed_limit_kmh","road_lighting","light_condition_label","weather_raw","infra_type","road_segment_id","street_name","place_name","gemeente_name_raw","province","alcohol_indicated","latitude","longitude","severity_label","severity_code","weather_label","built_up_area","cyclists_involved","gemeente_code"
"20220193226",2022,"Letsel",2,"Personenauto","Fiets","Flank","Kruispunt, 4 takken",30,"Niet brandend","Daglicht","Droog",\N,\N,"Stellingstraat ZZ","Klazienaveen","Emmen","Drenthe",false,52.722503,6.999443,"injury","2","clear",false,1,"GM0114"
"20220196639",2022,"Letsel",2,"Personenauto","e-bike","Flank","Rotonde",50,"Niet brandend","Daglicht","Droog",\N,\N,"Milligerlaan","Zwolle","Zwolle","Overijssel",false,52.538929,6.054665,"injury","2","clear",false,1,"GM0193"
"20220197053",2022,"Uitsluitend materiele schade",2,"Personenauto","Fiets","Flank","Kruispunt, 4 takken",30,"Niet brandend","Daglicht","Regen",\N,\N,"Bilderdijkstraat","Doetinchem","Doetinchem","Gelderland",false,51.973603,6.302556,"material damage only","4","rain",false,1,"GM0222"
"20220120328",2022,"Uitsluitend materiele schade",2,"Bestelauto","e-bike","Flank","Rechte weg",30,"Niet brandend","Daglicht","Droog",\N,"303286014","Karolingersweg","Wijk bij Duurstede","Wijk bij Duurstede","Utrecht",false,51.977399,5.339697,"material damage only","4","clear",false,1,"GM0352"
"20220131817",2022,"Uitsluitend materiele schade",3,"Snorfiets","e-bike","Onbekend","Rechte weg",30,"Brandend","Duisternis","Droog",\N,\N,"Dirk Boutslaan","Eindhoven","Eindhoven","Noord-Brabant",false,51.433512,5.502899,"material damage only","4","clear",false,1,"GM0772"
"20220146382",2022,"Letsel",1,"Fiets",\N,"Eenzijdig",\N,\N,\N,"Daglicht",\N,\N,\N,"Oudelandseweg","Den Bommel","Goeree-Overflakkee","Zuid-Holland",false,51.703646,4.291674,"injury","2","unknown",false,1,"GM1924"
"20220147588",2022,"Letsel",2,"Personenauto","Fiets","Flank","Kruispunt, 4 takken",30,"Niet brandend","Daglicht",\N,\N,\N,"Franz Lisztstraat","Tilburg","Tilburg","Noord-Brabant",false,51.582312,5.082617,"injury","2","unknown",false,1,"GM0855"
"20220158014",2022,"Letsel",3,"Personenauto","Fiets","Onbekend","Rechte weg",60,"Niet brandend","Daglicht","Droog",\N,"600402117","Molendijk","Numansdorp","Hoeksche Waard","Zuid-Holland",false,51.735147,4.410409,"injury","2","clear",false,1,"GM1963"
"20220171807",2022,"Letsel",2,"Fiets","Fiets","Frontaal","Kruispunt, 3 takken",60,"Niet brandend","Daglicht","Droog",\N,\N,"Zouwendijk","Ameide","Vijfheerenlanden","Utrecht",false,51.956529,4.976967,"injury","2","clear",false,1,"GM1961"
"20220193468",2022,"Uitsluitend materiele schade",2,"Personenauto","Fiets","Kop/staart","Kruispunt, 3 takken",30,"Niet brandend","Daglicht","Droog",\N,\N,"Landschaplaan","Emmen","Emmen","Drenthe",false,52.779147,6.919953,"material damage only","4","clear",false,1,"GM0114"
"20220197575",2022,"Uitsluitend materiele schade",2,"Personenauto","Fiets","Flank","Kruispunt, 3 takken",80,\N,"Daglicht",\N,\N,\N,"Anerveenseweg","Ane","Hardenberg","Overijssel",false,52.621663,6.649183,"material damage only","4","unknown",false,1,"GM0160"
"20220123000",2022,"Uitsluitend materiele schade",2,"Personenauto","e-bike","Flank","Rotonde",50,"Niet brandend","Daglicht","Droog",\N,\N,"Bergerweg","Alkmaar","Alkmaar","Noord-Holland",false,52.63944,4.728443,"material damage only","4","clear",false,1,"GM0361"
"20220135859",2022,"Uitsluitend materiele schade",2,"Personenauto","Fiets","Flank","Kruispunt, 4 takken",80,"Niet brandend","Daglicht","Droog",\N,\N,"Oude Kruisbergseweg","Zelhem","Bronckhorst","Gelderland",false,52.01752,6.298691,"material damage only","4","clear",false,1,"GM1876"
"20220140305",2022,"Uitsluitend materiele schade",2,"Personenauto","Fiets","Kop/staart","Bocht",30,"Niet brandend","Daglicht","Droog",\N,\N,"K Kanstraat","Zaandam","Zaanstad","Noord-Holland",false,52.440191,4.827973,"material damage only","4","clear",false,1,"GM0479"
"20220141841",2022,"Uitsluitend materiele schade",2,"Personenauto","Fiets","Flank","Kruispunt, 4 takken",50,"Niet brandend","Daglicht",\N,\N,\N,"Bijlmerdreef","Amsterdam","Amsterdam","Noord-Holland",false,52.321489,4.971013,"material damage only","4","unknown",false,1,"GM0363"
"20220141898",2022,"Letsel",2,"Fiets","Fiets","Onbekend",\N,50,\N,"Daglicht",\N,\N,"600404965","Amstelveenseweg","Amsterdam","Amsterdam","Noord-Holland",false,52.335143,4.857674,"injury","2","unknown",false,1,"GM0363"
"20240084732",2024,"Letsel",2,\N,"Fiets","Frontaal","Rechte weg",50,"Niet brandend","Daglicht","Droog",\N,"600520068","FIETSPAD","West-Terschelling","Terschelling","Friesland",false,53.364583,5.210395,"injury","2","clear",false,1,"GM0093"
"20240043765",2024,"Uitsluitend materiele schade",2,"Personenauto","Fiets","Flank","Kruispunt, 4 takken",50,"Niet brandend","Daglicht","Droog",\N,\N,"Ganzeweide","Heerlen","Heerlen","Limburg",false,50.917649,5.949972,"material damage only","4","clear",false,1,"GM0917"
"20240046589",2024,"Uitsluitend materiele schade",2,"Vrachtauto","Fiets","Onbekend","Rechte weg",50,"Niet aanwezig","Daglicht","Droog",\N,"364376012","Dokter van Loonweg","Nunspeet","Nunspeet","Gelderland",false,52.3789,5.784949,"material damage only","4","clear",false,1,"GM0302"
"20240075567",2024,"Uitsluitend materiele schade",2,"Bestelauto","Fiets","Onbekend","Kruispunt, 4 takken",80,"Niet brandend","Daglicht","Droog",\N,\N,"Dorpsweg","IJsselmuiden","Kampen","Overijssel",false,52.567603,5.923839,"material damage only","4","clear",false,1,"GM0166"
"20240092005",2024,"Letsel",2,"Fiets","Fiets","Onbekend","Bocht",60,"Niet brandend","Daglicht","Droog",\N,"600838147","Roodweg","Epen","Gulpen-Wittem","Limburg",false,50.777709,5.91604,"injury","2","clear",false,1,"GM1729"
"20240092218",2024,"Uitsluitend materiele schade",2,"Personenauto","Fiets","Onbekend","Kruispunt, 4 takken",60,"Niet brandend","Daglicht","Droog",\N,\N,"Rozendaal","Maasbree","Peel en Maas","Limburg",false,51.369671,6.051335,"material damage only","4","clear",false,1,"GM1894"
"20240093739",2024,"Uitsluitend materiele schade",2,"Personenauto","e-bike","Flank","Rechte weg",30,"Niet brandend","Daglicht","Droog",\N,"442551007","Waezenburglaan","Leek","Westerkwartier","Groningen",false,53.162872,6.38069,"material damage only","4","clear",false,1,"GM1969"
"20240094156",2024,"Letsel",3,"Personenauto","Fiets","Flank","Rechte weg",60,"Brandend","Duisternis","Droog",\N,"506346001","Burg Stroinkstraat","Enschede","Enschede","Overijssel",false,52.235455,6.827007,"injury","2","clear",false,1,"GM0153"
"20240094562",2024,"Uitsluitend materiele schade",1,"Fiets",\N,"Onbekend","Bocht",30,"Niet brandend","Daglicht","Droog",\N,"600912974","Burg van Nispenstraat","Doetinchem","Doetinchem","Gelderland",false,51.967661,6.288104,"material damage only","4","clear",false,1,"GM0222"
"20240096721",2024,"Uitsluitend materiele schade",1,"Fiets",\N,"Eenzijdig","Rechte weg",50,"Niet aanwezig","Daglicht","Regen",\N,"282354006","Bollelaan","Naarden","Gooise Meren","Noord-Holland",false,52.284749,5.187271,"material damage only","4","rain",false,1,"GM1942"
"20240097476",2024,"Letsel",2,"Fiets","Overig vast object","Vast voorwerp","Rechte weg",30,"Niet aanwezig","Duisternis","Droog",\N,"198308002","Boslaan","Benthuizen","Alphen aan den Rijn","Zuid-Holland",false,52.073356,4.567714,"injury","2","clear",false,1,"GM0484"
"20240046019",2024,"Uitsluitend materiele schade",2,"Personenauto","Fiets","Flank","Kruispunt, 4 takken",60,"Brandend","Duisternis",\N,\N,\N,"OCHTEN 35","Echteld","Neder-Betuwe","Gelderland",false,51.920384,5.571855,"material damage only","4","unknown",false,1,"GM1740"
"20240046629",2024,"Uitsluitend materiele schade",2,"Personenauto","Fiets","Onbekend","Kruispunt, 4 takken",50,"Niet brandend","Daglicht","Droog","Tunnel",\N,"Van Ketwich Verschuurln","Groningen","Groningen","Groningen",false,53.192766,6.563207,"material damage only","4","clear",false,1,"GM0014"
"20240048986",2024,"Letsel",2,"Bestelauto","e-bike","Flank","Rotonde",50,"Niet brandend","Daglicht","Droog",\N,\N,"Westsingel","Bunschoten-Spakenburg","Bunschoten","Utrecht",false,52.243551,5.367573,"injury","2","clear",false,1,"GM0313"
"20240088120",2024,"Uitsluitend materiele schade",2,"Personenauto","Fiets","Frontaal","Rotonde",30,"Niet brandend","Daglicht","Droog",\N,\N,"Dynamostraat","'s-Gravenhage","'s-Gravenhage","Zuid-Holland",false,52.059044,4.306054,"material damage only","4","clear",false,1,"GM0518"
"20240092870",2024,"Uitsluitend materiele schade",2,"Personenauto","Fiets","Onbekend","Kruispunt, 3 takken",15,"Niet brandend","Daglicht","Droog",\N,"335163016","Pessershof","Geldrop","Geldrop-Mierlo","Noord-Brabant",false,51.423098,5.569435,"material damage only","4","clear",false,1,"GM1771"
"20240097508",2024,"Uitsluitend materiele schade",2,"Personenauto","Fiets","Kop/staart","Rechte weg",30,"Niet brandend","Daglicht","Droog",\N,\N,"Sweilandstraat","Warmond","Teylingen","Zuid-Holland",false,52.194325,4.499824,"material damage only","4","clear",false,1,"GM1525"
"20240041077",2024,"Letsel",1,"Fiets",\N,"Eenzijdig","Rechte weg",30,"Niet brandend","Daglicht","Droog",\N,"601063164","Amalia van Solmsstraat","Alkmaar","Alkmaar","Noord-Holland",false,52.618624,4.738683,"injury","2","clear",false,1,"GM0361"
"20240046035",2024,"Letsel",2,"Personenauto","Fiets","Flank","Rechte weg",30,"Niet aanwezig","Daglicht","Droog",\N,"600919846","Wadwerd","Groningen","Groningen","Groningen",false,53.237226,6.519663,"injury","2","clear",false,1,"GM0014"
"20240046060",2024,"Letsel",2,"Fiets","Overig vast object","Onbekend","Rotonde",30,"Niet brandend","Daglicht","Droog",\N,\N,"Heinsiusstraat","Meppel","Meppel","Drenthe",false,52.701912,6.18945,"injury","2","clear",false,1,"GM0119"
"20240073290",2024,"Letsel",1,"Fiets",\N,"Eenzijdig","Rechte weg",70,"Niet brandend","Daglicht","Droog",\N,\N,"Lage Kanaaldijk","Maastricht","Maastricht","Limburg",false,50.816991,5.69453,"injury","2","clear",false,1,"GM0935"
"20240092425",2024,"Uitsluitend materiele schade",2,"Bromfiets","Fiets","Flank","Rechte weg",80,"Niet brandend","Daglicht","Droog",\N,"600523488","Rijksweg","Bergen L","Bergen (L)","Limburg",false,51.607358,6.041596,"material damage only","4","clear",false,1,\N
"20240092891",2024,"Letsel",2,"Bus","Fiets","Frontaal","Kruispunt, 4 takken",50,"Niet brandend","Daglicht","Droog",\N,\N,"Winston Churchilllaan","Eindhoven","Eindhoven","Noord-Brabant",false,51.467351,5.478501,"injury","2","clear",false,1,"GM0772"
"20240098261",2024,"Uitsluitend materiele schade",2,"Bromfiets","Fiets","Frontaal","Rechte weg",30,"Niet brandend","Daglicht","Droog",\N,"600209237","Ypenburgbocht","Leiden","Leiden","Zuid-Holland",false,52.170074,4.48911,"material damage only","4","clear",false,1,"GM0546"
"20240048447",2024,"Uitsluitend materiele schade",2,"Personenauto","Fiets","Flank","Kruispunt, 4 takken",30,"Niet brandend","Daglicht","Droog",\N,\N,"'t Zand","Utrecht","Utrecht","Utrecht",false,52.095415,5.045763,"material damage only","4","clear",false,1,"GM0344"
"20240049687",2024,"Letsel",1,"Fiets",\N,"Onbekend",\N,50,"Niet aanwezig","Daglicht","Droog",\N,"600720457","Huygenstraverse","Voorburg","Leidschendam-Voorburg","Zuid-Holland",false,52.067442,4.356245,"injury","2","clear",false,1,"GM1916"
"20240070830",2024,"Letsel",1,"Fiets",\N,"Eenzijdig","Rechte weg",50,"Brandend","Duisternis","Droog",\N,"601108678","Hillelaan","Rotterdam","Rotterdam","Zuid-Holland",false,51.903119,4.496468,"injury","2","clear",false,1,"GM0599"
"20240077968",2024,"Uitsluitend materiele schade",3,"Trekker","Fiets","Flank","Kruispunt, 3 takken",50,"Niet brandend","Daglicht","Droog",\N,\N,"Oudelandseweg","Woerden","Woerden","Utrecht",false,52.087186,4.89085,"material damage only","4","clear",false,1,"GM0632"
"20240084349",2024,"Uitsluitend materiele schade",1,"Fiets",\N,"Onbekend","Rechte weg",80,"Niet aanwezig","Duisternis","Droog",\N,\N,"Deurningerstraat","Deurningen","Dinkelland","Overijssel",false,52.318201,6.857926,"material damage only","4","clear",false,1,"GM1774"
"20240085572",2024,"Letsel",2,"Personenauto","Fiets","Flank","Kruispunt, 3 takken",50,"Niet brandend","Daglicht","Droog",\N,\N,"Volksparksingel","Enschede","Enschede","Overijssel",false,52.218006,6.87359,"injury","2","clear",false,1,"GM0153"
"20240086195",2024,"Letsel",2,"Fiets","Voetganger","Voetganger","Rechte weg",30,"Niet brandend","Daglicht","Droog",\N,"204393091","Lange Nieuwstraat","IJmuiden","Velsen","Noord-Holland",false,52.457244,4.609967,"injury","2","clear",false,1,"GM0453"
"20240093532",2024,"Uitsluitend materiele schade",1,"Fiets",\N,"Onbekend",\N,50,\N,"Duisternis",\N,\N,"600493002","Rengersweg","Laren","Lochem","Gelderland",false,52.189058,6.370817,"material damage only","4","unknown",false,1,"GM0262"
"20240098042",2024,"Uitsluitend materiele schade",1,"Fiets",\N,"Eenzijdig","Rechte weg",\N,"Niet brandend","Daglicht","Droog",\N,"600931764","Rosendaal","Heiloo","Heiloo","Noord-Holland",false,52.593949,4.717695,"material damage only","4","clear",false,1,"GM0399"
"20240075719",2024,"Uitsluitend materiele schade",2,"Bestelauto","Fiets","Onbekend","Kruispunt, 4 takken",50,"Niet aanwezig","Daglicht","Droog",\N,\N,"Windmolenbroeksweg","Almelo","Almelo","Overijssel",false,52.330409,6.637064,"material damage only","4","clear",false,1,"GM0141"
"20240083025",2024,"Letsel",2,"Personenauto","Fiets","Frontaal","Kruispunt, 4 takken",30,"Niet brandend","Daglicht","Droog",\N,\N,"Halsterseweg","Bergen op Zoom","Bergen op Zoom","Noord-Brabant",false,51.506221,4.279672,"injury","2","clear",false,1,"GM0748"
"20240083046",2024,"Letsel",2,"Bromfiets","Fiets","Flank","Rechte weg",50,"Niet brandend","Daglicht","Droog",\N,"229201030","Oosterhoutseweg","Breda","Breda","Noord-Brabant",false,51.595987,4.808911,"injury","2","clear",false,1,"GM0758"
"20240096897",2024,"Letsel",2,"Personenauto","Fiets","Flank","Kruispunt, 4 takken",30,"Niet brandend","Daglicht","Droog",\N,\N,"Meerveldlaan","Hoevelaken","Nijkerk","Gelderland",false,52.17602,5.459116,"injury","2","clear",false,1,"GM0267"
"20240043363",2024,"Uitsluitend materiele schade",2,"Bromfiets","Fiets","Flank","Rechte weg",30,"Niet brandend","Daglicht","Droog",\N,"162259132","Hekelingseweg","Spijkenisse","Nissewaard","Zuid-Holland",false,51.852014,4.317455,"material damage only","4","clear",false,1,"GM1930"
"20240048575",2024,"Uitsluitend materiele schade",2,"Personenauto","Fiets","Onbekend","Kruispunt, 4 takken",50,"Niet brandend","Daglicht","Droog",\N,\N,"Platolaan","Utrecht","Utrecht","Utrecht",false,52.082767,5.156032,"material damage only","4","clear",false,1,"GM0344"
"20240095820",2024,"Letsel",2,"Personenauto","Fiets","Flank","Kruispunt, 4 takken",50,"Niet brandend","Daglicht","Regen",\N,\N,"De Zarken","Monnickendam","Waterland","Noord-Holland",false,52.456353,5.031609,"injury","2","rain",false,1,"GM0852"
"20240081866",2024,"Letsel",1,"Fiets",\N,"Onbekend","Rechte weg",30,"Niet brandend","Daglicht","Droog",\N,\N,"Bloemendaalseweg","Gouda","Gouda","Zuid-Holland",false,52.02929,4.699579,"injury","2","clear",false,1,"GM0513"
"20240087706",2024,"Letsel",1,"Fiets",\N,"Eenzijdig","Rechte weg",30,"Brandend","Duisternis","Droog",\N,"340350050","Oranjelaan","Putten","Putten","Gelderland",false,52.266474,5.609145,"injury","2","clear",false,1,"GM0273"
"20240099135",2024,"Uitsluitend materiele schade",2,"Personenauto","Fiets","Flank","Rechte weg",30,"Niet brandend","Daglicht","Droog",\N,"247377056","Johan van Hasseltweg","Amsterdam","Amsterdam","Noord-Holland",false,52.386859,4.925754,"material damage only","4","clear",false,1,"GM0363"
"20240044067",2024,"Uitsluitend materiele schade",2,"Personenauto","Fiets","Frontaal","Kruispunt, 4 takken",50,"Niet brandend","Daglicht","Droog",\N,\N,"Geerbunders","Veghel","Meierijstad","Noord-Brabant",false,51.626194,5.544703,"material damage only","4","clear",false,1,"GM1948"
"20240075883",2024,"Uitsluitend materiele schade",2,"Personenauto","Fiets","Flank","Rotonde",50,"Brandend","Duisternis","Droog",\N,\N,"Hoofdweg","Harderwijk","Harderwijk","Gelderland",false,52.342793,5.629675,"material damage only","4","clear",false,1,"GM0243"
"20240094439",2024,"Letsel",1,"Fiets",\N,"Flank","Kruispunt, 3 takken",60,"Niet brandend","Daglicht","Droog",\N,\N,"Stroeërschoolweg","Stroe","Barneveld","Gelderland",false,52.177288,5.680093,"injury","2","clear",false,1,"GM0203"
"20240094897",2024,"Uitsluitend materiele schade",2,"Bestelauto","Fiets","Flank","Rotonde",50,"Niet brandend","Daglicht","Droog",\N,"600553416","Rijksstraatweg","Geldermalsen","West Betuwe","Gelderland",false,51.872593,5.288332,"material damage only","4","clear",false,1,"GM1960"
"20240097014",2024,"Letsel",2,"Personenauto","Fiets","Flank","Rechte weg",50,"Brandend","Duisternis","Droog",\N,\N,"Westplein","Utrecht","Utrecht","Utrecht",false,52.090545,5.105518,"injury","2","clear",false,1,"GM0344"
"20240098819",2024,"Uitsluitend materiele schade",2,"Personenauto","Fiets","Kop/staart","Rechte weg",50,"Niet brandend","Daglicht","Droog",\N,"237359038","Mr G G v Prinstererln","Amstelveen","Amstelveen","Noord-Holland",false,52.30634,4.858016,"material damage only","4","clear",false,1,"GM0362"
"20240099350",2024,"Letsel",3,"Personenauto","Fiets","Flank","Rotonde",50,"Niet brandend","Daglicht","Droog",\N,\N,"Boomvliet","Dirksland","Goeree-Overflakkee","Zuid-Holland",false,51.74791,4.106139,"injury","2","clear",false,1,"GM1924"
"20240086489",2024,"Letsel",2,"Fiets","Fiets","Frontaal","Rechte weg",30,"Brandend","Duisternis","Droog",\N,"600370612","Kruisweg","Haarlem","Haarlem","Noord-Holland",false,52.386353,4.636439,"injury","2","clear",false,1,"GM0392"
"20240087135",2024,"Uitsluitend materiele schade",2,"Personenauto","Fiets","Onbekend","Rotonde",50,"Brandend","Schemer","Droog",\N,\N,"Noorderveenweg","Assendelft","Zaanstad","Noord-Holland",false,52.48289,4.752801,"material damage only","4","clear",false,1,"GM0479"
"20240097080",2024,"Uitsluitend materiele schade",2,"Personenauto","Fiets","Flank","Kruispunt, 4 takken",30,"Niet brandend","Daglicht","Droog",\N,\N,"Indira Gandhistraat","Almere","Almere","Flevoland",false,52.379664,5.219287,"material damage only","4","clear",false,1,"GM0034"
"20240098841",2024,"Letsel",2,"Fiets","Personenauto","Flank","Rechte weg",30,"Niet brandend","Daglicht","Droog",\N,\N,"Amazonelaan","Purmerend","Purmerend","Noord-Holland",false,52.497944,4.929841,"injury","2","clear",false,1,"GM0439"
"20240100047",2024,"Letsel",2,"Motor","Fiets","Frontaal","Rechte weg",30,\N,"Schemer","Droog",\N,"184277023","Zwart Janstraat","Rotterdam","Rotterdam","Zuid-Holland",false,51.933572,4.477498,"injury","2","clear",false,1,"GM0599"
"20240100177",2024,"Uitsluitend materiele schade",2,"Snorfiets","Fiets","Frontaal","Rechte weg",50,"Brandend","Daglicht","Droog",\N,"600924148","Vaillantlaan","'s-Gravenhage","'s-Gravenhage","Zuid-Holland",false,52.069418,4.301536,"material damage only","4","clear",false,1,"GM0518"
"20240100411",2024,"Letsel",2,"Snorfiets","Fiets","Onbekend","Kruispunt, 4 takken",15,"Niet aanwezig","Daglicht","Droog",\N,"601076334","Ireneboulevard","Delft","Delft","Zuid-Holland",false,52.003962,4.357172,"injury","2","clear",false,1,"GM0503"
"20240045100",2024,"Uitsluitend materiele schade",2,"Personenauto","Fiets","Flank","Rotonde",50,"Niet brandend","Daglicht","Droog",\N,\N,"Henri Dunantstraat","Venray","Venray","Limburg",false,51.524672,5.997748,"material damage only","4","clear",false,1,"GM0984"
"20240046986",2024,"Uitsluitend materiele schade",2,"Bestelauto","Fiets","Flank","Kruispunt, 4 takken",50,"Niet brandend","Daglicht","Droog",\N,\N,"Sbn Doormansingel","Doesburg","Doesburg","Gelderland",false,52.013031,6.131865,"material damage only","4","clear",false,1,"GM0221"
"20240070436",2024,"Uitsluitend materiele schade",2,"Personenauto","Fiets","Onbekend","Rechte weg",30,"Niet aanwezig","Daglicht","Droog",\N,"91182002","Spoorstraat","'s-Heer Arendskerke","Goes","Zeeland",false,51.499645,3.815454,"material damage only","4","clear",false,1,"GM0664"
"20240077592",2024,"Uitsluitend materiele schade",2,"Personenauto","Fiets","Flank","Kruispunt, 4 takken",30,"Niet brandend","Daglicht","Droog",\N,\N,"Schapenkamp","Hilversum","Hilversum","Noord-Holland",false,52.225185,5.180623,"material damage only","4","clear",false,1,"GM0402"
"20240080856",2024,"Letsel",2,"Fiets","Fiets","Frontaal","Kruispunt, 4 takken",30,"Niet brandend","Daglicht","Droog",\N,\N,"Zestienhovensekade","Rotterdam","Rotterdam","Zuid-Holland",false,51.940901,4.421713,"injury","2","clear",false,1,"GM0599"
"20240090414",2024,"Uitsluitend materiele schade",2,"Personenauto","Fiets","Flank","Kruispunt, 4 takken",50,"Niet brandend","Daglicht","Droog",\N,\N,"Loperweg","Vlaardingen","Vlaardingen","Zuid-Holland",false,51.932797,4.349243,"material damage only","4","clear",false,1,"GM0622"
"20240083333",2024,"Letsel",2,"Personenauto","Fiets","Flank","Kruispunt, 4 takken",30,"Niet brandend","Daglicht","Droog",\N,\N,"Sloterstraat","Landgraaf","Landgraaf","Limburg",true,50.914636,6.043901,"injury","2","clear",false,1,"GM0882"
"20240091738",2024,"Uitsluitend materiele schade",2,"Personenauto","Fiets","Kop/staart","Rechte weg",50,"Brandend","Duisternis","Droog",\N,"265195075","Kwaadeindstraat","Tilburg","Tilburg","Noord-Brabant",false,51.56733,5.070875,"material damage only","4","clear",false,1,"GM0855"
"20240100944",2024,"Letsel",2,"Fiets","Personenauto","Onbekend","Rechte weg",30,"Niet brandend","Daglicht","Droog",\N,\N,"Prof. van 't Hoffstraat","Sliedrecht","Sliedrecht","Zuid-Holland",false,51.822145,4.779756,"injury","2","clear",false,1,"GM0610"
"20240102522",2024,"Letsel",1,"Fiets",\N,"Onbekend","Rotonde",50,"Niet brandend","Daglicht","Droog",\N,\N,"Laaghuissingel","Venlo","Venlo","Limburg",false,51.369501,6.185188,"injury","2","clear",false,1,"GM0983"
"20240048794",2024,"Uitsluitend materiele schade",2,"Bromfiets","Fiets","Flank","Rechte weg",50,"Niet brandend","Daglicht","Droog",\N,"600938709","Karl Marxdreef","Utrecht","Utrecht","Utrecht",false,52.124464,5.11273,"material damage only","4","clear",false,1,"GM0344"
"20240048796",2024,"Uitsluitend materiele schade",2,"Fiets","Fiets","Frontaal","Bocht",50,"Niet brandend","Daglicht","Droog","Tunnel","600598988","Cuneraweg","Rhenen","Rhenen","Utrecht",false,51.997831,5.552045,"material damage only","4","clear",false,1,"GM0340"
"20240071195",2024,"Letsel",2,"Fiets","Fiets","Flank","Rotonde",50,"Niet brandend","Daglicht","Droog",\N,\N,"Kruisbroekweg","Naaldwijk","Westland","Zuid-Holland",false,51.988841,4.206933,"injury","2","clear",false,1,"GM1783"
"20240103372",2024,"Uitsluitend materiele schade",2,"Bestelauto","Fiets","Flank","Rechte weg",30,"Niet brandend","Daglicht","Regen",\N,"379145017","Kerkstraat","Meijel","Peel en Maas","Limburg",false,51.344502,5.889729,"material damage only","4","rain",false,1,"GM1894"
"20240071237",2024,"Uitsluitend materiele schade",2,"Fiets","Personenauto","Flank","Kruispunt, 4 takken",50,"Niet brandend","Daglicht","Droog",\N,\N,"Jan Pietersz. Coenstraat","'s-Gravenhage","'s-Gravenhage","Zuid-Holland",false,52.079868,4.33464,"material damage only","4","clear",false,1,"GM0518"
"20240071256",2024,"Letsel",2,"Bus","Fiets","Onbekend","Kruispunt, 4 takken",30,"Niet brandend","Daglicht","Droog","Bus-/Tramhalte","600728087","Damlaan","Leiden","Leiden","Zuid-Holland",false,52.157694,4.467234,"injury","2","clear",false,1,"GM0546"
"20240074403",2024,"Letsel",2,"Fiets","Fiets","Frontaal","Bocht",30,"Brandend","Duisternis","Droog",\N,\N,"Uiverlaan","Eindhoven","Eindhoven","Noord-Brabant",false,51.442748,5.494992,"injury","2","clear",false,1,"GM0772"
"20240076060",2024,"Uitsluitend materiele schade",2,"Fiets","Personenauto","Flank","Kruispunt, 3 takken",50,"Niet brandend","Daglicht","Droog",\N,\N,"Zenderenbrink","Enschede","Enschede","Overijssel",false,52.194364,6.875964,"material damage only","4","clear",false,1,"GM0153"
"20240086656",2024,"Uitsluitend materiele schade",2,"Fiets","Fiets","Flank","Kruispunt, 3 takken",30,"Niet brandend","Daglicht","Droog",\N,\N,"Kabeljauwstraat","Almere","Almere","Flevoland",false,52.390041,5.23766,"material damage only","4","clear",false,1,"GM0034"
"20240087936",2024,"Uitsluitend materiele schade",1,"Fiets",\N,"Eenzijdig","Rechte weg",30,"Niet brandend","Daglicht","Droog",\N,"186305113","Buitenom","Zoetermeer","Zoetermeer","Zuid-Holland",false,52.061702,4.48507,"material damage only","4","clear",false,1,"GM0637"
"20240090565",2024,"Uitsluitend materiele schade",2,"Fiets","Bestelauto","Onbekend","Kruispunt, 3 takken",50,"Niet brandend","Daglicht","Droog",\N,\N,"Jacob Catsstraat","Terneuzen","Terneuzen","Zeeland",false,51.329197,3.834105,"material damage only","4","clear",false,1,"GM0715"
"20240082101",2024,"Letsel",2,"Snorfiets","Fiets","Kop/staart","Rechte weg",\N,"Niet brandend","Daglicht","Droog",\N,"209249122","Achterhakkers","Dordrecht","Dordrecht","Zuid-Holland",false,51.811915,4.656428,"injury","2","clear",false,1,"GM0505"
"20240086665",2024,"Letsel",2,"Personenauto","e-bike","Flank","Rotonde",50,"Niet brandend","Daglicht","Droog",\N,\N,"Westsingel","Bunschoten-Spakenburg","Bunschoten","Utrecht",false,52.240847,5.367092,"injury","2","clear",false,1,"GM0313"
"20240070645",2024,"Letsel",2,"Personenauto","Fiets","Onbekend","Rotonde",50,"Niet brandend","Daglicht","Droog",\N,\N,"Burgemeester Baumannlaan","Rotterdam","Rotterdam","Zuid-Holland",false,51.936808,4.427384,"injury","2","clear",false,1,"GM0599"
"20240074457",2024,"Letsel",2,"Personenauto","Fiets","Flank","Rechte weg",60,"Niet aanwezig","Daglicht","Droog",\N,"179206001","Steiledijk","Fijnaart","Moerdijk","Noord-Brabant",false,51.616715,4.445437,"injury","2","clear",false,1,"GM1709"
"20230050069",2023,"Letsel",2,"Personenauto","e-bike","Flank","Rotonde",50,"Niet brandend","Daglicht","Droog",\N,\N,"Sierenborch","Amsterdam","Amsterdam","Noord-Holland",false,52.390435,4.80246,"injury","2","clear",false,1,"GM0363"
"20230050636",2023,"Letsel",2,"Fiets","Personenauto","Flank","Kruispunt, 4 takken",30,"Niet brandend","Daglicht","Regen",\N,\N,"Barendsestraat","Haarlem","Haarlem","Noord-Holland",false,52.374779,4.638961,"injury","2","rain",false,1,"GM0392"
"20230052394",2023,"Letsel",2,"Personenauto","Fiets","Flank","Kruispunt, 4 takken",80,"Niet brandend","Daglicht","Droog",\N,\N,"Kralen","Oud Gastel","Halderberge","Noord-Brabant",false,51.584944,4.492863,"injury","2","clear",false,1,"GM1655"