"accident_id","year","severity_raw","party_count","party1_type","party2_type","accident_type","road_situation","speed_limit_kmh","road_lighting","light_condition_label","weather_raw","infra_type","road_segment_id","street_name","place_name","gemeente_name_raw","province","alcohol_indicated","latitude","longitude","severity_label","severity_code","weather_label","built_up_area","cyclists_involved","gemeente_code"
"20230057066",2023,"Letsel",2,"Vrachtauto","Fiets","Frontaal","Kruispunt, 4 takken",30,"Niet brandend","Daglicht","Droog",\N,\N,"H.J. Wansinkstraat","Holten","Rijssen-Holten","Overijssel",false,52.281496,6.426102,"injury","2","clear",false,1,"GM1742"
"20230059887",2023,"Letsel",2,"Personenauto","Fiets","Flank","Kruispunt, 4 takken",\N,"Brandend","Duisternis","Droog",\N,\N,"Mauritskade","Amsterdam","Amsterdam","Noord-Holland",false,52.360108,4.908776,"injury","2","clear",false,1,"GM0363"
"20230064594",2023,"Letsel",2,"Personenauto","e-bike","Flank","Rotonde",50,"Niet aanwezig","Daglicht","Droog",\N,\N,"Moerasspirealaan","Enschede","Enschede","Overijssel",false,52.213809,6.93899,"injury","2","clear",false,1,"GM0153"
"20230064625",2023,"Uitsluitend materiele schade",2,"Personenauto","e-bike","Flank","Kruispunt, 4 takken",50,"Niet brandend","Daglicht","Droog",\N,\N,"Raadhuisstraat","Druten","Druten","Gelderland",false,51.888263,5.605256,"material damage only","4","clear",false,1,"GM0225"
"20230040758",2023,"Uitsluitend materiele schade",2,"Bus","e-bike","Frontaal","Rotonde",50,"Niet brandend","Daglicht","Droog",\N,\N,"Burg Kasteleinweg","Aalsmeer","Aalsmeer","Noord-Holland",false,52.271775,4.752201,"material damage only","4","clear",false,1,"GM0358"
"20230059929",2023,"Letsel",2,"Bromfiets","Fiets","Frontaal","Bocht",30,"Niet brandend","Daglicht","Droog",\N,"600923176","Jan Verfailleweg","Den Helder","Den Helder","Noord-Holland",false,52.932892,4.728726,"injury","2","clear",false,1,"GM0400"
"20230063204",2023,"Letsel",3,"Personenauto","Fiets","Flank","Kruispunt, 4 takken",50,"Niet brandend","Daglicht","Droog",\N,\N,"Vonderweg","Eindhoven","Eindhoven","Noord-Brabant",false,51.438618,5.469005,"injury","2","clear",false,1,"GM0772"
"20230045481",2023,"Letsel",2,"Fiets","Fiets","Flank","Kruispunt, 4 takken",50,"Niet brandend","Daglicht","Droog",\N,\N,"Holterbergweg","Holten","Rijssen-Holten","Overijssel",false,52.315625,6.414397,"injury","2","clear",false,1,"GM1742"
"20230053066",2023,"Letsel",2,"Fiets","Motor","Flank","Kruispunt, 3 takken",50,"Niet brandend","Daglicht","Droog",\N,\N,"Veldhovenring","Tilburg","Tilburg","Noord-Brabant",false,51.567815,5.085751,"injury","2","clear",false,1,"GM0855"
"20230053075",2023,"Uitsluitend materiele schade",2,"Personenauto","Fiets","Flank","Rotonde",30,"Niet brandend","Daglicht","Droog",\N,\N,"Troelstralaan","Goes","Goes","Zeeland",false,51.512374,3.881108,"material damage only","4","clear",false,1,"GM0664"
"20230055951",2023,"Letsel",2,"Fiets","Fiets","Onbekend","Bocht",50,"Niet brandend","Daglicht","Droog",\N,"600486166","FIETSPAD","Halfweg","Haarlemmermeer","Noord-Holland",false,52.386464,4.744504,"injury","2","clear",false,1,"GM0394"
"20230057229",2023,"Letsel",2,"Fiets","Personenauto","Flank","Kruispunt, 3 takken",50,"Niet brandend","Daglicht","Droog",\N,\N,"Westelijke Esweg","Hengelo","Hengelo (O)","Overijssel",false,52.283061,6.827374,"injury","2","clear",false,1,\N
"20230058744",2023,"Uitsluitend materiele schade",3,"Scootmobiel","Fiets","Geparkeerd voertuig","Bocht",30,"Niet brandend","Daglicht","Droog",\N,"240378074","Assendelftstraat","Amsterdam","Amsterdam","Noord-Holland",false,52.389039,4.879261,"material damage only","4","clear",false,1,"GM0363"
"20230037942",2023,"Uitsluitend materiele schade",2,"Personenauto","e-bike","Flank","Rotonde",50,"Niet brandend","Daglicht","Droog",\N,\N,"Waterlandse Zeedijk","Monnickendam","Waterland","Noord-Holland",false,52.456899,5.04006,"material damage only","4","clear",false,1,"GM0852"
"20230041970",2023,"Letsel",2,"Fiets","Fiets","Flank","Kruispunt, 4 takken",15,"Niet brandend","Daglicht","Droog",\N,\N,"Slinge","Rotterdam","Rotterdam","Zuid-Holland",false,51.873641,4.478207,"injury","2","clear",false,1,"GM0599"
"20230053102",2023,"Uitsluitend materiele schade",2,"Fiets","Personenauto","Onbekend","Rotonde",50,"Niet brandend","Daglicht","Droog",\N,\N,"Molstraat","Breda","Breda","Noord-Brabant",false,51.606136,4.790052,"material damage only","4","clear",false,1,"GM0758"
"20230057386",2023,"Uitsluitend materiele schade",2,"Personenauto","Fiets","Flank","Kruispunt, 3 takken",50,"Niet brandend","Daglicht","Droog",\N,\N,"Boekelosestraat","Enschede","Enschede","Overijssel",false,52.203165,6.833527,"material damage only","4","clear",false,1,"GM0153"
"20230060014",2023,"Letsel",2,"Motor","Fiets","Kop/staart","Rechte weg",30,"Niet brandend","Daglicht","Droog",\N,"600124241","Vijzelgracht","Amsterdam","Amsterdam","Noord-Holland",false,52.361068,4.891069,"injury","2","clear",false,1,"GM0363"
"20230064710",2023,"Uitsluitend materiele schade",2,"Personenauto","Fiets","Flank","Rotonde",50,"Niet brandend","Daglicht","Regen",\N,\N,"Oldeneelallee","Zwolle","Zwolle","Overijssel",false,52.484557,6.112837,"material damage only","4","rain",false,1,"GM0193"
"20240131798",2024,"Letsel",2,"Fiets","Fiets","Onbekend","Kruispunt, 3 takken",30,"Niet brandend","Daglicht","Droog",\N,\N,"Samsonweg","Wormerveer","Zaanstad","Noord-Holland",false,52.502853,4.783787,"injury","2","clear",false,1,"GM0479"
"20230037978",2023,"Letsel",2,"Fiets","Overig vast object","Vast voorwerp","Rechte weg",50,"Brandend","Duisternis","Droog",\N,\N,"Kaatstraat","Utrecht","Utrecht","Utrecht",false,52.098104,5.11225,"injury","2","clear",false,1,"GM0344"
"20230039139",2023,"Uitsluitend materiele schade",2,"Personenauto","Fiets","Flank","Rotonde",50,"Niet brandend","Daglicht","Droog",\N,\N,"Mesdaglaan","Maassluis","Maassluis","Zuid-Holland",false,51.91924,4.260077,"material damage only","4","clear",false,1,"GM0556"
"20230049668",2023,"Uitsluitend materiele schade",2,"Fiets","Fiets","Flank","Rechte weg",50,"Niet brandend","Daglicht","Droog",\N,"245355001","Rondehoep Oost","Ouderkerk aan de Amstel","Ouder-Amstel","Noord-Holland",false,52.283138,4.920747,"material damage only","4","clear",false,1,"GM0437"
"20230056028",2023,"Letsel",2,"Personenauto","Fiets","Flank","Kruispunt, 4 takken",50,"Niet brandend","Daglicht","Regen",\N,\N,"Vosseweide","Nieuwegein","Nieuwegein","Utrecht",false,52.04227,5.07608,"injury","2","rain",false,1,"GM0356"
"20230060045",2023,"Letsel",1,"Fiets",\N,"Eenzijdig","Kruispunt, 4 takken",50,"Brandend","Duisternis","Droog",\N,\N,"KINKERBRUG 0266","Amsterdam","Amsterdam","Noord-Holland",false,52.364564,4.860373,"injury","2","clear",false,1,"GM0363"
"20230062838",2023,"Letsel",2,"Personenauto","Fiets","Flank","Kruispunt, 4 takken",50,"Niet brandend","Daglicht","Droog",\N,\N,"Molensingel","Maastricht","Maastricht","Limburg",false,50.831215,5.712432,"injury","2","clear",false,1,"GM0935"
"20230038602",2023,"Letsel",2,"Personenauto","Fiets","Flank","Kruispunt, 4 takken",50,"Niet brandend","Daglicht","Droog",\N,\N,"Hendrick Staetsweg","Rotterdam","Rotterdam","Zuid-Holland",false,51.944343,4.544922,"injury","2","clear",false,1,"GM0599"
"20230040911",2023,"Uitsluitend materiele schade",2,"Bestelauto","Fiets","Flank","Rotonde",50,"Niet brandend","Daglicht","Droog",\N,\N,"Einsteinstraat","Landgraaf","Landgraaf","Limburg",false,50.886513,6.013769,"material damage only","4","clear",false,1,"GM0882"
"20230044995",2023,"Uitsluitend materiele schade",3,"Personenauto","Fiets","Onbekend","Rechte weg",50,"Niet brandend","Daglicht","Droog",\N,"600884588","Egypteneinde","Veendam","Veendam","Groningen",false,53.125316,6.889891,"material damage only","4","clear",false,1,"GM0047"
"20230050243",2023,"Uitsluitend materiele schade",2,"Personenauto","Fiets","Flank","Kruispunt, 4 takken",\N,"Niet brandend","Daglicht","Droog",\N,\N,"Henriëtte Roland Holstwg","'s-Gravenhage","'s-Gravenhage","Zuid-Holland",false,52.053702,4.282258,"material damage only","4","clear",false,1,"GM0518"
"20230052574",2023,"Letsel",1,"Fiets",\N,"Eenzijdig","Rechte weg",30,"Niet brandend","Daglicht","Regen",\N,"149266090","Bernissedijk","Zwartewaal","Voorne aan Zee","Zuid-Holland",false,51.876748,4.230695,"injury","2","rain",false,1,"GM1992"
"20230064380",2023,"Letsel",3,"Bestelauto","Fiets","Flank","Rechte weg",60,"Niet aanwezig","Daglicht","Droog",\N,"453527001","Asserstraat","Zuidvelde","Noordenveld","Drenthe",false,53.050757,6.456078,"injury","2","clear",false,1,"GM1699"
"20230065258",2023,"Uitsluitend materiele schade",2,"Fiets","Personenauto","Onbekend","Kruispunt, 4 takken",30,"Niet brandend","Daglicht","Droog",\N,\N,"Cellesbroeksweg","Kampen","Kampen","Overijssel",false,52.549082,5.907278,"material damage only","4","clear",false,1,"GM0166"
"20230042679",2023,"Uitsluitend materiele schade",2,"Personenauto","Fiets","Onbekend","Rotonde",50,"Niet brandend","Daglicht","Droog",\N,\N,"mr. L.A. Kesperweg","Vlaardingen","Vlaardingen","Zuid-Holland",false,51.910957,4.361146,"material damage only","4","clear",false,1,"GM0622"
"20230058564",2023,"Letsel",1,"Fiets",\N,"Eenzijdig","Bocht",30,"Niet brandend","Daglicht","Droog",\N,"600253045","Tapuitlaan","Noordwijk","Noordwijk","Zuid-Holland",false,52.266747,4.470388,"injury","2","clear",false,1,"GM0575"
"20240129300",2024,"Uitsluitend materiele schade",1,"Fiets",\N,"Onbekend",\N,\N,\N,"Daglicht",\N,\N,"273341002","Zuidereinde","'s-Graveland","Wijdemeren","Noord-Holland",false,52.222775,5.122458,"material damage only","4","unknown",false,1,"GM1696"
"20230044485",2023,"Letsel",2,"e-bike","Personenauto","Frontaal","Kruispunt, 4 takken",30,"Niet brandend","Daglicht","Droog",\N,\N,"Van Lyndenlaan","Beetsterzwaag","Opsterland","Friesland",false,53.061845,6.075211,"injury","2","clear",false,1,"GM0086"
"20230049182",2023,"Letsel",2,"Personenauto","Fiets","Flank","Kruispunt, 4 takken",50,"Niet brandend","Daglicht","Droog",\N,\N,"Aagje Dekenlaan","'s-Gravenhage","'s-Gravenhage","Zuid-Holland",false,52.05172,4.291754,"injury","2","clear",false,1,"GM0518"
"20230052647",2023,"Uitsluitend materiele schade",2,"Personenauto","e-bike","Flank","Kruispunt, 4 takken",30,"Niet brandend","Daglicht","Droog",\N,\N,"Langendam","Zoutelande","Veere","Zeeland",false,51.500969,3.486935,"material damage only","4","clear",false,1,"GM0717"
"20230063441",2023,"Uitsluitend materiele schade",2,"Fiets","Personenauto","Flank","Rotonde",50,"Brandend","Schemer","Droog",\N,\N,"Tudderenderweg","Sittard","Sittard-Geleen","Limburg",false,51.007072,5.886853,"material damage only","4","clear",false,1,"GM1883"
"20240129569",2024,"Uitsluitend materiele schade",2,"Bus","Fiets","Flank","Kruispunt, 4 takken",50,"Niet brandend","Daglicht","Droog",\N,\N,"OPENBAAR VERVOERBAAN","Almere","Almere","Flevoland",false,52.361322,5.248755,"material damage only","4","clear",false,1,"GM0034"
"20240129816",2024,"Uitsluitend materiele schade",2,"Personenauto","Fiets","Kop/staart","Kruispunt, 4 takken",50,"Niet brandend","Daglicht","Droog",\N,\N,"H.W. Iordensweg","Twello","Voorst","Gelderland",false,52.227377,6.110135,"material damage only","4","clear",false,1,"GM0285"
"20240130099",2024,"Uitsluitend materiele schade",2,\N,"Fiets","Flank","Kruispunt, 4 takken",50,"Niet aanwezig","Daglicht","Droog",\N,\N,"1e Wormenseweg","Apeldoorn","Apeldoorn","Gelderland",false,52.199842,5.974389,"material damage only","4","clear",false,1,"GM0200"
"20240129842",2024,"Letsel",1,"Fiets",\N,"Onbekend","Rechte weg",80,"Niet brandend","Daglicht","Mist","Bus-/Tramhalte",\N,"Dennendijk","Warnsveld","Zutphen","Gelderland",false,52.126865,6.27199,"injury","2","fog",false,1,"GM0301"
"20240133481",2024,"Letsel",2,"Fiets","Bestelauto","Flank","Kruispunt, 4 takken",50,"Brandend","Duisternis","Droog",\N,\N,"Laan van Wateringse Veld","'s-Gravenhage","'s-Gravenhage","Zuid-Holland",false,52.03517,4.283473,"injury","2","clear",false,1,"GM0518"
"20230038743",2023,"Uitsluitend materiele schade",2,"Personenauto","Fiets","Flank","Rotonde",50,"Niet brandend","Daglicht","Regen",\N,\N,"Dubbeldamseweg Zuid","Dordrecht","Dordrecht","Zuid-Holland",false,51.801985,4.68049,"material damage only","4","rain",false,1,"GM0505"
"20230056224",2023,"Uitsluitend materiele schade",2,"Personenauto","Fiets","Flank","Kruispunt, 3 takken",30,"Niet brandend","Daglicht","Droog",\N,\N,"Kruyderlaan","Nieuwegein","Nieuwegein","Utrecht",false,52.02907,5.08605,"material damage only","4","clear",false,1,"GM0356"
"20230065888",2023,"Uitsluitend materiele schade",2,"Personenauto","Fiets","Flank","Kruispunt, 3 takken",50,"Niet brandend","Daglicht","Regen",\N,\N,"Hildebrandstraat","'s-Gravenhage","'s-Gravenhage","Zuid-Holland",false,52.05574,4.311784,"material damage only","4","rain",false,1,"GM0518"
"20230048745",2023,"Uitsluitend materiele schade",2,"Personenauto","e-bike","Flank","Kruispunt, 4 takken",80,"Niet brandend","Daglicht","Droog",\N,\N,"Zegerbaan","Aarlanderveen","Alphen aan den Rijn","Zuid-Holland",false,52.142249,4.703674,"material damage only","4","clear",false,1,"GM0484"
"20230050445",2023,"Letsel",2,"Fiets","Fiets","Frontaal","Rechte weg",60,"Niet brandend","Daglicht","Droog","Tunnel","600276460","Platteweg","Reeuwijk","Bodegraven-Reeuwijk","Zuid-Holland",false,52.026684,4.725516,"injury","2","clear",false,1,"GM1901"
"20230064983",2023,"Uitsluitend materiele schade",2,"Fiets","Fiets","Flank","Rechte weg",50,"Niet brandend","Daglicht","Droog",\N,"420348016","Kanaaldijk Oost","Deventer","Deventer","Overijssel",false,52.253558,6.197234,"material damage only","4","clear",false,1,"GM0150"
"20230065436",2023,"Uitsluitend materiele schade",2,"Personenauto","Fiets","Flank","Rotonde",50,"Niet brandend","Daglicht","Droog",\N,\N,"Heuvelrandweg","Voorthuizen","Barneveld","Gelderland",false,52.193065,5.607605,"material damage only","4","clear",false,1,"GM0203"
"20240127478",2024,"Uitsluitend materiele schade",2,"Bestelauto","Fiets","Flank","Kruispunt, 4 takken",30,"Niet brandend","Daglicht","Droog",\N,\N,"Preistingestraat","Steenwijk","Steenwijkerland","Overijssel",false,52.787894,6.123488,"material damage only","4","clear",false,1,"GM1708"
"20240128425",2024,"Letsel",2,"Fiets","Bus","Onbekend","Rechte weg",50,"Niet brandend","Daglicht","Droog",\N,"502355022","Landmansweg","Hengelo","Hengelo (O)","Overijssel",false,52.278864,6.801968,"injury","2","clear",false,1,\N
"20230048764",2023,"Uitsluitend materiele schade",2,"Personenauto","Fiets","Flank","Kruispunt, 4 takken",50,"Niet brandend","Daglicht","Droog",\N,\N,"Henk Sneevlietweg","Amsterdam","Amsterdam","Noord-Holland",false,52.34563,4.827442,"material damage only","4","clear",false,1,"GM0363"
"20230050467",2023,"Uitsluitend materiele schade",2,"Bromfiets","Fiets","Flank","Kruispunt, 4 takken",50,"Niet brandend","Daglicht","Droog",\N,\N,"Korte Reguliersdwstr","Amsterdam","Amsterdam","Noord-Holland",false,52.366271,4.895858,"material damage only","4","clear",false,1,"GM0363"
"20240128294",2024,"Letsel",2,"Personenauto","Fiets","Frontaal","Kruispunt, 3 takken",50,"Niet brandend","Daglicht","Droog",\N,\N,"Vos de Waelstraat","Oldenzaal","Oldenzaal","Overijssel",false,52.314142,6.933476,"injury","2","clear",false,1,"GM0173"
"20230065660",2023,"Uitsluitend materiele schade",2,"Personenauto","Fiets","Frontaal","Kruispunt, 4 takken",50,"Niet brandend","Daglicht","Droog",\N,\N,"Rijksstraatweg","Wilp","Voorst","Gelderland",false,52.218363,6.146976,"material damage only","4","clear",false,1,"GM0285"
"20230065799",2023,"Letsel",2,"Personenauto","Fiets","Onbekend","Kruispunt, 4 takken",50,"Niet brandend","Daglicht","Regen",\N,\N,"Jancko Douwamastraat","Sneek","Súdwest-Fryslân","Friesland",false,53.041273,5.65834,"injury","2","rain",false,1,"GM1900"
"20240128384",2024,"Letsel",2,"Fiets","Fiets","Frontaal","Rechte weg",80,"Brandend","Duisternis","Droog",\N,"600845217","Parallelweg","Duiven","Duiven","Gelderland",false,51.947246,6.004569,"injury","2","clear",false,1,"GM0226"
"20240128835",2024,"Letsel",2,"Personenauto","Fiets","Frontaal","Rechte weg",50,"Niet brandend","Daglicht","Droog",\N,\N,"Stationsweg","Groningen","Groningen","Groningen",false,53.211829,6.56346,"injury","2","clear",false,1,"GM0014"
"20240133604",2024,"Letsel",2,"Fiets","Onbekend voertuig i.g.v. doorrijder","Onbekend","Rotonde",50,"Niet brandend","Daglicht","Droog",\N,"175332001","Wassenaarseweg","Katwijk","Katwijk","Zuid-Holland",false,52.180112,4.407742,"injury","2","clear",false,1,"GM0537"
"20240132362",2024,"Letsel",2,"Personenauto","Fiets","Flank","Rotonde",30,"Niet brandend","Daglicht","Droog",\N,\N,"Bachstraat","Heemskerk","Heemskerk","Noord-Holland",false,52.512793,4.668422,"injury","2","clear",false,1,"GM0396"
"20230038276",2023,"Uitsluitend materiele schade",3,"Bestelauto","Fiets","Onbekend","Rechte weg",50,"Niet brandend","Daglicht","Droog",\N,\N,"Frieseweg","Alkmaar","Alkmaar","Noord-Holland",false,52.631876,4.754397,"material damage only","4","clear",false,1,"GM0361"
"20230047574",2023,"Letsel",2,"Personenauto","e-bike","Flank","Kruispunt, 4 takken",30,"Niet brandend","Daglicht","Droog",\N,\N,"Buñuellaan","Almere","Almere","Flevoland",false,52.365087,5.245914,"injury","2","clear",false,1,"GM0034"
"20230048797",2023,"Letsel",1,"Fiets",\N,"Eenzijdig","Rechte weg",50,"Niet brandend","Daglicht","Droog",\N,"166311152","Juliana van Stolberglaan","'s-Gravenhage","'s-Gravenhage","Zuid-Holland",false,52.08437,4.342053,"injury","2","clear",false,1,"GM0518"
"20230048809",2023,"Letsel",3,"Fiets","Fiets","Kop/staart","Rechte weg",30,"Niet brandend","Daglicht","Droog",\N,"154308088","Laan van Meerdervoort","'s-Gravenhage","'s-Gravenhage","Zuid-Holland",false,52.070803,4.255542,"injury","2","clear",false,1,"GM0518"
"20230055746",2023,"Uitsluitend materiele schade",2,"Personenauto","Fiets","Flank","Kruispunt, 3 takken",30,"Niet brandend","Daglicht","Regen","Brug/viaduct",\N,"Paradijsweg","Meppel","Meppel","Drenthe",false,52.701952,6.185207,"material damage only","4","rain",false,1,"GM0119"
"20230061325",2023,"Uitsluitend materiele schade",2,"Personenauto","e-bike","Flank","Rechte weg",15,"Niet brandend","Daglicht","Droog",\N,"219294128","Sportlaan","Gouda","Gouda","Zuid-Holland",false,52.010802,4.732304,"material damage only","4","clear",false,1,"GM0513"
"20240129353",2024,"Uitsluitend materiele schade",2,"Personenauto","Fiets","Flank","Kruispunt, 4 takken",30,"Niet brandend","Daglicht","Droog",\N,\N,"Lierstraat","Almere","Almere","Flevoland",false,52.370994,5.19392,"material damage only","4","clear",false,1,"GM0034"
"20230048828",2023,"Uitsluitend materiele schade",2,"Bromfiets","Fiets","Flank","Kruispunt, 3 takken",50,"Niet brandend","Daglicht","Droog","Brug/viaduct",\N,"Julianalaan","Delft","Delft","Zuid-Holland",false,52.01057,4.369933,"material damage only","4","clear",false,1,"GM0503"
"20230054597",2023,"Letsel",2,"Fiets","Fiets","Onbekend","Rechte weg",60,"Niet brandend","Schemer","Droog",\N,"314199007","Hofstad","Sint-Oedenrode","Meierijstad","Noord-Brabant",false,51.584621,5.416289,"injury","2","clear",false,1,"GM1948"
"20230042376",2023,"Uitsluitend materiele schade",2,"Personenauto","Fiets","Flank","Rotonde",50,"Niet brandend","Daglicht","Droog",\N,\N,"Sophialaan","Hendrik-Ido-Ambacht","Hendrik-Ido-Ambacht","Zuid-Holland",false,51.833221,4.649445,"material damage only","4","clear",false,1,"GM0531"
"20230042967",2023,"Letsel",2,"Fiets","Personenauto","Flank","Rechte weg",30,"Niet brandend","Daglicht","Droog",\N,\N,"Rijstgras","Rotterdam","Rotterdam","Zuid-Holland",false,51.955413,4.541948,"injury","2","clear",false,1,"GM0599"
"20230055791",2023,"Letsel",2,"Fiets","Personenauto","Flank","Kruispunt, 4 takken",50,"Niet brandend","Daglicht","Droog",\N,\N,"Schierstins","Leeuwarden","Leeuwarden","Friesland",false,53.209965,5.849213,"injury","2","clear",false,1,"GM0080"
"20240130889",2024,"Letsel",2,"Personenauto","Fiets","Flank","Kruispunt, 4 takken",30,"Niet brandend","Daglicht","Droog",\N,\N,"W.F. Hermansstraat","Haarlem","Haarlem","Noord-Holland",false,52.42199,4.647258,"injury","2","clear",false,1,"GM0392"
"20240131325",2024,"Uitsluitend materiele schade",2,"Personenauto","Fiets","Kop/staart","Kruispunt, 3 takken",50,"Brandend","Duisternis","Droog",\N,\N,"Baanstraat","Beverwijk","Beverwijk","Noord-Holland",false,52.481428,4.653951,"material damage only","4","clear",false,1,"GM0375"
"20240131823",2024,"Letsel",2,"Fiets","Bestelauto","Los voorwerp","Rechte weg",80,"Niet brandend","Daglicht","Droog",\N,"227429005","Noordervaart","Stompetoren","Alkmaar","Noord-Holland",false,52.619811,4.780893,"injury","2","clear",false,1,"GM0361"
"20230051789",2023,"Uitsluitend materiele schade",2,"Bestelauto","Fiets","Geparkeerd voertuig","Rechte weg",50,"Niet brandend","Daglicht","Droog",\N,"600104795","Schiedamseweg","Rotterdam","Rotterdam","Zuid-Holland",false,51.911682,4.438476,"material damage only","4","clear",false,1,"GM0599"
"20240132809",2024,"Letsel",1,"Fiets",\N,"Onbekend","Rechte weg",50,"Niet brandend","Daglicht","Droog",\N,"600713445","Loosduinse Hoofdstraat","'s-Gravenhage","'s-Gravenhage","Zuid-Holland",false,52.05514,4.241165,"injury","2","clear",false,1,"GM0518"
"20240133002",2024,"Letsel",2,"Personenauto","Fiets","Onbekend","Rechte weg",50,"Niet brandend","Daglicht","Droog",\N,"600189776","Anthoni v Leeuwenhoekkd","Voorschoten","Voorschoten","Zuid-Holland",false,52.127706,4.456733,"injury","2","clear",false,1,"GM0626"
"20240133743",2024,"Letsel",2,"Personenauto","Fiets","Flank","Kruispunt, 4 takken",50,"Brandend","Schemer","Regen","Bus-/Tramhalte",\N,"De Genestetlaan","'s-Gravenhage","'s-Gravenhage","Zuid-Holland",false,52.058605,4.321484,"injury","2","rain",false,1,"GM0518"
"20220226849",2022,"Letsel",2,"Bestelauto","Fiets","Flank","Kruispunt, 3 takken",30,"Niet aanwezig","Daglicht","Droog",\N,\N,"Baaiweg","Zoutelande","Veere","Zeeland",false,51.511957,3.495121,"injury","2","clear",false,1,"GM0717"
"20220230518",2022,"Uitsluitend materiele schade",2,"Personenauto","Fiets","Los voorwerp","Kruispunt, 3 takken",30,"Niet brandend","Daglicht","Droog",\N,\N,"Den Roover","Reuver","Beesel","Limburg",false,51.287363,6.078468,"material damage only","4","clear",false,1,"GM0889"
"20220230560",2022,"Uitsluitend materiele schade",2,"Personenauto","Fiets","Flank",\N,30,"Niet brandend","Daglicht","Droog",\N,"419151111","Grote Kerkstraat","Venlo","Venlo","Limburg",false,51.370146,6.170598,"material damage only","4","clear",false,1,"GM0983"
"20220200244",2022,"Uitsluitend materiele schade",2,"Personenauto","Fiets","Flank","Rechte weg",30,"Niet brandend","Daglicht","Droog",\N,"376256088","Daalseweg","Nijmegen","Nijmegen","Gelderland",false,51.841338,5.870835,"material damage only","4","clear",false,1,"GM0268"
"20220203813",2022,"Uitsluitend materiele schade",2,"Personenauto","Fiets","Los voorwerp","Rotonde",50,"Brandend","Duisternis","Droog",\N,\N,"Van Egmondkade","Utrecht","Utrecht","Utrecht",false,52.109629,5.092271,"material damage only","4","clear",false,1,"GM0344"
"20220026764",2022,"Dodelijk",4,"Personenauto","Fiets","Frontaal","Bocht",60,"Niet aanwezig","Daglicht","Droog",\N,"176180001","Bergsebaan","Roosendaal","Roosendaal","Noord-Brabant",false,51.493664,4.428834,"fatal","1","clear",false,1,"GM1674"
"20220207326",2022,"Uitsluitend materiele schade",3,"Personenauto","Fiets","Los voorwerp","Kruispunt, 3 takken",50,"Niet brandend","Daglicht","Droog",\N,\N,"Lutulistraat","Hoofddorp","Haarlemmermeer","Noord-Holland",false,52.303536,4.680028,"material damage only","4","clear",false,1,"GM0394"
"20220214411",2022,"Uitsluitend materiele schade",2,"Personenauto","Fiets","Flank","Rotonde",50,"Brandend","Duisternis","Droog",\N,\N,"Bredewater","Zoetermeer","Zoetermeer","Zuid-Holland",false,52.054744,4.475828,"material damage only","4","clear",false,1,"GM0637"
"20220211580",2022,"Uitsluitend materiele schade",2,"Bromfiets","Fiets","Onbekend",\N,\N,\N,"Duisternis",\N,\N,\N,"Overtoom","Amsterdam","Amsterdam","Noord-Holland",false,52.362838,4.875332,"material damage only","4","unknown",false,1,"GM0363"
"20220215890",2022,"Letsel",1,"Fiets",\N,"Eenzijdig","Kruispunt, 3 takken",\N,"Niet brandend","Daglicht","Droog",\N,\N,"Spinozalaan","Voorburg","Leidschendam-Voorburg","Zuid-Holland",false,52.078539,4.358634,"injury","2","clear",false,1,"GM1916"
"20220220951",2022,"Letsel",2,"Personenauto","Fiets","Flank","Rotonde",50,"Brandend","Duisternis","Regen",\N,\N,"Couwenhoekseweg","Capelle aan den IJssel","Capelle aan den IJssel","Zuid-Holland",false,51.933398,4.596394,"injury","2","rain",false,1,"GM0502"
"20220202249",2022,"Letsel",2,"Fiets","Personenauto","Flank","Kruispunt, 4 takken",50,"Niet brandend","Daglicht","Droog",\N,\N,"De Monding","Veenendaal","Veenendaal","Utrecht",false,52.02284,5.526982,"injury","2","clear",false,1,"GM0345"
"20220115391",2022,"Dodelijk",1,"Fiets",\N,"Eenzijdig",\N,60,\N,"Daglicht",\N,\N,"600498180","Ruiterweg","Darp","Westerveld","Drenthe",false,52.778542,6.212264,"fatal","1","unknown",false,1,"GM1701"
"20220202354",2022,"Uitsluitend materiele schade",2,"Personenauto","Fiets","Onbekend","Rechte weg",50,"Niet brandend","Daglicht","Droog",\N,"288348046","Eemnesserweg","Laren","Laren","Noord-Holland",false,52.255529,5.227613,"material damage only","4","clear",false,1,\N
"20220221043",2022,"Letsel",3,"Personenauto","Fiets","Onbekend","Kruispunt, 4 takken",50,"Niet brandend","Daglicht","Droog",\N,\N,"Fuikstraat","Vlaardingen","Vlaardingen","Zuid-Holland",false,51.906473,4.343292,"injury","2","clear",false,1,"GM0622"
"20220210071",2022,"Letsel",1,"Fiets",\N,"Eenzijdig",\N,50,\N,"Daglicht",\N,\N,"600743578","Prinsenbrug","Haarlem","Haarlem","Noord-Holland",false,52.386104,4.647273,"injury","2","unknown",false,1,"GM0392"
"20220211716",2022,"Uitsluitend materiele schade",1,"Fiets",\N,"Onbekend","Rechte weg",\N,"Brandend","Duisternis","Regen",\N,\N,"Stationsplein","Weesp","Amsterdam","Noord-Holland",false,52.311122,5.044857,"material damage only","4","rain",false,1,"GM0363"
"20220212397",2022,"Uitsluitend materiele schade",2,"Personenauto","Fiets","Flank","Kruispunt, 3 takken",30,"Niet brandend","Schemer","Droog",\N,\N,"Arlandaweg","Amsterdam","Amsterdam","Noord-Holland",false,52.385901,4.835468,"material damage only","4","clear",false,1,"GM0363"