"accident_id","year","severity_raw","party_count","party1_type","party2_type","accident_type","road_situation","speed_limit_kmh","road_lighting","light_condition_label","weather_raw","infra_type","road_segment_id","street_name","place_name","gemeente_name_raw","province","alcohol_indicated","latitude","longitude","severity_label","severity_code","weather_label","built_up_area","cyclists_involved","gemeente_code"
"20220216074",2022,"Letsel",2,"Personenauto","Fiets","Geparkeerd voertuig","Rechte weg",30,"Niet brandend","Daglicht","Droog","Parkeervoorziening",\N,"Koolmeesstraat","Leiderdorp","Leiderdorp","Zuid-Holland",false,52.160385,4.527986,"injury","2","clear",false,1,"GM0547"
"20220200449",2022,"Uitsluitend materiele schade",2,"Fiets","Fiets","Onbekend","Rechte weg",50,"Niet brandend","Schemer","Droog",\N,"354264019","van Heemstraweg","Winssen","Beuningen","Gelderland",false,51.876109,5.716438,"material damage only","4","clear",false,1,"GM0209"
"20220205543",2022,"Uitsluitend materiele schade",2,"Personenauto","e-bike","Frontaal","Kruispunt, 3 takken",30,"Niet brandend","Daglicht","Droog",\N,\N,"Amsterdamseweg","Amersfoort","Amersfoort","Utrecht",false,52.160143,5.376452,"material damage only","4","clear",false,1,"GM0307"
"20220207556",2022,"Uitsluitend materiele schade",1,"Fiets",\N,"Onbekend","Rechte weg",30,"Niet brandend","Daglicht","Droog",\N,"600901774","Schalkwijkerstraat","Haarlem","Haarlem","Noord-Holland",false,52.376555,4.642206,"material damage only","4","clear",false,1,"GM0392"
"20220211752",2022,"Uitsluitend materiele schade",2,"Personenauto","Fiets","Flank","Kruispunt, 4 takken",50,"Brandend","Duisternis","Droog",\N,\N,"Beukenplein","Amsterdam","Amsterdam","Noord-Holland",false,52.357371,4.917876,"material damage only","4","clear",false,1,"GM0363"
"20220221151",2022,"Letsel",1,"e-bike",\N,"Eenzijdig","Rechte weg",30,"Brandend","Duisternis","Droog",\N,"600758789","Rivierdijk","Hardinxveld-Giessendam","Hardinxveld-Giessendam","Zuid-Holland",false,51.821321,4.844138,"injury","2","clear",false,1,"GM0523"
"20220210378",2022,"Letsel",2,"Personenauto","Fiets","Flank","Kruispunt, 4 takken",50,"Brandend","Duisternis","Regen",\N,\N,"Meer en Vaart","Amsterdam","Amsterdam","Noord-Holland",false,52.354297,4.810511,"injury","2","rain",false,1,"GM0363"
"20220211109",2022,"Letsel",2,"Personenauto","Fiets","Flank","Kruispunt, 3 takken",50,"Niet brandend","Daglicht","Droog",\N,\N,"Dollardpad","Amsterdam","Amsterdam","Noord-Holland",false,52.398658,4.940747,"injury","2","clear",false,1,"GM0363"
"20220220521",2022,"Letsel",2,"Personenauto","e-bike","Flank","Rotonde",\N,"Niet brandend","Daglicht","Droog",\N,\N,"Amnesty Internationalln","Hellevoetsluis","Voorne aan Zee","Zuid-Holland",false,51.834248,4.131644,"injury","2","clear",false,1,"GM1992"
"20220232400",2022,"Uitsluitend materiele schade",2,"Bromfiets","Fiets","Frontaal","Bocht",30,"Niet brandend","Daglicht","Droog",\N,"600905867","Cabergerweg","Maastricht","Maastricht","Limburg",false,50.854194,5.683731,"material damage only","4","clear",false,1,"GM0935"
"20220210416",2022,"Letsel",2,"Personenauto","Fiets","Frontaal","Rechte weg",30,"Niet brandend","Daglicht","Droog",\N,"242368029","Maasstraat","Amsterdam","Amsterdam","Noord-Holland",false,52.345304,4.895066,"injury","2","clear",false,1,"GM0363"
"20220211187",2022,"Uitsluitend materiele schade",2,"Motor","Fiets","Flank","Kruispunt, 3 takken",50,"Niet brandend","Daglicht","Droog",\N,\N,"'s-Gravesandeplein","Amsterdam","Amsterdam","Noord-Holland",false,52.359432,4.916567,"material damage only","4","clear",false,1,"GM0363"
"20220212878",2022,"Uitsluitend materiele schade",2,"Snorfiets","Fiets","Flank","Rechte weg",30,"Brandend","Schemer","Droog",\N,"185327003","Noordeindeplein","Leiden","Leiden","Zuid-Holland",false,52.159886,4.480014,"material damage only","4","clear",false,1,"GM0546"
"20220218826",2022,"Letsel",2,"Personenauto","Fiets","Frontaal","Kruispunt, 4 takken",50,"Niet brandend","Duisternis","Droog",\N,\N,"Jan van der Heijdenstr","Oud-Beijerland","Hoeksche Waard","Zuid-Holland",false,51.824352,4.44255,"injury","2","clear",false,1,"GM1963"
"20220218924",2022,"Letsel",2,"Personenauto","Fiets","Flank","Rotonde",50,"Brandend","Schemer","Droog",\N,\N,"Burgemeester Jansenlaan","Zwijndrecht","Zwijndrecht","Zuid-Holland",false,51.819378,4.644379,"injury","2","clear",false,1,"GM0642"
"20220221908",2022,"Uitsluitend materiele schade",2,"Bromfiets","Fiets","Los voorwerp","Rechte weg",50,"Niet brandend","Schemer","Droog",\N,"600652398","Beukelsweg","Rotterdam","Rotterdam","Zuid-Holland",false,51.920472,4.441167,"material damage only","4","clear",false,1,"GM0599"
"20220229831",2022,"Uitsluitend materiele schade",2,"Personenauto","Fiets","Kop/staart","Rechte weg",30,"Niet brandend","Daglicht","Droog",\N,"340216036","Kerkstraat","Uden","Maashorst","Noord-Brabant",false,51.660205,5.610492,"material damage only","4","clear",false,1,"GM1991"
"20220225696",2022,"Uitsluitend materiele schade",3,"Personenauto","e-bike","Onbekend","Kruispunt, 4 takken",50,"Brandend","Duisternis","Droog",\N,\N,"Aspergedreef","Bergen op Zoom","Bergen op Zoom","Noord-Brabant",false,51.512098,4.298958,"material damage only","4","clear",false,1,"GM0748"
"20220199256",2022,"Uitsluitend materiele schade",2,"Personenauto","Fiets","Flank","Kruispunt, 3 takken",30,"Brandend","Duisternis","Regen",\N,\N,"Tegulastraat","Kesteren","Neder-Betuwe","Gelderland",false,51.929267,5.574014,"material damage only","4","rain",false,1,"GM1740"
"20220204959",2022,"Letsel",2,"Fiets","Personenauto","Frontaal","Rechte weg",80,"Brandend","Schemer","Regen",\N,"600894722","Amsterdamsestraatweg","Baarn","Baarn","Utrecht",false,52.218147,5.26299,"injury","2","rain",false,1,"GM0308"
"20220208598",2022,"Uitsluitend materiele schade",2,"Personenauto","Fiets","Los voorwerp","Rechte weg",30,"Niet brandend","Daglicht","Droog",\N,"600745212","Sparresholmpad","Hoofddorp","Haarlemmermeer","Noord-Holland",false,52.310891,4.664406,"material damage only","4","clear",false,1,"GM0394"
"20220214019",2022,"Letsel",1,"Fiets",\N,"Eenzijdig","Rechte weg",30,"Brandend","Duisternis","Droog",\N,"143293001","Reiger","'s-Gravenzande","Westland","Zuid-Holland",false,52.000633,4.178995,"injury","2","clear",false,1,"GM1783"
"20220227671",2022,"Uitsluitend materiele schade",2,"Personenauto","Fiets","Geparkeerd voertuig","Rechte weg",30,"Niet brandend","Daglicht","Droog","Parkeervoorziening","349179134","Nieuwveld","Helmond","Helmond","Noord-Brabant",false,51.495164,5.668582,"material damage only","4","clear",false,1,"GM0794"
"20220206233",2022,"Letsel",2,"Snorfiets","Fiets","Flank","Kruispunt, 4 takken",\N,"Niet brandend","Daglicht","Droog",\N,\N,"Fonteinlaan","Haarlem","Haarlem","Noord-Holland",false,52.365033,4.626683,"injury","2","clear",false,1,"GM0392"
"20220213252",2022,"Letsel",2,"Personenauto","Fiets","Flank","Rotonde",50,"Niet brandend","Daglicht","Droog",\N,\N,"Dr. J. W. Paltelaan","Zoetermeer","Zoetermeer","Zuid-Holland",false,52.04999,4.489363,"injury","2","clear",false,1,"GM0637"
"20220200035",2022,"Uitsluitend materiele schade",2,"Bromfiets","Fiets","Kop/staart","Rechte weg",30,"Niet brandend","Daglicht","Droog",\N,"600861527","Dichterseweg","Doetinchem","Doetinchem","Gelderland",false,51.962763,6.282454,"material damage only","4","clear",false,1,"GM0222"
"20220200735",2022,"Uitsluitend materiele schade",2,"Personenauto","Fiets","Flank","Rotonde",50,"Niet brandend","Daglicht","Droog",\N,\N,"Randweg","Geldermalsen","West Betuwe","Gelderland",false,51.872126,5.304776,"material damage only","4","clear",false,1,"GM1960"
"20220213271",2022,"Letsel",2,"Vrachtauto","Fiets","Flank","Kruispunt, 4 takken",50,"Niet brandend","Daglicht","Droog",\N,\N,"Groen van Prinstererweg","Katwijk","Katwijk","Zuid-Holland",false,52.209405,4.408198,"injury","2","clear",false,1,"GM0537"
"20220217766",2022,"Letsel",1,"Fiets",\N,"Eenzijdig","Rechte weg",30,"Brandend","Duisternis","Droog",\N,"600724359","Wilgenhof","Pijnacker","Pijnacker-Nootdorp","Zuid-Holland",false,52.025883,4.431556,"injury","2","clear",false,1,"GM1926"
"20220227801",2022,"Letsel",1,"Fiets",\N,"Eenzijdig","Rechte weg",60,"Niet brandend","Daglicht","Droog",\N,"328234006","Amelsestraat","Oss","Oss","Noord-Brabant",false,51.74125,5.520491,"injury","2","clear",false,1,"GM0828"
"20220231134",2022,"Uitsluitend materiele schade",2,"Snorfiets","Fiets","Flank","Kruispunt, 4 takken",50,"Niet brandend","Daglicht","Droog",\N,\N,"Broeklaan","Tegelen","Venlo","Limburg",false,51.347811,6.145212,"material damage only","4","clear",false,1,"GM0983"
"20220209536",2022,"Uitsluitend materiele schade",2,"Personenauto","Fiets","Geparkeerd voertuig","Rechte weg",50,"Brandend","Duisternis","Droog","Parkeervoorziening","207379004","Velserstraat","Haarlem","Haarlem","Noord-Holland",false,52.393784,4.63295,"material damage only","4","clear",false,1,"GM0392"
"20220215681",2022,"Letsel",1,"e-bike",\N,"Eenzijdig","Rechte weg",50,"Niet brandend","Daglicht","Regen",\N,"163305091","Goeverneurlaan","'s-Gravenhage","'s-Gravenhage","Zuid-Holland",false,52.057288,4.318356,"injury","2","rain",false,1,"GM0518"
"20220216446",2022,"Letsel",2,"Fiets","Fiets","Kop/staart","Rechte weg",30,"Niet brandend","Daglicht","Droog",\N,\N,"Spui","'s-Gravenhage","'s-Gravenhage","Zuid-Holland",false,52.078364,4.313745,"injury","2","clear",false,1,"GM0518"
"20220217159",2022,"Uitsluitend materiele schade",2,"Bromfiets","Fiets","Flank","Kruispunt, 3 takken",50,"Niet brandend","Schemer","Droog",\N,\N,"Sluisweg","Katwijk","Katwijk","Zuid-Holland",false,52.206767,4.404178,"material damage only","4","clear",false,1,"GM0537"
"20220205191",2022,"Uitsluitend materiele schade",2,"Personenauto","Fiets","Flank","Rotonde",50,"Niet brandend","Daglicht","Droog",\N,\N,"Laapersweg","Hilversum","Hilversum","Noord-Holland",false,52.215745,5.183294,"material damage only","4","clear",false,1,"GM0402"
"20220212135",2022,"Uitsluitend materiele schade",3,"Bestelauto","Fiets","Onbekend","Rechte weg",30,"Niet brandend","Daglicht",\N,\N,"241375081","Westerstraat","Amsterdam","Amsterdam","Noord-Holland",false,52.378478,4.884111,"material damage only","4","unknown",false,1,"GM0363"
"20220226764",2022,"Letsel",3,"Personenauto","Fiets","Onbekend","Kruispunt, 3 takken",50,"Niet aanwezig","Daglicht","Regen",\N,\N,"Holleweg","Bergen op Zoom","Bergen op Zoom","Noord-Brabant",false,51.493168,4.313644,"injury","2","rain",false,1,"GM0748"
"20220206513",2022,"Uitsluitend materiele schade",2,"Personenauto","Fiets","Flank","Kruispunt, 4 takken",50,"Niet brandend","Daglicht","Droog",\N,\N,"Waddenzeestraat","Den Helder","Den Helder","Noord-Holland",false,52.941803,4.768848,"material damage only","4","clear",false,1,"GM0400"
"20220211504",2022,"Letsel",2,"Bromfiets","Fiets","Onbekend","Rechte weg",50,"Brandend","Duisternis","Regen",\N,"600893578","Piet Heinkade","Amsterdam","Amsterdam","Noord-Holland",false,52.376577,4.919963,"injury","2","rain",false,1,"GM0363"
"20220215837",2022,"Letsel",2,"Personenauto","Fiets","Frontaal","Kruispunt, 3 takken",50,"Niet brandend","Daglicht","Droog",\N,\N,"Bentwoudlaan","Benthuizen","Alphen aan den Rijn","Zuid-Holland",false,52.073623,4.540987,"injury","2","clear",false,1,"GM0484"
"20220219344",2022,"Uitsluitend materiele schade",1,"Fiets",\N,"Onbekend","Rotonde",\N,"Niet brandend","Daglicht","Droog",\N,\N,"Molenlaan","Rotterdam","Rotterdam","Zuid-Holland",false,51.959718,4.503814,"material damage only","4","clear",false,1,"GM0599"
"20240138952",2024,"Letsel",2,"Fiets","Personenauto","Flank","Kruispunt, 4 takken",50,"Niet brandend","Daglicht","Droog",\N,\N,"Wilhelmina Druckerstraat","Apeldoorn","Apeldoorn","Gelderland",false,52.209541,5.957041,"injury","2","clear",false,1,"GM0200"
"20240135816",2024,"Letsel",2,"Snorfiets","Fiets","Frontaal","Rechte weg",60,"Niet aanwezig","Daglicht","Droog",\N,"177247001","Zinkweg of 1e Kruisweg","Westmaas","Hoeksche Waard","Zuid-Holland",false,51.796762,4.431707,"injury","2","clear",false,1,"GM1963"
"20240138372",2024,"Uitsluitend materiele schade",2,"Personenauto","Fiets","Flank","Kruispunt, 3 takken",50,"Niet brandend","Daglicht","Droog",\N,\N,"Veldbloemenlaan","Arnhem","Arnhem","Gelderland",false,51.965442,5.908088,"material damage only","4","clear",false,1,"GM0202"
"20240141346",2024,"Uitsluitend materiele schade",2,"Fiets","Fiets","Onbekend","Rechte weg",30,"Niet brandend","Daglicht","Droog",\N,"388338022","De Ruyterstraat","Apeldoorn","Apeldoorn","Gelderland",false,52.211598,5.959396,"material damage only","4","clear",false,1,"GM0200"
"20240144992",2024,"Uitsluitend materiele schade",2,"Personenauto","Fiets","Flank","Kruispunt, 4 takken",50,"Niet brandend","Daglicht","Droog","Tankstation",\N,"FIETSPAD","Oosterhout","Oosterhout","Noord-Brabant",false,51.67304,4.824664,"material damage only","4","clear",false,1,"GM0826"
"20240147622",2024,"Letsel",1,"Fiets",\N,"Onbekend",\N,60,\N,"Duisternis",\N,\N,"320240005","Gewandeweg","Oss","Oss","Noord-Brabant",false,51.771854,5.475241,"injury","2","unknown",false,1,"GM0828"
"20240134004",2024,"Letsel",1,"Fiets",\N,"Onbekend","Rechte weg",\N,"Brandend","Duisternis","Droog",\N,"600912571","Leyweg","'s-Gravenhage","'s-Gravenhage","Zuid-Holland",false,52.05599,4.267652,"injury","2","clear",false,1,"GM0518"
"20240140229",2024,"Uitsluitend materiele schade",2,"Fiets","Bromfiets","Flank","Rechte weg",30,"Niet aanwezig","Daglicht","Regen",\N,"600997039","Lage Weide","Warnsveld","Zutphen","Gelderland",false,52.135979,6.222234,"material damage only","4","rain",false,1,"GM0301"
"20240141004",2024,"Uitsluitend materiele schade",2,"Landbouwvoertuig","Fiets","Kop/staart","Rechte weg",50,"Brandend","Duisternis","Regen",\N,"400411117","Moeraszegge","Zwolle","Zwolle","Overijssel",false,52.537487,6.057214,"material damage only","4","rain",false,1,"GM0193"
"20240141387",2024,"Letsel",2,"Personenauto","Fiets","Flank","Kruispunt, 3 takken",30,"Niet brandend","Daglicht","Droog",\N,\N,"Ugchelseweg","Apeldoorn","Apeldoorn","Gelderland",false,52.196039,5.947988,"injury","2","clear",false,1,"GM0200"
"20240134635",2024,"Letsel",3,"Personenauto","Fiets","Flank","Kruispunt, 4 takken",30,"Brandend","Schemer","Droog",\N,\N,"Vuurplaat","Rotterdam","Rotterdam","Zuid-Holland",false,51.906814,4.505816,"injury","2","clear",false,1,"GM0599"
"20240149521",2024,"Letsel",2,"Personenauto","Fiets","Flank","Kruispunt, 4 takken",50,"Niet brandend","Daglicht","Droog",\N,\N,"Europaweg","Hardenberg","Hardenberg","Overijssel",false,52.573006,6.616169,"injury","2","clear",false,1,"GM0160"
"20240149903",2024,"Letsel",2,"Personenauto","Fiets","Flank","Kruispunt, 3 takken",60,"Niet brandend","Daglicht","Droog",\N,\N,"De Vledders","Eursinge","Midden-Drenthe","Drenthe",false,52.837064,6.60667,"injury","2","clear",false,1,"GM1731"
"20240135946",2024,"Letsel",2,"Personenauto","Fiets","Flank","Rechte weg",50,"Brandend","Duisternis","Regen",\N,"210261044","Randweg","Alblasserdam","Alblasserdam","Zuid-Holland",false,51.863413,4.668806,"injury","2","rain",false,1,"GM0482"
"20240136555",2024,"Uitsluitend materiele schade",2,"Personenauto","Fiets","Flank","Kruispunt, 3 takken",30,"Niet brandend","Daglicht","Droog",\N,\N,"Beersebaan","Cuijk","Land van Cuijk","Noord-Brabant",false,51.73595,5.880158,"material damage only","4","clear",false,1,"GM1982"
"20240140097",2024,"Uitsluitend materiele schade",2,"Fiets","Personenauto","Flank","Kruispunt, 4 takken",30,"Niet brandend","Daglicht","Droog",\N,\N,"Rougestraat","Almere","Almere","Flevoland",false,52.395373,5.29268,"material damage only","4","clear",false,1,"GM0034"
"20240141850",2024,"Uitsluitend materiele schade",2,"Personenauto","Fiets","Flank","Kruispunt, 4 takken",50,"Niet brandend","Daglicht","Regen",\N,\N,"Ouddiemerlaan","Diemen","Diemen","Noord-Holland",false,52.338331,4.96157,"material damage only","4","rain",false,1,"GM0384"
"20240142756",2024,"Uitsluitend materiele schade",2,"Snorfiets","Fiets","Flank","Kruispunt, 4 takken",50,"Brandend","Duisternis","Droog",\N,\N,"Minckelersstraat","Hilversum","Hilversum","Noord-Holland",false,52.224962,5.193974,"material damage only","4","clear",false,1,"GM0402"
"20240143271",2024,"Uitsluitend materiele schade",2,"Personenauto","Fiets","Flank","Kruispunt, 4 takken",30,"Brandend","Duisternis","Droog",\N,\N,"Willem Dreeslaan","Zoetermeer","Zoetermeer","Zuid-Holland",false,52.062958,4.531736,"material damage only","4","clear",false,1,"GM0637"
"20240136004",2024,"Uitsluitend materiele schade",2,"Personenauto","Fiets","Flank","Kruispunt, 3 takken",50,"Niet brandend","Daglicht","Droog",\N,\N,"Van Eesterensingel","Alblasserdam","Alblasserdam","Zuid-Holland",false,51.864168,4.662762,"material damage only","4","clear",false,1,"GM0482"
"20240150579",2024,"Uitsluitend materiele schade",2,"Fiets","Personenauto","Frontaal","Rotonde",50,"Niet brandend","Schemer","Droog",\N,\N,"Rijksstraatweg","Leersum","Utrechtse Heuvelrug","Utrecht",false,52.001764,5.449602,"material damage only","4","clear",false,1,"GM1581"
"20240150846",2024,"Letsel",2,"Fiets","Personenauto","Onbekend","Rotonde",30,"Niet brandend","Daglicht","Regen",\N,\N,"Touwlaan","IJsselstein","IJsselstein","Utrecht",false,52.019593,5.038811,"injury","2","rain",false,1,"GM0353"
"20240141523",2024,"Letsel",2,"Fiets","Fiets","Frontaal","Rechte weg",50,"Niet brandend","Daglicht","Droog",\N,"600363583","Insulindeweg","Amsterdam","Amsterdam","Noord-Holland",false,52.362147,4.942108,"injury","2","clear",false,1,"GM0363"
"20240142854",2024,"Letsel",2,"Personenauto","Fiets","Los voorwerp","Kruispunt, 4 takken",60,"Niet brandend","Daglicht","Droog",\N,\N,"Zwarteweg","'t Veld","Hollands Kroon","Noord-Holland",false,52.746004,4.848235,"injury","2","clear",false,1,"GM1911"
"20240143382",2024,"Letsel",1,"Fiets",\N,"Onbekend","Bocht",30,"Brandend","Duisternis","Regen",\N,"185326059","Akkerhof","Leiden","Leiden","Zuid-Holland",false,52.152962,4.478493,"injury","2","rain",false,1,"GM0546"
"20240134807",2024,"Uitsluitend materiele schade",2,"Bromfiets","Fiets","Flank","Kruispunt, 3 takken",30,"Niet brandend","Daglicht","Droog",\N,\N,"FIETSPAD","Tilburg","Tilburg","Noord-Brabant",false,51.569975,5.062085,"material damage only","4","clear",false,1,"GM0855"
"20240151033",2024,"Letsel",2,"Fiets","Personenauto","Flank","Kruispunt, 4 takken",50,"Niet brandend","Daglicht","Droog",\N,\N,"Rembrandtlaan","Veenendaal","Veenendaal","Utrecht",false,52.021606,5.545624,"injury","2","clear",false,1,"GM0345"
"20240151233",2024,"Uitsluitend materiele schade",2,"Personenauto","Fiets","Flank","Rotonde",50,"Brandend","Duisternis","Regen",\N,\N,"Klaphekweg","Ede","Ede","Gelderland",false,52.038603,5.649904,"material damage only","4","rain",false,1,"GM0228"
"20240147646",2024,"Uitsluitend materiele schade",2,"Personenauto","Fiets","Flank","Rechte weg",30,"Brandend","Duisternis","Regen",\N,"601264275","Stationsplein","Sittard","Sittard-Geleen","Limburg",false,51.00236,5.859794,"material damage only","4","rain",false,1,"GM1883"
"20240143009",2024,"Letsel",2,"Personenauto","Fiets","Flank","Kruispunt, 4 takken",50,"Niet brandend","Daglicht","Droog",\N,\N,"Zwolsestraat","'s-Gravenhage","'s-Gravenhage","Zuid-Holland",false,52.112971,4.293401,"injury","2","clear",false,1,"GM0518"
"20240145478",2024,"Uitsluitend materiele schade",2,"Snorfiets","Fiets","Flank","Kruispunt, 3 takken",50,"Niet brandend","Daglicht","Droog",\N,\N,"Julianalaan","Breda","Breda","Noord-Brabant",false,51.578715,4.767847,"material damage only","4","clear",false,1,"GM0758"
"20240138788",2024,"Letsel",2,"Fiets","Personenauto","Flank","Rechte weg",50,"Brandend","Duisternis","Droog",\N,"600840406","Europaweg","Apeldoorn","Apeldoorn","Gelderland",false,52.204074,5.954385,"injury","2","clear",false,1,"GM0200"
"20240143100",2024,"Letsel",2,"Personenauto","Fiets","Geparkeerd voertuig","Rechte weg",50,"Niet brandend","Daglicht","Droog",\N,"156311067","Sportlaan","'s-Gravenhage","'s-Gravenhage","Zuid-Holland",false,52.084225,4.269732,"injury","2","clear",false,1,"GM0518"
"20240145651",2024,"Uitsluitend materiele schade",2,"Bromfiets","Fiets","Onbekend","Rechte weg",60,"Brandend","Duisternis",\N,\N,"201256006","Langeweg","Zwijndrecht","Zwijndrecht","Zuid-Holland",false,51.836281,4.606686,"material damage only","4","unknown",false,1,"GM0642"
"20240146490",2024,"Uitsluitend materiele schade",1,"Fiets",\N,"Onbekend","Kruispunt, 4 takken",30,"Niet brandend","Daglicht","Droog",\N,\N,"Sint Hubertuslaan","Maastricht","Maastricht","Limburg",false,50.841913,5.689015,"material damage only","4","clear",false,1,"GM0935"
"20240133800",2024,"Letsel",2,"Fiets","Fiets","Onbekend","Rechte weg",30,"Niet brandend","Daglicht","Droog",\N,"192329110","Buitenhoflaan","Leiderdorp","Leiderdorp","Zuid-Holland",false,52.168713,4.531336,"injury","2","clear",false,1,"GM0547"
"20240133845",2024,"Letsel",3,"Fiets","Personenauto","Onbekend","Kruispunt, 4 takken",50,"Niet brandend","Daglicht","Droog",\N,\N,"Grote Beer","Amstelveen","Amstelveen","Noord-Holland",false,52.282022,4.852247,"injury","2","clear",false,1,"GM0362"
"20240134436",2024,"Letsel",1,"Fiets",\N,"Onbekend","Rechte weg",60,"Niet brandend","Daglicht","Droog",\N,"600944996","Wernhoutseweg","Wernhout","Zundert","Noord-Brabant",false,51.447094,4.637492,"injury","2","clear",false,1,"GM0879"
"20240136954",2024,"Uitsluitend materiele schade",2,"Personenauto","Fiets","Flank","Rotonde",50,"Niet brandend","Daglicht","Droog",\N,\N,"Boterbloem","Boxmeer","Land van Cuijk","Noord-Brabant",false,51.658112,5.94207,"material damage only","4","clear",false,1,"GM1982"
"20240137612",2024,"Uitsluitend materiele schade",2,"Bromfiets","Fiets","Flank","Rechte weg",30,"Niet brandend","Daglicht","Droog",\N,\N,"Herdenkingsplein","Maastricht","Maastricht","Limburg",false,50.849612,5.681921,"material damage only","4","clear",false,1,"GM0935"
"20240138237",2024,"Letsel",2,"Fiets","Personenauto","Flank","Rechte weg",50,"Niet brandend","Daglicht","Droog",\N,"601177242","Ln der Verenigde Naties","Ede","Ede","Gelderland",false,52.015993,5.645761,"injury","2","clear",false,1,"GM0228"
"20240138896",2024,"Uitsluitend materiele schade",2,"Personenauto","Fiets","Onbekend","Kruispunt, 3 takken",30,"Niet brandend","Daglicht","Droog",\N,\N,"Grotestraat","Markelo","Hof van Twente","Overijssel",false,52.236493,6.490937,"material damage only","4","clear",false,1,"GM1735"
"20240134486",2024,"Uitsluitend materiele schade",2,"Bromfiets","Fiets","Kop/staart","Bocht",\N,"Niet brandend","Daglicht","Droog",\N,"182275122","Weena","Rotterdam","Rotterdam","Zuid-Holland",false,51.922525,4.462786,"material damage only","4","clear",false,1,"GM0599"
"20240136996",2024,"Uitsluitend materiele schade",2,"Personenauto","Fiets","Flank","Kruispunt, 3 takken",80,"Brandend","Duisternis","Droog",\N,\N,"Tuinbouwweg","Made","Drimmelen","Noord-Brabant",false,51.676042,4.820873,"material damage only","4","clear",false,1,"GM1719"
"20240137006",2024,"Letsel",2,"Personenauto","e-bike","Flank","Rotonde",50,"Niet brandend","Daglicht","Droog",\N,\N,"Nachtegaallaan","Helmond","Helmond","Noord-Brabant",false,51.490862,5.666015,"injury","2","clear",false,1,"GM0794"
"20240138928",2024,"Uitsluitend materiele schade",2,"Fiets","Fiets","Frontaal","Rechte weg",50,"Niet brandend","Daglicht","Droog",\N,\N,"Bosweg","Malden","Heumen","Gelderland",false,51.783741,5.868172,"material damage only","4","clear",false,1,"GM0252"
"20240001936",2024,"Letsel",2,"Personenauto","Fiets","Flank","Kruispunt, 4 takken",50,"Brandend","Duisternis","Regen",\N,\N,"Schoolstraat","Burgum","Tytsjerksteradiel","Friesland",false,53.194069,5.996626,"injury","2","rain",false,1,"GM0737"
"20240007328",2024,"Uitsluitend materiele schade",2,"Bestelauto","Fiets","Frontaal","Kruispunt, 4 takken",30,"Niet brandend","Daglicht","Droog",\N,\N,"Erasmusweg","'s-Gravenhage","'s-Gravenhage","Zuid-Holland",false,52.047231,4.293256,"material damage only","4","clear",false,1,"GM0518"
"20240007874",2024,"Letsel",2,"Personenauto","Fiets","Flank","Rechte weg",30,"Brandend","Duisternis","Droog",\N,"600737045","Dorpsstraat","Hazerswoude-Dorp","Alphen aan den Rijn","Zuid-Holland",false,52.09659,4.590972,"injury","2","clear",false,1,"GM0484"
"20240012440",2024,"Letsel",2,"Personenauto","Fiets","Flank","Kruispunt, 4 takken",30,"Brandend","Schemer","Regen",\N,\N,"Ferdinand Bolstraat","Amsterdam","Amsterdam","Noord-Holland",false,52.35345,4.890887,"injury","2","rain",false,1,"GM0363"
"20240001667",2024,"Uitsluitend materiele schade",2,"Personenauto","Fiets","Onbekend",\N,30,\N,"Daglicht",\N,\N,"178188002","Burg Freijterslaan","Roosendaal","Roosendaal","Noord-Brabant",false,51.533211,4.441715,"material damage only","4","unknown",false,1,"GM1674"
"20240012480",2024,"Letsel",2,"Personenauto","Fiets","Onbekend","Rechte weg",50,"Brandend","Duisternis","Droog",\N,"162305150","Waldorpstraat","'s-Gravenhage","'s-Gravenhage","Zuid-Holland",false,52.056827,4.309635,"injury","2","clear",false,1,"GM0518"
"20230112906",2023,"Letsel",2,"Personenauto","Fiets","Flank","Kruispunt, 4 takken",50,"Brandend","Duisternis","Droog",\N,\N,"Dahlialaan","Oegstgeest","Oegstgeest","Zuid-Holland",false,52.18958,4.469552,"injury","2","clear",false,1,"GM0579"
"20240002045",2024,"Letsel",2,"Bestelauto","Fiets","Flank","Kruispunt, 3 takken",30,"Niet brandend","Daglicht","Regen",\N,\N,"Troelstrastraat","Oss","Oss","Noord-Brabant",false,51.754163,5.503861,"injury","2","rain",false,1,"GM0828"
"20240008635",2024,"Uitsluitend materiele schade",2,"Fiets","Overig vast object","Vast voorwerp","Rechte weg",50,"Brandend","Duisternis","Droog",\N,"601060636","Metamorfosenallee","Arnhem","Arnhem","Gelderland",false,51.954642,5.85183,"material damage only","4","clear",false,1,"GM0202"
"20240010507",2024,"Letsel",2,"Personenauto","Fiets","Flank","Kruispunt, 4 takken",30,"Niet brandend","Daglicht","Droog",\N,\N,"De Biezenkamp","Leusden","Leusden","Utrecht",false,52.137591,5.429031,"injury","2","clear",false,1,"GM0327"
"20240152391",2024,"Letsel",3,"Fiets","e-bike","Flank","Rotonde",50,"Niet brandend","Daglicht","Droog",\N,\N,"Dr. J.M. den Uylsingel","Alphen aan den Rijn","Alphen aan den Rijn","Zuid-Holland",false,52.128478,4.653875,"injury","2","clear",false,1,"GM0484"