"accident_id","year","severity_raw","party_count","party1_type","party2_type","accident_type","road_situation","speed_limit_kmh","road_lighting","light_condition_label","weather_raw","infra_type","road_segment_id","street_name","place_name","gemeente_name_raw","province","alcohol_indicated","latitude","longitude","severity_label","severity_code","weather_label","built_up_area","cyclists_involved","gemeente_code"
"20240155086",2024,"Letsel",1,"Fiets",\N,"Onbekend","Rechte weg",30,"Brandend","Duisternis","Regen",\N,"600371830","Pelikaanstraat","Leiden","Leiden","Zuid-Holland",false,52.160539,4.49701,"injury","2","rain",false,1,"GM0546"
"20240012549",2024,"Uitsluitend materiele schade",2,"Personenauto","Fiets","Kop/staart","Rechte weg",50,"Niet brandend","Daglicht","Droog",\N,"186330021","Van Swietenstraat","Leiden","Leiden","Zuid-Holland",false,52.170914,4.484178,"material damage only","4","clear",false,1,"GM0546"
"20240012560",2024,"Letsel",1,"Fiets",\N,"Eenzijdig","Rechte weg",50,"Niet brandend","Duisternis","Droog",\N,"600434383","Hobbemastraat","'s-Gravenhage","'s-Gravenhage","Zuid-Holland",false,52.06832,4.301173,"injury","2","clear",false,1,"GM0518"
"20240023915",2024,"Uitsluitend materiele schade",2,"Personenauto","Fiets","Onbekend","Rotonde",30,"Niet brandend","Daglicht","Regen",\N,\N,"Stationsweg","'s-Hertogenbosch","'s-Hertogenbosch","Noord-Brabant",false,51.69042,5.298169,"material damage only","4","rain",false,1,"GM0796"
"20240151804",2024,"Letsel",2,"Personenauto","Fiets","Flank","Kruispunt, 4 takken",50,"Brandend","Duisternis","Droog",\N,\N,"Pastoor Heimerikxstraat","Enter","Wierden","Overijssel",false,52.292724,6.576515,"injury","2","clear",false,1,"GM0189"
"20240154474",2024,"Letsel",1,"Fiets",\N,"Onbekend","Rechte weg",50,"Niet brandend","Daglicht","Droog",\N,"141292083","Oudelandstraat","'s-Gravenzande","Westland","Zuid-Holland",false,52.000297,4.163292,"injury","2","clear",false,1,"GM1783"
"20230107731",2023,"Letsel",2,"Personenauto","Fiets","Onbekend","Rechte weg",50,"Brandend","Duisternis","Regen",\N,"181274044","Beukelsdijk","Rotterdam","Rotterdam","Zuid-Holland",false,51.920721,4.452665,"injury","2","rain",false,1,"GM0599"
"20240017761",2024,"Letsel",2,"Fiets","Fiets","Flank","Rechte weg",50,"Niet brandend","Daglicht","Droog",\N,\N,"Bosrand","Almelo","Almelo","Overijssel",false,52.368342,6.658835,"injury","2","clear",false,1,"GM0141"
"20240153185",2024,"Letsel",3,"Personenauto","Fiets","Flank","Kruispunt, 4 takken",30,"Brandend","Duisternis","Regen",\N,\N,"Spuistraat","Amsterdam","Amsterdam","Noord-Holland",true,52.373297,4.88968,"injury","2","rain",false,1,"GM0363"
"20230111914",2023,"Letsel",2,"Personenauto","Fiets","Flank","Kruispunt, 4 takken",50,"Niet brandend","Daglicht","Droog",\N,\N,"Gedempte Oude Gracht","Haarlem","Haarlem","Noord-Holland",false,52.377864,4.638007,"injury","2","clear",false,1,"GM0392"
"20240018531",2024,"Uitsluitend materiele schade",2,"Personenauto","Fiets","Flank","Rotonde",50,"Niet brandend","Daglicht","Regen",\N,\N,"Paltrokstraat","Zaandam","Zaanstad","Noord-Holland",false,52.457913,4.817647,"material damage only","4","rain",false,1,"GM0479"
"20240018816",2024,"Letsel",2,"Personenauto","Fiets","Flank","Kruispunt, 4 takken",50,"Brandend","Daglicht","Droog",\N,\N,"Venkelstraat","Haarlem","Haarlem","Noord-Holland",false,52.367359,4.648243,"injury","2","clear",false,1,"GM0392"
"20240013564",2024,"Letsel",2,"Bestelauto","Fiets","Onbekend","Kruispunt, 3 takken",50,"Niet brandend","Daglicht","Droog",\N,\N,"Burgemeester Wiegelweg","Amstelveen","Amstelveen","Noord-Holland",false,52.274995,4.83477,"injury","2","clear",false,1,"GM0362"
"20240152563",2024,"Letsel",1,"Fiets",\N,"Eenzijdig","Rechte weg",\N,"Brandend","Duisternis","Droog",\N,"163315088","Oude Waalsdorperweg","'s-Gravenhage","'s-Gravenhage","Zuid-Holland",false,52.105792,4.320362,"injury","2","clear",false,1,"GM0518"
"20240154556",2024,"Letsel",2,"Personenauto","Fiets","Flank","Rechte weg",30,"Brandend","Duisternis","Droog",\N,"184274038","Aert van Nesstraat","Rotterdam","Rotterdam","Zuid-Holland",false,51.920845,4.477079,"injury","2","clear",false,1,"GM0599"
"20240021450",2024,"Letsel",2,"Fiets","Overig vast object","Vast voorwerp","Bocht",50,"Niet aanwezig","Daglicht","Droog",\N,"601004188","Rene Jansenpad","Zwaanshoek","Haarlemmermeer","Noord-Holland",false,52.306556,4.621945,"injury","2","clear",false,1,"GM0394"
"20240014284",2024,"Uitsluitend materiele schade",2,"Personenauto","Fiets","Onbekend",\N,30,"Niet brandend","Daglicht","Droog",\N,\N,"Esdoornstraat","Tilburg","Tilburg","Noord-Brabant",false,51.557152,5.074677,"material damage only","4","clear",false,1,"GM0855"
"20240151978",2024,"Letsel",3,\N,"Fiets","Vast voorwerp","Rechte weg",30,"Brandend","Duisternis","Regen",\N,"240372150","1e C Huygensstr","Amsterdam","Amsterdam","Noord-Holland",false,52.364907,4.874225,"injury","2","rain",false,1,"GM0363"
"20240013329",2024,"Letsel",2,"Personenauto","Fiets","Frontaal","Kruispunt, 4 takken",30,"Niet brandend","Daglicht","Droog",\N,\N,"Venenlaan","Hoorn","Hoorn","Noord-Holland",false,52.643829,5.073715,"injury","2","clear",false,1,"GM0405"
"20240012249",2024,"Letsel",2,"Fiets","Fiets","Onbekend","Kruispunt, 4 takken",50,"Brandend","Duisternis","Droog",\N,"600893587","NW AMSTELBRUG 0101","Amsterdam","Amsterdam","Noord-Holland",false,52.356178,4.905992,"injury","2","clear",false,1,"GM0363"
"20240014387",2024,"Uitsluitend materiele schade",2,"Brommobiel","Fiets","Onbekend","Kruispunt, 4 takken",30,"Brandend","Duisternis","Regen",\N,\N,"Schere","Rotterdam","Rotterdam","Zuid-Holland",false,51.875206,4.494299,"material damage only","4","rain",false,1,"GM0599"
"20240016334",2024,"Uitsluitend materiele schade",2,"Personenauto","Fiets","Flank","Kruispunt, 4 takken",30,"Niet brandend","Daglicht","Regen",\N,\N,"Doornburg","Eindhoven","Eindhoven","Noord-Brabant",false,51.421828,5.438491,"material damage only","4","rain",false,1,"GM0772"
"20240152042",2024,"Uitsluitend materiele schade",2,"Personenauto","Fiets","Flank","Kruispunt, 3 takken",30,"Niet brandend","Daglicht","Regen",\N,\N,"Comeniusstraat","Amsterdam","Amsterdam","Noord-Holland",false,52.359197,4.826161,"material damage only","4","rain",false,1,"GM0363"
"20240152044",2024,"Letsel",1,"Fiets",\N,"Flank","Rechte weg",50,"Niet brandend","Daglicht","Droog",\N,"217296073","Thorbeckelaan","Gouda","Gouda","Zuid-Holland",false,52.021805,4.710805,"injury","2","clear",false,1,"GM0513"
"20240152682",2024,"Uitsluitend materiele schade",2,"Fiets","Personenauto","Flank","Bocht",30,"Niet brandend","Daglicht","Droog",\N,"600759796","Beukenlaan","Heerhugowaard","Dijk en Waard","Noord-Holland",false,52.665656,4.846531,"material damage only","4","clear",false,1,"GM1980"
"20240154906",2024,"Letsel",2,"Personenauto","Fiets","Geparkeerd voertuig","Rechte weg",30,"Niet brandend","Daglicht","Droog",\N,"600978347","Verdistraat","Leiden","Leiden","Zuid-Holland",false,52.145259,4.474132,"injury","2","clear",false,1,"GM0546"
"20240007098",2024,"Uitsluitend materiele schade",2,"Personenauto","Fiets","Flank","Kruispunt, 4 takken",50,"Niet brandend","Daglicht","Regen",\N,\N,"Wibautstraat","Amsterdam","Amsterdam","Noord-Holland",false,52.356352,4.910743,"material damage only","4","rain",false,1,"GM0363"
"20240015472",2024,"Letsel",2,"Personenauto","Fiets","Flank","Rotonde",30,"Niet brandend","Daglicht","Droog",\N,\N,"Postelse Hoeflaan","Tilburg","Tilburg","Noord-Brabant",false,51.573349,5.058948,"injury","2","clear",false,1,"GM0855"
"20240015502",2024,"Letsel",2,"Personenauto","Fiets","Flank","Kruispunt, 4 takken",30,"Niet brandend","Daglicht","Droog",\N,\N,"Hagesteinstraat","Tilburg","Tilburg","Noord-Brabant",false,51.58049,5.002878,"injury","2","clear",false,1,"GM0855"
"20240154028",2024,"Letsel",2,"Personenauto","Fiets","Flank","Kruispunt, 3 takken",50,"Brandend","Schemer","Regen",\N,"601064350","Moezelweg","Europoort Rotterdam","Rotterdam","Zuid-Holland",false,51.913327,4.1945,"injury","2","rain",false,1,"GM0599"
"20230111510",2023,"Letsel",2,"Personenauto","Fiets","Flank","Rechte weg",30,"Brandend","Duisternis","Harde windstoten/Regen",\N,\N,"Pieter Kieftstraat","Castricum","Castricum","Noord-Holland",false,52.543655,4.665443,"injury","2","unknown",false,1,"GM0383"
"20240156343",2024,"Uitsluitend materiele schade",2,"Personenauto","Fiets","Flank","Kruispunt, 4 takken",30,"Brandend","Duisternis","Regen",\N,\N,"Veluwelaan","Eindhoven","Eindhoven","Noord-Brabant",false,51.476398,5.463784,"material damage only","4","rain",false,1,"GM0772"
"20230111530",2023,"Letsel",2,"Personenauto","Fiets","Flank","Kruispunt, 4 takken",50,"Niet brandend","Daglicht","Droog",\N,\N,"Torenplein","Schagen","Schagen","Noord-Holland",false,52.785237,4.797654,"injury","2","clear",false,1,"GM0441"
"20240156369",2024,"Uitsluitend materiele schade",1,"Fiets",\N,"Onbekend","Rechte weg",\N,"Niet brandend","Daglicht","Droog",\N,"282152001","Franse Hoef","Bladel","Bladel","Noord-Brabant",false,51.375773,5.194287,"material damage only","4","clear",false,1,"GM1728"
"20240021477",2024,"Letsel",2,"Personenauto","Fiets","Flank","Rotonde",50,"Niet brandend","Daglicht","Droog",\N,\N,"Oosteinderweg","Aalsmeer","Aalsmeer","Noord-Holland",false,52.269349,4.754819,"injury","2","clear",false,1,"GM0358"
"20240021676",2024,"Letsel",2,"Personenauto","Fiets","Flank","Rotonde",50,"Brandend","Schemer","Droog",\N,\N,"Koningin Máximalaan","De Kwakel","Uithoorn","Noord-Holland",false,52.245883,4.807986,"injury","2","clear",false,1,"GM0451"
"20240152231",2024,"Uitsluitend materiele schade",3,"Personenauto","Fiets","Los voorwerp","Kruispunt, 4 takken",30,"Niet aanwezig","Daglicht","Droog",\N,\N,"Woudenbergstraat","'s-Gravenhage","'s-Gravenhage","Zuid-Holland",false,52.058714,4.276495,"material damage only","4","clear",false,1,"GM0518"
"20240152232",2024,"Letsel",2,"Personenauto","Fiets","Onbekend","Kruispunt, 4 takken",50,"Brandend","Duisternis","Droog",\N,\N,"Beeklaan","'s-Gravenhage","'s-Gravenhage","Zuid-Holland",false,52.077629,4.278082,"injury","2","clear",false,1,"GM0518"
"20230111027",2023,"Uitsluitend materiele schade",1,"Fiets",\N,"Eenzijdig","Rechte weg",\N,"Niet brandend","Daglicht","Droog","Brug/viaduct","600731629","Molenaarspad","Leiden","Leiden","Zuid-Holland",false,52.176582,4.507412,"material damage only","4","clear",false,1,"GM0546"
"20230111619",2023,"Letsel",2,"Personenauto","Fiets","Onbekend","Rotonde",50,"Brandend","Duisternis","Harde windstoten",\N,\N,"Europaweg","Haarlem","Haarlem","Noord-Holland",false,52.355127,4.648199,"injury","2","unknown",false,1,"GM0392"
"20230024242",2023,"Uitsluitend materiele schade",2,"Personenauto","Fiets","Flank","Kruispunt, 4 takken",30,"Niet brandend","Daglicht","Regen",\N,\N,"Burg Van de Pollstraat","Amsterdam","Amsterdam","Noord-Holland",false,52.374801,4.832762,"material damage only","4","rain",false,1,"GM0363"
"20230025425",2023,"Uitsluitend materiele schade",2,"Personenauto","Fiets","Los voorwerp","Rechte weg",50,"Brandend","Duisternis","Regen",\N,"600920420","Oud-Beijerlandsedijk","Oud-Beijerland","Hoeksche Waard","Zuid-Holland",false,51.821105,4.437497,"material damage only","4","rain",false,1,"GM1963"
"20240030404",2024,"Letsel",3,\N,"Fiets","Los voorwerp","Rechte weg",50,"Niet brandend","Daglicht","Droog",\N,\N,"Meer en Duin","Lisse","Lisse","Zuid-Holland",false,52.270925,4.564031,"injury","2","clear",false,1,"GM0553"
"20230066968",2023,"Letsel",2,"Bromfiets","Fiets","Flank","Kruispunt, 3 takken",50,"Niet brandend","Daglicht","Droog",\N,\N,"Schipholpoort","Haarlem","Haarlem","Noord-Holland",false,52.368718,4.644408,"injury","2","clear",false,1,"GM0392"
"20230067103",2023,"Uitsluitend materiele schade",2,"Bestelauto","Fiets","Flank","Rechte weg",50,"Niet brandend","Daglicht","Droog",\N,"246369065","Wibautstraat","Amsterdam","Amsterdam","Noord-Holland",false,52.349005,4.91835,"material damage only","4","clear",false,1,"GM0363"
"20230067122",2023,"Letsel",2,"Personenauto","Fiets","Flank","Kruispunt, 4 takken",30,"Niet brandend","Daglicht","Droog",\N,\N,"Graaf Janstraat","Beverwijk","Beverwijk","Noord-Holland",true,52.482394,4.662377,"injury","2","clear",false,1,"GM0375"
"20230067292",2023,"Uitsluitend materiele schade",2,"Fiets","Fiets","Onbekend","Rechte weg",60,"Niet brandend","Daglicht","Droog",\N,"600628899","Breudijk","Harmelen","Woerden","Utrecht",false,52.110961,4.976765,"material damage only","4","clear",false,1,"GM0632"
"20230067782",2023,"Uitsluitend materiele schade",1,"Fiets",\N,"Onbekend","Kruispunt, 4 takken",50,"Niet brandend","Daglicht","Droog",\N,\N,"Javastraat","Amsterdam","Amsterdam","Noord-Holland",false,52.36343,4.931478,"material damage only","4","clear",false,1,"GM0363"
"20230067788",2023,"Uitsluitend materiele schade",2,"Personenauto","Fiets","Flank","Kruispunt, 4 takken",30,"Niet brandend","Daglicht","Regen",\N,\N,"Jan Wolkerssingel","Utrecht","Utrecht","Utrecht",false,52.095127,5.063056,"material damage only","4","rain",false,1,"GM0344"
"20230021411",2023,"Letsel",1,"Fiets",\N,"Eenzijdig","Bocht",30,"Niet aanwezig","Daglicht","Droog",\N,"190338016","Oosteinde","Warmond","Teylingen","Zuid-Holland",false,52.210415,4.509346,"injury","2","clear",false,1,"GM1525"
"20230022546",2023,"Letsel",1,"Fiets",\N,"Eenzijdig","Rechte weg",30,"Niet brandend","Daglicht","Droog",\N,"170295050","Van Lodensteynstraat","Delft","Delft","Zuid-Holland",false,52.013253,4.373155,"injury","2","clear",false,1,"GM0503"
"20240027821",2024,"Uitsluitend materiele schade",2,"Snorfiets","Fiets","Flank","Rechte weg",\N,"Niet aanwezig","Daglicht","Droog",\N,"286373072","Wagenmakerbaan","Almere","Almere","Flevoland",false,52.369816,5.21594,"material damage only","4","clear",false,1,"GM0034"
"20240028716",2024,"Letsel",2,"Bromfiets","Fiets","Frontaal","Rechte weg",\N,"Niet brandend","Daglicht","Regen",\N,"600685124","Biltse Rading","Utrecht","Utrecht","Utrecht",false,52.103459,5.153517,"injury","2","rain",false,1,"GM0344"
"20230031763",2023,"Letsel",2,"Personenauto","Fiets","Flank","Kruispunt, 3 takken",30,"Brandend","Duisternis","Regen",\N,\N,"Molenstraat","Venlo","Venlo","Limburg",false,51.376589,6.181007,"injury","2","rain",false,1,"GM0983"
"20240030429",2024,"Letsel",3,"Fiets","Fiets","Frontaal","Rechte weg",50,"Niet brandend","Daglicht","Droog",\N,"600997549","Schoemakerstraat","Delft","Delft","Zuid-Holland",false,51.999353,4.378904,"injury","2","clear",false,1,"GM0503"
"20230067144",2023,"Letsel",2,"Fiets","Fiets","Onbekend","Rechte weg",50,"Brandend","Duisternis","Droog",\N,\N,"Bloemendaalseweg","Bloemendaal","Bloemendaal","Noord-Holland",false,52.401976,4.617445,"injury","2","clear",false,1,"GM0377"
"20230068455",2023,"Uitsluitend materiele schade",2,"Fiets","Fiets","Onbekend","Rechte weg",60,"Niet brandend","Daglicht","Droog",\N,"174310086","Oostvlietweg","Leidschendam","Leidschendam-Voorburg","Zuid-Holland",false,52.082391,4.402282,"material damage only","4","clear",false,1,"GM1916"
"20240028572",2024,"Uitsluitend materiele schade",2,"Personenauto","e-bike","Flank","Kruispunt, 3 takken",30,"Niet brandend","Daglicht","Droog",\N,\N,"Slotstraat","Barneveld","Barneveld","Gelderland",false,52.130285,5.577774,"material damage only","4","clear",false,1,"GM0203"
"20230036168",2023,"Letsel",2,"Landbouwvoertuig","Fiets","Flank","Rechte weg",50,"Niet brandend","Daglicht","Droog",\N,"600878406","Industriestraat","Haaksbergen","Haaksbergen","Overijssel",false,52.153031,6.717352,"injury","2","clear",false,1,"GM0158"
"20230069233",2023,"Letsel",2,"Personenauto","Fiets","Flank","Kruispunt, 3 takken",50,"Niet brandend","Daglicht","Droog",\N,\N,"Kennedylaan","Nieuwkoop","Nieuwkoop","Zuid-Holland",false,52.149153,4.772267,"injury","2","clear",false,1,"GM0569"
"20230069683",2023,"Letsel",2,"Fiets","Fiets","Onbekend","Rechte weg",30,"Brandend","Duisternis","Droog",\N,"601065370","Van Boetzelaerstraat","Alphen aan den Rijn","Alphen aan den Rijn","Zuid-Holland",false,52.128894,4.664896,"injury","2","clear",false,1,"GM0484"
"20230074211",2023,"Letsel",2,"Personenauto","e-bike","Flank","Kruispunt, 4 takken",50,"Niet brandend","Daglicht","Droog",\N,\N,"Bernhardlaan","Groningen","Groningen","Groningen",false,53.209367,6.505084,"injury","2","clear",false,1,"GM0014"
"20230074631",2023,"Letsel",2,"Personenauto","Fiets","Frontaal","Bocht",30,"Niet brandend","Daglicht","Droog",\N,"235438065","Moutmolen","Heerhugowaard","Dijk en Waard","Noord-Holland",false,52.657432,4.839,"injury","2","clear",false,1,"GM1980"
"20230016335",2023,"Letsel",1,"Fiets",\N,"Eenzijdig","Rotonde",50,"Niet brandend","Daglicht","Droog",\N,\N,"Lange Dreef","Vianen","Vijfheerenlanden","Utrecht",false,51.983713,5.113704,"injury","2","clear",false,1,"GM1961"
"20230017475",2023,"Uitsluitend materiele schade",2,"Fiets","Fiets","Frontaal","Kruispunt, 3 takken",50,"Niet brandend","Daglicht","Droog",\N,\N,"Maelsonstraat","Hoorn","Hoorn","Noord-Holland",false,52.649607,5.05414,"material damage only","4","clear",false,1,"GM0405"
"20240026397",2024,"Letsel",2,"Personenauto","Fiets","Geparkeerd voertuig","Rechte weg",30,"Niet brandend","Daglicht","Droog",\N,"478420003","Verlengde Korte Steeg","Hardenberg","Hardenberg","Overijssel",false,52.574087,6.632419,"injury","2","clear",false,1,"GM0160"
"20230023182",2023,"Uitsluitend materiele schade",2,"Personenauto","Fiets","Flank","Kruispunt, 3 takken",60,"Niet brandend","Schemer","Droog",\N,\N,"Harteveldlaan","Honselersdijk","Westland","Zuid-Holland",false,52.011538,4.248989,"material damage only","4","clear",false,1,"GM1783"
"20240030032",2024,"Letsel",2,"Personenauto","Fiets","Flank","Kruispunt, 3 takken",30,"Niet brandend","Daglicht","Droog",\N,\N,"Lopikerplein","Schoonhoven","Krimpenerwaard","Zuid-Holland",false,51.947317,4.85883,"injury","2","clear",false,1,"GM1931"
"20230075396",2023,"Letsel",1,"Fiets",\N,"Eenzijdig","Rechte weg",50,"Brandend","Schemer","Droog",\N,"600911775","Steenovenweg","Utrecht","Utrecht","Utrecht",false,52.095781,5.083796,"injury","2","clear",false,1,"GM0344"
"20230075408",2023,"Letsel",2,\N,"e-bike","Eenzijdig","Kruispunt, 4 takken",50,"Niet brandend","Daglicht","Droog",\N,\N,"Padjedijk","Purmerend","Purmerend","Noord-Holland",false,52.510401,4.944779,"injury","2","clear",false,1,"GM0439"
"20240025469",2024,"Letsel",3,"Fiets","Personenauto","Flank","Rechte weg",50,"Niet brandend","Daglicht","Droog",\N,"221197019","Dr. Struyckenstraat","Breda","Breda","Noord-Brabant",false,51.576278,4.752406,"injury","2","clear",false,1,"GM0758"
"20230076173",2023,"Uitsluitend materiele schade",2,"Fiets","Personenauto","Onbekend",\N,30,\N,"Daglicht",\N,\N,\N,"Beethovenlaan","Schagen","Schagen","Noord-Holland",false,52.789581,4.795428,"material damage only","4","unknown",false,1,"GM0441"
"20230015814",2023,"Uitsluitend materiele schade",2,"Fiets","Bestelauto","Flank","Kruispunt, 3 takken",30,"Brandend","Duisternis","Droog",\N,\N,"Margrietstraat","Baarn","Baarn","Utrecht",false,52.206154,5.299518,"material damage only","4","clear",false,1,"GM0308"
"20230022095",2023,"Uitsluitend materiele schade",2,"Personenauto","Fiets","Flank","Rotonde",50,"Brandend","Schemer","Droog",\N,\N,"Schaapweg","Rijswijk","Rijswijk","Zuid-Holland",false,52.031236,4.304587,"material damage only","4","clear",false,1,\N
"20230027820",2023,"Letsel",2,"Fiets","Overig wegmeubilair","Vast voorwerp","Kruispunt, 4 takken",50,"Brandend","Duisternis","Droog",\N,\N,"Wilhelminapark","Breda","Breda","Noord-Brabant",false,51.581562,4.782239,"injury","2","clear",false,1,"GM0758"
"20230031275",2023,"Uitsluitend materiele schade",2,"Bromfiets","Fiets","Kop/staart","Rechte weg",30,"Niet brandend","Daglicht","Droog",\N,"600497639","Kanaaldijk-Zuid","Eindhoven","Eindhoven","Noord-Brabant",false,51.43708,5.488392,"material damage only","4","clear",false,1,"GM0772"
"20230031279",2023,"Uitsluitend materiele schade",2,"Personenauto","Fiets","Flank","Rotonde",50,"Niet brandend","Daglicht","Regen",\N,\N,"De Bussels","Veldhoven","Veldhoven","Noord-Brabant",false,51.417517,5.404983,"material damage only","4","rain",false,1,"GM0861"
"20230067658",2023,"Uitsluitend materiele schade",2,"Fiets","Fiets","Frontaal","Rechte weg",\N,"Niet brandend","Daglicht","Droog",\N,"600224217","Hommeldijk","Haarlem","Haarlem","Noord-Holland",false,52.342888,4.649676,"material damage only","4","clear",false,1,"GM0392"
"20240030544",2024,"Uitsluitend materiele schade",2,"Personenauto","Fiets","Flank","Rotonde",50,"Niet brandend","Daglicht","Droog",\N,\N,"Pieter Aertszlaan","Heemstede","Heemstede","Noord-Holland",false,52.359277,4.623758,"material damage only","4","clear",false,1,"GM0397"
"20230069314",2023,"Letsel",2,"e-bike",\N,"Eenzijdig","Rechte weg",30,"Brandend","Duisternis","Droog",\N,"167298100","Broekmolenweg","Rijswijk","Rijswijk","Zuid-Holland",false,52.025323,4.34929,"injury","2","clear",false,1,\N
"20230015841",2023,"Uitsluitend materiele schade",2,"Personenauto","Fiets","Onbekend","Kruispunt, 3 takken",50,"Niet brandend","Daglicht","Droog",\N,\N,"Achterom","Hilversum","Hilversum","Noord-Holland",false,52.222874,5.181071,"material damage only","4","clear",false,1,"GM0402"
"20230021552",2023,"Uitsluitend materiele schade",2,"Personenauto","Fiets","Onbekend","Kruispunt, 3 takken",30,"Niet brandend","Daglicht","Droog",\N,\N,"Herensingel","Leiden","Leiden","Zuid-Holland",false,52.163036,4.50608,"material damage only","4","clear",false,1,"GM0546"
"20230023849",2023,"Letsel",2,"Trekker","Fiets","Flank","Kruispunt, 3 takken",50,"Brandend","Duisternis","Droog",\N,\N,"Hoogweg","De Lier","Westland","Zuid-Holland",false,51.972482,4.244667,"injury","2","clear",false,1,"GM1783"
"20230033237",2023,"Uitsluitend materiele schade",2,"Fiets","Fiets","Frontaal","Rechte weg",50,"Niet brandend","Daglicht","Droog",\N,"320149032","Geenhovensedreef","Valkenswaard","Valkenswaard","Noord-Brabant",false,51.361979,5.461537,"material damage only","4","clear",false,1,"GM0858"
"20230035764",2023,"Letsel",2,"Personenauto","Fiets","Flank","Kruispunt, 3 takken",50,"Niet brandend","Daglicht","Droog",\N,\N,"Koggelaan","Zwolle","Zwolle","Overijssel",false,52.503209,6.084752,"injury","2","clear",false,1,"GM0193"
"20230067685",2023,"Letsel",2,"Fiets","Trein/tram","Flank","Kruispunt, 4 takken",50,"Niet brandend","Daglicht","Droog",\N,\N,"Hartveldseweg","Diemen","Diemen","Noord-Holland",false,52.338305,4.961542,"injury","2","clear",false,1,"GM0384"
"20230067967",2023,"Uitsluitend materiele schade",2,"Snorfiets","Fiets","Flank","Kruispunt, 4 takken",50,"Niet brandend","Daglicht","Droog",\N,\N,"Stadionweg","Amsterdam","Amsterdam","Noord-Holland",false,52.346946,4.877905,"material damage only","4","clear",false,1,"GM0363"
"20230077283",2023,"Letsel",2,"Personenauto","Fiets","Flank","Rechte weg",60,"Niet brandend","Daglicht","Droog","Brug/viaduct","159262002","Markenburgweg","Spijkenisse","Nissewaard","Zuid-Holland",false,51.862861,4.30015,"injury","2","clear",false,1,"GM1930"
"20230077545",2023,"Letsel",1,"Fiets",\N,"Eenzijdig","Bocht",50,"Niet brandend","Daglicht","Regen",\N,"600626033","Hildebrandstraat","'s-Gravenhage","'s-Gravenhage","Zuid-Holland",false,52.056183,4.311919,"injury","2","rain",false,1,"GM0518"
"20230022153",2023,"Uitsluitend materiele schade",2,"Bestelauto","Fiets","Geparkeerd voertuig","Rechte weg",50,"Niet brandend","Daglicht","Droog",\N,"185328117","Morsweg","Leiden","Leiden","Zuid-Holland",false,52.161582,4.480275,"material damage only","4","clear",false,1,"GM0546"
"20230024490",2023,"Uitsluitend materiele schade",1,"Fiets",\N,"Eenzijdig","Rechte weg",50,"Brandend","Duisternis","Droog",\N,"600739342","Vrijburglaan","Overveen","Bloemendaal","Noord-Holland",false,52.391555,4.615309,"material damage only","4","clear",false,1,"GM0377"
"20230024504",2023,"Letsel",1,"Fiets",\N,"Eenzijdig","Rechte weg",50,"Niet brandend","Duisternis","Droog",\N,"601002130","Delftpad","Santpoort-Zuid","Velsen","Noord-Holland",false,52.412795,4.637476,"injury","2","clear",false,1,"GM0453"
"20230030239",2023,"Uitsluitend materiele schade",2,"Personenauto","e-bike","Onbekend","Kruispunt, 3 takken",50,"Niet brandend","Daglicht","Droog",\N,\N,"Tichelbeekstraat","Heerlen","Heerlen","Limburg",false,50.870384,5.966912,"material damage only","4","clear",false,1,"GM0917"
"20230033515",2023,"Letsel",3,"Bromfiets","Fiets","Frontaal","Rechte weg",80,"Niet brandend","Daglicht","Droog",\N,"356184001","Neerstraat","Bakel","Gemert-Bakel","Noord-Brabant",true,51.51699,5.722815,"injury","2","clear",false,1,"GM1652"
"20230067750",2023,"Letsel",2,"Bromfiets","Fiets","Flank","Kruispunt, 4 takken",30,"Niet brandend","Daglicht","Droog",\N,\N,"Draagmuur","Houten","Houten","Utrecht",true,52.011999,5.167213,"injury","2","clear",false,1,"GM0321"
"20230078469",2023,"Uitsluitend materiele schade",2,"Fiets","Personenauto","Flank","Rotonde",50,"Niet brandend","Daglicht","Droog",\N,\N,"Zeeweg","Katwijk","Katwijk","Zuid-Holland",false,52.20226,4.4084,"material damage only","4","clear",false,1,"GM0537"
"20230074975",2023,"Letsel",1,"e-bike",\N,"Eenzijdig","Kruispunt, 3 takken",30,"Brandend","Duisternis","Droog",\N,\N,"Vredeburglaan","Limmen","Castricum","Noord-Holland",false,52.570991,4.700045,"injury","2","clear",false,1,"GM0383"
"20240026808",2024,"Letsel",2,"Snorfiets","Fiets","Flank","Kruispunt, 3 takken",50,"Niet brandend","Daglicht","Droog",\N,\N,"Constantijn Huygenslaan","Winschoten","Oldambt","Groningen",false,53.133806,7.037053,"injury","2","clear",false,1,"GM1895"
"20240029261",2024,"Uitsluitend materiele schade",1,"Fiets",\N,"Frontaal","Rechte weg",30,"Niet brandend","Daglicht","Droog",\N,"279296009","Tolgaarderserf","Houten","Houten","Utrecht",false,52.023898,5.168982,"material damage only","4","clear",false,1,"GM0321"
"20240030279",2024,"Letsel",1,"Fiets",\N,"Onbekend","Bocht",30,"Niet brandend","Daglicht","Harde windstoten/Regen",\N,"600649443","Pijlkruidveld","'s-Gravenhage","'s-Gravenhage","Zuid-Holland",false,52.071446,4.401898,"injury","2","unknown",false,1,"GM0518"
"20230075199",2023,"Letsel",2,"Fiets","Voetganger","Voetganger","Rechte weg",80,"Niet brandend","Duisternis","Droog",\N,\N,"Zeeweg","Overveen","Bloemendaal","Noord-Holland",false,52.396359,4.586744,"injury","2","clear",false,1,"GM0377"
"20240031441",2024,"Letsel",2,"Personenauto","Fiets","Frontaal","Kruispunt, 4 takken",80,"Niet brandend","Daglicht","Droog",\N,\N,"Burg Letschertweg","Tilburg","Tilburg","Noord-Brabant",false,51.60301,5.015055,"injury","2","clear",false,1,"GM0855"