"accident_id","year","severity_raw","party_count","party1_type","party2_type","accident_type","road_situation","speed_limit_kmh","road_lighting","light_condition_label","weather_raw","infra_type","road_segment_id","street_name","place_name","gemeente_name_raw","province","alcohol_indicated","latitude","longitude","severity_label","severity_code","weather_label","built_up_area","cyclists_involved","gemeente_code"
"20240079865",2024,"Uitsluitend materiele schade",2,"Personenauto","Fiets","Flank","Kruispunt, 4 takken",50,"Niet brandend","Daglicht","Droog",\N,\N,"Velserweg","Beverwijk","Beverwijk","Noord-Holland",false,52.478221,4.651579,"material damage only","4","clear",false,1,"GM0375"
"20240072486",2024,"Uitsluitend materiele schade",2,"Personenauto","Fiets","Kop/staart","Rechte weg",30,"Niet brandend","Daglicht","Regen",\N,"199278005","Bermweg","Capelle aan den IJssel","Capelle aan den IJssel","Zuid-Holland",false,51.941478,4.587145,"material damage only","4","rain",false,1,"GM0502"
"20240051163",2024,"Letsel",2,"Bestelauto","Fiets","Flank","Rechte weg",60,"Niet aanwezig","Daglicht","Droog",\N,"243530002","Lancasterdijk","Oosterend","Texel","Noord-Holland",false,53.076517,4.892456,"injury","2","clear",false,1,"GM0448"
"20240072532",2024,"Letsel",2,"Fiets","Fiets","Flank","Rechte weg",60,"Niet aanwezig","Daglicht","Droog",\N,"600585898","Blauwstraat","Oploo","Land van Cuijk","Noord-Brabant",false,51.610403,5.867026,"injury","2","clear",false,1,"GM1982"
"20240040839",2024,"Uitsluitend materiele schade",2,"Bestelauto","Fiets","Flank","Kruispunt, 3 takken",50,"Niet brandend","Daglicht","Droog",\N,\N,"Laakkade","'s-Gravenhage","'s-Gravenhage","Zuid-Holland",false,52.057003,4.311989,"material damage only","4","clear",false,1,"GM0518"
"20240042260",2024,"Uitsluitend materiele schade",2,"Personenauto","Fiets","Flank","Kruispunt, 4 takken",50,"Niet brandend","Schemer","Droog",\N,\N,"Delpratsingel","Breda","Breda","Noord-Brabant",false,51.593645,4.784675,"material damage only","4","clear",false,1,"GM0758"
"20240038558",2024,"Letsel",1,"Fiets",\N,"Eenzijdig","Rechte weg",60,"Niet brandend","Daglicht","Droog",\N,"257424005","Hoornse Jaagweg","Oudendijk","Koggenland","Noord-Holland",false,52.599519,5.002818,"injury","2","clear",false,1,"GM1598"
"20240042329",2024,"Uitsluitend materiele schade",2,"Personenauto","Fiets","Flank","Kruispunt, 3 takken",30,"Niet brandend","Daglicht","Droog",\N,\N,"Burgemeester Visserwerf","Ottoland","Molenlanden","Zuid-Holland",false,51.889951,4.859153,"material damage only","4","clear",false,1,"GM1978"
"20240071966",2024,"Uitsluitend materiele schade",2,"Fiets","Personenauto","Frontaal","Rechte weg",30,"Brandend","Schemer","Droog",\N,"188328122","Haven","Leiden","Leiden","Zuid-Holland",false,52.1616,4.502836,"material damage only","4","clear",false,1,"GM0546"
"20240080022",2024,"Letsel",2,"Personenauto","Fiets","Onbekend",\N,50,\N,"Daglicht",\N,\N,"600760626","Middenweg","Heerhugowaard","Dijk en Waard","Noord-Holland",false,52.677317,4.849205,"injury","2","unknown",false,1,"GM1980"
"20240080047",2024,"Letsel",2,"Fiets","Fiets","Flank","Kruispunt, 4 takken",30,"Niet brandend","Daglicht","Droog",\N,\N,"Meeuwenstraat","Hoofddorp","Haarlemmermeer","Noord-Holland",false,52.30507,4.63969,"injury","2","clear",false,1,"GM0394"
"20240035458",2024,"Uitsluitend materiele schade",1,"Fiets",\N,"Onbekend",\N,60,"Niet brandend","Daglicht","Droog",\N,"339343001","Klunenweg","Putten","Putten","Gelderland",false,52.2297,5.604348,"material damage only","4","clear",false,1,"GM0273"
"20240033917",2024,"Uitsluitend materiele schade",2,"Personenauto","Fiets","Flank","Rotonde",50,"Niet brandend","Daglicht","Regen",\N,\N,"Laan van België","Roosendaal","Roosendaal","Noord-Brabant",false,51.528015,4.460017,"material damage only","4","rain",false,1,"GM1674"
"20240037018",2024,"Uitsluitend materiele schade",2,"Fiets","Personenauto","Flank","Kruispunt, 4 takken",50,"Niet brandend","Daglicht","Droog",\N,\N,"Kronenburgdijk","Arnhem","Arnhem","Gelderland",false,51.957868,5.889364,"material damage only","4","clear",false,1,"GM0202"
"20240051302",2024,"Letsel",2,"Fiets","Fiets","Onbekend","Kruispunt, 4 takken",30,"Niet brandend","Duisternis","Droog",\N,\N,"Kattenburgerplein","Amsterdam","Amsterdam","Noord-Holland",true,52.371163,4.914971,"injury","2","clear",false,1,"GM0363"
"20240072062",2024,"Uitsluitend materiele schade",2,"Fiets","Personenauto","Flank","Kruispunt, 3 takken",30,"Niet brandend","Daglicht","Droog",\N,\N,"Tentweg","Stolwijk","Krimpenerwaard","Zuid-Holland",false,51.970494,4.773075,"material damage only","4","clear",false,1,"GM1931"
"20240072948",2024,"Letsel",2,"Personenauto","Fiets","Geparkeerd voertuig","Rechte weg",30,"Niet aanwezig","Daglicht","Droog",\N,"327166110","Gerard Davidstraat","Eindhoven","Eindhoven","Noord-Brabant",false,51.436631,5.515485,"injury","2","clear",false,1,"GM0772"
"20240072964",2024,"Uitsluitend materiele schade",2,"Personenauto","Fiets","Flank","Rotonde",50,"Niet brandend","Daglicht","Droog",\N,\N,"Aartshertogenlaan","'s-Hertogenbosch","'s-Hertogenbosch","Noord-Brabant",false,51.699069,5.312344,"material damage only","4","clear",false,1,"GM0796"
"20240051376",2024,"Uitsluitend materiele schade",1,"Fiets",\N,"Onbekend","Rechte weg",60,"Niet aanwezig","Daglicht","Droog",\N,"600395134","Nattevlakweg","Den Burg","Texel","Noord-Holland",false,53.054256,4.734787,"material damage only","4","clear",false,1,"GM0448"
"20230096304",2023,"Letsel",2,"Bestelauto","Fiets","Flank","Kruispunt, 4 takken",50,"Niet aanwezig","Daglicht","Droog",\N,\N,"Prins Bernhardstraat","Hilversum","Hilversum","Noord-Holland",false,52.224186,5.181622,"injury","2","clear",false,1,"GM0402"
"20230104117",2023,"Uitsluitend materiele schade",2,"Personenauto","Fiets","Flank","Kruispunt, 4 takken",50,"Niet brandend","Daglicht","Droog",\N,\N,"Linthorst Homanweg","Smilde","Midden-Drenthe","Drenthe",false,52.951719,6.448233,"material damage only","4","clear",false,1,"GM1731"
"20230105744",2023,"Uitsluitend materiele schade",2,"Personenauto","Fiets","Los voorwerp","Kruispunt, 3 takken",50,"Brandend","Duisternis","Droog",\N,\N,"Uitslagsweg","Hengelo","Hengelo (O)","Overijssel",false,52.281044,6.794869,"material damage only","4","clear",false,1,\N
"20230087538",2023,"Uitsluitend materiele schade",2,"Personenauto","e-bike","Flank","Kruispunt, 4 takken",50,"Brandend","Daglicht","Regen",\N,\N,"Guisweg","Koog aan de Zaan","Zaanstad","Noord-Holland",false,52.462432,4.795859,"material damage only","4","rain",false,1,"GM0479"
"20230100873",2023,"Letsel",2,"Personenauto","Fiets","Flank","Rotonde",50,"Niet brandend","Daglicht","Regen",\N,\N,"Nieuwstraat","Made","Drimmelen","Noord-Brabant",false,51.677274,4.793059,"injury","2","rain",false,1,"GM1719"
"20230105159",2023,"Uitsluitend materiele schade",3,"Personenauto","Fiets","Onbekend","Rotonde",50,"Brandend","Duisternis","Droog",\N,\N,"Pannekoekendijk","Zwolle","Zwolle","Overijssel",false,52.516169,6.088807,"material damage only","4","clear",false,1,"GM0193"
"20230082953",2023,"Uitsluitend materiele schade",2,"Personenauto","Fiets","Flank","Rechte weg",30,"Niet brandend","Daglicht","Droog",\N,"435285049","Vondelstraat","Doetinchem","Doetinchem","Gelderland",false,51.969821,6.301125,"material damage only","4","clear",false,1,"GM0222"
"20230086392",2023,"Letsel",1,"Fiets",\N,"Eenzijdig","Rechte weg",50,"Niet brandend","Daglicht","Droog",\N,"179337023","Ambachtsweg","Katwijk","Katwijk","Zuid-Holland",false,52.200835,4.431715,"injury","2","clear",false,1,"GM0537"
"20230086966",2023,"Letsel",2,"Personenauto","Fiets","Flank","Kruispunt, 4 takken",30,"Niet brandend","Daglicht","Droog",\N,\N,"Leidseweg","Leiden","Leiden","Zuid-Holland",false,52.15001,4.463061,"injury","2","clear",false,1,"GM0546"
"20230089335",2023,"Letsel",2,"Personenauto","Fiets","Flank","Kruispunt, 4 takken",30,"Niet brandend","Daglicht","Droog",\N,\N,"Jan van Gojenstraat","'s-Gravenhage","'s-Gravenhage","Zuid-Holland",false,52.067426,4.305283,"injury","2","clear",false,1,"GM0518"
"20230095211",2023,"Letsel",2,"Bestelauto","Fiets","Flank","Rechte weg",50,"Brandend","Duisternis","Droog",\N,"419447033","Burg Knopperslaan","Meppel","Meppel","Drenthe",false,52.698414,6.197417,"injury","2","clear",false,1,"GM0119"
"20230098117",2023,"Letsel",2,"Bromfiets","Fiets","Frontaal","Rechte weg",30,"Brandend","Duisternis","Droog",\N,"233387049","Pieter Ghijsenlaan","Zaandam","Zaanstad","Noord-Holland",true,52.43089,4.822621,"injury","2","clear",false,1,"GM0479"
"20230102091",2023,"Letsel",2,"Fiets","Fiets","Frontaal","Rechte weg",80,"Niet aanwezig","Daglicht","Droog",\N,"182341006","Provincialeweg","Noordwijk","Noordwijk","Zuid-Holland",false,52.22593,4.457923,"injury","2","clear",false,1,"GM0575"
"20230102571",2023,"Letsel",3,"Personenauto","Fiets","Onbekend","Kruispunt, 4 takken",50,\N,"Schemer","Droog",\N,\N,"Verrijn Stuartlaan","Rijswijk","Rijswijk","Zuid-Holland",false,52.039219,4.331438,"injury","2","clear",false,1,\N
"20230103065",2023,"Letsel",1,"Fiets",\N,"Eenzijdig","Kruispunt, 4 takken",50,"Brandend","Duisternis","Droog",\N,\N,"Valkenboskade","'s-Gravenhage","'s-Gravenhage","Zuid-Holland",false,52.075604,4.268305,"injury","2","clear",false,1,"GM0518"
"20230080022",2023,"Uitsluitend materiele schade",2,"Personenauto","Fiets","Geparkeerd voertuig","Bocht",50,"Niet brandend","Daglicht","Droog",\N,"181274009","Virulyplein","Rotterdam","Rotterdam","Zuid-Holland",false,51.919643,4.451402,"material damage only","4","clear",false,1,"GM0599"
"20230089383",2023,"Letsel",2,"Personenauto","Fiets","Flank","Rotonde",50,"Niet brandend","Daglicht","Regen",\N,\N,"Van den Endelaan","Hillegom","Hillegom","Zuid-Holland",false,52.295454,4.579141,"injury","2","rain",false,1,"GM0534"
"20230096958",2023,"Uitsluitend materiele schade",2,"Bestelauto","Fiets","Flank","Kruispunt, 4 takken",50,"Brandend","Duisternis","Droog",\N,\N,"Paxtonstraat","Zwolle","Zwolle","Overijssel",false,52.487187,6.135387,"material damage only","4","clear",false,1,"GM0193"
"20230105235",2023,"Uitsluitend materiele schade",2,"Personenauto","Fiets","Flank","Kruispunt, 4 takken",30,"Brandend","Duisternis","Droog",\N,\N,"Didamsestraat","Zevenaar","Zevenaar","Gelderland",false,51.928089,6.077355,"material damage only","4","clear",false,1,"GM0299"
"20230083574",2023,"Uitsluitend materiele schade",2,"Personenauto","Fiets","Onbekend","Rotonde",50,"Niet aanwezig","Daglicht","Droog",\N,\N,"Het Hop","Leeuwarden","Leeuwarden","Friesland",false,53.179817,5.824905,"material damage only","4","clear",false,1,"GM0080"
"20230086465",2023,"Letsel",2,"Personenauto","Fiets","Onbekend","Kruispunt, 4 takken",50,"Niet brandend","Schemer","Droog",\N,\N,"Haarlemmerweg","Amsterdam","Amsterdam","Noord-Holland",false,52.384682,4.834293,"injury","2","clear",false,1,"GM0363"
"20230104602",2023,"Letsel",4,"Fiets","Fiets","Frontaal","Rechte weg",50,"Niet aanwezig","Daglicht","Droog",\N,"465510002","Boskamp","Assen","Assen","Drenthe",true,52.977076,6.547784,"injury","2","clear",false,1,"GM0106"
"20230104620",2023,"Letsel",3,"Personenauto","Fiets","Onbekend","Rechte weg",50,"Brandend","Duisternis","Droog",\N,"462565025","Goudlaan","Groningen","Groningen","Groningen",false,53.227241,6.531579,"injury","2","clear",false,1,"GM0014"
"20230102677",2023,"Uitsluitend materiele schade",2,"Personenauto","Fiets","Flank","Kruispunt, 3 takken",50,"Brandend","Duisternis","Regen",\N,\N,"Kastanjelaan","Weesp","Amsterdam","Noord-Holland",false,52.31024,5.035266,"material damage only","4","rain",false,1,"GM0363"
"20230101416",2023,"Letsel",3,"Personenauto","Fiets","Onbekend","Bocht",50,"Niet brandend","Schemer","Droog","Tankstation","600754444","Prisma","Sliedrecht","Sliedrecht","Zuid-Holland",false,51.827839,4.800473,"injury","2","clear",false,1,"GM0610"
"20230082560",2023,"Letsel",2,"Personenauto","Fiets","Flank","Kruispunt, 3 takken",50,"Niet brandend","Daglicht","Droog",\N,\N,"Westdorperstraat","Borger","Borger-Odoorn","Drenthe",false,52.916818,6.790965,"injury","2","clear",false,1,"GM1681"
"20230087744",2023,"Uitsluitend materiele schade",2,"Personenauto","Fiets","Flank","Rechte weg",50,"Niet aanwezig","Daglicht","Droog","Tankstation","249404202","Tramplein","Purmerend","Purmerend","Noord-Holland",true,52.508152,4.943547,"material damage only","4","clear",false,1,"GM0439"
"20230101840",2023,"Letsel",2,"Personenauto","Fiets","Flank","Rotonde",50,"Brandend","Duisternis","Droog",\N,\N,"Laan der Continenten","Alphen aan den Rijn","Alphen aan den Rijn","Zuid-Holland",false,52.128584,4.654331,"injury","2","clear",false,1,"GM0484"
"20230080201",2023,"Letsel",1,"Fiets",\N,"Eenzijdig","Rechte weg",60,"Niet aanwezig","Daglicht","Droog",\N,"600928463","Stolpweg","Serooskerke","Schouwen-Duiveland","Zeeland",false,51.699575,3.793762,"injury","2","clear",false,1,"GM1676"
"20230086607",2023,"Letsel",2,"Fiets","Fiets","Onbekend","Rechte weg",50,"Niet aanwezig","Daglicht","Droog",\N,"153311013","Cort van der Lindenpad","'s-Gravenhage","'s-Gravenhage","Zuid-Holland",false,52.085235,4.247115,"injury","2","clear",false,1,"GM0518"
"20230086611",2023,"Letsel",2,"Personenauto","Fiets","Flank","Kruispunt, 4 takken",50,"Brandend","Duisternis","Droog",\N,\N,"Carel Reinierszkade","'s-Gravenhage","'s-Gravenhage","Zuid-Holland",false,52.084704,4.350205,"injury","2","clear",false,1,"GM0518"
"20230088990",2023,"Letsel",1,"Fiets",\N,"Eenzijdig","Kruispunt, 3 takken",50,"Niet brandend","Daglicht","Droog",\N,\N,"Thomsonlaan","'s-Gravenhage","'s-Gravenhage","Zuid-Holland",false,52.07672,4.263782,"injury","2","clear",false,1,"GM0518"
"20230082015",2023,"Uitsluitend materiele schade",2,"Bromfiets","Fiets","Onbekend","Rechte weg",50,\N,"Duisternis",\N,\N,"600544166","Bosscherweg","Maastricht","Maastricht","Limburg",false,50.865613,5.68616,"material damage only","4","unknown",false,1,"GM0935"
"20230089014",2023,"Letsel",1,"Fiets",\N,"Eenzijdig","Kruispunt, 3 takken",50,"Brandend","Duisternis","Droog",\N,\N,"FIETSPAD","Delft","Delft","Zuid-Holland",false,52.009136,4.355501,"injury","2","clear",false,1,"GM0503"
"20230094876",2023,"Letsel",2,"Fiets",\N,"Eenzijdig","Kruispunt, 4 takken",50,"Niet brandend","Daglicht","Droog",\N,\N,"Hoflaan","Arnhem","Arnhem","Gelderland",false,51.987598,5.927332,"injury","2","clear",false,1,"GM0202"
"20230102819",2023,"Letsel",2,"Fiets","Voetganger","Voetganger","Rechte weg",30,"Brandend","Duisternis","Droog",\N,"209304043","Staringlaan","Waddinxveen","Waddinxveen","Zuid-Holland",false,52.056242,4.658809,"injury","2","clear",false,1,"GM0627"
"20230106841",2023,"Uitsluitend materiele schade",2,"Personenauto","Fiets","Onbekend","Rotonde",30,"Brandend","Schemer","Regen",\N,\N,"Burg van Rijnsingel","Venlo","Venlo","Limburg",false,51.365937,6.172526,"material damage only","4","rain",false,1,"GM0983"
"20230090208",2023,"Letsel",2,"Personenauto","Fiets","Geparkeerd voertuig","Rechte weg",30,"Brandend","Duisternis","Droog",\N,"157315066","Kolenwagenslag","'s-Gravenhage","'s-Gravenhage","Zuid-Holland",false,52.103552,4.273285,"injury","2","clear",false,1,"GM0518"
"20230094326",2023,"Uitsluitend materiele schade",1,"Fiets",\N,"Eenzijdig","Rechte weg",50,"Brandend","Duisternis","Droog",\N,"601053476","Hommelseweg","Arnhem","Arnhem","Gelderland",false,51.99369,5.919169,"material damage only","4","clear",false,1,"GM0202"
"20230096072",2023,"Letsel",3,"Bestelauto","Fiets","Eenzijdig","Kruispunt, 4 takken",30,"Niet brandend","Daglicht","Droog",\N,\N,"Zuiderweg","Hilversum","Hilversum","Noord-Holland",false,52.227031,5.182936,"injury","2","clear",false,1,"GM0402"
"20230106873",2023,"Uitsluitend materiele schade",2,"Fiets","Personenauto","Flank","Rotonde",50,"Brandend","Schemer","Regen",\N,\N,"Bredeweg","Roermond","Roermond","Limburg",false,51.192659,6.003097,"material damage only","4","rain",false,1,"GM0957"
"20230080319",2023,"Letsel",2,"Personenauto","e-bike","Flank","Kruispunt, 3 takken",50,"Niet brandend","Daglicht","Droog",\N,\N,"Ribbiusstraat","Lieshout","Laarbeek","Noord-Brabant",false,51.519398,5.604209,"injury","2","clear",false,1,"GM1659"
"20230085009",2023,"Letsel",1,"Fiets",\N,"Eenzijdig","Rechte weg",30,"Niet brandend","Daglicht","Droog",\N,"306327017","Noordewierweg","Amersfoort","Amersfoort","Utrecht",false,52.16019,5.363974,"injury","2","clear",false,1,"GM0307"
"20230091458",2023,"Letsel",2,"Bromfiets","Fiets","Onbekend","Bocht",30,"Niet brandend","Daglicht","Droog",\N,"225202034","Terheijdenseweg","Breda","Breda","Noord-Brabant",false,51.598569,4.779031,"injury","2","clear",false,1,"GM0758"
"20230084471",2023,"Uitsluitend materiele schade",2,"Bromfiets","Fiets","Flank","Kruispunt, 3 takken",30,"Niet aanwezig","Daglicht","Regen",\N,\N,"Tolsteegsingel","Utrecht","Utrecht","Utrecht",false,52.083523,5.127571,"material damage only","4","rain",false,1,"GM0344"
"20230102914",2023,"Letsel",3,"Bromfiets","Fiets","Onbekend","Rotonde",50,\N,"Daglicht","Regen",\N,\N,"Haagse Schouwweg","Leiden","Leiden","Zuid-Holland",false,52.158814,4.449561,"injury","2","rain",false,1,"GM0546"
"20230085064",2023,"Uitsluitend materiele schade",2,"Personenauto","Fiets","Flank","Rotonde",50,"Niet brandend","Daglicht","Regen",\N,\N,"Van Uvenweg","Wageningen","Wageningen","Gelderland",false,51.97411,5.664451,"material damage only","4","rain",false,1,"GM0289"
"20230089140",2023,"Uitsluitend materiele schade",2,"Personenauto","Fiets","Flank","Kruispunt, 4 takken",50,"Niet brandend","Daglicht","Droog",\N,\N,"Lijnbaan","'s-Gravenhage","'s-Gravenhage","Zuid-Holland",false,52.07242,4.299983,"material damage only","4","clear",false,1,"GM0518"
"20230093284",2023,"Uitsluitend materiele schade",2,"Personenauto","Fiets","Flank","Kruispunt, 4 takken",50,"Brandend","Duisternis","Regen",\N,\N,"Frittemastate","Leeuwarden","Leeuwarden","Friesland",false,53.210375,5.837237,"material damage only","4","rain",false,1,"GM0080"
"20230087425",2023,"Letsel",2,"Personenauto","Fiets","Flank","Rechte weg",80,"Niet aanwezig","Duisternis","Harde windstoten",\N,"600946197","Markerwaardweg","Medemblik","Medemblik","Noord-Holland",false,52.762735,5.088304,"injury","2","unknown",false,1,"GM0420"
"20230087434",2023,"Letsel",2,"Personenauto","Fiets","Flank","Kruispunt, 4 takken",50,"Niet brandend","Daglicht","Droog",\N,\N,"Laan der Continenten","Purmerend","Purmerend","Noord-Holland",false,52.495756,4.940292,"injury","2","clear",false,1,"GM0439"
"20230104034",2023,"Uitsluitend materiele schade",2,"Personenauto","Fiets","Frontaal","Kruispunt, 3 takken",30,"Niet brandend","Daglicht","Regen",\N,\N,"Lonnekerspoorlaan","Enschede","Enschede","Overijssel",false,52.230969,6.894608,"material damage only","4","rain",false,1,"GM0153"
"20230082232",2023,"Uitsluitend materiele schade",2,"Personenauto","Fiets","Flank","Kruispunt, 3 takken",50,"Niet brandend","Daglicht","Droog",\N,\N,"Roda J.C. Ring","Heerlen","Heerlen","Limburg",false,50.858737,6.004435,"material damage only","4","clear",false,1,"GM0917"
"20230097387",2023,"Uitsluitend materiele schade",2,"Bestelauto","Fiets","Flank","Kruispunt, 4 takken",50,"Niet brandend","Daglicht","Droog",\N,\N,"Kinkerstraat","Amsterdam","Amsterdam","Noord-Holland",false,52.367305,4.872215,"material damage only","4","clear",false,1,"GM0363"
"20230081673",2023,"Uitsluitend materiele schade",2,"Personenauto","Fiets","Onbekend","Bocht",50,"Niet brandend","Daglicht","Droog",\N,"600361155","Vletstraat","Rotterdam","Rotterdam","Zuid-Holland",false,51.933925,4.48538,"material damage only","4","clear",false,1,"GM0599"
"20230090450",2023,"Letsel",2,"Fiets","Fiets","Flank","Kruispunt, 3 takken",15,"Niet aanwezig","Daglicht","Regen",\N,\N,"Emmapark","Pijnacker","Pijnacker-Nootdorp","Zuid-Holland",false,52.018614,4.432326,"injury","2","rain",false,1,"GM1926"
"20230062282",2023,"Letsel",1,"Fiets",\N,"Eenzijdig","Rechte weg",\N,"Niet aanwezig","Daglicht","Droog",\N,"282232005","Bokhovenseweg","Hedikhuizen","Heusden","Noord-Brabant",false,51.736959,5.198221,"injury","2","clear",false,1,"GM0797"
"20220001685",2022,"Uitsluitend materiele schade",2,"Personenauto","Fiets","Flank","Kruispunt, 3 takken",30,"Niet brandend","Daglicht","Regen",\N,\N,"Rembrandtlaan","Meppel","Meppel","Drenthe",false,52.686621,6.184334,"material damage only","4","rain",false,1,"GM0119"
"20220006517",2022,"Uitsluitend materiele schade",2,"Personenauto","Fiets","Frontaal","Kruispunt, 4 takken",\N,"Brandend","Duisternis","Droog",\N,"503350012","Twekkelerplein","Hengelo","Hengelo (O)","Overijssel",false,52.257577,6.801605,"material damage only","4","clear",false,1,\N
"20220008948",2022,"Uitsluitend materiele schade",2,"Fiets","Personenauto","Flank","Kruispunt, 4 takken",50,"Niet brandend","Daglicht",\N,\N,\N,"Falklanddreef","Utrecht","Utrecht","Utrecht",false,52.117341,5.107005,"material damage only","4","unknown",false,1,"GM0344"
"20220005907",2022,"Uitsluitend materiele schade",2,"e-bike","e-bike","Flank","Kruispunt, 4 takken",50,"Niet brandend","Daglicht","Droog",\N,\N,"Prinses Beatrixstraat","Didam","Montferland","Gelderland",false,51.93902,6.144107,"material damage only","4","clear",false,1,"GM1955"
"20220122573",2022,"Letsel",2,"Personenauto","Fiets","Flank","Rotonde",50,"Niet brandend","Daglicht","Droog",\N,\N,"Dreef","Bergen (NH)","Bergen (NH)","Noord-Holland",false,52.666996,4.71267,"injury","2","clear",false,1,\N
"20220112184",2022,"Uitsluitend materiele schade",2,"Personenauto","Fiets","Flank","Kruispunt, 4 takken",50,"Niet brandend","Daglicht","Droog",\N,\N,"Mellesingel","Uden","Maashorst","Noord-Brabant",false,51.66384,5.640662,"material damage only","4","clear",false,1,"GM1991"
"20220131519",2022,"Uitsluitend materiele schade",2,"Fiets","Fiets","Flank","Kruispunt, 4 takken",\N,"Niet brandend","Daglicht","Droog",\N,\N,"Galadriel","Geldrop","Geldrop-Mierlo","Noord-Brabant",false,51.410444,5.550612,"material damage only","4","clear",false,1,"GM1771"
"20220009024",2022,"Uitsluitend materiele schade",2,"Personenauto","Fiets","Onbekend","Kruispunt, 4 takken",30,"Niet brandend","Daglicht","Droog",\N,\N,"J.S. Bachweg","Almere","Almere","Flevoland",false,52.369244,5.200347,"material damage only","4","clear",false,1,"GM0034"
"20240004038",2024,"Uitsluitend materiele schade",2,"Personenauto","Fiets","Flank","Kruispunt, 4 takken",30,"Niet brandend","Daglicht","Sneeuw/Hagel",\N,\N,"Juffrouw Milatzstraat","Zwolle","Zwolle","Overijssel",false,52.499033,6.098,"material damage only","4","unknown",false,1,"GM0193"
"20220071523",2022,"Uitsluitend materiele schade",2,"Personenauto","Fiets","Flank","Kruispunt, 4 takken",30,"Niet brandend","Daglicht","Droog","Brug/viaduct",\N,"het Kanaal","Assen","Assen","Drenthe",false,52.999009,6.565638,"material damage only","4","clear",false,1,"GM0106"
"20220080463",2022,"Uitsluitend materiele schade",2,"Fiets","Fiets","Frontaal","Rechte weg",50,"Brandend","Duisternis","Droog",\N,"600381726","Herengracht","Amsterdam","Amsterdam","Noord-Holland",false,52.365757,4.890441,"material damage only","4","clear",false,1,"GM0363"
"20220089366",2022,"Uitsluitend materiele schade",2,"Personenauto","Fiets","Flank","Rotonde",50,"Niet brandend","Daglicht","Droog",\N,\N,"Gildelaan","Best","Best","Noord-Brabant",false,51.503988,5.37897,"material damage only","4","clear",false,1,"GM0753"
"20220024564",2022,"Uitsluitend materiele schade",2,"Personenauto","Fiets","Flank","Rotonde",30,"Niet brandend","Daglicht","Droog",\N,\N,"Oostburgstraat","Tilburg","Tilburg","Noord-Brabant",false,51.578711,4.993151,"material damage only","4","clear",false,1,"GM0855"
"20220071575",2022,"Letsel",2,"Personenauto","Fiets","Onbekend","Rotonde",50,"Niet brandend","Daglicht","Regen",\N,\N,"Folgeren","Drachten","Smallingerland","Friesland",false,53.125189,6.088802,"injury","2","rain",false,1,"GM0090"
"20220081404",2022,"Letsel",2,"e-bike","Boom","Vast voorwerp","Rechte weg",15,"Brandend","Duisternis","Droog",\N,"249372106","Molukkenstraat","Amsterdam","Amsterdam","Noord-Holland",false,52.360794,4.940058,"injury","2","clear",false,1,"GM0363"
"20220087539",2022,"Letsel",1,"Fiets",\N,"Eenzijdig",\N,60,\N,"Daglicht",\N,\N,"75204001","Strandhoekweg","Kamperland","Noord-Beveland","Zeeland",false,51.597937,3.697629,"injury","2","unknown",false,1,"GM1695"
"20220087561",2022,"Letsel",2,"Personenauto","e-bike","Onbekend",\N,60,\N,"Daglicht",\N,\N,"600170724","Oostdijk","Kortgene","Noord-Beveland","Zeeland",false,51.556952,3.810401,"injury","2","unknown",false,1,"GM1695"
"20220037436",2022,"Uitsluitend materiele schade",2,"Personenauto","Fiets","Onbekend",\N,\N,\N,"Daglicht",\N,\N,\N,"Beneden Oostdijk","Oud-Beijerland","Hoeksche Waard","Zuid-Holland",false,51.824254,4.423157,"material damage only","4","unknown",false,1,"GM1963"
"20220044861",2022,"Uitsluitend materiele schade",2,"Fiets","Fiets","Flank","Kruispunt, 4 takken",\N,"Niet brandend","Daglicht",\N,\N,\N,"Westeinde","Vriezenveen","Twenterand","Overijssel",false,52.404913,6.605357,"material damage only","4","unknown",false,1,"GM1700"
"20220052200",2022,"Letsel",2,"Fiets","Bestelauto","Kop/staart","Rechte weg",50,"Niet brandend","Daglicht","Droog",\N,\N,"Koenenlaan","Heerhugowaard","Dijk en Waard","Noord-Holland",false,52.668259,4.82808,"injury","2","clear",false,1,"GM1980"
"20220058085",2022,"Letsel",2,"Personenauto","Fiets","Geparkeerd voertuig","Rechte weg",30,"Niet brandend","Daglicht","Droog",\N,"190325093","Kasteelhof","Leiden","Leiden","Zuid-Holland",false,52.149575,4.512342,"injury","2","clear",false,1,"GM0546"
"20220063440",2022,"Letsel",2,"Fiets","Personenauto","Flank","Kruispunt, 4 takken",30,"Brandend","Duisternis","Droog",\N,\N,"Paul Krugerstraat","Rotterdam","Rotterdam","Zuid-Holland",false,51.903398,4.504018,"injury","2","clear",false,1,"GM0599"
"20220069911",2022,"Uitsluitend materiele schade",2,"Personenauto","Fiets","Flank","Rotonde",50,"Niet brandend","Daglicht","Droog",\N,\N,"Witherenstraat","Venlo","Venlo","Limburg",false,51.367176,6.148066,"material damage only","4","clear",false,1,"GM0983"
"20220077837",2022,"Uitsluitend materiele schade",2,"Personenauto","Fiets","Flank","Kruispunt, 4 takken",30,"Niet brandend","Daglicht","Droog",\N,\N,"Thorbeckelaan","Maarssen","Stichtse Vecht","Utrecht",false,52.140639,5.046668,"material damage only","4","clear",false,1,"GM1904"
"20220079834",2022,"Uitsluitend materiele schade",2,"Motor","Fiets","Kop/staart","Kruispunt, 3 takken",50,"Niet brandend","Daglicht","Droog",\N,\N,"Burgerweg","Burgerbrug","Schagen","Noord-Holland",false,52.743414,4.717061,"material damage only","4","clear",false,1,"GM0441"