"accident_id","year","severity_raw","party_count","party1_type","party2_type","accident_type","road_situation","speed_limit_kmh","road_lighting","light_condition_label","weather_raw","infra_type","road_segment_id","street_name","place_name","gemeente_name_raw","province","alcohol_indicated","latitude","longitude","severity_label","severity_code","weather_label","built_up_area","cyclists_involved","gemeente_code"
"20220079842",2022,"Letsel",2,"Personenauto","Fiets","Flank","Kruispunt, 3 takken",50,"Niet brandend","Daglicht","Droog",\N,\N,"Kinheimplein","Bloemendaal","Bloemendaal","Noord-Holland",false,52.398464,4.621424,"injury","2","clear",false,1,"GM0377"
"20220031681",2022,"Uitsluitend materiele schade",2,"Fiets","Fiets","Onbekend",\N,\N,\N,"Daglicht",\N,\N,\N,"Bergweg","Maria Hoop","Echt-Susteren","Limburg",false,51.09662,5.99291,"material damage only","4","unknown",false,1,"GM1711"
"20220031709",2022,"Letsel",2,"Fiets",\N,"Eenzijdig","Rotonde",30,"Niet brandend","Schemer","Mist",\N,\N,"Aramislaan","Maastricht","Maastricht","Limburg",false,50.838786,5.670224,"injury","2","fog",false,1,"GM0935"
"20220068330",2022,"Uitsluitend materiele schade",2,"Fiets","Fiets","Flank","Rotonde",60,"Niet brandend","Daglicht","Droog",\N,\N,"Randweg-Oost","Reusel","Reusel-De Mierden","Noord-Brabant",false,51.370399,5.1677,"material damage only","4","clear",false,1,"GM1667"
"20220053908",2022,"Letsel",2,"Fiets","Fiets","Flank","Kruispunt, 3 takken",50,"Niet brandend","Daglicht","Droog",\N,\N,"Van IJsendijkstraat","Purmerend","Purmerend","Noord-Holland",false,52.514467,4.971069,"injury","2","clear",false,1,"GM0439"
"20220056811",2022,"Letsel",2,"Bromfiets","Fiets","Flank","Kruispunt, 4 takken",30,"Brandend","Duisternis","Droog",\N,\N,"FIETSPAD","Zoetermeer","Zoetermeer","Zuid-Holland",false,52.06006,4.537844,"injury","2","clear",false,1,"GM0637"
"20220065558",2022,"Uitsluitend materiele schade",2,"Personenauto","Fiets","Flank","Kruispunt, 4 takken",50,"Niet brandend","Daglicht","Droog",\N,\N,"Heerbaan","Breda","Breda","Noord-Brabant",false,51.593474,4.821594,"material damage only","4","clear",false,1,"GM0758"
"20220080945",2022,"Uitsluitend materiele schade",2,"Bromfiets","Fiets","Flank","Rechte weg",50,"Niet brandend","Daglicht","Droog",\N,"600522223","Radarweg","Amsterdam","Amsterdam","Noord-Holland",false,52.395779,4.835734,"material damage only","4","clear",false,1,"GM0363"
"20220091300",2022,"Letsel",2,"Personenauto","e-bike","Flank","Kruispunt, 4 takken",50,"Niet brandend","Daglicht","Droog",\N,\N,"P wg Roermond-Posterholt","Sint Odiliënberg","Roerdalen","Limburg",false,51.145192,6.005584,"injury","2","clear",false,1,"GM1669"
"20220111661",2022,"Letsel",3,"Fiets","Fiets","Onbekend","Rechte weg",60,"Niet brandend","Daglicht","Droog",\N,"600498297","Sint-Oedenrodeseweg","Best","Best","Noord-Brabant",false,51.526762,5.405339,"injury","2","clear",false,1,"GM0753"
"20220112200",2022,"Letsel",3,"Fiets","Personenauto","Flank","Rechte weg",50,"Niet brandend","Daglicht","Droog",\N,"600157092","Eindhovenseweg","Valkenswaard","Valkenswaard","Noord-Brabant",false,51.355474,5.460811,"injury","2","clear",false,1,"GM0858"
"20220013865",2022,"Uitsluitend materiele schade",3,"Bromfiets","Fiets","Flank","Kruispunt, 3 takken",50,"Niet brandend","Daglicht","Regen",\N,\N,"Johan Vermeerkade","Wormerveer","Zaanstad","Noord-Holland",false,52.482527,4.807135,"material damage only","4","rain",false,1,"GM0479"
"20220023005",2022,"Uitsluitend materiele schade",1,"Fiets",\N,"Onbekend",\N,50,\N,"Duisternis",\N,\N,"252255064","Nieuwe Hoven","Gorinchem","Gorinchem","Zuid-Holland",false,51.837238,4.967313,"material damage only","4","unknown",false,1,"GM0512"
"20220043146",2022,"Letsel",2,"Fiets","Bromfiets","Kop/staart","Rechte weg",50,"Niet brandend","Daglicht","Droog",\N,"600391780","Gronausestraat","Enschede","Enschede","Overijssel",false,52.215977,6.965179,"injury","2","clear",false,1,"GM0153"
"20220046743",2022,"Uitsluitend materiele schade",2,"Personenauto","e-bike","Flank","Rotonde",50,"Niet brandend","Daglicht","Droog",\N,"600650238","Rivierenlandlaan","Tiel","Tiel","Gelderland",false,51.896321,5.417238,"material damage only","4","clear",false,1,"GM0281"
"20220050948",2022,"Letsel",2,"Fiets","Snorfiets","Flank","Rechte weg",\N,"Niet brandend","Daglicht","Droog",\N,"600684474","Utrechtseweg","Zeist","Zeist","Utrecht",false,52.087837,5.23016,"injury","2","clear",false,1,"GM0355"
"20220056838",2022,"Letsel",2,"Bestelauto","Fiets","Flank","Kruispunt, 4 takken",50,"Niet brandend","Daglicht","Droog",\N,\N,"van de Mortelstraat","Noordwijk","Noordwijk","Zuid-Holland",false,52.239988,4.450228,"injury","2","clear",false,1,"GM0575"
"20220058358",2022,"Letsel",2,"Personenauto","Fiets","Flank","Kruispunt, 4 takken",50,"Niet brandend","Daglicht","Droog",\N,\N,"Westvlietweg","Leidschendam","Leidschendam-Voorburg","Zuid-Holland",false,52.060501,4.35397,"injury","2","clear",false,1,"GM1916"
"20220078099",2022,"Letsel",2,"Fiets","Voetganger","Voetganger","Rechte weg",80,"Niet brandend","Daglicht","Droog",\N,"346390002","Biddingringweg","Biddinghuizen","Dronten","Flevoland",false,52.449414,5.669788,"injury","2","clear",false,1,"GM0303"
"20220083950",2022,"Letsel",1,"Fiets",\N,"Eenzijdig","Bocht",50,"Niet brandend","Daglicht","Droog",\N,"186351004","Zeereep","Noordwijkerhout","Noordwijk","Zuid-Holland",false,52.266575,4.484381,"injury","2","clear",false,1,"GM0575"
"20220085215",2022,"Letsel",2,"e-bike","Personenauto","Flank","Kruispunt, 3 takken",30,"Niet brandend","Daglicht","Droog",\N,\N,"Zuiddijk","Maassluis","Maassluis","Zuid-Holland",false,51.92034,4.255054,"injury","2","clear",false,1,"GM0556"
"20220091329",2022,"Uitsluitend materiele schade",2,"Bromfiets","e-bike","Flank","Rechte weg",30,"Niet brandend","Daglicht","Droog",\N,"600635492","Rijksweg Noord","Swalmen","Roermond","Limburg",false,51.244647,6.052236,"material damage only","4","clear",false,1,"GM0957"
"20220092997",2022,"Uitsluitend materiele schade",2,"Snorfiets","e-bike","Flank","Rotonde",50,"Niet brandend","Daglicht","Droog",\N,"360557025","Slauerhoffweg","Leeuwarden","Leeuwarden","Friesland",false,53.195971,5.765692,"material damage only","4","clear",false,1,"GM0080"
"20220114458",2022,"Letsel",2,"Bromfiets","e-bike","Flank","Rechte weg",30,"Niet aanwezig","Daglicht",\N,\N,"600869746","Pleiadenlaan","Groningen","Groningen","Groningen",false,53.227301,6.535464,"injury","2","unknown",false,1,"GM0014"
"20220114647",2022,"Uitsluitend materiele schade",2,"Personenauto","Fiets","Flank","Rechte weg",50,"Niet brandend","Daglicht","Droog",\N,"600900144","Groningerstraatweg","Leeuwarden","Leeuwarden","Friesland",false,53.215171,5.821612,"material damage only","4","clear",false,1,"GM0080"
"20220104627",2022,"Letsel",2,"Fiets","Fiets","Onbekend","Rechte weg",60,"Niet brandend","Daglicht","Droog",\N,"161295002","Lotsweg","Den Hoorn","Midden-Delfland","Zuid-Holland",false,52.011297,4.30808,"injury","2","clear",false,1,"GM1842"
"20220034075",2022,"Letsel",2,"Personenauto","Fiets","Flank","Kruispunt, 3 takken",50,"Brandend","Duisternis","Regen",\N,\N,"Wezenland","Deventer","Deventer","Overijssel",false,52.268321,6.175048,"injury","2","rain",false,1,"GM0150"
"20220046890",2022,"Uitsluitend materiele schade",2,"Personenauto","Fiets","Flank","Kruispunt, 4 takken",30,"Niet brandend","Daglicht","Droog",\N,"600450798","Zijderupsvlinderlaan","Culemborg","Culemborg","Gelderland",false,51.946854,5.202548,"material damage only","4","clear",false,1,"GM0216"
"20220051040",2022,"Uitsluitend materiele schade",2,"Bromfiets","Fiets","Flank","Rechte weg",30,"Niet brandend","Daglicht","Droog",\N,\N,"Daalsesingel","Utrecht","Utrecht","Utrecht",false,52.094917,5.10942,"material damage only","4","clear",false,1,"GM0344"
"20220063885",2022,"Uitsluitend materiele schade",2,"Bromfiets","Fiets","Flank","Rechte weg",50,"Niet brandend","Daglicht","Droog",\N,"600780402","Pannenschuurlaan","Oisterwijk","Oisterwijk","Noord-Brabant",false,51.585515,5.176953,"material damage only","4","clear",false,1,"GM0824"
"20220104848",2022,"Letsel",2,"Bestelauto","Fiets","Onbekend","Rechte weg",30,"Niet brandend","Daglicht","Droog",\N,"156313013","Burg van der Werffstraat","'s-Gravenhage","'s-Gravenhage","Zuid-Holland",false,52.092646,4.269862,"injury","2","clear",false,1,"GM0518"
"20220009958",2022,"Letsel",2,"Brommobiel","Fiets","Flank","Kruispunt, 4 takken",50,"Niet brandend","Daglicht","Droog",\N,\N,"Burg van der Postlaan","Leusden","Leusden","Utrecht",false,52.129144,5.415785,"injury","2","clear",false,1,"GM0327"
"20220017850",2022,"Uitsluitend materiele schade",2,"Personenauto","Fiets","Onbekend",\N,50,\N,"Duisternis",\N,\N,"155302032","Hengelolaan","'s-Gravenhage","'s-Gravenhage","Zuid-Holland",false,52.044112,4.26178,"material damage only","4","unknown",false,1,"GM0518"
"20220029552",2022,"Uitsluitend materiele schade",2,"Fiets","Fiets","Flank","Kruispunt, 4 takken",30,"Niet brandend","Daglicht","Regen",\N,\N,"Kruisstraat","Eindhoven","Eindhoven","Noord-Brabant",false,51.445385,5.475031,"material damage only","4","rain",false,1,"GM0772"
"20220036043",2022,"Uitsluitend materiele schade",2,"Bestelauto","Fiets","Frontaal","Kruispunt, 4 takken",30,"Brandend","Duisternis",\N,\N,\N,"Rijswijkstraat","Amsterdam","Amsterdam","Noord-Holland",false,52.350076,4.840835,"material damage only","4","unknown",false,1,"GM0363"
"20220079563",2022,"Uitsluitend materiele schade",2,"Personenauto","Fiets","Onbekend","Rotonde",50,"Niet brandend","Daglicht","Droog",\N,\N,"Pettemerstraat","Alkmaar","Alkmaar","Noord-Holland",false,52.637909,4.754023,"material damage only","4","clear",false,1,"GM0361"
"20220085364",2022,"Letsel",2,"Personenauto","Fiets","Flank","Rotonde",50,"Niet brandend","Daglicht","Droog",\N,\N,"Krommeweg","Hendrik-Ido-Ambacht","Hendrik-Ido-Ambacht","Zuid-Holland",false,51.839571,4.643209,"injury","2","clear",false,1,"GM0531"
"20220095123",2022,"Uitsluitend materiele schade",2,"Bestelauto","Fiets","Kop/staart","Rechte weg",30,"Niet brandend","Daglicht","Droog",\N,"600472560","Vlijtseweg","Apeldoorn","Apeldoorn","Gelderland",false,52.223885,5.970769,"material damage only","4","clear",false,1,"GM0200"
"20220040198",2022,"Letsel",2,"Fiets","Personenauto","Frontaal","Kruispunt, 4 takken",50,"Niet brandend","Daglicht","Droog",\N,\N,"Atlantakade","Hoogezand","Midden-Groningen","Groningen",false,53.159233,6.754825,"injury","2","clear",false,1,"GM1952"
"20220072116",2022,"Letsel",2,"Bus","Fiets","Flank","Kruispunt, 3 takken",30,"Niet brandend","Daglicht","Droog",\N,\N,"Nieuweweg","Leeuwarden","Leeuwarden","Friesland",false,53.199485,5.799536,"injury","2","clear",false,1,"GM0080"
"20220072118",2022,"Letsel",2,"Personenauto","Fiets","Kop/staart","Rechte weg",30,"Brandend","Duisternis","Droog","Brug/viaduct","331555045","Oud Kaatsveld","Franeker","Waadhoeke","Friesland",false,53.186353,5.548825,"injury","2","clear",false,1,"GM1949"
"20220084125",2022,"Letsel",2,"Personenauto","Fiets","Flank","Kruispunt, 4 takken",50,"Niet brandend","Daglicht","Droog",\N,\N,"Beresteinlaan","'s-Gravenhage","'s-Gravenhage","Zuid-Holland",false,52.034129,4.265584,"injury","2","clear",false,1,"GM0518"
"20220018038",2022,"Letsel",2,"Fiets","Personenauto","Flank","Kruispunt, 3 takken",60,"Niet brandend","Daglicht","Droog","Brug/viaduct",\N,"Noorder Leidsevaart","Hillegom","Hillegom","Zuid-Holland",false,52.297765,4.554465,"injury","2","clear",false,1,"GM0534"
"20220065934",2022,"Letsel",2,"Personenauto","Fiets","Flank","Kruispunt, 3 takken",30,"Niet brandend","Daglicht","Droog",\N,\N,"Gendringenlaan","Tilburg","Tilburg","Noord-Brabant",false,51.582584,5.006482,"injury","2","clear",false,1,"GM0855"
"20220084185",2022,"Letsel",1,"Fiets",\N,"Eenzijdig","Rechte weg",50,"Niet brandend","Daglicht","Droog",\N,\N,"Leeghwaterplein","'s-Gravenhage","'s-Gravenhage","Zuid-Holland",false,52.06752,4.320185,"injury","2","clear",false,1,"GM0518"
"20220014608",2022,"Uitsluitend materiele schade",2,"Snorfiets","Fiets","Flank","Kruispunt, 4 takken",30,"Brandend","Duisternis","Droog",\N,\N,"Houthavenkade","Zaandam","Zaanstad","Noord-Holland",false,52.436324,4.821752,"material damage only","4","clear",false,1,"GM0479"
"20220030359",2022,"Uitsluitend materiele schade",2,"Personenauto","Fiets","Flank","Kruispunt, 3 takken",30,"Niet brandend","Daglicht","Mist",\N,\N,"Kepringelehof","Panningen","Peel en Maas","Limburg",false,51.32898,5.983961,"material damage only","4","fog",false,1,"GM1894"
"20220054499",2022,"Letsel",3,"e-bike","Fiets","Onbekend","Rechte weg",30,"Niet brandend","Daglicht","Droog",\N,"600124451","Amstel","Amsterdam","Amsterdam","Noord-Holland",false,52.36704,4.894682,"injury","2","clear",false,1,"GM0363"
"20220057454",2022,"Letsel",2,"Fiets","Fiets","Flank","Rotonde",\N,"Brandend","Duisternis","Droog",\N,\N,"De Gasfabriek","Alphen aan den Rijn","Alphen aan den Rijn","Zuid-Holland",false,52.126779,4.658571,"injury","2","clear",false,1,"GM0484"
"20220067686",2022,"Uitsluitend materiele schade",3,"Bromfiets","e-bike","Onbekend","Rechte weg",30,"Niet brandend","Daglicht","Droog",\N,\N,"Celsiusstraat","'s-Hertogenbosch","'s-Hertogenbosch","Noord-Brabant",false,51.693158,5.289559,"material damage only","4","clear",false,1,"GM0796"
"20220083392",2022,"Letsel",2,"Personenauto","Fiets","Flank","Rotonde",50,"Niet brandend","Daglicht","Droog",\N,\N,"Haaswijklaan","Oegstgeest","Oegstgeest","Zuid-Holland",false,52.192508,4.474815,"injury","2","clear",false,1,"GM0579"
"20220085619",2022,"Letsel",3,"Fiets","Voetganger","Voetganger","Rechte weg",50,"Niet brandend","Daglicht","Droog","Brug/viaduct","600892247","ERASMUSBRUG","Rotterdam","Rotterdam","Zuid-Holland",false,51.909566,4.485737,"injury","2","clear",false,1,"GM0599"
"20220096231",2022,"Letsel",3,"e-bike","Fiets","Onbekend","Rechte weg",30,"Niet brandend","Daglicht","Droog",\N,"600695427","Hatertseweg","Nijmegen","Nijmegen","Gelderland",false,51.80612,5.816054,"injury","2","clear",false,1,"GM0268"
"20220098855",2022,"Uitsluitend materiele schade",2,"Fiets","Fiets","Flank","Rechte weg",50,"Niet brandend","Daglicht","Droog",\N,"271308051","Balijelaan","Utrecht","Utrecht","Utrecht",false,52.077138,5.110753,"material damage only","4","clear",false,1,"GM0344"
"20220101760",2022,"Uitsluitend materiele schade",2,"Bromfiets","Fiets","Onbekend",\N,30,\N,"Schemer",\N,\N,"232389130","Herengracht","Zaandam","Zaanstad","Noord-Holland",false,52.441156,4.81862,"material damage only","4","unknown",false,1,"GM0479"
"20220034693",2022,"Letsel",1,"Fiets",\N,"Eenzijdig","Rechte weg",30,"Niet brandend","Daglicht","Droog",\N,"298330001","Molenstraat","Soest","Soest","Utrecht",false,52.177742,5.304551,"injury","2","clear",false,1,"GM0342"
"20220050084",2022,"Uitsluitend materiele schade",2,"Personenauto","Fiets","Frontaal","Kruispunt, 3 takken",50,"Niet brandend","Daglicht","Droog",\N,\N,"Techniekweg","IJsselstein","IJsselstein","Utrecht",false,52.010637,5.056365,"material damage only","4","clear",false,1,"GM0353"
"20220054664",2022,"Uitsluitend materiele schade",2,"Fiets","Personenauto","Flank","Kruispunt, 3 takken",50,"Niet brandend","Daglicht","Droog","Brug/viaduct",\N,"Hoekenes","Amsterdam","Amsterdam","Noord-Holland",false,52.35915,4.799384,"material damage only","4","clear",false,1,"GM0363"
"20220097723",2022,"Uitsluitend materiele schade",2,"Fiets","Overig vast object","Vast voorwerp","Rechte weg",50,"Niet brandend","Daglicht","Droog",\N,"600564818","Hollandweg","Arnhem","Arnhem","Gelderland",false,51.956897,5.858329,"material damage only","4","clear",false,1,"GM0202"
"20220099289",2022,"Letsel",2,"Fiets","Fiets","Frontaal","Rechte weg",\N,"Niet brandend","Daglicht","Droog",\N,\N,"Langestraat","Amersfoort","Amersfoort","Utrecht",false,52.156555,5.391144,"injury","2","clear",false,1,"GM0307"
"20220099631",2022,"Uitsluitend materiele schade",2,"Personenauto","Fiets","Frontaal","Rechte weg",30,"Niet brandend","Daglicht","Droog",\N,"600808744","Utrechtsestraatweg","Rhenen","Rhenen","Utrecht",false,51.960931,5.558312,"material damage only","4","clear",false,1,"GM0340"
"20220100368",2022,"Letsel",2,"Personenauto","Fiets","Frontaal","Kruispunt, 3 takken",50,"Niet brandend","Daglicht","Droog",\N,\N,"Zwanenburgerdijk","Zwanenburg","Haarlemmermeer","Noord-Holland",false,52.38575,4.727993,"injury","2","clear",false,1,"GM0394"
"20220104223",2022,"Uitsluitend materiele schade",2,"Fiets","Bromfiets","Frontaal","Rechte weg",\N,"Niet brandend","Daglicht","Droog",\N,"183320039","Vlietlandpad","Voorschoten","Voorschoten","Zuid-Holland",false,52.125929,4.461873,"material damage only","4","clear",false,1,"GM0626"
"20220074249",2022,"Uitsluitend materiele schade",2,"Personenauto","e-bike","Flank","Kruispunt, 4 takken",30,"Niet brandend","Daglicht","Droog",\N,\N,"Tesselschadestraat","Zwolle","Zwolle","Overijssel",false,52.516119,6.114893,"material damage only","4","clear",false,1,"GM0193"
"20220054718",2022,"Uitsluitend materiele schade",2,"Personenauto","Fiets","Los voorwerp","Bocht",30,"Niet brandend","Daglicht","Droog",\N,"232347038","Bertram","Uithoorn","Uithoorn","Noord-Holland",false,52.251724,4.819379,"material damage only","4","clear",false,1,"GM0451"
"20220060008",2022,"Letsel",2,"Fiets","Fiets","Frontaal","Rechte weg",30,"Niet brandend","Daglicht","Droog",\N,\N,"Schuttersveld","Leiden","Leiden","Zuid-Holland",false,52.165478,4.486254,"injury","2","clear",false,1,"GM0546"
"20220102347",2022,"Letsel",2,"Fiets","Voetganger","Voetganger","Rechte weg",\N,"Niet brandend","Daglicht","Droog",\N,"600389372","Jodenbreestraat","Amsterdam","Amsterdam","Noord-Holland",false,52.369373,4.901702,"injury","2","clear",false,1,"GM0363"
"20220103788",2022,"Uitsluitend materiele schade",2,"Snorfiets","Fiets","Onbekend","Rechte weg",50,"Niet brandend","Daglicht","Droog",\N,"600687615","President Kennedylaan","Oegstgeest","Oegstgeest","Zuid-Holland",false,52.188266,4.482607,"material damage only","4","clear",false,1,"GM0579"
"20220015381",2022,"Uitsluitend materiele schade",2,"Personenauto","Fiets","Flank","Bocht",50,"Niet brandend","Daglicht","Droog",\N,"247372041","Pontanusstraat","Amsterdam","Amsterdam","Noord-Holland",false,52.362074,4.930571,"material damage only","4","clear",false,1,"GM0363"
"20220036953",2022,"Letsel",2,"Fiets","Fiets","Onbekend","Rechte weg",30,"Niet aanwezig","Daglicht","Droog",\N,"600378962","Leggelostraat","'s-Gravenhage","'s-Gravenhage","Zuid-Holland",false,52.043134,4.277333,"injury","2","clear",false,1,"GM0518"
"20220042321",2022,"Uitsluitend materiele schade",2,"Bromfiets","Fiets","Flank","Rechte weg",30,"Niet brandend","Daglicht","Droog",\N,"600216874","Nieuwe Ebbingestraat","Groningen","Groningen","Groningen",false,53.227877,6.560144,"material damage only","4","clear",false,1,"GM0014"
"20220042346",2022,"Letsel",2,"Personenauto","Fiets","Flank","Kruispunt, 3 takken",30,"Niet brandend","Daglicht","Droog",\N,\N,"Hofakkers","Annen","Aa en Hunze","Drenthe",false,53.056915,6.714617,"injury","2","clear",false,1,"GM1680"
"20220059067",2022,"Letsel",2,"Personenauto","Fiets","Flank","Rotonde",50,"Niet brandend","Daglicht","Droog",\N,\N,"Van Cranenburchlaan","Wassenaar","Wassenaar","Zuid-Holland",false,52.149745,4.403852,"injury","2","clear",false,1,"GM0629"
"20220108137",2022,"Uitsluitend materiele schade",2,"Personenauto","Fiets","Flank","Kruispunt, 3 takken",\N,"Niet brandend","Daglicht","Droog",\N,\N,"2e Westblaakhof","Rotterdam","Rotterdam","Zuid-Holland",false,51.917492,4.478412,"material damage only","4","clear",false,1,"GM0599"
"20220054963",2022,"Letsel",2,"Fiets","Voetganger","Voetganger","Rechte weg",30,"Brandend","Duisternis","Droog",\N,"600699902","2e Hugo de Grootstraat","Amsterdam","Amsterdam","Noord-Holland",false,52.375071,4.870765,"injury","2","clear",false,1,"GM0363"
"20220111170",2022,"Letsel",2,"Fiets",\N,"Eenzijdig","Rechte weg",30,"Niet brandend","Daglicht","Droog",\N,"332205013","Rembrandtlaan","Veghel","Meierijstad","Noord-Brabant",false,51.614719,5.551169,"injury","2","clear",false,1,"GM1948"
"20220074022",2022,"Uitsluitend materiele schade",2,"Bromfiets","Fiets","Flank","Rechte weg",\N,"Niet brandend","Daglicht","Droog",\N,"600540621","Putterweg","Ermelo","Ermelo","Gelderland",false,52.295328,5.630175,"material damage only","4","clear",false,1,"GM0233"
"20220046244",2022,"Uitsluitend materiele schade",1,"Fiets",\N,"Onbekend",\N,\N,\N,"Daglicht",\N,\N,"515339136","Wethouder Beversstraat","Enschede","Enschede","Overijssel",false,52.206446,6.892196,"material damage only","4","unknown",false,1,"GM0153"
"20220068104",2022,"Letsel",2,"Fiets","Overig vast object","Vast voorwerp","Rechte weg",30,"Niet brandend","Daglicht","Droog",\N,"327183009","van den Elsenstraat","Son en Breugel","Son en Breugel","Noord-Brabant",false,51.515205,5.513413,"injury","2","clear",false,1,"GM0848"
"20220113132",2022,"Uitsluitend materiele schade",2,"Personenauto","Fiets","Geparkeerd voertuig",\N,30,"Niet brandend","Daglicht","Droog","Parkeervoorziening","402045050","Zwaluwstraat","Kerkrade","Kerkrade","Limburg",false,50.891449,6.047026,"material damage only","4","clear",false,1,"GM0928"
"20220075961",2022,"Letsel",3,"Bromfiets","Fiets","Onbekend","Rechte weg",\N,"Brandend","Duisternis","Droog",\N,"600152756","Oldenzaalsestraat","Enschede","Enschede","Overijssel",false,52.222584,6.899664,"injury","2","clear",false,1,"GM0153"
"20220046273",2022,"Uitsluitend materiele schade",2,"Personenauto","Fiets","Flank","Rechte weg",30,"Niet brandend","Daglicht","Droog",\N,"393334047","Heemradenlaan","Apeldoorn","Apeldoorn","Gelderland",false,52.192628,5.999992,"material damage only","4","clear",false,1,"GM0200"
"20230000563",2023,"Letsel",2,"Personenauto","e-bike","Flank","Kruispunt, 4 takken",30,"Niet brandend","Daglicht","Droog",\N,\N,"Witterhaar","Assen","Assen","Drenthe",false,52.981669,6.516722,"injury","2","clear",false,1,"GM0106"
"20230022181",2023,"Letsel",1,"Fiets",\N,"Eenzijdig",\N,30,\N,"Daglicht",\N,\N,"154288007","Swaandrift","De Lier","Westland","Zuid-Holland",false,51.979296,4.254375,"injury","2","unknown",false,1,"GM1783"
"20230066522",2023,"Uitsluitend materiele schade",1,"Fiets",\N,"Onbekend",\N,\N,\N,"Daglicht",\N,\N,"241376020","Willemsstraat","Amsterdam","Amsterdam","Noord-Holland",false,52.381249,4.884632,"material damage only","4","unknown",false,1,"GM0363"
"20230007814",2023,"Uitsluitend materiele schade",2,"Personenauto","Fiets","Onbekend",\N,30,\N,"Daglicht",\N,\N,\N,"Schoolstraat","Sint Philipsland","Tholen","Zeeland",false,51.616825,4.163047,"material damage only","4","unknown",false,1,"GM0716"
"20230058064",2023,"Letsel",2,"Personenauto","Fiets","Onbekend",\N,50,\N,"Duisternis",\N,\N,\N,"STADSBAAN NOORD","Utrecht","Utrecht","Utrecht",false,52.10228,5.061596,"injury","2","unknown",false,1,"GM0344"
"20230000361",2023,"Uitsluitend materiele schade",2,"Fiets","Bromfiets","Flank","Rechte weg",30,"Niet brandend","Daglicht","Droog",\N,\N,"Laan van Presikhaaf","Arnhem","Arnhem","Gelderland",false,51.98656,5.942908,"material damage only","4","clear",false,1,"GM0202"
"20230001379",2023,"Letsel",2,"Personenauto","Fiets","Flank","Kruispunt, 3 takken",50,"Brandend","Schemer","Droog",\N,\N,"J.G. Pinksterstraat","Veendam","Veendam","Groningen",false,53.104319,6.872163,"injury","2","clear",false,1,"GM0047"
"20230050475",2023,"Letsel",1,"Fiets",\N,"Eenzijdig",\N,\N,\N,"Daglicht",\N,\N,"154301052","Beresteinlaan","'s-Gravenhage","'s-Gravenhage","Zuid-Holland",false,52.040179,4.256512,"injury","2","unknown",false,1,"GM0518"
"20230050744",2023,"Uitsluitend materiele schade",1,"Fiets",\N,"Onbekend",\N,\N,\N,"Daglicht",\N,\N,"167306013","Prinses Mariannelaan","Voorburg","Leidschendam-Voorburg","Zuid-Holland",false,52.063782,4.35187,"material damage only","4","unknown",false,1,"GM1916"
"20230002724",2023,"Uitsluitend materiele schade",2,"Personenauto","Fiets","Flank","Rechte weg",50,"Niet brandend","Schemer","Droog","Tankstation","266313100","Atoomweg","Utrecht","Utrecht","Utrecht",false,52.09996,5.069409,"material damage only","4","clear",false,1,"GM0344"
"20230008065",2023,"Letsel",2,"Personenauto","Fiets","Onbekend",\N,\N,\N,"Duisternis",\N,\N,"600754351","Teteringsedijk","Breda","Breda","Noord-Brabant",false,51.593405,4.79993,"injury","2","unknown",false,1,"GM0758"
"20230041791",2023,"Uitsluitend materiele schade",2,"Personenauto","Fiets","Onbekend",\N,50,\N,"Daglicht",\N,\N,\N,"Professor Goossenslaan","Tilburg","Tilburg","Noord-Brabant",false,51.540823,5.076802,"material damage only","4","unknown",false,1,"GM0855"
"20230001860",2023,"Uitsluitend materiele schade",2,"Personenauto","e-bike","Flank","Kruispunt, 4 takken",50,"Niet brandend","Daglicht","Droog",\N,\N,"Woestduinlaan","Doorn","Utrechtse Heuvelrug","Utrecht",false,52.04392,5.332777,"material damage only","4","clear",false,1,"GM1581"
"20230008660",2023,"Uitsluitend materiele schade",2,"Personenauto","Fiets","Flank","Kruispunt, 3 takken",50,"Niet brandend","Daglicht","Droog",\N,\N,"O.L.Vrouwestraat","Kerkrade","Kerkrade","Limburg",false,50.869426,6.068241,"material damage only","4","clear",false,1,"GM0928"
"20230045403",2023,"Dodelijk",2,"Personenauto","e-bike","Flank","Kruispunt, 3 takken",60,"Niet brandend","Daglicht","Droog",\N,\N,"Koningin Julianalaan","Delfzijl","Eemsdelta","Groningen",false,53.325688,6.915009,"fatal","1","clear",false,1,"GM1979"
"20230009469",2023,"Uitsluitend materiele schade",2,"Personenauto","Fiets","Kop/staart","Rechte weg",30,"Brandend","Schemer","Droog",\N,"351036070","Herbenusstraat","Maastricht","Maastricht","Limburg",false,50.852692,5.683297,"material damage only","4","clear",false,1,"GM0935"
"20230012560",2023,"Letsel",2,"Fiets","Fiets","Flank","Rechte weg",60,"Brandend","Duisternis","Droog",\N,"320333007","Jacob de Boerweg","Nijkerkerveen","Nijkerk","Gelderland",false,52.190645,5.46403,"injury","2","clear",false,1,"GM0267"
"20230053528",2023,"Dodelijk",2,"Trekker","Fiets","Eenzijdig","Kruispunt, 4 takken",80,"Niet aanwezig","Daglicht","Droog",\N,\N,"Bochtstraat","Ospel","Nederweert","Limburg",false,51.286399,5.787239,"fatal","1","clear",false,1,"GM0946"
"20230038857",2023,"Letsel",1,"Fiets",\N,"Eenzijdig",\N,50,\N,"Daglicht",\N,\N,"600475046","Haarlemmerstraatweg","Oegstgeest","Oegstgeest","Zuid-Holland",false,52.197209,4.472093,"injury","2","unknown",false,1,"GM0579"