"accident_id","year","severity_raw","party_count","party1_type","party2_type","accident_type","road_situation","speed_limit_kmh","road_lighting","light_condition_label","weather_raw","infra_type","road_segment_id","street_name","place_name","gemeente_name_raw","province","alcohol_indicated","latitude","longitude","severity_label","severity_code","weather_label","built_up_area","cyclists_involved","gemeente_code"
"20230001955",2023,"Letsel",2,"Fiets","Bestelauto","Flank","Kruispunt, 4 takken",30,"Niet brandend","Daglicht","Droog",\N,\N,"Vlinderlaan","Nijkerk","Nijkerk","Gelderland",false,52.213492,5.459641,"injury","2","clear",false,1,"GM0267"
"20230004794",2023,"Letsel",2,"Personenauto","Fiets","Flank","Rotonde",50,"Niet brandend","Daglicht","Sneeuw/Hagel",\N,\N,"Flevostraat","Purmerend","Purmerend","Noord-Holland",false,52.516532,4.963859,"injury","2","unknown",false,1,"GM0439"
"20230005025",2023,"Uitsluitend materiele schade",2,"Snorfiets","Fiets","Flank","Kruispunt, 4 takken",50,"Brandend","Duisternis","Droog","Tunnel",\N,"VIADUCT CALAND VAILL","'s-Gravenhage","'s-Gravenhage","Zuid-Holland",false,52.063842,4.31213,"material damage only","4","clear",false,1,"GM0518"
"20230005267",2023,"Letsel",2,"Bestelauto","e-bike","Flank","Kruispunt, 3 takken",80,"Brandend","Duisternis","Droog",\N,\N,"Heerewegh","Benthuizen","Alphen aan den Rijn","Zuid-Holland",false,52.078194,4.559101,"injury","2","clear",false,1,"GM0484"
"20230027686",2023,"Uitsluitend materiele schade",2,"Personenauto","Fiets","Onbekend",\N,50,\N,"Daglicht",\N,\N,"182189039","Kalsdonksestraat","Roosendaal","Roosendaal","Noord-Brabant",false,51.540316,4.470173,"material damage only","4","unknown",false,1,"GM1674"
"20230019269",2023,"Letsel",2,"Personenauto","Fiets","Onbekend",\N,50,\N,"Daglicht",\N,\N,"600806236","De Monding","Veenendaal","Veenendaal","Utrecht",false,52.022585,5.527895,"injury","2","unknown",false,1,"GM0345"
"20230042875",2023,"Uitsluitend materiele schade",2,"Personenauto","Fiets","Onbekend",\N,30,\N,"Daglicht",\N,\N,"160178058","Mathijsenstraat","Bergen op Zoom","Bergen op Zoom","Noord-Brabant",false,51.485299,4.312591,"material damage only","4","unknown",false,1,"GM0748"
"20230069094",2023,"Letsel",1,"Fiets",\N,"Eenzijdig",\N,50,\N,"Daglicht",\N,\N,"195280018","Prins Alexanderlaan","Rotterdam","Rotterdam","Zuid-Holland",false,51.948515,4.552322,"injury","2","unknown",false,1,"GM0599"
"20230002981",2023,"Uitsluitend materiele schade",2,"Personenauto","Fiets","Flank","Kruispunt, 4 takken",50,"Brandend","Duisternis","Droog",\N,\N,"Steigerdijk","Heerhugowaard","Dijk en Waard","Noord-Holland",false,52.646355,4.819204,"material damage only","4","clear",false,1,"GM1980"
"20230040161",2023,"Uitsluitend materiele schade",2,"Bestelauto","Fiets","Onbekend",\N,30,\N,"Daglicht",\N,\N,"218300013","Notaris d'Aumerielaan","Reeuwijk","Bodegraven-Reeuwijk","Zuid-Holland",false,52.039941,4.721284,"material damage only","4","unknown",false,1,"GM1901"
"20230078525",2023,"Dodelijk",2,"Fiets","Bus","Onbekend","Kruispunt, 4 takken",50,"Niet brandend","Daglicht","Droog",\N,\N,"Prins Hendrikkade","Amsterdam","Amsterdam","Noord-Holland",false,52.371865,4.910729,"fatal","1","clear",false,1,"GM0363"
"20230006217",2023,"Uitsluitend materiele schade",2,"Fiets","Voetganger","Voetganger","Rechte weg",50,"Niet brandend","Daglicht","Droog",\N,"600654731","Mathenesserlaan","Rotterdam","Rotterdam","Zuid-Holland",false,51.914592,4.466536,"material damage only","4","clear",false,1,"GM0599"
"20230006227",2023,"Letsel",2,"Personenauto","Fiets","Flank","Rotonde",50,"Niet brandend","Daglicht","Droog",\N,\N,"Sportlaan","Hellevoetsluis","Voorne aan Zee","Zuid-Holland",false,51.834709,4.138208,"injury","2","clear",false,1,"GM1992"
"20230007685",2023,"Uitsluitend materiele schade",3,"Personenauto","Fiets","Onbekend","Rechte weg",50,"Niet brandend","Daglicht","Droog",\N,"332208093","Vorstenbosscheweg","Veghel","Meierijstad","Noord-Brabant",false,51.626866,5.546936,"material damage only","4","clear",false,1,"GM1948"
"20230005501",2023,"Letsel",2,"Personenauto","Fiets","Flank","Kruispunt, 4 takken",50,"Brandend","Duisternis","Droog",\N,\N,"Prinsenweg","Wassenaar","Wassenaar","Zuid-Holland",false,52.140919,4.398795,"injury","2","clear",false,1,"GM0629"
"20230005772",2023,"Uitsluitend materiele schade",2,"Personenauto","Fiets","Flank","Kruispunt, 4 takken",50,"Niet brandend","Daglicht","Regen",\N,\N,"HAAGSE HOUT","'s-Gravenhage","'s-Gravenhage","Zuid-Holland",false,52.105378,4.35888,"material damage only","4","rain",false,1,"GM0518"
"20230007862",2023,"Uitsluitend materiele schade",2,"Personenauto","Fiets","Flank","Kruispunt, 4 takken",70,"Niet brandend","Daglicht","Regen",\N,\N,"Leostraat","Eindhoven","Eindhoven","Noord-Brabant",false,51.424169,5.492406,"material damage only","4","rain",false,1,"GM0772"
"20230095573",2023,"Letsel",1,"Fiets",\N,"Eenzijdig",\N,50,\N,"Daglicht",\N,\N,\N,"Leeghwaterpad","Almere","Almere","Flevoland",false,52.386856,5.241423,"injury","2","unknown",false,1,"GM0034"
"20230009914",2023,"Letsel",4,"Bestelauto","Fiets","Los voorwerp","Rechte weg",50,"Niet brandend","Daglicht","Droog",\N,"470564006","Bornholmstraat","Groningen","Groningen","Groningen",false,53.219879,6.593154,"injury","2","clear",false,1,"GM0014"
"20230011453",2023,"Uitsluitend materiele schade",2,"Personenauto","Fiets","Onbekend","Rotonde",50,"Niet brandend","Daglicht","Regen",\N,\N,"Dikkensweg","Wierden","Wierden","Overijssel",false,52.360506,6.594554,"material damage only","4","rain",false,1,"GM0189"
"20230048768",2023,"Uitsluitend materiele schade",2,"Bestelauto","Fiets","Onbekend",\N,30,\N,"Daglicht",\N,\N,"600202398","Hooigracht","'s-Gravenhage","'s-Gravenhage","Zuid-Holland",false,52.085753,4.313266,"material damage only","4","unknown",false,1,"GM0518"
"20230011023",2023,"Uitsluitend materiele schade",2,"Personenauto","Fiets","Flank","Kruispunt, 4 takken",50,"Niet brandend","Daglicht","Droog",\N,\N,"Achterhoekseweg","Hengelo","Hengelo (O)","Overijssel",false,52.284098,6.781243,"material damage only","4","clear",false,1,\N
"20230012197",2023,"Uitsluitend materiele schade",2,"Fiets","Voetganger","Voetganger","Rechte weg",80,"Brandend","Schemer","Regen",\N,"600692755","Barneveldseweg","Nijkerk","Nijkerk","Gelderland",false,52.211077,5.500361,"material damage only","4","rain",false,1,"GM0267"
"20230049219",2023,"Letsel",1,"Fiets",\N,"Eenzijdig",\N,\N,\N,"Daglicht",\N,\N,"600606037","Ronner-Knipstraat","Leiden","Leiden","Zuid-Holland",false,52.152466,4.445672,"injury","2","unknown",false,1,"GM0546"
"20230049281",2023,"Letsel",1,"Fiets",\N,"Eenzijdig",\N,50,\N,"Schemer",\N,\N,"600379000","Loevesteinlaan","'s-Gravenhage","'s-Gravenhage","Zuid-Holland",false,52.056385,4.275503,"injury","2","unknown",false,1,"GM0518"
"20230037234",2023,"Uitsluitend materiele schade",2,"Personenauto","Fiets","Flank","Kruispunt, 4 takken",50,"Niet brandend","Daglicht","Droog",\N,\N,"Verkeersplein Noord","Velsen-Noord","Velsen","Noord-Holland",false,52.475002,4.656405,"material damage only","4","clear",false,1,"GM0453"
"20240006608",2024,"Uitsluitend materiele schade",2,"Fiets","Overig vast object","Onbekend","Rechte weg",30,"Niet brandend","Schemer","Droog",\N,"600830652","Treubpad","Nijmegen","Nijmegen","Gelderland",false,51.810436,5.830407,"material damage only","4","clear",false,1,"GM0268"
"20240037541",2024,"Uitsluitend materiele schade",2,"Fiets","Personenauto","Onbekend","Rechte weg",30,"Niet brandend","Daglicht","Droog",\N,\N,"Horst 38","Lelystad","Lelystad","Flevoland",false,52.502682,5.490438,"material damage only","4","clear",false,1,"GM0995"
"20230004327",2023,"Letsel",2,"Fiets","Fiets","Flank","Rechte weg",50,"Niet brandend","Daglicht","Droog",\N,"600362920","Rozenstraat","Amsterdam","Amsterdam","Noord-Holland",false,52.372945,4.881659,"injury","2","clear",false,1,"GM0363"
"20240009101",2024,"Uitsluitend materiele schade",2,"Personenauto","Fiets","Onbekend","Rechte weg",60,"Niet aanwezig","Daglicht","Droog",\N,"600851186","Zwarte Kolkstraat","Wilp","Voorst","Gelderland",false,52.212662,6.088499,"material damage only","4","clear",false,1,"GM0285"
"20240039135",2024,"Uitsluitend materiele schade",2,"Personenauto","Fiets","Onbekend","Rechte weg",50,"Niet brandend","Daglicht","Droog",\N,\N,"Marconistraat","Zevenaar","Zevenaar","Gelderland",false,51.932949,6.091811,"material damage only","4","clear",false,1,"GM0299"
"20240022297",2024,"Letsel",2,"Personenauto","Fiets","Onbekend","Kruispunt, 4 takken",30,"Niet brandend","Daglicht","Droog",\N,\N,"Palamedesstraat","Rotterdam","Rotterdam","Zuid-Holland",false,51.961946,4.487118,"injury","2","clear",false,1,"GM0599"
"20240028004",2024,"Letsel",2,"Personenauto","Fiets","Frontaal","Rechte weg",30,"Niet brandend","Daglicht","Droog",\N,"210373030","Ekamastraat","Haarlem","Haarlem","Noord-Holland",false,52.365151,4.660622,"injury","2","clear",false,1,"GM0392"
"20240027946",2024,"Uitsluitend materiele schade",2,"Fiets","Personenauto","Los voorwerp","Kruispunt, 4 takken",50,"Niet brandend","Daglicht","Droog",\N,\N,"Laan der Nederlanden","Beverwijk","Beverwijk","Noord-Holland",false,52.4944,4.669467,"material damage only","4","clear",false,1,"GM0375"
"20240039146",2024,"Letsel",2,"Personenauto","Fiets","Flank","Rechte weg",80,"Niet aanwezig","Daglicht","Droog",\N,"359452045","Muntweg","Emmeloord","Noordoostpolder","Flevoland",false,52.725115,5.753529,"injury","2","clear",false,1,"GM0171"
"20240035857",2024,"Letsel",2,"Personenauto","Fiets","Onbekend","Rotonde",50,"Niet brandend","Daglicht","Droog",\N,\N,"Hoeksterend","Leeuwarden","Leeuwarden","Friesland",false,53.205843,5.800765,"injury","2","clear",false,1,"GM0080"
"20240019826",2024,"Uitsluitend materiele schade",2,"Bromfiets","Fiets","Onbekend","Bocht",60,"Niet aanwezig","Daglicht","Droog",\N,"315326007","Hessenweg","Stoutenburg","Leusden","Utrecht",false,52.157413,5.427848,"material damage only","4","clear",false,1,"GM0327"
"20240017344",2024,"Letsel",3,"Fiets","Voetganger","Voetganger","Kruispunt, 4 takken",50,"Niet brandend","Daglicht","Droog",\N,\N,"Dr. Van Hoekstraat","Enschede","Enschede","Overijssel",false,52.212054,6.867561,"injury","2","clear",false,1,"GM0153"
"20240019751",2024,"Letsel",1,"Fiets",\N,"Onbekend","Kruispunt, 3 takken",50,"Niet brandend","Daglicht","Droog",\N,\N,"Lumièrestraat","Ede","Ede","Gelderland",false,52.033542,5.63934,"injury","2","clear",false,1,"GM0228"
"20240020814",2024,"Letsel",2,"Fiets","Voetganger","Voetganger","Kruispunt, 3 takken",30,"Brandend","Duisternis","Droog",\N,\N,"Damrak","Amsterdam","Amsterdam","Noord-Holland",false,52.375749,4.896583,"injury","2","clear",false,1,"GM0363"
"20240006962",2024,"Letsel",2,"Bestelauto","Fiets","Flank","Bocht",80,"Niet brandend","Daglicht","Droog",\N,\N,"Paleisweg","Ermelo","Ermelo","Gelderland",false,52.247875,5.748156,"injury","2","clear",false,1,"GM0233"
"20240032568",2024,"Letsel",1,"Fiets",\N,"Onbekend","Bocht",50,"Niet aanwezig","Daglicht","Droog",\N,\N,"Kale jonkerpad","Gouda","Gouda","Zuid-Holland",false,52.022416,4.728158,"injury","2","clear",false,1,"GM0513"
"20240032869",2024,"Letsel",1,"Fiets",\N,"Onbekend",\N,30,\N,"Daglicht",\N,\N,"174338092","Sluisweg","Katwijk","Katwijk","Zuid-Holland",false,52.205732,4.398453,"injury","2","unknown",false,1,"GM0537"
"20240034660",2024,"Uitsluitend materiele schade",2,"Personenauto","Fiets","Flank","Rotonde",70,"Brandend","Duisternis","Droog",\N,\N,"Winckelen","Kerkrade","Kerkrade","Limburg",false,50.864314,6.01406,"material damage only","4","clear",false,1,"GM0928"
"20240035149",2024,"Uitsluitend materiele schade",2,"Personenauto","Fiets","Los voorwerp","Rechte weg",60,"Niet brandend","Daglicht","Droog",\N,"600972168","van Haestrechtstraat","Kaatsheuvel","Loon op Zand","Noord-Brabant",false,51.661788,5.066295,"material damage only","4","clear",false,1,"GM0809"
"20240036268",2024,"Uitsluitend materiele schade",2,"Fiets","Personenauto","Flank","Kruispunt, 3 takken",50,"Niet brandend","Daglicht","Droog",\N,\N,"Westkanaaldijk","Nijmegen","Nijmegen","Gelderland",false,51.847371,5.815829,"material damage only","4","clear",false,1,"GM0268"
"20220155869",2022,"Uitsluitend materiele schade",2,"Fiets","Fiets","Frontaal","Bocht",50,"Niet brandend","Daglicht","Droog",\N,"206310010","Roemer","Boskoop","Alphen aan den Rijn","Zuid-Holland",false,52.080836,4.632932,"material damage only","4","clear",false,1,"GM0484"
"20220161025",2022,"Uitsluitend materiele schade",2,"Personenauto","e-bike","Flank","Rechte weg",30,"Niet brandend","Daglicht","Droog",\N,"467516028","Molenstraat","Assen","Assen","Drenthe",false,53.00335,6.556968,"material damage only","4","clear",false,1,"GM0106"
"20220172010",2022,"Uitsluitend materiele schade",2,"Fiets","Personenauto","Flank","Kruispunt, 3 takken",\N,"Niet brandend","Daglicht","Droog",\N,"600591775","IJsselmeerweg","Naarden","Gooise Meren","Noord-Holland",false,52.322117,5.131175,"material damage only","4","clear",false,1,"GM1942"
"20220173225",2022,"Letsel",2,"Snorfiets","Fiets","Flank","Kruispunt, 3 takken",50,"Niet brandend","Daglicht","Droog",\N,\N,"Louis Armstronglaan","Utrecht","Utrecht","Utrecht",false,52.100473,5.051437,"injury","2","clear",false,1,"GM0344"
"20220175691",2022,"Letsel",2,"Personenauto","e-bike","Kop/staart","Kruispunt, 4 takken",30,"Niet brandend","Daglicht","Droog",\N,\N,"Schoolweg","Limmen","Castricum","Noord-Holland",false,52.568295,4.695011,"injury","2","clear",false,1,"GM0383"
"20220181411",2022,"Letsel",2,"Snorfiets","Fiets","Flank","Rechte weg",30,"Niet brandend","Daglicht","Droog",\N,"600562837","Dedemsvaartweg","'s-Gravenhage","'s-Gravenhage","Zuid-Holland",false,52.052146,4.260343,"injury","2","clear",false,1,"GM0518"
"20220181425",2022,"Letsel",4,"e-bike","e-bike","Onbekend","Rechte weg",50,"Brandend","Duisternis","Droog",\N,\N,"Groeneweg","'s-Gravenzande","Westland","Zuid-Holland",false,51.985415,4.202764,"injury","2","clear",false,1,"GM1783"
"20220185626",2022,"Letsel",1,"Fiets",\N,"Eenzijdig",\N,60,\N,"Daglicht",\N,\N,"225210001","Salesdreef","Breda","Breda","Noord-Brabant",false,51.632934,4.782748,"injury","2","unknown",false,1,"GM0758"
"20220117985",2022,"Uitsluitend materiele schade",2,"Fiets","Fiets","Onbekend","Rechte weg",30,"Niet brandend","Daglicht","Droog",\N,"407302041","Buitensingel","Dieren","Rheden","Gelderland",false,52.046718,6.099502,"material damage only","4","clear",false,1,"GM0275"
"20220136902",2022,"Uitsluitend materiele schade",2,"Snorfiets","e-bike","Frontaal","Bocht",50,"Niet brandend","Daglicht","Droog",\N,"600845217","Parallelweg","Duiven","Duiven","Gelderland",false,51.947246,6.004569,"material damage only","4","clear",false,1,"GM0226"
"20220177062",2022,"Letsel",2,"Motor","Fiets","Flank","Rechte weg",50,"Brandend","Duisternis","Droog",\N,"600764440","Spaklerweg","Amsterdam","Amsterdam","Noord-Holland",false,52.343312,4.918382,"injury","2","clear",false,1,"GM0363"
"20220179038",2022,"Uitsluitend materiele schade",2,"Personenauto","Fiets","Flank","Rechte weg",50,"Niet brandend","Daglicht","Droog",\N,"200358007","Weeresteinstraat","Hillegom","Hillegom","Zuid-Holland",false,52.299872,4.581842,"material damage only","4","clear",false,1,"GM0534"
"20220179585",2022,"Letsel",2,"Fiets","Overig vast object","Vast voorwerp","Rechte weg",60,"Niet brandend","Daglicht","Droog","Tunnel","600899263","Plasweg","Waddinxveen","Waddinxveen","Zuid-Holland",false,52.035309,4.625454,"injury","2","clear",false,1,"GM0627"
"20220118107",2022,"Uitsluitend materiele schade",1,"Fiets",\N,"Eenzijdig",\N,30,\N,"Daglicht","Droog",\N,"355248030","Aalsburg","Wijchen","Wijchen","Gelderland",false,51.807813,5.716327,"material damage only","4","clear",false,1,"GM0296"
"20220126693",2022,"Letsel",2,"Bus","Fiets","Onbekend","Kruispunt, 4 takken",50,"Niet brandend","Daglicht","Droog",\N,\N,"Generaal Eisenhowerplein","Rijswijk","Rijswijk","Zuid-Holland",false,52.03735,4.3219,"injury","2","clear",false,1,\N
"20220156113",2022,"Letsel",1,"e-bike",\N,"Eenzijdig","Rechte weg",30,"Niet brandend","Daglicht","Droog",\N,"600744229","Eisenhowerlaan","Alphen aan den Rijn","Alphen aan den Rijn","Zuid-Holland",false,52.150763,4.659126,"injury","2","clear",false,1,"GM0484"
"20220178111",2022,"Uitsluitend materiele schade",2,"Personenauto","Fiets","Geparkeerd voertuig","Rechte weg",50,"Niet brandend","Daglicht","Droog","Parkeervoorziening","600389406","Ceintuurbaan","Amsterdam","Amsterdam","Noord-Holland",false,52.353064,4.892813,"material damage only","4","clear",false,1,"GM0363"
"20220184840",2022,"Letsel",2,"Bromfiets","Fiets","Flank","Rechte weg",50,"Niet brandend","Daglicht","Droog",\N,\N,"3e Barendrechtseweg","Barendrecht","Barendrecht","Zuid-Holland",false,51.84151,4.536148,"injury","2","clear",false,1,"GM0489"
"20220126716",2022,"Letsel",1,"Fiets",\N,"Eenzijdig","Rechte weg",50,"Niet brandend","Daglicht","Droog",\N,"156307007","Soestdijksekade","'s-Gravenhage","'s-Gravenhage","Zuid-Holland",false,52.06479,4.271375,"injury","2","clear",false,1,"GM0518"
"20220133415",2022,"Uitsluitend materiele schade",2,"e-bike","Fiets","Kop/staart","Rechte weg",50,"Brandend","Schemer","Droog",\N,\N,"Esakkerweg","Assen","Assen","Drenthe",false,53.016586,6.564177,"material damage only","4","clear",false,1,"GM0106"
"20220156247",2022,"Uitsluitend materiele schade",2,"Personenauto","Fiets","Geparkeerd voertuig","Bocht",50,"Niet brandend","Daglicht","Droog","Parkeervoorziening","184333069","Ommevoort","Oegstgeest","Oegstgeest","Zuid-Holland",false,52.185328,4.46959,"material damage only","4","clear",false,1,"GM0579"
"20220173363",2022,"Uitsluitend materiele schade",2,"Snorfiets","Fiets","Flank","Kruispunt, 4 takken",\N,"Niet brandend","Daglicht","Droog","Brug/viaduct",\N,"Componistenpad","Almere","Almere","Flevoland",false,52.372897,5.206595,"material damage only","4","clear",false,1,"GM0034"
"20220180306",2022,"Uitsluitend materiele schade",2,"Personenauto","Fiets","Flank","Kruispunt, 3 takken",30,"Brandend","Schemer","Droog",\N,\N,"Vijverzicht","'s-Gravenhage","'s-Gravenhage","Zuid-Holland",false,52.041881,4.263922,"material damage only","4","clear",false,1,"GM0518"
"20220115037",2022,"Letsel",2,"Personenauto","Fiets","Flank","Kruispunt, 4 takken",30,"Niet brandend","Daglicht","Droog",\N,\N,"Hearedyk","Itens","Súdwest-Fryslân","Friesland",false,53.10183,5.64144,"injury","2","clear",false,1,"GM1900"
"20220125927",2022,"Letsel",1,"Fiets",\N,"Eenzijdig","Rechte weg",60,"Brandend","Daglicht","Droog",\N,\N,"Buitenomweg","Reeuwijk","Bodegraven-Reeuwijk","Zuid-Holland",false,52.054112,4.724039,"injury","2","clear",false,1,"GM1901"
"20220125944",2022,"Letsel",2,"Fiets","Fiets","Frontaal","Rechte weg",\N,"Niet brandend","Daglicht","Droog",\N,\N,"Padoxlaan","Warmond","Teylingen","Zuid-Holland",false,52.18905,4.497252,"injury","2","clear",false,1,"GM1525"
"20220128282",2022,"Uitsluitend materiele schade",3,"Personenauto","Fiets","Onbekend","Rotonde",50,"Niet brandend","Daglicht","Droog",\N,\N,"Klein Nieuwland","Rotterdam","Rotterdam","Zuid-Holland",false,51.886172,4.54306,"material damage only","4","clear",false,1,"GM0599"
"20220129376",2022,"Uitsluitend materiele schade",2,"Bestelauto","Fiets","Flank","Kruispunt, 3 takken",50,"Niet brandend","Daglicht","Regen",\N,\N,"Mechie Trommelenweg","Waalwijk","Waalwijk","Noord-Brabant",false,51.69941,5.068346,"material damage only","4","rain",false,1,"GM0867"
"20220140673",2022,"Uitsluitend materiele schade",1,"Fiets",\N,"Eenzijdig","Bocht",30,"Niet brandend","Daglicht","Droog",\N,"214358030","Graan voor Visch","Hoofddorp","Haarlemmermeer","Noord-Holland",false,52.297632,4.688838,"material damage only","4","clear",false,1,"GM0394"
"20220143551",2022,"Letsel",2,"Personenauto","Fiets","Flank","Kruispunt, 4 takken",50,"Niet brandend","Daglicht","Droog",\N,\N,"Escamplaan","'s-Gravenhage","'s-Gravenhage","Zuid-Holland",false,52.063035,4.272858,"injury","2","clear",false,1,"GM0518"
"20220153746",2022,"Letsel",2,"Fiets","Bromfiets","Eenzijdig","Rechte weg",60,"Niet brandend","Daglicht","Droog",\N,"370431002","Enserweg","Ens","Noordoostpolder","Flevoland",false,52.624087,5.839983,"injury","2","clear",false,1,"GM0171"
"20220169818",2022,"Letsel",1,"Fiets",\N,"Geparkeerd voertuig","Rechte weg",30,"Niet brandend","Daglicht","Droog","Parkeervoorziening","368282058","Polenplein","Driel","Overbetuwe","Gelderland",false,51.960805,5.813804,"injury","2","clear",false,1,"GM1734"
"20220181091",2022,"Letsel",1,"Fiets",\N,"Eenzijdig","Rechte weg",30,"Brandend","Duisternis","Regen",\N,"208338029","Watergang","Oude Wetering","Kaag en Braassem","Zuid-Holland",false,52.210547,4.644819,"injury","2","rain",false,1,"GM1884"
"20220133741",2022,"Uitsluitend materiele schade",1,"Fiets",\N,"Eenzijdig","Rechte weg",\N,"Niet aanwezig","Daglicht","Droog",\N,"304602013","Badweg Hoorn","Hoorn","Terschelling","Friesland",false,53.398611,5.34609,"material damage only","4","clear",false,1,"GM0093"
"20220179316",2022,"Letsel",1,"Fiets",\N,"Eenzijdig","Rechte weg",50,"Niet brandend","Daglicht","Droog",\N,"600382018","Oranjelaan","'s-Gravenhage","'s-Gravenhage","Zuid-Holland",false,52.071686,4.321168,"injury","2","clear",false,1,"GM0518"
"20220187296",2022,"Letsel",3,"Personenauto","Fiets","Flank","Kruispunt, 3 takken",50,"Niet brandend","Daglicht","Droog",\N,\N,"Westsingel","Goes","Goes","Zeeland",false,51.501176,3.886157,"injury","2","clear",false,1,"GM0664"
"20220126056",2022,"Uitsluitend materiele schade",1,"Fiets",\N,"Eenzijdig","Rechte weg",50,"Niet brandend","Daglicht","Droog",\N,\N,"Lozerlaan","'s-Gravenhage","'s-Gravenhage","Zuid-Holland",false,52.037722,4.250853,"material damage only","4","clear",false,1,"GM0518"
"20220131145",2022,"Uitsluitend materiele schade",2,"Personenauto","Fiets","Onbekend",\N,30,\N,"Daglicht",\N,\N,"600798679","Boschdijk","Eindhoven","Eindhoven","Noord-Brabant",false,51.478265,5.437917,"material damage only","4","unknown",false,1,"GM0772"
"20220144940",2022,"Uitsluitend materiele schade",2,"Personenauto","Fiets","Flank","Kruispunt, 4 takken",50,"Niet brandend","Daglicht","Droog",\N,\N,"Carel Reinierszkade","'s-Gravenhage","'s-Gravenhage","Zuid-Holland",false,52.086734,4.347802,"material damage only","4","clear",false,1,"GM0518"
"20220149662",2022,"Uitsluitend materiele schade",2,"Personenauto","Fiets","Flank","Rotonde",50,"Brandend","Daglicht","Droog",\N,\N,"Keizer Karel V Singel","Eindhoven","Eindhoven","Noord-Brabant",false,51.428549,5.461385,"material damage only","4","clear",false,1,"GM0772"
"20220168835",2022,"Uitsluitend materiele schade",2,"Fiets","Fiets","Flank","Rechte weg",30,"Niet brandend","Daglicht","Droog",\N,"600484223","Havezathenallee","Zwolle","Zwolle","Overijssel",false,52.537068,6.041857,"material damage only","4","clear",false,1,"GM0193"
"20220173627",2022,"Uitsluitend materiele schade",3,"Bestelauto","e-bike","Los voorwerp","Kruispunt, 4 takken",30,"Niet brandend","Daglicht","Droog",\N,\N,"Spreeuwenlaan","Schagen","Schagen","Noord-Holland",false,52.783359,4.784297,"material damage only","4","clear",false,1,"GM0441"
"20220181180",2022,"Letsel",1,"Fiets",\N,"Eenzijdig","Kruispunt, 4 takken",\N,"Niet brandend","Daglicht","Droog",\N,\N,"Engelselaan","Voorhout","Teylingen","Zuid-Holland",false,52.22889,4.497666,"injury","2","clear",false,1,"GM1525"
"20220195781",2022,"Letsel",1,"Fiets",\N,"Eenzijdig","Rechte weg",50,"Niet brandend","Daglicht","Regen",\N,"481369084","Rembrandtlaan","Almelo","Almelo","Overijssel",false,52.344803,6.64756,"injury","2","rain",false,1,"GM0141"
"20220195824",2022,"Uitsluitend materiele schade",2,"Personenauto","e-bike","Flank","Rechte weg",30,"Niet brandend","Daglicht","Droog",\N,"520346001","Weldamlaan","Enschede","Enschede","Overijssel",false,52.237248,6.925684,"material damage only","4","clear",false,1,"GM0153"
"20220122432",2022,"Letsel",1,"e-bike",\N,"Eenzijdig",\N,\N,\N,"Daglicht",\N,\N,\N,"FIETSPAD","Wormer","Wormerland","Noord-Holland",false,52.493611,4.803443,"injury","2","unknown",false,1,"GM0880"
"20220145999",2022,"Letsel",2,"Fiets","Voetganger","Voetganger","Rechte weg",\N,"Brandend","Schemer","Droog",\N,"600727753","Weena","Rotterdam","Rotterdam","Zuid-Holland",false,51.923709,4.474869,"injury","2","clear",false,1,"GM0599"
"20220151007",2022,"Letsel",1,"Fiets",\N,"Eenzijdig","Rechte weg",30,"Niet brandend","Daglicht","Droog",\N,"356037047","Rijksweg A2","Maastricht","Maastricht","Limburg",false,50.84948,5.710896,"injury","2","clear",false,1,"GM0935"
"20220153909",2022,"Uitsluitend materiele schade",2,"Fiets","Bromfiets","Flank","Kruispunt, 4 takken",50,"Brandend","Duisternis","Droog",\N,\N,"Jan van der Heijdenstr","Hilversum","Hilversum","Noord-Holland",false,52.230253,5.191581,"material damage only","4","clear",false,1,"GM0402"
"20220156587",2022,"Letsel",1,"Fiets",\N,"Eenzijdig","Rechte weg",50,"Niet brandend","Daglicht","Droog",\N,"600415397","Rijskade","Pijnacker","Pijnacker-Nootdorp","Zuid-Holland",false,52.020573,4.418638,"injury","2","clear",false,1,"GM1926"
"20220161819",2022,"Letsel",2,"Personenauto","Fiets","Onbekend","Rechte weg",50,\N,"Daglicht","Droog",\N,"513466065","Wilhelminastraat","Emmen","Emmen","Drenthe",false,52.778586,6.89657,"injury","2","clear",false,1,"GM0114"
"20220187472",2022,"Uitsluitend materiele schade",2,"Personenauto","Fiets","Flank","Kruispunt, 3 takken",50,"Niet brandend","Daglicht","Droog",\N,\N,"Gewenten","Roosendaal","Roosendaal","Noord-Brabant",false,51.551035,4.464965,"material damage only","4","clear",false,1,"GM1674"
"20220121071",2022,"Letsel",2,"Bromfiets","Fiets","Flank","Rotonde",50,"Niet brandend","Daglicht","Droog",\N,\N,"Raadhuisstraat","Veenendaal","Veenendaal","Utrecht",false,52.023152,5.562984,"injury","2","clear",false,1,"GM0345"
"20220156703",2022,"Letsel",2,"Personenauto","Fiets","Flank","Kruispunt, 4 takken",50,"Brandend","Duisternis","Droog",\N,\N,"Wolmaransstraat","'s-Gravenhage","'s-Gravenhage","Zuid-Holland",false,52.065794,4.294708,"injury","2","clear",false,1,"GM0518"
"20220160399",2022,"Uitsluitend materiele schade",2,"Bestelauto","Fiets","Kop/staart","Rechte weg",50,"Niet brandend","Daglicht","Droog",\N,"358027020","Kampweg","Gronsveld","Eijsden-Margraten","Limburg",false,50.811862,5.735405,"material damage only","4","clear",false,1,"GM1903"