"accident_id","year","severity_raw","party_count","party1_type","party2_type","accident_type","road_situation","speed_limit_kmh","road_lighting","light_condition_label","weather_raw","infra_type","road_segment_id","street_name","place_name","gemeente_name_raw","province","alcohol_indicated","latitude","longitude","severity_label","severity_code","weather_label","built_up_area","cyclists_involved","gemeente_code"
"20240087029",2024,"Letsel",2,"Personenauto","e-bike","Onbekend","Kruispunt, 4 takken",50,"Niet brandend","Daglicht","Droog",\N,\N,"Noordersluis","Utrecht","Utrecht","Utrecht",false,52.055021,5.108299,"injury","2","clear",false,1,"GM0344"
"20240093966",2024,"Letsel",2,"e-bike","Personenauto","Flank","Kruispunt, 4 takken",80,"Niet brandend","Daglicht",\N,\N,\N,"Meidijk","Zuilichem","Zaltbommel","Gelderland",false,51.801225,5.118341,"injury","2","unknown",false,1,"GM0297"
"20240095824",2024,"Letsel",1,"Fiets",\N,"Onbekend","Kruispunt, 3 takken",30,"Niet brandend","Daglicht","Droog",\N,"213415065","Beethovensingel","Castricum","Castricum","Noord-Holland",false,52.555861,4.675715,"injury","2","clear",false,1,"GM0383"
"20240103298",2024,"Letsel",2,"Personenauto","Fiets","Flank","Kruispunt, 3 takken",50,"Niet brandend","Daglicht","Droog",\N,\N,"Trampad","Sprang-Capelle","Waalwijk","Noord-Brabant",false,51.671872,5.018497,"injury","2","clear",false,1,"GM0867"
"20240046873",2024,"Letsel",2,"Motor","Fiets","Onbekend","Kruispunt, 4 takken",80,"Niet brandend","Daglicht","Droog",\N,\N,"Braamtseweg","Kilder","Montferland","Gelderland",false,51.940099,6.253002,"injury","2","clear",false,1,"GM1955"
"20240050504",2024,"Letsel",2,"Personenauto","Fiets","Flank","Rechte weg",30,"Niet brandend","Daglicht","Droog",\N,"169310057","Delflandlaan","Voorburg","Leidschendam-Voorburg","Zuid-Holland",false,52.08016,4.36461,"injury","2","clear",false,1,"GM1916"
"20240072631",2024,"Uitsluitend materiele schade",2,"Snorfiets","Fiets","Onbekend","Rechte weg",30,"Niet brandend","Daglicht","Droog",\N,"350174095","Deurneseweg","Helmond","Helmond","Noord-Brabant",false,51.474423,5.682118,"material damage only","4","clear",false,1,"GM0794"
"20240103127",2024,"Letsel",2,"Personenauto","Fiets","Flank","Kruispunt, 4 takken",60,"Niet brandend","Daglicht","Droog",\N,\N,"Tuinbouwweg","Haarsteeg","Heusden","Noord-Brabant",false,51.705496,5.202738,"injury","2","clear",false,1,"GM0797"
"20240099002",2024,"Uitsluitend materiele schade",2,"Personenauto","Fiets","Flank","Kruispunt, 4 takken",50,"Brandend","Duisternis","Regen",\N,\N,"Leidsevaart","Haarlem","Haarlem","Noord-Holland",false,52.36591,4.613413,"material damage only","4","rain",false,1,"GM0392"
"20240049899",2024,"Letsel",2,"Personenauto","Fiets","Frontaal","Kruispunt, 3 takken",50,"Niet brandend","Daglicht","Droog",\N,\N,"Carnegielaan","'s-Gravenhage","'s-Gravenhage","Zuid-Holland",false,52.085229,4.29333,"injury","2","clear",false,1,"GM0518"
"20240073543",2024,"Letsel",2,"Personenauto","Fiets","Flank","Kruispunt, 4 takken",30,"Niet aanwezig","Daglicht","Droog",\N,\N,"Johan Willem Frisostraat","Krabbendijke","Reimerswaal","Zeeland",false,51.427097,4.111024,"injury","2","clear",false,1,"GM0703"
"20240074194",2024,"Letsel",2,"Fiets","Fiets","Onbekend","Bocht",30,"Niet brandend","Schemer","Droog",\N,"304199064","Albinonistraat","Boxtel","Boxtel","Noord-Brabant",false,51.584689,5.344705,"injury","2","clear",false,1,"GM0757"
"20240075863",2024,"Letsel",2,"Personenauto","Fiets","Flank","Kruispunt, 3 takken",50,"Niet brandend","Daglicht","Regen",\N,\N,"Langewijk","Dedemsvaart","Hardenberg","Overijssel",false,52.607178,6.480193,"injury","2","rain",false,1,"GM0160"
"20240075864",2024,"Letsel",2,"Fiets","Fiets","Onbekend","Rechte weg",60,"Niet brandend","Daglicht","Droog",\N,"450425003","Langewijk","Dedemsvaart","Hardenberg","Overijssel",false,52.600727,6.433979,"injury","2","clear",false,1,"GM0160"
"20240099075",2024,"Letsel",3,"Fiets",\N,"Dier","Rechte weg",50,"Niet brandend","Daglicht","Droog",\N,"255403094","Overlanderstraat","Purmerend","Purmerend","Noord-Holland",false,52.504949,4.983649,"injury","2","clear",false,1,"GM0439"
"20240099353",2024,"Letsel",1,"Fiets",\N,"Eenzijdig","Rechte weg",50,"Niet aanwezig","Daglicht","Droog",\N,"82229001","Vroonweg","Renesse","Schouwen-Duiveland","Zeeland",false,51.719495,3.751688,"injury","2","clear",false,1,"GM1676"
"20240099364",2024,"Uitsluitend materiele schade",2,"Fiets","Fiets","Onbekend","Rotonde",50,"Niet brandend","Daglicht","Regen",\N,\N,"Campenhoefdreef","Tilburg","Tilburg","Noord-Brabant",false,51.577549,5.001885,"material damage only","4","rain",false,1,"GM0855"
"20240045035",2024,"Letsel",2,"Bestelauto","Fiets","Onbekend","Rechte weg",50,"Niet brandend","Daglicht","Droog",\N,"90177009","Noordlandseweg","Heinkenszand","Borsele","Zeeland",false,51.47832,3.807783,"injury","2","clear",false,1,"GM0654"
"20240071091",2024,"Letsel",2,"Fiets","Overig vast object","Vast voorwerp","Rechte weg",50,"Niet brandend","Daglicht","Droog",\N,"600736335","Kanaalpad","Capelle aan den IJssel","Capelle aan den IJssel","Zuid-Holland",false,51.936607,4.584902,"injury","2","clear",false,1,"GM0502"
"20240078205",2024,"Uitsluitend materiele schade",2,"Personenauto","Fiets","Onbekend","Kruispunt, 3 takken",50,"Niet brandend","Daglicht","Droog",\N,\N,"Campherbeeklaan","Zwolle","Zwolle","Overijssel",false,52.527171,6.133075,"material damage only","4","clear",false,1,"GM0193"
"20240086457",2024,"Letsel",3,"Fiets","Personenauto","Flank","Kruispunt, 4 takken",70,"Niet brandend","Daglicht","Droog",\N,\N,"Provincialeweg","Hoorn","Hoorn","Noord-Holland",false,52.645877,5.081416,"injury","2","clear",false,1,"GM0405"
"20240088436",2024,"Uitsluitend materiele schade",1,"Fiets",\N,"Onbekend","Rechte weg",60,"Niet brandend","Daglicht","Droog",\N,"196351069","Westelijke Randweg","Lisse","Lisse","Zuid-Holland",false,52.267878,4.553958,"material damage only","4","clear",false,1,"GM0553"
"20240100711",2024,"Letsel",1,"Fiets",\N,"Onbekend","Kruispunt, 3 takken",\N,"Niet brandend","Daglicht","Regen",\N,\N,"Admiraalsweg","Leiden","Leiden","Zuid-Holland",false,52.161507,4.512143,"injury","2","rain",false,1,"GM0546"
"20240045089",2024,"Uitsluitend materiele schade",2,"Personenauto","Fiets","Flank","Kruispunt, 3 takken",50,"Niet brandend","Daglicht","Droog",\N,\N,"Griendweg","Roosendaal","Roosendaal","Noord-Brabant",false,51.537123,4.469729,"material damage only","4","clear",false,1,"GM1674"
"20240046996",2024,"Letsel",2,"Personenauto","Fiets","Flank","Rotonde",50,"Niet aanwezig","Daglicht","Droog",\N,\N,"Harderwijkerweg","Ermelo","Ermelo","Gelderland",false,52.308846,5.628935,"injury","2","clear",false,1,"GM0233"
"20240048742",2024,"Letsel",2,"Fiets","Personenauto","Flank","Rechte weg",30,"Niet brandend","Daglicht","Droog",\N,"388336027","Reigersweg","Apeldoorn","Apeldoorn","Gelderland",false,52.20312,5.966053,"injury","2","clear",false,1,"GM0200"
"20240049346",2024,"Uitsluitend materiele schade",2,"Personenauto","Fiets","Onbekend","Kruispunt, 4 takken",50,"Niet brandend","Daglicht","Droog",\N,\N,"Hester Hoofterf","Apeldoorn","Apeldoorn","Gelderland",false,52.214349,5.975126,"material damage only","4","clear",false,1,"GM0200"
"20240071122",2024,"Letsel",2,"Personenauto","Fiets","Onbekend","Kruispunt, 4 takken",50,"Niet brandend","Daglicht","Droog",\N,\N,"Maasweg","Maassluis","Maassluis","Zuid-Holland",false,51.919059,4.246861,"injury","2","clear",false,1,"GM0556"
"20240083270",2024,"Uitsluitend materiele schade",1,"Fiets",\N,"Onbekend","Rechte weg",30,"Niet brandend","Daglicht","Droog",\N,"601021325","Adriaan Oomenstraat","Teteringen","Breda","Noord-Brabant",false,51.612386,4.823568,"material damage only","4","clear",false,1,"GM0758"
"20240087182",2024,"Uitsluitend materiele schade",3,"Fiets",\N,"Dier","Rechte weg",\N,"Niet brandend","Duisternis","Droog",\N,"600789767","Larixlaan","Soest","Soest","Utrecht",false,52.157943,5.298,"material damage only","4","clear",false,1,"GM0342"
"20240090419",2024,"Letsel",1,"Fiets",\N,"Onbekend",\N,30,\N,"Daglicht",\N,\N,"194288006","Rottekade","Bergschenhoek","Lansingerland","Zuid-Holland",false,51.980002,4.551731,"injury","2","unknown",false,1,"GM1621"
"20240090438",2024,"Letsel",3,"Personenauto","Fiets","Los voorwerp","Rechte weg",50,"Brandend","Duisternis","Regen",\N,"249250057","Eikenlaan","Sleeuwijk","Altena","Noord-Brabant",false,51.812893,4.947506,"injury","2","rain",false,1,"GM1959"
"20240090443",2024,"Uitsluitend materiele schade",2,"Personenauto","Fiets","Onbekend",\N,50,\N,"Daglicht",\N,\N,"234201020","Baarschotsepad","Breda","Breda","Noord-Brabant",false,51.596126,4.840606,"material damage only","4","unknown",false,1,"GM0758"
"20240101535",2024,"Letsel",2,"Fiets","Fiets","Frontaal","Bocht",80,"Niet brandend","Daglicht","Droog",\N,"359033027","Akersteenweg","Maastricht","Maastricht","Limburg",false,50.841999,5.743348,"injury","2","clear",false,1,"GM0935"
"20240046403",2024,"Letsel",2,"Personenauto","Fiets","Flank","Rechte weg",30,"Niet brandend","Daglicht","Regen",\N,"517452003","Semsstraat","Erica","Emmen","Drenthe",false,52.712209,6.923667,"injury","2","rain",false,1,"GM0114"
"20240073048",2024,"Letsel",2,"Personenauto","Fiets","Frontaal","Kruispunt, 4 takken",30,"Niet brandend","Daglicht","Regen",\N,\N,"Mgr.Hermuslaan","Sint-Michielsgestel","Sint-Michielsgestel","Noord-Brabant",false,51.635594,5.338308,"injury","2","rain",false,1,"GM0845"
"20240085889",2024,"Letsel",2,"Bromfiets","Fiets","Onbekend","Rechte weg",50,"Niet brandend","Daglicht","Droog",\N,"601045633","Bangeweer","Groningen","Groningen","Groningen",false,53.21035,6.508473,"injury","2","clear",false,1,"GM0014"
"20240089829",2024,"Letsel",2,"Personenauto","Fiets","Flank","Kruispunt, 4 takken",50,"Brandend","Schemer","Droog",\N,\N,"Blaak","Rotterdam","Rotterdam","Zuid-Holland",false,51.918986,4.486457,"injury","2","clear",false,1,"GM0599"
"20240096016",2024,"Letsel",2,"Snorfiets","Fiets","Frontaal","Rechte weg",50,"Niet brandend","Daglicht","Droog",\N,"600659031","Nieuwe Amsterdamseweg","Abcoude","De Ronde Venen","Utrecht",true,52.278533,4.969547,"injury","2","clear",false,1,"GM0736"
"20240101377",2024,"Uitsluitend materiele schade",2,"Bromfiets","e-bike","Flank","Kruispunt, 4 takken",30,"Niet brandend","Daglicht","Regen","Tunnel",\N,"Bleiswijksepad","Zoetermeer","Zoetermeer","Zuid-Holland",false,52.047419,4.491893,"material damage only","4","rain",false,1,"GM0637"
"20240102402",2024,"Uitsluitend materiele schade",2,"Personenauto","Fiets","Onbekend",\N,30,\N,"Daglicht",\N,\N,"600393352","Tobias Asserlaan","Tilburg","Tilburg","Noord-Brabant",false,51.567577,5.053746,"material damage only","4","unknown",false,1,"GM0855"
"20240048827",2024,"Uitsluitend materiele schade",2,"Fiets","Personenauto","Onbekend","Rechte weg",30,"Niet brandend","Daglicht","Droog",\N,"600388645","Terborchstraat","Zwolle","Zwolle","Overijssel",false,52.506388,6.092244,"material damage only","4","clear",false,1,"GM0193"
"20240050052",2024,"Uitsluitend materiele schade",1,"Fiets",\N,"Eenzijdig","Rechte weg",30,"Niet brandend","Daglicht","Droog",\N,"601015931","Keizerstraat","'s-Gravenhage","'s-Gravenhage","Zuid-Holland",false,52.104072,4.276183,"material damage only","4","clear",false,1,"GM0518"
"20240076019",2024,"Letsel",2,"Personenauto","Fiets","Flank","Kruispunt, 4 takken",30,"Niet brandend","Daglicht","Droog",\N,\N,"Klokbekerweg","Elburg","Elburg","Gelderland",false,52.449705,5.851476,"injury","2","clear",false,1,"GM0230"
"20240082706",2024,"Letsel",2,"Personenauto","Fiets","Flank","Kruispunt, 4 takken",30,"Niet brandend","Daglicht","Droog",\N,\N,"Statenlaan","Horn","Leudal","Limburg",false,51.208383,5.932445,"injury","2","clear",false,1,"GM1640"
"20240084013",2024,"Uitsluitend materiele schade",2,"Fiets","Voetganger","Voetganger","Rechte weg",50,"Niet brandend","Daglicht","Droog",\N,"600810274","Nieuwendijk","Heeze","Heeze-Leende","Noord-Brabant",false,51.374874,5.580079,"material damage only","4","clear",false,1,"GM1658"
"20240086594",2024,"Letsel",2,"Personenauto","Fiets","Flank","Kruispunt, 4 takken",30,"Niet brandend","Daglicht","Droog",\N,\N,"Groenesteeg","Leiden","Leiden","Zuid-Holland",false,52.157648,4.500479,"injury","2","clear",false,1,"GM0546"
"20240096062",2024,"Uitsluitend materiele schade",2,"Personenauto","Fiets","Flank","Rotonde",50,"Niet brandend","Daglicht","Droog",\N,\N,"Gijsbrecht van Amstelstr","Hilversum","Hilversum","Noord-Holland",false,52.215663,5.182762,"material damage only","4","clear",false,1,"GM0402"
"20240103373",2024,"Uitsluitend materiele schade",2,"Personenauto","Fiets","Flank","Rotonde",50,"Niet brandend","Daglicht","Droog",\N,\N,"FIETSPAD","Oisterwijk","Oisterwijk","Noord-Brabant",false,51.585838,5.189158,"material damage only","4","clear",false,1,"GM0824"
"20240049470",2024,"Letsel",2,"Personenauto","Fiets","Flank","Kruispunt, 3 takken",30,"Niet brandend","Daglicht","Droog",\N,\N,"Marshalllaan","Woerden","Woerden","Utrecht",false,52.084627,4.914132,"injury","2","clear",false,1,"GM0632"
"20240075433",2024,"Uitsluitend materiele schade",2,"Fiets","Bromfiets","Frontaal","Rechte weg",80,"Niet aanwezig","Duisternis","Droog",\N,"600638995","Doesburgseweg","Zevenaar","Zevenaar","Gelderland",false,51.965383,6.086112,"material damage only","4","clear",false,1,"GM0299"
"20240075437",2024,"Letsel",1,"Fiets",\N,"Onbekend",\N,\N,\N,"Daglicht",\N,\N,"476371083","Wierdensestraat","Almelo","Almelo","Overijssel",false,52.356021,6.617119,"injury","2","unknown",false,1,"GM0141"
"20240076075",2024,"Letsel",2,"Personenauto","Fiets","Flank","Kruispunt, 4 takken",50,"Niet brandend","Daglicht","Droog",\N,\N,"Hereweg","Groningen","Groningen","Groningen",false,53.211867,6.57074,"injury","2","clear",false,1,"GM0014"
"20240085973",2024,"Letsel",2,"Personenauto","Fiets","Flank","Kruispunt, 4 takken",30,"Niet brandend","Daglicht","Droog",\N,\N,"Couperusstraat","Groningen","Groningen","Groningen",false,53.19832,6.570852,"injury","2","clear",false,1,"GM0014"
"20240086643",2024,"Letsel",1,"Fiets",\N,"Eenzijdig","Rechte weg",50,"Niet brandend","Duisternis","Droog",\N,"209385022","Rijksstraatweg","Haarlem","Haarlem","Noord-Holland",false,52.41996,4.64797,"injury","2","clear",false,1,"GM0392"
"20240088596",2024,"Letsel",2,"Fiets","Fiets","Flank","Kruispunt, 3 takken",30,"Niet brandend","Daglicht","Droog",\N,\N,"Boekhorsterweg","Noordwijkerhout","Noordwijk","Zuid-Holland",false,52.270606,4.495162,"injury","2","clear",false,1,"GM0575"
"20240044299",2024,"Letsel",2,"Fiets","Fiets","Onbekend","Rechte weg",30,"Niet brandend","Daglicht","Droog",\N,"601099445","Langenboomseweg","Mill","Land van Cuijk","Noord-Brabant",false,51.686499,5.772601,"injury","2","clear",false,1,"GM1982"
"20240045209",2024,"Uitsluitend materiele schade",2,"Personenauto","Fiets","Onbekend","Rechte weg",30,"Niet aanwezig","Daglicht","Droog",\N,"259186003","Tilburgseweg","Riel","Goirle","Noord-Brabant",false,51.528777,5.027628,"material damage only","4","clear",false,1,"GM0785"
"20240048253",2024,"Uitsluitend materiele schade",2,"Personenauto","Fiets","Flank","Kruispunt, 4 takken",30,"Niet brandend","Daglicht","Droog",\N,\N,"Koninginneweg","Hilversum","Hilversum","Noord-Holland",false,52.229519,5.168213,"material damage only","4","clear",false,1,"GM0402"
"20240088659",2024,"Letsel",2,"Fiets","Fiets","Flank","Rechte weg",30,"Niet brandend","Daglicht","Droog",\N,"600715934","'t Woudt","Schipluiden","Midden-Delfland","Zuid-Holland",false,51.993535,4.294613,"injury","2","clear",false,1,"GM1842"
"20240048928",2024,"Uitsluitend materiele schade",2,"Trekker","Fiets","Onbekend","Kruispunt, 4 takken",50,"Niet brandend","Daglicht","Droog",\N,\N,"Winthontlaan","Utrecht","Utrecht","Utrecht",false,52.057969,5.109925,"material damage only","4","clear",false,1,"GM0344"
"20240073207",2024,"Letsel",1,"Fiets",\N,"Onbekend","Rechte weg",30,"Niet brandend","Daglicht","Droog",\N,\N,"Beugenseweg","Oeffelt","Land van Cuijk","Noord-Brabant",false,51.69222,5.93958,"injury","2","clear",false,1,"GM1982"
"20240074468",2024,"Letsel",2,"Snorfiets","Fiets","Frontaal","Kruispunt, 3 takken",50,"Niet brandend","Daglicht","Droog",\N,"600800667","Kanaaldijk Noord","Son en Breugel","Son en Breugel","Noord-Brabant",false,51.504587,5.462678,"injury","2","clear",false,1,"GM0848"
"20230050643",2023,"Uitsluitend materiele schade",2,"Fiets","Los voorwerp","Los voorwerp","Rechte weg",50,"Niet brandend","Daglicht","Droog",\N,"210371037","Costa del Sol","Haarlem","Haarlem","Noord-Holland",false,52.356957,4.655383,"material damage only","4","clear",false,1,"GM0392"
"20230062124",2023,"Letsel",2,"Personenauto","Fiets","Flank","Rechte weg",50,"Niet brandend","Daglicht","Droog",\N,"397019058","Maastrichterlaan","Vaals","Vaals","Limburg",false,50.777021,6.007965,"injury","2","clear",false,1,"GM0981"
"20230039037",2023,"Uitsluitend materiele schade",2,"Bestelauto","Fiets","Onbekend","Rechte weg",30,"Niet brandend","Daglicht","Droog",\N,"181344045","Lindenplein","Noordwijk","Noordwijk","Zuid-Holland",false,52.233342,4.446717,"material damage only","4","clear",false,1,"GM0575"
"20230062946",2023,"Letsel",2,"Fiets","Fiets","Flank","Rechte weg",60,"Niet brandend","Daglicht","Droog",\N,"99191003","Katseveerweg","Wilhelminadorp","Goes","Zeeland",false,51.53864,3.866698,"injury","2","clear",false,1,"GM0664"
"20230039634",2023,"Letsel",2,"Trein/tram","Fiets","Flank","Rotonde",50,"Niet brandend","Daglicht","Droog","Spoorwegovergang",\N,"Fruitweg","'s-Gravenhage","'s-Gravenhage","Zuid-Holland",false,52.059113,4.306417,"injury","2","clear",false,1,"GM0518"
"20230048458",2023,"Letsel",2,"Personenauto","Fiets","Flank","Kruispunt, 3 takken",50,"Brandend","Daglicht","Droog",\N,"461428013","Rheezerend","Dedemsvaart","Hardenberg","Overijssel",false,52.609192,6.506733,"injury","2","clear",false,1,"GM0160"
"20230050124",2023,"Letsel",1,"Fiets",\N,"Eenzijdig","Rechte weg",30,"Niet brandend","Daglicht","Droog",\N,"161309139","Torenstraat","'s-Gravenhage","'s-Gravenhage","Zuid-Holland",false,52.077159,4.306345,"injury","2","clear",false,1,"GM0518"
"20230058742",2023,"Uitsluitend materiele schade",2,"Fiets","Bromfiets","Flank","Rechte weg",50,"Niet brandend","Daglicht","Droog",\N,"600768635","IJburglaan","Amsterdam","Amsterdam","Noord-Holland",false,52.361947,4.982822,"material damage only","4","clear",false,1,"GM0363"
"20230059969",2023,"Letsel",2,"Personenauto","Fiets","Geparkeerd voertuig","Rechte weg",50,"Niet brandend","Daglicht","Droog",\N,"206377011","Zijlweg","Haarlem","Haarlem","Noord-Holland",false,52.384747,4.625884,"injury","2","clear",false,1,"GM0392"
"20230063893",2023,"Letsel",1,"Fiets",\N,"Eenzijdig","Rechte weg",50,"Niet brandend","Daglicht","Droog",\N,"506587030","Farmsumerweg","Appingedam","Eemsdelta","Groningen",false,53.32024,6.862926,"injury","2","clear",false,1,"GM1979"
"20240130811",2024,"Letsel",3,"Personenauto","Fiets","Onbekend","Kruispunt, 4 takken",50,"Niet brandend","Daglicht","Droog",\N,\N,"Gaffelstraat","Purmerend","Purmerend","Noord-Holland",false,52.50535,4.978888,"injury","2","clear",false,1,"GM0439"
"20230053684",2023,"Uitsluitend materiele schade",2,"Bromfiets","Fiets","Flank","Rechte weg",50,"Niet brandend","Daglicht","Droog",\N,"357032054","Kruisstraat","Maastricht","Maastricht","Limburg",false,50.837065,5.724317,"material damage only","4","clear",false,1,"GM0935"
"20230058204",2023,"Letsel",2,"Fiets","Fiets","Onbekend","Rechte weg",60,"Brandend","Duisternis","Droog","Brug/viaduct","600488790","2e Poellaan","Lisse","Lisse","Zuid-Holland",false,52.242285,4.546469,"injury","2","clear",false,1,"GM0553"
"20230058460",2023,"Letsel",2,"Fiets","Voetganger","Voetganger","Rechte weg",50,"Niet brandend","Daglicht","Droog",\N,"600392855","Zeestraat","'s-Gravenhage","'s-Gravenhage","Zuid-Holland",false,52.084687,4.303207,"injury","2","clear",false,1,"GM0518"
"20230062489",2023,"Uitsluitend materiele schade",2,"Scootmobiel","Fiets","Flank","Kruispunt, 3 takken",80,"Niet brandend","Daglicht","Droog",\N,\N,"Wanroijseweg","Mill","Land van Cuijk","Noord-Brabant",false,51.679497,5.791106,"material damage only","4","clear",false,1,"GM1982"
"20230064733",2023,"Uitsluitend materiele schade",2,"Bromfiets","Fiets","Flank","Kruispunt, 3 takken",50,"Niet brandend","Daglicht","Droog",\N,"600839073","Driepoortenweg","Arnhem","Arnhem","Gelderland",false,51.972119,5.94,"material damage only","4","clear",false,1,"GM0202"
"20230047899",2023,"Uitsluitend materiele schade",2,"Bromfiets","Fiets","Kop/staart","Bocht",50,"Niet brandend","Daglicht","Droog",\N,\N,"Albert Heijnweg","Zaandam","Zaanstad","Noord-Holland",false,52.434567,4.817415,"material damage only","4","clear",false,1,"GM0479"
"20230060032",2023,"Uitsluitend materiele schade",3,"Overig wegmeubilair","Fiets","Flank","Rechte weg",50,"Niet brandend","Daglicht","Regen",\N,"600760324","Amstelveenseweg","Amsterdam","Amsterdam","Noord-Holland",false,52.325676,4.857498,"material damage only","4","rain",false,1,"GM0363"
"20230062840",2023,"Uitsluitend materiele schade",3,"Fiets","Fiets","Onbekend","Rechte weg",80,"Niet brandend","Daglicht","Droog",\N,"418144001","JAGERSTRAAT","Tegelen","Venlo","Limburg",false,51.335851,6.16897,"material damage only","4","clear",false,1,"GM0983"
"20230037450",2023,"Letsel",3,"Bestelauto","Fiets","Onbekend","Kruispunt, 4 takken",50,"Niet brandend","Daglicht","Droog",\N,\N,"Plesmanweg","Beverwijk","Beverwijk","Noord-Holland",false,52.49969,4.667812,"injury","2","clear",false,1,"GM0375"
"20230038015",2023,"Letsel",2,"Fiets","Fiets","Flank","Kruispunt, 4 takken",50,"Niet brandend","Daglicht","Droog",\N,\N,"Dorpsstraat","Akersloot","Castricum","Noord-Holland",false,52.559599,4.732532,"injury","2","clear",false,1,"GM0383"
"20230041468",2023,"Letsel",2,"Personenauto","Fiets","Flank","Kruispunt, 4 takken",50,"Niet brandend","Daglicht","Droog",\N,\N,"Lieve Vrouwenplein","Uden","Maashorst","Noord-Brabant",false,51.661171,5.609571,"injury","2","clear",false,1,"GM1991"
"20230044404",2023,"Uitsluitend materiele schade",2,"Bestelauto","Fiets","Flank","Rotonde",50,"Niet brandend","Daglicht","Droog",\N,\N,"Ureterpvallaat","Drachten","Smallingerland","Friesland",false,53.106206,6.121178,"material damage only","4","clear",false,1,"GM0090"
"20230044970",2023,"Letsel",1,"Fiets",\N,"Eenzijdig","Rechte weg",80,"Brandend","Duisternis","Droog",\N,"427378001","Wijheseweg","Raalte","Raalte","Overijssel",false,52.387429,6.253766,"injury","2","clear",false,1,"GM0177"
"20230049695",2023,"Letsel",2,"Personenauto","Fiets","Los voorwerp","Rotonde",50,"Niet brandend","Daglicht","Droog",\N,\N,"Gooimeerlaan","Leiden","Leiden","Zuid-Holland",false,52.171542,4.497845,"injury","2","clear",false,1,"GM0546"
"20230051407",2023,"Letsel",2,"Personenauto","Fiets","Flank","Kruispunt, 4 takken",30,"Niet brandend","Daglicht","Droog",\N,\N,"de Speelman","Reusel","Reusel-De Mierden","Noord-Brabant",false,51.368389,5.163214,"injury","2","clear",false,1,"GM1667"
"20230064366",2023,"Letsel",2,"Fiets","Brommobiel","Flank","Rechte weg",60,"Niet brandend","Daglicht","Droog",\N,"424535002","Foarwurk","Siegerswoude","Opsterland","Friesland",false,53.097691,6.243974,"injury","2","clear",false,1,"GM0086"
"20240133230",2024,"Letsel",3,"Bromfiets","Fiets","Kop/staart","Rechte weg",50,"Niet brandend","Daglicht","Droog",\N,"600241654","Nootdorpsepad","Zoetermeer","Zoetermeer","Zuid-Holland",false,52.049702,4.458629,"injury","2","clear",false,1,"GM0637"
"20240133358",2024,"Uitsluitend materiele schade",1,"e-bike",\N,"Vast voorwerp","Rotonde",30,"Brandend","Duisternis","Droog",\N,\N,"FIETSPAD","Pijnacker","Pijnacker-Nootdorp","Zuid-Holland",false,52.018637,4.428046,"material damage only","4","clear",false,1,"GM1926"
"20230040942",2023,"Uitsluitend materiele schade",2,"Personenauto","Fiets","Onbekend","Rechte weg",50,"Niet brandend","Daglicht","Droog",\N,"264192044","Bredaseweg","Tilburg","Tilburg","Noord-Brabant",false,51.556525,5.060099,"material damage only","4","clear",false,1,"GM0855"
"20240130967",2024,"Letsel",2,"Brommobiel","Fiets","Flank","Kruispunt, 3 takken",30,"Niet brandend","Daglicht","Droog",\N,\N,"Raamveld","Beverwijk","Beverwijk","Noord-Holland",false,52.489476,4.659777,"injury","2","clear",false,1,"GM0375"
"20230043284",2023,"Uitsluitend materiele schade",2,"Bromfiets","Fiets","Flank","Rotonde",50,"Niet brandend","Daglicht","Droog",\N,\N,"Wilhelminastraat","Uden","Maashorst","Noord-Brabant",false,51.655079,5.61542,"material damage only","4","clear",false,1,"GM1991"
"20230050890",2023,"Uitsluitend materiele schade",2,"Personenauto","Fiets","Los voorwerp","Rechte weg",50,"Niet brandend","Daglicht","Droog",\N,\N,"Kesterenlaan","Breda","Breda","Noord-Brabant",false,51.610179,4.72449,"material damage only","4","clear",false,1,"GM0758"
"20230055556",2023,"Uitsluitend materiele schade",2,"Bromfiets","Fiets","Flank","Rechte weg",60,"Niet brandend","Daglicht","Droog",\N,"600825766","Mr. P.J. Troelstraweg","Leeuwarden","Leeuwarden","Friesland",false,53.21385,5.781034,"material damage only","4","clear",false,1,"GM0080"
"20240129826",2024,"Letsel",2,"Personenauto","Fiets","Flank","Rechte weg",50,"Brandend","Schemer","Droog",\N,"502332003","Haaksbergerstraat","Enschede","Enschede","Overijssel",false,52.178907,6.794105,"injury","2","clear",false,1,"GM0153"
"20240130537",2024,"Uitsluitend materiele schade",2,"Personenauto","Fiets","Onbekend","Kruispunt, 4 takken",30,"Niet aanwezig","Daglicht","Droog",\N,\N,"Karpersteeg","Kampen","Kampen","Overijssel",false,52.559977,5.914378,"material damage only","4","clear",false,1,"GM0166"
"20230045076",2023,"Letsel",2,"Fiets","Fiets","Onbekend","Bocht",30,"Niet brandend","Daglicht","Droog",\N,"384280037","Boet","Huissen","Lingewaard","Gelderland",false,51.949342,5.928982,"injury","2","clear",false,1,"GM1705"
"20230053271",2023,"Uitsluitend materiele schade",2,"Personenauto","Fiets","Flank","Kruispunt, 4 takken",\N,"Niet brandend","Daglicht","Droog",\N,\N,"Nijverheidstraat","Capelle aan den IJssel","Capelle aan den IJssel","Zuid-Holland",false,51.909347,4.562276,"material damage only","4","clear",false,1,"GM0502"
"20230053862",2023,"Letsel",2,"Bromfiets","Fiets","Frontaal","Kruispunt, 3 takken",50,"Niet brandend","Daglicht","Droog","Tunnel",\N,"Viaductweg","Maastricht","Maastricht","Limburg",false,50.860244,5.703428,"injury","2","clear",false,1,"GM0935"