"accident_id","year","severity_raw","party_count","party1_type","party2_type","accident_type","road_situation","speed_limit_kmh","road_lighting","light_condition_label","weather_raw","infra_type","road_segment_id","street_name","place_name","gemeente_name_raw","province","alcohol_indicated","latitude","longitude","severity_label","severity_code","weather_label","built_up_area","cyclists_involved","gemeente_code"
"20220214941",2022,"Letsel",2,"Motor","Fiets","Flank","Rechte weg",30,"Niet brandend","Daglicht","Droog",\N,"161309122","Jan Hendrikstraat","'s-Gravenhage","'s-Gravenhage","Zuid-Holland",false,52.07623,4.30689,"injury","2","clear",false,1,"GM0518"
"20220214949",2022,"Letsel",2,"Personenauto","Fiets","Flank","Kruispunt, 4 takken",50,"Niet brandend","Daglicht","Droog",\N,\N,"Nathaliegang","Zoetermeer","Zoetermeer","Zuid-Holland",false,52.04187,4.474501,"injury","2","clear",false,1,"GM0637"
"20220219149",2022,"Uitsluitend materiele schade",2,"Vrachtauto","Fiets","Flank","Rechte weg",50,"Niet brandend","Daglicht","Droog",\N,"600651643","Kleiweg","Rotterdam","Rotterdam","Zuid-Holland",false,51.942084,4.460979,"material damage only","4","clear",false,1,"GM0599"
"20220219166",2022,"Uitsluitend materiele schade",2,"Personenauto","Fiets","Flank","Kruispunt, 4 takken",50,"Niet brandend","Daglicht","Droog",\N,\N,"2e Rosestraat","Rotterdam","Rotterdam","Zuid-Holland",false,51.899793,4.510811,"material damage only","4","clear",false,1,"GM0599"
"20220231941",2022,"Uitsluitend materiele schade",2,"Fiets","Fiets","Onbekend","Kruispunt, 3 takken",60,"Niet brandend","Daglicht","Droog",\N,\N,"Zoomweg","Weert","Weert","Limburg",false,51.216493,5.690086,"material damage only","4","clear",false,1,"GM0988"
"20220203639",2022,"Uitsluitend materiele schade",2,"Fiets","Snorfiets","Flank","Rechte weg",30,"Brandend","Duisternis","Regen",\N,"274312009","Wittevrouwensingel","Utrecht","Utrecht","Utrecht",false,52.096157,5.126483,"material damage only","4","rain",false,1,"GM0344"
"20220210680",2022,"Uitsluitend materiele schade",2,"Personenauto","Fiets","Onbekend",\N,50,\N,"Daglicht",\N,\N,"600920966","Jan Tooropstraat","Amsterdam","Amsterdam","Noord-Holland",false,52.370053,4.837381,"material damage only","4","unknown",false,1,"GM0363"
"20220213331",2022,"Letsel",2,"Bromfiets","Fiets","Flank","Kruispunt, 4 takken",30,"Niet brandend","Daglicht","Droog",\N,\N,"Stationsweg","'s-Gravenhage","'s-Gravenhage","Zuid-Holland",false,52.073662,4.317684,"injury","2","clear",false,1,"GM0518"
"20220191511",2022,"Dodelijk",2,"Bromfiets","e-bike","Flank","Kruispunt, 3 takken",\N,"Niet brandend","Daglicht","Droog",\N,\N,"Noorderstraat","Sappemeer","Midden-Groningen","Groningen",false,53.164327,6.795841,"fatal","1","clear",false,1,"GM1952"
"20220211434",2022,"Letsel",1,"e-bike",\N,"Eenzijdig","Bocht",30,"Niet brandend","Daglicht","Droog",\N,"248379001","Rode Kruisstraat","Amsterdam","Amsterdam","Noord-Holland",false,52.393837,4.933816,"injury","2","clear",false,1,"GM0363"
"20220211437",2022,"Uitsluitend materiele schade",2,"Bromfiets","Fiets","Flank","Kruispunt, 4 takken",50,"Niet brandend","Daglicht","Droog",\N,\N,"Pieter Calandlaan","Amsterdam","Amsterdam","Noord-Holland",false,52.356175,4.822682,"material damage only","4","clear",false,1,"GM0363"
"20220212078",2022,"Uitsluitend materiele schade",2,"Personenauto","Fiets","Onbekend","Kruispunt, 3 takken",\N,"Brandend","Duisternis","Droog",\N,\N,"Stadhouderskade","Amsterdam","Amsterdam","Noord-Holland",false,52.360141,4.886825,"material damage only","4","clear",false,1,"GM0363"
"20220217183",2022,"Letsel",1,"Fiets",\N,"Eenzijdig","Rechte weg",30,\N,"Duisternis","Droog",\N,"216299002","Elisabeth Hoeve","Gouda","Gouda","Zuid-Holland",false,52.036131,4.705801,"injury","2","clear",false,1,"GM0513"
"20220217833",2022,"Uitsluitend materiele schade",2,"Personenauto","Fiets","Flank","Rotonde",50,"Niet brandend","Daglicht","Droog",\N,\N,"Melis Stokelaan","'s-Gravenhage","'s-Gravenhage","Zuid-Holland",false,52.052211,4.290879,"material damage only","4","clear",false,1,"GM0518"
"20220219249",2022,"Letsel",2,"Personenauto","Fiets","Flank","Kruispunt, 4 takken",50,"Niet brandend","Daglicht","Regen",\N,\N,"Lorentzlaan","Schiedam","Schiedam","Zuid-Holland",false,51.917668,4.416279,"injury","2","rain",false,1,"GM0606"
"20220220776",2022,"Letsel",2,"Fiets","Personenauto","Flank","Rotonde",50,"Niet brandend","Daglicht","Droog",\N,\N,"Cloese","Hoogvliet Rotterdam","Rotterdam","Zuid-Holland",false,51.864085,4.357798,"injury","2","clear",false,1,"GM0599"
"20220221508",2022,"Uitsluitend materiele schade",2,"Personenauto","Fiets","Onbekend","Rotonde",50,"Brandend","Duisternis","Droog",\N,\N,"Westlandseweg","Maassluis","Maassluis","Zuid-Holland",false,51.926801,4.24665,"material damage only","4","clear",false,1,"GM0556"
"20220226713",2022,"Uitsluitend materiele schade",2,"Personenauto","Fiets","Flank","Kruispunt, 4 takken",50,"Niet brandend","Daglicht","Droog","Spoorwegovergang",\N,"Wilhelminapark","Tilburg","Tilburg","Noord-Brabant",false,51.566983,5.079434,"material damage only","4","clear",false,1,"GM0855"
"20220195518",2022,"Dodelijk",2,"Personenauto","e-bike","Frontaal","Kruispunt, 4 takken",80,"Niet brandend","Daglicht","Droog",\N,\N,"Lattropperstraat","Denekamp","Dinkelland","Overijssel",false,52.387503,7.002911,"fatal","1","clear",false,1,"GM1774"
"20220228718",2022,"Uitsluitend materiele schade",2,"Personenauto","Fiets","Flank","Kruispunt, 4 takken",80,"Niet brandend","Daglicht","Droog",\N,\N,"WESTPARALLEL","Veldhoven","Veldhoven","Noord-Brabant",false,51.391503,5.385172,"material damage only","4","clear",false,1,"GM0861"
"20220228728",2022,"Uitsluitend materiele schade",2,"Personenauto","Fiets","Flank","Rotonde",50,"Brandend","Duisternis","Droog",\N,\N,"Acaciaweg","Someren","Someren","Noord-Brabant",false,51.39354,5.719658,"material damage only","4","clear",false,1,"GM0847"
"20220207273",2022,"Letsel",2,"e-bike","e-bike","Kop/staart","Kruispunt, 3 takken",60,"Niet aanwezig","Daglicht","Droog",\N,\N,"Kamperfoelieweg","De Koog","Texel","Noord-Holland",false,53.097334,4.771517,"injury","2","clear",false,1,"GM0448"
"20220215100",2022,"Letsel",2,"Personenauto","e-bike","Flank","Kruispunt, 4 takken",50,"Niet brandend","Daglicht","Droog",\N,\N,"Lammenschansweg","Leiden","Leiden","Zuid-Holland",false,52.145271,4.489578,"injury","2","clear",false,1,"GM0546"
"20240136420",2024,"Uitsluitend materiele schade",2,"Personenauto","Fiets","Onbekend","Rechte weg",50,"Niet brandend","Daglicht","Droog",\N,"600830474","Rembrandtlaan","Geleen","Sittard-Geleen","Limburg",false,50.958568,5.827094,"material damage only","4","clear",false,1,"GM1883"
"20240140633",2024,"Uitsluitend materiele schade",2,"Personenauto","Fiets","Flank","Kruispunt, 3 takken",50,"Niet brandend","Daglicht","Droog",\N,\N,"Raadhuisstraat","Doetinchem","Doetinchem","Gelderland",false,51.965729,6.293711,"material damage only","4","clear",false,1,"GM0222"
"20240138991",2024,"Uitsluitend materiele schade",2,"Personenauto","Fiets","Onbekend","Kruispunt, 4 takken",60,"Niet brandend","Daglicht","Droog",\N,\N,"Schuurmanstraat","Beerzerveld","Ommen","Overijssel",false,52.492104,6.574947,"material damage only","4","clear",false,1,"GM0175"
"20240148384",2024,"Uitsluitend materiele schade",2,"Snorfiets","Fiets","Frontaal","Rechte weg",80,"Brandend","Duisternis","Regen",\N,"332347001","Nijkerkerstraat","Putten","Putten","Gelderland",false,52.251078,5.552505,"material damage only","4","rain",false,1,"GM0273"
"20240139042",2024,"Letsel",2,"Personenauto","Fiets","Geparkeerd voertuig","Rechte weg",30,"Brandend","Duisternis","Regen",\N,"341349012","Bosrand","Putten","Putten","Gelderland",false,52.261387,5.617934,"injury","2","rain",false,1,"GM0273"
"20240140694",2024,"Uitsluitend materiele schade",2,"Fiets","Fiets","Onbekend","Rechte weg",50,"Brandend","Duisternis","Droog",\N,"601222328","Holterweg","Colmschate","Deventer","Overijssel",false,52.249151,6.224484,"material damage only","4","clear",false,1,"GM0150"
"20240134029",2024,"Letsel",1,"Fiets",\N,"Frontaal","Rechte weg",50,"Brandend","Schemer","Droog",\N,"185303090","Boerhaavelaan","Zoetermeer","Zoetermeer","Zuid-Holland",false,52.051406,4.479726,"injury","2","clear",false,1,"GM0637"
"20240134056",2024,"Letsel",1,"Fiets",\N,"Onbekend","Rechte weg",30,"Brandend","Duisternis","Droog",\N,"151302014","Kraayensteinpad","'s-Gravenhage","'s-Gravenhage","Zuid-Holland",false,52.044897,4.229803,"injury","2","clear",false,1,"GM0518"
"20240137804",2024,"Uitsluitend materiele schade",2,"Personenauto","Fiets","Flank","Kruispunt, 4 takken",30,"Niet brandend","Daglicht","Droog",\N,\N,"Stabroekstraat","Breda","Breda","Noord-Brabant",false,51.609582,4.787564,"material damage only","4","clear",false,1,"GM0758"
"20240140735",2024,"Letsel",2,"Personenauto","Fiets","Flank","Kruispunt, 4 takken",30,"Niet brandend","Daglicht","Droog",\N,\N,"Weusthagstraat","Hengelo","Hengelo (O)","Overijssel",false,52.277341,6.798391,"injury","2","clear",false,1,\N
"20240143233",2024,"Letsel",3,"Fiets","Fiets","Onbekend","Rechte weg",30,"Niet brandend","Daglicht","Droog",\N,"210321060","Javastraat","Alphen aan den Rijn","Alphen aan den Rijn","Zuid-Holland",false,52.133019,4.659665,"injury","2","clear",false,1,"GM0484"
"20240143814",2024,"Letsel",2,"Personenauto","Fiets","Onbekend","Rechte weg",30,"Niet brandend","Daglicht","Regen",\N,"155309013","Rozenstraat","'s-Gravenhage","'s-Gravenhage","Zuid-Holland",false,52.073749,4.25837,"injury","2","rain",false,1,"GM0518"
"20240149920",2024,"Letsel",2,"Bromfiets","Fiets","Flank","Rechte weg",30,"Brandend","Duisternis","Droog",\N,"365557036","Huizumerlaan","Leeuwarden","Leeuwarden","Friesland",false,53.193015,5.80367,"injury","2","clear",false,1,"GM0080"
"20240136568",2024,"Uitsluitend materiele schade",2,"Personenauto","Fiets","Los voorwerp","Bocht",30,"Niet brandend","Daglicht","Droog",\N,"314164049","Sint Severinuslaan","Veldhoven","Veldhoven","Noord-Brabant",false,51.426613,5.418026,"material damage only","4","clear",false,1,"GM0861"
"20240142784",2024,"Letsel",2,"Fiets","Fiets","Flank","Kruispunt, 4 takken",30,"Niet brandend","Daglicht","Droog",\N,\N,"Crayenestersingel","Heemstede","Heemstede","Noord-Holland",false,52.356765,4.620982,"injury","2","clear",false,1,"GM0397"
"20240135358",2024,"Letsel",2,"Fiets","Personenauto","Flank","Kruispunt, 3 takken",50,"Niet brandend","Daglicht","Droog",\N,\N,"Colosseumweg","Rotterdam","Rotterdam","Zuid-Holland",false,51.894842,4.517253,"injury","2","clear",false,1,"GM0599"
"20240140538",2024,"Uitsluitend materiele schade",2,"Fiets","Personenauto","Flank","Kruispunt, 4 takken",30,"Niet brandend","Daglicht","Sneeuw/Hagel",\N,\N,"Bronland","Wageningen","Wageningen","Gelderland",false,51.984998,5.668565,"material damage only","4","unknown",false,1,"GM0289"
"20240140578",2024,"Uitsluitend materiele schade",1,"Fiets",\N,"Flank","Kruispunt, 4 takken",\N,"Niet brandend","Daglicht","Regen",\N,\N,"Kerkstraat","Dedemsvaart","Hardenberg","Overijssel",false,52.60177,6.458123,"material damage only","4","rain",false,1,"GM0160"
"20240143872",2024,"Uitsluitend materiele schade",2,"Fiets","Fiets","Onbekend",\N,30,\N,"Daglicht",\N,\N,"601018247","Etnastraat","Amsterdam","Amsterdam","Noord-Holland",false,52.359221,4.761184,"material damage only","4","unknown",false,1,"GM0363"
"20240150884",2024,"Letsel",2,"Personenauto","Fiets","Frontaal","Kruispunt, 3 takken",\N,"Brandend","Duisternis","Regen",\N,\N,"Postjesweg","Wageningen","Wageningen","Gelderland",false,51.970331,5.67612,"injury","2","rain",false,1,"GM0289"
"20240150898",2024,"Uitsluitend materiele schade",2,"Personenauto","Fiets","Flank","Kruispunt, 4 takken",50,"Brandend","Duisternis","Droog",\N,\N,"Bonte Wetering","Arnhem","Arnhem","Gelderland",false,52.001818,5.936518,"material damage only","4","clear",false,1,"GM0202"
"20240135395",2024,"Uitsluitend materiele schade",2,"Personenauto","Fiets","Flank","Kruispunt, 3 takken",50,"Niet brandend","Daglicht","Droog",\N,\N,"Sommelsdijkstraat","Rotterdam","Rotterdam","Zuid-Holland",false,51.878003,4.471828,"material damage only","4","clear",false,1,"GM0599"
"20240138551",2024,"Letsel",2,"Personenauto","e-bike","Onbekend","Rotonde",50,"Niet brandend","Daglicht","Droog",\N,\N,"Helmichstraat","Huissen","Lingewaard","Gelderland",false,51.934029,5.938789,"injury","2","clear",false,1,"GM1705"
"20240142863",2024,"Letsel",2,"Personenauto","Fiets","Flank","Kruispunt, 4 takken",50,"Niet brandend","Daglicht","Droog",\N,\N,"van Anrooylaan","Nieuwegein","Nieuwegein","Utrecht",false,52.038556,5.084045,"injury","2","clear",false,1,"GM0356"
"20240149539",2024,"Letsel",1,"Fiets",\N,"Onbekend","Rechte weg",50,"Brandend","Duisternis","Droog",\N,"348299066","Klinkenbergerweg","Ede","Ede","Gelderland",false,52.035545,5.671483,"injury","2","clear",false,1,"GM0228"
"20240141250",2024,"Uitsluitend materiele schade",1,"Fiets",\N,"Voetganger","Rechte weg",50,"Niet brandend","Daglicht","Droog",\N,"389290001","Hoofdstraat","Velp","Rheden","Gelderland",false,51.995835,5.969924,"material damage only","4","clear",false,1,"GM0275"
"20240143479",2024,"Uitsluitend materiele schade",1,"e-bike",\N,"Onbekend","Kruispunt, 3 takken",30,"Brandend","Schemer","Regen",\N,\N,"2e Binnenvestgracht","Leiden","Leiden","Zuid-Holland",false,52.163597,4.484413,"material damage only","4","rain",false,1,"GM0546"
"20240148018",2024,"Uitsluitend materiele schade",2,"Bestelauto","Fiets","Flank","Rechte weg",50,"Niet brandend","Schemer","Regen",\N,"600726856","Het Appeltje","Oud Gastel","Halderberge","Noord-Brabant",false,51.563998,4.475759,"material damage only","4","rain",false,1,"GM1655"
"20240134302",2024,"Letsel",2,"Personenauto","Fiets","Flank","Rotonde",50,"Niet brandend","Daglicht",\N,\N,\N,"Brugweg","Zwijndrecht","Zwijndrecht","Zuid-Holland",false,51.813388,4.642244,"injury","2","unknown",false,1,"GM0642"
"20240134930",2024,"Uitsluitend materiele schade",2,"Personenauto","Fiets","Onbekend","Kruispunt, 3 takken",50,"Niet brandend","Daglicht","Droog",\N,\N,"Dauwendaelselaan","Middelburg","Middelburg","Zeeland",false,51.491412,3.621707,"material damage only","4","clear",false,1,\N
"20240136171",2024,"Uitsluitend materiele schade",1,"Fiets",\N,"Onbekend","Rechte weg",15,"Niet brandend","Daglicht","Droog",\N,"368165001","Loon","Liessel","Deurne","Noord-Brabant",false,51.430029,5.811219,"material damage only","4","clear",false,1,"GM0762"
"20240136804",2024,"Uitsluitend materiele schade",2,"Personenauto","Fiets","Flank","Kruispunt, 4 takken",30,"Niet brandend","Daglicht","Droog",\N,\N,"Nieuwborgstraat","Venlo","Venlo","Limburg",false,51.369123,6.147646,"material damage only","4","clear",false,1,"GM0983"
"20240147973",2024,"Letsel",2,"Fiets","Personenauto","Flank","Kruispunt, 3 takken",50,"Niet brandend","Daglicht","Droog",\N,\N,"Ziel","Roosendaal","Roosendaal","Noord-Brabant",false,51.545668,4.458875,"injury","2","clear",false,1,"GM1674"
"20240145674",2024,"Uitsluitend materiele schade",2,"Fiets","Personenauto","Los voorwerp","Kruispunt, 4 takken",30,"Brandend","Duisternis","Harde windstoten/Sneeuw/Hagel",\N,\N,"Thoelaverweg","Brielle","Voorne aan Zee","Zuid-Holland",false,51.900447,4.169321,"material damage only","4","unknown",false,1,"GM1992"
"20240143576",2024,"Uitsluitend materiele schade",1,"Fiets",\N,"Eenzijdig","Rechte weg",60,"Niet brandend","Daglicht","Regen",\N,"175332001","Wassenaarseweg","Katwijk","Katwijk","Zuid-Holland",false,52.180112,4.407742,"material damage only","4","rain",false,1,"GM0537"
"20240145868",2024,"Uitsluitend materiele schade",2,"Personenauto","Fiets","Onbekend","Kruispunt, 4 takken",50,"Niet brandend","Daglicht","Droog",\N,\N,"Schoterbosstraat","Rotterdam","Rotterdam","Zuid-Holland",false,51.929132,4.47926,"material damage only","4","clear",false,1,"GM0599"
"20240146618",2024,"Uitsluitend materiele schade",2,"Personenauto","Fiets","Frontaal","Rotonde",30,"Niet brandend","Daglicht","Droog",\N,\N,"Nieuw-Eyckholt","Heerlen","Heerlen","Limburg",false,50.883239,5.963367,"material damage only","4","clear",false,1,"GM0917"
"20240137542",2024,"Uitsluitend materiele schade",2,"Personenauto","Fiets","Flank","Kruispunt, 3 takken",50,"Niet brandend","Daglicht","Droog",\N,\N,"Eeneind","Nuenen","Nuenen, Gerwen en Nederwetten","Noord-Brabant",false,51.453862,5.547191,"material damage only","4","clear",false,1,"GM0820"
"20240143078",2024,"Letsel",1,"Fiets",\N,"Onbekend","Rechte weg",30,"Niet aanwezig","Duisternis","Droog","Tunnel","600631742","Ridderbuurt","Alphen aan den Rijn","Alphen aan den Rijn","Zuid-Holland",false,52.156124,4.666468,"injury","2","clear",false,1,"GM0484"
"20240135642",2024,"Letsel",2,"Personenauto","Fiets","Flank","Kruispunt, 4 takken",30,"Niet brandend","Duisternis","Droog",\N,\N,"Rietvoorn","Papendrecht","Papendrecht","Zuid-Holland",false,51.835042,4.722989,"injury","2","clear",false,1,"GM0590"
"20240146535",2024,"Uitsluitend materiele schade",2,"Personenauto","Fiets","Flank","Kruispunt, 4 takken",30,"Niet brandend","Daglicht","Droog",\N,"600803262","Tondeldoos","Eindhoven","Eindhoven","Noord-Brabant",false,51.485275,5.485143,"material damage only","4","clear",false,1,"GM0772"
"20240136331",2024,"Uitsluitend materiele schade",2,"Bromfiets","Fiets","Flank","Kruispunt, 4 takken",50,"Niet brandend","Daglicht","Droog",\N,\N,"Anthony Fokkerweg","Eindhoven","Eindhoven","Noord-Brabant",false,51.463915,5.418531,"material damage only","4","clear",false,1,"GM0772"
"20240144850",2024,"Letsel",2,"Bromfiets","Fiets","Flank","Kruispunt, 4 takken",30,"Niet brandend","Daglicht","Regen",\N,\N,"Schenkelweg","Spijkenisse","Nissewaard","Zuid-Holland",false,51.850613,4.333744,"injury","2","rain",false,1,"GM1930"
"20240149731",2024,"Letsel",2,"Fiets","Voetganger","Voetganger","Rechte weg",50,"Brandend","Duisternis","Droog",\N,"600364403","Wilhelminastraat","Winterswijk","Winterswijk","Gelderland",false,51.974171,6.716022,"injury","2","clear",false,1,"GM0294"
"20240151077",2024,"Letsel",2,"Personenauto","Fiets","Frontaal","Kruispunt, 4 takken",50,"Brandend","Duisternis","Regen",\N,\N,"Hilvertsweg","Hilversum","Hilversum","Noord-Holland",false,52.211515,5.167538,"injury","2","rain",false,1,"GM0402"
"20240147448",2024,"Letsel",4,"Bestelauto","Fiets","Los voorwerp","Rechte weg",30,"Niet brandend","Daglicht","Regen",\N,"112176008","Jufferswegje","Kapelle","Kapelle","Zeeland",false,51.476894,3.962729,"injury","2","rain",false,1,"GM0678"
"20240149237",2024,"Letsel",2,"Fiets","Fiets","Frontaal","Bocht",\N,"Brandend","Duisternis","Regen",\N,"434283006","Terborgseweg","Doetinchem","Doetinchem","Gelderland",false,51.958895,6.296647,"injury","2","rain",false,1,"GM0222"
"20240004830",2024,"Letsel",1,"Fiets",\N,"Eenzijdig","Rechte weg",15,"Niet aanwezig","Duisternis","Droog",\N,"378407006","Noordwendigedijk","Kamperveen","Kampen","Overijssel",false,52.523069,5.898922,"injury","2","clear",false,1,"GM0166"
"20240008221",2024,"Letsel",1,"Fiets",\N,"Eenzijdig","Kruispunt, 4 takken",50,"Niet brandend","Daglicht","Droog",\N,\N,"De Koppels","Leidschendam","Leidschendam-Voorburg","Zuid-Holland",false,52.0901,4.405391,"injury","2","clear",false,1,"GM1916"
"20240012403",2024,"Letsel",2,"Fiets","Fiets","Frontaal","Bocht",\N,"Niet brandend","Daglicht","Droog",\N,"600911164","Papsouwselaan","Delft","Delft","Zuid-Holland",false,52.001896,4.35344,"injury","2","clear",false,1,"GM0503"
"20240153604",2024,"Letsel",2,"Trein/tram","Fiets","Flank","Rechte weg",30,"Brandend","Duisternis","Droog",\N,"240374010","Rozengracht","Amsterdam","Amsterdam","Noord-Holland",false,52.373024,4.879183,"injury","2","clear",false,1,"GM0363"
"20230111067",2023,"Letsel",2,"Personenauto","Fiets","Flank","Kruispunt, 4 takken",30,"Niet brandend","Daglicht","Droog",\N,\N,"Torenvalklaan","'s-Gravenhage","'s-Gravenhage","Zuid-Holland",false,52.046571,4.37204,"injury","2","clear",false,1,"GM0518"
"20240009984",2024,"Uitsluitend materiele schade",2,"Bestelauto","Fiets","Onbekend","Kruispunt, 4 takken",50,"Niet brandend","Daglicht","Droog",\N,\N,"Rondweg Zuid","Winterswijk","Winterswijk","Gelderland",false,51.962234,6.708664,"material damage only","4","clear",false,1,"GM0294"
"20240151639",2024,"Letsel",2,"Bromfiets","Fiets","Flank","Kruispunt, 4 takken",50,"Niet brandend","Daglicht","Regen",\N,\N,"Gotlandstraat","Deventer","Deventer","Overijssel",false,52.241835,6.178321,"injury","2","rain",false,1,"GM0150"
"20230112291",2023,"Letsel",2,"Personenauto","e-bike","Flank","Kruispunt, 4 takken",50,"Niet brandend","Daglicht","Droog",\N,\N,"Vrijenbanselaan","Delft","Delft","Zuid-Holland",false,52.023024,4.351958,"injury","2","clear",false,1,"GM0503"
"20230112293",2023,"Uitsluitend materiele schade",2,"Personenauto","Fiets","Frontaal","Rechte weg",50,"Brandend","Duisternis","Regen",\N,"225285076","Tentweg","Stolwijk","Krimpenerwaard","Zuid-Holland",false,51.971216,4.772648,"material damage only","4","rain",false,1,"GM1931"
"20230112300",2023,"Letsel",3,"Personenauto","Fiets","Onbekend","Kruispunt, 3 takken",30,"Niet brandend","Daglicht","Regen",\N,\N,"Tulpenstraat","Rijnsburg","Katwijk","Zuid-Holland",false,52.192425,4.441375,"injury","2","rain",false,1,"GM0537"
"20240001201",2024,"Uitsluitend materiele schade",2,"Personenauto","Fiets","Frontaal","Rechte weg",50,"Brandend","Duisternis","Droog",\N,"600914057","Burg Freijterslaan","Roosendaal","Roosendaal","Noord-Brabant",false,51.533614,4.442981,"material damage only","4","clear",false,1,"GM1674"
"20230109361",2023,"Uitsluitend materiele schade",2,"Personenauto","Fiets","Flank","Rotonde",50,"Brandend","Duisternis","Regen",\N,\N,"Van Schuylenburgweg","Nijmegen","Nijmegen","Gelderland",false,51.824413,5.791819,"material damage only","4","rain",false,1,"GM0268"
"20240001719",2024,"Letsel",2,"Personenauto","Fiets","Flank","Kruispunt, 3 takken",50,"Niet brandend","Daglicht","Droog",\N,\N,"Rembrandtstraat","Zwijndrecht","Zwijndrecht","Zuid-Holland",false,51.82022,4.64221,"injury","2","clear",false,1,"GM0642"
"20240005526",2024,"Uitsluitend materiele schade",2,"Personenauto","Fiets","Flank","Kruispunt, 3 takken",50,\N,"Daglicht",\N,\N,\N,"Haardstedelaan","Huizen","Huizen","Noord-Holland",false,52.292043,5.23956,"material damage only","4","unknown",false,1,"GM0406"
"20240011929",2024,"Uitsluitend materiele schade",2,"Personenauto","Fiets","Flank","Kruispunt, 3 takken",50,"Niet brandend","Daglicht","Regen",\N,\N,"Nagelpoelweg","Apeldoorn","Apeldoorn","Gelderland",false,52.18296,5.98206,"material damage only","4","rain",false,1,"GM0200"
"20240022337",2024,"Letsel",3,"Fiets","Voetganger","Voetganger","Rechte weg",50,"Niet brandend","Daglicht","Droog",\N,"600584341","Oosterhoutse Busbaan","Breda","Breda","Noord-Brabant",false,51.596721,4.804555,"injury","2","clear",false,1,"GM0758"
"20240022339",2024,"Uitsluitend materiele schade",2,"Personenauto","Fiets","Onbekend",\N,\N,\N,"Duisternis",\N,\N,"266195036","Hasseltstraat","Tilburg","Tilburg","Noord-Brabant",false,51.568882,5.074154,"material damage only","4","unknown",false,1,"GM0855"
"20240152997",2024,"Letsel",2,"Brommobiel","e-bike","Frontaal","Kruispunt, 4 takken",30,"Brandend","Duisternis","Droog",\N,\N,"Den Brielstraat","Amsterdam","Amsterdam","Noord-Holland",false,52.385034,4.85857,"injury","2","clear",false,1,"GM0363"
"20240003338",2024,"Letsel",2,"Bromfiets","Fiets","Flank","Rechte weg",30,"Brandend","Duisternis","Regen",\N,"386334006","Ugchelseweg","Apeldoorn","Apeldoorn","Gelderland",false,52.194253,5.946844,"injury","2","rain",false,1,"GM0200"
"20240007792",2024,"Letsel",2,"Personenauto","Fiets","Onbekend","Kruispunt, 4 takken",30,"Niet brandend","Daglicht","Regen",\N,\N,"Braassemdreef","Roelofarendsveen","Kaag en Braassem","Zuid-Holland",false,52.200268,4.627674,"injury","2","rain",false,1,"GM1884"
"20230108271",2023,"Uitsluitend materiele schade",2,"Personenauto","e-bike","Flank","Kruispunt, 4 takken",30,"Niet brandend","Daglicht","Regen",\N,\N,"Drechterwaard","Alkmaar","Alkmaar","Noord-Holland",false,52.641688,4.75558,"material damage only","4","rain",false,1,"GM0361"
"20230113603",2023,"Letsel",2,"Personenauto","Fiets","Flank","Rotonde",50,"Brandend","Duisternis","Droog",\N,\N,"Koningin Julianaweg","'s-Gravenzande","Westland","Zuid-Holland",false,51.997817,4.173133,"injury","2","clear",false,1,"GM1783"
"20240008430",2024,"Letsel",2,"Personenauto","Fiets","Flank","Kruispunt, 4 takken",30,"Niet brandend","Daglicht","Regen",\N,\N,"Weteringschans","Amsterdam","Amsterdam","Noord-Holland",false,52.359289,4.896378,"injury","2","rain",false,1,"GM0363"
"20240023709",2024,"Uitsluitend materiele schade",2,"Bromfiets","Fiets","Flank","Rechte weg",50,"Niet brandend","Daglicht","Regen",\N,"148291119","Dijkweg","Naaldwijk","Westland","Zuid-Holland",false,51.996483,4.210229,"material damage only","4","rain",false,1,"GM1783"
"20240151832",2024,"Uitsluitend materiele schade",2,"Bestelauto","Fiets","Flank","Rechte weg",50,"Niet brandend","Schemer","Droog",\N,"382416072","Stationsplein","Kampen","Kampen","Overijssel",false,52.560274,5.921527,"material damage only","4","clear",false,1,"GM0166"
"20230110085",2023,"Uitsluitend materiele schade",2,"Personenauto","Fiets","Flank","Kruispunt, 3 takken",50,"Niet brandend","Schemer","Droog",\N,\N,"Ruwaardsingel","Oss","Oss","Noord-Brabant",false,51.751484,5.528562,"material damage only","4","clear",false,1,"GM0828"
"20240001581",2024,"Letsel",3,"Fiets","Fiets","Onbekend","Bocht",50,"Brandend","Duisternis","Droog",\N,"600606050","Het Groene Woud","Middelburg","Middelburg","Zeeland",false,51.495624,3.609501,"injury","2","clear",false,1,\N
"20240010624",2024,"Letsel",2,"Bestelauto","Fiets","Frontaal","Kruispunt, 3 takken",60,"Niet brandend","Daglicht","Droog",\N,\N,"Obdammerdijk","Obdam","Koggenland","Noord-Holland",false,52.67555,4.875058,"injury","2","clear",false,1,"GM1598"
"20240024918",2024,"Letsel",1,"Fiets",\N,"Frontaal","Bocht",60,"Niet aanwezig","Daglicht","Droog",\N,"359201002","Langstraat","Venhorst","Boekel","Noord-Brabant",false,51.596593,5.748661,"injury","2","clear",false,1,"GM0755"
"20230110097",2023,"Uitsluitend materiele schade",2,"Bromfiets","Fiets","Kop/staart","Rechte weg",60,"Brandend","Duisternis","Droog",\N,"285221001","Rupweg","Vlijmen","Heusden","Noord-Brabant",false,51.686702,5.212889,"material damage only","4","clear",false,1,"GM0797"