"accident_id","year","severity_raw","party_count","party1_type","party2_type","accident_type","road_situation","speed_limit_kmh","road_lighting","light_condition_label","weather_raw","infra_type","road_segment_id","street_name","place_name","gemeente_name_raw","province","alcohol_indicated","latitude","longitude","severity_label","severity_code","weather_label","built_up_area","cyclists_involved","gemeente_code"
"20230074484",2023,"Letsel",2,"Personenauto","Fiets","Onbekend","Rechte weg",80,"Brandend","Duisternis","Droog",\N,"405498005","Wolvegasterweg","Oldeberkoop","Ooststellingwerf","Friesland",false,52.929495,6.105109,"injury","2","clear",false,1,"GM0085"
"20230079313",2023,"Letsel",2,"Fiets","Bromfiets","Flank","Rechte weg",30,"Niet brandend","Daglicht","Droog",\N,"262198030","Goirkekanaaldijk","Tilburg","Tilburg","Noord-Brabant",false,51.579905,5.052506,"injury","2","clear",false,1,"GM0855"
"20230024024",2023,"Uitsluitend materiele schade",2,"Fiets","Bromfiets","Flank","Rechte weg",30,"Niet brandend","Daglicht","Droog",\N,"210321091","Ambonstraat","Alphen aan den Rijn","Alphen aan den Rijn","Zuid-Holland",false,52.133123,4.658027,"material damage only","4","clear",false,1,"GM0484"
"20230030383",2023,"Uitsluitend materiele schade",1,"Fiets",\N,"Eenzijdig","Rechte weg",30,"Brandend","Daglicht","Droog",\N,"322166015","Rechtestraat","Eindhoven","Eindhoven","Noord-Brabant",false,51.43895,5.477782,"material damage only","4","clear",false,1,"GM0772"
"20230069525",2023,"Letsel",1,"Fiets",\N,"Eenzijdig","Rechte weg",50,"Brandend","Duisternis","Droog","Tunnel","600694090","Fairoaksbaan","Rotterdam","Rotterdam","Zuid-Holland",false,51.955838,4.459556,"injury","2","clear",false,1,"GM0599"
"20230070432",2023,"Uitsluitend materiele schade",2,"Personenauto","Fiets","Flank","Kruispunt, 4 takken",50,\N,"Daglicht","Droog",\N,\N,"Singel 1940-1945","Oss","Oss","Noord-Brabant",false,51.773229,5.544992,"material damage only","4","clear",false,1,"GM0828"
"20230071601",2023,"Letsel",2,"Personenauto","Fiets","Flank","Kruispunt, 4 takken",50,"Niet brandend","Daglicht","Droog",\N,\N,"Keizersberg","Elsendorp","Gemert-Bakel","Noord-Brabant",false,51.584958,5.76462,"injury","2","clear",false,1,"GM1652"
"20230014317",2023,"Uitsluitend materiele schade",2,"Personenauto","Fiets","Flank","Kruispunt, 3 takken",50,"Niet brandend","Daglicht","Regen",\N,\N,"Prossinkhof","Oldenzaal","Oldenzaal","Overijssel",false,52.312385,6.933587,"material damage only","4","rain",false,1,"GM0173"
"20230015469",2023,"Uitsluitend materiele schade",2,"Fiets","Fiets","Flank","Kruispunt, 3 takken",30,"Brandend","Duisternis","Regen",\N,\N,"Vleutenseweg","Utrecht","Utrecht","Utrecht",false,52.093747,5.093085,"material damage only","4","rain",false,1,"GM0344"
"20230018935",2023,"Uitsluitend materiele schade",2,"Fiets","Personenauto","Kop/staart","Kruispunt, 4 takken",50,\N,"Daglicht",\N,\N,\N,"Ringweg-Kruiskamp","Amersfoort","Amersfoort","Utrecht",false,52.160388,5.404681,"material damage only","4","unknown",false,1,"GM0307"
"20230029824",2023,"Uitsluitend materiele schade",2,"Personenauto","Fiets","Frontaal","Rotonde",50,"Brandend","Duisternis","Droog",\N,\N,"Plantageweg","Zwijndrecht","Zwijndrecht","Zuid-Holland",false,51.816412,4.626491,"material damage only","4","clear",false,1,"GM0642"
"20230035993",2023,"Letsel",2,"Fiets","Fiets","Kop/staart","Rechte weg",80,"Niet brandend","Daglicht","Droog",\N,"600947789","Verlengde Arnhemseweg","Ede","Ede","Gelderland",false,52.0404,5.701892,"injury","2","clear",false,1,"GM0228"
"20230075232",2023,"Uitsluitend materiele schade",3,"Personenauto","Fiets","Onbekend","Kruispunt, 3 takken",30,"Niet brandend","Daglicht","Droog",\N,\N,"Stationsplein","Hilversum","Hilversum","Noord-Holland",false,52.226977,5.180358,"material damage only","4","clear",false,1,"GM0402"
"20230075319",2023,"Uitsluitend materiele schade",2,"Bromfiets","Fiets","Flank","Kruispunt, 4 takken",60,"Niet brandend","Daglicht","Droog",\N,\N,"Zandlaan","Soest","Soest","Utrecht",false,52.160001,5.338564,"material damage only","4","clear",false,1,"GM0342"
"20230020676",2023,"Uitsluitend materiele schade",2,"Fiets","Personenauto","Flank","Rechte weg",50,"Niet brandend","Daglicht","Droog",\N,"243371066","Sarphatistraat","Amsterdam","Amsterdam","Noord-Holland",false,52.359844,4.901517,"material damage only","4","clear",false,1,"GM0363"
"20240030839",2024,"Letsel",2,"Fiets","Fiets","Geparkeerd voertuig","Rechte weg",30,"Niet aanwezig","Daglicht","Droog",\N,"243371022","Stadhouderskade","Amsterdam","Amsterdam","Noord-Holland",false,52.358069,4.900514,"injury","2","clear",false,1,"GM0363"
"20230072400",2023,"Uitsluitend materiele schade",2,"Personenauto","Fiets","Flank","Rotonde",50,"Niet brandend","Daglicht","Droog",\N,\N,"Ringbaan-Noord","Zevenaar","Zevenaar","Gelderland",false,51.938473,6.068208,"material damage only","4","clear",false,1,"GM0299"
"20230014374",2023,"Letsel",2,"Personenauto","Fiets","Geparkeerd voertuig","Rechte weg",30,"Brandend","Duisternis","Droog",\N,"379416175","Dr. Damstraat","Kampen","Kampen","Overijssel",false,52.559445,5.901259,"injury","2","clear",false,1,"GM0166"
"20230026433",2023,"Letsel",2,"Personenauto","Fiets","Flank","Kruispunt, 4 takken",50,"Brandend","Schemer","Droog",\N,\N,"Hoofdweg","Rotterdam","Rotterdam","Zuid-Holland",false,51.948949,4.551979,"injury","2","clear",false,1,"GM0599"
"20240029067",2024,"Uitsluitend materiele schade",2,"Snorfiets","Fiets","Kop/staart","Rechte weg",30,"Niet brandend","Daglicht","Droog",\N,"600630867","Spoorbaanpad","Almere","Almere","Flevoland",false,52.355701,5.166063,"material damage only","4","clear",false,1,"GM0034"
"20230037200",2023,"Uitsluitend materiele schade",2,"Bromfiets","Fiets","Geparkeerd voertuig","Kruispunt, 4 takken",30,"Brandend","Duisternis","Droog",\N,\N,"Kleverlaan","Haarlem","Haarlem","Noord-Holland",false,52.397238,4.626613,"material damage only","4","clear",false,1,"GM0392"
"20230020769",2023,"Letsel",2,"Personenauto","Fiets","Flank","Rechte weg",50,"Niet brandend","Daglicht","Droog",\N,"238357019","Maarten Lutherweg","Amstelveen","Amstelveen","Noord-Holland",false,52.294001,4.863644,"injury","2","clear",false,1,"GM0362"
"20240027421",2024,"Uitsluitend materiele schade",2,"Bestelauto","Fiets","Onbekend","Rotonde",50,"Niet brandend","Daglicht","Droog",\N,\N,"Bleeklaan","Leeuwarden","Leeuwarden","Friesland",false,53.207236,5.803059,"material damage only","4","clear",false,1,"GM0080"
"20240027461",2024,"Letsel",4,"Fiets","Fiets","Frontaal","Rechte weg",\N,"Brandend","Duisternis",\N,\N,"600817467","Burgemeester de Hooppark","Sneek","Súdwest-Fryslân","Friesland",true,53.036125,5.674948,"injury","2","unknown",false,1,"GM1900"
"20230028780",2023,"Letsel",2,"Bromfiets","Fiets","Kop/staart","Rechte weg",30,"Niet brandend","Daglicht","Droog",\N,"176260159","Parallelstraat","Rhoon","Albrandswaard","Zuid-Holland",false,51.858357,4.417513,"injury","2","clear",false,1,"GM0613"
"20240029303",2024,"Letsel",2,"Personenauto","Fiets","Flank","Rotonde",50,"Niet brandend","Daglicht","Droog",\N,"600853548","Kranenburgweg","Zwolle","Zwolle","Overijssel",false,52.526462,6.125955,"injury","2","clear",false,1,"GM0193"
"20230074748",2023,"Uitsluitend materiele schade",2,"Bromfiets","Fiets","Frontaal","Kruispunt, 4 takken",30,"Niet brandend","Daglicht","Droog",\N,\N,"Carnegiedreef","Utrecht","Utrecht","Utrecht",false,52.117497,5.107261,"material damage only","4","clear",false,1,"GM0344"
"20230075765",2023,"Uitsluitend materiele schade",2,"Personenauto","Fiets","Flank","Rotonde",30,"Niet brandend","Daglicht","Regen",\N,\N,"Sluyterslaan","Nieuwegein","Nieuwegein","Utrecht",false,52.030567,5.084869,"material damage only","4","rain",false,1,"GM0356"
"20230075978",2023,"Letsel",2,"Personenauto","Fiets","Flank","Kruispunt, 4 takken",50,"Niet brandend","Daglicht","Droog",\N,\N,"De Weel","Hoorn","Hoorn","Noord-Holland",false,52.639745,5.037028,"injury","2","clear",false,1,"GM0405"
"20230026520",2023,"Uitsluitend materiele schade",2,"Fiets","Bromfiets","Flank","Rechte weg",50,"Niet brandend","Daglicht","Regen",\N,"185273099","Schiedamsedijk","Rotterdam","Rotterdam","Zuid-Holland",false,51.914729,4.481862,"material damage only","4","rain",false,1,"GM0599"
"20230031132",2023,"Uitsluitend materiele schade",2,"Bestelauto","Fiets","Flank","Kruispunt, 3 takken",30,"Brandend","Schemer","Droog",\N,\N,"Oliestraat","Grave","Land van Cuijk","Noord-Brabant",false,51.758321,5.741281,"material damage only","4","clear",false,1,"GM1982"
"20230032240",2023,"Uitsluitend materiele schade",2,"Fiets","Personenauto","Flank","Kruispunt, 4 takken",50,"Niet brandend","Daglicht","Droog",\N,\N,"Bevrijdingsweg","Venlo","Venlo","Limburg",false,51.345923,6.187149,"material damage only","4","clear",false,1,"GM0983"
"20230074359",2023,"Uitsluitend materiele schade",2,"Personenauto","Fiets","Flank","Kruispunt, 3 takken",50,"Brandend","Duisternis","Droog",\N,\N,"Weijbroekweg","Nijmegen","Nijmegen","Gelderland",false,51.827668,5.781072,"material damage only","4","clear",false,1,"GM0268"
"20230075880",2023,"Uitsluitend materiele schade",2,"Personenauto","Fiets","Flank","Bocht",50,\N,"Daglicht","Droog",\N,"601056688","Groningerstraat","Amersfoort","Amersfoort","Utrecht",false,52.158296,5.377299,"material damage only","4","clear",false,1,"GM0307"
"20230076025",2023,"Uitsluitend materiele schade",3,"Fiets","Personenauto","Onbekend","Kruispunt, 4 takken",50,"Niet brandend","Daglicht","Droog",\N,\N,"Platanenlaan","Papendrecht","Papendrecht","Zuid-Holland",false,51.833309,4.699621,"material damage only","4","clear",false,1,"GM0590"
"20230077748",2023,"Letsel",2,"Fiets","Fiets","Flank","Kruispunt, 3 takken",30,"Niet brandend","Daglicht","Droog",\N,"182326100","Dijkhoflaan","Leiden","Leiden","Zuid-Holland",false,52.153143,4.452682,"injury","2","clear",false,1,"GM0546"
"20230077811",2023,"Uitsluitend materiele schade",2,"Bromfiets","Fiets","Flank","Kruispunt, 4 takken",30,"Niet brandend","Daglicht","Droog",\N,\N,"'s-Gravenbroekseweg","Reeuwijk","Bodegraven-Reeuwijk","Zuid-Holland",false,52.042514,4.721667,"material damage only","4","clear",false,1,"GM1901"
"20230077926",2023,"Letsel",2,"Personenauto","Fiets","Geparkeerd voertuig","Rechte weg",50,"Niet brandend","Daglicht","Droog",\N,"600714444","Dedemsvaartweg","'s-Gravenhage","'s-Gravenhage","Zuid-Holland",false,52.049925,4.264322,"injury","2","clear",false,1,"GM0518"
"20230013352",2023,"Letsel",1,"Fiets",\N,"Eenzijdig","Kruispunt, 3 takken",50,"Niet brandend","Daglicht","Droog",\N,\N,"Opaalstraat","Hengelo","Hengelo (O)","Overijssel",false,52.246768,6.777517,"injury","2","clear",false,1,\N
"20230021377",2023,"Uitsluitend materiele schade",2,"Fiets","Personenauto","Onbekend","Rotonde",50,"Brandend","Duisternis","Regen",\N,\N,"Gagelland","Wateringen","Westland","Zuid-Holland",false,52.017855,4.283415,"material damage only","4","rain",false,1,"GM1783"
"20230021397",2023,"Letsel",1,"Fiets",\N,"Eenzijdig","Rechte weg",50,"Brandend","Duisternis","Droog",\N,"600713123","Loosduinse Hoofdstraat","'s-Gravenhage","'s-Gravenhage","Zuid-Holland",false,52.052237,4.231016,"injury","2","clear",false,1,"GM0518"
"20230023061",2023,"Letsel",2,"Personenauto","Fiets","Voetganger","Rechte weg",50,"Niet brandend","Daglicht","Droog",\N,"191327038","Van der Marckstraat","Leiderdorp","Leiderdorp","Zuid-Holland",false,52.160125,4.522939,"injury","2","clear",false,1,"GM0547"
"20240072132",2024,"Letsel",2,"Personenauto","Fiets","Flank","Kruispunt, 4 takken",50,"Brandend","Duisternis","Droog",\N,\N,"FIETSPAD","Spijkenisse","Nissewaard","Zuid-Holland",true,51.841692,4.344943,"injury","2","clear",false,1,"GM1930"
"20240080205",2024,"Letsel",2,"Personenauto","Fiets","Flank","Rotonde",50,"Niet brandend","Daglicht","Droog",\N,\N,"Brockwaystraat","Haarlem","Haarlem","Noord-Holland",false,52.369691,4.613826,"injury","2","clear",false,1,"GM0392"
"20240080223",2024,"Letsel",2,"Personenauto","Fiets","Onbekend","Rechte weg",50,"Niet brandend","Daglicht","Droog",\N,"601000996","Europaplein","Alkmaar","Alkmaar","Noord-Holland",false,52.655727,4.75834,"injury","2","clear",false,1,"GM0361"
"20240081247",2024,"Letsel",2,"Personenauto","Fiets","Flank","Rotonde",50,"Niet brandend","Daglicht","Droog",\N,\N,"Beneden Oostdijk","Oud-Beijerland","Hoeksche Waard","Zuid-Holland",false,51.824363,4.422696,"injury","2","clear",false,1,"GM1963"
"20240033414",2024,"Uitsluitend materiele schade",2,"Snorfiets","Fiets","Onbekend","Kruispunt, 4 takken",\N,\N,"Daglicht","Droog",\N,\N,"Weth van den Eijndenstr","Geldrop","Geldrop-Mierlo","Noord-Brabant",false,51.421328,5.573748,"material damage only","4","clear",false,1,"GM1771"
"20240076890",2024,"Uitsluitend materiele schade",2,"Bromfiets","Fiets","Flank","Rechte weg",50,"Niet brandend","Daglicht","Droog",\N,"296329002","Weegbreestraat","Soest","Soest","Utrecht",false,52.170538,5.29259,"material damage only","4","clear",false,1,"GM0342"
"20240034108",2024,"Letsel",2,"Personenauto","Fiets","Flank","Rechte weg",30,"Niet brandend","Daglicht","Droog",\N,"600609662","Hoenderstraat","Ledeacker","Land van Cuijk","Noord-Brabant",false,51.634798,5.860345,"injury","2","clear",false,1,"GM1982"
"20240037171",2024,"Letsel",2,"Fiets","Fiets","Frontaal","Bocht",30,"Niet brandend","Daglicht","Droog",\N,"600860923","Slotlaan","Doetinchem","Doetinchem","Gelderland",false,51.962794,6.261936,"injury","2","clear",false,1,"GM0222"
"20240037181",2024,"Uitsluitend materiele schade",2,"Fiets","Personenauto","Flank","Kruispunt, 3 takken",30,"Niet brandend","Daglicht","Droog",\N,\N,"Oudsmidsestraat","Lienden","Buren","Gelderland",false,51.947013,5.51955,"material damage only","4","clear",false,1,"GM0214"
"20240038123",2024,"Uitsluitend materiele schade",2,"Personenauto","Fiets","Flank","Kruispunt, 4 takken",30,"Brandend","Daglicht","Droog",\N,\N,"Spanjaardstraat","Alkmaar","Alkmaar","Noord-Holland",false,52.631342,4.753242,"material damage only","4","clear",false,1,"GM0361"
"20240041902",2024,"Uitsluitend materiele schade",2,"Personenauto","Fiets","Flank","Kruispunt, 4 takken",50,"Brandend","Duisternis","Droog",\N,\N,"Vasteland","Rotterdam","Rotterdam","Zuid-Holland",false,51.911542,4.477241,"material damage only","4","clear",false,1,"GM0599"
"20240075210",2024,"Letsel",2,"Personenauto","Fiets","Flank","Rechte weg",80,"Niet brandend","Daglicht","Droog",\N,"465494003","Zwiggelterweg","Hooghalen","Midden-Drenthe","Drenthe",false,52.906364,6.541138,"injury","2","clear",false,1,"GM1731"
"20240076931",2024,"Letsel",2,"Fiets","Fiets","Frontaal","Bocht",30,"Niet brandend","Daglicht","Droog",\N,"202364019","Van Verschuer Brantslaan","Bennebroek","Bloemendaal","Noord-Holland",false,52.325302,4.601937,"injury","2","clear",false,1,"GM0377"
"20240036567",2024,"Uitsluitend materiele schade",2,"Snorfiets","Fiets","Flank","Kruispunt, 3 takken",30,"Niet brandend","Daglicht","Droog",\N,\N,"Horreus de Haaspad","Zwolle","Zwolle","Overijssel",false,52.505719,6.078215,"material damage only","4","clear",false,1,"GM0193"
"20240040539",2024,"Letsel",1,"Fiets",\N,"Onbekend","Rechte weg",30,"Niet brandend","Daglicht","Regen",\N,"600729533","Schoutenlaan","Voorhout","Teylingen","Zuid-Holland",false,52.223888,4.488737,"injury","2","rain",false,1,"GM1525"
"20240042637",2024,"Letsel",2,"Fiets","Personenauto","Flank","Rotonde",50,"Niet brandend","Daglicht","Droog",\N,\N,"Laan 1940-1945","Maassluis","Maassluis","Zuid-Holland",false,51.921432,4.26605,"injury","2","clear",false,1,"GM0556"
"20240038264",2024,"Letsel",3,"Personenauto","Fiets","Flank","Kruispunt, 4 takken",50,"Niet brandend","Daglicht","Droog",\N,\N,"Natteweg","Bergen (NH)","Bergen (NH)","Noord-Holland",false,52.668338,4.712581,"injury","2","clear",false,1,\N
"20240040572",2024,"Letsel",2,"Fiets","Voetganger","Frontaal","Rechte weg",30,"Niet brandend","Daglicht","Droog",\N,"600372338","Vrouwjuttenland","Delft","Delft","Zuid-Holland",false,52.013093,4.360019,"injury","2","clear",false,1,"GM0503"
"20240047254",2024,"Letsel",2,"Personenauto","Fiets","Flank","Rechte weg",50,"Niet brandend","Daglicht","Droog",\N,\N,"Uithof","Dokkum","Noardeast-Fryslân","Friesland",false,53.328351,5.983386,"injury","2","clear",false,1,"GM1970"
"20240037668",2024,"Uitsluitend materiele schade",2,"Personenauto","Fiets","Flank","Kruispunt, 4 takken",50,"Niet brandend","Daglicht","Droog",\N,\N,"Middenweg","Den Helder","Den Helder","Noord-Holland",false,52.952885,4.750099,"material damage only","4","clear",false,1,"GM0400"
"20240079171",2024,"Letsel",2,"Personenauto","Fiets","Flank","Kruispunt, 3 takken",30,"Niet brandend","Daglicht","Droog",\N,\N,"Meijendelseweg","Wassenaar","Wassenaar","Zuid-Holland",false,52.128683,4.358192,"injury","2","clear",false,1,"GM0629"
"20240077148",2024,"Letsel",2,"Fiets","Fiets","Frontaal","Bocht",30,"Niet brandend","Daglicht","Droog",\N,"209401081","Gladiolenlaan","Beverwijk","Beverwijk","Noord-Holland",false,52.492664,4.649222,"injury","2","clear",false,1,"GM0375"
"20240048002",2024,"Letsel",1,"Fiets",\N,"Onbekend","Rechte weg",\N,"Niet brandend","Daglicht","Droog",\N,"225429053","Provincialeweg","Alkmaar","Alkmaar","Noord-Holland",false,52.616722,4.765963,"injury","2","clear",false,1,"GM0361"
"20240037784",2024,"Letsel",2,"Fiets","Fiets","Flank","Rechte weg",50,"Niet brandend","Daglicht","Droog",\N,"229527023","Beatrixlaan","Den Burg","Texel","Noord-Holland",false,53.057531,4.790277,"injury","2","clear",false,1,"GM0448"
"20240038433",2024,"Letsel",2,"Fiets","Fiets","Onbekend","Rechte weg",30,"Niet brandend","Daglicht","Droog",\N,"250394007","Jaagweg","Ilpendam","Waterland","Noord-Holland",false,52.460408,4.950604,"injury","2","clear",false,1,"GM0852"
"20240040082",2024,"Letsel",2,"Personenauto","Fiets","Flank","Rechte weg",50,"Niet brandend","Daglicht","Droog",\N,"600582459","IJsclubweg","'s-Gravenhage","'s-Gravenhage","Zuid-Holland",false,52.084248,4.348979,"injury","2","clear",false,1,"GM0518"
"20240048042",2024,"Uitsluitend materiele schade",2,"Personenauto","e-bike","Flank","Kruispunt, 4 takken",50,"Niet brandend","Daglicht","Regen",\N,\N,"Amaliaweg","Den Hoorn","Texel","Noord-Holland",false,53.022788,4.793555,"material damage only","4","rain",false,1,"GM0448"
"20240037815",2024,"Letsel",2,"Bus","Fiets","Onbekend","Rechte weg",50,"Niet brandend","Daglicht","Droog",\N,"208386037","Vlietweg","Santpoort-Noord","Velsen","Noord-Holland",false,52.425788,4.644371,"injury","2","clear",false,1,"GM0453"
"20240051159",2024,"Letsel",2,"e-bike","Voetganger","Voetganger","Rechte weg",50,"Niet brandend","Daglicht","Droog",\N,"600751599","RINGERSBRUG","Alkmaar","Alkmaar","Noord-Holland",false,52.633669,4.750091,"injury","2","clear",false,1,"GM0361"
"20240071907",2024,"Uitsluitend materiele schade",2,"Bromfiets","Fiets","Flank","Kruispunt, 3 takken",30,"Niet brandend","Daglicht","Droog",\N,\N,"Landlustlaan","Leidschendam","Leidschendam-Voorburg","Zuid-Holland",false,52.08492,4.400476,"material damage only","4","clear",false,1,"GM1916"
"20240036912",2024,"Letsel",2,"Personenauto","Fiets","Flank","Kruispunt, 3 takken",50,"Niet brandend","Daglicht","Regen",\N,\N,"Nieuweweg","Oostwold","Oldambt","Groningen",false,53.176405,7.061205,"injury","2","rain",false,1,"GM1895"
"20240037845",2024,"Uitsluitend materiele schade",2,"Personenauto","Fiets","Flank","Kruispunt, 3 takken",30,"Niet aanwezig","Daglicht","Droog",\N,\N,"De Schans","Hoogland","Amersfoort","Utrecht",false,52.169329,5.37338,"material damage only","4","clear",false,1,"GM0307"
"20240047470",2024,"Letsel",2,"Personenauto","Fiets","Onbekend","Rechte weg",30,"Niet brandend","Daglicht","Droog",\N,"470560004","Helperzoom","Groningen","Groningen","Groningen",false,53.201666,6.589731,"injury","2","clear",false,1,"GM0014"
"20240076659",2024,"Letsel",2,"Fiets","Personenauto","Flank","Rechte weg",50,"Niet brandend","Daglicht","Droog",\N,"381505031","Fok","Heerenveen","Heerenveen","Friesland",false,52.961085,5.919602,"injury","2","clear",false,1,"GM0074"
"20240081044",2024,"Uitsluitend materiele schade",2,"Personenauto","Fiets","Kop/staart","Rechte weg",30,"Niet brandend","Daglicht","Droog",\N,\N,"Planetenplein","Spijkenisse","Nissewaard","Zuid-Holland",false,51.841785,4.329502,"material damage only","4","clear",false,1,"GM1930"
"20240033845",2024,"Letsel",2,"Landbouwvoertuig","Fiets","Los voorwerp","Rechte weg",60,"Niet aanwezig","Daglicht","Droog",\N,"370140001","Zwarteboordweg","Ospel","Nederweert","Limburg",false,51.319704,5.820691,"injury","2","clear",false,1,"GM0946"
"20240040228",2024,"Letsel",1,"Fiets",\N,"Onbekend","Rechte weg",50,"Niet brandend","Daglicht","Droog",\N,"188327084","Oosterkerkstraat","Leiden","Leiden","Zuid-Holland",false,52.158696,4.502728,"injury","2","clear",false,1,"GM0546"
"20240040860",2024,"Letsel",2,"Personenauto","Fiets","Flank","Kruispunt, 4 takken",50,"Niet brandend","Daglicht","Droog",\N,\N,"Ypenburgbocht","Leiden","Leiden","Zuid-Holland",false,52.17023,4.489046,"injury","2","clear",false,1,"GM0546"
"20240042948",2024,"Letsel",2,"Personenauto","Fiets","Geparkeerd voertuig","Rechte weg",30,"Brandend","Duisternis","Droog",\N,"141272020","Langesingel","Brielle","Voorne aan Zee","Zuid-Holland",false,51.908781,4.164415,"injury","2","clear",false,1,"GM1992"
"20240051228",2024,"Uitsluitend materiele schade",1,"Fiets",\N,"Onbekend","Kruispunt, 4 takken",50,"Niet brandend","Daglicht","Droog",\N,\N,"Noorderstraat","Alkmaar","Alkmaar","Noord-Holland",false,52.635781,4.747917,"material damage only","4","clear",false,1,"GM0361"
"20240072864",2024,"Letsel",2,"Bestelauto","Fiets","Geparkeerd voertuig","Rechte weg",30,"Niet brandend","Daglicht","Droog",\N,"318155032","Ansbalduslaan","Waalre","Waalre","Noord-Brabant",false,51.389637,5.449845,"injury","2","clear",false,1,"GM0866"
"20240080049",2024,"Letsel",2,"Fiets","Personenauto","Onbekend","Kruispunt, 4 takken",30,"Niet brandend","Daglicht","Droog",\N,\N,"Papaverweg","Amsterdam","Amsterdam","Noord-Holland",false,52.397044,4.905147,"injury","2","clear",false,1,"GM0363"
"20240040923",2024,"Uitsluitend materiele schade",2,"Personenauto","Fiets","Flank","Rechte weg",50,"Brandend","Duisternis","Droog",\N,"600617609","Burg Bickerstraat","Diemen","Diemen","Noord-Holland",false,52.34034,4.961798,"material damage only","4","clear",false,1,"GM0384"
"20240076793",2024,"Letsel",2,"Fiets","Personenauto","Flank","Kruispunt, 4 takken",50,"Niet brandend","Daglicht","Droog",\N,\N,"Sportlaan","Veenendaal","Veenendaal","Utrecht",false,52.027856,5.54194,"injury","2","clear",false,1,"GM0345"
"20240033964",2024,"Letsel",2,"Bromfiets","Fiets","Flank","Kruispunt, 4 takken",50,"Niet brandend","Daglicht","Regen",\N,\N,"Oldengaarde","Eindhoven","Eindhoven","Noord-Brabant",false,51.415655,5.440203,"injury","2","rain",false,1,"GM0772"
"20240038845",2024,"Letsel",2,"Fiets","Personenauto","Onbekend","Rechte weg",50,"Niet brandend","Daglicht","Regen",\N,\N,"Dirkje Mariastraat","Utrecht","Utrecht","Utrecht",false,52.099232,5.102302,"injury","2","rain",false,1,"GM0344"
"20240037097",2024,"Letsel",3,"Fiets","Fiets","Los voorwerp","Rechte weg",30,"Niet brandend","Daglicht","Droog",\N,"600469137","Vilstersestraat","Lemelerveld","Dalfsen","Overijssel",false,52.449844,6.342078,"injury","2","clear",false,1,"GM0148"
"20240042472",2024,"Uitsluitend materiele schade",2,"Bromfiets","Fiets","Flank","Rechte weg",50,"Niet brandend","Daglicht","Droog",\N,"183274105","West-Kruiskade","Rotterdam","Rotterdam","Zuid-Holland",false,51.920101,4.467321,"material damage only","4","clear",false,1,"GM0599"
"20230090485",2023,"Letsel",2,"Personenauto","Fiets","Frontaal","Kruispunt, 4 takken",50,"Niet brandend","Daglicht","Regen",\N,\N,"Achterwillenseweg","Gouda","Gouda","Zuid-Holland",false,52.017662,4.733606,"injury","2","rain",false,1,"GM0513"
"20230101608",2023,"Letsel",3,"Bestelauto","Fiets","Eenzijdig","Rechte weg",15,"Niet brandend","Daglicht","Regen",\N,"216248064","Palissander","Dordrecht","Dordrecht","Zuid-Holland",false,51.805222,4.708909,"injury","2","rain",false,1,"GM0505"
"20230106102",2023,"Letsel",2,"Personenauto","e-bike","Flank","Kruispunt, 4 takken",50,"Brandend","Duisternis","Droog",\N,\N,"Schouwinkstraat","Enschede","Enschede","Overijssel",false,52.231676,6.90372,"injury","2","clear",false,1,"GM0153"
"20230082331",2023,"Letsel",2,"Personenauto","Fiets","Flank","Rotonde",50,"Niet aanwezig","Daglicht","Droog",\N,\N,"Koninginnelaan","Roermond","Roermond","Limburg",false,51.184424,6.009818,"injury","2","clear",false,1,"GM0957"
"20230085231",2023,"Letsel",2,"Personenauto","e-bike","Flank","Kruispunt, 4 takken",50,"Niet brandend","Daglicht","Droog",\N,\N,"Baronieweg","IJsselstein","IJsselstein","Utrecht",false,52.015182,5.057567,"injury","2","clear",false,1,"GM0353"
"20230092270",2023,"Uitsluitend materiele schade",2,"Fiets","Personenauto","Flank","Kruispunt, 3 takken",50,"Brandend","Duisternis","Droog",\N,\N,"Spoorstraat","Venlo","Venlo","Limburg",false,51.366504,6.169577,"material damage only","4","clear",false,1,"GM0983"
"20230099777",2023,"Letsel",2,"Bestelauto","Fiets","Flank","Rechte weg",50,"Niet brandend","Daglicht","Droog",\N,"600147372","Looierstraat","Heerlen","Heerlen","Limburg",false,50.89064,5.972585,"injury","2","clear",false,1,"GM0917"
"20230105447",2023,"Letsel",2,"Personenauto","Fiets","Geparkeerd voertuig","Rechte weg",50,"Brandend","Duisternis","Regen",\N,"529379008","Lattropperstraat","Denekamp","Dinkelland","Overijssel",false,52.385982,7.002577,"injury","2","rain",false,1,"GM1774"
"20230081758",2023,"Letsel",2,"Bromfiets","Fiets","Onbekend","Rechte weg",30,"Niet brandend","Daglicht","Droog",\N,"600462703","Maastrichterweg","Meerssen","Meerssen","Limburg",false,50.880322,5.736669,"injury","2","clear",false,1,"GM0938"
"20230083507",2023,"Letsel",2,"Fiets","Fiets","Kop/staart","Rechte weg",50,"Niet brandend","Daglicht","Droog","Tunnel","600285904","Hoornsediep","Groningen","Groningen","Groningen",false,53.20779,6.562111,"injury","2","clear",false,1,"GM0014"
"20230086969",2023,"Letsel",2,"Bromfiets","Fiets","Flank","Rechte weg",30,"Niet brandend","Daglicht","Regen",\N,\N,"Lammenschansweg","Leiden","Leiden","Zuid-Holland",false,52.149498,4.493461,"injury","2","rain",false,1,"GM0546"
"20230100924",2023,"Uitsluitend materiele schade",2,"Personenauto","Fiets","Flank","Rotonde",50,"Brandend","Duisternis","Droog",\N,\N,"Dorpstraat","Veldhoven","Veldhoven","Noord-Brabant",false,51.406353,5.406522,"material damage only","4","clear",false,1,"GM0861"