"accident_id","year","severity_raw","party_count","party1_type","party2_type","accident_type","road_situation","speed_limit_kmh","road_lighting","light_condition_label","weather_raw","infra_type","road_segment_id","street_name","place_name","gemeente_name_raw","province","alcohol_indicated","latitude","longitude","severity_label","severity_code","weather_label","built_up_area","cyclists_involved","gemeente_code"
"20220052779",2022,"Letsel",2,"e-bike","Bromfiets","Flank","Rechte weg",30,"Niet brandend","Daglicht","Droog",\N,"600416903","Bergerweg","Bergen (NH)","Bergen (NH)","Noord-Holland",false,52.663448,4.713293,"injury","2","clear",false,1,\N
"20220061109",2022,"Letsel",2,"Bestelauto","Fiets","Geparkeerd voertuig","Rechte weg",50,"Niet brandend","Daglicht","Droog",\N,\N,"Kortebrantstraat","Rotterdam","Rotterdam","Zuid-Holland",false,51.926286,4.486664,"injury","2","clear",false,1,"GM0599"
"20220105703",2022,"Uitsluitend materiele schade",2,"Personenauto","Fiets","Flank","Kruispunt, 3 takken",50,"Niet brandend","Daglicht","Droog",\N,\N,"Nieboerweg","'s-Gravenhage","'s-Gravenhage","Zuid-Holland",false,52.091316,4.264474,"material damage only","4","clear",false,1,"GM0518"
"20220040077",2022,"Uitsluitend materiele schade",2,"Personenauto","Fiets","Flank","Kruispunt, 4 takken",30,"Brandend","Schemer","Regen",\N,\N,"Gedempte Zuiderdiep","Groningen","Groningen","Groningen",false,53.21467,6.562738,"material damage only","4","rain",false,1,"GM0014"
"20220041932",2022,"Letsel",2,"Personenauto","Fiets","Geparkeerd voertuig","Rechte weg",30,"Niet aanwezig","Daglicht","Droog","Parkeervoorziening","600869383","Siersteenlaan","Groningen","Groningen","Groningen",false,53.225914,6.52934,"injury","2","clear",false,1,"GM0014"
"20220052918",2022,"Uitsluitend materiele schade",2,"Bromfiets","Fiets","Kop/staart","Rechte weg",30,"Niet brandend","Daglicht","Droog","Brug/viaduct","600945517","JULIANABRUG","Zaandijk","Zaanstad","Noord-Holland",false,52.471626,4.811495,"material damage only","4","clear",false,1,"GM0479"
"20220057214",2022,"Letsel",1,"Fiets",\N,"Eenzijdig","Kruispunt, 4 takken",30,"Niet brandend","Daglicht","Droog",\N,\N,"Koningstraat","'s-Gravenhage","'s-Gravenhage","Zuid-Holland",false,52.06878,4.31443,"injury","2","clear",false,1,"GM0518"
"20220059699",2022,"Letsel",2,"Bromfiets","Fiets","Flank","Kruispunt, 3 takken",30,"Brandend","Duisternis","Droog",\N,\N,"Populierenstraat","'s-Gravenzande","Westland","Zuid-Holland",false,51.998431,4.167041,"injury","2","clear",false,1,"GM1783"
"20220093206",2022,"Uitsluitend materiele schade",2,"Bromfiets","Fiets","Flank","Bocht",50,"Brandend","Duisternis","Droog",\N,\N,"V 't v klein Poortje","Groningen","Groningen","Groningen",false,53.216845,6.574644,"material damage only","4","clear",false,1,"GM0014"
"20220094454",2022,"Uitsluitend materiele schade",2,"Personenauto","Fiets","Flank","Rechte weg",30,"Niet brandend","Daglicht","Droog",\N,"514345010","Roessinghsbleekweg","Enschede","Enschede","Overijssel",false,52.23293,6.882112,"material damage only","4","clear",false,1,"GM0153"
"20220096413",2022,"Uitsluitend materiele schade",2,"Personenauto","Fiets","Onbekend","Rechte weg",30,"Niet brandend","Daglicht","Droog",\N,"600458826","Lonnekerspoorlaan","Enschede","Enschede","Overijssel",false,52.235088,6.898347,"material damage only","4","clear",false,1,"GM0153"
"20220096663",2022,"Uitsluitend materiele schade",2,"Personenauto","Fiets","Frontaal","Kruispunt, 3 takken",50,"Niet brandend","Daglicht","Droog",\N,\N,"Edisonstraat","Wijchen","Wijchen","Gelderland",false,51.818038,5.755641,"material damage only","4","clear",false,1,"GM0296"
"20220059805",2022,"Letsel",2,"Fiets","Fiets","Onbekend","Rechte weg",80,"Niet brandend","Daglicht","Droog",\N,"600917571","Capellelaan","Bergambacht","Krimpenerwaard","Zuid-Holland",false,51.936507,4.808042,"injury","2","clear",false,1,"GM1931"
"20220095716",2022,"Letsel",2,"Fiets","Scootmobiel","Flank","Rechte weg",30,"Niet aanwezig","Daglicht","Droog",\N,"399411116","Oude Wetering","Zwolle","Zwolle","Overijssel",false,52.536683,6.049962,"injury","2","clear",false,1,"GM0193"
"20220099460",2022,"Uitsluitend materiele schade",2,"Fiets","Personenauto","Frontaal","Rechte weg",60,"Niet aanwezig","Duisternis","Droog",\N,"319303003","Laagerfseweg","Woudenberg","Woudenberg","Utrecht",false,52.05142,5.455991,"material damage only","4","clear",false,1,"GM0351"
"20220018413",2022,"Letsel",2,"Fiets","Trein/tram","Flank","Rechte weg",50,"Niet brandend","Daglicht","Droog",\N,\N,"Professor B M Teldersweg","'s-Gravenhage","'s-Gravenhage","Zuid-Holland",false,52.095891,4.286263,"injury","2","clear",false,1,"GM0518"
"20220082472",2022,"Letsel",2,"Personenauto","e-bike","Frontaal","Kruispunt, 4 takken",30,"Niet aanwezig","Daglicht","Regen",\N,\N,"Magnoliastraat","'s-Gravenhage","'s-Gravenhage","Zuid-Holland",false,52.074721,4.261676,"injury","2","rain",false,1,"GM0518"
"20220101046",2022,"Uitsluitend materiele schade",2,"Personenauto","Fiets","Flank","Rechte weg",60,"Niet brandend","Daglicht",\N,\N,"600632729","Veenakkers","Wervershoof","Medemblik","Noord-Holland",false,52.711191,5.174781,"material damage only","4","unknown",false,1,"GM0420"
"20220018692",2022,"Letsel",2,"Snorfiets","Fiets","Flank","Kruispunt, 4 takken",\N,"Brandend","Duisternis","Droog",\N,\N,"Newtonstraat","'s-Gravenhage","'s-Gravenhage","Zuid-Holland",false,52.077401,4.287715,"injury","2","clear",false,1,"GM0518"
"20220027842",2022,"Uitsluitend materiele schade",2,"Fiets","Fiets","Onbekend","Rotonde",50,"Brandend","Duisternis",\N,\N,\N,"Willem de Zwijgerweg","Best","Best","Noord-Brabant",false,51.499324,5.382079,"material damage only","4","unknown",false,1,"GM0753"
"20220048386",2022,"Uitsluitend materiele schade",4,"Personenauto","Fiets","Onbekend","Kruispunt, 4 takken",30,"Brandend","Duisternis","Regen",\N,\N,"Oranjeweg","Kortenhoef","Wijdemeren","Noord-Holland",false,52.238648,5.114723,"material damage only","4","rain",false,1,"GM1696"
"20220055216",2022,"Letsel",2,"Motor","Fiets","Flank","Kruispunt, 4 takken",50,"Brandend","Duisternis","Droog",\N,\N,"Van Woustraat","Amsterdam","Amsterdam","Noord-Holland",false,52.351647,4.903158,"injury","2","clear",false,1,"GM0363"
"20220098687",2022,"Letsel",2,"Personenauto","Fiets","Flank","Rechte weg",50,"Niet brandend","Daglicht","Droog",\N,"600792435","Dorpsstraat","Doorn","Utrechtse Heuvelrug","Utrecht",false,52.034063,5.342797,"injury","2","clear",false,1,"GM1581"
"20220100430",2022,"Letsel",2,"Personenauto","Fiets","Flank","Kruispunt, 4 takken",50,"Niet brandend","Daglicht","Droog",\N,\N,"Gaffelstraat","Purmerend","Purmerend","Noord-Holland",false,52.50535,4.978888,"injury","2","clear",false,1,"GM0439"
"20220102791",2022,"Letsel",2,"Fiets","Voetganger","Voetganger","Bocht",30,"Niet aanwezig","Daglicht","Droog",\N,"268357001","'s-Gravelandseweg","Weesp","Amsterdam","Noord-Holland",false,52.294875,5.082976,"injury","2","clear",false,1,"GM0363"
"20220074842",2022,"Letsel",2,"Personenauto","Fiets","Flank","Kruispunt, 3 takken",60,"Niet brandend","Daglicht","Droog",\N,\N,"Brittanniëlaan","Hengelo","Hengelo (O)","Overijssel",false,52.292862,6.776754,"injury","2","clear",false,1,\N
"20220018800",2022,"Letsel",2,"Personenauto","e-bike","Flank","Rechte weg",50,"Brandend","Duisternis","Droog",\N,"157316137","Gevers Deynootweg","'s-Gravenhage","'s-Gravenhage","Zuid-Holland",false,52.108688,4.277247,"injury","2","clear",false,1,"GM0518"
"20220047416",2022,"Uitsluitend materiele schade",3,"Scootmobiel","Fiets","Flank","Rechte weg",30,"Niet brandend","Daglicht","Droog",\N,"474374029","Telgen","Wierden","Wierden","Overijssel",false,52.365645,6.596968,"material damage only","4","clear",false,1,"GM0189"
"20220050145",2022,"Uitsluitend materiele schade",2,"Personenauto","Fiets","Flank","Kruispunt, 4 takken",30,"Niet brandend","Daglicht","Droog",\N,\N,"Herenweg","Houten","Houten","Utrecht",false,52.02887,5.159753,"material damage only","4","clear",false,1,"GM0321"
"20220058904",2022,"Uitsluitend materiele schade",2,"Bromfiets","Fiets","Flank","Rechte weg",50,"Niet brandend","Daglicht","Droog",\N,"178336056","Rijnstraat","Katwijk","Katwijk","Zuid-Holland",false,52.196768,4.42433,"material damage only","4","clear",false,1,"GM0537"
"20220058987",2022,"Letsel",2,"Personenauto","Fiets","Flank","Kruispunt, 4 takken",50,"Niet brandend","Daglicht","Droog",\N,\N,"Bontekoestraat","'s-Gravenhage","'s-Gravenhage","Zuid-Holland",false,52.070235,4.326141,"injury","2","clear",false,1,"GM0518"
"20220099930",2022,"Uitsluitend materiele schade",3,"Bromfiets","Fiets","Onbekend","Kruispunt, 4 takken",50,"Niet brandend","Daglicht","Regen",\N,\N,"Amsterdamsestraatweg","Utrecht","Utrecht","Utrecht",false,52.105196,5.092227,"material damage only","4","rain",false,1,"GM0344"
"20220101553",2022,"Uitsluitend materiele schade",2,"e-bike","Personenauto","Flank","Kruispunt, 3 takken",50,"Niet brandend","Daglicht","Droog",\N,\N,"Edisonweg","Alkmaar","Alkmaar","Noord-Holland",false,52.62635,4.771969,"material damage only","4","clear",false,1,"GM0361"
"20220102337",2022,"Uitsluitend materiele schade",2,"Personenauto","e-bike","Onbekend","Rechte weg",50,"Niet aanwezig","Duisternis","Droog",\N,"600762712","Stadhouderskade","Amsterdam","Amsterdam","Noord-Holland",false,52.35839,4.889431,"material damage only","4","clear",false,1,"GM0363"
"20220104304",2022,"Letsel",1,"e-bike",\N,"Eenzijdig","Rechte weg",\N,"Niet brandend","Daglicht","Droog",\N,\N,"Pluvierstraat","'s-Gravenhage","'s-Gravenhage","Zuid-Holland",false,52.087105,4.253955,"injury","2","clear",false,1,"GM0518"
"20220104305",2022,"Letsel",2,"Motor","Fiets","Flank","Kruispunt, 3 takken",50,"Niet brandend","Daglicht","Droog",\N,\N,"Westvlietweg","Leidschendam","Leidschendam-Voorburg","Zuid-Holland",false,52.060501,4.35397,"injury","2","clear",false,1,"GM1916"
"20220105772",2022,"Letsel",1,"Fiets",\N,"Eenzijdig","Rechte weg",30,"Niet brandend","Daglicht",\N,"Brug/viaduct","165306083","Schoeplaan","'s-Gravenhage","'s-Gravenhage","Zuid-Holland",false,52.062879,4.335481,"injury","2","unknown",false,1,"GM0518"
"20220106213",2022,"Letsel",2,"Personenauto","Fiets","Flank","Kruispunt, 4 takken",50,"Niet brandend","Daglicht","Regen",\N,\N,"Dokter Van Zeelandstraat","Leidschendam","Leidschendam-Voorburg","Zuid-Holland",false,52.081636,4.392179,"injury","2","rain",false,1,"GM1916"
"20220047451",2022,"Letsel",1,"Fiets",\N,"Eenzijdig","Rechte weg",15,"Niet aanwezig","Daglicht","Droog",\N,"600934681","Lutterzandweg","de Lutte","Losser","Overijssel",false,52.337252,7.028085,"injury","2","clear",false,1,"GM0168"
"20220048694",2022,"Uitsluitend materiele schade",2,"Personenauto","Fiets","Flank","Rotonde",50,"Brandend","Duisternis","Droog",\N,\N,"Middellandbaan","Woerden","Woerden","Utrecht",false,52.080059,4.898115,"material damage only","4","clear",false,1,"GM0632"
"20220050284",2022,"Letsel",2,"Personenauto","e-bike","Flank","Kruispunt, 4 takken",30,"Niet brandend","Daglicht","Droog",\N,\N,"Bussummerweg","Blaricum","Blaricum","Noord-Holland",false,52.272172,5.239495,"injury","2","clear",false,1,"GM0376"
"20220059064",2022,"Uitsluitend materiele schade",2,"Personenauto","Fiets","Flank","Kruispunt, 3 takken",30,"Niet brandend","Daglicht","Droog",\N,\N,"Muldersstraat","Leiden","Leiden","Zuid-Holland",false,52.150071,4.477531,"material damage only","4","clear",false,1,"GM0546"
"20220063154",2022,"Letsel",2,"Personenauto","Fiets","Flank","Kruispunt, 4 takken",50,"Niet brandend","Daglicht","Droog",\N,\N,"Rusthoflaan","Rotterdam","Rotterdam","Zuid-Holland",false,51.93472,4.496873,"injury","2","clear",false,1,"GM0599"
"20220101988",2022,"Letsel",2,"Personenauto","Fiets","Geparkeerd voertuig","Rechte weg",50,"Brandend","Duisternis","Droog",\N,"600741801","Schotersingel","Haarlem","Haarlem","Noord-Holland",false,52.388745,4.6314,"injury","2","clear",false,1,"GM0392"
"20220015543",2022,"Uitsluitend materiele schade",2,"Personenauto","e-bike","Flank","Kruispunt, 4 takken",50,"Niet brandend","Daglicht","Droog",\N,\N,"Dr. H. Colijnstraat","Amsterdam","Amsterdam","Noord-Holland",false,52.378199,4.806595,"material damage only","4","clear",false,1,"GM0363"
"20220044283",2022,"Uitsluitend materiele schade",2,"Personenauto","Fiets","Flank","Kruispunt, 4 takken",50,"Niet brandend","Daglicht","Droog",\N,\N,"Agro Business Park","Wageningen","Wageningen","Gelderland",false,51.977473,5.648314,"material damage only","4","clear",false,1,"GM0289"
"20220053428",2022,"Uitsluitend materiele schade",2,"e-bike","e-bike","Flank","Kruispunt, 3 takken",30,"Niet aanwezig","Daglicht","Droog",\N,\N,"Deimoslaan","Heerhugowaard","Dijk en Waard","Noord-Holland",false,52.673235,4.833724,"material damage only","4","clear",false,1,"GM1980"
"20220103994",2022,"Letsel",2,"e-bike","Voetganger","Voetganger","Bocht",\N,"Niet aanwezig","Daglicht","Droog",\N,"170287008","Zuidblok","Delft","Delft","Zuid-Holland",false,51.976623,4.372013,"injury","2","clear",false,1,"GM0503"
"20220110129",2022,"Letsel",2,"Snorfiets","e-bike","Kop/staart","Kruispunt, 4 takken",50,"Niet brandend","Daglicht","Droog",\N,\N,"FIETSPAD","Goes","Goes","Zeeland",false,51.509806,3.884704,"injury","2","clear",false,1,"GM0664"
"20220110177",2022,"Letsel",3,"Fiets","Fiets","Onbekend","Rechte weg",50,"Niet brandend","Daglicht","Droog",\N,\N,"Rat Verleghstraat","Breda","Breda","Noord-Brabant",false,51.593731,4.754621,"injury","2","clear",false,1,"GM0758"
"20220110394",2022,"Uitsluitend materiele schade",2,"Personenauto","Fiets","Flank","Rotonde",30,"Niet brandend","Daglicht","Droog",\N,\N,"Gemullehoekenweg","Oisterwijk","Oisterwijk","Noord-Brabant",false,51.579934,5.200923,"material damage only","4","clear",false,1,"GM0824"
"20220075477",2022,"Letsel",2,"Personenauto","e-bike","Onbekend","Rechte weg",60,"Brandend","Duisternis","Droog",\N,\N,"Garderbroekerweg","Kootwijkerbroek","Barneveld","Gelderland",false,52.170509,5.640483,"injury","2","clear",false,1,"GM0203"
"20220048874",2022,"Uitsluitend materiele schade",2,"Snorfiets","e-bike","Frontaal","Kruispunt, 4 takken",\N,"Niet brandend","Daglicht","Droog",\N,\N,"Spoorbaanpad","Almere","Almere","Flevoland",false,52.362313,5.179577,"material damage only","4","clear",false,1,"GM0034"
"20220053492",2022,"Letsel",2,"Bestelauto","Fiets","Flank","Kruispunt, 4 takken",50,"Brandend","Daglicht","Droog",\N,\N,"Tersierstraat","Haarlem","Haarlem","Noord-Holland",false,52.362019,4.657158,"injury","2","clear",false,1,"GM0392"
"20220059177",2022,"Letsel",2,"e-bike","Fiets","Onbekend","Rechte weg",30,"Niet brandend","Daglicht","Droog",\N,"161309009","Zuilingstraat","'s-Gravenhage","'s-Gravenhage","Zuid-Holland",false,52.077004,4.302661,"injury","2","clear",false,1,"GM0518"
"20220066576",2022,"Uitsluitend materiele schade",2,"Personenauto","e-bike","Frontaal","Bocht",30,"Niet brandend","Daglicht",\N,\N,"344172077","Mahoniehoutstraat","Helmond","Helmond","Noord-Brabant",false,51.464207,5.638637,"material damage only","4","unknown",false,1,"GM0794"
"20220089030",2022,"Uitsluitend materiele schade",2,"Personenauto","e-bike","Flank","Kruispunt, 3 takken",50,"Niet brandend","Daglicht","Droog",\N,\N,"Collse Hoefdijk","Nuenen","Nuenen, Gerwen en Nederwetten","Noord-Brabant",false,51.453094,5.550989,"material damage only","4","clear",false,1,"GM0820"
"20220109506",2022,"Uitsluitend materiele schade",1,"Fiets",\N,"Onbekend","Rechte weg",80,"Niet aanwezig","Daglicht","Droog",\N,"245159003","Ghil","Baarle-Nassau","Baarle-Nassau","Noord-Brabant",false,51.402808,4.921782,"material damage only","4","clear",false,1,"GM0744"
"20220113034",2022,"Uitsluitend materiele schade",2,"Personenauto","Fiets","Onbekend",\N,\N,\N,"Daglicht",\N,\N,\N,"Heukelom","Afferden L","Bergen (L)","Limburg",false,51.618595,6.031416,"material damage only","4","unknown",false,1,\N
"20220035352",2022,"Letsel",2,"Personenauto","Fiets","Flank","Kruispunt, 4 takken",50,"Niet brandend","Daglicht","Droog",\N,\N,"Overtonweg","Haarlem","Haarlem","Noord-Holland",false,52.402982,4.646828,"injury","2","clear",false,1,"GM0392"
"20220047605",2022,"Uitsluitend materiele schade",2,"Snorfiets","Fiets","Onbekend","Kruispunt, 4 takken",30,"Niet brandend","Daglicht","Droog",\N,\N,"Deurningerstraat","Oldenzaal","Oldenzaal","Overijssel",false,52.311647,6.924349,"material damage only","4","clear",false,1,"GM0173"
"20230002528",2023,"Dodelijk",2,"Bestelauto","e-bike","Flank","Kruispunt, 4 takken",80,"Niet brandend","Daglicht","Droog",\N,\N,"Westerkoogdijk","Schardam","Edam-Volendam","Noord-Holland",false,52.591754,5.001348,"fatal","1","clear",false,1,"GM0385"
"20230087845",2023,"Uitsluitend materiele schade",2,"Bromfiets","Fiets","Onbekend",\N,\N,\N,"Duisternis",\N,\N,"237359038","Mr G G v Prinstererln","Amstelveen","Amstelveen","Noord-Holland",false,52.30634,4.858016,"material damage only","4","unknown",false,1,"GM0362"
"20230113087",2023,"Letsel",1,"Fiets",\N,"Eenzijdig",\N,30,\N,"Daglicht",\N,\N,"148291119","Dijkweg","Naaldwijk","Westland","Zuid-Holland",false,51.996483,4.210229,"injury","2","unknown",false,1,"GM1783"
"20230000348",2023,"Letsel",3,"Fiets","Fiets","Onbekend","Bocht",80,"Brandend","Duisternis","Regen",\N,\N,"BRAAMWEG","Deventer","Lochem","Gelderland",false,52.229998,6.188044,"injury","2","rain",false,1,"GM0262"
"20230001391",2023,"Letsel",2,"Personenauto","Fiets","Flank","Kruispunt, 4 takken",80,"Niet brandend","Daglicht","Regen",\N,\N,"Stadsrondweg-Zuid","Sneek","Súdwest-Fryslân","Friesland",false,53.032551,5.637671,"injury","2","rain",false,1,"GM1900"
"20230011399",2023,"Letsel",2,"Personenauto","Fiets","Flank","Rotonde",50,"Niet brandend","Daglicht","Regen",\N,\N,"Zerboltstraat","Zwolle","Zwolle","Overijssel",false,52.520773,6.106103,"injury","2","rain",false,1,"GM0193"
"20230096851",2023,"Letsel",1,"Fiets",\N,"Eenzijdig",\N,\N,\N,"Duisternis",\N,\N,"287312001","Utrechtseweg","Zeist","Zeist","Utrecht",false,52.092941,5.222247,"injury","2","unknown",false,1,"GM0355"
"20230001455",2023,"Letsel",2,"Personenauto","Fiets","Frontaal","Rotonde",50,"Niet brandend","Daglicht","Droog",\N,\N,"Bleeklaan","Leeuwarden","Leeuwarden","Friesland",false,53.202783,5.809736,"injury","2","clear",false,1,"GM0080"
"20230001104",2023,"Uitsluitend materiele schade",2,"Personenauto","Fiets","Flank","Kruispunt, 4 takken",15,"Brandend","Duisternis","Droog",\N,\N,"Tiemeister","Enschede","Enschede","Overijssel",false,52.203013,6.894901,"material damage only","4","clear",false,1,"GM0153"
"20230009150",2023,"Uitsluitend materiele schade",2,"Personenauto","e-bike","Onbekend","Rotonde",50,"Niet brandend","Daglicht","Droog",\N,\N,"St.Pieterstraat","Kerkrade","Kerkrade","Limburg",false,50.878568,6.062844,"material damage only","4","clear",false,1,"GM0928"
"20230003571",2023,"Uitsluitend materiele schade",2,"Personenauto","Fiets","Frontaal","Rechte weg",30,"Brandend","Duisternis","Droog",\N,"269267177","Veerstoep","Leerdam","Vijfheerenlanden","Utrecht",false,51.889432,5.091121,"material damage only","4","clear",false,1,"GM1961"
"20230100789",2023,"Uitsluitend materiele schade",2,"Fiets","Personenauto","Onbekend",\N,30,\N,"Daglicht",\N,\N,"392142010","Ruijsstraat","Panningen","Peel en Maas","Limburg",false,51.327997,5.983853,"material damage only","4","unknown",false,1,"GM1894"
"20230002370",2023,"Uitsluitend materiele schade",2,"Fiets","Fiets","Onbekend","Rotonde",50,"Niet brandend","Daglicht","Droog",\N,\N,"Stadswei","Harderwijk","Harderwijk","Gelderland",false,52.342929,5.613612,"material damage only","4","clear",false,1,"GM0243"
"20230002837",2023,"Letsel",2,"Personenauto","Fiets","Flank","Kruispunt, 3 takken",30,"Niet brandend","Daglicht","Droog",\N,\N,"Tolgaarderserf","Houten","Houten","Utrecht",false,52.023863,5.168197,"injury","2","clear",false,1,"GM0321"
"20240000015",2024,"Uitsluitend materiele schade",2,"Fiets","Fiets","Flank","Kruispunt, 4 takken",\N,"Brandend","Duisternis","Droog",\N,\N,"Koopvaardijstraat","Tilburg","Tilburg","Noord-Brabant",false,51.553337,5.089983,"material damage only","4","clear",false,1,"GM0855"
"20230004167",2023,"Uitsluitend materiele schade",2,"Personenauto","Fiets","Flank","Kruispunt, 4 takken",30,"Brandend","Duisternis","Regen",\N,\N,"EENHOORNSLUIS 0313","Amsterdam","Amsterdam","Noord-Holland",false,52.381372,4.889511,"material damage only","4","rain",false,1,"GM0363"
"20230011337",2023,"Uitsluitend materiele schade",2,"Bromfiets","Fiets","Frontaal","Rechte weg",30,"Niet brandend","Schemer","Regen",\N,"381415003","Voorstraat","Kampen","Kampen","Overijssel",false,52.558088,5.918026,"material damage only","4","rain",false,1,"GM0166"
"20230004365",2023,"Uitsluitend materiele schade",2,"Personenauto","Fiets","Onbekend","Rechte weg",30,"Brandend","Duisternis","Droog",\N,"242375037","Singel","Amsterdam","Amsterdam","Noord-Holland",false,52.375698,4.890969,"material damage only","4","clear",false,1,"GM0363"
"20230005265",2023,"Letsel",1,"Fiets",\N,"Eenzijdig","Rechte weg",50,"Niet brandend","Daglicht","Droog",\N,"191328023","Touwbaan","Leiderdorp","Leiderdorp","Zuid-Holland",false,52.162461,4.521349,"injury","2","clear",false,1,"GM0547"
"20230001284",2023,"Letsel",3,"Personenauto","Fiets","Onbekend","Rechte weg",60,"Niet aanwezig","Daglicht","Droog",\N,"386419021","Tuindersweg","IJsselmuiden","Kampen","Overijssel",false,52.576766,5.958098,"injury","2","clear",false,1,"GM0166"
"20230005347",2023,"Letsel",2,"Fiets","Fiets","Flank","Rechte weg",30,"Niet brandend","Daglicht","Droog",\N,"225284004","Tentweg","Stolwijk","Krimpenerwaard","Zuid-Holland",false,51.964252,4.776822,"injury","2","clear",false,1,"GM1931"
"20230006658",2023,"Letsel",2,"Bus","Fiets","Flank","Kruispunt, 3 takken",50,"Niet brandend","Daglicht","Regen",\N,\N,"Johann Sebastian Bachstr","Ridderkerk","Ridderkerk","Zuid-Holland",false,51.886941,4.600667,"injury","2","rain",false,1,"GM0597"
"20230006991",2023,"Letsel",2,"Snorfiets","Fiets","Kop/staart","Kruispunt, 4 takken",30,"Niet brandend","Daglicht","Regen",\N,\N,"Mijnsherenlaan","Rotterdam","Rotterdam","Zuid-Holland",false,51.889887,4.487563,"injury","2","rain",false,1,"GM0599"
"20230002524",2023,"Letsel",2,"Personenauto","Fiets","Flank","Kruispunt, 4 takken",50,"Brandend","Duisternis","Droog",\N,\N,"Stationsweg","Heiloo","Heiloo","Noord-Holland",false,52.598455,4.708802,"injury","2","clear",false,1,"GM0399"
"20230003918",2023,"Uitsluitend materiele schade",2,"Fiets","Personenauto","Flank","Kruispunt, 4 takken",50,"Niet brandend","Daglicht","Droog",\N,\N,"Wibautstraat","Amsterdam","Amsterdam","Noord-Holland",false,52.35751,4.910081,"material damage only","4","clear",false,1,"GM0363"
"20230003921",2023,"Uitsluitend materiele schade",2,"Bestelauto","Fiets","Flank","Rechte weg",30,"Niet brandend","Daglicht","Droog",\N,"245372067","Sarphatistraat","Amsterdam","Amsterdam","Noord-Holland",false,52.362285,4.913571,"material damage only","4","clear",false,1,"GM0363"
"20230005649",2023,"Letsel",2,"Snorfiets","Fiets","Flank","Kruispunt, 3 takken",50,"Niet brandend","Daglicht","Regen",\N,\N,"Mekelweg","Delft","Delft","Zuid-Holland",false,52.002166,4.371924,"injury","2","rain",false,1,"GM0503"
"20230072623",2023,"Dodelijk",2,"Fiets","Personenauto","Frontaal","Kruispunt, 3 takken",60,"Niet brandend","Daglicht","Droog",\N,\N,"Asserstraat","Rolde","Aa en Hunze","Drenthe",false,52.990264,6.621927,"fatal","1","clear",false,1,"GM1680"
"20230002124",2023,"Uitsluitend materiele schade",2,"Personenauto","Fiets","Flank","Kruispunt, 3 takken",30,"Niet brandend","Daglicht","Droog",\N,\N,"Hessenweg","Hattem","Hattem","Gelderland",false,52.476968,6.055584,"material damage only","4","clear",false,1,"GM0244"
"20230005949",2023,"Letsel",1,"Fiets",\N,"Eenzijdig","Kruispunt, 4 takken",50,"Niet brandend","Daglicht","Droog",\N,\N,"Leidseweg","Leiden","Leiden","Zuid-Holland",false,52.150463,4.463808,"injury","2","clear",false,1,"GM0546"
"20230007226",2023,"Uitsluitend materiele schade",2,"Personenauto","Fiets","Flank","Kruispunt, 4 takken",50,"Niet brandend","Daglicht","Regen",\N,\N,"Kompasstraat","'s-Gravenhage","'s-Gravenhage","Zuid-Holland",false,52.104613,4.270722,"material damage only","4","rain",false,1,"GM0518"
"20230004740",2023,"Uitsluitend materiele schade",2,"Personenauto","Fiets","Flank","Kruispunt, 3 takken",30,"Niet brandend","Daglicht","Droog",\N,\N,"Transvaalstraat","Haarlem","Haarlem","Noord-Holland",false,52.395326,4.650554,"material damage only","4","clear",false,1,"GM0392"
"20230005976",2023,"Letsel",1,"Fiets",\N,"Eenzijdig","Rechte weg",50,"Brandend","Duisternis","Droog",\N,"600684261","Sportlaan","Pijnacker","Pijnacker-Nootdorp","Zuid-Holland",false,52.025644,4.421635,"injury","2","clear",false,1,"GM1926"
"20230005996",2023,"Letsel",1,"Fiets",\N,"Eenzijdig","Rechte weg",30,"Niet aanwezig","Daglicht","Regen",\N,"600957072","Parnashofweg","Leidschendam","Leidschendam-Voorburg","Zuid-Holland",false,52.097236,4.41549,"injury","2","rain",false,1,"GM1916"
"20230006249",2023,"Letsel",3,"Personenauto","Fiets","Onbekend","Rechte weg",60,"Brandend","Duisternis","Droog",\N,"600762963","De Hoogt","Goudriaan","Molenlanden","Zuid-Holland",false,51.893304,4.912997,"injury","2","clear",false,1,"GM1978"
"20230007964",2023,"Uitsluitend materiele schade",2,"Personenauto","Fiets","Onbekend","Rechte weg",50,"Niet brandend","Daglicht","Droog",\N,\N,"Talmastraat","Waalwijk","Waalwijk","Noord-Brabant",false,51.691612,5.083465,"material damage only","4","clear",false,1,"GM0867"
"20230008899",2023,"Uitsluitend materiele schade",2,"Personenauto","e-bike","Los voorwerp","Kruispunt, 4 takken",70,"Niet brandend","Daglicht","Droog",\N,\N,"Keizer Karel V Singel","Eindhoven","Eindhoven","Noord-Brabant",false,51.427689,5.463839,"material damage only","4","clear",false,1,"GM0772"
"20230010759",2023,"Uitsluitend materiele schade",2,"Personenauto","Fiets","Flank","Kruispunt, 3 takken",50,"Niet brandend","Daglicht","Droog",\N,\N,"Rogmolewei","IJlst","Súdwest-Fryslân","Friesland",false,53.015178,5.622621,"material damage only","4","clear",false,1,"GM1900"
"20230010056",2023,"Letsel",2,"Snorfiets","Fiets","Flank","Kruispunt, 3 takken",50,"Niet brandend","Daglicht","Regen",\N,\N,"Eendenveld","Emmen","Emmen","Drenthe",false,52.748263,6.881647,"injury","2","rain",false,1,"GM0114"