"accident_id","year","severity_raw","party_count","party1_type","party2_type","accident_type","road_situation","speed_limit_kmh","road_lighting","light_condition_label","weather_raw","infra_type","road_segment_id","street_name","place_name","gemeente_name_raw","province","alcohol_indicated","latitude","longitude","severity_label","severity_code","weather_label","built_up_area","cyclists_involved","gemeente_code"
"20230011072",2023,"Letsel",2,"Personenauto","Fiets","Flank","Kruispunt, 4 takken",50,"Niet brandend","Daglicht","Droog",\N,\N,"Oude Apeldoornseweg","Apeldoorn","Apeldoorn","Gelderland",false,52.181641,5.969912,"injury","2","clear",false,1,"GM0200"
"20230049082",2023,"Letsel",1,"Fiets",\N,"Eenzijdig",\N,50,\N,"Daglicht",\N,\N,"600393879","Tanthofdreef","Delft","Delft","Zuid-Holland",false,51.98781,4.365641,"injury","2","unknown",false,1,"GM0503"
"20230012595",2023,"Uitsluitend materiele schade",2,"Personenauto","Fiets","Kop/staart","Rechte weg",50,"Brandend","Daglicht",\N,\N,"350367001","Parallelweg","Hierden","Harderwijk","Gelderland",false,52.343283,5.688797,"material damage only","4","unknown",false,1,"GM0243"
"20230021278",2023,"Letsel",1,"Fiets",\N,"Eenzijdig",\N,30,\N,"Duisternis",\N,\N,"163310107","Wijnhaven","'s-Gravenhage","'s-Gravenhage","Zuid-Holland",false,52.078547,4.319321,"injury","2","unknown",false,1,"GM0518"
"20230032998",2023,"Uitsluitend materiele schade",2,"Personenauto","Fiets","Onbekend",\N,\N,\N,"Daglicht",\N,\N,"397038112","Heerlenersteenweg","Kerkrade","Kerkrade","Limburg",false,50.86113,6.012039,"material damage only","4","unknown",false,1,"GM0928"
"20230004295",2023,"Uitsluitend materiele schade",2,"Personenauto","Fiets","Frontaal","Kruispunt, 4 takken",50,"Niet brandend","Daglicht","Droog",\N,\N,"Arthur van Schendellaan","Uithoorn","Uithoorn","Noord-Holland",false,52.250635,4.823361,"material damage only","4","clear",false,1,"GM0451"
"20240012843",2024,"Letsel",2,"Fiets","Personenauto","Onbekend","Kruispunt, 4 takken",50,"Brandend","Duisternis","Droog",\N,\N,"Wassenaarseweg","'s-Gravenhage","'s-Gravenhage","Zuid-Holland",false,52.093197,4.321803,"injury","2","clear",false,1,"GM0518"
"20240036087",2024,"Letsel",3,"Personenauto","Fiets","Flank","Rechte weg",50,"Niet brandend","Daglicht","Droog",\N,"406539012","Noorderdwarsvaart","Drachten","Smallingerland","Friesland",false,53.109843,6.108336,"injury","2","clear",false,1,"GM0090"
"20240009099",2024,"Uitsluitend materiele schade",2,"Personenauto","Fiets","Flank","Kruispunt, 3 takken",50,"Brandend","Duisternis","Regen",\N,\N,"Apeldoornseweg","Arnhem","Arnhem","Gelderland",false,51.988612,5.908057,"material damage only","4","rain",false,1,"GM0202"
"20240020882",2024,"Letsel",1,"Fiets",\N,"Eenzijdig","Kruispunt, 4 takken",30,"Niet brandend","Daglicht","Droog",\N,\N,"Sint Jorisweg","Delft","Delft","Zuid-Holland",false,52.021889,4.357978,"injury","2","clear",false,1,"GM0503"
"20240039399",2024,"Letsel",2,"Bus","Fiets","Flank","Kruispunt, 3 takken",50,"Brandend","Duisternis","Regen",\N,\N,"Brabantsestraat","Amersfoort","Amersfoort","Utrecht",false,52.159939,5.377807,"injury","2","rain",false,1,"GM0307"
"20240034428",2024,"Letsel",2,"Fiets","Personenauto","Flank","Kruispunt, 3 takken",30,"Niet brandend","Schemer","Droog",\N,\N,"Landjuweel","Etten-Leur","Etten-Leur","Noord-Brabant",false,51.590627,4.657817,"injury","2","clear",false,1,"GM0777"
"20240034878",2024,"Uitsluitend materiele schade",2,"Personenauto","Fiets","Onbekend","Kruispunt, 4 takken",30,"Niet brandend","Daglicht","Droog",\N,\N,"Biesbosch","Helmond","Helmond","Noord-Brabant",false,51.46947,5.701609,"material damage only","4","clear",false,1,"GM0794"
"20240039941",2024,"Uitsluitend materiele schade",2,"Bestelauto","Fiets","Onbekend","Kruispunt, 4 takken",30,"Niet brandend","Daglicht","Droog",\N,\N,"Meer en Vaart","Amsterdam","Amsterdam","Noord-Holland",false,52.362511,4.805888,"material damage only","4","clear",false,1,"GM0363"
"20240032799",2024,"Uitsluitend materiele schade",2,"Personenauto","Fiets","Frontaal","Kruispunt, 4 takken",30,"Brandend","Duisternis","Droog",\N,\N,"Pigmentsingel","Zoetermeer","Zoetermeer","Zuid-Holland",false,52.041338,4.481607,"material damage only","4","clear",false,1,"GM0637"
"20240015067",2024,"Letsel",2,"Personenauto","Fiets","Flank","Kruispunt, 3 takken",50,"Niet brandend","Daglicht","Droog",\N,\N,"Anna van Burenstraat","Breda","Breda","Noord-Brabant",false,51.596615,4.781423,"injury","2","clear",false,1,"GM0758"
"20240017522",2024,"Letsel",2,"Personenauto","Fiets","Frontaal","Kruispunt, 4 takken",30,"Niet brandend","Daglicht","Droog",\N,\N,"Ezingerweg","Meppel","Meppel","Drenthe",false,52.69364,6.199858,"injury","2","clear",false,1,"GM0119"
"20240037373",2024,"Uitsluitend materiele schade",2,"Personenauto","Fiets","Flank","Bocht",30,"Niet brandend","Daglicht","Droog",\N,"600870462","Hemstukken","Eelde","Tynaarlo","Drenthe",false,53.14026,6.548432,"material damage only","4","clear",false,1,"GM1730"
"20240020204",2024,"Letsel",2,"Personenauto","Fiets","Flank","Kruispunt, 4 takken",50,"Niet brandend","Daglicht","Droog",\N,\N,"Hengelolaan","'s-Gravenhage","'s-Gravenhage","Zuid-Holland",false,52.047346,4.268001,"injury","2","clear",false,1,"GM0518"
"20240024489",2024,"Uitsluitend materiele schade",2,"Personenauto","Fiets","Flank","Rotonde",30,"Niet brandend","Daglicht","Droog",\N,\N,"B Godschalxstr","'s-Hertogenbosch","'s-Hertogenbosch","Noord-Brabant",false,51.722669,5.314039,"material damage only","4","clear",false,1,"GM0796"
"20240024498",2024,"Letsel",2,"Fiets","Voetganger","Onbekend","Rechte weg",50,"Brandend","Daglicht","Droog",\N,"600421260","Stationstunnel","Roermond","Roermond","Limburg",false,51.191972,5.99411,"injury","2","clear",false,1,"GM0957"
"20240020813",2024,"Letsel",1,"Fiets",\N,"Eenzijdig","Rechte weg",\N,"Brandend","Duisternis","Droog",\N,"229376127","Ruys de Beerenbrouckstr","Amsterdam","Amsterdam","Noord-Holland",false,52.38232,4.79818,"injury","2","clear",false,1,"GM0363"
"20240025849",2024,"Uitsluitend materiele schade",2,"Personenauto","Fiets","Flank","Kruispunt, 4 takken",50,"Brandend","Schemer","Droog",\N,\N,"Provincialeweg Oost","Geldermalsen","West Betuwe","Gelderland",false,51.87454,5.288156,"material damage only","4","clear",false,1,"GM1960"
"20240028254",2024,"Uitsluitend materiele schade",2,"Personenauto","Fiets","Onbekend","Kruispunt, 3 takken",50,"Niet brandend","Daglicht","Droog",\N,\N,"Eendrachtstraat","Wormer","Wormerland","Noord-Holland",false,52.490756,4.812447,"material damage only","4","clear",false,1,"GM0880"
"20240032458",2024,"Letsel",2,"Snorfiets","Fiets","Flank","Kruispunt, 3 takken",50,"Niet brandend","Daglicht","Droog",\N,\N,"Westvlietweg","'s-Gravenhage","'s-Gravenhage","Zuid-Holland",false,52.064788,4.363647,"injury","2","clear",false,1,"GM0518"
"20240035168",2024,"Dodelijk",2,"Bestelauto","Fiets","Onbekend","Rechte weg",60,"Niet brandend","Schemer","Droog",\N,"334242007","Valendonkstraat","Berghem","Oss","Noord-Brabant",false,51.780432,5.571384,"fatal","1","clear",false,1,"GM0828"
"20220155859",2022,"Letsel",2,"Fiets","Fiets","Kop/staart","Rechte weg",60,"Niet brandend","Daglicht","Droog",\N,"159282008","Duifpolder","Maasland","Midden-Delfland","Zuid-Holland",false,51.954332,4.302497,"injury","2","clear",false,1,"GM1842"
"20220176626",2022,"Uitsluitend materiele schade",2,"Personenauto","Fiets","Flank","Kruispunt, 4 takken",50,"Niet brandend","Daglicht","Droog",\N,\N,"Vrijheidslaan","Amsterdam","Amsterdam","Noord-Holland",false,52.347195,4.91141,"material damage only","4","clear",false,1,"GM0363"
"20220176699",2022,"Letsel",2,"Fiets","Fiets","Onbekend",\N,50,"Niet brandend","Daglicht","Droog",\N,\N,"Prins Hendrikkade","Amsterdam","Amsterdam","Noord-Holland",false,52.374111,4.905476,"injury","2","clear",false,1,"GM0363"
"20220178002",2022,"Letsel",3,"Motor","Fiets","Flank","Kruispunt, 3 takken",50,"Niet brandend","Daglicht","Droog",\N,\N,"Wibautstraat","Amsterdam","Amsterdam","Noord-Holland",false,52.349748,4.916804,"injury","2","clear",false,1,"GM0363"
"20220120491",2022,"Letsel",2,"Fiets","Fiets","Onbekend","Rechte weg",\N,"Niet brandend","Daglicht","Droog",\N,"600182616","Franse Kampweg","Hilversum","Hilversum","Noord-Holland",false,52.257616,5.150369,"injury","2","clear",false,1,"GM0402"
"20220124392",2022,"Letsel",2,"Personenauto","Fiets","Frontaal","Rechte weg",80,"Niet brandend","Daglicht","Droog",\N,"150297021","Wateringseweg","Poeldijk","Westland","Zuid-Holland",false,52.021467,4.231501,"injury","2","clear",false,1,"GM1783"
"20220140356",2022,"Letsel",2,"Fiets","Fiets","Onbekend","Rechte weg",50,"Niet brandend","Daglicht","Droog",\N,"219462004","Grote Sloot","Sint Maartensbrug","Schagen","Noord-Holland",false,52.772594,4.721471,"injury","2","clear",false,1,"GM0441"
"20220145624",2022,"Letsel",3,"Fiets","Fiets","Onbekend","Rechte weg",50,"Niet brandend","Daglicht","Droog",\N,"185275125","Goudsesingel","Rotterdam","Rotterdam","Zuid-Holland",false,51.924753,4.485869,"injury","2","clear",false,1,"GM0599"
"20220147718",2022,"Uitsluitend materiele schade",2,"Personenauto","Fiets","Flank","Rechte weg",50,"Niet brandend","Daglicht","Droog",\N,"178187012","Sportstraat","Roosendaal","Roosendaal","Noord-Brabant",false,51.52737,4.441942,"material damage only","4","clear",false,1,"GM1674"
"20220149259",2022,"Uitsluitend materiele schade",2,"Bus","Fiets","Flank","Rotonde",50,"Niet brandend","Daglicht","Droog",\N,\N,"van Tuldenstraat","Oirschot","Oirschot","Noord-Brabant",false,51.505986,5.314732,"material damage only","4","clear",false,1,"GM0823"
"20220178404",2022,"Letsel",2,"Motor","Fiets","Flank","Kruispunt, 4 takken",50,"Niet brandend","Daglicht","Droog",\N,\N,"Loosduinseweg","'s-Gravenhage","'s-Gravenhage","Zuid-Holland",false,52.073901,4.296245,"injury","2","clear",false,1,"GM0518"
"20220180840",2022,"Letsel",2,"e-bike","Fiets","Geparkeerd voertuig","Bocht",30,"Niet brandend","Daglicht","Droog","Parkeervoorziening","196346085","Rembrandtplein","Lisse","Lisse","Zuid-Holland",false,52.245388,4.55666,"injury","2","clear",false,1,"GM0553"
"20220184705",2022,"Letsel",2,"e-bike","Personenauto","Onbekend","Kruispunt, 3 takken",50,"Niet brandend","Daglicht","Droog",\N,\N,"Harwichweg","Hoek van Holland","Rotterdam","Zuid-Holland",false,51.984913,4.129285,"injury","2","clear",false,1,"GM0599"
"20220187108",2022,"Letsel",2,"Bestelauto","Fiets","Flank","Kruispunt, 4 takken",30,"Niet brandend","Daglicht","Droog",\N,\N,"Academielaan","Tilburg","Tilburg","Noord-Brabant",false,51.560645,5.056608,"injury","2","clear",false,1,"GM0855"
"20220121936",2022,"Letsel",1,"Fiets",\N,"Eenzijdig","Rechte weg",30,"Brandend","Duisternis","Droog",\N,"600745322","A. Hofmanweg","Haarlem","Haarlem","Noord-Holland",false,52.392692,4.667195,"injury","2","clear",false,1,"GM0392"
"20220126707",2022,"Letsel",2,"Fiets","Scootmobiel","Kop/staart","Rechte weg",50,"Niet brandend","Daglicht","Droog","Tunnel",\N,"Haagse Schouwweg","Leiden","Leiden","Zuid-Holland",false,52.163546,4.458388,"injury","2","clear",false,1,"GM0546"
"20220126711",2022,"Letsel",2,"Personenauto","Fiets","Voetganger","Kruispunt, 4 takken",50,"Brandend","Duisternis","Droog",\N,\N,"Veluweplein","'s-Gravenhage","'s-Gravenhage","Zuid-Holland",false,52.059102,4.291981,"injury","2","clear",false,1,"GM0518"
"20220128104",2022,"Uitsluitend materiele schade",2,"Fiets","Scootmobiel","Flank","Kruispunt, 4 takken",\N,"Niet brandend","Daglicht","Droog",\N,\N,"President Rooseveltweg","Rotterdam","Rotterdam","Zuid-Holland",false,51.959298,4.547855,"material damage only","4","clear",false,1,"GM0599"
"20220135965",2022,"Uitsluitend materiele schade",2,"Bromfiets","e-bike","Frontaal","Rechte weg",70,"Niet brandend","Daglicht","Droog",\N,"483369019","Rembrandtlaan","Almelo","Almelo","Overijssel",false,52.344082,6.658618,"material damage only","4","clear",false,1,"GM0141"
"20220142069",2022,"Uitsluitend materiele schade",2,"Personenauto","Fiets","Flank","Rechte weg",30,"Niet brandend","Daglicht","Droog",\N,"600363084","Spuistraat","Amsterdam","Amsterdam","Noord-Holland",false,52.374712,4.890643,"material damage only","4","clear",false,1,"GM0363"
"20220144612",2022,"Letsel",2,"Fiets","Voetganger","Voetganger","Rechte weg",50,"Niet brandend","Daglicht","Droog",\N,"163310134","Bezuidenhoutseweg","'s-Gravenhage","'s-Gravenhage","Zuid-Holland",false,52.081576,4.321027,"injury","2","clear",false,1,"GM0518"
"20220158119",2022,"Uitsluitend materiele schade",2,"Personenauto","e-bike","Onbekend","Rotonde",50,"Niet brandend","Daglicht","Droog",\N,\N,"OVERSCHIE 13","Rotterdam","Rotterdam","Zuid-Holland",false,51.932341,4.438228,"material damage only","4","clear",false,1,"GM0599"
"20220177795",2022,"Letsel",2,"Fiets","Fiets","Flank","Kruispunt, 3 takken",\N,"Niet brandend","Daglicht","Droog",\N,\N,"Vikingpad","Amsterdam","Amsterdam","Noord-Holland",true,52.40598,4.908035,"injury","2","clear",false,1,"GM0363"
"20220178099",2022,"Uitsluitend materiele schade",2,"Personenauto","Fiets","Onbekend","Kruispunt, 3 takken",\N,"Niet brandend","Daglicht","Droog",\N,\N,"Plesmanlaan","Amsterdam","Amsterdam","Noord-Holland",false,52.351302,4.824249,"material damage only","4","clear",false,1,"GM0363"
"20220180270",2022,"Letsel",2,"Bestelauto","Fiets","Geparkeerd voertuig","Rechte weg",50,"Niet brandend","Daglicht","Droog",\N,"182321081","Leidseweg","Voorschoten","Voorschoten","Zuid-Holland",false,52.131971,4.458553,"injury","2","clear",false,1,"GM0626"
"20220180899",2022,"Letsel",1,"Fiets",\N,"Eenzijdig","Rechte weg",50,"Niet brandend","Daglicht","Droog",\N,"185301124","Juweellaan","Zoetermeer","Zoetermeer","Zuid-Holland",false,52.041738,4.47804,"injury","2","clear",false,1,"GM0637"
"20220120704",2022,"Uitsluitend materiele schade",2,"Personenauto","Fiets","Flank","Kruispunt, 4 takken",50,"Niet brandend","Daglicht","Droog",\N,\N,"Argonweg","Almere","Almere","Flevoland",false,52.352647,5.171486,"material damage only","4","clear",false,1,"GM0034"
"20220125907",2022,"Letsel",1,"Fiets",\N,"Eenzijdig","Rechte weg",50,"Niet brandend","Daglicht","Droog",\N,"156313084","Westduinweg","'s-Gravenhage","'s-Gravenhage","Zuid-Holland",false,52.092868,4.26712,"injury","2","clear",false,1,"GM0518"
"20220128193",2022,"Uitsluitend materiele schade",2,"Personenauto","Fiets","Onbekend","Kruispunt, 4 takken",50,"Niet brandend","Daglicht","Droog",\N,\N,"Beijerlandselaan","Rotterdam","Rotterdam","Zuid-Holland",false,51.899308,4.510442,"material damage only","4","clear",false,1,"GM0599"
"20220136029",2022,"Uitsluitend materiele schade",3,"Fiets","Scootmobiel","Onbekend","Rechte weg",80,"Niet aanwezig","Daglicht","Droog",\N,"600481238","Witmoesdijk","Rijssen","Rijssen-Holten","Overijssel",false,52.311,6.539674,"material damage only","4","clear",false,1,"GM1742"
"20220138901",2022,"Uitsluitend materiele schade",2,"Fiets","Personenauto","Flank","Rotonde",50,"Niet brandend","Daglicht","Droog",\N,\N,"Veenweg","Mijdrecht","De Ronde Venen","Utrecht",false,52.206861,4.886778,"material damage only","4","clear",false,1,"GM0736"
"20220142096",2022,"Letsel",2,"Snorfiets","Fiets","Frontaal","Rechte weg",30,"Brandend","Duisternis","Droog",\N,"232372001","Christoffel Plantijnpad","Amsterdam","Amsterdam","Noord-Holland",false,52.362256,4.821995,"injury","2","clear",false,1,"GM0363"
"20220153728",2022,"Uitsluitend materiele schade",2,"Personenauto","Fiets","Flank","Rotonde",50,"Niet brandend","Daglicht","Droog",\N,\N,"Steenhoffstraat","Soest","Soest","Utrecht",false,52.181573,5.304071,"material damage only","4","clear",false,1,"GM0342"
"20220156262",2022,"Letsel",2,"Fiets","Overig vast object","Vast voorwerp","Bocht",30,"Brandend","Duisternis","Droog","Brug/viaduct","170294172","Oostpoort","Delft","Delft","Zuid-Holland",false,52.01042,4.368768,"injury","2","clear",false,1,"GM0503"
"20220177885",2022,"Uitsluitend materiele schade",2,"Snorfiets","Fiets","Frontaal","Rechte weg",30,"Brandend","Duisternis","Regen",\N,"233371106","Pieter Calandlaan","Amsterdam","Amsterdam","Noord-Holland",false,52.35619,4.825653,"material damage only","4","rain",false,1,"GM0363"
"20220179733",2022,"Letsel",2,"Personenauto","Fiets","Frontaal","Rechte weg",60,"Niet brandend","Daglicht","Droog",\N,\N,"Buitenkerk","Bodegraven","Bodegraven-Reeuwijk","Zuid-Holland",false,52.097672,4.7386,"injury","2","clear",false,1,"GM1901"
"20220128267",2022,"Uitsluitend materiele schade",2,"Trein/tram","Fiets","Flank","Kruispunt, 3 takken",50,"Niet brandend","Daglicht","Droog",\N,\N,"Kruisplein","Rotterdam","Rotterdam","Zuid-Holland",false,51.920923,4.471291,"material damage only","4","clear",false,1,"GM0599"
"20220128336",2022,"Uitsluitend materiele schade",3,"Personenauto","Fiets","Onbekend","Kruispunt, 4 takken",30,"Niet brandend","Daglicht","Droog",\N,\N,"Pascalweg","Rotterdam","Rotterdam","Zuid-Holland",false,51.871414,4.529399,"material damage only","4","clear",false,1,"GM0599"
"20220137958",2022,"Uitsluitend materiele schade",2,"Personenauto","Fiets","Flank","Rechte weg",50,"Niet brandend","Daglicht","Droog",\N,\N,"Grote Beer","Veenendaal","Veenendaal","Utrecht",false,52.037367,5.563344,"material damage only","4","clear",false,1,"GM0345"
"20220161515",2022,"Uitsluitend materiele schade",2,"Personenauto","Fiets","Flank","Kruispunt, 4 takken",30,"Niet brandend","Daglicht","Droog",\N,\N,"Landschapsweg","Veenoord","Emmen","Drenthe",false,52.70746,6.850234,"material damage only","4","clear",false,1,"GM0114"
"20220172353",2022,"Uitsluitend materiele schade",2,"Personenauto","Fiets","Flank","Kruispunt, 4 takken",30,"Niet brandend","Daglicht","Droog","Bus-/Tramhalte",\N,"Weg naar Parkwijk","Utrecht","Utrecht","Utrecht",false,52.091963,5.062536,"material damage only","4","clear",false,1,"GM0344"
"20220178662",2022,"Letsel",1,"Fiets",\N,"Eenzijdig","Rechte weg",30,"Niet brandend","Daglicht","Droog",\N,"221310051","Stationsweg","Bodegraven","Bodegraven-Reeuwijk","Zuid-Holland",false,52.082234,4.744784,"injury","2","clear",false,1,"GM1901"
"20220180429",2022,"Letsel",2,"Bromfiets","Fiets","Flank","Rechte weg",50,"Niet brandend","Daglicht","Droog",\N,"169294263","Kanaalweg","Delft","Delft","Zuid-Holland",false,52.008196,4.367577,"injury","2","clear",false,1,"GM0503"
"20220198277",2022,"Uitsluitend materiele schade",3,"Personenauto","Fiets","Flank","Kruispunt, 4 takken",50,"Niet brandend","Daglicht","Mist",\N,\N,"Siemelinksweg","Deventer","Deventer","Overijssel",false,52.239118,6.209968,"material damage only","4","fog",false,1,"GM0150"
"20220198306",2022,"Letsel",2,"Bestelauto","Fiets","Kop/staart","Rechte weg",50,"Niet brandend","Daglicht","Droog",\N,"428323005","Lage Lochemseweg","Warnsveld","Zutphen","Gelderland",false,52.141837,6.264164,"injury","2","clear",false,1,"GM0301"
"20220123423",2022,"Uitsluitend materiele schade",2,"Fiets","Fiets","Onbekend","Rechte weg",50,"Niet brandend","Daglicht","Droog",\N,"600910195","Heemstedestraat","Amsterdam","Amsterdam","Noord-Holland",false,52.351583,4.838663,"material damage only","4","clear",false,1,"GM0363"
"20220135227",2022,"Letsel",2,"Personenauto","Fiets","Flank","Kruispunt, 3 takken",30,"Niet brandend","Daglicht","Droog",\N,\N,"Gentiaan","Erica","Emmen","Drenthe",false,52.709704,6.929317,"injury","2","clear",false,1,"GM0114"
"20220143628",2022,"Letsel",2,"Personenauto","Fiets","Flank","Kruispunt, 4 takken",30,"Niet brandend","Daglicht","Droog",\N,\N,"Cruquiuslaan","Leiden","Leiden","Zuid-Holland",false,52.162794,4.464789,"injury","2","clear",false,1,"GM0546"
"20220186079",2022,"Letsel",2,"Personenauto","Fiets","Flank","Rechte weg",80,"Niet brandend","Daglicht","Droog",\N,\N,"Zeelandweg-Oost","Steenbergen","Steenbergen","Noord-Brabant",false,51.588973,4.304088,"injury","2","clear",false,1,"GM0851"
"20220186126",2022,"Uitsluitend materiele schade",2,"Bromfiets","e-bike","Geparkeerd voertuig","Rechte weg",50,"Brandend","Duisternis","Droog","Parkeervoorziening","156180103","Westersingel","Bergen op Zoom","Bergen op Zoom","Noord-Brabant",false,51.495116,4.281819,"material damage only","4","clear",false,1,"GM0748"
"20220186162",2022,"Uitsluitend materiele schade",2,"Personenauto","Fiets","Flank","Kruispunt, 3 takken",50,"Niet brandend","Daglicht","Droog",\N,\N,"Strijenstraat","Rijen","Gilze en Rijen","Noord-Brabant",false,51.589255,4.909116,"material damage only","4","clear",false,1,"GM0784"
"20220129726",2022,"Uitsluitend materiele schade",2,"Personenauto","Fiets","Onbekend",\N,30,\N,"Daglicht",\N,\N,"264195131","Wandelboslaan","Tilburg","Tilburg","Noord-Brabant",false,51.566359,5.06262,"material damage only","4","unknown",false,1,"GM0855"
"20220146755",2022,"Letsel",2,"Personenauto","e-bike","Onbekend","Kruispunt, 3 takken",60,"Niet brandend","Daglicht","Droog",\N,\N,"Laan van Nieuw-Zeeland","Middelharnis","Goeree-Overflakkee","Zuid-Holland",false,51.771976,4.190507,"injury","2","clear",false,1,"GM1924"
"20220121004",2022,"Uitsluitend materiele schade",2,"Personenauto","Fiets","Onbekend",\N,\N,\N,"Daglicht",\N,\N,\N,"Toppad","Urk","Urk","Flevoland",false,52.65843,5.61392,"material damage only","4","unknown",false,1,"GM0184"
"20220123693",2022,"Letsel",2,"Snorfiets","Fiets","Flank","Kruispunt, 3 takken",50,"Niet brandend","Daglicht","Droog",\N,\N,"Blomwijckerpad","Amsterdam","Amsterdam","Noord-Holland",false,52.36018,4.798826,"injury","2","clear",false,1,"GM0363"
"20220132482",2022,"Letsel",2,"Fiets","Fiets","Onbekend","Kruispunt, 3 takken",50,"Niet brandend","Daglicht","Droog",\N,\N,"Weltersweide","Horst","Horst aan de Maas","Limburg",false,51.45614,6.046617,"injury","2","clear",false,1,"GM1507"
"20220140930",2022,"Letsel",3,"Personenauto","Fiets","Onbekend","Bocht",30,"Niet brandend","Daglicht","Droog",\N,"600739987","Narcisplantsoen","Haarlem","Haarlem","Noord-Holland",false,52.386034,4.61765,"injury","2","clear",false,1,"GM0392"
"20220146816",2022,"Uitsluitend materiele schade",2,"Bromfiets","Fiets","Onbekend","Rechte weg",30,"Niet brandend","Daglicht","Droog",\N,\N,"Zwaalweg","Barendrecht","Barendrecht","Zuid-Holland",false,51.869046,4.536256,"material damage only","4","clear",false,1,"GM0489"
"20220149687",2022,"Letsel",3,"Personenauto","Fiets","Onbekend","Rechte weg",30,"Niet brandend","Daglicht","Droog",\N,\N,"Oude Bossche Baan","Eindhoven","Eindhoven","Noord-Brabant",false,51.464012,5.459473,"injury","2","clear",false,1,"GM0772"
"20220152231",2022,"Letsel",2,"Personenauto","Fiets","Flank","Rotonde",30,"Niet brandend","Daglicht","Droog",\N,\N,"Continentenlaan","Stadskanaal","Stadskanaal","Groningen",false,52.989201,6.95618,"injury","2","clear",false,1,"GM0037"
"20220179998",2022,"Letsel",2,"Personenauto","Fiets","Geparkeerd voertuig","Rechte weg",30,"Niet brandend","Schemer","Droog",\N,"227325010","Dorpsstraat","Nieuwkoop","Nieuwkoop","Zuid-Holland",false,52.152958,4.784063,"injury","2","clear",false,1,"GM0569"
"20220195871",2022,"Uitsluitend materiele schade",2,"Personenauto","Fiets","Geparkeerd voertuig","Bocht",50,"Niet brandend","Daglicht","Droog","Parkeervoorziening","478301072","Deken Hooijmansingel","Groenlo","Oost Gelre","Gelderland",false,52.038398,6.617591,"material damage only","4","clear",false,1,"GM1586"
"20220194143",2022,"Letsel",2,"Personenauto","Fiets","Flank","Rechte weg",50,"Brandend","Schemer","Regen",\N,"468516026","Groningerstraat","Assen","Assen","Drenthe",false,53.004408,6.566328,"injury","2","rain",false,1,"GM0106"
"20220131351",2022,"Uitsluitend materiele schade",2,"e-bike","Bestelauto","Flank","Rechte weg",30,"Niet brandend","Daglicht","Droog",\N,"287223037","Borredreef","Vlijmen","Heusden","Noord-Brabant",false,51.692874,5.224151,"material damage only","4","clear",false,1,"GM0797"
"20220135401",2022,"Uitsluitend materiele schade",2,"Snorfiets","Fiets","Flank","Kruispunt, 4 takken",30,"Brandend","Daglicht","Regen",\N,\N,"Pannekoekendijk","Zwolle","Zwolle","Overijssel",false,52.514355,6.087126,"material damage only","4","rain",false,1,"GM0193"
"20220151054",2022,"Letsel",2,"Personenauto","Fiets","Flank","Rotonde",50,"Niet brandend","Daglicht","Droog","Bus-/Tramhalte",\N,"Prins Bisschopsingel","Maastricht","Maastricht","Limburg",false,50.844321,5.681738,"injury","2","clear",false,1,"GM0935"
"20220155138",2022,"Uitsluitend materiele schade",2,"Personenauto","Fiets","Flank","Rechte weg",50,"Niet brandend","Daglicht","Droog",\N,"203394004","Moerbergplantsoen","IJmuiden","Velsen","Noord-Holland",false,52.458964,4.606695,"material damage only","4","clear",false,1,"GM0453"
"20220188738",2022,"Letsel",2,"Onbekend voertuig i.g.v. doorrijder","Fiets","Flank","Kruispunt, 4 takken",30,"Brandend","Duisternis","Droog",\N,\N,"Torenstraat","'s-Hertogenbosch","'s-Hertogenbosch","Noord-Brabant",false,51.687886,5.307499,"injury","2","clear",false,1,"GM0796"
"20220115458",2022,"Letsel",2,"Personenauto","Fiets","Frontaal","Rechte weg",50,"Niet brandend","Daglicht","Droog",\N,"396570074","Noarder Stasjonsstrjitte","De Westereen","Dantumadiel","Friesland",false,53.2523,6.037843,"injury","2","clear",false,1,"GM1891"
"20220125138",2022,"Letsel",1,"Fiets",\N,"Eenzijdig","Rechte weg",50,"Brandend","Duisternis","Droog",\N,"600410001","Zwarte Pad","'s-Gravenhage","'s-Gravenhage","Zuid-Holland",false,52.116706,4.288297,"injury","2","clear",false,1,"GM0518"
"20220146984",2022,"Uitsluitend materiele schade",2,"Personenauto","Fiets","Flank","Kruispunt, 3 takken",30,"Niet brandend","Daglicht","Droog",\N,\N,"Fazantlaan","Ulvenhout","Breda","Noord-Brabant",false,51.554386,4.795914,"material damage only","4","clear",false,1,"GM0758"
"20220154025",2022,"Letsel",2,"e-bike","Overig vast object","Vast voorwerp","Rechte weg",\N,"Niet brandend","Daglicht","Droog","Brug/viaduct","257313135","Passiebloempad","Vleuten","Utrecht","Utrecht",false,52.097056,5.003668,"injury","2","clear",false,1,"GM0344"
"20220154027",2022,"Uitsluitend materiele schade",2,"Motor","Fiets","Flank","Kruispunt, 4 takken",50,"Niet brandend","Daglicht",\N,\N,\N,"Amsterdamsestraatweg","Utrecht","Utrecht","Utrecht",false,52.105118,5.092361,"material damage only","4","unknown",false,1,"GM0344"
"20220181325",2022,"Letsel",2,"Bromfiets","Fiets","Flank","Rechte weg",50,"Niet brandend","Daglicht","Droog",\N,"161309122","Jan Hendrikstraat","'s-Gravenhage","'s-Gravenhage","Zuid-Holland",false,52.07623,4.30689,"injury","2","clear",false,1,"GM0518"