"accident_id","year","severity_raw","party_count","party1_type","party2_type","accident_type","road_situation","speed_limit_kmh","road_lighting","light_condition_label","weather_raw","infra_type","road_segment_id","street_name","place_name","gemeente_name_raw","province","alcohol_indicated","latitude","longitude","severity_label","severity_code","weather_label","built_up_area","cyclists_involved","gemeente_code"
"20220185246",2022,"Uitsluitend materiele schade",2,"Personenauto","Fiets","Flank","Kruispunt, 4 takken",50,"Niet brandend","Daglicht","Droog",\N,\N,"Van Lennepstraat","Rotterdam","Rotterdam","Zuid-Holland",false,51.917424,4.432067,"material damage only","4","clear",false,1,"GM0599"
"20220189950",2022,"Uitsluitend materiele schade",2,"Fiets","Personenauto","Frontaal","Kruispunt, 3 takken",50,"Niet brandend","Daglicht","Droog",\N,\N,"Burg Frans Cortenraadstr","Gronsveld","Eijsden-Margraten","Limburg",false,50.812485,5.720718,"material damage only","4","clear",false,1,"GM1903"
"20220127458",2022,"Uitsluitend materiele schade",2,"e-bike","Bromfiets","Frontaal","Bocht",\N,"Niet brandend","Daglicht","Droog",\N,"600731392","Meerum Terwogtlaan","Rotterdam","Rotterdam","Zuid-Holland",false,51.947294,4.507798,"material damage only","4","clear",false,1,"GM0599"
"20220131458",2022,"Letsel",2,"Fiets","Overig vast object","Vast voorwerp","Rechte weg",60,"Niet brandend","Daglicht","Droog",\N,"342237011","Schaijkseweg","Herpen","Oss","Noord-Brabant",false,51.757872,5.623996,"injury","2","clear",false,1,"GM0828"
"20220141160",2022,"Letsel",5,"Bromfiets","Fiets","Vast voorwerp","Bocht",30,"Niet brandend","Daglicht","Droog",\N,"600989294","Keern","Hoorn","Hoorn","Noord-Holland",false,52.646072,5.049067,"injury","2","clear",false,1,"GM0405"
"20220142618",2022,"Letsel",2,"Fiets","Fiets","Kop/staart","Rechte weg",30,"Brandend","Duisternis","Droog",\N,"600756408","Theemsweg","Amsterdam","Amsterdam","Noord-Holland",false,52.389307,4.810787,"injury","2","clear",false,1,"GM0363"
"20220142619",2022,"Uitsluitend materiele schade",1,"Fiets",\N,"Onbekend","Rechte weg",60,"Niet brandend","Daglicht","Droog",\N,"244360002","Amsteldijk Noord","Amstelveen","Amstelveen","Noord-Holland",false,52.310575,4.904684,"material damage only","4","clear",false,1,"GM0362"
"20220151151",2022,"Letsel",2,"Personenauto","Fiets","Onbekend","Rotonde",50,"Niet brandend","Daglicht","Droog",\N,\N,"Frederik van Eedenstraat","Venlo","Venlo","Limburg",false,51.367667,6.13596,"injury","2","clear",false,1,"GM0983"
"20220157726",2022,"Uitsluitend materiele schade",2,"Personenauto","Fiets","Onbekend","Bocht",50,"Brandend","Duisternis","Droog",\N,\N,"Tjalklaan","Rotterdam","Rotterdam","Zuid-Holland",false,51.913403,4.429957,"material damage only","4","clear",false,1,"GM0599"
"20220189245",2022,"Uitsluitend materiele schade",2,"Bromfiets","Fiets","Frontaal","Rechte weg",30,"Niet brandend","Daglicht","Droog",\N,"600961546","Sint Anthonisweg","Boxmeer","Land van Cuijk","Noord-Brabant",false,51.642865,5.927458,"material damage only","4","clear",false,1,"GM1982"
"20220121194",2022,"Letsel",2,"Personenauto","Fiets","Onbekend","Rotonde",50,"Niet brandend","Daglicht","Droog",\N,\N,"Bisschopsweg","Baarn","Baarn","Utrecht",false,52.21447,5.301881,"injury","2","clear",false,1,"GM0308"
"20220138423",2022,"Letsel",2,"Personenauto","e-bike","Flank","Kruispunt, 3 takken",30,"Niet brandend","Daglicht","Droog",\N,\N,"Henri Dunantlaan","Nieuwegein","Nieuwegein","Utrecht",false,52.008714,5.093022,"injury","2","clear",false,1,"GM0356"
"20220142811",2022,"Letsel",1,"Fiets",\N,"Eenzijdig",\N,30,\N,"Daglicht",\N,\N,"169306007","Westeinde","Voorburg","Leidschendam-Voorburg","Zuid-Holland",false,52.065269,4.359906,"injury","2","unknown",false,1,"GM1916"
"20220146198",2022,"Letsel",2,"Bromfiets","Fiets","Flank","Rechte weg",50,"Brandend","Duisternis","Droog",\N,"600721060","Karel Doormanweg","Schiedam","Schiedam","Zuid-Holland",false,51.909656,4.374631,"injury","2","clear",false,1,"GM0606"
"20220184539",2022,"Letsel",2,"Snorfiets","Fiets","Flank","Rechte weg",30,"Niet brandend","Daglicht","Droog",\N,"600685450","Burg Van Haarenlaan","Schiedam","Schiedam","Zuid-Holland",false,51.919648,4.382004,"injury","2","clear",false,1,"GM0606"
"20220185395",2022,"Letsel",2,"Fiets","Fiets","Flank","Kruispunt, 4 takken",30,"Niet brandend","Daglicht","Droog",\N,\N,"Jan Steenstraat","Sliedrecht","Sliedrecht","Zuid-Holland",false,51.824738,4.774273,"injury","2","clear",false,1,"GM0610"
"20220191372",2022,"Letsel",2,"Fiets","Bromfiets","Onbekend","Rotonde",30,"Niet brandend","Daglicht","Droog",\N,\N,"Goudlaan","Groningen","Groningen","Groningen",false,53.226308,6.532041,"injury","2","clear",false,1,"GM0014"
"20220117434",2022,"Letsel",2,"Personenauto","Fiets","Flank","Kruispunt, 4 takken",60,"Niet brandend","Daglicht","Droog",\N,\N,"Weg naar 't Hek","Lunteren","Ede","Gelderland",false,52.104157,5.63725,"injury","2","clear",false,1,"GM0228"
"20220162186",2022,"Uitsluitend materiele schade",3,"Personenauto","Fiets","Onbekend","Rechte weg",50,"Niet brandend","Daglicht","Droog",\N,"468517052","Europaweg-Noord","Assen","Assen","Drenthe",false,53.011644,6.569305,"material damage only","4","clear",false,1,"GM0106"
"20220162211",2022,"Letsel",3,"Bestelauto","Fiets","Onbekend","Rechte weg",50,\N,"Daglicht","Droog",\N,"383504010","Jan Mankeslaan","Heerenveen","Heerenveen","Friesland",false,52.954928,5.934917,"injury","2","clear",false,1,"GM0074"
"20220169255",2022,"Letsel",2,"Bromfiets","Fiets","Onbekend","Rechte weg",50,"Niet aanwezig","Daglicht","Droog",\N,\N,"Deldensestraat","Borne","Borne","Overijssel",false,52.29751,6.750059,"injury","2","clear",false,1,"GM0147"
"20220174195",2022,"Letsel",2,"Personenauto","Fiets","Flank","Rotonde",30,"Brandend","Schemer","Droog",\N,\N,"Raadhuislaan","Grootebroek","Stede Broec","Noord-Holland",false,52.697844,5.217976,"injury","2","clear",false,1,"GM0532"
"20220187882",2022,"Letsel",2,"Fiets","Fiets","Onbekend","Rechte weg",30,"Niet brandend","Daglicht","Droog",\N,"600673061","Beerseweg","Cuijk","Land van Cuijk","Noord-Brabant",false,51.730849,5.858352,"injury","2","clear",false,1,"GM1982"
"20220192049",2022,"Uitsluitend materiele schade",2,"Personenauto","Fiets","Flank","Bocht",50,"Niet brandend","Daglicht","Droog",\N,\N,"Soendastraat","Groningen","Groningen","Groningen",false,53.2359,6.566288,"material damage only","4","clear",false,1,"GM0014"
"20220192305",2022,"Uitsluitend materiele schade",2,"Bus","e-bike","Flank","Bocht",30,"Niet brandend","Daglicht","Droog",\N,\N,"Ljouwerterdyk","Holwert","Noardeast-Fryslân","Friesland",false,53.368585,5.895747,"material damage only","4","clear",false,1,"GM1970"
"20220150185",2022,"Uitsluitend materiele schade",2,"Fiets","Fiets","Kop/staart","Kruispunt, 3 takken",\N,"Niet brandend","Daglicht","Droog",\N,\N,"Carolusdreef","Valkenswaard","Valkenswaard","Noord-Brabant",false,51.355086,5.460447,"material damage only","4","clear",false,1,"GM0858"
"20220153377",2022,"Letsel",2,"Snorfiets","Fiets","Frontaal","Rechte weg",50,"Brandend","Duisternis","Droog",\N,"600886724","Kempenlaan","Oldenzaal","Oldenzaal","Overijssel",true,52.320985,6.913806,"injury","2","clear",false,1,"GM0173"
"20220196230",2022,"Uitsluitend materiele schade",2,"Fiets","Personenauto","Flank","Kruispunt, 3 takken",30,"Niet brandend","Daglicht","Regen",\N,\N,"Oliemolensingel","Enschede","Enschede","Overijssel",false,52.223416,6.909899,"material damage only","4","rain",false,1,"GM0153"
"20220118992",2022,"Uitsluitend materiele schade",3,"Personenauto","Fiets","Los voorwerp","Kruispunt, 4 takken",30,"Niet brandend","Daglicht","Droog",\N,\N,"J H L -van Herwaardenstr","Meteren","West Betuwe","Gelderland",false,51.870557,5.280044,"material damage only","4","clear",false,1,"GM1960"
"20220119002",2022,"Letsel",2,"Fiets","Voetganger","Voetganger","Rechte weg",50,"Niet aanwezig","Daglicht","Droog",\N,"522357002","Oldenzaalsestraat","de Lutte","Losser","Overijssel",false,52.287053,6.947453,"injury","2","clear",false,1,"GM0168"
"20220174384",2022,"Letsel",2,"Personenauto","Fiets","Flank","Kruispunt, 3 takken",30,"Niet brandend","Daglicht","Droog",\N,\N,"Leidsevaart","Vogelenzang","Bloemendaal","Noord-Holland",false,52.315994,4.574243,"injury","2","clear",false,1,"GM0377"
"20220126547",2022,"Letsel",2,"Personenauto","Fiets","Flank","Kruispunt, 4 takken",50,"Niet brandend","Daglicht","Droog",\N,\N,"Laan van Meerdervoort","'s-Gravenhage","'s-Gravenhage","Zuid-Holland",false,52.075754,4.268684,"injury","2","clear",false,1,"GM0518"
"20220128856",2022,"Letsel",2,"Fiets","Voetganger","Voetganger","Rechte weg",30,"Niet brandend","Daglicht","Droog",\N,"184264004","Slinge","Rotterdam","Rotterdam","Zuid-Holland",false,51.874153,4.474854,"injury","2","clear",false,1,"GM0599"
"20220130510",2022,"Uitsluitend materiele schade",2,"Personenauto","Fiets","Flank","Rechte weg",30,"Niet brandend","Daglicht","Droog",\N,"225199223","Nieuwe Ginnekenstraat","Breda","Breda","Noord-Brabant",false,51.58244,4.776998,"material damage only","4","clear",false,1,"GM0758"
"20220130513",2022,"Uitsluitend materiele schade",5,"e-bike","Fiets","Onbekend","Rechte weg",50,"Niet brandend","Daglicht","Droog",\N,"267194100","Gasthuisring","Tilburg","Tilburg","Noord-Brabant",false,51.563899,5.077654,"material damage only","4","clear",false,1,"GM0855"
"20220138714",2022,"Letsel",2,"Fiets","Personenauto","Flank","Kruispunt, 4 takken",50,"Niet brandend","Duisternis","Droog",\N,\N,"Baronieweg","IJsselstein","IJsselstein","Utrecht",true,52.015088,5.057262,"injury","2","clear",false,1,"GM0353"
"20220166824",2022,"Uitsluitend materiele schade",2,"Fiets","Fiets","Flank","Kruispunt, 4 takken",\N,"Niet brandend","Daglicht","Droog",\N,\N,"Edisonlaan","Apeldoorn","Apeldoorn","Gelderland",false,52.230613,5.958787,"material damage only","4","clear",false,1,"GM0200"
"20220173122",2022,"Uitsluitend materiele schade",2,"Personenauto","Fiets","Flank","Kruispunt, 3 takken",50,"Niet brandend","Daglicht","Droog",\N,\N,"Middenweide","Nieuwegein","Nieuwegein","Utrecht",false,52.0418,5.070441,"material damage only","4","clear",false,1,"GM0356"
"20220193826",2022,"Letsel",3,"Personenauto","e-bike","Onbekend","Rechte weg",50,"Brandend","Duisternis","Droog",\N,"390582004","Haadwei","Damwâld","Dantumadiel","Friesland",false,53.301563,5.995228,"injury","2","clear",false,1,"GM1891"
"20220198546",2022,"Letsel",2,"Personenauto","Fiets","Flank","Rechte weg",30,"Niet brandend","Daglicht","Droog",\N,\N,"Dorpstraat","Westervoort","Westervoort","Gelderland",false,51.963523,5.967149,"injury","2","clear",false,1,"GM0293"
"20220131863",2022,"Letsel",2,"Motor","Fiets","Flank","Kruispunt, 4 takken",50,"Niet brandend","Daglicht","Droog",\N,\N,"Floralaan West","Eindhoven","Eindhoven","Noord-Brabant",false,51.415916,5.491289,"injury","2","clear",false,1,"GM0772"
"20220146400",2022,"Letsel",3,"Bromfiets","e-bike","Vast voorwerp","Rechte weg",30,"Niet aanwezig","Daglicht","Droog",\N,"199259012","Rijksstraatweg","Ridderkerk","Ridderkerk","Zuid-Holland",false,51.854583,4.585587,"injury","2","clear",false,1,"GM0597"
"20220151536",2022,"Uitsluitend materiele schade",2,"Personenauto","Fiets","Onbekend","Rotonde",50,"Niet brandend","Daglicht",\N,\N,\N,"Oostsingel","Venray","Venray","Limburg",false,51.531897,5.984497,"material damage only","4","unknown",false,1,"GM0984"
"20240084163",2024,"Letsel",1,"Fiets",\N,"Onbekend","Rechte weg",30,"Niet brandend","Daglicht","Droog",\N,\N,"Vetkamp","Nijkerk","Nijkerk","Gelderland",false,52.228668,5.491805,"injury","2","clear",false,1,"GM0267"
"20240085403",2024,"Uitsluitend materiele schade",2,"Personenauto","Fiets","Flank","Rechte weg",50,"Niet brandend","Daglicht","Droog",\N,"379289013","Amsterdamseweg","Arnhem","Arnhem","Gelderland",false,51.98821,5.894512,"material damage only","4","clear",false,1,"GM0202"
"20240089317",2024,"Letsel",2,"Fiets","Voetganger","Flank","Kruispunt, 4 takken",50,"Niet aanwezig","Duisternis",\N,\N,\N,"Gevers Deynootweg","'s-Gravenhage","'s-Gravenhage","Zuid-Holland",false,52.114628,4.284926,"injury","2","unknown",false,1,"GM0518"
"20240093345",2024,"Uitsluitend materiele schade",2,"Fiets","Fiets","Frontaal","Rechte weg",60,"Niet brandend","Daglicht","Droog",\N,"600876530","Corleseweg","Winterswijk Corle","Winterswijk","Gelderland",false,51.969481,6.653809,"material damage only","4","clear",false,1,"GM0294"
"20240094107",2024,"Letsel",2,"Personenauto","Fiets","Flank","Kruispunt, 4 takken",60,"Niet brandend","Daglicht","Droog",\N,\N,"Grindstraat","Wehl","Doetinchem","Gelderland",false,51.9772,6.184037,"injury","2","clear",false,1,"GM0222"
"20240095030",2024,"Letsel",2,"Fiets","Personenauto","Flank","Kruispunt, 4 takken",50,"Niet brandend","Daglicht","Droog",\N,\N,"Maria Montessoriweg","Assen","Assen","Drenthe",false,52.999514,6.532993,"injury","2","clear",false,1,"GM0106"
"20240097699",2024,"Letsel",2,"Snorfiets","Fiets","Frontaal","Rechte weg",50,"Niet brandend","Daglicht","Droog",\N,"162306181","Waldorpstraat","'s-Gravenhage","'s-Gravenhage","Zuid-Holland",false,52.065065,4.315329,"injury","2","clear",false,1,"GM0518"
"20240085458",2024,"Uitsluitend materiele schade",2,"Bromfiets","Fiets","Flank","Kruispunt, 3 takken",30,"Niet brandend","Daglicht","Regen",\N,\N,"Vleesmarkt","Heerenveen","Heerenveen","Friesland",false,52.960465,5.922339,"material damage only","4","rain",false,1,"GM0074"
"20240088049",2024,"Letsel",2,"Fiets","Fiets","Flank","Kruispunt, 4 takken",30,"Niet brandend","Daglicht","Droog",\N,\N,"Burg De Vlugtlaan","Amsterdam","Amsterdam","Noord-Holland",false,52.384237,4.818619,"injury","2","clear",false,1,"GM0363"
"20240089364",2024,"Letsel",1,"Fiets",\N,"Onbekend",\N,30,\N,"Daglicht",\N,\N,"215296045","Ronsseweg","Gouda","Gouda","Zuid-Holland",false,52.019563,4.70353,"injury","2","unknown",false,1,"GM0513"
"20240092386",2024,"Uitsluitend materiele schade",2,"Bromfiets","Fiets","Kop/staart","Rotonde",50,"Niet brandend","Daglicht","Droog",\N,\N,"Burg Clercxstraat","Venlo","Venlo","Limburg",false,51.371648,6.146398,"material damage only","4","clear",false,1,"GM0983"
"20240095571",2024,"Uitsluitend materiele schade",2,"Fiets","Personenauto","Flank","Rechte weg",50,"Niet brandend","Daglicht","Droog",\N,"307328001","Zwaaikom","Amersfoort","Amersfoort","Utrecht",false,52.166586,5.370455,"material damage only","4","clear",false,1,"GM0307"
"20240098187",2024,"Uitsluitend materiele schade",2,"Personenauto","Fiets","Kop/staart","Rechte weg",50,"Brandend","Duisternis","Droog",\N,"600714472","Volendamlaan","'s-Gravenhage","'s-Gravenhage","Zuid-Holland",false,52.061944,4.262834,"material damage only","4","clear",false,1,"GM0518"
"20240073894",2024,"Uitsluitend materiele schade",2,"Snorfiets","Fiets","Flank","Kruispunt, 3 takken",50,"Niet brandend","Daglicht","Droog",\N,\N,"Overhoven","Sittard","Sittard-Geleen","Limburg",false,51.003416,5.86623,"material damage only","4","clear",false,1,"GM1883"
"20240091347",2024,"Uitsluitend materiele schade",2,"Fiets","Fiets","Kop/staart","Rechte weg",\N,"Niet aanwezig","Daglicht","Droog",\N,"79192001","Spieringweg","Kamperland","Noord-Beveland","Zeeland",false,51.543299,3.72497,"material damage only","4","clear",false,1,"GM1695"
"20240092589",2024,"Letsel",2,"Fiets","Fiets","Onbekend","Bocht",\N,"Niet brandend","Daglicht","Droog",\N,"375093010","Verlengde Oude Maasweg","Stevensweert","Maasgouw","Limburg",false,51.119696,5.858243,"injury","2","clear",false,1,"GM1641"
"20240092625",2024,"Uitsluitend materiele schade",2,"Personenauto","Fiets","Flank","Kruispunt, 4 takken",50,"Niet brandend","Daglicht","Droog",\N,\N,"Luxemburglaan","Eindhoven","Eindhoven","Noord-Brabant",false,51.471088,5.477783,"material damage only","4","clear",false,1,"GM0772"
"20240093773",2024,"Letsel",2,"Personenauto","Fiets","Flank","Kruispunt, 3 takken",80,"Niet brandend","Daglicht","Droog",\N,\N,"Hoge Valkseweg","Wekerom","Ede","Gelderland",false,52.121754,5.695794,"injury","2","clear",false,1,"GM0228"
"20240095611",2024,"Uitsluitend materiele schade",3,"Snorfiets","Fiets","Flank","Rechte weg",50,"Niet aanwezig","Daglicht","Droog","Tunnel","600420626","Toetsenbordpad","Amersfoort","Amersfoort","Utrecht",false,52.172362,5.404524,"material damage only","4","clear",false,1,"GM0307"
"20240046681",2024,"Uitsluitend materiele schade",2,"Bromfiets","Fiets","Onbekend","Rechte weg",50,"Niet brandend","Daglicht","Droog",\N,"600996179","Spoolderbergweg","Zwolle","Zwolle","Overijssel",false,52.500004,6.066429,"material damage only","4","clear",false,1,"GM0193"
"20240049046",2024,"Uitsluitend materiele schade",2,"Fiets","Bestelauto","Onbekend","Rechte weg",50,"Niet brandend","Daglicht","Droog",\N,"449326006","Tusseler","Lochem","Lochem","Gelderland",false,52.153727,6.408099,"material damage only","4","clear",false,1,"GM0262"
"20240074593",2024,"Letsel",1,"Fiets",\N,"Eenzijdig",\N,\N,"Niet brandend","Daglicht",\N,\N,"368165001","Loon","Liessel","Deurne","Noord-Brabant",false,51.430029,5.811219,"injury","2","unknown",false,1,"GM0762"
"20240088157",2024,"Uitsluitend materiele schade",2,"Fiets","Fiets","Kop/staart","Kruispunt, 3 takken",30,"Niet brandend","Daglicht","Droog",\N,\N,"President Steynstraat","Amsterdam","Amsterdam","Noord-Holland",false,52.350748,4.915575,"material damage only","4","clear",false,1,"GM0363"
"20240088813",2024,"Letsel",1,"Fiets",\N,"Onbekend","Rechte weg",50,"Niet brandend","Daglicht","Droog",\N,"600679003","Nieuwe Utrechtseweg","Amsterdam","Amsterdam","Noord-Holland",false,52.338343,4.910083,"injury","2","clear",false,1,"GM0363"
"20240090108",2024,"Uitsluitend materiele schade",2,"Bestelauto","Fiets","Flank","Rotonde",50,"Niet brandend","Daglicht","Droog",\N,\N,"Burg Freijterslaan","Roosendaal","Roosendaal","Noord-Brabant",false,51.533079,4.447025,"material damage only","4","clear",false,1,"GM1674"
"20240098255",2024,"Letsel",2,"Personenauto","Fiets","Flank","Kruispunt, 4 takken",30,"Niet brandend","Daglicht","Droog",\N,\N,"Burgemeester Banninglaan","Leidschendam","Leidschendam-Voorburg","Zuid-Holland",false,52.092977,4.381423,"injury","2","clear",false,1,"GM1916"
"20240071491",2024,"Letsel",2,"Bromfiets","Fiets","Onbekend","Rechte weg",80,"Niet brandend","Daglicht","Droog",\N,"600722980","Kokshornlaan","Wassenaar","Wassenaar","Zuid-Holland",false,52.157323,4.39726,"injury","2","clear",false,1,"GM0629"
"20240077333",2024,"Letsel",2,"e-bike","Bestelauto","Flank","Rotonde",50,"Niet brandend","Daglicht","Regen",\N,\N,"Dijkgraaf Poschlaan","Volendam","Edam-Volendam","Noord-Holland",false,52.502632,5.058073,"injury","2","rain",false,1,"GM0385"
"20240079776",2024,"Letsel",1,"Fiets",\N,"Eenzijdig","Bocht",30,"Niet brandend","Daglicht","Droog",\N,"600770252","Terpweg","Wieringerwerf","Hollands Kroon","Noord-Holland",false,52.846289,5.022629,"injury","2","clear",false,1,"GM1911"
"20240095702",2024,"Letsel",2,"Personenauto","Fiets","Flank","Kruispunt, 3 takken",50,"Niet brandend","Daglicht","Droog",\N,\N,"Leonard Springerlaan","Haarlem","Haarlem","Noord-Holland",false,52.375175,4.658652,"injury","2","clear",false,1,"GM0392"
"20240075710",2024,"Letsel",2,"Fiets","Personenauto","Onbekend","Kruispunt, 3 takken",50,"Niet brandend","Daglicht","Regen",\N,\N,"Op den Berg","Brummen","Brummen","Gelderland",false,52.093872,6.142736,"injury","2","rain",false,1,"GM0213"
"20240077373",2024,"Letsel",2,"Fiets",\N,"Flank","Rechte weg",30,"Niet brandend","Daglicht","Regen",\N,"261321146","Safariweg","Maarssen","Stichtse Vecht","Utrecht",false,52.13451,5.032383,"injury","2","rain",false,1,"GM1904"
"20240079241",2024,"Letsel",1,"Fiets",\N,"Eenzijdig","Rechte weg",50,"Brandend","Duisternis","Droog",\N,"600561848","Scheveningseweg","'s-Gravenhage","'s-Gravenhage","Zuid-Holland",false,52.094556,4.2883,"injury","2","clear",false,1,"GM0518"
"20240096866",2024,"Uitsluitend materiele schade",2,"Fiets","Bromfiets","Flank","Rechte weg",50,"Niet brandend","Daglicht","Droog","Brug/viaduct","291253070","Waalbandijk","Waardenburg","West Betuwe","Gelderland",false,51.823209,5.258905,"material damage only","4","clear",false,1,"GM1960"
"20240098604",2024,"Letsel",2,"Bestelauto","Fiets","Flank","Rechte weg",30,"Niet brandend","Daglicht","Droog",\N,"201392006","Orionweg","IJmuiden","Velsen","Noord-Holland",false,52.452163,4.592677,"injury","2","clear",false,1,"GM0453"
"20240044587",2024,"Uitsluitend materiele schade",2,"Fiets","Fiets","Frontaal","Rechte weg",50,"Niet brandend","Daglicht","Droog",\N,"600640977","Prinsessesingel","Venlo","Venlo","Limburg",true,51.367927,6.166006,"material damage only","4","clear",false,1,"GM0983"
"20240045529",2024,"Uitsluitend materiele schade",2,"Bus","Fiets","Onbekend","Rotonde",50,"Niet brandend","Daglicht","Regen",\N,\N,"John F. Kennedylaan","Valkenswaard","Valkenswaard","Noord-Brabant",false,51.352093,5.492782,"material damage only","4","rain",false,1,"GM0858"
"20240049802",2024,"Letsel",2,"Fiets","Overig vast object","Vast voorwerp","Rechte weg",30,"Niet brandend","Daglicht","Droog","Brug/viaduct","151299062","Arckelweg","Poeldijk","Westland","Zuid-Holland",false,52.027836,4.23557,"injury","2","clear",false,1,"GM1783"
"20240073415",2024,"Uitsluitend materiele schade",2,"Personenauto","Fiets","Flank","Rechte weg",30,"Niet brandend","Daglicht","Droog",\N,"600432245","Tournooiveld","Geldrop","Geldrop-Mierlo","Noord-Brabant",false,51.419257,5.549695,"material damage only","4","clear",false,1,"GM1771"
"20240075777",2024,"Letsel",1,"Fiets",\N,"Onbekend","Rechte weg",60,"Niet aanwezig","Daglicht","Droog",\N,"417349055","Oude Bathmenseweg","Deventer","Deventer","Overijssel",false,52.256361,6.1771,"injury","2","clear",false,1,"GM0150"
"20240079810",2024,"Uitsluitend materiele schade",2,"Personenauto","Fiets","Flank","Kruispunt, 4 takken",50,"Niet brandend","Daglicht","Droog",\N,\N,"De Weel","Hoorn","Hoorn","Noord-Holland",false,52.641105,5.039851,"material damage only","4","clear",false,1,"GM0405"
"20240093015",2024,"Uitsluitend materiele schade",2,"Personenauto","Fiets","Flank",\N,30,"Niet brandend","Daglicht","Droog",\N,\N,"Meester van Houtstraat","Vlijmen","Heusden","Noord-Brabant",false,51.693408,5.224579,"material damage only","4","clear",false,1,"GM0797"
"20240093597",2024,"Letsel",2,"Personenauto","Fiets","Frontaal","Rechte weg",50,"Brandend","Duisternis","Droog",\N,"466565039","Nieuwe Ebbingestraat","Groningen","Groningen","Groningen",false,53.226425,6.560946,"injury","2","clear",false,1,"GM0014"
"20240093954",2024,"Uitsluitend materiele schade",2,"Fiets","Voetganger","Voetganger","Rechte weg",50,"Niet brandend","Daglicht","Droog",\N,\N,"Zonnelaan","Groningen","Groningen","Groningen",false,53.234433,6.539551,"material damage only","4","clear",false,1,"GM0014"
"20240046853",2024,"Uitsluitend materiele schade",2,"Snorfiets","Fiets","Flank","Rechte weg",50,"Niet brandend","Daglicht","Droog",\N,"371258023","Verlengde Energieweg","Nijmegen","Nijmegen","Gelderland",false,51.851064,5.832661,"material damage only","4","clear",false,1,"GM0268"
"20240087020",2024,"Letsel",1,"Fiets",\N,"Onbekend","Rechte weg",50,"Brandend","Duisternis","Regen",\N,"223430101","Dr.Schaepmankade","Alkmaar","Alkmaar","Noord-Holland",false,52.624825,4.748746,"injury","2","rain",false,1,"GM0361"
"20240087662",2024,"Letsel",2,"Personenauto","Fiets","Flank","Kruispunt, 4 takken",80,"Niet brandend","Daglicht","Droog",\N,\N,"DE MEERN 15","De Meern","Utrecht","Utrecht",false,52.072329,5.030313,"injury","2","clear",false,1,"GM0344"
"20240093649",2024,"Letsel",1,"Fiets",\N,"Flank","Rechte weg",30,"Brandend","Duisternis","Droog",\N,"476549002","Westerveen","Haren Gn","Groningen","Groningen",false,53.152072,6.630581,"injury","2","clear",false,1,"GM0014"
"20240096369",2024,"Letsel",2,"Fiets","Brommobiel","Onbekend","Rechte weg",50,"Niet brandend","Daglicht","Droog",\N,\N,"Componistenpad","Almere","Almere","Flevoland",false,52.372662,5.204732,"injury","2","clear",false,1,"GM0034"
"20240102184",2024,"Letsel",1,"Fiets",\N,"Onbekend",\N,50,\N,"Daglicht",\N,\N,"600767722","Vreeswijkpad","Tilburg","Tilburg","Noord-Brabant",false,51.575282,4.982648,"injury","2","unknown",false,1,"GM0855"
"20240045611",2024,"Letsel",2,"Personenauto","Fiets","Frontaal","Kruispunt, 3 takken",30,"Niet aanwezig","Daglicht","Droog",\N,\N,"Julianasingel","Erp","Meierijstad","Noord-Brabant",false,51.601927,5.60423,"injury","2","clear",false,1,"GM1948"
"20240070389",2024,"Letsel",2,"Bromfiets","Fiets","Flank","Kruispunt, 4 takken",30,"Niet brandend","Daglicht","Droog",\N,\N,"Roerdomp","Etten-Leur","Etten-Leur","Noord-Brabant",false,51.576474,4.65517,"injury","2","clear",false,1,"GM0777"
"20240085747",2024,"Letsel",2,"Fiets","Personenauto","Frontaal","Rotonde",50,"Niet brandend","Daglicht","Droog",\N,"456372013","Rijssensestraat","Nijverdal","Hellendoorn","Overijssel",false,52.357635,6.463962,"injury","2","clear",false,1,"GM0163"
"20240089008",2024,"Letsel",1,"Fiets",\N,"Onbekend","Rechte weg",30,"Brandend","Duisternis","Droog",\N,"200320057","Dorpsstraat","Koudekerk aan den Rijn","Alphen aan den Rijn","Zuid-Holland",false,52.130845,4.588206,"injury","2","clear",false,1,"GM0484"
"20240098777",2024,"Letsel",2,"Fiets","Overig vast object","Vast voorwerp","Rechte weg",30,"Brandend","Duisternis","Droog",\N,"600763505","Prins Hendrikkade","Amsterdam","Amsterdam","Noord-Holland",false,52.371994,4.909547,"injury","2","clear",false,1,"GM0363"
"20240049924",2024,"Uitsluitend materiele schade",1,"Fiets",\N,"Onbekend","Rechte weg",30,"Niet brandend","Daglicht","Droog",\N,"155298012","Harry Hoekstraat","Wateringen","Westland","Zuid-Holland",false,52.026722,4.264925,"material damage only","4","clear",false,1,"GM1783"
"20240075286",2024,"Letsel",2,"Personenauto","Fiets","Frontaal","Rotonde",50,"Niet brandend","Daglicht","Regen",\N,\N,"Folgeralaan","Drachten","Smallingerland","Friesland",false,53.125426,6.088831,"injury","2","rain",false,1,"GM0090"
"20240098941",2024,"Letsel",2,"Personenauto","Fiets","Flank","Rotonde",50,"Niet brandend","Daglicht","Droog",\N,\N,"Bloemendaalseweg","Overveen","Bloemendaal","Noord-Holland",false,52.392273,4.609636,"injury","2","clear",false,1,"GM0377"
"20240099362",2024,"Letsel",2,"Bromfiets","Fiets","Onbekend","Rechte weg",30,"Niet aanwezig","Duisternis","Droog",\N,\N,"Zandstraat","Hulst","Hulst","Zeeland",false,51.294338,4.062142,"injury","2","clear",false,1,"GM0677"