"accident_id","year","severity_raw","party_count","party1_type","party2_type","accident_type","road_situation","speed_limit_kmh","road_lighting","light_condition_label","weather_raw","infra_type","road_segment_id","street_name","place_name","gemeente_name_raw","province","alcohol_indicated","latitude","longitude","severity_label","severity_code","weather_label","built_up_area","cyclists_involved","gemeente_code"
"20230049963",2023,"Uitsluitend materiele schade",2,"Bromfiets","Fiets","Flank","Rechte weg",30,"Brandend","Duisternis","Droog",\N,"187327110","Breestraat","Leiden","Leiden","Zuid-Holland",false,52.157725,4.490921,"material damage only","4","clear",false,1,"GM0546"
"20230054035",2023,"Letsel",2,"Personenauto","Fiets","Flank","Kruispunt, 4 takken",50,"Niet brandend","Daglicht","Droog",\N,\N,"Kanaaldijk-Noord","Eindhoven","Eindhoven","Noord-Brabant",true,51.435177,5.503493,"injury","2","clear",false,1,"GM0772"
"20240131153",2024,"Letsel",2,"Personenauto","Fiets","Frontaal","Kruispunt, 4 takken",60,"Niet aanwezig","Schemer","Droog","Brug/viaduct",\N,"Keinsmerweg","Schagerbrug","Schagen","Noord-Holland",false,52.815515,4.787985,"injury","2","clear",false,1,"GM0441"
"20230040635",2023,"Letsel",2,"Bromfiets","Fiets","Frontaal","Kruispunt, 3 takken",30,"Niet brandend","Daglicht","Droog",\N,\N,"Pasteurstraat","Leiden","Leiden","Zuid-Holland",false,52.168551,4.493105,"injury","2","clear",false,1,"GM0546"
"20240130909",2024,"Letsel",2,"Personenauto","Fiets","Flank","Kruispunt, 3 takken",50,"Niet brandend","Daglicht","Droog",\N,\N,"Tulpenstraat","Volendam","Edam-Volendam","Noord-Holland",false,52.50046,5.06772,"injury","2","clear",false,1,"GM0385"
"20240132367",2024,"Letsel",2,"Personenauto","Fiets","Flank","Rotonde",50,"Niet brandend","Daglicht","Droog",\N,\N,"Nieuweweg","Wognum","Medemblik","Noord-Holland",false,52.689639,5.027513,"injury","2","clear",false,1,"GM0420"
"20230040127",2023,"Letsel",2,"Personenauto","Fiets","Flank","Kruispunt, 3 takken",30,"Niet brandend","Daglicht","Droog",\N,\N,"Selma Lagerlöflaan","'s-Gravenhage","'s-Gravenhage","Zuid-Holland",false,52.040281,4.230054,"injury","2","clear",false,1,"GM0518"
"20230040129",2023,"Uitsluitend materiele schade",2,"Bestelauto","Fiets","Flank","Kruispunt, 4 takken",50,"Niet brandend","Daglicht","Droog",\N,\N,"Prinses Beatrixlaan","Rijswijk","Rijswijk","Zuid-Holland",false,52.042711,4.308355,"material damage only","4","clear",false,1,\N
"20230042394",2023,"Letsel",2,"Personenauto","Fiets","Flank","Rechte weg",30,"Niet brandend","Daglicht","Droog",\N,"600377017","Speelhuislaan","Breda","Breda","Noord-Brabant",false,51.596823,4.778157,"injury","2","clear",false,1,"GM0758"
"20230044183",2023,"Uitsluitend materiele schade",2,"Personenauto","Fiets","Geparkeerd voertuig","Kruispunt, 3 takken",50,"Niet brandend","Daglicht","Droog",\N,\N,"Glashorst","Scherpenzeel","Scherpenzeel","Gelderland",false,52.083726,5.468626,"material damage only","4","clear",false,1,"GM0279"
"20230045954",2023,"Uitsluitend materiele schade",2,"Personenauto","Fiets","Flank","Kruispunt, 4 takken",50,"Niet brandend","Daglicht","Droog",\N,\N,"Mozartlaan","Enschede","Enschede","Overijssel",false,52.234576,6.882822,"material damage only","4","clear",false,1,"GM0153"
"20230048900",2023,"Uitsluitend materiele schade",3,"Personenauto","Fiets","Flank","Rechte weg",50,"Niet brandend","Daglicht","Droog",\N,"600587208","Hoogeveenseweg","Noordwijk","Noordwijk","Zuid-Holland",false,52.230039,4.464266,"material damage only","4","clear",false,1,"GM0575"
"20230050013",2023,"Letsel",2,"Fiets","Fiets","Onbekend","Rechte weg",50,"Brandend","Duisternis","Droog",\N,"161309137","Riviervismarkt","'s-Gravenhage","'s-Gravenhage","Zuid-Holland",false,52.076951,4.30712,"injury","2","clear",false,1,"GM0518"
"20240131645",2024,"Letsel",2,"Fiets","Personenauto","Flank","Kruispunt, 4 takken",30,"Niet brandend","Daglicht","Droog",\N,\N,"Derkinderenstraat","Amsterdam","Amsterdam","Noord-Holland",false,52.368137,4.840312,"injury","2","clear",false,1,"GM0363"
"20240132736",2024,"Uitsluitend materiele schade",2,"Fiets","Personenauto","Kop/staart","Kruispunt, 4 takken",50,"Brandend","Duisternis","Droog",\N,\N,"Melis Stokelaan","'s-Gravenhage","'s-Gravenhage","Zuid-Holland",false,52.055664,4.29966,"material damage only","4","clear",false,1,"GM0518"
"20240133670",2024,"Letsel",2,"Personenauto","Fiets","Frontaal","Kruispunt, 3 takken",50,"Niet brandend","Daglicht","Droog",\N,"600712690","Monsterseweg","'s-Gravenhage","'s-Gravenhage","Zuid-Holland",false,52.047569,4.219069,"injury","2","clear",false,1,"GM0518"
"20240133725",2024,"Letsel",2,"Fiets","Personenauto","Frontaal","Kruispunt, 4 takken",30,"Niet brandend","Daglicht","Regen",\N,\N,"Schoolstraat","Krimpen aan de Lek","Krimpenerwaard","Zuid-Holland",false,51.894111,4.624382,"injury","2","rain",false,1,"GM1931"
"20230038424",2023,"Uitsluitend materiele schade",2,"Bromfiets","Fiets","Frontaal","Bocht",\N,"Niet aanwezig","Daglicht","Droog",\N,"346297077","Klein Haversteeg","Ede","Ede","Gelderland",false,52.026272,5.656115,"material damage only","4","clear",false,1,"GM0228"
"20230039009",2023,"Letsel",1,"Fiets",\N,"Eenzijdig","Rechte weg",50,"Niet brandend","Daglicht","Regen",\N,"170292060","Mekelweg","Delft","Delft","Zuid-Holland",false,51.998167,4.374708,"injury","2","rain",false,1,"GM0503"
"20220231333",2022,"Uitsluitend materiele schade",2,"Personenauto","Fiets","Flank","Rotonde",50,"Niet aanwezig","Daglicht","Droog",\N,\N,"Witherenstraat","Venlo","Venlo","Limburg",false,51.367176,6.148066,"material damage only","4","clear",false,1,"GM0983"
"20220207353",2022,"Letsel",1,"e-bike",\N,"Eenzijdig","Rechte weg",60,"Niet brandend","Daglicht","Droog",\N,"250428004","Walingsdijk","Avenhorn","Koggenland","Noord-Holland",false,52.614127,4.948948,"injury","2","clear",false,1,"GM1598"
"20220219428",2022,"Letsel",2,"Bromfiets","Fiets","Flank","Bocht",50,"Niet brandend","Daglicht","Droog",\N,"165259078","Schenkelweg","Spijkenisse","Nissewaard","Zuid-Holland",false,51.848724,4.33723,"injury","2","clear",false,1,"GM1930"
"20220224401",2022,"Letsel",2,"Personenauto","Fiets","Flank","Kruispunt, 3 takken",30,"Niet brandend","Daglicht","Droog",\N,\N,"Koningin Julianastraat","Tholen","Tholen","Zeeland",false,51.53791,4.220858,"injury","2","clear",false,1,"GM0716"
"20220198841",2022,"Letsel",2,"Personenauto","Fiets","Frontaal","Rotonde",50,"Niet brandend","Daglicht","Droog",\N,\N,"Veenderweg","Ede","Ede","Gelderland",false,52.040803,5.656086,"injury","2","clear",false,1,"GM0228"
"20220211577",2022,"Letsel",2,"Bromfiets","Fiets","Flank","Rechte weg",50,"Brandend","Duisternis","Droog",\N,"600124800","Piet Heinkade","Amsterdam","Amsterdam","Noord-Holland",false,52.377255,4.914537,"injury","2","clear",false,1,"GM0363"
"20220215223",2022,"Letsel",2,"Personenauto","Fiets","Frontaal","Bocht",30,"Niet brandend","Daglicht","Droog",\N,"199356104","Hofzicht","Hillegom","Hillegom","Zuid-Holland",false,52.290844,4.580374,"injury","2","clear",false,1,"GM0534"
"20220215899",2022,"Letsel",3,"Bestelauto","Fiets","Flank","Rechte weg",30,"Niet brandend","Daglicht",\N,\N,"167295179","Ruys de Beerenbrouckstr","Delft","Delft","Zuid-Holland",false,52.014237,4.347757,"injury","2","unknown",false,1,"GM0503"
"20220219472",2022,"Letsel",2,"Bromfiets","e-bike","Flank","Kruispunt, 4 takken",30,"Niet brandend","Daglicht","Droog",\N,\N,"Pompenburg","Rotterdam","Rotterdam","Zuid-Holland",false,51.924633,4.479909,"injury","2","clear",false,1,"GM0599"
"20220220271",2022,"Letsel",2,"Bromfiets","e-bike","Flank","Kruispunt, 3 takken",30,"Niet brandend","Daglicht","Droog",\N,\N,"Harreweg","Schiedam","Schiedam","Zuid-Holland",false,51.937935,4.375729,"injury","2","clear",false,1,"GM0606"
"20220200346",2022,"Letsel",2,"Personenauto","e-bike","Flank","Kruispunt, 4 takken",30,"Brandend","Schemer","Droog",\N,\N,"Talingweg","Apeldoorn","Apeldoorn","Gelderland",false,52.199881,5.97051,"injury","2","clear",false,1,"GM0200"
"20220203210",2022,"Uitsluitend materiele schade",2,"Bestelauto","Fiets","Frontaal","Kruispunt, 4 takken",50,"Brandend","Schemer","Droog",\N,\N,"Kardinaal de Jongweg","Utrecht","Utrecht","Utrecht",false,52.102646,5.136281,"material damage only","4","clear",false,1,"GM0344"
"20220207447",2022,"Uitsluitend materiele schade",2,"Personenauto","Fiets","Flank","Rotonde",50,"Niet brandend","Daglicht","Droog",\N,\N,"Laan van Parijs","Alkmaar","Alkmaar","Noord-Holland",false,52.665258,4.766475,"material damage only","4","clear",false,1,"GM0361"
"20220208252",2022,"Uitsluitend materiele schade",3,"e-bike","Bestelauto","Flank","Kruispunt, 4 takken",50,"Niet brandend","Daglicht","Droog",\N,\N,"Walakker","Opperdoes","Medemblik","Noord-Holland",false,52.759353,5.083021,"material damage only","4","clear",false,1,"GM0420"
"20220208263",2022,"Uitsluitend materiele schade",3,"Personenauto","e-bike","Onbekend","Rotonde",\N,"Niet brandend","Daglicht","Droog",\N,\N,"Driemaster","De Rijp","Alkmaar","Noord-Holland",false,52.55818,4.843325,"material damage only","4","clear",false,1,"GM0361"
"20220215253",2022,"Uitsluitend materiele schade",2,"e-bike","Snorfiets","Flank","Kruispunt, 3 takken",30,"Brandend","Duisternis","Droog","Brug/viaduct",\N,"Geregracht","Leiden","Leiden","Zuid-Holland",false,52.153756,4.494222,"material damage only","4","clear",false,1,"GM0546"
"20220228143",2022,"Uitsluitend materiele schade",1,"Fiets",\N,"Voetganger","Rechte weg",30,"Niet aanwezig","Daglicht","Droog",\N,"600793635","Het Hooghemaal","Rosmalen","'s-Hertogenbosch","Noord-Brabant",false,51.732572,5.37098,"material damage only","4","clear",false,1,"GM0796"
"20220219586",2022,"Letsel",2,"Personenauto","e-bike","Onbekend","Kruispunt, 3 takken",50,"Niet brandend","Daglicht","Droog",\N,\N,"Kortekade","Rotterdam","Rotterdam","Zuid-Holland",false,51.92432,4.51675,"injury","2","clear",false,1,"GM0599"
"20220221032",2022,"Letsel",2,"Fiets","Fiets","Flank","Kruispunt, 3 takken",\N,"Niet brandend","Daglicht","Droog",\N,\N,"Smitsweg","Dordrecht","Dordrecht","Zuid-Holland",false,51.776709,4.662864,"injury","2","clear",false,1,"GM0505"
"20220200411",2022,"Uitsluitend materiele schade",2,"Personenauto","Fiets","Flank","Kruispunt, 4 takken",50,"Brandend","Duisternis","Regen",\N,\N,"Melkdam","Renkum","Renkum","Gelderland",false,51.972943,5.735466,"material damage only","4","rain",false,1,"GM0274"
"20220204768",2022,"Uitsluitend materiele schade",2,"Personenauto","Fiets","Onbekend","Kruispunt, 3 takken",30,"Niet brandend","Daglicht","Droog",\N,\N,"Biersteeg","Hilversum","Hilversum","Noord-Holland",false,52.224995,5.178603,"material damage only","4","clear",false,1,"GM0402"
"20220205466",2022,"Uitsluitend materiele schade",3,"Fiets","Fiets","Onbekend","Kruispunt, 4 takken",\N,"Brandend","Duisternis","Regen",\N,\N,"Mineurslaan","Utrecht","Utrecht","Utrecht",false,52.090594,5.106077,"material damage only","4","rain",false,1,"GM0344"
"20220219591",2022,"Letsel",2,"Bestelauto","Fiets","Flank","Kruispunt, 3 takken",30,"Niet brandend","Daglicht","Droog",\N,\N,"Geulstraat","Sliedrecht","Sliedrecht","Zuid-Holland",false,51.82605,4.764509,"injury","2","clear",false,1,"GM0610"
"20220225475",2022,"Uitsluitend materiele schade",2,"Bus","Fiets","Flank","Rotonde",50,"Niet brandend","Daglicht","Regen",\N,\N,"Kalenbergplaats","Tilburg","Tilburg","Noord-Brabant",false,51.577996,5.002058,"material damage only","4","rain",false,1,"GM0855"
"20220228272",2022,"Uitsluitend materiele schade",2,"Personenauto","Fiets","Flank","Rotonde",50,"Niet brandend","Daglicht","Droog",\N,\N,"Euterpelaan","Oss","Oss","Noord-Brabant",false,51.756256,5.511307,"material damage only","4","clear",false,1,"GM0828"
"20220205519",2022,"Letsel",1,"Fiets",\N,"Eenzijdig",\N,\N,\N,"Duisternis",\N,\N,\N,"Lucasbolwerk","Utrecht","Utrecht","Utrecht",false,52.092941,5.126225,"injury","2","unknown",false,1,"GM0344"
"20220205552",2022,"Uitsluitend materiele schade",2,"Personenauto","Fiets","Flank","Rotonde",50,"Niet brandend","Schemer","Regen",\N,\N,"Sluyterslaan","Nieuwegein","Nieuwegein","Utrecht",false,52.033187,5.086274,"material damage only","4","rain",false,1,"GM0356"
"20220207560",2022,"Letsel",2,"Personenauto","e-bike","Flank","Kruispunt, 4 takken",50,"Niet brandend","Daglicht","Droog",\N,\N,"Strengweg","Heemskerk","Heemskerk","Noord-Holland",false,52.507324,4.654387,"injury","2","clear",false,1,"GM0396"
"20220209204",2022,"Letsel",3,"Fiets","Dier","Dier","Rechte weg",30,"Niet brandend","Daglicht","Droog",\N,"215443004","Zwarteweg","Bergen (NH)","Bergen (NH)","Noord-Holland",false,52.67998,4.692339,"injury","2","clear",false,1,\N
"20220213790",2022,"Letsel",2,"Personenauto","e-bike","Los voorwerp","Kruispunt, 4 takken",50,"Niet brandend","Daglicht","Droog",\N,\N,"Noorderkeerkring","Alphen aan den Rijn","Alphen aan den Rijn","Zuid-Holland",false,52.123429,4.651504,"injury","2","clear",false,1,"GM0484"
"20220214675",2022,"Letsel",1,"Fiets",\N,"Eenzijdig","Rechte weg",50,"Niet brandend","Daglicht","Droog",\N,"600714411","Heulweg","Kwintsheul","Westland","Zuid-Holland",false,52.017875,4.259477,"injury","2","clear",false,1,"GM1783"
"20220215400",2022,"Letsel",2,"Bromfiets","Fiets","Flank","Kruispunt, 4 takken",50,"Niet brandend","Daglicht","Droog",\N,\N,"Hoofdweg-Zuid","Nieuwerkerk aan den IJssel","Zuidplas","Zuid-Holland",false,51.963866,4.593296,"injury","2","clear",false,1,"GM1892"
"20220216130",2022,"Letsel",1,"Fiets",\N,"Eenzijdig","Rechte weg",50,"Niet brandend","Daglicht","Droog",\N,"600662762","FIETSPAD","Leiderdorp","Leiderdorp","Zuid-Holland",false,52.156691,4.521104,"injury","2","clear",false,1,"GM0547"
"20220206703",2022,"Letsel",2,"e-bike","Personenauto","Flank","Kruispunt, 3 takken",50,"Niet brandend","Daglicht","Droog",\N,\N,"FIETSPAD","Purmerend","Purmerend","Noord-Holland",false,52.498013,4.981208,"injury","2","clear",false,1,"GM0439"
"20220212638",2022,"Letsel",3,"Personenauto","Fiets","Onbekend","Kruispunt, 4 takken",50,"Niet brandend","Daglicht","Droog",\N,\N,"Maartensdijklaan","'s-Gravenhage","'s-Gravenhage","Zuid-Holland",false,52.054711,4.273203,"injury","2","clear",false,1,"GM0518"
"20220208506",2022,"Letsel",2,"Snorfiets","Fiets","Flank","Kruispunt, 3 takken",30,"Brandend","Schemer","Droog",\N,\N,"Provincialeweg","Zaandam","Zaanstad","Noord-Holland",false,52.447782,4.807228,"injury","2","clear",false,1,"GM0479"
"20220212745",2022,"Letsel",3,"Bestelauto","Fiets","Eenzijdig","Kruispunt, 3 takken",60,"Niet brandend","Schemer","Droog",\N,\N,"Opstalweg","Naaldwijk","Westland","Zuid-Holland",false,51.98956,4.19576,"injury","2","clear",false,1,"GM1783"
"20220213894",2022,"Letsel",2,"Personenauto","Fiets","Flank","Kruispunt, 4 takken",50,"Niet brandend","Daglicht","Droog",\N,\N,"Lozerlaan","'s-Gravenhage","'s-Gravenhage","Zuid-Holland",false,52.038107,4.250949,"injury","2","clear",false,1,"GM0518"
"20220216213",2022,"Letsel",2,"Personenauto","Fiets","Flank","Kruispunt, 4 takken",50,"Brandend","Schemer","Droog",\N,\N,"WAALSDORPERLAAN","'s-Gravenhage","'s-Gravenhage","Zuid-Holland",false,52.099295,4.346575,"injury","2","clear",false,1,"GM0518"
"20220231003",2022,"Uitsluitend materiele schade",2,"Personenauto","Fiets","Los voorwerp","Rechte weg",50,"Niet brandend","Daglicht","Droog",\N,"397158003","Steeg","Sevenum","Horst aan de Maas","Limburg",false,51.399632,6.019071,"material damage only","4","clear",false,1,"GM1507"
"20220199910",2022,"Letsel",2,"Fiets","Fiets","Onbekend","Rechte weg",50,"Brandend","Daglicht","Droog",\N,\N,"Couperuslaan","Harderwijk","Harderwijk","Gelderland",false,52.345999,5.634898,"injury","2","clear",false,1,"GM0243"
"20220209318",2022,"Uitsluitend materiele schade",2,"Fiets","Bestelauto","Frontaal","Rotonde",50,"Niet brandend","Daglicht","Droog",\N,\N,"Weerpad","Zaandam","Zaanstad","Noord-Holland",false,52.435332,4.854646,"material damage only","4","clear",false,1,"GM0479"
"20220211218",2022,"Uitsluitend materiele schade",2,"Fiets","Fiets","Flank","Kruispunt, 4 takken",\N,"Brandend","Duisternis","Regen",\N,\N,"Overtoom","Amsterdam","Amsterdam","Noord-Holland",false,52.363621,4.878777,"material damage only","4","rain",false,1,"GM0363"
"20220217622",2022,"Uitsluitend materiele schade",2,"Bromfiets","Fiets","Frontaal",\N,50,"Brandend","Duisternis","Droog",\N,\N,"Karnemelksloot","Gouda","Gouda","Zuid-Holland",false,52.014525,4.721298,"material damage only","4","clear",false,1,"GM0513"
"20220210538",2022,"Uitsluitend materiele schade",2,"Fiets","Personenauto","Kop/staart","Rechte weg",30,"Brandend","Duisternis","Droog",\N,"246372041","Sarphatistraat","Amsterdam","Amsterdam","Noord-Holland",false,52.364113,4.919978,"material damage only","4","clear",false,1,"GM0363"
"20220217684",2022,"Letsel",1,"Fiets",\N,"Eenzijdig",\N,30,\N,"Duisternis",\N,\N,"600925242","Endegeesterlaan","Oegstgeest","Oegstgeest","Zuid-Holland",false,52.177324,4.465979,"injury","2","unknown",false,1,"GM0579"
"20220220648",2022,"Letsel",2,"Fiets","Fiets","Frontaal","Rechte weg",50,"Niet brandend","Daglicht","Droog","Tunnel","600656068","FIETSPAD","Dordrecht","Dordrecht","Zuid-Holland",false,51.76191,4.734503,"injury","2","clear",false,1,"GM0505"
"20220227665",2022,"Letsel",2,"Fiets","Fiets","Flank","Rechte weg",30,"Niet brandend","Daglicht","Droog",\N,"600941605","Heschepad","Oss","Oss","Noord-Brabant",false,51.765183,5.525203,"injury","2","clear",false,1,"GM0828"
"20220206929",2022,"Uitsluitend materiele schade",2,"Personenauto","Fiets","Flank","Kruispunt, 3 takken",50,"Niet brandend","Daglicht","Droog",\N,\N,"De Wildeman","Koog aan de Zaan","Zaanstad","Noord-Holland",false,52.461118,4.796919,"material damage only","4","clear",false,1,"GM0479"
"20220214051",2022,"Letsel",1,"Fiets",\N,"Eenzijdig","Rechte weg",\N,"Niet aanwezig","Daglicht","Droog","Brug/viaduct","165286003","Sint Maartensrechtpad","Delft","Delft","Zuid-Holland",false,51.974267,4.338171,"injury","2","clear",false,1,"GM0503"
"20220217047",2022,"Letsel",1,"e-bike",\N,"Eenzijdig","Kruispunt, 4 takken",\N,\N,"Daglicht",\N,"Brug/viaduct",\N,"Zwetkade Noord","Wateringen","Westland","Zuid-Holland",false,52.004795,4.285265,"injury","2","unknown",false,1,"GM1783"
"20220219965",2022,"Uitsluitend materiele schade",2,"Fiets","Bestelauto","Onbekend","Kruispunt, 3 takken",50,\N,"Daglicht","Droog",\N,\N,"Harwichweg","Hoek van Holland","Rotterdam","Zuid-Holland",false,51.978372,4.12687,"material damage only","4","clear",false,1,"GM0599"
"20220202818",2022,"Letsel",2,"Personenauto","Fiets","Flank","Kruispunt, 3 takken",50,"Niet brandend","Daglicht","Regen",\N,\N,"Camera Obscurastraat","Amersfoort","Amersfoort","Utrecht",false,52.172818,5.390498,"injury","2","rain",false,1,"GM0307"
"20220207008",2022,"Uitsluitend materiele schade",2,"Personenauto","Fiets","Flank","Kruispunt, 3 takken",50,"Niet brandend","Daglicht","Droog",\N,\N,"Rigastraat","Wormer","Wormerland","Noord-Holland",false,52.490905,4.812434,"material damage only","4","clear",false,1,"GM0880"
"20220212025",2022,"Letsel",2,"Bestelauto","Fiets","Frontaal","Kruispunt, 3 takken",30,"Niet brandend","Daglicht","Regen",\N,\N,"Reinwardtstraat","Amsterdam","Amsterdam","Noord-Holland",false,52.361826,4.930549,"injury","2","rain",false,1,"GM0363"
"20220213284",2022,"Letsel",2,"Fiets","Voetganger","Voetganger","Rechte weg",30,"Niet brandend","Daglicht","Droog",\N,"600731547","Zoeterwoudsesingel","Leiden","Leiden","Zuid-Holland",false,52.15448,4.503268,"injury","2","clear",false,1,"GM0546"
"20220215641",2022,"Letsel",3,"Personenauto","Fiets","Flank","Rechte weg",30,\N,"Daglicht","Droog",\N,"214318003","Kortsteekterweg","Alphen aan den Rijn","Alphen aan den Rijn","Zuid-Holland",false,52.117395,4.69304,"injury","2","clear",false,1,"GM0484"
"20220220001",2022,"Letsel",2,"Personenauto","Fiets","Los voorwerp","Kruispunt, 3 takken",50,"Brandend","Duisternis","Droog",\N,\N,"Pluvierstraat","Capelle aan den IJssel","Capelle aan den IJssel","Zuid-Holland",false,51.928478,4.593469,"injury","2","clear",false,1,"GM0502"
"20220199421",2022,"Uitsluitend materiele schade",2,"Personenauto","Fiets","Flank","Kruispunt, 3 takken",50,"Niet brandend","Daglicht","Droog",\N,\N,"Frankhuizerallee","Zwolle","Zwolle","Overijssel",false,52.530248,6.053068,"material damage only","4","clear",false,1,"GM0193"
"20220202861",2022,"Letsel",2,"Bestelauto","e-bike","Frontaal","Kruispunt, 4 takken",50,"Brandend","Duisternis","Droog",\N,\N,"Utrechtsestraatweg","Nieuwegein","Nieuwegein","Utrecht",false,52.042097,5.098676,"injury","2","clear",false,1,"GM0356"
"20220213309",2022,"Uitsluitend materiele schade",2,"Bus","Fiets","Flank","Kruispunt, 4 takken",50,"Brandend","Duisternis","Droog",\N,\N,"Burgemeester Patijnlaan","'s-Gravenhage","'s-Gravenhage","Zuid-Holland",false,52.087969,4.296054,"material damage only","4","clear",false,1,"GM0518"
"20220214125",2022,"Uitsluitend materiele schade",2,"Bromfiets","Fiets","Frontaal","Kruispunt, 3 takken",50,"Niet brandend","Daglicht","Droog","Brug/viaduct",\N,"Geestweg","Naaldwijk","Westland","Zuid-Holland",false,51.999049,4.193801,"material damage only","4","clear",false,1,"GM1783"
"20220214157",2022,"Letsel",2,"Personenauto","Fiets","Frontaal","Kruispunt, 4 takken",50,"Niet brandend","Daglicht","Droog",\N,\N,"Waldorpstraat","'s-Gravenhage","'s-Gravenhage","Zuid-Holland",false,52.063426,4.313322,"injury","2","clear",false,1,"GM0518"
"20220228618",2022,"Uitsluitend materiele schade",2,"Personenauto","Fiets","Flank","Kruispunt, 4 takken",30,"Niet brandend","Daglicht","Droog",\N,\N,"Schoolstraat","Rosmalen","'s-Hertogenbosch","Noord-Brabant",false,51.718544,5.36221,"material damage only","4","clear",false,1,"GM0796"
"20220231987",2022,"Uitsluitend materiele schade",2,"Personenauto","Fiets","Flank","Rotonde",50,"Brandend","Duisternis","Sneeuw/Hagel",\N,\N,"John F. Kennedysingel","Melick","Roerdalen","Limburg",false,51.160679,6.007748,"material damage only","4","unknown",false,1,"GM1669"
"20220215015",2022,"Letsel",3,"Personenauto","Fiets","Onbekend","Kruispunt, 3 takken",30,"Niet brandend","Daglicht","Droog",\N,\N,"Hoefkade","'s-Gravenhage","'s-Gravenhage","Zuid-Holland",false,52.070262,4.317655,"injury","2","clear",false,1,"GM0518"
"20220217829",2022,"Uitsluitend materiele schade",3,"Fiets","Fiets","Dier","Rechte weg",50,"Niet brandend","Daglicht","Droog",\N,"600749732","Korteraarseweg","Ter Aar","Nieuwkoop","Zuid-Holland",false,52.17246,4.732273,"material damage only","4","clear",false,1,"GM0569"
"20220231248",2022,"Uitsluitend materiele schade",2,"Personenauto","Fiets","Flank","Kruispunt, 4 takken",30,"Niet brandend","Daglicht","Droog",\N,\N,"Schout Kellenerstraat","Roermond","Roermond","Limburg",false,51.200279,6.014899,"material damage only","4","clear",false,1,"GM0957"
"20220207226",2022,"Letsel",2,"Bestelauto","Fiets","Flank","Kruispunt, 3 takken",30,"Niet brandend","Daglicht","Droog",\N,\N,"Oranjestraat","Monnickendam","Waterland","Noord-Holland",false,52.45521,5.034354,"injury","2","clear",false,1,"GM0852"
"20220208115",2022,"Uitsluitend materiele schade",2,"Fiets","Snorfiets","Flank","Kruispunt, 4 takken",50,"Niet brandend","Daglicht","Droog",\N,\N,"Provincialeweg","Zaandam","Zaanstad","Noord-Holland",false,52.441791,4.812862,"material damage only","4","clear",false,1,"GM0479"
"20240133929",2024,"Letsel",2,"Bestelauto","Fiets","Frontaal","Rechte weg",50,"Brandend","Duisternis","Droog",\N,"156303098","Hengelolaan","'s-Gravenhage","'s-Gravenhage","Zuid-Holland",false,52.049472,4.272569,"injury","2","clear",false,1,"GM0518"
"20240140375",2024,"Uitsluitend materiele schade",2,"Personenauto","Fiets","Flank","Kruispunt, 3 takken",60,"Niet brandend","Daglicht","Droog",\N,\N,"Langenkampweg","Enschede","Enschede","Overijssel",false,52.24926,6.851058,"material damage only","4","clear",false,1,"GM0153"
"20240142117",2024,"Uitsluitend materiele schade",2,"Fiets","Personenauto","Flank","Kruispunt, 4 takken",50,"Niet brandend","Daglicht","Regen",\N,\N,"Jan van Galenstraat","Amsterdam","Amsterdam","Noord-Holland",false,52.372584,4.838298,"material damage only","4","rain",false,1,"GM0363"
"20240142140",2024,"Letsel",2,"Fiets","Motor","Flank","Kruispunt, 4 takken",30,"Niet brandend","Daglicht","Droog",\N,\N,"Kinkerstraat","Amsterdam","Amsterdam","Noord-Holland",false,52.364871,4.862741,"injury","2","clear",false,1,"GM0363"
"20240140416",2024,"Letsel",2,"Personenauto","Fiets","Flank","Rotonde",50,"Niet brandend","Daglicht","Sneeuw/Hagel",\N,\N,"Van Steenbergenweg","Ede","Ede","Gelderland",false,52.023626,5.643677,"injury","2","unknown",false,1,"GM0228"
"20240143158",2024,"Letsel",3,"Fiets","Fiets","Los voorwerp","Rechte weg",50,"Niet brandend","Daglicht","Regen",\N,"221307062","Goudseweg","Bodegraven","Bodegraven-Reeuwijk","Zuid-Holland",false,52.072326,4.742472,"injury","2","rain",false,1,"GM1901"
"20240145006",2024,"Letsel",2,"Bestelauto","Fiets","Flank","Kruispunt, 4 takken",30,"Niet brandend","Daglicht","Droog",\N,\N,"Bonkelaarplein","Sliedrecht","Sliedrecht","Zuid-Holland",false,51.824213,4.772755,"injury","2","clear",false,1,"GM0610"
"20240139739",2024,"Letsel",3,\N,"Fiets","Geparkeerd voertuig","Rechte weg",30,"Niet brandend","Daglicht","Droog",\N,"601137497","Doniaweg","Hallum","Noardeast-Fryslân","Friesland",false,53.308004,5.777437,"injury","2","clear",false,1,"GM1970"
"20240141786",2024,"Uitsluitend materiele schade",2,"Personenauto","Fiets","Flank","Rotonde",50,"Brandend","Schemer","Droog",\N,\N,"Beneluxlaan","Heemskerk","Heemskerk","Noord-Holland",false,52.496448,4.678717,"material damage only","4","clear",false,1,"GM0396"
"20240134052",2024,"Letsel",2,"Personenauto","Fiets","Flank","Kruispunt, 3 takken",60,"Niet brandend","Daglicht","Regen",\N,\N,"Dijklaan","Bergambacht","Krimpenerwaard","Zuid-Holland",false,51.921073,4.785161,"injury","2","rain",false,1,"GM1931"
"20240135261",2024,"Letsel",1,"Fiets",\N,"Onbekend","Rechte weg",30,"Brandend","Duisternis","Droog",\N,"601242576","Mathenesserweg","Rotterdam","Rotterdam","Zuid-Holland",false,51.913784,4.435504,"injury","2","clear",false,1,"GM0599"
"20240140498",2024,"Uitsluitend materiele schade",2,"Personenauto","Fiets","Frontaal","Rotonde",50,"Niet brandend","Daglicht","Droog",\N,\N,"Vaartweg","Hilversum","Hilversum","Noord-Holland",false,52.223066,5.157813,"material damage only","4","clear",false,1,"GM0402"
"20240142244",2024,"Letsel",2,"Personenauto","Fiets","Flank","Rotonde",50,"Niet brandend","Daglicht","Regen",\N,\N,"Hertog Aalbrechtweg","Alkmaar","Alkmaar","Noord-Holland",false,52.642378,4.763385,"injury","2","rain",false,1,"GM0361"