"accident_id","year","severity_raw","party_count","party1_type","party2_type","accident_type","road_situation","speed_limit_kmh","road_lighting","light_condition_label","weather_raw","infra_type","road_segment_id","street_name","place_name","gemeente_name_raw","province","alcohol_indicated","latitude","longitude","severity_label","severity_code","weather_label","built_up_area","cyclists_involved","gemeente_code"
"20240156388",2024,"Uitsluitend materiele schade",2,"Personenauto","Fiets","Flank","Kruispunt, 4 takken",30,"Niet brandend","Daglicht","Droog",\N,\N,"Daniël Stalpaertstraat","Eindhoven","Eindhoven","Noord-Brabant",false,51.462407,5.455373,"material damage only","4","clear",false,1,"GM0772"
"20240154778",2024,"Uitsluitend materiele schade",2,"Personenauto","Fiets","Onbekend","Kruispunt, 3 takken",30,"Brandend","Duisternis","Regen",\N,\N,"Havenstraat","Rotterdam","Rotterdam","Zuid-Holland",false,51.906578,4.451675,"material damage only","4","rain",false,1,"GM0599"
"20240007203",2024,"Letsel",1,"Fiets",\N,"Onbekend","Rechte weg",30,"Niet brandend","Daglicht","Droog",\N,"600731034","Langegracht","Leiden","Leiden","Zuid-Holland",false,52.162843,4.497871,"injury","2","clear",false,1,"GM0546"
"20240024144",2024,"Uitsluitend materiele schade",2,"Bestelauto","Fiets","Frontaal","Kruispunt, 4 takken",30,"Brandend","Duisternis","Regen",\N,\N,"Kruisstraat","Oss","Oss","Noord-Brabant",false,51.76647,5.521411,"material damage only","4","rain",false,1,"GM0828"
"20240024954",2024,"Letsel",2,"Personenauto","Fiets","Onbekend","Kruispunt, 3 takken",50,"Niet brandend","Daglicht","Droog",\N,\N,"Burg Prinsensingel","Roosendaal","Roosendaal","Noord-Brabant",false,51.53806,4.461347,"injury","2","clear",false,1,"GM1674"
"20240000361",2024,"Uitsluitend materiele schade",2,"Personenauto","Fiets","Flank","Bocht",50,"Brandend","Daglicht","Droog",\N,\N,"Prins Hendrikstraat","Zevenbergen","Moerdijk","Noord-Brabant",false,51.643158,4.609706,"material damage only","4","clear",false,1,"GM1709"
"20230109856",2023,"Uitsluitend materiele schade",2,"Personenauto","Fiets","Geparkeerd voertuig","Rechte weg",30,"Brandend","Duisternis","Droog",\N,"320164090","Busonilaan","Eindhoven","Eindhoven","Noord-Brabant",false,51.427183,5.461444,"material damage only","4","clear",false,1,"GM0772"
"20230112233",2023,"Uitsluitend materiele schade",2,"Bestelauto","Fiets","Onbekend","Rechte weg",50,"Brandend","Duisternis","Droog",\N,"600108024","Monseigneur van Steelaan","Voorburg","Leidschendam-Voorburg","Zuid-Holland",false,52.080571,4.363023,"material damage only","4","clear",false,1,"GM1916"
"20230024264",2023,"Letsel",3,"Fiets","Fiets","Onbekend","Rechte weg",80,"Niet brandend","Daglicht","Droog",\N,"261398011","Jaagweg","Katwoude","Waterland","Noord-Holland",false,52.475221,5.031183,"injury","2","clear",false,1,"GM0852"
"20240028844",2024,"Uitsluitend materiele schade",2,"Fiets","Fiets","Kop/staart","Rechte weg",30,"Niet brandend","Daglicht","Droog",\N,\N,"Hollywoodlaan","Almere","Almere","Flevoland",false,52.372164,5.233827,"material damage only","4","clear",false,1,"GM0034"
"20230030011",2023,"Uitsluitend materiele schade",2,"Fiets","Fiets","Flank","Kruispunt, 4 takken",50,"Niet brandend","Daglicht","Droog",\N,\N,"Mathenesserweg","Rotterdam","Rotterdam","Zuid-Holland",false,51.913133,4.433923,"material damage only","4","clear",false,1,"GM0599"
"20230034298",2023,"Letsel",2,"Personenauto","Fiets","Frontaal","Bocht",50,"Niet brandend","Daglicht","Droog",\N,"600884452","Eendenveld","Emmen","Emmen","Drenthe",false,52.748259,6.88286,"injury","2","clear",false,1,"GM0114"
"20240030372",2024,"Letsel",2,"Personenauto","Fiets","Frontaal","Kruispunt, 4 takken",30,"Niet brandend","Daglicht","Regen",\N,\N,"Vermiljoenstraat","Rijswijk","Rijswijk","Zuid-Holland",false,52.04206,4.314125,"injury","2","rain",false,1,\N
"20230028889",2023,"Uitsluitend materiele schade",2,"Personenauto","Fiets","Onbekend","Rechte weg",50,"Brandend","Duisternis","Droog",\N,"273195013","Bosscheweg","Berkel-Enschot","Tilburg","Noord-Brabant",false,51.570241,5.127541,"material damage only","4","clear",false,1,"GM0855"
"20230030614",2023,"Uitsluitend materiele schade",2,"Personenauto","Fiets","Flank","Rotonde",50,"Niet brandend","Daglicht","Droog",\N,\N,"Boterbloem","Boxmeer","Land van Cuijk","Noord-Brabant",false,51.658112,5.94207,"material damage only","4","clear",false,1,"GM1982"
"20230032668",2023,"Letsel",2,"Fiets","Fiets","Flank","Rotonde",50,"Niet brandend","Daglicht","Droog",\N,\N,"Schoolstraat","Rosmalen","'s-Hertogenbosch","Noord-Brabant",false,51.719995,5.364691,"injury","2","clear",false,1,"GM0796"
"20240031110",2024,"Letsel",2,"Motor","Fiets","Flank","Kruispunt, 4 takken",30,"Niet brandend","Daglicht","Droog",\N,\N,"Nassaukade","Amsterdam","Amsterdam","Noord-Holland",false,52.363707,4.878734,"injury","2","clear",false,1,"GM0363"
"20230068132",2023,"Uitsluitend materiele schade",2,"Personenauto","Fiets","Flank","Kruispunt, 4 takken",50,"Niet aanwezig","Daglicht","Droog",\N,\N,"Wilgenplaslaan","Rotterdam","Rotterdam","Zuid-Holland",false,51.954373,4.468107,"material damage only","4","clear",false,1,"GM0599"
"20230019165",2023,"Letsel",3,"Fiets","Overig wegmeubilair","Vast voorwerp","Kruispunt, 4 takken",50,"Niet brandend","Daglicht","Droog",\N,\N,"Oude Zevenhuizerstraat","Amersfoort","Amersfoort","Utrecht",false,52.201633,5.388324,"injury","2","clear",false,1,"GM0307"
"20230029502",2023,"Uitsluitend materiele schade",3,"Personenauto","e-bike","Onbekend","Kruispunt, 4 takken",50,"Brandend","Duisternis","Droog",\N,\N,"Pleinweg","Rotterdam","Rotterdam","Zuid-Holland",false,51.889548,4.488536,"material damage only","4","clear",false,1,"GM0599"
"20230033395",2023,"Uitsluitend materiele schade",2,"Fiets","Personenauto","Flank","Kruispunt, 4 takken",30,"Niet brandend","Daglicht","Droog",\N,\N,"Driekuilenstraat","Elsloo","Stein","Limburg",false,50.950241,5.76567,"material damage only","4","clear",false,1,\N
"20230073993",2023,"Letsel",2,"Personenauto","Fiets","Flank","Kruispunt, 3 takken",50,"Niet brandend","Daglicht","Droog",\N,\N,"Generaal Hackettlaan","Ede","Ede","Gelderland",false,52.035795,5.679644,"injury","2","clear",false,1,"GM0228"
"20230073998",2023,"Uitsluitend materiele schade",2,"Personenauto","Fiets","Flank","Rotonde",50,"Niet brandend","Daglicht","Droog",\N,\N,"Nordlaan","Velp","Rheden","Gelderland",false,51.996034,5.963008,"material damage only","4","clear",false,1,"GM0275"
"20230019803",2023,"Letsel",1,"Fiets",\N,"Eenzijdig","Rechte weg",50,"Niet brandend","Daglicht","Droog",\N,\N,"Amalia van Solmslaan","Ermelo","Ermelo","Gelderland",false,52.302859,5.621862,"injury","2","clear",false,1,"GM0233"
"20230020931",2023,"Uitsluitend materiele schade",3,"Personenauto","Fiets","Flank","Rotonde",50,"Niet brandend","Daglicht","Droog",\N,\N,"Louis Davidsstraat","Amsterdam","Amsterdam","Noord-Holland",false,52.350903,4.811122,"material damage only","4","clear",false,1,"GM0363"
"20230030138",2023,"Letsel",1,"Fiets",\N,"Eenzijdig","Rechte weg",30,"Niet brandend","Daglicht","Regen",\N,"600898623","Weeresteinstraat","Hillegom","Hillegom","Zuid-Holland",false,52.302907,4.58389,"injury","2","rain",false,1,"GM0534"
"20230032765",2023,"Uitsluitend materiele schade",1,"Fiets",\N,"Onbekend",\N,\N,\N,"Daglicht",\N,\N,"321177034","Opera","Eindhoven","Eindhoven","Noord-Brabant",false,51.489644,5.472551,"material damage only","4","unknown",false,1,"GM0772"
"20240030418",2024,"Uitsluitend materiele schade",2,"Personenauto","Fiets","Flank","Kruispunt, 3 takken",30,"Niet brandend","Daglicht","Droog",\N,\N,"Reina Prinsen Geerligsdr","Hoofddorp","Haarlemmermeer","Noord-Holland",false,52.297822,4.669425,"material damage only","4","clear",false,1,"GM0394"
"20230075558",2023,"Uitsluitend materiele schade",2,"Personenauto","Fiets","Flank","Rechte weg",30,"Niet brandend","Daglicht","Droog",\N,"283343004","Radiostraat","Hilversum","Hilversum","Noord-Holland",false,52.23275,5.191387,"material damage only","4","clear",false,1,"GM0402"
"20230016351",2023,"Letsel",2,"Personenauto","Fiets","Flank","Kruispunt, 3 takken",50,"Niet brandend","Daglicht","Droog",\N,\N,"Geert Grootelaan","Hilversum","Hilversum","Noord-Holland",false,52.216138,5.133662,"injury","2","clear",false,1,"GM0402"
"20230022097",2023,"Uitsluitend materiele schade",2,"Fiets","Fiets","Onbekend",\N,50,\N,"Daglicht",\N,\N,"162307074","Parallelweg","'s-Gravenhage","'s-Gravenhage","Zuid-Holland",false,52.066493,4.315225,"material damage only","4","unknown",false,1,"GM0518"
"20230029570",2023,"Letsel",2,"Personenauto","Fiets","Flank","Rotonde",50,"Niet brandend","Daglicht","Droog",\N,\N,"Rijksstraatweg","Delft","Delft","Zuid-Holland",false,52.00634,4.381495,"injury","2","clear",false,1,"GM0503"
"20240028867",2024,"Uitsluitend materiele schade",2,"Personenauto","Fiets","Flank","Rotonde",50,"Niet brandend","Daglicht","Droog",\N,\N,"Arnhemse Bovenweg","Zeist","Zeist","Utrecht",false,52.082198,5.246413,"material damage only","4","clear",false,1,"GM0355"
"20230033002",2023,"Uitsluitend materiele schade",3,"Bestelauto","Fiets","Flank","Rechte weg",50,"Brandend","Daglicht","Droog",\N,"377108010","Pater Jac. Schreursweg","Heel","Maasgouw","Limburg",false,51.176562,5.872291,"material damage only","4","clear",false,1,"GM1641"
"20230068930",2023,"Uitsluitend materiele schade",3,"Snorfiets","Fiets","Onbekend","Kruispunt, 4 takken",30,"Brandend","Schemer","Droog",\N,\N,"Van Boetzelaerstraat","Alphen aan den Rijn","Alphen aan den Rijn","Zuid-Holland",false,52.128858,4.664775,"material damage only","4","clear",false,1,"GM0484"
"20230076358",2023,"Letsel",2,"Personenauto","Fiets","Flank","Kruispunt, 4 takken",50,"Niet brandend","Daglicht","Droog",\N,\N,"Hoogaarslaan","Zaandam","Zaanstad","Noord-Holland",false,52.453462,4.832468,"injury","2","clear",false,1,"GM0479"
"20230076592",2023,"Letsel",3,"Personenauto","Fiets","Onbekend","Kruispunt, 4 takken",50,"Niet brandend","Daglicht","Droog",\N,\N,"Amersfoortsestraatweg","Naarden","Gooise Meren","Noord-Holland",false,52.282995,5.179622,"injury","2","clear",false,1,"GM1942"
"20230077128",2023,"Letsel",2,"Personenauto","Fiets","Flank","Rotonde",50,"Niet brandend","Daglicht","Droog",\N,\N,"Piet Heinplein","Noordwijk","Noordwijk","Zuid-Holland",false,52.244406,4.440866,"injury","2","clear",false,1,"GM0575"
"20230024450",2023,"Uitsluitend materiele schade",2,"Personenauto","Fiets","Flank","Bocht",30,"Niet brandend","Daglicht","Droog",\N,"600416111","Oostelijke Handelskade","Amsterdam","Amsterdam","Noord-Holland",false,52.373774,4.938423,"material damage only","4","clear",false,1,"GM0363"
"20230026168",2023,"Letsel",2,"Bromfiets","Fiets","Kop/staart","Kruispunt, 3 takken",50,"Niet brandend","Daglicht","Droog",\N,\N,"Stationsplein","Rotterdam","Rotterdam","Zuid-Holland",false,51.9227,4.470064,"injury","2","clear",false,1,"GM0599"
"20240028451",2024,"Uitsluitend materiele schade",2,"Bestelauto","Fiets","Onbekend","Kruispunt, 4 takken",50,"Niet brandend","Daglicht","Droog",\N,\N,"Hilvertsweg","Hilversum","Hilversum","Noord-Holland",false,52.211515,5.167538,"material damage only","4","clear",false,1,"GM0402"
"20230033217",2023,"Uitsluitend materiele schade",2,"Personenauto","Fiets","Flank","Kruispunt, 3 takken",50,"Niet brandend","Daglicht","Droog",\N,\N,"Burg van Houtlaan","Helmond","Helmond","Noord-Brabant",false,51.477701,5.6708,"material damage only","4","clear",false,1,"GM0794"
"20230036281",2023,"Letsel",2,"Fiets","Voetganger","Voetganger","Kruispunt, 4 takken",30,"Niet brandend","Daglicht","Droog",\N,\N,"Kleine Gelkingestraat","Groningen","Groningen","Groningen",false,53.215598,6.569799,"injury","2","clear",false,1,"GM0014"
"20230069775",2023,"Letsel",2,"Bromfiets","Fiets","Onbekend","Rechte weg",30,"Niet brandend","Daglicht","Regen",\N,\N,"Laan van Kans","'s-Gravenhage","'s-Gravenhage","Zuid-Holland",false,52.044634,4.36113,"injury","2","rain",false,1,"GM0518"
"20230077270",2023,"Letsel",1,"Fiets",\N,"Eenzijdig","Rechte weg",50,"Niet brandend","Daglicht","Droog",\N,"171294079","Rijksweg A13","Delft","Delft","Zuid-Holland",false,52.005433,4.384544,"injury","2","clear",false,1,"GM0503"
"20230077368",2023,"Uitsluitend materiele schade",2,"Bestelauto","Fiets","Frontaal","Kruispunt, 3 takken",50,"Niet brandend","Daglicht","Droog",\N,\N,"S.M. Hugo van Gijnweg","Dordrecht","Dordrecht","Zuid-Holland",false,51.79218,4.669048,"material damage only","4","clear",false,1,"GM0505"
"20230018124",2023,"Uitsluitend materiele schade",2,"Personenauto","Fiets","Flank","Kruispunt, 3 takken",50,"Niet brandend","Daglicht","Droog",\N,\N,"Zuiderlicht","Heerhugowaard","Dijk en Waard","Noord-Holland",false,52.645921,4.811602,"material damage only","4","clear",false,1,"GM1980"
"20230018141",2023,"Letsel",2,"Bromfiets","Fiets","Flank","Kruispunt, 4 takken",80,"Niet brandend","Daglicht","Droog",\N,\N,"Kruisweg","Hoofddorp","Haarlemmermeer","Noord-Holland",false,52.317718,4.670521,"injury","2","clear",false,1,"GM0394"
"20230020479",2023,"Uitsluitend materiele schade",3,"Fiets","Fiets","Onbekend","Rechte weg",\N,"Brandend","Duisternis","Droog",\N,"600760346","Jachthavenweg","Amsterdam","Amsterdam","Noord-Holland",false,52.332875,4.855137,"material damage only","4","clear",false,1,"GM0363"
"20230022719",2023,"Letsel",2,"Fiets","Fiets","Onbekend","Rechte weg",30,"Brandend","Duisternis","Droog",\N,"600717729","Tramkade","Den Hoorn","Midden-Delfland","Zuid-Holland",false,51.993475,4.32641,"injury","2","clear",false,1,"GM1842"
"20230023279",2023,"Letsel",2,"Personenauto","Fiets","Onbekend","Bocht",15,"Niet brandend","Daglicht","Droog",\N,"600430137","Willem Dreesstraat","Alphen aan den Rijn","Alphen aan den Rijn","Zuid-Holland",false,52.130135,4.666711,"injury","2","clear",false,1,"GM0484"
"20240029248",2024,"Uitsluitend materiele schade",2,"Personenauto","Fiets","Flank","Kruispunt, 4 takken",50,"Niet brandend","Daglicht","Droog",\N,\N,"Hindersteinlaan","Vleuten","Utrecht","Utrecht",false,52.103493,5.021674,"material damage only","4","clear",false,1,"GM0344"
"20240029766",2024,"Letsel",1,"Fiets",\N,"Onbekend","Rechte weg",30,"Brandend","Schemer","Droog","Brug/viaduct","186328053","Galgewater","Leiden","Leiden","Zuid-Holland",false,52.16088,4.482717,"injury","2","clear",false,1,"GM0546"
"20230034139",2023,"Letsel",2,"Bestelauto","Fiets","Onbekend","Rotonde",50,"Niet brandend","Daglicht","Droog",\N,\N,"Baron van Nagellstraat","Voorthuizen","Barneveld","Gelderland",false,52.185191,5.603417,"injury","2","clear",false,1,"GM0203"
"20230074883",2023,"Letsel",2,"Fiets","Fiets","Voetganger","Kruispunt, 3 takken",30,"Niet brandend","Daglicht","Droog",\N,\N,"Laan van Soestbergen","Utrecht","Utrecht","Utrecht",false,52.078914,5.127996,"injury","2","clear",false,1,"GM0344"
"20230025684",2023,"Letsel",2,"Fiets","Fiets","Kop/staart","Kruispunt, 4 takken",30,"Brandend","Duisternis","Droog",\N,\N,"Beukelsdijk","Rotterdam","Rotterdam","Zuid-Holland",false,51.921375,4.456428,"injury","2","clear",false,1,"GM0599"
"20240029972",2024,"Letsel",2,"Bestelauto","Fiets","Flank","Kruispunt, 4 takken",30,"Niet brandend","Daglicht","Droog",\N,\N,"Zeemanlaan","Leiden","Leiden","Zuid-Holland",false,52.149411,4.494225,"injury","2","clear",false,1,"GM0546"
"20240030132",2024,"Letsel",2,"Personenauto","Fiets","Onbekend","Kruispunt, 4 takken",50,\N,"Daglicht",\N,\N,\N,"Dr H.J. van Mooklaan","Rijswijk","Rijswijk","Zuid-Holland",false,52.032385,4.310234,"injury","2","unknown",false,1,\N
"20240030283",2024,"Uitsluitend materiele schade",2,"Personenauto","Fiets","Flank","Kruispunt, 3 takken",50,"Niet brandend","Daglicht","Regen",\N,\N,"Kinderhuissingel","Haarlem","Haarlem","Noord-Holland",false,52.38872,4.632199,"material damage only","4","rain",false,1,"GM0392"
"20230068349",2023,"Letsel",2,"Bromfiets","Fiets","Frontaal","Rechte weg",30,"Niet aanwezig","Daglicht","Droog",\N,"164307009","Rijswijkseweg","'s-Gravenhage","'s-Gravenhage","Zuid-Holland",false,52.068449,4.327373,"injury","2","clear",false,1,"GM0518"
"20230069013",2023,"Letsel",2,"e-bike","e-bike","Eenzijdig","Rechte weg",30,"Niet aanwezig","Daglicht","Droog",\N,"600731117","Veerpolderpad","Warmond","Teylingen","Zuid-Holland",false,52.186471,4.498049,"injury","2","clear",false,1,"GM1525"
"20230072898",2023,"Uitsluitend materiele schade",2,"Personenauto","Fiets","Flank","Rechte weg",80,"Niet brandend","Daglicht","Droog",\N,\N,"Provincialeweg","Lienden","Buren","Gelderland",false,51.935147,5.52778,"material damage only","4","clear",false,1,"GM0214"
"20230073085",2023,"Letsel",1,"Fiets",\N,"Eenzijdig","Rechte weg",50,"Brandend","Duisternis","Droog",\N,\N,"Groenloseweg","Winterswijk","Winterswijk","Gelderland",false,51.975448,6.71786,"injury","2","clear",false,1,"GM0294"
"20230073693",2023,"Uitsluitend materiele schade",2,"Bromfiets","Fiets","Flank","Rechte weg",50,"Niet brandend","Daglicht","Droog",\N,"463565034","Friesestraatweg","Groningen","Groningen","Groningen",false,53.223692,6.537108,"material damage only","4","clear",false,1,"GM0014"
"20230022794",2023,"Letsel",3,"Fiets","Personenauto","Los voorwerp","Kruispunt, 4 takken",50,"Niet brandend","Daglicht","Regen",\N,\N,"IJsselmeerlaan","Leiden","Leiden","Zuid-Holland",false,52.171527,4.509905,"injury","2","rain",false,1,"GM0546"
"20230027995",2023,"Uitsluitend materiele schade",2,"Personenauto","Fiets","Flank","Rotonde",50,"Niet brandend","Daglicht","Droog",\N,\N,"Randweg-West","Bergschenhoek","Lansingerland","Zuid-Holland",false,51.987403,4.484277,"material damage only","4","clear",false,1,"GM1621"
"20230028557",2023,"Uitsluitend materiele schade",1,"Fiets",\N,"Onbekend","Rechte weg",30,"Niet brandend","Daglicht","Droog",\N,"102180095","Beukenhof","Goes","Goes","Zeeland",false,51.493176,3.893851,"material damage only","4","clear",false,1,"GM0664"
"20230068353",2023,"Uitsluitend materiele schade",2,"Personenauto","Fiets","Flank","Kruispunt, 4 takken",30,"Niet brandend","Daglicht","Droog",\N,\N,"Hofje van Staats","Krimpen aan den IJssel","Krimpen aan den IJssel","Zuid-Holland",false,51.910386,4.612414,"material damage only","4","clear",false,1,"GM0542"
"20230074663",2023,"Letsel",2,"Trein/tram","Fiets","Flank","Kruispunt, 4 takken",50,"Niet brandend","Daglicht","Droog",\N,\N,"Hobbemakade","Amsterdam","Amsterdam","Noord-Holland",false,52.352182,4.886118,"injury","2","clear",false,1,"GM0363"
"20230078791",2023,"Letsel",2,"Personenauto","Fiets","Flank","Kruispunt, 4 takken",50,"Niet brandend","Daglicht","Droog",\N,\N,"Spruitkoolakker","Zoetermeer","Zoetermeer","Zuid-Holland",false,52.067114,4.523538,"injury","2","clear",false,1,"GM0637"
"20230015959",2023,"Uitsluitend materiele schade",1,"Fiets",\N,"Voetganger","Rechte weg",15,"Niet brandend","Duisternis","Droog",\N,"600690531","Polanerbaan","Woerden","Woerden","Utrecht",false,52.081761,4.892031,"material damage only","4","clear",false,1,"GM0632"
"20240029992",2024,"Letsel",2,"Personenauto","Fiets","Onbekend","Kruispunt, 4 takken",50,"Niet brandend","Daglicht","Regen",\N,\N,"Leidseweg","Leiden","Leiden","Zuid-Holland",false,52.149971,4.463172,"injury","2","rain",false,1,"GM0546"
"20240029994",2024,"Uitsluitend materiele schade",2,"Bromfiets","Fiets","Flank","Rechte weg",\N,"Niet brandend","Daglicht","Droog",\N,"600917369","Benoordenhoutseweg","'s-Gravenhage","'s-Gravenhage","Zuid-Holland",false,52.095852,4.338704,"material damage only","4","clear",false,1,"GM0518"
"20240030143",2024,"Letsel",2,"Fiets","Fiets","Flank","Kruispunt, 4 takken",50,"Niet brandend","Daglicht","Droog",\N,\N,"Huigstraat","Leiden","Leiden","Zuid-Holland",false,52.162974,4.497832,"injury","2","clear",false,1,"GM0546"
"20230069494",2023,"Letsel",2,"Personenauto","e-bike","Flank","Rotonde",50,"Niet brandend","Daglicht","Regen",\N,\N,"Blijdorplaan","Rotterdam","Rotterdam","Zuid-Holland",false,51.927701,4.439679,"injury","2","rain",false,1,"GM0599"
"20230077156",2023,"Letsel",2,"Personenauto","Fiets","Flank","Kruispunt, 3 takken",30,"Niet brandend","Daglicht","Droog",\N,\N,"Lupinentuin","Bergschenhoek","Lansingerland","Zuid-Holland",false,51.987198,4.488997,"injury","2","clear",false,1,"GM1621"
"20230077226",2023,"Uitsluitend materiele schade",1,"Fiets",\N,"Los voorwerp","Kruispunt, 3 takken",50,"Niet brandend","Daglicht","Droog",\N,\N,"Maartensdijklaan","'s-Gravenhage","'s-Gravenhage","Zuid-Holland",false,52.051421,4.277137,"material damage only","4","clear",false,1,"GM0518"
"20230019457",2023,"Uitsluitend materiele schade",2,"Personenauto","Fiets","Flank","Kruispunt, 3 takken",50,"Niet brandend","Daglicht","Droog",\N,\N,"Gagelstraat","Epe","Epe","Gelderland",false,52.346816,5.977206,"material damage only","4","clear",false,1,"GM0232"
"20230024031",2023,"Letsel",2,"Personenauto","Fiets","Flank","Kruispunt, 4 takken",30,"Niet brandend","Daglicht","Droog",\N,\N,"Achterdijkshoorn","Den Hoorn","Midden-Delfland","Zuid-Holland",false,52.002206,4.323457,"injury","2","clear",false,1,"GM1842"
"20230026913",2023,"Letsel",2,"Personenauto","Fiets","Flank","Kruispunt, 3 takken",50,"Niet brandend","Daglicht","Droog",\N,\N,"Wilgenstraat","Goes","Goes","Zeeland",false,51.496393,3.896763,"injury","2","clear",false,1,"GM0664"
"20230036473",2023,"Letsel",2,"Vrachtauto","Fiets","Eenzijdig","Rechte weg",50,"Niet brandend","Daglicht","Droog",\N,"600763195","Dorpsstraat","Winkel","Hollands Kroon","Noord-Holland",false,52.751458,4.897011,"injury","2","clear",false,1,"GM1911"
"20230076875",2023,"Letsel",2,"Bestelauto","Fiets","Flank","Kruispunt, 4 takken",50,"Niet brandend","Daglicht","Droog",\N,\N,"Oranjelaan","Dordrecht","Dordrecht","Zuid-Holland",true,51.813256,4.684483,"injury","2","clear",false,1,"GM0505"
"20230078597",2023,"Letsel",2,"Bromfiets","Fiets","Flank","Kruispunt, 4 takken",50,"Niet brandend","Daglicht","Regen",\N,\N,"Plataanstraat","'s-Gravenhage","'s-Gravenhage","Zuid-Holland",false,52.077651,4.27403,"injury","2","rain",false,1,"GM0518"
"20230071430",2023,"Uitsluitend materiele schade",2,"Bestelauto","Fiets","Flank","Rotonde",50,"Niet brandend","Daglicht","Droog",\N,\N,"Hagelkruis","Cuijk","Land van Cuijk","Noord-Brabant",false,51.721126,5.887687,"material damage only","4","clear",false,1,"GM1982"
"20240026068",2024,"Uitsluitend materiele schade",2,"Personenauto","Fiets","Flank","Kruispunt, 3 takken",30,"Niet brandend","Daglicht","Droog",\N,\N,"Robert van Guliklaan","Zutphen","Zutphen","Gelderland",false,52.131186,6.221123,"material damage only","4","clear",false,1,"GM0301"
"20240026323",2024,"Uitsluitend materiele schade",2,"Personenauto","Fiets","Flank","Rechte weg",30,"Niet brandend","Daglicht","Droog",\N,"493550083","Gorecht-Oost","Hoogezand","Midden-Groningen","Groningen",false,53.156665,6.755327,"material damage only","4","clear",false,1,"GM1952"
"20230017159",2023,"Uitsluitend materiele schade",3,"Fiets","Fiets","Onbekend","Rechte weg",30,"Niet brandend","Daglicht","Droog",\N,"232396018","Kalverringdijk","Zaandam","Zaanstad","Noord-Holland",false,52.472572,4.816247,"material damage only","4","clear",false,1,"GM0479"
"20230023451",2023,"Uitsluitend materiele schade",2,"e-bike","Fiets","Flank","Kruispunt, 3 takken",50,"Niet brandend","Daglicht","Droog",\N,\N,"Dedemsvaartweg","'s-Gravenhage","'s-Gravenhage","Zuid-Holland",false,52.052882,4.259585,"material damage only","4","clear",false,1,"GM0518"
"20230025248",2023,"Uitsluitend materiele schade",2,"Bestelauto","Fiets","Flank","Rotonde",50,"Niet brandend","Daglicht","Regen",\N,\N,"Biezenlaan","Rhoon","Albrandswaard","Zuid-Holland",false,51.856832,4.474102,"material damage only","4","rain",false,1,"GM0613"
"20230075332",2023,"Letsel",2,"Bestelauto","Fiets","Eenzijdig","Kruispunt, 3 takken",50,"Niet brandend","Daglicht","Droog",\N,\N,"Industrieweg","Den Helder","Den Helder","Noord-Holland",false,52.9464,4.768423,"injury","2","clear",false,1,"GM0400"
"20230016081",2023,"Letsel",2,"Personenauto","Fiets","Frontaal","Kruispunt, 4 takken",30,"Brandend","Duisternis","Droog",\N,\N,"Heemstedesingel","Bunschoten-Spakenburg","Bunschoten","Utrecht",false,52.251413,5.371945,"injury","2","clear",false,1,"GM0313"
"20230019538",2023,"Letsel",1,"Fiets",\N,"Eenzijdig","Bocht",30,"Niet brandend","Daglicht","Droog","Tunnel","600487507","Haaksbergseweg","Neede","Berkelland","Gelderland",false,52.135297,6.628096,"injury","2","clear",false,1,"GM1859"
"20230020131",2023,"Letsel",2,"Personenauto","e-bike","Flank","Kruispunt, 4 takken",50,"Niet brandend","Daglicht","Droog",\N,\N,"Tramstraat","'s-Gravenhage","'s-Gravenhage","Zuid-Holland",false,52.054363,4.234633,"injury","2","clear",false,1,"GM0518"
"20230020693",2023,"Uitsluitend materiele schade",2,"Bestelauto","e-bike","Onbekend","Rotonde",50,"Niet brandend","Daglicht","Droog",\N,\N,"Volendammerweg","Amsterdam","Amsterdam","Noord-Holland",false,52.392099,4.956981,"material damage only","4","clear",false,1,"GM0363"
"20230024724",2023,"Uitsluitend materiele schade",2,"Fiets","Fiets","Flank","Rechte weg",15,"Niet aanwezig","Daglicht","Droog","Bus-/Tramhalte","240372138","Marnixstraat","Amsterdam","Amsterdam","Noord-Holland",false,52.36438,4.881119,"material damage only","4","clear",false,1,"GM0363"
"20230072379",2023,"Uitsluitend materiele schade",2,"Personenauto","e-bike","Flank","Kruispunt, 4 takken",70,"Niet brandend","Daglicht","Droog",\N,\N,"Schelmseweg","Arnhem","Arnhem","Gelderland",false,51.996509,5.871244,"material damage only","4","clear",false,1,"GM0202"
"20230072396",2023,"Letsel",2,"Fiets","Personenauto","Flank",\N,50,"Niet brandend","Daglicht","Droog",\N,"495359080","Parallelweg","Borne","Borne","Overijssel",false,52.298858,6.749117,"injury","2","clear",false,1,"GM0147"
"20230073015",2023,"Uitsluitend materiele schade",2,"Voetganger","Fiets","Voetganger","Rechte weg",30,"Niet brandend","Daglicht","Droog",\N,"600824284","Bospad","Wijchen","Wijchen","Gelderland",false,51.807948,5.755747,"material damage only","4","clear",false,1,"GM0296"
"20230036055",2023,"Letsel",1,"Fiets",\N,"Eenzijdig","Rechte weg",30,"Niet brandend","Daglicht","Droog",\N,"407410125","Zijpe","Zwolle","Zwolle","Overijssel",false,52.532019,6.102474,"injury","2","clear",false,1,"GM0193"
"20230071898",2023,"Uitsluitend materiele schade",2,"Personenauto","Fiets","Flank","Rechte weg",30,"Niet brandend","Daglicht","Droog",\N,"299227044","Rompertcentrum","'s-Hertogenbosch","'s-Hertogenbosch","Noord-Brabant",false,51.712712,5.311679,"material damage only","4","clear",false,1,"GM0796"