"accident_id","year","severity_raw","party_count","party1_type","party2_type","accident_type","road_situation","speed_limit_kmh","road_lighting","light_condition_label","weather_raw","infra_type","road_segment_id","street_name","place_name","gemeente_name_raw","province","alcohol_indicated","latitude","longitude","severity_label","severity_code","weather_label","built_up_area","cyclists_involved","gemeente_code"
"20230072956",2023,"Letsel",2,"Bromfiets","Fiets","Flank","Kruispunt, 3 takken",50,"Niet brandend","Daglicht","Droog",\N,\N,"Prins Bernhardlaan","Ede","Ede","Gelderland",false,52.031617,5.659611,"injury","2","clear",false,1,"GM0228"
"20230014409",2023,"Uitsluitend materiele schade",2,"Personenauto","Fiets","Flank","Kruispunt, 4 takken",30,"Niet brandend","Daglicht","Droog",\N,\N,"Noteboomstraat","Meppel","Meppel","Drenthe",false,52.698749,6.192267,"material damage only","4","clear",false,1,"GM0119"
"20230016163",2023,"Uitsluitend materiele schade",2,"Bromfiets","Fiets","Frontaal","Kruispunt, 3 takken",50,"Niet brandend","Daglicht","Droog",\N,\N,"Spoorstraat","Hilversum","Hilversum","Noord-Holland",false,52.22537,5.180766,"material damage only","4","clear",false,1,"GM0402"
"20230016169",2023,"Uitsluitend materiele schade",2,"Personenauto","Fiets","Flank","Kruispunt, 4 takken",30,"Brandend","Duisternis","Droog",\N,\N,"Amsterdamweg","Almere","Almere","Flevoland",false,52.36899,5.206538,"material damage only","4","clear",false,1,"GM0034"
"20230020750",2023,"Letsel",2,"Snorfiets","Fiets","Flank","Rechte weg",30,"Niet brandend","Daglicht","Droog",\N,"242376103","De Ruijterkade","Amsterdam","Amsterdam","Noord-Holland",false,52.382427,4.895005,"injury","2","clear",false,1,"GM0363"
"20230026455",2023,"Uitsluitend materiele schade",2,"Bromfiets","Fiets","Flank","Rechte weg",30,"Niet brandend","Daglicht","Droog","Tunnel",\N,"Kooiwalpad","Barendrecht","Barendrecht","Zuid-Holland",false,51.862473,4.52895,"material damage only","4","clear",false,1,"GM0489"
"20230027622",2023,"Uitsluitend materiele schade",2,"Personenauto","Fiets","Flank","Kruispunt, 4 takken",30,"Niet brandend","Schemer","Droog",\N,\N,"Jacob Franckaertstraat","Breda","Breda","Noord-Brabant",false,51.61032,4.789977,"material damage only","4","clear",false,1,"GM0758"
"20230066646",2023,"Uitsluitend materiele schade",2,"Personenauto","Fiets","Flank","Rotonde",50,"Niet brandend","Schemer","Droog",\N,\N,"Prins Bernhardlaan","Veenendaal","Veenendaal","Utrecht",false,52.03108,5.560945,"material damage only","4","clear",false,1,"GM0345"
"20230071944",2023,"Letsel",4,"Fiets","Fiets","Onbekend","Bocht",30,"Niet aanwezig","Daglicht","Droog",\N,"334162057","Molenstraat","Geldrop","Geldrop-Mierlo","Noord-Brabant",false,51.422038,5.561938,"injury","2","clear",false,1,"GM1771"
"20230075377",2023,"Letsel",2,"Personenauto","Fiets","Flank","Rotonde",50,"Niet brandend","Daglicht","Droog",\N,\N,"Urkerweg","Urk","Urk","Flevoland",false,52.660145,5.607337,"injury","2","clear",false,1,"GM0184"
"20230075987",2023,"Uitsluitend materiele schade",2,"Personenauto","Fiets","Flank","Kruispunt, 4 takken",50,"Niet brandend","Daglicht","Droog",\N,\N,"Beijneslaan","Beverwijk","Beverwijk","Noord-Holland",false,52.485483,4.668049,"material damage only","4","clear",false,1,"GM0375"
"20240027343",2024,"Uitsluitend materiele schade",2,"Personenauto","Fiets","Voetganger","Kruispunt, 3 takken",30,"Niet brandend","Daglicht","Droog",\N,\N,"Oostersingel","Assen","Assen","Drenthe",true,52.993344,6.565566,"material damage only","4","clear",false,1,"GM0106"
"20230078150",2023,"Uitsluitend materiele schade",2,"Snorfiets","Fiets","Flank","Kruispunt, 4 takken",50,"Niet brandend","Daglicht","Droog",\N,\N,"Droppinghof","Nootdorp","Pijnacker-Nootdorp","Zuid-Holland",false,52.047186,4.387686,"material damage only","4","clear",false,1,"GM1926"
"20230015665",2023,"Uitsluitend materiele schade",2,"Personenauto","Fiets","Onbekend","Kruispunt, 4 takken",50,"Brandend","Duisternis","Regen",\N,\N,"Evenaar","De Meern","Utrecht","Utrecht",false,52.088438,5.028028,"material damage only","4","rain",false,1,"GM0344"
"20230020823",2023,"Letsel",2,"Personenauto","e-bike","Flank","Rotonde",50,"Niet brandend","Daglicht","Droog",\N,\N,"Europaboulevard","Amsterdam","Amsterdam","Noord-Holland",false,52.325433,4.890328,"injury","2","clear",false,1,"GM0363"
"20230059327",2023,"Uitsluitend materiele schade",2,"Fiets","Fiets","Frontaal","Rechte weg",\N,"Brandend","Duisternis","Droog",\N,"600764633","Kaag","Spanbroek","Opmeer","Noord-Holland",false,52.688264,4.92829,"material damage only","4","clear",false,1,"GM0432"
"20240033406",2024,"Uitsluitend materiele schade",2,"Fiets","Personenauto","Flank","Kruispunt, 3 takken",30,"Niet brandend","Daglicht","Droog",\N,\N,"Heerenlandstraat","Guttecoven","Sittard-Geleen","Limburg",false,51.011882,5.816072,"material damage only","4","clear",false,1,"GM1883"
"20240038113",2024,"Letsel",2,"Personenauto","Fiets","Flank","Kruispunt, 3 takken",50,"Niet aanwezig","Daglicht","Droog",\N,\N,"Noorder IJ- en Zeedijk","Zaandam","Zaanstad","Noord-Holland",false,52.425974,4.844144,"injury","2","clear",false,1,"GM0479"
"20240040425",2024,"Uitsluitend materiele schade",2,"Personenauto","Fiets","Flank","Kruispunt, 4 takken",30,"Niet brandend","Daglicht","Droog",\N,\N,"Notweg","Amsterdam","Amsterdam","Noord-Holland",false,52.363494,4.801316,"material damage only","4","clear",false,1,"GM0363"
"20240032145",2024,"Letsel",1,"Fiets",\N,"Eenzijdig","Rechte weg",\N,\N,"Daglicht","Droog",\N,"209325003","Dijkslootpad","Alphen aan den Rijn","Alphen aan den Rijn","Zuid-Holland",false,52.150989,4.656048,"injury","2","clear",false,1,"GM0484"
"20240051464",2024,"Letsel",2,"Fiets","Personenauto","Flank","Kruispunt, 4 takken",50,"Niet brandend","Daglicht","Droog",\N,\N,"Kastrupstraat","Amsterdam","Amsterdam","Noord-Holland",false,52.390867,4.835782,"injury","2","clear",false,1,"GM0363"
"20240071595",2024,"Letsel",2,"Fiets","Personenauto","Flank","Rotonde",50,"Niet brandend","Daglicht","Droog",\N,\N,"Gordelweg","Rotterdam","Rotterdam","Zuid-Holland",false,51.933833,4.453559,"injury","2","clear",false,1,"GM0599"
"20240079029",2024,"Letsel",2,"Personenauto","Fiets","Flank","Kruispunt, 4 takken",30,"Niet brandend","Daglicht","Droog",\N,\N,"Krijn Taconiskade","Amsterdam","Amsterdam","Noord-Holland",false,52.353932,5.006635,"injury","2","clear",false,1,"GM0363"
"20240034161",2024,"Uitsluitend materiele schade",2,"Personenauto","Fiets","Onbekend","Rechte weg",50,"Niet brandend","Daglicht","Droog",\N,"600578260","De Willem Ruysstraat","Vlissingen","Vlissingen","Zeeland",false,51.446457,3.578913,"material damage only","4","clear",false,1,"GM0718"
"20240037243",2024,"Letsel",2,"Personenauto","e-bike","Flank","Kruispunt, 4 takken",80,"Niet brandend","Daglicht","Droog",\N,\N,"De Merriemaden","Oldetrijne","Weststellingwerf","Friesland",false,52.85382,5.942385,"injury","2","clear",false,1,"GM0098"
"20240040515",2024,"Uitsluitend materiele schade",2,"Fiets","Fiets","Frontaal","Kruispunt, 3 takken",30,"Niet brandend","Daglicht","Droog",\N,\N,"Rotterdamseweg","Delft","Delft","Zuid-Holland",false,51.998219,4.369306,"material damage only","4","clear",false,1,"GM0503"
"20240036619",2024,"Uitsluitend materiele schade",1,"Fiets",\N,"Flank","Rechte weg",30,"Niet brandend","Daglicht","Droog",\N,"601146290","IJssellaan","Arnhem","Arnhem","Gelderland",false,51.983948,5.948748,"material damage only","4","clear",false,1,"GM0202"
"20240041338",2024,"Letsel",2,"Bromfiets","e-bike","Flank","Kruispunt, 3 takken",50,"Niet brandend","Daglicht","Droog",\N,\N,"Provincialeweg","Zaandam","Zaanstad","Noord-Holland",false,52.435504,4.816951,"injury","2","clear",false,1,"GM0479"
"20240041343",2024,"Uitsluitend materiele schade",2,"Personenauto","e-bike","Flank","Kruispunt, 4 takken",50,"Niet brandend","Daglicht","Droog",\N,\N,"Laan der Continenten","Purmerend","Purmerend","Noord-Holland",false,52.495516,4.94022,"material damage only","4","clear",false,1,"GM0439"
"20240041362",2024,"Letsel",2,"Personenauto","Fiets","Frontaal","Kruispunt, 4 takken",30,"Niet brandend","Daglicht","Regen",\N,\N,"Osdorper Ban","Amsterdam","Amsterdam","Noord-Holland",false,52.361115,4.794972,"injury","2","rain",false,1,"GM0363"
"20240050936",2024,"Letsel",2,"Motor","Fiets","Flank","Rechte weg",50,"Niet brandend","Daglicht","Droog",\N,"600478426","Spaarndammerdijk","Amsterdam","Amsterdam","Noord-Holland",false,52.393209,4.870239,"injury","2","clear",false,1,"GM0363"
"20240033005",2024,"Uitsluitend materiele schade",1,"Fiets",\N,"Onbekend","Kruispunt, 4 takken",50,"Brandend","Schemer","Droog",\N,\N,"Kruisplein","Rotterdam","Rotterdam","Zuid-Holland",false,51.920923,4.471291,"material damage only","4","clear",false,1,"GM0599"
"20240039097",2024,"Letsel",2,"Personenauto","Fiets","Frontaal","Rechte weg",50,"Niet brandend","Daglicht","Droog",\N,"406407008","Van Wevelinkhovenstraat","Zwolle","Zwolle","Overijssel",false,52.517776,6.100578,"injury","2","clear",false,1,"GM0193"
"20240077195",2024,"Uitsluitend materiele schade",2,"Personenauto","Fiets","Onbekend","Kruispunt, 3 takken",50,"Niet brandend","Daglicht","Regen",\N,\N,"Jac. P. Thijsselaan","Heemstede","Heemstede","Noord-Holland",false,52.347196,4.609379,"material damage only","4","rain",false,1,"GM0397"
"20240042176",2024,"Letsel",2,"Personenauto","Fiets","Onbekend","Kruispunt, 4 takken",50,"Niet brandend","Daglicht","Droog",\N,\N,"Ringbaan West","Goes","Goes","Zeeland",false,51.505022,3.876239,"injury","2","clear",false,1,"GM0664"
"20240077217",2024,"Letsel",1,"Fiets",\N,"Onbekend","Rechte weg",50,"Niet brandend","Daglicht","Droog",\N,"600616472","Schoterweg","Haarlem","Haarlem","Noord-Holland",false,52.395253,4.64139,"injury","2","clear",false,1,"GM0392"
"20240037792",2024,"Uitsluitend materiele schade",2,"Fiets","Fiets","Flank","Rechte weg",50,"Niet brandend","Daglicht","Droog",\N,"600777302","Oud-Loosdrechtsedijk","Loosdrecht","Wijdemeren","Noord-Holland",false,52.206847,5.119897,"material damage only","4","clear",false,1,"GM1696"
"20240079948",2024,"Letsel",2,"Fiets","Fiets","Frontaal","Rechte weg",60,"Niet brandend","Duisternis","Droog",\N,"600758123","Balgweg","Breezand","Hollands Kroon","Noord-Holland",false,52.902171,4.825077,"injury","2","clear",false,1,"GM1911"
"20240036897",2024,"Uitsluitend materiele schade",2,"Personenauto","Fiets","Flank","Kruispunt, 3 takken",50,"Brandend","Duisternis","Droog",\N,\N,"Volksparksingel","Enschede","Enschede","Overijssel",false,52.218017,6.873286,"material damage only","4","clear",false,1,"GM0153"
"20240040182",2024,"Letsel",1,"Fiets",\N,"Eenzijdig","Rechte weg",30,"Niet brandend","Daglicht","Droog",\N,"238280048","Zilverstraat","Schoonhoven","Krimpenerwaard","Zuid-Holland",false,51.950262,4.867989,"injury","2","clear",false,1,"GM1931"
"20240051176",2024,"Letsel",2,"Personenauto","Fiets","Flank","Kruispunt, 4 takken",50,"Niet brandend","Daglicht","Droog",\N,\N,"Wijkermeerweg","Velsen-Noord","Velsen","Noord-Holland",false,52.46732,4.649872,"injury","2","clear",false,1,"GM0453"
"20240071960",2024,"Letsel",1,"Fiets",\N,"Onbekend",\N,\N,\N,"Schemer",\N,\N,"161317023","Van Alkemadelaan","'s-Gravenhage","'s-Gravenhage","Zuid-Holland",false,52.109485,4.306417,"injury","2","unknown",false,1,"GM0518"
"20240078784",2024,"Letsel",2,"Fiets","Voetganger","Voetganger","Rechte weg",\N,"Niet brandend","Daglicht","Droog",\N,"165312044","Laan van Nieuw-O-Indië","'s-Gravenhage","'s-Gravenhage","Zuid-Holland",false,52.088072,4.335109,"injury","2","clear",false,1,"GM0518"
"20240036988",2024,"Letsel",2,"Fiets","Personenauto","Flank","Kruispunt, 4 takken",30,"Niet brandend","Daglicht","Regen",\N,\N,"Burg Kerssemakersstraat","Raalte","Raalte","Overijssel",false,52.387306,6.266547,"injury","2","rain",false,1,"GM0177"
"20240050626",2024,"Letsel",2,"Bromfiets","Fiets","Onbekend","Rechte weg",50,"Niet brandend","Daglicht","Droog",\N,"600690743","Provincialeweg","Wormerveer","Zaanstad","Noord-Holland",false,52.491541,4.782898,"injury","2","clear",false,1,"GM0479"
"20240072027",2024,"Letsel",2,"Fiets","Fiets","Flank","Rechte weg",30,"Niet brandend","Daglicht","Droog",\N,"154309001","Zonnebloemstraat","'s-Gravenhage","'s-Gravenhage","Zuid-Holland",false,52.073778,4.253474,"injury","2","clear",false,1,"GM0518"
"20240080087",2024,"Uitsluitend materiele schade",2,"Snorfiets","Fiets","Los voorwerp","Rechte weg",50,"Brandend","Daglicht","Droog",\N,"265448004","Buurt","Midwoud","Medemblik","Noord-Holland",false,52.706734,5.057761,"material damage only","4","clear",false,1,"GM0420"
"20240078880",2024,"Letsel",2,"Fiets","Voetganger","Voetganger","Rechte weg",30,"Niet brandend","Daglicht","Harde windstoten",\N,"242373166","Rokin","Amsterdam","Amsterdam","Noord-Holland",false,52.367867,4.892871,"injury","2","unknown",false,1,"GM0363"
"20240034008",2024,"Uitsluitend materiele schade",2,"Personenauto","Fiets","Flank","Rotonde",30,"Niet brandend","Daglicht","Regen",\N,\N,"Onderwijsboulevard","'s-Hertogenbosch","'s-Hertogenbosch","Noord-Brabant",false,51.691938,5.288824,"material damage only","4","rain",false,1,"GM0796"
"20230093957",2023,"Letsel",2,"Personenauto","Fiets","Flank","Kruispunt, 3 takken",50,"Niet brandend","Daglicht","Droog",\N,\N,"Soendastraat","Enschede","Enschede","Overijssel",false,52.214741,6.896327,"injury","2","clear",false,1,"GM0153"
"20230106916",2023,"Uitsluitend materiele schade",2,"Personenauto","Fiets","Flank","Rotonde",50,"Brandend","Duisternis","Droog",\N,\N,"Abtsweg","Rotterdam","Rotterdam","Zuid-Holland",false,51.932252,4.438844,"material damage only","4","clear",false,1,"GM0599"
"20230083473",2023,"Letsel",1,"Fiets",\N,"Eenzijdig","Rechte weg",\N,"Niet brandend","Daglicht","Droog",\N,"468556037","Rijksweg","Haren Gn","Groningen","Groningen",false,53.176641,6.583609,"injury","2","clear",false,1,"GM0014"
"20230086927",2023,"Letsel",1,"Fiets",\N,"Eenzijdig","Kruispunt, 3 takken",50,"Niet brandend","Daglicht","Regen",\N,\N,"Paul Krugerlaan","'s-Gravenhage","'s-Gravenhage","Zuid-Holland",false,52.068421,4.291626,"injury","2","rain",false,1,"GM0518"
"20230096316",2023,"Uitsluitend materiele schade",2,"Personenauto","Fiets","Flank","Kruispunt, 4 takken",30,"Niet brandend","Daglicht","Regen",\N,\N,"Kerklaan","Vinkeveen","De Ronde Venen","Utrecht",false,52.214416,4.93089,"material damage only","4","rain",false,1,"GM0736"
"20230099797",2023,"Uitsluitend materiele schade",2,"Fiets",\N,"Flank","Kruispunt, 4 takken",30,"Niet brandend","Daglicht","Droog",\N,\N,"Ruysdaelbaan","Eindhoven","Eindhoven","Noord-Brabant",false,51.436472,5.504948,"material damage only","4","clear",false,1,"GM0772"
"20230101251",2023,"Letsel",2,"Personenauto","Fiets","Flank","Rotonde",50,"Niet brandend","Daglicht","Droog",\N,\N,"Sandifortdreef","Leiden","Leiden","Zuid-Holland",false,52.168573,4.477341,"injury","2","clear",false,1,"GM0546"
"20230102519",2023,"Letsel",1,"Fiets",\N,"Eenzijdig","Rechte weg",30,"Brandend","Duisternis","Regen",\N,"600101098","Kruisbroekweg","Naaldwijk","Westland","Zuid-Holland",false,51.98825,4.201571,"injury","2","rain",false,1,"GM1783"
"20230104257",2023,"Letsel",2,"Personenauto","e-bike","Flank","Rotonde",50,"Brandend","Duisternis","Droog",\N,\N,"Tesselschadestraat","Leeuwarden","Leeuwarden","Friesland",false,53.198242,5.78705,"injury","2","clear",false,1,"GM0080"
"20230104510",2023,"Letsel",2,"Motor","Fiets","Flank","Rechte weg",50,"Brandend","Daglicht","Droog",\N,"600873945","Rijksstraatweg","Haren Gn","Groningen","Groningen",false,53.159632,6.614201,"injury","2","clear",false,1,"GM0014"
"20230095192",2023,"Letsel",2,"Personenauto","Fiets","Flank","Kruispunt, 4 takken",50,"Niet brandend","Daglicht","Droog",\N,\N,"Poptawei","Leeuwarden","Leeuwarden","Friesland",false,53.206355,5.767731,"injury","2","clear",false,1,"GM0080"
"20230095224",2023,"Uitsluitend materiele schade",2,"Brommobiel","Fiets","Flank","Rotonde",50,"Niet brandend","Daglicht","Droog",\N,\N,"Westerdreef","Nieuw-Vennep","Haarlemmermeer","Noord-Holland",false,52.268873,4.626843,"material damage only","4","clear",false,1,"GM0394"
"20230098114",2023,"Letsel",1,"Fiets",\N,"Eenzijdig","Rotonde",50,"Brandend","Duisternis","Regen",\N,\N,"Europaweg","Haarlem","Haarlem","Noord-Holland",false,52.355602,4.65293,"injury","2","rain",false,1,"GM0392"
"20230103590",2023,"Letsel",2,\N,"Fiets","Eenzijdig","Kruispunt, 3 takken",50,"Niet aanwezig","Daglicht","Droog",\N,\N,"Oudedijk","Rotterdam","Rotterdam","Zuid-Holland",false,51.928647,4.506567,"injury","2","clear",false,1,"GM0599"
"20230104959",2023,"Letsel",1,"e-bike",\N,"Eenzijdig","Kruispunt, 4 takken",50,"Brandend","Duisternis","Droog",\N,\N,"Broekheurnerrondweg","Enschede","Enschede","Overijssel",false,52.199484,6.871386,"injury","2","clear",false,1,"GM0153"
"20230087007",2023,"Uitsluitend materiele schade",2,"Personenauto","Fiets","Flank","Kruispunt, 3 takken",30,"Niet brandend","Daglicht","Droog",\N,\N,"Johan van der Keukenstr","Amsterdam","Amsterdam","Noord-Holland",false,52.359615,4.989772,"material damage only","4","clear",false,1,"GM0363"
"20230088203",2023,"Uitsluitend materiele schade",2,"Personenauto","Fiets","Flank","Kruispunt, 4 takken",30,"Niet brandend","Daglicht","Droog",\N,\N,"Beukenweg","Amsterdam","Amsterdam","Noord-Holland",false,52.355322,4.919455,"material damage only","4","clear",false,1,"GM0363"
"20230094074",2023,"Letsel",2,"Personenauto","Fiets","Flank","Kruispunt, 4 takken",50,"Niet brandend","Daglicht","Droog",\N,\N,"Vriezenveenseweg","Wierden","Wierden","Overijssel",false,52.363503,6.592275,"injury","2","clear",false,1,"GM0189"
"20230098732",2023,"Uitsluitend materiele schade",3,"Personenauto","Fiets","Onbekend","Kruispunt, 4 takken",50,"Niet brandend","Daglicht","Droog",\N,\N,"Jan Stevensstraat","Helmond","Helmond","Noord-Brabant",false,51.48484,5.667441,"material damage only","4","clear",false,1,"GM0794"
"20230100350",2023,"Uitsluitend materiele schade",2,"Personenauto","Fiets","Flank","Kruispunt, 4 takken",50,"Brandend","Schemer","Regen",\N,\N,"Olieberg","Roermond","Roermond","Limburg",false,51.177704,6.005645,"material damage only","4","rain",false,1,"GM0957"
"20230103121",2023,"Letsel",2,"Fiets","Fiets","Onbekend","Kruispunt, 4 takken",30,"Niet brandend","Daglicht","Regen",\N,\N,"Vlaardingseweg","Schiedam","Schiedam","Zuid-Holland",false,51.935932,4.376086,"injury","2","rain",false,1,"GM0606"
"20230081246",2023,"Letsel",2,"Fiets","Scootmobiel","Flank","Kruispunt, 4 takken",50,"Niet brandend","Daglicht","Droog",\N,\N,"Nieuwe Haagdijk","Breda","Breda","Noord-Brabant",false,51.586826,4.765536,"injury","2","clear",false,1,"GM0758"
"20230083020",2023,"Letsel",2,"e-bike","Voetganger","Voetganger","Rechte weg",60,"Niet brandend","Duisternis","Droog",\N,"466362009","Leijerweerdsdijk","Rijssen","Rijssen-Holten","Overijssel",false,52.312663,6.539247,"injury","2","clear",false,1,"GM1742"
"20230083575",2023,"Letsel",2,"Bromfiets","Fiets","Frontaal","Bocht",50,"Niet brandend","Daglicht","Droog",\N,"601046888","Stratinghpad","Groningen","Groningen","Groningen",false,53.228629,6.59244,"injury","2","clear",false,1,"GM0014"
"20230085900",2023,"Letsel",2,"Personenauto","Fiets","Flank","Rotonde",50,"Niet brandend","Daglicht","Droog",\N,\N,"Van Randwijcklaan","Amersfoort","Amersfoort","Utrecht",false,52.15898,5.397969,"injury","2","clear",false,1,"GM0307"
"20230088246",2023,"Uitsluitend materiele schade",2,"Bromfiets","Fiets","Flank","Rechte weg",\N,"Niet brandend","Daglicht","Droog",\N,"239359053","Oranjebaan","Amstelveen","Amstelveen","Noord-Holland",false,52.303012,4.872485,"material damage only","4","clear",false,1,"GM0362"
"20230106257",2023,"Letsel",1,"Fiets",\N,"Eenzijdig","Kruispunt, 3 takken",30,"Niet aanwezig","Daglicht","Droog",\N,\N,"Seringenstraat","Dordrecht","Dordrecht","Zuid-Holland",false,51.789995,4.700454,"injury","2","clear",false,1,"GM0505"
"20230086530",2023,"Uitsluitend materiele schade",2,"Fiets","Personenauto","Flank","Rechte weg",30,"Niet brandend","Daglicht","Droog",\N,"240533014","Mulderstraat","Oosterend","Texel","Noord-Holland",false,53.086165,4.87123,"material damage only","4","clear",false,1,"GM0448"
"20230091240",2023,"Uitsluitend materiele schade",2,"Personenauto","Fiets","Kop/staart","Rechte weg",30,"Niet brandend","Daglicht","Droog",\N,"336153042","Kapelstraat","Heeze","Heeze-Leende","Noord-Brabant",false,51.382229,5.580269,"material damage only","4","clear",false,1,"GM1658"
"20230092435",2023,"Uitsluitend materiele schade",2,"Personenauto","Fiets","Flank","Rechte weg",60,"Niet brandend","Daglicht","Droog",\N,\N,"Neer Andelse weg","Andel","Altena","Noord-Brabant",false,51.779657,5.052279,"material damage only","4","clear",false,1,"GM1959"
"20230093015",2023,"Uitsluitend materiele schade",2,"Personenauto","Fiets","Flank","Kruispunt, 4 takken",30,"Brandend","Duisternis","Harde windstoten/Regen",\N,\N,"Zweringweg","Enschede","Enschede","Overijssel",false,52.210134,6.862196,"material damage only","4","unknown",false,1,"GM0153"
"20230100433",2023,"Letsel",2,"Personenauto","Fiets","Flank","Kruispunt, 3 takken",30,"Niet brandend","Daglicht","Droog",\N,\N,"Molenlaan","Deurne","Deurne","Noord-Brabant",false,51.465692,5.797023,"injury","2","clear",false,1,"GM0762"
"20230086546",2023,"Uitsluitend materiele schade",2,"Personenauto","Fiets","Flank","Rechte weg",50,"Niet brandend","Daglicht","Droog",\N,"168306027","Prinses Mariannelaan","Voorburg","Leidschendam-Voorburg","Zuid-Holland",false,52.065002,4.354248,"material damage only","4","clear",false,1,"GM1916"
"20230088886",2023,"Uitsluitend materiele schade",2,"Bestelauto","Fiets","Flank","Kruispunt, 3 takken",30,"Niet brandend","Daglicht","Droog","Spoorwegovergang",\N,"Wolphaertsbocht","Rotterdam","Rotterdam","Zuid-Holland",false,51.891102,4.477885,"material damage only","4","clear",false,1,"GM0599"
"20230094773",2023,"Letsel",2,"Personenauto","Fiets","Flank","Kruispunt, 4 takken",50,"Brandend","Duisternis","Droog",\N,\N,"H.W. Iordensweg","Twello","Voorst","Gelderland",false,52.236581,6.108283,"injury","2","clear",false,1,"GM0285"
"20230094781",2023,"Uitsluitend materiele schade",3,"Personenauto","Fiets","Los voorwerp","Rechte weg",80,"Niet brandend","Daglicht","Droog",\N,"420342012","Deventerweg","Epse","Lochem","Gelderland",false,52.224035,6.19347,"material damage only","4","clear",false,1,"GM0262"
"20230100742",2023,"Uitsluitend materiele schade",2,"Personenauto","Fiets","Kop/staart","Kruispunt, 3 takken",50,"Niet brandend","Daglicht","Droog",\N,\N,"Stationsstraat","Heythuysen","Leudal","Limburg",false,51.246292,5.891944,"material damage only","4","clear",false,1,"GM1640"
"20230101077",2023,"Uitsluitend materiele schade",2,"Fiets","Bromfiets","Onbekend","Rechte weg",30,"Niet brandend","Daglicht","Regen",\N,"600652244","Oudedijk","Rotterdam","Rotterdam","Zuid-Holland",false,51.927746,4.508678,"material damage only","4","rain",false,1,"GM0599"
"20230098314",2023,"Letsel",1,"Fiets",\N,"Eenzijdig","Rotonde",50,"Niet brandend","Schemer","Sneeuw/Hagel",\N,"600746345","Oranjelaan","Castricum","Castricum","Noord-Holland",false,52.556419,4.666068,"injury","2","unknown",false,1,"GM0383"
"20230098899",2023,"Uitsluitend materiele schade",2,"Bromfiets","Fiets","Flank","Rechte weg",30,"Brandend","Duisternis","Regen",\N,"267197002","IJsselstraat","Tilburg","Tilburg","Noord-Brabant",false,51.578032,5.083457,"material damage only","4","rain",false,1,"GM0855"
"20230079619",2023,"Letsel",2,"Personenauto","Fiets","Flank","Rechte weg",30,"Niet brandend","Daglicht","Droog",\N,\N,"Korenbloemlaan","Hoeven","Halderberge","Noord-Brabant",false,51.572689,4.57742,"injury","2","clear",false,1,"GM1655"
"20230080197",2023,"Letsel",2,"Motor","Fiets","Flank","Kruispunt, 4 takken",50,"Niet brandend","Daglicht","Droog",\N,\N,"Aquamarijnweg","Dordrecht","Dordrecht","Zuid-Holland",false,51.761083,4.634653,"injury","2","clear",false,1,"GM0505"
"20230094848",2023,"Letsel",2,"Fiets","Voetganger","Voetganger","Kruispunt, 4 takken",30,"Brandend","Duisternis","Harde windstoten","Brug/viaduct",\N,"Johan Willem Frisostraat","Sneek","Súdwest-Fryslân","Friesland",false,53.030809,5.663837,"injury","2","unknown",false,1,"GM1900"
"20230105697",2023,"Uitsluitend materiele schade",2,"Motor","Fiets","Flank","Rechte weg",50,"Niet brandend","Daglicht","Droog",\N,"600520628","Bisschopstraat","Weerselo","Dinkelland","Overijssel",false,52.350229,6.854659,"material damage only","4","clear",false,1,"GM1774"
"20230101553",2023,"Uitsluitend materiele schade",2,"Personenauto","Fiets","Flank","Rechte weg",50,"Brandend","Duisternis","Droog",\N,\N,"Voorhofdreef","Delft","Delft","Zuid-Holland",false,51.994617,4.355265,"material damage only","4","clear",false,1,"GM0503"
"20230107257",2023,"Uitsluitend materiele schade",2,"Fiets","Personenauto","Flank","Kruispunt, 4 takken",30,"Niet brandend","Schemer","Droog",\N,\N,"Evenaar","Rotterdam","Rotterdam","Zuid-Holland",false,51.944373,4.559669,"material damage only","4","clear",false,1,"GM0599"
"20230082656",2023,"Uitsluitend materiele schade",2,"Personenauto","Fiets","Flank","Kruispunt, 3 takken",80,"Niet brandend","Daglicht","Droog",\N,\N,"Oldenzaalsestraat","Enschede","Enschede","Overijssel",false,52.240713,6.916902,"material damage only","4","clear",false,1,"GM0153"
"20230083227",2023,"Letsel",2,"Fiets","e-bike","Flank","Kruispunt, 3 takken",50,"Niet brandend","Daglicht","Droog",\N,\N,"FIETSPAD","Doetinchem","Doetinchem","Gelderland",false,51.964355,6.268107,"injury","2","clear",false,1,"GM0222"
"20230085539",2023,"Letsel",3,"Vrachtauto","Fiets","Eenzijdig","Kruispunt, 4 takken",80,"Niet brandend","Daglicht","Droog",\N,\N,"DE MEERN 15","De Meern","Utrecht","Utrecht",false,52.072329,5.030313,"injury","2","clear",false,1,"GM0344"
"20230095492",2023,"Uitsluitend materiele schade",1,"Fiets",\N,"Voetganger","Kruispunt, 4 takken",50,"Niet brandend","Daglicht","Droog",\N,\N,"Zijlvest","Haarlem","Haarlem","Noord-Holland",false,52.38329,4.630069,"material damage only","4","clear",false,1,"GM0392"
"20230102853",2023,"Letsel",2,"Personenauto","Fiets","Flank","Kruispunt, 4 takken",30,"Niet brandend","Daglicht","Regen",\N,\N,"Van Duinkerkenhove","Zoetermeer","Zoetermeer","Zuid-Holland",false,52.063059,4.482192,"injury","2","rain",false,1,"GM0637"