"accident_id","year","severity_raw","party_count","party1_type","party2_type","accident_type","road_situation","speed_limit_kmh","road_lighting","light_condition_label","weather_raw","infra_type","road_segment_id","street_name","place_name","gemeente_name_raw","province","alcohol_indicated","latitude","longitude","severity_label","severity_code","weather_label","built_up_area","cyclists_involved","gemeente_code"
"20230107271",2023,"Letsel",2,"Fiets","Personenauto","Flank","Rotonde",30,"Brandend","Duisternis","Regen",\N,\N,"Dubbeldamseweg Zuid","Dordrecht","Dordrecht","Zuid-Holland",false,51.803518,4.676914,"injury","2","rain",false,1,"GM0505"
"20230089083",2023,"Letsel",1,"Fiets",\N,"Eenzijdig","Rotonde",50,"Niet brandend","Daglicht",\N,\N,"600724002","Biltlaan","Katwijk","Katwijk","Zuid-Holland",false,52.204101,4.418907,"injury","2","unknown",false,1,"GM0537"
"20230089087",2023,"Letsel",1,"Fiets",\N,"Eenzijdig","Bocht",50,"Brandend","Duisternis","Droog",\N,"194309049","de Gang","Benthuizen","Alphen aan den Rijn","Zuid-Holland",false,52.076509,4.544616,"injury","2","clear",false,1,"GM0484"
"20230089650",2023,"Uitsluitend materiele schade",2,"Personenauto","Fiets","Flank","Kruispunt, 4 takken",50,"Niet brandend","Schemer","Droog",\N,\N,"Suze Groeneweg-erf","Dordrecht","Dordrecht","Zuid-Holland",false,51.800348,4.718689,"material damage only","4","clear",false,1,"GM0505"
"20230090257",2023,"Letsel",2,"Fiets","Fiets","Onbekend","Rechte weg",30,"Niet brandend","Daglicht","Droog",\N,"176299002","Balijpad","Pijnacker","Pijnacker-Nootdorp","Zuid-Holland",false,52.031153,4.410586,"injury","2","clear",false,1,"GM1926"
"20230101981",2023,"Letsel",2,"Fiets","Fiets","Kop/staart","Kruispunt, 3 takken",30,"Brandend","Daglicht","Droog",\N,\N,"Floralaan","Pijnacker","Pijnacker-Nootdorp","Zuid-Holland",false,52.006878,4.443051,"injury","2","clear",false,1,"GM1926"
"20230106887",2023,"Uitsluitend materiele schade",1,"Fiets",\N,"Voetganger","Bocht",\N,"Niet brandend","Daglicht","Regen",\N,"396110067","Kasteel Horionstraat","Roermond","Roermond","Limburg",false,51.185593,6.005697,"material damage only","4","rain",false,1,"GM0957"
"20230086764",2023,"Letsel",2,"Bromfiets","Fiets","Frontaal","Bocht",30,"Niet brandend","Daglicht","Droog",\N,"600208385","Machiel van Marlepad","Zaandam","Zaanstad","Noord-Holland",false,52.45127,4.830071,"injury","2","clear",false,1,"GM0479"
"20230088586",2023,"Letsel",2,"Fiets","Personenauto","Flank","Rotonde",50,"Niet brandend","Daglicht","Droog",\N,\N,"Westlandseweg","Vlaardingen","Vlaardingen","Zuid-Holland",false,51.914738,4.352294,"injury","2","clear",false,1,"GM0622"
"20230083959",2023,"Letsel",1,"Fiets",\N,"Eenzijdig","Kruispunt, 3 takken",50,"Brandend","Duisternis","Regen",\N,\N,"Antwerpenweg","Groningen","Groningen","Groningen",false,53.200815,6.599814,"injury","2","rain",false,1,"GM0014"
"20230085129",2023,"Letsel",2,"Personenauto","Fiets","Flank","Kruispunt, 3 takken",50,"Niet brandend","Daglicht","Droog",\N,\N,"Leusinkweg","Losser","Losser","Overijssel",false,52.249298,7.009429,"injury","2","clear",false,1,"GM0168"
"20230086840",2023,"Letsel",1,"Fiets",\N,"Eenzijdig","Rechte weg",\N,"Niet aanwezig","Daglicht","Droog",\N,"600714880","Kapitein De Rijkstraat","'s-Gravenhage","'s-Gravenhage","Zuid-Holland",false,52.097252,4.270795,"injury","2","clear",false,1,"GM0518"
"20230090988",2023,"Uitsluitend materiele schade",1,"Fiets",\N,"Onbekend","Rechte weg",50,"Niet brandend","Daglicht","Droog",\N,"600836619","Heerbaan","Heel","Maasgouw","Limburg",false,51.180388,5.897465,"material damage only","4","clear",false,1,"GM1641"
"20230081639",2023,"Uitsluitend materiele schade",2,"Personenauto","Fiets","Flank","Rotonde",30,"Brandend","Daglicht","Regen",\N,\N,"Holwinde","Hoogvliet Rotterdam","Rotterdam","Zuid-Holland",false,51.860355,4.355282,"material damage only","4","rain",false,1,"GM0599"
"20230085136",2023,"Letsel",2,"Personenauto","Fiets","Flank","Kruispunt, 4 takken",60,"Niet aanwezig","Daglicht","Droog",\N,\N,"Zomerdijk","Bornerbroek","Almelo","Overijssel",false,52.317874,6.621278,"injury","2","clear",false,1,"GM0141"
"20230092216",2023,"Uitsluitend materiele schade",2,"Fiets","Snorfiets","Frontaal","Kruispunt, 3 takken",30,"Niet brandend","Daglicht","Droog",\N,\N,"Bosscheweg","Boxtel","Boxtel","Noord-Brabant",false,51.605367,5.320793,"material damage only","4","clear",false,1,"GM0757"
"20230088699",2023,"Letsel",2,"Bestelauto","Fiets","Eenzijdig","Rechte weg",50,"Niet brandend","Daglicht","Droog",\N,"210248016","Amalia van Solmsstraat","Dordrecht","Dordrecht","Zuid-Holland",false,51.803163,4.665978,"injury","2","clear",false,1,"GM0505"
"20230090447",2023,"Uitsluitend materiele schade",2,"Bromfiets","Fiets","Flank","Kruispunt, 3 takken",50,"Niet brandend","Daglicht","Droog",\N,\N,"Oudeweg","Nootdorp","Pijnacker-Nootdorp","Zuid-Holland",false,52.035989,4.407823,"material damage only","4","clear",false,1,"GM1926"
"20220003960",2022,"Uitsluitend materiele schade",2,"Personenauto","Fiets","Flank","Kruispunt, 4 takken",50,"Niet brandend","Schemer","Droog",\N,\N,"Nijenbeeklaan","Arnhem","Arnhem","Gelderland",false,51.980248,5.963699,"material damage only","4","clear",false,1,"GM0202"
"20220001963",2022,"Letsel",2,"Personenauto","Fiets","Frontaal","Kruispunt, 4 takken",50,"Brandend","Duisternis","Droog",\N,\N,"KIJK IN 'T JATBRUG","Groningen","Groningen","Groningen",false,53.220954,6.560718,"injury","2","clear",false,1,"GM0014"
"20220007808",2022,"Uitsluitend materiele schade",2,"Fiets","Personenauto","Flank","Kruispunt, 4 takken",50,"Brandend","Duisternis","Droog",\N,\N,"Spoorstraat","Oldenzaal","Oldenzaal","Overijssel",false,52.306934,6.929654,"material damage only","4","clear",false,1,"GM0173"
"20230006336",2023,"Uitsluitend materiele schade",1,"Fiets",\N,"Onbekend",\N,30,\N,"Daglicht",\N,\N,"600361658","Voorschoterlaan","Rotterdam","Rotterdam","Zuid-Holland",false,51.922677,4.511623,"material damage only","4","unknown",false,1,"GM0599"
"20220079654",2022,"Letsel",2,"Personenauto","Fiets","Onbekend","Kruispunt, 3 takken",50,"Niet brandend","Daglicht","Droog",\N,\N,"Parallelweg","Beverwijk","Beverwijk","Noord-Holland",false,52.481043,4.671026,"injury","2","clear",false,1,"GM0375"
"20220089523",2022,"Uitsluitend materiele schade",3,"Personenauto","Fiets","Onbekend","Rechte weg",50,"Niet brandend","Daglicht",\N,\N,"600911888","De Schakel","Eindhoven","Eindhoven","Noord-Brabant",false,51.468963,5.414452,"material damage only","4","unknown",false,1,"GM0772"
"20220089568",2022,"Uitsluitend materiele schade",2,"Fiets","e-bike","Frontaal","Rechte weg",50,"Niet brandend","Daglicht","Droog",\N,"600818364","Engelseweg","Helmond","Helmond","Noord-Brabant",false,51.472497,5.678658,"material damage only","4","clear",false,1,"GM0794"
"20220009165",2022,"Uitsluitend materiele schade",2,"Personenauto","e-bike","Flank","Kruispunt, 3 takken",30,"Niet aanwezig","Schemer","Droog",\N,\N,"Neuweg","Hilversum","Hilversum","Noord-Holland",false,52.220827,5.173832,"material damage only","4","clear",false,1,"GM0402"
"20220019605",2022,"Letsel",1,"Fiets",\N,"Eenzijdig",\N,50,\N,"Duisternis",\N,\N,\N,"Veerhuis","Leiden","Leiden","Zuid-Holland",false,52.155377,4.504614,"injury","2","unknown",false,1,"GM0546"
"20220056349",2022,"Uitsluitend materiele schade",2,"Personenauto","Fiets","Geparkeerd voertuig","Bocht",50,"Niet brandend","Daglicht","Droog","Parkeervoorziening",\N,"Van der Marckstraat","Leiderdorp","Leiderdorp","Zuid-Holland",false,52.16192,4.519205,"material damage only","4","clear",false,1,"GM0547"
"20220063422",2022,"Letsel",2,"Personenauto","Fiets","Flank","Kruispunt, 3 takken",50,"Niet brandend","Daglicht","Droog",\N,\N,"Diepenbrocklaan","Zwijndrecht","Zwijndrecht","Zuid-Holland",false,51.817603,4.619202,"injury","2","clear",false,1,"GM0642"
"20220104025",2022,"Letsel",2,"Personenauto","Fiets","Flank","Kruispunt, 3 takken",60,"Niet brandend","Daglicht","Droog",\N,\N,"Herenweg","Noordwijkerhout","Noordwijk","Zuid-Holland",false,52.284987,4.519677,"injury","2","clear",false,1,"GM0575"
"20220019774",2022,"Letsel",2,"Fiets","Fiets","Onbekend","Bocht",50,"Niet brandend","Daglicht","Droog",\N,"213268076","Burg van der Willigenstr","Lekkerkerk","Krimpenerwaard","Zuid-Holland",false,51.896222,4.688895,"injury","2","clear",false,1,"GM1931"
"20220071624",2022,"Letsel",2,"Bestelauto","Fiets","Onbekend","Rechte weg",30,"Niet brandend","Daglicht","Droog",\N,"466563122","Praediniussingel","Groningen","Groningen","Groningen",false,53.213801,6.560077,"injury","2","clear",false,1,"GM0014"
"20220083709",2022,"Uitsluitend materiele schade",2,"Snorfiets","Fiets","Frontaal","Kruispunt, 4 takken",\N,"Brandend","Duisternis","Droog",\N,"162309126","Grote Marktstraat","'s-Gravenhage","'s-Gravenhage","Zuid-Holland",false,52.077253,4.314188,"material damage only","4","clear",false,1,"GM0518"
"20220109583",2022,"Letsel",2,"Personenauto","Fiets","Frontaal","Kruispunt, 3 takken",30,"Niet brandend","Daglicht","Droog",\N,\N,"Bavelselaan","Breda","Breda","Noord-Brabant",false,51.565407,4.807993,"injury","2","clear",false,1,"GM0758"
"20220029093",2022,"Uitsluitend materiele schade",2,"Personenauto","Fiets","Onbekend","Kruispunt, 4 takken",30,"Niet brandend","Schemer","Droog",\N,\N,"Tubastraat","Uden","Maashorst","Noord-Brabant",false,51.668621,5.612293,"material damage only","4","clear",false,1,"GM1991"
"20220046536",2022,"Uitsluitend materiele schade",2,"Personenauto","Fiets","Flank","Kruispunt, 4 takken",80,"Niet brandend","Daglicht","Droog",\N,\N,"Wildforsterweg","Putten","Putten","Gelderland",false,52.237562,5.656705,"material damage only","4","clear",false,1,"GM0273"
"20220078295",2022,"Uitsluitend materiele schade",2,"Motor","Fiets","Flank","Kruispunt, 4 takken",50,"Niet brandend","Daglicht","Droog",\N,"600918490","Westplein","Utrecht","Utrecht","Utrecht",false,52.091651,5.104954,"material damage only","4","clear",false,1,"GM0344"
"20220090624",2022,"Uitsluitend materiele schade",3,"Fiets","Personenauto","Onbekend","Kruispunt, 3 takken",50,"Niet brandend","Daglicht","Droog",\N,\N,"Henri Dunantstraat","Heerlen","Heerlen","Limburg",false,50.872595,5.972455,"material damage only","4","clear",false,1,"GM0917"
"20220111377",2022,"Letsel",2,"Bestelauto","Fiets","Flank","Rechte weg",30,"Niet brandend","Daglicht","Droog",\N,"600790130","Orthenseweg","'s-Hertogenbosch","'s-Hertogenbosch","Noord-Brabant",false,51.698721,5.303943,"injury","2","clear",false,1,"GM0796"
"20220039585",2022,"Uitsluitend materiele schade",3,"Personenauto","e-bike","Los voorwerp","Rotonde",50,"Brandend","Daglicht","Regen",\N,\N,"Steenstraat","Panningen","Peel en Maas","Limburg",false,51.331061,5.972395,"material damage only","4","rain",false,1,"GM1894"
"20220046603",2022,"Uitsluitend materiele schade",2,"Fiets","Fiets","Frontaal","Rechte weg",50,"Brandend","Schemer","Droog",\N,"514338041","Burg Van Veenlaan","Enschede","Enschede","Overijssel",false,52.200228,6.879564,"material damage only","4","clear",false,1,"GM0153"
"20220053875",2022,"Uitsluitend materiele schade",2,"Personenauto","Fiets","Onbekend","Kruispunt, 4 takken",50,"Niet brandend","Daglicht","Droog",\N,\N,"Noordelijke Randweg","Nieuw-Vennep","Haarlemmermeer","Noord-Holland",false,52.279465,4.633129,"material damage only","4","clear",false,1,"GM0394"
"20220067070",2022,"Uitsluitend materiele schade",2,"e-bike","Fiets","Onbekend","Rechte weg",50,"Niet brandend","Daglicht","Droog",\N,\N,"Stoofweg","Grave","Land van Cuijk","Noord-Brabant",false,51.754261,5.73478,"material damage only","4","clear",false,1,"GM1982"
"20220077503",2022,"Uitsluitend materiele schade",2,"Personenauto","Fiets","Flank","Rotonde",50,"Niet brandend","Daglicht","Droog",\N,\N,"Montaubanstraat","Zeist","Zeist","Utrecht",false,52.086269,5.239053,"material damage only","4","clear",false,1,"GM0355"
"20220081814",2022,"Letsel",1,"Fiets",\N,"Eenzijdig","Rechte weg",80,"Niet brandend","Daglicht",\N,\N,"200329029","Parallelweg","Hoogmade","Kaag en Braassem","Zuid-Holland",false,52.168071,4.588195,"injury","2","unknown",false,1,"GM1884"
"20220091320",2022,"Uitsluitend materiele schade",1,"Fiets",\N,"Eenzijdig","Rechte weg",60,"Niet brandend","Daglicht","Droog",\N,"401117015","Graeterweg","Swalmen","Roermond","Limburg",false,51.213531,6.039817,"material damage only","4","clear",false,1,"GM0957"
"20220092973",2022,"Letsel",2,"Bromfiets","Fiets","Frontaal","Bocht",80,"Niet aanwezig","Daglicht","Droog",\N,"434441005","Commissieweg","de Wijk","De Wolden","Drenthe",false,52.670998,6.310575,"injury","2","clear",false,1,"GM1690"
"20220017014",2022,"Letsel",2,"Fiets","Fiets","Onbekend","Rechte weg",50,"Brandend","Duisternis","Droog",\N,"180346005","Nieuwe Zeeweg","Noordwijk","Noordwijk","Zuid-Holland",false,52.242984,4.437025,"injury","2","clear",false,1,"GM0575"
"20220039797",2022,"Uitsluitend materiele schade",2,"Personenauto","Fiets","Onbekend","Kruispunt, 3 takken",50,"Brandend","Schemer","Droog",\N,\N,"Stationsplein","Meerssen","Meerssen","Limburg",false,50.882956,5.751696,"material damage only","4","clear",false,1,"GM0938"
"20220049477",2022,"Letsel",2,"Personenauto","Fiets","Flank","Kruispunt, 4 takken",50,"Brandend","Duisternis",\N,\N,\N,"Einsteindreef","Utrecht","Utrecht","Utrecht",false,52.113802,5.106142,"injury","2","unknown",false,1,"GM0344"
"20220053946",2022,"Letsel",2,"Fiets","Personenauto","Flank","Kruispunt, 3 takken",30,"Niet brandend","Daglicht","Regen",\N,\N,"Herengracht","Purmerend","Purmerend","Noord-Holland",false,52.507603,4.944551,"injury","2","rain",false,1,"GM0439"
"20220055404",2022,"Uitsluitend materiele schade",1,"Fiets",\N,"Voetganger","Rechte weg",30,"Niet brandend","Daglicht","Droog",\N,"241377209","Haarlemmerplein","Amsterdam","Amsterdam","Noord-Holland",false,52.384286,4.884084,"material damage only","4","clear",false,1,"GM0363"
"20220034061",2022,"Letsel",2,"Personenauto","Fiets","Flank","Rechte weg",30,"Niet brandend","Daglicht","Droog",\N,"345303063","Stakenberg","Ede","Ede","Gelderland",false,52.052162,5.645966,"injury","2","clear",false,1,"GM0228"
"20220058437",2022,"Letsel",2,"Personenauto","e-bike","Flank","Rechte weg",\N,"Niet brandend","Daglicht","Droog",\N,"600223976","Produktieweg","Zoeterwoude","Zoeterwoude","Zuid-Holland",false,52.141319,4.516441,"injury","2","clear",false,1,"GM0638"
"20220065685",2022,"Uitsluitend materiele schade",2,"Fiets","Personenauto","Flank","Kruispunt, 3 takken",50,"Niet brandend","Daglicht","Droog",\N,"600517873","Kennedylaan","Terneuzen","Terneuzen","Zeeland",false,51.332182,3.827058,"material damage only","4","clear",false,1,"GM0715"
"20220081132",2022,"Uitsluitend materiele schade",2,"Personenauto","e-bike","Flank","Kruispunt, 4 takken",\N,"Niet brandend","Daglicht","Droog",\N,\N,"Barentszplein","Amsterdam","Amsterdam","Noord-Holland",false,52.389424,4.891164,"material damage only","4","clear",false,1,"GM0363"
"20220104929",2022,"Letsel",2,"Personenauto","Fiets","Onbekend","Rotonde",50,"Niet brandend","Daglicht",\N,\N,\N,"Monseigneur van Steelaan","Voorburg","Leidschendam-Voorburg","Zuid-Holland",false,52.077016,4.355238,"injury","2","unknown",false,1,"GM1916"
"20220104994",2022,"Letsel",2,"e-bike","Boom","Vast voorwerp","Rechte weg",60,"Brandend","Duisternis","Droog",\N,"183346010","Gooweg","Noordwijkerhout","Noordwijk","Zuid-Holland",false,52.245338,4.466872,"injury","2","clear",false,1,"GM0575"
"20220105274",2022,"Letsel",1,"Fiets",\N,"Eenzijdig","Rechte weg",50,"Niet brandend","Daglicht","Droog",\N,"600105603","Prinsegracht","'s-Gravenhage","'s-Gravenhage","Zuid-Holland",false,52.075021,4.307587,"injury","2","clear",false,1,"GM0518"
"20220034239",2022,"Uitsluitend materiele schade",2,"Fiets","Personenauto","Flank","Rechte weg",30,"Niet brandend","Daglicht","Droog",\N,"280351060","Sint Janslaan","Bussum","Gooise Meren","Noord-Holland",false,52.270472,5.17205,"material damage only","4","clear",false,1,"GM1942"
"20220041825",2022,"Uitsluitend materiele schade",1,"Fiets",\N,"Onbekend","Rechte weg",30,"Brandend","Duisternis","Droog","Tunnel","600818725","Stadsrondweg-Oost","Sneek","Súdwest-Fryslân","Friesland",false,53.028391,5.685069,"material damage only","4","clear",false,1,"GM1900"
"20220048119",2022,"Letsel",2,"Fiets","Personenauto","Flank","Kruispunt, 4 takken",50,"Niet brandend","Daglicht","Droog",\N,\N,"Weusthagstraat","Hengelo","Hengelo (O)","Overijssel",false,52.277341,6.798391,"injury","2","clear",false,1,\N
"20220063994",2022,"Letsel",2,"Fiets","Overig vast object","Vast voorwerp","Rechte weg",30,"Brandend","Duisternis","Droog",\N,"55173017","Sloeweg","Vlissingen","Vlissingen","Zeeland",false,51.457193,3.555651,"injury","2","clear",false,1,"GM0718"
"20220105668",2022,"Letsel",3,"Bromfiets","Fiets","Frontaal","Rechte weg",30,"Niet brandend","Daglicht","Droog",\N,"600716463","Schaapweg","Rijswijk","Rijswijk","Zuid-Holland",false,52.036291,4.301715,"injury","2","clear",false,1,\N
"20220105900",2022,"Letsel",1,"Fiets",\N,"Eenzijdig","Kruispunt, 4 takken",50,"Niet brandend","Daglicht","Droog",\N,\N,"Laan van Meerdervoort","'s-Gravenhage","'s-Gravenhage","Zuid-Holland",false,52.081867,4.287884,"injury","2","clear",false,1,"GM0518"
"20220049846",2022,"Letsel",2,"Bromfiets","Fiets","Flank","Kruispunt, 4 takken",50,"Niet brandend","Daglicht",\N,\N,\N,"Roerdomplaan","Nieuwegein","Nieuwegein","Utrecht",true,52.019669,5.078848,"injury","2","unknown",false,1,"GM0356"
"20220067477",2022,"Uitsluitend materiele schade",2,"Personenauto","e-bike","Flank","Kruispunt, 3 takken",30,"Niet brandend","Daglicht","Droog",\N,\N,"Marialaan","Ommel","Asten","Noord-Brabant",false,51.421174,5.748944,"material damage only","4","clear",false,1,"GM0743"
"20220067523",2022,"Letsel",2,"e-bike","Overig vast object","Vast voorwerp","Bocht",30,"Brandend","Duisternis","Droog","Tunnel","321163106","Boutenslaan","Eindhoven","Eindhoven","Noord-Brabant",false,51.425856,5.468953,"injury","2","clear",false,1,"GM0772"
"20220070575",2022,"Uitsluitend materiele schade",2,"Personenauto","Fiets","Frontaal","Kruispunt, 4 takken",30,"Niet brandend","Daglicht","Droog",\N,\N,"Damwâldsterreedsje","Dokkum","Noardeast-Fryslân","Friesland",false,53.319584,6.008751,"material damage only","4","clear",false,1,"GM1970"
"20220082241",2022,"Letsel",1,"Fiets",\N,"Eenzijdig","Rechte weg",15,"Brandend","Duisternis","Sneeuw/Hagel",\N,"163310018","Plein","'s-Gravenhage","'s-Gravenhage","Zuid-Holland",false,52.07943,4.316158,"injury","2","unknown",false,1,"GM0518"
"20220107250",2022,"Uitsluitend materiele schade",2,"Personenauto","Fiets","Flank","Kruispunt, 4 takken",50,"Niet brandend","Daglicht","Droog",\N,\N,"Martin Luther Kingweg","Rotterdam","Rotterdam","Zuid-Holland",false,51.966517,4.553723,"material damage only","4","clear",false,1,"GM0599"
"20220095251",2022,"Uitsluitend materiele schade",2,"Personenauto","Fiets","Flank","Kruispunt, 4 takken",50,"Niet brandend","Daglicht","Droog",\N,\N,"Waallaan","Zwolle","Zwolle","Overijssel",false,52.533604,6.097595,"material damage only","4","clear",false,1,"GM0193"
"20220051270",2022,"Uitsluitend materiele schade",2,"Snorfiets","Fiets","Frontaal","Kruispunt, 4 takken",\N,"Niet brandend","Daglicht","Droog",\N,\N,"Randweg","Enkhuizen","Enkhuizen","Noord-Holland",false,52.702733,5.273876,"material damage only","4","clear",false,1,"GM0388"
"20220081335",2022,"Letsel",2,"Snorfiets","Fiets","Flank","Rotonde",50,"Niet brandend","Daglicht","Droog",\N,\N,"Louis Bouwmeesterstraat","Amsterdam","Amsterdam","Noord-Holland",false,52.35603,4.821455,"injury","2","clear",false,1,"GM0363"
"20220108837",2022,"Uitsluitend materiele schade",2,"Personenauto","Fiets","Onbekend","Rotonde",50,"Niet brandend","Daglicht","Droog",\N,\N,"Statendamweg","Oosterhout","Oosterhout","Noord-Brabant",false,51.663434,4.856266,"material damage only","4","clear",false,1,"GM0826"
"20220095734",2022,"Uitsluitend materiele schade",2,"Personenauto","Fiets","Onbekend","Rotonde",50,\N,"Daglicht",\N,\N,\N,"Deventerweg","Harderwijk","Harderwijk","Gelderland",false,52.338765,5.631868,"material damage only","4","unknown",false,1,"GM0243"
"20220097077",2022,"Uitsluitend materiele schade",2,"Personenauto","Fiets","Onbekend","Rechte weg",60,"Niet brandend","Daglicht","Droog",\N,\N,"Wilgenstraat","Boven-Leeuwen","West Maas en Waal","Gelderland",false,51.888881,5.5603,"material damage only","4","clear",false,1,"GM0668"
"20220098760",2022,"Letsel",2,"Trekker","Fiets","Geparkeerd voertuig",\N,50,"Niet brandend","Daglicht","Droog",\N,"600369663","Industrieweg","Soest","Soest","Utrecht",false,52.178447,5.275536,"injury","2","clear",false,1,"GM0342"
"20220010444",2022,"Letsel",2,"Bestelauto","Fiets","Flank","Kruispunt, 4 takken",30,"Niet brandend","Daglicht","Droog",\N,\N,"Westlandsetuin","Utrecht","Utrecht","Utrecht",false,52.096661,5.043406,"injury","2","clear",false,1,"GM0344"
"20220036666",2022,"Uitsluitend materiele schade",2,"Snorfiets","e-bike","Onbekend","Rotonde",\N,"Brandend","Duisternis","Regen",\N,\N,"Emmastraat","Pijnacker","Pijnacker-Nootdorp","Zuid-Holland",false,52.019817,4.433785,"material damage only","4","rain",false,1,"GM1926"
"20220057448",2022,"Letsel",2,"e-bike","Fiets","Onbekend","Rechte weg",50,"Niet brandend","Daglicht","Droog",\N,"155309058","Goudenregenstraat","'s-Gravenhage","'s-Gravenhage","Zuid-Holland",false,52.077523,4.263004,"injury","2","clear",false,1,"GM0518"
"20220059834",2022,"Letsel",2,"Trekker","Fiets","Frontaal","Kruispunt, 4 takken",50,"Niet brandend","Daglicht","Droog",\N,\N,"Rijswijkseplein","'s-Gravenhage","'s-Gravenhage","Zuid-Holland",false,52.072119,4.324044,"injury","2","clear",false,1,"GM0518"
"20220082494",2022,"Uitsluitend materiele schade",2,"Fiets","Fiets","Frontaal","Kruispunt, 3 takken",\N,"Niet brandend","Daglicht","Droog",\N,\N,"Nieuweveensepad","'s-Gravenhage","'s-Gravenhage","Zuid-Holland",false,52.063565,4.379636,"material damage only","4","clear",false,1,"GM0518"
"20220096925",2022,"Letsel",2,"Bestelauto","Fiets","Flank","Kruispunt, 4 takken",\N,"Niet brandend","Daglicht","Droog",\N,\N,"Reysigerweg","Zwolle","Zwolle","Overijssel",false,52.498994,6.100402,"injury","2","clear",false,1,"GM0193"
"20220098917",2022,"Uitsluitend materiele schade",2,"Personenauto","e-bike","Geparkeerd voertuig","Rechte weg",30,"Niet brandend","Daglicht","Droog","Parkeervoorziening","321404248","Koningsbergenstraat","Lelystad","Lelystad","Flevoland",false,52.508626,5.469318,"material damage only","4","clear",false,1,"GM0995"
"20220099570",2022,"Uitsluitend materiele schade",2,"Snorfiets","Fiets","Frontaal","Rechte weg",50,"Brandend","Duisternis","Droog",\N,"342438055","Ransuil","Urk","Urk","Flevoland",false,52.662265,5.627129,"material damage only","4","clear",false,1,"GM0184"
"20220036733",2022,"Letsel",1,"e-bike",\N,"Eenzijdig","Rechte weg",30,"Niet brandend","Daglicht","Harde windstoten",\N,"161304025","Erasmusweg","'s-Gravenhage","'s-Gravenhage","Zuid-Holland",false,52.05239,4.304158,"injury","2","unknown",false,1,"GM0518"
"20220100847",2022,"Letsel",2,"Personenauto","e-bike","Frontaal","Bocht",30,"Niet brandend","Daglicht","Droog",\N,\N,"Rijperweg","Bloemendaal","Bloemendaal","Noord-Holland",false,52.402752,4.611756,"injury","2","clear",false,1,"GM0377"
"20220103083",2022,"Uitsluitend materiele schade",1,"Fiets",\N,"Onbekend",\N,50,\N,"Daglicht",\N,\N,"243371022","Stadhouderskade","Amsterdam","Amsterdam","Noord-Holland",false,52.358069,4.900514,"material damage only","4","unknown",false,1,"GM0363"
"20220103652",2022,"Uitsluitend materiele schade",2,"Personenauto","Fiets","Flank","Kruispunt, 4 takken",30,"Niet brandend","Daglicht","Droog",\N,\N,"Theresiastraat","'s-Gravenhage","'s-Gravenhage","Zuid-Holland",false,52.083539,4.331021,"material damage only","4","clear",false,1,"GM0518"
"20220051702",2022,"Uitsluitend materiele schade",2,"Personenauto","Fiets","Flank","Kruispunt, 3 takken",\N,"Niet brandend","Daglicht","Droog",\N,\N,"Middenweg","Heerhugowaard","Dijk en Waard","Noord-Holland",false,52.6751,4.84898,"material damage only","4","clear",false,1,"GM1980"
"20220087145",2022,"Letsel",1,"Fiets",\N,"Eenzijdig",\N,30,\N,"Daglicht",\N,\N,"267192152","Sint Annastraat","Tilburg","Tilburg","Noord-Brabant",false,51.553378,5.077359,"injury","2","unknown",false,1,"GM0855"
"20220100953",2022,"Uitsluitend materiele schade",1,"Fiets",\N,"Eenzijdig","Rechte weg",50,"Niet brandend","Daglicht","Droog",\N,"206394059","De Lumeystraat","IJmuiden","Velsen","Noord-Holland",false,52.461679,4.623155,"material damage only","4","clear",false,1,"GM0453"
"20220105525",2022,"Letsel",1,"Fiets",\N,"Eenzijdig",\N,\N,\N,"Daglicht",\N,\N,"197306001","Wilde Veenenpad","Benthuizen","Alphen aan den Rijn","Zuid-Holland",false,52.062595,4.563433,"injury","2","unknown",false,1,"GM0484"
"20220106000",2022,"Letsel",2,"Personenauto","Fiets","Frontaal","Rechte weg",30,"Niet brandend","Daglicht","Droog",\N,"215317007","Kortsteekterweg","Alphen aan den Rijn","Alphen aan den Rijn","Zuid-Holland",false,52.113243,4.70888,"injury","2","clear",false,1,"GM0484"
"20220106082",2022,"Letsel",2,"Fiets","Personenauto","Flank","Rechte weg",30,"Niet brandend","Daglicht",\N,\N,"208306015","Mendelweg","Boskoop","Alphen aan den Rijn","Zuid-Holland",false,52.065484,4.648037,"injury","2","unknown",false,1,"GM0484"
"20220042301",2022,"Letsel",2,"Fiets","Fiets","Flank","Rechte weg",30,"Niet brandend","Daglicht","Droog",\N,"466565048","Boteringesingel","Groningen","Groningen","Groningen",false,53.226011,6.558753,"injury","2","clear",false,1,"GM0014"
"20220047432",2022,"Letsel",2,"Fiets","e-bike","Flank","Rechte weg",50,"Niet brandend","Daglicht",\N,\N,"502353026","Oude Molenweg","Hengelo","Hengelo (O)","Overijssel",false,52.26819,6.800371,"injury","2","unknown",false,1,\N
"20220101954",2022,"Letsel",1,"e-bike",\N,"Eenzijdig","Rechte weg",30,"Niet brandend","Daglicht","Droog",\N,"600747986","Zeeweg","Heiloo","Heiloo","Noord-Holland",false,52.606701,4.687565,"injury","2","clear",false,1,"GM0399"
"20220102457",2022,"Uitsluitend materiele schade",2,"Personenauto","Fiets","Flank","Rotonde",50,"Niet brandend","Daglicht","Droog",\N,\N,"HAARLEMMERMEERCIRCUIT","Amsterdam","Amsterdam","Noord-Holland",false,52.349836,4.857981,"material damage only","4","clear",false,1,"GM0363"