"accident_id","year","severity_raw","party_count","party1_type","party2_type","accident_type","road_situation","speed_limit_kmh","road_lighting","light_condition_label","weather_raw","infra_type","road_segment_id","street_name","place_name","gemeente_name_raw","province","alcohol_indicated","latitude","longitude","severity_label","severity_code","weather_label","built_up_area","cyclists_involved","gemeente_code"
"20240091998",2024,"Uitsluitend materiele schade",2,"Bromfiets","Fiets","Frontaal","Rechte weg",50,"Brandend","Duisternis","Droog","Brug/viaduct","600515386","Viaductweg","Maastricht","Maastricht","Limburg",false,50.860257,5.706362,"material damage only","4","clear",false,1,"GM0935"
"20240092372",2024,"Uitsluitend materiele schade",2,"Fiets","Personenauto","Flank","Kruispunt, 4 takken",80,"Niet brandend","Daglicht","Droog",\N,\N,"De Bockhofweg","Schimmert","Beekdaelen","Limburg",false,50.895181,5.825071,"material damage only","4","clear",false,1,"GM1954"
"20240092385",2024,"Uitsluitend materiele schade",1,"Fiets",\N,"Onbekend","Rechte weg",60,"Niet brandend","Daglicht","Droog",\N,"289133001","Postelseheideweg","Bergeijk","Bergeijk","Noord-Brabant",false,51.284147,5.239649,"material damage only","4","clear",false,1,"GM1724"
"20240095047",2024,"Letsel",3,\N,"Fiets","Onbekend","Rechte weg",60,"Brandend","Duisternis","Regen",\N,"600530761","De Holm","Tolbert","Westerkwartier","Groningen",false,53.170386,6.3498,"injury","2","rain",false,1,"GM1969"
"20240098176",2024,"Letsel",3,"Personenauto","Fiets","Onbekend","Kruispunt, 4 takken",30,"Niet aanwezig","Daglicht","Droog",\N,\N,"Hoekenes","Amsterdam","Amsterdam","Noord-Holland",false,52.352751,4.80282,"injury","2","clear",false,1,"GM0363"
"20240046023",2024,"Uitsluitend materiele schade",2,"Snorfiets","Fiets","Frontaal","Bocht",30,"Niet brandend","Daglicht","Droog",\N,"336320030","Doornenburg","Barneveld","Barneveld","Gelderland",false,52.130856,5.581422,"material damage only","4","clear",false,1,"GM0203"
"20240048981",2024,"Letsel",2,"Personenauto","Fiets","Onbekend","Kruispunt, 3 takken",30,"Niet brandend","Daglicht","Droog",\N,\N,"Koningsstraat","Hilversum","Hilversum","Noord-Holland",false,52.219818,5.168562,"injury","2","clear",false,1,"GM0402"
"20240073889",2024,"Uitsluitend materiele schade",2,"Snorfiets","Fiets","Flank","Rechte weg",\N,\N,"Daglicht","Droog",\N,"600835145","Odasingel","Sittard","Sittard-Geleen","Limburg",false,51.001048,5.87177,"material damage only","4","clear",false,1,"GM1883"
"20240075606",2024,"Uitsluitend materiele schade",2,"Personenauto","Fiets","Flank","Kruispunt, 3 takken",50,"Niet brandend","Daglicht","Droog",\N,\N,"Heinoseweg","Zwolle","Zwolle","Overijssel",false,52.505507,6.126419,"material damage only","4","clear",false,1,"GM0193"
"20240079724",2024,"Letsel",1,"Fiets",\N,"Onbekend","Rechte weg",15,"Niet brandend","Daglicht","Droog",\N,"600554350","Bosweg","Hoofddorp","Haarlemmermeer","Noord-Holland",false,52.320321,4.670042,"injury","2","clear",false,1,"GM0394"
"20240083587",2024,"Letsel",2,\N,"Fiets","Onbekend","Rechte weg",30,"Niet brandend","Daglicht","Droog",\N,"353178080","Dierdonkse Heide","Helmond","Helmond","Noord-Brabant",false,51.490157,5.699272,"injury","2","clear",false,1,"GM0794"
"20240092406",2024,"Uitsluitend materiele schade",2,"Personenauto","Fiets","Flank","Kruispunt, 3 takken",50,"Niet brandend","Daglicht","Droog",\N,\N,"Tivoliweg","Rosmalen","'s-Hertogenbosch","Noord-Brabant",false,51.706565,5.342626,"material damage only","4","clear",false,1,"GM0796"
"20240092836",2024,"Uitsluitend materiele schade",2,"Fiets","Fiets","Flank","Rotonde",30,"Niet brandend","Daglicht","Droog",\N,\N,"Roermondsestraat","Venlo","Venlo","Limburg",false,51.366552,6.166329,"material damage only","4","clear",false,1,"GM0983"
"20240044484",2024,"Uitsluitend materiele schade",2,"Personenauto","Fiets","Los voorwerp","Kruispunt, 4 takken",130,"Niet aanwezig","Daglicht","Droog",\N,\N,"De Kleine Bruggen","Maarheeze","Cranendonck","Noord-Brabant",false,51.312562,5.606829,"material damage only","4","clear",false,1,"GM1706"
"20240049036",2024,"Uitsluitend materiele schade",2,"Personenauto","Fiets","Frontaal","Kruispunt, 4 takken",80,"Niet brandend","Daglicht","Droog",\N,\N,"Zwartsluiserweg","Zwartsluis","Zwartewaterland","Overijssel",false,52.600769,6.097287,"material damage only","4","clear",false,1,"GM1896"
"20240075651",2024,"Letsel",2,"Personenauto","Fiets","Flank","Kruispunt, 4 takken",50,"Niet brandend","Daglicht","Droog",\N,\N,"Spoorlaan","Groesbeek","Berg en Dal","Gelderland",false,51.777153,5.936773,"injury","2","clear",false,1,"GM1945"
"20240092457",2024,"Letsel",2,"Personenauto","Fiets","Flank","Bocht",50,"Niet brandend","Daglicht","Droog",\N,\N,"Prins Bisschopsingel","Maastricht","Maastricht","Limburg",false,50.842202,5.697285,"injury","2","clear",false,1,"GM0935"
"20240092882",2024,"Uitsluitend materiele schade",2,"Personenauto","Fiets","Flank","Rotonde",50,"Niet brandend","Daglicht","Droog",\N,\N,"Hoofdstraat","Landgraaf","Landgraaf","Limburg",false,50.891496,6.015174,"material damage only","4","clear",false,1,"GM0882"
"20240093822",2024,"Uitsluitend materiele schade",2,"Personenauto","Fiets","Flank","Kruispunt, 4 takken",50,"Niet brandend","Daglicht","Droog",\N,\N,"Herman Boerhaavelaan","Deventer","Deventer","Overijssel",true,52.267726,6.173662,"material damage only","4","clear",false,1,"GM0150"
"20240045406",2024,"Uitsluitend materiele schade",2,"Personenauto","Fiets","Onbekend","Rechte weg",30,"Niet brandend","Daglicht","Droog",\N,"154187087","Dorpsstraat","Halsteren","Bergen op Zoom","Noord-Brabant",false,51.527215,4.268477,"material damage only","4","clear",false,1,"GM0748"
"20240071475",2024,"Letsel",2,"Scootmobiel","Fiets","Flank","Kruispunt, 4 takken",30,"Niet brandend","Daglicht","Droog",\N,\N,"Talmastraat","Katwijk","Katwijk","Zuid-Holland",false,52.207845,4.415313,"injury","2","clear",false,1,"GM0537"
"20240074650",2024,"Letsel",2,"Personenauto","Fiets","Flank","Rechte weg",50,"Niet brandend","Daglicht","Droog",\N,\N,"van der Helststraat","Hoogeveen","Hoogeveen","Drenthe",false,52.723433,6.468159,"injury","2","clear",false,1,"GM0118"
"20240085555",2024,"Uitsluitend materiele schade",1,"Fiets",\N,"Onbekend","Rechte weg",\N,"Niet aanwezig","Daglicht","Droog",\N,"380342022","J.C. Wilslaan","Apeldoorn","Apeldoorn","Gelderland",false,52.228405,5.902403,"material damage only","4","clear",false,1,"GM0200"
"20240091412",2024,"Letsel",2,"Fiets","Fiets","Frontaal","Rechte weg",30,"Brandend","Duisternis","Droog",\N,"600668722","Lunetstraat","Breda","Breda","Noord-Brabant",false,51.594931,4.752413,"injury","2","clear",false,1,"GM0758"
"20240098568",2024,"Uitsluitend materiele schade",2,"Fiets",\N,"Flank","Kruispunt, 4 takken",50,"Niet brandend","Daglicht","Droog",\N,\N,"Transformatorweg","Amsterdam","Amsterdam","Noord-Holland",false,52.39209,4.846975,"material damage only","4","clear",false,1,"GM0363"
"20240071521",2024,"Letsel",2,"Fiets","Overig vast object","Vast voorwerp","Rechte weg",50,"Niet brandend","Daglicht","Droog",\N,\N,"Mariëndijk","Honselersdijk","Westland","Zuid-Holland",false,52.014579,4.243057,"injury","2","clear",false,1,"GM1783"
"20240081731",2024,"Letsel",2,"Fiets","Voetganger","Voetganger","Rechte weg",30,"Niet brandend","Daglicht","Droog",\N,"600440138","Bleiswijksepad","Zoetermeer","Zoetermeer","Zuid-Holland",false,52.045532,4.505468,"injury","2","clear",false,1,"GM0637"
"20240090808",2024,"Letsel",2,"Bestelauto","Fiets","Onbekend","Rechte weg",60,"Niet aanwezig","Daglicht","Droog",\N,"88199002","Prinsendijk","Kortgene","Noord-Beveland","Zeeland",false,51.572913,3.795661,"injury","2","clear",false,1,"GM1695"
"20240090829",2024,"Uitsluitend materiele schade",2,"Personenauto","Fiets","Onbekend","Kruispunt, 4 takken",30,"Niet brandend","Daglicht","Droog",\N,\N,"Rijtuigweg-Zuid","Bergen op Zoom","Bergen op Zoom","Noord-Brabant",false,51.498184,4.282591,"material damage only","4","clear",false,1,"GM0748"
"20240093915",2024,"Letsel",2,"Fiets","Fiets","Frontaal","Rechte weg",50,"Brandend","Duisternis","Droog",\N,"600869282","Balkenweg","Assen","Assen","Drenthe",false,52.992182,6.52439,"injury","2","clear",false,1,"GM0106"
"20240044609",2024,"Uitsluitend materiele schade",2,"Personenauto","Fiets","Flank","Kruispunt, 3 takken",50,"Niet brandend","Daglicht","Regen",\N,\N,"Veldhovenring","Tilburg","Tilburg","Noord-Brabant",false,51.56782,5.086764,"material damage only","4","rain",false,1,"GM0855"
"20240046788",2024,"Uitsluitend materiele schade",2,"Fiets","Fiets","Frontaal","Bocht",50,"Niet brandend","Daglicht","Droog",\N,"600903221","Dabbelosepad","Radio Kootwijk","Apeldoorn","Gelderland",false,52.158305,5.847461,"material damage only","4","clear",false,1,"GM0200"
"20240079828",2024,"Uitsluitend materiele schade",2,"Motor","Fiets","Frontaal","Rechte weg",50,"Brandend","Duisternis","Droog",\N,"600918609","IJburglaan","Amsterdam","Amsterdam","Noord-Holland",false,52.368434,4.9709,"material damage only","4","clear",false,1,"GM0363"
"20240084399",2024,"Letsel",2,"Personenauto","Fiets","Flank","Kruispunt, 4 takken",30,"Niet brandend","Daglicht","Droog",\N,\N,"Valtherlaan","Emmen","Emmen","Drenthe",false,52.803346,6.890556,"injury","2","clear",false,1,"GM0114"
"20240085642",2024,"Uitsluitend materiele schade",1,"Fiets",\N,"Onbekend","Rechte weg",30,"Niet brandend","Daglicht","Droog",\N,"600858807","Keucheniusstraat","Zutphen","Zutphen","Gelderland",false,52.134062,6.217918,"material damage only","4","clear",false,1,"GM0301"
"20240087643",2024,"Uitsluitend materiele schade",2,"Bestelauto","Fiets","Flank",\N,30,"Niet brandend","Daglicht","Droog",\N,"600811269","Vellerselaan","Barneveld","Barneveld","Gelderland",false,52.127243,5.59409,"material damage only","4","clear",false,1,"GM0203"
"20240088944",2024,"Letsel",2,"Personenauto","Fiets","Onbekend","Rechte weg",50,"Niet brandend","Daglicht","Droog",\N,"600173262","Parallel Boulevard","Noordwijk","Noordwijk","Zuid-Holland",false,52.246592,4.433238,"injury","2","clear",false,1,"GM0575"
"20240094782",2024,"Uitsluitend materiele schade",2,"Personenauto","Fiets","Flank","Kruispunt, 3 takken",30,"Niet brandend","Daglicht","Droog",\N,\N,"Tugerallee","'s-Heerenberg","Montferland","Gelderland",false,51.877876,6.261878,"material damage only","4","clear",false,1,"GM1955"
"20240049833",2024,"Uitsluitend materiele schade",2,"Bromfiets","Fiets","Frontaal","Kruispunt, 3 takken",50,"Niet brandend","Daglicht","Droog",\N,\N,"Poeldijkseweg","'s-Gravenhage","'s-Gravenhage","Zuid-Holland",false,52.026491,4.2509,"material damage only","4","clear",false,1,"GM0518"
"20240081809",2024,"Letsel",1,"Fiets",\N,"Onbekend","Rechte weg",50,"Brandend","Duisternis","Droog",\N,"181320025","Schoolstraat","Voorschoten","Voorschoten","Zuid-Holland",false,52.12581,4.447084,"injury","2","clear",false,1,"GM0626"
"20240087679",2024,"Letsel",2,"Fiets","Fiets","Onbekend","Rechte weg",80,"Niet brandend","Daglicht","Droog",\N,"600624711","Hengelosestraat","Enschede","Enschede","Overijssel",false,52.238946,6.847149,"injury","2","clear",false,1,"GM0153"
"20240088992",2024,"Uitsluitend materiele schade",2,"Fiets","Snorfiets","Frontaal","Rechte weg",\N,"Niet brandend","Daglicht","Droog",\N,"160308137","Lijnbaan","'s-Gravenhage","'s-Gravenhage","Zuid-Holland",false,52.072354,4.300018,"material damage only","4","clear",false,1,"GM0518"
"20240091558",2024,"Letsel",2,"Personenauto","Fiets","Los voorwerp","Kruispunt, 3 takken",80,"Niet brandend","Daglicht","Droog",\N,\N,"Sasweg","Axel","Terneuzen","Zeeland",false,51.268916,3.881016,"injury","2","clear",false,1,"GM0715"
"20240093632",2024,"Uitsluitend materiele schade",2,"Personenauto","Fiets","Flank","Rotonde",50,"Niet brandend","Daglicht","Droog",\N,\N,"Visserlaan","Duiven","Duiven","Gelderland",false,51.946185,6.009668,"material damage only","4","clear",false,1,"GM0226"
"20240096953",2024,"Uitsluitend materiele schade",2,"Personenauto","Fiets","Frontaal","Kruispunt, 3 takken",80,"Niet brandend","Daglicht","Droog",\N,\N,"Knollemanshoek","Montfoort","Montfoort","Utrecht",false,52.053434,4.987326,"material damage only","4","clear",false,1,"GM0335"
"20240098721",2024,"Uitsluitend materiele schade",2,"Personenauto","Fiets","Los voorwerp","Kruispunt, 3 takken",30,"Niet brandend","Daglicht","Regen",\N,\N,"Grote Wittenburgerstraat","Amsterdam","Amsterdam","Noord-Holland",false,52.370669,4.919992,"material damage only","4","rain",false,1,"GM0363"
"20240101931",2024,"Letsel",1,"Fiets",\N,"Eenzijdig","Rechte weg",60,"Niet aanwezig","Daglicht","Droog",\N,"335199003","Hool","Erp","Meierijstad","Noord-Brabant",false,51.584246,5.572696,"injury","2","clear",false,1,"GM1948"
"20240048603",2024,"Uitsluitend materiele schade",1,"Fiets",\N,"Onbekend","Rechte weg",15,"Brandend","Daglicht","Droog",\N,"376254035","Heyendaalseweg","Nijmegen","Nijmegen","Gelderland",false,51.832185,5.869732,"material damage only","4","clear",false,1,"GM0268"
"20240072645",2024,"Uitsluitend materiele schade",2,"Fiets","Fiets","Kop/staart","Kruispunt, 4 takken",50,"Niet brandend","Daglicht","Droog",\N,\N,"St Jorislaan","Eindhoven","Eindhoven","Noord-Brabant",false,51.429879,5.486505,"material damage only","4","clear",false,1,"GM0772"
"20240083807",2024,"Letsel",1,"Fiets",\N,"Eenzijdig","Rechte weg",50,"Niet aanwezig","Daglicht","Droog",\N,"42145008","Veerhoekpolderweg","Oostburg","Sluis","Zeeland",false,51.326853,3.469823,"injury","2","clear",false,1,"GM1714"
"20240084480",2024,"Uitsluitend materiele schade",2,"Personenauto","Fiets","Flank","Kruispunt, 4 takken",50,"Niet brandend","Daglicht","Droog",\N,\N,"Jan Schamhartstraat","Olst","Olst-Wijhe","Overijssel",false,52.327572,6.107791,"material damage only","4","clear",false,1,"GM1773"
"20240085062",2024,"Letsel",1,"Fiets",\N,"Onbekend",\N,60,\N,"Daglicht",\N,\N,"500337003","Oude Deldenerweg","Enschede","Enschede","Overijssel",false,52.195738,6.78359,"injury","2","unknown",false,1,"GM0153"
"20240091611",2024,"Letsel",2,"Personenauto","Fiets","Onbekend","Rotonde",50,"Niet brandend","Daglicht","Droog",\N,\N,"Fruitlaan","Goes","Goes","Zeeland",false,51.495777,3.889763,"injury","2","clear",false,1,"GM0664"
"20240099031",2024,"Uitsluitend materiele schade",2,"Personenauto","Fiets","Onbekend","Kruispunt, 4 takken",30,"Niet brandend","Daglicht","Droog",\N,\N,"Icaruslaan","Heerhugowaard","Dijk en Waard","Noord-Holland",false,52.673116,4.835587,"material damage only","4","clear",false,1,"GM1980"
"20240099295",2024,"Uitsluitend materiele schade",2,"Fiets","Personenauto","Flank","Kruispunt, 4 takken",30,"Niet aanwezig","Daglicht","Droog",\N,\N,"Meyenhage","Rotterdam","Rotterdam","Zuid-Holland",false,51.87475,4.484056,"material damage only","4","clear",false,1,"GM0599"
"20240050567",2024,"Uitsluitend materiele schade",2,"Personenauto","Fiets","Flank","Kruispunt, 4 takken",30,"Niet brandend","Daglicht","Droog",\N,\N,"Jan Oudegeeststraat","Amsterdam","Amsterdam","Noord-Holland",false,52.352694,4.794775,"material damage only","4","clear",false,1,"GM0363"
"20240075313",2024,"Letsel",2,"Bromfiets","e-bike","Flank","Kruispunt, 3 takken",50,"Niet brandend","Daglicht","Droog",\N,\N,"Burg Weertsstraat","Arnhem","Arnhem","Gelderland",false,51.990001,5.899447,"injury","2","clear",false,1,"GM0202"
"20240097032",2024,"Letsel",2,"Fiets","Fiets","Frontaal","Rotonde",50,"Brandend","Duisternis","Droog",\N,\N,"Morsweg","Rijssen","Rijssen-Holten","Overijssel",false,52.315096,6.514626,"injury","2","clear",false,1,"GM1742"
"20240098959",2024,"Uitsluitend materiele schade",2,"Personenauto","Fiets","Flank","Rotonde",50,"Niet brandend","Daglicht","Droog",\N,\N,"Dr. H.G. Scholtenstraat","Zaandam","Zaanstad","Noord-Holland",false,52.458113,4.817885,"material damage only","4","clear",false,1,"GM0479"
"20240100154",2024,"Uitsluitend materiele schade",2,"Snorfiets","Fiets","Onbekend","Kruispunt, 3 takken",50,"Niet brandend","Daglicht","Droog","Bus-/Tramhalte",\N,"Emmaplein","Rozenburg","Rotterdam","Zuid-Holland",false,51.906247,4.240734,"material damage only","4","clear",false,1,"GM0599"
"20240100159",2024,"Letsel",1,"Fiets",\N,"Onbekend","Rechte weg",50,"Niet brandend","Daglicht","Droog",\N,"192302005","Snelliuslaan","Bleiswijk","Lansingerland","Zuid-Holland",false,52.047101,4.535104,"injury","2","clear",false,1,"GM1621"
"20240045041",2024,"Uitsluitend materiele schade",2,"Personenauto","Fiets","Flank","Rotonde",50,"Niet brandend","Daglicht","Droog",\N,\N,"Venrayseweg","Horst","Horst aan de Maas","Limburg",false,51.457421,6.050761,"material damage only","4","clear",false,1,"GM1507"
"20240048694",2024,"Letsel",1,"Fiets",\N,"Eenzijdig","Rechte weg",50,"Niet brandend","Daglicht","Droog",\N,"600785076","Gooimeerdijk-Oost","Almere","Almere","Flevoland",false,52.328183,5.24578,"injury","2","clear",false,1,"GM0034"
"20240075910",2024,"Letsel",3,"Fiets",\N,"Flank","Rotonde",50,"Niet brandend","Daglicht","Droog",\N,\N,"FIETSPAD","Albergen","Tubbergen","Overijssel",false,52.373802,6.765006,"injury","2","clear",false,1,"GM0183"
"20240077561",2024,"Uitsluitend materiele schade",2,"Personenauto","Fiets","Flank","Kruispunt, 3 takken",30,"Niet brandend","Daglicht","Droog",\N,\N,"Wiersdijk","Nieuwegein","Nieuwegein","Utrecht",false,52.011926,5.096743,"material damage only","4","clear",false,1,"GM0356"
"20240087129",2024,"Uitsluitend materiele schade",2,"Personenauto","Fiets","Los voorwerp","Rechte weg",80,"Brandend","Duisternis","Droog",\N,\N,"Jaagweg","Purmerend","Purmerend","Noord-Holland",false,52.489758,4.949998,"material damage only","4","clear",false,1,"GM0439"
"20240088412",2024,"Letsel",1,"Fiets",\N,"Onbekend",\N,80,\N,"Daglicht",\N,\N,\N,"Gemeneweg","Hazerswoude-Dorp","Alphen aan den Rijn","Zuid-Holland",false,52.102827,4.590031,"injury","2","unknown",false,1,"GM0484"
"20240089099",2024,"Uitsluitend materiele schade",2,"Fiets","Voetganger","Voetganger","Rechte weg",50,"Niet brandend","Daglicht","Droog",\N,"244396010","FIETSPAD WORMERP OOSTZ RIJWEG","Purmerland","Landsmeer","Noord-Holland",false,52.478062,4.906073,"material damage only","4","clear",false,1,"GM0415"
"20240091009",2024,"Letsel",2,"Vrachtauto","Fiets","Flank","Kruispunt, 3 takken",30,"Niet brandend","Daglicht","Droog",\N,\N,"Weijkmanlaan","Breskens","Sluis","Zeeland",false,51.394201,3.556297,"injury","2","clear",false,1,"GM1714"
"20240099091",2024,"Letsel",2,"Snorfiets","Fiets","Frontaal","Rechte weg",80,"Niet brandend","Daglicht","Droog",\N,"600160312","Zeeweg","Overveen","Bloemendaal","Noord-Holland",false,52.398488,4.579783,"injury","2","clear",false,1,"GM0377"
"20240100300",2024,"Letsel",2,"Personenauto","Fiets","Los voorwerp","Kruispunt, 4 takken",50,"Niet brandend","Daglicht","Droog",\N,\N,"Abram van Rijckevorselwg","Rotterdam","Rotterdam","Zuid-Holland",false,51.915886,4.521222,"injury","2","clear",false,1,"GM0599"
"20240100551",2024,"Letsel",2,"Fiets","Fiets","Frontaal","Rechte weg",50,"Niet brandend","Daglicht","Droog",\N,"600427100","Madepolderweg","'s-Gravenhage","'s-Gravenhage","Zuid-Holland",false,52.034319,4.213435,"injury","2","clear",false,1,"GM0518"
"20240046358",2024,"Letsel",3,"Bromfiets","Fiets","Onbekend","Rechte weg",\N,"Niet brandend","Daglicht","Droog",\N,"454561006","Hoendiep","Groningen","Groningen","Groningen",false,53.208611,6.470441,"injury","2","clear",false,1,"GM0014"
"20240074281",2024,"Letsel",2,"Personenauto","Fiets","Flank","Kruispunt, 4 takken",30,"Niet brandend","Daglicht","Droog",\N,\N,"Lavendellaar","Veghel","Meierijstad","Noord-Brabant",false,51.619045,5.552675,"injury","2","clear",false,1,"GM1948"
"20240087836",2024,"Uitsluitend materiele schade",2,"Personenauto","Fiets","Flank","Kruispunt, 4 takken",30,"Niet brandend","Daglicht","Droog",\N,\N,"Veluweplein","'s-Gravenhage","'s-Gravenhage","Zuid-Holland",false,52.059726,4.292624,"material damage only","4","clear",false,1,"GM0518"
"20240099257",2024,"Letsel",2,"Bestelauto","Fiets","Flank","Kruispunt, 3 takken",30,"Niet brandend","Daglicht","Droog",\N,\N,"West-Sidelinge","Rotterdam","Rotterdam","Zuid-Holland",false,51.931494,4.436878,"injury","2","clear",false,1,"GM0599"
"20240100224",2024,"Letsel",1,"Fiets",\N,"Onbekend","Rechte weg",30,"Niet brandend","Daglicht","Droog",\N,\N,"Seinpoststraat","Katwijk","Katwijk","Zuid-Holland",false,52.199778,4.38933,"injury","2","clear",false,1,"GM0537"
"20240048776",2024,"Uitsluitend materiele schade",2,"Personenauto","Fiets","Flank","Rechte weg",50,"Niet brandend","Daglicht","Droog",\N,"272306049","Jutfaseweg","Utrecht","Utrecht","Utrecht",false,52.06592,5.114675,"material damage only","4","clear",false,1,"GM0344"
"20240084593",2024,"Uitsluitend materiele schade",2,"Personenauto","Fiets","Onbekend","Rotonde",50,"Brandend","Duisternis","Droog",\N,\N,"Oude Groenestraat","Nijmegen","Nijmegen","Gelderland",false,51.882479,5.845838,"material damage only","4","clear",false,1,"GM0268"
"20240086565",2024,"Uitsluitend materiele schade",2,"Personenauto","Fiets","Flank","Rotonde",50,"Niet brandend","Daglicht","Droog",\N,\N,"Oosttangent","Heerhugowaard","Dijk en Waard","Noord-Holland",false,52.662906,4.850822,"material damage only","4","clear",false,1,"GM1980"
"20240100263",2024,"Uitsluitend materiele schade",1,"Fiets",\N,"Frontaal","Kruispunt, 4 takken",30,\N,"Daglicht",\N,\N,\N,"Herenstraat","Gouda","Gouda","Zuid-Holland",false,52.006402,4.701356,"material damage only","4","unknown",false,1,"GM0513"
"20240100616",2024,"Uitsluitend materiele schade",2,"Personenauto","Fiets","Frontaal","Kruispunt, 4 takken",50,"Niet brandend","Daglicht","Droog",\N,"600254361","Goudsbloemlaan","'s-Gravenhage","'s-Gravenhage","Zuid-Holland",false,52.07701,4.256268,"material damage only","4","clear",false,1,"GM0518"
"20240101583",2024,"Uitsluitend materiele schade",2,"Personenauto","Fiets","Flank","Kruispunt, 4 takken",30,"Niet brandend","Daglicht","Droog",\N,\N,"Maasbreeseweg","Sevenum","Horst aan de Maas","Limburg",false,51.410751,6.036252,"material damage only","4","clear",false,1,"GM1507"
"20240102237",2024,"Letsel",2,\N,"Fiets","Onbekend","Rechte weg",30,"Niet brandend","Daglicht","Droog",\N,"600798691","Nanteslaan","Eindhoven","Eindhoven","Noord-Brabant",false,51.484437,5.435854,"injury","2","clear",false,1,"GM0772"
"20240049427",2024,"Uitsluitend materiele schade",2,"Personenauto","Fiets","Flank","Kruispunt, 3 takken",30,"Niet brandend","Daglicht","Droog",\N,\N,"Het Masker","Amersfoort","Amersfoort","Utrecht",false,52.186581,5.394723,"material damage only","4","clear",false,1,"GM0307"
"20240086604",2024,"Uitsluitend materiele schade",2,"Personenauto","Fiets","Flank","Rechte weg",30,"Brandend","Duisternis","Droog",\N,"207376064","Koningstraat","Haarlem","Haarlem","Noord-Holland",false,52.381098,4.634773,"material damage only","4","clear",false,1,"GM0392"
"20240089235",2024,"Letsel",1,"Fiets",\N,"Onbekend","Rechte weg",30,"Niet brandend","Daglicht","Droog",\N,"600722444","Delftsekade","Leidschendam","Leidschendam-Voorburg","Zuid-Holland",false,52.078895,4.393791,"injury","2","clear",false,1,"GM1916"
"20240101116",2024,"Letsel",2,"Fiets","Personenauto","Flank","Rotonde",50,"Niet brandend","Daglicht","Regen",\N,\N,"Bijdorplaan","Zoetermeer","Zoetermeer","Zuid-Holland",false,52.056221,4.490422,"injury","2","rain",false,1,"GM0637"
"20240071255",2024,"Letsel",1,"Fiets",\N,"Onbekend","Rechte weg",30,"Niet brandend","Daglicht","Droog",\N,"187300048","Groen-blauwlaan","Zoetermeer","Zoetermeer","Zuid-Holland",false,52.038232,4.493146,"injury","2","clear",false,1,"GM0637"
"20240079551",2024,"Uitsluitend materiele schade",2,"Bromfiets","Fiets","Kop/staart","Kruispunt, 4 takken",\N,"Niet brandend","Daglicht","Droog","Spoorwegovergang",\N,"President Kennedylaan","Amsterdam","Amsterdam","Noord-Holland",false,52.340863,4.892781,"material damage only","4","clear",false,1,"GM0363"
"20240080957",2024,"Letsel",2,\N,"Fiets","Eenzijdig","Rechte weg",30,"Niet brandend","Daglicht","Droog",\N,"166260013","Aureliapad","Hoogvliet Rotterdam","Rotterdam","Zuid-Holland",false,51.857191,4.34765,"injury","2","clear",false,1,"GM0599"
"20240082074",2024,"Uitsluitend materiele schade",2,"Personenauto","Fiets","Onbekend",\N,30,\N,"Daglicht",\N,\N,\N,"Vlietweg","Leidschendam","Leidschendam-Voorburg","Zuid-Holland",false,52.078162,4.391676,"material damage only","4","unknown",false,1,"GM1916"
"20240086653",2024,"Uitsluitend materiele schade",2,"Bromfiets","Fiets","Frontaal","Bocht",30,"Niet aanwezig","Daglicht","Droog",\N,"319406090","Kempenaar 02","Lelystad","Lelystad","Flevoland",false,52.516843,5.45966,"material damage only","4","clear",false,1,"GM0995"
"20240096631",2024,"Uitsluitend materiele schade",2,"Personenauto","Fiets","Flank","Kruispunt, 3 takken",50,"Niet brandend","Daglicht","Droog",\N,\N,"Utrechtsestraat","Arnhem","Arnhem","Gelderland",false,51.983632,5.899093,"material damage only","4","clear",false,1,"GM0202"
"20240096636",2024,"Uitsluitend materiele schade",2,"Personenauto","Fiets","Flank","Kruispunt, 4 takken",30,"Niet brandend","Daglicht","Regen",\N,\N,"Nijverheidsweg","Kamerik","Woerden","Utrecht",false,52.108576,4.894045,"material damage only","4","rain",false,1,"GM0632"
"20240084706",2024,"Letsel",1,"Fiets",\N,"Flank","Rechte weg",\N,"Niet brandend","Daglicht","Droog",\N,"600870061","Friesestraatweg","Groningen","Groningen","Groningen",false,53.216807,6.546625,"injury","2","clear",false,1,"GM0014"
"20240088005",2024,"Letsel",1,"Fiets",\N,"Onbekend","Kruispunt, 3 takken",50,"Niet brandend","Daglicht","Droog",\N,\N,"Strawinskylaan","Amsterdam","Amsterdam","Noord-Holland",false,52.340729,4.873141,"injury","2","clear",false,1,"GM0363"
"20240089280",2024,"Uitsluitend materiele schade",3,"e-bike","Voetganger","Voetganger","Rechte weg",15,"Niet brandend","Schemer","Droog",\N,"159304025","Mr P D Fortuynwg","'s-Gravenhage","'s-Gravenhage","Zuid-Holland",false,52.053402,4.289632,"material damage only","4","clear",false,1,"GM0518"
"20240048284",2024,"Letsel",2,"Fiets","Personenauto","Geparkeerd voertuig","Rechte weg",15,"Niet brandend","Daglicht","Droog",\N,"600918499","Nicolaasweg","Utrecht","Utrecht","Utrecht",false,52.086942,5.137252,"injury","2","clear",false,1,"GM0344"