"accident_id","year","severity_raw","party_count","party1_type","party2_type","accident_type","road_situation","speed_limit_kmh","road_lighting","light_condition_label","weather_raw","infra_type","road_segment_id","street_name","place_name","gemeente_name_raw","province","alcohol_indicated","latitude","longitude","severity_label","severity_code","weather_label","built_up_area","cyclists_involved","gemeente_code"
"20240070663",2024,"Letsel",2,"Snorfiets","Fiets","Flank","Rechte weg",50,"Niet brandend","Daglicht","Droog",\N,"600985553","Laan op Zuid","Rotterdam","Rotterdam","Zuid-Holland",false,51.906796,4.496119,"injury","2","clear",false,1,"GM0599"
"20240079628",2024,"Uitsluitend materiele schade",2,"Fiets","Fiets","Flank","Rechte weg",50,"Niet brandend","Daglicht","Droog",\N,"600763537","De Ruijterkade","Amsterdam","Amsterdam","Noord-Holland",false,52.378095,4.90575,"material damage only","4","clear",false,1,"GM0363"
"20240082160",2024,"Letsel",1,"Fiets",\N,"Eenzijdig","Rechte weg",50,"Niet brandend","Daglicht","Droog",\N,"601081937","Deijlerweg","Wassenaar","Wassenaar","Zuid-Holland",false,52.141558,4.410456,"injury","2","clear",false,1,"GM0629"
"20230052393",2023,"Letsel",2,"Bromfiets","Fiets","Frontaal","Bocht",50,\N,"Daglicht","Droog",\N,"137290008","Dirk van den Burgweg","Hoek van Holland","Rotterdam","Zuid-Holland",false,51.988687,4.134361,"injury","2","clear",false,1,"GM0599"
"20230054126",2023,"Uitsluitend materiele schade",2,"Bromfiets","Fiets","Onbekend","Kruispunt, 3 takken",\N,"Brandend","Daglicht","Droog",\N,\N,"Prinsessesingel","Venlo","Venlo","Limburg",false,51.367565,6.166464,"material damage only","4","clear",false,1,"GM0983"
"20230042474",2023,"Uitsluitend materiele schade",2,"Personenauto","Fiets","Flank","Kruispunt, 4 takken",50,"Niet brandend","Daglicht","Droog",\N,\N,"Nieuwstraat","Gilze","Gilze en Rijen","Noord-Brabant",false,51.55052,4.940802,"material damage only","4","clear",false,1,"GM0784"
"20230053619",2023,"Letsel",2,"Personenauto","Fiets","Flank","Kruispunt, 4 takken",80,"Brandend","Duisternis","Droog",\N,\N,"Berikstraat","Haelen","Leudal","Limburg",false,51.22568,5.966105,"injury","2","clear",false,1,"GM1640"
"20230058128",2023,"Letsel",1,"Fiets",\N,"Eenzijdig","Bocht",30,"Niet brandend","Daglicht","Droog",\N,"600466775","Hildamlaan","Zoetermeer","Zoetermeer","Zuid-Holland",false,52.061996,4.554718,"injury","2","clear",false,1,"GM0637"
"20230061471",2023,"Letsel",2,"Personenauto","Fiets","Kop/staart","Rechte weg",50,"Niet brandend","Daglicht","Droog",\N,"600725340","Wijngaardenlaan","Voorschoten","Voorschoten","Zuid-Holland",false,52.127017,4.438523,"injury","2","clear",false,1,"GM0626"
"20230044315",2023,"Letsel",2,"Personenauto","Fiets","Flank","Rotonde",50,"Niet brandend","Daglicht","Droog",\N,\N,"Oude Zevenaarseweg","Arnhem","Arnhem","Gelderland",false,51.978404,5.93988,"injury","2","clear",false,1,"GM0202"
"20230046643",2023,"Uitsluitend materiele schade",2,"Personenauto","Fiets","Onbekend","Rechte weg",30,"Niet brandend","Daglicht","Droog",\N,\N,"Kometenlaan","Emmeloord","Noordoostpolder","Flevoland",false,52.705668,5.742763,"material damage only","4","clear",false,1,"GM0171"
"20230057321",2023,"Uitsluitend materiele schade",2,"Fiets","Personenauto","Flank","Rechte weg",30,"Niet brandend","Daglicht","Droog",\N,"418348076","Roerstraat","Deventer","Deventer","Overijssel",false,52.254718,6.185318,"material damage only","4","clear",false,1,"GM0150"
"20230058764",2023,"Letsel",2,"Personenauto","Fiets","Frontaal","Bocht",50,"Niet brandend","Daglicht","Droog",\N,"207379019","Kleverparkweg","Haarlem","Haarlem","Noord-Holland",false,52.39196,4.630916,"injury","2","clear",false,1,"GM0392"
"20230061489",2023,"Letsel",2,"Fiets","e-bike","Flank","Kruispunt, 4 takken",15,"Niet brandend","Daglicht","Droog",\N,\N,"Billitonstraat","Leiden","Leiden","Zuid-Holland",false,52.164802,4.507798,"injury","2","clear",false,1,"GM0546"
"20230040829",2023,"Letsel",2,"Personenauto","Fiets","Flank","Rechte weg",30,"Niet brandend","Daglicht","Droog",\N,"124135094","Oude Polderstraat","Hulst","Hulst","Zeeland",false,51.29218,4.058724,"injury","2","clear",false,1,"GM0677"
"20230057385",2023,"Letsel",2,"Bestelauto","e-bike","Onbekend","Kruispunt, 4 takken",50,"Niet brandend","Daglicht","Droog",\N,\N,"Rijnweg","Gendringen","Oude IJsselstreek","Gelderland",false,51.876244,6.383219,"injury","2","clear",false,1,"GM1509"
"20240127078",2024,"Letsel",1,"Fiets",\N,"Onbekend","Rechte weg",30,"Brandend","Duisternis","Droog",\N,\N,"Vijzelstraat","Leeuwarden","Leeuwarden","Friesland",false,53.205385,5.798593,"injury","2","clear",false,1,"GM0080"
"20230039734",2023,"Letsel",2,"Fiets","Fiets","Onbekend","Rechte weg",50,"Niet brandend","Daglicht","Droog",\N,"161309157","Torenstraat","'s-Gravenhage","'s-Gravenhage","Zuid-Holland",false,52.077686,4.305696,"injury","2","clear",false,1,"GM0518"
"20230046728",2023,"Letsel",2,"Personenauto","Fiets","Flank","Rotonde",50,"Niet brandend","Daglicht","Droog",\N,\N,"Groningenlaan","Haarlem","Haarlem","Noord-Holland",false,52.355314,4.653101,"injury","2","clear",false,1,"GM0392"
"20230058241",2023,"Letsel",1,"Fiets",\N,"Eenzijdig","Rechte weg",50,"Niet brandend","Daglicht","Droog",\N,"156309109","Goudenregenstraat","'s-Gravenhage","'s-Gravenhage","Zuid-Holland",false,52.075458,4.265023,"injury","2","clear",false,1,"GM0518"
"20230058498",2023,"Uitsluitend materiele schade",2,"Personenauto","Fiets","Flank","Kruispunt, 4 takken",\N,"Brandend","Daglicht","Droog",\N,\N,"Klaas Katerstraat","Zaandam","Zaanstad","Noord-Holland",false,52.441703,4.830358,"material damage only","4","clear",false,1,"GM0479"
"20230061588",2023,"Uitsluitend materiele schade",2,"Fiets","Personenauto","Flank","Kruispunt, 3 takken",50,"Niet brandend","Daglicht","Droog",\N,\N,"Delflandlaan","Voorburg","Leidschendam-Voorburg","Zuid-Holland",false,52.080389,4.365023,"material damage only","4","clear",false,1,"GM1916"
"20230038042",2023,"Letsel",2,"Fiets","Fiets","Onbekend","Bocht",80,"Niet brandend","Daglicht","Droog",\N,"600497354","Herenweg","Bergen (NH)","Bergen (NH)","Noord-Holland",false,52.651389,4.660733,"injury","2","clear",false,1,\N
"20230039178",2023,"Letsel",2,"Personenauto","Fiets","Flank","Kruispunt, 4 takken",50,"Niet brandend","Daglicht","Droog",\N,\N,"President Kennedylaan","'s-Gravenhage","'s-Gravenhage","Zuid-Holland",false,52.087739,4.280057,"injury","2","clear",false,1,"GM0518"
"20230050262",2023,"Uitsluitend materiele schade",2,"Personenauto","Fiets","Flank","Rechte weg",50,"Niet brandend","Daglicht","Droog",\N,"163310156","Herengracht","'s-Gravenhage","'s-Gravenhage","Zuid-Holland",false,52.080825,4.319272,"material damage only","4","clear",false,1,"GM0518"
"20230039811",2023,"Uitsluitend materiele schade",2,"Personenauto","Fiets","Flank","Kruispunt, 3 takken",30,"Niet brandend","Daglicht","Droog",\N,\N,"Wadde","Waddinxveen","Waddinxveen","Zuid-Holland",false,52.05398,4.641976,"material damage only","4","clear",false,1,"GM0627"
"20230053207",2023,"Letsel",3,"Personenauto","Fiets","Onbekend","Rechte weg",30,"Niet brandend","Daglicht","Droog",\N,"600380311","Weversstraat","Alblasserdam","Alblasserdam","Zuid-Holland",false,51.86569,4.660897,"injury","2","clear",false,1,"GM0482"
"20230053803",2023,"Uitsluitend materiele schade",2,"Bestelauto","Fiets","Flank","Kruispunt, 3 takken",30,"Niet brandend","Daglicht","Droog",\N,\N,"Waterstraat","Herpen","Oss","Noord-Brabant",false,51.774433,5.645067,"material damage only","4","clear",false,1,"GM0828"
"20230058898",2023,"Letsel",2,"Snorfiets","Fiets","Kop/staart","Rechte weg",\N,"Niet brandend","Daglicht","Droog",\N,"600984746","Driemanschapskade","Leiden","Leiden","Zuid-Holland",false,52.166895,4.496771,"injury","2","clear",false,1,"GM0546"
"20230061661",2023,"Letsel",1,"Fiets",\N,"Eenzijdig","Rechte weg",50,"Brandend","Duisternis","Droog",\N,\N,"Provincialeweg","Leimuiden","Kaag en Braassem","Zuid-Holland",false,52.224649,4.676716,"injury","2","clear",false,1,"GM1884"
"20230063711",2023,"Letsel",2,"Personenauto","Fiets","Geparkeerd voertuig","Rechte weg",30,"Niet brandend","Daglicht","Droog",\N,"298214010","Boxtelseweg","Vught","Vught","Noord-Brabant",false,51.654455,5.303118,"injury","2","clear",false,1,"GM0865"
"20230039817",2023,"Uitsluitend materiele schade",2,"Motor","Fiets","Flank","Rechte weg",50,"Niet brandend","Daglicht","Droog",\N,"240375032","Marnixstraat","Amsterdam","Amsterdam","Noord-Holland",false,52.375885,4.877418,"material damage only","4","clear",false,1,"GM0363"
"20230046231",2023,"Letsel",2,"Fiets","Personenauto","Flank","Rechte weg",60,"Niet aanwezig","Daglicht","Droog",\N,"427530004","Mandewyk","Bakkeveen","Opsterland","Friesland",false,53.06978,6.269496,"injury","2","clear",false,1,"GM0086"
"20230050325",2023,"Letsel",2,"Bromfiets","Fiets","Frontaal","Bocht",\N,"Niet brandend","Daglicht","Droog",\N,"225343001","Noordzuidroute","De Kwakel","Uithoorn","Noord-Holland",false,52.234362,4.772217,"injury","2","clear",false,1,"GM0451"
"20230054972",2023,"Uitsluitend materiele schade",2,"Trekker","Fiets","Flank","Kruispunt, 4 takken",50,"Niet brandend","Daglicht","Regen",\N,\N,"Kranenburg","Ede","Ede","Gelderland",false,52.044937,5.647723,"material damage only","4","rain",false,1,"GM0228"
"20240129122",2024,"Uitsluitend materiele schade",1,"Fiets",\N,"Onbekend","Rechte weg",30,"Brandend","Duisternis","Droog",\N,"601132523","Eikenlaan","Loosdrecht","Wijdemeren","Noord-Holland",false,52.200222,5.141037,"material damage only","4","clear",false,1,"GM1696"
"20230064469",2023,"Uitsluitend materiele schade",2,"Personenauto","Fiets","Flank","Kruispunt, 3 takken",60,"Niet brandend","Daglicht","Droog",\N,\N,"Zutphenboerlaan","Wilp","Voorst","Gelderland",false,52.204717,6.137232,"material damage only","4","clear",false,1,"GM0285"
"20240130519",2024,"Letsel",2,"Brommobiel","Fiets","Flank","Rechte weg",30,"Niet brandend","Daglicht","Droog",\N,"337322035","Krommestraat","Barneveld","Barneveld","Gelderland",false,52.140758,5.585702,"injury","2","clear",false,1,"GM0203"
"20230048665",2023,"Uitsluitend materiele schade",2,"Personenauto","Fiets","Frontaal","Rechte weg",30,"Niet brandend","Daglicht","Droog",\N,"600382181","Eerste Helmersstraat","Amsterdam","Amsterdam","Noord-Holland",false,52.363621,4.875621,"material damage only","4","clear",false,1,"GM0363"
"20230058657",2023,"Letsel",2,"Personenauto","Fiets","Flank","Rechte weg",50,"Niet brandend","Daglicht","Droog",\N,"600715153","Dedemsvaartweg","'s-Gravenhage","'s-Gravenhage","Zuid-Holland",false,52.040963,4.278388,"injury","2","clear",false,1,"GM0518"
"20230039919",2023,"Letsel",3,"Bromfiets","Fiets","Onbekend","Rechte weg",50,"Niet brandend","Daglicht","Droog",\N,"600549430","De passage","Amsterdam","Amsterdam","Noord-Holland",false,52.315871,4.938664,"injury","2","clear",false,1,"GM0363"
"20230048693",2023,"Letsel",3,"Personenauto","Fiets","Onbekend","Rechte weg",30,"Niet brandend","Daglicht","Droog",\N,"179346054","De Grent","Noordwijk","Noordwijk","Zuid-Holland",false,52.242657,4.429701,"injury","2","clear",false,1,"GM0575"
"20230049271",2023,"Uitsluitend materiele schade",2,"e-bike","Personenauto","Frontaal","Kruispunt, 4 takken",50,"Niet brandend","Daglicht","Droog",\N,\N,"Dorpskade","Wateringen","Westland","Zuid-Holland",false,52.020386,4.278549,"material damage only","4","clear",false,1,"GM1783"
"20230060249",2023,"Letsel",2,"Fiets","Voetganger","Voetganger","Rechte weg",50,\N,"Daglicht","Droog",\N,"106215010","Schuithaven","Zierikzee","Schouwen-Duiveland","Zeeland",false,51.650791,3.919796,"injury","2","clear",false,1,"GM1676"
"20230061226",2023,"Letsel",2,"Personenauto","Fiets","Flank","Kruispunt, 4 takken",50,"Niet brandend","Daglicht","Droog",\N,\N,"CG Roosweg","Krimpen aan de Lek","Krimpenerwaard","Zuid-Holland",false,51.907866,4.623321,"injury","2","clear",false,1,"GM1931"
"20240133077",2024,"Letsel",1,"Fiets",\N,"Onbekend","Rechte weg",\N,"Brandend","Duisternis","Regen","Brug/viaduct","170298001","Middelweg","Delft","Delft","Zuid-Holland",false,52.026141,4.376834,"injury","2","rain",false,1,"GM0503"
"20230065734",2023,"Uitsluitend materiele schade",2,"Fiets","Personenauto","Flank","Rotonde",30,"Niet brandend","Daglicht","Droog",\N,\N,"Elburgerweg","Nunspeet","Nunspeet","Gelderland",false,52.380217,5.780505,"material damage only","4","clear",false,1,"GM0302"
"20230066006",2023,"Letsel",2,"Fiets","Fiets","Onbekend","Rechte weg",30,"Niet brandend","Daglicht","Droog",\N,"600419107","Hoekweg","Voorburg","Leidschendam-Voorburg","Zuid-Holland",false,52.058557,4.345781,"injury","2","clear",false,1,"GM1916"
"20230050414",2023,"Letsel",2,"Personenauto","Fiets","Onbekend","Kruispunt, 3 takken",30,"Niet brandend","Daglicht","Droog",\N,\N,"Kattenburgerplein","Amsterdam","Amsterdam","Noord-Holland",false,52.371055,4.915142,"injury","2","clear",false,1,"GM0363"
"20230052180",2023,"Letsel",2,"Bromfiets","Fiets","Flank","Rechte weg",30,"Niet brandend","Daglicht","Droog",\N,"601026526","Zuidbuurtseweg","Vlaardingen","Vlaardingen","Zuid-Holland",false,51.906747,4.324053,"injury","2","clear",false,1,"GM0622"
"20230054507",2023,"Uitsluitend materiele schade",2,"Snorfiets","Fiets","Onbekend","Rechte weg",\N,"Niet brandend","Daglicht","Droog",\N,"370076010","Hofstraat","Born","Sittard-Geleen","Limburg",false,51.031855,5.81655,"material damage only","4","clear",false,1,"GM1883"
"20230056814",2023,"Uitsluitend materiele schade",2,"Personenauto","Fiets","Flank","Kruispunt, 4 takken",50,"Brandend","Daglicht","Droog",\N,\N,"Waterstraat","Beek","Berg en Dal","Gelderland",false,51.828302,5.925969,"material damage only","4","clear",false,1,"GM1945"
"20240127890",2024,"Letsel",2,"Fiets","Personenauto","Flank","Kruispunt, 4 takken",50,"Brandend","Schemer","Droog",\N,\N,"Sophiastraat","Velp","Rheden","Gelderland",false,51.991239,5.978641,"injury","2","clear",false,1,"GM0275"
"20230037645",2023,"Uitsluitend materiele schade",2,"Vrachtauto","Fiets","Flank","Rotonde",50,"Niet brandend","Daglicht","Droog",\N,\N,"Hertog Aalbrechtweg","Alkmaar","Alkmaar","Noord-Holland",false,52.642378,4.763385,"material damage only","4","clear",false,1,"GM0361"
"20230056880",2023,"Uitsluitend materiele schade",2,"Personenauto","Fiets","Onbekend","Bocht",30,"Niet brandend","Daglicht","Droog",\N,"600761470","Leidsestraatweg","Woerden","Woerden","Utrecht",false,52.086473,4.872341,"material damage only","4","clear",false,1,"GM0632"
"20240128388",2024,"Uitsluitend materiele schade",1,"Fiets",\N,"Onbekend","Rechte weg",50,"Niet brandend","Daglicht","Droog",\N,"512468041","Westenesscherstraat","Emmen","Emmen","Drenthe",false,52.785292,6.882099,"material damage only","4","clear",false,1,"GM0114"
"20230066261",2023,"Letsel",2,"Personenauto","Fiets","Flank","Bocht",60,"Niet brandend","Daglicht","Droog",\N,"600715923","Kwakelweg","Maasland","Midden-Delfland","Zuid-Holland",false,51.948362,4.294254,"injury","2","clear",false,1,"GM1842"
"20240128829",2024,"Letsel",2,"Fiets","Overig vast object","Vast voorwerp","Rechte weg",30,"Niet aanwezig","Daglicht","Droog",\N,\N,"BOVENWEG","Oosterwolde","Ooststellingwerf","Friesland",false,52.973746,6.284419,"injury","2","clear",false,1,"GM0085"
"20230052833",2023,"Letsel",2,"Personenauto","Fiets","Flank","Kruispunt, 3 takken",50,"Niet brandend","Daglicht","Droog",\N,\N,"Rembrandtlaan","Papendrecht","Papendrecht","Zuid-Holland",false,51.83382,4.683065,"injury","2","clear",false,1,"GM0590"
"20230060335",2023,"Letsel",1,"Fiets",\N,"Eenzijdig","Rechte weg",30,"Niet brandend","Daglicht","Droog",\N,"102182071","Dam","Goes","Goes","Zeeland",false,51.50096,3.890288,"injury","2","clear",false,1,"GM0664"
"20240129612",2024,"Letsel",1,"Fiets",\N,"Onbekend","Rechte weg",60,"Niet aanwezig","Daglicht","Droog",\N,"319328011","Stoutenburgerlaan","Stoutenburg Noord","Amersfoort","Utrecht",false,52.165839,5.458265,"injury","2","clear",false,1,"GM0307"
"20230047628",2023,"Letsel",2,"Snorfiets","Fiets","Frontaal","Rechte weg",50,"Niet brandend","Daglicht","Droog",\N,"206359035","Bennebroekerweg","Hoofddorp","Haarlemmermeer","Noord-Holland",false,52.302149,4.631989,"injury","2","clear",false,1,"GM0394"
"20230048855",2023,"Uitsluitend materiele schade",3,"Personenauto","Fiets","Flank","Kruispunt, 3 takken",50,"Niet brandend","Daglicht","Droog",\N,\N,"Beneluxbaan","Amstelveen","Amstelveen","Noord-Holland",false,52.30337,4.870759,"material damage only","4","clear",false,1,"GM0362"
"20230050553",2023,"Letsel",2,"Bromfiets","Fiets","Flank","Kruispunt, 4 takken",50,"Brandend","Duisternis","Droog","Brug/viaduct",\N,"Geldersekade","Amsterdam","Amsterdam","Noord-Holland",true,52.374056,4.901578,"injury","2","clear",false,1,"GM0363"
"20230055765",2023,"Letsel",2,"Fiets","Fiets","Flank","Kruispunt, 4 takken",30,"Niet brandend","Daglicht","Droog",\N,\N,"Kerkstraat","Uithuizen","Het Hogeland","Groningen",false,53.407518,6.674312,"injury","2","clear",false,1,"GM1966"
"20230066524",2023,"Uitsluitend materiele schade",1,"Fiets",\N,"Eenzijdig","Rechte weg",50,"Niet brandend","Daglicht","Droog",\N,"288348045","Eemnesserweg","Laren","Laren","Noord-Holland",false,52.255656,5.230423,"material damage only","4","clear",false,1,\N
"20240131154",2024,"Uitsluitend materiele schade",2,"Bromfiets","Fiets","Flank","Kruispunt, 3 takken",30,"Niet aanwezig","Daglicht","Regen",\N,\N,"Noorderveenpad-oost","Assendelft","Zaanstad","Noord-Holland",false,52.482945,4.752937,"material damage only","4","rain",false,1,"GM0479"
"20230042360",2023,"Letsel",2,"Personenauto","Fiets","Flank","Rotonde",50,"Niet brandend","Daglicht","Droog",\N,"601049069","Galileïlaan","Dordrecht","Dordrecht","Zuid-Holland",false,51.785578,4.677402,"injury","2","clear",false,1,"GM0505"
"20230045898",2023,"Letsel",2,"Personenauto","e-bike","Flank","Kruispunt, 4 takken",50,"Niet brandend","Daglicht","Droog",\N,\N,"Jachtlaan","Apeldoorn","Apeldoorn","Gelderland",false,52.20062,5.947786,"injury","2","clear",false,1,"GM0200"
"20230052323",2023,"Uitsluitend materiele schade",2,"Fiets","Personenauto","Flank","Kruispunt, 3 takken",50,"Niet brandend","Daglicht","Droog",\N,\N,"Frans Halslaan","Waalwijk","Waalwijk","Noord-Brabant",false,51.679545,5.079811,"material damage only","4","clear",false,1,"GM0867"
"20240128810",2024,"Letsel",2,"Fiets","Voetganger","Voetganger","Rechte weg",30,"Niet brandend","Daglicht","Droog",\N,"427545013","Alberdaweg","Marum","Westerkwartier","Groningen",false,53.139078,6.264586,"injury","2","clear",false,1,"GM1969"
"20240130496",2024,"Uitsluitend materiele schade",2,"Personenauto","Fiets","Flank","Rotonde",50,"Niet brandend","Daglicht","Droog",\N,\N,"Ceintuurbaan","Deventer","Deventer","Overijssel",false,52.263069,6.162689,"material damage only","4","clear",false,1,"GM0150"
"20240131603",2024,"Letsel",2,"Fiets","Fiets","Flank","Kruispunt, 4 takken",30,"Niet brandend","Daglicht","Droog",\N,\N,"Geldersekade","Amsterdam","Amsterdam","Noord-Holland",false,52.376094,4.902803,"injury","2","clear",false,1,"GM0363"
"20230040126",2023,"Letsel",2,"Personenauto","e-bike","Flank","Kruispunt, 4 takken",50,"Brandend","Duisternis","Droog",\N,\N,"Frederik Hendriklaan","'s-Gravenhage","'s-Gravenhage","Zuid-Holland",false,52.092652,4.275787,"injury","2","clear",false,1,"GM0518"
"20230056412",2023,"Uitsluitend materiele schade",3,"Fiets","Fiets","Flank","Kruispunt, 4 takken",50,"Niet brandend","Daglicht","Droog",\N,\N,"Zuiderval","Enschede","Enschede","Overijssel",false,52.205445,6.888881,"material damage only","4","clear",false,1,"GM0153"
"20230056418",2023,"Uitsluitend materiele schade",2,"Personenauto","Fiets","Flank","Rechte weg",30,"Niet brandend","Daglicht","Droog",\N,"450408094","Schurinkstraat","Ommen","Ommen","Overijssel",false,52.522849,6.424985,"material damage only","4","clear",false,1,"GM0175"
"20240131653",2024,"Uitsluitend materiele schade",2,"Fiets","Fiets","Onbekend","Kruispunt, 3 takken",50,"Niet brandend","Daglicht","Droog",\N,\N,"Statenjachtstraat","Amsterdam","Amsterdam","Noord-Holland",false,52.406437,4.915748,"material damage only","4","clear",false,1,"GM0363"
"20240131750",2024,"Letsel",3,"Fiets","Fiets","Flank","Kruispunt, 4 takken",50,"Niet brandend","Daglicht","Droog",\N,\N,"Beethovensingel","Alkmaar","Alkmaar","Noord-Holland",true,52.644182,4.733524,"injury","2","clear",false,1,"GM0361"
"20240132677",2024,"Uitsluitend materiele schade",2,"Personenauto","Fiets","Flank","Kruispunt, 4 takken",50,"Brandend","Duisternis","Droog",\N,\N,"Noord West Buitensingel","'s-Gravenhage","'s-Gravenhage","Zuid-Holland",false,52.076533,4.29467,"material damage only","4","clear",false,1,"GM0518"
"20240132746",2024,"Uitsluitend materiele schade",2,"Snorfiets","Fiets","Flank","Kruispunt, 4 takken",50,"Niet brandend","Daglicht","Droog","Brug/viaduct",\N,"Hemsterhuisstraat","'s-Gravenhage","'s-Gravenhage","Zuid-Holland",false,52.078406,4.299059,"material damage only","4","clear",false,1,"GM0518"
"20240131982",2024,"Letsel",2,"Personenauto","Fiets","Flank","Kruispunt, 3 takken",50,"Niet brandend","Daglicht","Droog",\N,\N,"Mesdaglaan","Alkmaar","Alkmaar","Noord-Holland",false,52.625558,4.719008,"injury","2","clear",false,1,"GM0361"
"20240132122",2024,"Letsel",2,"Bestelauto","Fiets","Geparkeerd voertuig","Rechte weg",30,"Niet brandend","Daglicht","Droog",\N,"297337031","Oosterstraat","Baarn","Baarn","Utrecht",false,52.205973,5.295455,"injury","2","clear",false,1,"GM0308"
"20240133053",2024,"Letsel",2,"Bestelauto","Fiets","Voetganger","Rechte weg",30,"Niet brandend","Daglicht","Droog",\N,\N,"Sweelincklaan","Hazerswoude-Rijndijk","Alphen aan den Rijn","Zuid-Holland",false,52.127438,4.597173,"injury","2","clear",false,1,"GM0484"
"20230038991",2023,"Letsel",2,"Personenauto","e-bike","Flank","Kruispunt, 4 takken",50,"Niet brandend","Daglicht","Regen",\N,\N,"Nederlandlaan","Zoetermeer","Zoetermeer","Zuid-Holland",false,52.061212,4.483805,"injury","2","rain",false,1,"GM0637"
"20230040147",2023,"Letsel",2,"Motor","e-bike","Flank","Kruispunt, 4 takken",50,"Niet brandend","Daglicht","Droog",\N,\N,"0106 BRUG","Amsterdam","Amsterdam","Noord-Holland",false,52.374086,4.884722,"injury","2","clear",false,1,"GM0363"
"20230040148",2023,"Letsel",2,"Fiets","Fiets","Flank","Kruispunt, 3 takken",\N,"Niet brandend","Daglicht","Droog",\N,\N,"Zegwaartseweg","Zoetermeer","Zoetermeer","Zuid-Holland",false,52.064195,4.523368,"injury","2","clear",false,1,"GM0637"
"20220224385",2022,"Uitsluitend materiele schade",4,"Personenauto","Fiets","Onbekend","Rechte weg",50,"Niet brandend","Daglicht","Droog",\N,\N,"Sterrelaan","Bergen op Zoom","Bergen op Zoom","Noord-Brabant",false,51.488988,4.310233,"material damage only","4","clear",false,1,"GM0748"
"20220200913",2022,"Uitsluitend materiele schade",2,"Personenauto","Fiets","Frontaal","Kruispunt, 3 takken",50,"Brandend","Duisternis","Regen",\N,\N,"Vrielinkslaan","Almelo","Almelo","Overijssel",false,52.367128,6.668314,"material damage only","4","rain",false,1,"GM0141"
"20220208537",2022,"Dodelijk",2,"Trekker","Fiets","Onbekend","Rechte weg",50,"Niet brandend","Daglicht","Droog",\N,"224504008","Timorlaan","Den Helder","Den Helder","Noord-Holland",false,52.955146,4.749853,"fatal","1","clear",false,1,"GM0400"
"20220211525",2022,"Letsel",1,"e-bike",\N,"Eenzijdig","Kruispunt, 4 takken",30,"Niet aanwezig","Schemer","Droog",\N,\N,"Quellijnstraat","Amsterdam","Amsterdam","Noord-Holland",false,52.356796,4.89064,"injury","2","clear",false,1,"GM0363"
"20220228094",2022,"Uitsluitend materiele schade",2,"Personenauto","Fiets","Flank","Kruispunt, 4 takken",50,"Brandend","Duisternis","Droog",\N,\N,"Vincent van Goghstraat","Nuenen","Nuenen, Gerwen en Nederwetten","Noord-Brabant",false,51.472884,5.55633,"material damage only","4","clear",false,1,"GM0820"
"20220228830",2022,"Letsel",1,"Fiets",\N,"Eenzijdig","Kruispunt, 3 takken",30,"Brandend","Duisternis","Droog",\N,\N,"Arembergstraat","Waalre","Waalre","Noord-Brabant",false,51.398677,5.483711,"injury","2","clear",false,1,"GM0866"
"20220204641",2022,"Uitsluitend materiele schade",2,"Bestelauto","Fiets","Flank","Kruispunt, 4 takken",50,"Niet brandend","Daglicht","Droog",\N,\N,"Boerhaaveweg","IJsselstein","IJsselstein","Utrecht",false,52.015925,5.052511,"material damage only","4","clear",false,1,"GM0353"
"20220210945",2022,"Uitsluitend materiele schade",2,"Personenauto","Fiets","Flank","Kruispunt, 4 takken",50,"Niet brandend","Daglicht","Droog",\N,\N,"Van Baerlestraat","Amsterdam","Amsterdam","Noord-Holland",false,52.358112,4.878693,"material damage only","4","clear",false,1,"GM0363"
"20220213644",2022,"Letsel",2,"Personenauto","Fiets","Flank","Kruispunt, 4 takken",50,"Brandend","Duisternis","Droog",\N,\N,"Marnixstraat","Leiden","Leiden","Zuid-Holland",false,52.167964,4.498563,"injury","2","clear",false,1,"GM0546"
"20220218074",2022,"Uitsluitend materiele schade",2,"Fiets","Personenauto","Onbekend","Rechte weg",30,"Niet brandend","Daglicht","Droog",\N,"600379264","Rhijnvis Feithlaan","'s-Gravenhage","'s-Gravenhage","Zuid-Holland",false,52.047552,4.287699,"material damage only","4","clear",false,1,"GM0518"
"20220221699",2022,"Uitsluitend materiele schade",3,"Bestelauto","Fiets","Onbekend","Rechte weg",50,"Brandend","Daglicht","Droog",\N,"186277111","Crooswijksestraat","Rotterdam","Rotterdam","Zuid-Holland",false,51.932827,4.493393,"material damage only","4","clear",false,1,"GM0599"
"20220227214",2022,"Uitsluitend materiele schade",2,"Personenauto","Fiets","Onbekend","Rechte weg",30,"Niet brandend","Daglicht","Droog",\N,"355154012","Wilhelminaplein","Someren","Someren","Noord-Brabant",false,51.385479,5.714641,"material damage only","4","clear",false,1,"GM0847"
"20220203187",2022,"Uitsluitend materiele schade",3,"Personenauto","Fiets","Onbekend","Kruispunt, 3 takken",30,\N,"Daglicht","Droog",\N,\N,"Schoenlappervlinder","Utrecht","Utrecht","Utrecht",false,52.094142,5.05887,"material damage only","4","clear",false,1,"GM0344"
"20220204700",2022,"Letsel",1,"Fiets",\N,"Eenzijdig","Rechte weg",30,"Niet aanwezig","Daglicht","Regen",\N,"600699824","Langbroekerweg","Doorn","Utrechtse Heuvelrug","Utrecht",false,52.030651,5.345188,"injury","2","rain",false,1,"GM1581"
"20220209041",2022,"Uitsluitend materiele schade",1,"e-bike",\N,"Onbekend","Rechte weg",30,"Niet brandend","Schemer","Droog",\N,"600112801","Leidsevaartweg","Heemstede","Heemstede","Noord-Holland",false,52.361632,4.609379,"material damage only","4","clear",false,1,"GM0397"