"accident_id","year","severity_raw","party_count","party1_type","party2_type","accident_type","road_situation","speed_limit_kmh","road_lighting","light_condition_label","weather_raw","infra_type","road_segment_id","street_name","place_name","gemeente_name_raw","province","alcohol_indicated","latitude","longitude","severity_label","severity_code","weather_label","built_up_area","cyclists_involved","gemeente_code"
"20220209052",2022,"Uitsluitend materiele schade",2,"Personenauto","Fiets","Flank","Kruispunt, 4 takken",50,"Niet brandend","Daglicht","Droog",\N,\N,"Spieringweg","Cruquius","Haarlemmermeer","Noord-Holland",false,52.334229,4.654484,"material damage only","4","clear",false,1,"GM0394"
"20220210960",2022,"Uitsluitend materiele schade",2,"Personenauto","e-bike","Flank","Kruispunt, 4 takken",50,"Niet brandend","Daglicht","Droog",\N,\N,"Zijdelweg","Uithoorn","Uithoorn","Noord-Holland",false,52.241224,4.815922,"material damage only","4","clear",false,1,"GM0451"
"20220211634",2022,"Uitsluitend materiele schade",2,"Personenauto","Fiets","Flank","Kruispunt, 3 takken",50,"Niet brandend","Duisternis","Droog",\N,\N,"Govert Flinckstraat","Amsterdam","Amsterdam","Noord-Holland",false,52.35791,4.903987,"material damage only","4","clear",false,1,"GM0363"
"20220215994",2022,"Letsel",1,"Fiets",\N,"Eenzijdig","Rechte weg",15,"Niet brandend","Daglicht","Droog",\N,"201321028","Van Vegtenplantsoen","Koudekerk aan den Rijn","Alphen aan den Rijn","Zuid-Holland",false,52.134407,4.59613,"injury","2","clear",false,1,"GM0484"
"20220216711",2022,"Letsel",2,"Personenauto","Fiets","Flank","Rotonde",50,"Niet brandend","Daglicht","Regen",\N,\N,"Vrouw Avenweg","'s-Gravenhage","'s-Gravenhage","Zuid-Holland",false,52.056099,4.396813,"injury","2","rain",false,1,"GM0518"
"20220223599",2022,"Letsel",2,"Personenauto","Fiets","Onbekend",\N,\N,\N,"Duisternis",\N,\N,"600894040","Taxandriëbaan","Tilburg","Tilburg","Noord-Brabant",false,51.576667,5.046605,"injury","2","unknown",false,1,"GM0855"
"20220229629",2022,"Uitsluitend materiele schade",2,"Personenauto","e-bike","Flank","Rotonde",50,"Brandend","Schemer","Droog",\N,\N,"Van Dijklaan","Waalre","Waalre","Noord-Brabant",false,51.394928,5.439096,"material damage only","4","clear",false,1,"GM0866"
"20220204001",2022,"Letsel",3,"Bestelauto","Fiets","Geparkeerd voertuig","Kruispunt, 4 takken",15,"Niet brandend","Daglicht","Droog","Parkeervoorziening",\N,"Havenstraat","Bussum","Gooise Meren","Noord-Holland",false,52.27512,5.163757,"injury","2","clear",false,1,"GM1942"
"20220089629",2022,"Dodelijk",2,"Personenauto","Fiets","Flank","Kruispunt, 4 takken",30,"Brandend","Duisternis","Droog",\N,\N,"Generaal Bothastraat","Eindhoven","Eindhoven","Noord-Brabant",false,51.44347,5.51287,"fatal","1","clear",false,1,"GM0772"
"20220207521",2022,"Letsel",3,"Fiets","Bromfiets","Los voorwerp","Rechte weg",60,"Niet brandend","Duisternis","Droog",\N,\N,"Driehuizen","Wervershoof","Medemblik","Noord-Holland",false,52.707895,5.186451,"injury","2","clear",false,1,"GM0420"
"20220211029",2022,"Uitsluitend materiele schade",2,"Personenauto","Fiets","Flank","Kruispunt, 4 takken",50,"Niet brandend","Daglicht","Droog",\N,\N,"Weteringlaan","Amsterdam","Amsterdam","Noord-Holland",false,52.358031,4.890834,"material damage only","4","clear",false,1,"GM0363"
"20220212411",2022,"Letsel",2,"Personenauto","Fiets","Frontaal","Kruispunt, 4 takken",50,"Brandend","Duisternis","Droog",\N,\N,"De Clercqstraat","Amsterdam","Amsterdam","Noord-Holland",false,52.370892,4.870357,"injury","2","clear",false,1,"GM0363"
"20220199119",2022,"Letsel",2,"e-bike","Personenauto","Flank","Kruispunt, 4 takken",50,"Niet brandend","Daglicht","Droog",\N,\N,"Kapittelweg","Nijmegen","Nijmegen","Gelderland",false,51.825835,5.863758,"injury","2","clear",false,1,"GM0268"
"20220211754",2022,"Uitsluitend materiele schade",2,"Personenauto","Fiets","Flank","Kruispunt, 4 takken",30,"Niet brandend","Schemer","Droog",\N,\N,"Jan van Galenstraat","Amsterdam","Amsterdam","Noord-Holland",false,52.372584,4.847873,"material damage only","4","clear",false,1,"GM0363"
"20220214681",2022,"Letsel",2,"Personenauto","Fiets","Flank","Rotonde",50,"Niet brandend","Daglicht","Droog",\N,\N,"Albinusdreef","Leiden","Leiden","Zuid-Holland",false,52.168275,4.477474,"injury","2","clear",false,1,"GM0546"
"20220119338",2022,"Dodelijk",2,"Personenauto","Fiets","Onbekend","Kruispunt, 4 takken",50,"Niet brandend","Daglicht","Droog",\N,\N,"Oldenzaalsestraat","Hengelo","Hengelo (O)","Overijssel",false,52.280998,6.841403,"fatal","1","clear",false,1,\N
"20220217532",2022,"Letsel",3,"Personenauto","Fiets","Onbekend","Rotonde",50,"Niet brandend","Daglicht","Droog",\N,\N,"Delfgauwseweg","Delft","Delft","Zuid-Holland",false,52.00663,4.384238,"injury","2","clear",false,1,"GM0503"
"20220219680",2022,"Uitsluitend materiele schade",2,"Personenauto","Fiets","Flank","Kruispunt, 4 takken",30,"Niet brandend","Daglicht","Droog",\N,\N,"VISBRUG","Gorinchem","Gorinchem","Zuid-Holland",false,51.83003,4.976964,"material damage only","4","clear",false,1,"GM0512"
"20220230871",2022,"Uitsluitend materiele schade",2,"Personenauto","Fiets","Frontaal","Kruispunt, 4 takken",\N,"Niet aanwezig","Daglicht","Droog",\N,\N,"Adelbert van Scharnln D","Maastricht","Maastricht","Limburg",false,50.845869,5.727676,"material damage only","4","clear",false,1,"GM0935"
"20220199189",2022,"Uitsluitend materiele schade",2,"Personenauto","Fiets","Flank","Kruispunt, 3 takken",50,"Niet brandend","Daglicht","Droog",\N,\N,"Westenbergmate","Zwolle","Zwolle","Overijssel",false,52.483462,6.118052,"material damage only","4","clear",false,1,"GM0193"
"20220211848",2022,"Uitsluitend materiele schade",2,"Fiets","Fiets","Onbekend","Kruispunt, 4 takken",\N,"Brandend","Duisternis","Regen",\N,\N,"Gietersstraat","Amsterdam","Amsterdam","Noord-Holland",false,52.378742,4.879998,"material damage only","4","rain",false,1,"GM0363"
"20220214752",2022,"Uitsluitend materiele schade",2,"Fiets","Fiets","Flank","Rechte weg",50,"Niet brandend","Daglicht","Droog",\N,"187327153","Watersteeg","Leiden","Leiden","Zuid-Holland",false,52.156307,4.494952,"material damage only","4","clear",false,1,"GM0546"
"20220216206",2022,"Letsel",1,"Fiets",\N,"Eenzijdig","Bocht",50,"Niet brandend","Daglicht","Droog",\N,"600713454","Lisztstraat","'s-Gravenhage","'s-Gravenhage","Zuid-Holland",false,52.055202,4.241151,"injury","2","clear",false,1,"GM0518"
"20220224772",2022,"Uitsluitend materiele schade",2,"Personenauto","Fiets","Kop/staart","Kruispunt, 4 takken",30,"Niet brandend","Daglicht","Droog",\N,\N,"Oude Bredaseweg","Etten-Leur","Etten-Leur","Noord-Brabant",false,51.570426,4.639542,"material damage only","4","clear",false,1,"GM0777"
"20220213980",2022,"Letsel",1,"Fiets",\N,"Eenzijdig","Rechte weg",30,"Niet brandend","Daglicht","Droog",\N,"161308090","Helena van Doeverenplnts","'s-Gravenhage","'s-Gravenhage","Zuid-Holland",false,52.071656,4.308336,"injury","2","clear",false,1,"GM0518"
"20220214817",2022,"Letsel",1,"Fiets",\N,"Eenzijdig","Rechte weg",15,"Niet aanwezig","Daglicht","Droog",\N,"600664556","Meijendelseweg","Wassenaar","Wassenaar","Zuid-Holland",false,52.130302,4.354961,"injury","2","clear",false,1,"GM0629"
"20220216983",2022,"Letsel",2,"Personenauto","Fiets","Onbekend","Rotonde",50,"Brandend","Duisternis","Regen",\N,\N,"Schansbaan","Zoetermeer","Zoetermeer","Zuid-Holland",false,52.069853,4.526466,"injury","2","rain",false,1,"GM0637"
"20220218943",2022,"Uitsluitend materiele schade",2,"Bestelauto","Fiets","Onbekend","Rechte weg",50,"Niet brandend","Daglicht","Droog",\N,\N,"G J van den Boogerdweg","Brielle","Voorne aan Zee","Zuid-Holland",false,51.896804,4.1597,"material damage only","4","clear",false,1,"GM1992"
"20220218962",2022,"Uitsluitend materiele schade",2,"Snorfiets","Fiets","Frontaal","Rechte weg",\N,"Brandend","Schemer","Droog",\N,"209242019","Kilweg","Dordrecht","Dordrecht","Zuid-Holland",false,51.77674,4.661748,"material damage only","4","clear",false,1,"GM0505"
"20220204277",2022,"Uitsluitend materiele schade",2,"Fiets","Fiets","Los voorwerp","Kruispunt, 4 takken",80,"Brandend","Duisternis","Droog",\N,\N,"Daniël Goedkoopstraat","Almere","Almere","Flevoland",false,52.373994,5.291226,"material damage only","4","clear",false,1,"GM0034"
"20220138504",2022,"Dodelijk",2,"Personenauto","Fiets","Frontaal","Kruispunt, 4 takken",30,"Niet brandend","Daglicht","Droog",\N,\N,"Harlingensingel","Almere","Almere","Flevoland",false,52.371208,5.20817,"fatal","1","clear",false,1,"GM0034"
"20220214027",2022,"Letsel",2,"Bromfiets","Fiets","Flank","Kruispunt, 3 takken",50,"Niet brandend","Daglicht","Droog",\N,\N,"Prof. Oudemansstraat","Delft","Delft","Zuid-Holland",false,52.006584,4.368611,"injury","2","clear",false,1,"GM0503"
"20220219136",2022,"Letsel",3,"Fiets",\N,"Eenzijdig","Kruispunt, 4 takken",30,"Brandend","Schemer","Droog",\N,\N,"Schiedamsedijk","Vlaardingen","Vlaardingen","Zuid-Holland",false,51.909123,4.365454,"injury","2","clear",false,1,"GM0622"
"20220222058",2022,"Uitsluitend materiele schade",2,"Bestelauto","Fiets","Flank","Rotonde",50,"Niet brandend","Daglicht","Droog",\N,\N,"Prinsenlaan","Rotterdam","Rotterdam","Zuid-Holland",false,51.940394,4.554039,"material damage only","4","clear",false,1,"GM0599"
"20220228636",2022,"Uitsluitend materiele schade",2,"Bestelauto","Fiets","Flank","Kruispunt, 4 takken",50,"Niet brandend","Daglicht","Droog",\N,\N,"Bevernelstraat","Nuenen","Nuenen, Gerwen en Nederwetten","Noord-Brabant",false,51.469524,5.545213,"material damage only","4","clear",false,1,"GM0820"
"20220202891",2022,"Uitsluitend materiele schade",1,"Fiets",\N,"Flank","Rechte weg",50,"Niet brandend","Daglicht","Droog",\N,"600773483","Oud-Loosdrechtsedijk","Loosdrecht","Wijdemeren","Noord-Holland",false,52.206978,5.072576,"material damage only","4","clear",false,1,"GM1696"
"20220205137",2022,"Letsel",2,"Personenauto","Fiets","Flank","Rotonde",50,"Brandend","Schemer","Droog",\N,\N,"Arnhemseweg","Amersfoort","Amersfoort","Utrecht",false,52.150342,5.384845,"injury","2","clear",false,1,"GM0307"
"20220207182",2022,"Letsel",2,"Bestelauto","e-bike","Flank","Rotonde",80,"Niet brandend","Daglicht","Droog",\N,\N,"Zeestraat","Beverwijk","Beverwijk","Noord-Holland",false,52.487917,4.629253,"injury","2","clear",false,1,"GM0375"
"20220208835",2022,"Uitsluitend materiele schade",2,"Personenauto","Fiets","Onbekend","Kruispunt, 4 takken",50,"Brandend","Duisternis","Droog",\N,\N,"Hoofdweg","Lijnden","Haarlemmermeer","Noord-Holland",false,52.346548,4.751101,"material damage only","4","clear",false,1,"GM0394"
"20220217156",2022,"Letsel",2,"Personenauto","e-bike","Flank","Kruispunt, 4 takken",50,"Brandend","Duisternis","Regen",\N,\N,"Edelsteensingel","Zoetermeer","Zoetermeer","Zuid-Holland",false,52.043221,4.473463,"injury","2","rain",false,1,"GM0637"
"20220219232",2022,"Letsel",2,"Personenauto","Fiets","Frontaal","Rotonde",50,"Niet brandend","Daglicht","Droog",\N,\N,"Maassluissedijk","Vlaardingen","Vlaardingen","Zuid-Holland",false,51.908295,4.333341,"injury","2","clear",false,1,"GM0622"
"20220229381",2022,"Uitsluitend materiele schade",2,"Bromfiets","Fiets","Kop/staart","Kruispunt, 4 takken",50,"Brandend","Duisternis","Droog",\N,\N,"Morgenweg","Uden","Maashorst","Noord-Brabant",false,51.645637,5.632896,"material damage only","4","clear",false,1,"GM1991"
"20220199480",2022,"Letsel",2,"Personenauto","Fiets","Flank","Kruispunt, 4 takken",50,"Niet brandend","Daglicht","Droog",\N,\N,"Voorthuizerstraat","Putten","Putten","Gelderland",false,52.252713,5.607239,"injury","2","clear",false,1,"GM0273"
"20220207246",2022,"Letsel",3,"Personenauto","Fiets","Kop/staart","Kruispunt, 3 takken",\N,"Niet aanwezig","Daglicht","Droog",\N,\N,"Elswoutslaan","Overveen","Bloemendaal","Noord-Holland",false,52.381132,4.599993,"injury","2","clear",false,1,"GM0377"
"20220220850",2022,"Letsel",1,"Fiets",\N,"Eenzijdig",\N,50,\N,"Daglicht",\N,\N,"182273109","Nieuwe Binnenweg","Rotterdam","Rotterdam","Zuid-Holland",false,51.913953,4.464611,"injury","2","unknown",false,1,"GM0599"
"20220229421",2022,"Uitsluitend materiele schade",2,"Bromfiets","Fiets","Onbekend","Rechte weg",30,"Brandend","Duisternis","Droog",\N,"600377252","Eikenboomgaard","Oss","Oss","Noord-Brabant",false,51.770921,5.526394,"material damage only","4","clear",false,1,"GM0828"
"20220208905",2022,"Uitsluitend materiele schade",2,"Personenauto","Fiets","Flank","Kruispunt, 4 takken",30,"Brandend","Duisternis","Droog",\N,\N,"Beneluxplein","Alkmaar","Alkmaar","Noord-Holland",false,52.653525,4.75822,"material damage only","4","clear",false,1,"GM0361"
"20220208911",2022,"Letsel",2,"Personenauto","Fiets","Flank","Kruispunt, 3 takken",50,"Niet brandend","Daglicht","Droog",\N,\N,"W.M. Dudokweg","Heerhugowaard","Dijk en Waard","Noord-Holland",false,52.665137,4.81442,"injury","2","clear",false,1,"GM1980"
"20220213538",2022,"Letsel",1,"Fiets",\N,"Eenzijdig","Bocht",30,"Niet brandend","Daglicht","Droog",\N,"186328129","Steenstraat","Leiden","Leiden","Zuid-Holland",false,52.161973,4.484719,"injury","2","clear",false,1,"GM0546"
"20220213559",2022,"Letsel",1,"e-bike",\N,"Eenzijdig","Bocht",\N,"Niet brandend","Daglicht","Droog",\N,\N,"Ringelwikke","'s-Gravenhage","'s-Gravenhage","Zuid-Holland",false,52.048881,4.362256,"injury","2","clear",false,1,"GM0518"
"20220215116",2022,"Letsel",2,"e-bike","Fiets","Frontaal","Rechte weg",30,"Niet brandend","Daglicht","Droog",\N,"600892275","Van den Endelaan","Hillegom","Hillegom","Zuid-Holland",false,52.293452,4.57714,"injury","2","clear",false,1,"GM0534"
"20220221616",2022,"Letsel",2,"Personenauto","Fiets","Onbekend","Bocht",50,"Niet brandend","Daglicht","Droog",\N,"600730058","Bergweg-noord","Bergschenhoek","Lansingerland","Zuid-Holland",false,51.980827,4.498074,"injury","2","clear",false,1,"GM1621"
"20240133909",2024,"Letsel",2,"Personenauto","Fiets","Onbekend","Kruispunt, 4 takken",50,"Niet brandend","Daglicht","Droog",\N,\N,"Leyweg","'s-Gravenhage","'s-Gravenhage","Zuid-Holland",false,52.058743,4.264338,"injury","2","clear",false,1,"GM0518"
"20240137029",2024,"Letsel",2,"Fiets","Fiets","Onbekend","Bocht",\N,"Niet brandend","Daglicht","Droog",\N,"600818366","Wethouder van Wellaan","Helmond","Helmond","Noord-Brabant",false,51.476386,5.679855,"injury","2","clear",false,1,"GM0794"
"20240140157",2024,"Uitsluitend materiele schade",2,"Fiets","Fiets","Flank","Kruispunt, 4 takken",30,"Niet brandend","Daglicht","Droog",\N,\N,"Melkweg","Hilversum","Gooise Meren","Noord-Holland",false,52.259733,5.141485,"material damage only","4","clear",false,1,"GM1942"
"20240142658",2024,"Letsel",2,"Personenauto","Fiets","Onbekend","Kruispunt, 3 takken",60,"Niet brandend","Daglicht","Droog",\N,\N,"Pannekeetweg","Heerhugowaard","Dijk en Waard","Noord-Holland",false,52.696357,4.828831,"injury","2","clear",false,1,"GM1980"
"20240142660",2024,"Letsel",2,"Personenauto","Fiets","Flank","Kruispunt, 4 takken",15,"Niet brandend","Daglicht","Droog",\N,\N,"Ohmstraat","Alkmaar","Alkmaar","Noord-Holland",false,52.649416,4.738534,"injury","2","clear",false,1,"GM0361"
"20240144319",2024,"Letsel",2,"Fiets","Voetganger","Voetganger","Rechte weg",\N,"Niet brandend","Daglicht","Droog/Harde windstoten",\N,"156316004","Kompasstraat","'s-Gravenhage","'s-Gravenhage","Zuid-Holland",false,52.105363,4.270649,"injury","2","unknown",false,1,"GM0518"
"20240134602",2024,"Uitsluitend materiele schade",2,"Personenauto","Fiets","Flank","Rechte weg",30,"Niet brandend","Daglicht","Droog",\N,"178206014","Noordzeedijk","Stampersgat","Halderberge","Noord-Brabant",false,51.614519,4.436577,"material damage only","4","clear",false,1,"GM1655"
"20240148437",2024,"Uitsluitend materiele schade",2,"Fiets","Fiets","Flank","Rechte weg",30,"Niet brandend","Daglicht","Droog",\N,"421323090","Isendoornstraat","Zutphen","Zutphen","Gelderland",false,52.143433,6.200229,"material damage only","4","clear",false,1,"GM0301"
"20240134054",2024,"Letsel",2,"Personenauto","Fiets","Flank","Kruispunt, 4 takken",50,"Niet brandend","Daglicht","Droog",\N,\N,"Buitenveldertselaan","Amsterdam","Amsterdam","Noord-Holland",false,52.332206,4.868678,"injury","2","clear",false,1,"GM0363"
"20240139081",2024,"Letsel",2,"Personenauto","Fiets","Los voorwerp","Kruispunt, 3 takken",50,"Niet brandend","Daglicht","Droog",\N,\N,"Rijnstraat","Geldermalsen","West Betuwe","Gelderland",false,51.886857,5.298001,"injury","2","clear",false,1,"GM1960"
"20240135330",2024,"Uitsluitend materiele schade",2,"Personenauto","Fiets","Onbekend","Rotonde",50,"Niet brandend","Daglicht","Droog",\N,\N,"Mariastraat","Dordrecht","Dordrecht","Zuid-Holland",false,51.803508,4.67674,"material damage only","4","clear",false,1,"GM0505"
"20240141465",2024,"Letsel",1,"Fiets",\N,"Onbekend","Kruispunt, 3 takken",60,"Niet aanwezig","Duisternis","Droog",\N,"225524001","Kooiweg","Den Hoorn","Texel","Noord-Holland",false,53.044094,4.759974,"injury","2","clear",false,1,"GM0448"
"20240141827",2024,"Letsel",2,\N,"Fiets","Flank","Rechte weg",50,"Niet aanwezig","Daglicht","Regen",\N,"600508657","Weesperstraat","Amsterdam","Amsterdam","Noord-Holland",false,52.363479,4.906409,"injury","2","rain",false,1,"GM0363"
"20240136005",2024,"Uitsluitend materiele schade",2,"Bromfiets","Fiets","Onbekend","Rechte weg",30,"Brandend","Duisternis","Droog","Tankstation","191280028","Bosdreef","Rotterdam","Rotterdam","Zuid-Holland",false,51.945942,4.523006,"material damage only","4","clear",false,1,"GM0599"
"20240136615",2024,"Uitsluitend materiele schade",2,"Snorfiets","Fiets","Frontaal","Rechte weg",80,"Niet aanwezig","Daglicht","Droog",\N,"354029016","Oosterweg","Maastricht","Maastricht","Limburg",false,50.82312,5.704505,"material damage only","4","clear",false,1,"GM0935"
"20240136044",2024,"Letsel",2,"Personenauto","Fiets","Onbekend","Kruispunt, 3 takken",50,"Niet brandend","Daglicht","Droog",\N,\N,"Professor Jonkersweg","Rotterdam","Rotterdam","Zuid-Holland",false,51.923906,4.436043,"injury","2","clear",false,1,"GM0599"
"20240136667",2024,"Uitsluitend materiele schade",2,"Personenauto","e-bike","Flank","Rotonde",50,"Niet brandend","Daglicht","Droog",\N,\N,"Locht","Kerkrade","Kerkrade","Limburg",false,50.859489,6.008197,"material damage only","4","clear",false,1,"GM0928"
"20240135415",2024,"Letsel",2,"Personenauto","Fiets","Onbekend","Kruispunt, 4 takken",30,"Brandend","Schemer","Droog",\N,\N,"Heikantlaan","Tilburg","Tilburg","Noord-Brabant",false,51.582719,5.076763,"injury","2","clear",false,1,"GM0855"
"20240138607",2024,"Letsel",2,"Personenauto","Fiets","Flank","Kruispunt, 4 takken",50,"Niet brandend","Daglicht","Droog",\N,\N,"Molenstraat","Bennekom","Ede","Gelderland",false,52.001581,5.675659,"injury","2","clear",false,1,"GM0228"
"20240140881",2024,"Letsel",2,"Fiets","Fiets","Kop/staart","Rotonde",50,"Brandend","Schemer","Regen",\N,\N,"Edeseweg","Ede","Ede","Gelderland",false,52.019176,5.672192,"injury","2","rain",false,1,"GM0228"
"20240149033",2024,"Uitsluitend materiele schade",2,"Personenauto","Fiets","Flank","Kruispunt, 3 takken",50,"Brandend","Schemer","Droog",\N,\N,"Slakweg","Gaanderen","Doetinchem","Gelderland",false,51.930376,6.340097,"material damage only","4","clear",false,1,"GM0222"
"20240149261",2024,"Uitsluitend materiele schade",2,"Personenauto","Fiets","Flank","Kruispunt, 4 takken",50,"Niet brandend","Daglicht","Droog",\N,\N,"Lübeckweg","Groningen","Groningen","Groningen",false,53.215504,6.593765,"material damage only","4","clear",false,1,"GM0014"
"20240139268",2024,"Letsel",2,"Personenauto","Fiets","Flank","Kruispunt, 3 takken",50,"Niet brandend","Daglicht","Droog",\N,\N,"Appelhof","Assen","Assen","Drenthe",false,53.004962,6.513313,"injury","2","clear",false,1,"GM0106"
"20240147672",2024,"Letsel",2,"Personenauto","Fiets","Flank","Kruispunt, 4 takken",60,"Brandend","Duisternis","Droog",\N,\N,"Spottersweg","Eindhoven","Eindhoven","Noord-Brabant",false,51.462182,5.395103,"injury","2","clear",false,1,"GM0772"
"20240144023",2024,"Letsel",2,"Bestelauto","Fiets","Onbekend","Kruispunt, 4 takken",50,"Brandend","Duisternis","Regen","Brug/viaduct",\N,"Van Essendijk","'s-Gravenhage","'s-Gravenhage","Zuid-Holland",false,52.031808,4.366327,"injury","2","rain",false,1,"GM0518"
"20240134300",2024,"Uitsluitend materiele schade",2,"Personenauto","Fiets","Flank","Rotonde",50,"Niet brandend","Daglicht","Droog",\N,\N,"Laan van Welhorst","Hendrik-Ido-Ambacht","Hendrik-Ido-Ambacht","Zuid-Holland",false,51.839484,4.643746,"material damage only","4","clear",false,1,"GM0531"
"20240134306",2024,"Letsel",2,"Fiets","Overig vast object","Vast voorwerp","Rechte weg",60,"Niet aanwezig","Duisternis","Droog",\N,"115224035","Zuid Langeweg","Dreischor","Schouwen-Duiveland","Zeeland",false,51.695853,3.980678,"injury","2","clear",false,1,"GM1676"
"20240143036",2024,"Letsel",1,"Fiets",\N,"Onbekend","Bocht",15,"Niet aanwezig","Daglicht","Droog",\N,"188311002","Broekwegkade","Zoetermeer","Zoetermeer","Zuid-Holland",false,52.087248,4.500064,"injury","2","clear",false,1,"GM0637"
"20240144689",2024,"Letsel",2,"Personenauto","Fiets","Flank","Kruispunt, 4 takken",50,"Niet brandend","Daglicht","Droog",\N,\N,"Aletta Jacobskade","Vlaardingen","Vlaardingen","Zuid-Holland",false,51.933117,4.335963,"injury","2","clear",false,1,"GM0622"
"20240146461",2024,"Uitsluitend materiele schade",2,"Personenauto","Fiets","Flank","Rotonde",50,"Niet brandend","Daglicht","Droog",\N,\N,"Straelseweg","Venlo","Venlo","Limburg",false,51.377732,6.180412,"material damage only","4","clear",false,1,"GM0983"
"20240146398",2024,"Uitsluitend materiele schade",2,"Personenauto","Fiets","Flank","Kruispunt, 3 takken",50,"Niet brandend","Daglicht","Droog",\N,\N,"Joannes Zwijsenlaan","Oss","Oss","Noord-Brabant",false,51.754339,5.520112,"material damage only","4","clear",false,1,"GM0828"
"20240146493",2024,"Uitsluitend materiele schade",2,"Personenauto","Fiets","Los voorwerp","Rotonde",50,"Brandend","Duisternis","Droog",\N,\N,"RYKSWG","Velddriel","'s-Hertogenbosch","Noord-Brabant",false,51.738724,5.304293,"material damage only","4","clear",false,1,"GM0796"
"20240136304",2024,"Uitsluitend materiele schade",2,"Fiets","Personenauto","Onbekend","Kruispunt, 3 takken",50,\N,"Daglicht","Droog",\N,\N,"Gagelstraat","Eindhoven","Eindhoven","Noord-Brabant",false,51.438986,5.465078,"material damage only","4","clear",false,1,"GM0772"
"20240143659",2024,"Uitsluitend materiele schade",2,"Fiets","Personenauto","Onbekend",\N,\N,\N,"Daglicht",\N,\N,"204284085","Reigerhof","Nieuwerkerk aan den IJssel","Zuidplas","Zuid-Holland",false,51.967856,4.618401,"material damage only","4","unknown",false,1,"GM1892"
"20240146323",2024,"Uitsluitend materiele schade",2,"Fiets","Personenauto","Flank","Kruispunt, 4 takken",50,"Niet brandend","Daglicht","Droog",\N,\N,"Piersonstraat","Katwijk","Katwijk","Zuid-Holland",false,52.207008,4.417657,"material damage only","4","clear",false,1,"GM0537"
"20240146418",2024,"Uitsluitend materiele schade",2,"Bromfiets","Fiets","Frontaal","Rechte weg",\N,"Brandend","Duisternis","Droog",\N,"299224101","Rompertsebaan","'s-Hertogenbosch","'s-Hertogenbosch","Noord-Brabant",false,51.699258,5.311896,"material damage only","4","clear",false,1,"GM0796"
"20240146437",2024,"Uitsluitend materiele schade",2,"Fiets","Overig vast object","Vast voorwerp","Rechte weg",30,"Niet brandend","Daglicht","Droog",\N,"287222001","Moerputtenweg","Vlijmen","Heusden","Noord-Brabant",false,51.693077,5.237849,"material damage only","4","clear",false,1,"GM0797"
"20240138887",2024,"Letsel",2,"Personenauto","Fiets","Flank","Kruispunt, 4 takken",30,"Niet brandend","Daglicht","Droog",\N,\N,"Willem de Kooningstraat","Hengelo","Hengelo (O)","Overijssel",false,52.282445,6.782534,"injury","2","clear",false,1,\N
"20240146749",2024,"Letsel",2,"Vrachtauto","Fiets","Kop/staart","Rechte weg",15,"Niet brandend","Daglicht","Droog",\N,"354125042","Markt","Weert","Weert","Limburg",true,51.253902,5.706579,"injury","2","clear",false,1,"GM0988"
"20240149699",2024,"Uitsluitend materiele schade",2,"Personenauto","Fiets","Frontaal","Rechte weg",60,"Niet brandend","Daglicht","Droog",\N,"600849523","Pannerdenseweg","Zevenaar","Zevenaar","Gelderland",false,51.9216,6.053855,"material damage only","4","clear",false,1,"GM0299"
"20240149077",2024,"Letsel",1,"Fiets",\N,"Onbekend","Kruispunt, 4 takken",30,"Brandend","Duisternis","Droog",\N,\N,"Rummerinkhof","Haren Gn","Groningen","Groningen",false,53.176601,6.614911,"injury","2","clear",false,1,"GM0014"
"20240001610",2024,"Uitsluitend materiele schade",2,"Personenauto","Fiets","Flank","Kruispunt, 4 takken",50,"Brandend","Schemer","Droog",\N,\N,"Bergweg","Rotterdam","Rotterdam","Zuid-Holland",false,51.932189,4.471395,"material damage only","4","clear",false,1,"GM0599"
"20240007225",2024,"Letsel",1,"Fiets",\N,"Eenzijdig","Rechte weg",50,"Niet aanwezig","Daglicht","Regen","Brug/viaduct","186328167","Weddesteeg","Leiden","Leiden","Zuid-Holland",false,52.160417,4.482287,"injury","2","rain",false,1,"GM0546"
"20240007636",2024,"Letsel",2,"Personenauto","Fiets","Flank","Kruispunt, 4 takken",30,"Brandend","Duisternis","Regen",\N,\N,"Amstelveenseweg","Amsterdam","Amsterdam","Noord-Holland",false,52.354835,4.85536,"injury","2","rain",false,1,"GM0363"
"20240010866",2024,"Uitsluitend materiele schade",2,"Fiets","Fiets","Flank","Kruispunt, 4 takken",50,"Niet brandend","Daglicht","Droog",\N,\N,"Leerbroekstraat","Zaandam","Zaanstad","Noord-Holland",false,52.450329,4.804704,"material damage only","4","clear",false,1,"GM0479"
"20230113439",2023,"Letsel",2,"Personenauto","Fiets","Flank","Rechte weg",50,"Niet brandend","Daglicht","Regen",\N,"363557096","Stationsplein","Leeuwarden","Leeuwarden","Friesland",false,53.196686,5.789445,"injury","2","rain",false,1,"GM0080"
"20240003212",2024,"Letsel",2,"Personenauto","Fiets","Flank","Kruispunt, 4 takken",50,"Brandend","Duisternis","Sneeuw/Hagel",\N,\N,"Geenhovensedreef","Valkenswaard","Valkenswaard","Noord-Brabant",false,51.360772,5.453342,"injury","2","unknown",false,1,"GM0858"
"20240010918",2024,"Letsel",2,"Personenauto","Fiets","Flank","Rotonde",50,"Niet brandend","Daglicht","Regen",\N,\N,"Stinzenlaan","Breukelen","Stichtse Vecht","Utrecht",false,52.167579,5.006587,"injury","2","rain",false,1,"GM1904"