"accident_id","year","severity_raw","party_count","party1_type","party2_type","accident_type","road_situation","speed_limit_kmh","road_lighting","light_condition_label","weather_raw","infra_type","road_segment_id","street_name","place_name","gemeente_name_raw","province","alcohol_indicated","latitude","longitude","severity_label","severity_code","weather_label","built_up_area","cyclists_involved","gemeente_code"
"20240012450",2024,"Letsel",2,"Bromfiets","Fiets","Flank","Kruispunt, 4 takken",50,"Niet brandend","Daglicht","Droog",\N,\N,"Jacoba van Beierenlaan","Delft","Delft","Zuid-Holland",false,52.003066,4.352145,"injury","2","clear",false,1,"GM0503"
"20240005466",2024,"Letsel",2,"Bestelauto","Fiets","Flank","Kruispunt, 3 takken",50,"Niet brandend","Daglicht","Droog",\N,\N,"Wijkermeerstraat","Hoofddorp","Haarlemmermeer","Noord-Holland",false,52.31088,4.699774,"injury","2","clear",false,1,"GM0394"
"20240007416",2024,"Letsel",1,"Fiets",\N,"Eenzijdig","Rechte weg",80,"Niet brandend","Daglicht","Droog",\N,\N,"Veerweg","Bergambacht","Krimpenerwaard","Zuid-Holland",false,51.920326,4.784583,"injury","2","clear",false,1,"GM1931"
"20240010425",2024,"Letsel",2,"Personenauto","Fiets","Flank","Kruispunt, 3 takken",50,"Niet brandend","Daglicht","Droog",\N,\N,"Hendrik Mandeweg","Beverwijk","Beverwijk","Noord-Holland",false,52.484795,4.662468,"injury","2","clear",false,1,"GM0375"
"20240021365",2024,"Letsel",2,"Personenauto","Fiets","Flank","Rechte weg",50,"Niet brandend","Daglicht","Regen",\N,"600525208","Paviljoenslaan","Haarlem","Haarlem","Noord-Holland",false,52.371354,4.63121,"injury","2","rain",false,1,"GM0392"
"20240151698",2024,"Letsel",2,"Fiets","Personenauto","Frontaal","Rechte weg",50,"Brandend","Duisternis","Droog",\N,\N,"Bornerbroeksestraat","Almelo","Almelo","Overijssel",false,52.349832,6.661579,"injury","2","clear",false,1,"GM0141"
"20240003766",2024,"Uitsluitend materiele schade",2,"Personenauto","Fiets","Onbekend","Rechte weg",30,"Niet brandend","Daglicht","Droog",\N,"435285001","Oude Rozengaardseweg","Doetinchem","Doetinchem","Gelderland",false,51.972207,6.298974,"material damage only","4","clear",false,1,"GM0222"
"20240008331",2024,"Uitsluitend materiele schade",2,"Personenauto","Fiets","Onbekend","Kruispunt, 4 takken",30,"Brandend","Duisternis","Droog",\N,\N,"Plantage Parklaan","Amsterdam","Amsterdam","Noord-Holland",false,52.366333,4.908552,"material damage only","4","clear",false,1,"GM0363"
"20240011934",2024,"Letsel",2,"Personenauto","Fiets","Flank","Rechte weg",50,"Niet brandend","Daglicht","Droog",\N,"495359080","Parallelweg","Borne","Borne","Overijssel",false,52.298858,6.749117,"injury","2","clear",false,1,"GM0147"
"20240012538",2024,"Uitsluitend materiele schade",2,"Bestelauto","Fiets","Flank","Rotonde",30,"Niet brandend","Daglicht","Droog",\N,\N,"Meeuwenlaan","Amsterdam","Amsterdam","Noord-Holland",false,52.387723,4.92409,"material damage only","4","clear",false,1,"GM0363"
"20240154319",2024,"Letsel",1,"Fiets",\N,"Onbekend","Rechte weg",50,"Niet brandend","Daglicht","Droog",\N,"219293004","Sportlaan","Gouda","Gouda","Zuid-Holland",false,52.009471,4.725946,"injury","2","clear",false,1,"GM0513"
"20230109977",2023,"Uitsluitend materiele schade",3,"Personenauto","Fiets","Onbekend","Rechte weg",30,"Brandend","Duisternis","Droog",\N,"341215127","Markt","Uden","Maashorst","Noord-Brabant",false,51.656974,5.617829,"material damage only","4","clear",false,1,"GM1991"
"20240006217",2024,"Letsel",2,"Bromfiets","Fiets","Flank","Kruispunt, 4 takken",30,"Niet brandend","Schemer","Droog",\N,\N,"Wandelweg","Wormerveer","Zaanstad","Noord-Holland",false,52.482594,4.807394,"injury","2","clear",false,1,"GM0479"
"20240154365",2024,"Uitsluitend materiele schade",2,"Personenauto","Fiets","Flank","Kruispunt, 4 takken",30,"Brandend","Schemer","Droog",\N,\N,"2e Barendrechtseweg","Barendrecht","Barendrecht","Zuid-Holland",false,51.855683,4.536345,"material damage only","4","clear",false,1,"GM0489"
"20230111775",2023,"Letsel",1,"Fiets",\N,"Eenzijdig","Rechte weg",30,"Brandend","Duisternis","Droog",\N,"600124252","Vijzelstraat","Amsterdam","Amsterdam","Noord-Holland",false,52.366391,4.89315,"injury","2","clear",false,1,"GM0363"
"20240002915",2024,"Uitsluitend materiele schade",2,"Personenauto","Fiets","Flank","Kruispunt, 3 takken",30,"Brandend","Schemer","Droog",\N,\N,"Schelde","Deurne","Deurne","Noord-Brabant",false,51.456125,5.800208,"material damage only","4","clear",false,1,"GM0762"
"20240153752",2024,"Uitsluitend materiele schade",3,"Personenauto","Fiets","Vast voorwerp","Bocht",50,"Brandend","Duisternis","Droog",\N,"254199001","Nieuwkoopplein","Tilburg","Tilburg","Noord-Brabant",false,51.58554,4.989803,"material damage only","4","clear",false,1,"GM0855"
"20240154409",2024,"Letsel",2,"Fiets","Snorfiets","Kop/staart","Rechte weg",50,"Niet brandend","Schemer","Mist","Brug/viaduct","600491271","FIETSPAD","Rotterdam","Rotterdam","Zuid-Holland",false,51.909608,4.485858,"injury","2","fog",false,1,"GM0599"
"20240010640",2024,"Uitsluitend materiele schade",2,"Bestelauto","Fiets","Onbekend","Kruispunt, 3 takken",30,"Niet brandend","Schemer","Regen",\N,\N,"Laarderweg","Eemnes","Eemnes","Utrecht",false,52.253037,5.262772,"material damage only","4","rain",false,1,"GM0317"
"20240154455",2024,"Uitsluitend materiele schade",2,"Personenauto","Fiets","Flank","Rotonde",50,"Brandend","Duisternis","Regen",\N,\N,"Beukelsweg","Rotterdam","Rotterdam","Zuid-Holland",false,51.91969,4.448259,"material damage only","4","rain",false,1,"GM0599"
"20240156091",2024,"Uitsluitend materiele schade",2,"Fiets","Personenauto","Flank","Kruispunt, 3 takken",50,"Niet brandend","Daglicht","Droog",\N,\N,"Kapperdoesweg","Nuenen","Nuenen, Gerwen en Nederwetten","Noord-Brabant",false,51.468639,5.535312,"material damage only","4","clear",false,1,"GM0820"
"20230112498",2023,"Uitsluitend materiele schade",2,"Bromfiets","Fiets","Kop/staart","Rechte weg",50,"Niet brandend","Daglicht","Droog",\N,"159316100","Nieuwe Parklaan","'s-Gravenhage","'s-Gravenhage","Zuid-Holland",false,52.109713,4.286293,"material damage only","4","clear",false,1,"GM0518"
"20240012889",2024,"Letsel",1,"Fiets",\N,"Onbekend","Rechte weg",50,"Niet brandend","Daglicht","Droog",\N,"158309070","Beeklaan","'s-Gravenhage","'s-Gravenhage","Zuid-Holland",false,52.074789,4.2806,"injury","2","clear",false,1,"GM0518"
"20240013410",2024,"Uitsluitend materiele schade",2,"Fiets","Personenauto","Onbekend",\N,\N,\N,"Daglicht",\N,\N,"600712048","Madeweg","Monster","Westland","Zuid-Holland",false,52.03137,4.188526,"material damage only","4","unknown",false,1,"GM1783"
"20240013755",2024,"Letsel",2,"Fiets","Fiets","Onbekend","Kruispunt, 4 takken",50,"Niet brandend","Daglicht","Droog",\N,\N,"Westerparklaan","Breda","Breda","Noord-Brabant",false,51.586711,4.742821,"injury","2","clear",false,1,"GM0758"
"20240151927",2024,"Letsel",2,"Personenauto","Fiets","Flank","Kruispunt, 3 takken",50,"Niet brandend","Daglicht","Droog",\N,\N,"Koningshof","Alphen aan den Rijn","Alphen aan den Rijn","Zuid-Holland",false,52.150917,4.661267,"injury","2","clear",false,1,"GM0484"
"20240151936",2024,"Letsel",2,"Fiets","Fiets","Flank","Rechte weg",15,"Brandend","Duisternis","Droog",\N,"185329092","Bargelaan","Leiden","Leiden","Zuid-Holland",false,52.165652,4.479913,"injury","2","clear",false,1,"GM0546"
"20240154545",2024,"Letsel",2,"Personenauto","e-bike","Flank","Kruispunt, 4 takken",50,"Niet brandend","Daglicht","Droog",\N,\N,"Noordersingel","Barendrecht","Barendrecht","Zuid-Holland",false,51.854693,4.501377,"injury","2","clear",false,1,"GM0489"
"20230110212",2023,"Uitsluitend materiele schade",2,"Personenauto","Fiets","Flank","Rotonde",50,"Brandend","Duisternis","Droog",\N,\N,"Santheuvel-west","Mierlo","Geldrop-Mierlo","Noord-Brabant",false,51.440697,5.606663,"material damage only","4","clear",false,1,"GM1771"
"20240005235",2024,"Letsel",2,"Bromfiets","Fiets","Flank","Kruispunt, 3 takken",30,"Brandend","Duisternis","Droog",\N,\N,"Gelkingestraat","Groningen","Groningen","Groningen",false,53.218434,6.567833,"injury","2","clear",false,1,"GM0014"
"20230112620",2023,"Letsel",2,"Personenauto","Fiets","Flank","Kruispunt, 3 takken",50,"Niet brandend","Daglicht","Droog",\N,\N,"Vestdijklaan","'s-Gravenzande","Westland","Zuid-Holland",false,51.999598,4.16115,"injury","2","clear",false,1,"GM1783"
"20240007053",2024,"Letsel",1,"Fiets",\N,"Onbekend","Kruispunt, 3 takken",60,"Niet brandend","Daglicht","Droog",\N,\N,"Eisingastraat","Noordwijk","Noordwijk","Zuid-Holland",false,52.213386,4.430012,"injury","2","clear",false,1,"GM0575"
"20240011135",2024,"Uitsluitend materiele schade",2,"Fiets","Personenauto","Flank","Kruispunt, 4 takken",50,"Brandend","Duisternis","Droog",\N,\N,"Plesmanweg","Beverwijk","Beverwijk","Noord-Holland",false,52.496409,4.658251,"material damage only","4","clear",false,1,"GM0375"
"20240014208",2024,"Letsel",2,"Personenauto","Fiets","Onbekend","Bocht",50,"Brandend","Duisternis","Regen",\N,\N,"Vriendenlaan","Rotterdam","Rotterdam","Zuid-Holland",false,51.927876,4.482127,"injury","2","rain",false,1,"GM0599"
"20230113227",2023,"Uitsluitend materiele schade",2,"Fiets","Personenauto","Flank","Kruispunt, 3 takken",60,"Niet brandend","Daglicht","Droog",\N,\N,"Weeresteinstraat","Hillegom","Hillegom","Zuid-Holland",false,52.306787,4.586266,"material damage only","4","clear",false,1,"GM0534"
"20240156929",2024,"Letsel",2,"Personenauto","Fiets","Flank","Rechte weg",50,"Brandend","Duisternis","Regen",\N,"156180032","Westersingel","Bergen op Zoom","Bergen op Zoom","Noord-Brabant",false,51.497296,4.283796,"injury","2","rain",false,1,"GM0748"
"20240015481",2024,"Letsel",2,"Bromfiets","Fiets","Frontaal","Rechte weg",50,"Niet brandend","Daglicht","Regen",\N,"601084039","Brielselaan","Rotterdam","Rotterdam","Zuid-Holland",false,51.894785,4.482647,"injury","2","rain",false,1,"GM0599"
"20240154677",2024,"Uitsluitend materiele schade",2,"Fiets","Personenauto","Flank","Kruispunt, 4 takken",50,"Niet aanwezig","Daglicht","Regen",\N,\N,"Prins Hendrikstraat","'s-Gravenhage","'s-Gravenhage","Zuid-Holland",false,52.080408,4.289853,"material damage only","4","rain",false,1,"GM0518"
"20240015348",2024,"Uitsluitend materiele schade",3,"Personenauto","Fiets","Flank","Rotonde",50,"Niet brandend","Daglicht","Droog",\N,\N,"Burg de Bruïnelaan","Zwijndrecht","Zwijndrecht","Zuid-Holland",false,51.813859,4.646152,"material damage only","4","clear",false,1,"GM0642"
"20240015514",2024,"Letsel",1,"Fiets",\N,"Eenzijdig","Bocht",50,"Niet brandend","Daglicht","Sneeuw/Hagel","Brug/viaduct","601154913","Haagweg","Rijswijk","Rijswijk","Zuid-Holland",false,52.051611,4.343331,"injury","2","unknown",false,1,\N
"20240016273",2024,"Uitsluitend materiele schade",2,"Personenauto","e-bike","Flank","Kruispunt, 3 takken",50,"Brandend","Schemer","Regen",\N,\N,"Dokter Blumenkampstraat","Venlo","Venlo","Limburg",false,51.379654,6.16711,"material damage only","4","rain",false,1,"GM0983"
"20240018686",2024,"Letsel",2,"Fiets","Fiets","Onbekend","Rechte weg",30,"Niet brandend","Daglicht","Droog",\N,"209384091","Rijksstraatweg","Haarlem","Haarlem","Noord-Holland",false,52.413714,4.650484,"injury","2","clear",false,1,"GM0392"
"20240019064",2024,"Letsel",2,"Bromfiets","Fiets","Frontaal","Rechte weg",30,"Niet brandend","Daglicht","Droog",\N,"600755771","Prov wg Z-Castricum","Koog aan de Zaan","Zaanstad","Noord-Holland",false,52.460697,4.805882,"injury","2","clear",false,1,"GM0479"
"20240022130",2024,"Letsel",2,"Personenauto","Fiets","Flank","Kruispunt, 4 takken",60,"Niet brandend","Daglicht","Droog",\N,\N,"Reedijk","Heinenoord","Hoeksche Waard","Zuid-Holland",false,51.814678,4.496264,"injury","2","clear",false,1,"GM1963"
"20240022617",2024,"Letsel",1,"Fiets",\N,"Eenzijdig","Rechte weg",50,"Niet brandend","Daglicht","Droog",\N,\N,"Laurensvliet","Zwijndrecht","Zwijndrecht","Zuid-Holland",false,51.821172,4.640199,"injury","2","clear",false,1,"GM0642"
"20240154802",2024,"Letsel",2,"Fiets","Overig vast object","Vast voorwerp","Rechte weg",50,"Brandend","Duisternis","Regen",\N,"251253017","Krinkelwinkel","Gorinchem","Gorinchem","Zuid-Holland",false,51.828744,4.961537,"injury","2","rain",false,1,"GM0512"
"20240157657",2024,"Letsel",2,"Fiets","Fiets","Onbekend","Rechte weg",50,"Brandend","Duisternis","Droog",\N,"206277020","Kerkweg","Ouderkerk aan den IJssel","Krimpenerwaard","Zuid-Holland",false,51.932316,4.638492,"injury","2","clear",false,1,"GM1931"
"20240023360",2024,"Uitsluitend materiele schade",2,"Fiets","Bestelauto","Onbekend","Kruispunt, 4 takken",30,"Niet brandend","Daglicht","Droog",\N,\N,"Boergoensestraat","Rotterdam","Rotterdam","Zuid-Holland",false,51.892081,4.471032,"material damage only","4","clear",false,1,"GM0599"
"20230023665",2023,"Letsel",2,"Bromfiets","Fiets","Flank","Rechte weg",30,"Niet brandend","Daglicht","Droog",\N,"162309075","Gedempte Gracht","'s-Gravenhage","'s-Gravenhage","Zuid-Holland",false,52.076104,4.313579,"injury","2","clear",false,1,"GM0518"
"20230033289",2023,"Letsel",2,"Bromfiets","Fiets","Frontaal",\N,30,"Niet brandend","Daglicht","Droog",\N,"600534600","Sloeweg","Vlissingen","Vlissingen","Zeeland",false,51.460503,3.576764,"injury","2","clear",false,1,"GM0718"
"20230035118",2023,"Letsel",2,"Fiets","Fiets","Flank","Rechte weg",50,"Niet brandend","Daglicht","Droog","Brug/viaduct","600581645","Nieuwe Dukenburgseweg","Nijmegen","Nijmegen","Gelderland",false,51.817817,5.813539,"injury","2","clear",false,1,"GM0268"
"20230066749",2023,"Uitsluitend materiele schade",2,"Personenauto","Fiets","Flank","Rechte weg",50,"Niet brandend","Daglicht","Droog",\N,\N,"Schoollaan","Bennebroek","Bloemendaal","Noord-Holland",false,52.321271,4.601207,"material damage only","4","clear",false,1,"GM0377"
"20230019150",2023,"Uitsluitend materiele schade",3,"Personenauto","Fiets","Onbekend","Rechte weg",50,"Niet brandend","Daglicht","Droog","Bus-/Tramhalte","315326007","Hessenweg","Stoutenburg","Leusden","Utrecht",false,52.157413,5.427848,"material damage only","4","clear",false,1,"GM0327"
"20230023690",2023,"Letsel",2,"Personenauto","Fiets","Flank","Rechte weg",50,"Brandend","Duisternis","Droog",\N,"600100371","Koningin Julianaweg","'s-Gravenzande","Westland","Zuid-Holland",false,51.998956,4.172728,"injury","2","clear",false,1,"GM1783"
"20230025467",2023,"Uitsluitend materiele schade",2,"Personenauto","Fiets","Flank","Kruispunt, 4 takken",50,"Niet brandend","Schemer","Droog",\N,\N,"Dordtsestraatweg","Rotterdam","Rotterdam","Zuid-Holland",false,51.880398,4.506601,"material damage only","4","clear",false,1,"GM0599"
"20240026188",2024,"Letsel",2,"Fiets","Fiets","Flank","Rechte weg",50,"Niet brandend","Daglicht","Droog",\N,"600872130","Verlengde Hereweg","Groningen","Groningen","Groningen",false,53.190879,6.584151,"injury","2","clear",false,1,"GM0014"
"20230020887",2023,"Uitsluitend materiele schade",2,"Personenauto","Fiets","Flank","Kruispunt, 4 takken",30,"Brandend","Schemer","Droog",\N,\N,"Piet Mondriaanstraat","Amsterdam","Amsterdam","Noord-Holland",false,52.36589,4.840432,"material damage only","4","clear",false,1,"GM0363"
"20230024923",2023,"Uitsluitend materiele schade",2,"Personenauto","e-bike","Flank","Rotonde",50,"Niet brandend","Daglicht","Droog",\N,\N,"Aveling","Hoogvliet Rotterdam","Rotterdam","Zuid-Holland",false,51.858003,4.359889,"material damage only","4","clear",false,1,"GM0599"
"20230074632",2023,"Letsel",2,"Motor","Fiets","Frontaal","Rechte weg",70,"Niet brandend","Daglicht","Droog",\N,"282284001","Lekdijk","Schalkwijk","Houten","Utrecht",false,51.965503,5.200424,"injury","2","clear",false,1,"GM0321"
"20230022598",2023,"Letsel",3,"Fiets","Fiets","Onbekend","Rechte weg",50,"Niet brandend","Daglicht","Droog",\N,"150290006","Lange Broekweg","Naaldwijk","Westland","Zuid-Holland",false,51.989193,4.226351,"injury","2","clear",false,1,"GM1783"
"20230024968",2023,"Letsel",3,"Personenauto","Fiets","Onbekend","Rechte weg",80,"Niet aanwezig","Daglicht","Droog",\N,\N,"FIETSPAD","Clinge","Hulst","Zeeland",false,51.262795,4.069789,"injury","2","clear",false,1,"GM0677"
"20240027613",2024,"Uitsluitend materiele schade",1,"Fiets",\N,"Onbekend","Rechte weg",50,"Niet brandend","Daglicht","Droog",\N,"279354038","Brinklaan","Bussum","Gooise Meren","Noord-Holland",false,52.281403,5.162512,"material damage only","4","clear",false,1,"GM1942"
"20240028933",2024,"Letsel",2,"Personenauto","Fiets","Flank",\N,50,"Niet brandend","Daglicht","Droog",\N,"500354059","Wegtersweg","Hengelo","Hengelo (O)","Overijssel",false,52.272861,6.781382,"injury","2","clear",false,1,\N
"20230030699",2023,"Letsel",1,"Fiets",\N,"Eenzijdig","Rechte weg",60,"Niet aanwezig","Daglicht","Droog",\N,"600812916","Knokerdweg","Uden","Maashorst","Noord-Brabant",false,51.628295,5.628017,"injury","2","clear",false,1,"GM1991"
"20230032600",2023,"Uitsluitend materiele schade",2,"Personenauto","Fiets","Flank","Rechte weg",50,"Niet brandend","Daglicht","Droog",\N,"351195007","Boekelseweg","Gemert","Gemert-Bakel","Noord-Brabant",false,51.569804,5.68836,"material damage only","4","clear",false,1,"GM1652"
"20230067070",2023,"Letsel",2,"Bromfiets","Fiets","Frontaal","Rechte weg",30,"Niet brandend","Daglicht","Droog","Tunnel","600214343","Sint Aagtendijk","Beverwijk","Beverwijk","Noord-Holland",false,52.478631,4.684241,"injury","2","clear",false,1,"GM0375"
"20240030444",2024,"Letsel",2,"Bromfiets","Fiets","Flank","Kruispunt, 3 takken",30,"Niet brandend","Daglicht","Droog",\N,\N,"Zijldijk","Leiderdorp","Leiderdorp","Zuid-Holland",false,52.169306,4.516115,"injury","2","clear",false,1,"GM0547"
"20230017506",2023,"Letsel",1,"Fiets",\N,"Eenzijdig","Rechte weg",50,"Brandend","Duisternis","Droog",\N,"210376065","Teding van Berkhoutstr","Haarlem","Haarlem","Noord-Holland",false,52.379842,4.655152,"injury","2","clear",false,1,"GM0392"
"20230025005",2023,"Uitsluitend materiele schade",2,"Personenauto","Fiets","Los voorwerp","Kruispunt, 4 takken",30,"Brandend","Duisternis","Droog",\N,\N,"Maeterlinckweg","Rotterdam","Rotterdam","Zuid-Holland",false,51.871601,4.528834,"material damage only","4","clear",false,1,"GM0599"
"20230025566",2023,"Uitsluitend materiele schade",2,"Personenauto","Fiets","Onbekend","Kruispunt, 4 takken",50,"Brandend","Duisternis","Droog",\N,\N,"Brede Hilledijk","Rotterdam","Rotterdam","Zuid-Holland",false,51.903023,4.497048,"material damage only","4","clear",false,1,"GM0599"
"20230067256",2023,"Uitsluitend materiele schade",2,"Personenauto","e-bike","Frontaal","Rechte weg",60,"Niet brandend","Daglicht","Droog",\N,"235541003","Postweg","De Cocksdorp","Texel","Noord-Holland",false,53.12974,4.840297,"material damage only","4","clear",false,1,"GM0448"
"20230067670",2023,"Letsel",2,"Bromfiets","Fiets","Flank","Kruispunt, 4 takken",30,"Brandend","Duisternis","Droog",\N,\N,"Zuidsingel","Amersfoort","Amersfoort","Utrecht",false,52.157205,5.393096,"injury","2","clear",false,1,"GM0307"
"20240031848",2024,"Letsel",2,\N,"Fiets","Geparkeerd voertuig","Rechte weg",30,"Niet brandend","Daglicht","Droog",\N,"600731397","Molenlaan","Rotterdam","Rotterdam","Zuid-Holland",false,51.955449,4.514277,"injury","2","clear",false,1,"GM0599"
"20230069744",2023,"Uitsluitend materiele schade",2,"e-bike","Personenauto","Flank","Kruispunt, 4 takken",50,"Niet brandend","Daglicht","Droog",\N,\N,"Spui","'s-Gravenhage","'s-Gravenhage","Zuid-Holland",false,52.075106,4.319546,"material damage only","4","clear",false,1,"GM0518"
"20230076510",2023,"Uitsluitend materiele schade",2,"Bromfiets","Fiets","Flank","Rechte weg",50,"Niet brandend","Daglicht","Droog",\N,"234440049","Dirk Camphuysenstraat","Heerhugowaard","Dijk en Waard","Noord-Holland",false,52.667523,4.829985,"material damage only","4","clear",false,1,"GM1980"
"20230013513",2023,"Uitsluitend materiele schade",2,"Personenauto","Fiets","Kop/staart","Rotonde",50,"Brandend","Duisternis","Regen",\N,\N,"Diekjansweg","Rijssen","Rijssen-Holten","Overijssel",false,52.300781,6.501,"material damage only","4","rain",false,1,"GM1742"
"20230015275",2023,"Letsel",2,"Personenauto","Fiets","Flank","Rechte weg",60,"Niet brandend","Daglicht","Droog",\N,"225425008","Boekelerweg","Zuidschermer","Alkmaar","Noord-Holland",false,52.600372,4.775191,"injury","2","clear",false,1,"GM0361"
"20230029032",2023,"Letsel",1,"Fiets",\N,"Eenzijdig","Rechte weg",50,"Niet brandend","Daglicht","Droog",\N,"180274058","Beukelsdijk","Rotterdam","Rotterdam","Zuid-Holland",false,51.919978,4.449311,"injury","2","clear",false,1,"GM0599"
"20240028869",2024,"Letsel",1,"Fiets",\N,"Onbekend","Rechte weg",50,"Niet brandend","Daglicht","Droog",\N,\N,"Witmos","Houten","Houten","Utrecht",false,52.01723,5.194608,"injury","2","clear",false,1,"GM0321"
"20230077359",2023,"Letsel",1,"Fiets",\N,"Eenzijdig",\N,50,"Niet aanwezig","Daglicht","Droog",\N,"601072694","Oranjedijk","Hoek van Holland","Rotterdam","Zuid-Holland",false,51.950772,4.200093,"injury","2","clear",false,1,"GM0599"
"20230015860",2023,"Uitsluitend materiele schade",2,"Personenauto","Fiets","Onbekend","Kruispunt, 4 takken",30,"Niet brandend","Daglicht","Droog",\N,"287375038","Randstad 22","Almere","Almere","Flevoland",false,52.379042,5.225209,"material damage only","4","clear",false,1,"GM0034"
"20230026760",2023,"Uitsluitend materiele schade",2,"Personenauto","Fiets","Flank","Rotonde",50,"Niet brandend","Daglicht","Regen",\N,\N,"Ringbaan Oost","Goes","Goes","Zeeland",false,51.509904,3.902191,"material damage only","4","rain",false,1,"GM0664"
"20230035338",2023,"Letsel",2,"e-bike","e-bike","Kop/staart","Bocht",30,"Niet brandend","Daglicht","Droog",\N,\N,"Gagelvenseweg","Wijchen","Wijchen","Gelderland",false,51.821728,5.73891,"injury","2","clear",false,1,"GM0296"
"20230035816",2023,"Uitsluitend materiele schade",2,"Fiets","Voetganger","Voetganger","Rechte weg",30,"Niet aanwezig","Daglicht","Droog",\N,"417349028","Rielerweg","Deventer","Deventer","Overijssel",false,52.259148,6.175241,"material damage only","4","clear",false,1,"GM0150"
"20230068281",2023,"Letsel",2,"Fiets","e-bike","Kop/staart","Kruispunt, 4 takken",50,"Niet brandend","Daglicht","Droog",\N,\N,"Sumatrastraat","Leiden","Leiden","Zuid-Holland",false,52.161541,4.512152,"injury","2","clear",false,1,"GM0546"
"20230078347",2023,"Letsel",2,"Personenauto","Fiets","Onbekend","Rotonde",50,"Niet brandend","Daglicht","Droog",\N,\N,"Zijde","Boskoop","Alphen aan den Rijn","Zuid-Holland",false,52.074674,4.653532,"injury","2","clear",false,1,"GM0484"
"20230078483",2023,"Uitsluitend materiele schade",2,"Personenauto","Fiets","Flank","Rechte weg",50,"Niet brandend","Daglicht","Droog",\N,"600920471","Carolina MacGillavrylaan","Amsterdam","Amsterdam","Noord-Holland",false,52.357834,4.942506,"material damage only","4","clear",false,1,"GM0363"
"20240031226",2024,"Uitsluitend materiele schade",2,"Personenauto","e-bike","Flank","Rechte weg, gescheiden rijbanen",30,"Niet brandend","Daglicht","Droog",\N,"229371092","Tussen Meer","Amsterdam","Amsterdam","Noord-Holland",false,52.358442,4.80161,"material damage only","4","clear",false,1,"GM0363"
"20230014171",2023,"Uitsluitend materiele schade",2,"Personenauto","Fiets","Flank","Rotonde",50,"Niet brandend","Daglicht","Droog",\N,\N,"Jan Th. Tooroplaan","Ede","Ede","Gelderland",false,52.024756,5.659834,"material damage only","4","clear",false,1,"GM0228"
"20230014758",2023,"Letsel",2,"Fiets","Fiets","Onbekend","Rechte weg",30,"Niet brandend","Daglicht","Droog",\N,"407406177","Vechtstraat","Zwolle","Zwolle","Overijssel",false,52.515382,6.107511,"injury","2","clear",false,1,"GM0193"
"20230017615",2023,"Letsel",2,"Personenauto","Fiets","Flank","Rotonde",30,"Niet brandend","Daglicht","Droog",\N,\N,"Spoorsingel","Beverwijk","Beverwijk","Noord-Holland",false,52.483251,4.667943,"injury","2","clear",false,1,"GM0375"
"20240026757",2024,"Uitsluitend materiele schade",2,"Fiets","Personenauto","Flank","Kruispunt, 3 takken",50,"Niet aanwezig","Daglicht","Regen",\N,\N,"Koematen","Steenwijk","Steenwijkerland","Overijssel",false,52.777265,6.094726,"material damage only","4","rain",false,1,"GM1708"
"20230030849",2023,"Uitsluitend materiele schade",2,"Personenauto","Fiets","Flank","Kruispunt, 4 takken",30,"Niet brandend","Daglicht","Droog",\N,\N,"Willem Prinzenstraat","Helmond","Helmond","Noord-Brabant",false,51.484411,5.669892,"material damage only","4","clear",false,1,"GM0794"
"20240029256",2024,"Letsel",2,"Snorfiets","Fiets","Frontaal","Rechte weg",30,"Brandend","Duisternis","Droog",\N,"406402036","Zwarteweg","Zwolle","Zwolle","Overijssel",false,52.497897,6.097132,"injury","2","clear",false,1,"GM0193"
"20240030058",2024,"Letsel",1,"Fiets",\N,"Onbekend","Rechte weg",50,"Niet brandend","Daglicht","Droog",\N,"601101197","Hobbemaplein","'s-Gravenhage","'s-Gravenhage","Zuid-Holland",false,52.067169,4.297663,"injury","2","clear",false,1,"GM0518"
"20230069022",2023,"Letsel",1,"Fiets",\N,"Eenzijdig","Rechte weg",\N,"Niet brandend","Daglicht","Droog",\N,"187326096","Korevaarstraat","Leiden","Leiden","Zuid-Holland",false,52.156226,4.493171,"injury","2","clear",false,1,"GM0546"
"20230075177",2023,"Letsel",2,"Personenauto","e-bike","Flank","Rotonde",50,"Niet brandend","Daglicht","Droog",\N,\N,"Laan van Kanaän","Beverwijk","Beverwijk","Noord-Holland",false,52.493812,4.65289,"injury","2","clear",false,1,"GM0375"
"20230075278",2023,"Uitsluitend materiele schade",2,"Personenauto","Fiets","Flank","Rotonde",30,"Niet brandend","Daglicht","Droog",\N,\N,"Beek en Daalselaan","Soest","Soest","Utrecht",false,52.187579,5.296247,"material damage only","4","clear",false,1,"GM0342"
"20230075720",2023,"Letsel",2,"Scootmobiel","Fiets","Flank","Rotonde",50,"Niet brandend","Daglicht","Droog",\N,\N,"Churchilllaan","Purmerend","Purmerend","Noord-Holland",false,52.507119,4.967287,"injury","2","clear",false,1,"GM0439"
"20230072997",2023,"Uitsluitend materiele schade",2,"Personenauto","Fiets","Flank","Kruispunt, 3 takken",50,"Brandend","Schemer","Droog",\N,\N,"Rosendaalseweg","Arnhem","Arnhem","Gelderland",false,51.994663,5.933361,"material damage only","4","clear",false,1,"GM0202"
"20240026061",2024,"Uitsluitend materiele schade",1,"Fiets",\N,"Eenzijdig","Rechte weg",50,"Niet brandend","Daglicht","Regen","Brug/viaduct","600667617","Burg Matsersingel","Arnhem","Arnhem","Gelderland",false,51.951382,5.886471,"material damage only","4","rain",false,1,"GM0202"