"accident_id","year","severity_raw","party_count","party1_type","party2_type","accident_type","road_situation","speed_limit_kmh","road_lighting","light_condition_label","weather_raw","infra_type","road_segment_id","street_name","place_name","gemeente_name_raw","province","alcohol_indicated","latitude","longitude","severity_label","severity_code","weather_label","built_up_area","cyclists_involved","gemeente_code"
"20230094018",2023,"Uitsluitend materiele schade",2,"Personenauto","Fiets","Flank","Kruispunt, 4 takken",50,"Brandend","Duisternis","Droog",\N,\N,"D S M weg","Coevorden","Coevorden","Drenthe",false,52.667394,6.726216,"material damage only","4","clear",false,1,"GM0109"
"20230098675",2023,"Letsel",1,"Fiets",\N,"Eenzijdig","Rechte weg",50,"Brandend","Duisternis","Regen",\N,"600608807","Geldropsedijk","Nuenen","Nuenen, Gerwen en Nederwetten","Noord-Brabant",false,51.461237,5.542472,"injury","2","rain",false,1,"GM0820"
"20230099349",2023,"Uitsluitend materiele schade",3,"Fiets","Fiets","Onbekend","Rechte weg",\N,"Niet brandend","Schemer","Droog",\N,"345173031","Dkn van der Hagenstraat","Helmond","Helmond","Noord-Brabant",false,51.47206,5.646554,"material damage only","4","clear",false,1,"GM0794"
"20230099614",2023,"Letsel",3,"Personenauto","Fiets","Onbekend","Kruispunt, 3 takken",50,"Brandend","Duisternis","Droog",\N,\N,"Merwedelaan","'s-Hertogenbosch","'s-Hertogenbosch","Noord-Brabant",false,51.688631,5.324682,"injury","2","clear",false,1,"GM0796"
"20230101250",2023,"Letsel",2,"Fiets","Bestelauto","Eenzijdig","Rechte weg",50,"Niet brandend","Daglicht","Droog",\N,"187347043","Gieterij","Noordwijkerhout","Noordwijk","Zuid-Holland",false,52.2498,4.493075,"injury","2","clear",false,1,"GM0575"
"20230082349",2023,"Uitsluitend materiele schade",2,"Personenauto","Fiets","Flank","Rotonde",50,"Niet brandend","Daglicht","Droog",\N,\N,"St.Pieterstraat","Kerkrade","Kerkrade","Limburg",false,50.878596,6.062926,"material damage only","4","clear",false,1,"GM0928"
"20230083526",2023,"Uitsluitend materiele schade",2,"Personenauto","Fiets","Flank","Rechte weg",50,"Niet brandend","Daglicht","Droog",\N,"601024736","Stationsweg","Winschoten","Oldambt","Groningen",false,53.139765,7.033062,"material damage only","4","clear",false,1,"GM1895"
"20230086973",2023,"Uitsluitend materiele schade",3,"Personenauto","Fiets","Flank","Rechte weg",50,"Niet brandend","Daglicht","Regen",\N,"600613692","Grote Woerdlaan","Naaldwijk","Westland","Zuid-Holland",false,52.002551,4.206733,"material damage only","4","rain",false,1,"GM1783"
"20230091137",2023,"Uitsluitend materiele schade",2,"Bromfiets","Fiets","Onbekend","Rechte weg",50,"Niet brandend","Daglicht","Droog",\N,"600928994","Franciscus Romanusweg","Maastricht","Maastricht","Limburg",false,50.859703,5.69895,"material damage only","4","clear",false,1,"GM0935"
"20230092330",2023,"Uitsluitend materiele schade",2,"Fiets","Personenauto","Frontaal","Kruispunt, 3 takken",30,"Niet brandend","Schemer","Regen",\N,\N,"Hescheweg","Oss","Oss","Noord-Brabant",false,51.747447,5.532922,"material damage only","4","rain",false,1,"GM0828"
"20230098718",2023,"Uitsluitend materiele schade",2,"Personenauto","Fiets","Flank","Rotonde",50,"Brandend","Schemer","Regen",\N,\N,"Koninginnelaan","Roermond","Roermond","Limburg",false,51.184176,6.000458,"material damage only","4","rain",false,1,"GM0957"
"20230102098",2023,"Letsel",3,"Fiets","Personenauto","Onbekend","Rechte weg",50,\N,"Daglicht",\N,\N,"184333032","Lijtweg","Oegstgeest","Oegstgeest","Zuid-Holland",false,52.184036,4.470413,"injury","2","unknown",false,1,"GM0579"
"20230087591",2023,"Uitsluitend materiele schade",2,"Snorfiets","Fiets","Flank","Kruispunt, 4 takken",50,"Niet brandend","Daglicht","Regen",\N,\N,"Plesmanlaan","Amsterdam","Amsterdam","Noord-Holland",false,52.349339,4.804067,"material damage only","4","rain",false,1,"GM0363"
"20230105244",2023,"Uitsluitend materiele schade",3,"Personenauto","Fiets","Los voorwerp","Rechte weg",50,"Niet brandend","Daglicht","Droog",\N,"484371045","Bornsestraat","Almelo","Almelo","Overijssel",false,52.351095,6.666803,"material damage only","4","clear",false,1,"GM0141"
"20230087057",2023,"Uitsluitend materiele schade",2,"Personenauto","Fiets","Geparkeerd voertuig","Rechte weg",30,"Niet brandend","Daglicht","Droog",\N,"196350087","Berkhoutlaan","Lisse","Lisse","Zuid-Holland",false,52.262215,4.55255,"material damage only","4","clear",false,1,"GM0553"
"20230090625",2023,"Letsel",2,"Fiets","Fiets","Onbekend","Rechte weg",50,"Niet brandend","Daglicht","Droog",\N,\N,"de Zaale","Eindhoven","Eindhoven","Noord-Brabant",false,51.448362,5.490979,"injury","2","clear",false,1,"GM0772"
"20230092387",2023,"Uitsluitend materiele schade",2,"Personenauto","Fiets","Onbekend","Rechte weg",50,"Niet aanwezig","Daglicht","Regen",\N,\N,"Europaplein","Gennep","Gennep","Limburg",false,51.698009,5.97116,"material damage only","4","rain",false,1,"GM0907"
"20230092398",2023,"Uitsluitend materiele schade",2,"Personenauto","Fiets","Frontaal","Kruispunt, 3 takken",50,"Brandend","Daglicht","Droog",\N,\N,"Poststraat","Venray","Venray","Limburg",false,51.524381,5.977235,"material damage only","4","clear",false,1,"GM0984"
"20230097602",2023,"Uitsluitend materiele schade",2,"Fiets","Bromfiets","Flank","Rechte weg",30,"Brandend","Schemer","Regen",\N,\N,"Het Laagt","Amsterdam","Amsterdam","Noord-Holland",false,52.396539,4.940027,"material damage only","4","rain",false,1,"GM0363"
"20230106639",2023,"Letsel",2,"Personenauto","Fiets","Flank","Rechte weg",50,"Brandend","Duisternis","Droog",\N,"189274033","Oostzeedijk","Rotterdam","Rotterdam","Zuid-Holland",false,51.920975,4.508497,"injury","2","clear",false,1,"GM0599"
"20230087692",2023,"Uitsluitend materiele schade",3,"Personenauto","Fiets","Flank","Kruispunt, 4 takken",50,"Brandend","Duisternis","Droog",\N,\N,"Korte Marnixstraat","Amsterdam","Amsterdam","Noord-Holland",true,52.384738,4.883173,"material damage only","4","clear",false,1,"GM0363"
"20230089455",2023,"Uitsluitend materiele schade",2,"Fiets","Fiets","Onbekend","Rechte weg",50,"Niet brandend","Schemer","Droog",\N,"600909958","Boezemweg","Rotterdam","Rotterdam","Zuid-Holland",false,51.924323,4.495901,"material damage only","4","clear",false,1,"GM0599"
"20230090641",2023,"Uitsluitend materiele schade",2,"Personenauto","Fiets","Flank","Kruispunt, 3 takken",60,"Niet brandend","Daglicht","Droog",\N,\N,"Griendtsveenseweg","Helenaveen","Deurne","Noord-Brabant",false,51.445781,5.875547,"material damage only","4","clear",false,1,"GM0762"
"20230095304",2023,"Letsel",3,"Fiets","Fiets","Kop/staart","Rechte weg",30,"Niet brandend","Daglicht","Droog",\N,"208373038","Engelandlaan","Haarlem","Haarlem","Noord-Holland",false,52.365563,4.643709,"injury","2","clear",false,1,"GM0392"
"20230095878",2023,"Uitsluitend materiele schade",2,"Personenauto","Fiets","Flank","Kruispunt, 3 takken",30,"Niet brandend","Daglicht","Regen",\N,\N,"Prof. H. Bavinckstraat","Utrecht","Utrecht","Utrecht",false,52.120141,5.074329,"material damage only","4","rain",false,1,"GM0344"
"20230098822",2023,"Letsel",3,"Fiets","Fiets","Onbekend","Rechte weg",50,"Niet brandend","Daglicht","Droog",\N,"600486734","Laan der 4 Heemskinderen","Geldrop","Geldrop-Mierlo","Noord-Brabant",false,51.417337,5.567987,"injury","2","clear",false,1,"GM1771"
"20230101043",2023,"Uitsluitend materiele schade",2,"Personenauto","Fiets","Flank","Rotonde",50,"Niet brandend","Daglicht","Regen",\N,\N,"Melis Stokelaan","'s-Gravenhage","'s-Gravenhage","Zuid-Holland",false,52.052494,4.291401,"material damage only","4","rain",false,1,"GM0518"
"20230103714",2023,"Uitsluitend materiele schade",2,"Bromfiets","Fiets","Kop/staart","Rechte weg",50,"Niet brandend","Daglicht","Droog",\N,"600727712","Eendrachtsplein","Rotterdam","Rotterdam","Zuid-Holland",false,51.916353,4.473363,"material damage only","4","clear",false,1,"GM0599"
"20230097084",2023,"Letsel",2,"Personenauto","Fiets","Flank","Kruispunt, 3 takken",30,"Niet brandend","Daglicht","Droog",\N,\N,"Molengracht","Den Helder","Den Helder","Noord-Holland",false,52.963705,4.765767,"injury","2","clear",false,1,"GM0400"
"20230080761",2023,"Uitsluitend materiele schade",2,"Personenauto","e-bike","Flank","Kruispunt, 4 takken",50,"Niet brandend","Daglicht","Droog",\N,\N,"Schimmelpennincklaan","Gorinchem","Gorinchem","Zuid-Holland",false,51.83901,4.948951,"material damage only","4","clear",false,1,"GM0512"
"20230092482",2023,"Uitsluitend materiele schade",2,"Personenauto","e-bike","Flank","Rotonde",50,"Niet brandend","Daglicht","Droog",\N,\N,"Bredalaan","Eindhoven","Eindhoven","Noord-Brabant",false,51.438348,5.444223,"material damage only","4","clear",false,1,"GM0772"
"20230093645",2023,"Uitsluitend materiele schade",3,"Fiets","Personenauto","Los voorwerp","Kruispunt, 4 takken",50,"Niet brandend","Daglicht","Regen",\N,\N,"Wiekslag","Heerenveen","Heerenveen","Friesland",false,52.952648,5.915082,"material damage only","4","rain",false,1,"GM0074"
"20230102741",2023,"Letsel",2,"Personenauto","e-bike","Flank","Kruispunt, 4 takken",\N,"Brandend","Duisternis","Droog",\N,\N,"Escamplaan","'s-Gravenhage","'s-Gravenhage","Zuid-Holland",false,52.065277,4.279105,"injury","2","clear",false,1,"GM0518"
"20230102783",2023,"Letsel",2,"Personenauto","Fiets","Flank","Kruispunt, 4 takken",50,"Brandend","Duisternis","Harde windstoten/Regen",\N,\N,"Loosduinseweg","'s-Gravenhage","'s-Gravenhage","Zuid-Holland",false,52.070542,4.283057,"injury","2","unknown",false,1,"GM0518"
"20230103836",2023,"Uitsluitend materiele schade",2,"Bestelauto","Fiets","Frontaal","Kruispunt, 3 takken",30,"Brandend","Duisternis","Droog",\N,\N,"Faberstraat","Enschede","Enschede","Overijssel",false,52.226944,6.911466,"material damage only","4","clear",false,1,"GM0153"
"20230084952",2023,"Letsel",2,"Fiets","Personenauto","Flank","Rechte weg",50,"Brandend","Duisternis","Droog",\N,\N,"Borculoseweg","Groenlo","Oost Gelre","Gelderland",false,52.043931,6.6098,"injury","2","clear",false,1,"GM1586"
"20230093716",2023,"Uitsluitend materiele schade",2,"Bromfiets","Fiets","Frontaal","Rechte weg",30,"Niet brandend","Daglicht","Droog",\N,"600692116","Kamperpad","Zwolle","Zwolle","Overijssel",false,52.514921,6.07106,"material damage only","4","clear",false,1,"GM0193"
"20230094313",2023,"Letsel",2,"Personenauto","Fiets","Flank","Kruispunt, 3 takken",80,"Brandend","Duisternis","Regen",\N,\N,"Westerdijk","Ryptsjerk","Tytsjerksteradiel","Friesland",false,53.232013,5.903294,"injury","2","rain",false,1,"GM0737"
"20230097771",2023,"Uitsluitend materiele schade",4,"Fiets","Fiets","Onbekend","Rechte weg",30,"Niet brandend","Daglicht","Droog",\N,"600752947","Molentochtpad","Alkmaar","Alkmaar","Noord-Holland",false,52.662036,4.761876,"material damage only","4","clear",false,1,"GM0361"
"20230102365",2023,"Letsel",2,"Bestelauto","e-bike","Eenzijdig","Kruispunt, 4 takken",50,"Brandend","Duisternis","Droog",\N,\N,"Sartoriusstraat","Noordwijk","Noordwijk","Zuid-Holland",false,52.240069,4.450285,"injury","2","clear",false,1,"GM0575"
"20230102830",2023,"Letsel",3,"Fiets",\N,"Eenzijdig","Rechte weg",30,"Niet brandend","Daglicht","Droog",\N,"154304173","Architect Duikerstraat","'s-Gravenhage","'s-Gravenhage","Zuid-Holland",false,52.055363,4.257365,"injury","2","clear",false,1,"GM0518"
"20230107246",2023,"Uitsluitend materiele schade",3,"Personenauto","Fiets","Onbekend","Rechte weg",50,"Brandend","Duisternis","Droog",\N,"600729864","Veemstraat","Rotterdam","Rotterdam","Zuid-Holland",false,51.906067,4.49439,"material damage only","4","clear",false,1,"GM0599"
"20230082673",2023,"Uitsluitend materiele schade",2,"Personenauto","Fiets","Flank","Rotonde",50,"Brandend","Duisternis","Droog",\N,\N,"Vlierstraat","Enschede","Enschede","Overijssel",false,52.197854,6.896253,"material damage only","4","clear",false,1,"GM0153"
"20230083236",2023,"Letsel",2,"Personenauto","Fiets","Los voorwerp","Rotonde",50,"Niet brandend","Daglicht","Droog",\N,\N,"Overstichtlaan","Deventer","Deventer","Overijssel",false,52.270819,6.155057,"injury","2","clear",false,1,"GM0150"
"20230083789",2023,"Letsel",2,"Bromfiets","Fiets","Kop/staart","Kruispunt, 3 takken",30,"Niet brandend","Daglicht","Droog",\N,\N,"Westerhaven","Groningen","Groningen","Groningen",false,53.214225,6.555803,"injury","2","clear",false,1,"GM0014"
"20230087863",2023,"Letsel",2,"Personenauto","Fiets","Flank","Kruispunt, 4 takken",30,"Niet brandend","Daglicht","Regen",\N,\N,"Valeriusplein","Amsterdam","Amsterdam","Noord-Holland",false,52.352889,4.864045,"injury","2","rain",false,1,"GM0363"
"20230090218",2023,"Letsel",2,"Personenauto","Fiets","Flank","Kruispunt, 3 takken",30,"Niet brandend","Daglicht","Droog",\N,\N,"Hengelolaan","'s-Gravenhage","'s-Gravenhage","Zuid-Holland",false,52.040094,4.254734,"injury","2","clear",false,1,"GM0518"
"20230094332",2023,"Uitsluitend materiele schade",3,"Personenauto","Fiets","Los voorwerp","Kruispunt, 4 takken",50,"Brandend","Duisternis","Droog",\N,\N,"Jan Steenstraat","Nijverdal","Hellendoorn","Overijssel",false,52.358342,6.467422,"material damage only","4","clear",false,1,"GM0163"
"20230106487",2023,"Uitsluitend materiele schade",1,"e-bike",\N,"Onbekend","Kruispunt, 3 takken",50,"Brandend","Schemer","Droog",\N,\N,"Sint Servatiusstraat","Weert","Weert","Limburg",false,51.248827,5.711638,"material damage only","4","clear",false,1,"GM0988"
"20230082697",2023,"Uitsluitend materiele schade",2,"Fiets","Bromfiets","Frontaal","Rechte weg",80,"Niet brandend","Duisternis","Droog",\N,"600543768","Lochemseweg","Markelo","Hof van Twente","Overijssel",false,52.189591,6.500292,"material damage only","4","clear",false,1,"GM1735"
"20230083247",2023,"Letsel",2,"Bestelauto","Fiets","Eenzijdig","Rotonde",50,"Niet brandend","Daglicht","Droog",\N,\N,"Hierdenseweg","Harderwijk","Harderwijk","Gelderland",false,52.348434,5.623524,"injury","2","clear",false,1,"GM0243"
"20230083839",2023,"Uitsluitend materiele schade",2,"Personenauto","Fiets","Onbekend","Rechte weg",60,"Niet aanwezig","Daglicht","Droog",\N,"409565001","Nonnepaed","Kootstertille","Achtkarspelen","Friesland",false,53.225018,6.130735,"material damage only","4","clear",false,1,"GM0059"
"20230088512",2023,"Letsel",2,"Bromfiets","Fiets","Frontaal","Rechte weg",30,"Niet brandend","Daglicht","Droog",\N,"203272054","Krimpenerbosweg","Krimpen aan den IJssel","Krimpen aan den IJssel","Zuid-Holland",false,51.913215,4.617538,"injury","2","clear",false,1,"GM0542"
"20230102424",2023,"Letsel",2,"Fiets","Fiets","Onbekend","Rechte weg",30,"Brandend","Duisternis","Droog",\N,"188326007","Zoeterwoudsesingel","Leiden","Leiden","Zuid-Holland",false,52.152943,4.49843,"injury","2","clear",false,1,"GM0546"
"20230082168",2023,"Uitsluitend materiele schade",2,"Personenauto","Fiets","Flank","Rechte weg",30,"Niet brandend","Daglicht","Droog",\N,"398046007","Graaf Johan Frederikstr","Landgraaf","Landgraaf","Limburg",false,50.899173,6.017761,"material damage only","4","clear",false,1,"GM0882"
"20230087970",2023,"Uitsluitend materiele schade",2,"Personenauto","Fiets","Flank","Kruispunt, 3 takken",50,"Niet brandend","Daglicht","Regen",\N,\N,"Hobbemakade","Amsterdam","Amsterdam","Noord-Holland",false,52.350004,4.88582,"material damage only","4","rain",false,1,"GM0363"
"20230079842",2023,"Uitsluitend materiele schade",2,"Personenauto","Fiets","Flank","Kruispunt, 4 takken",50,"Niet brandend","Daglicht","Droog",\N,\N,"Walenburgerweg","Rotterdam","Rotterdam","Zuid-Holland",false,51.928695,4.466637,"material damage only","4","clear",false,1,"GM0599"
"20230082194",2023,"Uitsluitend materiele schade",2,"Personenauto","Fiets","Onbekend","Kruispunt, 3 takken",50,"Niet brandend","Daglicht","Droog",\N,\N,"Panhuisstraat","Amstenrade","Beekdaelen","Limburg",false,50.939925,5.918453,"material damage only","4","clear",false,1,"GM1954"
"20230083376",2023,"Uitsluitend materiele schade",2,"Personenauto","Fiets","Flank","Kruispunt, 3 takken",50,"Niet brandend","Daglicht","Droog",\N,\N,"Haaksbergseweg","Neede","Berkelland","Gelderland",false,52.135472,6.627139,"material damage only","4","clear",false,1,"GM1859"
"20230090974",2023,"Uitsluitend materiele schade",2,"Personenauto","Fiets","Flank","Bocht",50,"Niet brandend","Daglicht","Droog",\N,"304229060","Laaghemaal","Rosmalen","'s-Hertogenbosch","Noord-Brabant",false,51.719626,5.34706,"material damage only","4","clear",false,1,"GM0796"
"20230086296",2023,"Uitsluitend materiele schade",2,"Personenauto","Fiets","Frontaal","Kruispunt, 3 takken",30,"Brandend","Duisternis","Droog",\N,\N,"Weidebloemenlaan","Woerden","Woerden","Utrecht",false,52.08085,4.859565,"material damage only","4","clear",false,1,"GM0632"
"20230089792",2023,"Letsel",2,"Bromfiets","Fiets","Flank","Kruispunt, 4 takken",30,"Niet aanwezig","Daglicht","Droog",\N,\N,"Haaswijkweg West","Dordrecht","Dordrecht","Zuid-Holland",false,51.799612,4.703488,"injury","2","clear",false,1,"GM0505"
"20230090397",2023,"Letsel",2,"Personenauto","e-bike","Flank","Kruispunt, 3 takken",30,"Niet brandend","Duisternis","Regen",\N,\N,"Van Essendijk","'s-Gravenhage","'s-Gravenhage","Zuid-Holland",false,52.031808,4.366327,"injury","2","rain",false,1,"GM0518"
"20230104081",2023,"Uitsluitend materiele schade",2,"Personenauto","Fiets","Flank","Rechte weg",50,"Niet brandend","Daglicht","Droog",\N,"380282159","Kronenburgpassage","Arnhem","Arnhem","Gelderland",false,51.959584,5.896977,"material damage only","4","clear",false,1,"GM0202"
"20230080503",2023,"Uitsluitend materiele schade",2,"Personenauto","Fiets","Flank","Bocht",30,"Niet brandend","Daglicht","Droog",\N,"269194051","Koestraat","Tilburg","Tilburg","Noord-Brabant",false,51.562046,5.092895,"material damage only","4","clear",false,1,"GM0855"
"20230087492",2023,"Uitsluitend materiele schade",1,"Fiets",\N,"Flank","Rotonde",\N,"Niet aanwezig","Daglicht","Regen",\N,\N,"Jan Evertsenstraat","Amsterdam","Amsterdam","Noord-Holland",false,52.370482,4.831416,"material damage only","4","rain",false,1,"GM0363"
"20220004596",2022,"Uitsluitend materiele schade",2,"Personenauto","Fiets","Flank","Kruispunt, 3 takken",50,"Niet brandend","Daglicht","Droog",\N,\N,"St. Annastraat","Nijmegen","Nijmegen","Gelderland",false,51.83481,5.859236,"material damage only","4","clear",false,1,"GM0268"
"20220000455",2022,"Uitsluitend materiele schade",2,"Fiets","Bestelauto","Flank","Rotonde",50,"Niet brandend","Daglicht","Droog",\N,\N,"Haskeruitgang","Heerenveen","Heerenveen","Friesland",false,52.953926,5.919078,"material damage only","4","clear",false,1,"GM0074"
"20220008470",2022,"Uitsluitend materiele schade",2,"Bromfiets","Fiets","Onbekend","Rechte weg",\N,"Niet aanwezig","Daglicht","Droog",\N,"262314028","Muziekplein","Utrecht","Utrecht","Utrecht",false,52.10091,5.042332,"material damage only","4","clear",false,1,"GM0344"
"20220005624",2022,"Letsel",2,"e-bike","Fiets","Onbekend","Rechte weg",50,"Niet brandend","Daglicht","Droog",\N,"461370017","Boomcateweg","Nijverdal","Hellendoorn","Overijssel",false,52.351845,6.4963,"injury","2","clear",false,1,"GM0163"
"20220107441",2022,"Uitsluitend materiele schade",3,"Personenauto","Fiets","Onbekend","Kruispunt, 4 takken",50,"Brandend","Duisternis","Droog",\N,\N,"Burg Van Haarenlaan","Schiedam","Schiedam","Zuid-Holland",false,51.920934,4.3847,"material damage only","4","clear",false,1,"GM0606"
"20220101651",2022,"Letsel",2,"Personenauto","Fiets","Flank","Rotonde",50,"Niet brandend","Daglicht","Droog",\N,\N,"Hertog Aalbrechtweg","Alkmaar","Alkmaar","Noord-Holland",false,52.643229,4.765026,"injury","2","clear",false,1,"GM0361"
"20230002118",2023,"Dodelijk",1,"Fiets",\N,"Eenzijdig",\N,60,\N,"Daglicht",\N,\N,"501367015","Bornsestraat","Saasveld","Dinkelland","Overijssel",false,52.336044,6.796452,"fatal","1","unknown",false,1,"GM1774"
"20220082590",2022,"Uitsluitend materiele schade",2,"Personenauto","Fiets","Flank","Kruispunt, 4 takken",50,"Niet brandend","Daglicht","Droog",\N,\N,"Prinses Beatrixlaan","'s-Gravenhage","'s-Gravenhage","Zuid-Holland",false,52.07989,4.334693,"material damage only","4","clear",false,1,"GM0518"
"20220046324",2022,"Letsel",2,"Bromfiets","Fiets","Frontaal","Rechte weg",30,"Niet brandend","Daglicht","Droog","Tunnel","409406088","TESSELSCHADETUNNEL","Zwolle","Zwolle","Overijssel",false,52.514014,6.120134,"injury","2","clear",false,1,"GM0193"
"20220056343",2022,"Letsel",2,"Bestelauto","Fiets","Flank","Kruispunt, 4 takken",50,"Niet brandend","Daglicht","Droog",\N,\N,"Vaartdreef","Zoetermeer","Zoetermeer","Zuid-Holland",false,52.064841,4.502969,"injury","2","clear",false,1,"GM0637"
"20220079756",2022,"Letsel",1,"Fiets",\N,"Eenzijdig","Rechte weg",15,"Niet brandend","Daglicht","Droog",\N,\N,"Harmenjansweg","Haarlem","Haarlem","Noord-Holland",false,52.383435,4.644207,"injury","2","clear",false,1,"GM0392"
"20220084733",2022,"Letsel",2,"Personenauto","Fiets","Kop/staart","Kruispunt, 4 takken",50,"Niet brandend","Daglicht",\N,\N,\N,"Parklaan","Rotterdam","Rotterdam","Zuid-Holland",false,51.9082,4.477425,"injury","2","unknown",false,1,"GM0599"
"20220093380",2022,"Letsel",5,"Bromfiets","Fiets","Frontaal","Rechte weg",50,"Niet brandend","Daglicht","Droog","Tunnel","600815930","Lemmerweg","Sneek","Súdwest-Fryslân","Friesland",false,53.022019,5.654754,"injury","2","clear",false,1,"GM1900"
"20220031624",2022,"Uitsluitend materiele schade",1,"Fiets",\N,"Eenzijdig","Kruispunt, 3 takken",60,"Niet brandend","Daglicht",\N,\N,\N,"Bukel","Sint Geertruid","Eijsden-Margraten","Limburg",false,50.789348,5.759383,"material damage only","4","unknown",false,1,"GM1903"
"20220041408",2022,"Uitsluitend materiele schade",2,"Personenauto","Fiets","Flank","Kruispunt, 4 takken",50,"Niet brandend","Daglicht","Droog",\N,\N,"De Vos van Steenwijklaan","Hoogeveen","Hoogeveen","Drenthe",false,52.725437,6.499707,"material damage only","4","clear",false,1,"GM0118"
"20220047791",2022,"Uitsluitend materiele schade",2,"Personenauto","Fiets","Onbekend","Kruispunt, 3 takken",30,"Niet brandend","Daglicht","Droog",\N,\N,"Hierdenseweg","Harderwijk","Harderwijk","Gelderland",false,52.348333,5.624622,"material damage only","4","clear",false,1,"GM0243"
"20220077778",2022,"Uitsluitend materiele schade",2,"Fiets","Personenauto","Onbekend",\N,\N,\N,"Daglicht",\N,\N,"600644442","Heideweg","Amersfoort","Amersfoort","Utrecht",false,52.188801,5.417492,"material damage only","4","unknown",false,1,"GM0307"
"20220078229",2022,"Uitsluitend materiele schade",2,"Bestelauto","Fiets","Frontaal","Kruispunt, 3 takken",50,"Niet brandend","Daglicht","Droog",\N,"275352010","Noordermeent","Hilversum","Hilversum","Noord-Holland",false,52.273474,5.137186,"material damage only","4","clear",false,1,"GM0402"
"20220019818",2022,"Uitsluitend materiele schade",2,"Personenauto","Fiets","Flank","Rotonde",50,"Niet brandend","Daglicht","Droog",\N,\N,"Olympiaweg","Hillegom","Hillegom","Zuid-Holland",false,52.285598,4.584943,"material damage only","4","clear",false,1,"GM0534"
"20220037633",2022,"Letsel",3,"Personenauto","Fiets","Los voorwerp","Rotonde",50,"Niet brandend","Schemer","Droog",\N,\N,"Hekelingseweg","Spijkenisse","Nissewaard","Zuid-Holland",false,51.841723,4.330762,"injury","2","clear",false,1,"GM1930"
"20220041448",2022,"Uitsluitend materiele schade",2,"Snorfiets","Fiets","Flank","Kruispunt, 4 takken",30,"Niet brandend","Daglicht","Droog",\N,\N,"BOTERINGEBRUG","Groningen","Groningen","Groningen",false,53.221475,6.562599,"material damage only","4","clear",false,1,"GM0014"
"20220078353",2022,"Uitsluitend materiele schade",2,"Personenauto","Fiets","Flank","Rotonde",50,"Niet brandend","Daglicht","Droog",\N,\N,"Waddenzeestraat","Den Helder","Den Helder","Noord-Holland",false,52.945224,4.742763,"material damage only","4","clear",false,1,"GM0400"
"20220080810",2022,"Uitsluitend materiele schade",2,"Personenauto","Fiets","Flank","Kruispunt, 3 takken",50,"Niet brandend","Daglicht","Droog",\N,\N,"Bob Haarmslaan","Amsterdam","Amsterdam","Noord-Holland",false,52.369771,4.968477,"material damage only","4","clear",false,1,"GM0363"
"20220083801",2022,"Letsel",2,"Fiets","Personenauto","Flank","Kruispunt, 4 takken",50,"Niet brandend","Daglicht","Regen",\N,\N,"Dobbelaan","Leidschendam","Leidschendam-Voorburg","Zuid-Holland",false,52.093445,4.391028,"injury","2","rain",false,1,"GM1916"
"20220087754",2022,"Uitsluitend materiele schade",2,"Snorfiets","Fiets","Onbekend","Rechte weg",\N,"Niet brandend","Daglicht","Droog",\N,"600727490","Flaneerdijk","Roosendaal","Roosendaal","Noord-Brabant",false,51.522186,4.483253,"material damage only","4","clear",false,1,"GM1674"
"20220089737",2022,"Uitsluitend materiele schade",2,"Bromfiets","Fiets","Kop/staart","Rechte weg",30,"Niet brandend","Daglicht","Droog",\N,"600499053","President Rooseveltlaan","Helmond","Helmond","Noord-Brabant",false,51.48143,5.636987,"material damage only","4","clear",false,1,"GM0794"
"20220031908",2022,"Uitsluitend materiele schade",2,"Bestelauto","Fiets","Flank","Rotonde",50,\N,"Daglicht","Regen",\N,\N,"Krommezijl","Leeuwarden","Leeuwarden","Friesland",false,53.183023,5.831901,"material damage only","4","rain",false,1,"GM0080"
"20220046625",2022,"Uitsluitend materiele schade",2,"Bromfiets","Fiets","Flank","Rechte weg",60,"Niet brandend","Daglicht","Droog",\N,"349246022","Lagestraat","Niftrik","Wijchen","Gelderland",false,51.800644,5.679474,"material damage only","4","clear",false,1,"GM0296"
"20220068488",2022,"Uitsluitend materiele schade",2,"Personenauto","Fiets","Flank","Kruispunt, 4 takken",30,"Niet brandend","Daglicht","Droog",\N,\N,"Donderbergweg","Roermond","Roermond","Limburg",false,51.185973,6.010943,"material damage only","4","clear",false,1,"GM0957"
"20220093978",2022,"Uitsluitend materiele schade",2,"Personenauto","Fiets","Flank","Rotonde",50,"Niet brandend","Daglicht","Droog",\N,\N,"Veenderweg","Ede","Ede","Gelderland",false,52.038828,5.650135,"material damage only","4","clear",false,1,"GM0228"
"20220039752",2022,"Uitsluitend materiele schade",2,"Personenauto","Fiets","Flank","Kruispunt, 4 takken",50,"Niet brandend","Daglicht","Droog",\N,\N,"Kruidenlaan","Venray","Venray","Limburg",false,51.528709,5.987099,"material damage only","4","clear",false,1,"GM0984"