"accident_id","year","severity_raw","party_count","party1_type","party2_type","accident_type","road_situation","speed_limit_kmh","road_lighting","light_condition_label","weather_raw","infra_type","road_segment_id","street_name","place_name","gemeente_name_raw","province","alcohol_indicated","latitude","longitude","severity_label","severity_code","weather_label","built_up_area","cyclists_involved","gemeente_code"
"20240024253",2024,"Letsel",2,"Bestelauto","Fiets","Onbekend","Kruispunt, 3 takken",30,"Niet brandend","Daglicht","Regen",\N,\N,"Molenweg","Asten","Asten","Noord-Brabant",false,51.406961,5.74196,"injury","2","rain",false,1,"GM0743"
"20240015154",2024,"Uitsluitend materiele schade",2,"Fiets","Bestelauto","Flank","Kruispunt, 4 takken",50,"Niet brandend","Daglicht","Droog",\N,\N,"Zwaluwenlaan","Vlaardingen","Vlaardingen","Zuid-Holland",false,51.931254,4.359287,"material damage only","4","clear",false,1,"GM0622"
"20240047628",2024,"Letsel",2,"e-bike","e-bike","Flank","Kruispunt, 4 takken",30,"Niet brandend","Daglicht","Droog",\N,\N,"Oenemastate","Leeuwarden","Leeuwarden","Friesland",false,53.214334,5.833654,"injury","2","clear",false,1,"GM0080"
"20240017571",2024,"Letsel",2,"Personenauto","Fiets","Flank","Kruispunt, 4 takken",50,"Niet brandend","Daglicht","Droog",\N,\N,"Noorderdwarsvaart","Drachten","Smallingerland","Friesland",false,53.115907,6.107577,"injury","2","clear",false,1,"GM0090"
"20240020258",2024,"Uitsluitend materiele schade",2,"Snorfiets","Fiets","Flank","Rechte weg",30,"Niet brandend","Daglicht","Regen",\N,"240375090","Frederik Hendrikplnts","Amsterdam","Amsterdam","Noord-Holland",false,52.378112,4.876278,"material damage only","4","rain",false,1,"GM0363"
"20240037352",2024,"Letsel",2,"Personenauto","Fiets","Flank","Kruispunt, 4 takken",50,"Niet brandend","Daglicht","Regen",\N,\N,"van Limburg Stirumlaan","Hoogezand","Midden-Groningen","Groningen",false,53.155319,6.741359,"injury","2","rain",false,1,"GM1952"
"20240039569",2024,"Letsel",2,"Fiets","Overig vast object","Vast voorwerp","Rechte weg",30,"Niet aanwezig","Daglicht","Droog",\N,"180335011","Tulpenstraat","Rijnsburg","Katwijk","Zuid-Holland",false,52.192439,4.439743,"injury","2","clear",false,1,"GM0537"
"20240009158",2024,"Uitsluitend materiele schade",2,"Personenauto","Fiets","Flank","Kruispunt, 4 takken",50,"Brandend","Duisternis","Droog",\N,\N,"Plein 1944","Nijmegen","Nijmegen","Gelderland",false,51.84598,5.861778,"material damage only","4","clear",false,1,"GM0268"
"20240036303",2024,"Uitsluitend materiele schade",2,"Personenauto","Fiets","Frontaal","Bocht",30,"Niet brandend","Daglicht","Regen",\N,"601244189","Parkweg","Enschede","Enschede","Overijssel",false,52.220787,6.878728,"material damage only","4","rain",false,1,"GM0153"
"20240023516",2024,"Uitsluitend materiele schade",2,"Fiets","Personenauto","Flank","Kruispunt, 4 takken",50,"Niet brandend","Daglicht","Droog",\N,\N,"Mgr Nolenslaan","Schiedam","Schiedam","Zuid-Holland",false,51.919376,4.385432,"material damage only","4","clear",false,1,"GM0606"
"20240032334",2024,"Letsel",2,"Bromfiets","Fiets","Flank","Rechte weg",30,"Niet brandend","Daglicht","Droog",\N,"187327129","Aalmarkt","Leiden","Leiden","Zuid-Holland",false,52.159273,4.490779,"injury","2","clear",false,1,"GM0546"
"20240027956",2024,"Uitsluitend materiele schade",2,"Personenauto","Fiets","Onbekend","Kruispunt, 3 takken",30,"Brandend","Schemer","Regen",\N,\N,"Tuinstraat","Den Helder","Den Helder","Noord-Holland",false,52.949684,4.759192,"material damage only","4","rain",false,1,"GM0400"
"20240032812",2024,"Letsel",1,"Fiets",\N,"Onbekend","Rechte weg",50,"Niet brandend","Daglicht","Droog",\N,"155309057","Goudenregenstraat","'s-Gravenhage","'s-Gravenhage","Zuid-Holland",false,52.077069,4.263414,"injury","2","clear",false,1,"GM0518"
"20240039220",2024,"Letsel",2,"Personenauto","Fiets","Flank","Rotonde",50,"Niet brandend","Daglicht","Droog",\N,\N,"Langerakbaan","De Meern","Utrecht","Utrecht",false,52.089336,5.04336,"injury","2","clear",false,1,"GM0344"
"20240039221",2024,"Letsel",3,"Fiets","Personenauto","Vast voorwerp","Kruispunt, 4 takken",30,"Niet aanwezig","Daglicht","Droog",\N,\N,"Quirinus de Palmelaan","Leerdam","Vijfheerenlanden","Utrecht",false,51.891928,5.080167,"injury","2","clear",false,1,"GM1961"
"20240035864",2024,"Uitsluitend materiele schade",2,"Bestelauto","Fiets","Flank","Kruispunt, 4 takken",50,"Niet brandend","Daglicht","Droog",\N,\N,"Schipholtstraat","Enschede","Enschede","Overijssel",false,52.208252,6.964764,"material damage only","4","clear",false,1,"GM0153"
"20240035873",2024,"Uitsluitend materiele schade",2,"Personenauto","Fiets","Onbekend","Rotonde",50,"Niet brandend","Daglicht","Droog",\N,\N,"STEENWIJK 6","Steenwijk","Steenwijkerland","Overijssel",false,52.800268,6.125598,"material damage only","4","clear",false,1,"GM1708"
"20240035909",2024,"Letsel",1,"Fiets",\N,"Eenzijdig","Rechte weg",50,"Brandend","Duisternis","Droog",\N,"600836827","Sonsbeekweg","Arnhem","Arnhem","Gelderland",false,51.987484,5.907051,"injury","2","clear",false,1,"GM0202"
"20240039561",2024,"Uitsluitend materiele schade",2,"Personenauto","Fiets","Flank","Rotonde",80,"Niet brandend","Daglicht","Droog",\N,\N,"Burgemeester vd Goeslaan","De Lier","Westland","Zuid-Holland",false,51.985507,4.283925,"material damage only","4","clear",false,1,"GM1783"
"20240020822",2024,"Letsel",1,"Fiets",\N,"Onbekend","Rechte weg",30,"Niet brandend","Daglicht","Droog",\N,"184325026","Cornelis Schuytlaan","Leiden","Leiden","Zuid-Holland",false,52.149374,4.470744,"injury","2","clear",false,1,"GM0546"
"20240039888",2024,"Letsel",2,"Fiets","Fiets","Flank","Bocht",50,"Niet brandend","Daglicht","Droog",\N,\N,"Koningsplein","'s-Gravenhage","'s-Gravenhage","Zuid-Holland",false,52.079718,4.288847,"injury","2","clear",false,1,"GM0518"
"20240039959",2024,"Letsel",2,"Fiets","Vrachtauto","Kop/staart","Kruispunt, 3 takken",50,"Niet brandend","Daglicht","Droog","Tunnel",\N,"Schenkkade","'s-Gravenhage","'s-Gravenhage","Zuid-Holland",false,52.077777,4.335123,"injury","2","clear",false,1,"GM0518"
"20220158030",2022,"Letsel",2,"Personenauto","Fiets","Frontaal","Kruispunt, 4 takken",30,"Niet brandend","Daglicht","Droog",\N,\N,"van Schravendijkplein","Vlaardingen","Vlaardingen","Zuid-Holland",false,51.91293,4.340782,"injury","2","clear",false,1,"GM0622"
"20220173221",2022,"Uitsluitend materiele schade",2,"Snorfiets","Fiets","Frontaal","Rechte weg",\N,"Brandend","Duisternis","Droog",\N,"600787689","Spoorbaanpad","Almere","Almere","Flevoland",false,52.385372,5.267907,"material damage only","4","clear",false,1,"GM0034"
"20220174521",2022,"Uitsluitend materiele schade",2,"Personenauto","Fiets","Onbekend","Rotonde",50,"Niet brandend","Daglicht","Droog",\N,\N,"Keern","Medemblik","Medemblik","Noord-Holland",false,52.766864,5.103914,"material damage only","4","clear",false,1,"GM0420"
"20220175698",2022,"Letsel",3,"Fiets","Trekker","Flank","Rechte weg",30,"Niet brandend","Daglicht","Droog",\N,"224431065","Limmerhoek","Alkmaar","Alkmaar","Noord-Holland",false,52.628028,4.754318,"injury","2","clear",false,1,"GM0361"
"20220181429",2022,"Letsel",2,"Fiets","Fiets","Onbekend","Rechte weg",30,"Brandend","Duisternis","Droog",\N,"600155464","Dedemsvaartweg","'s-Gravenhage","'s-Gravenhage","Zuid-Holland",false,52.041013,4.278579,"injury","2","clear",false,1,"GM0518"
"20220183820",2022,"Letsel",3,"Bromfiets","Fiets","Onbekend","Rechte weg",50,"Brandend","Duisternis","Droog",\N,"600729093","Blaak","Rotterdam","Rotterdam","Zuid-Holland",false,51.919285,4.48864,"injury","2","clear",false,1,"GM0599"
"20220114731",2022,"Letsel",2,"Personenauto","Fiets","Flank","Kruispunt, 4 takken",50,"Niet brandend","Daglicht","Droog",\N,\N,"Ribesstraat","Leeuwarden","Leeuwarden","Friesland",false,53.213536,5.818209,"injury","2","clear",false,1,"GM0080"
"20220152805",2022,"Letsel",2,"Bestelauto","Fiets","Flank","Rotonde",50,"Niet brandend","Daglicht","Droog",\N,\N,"Deurningerstraat","Hengelo","Hengelo (O)","Overijssel",false,52.288239,6.820443,"injury","2","clear",false,1,\N
"20220160056",2022,"Uitsluitend materiele schade",2,"Personenauto","Fiets","Flank","Kruispunt, 4 takken",50,"Brandend","Duisternis","Droog",\N,\N,"Deltaweg","Helmond","Helmond","Noord-Brabant",false,51.472139,5.700085,"material damage only","4","clear",false,1,"GM0794"
"20220161141",2022,"Uitsluitend materiele schade",2,"Personenauto","e-bike","Flank","Kruispunt, 3 takken",30,"Niet brandend","Daglicht","Droog",\N,\N,"de Schans","Leek","Noordenveld","Drenthe",false,53.161958,6.393232,"material damage only","4","clear",false,1,"GM1699"
"20220167022",2022,"Uitsluitend materiele schade",2,"Personenauto","Fiets","Onbekend","Kruispunt, 4 takken",30,"Niet brandend","Daglicht","Droog",\N,\N,"Rijnlaan","Zwolle","Zwolle","Overijssel",false,52.538557,6.096902,"material damage only","4","clear",false,1,"GM0193"
"20220174642",2022,"Uitsluitend materiele schade",3,"Personenauto","Fiets","Vast voorwerp","Bocht",50,\N,"Daglicht","Regen",\N,"229434058","Middenweg","Heerhugowaard","Dijk en Waard","Noord-Holland",false,52.642522,4.795059,"material damage only","4","rain",false,1,"GM1980"
"20220179039",2022,"Letsel",1,"Fiets",\N,"Eenzijdig","Rechte weg",30,"Niet brandend","Daglicht","Droog",\N,"186328014","Steenstraat","Leiden","Leiden","Zuid-Holland",false,52.163322,4.484478,"injury","2","clear",false,1,"GM0546"
"20220180192",2022,"Letsel",3,"Personenauto","Fiets","Onbekend","Rechte weg",50,"Niet aanwezig","Daglicht","Droog","Bus-/Tramhalte","211341017","Kerklaan","Leimuiden","Kaag en Braassem","Zuid-Holland",false,52.221452,4.666369,"injury","2","clear",false,1,"GM1884"
"20220184772",2022,"Letsel",2,"Personenauto","Fiets","Onbekend","Rechte weg",30,"Brandend","Duisternis","Droog",\N,"600743931","Talmaweg","Dordrecht","Dordrecht","Zuid-Holland",false,51.792194,4.668385,"injury","2","clear",false,1,"GM0505"
"20220185730",2022,"Uitsluitend materiele schade",2,"Trekker","Fiets","Flank","Kruispunt, 3 takken",50,"Niet brandend","Daglicht","Droog",\N,\N,"Goorweg","Baarle-Nassau","Baarle-Nassau","Noord-Brabant",false,51.448454,4.917418,"material damage only","4","clear",false,1,"GM0744"
"20220121855",2022,"Uitsluitend materiele schade",2,"Personenauto","Fiets","Flank","Rechte weg",15,"Niet brandend","Daglicht","Droog",\N,"223432232","Gedempte Nieuwesloot","Alkmaar","Alkmaar","Noord-Holland",false,52.63194,4.748526,"material damage only","4","clear",false,1,"GM0361"
"20220126706",2022,"Uitsluitend materiele schade",2,"Personenauto","Fiets","Flank","Kruispunt, 4 takken",50,"Niet brandend","Daglicht","Droog",\N,\N,"Ruijsdaelstraat","'s-Gravenhage","'s-Gravenhage","Zuid-Holland",false,52.070182,4.300633,"material damage only","4","clear",false,1,"GM0518"
"20220140437",2022,"Uitsluitend materiele schade",2,"Bestelauto","Fiets","Onbekend","Rechte weg",50,"Niet brandend","Daglicht",\N,\N,"227503018","Ruyghweg","Den Helder","Den Helder","Noord-Holland",false,52.952649,4.774697,"material damage only","4","unknown",false,1,"GM0400"
"20220157136",2022,"Letsel",2,"Bromfiets","Fiets","Eenzijdig","Kruispunt, 3 takken",50,"Niet brandend","Daglicht","Droog",\N,\N,"Zuidelijke Dwarsweg","Zevenhuizen","Zuidplas","Zuid-Holland",false,51.98809,4.599062,"injury","2","clear",false,1,"GM1892"
"20220174721",2022,"Letsel",2,"Personenauto","e-bike","Flank","Rotonde",50,"Niet brandend","Daglicht","Regen",\N,\N,"Geestweg","Zuid-Scharwoude","Dijk en Waard","Noord-Holland",false,52.690575,4.803126,"injury","2","rain",false,1,"GM1980"
"20220116509",2022,"Uitsluitend materiele schade",2,"Bestelauto","Fiets","Flank","Kruispunt, 3 takken",50,"Niet brandend","Daglicht","Droog",\N,\N,"Fabriekstraat","Renkum","Renkum","Gelderland",false,51.971387,5.726197,"material damage only","4","clear",false,1,"GM0274"
"20220124578",2022,"Uitsluitend materiele schade",2,"Personenauto","Fiets","Onbekend","Rotonde",50,"Niet brandend","Daglicht","Regen",\N,\N,"Slachthuisstraat","'s-Gravenhage","'s-Gravenhage","Zuid-Holland",false,52.064989,4.323278,"material damage only","4","rain",false,1,"GM0518"
"20220125906",2022,"Letsel",2,"Fiets","Bromfiets","Onbekend","Kruispunt, 4 takken",\N,"Niet brandend","Daglicht","Droog",\N,\N,"Laan van Overvest","Delft","Delft","Zuid-Holland",false,52.012402,4.35215,"injury","2","clear",false,1,"GM0503"
"20220126728",2022,"Letsel",2,"Personenauto","e-bike","Flank","Rechte weg",50,"Niet brandend","Daglicht","Droog",\N,\N,"Hovenierstraat","Naaldwijk","Westland","Zuid-Holland",false,52.004885,4.209214,"injury","2","clear",false,1,"GM1783"
"20220132008",2022,"Letsel",2,"e-bike","Personenauto","Flank","Rotonde",50,"Niet brandend","Daglicht","Droog",\N,\N,"Schijndelseweg","Boxtel","Boxtel","Noord-Brabant",false,51.591813,5.329852,"injury","2","clear",false,1,"GM0757"
"20220137907",2022,"Uitsluitend materiele schade",2,"Bromfiets","Fiets","Frontaal","Rechte weg",60,"Niet brandend","Daglicht","Droog",\N,"600659017","De Holle Bilt","De Bilt","De Bilt","Utrecht",false,52.104083,5.186106,"material damage only","4","clear",false,1,"GM0310"
"20220156226",2022,"Letsel",1,"Fiets",\N,"Eenzijdig","Rechte weg",30,"Niet brandend","Daglicht","Droog",\N,"163310123","Lage Zand","'s-Gravenhage","'s-Gravenhage","Zuid-Holland",false,52.078579,4.320795,"injury","2","clear",false,1,"GM0518"
"20220161370",2022,"Uitsluitend materiele schade",2,"Bromfiets","Fiets","Flank","Rechte weg",50,"Niet brandend","Daglicht",\N,\N,"600383193","1e Drift Ged. Zuiderdiep","Groningen","Groningen","Groningen",false,53.21493,6.569541,"material damage only","4","unknown",false,1,"GM0014"
"20220168536",2022,"Uitsluitend materiele schade",2,"Personenauto","Fiets","Onbekend","Kruispunt, 4 takken",50,"Niet brandend","Daglicht","Droog",\N,\N,"Dorpsstraat","Vaassen","Epe","Gelderland",false,52.290051,5.96874,"material damage only","4","clear",false,1,"GM0232"
"20220178570",2022,"Uitsluitend materiele schade",2,"Bromfiets","Fiets","Flank","Rechte weg",50,"Niet brandend","Daglicht","Droog",\N,"164309076","Lekstraat","'s-Gravenhage","'s-Gravenhage","Zuid-Holland",false,52.077786,4.327114,"material damage only","4","clear",false,1,"GM0518"
"20220197785",2022,"Letsel",2,"Bestelauto","Fiets","Frontaal","Rechte weg",50,"Brandend","Duisternis","Droog",\N,"600884274","Kanaalstraat","Enschede","Enschede","Overijssel",true,52.222439,6.861234,"injury","2","clear",false,1,"GM0153"
"20220119274",2022,"Uitsluitend materiele schade",2,"Motor","Fiets","Flank","Rechte weg",60,"Niet brandend","Daglicht","Droog",\N,\N,"Peppelendijk","Zutphen","Zutphen","Gelderland",false,52.114799,6.209032,"material damage only","4","clear",false,1,"GM0301"
"20220128329",2022,"Letsel",2,"Personenauto","Fiets","Flank","Kruispunt, 3 takken",50,"Niet brandend","Daglicht","Droog",\N,\N,"Diepenbrockstraat","Schiedam","Schiedam","Zuid-Holland",false,51.928571,4.371621,"injury","2","clear",false,1,"GM0606"
"20220142198",2022,"Letsel",2,"Snorfiets","Fiets","Flank","Kruispunt, 3 takken",30,"Niet brandend","Daglicht","Droog",\N,\N,"Sarphatistraat","Amsterdam","Amsterdam","Noord-Holland",false,52.36055,4.905198,"injury","2","clear",false,1,"GM0363"
"20220178675",2022,"Letsel",2,"Fiets","Fiets","Kop/staart","Rechte weg",80,"Brandend","Duisternis","Droog",\N,"164289010","Kerkpolderweg","Delft","Delft","Zuid-Holland",false,51.985549,4.328806,"injury","2","clear",false,1,"GM0503"
"20220198313",2022,"Uitsluitend materiele schade",2,"Personenauto","Fiets","Flank","Kruispunt, 3 takken",30,"Brandend","Duisternis","Droog",\N,\N,"Dotterlaan","Arnhem","Arnhem","Gelderland",false,51.966682,5.905308,"material damage only","4","clear",false,1,"GM0202"
"20220129492",2022,"Uitsluitend materiele schade",2,"Personenauto","Fiets","Flank","Rotonde",50,"Niet brandend","Daglicht","Droog",\N,\N,"van Hertumweg","Goes","Goes","Zeeland",false,51.496614,3.888732,"material damage only","4","clear",false,1,"GM0664"
"20220136138",2022,"Letsel",2,"Fiets","Fiets","Flank","Kruispunt, 3 takken",30,"Niet brandend","Daglicht","Droog",\N,\N,"Molenstraat","Apeldoorn","Apeldoorn","Gelderland",false,52.212636,5.9811,"injury","2","clear",false,1,"GM0200"
"20220143657",2022,"Letsel",2,"Personenauto","Fiets","Flank","Kruispunt, 4 takken",50,"Niet brandend","Daglicht","Droog",\N,\N,"Warmonderweg","Leiden","Oegstgeest","Zuid-Holland",false,52.176529,4.474379,"injury","2","clear",false,1,"GM0579"
"20220144825",2022,"Uitsluitend materiele schade",2,"Personenauto","Fiets","Flank","Kruispunt, 4 takken",30,"Brandend","Duisternis","Droog",\N,\N,"Oranjelaan","'s-Gravenhage","'s-Gravenhage","Zuid-Holland",false,52.071872,4.321588,"material damage only","4","clear",false,1,"GM0518"
"20220173537",2022,"Letsel",2,"Bromfiets","Fiets","Flank","Kruispunt, 3 takken",50,"Brandend","Schemer","Droog",\N,\N,"Riesenberg","Amersfoort","Amersfoort","Utrecht",false,52.198082,5.411389,"injury","2","clear",false,1,"GM0307"
"20220178266",2022,"Letsel",3,"Motor","Fiets","Los voorwerp","Kruispunt, 3 takken",30,"Niet brandend","Daglicht","Droog",\N,\N,"Gaffelstraat","Amsterdam","Amsterdam","Noord-Holland",false,52.342156,4.9447,"injury","2","clear",false,1,"GM0363"
"20220178279",2022,"Uitsluitend materiele schade",2,"Fiets","Fiets","Flank","Kruispunt, 4 takken",50,"Niet aanwezig","Daglicht","Droog",\N,\N,"Bosboom Toussaintstraat","Amsterdam","Amsterdam","Noord-Holland",false,52.36605,4.87773,"material damage only","4","clear",false,1,"GM0363"
"20220178295",2022,"Letsel",3,"Motor","Fiets","Flank","Rechte weg",50,"Niet brandend","Daglicht","Droog",\N,"244369066","Amsteldijk","Amsterdam","Amsterdam","Noord-Holland",false,52.35067,4.90938,"injury","2","clear",false,1,"GM0363"
"20220180444",2022,"Letsel",1,"Fiets",\N,"Eenzijdig","Rechte weg",50,"Brandend","Duisternis","Droog",\N,"600442981","Leidsevaart","Voorhout","Teylingen","Zuid-Holland",false,52.219966,4.476874,"injury","2","clear",false,1,"GM1525"
"20220198673",2022,"Uitsluitend materiele schade",1,"Fiets",\N,"Eenzijdig","Kruispunt, 4 takken",30,"Niet brandend","Daglicht","Droog",\N,\N,"Zuiderstraat","Almelo","Almelo","Overijssel",false,52.350171,6.661809,"material damage only","4","clear",false,1,"GM0141"
"20220118473",2022,"Uitsluitend materiele schade",2,"Snorfiets","Fiets","Onbekend","Kruispunt, 3 takken",30,"Niet brandend","Daglicht","Droog",\N,\N,"Emmastraat","Enschede","Enschede","Overijssel",false,52.217404,6.883162,"material damage only","4","clear",false,1,"GM0153"
"20220124910",2022,"Uitsluitend materiele schade",2,"Personenauto","Fiets","Onbekend","Rotonde",50,"Niet brandend","Daglicht","Droog",\N,"154300028","De Dreef","'s-Gravenhage","'s-Gravenhage","Zuid-Holland",false,52.034326,4.257538,"material damage only","4","clear",false,1,"GM0518"
"20220135271",2022,"Letsel",2,"Bestelauto","Fiets","Flank","Rechte weg",50,"Niet brandend","Daglicht","Droog",\N,"600886579","Zuiderdiep","2e Exloërmond","Borger-Odoorn","Drenthe",false,52.907189,6.931509,"injury","2","clear",false,1,"GM1681"
"20220156475",2022,"Letsel",2,"Personenauto","Fiets","Flank","Kruispunt, 4 takken",60,"Niet brandend","Daglicht","Droog",\N,\N,"Zwartendijk","Naaldwijk","Westland","Zuid-Holland",false,52.011106,4.197232,"injury","2","clear",false,1,"GM1783"
"20220178871",2022,"Letsel",3,"Snorfiets","Fiets","Onbekend","Rechte weg",30,"Niet brandend","Daglicht","Droog",\N,"600115051","van Pallandtlaan","Sassenheim","Teylingen","Zuid-Holland",false,52.229752,4.52974,"injury","2","clear",false,1,"GM1525"
"20220195474",2022,"Uitsluitend materiele schade",2,"Personenauto","Fiets","Los voorwerp","Kruispunt, 4 takken",50,"Niet brandend","Schemer","Mist",\N,\N,"Nijverheidsstraat","Kerkdriel","Maasdriel","Gelderland",false,51.772552,5.32698,"material damage only","4","fog",false,1,"GM0263"
"20220195715",2022,"Uitsluitend materiele schade",2,"Fiets","Fiets","Flank","Kruispunt, 4 takken",50,"Niet brandend","Daglicht","Droog",\N,\N,"Sloetsweg","Hengelo","Hengelo (O)","Overijssel",false,52.271097,6.80759,"material damage only","4","clear",false,1,\N
"20220138204",2022,"Uitsluitend materiele schade",2,"Personenauto","Fiets","Flank","Rotonde",50,"Niet brandend","Daglicht","Droog",\N,"600526131","Nagelerweg","Emmeloord","Noordoostpolder","Flevoland",false,52.701915,5.7568,"material damage only","4","clear",false,1,"GM0171"
"20220167658",2022,"Uitsluitend materiele schade",2,"Personenauto","Fiets","Frontaal","Kruispunt, 3 takken",30,"Niet brandend","Daglicht","Droog",\N,\N,"Grote Voort","Zwolle","Zwolle","Overijssel",false,52.5134,6.074057,"material damage only","4","clear",false,1,"GM0193"
"20220195933",2022,"Uitsluitend materiele schade",2,"Personenauto","Fiets","Flank","Kruispunt, 4 takken",50,"Niet aanwezig","Daglicht","Droog",\N,\N,"Wethouder Nijhuisstraat","Enschede","Enschede","Overijssel",false,52.218041,6.863452,"material damage only","4","clear",false,1,"GM0153"
"20220196012",2022,"Uitsluitend materiele schade",2,"Vrachtauto","Fiets","Frontaal","Kruispunt, 4 takken",50,"Niet brandend","Daglicht","Droog",\N,\N,"Strooijweg","Bennekom","Ede","Gelderland",false,52.001596,5.675753,"material damage only","4","clear",false,1,"GM0228"
"20220196051",2022,"Uitsluitend materiele schade",3,"Bromfiets","Fiets","Onbekend","Rechte weg",60,"Niet aanwezig","Daglicht","Regen",\N,"600847731","Eperweg","Heerde","Heerde","Gelderland",false,52.378994,6.030724,"material damage only","4","rain",false,1,"GM0246"
"20220194058",2022,"Uitsluitend materiele schade",1,"e-bike",\N,"Kop/staart","Kruispunt, 3 takken",30,"Niet brandend","Daglicht","Droog",\N,\N,"Stationsweg","Drachten","Smallingerland","Friesland",false,53.117451,6.096008,"material damage only","4","clear",false,1,"GM0090"
"20220194247",2022,"Letsel",3,"Fiets","Fiets","Onbekend","Rechte weg",50,"Brandend","Schemer","Mist",\N,"443595009","Wierde","Leens","Het Hogeland","Groningen",false,53.360981,6.388321,"injury","2","fog",false,1,"GM1966"
"20220135345",2022,"Uitsluitend materiele schade",2,"Fiets","Personenauto","Flank","Rechte weg",50,"Niet brandend","Daglicht","Droog",\N,\N,"Twentepoort West","Almelo","Almelo","Overijssel",false,52.330477,6.646963,"material damage only","4","clear",false,1,"GM0141"
"20220143881",2022,"Letsel",1,"Fiets",\N,"Eenzijdig","Rechte weg",50,"Niet brandend","Daglicht","Droog",\N,"170292007","Rotterdamseweg","Delft","Delft","Zuid-Holland",false,51.996888,4.369906,"injury","2","clear",false,1,"GM0503"
"20220155150",2022,"Letsel",2,"Fiets","Personenauto","Flank","Kruispunt, 3 takken",50,"Niet brandend","Daglicht","Droog",\N,\N,"Laan van Straatsburg","Alkmaar","Alkmaar","Noord-Holland",false,52.653225,4.759005,"injury","2","clear",false,1,"GM0361"
"20220157611",2022,"Letsel",2,"Fiets","Overig vast object","Vast voorwerp","Rechte weg",30,"Niet brandend","Daglicht","Droog",\N,"600730683","Hillevliet","Rotterdam","Rotterdam","Zuid-Holland",false,51.897399,4.502153,"injury","2","clear",false,1,"GM0599"
"20220170016",2022,"Uitsluitend materiele schade",2,"Personenauto","e-bike","Flank","Kruispunt, 3 takken",60,"Niet brandend","Daglicht","Droog",\N,\N,"Luttenbergerweg","Hellendoorn","Hellendoorn","Overijssel",false,52.387828,6.437228,"material damage only","4","clear",false,1,"GM0163"
"20220180049",2022,"Letsel",2,"Bromfiets","e-bike","Flank","Kruispunt, 3 takken",30,"Niet brandend","Daglicht","Droog",\N,\N,"Europaweg","Zoetermeer","Zoetermeer","Zuid-Holland",false,52.063473,4.489851,"injury","2","clear",false,1,"GM0637"
"20220194376",2022,"Letsel",2,"Personenauto","Fiets","Flank","Kruispunt, 4 takken",30,"Niet brandend","Daglicht","Droog",\N,\N,"Stationsstraat","Assen","Assen","Drenthe",false,52.992996,6.570513,"injury","2","clear",false,1,"GM0106"
"20220189127",2022,"Uitsluitend materiele schade",2,"Personenauto","Fiets","Flank","Kruispunt, 4 takken",50,"Niet brandend","Daglicht","Droog",\N,\N,"Voltstraat","Deurne","Deurne","Noord-Brabant",false,51.45006,5.799367,"material damage only","4","clear",false,1,"GM0762"
"20220117122",2022,"Letsel",2,"Personenauto","Fiets","Flank","Kruispunt, 4 takken",60,"Niet brandend","Daglicht","Droog",\N,\N,"Houtweg","Oene","Epe","Gelderland",false,52.352403,6.06051,"injury","2","clear",false,1,"GM0232"
"20220123773",2022,"Uitsluitend materiele schade",2,"Personenauto","Fiets","Flank","Kruispunt, 4 takken",30,"Brandend","Duisternis","Droog",\N,\N,"Daniël Stalpertstraat","Amsterdam","Amsterdam","Noord-Holland",false,52.356175,4.890542,"material damage only","4","clear",false,1,"GM0363"
"20220123774",2022,"Uitsluitend materiele schade",3,"Personenauto","Fiets","Los voorwerp","Kruispunt, 4 takken",50,"Niet brandend","Daglicht",\N,\N,\N,"Jan van Galenstraat","Amsterdam","Amsterdam","Noord-Holland",false,52.372737,4.84874,"material damage only","4","unknown",false,1,"GM0363"
"20220131406",2022,"Letsel",3,"Fiets","Fiets","Onbekend","Rechte weg",\N,"Niet brandend","Daglicht","Droog",\N,"600597592","Provincialeweg","Someren","Someren","Noord-Brabant",false,51.382893,5.646499,"injury","2","clear",false,1,"GM0847"
"20220145113",2022,"Letsel",2,"Fiets","Fiets","Onbekend","Rechte weg",50,"Niet brandend","Daglicht","Droog",\N,"600712917","Machiel Vrijenhoeklaan","'s-Gravenhage","'s-Gravenhage","Zuid-Holland",false,52.068517,4.231701,"injury","2","clear",false,1,"GM0518"
"20220146995",2022,"Uitsluitend materiele schade",3,"Personenauto","Fiets","Onbekend","Kruispunt, 4 takken",30,"Niet brandend","Daglicht","Droog",\N,\N,"Irenestraat","St. Willebrord","Rucphen","Noord-Brabant",false,51.557118,4.596752,"material damage only","4","clear",false,1,"GM0840"
"20220164551",2022,"Letsel",2,"e-bike","Fiets","Flank","Kruispunt, 3 takken",30,"Niet brandend","Daglicht","Droog",\N,\N,"Oude Diedenweg","Wageningen","Wageningen","Gelderland",false,51.980063,5.680262,"injury","2","clear",false,1,"GM0289"
"20220167794",2022,"Uitsluitend materiele schade",2,"Bromfiets","Fiets","Frontaal","Rechte weg",30,"Niet brandend","Daglicht","Droog",\N,"476371085","Wierdensestraat","Almelo","Almelo","Overijssel",false,52.354642,6.61116,"material damage only","4","clear",false,1,"GM0141"
"20220173896",2022,"Letsel",1,"Fiets",\N,"Eenzijdig",\N,30,\N,"Daglicht",\N,\N,"265438009","De Huesmolen","Hoorn","Hoorn","Noord-Holland",false,52.657566,5.056433,"injury","2","unknown",false,1,"GM0405"