"accident_id","year","severity_raw","party_count","party1_type","party2_type","accident_type","road_situation","speed_limit_kmh","road_lighting","light_condition_label","weather_raw","infra_type","road_segment_id","street_name","place_name","gemeente_name_raw","province","alcohol_indicated","latitude","longitude","severity_label","severity_code","weather_label","built_up_area","cyclists_involved","gemeente_code"
"20240095356",2024,"Letsel",2,"Personenauto","Fiets","Flank","Kruispunt, 4 takken",30,"Niet brandend","Daglicht","Droog",\N,\N,"Muiderwaard","Alkmaar","Alkmaar","Noord-Holland",false,52.646283,4.753495,"injury","2","clear",false,1,"GM0361"
"20240096996",2024,"Uitsluitend materiele schade",2,"Personenauto","Fiets","Flank","Rotonde",50,"Niet brandend","Daglicht","Droog",\N,\N,"Gijsbrecht van Amstelstr","Hilversum","Hilversum","Noord-Holland",false,52.22086,5.151499,"material damage only","4","clear",false,1,"GM0402"
"20240073552",2024,"Uitsluitend materiele schade",3,"Bestelauto","Fiets","Onbekend","Rotonde",50,"Niet brandend","Daglicht","Droog",\N,\N,"De Koumen","Hoensbroek","Heerlen","Limburg",false,50.908904,5.93764,"material damage only","4","clear",false,1,"GM0917"
"20240081916",2024,"Letsel",2,"Fiets","Fiets","Frontaal","Rechte weg",30,"Brandend","Duisternis","Droog",\N,"176338007","Hoorneslaan","Katwijk","Katwijk","Zuid-Holland",false,52.207918,4.414458,"injury","2","clear",false,1,"GM0537"
"20240082532",2024,"Letsel",2,"Bestelauto","Fiets","Onbekend","Rechte weg",50,"Niet brandend","Daglicht","Droog",\N,"600518524","FIETSPAD","Schinnen","Beekdaelen","Limburg",false,50.937348,5.874331,"injury","2","clear",false,1,"GM1954"
"20240083850",2024,"Uitsluitend materiele schade",2,"Personenauto","Fiets","Flank","Kruispunt, 3 takken",30,"Niet brandend","Daglicht","Droog",\N,\N,"Molenstraat","Berkel-Enschot","Tilburg","Noord-Brabant",false,51.59066,5.143688,"material damage only","4","clear",false,1,"GM0855"
"20240087093",2024,"Letsel",2,"Personenauto","Fiets","Flank","Kruispunt, 4 takken",50,"Niet brandend","Daglicht","Droog",\N,\N,"Biezenweg","Santpoort-Noord","Velsen","Noord-Holland",false,52.4427,4.649313,"injury","2","clear",false,1,"GM0453"
"20240088402",2024,"Letsel",1,"Fiets",\N,"Eenzijdig","Rechte weg",50,"Niet brandend","Daglicht","Droog",\N,"600898618","Weeresteinstraat","Hillegom","Hillegom","Zuid-Holland",false,52.304531,4.584855,"injury","2","clear",false,1,"GM0534"
"20240089040",2024,"Letsel",1,"Fiets",\N,"Onbekend","Rechte weg",60,"Niet brandend","Daglicht","Droog",\N,"233278003","Lekdijk-West","Schoonhoven","Krimpenerwaard","Zuid-Holland",false,51.942176,4.83952,"injury","2","clear",false,1,"GM1931"
"20240100130",2024,"Letsel",1,"Fiets",\N,"Onbekend","Kruispunt, 4 takken",50,"Brandend","Schemer","Droog",\N,\N,"FIETSPAD","Voorschoten","Voorschoten","Zuid-Holland",false,52.146084,4.464184,"injury","2","clear",false,1,"GM0626"
"20240043492",2024,"Letsel",1,"Fiets",\N,"Onbekend","Rechte weg",30,"Niet brandend","Daglicht","Droog",\N,"186328213","REMBRANDTBRUG","Leiden","Leiden","Zuid-Holland",false,52.161167,4.482154,"injury","2","clear",false,1,"GM0546"
"20240074223",2024,"Uitsluitend materiele schade",2,"Personenauto","Fiets","Onbekend","Rechte weg",50,"Niet brandend","Daglicht","Droog",\N,"372039020","Reinaldstraat","Valkenburg","Valkenburg aan de Geul","Limburg",false,50.866685,5.832703,"material damage only","4","clear",false,1,"GM0994"
"20240084552",2024,"Letsel",2,"Personenauto","e-bike","Flank","Kruispunt, 4 takken",80,"Niet brandend","Daglicht","Droog",\N,"530363055","Kroepsweg","de Lutte","Losser","Overijssel",false,52.314559,7.001291,"injury","2","clear",false,1,"GM0168"
"20240085807",2024,"Uitsluitend materiele schade",2,"Fiets","Fiets","Flank","Kruispunt, 3 takken",30,"Niet brandend","Daglicht","Droog",\N,\N,"FIETSPAD","Arnhem","Arnhem","Gelderland",false,51.958055,5.899595,"material damage only","4","clear",false,1,"GM0202"
"20240091675",2024,"Letsel",2,"Personenauto","Fiets","Onbekend","Kruispunt, 4 takken",50,"Niet brandend","Daglicht","Droog",\N,\N,"Sportlaan","Sliedrecht","Sliedrecht","Zuid-Holland",false,51.828527,4.783844,"injury","2","clear",false,1,"GM0610"
"20240099229",2024,"Letsel",1,"Fiets",\N,"Onbekend","Rechte weg",30,"Brandend","Duisternis",\N,"Brug/viaduct","209375004","Zomervaart","Haarlem","Haarlem","Noord-Holland",false,52.376124,4.65343,"injury","2","unknown",false,1,"GM0392"
"20240073613",2024,"Uitsluitend materiele schade",1,"Fiets",\N,"Eenzijdig","Kruispunt, 4 takken",50,"Niet brandend","Daglicht","Regen",\N,\N,"Cabergerweg","Maastricht","Maastricht","Limburg",false,50.854335,5.68399,"material damage only","4","rain",false,1,"GM0935"
"20240086505",2024,"Letsel",1,"Fiets",\N,"Onbekend","Bocht",50,"Niet brandend","Daglicht","Droog",\N,"208378055","Schoterweg","Haarlem","Haarlem","Noord-Holland",false,52.390383,4.640645,"injury","2","clear",false,1,"GM0392"
"20240087824",2024,"Uitsluitend materiele schade",2,"Fiets","Fiets","Frontaal","Rechte weg",30,"Niet aanwezig","Duisternis","Droog",\N,"350322003","Kruisweg","Kootwijkerbroek","Barneveld","Gelderland",false,52.139268,5.682554,"material damage only","4","clear",false,1,"GM0203"
"20240094967",2024,"Uitsluitend materiele schade",2,"e-bike","Personenauto","Flank","Rotonde",50,"Brandend","Duisternis","Droog",\N,\N,"Diepenveenseweg","Deventer","Deventer","Overijssel",false,52.265876,6.155039,"material damage only","4","clear",false,1,"GM0150"
"20240099933",2024,"Letsel",2,"Personenauto","Fiets","Flank","Kruispunt, 3 takken",50,"Niet brandend","Daglicht","Regen",\N,\N,"Heldringstraat","Maassluis","Maassluis","Zuid-Holland",false,51.924809,4.248155,"injury","2","rain",false,1,"GM0556"
"20240079449",2024,"Letsel",2,"Personenauto","Fiets","Flank","Rechte weg",30,"Niet brandend","Daglicht","Droog",\N,"211375070","Vincent van Goghlaan","Haarlem","Haarlem","Noord-Holland",false,52.376769,4.663026,"injury","2","clear",false,1,"GM0392"
"20240095998",2024,"Uitsluitend materiele schade",1,"Fiets",\N,"Onbekend",\N,50,\N,"Daglicht",\N,\N,"600972497","Chopinpad","Almere","Almere","Flevoland",false,52.3672,5.190379,"material damage only","4","unknown",false,1,"GM0034"
"20240096035",2024,"Uitsluitend materiele schade",2,"Personenauto","Fiets","Flank","Kruispunt, 3 takken",50,"Niet brandend","Daglicht","Droog",\N,\N,"Forêtweg","Doorn","Utrechtse Heuvelrug","Utrecht",false,52.041258,5.307114,"material damage only","4","clear",false,1,"GM1581"
"20240100391",2024,"Letsel",1,"Fiets",\N,"Onbekend","Rechte weg",30,"Niet brandend","Daglicht","Droog",\N,\N,"Rokkeveenseweg Zuid","Zoetermeer","Zoetermeer","Zuid-Holland",false,52.0452,4.501181,"injury","2","clear",false,1,"GM0637"
"20240101551",2024,"Uitsluitend materiele schade",2,"Personenauto","Fiets","Frontaal","Kruispunt, 4 takken",50,"Niet brandend","Daglicht","Droog",\N,\N,"Randwycksingel","Maastricht","Maastricht","Limburg",false,50.837907,5.709098,"material damage only","4","clear",false,1,"GM0935"
"20240102314",2024,"Uitsluitend materiele schade",2,"Fiets","Snorfiets","Frontaal","Rotonde",30,"Niet brandend","Daglicht","Droog",\N,\N,"Broekhin Noord","Roermond","Roermond","Limburg",false,51.206146,6.008492,"material damage only","4","clear",false,1,"GM0957"
"20240079530",2024,"Uitsluitend materiele schade",2,"Personenauto","Fiets","Flank","Rotonde",30,"Niet brandend","Daglicht","Droog",\N,\N,"De Savornin Lohmanlaan","Amstelveen","Amstelveen","Noord-Holland",false,52.306281,4.856175,"material damage only","4","clear",false,1,"GM0362"
"20240091774",2024,"Letsel",2,"Fiets","Bromfiets","Flank","Rechte weg",30,"Niet brandend","Daglicht","Droog",\N,"379069079","De Samaritaan","Sittard","Sittard-Geleen","Limburg",false,51.003228,5.880861,"injury","2","clear",false,1,"GM1883"
"20240096055",2024,"Letsel",1,"Fiets",\N,"Onbekend","Kruispunt, 4 takken",30,"Niet brandend","Daglicht","Droog",\N,\N,"Zwaardenburg","Nieuwegein","Nieuwegein","Utrecht",false,52.044278,5.078793,"injury","2","clear",false,1,"GM0356"
"20240101234",2024,"Letsel",2,"Bromfiets","Fiets","Flank","Kruispunt, 4 takken",50,"Niet brandend","Daglicht","Droog","Brug/viaduct",\N,"Kanaalweg","Delft","Delft","Zuid-Holland",false,52.007541,4.366117,"injury","2","clear",false,1,"GM0503"
"20240102875",2024,"Uitsluitend materiele schade",1,"Fiets",\N,"Eenzijdig","Kruispunt, 3 takken",50,"Niet brandend","Daglicht","Droog",\N,\N,"Barrierweg","Eindhoven","Eindhoven","Noord-Brabant",false,51.457471,5.460113,"material damage only","4","clear",false,1,"GM0772"
"20240070555",2024,"Uitsluitend materiele schade",1,"Fiets",\N,"Frontaal","Bocht",15,"Niet brandend","Daglicht","Droog",\N,"221201006","Lunetstraat","Breda","Breda","Noord-Brabant",false,51.596318,4.751244,"material damage only","4","clear",false,1,"GM0758"
"20240072540",2024,"Uitsluitend materiele schade",1,"Fiets",\N,"Eenzijdig","Rechte weg",50,"Niet brandend","Daglicht","Droog",\N,"601249556","Aalsterweg","Eindhoven","Eindhoven","Noord-Brabant",false,51.422655,5.485382,"material damage only","4","clear",false,1,"GM0772"
"20240090539",2024,"Letsel",2,"Fiets","Fiets","Kop/staart","Bocht",60,"Niet brandend","Daglicht","Droog",\N,"221270024","Nieuwe Veer","Streefkerk","Molenlanden","Zuid-Holland",false,51.902385,4.745845,"injury","2","clear",false,1,"GM1978"
"20240091173",2024,"Letsel",2,"Fiets","Snorfiets","Kop/staart","Bocht",30,"Niet brandend","Daglicht","Droog",\N,"600729059","Wilhelminaplein","Rotterdam","Rotterdam","Zuid-Holland",false,51.907813,4.493112,"injury","2","clear",false,1,"GM0599"
"20240091834",2024,"Uitsluitend materiele schade",2,"Personenauto","Fiets","Flank","Rotonde",50,"Niet brandend","Daglicht","Droog",\N,\N,"Spoorstraat","Gennep","Gennep","Limburg",false,51.6942,5.972732,"material damage only","4","clear",false,1,"GM0907"
"20240073194",2024,"Letsel",3,"Fiets","Vrachtauto","Geparkeerd voertuig","Rechte weg",50,"Niet brandend","Daglicht","Droog",\N,"255219006","Heistraat","Sprang-Capelle","Waalwijk","Noord-Brabant",false,51.676475,4.999324,"injury","2","clear",false,1,"GM0867"
"20240086675",2024,"Letsel",3,"Bromfiets","Fiets","Flank","Kruispunt, 4 takken",50,"Niet brandend","Daglicht","Droog",\N,\N,"WILLEM ALEXANDERBRUG","Zaandam","Zaanstad","Noord-Holland",false,52.457737,4.811253,"injury","2","clear",false,1,"GM0479"
"20240086700",2024,"Uitsluitend materiele schade",2,"Personenauto","Fiets","Flank","Rechte weg",30,"Niet brandend","Daglicht","Droog",\N,"601168061","Spijkerboorweg","Haarlem","Haarlem","Noord-Holland",false,52.359443,4.657202,"material damage only","4","clear",false,1,"GM0392"
"20240097265",2024,"Letsel",1,"Fiets",\N,"Eenzijdig","Rechte weg",\N,"Niet brandend","Daglicht","Droog",\N,"199319019","Gemeneweg","Hazerswoude-Rijndijk","Alphen aan den Rijn","Zuid-Holland",false,52.123363,4.584041,"injury","2","clear",false,1,"GM0484"
"20240050178",2024,"Letsel",2,"Personenauto","Fiets","Frontaal","Kruispunt, 3 takken",30,"Niet brandend","Daglicht","Droog",\N,\N,"Oude Haagweg","'s-Gravenhage","'s-Gravenhage","Zuid-Holland",false,52.058378,4.25108,"injury","2","clear",false,1,"GM0518"
"20230051795",2023,"Uitsluitend materiele schade",2,"Personenauto","Fiets","Flank","Kruispunt, 4 takken",50,"Niet brandend","Daglicht","Droog",\N,\N,"Noordeindseweg","Berkel en Rodenrijs","Lansingerland","Zuid-Holland",false,51.998674,4.481338,"material damage only","4","clear",false,1,"GM1621"
"20230054715",2023,"Uitsluitend materiele schade",2,"Personenauto","Fiets","Onbekend","Kruispunt, 4 takken",50,"Niet brandend","Daglicht","Droog",\N,\N,"Europalaan","Eindhoven","Eindhoven","Noord-Brabant",false,51.457158,5.479185,"material damage only","4","clear",false,1,"GM0772"
"20230055297",2023,"Uitsluitend materiele schade",2,"Bromfiets","Fiets","Flank","Rechte weg",30,"Niet brandend","Daglicht","Droog",\N,"364558104","Wirdumerdijk","Leeuwarden","Leeuwarden","Friesland",false,53.200288,5.796956,"material damage only","4","clear",false,1,"GM0080"
"20230037893",2023,"Uitsluitend materiele schade",2,"Personenauto","Fiets","Onbekend","Rotonde",50,"Brandend","Schemer","Droog",\N,\N,"Gilbert v Schoonbekestr","Veenendaal","Veenendaal","Utrecht",false,52.023501,5.562916,"material damage only","4","clear",false,1,"GM0345"
"20230044831",2023,"Uitsluitend materiele schade",2,"Fiets","Personenauto","Flank","Kruispunt, 4 takken",30,"Niet brandend","Daglicht","Droog",\N,\N,"Horsterhout","Harderwijk","Harderwijk","Gelderland",false,52.322711,5.598474,"material damage only","4","clear",false,1,"GM0243"
"20230049003",2023,"Letsel",2,"Fiets","Fiets","Frontaal","Rechte weg",\N,"Niet brandend","Daglicht","Droog",\N,"223310014","Zuidzijde","Bodegraven","Bodegraven-Reeuwijk","Zuid-Holland",false,52.083044,4.752825,"injury","2","clear",false,1,"GM1901"
"20230049546",2023,"Letsel",2,"Bestelauto","Fiets","Eenzijdig","Rechte weg",50,"Niet brandend","Daglicht","Droog",\N,"197357014","Wilhelminalaan","Hillegom","Hillegom","Zuid-Holland",false,52.294284,4.569543,"injury","2","clear",false,1,"GM0534"
"20230051268",2023,"Letsel",2,"Personenauto","Fiets","Frontaal","Bocht",50,"Niet brandend","Daglicht","Droog",\N,"324169024","Insulindelaan","Eindhoven","Eindhoven","Noord-Brabant",false,51.451366,5.495992,"injury","2","clear",false,1,"GM0772"
"20230054163",2023,"Letsel",2,"Fiets","Overig vast object","Vast voorwerp","Rechte weg",50,"Niet aanwezig","Daglicht","Droog",\N,"305163003","Hoogeind","Veldhoven","Veldhoven","Noord-Brabant",false,51.426894,5.359485,"injury","2","clear",false,1,"GM0861"
"20230057195",2023,"Uitsluitend materiele schade",2,"Bromfiets","Fiets","Flank","Rechte weg",50,"Niet aanwezig","Daglicht",\N,\N,"292373049","Matissepad","Almere","Almere","Flevoland",false,52.367305,5.262271,"material damage only","4","unknown",false,1,"GM0034"
"20230057448",2023,"Letsel",3,"Personenauto","Fiets","Flank","Kruispunt, 3 takken",80,"Niet brandend","Daglicht","Droog",\N,\N,"Putterweg","Garderen","Barneveld","Gelderland",false,52.235492,5.708091,"injury","2","clear",false,1,"GM0203"
"20230062309",2023,"Uitsluitend materiele schade",2,"Personenauto","Fiets","Flank","Kruispunt, 3 takken",70,"Niet brandend","Daglicht","Droog",\N,\N,"Maastrichterweg","Roermond","Roermond","Limburg",false,51.175005,5.975836,"material damage only","4","clear",false,1,"GM0957"
"20240128647",2024,"Letsel",2,"Fiets","Personenauto","Frontaal","Kruispunt, 4 takken",50,"Brandend","Duisternis","Droog",\N,\N,"Noarder Stasjonsstrjitte","De Westereen","Dantumadiel","Friesland",false,53.250685,6.037198,"injury","2","clear",false,1,"GM1891"
"20230039073",2023,"Letsel",2,"Personenauto","Fiets","Flank","Rotonde",50,"Niet brandend","Daglicht","Regen",\N,\N,"Abtspoelweg","Oegstgeest","Oegstgeest","Zuid-Holland",false,52.183505,4.484506,"injury","2","rain",false,1,"GM0579"
"20230046638",2023,"Uitsluitend materiele schade",2,"Personenauto","Fiets","Flank","Rechte weg",50,"Niet brandend","Daglicht","Droog",\N,"600795833","Van Randwijcklaan","Amersfoort","Amersfoort","Utrecht",false,52.161667,5.400247,"material damage only","4","clear",false,1,"GM0307"
"20230048444",2023,"Uitsluitend materiele schade",2,"Personenauto","Fiets","Flank","Rotonde",50,"Niet brandend","Daglicht","Droog",\N,\N,"Harderwijkerweg","Ermelo","Ermelo","Gelderland",false,52.308846,5.628935,"material damage only","4","clear",false,1,"GM0233"
"20230050129",2023,"Letsel",2,"Bromfiets","Fiets","Flank","Kruispunt, 4 takken",50,"Niet brandend","Daglicht","Droog",\N,\N,"Hoofdstraat","Sassenheim","Teylingen","Zuid-Holland",false,52.221995,4.515772,"injury","2","clear",false,1,"GM1525"
"20230051899",2023,"Letsel",2,"Personenauto","e-bike","Flank","Kruispunt, 3 takken",50,"Niet brandend","Daglicht","Droog",\N,\N,"West-Varkenoordseweg","Rotterdam","Rotterdam","Zuid-Holland",false,51.88734,4.522259,"injury","2","clear",false,1,"GM0599"
"20230058164",2023,"Uitsluitend materiele schade",2,"Bestelauto","Fiets","Flank","Kruispunt, 4 takken",50,"Brandend","Duisternis","Droog",\N,\N,"Keienbergweg","Amsterdam","Amsterdam","Noord-Holland",false,52.306532,4.935946,"material damage only","4","clear",false,1,"GM0363"
"20230058436",2023,"Uitsluitend materiele schade",2,"Fiets","Fiets","Flank","Rechte weg",50,"Niet brandend","Daglicht","Droog",\N,"238362071","Laan Rozenburg","Amstelveen","Amstelveen","Noord-Holland",false,52.316454,4.864386,"material damage only","4","clear",false,1,"GM0362"
"20230059502",2023,"Letsel",1,"Fiets",\N,"Eenzijdig","Rechte weg",50,"Niet brandend","Daglicht","Regen",\N,"216418068","'t Kieftenland","Limmen","Castricum","Noord-Holland",false,52.569154,4.70119,"injury","2","rain",false,1,"GM0383"
"20230039696",2023,"Uitsluitend materiele schade",2,"Personenauto","Fiets","Onbekend","Kruispunt, 4 takken",50,"Niet brandend","Daglicht",\N,\N,\N,"Laan van Nieuw Oosteinde","Voorburg","Leidschendam-Voorburg","Zuid-Holland",false,52.068891,4.35663,"material damage only","4","unknown",false,1,"GM1916"
"20230052507",2023,"Letsel",2,"Bestelauto","Fiets","Eenzijdig","Rechte weg",30,"Niet brandend","Daglicht","Regen",\N,"600377187","Dorpsstraat","Oisterwijk","Oisterwijk","Noord-Brabant",false,51.580454,5.193236,"injury","2","rain",false,1,"GM0824"
"20230060004",2023,"Letsel",2,"Personenauto","Fiets","Frontaal","Rechte weg",60,"Brandend","Duisternis","Droog",\N,"600421506","Middenweg","Noordbeemster","Purmerend","Noord-Holland",false,52.584075,4.934527,"injury","2","clear",false,1,"GM0439"
"20230063585",2023,"Uitsluitend materiele schade",2,"Personenauto","Fiets","Flank","Kruispunt, 4 takken",50,"Niet brandend","Daglicht","Regen",\N,\N,"Brugplein","'s-Hertogenbosch","'s-Hertogenbosch","Noord-Brabant",false,51.694277,5.299023,"material damage only","4","rain",false,1,"GM0796"
"20230049072",2023,"Letsel",2,"Fiets","Fiets","Onbekend","Rechte weg",30,"Niet brandend","Daglicht","Droog","Brug/viaduct","600724839","Sandtlaan","Rijnsburg","Katwijk","Zuid-Holland",false,52.1893,4.435523,"injury","2","clear",false,1,"GM0537"
"20230050205",2023,"Letsel",2,"Bromfiets","Fiets","Flank","Rotonde",50,"Niet brandend","Daglicht","Droog",\N,\N,"Ophelialaan","Aalsmeer","Aalsmeer","Noord-Holland",false,52.263775,4.760037,"injury","2","clear",false,1,"GM0358"
"20230053141",2023,"Uitsluitend materiele schade",3,"Personenauto","Fiets","Onbekend","Rechte weg",50,"Niet brandend","Daglicht","Droog",\N,"600892972","de la Reijweg","Breda","Breda","Noord-Brabant",false,51.584605,4.793615,"material damage only","4","clear",false,1,"GM0758"
"20230047937",2023,"Letsel",1,"Fiets",\N,"Eenzijdig","Rechte weg",30,"Niet brandend","Daglicht","Droog",\N,"285446048","Zesstedenweg","Grootebroek","Stede Broec","Noord-Holland",false,52.698506,5.21036,"injury","2","clear",false,1,"GM0532"
"20230052601",2023,"Uitsluitend materiele schade",2,"Fiets","Bromfiets","Flank","Rechte weg",\N,"Niet brandend","Daglicht","Droog",\N,"207244007","Mijlweg","Dordrecht","Dordrecht","Zuid-Holland",false,51.784686,4.646051,"material damage only","4","clear",false,1,"GM0505"
"20230058552",2023,"Uitsluitend materiele schade",2,"Personenauto","Fiets","Flank","Kruispunt, 3 takken",50,"Niet brandend","Daglicht","Droog",\N,\N,"Amstel","Heerhugowaard","Dijk en Waard","Noord-Holland",false,52.656414,4.821464,"material damage only","4","clear",false,1,"GM1980"
"20230037477",2023,"Uitsluitend materiele schade",2,"Fiets","Personenauto","Flank","Kruispunt, 4 takken",50,"Niet brandend","Daglicht","Droog",\N,\N,"Weg over Anna's Hoeve","Hilversum","Hilversum","Noord-Holland",false,52.22117,5.207716,"material damage only","4","clear",false,1,"GM0402"
"20230039773",2023,"Letsel",2,"Personenauto","Fiets","Kop/staart","Kruispunt, 4 takken",30,"Niet aanwezig","Daglicht","Droog",\N,\N,"Voorhaven","Den Hoorn","Midden-Delfland","Zuid-Holland",false,51.99979,4.333594,"injury","2","clear",false,1,"GM1842"
"20230039774",2023,"Letsel",2,"Personenauto","e-bike","Onbekend","Rotonde",50,"Niet brandend","Daglicht","Droog",\N,\N,"Middel Broekweg","Naaldwijk","Westland","Zuid-Holland",false,51.991087,4.217949,"injury","2","clear",false,1,"GM1783"
"20230041518",2023,"Uitsluitend materiele schade",2,"Personenauto","Fiets","Flank","Kruispunt, 3 takken",30,"Niet brandend","Daglicht","Regen",\N,\N,"Lavendellaan","Eindhoven","Eindhoven","Noord-Brabant",false,51.42104,5.50291,"material damage only","4","rain",false,1,"GM0772"
"20230038085",2023,"Letsel",1,"Fiets",\N,"Eenzijdig","Kruispunt, 4 takken",30,"Niet brandend","Daglicht",\N,\N,\N,"Eiteren","IJsselstein","IJsselstein","Utrecht",false,52.022739,5.043473,"injury","2","unknown",false,1,"GM0353"
"20230042700",2023,"Uitsluitend materiele schade",1,"Fiets",\N,"Voetganger","Rechte weg",80,"Niet aanwezig","Daglicht","Droog",\N,"212194003","Hilsebaan","Etten-Leur","Etten-Leur","Noord-Brabant",false,51.5627,4.689037,"material damage only","4","clear",false,1,"GM0777"
"20230047998",2023,"Uitsluitend materiele schade",1,"Fiets",\N,"Onbekend","Rotonde",50,"Niet brandend","Daglicht","Regen",\N,\N,"Verlengde Kerkweg","Wognum","Medemblik","Noord-Holland",false,52.689489,5.027096,"material damage only","4","rain",false,1,"GM0420"
"20230058617",2023,"Letsel",2,"Personenauto","Fiets","Flank","Kruispunt, 3 takken",50,"Niet brandend","Daglicht","Droog",\N,\N,"Loosduinsekade","'s-Gravenhage","'s-Gravenhage","Zuid-Holland",false,52.067629,4.273609,"injury","2","clear",false,1,"GM0518"
"20230058909",2023,"Letsel",2,"Bestelauto","Fiets","Flank","Rotonde",50,"Niet brandend","Daglicht","Droog",\N,\N,"Maurice Ravelweg","'s-Gravenhage","'s-Gravenhage","Zuid-Holland",false,52.060914,4.246391,"injury","2","clear",false,1,"GM0518"
"20230059687",2023,"Letsel",2,"Fiets","Fiets","Frontaal","Bocht",\N,"Niet brandend","Daglicht","Droog","Tunnel","253403010","Wheredijk","Purmerend","Purmerend","Noord-Holland",false,52.50482,4.9735,"injury","2","clear",false,1,"GM0439"
"20230060615",2023,"Uitsluitend materiele schade",2,"Personenauto","Fiets","Kop/staart","Kruispunt, 3 takken",50,"Niet brandend","Daglicht","Droog",\N,\N,"Hoogstraat","Werkendam","Altena","Noord-Brabant",false,51.814136,4.894904,"material damage only","4","clear",false,1,"GM1959"
"20230064882",2023,"Letsel",2,"e-bike","Fiets","Onbekend","Kruispunt, 3 takken",30,"Niet brandend","Daglicht","Droog",\N,\N,"Metzlaantje","Musselkanaal","Stadskanaal","Groningen",false,52.946547,6.994676,"injury","2","clear",false,1,"GM0037"
"20230065316",2023,"Letsel",2,"Bromfiets","Fiets","Flank","Kruispunt, 4 takken",30,"Niet brandend","Daglicht","Droog",\N,\N,"Blokkenweg","Ede","Ede","Gelderland",false,52.028663,5.665477,"injury","2","clear",false,1,"GM0228"
"20240130120",2024,"Uitsluitend materiele schade",2,"Personenauto","Fiets","Onbekend","Kruispunt, 3 takken",50,"Niet brandend","Daglicht","Droog",\N,\N,"Twekkelerweg","Hengelo","Hengelo (O)","Overijssel",false,52.25708,6.801335,"material damage only","4","clear",false,1,\N
"20240130125",2024,"Uitsluitend materiele schade",2,"Personenauto","Fiets","Flank","Rotonde",50,"Niet brandend","Daglicht","Droog",\N,\N,"Nagelerweg","Emmeloord","Noordoostpolder","Flevoland",false,52.700993,5.756927,"material damage only","4","clear",false,1,"GM0171"
"20230038730",2023,"Uitsluitend materiele schade",2,"Fiets","Overig vast object","Vast voorwerp","Rechte weg",30,"Niet brandend","Daglicht","Droog",\N,\N,"Onderdijkse Rijweg","Hendrik-Ido-Ambacht","Hendrik-Ido-Ambacht","Zuid-Holland",false,51.833153,4.658862,"material damage only","4","clear",false,1,"GM0531"
"20230039879",2023,"Uitsluitend materiele schade",2,"Bromfiets","Fiets","Flank","Kruispunt, 3 takken",50,"Niet brandend","Daglicht","Droog",\N,\N,"Churchilllaan","Leiden","Leiden","Zuid-Holland",false,52.153002,4.473045,"material damage only","4","clear",false,1,"GM0546"
"20230044535",2023,"Uitsluitend materiele schade",1,"Fiets",\N,"Onbekend","Rechte weg",\N,"Niet aanwezig","Daglicht","Droog",\N,"385286005","Oude Zevenaarseweg","Arnhem","Arnhem","Gelderland",false,51.97853,5.93876,"material damage only","4","clear",false,1,"GM0202"
"20230050356",2023,"Letsel",1,"Fiets",\N,"Eenzijdig","Kruispunt, 3 takken",50,"Niet brandend","Daglicht","Regen",\N,\N,"Westplantsoen","Delft","Delft","Zuid-Holland",false,52.006834,4.347635,"injury","2","rain",false,1,"GM0503"
"20230053276",2023,"Letsel",2,"Personenauto","e-bike","Onbekend","Kruispunt, 4 takken",30,"Niet brandend","Daglicht","Droog",\N,\N,"de la Reijstraat","Ridderkerk","Ridderkerk","Zuid-Holland",false,51.893563,4.584673,"injury","2","clear",false,1,"GM0597"
"20230064895",2023,"Letsel",4,"Personenauto","Fiets","Flank","Kruispunt, 4 takken",80,"Niet brandend","Daglicht","Droog",\N,\N,"Oude Rijksweg","Scheemda","Oldambt","Groningen",false,53.173885,6.965397,"injury","2","clear",false,1,"GM1895"
"20240130709",2024,"Uitsluitend materiele schade",2,"Personenauto","Fiets","Flank","Kruispunt, 4 takken",60,"Brandend","Duisternis","Regen",\N,\N,"Ceintuurbaan","Harderwijk","Harderwijk","Gelderland",false,52.329736,5.630754,"material damage only","4","rain",false,1,"GM0243"
"20240130839",2024,"Letsel",2,"Personenauto","Fiets","Flank","Kruispunt, 3 takken",50,"Niet brandend","Daglicht","Droog",\N,\N,"Reitzstraat","Haarlem","Haarlem","Noord-Holland",false,52.393688,4.650229,"injury","2","clear",false,1,"GM0392"
"20230038762",2023,"Letsel",2,"Personenauto","Fiets","Frontaal","Kruispunt, 4 takken",30,"Niet brandend","Daglicht","Regen",\N,\N,"Dwarstocht","Leiderdorp","Leiderdorp","Zuid-Holland",false,52.169729,4.528669,"injury","2","rain",false,1,"GM0547"
"20230045139",2023,"Letsel",2,"Fiets","Fiets","Onbekend","Rechte weg",30,"Niet brandend","Daglicht","Droog",\N,"465513011","Vaart N.Z.","Assen","Assen","Drenthe",false,52.994236,6.547986,"injury","2","clear",false,1,"GM0106"
"20230045729",2023,"Uitsluitend materiele schade",2,"Personenauto","Fiets","Onbekend","Kruispunt, 4 takken",50,"Niet brandend","Daglicht","Droog",\N,\N,"Europa-allee","Kampen","Kampen","Overijssel",false,52.552192,5.910845,"material damage only","4","clear",false,1,"GM0166"
"20230047474",2023,"Uitsluitend materiele schade",2,"Bestelauto","Fiets","Flank","Kruispunt, 4 takken",30,"Niet brandend","Daglicht","Droog",\N,\N,"Oscarlaan","Almere","Almere","Flevoland",false,52.372606,5.226978,"material damage only","4","clear",false,1,"GM0034"
"20230051569",2023,"Letsel",2,"Fiets","Bestelauto","Flank","Rechte weg",50,"Niet brandend","Daglicht","Droog",\N,"162271010","George Stephensonweg","Vlaardingen","Vlaardingen","Zuid-Holland",false,51.903668,4.314275,"injury","2","clear",false,1,"GM0622"