"accident_id","year","severity_raw","party_count","party1_type","party2_type","accident_type","road_situation","speed_limit_kmh","road_lighting","light_condition_label","weather_raw","infra_type","road_segment_id","street_name","place_name","gemeente_name_raw","province","alcohol_indicated","latitude","longitude","severity_label","severity_code","weather_label","built_up_area","cyclists_involved","gemeente_code"
"20230052733",2023,"Letsel",2,"Fiets","Overig vast object","Vast voorwerp","Rechte weg",50,"Niet aanwezig","Daglicht","Droog",\N,"601078395","Zeedijk","Dordrecht","Dordrecht","Zuid-Holland",false,51.782123,4.722178,"injury","2","clear",false,1,"GM0505"
"20230052740",2023,"Letsel",2,"Personenauto","e-bike","Flank","Rotonde",50,"Niet brandend","Daglicht","Droog",\N,\N,"Troelstralaan","Goes","Goes","Zeeland",false,51.512135,3.881476,"injury","2","clear",false,1,"GM0664"
"20230053896",2023,"Letsel",4,"Fiets","Fiets","Onbekend","Bocht",60,"Niet aanwezig","Daglicht","Droog",\N,"362029005","Eckelraderweg","Cadier en Keer","Eijsden-Margraten","Limburg",false,50.824066,5.76305,"injury","2","clear",false,1,"GM1903"
"20230065386",2023,"Uitsluitend materiele schade",2,"Personenauto","Fiets","Frontaal","Kruispunt, 3 takken",50,"Niet brandend","Daglicht","Droog",\N,\N,"Munsterstraat","Deventer","Deventer","Overijssel",false,52.241413,6.189425,"material damage only","4","clear",false,1,"GM0150"
"20240133089",2024,"Letsel",2,"Personenauto","Fiets","Frontaal","Kruispunt, 4 takken",30,"Brandend","Duisternis","Droog",\N,\N,"Sint Aagtenstraat","Leiden","Leiden","Zuid-Holland",false,52.163534,4.486125,"injury","2","clear",false,1,"GM0546"
"20230065578",2023,"Uitsluitend materiele schade",2,"Trekker met oplegger","Fiets","Onbekend","Rechte weg",30,"Niet brandend","Daglicht","Droog",\N,"468563105","Rademarkt","Groningen","Groningen","Groningen",false,53.21603,6.571268,"material damage only","4","clear",false,1,"GM0014"
"20230040509",2023,"Letsel",1,"Fiets",\N,"Eenzijdig","Rechte weg",50,"Niet aanwezig","Daglicht","Droog",\N,"600631702","Noraweg","Noordwijk","Noordwijk","Zuid-Holland",false,52.290616,4.473493,"injury","2","clear",false,1,"GM0575"
"20230049299",2023,"Letsel",1,"Fiets",\N,"Eenzijdig","Rechte weg",50,"Niet brandend","Daglicht","Droog",\N,"155309058","Goudenregenstraat","'s-Gravenhage","'s-Gravenhage","Zuid-Holland",false,52.077523,4.263004,"injury","2","clear",false,1,"GM0518"
"20230059798",2023,"Letsel",2,"Personenauto","Fiets","Flank","Kruispunt, 4 takken",50,"Niet brandend","Daglicht","Droog",\N,\N,"Buitenveldertselaan","Amsterdam","Amsterdam","Noord-Holland",false,52.332206,4.868678,"injury","2","clear",false,1,"GM0363"
"20240127456",2024,"Uitsluitend materiele schade",2,"Personenauto","Fiets","Onbekend","Rechte weg",50,"Niet brandend","Daglicht","Droog",\N,\N,"Burgemeester Kuntzelaan","Barneveld","Barneveld","Gelderland",false,52.141245,5.588588,"material damage only","4","clear",false,1,"GM0203"
"20230039983",2023,"Letsel",3,"Fiets","Bestelauto","Eenzijdig","Kruispunt, 4 takken",50,"Niet brandend","Daglicht","Droog",\N,"600591594","Verspycklaan","Naaldwijk","Westland","Zuid-Holland",false,51.997757,4.209892,"injury","2","clear",false,1,"GM1783"
"20230041117",2023,"Uitsluitend materiele schade",1,"Fiets",\N,"Onbekend","Rechte weg",50,"Niet brandend","Daglicht","Droog",\N,"600603581","Pagnevaartweg","Oudenbosch","Halderberge","Noord-Brabant",false,51.58296,4.544535,"material damage only","4","clear",false,1,"GM1655"
"20240128163",2024,"Uitsluitend materiele schade",2,"Personenauto","Fiets","Flank","Kruispunt, 4 takken",60,"Niet brandend","Daglicht","Droog",\N,\N,"Honingloweg","Losser","Losser","Overijssel",false,52.271327,6.984504,"material damage only","4","clear",false,1,"GM0168"
"20240132338",2024,"Letsel",2,"Bestelauto","e-bike","Flank","Kruispunt, 4 takken",30,"Niet brandend","Daglicht","Droog",\N,\N,"'t Goylaan","Utrecht","Utrecht","Utrecht",false,52.066476,5.117792,"injury","2","clear",false,1,"GM0344"
"20240132358",2024,"Letsel",2,"Personenauto","Fiets","Flank","Kruispunt, 4 takken",30,"Niet brandend","Daglicht","Droog",\N,\N,"Dorpsstraat","Houten","Houten","Utrecht",false,52.025937,5.166112,"injury","2","clear",false,1,"GM0321"
"20230047608",2023,"Letsel",2,"Personenauto","Fiets","Eenzijdig","Rechte weg",50,"Niet brandend","Daglicht","Droog",\N,"299290020","Dorpsstraat","Cothen","Wijk bij Duurstede","Utrecht",false,51.996084,5.314806,"injury","2","clear",false,1,"GM0352"
"20230051670",2023,"Uitsluitend materiele schade",2,"Fiets","e-bike","Flank","Rechte weg",30,"Niet brandend","Daglicht","Droog",\N,"600564940","Allerheiligenweg","Breda","Breda","Noord-Brabant",false,51.569044,4.793741,"material damage only","4","clear",false,1,"GM0758"
"20230056881",2023,"Uitsluitend materiele schade",4,"e-bike","Personenauto","Onbekend","Rotonde",50,"Niet brandend","Daglicht","Droog",\N,\N,"Oostriklaan","Deventer","Deventer","Overijssel",false,52.253391,6.215228,"material damage only","4","clear",false,1,"GM0150"
"20230065839",2023,"Letsel",2,"Personenauto","e-bike","Flank","Kruispunt, 4 takken",50,"Niet brandend","Daglicht","Droog",\N,\N,"Diamantstraat","Hengelo","Hengelo (O)","Overijssel",false,52.245592,6.788645,"injury","2","clear",false,1,\N
"20240129328",2024,"Letsel",1,"Fiets",\N,"Onbekend","Rechte weg",30,"Niet brandend","Daglicht","Droog",\N,"600128401","Wolter Heukelslaan","Utrecht","Utrecht","Utrecht",false,52.09083,5.135212,"injury","2","clear",false,1,"GM0344"
"20230038902",2023,"Letsel",2,"Personenauto","Fiets","Flank","Rotonde",50,"Niet brandend","Daglicht","Regen",\N,\N,"Middel Broekweg","Naaldwijk","Westland","Zuid-Holland",false,51.991087,4.217949,"injury","2","rain",false,1,"GM1783"
"20230040607",2023,"Letsel",1,"Fiets",\N,"Eenzijdig","Rechte weg",15,"Brandend","Duisternis","Droog",\N,"601045943","Kruithuispad","Delft","Delft","Zuid-Holland",false,51.992309,4.371612,"injury","2","clear",false,1,"GM0503"
"20230045858",2023,"Uitsluitend materiele schade",2,"Personenauto","e-bike","Onbekend","Kruispunt, 3 takken",60,"Niet brandend","Daglicht","Droog",\N,\N,"Haersingel","Hellendoorn","Hellendoorn","Overijssel",false,52.396494,6.454277,"material damage only","4","clear",false,1,"GM0163"
"20230046471",2023,"Letsel",3,"Personenauto","Fiets","Onbekend","Rechte weg",60,"Niet brandend","Daglicht","Droog",\N,"202366001","Herenweg","Heemstede","Heemstede","Noord-Holland",false,52.33522,4.6024,"injury","2","clear",false,1,"GM0397"
"20230051115",2023,"Letsel",2,"Snorfiets","Fiets","Frontaal","Bocht",60,"Niet aanwezig","Daglicht","Droog",\N,"600808506","Jekschotstraat","Veghel","Meierijstad","Noord-Brabant",false,51.572545,5.557315,"injury","2","clear",false,1,"GM1948"
"20230053481",2023,"Letsel",2,"Fiets","Personenauto","Flank","Rotonde",50,"Niet brandend","Daglicht","Droog",\N,\N,"Brugweg","Zwijndrecht","Zwijndrecht","Zuid-Holland",false,51.813388,4.642244,"injury","2","clear",false,1,"GM0642"
"20240128754",2024,"Letsel",2,"Fiets","Bus","Frontaal","Rechte weg",30,"Niet aanwezig","Daglicht","Droog",\N,"506600011","Hereweg","Bierum","Eemsdelta","Groningen",false,53.379384,6.864676,"injury","2","clear",false,1,"GM1979"
"20240130441",2024,"Letsel",2,"Personenauto","Fiets","Flank","Kruispunt, 4 takken",50,"Brandend","Duisternis","Droog",\N,\N,"Jan Th. Tooroplaan","Ede","Ede","Gelderland",false,52.02466,5.655812,"injury","2","clear",false,1,"GM0228"
"20240131165",2024,"Uitsluitend materiele schade",2,"Personenauto","Fiets","Flank","Kruispunt, 3 takken",50,"Niet brandend","Daglicht","Droog",\N,\N,"Büllerlaan","Beverwijk","Beverwijk","Noord-Holland",false,52.494823,4.663761,"material damage only","4","clear",false,1,"GM0375"
"20230040656",2023,"Letsel",2,"Fiets","Fiets","Flank","Rechte weg",30,"Niet brandend","Daglicht","Droog",\N,\N,"Oudraadtweg","Delft","Delft","Zuid-Holland",false,52.015771,4.370085,"injury","2","clear",false,1,"GM0503"
"20230048258",2023,"Uitsluitend materiele schade",2,"Fiets","Fiets","Kop/staart","Rechte weg",50,"Niet brandend","Daglicht","Droog","Bus-/Tramhalte","322339054","Frieswijkstraat","Nijkerk","Nijkerk","Gelderland",false,52.217575,5.481418,"material damage only","4","clear",false,1,"GM0267"
"20230049985",2023,"Letsel",2,"Personenauto","Fiets","Flank","Rotonde",50,"Niet brandend","Daglicht","Droog",\N,\N,"Westplantsoen","Delft","Delft","Zuid-Holland",false,52.010594,4.346684,"injury","2","clear",false,1,"GM0503"
"20240128799",2024,"Letsel",2,"Personenauto","Fiets","Frontaal","Kruispunt, 4 takken",30,"Niet brandend","Daglicht","Droog","Spoorwegovergang",\N,"Klinker","Sappemeer","Midden-Groningen","Groningen",false,53.163898,6.78051,"injury","2","clear",false,1,"GM1952"
"20240130776",2024,"Uitsluitend materiele schade",2,"Personenauto","Fiets","Onbekend","Bocht",30,"Niet brandend","Daglicht","Regen",\N,\N,"Laan van Troyes","Alkmaar","Alkmaar","Noord-Holland",false,52.655161,4.758901,"material damage only","4","rain",false,1,"GM0361"
"20240130887",2024,"Letsel",2,"Snorfiets","Fiets","Flank","Kruispunt, 4 takken",30,"Brandend","Duisternis","Droog",\N,\N,"Frederiksstraat","Amsterdam","Amsterdam","Noord-Holland",false,52.35852,4.858861,"injury","2","clear",false,1,"GM0363"
"20240131529",2024,"Uitsluitend materiele schade",2,"Fiets","Fiets","Frontaal","Kruispunt, 4 takken",30,"Niet brandend","Daglicht","Droog",\N,\N,"Admiraal De Ruijterweg","Amsterdam","Amsterdam","Noord-Holland",false,52.380785,4.854589,"material damage only","4","clear",false,1,"GM0363"
"20240131613",2024,"Letsel",2,"Fiets","Fiets","Flank","Kruispunt, 4 takken",30,"Niet brandend","Daglicht","Droog",\N,\N,"Vierlingsbeeklaan","Amstelveen","Amstelveen","Noord-Holland",false,52.29153,4.83917,"injury","2","clear",false,1,"GM0362"
"20230041255",2023,"Uitsluitend materiele schade",2,"Personenauto","Fiets","Onbekend","Kruispunt, 4 takken",60,"Niet brandend","Daglicht","Droog",\N,\N,"Parallelweg","Baexem","Leudal","Limburg",false,51.2341,5.87042,"material damage only","4","clear",false,1,"GM1640"
"20230048918",2023,"Letsel",1,"Fiets",\N,"Eenzijdig","Bocht",60,"Brandend","Duisternis","Droog",\N,"600733841","Stationsweg","Lisse","Lisse","Zuid-Holland",false,52.273579,4.538555,"injury","2","clear",false,1,"GM0553"
"20230048920",2023,"Letsel",2,"Personenauto","Fiets","Frontaal","Kruispunt, 3 takken",50,"Niet brandend","Daglicht","Droog",\N,\N,"Hazelnootgaarde","Zoetermeer","Zoetermeer","Zuid-Holland",false,52.060009,4.515205,"injury","2","clear",false,1,"GM0637"
"20240131477",2024,"Uitsluitend materiele schade",2,"Personenauto","Fiets","Onbekend","Rechte weg",30,"Brandend","Duisternis","Droog",\N,"247377003","Gedempt Hamerkanaal","Amsterdam","Amsterdam","Noord-Holland",false,52.385547,4.926187,"material damage only","4","clear",false,1,"GM0363"
"20240131759",2024,"Letsel",2,"Personenauto","Fiets","Flank","Rotonde",50,"Niet aanwezig","Daglicht","Droog",\N,\N,"Hagelingerweg","Santpoort-Noord","Velsen","Noord-Holland",false,52.438446,4.642606,"injury","2","clear",false,1,"GM0453"
"20240133701",2024,"Uitsluitend materiele schade",2,"Personenauto","Fiets","Flank","Rechte weg",50,"Niet brandend","Daglicht","Droog",\N,\N,"Kapteynstraat","Noordwijk","Noordwijk","Zuid-Holland",false,52.214307,4.43313,"material damage only","4","clear",false,1,"GM0575"
"20230040144",2023,"Letsel",2,"Fiets","Overig vast object","Vast voorwerp","Rechte weg",50,"Brandend","Duisternis","Droog",\N,\N,"Middel Broekweg","Honselersdijk","Westland","Zuid-Holland",false,51.996109,4.228375,"injury","2","clear",false,1,"GM1783"
"20230041296",2023,"Letsel",2,"Personenauto","Fiets","Flank","Kruispunt, 3 takken",50,"Niet brandend","Daglicht","Regen",\N,\N,"Kwaadeindstraat","Tilburg","Tilburg","Noord-Brabant",false,51.568554,5.074128,"injury","2","rain",false,1,"GM0855"
"20220223188",2022,"Uitsluitend materiele schade",3,"Personenauto","Fiets","Onbekend","Kruispunt, 3 takken",50,"Brandend","Schemer","Droog",\N,\N,"Rosmolenplein","Tilburg","Tilburg","Noord-Brabant",false,51.568272,5.096563,"material damage only","4","clear",false,1,"GM0855"
"20220200923",2022,"Uitsluitend materiele schade",2,"Personenauto","e-bike","Flank","Kruispunt, 3 takken",50,"Niet brandend","Daglicht","Droog",\N,\N,"Eibergsestraat","Haaksbergen","Haaksbergen","Overijssel",false,52.151048,6.729357,"material damage only","4","clear",false,1,"GM0158"
"20220227012",2022,"Letsel",2,"Fiets","Fiets","Frontaal","Rechte weg",\N,"Brandend","Duisternis","Droog",\N,"322167237","18 Septemberplein","Eindhoven","Eindhoven","Noord-Brabant",false,51.441403,5.477398,"injury","2","clear",false,1,"GM0772"
"20220198848",2022,"Uitsluitend materiele schade",2,"Bestelauto","Fiets","Flank","Kruispunt, 4 takken",30,"Niet brandend","Schemer","Droog",\N,\N,"Walburgstraat","Arnhem","Arnhem","Gelderland",false,51.978844,5.912598,"material damage only","4","clear",false,1,"GM0202"
"20220210907",2022,"Uitsluitend materiele schade",2,"Personenauto","Fiets","Frontaal","Rechte weg",50,"Niet brandend","Daglicht","Droog","Spoorwegovergang","234378031","Humberweg","Amsterdam","Amsterdam","Noord-Holland",false,52.390791,4.830685,"material damage only","4","clear",false,1,"GM0363"
"20220216667",2022,"Uitsluitend materiele schade",2,"Bromfiets","Fiets","Flank","Kruispunt, 4 takken",50,"Niet brandend","Daglicht","Droog",\N,\N,"Kempstraat","'s-Gravenhage","'s-Gravenhage","Zuid-Holland",false,52.063744,4.289787,"material damage only","4","clear",false,1,"GM0518"
"20220220956",2022,"Uitsluitend materiele schade",2,"Personenauto","Fiets","Flank","Rotonde",\N,"Niet brandend","Daglicht","Regen",\N,\N,"Eemsteynstraat","Dordrecht","Dordrecht","Zuid-Holland",false,51.80203,4.680541,"material damage only","4","rain",false,1,"GM0505"
"20220228109",2022,"Letsel",2,"Personenauto","Fiets","Flank","Rotonde",50,"Niet brandend","Daglicht","Droog",\N,"600542258","Geldropseweg","Mierlo","Geldrop-Mierlo","Noord-Brabant",false,51.433957,5.58801,"injury","2","clear",false,1,"GM1771"
"20220203928",2022,"Uitsluitend materiele schade",2,"Fiets","Fiets","Flank","Rechte weg",30,"Niet brandend","Daglicht","Droog",\N,"309326033","Kleine Spui","Amersfoort","Amersfoort","Utrecht",false,52.158537,5.385653,"material damage only","4","clear",false,1,"GM0307"
"20220232217",2022,"Dodelijk",2,"Bromfiets","Fiets","Kop/staart","Rechte weg",50,"Brandend","Duisternis","Regen",\N,"600855730","Venrayseweg","Venlo","Venlo","Limburg",false,51.383201,6.147685,"fatal","1","rain",false,1,"GM0983"
"20220221724",2022,"Uitsluitend materiele schade",2,"Personenauto","Fiets","Flank","Rotonde",50,"Niet brandend","Daglicht","Regen",\N,\N,"Burgemeester Doumaweg","Zwijndrecht","Zwijndrecht","Zuid-Holland",false,51.812527,4.632665,"material damage only","4","rain",false,1,"GM0642"
"20220204716",2022,"Letsel",2,"Personenauto","Fiets","Flank","Kruispunt, 3 takken",30,"Niet brandend","Daglicht","Droog",\N,\N,"Maartvlinder","Utrecht","Utrecht","Utrecht",false,52.092811,5.061302,"injury","2","clear",false,1,"GM0344"
"20220068184",2022,"Dodelijk",2,"Bestelauto","Fiets","Flank","Kruispunt, 3 takken",50,"Brandend","Duisternis","Regen",\N,\N,"Geenhovensedreef","Valkenswaard","Valkenswaard","Noord-Brabant",false,51.361577,5.455617,"fatal","1","rain",false,1,"GM0858"
"20220200399",2022,"Uitsluitend materiele schade",3,"Personenauto","Fiets","Los voorwerp","Kruispunt, 3 takken",50,"Niet brandend","Daglicht","Regen",\N,\N,"Herenstraat","Wijchen","Wijchen","Gelderland",false,51.810028,5.724973,"material damage only","4","rain",false,1,"GM0296"
"20220215353",2022,"Letsel",2,"Fiets","Bromfiets","Flank","Rechte weg",30,"Niet brandend","Daglicht","Droog",\N,"188329020","Willem de Zwijgerlaan","Leiden","Leiden","Zuid-Holland",false,52.167712,4.502162,"injury","2","clear",false,1,"GM0546"
"20220224619",2022,"Uitsluitend materiele schade",2,"e-bike","Personenauto","Onbekend","Kruispunt, 4 takken",30,"Niet brandend","Daglicht","Droog",\N,\N,"Claudius Prinsenlaan","Breda","Breda","Noord-Brabant",false,51.587451,4.784716,"material damage only","4","clear",false,1,"GM0758"
"20220207559",2022,"Letsel",2,"e-bike","Bromfiets","Flank","Kruispunt, 3 takken",30,"Niet brandend","Schemer","Droog","Tunnel",\N,"Van Leeuwenhoekstraat","Haarlem","Haarlem","Noord-Holland",false,52.366733,4.608556,"injury","2","clear",false,1,"GM0392"
"20220212456",2022,"Uitsluitend materiele schade",2,\N,"Fiets","Onbekend","Bocht",30,"Niet brandend","Daglicht","Droog",\N,"253371009","NESCIOBRUG","Amsterdam","Amsterdam","Noord-Holland",false,52.356963,4.9723,"material damage only","4","clear",false,1,"GM0363"
"20220217527",2022,"Letsel",1,"Fiets",\N,"Eenzijdig","Rechte weg",30,"Niet brandend","Daglicht","Regen",\N,"178296057","van Brachtstraat","Pijnacker","Pijnacker-Nootdorp","Zuid-Holland",false,52.017266,4.433007,"injury","2","rain",false,1,"GM1926"
"20220199132",2022,"Uitsluitend materiele schade",2,"Personenauto","Fiets","Onbekend","Kruispunt, 4 takken",50,"Niet brandend","Daglicht","Regen",\N,\N,"Wiekslagen","Almelo","Almelo","Overijssel",false,52.335803,6.647926,"material damage only","4","rain",false,1,"GM0141"
"20220205555",2022,"Uitsluitend materiele schade",2,"Bromfiets","Fiets","Flank","Rechte weg",\N,"Niet brandend","Daglicht","Droog",\N,\N,"Rubenslaan","Soest","Soest","Utrecht",false,52.179032,5.299203,"material damage only","4","clear",false,1,"GM0342"
"20220211164",2022,"Letsel",2,"Personenauto","Fiets","Flank","Rechte weg",50,"Niet brandend","Daglicht","Droog",\N,"600761131","Van der Boechorststraat","Amsterdam","Amsterdam","Noord-Holland",false,52.334405,4.861796,"injury","2","clear",false,1,"GM0363"
"20220212671",2022,"Letsel",1,"Fiets",\N,"Eenzijdig","Rechte weg",15,"Brandend","Duisternis","Regen",\N,"160310005","Zoutmanstraat","'s-Gravenhage","'s-Gravenhage","Zuid-Holland",false,52.08148,4.29567,"injury","2","rain",false,1,"GM0518"
"20220223863",2022,"Uitsluitend materiele schade",2,"Personenauto","Fiets","Los voorwerp","Kruispunt, 4 takken",\N,"Niet brandend","Daglicht","Droog",\N,\N,"Triangeldreef","Etten-Leur","Etten-Leur","Noord-Brabant",false,51.564176,4.627105,"material damage only","4","clear",false,1,"GM0777"
"20220232406",2022,"Uitsluitend materiele schade",3,"Personenauto","Fiets","Onbekend","Kruispunt, 3 takken",50,"Brandend","Duisternis","Regen",\N,\N,"Limburgiastraat","Heerlen","Heerlen","Limburg",false,50.896765,5.993809,"material damage only","4","rain",false,1,"GM0917"
"20220200527",2022,"Uitsluitend materiele schade",2,"Bromfiets","Fiets","Frontaal","Kruispunt, 3 takken",15,"Brandend","Duisternis","Droog",\N,\N,"Nieuweweg","Doetinchem","Doetinchem","Gelderland",false,51.969933,6.293551,"material damage only","4","clear",false,1,"GM0222"
"20220202586",2022,"Uitsluitend materiele schade",2,"Personenauto","Fiets","Flank","Kruispunt, 3 takken",30,"Niet aanwezig","Daglicht","Droog",\N,\N,"Middenhof","Almere","Almere","Flevoland",false,52.339963,5.214432,"material damage only","4","clear",false,1,"GM0034"
"20220204887",2022,"Uitsluitend materiele schade",2,"Personenauto","Fiets","Onbekend","Kruispunt, 4 takken",\N,"Brandend","Duisternis","Regen",\N,\N,"Slagvink","Veenendaal","Veenendaal","Utrecht",false,52.029876,5.531786,"material damage only","4","rain",false,1,"GM0345"
"20220199934",2022,"Uitsluitend materiele schade",1,"Fiets",\N,"Flank","Kruispunt, 4 takken",50,"Niet brandend","Daglicht","Droog",\N,\N,"Arnhemseweg","Apeldoorn","Apeldoorn","Gelderland",false,52.194745,5.962296,"material damage only","4","clear",false,1,"GM0200"
"20220200591",2022,"Uitsluitend materiele schade",2,"Personenauto","Fiets","Frontaal","Rechte weg",50,"Brandend","Duisternis","Droog","Brug/viaduct","471391021","BRUG SPOORSTR BRUGSTR","Daarlerveen","Hellendoorn","Overijssel",false,52.442269,6.578332,"material damage only","4","clear",false,1,"GM0163"
"20220200609",2022,"Uitsluitend materiele schade",2,"Bestelauto","e-bike","Flank","Rechte weg",50,"Niet brandend","Daglicht","Droog",\N,\N,"Westeinde","Harderwijk","Harderwijk","Gelderland",false,52.346315,5.614811,"material damage only","4","clear",false,1,"GM0243"
"20220212916",2022,"Letsel",2,"Personenauto","Fiets","Flank","Rotonde",50,"Brandend","Daglicht",\N,\N,\N,"Boshuizerlaan","Leiden","Leiden","Zuid-Holland",false,52.148691,4.476885,"injury","2","unknown",false,1,"GM0546"
"20220221286",2022,"Uitsluitend materiele schade",2,"Trekker","Fiets","Flank","Rechte weg",30,"Niet aanwezig","Daglicht","Mist",\N,"600732989","Hoefweg","Bleiswijk","Lansingerland","Zuid-Holland",false,52.013012,4.531244,"material damage only","4","fog",false,1,"GM1621"
"20220222638",2022,"Letsel",2,"Bestelauto","e-bike","Flank","Kruispunt, 4 takken",60,"Niet brandend","Daglicht","Droog",\N,\N,"Voorweg","Hellevoetsluis","Voorne aan Zee","Zuid-Holland",false,51.839191,4.093931,"injury","2","clear",false,1,"GM1992"
"20220204291",2022,"Uitsluitend materiele schade",2,"Fiets","e-bike","Onbekend","Rechte weg",30,"Niet brandend","Daglicht","Droog",\N,"290351023","Kruislaan","Blaricum","Blaricum","Noord-Holland",false,52.270795,5.243856,"material damage only","4","clear",false,1,"GM0376"
"20220140971",2022,"Dodelijk",2,"Fiets","Bestelauto","Geparkeerd voertuig","Rechte weg",60,"Niet brandend","Daglicht","Droog",\N,"212372016","Vijfhuizerdijk","Vijfhuizen","Haarlemmermeer","Noord-Holland",false,52.359437,4.675952,"fatal","1","clear",false,1,"GM0394"
"20220211980",2022,"Uitsluitend materiele schade",2,"Personenauto","e-bike","Flank","Kruispunt, 3 takken",\N,"Brandend","Duisternis","Regen",\N,\N,"Prins Hendrikkade","Amsterdam","Amsterdam","Noord-Holland",false,52.372926,4.907408,"material damage only","4","rain",false,1,"GM0363"
"20220219976",2022,"Uitsluitend materiele schade",2,"Fiets","Personenauto","Flank","Kruispunt, 4 takken",50,"Niet brandend","Daglicht","Droog",\N,\N,"Koenraad van Zwabenstr","Rotterdam","Rotterdam","Zuid-Holland",false,51.89871,4.544925,"material damage only","4","clear",false,1,"GM0599"
"20220224933",2022,"Letsel",2,"Personenauto","e-bike","Flank","Rotonde",50,\N,"Daglicht","Regen",\N,\N,"Moergestelseweg","Oisterwijk","Oisterwijk","Noord-Brabant",false,51.574788,5.182273,"injury","2","rain",false,1,"GM0824"
"20220231906",2022,"Uitsluitend materiele schade",2,"Personenauto","Fiets","Flank","Rechte weg",50,"Niet brandend","Duisternis","Regen",\N,"600527499","Pegasuslaan","Heerlen","Heerlen","Limburg",false,50.874687,6.006372,"material damage only","4","rain",false,1,"GM0917"
"20220204382",2022,"Uitsluitend materiele schade",2,"Bromfiets","Fiets","Onbekend","Kruispunt, 4 takken",30,"Niet brandend","Daglicht","Droog",\N,\N,"Kerkstraat","Hilversum","Hilversum","Noord-Holland",false,52.225254,5.173409,"material damage only","4","clear",false,1,"GM0402"
"20220212026",2022,"Letsel",1,"Fiets",\N,"Eenzijdig","Rechte weg",50,"Brandend","Duisternis","Droog",\N,"246377061","Motorkade","Amsterdam","Amsterdam","Noord-Holland",false,52.384684,4.919216,"injury","2","clear",false,1,"GM0363"
"20220231924",2022,"Uitsluitend materiele schade",2,"Personenauto","e-bike","Flank","Rotonde",50,"Niet brandend","Daglicht","Droog",\N,\N,"Tudderenderweg","Sittard","Sittard-Geleen","Limburg",false,51.007233,5.887034,"material damage only","4","clear",false,1,"GM1883"
"20220207910",2022,"Uitsluitend materiele schade",2,"Fiets","Personenauto","Voetganger","Rechte weg",30,"Niet brandend","Daglicht","Droog",\N,"221433047","Hoeverkade","Alkmaar","Alkmaar","Noord-Holland",false,52.634245,4.73538,"material damage only","4","clear",false,1,"GM0361"
"20220207929",2022,"Uitsluitend materiele schade",2,"Personenauto","Fiets","Flank","Kruispunt, 4 takken",50,"Niet brandend","Daglicht","Droog",\N,\N,"Zijlstraat","Haarlem","Haarlem","Noord-Holland",false,52.382495,4.632157,"material damage only","4","clear",false,1,"GM0392"
"20220214151",2022,"Letsel",2,"Fiets","Bestelauto","Flank","Kruispunt, 3 takken",50,"Brandend","Duisternis","Droog",\N,\N,"Westvest","Delft","Delft","Zuid-Holland",false,52.009411,4.35587,"injury","2","clear",false,1,"GM0503"
"20220219186",2022,"Uitsluitend materiele schade",3,"Personenauto","Fiets","Onbekend","Rechte weg",50,"Brandend","Duisternis","Droog",\N,"184273029","WITTE DE WITHBRUG","Rotterdam","Rotterdam","Zuid-Holland",false,51.915017,4.474789,"material damage only","4","clear",false,1,"GM0599"
"20220231185",2022,"Uitsluitend materiele schade",2,"Fiets","Personenauto","Flank","Rotonde",50,"Niet brandend","Daglicht","Droog",\N,\N,"Bredeweg","Roermond","Roermond","Limburg",false,51.192737,6.003109,"material damage only","4","clear",false,1,"GM0957"
"20220199432",2022,"Letsel",2,"Personenauto","Fiets","Frontaal","Kruispunt, 4 takken",50,"Niet brandend","Daglicht","Droog",\N,\N,"Marskant","Hengelo","Hengelo (O)","Overijssel",false,52.264727,6.789116,"injury","2","clear",false,1,\N
"20220219257",2022,"Uitsluitend materiele schade",2,"Personenauto","Fiets","Onbekend","Kruispunt, 3 takken",80,"Niet brandend","Daglicht","Droog",\N,\N,"MONNIKENDIJK","Kapelle","Kapelle","Zeeland",false,51.492901,3.939594,"material damage only","4","clear",false,1,"GM0678"
"20220224197",2022,"Uitsluitend materiele schade",2,"Snorfiets","Fiets","Flank","Rechte weg",30,"Niet brandend","Daglicht","Droog",\N,\N,"Sinopelstraat","Tilburg","Tilburg","Noord-Brabant",false,51.573394,5.041859,"material damage only","4","clear",false,1,"GM0855"
"20220207234",2022,"Letsel",2,"Personenauto","e-bike","Flank","Kruispunt, 3 takken",50,"Niet brandend","Daglicht","Droog",\N,\N,"J. C. Geerligslaan","Anna Paulowna","Hollands Kroon","Noord-Holland",false,52.864165,4.82722,"injury","2","clear",false,1,"GM1911"
"20220209595",2022,"Uitsluitend materiele schade",2,"Personenauto","Fiets","Flank",\N,50,\N,"Daglicht","Droog",\N,\N,"Stationsplein","Heerhugowaard","Dijk en Waard","Noord-Holland",false,52.668229,4.821988,"material damage only","4","clear",false,1,"GM1980"
"20220210767",2022,"Letsel",2,"Personenauto","Fiets","Onbekend","Kruispunt, 3 takken",50,"Niet brandend","Schemer","Droog",\N,\N,"Werengouw","Amsterdam","Amsterdam","Noord-Holland",false,52.395998,4.942052,"injury","2","clear",false,1,"GM0363"
"20220215072",2022,"Uitsluitend materiele schade",2,"e-bike","Personenauto","Flank","Kruispunt, 4 takken",50,"Niet brandend","Daglicht","Droog",\N,\N,"VIADUCT CALAND VAILL","'s-Gravenhage","'s-Gravenhage","Zuid-Holland",false,52.063842,4.31213,"material damage only","4","clear",false,1,"GM0518"