"accident_id","year","severity_raw","party_count","party1_type","party2_type","accident_type","road_situation","speed_limit_kmh","road_lighting","light_condition_label","weather_raw","infra_type","road_segment_id","street_name","place_name","gemeente_name_raw","province","alcohol_indicated","latitude","longitude","severity_label","severity_code","weather_label","built_up_area","cyclists_involved","gemeente_code"
"20230027536",2023,"Uitsluitend materiele schade",2,"Fiets","Bestelauto","Flank","Rechte weg",50,"Niet aanwezig","Daglicht","Droog",\N,"600752651","Kanaaldijk","Breda","Breda","Noord-Brabant",false,51.633993,4.780521,"material damage only","4","clear",false,1,"GM0758"
"20230029871",2023,"Letsel",1,"Fiets",\N,"Eenzijdig","Rechte weg",30,"Niet brandend","Daglicht","Droog",\N,"188304028","Eerste Stationsstraat","Zoetermeer","Zoetermeer","Zuid-Holland",false,52.053345,4.498416,"injury","2","clear",false,1,"GM0637"
"20230031570",2023,"Letsel",2,"Bromfiets","Fiets","Onbekend","Rechte weg",30,"Niet brandend","Daglicht","Sneeuw/Hagel",\N,"402049033","Esdoornstraat","Landgraaf","Landgraaf","Limburg",false,50.910299,6.043215,"injury","2","unknown",false,1,"GM0882"
"20230071194",2023,"Uitsluitend materiele schade",1,"Fiets",\N,"Onbekend","Rechte weg",50,"Niet brandend","Daglicht","Droog",\N,\N,"Gasthuisring","Tilburg","Tilburg","Noord-Brabant",false,51.562017,5.077449,"material damage only","4","clear",false,1,"GM0855"
"20230073324",2023,"Letsel",2,"Personenauto","Fiets","Flank","Rechte weg",50,"Niet aanwezig","Daglicht","Droog",\N,\N,"Boekweitlaan","Hoogeveen","Hoogeveen","Drenthe",false,52.71419,6.496132,"injury","2","clear",false,1,"GM0118"
"20240026333",2024,"Letsel",2,"Personenauto","Fiets","Flank","Rechte weg",50,"Niet brandend","Daglicht","Droog",\N,"600618480","Grote Molenstraat","Elst","Overbetuwe","Gelderland",false,51.929959,5.840487,"injury","2","clear",false,1,"GM1734"
"20230020156",2023,"Uitsluitend materiele schade",2,"Personenauto","Fiets","Flank","Rechte weg",50,"Brandend","Duisternis","Droog",\N,"169294201","Brabantse Turfmarkt","Delft","Delft","Zuid-Holland",false,52.008846,4.361399,"material damage only","4","clear",false,1,"GM0503"
"20230022954",2023,"Uitsluitend materiele schade",3,"Personenauto","Fiets","Onbekend","Rechte weg",30,"Brandend","Duisternis","Droog",\N,"600124753","Amstel","Amsterdam","Amsterdam","Noord-Holland",false,52.367021,4.89627,"material damage only","4","clear",false,1,"GM0363"
"20230029917",2023,"Uitsluitend materiele schade",2,"Personenauto","Fiets","Flank","Rotonde",50,"Niet brandend","Daglicht","Droog",\N,\N,"Eikenlaan","Spijkenisse","Nissewaard","Zuid-Holland",false,51.84185,4.331052,"material damage only","4","clear",false,1,"GM1930"
"20230036082",2023,"Uitsluitend materiele schade",2,"Fiets","Bromfiets","Flank","Rechte weg",30,"Niet brandend","Daglicht","Droog",\N,"372254023","Hatertseveldweg","Nijmegen","Nijmegen","Gelderland",false,51.834492,5.84206,"material damage only","4","clear",false,1,"GM0268"
"20230071359",2023,"Letsel",1,"Fiets",\N,"Eenzijdig","Rechte weg",50,"Brandend","Daglicht","Droog","Spoorwegovergang","354041003","Ankerkade","Maastricht","Maastricht","Limburg",false,50.877934,5.705386,"injury","2","clear",false,1,"GM0935"
"20230071550",2023,"Uitsluitend materiele schade",2,"Personenauto","Fiets","Flank","Kruispunt, 4 takken",50,"Brandend","Duisternis","Droog",\N,\N,"Leostraat","Eindhoven","Eindhoven","Noord-Brabant",false,51.423869,5.485851,"material damage only","4","clear",false,1,"GM0772"
"20230072086",2023,"Uitsluitend materiele schade",2,"Personenauto","Fiets","Flank","Rechte weg",50,"Brandend","Duisternis","Droog",\N,"465563120","Aweg","Groningen","Groningen","Groningen",false,53.214833,6.551606,"material damage only","4","clear",false,1,"GM0014"
"20240025339",2024,"Letsel",2,"Personenauto","Fiets","Flank","Rotonde",50,"Brandend","Duisternis","Regen",\N,"600688569","Geldropseweg","Mierlo","Geldrop-Mierlo","Noord-Brabant",false,51.445536,5.615982,"injury","2","rain",false,1,"GM1771"
"20230078055",2023,"Letsel",2,"Personenauto","Fiets","Flank","Kruispunt, 4 takken",50,"Niet brandend","Daglicht","Droog",\N,"600759522","Amsterdamseweg","Amstelveen","Amstelveen","Noord-Holland",false,52.305957,4.846647,"injury","2","clear",false,1,"GM0362"
"20230020195",2023,"Uitsluitend materiele schade",2,"Bestelauto","Fiets","Kop/staart","Rechte weg",30,"Niet brandend","Daglicht","Droog",\N,"600362848","Westerstraat","Amsterdam","Amsterdam","Noord-Holland",false,52.377899,4.880296,"material damage only","4","clear",false,1,"GM0363"
"20230021866",2023,"Letsel",2,"Personenauto","e-bike","Geparkeerd voertuig","Kruispunt, 3 takken",50,"Niet brandend","Daglicht","Droog","Parkeervoorziening",\N,"Hoofdweg-Zuid","Nieuwerkerk aan den IJssel","Zuidplas","Zuid-Holland",false,51.9619,4.588986,"injury","2","clear",false,1,"GM1892"
"20230021896",2023,"Letsel",2,"Personenauto","Fiets","Flank","Rotonde",50,"Brandend","Duisternis","Droog",\N,\N,"Zeeweg","Katwijk","Katwijk","Zuid-Holland",false,52.199934,4.414594,"injury","2","clear",false,1,"GM0537"
"20230029936",2023,"Letsel",2,"Fiets","Fiets","Frontaal","Kruispunt, 3 takken",50,"Brandend","Daglicht","Droog",\N,\N,"Groenezoom","Dordrecht","Dordrecht","Zuid-Holland",false,51.808029,4.692988,"injury","2","clear",false,1,"GM0505"
"20230031093",2023,"Letsel",2,"Personenauto","Fiets","Los voorwerp","Kruispunt, 3 takken",30,"Brandend","Duisternis","Droog",\N,\N,"Noord Koninginnewal","Helmond","Helmond","Noord-Brabant",false,51.480605,5.658141,"injury","2","clear",false,1,"GM0794"
"20230066664",2023,"Letsel",2,"Personenauto","Fiets","Onbekend","Rechte weg",30,"Niet brandend","Daglicht","Droog",\N,"600740039","Bloemendaalseweg","Bloemendaal","Bloemendaal","Noord-Holland",false,52.402118,4.61757,"injury","2","clear",false,1,"GM0377"
"20230072472",2023,"Letsel",2,"Fiets","Personenauto","Flank","Rechte weg",50,"Niet brandend","Daglicht","Droog",\N,"462564014","Metaallaan","Groningen","Groningen","Groningen",false,53.221438,6.53061,"injury","2","clear",false,1,"GM0014"
"20230072671",2023,"Uitsluitend materiele schade",2,"Bestelauto","Fiets","Onbekend","Rechte weg",50,"Niet brandend","Daglicht","Droog",\N,\N,"Hogenkampsweg","Zwolle","Zwolle","Overijssel",false,52.522228,6.105058,"material damage only","4","clear",false,1,"GM0193"
"20230075969",2023,"Uitsluitend materiele schade",2,"Fiets","Personenauto","Flank","Kruispunt, 4 takken",50,"Niet brandend","Daglicht","Droog",\N,\N,"Oosterweg","Heemskerk","Heemskerk","Noord-Holland",false,52.515898,4.663997,"material damage only","4","clear",false,1,"GM0396"
"20230013862",2023,"Uitsluitend materiele schade",2,"Personenauto","Fiets","Flank","Rechte weg",50,"Niet brandend","Daglicht","Droog",\N,"484374073","Sluitersveldssingel","Almelo","Almelo","Overijssel",false,52.367107,6.671395,"material damage only","4","clear",false,1,"GM0141"
"20230014450",2023,"Uitsluitend materiele schade",2,"Personenauto","Fiets","Kop/staart","Kruispunt, 4 takken",50,"Niet brandend","Daglicht","Droog",\N,\N,"Rietgrachtstraat","Arnhem","Arnhem","Gelderland",false,51.976949,5.918014,"material damage only","4","clear",false,1,"GM0202"
"20230028810",2023,"Letsel",2,"Fiets","Trein/tram","Voetganger","Rechte weg",50,"Brandend","Schemer","Droog",\N,"600729911","Burg van Walsumweg","Rotterdam","Rotterdam","Zuid-Holland",false,51.922041,4.495711,"injury","2","clear",false,1,"GM0599"
"20230030001",2023,"Uitsluitend materiele schade",2,"Personenauto","Fiets","Frontaal","Bocht",30,"Niet brandend","Daglicht","Regen",\N,"196283042","Roer","Rotterdam","Rotterdam","Zuid-Holland",false,51.959798,4.564604,"material damage only","4","rain",false,1,"GM0599"
"20230066714",2023,"Letsel",2,"Personenauto","Fiets","Flank","Kruispunt, 4 takken",30,"Niet brandend","Daglicht","Droog",\N,\N,"Louis Armstrongboulevard","Utrecht","Utrecht","Utrecht",false,52.100646,5.044273,"injury","2","clear",false,1,"GM0344"
"20230074177",2023,"Letsel",2,"Fiets","Fiets","Flank","Kruispunt, 3 takken",30,"Niet brandend","Daglicht","Droog",\N,\N,"Sweelinckdreef","Harderwijk","Harderwijk","Gelderland",false,52.328165,5.603719,"injury","2","clear",false,1,"GM0243"
"20230075786",2023,"Letsel",2,"Fiets","Fiets","Kop/staart","Kruispunt, 3 takken",30,"Niet brandend","Daglicht","Droog",\N,\N,"Mercuriusstraat","Emmeloord","Noordoostpolder","Flevoland",false,52.70368,5.737704,"injury","2","clear",false,1,"GM0171"
"20230076011",2023,"Letsel",2,"Personenauto","Fiets","Onbekend","Kruispunt, 3 takken",50,"Niet brandend","Daglicht","Droog",\N,\N,"Koningsstraat","Hilversum","Hilversum","Noord-Holland",false,52.220509,5.180192,"injury","2","clear",false,1,"GM0402"
"20230077720",2023,"Letsel",2,"Personenauto","e-bike","Flank","Rotonde",50,"Niet brandend","Daglicht","Droog",\N,"600488567","Sandifortdreef","Leiden","Leiden","Zuid-Holland",false,52.16928,4.477533,"injury","2","clear",false,1,"GM0546"
"20230013334",2023,"Uitsluitend materiele schade",2,"Fiets","Fiets","Onbekend","Kruispunt, 3 takken",50,"Niet brandend","Daglicht","Regen",\N,\N,"Van Uvenweg","Wageningen","Wageningen","Gelderland",false,51.972045,5.658516,"material damage only","4","rain",false,1,"GM0289"
"20230016213",2023,"Letsel",2,"Personenauto","Fiets","Flank","Kruispunt, 3 takken",30,"Niet brandend","Schemer","Droog",\N,\N,"Bozenhoven","Mijdrecht","De Ronde Venen","Utrecht",false,52.205977,4.865468,"injury","2","clear",false,1,"GM0736"
"20230019119",2023,"Uitsluitend materiele schade",2,"Personenauto","Fiets","Flank","Kruispunt, 4 takken",50,"Brandend","Duisternis","Regen",\N,\N,"Haaksbergerstraat","Enschede","Enschede","Overijssel",false,52.211148,6.879302,"material damage only","4","rain",false,1,"GM0153"
"20230021372",2023,"Letsel",2,"Personenauto","Fiets","Flank","Kruispunt, 4 takken",50,"Brandend","Schemer","Regen",\N,\N,"KATWIJK ZH MIDDEN","Katwijk","Katwijk","Zuid-Holland",false,52.20402,4.426784,"injury","2","rain",false,1,"GM0537"
"20230023050",2023,"Uitsluitend materiele schade",2,"Personenauto","Fiets","Flank","Kruispunt, 3 takken",30,"Niet brandend","Daglicht","Droog",\N,\N,"Admiraal De Ruijterweg","Amsterdam","Amsterdam","Noord-Holland",false,52.372305,4.859363,"material damage only","4","clear",false,1,"GM0363"
"20230089432",2023,"Letsel",1,"Fiets",\N,"Eenzijdig",\N,\N,\N,"Duisternis",\N,\N,"600590837","Oude Trambaan","Wassenaar","Wassenaar","Zuid-Holland",false,52.148145,4.425008,"injury","2","unknown",false,1,"GM0629"
"20230089817",2023,"Letsel",2,"Personenauto","Fiets","Onbekend","Rechte weg",50,\N,"Daglicht",\N,\N,"601110619","Lange Hilleweg","Rotterdam","Rotterdam","Zuid-Holland",false,51.895373,4.505602,"injury","2","unknown",false,1,"GM0599"
"20230090171",2023,"Letsel",1,"Fiets",\N,"Eenzijdig","Kruispunt, 4 takken",50,"Niet brandend","Daglicht","Droog",\N,\N,"Nieuwe Duinweg","Katwijk","Katwijk","Zuid-Holland",false,52.194922,4.418785,"injury","2","clear",false,1,"GM0537"
"20230102946",2023,"Letsel",1,"Fiets",\N,"Eenzijdig",\N,\N,\N,"Daglicht",\N,\N,"600590837","Oude Trambaan","Wassenaar","Wassenaar","Zuid-Holland",false,52.148145,4.425008,"injury","2","unknown",false,1,"GM0629"
"20240075143",2024,"Uitsluitend materiele schade",1,"Fiets",\N,"Onbekend","Bocht",50,"Niet brandend","Daglicht","Droog",\N,\N,"Waalkade","Nijmegen","Nijmegen","Gelderland",false,51.850584,5.857243,"material damage only","4","clear",false,1,"GM0268"
"20240038098",2024,"Uitsluitend materiele schade",2,"Fiets","Personenauto","Flank","Kruispunt, 3 takken",50,"Niet brandend","Daglicht","Droog",\N,\N,"Pannekeetweg","Heerhugowaard","Dijk en Waard","Noord-Holland",false,52.696357,4.828831,"material damage only","4","clear",false,1,"GM1980"
"20240047707",2024,"Uitsluitend materiele schade",2,"Personenauto","Fiets","Flank","Rechte weg",50,"Niet brandend","Daglicht","Droog",\N,"216446011","Duinweg","Schoorl","Bergen (NH)","Noord-Holland",false,52.692702,4.698453,"material damage only","4","clear",false,1,\N
"20240075181",2024,"Letsel",1,"Fiets",\N,"Onbekend","Rechte weg",60,"Niet aanwezig","Daglicht","Droog",\N,"601088316","Heerderweg","Epe","Epe","Gelderland",false,52.357436,5.995418,"injury","2","clear",false,1,"GM0232"
"20240041278",2024,"Letsel",2,"Fiets","Fiets","Flank","Kruispunt, 4 takken",50,"Niet brandend","Daglicht","Droog",\N,\N,"Daveren","Amsterdam","Amsterdam","Noord-Holland",false,52.389921,4.770359,"injury","2","clear",false,1,"GM0363"
"20240071593",2024,"Letsel",2,"Personenauto","Fiets","Flank","Rotonde",50,"Niet brandend","Daglicht","Droog",\N,\N,"Beukelsdijk","Rotterdam","Rotterdam","Zuid-Holland",false,51.921262,4.455335,"injury","2","clear",false,1,"GM0599"
"20240079023",2024,"Uitsluitend materiele schade",2,"e-bike","Personenauto","Flank","Kruispunt, 4 takken",30,"Niet brandend","Daglicht","Droog",\N,\N,"Statenjachtstraat","Amsterdam","Amsterdam","Noord-Holland",false,52.406437,4.915748,"material damage only","4","clear",false,1,"GM0363"
"20240039011",2024,"Letsel",2,"Personenauto","Fiets","Flank","Kruispunt, 3 takken",30,"Niet aanwezig","Daglicht","Droog",\N,\N,"Schrijverstraat","Almere","Almere","Flevoland",false,52.372403,5.219257,"injury","2","clear",false,1,"GM0034"
"20240040522",2024,"Letsel",3,"Fiets","Fiets","Frontaal","Rechte weg",30,"Niet aanwezig","Daglicht","Droog",\N,"163291036","Ommedijk","Schipluiden","Midden-Delfland","Zuid-Holland",false,51.992872,4.322536,"injury","2","clear",false,1,"GM1842"
"20240051491",2024,"Uitsluitend materiele schade",2,"Personenauto","Fiets","Flank","Rotonde",30,"Niet brandend","Daglicht","Droog",\N,\N,"Meeuwenlaan","Amsterdam","Amsterdam","Noord-Holland",false,52.387802,4.923404,"material damage only","4","clear",false,1,"GM0363"
"20240038203",2024,"Uitsluitend materiele schade",2,"Personenauto","Fiets","Onbekend","Kruispunt, 3 takken",30,"Niet brandend","Daglicht","Droog",\N,\N,"Arnhemse Bovenweg","Zeist","Zeist","Utrecht",false,52.076104,5.254531,"material damage only","4","clear",false,1,"GM0355"
"20240042660",2024,"Uitsluitend materiele schade",1,"Fiets",\N,"Onbekend","Kruispunt, 4 takken",30,"Niet brandend","Daglicht","Regen",\N,\N,"Nieuwe Haven","'s-Gravenhage","'s-Gravenhage","Zuid-Holland",false,52.076099,4.322281,"material damage only","4","rain",false,1,"GM0518"
"20240047836",2024,"Uitsluitend materiele schade",2,"Bestelauto","Fiets","Flank","Kruispunt, 4 takken",50,"Niet brandend","Daglicht","Droog",\N,\N,"Tiendweg","Leerdam","Vijfheerenlanden","Utrecht",false,51.89269,5.088265,"material damage only","4","clear",false,1,"GM1961"
"20240050915",2024,"Uitsluitend materiele schade",2,"Personenauto","Fiets","Flank","Kruispunt, 4 takken",30,"Niet brandend","Daglicht","Droog",\N,\N,"Drechterwaard","Alkmaar","Alkmaar","Noord-Holland",false,52.641688,4.75558,"material damage only","4","clear",false,1,"GM0361"
"20240079080",2024,"Uitsluitend materiele schade",2,"Personenauto","Fiets","Onbekend","Rechte weg",\N,"Niet brandend","Daglicht","Droog",\N,"190328115","Vlasbaan","Leiderdorp","Leiderdorp","Zuid-Holland",false,52.163697,4.516075,"material damage only","4","clear",false,1,"GM0547"
"20240041396",2024,"Letsel",2,"e-bike","Overig vast object","Eenzijdig","Rotonde",50,"Brandend","Duisternis","Droog",\N,\N,"Soomerwegh","Castricum","Castricum","Noord-Holland",false,52.549474,4.67074,"injury","2","clear",false,1,"GM0383"
"20240041402",2024,"Letsel",1,"Fiets",\N,"Eenzijdig","Rechte weg",30,"Niet brandend","Daglicht","Droog",\N,"207440006","Verspyckweg","Bergen aan Zee","Bergen (NH)","Noord-Holland",false,52.665602,4.634603,"injury","2","clear",false,1,\N
"20240034296",2024,"Uitsluitend materiele schade",2,"Personenauto","Fiets","Flank","Kruispunt, 4 takken",30,"Niet brandend","Daglicht","Regen",\N,\N,"Weteringlaan","Tilburg","Tilburg","Noord-Brabant",false,51.542794,5.039229,"material damage only","4","rain",false,1,"GM0855"
"20240034299",2024,"Uitsluitend materiele schade",2,"Bromfiets","Fiets","Onbekend","Rotonde",30,"Niet brandend","Daglicht","Droog",\N,\N,"Pagelaan","Eindhoven","Eindhoven","Noord-Brabant",false,51.450037,5.514889,"material damage only","4","clear",false,1,"GM0772"
"20240041569",2024,"Letsel",2,"Personenauto","Fiets","Frontaal","Kruispunt, 4 takken",30,"Niet brandend","Daglicht","Droog",\N,\N,"Kinheim","Hoogvliet Rotterdam","Rotterdam","Zuid-Holland",false,51.865359,4.358818,"injury","2","clear",false,1,"GM0599"
"20240047409",2024,"Letsel",2,"Fiets","Fiets","Flank","Kruispunt, 3 takken",50,"Niet brandend","Daglicht","Droog",\N,\N,"Westerhaven","Groningen","Groningen","Groningen",false,53.21426,6.556083,"injury","2","clear",false,1,"GM0014"
"20240047414",2024,"Uitsluitend materiele schade",3,"Bromfiets","Fiets","Flank","Kruispunt, 4 takken",50,"Niet brandend","Daglicht","Droog",\N,\N,"Folsingadyk","Leeuwarden","Leeuwarden","Friesland",false,53.182053,5.819767,"material damage only","4","clear",false,1,"GM0080"
"20240051116",2024,"Uitsluitend materiele schade",2,"Fiets","Personenauto","Kop/staart","Rechte weg",30,"Niet brandend","Daglicht","Droog",\N,"248372033","Javastraat","Amsterdam","Amsterdam","Noord-Holland",false,52.363756,4.936887,"material damage only","4","clear",false,1,"GM0363"
"20240077223",2024,"Uitsluitend materiele schade",2,"Personenauto","Fiets","Flank","Rotonde",50,"Niet brandend","Daglicht","Droog",\N,\N,"Gangeslaan","Purmerend","Purmerend","Noord-Holland",false,52.491496,4.945627,"material damage only","4","clear",false,1,"GM0439"
"20240077232",2024,"Letsel",2,"Personenauto","Fiets","Flank","Rechte weg",50,"Niet brandend","Daglicht","Droog",\N,"600682461","Sportlaan","Veenendaal","Veenendaal","Utrecht",false,52.026219,5.543639,"injury","2","clear",false,1,"GM0345"
"20240035338",2024,"Uitsluitend materiele schade",2,"Fiets","Fiets","Onbekend","Kruispunt, 4 takken",30,"Niet brandend","Daglicht","Droog",\N,\N,"Anton Tijdinklaan","Ulft","Oude IJsselstreek","Gelderland",false,51.882978,6.38407,"material damage only","4","clear",false,1,"GM1509"
"20240048076",2024,"Letsel",2,"Personenauto","Fiets","Onbekend","Kruispunt, 4 takken",50,"Niet brandend","Daglicht","Regen",\N,\N,"Strausslaan","Nieuw-Vennep","Haarlemmermeer","Noord-Holland",false,52.271999,4.620057,"injury","2","rain",false,1,"GM0394"
"20240076590",2024,"Letsel",2,"Motor","Fiets","Flank","Kruispunt, 3 takken",80,"Niet brandend","Daglicht","Droog",\N,\N,"Koumansburg","Haule","Ooststellingwerf","Friesland",false,53.045603,6.330789,"injury","2","clear",false,1,"GM0085"
"20240036901",2024,"Uitsluitend materiele schade",2,"Personenauto","Fiets","Flank","Rotonde",50,"Niet brandend","Daglicht","Droog",\N,\N,"Broekhoekweg","Losser","Losser","Overijssel",false,52.251677,7.009267,"material damage only","4","clear",false,1,"GM0168"
"20240038512",2024,"Uitsluitend materiele schade",2,"Snorfiets","Fiets","Frontaal","Bocht",50,"Niet brandend","Daglicht",\N,\N,"600668775","Halve Maan","Beverwijk","Beverwijk","Noord-Holland",false,52.478094,4.653797,"material damage only","4","unknown",false,1,"GM0375"
"20240040174",2024,"Letsel",3,"Fiets","Fiets","Voetganger","Rechte weg",30,"Brandend","Duisternis","Droog",\N,"241377193","Nassauplein","Amsterdam","Amsterdam","Noord-Holland",true,52.385016,4.881576,"injury","2","clear",false,1,"GM0363"
"20240042345",2024,"Uitsluitend materiele schade",3,"Fiets","Fiets","Flank","Rechte weg",30,"Niet brandend","Daglicht","Droog","Brug/viaduct","600743927","Rondweg","Dordrecht","Dordrecht","Zuid-Holland",false,51.78824,4.671169,"material damage only","4","clear",false,1,"GM0505"
"20240071979",2024,"Letsel",2,"Personenauto","Fiets","Flank","Kruispunt, 3 takken",30,"Brandend","Duisternis","Droog",\N,\N,"Strevelsweg","Rotterdam","Rotterdam","Zuid-Holland",true,51.889768,4.503372,"injury","2","clear",false,1,"GM0599"
"20240076681",2024,"Letsel",2,"Personenauto","Fiets","Flank","Kruispunt, 3 takken",50,"Niet brandend","Daglicht","Droog",\N,\N,"Stationsweg","Groningen","Groningen","Groningen",false,53.211769,6.563418,"injury","2","clear",false,1,"GM0014"
"20240035444",2024,"Uitsluitend materiele schade",2,"Snorfiets","Fiets","Flank","Rechte weg",30,"Niet brandend","Daglicht","Droog",\N,"374256101","Stieltjesstraat","Nijmegen","Nijmegen","Gelderland",false,51.844583,5.854615,"material damage only","4","clear",false,1,"GM0268"
"20240038568",2024,"Uitsluitend materiele schade",2,"Fiets","Personenauto","Flank","Kruispunt, 3 takken",30,"Niet brandend","Daglicht","Droog",\N,\N,"Humberdreef","Utrecht","Utrecht","Utrecht",false,52.11736,5.115578,"material damage only","4","clear",false,1,"GM0344"
"20240038581",2024,"Letsel",2,"Personenauto","Fiets","Flank","Kruispunt, 3 takken",50,"Niet brandend","Daglicht","Droog",\N,\N,"Buurtlaan west","Veenendaal","Veenendaal","Utrecht",false,52.034935,5.563969,"injury","2","clear",false,1,"GM0345"
"20240044757",2024,"Uitsluitend materiele schade",2,"Snorfiets","Fiets","Kop/staart","Rechte weg",30,"Niet brandend","Daglicht","Droog",\N,"600795642","Willem de Zwijgerweg","Best","Best","Noord-Brabant",false,51.50435,5.396761,"material damage only","4","clear",false,1,"GM0753"
"20240033933",2024,"Uitsluitend materiele schade",2,"Personenauto","Fiets","Onbekend","Kruispunt, 4 takken",30,"Brandend","Duisternis","Droog",\N,\N,"Trompstraat","Helmond","Helmond","Noord-Brabant",false,51.475342,5.681877,"material damage only","4","clear",false,1,"GM0794"
"20240050701",2024,"Letsel",2,"Fiets","Fiets","Onbekend","Rechte weg",30,"Niet brandend","Daglicht","Droog",\N,"600926891","Spoorpad","Pijnacker","Pijnacker-Nootdorp","Zuid-Holland",false,52.0229,4.43502,"injury","2","clear",false,1,"GM1926"
"20240078891",2024,"Letsel",2,"Personenauto","Fiets","Frontaal","Kruispunt, 3 takken",30,\N,"Duisternis",\N,\N,"245370091","Iepenplein","Amsterdam","Amsterdam","Noord-Holland",false,52.356483,4.914367,"injury","2","unknown",false,1,"GM0363"
"20240040353",2024,"Letsel",2,"Snorfiets","Fiets","Kop/staart","Rechte weg",50,"Niet brandend","Daglicht","Droog",\N,"189330061","IJsselmeerlaan","Leiden","Leiden","Zuid-Holland",false,52.173146,4.510057,"injury","2","clear",false,1,"GM0546"
"20240044884",2024,"Letsel",2,"e-bike","Fiets","Flank","Kruispunt, 4 takken",50,"Niet brandend","Daglicht","Droog",\N,\N,"de la Reijweg","Breda","Breda","Noord-Brabant",false,51.586022,4.796727,"injury","2","clear",false,1,"GM0758"
"20230092247",2023,"Letsel",2,"Bus","Fiets","Los voorwerp","Kruispunt, 4 takken",50,"Niet brandend","Daglicht","Droog",\N,\N,"Aalsterweg","Eindhoven","Eindhoven","Noord-Brabant",false,51.421054,5.484717,"injury","2","clear",false,1,"GM0772"
"20230098037",2023,"Uitsluitend materiele schade",2,"Personenauto","Fiets","Flank","Kruispunt, 3 takken",50,"Brandend","Duisternis","Regen",\N,\N,"Kleingouw","Andijk","Medemblik","Noord-Holland",false,52.739317,5.192917,"material damage only","4","rain",false,1,"GM0420"
"20230106935",2023,"Uitsluitend materiele schade",2,"Personenauto","Fiets","Kop/staart","Kruispunt, 4 takken",50,"Brandend","Duisternis","Regen",\N,\N,"Eendrachtsplein","Rotterdam","Rotterdam","Zuid-Holland",false,51.917007,4.47261,"material damage only","4","rain",false,1,"GM0599"
"20230084068",2023,"Uitsluitend materiele schade",2,"Fiets","Fiets","Flank","Rechte weg",50,"Niet brandend","Daglicht","Droog",\N,"601002381","Ned Benedictweg","Wormerveer","Zaanstad","Noord-Holland",false,52.501311,4.789113,"material damage only","4","clear",false,1,"GM0479"
"20230085812",2023,"Uitsluitend materiele schade",2,"Personenauto","Fiets","Frontaal","Rechte weg",60,"Niet brandend","Daglicht","Droog",\N,"422351009","B.C. Koekkoekpad","Deventer","Deventer","Overijssel",false,52.266836,6.215131,"material damage only","4","clear",false,1,"GM0150"
"20230086389",2023,"Uitsluitend materiele schade",2,"Personenauto","Fiets","Geparkeerd voertuig","Rechte weg",30,"Niet brandend","Daglicht","Droog",\N,"161306001","Groenteweg","'s-Gravenhage","'s-Gravenhage","Zuid-Holland",false,52.061524,4.302898,"material damage only","4","clear",false,1,"GM0518"
"20230099808",2023,"Uitsluitend materiele schade",2,"Personenauto","Fiets","Flank","Kruispunt, 4 takken",50,"Niet brandend","Daglicht","Regen",\N,\N,"Bredeweg","Roermond","Roermond","Limburg",false,51.200152,6.005244,"material damage only","4","rain",false,1,"GM0957"
"20230101656",2023,"Letsel",2,"Vrachtauto","Fiets","Flank","Kruispunt, 4 takken",50,"Niet brandend","Daglicht","Droog",\N,\N,"Lorentzplein","'s-Gravenhage","'s-Gravenhage","Zuid-Holland",false,52.060484,4.327356,"injury","2","clear",false,1,"GM0518"
"20230103051",2023,"Letsel",1,"Fiets",\N,"Eenzijdig","Rechte weg",50,"Niet brandend","Duisternis","Regen",\N,\N,"Veluweplein","'s-Gravenhage","'s-Gravenhage","Zuid-Holland",false,52.059208,4.292412,"injury","2","rain",false,1,"GM0518"
"20230106559",2023,"Letsel",2,"Fiets","Bestelauto","Geparkeerd voertuig","Rechte weg",30,"Niet brandend","Daglicht","Droog","Parkeervoorziening","181272044","Nieuwe Binnenweg","Rotterdam","Rotterdam","Zuid-Holland",false,51.912179,4.454745,"injury","2","clear",false,1,"GM0599"
"20230079419",2023,"Uitsluitend materiele schade",2,"Fiets","Personenauto","Onbekend","Kruispunt, 4 takken",50,"Niet brandend","Daglicht","Droog",\N,\N,"Fakkellaan","Eindhoven","Eindhoven","Noord-Brabant",false,51.473924,5.457903,"material damage only","4","clear",false,1,"GM0772"
"20230086976",2023,"Letsel",2,"Bromfiets","Fiets","Flank","Rechte weg",30,"Brandend","Schemer","Regen",\N,"600742410","Noorderkeerkring","Alphen aan den Rijn","Alphen aan den Rijn","Zuid-Holland",false,52.126135,4.64776,"injury","2","rain",false,1,"GM0484"
"20230080049",2023,"Uitsluitend materiele schade",3,"Personenauto","Fiets","Onbekend","Kruispunt, 4 takken",30,"Niet brandend","Daglicht","Droog",\N,\N,"Van Cittersstraat","Middelburg","Middelburg","Zeeland",false,51.527427,3.604011,"material damage only","4","clear",false,1,\N
"20230088217",2023,"Letsel",2,"Fiets","e-bike","Flank","Kruispunt, 4 takken",50,"Brandend","Duisternis","Regen",\N,\N,"Kinderhuissingel","Haarlem","Haarlem","Noord-Holland",false,52.383453,4.629657,"injury","2","rain",false,1,"GM0392"
"20230101715",2023,"Uitsluitend materiele schade",2,"Personenauto","Fiets","Flank","Rechte weg",50,"Niet brandend","Daglicht","Droog",\N,"153302003","IJzerwerf","'s-Gravenhage","'s-Gravenhage","Zuid-Holland",false,52.04506,4.250771,"material damage only","4","clear",false,1,"GM0518"