"accident_id","year","severity_raw","party_count","party1_type","party2_type","accident_type","road_situation","speed_limit_kmh","road_lighting","light_condition_label","weather_raw","infra_type","road_segment_id","street_name","place_name","gemeente_name_raw","province","alcohol_indicated","latitude","longitude","severity_label","severity_code","weather_label","built_up_area","cyclists_involved","gemeente_code"
"20230084191",2023,"Letsel",2,"Personenauto","Fiets","Flank","Rechte weg",50,"Niet brandend","Daglicht","Regen",\N,\N,"Ratelaar","Heemskerk","Heemskerk","Noord-Holland",false,52.509675,4.661919,"injury","2","rain",false,1,"GM0396"
"20230098208",2023,"Letsel",2,"Fiets","Los voorwerp","Los voorwerp","Rechte weg",\N,"Brandend","Duisternis","Droog",\N,"600752248","Diamantweg","Alkmaar","Alkmaar","Noord-Holland",false,52.612126,4.758937,"injury","2","clear",false,1,"GM0361"
"20230099730",2023,"Uitsluitend materiele schade",2,"Personenauto","Fiets","Flank","Kruispunt, 4 takken",50,"Brandend","Schemer","Regen",\N,\N,"Rembrandtlaan","Rijen","Gilze en Rijen","Noord-Brabant",false,51.587174,4.91517,"material damage only","4","rain",false,1,"GM0784"
"20230089458",2023,"Letsel",2,"Bestelauto","e-bike","Flank","Kruispunt, 4 takken",50,"Niet brandend","Daglicht","Droog",\N,\N,"Groene Kruisweg","Vierpolders","Voorne aan Zee","Zuid-Holland",false,51.899044,4.161792,"injury","2","clear",false,1,"GM1992"
"20230093005",2023,"Uitsluitend materiele schade",2,"Fiets","Bromfiets","Kop/staart","Rechte weg",50,"Niet brandend","Daglicht","Regen",\N,"600856132","Kazernestraat","Deventer","Deventer","Overijssel",false,52.252333,6.166858,"material damage only","4","rain",false,1,"GM0150"
"20230100708",2023,"Uitsluitend materiele schade",3,"Personenauto","Fiets","Onbekend","Kruispunt, 4 takken",50,"Niet brandend","Daglicht","Droog",\N,\N,"Zoutestraat","Hulst","Hulst","Zeeland",false,51.286973,4.060016,"material damage only","4","clear",false,1,"GM0677"
"20230105919",2023,"Letsel",2,"Bromfiets","Fiets","Frontaal","Rechte weg",60,"Niet brandend","Daglicht","Droog",\N,\N,"Rijssensestraat","Wierden","Wierden","Overijssel",false,52.344633,6.572595,"injury","2","clear",false,1,"GM0189"
"20230081295",2023,"Letsel",3,"Fiets","Fiets","Onbekend","Kruispunt, 3 takken",30,"Niet brandend","Daglicht","Droog",\N,\N,"Zuidendijk","Dordrecht","Dordrecht","Zuid-Holland",false,51.783974,4.693675,"injury","2","clear",false,1,"GM0505"
"20230084835",2023,"Uitsluitend materiele schade",2,"Fiets","Fiets","Onbekend","Rechte weg",50,"Brandend","Duisternis","Regen",\N,\N,"Wisseloordlaan","Hilversum","Hilversum","Noord-Holland",false,52.233543,5.155331,"material damage only","4","rain",false,1,"GM0402"
"20230090696",2023,"Letsel",3,"Personenauto","Fiets","Flank","Kruispunt, 4 takken",60,"Niet brandend","Daglicht","Droog",\N,\N,"Dakotaweg","Schijndel","Meierijstad","Noord-Brabant",false,51.601898,5.476423,"injury","2","clear",false,1,"GM1948"
"20230095936",2023,"Letsel",2,"Fiets","Fiets","Flank","Rechte weg",50,"Niet brandend","Daglicht","Droog",\N,"600770574","HET LINT - MAXIMAPARK","Utrecht","Utrecht","Utrecht",false,52.11053,5.032758,"injury","2","clear",false,1,"GM0344"
"20230087151",2023,"Letsel",2,"Personenauto","Fiets","Flank","Kruispunt, 3 takken",30,"Niet brandend","Daglicht","Regen",\N,\N,"Harry Hoekstraat","Wateringen","Westland","Zuid-Holland",false,52.022082,4.268473,"injury","2","rain",false,1,"GM1783"
"20230093091",2023,"Letsel",1,"Fiets",\N,"Eenzijdig","Rechte weg",30,"Brandend","Duisternis","Regen",\N,"512339060","Europalaan","Enschede","Enschede","Overijssel",false,52.206353,6.867084,"injury","2","rain",false,1,"GM0153"
"20230102755",2023,"Letsel",1,"Fiets",\N,"Eenzijdig","Rechte weg",60,"Brandend","Duisternis","Droog/Harde windstoten",\N,"194347002","Heereweg","Lisse","Lisse","Zuid-Holland",false,52.249767,4.544562,"injury","2","unknown",false,1,"GM0553"
"20230085483",2023,"Uitsluitend materiele schade",2,"Bestelauto","Fiets","Frontaal","Kruispunt, 3 takken",30,"Niet brandend","Daglicht","Regen",\N,\N,"Graafdijk","Lopik","Lopik","Utrecht",false,51.979778,4.977021,"material damage only","4","rain",false,1,"GM0331"
"20230088398",2023,"Letsel",2,"Fiets","Fiets","Frontaal","Rechte weg",80,"Niet brandend","Daglicht","Droog",\N,"171268032","Butaanweg","Vondelingenplaat Rotterdam","Rotterdam","Zuid-Holland",false,51.886441,4.379457,"injury","2","clear",false,1,"GM0599"
"20230098391",2023,"Uitsluitend materiele schade",2,"Personenauto","Fiets","Flank","Rechte weg",50,"Niet brandend","Daglicht","Droog",\N,"377092052","Graaf","Echt","Echt-Susteren","Limburg",false,51.105318,5.868699,"material damage only","4","clear",false,1,"GM1711"
"20230086113",2023,"Letsel",2,"Personenauto","Fiets","Flank","Kruispunt, 4 takken",50,"Niet brandend","Daglicht","Droog",\N,\N,"Schouwinkstraat","Enschede","Enschede","Overijssel",false,52.228727,6.903882,"injury","2","clear",false,1,"GM0153"
"20230087855",2023,"Letsel",2,"Bromfiets","Fiets","Flank","Rechte weg",30,"Niet brandend","Daglicht","Droog",\N,"230450004","Dorpsstraat","Oudkarspel","Dijk en Waard","Noord-Holland",false,52.714725,4.802993,"injury","2","clear",false,1,"GM1980"
"20230089619",2023,"Letsel",2,"Fiets","Fiets","Onbekend","Rechte weg",50,"Brandend","Duisternis","Regen",\N,"600717376","Ferrandweg","'s-Gravenhage","'s-Gravenhage","Zuid-Holland",false,52.056555,4.312348,"injury","2","rain",false,1,"GM0518"
"20230090823",2023,"Uitsluitend materiele schade",3,"Personenauto","Fiets","Onbekend","Rotonde",30,"Niet brandend","Daglicht","Droog",\N,\N,"Julianastraat","Berghem","Oss","Noord-Brabant",false,51.769072,5.564547,"material damage only","4","clear",false,1,"GM0828"
"20230092033",2023,"Uitsluitend materiele schade",2,"Personenauto","Fiets","Flank","Kruispunt, 4 takken",50,"Niet brandend","Daglicht","Droog",\N,\N,"Lage Witsiebaan","Tilburg","Tilburg","Noord-Brabant",false,51.572833,5.061681,"material damage only","4","clear",false,1,"GM0855"
"20230082107",2023,"Uitsluitend materiele schade",2,"Fiets","Bestelauto","Onbekend","Rotonde",50,"Niet brandend","Daglicht","Droog",\N,\N,"Monseigneur Nolensplein","Venlo","Venlo","Limburg",false,51.3727,6.172299,"material damage only","4","clear",false,1,"GM0983"
"20230096665",2023,"Letsel",2,"Fiets","Bromfiets","Frontaal","Rechte weg",30,"Brandend","Duisternis","Droog",\N,"600980940","Calveenseweg","Amersfoort","Amersfoort","Utrecht",false,52.19917,5.405563,"injury","2","clear",false,1,"GM0307"
"20230081527",2023,"Uitsluitend materiele schade",2,"Bromfiets","Fiets","Flank","Kruispunt, 3 takken",50,"Niet brandend","Daglicht","Droog",\N,\N,"Burgemeester Jansenlaan","Zwijndrecht","Zwijndrecht","Zuid-Holland",false,51.821851,4.63873,"material damage only","4","clear",false,1,"GM0642"
"20230087359",2023,"Uitsluitend materiele schade",2,"e-bike","Bestelauto","Flank","Kruispunt, 4 takken",50,"Niet brandend","Daglicht","Droog",\N,\N,"Koos Vorrinkweg","Amsterdam","Amsterdam","Noord-Holland",false,52.352218,4.800054,"material damage only","4","clear",false,1,"GM0363"
"20230093836",2023,"Letsel",2,"Personenauto","Fiets","Kop/staart","Rotonde",50,"Niet brandend","Daglicht","Droog",\N,"600813125","Lokhorstweg","Ermelo","Ermelo","Gelderland",false,52.319428,5.622126,"injury","2","clear",false,1,"GM0233"
"20230096707",2023,"Letsel",2,"Bromfiets","Fiets","Frontaal","Rechte weg",\N,"Brandend","Duisternis","Droog",\N,"320402125","Het Bildt","Lelystad","Lelystad","Flevoland",false,52.497937,5.463795,"injury","2","clear",false,1,"GM0995"
"20230086231",2023,"Letsel",2,"Vrachtauto","Fiets","Eenzijdig","Kruispunt, 3 takken",50,"Brandend","Duisternis","Droog",\N,\N,"Edeseweg","Harskamp","Ede","Gelderland",false,52.131567,5.751054,"injury","2","clear",false,1,"GM0228"
"20230090997",2023,"Uitsluitend materiele schade",2,"Personenauto","Fiets","Frontaal","Kruispunt, 4 takken",50,"Niet brandend","Daglicht","Droog",\N,\N,"Marchantstraat","Oss","Oss","Noord-Brabant",false,51.757596,5.508494,"material damage only","4","clear",false,1,"GM0828"
"20230092737",2023,"Uitsluitend materiele schade",3,"Personenauto","Fiets","Flank","Rechte weg",30,"Brandend","Duisternis","Droog",\N,\N,"Schepel","Uden","Maashorst","Noord-Brabant",true,51.645941,5.619373,"material damage only","4","clear",false,1,"GM1991"
"20230092754",2023,"Letsel",2,"Personenauto","Fiets","Flank","Kruispunt, 3 takken",50,"Niet brandend","Daglicht","Regen",\N,\N,"Potlodenlaan","Bergen op Zoom","Bergen op Zoom","Noord-Brabant",false,51.505402,4.305137,"injury","2","rain",false,1,"GM0748"
"20230097970",2023,"Uitsluitend materiele schade",2,"Fiets","Overig vast object","Vast voorwerp","Rechte weg",30,"Niet brandend","Daglicht","Regen","Brug/viaduct","228369049","Pieter Calandlaan","Amsterdam","Amsterdam","Noord-Holland",false,52.35001,4.78858,"material damage only","4","rain",false,1,"GM0363"
"20230099141",2023,"Uitsluitend materiele schade",3,"Personenauto","Fiets","Flank","Rotonde",30,"Niet brandend","Daglicht","Droog",\N,\N,"Burg Gommansstraat","Venlo","Venlo","Limburg",false,51.370622,6.137703,"material damage only","4","clear",false,1,"GM0983"
"20230088050",2023,"Uitsluitend materiele schade",2,"Personenauto","Fiets","Flank","Rotonde",50,"Niet brandend","Daglicht","Regen",\N,\N,"Jupiterlaan","Volendam","Edam-Volendam","Noord-Holland",false,52.500651,5.06282,"material damage only","4","rain",false,1,"GM0385"
"20230093935",2023,"Letsel",2,"Personenauto","Fiets","Onbekend","Kruispunt, 3 takken",30,"Niet brandend","Daglicht","Regen",\N,\N,"Wega","Ulft","Oude IJsselstreek","Gelderland",false,51.885778,6.377602,"injury","2","rain",false,1,"GM1509"
"20230099169",2023,"Letsel",3,"Personenauto","Fiets","Onbekend","Kruispunt, 4 takken",\N,"Niet brandend","Daglicht","Droog",\N,\N,"Sint Servatiusstraat","Weert","Weert","Limburg",false,51.248827,5.711638,"injury","2","clear",false,1,"GM0988"
"20230080494",2023,"Letsel",2,"Fiets","Personenauto","Flank","Kruispunt, 4 takken",50,"Niet brandend","Daglicht","Droog",\N,\N,"ERASMUSBRUG","Rotterdam","Rotterdam","Zuid-Holland",false,51.912128,4.482347,"injury","2","clear",false,1,"GM0599"
"20230062274",2023,"Uitsluitend materiele schade",3,\N,"Fiets","Dier","Rechte weg",15,"Niet brandend","Daglicht","Droog",\N,"332164002","Wisse","Geldrop","Geldrop-Mierlo","Noord-Brabant",false,51.428923,5.54779,"material damage only","4","clear",false,1,"GM1771"
"20220002307",2022,"Letsel",2,"Fiets","Voetganger","Voetganger","Rechte weg",60,"Niet aanwezig","Duisternis","Droog",\N,"506501002","Buinerstraat","Buinerveen","Borger-Odoorn","Drenthe",false,52.933229,6.852143,"injury","2","clear",false,1,"GM1681"
"20220007076",2022,"Letsel",2,"Personenauto","Fiets","Frontaal","Kruispunt, 4 takken",50,"Brandend","Duisternis","Regen",\N,\N,"Einsteinstraat","Almelo","Almelo","Overijssel",false,52.341492,6.681636,"injury","2","rain",false,1,"GM0141"
"20220007478",2022,"Letsel",2,"Personenauto","Fiets","Flank","Kruispunt, 4 takken",50,"Niet brandend","Daglicht","Regen",\N,\N,"Olympus","Arnhem","Arnhem","Gelderland",false,51.961467,5.903888,"injury","2","rain",false,1,"GM0202"
"20220119354",2022,"Uitsluitend materiele schade",2,"Personenauto","Fiets","Flank","Kruispunt, 4 takken",60,"Niet brandend","Daglicht","Droog",\N,\N,"Ligtenbergerdijk","Rijssen","Rijssen-Holten","Overijssel",false,52.3149,6.490742,"material damage only","4","clear",false,1,"GM1742"
"20220102912",2022,"Letsel",2,"Personenauto","Fiets","Flank","Kruispunt, 4 takken",50,"Niet brandend","Daglicht",\N,\N,\N,"Seineweg","Amsterdam","Amsterdam","Noord-Holland",false,52.389173,4.819057,"injury","2","unknown",false,1,"GM0363"
"20220104469",2022,"Letsel",2,"Personenauto","Fiets","Flank","Kruispunt, 4 takken",60,"Brandend","Daglicht","Droog",\N,\N,"Delfweg","Lisse","Lisse","Zuid-Holland",false,52.27777,4.536109,"injury","2","clear",false,1,"GM0553"
"20220123561",2022,"Uitsluitend materiele schade",2,"Bromfiets","Fiets","Frontaal","Kruispunt, 3 takken",\N,"Niet brandend","Daglicht","Droog",\N,\N,"Ookmeerweg","Amsterdam","Amsterdam","Noord-Holland",false,52.35718,4.777242,"material damage only","4","clear",false,1,"GM0363"
"20240003968",2024,"Letsel",1,"Fiets",\N,"Onbekend","Rechte weg",30,"Niet brandend","Daglicht","Droog",\N,"372239019","Dorpstraat","Heumen","Heumen","Gelderland",false,51.764293,5.839783,"injury","2","clear",false,1,"GM0252"
"20220076092",2022,"Uitsluitend materiele schade",2,"Fiets","Fiets","Onbekend","Bocht",50,"Brandend","Schemer",\N,\N,\N,"Emmaweg","Hengelo","Hengelo (O)","Overijssel",false,52.263339,6.787512,"material damage only","4","unknown",false,1,\N
"20220081377",2022,"Uitsluitend materiele schade",2,"Personenauto","Fiets","Flank","Rechte weg",50,"Brandend","Schemer","Regen",\N,"237370043","Amstelveenseweg","Amsterdam","Amsterdam","Noord-Holland",false,52.354351,4.85557,"material damage only","4","rain",false,1,"GM0363"
"20220084636",2022,"Letsel",2,"Voetganger","Fiets","Voetganger","Bocht",50,"Niet brandend","Daglicht","Droog",\N,"192271003","Toepad","Rotterdam","Rotterdam","Zuid-Holland",false,51.908397,4.536775,"injury","2","clear",false,1,"GM0599"
"20220089556",2022,"Uitsluitend materiele schade",2,"Fiets","Fiets","Onbekend","Bocht",30,"Niet brandend","Daglicht","Droog",\N,"300202102","Ridder","Boxtel","Boxtel","Noord-Brabant",false,51.597879,5.317356,"material damage only","4","clear",false,1,"GM0757"
"20220028857",2022,"Letsel",1,"Fiets",\N,"Eenzijdig","Kruispunt, 4 takken",50,"Niet brandend","Schemer","Droog",\N,\N,"Blasiusstraat","Deurne","Deurne","Noord-Brabant",false,51.454751,5.814722,"injury","2","clear",false,1,"GM0762"
"20220053692",2022,"Uitsluitend materiele schade",2,"Personenauto","Fiets","Frontaal","Kruispunt, 4 takken",30,"Niet brandend","Daglicht","Droog",\N,\N,"Heijermansstraat","Zaandam","Zaanstad","Noord-Holland",false,52.452446,4.82437,"material damage only","4","clear",false,1,"GM0479"
"20220078213",2022,"Uitsluitend materiele schade",2,"Personenauto","Fiets","Flank","Rechte weg",30,"Niet brandend","Daglicht","Droog",\N,"600785707","Hoefblad","Huizen","Huizen","Noord-Holland",false,52.299762,5.246595,"material damage only","4","clear",false,1,"GM0406"
"20220082672",2022,"Letsel",2,"Personenauto","Fiets","Flank","Rotonde",50,"Niet brandend","Daglicht","Droog",\N,\N,"Van Leeuwenhoeklaan","Zoetermeer","Zoetermeer","Zuid-Holland",false,52.057601,4.485971,"injury","2","clear",false,1,"GM0637"
"20220028975",2022,"Uitsluitend materiele schade",2,"Personenauto","Fiets","Geparkeerd voertuig","Bocht",30,"Niet brandend","Daglicht","Droog","Parkeervoorziening","600979950","17 Septemberplein","Son en Breugel","Son en Breugel","Noord-Brabant",false,51.511479,5.490949,"material damage only","4","clear",false,1,"GM0848"
"20220071680",2022,"Uitsluitend materiele schade",2,"Fiets","Motor","Flank","Kruispunt, 3 takken",50,"Niet brandend","Daglicht","Droog",\N,\N,"Houtweg","Emmen","Emmen","Drenthe",false,52.788965,6.92539,"material damage only","4","clear",false,1,"GM0114"
"20220079084",2022,"Uitsluitend materiele schade",2,"e-bike","Fiets","Frontaal","Kruispunt, 4 takken",50,"Brandend","Duisternis","Droog",\N,\N,"Laan der Nederlanden","Beverwijk","Beverwijk","Noord-Holland",false,52.494446,4.669547,"material damage only","4","clear",false,1,"GM0375"
"20220081489",2022,"Letsel",2,"Motor","Fiets","Flank","Kruispunt, 4 takken",30,"Brandend","Duisternis","Droog",\N,"243370045","Van Woustraat","Amsterdam","Amsterdam","Noord-Holland",false,52.355174,4.900889,"injury","2","clear",false,1,"GM0363"
"20220091895",2022,"Uitsluitend materiele schade",2,"Personenauto","e-bike","Frontaal","Kruispunt, 3 takken",30,"Niet brandend","Daglicht","Droog",\N,\N,"P.C. Hooftstraat","Leeuwarden","Leeuwarden","Friesland",false,53.201398,5.775468,"material damage only","4","clear",false,1,"GM0080"
"20220091949",2022,"Uitsluitend materiele schade",3,"Personenauto","e-bike","Onbekend","Kruispunt, 4 takken",50,"Niet brandend","Daglicht","Droog",\N,\N,"Verlengde Schrans","Leeuwarden","Leeuwarden","Friesland",false,53.187447,5.796835,"material damage only","4","clear",false,1,"GM0080"
"20220016643",2022,"Letsel",2,"Motor","Fiets","Flank","Kruispunt, 4 takken",50,"Niet brandend","Daglicht","Droog",\N,\N,"Nieuwe Achtergracht","Amsterdam","Amsterdam","Noord-Holland",false,52.362234,4.907143,"injury","2","clear",false,1,"GM0363"
"20220033813",2022,"Letsel",2,"Personenauto","Fiets","Flank","Kruispunt, 4 takken",50,"Niet brandend","Daglicht","Droog",\N,\N,"Laan van Maten","Apeldoorn","Apeldoorn","Gelderland",false,52.197589,5.990825,"injury","2","clear",false,1,"GM0200"
"20220046587",2022,"Letsel",2,"Bestelauto","Fiets","Flank","Kruispunt, 3 takken",50,"Niet brandend","Daglicht","Droog",\N,\N,"Waaldijk","Bemmel","Lingewaard","Gelderland",false,51.886832,5.896579,"injury","2","clear",false,1,"GM1705"
"20220085038",2022,"Letsel",1,"Fiets",\N,"Eenzijdig",\N,30,\N,"Daglicht",\N,\N,"164257001","P.J. Bliekstraat","Spijkenisse","Nissewaard","Zuid-Holland",false,51.845513,4.332406,"injury","2","unknown",false,1,"GM1930"
"20220111348",2022,"Letsel",2,"Personenauto","Fiets","Flank","Rotonde",50,"Niet brandend","Daglicht","Droog",\N,\N,"Beersebaan","Cuijk","Land van Cuijk","Noord-Brabant",false,51.732293,5.865055,"injury","2","clear",false,1,"GM1982"
"20220009551",2022,"Uitsluitend materiele schade",2,"Personenauto","Fiets","Flank","Rotonde",30,"Brandend","Schemer","Droog",\N,\N,"Piet Mondriaanlaan","Amersfoort","Amersfoort","Utrecht",false,52.158199,5.379992,"material damage only","4","clear",false,1,"GM0307"
"20220019985",2022,"Uitsluitend materiele schade",1,"Fiets",\N,"Eenzijdig","Rechte weg",80,"Niet brandend","Daglicht","Droog",\N,"210295016","Noord Ringdijk","Moordrecht","Zuidplas","Zuid-Holland",false,52.012503,4.666507,"material damage only","4","clear",false,1,"GM1892"
"20220035639",2022,"Letsel",2,"Personenauto","Fiets","Flank","Rotonde",50,"Brandend","Schemer","Droog",\N,\N,"MINISTER VAN HOUTENLAAN","Driehuis NH","Velsen","Noord-Holland",false,52.451265,4.633427,"injury","2","clear",false,1,"GM0453"
"20220056739",2022,"Letsel",1,"e-bike",\N,"Eenzijdig","Rechte weg",50,"Brandend","Duisternis","Droog",\N,"209321059","Prins Bernhardlaan","Alphen aan den Rijn","Alphen aan den Rijn","Zuid-Holland",false,52.132967,4.656827,"injury","2","clear",false,1,"GM0484"
"20220058308",2022,"Letsel",3,"Bestelauto","Fiets","Onbekend","Bocht",50,"Niet brandend","Daglicht","Droog",\N,"600739111","Raadhuisplein","Nieuwerkerk aan den IJssel","Zuidplas","Zuid-Holland",true,51.967159,4.617253,"injury","2","clear",false,1,"GM1892"
"20220058309",2022,"Letsel",3,"e-bike","Personenauto","Onbekend","Kruispunt, 4 takken",50,"Niet brandend","Daglicht","Droog",\N,\N,"Burg Van Heugtenlaan","Nieuwerkerk aan den IJssel","Zuidplas","Zuid-Holland",false,51.959313,4.618448,"injury","2","clear",false,1,"GM1892"
"20220067075",2022,"Letsel",3,"Fiets","e-bike","Onbekend","Rechte weg",30,"Niet brandend","Daglicht","Droog",\N,\N,"Eksterlaan","Valkenswaard","Valkenswaard","Noord-Brabant",false,51.362985,5.462609,"injury","2","clear",false,1,"GM0858"
"20220077553",2022,"Uitsluitend materiele schade",2,"Personenauto","Fiets","Flank","Rotonde",50,"Niet brandend","Daglicht","Droog",\N,\N,"Aimé Bonnastraat","Vianen","Vijfheerenlanden","Utrecht",false,51.992668,5.096214,"material damage only","4","clear",false,1,"GM1961"
"20220079311",2022,"Uitsluitend materiele schade",2,"Snorfiets","Fiets","Kop/staart","Rechte weg",\N,"Niet brandend","Daglicht","Droog",\N,"600569690","Kennemerplein","Haarlem","Haarlem","Noord-Holland",false,52.388892,4.637935,"material damage only","4","clear",false,1,"GM0392"
"20220079349",2022,"Letsel",2,"Personenauto","Fiets","Flank","Kruispunt, 4 takken",30,"Niet brandend","Daglicht","Droog",\N,\N,"Koninginneweg","Zandvoort","Zandvoort","Noord-Holland",false,52.371687,4.535381,"injury","2","clear",false,1,"GM0473"
"20220085113",2022,"Letsel",2,"Bromfiets","Fiets","Kop/staart","Kruispunt, 4 takken",50,"Brandend","Duisternis","Droog",\N,\N,"Rotterdamseweg","Zwijndrecht","Zwijndrecht","Zuid-Holland",false,51.818269,4.656346,"injury","2","clear",false,1,"GM0642"
"20220111818",2022,"Letsel",2,"Personenauto","Fiets","Flank","Kruispunt, 3 takken",50,"Niet aanwezig","Daglicht","Droog",\N,\N,"Mercuriuslaan","Eindhoven","Eindhoven","Noord-Brabant",false,51.468193,5.490769,"injury","2","clear",false,1,"GM0772"
"20220111821",2022,"Letsel",2,"Fiets","Motor","Flank","Kruispunt, 4 takken",60,"Niet brandend","Daglicht","Droog",\N,\N,"Kempervennendreef","Valkenswaard","Bergeijk","Noord-Brabant",false,51.332856,5.422989,"injury","2","clear",false,1,"GM1724"
"20220033992",2022,"Uitsluitend materiele schade",2,"Personenauto","Fiets","Flank","Rotonde",50,"Niet brandend","Daglicht","Droog",\N,\N,"Lange Dreef","Elst","Overbetuwe","Gelderland",false,51.916474,5.834163,"material damage only","4","clear",false,1,"GM1734"
"20220035796",2022,"Uitsluitend materiele schade",2,"Personenauto","Fiets","Flank","Kruispunt, 4 takken",30,"Niet brandend","Daglicht",\N,\N,\N,"Bethaniëndwarsstraat","Amsterdam","Amsterdam","Noord-Holland",false,52.371249,4.897779,"material damage only","4","unknown",false,1,"GM0363"
"20220049506",2022,"Uitsluitend materiele schade",2,"Personenauto","Fiets","Flank","Kruispunt, 4 takken",30,"Niet brandend","Daglicht","Droog",\N,\N,"Trumanlaan","Utrecht","Utrecht","Utrecht",false,52.073276,5.093893,"material damage only","4","clear",false,1,"GM0344"
"20220052608",2022,"Uitsluitend materiele schade",2,"Personenauto","e-bike","Flank","Rechte weg",30,"Niet brandend","Daglicht","Droog",\N,"223432239","Gedempte Nieuwesloot","Alkmaar","Alkmaar","Noord-Holland",false,52.632173,4.747496,"material damage only","4","clear",false,1,"GM0361"
"20220058374",2022,"Letsel",1,"Fiets",\N,"Eenzijdig","Rechte weg",80,"Niet brandend","Daglicht",\N,\N,"197327009","Doespolderweg","Hoogmade","Kaag en Braassem","Zuid-Holland",false,52.159952,4.568817,"injury","2","unknown",false,1,"GM1884"
"20220080052",2022,"Letsel",2,"Personenauto","e-bike","Flank","Kruispunt, 4 takken",30,"Niet brandend","Daglicht","Droog",\N,\N,"Warmoesstraat","Den Burg","Texel","Noord-Holland",false,53.053671,4.796225,"injury","2","clear",false,1,"GM0448"
"20220020371",2022,"Letsel",1,"Fiets",\N,"Eenzijdig","Rechte weg",30,"Brandend","Duisternis","Droog",\N,"210309001","Voorkade","Boskoop","Alphen aan den Rijn","Zuid-Holland",false,52.077598,4.661153,"injury","2","clear",false,1,"GM0484"
"20220041684",2022,"Uitsluitend materiele schade",2,"Personenauto","Fiets","Flank","Kruispunt, 3 takken",30,"Niet brandend","Daglicht","Droog",\N,\N,"Zwitserswaltje","Leeuwarden","Leeuwarden","Friesland",false,53.200187,5.799131,"material damage only","4","clear",false,1,"GM0080"
"20220088088",2022,"Letsel",1,"Fiets",\N,"Eenzijdig",\N,30,\N,"Daglicht",\N,\N,"45183018","Langendam","Zoutelande","Veere","Zeeland",false,51.500478,3.486273,"injury","2","unknown",false,1,"GM0717"
"20220104894",2022,"Letsel",1,"Fiets",\N,"Eenzijdig","Rechte weg",30,"Niet brandend","Daglicht","Droog",\N,\N,"Vaillantplein","'s-Gravenhage","'s-Gravenhage","Zuid-Holland",false,52.070491,4.301629,"injury","2","clear",false,1,"GM0518"
"20220036083",2022,"Uitsluitend materiele schade",2,"Bestelauto","Fiets","Los voorwerp","Kruispunt, 3 takken",\N,"Niet brandend","Daglicht","Droog",\N,\N,"Roetersstraat","Amsterdam","Amsterdam","Noord-Holland",false,52.361907,4.911224,"material damage only","4","clear",false,1,"GM0363"
"20220051069",2022,"Letsel",2,"Personenauto","Fiets","Geparkeerd voertuig","Rechte weg",30,"Brandend","Duisternis","Droog","Parkeervoorziening",\N,"Bisonspoor","Maarssen","Stichtse Vecht","Utrecht",false,52.135666,5.027374,"injury","2","clear",false,1,"GM1904"
"20220055513",2022,"Uitsluitend materiele schade",2,"Personenauto","Fiets","Flank","Rotonde",50,"Brandend","Duisternis","Droog",\N,\N,"Hagedoornweg","Amsterdam","Amsterdam","Noord-Holland",false,52.390978,4.911496,"material damage only","4","clear",false,1,"GM0363"
"20220057039",2022,"Letsel",2,"Bromfiets","Fiets","Onbekend","Kruispunt, 4 takken",60,"Niet aanwezig","Daglicht",\N,\N,\N,"Tiendweg","Krimpen aan de Lek","Krimpenerwaard","Zuid-Holland",false,51.905273,4.597491,"injury","2","unknown",false,1,"GM1931"
"20220080191",2022,"Letsel",2,"Fiets","Fiets","Onbekend","Rechte weg",30,"Brandend","Duisternis","Droog",\N,"295447002","Vette Knol","Enkhuizen","Enkhuizen","Noord-Holland",false,52.701831,5.284659,"injury","2","clear",false,1,"GM0388"
"20220085394",2022,"Uitsluitend materiele schade",2,"Personenauto","Fiets","Flank","Kruispunt, 3 takken",50,"Niet brandend","Daglicht","Droog",\N,\N,"Colosseumweg","Rotterdam","Rotterdam","Zuid-Holland",false,51.899763,4.510935,"material damage only","4","clear",false,1,"GM0599"
"20220105431",2022,"Letsel",1,"Fiets",\N,"Eenzijdig",\N,\N,\N,"Daglicht",\N,\N,"600513149","Rijndijk","Hazerswoude-Rijndijk","Alphen aan den Rijn","Zuid-Holland",false,52.131011,4.594391,"injury","2","unknown",false,1,"GM0484"
"20220106161",2022,"Letsel",2,"Fiets","Overig wegmeubilair","Vast voorwerp","Rotonde",50,"Brandend","Schemer","Droog",\N,\N,"Laan van Dobbe tot Zegge","Voorburg","Leidschendam-Voorburg","Zuid-Holland",false,52.079546,4.385788,"injury","2","clear",false,1,"GM1916"
"20220041908",2022,"Letsel",2,"e-bike","Motor","Frontaal","Kruispunt, 3 takken",50,"Niet brandend","Daglicht","Droog",\N,\N,"Laan van de Vrijheid","Groningen","Groningen","Groningen",false,53.199874,6.555005,"injury","2","clear",false,1,"GM0014"
"20220054305",2022,"Uitsluitend materiele schade",2,"Personenauto","Fiets","Flank","Kruispunt, 4 takken",\N,"Niet brandend","Daglicht","Droog",\N,\N,"Vennepluimstraat","Amsterdam","Amsterdam","Noord-Holland",false,52.357473,4.990631,"material damage only","4","clear",false,1,"GM0363"
"20220081274",2022,"Uitsluitend materiele schade",2,"Personenauto","Fiets","Flank","Kruispunt, 4 takken",30,"Niet brandend","Daglicht","Regen",\N,\N,"Haarlemmerstraat","Amsterdam","Amsterdam","Noord-Holland",false,52.38054,4.89101,"material damage only","4","rain",false,1,"GM0363"
"20220097474",2022,"Uitsluitend materiele schade",2,"Personenauto","Fiets","Flank","Kruispunt, 3 takken",50,"Niet brandend","Daglicht","Droog",\N,\N,"Haringvliet","Zwolle","Zwolle","Overijssel",false,52.532043,6.100225,"material damage only","4","clear",false,1,"GM0193"