"accident_id","year","severity_raw","party_count","party1_type","party2_type","accident_type","road_situation","speed_limit_kmh","road_lighting","light_condition_label","weather_raw","infra_type","road_segment_id","street_name","place_name","gemeente_name_raw","province","alcohol_indicated","latitude","longitude","severity_label","severity_code","weather_label","built_up_area","cyclists_involved","gemeente_code"
"20220010339",2022,"Uitsluitend materiele schade",2,"Personenauto","Fiets","Flank","Kruispunt, 4 takken",30,"Brandend","Duisternis","Droog",\N,\N,"Rijnvlietsepoort","Utrecht","Utrecht","Utrecht",false,52.076002,5.068796,"material damage only","4","clear",false,1,"GM0344"
"20220026003",2022,"Uitsluitend materiele schade",2,"Personenauto","Fiets","Flank","Bocht",50,"Niet brandend","Daglicht","Droog",\N,"600751948","Moerlaken","Breda","Breda","Noord-Brabant",false,51.611705,4.769812,"material damage only","4","clear",false,1,"GM0758"
"20220059720",2022,"Uitsluitend materiele schade",3,"Personenauto","e-bike","Flank","Kruispunt, 4 takken",50,"Niet brandend","Daglicht","Droog",\N,\N,"Zegwaartseweg","Zoetermeer","Zoetermeer","Zuid-Holland",false,52.065981,4.525421,"material damage only","4","clear",false,1,"GM0637"
"20220070733",2022,"Letsel",2,"Bestelauto","Fiets","Flank","Kruispunt, 4 takken",50,"Niet brandend","Daglicht","Regen",\N,\N,"Floresstraat","Groningen","Groningen","Groningen",false,53.233384,6.56396,"injury","2","rain",false,1,"GM0014"
"20220083348",2022,"Letsel",1,"Fiets",\N,"Eenzijdig",\N,50,\N,"Daglicht",\N,\N,"164308093","Rijswijkseplein","'s-Gravenhage","'s-Gravenhage","Zuid-Holland",false,52.072661,4.324049,"injury","2","unknown",false,1,"GM0518"
"20220094607",2022,"Uitsluitend materiele schade",2,"Personenauto","Fiets","Flank","Rechte weg",50,"Niet brandend","Schemer","Droog",\N,"600878352","Europalaan","Winterswijk","Winterswijk","Gelderland",false,51.971392,6.707016,"material damage only","4","clear",false,1,"GM0294"
"20220095071",2022,"Uitsluitend materiele schade",1,"Fiets",\N,"Onbekend","Rechte weg",60,"Niet brandend","Daglicht","Droog",\N,"294236021","Drielseweg","Hedel","Maasdriel","Gelderland",false,51.754236,5.277101,"material damage only","4","clear",false,1,"GM0263"
"20220098532",2022,"Letsel",2,"Snorfiets","Fiets","Frontaal","Rechte weg",30,"Brandend","Duisternis","Droog",\N,"270310071","Graadt van Roggenweg","Utrecht","Utrecht","Utrecht",false,52.086322,5.099923,"injury","2","clear",false,1,"GM0344"
"20220038419",2022,"Uitsluitend materiele schade",2,"Personenauto","Fiets","Flank","Kruispunt, 4 takken",50,"Niet brandend","Daglicht","Droog",\N,\N,"Wandelboslaan","Tilburg","Tilburg","Noord-Brabant",false,51.566188,5.065439,"material damage only","4","clear",false,1,"GM0855"
"20220043864",2022,"Letsel",2,"Personenauto","Fiets","Flank","Rechte weg",50,"Niet brandend","Daglicht","Droog",\N,"520362057","Prossinkhof","Oldenzaal","Oldenzaal","Overijssel",false,52.311653,6.933342,"injury","2","clear",false,1,"GM0173"
"20220055756",2022,"Letsel",3,"Fiets","Personenauto","Kop/staart","Rechte weg",50,"Niet brandend","Daglicht","Droog",\N,"243358004","Amsteldijk Noord","Amstelveen","Amstelveen","Noord-Holland",false,52.300558,4.898444,"injury","2","clear",false,1,"GM0362"
"20220066097",2022,"Letsel",2,"e-bike","Landbouwvoertuig","Onbekend","Bocht",60,"Niet aanwezig","Daglicht",\N,\N,"600767751","Veerweg","Sprang-Capelle","Waalwijk","Noord-Brabant",false,51.714928,4.980889,"injury","2","unknown",false,1,"GM0867"
"20220097423",2022,"Letsel",2,"Fiets","Fiets","Flank","Kruispunt, 3 takken",\N,"Niet brandend","Daglicht","Droog",\N,\N,"Haaksbergerstraat","Hengelo","Hengelo (O)","Overijssel",false,52.248688,6.766026,"injury","2","clear",false,1,\N
"20220100304",2022,"Letsel",2,"Fiets","Fiets","Flank","Rechte weg",50,"Niet brandend","Daglicht","Droog",\N,"600522663","Noorderkade","Alkmaar","Alkmaar","Noord-Holland",false,52.642433,4.745819,"injury","2","clear",false,1,"GM0361"
"20220100703",2022,"Letsel",2,"Fiets","Fiets","Frontaal","Rechte weg",80,"Niet aanwezig","Duisternis","Droog",\N,"600621440","Provincialeweg","Castricum","Castricum","Noord-Holland",false,52.542049,4.69466,"injury","2","clear",false,1,"GM0383"
"20220032805",2022,"Letsel",3,"Personenauto","Fiets","Onbekend",\N,30,"Niet brandend","Daglicht",\N,\N,"600551899","Arnold Koningstraat","Ede","Ede","Gelderland",false,52.024606,5.655817,"injury","2","unknown",false,1,"GM0228"
"20220055813",2022,"Letsel",2,"Fiets","Fiets","Flank","Kruispunt, 4 takken",\N,"Niet brandend","Daglicht","Droog",\N,\N,"Commelinstraat","Amsterdam","Amsterdam","Noord-Holland",false,52.363827,4.926802,"injury","2","clear",false,1,"GM0363"
"20220058853",2022,"Letsel",2,"Vrachtauto","Fiets","Eenzijdig","Rechte weg",50,"Niet brandend","Daglicht","Droog",\N,"600892741","Groenhovenweg","Gouda","Gouda","Zuid-Holland",false,52.022837,4.69305,"injury","2","clear",false,1,"GM0513"
"20220063028",2022,"Letsel",2,"Personenauto","Fiets","Flank","Kruispunt, 4 takken",50,"Brandend","Duisternis","Droog",\N,\N,"Boezemsingel","Rotterdam","Rotterdam","Zuid-Holland",false,51.928695,4.496482,"injury","2","clear",false,1,"GM0599"
"20220099616",2022,"Uitsluitend materiele schade",1,"Fiets",\N,"Eenzijdig","Rechte weg",50,"Brandend","Duisternis","Regen",\N,"600784800","1e Hogeweg","Zeist","Zeist","Utrecht",false,52.085321,5.241377,"material damage only","4","rain",false,1,"GM0355"
"20220102227",2022,"Uitsluitend materiele schade",2,"Fiets","Personenauto","Flank","Rechte weg",50,"Niet brandend","Schemer","Droog",\N,"600381765","Weesperstraat","Amsterdam","Amsterdam","Noord-Holland",false,52.365796,4.905253,"material damage only","4","clear",false,1,"GM0363"
"20220030619",2022,"Uitsluitend materiele schade",2,"Personenauto","Fiets","Flank","Rotonde",50,"Niet brandend","Daglicht","Droog",\N,\N,"Laaghuissingel","Venlo","Venlo","Limburg",false,51.369501,6.185188,"material damage only","4","clear",false,1,"GM0983"
"20220042227",2022,"Letsel",2,"Personenauto","e-bike","Flank","Kruispunt, 3 takken",50,"Niet brandend","Daglicht","Droog",\N,\N,"Borniastraat","Leeuwarden","Leeuwarden","Friesland",false,53.190953,5.797845,"injury","2","clear",false,1,"GM0080"
"20220048599",2022,"Letsel",2,"Snorfiets","Fiets","Flank","Kruispunt, 3 takken",30,"Niet aanwezig","Daglicht","Droog",\N,\N,"Utrechtsestraat","Amersfoort","Amersfoort","Utrecht",false,52.153899,5.384621,"injury","2","clear",false,1,"GM0307"
"20220063048",2022,"Uitsluitend materiele schade",2,"Personenauto","Fiets","Flank","Kruispunt, 3 takken",60,"Niet brandend","Daglicht","Droog",\N,\N,"Melkweg","Bleskensgraaf ca","Molenlanden","Zuid-Holland",false,51.868293,4.789287,"material damage only","4","clear",false,1,"GM1978"
"20220063049",2022,"Uitsluitend materiele schade",2,"Personenauto","Fiets","Flank","Kruispunt, 3 takken",30,"Niet brandend","Daglicht",\N,\N,\N,"Dorpsstraat","Giessenburg","Molenlanden","Zuid-Holland",false,51.85241,4.887485,"material damage only","4","unknown",false,1,"GM1978"
"20220101589",2022,"Uitsluitend materiele schade",2,"Bromfiets","Fiets","Flank","Kruispunt, 4 takken",30,"Niet brandend","Daglicht","Droog",\N,\N,"Breestraat","Beverwijk","Beverwijk","Noord-Holland",false,52.48334,4.660305,"material damage only","4","clear",false,1,"GM0375"
"20220102640",2022,"Uitsluitend materiele schade",2,"Bromfiets","e-bike","Kop/staart","Kruispunt, 3 takken",30,"Niet brandend","Daglicht","Droog",\N,\N,"Wijdesteeg","Amsterdam","Amsterdam","Noord-Holland",false,52.371552,4.889369,"material damage only","4","clear",false,1,"GM0363"
"20220103181",2022,"Uitsluitend materiele schade",2,"Personenauto","Fiets","Flank","Rotonde",50,"Niet brandend","Daglicht","Droog",\N,\N,"Prins Bernhardplein","Amsterdam","Amsterdam","Noord-Holland",false,52.348859,4.918554,"material damage only","4","clear",false,1,"GM0363"
"20220075344",2022,"Letsel",2,"Personenauto","Fiets","Flank","Kruispunt, 4 takken",50,"Niet brandend","Daglicht","Droog",\N,\N,"Noord Esmarkerrondweg","Enschede","Enschede","Overijssel",false,52.237993,6.918179,"injury","2","clear",false,1,"GM0153"
"20220010770",2022,"Uitsluitend materiele schade",2,"Personenauto","Fiets","Flank","Rechte weg",50,"Niet brandend","Daglicht","Regen",\N,"273305074","Linschotensingel","Utrecht","Utrecht","Utrecht",false,52.065123,5.123057,"material damage only","4","rain",false,1,"GM0344"
"20220061828",2022,"Uitsluitend materiele schade",2,"Fiets","Fiets","Frontaal","Rechte weg",30,"Brandend","Schemer","Droog",\N,"600995719","Blaak","Rotterdam","Rotterdam","Zuid-Holland",false,51.918881,4.48691,"material damage only","4","clear",false,1,"GM0599"
"20220102724",2022,"Letsel",2,"Snorfiets","Fiets","Frontaal","Rechte weg",50,"Niet brandend","Duisternis","Droog",\N,\N,"President Allendelaan","Amsterdam","Amsterdam","Noord-Holland",false,52.37054,4.816336,"injury","2","clear",false,1,"GM0363"
"20220104387",2022,"Letsel",2,"Fiets","Fiets","Onbekend","Rechte weg",50,"Niet brandend","Daglicht","Droog",\N,"600731541","Hoge Rijndijk","Leiden","Leiden","Zuid-Holland",false,52.155355,4.50507,"injury","2","clear",false,1,"GM0546"
"20220107833",2022,"Letsel",1,"e-bike",\N,"Eenzijdig",\N,50,\N,"Daglicht",\N,\N,"600361098","Boompjes","Rotterdam","Rotterdam","Zuid-Holland",false,51.913649,4.485987,"injury","2","unknown",false,1,"GM0599"
"20220074498",2022,"Letsel",1,"Fiets",\N,"Eenzijdig","Bocht",30,"Niet aanwezig","Duisternis","Droog",\N,"383280009","Holthuizerdreef","Huissen","Lingewaard","Gelderland",false,51.948237,5.919254,"injury","2","clear",false,1,"GM1705"
"20220048807",2022,"Uitsluitend materiele schade",2,"Personenauto","Fiets","Onbekend","Kruispunt, 3 takken",50,"Niet brandend","Daglicht","Droog",\N,\N,"Nijverheidslaan","Veenendaal","Veenendaal","Utrecht",false,52.011553,5.557727,"material damage only","4","clear",false,1,"GM0345"
"20220059123",2022,"Letsel",2,"Personenauto","e-bike","Flank","Rotonde",50,"Niet brandend","Daglicht","Droog",\N,\N,"Bentwoudlaan","Benthuizen","Alphen aan den Rijn","Zuid-Holland",false,52.073831,4.55841,"injury","2","clear",false,1,"GM0484"
"20220104437",2022,"Letsel",2,"Personenauto","e-bike","Geparkeerd voertuig","Rechte weg",50,"Niet brandend","Daglicht","Droog","Parkeervoorziening","600712515","Machiel Vrijenhoeklaan","'s-Gravenhage","'s-Gravenhage","Zuid-Holland",false,52.061447,4.213294,"injury","2","clear",false,1,"GM0518"
"20220104465",2022,"Letsel",1,"Fiets",\N,"Eenzijdig","Rechte weg",50,"Brandend","Duisternis","Droog","Tunnel","600113887","Doctor Lelylaan","Leiden","Leiden","Zuid-Holland",false,52.155155,4.471467,"injury","2","clear",false,1,"GM0546"
"20220110805",2022,"Uitsluitend materiele schade",2,"Personenauto","e-bike","Flank","Kruispunt, 3 takken",50,"Niet brandend","Daglicht","Droog",\N,\N,"Jules Verneweg","Tilburg","Tilburg","Noord-Brabant",false,51.566881,5.111907,"material damage only","4","clear",false,1,"GM0855"
"20220075853",2022,"Uitsluitend materiele schade",2,"Personenauto","Fiets","Flank","Kruispunt, 4 takken",30,"Niet brandend","Daglicht","Droog",\N,\N,"Gerard Doustraat","Zutphen","Zutphen","Gelderland",false,52.137691,6.216402,"material damage only","4","clear",false,1,"GM0301"
"20220035258",2022,"Letsel",2,"Personenauto","Fiets","Flank","Kruispunt, 3 takken",\N,"Niet brandend","Daglicht","Droog",\N,\N,"Torplaan","Den Helder","Den Helder","Noord-Holland",false,52.933256,4.777625,"injury","2","clear",false,1,"GM0400"
"20220035263",2022,"Letsel",2,"Personenauto","Fiets","Flank","Kruispunt, 4 takken",50,"Niet brandend","Daglicht","Droog",\N,"600749012","Kerkedijk","Bergen (NH)","Bergen (NH)","Noord-Holland",false,52.673276,4.70479,"injury","2","clear",false,1,\N
"20220044403",2022,"Uitsluitend materiele schade",2,"Personenauto","Fiets","Flank","Kruispunt, 3 takken",50,"Niet brandend","Daglicht","Droog",\N,\N,"Molenstraatje","Tiel","Tiel","Gelderland",false,51.887728,5.429157,"material damage only","4","clear",false,1,"GM0281"
"20220060223",2022,"Letsel",2,"Personenauto","Fiets","Frontaal","Rotonde",50,"Niet brandend","Daglicht","Droog",\N,\N,"Albinusdreef","Leiden","Leiden","Zuid-Holland",false,52.168232,4.477356,"injury","2","clear",false,1,"GM0546"
"20220069613",2022,"Uitsluitend materiele schade",2,"Personenauto","Fiets","Flank","Kruispunt, 3 takken",50,"Niet brandend","Daglicht","Droog",\N,\N,"Venloseweg","Roermond","Roermond","Limburg",false,51.19976,5.997525,"material damage only","4","clear",false,1,"GM0957"
"20220113413",2022,"Uitsluitend materiele schade",2,"Personenauto","e-bike","Flank","Rotonde",70,"Niet brandend","Daglicht","Droog",\N,\N,"Schepersweg","Herten","Roermond","Limburg",false,51.165638,5.963099,"material damage only","4","clear",false,1,"GM0957"
"20220075216",2022,"Letsel",1,"Fiets",\N,"Eenzijdig","Kruispunt, 4 takken",50,"Niet brandend","Daglicht","Droog",\N,\N,"Looweg","Ermelo","Ermelo","Gelderland",false,52.307912,5.598418,"injury","2","clear",false,1,"GM0233"
"20220075924",2022,"Letsel",2,"Fiets","Fiets","Frontaal","Rechte weg",80,"Brandend","Duisternis","Droog",\N,"600510065","Ootmarsumsestraat","Denekamp","Dinkelland","Overijssel",false,52.376893,6.998869,"injury","2","clear",false,1,"GM1774"
"20220019547",2022,"Letsel",2,"Personenauto","Fiets","Flank","Kruispunt, 4 takken",30,"Niet brandend","Daglicht","Droog",\N,\N,"Damlaan","Leidschendam","Leidschendam-Voorburg","Zuid-Holland",false,52.081327,4.397201,"injury","2","clear",false,1,"GM1916"
"20220044614",2022,"Letsel",2,"Personenauto","Fiets","Flank","Kruispunt, 3 takken",30,"Niet brandend","Daglicht","Droog",\N,\N,"Eikenlaan","Bentelo","Hof van Twente","Overijssel",false,52.226279,6.680934,"injury","2","clear",false,1,"GM1735"
"20230112273",2023,"Uitsluitend materiele schade",1,"Fiets",\N,"Onbekend",\N,\N,\N,"Duisternis",\N,\N,\N,"Haarlemmerstraatweg","Oegstgeest","Oegstgeest","Zuid-Holland",false,52.202286,4.481306,"material damage only","4","unknown",false,1,"GM0579"
"20230000290",2023,"Uitsluitend materiele schade",2,"Personenauto","Fiets","Onbekend","Kruispunt, 4 takken",50,"Brandend","Duisternis","Droog",\N,\N,"Klooster","Coevorden","Coevorden","Drenthe",false,52.659206,6.726039,"material damage only","4","clear",false,1,"GM0109"
"20230001316",2023,"Letsel",2,"Fiets","Fiets","Frontaal","Rechte weg",80,"Niet aanwezig","Daglicht","Regen",\N,\N,"Friesestraatweg","Groningen","Groningen","Groningen",false,53.244763,6.483584,"injury","2","rain",false,1,"GM0014"
"20230003137",2023,"Letsel",2,"Fiets","Personenauto","Flank","Kruispunt, 4 takken",50,"Niet brandend","Daglicht","Droog",\N,\N,"Westerblokker","Blokker","Hoorn","Noord-Holland",false,52.658014,5.079781,"injury","2","clear",false,1,"GM0405"
"20230000619",2023,"Letsel",2,"Personenauto","Fiets","Flank","Rechte weg",30,"Niet brandend","Daglicht","Droog",\N,"366556004","Tijnjedijk","Leeuwarden","Leeuwarden","Friesland",false,53.192299,5.812569,"injury","2","clear",false,1,"GM0080"
"20230001344",2023,"Uitsluitend materiele schade",2,"Personenauto","Fiets","Kop/staart","Rechte weg",80,"Niet brandend","Daglicht","Droog",\N,"496442002","Stieltjeskanaal","Stieltjeskanaal","Coevorden","Drenthe",false,52.671773,6.775182,"material damage only","4","clear",false,1,"GM0109"
"20230001755",2023,"Letsel",2,"Personenauto","Fiets","Los voorwerp","Rotonde",50,"Niet brandend","Daglicht","Droog",\N,\N,"Jakob Bruggemalaan","Veendam","Veendam","Groningen",false,53.110214,6.885873,"injury","2","clear",false,1,"GM0047"
"20230012229",2023,"Uitsluitend materiele schade",2,"Personenauto","Fiets","Onbekend",\N,30,\N,"Duisternis",\N,\N,\N,"Koningstraat","Beuningen Gld","Beuningen","Gelderland",false,51.860451,5.762342,"material damage only","4","unknown",false,1,"GM0209"
"20230113185",2023,"Letsel",1,"Fiets",\N,"Eenzijdig",\N,50,\N,"Duisternis",\N,\N,"162309053","Grote Marktstraat","'s-Gravenhage","'s-Gravenhage","Zuid-Holland",false,52.076585,4.312075,"injury","2","unknown",false,1,"GM0518"
"20230029558",2023,"Letsel",1,"Fiets",\N,"Eenzijdig",\N,50,\N,"Daglicht",\N,\N,"600729823","Dordtselaan","Rotterdam","Rotterdam","Zuid-Holland",false,51.891806,4.49386,"injury","2","unknown",false,1,"GM0599"
"20230011228",2023,"Uitsluitend materiele schade",2,"Personenauto","Fiets","Flank","Rotonde",50,"Brandend","Schemer","Regen",\N,\N,"Rembrandtlaan","Zwolle","Zwolle","Overijssel",false,52.5164,6.093345,"material damage only","4","rain",false,1,"GM0193"
"20230001839",2023,"Letsel",1,"Fiets",\N,"Eenzijdig","Rechte weg",30,"Niet brandend","Daglicht","Droog",\N,"270306038","Columbuslaan","Utrecht","Utrecht","Utrecht",false,52.065445,5.098035,"injury","2","clear",false,1,"GM0344"
"20230011820",2023,"Uitsluitend materiele schade",2,"Personenauto","Fiets","Flank","Kruispunt, 3 takken",30,"Niet brandend","Daglicht","Droog",\N,\N,"Stationsplein","Zevenaar","Zevenaar","Gelderland",false,51.923257,6.074398,"material damage only","4","clear",false,1,"GM0299"
"20230024221",2023,"Letsel",1,"Fiets",\N,"Eenzijdig",\N,50,\N,"Daglicht",\N,\N,"600120925","Soomerwegh","Castricum","Castricum","Noord-Holland",false,52.550642,4.672032,"injury","2","unknown",false,1,"GM0383"
"20230004181",2023,"Letsel",3,"Personenauto","Fiets","Kop/staart","Rechte weg",30,"Brandend","Duisternis","Droog",\N,"244373080","Plantage Middenlaan","Amsterdam","Amsterdam","Noord-Holland",false,52.366779,4.910506,"injury","2","clear",false,1,"GM0363"
"20230024510",2023,"Uitsluitend materiele schade",2,"Snorfiets","Fiets","Onbekend",\N,30,\N,"Daglicht",\N,\N,"242376046","Haarlemmerstraat","Amsterdam","Amsterdam","Noord-Holland",false,52.38012,4.892541,"material damage only","4","unknown",false,1,"GM0363"
"20230000894",2023,"Letsel",3,"Personenauto","Fiets","Flank","Kruispunt, 4 takken",30,"Niet brandend","Daglicht","Droog",\N,\N,"Senaat","Elst","Overbetuwe","Gelderland",false,51.922706,5.858722,"injury","2","clear",false,1,"GM1734"
"20230001991",2023,"Uitsluitend materiele schade",2,"Personenauto","Fiets","Flank","Kruispunt, 3 takken",50,"Niet brandend","Daglicht","Droog",\N,\N,"Vriezelaan","Almelo","Almelo","Overijssel",false,52.363423,6.668316,"material damage only","4","clear",false,1,"GM0141"
"20230003501",2023,"Uitsluitend materiele schade",2,"Personenauto","Fiets","Flank","Kruispunt, 3 takken",30,"Brandend","Schemer","Droog",\N,\N,"Maliesingel","Utrecht","Utrecht","Utrecht",false,52.091729,5.127582,"material damage only","4","clear",false,1,"GM0344"
"20230003864",2023,"Letsel",2,"Personenauto","Fiets","Flank","Kruispunt, 3 takken",30,"Niet brandend","Daglicht","Droog",\N,\N,"Eykmanlaan","Utrecht","Utrecht","Utrecht",false,52.106367,5.131772,"injury","2","clear",false,1,"GM0344"
"20230039534",2023,"Letsel",1,"Fiets",\N,"Eenzijdig",\N,50,\N,"Daglicht",\N,\N,"167291035","Martinus Nijhofflaan","Delft","Delft","Zuid-Holland",false,51.99668,4.352424,"injury","2","unknown",false,1,"GM0503"
"20230004660",2023,"Letsel",3,"Bromfiets","Fiets","Kop/staart","Rechte weg",50,"Niet brandend","Daglicht","Droog",\N,"600670901","Europaweg","Haarlem","Haarlem","Noord-Holland",false,52.354852,4.646458,"injury","2","clear",false,1,"GM0392"
"20230004878",2023,"Letsel",1,"Fiets",\N,"Eenzijdig","Rechte weg",30,"Niet brandend","Daglicht","Droog",\N,"223428009","Melis Stokelaan","Alkmaar","Alkmaar","Noord-Holland",false,52.614952,4.748012,"injury","2","clear",false,1,"GM0361"
"20230072033",2023,"Dodelijk",2,"Personenauto","Fiets","Onbekend","Kruispunt, 3 takken",30,"Niet brandend","Daglicht","Droog",\N,\N,"Burg Janssenstraat","Beesel","Beesel","Limburg",false,51.262939,6.037356,"fatal","1","clear",false,1,"GM0889"
"20230031445",2023,"Letsel",2,"Personenauto","Fiets","Onbekend",\N,30,\N,"Daglicht",\N,\N,"386053023","Grubbelaan","Hoensbroek","Heerlen","Limburg",false,50.928556,5.93313,"injury","2","unknown",false,1,"GM0917"
"20230015253",2023,"Letsel",2,"Personenauto","Fiets","Onbekend",\N,30,\N,"Daglicht",\N,\N,\N,"De Weeme","Drachten","Smallingerland","Friesland",false,53.116167,6.099058,"injury","2","unknown",false,1,"GM0090"
"20230007540",2023,"Letsel",2,"Personenauto","Fiets","Flank","Kruispunt, 3 takken",50,"Niet brandend","Daglicht","Droog",\N,\N,"Alexander Gogelweg","Vlissingen","Vlissingen","Zeeland",false,51.463358,3.558809,"injury","2","clear",false,1,"GM0718"
"20230069690",2023,"Letsel",1,"Fiets",\N,"Eenzijdig",\N,60,\N,"Duisternis",\N,\N,"154294004","Harteveldlaan","Honselersdijk","Westland","Zuid-Holland",false,52.006475,4.258127,"injury","2","unknown",false,1,"GM1783"
"20230002584",2023,"Uitsluitend materiele schade",2,"Personenauto","Fiets","Flank","Kruispunt, 4 takken",50,"Niet brandend","Daglicht","Droog",\N,\N,"Drietandstraat","Purmerend","Purmerend","Noord-Holland",false,52.506723,4.980234,"material damage only","4","clear",false,1,"GM0439"
"20230005471",2023,"Letsel",2,"Bestelauto","Fiets","Flank","Kruispunt, 4 takken",50,"Niet brandend","Daglicht","Droog",\N,\N,"Blokmakerstraat","Katwijk","Katwijk","Zuid-Holland",false,52.201294,4.430754,"injury","2","clear",false,1,"GM0537"
"20230008991",2023,"Letsel",2,"Snorfiets","Fiets","Kop/staart","Rechte weg",50,"Niet brandend","Daglicht","Droog",\N,"326163007","St Petrus Canisiuslaan","Eindhoven","Eindhoven","Noord-Brabant",false,51.425077,5.507184,"injury","2","clear",false,1,"GM0772"
"20230019892",2023,"Letsel",1,"Fiets",\N,"Eenzijdig",\N,30,\N,"Daglicht",\N,\N,\N,"Slotlaan","Oud Zuilen","Stichtse Vecht","Utrecht",false,52.12556,5.072542,"injury","2","unknown",false,1,"GM1904"
"20230060941",2023,"Uitsluitend materiele schade",2,"Personenauto","Fiets","Onbekend",\N,30,\N,"Daglicht",\N,\N,"148292075","Frederik Hendrikstraat","Naaldwijk","Westland","Zuid-Holland",false,51.996866,4.212725,"material damage only","4","unknown",false,1,"GM1783"
"20230009351",2023,"Letsel",2,"Personenauto","Fiets","Onbekend","Rotonde",50,"Niet brandend","Daglicht","Droog",\N,\N,"Oeslingerbaan","Maastricht","Maastricht","Limburg",false,50.832046,5.707638,"injury","2","clear",false,1,"GM0935"
"20230009596",2023,"Uitsluitend materiele schade",2,"Personenauto","Fiets","Flank","Kruispunt, 4 takken",30,"Niet brandend","Daglicht","Droog",\N,\N,"Ter Weijdelaan","Culemborg","Culemborg","Gelderland",false,51.951484,5.24035,"material damage only","4","clear",false,1,"GM0216"
"20230011949",2023,"Uitsluitend materiele schade",2,"Fiets","Fiets","Onbekend","Rechte weg",50,"Brandend","Duisternis","Droog",\N,"600880425","Kemnaweg","Albergen","Tubbergen","Overijssel",false,52.374706,6.760774,"material damage only","4","clear",false,1,"GM0183"
"20230012447",2023,"Uitsluitend materiele schade",2,"Fiets","Personenauto","Frontaal","Rechte weg",50,"Brandend","Duisternis","Droog",\N,"516341083","Perikweg","Enschede","Enschede","Overijssel",false,52.214255,6.899699,"material damage only","4","clear",false,1,"GM0153"
"20230012567",2023,"Letsel",2,"Bromfiets","Fiets","Flank","Kruispunt, 3 takken",50,"Brandend","Duisternis","Droog","Tunnel",\N,"Elzenlaan","Arnhem","Arnhem","Gelderland",false,51.962799,5.896326,"injury","2","clear",false,1,"GM0202"
"20230037187",2023,"Uitsluitend materiele schade",2,"Personenauto","Fiets","Onbekend","Kruispunt, 4 takken",50,"Niet brandend","Daglicht","Droog",\N,\N,"Wiekslag","Amersfoort","Amersfoort","Utrecht",false,52.16553,5.408898,"material damage only","4","clear",false,1,"GM0307"
"20240036200",2024,"Letsel",2,\N,"Fiets","Flank","Kruispunt, 4 takken",60,"Niet brandend","Daglicht","Droog",\N,\N,"Hogeveldweg","Enschede","Enschede","Overijssel",false,52.232458,6.956227,"injury","2","clear",false,1,"GM0153"
"20240037529",2024,"Letsel",2,"Fiets","Fiets","Onbekend","Rechte weg",80,"Niet brandend","Daglicht","Droog",\N,"600945555","Leeghwaterweg","Zaandam","Zaanstad","Noord-Holland",false,52.473829,4.831825,"injury","2","clear",false,1,"GM0479"
"20240021138",2024,"Letsel",2,"Fiets","Overig vast object","Vast voorwerp","Rechte weg",30,"Niet brandend","Daglicht","Droog",\N,"601128558","Tuindersvaart","Delft","Delft","Zuid-Holland",false,52.009507,4.329264,"injury","2","clear",false,1,"GM0503"
"20240024519",2024,"Letsel",2,"Personenauto","Fiets","Flank","Kruispunt, 3 takken",50,"Niet brandend","Daglicht","Droog",\N,\N,"Ribbiusstraat","Lieshout","Laarbeek","Noord-Brabant",false,51.519398,5.604209,"injury","2","clear",false,1,"GM1659"
"20240018746",2024,"Uitsluitend materiele schade",2,"Bromfiets","Fiets","Frontaal","Rechte weg",30,"Niet brandend","Daglicht","Droog",\N,"210429005","Herenweg","Egmond aan den Hoef","Bergen (NH)","Noord-Holland",false,52.620492,4.650355,"material damage only","4","clear",false,1,\N
"20240009117",2024,"Letsel",2,"Personenauto","Fiets","Flank","Rotonde",50,"Niet brandend","Daglicht","Droog",\N,\N,"Stadswei","Harderwijk","Harderwijk","Gelderland",false,52.331893,5.60988,"injury","2","clear",false,1,"GM0243"
"20240020701",2024,"Uitsluitend materiele schade",2,"Bromfiets","Fiets","Flank","Kruispunt, 4 takken",30,"Niet brandend","Daglicht","Droog",\N,\N,"Ceintuurbaan","Amsterdam","Amsterdam","Noord-Holland",false,52.355893,4.904999,"material damage only","4","clear",false,1,"GM0363"
"20240037348",2024,"Dodelijk",2,"Fiets","Fiets","Flank","Rechte weg",30,"Niet brandend","Daglicht","Droog","Brug/viaduct","600611271","Eemsgolaan","Groningen","Groningen","Groningen",false,53.198879,6.517362,"fatal","1","clear",false,1,"GM0014"
"20240039735",2024,"Letsel",2,"Personenauto","Fiets","Flank","Rotonde",50,"Niet brandend","Daglicht","Droog",\N,\N,"Melis Stokelaan","'s-Gravenhage","'s-Gravenhage","Zuid-Holland",false,52.052494,4.291401,"injury","2","clear",false,1,"GM0518"
"20230004219",2023,"Uitsluitend materiele schade",2,"Personenauto","Fiets","Kop/staart","Kruispunt, 4 takken",50,"Niet brandend","Daglicht","Droog",\N,\N,"Robbenkoog","Alkmaar","Alkmaar","Noord-Holland",false,52.642621,4.778102,"material damage only","4","clear",false,1,"GM0361"
"20240020974",2024,"Dodelijk",2,"Snorfiets","Fiets","Flank","Rechte weg",50,"Niet brandend","Daglicht","Droog",\N,\N,"Frambozenstraat","'s-Gravenhage","'s-Gravenhage","Zuid-Holland",false,52.070468,4.254671,"fatal","1","clear",false,1,"GM0518"
"20240004454",2024,"Uitsluitend materiele schade",1,"Fiets",\N,"Eenzijdig","Rechte weg",30,"Niet brandend","Daglicht","Droog",\N,"348297041","Diedenweg","Ede","Ede","Gelderland",false,52.024738,5.664849,"material damage only","4","clear",false,1,"GM0228"