"accident_id","year","severity_raw","party_count","party1_type","party2_type","accident_type","road_situation","speed_limit_kmh","road_lighting","light_condition_label","weather_raw","infra_type","road_segment_id","street_name","place_name","gemeente_name_raw","province","alcohol_indicated","latitude","longitude","severity_label","severity_code","weather_label","built_up_area","cyclists_involved","gemeente_code"
"20240000140",2024,"Uitsluitend materiele schade",2,"Personenauto","Fiets","Flank","Rechte weg",50,"Brandend","Duisternis","Regen",\N,\N,"Spaarnwoudelaan","Tilburg","Tilburg","Noord-Brabant",false,51.583427,4.983552,"material damage only","4","rain",false,1,"GM0855"
"20240000141",2024,"Uitsluitend materiele schade",1,"Fiets",\N,"Onbekend",\N,\N,\N,"Schemer",\N,\N,\N,"Vraggelse Baan","Oosterhout","Oosterhout","Noord-Brabant",false,51.623497,4.830207,"material damage only","4","unknown",false,1,"GM0826"
"20240021127",2024,"Letsel",3,"Fiets","Overig vast object","Voetganger","Kruispunt, 3 takken",50,"Niet brandend","Daglicht","Droog",\N,\N,"Stationsplein","'s-Gravenhage","'s-Gravenhage","Zuid-Holland",false,52.069726,4.320465,"injury","2","clear",false,1,"GM0518"
"20240024647",2024,"Uitsluitend materiele schade",2,"Personenauto","Fiets","Onbekend","Kruispunt, 4 takken",50,"Niet brandend","Daglicht","Droog",\N,"259200009","Brakman","Tilburg","Tilburg","Noord-Brabant",false,51.58986,5.02615,"material damage only","4","clear",false,1,"GM0855"
"20240027974",2024,"Letsel",2,"Bromfiets","Fiets","Kop/staart","Rechte weg",30,"Niet brandend","Daglicht","Harde windstoten/Regen",\N,"601074800","Prov wg Z-Castricum","Koog aan de Zaan","Zaanstad","Noord-Holland",false,52.469277,4.805516,"injury","2","unknown",false,1,"GM0479"
"20240032506",2024,"Uitsluitend materiele schade",2,"Fiets","Fiets","Onbekend","Rechte weg",\N,"Niet brandend","Daglicht","Droog",\N,"175272031","Gustoweg","Rotterdam","Rotterdam","Zuid-Holland",false,51.908395,4.41295,"material damage only","4","clear",false,1,"GM0599"
"20240032510",2024,"Letsel",2,"Trekker","Fiets","Frontaal",\N,30,"Brandend","Duisternis","Regen",\N,"149283090","Honderdland","Maasdijk","Westland","Zuid-Holland",false,51.959145,4.222658,"injury","2","rain",false,1,"GM1783"
"20240034575",2024,"Letsel",2,"Bestelauto","Fiets","Flank","Kruispunt, 4 takken",50,"Niet brandend","Daglicht","Droog",\N,\N,"Konijnenberg","Breda","Breda","Noord-Brabant",false,51.603436,4.770195,"injury","2","clear",false,1,"GM0758"
"20240039302",2024,"Uitsluitend materiele schade",2,"Fiets","Fiets","Los voorwerp","Rechte weg",30,"Niet brandend","Daglicht","Droog",\N,"413312001","Hazenberg","Brummen","Brummen","Gelderland",false,52.092165,6.146392,"material damage only","4","clear",false,1,"GM0213"
"20240035921",2024,"Letsel",2,"Landbouwvoertuig","Fiets","Flank","Rechte weg",60,"Niet aanwezig","Daglicht","Droog",\N,"475314004","Oude Borculoseweg","Eibergen","Berkelland","Gelderland",false,52.098356,6.594411,"injury","2","clear",false,1,"GM1859"
"20240009307",2024,"Letsel",2,"Personenauto","Fiets","Flank","Rechte weg",50,"Brandend","Duisternis","Droog",\N,"600885743","Varviksingel","Enschede","Enschede","Overijssel",false,52.209759,6.890868,"injury","2","clear",false,1,"GM0153"
"20240019603",2024,"Letsel",1,"Fiets",\N,"Onbekend","Bocht",30,"Niet brandend","Daglicht","Droog",\N,"241312025","Van Helvoortlaan","Woerden","Woerden","Utrecht",false,52.092366,4.885183,"injury","2","clear",false,1,"GM0632"
"20240020439",2024,"Letsel",1,"Fiets",\N,"Eenzijdig","Kruispunt, 4 takken",30,"Brandend","Duisternis","Droog",\N,\N,"Madesteinweg","'s-Gravenhage","'s-Gravenhage","Zuid-Holland",false,52.044509,4.229149,"injury","2","clear",false,1,"GM0518"
"20240024506",2024,"Uitsluitend materiele schade",2,"Personenauto","Fiets","Flank","Rotonde",50,"Niet brandend","Daglicht","Droog",\N,\N,"Donderbergweg","Roermond","Roermond","Limburg",false,51.184467,6.010177,"material damage only","4","clear",false,1,"GM0957"
"20240020622",2024,"Letsel",1,"Fiets",\N,"Eenzijdig","Rechte weg",30,"Brandend","Duisternis","Droog",\N,\N,"Mercuriusweg","Delft","Delft","Zuid-Holland",false,51.999545,4.3554,"injury","2","clear",false,1,"GM0503"
"20240026986",2024,"Letsel",2,"Personenauto","Fiets","Frontaal","Rechte weg",80,"Niet brandend","Daglicht","Droog",\N,\N,"Zuidweg","Epe","Epe","Gelderland",false,52.38122,5.913208,"injury","2","clear",false,1,"GM0232"
"20240032281",2024,"Letsel",2,"Fiets","Snorfiets","Flank","Kruispunt, 4 takken",50,"Niet brandend","Daglicht","Droog",\N,\N,"Berliozlaan","Rotterdam","Rotterdam","Zuid-Holland",false,51.95817,4.51037,"injury","2","clear",false,1,"GM0599"
"20240032673",2024,"Letsel",2,"Personenauto","Fiets","Frontaal","Rotonde",50,"Niet brandend","Daglicht","Regen",\N,\N,"Duikersloot","Pijnacker","Pijnacker-Nootdorp","Zuid-Holland",false,52.00909,4.44529,"injury","2","rain",false,1,"GM1926"
"20240032755",2024,"Uitsluitend materiele schade",1,"Fiets",\N,"Onbekend","Rechte weg",50,"Niet brandend","Daglicht","Droog",\N,\N,"Vennestraat","Lisse","Lisse","Zuid-Holland",false,52.250237,4.545823,"material damage only","4","clear",false,1,"GM0553"
"20240034523",2024,"Uitsluitend materiele schade",2,"Bestelauto","Fiets","Flank","Rechte weg",50,"Niet brandend","Daglicht","Droog",\N,"600766202","Eindsestraat","Dongen","Dongen","Noord-Brabant",false,51.61872,4.962266,"material damage only","4","clear",false,1,"GM0766"
"20240035054",2024,"Letsel",2,"Personenauto","Fiets","Onbekend",\N,30,\N,"Duisternis",\N,\N,"600914156","Schouwburgring","Tilburg","Tilburg","Noord-Brabant",false,51.554834,5.081481,"injury","2","unknown",false,1,"GM0855"
"20240036257",2024,"Uitsluitend materiele schade",2,"Bestelauto","Fiets","Kop/staart","Rechte weg",50,"Niet brandend","Daglicht","Droog",\N,"366249036","Meijhorst","Nijmegen","Nijmegen","Gelderland",false,51.811804,5.794636,"material damage only","4","clear",false,1,"GM0268"
"20240043146",2024,"Letsel",2,"Personenauto","Fiets","Flank","Kruispunt, 3 takken",50,"Niet aanwezig","Daglicht","Droog",\N,\N,"Kanaalweg","Leiden","Leiden","Zuid-Holland",false,52.141748,4.48868,"injury","2","clear",false,1,"GM0546"
"20220160973",2022,"Uitsluitend materiele schade",2,"Fiets","Fiets","Frontaal","Bocht",50,"Niet brandend","Daglicht","Droog",\N,\N,"Rengerslaan","Leeuwarden","Leeuwarden","Friesland",false,53.210923,5.795643,"material damage only","4","clear",false,1,"GM0080"
"20220175741",2022,"Uitsluitend materiele schade",1,"Fiets",\N,"Onbekend","Rechte weg",30,"Niet brandend","Daglicht","Droog",\N,"226434017","Hoornseweg","Alkmaar","Alkmaar","Noord-Holland",false,52.641311,4.769904,"material damage only","4","clear",false,1,"GM0361"
"20220178006",2022,"Letsel",3,"Fiets","Fiets","Flank","Rechte weg",30,"Niet brandend","Daglicht","Droog",\N,"245372068","Sarphatistraat","Amsterdam","Amsterdam","Noord-Holland",false,52.362945,4.916877,"injury","2","clear",false,1,"GM0363"
"20220181406",2022,"Letsel",2,"Bromfiets","Fiets","Onbekend","Rechte weg",30,"Niet brandend","Daglicht","Droog",\N,"600721273","Parkweg","Voorburg","Leidschendam-Voorburg","Zuid-Holland",false,52.075383,4.373,"injury","2","clear",false,1,"GM1916"
"20220119146",2022,"Letsel",1,"e-bike",\N,"Eenzijdig",\N,30,"Niet brandend","Daglicht","Droog",\N,"600850066","Methen","Zevenaar","Zevenaar","Gelderland",false,51.930407,6.057173,"injury","2","clear",false,1,"GM0299"
"20220121790",2022,"Uitsluitend materiele schade",2,"Bestelauto","Fiets","Flank","Kruispunt, 3 takken",30,"Niet brandend","Daglicht","Droog",\N,\N,"Wijk aan Zeeërweg","IJmuiden","Velsen","Noord-Holland",false,52.460623,4.618096,"material damage only","4","clear",false,1,"GM0453"
"20220124389",2022,"Uitsluitend materiele schade",2,"Personenauto","e-bike","Kop/staart","Rechte weg",30,"Niet brandend","Daglicht","Droog",\N,"181344034","Heilige Geestweg","Noordwijk","Noordwijk","Zuid-Holland",false,52.23462,4.449045,"material damage only","4","clear",false,1,"GM0575"
"20220126645",2022,"Letsel",2,"Personenauto","Fiets","Flank","Rechte weg",30,"Niet brandend","Daglicht","Droog",\N,"166291082","Glenn Millerstraat","Delft","Delft","Zuid-Holland",false,51.997419,4.345092,"injury","2","clear",false,1,"GM0503"
"20220133229",2022,"Uitsluitend materiele schade",2,"Personenauto","Fiets","Flank","Kruispunt, 4 takken",50,"Niet brandend","Daglicht","Regen",\N,\N,"Via Regia","Maastricht","Maastricht","Limburg",false,50.850711,5.669369,"material damage only","4","rain",false,1,"GM0935"
"20220143299",2022,"Letsel",2,"Personenauto","Fiets","Geparkeerd voertuig","Rechte weg",50,"Niet brandend","Daglicht","Regen","Parkeervoorziening","161313030","Bankastraat","'s-Gravenhage","'s-Gravenhage","Zuid-Holland",false,52.094143,4.301805,"injury","2","rain",false,1,"GM0518"
"20220144554",2022,"Letsel",2,"Scootmobiel","Fiets","Flank","Kruispunt, 4 takken",50,"Niet brandend","Daglicht","Droog",\N,\N,"Sir Winston Churchillln","Rijswijk","Rijswijk","Zuid-Holland",false,52.034023,4.314936,"injury","2","clear",false,1,\N
"20220157072",2022,"Letsel",2,"e-bike","Fiets","Kop/staart","Rechte weg",50,"Niet brandend","Daglicht","Droog",\N,"600915263","Vlietweg","Leidschendam","Leidschendam-Voorburg","Zuid-Holland",false,52.077804,4.390387,"injury","2","clear",false,1,"GM1916"
"20220166955",2022,"Letsel",2,"Fiets","Fiets","Onbekend","Bocht",50,"Niet brandend","Daglicht","Droog",\N,"500355053","Coba Ritsemastraat","Hengelo","Hengelo (O)","Overijssel",false,52.280581,6.784505,"injury","2","clear",false,1,\N
"20220172082",2022,"Letsel",1,"Fiets",\N,"Eenzijdig",\N,30,\N,"Daglicht",\N,\N,"358462008","Zuidakker","Bant","Noordoostpolder","Flevoland",false,52.767496,5.749517,"injury","2","unknown",false,1,"GM0171"
"20220177148",2022,"Letsel",2,"Bromfiets","Fiets","Flank","Rechte weg",30,"Niet brandend","Daglicht","Droog",\N,"600419749","Strandvlietpad","Amsterdam","Amsterdam","Noord-Holland",false,52.316435,4.941605,"injury","2","clear",false,1,"GM0363"
"20220179582",2022,"Letsel",2,"Personenauto","e-bike","Flank","Rechte weg",60,"Niet brandend","Daglicht","Droog",\N,"230294002","Provincialeweg Oost","Haastrecht","Krimpenerwaard","Zuid-Holland",false,52.014889,4.829452,"injury","2","clear",false,1,"GM1931"
"20220181448",2022,"Uitsluitend materiele schade",2,"Fiets","Personenauto","Flank","Kruispunt, 4 takken",50,"Brandend","Duisternis","Droog",\N,\N,"De la Reyweg","'s-Gravenhage","'s-Gravenhage","Zuid-Holland",false,52.070438,4.284179,"material damage only","4","clear",false,1,"GM0518"
"20220117999",2022,"Letsel",2,"Fiets","Fiets","Onbekend","Rechte weg",50,"Niet brandend","Daglicht",\N,\N,"600591758","Hasselerbaan","Hengelo","Hengelo (O)","Overijssel",false,52.279089,6.837051,"injury","2","unknown",false,1,\N
"20220124509",2022,"Letsel",2,"Personenauto","e-bike","Flank","Rotonde",50,"Niet brandend","Daglicht","Droog",\N,\N,"Melis Stokelaan","'s-Gravenhage","'s-Gravenhage","Zuid-Holland",false,52.052494,4.291401,"injury","2","clear",false,1,"GM0518"
"20220126710",2022,"Letsel",1,"Fiets",\N,"Eenzijdig","Rechte weg",50,"Brandend","Schemer","Droog",\N,"600944317","Zeestraat","'s-Gravenzande","Westland","Zuid-Holland",false,52.003936,4.154434,"injury","2","clear",false,1,"GM1783"
"20220136974",2022,"Letsel",3,"Personenauto","Fiets","Onbekend","Kruispunt, 3 takken",50,"Brandend","Schemer","Droog",\N,\N,"Oranjelaan","Harderwijk","Harderwijk","Gelderland",false,52.331618,5.619349,"injury","2","clear",false,1,"GM0243"
"20220137871",2022,"Uitsluitend materiele schade",2,"Personenauto","Fiets","Onbekend","Kruispunt, 4 takken",50,"Niet brandend","Daglicht","Droog",\N,\N,"Omloop","Utrecht","Utrecht","Utrecht",false,52.105449,5.105777,"material damage only","4","clear",false,1,"GM0344"
"20220144665",2022,"Letsel",1,"Fiets",\N,"Eenzijdig","Rechte weg",50,"Niet brandend","Daglicht","Regen",\N,"161310073","Bilderdijkstraat","'s-Gravenhage","'s-Gravenhage","Zuid-Holland",false,52.080085,4.302206,"injury","2","rain",false,1,"GM0518"
"20220152859",2022,"Uitsluitend materiele schade",2,"Personenauto","Fiets","Onbekend","Rechte weg",30,"Niet brandend","Daglicht","Droog",\N,"367387001","Oude Zeeweg","Doornspijk","Elburg","Gelderland",false,52.432941,5.810188,"material damage only","4","clear",false,1,"GM0230"
"20220162609",2022,"Letsel",2,"Bestelauto","e-bike","Frontaal","Rechte weg",60,"Niet aanwezig","Daglicht",\N,\N,"543536002","Sluisweg","Vriescheloo","Westerwolde","Groningen",false,53.081214,7.140447,"injury","2","unknown",false,1,"GM1950"
"20220162610",2022,"Letsel",3,"Personenauto","Fiets","Kop/staart","Rechte weg",60,"Niet aanwezig","Daglicht","Droog",\N,"600883804","Scheemderweg","Noordbroek","Midden-Groningen","Groningen",false,53.192453,6.882488,"injury","2","clear",false,1,"GM1952"
"20220177208",2022,"Uitsluitend materiele schade",3,"Personenauto","Fiets","Onbekend","Kruispunt, 4 takken",50,"Niet brandend","Daglicht","Droog",\N,\N,"Jan van Galenstraat","Amsterdam","Amsterdam","Noord-Holland",false,52.372527,4.838633,"material damage only","4","clear",false,1,"GM0363"
"20220178482",2022,"Letsel",2,"Personenauto","Fiets","Flank","Kruispunt, 4 takken",50,"Niet brandend","Daglicht","Droog",\N,\N,"Plesmanlaan","Leiden","Leiden","Zuid-Holland",false,52.164874,4.459585,"injury","2","clear",false,1,"GM0546"
"20220180273",2022,"Letsel",2,"Fiets","e-bike","Flank","Bocht",50,"Niet brandend","Daglicht","Droog",\N,"600892068","Weerlaan","Hillegom","Hillegom","Zuid-Holland",false,52.29943,4.593353,"injury","2","clear",false,1,"GM0534"
"20220184794",2022,"Uitsluitend materiele schade",3,"Personenauto","Fiets","Onbekend","Rechte weg",30,"Niet brandend","Daglicht","Droog",\N,"185277011","Zaagmolenstraat","Rotterdam","Rotterdam","Zuid-Holland",false,51.934871,4.481469,"material damage only","4","clear",false,1,"GM0599"
"20220196695",2022,"Letsel",1,"Fiets",\N,"Eenzijdig",\N,50,\N,"Daglicht",\N,\N,\N,"Aalderinkssingel","Almelo","Almelo","Overijssel",false,52.357214,6.646996,"injury","2","unknown",false,1,"GM0141"
"20220119233",2022,"Uitsluitend materiele schade",2,"Personenauto","e-bike","Flank","Kruispunt, 3 takken",50,"Niet brandend","Daglicht","Droog",\N,\N,"Konijnenbergerweg","Hattem","Hattem","Gelderland",false,52.458335,6.067323,"material damage only","4","clear",false,1,"GM0244"
"20220121942",2022,"Letsel",2,"Fiets","Fiets","Kop/staart","Rechte weg",30,"Niet brandend","Daglicht","Droog",\N,"600927525","Burgerweg","Burgerbrug","Schagen","Noord-Holland",false,52.748629,4.699401,"injury","2","clear",false,1,"GM0441"
"20220124649",2022,"Letsel",1,"Fiets",\N,"Eenzijdig","Bocht",50,"Niet brandend","Daglicht",\N,\N,"163310123","Lage Zand","'s-Gravenhage","'s-Gravenhage","Zuid-Holland",false,52.078579,4.320795,"injury","2","unknown",false,1,"GM0518"
"20220125901",2022,"Letsel",2,"Bromfiets","Fiets","Flank","Kruispunt, 3 takken",50,"Brandend","Duisternis","Droog",\N,\N,"Lijnbaan","'s-Gravenhage","'s-Gravenhage","Zuid-Holland",false,52.072386,4.299734,"injury","2","clear",false,1,"GM0518"
"20220133358",2022,"Letsel",2,"Bromfiets","Fiets","Flank","Rechte weg",50,"Niet brandend","Daglicht","Droog",\N,"600866888","van Limburg Stirumstraat","Hoogeveen","Hoogeveen","Drenthe",false,52.722954,6.472183,"injury","2","clear",false,1,"GM0118"
"20220133412",2022,"Uitsluitend materiele schade",2,"Personenauto","e-bike","Flank","Kruispunt, 3 takken",50,"Niet brandend","Daglicht","Droog",\N,\N,"Boterdijk","Paterswolde","Tynaarlo","Drenthe",false,53.158084,6.563299,"material damage only","4","clear",false,1,"GM1730"
"20220138927",2022,"Uitsluitend materiele schade",2,"Personenauto","Fiets","Flank","Rechte weg",50,"Niet brandend","Daglicht","Droog",\N,"280341020","Langestraat","Hilversum","Hilversum","Noord-Holland",false,52.223206,5.172825,"material damage only","4","clear",false,1,"GM0402"
"20220144721",2022,"Uitsluitend materiele schade",2,"Personenauto","e-bike","Flank","Rechte weg",50,"Niet brandend","Daglicht","Droog",\N,"600120091","Henegouwerweg","Waddinxveen","Waddinxveen","Zuid-Holland",false,52.027338,4.665538,"material damage only","4","clear",false,1,"GM0627"
"20220167141",2022,"Uitsluitend materiele schade",2,"Fiets","Fiets","Flank","Kruispunt, 3 takken",30,"Niet brandend","Daglicht","Droog",\N,\N,"Bisschopstraat","Oldenzaal","Oldenzaal","Overijssel",false,52.314722,6.930147,"material damage only","4","clear",false,1,"GM0173"
"20220168608",2022,"Uitsluitend materiele schade",2,"Fiets","Personenauto","Onbekend","Rotonde",50,"Niet brandend","Daglicht","Droog",\N,\N,"Larenseweg","Holten","Rijssen-Holten","Overijssel",false,52.277816,6.417831,"material damage only","4","clear",false,1,"GM1742"
"20220178117",2022,"Letsel",2,"Snorfiets","e-bike","Frontaal","Bocht",30,"Brandend","Schemer","Droog",\N,"600612942","Keizer Karelweg","Amstelveen","Amstelveen","Noord-Holland",false,52.300949,4.856458,"injury","2","clear",false,1,"GM0362"
"20220179734",2022,"Letsel",1,"Fiets",\N,"Eenzijdig","Rechte weg",60,"Niet brandend","Daglicht",\N,\N,"224286038","Goudseweg","Stolwijk","Krimpenerwaard","Zuid-Holland",false,51.975432,4.766591,"injury","2","unknown",false,1,"GM1931"
"20220197623",2022,"Letsel",2,"Snorfiets","Fiets","Flank","Kruispunt, 4 takken",30,"Brandend","Duisternis","Droog",\N,\N,"Fetterstraat","Zutphen","Zutphen","Gelderland",false,52.12986,6.222758,"injury","2","clear",false,1,"GM0301"
"20220197645",2022,"Uitsluitend materiele schade",3,"Personenauto","e-bike","Onbekend","Rotonde",50,"Brandend","Duisternis","Droog",\N,\N,"Veenderweg","Ede","Ede","Gelderland",false,52.040504,5.654861,"material damage only","4","clear",false,1,"GM0228"
"20220153761",2022,"Uitsluitend materiele schade",2,"Personenauto","e-bike","Flank","Rechte weg",50,"Niet brandend","Daglicht","Droog",\N,"294315001","Kampweg","Zeist","Zeist","Utrecht",false,52.110986,5.278575,"material damage only","4","clear",false,1,"GM0355"
"20220162751",2022,"Letsel",2,"Personenauto","Fiets","Onbekend","Kruispunt, 4 takken",50,"Niet brandend","Daglicht","Droog",\N,\N,"De Dellen","Surhuisterveen","Achtkarspelen","Friesland",false,53.184809,6.173559,"injury","2","clear",false,1,"GM0059"
"20220174886",2022,"Uitsluitend materiele schade",2,"Personenauto","Fiets","Flank","Rotonde",50,"Niet brandend","Daglicht","Droog",\N,\N,"Hoofdweg","Hoofddorp","Haarlemmermeer","Noord-Holland",false,52.305618,4.693023,"material damage only","4","clear",false,1,"GM0394"
"20220177938",2022,"Uitsluitend materiele schade",3,"Vrachtauto","Fiets","Onbekend",\N,30,\N,"Daglicht",\N,\N,"242374159","Rokin","Amsterdam","Amsterdam","Noord-Holland",false,52.370546,4.892529,"material damage only","4","unknown",false,1,"GM0363"
"20220178197",2022,"Letsel",2,"Snorfiets","Fiets","Onbekend","Rechte weg",30,"Niet brandend","Daglicht","Droog",\N,"600761997","Nassaukade","Amsterdam","Amsterdam","Noord-Holland",false,52.364418,4.878542,"injury","2","clear",false,1,"GM0363"
"20220132197",2022,"Uitsluitend materiele schade",2,"Personenauto","Fiets","Flank","Rechte weg",50,"Niet brandend","Daglicht","Droog",\N,"600442674","In de Bende","Landgraaf","Landgraaf","Limburg",false,50.911035,6.034544,"material damage only","4","clear",false,1,"GM0882"
"20220138011",2022,"Letsel",2,"Personenauto","Fiets","Onbekend",\N,30,\N,"Daglicht",\N,\N,"295332013","Nieuwstraat","Soest","Soest","Utrecht",false,52.18314,5.278458,"injury","2","unknown",false,1,"GM0342"
"20220139128",2022,"Letsel",3,"Fiets","Fiets","Onbekend","Rechte weg",60,"Niet brandend","Daglicht","Droog",\N,"600736499","Hillegommerdijk","Lisserbroek","Haarlemmermeer","Noord-Holland",false,52.273227,4.577509,"injury","2","clear",false,1,"GM0394"
"20220143671",2022,"Letsel",2,"Personenauto","Fiets","Flank","Kruispunt, 4 takken",50,"Niet brandend","Daglicht","Droog",\N,\N,"Jadestraat","Bleiswijk","Lansingerland","Zuid-Holland",false,52.041952,4.539667,"injury","2","clear",false,1,"GM1621"
"20220144844",2022,"Letsel",2,"Personenauto","Fiets","Flank","Rechte weg",50,"Niet brandend","Daglicht","Droog",\N,"600890523","Zuiderparklaan","'s-Gravenhage","'s-Gravenhage","Zuid-Holland",false,52.063576,4.281116,"injury","2","clear",false,1,"GM0518"
"20220156391",2022,"Uitsluitend materiele schade",2,"Fiets","Bestelauto","Los voorwerp","Kruispunt, 4 takken",50,"Brandend","Duisternis","Droog",\N,\N,"Ockenburghstraat","'s-Gravenhage","'s-Gravenhage","Zuid-Holland",false,52.057199,4.22654,"material damage only","4","clear",false,1,"GM0518"
"20220160250",2022,"Uitsluitend materiele schade",2,"Personenauto","Fiets","Flank","Kruispunt, 4 takken",30,"Niet brandend","Daglicht","Droog",\N,\N,"Koolzaadweg","Berghem","Oss","Noord-Brabant",false,51.762087,5.567478,"material damage only","4","clear",false,1,"GM0828"
"20220160275",2022,"Uitsluitend materiele schade",2,"Fiets","Personenauto","Flank","Rechte weg",50,"Niet brandend","Daglicht","Droog",\N,"600803171","Professor Dr Dorgelolaan","Eindhoven","Eindhoven","Noord-Brabant",false,51.445059,5.48485,"material damage only","4","clear",false,1,"GM0772"
"20220179847",2022,"Letsel",2,"Bromfiets","Fiets","Onbekend","Rechte weg",50,"Niet brandend","Daglicht","Droog",\N,"600724838","Sandtlaan","Rijnsburg","Katwijk","Zuid-Holland",false,52.189396,4.43712,"injury","2","clear",false,1,"GM0537"
"20220187292",2022,"Letsel",2,"Bestelauto","Fiets","Frontaal","Rechte weg",30,"Brandend","Duisternis","Droog",\N,"91176026","Dorpsstraat","Heinkenszand","Borsele","Zeeland",false,51.472948,3.815337,"injury","2","clear",false,1,"GM0654"
"20220198781",2022,"Letsel",2,"Fiets","Overig vast object","Vast voorwerp","Rechte weg",50,"Brandend","Duisternis","Regen",\N,"391292012","den Bruijl","Velp","Rheden","Gelderland",false,52.004542,5.982819,"injury","2","rain",false,1,"GM0275"
"20220115239",2022,"Uitsluitend materiele schade",2,"Personenauto","Fiets","Flank","Kruispunt, 4 takken",30,"Niet brandend","Daglicht","Droog",\N,\N,"Ruiterakker","Assen","Assen","Drenthe",false,53.014109,6.562589,"material damage only","4","clear",false,1,"GM0106"
"20220137194",2022,"Letsel",2,"Bestelauto","e-bike","Flank","Kruispunt, 3 takken",30,"Niet brandend","Daglicht","Droog",\N,\N,"Reigerstraat","Ermelo","Ermelo","Gelderland",false,52.293937,5.606609,"injury","2","clear",false,1,"GM0233"
"20220143696",2022,"Letsel",2,"Bromfiets","Fiets","Flank","Kruispunt, 4 takken",\N,"Niet brandend","Daglicht","Droog",\N,\N,"Schoolstraat","Delft","Delft","Zuid-Holland",false,52.012082,4.353262,"injury","2","clear",false,1,"GM0503"
"20220153035",2022,"Letsel",2,"e-bike","e-bike","Onbekend","Rechte weg",60,"Niet brandend","Daglicht","Droog",\N,"600926331","Ziebroekseweg","Heerde","Heerde","Gelderland",false,52.40189,6.094059,"injury","2","clear",false,1,"GM0246"
"20220157464",2022,"Letsel",2,"Fiets","Fiets","Voetganger","Rechte weg",50,"Niet brandend","Daglicht","Droog",\N,"137288046","Prins Hendrikstraat","Hoek van Holland","Rotterdam","Zuid-Holland",false,51.977472,4.129918,"injury","2","clear",false,1,"GM0599"
"20220167449",2022,"Uitsluitend materiele schade",2,"Personenauto","Fiets","Flank","Rechte weg",50,"Niet brandend","Daglicht","Droog",\N,"600511331","Parkweg","Enschede","Enschede","Overijssel",false,52.220447,6.870389,"material damage only","4","clear",false,1,"GM0153"
"20220167552",2022,"Uitsluitend materiele schade",2,"Fiets","Fiets","Onbekend",\N,30,\N,"Daglicht",\N,\N,"409407049","Boerendanserdijk","Zwolle","Zwolle","Overijssel",false,52.519642,6.124888,"material damage only","4","unknown",false,1,"GM0193"
"20220168845",2022,"Letsel",2,"Personenauto","Fiets","Flank","Rotonde",50,"Niet brandend","Daglicht","Droog",\N,\N,"Kierkamperweg","Bennekom","Ede","Gelderland",false,51.996424,5.676341,"injury","2","clear",false,1,"GM0228"
"20220179383",2022,"Letsel",2,"Personenauto","Fiets","Flank","Kruispunt, 3 takken",50,"Niet brandend","Daglicht","Droog",\N,\N,"Admiraal Helfrichlaan","Wassenaar","Wassenaar","Zuid-Holland",false,52.134079,4.38991,"injury","2","clear",false,1,"GM0629"
"20220181191",2022,"Letsel",2,"Fiets","Bromfiets","Flank","Rechte weg",50,"Niet brandend","Daglicht","Droog",\N,"600379080","Van Boetzelaerlaan","'s-Gravenhage","'s-Gravenhage","Zuid-Holland",false,52.086173,4.273514,"injury","2","clear",false,1,"GM0518"
"20220195590",2022,"Uitsluitend materiele schade",2,"Fiets","Bestelauto","Flank","Bocht",60,"Brandend","Duisternis","Regen",\N,\N,"Domstraat-West","Nijkerkerveen","Nijkerk","Gelderland",false,52.201558,5.441511,"material damage only","4","rain",false,1,"GM0267"
"20220195673",2022,"Letsel",2,"Personenauto","Fiets","Flank","Rechte weg",50,"Niet brandend","Daglicht","Droog",\N,\N,"Leestensedreef","Warnsveld","Zutphen","Gelderland",false,52.128543,6.23319,"injury","2","clear",false,1,"GM0301"
"20220119375",2022,"Uitsluitend materiele schade",2,"Personenauto","Fiets","Flank","Kruispunt, 3 takken",50,"Niet brandend","Daglicht","Regen",\N,\N,"Verlengde Parkweg","Ede","Ede","Gelderland",false,52.026454,5.65397,"material damage only","4","rain",false,1,"GM0228"
"20220131283",2022,"Letsel",2,"Snorfiets","Fiets","Frontaal","Kruispunt, 4 takken",30,"Niet brandend","Daglicht","Droog",\N,\N,"Willem de Zwijgerstraat","Eindhoven","Eindhoven","Noord-Brabant",false,51.435279,5.473291,"injury","2","clear",false,1,"GM0772"
"20220132435",2022,"Uitsluitend materiele schade",2,"Bestelauto","Fiets","Flank","Rotonde",50,"Niet brandend","Daglicht",\N,\N,\N,"Akerstraat-Noord","Hoensbroek","Heerlen","Limburg",false,50.929964,5.936388,"material damage only","4","unknown",false,1,"GM0917"
"20220146833",2022,"Letsel",3,"Bestelauto","Fiets","Onbekend","Kruispunt, 4 takken",50,"Niet brandend","Daglicht",\N,\N,\N,"Spinozaweg","Rotterdam","Rotterdam","Zuid-Holland",false,51.876821,4.517074,"injury","2","unknown",false,1,"GM0599"
"20220148268",2022,"Uitsluitend materiele schade",2,"Personenauto","Fiets","Flank","Kruispunt, 4 takken",60,"Niet brandend","Daglicht","Droog",\N,\N,"Gors","Hoeven","Halderberge","Noord-Brabant",false,51.589926,4.564309,"material damage only","4","clear",false,1,"GM1655"
"20220152203",2022,"Letsel",2,"Personenauto","Fiets","Flank","Rotonde",50,"Brandend","Duisternis","Droog",\N,\N,"Lekkumerweg","Leeuwarden","Leeuwarden","Friesland",true,53.214784,5.813163,"injury","2","clear",false,1,"GM0080"