"accident_id","year","severity_raw","party_count","party1_type","party2_type","accident_type","road_situation","speed_limit_kmh","road_lighting","light_condition_label","weather_raw","infra_type","road_segment_id","street_name","place_name","gemeente_name_raw","province","alcohol_indicated","latitude","longitude","severity_label","severity_code","weather_label","built_up_area","cyclists_involved","gemeente_code"
"20220153925",2022,"Uitsluitend materiele schade",2,"Personenauto","Fiets","Flank","Rechte weg",50,"Niet brandend","Daglicht","Droog",\N,"600808101","Kerkewijk","Veenendaal","Veenendaal","Utrecht",false,52.019765,5.550109,"material damage only","4","clear",false,1,"GM0345"
"20220155129",2022,"Letsel",1,"Fiets",\N,"Eenzijdig","Rechte weg",30,"Niet brandend","Daglicht","Droog",\N,"217441012","Jan Oldenburglaan","Bergen (NH)","Bergen (NH)","Noord-Holland",false,52.671848,4.703008,"injury","2","clear",false,1,\N
"20220181200",2022,"Uitsluitend materiele schade",2,"Fiets","Fiets","Onbekend","Rechte weg",30,"Niet brandend","Daglicht","Droog",\N,"186327200","Breestraat","Leiden","Leiden","Zuid-Holland",false,52.160141,4.485575,"material damage only","4","clear",false,1,"GM0546"
"20220184267",2022,"Letsel",2,"Personenauto","Fiets","Flank","Kruispunt, 4 takken",30,"Brandend","Schemer","Regen",\N,\N,"Baanvakwei","Barendrecht","Barendrecht","Zuid-Holland",false,51.845166,4.528234,"injury","2","rain",false,1,"GM0489"
"20220195955",2022,"Letsel",2,"Personenauto","Fiets","Onbekend","Kruispunt, 3 takken",50,"Brandend","Duisternis","Droog",\N,\N,"De Kiepe","Enschede","Enschede","Overijssel",false,52.195803,6.887865,"injury","2","clear",false,1,"GM0153"
"20220118649",2022,"Uitsluitend materiele schade",3,"Fiets","Personenauto","Onbekend","Rechte weg",60,"Niet aanwezig","Schemer","Droog",\N,"600929606","Waalbandijk","Ophemert","West Betuwe","Gelderland",false,51.843166,5.384677,"material damage only","4","clear",false,1,"GM1960"
"20220143884",2022,"Letsel",2,"Personenauto","e-bike","Onbekend","Kruispunt, 3 takken",50,"Niet brandend","Daglicht","Droog",\N,\N,"KATWIJK ZH MIDDEN","Katwijk","Katwijk","Zuid-Holland",false,52.203961,4.426918,"injury","2","clear",false,1,"GM0537"
"20220155142",2022,"Letsel",2,"Fiets","Overig vast object","Vast voorwerp","Kruispunt, 4 takken",50,"Brandend","Duisternis","Droog",\N,"600746934","Hoflaan","Heemskerk","Heemskerk","Noord-Holland",false,52.503621,4.681045,"injury","2","clear",false,1,"GM0396"
"20220161866",2022,"Letsel",2,"Personenauto","e-bike","Geparkeerd voertuig","Rechte weg",50,"Niet brandend","Daglicht","Droog",\N,"463565034","Friesestraatweg","Groningen","Groningen","Groningen",false,53.223692,6.537108,"injury","2","clear",false,1,"GM0014"
"20220175220",2022,"Uitsluitend materiele schade",2,"Personenauto","Fiets","Flank","Rotonde",50,"Niet brandend","Daglicht","Droog",\N,\N,"Middelweg","Hoorn","Hoorn","Noord-Holland",false,52.643026,5.031115,"material damage only","4","clear",false,1,"GM0405"
"20220181232",2022,"Letsel",3,"Bromfiets","Fiets","Onbekend","Rechte weg",30,"Niet brandend","Daglicht","Droog",\N,"167295172","Spoorsingel","Delft","Delft","Zuid-Holland",false,52.012681,4.351859,"injury","2","clear",false,1,"GM0503"
"20220181304",2022,"Letsel",2,"e-bike","e-bike","Kop/staart","Kruispunt, 4 takken",60,"Niet brandend","Daglicht","Droog",\N,\N,"Monsterseweg","Poeldijk","Westland","Zuid-Holland",false,52.022676,4.211232,"injury","2","clear",false,1,"GM1783"
"20220188583",2022,"Uitsluitend materiele schade",1,"Fiets",\N,"Onbekend","Kruispunt, 3 takken",50,"Niet brandend","Daglicht","Droog",\N,\N,"Wolfsberg","Asten","Asten","Noord-Brabant",false,51.401068,5.751915,"material damage only","4","clear",false,1,"GM0743"
"20220189094",2022,"Letsel",3,"Personenauto","Fiets","Geparkeerd voertuig","Rechte weg",30,"Niet brandend","Daglicht","Droog","Parkeervoorziening","319176075","Hondsruglaan","Eindhoven","Eindhoven","Noord-Brabant",false,51.483112,5.457598,"injury","2","clear",false,1,"GM0772"
"20220189111",2022,"Uitsluitend materiele schade",2,"Personenauto","Fiets","Onbekend","Kruispunt, 4 takken",50,"Niet brandend","Daglicht","Regen",\N,\N,"Stationsweg","'s-Hertogenbosch","'s-Hertogenbosch","Noord-Brabant",false,51.69042,5.298169,"material damage only","4","rain",false,1,"GM0796"
"20220126270",2022,"Letsel",2,"Fiets","Fiets","Onbekend","Kruispunt, 4 takken",50,"Niet brandend","Daglicht","Droog",\N,"170295083","Korftlaan","Delft","Delft","Zuid-Holland",false,52.015757,4.374719,"injury","2","clear",false,1,"GM0503"
"20220128616",2022,"Letsel",2,"Fiets","e-bike","Flank","Rechte weg",\N,"Niet aanwezig","Daglicht","Droog",\N,"138256001","Hordenpad","Hellevoetsluis","Voorne aan Zee","Zuid-Holland",false,51.837551,4.143157,"injury","2","clear",false,1,"GM1992"
"20220131403",2022,"Letsel",2,"Personenauto","e-bike","Frontaal","Rechte weg",50,"Niet brandend","Daglicht","Droog",\N,"600798664","Jan Gielenlaan","Eindhoven","Eindhoven","Noord-Brabant",false,51.471369,5.431853,"injury","2","clear",false,1,"GM0772"
"20220152286",2022,"Letsel",2,"Personenauto","e-bike","Flank","Rotonde",50,"Niet brandend","Daglicht","Droog",\N,\N,"Berglaan","Drachten","Smallingerland","Friesland",false,53.103107,6.098708,"injury","2","clear",false,1,"GM0090"
"20220188601",2022,"Letsel",1,"Fiets",\N,"Eenzijdig","Kruispunt, 3 takken",50,"Niet brandend","Daglicht","Droog",\N,\N,"Sondervick","Veldhoven","Veldhoven","Noord-Brabant",false,51.40623,5.390241,"injury","2","clear",false,1,"GM0861"
"20220188617",2022,"Uitsluitend materiele schade",1,"Fiets",\N,"Onbekend","Rotonde",50,"Brandend","Duisternis","Droog",\N,\N,"Kanaalstraat","Son en Breugel","Son en Breugel","Noord-Brabant",false,51.502374,5.493443,"material damage only","4","clear",false,1,"GM0848"
"20220188806",2022,"Letsel",2,"Personenauto","e-bike","Geparkeerd voertuig","Rechte weg",50,"Niet brandend","Daglicht","Droog","Parkeervoorziening","600823119","Wilhelminastraat","Asten","Asten","Noord-Brabant",false,51.399558,5.739313,"injury","2","clear",false,1,"GM0743"
"20220125219",2022,"Letsel",2,"Fiets","Overig wegmeubilair","Vast voorwerp","Rechte weg",50,"Niet brandend","Daglicht",\N,\N,"600460484","Honderdland","Maasdijk","Westland","Zuid-Holland",false,51.966785,4.213754,"injury","2","unknown",false,1,"GM1783"
"20220136487",2022,"Uitsluitend materiele schade",2,"Personenauto","Fiets","Flank","Rotonde",\N,"Niet brandend","Daglicht","Droog",\N,\N,"Hanekamp","Zwolle","Zwolle","Overijssel",false,52.514003,6.109939,"material damage only","4","clear",false,1,"GM0193"
"20220142632",2022,"Uitsluitend materiele schade",7,"Bestelauto","Fiets","Los voorwerp","Rechte weg",30,"Niet brandend","Daglicht","Droog",\N,"241376020","Willemsstraat","Amsterdam","Amsterdam","Noord-Holland",false,52.381249,4.884632,"material damage only","4","clear",false,1,"GM0363"
"20220154067",2022,"Uitsluitend materiele schade",2,"Personenauto","Fiets","Flank","Rechte weg",80,"Niet brandend","Daglicht","Droog",\N,"278313111","Utrechtseweg","De Bilt","De Bilt","Utrecht",false,52.098663,5.156669,"material damage only","4","clear",false,1,"GM0310"
"20220156769",2022,"Uitsluitend materiele schade",1,"Fiets",\N,"Frontaal","Rechte weg",30,"Niet brandend","Daglicht","Droog",\N,"186328221","STATIONSPLEINTUNNEL","Leiden","Leiden","Zuid-Holland",false,52.165674,4.482974,"material damage only","4","clear",false,1,"GM0546"
"20220157746",2022,"Letsel",2,"Personenauto","e-bike","Flank","Kruispunt, 4 takken",50,"Niet brandend","Daglicht","Droog",\N,\N,"Corkstraat","Rotterdam","Rotterdam","Zuid-Holland",false,51.943677,4.409078,"injury","2","clear",false,1,"GM0599"
"20220169097",2022,"Letsel",3,"Personenauto","Fiets","Onbekend","Kruispunt, 4 takken",60,"Niet brandend","Daglicht","Droog",\N,\N,"Beuningerveldweg","Beuningen","Losser","Overijssel",false,52.348508,7.01085,"injury","2","clear",false,1,"GM0168"
"20220148755",2022,"Uitsluitend materiele schade",2,"Bestelauto","Fiets","Flank","Rechte weg",50,"Niet brandend","Daglicht","Droog",\N,"241249010","Sigmondstraat","Werkendam","Altena","Noord-Brabant",false,51.809587,4.89113,"material damage only","4","clear",false,1,"GM1959"
"20220149987",2022,"Uitsluitend materiele schade",2,"Fiets","Personenauto","Flank","Kruispunt, 4 takken",30,"Niet aanwezig","Daglicht","Droog",\N,\N,"Michiel de Ruyterweg","Vught","Vught","Noord-Brabant",false,51.650321,5.290041,"material damage only","4","clear",false,1,"GM0865"
"20220172827",2022,"Uitsluitend materiele schade",2,"Personenauto","e-bike","Flank","Rotonde",50,"Niet brandend","Daglicht","Droog",\N,\N,"Richterslaan","Nieuwegein","Nieuwegein","Utrecht",false,52.033133,5.0861,"material damage only","4","clear",false,1,"GM0356"
"20220175413",2022,"Letsel",3,"Fiets","Dier","Dier","Rechte weg",\N,"Niet brandend","Daglicht","Droog",\N,"295456003","Oosterdijk","Enkhuizen","Enkhuizen","Noord-Holland",false,52.73956,5.282446,"injury","2","clear",false,1,"GM0388"
"20220192409",2022,"Letsel",2,"e-bike","Fiets","Frontaal","Rotonde",30,"Niet brandend","Daglicht","Droog",\N,\N,"Dalerallee","Coevorden","Coevorden","Drenthe",false,52.667469,6.737875,"injury","2","clear",false,1,"GM0109"
"20220132868",2022,"Uitsluitend materiele schade",2,"Personenauto","Fiets","Flank","Kruispunt, 3 takken",60,"Niet brandend","Daglicht","Droog",\N,\N,"Vliezenweg","Venray","Venray","Limburg",false,51.517983,5.94597,"material damage only","4","clear",false,1,"GM0984"
"20220134481",2022,"Letsel",2,"Fiets","Fiets","Onbekend",\N,\N,\N,"Daglicht",\N,\N,"600859712","De Ruyter de Wildtlaan","Zorgvlied","Westerveld","Drenthe",false,52.91942,6.249943,"injury","2","unknown",false,1,"GM1701"
"20220141463",2022,"Letsel",2,"Vrachtauto","Fiets","Flank","Kruispunt, 3 takken",50,"Niet brandend","Daglicht",\N,\N,\N,"Spaarndammerdijk","Amsterdam","Amsterdam","Noord-Holland",false,52.392912,4.870924,"injury","2","unknown",false,1,"GM0363"
"20220155579",2022,"Uitsluitend materiele schade",2,"Snorfiets","Fiets","Frontaal","Kruispunt, 4 takken",50,"Niet brandend","Daglicht","Droog",\N,\N,"Ringdijk","Amsterdam","Amsterdam","Noord-Holland",false,52.349951,4.916853,"material damage only","4","clear",false,1,"GM0363"
"20220166279",2022,"Uitsluitend materiele schade",2,"Personenauto","Fiets","Geparkeerd voertuig","Kruispunt, 3 takken",\N,"Niet brandend","Daglicht","Droog","Parkeervoorziening",\N,"Het Plein","Hengelo","Hengelo (O)","Overijssel",false,52.288688,6.767181,"material damage only","4","clear",false,1,\N
"20220128779",2022,"Letsel",2,"Fiets","Bromfiets","Frontaal","Bocht",50,"Brandend","Duisternis",\N,\N,"600558901","Boompjes","Rotterdam","Rotterdam","Zuid-Holland",false,51.914383,4.487334,"injury","2","unknown",false,1,"GM0599"
"20220144210",2022,"Uitsluitend materiele schade",1,"e-bike",\N,"Voetganger","Rechte weg",50,"Brandend","Duisternis","Droog",\N,\N,"Simon Smitweg","Leiderdorp","Leiderdorp","Zuid-Holland",false,52.158258,4.542014,"material damage only","4","clear",false,1,"GM0547"
"20220193022",2022,"Letsel",2,"Fiets","Fiets","Flank","Rechte weg",30,"Niet brandend","Daglicht","Droog",\N,"530549055","Piet Heinlaan","Winschoten","Oldambt","Groningen",false,53.150192,7.038341,"injury","2","clear",false,1,"GM1895"
"20220119014",2022,"Uitsluitend materiele schade",2,"Bromfiets","Fiets","Onbekend","Rechte weg",80,"Niet aanwezig","Daglicht",\N,\N,"600505804","Doetinchemseweg","Westendorp","Oude IJsselstreek","Gelderland",false,51.94978,6.422613,"material damage only","4","unknown",false,1,"GM1509"
"20220134648",2022,"Letsel",2,"Personenauto","Fiets","Flank","Rechte weg",50,"Niet brandend","Daglicht","Droog",\N,"600850444","De Hemmen","Drachten","Smallingerland","Friesland",false,53.110756,6.078278,"injury","2","clear",false,1,"GM0090"
"20220138642",2022,"Uitsluitend materiele schade",2,"Bestelauto","Fiets","Flank","Rotonde",\N,"Niet brandend","Daglicht","Droog",\N,\N,"Van Randwijcklaan","Amersfoort","Amersfoort","Utrecht",false,52.164283,5.405382,"material damage only","4","clear",false,1,"GM0307"
"20220140089",2022,"Letsel",1,"e-bike",\N,"Eenzijdig","Rotonde",\N,"Niet brandend","Daglicht","Droog",\N,\N,"Oosttangent","Heerhugowaard","Dijk en Waard","Noord-Holland",false,52.675822,4.861164,"injury","2","clear",false,1,"GM1980"
"20220149041",2022,"Uitsluitend materiele schade",1,"Fiets",\N,"Eenzijdig","Rechte weg",80,"Niet aanwezig","Daglicht","Droog",\N,"344133002","Randweg-Oost","Budel","Cranendonck","Noord-Brabant",false,51.289991,5.631138,"material damage only","4","clear",false,1,"GM1706"
"20220168200",2022,"Uitsluitend materiele schade",2,"Personenauto","Fiets","Flank","Rechte weg",30,"Niet brandend","Daglicht","Droog",\N,"373255032","Graafseweg","Nijmegen","Nijmegen","Gelderland",false,51.83742,5.847496,"material damage only","4","clear",false,1,"GM0268"
"20220174312",2022,"Uitsluitend materiele schade",2,"Fiets","Fiets","Flank","Kruispunt, 3 takken",\N,"Niet brandend","Daglicht","Droog",\N,\N,"Heemsteedse Dreef","Heemstede","Heemstede","Noord-Holland",false,52.346094,4.624115,"material damage only","4","clear",false,1,"GM0397"
"20220175575",2022,"Letsel",2,"Personenauto","Fiets","Flank","Kruispunt, 3 takken",50,"Niet brandend","Daglicht","Droog",\N,\N,"Uitgeesterweg","Limmen","Castricum","Noord-Holland",false,52.562323,4.690163,"injury","2","clear",false,1,"GM0383"
"20220175584",2022,"Letsel",2,"Personenauto","Fiets","Flank","Rechte weg",50,"Niet brandend","Daglicht","Droog",\N,"213401075","Italiëlaan","Beverwijk","Beverwijk","Noord-Holland",false,52.49288,4.677108,"injury","2","clear",false,1,"GM0375"
"20220192936",2022,"Uitsluitend materiele schade",2,"Snorfiets","Fiets","Flank","Kruispunt, 4 takken",50,"Niet brandend","Daglicht","Droog",\N,\N,"Dahliastraat","Hoogeveen","Hoogeveen","Drenthe",false,52.7167,6.491389,"material damage only","4","clear",false,1,"GM0118"
"20220124166",2022,"Uitsluitend materiele schade",2,"Personenauto","Fiets","Flank","Rechte weg",50,"Brandend","Duisternis","Regen",\N,"600893397","Hoofdweg","Amsterdam","Amsterdam","Noord-Holland",false,52.377837,4.84626,"material damage only","4","rain",false,1,"GM0363"
"20220149076",2022,"Letsel",2,"Bromfiets","Fiets","Flank","Kruispunt, 3 takken",30,"Niet brandend","Daglicht","Droog",\N,\N,"Meierijstraat","Schijndel","Meierijstad","Noord-Brabant",false,51.616662,5.438618,"injury","2","clear",false,1,"GM1948"
"20220159887",2022,"Letsel",2,"Fiets","Fiets","Flank","Rotonde",30,"Niet brandend","Daglicht","Droog",\N,"600136489","Baanderherenweg","Boxtel","Boxtel","Noord-Brabant",false,51.598484,5.315865,"injury","2","clear",false,1,"GM0757"
"20220166827",2022,"Letsel",1,"Fiets",\N,"Eenzijdig",\N,50,\N,"Daglicht",\N,\N,"390336068","Kayersdijk","Apeldoorn","Apeldoorn","Gelderland",false,52.202125,5.978579,"injury","2","unknown",false,1,"GM0200"
"20220168246",2022,"Letsel",2,"Personenauto","Fiets","Flank","Rechte weg",80,"Brandend","Schemer","Droog",\N,\N,"BROEKSTRAAT","Zelhem","Bronckhorst","Gelderland",false,51.978257,6.328934,"injury","2","clear",false,1,"GM1876"
"20220197419",2022,"Letsel",1,"Fiets",\N,"Eenzijdig","Rechte weg",50,"Niet brandend","Daglicht","Droog",\N,"600617527","Molenstraat","Ede","Ede","Gelderland",false,52.0471,5.674678,"injury","2","clear",false,1,"GM0228"
"20220197681",2022,"Letsel",2,"Fiets","Voetganger","Voetganger","Rechte weg",30,"Niet aanwezig","Daglicht","Droog",\N,"496360124","Nieuwe Kerkstraat","Borne","Borne","Overijssel",false,52.30081,6.75523,"injury","2","clear",false,1,"GM0147"
"20220117876",2022,"Letsel",2,"e-bike","Bromfiets","Kop/staart","Rechte weg",50,"Niet brandend","Daglicht","Droog",\N,"600449031","Rijksstraatweg","Teuge","Voorst","Gelderland",false,52.236635,6.05021,"injury","2","clear",false,1,"GM0285"
"20220119072",2022,"Letsel",2,"Fiets","Fiets","Frontaal","Rechte weg",60,"Niet aanwezig","Duisternis","Droog",\N,"600874787","Twenteweg","Brucht","Hardenberg","Overijssel",false,52.556324,6.627367,"injury","2","clear",false,1,"GM0160"
"20220135897",2022,"Uitsluitend materiele schade",2,"Personenauto","Fiets","Flank","Rotonde",50,"Niet brandend","Daglicht","Droog",\N,\N,"Morsweg","Rijssen","Rijssen-Holten","Overijssel",false,52.315187,6.514133,"material damage only","4","clear",false,1,"GM1742"
"20220137762",2022,"Letsel",2,"Snorfiets","Fiets","Frontaal","Rechte weg",30,"Niet brandend","Daglicht","Droog",\N,"600492513","Kanonstraat","Utrecht","Utrecht","Utrecht",false,52.092157,5.104589,"injury","2","clear",false,1,"GM0344"
"20240082204",2024,"Letsel",2,"Personenauto","Fiets","Frontaal","Rechte weg",60,"Niet brandend","Daglicht","Droog",\N,"220311058","Dammekant","Bodegraven","Bodegraven-Reeuwijk","Zuid-Holland",false,52.088158,4.737758,"injury","2","clear",false,1,"GM1901"
"20240085385",2024,"Uitsluitend materiele schade",2,"Bestelauto","Fiets","Flank","Kruispunt, 3 takken",30,"Niet brandend","Daglicht","Droog",\N,\N,"F.A. Molijnlaan","Nunspeet","Nunspeet","Gelderland",false,52.371613,5.786325,"material damage only","4","clear",false,1,"GM0302"
"20240087381",2024,"Uitsluitend materiele schade",2,"Personenauto","Fiets","Los voorwerp","Kruispunt, 4 takken",30,"Niet brandend","Daglicht","Droog",\N,\N,"Hanendorperweg","Emst","Epe","Gelderland",false,52.314538,5.974651,"material damage only","4","clear",false,1,"GM0232"
"20240088676",2024,"Letsel",2,"Fiets","Los voorwerp","Los voorwerp","Rechte weg",50,"Niet brandend","Daglicht","Droog",\N,"169292013","Schieweg","Delft","Delft","Zuid-Holland",false,51.998238,4.365801,"injury","2","clear",false,1,"GM0503"
"20240092048",2024,"Letsel",2,"Personenauto","Fiets","Onbekend","Rechte weg",50,"Niet brandend","Daglicht","Droog",\N,"418150021","Tegelseweg","Venlo","Venlo","Limburg",false,51.365166,6.163357,"injury","2","clear",false,1,"GM0983"
"20240092155",2024,"Uitsluitend materiele schade",1,"Fiets",\N,"Kop/staart","Rechte weg",50,"Niet brandend","Duisternis","Droog",\N,"330205106","Sluisstraat","Veghel","Meierijstad","Noord-Brabant",false,51.612959,5.537269,"material damage only","4","clear",false,1,"GM1948"
"20240092175",2024,"Uitsluitend materiele schade",2,"Personenauto","Fiets","Flank","Rechte weg",50,"Niet brandend","Daglicht","Droog",\N,\N,"Horsterweg","Sevenum","Horst aan de Maas","Limburg",false,51.417968,6.035157,"material damage only","4","clear",false,1,"GM1507"
"20240078443",2024,"Letsel",3,\N,"Fiets","Frontaal","Bocht",60,"Niet brandend","Daglicht","Droog",\N,"460428018","Langejacht","Dedemsvaart","Hardenberg","Overijssel",false,52.612763,6.498891,"injury","2","clear",false,1,"GM0160"
"20240082230",2024,"Uitsluitend materiele schade",2,"Fiets","Fiets","Onbekend",\N,\N,\N,"Daglicht",\N,\N,"316166047","Hastelweg","Eindhoven","Eindhoven","Noord-Brabant",false,51.436793,5.436071,"material damage only","4","unknown",false,1,"GM0772"
"20240090048",2024,"Letsel",2,"Personenauto","Fiets","Flank","Rotonde",50,"Niet brandend","Daglicht","Droog",\N,\N,"De Lingebrug","Gorinchem","Gorinchem","Zuid-Holland",false,51.835758,4.977505,"injury","2","clear",false,1,"GM0512"
"20240097750",2024,"Letsel",1,"Fiets",\N,"Onbekend","Rechte weg",50,"Brandend","Duisternis","Regen",\N,"179331012","Hoofdstraat","Valkenburg","Katwijk","Zuid-Holland",false,52.177592,4.436574,"injury","2","rain",false,1,"GM0537"
"20240101674",2024,"Uitsluitend materiele schade",2,"Snorfiets","Fiets","Onbekend","Rechte weg",30,"Niet brandend","Daglicht","Droog",\N,"600799233","Mahatma Gandhilaan","Eindhoven","Eindhoven","Noord-Brabant",false,51.427089,5.443326,"material damage only","4","clear",false,1,"GM0772"
"20240071387",2024,"Letsel",1,"Fiets",\N,"Eenzijdig","Rechte weg",50,"Niet brandend","Daglicht","Regen",\N,"160306102","Hoefkade","'s-Gravenhage","'s-Gravenhage","Zuid-Holland",false,52.062135,4.300027,"injury","2","rain",false,1,"GM0518"
"20240073274",2024,"Uitsluitend materiele schade",2,"Personenauto","Fiets","Flank","Kruispunt, 4 takken",30,"Niet brandend","Daglicht","Regen",\N,\N,"Grassavanne","Eindhoven","Eindhoven","Noord-Brabant",false,51.439937,5.409509,"material damage only","4","rain",false,1,"GM0772"
"20240074541",2024,"Uitsluitend materiele schade",2,"Fiets","Personenauto","Onbekend","Rechte weg",50,"Brandend","Duisternis","Droog",\N,"396039003","Heerlerbaan","Heerlen","Heerlen","Limburg",false,50.866585,6.000916,"material damage only","4","clear",false,1,"GM0917"
"20240041107",2024,"Uitsluitend materiele schade",2,"Personenauto","Fiets","Onbekend","Kruispunt, 3 takken",30,"Brandend","Daglicht","Droog",\N,"249372064","Gorontalostraat","Amsterdam","Amsterdam","Noord-Holland",false,52.363795,4.941893,"material damage only","4","clear",false,1,"GM0363"
"20240045387",2024,"Letsel",2,"Personenauto","Fiets","Flank","Rotonde",50,"Niet brandend","Daglicht","Droog",\N,\N,"Empelseweg","Rosmalen","'s-Hertogenbosch","Noord-Brabant",false,51.711371,5.352413,"injury","2","clear",false,1,"GM0796"
"20240046061",2024,"Uitsluitend materiele schade",2,"Personenauto","Fiets","Flank","Kruispunt, 3 takken",50,"Niet brandend","Daglicht","Droog",\N,\N,"Brinkgreverweg","Deventer","Deventer","Overijssel",false,52.256221,6.164033,"material damage only","4","clear",false,1,"GM0150"
"20240087515",2024,"Letsel",2,"Personenauto","Fiets","Flank","Kruispunt, 4 takken",50,"Niet brandend","Daglicht","Regen","Brug/viaduct","269293079","Handelskade","Nieuwegein","Nieuwegein","Utrecht",false,52.007858,5.092945,"injury","2","rain",false,1,"GM0356"
"20240088824",2024,"Uitsluitend materiele schade",2,"Personenauto","Fiets","Flank","Kruispunt, 4 takken",30,"Niet brandend","Daglicht","Droog",\N,"601101184","De Heemstraat","'s-Gravenhage","'s-Gravenhage","Zuid-Holland",false,52.066263,4.298219,"material damage only","4","clear",false,1,"GM0518"
"20240044504",2024,"Uitsluitend materiele schade",1,"Fiets",\N,"Onbekend","Rechte weg",30,"Niet brandend","Daglicht","Droog",\N,"354124081","Sint Antoniusstraat","Weert","Weert","Limburg",false,51.250098,5.709683,"material damage only","4","clear",false,1,"GM0988"
"20240084323",2024,"Letsel",1,"Fiets",\N,"Onbekend",\N,30,\N,"Duisternis",\N,\N,"391335017","Voldersdreef","Apeldoorn","Apeldoorn","Gelderland",false,52.197986,5.984883,"injury","2","unknown",false,1,"GM0200"
"20240095681",2024,"Uitsluitend materiele schade",2,"Bromfiets","Fiets","Flank","Kruispunt, 3 takken",50,"Niet brandend","Daglicht","Droog",\N,\N,"Provincialeweg","Krommenie","Zaanstad","Noord-Holland",false,52.495463,4.755071,"material damage only","4","clear",false,1,"GM0479"
"20240096828",2024,"Letsel",2,"Bromfiets","Fiets","Frontaal","Rechte weg",80,"Niet brandend","Daglicht","Droog",\N,"600946575","Biltseweg","Soest","Soest","Utrecht",false,52.175626,5.249334,"injury","2","clear",false,1,"GM0342"
"20240046124",2024,"Letsel",1,"Fiets",\N,"Kop/staart","Rechte weg",50,"Niet brandend","Daglicht","Droog",\N,"601082482","Nijenoord Allee","Wageningen","Wageningen","Gelderland",false,51.978518,5.652794,"injury","2","clear",false,1,"GM0289"
"20240073372",2024,"Uitsluitend materiele schade",2,"Fiets","Personenauto","Flank","Kruispunt, 3 takken",50,"Niet brandend","Daglicht","Regen",\N,\N,"de Seilier","Venray","Venray","Limburg",false,51.516715,5.980043,"material damage only","4","rain",false,1,"GM0984"
"20240086240",2024,"Uitsluitend materiele schade",2,"Personenauto","Fiets","Los voorwerp","Rechte weg",50,"Niet brandend","Daglicht","Droog",\N,"600666990","Kon Wilhelminaweg","Amerongen","Utrechtse Heuvelrug","Utrecht",false,52.000631,5.457945,"material damage only","4","clear",false,1,"GM1581"
"20240086277",2024,"Letsel",2,"Motor","Fiets","Onbekend","Rechte weg",30,"Niet aanwezig","Daglicht","Droog",\N,"600463175","Dijkweg","Den Helder","Den Helder","Noord-Holland",false,52.964621,4.763079,"injury","2","clear",false,1,"GM0400"
"20240086950",2024,"Letsel",4,"Fiets","Snorfiets","Frontaal","Rechte weg",30,"Niet brandend","Daglicht","Droog",\N,\N,"Provincialeweg","Hoorn","Hoorn","Noord-Holland",true,52.653227,5.065004,"injury","2","clear",false,1,"GM0405"
"20240092741",2024,"Uitsluitend materiele schade",2,"Fiets","Personenauto","Flank","Kruispunt, 3 takken",50,"Niet brandend","Daglicht","Droog",\N,\N,"Rijksweg Zuid","Geleen","Sittard-Geleen","Limburg",false,50.954972,5.812379,"material damage only","4","clear",false,1,"GM1883"
"20240093238",2024,"Uitsluitend materiele schade",2,"Bestelauto","Fiets","Flank","Kruispunt, 4 takken",30,"Niet brandend","Daglicht","Droog",\N,\N,"Zeddamseweg","Etten","Oude IJsselstreek","Gelderland",false,51.915155,6.341134,"material damage only","4","clear",false,1,"GM1509"
"20240093256",2024,"Letsel",2,"Snorfiets","Fiets","Frontaal","Rechte weg",50,\N,"Daglicht","Droog",\N,"600696279","Jousterweg","Oudehaske","De Fryske Marren","Friesland",false,52.959273,5.88691,"injury","2","clear",false,1,"GM1940"
"20240098103",2024,"Uitsluitend materiele schade",2,"Personenauto","Fiets","Flank","Rechte weg",50,"Niet brandend","Daglicht","Droog",\N,"161307066","Hobbemastraat","'s-Gravenhage","'s-Gravenhage","Zuid-Holland",false,52.068248,4.301246,"material damage only","4","clear",false,1,"GM0518"
"20240045517",2024,"Letsel",2,"Personenauto","e-bike","Flank","Rotonde",50,"Niet brandend","Daglicht","Droog",\N,\N,"Beekweg","Venray","Venray","Limburg",false,51.531952,5.966041,"injury","2","clear",false,1,"GM0984"
"20240078634",2024,"Uitsluitend materiele schade",2,"Fiets","Bromfiets","Flank","Kruispunt, 4 takken",30,"Niet brandend","Daglicht","Droog",\N,\N,"FIETSPAD","Amsterdam","Amsterdam","Noord-Holland",false,52.384913,4.855676,"material damage only","4","clear",false,1,"GM0363"
"20240083758",2024,"Uitsluitend materiele schade",2,"Snorfiets","Fiets","Flank","Kruispunt, 3 takken",30,"Niet brandend","Daglicht","Droog",\N,\N,"Verwersstraat","'s-Hertogenbosch","'s-Hertogenbosch","Noord-Brabant",false,51.685734,5.306988,"material damage only","4","clear",false,1,"GM0796"
"20240091499",2024,"Uitsluitend materiele schade",1,"Fiets",\N,"Frontaal","Rechte weg",30,"Niet brandend","Daglicht","Droog",\N,"236254006","Parallelweg","Hardinxveld-Giessendam","Hardinxveld-Giessendam","Zuid-Holland",false,51.831501,4.864713,"material damage only","4","clear",false,1,"GM0523"
"20240098664",2024,"Uitsluitend materiele schade",2,"Fiets","Personenauto","Frontaal","Kruispunt, 4 takken",30,"Niet brandend","Daglicht","Regen",\N,\N,"Dusartstraat","Amsterdam","Amsterdam","Noord-Holland",false,52.35185,4.889403,"material damage only","4","rain",false,1,"GM0363"