"accident_id","year","severity_raw","party_count","party1_type","party2_type","accident_type","road_situation","speed_limit_kmh","road_lighting","light_condition_label","weather_raw","infra_type","road_segment_id","street_name","place_name","gemeente_name_raw","province","alcohol_indicated","latitude","longitude","severity_label","severity_code","weather_label","built_up_area","cyclists_involved","gemeente_code"
"20240009411",2024,"Uitsluitend materiele schade",2,"Personenauto","Fiets","Kop/staart","Rechte weg",50,"Niet brandend","Daglicht","Regen",\N,"408343025","Troelstralaan","Twello","Voorst","Gelderland",false,52.231469,6.109064,"material damage only","4","rain",false,1,"GM0285"
"20240011439",2024,"Uitsluitend materiele schade",2,"Personenauto","Fiets","Onbekend",\N,\N,\N,"Duisternis",\N,\N,"284306001","Stationsweg","Bunnik","Bunnik","Utrecht",false,52.066863,5.20171,"material damage only","4","unknown",false,1,"GM0312"
"20240012040",2024,"Uitsluitend materiele schade",2,"Personenauto","Fiets","Frontaal","Rotonde",50,"Niet brandend","Daglicht","Droog",\N,\N,"Sixlaan","Hillegom","Hillegom","Zuid-Holland",false,52.295712,4.57887,"material damage only","4","clear",false,1,"GM0534"
"20240025183",2024,"Letsel",2,"Fiets","Personenauto","Onbekend","Rotonde",50,"Niet brandend","Daglicht","Regen",\N,\N,"Santheuvel-west","Mierlo","Geldrop-Mierlo","Noord-Brabant",false,51.440697,5.606663,"injury","2","rain",false,1,"GM1771"
"20240017709",2024,"Letsel",2,"Personenauto","Fiets","Flank","Rechte weg",50,"Niet brandend","Daglicht","Droog",\N,"384276018","Huismanstraat","Huissen","Lingewaard","Gelderland",false,51.931455,5.932429,"injury","2","clear",false,1,"GM1705"
"20230112485",2023,"Letsel",2,"Personenauto","Fiets","Flank","Kruispunt, 3 takken",30,"Brandend","Duisternis","Droog",\N,\N,"Euromarkt","Alphen aan den Rijn","Alphen aan den Rijn","Zuid-Holland",false,52.126908,4.65266,"injury","2","clear",false,1,"GM0484"
"20230112486",2023,"Letsel",2,"Fiets","Fiets","Onbekend","Rechte weg",30,"Niet brandend","Duisternis","Droog",\N,"162309224","Grote Marktstraat","'s-Gravenhage","'s-Gravenhage","Zuid-Holland",false,52.076908,4.313143,"injury","2","clear",false,1,"GM0518"
"20240155937",2024,"Uitsluitend materiele schade",2,"Personenauto","Fiets","Flank","Kruispunt, 3 takken",50,"Brandend","Duisternis","Droog",\N,\N,"Den Biest","Eindhoven","Eindhoven","Noord-Brabant",false,51.427304,5.486776,"material damage only","4","clear",false,1,"GM0772"
"20240012079",2024,"Letsel",2,"Personenauto","Fiets","Flank","Rotonde",50,"Niet brandend","Daglicht","Droog",\N,\N,"De Borcht","Amsterdam","Amsterdam","Noord-Holland",false,52.324971,4.890696,"injury","2","clear",false,1,"GM0363"
"20240152534",2024,"Uitsluitend materiele schade",2,"Fiets","Snorfiets","Frontaal","Rechte weg",30,"Brandend","Duisternis","Droog",\N,"229372071","Osdorper Ban","Amsterdam","Amsterdam","Noord-Holland",false,52.36182,4.798578,"material damage only","4","clear",false,1,"GM0363"
"20230110744",2023,"Uitsluitend materiele schade",2,"Personenauto","e-bike","Onbekend","Rotonde",50,"Brandend","Duisternis","Regen",\N,\N,"Markiezaatsweg","Bergen op Zoom","Bergen op Zoom","Noord-Brabant",false,51.471448,4.303334,"material damage only","4","rain",false,1,"GM0748"
"20230112514",2023,"Uitsluitend materiele schade",2,"Fiets","Scootmobiel","Frontaal","Rotonde",50,"Niet brandend","Daglicht","Droog",\N,\N,"Reigersbergenweg","'s-Gravenhage","'s-Gravenhage","Zuid-Holland",false,52.090057,4.353772,"material damage only","4","clear",false,1,"GM0518"
"20240009838",2024,"Letsel",2,"Personenauto","Fiets","Flank","Kruispunt, 4 takken",50,"Niet brandend","Daglicht","Regen",\N,\N,"Deurningerstraat","Hengelo","Hengelo (O)","Overijssel",false,52.275374,6.80275,"injury","2","rain",false,1,\N
"20240011534",2024,"Letsel",1,"Fiets",\N,"Onbekend",\N,30,\N,"Daglicht",\N,\N,"600810503","Van Amerongenerf","Veenendaal","Veenendaal","Utrecht",false,52.024875,5.583061,"injury","2","unknown",false,1,"GM0345"
"20240021611",2024,"Uitsluitend materiele schade",2,"Fiets","Personenauto","Onbekend","Rechte weg",30,"Niet aanwezig","Duisternis","Droog",\N,"262359062","Groeneweg","Weesp","Amsterdam","Noord-Holland",false,52.305528,5.04015,"material damage only","4","clear",false,1,"GM0363"
"20230108988",2023,"Letsel",2,"Personenauto","e-bike","Flank","Rotonde",50,"Niet brandend","Daglicht","Droog",\N,\N,"Euroweg","Amersfoort","Amersfoort","Utrecht",false,52.194643,5.408652,"injury","2","clear",false,1,"GM0307"
"20240156805",2024,"Uitsluitend materiele schade",2,"Personenauto","Fiets","Onbekend","Kruispunt, 4 takken",50,"Niet brandend","Daglicht","Droog",\N,\N,"Allenweg","Zevenbergen","Moerdijk","Noord-Brabant",false,51.642457,4.600317,"material damage only","4","clear",false,1,"GM1709"
"20240009911",2024,"Letsel",2,"Snorfiets","Fiets","Frontaal","Rechte weg",\N,"Brandend","Duisternis","Droog",\N,"338358016","Oude Nijkerkerweg","Ermelo","Ermelo","Gelderland",false,52.300048,5.596787,"injury","2","clear",false,1,"GM0233"
"20240012917",2024,"Letsel",2,"Personenauto","Fiets","Flank","Rechte weg",30,"Brandend","Duisternis","Harde windstoten/Regen",\N,"601103326","Dr. H. Colijnstraat","Amsterdam","Amsterdam","Noord-Holland",false,52.379954,4.806449,"injury","2","unknown",false,1,"GM0363"
"20240154571",2024,"Letsel",2,"Snorfiets","Fiets","Onbekend","Rechte weg",50,"Brandend","Duisternis","Regen",\N,\N,"Spuiboulevard","Dordrecht","Dordrecht","Zuid-Holland",false,51.811823,4.663616,"injury","2","rain",false,1,"GM0505"
"20230110815",2023,"Letsel",2,"Personenauto","Fiets","Flank","Kruispunt, 4 takken",50,\N,"Schemer",\N,\N,\N,"Muggenberg","Heeze","Heeze-Leende","Noord-Brabant",false,51.386354,5.560998,"injury","2","unknown",false,1,"GM1658"
"20240003110",2024,"Uitsluitend materiele schade",2,"Fiets","Voetganger","Voetganger","Rechte weg",30,"Niet brandend","Daglicht","Droog",\N,"313162048","Tasveld","Veldhoven","Veldhoven","Noord-Brabant",false,51.420692,5.409689,"material damage only","4","clear",false,1,"GM0861"
"20240006985",2024,"Letsel",2,"Snorfiets","Fiets","Frontaal","Rechte weg",30,"Brandend","Duisternis","Droog",\N,"160308144","'s-Gravenzandelaan","'s-Gravenhage","'s-Gravenhage","Zuid-Holland",false,52.070462,4.295042,"injury","2","clear",false,1,"GM0518"
"20240015237",2024,"Uitsluitend materiele schade",2,"Fiets","Personenauto","Frontaal","Kruispunt, 3 takken",50,"Niet brandend","Daglicht","Regen",\N,\N,"Dorpsstraat","Rijswijk (NB)","Altena","Noord-Brabant",false,51.800992,5.022049,"material damage only","4","rain",false,1,"GM1959"
"20240152004",2024,"Uitsluitend materiele schade",2,"Fiets","Personenauto","Onbekend","Kruispunt, 4 takken",30,"Niet brandend","Daglicht","Droog",\N,\N,"Nova Zemblastraat","Amsterdam","Amsterdam","Noord-Holland",false,52.39003,4.884798,"material damage only","4","clear",false,1,"GM0363"
"20240010835",2024,"Uitsluitend materiele schade",2,"Motor","Fiets","Onbekend","Kruispunt, 4 takken",30,"Niet brandend","Daglicht","Droog",\N,\N,"de Joncheerelaan","Harmelen","Woerden","Utrecht",false,52.092217,4.962706,"material damage only","4","clear",false,1,"GM0632"
"20240016561",2024,"Uitsluitend materiele schade",2,"Personenauto","Fiets","Onbekend","Kruispunt, 3 takken",50,"Niet aanwezig","Daglicht",\N,\N,\N,"Diepenveenseweg","Olst","Olst-Wijhe","Overijssel",false,52.332903,6.121645,"material damage only","4","unknown",false,1,"GM1773"
"20240016565",2024,"Uitsluitend materiele schade",2,"Personenauto","Fiets","Onbekend","Kruispunt, 4 takken",50,"Niet brandend","Daglicht",\N,\N,\N,"Jacob Damsingel","Zutphen","Zutphen","Gelderland",false,52.146984,6.201647,"material damage only","4","unknown",false,1,"GM0301"
"20240015643",2024,"Dodelijk",2,"Personenauto","Fiets","Frontaal","Kruispunt, 3 takken",60,"Niet brandend","Daglicht","Regen",\N,\N,"Roggelseweg","Haelen","Leudal","Limburg",false,51.241473,5.941436,"fatal","1","rain",false,1,"GM1640"
"20240016226",2024,"Uitsluitend materiele schade",2,"Personenauto","Fiets","Flank","Kruispunt, 3 takken",50,"Niet brandend","Daglicht","Droog",\N,\N,"Zonstraat","Kerkrade","Kerkrade","Limburg",false,50.873361,6.067526,"material damage only","4","clear",false,1,"GM0928"
"20240016388",2024,"Uitsluitend materiele schade",2,"Personenauto","Fiets","Onbekend","Rotonde",50,"Niet brandend","Daglicht","Regen",\N,\N,"Brunssummerweg","Landgraaf","Landgraaf","Limburg",false,50.910382,6.032639,"material damage only","4","rain",false,1,"GM0882"
"20240017107",2024,"Letsel",2,"Fiets","Fiets","Frontaal","Rotonde",50,"Niet brandend","Daglicht","Droog",\N,\N,"FIETSPAD","Appingedam","Eemsdelta","Groningen",false,53.322599,6.868377,"injury","2","clear",false,1,"GM1979"
"20240018128",2024,"Letsel",2,"Bromfiets","Fiets","Flank","Rechte weg",30,"Niet brandend","Daglicht","Droog",\N,"600825714","Valeriusstraat","Leeuwarden","Leeuwarden","Friesland",false,53.206992,5.777305,"injury","2","clear",false,1,"GM0080"
"20240018340",2024,"Letsel",2,"Personenauto","Fiets","Onbekend","Rechte weg",50,"Niet brandend","Daglicht","Droog","Parkeervoorziening","600550417","Elingsloane","Burgum","Tytsjerksteradiel","Friesland",false,53.20365,5.981695,"injury","2","clear",false,1,"GM0737"
"20240155969",2024,"Uitsluitend materiele schade",2,"Personenauto","Fiets","Flank","Rotonde",30,"Brandend","Duisternis","Droog",\N,\N,"Knegselstraat","Tilburg","Tilburg","Noord-Brabant",false,51.575658,4.997218,"material damage only","4","clear",false,1,"GM0855"
"20240016157",2024,"Uitsluitend materiele schade",2,"Bestelauto","Fiets","Flank","Kruispunt, 4 takken",50,"Niet brandend","Daglicht","Droog",\N,\N,"Moorland","Oirschot","Oirschot","Noord-Brabant",false,51.500811,5.31592,"material damage only","4","clear",false,1,"GM0823"
"20240022361",2024,"Uitsluitend materiele schade",2,"Personenauto","Fiets","Flank","Kruispunt, 3 takken",50,"Niet brandend","Daglicht","Regen",\N,\N,"Spaanseweg","Rotterdam","Rotterdam","Zuid-Holland",false,51.917579,4.428422,"material damage only","4","rain",false,1,"GM0599"
"20240019469",2024,"Uitsluitend materiele schade",2,"Personenauto","Fiets","Flank","Kruispunt, 4 takken",30,"Niet brandend","Daglicht","Regen",\N,\N,"Palembangweg","Almere","Almere","Flevoland",false,52.395916,5.287405,"material damage only","4","rain",false,1,"GM0034"
"20240022398",2024,"Uitsluitend materiele schade",2,"Personenauto","Fiets","Flank","Kruispunt, 4 takken",50,"Niet brandend","Daglicht","Droog",\N,\N,"Fortunastraat","Rotterdam","Rotterdam","Zuid-Holland",false,51.96033,4.488503,"material damage only","4","clear",false,1,"GM0599"
"20240024763",2024,"Uitsluitend materiele schade",2,"Personenauto","Fiets","Flank","Kruispunt, 3 takken",30,"Brandend","Daglicht","Droog",\N,\N,"Stalenbrug","Bergen op Zoom","Bergen op Zoom","Noord-Brabant",false,51.48401,4.295431,"material damage only","4","clear",false,1,"GM0748"
"20240000372",2024,"Uitsluitend materiele schade",2,"Bestelauto","Fiets","Onbekend","Kruispunt, 4 takken",50,"Niet brandend","Daglicht","Droog",\N,\N,"Veldhovenring","Tilburg","Tilburg","Noord-Brabant",false,51.56754,5.088312,"material damage only","4","clear",false,1,"GM0855"
"20240153548",2024,"Letsel",2,"Bromfiets","Fiets","Flank","Rechte weg",50,"Niet brandend","Daglicht","Droog",\N,\N,"FIETSPAD","Zaandam","Zaanstad","Noord-Holland",false,52.431772,4.822496,"injury","2","clear",false,1,"GM0479"
"20230109858",2023,"Letsel",1,"Fiets",\N,"Eenzijdig","Rechte weg",30,"Brandend","Duisternis","Regen",\N,"321169103","Woenselse Markt","Eindhoven","Eindhoven","Noord-Brabant",false,51.451758,5.471233,"injury","2","rain",false,1,"GM0772"
"20230032627",2023,"Letsel",2,"Personenauto","Fiets","Flank","Kruispunt, 3 takken",50,"Niet brandend","Daglicht","Droog",\N,\N,"Hertog Reinoudsingel","Venlo","Venlo","Limburg",false,51.372285,6.181158,"injury","2","clear",false,1,"GM0983"
"20230033933",2023,"Uitsluitend materiele schade",3,"Fiets","Personenauto","Onbekend","Bocht",80,"Niet brandend","Daglicht","Droog",\N,"345296046","Dr. W. Dreeslaan","Ede","Ede","Gelderland",false,52.02393,5.64758,"material damage only","4","clear",false,1,"GM0228"
"20230035608",2023,"Letsel",2,"Personenauto","Fiets","Flank","Kruispunt, 4 takken",50,"Niet brandend","Daglicht","Droog","Brug/viaduct",\N,"Veeneslagen","Rijssen","Rijssen-Holten","Overijssel",false,52.308488,6.495166,"injury","2","clear",false,1,"GM1742"
"20230070078",2023,"Uitsluitend materiele schade",2,"Fiets","Fiets","Flank","Rechte weg",30,"Niet brandend","Daglicht","Droog",\N,"394044026","Heuvelweg","Heerlen","Heerlen","Limburg",false,50.890887,5.985228,"material damage only","4","clear",false,1,"GM0917"
"20230023100",2023,"Uitsluitend materiele schade",2,"Personenauto","Fiets","Flank","Kruispunt, 4 takken",30,"Niet brandend","Daglicht","Droog",\N,\N,"Winkler Prinshof","Amsterdam","Amsterdam","Noord-Holland",false,52.362724,4.83124,"material damage only","4","clear",false,1,"GM0363"
"20230031192",2023,"Letsel",2,"Fiets","Fiets","Flank","Kruispunt, 4 takken",50,"Niet brandend","Daglicht","Droog",\N,\N,"Bergstraat","Boekel","Boekel","Noord-Brabant",false,51.599042,5.676704,"injury","2","clear",false,1,"GM0755"
"20230032694",2023,"Uitsluitend materiele schade",2,"Fiets","Fiets","Flank","Kruispunt, 3 takken",30,"Niet brandend","Daglicht","Droog",\N,\N,"Vughterstraat","'s-Hertogenbosch","'s-Hertogenbosch","Noord-Brabant",false,51.686272,5.298369,"material damage only","4","clear",false,1,"GM0796"
"20230067337",2023,"Uitsluitend materiele schade",2,"Bromfiets","Fiets","Flank","Rechte weg",30,"Niet brandend","Daglicht","Regen",\N,"600622505","Monnickendammerweg","Purmer","Waterland","Noord-Holland",false,52.473572,5.002736,"material damage only","4","rain",false,1,"GM0852"
"20230023753",2023,"Letsel",2,"Fiets","Fiets","Onbekend","Rechte weg",50,"Niet brandend","Daglicht","Droog",\N,"600736046","Hyacinthenlaan","Hillegom","Hillegom","Zuid-Holland",false,52.281982,4.564397,"injury","2","clear",false,1,"GM0534"
"20230025488",2023,"Letsel",2,"Bestelauto","Fiets","Flank","Kruispunt, 3 takken",50,"Niet brandend","Daglicht","Droog",\N,\N,"Vlaardingsedijk","Maassluis","Maassluis","Zuid-Holland",false,51.914674,4.258613,"injury","2","clear",false,1,"GM0556"
"20240028861",2024,"Uitsluitend materiele schade",2,"Snorfiets","Fiets","Flank","Kruispunt, 4 takken",50,"Niet brandend","Daglicht","Droog",\N,\N,"Einsteindreef","Utrecht","Utrecht","Utrecht",false,52.11343,5.10665,"material damage only","4","clear",false,1,"GM0344"
"20230030666",2023,"Uitsluitend materiele schade",2,"Personenauto","Fiets","Flank","Rotonde",50,"Brandend","Schemer","Sneeuw/Hagel",\N,\N,"Santheuvel-west","Mierlo","Geldrop-Mierlo","Noord-Brabant",false,51.440697,5.606663,"material damage only","4","unknown",false,1,"GM1771"
"20230032917",2023,"Letsel",2,"Personenauto","Fiets","Flank","Kruispunt, 3 takken",50,"Niet brandend","Daglicht","Droog",\N,\N,"De Keten","Eindhoven","Eindhoven","Noord-Brabant",false,51.47007,5.413177,"injury","2","clear",false,1,"GM0772"
"20230069229",2023,"Letsel",1,"Fiets",\N,"Eenzijdig","Rechte weg",50,"Niet brandend","Daglicht","Droog",\N,"600727903","Vierde Stationsstraat","Zoetermeer","Zoetermeer","Zuid-Holland",false,52.039808,4.477169,"injury","2","clear",false,1,"GM0637"
"20230014602",2023,"Letsel",2,"Fiets","Personenauto","Flank","Rechte weg",\N,"Niet brandend","Daglicht","Droog",\N,"600921893","Enschedesestraat","Hengelo","Hengelo (O)","Overijssel",false,52.261715,6.802693,"injury","2","clear",false,1,\N
"20230020367",2023,"Uitsluitend materiele schade",2,"Personenauto","Fiets","Flank","Rotonde",50,"Niet brandend","Daglicht","Droog",\N,\N,"Rembrandtweg","Amstelveen","Amstelveen","Noord-Holland",false,52.31583,4.870073,"material damage only","4","clear",false,1,"GM0362"
"20240029620",2024,"Uitsluitend materiele schade",2,"Fiets","Personenauto","Flank","Kruispunt, 4 takken",50,"Niet brandend","Daglicht","Droog",\N,\N,"Kerkweg","Nootdorp","Pijnacker-Nootdorp","Zuid-Holland",false,52.043385,4.390802,"material damage only","4","clear",false,1,"GM1926"
"20230034396",2023,"Letsel",2,"Fiets","Bromfiets","Frontaal","Bocht",50,"Niet brandend","Daglicht","Droog",\N,\N,"Burg Schneiderssingel","Almelo","Almelo","Overijssel",false,52.374434,6.651758,"injury","2","clear",false,1,"GM0141"
"20230036759",2023,"Uitsluitend materiele schade",2,"Bestelauto","Fiets","Flank","Kruispunt, 3 takken",50,"Niet brandend","Daglicht","Regen",\N,\N,"Gustav Mahlerlaan","Amsterdam","Amsterdam","Noord-Holland",false,52.336665,4.869123,"material damage only","4","rain",false,1,"GM0363"
"20230067203",2023,"Letsel",2,"Fiets","Voetganger","Voetganger","Rechte weg",50,"Niet brandend","Daglicht","Droog",\N,"233376152","Burg De Vlugtlaan","Amsterdam","Amsterdam","Noord-Holland",false,52.380713,4.825541,"injury","2","clear",false,1,"GM0363"
"20230076027",2023,"Letsel",2,"Bromfiets","Fiets","Flank","Kruispunt, 4 takken",30,"Niet brandend","Daglicht","Droog",\N,\N,"Zaandammerweg","Assendelft","Zaanstad","Noord-Holland",false,52.441123,4.745974,"injury","2","clear",false,1,"GM0479"
"20230015802",2023,"Uitsluitend materiele schade",2,"Fiets","Fiets","Flank","Rechte weg",30,"Niet brandend","Daglicht","Droog",\N,"283342077","Lorentzweg","Hilversum","Hilversum","Noord-Holland",false,52.227445,5.191369,"material damage only","4","clear",false,1,"GM0402"
"20230020424",2023,"Uitsluitend materiele schade",2,"Personenauto","Fiets","Flank","Rotonde",50,"Niet aanwezig","Daglicht","Droog",\N,\N,"Jeanne d'Arclaan","Amstelveen","Amstelveen","Noord-Holland",false,52.317155,4.878781,"material damage only","4","clear",false,1,"GM0362"
"20230026682",2023,"Letsel",2,"Personenauto","Fiets","Flank","Kruispunt, 3 takken",50,"Niet brandend","Daglicht","Regen",\N,\N,"Wattweg","Bergen op Zoom","Bergen op Zoom","Noord-Brabant",false,51.501478,4.300395,"injury","2","rain",false,1,"GM0748"
"20240027625",2024,"Letsel",2,"Personenauto","Fiets","Flank","Rechte weg",50,"Niet aanwezig","Daglicht","Droog",\N,"600170962","Dorp","Benschop","Lopik","Utrecht",false,52.007042,4.96903,"injury","2","clear",false,1,"GM0331"
"20230030165",2023,"Letsel",2,"Personenauto","Fiets","Flank","Kruispunt, 4 takken",50,"Niet brandend","Daglicht","Droog",\N,"600731476","Kangoeroepad","Zoetermeer","Zoetermeer","Zuid-Holland",false,52.059706,4.510004,"injury","2","clear",false,1,"GM0637"
"20230067664",2023,"Uitsluitend materiele schade",2,"Personenauto","Fiets","Flank","Kruispunt, 4 takken",60,"Niet aanwezig","Daglicht","Droog",\N,\N,"Postweg","Leusden","Leusden","Utrecht",false,52.125036,5.479044,"material damage only","4","clear",false,1,"GM0327"
"20230068933",2023,"Uitsluitend materiele schade",2,"Snorfiets","Fiets","Frontaal","Kruispunt, 3 takken",50,"Niet brandend","Daglicht","Droog",\N,\N,"Professor Jonkersweg","Rotterdam","Rotterdam","Zuid-Holland",false,51.923906,4.436043,"material damage only","4","clear",false,1,"GM0599"
"20230076493",2023,"Letsel",2,"Fiets","Fiets","Onbekend","Rechte weg",50,"Brandend","Duisternis","Droog",\N,"270439029","Westerblokker","Blokker","Hoorn","Noord-Holland",false,52.664129,5.101047,"injury","2","clear",false,1,"GM0405"
"20230076988",2023,"Uitsluitend materiele schade",2,"Personenauto","Fiets","Flank","Kruispunt, 4 takken",50,"Niet brandend","Daglicht","Droog",\N,\N,"Nevenstede","'s-Gravenhage","'s-Gravenhage","Zuid-Holland",false,52.042804,4.26256,"material damage only","4","clear",false,1,"GM0518"
"20230014072",2023,"Letsel",2,"Personenauto","Fiets","Geparkeerd voertuig","Rechte weg",80,"Niet brandend","Daglicht","Droog","Parkeervoorziening","600952100","Nordhornsestraat","Denekamp","Dinkelland","Overijssel",false,52.402422,7.034424,"injury","2","clear",false,1,"GM1774"
"20240026682",2024,"Letsel",1,"Fiets",\N,"Eenzijdig","Rechte weg",80,"Niet brandend","Daglicht","Droog",\N,"387285088","Zevenaarseweg","Arnhem","Arnhem","Gelderland",false,51.971978,5.955384,"injury","2","clear",false,1,"GM0202"
"20230022678",2023,"Uitsluitend materiele schade",2,"Fiets","Fiets","Frontaal","Kruispunt, 3 takken",30,"Niet brandend","Daglicht","Regen",\N,\N,"Kampveldweg","Delft","Delft","Zuid-Holland",false,52.015537,4.35051,"material damage only","4","rain",false,1,"GM0503"
"20230034485",2023,"Letsel",3,\N,"Fiets","Eenzijdig","Rechte weg",60,"Niet brandend","Daglicht","Droog",\N,"410520002","Compagnonsfeart","Hemrik","Opsterland","Friesland",false,53.029188,6.149403,"injury","2","clear",false,1,"GM0086"
"20230068256",2023,"Letsel",3,"Personenauto","Fiets","Onbekend","Rechte weg",50,"Niet brandend","Daglicht","Droog",\N,"600719477","Koningin Wilhelminalaan","Voorburg","Leidschendam-Voorburg","Zuid-Holland",false,52.07484,4.34418,"injury","2","clear",false,1,"GM1916"
"20230068593",2023,"Letsel",2,"Bus","Fiets","Frontaal","Kruispunt, 4 takken",50,"Niet brandend","Daglicht","Droog",\N,\N,"Buys Ballotsingel","Krimpen aan den IJssel","Krimpen aan den IJssel","Zuid-Holland",false,51.914856,4.591182,"injury","2","clear",false,1,"GM0542"
"20230077205",2023,"Letsel",2,"Personenauto","Fiets","Flank","Rotonde",50,"Niet brandend","Daglicht","Droog",\N,\N,"Lange Brug","Gorinchem","Gorinchem","Zuid-Holland",false,51.832097,4.965849,"injury","2","clear",false,1,"GM0512"
"20230021025",2023,"Letsel",2,"Personenauto","Fiets","Flank","Kruispunt, 4 takken",30,"Brandend","Duisternis","Regen",\N,\N,"Groenewegje","'s-Gravenhage","'s-Gravenhage","Zuid-Holland",false,52.072934,4.314056,"injury","2","rain",false,1,"GM0518"
"20230024495",2023,"Letsel",2,"Personenauto","e-bike","Flank","Rotonde",50,"Brandend","Schemer","Regen",\N,\N,"Willem de Zwijgerlaan","Alkmaar","Alkmaar","Noord-Holland",false,52.620378,4.74749,"injury","2","rain",false,1,"GM0361"
"20230029644",2023,"Letsel",1,"Fiets",\N,"Eenzijdig","Rechte weg",50,"Niet brandend","Daglicht","Droog",\N,"600217424","Kneuterdijk","'s-Gravenhage","'s-Gravenhage","Zuid-Holland",false,52.08134,4.309306,"injury","2","clear",false,1,"GM0518"
"20230069001",2023,"Letsel",2,"Fiets","Fiets","Onbekend","Rechte weg",50,"Niet brandend","Daglicht","Droog",\N,"185278106","Soetendaalseweg","Rotterdam","Rotterdam","Zuid-Holland",false,51.939433,4.481925,"injury","2","clear",false,1,"GM0599"
"20230078475",2023,"Letsel",1,"Fiets",\N,"Eenzijdig","Rechte weg",30,"Niet brandend","Daglicht","Regen","Brug/viaduct","600922134","Paauwlaan","Wassenaar","Wassenaar","Zuid-Holland",false,52.133572,4.396311,"injury","2","rain",false,1,"GM0629"
"20230078551",2023,"Letsel",2,"e-bike","Overig vast object","Vast voorwerp","Rotonde",50,"Niet brandend","Daglicht","Droog",\N,\N,"Leeuweriklaan","'s-Gravenzande","Westland","Zuid-Holland",false,52.002073,4.171639,"injury","2","clear",false,1,"GM1783"
"20230074950",2023,"Uitsluitend materiele schade",1,"Fiets",\N,"Voetganger","Rechte weg",50,"Niet brandend","Daglicht","Droog",\N,\N,"Pinksterdrie","Zaandam","Zaanstad","Noord-Holland",false,52.472388,4.822126,"material damage only","4","clear",false,1,"GM0479"
"20230075090",2023,"Uitsluitend materiele schade",2,"Personenauto","Fiets","Onbekend","Kruispunt, 4 takken",50,"Niet brandend","Daglicht","Droog",\N,\N,"Rijksweg A1","Muiden","Gooise Meren","Noord-Holland",false,52.321587,5.074173,"material damage only","4","clear",false,1,"GM1942"
"20230022725",2023,"Letsel",1,"Fiets",\N,"Eenzijdig","Bocht",30,"Niet brandend","Daglicht","Droog",\N,"600900889","Skipad","Zoetermeer","Zoetermeer","Zuid-Holland",false,52.071832,4.453242,"injury","2","clear",false,1,"GM0637"
"20230023323",2023,"Letsel",2,"Personenauto","Fiets","Flank","Kruispunt, 3 takken",30,"Niet brandend","Daglicht","Droog",\N,\N,"Schouwburglaan","Gouda","Gouda","Zuid-Holland",false,52.015517,4.711899,"injury","2","clear",false,1,"GM0513"
"20230075299",2023,"Letsel",2,"Bestelauto","e-bike","Onbekend","Kruispunt, 3 takken",60,"Niet brandend","Daglicht","Droog",\N,\N,"Nijverheidsbuurt","Zegveld","Woerden","Utrecht",false,52.105312,4.850138,"injury","2","clear",false,1,"GM0632"
"20230073248",2023,"Uitsluitend materiele schade",2,"Bromfiets","Fiets","Onbekend","Kruispunt, 3 takken",50,"Niet brandend","Daglicht","Droog",\N,\N,"Bosweg","Enschede","Enschede","Overijssel",false,52.240946,6.844256,"material damage only","4","clear",false,1,"GM0153"
"20230073396",2023,"Uitsluitend materiele schade",2,"Bromfiets","Fiets","Flank","Rechte weg",\N,"Niet brandend","Daglicht","Droog",\N,"436303001","Ruurloseweg","Hengelo (Gld)","Bronckhorst","Gelderland",false,52.052974,6.312659,"material damage only","4","clear",false,1,"GM1876"
"20230021662",2023,"Letsel",1,"Fiets",\N,"Eenzijdig","Rechte weg",30,"Niet brandend","Daglicht","Droog",\N,"600561087","FIETSPAD","Zoetermeer","Zoetermeer","Zuid-Holland",false,52.058916,4.470808,"injury","2","clear",false,1,"GM0637"
"20230024579",2023,"Letsel",1,"Fiets",\N,"Eenzijdig","Rechte weg",50,"Brandend","Duisternis","Droog",\N,"600751525","Kaaikhof","Assendelft","Zaanstad","Noord-Holland",false,52.489329,4.751787,"injury","2","clear",false,1,"GM0479"
"20240029265",2024,"Letsel",2,"Bestelauto","Fiets","Flank","Kruispunt, 4 takken",30,\N,"Daglicht","Droog",\N,\N,"Lorentzstraat","Amersfoort","Amersfoort","Utrecht",false,52.142612,5.387741,"injury","2","clear",false,1,"GM0307"
"20240029270",2024,"Uitsluitend materiele schade",2,"Personenauto","Fiets","Onbekend","Kruispunt, 4 takken",30,"Niet brandend","Daglicht","Droog",\N,\N,"Roomweg","Enschede","Enschede","Overijssel",false,52.231466,6.89509,"material damage only","4","clear",false,1,"GM0153"
"20230035884",2023,"Letsel",1,"Fiets",\N,"Eenzijdig","Kruispunt, 3 takken",50,"Niet brandend","Daglicht","Droog",\N,\N,"Singelweg","Winterswijk","Winterswijk","Gelderland",false,51.974549,6.724669,"injury","2","clear",false,1,"GM0294"
"20240030138",2024,"Uitsluitend materiele schade",2,"Fiets","Personenauto","Flank","Rechte weg",30,"Niet brandend","Daglicht","Droog",\N,"246367036","Spaklerweg","Amsterdam","Amsterdam","Noord-Holland",false,52.340263,4.920064,"material damage only","4","clear",false,1,"GM0363"
"20230069066",2023,"Letsel",2,"Personenauto","e-bike","Flank","Rotonde",50,"Niet brandend","Daglicht","Droog",\N,"600891467","Kreekhuizenlaan","Rotterdam","Rotterdam","Zuid-Holland",false,51.88297,4.536915,"injury","2","clear",false,1,"GM0599"
"20230073597",2023,"Uitsluitend materiele schade",3,"Fiets","Personenauto","Onbekend","Kruispunt, 4 takken",30,"Niet brandend","Daglicht","Regen",\N,\N,"Hoendiepskade","Groningen","Groningen","Groningen",false,53.216388,6.557524,"material damage only","4","rain",false,1,"GM0014"