"accident_id","year","severity_raw","party_count","party1_type","party2_type","accident_type","road_situation","speed_limit_kmh","road_lighting","light_condition_label","weather_raw","infra_type","road_segment_id","street_name","place_name","gemeente_name_raw","province","alcohol_indicated","latitude","longitude","severity_label","severity_code","weather_label","built_up_area","cyclists_involved","gemeente_code"
"20230073753",2023,"Letsel",1,"Fiets",\N,"Eenzijdig","Rechte weg",30,"Niet brandend","Daglicht","Droog",\N,"403409041","Bachlaan","Zwolle","Zwolle","Overijssel",false,52.526371,6.078606,"injury","2","clear",false,1,"GM0193"
"20230078806",2023,"Letsel",2,"Personenauto","Fiets","Flank","Rechte weg",30,"Niet brandend","Daglicht","Droog",\N,"173319003","Raaphorstlaan","Wassenaar","Wassenaar","Zuid-Holland",false,52.12122,4.389352,"injury","2","clear",false,1,"GM0629"
"20230078846",2023,"Letsel",2,"Personenauto","e-bike","Flank","Kruispunt, 4 takken",50,"Niet brandend","Daglicht","Droog",\N,\N,"Wibautstraat","Amsterdam","Amsterdam","Noord-Holland",false,52.349927,4.916758,"injury","2","clear",false,1,"GM0363"
"20230078912",2023,"Uitsluitend materiele schade",2,"Fiets","Motor","Onbekend","Rechte weg",50,"Niet brandend","Daglicht","Droog","Tunnel","160306102","Hoefkade","'s-Gravenhage","'s-Gravenhage","Zuid-Holland",false,52.062135,4.300027,"material damage only","4","clear",false,1,"GM0518"
"20230078974",2023,"Letsel",2,"Personenauto","Fiets","Flank","Kruispunt, 4 takken",50,"Niet brandend","Daglicht","Droog",\N,\N,"Molenomloop","Gouda","Gouda","Zuid-Holland",false,52.010001,4.741855,"injury","2","clear",false,1,"GM0513"
"20230079020",2023,"Uitsluitend materiele schade",2,"Motor","Fiets","Onbekend","Rechte weg",50,"Niet brandend","Daglicht","Droog",\N,"159307215","Paul Krugerlaan","'s-Gravenhage","'s-Gravenhage","Zuid-Holland",false,52.068841,4.28957,"material damage only","4","clear",false,1,"GM0518"
"20230015981",2023,"Uitsluitend materiele schade",2,"e-bike","Personenauto","Flank","Kruispunt, 4 takken",30,"Brandend","Schemer","Droog",\N,\N,"Lorentzweg","Hilversum","Hilversum","Noord-Holland",false,52.22778,5.193323,"material damage only","4","clear",false,1,"GM0402"
"20230018230",2023,"Letsel",2,"Bromfiets","Fiets","Frontaal","Rechte weg",80,"Niet brandend","Daglicht","Droog",\N,"600945431","Guisweg","Koog aan de Zaan","Zaanstad","Noord-Holland",false,52.463449,4.790392,"injury","2","clear",false,1,"GM0479"
"20230021153",2023,"Letsel",2,"Personenauto","Fiets","Flank","Kruispunt, 3 takken",15,"Niet brandend","Daglicht","Droog",\N,\N,"Oude Herenweg","Alphen aan den Rijn","Alphen aan den Rijn","Zuid-Holland",false,52.153491,4.663468,"injury","2","clear",false,1,"GM0484"
"20230024600",2023,"Uitsluitend materiele schade",2,"Personenauto","Fiets","Geparkeerd voertuig","Rechte weg",50,"Brandend","Duisternis","Droog",\N,"600764469","Mauritskade","Amsterdam","Amsterdam","Noord-Holland",false,52.362826,4.919946,"material damage only","4","clear",false,1,"GM0363"
"20230028037",2023,"Uitsluitend materiele schade",2,"Fiets","Fiets","Frontaal","Rotonde",50,"Niet brandend","Daglicht","Regen",\N,\N,"Wisselslag","Hellevoetsluis","Voorne aan Zee","Zuid-Holland",false,51.834696,4.138548,"material damage only","4","rain",false,1,"GM1992"
"20240030065",2024,"Uitsluitend materiele schade",2,\N,"Fiets","Flank","Rotonde",30,"Brandend","Duisternis","Droog",\N,\N,"Burgemeester Röellstraat","Amsterdam","Amsterdam","Noord-Holland",false,52.376059,4.819084,"material damage only","4","clear",false,1,"GM0363"
"20230077330",2023,"Letsel",1,"Fiets",\N,"Eenzijdig","Rechte weg",30,"Niet brandend","Daglicht","Droog",\N,"600723385","Noordduinseweg","Katwijk","Katwijk","Zuid-Holland",false,52.211655,4.404636,"injury","2","clear",false,1,"GM0537"
"20230013142",2023,"Letsel",2,"Bromfiets","Fiets","Flank","Rechte weg",60,"Niet brandend","Daglicht","Droog",\N,"601082263","Haaksbergerstraat","Enschede","Enschede","Overijssel",false,52.193842,6.82683,"injury","2","clear",false,1,"GM0153"
"20230030954",2023,"Uitsluitend materiele schade",2,"Bromfiets","Fiets","Frontaal","Kruispunt, 4 takken",30,"Niet brandend","Daglicht","Droog",\N,\N,"Kerkdijk-Zuid","Sint-Oedenrode","Meierijstad","Noord-Brabant",false,51.553415,5.478807,"material damage only","4","clear",false,1,"GM1948"
"20230078375",2023,"Uitsluitend materiele schade",2,"Snorfiets","Fiets","Flank","Kruispunt, 4 takken",30,"Niet brandend","Daglicht","Regen",\N,\N,"Kruisherenpad","Amsterdam","Amsterdam","Noord-Holland",false,52.380464,4.801713,"material damage only","4","rain",false,1,"GM0363"
"20230071780",2023,"Uitsluitend materiele schade",1,"Fiets",\N,"Voetganger","Rechte weg",50,"Niet brandend","Daglicht","Regen",\N,"387053094","Akerstraat-Noord","Hoensbroek","Heerlen","Limburg",false,50.927414,5.940902,"material damage only","4","rain",false,1,"GM0917"
"20230014883",2023,"Uitsluitend materiele schade",2,"Personenauto","Fiets","Flank","Rotonde",50,"Brandend","Duisternis","Droog",\N,\N,"Gentiaan","Beilen","Midden-Drenthe","Drenthe",false,52.856441,6.507262,"material damage only","4","clear",false,1,"GM1731"
"20230017173",2023,"Uitsluitend materiele schade",2,"Personenauto","Fiets","Flank","Rotonde",50,"Brandend","Duisternis","Mist",\N,\N,"Hoofdweg","Hoofddorp","Haarlemmermeer","Noord-Holland",false,52.305327,4.692588,"material damage only","4","fog",false,1,"GM0394"
"20230023458",2023,"Uitsluitend materiele schade",2,"Fiets","Fiets","Flank","Rechte weg",30,"Niet brandend","Daglicht","Droog",\N,"167296121","Kalverbos","Delft","Delft","Zuid-Holland",false,52.017665,4.351653,"material damage only","4","clear",false,1,"GM0503"
"20230032106",2023,"Uitsluitend materiele schade",1,"Fiets",\N,"Onbekend","Kruispunt, 4 takken",30,"Niet brandend","Daglicht","Droog",\N,\N,"Tuindersweg","Helden","Peel en Maas","Limburg",false,51.326228,5.988425,"material damage only","4","clear",false,1,"GM1894"
"20230072000",2023,"Uitsluitend materiele schade",2,"Personenauto","Fiets","Flank","Kruispunt, 4 takken",50,"Niet brandend","Daglicht","Droog",\N,\N,"Leygraaf","Oss","Oss","Noord-Brabant",false,51.766696,5.509633,"material damage only","4","clear",false,1,"GM0828"
"20230072784",2023,"Uitsluitend materiele schade",2,"Personenauto","Fiets","Flank","Rechte weg",50,"Niet brandend","Daglicht","Droog",\N,\N,"Burgemeester Daleslaan","Nijmegen","Nijmegen","Gelderland",false,51.8203,5.834562,"material damage only","4","clear",false,1,"GM0268"
"20230015515",2023,"Uitsluitend materiele schade",2,"Personenauto","Fiets","Flank","Kruispunt, 4 takken",50,"Niet brandend","Daglicht","Droog",\N,\N,"Zuiveringweg","Lelystad","Lelystad","Flevoland",false,52.5015,5.443064,"material damage only","4","clear",false,1,"GM0995"
"20230035566",2023,"Uitsluitend materiele schade",3,"Fiets","Motor","Onbekend","Rechte weg",50,"Niet aanwezig","Daglicht","Droog",\N,"600854029","Curielaan","Drachten-Azeven","Opsterland","Friesland",false,53.095972,6.13217,"material damage only","4","clear",false,1,"GM0086"
"20230071682",2023,"Uitsluitend materiele schade",2,"Personenauto","Fiets","Flank","Rechte weg",50,\N,"Daglicht",\N,\N,"600592123","Poppelsedijk","Hooge Mierde","Reusel-De Mierden","Noord-Brabant",false,51.41224,5.108915,"material damage only","4","unknown",false,1,"GM1667"
"20230071878",2023,"Uitsluitend materiele schade",2,"Personenauto","Fiets","Flank","Kruispunt, 3 takken",50,"Niet brandend","Daglicht","Droog",\N,\N,"Hatenboer","Roermond","Roermond","Limburg",false,51.199439,5.97431,"material damage only","4","clear",false,1,"GM0957"
"20230072406",2023,"Uitsluitend materiele schade",2,"Landbouwvoertuig","Fiets","Onbekend","Rechte weg",50,"Niet brandend","Daglicht","Droog",\N,"600588069","Enschedesestraat","Hengelo","Hengelo (O)","Overijssel",false,52.261988,6.802299,"material damage only","4","clear",false,1,\N
"20230073038",2023,"Letsel",2,"Fiets","Fiets","Flank","Kruispunt, 4 takken",30,"Niet brandend","Daglicht","Droog",\N,\N,"Schuitemakersstraat","Groningen","Groningen","Groningen",false,53.216041,6.561577,"injury","2","clear",false,1,"GM0014"
"20230017254",2023,"Uitsluitend materiele schade",2,"Personenauto","Fiets","Flank","Kruispunt, 4 takken",50,"Niet brandend","Daglicht","Droog",\N,\N,"van Heuven Goedhartlaan","Hoofddorp","Haarlemmermeer","Noord-Holland",false,52.305727,4.666923,"material damage only","4","clear",false,1,"GM0394"
"20230022409",2023,"Uitsluitend materiele schade",3,"Personenauto","Fiets","Onbekend","Kruispunt, 4 takken",50,"Niet brandend","Daglicht","Droog",\N,\N,"Lisserdijk","Lisserbroek","Haarlemmermeer","Noord-Holland",false,52.255647,4.569393,"material damage only","4","clear",false,1,"GM0394"
"20230026436",2023,"Uitsluitend materiele schade",2,"Personenauto","Fiets","Flank","Kruispunt, 4 takken",50,"Niet brandend","Daglicht","Regen",\N,\N,"P.C.Hooftplein","Rotterdam","Rotterdam","Zuid-Holland",false,51.917241,4.435617,"material damage only","4","rain",false,1,"GM0599"
"20230031610",2023,"Letsel",3,"Personenauto","Fiets","Onbekend","Rotonde",50,"Brandend","Duisternis","Droog",\N,\N,"Karel van Egmondstraat","Venlo","Venlo","Limburg",false,51.369422,6.185092,"injury","2","clear",false,1,"GM0983"
"20240030968",2024,"Letsel",2,"Personenauto","Fiets","Flank","Rechte weg",50,"Niet brandend","Daglicht","Regen",\N,"222432100","Geestersingel","Alkmaar","Alkmaar","Noord-Holland",false,52.632927,4.739504,"injury","2","rain",false,1,"GM0361"
"20230074308",2023,"Uitsluitend materiele schade",2,"Personenauto","Fiets","Flank","Rechte weg",50,"Niet brandend","Daglicht","Droog",\N,"354249003","Homberg","Wijchen","Wijchen","Gelderland",false,51.811009,5.71322,"material damage only","4","clear",false,1,"GM0296"
"20240025887",2024,"Letsel",2,"Personenauto","Fiets","Onbekend","Rechte weg",50,"Niet brandend","Daglicht",\N,\N,"600897168","Lange Water","Arnhem","Arnhem","Gelderland",false,51.986486,5.953632,"injury","2","unknown",false,1,"GM0202"
"20240026258",2024,"Letsel",1,"Fiets",\N,"Onbekend","Rechte weg",60,"Niet brandend","Daglicht","Droog",\N,"487514001","Provincialeweg","Eext","Aa en Hunze","Drenthe",false,52.997075,6.717123,"injury","2","clear",false,1,"GM1680"
"20230020204",2023,"Uitsluitend materiele schade",2,"Personenauto","e-bike","Onbekend","Rotonde",50,"Niet brandend","Daglicht","Regen",\N,\N,"Softwareweg","Amsterdam","Amsterdam","Noord-Holland",false,52.409393,4.88639,"material damage only","4","rain",false,1,"GM0363"
"20230024789",2023,"Uitsluitend materiele schade",2,"Personenauto","Fiets","Flank","Kruispunt, 3 takken",50,"Niet brandend","Daglicht","Droog",\N,\N,"Spanjaardsdam","Broek op Langedijk","Dijk en Waard","Noord-Holland",false,52.678302,4.790466,"material damage only","4","clear",false,1,"GM1980"
"20230029933",2023,"Uitsluitend materiele schade",2,"Fiets","Personenauto","Flank","Kruispunt, 4 takken",50,"Niet brandend","Daglicht","Droog",\N,\N,"Elandstraat","'s-Gravenhage","'s-Gravenhage","Zuid-Holland",false,52.080562,4.296873,"material damage only","4","clear",false,1,"GM0518"
"20240031151",2024,"Letsel",2,"Snorfiets","Fiets","Flank","Rechte weg",50,"Niet brandend","Daglicht","Droog",\N,"600583149","Buitenveldertselaan","Amsterdam","Amsterdam","Noord-Holland",false,52.322834,4.869375,"injury","2","clear",false,1,"GM0363"
"20240031416",2024,"Letsel",2,"Fiets","Personenauto","Onbekend","Rotonde",50,\N,"Daglicht","Regen",\N,\N,"Doggersbank","Hoogvliet Rotterdam","Rotterdam","Zuid-Holland",false,51.8563,4.365841,"injury","2","rain",false,1,"GM0599"
"20230072477",2023,"Letsel",2,"Personenauto","Fiets","Flank","Kruispunt, 4 takken",30,"Niet brandend","Daglicht","Droog",\N,\N,"de Rode van Heeckerenstr","Lichtenvoorde","Oost Gelre","Gelderland",false,51.983948,6.57177,"injury","2","clear",false,1,"GM1586"
"20230073516",2023,"Uitsluitend materiele schade",3,"Personenauto","Fiets","Kop/staart","Rechte weg",80,"Niet brandend","Duisternis","Mist",\N,\N,"Rondweg-Heino","Heino","Raalte","Overijssel",false,52.444162,6.239507,"material damage only","4","fog",false,1,"GM0177"
"20230075858",2023,"Letsel",2,"Fiets",\N,"Eenzijdig","Rechte weg",30,"Niet aanwezig","Daglicht","Droog",\N,\N,"Jol 11","Lelystad","Lelystad","Flevoland",false,52.507727,5.448641,"injury","2","clear",false,1,"GM0995"
"20230076477",2023,"Uitsluitend materiele schade",2,"Personenauto","Fiets","Flank","Rechte weg",30,"Niet brandend","Daglicht","Droog",\N,\N,"Stationspoort","Zevenaar","Zevenaar","Gelderland",false,51.922191,6.101545,"material damage only","4","clear",false,1,"GM0299"
"20230015046",2023,"Letsel",2,"Personenauto","Fiets","Frontaal","Kruispunt, 3 takken",50,"Niet brandend","Daglicht","Droog",\N,\N,"Dokter B. Hornstrasingel","Burgum","Tytsjerksteradiel","Friesland",false,53.198317,5.988848,"injury","2","clear",false,1,"GM0737"
"20230018465",2023,"Letsel",2,"e-bike","Fiets","Frontaal","Rechte weg",30,"Niet brandend","Daglicht","Droog",\N,"600778403","'t Loolaantje","Utrecht","Utrecht","Utrecht",false,52.087129,5.14006,"injury","2","clear",false,1,"GM0344"
"20230019086",2023,"Letsel",2,"Fiets","Landbouwvoertuig","Flank","Rechte weg",60,"Niet brandend","Daglicht","Droog",\N,"397374003","Bijsterboschweg","Heerde","Heerde","Gelderland",false,52.371246,6.035298,"injury","2","clear",false,1,"GM0246"
"20230021904",2023,"Uitsluitend materiele schade",2,"Personenauto","Fiets","Flank","Kruispunt, 3 takken",30,"Brandend","Duisternis","Droog",\N,\N,"Badstraat","Katwijk","Katwijk","Zuid-Holland",false,52.205055,4.396652,"material damage only","4","clear",false,1,"GM0537"
"20230027659",2023,"Uitsluitend materiele schade",2,"Bromfiets","Fiets","Flank","Kruispunt, 4 takken",50,"Brandend","Duisternis","Droog",\N,\N,"Glacisstraat","Vlissingen","Vlissingen","Zeeland",false,51.44676,3.574343,"material damage only","4","clear",false,1,"GM0718"
"20240028829",2024,"Letsel",3,"Bestelauto","Fiets","Frontaal","Rechte weg",60,"Niet aanwezig","Daglicht","Droog",\N,"600924384","Leusbroekerweg","Leusden","Leusden","Utrecht",false,52.106325,5.416463,"injury","2","clear",false,1,"GM0327"
"20230029389",2023,"Uitsluitend materiele schade",1,"Fiets",\N,"Eenzijdig","Kruispunt, 4 takken",50,"Niet brandend","Daglicht","Droog",\N,\N,"Straatweg","Rotterdam","Rotterdam","Zuid-Holland",false,51.944844,4.48275,"material damage only","4","clear",false,1,"GM0599"
"20230072518",2023,"Uitsluitend materiele schade",2,"Personenauto","Fiets","Flank","Rotonde",50,"Niet brandend","Daglicht","Droog",\N,\N,"Hatertseweg","Nijmegen","Nijmegen","Gelderland",false,51.820376,5.84618,"material damage only","4","clear",false,1,"GM0268"
"20230075886",2023,"Uitsluitend materiele schade",2,"Personenauto","Fiets","Flank","Rotonde",50,"Niet brandend","Daglicht","Droog",\N,\N,"Hildo Kropstraat","Nieuwegein","Nieuwegein","Utrecht",false,52.033068,5.086353,"material damage only","4","clear",false,1,"GM0356"
"20230076686",2023,"Uitsluitend materiele schade",2,"Bestelauto","e-bike","Flank","Kruispunt, 4 takken",50,"Niet brandend","Daglicht","Droog",\N,\N,"Ittersumallee","Zwolle","Zwolle","Overijssel",false,52.492344,6.106571,"material damage only","4","clear",false,1,"GM0193"
"20230077744",2023,"Letsel",2,"Fiets","Fiets","Onbekend","Rotonde",50,"Niet brandend","Daglicht","Droog",\N,\N,"Johan Willem Frisostraat","Wassenaar","Wassenaar","Zuid-Holland",false,52.144281,4.402861,"injury","2","clear",false,1,"GM0629"
"20230077745",2023,"Letsel",2,"Fiets","Fiets","Onbekend","Rechte weg",30,"Niet brandend","Daglicht","Droog",\N,"154304004","Dr C H de Grooterf","'s-Gravenhage","'s-Gravenhage","Zuid-Holland",false,52.054199,4.255868,"injury","2","clear",false,1,"GM0518"
"20240026563",2024,"Letsel",2,"Fiets","Overig vast object","Vast voorwerp","Rechte weg",50,"Niet brandend","Daglicht","Droog",\N,"600866395","Hoendiep","Groningen","Groningen","Groningen",false,53.210616,6.480037,"injury","2","clear",false,1,"GM0014"
"20230020266",2023,"Letsel",2,"Personenauto","e-bike","Flank","Rotonde",50,"Niet brandend","Daglicht","Droog",\N,\N,"Dorpsstraat","Aalsmeer","Aalsmeer","Noord-Holland",false,52.272037,4.752329,"injury","2","clear",false,1,"GM0358"
"20230021399",2023,"Uitsluitend materiele schade",1,"Fiets",\N,"Onbekend","Rotonde",50,"Niet brandend","Daglicht","Sneeuw/Hagel",\N,\N,"President Kennedylaan","Alphen aan den Rijn","Alphen aan den Rijn","Zuid-Holland",false,52.148245,4.678083,"material damage only","4","unknown",false,1,"GM0484"
"20230076545",2023,"Letsel",2,"Fiets","Vrachtauto","Eenzijdig",\N,50,\N,"Duisternis",\N,\N,"242432014","Noorddijkerweg","Ursem","Koggenland","Noord-Holland",false,52.635772,4.900309,"injury","2","unknown",false,1,"GM1598"
"20230037321",2023,"Letsel",3,"Fiets","Personenauto","Kop/staart","Kruispunt, 3 takken",50,"Niet aanwezig","Daglicht","Droog",\N,\N,"Theemsdreef","Utrecht","Utrecht","Utrecht",false,52.115994,5.113363,"injury","2","clear",false,1,"GM0344"
"20240042513",2024,"Letsel",1,"Fiets",\N,"Eenzijdig","Rechte weg",50,"Niet brandend","Daglicht","Droog","Tunnel","600255175","Woudweg","Schiedam","Schiedam","Zuid-Holland",false,51.950566,4.364265,"injury","2","clear",false,1,"GM0606"
"20240047737",2024,"Letsel",2,"Fiets","Voetganger","Voetganger","Rechte weg",30,"Niet brandend","Daglicht",\N,\N,"250302111","Verlengde Hoogstraat","Montfoort","Montfoort","Utrecht",false,52.047032,4.951871,"injury","2","unknown",false,1,"GM0335"
"20240036543",2024,"Letsel",2,"Snorfiets","Fiets","Flank","Rechte weg",\N,"Niet brandend","Daglicht","Droog",\N,"600842505","Deventerstraat","Apeldoorn","Apeldoorn","Gelderland",false,52.214847,5.980206,"injury","2","clear",false,1,"GM0200"
"20240038970",2024,"Uitsluitend materiele schade",2,"Personenauto","Fiets","Flank","Kruispunt, 4 takken",30,"Niet brandend","Daglicht","Droog",\N,\N,"Annie M.G. Schmidtstraat","Utrecht","Utrecht","Utrecht",false,52.099321,5.051834,"material damage only","4","clear",false,1,"GM0344"
"20240040481",2024,"Letsel",2,"Bromfiets","Fiets","Onbekend","Kruispunt, 3 takken",50,"Niet brandend","Daglicht","Droog",\N,\N,"Haagse Schouwweg","Leiden","Leiden","Zuid-Holland",false,52.162733,4.457338,"injury","2","clear",false,1,"GM0546"
"20240040498",2024,"Uitsluitend materiele schade",1,"Fiets",\N,"Onbekend",\N,\N,\N,"Daglicht",\N,\N,"264439002","De lange akker","Zwaag","Hoorn","Noord-Holland",false,52.666667,5.054582,"material damage only","4","unknown",false,1,"GM0405"
"20240041317",2024,"Letsel",2,"Personenauto","Fiets","Onbekend","Rotonde",30,"Niet brandend","Daglicht","Droog",\N,\N,"Beneluxlaan","Heemskerk","Heemskerk","Noord-Holland",false,52.496448,4.678717,"injury","2","clear",false,1,"GM0396"
"20240047161",2024,"Uitsluitend materiele schade",2,"Personenauto","Fiets","Onbekend","Rechte weg",30,"Niet brandend","Daglicht","Regen",\N,"324309038","Marktstraat","Scherpenzeel","Scherpenzeel","Gelderland",false,52.082419,5.490482,"material damage only","4","rain",false,1,"GM0279"
"20240071647",2024,"Letsel",2,"e-bike","Personenauto","Flank","Rotonde",50,"Niet brandend","Daglicht","Droog",\N,\N,"Alkemadelaan","Roelofarendsveen","Kaag en Braassem","Zuid-Holland",false,52.207154,4.641109,"injury","2","clear",false,1,"GM1884"
"20240032265",2024,"Letsel",1,"Fiets",\N,"Onbekend","Rechte weg",30,"Niet brandend","Daglicht","Regen",\N,"601009181","Patijnenburg","Naaldwijk","Westland","Zuid-Holland",false,51.992164,4.204253,"injury","2","rain",false,1,"GM1783"
"20240047923",2024,"Uitsluitend materiele schade",2,"Personenauto","Fiets","Flank","Rotonde",30,"Niet brandend","Daglicht","Droog",\N,\N,"Kruisweg","Aalsmeerderbrug","Haarlemmermeer","Noord-Holland",false,52.274213,4.750586,"material damage only","4","clear",false,1,"GM0394"
"20240041474",2024,"Uitsluitend materiele schade",2,"Bromfiets","Fiets","Frontaal","Rechte weg",80,"Niet brandend","Daglicht","Droog",\N,"246359001","Burgemeester Stramanweg","Ouderkerk aan de Amstel","Ouder-Amstel","Noord-Holland",false,52.304971,4.922745,"material damage only","4","clear",false,1,"GM0437"
"20240077165",2024,"Uitsluitend materiele schade",2,"Personenauto","Fiets","Onbekend","Rotonde",50,"Niet brandend","Daglicht","Droog",\N,\N,"Fanny Blankers-Koenlaan","Hoofddorp","Haarlemmermeer","Noord-Holland",false,52.305664,4.643399,"material damage only","4","clear",false,1,"GM0394"
"20240036782",2024,"Letsel",2,"Personenauto","Fiets","Flank","Kruispunt, 4 takken",50,"Niet brandend","Daglicht","Droog",\N,\N,"Noordelijke Esweg","Hengelo","Hengelo (O)","Overijssel",false,52.288854,6.826647,"injury","2","clear",false,1,\N
"20240040694",2024,"Uitsluitend materiele schade",2,"Bestelauto","Fiets","Flank","Rechte weg",50,"Niet brandend","Daglicht","Droog",\N,"189303045","Fokkerstraat","Zoetermeer","Zoetermeer","Zuid-Holland",false,52.050981,4.509888,"material damage only","4","clear",false,1,"GM0637"
"20240048009",2024,"Letsel",2,"Fiets","Bus","Flank","Kruispunt, 4 takken",50,"Niet aanwezig","Daglicht","Droog",\N,\N,"Archimedeslaan","Utrecht","Utrecht","Utrecht",false,52.088111,5.156847,"injury","2","clear",false,1,"GM0344"
"20240076533",2024,"Letsel",1,"Fiets",\N,"Onbekend","Rechte weg",50,"Niet brandend","Daglicht","Droog",\N,"367506003","Ambachtswei","Joure","De Fryske Marren","Friesland",false,52.964105,5.817802,"injury","2","clear",false,1,"GM1940"
"20240176078",2024,"Uitsluitend materiele schade",2,"Fiets","Personenauto","Flank","Kruispunt, 4 takken",30,"Brandend","Duisternis","Droog",\N,\N,"Stationsplein","Breda","Breda","Noord-Brabant",false,51.594732,4.781055,"material damage only","4","clear",false,1,"GM0758"
"20240040086",2024,"Letsel",2,"Fiets",\N,"Onbekend","Rechte weg",60,"Niet brandend","Daglicht","Droog",\N,"163291036","Ommedijk","Schipluiden","Midden-Delfland","Zuid-Holland",false,51.992872,4.322536,"injury","2","clear",false,1,"GM1842"
"20240079898",2024,"Letsel",2,"Personenauto","Fiets","Onbekend","Kruispunt, 3 takken",30,"Niet brandend","Daglicht","Droog",\N,\N,"Westerweg","Heiloo","Heiloo","Noord-Holland",false,52.600052,4.698594,"injury","2","clear",false,1,"GM0399"
"20240080557",2024,"Uitsluitend materiele schade",3,"Personenauto","Fiets","Frontaal","Rechte weg",60,\N,"Daglicht","Droog",\N,\N,"Oude Veerweg","Dordrecht","Dordrecht","Zuid-Holland",false,51.774538,4.687479,"material damage only","4","clear",false,1,"GM0505"
"20240040781",2024,"Letsel",1,"Fiets",\N,"Eenzijdig","Rechte weg",30,"Niet brandend","Daglicht","Droog",\N,"601154684","Lange Kleiweg","Rijswijk","Rijswijk","Zuid-Holland",false,52.023969,4.345065,"injury","2","clear",false,1,\N
"20240033207",2024,"Letsel",1,"Fiets",\N,"Onbekend","Bocht",50,"Niet brandend","Daglicht","Droog","Brug/viaduct",\N,"Broekpolderpad","Vlaardingen","Vlaardingen","Zuid-Holland",false,51.930552,4.336139,"injury","2","clear",false,1,"GM0622"
"20240037856",2024,"Letsel",2,"Bestelauto","Fiets","Eenzijdig","Rechte weg",60,"Niet brandend","Daglicht","Droog",\N,"600750097","Zuiderweg","Assendelft","Zaanstad","Noord-Holland",false,52.476886,4.727876,"injury","2","clear",false,1,"GM0479"
"20240033853",2024,"Letsel",2,"Fiets","Overig vast object","Vast voorwerp","Rechte weg",60,"Niet brandend","Daglicht","Droog",\N,"376020012","Beutenaken","Beutenaken","Gulpen-Wittem","Limburg",false,50.781543,5.855509,"injury","2","clear",false,1,"GM1729"
"20240040883",2024,"Letsel",2,"Fiets","Voetganger","Voetganger","Rechte weg",60,"Niet aanwezig","Daglicht","Droog",\N,"600922115","Kadijk","Bergambacht","Krimpenerwaard","Zuid-Holland",false,51.939878,4.779503,"injury","2","clear",false,1,"GM1931"
"20240078795",2024,"Letsel",2,"Bromfiets","Fiets","Kop/staart","Rechte weg",30,"Niet brandend","Daglicht","Droog",\N,"164300044","Lange Kleiweg","Rijswijk","Rijswijk","Zuid-Holland",false,52.034549,4.328891,"injury","2","clear",false,1,\N
"20240047567",2024,"Uitsluitend materiele schade",2,"Personenauto","Fiets","Flank","Kruispunt, 3 takken",50,"Niet brandend","Daglicht","Droog",\N,\N,"Handelswei","Joure","De Fryske Marren","Friesland",false,52.965495,5.821147,"material damage only","4","clear",false,1,"GM1940"
"20240038639",2024,"Letsel",2,"Personenauto","Fiets","Onbekend","Kruispunt, 4 takken",50,"Niet brandend","Daglicht","Droog",\N,\N,"Van Bemmelstraat","Amersfoort","Amersfoort","Utrecht",false,52.145065,5.375932,"injury","2","clear",false,1,"GM0307"
"20240076768",2024,"Uitsluitend materiele schade",2,"Personenauto","Fiets","Flank","Kruispunt, 4 takken",50,"Niet brandend","Daglicht","Droog",\N,\N,"H Gerhardstraat","Zaandam","Zaanstad","Noord-Holland",false,52.444974,4.828581,"material damage only","4","clear",false,1,"GM0479"
"20240035554",2024,"Uitsluitend materiele schade",2,"Fiets","Personenauto","Flank","Rechte weg",50,"Niet brandend","Daglicht","Regen",\N,"600990986","van Heemstraweg","Beuningen Gld","Beuningen","Gelderland",false,51.863205,5.777224,"material damage only","4","rain",false,1,"GM0209"
"20240038018",2024,"Letsel",2,"Personenauto","Fiets","Flank","Kruispunt, 4 takken",30,"Niet brandend","Daglicht","Droog",\N,\N,"Abdijlaan","Egmond-Binnen","Bergen (NH)","Noord-Holland",false,52.596196,4.65823,"injury","2","clear",false,1,\N
"20240081196",2024,"Letsel",2,"Fiets","Bestelauto","Flank","Rotonde",60,"Niet brandend","Daglicht","Droog","Brug/viaduct",\N,"Smidskade","Ter Aar","Nieuwkoop","Zuid-Holland",false,52.177644,4.716843,"injury","2","clear",false,1,"GM0569"
"20230090476",2023,"Uitsluitend materiele schade",3,"Snorfiets","Fiets","Onbekend","Kruispunt, 4 takken",50,"Niet brandend","Daglicht","Droog",\N,\N,"Koningskade","'s-Gravenhage","'s-Gravenhage","Zuid-Holland",false,52.085863,4.315682,"material damage only","4","clear",false,1,"GM0518"
"20230091064",2023,"Uitsluitend materiele schade",3,"Personenauto","Fiets","Onbekend","Rechte weg",30,"Niet brandend","Daglicht","Droog",\N,"299148077","Postakkers","Eersel","Eersel","Noord-Brabant",false,51.358681,5.31299,"material damage only","4","clear",false,1,"GM0770"
"20230105123",2023,"Uitsluitend materiele schade",2,"Personenauto","Fiets","Flank","Kruispunt, 3 takken",50,"Brandend","Schemer","Droog",\N,\N,"Koningsspil","Hardenberg","Hardenberg","Overijssel",false,52.579845,6.59398,"material damage only","4","clear",false,1,"GM0160"