"accident_id","year","severity_raw","party_count","party1_type","party2_type","accident_type","road_situation","speed_limit_kmh","road_lighting","light_condition_label","weather_raw","infra_type","road_segment_id","street_name","place_name","gemeente_name_raw","province","alcohol_indicated","latitude","longitude","severity_label","severity_code","weather_label","built_up_area","cyclists_involved","gemeente_code"
"20220095547",2022,"Letsel",2,"Fiets","Fiets","Flank","Kruispunt, 3 takken",50,"Niet brandend","Daglicht","Droog",\N,\N,"Deventerweg","Terwolde","Voorst","Gelderland",false,52.278691,6.103695,"injury","2","clear",false,1,"GM0285"
"20220014309",2022,"Letsel",2,"e-bike","Fiets","Flank","Kruispunt, 4 takken",\N,"Niet brandend","Daglicht",\N,\N,\N,"Paternosterstraat","Alkmaar","Alkmaar","Noord-Holland",false,52.633432,4.744287,"injury","2","unknown",false,1,"GM0361"
"20220043587",2022,"Uitsluitend materiele schade",2,"Fiets","Fiets","Flank","Rechte weg",30,"Niet brandend","Daglicht","Droog",\N,"385336025","Aalbert Cuyplaan","Apeldoorn","Apeldoorn","Gelderland",false,52.200564,5.936371,"material damage only","4","clear",false,1,"GM0200"
"20220054239",2022,"Letsel",2,"Personenauto","Fiets","Flank","Kruispunt, 3 takken",30,"Niet brandend","Daglicht",\N,\N,\N,"Kromme-Mijdrechtstraat","Amsterdam","Amsterdam","Noord-Holland",false,52.346517,4.908382,"injury","2","unknown",false,1,"GM0363"
"20220059681",2022,"Letsel",2,"Personenauto","e-bike","Flank","Kruispunt, 4 takken",50,"Brandend","Schemer","Regen",\N,\N,"Noordsingel","Leidschendam","Leidschendam-Voorburg","Zuid-Holland",false,52.08849,4.38833,"injury","2","rain",false,1,"GM1916"
"20220083276",2022,"Letsel",2,"Fiets","Fiets","Flank","Kruispunt, 4 takken",50,"Niet brandend","Daglicht","Droog",\N,\N,"Frederik Hendrikplein","'s-Gravenhage","'s-Gravenhage","Zuid-Holland",false,52.087768,4.274818,"injury","2","clear",false,1,"GM0518"
"20220107519",2022,"Uitsluitend materiele schade",3,"Personenauto","Fiets","Onbekend","Kruispunt, 3 takken",30,"Niet brandend","Daglicht","Droog",\N,\N,"Reeweg Oost","Dordrecht","Dordrecht","Zuid-Holland",false,51.808014,4.68146,"material damage only","4","clear",false,1,"GM0505"
"20220051169",2022,"Letsel",2,"Bromfiets","Fiets","Onbekend","Rechte weg",\N,"Niet brandend","Daglicht",\N,\N,\N,"Eilandenpad","Hoofddorp","Haarlemmermeer","Noord-Holland",false,52.321634,4.645671,"injury","2","unknown",false,1,"GM0394"
"20220055640",2022,"Uitsluitend materiele schade",2,"Personenauto","Fiets","Flank","Kruispunt, 3 takken",\N,"Brandend","Duisternis","Droog",\N,\N,"Korte Marnixkade","Amsterdam","Amsterdam","Noord-Holland",false,52.384777,4.882343,"material damage only","4","clear",false,1,"GM0363"
"20220058693",2022,"Letsel",2,"Personenauto","Fiets","Flank","Kruispunt, 4 takken",50,"Niet brandend","Daglicht","Droog",\N,\N,"Zuidplaslaan","Waddinxveen","Waddinxveen","Zuid-Holland",false,52.0364,4.63603,"injury","2","clear",false,1,"GM0627"
"20220062841",2022,"Letsel",2,"Fiets","Fiets","Onbekend",\N,\N,\N,"Daglicht",\N,\N,"600924605","Zalmpad","Oud-Beijerland","Hoeksche Waard","Zuid-Holland",false,51.828397,4.420124,"injury","2","unknown",false,1,"GM1963"
"20220070725",2022,"Letsel",2,"Personenauto","Fiets","Flank","Kruispunt, 3 takken",50,"Niet brandend","Daglicht","Regen",\N,\N,"Ullevi","Emmen","Emmen","Drenthe",false,52.776047,6.942074,"injury","2","rain",false,1,"GM0114"
"20220095743",2022,"Uitsluitend materiele schade",2,"Personenauto","Fiets","Flank","Kruispunt, 3 takken",30,"Niet brandend","Daglicht","Droog",\N,\N,"Van Hattumstraat","Zwolle","Zwolle","Overijssel",false,52.511192,6.09046,"material damage only","4","clear",false,1,"GM0193"
"20220034631",2022,"Uitsluitend materiele schade",2,"Personenauto","Fiets","Los voorwerp","Kruispunt, 3 takken",50,"Niet brandend","Daglicht","Regen",\N,\N,"Spechtstraat","Amersfoort","Amersfoort","Utrecht",false,52.160884,5.407179,"material damage only","4","rain",false,1,"GM0307"
"20220047133",2022,"Uitsluitend materiele schade",2,"Bestelauto","Fiets","Flank","Kruispunt, 3 takken",50,"Niet brandend","Daglicht","Droog",\N,\N,"Aristotelesstraat","Apeldoorn","Apeldoorn","Gelderland",false,52.226668,5.998061,"material damage only","4","clear",false,1,"GM0200"
"20220047166",2022,"Uitsluitend materiele schade",2,"Personenauto","Fiets","Flank","Rotonde",50,"Niet brandend","Daglicht","Droog",\N,\N,"Van Doorneweg","Kampen","Kampen","Overijssel",false,52.561642,5.879336,"material damage only","4","clear",false,1,"GM0166"
"20220062988",2022,"Uitsluitend materiele schade",2,"Personenauto","e-bike","Flank","Rotonde",50,"Niet brandend","Daglicht","Droog",\N,\N,"Bergen","Barendrecht","Barendrecht","Zuid-Holland",false,51.85407,4.511475,"material damage only","4","clear",false,1,"GM0489"
"20220074154",2022,"Uitsluitend materiele schade",2,"Personenauto","Fiets","Onbekend",\N,30,\N,"Daglicht",\N,\N,"600387120","Dommer v Poldersveldtweg","Nijmegen","Nijmegen","Gelderland",false,51.833352,5.881664,"material damage only","4","unknown",false,1,"GM0268"
"20220055803",2022,"Letsel",2,"Bromfiets","e-bike","Kop/staart","Rechte weg",50,"Niet brandend","Daglicht","Droog",\N,"245371022","Oosterpark","Amsterdam","Amsterdam","Noord-Holland",false,52.358484,4.919207,"injury","2","clear",false,1,"GM0363"
"20220059878",2022,"Letsel",2,"Personenauto","Fiets","Flank","Kruispunt, 4 takken",50,"Niet brandend","Daglicht","Droog",\N,\N,"De Genestetlaan","'s-Gravenhage","'s-Gravenhage","Zuid-Holland",false,52.058413,4.321705,"injury","2","clear",false,1,"GM0518"
"20220098623",2022,"Uitsluitend materiele schade",2,"Bromfiets","Fiets","Flank",\N,30,"Niet brandend","Daglicht","Droog",\N,"600641986","Lieven de Keylaan","Utrecht","Utrecht","Utrecht",false,52.116359,5.076167,"material damage only","4","clear",false,1,"GM0344"
"20220102565",2022,"Uitsluitend materiele schade",2,"Personenauto","Fiets","Onbekend","Rotonde",50,"Niet brandend","Daglicht","Droog",\N,\N,"Willem Frogerstraat","Amsterdam","Amsterdam","Noord-Holland",false,52.356435,4.836056,"material damage only","4","clear",false,1,"GM0363"
"20220103082",2022,"Uitsluitend materiele schade",2,"Personenauto","Fiets","Flank","Kruispunt, 4 takken",50,"Niet brandend","Daglicht","Droog",\N,\N,"Veluwelaan","Amsterdam","Amsterdam","Noord-Holland",false,52.340466,4.897424,"material damage only","4","clear",false,1,"GM0363"
"20220103114",2022,"Uitsluitend materiele schade",2,"Personenauto","e-bike","Flank","Kruispunt, 4 takken",50,"Niet brandend","Daglicht","Droog",\N,\N,"Burg Kasteleinweg","Aalsmeer","Aalsmeer","Noord-Holland",false,52.271824,4.752287,"material damage only","4","clear",false,1,"GM0358"
"20220010630",2022,"Letsel",1,"e-bike",\N,"Eenzijdig","Rechte weg",50,"Niet brandend","Daglicht","Droog",\N,"283289026","Overeind","Schalkwijk","Houten","Utrecht",false,51.98914,5.20114,"injury","2","clear",false,1,"GM0321"
"20220045878",2022,"Uitsluitend materiele schade",2,"Personenauto","Fiets","Flank","Rotonde",50,"Brandend","Duisternis","Droog",\N,\N,"Nassausingel","Nijmegen","Nijmegen","Gelderland",false,51.842766,5.859113,"material damage only","4","clear",false,1,"GM0268"
"20220100049",2022,"Uitsluitend materiele schade",1,"Fiets",\N,"Onbekend","Rechte weg",50,"Niet brandend","Daglicht","Droog",\N,"600750484","Aalsmeerderdijk","Aalsmeerderbrug","Haarlemmermeer","Noord-Holland",false,52.272086,4.745459,"material damage only","4","clear",false,1,"GM0394"
"20220106208",2022,"Letsel",2,"Snorfiets","Fiets","Flank","Kruispunt, 4 takken",\N,"Niet brandend","Daglicht","Droog",\N,\N,"Van Ostadestraat","'s-Gravenhage","'s-Gravenhage","Zuid-Holland",false,52.065918,4.305233,"injury","2","clear",false,1,"GM0518"
"20220023873",2022,"Letsel",2,"Bromfiets","Fiets","Flank","Bocht",30,"Niet brandend","Daglicht","Droog",\N,"600995899","Zuidplein","Rotterdam","Rotterdam","Zuid-Holland",false,51.888326,4.492131,"injury","2","clear",false,1,"GM0599"
"20220050272",2022,"Uitsluitend materiele schade",2,"Bus","Fiets","Flank","Kruispunt, 4 takken",50,"Niet brandend","Daglicht","Droog",\N,\N,"Schilderhof","Almere","Almere","Flevoland",false,52.373396,5.219453,"material damage only","4","clear",false,1,"GM0034"
"20220061805",2022,"Uitsluitend materiele schade",2,"Personenauto","Fiets","Flank","Kruispunt, 4 takken",30,"Brandend","Duisternis","Droog",\N,\N,"Reigerlaan","Capelle aan den IJssel","Capelle aan den IJssel","Zuid-Holland",false,51.929447,4.59261,"material damage only","4","clear",false,1,"GM0502"
"20220107116",2022,"Uitsluitend materiele schade",2,"Personenauto","Fiets","Flank","Kruispunt, 3 takken",30,"Niet brandend","Daglicht","Droog",\N,\N,"Vrieseplein","Dordrecht","Dordrecht","Zuid-Holland",false,51.811876,4.671303,"material damage only","4","clear",false,1,"GM0505"
"20220108119",2022,"Letsel",2,"Personenauto","e-bike","Flank","Kruispunt, 4 takken",50,"Niet brandend","Daglicht","Droog",\N,\N,"Benjamin Franklinstraat","Rotterdam","Rotterdam","Zuid-Holland",false,51.912335,4.427848,"injury","2","clear",false,1,"GM0599"
"20220075049",2022,"Uitsluitend materiele schade",1,"Fiets",\N,"Onbekend","Rechte weg",80,"Niet brandend","Daglicht","Droog",\N,"345282009","Nudepark","Wageningen","Wageningen","Gelderland",false,51.960247,5.644705,"material damage only","4","clear",false,1,"GM0289"
"20220011550",2022,"Letsel",1,"e-bike",\N,"Eenzijdig","Rotonde",30,"Niet brandend","Daglicht",\N,\N,\N,"Engelandlaan","Haarlem","Haarlem","Noord-Holland",false,52.355087,4.644392,"injury","2","unknown",false,1,"GM0392"
"20220019078",2022,"Uitsluitend materiele schade",1,"Fiets",\N,"Voetganger","Kruispunt, 4 takken",50,"Niet brandend","Daglicht","Droog",\N,\N,"Prins Willemstraat","'s-Gravenhage","'s-Gravenhage","Zuid-Holland",false,52.103502,4.276904,"material damage only","4","clear",false,1,"GM0518"
"20220033294",2022,"Uitsluitend materiele schade",2,"Personenauto","Fiets","Flank","Rechte weg",30,"Niet brandend","Daglicht","Droog",\N,"339366019","Achterste Wei","Harderwijk","Harderwijk","Gelderland",false,52.336494,5.607561,"material damage only","4","clear",false,1,"GM0243"
"20220057848",2022,"Letsel",2,"Personenauto","e-bike","Flank","Kruispunt, 4 takken",50,"Niet brandend","Daglicht",\N,\N,\N,"Pletterij","Noordwijkerhout","Noordwijk","Zuid-Holland",false,52.249028,4.492108,"injury","2","unknown",false,1,"GM0575"
"20220103315",2022,"Uitsluitend materiele schade",2,"Personenauto","Fiets","Flank","Kruispunt, 4 takken",50,"Niet brandend","Daglicht","Droog",\N,\N,"Bolstoen","Amsterdam","Amsterdam","Noord-Holland",false,52.389962,4.789703,"material damage only","4","clear",false,1,"GM0363"
"20220103920",2022,"Uitsluitend materiele schade",1,"e-bike",\N,"Onbekend","Rechte weg",50,"Niet brandend","Daglicht","Droog",\N,"600417328","Buitenhof","'s-Gravenhage","'s-Gravenhage","Zuid-Holland",false,52.079453,4.310696,"material damage only","4","clear",false,1,"GM0518"
"20220107926",2022,"Letsel",1,"e-bike",\N,"Eenzijdig","Bocht",\N,"Niet brandend","Daglicht","Droog",\N,"600735891","Sibeliuspad","Capelle aan den IJssel","Capelle aan den IJssel","Zuid-Holland",false,51.917498,4.574788,"injury","2","clear",false,1,"GM0502"
"20220108624",2022,"Uitsluitend materiele schade",2,"Fiets","Personenauto","Flank","Rotonde",50,"Brandend","Schemer","Droog",\N,\N,"Burgemeester Jansenlaan","Zwijndrecht","Zwijndrecht","Zuid-Holland",false,51.819378,4.644379,"material damage only","4","clear",false,1,"GM0642"
"20220110534",2022,"Letsel",3,"Personenauto","Fiets","Onbekend","Kruispunt, 4 takken",50,"Niet brandend","Daglicht","Droog",\N,\N,"Molenbochtstraat","Tilburg","Tilburg","Noord-Brabant",false,51.564871,5.094316,"injury","2","clear",false,1,"GM0855"
"20220039031",2022,"Uitsluitend materiele schade",2,"Personenauto","Fiets","Flank","Kruispunt, 3 takken",50,"Brandend","Duisternis","Regen",\N,\N,"Oude Engelenseweg","'s-Hertogenbosch","'s-Hertogenbosch","Noord-Brabant",false,51.698116,5.292202,"material damage only","4","rain",false,1,"GM0796"
"20220022074",2022,"Letsel",2,"Personenauto","Fiets","Flank","Rotonde",30,"Niet brandend","Daglicht","Droog",\N,\N,"Bachlaan","Barendrecht","Barendrecht","Zuid-Holland",false,51.85386,4.521146,"injury","2","clear",false,1,"GM0489"
"20220022182",2022,"Uitsluitend materiele schade",2,"Bromfiets","Fiets","Onbekend","Rechte weg",\N,"Niet brandend","Daglicht","Mist",\N,"136253017","Kanaalweg Westzijde","Hellevoetsluis","Voorne aan Zee","Zuid-Holland",false,51.82106,4.13164,"material damage only","4","fog",false,1,"GM1992"
"20220049000",2022,"Letsel",2,"Fiets","Fiets","Kop/staart","Kruispunt, 4 takken",50,\N,"Daglicht","Droog",\N,"600697440","FIETSPAD","Huizen","Huizen","Noord-Holland",false,52.296711,5.228177,"injury","2","clear",false,1,"GM0406"
"20230087796",2023,"Uitsluitend materiele schade",1,"Fiets",\N,"Onbekend",\N,50,\N,"Daglicht",\N,\N,"245372070","Plantage Middenlaan","Amsterdam","Amsterdam","Noord-Holland",false,52.36476,4.916381,"material damage only","4","unknown",false,1,"GM0363"
"20230001318",2023,"Uitsluitend materiele schade",2,"Personenauto","Fiets","Frontaal","Kruispunt, 3 takken",50,"Niet brandend","Daglicht","Droog",\N,\N,"Zwolseweg","Deventer","Deventer","Overijssel",false,52.259608,6.148325,"material damage only","4","clear",false,1,"GM0150"
"20230014719",2023,"Dodelijk",3,"Personenauto","Fiets","Onbekend","Rechte weg",30,"Niet brandend","Daglicht","Droog",\N,"372390020","Vackenordestraat","Elburg","Elburg","Gelderland",false,52.446371,5.845989,"fatal","1","clear",false,1,"GM0230"
"20230019001",2023,"Dodelijk",2,"Personenauto","Fiets","Flank","Kruispunt, 4 takken",30,"Niet brandend","Daglicht","Droog",\N,\N,"Distelhoeve","Hattem","Hattem","Gelderland",false,52.480697,6.05198,"fatal","1","clear",false,1,"GM0244"
"20230002716",2023,"Letsel",2,"Fiets","Overig vast object","Vast voorwerp","Rechte weg",30,"Brandend","Duisternis",\N,\N,\N,"Zandvoortselaan","Zandvoort","Zandvoort","Noord-Holland",false,52.367477,4.544288,"injury","2","unknown",false,1,"GM0473"
"20230011405",2023,"Letsel",3,"Personenauto","Fiets","Onbekend","Rechte weg",80,"Niet aanwezig","Duisternis","Droog",\N,\N,"Goorsestraat","Haaksbergen","Haaksbergen","Overijssel",false,52.18305,6.683623,"injury","2","clear",false,1,"GM0158"
"20230011425",2023,"Uitsluitend materiele schade",2,"Personenauto","Fiets","Frontaal","Rotonde",50,"Brandend","Schemer","Droog",\N,\N,"Oldeneelallee","Zwolle","Zwolle","Overijssel",false,52.486544,6.117929,"material damage only","4","clear",false,1,"GM0193"
"20230001465",2023,"Letsel",3,"Fiets","Fiets","Onbekend","Rechte weg",\N,"Niet brandend","Daglicht","Harde windstoten",\N,"343613010","Verbindingsweg","Hollum","Ameland","Friesland",false,53.446151,5.640568,"injury","2","unknown",false,1,"GM0060"
"20230008145",2023,"Uitsluitend materiele schade",2,"Personenauto","Fiets","Onbekend",\N,50,\N,"Daglicht",\N,\N,\N,"Willem Dreesweg","Roosendaal","Roosendaal","Noord-Brabant",false,51.509605,4.44003,"material damage only","4","unknown",false,1,"GM1674"
"20230046570",2023,"Dodelijk",2,"e-bike","Los voorwerp","Los voorwerp","Rechte weg",50,"Niet brandend","Daglicht","Droog",\N,"600905688","Barwoutswaarder","Woerden","Woerden","Utrecht",false,52.086866,4.855368,"fatal","1","clear",false,1,"GM0632"
"20230008300",2023,"Letsel",1,"e-bike",\N,"Eenzijdig","Kruispunt, 3 takken",50,"Brandend","Duisternis","Regen",\N,\N,"ir. P. Kosterlaan","Rotterdam","Rotterdam","Zuid-Holland",false,51.938351,4.50128,"injury","2","rain",false,1,"GM0599"
"20230000553",2023,"Letsel",2,"Personenauto","Fiets","Flank","Kruispunt, 4 takken",50,"Niet brandend","Daglicht","Droog",\N,\N,"Spijkerstraat","Arnhem","Arnhem","Gelderland",false,51.98199,5.915056,"injury","2","clear",false,1,"GM0202"
"20230001945",2023,"Uitsluitend materiele schade",2,"Personenauto","Fiets","Kop/staart","Rechte weg",50,"Niet brandend","Daglicht","Droog",\N,"494327049","Eibergsestraat","Haaksbergen","Haaksbergen","Overijssel",false,52.152814,6.739202,"material damage only","4","clear",false,1,"GM0158"
"20230003241",2023,"Letsel",2,"Bromfiets","Fiets","Flank","Kruispunt, 4 takken",30,"Niet brandend","Daglicht","Droog",\N,\N,"Beukenlaan","Heerhugowaard","Dijk en Waard","Noord-Holland",false,52.663085,4.850345,"injury","2","clear",false,1,"GM1980"
"20230003805",2023,"Uitsluitend materiele schade",2,"Personenauto","Fiets","Flank","Rechte weg",30,"Brandend","Schemer","Droog",\N,"600383567","Van Bemmelstraat","Amersfoort","Amersfoort","Utrecht",false,52.144657,5.378464,"material damage only","4","clear",false,1,"GM0307"
"20230004792",2023,"Letsel",2,"Fiets","Los voorwerp","Los voorwerp","Rechte weg",50,"Niet brandend","Daglicht","Droog","Brug/viaduct","210381026","Spaarndamseweg","Haarlem","Haarlem","Noord-Holland",false,52.402784,4.654268,"injury","2","clear",false,1,"GM0392"
"20230010203",2023,"Uitsluitend materiele schade",2,"Personenauto","Fiets","Frontaal","Rechte weg",30,"Niet brandend","Daglicht","Droog",\N,"519514007","Poststraat","Stadskanaal","Stadskanaal","Groningen",false,52.991948,6.945063,"material damage only","4","clear",false,1,"GM0037"
"20230006619",2023,"Letsel",2,"Bromfiets","Fiets","Frontaal","Kruispunt, 4 takken",50,"Niet brandend","Daglicht","Regen",\N,\N,"Rochussenstraat","Rotterdam","Rotterdam","Zuid-Holland",false,51.914007,4.469202,"injury","2","rain",false,1,"GM0599"
"20230039260",2023,"Letsel",1,"Fiets",\N,"Eenzijdig",\N,50,\N,"Duisternis",\N,\N,"600491090","Kralingse Zoom","Rotterdam","Rotterdam","Zuid-Holland",false,51.926582,4.534278,"injury","2","unknown",false,1,"GM0599"
"20230001626",2023,"Letsel",2,"Bestelauto","Fiets","Flank","Kruispunt, 4 takken",50,"Niet brandend","Daglicht","Regen",\N,\N,"Zernikelaan","Groningen","Groningen","Groningen",false,53.240972,6.534521,"injury","2","rain",false,1,"GM0014"
"20230004855",2023,"Letsel",2,"Fiets","Fiets","Flank","Kruispunt, 4 takken",50,"Niet brandend","Daglicht","Droog",\N,\N,"Zijlsingel","Haarlem","Haarlem","Noord-Holland",false,52.383491,4.629094,"injury","2","clear",false,1,"GM0392"
"20230005593",2023,"Letsel",2,"Personenauto","Fiets","Flank","Kruispunt, 3 takken",50,"Niet brandend","Daglicht","Droog",\N,\N,"Lange Voorhout","'s-Gravenhage","'s-Gravenhage","Zuid-Holland",false,52.081992,4.314155,"injury","2","clear",false,1,"GM0518"
"20230003922",2023,"Uitsluitend materiele schade",2,"Personenauto","e-bike","Flank","Kruispunt, 3 takken",50,"Niet brandend","Daglicht","Regen",\N,\N,"Amstelstroomlaan","Amsterdam","Amsterdam","Noord-Holland",false,52.33587,4.912638,"material damage only","4","rain",false,1,"GM0363"
"20230007149",2023,"Uitsluitend materiele schade",2,"Fiets","Personenauto","Onbekend","Rotonde",15,"Niet brandend","Daglicht",\N,\N,\N,"Herenstraat","Leiden","Leiden","Zuid-Holland",false,52.150198,4.488497,"material damage only","4","unknown",false,1,"GM0546"
"20230090916",2023,"Letsel",2,"Bestelauto","Fiets","Onbekend",\N,30,\N,"Daglicht",\N,\N,\N,"Stationsstraat","Gronsveld","Eijsden-Margraten","Limburg",false,50.809866,5.726975,"injury","2","unknown",false,1,"GM1903"
"20230007863",2023,"Uitsluitend materiele schade",2,"Personenauto","Fiets","Flank","Kruispunt, 4 takken",50,"Niet brandend","Daglicht","Droog",\N,\N,"Asteriastraat","Tilburg","Tilburg","Noord-Brabant",false,51.604841,4.986603,"material damage only","4","clear",false,1,"GM0855"
"20230005784",2023,"Letsel",2,"Personenauto","Fiets","Kop/staart","Rechte weg",50,"Niet brandend","Daglicht","Droog",\N,\N,"Parallelweg","'s-Gravenzande","Westland","Zuid-Holland",false,52.008097,4.167701,"injury","2","clear",false,1,"GM1783"
"20230008450",2023,"Uitsluitend materiele schade",2,"Fiets","Bestelauto","Flank","Rechte weg",30,"Niet brandend","Daglicht","Regen",\N,"180273091","Mathenesserlaan","Rotterdam","Rotterdam","Zuid-Holland",false,51.914307,4.4495,"material damage only","4","rain",false,1,"GM0599"
"20230010410",2023,"Uitsluitend materiele schade",2,"Personenauto","Fiets","Flank","Kruispunt, 3 takken",50,"Niet brandend","Daglicht","Droog",\N,\N,"Nassaulaan","Groningen","Groningen","Groningen",false,53.221027,6.547836,"material damage only","4","clear",false,1,"GM0014"
"20230009771",2023,"Letsel",2,"Personenauto","Fiets","Onbekend","Kruispunt, 4 takken",50,"Niet brandend","Daglicht","Droog",\N,\N,"Azaleastraat","Leeuwarden","Leeuwarden","Friesland",false,53.212426,5.809791,"injury","2","clear",false,1,"GM0080"
"20230012046",2023,"Uitsluitend materiele schade",2,"Personenauto","Fiets","Flank","Rechte weg",50,"Niet brandend","Daglicht","Droog",\N,"483375005","Meulenbeldlaan","Almelo","Almelo","Overijssel",false,52.36984,6.663566,"material damage only","4","clear",false,1,"GM0141"
"20230012653",2023,"Uitsluitend materiele schade",1,"Fiets",\N,"Onbekend","Rechte weg",\N,"Niet aanwezig","Daglicht","Droog","Tunnel","408407094","Boerendanserdijk","Zwolle","Zwolle","Overijssel",false,52.518386,6.11654,"material damage only","4","clear",false,1,"GM0193"
"20230012732",2023,"Uitsluitend materiele schade",2,"Fiets","Personenauto","Flank","Kruispunt, 4 takken",30,"Brandend","Daglicht","Regen",\N,\N,"FIETSPAD","Arnhem","Arnhem","Gelderland",false,51.978951,5.931563,"material damage only","4","rain",false,1,"GM0202"
"20230012212",2023,"Uitsluitend materiele schade",2,"Personenauto","Fiets","Onbekend","Rotonde",50,"Brandend","Duisternis","Regen",\N,\N,"Heyendaalseweg","Nijmegen","Nijmegen","Gelderland",false,51.829319,5.870289,"material damage only","4","rain",false,1,"GM0268"
"20230012213",2023,"Uitsluitend materiele schade",2,"Personenauto","Fiets","Frontaal","Rechte weg",\N,"Brandend","Duisternis","Regen",\N,"517343048","Oosterstraat","Enschede","Enschede","Overijssel",false,52.224395,6.906603,"material damage only","4","rain",false,1,"GM0153"
"20230021751",2023,"Letsel",1,"Fiets",\N,"Eenzijdig",\N,30,\N,"Duisternis",\N,\N,"175308004","Pijlkruidveld","'s-Gravenhage","'s-Gravenhage","Zuid-Holland",false,52.069959,4.403662,"injury","2","unknown",false,1,"GM0518"
"20240050187",2024,"Uitsluitend materiele schade",2,"Fiets","Bestelauto","Flank","Kruispunt, 4 takken",50,"Niet brandend","Daglicht","Droog",\N,\N,"Zonnebloemstraat","'s-Gravenhage","'s-Gravenhage","Zuid-Holland",false,52.071351,4.256249,"material damage only","4","clear",false,1,"GM0518"
"20230037242",2023,"Uitsluitend materiele schade",2,"Personenauto","Fiets","Flank","Rechte weg",30,"Niet brandend","Daglicht","Droog",\N,"600372869","Beneluxlaan","Heemskerk","Heemskerk","Noord-Holland",false,52.495535,4.676962,"material damage only","4","clear",false,1,"GM0396"
"20240008984",2024,"Uitsluitend materiele schade",2,"Personenauto","Fiets","Flank","Bocht",60,"Niet aanwezig","Daglicht","Droog",\N,\N,"Engellandweg","Dalfsen","Dalfsen","Overijssel",false,52.526594,6.241122,"material damage only","4","clear",false,1,"GM0148"
"20240036194",2024,"Uitsluitend materiele schade",2,"Fiets","Fiets","Flank","Rechte weg",30,"Niet brandend","Daglicht","Droog",\N,"511340034","Nicolaas Maesstraat","Enschede","Enschede","Overijssel",false,52.211517,6.861656,"material damage only","4","clear",false,1,"GM0153"
"20240037439",2024,"Uitsluitend materiele schade",2,"Personenauto","e-bike","Flank","Kruispunt, 4 takken",30,"Niet brandend","Daglicht","Droog",\N,\N,"Selma Lagerlöflaan","Assen","Assen","Drenthe",false,52.999866,6.547425,"material damage only","4","clear",false,1,"GM0106"
"20240021137",2024,"Letsel",2,"Bromfiets","Fiets","Flank","Rechte weg",50,"Niet brandend","Daglicht","Droog",\N,\N,"Apolloweg","Delft","Delft","Zuid-Holland",false,51.997243,4.358436,"injury","2","clear",false,1,"GM0503"
"20240018759",2024,"Letsel",2,"Fiets","Overig vast object","Vast voorwerp","Rotonde",50,"Niet brandend","Daglicht","Droog",\N,\N,"FIETSPAD","Alkmaar","Alkmaar","Noord-Holland",false,52.634207,4.740383,"injury","2","clear",false,1,"GM0361"
"20240020535",2024,"Letsel",2,"Bromfiets","Fiets","Flank","Kruispunt, 4 takken",50,"Brandend","Duisternis","Droog","Tankstation",\N,"Valkenboslaan","'s-Gravenhage","'s-Gravenhage","Zuid-Holland",false,52.068862,4.275821,"injury","2","clear",false,1,"GM0518"
"20240004387",2024,"Uitsluitend materiele schade",2,"Bestelauto","Fiets","Onbekend","Kruispunt, 3 takken",50,"Niet brandend","Daglicht","Droog",\N,\N,"Drafsportlaan","Wolvega","Weststellingwerf","Friesland",false,52.878899,6.011508,"material damage only","4","clear",false,1,"GM0098"
"20240039523",2024,"Uitsluitend materiele schade",3,"Personenauto","Fiets","Flank","Kruispunt, 3 takken",50,"Niet brandend","Daglicht","Droog",\N,\N,"Haarlemmerweg","Amsterdam","Amsterdam","Noord-Holland",false,52.385456,4.874834,"material damage only","4","clear",false,1,"GM0363"
"20240035755",2024,"Letsel",2,"e-bike","e-bike","Onbekend","Rotonde",30,"Niet brandend","Daglicht","Droog",\N,\N,"Ploegdreef","Doetinchem","Doetinchem","Gelderland",false,51.968994,6.256061,"injury","2","clear",false,1,"GM0222"
"20240035041",2024,"Uitsluitend materiele schade",2,"Bromfiets","Fiets","Frontaal","Rechte weg",50,"Brandend","Duisternis","Droog",\N,"600550649","St. Ignatiusstraat","Breda","Breda","Noord-Brabant",false,51.591193,4.800042,"material damage only","4","clear",false,1,"GM0758"
"20240027953",2024,"Letsel",2,"Personenauto","Fiets","Onbekend","Kruispunt, 3 takken",50,"Niet brandend","Daglicht","Droog",\N,\N,"Kennedylaan","Haarlem","Haarlem","Noord-Holland",false,52.364462,4.652567,"injury","2","clear",false,1,"GM0392"
"20240036429",2024,"Uitsluitend materiele schade",2,"Fiets","Personenauto","Flank","Kruispunt, 4 takken",30,"Niet brandend","Daglicht","Droog",\N,\N,"Gazellestraat","Apeldoorn","Apeldoorn","Gelderland",false,52.232479,5.956993,"material damage only","4","clear",false,1,"GM0200"
"20240017454",2024,"Uitsluitend materiele schade",2,\N,"Fiets","Flank","Kruispunt, 4 takken",30,"Niet brandend","Daglicht","Droog",\N,\N,"Ringdijk","Amsterdam","Amsterdam","Noord-Holland",false,52.349951,4.916853,"material damage only","4","clear",false,1,"GM0363"
"20240035832",2024,"Letsel",2,"Fiets",\N,"Flank","Rechte weg",60,"Niet aanwezig","Daglicht","Droog",\N,"508374004","Oldenzaalseweg","Reutum","Tubbergen","Overijssel",false,52.363714,6.843459,"injury","2","clear",false,1,"GM0183"