"accident_id","year","severity_raw","party_count","party1_type","party2_type","accident_type","road_situation","speed_limit_kmh","road_lighting","light_condition_label","weather_raw","infra_type","road_segment_id","street_name","place_name","gemeente_name_raw","province","alcohol_indicated","latitude","longitude","severity_label","severity_code","weather_label","built_up_area","cyclists_involved","gemeente_code"
"20240019647",2024,"Letsel",2,"Personenauto","Fiets","Flank","Rotonde",50,"Niet brandend","Daglicht","Droog",\N,\N,"Swifterweg","Biddinghuizen","Dronten","Flevoland",false,52.458104,5.695993,"injury","2","clear",false,1,"GM0303"
"20240020135",2024,"Letsel",1,"Fiets",\N,"Onbekend","Rotonde",50,"Niet brandend","Daglicht","Droog",\N,\N,"Prins Bernhardlaan","Alphen aan den Rijn","Alphen aan den Rijn","Zuid-Holland",false,52.129531,4.657735,"injury","2","clear",false,1,"GM0484"
"20240039368",2024,"Uitsluitend materiele schade",2,"Personenauto","Fiets","Onbekend","Kruispunt, 4 takken",50,"Niet brandend","Daglicht","Droog",\N,\N,"Mijdrechtse Zuwe","Amstelhoek","De Ronde Venen","Utrecht",false,52.230244,4.833846,"material damage only","4","clear",false,1,"GM0736"
"20240039440",2024,"Letsel",2,"Personenauto","Fiets","Kop/staart","Rechte weg",50,"Brandend","Duisternis","Regen",\N,"601104843","Breede Sticht","Hagestein","Vijfheerenlanden","Utrecht",true,51.976636,5.115836,"injury","2","rain",false,1,"GM1961"
"20240020010",2024,"Letsel",2,"Personenauto","Fiets","Frontaal","Kruispunt, 4 takken",50,"Niet brandend","Daglicht","Droog",\N,\N,"Prinses Irenehof","Naarden","Gooise Meren","Noord-Holland",false,52.291691,5.151032,"injury","2","clear",false,1,"GM1942"
"20240006919",2024,"Letsel",4,"Personenauto","Fiets","Kop/staart","Kruispunt, 3 takken",60,"Brandend","Duisternis","Droog",\N,\N,"Schapendijk","Arriën","Ommen","Overijssel",false,52.5686,6.440673,"injury","2","clear",false,1,"GM0175"
"20240012739",2024,"Letsel",2,"Personenauto","Fiets","Flank","Kruispunt, 4 takken",50,"Brandend","Schemer","Droog",\N,\N,"Vorstiusrode","Zoetermeer","Zoetermeer","Zuid-Holland",false,52.064349,4.471005,"injury","2","clear",false,1,"GM0637"
"20240028065",2024,"Uitsluitend materiele schade",2,"Personenauto","Fiets","Onbekend","Rotonde",50,"Niet brandend","Daglicht","Regen",\N,\N,"Richterslaan","Nieuwegein","Nieuwegein","Utrecht",false,52.033133,5.0861,"material damage only","4","rain",false,1,"GM0356"
"20240020229",2024,"Uitsluitend materiele schade",2,"Fiets","Personenauto","Flank","Rechte weg",50,"Niet brandend","Daglicht","Droog",\N,"177297018","Noordweg","Pijnacker","Pijnacker-Nootdorp","Zuid-Holland",false,52.023785,4.424715,"material damage only","4","clear",false,1,"GM1926"
"20240020350",2024,"Letsel",2,"Personenauto","Fiets","Flank","Rotonde",50,"Niet brandend","Daglicht","Droog",\N,\N,"Dorpskade","Wateringen","Westland","Zuid-Holland",false,52.023089,4.273091,"injury","2","clear",false,1,"GM1783"
"20240032425",2024,"Letsel",2,"Vrachtauto","Fiets","Onbekend","Rechte weg",60,"Niet aanwezig","Daglicht","Droog",\N,"221316003","Ziendeweg","Nieuwkoop","Nieuwkoop","Zuid-Holland",false,52.111556,4.745781,"injury","2","clear",false,1,"GM0569"
"20240032628",2024,"Letsel",2,"Personenauto","Fiets","Flank","Kruispunt, 4 takken",50,"Brandend","Schemer","Droog",\N,\N,"Schiedamseweg","Schiedam","Schiedam","Zuid-Holland",false,51.923868,4.381744,"injury","2","clear",false,1,"GM0606"
"20240034629",2024,"Letsel",2,"Personenauto","Fiets","Flank","Rotonde",50,"Niet brandend","Daglicht","Droog",\N,\N,"Fransebaan","Eindhoven","Eindhoven","Noord-Brabant",false,51.478867,5.44743,"injury","2","clear",false,1,"GM0772"
"20240005729",2024,"Uitsluitend materiele schade",2,"Personenauto","Fiets","Flank","Rechte weg",15,"Niet brandend","Daglicht","Droog",\N,\N,"Moerasvaren","Vleuten","Utrecht","Utrecht",false,52.096614,5.008224,"material damage only","4","clear",false,1,"GM0344"
"20240035090",2024,"Letsel",2,"Personenauto","Fiets","Onbekend","Kruispunt, 3 takken",50,"Niet brandend","Daglicht","Droog",\N,\N,"Zevenhontseweg","'s-Hertogenbosch","'s-Hertogenbosch","Noord-Brabant",false,51.708487,5.319346,"injury","2","clear",false,1,"GM0796"
"20240043043",2024,"Letsel",2,"Personenauto","Fiets","Flank","Rechte weg",50,"Niet brandend","Daglicht","Droog",\N,\N,"Spuiboulevard","Dordrecht","Dordrecht","Zuid-Holland",false,51.811923,4.663672,"injury","2","clear",false,1,"GM0505"
"20220155872",2022,"Letsel",1,"e-bike",\N,"Eenzijdig","Kruispunt, 4 takken",50,"Niet brandend","Daglicht","Droog","Brug/viaduct",\N,"Spectrumsingel","Zoetermeer","Zoetermeer","Zuid-Holland",false,52.037687,4.487159,"injury","2","clear",false,1,"GM0637"
"20220162483",2022,"Uitsluitend materiele schade",2,"Personenauto","Fiets","Flank","Kruispunt, 4 takken",80,"Niet brandend","Schemer",\N,\N,\N,"Langeweersterweg","Den Horn","Westerkwartier","Groningen",false,53.249417,6.452756,"material damage only","4","unknown",false,1,"GM1969"
"20220175712",2022,"Letsel",2,"e-bike","e-bike","Voetganger","Rechte weg",50,"Niet brandend","Daglicht","Droog",\N,"206378005","Verspronckweg","Haarlem","Haarlem","Noord-Holland",false,52.389772,4.628169,"injury","2","clear",false,1,"GM0392"
"20220178378",2022,"Letsel",2,"Personenauto","Fiets","Geparkeerd voertuig","Rechte weg",30,"Niet brandend","Daglicht","Droog",\N,"183328013","Van Ravelingenstraat","Leiden","Leiden","Zuid-Holland",false,52.163725,4.46216,"injury","2","clear",false,1,"GM0546"
"20220120454",2022,"Letsel",2,"Personenauto","Fiets","Flank","Kruispunt, 3 takken",50,"Niet brandend","Daglicht","Droog",\N,\N,"Pr Beatrixlaan","Amerongen","Utrechtse Heuvelrug","Utrecht",false,52.002955,5.462127,"injury","2","clear",false,1,"GM1581"
"20220135915",2022,"Letsel",1,"Fiets",\N,"Eenzijdig",\N,60,\N,"Duisternis",\N,\N,"387263004","Galgendaal","Gendt","Lingewaard","Gelderland",false,51.874725,5.952501,"injury","2","unknown",false,1,"GM1705"
"20220138789",2022,"Uitsluitend materiele schade",2,"Bromfiets","Fiets","Onbekend","Rechte weg",30,"Niet brandend","Daglicht","Droog",\N,"308332020","Zevenhuizerstraat","Hoogland","Amersfoort","Utrecht",false,52.183438,5.37351,"material damage only","4","clear",false,1,"GM0307"
"20220126708",2022,"Letsel",2,"Fiets","Fiets","Onbekend","Rechte weg",50,"Niet brandend","Daglicht","Droog",\N,"600506781","Scheveningseweg","'s-Gravenhage","'s-Gravenhage","Zuid-Holland",false,52.095872,4.286096,"injury","2","clear",false,1,"GM0518"
"20220143373",2022,"Letsel",3,"Bestelauto","Fiets","Voetganger","Rechte weg",30,"Niet brandend","Daglicht","Droog",\N,"158302070","Leyweg","'s-Gravenhage","'s-Gravenhage","Zuid-Holland",false,52.04495,4.281134,"injury","2","clear",false,1,"GM0518"
"20220153622",2022,"Uitsluitend materiele schade",2,"Personenauto","Fiets","Onbekend","Rechte weg",30,"Brandend","Duisternis","Droog",\N,"290311025","Steynlaan","Zeist","Zeist","Utrecht",false,52.091004,5.243983,"material damage only","4","clear",false,1,"GM0355"
"20220177472",2022,"Letsel",2,"Bromfiets","Fiets","Flank","Kruispunt, 4 takken",50,"Niet brandend","Daglicht","Droog",\N,\N,"Panamalaan","Amsterdam","Amsterdam","Noord-Holland",false,52.366865,4.933758,"injury","2","clear",false,1,"GM0363"
"20220177474",2022,"Letsel",2,"Personenauto","Fiets","Frontaal","Kruispunt, 4 takken",50,"Niet brandend","Daglicht","Droog",\N,\N,"Van der Madeweg","Amsterdam-Duivendrecht","Ouder-Amstel","Noord-Holland",false,52.326023,4.923307,"injury","2","clear",false,1,"GM0437"
"20220180201",2022,"Letsel",2,"Personenauto","Fiets","Flank","Kruispunt, 3 takken",50,"Niet brandend","Daglicht","Droog",\N,\N,"Kerklaan","'s-Gravenhage","'s-Gravenhage","Zuid-Holland",false,52.10305,4.280827,"injury","2","clear",false,1,"GM0518"
"20220197158",2022,"Uitsluitend materiele schade",2,"Snorfiets","e-bike","Flank","Rotonde",\N,"Niet brandend","Daglicht","Droog",\N,\N,"FIETSPAD","Harderwijk","Harderwijk","Gelderland",false,52.335895,5.635136,"material damage only","4","clear",false,1,"GM0243"
"20220129223",2022,"Uitsluitend materiele schade",2,"Personenauto","Fiets","Flank","Rechte weg",30,"Niet brandend","Daglicht",\N,\N,"56171043","Boulevard Bankert","Vlissingen","Vlissingen","Zeeland",false,51.444594,3.566776,"material damage only","4","unknown",false,1,"GM0718"
"20220137007",2022,"Letsel",2,"Fiets","Voetganger","Voetganger","Kruispunt, 3 takken",\N,"Niet brandend","Daglicht","Droog",\N,\N,"Oude Rijksweg","Hedel","Maasdriel","Gelderland",false,51.746597,5.266676,"injury","2","clear",false,1,"GM0263"
"20220169680",2022,"Letsel",2,"e-bike","Personenauto","Flank","Kruispunt, 3 takken",50,"Niet brandend","Daglicht",\N,\N,\N,"Schulpkamp","Nijkerk","Nijkerk","Gelderland",false,52.217691,5.478268,"injury","2","unknown",false,1,"GM0267"
"20220180309",2022,"Letsel",2,"Fiets","Fiets","Onbekend","Bocht",30,"Niet brandend","Daglicht","Harde windstoten",\N,"164310003","Anna van Buerenplein","'s-Gravenhage","'s-Gravenhage","Zuid-Holland",false,52.0817,4.324779,"injury","2","unknown",false,1,"GM0518"
"20220180959",2022,"Uitsluitend materiele schade",2,"Bestelauto","Fiets","Flank","Kruispunt, 3 takken",50,"Niet brandend","Daglicht","Droog",\N,\N,"Admiraal Helfrichsingel","Rijswijk","Rijswijk","Zuid-Holland",false,52.033622,4.320338,"material damage only","4","clear",false,1,\N
"20220197830",2022,"Uitsluitend materiele schade",2,"Personenauto","Fiets","Frontaal","Rechte weg",30,"Niet brandend","Daglicht","Droog",\N,"600375225","Oranjestraat","Almelo","Almelo","Overijssel",false,52.359578,6.665477,"material damage only","4","clear",false,1,"GM0141"
"20220115047",2022,"Uitsluitend materiele schade",2,"Bestelauto","Fiets","Flank","Bocht",60,"Niet brandend","Daglicht","Droog",\N,"461468001","Vamweg","Wijster","Midden-Drenthe","Drenthe",false,52.790955,6.511131,"material damage only","4","clear",false,1,"GM1731"
"20220126766",2022,"Letsel",2,"Fiets","Bromfiets","Frontaal","Kruispunt, 4 takken",30,"Niet brandend","Daglicht","Droog",\N,\N,"Spui","'s-Gravenhage","'s-Gravenhage","Zuid-Holland",false,52.07515,4.319644,"injury","2","clear",false,1,"GM0518"
"20220150789",2022,"Letsel",1,"Fiets",\N,"Eenzijdig",\N,30,\N,"Daglicht",\N,\N,"354034007","Mosalunet","Maastricht","Maastricht","Limburg",false,50.845138,5.704595,"injury","2","unknown",false,1,"GM0935"
"20220154953",2022,"Letsel",2,"e-bike","Personenauto","Flank","Kruispunt, 3 takken",30,"Niet brandend","Daglicht","Droog",\N,\N,"Herenweg","Sint Maarten","Schagen","Noord-Holland",false,52.77486,4.742474,"injury","2","clear",false,1,"GM0441"
"20220156314",2022,"Uitsluitend materiele schade",2,"Fiets","e-bike","Flank","Kruispunt, 4 takken",\N,"Niet brandend","Daglicht","Droog",\N,\N,"Fossapad","Alphen aan den Rijn","Alphen aan den Rijn","Zuid-Holland",false,52.129401,4.660448,"material damage only","4","clear",false,1,"GM0484"
"20220161483",2022,"Letsel",2,"Personenauto","Fiets","Onbekend","Rechte weg",\N,"Niet brandend","Daglicht","Droog",\N,"381505059","Dracht","Heerenveen","Heerenveen","Friesland",false,52.959975,5.922944,"injury","2","clear",false,1,"GM0074"
"20220167282",2022,"Uitsluitend materiele schade",2,"Bestelauto","Fiets","Flank","Kruispunt, 3 takken",50,"Niet brandend","Daglicht","Droog",\N,\N,"Heiweg","Malden","Heumen","Gelderland",false,51.791331,5.852721,"material damage only","4","clear",false,1,"GM0252"
"20220183053",2022,"Uitsluitend materiele schade",2,"Personenauto","Fiets","Kop/staart","Rechte weg",30,"Niet brandend","Daglicht","Droog",\N,"173272003","Willem de Zwijgerlaan","Schiedam","Schiedam","Zuid-Holland",false,51.909091,4.396893,"material damage only","4","clear",false,1,"GM0606"
"20220198048",2022,"Uitsluitend materiele schade",2,"Bromfiets","e-bike","Frontaal","Rechte weg",30,"Brandend","Schemer","Regen",\N,"601021000","Rijksweg","Ede","Ede","Gelderland",false,52.045402,5.619437,"material damage only","4","rain",false,1,"GM0228"
"20220198236",2022,"Letsel",2,"Personenauto","Fiets","Flank","Kruispunt, 4 takken",30,"Niet brandend","Daglicht","Droog",\N,\N,"Symfonielaan","Kampen","Kampen","Overijssel",false,52.539451,5.908396,"injury","2","clear",false,1,"GM0166"
"20220198312",2022,"Uitsluitend materiele schade",2,"Bestelauto","Fiets","Flank","Rechte weg",50,"Niet brandend","Daglicht","Droog",\N,"337320052","Rooseveltstraat","Barneveld","Barneveld","Gelderland",false,52.130858,5.589383,"material damage only","4","clear",false,1,"GM0203"
"20220120777",2022,"Uitsluitend materiele schade",2,"Snorfiets","Fiets","Flank","Kruispunt, 4 takken",\N,"Niet brandend","Daglicht","Droog",\N,\N,"Blanchardpad","Almere","Almere","Flevoland",false,52.341841,5.179524,"material damage only","4","clear",false,1,"GM0034"
"20220126924",2022,"Letsel",2,"Fiets","Bestelauto","Flank","Kruispunt, 4 takken",30,"Niet brandend","Daglicht","Droog",\N,\N,"Boezemsingel","Rotterdam","Rotterdam","Zuid-Holland",false,51.930164,4.491795,"injury","2","clear",false,1,"GM0599"
"20220139057",2022,"Letsel",1,"Fiets",\N,"Eenzijdig","Rechte weg",30,"Niet brandend","Daglicht","Droog",\N,"600892282","Zandvoorterweg","Aerdenhout","Bloemendaal","Noord-Holland",false,52.360818,4.600676,"injury","2","clear",false,1,"GM0377"
"20220156384",2022,"Letsel",2,"Fiets","Fiets","Onbekend","Rechte weg",50,"Brandend","Duisternis","Droog",\N,"169291002","Schieweg","Delft","Delft","Zuid-Holland",false,51.994908,4.367959,"injury","2","clear",false,1,"GM0503"
"20220169862",2022,"Letsel",2,"Personenauto","Fiets","Frontaal","Kruispunt, 3 takken",30,"Niet brandend","Daglicht","Droog",\N,\N,"Patriottenlaan","Zwolle","Zwolle","Overijssel",false,52.482835,6.109482,"injury","2","clear",false,1,"GM0193"
"20220172429",2022,"Uitsluitend materiele schade",2,"Fiets","Personenauto","Flank","Kruispunt, 4 takken",50,"Brandend","Duisternis","Regen",\N,\N,"Westplein","Utrecht","Utrecht","Utrecht",false,52.09208,5.10552,"material damage only","4","rain",false,1,"GM0344"
"20220180504",2022,"Letsel",2,"e-bike","Fiets","Onbekend","Rechte weg",50,"Niet brandend","Daglicht","Droog",\N,"600640817","Thorbeckelaan","'s-Gravenhage","'s-Gravenhage","Zuid-Holland",false,52.064237,4.253634,"injury","2","clear",false,1,"GM0518"
"20220126069",2022,"Letsel",1,"Fiets",\N,"Eenzijdig","Rechte weg",30,"Brandend","Duisternis","Droog",\N,"175323008","Santhorstlaan","Wassenaar","Wassenaar","Zuid-Holland",false,52.140778,4.40345,"injury","2","clear",false,1,"GM0629"
"20220127086",2022,"Letsel",2,"e-bike",\N,"Eenzijdig","Kruispunt, 3 takken",\N,"Niet brandend","Daglicht","Droog",\N,\N,"'s-Gravelandseweg","Schiedam","Schiedam","Zuid-Holland",false,51.924335,4.404138,"injury","2","clear",false,1,"GM0606"
"20220148157",2022,"Letsel",2,"Fiets","Fiets","Frontaal","Rechte weg",60,"Niet brandend","Daglicht","Droog",\N,"272187072","Tilburgseweg","Hilvarenbeek","Hilvarenbeek","Noord-Brabant",false,51.527722,5.115965,"injury","2","clear",false,1,"GM0798"
"20220157511",2022,"Letsel",3,"Personenauto","Fiets","Onbekend","Rechte weg",50,"Niet brandend","Daglicht","Droog",\N,"600361705","Beukendaal","Rotterdam","Rotterdam","Zuid-Holland",false,51.887787,4.520425,"injury","2","clear",false,1,"GM0599"
"20220161671",2022,"Letsel",2,"e-bike","Fiets","Frontaal","Rechte weg",30,"Brandend","Duisternis","Droog",\N,"600392559","Hoendiep","Groningen","Groningen","Groningen",true,53.213947,6.545103,"injury","2","clear",false,1,"GM0014"
"20220179388",2022,"Uitsluitend materiele schade",2,"Snorfiets","Fiets","Onbekend","Bocht",30,"Niet brandend","Daglicht","Droog",\N,"214325023","Ooievaarspad","Alphen aan den Rijn","Alphen aan den Rijn","Zuid-Holland",false,52.149785,4.688876,"material damage only","4","clear",false,1,"GM0484"
"20220120979",2022,"Uitsluitend materiele schade",2,"Personenauto","Fiets","Frontaal","Rotonde",50,"Niet brandend","Daglicht","Droog",\N,\N,"Trumanlaan","Utrecht","Utrecht","Utrecht",false,52.073215,5.093925,"material damage only","4","clear",false,1,"GM0344"
"20220131208",2022,"Uitsluitend materiele schade",2,"Personenauto","Fiets","Flank","Bocht",50,"Niet brandend","Daglicht","Droog",\N,\N,"Het Wielsem","'s-Hertogenbosch","'s-Hertogenbosch","Noord-Brabant",false,51.710321,5.306025,"material damage only","4","clear",false,1,"GM0796"
"20220139366",2022,"Letsel",2,"Fiets","Fiets","Flank",\N,30,"Niet brandend","Daglicht","Droog",\N,"225403041","Heiligeweg","Krommenie","Zaanstad","Noord-Holland",false,52.500887,4.76555,"injury","2","clear",false,1,"GM0479"
"20220152201",2022,"Letsel",1,"Fiets",\N,"Eenzijdig","Rechte weg",60,"Niet brandend","Daglicht","Droog",\N,"425569006","Stationsweg","Lutjegast","Westerkwartier","Groningen",false,53.242716,6.248233,"injury","2","clear",false,1,"GM1969"
"20220155107",2022,"Letsel",2,"Snorfiets","Fiets","Frontaal","Bocht",30,"Niet brandend","Daglicht","Droog",\N,"600593586","Kanaalkade","Warmenhuizen","Schagen","Noord-Holland",false,52.707654,4.717905,"injury","2","clear",false,1,"GM0441"
"20220183389",2022,"Uitsluitend materiele schade",2,"Fiets","Fiets","Frontaal","Kruispunt, 4 takken",\N,"Niet brandend","Daglicht","Droog",\N,\N,"Rivium Quadrant","Capelle aan den IJssel","Capelle aan den IJssel","Zuid-Holland",false,51.912512,4.539104,"material damage only","4","clear",false,1,"GM0502"
"20220184251",2022,"Uitsluitend materiele schade",2,"Personenauto","Fiets","Voetganger","Kruispunt, 4 takken",30,"Niet brandend","Daglicht","Droog",\N,\N,"Dirk Schäferplein","Schiedam","Schiedam","Zuid-Holland",false,51.933264,4.371229,"material damage only","4","clear",false,1,"GM0606"
"20220125069",2022,"Letsel",2,"Personenauto","e-bike","Onbekend","Kruispunt, 4 takken",30,"Niet brandend","Daglicht","Droog","Brug/viaduct",\N,"Goudenregensingel","Pijnacker","Pijnacker-Nootdorp","Zuid-Holland",false,52.021827,4.432347,"injury","2","clear",false,1,"GM1926"
"20220141049",2022,"Letsel",2,"Fiets","Overig vast object","Vast voorwerp","Rechte weg",50,"Brandend","Duisternis","Droog",\N,"218425013","Kennemerstraatweg","Heiloo","Heiloo","Noord-Holland",false,52.602991,4.712911,"injury","2","clear",false,1,"GM0399"
"20220180046",2022,"Letsel",2,"Bromfiets","Fiets","Flank","Bocht",30,"Niet brandend","Daglicht","Regen",\N,"169293001","Plein Delftzicht","Delft","Delft","Zuid-Holland",false,52.004281,4.361559,"injury","2","rain",false,1,"GM0503"
"20220181240",2022,"Uitsluitend materiele schade",2,"Fiets","Fiets","Onbekend","Rechte weg",30,"Niet brandend","Daglicht","Droog",\N,"170316025","Rijksstraatweg","Wassenaar","Wassenaar","Zuid-Holland",false,52.110573,4.366799,"material damage only","4","clear",false,1,"GM0629"
"20220186365",2022,"Letsel",2,"Fiets","Fiets","Flank","Kruispunt, 3 takken",50,"Niet brandend","Daglicht","Droog",\N,\N,"Kleibergsestraat","Genderen","Altena","Noord-Brabant",false,51.739118,5.076702,"injury","2","clear",false,1,"GM1959"
"20220117155",2022,"Uitsluitend materiele schade",3,"Bromfiets","e-bike","Onbekend","Rechte weg",50,"Niet brandend","Daglicht","Droog",\N,"347301010","Veenderweg","Ede","Ede","Gelderland",false,52.042741,5.660623,"material damage only","4","clear",false,1,"GM0228"
"20220131391",2022,"Letsel",2,"e-bike","Overig vast object","Vast voorwerp","Rechte weg",50,"Brandend","Duisternis","Droog",\N,\N,"Loopkantstraat","Uden","Maashorst","Noord-Brabant",false,51.65681,5.632918,"injury","2","clear",false,1,"GM1991"
"20220139603",2022,"Letsel",2,"Personenauto","Fiets","Flank","Kruispunt, 4 takken",80,"Niet brandend","Daglicht","Droog",\N,\N,"Herenweg","Egmond-Binnen","Bergen (NH)","Noord-Holland",false,52.600649,4.652363,"injury","2","clear",false,1,\N
"20220143917",2022,"Letsel",2,"Personenauto","Fiets","Onbekend","Kruispunt, 4 takken",50,"Niet brandend","Daglicht","Droog",\N,\N,"Ln Copes van Cattenburch","'s-Gravenhage","'s-Gravenhage","Zuid-Holland",false,52.092611,4.310163,"injury","2","clear",false,1,"GM0518"
"20220145096",2022,"Letsel",2,"Personenauto","Fiets","Onbekend","Rechte weg",50,"Brandend","Duisternis","Droog",\N,"160306060","Hoefkade","'s-Gravenhage","'s-Gravenhage","Zuid-Holland",false,52.062539,4.300928,"injury","2","clear",false,1,"GM0518"
"20220161914",2022,"Letsel",2,"Motor","Fiets","Onbekend","Rechte weg",30,"Niet brandend","Daglicht","Regen",\N,"472565005","Koningsweg","Groningen","Groningen","Groningen",false,53.226172,6.604626,"injury","2","rain",false,1,"GM0014"
"20220173933",2022,"Letsel",2,"Snorfiets","Fiets","Kop/staart","Rechte weg",\N,"Niet brandend","Daglicht","Droog",\N,"600631519","Boulevard Barnaart","Zandvoort","Zandvoort","Noord-Holland",false,52.39835,4.541486,"injury","2","clear",false,1,"GM0473"
"20220189885",2022,"Uitsluitend materiele schade",2,"Personenauto","e-bike","Frontaal","Kruispunt, 3 takken",50,"Niet brandend","Daglicht","Droog",\N,\N,"Parallelweg","Heerlen","Heerlen","Limburg",false,50.892088,5.964404,"material damage only","4","clear",false,1,"GM0917"
"20220118820",2022,"Uitsluitend materiele schade",2,"Personenauto","Fiets","Flank","Kruispunt, 4 takken",50,"Niet brandend","Daglicht","Droog",\N,\N,"Van Schuylenburgweg","Nijmegen","Nijmegen","Gelderland",false,51.822927,5.792301,"material damage only","4","clear",false,1,"GM0268"
"20220119839",2022,"Uitsluitend materiele schade",2,"Personenauto","Fiets","Frontaal","Bocht",30,"Niet brandend","Daglicht","Regen",\N,"330296067","Gangboord","Veenendaal","Veenendaal","Utrecht",false,52.021361,5.533616,"material damage only","4","rain",false,1,"GM0345"
"20220130148",2022,"Uitsluitend materiele schade",2,"Bromfiets","Fiets","Flank","Kruispunt, 3 takken",\N,"Niet brandend","Daglicht","Droog",\N,\N,"Gastelseweg","Roosendaal","Roosendaal","Noord-Brabant",false,51.555935,4.474024,"material damage only","4","clear",false,1,"GM1674"
"20220134276",2022,"Uitsluitend materiele schade",2,"Fiets","Personenauto","Flank","Bocht",30,"Niet brandend","Daglicht","Droog",\N,"348519036","Alexanderstraat","Sneek","Súdwest-Fryslân","Friesland",false,53.023343,5.674517,"material damage only","4","clear",false,1,"GM1900"
"20220148641",2022,"Letsel",2,"Personenauto","Fiets","Onbekend","Rechte weg",50,"Niet brandend","Daglicht","Droog","Bus-/Tramhalte","237212021","Mathildastraat","Oosterhout","Oosterhout","Noord-Brabant",false,51.643474,4.862034,"injury","2","clear",false,1,"GM0826"
"20220156750",2022,"Letsel",2,"Fiets","Overig vast object","Vast voorwerp","Kruispunt, 3 takken",50,"Niet brandend","Daglicht","Droog",\N,\N,"Van Montfoortlaan","'s-Gravenhage","'s-Gravenhage","Zuid-Holland",false,52.096948,4.320548,"injury","2","clear",false,1,"GM0518"
"20220172814",2022,"Uitsluitend materiele schade",2,"e-bike","Personenauto","Flank","Rotonde",50,"Niet brandend","Daglicht","Regen",\N,\N,"Dukaton","Mijdrecht","De Ronde Venen","Utrecht",false,52.214057,4.861729,"material damage only","4","rain",false,1,"GM0736"
"20220119949",2022,"Uitsluitend materiele schade",2,"Fiets","Fiets","Flank","Rechte weg",30,"Niet brandend","Daglicht","Droog",\N,"239311039","Adriaan van Ostadestraat","Woerden","Woerden","Utrecht",false,52.088947,4.872327,"material damage only","4","clear",false,1,"GM0632"
"20220122760",2022,"Uitsluitend materiele schade",2,"Fiets","Bromfiets","Onbekend","Rechte weg",30,"Niet brandend","Daglicht","Droog",\N,"223432030","Waagplein","Alkmaar","Alkmaar","Noord-Holland",false,52.631912,4.750542,"material damage only","4","clear",false,1,"GM0361"
"20220127525",2022,"Uitsluitend materiele schade",2,"Fiets","Bromfiets","Frontaal","Kruispunt, 3 takken",50,"Niet brandend","Daglicht","Droog","Brug/viaduct",\N,"Tunnelpad","Barendrecht","Barendrecht","Zuid-Holland",false,51.843881,4.51655,"material damage only","4","clear",false,1,"GM0489"
"20220150066",2022,"Letsel",2,"Fiets","Fiets","Kop/staart","Rechte weg",50,"Niet brandend","Daglicht","Droog",\N,"600939543","Vestdijk","Eindhoven","Eindhoven","Noord-Brabant",false,51.439263,5.481292,"injury","2","clear",false,1,"GM0772"
"20220175417",2022,"Uitsluitend materiele schade",2,"Personenauto","Fiets","Onbekend","Kruispunt, 3 takken",50,"Niet brandend","Daglicht","Droog",\N,\N,"Heemsteedse Dreef","Heemstede","Heemstede","Noord-Holland",false,52.356352,4.625067,"material damage only","4","clear",false,1,"GM0397"
"20220187825",2022,"Letsel",2,"e-bike","Fiets","Flank","Kruispunt, 4 takken",30,"Niet brandend","Daglicht","Droog",\N,\N,"Fellenoord","Eindhoven","Eindhoven","Noord-Brabant",false,51.441914,5.469676,"injury","2","clear",false,1,"GM0772"
"20220191061",2022,"Uitsluitend materiele schade",2,"Personenauto","Fiets","Flank","Rotonde",50,"Niet brandend","Daglicht",\N,\N,\N,"Raadhuisstraat","Venray","Venray","Limburg",false,51.531906,5.978663,"material damage only","4","unknown",false,1,"GM0984"
"20220115641",2022,"Letsel",1,"Fiets",\N,"Eenzijdig",\N,30,\N,"Daglicht",\N,\N,"317509022","Begine","Workum","Súdwest-Fryslân","Friesland",false,52.978126,5.445795,"injury","2","unknown",false,1,"GM1900"
"20220119992",2022,"Letsel",2,"Bus","Fiets","Flank","Kruispunt, 4 takken",50,"Niet brandend","Daglicht","Droog",\N,\N,"Zamenhofdreef","Utrecht","Utrecht","Utrecht",false,52.113143,5.114787,"injury","2","clear",false,1,"GM0344"
"20220130291",2022,"Letsel",2,"Personenauto","Fiets","Flank","Kruispunt, 3 takken",50,"Niet brandend","Daglicht","Droog",\N,\N,"Waringinstraat","Tilburg","Tilburg","Noord-Brabant",false,51.559988,5.061385,"injury","2","clear",false,1,"GM0855"
"20220135640",2022,"Letsel",2,"Snorfiets","Fiets","Frontaal","Rechte weg",50,"Niet brandend","Daglicht","Droog",\N,"600511592","Haaksbergerstraat","Enschede","Enschede","Overijssel",false,52.205477,6.856887,"injury","2","clear",false,1,"GM0153"
"20220141422",2022,"Uitsluitend materiele schade",2,"Personenauto","e-bike","Flank","Kruispunt, 3 takken",30,"Brandend","Duisternis","Regen",\N,\N,"Postjesweg","Amsterdam","Amsterdam","Noord-Holland",false,52.364811,4.859578,"material damage only","4","rain",false,1,"GM0363"
"20220152455",2022,"Uitsluitend materiele schade",2,"Fiets","Personenauto","Flank","Kruispunt, 4 takken",50,"Niet brandend","Daglicht","Droog",\N,\N,"Kronenburgersingel","Nijmegen","Nijmegen","Gelderland",false,51.844188,5.857947,"material damage only","4","clear",false,1,"GM0268"
"20220162189",2022,"Letsel",2,"Personenauto","Fiets","Frontaal","Kruispunt, 4 takken",50,"Niet brandend","Daglicht","Droog",\N,\N,"Gelpenberg","Aalden","Coevorden","Drenthe",false,52.788119,6.716957,"injury","2","clear",false,1,"GM0109"