"accident_id","year","severity_raw","party_count","party1_type","party2_type","accident_type","road_situation","speed_limit_kmh","road_lighting","light_condition_label","weather_raw","infra_type","road_segment_id","street_name","place_name","gemeente_name_raw","province","alcohol_indicated","latitude","longitude","severity_label","severity_code","weather_label","built_up_area","cyclists_involved","gemeente_code"
"20220174144",2022,"Letsel",1,"Fiets",\N,"Eenzijdig","Rechte weg",60,"Niet brandend","Daglicht","Droog",\N,"195342016","Lisserdijk","Buitenkaag","Haarlemmermeer","Noord-Holland",false,52.228294,4.552138,"injury","2","clear",false,1,"GM0394"
"20220174148",2022,"Letsel",2,"Personenauto","Fiets","Flank","Kruispunt, 4 takken",60,"Niet brandend","Daglicht","Droog",\N,\N,"Kanaalweg","Warmenhuizen","Schagen","Noord-Holland",false,52.707672,4.719233,"injury","2","clear",false,1,"GM0441"
"20220186788",2022,"Letsel",2,"Bestelauto","Fiets","Flank","Kruispunt, 3 takken",60,"Niet brandend","Daglicht","Droog",\N,\N,"Stuivezandseweg","Klein Zundert","Zundert","Noord-Brabant",false,51.489371,4.678821,"injury","2","clear",false,1,"GM0879"
"20220131753",2022,"Letsel",2,"Personenauto","Fiets","Frontaal","Kruispunt, 3 takken",60,"Niet brandend","Daglicht","Droog",\N,\N,"Venrayseweg","Overloon","Land van Cuijk","Noord-Brabant",false,51.56128,5.955218,"injury","2","clear",false,1,"GM1982"
"20220136643",2022,"Letsel",2,"Fiets","Overig vast object","Vast voorwerp","Rechte weg",30,"Niet brandend","Duisternis","Regen",\N,"600656785","RijnWaalpad","Elst","Overbetuwe","Gelderland",false,51.90109,5.871522,"injury","2","rain",false,1,"GM1734"
"20220192066",2022,"Uitsluitend materiele schade",2,"Personenauto","Fiets","Kop/staart","Rechte weg",30,"Brandend","Duisternis","Droog",\N,"466563064","Brugstraat","Groningen","Groningen","Groningen",false,53.216567,6.560543,"material damage only","4","clear",false,1,"GM0014"
"20220192092",2022,"Uitsluitend materiele schade",2,"Snorfiets","Fiets","Onbekend","Kruispunt, 3 takken",30,\N,"Daglicht","Regen",\N,\N,"Sjaardemastraat","Franeker","Waadhoeke","Friesland",false,53.187417,5.539244,"material damage only","4","rain",false,1,"GM1949"
"20220192234",2022,"Uitsluitend materiele schade",2,"Fiets","Personenauto","Flank","Rotonde",50,"Brandend","Duisternis","Droog",\N,\N,"Hoeksterend","Leeuwarden","Leeuwarden","Friesland",false,53.205843,5.800765,"material damage only","4","clear",false,1,"GM0080"
"20220146346",2022,"Letsel",2,"Personenauto","e-bike","Flank","Kruispunt, 4 takken",30,"Niet brandend","Daglicht","Droog",\N,\N,"Cloese","Hoogvliet Rotterdam","Rotterdam","Zuid-Holland",false,51.865001,4.357303,"injury","2","clear",false,1,"GM0599"
"20220159549",2022,"Uitsluitend materiele schade",2,"Personenauto","Fiets","Onbekend","Rotonde",50,"Niet brandend","Daglicht","Droog",\N,\N,"Schijndelseweg","Boxtel","Boxtel","Noord-Brabant",false,51.593443,5.339631,"material damage only","4","clear",false,1,"GM0757"
"20220166673",2022,"Uitsluitend materiele schade",3,"Fiets","Bromfiets","Onbekend","Rechte weg",30,"Niet aanwezig","Daglicht","Droog",\N,"354248031","Blauwe Hof","Wijchen","Wijchen","Gelderland",false,51.805477,5.711107,"material damage only","4","clear",false,1,"GM0296"
"20220121575",2022,"Uitsluitend materiele schade",1,"Fiets",\N,"Onbekend","Rechte weg",80,"Niet aanwezig","Duisternis","Droog",\N,\N,"Westelijke Randweg","Oudkarspel","Dijk en Waard","Noord-Holland",false,52.707743,4.799041,"material damage only","4","clear",false,1,"GM1980"
"20220137641",2022,"Uitsluitend materiele schade",2,"Personenauto","Fiets","Voetganger","Rechte weg",30,"Niet brandend","Daglicht","Regen",\N,"478302092","Houtwal","Groenlo","Oost Gelre","Gelderland",false,52.043817,6.615807,"material damage only","4","rain",false,1,"GM1586"
"20220155722",2022,"Uitsluitend materiele schade",2,"Bromfiets","Fiets","Kop/staart","Rechte weg",30,"Niet brandend","Daglicht","Droog",\N,"253373037","ZEEBURG 14","Amsterdam","Amsterdam","Noord-Holland",false,52.366916,4.971652,"material damage only","4","clear",false,1,"GM0363"
"20220197495",2022,"Uitsluitend materiele schade",1,"Fiets",\N,"Eenzijdig","Rechte weg",60,"Niet aanwezig","Daglicht","Droog",\N,"336271002","Waalbandijk","Ochten","Neder-Betuwe","Gelderland",false,51.912292,5.583737,"material damage only","4","clear",false,1,"GM1740"
"20220119117",2022,"Letsel",2,"Personenauto","e-bike","Frontaal","Kruispunt, 3 takken",50,"Niet brandend","Daglicht","Droog",\N,\N,"Voetiuslaan","Arnhem","Arnhem","Gelderland",false,51.979627,5.933018,"injury","2","clear",false,1,"GM0202"
"20220124204",2022,"Uitsluitend materiele schade",2,"Bestelauto","Fiets","Flank","Kruispunt, 4 takken",50,"Niet brandend","Daglicht","Droog",\N,\N,"Stadionweg","Amsterdam","Amsterdam","Noord-Holland",false,52.3476,4.880824,"material damage only","4","clear",false,1,"GM0363"
"20220127952",2022,"Letsel",2,"Fiets",\N,"Eenzijdig","Rechte weg",30,"Niet brandend","Daglicht","Droog",\N,"192265059","Maasstadweg","Rotterdam","Rotterdam","Zuid-Holland",false,51.880691,4.535584,"injury","2","clear",false,1,"GM0599"
"20220149217",2022,"Uitsluitend materiele schade",2,"Fiets","Personenauto","Flank","Rotonde",50,"Niet brandend","Daglicht","Droog",\N,\N,"Karel Doormanstraat","Oss","Oss","Noord-Brabant",false,51.758241,5.537851,"material damage only","4","clear",false,1,"GM0828"
"20240082183",2024,"Letsel",2,"e-bike","Voetganger","Voetganger","Rechte weg",30,"Niet brandend","Daglicht","Droog",\N,"600550552","FIETSPAD","Capelle aan den IJssel","Capelle aan den IJssel","Zuid-Holland",false,51.94476,4.574089,"injury","2","clear",false,1,"GM0502"
"20240088047",2024,"Letsel",2,"Fiets","Personenauto","Onbekend","Rechte weg",15,"Niet brandend","Daglicht","Droog",\N,"600727321","Leidseweg","Voorschoten","Voorschoten","Zuid-Holland",false,52.142803,4.46519,"injury","2","clear",false,1,"GM0626"
"20240089349",2024,"Uitsluitend materiele schade",2,"Personenauto","Fiets","Flank","Rechte weg",30,"Niet brandend","Daglicht","Droog",\N,"243369069","Amstelkade","Amsterdam","Amsterdam","Noord-Holland",true,52.348609,4.902469,"material damage only","4","clear",false,1,"GM0363"
"20240089985",2024,"Letsel",2,"Bestelauto","Fiets","Onbekend",\N,60,\N,"Daglicht",\N,\N,"600112644","Essendijk","Rhoon","Albrandswaard","Zuid-Holland",false,51.850733,4.459055,"injury","2","unknown",false,1,"GM0613"
"20240095015",2024,"Letsel",2,"Bromfiets","Fiets","Onbekend","Bocht",\N,\N,"Daglicht",\N,\N,"512454017","Verlengde Herendijk","Nieuw-Amsterdam","Emmen","Drenthe",false,52.723259,6.883311,"injury","2","unknown",false,1,"GM0114"
"20240097303",2024,"Letsel",1,"Fiets",\N,"Frontaal","Bocht",15,"Niet brandend","Daglicht","Droog",\N,\N,"Wateringsevest","Delft","Delft","Zuid-Holland",false,52.017095,4.351971,"injury","2","clear",false,1,"GM0503"
"20240074509",2024,"Uitsluitend materiele schade",2,"Personenauto","e-bike","Onbekend","Kruispunt, 4 takken",50,"Niet brandend","Daglicht","Droog",\N,\N,"Marchantstraat","Oss","Oss","Noord-Brabant",false,51.757535,5.508299,"material damage only","4","clear",false,1,"GM0828"
"20240084806",2024,"Uitsluitend materiele schade",2,"Fiets","Personenauto","Flank","Kruispunt, 3 takken",30,"Niet brandend","Daglicht",\N,\N,\N,"Oenerweg","Epe","Epe","Gelderland",false,52.346241,5.999403,"material damage only","4","unknown",false,1,"GM0232"
"20240101308",2024,"Letsel",2,"Bus","Fiets","Flank","Rechte weg",30,"Niet brandend","Daglicht","Regen",\N,"185327120","Noordeindeplein","Leiden","Leiden","Zuid-Holland",false,52.159976,4.480807,"injury","2","rain",false,1,"GM0546"
"20240041065",2024,"Letsel",2,"Personenauto","Fiets","Frontaal","Kruispunt, 4 takken",30,"Niet brandend","Daglicht","Droog",\N,\N,"Prinsengracht","Amsterdam","Amsterdam","Noord-Holland",false,52.36616,4.883103,"injury","2","clear",false,1,"GM0363"
"20240077897",2024,"Uitsluitend materiele schade",2,"Fiets","Bestelauto","Flank","Kruispunt, 4 takken",30,"Brandend","Duisternis","Droog",\N,\N,"De Peel","Lelystad","Lelystad","Flevoland",false,52.494411,5.468399,"material damage only","4","clear",false,1,"GM0995"
"20240097522",2024,"Uitsluitend materiele schade",2,"Personenauto","Fiets","Flank","Kruispunt, 4 takken",30,"Niet brandend","Daglicht","Droog",\N,\N,"Van Woustraat","Amsterdam","Amsterdam","Noord-Holland",false,52.353468,4.90237,"material damage only","4","clear",false,1,"GM0363"
"20240073277",2024,"Uitsluitend materiele schade",2,"Personenauto","Fiets","Flank","Kruispunt, 3 takken",50,"Niet aanwezig","Daglicht","Droog",\N,\N,"Zwaanstraat","Eindhoven","Eindhoven","Noord-Brabant",false,51.448184,5.452137,"material damage only","4","clear",false,1,"GM0772"
"20240088799",2024,"Letsel",2,"Fiets","Voetganger","Voetganger","Rechte weg",30,"Niet brandend","Daglicht","Droog",\N,"170317034","Rijksstraatweg","Wassenaar","Wassenaar","Zuid-Holland",false,52.112206,4.369372,"injury","2","clear",false,1,"GM0629"
"20240089444",2024,"Uitsluitend materiele schade",2,"Personenauto","Fiets","Frontaal","Kruispunt, 4 takken",30,"Niet brandend","Daglicht","Droog",\N,\N,"Boekhorststraat","'s-Gravenhage","'s-Gravenhage","Zuid-Holland",false,52.07403,4.309596,"material damage only","4","clear",false,1,"GM0518"
"20240090726",2024,"Letsel",2,"Personenauto","Fiets","Frontaal","Rechte weg",15,"Niet brandend","Daglicht","Droog",\N,"600749159","Van Ravesteyn-erf","Dordrecht","Dordrecht","Zuid-Holland",false,51.805681,4.727359,"injury","2","clear",false,1,"GM0505"
"20240091392",2024,"Letsel",2,"Personenauto","Fiets","Frontaal","Rechte weg",30,"Brandend","Duisternis","Droog",\N,\N,"Nieuwe Prinsenkade","Breda","Breda","Noord-Brabant",true,51.591432,4.771569,"injury","2","clear",false,1,"GM0758"
"20240092876",2024,"Uitsluitend materiele schade",2,"Personenauto","Fiets","Flank","Kruispunt, 4 takken",30,"Niet brandend","Daglicht","Droog",\N,\N,"Theerestraat","Sint-Michielsgestel","Sint-Michielsgestel","Noord-Brabant",false,51.638043,5.347007,"material damage only","4","clear",false,1,"GM0845"
"20240094648",2024,"Uitsluitend materiele schade",2,"Personenauto","Fiets","Flank","Kruispunt, 3 takken",30,"Niet brandend","Daglicht","Droog",\N,\N,"Borgstraat","Uithuizen","Het Hogeland","Groningen",false,53.408101,6.676166,"material damage only","4","clear",false,1,"GM1966"
"20240095635",2024,"Letsel",1,"Fiets",\N,"Onbekend","Rechte weg",50,"Niet brandend","Daglicht","Droog",\N,"220432020","Judith Leysterstraat","Alkmaar","Alkmaar","Noord-Holland",false,52.633181,4.725096,"injury","2","clear",false,1,"GM0361"
"20240049698",2024,"Letsel",2,"Fiets","Boom","Vast voorwerp","Rechte weg",30,"Niet brandend","Daglicht","Droog",\N,"185327104","Busken Huetplein","Leiden","Leiden","Zuid-Holland",false,52.156843,4.477718,"injury","2","clear",false,1,"GM0546"
"20240078550",2024,"Letsel",2,"Fiets","Trein/tram","Flank","Rotonde",50,"Niet brandend","Daglicht","Droog",\N,\N,"Hugo de Grootplein","Amsterdam","Amsterdam","Noord-Holland",false,52.374514,4.872659,"injury","2","clear",false,1,"GM0363"
"20240081686",2024,"Uitsluitend materiele schade",2,"Bestelauto","Fiets","Flank","Kruispunt, 4 takken",30,"Niet brandend","Daglicht","Droog",\N,\N,"Polderpeil","Alphen aan den Rijn","Alphen aan den Rijn","Zuid-Holland",false,52.115568,4.660374,"material damage only","4","clear",false,1,"GM0484"
"20240084918",2024,"Uitsluitend materiele schade",2,"Fiets","Scootmobiel","Kop/staart","Rechte weg",50,"Niet brandend","Daglicht","Droog",\N,\N,"Bosrandweg","Wageningen","Wageningen","Gelderland",false,51.970716,5.691242,"material damage only","4","clear",false,1,"GM0289"
"20240087560",2024,"Letsel",2,"Personenauto","Fiets","Flank","Kruispunt, 4 takken",50,"Brandend","Duisternis","Droog",\N,\N,"Laaressingel","Enschede","Enschede","Overijssel",false,52.226748,6.909392,"injury","2","clear",false,1,"GM0153"
"20240090765",2024,"Uitsluitend materiele schade",3,"Fiets",\N,"Frontaal","Rechte weg",50,"Niet brandend","Daglicht","Droog",\N,"601112947","1e Middellandstraat","Rotterdam","Rotterdam","Zuid-Holland",true,51.91855,4.45987,"material damage only","4","clear",false,1,"GM0599"
"20240090798",2024,"Uitsluitend materiele schade",4,"Personenauto","Fiets","Flank","Kruispunt, 3 takken",50,"Niet brandend","Daglicht","Droog",\N,\N,"Kralingse Zoom","Rotterdam","Rotterdam","Zuid-Holland",false,51.922507,4.531919,"material damage only","4","clear",false,1,"GM0599"
"20240092944",2024,"Uitsluitend materiele schade",2,"Personenauto","Fiets","Onbekend","Rechte weg",50,"Niet brandend","Daglicht","Droog",\N,"600797988","De Run","Veldhoven","Veldhoven","Noord-Brabant",false,51.418106,5.423939,"material damage only","4","clear",false,1,"GM0861"
"20240098303",2024,"Letsel",2,"Personenauto","Fiets","Flank","Kruispunt, 4 takken",50,"Niet brandend","Daglicht","Droog",\N,\N,"Levendaal","Leiden","Leiden","Zuid-Holland",false,52.154871,4.496126,"injury","2","clear",false,1,"GM0546"
"20240098563",2024,"Letsel",2,"Brommobiel","Fiets","Flank","Rotonde",50,"Niet brandend","Daglicht","Droog",\N,\N,"Ringweg","Heiloo","Heiloo","Noord-Holland",false,52.604768,4.696727,"injury","2","clear",false,1,"GM0399"
"20240098565",2024,"Letsel",2,"Personenauto","Fiets","Flank","Kruispunt, 4 takken",30,"Niet brandend","Daglicht","Droog",\N,\N,"Westerstraat","Enkhuizen","Enkhuizen","Noord-Holland",false,52.702493,5.282508,"injury","2","clear",false,1,"GM0388"
"20240073365",2024,"Uitsluitend materiele schade",2,"Personenauto","Fiets","Onbekend","Kruispunt, 3 takken",30,"Niet brandend","Daglicht","Droog",\N,\N,"Ericalaan","Bergen op Zoom","Bergen op Zoom","Noord-Brabant",false,51.49387,4.305687,"material damage only","4","clear",false,1,"GM0748"
"20240074677",2024,"Uitsluitend materiele schade",2,"Personenauto","Fiets","Flank","Kruispunt, 3 takken",30,"Niet brandend","Daglicht","Droog",\N,\N,"Acaciastraat","Wijchen","Wijchen","Gelderland",false,51.807552,5.735422,"material damage only","4","clear",false,1,"GM0296"
"20240086249",2024,"Uitsluitend materiele schade",1,"Fiets",\N,"Onbekend","Rechte weg",\N,"Niet brandend","Daglicht","Droog",\N,"600754220","Pijpersdijk","De Koog","Texel","Noord-Holland",false,53.085457,4.78945,"material damage only","4","clear",false,1,"GM0448"
"20240088210",2024,"Letsel",2,"Vrachtauto","Fiets","Frontaal","Rechte weg",30,"Niet brandend","Daglicht","Droog",\N,"600743370","Marsdiep","Alphen aan den Rijn","Alphen aan den Rijn","Zuid-Holland",false,52.14601,4.654956,"injury","2","clear",false,1,"GM0484"
"20240090825",2024,"Letsel",2,"Bromfiets","Fiets","Flank","Kruispunt, 3 takken",50,"Niet aanwezig","Daglicht","Droog",\N,\N,"Beukelsdijk","Rotterdam","Rotterdam","Zuid-Holland",false,51.92186,4.460019,"injury","2","clear",false,1,"GM0599"
"20240098088",2024,"Letsel",2,"Fiets","Personenauto","Onbekend","Kruispunt, 4 takken",50,"Brandend","Duisternis","Droog",\N,\N,"Klokpoort","Leiden","Leiden","Zuid-Holland",false,52.161962,4.497679,"injury","2","clear",false,1,"GM0546"
"20240046158",2024,"Uitsluitend materiele schade",2,"Personenauto","Fiets","Onbekend","Kruispunt, 3 takken",30,"Niet brandend","Daglicht","Regen",\N,\N,"Bleeklaan","Leeuwarden","Leeuwarden","Friesland",false,53.204831,5.807647,"material damage only","4","rain",false,1,"GM0080"
"20240046808",2024,"Letsel",2,"Personenauto","Fiets","Flank","Kruispunt, 4 takken",30,"Niet brandend","Daglicht","Regen",\N,\N,"Eidereend","Emmen","Emmen","Drenthe",false,52.750012,6.883309,"injury","2","rain",false,1,"GM0114"
"20240048523",2024,"Uitsluitend materiele schade",2,"Personenauto","Fiets","Flank","Rotonde",50,"Niet brandend","Daglicht","Droog",\N,\N,"Hindersteinlaan","Vleuten","Utrecht","Utrecht",false,52.103818,5.021109,"material damage only","4","clear",false,1,"GM0344"
"20240073433",2024,"Letsel",2,"Snorfiets","e-bike","Flank","Kruispunt, 4 takken",50,"Niet brandend","Daglicht","Droog",\N,\N,"Mullerlaan","Veldhoven","Veldhoven","Noord-Brabant",false,51.409266,5.390207,"injury","2","clear",false,1,"GM0861"
"20240078633",2024,"Letsel",2,"Personenauto","Fiets","Flank","Rechte weg",30,"Niet brandend","Daglicht","Droog",\N,"600730313","Lammenschansweg","Leiden","Leiden","Zuid-Holland",false,52.14619,4.49107,"injury","2","clear",false,1,"GM0546"
"20240079827",2024,"Uitsluitend materiele schade",2,"Motor","Fiets","Flank","Kruispunt, 4 takken",30,"Niet brandend","Daglicht","Droog",\N,\N,"Reguliersbreestraat","Amsterdam","Amsterdam","Noord-Holland",false,52.366946,4.893524,"material damage only","4","clear",false,1,"GM0363"
"20240093589",2024,"Uitsluitend materiele schade",2,"Bestelauto","Fiets","Onbekend","Kruispunt, 3 takken",30,"Niet brandend","Daglicht","Regen",\N,\N,"Gasthuisstraat","Barneveld","Barneveld","Gelderland",false,52.143944,5.588906,"material damage only","4","rain",false,1,"GM0203"
"20240093936",2024,"Letsel",2,"Fiets","Fiets","Flank","Rechte weg",50,"Niet brandend","Daglicht","Droog",\N,"600681075","FIETSPAD","Ommen","Ommen","Overijssel",false,52.515243,6.412907,"injury","2","clear",false,1,"GM0175"
"20240096318",2024,"Uitsluitend materiele schade",2,"Bus","Fiets","Flank","Rotonde",50,"Niet brandend","Daglicht","Droog",\N,\N,"Valutaboulevard","Amersfoort","Amersfoort","Utrecht",false,52.188739,5.4152,"material damage only","4","clear",false,1,"GM0307"
"20240098682",2024,"Letsel",2,"Motor","Fiets","Flank","Kruispunt, 3 takken",50,"Niet brandend","Daglicht","Droog",\N,\N,"Machineweg","Aalsmeer","Amstelveen","Noord-Holland",false,52.266039,4.800698,"injury","2","clear",false,1,"GM0362"
"20240043333",2024,"Letsel",2,"Personenauto","Fiets","Flank","Rotonde",50,"Niet brandend","Daglicht","Droog",\N,\N,"Dr. J.M. den Uylsingel","Alphen aan den Rijn","Alphen aan den Rijn","Zuid-Holland",false,52.128611,4.654174,"injury","2","clear",false,1,"GM0484"
"20240043335",2024,"Letsel",2,"Fiets","Overig vast object","Vast voorwerp","Bocht",30,"Niet aanwezig","Daglicht","Droog",\N,"600921219","François Aragostraat","Oegstgeest","Oegstgeest","Zuid-Holland",false,52.168619,4.448296,"injury","2","clear",false,1,"GM0579"
"20240043336",2024,"Letsel",2,"Fiets","Personenauto","Onbekend","Rotonde",50,"Niet brandend","Daglicht","Regen",\N,\N,"D.C. Meesstraat","Spijkenisse","Nissewaard","Zuid-Holland",false,51.848723,4.331179,"injury","2","rain",false,1,"GM1930"
"20240045537",2024,"Uitsluitend materiele schade",2,"Personenauto","Fiets","Onbekend","Rechte weg",30,"Niet brandend","Daglicht","Droog",\N,"600847505","Oude Keulsebaan","Roermond","Roermond","Limburg",false,51.173223,6.015145,"material damage only","4","clear",false,1,"GM0957"
"20240048578",2024,"Uitsluitend materiele schade",2,"Snorfiets","e-bike","Frontaal","Kruispunt, 4 takken",30,"Niet brandend","Daglicht","Droog",\N,\N,"Groest","Hilversum","Hilversum","Noord-Holland",false,52.22413,5.177595,"material damage only","4","clear",false,1,"GM0402"
"20240049189",2024,"Uitsluitend materiele schade",2,"Bestelauto","Fiets","Onbekend","Rechte weg",50,"Niet brandend","Daglicht","Droog",\N,"266332006","Herenweg","Breukeleveen","Wijdemeren","Noord-Holland",false,52.177167,5.069323,"material damage only","4","clear",false,1,"GM1696"
"20240074104",2024,"Letsel",2,"Bestelauto","Fiets","Flank","Kruispunt, 4 takken",60,"Niet brandend","Daglicht","Droog",\N,\N,"Lagezoom","Renesse","Schouwen-Duiveland","Zeeland",false,51.720593,3.771793,"injury","2","clear",false,1,"GM1676"
"20240086322",2024,"Uitsluitend materiele schade",2,"Personenauto","Fiets","Flank","Rechte weg",30,"Niet brandend","Daglicht","Droog",\N,"600789409","Zomerstraat","Almere","Almere","Flevoland",false,52.399446,5.287423,"material damage only","4","clear",false,1,"GM0034"
"20240098691",2024,"Uitsluitend materiele schade",1,"Fiets",\N,"Onbekend",\N,30,\N,"Daglicht",\N,\N,"252406026","Spaarnestraat","Purmerend","Purmerend","Noord-Holland",false,52.516683,4.962572,"material damage only","4","unknown",false,1,"GM0439"
"20240098717",2024,"Letsel",2,"Personenauto","Fiets","Flank","Rotonde",30,"Niet brandend","Daglicht","Regen",\N,\N,"Linnaeusstraat","Amsterdam","Amsterdam","Noord-Holland",false,52.363217,4.923452,"injury","2","rain",false,1,"GM0363"
"20240101954",2024,"Uitsluitend materiele schade",2,"Personenauto","Fiets","Flank","Rotonde",50,"Niet brandend","Daglicht","Droog",\N,\N,"Elsenburglaan","Geleen","Sittard-Geleen","Limburg",false,50.983685,5.828217,"material damage only","4","clear",false,1,"GM1883"
"20240075819",2024,"Letsel",2,"Fiets","Voetganger","Voetganger","Rechte weg",80,"Niet aanwezig","Duisternis","Droog",\N,"600870312","Schoonhovenweg","Hollandscheveld","Hoogeveen","Drenthe",false,52.698352,6.553964,"injury","2","clear",false,1,"GM0118"
"20240088353",2024,"Letsel",1,"Fiets",\N,"Onbekend","Bocht",50,\N,"Daglicht","Droog",\N,"600723606","Van Duivenvoordelaan","Wassenaar","Wassenaar","Zuid-Holland",false,52.150116,4.409952,"injury","2","clear",false,1,"GM0629"
"20240089014",2024,"Letsel",1,"Fiets",\N,"Onbekend","Rechte weg",50,"Niet aanwezig","Daglicht","Droog",\N,"600900917","Blauweregenpad","Zoetermeer","Zoetermeer","Zuid-Holland",false,52.039788,4.463502,"injury","2","clear",false,1,"GM0637"
"20240102625",2024,"Letsel",2,"Personenauto","e-bike","Flank","Kruispunt, 3 takken",50,"Niet brandend","Daglicht","Droog",\N,\N,"Zwartvenseweg","Tilburg","Tilburg","Noord-Brabant",false,51.574656,5.038007,"injury","2","clear",false,1,"GM0855"
"20240103133",2024,"Uitsluitend materiele schade",2,"Personenauto","Fiets","Flank","Kruispunt, 3 takken",50,"Niet brandend","Daglicht","Droog",\N,\N,"Americaanseweg","Horst","Horst aan de Maas","Limburg",false,51.449411,6.042164,"material damage only","4","clear",false,1,"GM1507"
"20240098780",2024,"Letsel",2,"Fiets","Fiets","Flank","Rechte weg",80,"Niet brandend","Daglicht","Droog",\N,"600283495","Heilooër Zeeweg","Egmond aan den Hoef","Bergen (NH)","Noord-Holland",false,52.617539,4.647996,"injury","2","clear",false,1,\N
"20240045614",2024,"Letsel",2,"Personenauto","Fiets","Flank","Rechte weg",50,"Niet brandend","Daglicht","Droog",\N,"600456829","Randweg","Heeze","Heeze-Leende","Noord-Brabant",false,51.373019,5.571742,"injury","2","clear",false,1,"GM1658"
"20240072682",2024,"Uitsluitend materiele schade",2,"Fiets",\N,"Frontaal","Rechte weg",30,"Niet brandend","Daglicht","Droog","Tunnel","319168102","Beukenlaan","Eindhoven","Eindhoven","Noord-Brabant",false,51.44828,5.452621,"material damage only","4","clear",false,1,"GM0772"
"20240073570",2024,"Uitsluitend materiele schade",2,"Fiets","Personenauto","Onbekend","Kruispunt, 4 takken",50,"Niet brandend","Daglicht","Droog",\N,\N,"Nijmeegseweg","Venlo","Venlo","Limburg",false,51.38612,6.1775,"material damage only","4","clear",false,1,"GM0983"
"20240081897",2024,"Letsel",2,"Fiets","Personenauto","Kop/staart","Rechte weg",50,"Niet brandend","Daglicht","Droog",\N,"187277104","Djeroekstraat","Rotterdam","Rotterdam","Zuid-Holland",false,51.931511,4.495119,"injury","2","clear",false,1,"GM0599"
"20240087754",2024,"Letsel",1,"Fiets",\N,"Frontaal","Rechte weg",50,"Niet brandend","Daglicht","Droog",\N,\N,"Peperstraat","Bruchem","Zaltbommel","Gelderland",false,51.791717,5.251532,"injury","2","clear",false,1,"GM0297"
"20240089066",2024,"Uitsluitend materiele schade",2,"Personenauto","Fiets","Flank","Rechte weg",50,"Brandend","Daglicht","Regen",\N,\N,"Lijnbaan","'s-Gravenhage","'s-Gravenhage","Zuid-Holland",false,52.073787,4.29791,"material damage only","4","rain",false,1,"GM0518"
"20240100148",2024,"Letsel",2,"Scootmobiel","Fiets","Frontaal","Rechte weg",30,"Niet brandend","Daglicht","Droog",\N,"162309063","Herderstraat","'s-Gravenhage","'s-Gravenhage","Zuid-Holland",false,52.074298,4.310169,"injury","2","clear",false,1,"GM0518"
"20240050588",2024,"Letsel",1,"Fiets",\N,"Eenzijdig","Bocht",50,"Niet brandend","Daglicht","Droog",\N,\N,"FIETSPAD","Waddinxveen","Gouda","Zuid-Holland",false,52.028115,4.678859,"injury","2","clear",false,1,"GM0513"
"20240072723",2024,"Uitsluitend materiele schade",2,"Fiets","Fiets","Flank","Kruispunt, 3 takken",60,"Niet aanwezig","Daglicht","Droog",\N,\N,"Krimweg","Koningsbosch","Echt-Susteren","Limburg",false,51.06148,5.938967,"material damage only","4","clear",false,1,"GM1711"
"20240077581",2024,"Uitsluitend materiele schade",2,"Motor","Fiets","Frontaal","Kruispunt, 4 takken",50,"Niet brandend","Daglicht","Droog",\N,\N,"Pijperlaan","Utrecht","Utrecht","Utrecht",false,52.081043,5.089898,"material damage only","4","clear",false,1,"GM0344"
"20240094918",2024,"Letsel",2,"Bromfiets","Fiets","Flank","Rechte weg",50,"Niet brandend","Daglicht","Droog",\N,"386287003","Oude Zevenaarseweg","Arnhem","Arnhem","Gelderland",false,51.976209,5.948934,"injury","2","clear",false,1,"GM0202"
"20240095427",2024,"Letsel",1,"Fiets",\N,"Onbekend","Rechte weg",30,"Niet brandend","Daglicht","Droog",\N,"271311080","Westplein","Utrecht","Utrecht","Utrecht",false,52.089522,5.104111,"injury","2","clear",false,1,"GM0344"
"20240098875",2024,"Uitsluitend materiele schade",2,"Personenauto","Fiets","Los voorwerp","Kruispunt, 4 takken",30,"Niet brandend","Daglicht","Droog",\N,\N,"Slotermeerlaan","Amsterdam","Amsterdam","Noord-Holland",false,52.383427,4.819317,"material damage only","4","clear",false,1,"GM0363"
"20240100541",2024,"Letsel",2,"Fiets","Personenauto","Flank","Kruispunt, 3 takken",50,"Niet brandend","Daglicht","Droog",\N,\N,"Lisztstraat","'s-Gravenhage","'s-Gravenhage","Zuid-Holland",false,52.05531,4.239273,"injury","2","clear",false,1,"GM0518"
"20240100552",2024,"Uitsluitend materiele schade",2,"Snorfiets","Fiets","Onbekend","Kruispunt, 4 takken",50,"Niet aanwezig","Daglicht","Regen",\N,\N,"van Vredenburchweg","Rijswijk","Rijswijk","Zuid-Holland",false,52.042759,4.308487,"material damage only","4","rain",false,1,\N
"20240100860",2024,"Letsel",2,"Fiets","Vrachtauto","Geparkeerd voertuig","Rechte weg",30,"Niet brandend","Daglicht","Droog",\N,"187328183","Langegracht","Leiden","Leiden","Zuid-Holland",false,52.163437,4.492145,"injury","2","clear",false,1,"GM0546"
"20230176285",2023,"Letsel",2,"Personenauto","Fiets","Onbekend","Kruispunt, 4 takken",\N,"Brandend","Duisternis",\N,\N,\N,"Koningsweg","Utrecht","Utrecht","Utrecht",false,52.072802,5.148096,"injury","2","unknown",false,1,"GM0344"
"20240085207",2024,"Letsel",2,"Motor","Fiets","Onbekend","Kruispunt, 4 takken",50,"Niet brandend","Daglicht","Droog",\N,\N,"Hendrik Munniklaan","Ermelo","Ermelo","Gelderland",false,52.291277,5.622995,"injury","2","clear",false,1,"GM0233"