"accident_id","year","severity_raw","party_count","party1_type","party2_type","accident_type","road_situation","speed_limit_kmh","road_lighting","light_condition_label","weather_raw","infra_type","road_segment_id","street_name","place_name","gemeente_name_raw","province","alcohol_indicated","latitude","longitude","severity_label","severity_code","weather_label","built_up_area","cyclists_involved","gemeente_code"
"20240143877",2024,"Letsel",3,"Personenauto","Fiets","Onbekend","Kruispunt, 4 takken",50,"Brandend","Schemer","Regen",\N,\N,"Burchtlaan","Wassenaar","Wassenaar","Zuid-Holland",false,52.138934,4.396208,"injury","2","rain",false,1,"GM0629"
"20240143350",2024,"Letsel",1,"Fiets",\N,"Onbekend","Bocht",50,"Niet brandend","Daglicht","Droog",\N,"600613332","FIETSPAD","Moerkapelle","Zuidplas","Zuid-Holland",false,52.059946,4.575676,"injury","2","clear",false,1,"GM1892"
"20240136087",2024,"Uitsluitend materiele schade",2,"Personenauto","Fiets","Flank","Rotonde",50,"Niet brandend","Daglicht","Droog",\N,\N,"Heemraadssingel","Rotterdam","Rotterdam","Zuid-Holland",false,51.921046,4.455016,"material damage only","4","clear",false,1,"GM0599"
"20240141968",2024,"Uitsluitend materiele schade",2,"Personenauto","Fiets","Onbekend","Kruispunt, 3 takken",30,"Brandend","Daglicht","Droog",\N,\N,"Vrolikstraat","Amsterdam","Amsterdam","Noord-Holland",false,52.358495,4.926117,"material damage only","4","clear",false,1,"GM0363"
"20240149037",2024,"Letsel",2,"Personenauto","Fiets","Flank","Kruispunt, 3 takken",50,"Brandend","Duisternis","Droog",\N,\N,"Dilgtweg","Haren Gn","Groningen","Groningen",false,53.185415,6.600588,"injury","2","clear",false,1,"GM0014"
"20240150678",2024,"Letsel",2,"Personenauto","Fiets","Onbekend","Rechte weg",30,"Niet brandend","Daglicht","Droog",\N,"275311115","Wilhelminapark","Utrecht","Utrecht","Utrecht",false,52.087989,5.138596,"injury","2","clear",false,1,"GM0344"
"20240143070",2024,"Letsel",2,"Fiets","Bestelauto","Flank","Kruispunt, 3 takken",30,"Niet brandend","Daglicht","Droog",\N,\N,"Dijckerwaal","'s-Gravenzande","Westland","Zuid-Holland",false,51.992531,4.183473,"injury","2","clear",false,1,"GM1783"
"20240148292",2024,"Uitsluitend materiele schade",2,"Fiets","Personenauto","Flank","Rechte weg",50,"Niet brandend","Daglicht","Droog","Spoorwegovergang","600876311","Bornerbroeksestraat","Almelo","Almelo","Overijssel",false,52.332221,6.656183,"material damage only","4","clear",false,1,"GM0141"
"20240145717",2024,"Uitsluitend materiele schade",2,"Personenauto","Fiets","Onbekend","Rotonde",50,"Brandend","Duisternis","Regen",\N,\N,"Jhr. Van Karnebeekweg","Ridderkerk","Ridderkerk","Zuid-Holland",false,51.870808,4.591075,"material damage only","4","rain",false,1,"GM0597"
"20240146629",2024,"Letsel",1,"Fiets",\N,"Onbekend","Kruispunt, 4 takken",30,"Niet brandend","Daglicht","Droog",\N,\N,"Haagweg","Limbricht","Sittard-Geleen","Limburg",false,51.009172,5.837932,"injury","2","clear",false,1,"GM1883"
"20240145914",2024,"Letsel",2,"Bestelauto","Fiets","Flank","Kruispunt, 4 takken",50,"Brandend","Daglicht","Regen",\N,\N,"Bronkhorst","Rotterdam","Rotterdam","Zuid-Holland",false,51.874384,4.496829,"injury","2","rain",false,1,"GM0599"
"20240146524",2024,"Uitsluitend materiele schade",2,"Personenauto","Fiets","Flank","Kruispunt, 3 takken",30,"Brandend","Duisternis","Droog",\N,\N,"Lissabonlaan","Sittard","Sittard-Geleen","Limburg",false,50.994072,5.842289,"material damage only","4","clear",false,1,"GM1883"
"20240147188",2024,"Uitsluitend materiele schade",2,"Personenauto","Fiets","Flank","Rechte weg",50,"Niet brandend","Daglicht","Droog",\N,\N,"Hof van Steketee","Bergen op Zoom","Bergen op Zoom","Noord-Brabant",false,51.497853,4.276629,"material damage only","4","clear",false,1,"GM0748"
"20240135666",2024,"Letsel",2,"Fiets","Personenauto","Flank","Kruispunt, 3 takken",30,"Niet aanwezig","Daglicht","Droog",\N,\N,"2e Barendrechtseweg","Barendrecht","Barendrecht","Zuid-Holland",false,51.855683,4.536345,"injury","2","clear",false,1,"GM0489"
"20240144181",2024,"Uitsluitend materiele schade",2,\N,"Fiets","Frontaal","Rechte weg",50,"Brandend","Duisternis","Regen",\N,"600636051","Bos en Lommerplein","Amsterdam","Amsterdam","Noord-Holland",false,52.378251,4.846762,"material damage only","4","rain",false,1,"GM0363"
"20240147204",2024,"Letsel",2,"Fiets","Fiets","Onbekend",\N,50,\N,"Schemer",\N,\N,"223200023","Tramsingel","Breda","Breda","Noord-Brabant",false,51.591144,4.766978,"injury","2","unknown",false,1,"GM0758"
"20240149673",2024,"Letsel",2,"Personenauto","Fiets","Flank","Kruispunt, 3 takken",50,"Niet brandend","Daglicht","Droog",\N,\N,"Breelaan","Ede","Ede","Gelderland",false,52.040982,5.672116,"injury","2","clear",false,1,"GM0228"
"20240144240",2024,"Letsel",1,"Fiets",\N,"Onbekend","Rechte weg",30,"Niet brandend","Daglicht","Regen",\N,\N,"Min Van den Tempellaan","Rijswijk","Rijswijk","Zuid-Holland",false,52.037663,4.308633,"injury","2","rain",false,1,\N
"20240148875",2024,"Letsel",2,"Fiets","Bromfiets","Onbekend","Bocht",\N,"Niet brandend","Daglicht","Droog",\N,"453524002","Asserstraat","Zuidvelde","Noordenveld","Drenthe",false,53.042574,6.459935,"injury","2","clear",false,1,"GM1699"
"20240133903",2024,"Letsel",2,"Fiets","Fiets","Voetganger","Rechte weg",30,"Niet brandend","Daglicht","Regen",\N,"210325103","Klompenmaker","Alphen aan den Rijn","Alphen aan den Rijn","Zuid-Holland",false,52.152824,4.658115,"injury","2","rain",false,1,"GM0484"
"20240147592",2024,"Uitsluitend materiele schade",2,"Fiets","Personenauto","Los voorwerp","Rechte weg",30,"Niet brandend","Daglicht","Droog",\N,"393041074","Eurenderweg","Heerlen","Heerlen","Limburg",false,50.874184,5.981758,"material damage only","4","clear",false,1,"GM0917"
"20240148935",2024,"Uitsluitend materiele schade",2,"Personenauto","Fiets","Flank","Rotonde",50,"Niet brandend","Daglicht","Droog",\N,\N,"Diepenveenseweg","Deventer","Deventer","Overijssel",false,52.265876,6.155039,"material damage only","4","clear",false,1,"GM0150"
"20240149134",2024,"Uitsluitend materiele schade",2,"Bestelauto","Fiets","Flank","Kruispunt, 3 takken",50,"Niet brandend","Daglicht","Regen",\N,\N,"Slakweg","Gaanderen","Doetinchem","Gelderland",false,51.930376,6.340097,"material damage only","4","rain",false,1,"GM0222"
"20240150162",2024,"Uitsluitend materiele schade",2,"Personenauto","Fiets","Onbekend","Rechte weg",30,"Niet brandend","Daglicht","Droog",\N,"297337036","Oosterstraat","Baarn","Baarn","Utrecht",false,52.204637,5.296359,"material damage only","4","clear",false,1,"GM0308"
"20240003632",2024,"Letsel",2,"Personenauto","Fiets","Flank","Rechte weg",50,"Niet brandend","Daglicht","Droog",\N,"387343092","Zwolseweg","Apeldoorn","Apeldoorn","Gelderland",false,52.232157,5.955151,"injury","2","clear",false,1,"GM0200"
"20240009932",2024,"Letsel",1,"Fiets",\N,"Onbekend",\N,50,\N,"Schemer",\N,\N,\N,"Prof mr P S Gerbrandyweg","Leeuwarden","Leeuwarden","Friesland",false,53.212654,5.803377,"injury","2","unknown",false,1,"GM0080"
"20240010885",2024,"Letsel",2,"Personenauto","Fiets","Flank","Rotonde",50,"Niet brandend","Daglicht","Droog",\N,\N,"Soomerwegh","Castricum","Castricum","Noord-Holland",false,52.553654,4.674854,"injury","2","clear",false,1,"GM0383"
"20240155628",2024,"Uitsluitend materiele schade",2,"Personenauto","Fiets","Frontaal","Bocht",60,"Brandend","Schemer","Droog",\N,"320232049","Heesterseweg","Geffen","Oss","Noord-Brabant",false,51.734295,5.465098,"material damage only","4","clear",false,1,"GM0828"
"20230112274",2023,"Letsel",2,"Personenauto","Fiets","Flank","Rotonde",50,"Niet brandend","Daglicht","Droog",\N,\N,"Prinses Beatrixlaan","Alphen aan den Rijn","Alphen aan den Rijn","Zuid-Holland",false,52.134669,4.651569,"injury","2","clear",false,1,"GM0484"
"20240001648",2024,"Letsel",2,"Personenauto","Fiets","Onbekend","Rechte weg",30,"Niet brandend","Daglicht","Droog",\N,\N,"Janswaal","Hoogvliet Rotterdam","Rotterdam","Zuid-Holland",false,51.857418,4.373763,"injury","2","clear",false,1,"GM0599"
"20240011256",2024,"Letsel",2,"Personenauto","Fiets","Onbekend","Rotonde",50,"Brandend","Duisternis","Regen",\N,\N,"Lucas Bolsstraat","Nieuw-Vennep","Haarlemmermeer","Noord-Holland",false,52.272173,4.631166,"injury","2","rain",false,1,"GM0394"
"20240016772",2024,"Uitsluitend materiele schade",2,"Personenauto","Fiets","Flank","Kruispunt, 4 takken",30,"Niet brandend","Daglicht","Droog",\N,\N,"Porporastraat","Zwolle","Zwolle","Overijssel",false,52.527132,6.083063,"material damage only","4","clear",false,1,"GM0193"
"20230112868",2023,"Letsel",2,"Personenauto","Fiets","Frontaal","Rechte weg",30,"Brandend","Schemer","Regen",\N,"600283963","Hildebrandstraat","'s-Gravenhage","'s-Gravenhage","Zuid-Holland",false,52.052912,4.309223,"injury","2","rain",false,1,"GM0518"
"20240008885",2024,"Letsel",2,"Fiets","Fiets","Flank","Kruispunt, 3 takken",30,"Niet brandend","Daglicht","Droog",\N,\N,"Zandenlaantje","Heerenveen","Heerenveen","Friesland",false,52.946586,5.927296,"injury","2","clear",false,1,"GM0074"
"20240012473",2024,"Uitsluitend materiele schade",2,"Fiets","Personenauto","Onbekend","Kruispunt, 4 takken",50,"Brandend","Schemer",\N,\N,\N,"Theresiastraat","'s-Gravenhage","'s-Gravenhage","Zuid-Holland",false,52.082432,4.328954,"material damage only","4","unknown",false,1,"GM0518"
"20240021541",2024,"Uitsluitend materiele schade",2,\N,"Fiets","Kop/staart","Rechte weg",50,"Brandend","Duisternis","Droog",\N,"601132547","Noord","Schagen","Schagen","Noord-Holland",false,52.787817,4.794974,"material damage only","4","clear",false,1,"GM0441"
"20240021567",2024,"Letsel",2,"Personenauto","Fiets","Flank","Kruispunt, 4 takken",50,"Niet brandend","Daglicht","Regen",\N,\N,"Ds Martin Luther Kingweg","Purmerend","Purmerend","Noord-Holland",false,52.524226,4.961902,"injury","2","rain",false,1,"GM0439"
"20230111707",2023,"Letsel",2,"Fiets","Lichtmast","Vast voorwerp","Rechte weg",30,"Brandend","Duisternis","Regen",\N,"223432162","Kanaalkade","Alkmaar","Alkmaar","Noord-Holland",false,52.632575,4.752312,"injury","2","rain",false,1,"GM0361"
"20240007756",2024,"Letsel",2,"Personenauto","Fiets","Frontaal","Kruispunt, 4 takken",30,"Niet brandend","Daglicht","Droog",\N,\N,"Lehárstraat","'s-Gravenhage","'s-Gravenhage","Zuid-Holland",false,52.061582,4.237919,"injury","2","clear",false,1,"GM0518"
"20240022447",2024,"Letsel",2,"Fiets","Personenauto","Flank","Rechte weg",50,"Brandend","Duisternis","Droog",\N,"187277103","Boezemstraat","Rotterdam","Rotterdam","Zuid-Holland",false,51.931725,4.49764,"injury","2","clear",false,1,"GM0599"
"20240022554",2024,"Letsel",2,"Personenauto","Fiets","Onbekend","Kruispunt, 3 takken",30,"Niet brandend","Daglicht","Droog",\N,\N,"Oranjelaan","Etten-Leur","Etten-Leur","Noord-Brabant",false,51.571776,4.641347,"injury","2","clear",false,1,"GM0777"
"20230110003",2023,"Letsel",2,"Personenauto","Fiets","Frontaal","Bocht",30,"Niet brandend","Daglicht","Droog",\N,"600383805","Oude Kerkstraat","Boxtel","Boxtel","Noord-Brabant",false,51.589863,5.32613,"injury","2","clear",false,1,"GM0757"
"20240001258",2024,"Uitsluitend materiele schade",2,"Personenauto","Fiets","Flank","Kruispunt, 4 takken",50,"Brandend","Schemer","Regen",\N,\N,"Klarinetsingel","Zwijndrecht","Zwijndrecht","Zuid-Holland",false,51.823295,4.603915,"material damage only","4","rain",false,1,"GM0642"
"20240011388",2024,"Uitsluitend materiele schade",2,"Fiets","Personenauto","Flank","Rotonde",30,"Niet brandend","Daglicht","Droog",\N,\N,"Amersfoortsestraatweg","Naarden","Gooise Meren","Noord-Holland",false,52.287507,5.173026,"material damage only","4","clear",false,1,"GM1942"
"20240023276",2024,"Letsel",1,"Fiets",\N,"Eenzijdig","Bocht",30,"Niet brandend","Daglicht","Droog",\N,"600398085","Slag Vlugtenburg","'s-Gravenzande","Westland","Zuid-Holland",false,52.000499,4.133075,"injury","2","clear",false,1,"GM1783"
"20240151770",2024,"Uitsluitend materiele schade",2,"Personenauto","Fiets","Flank","Kruispunt, 4 takken",30,"Niet brandend","Daglicht","Droog",\N,\N,"Talingweg","Apeldoorn","Apeldoorn","Gelderland",false,52.199881,5.97051,"material damage only","4","clear",false,1,"GM0200"
"20240153079",2024,"Uitsluitend materiele schade",2,"Fiets","Bromfiets","Flank","Kruispunt, 4 takken",30,"Brandend","Duisternis","Droog",\N,\N,"Nobelweg","Amsterdam","Amsterdam","Noord-Holland",false,52.350174,4.924919,"material damage only","4","clear",false,1,"GM0363"
"20230112963",2023,"Letsel",2,"Personenauto","Fiets","Flank","Rechte weg",30,"Niet brandend","Daglicht","Droog",\N,"143298044","Molenstraat","Monster","Westland","Zuid-Holland",false,52.023873,4.172556,"injury","2","clear",false,1,"GM1783"
"20240005582",2024,"Uitsluitend materiele schade",2,"Personenauto","Fiets","Flank","Rechte weg",50,"Brandend","Duisternis","Droog",\N,"352407006","De West","Dronten","Dronten","Flevoland",false,52.521388,5.697815,"material damage only","4","clear",false,1,"GM0303"
"20240005596",2024,"Letsel",2,"Personenauto","Fiets","Onbekend","Kruispunt, 4 takken",50,"Brandend","Duisternis","Droog",\N,\N,"Kruisweg","Cruquius","Haarlemmermeer","Noord-Holland",false,52.337548,4.636955,"injury","2","clear",false,1,"GM0394"
"20240023866",2024,"Uitsluitend materiele schade",2,"Fiets","Fiets","Onbekend","Rechte weg",\N,"Niet brandend","Daglicht","Droog",\N,"600611253","Burg. Van Woenseldreef","Hapert","Bladel","Noord-Brabant",false,51.372352,5.257397,"material damage only","4","clear",false,1,"GM1728"
"20240151809",2024,"Letsel",2,"Personenauto","Fiets","Flank","Rechte weg",50,"Brandend","Duisternis","Droog",\N,"378284015","Batavierenweg","Arnhem","Arnhem","Gelderland",false,51.966124,5.887647,"injury","2","clear",false,1,"GM0202"
"20240155006",2024,"Letsel",2,"Personenauto","Fiets","Flank","Rotonde",50,"Brandend","Duisternis","Regen",\N,\N,"Kennedylaan","Nieuwkoop","Nieuwkoop","Zuid-Holland",false,52.148422,4.772809,"injury","2","rain",false,1,"GM0569"
"20230110663",2023,"Uitsluitend materiele schade",2,"Personenauto","Fiets","Flank","Kruispunt, 3 takken",50,"Niet brandend","Daglicht","Regen",\N,\N,"Axelsestraat","Terneuzen","Terneuzen","Zeeland",false,51.324758,3.83915,"material damage only","4","rain",false,1,"GM0715"
"20240006302",2024,"Uitsluitend materiele schade",2,"Bestelauto","Fiets","Flank","Kruispunt, 3 takken",50,"Brandend","Duisternis","Droog",\N,\N,"Hoefblad","Zwaag","Hoorn","Noord-Holland",false,52.667435,5.044396,"material damage only","4","clear",false,1,"GM0405"
"20240017653",2024,"Uitsluitend materiele schade",2,"Personenauto","Fiets","Flank","Kruispunt, 4 takken",30,"Niet brandend","Daglicht","Droog",\N,\N,"Engelenstraat","Heerenveen","Heerenveen","Friesland",false,52.955925,5.932633,"material damage only","4","clear",false,1,"GM0074"
"20240001888",2024,"Letsel",2,"Bromfiets","Fiets","Frontaal","Rechte weg",50,"Brandend","Schemer","Regen",\N,"600669155","Noordzeeweg","Groningen","Groningen","Groningen",false,53.239713,6.568297,"injury","2","rain",false,1,"GM0014"
"20240010229",2024,"Letsel",2,"Personenauto","Fiets","Los voorwerp","Kruispunt, 4 takken",50,"Niet brandend","Daglicht","Regen",\N,\N,"Oude Schans","Delfzijl","Eemsdelta","Groningen",false,53.329164,6.923963,"injury","2","rain",false,1,"GM1979"
"20240017627",2024,"Uitsluitend materiele schade",2,"Personenauto","Fiets","Flank","Kruispunt, 3 takken",30,"Niet brandend","Daglicht","Droog",\N,\N,"Fazantstraat","Wijchen","Wijchen","Gelderland",false,51.815027,5.726842,"material damage only","4","clear",false,1,"GM0296"
"20240019103",2024,"Uitsluitend materiele schade",2,"Personenauto","Fiets","Flank","Kruispunt, 3 takken",50,"Niet brandend","Daglicht","Droog",\N,\N,"Nieuwe Steen","Hoorn","Hoorn","Noord-Holland",false,52.655489,5.064092,"material damage only","4","clear",false,1,"GM0405"
"20240004629",2024,"Uitsluitend materiele schade",2,"Personenauto","e-bike","Kop/staart","Kruispunt, 4 takken",50,"Niet brandend","Daglicht","Droog",\N,\N,"Oostzeestraat","Kampen","Kampen","Overijssel",false,52.558601,5.906684,"material damage only","4","clear",false,1,"GM0166"
"20240018412",2024,"Uitsluitend materiele schade",2,"Personenauto","Fiets","Flank","Rechte weg",30,"Niet brandend","Daglicht","Droog",\N,"280355032","Amersfoortsestraatweg","Naarden","Gooise Meren","Noord-Holland",false,52.286173,5.175004,"material damage only","4","clear",false,1,"GM1942"
"20240018824",2024,"Uitsluitend materiele schade",2,"Personenauto","Fiets","Flank","Rechte weg",50,"Niet brandend","Daglicht","Droog",\N,"601049342","Airborne Avenue","Hoofddorp","Haarlemmermeer","Noord-Holland",false,52.282569,4.696743,"material damage only","4","clear",false,1,"GM0394"
"20240021397",2024,"Uitsluitend materiele schade",2,"Fiets","Voetganger","Voetganger","Bocht",30,"Brandend","Duisternis","Regen",\N,"242373231","Koningsplein","Amsterdam","Amsterdam","Noord-Holland",false,52.367246,4.889778,"material damage only","4","rain",false,1,"GM0363"
"20240010292",2024,"Letsel",2,"Fiets","Fiets","Frontaal","Rechte weg",30,"Brandend","Duisternis","Droog",\N,"600397359","Vismarkt","Groningen","Groningen","Groningen",false,53.217385,6.564925,"injury","2","clear",false,1,"GM0014"
"20240022842",2024,"Letsel",2,"Personenauto","Fiets","Geparkeerd voertuig","Rechte weg",30,"Niet brandend","Duisternis","Droog",\N,"183274110","West-Kruiskade","Rotterdam","Rotterdam","Zuid-Holland",false,51.920643,4.470283,"injury","2","clear",false,1,"GM0599"
"20230107848",2023,"Uitsluitend materiele schade",2,"Fiets","Personenauto","Flank","Kruispunt, 3 takken",50,"Niet brandend","Schemer","Droog",\N,\N,"Vijverlaan","Krimpen aan den IJssel","Krimpen aan den IJssel","Zuid-Holland",false,51.918191,4.61932,"material damage only","4","clear",false,1,"GM0542"
"20230109014",2023,"Uitsluitend materiele schade",3,"Fiets","Fiets","Frontaal","Rechte weg",30,"Brandend","Duisternis","Regen",\N,"281314031","Dorpsstr vo Steenstr","De Bilt","De Bilt","Utrecht",true,52.103993,5.181575,"material damage only","4","rain",false,1,"GM0310"
"20240156863",2024,"Uitsluitend materiele schade",2,"Bromfiets","Fiets","Frontaal","Rotonde",50,"Brandend","Duisternis","Droog",\N,\N,"'t Dorp","Heesch","Bernheze","Noord-Brabant",false,51.736338,5.535042,"material damage only","4","clear",false,1,"GM1721"
"20240004729",2024,"Letsel",2,"Bus","Fiets","Flank","Rechte weg",50,"Niet brandend","Daglicht","Droog",\N,"508346036","Hengelosestraat","Enschede","Enschede","Overijssel",false,52.239241,6.846727,"injury","2","clear",false,1,"GM0153"
"20240023073",2024,"Letsel",2,"Personenauto","Fiets","Flank","Kruispunt, 3 takken",30,"Niet brandend","Daglicht","Regen",\N,\N,"Zijlsingel","Leiden","Leiden","Zuid-Holland",false,52.158312,4.504648,"injury","2","rain",false,1,"GM0546"
"20240013643",2024,"Letsel",2,"Personenauto","Fiets","Geparkeerd voertuig","Rechte weg",30,"Niet brandend","Daglicht","Droog","Parkeervoorziening","248372033","Javastraat","Amsterdam","Amsterdam","Noord-Holland",false,52.363756,4.936887,"injury","2","clear",false,1,"GM0363"
"20240015428",2024,"Letsel",2,"Personenauto","Fiets","Onbekend","Rotonde",50,"Niet brandend","Daglicht","Droog",\N,\N,"Couwenhoekseweg","Capelle aan den IJssel","Capelle aan den IJssel","Zuid-Holland",false,51.933779,4.596017,"injury","2","clear",false,1,"GM0502"
"20240011158",2024,"Letsel",2,"Personenauto","Fiets","Frontaal","Rotonde",50,"Brandend","Daglicht","Regen",\N,\N,"Laan van Berlijn","Haarlem","Haarlem","Noord-Holland",false,52.356793,4.651634,"injury","2","rain",false,1,"GM0392"
"20240014953",2024,"Letsel",2,"Personenauto","Fiets","Geparkeerd voertuig","Rechte weg",30,"Niet brandend","Daglicht","Droog",\N,"57172101","Rozengracht","Vlissingen","Vlissingen","Zeeland",false,51.449907,3.57005,"injury","2","clear",false,1,"GM0718"
"20240016865",2024,"Uitsluitend materiele schade",2,"Personenauto","Fiets","Flank","Kruispunt, 4 takken",30,"Niet brandend","Daglicht","Droog",\N,\N,"Weerdstraat","Meppel","Meppel","Drenthe",false,52.69387,6.187345,"material damage only","4","clear",false,1,"GM0119"
"20230110333",2023,"Uitsluitend materiele schade",2,"Personenauto","Fiets","Flank","Kruispunt, 4 takken",50,"Brandend","Duisternis","Droog",\N,\N,"Weteringlaan","Tilburg","Tilburg","Noord-Brabant",false,51.542794,5.039229,"material damage only","4","clear",false,1,"GM0855"
"20240015509",2024,"Letsel",2,"Fiets","Personenauto","Onbekend","Rechte weg",60,"Niet brandend","Daglicht","Regen",\N,"151283006","Oudecampsweg","De Lier","Westland","Zuid-Holland",false,51.956486,4.231378,"injury","2","rain",false,1,"GM1783"
"20240016900",2024,"Letsel",1,"Fiets",\N,"Onbekend","Rechte weg",30,"Niet brandend","Daglicht","Droog",\N,\N,"Dokter Mansholtweg","Tolbert","Westerkwartier","Groningen",false,53.17174,6.369209,"injury","2","clear",false,1,"GM1969"
"20240017148",2024,"Uitsluitend materiele schade",2,"Personenauto","Fiets","Flank","Kruispunt, 3 takken",30,"Niet brandend","Daglicht","Regen",\N,\N,"Rottumerooglaan","Enschede","Enschede","Overijssel",false,52.20267,6.890103,"material damage only","4","rain",false,1,"GM0153"
"20240152791",2024,"Uitsluitend materiele schade",2,"Personenauto","Fiets","Flank","Rotonde",50,"Niet brandend","Schemer","Droog",\N,\N,"Venneperweg","Nieuw-Vennep","Haarlemmermeer","Noord-Holland",false,52.268826,4.626396,"material damage only","4","clear",false,1,"GM0394"
"20240153431",2024,"Uitsluitend materiele schade",2,"Personenauto","Fiets","Flank","Kruispunt, 3 takken",30,"Niet brandend","Daglicht","Regen",\N,\N,"Felix de Nobelhof","Amstelveen","Amstelveen","Noord-Holland",false,52.286094,4.830174,"material damage only","4","rain",false,1,"GM0362"
"20240013183",2024,"Letsel",2,"Personenauto","Fiets","Kop/staart","Kruispunt, 4 takken",30,"Niet brandend","Daglicht","Droog",\N,\N,"Burg Hoffscholteweg","Aalsmeer","Aalsmeer","Noord-Holland",false,52.270176,4.767855,"injury","2","clear",false,1,"GM0358"
"20240016537",2024,"Uitsluitend materiele schade",3,"Scootmobiel","Fiets","Onbekend","Kruispunt, 3 takken",30,"Niet aanwezig","Daglicht","Droog",\N,\N,"Kolhoopstraat","Emmen","Emmen","Drenthe",false,52.789337,6.895009,"material damage only","4","clear",false,1,"GM0114"
"20240024084",2024,"Uitsluitend materiele schade",2,"Personenauto","Fiets","Los voorwerp","Rotonde",30,"Niet brandend","Daglicht","Droog",\N,\N,"Fransebaan","Eindhoven","Eindhoven","Noord-Brabant",false,51.478867,5.44743,"material damage only","4","clear",false,1,"GM0772"
"20240155509",2024,"Letsel",1,"Fiets",\N,"Onbekend","Rechte weg",50,"Niet brandend","Daglicht","Droog",\N,"207308007","Zijde","Boskoop","Alphen aan den Rijn","Zuid-Holland",false,52.075456,4.643637,"injury","2","clear",false,1,"GM0484"
"20230111616",2023,"Letsel",2,"Personenauto","Fiets","Frontaal","Bocht",30,"Brandend","Schemer","Droog",\N,\N,"Neptunuslaan","Krommenie","Zaanstad","Noord-Holland",false,52.500625,4.751725,"injury","2","clear",false,1,"GM0479"
"20230112798",2023,"Letsel",1,"Fiets",\N,"Eenzijdig","Rechte weg",\N,"Niet brandend","Daglicht","Regen",\N,"217294061","Markt","Gouda","Gouda","Zuid-Holland",false,52.011911,4.711174,"injury","2","rain",false,1,"GM0513"
"20230030009",2023,"Letsel",1,"Fiets",\N,"Eenzijdig","Rechte weg",30,"Brandend","Daglicht","Droog",\N,"199356052","Hoofdstraat","Hillegom","Hillegom","Zuid-Holland",false,52.290979,4.578638,"injury","2","clear",false,1,"GM0534"
"20240029781",2024,"Letsel",1,"Fiets",\N,"Onbekend","Kruispunt, 3 takken",50,"Niet brandend","Daglicht","Droog/Harde windstoten",\N,\N,"Loosterweg","Voorhout","Teylingen","Zuid-Holland",false,52.246735,4.51661,"injury","2","unknown",false,1,"GM1525"
"20240030241",2024,"Letsel",2,"Fiets","Overig vast object","Vast voorwerp","Bocht",50,"Brandend","Duisternis","Droog",\N,"207300089","Gerstakker","Waddinxveen","Waddinxveen","Zuid-Holland",false,52.0372,4.640069,"injury","2","clear",false,1,"GM0627"
"20230068384",2023,"Letsel",2,"Fiets","Voetganger","Voetganger","Kruispunt, 4 takken",50,"Niet aanwezig","Daglicht","Regen",\N,\N,"Boszoom","Rotterdam","Rotterdam","Zuid-Holland",false,51.927568,4.534233,"injury","2","rain",false,1,"GM0599"
"20230069169",2023,"Letsel",3,"Fiets","Fiets","Onbekend","Rechte weg",30,"Niet brandend","Daglicht","Droog",\N,"222299004","Hortemansdijk","Reeuwijk","Bodegraven-Reeuwijk","Zuid-Holland",false,52.036119,4.751785,"injury","2","clear",false,1,"GM1901"
"20230015101",2023,"Letsel",2,"Bestelauto","Fiets","Kop/staart","Rechte weg",30,"Niet brandend","Daglicht","Droog",\N,"601036402","Mevrouw De Rooweg","Drachten","Smallingerland","Friesland",false,53.102296,6.095178,"injury","2","clear",false,1,"GM0090"
"20230025475",2023,"Uitsluitend materiele schade",2,"Personenauto","Fiets","Flank","Kruispunt, 4 takken",30,"Niet brandend","Daglicht","Droog",\N,\N,"Marktplein","Oud-Beijerland","Hoeksche Waard","Zuid-Holland",false,51.826996,4.411399,"material damage only","4","clear",false,1,"GM1963"
"20230026031",2023,"Letsel",2,"Snorfiets","Fiets","Kop/staart","Rechte weg",30,"Brandend","Duisternis","Droog",\N,"204254020","Bakesteinsezoom","Zwijndrecht","Zwijndrecht","Zuid-Holland",false,51.827516,4.623548,"injury","2","clear",false,1,"GM0642"
"20230028307",2023,"Uitsluitend materiele schade",2,"Fiets","Fiets","Frontaal","Rechte weg",30,"Brandend","Daglicht","Droog","Tunnel","600524371","Lunetstraat","Breda","Breda","Noord-Brabant",true,51.592581,4.756964,"material damage only","4","clear",false,1,"GM0758"
"20230034726",2023,"Uitsluitend materiele schade",2,"Personenauto","Fiets","Flank","Kruispunt, 4 takken",30,"Niet brandend","Daglicht","Droog",\N,\N,"Hoofdstraat","Kesteren","Neder-Betuwe","Gelderland",false,51.932995,5.574312,"material damage only","4","clear",false,1,"GM1740"
"20230066992",2023,"Uitsluitend materiele schade",2,"Personenauto","e-bike","Flank","Kruispunt, 4 takken",50,"Niet brandend","Daglicht","Droog",\N,\N,"Kleverlaan","Haarlem","Haarlem","Noord-Holland",false,52.394222,4.640743,"material damage only","4","clear",false,1,"GM0392"
"20230016841",2023,"Uitsluitend materiele schade",2,"Fiets","Fiets","Onbekend","Rechte weg",50,"Niet brandend","Daglicht","Droog",\N,"600739348","Bloemendaalseweg","Overveen","Bloemendaal","Noord-Holland",false,52.393711,4.609931,"material damage only","4","clear",false,1,"GM0377"
"20230032581",2023,"Uitsluitend materiele schade",2,"Bestelauto","Fiets","Flank","Kruispunt, 4 takken",30,"Niet brandend","Daglicht","Droog",\N,\N,"Gringelstraat","Heerlen","Heerlen","Limburg",false,50.890346,5.980039,"material damage only","4","clear",false,1,"GM0917"