"accident_id","year","severity_raw","party_count","party1_type","party2_type","accident_type","road_situation","speed_limit_kmh","road_lighting","light_condition_label","weather_raw","infra_type","road_segment_id","street_name","place_name","gemeente_name_raw","province","alcohol_indicated","latitude","longitude","severity_label","severity_code","weather_label","built_up_area","cyclists_involved","gemeente_code"
"20230032713",2023,"Uitsluitend materiele schade",1,"Fiets",\N,"Flank","Rotonde",50,"Niet brandend","Daglicht","Droog",\N,\N,"Graafschap Hornelaan","Weert","Weert","Limburg",false,51.254864,5.715338,"material damage only","4","clear",false,1,"GM0988"
"20230074204",2023,"Letsel",2,"Personenauto","Fiets","Flank","Kruispunt, 4 takken",30,"Niet brandend","Daglicht","Droog",\N,\N,"Kievitstraat","Lichtenvoorde","Oost Gelre","Gelderland",false,51.980749,6.553514,"injury","2","clear",false,1,"GM1586"
"20230074392",2023,"Letsel",2,"Bromfiets","Fiets","Onbekend","Kruispunt, 3 takken",\N,"Niet brandend","Daglicht","Droog",\N,\N,"Hoendiep","Groningen","Groningen","Groningen",false,53.214944,6.523707,"injury","2","clear",false,1,"GM0014"
"20230015781",2023,"Uitsluitend materiele schade",2,"Personenauto","Fiets","Flank","Kruispunt, 3 takken",50,"Niet brandend","Daglicht","Droog",\N,\N,"Drakenburgerweg","Baarn","Baarn","Utrecht",false,52.220761,5.261945,"material damage only","4","clear",false,1,"GM0308"
"20230034785",2023,"Uitsluitend materiele schade",2,"Personenauto","Fiets","Flank","Kruispunt, 4 takken",60,"Niet brandend","Daglicht","Droog",\N,\N,"Kuipersweg","Borne","Borne","Overijssel",false,52.308372,6.712709,"material damage only","4","clear",false,1,"GM0147"
"20230075822",2023,"Uitsluitend materiele schade",2,"Personenauto","Fiets","Flank","Kruispunt, 4 takken",30,"Niet brandend","Daglicht","Droog",\N,\N,"Kapteynlaan","Utrecht","Utrecht","Utrecht",false,52.106673,5.137292,"material damage only","4","clear",false,1,"GM0344"
"20230075831",2023,"Uitsluitend materiele schade",2,"Fiets","Fiets","Onbekend","Kruispunt, 4 takken",50,"Niet brandend","Daglicht","Droog",\N,\N,"FIETSPAD","Emmeloord","Noordoostpolder","Flevoland",false,52.701036,5.757224,"material damage only","4","clear",false,1,"GM0171"
"20230020415",2023,"Uitsluitend materiele schade",2,"Bestelauto","Fiets","Los voorwerp","Kruispunt, 4 takken",30,"Brandend","Duisternis",\N,\N,\N,"Sumatrastraat","Amsterdam","Amsterdam","Noord-Holland",false,52.363743,4.935524,"material damage only","4","unknown",false,1,"GM0363"
"20230020960",2023,"Uitsluitend materiele schade",2,"Fiets","Personenauto","Flank","Rechte weg",30,"Brandend","Duisternis","Droog",\N,"600903076","Burgemeester Eliasstraat","Amsterdam","Amsterdam","Noord-Holland",false,52.379879,4.826517,"material damage only","4","clear",false,1,"GM0363"
"20230031296",2023,"Uitsluitend materiele schade",2,"Personenauto","Fiets","Flank","Rotonde",50,"Niet brandend","Daglicht","Regen",\N,\N,"Sint Teunislaan","'s-Hertogenbosch","'s-Hertogenbosch","Noord-Brabant",false,51.710755,5.311703,"material damage only","4","rain",false,1,"GM0796"
"20230035281",2023,"Uitsluitend materiele schade",2,"Fiets","Personenauto","Onbekend","Kruispunt, 3 takken",50,"Niet brandend","Daglicht","Droog",\N,\N,"Groesbeekseweg","Nijmegen","Nijmegen","Gelderland",false,51.830016,5.874439,"material damage only","4","clear",false,1,"GM0268"
"20240025999",2024,"Letsel",2,"Fiets","Fiets","Onbekend","Rechte weg",60,"Niet brandend","Daglicht","Droog",\N,"454353006","Postweg","Holten","Rijssen-Holten","Overijssel",false,52.274917,6.448927,"injury","2","clear",false,1,"GM1742"
"20230016398",2023,"Uitsluitend materiele schade",2,"Fiets","Personenauto","Flank","Rechte weg",80,"Niet aanwezig","Daglicht","Droog",\N,\N,"M A Reinaldaweg","Linschoten","Montfoort","Utrecht",false,52.070192,4.90308,"material damage only","4","clear",false,1,"GM0335"
"20240027900",2024,"Letsel",2,"Fiets","Fiets","Kop/staart","Kruispunt, 4 takken",80,"Niet brandend","Daglicht","Droog",\N,\N,"Spieringweg","Cruquius","Haarlemmermeer","Noord-Holland",false,52.32959,4.647816,"injury","2","clear",false,1,"GM0394"
"20230029038",2023,"Letsel",2,"Bestelauto","Fiets","Eenzijdig","Rechte weg",50,"Brandend","Duisternis","Droog","Tankstation","163271039","Marathonweg","Vlaardingen","Vlaardingen","Zuid-Holland",false,51.90756,4.324218,"injury","2","clear",false,1,"GM0622"
"20230034481",2023,"Letsel",2,"Bromfiets","Fiets","Frontaal","Rechte weg",50,"Niet aanwezig","Daglicht","Droog",\N,"600586382","Rijksweg Oost","Sappemeer","Midden-Groningen","Groningen",false,53.168592,6.793955,"injury","2","clear",false,1,"GM1952"
"20230036296",2023,"Uitsluitend materiele schade",2,"Fiets","Personenauto","Flank","Kruispunt, 4 takken",50,"Niet brandend","Daglicht","Droog",\N,\N,"Westerweg","Purmerend","Purmerend","Noord-Holland",false,52.512968,5.001978,"material damage only","4","clear",false,1,"GM0439"
"20230067687",2023,"Letsel",2,"Fiets","Personenauto","Flank","Kruispunt, 4 takken",50,"Niet brandend","Daglicht","Droog",\N,\N,"Kastrupstraat","Amsterdam","Amsterdam","Noord-Holland",false,52.390867,4.835782,"injury","2","clear",false,1,"GM0363"
"20230079119",2023,"Letsel",2,"Snorfiets","Fiets","Flank","Rechte weg",50,"Niet brandend","Daglicht","Droog",\N,"168307127","Maanplein","'s-Gravenhage","'s-Gravenhage","Zuid-Holland",false,52.068064,4.3516,"injury","2","clear",false,1,"GM0518"
"20230077615",2023,"Letsel",2,"Brommobiel","Fiets","Frontaal","Kruispunt, 3 takken",50,"Niet brandend","Daglicht","Droog",\N,\N,"Commelinstraat","Amsterdam","Amsterdam","Noord-Holland",false,52.363167,4.923616,"injury","2","clear",false,1,"GM0363"
"20230015879",2023,"Letsel",1,"Fiets",\N,"Eenzijdig","Rechte weg",30,"Niet brandend","Daglicht","Droog",\N,"257314006","John F Kennedylaan","Vleuten","Utrecht","Utrecht",false,52.104673,5.007578,"injury","2","clear",false,1,"GM0344"
"20230036335",2023,"Uitsluitend materiele schade",2,"Fiets","Bestelauto","Flank","Kruispunt, 4 takken",30,"Niet brandend","Daglicht","Droog",\N,\N,"H J Schimmelstraat","Enkhuizen","Enkhuizen","Noord-Holland",false,52.701929,5.29373,"material damage only","4","clear",false,1,"GM0388"
"20230068300",2023,"Letsel",3,"Bromfiets","Fiets","Los voorwerp","Kruispunt, 4 takken",50,"Niet brandend","Daglicht","Regen",\N,"600712895","Wijndaelersingel","'s-Gravenhage","'s-Gravenhage","Zuid-Holland",false,52.056925,4.224645,"injury","2","rain",false,1,"GM0518"
"20230078747",2023,"Uitsluitend materiele schade",2,"Fiets","Bus","Flank","Kruispunt, 4 takken",50,"Niet brandend","Daglicht","Droog",\N,\N,"Van Baerlestraat","Amsterdam","Amsterdam","Noord-Holland",false,52.358112,4.878693,"material damage only","4","clear",false,1,"GM0363"
"20230014143",2023,"Letsel",2,"Fiets","Bromfiets","Frontaal","Bocht",50,"Niet brandend","Daglicht","Droog",\N,"317330008","Koninginneweg","Hoevelaken","Nijkerk","Gelderland",false,52.173827,5.445351,"injury","2","clear",false,1,"GM0267"
"20230021076",2023,"Letsel",3,"Vrachtauto","Fiets","Eenzijdig","Rechte weg",50,"Niet brandend","Daglicht","Regen",\N,"157313016","Frederik Hendriklaan","'s-Gravenhage","'s-Gravenhage","Zuid-Holland",false,52.093635,4.276592,"injury","2","rain",false,1,"GM0518"
"20230027365",2023,"Uitsluitend materiele schade",2,"Personenauto","Fiets","Onbekend","Kruispunt, 4 takken",50,"Niet brandend","Daglicht","Droog",\N,\N,"Trekpot","Breda","Breda","Noord-Brabant",false,51.603573,4.777262,"material damage only","4","clear",false,1,"GM0758"
"20230030843",2023,"Letsel",2,"Fiets","Personenauto","Onbekend","Rotonde",50,"Niet brandend","Daglicht","Droog",\N,\N,"Populierlaan","Veghel","Meierijstad","Noord-Brabant",false,51.621248,5.54917,"injury","2","clear",false,1,"GM1948"
"20230030848",2023,"Uitsluitend materiele schade",2,"Personenauto","e-bike","Flank","Kruispunt, 4 takken",50,"Brandend","Schemer","Regen",\N,\N,"Hertog Jan I Laan","Eindhoven","Eindhoven","Noord-Brabant",false,51.4327,5.464941,"material damage only","4","rain",false,1,"GM0772"
"20230068048",2023,"Letsel",2,"e-bike","Scootmobiel","Flank","Kruispunt, 3 takken",50,"Niet brandend","Daglicht","Droog",\N,\N,"Zeestraat","Beverwijk","Beverwijk","Noord-Holland",false,52.486823,4.634123,"injury","2","clear",false,1,"GM0375"
"20230069421",2023,"Letsel",2,"Fiets","Boom","Vast voorwerp","Rechte weg",30,"Niet brandend","Duisternis","Droog",\N,"181328021","Rhijnhofweg","Leiden","Leiden","Zuid-Holland",false,52.161453,4.450007,"injury","2","clear",false,1,"GM0546"
"20230075429",2023,"Uitsluitend materiele schade",2,"Personenauto","Fiets","Flank","Kruispunt, 4 takken",50,"Niet brandend","Daglicht","Droog",\N,\N,"Drs. F. Bijlweg","Den Helder","Den Helder","Noord-Holland",false,52.936212,4.756638,"material damage only","4","clear",false,1,"GM0400"
"20230073391",2023,"Letsel",1,"Fiets",\N,"Eenzijdig","Bocht",50,"Niet brandend","Daglicht","Regen",\N,\N,"Spoorstraat","Leeuwarden","Leeuwarden","Friesland",false,53.19755,5.805282,"injury","2","rain",false,1,"GM0080"
"20230013072",2023,"Uitsluitend materiele schade",2,"Personenauto","Fiets","Flank","Rechte weg",50,"Niet brandend","Daglicht","Droog",\N,"383289042","Klarendalseweg","Arnhem","Arnhem","Gelderland",false,51.988842,5.92227,"material damage only","4","clear",false,1,"GM0202"
"20240026693",2024,"Uitsluitend materiele schade",2,"Vrachtauto","Fiets","Onbekend",\N,50,\N,"Daglicht",\N,\N,"415445010","Olde Staphorst","Meppel","Meppel","Drenthe",false,52.688444,6.169694,"material damage only","4","unknown",false,1,"GM0119"
"20230020547",2023,"Letsel",1,"Fiets",\N,"Eenzijdig","Rechte weg",30,"Brandend","Duisternis","Droog",\N,"263360016","Stationsplein","Weesp","Amsterdam","Noord-Holland",false,52.311264,5.044563,"injury","2","clear",false,1,"GM0363"
"20230024562",2023,"Letsel",2,"Fiets","Motor","Flank","Rechte weg",50,"Niet brandend","Daglicht","Droog",\N,"235376078","Burg Vening Meineszlaan","Amsterdam","Amsterdam","Noord-Holland",false,52.382156,4.837994,"injury","2","clear",false,1,"GM0363"
"20230034970",2023,"Letsel",2,"Fiets","Voetganger","Voetganger","Rechte weg",50,"Niet brandend","Daglicht","Droog",\N,"414258003","Spijkerweg","Spijk","Zevenaar","Gelderland",false,51.850448,6.148655,"injury","2","clear",false,1,"GM0299"
"20230035430",2023,"Letsel",2,"Personenauto","Fiets","Flank","Rechte weg",50,"Niet brandend","Daglicht","Droog",\N,"466563088","Westersingel","Groningen","Groningen","Groningen",false,53.216781,6.557248,"injury","2","clear",false,1,"GM0014"
"20230069054",2023,"Letsel",2,"Bestelauto","Fiets","Geparkeerd voertuig","Rechte weg",50,"Niet brandend","Daglicht","Droog","Parkeervoorziening","158308087","Beeklaan","'s-Gravenhage","'s-Gravenhage","Zuid-Holland",false,52.071911,4.283157,"injury","2","clear",false,1,"GM0518"
"20230073884",2023,"Uitsluitend materiele schade",2,"Personenauto","Fiets","Flank","Kruispunt, 3 takken",60,"Niet brandend","Daglicht","Droog",\N,\N,"Eimersweg","Lievelde","Oost Gelre","Gelderland",false,52.017895,6.596662,"material damage only","4","clear",false,1,"GM1586"
"20240030631",2024,"Letsel",3,"Bestelauto","Fiets","Vast voorwerp","Kruispunt, 4 takken",30,"Niet brandend","Daglicht","Droog",\N,\N,"Parkstraat","Zaandijk","Zaanstad","Noord-Holland",false,52.472642,4.810369,"injury","2","clear",false,1,"GM0479"
"20230078828",2023,"Letsel",3,"Personenauto","e-bike","Flank","Kruispunt, 4 takken",50,"Brandend","Duisternis","Droog","Bus-/Tramhalte","600443369","Ringdijk BP","Amstelveen","Amstelveen","Noord-Holland",false,52.272183,4.874202,"injury","2","clear",false,1,"GM0362"
"20230013647",2023,"Uitsluitend materiele schade",2,"Fiets","Motor","Flank","Rechte weg",50,"Niet brandend","Daglicht","Droog",\N,"460372023","van den Bergsweg","Nijverdal","Hellendoorn","Overijssel",false,52.358402,6.49502,"material damage only","4","clear",false,1,"GM0163"
"20230015429",2023,"Letsel",2,"Personenauto","Fiets","Flank","Kruispunt, 3 takken",50,"Niet brandend","Daglicht","Droog",\N,\N,"Winthontlaan","Utrecht","Utrecht","Utrecht",false,52.057969,5.109925,"injury","2","clear",false,1,"GM0344"
"20230016533",2023,"Uitsluitend materiele schade",2,"Personenauto","e-bike","Flank","Rotonde",30,"Niet brandend","Daglicht","Droog",\N,\N,"Holkerweg","Amersfoort","Amersfoort","Utrecht",false,52.16987,5.390239,"material damage only","4","clear",false,1,"GM0307"
"20240027448",2024,"Letsel",2,"Fiets","Snorfiets","Flank","Rechte weg",30,"Niet brandend","Daglicht","Droog",\N,"601080856","de Dorpsvenne","Zuidhorn","Westerkwartier","Groningen",false,53.24465,6.406868,"injury","2","clear",false,1,"GM1969"
"20230036443",2023,"Letsel",3,"Overig wegmeubilair","Fiets","Eenzijdig","Rechte weg",30,"Niet brandend","Daglicht","Droog",\N,"210402115","Maerten v Heemskerckstr","Heemskerk","Heemskerk","Noord-Holland",false,52.499123,4.658545,"injury","2","clear",false,1,"GM0396"
"20230069091",2023,"Letsel",2,"Personenauto","Fiets","Frontaal","Kruispunt, 3 takken",50,"Niet aanwezig","Daglicht","Droog",\N,\N,"Neuhuyskade","'s-Gravenhage","'s-Gravenhage","Zuid-Holland",false,52.08902,4.322548,"injury","2","clear",false,1,"GM0518"
"20230079038",2023,"Uitsluitend materiele schade",2,"Snorfiets","Fiets","Geparkeerd voertuig","Kruispunt, 4 takken",15,"Niet aanwezig","Daglicht","Droog",\N,\N,"Schippersdam","Katwijk","Katwijk","Zuid-Holland",false,52.202735,4.394522,"material damage only","4","clear",false,1,"GM0537"
"20230079042",2023,"Letsel",1,"Fiets",\N,"Eenzijdig","Rechte weg",60,"Brandend","Duisternis","Droog",\N,"600721540","Schieweg","Delft","Delft","Zuid-Holland",false,51.977853,4.381609,"injury","2","clear",false,1,"GM0503"
"20230079094",2023,"Letsel",2,"Personenauto","Fiets","Flank","Kruispunt, 3 takken",50,"Niet brandend","Daglicht","Droog",\N,\N,"Supernovaweg","'s-Gravenhage","'s-Gravenhage","Zuid-Holland",false,52.071507,4.341753,"injury","2","clear",false,1,"GM0518"
"20230077296",2023,"Letsel",2,"Fiets","Fiets","Onbekend","Rechte weg",50,"Niet aanwezig","Daglicht","Droog",\N,"161317018","Pompstationsweg","'s-Gravenhage","'s-Gravenhage","Zuid-Holland",false,52.114212,4.305466,"injury","2","clear",false,1,"GM0518"
"20230017695",2023,"Letsel",1,"Fiets",\N,"Eenzijdig","Rechte weg",30,"Niet brandend","Daglicht","Droog",\N,"223438093","Kanaaldijk","Koedijk","Alkmaar","Noord-Holland",false,52.663246,4.746797,"injury","2","clear",false,1,"GM0361"
"20230025218",2023,"Uitsluitend materiele schade",2,"Personenauto","Fiets","Onbekend","Kruispunt, 4 takken",50,"Niet brandend","Daglicht","Droog",\N,\N,"Galileïlaan","Dordrecht","Dordrecht","Zuid-Holland",false,51.775543,4.674717,"material damage only","4","clear",false,1,"GM0505"
"20230036470",2023,"Letsel",2,"Fiets","Fiets","Flank","Rechte weg",30,"Niet brandend","Daglicht","Droog",\N,"240368067","Beethovenstraat","Amsterdam","Amsterdam","Noord-Holland",false,52.345909,4.87681,"injury","2","clear",false,1,"GM0363"
"20240030203",2024,"Letsel",1,"Fiets",\N,"Eenzijdig","Rechte weg",50,"Niet brandend","Daglicht","Droog",\N,"142293098","Oudelandstraat","'s-Gravenzande","Westland","Zuid-Holland",false,52.000668,4.165297,"injury","2","clear",false,1,"GM1783"
"20230037018",2023,"Letsel",2,"Personenauto","Fiets","Flank","Kruispunt, 4 takken",60,"Niet brandend","Daglicht","Droog",\N,\N,"Dammersweg","Velserbroek","Velsen","Noord-Holland",true,52.430994,4.676986,"injury","2","clear",false,1,"GM0453"
"20230071100",2023,"Uitsluitend materiele schade",3,"Snorfiets","Fiets","Los voorwerp","Rechte weg",50,"Niet brandend","Daglicht","Droog",\N,"312159030","Dorpstraat","Veldhoven","Veldhoven","Noord-Brabant",false,51.40504,5.405272,"material damage only","4","clear",false,1,"GM0861"
"20230071113",2023,"Uitsluitend materiele schade",2,"Personenauto","Fiets","Flank","Kruispunt, 4 takken",50,"Niet brandend","Daglicht","Droog",\N,\N,"Hemelberg","Asten","Asten","Noord-Brabant",false,51.400185,5.755607,"material damage only","4","clear",false,1,"GM0743"
"20230071615",2023,"Letsel",2,"Motor","Fiets","Frontaal","Rechte weg",60,"Niet brandend","Daglicht","Droog",\N,"294232039","Maasboulevard","'s-Hertogenbosch","'s-Hertogenbosch","Noord-Brabant",false,51.733685,5.27381,"injury","2","clear",false,1,"GM0796"
"20230016600",2023,"Uitsluitend materiele schade",2,"Bromfiets","Fiets","Flank","Kruispunt, 3 takken",30,"Niet brandend","Daglicht","Droog",\N,\N,"Panoven","IJsselstein","IJsselstein","Utrecht",false,52.017235,5.055576,"material damage only","4","clear",false,1,"GM0353"
"20230024064",2023,"Letsel",2,"Snorfiets","Fiets","Kop/staart","Rechte weg",\N,"Niet aanwezig","Daglicht","Droog",\N,"188326047","Levendaal","Leiden","Leiden","Zuid-Holland",false,52.154871,4.499413,"injury","2","clear",false,1,"GM0546"
"20230025802",2023,"Uitsluitend materiele schade",1,"Fiets",\N,"Onbekend","Rechte weg",30,"Niet brandend","Schemer","Droog",\N,"170261002","Specht","Hoogvliet Rotterdam","Rotterdam","Zuid-Holland",false,51.859894,4.377426,"material damage only","4","clear",false,1,"GM0599"
"20230069995",2023,"Letsel",2,"Fiets","Fiets","Frontaal","Rechte weg",50,"Niet aanwezig","Daglicht","Droog",\N,"600722706","G J Rooimanspad","Poortugaal","Albrandswaard","Zuid-Holland",false,51.858527,4.403174,"injury","2","clear",false,1,"GM0613"
"20230075097",2023,"Uitsluitend materiele schade",2,"Fiets","Overig vast object","Vast voorwerp","Rechte weg",30,"Niet brandend","Daglicht","Droog",\N,"600496235","Nachtegalenlaan","Aerdenhout","Bloemendaal","Noord-Holland",false,52.355662,4.587842,"material damage only","4","clear",false,1,"GM0377"
"20230075231",2023,"Uitsluitend materiele schade",2,"Bromfiets","Fiets","Flank","Kruispunt, 4 takken",30,"Niet brandend","Daglicht","Droog",\N,\N,"Hoogezandstraat","Almere","Almere","Flevoland",false,52.374001,5.213807,"material damage only","4","clear",false,1,"GM0034"
"20230015509",2023,"Letsel",2,"Personenauto","e-bike","Flank","Kruispunt, 3 takken",50,"Brandend","Duisternis","Regen",\N,\N,"Dirck Hoetweg","Utrecht","Utrecht","Utrecht",false,52.099091,5.058466,"injury","2","rain",false,1,"GM0344"
"20230036536",2023,"Uitsluitend materiele schade",2,"Personenauto","Fiets","Los voorwerp","Rechte weg",30,"Niet brandend","Daglicht","Regen",\N,"233375063","Louis Couperusstraat","Amsterdam","Amsterdam","Noord-Holland",false,52.376136,4.824797,"material damage only","4","rain",false,1,"GM0363"
"20230017807",2023,"Uitsluitend materiele schade",2,"Personenauto","Fiets","Flank","Kruispunt, 3 takken",30,"Niet brandend","Daglicht","Droog",\N,\N,"Dorpsstraat","Wervershoof","Medemblik","Noord-Holland",false,52.727304,5.151768,"material damage only","4","clear",false,1,"GM0420"
"20230017810",2023,"Uitsluitend materiele schade",2,"Bromfiets","Fiets","Onbekend",\N,30,\N,"Daglicht",\N,\N,"225402072","Snuiverstraat","Krommenie","Zaanstad","Noord-Holland",false,52.497504,4.766872,"material damage only","4","unknown",false,1,"GM0479"
"20230021841",2023,"Uitsluitend materiele schade",2,"Personenauto","Fiets","Flank","Rechte weg",30,"Niet brandend","Daglicht","Droog",\N,"600985081","Albinusdreef","Leiden","Leiden","Zuid-Holland",false,52.167898,4.477642,"material damage only","4","clear",false,1,"GM0546"
"20240031040",2024,"Uitsluitend materiele schade",2,"Fiets","Personenauto","Kop/staart","Rechte weg",30,"Niet brandend","Daglicht","Droog",\N,"223375019","Platanenlaan","Zwanenburg","Haarlemmermeer","Noord-Holland",false,52.376082,4.752696,"material damage only","4","clear",false,1,"GM0394"
"20230073638",2023,"Letsel",2,"Bromfiets","Fiets","Frontaal","Bocht",80,"Niet brandend","Daglicht","Droog",\N,"600946656","Steenweg","Waardenburg","West Betuwe","Gelderland",false,51.843258,5.268421,"injury","2","clear",false,1,"GM1960"
"20230078069",2023,"Letsel",2,"Fiets","Fiets","Onbekend","Rechte weg",50,"Brandend","Duisternis","Regen",\N,"600685622","Poeldijkseweg","Monster","Westland","Zuid-Holland",false,52.022412,4.189149,"injury","2","rain",false,1,"GM1783"
"20230075032",2023,"Letsel",5,"Fiets","Fiets","Onbekend","Rechte weg",80,"Niet brandend","Daglicht","Droog",\N,"600941626","Ir. Enschedéweg","Kamerik","Woerden","Utrecht",false,52.152607,4.910892,"injury","2","clear",false,1,"GM0632"
"20230015602",2023,"Uitsluitend materiele schade",2,"Personenauto","Fiets","Frontaal","Kruispunt, 4 takken",30,"Niet brandend","Daglicht","Droog",\N,\N,"Maetsuykerstraat","Utrecht","Utrecht","Utrecht",false,52.091381,5.094252,"material damage only","4","clear",false,1,"GM0344"
"20230017272",2023,"Uitsluitend materiele schade",2,"Snorfiets","Fiets","Frontaal","Rechte weg",50,"Niet brandend","Daglicht","Droog",\N,"211400122","Beatrixlaan","Beverwijk","Beverwijk","Noord-Holland",false,52.486839,4.664876,"material damage only","4","clear",false,1,"GM0375"
"20230022424",2023,"Letsel",2,"Personenauto","e-bike","Flank","Kruispunt, 4 takken",50,"Niet brandend","Daglicht","Droog",\N,\N,"Vrouw Avenweg","'s-Gravenhage","'s-Gravenhage","Zuid-Holland",false,52.063012,4.398189,"injury","2","clear",false,1,"GM0518"
"20230024180",2023,"Uitsluitend materiele schade",2,"Personenauto","Fiets","Geparkeerd voertuig","Rechte weg",30,"Niet brandend","Daglicht","Regen",\N,"225402003","Zuiderhoofdstraat","Krommenie","Zaanstad","Noord-Holland",false,52.498537,4.76809,"material damage only","4","rain",false,1,"GM0479"
"20230071760",2023,"Letsel",2,"Fiets","Overig vast object","Vast voorwerp","Rechte weg",30,"Brandend","Duisternis","Regen",\N,"267186015","Guido Gezellelaan","Goirle","Goirle","Noord-Brabant",false,51.526117,5.078026,"injury","2","rain",false,1,"GM0785"
"20230076076",2023,"Uitsluitend materiele schade",2,"Bromfiets","Fiets","Flank","Kruispunt, 4 takken",50,"Niet brandend","Daglicht","Droog",\N,\N,"Koningsweg","Utrecht","Utrecht","Utrecht",false,52.076554,5.135263,"material damage only","4","clear",false,1,"GM0344"
"20230018463",2023,"Letsel",2,"Personenauto","Fiets","Onbekend","Rotonde",50,"Niet brandend","Daglicht","Droog",\N,\N,"Hordenweg","Wijk bij Duurstede","Wijk bij Duurstede","Utrecht",false,51.975006,5.337363,"injury","2","clear",false,1,"GM0352"
"20230024222",2023,"Uitsluitend materiele schade",2,"Bromfiets","Fiets","Flank","Rechte weg",30,"Brandend","Duisternis","Droog",\N,"231445006","Dorpsstraat","Zuid-Scharwoude","Dijk en Waard","Noord-Holland",false,52.693105,4.809713,"material damage only","4","clear",false,1,"GM1980"
"20230075884",2023,"Uitsluitend materiele schade",2,"Fiets","Scootmobiel","Kop/staart","Rechte weg",50,"Niet brandend","Daglicht","Regen",\N,"600572553","Mient","Castricum","Castricum","Noord-Holland",false,52.548095,4.65786,"material damage only","4","rain",false,1,"GM0383"
"20230076790",2023,"Letsel",2,"Personenauto","Fiets","Flank","Kruispunt, 4 takken",50,"Niet brandend","Daglicht","Regen",\N,\N,"Elzendreef","Voorburg","Leidschendam-Voorburg","Zuid-Holland",false,52.084417,4.365746,"injury","2","rain",false,1,"GM1916"
"20240031793",2024,"Letsel",2,"Personenauto","Fiets","Flank","Kruispunt, 3 takken",30,"Niet brandend","Daglicht","Droog",\N,\N,"Zuidplein","Rotterdam","Rotterdam","Zuid-Holland",false,51.88857,4.487839,"injury","2","clear",false,1,"GM0599"
"20230077113",2023,"Letsel",2,"Bestelauto","Fiets","Flank","Kruispunt, 3 takken",50,"Niet brandend","Daglicht","Droog",\N,\N,"Prins Willemstraat","'s-Gravenhage","'s-Gravenhage","Zuid-Holland",false,52.102361,4.278308,"injury","2","clear",false,1,"GM0518"
"20230077426",2023,"Letsel",2,"Fiets","Fiets","Flank","Kruispunt, 4 takken",30,"Niet brandend","Daglicht","Droog",\N,\N,"Zinkseweg","Spijkenisse","Nissewaard","Zuid-Holland",false,51.848756,4.314628,"injury","2","clear",false,1,"GM1930"
"20230077639",2023,"Letsel",2,"Snorfiets","Fiets","Flank","Kruispunt, 4 takken",50,"Niet brandend","Daglicht","Droog",\N,\N,"FIETSPAD","Amsterdam","Amsterdam","Noord-Holland",false,52.384738,4.839963,"injury","2","clear",false,1,"GM0363"
"20230077774",2023,"Letsel",2,"Fiets","Fiets","Onbekend","Rechte weg",30,"Niet brandend","Daglicht","Droog",\N,"152304125","J.J. Heggestraat","'s-Gravenhage","'s-Gravenhage","Zuid-Holland",false,52.05129,4.239765,"injury","2","clear",false,1,"GM0518"
"20230078184",2023,"Letsel",2,"Bestelauto","e-bike","Flank","Rotonde",50,"Niet brandend","Daglicht","Droog",\N,\N,"Koningin Julianaweg","'s-Gravenzande","Westland","Zuid-Holland",false,51.997817,4.173133,"injury","2","clear",false,1,"GM1783"
"20230018490",2023,"Uitsluitend materiele schade",2,"Personenauto","Fiets","Flank","Rotonde",50,"Niet brandend","Daglicht","Droog",\N,\N,"Deltaweg","Hoofddorp","Haarlemmermeer","Noord-Holland",false,52.303855,4.62959,"material damage only","4","clear",false,1,"GM0394"
"20230021954",2023,"Letsel",2,"Fiets","Fiets","Onbekend","Rechte weg",60,"Niet brandend","Daglicht","Droog",\N,"601033302","Weijpoort","Nieuwerbrug aan den Rijn","Bodegraven-Reeuwijk","Zuid-Holland",false,52.082834,4.800323,"injury","2","clear",false,1,"GM1901"
"20230033752",2023,"Uitsluitend materiele schade",2,"Personenauto","Fiets","Flank","Kruispunt, 4 takken",30,"Niet brandend","Daglicht","Droog",\N,\N,"Katwijkseweg","Cuijk","Land van Cuijk","Noord-Brabant",false,51.738668,5.877285,"material damage only","4","clear",false,1,"GM1982"
"20230107612",2023,"Letsel",3,"Personenauto","Fiets","Onbekend","Kruispunt, 3 takken",50,"Niet brandend","Daglicht","Droog",\N,\N,"van der Fuyckstraat","Brielle","Voorne aan Zee","Zuid-Holland",false,51.899414,4.154921,"injury","2","clear",false,1,"GM1992"
"20240081264",2024,"Uitsluitend materiele schade",2,"Snorfiets","Fiets","Kop/staart","Rechte weg",50,"Niet brandend","Daglicht","Droog",\N,"181272013","Rochussenstraat","Rotterdam","Rotterdam","Zuid-Holland",false,51.909896,4.457294,"material damage only","4","clear",false,1,"GM0599"
"20240037135",2024,"Uitsluitend materiele schade",2,"Personenauto","Fiets","Flank","Kruispunt, 3 takken",50,"Niet brandend","Daglicht","Droog",\N,\N,"Gravenveen","Denekamp","Dinkelland","Overijssel",false,52.398242,7.029816,"material damage only","4","clear",false,1,"GM1774"
"20240038100",2024,"Letsel",2,"Fiets","Dier","Dier","Rechte weg",50,"Niet brandend","Daglicht","Droog",\N,"600242578","Eilandenpad","Hoofddorp","Haarlemmermeer","Noord-Holland",false,52.31502,4.636206,"injury","2","clear",false,1,"GM0394"