"accident_id","year","severity_raw","party_count","party1_type","party2_type","accident_type","road_situation","speed_limit_kmh","road_lighting","light_condition_label","weather_raw","infra_type","road_segment_id","street_name","place_name","gemeente_name_raw","province","alcohol_indicated","latitude","longitude","severity_label","severity_code","weather_label","built_up_area","cyclists_involved","gemeente_code"
"20240049751",2024,"Letsel",1,"Fiets",\N,"Eenzijdig","Rechte weg",30,"Brandend","Duisternis","Droog",\N,"600173249","Writsaert","Noordwijk","Noordwijk","Zuid-Holland",false,52.245299,4.431978,"injury","2","clear",false,1,"GM0575"
"20240075738",2024,"Letsel",2,"Personenauto","Fiets","Onbekend","Bocht",60,"Niet brandend","Daglicht","Droog",\N,"501368005","Loodijk","Saasveld","Dinkelland","Overijssel",true,52.338059,6.792277,"injury","2","clear",false,1,"GM1774"
"20240085590",2024,"Letsel",2,"Personenauto","Fiets","Flank","Kruispunt, 4 takken",50,"Niet brandend","Daglicht","Droog",\N,\N,"Margijnenenk","Deventer","Deventer","Overijssel",false,52.26994,6.164731,"injury","2","clear",false,1,"GM0150"
"20240090191",2024,"Uitsluitend materiele schade",2,"Fiets","Fiets","Onbekend","Rechte weg",50,"Niet brandend","Daglicht","Droog",\N,"180187178","Laan van Brabant","Roosendaal","Roosendaal","Noord-Brabant",false,51.526917,4.452942,"material damage only","4","clear",false,1,"GM1674"
"20240092975",2024,"Uitsluitend materiele schade",1,"Fiets",\N,"Onbekend","Rotonde",50,"Niet brandend","Daglicht","Droog",\N,\N,"Sint Annalaan","Maastricht","Maastricht","Limburg",false,50.848812,5.672382,"material damage only","4","clear",false,1,"GM0935"
"20240093265",2024,"Letsel",2,"Personenauto","Fiets","Flank","Kruispunt, 3 takken",50,"Niet brandend","Daglicht","Droog",\N,\N,"Oudewerfslaan","Winschoten","Oldambt","Groningen",false,53.147,7.031707,"injury","2","clear",false,1,"GM1895"
"20240094312",2024,"Uitsluitend materiele schade",2,"Personenauto","Fiets","Frontaal","Kruispunt, 3 takken",30,"Niet brandend","Daglicht","Droog",\N,\N,"Goudenregenstraat","Zwolle","Zwolle","Overijssel",false,52.498594,6.110652,"material damage only","4","clear",false,1,"GM0193"
"20240098340",2024,"Letsel",2,"Personenauto","e-bike","Flank","Kruispunt, 4 takken",50,"Niet brandend","Daglicht","Droog",\N,\N,"Lekstraat","IJmuiden","Velsen","Noord-Holland",false,52.457111,4.609269,"injury","2","clear",false,1,"GM0453"
"20240048535",2024,"Uitsluitend materiele schade",2,"Fiets","Fiets","Frontaal","Kruispunt, 4 takken",50,"Brandend","Duisternis","Droog",\N,\N,"Ln van de Mensenrechten","Apeldoorn","Apeldoorn","Gelderland",false,52.20547,5.958729,"material damage only","4","clear",false,1,"GM0200"
"20240049787",2024,"Uitsluitend materiele schade",2,"Fiets","Bestelauto","Onbekend",\N,\N,\N,"Daglicht",\N,\N,"230375126","Dirk Sonoystraat","Amsterdam","Amsterdam","Noord-Holland",false,52.377679,4.805426,"material damage only","4","unknown",false,1,"GM0363"
"20240084418",2024,"Letsel",2,"Personenauto","Fiets","Onbekend","Kruispunt, 4 takken",30,"Niet brandend","Daglicht","Droog",\N,\N,"Eexterweg","Gieten","Aa en Hunze","Drenthe",false,53.005561,6.763651,"injury","2","clear",false,1,"GM1680"
"20240086286",2024,"Uitsluitend materiele schade",1,"Fiets",\N,"Onbekend","Kruispunt, 3 takken",50,"Brandend","Duisternis","Regen",\N,\N,"Voorweg","Schoorl","Bergen (NH)","Noord-Holland",false,52.704517,4.705583,"material damage only","4","rain",false,1,\N
"20240088950",2024,"Letsel",1,"Fiets",\N,"Onbekend","Bocht",30,"Niet brandend","Daglicht","Droog",\N,"600731545","Hoge Rijndijk","Leiden","Leiden","Zuid-Holland",false,52.155198,4.508569,"injury","2","clear",false,1,"GM0546"
"20240089606",2024,"Letsel",3,"Snorfiets","Fiets","Flank","Rechte weg",30,"Brandend","Duisternis","Droog",\N,\N,"Europaplein","Amsterdam","Amsterdam","Noord-Holland",true,52.342096,4.892234,"injury","2","clear",false,1,"GM0363"
"20240091523",2024,"Letsel",2,"Fiets","Personenauto","Onbekend","Rechte weg",50,"Niet brandend","Daglicht","Droog",\N,\N,"Nijkerklaan","'s-Gravenhage","'s-Gravenhage","Zuid-Holland",false,52.064335,4.284707,"injury","2","clear",false,1,"GM0518"
"20240093594",2024,"Letsel",2,"Fiets","Fiets","Flank","Rechte weg",50,"Niet brandend","Daglicht","Droog",\N,"407538010","Raai","Drachten","Smallingerland","Friesland",false,53.107232,6.113506,"injury","2","clear",false,1,"GM0090"
"20240096339",2024,"Letsel",2,"Bestelauto","Fiets","Geparkeerd voertuig","Rechte weg",50,"Niet brandend","Daglicht","Droog",\N,"297333015","Stadhouderslaan","Soest","Soest","Utrecht",false,52.18768,5.296431,"injury","2","clear",false,1,"GM0342"
"20240101707",2024,"Uitsluitend materiele schade",2,"Bromfiets","Fiets","Flank","Kruispunt, 4 takken",30,"Niet brandend","Daglicht","Droog",\N,\N,"Wethouder van Eschstraat","Oss","Oss","Noord-Brabant",false,51.762709,5.526903,"material damage only","4","clear",false,1,"GM0828"
"20240072598",2024,"Letsel",2,"Personenauto","Fiets","Flank","Rechte weg",50,"Niet brandend","Daglicht","Droog",\N,"600557786","Wilhelminalaan","Reusel","Reusel-De Mierden","Noord-Brabant",false,51.361145,5.162371,"injury","2","clear",false,1,"GM1667"
"20240074771",2024,"Letsel",2,"Personenauto","Fiets","Onbekend","Kruispunt, 4 takken",50,"Niet brandend","Daglicht","Droog",\N,\N,"Industriestraat","Hengelo","Hengelo (O)","Overijssel",false,52.255869,6.785209,"injury","2","clear",false,1,\N
"20240075781",2024,"Letsel",2,"Personenauto","Fiets","Flank","Kruispunt, 3 takken",50,"Niet brandend","Daglicht","Droog",\N,\N,"Bredasingel","Arnhem","Arnhem","Gelderland",false,51.952539,5.858684,"injury","2","clear",false,1,"GM0202"
"20240078070",2024,"Letsel",2,"Personenauto","Fiets","Flank","Kruispunt, 3 takken",50,"Brandend","Duisternis","Droog",\N,\N,"Sluiskade Zuidzijde","Almelo","Almelo","Overijssel",false,52.361989,6.67328,"injury","2","clear",false,1,"GM0141"
"20240083119",2024,"Letsel",2,"Personenauto","Fiets","Frontaal","Rechte weg",30,"Niet aanwezig","Daglicht","Droog",\N,"351192022","Ptr van den Elsenstraat","Gemert","Gemert-Bakel","Noord-Brabant",false,51.553574,5.690275,"injury","2","clear",false,1,"GM1652"
"20240085043",2024,"Uitsluitend materiele schade",2,"Fiets","Fiets","Onbekend","Kruispunt, 4 takken",60,"Niet brandend","Daglicht","Droog",\N,\N,"Elsmaten","Rijssen","Rijssen-Holten","Overijssel",false,52.312628,6.545202,"material damage only","4","clear",false,1,"GM1742"
"20240085052",2024,"Letsel",1,"Fiets",\N,"Onbekend","Rechte weg",\N,"Brandend","Duisternis","Droog",\N,"375257077","Stikke Hezelstraat","Nijmegen","Nijmegen","Gelderland",false,51.847544,5.862035,"injury","2","clear",false,1,"GM0268"
"20240086334",2024,"Letsel",2,"Fiets","Overig vast object","Vast voorwerp","Rechte weg",15,"Niet aanwezig","Daglicht","Droog",\N,\N,"Brederodepad","Santpoort-Noord","Velsen","Noord-Holland",false,52.43133,4.620806,"injury","2","clear",false,1,"GM0453"
"20240087684",2024,"Letsel",2,"Fiets","Personenauto","Flank","Kruispunt, 4 takken",60,"Niet brandend","Daglicht","Droog",\N,\N,"Sandenburgerlaan","Doorn","Utrechtse Heuvelrug","Utrecht",false,52.02977,5.368143,"injury","2","clear",false,1,"GM1581"
"20240102069",2024,"Uitsluitend materiele schade",2,"Bestelauto","Fiets","Flank","Rechte weg",50,"Niet brandend","Daglicht","Droog",\N,\N,"Beatrixlaan","Vlissingen","Vlissingen","Zeeland",false,51.455227,3.579235,"material damage only","4","clear",false,1,"GM0718"
"20240072621",2024,"Letsel",3,"Personenauto","Fiets","Onbekend","Kruispunt, 4 takken",30,"Niet brandend","Daglicht","Droog",\N,\N,"Adelaartlaan","Geldrop","Geldrop-Mierlo","Noord-Brabant",false,51.417318,5.568765,"injury","2","clear",false,1,"GM1771"
"20240074149",2024,"Uitsluitend materiele schade",2,"Personenauto","Fiets","Flank","Kruispunt, 4 takken",60,"Niet aanwezig","Daglicht","Droog",\N,"600784107","Kranenberg","Casteren","Bladel","Noord-Brabant",false,51.398672,5.234369,"material damage only","4","clear",false,1,"GM1728"
"20240082503",2024,"Uitsluitend materiele schade",2,"Personenauto","Fiets","Flank","Rechte weg",30,"Niet brandend","Daglicht","Droog",\N,"296212038","Brabantlaan","Vught","Vught","Noord-Brabant",false,51.643877,5.286592,"material damage only","4","clear",false,1,"GM0865"
"20240087717",2024,"Letsel",2,"Personenauto","Fiets","Onbekend","Rechte weg",80,"Niet brandend","Daglicht","Droog",\N,"340320001","Valkseweg","Barneveld","Barneveld","Gelderland",false,52.131952,5.613841,"injury","2","clear",false,1,"GM0203"
"20240087723",2024,"Letsel",2,"Bromfiets","Fiets","Flank","Kruispunt, 3 takken",30,"Niet brandend","Daglicht","Droog",\N,\N,"Stationsplein","Arnhem","Arnhem","Gelderland",false,51.983529,5.90281,"injury","2","clear",false,1,"GM0202"
"20240099161",2024,"Uitsluitend materiele schade",2,"Bestelauto","Fiets","Flank","Kruispunt, 3 takken",30,"Niet brandend","Daglicht","Regen",\N,\N,"Nova Zemblastraat","Amsterdam","Amsterdam","Noord-Holland",true,52.39003,4.884798,"material damage only","4","rain",false,1,"GM0363"
"20240049241",2024,"Uitsluitend materiele schade",1,"Fiets",\N,"Eenzijdig","Rechte weg",60,"Niet brandend","Daglicht","Droog",\N,"600787992","Hoofdstraat","Driebergen-Rijsenburg","Utrechtse Heuvelrug","Utrecht",false,52.05448,5.278181,"material damage only","4","clear",false,1,"GM1581"
"20240077536",2024,"Uitsluitend materiele schade",2,"Personenauto","Fiets","Flank","Kruispunt, 4 takken",30,"Brandend","Schemer","Droog",\N,\N,"Reijgersdaalstraat","Almere","Almere","Flevoland",false,52.405585,5.303985,"material damage only","4","clear",false,1,"GM0034"
"20240089063",2024,"Letsel",2,"Fiets","Fiets","Kop/staart","Rechte weg",50,"Niet aanwezig","Daglicht","Droog",\N,"600715188","Leyweg","'s-Gravenhage","'s-Gravenhage","Zuid-Holland",false,52.051425,4.27302,"injury","2","clear",false,1,"GM0518"
"20240045044",2024,"Uitsluitend materiele schade",2,"Personenauto","Fiets","Flank","Rotonde",50,"Niet brandend","Daglicht","Droog",\N,\N,"Bergsedijk","Raamsdonksveer","Geertruidenberg","Noord-Brabant",false,51.700063,4.869885,"material damage only","4","clear",false,1,"GM0779"
"20240046303",2024,"Letsel",2,"Personenauto","Fiets","Flank","Rechte weg",50,"Niet brandend","Daglicht","Droog",\N,\N,"Stationsweg","Groningen","Groningen","Groningen",false,53.211829,6.56346,"injury","2","clear",false,1,"GM0014"
"20240046327",2024,"Letsel",1,"Fiets",\N,"Onbekend","Rechte weg",30,"Brandend","Duisternis","Droog",\N,"601180194","Corleseweg","Winterswijk Corle","Winterswijk","Gelderland",false,51.970176,6.648946,"injury","2","clear",false,1,"GM0294"
"20240073603",2024,"Letsel",2,"Snorfiets","Fiets","Frontaal","Kruispunt, 4 takken",\N,"Niet brandend","Schemer","Droog",\N,\N,"Lagelandstraat","'s-Hertogenbosch","'s-Hertogenbosch","Noord-Brabant",false,51.694055,5.321619,"injury","2","clear",false,1,"GM0796"
"20240082584",2024,"Uitsluitend materiele schade",2,"Fiets","Scootmobiel","Onbekend","Rechte weg",50,"Niet brandend","Daglicht","Droog",\N,"326237065","Gerbrandylaan","Oss","Oss","Noord-Brabant",false,51.756502,5.508882,"material damage only","4","clear",false,1,"GM0828"
"20240089767",2024,"Letsel",2,"Fiets","Fiets","Flank","Kruispunt, 3 takken",30,"Niet brandend","Daglicht","Droog",\N,\N,"Hoogstraat","Steenbergen","Steenbergen","Noord-Brabant",false,51.572354,4.317236,"injury","2","clear",false,1,"GM0851"
"20240098876",2024,"Letsel",2,"Personenauto","e-bike","Flank","Kruispunt, 4 takken",60,"Niet brandend","Daglicht","Droog",\N,\N,"Slufterweg","De Cocksdorp","Texel","Noord-Holland",false,53.123965,4.833418,"injury","2","clear",false,1,"GM0448"
"20240098968",2024,"Letsel",1,"Fiets",\N,"Onbekend","Rechte weg",50,"Brandend","Duisternis","Droog",\N,"600380001","Zeestraat","Volendam","Edam-Volendam","Noord-Holland",false,52.494056,5.073319,"injury","2","clear",false,1,"GM0385"
"20240100548",2024,"Uitsluitend materiele schade",2,"Bestelauto","Fiets","Flank","Kruispunt, 3 takken",50,"Niet brandend","Daglicht","Regen",\N,\N,"Goudse Poort","Gouda","Gouda","Zuid-Holland",false,52.020269,4.683382,"material damage only","4","rain",false,1,"GM0513"
"20240101000",2024,"Letsel",1,"Fiets",\N,"Onbekend",\N,50,\N,"Duisternis",\N,\N,"600389167","Kneuterdijk","'s-Gravenhage","'s-Gravenhage","Zuid-Holland",false,52.08138,4.309053,"injury","2","unknown",false,1,"GM0518"
"20240047002",2024,"Uitsluitend materiele schade",2,"Personenauto","Fiets","Los voorwerp","Rotonde",50,"Niet brandend","Daglicht","Droog",\N,\N,"Stationsstraat","Aalten","Aalten","Gelderland",false,51.921801,6.580799,"material damage only","4","clear",false,1,"GM0197"
"20240071121",2024,"Uitsluitend materiele schade",1,"Fiets",\N,"Onbekend","Rechte weg",50,"Niet brandend","Daglicht","Droog",\N,"149298045","Margrietlaan","Poeldijk","Westland","Zuid-Holland",false,52.025948,4.219739,"material damage only","4","clear",false,1,"GM1783"
"20240073643",2024,"Uitsluitend materiele schade",2,"Personenauto","Fiets","Flank","Kruispunt, 4 takken",30,"Niet brandend","Daglicht","Droog",\N,\N,"Groote Wielenlaan","Rosmalen","'s-Hertogenbosch","Noord-Brabant",false,51.730912,5.356235,"material damage only","4","clear",false,1,"GM0796"
"20240079431",2024,"Uitsluitend materiele schade",2,"Personenauto","Fiets","Flank","Rotonde",50,"Niet brandend","Daglicht","Droog",\N,\N,"Baden Powellweg","Amsterdam","Amsterdam","Noord-Holland",false,52.362681,4.787673,"material damage only","4","clear",false,1,"GM0363"
"20240088448",2024,"Letsel",2,"Fiets","Personenauto","Kop/staart","Kruispunt, 4 takken",30,"Niet brandend","Daglicht","Droog","Spoorwegovergang",\N,"Amstel","Amsterdam","Amsterdam","Noord-Holland",false,52.362098,4.902342,"injury","2","clear",false,1,"GM0363"
"20240091693",2024,"Letsel",2,"Personenauto","Fiets","Flank","Kruispunt, 4 takken",50,"Brandend","Duisternis","Droog",\N,\N,"FIETSPAD","Spijkenisse","Nissewaard","Zuid-Holland",false,51.848119,4.33792,"injury","2","clear",false,1,"GM1930"
"20240095460",2024,"Letsel",2,"Personenauto","Fiets","Flank","Rotonde",50,"Niet brandend","Daglicht","Droog",\N,\N,"Pijlslaan","Haarlem","Haarlem","Noord-Holland",false,52.37169,4.614372,"injury","2","clear",false,1,"GM0392"
"20240099893",2024,"Uitsluitend materiele schade",2,"Personenauto","Fiets","Frontaal","Rotonde",50,"Niet brandend","Daglicht","Droog",\N,\N,"Concordiaweg","Gorinchem","Gorinchem","Zuid-Holland",false,51.835812,4.976875,"material damage only","4","clear",false,1,"GM0512"
"20240045783",2024,"Uitsluitend materiele schade",2,"Personenauto","Fiets","Flank","Bocht",50,"Niet brandend","Daglicht","Droog",\N,"397413013","Stuurmansweg","Zwolle","Zwolle","Overijssel",false,52.54647,6.036114,"material damage only","4","clear",false,1,"GM0193"
"20240086538",2024,"Letsel",2,"Personenauto","Fiets","Frontaal","Rechte weg",60,"Niet aanwezig","Daglicht","Droog",\N,"278430003","Zuideruitweg","Wijdenes","Drechterland","Noord-Holland",false,52.630393,5.157255,"injury","2","clear",false,1,"GM0498"
"20240089172",2024,"Uitsluitend materiele schade",2,"Fiets","Fiets","Frontaal","Rechte weg",30,"Niet brandend","Daglicht","Droog",\N,"600910346","Buiksloterweg","Amsterdam","Amsterdam","Noord-Holland",false,52.385276,4.910021,"material damage only","4","clear",false,1,"GM0363"
"20240091742",2024,"Uitsluitend materiele schade",2,"Personenauto","Fiets","Flank","Rechte weg",30,"Niet brandend","Daglicht","Regen",\N,"318159003","High Tech Campus","Eindhoven","Eindhoven","Noord-Brabant",false,51.408075,5.449378,"material damage only","4","rain",false,1,"GM0772"
"20240096558",2024,"Letsel",1,"Fiets",\N,"Onbekend",\N,50,\N,"Daglicht",\N,\N,"600637798","Schelmseweg","Arnhem","Arnhem","Gelderland",false,52.006257,5.897163,"injury","2","unknown",false,1,"GM0202"
"20240100920",2024,"Letsel",2,"Fiets","Fiets","Flank","Kruispunt, 4 takken",50,"Niet brandend","Daglicht","Droog",\N,\N,"Schuttersveld","Leiden","Leiden","Zuid-Holland",false,52.166581,4.484387,"injury","2","clear",false,1,"GM0546"
"20240101369",2024,"Letsel",2,"Bromfiets","Fiets","Frontaal","Rechte weg",30,"Niet brandend","Daglicht","Droog",\N,"190326051","Kanaalweg","Leiden","Leiden","Zuid-Holland",false,52.153066,4.512481,"injury","2","clear",false,1,"GM0546"
"20240102221",2024,"Uitsluitend materiele schade",2,"Personenauto","Fiets","Flank","Rotonde",50,"Niet brandend","Daglicht","Droog",\N,\N,"Ringbaan-Noord","Tilburg","Tilburg","Noord-Brabant",false,51.574904,5.090713,"material damage only","4","clear",false,1,"GM0855"
"20240102389",2024,"Letsel",2,"Fiets","Fiets","Flank","Rechte weg",80,"Niet brandend","Daglicht",\N,\N,"51148011","Lange Heerenstraat","Schoondijke","Sluis","Zeeland",false,51.346226,3.538328,"injury","2","unknown",false,1,"GM1714"
"20240102508",2024,"Uitsluitend materiele schade",2,"Personenauto","Fiets","Onbekend","Rotonde",50,"Niet brandend","Daglicht","Droog",\N,\N,"Maagdenbergweg","Venlo","Venlo","Limburg",false,51.359992,6.17977,"material damage only","4","clear",false,1,"GM0983"
"20240047072",2024,"Letsel",1,"Fiets",\N,"Onbekend",\N,\N,\N,"Daglicht",\N,\N,"357285006","Veerweg","Renkum","Renkum","Gelderland",false,51.970828,5.730513,"injury","2","unknown",false,1,"GM0274"
"20240047085",2024,"Letsel",2,"Bromfiets","Fiets","Frontaal","Rechte weg",80,"Brandend","Schemer","Droog",\N,\N,"Valkseweg","Barneveld","Barneveld","Gelderland",false,52.131876,5.608422,"injury","2","clear",false,1,"GM0203"
"20240077703",2024,"Letsel",2,"Personenauto","Fiets","Flank","Kruispunt, 3 takken",50,"Niet brandend","Daglicht","Droog",\N,\N,"Vastertlanden","Enschede","Enschede","Overijssel",false,52.193288,6.903391,"injury","2","clear",false,1,"GM0153"
"20240079515",2024,"Uitsluitend materiele schade",2,"e-bike","Voetganger","Voetganger","Rechte weg",30,"Niet brandend","Daglicht","Droog",\N,"600496543","Slotermeerlaan","Amsterdam","Amsterdam","Noord-Holland",false,52.380385,4.821212,"material damage only","4","clear",false,1,"GM0363"
"20240079522",2024,"Uitsluitend materiele schade",2,"Fiets","Personenauto","Flank","Rotonde",50,"Niet brandend","Daglicht","Droog",\N,\N,"Oosteinderweg","Aalsmeer","Aalsmeer","Noord-Holland",false,52.269349,4.754819,"material damage only","4","clear",false,1,"GM0358"
"20240085940",2024,"Letsel",1,"Fiets",\N,"Onbekend","Rechte weg",30,"Brandend","Duisternis","Regen",\N,"451442027","Hoofdstraat","Zuidwolde","De Wolden","Drenthe",false,52.673772,6.430068,"injury","2","rain",false,1,"GM1690"
"20240089229",2024,"Uitsluitend materiele schade",1,"Fiets",\N,"Onbekend","Rechte weg",50,"Niet brandend","Daglicht","Droog",\N,"600179338","Tussenlanen","Bergambacht","Krimpenerwaard","Zuid-Holland",false,51.94063,4.803501,"material damage only","4","clear",false,1,"GM1931"
"20240100643",2024,"Letsel",2,"Personenauto","Fiets","Flank","Kruispunt, 4 takken",50,"Brandend","Duisternis","Droog",\N,\N,"Koperwerf","'s-Gravenhage","'s-Gravenhage","Zuid-Holland",false,52.046256,4.250703,"injury","2","clear",false,1,"GM0518"
"20240050087",2024,"Uitsluitend materiele schade",1,"Fiets",\N,"Onbekend","Rechte weg",30,"Niet brandend","Daglicht","Droog",\N,"210323009","Meteoorlaan","Alphen aan den Rijn","Alphen aan den Rijn","Zuid-Holland",false,52.143877,4.662494,"material damage only","4","clear",false,1,"GM0484"
"20240084092",2024,"Letsel",1,"Fiets",\N,"Onbekend","Rechte weg",30,"Niet brandend","Daglicht","Droog",\N,"600814769","Udenseweg","Uden","Maashorst","Noord-Brabant",false,51.650809,5.640084,"injury","2","clear",false,1,"GM1991"
"20240087944",2024,"Uitsluitend materiele schade",2,"Personenauto","Fiets","Flank","Kruispunt, 3 takken",30,"Niet brandend","Daglicht","Droog",\N,\N,"Van Beuningenplein","Amsterdam","Amsterdam","Noord-Holland",false,52.380664,4.869635,"material damage only","4","clear",false,1,"GM0363"
"20240091170",2024,"Letsel",2,"Fiets","Fiets","Voetganger","Rechte weg",80,"Niet aanwezig","Daglicht","Droog",\N,"600543658","Zwartedijk","Rockanje","Voorne aan Zee","Zuid-Holland",false,51.864921,4.114963,"injury","2","clear",false,1,"GM1992"
"20240096635",2024,"Letsel",2,"Bestelauto","Fiets","Flank","Kruispunt, 4 takken",30,"Niet brandend","Daglicht","Droog",\N,\N,"De Linge","Dronten","Dronten","Flevoland",false,52.543858,5.703825,"injury","2","clear",false,1,"GM0303"
"20240101645",2024,"Letsel",2,"Personenauto","Fiets","Flank","Rechte weg",50,"Niet brandend","Daglicht","Regen",\N,"600644599","Hofstraat","Landgraaf","Landgraaf","Limburg",false,50.880691,6.019503,"injury","2","rain",false,1,"GM0882"
"20240045219",2024,"Uitsluitend materiele schade",2,"Bestelauto","Fiets","Onbekend","Kruispunt, 4 takken",50,"Niet brandend","Daglicht","Droog",\N,\N,"Fransebaan","Eindhoven","Eindhoven","Noord-Brabant",false,51.478811,5.447473,"material damage only","4","clear",false,1,"GM0772"
"20240045237",2024,"Uitsluitend materiele schade",2,"Personenauto","Fiets","Flank","Rechte weg",50,"Niet brandend","Daglicht","Droog",\N,\N,"Zinkerweg","Waalwijk","Waalwijk","Noord-Brabant",false,51.692456,5.047445,"material damage only","4","clear",false,1,"GM0867"
"20240049559",2024,"Letsel",2,"Fiets","Fiets","Onbekend","Rechte weg",30,"Brandend","Duisternis","Droog",\N,"601063459","Wierdensestraat","Almelo","Almelo","Overijssel",false,52.355832,6.636477,"injury","2","clear",false,1,"GM0141"
"20240071305",2024,"Letsel",2,"Personenauto","e-bike","Flank","Rotonde",50,"Niet brandend","Daglicht","Droog",\N,\N,"Parklaan","Waddinxveen","Waddinxveen","Zuid-Holland",false,52.034409,4.640826,"injury","2","clear",false,1,"GM0627"
"20230050640",2023,"Uitsluitend materiele schade",2,"Personenauto","Fiets","Flank","Kruispunt, 4 takken",50,"Niet brandend","Daglicht","Droog",\N,\N,"KATWIJK ZH MIDDEN","Katwijk","Katwijk","Zuid-Holland",false,52.20402,4.426784,"material damage only","4","clear",false,1,"GM0537"
"20230057818",2023,"Uitsluitend materiele schade",2,"Personenauto","Fiets","Onbekend","Rechte weg",50,"Niet brandend","Daglicht","Droog",\N,"387338091","Asselsestraat","Apeldoorn","Apeldoorn","Gelderland",false,52.212286,5.953645,"material damage only","4","clear",false,1,"GM0200"
"20230058372",2023,"Uitsluitend materiele schade",2,"Bromfiets","Fiets","Frontaal","Kruispunt, 3 takken",30,"Niet brandend","Daglicht","Droog",\N,\N,"Stationsplein","'s-Gravenhage","'s-Gravenhage","Zuid-Holland",false,52.069726,4.320465,"material damage only","4","clear",false,1,"GM0518"
"20230059446",2023,"Letsel",2,"Fiets","Fiets","Onbekend","Rechte weg",50,"Niet brandend","Daglicht","Droog",\N,\N,"Breeburgsingel","Hoofddorp","Haarlemmermeer","Noord-Holland",false,52.305617,4.661619,"injury","2","clear",false,1,"GM0394"
"20230060423",2023,"Uitsluitend materiele schade",2,"Fiets","Personenauto","Flank","Rechte weg",50,"Niet brandend","Daglicht","Droog",\N,"600894063","Ringbaan-West","Tilburg","Tilburg","Noord-Brabant",false,51.559441,5.064324,"material damage only","4","clear",false,1,"GM0855"
"20240127053",2024,"Uitsluitend materiele schade",3,"Bromfiets","Fiets","Frontaal","Rechte weg",30,"Brandend","Duisternis","Droog",\N,"417348048","Oude Bathmenseweg","Deventer","Deventer","Overijssel",true,52.255894,6.174917,"material damage only","4","clear",false,1,"GM0150"
"20230065115",2023,"Uitsluitend materiele schade",2,"Bestelauto","Fiets","Flank","Kruispunt, 3 takken",30,"Niet brandend","Daglicht","Droog",\N,\N,"Dorpsplein","Westervoort","Westervoort","Gelderland",false,51.962211,5.969277,"material damage only","4","clear",false,1,"GM0293"
"20230041928",2023,"Letsel",2,"Personenauto","Fiets","Frontaal","Rechte weg",60,"Niet brandend","Daglicht","Droog",\N,"325215003","Hommelse Hoeve","Heeswijk-Dinther","Bernheze","Noord-Brabant",false,51.660027,5.50014,"injury","2","clear",false,1,"GM1721"
"20230051297",2023,"Uitsluitend materiele schade",2,"Bestelauto","Fiets","Flank","Rechte weg",50,"Niet brandend","Daglicht","Droog",\N,"281199033","Bedrijfsweg","Oisterwijk","Oisterwijk","Noord-Brabant",false,51.587169,5.184946,"material damage only","4","clear",false,1,"GM0824"
"20230053072",2023,"Letsel",2,"Personenauto","Fiets","Onbekend","Rotonde",50,"Niet brandend","Daglicht","Droog",\N,\N,"Kreeksluisweg","Oosterhout","Oosterhout","Noord-Brabant",false,51.661834,4.872862,"injury","2","clear",false,1,"GM0826"
"20230057332",2023,"Uitsluitend materiele schade",2,"Bromfiets","Fiets","Flank","Rechte weg",30,"Niet brandend","Daglicht","Droog",\N,"406406189","Thorbeckegracht","Zwolle","Zwolle","Overijssel",false,52.514711,6.09698,"material damage only","4","clear",false,1,"GM0193"
"20230057872",2023,"Uitsluitend materiele schade",2,"Fiets","Fiets","Onbekend",\N,50,\N,"Daglicht","Droog",\N,"315335163","Angelinapolder","Amersfoort","Amersfoort","Utrecht",false,52.197944,5.427752,"material damage only","4","clear",false,1,"GM0307"
"20230037377",2023,"Uitsluitend materiele schade",2,"Bestelauto","Fiets","Flank","Kruispunt, 3 takken",50,"Niet brandend","Daglicht","Droog",\N,\N,"Voorzorgstraat","Haarlem","Haarlem","Noord-Holland",false,52.378443,4.620168,"material damage only","4","clear",false,1,"GM0392"
"20230040270",2023,"Letsel",2,"Snorfiets","e-bike","Flank","Kruispunt, 4 takken",30,"Niet brandend","Daglicht","Droog",\N,\N,"Spoorsingel","Delft","Delft","Zuid-Holland",false,52.013356,4.35114,"injury","2","clear",false,1,"GM0503"
"20230048510",2023,"Uitsluitend materiele schade",2,"Personenauto","e-bike","Flank","Kruispunt, 3 takken",30,"Niet brandend","Daglicht","Droog",\N,\N,"Opijnenstraat","Rotterdam","Rotterdam","Zuid-Holland",false,51.880792,4.454527,"material damage only","4","clear",false,1,"GM0599"
"20230056569",2023,"Uitsluitend materiele schade",2,"Personenauto","e-bike","Frontaal","Kruispunt, 3 takken",50,"Niet brandend","Daglicht","Droog",\N,\N,"Kanaalstraat","Nijmegen","Nijmegen","Gelderland",false,51.851361,5.83338,"material damage only","4","clear",false,1,"GM0268"
"20230058784",2023,"Letsel",3,"Fiets","Fiets","Frontaal","Bocht",\N,"Niet brandend","Daglicht","Droog",\N,"209299043","Kanaaldijk","Waddinxveen","Waddinxveen","Zuid-Holland",false,52.034836,4.652175,"injury","2","clear",false,1,"GM0627"
"20230038569",2023,"Uitsluitend materiele schade",2,"Personenauto","Fiets","Frontaal","Rechte weg",50,"Niet brandend","Daglicht","Droog",\N,\N,"FIETSPAD","Delft","Delft","Zuid-Holland",false,52.009136,4.355501,"material damage only","4","clear",false,1,"GM0503"