"accident_id","year","severity_raw","party_count","party1_type","party2_type","accident_type","road_situation","speed_limit_kmh","road_lighting","light_condition_label","weather_raw","infra_type","road_segment_id","street_name","place_name","gemeente_name_raw","province","alcohol_indicated","latitude","longitude","severity_label","severity_code","weather_label","built_up_area","cyclists_involved","gemeente_code"
"20230039130",2023,"Letsel",2,"Fiets","Fiets","Onbekend","Rechte weg",50,"Niet brandend","Daglicht","Droog",\N,\N,"Ambachtsgaarde","'s-Gravenhage","'s-Gravenhage","Zuid-Holland",false,52.035461,4.265488,"injury","2","clear",false,1,"GM0518"
"20230040291",2023,"Letsel",3,"Personenauto","Fiets","Onbekend","Kruispunt, 4 takken",30,"Niet brandend","Daglicht","Droog",\N,\N,"Simonsstraat","Delft","Delft","Zuid-Holland",false,52.0083,4.373695,"injury","2","clear",false,1,"GM0503"
"20230043173",2023,"Uitsluitend materiele schade",2,"Fiets","Dier","Dier","Rechte weg",30,"Niet brandend","Daglicht","Droog",\N,"315147063","Duithof","Valkenswaard","Valkenswaard","Noord-Brabant",false,51.353942,5.425277,"material damage only","4","clear",false,1,"GM0858"
"20230045543",2023,"Uitsluitend materiele schade",2,"Fiets",\N,"Flank","Kruispunt, 3 takken",50,"Niet brandend","Daglicht","Droog",\N,\N,"Havenstraat","Doetinchem","Doetinchem","Gelderland",false,51.954367,6.288487,"material damage only","4","clear",false,1,"GM0222"
"20230046722",2023,"Uitsluitend materiele schade",2,"Motor","Fiets","Flank","Kruispunt, 3 takken",50,"Niet brandend","Daglicht","Droog",\N,\N,"Kennemerplein","Haarlem","Haarlem","Noord-Holland",false,52.388888,4.637219,"material damage only","4","clear",false,1,"GM0392"
"20230053148",2023,"Uitsluitend materiele schade",2,"Fiets","Bromfiets","Onbekend","Rechte weg",30,\N,"Daglicht","Droog",\N,"107215062","Sint Domusstraat","Zierikzee","Schouwen-Duiveland","Zeeland",false,51.648072,3.922115,"material damage only","4","clear",false,1,"GM1676"
"20230053711",2023,"Uitsluitend materiele schade",2,"Fiets",\N,"Onbekend","Rechte weg",30,"Niet brandend","Daglicht","Droog",\N,"306140069","Riethovensedijk","Bergeijk","Bergeijk","Noord-Brabant",false,51.323355,5.363214,"material damage only","4","clear",false,1,"GM1724"
"20230057742",2023,"Uitsluitend materiele schade",2,"Fiets","Personenauto","Frontaal",\N,30,"Niet brandend","Daglicht","Regen",\N,\N,"Burg van Engelenweg","IJsselmuiden","Kampen","Overijssel",false,52.563304,5.931915,"material damage only","4","rain",false,1,"GM0166"
"20230058523",2023,"Letsel",1,"Fiets",\N,"Eenzijdig","Rechte weg",30,"Niet brandend","Daglicht","Droog",\N,"165295020","Van Foreestweg","Delft","Delft","Zuid-Holland",false,52.011963,4.333292,"injury","2","clear",false,1,"GM0503"
"20230060035",2023,"Letsel",2,"Fiets","Personenauto","Flank","Rechte weg",50,"Niet brandend","Daglicht","Droog",\N,"243372057","Amstel","Amsterdam","Amsterdam","Noord-Holland",false,52.363828,4.901484,"injury","2","clear",false,1,"GM0363"
"20230061046",2023,"Letsel",2,"Personenauto","Fiets","Flank","Rotonde",50,"Niet brandend","Daglicht","Droog",\N,\N,"Spijksedijk","Gorinchem","Gorinchem","Zuid-Holland",false,51.834897,4.981542,"injury","2","clear",false,1,"GM0512"
"20230041472",2023,"Uitsluitend materiele schade",2,"Personenauto","Fiets","Flank","Kruispunt, 3 takken",50,"Niet brandend","Daglicht","Droog",\N,\N,"Da Costastraat","Oss","Oss","Noord-Brabant",false,51.748164,5.504597,"material damage only","4","clear",false,1,"GM0828"
"20230045574",2023,"Letsel",3,"Personenauto","Fiets","Onbekend",\N,50,"Niet brandend","Daglicht","Droog",\N,\N,"Grunostraat","Groningen","Groningen","Groningen",false,53.207777,6.557897,"injury","2","clear",false,1,"GM0014"
"20230047931",2023,"Letsel",2,"Personenauto","Fiets","Flank","Bocht",50,"Niet brandend","Daglicht","Droog",\N,"600459034","Kinderhuissingel","Haarlem","Haarlem","Noord-Holland",false,52.387952,4.631857,"injury","2","clear",false,1,"GM0392"
"20230047910",2023,"Uitsluitend materiele schade",2,"Personenauto","Fiets","Flank","Kruispunt, 3 takken",50,"Niet brandend","Daglicht","Droog",\N,\N,"Winthontlaan","Utrecht","Utrecht","Utrecht",false,52.057969,5.109925,"material damage only","4","clear",false,1,"GM0344"
"20230052585",2023,"Letsel",2,"Bromfiets","Fiets","Flank","Rechte weg",30,"Niet brandend","Daglicht","Droog",\N,\N,"Wilhelminakanaal Noord","Oosterhout","Dongen","Noord-Brabant",false,51.624702,4.906077,"injury","2","clear",false,1,"GM0766"
"20230055466",2023,"Letsel",2,"Personenauto","Fiets","Flank","Kruispunt, 3 takken",50,"Niet brandend","Daglicht","Droog",\N,\N,"Oostersluisweg","Groningen","Groningen","Groningen",false,53.225683,6.592972,"injury","2","clear",false,1,"GM0014"
"20230056069",2023,"Uitsluitend materiele schade",2,"Fiets","Personenauto","Frontaal","Rotonde",30,"Niet brandend","Daglicht","Regen",\N,\N,"De Akkers","Urk","Urk","Flevoland",false,52.665767,5.602052,"material damage only","4","rain",false,1,"GM0184"
"20230058275",2023,"Letsel",2,"Fiets","Personenauto","Flank","Rotonde",50,"Niet brandend","Daglicht",\N,\N,\N,"Rijnsburgerweg","Leiden","Leiden","Zuid-Holland",false,52.170453,4.479621,"injury","2","unknown",false,1,"GM0546"
"20230059620",2023,"Uitsluitend materiele schade",2,"Fiets","Fiets","Flank","Kruispunt, 4 takken",\N,"Niet brandend","Daglicht","Droog",\N,\N,"Sarphatistraat","Amsterdam","Amsterdam","Noord-Holland",false,52.361158,4.907891,"material damage only","4","clear",false,1,"GM0363"
"20240127096",2024,"Uitsluitend materiele schade",2,"Fiets","Fiets","Flank","Rechte weg",30,"Niet brandend","Daglicht","Droog",\N,"432283009","Dichterseweg","Doetinchem","Doetinchem","Gelderland",false,51.960992,6.280239,"material damage only","4","clear",false,1,"GM0222"
"20230064790",2023,"Letsel",3,"Fiets","Fiets","Onbekend","Rechte weg",60,"Niet aanwezig","Daglicht","Droog",\N,"380241004","Bisseltsebaan","Groesbeek","Berg en Dal","Gelderland",false,51.770528,5.901111,"injury","2","clear",false,1,"GM1945"
"20240133298",2024,"Letsel",2,"Fiets","Fiets","Flank","Kruispunt, 3 takken",50,"Niet brandend","Daglicht","Droog",\N,\N,"Tuindreef","Zoetermeer","Zoetermeer","Zuid-Holland",false,52.067026,4.512267,"injury","2","clear",false,1,"GM0637"
"20240133306",2024,"Letsel",2,"Fiets","Fiets","Onbekend","Kruispunt, 4 takken",30,"Niet brandend","Daglicht","Droog",\N,\N,"RIJNZICHTBRUG","Leiden","Leiden","Zuid-Holland",false,52.159479,4.477773,"injury","2","clear",false,1,"GM0546"
"20230037461",2023,"Uitsluitend materiele schade",3,"Personenauto","Fiets","Flank","Kruispunt, 3 takken",50,"Niet brandend","Daglicht","Droog",\N,\N,"Waardpolderhoofdweg","Kolhorn","Hollands Kroon","Noord-Holland",false,52.794773,4.890309,"material damage only","4","clear",false,1,"GM1911"
"20230038648",2023,"Uitsluitend materiele schade",2,"Bromfiets","e-bike","Flank","Kruispunt, 4 takken",30,"Niet brandend","Daglicht","Droog",\N,\N,"Norderstedtplein","Zwijndrecht","Zwijndrecht","Zuid-Holland",false,51.822038,4.655642,"material damage only","4","clear",false,1,"GM0642"
"20230054345",2023,"Uitsluitend materiele schade",2,"Fiets","Fiets","Onbekend","Rechte weg",50,"Brandend","Daglicht","Droog",\N,"600816021","Via Regia","Maastricht","Maastricht","Limburg",false,50.858692,5.645095,"material damage only","4","clear",false,1,"GM0935"
"20230058566",2023,"Letsel",2,"Personenauto","Fiets","Flank","Kruispunt, 4 takken",50,"Niet brandend","Daglicht","Droog",\N,\N,"Archimedesstraat","'s-Gravenhage","'s-Gravenhage","Zuid-Holland",false,52.081243,4.276328,"injury","2","clear",false,1,"GM0518"
"20230059649",2023,"Letsel",3,"Fiets","Fiets","Flank","Kruispunt, 3 takken",50,"Niet brandend","Daglicht","Droog",\N,\N,"Middenduinerweg","Santpoort-Zuid","Velsen","Noord-Holland",false,52.428967,4.625635,"injury","2","clear",false,1,"GM0453"
"20230061644",2023,"Uitsluitend materiele schade",2,"Personenauto","e-bike","Flank","Kruispunt, 4 takken",30,"Niet brandend","Daglicht","Droog",\N,\N,"Maria Montessorilaan","Zoetermeer","Zoetermeer","Zuid-Holland",false,52.044318,4.476036,"material damage only","4","clear",false,1,"GM0637"
"20230061647",2023,"Letsel",2,"Personenauto","Fiets","Flank","Rechte weg",50,"Niet aanwezig","Daglicht","Droog",\N,"180334049","Sandtlaan","Rijnsburg","Katwijk","Zuid-Holland",false,52.189223,4.439845,"injury","2","clear",false,1,"GM0537"
"20230064829",2023,"Uitsluitend materiele schade",2,"Personenauto","Fiets","Flank","Kruispunt, 4 takken",60,"Niet brandend","Daglicht","Droog",\N,\N,"Meulunterseweg","Lunteren","Ede","Gelderland",false,52.101491,5.620382,"material damage only","4","clear",false,1,"GM0228"
"20240130980",2024,"Uitsluitend materiele schade",2,"Fiets","Fiets","Los voorwerp","Rechte weg",30,"Niet brandend","Daglicht","Droog",\N,"220432089","Jan de Heemstraat","Alkmaar","Alkmaar","Noord-Holland",false,52.632791,4.728938,"material damage only","4","clear",false,1,"GM0361"
"20240131053",2024,"Uitsluitend materiele schade",2,"Fiets","Snorfiets","Frontaal","Bocht",30,"Niet brandend","Daglicht","Regen",\N,"229369075","Plesmanlaan","Amsterdam","Amsterdam","Noord-Holland",false,52.347546,4.798181,"material damage only","4","rain",false,1,"GM0363"
"20240129109",2024,"Uitsluitend materiele schade",2,"Personenauto","Fiets","Flank","Rechte weg",50,"Niet brandend","Daglicht","Droog",\N,\N,"Tigrisdreef","Utrecht","Utrecht","Utrecht",false,52.125844,5.103297,"material damage only","4","clear",false,1,"GM0344"
"20230040391",2023,"Uitsluitend materiele schade",2,"Personenauto","Fiets","Kop/staart","Rechte weg",50,"Brandend","Daglicht","Droog",\N,"249378046","Purmerplein","Amsterdam","Amsterdam","Noord-Holland",false,52.390826,4.94384,"material damage only","4","clear",false,1,"GM0363"
"20230045060",2023,"Letsel",3,"Personenauto","Fiets","Onbekend","Kruispunt, 4 takken",80,"Niet brandend","Daglicht","Droog",\N,\N,"Hunzeweg","Harbrinkhoek","Tubbergen","Overijssel",false,52.390267,6.739013,"injury","2","clear",false,1,"GM0183"
"20230054377",2023,"Uitsluitend materiele schade",1,"Fiets",\N,"Frontaal","Bocht",50,"Niet brandend","Daglicht","Droog",\N,\N,"Vloetstraat","Volkel","Maashorst","Noord-Brabant",false,51.646118,5.647264,"material damage only","4","clear",false,1,"GM1991"
"20230058315",2023,"Uitsluitend materiele schade",2,"Bromfiets","Fiets","Flank","Rechte weg",30,"Niet brandend","Daglicht","Droog",\N,"600755591","Meer en Vaart","Amsterdam","Amsterdam","Noord-Holland",false,52.363741,4.804926,"material damage only","4","clear",false,1,"GM0363"
"20230059700",2023,"Letsel",2,"Bromfiets","Fiets","Frontaal","Rechte weg",30,"Niet brandend","Daglicht","Droog/Harde windstoten",\N,"245375025","Piet Heinkade","Amsterdam","Amsterdam","Noord-Holland",false,52.376837,4.917372,"injury","2","unknown",false,1,"GM0363"
"20230063761",2023,"Uitsluitend materiele schade",2,"Personenauto","e-bike","Flank","Kruispunt, 3 takken",50,"Niet brandend","Daglicht","Regen",\N,\N,"Meerssenerweg","Maastricht","Maastricht","Limburg",false,50.847762,5.706922,"material damage only","4","rain",false,1,"GM0935"
"20230064868",2023,"Letsel",2,"Fiets","Fiets","Onbekend","Rechte weg",60,"Niet brandend","Daglicht","Droog",\N,"407481003","Westvierdeparten","Steggerda","Weststellingwerf","Friesland",false,52.852656,6.113426,"injury","2","clear",false,1,"GM0098"
"20240129813",2024,"Uitsluitend materiele schade",2,"Bromfiets","Fiets","Flank","Rechte weg",50,"Brandend","Duisternis","Droog",\N,"600832613","St. Annastraat","Nijmegen","Nijmegen","Gelderland",false,51.831429,5.858392,"material damage only","4","clear",false,1,"GM0268"
"20230037534",2023,"Letsel",4,"Bromfiets","Fiets","Onbekend","Kruispunt, 3 takken",30,"Niet brandend","Daglicht","Droog",\N,\N,"Dorpsstraat","Assendelft","Zaanstad","Noord-Holland",false,52.466983,4.740929,"injury","2","clear",false,1,"GM0479"
"20230038709",2023,"Letsel",1,"Fiets",\N,"Eenzijdig","Rechte weg",50,"Brandend","Duisternis","Regen",\N,"600105435","Westduinweg","'s-Gravenhage","'s-Gravenhage","Zuid-Holland",false,52.096207,4.269876,"injury","2","rain",false,1,"GM0518"
"20230039867",2023,"Letsel",2,"Fiets","Fiets","Onbekend","Rechte weg",80,"Niet brandend","Daglicht","Droog",\N,"600398236","Rijwielpad Coepelduynen","Noordwijk","Noordwijk","Zuid-Holland",false,52.22583,4.415114,"injury","2","clear",false,1,"GM0575"
"20230044536",2023,"Letsel",2,"Personenauto","Fiets","Flank","Rechte weg",50,"Brandend","Duisternis","Regen",\N,"508539016","Boven Westerdiep","Veendam","Veendam","Groningen",false,53.104861,6.870178,"injury","2","rain",false,1,"GM0047"
"20230047446",2023,"Uitsluitend materiele schade",2,"Bestelauto","Fiets","Frontaal","Kruispunt, 4 takken",30,"Niet brandend","Daglicht","Droog",\N,\N,"WITTEVROUWENBRUG","Utrecht","Utrecht","Utrecht",false,52.09504,5.126529,"material damage only","4","clear",false,1,"GM0344"
"20230049230",2023,"Letsel",2,"Personenauto","Fiets","Flank","Rotonde",50,"Niet brandend","Daglicht","Droog",\N,\N,"Valkenboslaan","'s-Gravenhage","'s-Gravenhage","Zuid-Holland",false,52.072255,4.275407,"injury","2","clear",false,1,"GM0518"
"20230059329",2023,"Letsel",2,"Bestelauto","Fiets","Eenzijdig","Rechte weg",50,"Niet brandend","Daglicht","Droog",\N,"280445077","Streekweg","Hoogkarspel","Drechterland","Noord-Holland",false,52.693487,5.17042,"injury","2","clear",false,1,"GM0498"
"20230061168",2023,"Uitsluitend materiele schade",2,"Personenauto","Fiets","Geparkeerd voertuig","Rechte weg",30,"Niet brandend","Daglicht","Droog",\N,"186305087","Vlamingstraat","Zoetermeer","Zoetermeer","Zuid-Holland",false,52.058589,4.488689,"material damage only","4","clear",false,1,"GM0637"
"20230063782",2023,"Letsel",3,"Personenauto","Fiets","Onbekend","Kruispunt, 4 takken",50,"Niet brandend","Daglicht","Droog",\N,\N,"Deken Van Baarsstraat","Budel","Cranendonck","Noord-Brabant",false,51.271509,5.580891,"injury","2","clear",false,1,"GM1706"
"20230064111",2023,"Uitsluitend materiele schade",2,"Personenauto","e-bike","Flank","Rotonde",50,"Niet brandend","Daglicht","Droog",\N,\N,"Europa-allee","Kampen","Kampen","Overijssel",false,52.542061,5.920705,"material damage only","4","clear",false,1,"GM0166"
"20230064506",2023,"Letsel",3,"Fiets","Fiets","Onbekend","Rechte weg",80,"Niet aanwezig","Daglicht","Droog",\N,\N,"Rijksweg","Ede","Ede","Gelderland",false,52.051546,5.673018,"injury","2","clear",false,1,"GM0228"
"20240127166",2024,"Letsel",2,"Personenauto","Fiets","Frontaal","Kruispunt, 3 takken",30,"Niet brandend","Daglicht","Droog",\N,\N,"Rijksstraatweg","Warnsveld","Zutphen","Gelderland",false,52.142231,6.219783,"injury","2","clear",false,1,"GM0301"
"20230049812",2023,"Uitsluitend materiele schade",2,"Bestelauto","Fiets","Frontaal","Rotonde",50,"Niet brandend","Daglicht","Regen",\N,\N,"Spaklerweg","Amsterdam","Amsterdam","Noord-Holland",false,52.343925,4.918454,"material damage only","4","rain",false,1,"GM0363"
"20230050396",2023,"Uitsluitend materiele schade",2,"Personenauto","Fiets","Flank","Kruispunt, 3 takken",50,"Niet brandend","Daglicht","Regen",\N,\N,"Blauwe Berg","Hoorn","Hoorn","Noord-Holland",false,52.650117,5.045958,"material damage only","4","rain",false,1,"GM0405"
"20230056799",2023,"Uitsluitend materiele schade",2,"Personenauto","Fiets","Flank","Rechte weg",50,"Niet brandend","Daglicht","Droog",\N,"335276026","Hoofdstraat","Kesteren","Neder-Betuwe","Gelderland",false,51.93368,5.574112,"material damage only","4","clear",false,1,"GM1740"
"20230061767",2023,"Uitsluitend materiele schade",4,"Bromfiets","Fiets","Los voorwerp","Rechte weg",\N,"Niet brandend","Daglicht","Droog",\N,"600713123","Loosduinse Hoofdstraat","'s-Gravenhage","'s-Gravenhage","Zuid-Holland",false,52.052237,4.231016,"material damage only","4","clear",false,1,"GM0518"
"20240133094",2024,"Uitsluitend materiele schade",2,"Fiets","Bromfiets","Frontaal","Rechte weg",30,"Niet brandend","Daglicht","Droog","Tunnel","600938434","Noordelijke Dwarsweg","Zevenhuizen","Zuidplas","Zuid-Holland",false,52.017748,4.597467,"material damage only","4","clear",false,1,"GM1892"
"20240127445",2024,"Uitsluitend materiele schade",2,"Fiets","Personenauto","Flank","Rechte weg",\N,"Niet brandend","Daglicht","Droog",\N,"414554022","Groningerstraat","Surhuisterveen","Achtkarspelen","Friesland",false,53.181207,6.166702,"material damage only","4","clear",false,1,"GM0059"
"20240127535",2024,"Uitsluitend materiele schade",2,"Personenauto","Fiets","Onbekend","Rotonde",50,"Niet brandend","Daglicht","Droog",\N,\N,"Havenstraat","Doetinchem","Doetinchem","Gelderland",false,51.952227,6.28893,"material damage only","4","clear",false,1,"GM0222"
"20240127944",2024,"Letsel",2,"Fiets","Fiets","Onbekend","Rechte weg",60,"Niet brandend","Daglicht","Harde windstoten/Regen",\N,"428422001","Zandspeur","Nieuwleusen","Dalfsen","Overijssel",false,52.585937,6.264163,"injury","2","unknown",false,1,"GM0148"
"20230066372",2023,"Uitsluitend materiele schade",2,\N,"Fiets","Flank","Kruispunt, 3 takken",50,"Niet brandend","Daglicht","Droog",\N,\N,"Sportlaan","Gouda","Gouda","Zuid-Holland",false,52.01105,4.737375,"material damage only","4","clear",false,1,"GM0513"
"20230039356",2023,"Uitsluitend materiele schade",2,"Personenauto","Fiets","Flank","Kruispunt, 4 takken",50,\N,"Schemer","Droog",\N,\N,"Spaarndammerstraat","Amsterdam","Amsterdam","Noord-Holland",false,52.390736,4.878378,"material damage only","4","clear",false,1,"GM0363"
"20230040504",2023,"Letsel",1,"Fiets",\N,"Eenzijdig","Rechte weg",50,"Niet brandend","Daglicht","Droog",\N,\N,"Johan de Wittlaan","'s-Gravenhage","'s-Gravenhage","Zuid-Holland",false,52.091714,4.283864,"injury","2","clear",false,1,"GM0518"
"20230041659",2023,"Letsel",1,"Fiets",\N,"Eenzijdig","Rotonde",50,"Niet brandend","Daglicht","Regen",\N,\N,"Burg Verkuijlstraat","Boxmeer","Land van Cuijk","Noord-Brabant",false,51.648457,5.945139,"injury","2","rain",false,1,"GM1982"
"20230046955",2023,"Letsel",2,"Personenauto","Fiets","Flank","Kruispunt, 4 takken",30,"Niet brandend","Daglicht","Droog",\N,\N,"Andreaweg","Velsen-Noord","Velsen","Noord-Holland",false,52.475193,4.648405,"injury","2","clear",false,1,"GM0453"
"20230056821",2023,"Letsel",3,"Bestelauto","Fiets","Onbekend","Kruispunt, 4 takken",50,"Niet brandend","Daglicht","Droog",\N,\N,"St. Annastraat","Nijmegen","Nijmegen","Gelderland",false,51.830437,5.858179,"injury","2","clear",false,1,"GM0268"
"20230061250",2023,"Letsel",1,"Fiets",\N,"Eenzijdig","Kruispunt, 4 takken",15,"Niet brandend","Daglicht","Droog",\N,\N,"Spui","'s-Gravenhage","'s-Gravenhage","Zuid-Holland",false,52.07751,4.314939,"injury","2","clear",false,1,"GM0518"
"20240127710",2024,"Letsel",2,"Personenauto","Fiets","Onbekend","Kruispunt, 4 takken",30,"Niet brandend","Daglicht","Regen",\N,\N,"Derksweg","Klazienaveen","Emmen","Drenthe",false,52.72371,6.985234,"injury","2","rain",false,1,"GM0114"
"20240128220",2024,"Dodelijk",2,"Vrachtauto","Fiets","Onbekend","Kruispunt, 4 takken",50,"Niet aanwezig","Daglicht","Droog",\N,\N,"Wilhelminastraat","Emmen","Emmen","Drenthe",true,52.779227,6.896596,"fatal","1","clear",false,1,"GM0114"
"20230066557",2023,"Letsel",1,"Fiets",\N,"Eenzijdig","Bocht",30,"Niet brandend","Daglicht","Droog",\N,"249406076","Purmerenderweg","Zuidoostbeemster","Purmerend","Noord-Holland",false,52.518883,4.944835,"injury","2","clear",false,1,"GM0439"
"20230041126",2023,"Letsel",2,"Bestelauto","Fiets","Onbekend","Kruispunt, 4 takken",60,"Niet brandend","Daglicht","Droog",\N,\N,"Vale Peelweg","Venhorst","Boekel","Noord-Brabant",false,51.604174,5.716666,"injury","2","clear",false,1,"GM0755"
"20230042273",2023,"Letsel",2,"Personenauto","Fiets","Flank","Rechte weg",50,"Niet brandend","Daglicht","Droog",\N,"189269102","Slaghekstraat","Rotterdam","Rotterdam","Zuid-Holland",false,51.897741,4.514173,"injury","2","clear",false,1,"GM0599"
"20230045793",2023,"Uitsluitend materiele schade",2,"Fiets","Fiets","Frontaal","Rechte weg",\N,"Niet brandend","Daglicht","Regen",\N,"416348112","Snipperlingsdijk","Deventer","Deventer","Overijssel",false,52.253489,6.17044,"material damage only","4","rain",false,1,"GM0150"
"20230046406",2023,"Uitsluitend materiele schade",3,"Fiets","Personenauto","Onbekend","Rechte weg",50,"Niet brandend","Daglicht","Droog",\N,"359448018","Industrieweg","Emmeloord","Noordoostpolder","Flevoland",false,52.705003,5.752161,"material damage only","4","clear",false,1,"GM0171"
"20240133632",2024,"Letsel",2,"Personenauto","Fiets","Flank","Kruispunt, 4 takken",50,"Niet brandend","Daglicht","Droog",\N,\N,"Pierre van Hauwelaan","Delft","Delft","Zuid-Holland",false,51.996298,4.350306,"injury","2","clear",false,1,"GM0503"
"20230040007",2023,"Letsel",2,"Trein/tram","Fiets","Flank","Rechte weg",30,"Niet brandend","Daglicht","Droog",\N,\N,"Westvest","Delft","Delft","Zuid-Holland",false,52.009142,4.356107,"injury","2","clear",false,1,"GM0503"
"20230049916",2023,"Letsel",1,"Fiets",\N,"Eenzijdig","Rechte weg",50,"Brandend","Schemer","Droog",\N,\N,"Herenweg","Noordwijk","Noordwijk","Zuid-Holland",false,52.227654,4.444522,"injury","2","clear",false,1,"GM0575"
"20240129202",2024,"Letsel",2,"Personenauto","Fiets","Flank","Kruispunt, 3 takken",30,"Niet brandend","Daglicht","Droog",\N,\N,"Irisstraat","Baarn","Baarn","Utrecht",false,52.206063,5.299177,"injury","2","clear",false,1,"GM0308"
"20230039460",2023,"Letsel",2,"Personenauto","Fiets","Flank","Kruispunt, 3 takken",30,"Niet brandend","Daglicht","Droog",\N,\N,"ZOMERHOFBRUG","Rotterdam","Rotterdam","Zuid-Holland",false,51.930024,4.480251,"injury","2","clear",false,1,"GM0599"
"20230049415",2023,"Uitsluitend materiele schade",3,"Fiets","Fiets","Onbekend","Rechte weg",50,"Niet brandend","Daglicht","Droog",\N,"160306059","Hoefkade","'s-Gravenhage","'s-Gravenhage","Zuid-Holland",false,52.060732,4.296526,"material damage only","4","clear",false,1,"GM0518"
"20230049420",2023,"Uitsluitend materiele schade",2,"Fiets","Personenauto","Flank","Kruispunt, 4 takken",50,"Niet brandend","Daglicht","Droog",\N,\N,"Edisonstraat","'s-Gravenhage","'s-Gravenhage","Zuid-Holland",false,52.076568,4.271399,"material damage only","4","clear",false,1,"GM0518"
"20240129533",2024,"Uitsluitend materiele schade",2,"Snorfiets","Fiets","Onbekend","Rechte weg",\N,"Niet brandend","Daglicht","Regen",\N,"600285216","Stationsplein","Almelo","Almelo","Overijssel",false,52.357594,6.656049,"material damage only","4","rain",false,1,"GM0141"
"20240130857",2024,"Uitsluitend materiele schade",2,"Personenauto","Fiets","Flank","Kruispunt, 4 takken",30,"Niet brandend","Daglicht","Droog",\N,\N,"Cornelis Schuytstraat","Amsterdam","Amsterdam","Noord-Holland",false,52.353709,4.872394,"material damage only","4","clear",false,1,"GM0363"
"20230048264",2023,"Uitsluitend materiele schade",3,"Personenauto","Fiets","Onbekend","Kruispunt, 4 takken",50,"Niet brandend","Daglicht","Droog",\N,\N,"Berg en Dalseweg","Nijmegen","Nijmegen","Gelderland",false,51.843084,5.871991,"material damage only","4","clear",false,1,"GM0268"
"20230050579",2023,"Letsel",2,"Fiets","Personenauto","Kop/staart","Rechte weg",50,"Brandend","Duisternis","Droog",\N,"215297170","Vuurdoornlaan","Gouda","Gouda","Zuid-Holland",false,52.024794,4.695675,"injury","2","clear",false,1,"GM0513"
"20240128793",2024,"Uitsluitend materiele schade",2,"Snorfiets","Fiets","Frontaal","Rechte weg",50,"Niet brandend","Schemer","Droog",\N,"520508003","Zuiderdiep","Nieuw-Buinen","Borger-Odoorn","Drenthe",false,52.965539,6.957737,"material damage only","4","clear",false,1,"GM1681"
"20240131262",2024,"Uitsluitend materiele schade",2,"Bromfiets","Fiets","Flank","Rechte weg",30,"Niet brandend","Daglicht","Droog",\N,"250362088","Darlingstraat","Amsterdam","Amsterdam","Noord-Holland",false,52.319448,4.94984,"material damage only","4","clear",false,1,"GM0363"
"20240131704",2024,"Letsel",2,"Personenauto","Fiets","Flank","Kruispunt, 4 takken",30,"Niet brandend","Daglicht","Droog",\N,\N,"Blériotlaan","Beverwijk","Beverwijk","Noord-Holland",false,52.499156,4.66286,"injury","2","clear",false,1,"GM0375"
"20230052935",2023,"Uitsluitend materiele schade",2,"Personenauto","Fiets","Flank","Rotonde",50,"Niet brandend","Daglicht","Droog",\N,\N,"Couwenhoekseweg","Capelle aan den IJssel","Capelle aan den IJssel","Zuid-Holland",false,51.933779,4.596017,"material damage only","4","clear",false,1,"GM0502"
"20240131644",2024,"Uitsluitend materiele schade",2,"Fiets","Personenauto","Onbekend","Kruispunt, 3 takken",30,"Niet brandend","Daglicht","Droog",\N,\N,"Spaarndammerdijk","Amsterdam","Amsterdam","Noord-Holland",false,52.393011,4.868066,"material damage only","4","clear",false,1,"GM0363"
"20240131980",2024,"Letsel",2,"Personenauto","Fiets","Flank","Kruispunt, 3 takken",50,"Niet brandend","Daglicht","Droog","Tankstation",\N,"Lindengracht","Opmeer","Opmeer","Noord-Holland",false,52.704925,4.95176,"injury","2","clear",false,1,"GM0432"
"20240132055",2024,"Letsel",2,"Bestelauto","Fiets","Geparkeerd voertuig","Rechte weg",50,"Brandend","Duisternis","Droog",\N,"204372012","Zandvoorter Allee","Haarlem","Haarlem","Noord-Holland",false,52.361917,4.61552,"injury","2","clear",false,1,"GM0392"
"20240133672",2024,"Uitsluitend materiele schade",3,"Personenauto","Fiets","Flank","Bocht",30,"Niet aanwezig","Daglicht","Droog",\N,"223351043","Schoorsteen","Aalsmeer","Aalsmeer","Noord-Holland",false,52.266679,4.754917,"material damage only","4","clear",false,1,"GM0358"
"20240133468",2024,"Uitsluitend materiele schade",2,"Fiets","Bromfiets","Flank","Rechte weg",30,"Niet aanwezig","Daglicht","Droog",\N,"252363040","Rosa Luxemburgstraat","Amsterdam","Amsterdam","Noord-Holland",false,52.32114,4.963865,"material damage only","4","clear",false,1,"GM0363"
"20230040722",2023,"Letsel",3,"Personenauto","Fiets","Onbekend","Rechte weg",60,"Niet brandend","Daglicht","Droog",\N,"233281001","Opweg","Schoonhoven","Krimpenerwaard","Zuid-Holland",false,51.956334,4.836166,"injury","2","clear",false,1,"GM1931"
"20230045388",2023,"Uitsluitend materiele schade",2,"Personenauto","Fiets","Flank","Kruispunt, 3 takken",30,"Niet brandend","Daglicht","Droog",\N,\N,"Het Riet","Enschede","Enschede","Overijssel",false,52.195949,6.883078,"material damage only","4","clear",false,1,"GM0153"
"20230047754",2023,"Uitsluitend materiele schade",2,"Snorfiets","e-bike","Flank","Kruispunt, 3 takken",30,"Niet brandend","Daglicht","Droog",\N,\N,"Anjelierstraat","Koog aan de Zaan","Zaanstad","Noord-Holland",false,52.459343,4.810374,"material damage only","4","clear",false,1,"GM0479"