"accident_id","year","severity_raw","party_count","party1_type","party2_type","accident_type","road_situation","speed_limit_kmh","road_lighting","light_condition_label","weather_raw","infra_type","road_segment_id","street_name","place_name","gemeente_name_raw","province","alcohol_indicated","latitude","longitude","severity_label","severity_code","weather_label","built_up_area","cyclists_involved","gemeente_code"
"20220229472",2022,"Letsel",3,"Fiets","Fiets","Frontaal","Rechte weg",\N,"Niet brandend","Daglicht","Droog",\N,"600550855","De Gagelvelden","Casteren","Bladel","Noord-Brabant",false,51.397373,5.234362,"injury","2","clear",false,1,"GM1728"
"20220199570",2022,"Uitsluitend materiele schade",2,"Bromfiets","Fiets","Frontaal","Bocht",30,"Brandend","Duisternis","Regen",\N,"457372058","Godfried Bomansstraat","Nijverdal","Hellendoorn","Overijssel",false,52.358859,6.47013,"material damage only","4","rain",false,1,"GM0163"
"20220200255",2022,"Uitsluitend materiele schade",1,"Fiets",\N,"Onbekend","Rotonde",50,"Brandend","Duisternis","Regen",\N,\N,"Goorsestraat","Haaksbergen","Haaksbergen","Overijssel",false,52.166456,6.722919,"material damage only","4","rain",false,1,"GM0158"
"20220215860",2022,"Uitsluitend materiele schade",1,"Fiets",\N,"Onbekend","Rechte weg",15,"Brandend","Daglicht","Droog",\N,"185325059","Churchilllaan","Leiden","Leiden","Zuid-Holland",false,52.149734,4.474336,"material damage only","4","clear",false,1,"GM0546"
"20220202093",2022,"Uitsluitend materiele schade",2,"Bromfiets","Fiets","Flank","Rechte weg",60,"Niet brandend","Daglicht","Droog",\N,"600436978","Arnhemseweg","Leusden","Leusden","Utrecht",false,52.107869,5.412299,"material damage only","4","clear",false,1,"GM0327"
"20220218041",2022,"Letsel",2,"Fiets","Fiets","Onbekend","Rechte weg",50,"Brandend","Duisternis","Sneeuw/Hagel",\N,"161312082","Burgemeester Patijnlaan","'s-Gravenhage","'s-Gravenhage","Zuid-Holland",false,52.089646,4.301174,"injury","2","unknown",false,1,"GM0518"
"20220203208",2022,"Letsel",3,"Personenauto","e-bike","Onbekend","Rechte weg",30,"Niet brandend","Daglicht","Droog",\N,\N,"Haagwinde","Nieuwegein","Nieuwegein","Utrecht",false,52.006331,5.085334,"injury","2","clear",false,1,"GM0356"
"20220208268",2022,"Letsel",2,"Personenauto","Fiets","Flank","Rechte weg",50,"Brandend","Duisternis","Droog",\N,\N,"Wenckebachstraat","Velsen-Noord","Velsen","Noord-Holland",false,52.474078,4.628201,"injury","2","clear",false,1,"GM0453"
"20220215993",2022,"Letsel",2,"Personenauto","e-bike","Flank","Rechte weg",50,"Niet brandend","Daglicht","Droog",\N,"167291035","Martinus Nijhofflaan","Delft","Delft","Zuid-Holland",false,51.99668,4.352424,"injury","2","clear",false,1,"GM0503"
"20220221729",2022,"Letsel",2,"Personenauto","Fiets","Frontaal","Kruispunt, 4 takken",50,"Brandend","Schemer","Droog",\N,\N,"Rijksstraatweg","Klaaswaal","Hoeksche Waard","Zuid-Holland",false,51.768195,4.444321,"injury","2","clear",false,1,"GM1963"
"20220227312",2022,"Uitsluitend materiele schade",2,"Snorfiets","Fiets","Onbekend","Kruispunt, 4 takken",50,"Brandend","Duisternis","Droog",\N,\N,"Airbornelaan","Eindhoven","Eindhoven","Noord-Brabant",false,51.475755,5.489278,"material damage only","4","clear",false,1,"GM0772"
"20220202373",2022,"Uitsluitend materiele schade",2,"Bromfiets","Fiets","Frontaal","Rechte weg",80,"Brandend","Duisternis","Regen",\N,"373414001","Vossemeerdijk","Dronten","Dronten","Flevoland",false,52.547306,5.845349,"material damage only","4","rain",false,1,"GM0303"
"20220206593",2022,"Letsel",2,"Bestelauto","Fiets","Flank","Rotonde",50,"Niet brandend","Daglicht","Droog",\N,\N,"Westelijke Randweg","Broek op Langedijk","Dijk en Waard","Noord-Holland",false,52.674056,4.803828,"injury","2","clear",false,1,"GM1980"
"20220215305",2022,"Uitsluitend materiele schade",1,"Fiets",\N,"Voetganger","Rechte weg",50,"Niet brandend","Daglicht","Droog",\N,"218295085","Zwarteweg","Gouda","Gouda","Zuid-Holland",false,52.017374,4.722754,"material damage only","4","clear",false,1,"GM0513"
"20220221744",2022,"Uitsluitend materiele schade",2,"Fiets","Fiets","Frontaal","Rechte weg",30,"Brandend","Duisternis","Droog",\N,"600734180","Berlagestraat","Rotterdam","Rotterdam","Zuid-Holland",false,51.940308,4.550969,"material damage only","4","clear",false,1,"GM0599"
"20220227333",2022,"Letsel",1,"Fiets",\N,"Eenzijdig","Rotonde",\N,"Niet brandend","Daglicht","Droog",\N,\N,"Bosscheweg","Boxtel","Boxtel","Noord-Brabant",false,51.601124,5.322483,"injury","2","clear",false,1,"GM0757"
"20220093266",2022,"Dodelijk",2,"Personenauto","e-bike","Los voorwerp","Kruispunt, 4 takken",50,"Niet brandend","Daglicht","Droog",\N,\N,"Julianalaan","Leeuwarden","Leeuwarden","Friesland",false,53.186727,5.796535,"fatal","1","clear",false,1,"GM0080"
"20220213753",2022,"Letsel",1,"Fiets",\N,"Eenzijdig","Rechte weg",30,"Brandend","Duisternis","Droog",\N,"162310091","Buitenhof","'s-Gravenhage","'s-Gravenhage","Zuid-Holland",false,52.078727,4.310803,"injury","2","clear",false,1,"GM0518"
"20220217456",2022,"Letsel",3,"Personenauto","Fiets","Onbekend","Bocht",30,"Niet brandend","Daglicht","Droog",\N,"217294078","Houtmansgracht","Gouda","Gouda","Zuid-Holland",true,52.01372,4.713227,"injury","2","clear",false,1,"GM0513"
"20220097210",2022,"Dodelijk",2,"Personenauto","Fiets","Flank","Rotonde",50,"Niet brandend","Daglicht","Droog",\N,\N,"Margijnenenk","Deventer","Deventer","Overijssel",false,52.26994,6.164731,"fatal","1","clear",false,1,"GM0150"
"20220214658",2022,"Letsel",2,"Landbouwvoertuig","Fiets","Flank","Rechte weg",50,"Niet brandend","Daglicht","Droog",\N,"600954598","Goudseweg","Haastrecht","Krimpenerwaard","Zuid-Holland",false,51.999633,4.731648,"injury","2","clear",false,1,"GM1931"
"20220114036",2022,"Dodelijk",2,"Personenauto","Fiets","Flank","Rechte weg",50,"Niet brandend","Daglicht","Droog",\N,"600899479","Prins Mauritslaan","Beek","Beek","Limburg",false,50.943573,5.797757,"fatal","1","clear",false,1,\N
"20220208438",2022,"Uitsluitend materiele schade",2,"Fiets","Personenauto","Flank","Kruispunt, 4 takken",50,"Niet brandend","Daglicht","Droog",\N,\N,"Zandvoorter Allee","Heemstede","Heemstede","Noord-Holland",false,52.359449,4.611284,"material damage only","4","clear",false,1,"GM0397"
"20220211154",2022,"Uitsluitend materiele schade",1,"e-bike",\N,"Voetganger","Rechte weg",50,"Niet brandend","Daglicht","Droog",\N,"229371092","Tussen Meer","Amsterdam","Amsterdam","Noord-Holland",false,52.358442,4.80161,"material damage only","4","clear",false,1,"GM0363"
"20220225611",2022,"Uitsluitend materiele schade",2,"Personenauto","e-bike","Flank","Kruispunt, 4 takken",50,"Brandend","Schemer","Droog",\N,\N,"Vijzelweg","Waalwijk","Waalwijk","Noord-Brabant",false,51.697618,5.046685,"material damage only","4","clear",false,1,"GM0867"
"20220202594",2022,"Letsel",2,"Fiets","Personenauto","Frontaal","Bocht",50,"Niet brandend","Daglicht","Droog",\N,\N,"Gooilandweg","Huizen","Huizen","Noord-Holland",false,52.29054,5.244056,"injury","2","clear",false,1,"GM0406"
"20220206804",2022,"Letsel",3,"Bestelauto","Fiets","Los voorwerp","Kruispunt, 3 takken",50,\N,"Daglicht",\N,\N,\N,"Graaf Florislaan","Beverwijk","Beverwijk","Noord-Holland",false,52.482235,4.665497,"injury","2","unknown",false,1,"GM0375"
"20220210483",2022,"Uitsluitend materiele schade",2,"Fiets","Motor","Flank","Rechte weg",50,"Niet brandend","Daglicht","Droog",\N,"238374077","Jan Evertsenstraat","Amsterdam","Amsterdam","Noord-Holland",false,52.371428,4.858542,"material damage only","4","clear",false,1,"GM0363"
"20220210486",2022,"Letsel",2,"Fiets","Fiets","Flank","Rechte weg",50,"Niet brandend","Daglicht","Droog",\N,"600757777","Legmeerdijk","Amstelveen","Amstelveen","Noord-Holland",false,52.291487,4.826821,"injury","2","clear",false,1,"GM0362"
"20220212809",2022,"Letsel",1,"e-bike",\N,"Eenzijdig","Kruispunt, 4 takken",30,"Niet brandend","Daglicht","Droog",\N,\N,"Erasmusweg","'s-Gravenhage","'s-Gravenhage","Zuid-Holland",false,52.042542,4.284038,"injury","2","clear",false,1,"GM0518"
"20220212842",2022,"Uitsluitend materiele schade",2,"Personenauto","e-bike","Flank","Kruispunt, 4 takken",50,"Niet brandend","Daglicht","Droog",\N,\N,"Koningstraat","'s-Gravenhage","'s-Gravenhage","Zuid-Holland",false,52.06936,4.313874,"material damage only","4","clear",false,1,"GM0518"
"20220212843",2022,"Uitsluitend materiele schade",2,"Personenauto","Fiets","Kop/staart","Kruispunt, 4 takken",50,"Brandend","Duisternis","Droog",\N,\N,"Duinstraat","'s-Gravenhage","'s-Gravenhage","Zuid-Holland",false,52.101661,4.276333,"material damage only","4","clear",false,1,"GM0518"
"20220216227",2022,"Letsel",3,"Personenauto","e-bike","Onbekend","Kruispunt, 4 takken",50,"Niet brandend","Daglicht","Regen",\N,\N,"Leidse Schouw","Alphen aan den Rijn","Alphen aan den Rijn","Zuid-Holland",false,52.131785,4.62647,"injury","2","rain",false,1,"GM0484"
"20220216230",2022,"Letsel",2,"Bestelauto","Fiets","Eenzijdig","Rechte weg",50,"Niet brandend","Daglicht","Droog",\N,"600731659","Hoofdstraat","Sassenheim","Teylingen","Zuid-Holland",false,52.217037,4.506265,"injury","2","clear",false,1,"GM1525"
"20220217572",2022,"Letsel",1,"Fiets",\N,"Eenzijdig","Rechte weg",30,"Brandend","Duisternis","Droog",\N,"159314036","Van Stolkweg","'s-Gravenhage","'s-Gravenhage","Zuid-Holland",false,52.096906,4.285796,"injury","2","clear",false,1,"GM0518"
"20220219724",2022,"Letsel",1,"Fiets",\N,"Eenzijdig",\N,80,\N,"Duisternis",\N,\N,"157253002","Molendijk","Simonshaven","Nissewaard","Zuid-Holland",false,51.824375,4.285685,"injury","2","unknown",false,1,"GM1930"
"20220220565",2022,"Uitsluitend materiele schade",2,"Fiets","Fiets","Onbekend","Bocht",30,"Brandend","Duisternis","Droog",\N,"167271027","Vulcaanweg","Vlaardingen","Vlaardingen","Zuid-Holland",false,51.90372,4.348241,"material damage only","4","clear",false,1,"GM0622"
"20220208533",2022,"Letsel",3,"Personenauto","Fiets","Onbekend","Rotonde",50,"Brandend","Duisternis","Droog",\N,\N,"Operaweg","Nieuw-Vennep","Haarlemmermeer","Noord-Holland",false,52.273285,4.625399,"injury","2","clear",false,1,"GM0394"
"20220208552",2022,"Uitsluitend materiele schade",2,"Fiets","Personenauto","Flank","Rechte weg",30,"Niet brandend","Daglicht","Droog",\N,"210405048","Vogelkers","Heemskerk","Heemskerk","Noord-Holland",false,52.50896,4.654583,"material damage only","4","clear",false,1,"GM0396"
"20220215495",2022,"Letsel",2,"Bromfiets","Fiets","Flank","Rechte weg",50,"Niet brandend","Daglicht","Droog",\N,"156313157","Westduinweg","'s-Gravenhage","'s-Gravenhage","Zuid-Holland",false,52.095357,4.269185,"injury","2","clear",false,1,"GM0518"
"20220141910",2022,"Dodelijk",2,"Fiets","Bestelauto","Eenzijdig","Rechte weg",50,"Niet brandend","Daglicht","Droog",\N,"600701448","Kudelstaartseweg","Aalsmeer","Aalsmeer","Noord-Holland",false,52.25475,4.757938,"fatal","1","clear",false,1,"GM0358"
"20220224044",2022,"Uitsluitend materiele schade",2,"Bromfiets","Fiets","Kop/staart","Rechte weg",\N,"Niet brandend","Daglicht","Droog",\N,"600391594","Schouwburgring","Tilburg","Tilburg","Noord-Brabant",false,51.554402,5.083536,"material damage only","4","clear",false,1,"GM0855"
"20220228506",2022,"Uitsluitend materiele schade",2,"Personenauto","Fiets","Flank","Rotonde",50,"Niet brandend","Daglicht",\N,\N,\N,"Onze Lieve Vrouwedijk","Waalre","Waalre","Noord-Brabant",false,51.39351,5.442182,"material damage only","4","unknown",false,1,"GM0866"
"20220205014",2022,"Uitsluitend materiele schade",2,"Fiets","Personenauto","Flank","Kruispunt, 3 takken",30,"Niet brandend","Daglicht","Droog",\N,\N,"Schoolstraat","Almere","Almere","Flevoland",false,52.337819,5.218486,"material damage only","4","clear",false,1,"GM0034"
"20220214904",2022,"Letsel",1,"Fiets",\N,"Eenzijdig","Rechte weg",15,"Niet brandend","Daglicht","Droog",\N,"149291079","Schaepmanstraat","Naaldwijk","Westland","Zuid-Holland",false,51.99444,4.217793,"injury","2","clear",false,1,"GM1783"
"20220231098",2022,"Uitsluitend materiele schade",1,"Fiets",\N,"Onbekend","Rotonde",50,"Niet brandend","Daglicht","Droog",\N,\N,"Terhoevenderweg","Heerlen","Heerlen","Limburg",false,50.902776,5.948188,"material damage only","4","clear",false,1,"GM0917"
"20220199351",2022,"Uitsluitend materiele schade",2,"Personenauto","Fiets","Geparkeerd voertuig","Bocht",50,"Niet brandend","Daglicht","Droog","Parkeervoorziening","523341051","Esmarkelaan","Enschede","Enschede","Overijssel",false,52.215863,6.950897,"material damage only","4","clear",false,1,"GM0153"
"20220210643",2022,"Uitsluitend materiele schade",2,"Personenauto","Fiets","Flank","Kruispunt, 4 takken",30,"Niet brandend","Daglicht","Droog",\N,\N,"Osdorperweg","Amsterdam","Amsterdam","Noord-Holland",false,52.362814,4.786604,"material damage only","4","clear",false,1,"GM0363"
"20220214919",2022,"Uitsluitend materiele schade",1,"Fiets",\N,"Onbekend","Rechte weg",50,"Niet brandend","Daglicht","Droog","Brug/viaduct","218296066","Graaf Florisweg","Gouda","Gouda","Zuid-Holland",false,52.018481,4.722066,"material damage only","4","clear",false,1,"GM0513"
"20220217069",2022,"Letsel",1,"Fiets",\N,"Eenzijdig","Kruispunt, 3 takken",30,"Niet brandend","Daglicht","Droog",\N,\N,"Vier Heemskinderenstraat","'s-Gravenhage","'s-Gravenhage","Zuid-Holland",false,52.056015,4.298857,"injury","2","clear",false,1,"GM0518"
"20220217080",2022,"Uitsluitend materiele schade",2,"Personenauto","Fiets","Flank","Rechte weg",30,"Niet brandend","Daglicht","Droog",\N,"164313058","Johannes Bildersstraat","'s-Gravenhage","'s-Gravenhage","Zuid-Holland",false,52.092482,4.322501,"material damage only","4","clear",false,1,"GM0518"
"20220217783",2022,"Letsel",1,"Fiets",\N,"Eenzijdig","Rechte weg",50,"Niet brandend","Daglicht","Droog",\N,\N,"Noord West Buitensingel","'s-Gravenhage","'s-Gravenhage","Zuid-Holland",false,52.076081,4.294572,"injury","2","clear",false,1,"GM0518"
"20220174817",2022,"Dodelijk",1,"Fiets",\N,"Eenzijdig","Rechte weg",\N,"Niet brandend","Daglicht","Droog",\N,"600415980","Nieuwe Gracht","Haarlem","Haarlem","Noord-Holland",false,52.385468,4.633012,"fatal","1","clear",false,1,"GM0392"
"20220214954",2022,"Uitsluitend materiele schade",2,"Bromfiets","Fiets","Kop/staart","Kruispunt, 3 takken",50,"Niet brandend","Daglicht","Droog",\N,\N,"Koningskade","'s-Gravenhage","'s-Gravenhage","Zuid-Holland",false,52.087609,4.31613,"material damage only","4","clear",false,1,"GM0518"
"20220199438",2022,"Letsel",1,"Fiets",\N,"Eenzijdig","Rechte weg",60,"Niet brandend","Daglicht","Droog",\N,"600814424","Eendenparkweg","Ermelo","Ermelo","Gelderland",false,52.313303,5.640319,"injury","2","clear",false,1,"GM0233"
"20220200812",2022,"Uitsluitend materiele schade",2,"Personenauto","Fiets","Flank","Kruispunt, 4 takken",50,"Niet brandend","Schemer","Droog",\N,\N,"Leestenseweg","Zutphen","Zutphen","Gelderland",false,52.127409,6.236156,"material damage only","4","clear",false,1,"GM0301"
"20220201506",2022,"Uitsluitend materiele schade",2,"Personenauto","Fiets","Flank","Kruispunt, 3 takken",\N,"Niet brandend","Daglicht","Droog",\N,\N,"Willem van Gulikstraat","Arnhem","Arnhem","Gelderland",false,51.98645,5.924729,"material damage only","4","clear",false,1,"GM0202"
"20220203692",2022,"Uitsluitend materiele schade",2,"Bromfiets","Fiets","Flank","Kruispunt, 4 takken",30,"Brandend","Duisternis","Droog",\N,\N,"Mendes da Costalaan","Nieuwegein","Nieuwegein","Utrecht",false,52.033965,5.081807,"material damage only","4","clear",false,1,"GM0356"
"20220184607",2022,"Dodelijk",2,"Fiets","Personenauto","Flank","Kruispunt, 4 takken",50,"Niet brandend","Daglicht","Droog",\N,\N,"Aquamarijnweg","Dordrecht","Dordrecht","Zuid-Holland",false,51.761083,4.634653,"fatal","1","clear",false,1,"GM0505"
"20220207062",2022,"Letsel",2,"Fiets","Fiets","Frontaal","Rotonde",50,"Niet brandend","Daglicht","Droog",\N,\N,"Middenweg","Heerhugowaard","Dijk en Waard","Noord-Holland",false,52.676377,4.848926,"injury","2","clear",false,1,"GM1980"
"20220207130",2022,"Letsel",2,"Personenauto","Fiets","Onbekend","Kruispunt, 3 takken",50,"Brandend","Duisternis","Regen",\N,\N,"Jan van Kuikweg","Heemskerk","Heemskerk","Noord-Holland",false,52.508233,4.682168,"injury","2","rain",false,1,"GM0396"
"20220207975",2022,"Uitsluitend materiele schade",2,"Bestelauto","Fiets","Flank","Kruispunt, 3 takken",50,\N,"Daglicht",\N,\N,\N,"Vondelstraat","Alkmaar","Alkmaar","Noord-Holland",false,52.626773,4.753028,"material damage only","4","unknown",false,1,"GM0361"
"20220208831",2022,"Letsel",2,"Personenauto","Fiets","Flank","Kruispunt, 4 takken",\N,"Brandend","Duisternis","Regen",\N,\N,"Dorpsweg","Schellinkhout","Drechterland","Noord-Holland",false,52.650245,5.119804,"injury","2","rain",false,1,"GM0498"
"20220202950",2022,"Uitsluitend materiele schade",2,"Bestelauto","Fiets","Flank","Kruispunt, 3 takken",50,"Niet brandend","Daglicht","Droog",\N,\N,"Zandweg","De Meern","Utrecht","Utrecht",false,52.08253,5.056314,"material damage only","4","clear",false,1,"GM0344"
"20220204531",2022,"Uitsluitend materiele schade",2,"Personenauto","Fiets","Flank","Kruispunt, 4 takken",50,"Niet brandend","Daglicht","Droog",\N,\N,"Middelhoeve","Nieuwegein","Nieuwegein","Utrecht",false,52.049201,5.095624,"material damage only","4","clear",false,1,"GM0356"
"20220211447",2022,"Letsel",2,"Bromfiets","Fiets","Onbekend",\N,30,\N,"Daglicht",\N,\N,"600385135","Sarphatistraat","Amsterdam","Amsterdam","Noord-Holland",false,52.360024,4.90305,"injury","2","unknown",false,1,"GM0363"
"20220212147",2022,"Letsel",3,"Fiets","Fiets","Onbekend","Bocht",50,"Niet aanwezig","Daglicht","Droog",\N,"600404965","Amstelveenseweg","Amsterdam","Amsterdam","Noord-Holland",false,52.335143,4.857674,"injury","2","clear",false,1,"GM0363"
"20220215088",2022,"Letsel",2,"Personenauto","Fiets","Flank","Rotonde",50,"Niet brandend","Daglicht","Droog",\N,\N,"Hoofdstraat","Hillegom","Hillegom","Zuid-Holland",false,52.289335,4.577397,"injury","2","clear",false,1,"GM0534"
"20220216542",2022,"Uitsluitend materiele schade",2,"Personenauto","Fiets","Flank","Kruispunt, 4 takken",30,"Niet brandend","Duisternis","Regen",\N,\N,"Laan van Ouderzorg","Leiderdorp","Leiderdorp","Zuid-Holland",false,52.156348,4.522299,"material damage only","4","rain",false,1,"GM0547"
"20220217927",2022,"Letsel",2,"Bromfiets","Fiets","Onbekend","Rechte weg",50,"Brandend","Duisternis","Droog",\N,\N,"Statenlaan","'s-Gravenhage","'s-Gravenhage","Zuid-Holland",false,52.091559,4.277945,"injury","2","clear",false,1,"GM0518"
"20220222940",2022,"Uitsluitend materiele schade",2,"Snorfiets","Fiets","Flank","Rechte weg",30,"Niet brandend","Daglicht","Droog",\N,"600746540","Burgemeester Keijzerweg","Papendrecht","Papendrecht","Zuid-Holland",false,51.8373,4.687557,"material damage only","4","clear",false,1,"GM0590"
"20220230504",2022,"Uitsluitend materiele schade",2,"Bestelauto","Fiets","Flank","Kruispunt, 3 takken",80,"Niet brandend","Daglicht","Droog",\N,\N,"Siebengewaldseweg","Ottersum","Gennep","Limburg",false,51.684725,6.003944,"material damage only","4","clear",false,1,"GM0907"
"20220199560",2022,"Letsel",2,"Personenauto","Fiets","Flank","Rotonde",50,"Niet brandend","Daglicht","Droog",\N,\N,"De Vesting","Steenwijk","Steenwijkerland","Overijssel",false,52.79422,6.122685,"injury","2","clear",false,1,"GM1708"
"20220206526",2022,"Letsel",2,"Personenauto","e-bike","Frontaal","Kruispunt, 3 takken",50,"Niet brandend","Daglicht","Droog",\N,\N,"Grevelingenweg","Hoorn","Hoorn","Noord-Holland",false,52.654646,5.09806,"injury","2","clear",false,1,"GM0405"
"20220200280",2022,"Dodelijk",2,"Personenauto","e-bike","Flank","Kruispunt, 4 takken",50,"Niet brandend","Daglicht","Droog",\N,\N,"Berkenlaan","Ede","Ede","Gelderland",false,52.031166,5.670778,"fatal","1","clear",false,1,"GM0228"
"20220210808",2022,"Uitsluitend materiele schade",2,"Personenauto","Fiets","Flank","Kruispunt, 3 takken",\N,"Niet brandend","Daglicht","Droog",\N,\N,"Hemweg","Amsterdam","Amsterdam","Noord-Holland",false,52.41733,4.82616,"material damage only","4","clear",false,1,"GM0363"
"20220215805",2022,"Letsel",2,"Personenauto","Fiets","Flank","Kruispunt, 3 takken",50,"Niet brandend","Schemer","Droog",\N,\N,"Schoener","Oude Wetering","Kaag en Braassem","Zuid-Holland",false,52.213135,4.644178,"injury","2","clear",false,1,"GM1884"
"20240140946",2024,"Letsel",2,"Personenauto","Fiets","Flank","Rotonde",50,"Niet brandend","Daglicht","Droog",\N,\N,"Veenderweg","Ede","Ede","Gelderland",false,52.038691,5.64956,"injury","2","clear",false,1,"GM0228"
"20240144933",2024,"Letsel",2,"Personenauto","Fiets","Onbekend","Kruispunt, 3 takken",\N,"Niet brandend","Daglicht","Droog",\N,\N,"Alleenhouderstraat","Tilburg","Tilburg","Noord-Brabant",false,51.562138,5.073605,"injury","2","clear",false,1,"GM0855"
"20240139832",2024,"Uitsluitend materiele schade",2,"Personenauto","Fiets","Flank","Kruispunt, 3 takken",30,"Niet brandend","Daglicht","Droog",\N,\N,"Walvisstraat","Dronten","Dronten","Flevoland",false,52.523058,5.715901,"material damage only","4","clear",false,1,"GM0303"
"20240147629",2024,"Letsel",2,"Personenauto","Fiets","Onbekend",\N,50,"Niet brandend","Daglicht","Droog",\N,\N,"Emmasingel","Weert","Weert","Limburg",false,51.25417,5.709417,"injury","2","clear",false,1,"GM0988"
"20240142215",2024,"Letsel",2,"Fiets","Bestelauto","Flank","Rotonde",50,"Brandend","Schemer","Regen/Sneeuw/Hagel",\N,\N,"Drechterwaard","Alkmaar","Alkmaar","Noord-Holland",false,52.644345,4.761794,"injury","2","unknown",false,1,"GM0361"
"20240137150",2024,"Uitsluitend materiele schade",2,"Personenauto","Fiets","Flank","Kruispunt, 3 takken",30,"Niet brandend","Daglicht","Droog",\N,\N,"Groeneweg","Schijndel","Meierijstad","Noord-Brabant",false,51.619561,5.431793,"material damage only","4","clear",false,1,"GM1948"
"20240142733",2024,"Letsel",2,"Fiets","Fiets","Frontaal","Kruispunt, 4 takken",30,"Niet aanwezig","Daglicht","Regen",\N,\N,"Parklaan","Haarlem","Haarlem","Noord-Holland",false,52.385832,4.636328,"injury","2","rain",false,1,"GM0392"
"20240148602",2024,"Uitsluitend materiele schade",2,"Snorfiets","Fiets","Frontaal","Rechte weg",50,"Brandend","Schemer","Regen",\N,"600887848","Euregioweg","Enschede","Enschede","Overijssel",false,52.224694,6.947735,"material damage only","4","rain",false,1,"GM0153"
"20240148695",2024,"Letsel",2,"Fiets",\N,"Onbekend","Bocht",50,"Niet aanwezig","Daglicht","Harde windstoten",\N,"474277056","Lichtenvoordsestraatweg","Aalten","Aalten","Gelderland",false,51.928841,6.580902,"injury","2","unknown",false,1,"GM0197"
"20240134061",2024,"Letsel",2,"Personenauto","e-bike","Flank","Kruispunt, 4 takken",50,"Niet brandend","Daglicht","Droog",\N,\N,"Goudse Houtsingel","Gouda","Gouda","Zuid-Holland",false,52.026297,4.718047,"injury","2","clear",false,1,"GM0513"
"20240134070",2024,"Letsel",1,"Fiets",\N,"Frontaal","Rechte weg",\N,"Niet brandend","Daglicht","Droog",\N,"601229259","Hoger Einde-Noord","Ouderkerk aan de Amstel","Ouder-Amstel","Noord-Holland",false,52.299161,4.900091,"injury","2","clear",false,1,"GM0437"
"20240139103",2024,"Letsel",3,"Personenauto","Fiets","Vast voorwerp","Rechte weg",50,"Niet brandend","Daglicht","Droog",\N,\N,"Gedempte Molenwijk","Heerenveen","Heerenveen","Friesland",false,52.957763,5.922874,"injury","2","clear",false,1,"GM0074"
"20240140297",2024,"Uitsluitend materiele schade",2,"Fiets","Fiets","Onbekend","Kruispunt, 3 takken",30,"Niet brandend","Daglicht","Droog",\N,\N,"Hoge Larenseweg","Hilversum","Hilversum","Noord-Holland",false,52.236088,5.19204,"material damage only","4","clear",false,1,"GM0402"
"20240141087",2024,"Letsel",2,"Personenauto","Fiets","Frontaal","Kruispunt, 3 takken",50,"Niet brandend","Daglicht","Regen",\N,\N,"César Franckstraat","Almelo","Almelo","Overijssel",false,52.361561,6.645092,"injury","2","rain",false,1,"GM0141"
"20240142306",2024,"Uitsluitend materiele schade",2,"Personenauto","Fiets","Flank","Rechte weg",50,"Niet brandend","Daglicht","Regen",\N,\N,"Parellaan","Hoofddorp","Haarlemmermeer","Noord-Holland",false,52.291865,4.690152,"material damage only","4","rain",false,1,"GM0394"
"20240143830",2024,"Uitsluitend materiele schade",2,"Fiets","Personenauto","Onbekend","Kruispunt, 4 takken",50,"Brandend","Duisternis","Regen",\N,\N,"Zijdelweg","Uithoorn","Uithoorn","Noord-Holland",false,52.250657,4.822896,"material damage only","4","rain",false,1,"GM0451"
"20240150381",2024,"Letsel",2,"Bromfiets","Fiets","Onbekend","Rechte weg",50,"Niet brandend","Daglicht","Droog",\N,"224495004","Nieuweweg","Den Helder","Den Helder","Noord-Holland",false,52.916257,4.754175,"injury","2","clear",false,1,"GM0400"
"20240134764",2024,"Letsel",3,"Personenauto","Fiets","Flank","Kruispunt, 4 takken",70,"Niet brandend","Daglicht","Droog",\N,\N,"Randweg-West","Bergen op Zoom","Bergen op Zoom","Noord-Brabant",false,51.511613,4.27874,"injury","2","clear",false,1,"GM0748"
"20240136035",2024,"Letsel",2,"Fiets","Personenauto","Flank","Rechte weg",80,"Brandend","Duisternis","Droog",\N,\N,"Professor Gerbrandyweg","Botlek Rotterdam","Rotterdam","Zuid-Holland",false,51.897642,4.278498,"injury","2","clear",false,1,"GM0599"
"20240150955",2024,"Uitsluitend materiele schade",1,"Fiets",\N,"Flank","Rechte weg",30,"Niet brandend","Daglicht","Droog",\N,\N,"Vlijtsekade","Apeldoorn","Apeldoorn","Gelderland",false,52.219358,5.971906,"material damage only","4","clear",false,1,"GM0200"
"20240148801",2024,"Uitsluitend materiele schade",2,"Personenauto","Fiets","Flank","Kruispunt, 3 takken",50,"Niet brandend","Daglicht","Droog",\N,\N,"Ugolaan","Bolsward","Súdwest-Fryslân","Friesland",false,53.069996,5.539892,"material damage only","4","clear",false,1,"GM1900"
"20240140893",2024,"Uitsluitend materiele schade",2,"Personenauto","Fiets","Flank","Kruispunt, 4 takken",30,"Brandend","Schemer","Regen",\N,\N,"Rijkerswoerdsestraat","Arnhem","Arnhem","Gelderland",false,51.938293,5.881486,"material damage only","4","rain",false,1,"GM0202"
"20240143967",2024,"Uitsluitend materiele schade",2,"Fiets","Personenauto","Flank","Kruispunt, 3 takken",50,"Niet brandend","Daglicht","Droog",\N,\N,"Ivoorhorst","'s-Gravenhage","'s-Gravenhage","Zuid-Holland",false,52.09028,4.354813,"material damage only","4","clear",false,1,"GM0518"