"accident_id","year","severity_raw","party_count","party1_type","party2_type","accident_type","road_situation","speed_limit_kmh","road_lighting","light_condition_label","weather_raw","infra_type","road_segment_id","street_name","place_name","gemeente_name_raw","province","alcohol_indicated","latitude","longitude","severity_label","severity_code","weather_label","built_up_area","cyclists_involved","gemeente_code"
"20240149103",2024,"Uitsluitend materiele schade",2,"Personenauto","Fiets","Onbekend","Kruispunt, 3 takken",30,"Niet brandend","Daglicht","Regen",\N,\N,"Akeleistraat","Arnhem","Arnhem","Gelderland",false,51.967338,5.906064,"material damage only","4","rain",false,1,"GM0202"
"20240134222",2024,"Letsel",2,"Personenauto","Fiets","Onbekend","Kruispunt, 3 takken",50,"Niet brandend","Daglicht","Droog",\N,\N,"Kanaalkade","Axel","Terneuzen","Zeeland",false,51.263444,3.910976,"injury","2","clear",false,1,"GM0715"
"20240142005",2024,"Letsel",1,"e-bike",\N,"Eenzijdig","Rechte weg",30,"Niet aanwezig","Daglicht","Regen",\N,"240372138","Marnixstraat","Amsterdam","Amsterdam","Noord-Holland",false,52.36438,4.881119,"injury","2","rain",false,1,"GM0363"
"20240147735",2024,"Uitsluitend materiele schade",2,"e-bike","Personenauto","Onbekend","Rotonde",50,"Niet brandend","Schemer","Droog",\N,\N,"Gaiaboulevard","Kerkrade","Kerkrade","Limburg",false,50.866528,6.045356,"material damage only","4","clear",false,1,"GM0928"
"20240142479",2024,"Letsel",2,"Fiets","Bestelauto","Flank","Rotonde",50,\N,"Schemer","Regen",\N,\N,"Van den Vondellaan","Driehuis NH","Velsen","Noord-Holland",false,52.444097,4.639091,"injury","2","rain",false,1,"GM0453"
"20240144648",2024,"Uitsluitend materiele schade",2,"Fiets","Personenauto","Flank","Rotonde",50,"Niet brandend","Daglicht","Droog",\N,\N,"Dalemdreef","Tilburg","Tilburg","Noord-Brabant",false,51.576354,4.992776,"material damage only","4","clear",false,1,"GM0855"
"20240148034",2024,"Letsel",2,"Personenauto","Fiets","Flank","Rechte weg",80,"Brandend","Daglicht","Droog",\N,\N,"Eerdsebaan","Veghel","Meierijstad","Noord-Brabant",false,51.607207,5.492383,"injury","2","clear",false,1,"GM1948"
"20240148164",2024,"Letsel",2,"Fiets","Snorfiets","Flank","Kruispunt, 3 takken",30,"Brandend","Duisternis","Droog",\N,\N,"Acacialaan","Valkenswaard","Valkenswaard","Noord-Brabant",false,51.361135,5.467048,"injury","2","clear",false,1,"GM0858"
"20240142530",2024,"Letsel",2,"Bestelauto","Fiets","Flank","Kruispunt, 4 takken",30,"Niet brandend","Daglicht","Droog",\N,\N,"Overtoom","Castricum","Castricum","Noord-Holland",false,52.54649,4.662155,"injury","2","clear",false,1,"GM0383"
"20240143539",2024,"Uitsluitend materiele schade",2,"Bestelauto","Fiets","Onbekend","Rechte weg",50,"Niet brandend","Daglicht","Droog",\N,"180347067","Quarles van Uffordstraat","Noordwijk","Noordwijk","Zuid-Holland",false,52.24673,4.438168,"material damage only","4","clear",false,1,"GM0575"
"20240145549",2024,"Letsel",2,"Bestelauto","Fiets","Flank","Kruispunt, 4 takken",30,"Niet brandend","Daglicht","Droog",\N,\N,"Agaatvlinder","Rotterdam","Rotterdam","Zuid-Holland",true,51.925379,4.501668,"injury","2","clear",false,1,"GM0599"
"20240134340",2024,"Uitsluitend materiele schade",2,"Personenauto","Fiets","Los voorwerp","Kruispunt, 3 takken",30,"Niet brandend","Daglicht","Droog",\N,\N,"Buitenhavenweg","Schiedam","Schiedam","Zuid-Holland",false,51.914319,4.402159,"material damage only","4","clear",false,1,"GM0606"
"20240145988",2024,"Uitsluitend materiele schade",2,"Personenauto","Fiets","Los voorwerp","Kruispunt, 3 takken",50,"Niet brandend","Daglicht","Regen",\N,\N,"Reyerdijk","Rotterdam","Rotterdam","Zuid-Holland",false,51.881651,4.541918,"material damage only","4","rain",false,1,"GM0599"
"20240137539",2024,"Uitsluitend materiele schade",2,"Fiets","Personenauto","Flank","Kruispunt, 4 takken",30,"Niet brandend","Daglicht","Droog",\N,\N,"Wilhelminastraat","Brunssum","Brunssum","Limburg",false,50.947213,5.973383,"material damage only","4","clear",false,1,"GM0899"
"20240143595",2024,"Letsel",2,"Fiets","Fiets","Flank","Rechte weg",30,"Niet brandend","Daglicht","Droog",\N,"159298128","Laan van Wateringse Veld","'s-Gravenhage","'s-Gravenhage","Zuid-Holland",false,52.026024,4.290167,"injury","2","clear",false,1,"GM0518"
"20240143612",2024,"Letsel",2,"Fiets","Personenauto","Frontaal","Kruispunt, 4 takken",30,"Niet brandend","Daglicht","Droog",\N,\N,"Zoutmanstraat","Alphen aan den Rijn","Alphen aan den Rijn","Zuid-Holland",false,52.138931,4.655418,"injury","2","clear",false,1,"GM0484"
"20240146017",2024,"Letsel",2,"Fiets","Voetganger","Voetganger","Rechte weg",50,"Niet brandend","Daglicht","Droog",\N,"600574243","IJsseldijk","Capelle aan den IJssel","Capelle aan den IJssel","Zuid-Holland",false,51.910174,4.554783,"injury","2","clear",false,1,"GM0502"
"20240133816",2024,"Letsel",2,"Personenauto","Fiets","Flank","Kruispunt, 4 takken",30,"Niet brandend","Daglicht","Regen",\N,\N,"Herensingel","Leiden","Leiden","Zuid-Holland",false,52.163036,4.50608,"injury","2","rain",false,1,"GM0546"
"20240136302",2024,"Letsel",2,"Fiets","Voetganger","Onbekend","Kruispunt, 4 takken",50,"Niet aanwezig","Daglicht","Droog",\N,\N,"Rosmolenstraat","Sittard","Sittard-Geleen","Limburg",false,50.996031,5.868714,"injury","2","clear",false,1,"GM1883"
"20240146443",2024,"Dodelijk",2,"Vrachtauto","Fiets","Flank","Kruispunt, 4 takken",50,"Niet brandend","Daglicht","Droog",\N,\N,"Leenderweg","Eindhoven","Eindhoven","Noord-Brabant",false,51.424379,5.49264,"fatal","1","clear",false,1,"GM0772"
"20240147493",2024,"Uitsluitend materiele schade",2,"Personenauto","Fiets","Flank","Rotonde",30,"Niet brandend","Daglicht","Sneeuw/Hagel",\N,\N,"Verlengde Wilhelminastr","Hoensbroek","Heerlen","Limburg",false,50.926928,5.941703,"material damage only","4","unknown",false,1,"GM0917"
"20240149749",2024,"Letsel",2,"Personenauto","Fiets","Flank","Rotonde",50,"Brandend","Duisternis","Droog",\N,\N,"Siersteenlaan","Groningen","Groningen","Groningen",false,53.225491,6.526862,"injury","2","clear",false,1,"GM0014"
"20240151089",2024,"Uitsluitend materiele schade",1,"Fiets",\N,"Onbekend",\N,\N,\N,"Duisternis",\N,\N,"501352007","Heemafstraat","Hengelo","Hengelo (O)","Overijssel",false,52.266913,6.788574,"material damage only","4","unknown",false,1,\N
"20240135107",2024,"Uitsluitend materiele schade",2,"Personenauto","Fiets","Onbekend","Kruispunt, 4 takken",50,"Niet brandend","Daglicht","Droog",\N,\N,"Melanchtonweg","Rotterdam","Rotterdam","Zuid-Holland",false,51.949167,4.474709,"material damage only","4","clear",false,1,"GM0599"
"20240150058",2024,"Uitsluitend materiele schade",2,"Fiets","Personenauto","Flank","Kruispunt, 3 takken",50,"Niet brandend","Daglicht","Droog",\N,\N,"Statenweg","Emmen","Emmen","Drenthe",false,52.780645,6.930103,"material damage only","4","clear",false,1,"GM0114"
"20240150168",2024,"Letsel",1,"Fiets",\N,"Onbekend","Rechte weg",60,"Brandend","Duisternis","Droog",\N,"251406059","Burg D Kooimanweg","Purmerend","Purmerend","Noord-Holland",false,52.518594,4.956061,"injury","2","clear",false,1,"GM0439"
"20230112822",2023,"Letsel",1,"Fiets",\N,"Eenzijdig","Rechte weg",80,"Niet brandend","Daglicht","Regen",\N,"148297037","Nieuweweg","Honselersdijk","Westland","Zuid-Holland",false,52.016315,4.214305,"injury","2","rain",false,1,"GM1783"
"20240002762",2024,"Uitsluitend materiele schade",2,"Bestelauto","Fiets","Flank","Kruispunt, 3 takken",70,"Niet brandend","Daglicht","Regen",\N,\N,"Ds Theodor Fliednerstr","Eindhoven","Eindhoven","Noord-Brabant",false,51.457293,5.489837,"material damage only","4","rain",false,1,"GM0772"
"20240008846",2024,"Letsel",2,"Fiets","Fiets","Onbekend","Rotonde",50,"Niet brandend","Daglicht","Droog",\N,\N,"FIETSPAD","Doetinchem","Doetinchem","Gelderland",false,51.969645,6.273696,"injury","2","clear",false,1,"GM0222"
"20240009991",2024,"Letsel",2,"Personenauto","Fiets","Flank","Kruispunt, 4 takken",50,"Niet brandend","Daglicht","Droog",\N,\N,"Sint-Petersburgweg","Groningen","Groningen","Groningen",false,53.221011,6.60179,"injury","2","clear",false,1,"GM0014"
"20240011862",2024,"Letsel",2,"Personenauto","Fiets","Flank","Kruispunt, 4 takken",80,"Brandend","Duisternis","Droog",\N,\N,"Bunschoterstraat","Hoogland","Amersfoort","Utrecht",false,52.175268,5.368052,"injury","2","clear",false,1,"GM0307"
"20240016796",2024,"Uitsluitend materiele schade",1,"Fiets",\N,"Onbekend","Rechte weg",50,"Niet brandend","Daglicht","Droog",\N,"600540806","FIETSPAD","Kampen","Kampen","Overijssel",false,52.557045,5.906062,"material damage only","4","clear",false,1,"GM0166"
"20240152281",2024,"Uitsluitend materiele schade",2,"Personenauto","Fiets","Flank","Kruispunt, 4 takken",30,"Niet brandend","Daglicht","Droog",\N,\N,"Rijnweg","Hoorn","Hoorn","Noord-Holland",false,52.654356,5.087702,"material damage only","4","clear",false,1,"GM0405"
"20240154234",2024,"Letsel",1,"Fiets",\N,"Onbekend","Kruispunt, 4 takken",15,"Brandend","Duisternis","Droog","Brug/viaduct",\N,"Hoogstraat","Leiden","Leiden","Zuid-Holland",false,52.159136,4.491123,"injury","2","clear",false,1,"GM0546"
"20240157128",2024,"Uitsluitend materiele schade",2,"Fiets","Bromfiets","Frontaal","Bocht",\N,"Niet brandend","Schemer","Droog",\N,"307180055","Terrashei","Best","Best","Noord-Brabant",false,51.503185,5.370988,"material damage only","4","clear",false,1,"GM0753"
"20240007554",2024,"Letsel",2,"Fiets","Fiets","Onbekend","Bocht",50,"Niet brandend","Daglicht","Droog",\N,"173311067","Sint Bonifaciusstraat","Leidschendam","Leidschendam-Voorburg","Zuid-Holland",false,52.084595,4.389021,"injury","2","clear",false,1,"GM1916"
"20240021364",2024,"Letsel",1,"Fiets",\N,"Eenzijdig","Rechte weg",30,"Niet brandend","Daglicht","Droog",\N,"206369025","Von Brucken Focklaan","Heemstede","Heemstede","Noord-Holland",false,52.35132,4.628621,"injury","2","clear",false,1,"GM0397"
"20240156011",2024,"Uitsluitend materiele schade",2,"Personenauto","Fiets","Onbekend","Kruispunt, 4 takken",\N,"Brandend","Duisternis","Droog",\N,\N,"Tramsingel","Breda","Breda","Noord-Brabant",false,51.592494,4.769749,"material damage only","4","clear",false,1,"GM0758"
"20240001212",2024,"Uitsluitend materiele schade",2,"Personenauto","Fiets","Flank","Rotonde",50,"Niet brandend","Schemer","Droog",\N,\N,"John Mottweg","Rotterdam","Rotterdam","Zuid-Holland",false,51.956788,4.532127,"material damage only","4","clear",false,1,"GM0599"
"20240002829",2024,"Uitsluitend materiele schade",2,"Fiets","Fiets","Frontaal","Rechte weg",\N,"Brandend","Duisternis","Droog",\N,"299224101","Rompertsebaan","'s-Hertogenbosch","'s-Hertogenbosch","Noord-Brabant",false,51.699258,5.311896,"material damage only","4","clear",false,1,"GM0796"
"20230111178",2023,"Letsel",2,"Fiets","Snorfiets","Flank","Kruispunt, 4 takken",50,"Niet brandend","Daglicht","Droog",\N,\N,"IJsselstraat","IJmuiden","Velsen","Noord-Holland",false,52.457027,4.607509,"injury","2","clear",false,1,"GM0453"
"20240155759",2024,"Uitsluitend materiele schade",2,"Personenauto","Fiets","Onbekend","Kruispunt, 4 takken",50,"Brandend","Schemer","Droog",\N,\N,"Vincent van den Heuvelln","Eindhoven","Eindhoven","Noord-Brabant",false,51.446147,5.477156,"material damage only","4","clear",false,1,"GM0772"
"20240002889",2024,"Letsel",2,"Fiets","Fiets","Onbekend","Bocht",60,"Niet aanwezig","Daglicht","Droog",\N,"313212004","Dungensesteeg","Schijndel","Meierijstad","Noord-Brabant",false,51.645349,5.416661,"injury","2","clear",false,1,"GM1948"
"20240010097",2024,"Uitsluitend materiele schade",2,"Personenauto","Fiets","Los voorwerp","Kruispunt, 3 takken",50,"Niet brandend","Daglicht","Droog",\N,\N,"Anklaarseweg","Apeldoorn","Apeldoorn","Gelderland",false,52.233141,5.988335,"material damage only","4","clear",false,1,"GM0200"
"20240022882",2024,"Letsel",2,"Snorfiets","Fiets","Flank","Kruispunt, 4 takken",50,"Brandend","Duisternis","Droog",\N,\N,"Bentinckplein","Rotterdam","Rotterdam","Zuid-Holland",false,51.92657,4.461831,"injury","2","clear",false,1,"GM0599"
"20230110041",2023,"Letsel",3,"Fiets","Personenauto","Onbekend","Kruispunt, 3 takken",30,"Brandend","Duisternis","Regen",\N,\N,"Stappegoorweg","Tilburg","Tilburg","Noord-Brabant",false,51.540899,5.077009,"injury","2","rain",false,1,"GM0855"
"20230110624",2023,"Uitsluitend materiele schade",2,"Personenauto","Fiets","Flank","Kruispunt, 3 takken",30,"Brandend","Duisternis","Regen",\N,\N,"Mozartlaan","Heesch","Bernheze","Noord-Brabant",false,51.734937,5.532561,"material damage only","4","rain",false,1,"GM1721"
"20230112970",2023,"Letsel",2,"Fiets","Bestelauto","Eenzijdig","Rotonde",50,"Niet brandend","Daglicht","Droog",\N,\N,"Garbialaan","Hillegom","Hillegom","Zuid-Holland",false,52.2872,4.578872,"injury","2","clear",false,1,"GM0534"
"20240010137",2024,"Letsel",2,"Personenauto","Fiets","Flank","Rotonde",50,"Niet brandend","Daglicht","Droog",\N,\N,"Teisterbantlaan","Tiel","Tiel","Gelderland",false,51.880258,5.420794,"injury","2","clear",false,1,"GM0281"
"20240011393",2024,"Uitsluitend materiele schade",2,"Personenauto","Fiets","Onbekend","Kruispunt, 3 takken",30,"Niet aanwezig","Daglicht","Regen",\N,\N,"Balistraat","Almere","Almere","Flevoland",false,52.403223,5.297379,"material damage only","4","rain",false,1,"GM0034"
"20240024859",2024,"Letsel",2,"Personenauto","Fiets","Flank","Kruispunt, 4 takken",80,"Brandend","Daglicht","Droog",\N,\N,"Strijperpad","Leende","Heeze-Leende","Noord-Brabant",false,51.351413,5.515871,"injury","2","clear",false,1,"GM1658"
"20240154406",2024,"Letsel",2,\N,"Fiets","Onbekend","Rechte weg",30,"Niet brandend","Daglicht","Droog",\N,"165304130","Emmastraat","Rijswijk","Rijswijk","Zuid-Holland",false,52.055172,4.33637,"injury","2","clear",false,1,\N
"20240002958",2024,"Uitsluitend materiele schade",3,"Bestelauto","Fiets","Flank","Rotonde",50,"Niet brandend","Daglicht","Droog",\N,\N,"Dorpstraat","Brunssum","Brunssum","Limburg",false,50.950416,5.970577,"material damage only","4","clear",false,1,"GM0899"
"20240017641",2024,"Uitsluitend materiele schade",3,"Personenauto","Fiets","Flank","Kruispunt, 3 takken",30,"Niet brandend","Daglicht","Regen",\N,\N,"Zutphensestraat","Apeldoorn","Apeldoorn","Gelderland",false,52.212841,5.991845,"material damage only","4","rain",false,1,"GM0200"
"20240153141",2024,"Uitsluitend materiele schade",1,"Fiets",\N,"Onbekend","Bocht",\N,"Niet brandend","Daglicht","Droog",\N,"601019348","Nassaukade","Amsterdam","Amsterdam","Noord-Holland",false,52.382062,4.878995,"material damage only","4","clear",false,1,"GM0363"
"20230107741",2023,"Letsel",2,"Personenauto","Fiets","Onbekend","Kruispunt, 4 takken",50,"Niet brandend","Daglicht","Droog",\N,\N,"Claversweer","Hardinxveld-Giessendam","Hardinxveld-Giessendam","Zuid-Holland",false,51.824885,4.836491,"injury","2","clear",false,1,"GM0523"
"20240156733",2024,"Uitsluitend materiele schade",2,"Personenauto","Fiets","Los voorwerp","Kruispunt, 4 takken",30,"Niet brandend","Daglicht","Regen",\N,\N,"Herstraat","Horst","Horst aan de Maas","Limburg",false,51.451334,6.050522,"material damage only","4","rain",false,1,"GM1507"
"20240009462",2024,"Uitsluitend materiele schade",2,"Bus","Fiets","Onbekend","Kruispunt, 3 takken",50,"Niet brandend","Daglicht","Droog",\N,\N,"Deventerstraat","Apeldoorn","Apeldoorn","Gelderland",false,52.216611,5.966097,"material damage only","4","clear",false,1,"GM0200"
"20240009803",2024,"Letsel",1,"Fiets",\N,"Onbekend","Rechte weg",30,"Niet brandend","Duisternis","Droog",\N,"476513002","Balloo","Balloo","Aa en Hunze","Drenthe",false,52.992829,6.630515,"injury","2","clear",false,1,"GM1680"
"20230108939",2023,"Uitsluitend materiele schade",2,"Bestelauto","Fiets","Flank","Kruispunt, 4 takken",50,"Brandend","Duisternis","Regen",\N,\N,"Basilicumweg","Almere","Almere","Flevoland",false,52.380883,5.203339,"material damage only","4","rain",false,1,"GM0034"
"20240002638",2024,"Uitsluitend materiele schade",2,"Personenauto","Fiets","Flank","Rotonde",50,"Niet brandend","Daglicht","Droog",\N,\N,"Langstraat","Venray","Venray","Limburg",false,51.519422,5.970457,"material damage only","4","clear",false,1,"GM0984"
"20240010250",2024,"Uitsluitend materiele schade",2,"Bestelauto","Fiets","Frontaal","Rechte weg",50,"Niet brandend","Daglicht","Droog",\N,"430512025","Jan Frankensingel","Oosterwolde","Ooststellingwerf","Friesland",false,52.990626,6.28497,"material damage only","4","clear",false,1,"GM0085"
"20240012908",2024,"Letsel",2,"Personenauto","e-bike","Flank","Kruispunt, 3 takken",30,"Niet brandend","Daglicht","Regen",\N,\N,"W.H. van Leeuwenlaan","Delft","Delft","Zuid-Holland",false,52.01368,4.343437,"injury","2","rain",false,1,"GM0503"
"20240019321",2024,"Uitsluitend materiele schade",2,"Personenauto","Fiets","Flank","Kruispunt, 4 takken",30,"Niet brandend","Daglicht","Regen",\N,\N,"Van Brammenstraat","Amersfoort","Amersfoort","Utrecht",false,52.173893,5.390744,"material damage only","4","rain",false,1,"GM0307"
"20240013258",2024,"Uitsluitend materiele schade",2,"Personenauto","Fiets","Onbekend","Rotonde",50,"Niet brandend","Daglicht","Droog",\N,\N,"Nieuwe Parklaan","'s-Gravenhage","'s-Gravenhage","Zuid-Holland",false,52.099713,4.300641,"material damage only","4","clear",false,1,"GM0518"
"20240013744",2024,"Letsel",2,"Personenauto","Fiets","Flank","Kruispunt, 4 takken",30,"Niet brandend","Daglicht","Droog",\N,\N,"Waterweg","Eindhoven","Eindhoven","Noord-Brabant",false,51.437627,5.398002,"injury","2","clear",false,1,"GM0772"
"20240154520",2024,"Uitsluitend materiele schade",2,"Personenauto","Fiets","Onbekend",\N,\N,\N,"Schemer",\N,\N,\N,"Prins Hendrikkade","Rotterdam","Rotterdam","Zuid-Holland",false,51.913572,4.497008,"material damage only","4","unknown",false,1,"GM0599"
"20230108978",2023,"Uitsluitend materiele schade",2,"Personenauto","Fiets","Onbekend","Rotonde",30,"Niet brandend","Daglicht","Droog",\N,\N,"Richel","Urk","Urk","Flevoland",false,52.667661,5.618258,"material damage only","4","clear",false,1,"GM0184"
"20230110165",2023,"Uitsluitend materiele schade",2,"Personenauto","Fiets","Flank","Rechte weg",30,"Brandend","Schemer",\N,\N,"65181017","Roozenburglaan","Middelburg","Middelburg","Zeeland",false,51.491243,3.628759,"material damage only","4","unknown",false,1,\N
"20240021635",2024,"Uitsluitend materiele schade",2,"Personenauto","e-bike","Flank","Kruispunt, 4 takken",50,"Niet brandend","Daglicht","Droog",\N,\N,"Maalderij","Amstelveen","Amstelveen","Noord-Holland",false,52.28841,4.839491,"material damage only","4","clear",false,1,"GM0362"
"20240152611",2024,"Letsel",2,"Fiets","Overig vast object","Vast voorwerp","Rechte weg",30,"Niet brandend","Daglicht","Droog",\N,"160309043","Noordwal","'s-Gravenhage","'s-Gravenhage","Zuid-Holland",false,52.07845,4.29995,"injury","2","clear",false,1,"GM0518"
"20240153922",2024,"Uitsluitend materiele schade",1,"Fiets",\N,"Onbekend",\N,\N,"Brandend","Schemer",\N,\N,"600727740","Weena","Rotterdam","Rotterdam","Zuid-Holland",false,51.923183,4.472337,"material damage only","4","unknown",false,1,"GM0599"
"20230109003",2023,"Letsel",2,"Fiets","Snorfiets","Frontaal","Rechte weg",30,"Brandend","Duisternis","Regen","Tunnel","600794639","Meridiaantunnel","Amersfoort","Amersfoort","Utrecht",false,52.162377,5.387756,"injury","2","rain",false,1,"GM0307"
"20230111994",2023,"Uitsluitend materiele schade",2,"Personenauto","Fiets","Flank","Kruispunt, 3 takken",50,"Niet brandend","Daglicht","Droog",\N,\N,"Kastanjelaan","Zwanenburg","Haarlemmermeer","Noord-Holland",false,52.382097,4.742814,"material damage only","4","clear",false,1,"GM0394"
"20230112581",2023,"Letsel",1,"Fiets",\N,"Eenzijdig","Rechte weg",15,"Niet brandend","Daglicht","Sneeuw/Hagel",\N,"600890637","Andries Bickerweg","'s-Gravenhage","'s-Gravenhage","Zuid-Holland",false,52.085547,4.287367,"injury","2","unknown",false,1,"GM0518"
"20240011585",2024,"Uitsluitend materiele schade",2,"Fiets","Personenauto","Frontaal","Kruispunt, 3 takken",60,"Brandend","Duisternis","Regen",\N,\N,"Hunnenweg","Voorthuizen","Barneveld","Gelderland",false,52.202987,5.638166,"material damage only","4","rain",false,1,"GM0203"
"20240015547",2024,"Letsel",2,"Personenauto","Fiets","Onbekend","Kruispunt, 3 takken",50,"Niet brandend","Daglicht","Regen",\N,\N,"Dreef","Gouda","Gouda","Zuid-Holland",false,52.020005,4.698667,"injury","2","rain",false,1,"GM0513"
"20240015974",2024,"Uitsluitend materiele schade",2,"Personenauto","Fiets","Flank","Kruispunt, 4 takken",50,"Niet brandend","Daglicht","Regen",\N,\N,"Beethovenlaan","Drunen","Heusden","Noord-Brabant",false,51.680065,5.14559,"material damage only","4","rain",false,1,"GM0797"
"20240154617",2024,"Letsel",2,"Personenauto","Fiets","Flank","Kruispunt, 4 takken",50,"Niet aanwezig","Daglicht","Droog",\N,\N,"de Mérodestraat","Zwijndrecht","Zwijndrecht","Zuid-Holland",false,51.808798,4.633053,"injury","2","clear",false,1,"GM0642"
"20240155455",2024,"Letsel",1,"Fiets",\N,"Onbekend",\N,30,"Niet brandend","Daglicht","Droog",\N,"153287125","Hoofdstraat","De Lier","Westland","Zuid-Holland",false,51.974695,4.249728,"injury","2","clear",false,1,"GM1783"
"20240157479",2024,"Letsel",2,"Fiets","Fiets","Onbekend","Kruispunt, 4 takken",30,"Brandend","Schemer","Droog",\N,\N,"Rentmeesterlaan","Middelburg","Middelburg","Zeeland",false,51.485582,3.615823,"injury","2","clear",false,1,\N
"20240003596",2024,"Letsel",2,"Personenauto","Fiets","Flank","Kruispunt, 4 takken",70,"Niet brandend","Schemer","Droog",\N,\N,"Europaweg-Noord","Assen","Assen","Drenthe",false,53.011655,6.56878,"injury","2","clear",false,1,"GM0106"
"20240014056",2024,"Letsel",2,"Personenauto","Fiets","Flank","Kruispunt, 4 takken",50,"Niet brandend","Daglicht","Droog",\N,\N,"Van Grobbendoncklaan","'s-Hertogenbosch","'s-Hertogenbosch","Noord-Brabant",false,51.694314,5.321535,"injury","2","clear",false,1,"GM0796"
"20240015260",2024,"Letsel",2,"Fiets","Fiets","Onbekend","Kruispunt, 4 takken",50,"Niet brandend","Daglicht","Droog",\N,\N,"Groothoefblad","Hoogvliet Rotterdam","Rotterdam","Zuid-Holland",false,51.862261,4.343626,"injury","2","clear",false,1,"GM0599"
"20240015289",2024,"Uitsluitend materiele schade",2,"Bestelauto","Fiets","Flank","Rotonde",50,"Niet brandend","Daglicht","Droog",\N,\N,"Groenezoom","Dordrecht","Dordrecht","Zuid-Holland",false,51.803814,4.706438,"material damage only","4","clear",false,1,"GM0505"
"20240014115",2024,"Uitsluitend materiele schade",2,"Fiets","Personenauto","Flank","Kruispunt, 4 takken",50,"Brandend","Schemer","Regen",\N,\N,"De Run","Veldhoven","Veldhoven","Noord-Brabant",false,51.409133,5.41553,"material damage only","4","rain",false,1,"GM0861"
"20240014270",2024,"Uitsluitend materiele schade",2,"Personenauto","Fiets","Onbekend","Rechte weg",30,"Niet aanwezig","Daglicht","Droog",\N,"168274030","Meidoornstraat","Vlaardingen","Vlaardingen","Zuid-Holland",false,51.918418,4.357887,"material damage only","4","clear",false,1,"GM0622"
"20240018201",2024,"Letsel",2,"Personenauto","Fiets","Frontaal","Bocht",50,"Niet brandend","Daglicht","Regen",\N,"468510030","Hendrik van Boeijenlaan","Assen","Assen","Drenthe",false,52.97842,6.566456,"injury","2","rain",false,1,"GM0106"
"20230111486",2023,"Letsel",2,"Personenauto","Fiets","Frontaal","Kruispunt, 3 takken",50,"Niet brandend","Daglicht","Regen",\N,\N,"Julianaweg","Volendam","Edam-Volendam","Noord-Holland",false,52.499254,5.075964,"injury","2","rain",false,1,"GM0385"
"20230112123",2023,"Uitsluitend materiele schade",2,"Personenauto","Fiets","Onbekend","Rechte weg",30,"Brandend","Duisternis",\N,\N,"148189185","Terreplein","Tholen","Tholen","Zeeland",false,51.536498,4.226332,"material damage only","4","unknown",false,1,"GM0716"
"20240018663",2024,"Uitsluitend materiele schade",2,"Personenauto","Fiets","Onbekend","Rechte weg",30,"Brandend","Duisternis",\N,\N,"273312060","Janskerkhof","Utrecht","Utrecht","Utrecht",false,52.093764,5.122902,"material damage only","4","unknown",false,1,"GM0344"
"20240153468",2024,"Letsel",2,"Fiets","Voetganger","Kop/staart","Rechte weg",30,"Brandend","Duisternis","Droog",\N,"243374278","Oudezijds Voorburgwal","Amsterdam","Amsterdam","Noord-Holland",true,52.373082,4.897623,"injury","2","clear",false,1,"GM0363"
"20240156375",2024,"Uitsluitend materiele schade",2,"Personenauto","Fiets","Flank","Kruispunt, 3 takken",50,"Brandend","Schemer","Droog",\N,\N,"Afrikalaan","'s-Hertogenbosch","'s-Hertogenbosch","Noord-Brabant",false,51.708665,5.335619,"material damage only","4","clear",false,1,"GM0796"
"20240021455",2024,"Letsel",2,"Personenauto","Fiets","Flank","Kruispunt, 3 takken",30,"Brandend","Duisternis","Regen",\N,\N,"Korte Marnixstraat","Amsterdam","Amsterdam","Noord-Holland",false,52.384738,4.883173,"injury","2","rain",false,1,"GM0363"
"20240021456",2024,"Uitsluitend materiele schade",2,"Fiets","Personenauto","Flank","Kruispunt, 4 takken",30,"Niet brandend","Daglicht","Droog",\N,\N,"Hoekenes","Amsterdam","Amsterdam","Noord-Holland",false,52.352536,4.80293,"material damage only","4","clear",false,1,"GM0363"
"20240021671",2024,"Uitsluitend materiele schade",2,"Personenauto","Fiets","Kop/staart","Rechte weg",50,"Niet brandend","Daglicht","Droog",\N,"269439008","Kolenbergstraat","Blokker","Hoorn","Noord-Holland",false,52.664927,5.086808,"material damage only","4","clear",false,1,"GM0405"
"20240000311",2024,"Uitsluitend materiele schade",2,"Personenauto","Fiets","Onbekend","Rechte weg",30,"Niet brandend","Daglicht","Droog",\N,"196284017","F. Bordewijkstraat","Rotterdam","Rotterdam","Zuid-Holland",false,51.965518,4.564455,"material damage only","4","clear",false,1,"GM0599"
"20230108049",2023,"Uitsluitend materiele schade",2,"Fiets","Voetganger","Voetganger","Kruispunt, 4 takken",30,"Brandend","Schemer","Droog",\N,\N,"Merelstraat","Utrecht","Utrecht","Utrecht",false,52.099259,5.115802,"material damage only","4","clear",false,1,"GM0344"
"20240007198",2024,"Letsel",2,\N,"Fiets","Flank","Kruispunt, 4 takken",30,"Brandend","Duisternis","Droog",\N,\N,"Elandsgracht","Amsterdam","Amsterdam","Noord-Holland",false,52.368846,4.877873,"injury","2","clear",false,1,"GM0363"
"20230109253",2023,"Letsel",3,"Personenauto","Fiets","Onbekend","Rotonde",30,"Niet brandend","Daglicht","Droog",\N,\N,"Galecopperlaan","Nieuwegein","Nieuwegein","Utrecht",false,52.051895,5.079722,"injury","2","clear",false,1,"GM0356"
"20230035610",2023,"Uitsluitend materiele schade",2,"Bestelauto","Fiets","Kop/staart","Rechte weg",60,"Niet brandend","Daglicht","Droog",\N,"420433017","Middenwolderweg","Staphorst","Staphorst","Overijssel",false,52.633903,6.204707,"material damage only","4","clear",false,1,"GM0180"