"accident_id","year","severity_raw","party_count","party1_type","party2_type","accident_type","road_situation","speed_limit_kmh","road_lighting","light_condition_label","weather_raw","infra_type","road_segment_id","street_name","place_name","gemeente_name_raw","province","alcohol_indicated","latitude","longitude","severity_label","severity_code","weather_label","built_up_area","cyclists_involved","gemeente_code"
"20230015008",2023,"Letsel",2,"Bestelauto","Fiets","Flank","Kruispunt, 3 takken",80,"Niet aanwezig","Daglicht","Droog",\N,\N,"Suermondsweg","Smilde","Midden-Drenthe","Drenthe",false,52.942067,6.472699,"injury","2","clear",false,1,"GM1731"
"20230029948",2023,"Letsel",2,"Fiets","Overig vast object","Vast voorwerp","Rechte weg",30,"Niet brandend","Daglicht","Droog",\N,"221294060","De Wissel","Gouda","Gouda","Zuid-Holland",false,52.009994,4.741454,"injury","2","clear",false,1,"GM0513"
"20230036614",2023,"Uitsluitend materiele schade",3,"Fiets","Personenauto","Onbekend","Rotonde",50,"Niet brandend","Daglicht","Droog",\N,\N,"Laan Rozenburg","Amstelveen","Amstelveen","Noord-Holland",false,52.315558,4.868102,"material damage only","4","clear",false,1,"GM0362"
"20230076664",2023,"Uitsluitend materiele schade",2,"Fiets","Fiets","Onbekend","Kruispunt, 3 takken",30,"Niet brandend","Daglicht","Droog",\N,\N,"Burgemeester Meslaan","Tiel","Tiel","Gelderland",false,51.891208,5.419269,"material damage only","4","clear",false,1,"GM0281"
"20230024213",2023,"Letsel",2,"Personenauto","Fiets","Flank","Kruispunt, 4 takken",50,"Niet brandend","Daglicht","Droog",\N,\N,"Kopenhagenstraat","Haarlem","Haarlem","Noord-Holland",false,52.360805,4.647414,"injury","2","clear",false,1,"GM0392"
"20240028702",2024,"Uitsluitend materiele schade",2,"Snorfiets","Fiets","Frontaal","Bocht",30,"Niet brandend","Daglicht","Droog",\N,"266363020","Lange Muiderweg","Muiden","Gooise Meren","Noord-Holland",false,52.325796,5.06824,"material damage only","4","clear",false,1,"GM1942"
"20230031125",2023,"Uitsluitend materiele schade",2,"Personenauto","Fiets","Onbekend","Kruispunt, 3 takken",50,"Niet brandend","Daglicht","Droog",\N,\N,"Henri Dunantstraat","Sint Anthonis","Land van Cuijk","Noord-Brabant",false,51.627496,5.880223,"material damage only","4","clear",false,1,"GM1982"
"20230072736",2023,"Letsel",1,"Fiets",\N,"Eenzijdig","Bocht",50,"Niet brandend","Daglicht","Droog",\N,"600643328","FIETSPAD","Sneek","Súdwest-Fryslân","Friesland",false,53.039529,5.64108,"injury","2","clear",false,1,"GM1900"
"20230078312",2023,"Letsel",2,"Scootmobiel","Fiets","Kop/staart","Rechte weg",50,"Niet brandend","Daglicht","Regen",\N,"600763622","Klaprozenweg","Amsterdam","Amsterdam","Noord-Holland",false,52.400213,4.902473,"injury","2","rain",false,1,"GM0363"
"20240026269",2024,"Uitsluitend materiele schade",2,"Bromfiets","Fiets","Flank","Kruispunt, 4 takken",50,"Niet brandend","Daglicht","Droog",\N,\N,"Stationsplein Zuid","Zwolle","Zwolle","Overijssel",false,52.503724,6.090841,"material damage only","4","clear",false,1,"GM0193"
"20230077273",2023,"Letsel",2,"Fiets","Bestelauto","Eenzijdig","Rechte weg",30,"Niet brandend","Daglicht","Droog",\N,"600721262","Spoorlaan","'s-Gravenhage","'s-Gravenhage","Zuid-Holland",false,52.063313,4.368162,"injury","2","clear",false,1,"GM0518"
"20240078924",2024,"Letsel",1,"Fiets",\N,"Vast voorwerp","Rechte weg",50,"Niet brandend","Daglicht","Droog",\N,"155302007","Vrederustlaan","'s-Gravenhage","'s-Gravenhage","Zuid-Holland",false,52.043526,4.261475,"injury","2","clear",false,1,"GM0518"
"20240078955",2024,"Letsel",2,"Fiets","Personenauto","Los voorwerp","Kruispunt, 3 takken",30,"Niet brandend","Daglicht","Droog",\N,\N,"Steenvoordelaan","Rijswijk","Rijswijk","Zuid-Holland",false,52.038195,4.315893,"injury","2","clear",false,1,\N
"20240080202",2024,"Letsel",2,"Motor","Fiets","Onbekend","Kruispunt, 4 takken",30,"Niet brandend","Daglicht","Droog",\N,\N,"Admiraal De Ruijterweg","Amsterdam","Amsterdam","Noord-Holland",false,52.382543,4.85137,"injury","2","clear",false,1,"GM0363"
"20240038926",2024,"Letsel",2,"Bestelauto","Fiets","Flank","Rotonde",50,"Niet aanwezig","Daglicht","Droog",\N,\N,"Ceintuurbaan","Bussum","Gooise Meren","Noord-Holland",false,52.269224,5.181504,"injury","2","clear",false,1,"GM1942"
"20240036554",2024,"Letsel",2,"Personenauto","Fiets","Flank","Kruispunt, 4 takken",50,"Niet brandend","Daglicht","Droog",\N,\N,"Oude Telgterweg","Ermelo","Ermelo","Gelderland",false,52.293678,5.611092,"injury","2","clear",false,1,"GM0233"
"20240041277",2024,"Uitsluitend materiele schade",2,"Personenauto","Fiets","Flank","Rotonde",\N,"Niet brandend","Daglicht","Droog",\N,\N,"Johan van Hasseltweg","Amsterdam","Amsterdam","Noord-Holland",false,52.387678,4.923803,"material damage only","4","clear",false,1,"GM0363"
"20240047164",2024,"Letsel",2,"Personenauto","Fiets","Onbekend","Kruispunt, 4 takken",50,"Niet brandend","Daglicht","Droog",\N,\N,"Van Ruisdaelstraat","Arnhem","Arnhem","Gelderland",false,51.993973,5.888252,"injury","2","clear",false,1,"GM0202"
"20240050890",2024,"Letsel",2,"Personenauto","Fiets","Flank","Kruispunt, 4 takken",30,"Niet brandend","Daglicht","Droog",\N,\N,"Ambachtslaan","Assendelft","Zaanstad","Noord-Holland",false,52.489989,4.755226,"injury","2","clear",false,1,"GM0479"
"20240079054",2024,"Letsel",1,"Fiets",\N,"Flank","Rechte weg",50,"Brandend","Duisternis","Regen",\N,"169293196","Rotterdamseweg","Delft","Delft","Zuid-Holland",false,52.00513,4.36368,"injury","2","rain",false,1,"GM0503"
"20240032217",2024,"Letsel",3,"Fiets",\N,"Onbekend","Rechte weg",15,"Niet brandend","Daglicht","Droog",\N,"156301030","De Gaarde","'s-Gravenhage","'s-Gravenhage","Zuid-Holland",false,52.038303,4.271497,"injury","2","clear",false,1,"GM0518"
"20240042648",2024,"Letsel",2,"Fiets","Fiets","Flank","Rotonde",50,"Niet brandend","Daglicht","Droog",\N,\N,"Pompenburg","Rotterdam","Rotterdam","Zuid-Holland",false,51.924803,4.478407,"injury","2","clear",false,1,"GM0599"
"20240047878",2024,"Letsel",1,"Fiets",\N,"Flank","Bocht",15,"Niet brandend","Daglicht","Droog",\N,"223436050","Mandenmakerstraat","Alkmaar","Alkmaar","Noord-Holland",false,52.648815,4.749601,"injury","2","clear",false,1,"GM0361"
"20240072358",2024,"Letsel",1,"Fiets",\N,"Onbekend","Rechte weg",30,"Brandend","Duisternis","Droog",\N,"600237646","Wilhelminastraat","Gouda","Gouda","Zuid-Holland",false,52.012662,4.71292,"injury","2","clear",false,1,"GM0513"
"20240079124",2024,"Letsel",2,"Personenauto","Fiets","Eenzijdig","Rechte weg",50,"Niet brandend","Daglicht","Regen",\N,"158309069","Beeklaan","'s-Gravenhage","'s-Gravenhage","Zuid-Holland",false,52.075067,4.280347,"injury","2","rain",false,1,"GM0518"
"20240032991",2024,"Letsel",2,"Personenauto","Fiets","Frontaal","Kruispunt, 3 takken",50,"Niet brandend","Daglicht","Droog",\N,\N,"Rotterdamseweg","Zwijndrecht","Zwijndrecht","Zuid-Holland",false,51.821814,4.647267,"injury","2","clear",false,1,"GM0642"
"20240050999",2024,"Uitsluitend materiele schade",2,"Personenauto","Fiets","Onbekend","Kruispunt, 4 takken",30,"Niet brandend","Daglicht","Regen",\N,\N,"Prins Hendriklaan","Bergen (NH)","Bergen (NH)","Noord-Holland",false,52.670611,4.703666,"material damage only","4","rain",false,1,\N
"20240079174",2024,"Letsel",2,"Personenauto","Fiets","Onbekend","Rechte weg",50,"Niet aanwezig","Daglicht","Droog","Parkeervoorziening","601085083","Groensvoorde","Waddinxveen","Waddinxveen","Zuid-Holland",false,52.05022,4.647253,"injury","2","clear",false,1,"GM0627"
"20240033040",2024,"Letsel",2,"Fiets","Voetganger","Voetganger","Rechte weg",50,"Niet brandend","Daglicht","Regen",\N,"600719935","Fonteynenburghlaan","Voorburg","Leidschendam-Voorburg","Zuid-Holland",false,52.062149,4.351884,"injury","2","rain",false,1,"GM1916"
"20240042756",2024,"Letsel",2,"Personenauto","Fiets","Onbekend",\N,\N,\N,"Schemer",\N,\N,"187329146","Gooimeerlaan","Leiden","Leiden","Zuid-Holland",false,52.169715,4.496096,"injury","2","unknown",false,1,"GM0546"
"20240040709",2024,"Letsel",2,"Personenauto","Fiets","Onbekend","Rotonde",50,"Niet brandend","Daglicht","Droog",\N,\N,"Beeklaan","Noordwijk","Noordwijk","Zuid-Holland",false,52.227953,4.444342,"injury","2","clear",false,1,"GM0575"
"20240076549",2024,"Letsel",2,"Personenauto","Fiets","Onbekend","Kruispunt, 3 takken",30,"Niet brandend","Daglicht","Regen",\N,\N,"Amelandlaan","Heerenveen","Heerenveen","Friesland",false,52.94199,5.939555,"injury","2","rain",false,1,"GM0074"
"20240079862",2024,"Letsel",2,"Bestelauto","Fiets","Onbekend","Rechte weg",30,"Niet brandend","Daglicht","Droog",\N,"243370047","Van Woustraat","Amsterdam","Amsterdam","Noord-Holland",false,52.354481,4.901444,"injury","2","clear",false,1,"GM0363"
"20240080502",2024,"Letsel",2,"Fiets","Bromfiets","Flank","Kruispunt, 4 takken",30,"Niet brandend","Daglicht","Droog",\N,\N,"Polderweg","Schiedam","Schiedam","Zuid-Holland",false,51.94088,4.393866,"injury","2","clear",false,1,"GM0606"
"20240033793",2024,"Letsel",2,"Bestelauto","Fiets","Geparkeerd voertuig","Rechte weg",50,"Niet brandend","Daglicht","Droog",\N,"112143015","Bossestraat","Vogelwaarde","Hulst","Zeeland",false,51.324011,3.976403,"injury","2","clear",false,1,"GM0677"
"20240033184",2024,"Letsel",4,"Personenauto","Fiets","Onbekend","Rechte weg",30,"Brandend","Duisternis","Regen",\N,"253254125","Havendijk","Gorinchem","Gorinchem","Zuid-Holland",false,51.831653,4.977671,"injury","2","rain",false,1,"GM0512"
"20240033822",2024,"Uitsluitend materiele schade",2,"Personenauto","Fiets","Flank","Kruispunt, 3 takken",50,"Niet brandend","Daglicht","Droog",\N,"405040118","Zonstraat","Kerkrade","Kerkrade","Limburg",false,50.869577,6.068275,"material damage only","4","clear",false,1,"GM0928"
"20240038499",2024,"Uitsluitend materiele schade",2,"Personenauto","Fiets","Flank","Rotonde",50,"Niet brandend","Daglicht","Droog",\N,\N,"Hordenweg","Wijk bij Duurstede","Wijk bij Duurstede","Utrecht",false,51.975006,5.337363,"material damage only","4","clear",false,1,"GM0352"
"20240051173",2024,"Uitsluitend materiele schade",2,"Fiets","Personenauto","Flank","Kruispunt, 4 takken",30,"Niet brandend","Daglicht","Droog",\N,\N,"President Steynstraat","Amsterdam","Amsterdam","Noord-Holland",false,52.350959,4.915871,"material damage only","4","clear",false,1,"GM0363"
"20240072808",2024,"Uitsluitend materiele schade",2,"Personenauto","Fiets","Onbekend","Kruispunt, 4 takken",30,"Niet brandend","Daglicht","Droog",\N,\N,"Zandpad","Eindhoven","Eindhoven","Noord-Brabant",false,51.449329,5.411872,"material damage only","4","clear",false,1,"GM0772"
"20240078751",2024,"Letsel",1,"Fiets",\N,"Onbekend","Rechte weg",30,"Niet brandend","Daglicht","Droog",\N,"160305011","Troelstrakade","'s-Gravenhage","'s-Gravenhage","Zuid-Holland",false,52.057308,4.299417,"injury","2","clear",false,1,"GM0518"
"20240033864",2024,"Letsel",2,"Personenauto","Fiets","Flank","Kruispunt, 3 takken",50,"Niet brandend","Daglicht","Droog",\N,\N,"Loopkantstraat","Uden","Maashorst","Noord-Brabant",false,51.656085,5.630166,"injury","2","clear",false,1,"GM1991"
"20240176297",2024,"Letsel",4,"Personenauto","Fiets","Frontaal","Kruispunt, 3 takken",70,"Brandend","Duisternis","Droog",\N,\N,"Seineweg","Amsterdam","Amsterdam","Noord-Holland",true,52.38917,4.81884,"injury","2","clear",false,1,"GM0363"
"20240040906",2024,"Uitsluitend materiele schade",2,"Fiets","Voetganger","Voetganger","Rechte weg",50,"Niet brandend","Daglicht","Droog",\N,"601096513","Keern","Zwaag","Hoorn","Noord-Holland",false,52.66853,5.039328,"material damage only","4","clear",false,1,"GM0405"
"20240042372",2024,"Uitsluitend materiele schade",2,"Personenauto","Fiets","Flank","Kruispunt, 3 takken",50,"Niet brandend","Daglicht","Droog",\N,\N,"Zuidendijk","Dordrecht","Dordrecht","Zuid-Holland",false,51.784121,4.683865,"material damage only","4","clear",false,1,"GM0505"
"20240081119",2024,"Letsel",1,"Fiets",\N,"Onbekend","Rechte weg",30,"Niet brandend","Daglicht","Droog",\N,"186341077","Herenstraat","Voorhout","Teylingen","Zuid-Holland",false,52.22204,4.483004,"injury","2","clear",false,1,"GM1525"
"20240040297",2024,"Letsel",2,"Fiets","Overig vast object","Onbekend","Rechte weg",15,"Niet brandend","Daglicht","Droog","Brug/viaduct","186328213","REMBRANDTBRUG","Leiden","Leiden","Zuid-Holland",false,52.161167,4.482154,"injury","2","clear",false,1,"GM0546"
"20240040350",2024,"Uitsluitend materiele schade",2,"Snorfiets","Fiets","Onbekend","Rechte weg",30,"Niet aanwezig","Daglicht","Droog",\N,"228371049","Botteskerksingel","Amsterdam","Amsterdam","Noord-Holland",false,52.358829,4.792257,"material damage only","4","clear",false,1,"GM0363"
"20240072979",2024,"Uitsluitend materiele schade",2,"Personenauto","Fiets","Flank","Kruispunt, 3 takken",50,"Niet brandend","Daglicht","Droog",\N,\N,"Weijen","Nistelrode","Bernheze","Noord-Brabant",false,51.705981,5.56067,"material damage only","4","clear",false,1,"GM1721"
"20240081206",2024,"Letsel",2,"Fiets","Fiets","Frontaal","Rechte weg",130,"Niet brandend","Daglicht","Droog",\N,"175332001","Wassenaarseweg","Katwijk","Katwijk","Zuid-Holland",false,52.180112,4.407742,"injury","2","clear",false,1,"GM0537"
"20240081226",2024,"Uitsluitend materiele schade",2,"Personenauto","Fiets","Flank","Rechte weg",50,"Niet brandend","Daglicht","Droog",\N,\N,"Spruitkoolakker","Zoetermeer","Zoetermeer","Zuid-Holland",false,52.067114,4.523538,"material damage only","4","clear",false,1,"GM0637"
"20230097451",2023,"Uitsluitend materiele schade",3,"Bromfiets","Fiets","Onbekend","Rechte weg",\N,"Brandend","Duisternis","Droog",\N,"230372094","Meer en Vaart","Amsterdam","Amsterdam","Noord-Holland",false,52.362549,4.806006,"material damage only","4","clear",false,1,"GM0363"
"20230099244",2023,"Uitsluitend materiele schade",2,"Personenauto","Fiets","Flank","Kruispunt, 4 takken",50,"Niet brandend","Daglicht","Regen",\N,\N,"Fellenoord","Eindhoven","Eindhoven","Noord-Brabant",false,51.444837,5.480557,"material damage only","4","rain",false,1,"GM0772"
"20230099414",2023,"Uitsluitend materiele schade",3,"Fiets",\N,"Onbekend","Rechte weg",50,"Niet brandend","Daglicht","Regen",\N,"600391029","Konijnenberg","Breda","Breda","Noord-Brabant",false,51.60759,4.769468,"material damage only","4","rain",false,1,"GM0758"
"20230100526",2023,"Uitsluitend materiele schade",2,"Personenauto","Fiets","Flank","Kruispunt, 3 takken",50,"Niet brandend","Daglicht","Regen",\N,\N,"Burg Schneiderlaan","Roosendaal","Roosendaal","Noord-Brabant",false,51.531796,4.475579,"material damage only","4","rain",false,1,"GM1674"
"20230105132",2023,"Uitsluitend materiele schade",1,"Fiets",\N,"Onbekend","Rechte weg",30,"Niet aanwezig","Duisternis","Droog",\N,"375245001","Witteweg","Malden","Heumen","Gelderland",false,51.789247,5.86437,"material damage only","4","clear",false,1,"GM0252"
"20230106927",2023,"Letsel",1,"Fiets",\N,"Eenzijdig","Rechte weg",30,"Brandend","Duisternis","Droog","Brug/viaduct","600111900","Oostmolenwerf","Rotterdam","Rotterdam","Zuid-Holland",false,51.921784,4.497738,"injury","2","clear",false,1,"GM0599"
"20230081740",2023,"Uitsluitend materiele schade",2,"Personenauto","Fiets","Onbekend","Rotonde",50,"Niet brandend","Daglicht","Droog",\N,\N,"Oranjelaan","Geleen","Sittard-Geleen","Limburg",false,50.971184,5.845552,"material damage only","4","clear",false,1,"GM1883"
"20230083486",2023,"Letsel",2,"e-bike","Fiets","Flank","Rechte weg",30,"Niet brandend","Daglicht","Droog",\N,"600537719","Splitting","Emmen","Emmen","Drenthe",false,52.772537,6.949897,"injury","2","clear",false,1,"GM0114"
"20230086359",2023,"Uitsluitend materiele schade",2,"Bromfiets","Fiets","Flank","Kruispunt, 4 takken",30,"Niet brandend","Daglicht","Droog",\N,\N,"Woudlaan","Zoetermeer","Zoetermeer","Zuid-Holland",false,52.043939,4.462641,"material damage only","4","clear",false,1,"GM0637"
"20230088705",2023,"Letsel",2,"Personenauto","e-bike","Flank","Rotonde",50,"Brandend","Duisternis","Droog",\N,\N,"Johan de Wittstraat","Dordrecht","Dordrecht","Zuid-Holland",false,51.811298,4.668269,"injury","2","clear",false,1,"GM0505"
"20230089881",2023,"Letsel",2,"Vrachtauto","Fiets","Eenzijdig","Rechte weg",50,"Niet brandend","Daglicht","Droog",\N,"198355003","Leidsestraat","Hillegom","Hillegom","Zuid-Holland",false,52.284949,4.573742,"injury","2","clear",false,1,"GM0534"
"20230091095",2023,"Uitsluitend materiele schade",1,"e-bike",\N,"Onbekend","Rotonde",50,"Niet brandend","Daglicht","Droog",\N,"341215156","Violierstraat","Uden","Maashorst","Noord-Brabant",false,51.660024,5.617011,"material damage only","4","clear",false,1,"GM1991"
"20230089328",2023,"Uitsluitend materiele schade",2,"Bromfiets","Fiets","Frontaal","Rechte weg",30,"Niet brandend","Daglicht","Droog",\N,"186329113","Stationsplein","Leiden","Leiden","Zuid-Holland",false,52.165669,4.483117,"material damage only","4","clear",false,1,"GM0546"
"20230099407",2023,"Uitsluitend materiele schade",2,"Personenauto","Fiets","Flank","Kruispunt, 3 takken",30,"Brandend","Schemer","Droog",\N,\N,"Hondsdonk","Breda","Breda","Noord-Brabant",false,51.606575,4.745427,"material damage only","4","clear",false,1,"GM0758"
"20230090585",2023,"Uitsluitend materiele schade",2,"Personenauto","Fiets","Onbekend","Kruispunt, 4 takken",50,"Niet brandend","Daglicht","Droog",\N,\N,"Heischeutstraat","Oss","Oss","Noord-Brabant",false,51.759323,5.506946,"material damage only","4","clear",false,1,"GM0828"
"20230101728",2023,"Letsel",2,"Personenauto","Fiets","Flank","Kruispunt, 4 takken",50,"Brandend","Duisternis","Droog",\N,\N,"Burgemeester Jansenlaan","Zwijndrecht","Zwijndrecht","Zuid-Holland",false,51.822489,4.637714,"injury","2","clear",false,1,"GM0642"
"20230102157",2023,"Uitsluitend materiele schade",2,"Personenauto","e-bike","Flank","Kruispunt, 4 takken",30,"Niet brandend","Daglicht","Droog",\N,\N,"Slachthuislaan","'s-Gravenhage","'s-Gravenhage","Zuid-Holland",false,52.061222,4.317323,"material damage only","4","clear",false,1,"GM0518"
"20230105248",2023,"Letsel",3,"Personenauto","Fiets","Onbekend","Rechte weg",50,"Niet brandend","Daglicht","Regen",\N,"313264052","Nieuwe Tielseweg","Tiel","Tiel","Gelderland",false,51.879309,5.416684,"injury","2","rain",false,1,"GM0281"
"20230082455",2023,"Uitsluitend materiele schade",2,"Personenauto","Fiets","Flank","Kruispunt, 4 takken",30,"Niet brandend","Daglicht","Droog",\N,\N,"Verzetsstrijderspark","Apeldoorn","Apeldoorn","Gelderland",false,52.22247,5.96646,"material damage only","4","clear",false,1,"GM0200"
"20230085918",2023,"Letsel",4,"Personenauto","Fiets","Flank","Kruispunt, 3 takken",50,"Niet brandend","Daglicht","Droog",\N,\N,"Burg.Backxlaan","Nieuwleusen","Dalfsen","Overijssel",false,52.580549,6.288289,"injury","2","clear",false,1,"GM0148"
"20230100999",2023,"Letsel",3,"Bromfiets","Fiets","Flank","Kruispunt, 3 takken",30,"Niet brandend","Daglicht","Regen",\N,\N,"Voorweg","Zoetermeer","Zoetermeer","Zuid-Holland",false,52.060075,4.480801,"injury","2","rain",false,1,"GM0637"
"20230102162",2023,"Letsel",2,"Fiets",\N,"Eenzijdig","Rechte weg",\N,"Niet brandend","Daglicht","Droog","Tunnel","165294059","Van der Dussenweg","Delft","Delft","Zuid-Holland",false,52.008666,4.338134,"injury","2","clear",false,1,"GM0503"
"20230105279",2023,"Letsel",2,"Personenauto","Fiets","Flank","Kruispunt, 3 takken",50,"Brandend","Duisternis","Droog",\N,"600810041","Stationsweg","De Klomp","Ede","Gelderland",false,52.046148,5.572905,"injury","2","clear",false,1,"GM0228"
"20230094755",2023,"Letsel",2,"Personenauto","Fiets","Geparkeerd voertuig","Rechte weg",30,"Niet brandend","Daglicht","Droog","Parkeervoorziening","601083534","Garsteland","Ermelo","Ermelo","Gelderland",false,52.299716,5.625448,"injury","2","clear",false,1,"GM0233"
"20230101776",2023,"Letsel",3,"Bestelauto","Fiets","Eenzijdig","Kruispunt, 3 takken",50,"Niet brandend","Daglicht","Regen",\N,\N,"Rochussenstraat","Rotterdam","Rotterdam","Zuid-Holland",false,51.910531,4.459597,"injury","2","rain",false,1,"GM0599"
"20230094758",2023,"Uitsluitend materiele schade",2,"Bestelauto","e-bike","Flank","Kruispunt, 4 takken",50,"Niet brandend","Daglicht","Droog",\N,\N,"Europaweg","Apeldoorn","Apeldoorn","Gelderland",false,52.194718,5.940161,"material damage only","4","clear",false,1,"GM0200"
"20230097074",2023,"Uitsluitend materiele schade",2,"Personenauto","Fiets","Flank","Kruispunt, 4 takken",50,"Brandend","Duisternis","Regen",\N,\N,"Snuiverstraat","Krommenie","Zaanstad","Noord-Holland",false,52.497419,4.767346,"material damage only","4","rain",false,1,"GM0479"
"20230086011",2023,"Uitsluitend materiele schade",2,"Personenauto","Fiets","Flank","Rotonde",50,"Brandend","Duisternis","Regen",\N,\N,"Hospitaaldreef","Almere","Almere","Flevoland",false,52.370067,5.221867,"material damage only","4","rain",false,1,"GM0034"
"20230094801",2023,"Letsel",2,"Fiets",\N,"Eenzijdig","Rechte weg",50,"Brandend","Duisternis","Regen",\N,"601082723","Oldenzaalsestraat","Enschede","Enschede","Overijssel",false,52.232364,6.904643,"injury","2","rain",false,1,"GM0153"
"20230095391",2023,"Letsel",1,"Fiets",\N,"Eenzijdig","Rechte weg",50,"Niet brandend","Daglicht","Droog",\N,"600752390","Schoklandstraat","Alkmaar","Alkmaar","Noord-Holland",false,52.658329,4.754268,"injury","2","clear",false,1,"GM0361"
"20230082003",2023,"Uitsluitend materiele schade",2,"Personenauto","Fiets","Geparkeerd voertuig","Rechte weg",30,"Niet brandend","Daglicht","Droog",\N,"353035088","Wycker Brugstraat","Maastricht","Maastricht","Limburg",false,50.849471,5.697919,"material damage only","4","clear",false,1,"GM0935"
"20230090770",2023,"Uitsluitend materiele schade",2,"Fiets","Personenauto","Flank","Rotonde",50,"Niet brandend","Daglicht","Droog",\N,\N,"Neptunus","Veldhoven","Veldhoven","Noord-Brabant",false,51.412417,5.385169,"material damage only","4","clear",false,1,"GM0861"
"20230095434",2023,"Letsel",2,"Personenauto","Fiets","Frontaal","Bocht",50,"Brandend","Duisternis","Droog",\N,"206374095","Paviljoenslaan","Haarlem","Haarlem","Noord-Holland",false,52.37127,4.631362,"injury","2","clear",false,1,"GM0392"
"20230083199",2023,"Letsel",2,"Bromfiets","Fiets","Flank","Rechte weg",30,"Brandend","Duisternis","Regen",\N,"467565021","Nieuwe Ebbingestraat","Groningen","Groningen","Groningen",false,53.22318,6.56404,"injury","2","rain",false,1,"GM0014"
"20230086670",2023,"Letsel",2,"Fiets","Fiets","Flank","Kruispunt, 4 takken",50,"Niet brandend","Daglicht","Droog",\N,\N,"Raadhuisstraat","Alphen aan den Rijn","Alphen aan den Rijn","Zuid-Holland",false,52.128801,4.663306,"injury","2","clear",false,1,"GM0484"
"20230089591",2023,"Uitsluitend materiele schade",2,"Fiets","Fiets","Onbekend","Rotonde",50,"Niet brandend","Daglicht","Droog",\N,\N,"Tolweg","Hellevoetsluis","Voorne aan Zee","Zuid-Holland",false,51.83509,4.143668,"material damage only","4","clear",false,1,"GM1992"
"20230093147",2023,"Letsel",1,"Fiets",\N,"Eenzijdig","Kruispunt, 4 takken",30,"Niet brandend","Daglicht","Droog",\N,\N,"Pr Julianastraat","Zaltbommel","Zaltbommel","Gelderland",false,51.805711,5.255573,"injury","2","clear",false,1,"GM0297"
"20230096024",2023,"Uitsluitend materiele schade",3,"Personenauto","Fiets","Onbekend","Kruispunt, 4 takken",50,"Niet brandend","Daglicht","Droog",\N,\N,"FIETSPAD","Almere","Almere","Flevoland",false,52.368125,5.188127,"material damage only","4","clear",false,1,"GM0034"
"20230082662",2023,"Letsel",2,"Fiets","Personenauto","Flank","Kruispunt, 3 takken",50,"Brandend","Duisternis","Droog",\N,\N,"Kierkamperweg","Bennekom","Ede","Gelderland",false,51.99464,5.668598,"injury","2","clear",false,1,"GM0228"
"20230084386",2023,"Letsel",2,"Fiets","Bromfiets","Flank","Kruispunt, 3 takken",30,"Niet brandend","Daglicht","Droog",\N,\N,"Sint Andriesstraat","Amersfoort","Amersfoort","Utrecht",false,52.156198,5.393572,"injury","2","clear",false,1,"GM0307"
"20230084969",2023,"Letsel",2,"Personenauto","Fiets","Flank","Kruispunt, 3 takken",50,"Niet brandend","Daglicht","Droog",\N,\N,"Kiefteweg","Eibergen","Berkelland","Gelderland",false,52.094246,6.638776,"injury","2","clear",false,1,"GM1859"
"20230088485",2023,"Uitsluitend materiele schade",2,"Personenauto","Fiets","Flank","Rotonde",50,"Brandend","Schemer","Droog",\N,\N,"FIETSPAD","Etten-Leur","Etten-Leur","Noord-Brabant",false,51.568655,4.650065,"material damage only","4","clear",false,1,"GM0777"
"20230092623",2023,"Letsel",2,"Personenauto","Fiets","Flank","Kruispunt, 4 takken",30,"Niet brandend","Daglicht","Droog",\N,\N,"van Heldenstraat","Werkendam","Altena","Noord-Brabant",false,51.810083,4.892954,"injury","2","clear",false,1,"GM1959"
"20230097797",2023,"Letsel",2,"Personenauto","Fiets","Kop/staart","Rechte weg",30,"Niet brandend","Daglicht","Droog",\N,"233390061","Oostzijde","Zaandam","Zaanstad","Noord-Holland",false,52.441308,4.82615,"injury","2","clear",false,1,"GM0479"
"20230102846",2023,"Letsel",2,"Fiets","Overig vast object","Vast voorwerp","Rechte weg",50,"Niet brandend","Daglicht","Droog",\N,"601065481","Willem de Zwijgerlaan","Alphen aan den Rijn","Alphen aan den Rijn","Zuid-Holland",false,52.135197,4.666814,"injury","2","clear",false,1,"GM0484"
"20230106864",2023,"Uitsluitend materiele schade",2,"Snorfiets","Fiets","Flank","Kruispunt, 3 takken",30,"Niet brandend","Daglicht","Droog",\N,\N,"Koningin Wilhelminaplein","Krimpen aan den IJssel","Krimpen aan den IJssel","Zuid-Holland",false,51.913579,4.584971,"material damage only","4","clear",false,1,"GM0542"
"20230080303",2023,"Letsel",2,"Personenauto","e-bike","Flank","Rotonde",30,"Niet brandend","Daglicht","Droog",\N,\N,"Dongewijkdreef","Tilburg","Tilburg","Noord-Brabant",false,51.578966,4.993289,"injury","2","clear",false,1,"GM0855"
"20230082084",2023,"Letsel",2,"Fiets","Personenauto","Flank","Kruispunt, 3 takken",30,"Niet brandend","Daglicht","Droog",\N,\N,"Kastanjestraat","Venray","Venray","Limburg",false,51.521162,5.981894,"injury","2","clear",false,1,"GM0984"
"20230082695",2023,"Uitsluitend materiele schade",2,"Fiets","Fiets","Flank","Rotonde",50,"Niet brandend","Daglicht","Droog",\N,\N,"FIETSPAD","Barneveld","Barneveld","Gelderland",false,52.136956,5.589209,"material damage only","4","clear",false,1,"GM0203"
"20230094379",2023,"Uitsluitend materiele schade",2,"Personenauto","Fiets","Onbekend",\N,30,"Niet brandend","Daglicht","Droog",\N,\N,"Goudstraat","Apeldoorn","Apeldoorn","Gelderland",false,52.190889,5.962016,"material damage only","4","clear",false,1,"GM0200"