"accident_id","year","severity_raw","party_count","party1_type","party2_type","accident_type","road_situation","speed_limit_kmh","road_lighting","light_condition_label","weather_raw","infra_type","road_segment_id","street_name","place_name","gemeente_name_raw","province","alcohol_indicated","latitude","longitude","severity_label","severity_code","weather_label","built_up_area","cyclists_involved","gemeente_code"
"20230089697",2023,"Letsel",2,"Personenauto","Fiets","Flank","Kruispunt, 4 takken",50,"Niet brandend","Daglicht","Regen",\N,\N,"Oudelandselaan","Berkel en Rodenrijs","Lansingerland","Zuid-Holland",false,51.983614,4.455014,"injury","2","rain",false,1,"GM1621"
"20230093270",2023,"Letsel",2,"Fiets","Bestelauto","Flank","Kruispunt, 4 takken",50,"Niet brandend","Daglicht","Droog",\N,\N,"Abel Tasmanweg","Assen","Assen","Drenthe",false,52.995789,6.571303,"injury","2","clear",false,1,"GM0106"
"20230107350",2023,"Letsel",2,"Bromfiets","Fiets","Flank","Rechte weg",50,"Niet brandend","Daglicht","Droog","Brug/viaduct","600510446","Algeraweg","Capelle aan den IJssel","Capelle aan den IJssel","Zuid-Holland",false,51.917079,4.578221,"injury","2","clear",false,1,"GM0502"
"20230081581",2023,"Letsel",2,"Personenauto","Fiets","Flank","Rechte weg",30,"Niet brandend","Daglicht","Droog",\N,"600722759","Tuinlaan","Schiedam","Schiedam","Zuid-Holland",false,51.913504,4.40116,"injury","2","clear",false,1,"GM0606"
"20230086241",2023,"Letsel",2,"Personenauto","Fiets","Flank","Rechte weg",80,"Niet brandend","Daglicht","Droog","Spoorwegovergang",\N,"Keppelseweg","Doetinchem","Doetinchem","Gelderland",false,51.987325,6.250769,"injury","2","clear",false,1,"GM0222"
"20230095615",2023,"Letsel",2,"Personenauto","Fiets","Kop/staart","Kruispunt, 3 takken",30,"Brandend","Duisternis","Droog",\N,\N,"Kranenburgerweg","Utrecht","Utrecht","Utrecht",false,52.076981,5.133799,"injury","2","clear",false,1,"GM0344"
"20230096739",2023,"Letsel",2,"Personenauto","Fiets","Frontaal","Rotonde",50,"Niet brandend","Daglicht","Droog",\N,\N,"Van Wijnbergenlaan","Barneveld","Barneveld","Gelderland",false,52.153289,5.596622,"injury","2","clear",false,1,"GM0203"
"20230081612",2023,"Letsel",3,"Fiets","Fiets","Frontaal","Bocht",30,"Niet brandend","Daglicht","Droog",\N,"600384038","Wethouder Vekemansstraat","Goirle","Goirle","Noord-Brabant",false,51.517799,5.06439,"injury","2","clear",false,1,"GM0785"
"20230085111",2023,"Uitsluitend materiele schade",2,"Personenauto","Fiets","Flank","Kruispunt, 4 takken",50,"Niet brandend","Daglicht","Droog",\N,\N,"Bloemstraat","Arnhem","Arnhem","Gelderland",false,51.98439,5.915704,"material damage only","4","clear",false,1,"GM0202"
"20230094478",2023,"Uitsluitend materiele schade",2,"Personenauto","Fiets","Flank","Kruispunt, 4 takken",50,"Brandend","Duisternis","Droog",\N,\N,"Wilgenpad","Groningen","Groningen","Groningen",false,53.229255,6.548704,"material damage only","4","clear",false,1,"GM0014"
"20230081660",2023,"Letsel",2,"Fiets","Fiets","Frontaal","Kruispunt, 4 takken",50,"Niet brandend","Daglicht","Droog",\N,\N,"Bosstraat","Valkenswaard","Valkenswaard","Noord-Brabant",false,51.357434,5.461643,"injury","2","clear",false,1,"GM0858"
"20230082840",2023,"Uitsluitend materiele schade",2,"Personenauto","Fiets","Flank","Kruispunt, 4 takken",80,"Niet brandend","Daglicht","Droog",\N,\N,"Kasteelweg","Doorwerth","Renkum","Gelderland",false,51.986669,5.792285,"material damage only","4","clear",false,1,"GM0274"
"20230088644",2023,"Uitsluitend materiele schade",2,"Bromfiets","Fiets","Frontaal","Kruispunt, 3 takken",50,"Brandend","Duisternis","Droog",\N,\N,"Henry Moorepassage","Capelle aan den IJssel","Capelle aan den IJssel","Zuid-Holland",false,51.951502,4.586625,"material damage only","4","clear",false,1,"GM0502"
"20230089810",2023,"Uitsluitend materiele schade",2,"Bromfiets","Fiets","Flank","Kruispunt, 4 takken",50,"Niet brandend","Daglicht","Regen",\N,\N,"De Heemstraat","'s-Gravenhage","'s-Gravenhage","Zuid-Holland",false,52.066904,4.29762,"material damage only","4","rain",false,1,"GM0518"
"20220000985",2022,"Letsel",1,"Fiets",\N,"Eenzijdig","Rechte weg",30,"Niet brandend","Daglicht","Droog",\N,"468558010","Spieghelstraat","Groningen","Groningen","Groningen",false,53.1948,6.574574,"injury","2","clear",false,1,"GM0014"
"20220001976",2022,"Letsel",2,"Fiets","Voetganger","Voetganger","Rechte weg",50,"Brandend","Duisternis","Droog",\N,"600878898","Poppenharelaan","Coevorden","Coevorden","Drenthe",false,52.667385,6.742638,"injury","2","clear",false,1,"GM0109"
"20220007154",2022,"Uitsluitend materiele schade",2,"Personenauto","Fiets","Flank","Kruispunt, 3 takken",30,"Brandend","Duisternis","Regen",\N,\N,"St. Catharinaplaats","Arnhem","Arnhem","Gelderland",false,51.981028,5.912601,"material damage only","4","rain",false,1,"GM0202"
"20220005875",2022,"Uitsluitend materiele schade",2,"Personenauto","Fiets","Flank","Kruispunt, 3 takken",50,"Brandend","Duisternis","Droog",\N,\N,"Faradaystraat","Ede","Ede","Gelderland",false,52.03224,5.604805,"material damage only","4","clear",false,1,"GM0228"
"20220005723",2022,"Uitsluitend materiele schade",2,"Bromfiets","Fiets","Flank","Kruispunt, 4 takken",\N,"Brandend","Duisternis","Regen",\N,\N,"Arnhemseweg","Apeldoorn","Apeldoorn","Gelderland",false,52.200374,5.959187,"material damage only","4","rain",false,1,"GM0200"
"20220007415",2022,"Letsel",2,"Personenauto","Fiets","Flank","Rotonde",50,"Brandend","Duisternis","Droog",\N,\N,"Stationsstraat","Ermelo","Ermelo","Gelderland",false,52.300856,5.631552,"injury","2","clear",false,1,"GM0233"
"20220008085",2022,"Letsel",2,"Personenauto","Fiets","Flank","Rotonde",50,"Niet brandend","Daglicht",\N,\N,\N,"Molenveld","Twello","Voorst","Gelderland",false,52.233738,6.092372,"injury","2","unknown",false,1,"GM0285"
"20220122435",2022,"Letsel",2,"Personenauto","Fiets","Flank","Kruispunt, 4 takken",50,"Niet brandend","Daglicht","Droog",\N,\N,"Kagerdijk","Wervershoof","Medemblik","Noord-Holland",false,52.73747,5.144044,"injury","2","clear",false,1,"GM0420"
"20220111930",2022,"Uitsluitend materiele schade",2,"Bestelauto","Fiets","Flank","Kruispunt, 3 takken",50,"Niet brandend","Daglicht","Droog",\N,\N,"Achterdijk","Helmond","Helmond","Noord-Brabant",false,51.46332,5.689976,"material damage only","4","clear",false,1,"GM0794"
"20220131728",2022,"Letsel",3,"Personenauto","e-bike","Onbekend","Kruispunt, 4 takken",80,"Niet brandend","Daglicht","Droog",\N,\N,"VALKENSWAARD","Veldhoven","Veldhoven","Noord-Brabant",false,51.395947,5.379623,"injury","2","clear",false,1,"GM0861"
"20220123219",2022,"Uitsluitend materiele schade",2,"Bromfiets","Fiets","Flank","Kruispunt, 4 takken",50,"Brandend","Duisternis","Droog",\N,\N,"Weteringlaan","Amsterdam","Amsterdam","Noord-Holland",false,52.358031,4.890834,"material damage only","4","clear",false,1,"GM0363"
"20220063389",2022,"Letsel",2,"Fiets","Fiets","Onbekend","Rechte weg",30,"Niet brandend","Daglicht","Droog",\N,"600422517","Molenpad","Papendrecht","Papendrecht","Zuid-Holland",false,51.84358,4.693946,"injury","2","clear",false,1,"GM0590"
"20220084701",2022,"Letsel",2,"Personenauto","Fiets","Flank","Kruispunt, 3 takken",30,"Niet brandend","Daglicht","Droog",\N,\N,"Rozenlaan","Vlaardingen","Vlaardingen","Zuid-Holland",false,51.919159,4.356327,"injury","2","clear",false,1,"GM0622"
"20220090320",2022,"Uitsluitend materiele schade",3,"Personenauto","Fiets","Los voorwerp","Kruispunt, 4 takken",50,"Niet brandend","Daglicht","Droog",\N,\N,"Drie Decembersingel","Venlo","Venlo","Limburg",false,51.374359,6.144129,"material damage only","4","clear",false,1,"GM0983"
"20220016389",2022,"Uitsluitend materiele schade",2,"Fiets","Fiets","Flank","Rechte weg",50,"Niet brandend","Daglicht","Regen",\N,\N,"Herensingel","Weesp","Amsterdam","Noord-Holland",false,52.310097,5.043815,"material damage only","4","rain",false,1,"GM0363"
"20220050549",2022,"Letsel",2,"Personenauto","Fiets","Flank","Kruispunt, 4 takken",50,"Niet brandend","Daglicht","Droog",\N,\N,"Van Beeklaan","Hooglanderveen","Amersfoort","Utrecht",false,52.186356,5.433239,"injury","2","clear",false,1,"GM0307"
"20220077716",2022,"Uitsluitend materiele schade",1,"Fiets",\N,"Onbekend",\N,\N,\N,"Daglicht",\N,\N,"600596300","Zuiderzeestraatweg","Wezep","Oldebroek","Gelderland",false,52.468057,6.005159,"material damage only","4","unknown",false,1,"GM0269"
"20220089369",2022,"Uitsluitend materiele schade",2,"Fiets","Personenauto","Frontaal","Rechte weg",50,"Niet brandend","Daglicht","Droog",\N,\N,"Hoevenbraaksestraat","Schijndel","Meierijstad","Noord-Brabant",false,51.61533,5.448131,"material damage only","4","clear",false,1,"GM1948"
"20220089911",2022,"Uitsluitend materiele schade",2,"Bromfiets","Fiets","Kop/staart","Rechte weg",80,"Niet aanwezig","Daglicht","Droog",\N,"348185002","Kloosterdreef","Aarle-Rixtel","Laarbeek","Noord-Brabant",false,51.526489,5.665156,"material damage only","4","clear",false,1,"GM1659"
"20220022526",2022,"Uitsluitend materiele schade",2,"Fiets","Personenauto","Onbekend","Kruispunt, 4 takken",50,"Brandend","Duisternis",\N,\N,\N,"Boezemlaan","Rotterdam","Rotterdam","Zuid-Holland",false,51.940882,4.485689,"material damage only","4","unknown",false,1,"GM0599"
"20220066776",2022,"Uitsluitend materiele schade",2,"Personenauto","Fiets","Frontaal","Kruispunt, 3 takken",30,"Niet brandend","Daglicht","Droog",\N,\N,"Molenwijkseweg","Boxtel","Boxtel","Noord-Brabant",false,51.599811,5.309274,"material damage only","4","clear",false,1,"GM0757"
"20220089965",2022,"Letsel",2,"Snorfiets","Fiets","Flank","Rechte weg",30,"Niet brandend","Daglicht","Droog",\N,\N,"Winston Churchilllaan","Eindhoven","Eindhoven","Noord-Brabant",false,51.467572,5.478282,"injury","2","clear",false,1,"GM0772"
"20220092748",2022,"Letsel",2,"Personenauto","Fiets","Flank","Rechte weg",50,"Niet brandend","Daglicht","Droog",\N,"443576002","Noorderweg","Noordhorn","Westerkwartier","Groningen",false,53.271162,6.39155,"injury","2","clear",false,1,"GM1969"
"20220013523",2022,"Uitsluitend materiele schade",2,"Personenauto","Fiets","Flank","Kruispunt, 4 takken",30,"Niet brandend","Schemer","Droog",\N,\N,"Wayesteinsingel","Nieuw-Vennep","Haarlemmermeer","Noord-Holland",false,52.274756,4.614261,"material damage only","4","clear",false,1,"GM0394"
"20220044881",2022,"Uitsluitend materiele schade",2,"Personenauto","Fiets","Flank","Kruispunt, 4 takken",50,"Niet brandend","Daglicht","Droog",\N,\N,"De Savornin Lohmanstraat","Apeldoorn","Apeldoorn","Gelderland",false,52.199838,5.979875,"material damage only","4","clear",false,1,"GM0200"
"20220052347",2022,"Uitsluitend materiele schade",2,"Personenauto","Fiets","Flank","Kruispunt, 3 takken",50,"Niet brandend","Daglicht","Droog",\N,\N,"Hoofdweg","Hoofddorp","Haarlemmermeer","Noord-Holland",false,52.308977,4.697974,"material damage only","4","clear",false,1,"GM0394"
"20220052409",2022,"Uitsluitend materiele schade",2,"Fiets","Bestelauto","Flank","Kruispunt, 4 takken",50,"Niet brandend","Duisternis","Regen",\N,\N,"Kerkstraat","Wormerveer","Zaanstad","Noord-Holland",false,52.49748,4.776531,"material damage only","4","rain",false,1,"GM0479"
"20220063559",2022,"Letsel",2,"Personenauto","Fiets","Onbekend","Rotonde",50,"Niet brandend","Daglicht","Droog",\N,\N,"Zuidersingel","Barendrecht","Barendrecht","Zuid-Holland",false,51.849411,4.507825,"injury","2","clear",false,1,"GM0489"
"20220080893",2022,"Uitsluitend materiele schade",2,"Bestelauto","Fiets","Frontaal","Kruispunt, 4 takken",50,"Niet brandend","Daglicht","Droog",\N,\N,"Keienbergweg","Amsterdam","Amsterdam","Noord-Holland",false,52.306605,4.936161,"material damage only","4","clear",false,1,"GM0363"
"20220084965",2022,"Letsel",2,"Personenauto","Fiets","Flank","Kruispunt, 4 takken",50,"Brandend","Duisternis","Droog",\N,\N,"Pleinweg","Rotterdam","Rotterdam","Zuid-Holland",false,51.889548,4.488536,"injury","2","clear",false,1,"GM0599"
"20220110272",2022,"Uitsluitend materiele schade",2,"Landbouwvoertuig","Fiets","Flank","Kruispunt, 3 takken",50,"Niet brandend","Daglicht","Droog",\N,\N,"Huijbergseweg","Hoogerheide","Woensdrecht","Noord-Brabant",false,51.42339,4.335953,"material damage only","4","clear",false,1,"GM0873"
"20220111344",2022,"Uitsluitend materiele schade",2,"Fiets","Dier","Dier","Rechte weg",30,"Niet brandend","Daglicht","Droog",\N,"335127010","De Vinne","Budel","Cranendonck","Noord-Brabant",false,51.265046,5.566777,"material damage only","4","clear",false,1,"GM1706"
"20220013659",2022,"Letsel",1,"Fiets",\N,"Eenzijdig","Rechte weg",30,"Brandend","Schemer","Droog","Brug/viaduct","233437051","Zuidwijkring","Heerhugowaard","Dijk en Waard","Noord-Holland",false,52.653287,4.82026,"injury","2","clear",false,1,"GM1980"
"20220077494",2022,"Uitsluitend materiele schade",2,"Personenauto","Fiets","Flank","Kruispunt, 4 takken",30,"Niet brandend","Daglicht","Droog",\N,\N,"Hoekwierde","Almere","Almere","Flevoland",false,52.337969,5.198634,"material damage only","4","clear",false,1,"GM0034"
"20220079318",2022,"Uitsluitend materiele schade",2,"Personenauto","Fiets","Flank","Rotonde",50,"Niet brandend","Daglicht","Droog",\N,\N,"Sluisdijkstraat","Den Helder","Den Helder","Noord-Holland",false,52.954117,4.762692,"material damage only","4","clear",false,1,"GM0400"
"20220111989",2022,"Letsel",2,"Fiets","Fiets","Onbekend","Bocht",30,"Niet brandend","Daglicht","Droog",\N,"315146006","Brouwerijplein","Valkenswaard","Valkenswaard","Noord-Brabant",false,51.348073,5.428711,"injury","2","clear",false,1,"GM0858"
"20220112206",2022,"Uitsluitend materiele schade",2,"Personenauto","Fiets","Flank","Kruispunt, 4 takken",30,"Niet brandend","Daglicht","Droog",\N,\N,"Lyndakkers","Nuenen","Nuenen, Gerwen en Nederwetten","Noord-Brabant",false,51.464606,5.547026,"material damage only","4","clear",false,1,"GM0820"
"20220034012",2022,"Letsel",2,"Fiets","Fiets","Flank","Kruispunt, 4 takken",30,"Niet brandend","Daglicht","Droog",\N,\N,"Stationsplein","Apeldoorn","Apeldoorn","Gelderland",false,52.210185,5.96827,"injury","2","clear",false,1,"GM0200"
"20220045113",2022,"Letsel",1,"Fiets",\N,"Eenzijdig","Rechte weg",50,"Niet brandend","Daglicht","Droog",\N,"600511592","Haaksbergerstraat","Enschede","Enschede","Overijssel",false,52.205477,6.856887,"injury","2","clear",false,1,"GM0153"
"20220049565",2022,"Uitsluitend materiele schade",3,"Fiets","Fiets","Onbekend","Rechte weg",80,"Niet brandend","Daglicht","Droog",\N,"269341001","Vreelandseweg","Kortenhoef","Wijdemeren","Noord-Holland",false,52.222855,5.098686,"material damage only","4","clear",false,1,"GM1696"
"20220052577",2022,"Letsel",3,"Personenauto","e-bike","Voetganger","Rechte weg",50,"Brandend","Duisternis","Droog",\N,\N,"de Raep","Beverwijk","Beverwijk","Noord-Holland",true,52.483821,4.659681,"injury","2","clear",false,1,"GM0375"
"20220078016",2022,"Letsel",2,"Bestelauto","Fiets","Frontaal","Kruispunt, 4 takken",50,"Niet brandend","Daglicht","Regen",\N,\N,"Majellapark","Utrecht","Utrecht","Utrecht",false,52.094381,5.090611,"injury","2","rain",false,1,"GM0344"
"20220080998",2022,"Uitsluitend materiele schade",3,"e-bike","e-bike","Frontaal","Rotonde",50,"Niet brandend","Daglicht","Droog",\N,\N,"Burg Kasteleinweg","Aalsmeer","Aalsmeer","Noord-Holland",false,52.259357,4.766095,"material damage only","4","clear",false,1,"GM0358"
"20220083026",2022,"Letsel",1,"Fiets",\N,"Eenzijdig","Rechte weg",50,"Niet brandend","Daglicht","Droog",\N,"175289002","Zuideindseweg","Delfgauw","Pijnacker-Nootdorp","Zuid-Holland",false,51.986758,4.410992,"injury","2","clear",false,1,"GM1926"
"20220083947",2022,"Uitsluitend materiele schade",4,"Personenauto","Fiets","Geparkeerd voertuig","Rechte weg",30,"Niet brandend","Daglicht","Droog","Parkeervoorziening","209320153","Euromarkt","Alphen aan den Rijn","Alphen aan den Rijn","Zuid-Holland",true,52.127013,4.651982,"material damage only","4","clear",false,1,"GM0484"
"20220092280",2022,"Letsel",4,"Personenauto","Fiets","Onbekend","Rechte weg",50,"Niet brandend","Daglicht","Droog",\N,"600248497","Oudestreek","Zevenhuizen","Westerkwartier","Groningen",false,53.120534,6.346794,"injury","2","clear",false,1,"GM1969"
"20220114299",2022,"Letsel",2,"Snorfiets","Fiets","Onbekend","Kruispunt, 4 takken",30,"Niet brandend","Daglicht","Droog",\N,\N,"Oranjetip","Hoogeveen","Hoogeveen","Drenthe",false,52.7121,6.448054,"injury","2","clear",false,1,"GM0118"
"20220034041",2022,"Uitsluitend materiele schade",2,"Snorfiets","Fiets","Frontaal","Rechte weg",50,"Brandend","Duisternis","Regen",\N,"291253068","Steenweg","Waardenburg","West Betuwe","Gelderland",false,51.83104,5.255662,"material damage only","4","rain",false,1,"GM1960"
"20220046884",2022,"Uitsluitend materiele schade",2,"e-bike","Fiets","Flank","Kruispunt, 4 takken",\N,"Niet brandend","Daglicht","Droog",\N,"600611478","Vitringasingel","Harderwijk","Harderwijk","Gelderland",false,52.347124,5.617178,"material damage only","4","clear",false,1,"GM0243"
"20220055415",2022,"Letsel",1,"Fiets",\N,"Eenzijdig","Rotonde",50,"Niet brandend","Daglicht","Regen",\N,\N,"Linnaeusstraat","Amsterdam","Amsterdam","Noord-Holland",false,52.363217,4.923452,"injury","2","rain",false,1,"GM0363"
"20220057012",2022,"Letsel",2,"Snorfiets","Fiets","Onbekend",\N,50,\N,"Daglicht",\N,\N,"161308105","Vaillantplein","'s-Gravenhage","'s-Gravenhage","Zuid-Holland",false,52.070449,4.300382,"injury","2","unknown",false,1,"GM0518"
"20220082089",2022,"Letsel",1,"Fiets",\N,"Eenzijdig","Rechte weg",50,"Niet brandend","Daglicht","Droog",\N,"600917941","Escamplaan","'s-Gravenhage","'s-Gravenhage","Zuid-Holland",false,52.06288,4.271897,"injury","2","clear",false,1,"GM0518"
"20220088017",2022,"Uitsluitend materiele schade",1,"Fiets",\N,"Onbekend","Rechte weg",50,"Niet brandend","Daglicht","Droog",\N,"181185029","President Kennedylaan","Roosendaal","Roosendaal","Noord-Brabant",false,51.517992,4.45846,"material damage only","4","clear",false,1,"GM1674"
"20220104916",2022,"Letsel",2,"Fiets","Voetganger","Voetganger","Rechte weg",50,"Brandend","Duisternis","Droog",\N,"161309122","Jan Hendrikstraat","'s-Gravenhage","'s-Gravenhage","Zuid-Holland",false,52.07623,4.30689,"injury","2","clear",false,1,"GM0518"
"20220009973",2022,"Letsel",2,"Personenauto","Fiets","Onbekend","Kruispunt, 4 takken",30,"Brandend","Duisternis","Droog",\N,\N,"De Bouw","Houten","Houten","Utrecht",false,52.022735,5.174088,"injury","2","clear",false,1,"GM0321"
"20220025716",2022,"Uitsluitend materiele schade",2,"Bromfiets","Fiets","Frontaal","Rechte weg",50,"Niet brandend","Daglicht","Droog",\N,"268197004","Ringbaan-Noord","Tilburg","Tilburg","Noord-Brabant",false,51.57705,5.086908,"material damage only","4","clear",false,1,"GM0855"
"20220041862",2022,"Letsel",2,"e-bike","Fiets","Onbekend","Rechte weg",50,"Brandend","Duisternis","Droog","Tunnel","346520205","Lemmerweg","Sneek","Súdwest-Fryslân","Friesland",true,53.027591,5.656795,"injury","2","clear",false,1,"GM1900"
"20220046908",2022,"Letsel",2,"Fiets","Fiets","Flank","Bocht",30,"Niet brandend","Daglicht","Droog",\N,"398430071","Achterstraat","Genemuiden","Zwartewaterland","Overijssel",false,52.624478,6.04188,"injury","2","clear",false,1,"GM1896"
"20220072098",2022,"Letsel",2,"Fiets","Fiets","Eenzijdig","Rechte weg",30,"Niet aanwezig","Daglicht","Droog",\N,"600405924","Johannes de Jongpad","Schiermonnikoog","Schiermonnikoog","Friesland",false,53.486057,6.205683,"injury","2","clear",false,1,"GM0088"
"20220082111",2022,"Uitsluitend materiele schade",2,"Fiets","Personenauto","Flank","Kruispunt, 3 takken",50,"Niet brandend","Daglicht","Droog",\N,\N,"Koningin Marialaan","'s-Gravenhage","'s-Gravenhage","Zuid-Holland",false,52.083049,4.335058,"material damage only","4","clear",false,1,"GM0518"
"20220105171",2022,"Uitsluitend materiele schade",1,"Fiets",\N,"Eenzijdig","Rechte weg",15,"Brandend","Duisternis","Droog",\N,"600752745","Blokland","Nieuwveen","Nieuwkoop","Zuid-Holland",false,52.206089,4.773585,"material damage only","4","clear",false,1,"GM0569"
"20220106020",2022,"Uitsluitend materiele schade",3,"Personenauto","Fiets","Onbekend","Kruispunt, 4 takken",30,"Niet brandend","Daglicht","Droog",\N,\N,"Burg Kolfschotenlaan","Leidschendam","Leidschendam-Voorburg","Zuid-Holland",false,52.09352,4.391133,"material damage only","4","clear",false,1,"GM1916"
"20220014255",2022,"Letsel",3,"Personenauto","Fiets","Flank","Kruispunt, 3 takken",30,"Niet brandend","Daglicht","Droog",\N,\N,"Kerklaan","Heemskerk","Heemskerk","Noord-Holland",false,52.512301,4.674044,"injury","2","clear",false,1,"GM0396"
"20220040223",2022,"Uitsluitend materiele schade",2,"Personenauto","Fiets","Frontaal","Rechte weg",50,"Niet brandend","Daglicht","Droog",\N,"600401648","Damsterdiep","Groningen","Groningen","Groningen",false,53.220692,6.584134,"material damage only","4","clear",false,1,"GM0014"
"20220046995",2022,"Uitsluitend materiele schade",2,"Personenauto","Fiets","Frontaal","Kruispunt, 3 takken",30,"Niet brandend","Daglicht","Droog",\N,\N,"Hunenborg","Hengelo","Hengelo (O)","Overijssel",false,52.277683,6.801019,"material damage only","4","clear",false,1,\N
"20220055577",2022,"Letsel",2,"Bromfiets","Fiets","Flank","Rechte weg",50,"Brandend","Schemer","Regen",\N,"600124994","Scheldeplein","Amsterdam","Amsterdam","Noord-Holland",false,52.344302,4.891192,"injury","2","rain",false,1,"GM0363"
"20220032454",2022,"Uitsluitend materiele schade",1,"Fiets",\N,"Onbekend",\N,\N,\N,"Duisternis",\N,\N,"600867993","De Verbetering","Groningen","Groningen","Groningen",false,53.208018,6.508145,"material damage only","4","unknown",false,1,"GM0014"
"20220032480",2022,"Letsel",3,"Personenauto","Fiets","Flank","Kruispunt, 4 takken",50,"Brandend","Duisternis","Droog",\N,\N,"Van Goghstraat","Groningen","Groningen","Groningen",false,53.218861,6.543013,"injury","2","clear",false,1,"GM0014"
"20220058713",2022,"Letsel",2,"Fiets","Fiets","Onbekend","Rechte weg",15,"Brandend","Duisternis","Droog",\N,"212324028","Troubadourweg","Alphen aan den Rijn","Alphen aan den Rijn","Zuid-Holland",false,52.145875,4.673168,"injury","2","clear",false,1,"GM0484"
"20220067545",2022,"Uitsluitend materiele schade",1,"e-bike",\N,"Voetganger","Kruispunt, 3 takken",\N,"Niet brandend","Daglicht","Droog",\N,\N,"Heezerweg","Eindhoven","Eindhoven","Noord-Brabant",false,51.419732,5.504058,"material damage only","4","clear",false,1,"GM0772"
"20220098757",2022,"Letsel",2,"Bromfiets","e-bike","Frontaal","Bocht",\N,"Niet brandend","Daglicht","Droog",\N,"600598739","Ravenseveldweg","Nieuwegein","Nieuwegein","Utrecht",false,52.049893,5.118901,"injury","2","clear",false,1,"GM0356"
"20220014526",2022,"Uitsluitend materiele schade",2,"Fiets","Bestelauto","Flank","Kruispunt, 3 takken",15,"Brandend","Duisternis","Droog",\N,\N,"Anemoonstraat","Alkmaar","Alkmaar","Noord-Holland",false,52.639512,4.743813,"material damage only","4","clear",false,1,"GM0361"
"20220026243",2022,"Uitsluitend materiele schade",2,"Personenauto","e-bike","Flank","Kruispunt, 4 takken",50,"Niet brandend","Daglicht","Droog",\N,\N,"Julianapark","Tilburg","Tilburg","Noord-Brabant",false,51.57581,5.084989,"material damage only","4","clear",false,1,"GM0855"
"20220045665",2022,"Letsel",2,"Bestelauto","Fiets","Flank","Rotonde",50,"Niet brandend","Daglicht","Droog",\N,\N,"Elburgerweg","Nunspeet","Nunspeet","Gelderland",true,52.380385,5.780039,"injury","2","clear",false,1,"GM0302"
"20220050019",2022,"Uitsluitend materiele schade",2,"Personenauto","Fiets","Frontaal","Kruispunt, 4 takken",30,"Brandend","Duisternis","Droog",\N,\N,"Pianoweg","Almere","Almere","Flevoland",false,52.373052,5.190515,"material damage only","4","clear",false,1,"GM0034"
"20220059844",2022,"Uitsluitend materiele schade",2,"Personenauto","Fiets","Flank","Kruispunt, 4 takken",50,"Niet brandend","Daglicht","Droog",\N,\N,"Debussystraat","Leiden","Leiden","Zuid-Holland",false,52.146866,4.470807,"material damage only","4","clear",false,1,"GM0546"
"20220066047",2022,"Uitsluitend materiele schade",2,"Personenauto","Fiets","Flank","Kruispunt, 4 takken",50,"Niet brandend","Daglicht","Droog",\N,"600715824","Olympialaan","Bergen op Zoom","Bergen op Zoom","Noord-Brabant",false,51.479538,4.300879,"material damage only","4","clear",false,1,"GM0748"
"20220067656",2022,"Uitsluitend materiele schade",1,"Fiets",\N,"Eenzijdig","Rechte weg",15,"Niet brandend","Daglicht","Droog",\N,"600683734","Bosscheweg","Boxtel","Boxtel","Noord-Brabant",false,51.601438,5.322234,"material damage only","4","clear",false,1,"GM0757"
"20220014723",2022,"Uitsluitend materiele schade",2,"Bestelauto","Fiets","Frontaal","Kruispunt, 4 takken",50,"Niet brandend","Daglicht","Droog",\N,\N,"Beethovenlaan","Schagen","Schagen","Noord-Holland",false,52.789581,4.795428,"material damage only","4","clear",false,1,"GM0441"
"20220040516",2022,"Letsel",2,"Fiets","Fiets","Frontaal","Rechte weg",\N,"Niet brandend","Daglicht","Droog",\N,\N,"Borgweg","Groningen","Groningen","Groningen",false,53.230965,6.635713,"injury","2","clear",false,1,"GM0014"
"20220055802",2022,"Letsel",2,"Fiets","e-bike","Frontaal","Kruispunt, 4 takken",50,"Niet brandend","Daglicht","Droog",\N,\N,"Transvaalkade","Amsterdam","Amsterdam","Noord-Holland",false,52.354493,4.926058,"injury","2","clear",false,1,"GM0363"
"20220057466",2022,"Letsel",2,"Personenauto","e-bike","Flank","Kruispunt, 4 takken",\N,"Niet brandend","Daglicht","Droog",\N,\N,"Wenenweg","'s-Gravenhage","'s-Gravenhage","Zuid-Holland",false,52.022624,4.294709,"injury","2","clear",false,1,"GM0518"
"20220066104",2022,"Uitsluitend materiele schade",2,"Bromfiets","Fiets","Onbekend","Rechte weg",30,"Niet brandend","Daglicht","Droog","Brug/viaduct","265197033","Dr. Deelenlaan","Tilburg","Tilburg","Noord-Brabant",false,51.576282,5.063093,"material damage only","4","clear",false,1,"GM0855"
"20220086911",2022,"Uitsluitend materiele schade",2,"Fiets","Fiets","Onbekend","Rechte weg",60,"Niet aanwezig","Daglicht","Droog",\N,"600944211","Molendijk","Yerseke","Reimerswaal","Zeeland",false,51.473149,4.048423,"material damage only","4","clear",false,1,"GM0703"
"20220098621",2022,"Uitsluitend materiele schade",2,"Personenauto","Fiets","Los voorwerp","Kruispunt, 4 takken",50,"Niet brandend","Daglicht","Droog",\N,\N,"Louis Armstrongboulevard","Utrecht","Utrecht","Utrecht",false,52.100626,5.047043,"material damage only","4","clear",false,1,"GM0344"