"accident_id","year","severity_raw","party_count","party1_type","party2_type","accident_type","road_situation","speed_limit_kmh","road_lighting","light_condition_label","weather_raw","infra_type","road_segment_id","street_name","place_name","gemeente_name_raw","province","alcohol_indicated","latitude","longitude","severity_label","severity_code","weather_label","built_up_area","cyclists_involved","gemeente_code"
"20240039351",2024,"Letsel",2,"Bestelauto","Fiets","Flank","Kruispunt, 4 takken",80,"Niet brandend","Daglicht","Droog",\N,\N,"Werkhovenseweg","Odijk","Bunnik","Utrecht",false,52.054185,5.226382,"injury","2","clear",false,1,"GM0312"
"20240039538",2024,"Dodelijk",3,"Fiets","Fiets","Kop/staart","Rechte weg",60,"Niet brandend","Daglicht","Droog","Parkeervoorziening","600507016","Geerweg","Zoeterwoude","Zoeterwoude","Zuid-Holland",false,52.096948,4.501841,"fatal","1","clear",false,1,"GM0638"
"20240020331",2024,"Letsel",2,"Brommobiel","Fiets","Flank","Kruispunt, 4 takken",30,"Niet brandend","Daglicht","Droog",\N,\N,"Reigerpad","Diemen","Diemen","Noord-Holland",false,52.332688,4.950912,"injury","2","clear",false,1,"GM0384"
"20240020963",2024,"Letsel",1,"Fiets",\N,"Eenzijdig","Kruispunt, 4 takken",30,"Brandend","Duisternis","Regen",\N,\N,"Ruyschstraat","Amsterdam","Amsterdam","Noord-Holland",false,52.356711,4.906966,"injury","2","rain",false,1,"GM0363"
"20240026960",2024,"Uitsluitend materiele schade",2,"Personenauto","Fiets","Flank","Rechte weg",50,"Brandend","Duisternis","Droog",\N,"600675537","FIETSPAD","Arnhem","Arnhem","Gelderland",false,51.96099,5.894766,"material damage only","4","clear",false,1,"GM0202"
"20240032424",2024,"Letsel",2,"Personenauto","Fiets","Onbekend","Rotonde",50,"Niet brandend","Daglicht","Droog",\N,\N,"Melis Stokelaan","'s-Gravenhage","'s-Gravenhage","Zuid-Holland",false,52.052494,4.291401,"injury","2","clear",false,1,"GM0518"
"20240006974",2024,"Uitsluitend materiele schade",1,"Fiets",\N,"Onbekend","Rechte weg",30,"Brandend","Duisternis","Regen",\N,"186328036","Morssingel","Leiden","Leiden","Zuid-Holland",false,52.162458,4.481209,"material damage only","4","rain",false,1,"GM0546"
"20240039902",2024,"Letsel",2,"Personenauto","Fiets","Flank","Rotonde",30,"Niet aanwezig","Daglicht","Droog",\N,"600257888","Zwaardslootseweg","Zoetermeer","Zoetermeer","Zuid-Holland",false,52.068549,4.485161,"injury","2","clear",false,1,"GM0637"
"20240039965",2024,"Letsel",2,"Fiets","Voetganger","Voetganger","Rechte weg",50,"Niet brandend","Daglicht","Droog",\N,"600608555","Nieuwe Gouwe O.Z.","Gouda","Gouda","Zuid-Holland",false,52.012123,4.70202,"injury","2","clear",false,1,"GM0513"
"20220171939",2022,"Letsel",2,"e-bike","Fiets","Kop/staart","Rechte weg",30,"Niet brandend","Daglicht","Droog",\N,"600644442","Heideweg","Amersfoort","Amersfoort","Utrecht",false,52.188801,5.417492,"injury","2","clear",false,1,"GM0307"
"20220173223",2022,"Letsel",2,"Personenauto","Fiets","Frontaal","Kruispunt, 3 takken",50,"Niet brandend","Daglicht","Droog",\N,\N,"Constructieweg","Mijdrecht","De Ronde Venen","Utrecht",false,52.206687,4.871233,"injury","2","clear",false,1,"GM0736"
"20220178878",2022,"Letsel",2,"Fiets","Lichtmast","Vast voorwerp","Rechte weg",30,"Niet brandend","Daglicht","Droog",\N,"183321053","Krimkade","Voorschoten","Voorschoten","Zuid-Holland",false,52.132592,4.462126,"injury","2","clear",false,1,"GM0626"
"20220181430",2022,"Letsel",3,"Personenauto","Fiets","Flank","Kruispunt, 4 takken",30,"Niet brandend","Daglicht","Droog",\N,\N,"Willem Dreeslaan","Zoetermeer","Zoetermeer","Zuid-Holland",false,52.062958,4.531736,"injury","2","clear",false,1,"GM0637"
"20220181437",2022,"Letsel",2,"Personenauto","e-bike","Flank","Kruispunt, 3 takken",50,"Niet brandend","Daglicht","Droog",\N,\N,"Laan van Avant-Garde","Nieuwerkerk aan den IJssel","Zuidplas","Zuid-Holland",false,51.966441,4.594159,"injury","2","clear",false,1,"GM1892"
"20220183822",2022,"Letsel",2,"Personenauto","Fiets","Flank","Rotonde",50,"Niet brandend","Daglicht","Droog",\N,\N,"Brugweg","Zwijndrecht","Zwijndrecht","Zuid-Holland",false,51.813388,4.642244,"injury","2","clear",false,1,"GM0642"
"20220125730",2022,"Letsel",3,"Personenauto","Fiets","Vast voorwerp","Rechte weg",50,"Brandend","Duisternis","Droog",\N,"158307090","Apeldoornselaan","'s-Gravenhage","'s-Gravenhage","Zuid-Holland",false,52.067991,4.282533,"injury","2","clear",false,1,"GM0518"
"20220152788",2022,"Uitsluitend materiele schade",2,"Personenauto","e-bike","Flank","Rechte weg",30,"Niet brandend","Daglicht","Droog",\N,"600394711","Koningsplein","Enschede","Enschede","Overijssel",false,52.217341,6.894005,"material damage only","4","clear",false,1,"GM0153"
"20220153600",2022,"Uitsluitend materiele schade",2,"Bestelauto","Fiets","Flank","Kruispunt, 4 takken",30,"Niet brandend","Daglicht","Droog",\N,\N,"H Kuipers-Rietbergstr","Almere","Almere","Flevoland",false,52.37908,5.240261,"material damage only","4","clear",false,1,"GM0034"
"20220176337",2022,"Uitsluitend materiele schade",2,"Bestelauto","Fiets","Flank","Rechte weg",50,"Niet brandend","Daglicht","Droog",\N,"239368139","Stadionweg","Amsterdam","Amsterdam","Noord-Holland",false,52.346758,4.87401,"material damage only","4","clear",false,1,"GM0363"
"20220178953",2022,"Letsel",2,"Snorfiets","Fiets","Flank","Rechte weg",30,"Niet brandend","Daglicht","Droog",\N,"600731586","Van Riebeeckhof","Leiden","Leiden","Zuid-Holland",false,52.168652,4.508066,"injury","2","clear",false,1,"GM0546"
"20220181449",2022,"Uitsluitend materiele schade",2,"Bestelauto","Fiets","Flank","Kruispunt, 3 takken",50,"Brandend","Schemer","Droog",\N,\N,"Koningstraat","'s-Gravenhage","'s-Gravenhage","Zuid-Holland",false,52.070095,4.313198,"material damage only","4","clear",false,1,"GM0518"
"20220125837",2022,"Uitsluitend materiele schade",1,"Fiets",\N,"Onbekend","Rechte weg",60,"Niet brandend","Daglicht","Droog",\N,"233285004","Bonrepas","Vlist","Krimpenerwaard","Zuid-Holland",false,51.965603,4.841297,"material damage only","4","clear",false,1,"GM1931"
"20220126690",2022,"Letsel",2,"Fiets","Overig vast object","Vast voorwerp","Bocht",\N,"Niet aanwezig","Daglicht","Droog",\N,"600716406","Hodenpijlsepad","De Lier","Westland","Zuid-Holland",false,51.98108,4.301096,"injury","2","clear",false,1,"GM1783"
"20220137880",2022,"Letsel",2,"Motor","Fiets","Flank","Kruispunt, 3 takken",60,"Niet brandend","Daglicht","Droog",\N,\N,"Slaperdijk","Overberg","Utrechtse Heuvelrug","Utrecht",false,52.030615,5.521631,"injury","2","clear",false,1,"GM1581"
"20220138841",2022,"Letsel",2,"Bromfiets","Fiets","Onbekend","Rechte weg",30,"Niet brandend","Daglicht","Droog",\N,"277303010","Fortweg","Houten","Houten","Utrecht",false,52.05276,5.15339,"injury","2","clear",false,1,"GM0321"
"20220147862",2022,"Uitsluitend materiele schade",2,"Personenauto","Fiets","Onbekend",\N,\N,\N,"Daglicht",\N,\N,\N,"Delpratsingel","Breda","Breda","Noord-Brabant",false,51.592986,4.779785,"material damage only","4","unknown",false,1,"GM0758"
"20220156141",2022,"Letsel",2,"Fiets","Fiets","Flank","Kruispunt, 4 takken",50,"Brandend","Duisternis","Droog",\N,\N,"Raadhuislaan","Voorschoten","Voorschoten","Zuid-Holland",false,52.125787,4.450931,"injury","2","clear",false,1,"GM0626"
"20220156144",2022,"Letsel",2,"Fiets","Fiets","Frontaal","Rechte weg",30,"Niet aanwezig","Duisternis","Droog",\N,"153312007","Baden Powellweg","'s-Gravenhage","'s-Gravenhage","Zuid-Holland",false,52.087739,4.250683,"injury","2","clear",false,1,"GM0518"
"20220172097",2022,"Uitsluitend materiele schade",2,"Bestelauto","Fiets","Flank","Kruispunt, 3 takken",80,"Niet brandend","Daglicht","Droog",\N,\N,"Urkerdwarspad","Tollebeek","Noordoostpolder","Flevoland",false,52.66638,5.655071,"material damage only","4","clear",false,1,"GM0171"
"20220172152",2022,"Uitsluitend materiele schade",1,"Fiets",\N,"Voetganger","Rechte weg",80,"Niet aanwezig","Daglicht","Droog",\N,"600446385","Bremerbergdijk","Biddinghuizen","Dronten","Flevoland",false,52.414797,5.745053,"material damage only","4","clear",false,1,"GM0303"
"20220197014",2022,"Uitsluitend materiele schade",2,"Personenauto","Fiets","Flank","Kruispunt, 4 takken",50,"Brandend","Schemer","Droog",\N,\N,"Kottendijk","Enschede","Enschede","Overijssel",false,52.229358,6.886988,"material damage only","4","clear",false,1,"GM0153"
"20220197280",2022,"Letsel",1,"Fiets",\N,"Eenzijdig","Rechte weg",50,"Niet brandend","Daglicht","Droog",\N,"376416002","Dieselstraat","Kampen","Kampen","Overijssel",false,52.562865,5.881805,"injury","2","clear",false,1,"GM0166"
"20220114909",2022,"Letsel",2,"Fiets","Personenauto","Flank","Kruispunt, 4 takken",50,"Niet brandend","Daglicht","Droog",\N,\N,"Herman Colleniusstraat","Groningen","Groningen","Groningen",false,53.219423,6.548363,"injury","2","clear",false,1,"GM0014"
"20220116512",2022,"Uitsluitend materiele schade",2,"Bestelauto","Fiets","Flank","Rechte weg",30,"Niet brandend","Daglicht","Droog",\N,"382415004","IJsselkade","Kampen","Kampen","Overijssel",false,52.557185,5.919977,"material damage only","4","clear",false,1,"GM0166"
"20220167164",2022,"Letsel",3,"Fiets","e-bike","Flank","Kruispunt, 3 takken",\N,"Niet brandend","Daglicht","Droog",\N,\N,"Möllenbergstraat","Losser","Losser","Overijssel",false,52.260206,7.004564,"injury","2","clear",false,1,"GM0168"
"20220172269",2022,"Letsel",2,"Bus","Fiets","Flank","Kruispunt, 4 takken",30,"Niet brandend","Daglicht","Droog",\N,\N,"HOV-Vredenburgbaan","Utrecht","Utrecht","Utrecht",false,52.092856,5.111251,"injury","2","clear",false,1,"GM0344"
"20220177848",2022,"Uitsluitend materiele schade",2,"Personenauto","Fiets","Flank","Rechte weg",50,"Brandend","Duisternis","Regen",\N,"222351046","Stationsweg","Aalsmeer","Aalsmeer","Noord-Holland",false,52.265971,4.74968,"material damage only","4","rain",false,1,"GM0358"
"20220180327",2022,"Letsel",2,"Personenauto","Fiets","Onbekend","Kruispunt, 4 takken",50,"Niet brandend","Daglicht","Droog",\N,\N,"Burg van Reenensingel","Gouda","Gouda","Zuid-Holland",false,52.021799,4.690058,"injury","2","clear",false,1,"GM0513"
"20220118277",2022,"Letsel",2,"Bromfiets","Fiets","Onbekend","Kruispunt, 4 takken",50,"Niet brandend","Daglicht","Droog",\N,\N,"Gaardenweg","Ammerzoden","Maasdriel","Gelderland",false,51.754862,5.229543,"injury","2","clear",false,1,"GM0263"
"20220125956",2022,"Letsel",2,"Fiets","e-bike","Frontaal","Rechte weg",30,"Niet brandend","Daglicht","Droog",\N,"600717802","Generaal Spoorlaan","Rijswijk","Rijswijk","Zuid-Holland",false,52.042224,4.321489,"injury","2","clear",false,1,\N
"20220128263",2022,"Letsel",2,"e-bike","Fiets","Flank","Bocht",\N,"Niet aanwezig","Daglicht","Droog",\N,"600287556","Deltapad","Vlaardingen","Vlaardingen","Zuid-Holland",false,51.900822,4.294161,"injury","2","clear",false,1,"GM0622"
"20220143617",2022,"Letsel",1,"Fiets",\N,"Eenzijdig","Bocht",30,"Niet brandend","Daglicht","Droog",\N,"182344015","Gooweg","Noordwijk","Noordwijk","Zuid-Holland",false,52.235203,4.451464,"injury","2","clear",false,1,"GM0575"
"20220146639",2022,"Letsel",2,"Personenauto","Fiets","Los voorwerp","Kruispunt, 3 takken",50,"Niet brandend","Daglicht","Droog",\N,\N,"Laan van Walburg","Zwijndrecht","Zwijndrecht","Zuid-Holland",false,51.822578,4.648569,"injury","2","clear",false,1,"GM0642"
"20220146643",2022,"Letsel",2,"Bromfiets","Fiets","Flank","Rechte weg",30,"Niet brandend","Daglicht","Droog",\N,\N,"Groene Kruisweg","Spijkenisse","Nissewaard","Zuid-Holland",false,51.854741,4.329208,"injury","2","clear",false,1,"GM1930"
"20220154986",2022,"Letsel",3,"Personenauto","Fiets","Los voorwerp","Kruispunt, 3 takken",50,"Niet brandend","Daglicht","Regen",\N,\N,"Zuider Buiten Spaarne","Haarlem","Haarlem","Noord-Holland",false,52.372547,4.640991,"injury","2","rain",false,1,"GM0392"
"20220197965",2022,"Letsel",3,"Personenauto","Fiets","Onbekend","Kruispunt, 3 takken",50,"Niet brandend","Daglicht","Droog",\N,\N,"Molenstraat","Etten","Oude IJsselstreek","Gelderland",false,51.919827,6.332213,"injury","2","clear",false,1,"GM1509"
"20220118420",2022,"Uitsluitend materiele schade",2,"Personenauto","Fiets","Flank","Rechte weg",30,"Brandend","Daglicht","Droog",\N,\N,"Stationsplein","Nijmegen","Nijmegen","Gelderland",false,51.842179,5.85333,"material damage only","4","clear",false,1,"GM0268"
"20220126027",2022,"Letsel",2,"e-bike","e-bike","Frontaal","Rechte weg",50,"Brandend","Duisternis","Droog",\N,"600740540","Populierenstraat","Roelofarendsveen","Kaag en Braassem","Zuid-Holland",false,52.203895,4.632263,"injury","2","clear",false,1,"GM1884"
"20220126030",2022,"Letsel",2,"Fiets","Fiets","Geparkeerd voertuig","Kruispunt, 4 takken",30,"Niet brandend","Daglicht","Droog","Parkeervoorziening",\N,"Newtonstraat","Zoetermeer","Zoetermeer","Zuid-Holland",true,52.060827,4.523371,"injury","2","clear",false,1,"GM0637"
"20220128381",2022,"Uitsluitend materiele schade",2,"Fiets","Personenauto","Onbekend","Rechte weg",50,"Niet brandend","Daglicht","Droog",\N,"600745737","Noordendijk","Dordrecht","Dordrecht","Zuid-Holland",false,51.814545,4.681488,"material damage only","4","clear",false,1,"GM0505"
"20220160256",2022,"Letsel",2,"Fiets","Fiets","Onbekend",\N,50,\N,"Daglicht",\N,\N,"600410760","Koppelboor","Best","Best","Noord-Brabant",false,51.511457,5.377859,"injury","2","unknown",false,1,"GM0753"
"20220178294",2022,"Uitsluitend materiele schade",2,"Personenauto","Fiets","Flank","Kruispunt, 4 takken",50,"Niet brandend","Daglicht","Regen",\N,\N,"Bilderdijkstraat","Amsterdam","Amsterdam","Noord-Holland",false,52.370927,4.870514,"material damage only","4","rain",false,1,"GM0363"
"20220178698",2022,"Uitsluitend materiele schade",2,"Fiets","Overig vast object","Vast voorwerp","Rechte weg",50,"Niet brandend","Daglicht","Droog",\N,"212324019","Doornenburg","Alphen aan den Rijn","Alphen aan den Rijn","Zuid-Holland",false,52.148014,4.673763,"material damage only","4","clear",false,1,"GM0484"
"20220179303",2022,"Letsel",2,"Personenauto","e-bike","Frontaal","Kruispunt, 3 takken",30,"Niet brandend","Daglicht","Droog",\N,\N,"Wielengahof","Delft","Delft","Zuid-Holland",false,51.986789,4.338667,"injury","2","clear",false,1,"GM0503"
"20220180432",2022,"Letsel",3,"e-bike","e-bike","Flank","Rechte weg",60,"Niet brandend","Daglicht","Droog",\N,"150291068","Middel Broekweg","Honselersdijk","Westland","Zuid-Holland",false,51.994292,4.2256,"injury","2","clear",false,1,"GM1783"
"20220185067",2022,"Uitsluitend materiele schade",2,"Personenauto","Fiets","Flank","Kruispunt, 3 takken",30,"Niet brandend","Daglicht","Droog",\N,\N,"Kwartslaan","Rhoon","Albrandswaard","Zuid-Holland",false,51.853319,4.483571,"material damage only","4","clear",false,1,"GM0613"
"20220186087",2022,"Letsel",2,"Personenauto","Fiets","Geparkeerd voertuig","Rechte weg",60,"Niet brandend","Daglicht","Droog",\N,"600236203","Onrustweg","Kamperland","Noord-Beveland","Zeeland",false,51.583388,3.664427,"injury","2","clear",false,1,"GM1695"
"20220115164",2022,"Uitsluitend materiele schade",2,"Motor","e-bike","Flank","Rechte weg",50,"Niet aanwezig","Daglicht","Droog",\N,"540522040","Weenderstraat","Vlagtwedde","Westerwolde","Groningen",false,53.025046,7.106838,"material damage only","4","clear",false,1,"GM1950"
"20220139181",2022,"Uitsluitend materiele schade",2,"Bromfiets","Fiets","Flank","Rechte weg",50,"Niet brandend","Daglicht","Droog",\N,"600922254","Gedempte Oude Gracht","Haarlem","Haarlem","Noord-Holland",false,52.377845,4.637983,"material damage only","4","clear",false,1,"GM0392"
"20220143705",2022,"Letsel",2,"Personenauto","Fiets","Flank","Rechte weg",50,"Niet brandend","Daglicht","Droog",\N,"160310051","Elandstraat","'s-Gravenhage","'s-Gravenhage","Zuid-Holland",false,52.079091,4.29341,"injury","2","clear",false,1,"GM0518"
"20220143731",2022,"Letsel",2,"Fiets","Voetganger","Voetganger","Rechte weg",50,"Niet brandend","Daglicht","Droog",\N,"156308031","Mient","'s-Gravenhage","'s-Gravenhage","Zuid-Holland",false,52.070868,4.270294,"injury","2","clear",false,1,"GM0518"
"20220145892",2022,"Uitsluitend materiele schade",2,"Snorfiets","Fiets","Frontaal","Rechte weg",50,"Niet brandend","Daglicht","Droog",\N,"187282045","Straatweg","Rotterdam","Rotterdam","Zuid-Holland",false,51.954602,4.493207,"material damage only","4","clear",false,1,"GM0599"
"20220160307",2022,"Uitsluitend materiele schade",2,"Bestelauto","Fiets","Flank","Rechte weg",50,"Niet aanwezig","Daglicht","Droog","Bus-/Tramhalte","324165083","Geldropseweg","Eindhoven","Eindhoven","Noord-Brabant",false,51.433337,5.489186,"material damage only","4","clear",false,1,"GM0772"
"20220168803",2022,"Uitsluitend materiele schade",2,"Fiets","Snorfiets","Flank","Kruispunt, 3 takken",50,"Niet brandend","Daglicht","Droog",\N,\N,"Baniersweg","Almelo","Almelo","Overijssel",false,52.368286,6.682914,"material damage only","4","clear",false,1,"GM0141"
"20220179382",2022,"Letsel",1,"Fiets",\N,"Eenzijdig","Rechte weg",50,"Brandend","Duisternis","Droog","Bus-/Tramhalte","150307138","Kijkduinsestraat","'s-Gravenhage","'s-Gravenhage","Zuid-Holland",false,52.067225,4.222953,"injury","2","clear",false,1,"GM0518"
"20220180508",2022,"Uitsluitend materiele schade",2,"Personenauto","Fiets","Flank","Kruispunt, 3 takken",30,"Niet brandend","Daglicht","Regen",\N,\N,"Koningstraat","'s-Gravenhage","'s-Gravenhage","Zuid-Holland",false,52.07074,4.312607,"material damage only","4","rain",false,1,"GM0518"
"20220123608",2022,"Uitsluitend materiele schade",2,"Personenauto","Fiets","Onbekend",\N,30,\N,"Daglicht",\N,\N,"600363065","Spuistraat","Amsterdam","Amsterdam","Noord-Holland",false,52.369302,4.88878,"material damage only","4","unknown",false,1,"GM0363"
"20220135341",2022,"Uitsluitend materiele schade",2,"Personenauto","e-bike","Flank","Kruispunt, 3 takken",50,"Niet brandend","Daglicht","Droog",\N,\N,"Kolkweg","Laag Zuthem","Raalte","Overijssel",false,52.459821,6.167499,"material damage only","4","clear",false,1,"GM0177"
"20220155093",2022,"Letsel",2,"Personenauto","e-bike","Flank","Kruispunt, 4 takken",30,"Niet brandend","Daglicht","Droog",\N,\N,"FIETSPAD","Schoorl","Bergen (NH)","Noord-Holland",false,52.712154,4.640446,"injury","2","clear",false,1,\N
"20220160333",2022,"Letsel",2,"e-bike","Overig wegmeubilair","Vast voorwerp","Rechte weg",30,"Niet brandend","Daglicht","Droog",\N,"360162002","Marialaan","Ommel","Asten","Noord-Brabant",false,51.420582,5.749136,"injury","2","clear",false,1,"GM0743"
"20220180602",2022,"Letsel",3,"Personenauto","Fiets","Onbekend","Rechte weg",30,"Niet brandend","Daglicht","Droog",\N,"156300029","Ambachtsgaarde","'s-Gravenhage","'s-Gravenhage","Zuid-Holland",false,52.035422,4.266797,"injury","2","clear",false,1,"GM0518"
"20220195876",2022,"Uitsluitend materiele schade",2,"e-bike","Overig vast object","Vast voorwerp","Rotonde",50,"Niet brandend","Daglicht","Droog",\N,\N,"Heidesteinlaan","Heelsum","Renkum","Gelderland",false,51.977515,5.748511,"material damage only","4","clear",false,1,"GM0274"
"20220195907",2022,"Uitsluitend materiele schade",2,"Personenauto","Fiets","Flank","Kruispunt, 3 takken",50,"Niet brandend","Daglicht","Droog",\N,\N,"Koggelaan","Zwolle","Zwolle","Overijssel",false,52.503209,6.084752,"material damage only","4","clear",false,1,"GM0193"
"20220167722",2022,"Uitsluitend materiele schade",2,"Fiets","Personenauto","Flank","Kruispunt, 3 takken",30,"Niet brandend","Daglicht","Droog",\N,\N,"Burg van Diepeningenlaan","Barneveld","Barneveld","Gelderland",false,52.127103,5.586019,"material damage only","4","clear",false,1,"GM0203"
"20220168943",2022,"Letsel",2,"e-bike","Fiets","Frontaal","Rechte weg",30,"Niet brandend","Duisternis","Droog",\N,"600520198","FIETSPAD","Winterswijk","Winterswijk","Gelderland",false,51.981563,6.691206,"injury","2","clear",false,1,"GM0294"
"20220173803",2022,"Letsel",3,"Fiets","e-bike","Onbekend","Kruispunt, 4 takken",30,"Niet brandend","Daglicht","Droog",\N,\N,"Spanjaardslaan","Haarlem","Haarlem","Noord-Holland",false,52.36493,4.628399,"injury","2","clear",false,1,"GM0392"
"20220180667",2022,"Letsel",2,"Fiets","Personenauto","Flank","Kruispunt, 4 takken",50,"Niet brandend","Daglicht",\N,\N,\N,"Singel","Hillegom","Hillegom","Zuid-Holland",false,52.28272,4.572842,"injury","2","unknown",false,1,"GM0534"
"20220187525",2022,"Letsel",1,"e-bike",\N,"Eenzijdig",\N,50,\N,"Daglicht",\N,\N,"600261844","Stationsplein","Bergen op Zoom","Bergen op Zoom","Noord-Brabant",false,51.495061,4.295591,"injury","2","unknown",false,1,"GM0748"
"20220121120",2022,"Letsel",3,"Fiets","Fiets","Onbekend","Rechte weg",15,"Niet aanwezig","Daglicht","Droog",\N,\N,"Rozenstraat","Utrecht","Utrecht","Utrecht",false,52.094838,5.115692,"injury","2","clear",false,1,"GM0344"
"20220153175",2022,"Uitsluitend materiele schade",2,"Personenauto","Fiets","Los voorwerp","Kruispunt, 3 takken",30,"Niet brandend","Daglicht","Regen",\N,\N,"B.P. van Verschuerstraat","Arnhem","Arnhem","Gelderland",false,51.976998,5.918662,"material damage only","4","rain",false,1,"GM0202"
"20220181336",2022,"Letsel",1,"e-bike",\N,"Eenzijdig","Rechte weg",50,"Brandend","Duisternis","Regen",\N,"163294012","Hoflandendreef","Delft","Delft","Zuid-Holland",false,52.006752,4.322522,"injury","2","rain",false,1,"GM0503"
"20220189139",2022,"Letsel",2,"Personenauto","Fiets","Flank","Kruispunt, 3 takken",50,"Niet brandend","Daglicht","Droog",\N,\N,"de Bleekvelden","Geldrop","Geldrop-Mierlo","Noord-Brabant",false,51.423965,5.564691,"injury","2","clear",false,1,"GM1771"
"20220139648",2022,"Uitsluitend materiele schade",1,"Fiets",\N,"Eenzijdig","Rechte weg",50,"Niet brandend","Daglicht","Droog",\N,"214391005","Amsterdamseweg","Velsen-Zuid","Velsen","Noord-Holland",false,52.445781,4.685985,"material damage only","4","clear",false,1,"GM0453"
"20220154058",2022,"Uitsluitend materiele schade",3,"Fiets","Fiets","Onbekend","Bocht",\N,"Niet brandend","Daglicht","Droog",\N,"600608323","Corverslaan","Hilversum","Hilversum","Noord-Holland",false,52.234428,5.141662,"material damage only","4","clear",false,1,"GM0402"
"20220155422",2022,"Uitsluitend materiele schade",2,"Personenauto","Fiets","Flank","Rechte weg",50,"Niet aanwezig","Daglicht","Droog",\N,"242373163","Rokin","Amsterdam","Amsterdam","Noord-Holland",false,52.368657,4.892129,"material damage only","4","clear",false,1,"GM0363"
"20220156786",2022,"Uitsluitend materiele schade",2,"Bestelauto","Fiets","Los voorwerp","Bocht",50,"Niet brandend","Daglicht","Droog","Brug/viaduct",\N,"Donkersteeg","Leiden","Leiden","Zuid-Holland",false,52.159662,4.491442,"material damage only","4","clear",false,1,"GM0546"
"20220162018",2022,"Letsel",2,"Personenauto","Fiets","Flank","Kruispunt, 3 takken",80,"Niet brandend","Daglicht","Droog",\N,\N,"Iedyk","Burdaard","Noardeast-Fryslân","Friesland",false,53.303973,5.87355,"injury","2","clear",false,1,"GM1970"
"20220165054",2022,"Uitsluitend materiele schade",2,"Personenauto","Fiets","Flank","Kruispunt, 3 takken",50,"Niet brandend","Daglicht","Droog",\N,\N,"P.C. Hooftlaan","Hengelo","Hengelo (O)","Overijssel",false,52.264113,6.812146,"material damage only","4","clear",false,1,\N
"20220167883",2022,"Uitsluitend materiele schade",2,"Snorfiets","Fiets","Onbekend","Kruispunt, 3 takken",30,"Niet brandend","Daglicht","Droog",\N,\N,"Rhijnvis Feithlaan","Zwolle","Zwolle","Overijssel",false,52.514787,6.108571,"material damage only","4","clear",false,1,"GM0193"
"20220174014",2022,"Letsel",2,"Personenauto","Fiets","Flank","Kruispunt, 3 takken",50,"Niet brandend","Daglicht","Droog",\N,\N,"Zwaagmergouw","Hoorn","Hoorn","Noord-Holland",false,52.657311,5.057462,"injury","2","clear",false,1,"GM0405"
"20220188881",2022,"Letsel",4,\N,"Fiets","Eenzijdig","Rechte weg",50,"Niet brandend","Daglicht","Droog",\N,"600680911","Ommelse Bos","Ommel","Asten","Noord-Brabant",false,51.429397,5.751223,"injury","2","clear",false,1,"GM0743"
"20220126395",2022,"Letsel",3,"Fiets","Fiets","Onbekend","Rechte weg",50,"Niet brandend","Daglicht","Droog",\N,"201361002","Haarlemmerstraat","Hillegom","Hillegom","Zuid-Holland",false,52.3131,4.588724,"injury","2","clear",false,1,"GM0534"
"20220128704",2022,"Uitsluitend materiele schade",2,"Snorfiets","Fiets","Onbekend","Kruispunt, 3 takken",30,"Niet brandend","Daglicht","Droog",\N,\N,"Ln der Verenigde Naties","Dordrecht","Dordrecht","Zuid-Holland",false,51.7971,4.667177,"material damage only","4","clear",false,1,"GM0505"
"20220152384",2022,"Letsel",2,"Bestelauto","e-bike","Flank","Kruispunt, 4 takken",60,"Niet brandend","Daglicht","Droog",\N,\N,"Leijester Hegedyk","Alde Leie","Leeuwarden","Friesland",false,53.278896,5.721988,"injury","2","clear",false,1,"GM0080"
"20220152394",2022,"Letsel",2,"Fiets","Boom","Vast voorwerp","Bocht",100,"Niet aanwezig","Daglicht","Droog",\N,"497507004","RYKSWEG","Drouwen","Borger-Odoorn","Drenthe",false,52.950663,6.783428,"injury","2","clear",false,1,"GM1681"
"20220167975",2022,"Uitsluitend materiele schade",2,"Bromfiets","Fiets","Kop/staart","Rechte weg",50,"Niet brandend","Daglicht","Droog",\N,\N,"Wesselerbrinklaan","Enschede","Enschede","Overijssel",false,52.191125,6.877497,"material damage only","4","clear",false,1,"GM0153"
"20220169206",2022,"Letsel",2,"Personenauto","Fiets","Flank","Kruispunt, 3 takken",50,"Niet brandend","Daglicht","Droog",\N,\N,"Oliemolenstraat","Oldenzaal","Oldenzaal","Overijssel",false,52.316695,6.935099,"injury","2","clear",false,1,"GM0173"
"20220118886",2022,"Uitsluitend materiele schade",2,"Personenauto","Fiets","Frontaal","Bocht",60,"Niet brandend","Daglicht","Droog",\N,"397315007","Imbosweg","Loenen","Apeldoorn","Gelderland",false,52.108207,6.027015,"material damage only","4","clear",false,1,"GM0200"
"20220124049",2022,"Uitsluitend materiele schade",2,"Bromfiets","Fiets","Flank","Kruispunt, 4 takken",50,"Niet aanwezig","Daglicht","Droog","Brug/viaduct",\N,"Ruyschstraat","Amsterdam","Amsterdam","Noord-Holland",false,52.35662,4.906991,"material damage only","4","clear",false,1,"GM0363"
"20220131669",2022,"Uitsluitend materiele schade",2,"Fiets","Personenauto","Flank","Rechte weg",50,"Niet brandend","Daglicht","Droog",\N,"600795681","Boschweg","Schijndel","Meierijstad","Noord-Brabant",false,51.633619,5.405897,"material damage only","4","clear",false,1,"GM1948"
"20220153352",2022,"Letsel",2,"Fiets","Fiets","Onbekend",\N,\N,\N,"Daglicht",\N,\N,"374257074","Snelbinder","Nijmegen","Nijmegen","Gelderland",false,51.848601,5.855019,"injury","2","unknown",false,1,"GM0268"