"accident_id","year","severity_raw","party_count","party1_type","party2_type","accident_type","road_situation","speed_limit_kmh","road_lighting","light_condition_label","weather_raw","infra_type","road_segment_id","street_name","place_name","gemeente_name_raw","province","alcohol_indicated","latitude","longitude","severity_label","severity_code","weather_label","built_up_area","cyclists_involved","gemeente_code"
"20220157855",2022,"Letsel",2,"Bestelauto","Fiets","Flank","Rotonde",50,"Niet brandend","Daglicht","Regen",\N,\N,"Langepad","Rotterdam","Rotterdam","Zuid-Holland",false,51.933787,4.503301,"injury","2","rain",false,1,"GM0599"
"20220115683",2022,"Letsel",2,"Personenauto","Fiets","Onbekend","Rechte weg",50,"Niet brandend","Daglicht","Droog",\N,"467563157","Gedempte Zuiderdiep","Groningen","Groningen","Groningen",false,53.214676,6.563295,"injury","2","clear",false,1,"GM0014"
"20220121256",2022,"Letsel",3,"Personenauto","Fiets","Flank","Rotonde",50,"Niet brandend","Daglicht","Droog",\N,\N,"Schapenkamp","Hilversum","Hilversum","Noord-Holland",false,52.222311,5.178386,"injury","2","clear",false,1,"GM0402"
"20220124074",2022,"Uitsluitend materiele schade",2,"Bromfiets","e-bike","Onbekend","Kruispunt, 4 takken",\N,"Niet brandend","Daglicht","Droog",\N,\N,"Filips van Almondestraat","Amsterdam","Amsterdam","Noord-Holland",false,52.370149,4.859121,"material damage only","4","clear",false,1,"GM0363"
"20220127747",2022,"Letsel",2,"Personenauto","Fiets","Flank","Kruispunt, 3 takken",50,"Niet brandend","Daglicht","Droog",\N,\N,"Lucie Vuylstekeweg","Rotterdam","Rotterdam","Zuid-Holland",false,51.932642,4.532911,"injury","2","clear",false,1,"GM0599"
"20220130397",2022,"Letsel",2,"Personenauto","e-bike","Kop/staart","Kruispunt, 3 takken",30,"Niet brandend","Daglicht","Droog",\N,\N,"Keizersdijk","Raamsdonksveer","Geertruidenberg","Noord-Brabant",false,51.697752,4.873389,"injury","2","clear",false,1,"GM0779"
"20220137569",2022,"Letsel",2,"e-bike","e-bike","Flank","Kruispunt, 4 takken",50,"Niet brandend","Daglicht","Droog",\N,\N,"Kolbleistraat","Hengelo","Hengelo (O)","Overijssel",false,52.295743,6.809412,"injury","2","clear",false,1,\N
"20220137573",2022,"Uitsluitend materiele schade",2,"Bromfiets","Fiets","Frontaal","Bocht",50,"Brandend","Duisternis","Droog",\N,"600278809","Stationsstraat","Deventer","Deventer","Overijssel",false,52.257277,6.159401,"material damage only","4","clear",false,1,"GM0150"
"20220153399",2022,"Uitsluitend materiele schade",2,"Fiets","Fiets","Flank","Rechte weg",80,"Niet brandend","Daglicht","Droog",\N,"600997123","Vordenseweg","Warnsveld","Zutphen","Gelderland",false,52.142492,6.244358,"material damage only","4","clear",false,1,"GM0301"
"20220192067",2022,"Uitsluitend materiele schade",2,"Personenauto","Fiets","Flank","Rechte weg",30,"Niet brandend","Daglicht","Droog",\N,"370525020","Leechein","Akkrum","Heerenveen","Friesland",false,53.048887,5.83514,"material damage only","4","clear",false,1,"GM0074"
"20220196167",2022,"Letsel",2,"Fiets","Fiets","Onbekend","Rechte weg",60,"Niet brandend","Duisternis","Droog",\N,"529345004","Glanergrensweg","Glane","Losser","Overijssel",false,52.23035,6.99646,"injury","2","clear",false,1,"GM0168"
"20220125528",2022,"Letsel",3,"Fiets","Fiets","Frontaal","Rechte weg",30,"Brandend","Daglicht","Droog","Tunnel",\N,"Horstenweg","Alphen aan den Rijn","Alphen aan den Rijn","Zuid-Holland",false,52.152471,4.663093,"injury","2","clear",false,1,"GM0484"
"20220140066",2022,"Uitsluitend materiele schade",2,"Fiets","e-bike","Kop/staart","Bocht",50,"Niet brandend","Daglicht","Droog",\N,\N,"Heemsteedse Dreef","Heemstede","Heemstede","Noord-Holland",false,52.352797,4.624462,"material damage only","4","clear",false,1,"GM0397"
"20220153412",2022,"Uitsluitend materiele schade",2,"Fiets","Personenauto","Flank","Rechte weg",80,"Niet brandend","Daglicht","Droog",\N,"318267043","Bruynisstraat","Tiel","Tiel","Gelderland",false,51.892637,5.446067,"material damage only","4","clear",false,1,"GM0281"
"20220193097",2022,"Uitsluitend materiele schade",2,"Bestelauto","Fiets","Flank","Kruispunt, 3 takken",30,"Niet brandend","Daglicht","Droog",\N,\N,"Meerweg","Kropswolde","Midden-Groningen","Groningen",false,53.143912,6.711762,"material damage only","4","clear",false,1,"GM1952"
"20220116030",2022,"Uitsluitend materiele schade",2,"Fiets","Personenauto","Flank","Kruispunt, 3 takken",30,"Niet brandend","Daglicht","Droog",\N,\N,"Rijssenseweg","Enter","Wierden","Overijssel",false,52.295072,6.577311,"material damage only","4","clear",false,1,"GM0189"
"20220155696",2022,"Uitsluitend materiele schade",2,"Personenauto","Fiets","Onbekend",\N,\N,\N,"Daglicht",\N,\N,"243375103","Oudebrugsteeg","Amsterdam","Amsterdam","Noord-Holland",false,52.375256,4.897625,"material damage only","4","unknown",false,1,"GM0363"
"20220162408",2022,"Uitsluitend materiele schade",2,"Personenauto","Fiets","Onbekend","Bocht",30,"Niet brandend","Daglicht","Droog",\N,"345519036","Morrahemstraat","Sneek","Súdwest-Fryslân","Friesland",false,53.026729,5.650691,"material damage only","4","clear",false,1,"GM1900"
"20220166691",2022,"Uitsluitend materiele schade",2,"Bestelauto","Fiets","Flank","Kruispunt, 3 takken",50,"Niet brandend","Daglicht","Droog",\N,\N,"Anders Celsiusstraat","Nijverdal","Hellendoorn","Overijssel",false,52.360176,6.513357,"material damage only","4","clear",false,1,"GM0163"
"20220173123",2022,"Uitsluitend materiele schade",2,"Snorfiets","Fiets","Onbekend","Rechte weg",\N,"Niet brandend","Daglicht","Droog",\N,"600779721","Houtensewetering","Houten","Houten","Utrecht",false,52.021273,5.158907,"material damage only","4","clear",false,1,"GM0321"
"20220193987",2022,"Uitsluitend materiele schade",3,"Personenauto","Fiets","Onbekend","Rotonde",50,"Niet brandend","Daglicht","Regen",\N,\N,"Langdeelstraat","Leeuwarden","Leeuwarden","Friesland",false,53.191874,5.823734,"material damage only","4","rain",false,1,"GM0080"
"20220197651",2022,"Uitsluitend materiele schade",2,"Snorfiets","e-bike","Frontaal","Rechte weg",60,"Brandend","Duisternis","Droog",\N,\N,"FIETSPAD","Ermelo","Ermelo","Gelderland",true,52.312871,5.61426,"material damage only","4","clear",false,1,"GM0233"
"20220198177",2022,"Uitsluitend materiele schade",2,"Personenauto","e-bike","Flank","Rotonde",50,"Brandend","Duisternis","Droog",\N,\N,"Harenbergweg","Zutphen","Zutphen","Gelderland",false,52.127033,6.210064,"material damage only","4","clear",false,1,"GM0301"
"20220198516",2022,"Uitsluitend materiele schade",2,"Brommobiel","Fiets","Flank","Kruispunt, 3 takken",50,"Brandend","Duisternis","Droog",\N,\N,"Handelstraat","Apeldoorn","Apeldoorn","Gelderland",false,52.216011,5.953895,"material damage only","4","clear",false,1,"GM0200"
"20220119115",2022,"Letsel",2,"Fiets","Fiets","Frontaal","Rechte weg",50,"Niet aanwezig","Daglicht","Droog",\N,"495369001","Zenderseweg","Albergen","Tubbergen","Overijssel",false,52.345126,6.75202,"injury","2","clear",false,1,"GM0183"
"20220126591",2022,"Letsel",4,"Fiets",\N,"Eenzijdig","Rechte weg",30,"Niet brandend","Daglicht","Droog",\N,"213309001","Goudse Rijweg","Boskoop","Alphen aan den Rijn","Zuid-Holland",false,52.079706,4.679834,"injury","2","clear",false,1,"GM0484"
"20220138773",2022,"Uitsluitend materiele schade",2,"Bus","Fiets","Flank","Rechte weg",50,"Niet brandend","Daglicht","Droog",\N,\N,"Spanningsveldpad","Almere","Almere","Flevoland",false,52.356526,5.198915,"material damage only","4","clear",false,1,"GM0034"
"20220147599",2022,"Uitsluitend materiele schade",2,"e-bike","Fiets","Frontaal","Rechte weg",30,"Niet brandend","Daglicht","Droog",\N,"282197106","Baerdijk","Oisterwijk","Oisterwijk","Noord-Brabant",false,51.577092,5.189458,"material damage only","4","clear",false,1,"GM0824"
"20240084192",2024,"Uitsluitend materiele schade",2,"Fiets","Personenauto","Flank","Kruispunt, 4 takken",30,"Niet brandend","Daglicht","Droog",\N,\N,"Rietgrachtstraat","Arnhem","Arnhem","Gelderland",false,51.976949,5.918014,"material damage only","4","clear",false,1,"GM0202"
"20240084734",2024,"Uitsluitend materiele schade",2,"Personenauto","e-bike","Onbekend","Rechte weg",\N,"Niet brandend","Daglicht","Regen",\N,"600667188","Doesburgsedijk","Dieren","Rheden","Gelderland",false,52.040594,6.103299,"material damage only","4","rain",false,1,"GM0275"
"20240086734",2024,"Letsel",1,"Fiets",\N,"Onbekend",\N,50,\N,"Daglicht",\N,\N,\N,"Noorderkade","Alkmaar","Alkmaar","Noord-Holland",false,52.638331,4.747005,"injury","2","unknown",false,1,"GM0361"
"20240088036",2024,"Letsel",2,"Fiets","Snorfiets","Onbekend","Rechte weg",50,"Brandend","Daglicht","Droog","Brug/viaduct",\N,"Rijswijkse Waterweg","'s-Gravenhage","'s-Gravenhage","Zuid-Holland",false,52.029968,4.36199,"injury","2","clear",false,1,"GM0518"
"20240091904",2024,"Uitsluitend materiele schade",1,"Fiets",\N,"Onbekend","Rechte weg",50,"Niet aanwezig","Duisternis","Droog",\N,"600488848","Maastrichterweg","Roermond","Roermond","Limburg",false,51.182826,5.987203,"material damage only","4","clear",false,1,"GM0957"
"20240092315",2024,"Uitsluitend materiele schade",2,"Personenauto","Fiets","Flank","Kruispunt, 4 takken",30,"Niet brandend","Daglicht","Droog",\N,\N,"Laan door de Veste","Helmond","Helmond","Noord-Brabant",false,51.460753,5.614344,"material damage only","4","clear",false,1,"GM0794"
"20240098135",2024,"Letsel",2,"Fiets","Personenauto","Flank","Kruispunt, 4 takken",30,"Niet brandend","Daglicht","Droog",\N,\N,"Victorieplein","Amsterdam","Amsterdam","Noord-Holland",false,52.346045,4.90367,"injury","2","clear",false,1,"GM0363"
"20240043752",2024,"Uitsluitend materiele schade",2,"Personenauto","Fiets","Frontaal","Rotonde",50,"Niet brandend","Daglicht","Droog",\N,\N,"Bokstraat","Heerlen","Heerlen","Limburg",false,50.914152,5.960122,"material damage only","4","clear",false,1,"GM0917"
"20240048976",2024,"Uitsluitend materiele schade",2,"Personenauto","Fiets","Flank","Kruispunt, 4 takken",80,"Niet brandend","Daglicht","Droog",\N,\N,"Strodijk","Vorden","Bronckhorst","Gelderland",false,52.10917,6.298569,"material damage only","4","clear",false,1,"GM1876"
"20240071368",2024,"Uitsluitend materiele schade",2,"Personenauto","Fiets","Flank","Kruispunt, 3 takken",30,"Niet brandend","Daglicht","Droog",\N,\N,"Rammenas","Roelofarendsveen","Kaag en Braassem","Zuid-Holland",false,52.199614,4.628347,"material damage only","4","clear",false,1,"GM1884"
"20240076205",2024,"Letsel",2,"Personenauto","Fiets","Flank","Kruispunt, 4 takken",80,"Niet brandend","Daglicht","Droog",\N,\N,"Zonneoordlaan","Ede","Ede","Gelderland",false,52.05848,5.642416,"injury","2","clear",false,1,"GM0228"
"20240079670",2024,"Uitsluitend materiele schade",2,"Fiets","Fiets","Flank","Rechte weg",50,"Niet aanwezig","Duisternis","Droog",\N,"600524315","Pontweg","De Koog","Texel","Noord-Holland",false,53.092624,4.768957,"material damage only","4","clear",false,1,"GM0448"
"20240081579",2024,"Letsel",2,"Fiets","Lichtmast","Vast voorwerp","Rechte weg",50,"Niet brandend","Daglicht","Droog",\N,"600378897","Oude Haagweg","'s-Gravenhage","'s-Gravenhage","Zuid-Holland",false,52.066329,4.268357,"injury","2","clear",false,1,"GM0518"
"20240086741",2024,"Letsel",2,"Fiets","Personenauto","Flank","Rotonde",30,"Niet brandend","Daglicht","Droog",\N,\N,"Maerelaan","Heemskerk","Heemskerk","Noord-Holland",false,52.512539,4.677724,"injury","2","clear",false,1,"GM0396"
"20240091283",2024,"Letsel",1,"e-bike",\N,"Onbekend","Rotonde",50,"Niet brandend","Daglicht","Regen",\N,\N,"Parkweg","Papendrecht","Papendrecht","Zuid-Holland",false,51.83086,4.707832,"injury","2","rain",false,1,"GM0590"
"20240091971",2024,"Uitsluitend materiele schade",2,"Personenauto","Fiets","Flank","Kruispunt, 4 takken",50,"Brandend","Duisternis","Droog",\N,\N,"Nicolaas Fierlantsstraat","Rosmalen","'s-Hertogenbosch","Noord-Brabant",false,51.700935,5.345957,"material damage only","4","clear",false,1,"GM0796"
"20240041043",2024,"Letsel",2,"Personenauto","Fiets","Flank","Rechte weg",30,"Niet brandend","Daglicht","Droog",\N,"226369075","Irislaan","Badhoevedorp","Haarlemmermeer","Noord-Holland",false,52.34649,4.770042,"injury","2","clear",false,1,"GM0394"
"20240043802",2024,"Uitsluitend materiele schade",2,"Personenauto","Fiets","Frontaal","Rechte weg",70,"Brandend","Daglicht","Regen",\N,"600803191","Onze Lieve Vrouwestraat","Eindhoven","Eindhoven","Noord-Brabant",false,51.452391,5.48752,"material damage only","4","rain",false,1,"GM0772"
"20240044426",2024,"Uitsluitend materiele schade",2,"Fiets","Fiets","Flank","Kruispunt, 4 takken",30,"Brandend","Daglicht","Droog",\N,\N,"FIETSPAD","Rosmalen","'s-Hertogenbosch","Noord-Brabant",false,51.729022,5.350259,"material damage only","4","clear",false,1,"GM0796"
"20240044430",2024,"Uitsluitend materiele schade",3,"Fiets","Fiets","Onbekend","Rechte weg",50,"Niet brandend","Daglicht","Droog",\N,"323179004","Ekkersrijt","Son en Breugel","Son en Breugel","Noord-Brabant",false,51.49819,5.489237,"material damage only","4","clear",false,1,"GM0848"
"20240045353",2024,"Uitsluitend materiele schade",2,"Personenauto","Fiets","Flank","Rotonde",50,"Niet brandend","Daglicht","Regen",\N,\N,"Campenhoefdreef","Tilburg","Tilburg","Noord-Brabant",false,51.578749,4.993709,"material damage only","4","rain",false,1,"GM0855"
"20240046024",2024,"Letsel",1,"Fiets",\N,"Kop/staart","Kruispunt, 3 takken",60,"Niet brandend","Daglicht","Droog",\N,\N,"Hansengraaf","Beekbergen","Apeldoorn","Gelderland",false,52.165586,5.980081,"injury","2","clear",false,1,"GM0200"
"20240088107",2024,"Uitsluitend materiele schade",2,"Bromfiets","Fiets","Onbekend","Rechte weg",30,"Niet brandend","Daglicht","Droog",\N,"600462388","Voorschoterweg","Voorschoten","Voorschoten","Zuid-Holland",false,52.134576,4.465218,"material damage only","4","clear",false,1,"GM0626"
"20240095089",2024,"Letsel",3,\N,"Fiets","Flank","Rechte weg",80,"Niet brandend","Daglicht","Droog",\N,"408578013","Lauwersmeerweg","Kollum","Noardeast-Fryslân","Friesland",false,53.282497,6.128849,"injury","2","clear",false,1,"GM1970"
"20240041089",2024,"Uitsluitend materiele schade",2,"Fiets","Bromfiets","Frontaal","Kruispunt, 3 takken",30,"Niet brandend","Daglicht","Regen",\N,\N,"Bos en Lommerweg","Amsterdam","Amsterdam","Noord-Holland",false,52.381145,4.855288,"material damage only","4","rain",false,1,"GM0363"
"20240082328",2024,"Uitsluitend materiele schade",2,"Personenauto","Fiets","Onbekend","Kruispunt, 4 takken",30,"Niet brandend","Daglicht","Droog",\N,\N,"Grotestraat","Drunen","Heusden","Noord-Brabant",false,51.686744,5.139912,"material damage only","4","clear",false,1,"GM0797"
"20240083611",2024,"Uitsluitend materiele schade",2,"Fiets","Scootmobiel","Flank","Kruispunt, 4 takken",50,"Niet brandend","Daglicht","Droog",\N,\N,"Hertog Reinoudsingel","Venlo","Venlo","Limburg",false,51.36707,6.179761,"material damage only","4","clear",false,1,"GM0983"
"20240092446",2024,"Uitsluitend materiele schade",2,"Personenauto","e-bike","Flank","Rechte weg",30,"Niet brandend","Daglicht","Droog",\N,"600552331","Strijpsestraat","Eindhoven","Eindhoven","Noord-Brabant",false,51.440038,5.451196,"material damage only","4","clear",false,1,"GM0772"
"20240097830",2024,"Letsel",1,"Fiets",\N,"Onbekend","Rechte weg",50,"Brandend","Duisternis","Regen",\N,"178334012","Valkenburgseweg","Katwijk","Katwijk","Zuid-Holland",false,52.187869,4.425499,"injury","2","rain",false,1,"GM0537"
"20240097833",2024,"Letsel",2,"Personenauto","Fiets","Geparkeerd voertuig","Rechte weg",30,"Brandend","Duisternis","Droog",\N,"600382018","Oranjelaan","'s-Gravenhage","'s-Gravenhage","Zuid-Holland",false,52.071686,4.321168,"injury","2","clear",false,1,"GM0518"
"20240074632",2024,"Uitsluitend materiele schade",2,"Bestelauto","Fiets","Flank","Rotonde",80,"Niet brandend","Daglicht","Droog",\N,\N,"Nieuwleusenerdijk","Zwolle","Zwolle","Overijssel",false,52.538386,6.175494,"material damage only","4","clear",false,1,"GM0193"
"20240082994",2024,"Uitsluitend materiele schade",2,"Fiets","Personenauto","Flank","Rotonde",50,"Niet brandend","Daglicht","Droog",\N,\N,"Elisabeth van Barstraat","Sittard","Sittard-Geleen","Limburg",false,51.003783,5.864997,"material damage only","4","clear",false,1,"GM1883"
"20240096823",2024,"Uitsluitend materiele schade",2,"Personenauto","Fiets","Flank","Rotonde",50,"Niet brandend","Daglicht","Regen",\N,\N,"Zwier Regelinkstraat","Oudewater","Oudewater","Utrecht",false,52.02176,4.866369,"material damage only","4","rain",false,1,"GM0589"
"20240097869",2024,"Uitsluitend materiele schade",1,"Fiets",\N,"Flank","Bocht",30,"Niet brandend","Daglicht","Droog",\N,"165304128","Esdoornstraat","Rijswijk","Rijswijk","Zuid-Holland",false,52.053996,4.337086,"material damage only","4","clear",false,1,\N
"20240044557",2024,"Letsel",2,"Personenauto","Fiets","Flank","Kruispunt, 4 takken",30,"Niet brandend","Daglicht","Droog",\N,\N,"Veenmossingel","Deurne","Deurne","Noord-Brabant",false,51.462556,5.809024,"injury","2","clear",false,1,"GM0762"
"20240049742",2024,"Letsel",2,"Personenauto","Fiets","Geparkeerd voertuig","Rechte weg",30,"Niet brandend","Daglicht","Droog",\N,"166303049","Populierlaan","Rijswijk","Rijswijk","Zuid-Holland",false,52.047913,4.34015,"injury","2","clear",false,1,\N
"20240050377",2024,"Uitsluitend materiele schade",2,"Fiets",\N,"Flank","Kruispunt, 4 takken",30,"Niet brandend","Daglicht","Droog",\N,\N,"Mgr. Nolenslaan","'s-Gravenhage","'s-Gravenhage","Zuid-Holland",false,52.065295,4.250125,"material damage only","4","clear",false,1,"GM0518"
"20240070866",2024,"Letsel",2,"Bestelauto","Fiets","Flank","Kruispunt, 4 takken",50,"Niet brandend","Daglicht","Droog",\N,\N,"Walenburgerweg","Rotterdam","Rotterdam","Zuid-Holland",false,51.926491,4.462981,"injury","2","clear",false,1,"GM0599"
"20240073373",2024,"Uitsluitend materiele schade",3,"Fiets","Fiets","Onbekend","Rechte weg",30,"Niet brandend","Daglicht","Droog",\N,"64178071","Reijersweg","Middelburg","Middelburg","Zeeland",false,51.477959,3.617315,"material damage only","4","clear",false,1,\N
"20240088880",2024,"Letsel",1,"Fiets",\N,"Eenzijdig","Bocht",50,"Niet brandend","Daglicht",\N,\N,"600690393","FIETSPAD","Wassenaar","Wassenaar","Zuid-Holland",false,52.130198,4.346915,"injury","2","unknown",false,1,"GM0629"
"20240096867",2024,"Uitsluitend materiele schade",2,"Personenauto","Fiets","Onbekend","Kruispunt, 3 takken",50,"Niet brandend","Daglicht","Regen",\N,\N,"Looydijk","De Bilt","De Bilt","Utrecht",false,52.107485,5.18776,"material damage only","4","rain",false,1,"GM0310"
"20240098346",2024,"Dodelijk",2,"Fiets","Voetganger","Voetganger","Rechte weg",30,"Niet brandend","Daglicht","Droog",\N,"242370107","Ceintuurbaan","Amsterdam","Amsterdam","Noord-Holland",false,52.352604,4.890137,"fatal","1","clear",false,1,"GM0363"
"20240043965",2024,"Letsel",2,"Personenauto","Fiets","Flank","Kruispunt, 3 takken",50,"Niet brandend","Daglicht","Droog",\N,"600654682","Bergerstraat","Maastricht","Maastricht","Limburg",false,50.853866,5.740247,"injury","2","clear",false,1,"GM0935"
"20240045523",2024,"Letsel",2,"Fiets","Boom","Onbekend","Rechte weg",50,"Niet brandend","Daglicht","Droog",\N,"335165023","Spoelstraat","Geldrop","Geldrop-Mierlo","Noord-Brabant",false,51.431242,5.571684,"injury","2","clear",false,1,"GM1771"
"20240046785",2024,"Uitsluitend materiele schade",2,"Bromfiets","Fiets","Flank","Rechte weg",50,"Brandend","Duisternis","Droog",\N,\N,"Boddenkampsingel","Enschede","Enschede","Overijssel",false,52.226838,6.882477,"material damage only","4","clear",false,1,"GM0153"
"20240074705",2024,"Letsel",1,"Fiets",\N,"Eenzijdig","Bocht",30,"Niet brandend","Daglicht","Regen",\N,\N,"Willem de Zwijgerlaan","Zevenaar","Zevenaar","Gelderland",false,51.934067,6.065905,"injury","2","rain",false,1,"GM0299"
"20240083739",2024,"Letsel",1,"Fiets",\N,"Onbekend","Rechte weg",30,"Niet brandend","Daglicht","Droog",\N,"305206016","Laan ten Habraken","Gemonde","Sint-Michielsgestel","Noord-Brabant",false,51.619208,5.353662,"injury","2","clear",false,1,"GM0845"
"20240098643",2024,"Letsel",2,"Fiets","Fiets","Frontaal","Kruispunt, 3 takken",\N,"Niet brandend","Daglicht","Droog",\N,\N,"Ridderspoorweg","Amsterdam","Amsterdam","Noord-Holland",false,52.393994,4.902127,"injury","2","clear",false,1,"GM0363"
"20240050462",2024,"Letsel",2,"Bestelauto","Fiets","Frontaal","Rechte weg",30,"Niet brandend","Daglicht","Droog",\N,"235369061","Voorburgstraat","Amsterdam","Amsterdam","Noord-Holland",false,52.348556,4.840787,"injury","2","clear",false,1,"GM0363"
"20240074781",2024,"Letsel",2,"Bestelauto","Fiets","Onbekend","Rechte weg",30,"Niet brandend","Daglicht","Droog","Parkeervoorziening",\N,"De Vennen","Delfzijl","Eemsdelta","Groningen",false,53.333163,6.928776,"injury","2","clear",false,1,"GM1979"
"20240082467",2024,"Uitsluitend materiele schade",2,"Fiets","Fiets","Flank","Rechte weg",50,"Niet brandend","Daglicht","Droog",\N,"369170059","Blasiusstraat","Deurne","Deurne","Noord-Brabant",false,51.454894,5.815483,"material damage only","4","clear",false,1,"GM0762"
"20240084456",2024,"Letsel",2,"Personenauto","Fiets","Flank","Kruispunt, 4 takken",60,"Niet brandend","Daglicht","Droog",\N,\N,"Griftweg","De Klomp","Ede","Gelderland",false,52.040914,5.599311,"injury","2","clear",false,1,"GM0228"
"20240088319",2024,"Uitsluitend materiele schade",1,"Fiets",\N,"Onbekend","Bocht",\N,"Niet brandend","Daglicht","Droog",\N,"169302009","Guirlande","'s-Gravenhage","'s-Gravenhage","Zuid-Holland",false,52.046333,4.363699,"material damage only","4","clear",false,1,"GM0518"
"20240088324",2024,"Letsel",2,"Personenauto","e-bike","Flank","Kruispunt, 4 takken",30,"Niet brandend","Daglicht","Droog",\N,\N,"Gerrit van der Veenstr","Amsterdam","Amsterdam","Noord-Holland",false,52.348855,4.872529,"injury","2","clear",false,1,"GM0363"
"20240088325",2024,"Letsel",1,"Fiets",\N,"Onbekend","Rechte weg",50,"Niet brandend","Daglicht","Droog",\N,"207300069","Fazantdreef","Waddinxveen","Waddinxveen","Zuid-Holland",false,52.03793,4.643216,"injury","2","clear",false,1,"GM0627"
"20240091545",2024,"Letsel",2,"Personenauto","Fiets","Flank","Kruispunt, 4 takken",50,"Niet brandend","Daglicht","Droog",\N,\N,"De Punt","Ouddorp","Goeree-Overflakkee","Zuid-Holland",false,51.791543,3.885552,"injury","2","clear",false,1,"GM1924"
"20240094827",2024,"Letsel",2,"Fiets","Overig vast object","Vast voorwerp","Rechte weg",30,"Niet brandend","Daglicht","Droog",\N,"499493003","Eeserstraat","Eesergroen","Borger-Odoorn","Drenthe",false,52.90231,6.795174,"injury","2","clear",false,1,"GM1681"
"20240094833",2024,"Uitsluitend materiele schade",2,"Scootmobiel","Fiets","Flank","Kruispunt, 4 takken",50,"Niet brandend","Daglicht","Droog",\N,\N,"Geldersedijk","Hattem","Hattem","Gelderland",false,52.49479,6.051655,"material damage only","4","clear",false,1,"GM0244"
"20240101744",2024,"Uitsluitend materiele schade",2,"Bestelauto","Fiets","Frontaal","Kruispunt, 3 takken",30,"Niet brandend","Daglicht","Droog",\N,\N,"Speelweide","Uden","Maashorst","Noord-Brabant",false,51.649769,5.624645,"material damage only","4","clear",false,1,"GM1991"
"20240070382",2024,"Letsel",2,"Bromfiets","Fiets","Vast voorwerp","Kruispunt, 3 takken",50,"Niet brandend","Daglicht","Droog",\N,\N,"Nieuwe Binnenweg","Rotterdam","Rotterdam","Zuid-Holland",false,51.915482,4.466401,"injury","2","clear",false,1,"GM0599"
"20240072623",2024,"Letsel",2,"Snorfiets","Fiets","Kop/staart","Rechte weg",50,"Niet brandend","Daglicht","Droog",\N,"348174088","Suytboulevard","Helmond","Helmond","Noord-Brabant",false,51.472549,5.661234,"injury","2","clear",false,1,"GM0794"
"20240090923",2024,"Uitsluitend materiele schade",2,"Bromfiets","Fiets","Onbekend","Bocht",30,"Niet brandend","Daglicht","Droog",\N,"102183110","Oostsingel","Goes","Goes","Zeeland",false,51.505028,3.892892,"material damage only","4","clear",false,1,"GM0664"
"20240103340",2024,"Letsel",2,"Personenauto","Fiets","Onbekend","Kruispunt, 4 takken",30,"Niet brandend","Daglicht","Regen",\N,"264191062","Churchilllaan","Tilburg","Tilburg","Noord-Brabant",false,51.548349,5.061545,"injury","2","rain",false,1,"GM0855"
"20240090326",2024,"Uitsluitend materiele schade",2,"Fiets","Personenauto","Flank","Rotonde",50,"Niet brandend","Daglicht","Droog",\N,\N,"Westlandseweg","Maassluis","Maassluis","Zuid-Holland",false,51.92717,4.246152,"material damage only","4","clear",false,1,"GM0556"
"20240094052",2024,"Uitsluitend materiele schade",2,"Fiets","Fiets","Frontaal","Rechte weg",50,\N,"Duisternis","Droog",\N,"600515145","Hardenbergerweg","Loozen","Hardenberg","Overijssel",false,52.588851,6.658031,"material damage only","4","clear",false,1,"GM0160"
"20240094077",2024,"Uitsluitend materiele schade",2,"Fiets","Fiets","Onbekend","Rechte weg",50,"Niet brandend","Daglicht","Droog",\N,"517363029","Dokter de Bruynstraat","Oldenzaal","Oldenzaal","Overijssel",false,52.313892,6.911217,"material damage only","4","clear",false,1,"GM0173"
"20240098943",2024,"Uitsluitend materiele schade",2,"Personenauto","Fiets","Onbekend","Kruispunt, 4 takken",30,"Niet brandend","Daglicht","Droog",\N,\N,"Twijver","Venhuizen","Drechterland","Noord-Holland",false,52.663791,5.20033,"material damage only","4","clear",false,1,"GM0498"
"20240049310",2024,"Letsel",2,"Fiets","Fiets","Flank","Kruispunt, 4 takken",50,"Niet brandend","Daglicht","Droog",\N,\N,"Ouverturepad","Harderwijk","Harderwijk","Gelderland",false,52.329625,5.600953,"injury","2","clear",false,1,"GM0243"
"20240071079",2024,"Uitsluitend materiele schade",2,"Personenauto","Fiets","Flank","Kruispunt, 4 takken",50,"Niet brandend","Daglicht","Droog","Spoorwegovergang",\N,"Kralingseweg","Rotterdam","Rotterdam","Zuid-Holland",false,51.931905,4.563649,"material damage only","4","clear",false,1,"GM0599"
"20240085802",2024,"Uitsluitend materiele schade",2,"Fiets","Fiets","Frontaal","Bocht",30,"Niet brandend","Daglicht","Droog",\N,"391336052","Imkersplaats","Apeldoorn","Apeldoorn","Gelderland",false,52.199461,5.984554,"material damage only","4","clear",false,1,"GM0200"
"20240089078",2024,"Uitsluitend materiele schade",2,"Fiets","Personenauto","Onbekend","Rechte weg",30,"Niet aanwezig","Daglicht","Droog",\N,"600362935","Herengracht","Amsterdam","Amsterdam","Noord-Holland",false,52.371285,4.886725,"material damage only","4","clear",false,1,"GM0363"
"20240091670",2024,"Letsel",2,"Fiets","Fiets","Frontaal","Kruispunt, 4 takken",30,"Niet brandend","Daglicht","Droog",\N,\N,"Sellegerplein","Leiden","Leiden","Zuid-Holland",false,52.155221,4.454722,"injury","2","clear",false,1,"GM0546"