"accident_id","year","severity_raw","party_count","party1_type","party2_type","accident_type","road_situation","speed_limit_kmh","road_lighting","light_condition_label","weather_raw","infra_type","road_segment_id","street_name","place_name","gemeente_name_raw","province","alcohol_indicated","latitude","longitude","severity_label","severity_code","weather_label","built_up_area","cyclists_involved","gemeente_code"
"20240099111",2024,"Letsel",2,"Bromfiets","Fiets","Onbekend","Kruispunt, 3 takken",30,"Niet aanwezig","Daglicht","Droog",\N,\N,"Science Park","Amsterdam","Amsterdam","Noord-Holland",false,52.357099,4.956131,"injury","2","clear",false,1,"GM0363"
"20240100522",2024,"Uitsluitend materiele schade",2,"Personenauto","Fiets","Flank","Kruispunt, 4 takken",30,"Niet brandend","Daglicht","Regen",\N,\N,"Stormsweg","Krimpen aan den IJssel","Krimpen aan den IJssel","Zuid-Holland",false,51.910307,4.578556,"material damage only","4","rain",false,1,"GM0542"
"20240100693",2024,"Uitsluitend materiele schade",2,"Personenauto","Fiets","Onbekend","Rechte weg",50,"Niet brandend","Daglicht","Regen",\N,"185280026","Kleiweg","Rotterdam","Rotterdam","Zuid-Holland",false,51.944952,4.481989,"material damage only","4","rain",false,1,"GM0599"
"20230176286",2023,"Letsel",2,"Bestelauto","Fiets","Flank","Rechte weg",50,"Niet brandend","Daglicht","Droog",\N,"236387004","Zuidervaart","Zaandam","Zaanstad","Noord-Holland",false,52.431797,4.849451,"injury","2","clear",false,1,"GM0479"
"20240085208",2024,"Uitsluitend materiele schade",1,"Fiets",\N,"Onbekend",\N,30,\N,"Daglicht",\N,\N,"519341027","Heutinkhoekweg","Enschede","Enschede","Overijssel",false,52.214811,6.924405,"material damage only","4","unknown",false,1,"GM0153"
"20240094969",2024,"Letsel",2,"Personenauto","e-bike","Flank","Kruispunt, 4 takken",60,"Brandend","Duisternis","Droog",\N,\N,"Laarweg","Harskamp","Ede","Gelderland",false,52.120522,5.737981,"injury","2","clear",false,1,"GM0228"
"20240101788",2024,"Uitsluitend materiele schade",2,"Personenauto","Fiets","Flank","Kruispunt, 4 takken",50,"Niet brandend","Daglicht","Droog",\N,\N,"Mr. F.J. Haarmanweg","Terneuzen","Terneuzen","Zeeland",false,51.311496,3.841672,"material damage only","4","clear",false,1,"GM0715"
"20240075387",2024,"Letsel",2,"Personenauto","Fiets","Onbekend","Kruispunt, 3 takken",80,"Niet brandend","Daglicht","Droog",\N,\N,"Loevestein","Ede","Ede","Gelderland",false,52.042277,5.649485,"injury","2","clear",false,1,"GM0228"
"20240075996",2024,"Letsel",2,"Bestelauto","Fiets","Flank","Kruispunt, 4 takken",50,"Niet brandend","Daglicht","Droog",\N,"601179299","Bennekomseweg","Ede","Ede","Gelderland",false,52.020564,5.67228,"injury","2","clear",false,1,"GM0228"
"20240079452",2024,"Letsel",2,"Personenauto","Fiets","Flank","Kruispunt, 4 takken",30,"Niet brandend","Daglicht","Droog",\N,\N,"Monnikendammerweg","Amsterdam","Amsterdam","Noord-Holland",false,52.389837,4.948179,"injury","2","clear",false,1,"GM0363"
"20240085238",2024,"Letsel",2,"Personenauto","Fiets","Onbekend","Rechte weg",50,"Niet brandend","Daglicht","Droog",\N,"601181529","Singelpad","Ede","Ede","Gelderland",false,52.020104,5.640629,"injury","2","clear",false,1,"GM0228"
"20240087255",2024,"Letsel",2,"Bestelauto","Fiets","Frontaal","Kruispunt, 4 takken",80,"Niet brandend","Daglicht","Droog",\N,\N,"Grote Vaartweg","Almere","Almere","Flevoland",false,52.422412,5.231084,"injury","2","clear",false,1,"GM0034"
"20240088527",2024,"Letsel",2,"Fiets","Personenauto","Flank","Kruispunt, 4 takken",50,"Niet brandend","Daglicht","Droog",\N,\N,"President Kennedylaan","Alphen aan den Rijn","Alphen aan den Rijn","Zuid-Holland",false,52.145444,4.677002,"injury","2","clear",false,1,"GM0484"
"20240095496",2024,"Letsel",1,"Fiets",\N,"Eenzijdig","Rechte weg",30,"Niet brandend","Daglicht","Droog","Brug/viaduct","600553239","FIETSPAD","Haarlem","Haarlem","Noord-Holland",false,52.385605,4.631554,"injury","2","clear",false,1,"GM0392"
"20240099954",2024,"Letsel",2,"Motor","Fiets","Flank","Rechte weg",50,"Niet brandend","Daglicht","Droog",\N,"183273072","Nieuwe Binnenweg","Rotterdam","Rotterdam","Zuid-Holland",false,51.916159,4.469029,"injury","2","clear",false,1,"GM0599"
"20240099974",2024,"Uitsluitend materiele schade",2,"Bromfiets","Fiets","Kop/staart","Kruispunt, 4 takken",50,"Brandend","Duisternis","Droog",\N,\N,"Wilgenplaslaan","Rotterdam","Rotterdam","Zuid-Holland",false,51.954373,4.468107,"material damage only","4","clear",false,1,"GM0599"
"20240102512",2024,"Uitsluitend materiele schade",2,"Fiets","Brommobiel","Kop/staart","Rotonde",50,"Niet brandend","Daglicht","Droog",\N,\N,"Meterikseweg","Horst","Horst aan de Maas","Limburg",false,51.457365,6.050404,"material damage only","4","clear",false,1,"GM1507"
"20240077709",2024,"Uitsluitend materiele schade",2,"Personenauto","Fiets","Los voorwerp","Kruispunt, 4 takken",50,"Brandend","Schemer","Droog",\N,\N,"Pianoweg","Almere","Almere","Flevoland",false,52.368918,5.189353,"material damage only","4","clear",false,1,"GM0034"
"20240082039",2024,"Letsel",2,"e-bike","Personenauto","Flank","Rotonde",30,"Niet brandend","Daglicht","Droog",\N,\N,"Koningin Julianalaan","Voorschoten","Voorschoten","Zuid-Holland",false,52.126989,4.44866,"injury","2","clear",false,1,"GM0626"
"20240087270",2024,"Letsel",1,"Fiets",\N,"Onbekend","Bocht",15,"Niet brandend","Daglicht","Droog",\N,"601216472","Koepoortsweg","Hoorn","Hoorn","Noord-Holland",false,52.644244,5.059052,"injury","2","clear",false,1,"GM0405"
"20240100805",2024,"Letsel",2,"Fiets","Fiets","Onbekend",\N,30,"Niet brandend","Daglicht","Regen","Brug/viaduct","193304006","Shetlandpad","Zoetermeer","Zoetermeer","Zuid-Holland",false,52.055401,4.541459,"injury","2","rain",false,1,"GM0637"
"20240101266",2024,"Letsel",2,"Personenauto","Fiets","Flank","Rotonde",50,"Niet brandend","Daglicht","Regen",\N,\N,"Melkweglaan","Hazerswoude-Rijndijk","Alphen aan den Rijn","Zuid-Holland",false,52.130673,4.596601,"injury","2","rain",false,1,"GM0484"
"20240046473",2024,"Uitsluitend materiele schade",2,"Personenauto","Fiets","Flank","Kruispunt, 3 takken",60,"Niet brandend","Daglicht","Regen",\N,\N,"Beltrumseweg","Borculo","Berkelland","Gelderland",false,52.108298,6.528332,"material damage only","4","rain",false,1,"GM1859"
"20240079539",2024,"Letsel",2,"Fiets","Personenauto","Onbekend","Kruispunt, 3 takken",30,"Niet brandend","Daglicht","Droog",\N,\N,"Ossenmarkt","Weesp","Amsterdam","Noord-Holland",false,52.307418,5.046244,"injury","2","clear",false,1,"GM0363"
"20240088586",2024,"Letsel",1,"Fiets",\N,"Onbekend","Rechte weg",50,"Niet brandend","Daglicht","Droog",\N,"600488470","Wassenaarseweg","Leiden","Leiden","Zuid-Holland",false,52.169349,4.469879,"injury","2","clear",false,1,"GM0546"
"20240091193",2024,"Uitsluitend materiele schade",2,"Personenauto","Fiets","Flank","Rotonde",50,"Niet brandend","Daglicht","Droog",\N,\N,"Bisschopsmolenstraat","Etten-Leur","Etten-Leur","Noord-Brabant",false,51.565975,4.636857,"material damage only","4","clear",false,1,"GM0777"
"20240085337",2024,"Letsel",2,"Personenauto","Fiets","Flank","Rotonde",50,"Niet brandend","Daglicht","Droog",\N,\N,"Kronenburgdijk","Arnhem","Arnhem","Gelderland",false,51.95751,5.892307,"injury","2","clear",false,1,"GM0202"
"20240087984",2024,"Uitsluitend materiele schade",2,"Fiets","Fiets","Onbekend","Rechte weg",\N,\N,"Daglicht",\N,\N,"162309229","Boekhorststraat","'s-Gravenhage","'s-Gravenhage","Zuid-Holland",false,52.073833,4.309785,"material damage only","4","unknown",false,1,"GM0518"
"20240088628",2024,"Uitsluitend materiele schade",2,"Bromfiets","Fiets","Frontaal","Kruispunt, 3 takken",30,"Brandend","Duisternis","Droog",\N,\N,"Koningstraat","'s-Gravenhage","'s-Gravenhage","Zuid-Holland",false,52.07074,4.312607,"material damage only","4","clear",false,1,"GM0518"
"20240049539",2024,"Letsel",1,"Fiets",\N,"Onbekend",\N,60,\N,"Duisternis",\N,\N,"474300009","Eefselerweg","Lievelde","Oost Gelre","Gelderland",false,52.034223,6.587658,"injury","2","unknown",false,1,"GM1586"
"20240074469",2024,"Uitsluitend materiele schade",2,"Bromfiets","Fiets","Flank","Kruispunt, 4 takken",\N,"Niet brandend","Daglicht","Droog",\N,\N,"FIETSPAD","'s-Hertogenbosch","'s-Hertogenbosch","Noord-Brabant",false,51.715748,5.334466,"material damage only","4","clear",false,1,"GM0796"
"20240076146",2024,"Letsel",1,"Fiets",\N,"Onbekend","Rechte weg",60,"Niet aanwezig","Daglicht","Droog",\N,"345304001","Zonneoordlaan","Ede","Ede","Gelderland",false,52.059901,5.646588,"injury","2","clear",false,1,"GM0228"
"20230050050",2023,"Letsel",1,"Fiets",\N,"Eenzijdig","Rechte weg",50,"Brandend","Schemer","Droog",\N,"175325018","Starrenburglaan","Wassenaar","Wassenaar","Zuid-Holland",false,52.147628,4.401346,"injury","2","clear",false,1,"GM0629"
"20230053590",2023,"Uitsluitend materiele schade",2,"Personenauto","Fiets","Flank","Kruispunt, 4 takken",60,"Niet aanwezig","Daglicht","Droog",\N,\N,"Patersweg","Echt","Echt-Susteren","Limburg",false,51.080551,5.887845,"material damage only","4","clear",false,1,"GM1711"
"20230062112",2023,"Letsel",2,"Personenauto","Fiets","Flank","Kruispunt, 4 takken",30,"Niet brandend","Daglicht","Droog",\N,\N,"Schoolstraat","Meijel","Peel en Maas","Limburg",false,51.344089,5.886328,"injury","2","clear",false,1,"GM1894"
"20230040190",2023,"Letsel",2,"Fiets","Overig wegmeubilair","Vast voorwerp","Kruispunt, 4 takken",50,"Niet brandend","Daglicht","Droog",\N,"162309120","Kalvermarkt","'s-Gravenhage","'s-Gravenhage","Zuid-Holland",false,52.077822,4.31544,"injury","2","clear",false,1,"GM0518"
"20230049557",2023,"Letsel",2,"Personenauto","Fiets","Geparkeerd voertuig","Rechte weg",30,"Niet brandend","Daglicht","Droog","Parkeervoorziening","150302004","Vroonhoevelaan","'s-Gravenhage","'s-Gravenhage","Zuid-Holland",false,52.043923,4.22734,"injury","2","clear",false,1,"GM0518"
"20230051250",2023,"Letsel",2,"Personenauto","Fiets","Onbekend","Kruispunt, 3 takken",50,"Niet brandend","Daglicht","Droog",\N,\N,"Rijksstraatweg","Hellevoetsluis","Voorne aan Zee","Zuid-Holland",false,51.833017,4.131363,"injury","2","clear",false,1,"GM1992"
"20230055904",2023,"Uitsluitend materiele schade",2,"Personenauto","Fiets","Flank","Kruispunt, 4 takken",50,"Niet brandend","Daglicht","Droog",\N,\N,"Wegje","Enkhuizen","Enkhuizen","Noord-Holland",false,52.704852,5.289954,"material damage only","4","clear",false,1,"GM0388"
"20230057613",2023,"Uitsluitend materiele schade",2,"Personenauto","e-bike","Flank","Rotonde",50,"Niet brandend","Daglicht","Regen",\N,\N,"Nieuwe Raadhuisstraat","Bussum","Gooise Meren","Noord-Holland",false,52.277157,5.163017,"material damage only","4","rain",false,1,"GM1942"
"20230057625",2023,"Uitsluitend materiele schade",2,"Fiets","Personenauto","Geparkeerd voertuig","Rechte weg",30,"Niet brandend","Daglicht",\N,\N,"298266007","Willem de Zwijgerweg","Geldermalsen","West Betuwe","Gelderland",false,51.88618,5.303575,"material damage only","4","unknown",false,1,"GM1960"
"20230060410",2023,"Letsel",2,"Personenauto","Fiets","Flank","Kruispunt, 3 takken",30,"Niet brandend","Daglicht","Regen",\N,\N,"Kamerlingh Onnesstraat","Terneuzen","Terneuzen","Zeeland",false,51.325344,3.850633,"injury","2","rain",false,1,"GM0715"
"20230041365",2023,"Uitsluitend materiele schade",2,"Fiets","Personenauto","Flank","Rotonde",50,"Niet brandend","Daglicht","Droog",\N,\N,"Beatrixlaan","Raamsdonksveer","Geertruidenberg","Noord-Brabant",false,51.69618,4.8791,"material damage only","4","clear",false,1,"GM0779"
"20230053074",2023,"Uitsluitend materiele schade",2,"Motor","Fiets","Flank","Kruispunt, 4 takken",50,"Niet brandend","Daglicht","Droog",\N,\N,"Oldegaarde","Rotterdam","Rotterdam","Zuid-Holland",false,51.877308,4.479266,"material damage only","4","clear",false,1,"GM0599"
"20230060456",2023,"Uitsluitend materiele schade",2,"Bromfiets","Fiets","Flank","Kruispunt, 4 takken",50,"Brandend","Duisternis","Droog",\N,\N,"Beukelsweg","Rotterdam","Rotterdam","Zuid-Holland",false,51.920582,4.442115,"material damage only","4","clear",false,1,"GM0599"
"20230062786",2023,"Uitsluitend materiele schade",2,"Personenauto","Fiets","Flank","Kruispunt, 4 takken",30,"Niet brandend","Daglicht","Droog",\N,\N,"Asteriastraat","Tilburg","Tilburg","Noord-Brabant",false,51.604841,4.986603,"material damage only","4","clear",false,1,"GM0855"
"20230063253",2023,"Uitsluitend materiele schade",2,"Snorfiets","Fiets","Kop/staart","Kruispunt, 4 takken",50,"Niet brandend","Daglicht","Droog",\N,\N,"Korvelplein","Tilburg","Tilburg","Noord-Brabant",false,51.549121,5.068545,"material damage only","4","clear",false,1,"GM0855"
"20230063889",2023,"Uitsluitend materiele schade",2,"Personenauto","Fiets","Flank","Kruispunt, 3 takken",50,"Niet brandend","Daglicht","Droog",\N,\N,"Predikbroedersweg","Tiel","Tiel","Gelderland",false,51.89514,5.429385,"material damage only","4","clear",false,1,"GM0281"
"20240130688",2024,"Letsel",2,"Personenauto","Fiets","Flank","Rotonde",50,"Niet brandend","Daglicht","Droog",\N,\N,"Proosdijerveldweg","Ede","Ede","Gelderland",false,52.040285,5.654896,"injury","2","clear",false,1,"GM0228"
"20230041404",2023,"Uitsluitend materiele schade",2,"Personenauto","Fiets","Flank","Rotonde",50,"Niet aanwezig","Daglicht",\N,\N,\N,"Bisschopsmolenstraat","Etten-Leur","Etten-Leur","Noord-Brabant",false,51.565421,4.637791,"material damage only","4","unknown",false,1,"GM0777"
"20230051348",2023,"Letsel",2,"Bromfiets","Fiets","Flank","Kruispunt, 4 takken",50,"Niet brandend","Daglicht","Droog",\N,\N,"St.Michielsstraat","Sint-Michielsgestel","Sint-Michielsgestel","Noord-Brabant",false,51.648157,5.356083,"injury","2","clear",false,1,"GM0845"
"20230051910",2023,"Uitsluitend materiele schade",3,"Fiets","Personenauto","Flank","Rotonde",50,"Niet brandend","Daglicht","Droog",\N,\N,"mr. L.A. Kesperweg","Vlaardingen","Vlaardingen","Zuid-Holland",true,51.911024,4.361177,"material damage only","4","clear",false,1,"GM0622"
"20230056564",2023,"Uitsluitend materiele schade",2,"Fiets","Fiets","Onbekend","Rechte weg",30,"Niet aanwezig","Daglicht","Droog",\N,"601006017","Renderklippenpad","Heerde","Heerde","Gelderland",false,52.387009,6.000599,"material damage only","4","clear",false,1,"GM0246"
"20230057940",2023,"Uitsluitend materiele schade",2,"Personenauto","Fiets","Onbekend","Kruispunt, 4 takken",50,"Niet brandend","Daglicht","Droog",\N,\N,"Westervoortsedijk","Arnhem","Arnhem","Gelderland",false,51.971278,5.951361,"material damage only","4","clear",false,1,"GM0202"
"20230062478",2023,"Letsel",3,"Personenauto","Fiets","Geparkeerd voertuig","Rechte weg",15,"Niet brandend","Daglicht","Droog","Parkeervoorziening","306228083","Vreeburg","Rosmalen","'s-Hertogenbosch","Noord-Brabant",false,51.718036,5.362849,"injury","2","clear",false,1,"GM0796"
"20230040302",2023,"Letsel",1,"Fiets",\N,"Eenzijdig","Bocht",50,"Niet brandend","Daglicht","Droog","Brug/viaduct","600185453","Marie Koenenhove","Zoetermeer","Zoetermeer","Zuid-Holland",false,52.066862,4.487693,"injury","2","clear",false,1,"GM0637"
"20230041429",2023,"Letsel",3,"Bromfiets","Fiets","Onbekend","Rechte weg",\N,"Niet brandend","Daglicht","Droog",\N,"600728839","Kralen","Oud Gastel","Halderberge","Noord-Brabant",false,51.585194,4.492547,"injury","2","clear",false,1,"GM1655"
"20230042611",2023,"Letsel",1,"Fiets",\N,"Eenzijdig","Rechte weg",\N,"Niet brandend","Daglicht","Droog",\N,"600129929","Turnhoutseweg","Reusel","Reusel-De Mierden","Noord-Brabant",false,51.350682,5.130918,"injury","2","clear",false,1,"GM1667"
"20230046709",2023,"Letsel",2,"Fiets","Personenauto","Flank","Bocht",50,"Niet brandend","Daglicht","Droog",\N,"214402107","Euratomplein","Heemskerk","Heemskerk","Noord-Holland",false,52.494971,4.686075,"injury","2","clear",false,1,"GM0396"
"20230047306",2023,"Letsel",1,"Fiets",\N,"Eenzijdig","Rechte weg",60,"Niet brandend","Daglicht","Droog",\N,"217422038","Vennewatersweg","Heiloo","Heiloo","Noord-Holland",false,52.587913,4.702244,"injury","2","clear",false,1,"GM0399"
"20230048549",2023,"Letsel",2,"Bestelauto","e-bike","Flank","Rotonde",50,"Niet brandend","Daglicht","Droog",\N,\N,"Merelstraat","Zwijndrecht","Zwijndrecht","Zuid-Holland",false,51.815739,4.617494,"injury","2","clear",false,1,"GM0642"
"20230050203",2023,"Letsel",2,\N,"Fiets","Eenzijdig","Rechte weg",15,"Niet brandend","Daglicht","Droog",\N,"187304078","Dorpsstraat","Zoetermeer","Zoetermeer","Zuid-Holland",false,52.056466,4.496703,"injury","2","clear",false,1,"GM0637"
"20230059594",2023,"Letsel",2,"Personenauto","Fiets","Flank","Rechte weg",50,"Niet brandend","Daglicht","Droog",\N,"600903956","Amelandpad","Hoofddorp","Haarlemmermeer","Noord-Holland",false,52.317122,4.648689,"injury","2","clear",false,1,"GM0394"
"20230061586",2023,"Letsel",2,"Personenauto","Fiets","Flank","Kruispunt, 3 takken",50,"Niet brandend","Daglicht","Regen",\N,\N,"Nieuwe Haven","Schiedam","Schiedam","Zuid-Holland",false,51.915803,4.394117,"injury","2","rain",false,1,"GM0606"
"20230044981",2023,"Letsel",2,"Bromfiets","Fiets","Flank","Kruispunt, 4 takken",30,"Niet aanwezig","Daglicht","Droog",\N,\N,"Burg van der Dussenplein","Hengelo","Hengelo (O)","Overijssel",false,52.266956,6.792019,"injury","2","clear",false,1,\N
"20230049116",2023,"Letsel",1,"Fiets",\N,"Eenzijdig","Rechte weg",\N,"Niet brandend","Daglicht","Droog",\N,"178296041","Acacialaan","Pijnacker","Pijnacker-Nootdorp","Zuid-Holland",false,52.019944,4.431186,"injury","2","clear",false,1,"GM1926"
"20230051401",2023,"Letsel",2,"Personenauto","Fiets","Onbekend","Kruispunt, 3 takken",50,"Niet brandend","Daglicht","Droog",\N,\N,"Holleweg","Bergen op Zoom","Bergen op Zoom","Noord-Brabant",false,51.493184,4.310294,"injury","2","clear",false,1,"GM0748"
"20230056642",2023,"Letsel",2,"Bromfiets","Fiets","Flank","Rotonde",50,"Brandend","Duisternis","Droog",\N,\N,"Graafseweg","Nijmegen","Nijmegen","Gelderland",false,51.84182,5.858455,"injury","2","clear",false,1,"GM0268"
"20240133172",2024,"Letsel",1,"Fiets",\N,"Onbekend","Rechte weg",50,"Brandend","Duisternis","Droog",\N,"601248185","Kruithuispad","Delft","Delft","Zuid-Holland",false,51.989785,4.360656,"injury","2","clear",false,1,"GM0503"
"20240133267",2024,"Uitsluitend materiele schade",2,"Fiets","Bromfiets","Flank","Rechte weg",50,"Brandend","Daglicht","Droog",\N,"184299014","Pieter Bregmanpad","Pijnacker","Pijnacker-Nootdorp","Zuid-Holland",false,52.029906,4.472158,"material damage only","4","clear",false,1,"GM1926"
"20240133349",2024,"Letsel",1,"Fiets",\N,"Flank","Rechte weg",30,"Niet brandend","Daglicht","Droog",\N,\N,"Mendelweg","Boskoop","Alphen aan den Rijn","Zuid-Holland",false,52.066844,4.647981,"injury","2","clear",false,1,"GM0484"
"20240133363",2024,"Letsel",2,"Fiets","Fiets","Onbekend","Bocht",30,"Niet brandend","Daglicht","Droog",\N,"157277027","Hofsingel","Maasland","Midden-Delfland","Zuid-Holland",false,51.933179,4.27635,"injury","2","clear",false,1,"GM1842"
"20230040370",2023,"Letsel",2,"Fiets","Fiets","Onbekend","Rechte weg",50,"Brandend","Duisternis","Droog",\N,\N,"Haarlemmertrekvaart","Oegstgeest","Oegstgeest","Zuid-Holland",false,52.187987,4.488905,"injury","2","clear",false,1,"GM0579"
"20230042069",2023,"Uitsluitend materiele schade",1,"Fiets",\N,"Eenzijdig","Kruispunt, 4 takken",30,"Niet brandend","Daglicht","Droog",\N,\N,"van Kinsbergenstraat","Eindhoven","Eindhoven","Noord-Brabant",false,51.450198,5.473074,"material damage only","4","clear",false,1,"GM0772"
"20230043851",2023,"Uitsluitend materiele schade",2,"Personenauto","Fiets","Flank","Kruispunt, 4 takken",30,"Niet brandend","Daglicht","Droog",\N,\N,"'t Vooraf","Stadskanaal","Stadskanaal","Groningen",false,52.97984,6.967597,"material damage only","4","clear",false,1,"GM0037"
"20230044438",2023,"Letsel",2,"Fiets","Fiets","Flank","Kruispunt, 3 takken",50,"Brandend","Duisternis","Droog",\N,\N,"Oldenzaalsestraat","Enschede","Enschede","Overijssel",false,52.223799,6.899223,"injury","2","clear",false,1,"GM0153"
"20230046774",2023,"Uitsluitend materiele schade",2,"Fiets","Personenauto","Flank","Bocht",50,"Niet brandend","Daglicht","Droog",\N,\N,"Plein 1945","IJmuiden","Velsen","Noord-Holland",false,52.460549,4.625544,"material damage only","4","clear",false,1,"GM0453"
"20230056112",2023,"Uitsluitend materiele schade",2,"Personenauto","Fiets","Frontaal","Kruispunt, 4 takken",30,"Niet brandend","Daglicht","Regen",\N,\N,"Bruinvispad","Almere","Almere","Flevoland",false,52.387253,5.231947,"material damage only","4","rain",false,1,"GM0034"
"20230058043",2023,"Uitsluitend materiele schade",2,"Bromfiets","Fiets","Flank","Rechte weg",30,"Niet brandend","Daglicht","Droog",\N,"600495607","FIETSPAD","Almere","Almere","Flevoland",false,52.363852,5.182733,"material damage only","4","clear",false,1,"GM0034"
"20230058880",2023,"Letsel",2,"Fiets","Fiets","Kop/staart","Rechte weg",60,"Niet aanwezig","Duisternis","Droog",\N,"600416922","Hargerstrandweg","Schoorl","Bergen (NH)","Noord-Holland",false,52.718894,4.646766,"injury","2","clear",false,1,\N
"20230059660",2023,"Uitsluitend materiele schade",2,"Personenauto","Fiets","Flank","Kruispunt, 4 takken",50,"Niet brandend","Daglicht","Droog",\N,\N,"Arent Janszoon Ernststr","Amsterdam","Amsterdam","Noord-Holland",false,52.332076,4.872058,"material damage only","4","clear",false,1,"GM0363"
"20230060113",2023,"Uitsluitend materiele schade",2,"Personenauto","Fiets","Onbekend","Rechte weg",50,"Brandend","Schemer","Droog",\N,"181189007","Spoorstraat","Roosendaal","Roosendaal","Noord-Brabant",false,51.540045,4.461004,"material damage only","4","clear",false,1,"GM1674"
"20230063709",2023,"Uitsluitend materiele schade",2,"Personenauto","Fiets","Flank","Kruispunt, 4 takken",30,"Niet brandend","Daglicht","Regen",\N,\N,"Ruysdaelstraat","Tilburg","Tilburg","Noord-Brabant",false,51.553593,5.069005,"material damage only","4","rain",false,1,"GM0855"
"20240129244",2024,"Uitsluitend materiele schade",2,"Fiets","Voetganger","Voetganger","Rechte weg",30,"Niet brandend","Daglicht","Droog",\N,"251311037","Kalverstraat","Harmelen","Woerden","Utrecht",false,52.090807,4.963448,"material damage only","4","clear",false,1,"GM0632"
"20230048018",2023,"Uitsluitend materiele schade",2,"Bromfiets","Fiets","Flank","Rechte weg",30,"Niet brandend","Daglicht","Droog",\N,"324408098","Breehorn","Lelystad","Lelystad","Flevoland",false,52.523479,5.491843,"material damage only","4","clear",false,1,"GM0995"
"20230048645",2023,"Uitsluitend materiele schade",1,"Fiets",\N,"Onbekend","Rechte weg",30,"Niet brandend","Daglicht","Droog",\N,"156315046","Vissershavenweg","'s-Gravenhage","'s-Gravenhage","Zuid-Holland",false,52.101804,4.268159,"material damage only","4","clear",false,1,"GM0518"
"20230049756",2023,"Letsel",2,"Bromfiets","Fiets","Frontaal","Rechte weg",30,"Niet aanwezig","Daglicht","Droog",\N,"600363158","Pieter Aertszstraat","Amsterdam","Amsterdam","Noord-Holland",false,52.352091,4.899403,"injury","2","clear",false,1,"GM0363"
"20230050909",2023,"Uitsluitend materiele schade",2,"Personenauto","Fiets","Flank","Rotonde",50,"Niet brandend","Daglicht","Droog",\N,\N,"Laaghemaal","Rosmalen","'s-Hertogenbosch","Noord-Brabant",false,51.728123,5.36479,"material damage only","4","clear",false,1,"GM0796"
"20230053245",2023,"Letsel",2,"Personenauto","Fiets","Onbekend","Kruispunt, 4 takken",50,"Niet brandend","Daglicht","Droog",\N,\N,"Axelsestraat","Terneuzen","Terneuzen","Zeeland",false,51.334028,3.829948,"injury","2","clear",false,1,"GM0715"
"20230060148",2023,"Uitsluitend materiele schade",2,"Trein/tram","Fiets","Flank","Kruispunt, 4 takken",50,"Niet brandend","Daglicht","Droog",\N,"600360984","Noordsingel","Rotterdam","Rotterdam","Zuid-Holland",false,51.931493,4.476862,"material damage only","4","clear",false,1,"GM0599"
"20230061682",2023,"Uitsluitend materiele schade",2,"Personenauto","Fiets","Flank","Kruispunt, 4 takken",30,"Niet brandend","Daglicht","Droog",\N,\N,"Tarwedreef","Spijkenisse","Nissewaard","Zuid-Holland",false,51.837796,4.330519,"material damage only","4","clear",false,1,"GM1930"
"20240129377",2024,"Uitsluitend materiele schade",2,"Personenauto","Fiets","Flank","Kruispunt, 3 takken",50,"Niet brandend","Daglicht","Droog",\N,\N,"Trompetstraat","Amersfoort","Amersfoort","Utrecht",false,52.179403,5.402004,"material damage only","4","clear",false,1,"GM0307"
"20230037530",2023,"Uitsluitend materiele schade",2,"Personenauto","Fiets","Flank","Rotonde",50,"Niet aanwezig","Daglicht","Droog",\N,\N,"De Dreef","Zeist","Zeist","Utrecht",false,52.099225,5.220722,"material damage only","4","clear",false,1,"GM0355"
"20230038725",2023,"Letsel",2,"Fiets","Fiets","Onbekend","Rechte weg",30,"Niet brandend","Daglicht","Droog",\N,"155302049","De Stede","'s-Gravenhage","'s-Gravenhage","Zuid-Holland",false,52.042733,4.260576,"injury","2","clear",false,1,"GM0518"
"20230044516",2023,"Letsel",2,"Fiets","Personenauto","Flank","Kruispunt, 4 takken",50,"Niet brandend","Daglicht","Droog",\N,\N,"Ds Kingweg","Heerenveen","Heerenveen","Friesland",false,52.952186,5.921791,"injury","2","clear",false,1,"GM0074"
"20230049236",2023,"Letsel",2,"Personenauto","Fiets","Onbekend","Kruispunt, 4 takken",30,"Niet brandend","Daglicht","Droog",\N,\N,"Mr. Kesperstraat","Schoonhoven","Krimpenerwaard","Zuid-Holland",false,51.951253,4.84961,"injury","2","clear",false,1,"GM1931"
"20230052679",2023,"Letsel",2,"Fiets","Overig vast object","Vast voorwerp","Rechte weg",\N,"Niet aanwezig","Daglicht","Droog",\N,"285199003","Gever","Haaren","Oisterwijk","Noord-Brabant",false,51.589605,5.214341,"injury","2","clear",false,1,"GM0824"
"20240133546",2024,"Uitsluitend materiele schade",2,"Fiets","Personenauto","Onbekend","Rechte weg",30,"Niet brandend","Daglicht","Droog",\N,"240366072","Beethovenstraat","Amsterdam","Amsterdam","Noord-Holland",false,52.336719,4.877261,"material damage only","4","clear",false,1,"GM0363"
"20230043369",2023,"Uitsluitend materiele schade",2,"Personenauto","Fiets","Flank","Kruispunt, 3 takken",50,"Niet brandend","Daglicht","Regen",\N,\N,"Schoutlaan","Weert","Weert","Limburg",false,51.259408,5.700209,"material damage only","4","rain",false,1,"GM0988"
"20230056209",2023,"Uitsluitend materiele schade",2,"Bromfiets","Fiets","Flank","Rechte weg",30,"Niet brandend","Daglicht","Droog","Brug/viaduct","600582564","Xenonstraat","Almere","Almere","Flevoland",false,52.356746,5.168264,"material damage only","4","clear",false,1,"GM0034"