"accident_id","year","severity_raw","party_count","party1_type","party2_type","accident_type","road_situation","speed_limit_kmh","road_lighting","light_condition_label","weather_raw","infra_type","road_segment_id","street_name","place_name","gemeente_name_raw","province","alcohol_indicated","latitude","longitude","severity_label","severity_code","weather_label","built_up_area","cyclists_involved","gemeente_code"
"20220214149",2022,"Uitsluitend materiele schade",2,"Fiets","Personenauto","Frontaal","Rechte weg",50,"Niet brandend","Daglicht","Droog",\N,"188329189","Willem de Zwijgerlaan","Leiden","Leiden","Zuid-Holland",false,52.16789,4.500897,"material damage only","4","clear",false,1,"GM0546"
"20220214956",2022,"Letsel",2,"Personenauto","Fiets","Flank","Rechte weg",50,"Niet brandend","Daglicht","Droog",\N,"600622422","Kijkduinsestraat","'s-Gravenhage","'s-Gravenhage","Zuid-Holland",false,52.065669,4.223944,"injury","2","clear",false,1,"GM0518"
"20220217825",2022,"Letsel",1,"Fiets",\N,"Eenzijdig","Rechte weg",\N,"Niet brandend","Daglicht","Droog",\N,"168294226","Houttuinen","Delft","Delft","Zuid-Holland",false,52.007348,4.357167,"injury","2","clear",false,1,"GM0503"
"20220203705",2022,"Uitsluitend materiele schade",3,"Personenauto","Fiets","Onbekend","Rotonde",50,"Niet aanwezig","Daglicht","Droog",\N,\N,"Godelindeweg","Naarden","Gooise Meren","Noord-Holland",false,52.287551,5.170029,"material damage only","4","clear",false,1,"GM1942"
"20220204482",2022,"Uitsluitend materiele schade",2,"Personenauto","Fiets","Onbekend","Kruispunt, 4 takken",50,"Brandend","Schemer","Droog",\N,\N,"Zandweg","De Meern","Utrecht","Utrecht",false,52.087337,5.01205,"material damage only","4","clear",false,1,"GM0344"
"20220209571",2022,"Letsel",2,"Fiets","Overig vast object","Vast voorwerp","Rechte weg",50,"Brandend","Duisternis","Droog","Bus-/Tramhalte","210372040","Professor Donderslaan","Haarlem","Haarlem","Noord-Holland",false,52.362605,4.657171,"injury","2","clear",false,1,"GM0392"
"20220211440",2022,"Uitsluitend materiele schade",2,"Personenauto","Fiets","Frontaal","Rotonde",50,"Niet brandend","Daglicht","Regen",\N,\N,"Haarlemmermeerstraat","Amsterdam","Amsterdam","Noord-Holland",false,52.351598,4.850224,"material damage only","4","rain",false,1,"GM0363"
"20220230392",2022,"Uitsluitend materiele schade",2,"Personenauto","Fiets","Flank","Kruispunt, 3 takken",50,"Niet brandend","Daglicht","Droog",\N,\N,"Javastraat","Maastricht","Maastricht","Limburg",false,50.843584,5.662551,"material damage only","4","clear",false,1,"GM0935"
"20220200178",2022,"Uitsluitend materiele schade",2,"e-bike","Personenauto","Flank","Rotonde",50,"Niet brandend","Daglicht","Droog",\N,\N,"Lupinelaan","Nijverdal","Hellendoorn","Overijssel",false,52.368997,6.484677,"material damage only","4","clear",false,1,"GM0163"
"20220206416",2022,"Letsel",2,"e-bike","Fiets","Onbekend","Rechte weg",50,"Brandend","Duisternis","Droog",\N,"234466001","Tin","Barsingerhorn","Hollands Kroon","Noord-Holland",false,52.783544,4.829664,"injury","2","clear",false,1,"GM1911"
"20220208025",2022,"Uitsluitend materiele schade",2,"Fiets","e-bike","Onbekend",\N,50,\N,"Daglicht",\N,\N,\N,"Vondelstraat","Alkmaar","Alkmaar","Noord-Holland",false,52.619622,4.746924,"material damage only","4","unknown",false,1,"GM0361"
"20220220845",2022,"Uitsluitend materiele schade",2,"Personenauto","Fiets","Flank","Rotonde",50,"Niet brandend","Daglicht","Droog",\N,\N,"Eikenlaan","Spijkenisse","Nissewaard","Zuid-Holland",false,51.84185,4.331052,"material damage only","4","clear",false,1,"GM1930"
"20220203769",2022,"Letsel",2,"Personenauto","Fiets","Flank","Kruispunt, 4 takken",50,"Brandend","Duisternis","Droog",\N,\N,"Prins Hendriklaan","Utrecht","Utrecht","Utrecht",false,52.086171,5.144469,"injury","2","clear",false,1,"GM0344"
"20220206531",2022,"Uitsluitend materiele schade",2,"Personenauto","Fiets","Flank","Rotonde",50,"Niet brandend","Daglicht","Droog",\N,\N,"Poelenburg","Zaandam","Zaanstad","Noord-Holland",false,52.442482,4.852151,"material damage only","4","clear",false,1,"GM0479"
"20220198701",2022,"Dodelijk",2,"Personenauto","Fiets","Flank","Kruispunt, 4 takken",80,"Niet brandend","Daglicht","Droog",\N,"600695094","Otterloseweg","Ugchelen","Apeldoorn","Gelderland",false,52.159225,5.894597,"fatal","1","clear",false,1,"GM0200"
"20240135788",2024,"Letsel",2,"Fiets","Personenauto","Onbekend","Kruispunt, 4 takken",50,"Niet brandend","Daglicht","Droog",\N,\N,"Prins Alexanderlaan","Rotterdam","Rotterdam","Zuid-Holland",false,51.927777,4.564337,"injury","2","clear",false,1,"GM0599"
"20240135796",2024,"Letsel",2,"Personenauto","Fiets","Flank","Rotonde",50,"Niet brandend","Daglicht","Droog",\N,\N,"President Rooseveltweg","Rotterdam","Rotterdam","Zuid-Holland",false,51.956575,4.531862,"injury","2","clear",false,1,"GM0599"
"20240138315",2024,"Letsel",1,"Fiets",\N,"Onbekend","Rechte weg",30,"Niet brandend","Daglicht","Droog",\N,"600594508","Leo Majorlaan","Zwolle","Zwolle","Overijssel",false,52.507228,6.116097,"injury","2","clear",false,1,"GM0193"
"20240138316",2024,"Letsel",2,"Fiets",\N,"Onbekend","Rechte weg",30,"Niet brandend","Daglicht","Droog",\N,"407406015","Vechtstraat","Zwolle","Zwolle","Overijssel",false,52.515057,6.1081,"injury","2","clear",false,1,"GM0193"
"20240142139",2024,"Letsel",2,"Personenauto","Fiets","Flank","Kruispunt, 4 takken",50,"Niet brandend","Daglicht","Droog",\N,\N,"Uilenstede","Amstelveen","Amstelveen","Noord-Holland",false,52.319638,4.869678,"injury","2","clear",false,1,"GM0362"
"20240135191",2024,"Letsel",2,"Fiets","Personenauto","Flank","Kruispunt, 3 takken",50,"Niet brandend","Daglicht","Regen",\N,\N,"Voorlaan","Bleiswijk","Lansingerland","Zuid-Holland",false,52.044067,4.546815,"injury","2","rain",false,1,"GM1621"
"20240140164",2024,"Uitsluitend materiele schade",2,"Personenauto","Fiets","Flank","Kruispunt, 4 takken",50,"Niet brandend","Daglicht","Droog",\N,\N,"Verzetstraat","Vriezenveen","Twenterand","Overijssel",false,52.407391,6.620336,"material damage only","4","clear",false,1,"GM1700"
"20240141315",2024,"Letsel",1,"Fiets",\N,"Onbekend","Rechte weg",\N,"Niet aanwezig","Schemer","Regen",\N,"600888853","Johanninksweg","Denekamp","Dinkelland","Overijssel",false,52.403848,7.005195,"injury","2","rain",false,1,"GM1774"
"20240148376",2024,"Letsel",2,"Personenauto","Fiets","Flank","Rotonde",50,"Brandend","Schemer","Droog",\N,\N,"Stationsweg","Delfzijl","Eemsdelta","Groningen",false,53.333243,6.923631,"injury","2","clear",false,1,"GM1979"
"20240134009",2024,"Letsel",1,"Fiets",\N,"Onbekend","Kruispunt, 3 takken",50,"Brandend","Daglicht","Regen",\N,\N,"FIETSPAD","Leiden","Leiden","Zuid-Holland",false,52.153952,4.493885,"injury","2","rain",false,1,"GM0546"
"20240141373",2024,"Uitsluitend materiele schade",2,"Personenauto","Fiets","Flank","Kruispunt, 3 takken",60,"Niet brandend","Daglicht","Droog",\N,\N,"Kloosterlaan","Doetinchem","Doetinchem","Gelderland",false,51.944571,6.341139,"material damage only","4","clear",false,1,"GM0222"
"20240136546",2024,"Uitsluitend materiele schade",2,"Snorfiets","Fiets","Flank","Kruispunt, 3 takken",30,"Niet brandend","Daglicht","Droog",\N,\N,"Berkenstraat","Eindhoven","Eindhoven","Noord-Brabant",false,51.444102,5.458603,"material damage only","4","clear",false,1,"GM0772"
"20240144392",2024,"Letsel",2,"Bromfiets","Fiets","Flank","Kruispunt, 4 takken",30,"Brandend","Duisternis","Droog",\N,\N,"Bestevâerstraat","Amsterdam","Amsterdam","Noord-Holland",false,52.374708,4.85963,"injury","2","clear",false,1,"GM0363"
"20240136561",2024,"Letsel",2,"Fiets","Fiets","Onbekend","Rechte weg",15,"Niet brandend","Daglicht","Droog",\N,"398111056","Maretakhof","Roermond","Roermond","Limburg",false,51.188084,6.017287,"injury","2","clear",false,1,"GM0957"
"20240140308",2024,"Letsel",2,"Vrachtauto","Fiets","Flank","Rechte weg",80,"Niet brandend","Daglicht","Regen",\N,"601150520","Rijksweg-Noord","Elst","Overbetuwe","Gelderland",false,51.925296,5.854012,"injury","2","rain",false,1,"GM1734"
"20240142301",2024,"Letsel",2,"Personenauto","Fiets","Onbekend","Rechte weg",50,"Brandend","Duisternis","Droog",\N,"225402078","Padlaan","Krommenie","Zaanstad","Noord-Holland",false,52.498689,4.769476,"injury","2","clear",false,1,"GM0479"
"20240150133",2024,"Letsel",2,"Personenauto","Fiets","Flank","Kruispunt, 4 takken",50,"Niet brandend","Daglicht","Droog",\N,\N,"de Oude Veiling","Zwaag","Hoorn","Noord-Holland",false,52.662705,5.064645,"injury","2","clear",false,1,"GM0405"
"20240150360",2024,"Uitsluitend materiele schade",3,"Fiets","Fiets","Onbekend","Rotonde",50,"Niet brandend","Daglicht","Droog",\N,\N,"Oude Hoeverweg","Alkmaar","Alkmaar","Noord-Holland",false,52.639588,4.729008,"material damage only","4","clear",false,1,"GM0361"
"20240135997",2024,"Letsel",2,"Bestelauto","Fiets","Frontaal","Kruispunt, 3 takken",50,"Brandend","Schemer","Droog",\N,\N,"Overbuurtseweg","Bleiswijk","Lansingerland","Zuid-Holland",false,52.004447,4.525847,"injury","2","clear",false,1,"GM1621"
"20240136599",2024,"Letsel",1,"Fiets",\N,"Onbekend","Rotonde",50,"Niet brandend","Daglicht","Droog",\N,\N,"Burg Gommansstraat","Venlo","Venlo","Limburg",false,51.370392,6.143092,"injury","2","clear",false,1,"GM0983"
"20240143322",2024,"Letsel",1,"Fiets",\N,"Onbekend","Rechte weg",30,"Niet brandend","Daglicht","Droog",\N,"167295017","Spoorsingel","Delft","Delft","Zuid-Holland",false,52.011521,4.353057,"injury","2","clear",false,1,"GM0503"
"20240143863",2024,"Letsel",2,"Snorfiets","Fiets","Flank","Kruispunt, 4 takken",50,"Brandend","Duisternis","Droog",\N,\N,"Van der Kunstraat","'s-Gravenhage","'s-Gravenhage","Zuid-Holland",false,52.063536,4.315101,"injury","2","clear",false,1,"GM0518"
"20240140601",2024,"Uitsluitend materiele schade",2,"Personenauto","Fiets","Onbekend",\N,\N,\N,"Daglicht",\N,\N,"273309066","Ledig Erf","Utrecht","Utrecht","Utrecht",false,52.081085,5.124138,"material damage only","4","unknown",false,1,"GM0344"
"20240141183",2024,"Uitsluitend materiele schade",2,"Fiets","Personenauto","Flank","Kruispunt, 4 takken",50,"Brandend","Duisternis","Droog",\N,\N,"Bijleveldsingel","Nijmegen","Nijmegen","Gelderland",false,51.842421,5.869456,"material damage only","4","clear",false,1,"GM0268"
"20240151507",2024,"Uitsluitend materiele schade",2,"Fiets","Personenauto","Flank","Bocht",50,"Niet brandend","Daglicht","Droog",\N,"250301060","Provincialeweg","Montfoort","Montfoort","Utrecht",false,52.04564,4.953446,"material damage only","4","clear",false,1,"GM0335"
"20240149548",2024,"Letsel",2,"Personenauto","Fiets","Flank","Rechte weg",50,"Niet brandend","Daglicht","Droog",\N,"450425003","Langewijk","Dedemsvaart","Hardenberg","Overijssel",false,52.600727,6.433979,"injury","2","clear",false,1,"GM0160"
"20240142426",2024,"Uitsluitend materiele schade",1,"Fiets",\N,"Eenzijdig","Bocht",50,"Niet brandend","Daglicht","Droog",\N,"260454026","Dorpsstraat","Abbekerk","Medemblik","Noord-Holland",false,52.732665,5.020056,"material damage only","4","clear",false,1,"GM0420"
"20240142434",2024,"Letsel",1,"Fiets",\N,"Onbekend","Kruispunt, 4 takken",\N,"Niet aanwezig","Daglicht","Regen",\N,\N,"Beneluxlaan","Utrecht","Utrecht","Utrecht",false,52.074108,5.0976,"injury","2","rain",false,1,"GM0344"
"20240142473",2024,"Letsel",2,"Personenauto","Fiets","Flank","Rotonde",50,"Niet brandend","Daglicht","Droog",\N,\N,"Bachstraat","Heemskerk","Heemskerk","Noord-Holland",false,52.512793,4.668422,"injury","2","clear",false,1,"GM0396"
"20240135501",2024,"Uitsluitend materiele schade",2,"Personenauto","Fiets","Onbekend","Kruispunt, 3 takken",30,"Niet brandend","Daglicht","Droog",\N,\N,"Biezenbeemd","Oosterhout","Oosterhout","Noord-Brabant",false,51.658562,4.860453,"material damage only","4","clear",false,1,"GM0826"
"20240145083",2024,"Letsel",2,"Bromfiets","Fiets","Onbekend","Rechte weg",50,"Niet brandend","Daglicht","Droog",\N,"600538605","FIETSPAD","Breda","Breda","Noord-Brabant",false,51.602014,4.776715,"injury","2","clear",false,1,"GM0758"
"20240144057",2024,"Letsel",2,"Fiets","Bromfiets","Flank","Kruispunt, 4 takken",30,"Brandend","Duisternis","Regen",\N,\N,"JAN VOSSENBRUG","Leiden","Leiden","Zuid-Holland",false,52.162165,4.493138,"injury","2","rain",false,1,"GM0546"
"20240148119",2024,"Uitsluitend materiele schade",2,"Personenauto","Fiets","Flank","Rotonde",50,"Brandend","Duisternis","Regen",\N,\N,"Kasteellaan","Eindhoven","Eindhoven","Noord-Brabant",false,51.426983,5.442375,"material damage only","4","rain",false,1,"GM0772"
"20240145692",2024,"Uitsluitend materiele schade",2,"Personenauto","Fiets","Onbekend","Kruispunt, 4 takken",30,"Niet brandend","Daglicht","Droog",\N,\N,"Keurmeesterstraat","Rotterdam","Rotterdam","Zuid-Holland",false,51.930933,4.497434,"material damage only","4","clear",false,1,"GM0599"
"20240143564",2024,"Letsel",2,"Personenauto","Fiets","Flank","Rotonde",50,"Brandend","Duisternis","Regen",\N,\N,"Bredewater","Zoetermeer","Zoetermeer","Zuid-Holland",false,52.054657,4.475724,"injury","2","rain",false,1,"GM0637"
"20240144717",2024,"Letsel",3,"Personenauto","Fiets","Onbekend","Rotonde",50,"Niet brandend","Daglicht","Droog",\N,\N,"Eikenlaan","Spijkenisse","Nissewaard","Zuid-Holland",false,51.84185,4.331052,"injury","2","clear",false,1,"GM1930"
"20240145170",2024,"Letsel",1,"Fiets",\N,"Onbekend","Rechte weg",50,"Brandend","Duisternis","Droog",\N,"254253016","Vestingweg","Gorinchem","Gorinchem","Zuid-Holland",false,51.830701,4.986622,"injury","2","clear",false,1,"GM0512"
"20240146329",2024,"Letsel",2,"Personenauto","Fiets","Flank","Kruispunt, 4 takken",30,"Niet aanwezig","Daglicht","Droog",\N,\N,"Dokter Schöyerstraat","Gorinchem","Gorinchem","Zuid-Holland",false,51.841784,4.954044,"injury","2","clear",false,1,"GM0512"
"20240134980",2024,"Uitsluitend materiele schade",2,"Personenauto","Fiets","Kop/staart","Rechte weg",50,"Niet brandend","Daglicht","Droog",\N,"601113203","Kortekade","Rotterdam","Rotterdam","Zuid-Holland",false,51.926433,4.518045,"material damage only","4","clear",false,1,"GM0599"
"20240135016",2024,"Letsel",2,"Personenauto","Fiets","Los voorwerp","Kruispunt, 3 takken",50,"Niet brandend","Schemer","Droog",\N,\N,"Voorlaan","Bleiswijk","Lansingerland","Zuid-Holland",false,52.044067,4.546815,"injury","2","clear",false,1,"GM1621"
"20240143077",2024,"Letsel",2,"Personenauto","Fiets","Flank","Kruispunt, 4 takken",30,"Niet brandend","Daglicht","Droog",\N,\N,"Wassenaarsestraat","'s-Gravenhage","'s-Gravenhage","Zuid-Holland",false,52.108442,4.27682,"injury","2","clear",false,1,"GM0518"
"20240143621",2024,"Uitsluitend materiele schade",2,"Bromfiets","Fiets","Flank","Kruispunt, 3 takken",30,"Brandend","Duisternis","Regen",\N,\N,"0137 BRUG","Amsterdam","Amsterdam","Noord-Holland",false,52.354609,4.887024,"material damage only","4","rain",false,1,"GM0363"
"20240144214",2024,"Letsel",1,"Fiets",\N,"Onbekend","Kruispunt, 4 takken",30,"Niet brandend","Daglicht","Regen",\N,\N,"Bronckhorststraat","Noordwijk","Noordwijk","Zuid-Holland",false,52.234425,4.444141,"injury","2","rain",false,1,"GM0575"
"20240146304",2024,"Letsel",2,"Personenauto","Fiets","Onbekend","Rotonde",50,"Niet brandend","Schemer","Droog",\N,\N,"Oudelandstraat","'s-Gravenzande","Westland","Zuid-Holland",false,52.002054,4.17127,"injury","2","clear",false,1,"GM1783"
"20240147469",2024,"Uitsluitend materiele schade",2,"Personenauto","Fiets","Frontaal","Rechte weg",30,"Brandend","Duisternis","Regen",\N,"601221373","Elzenweg","Waalwijk","Waalwijk","Noord-Brabant",false,51.682882,5.057899,"material damage only","4","rain",false,1,"GM0867"
"20240002327",2024,"Letsel",1,"Fiets",\N,"Eenzijdig",\N,50,"Niet brandend","Schemer","Droog",\N,"391186161","Julianasingel","Venray","Venray","Limburg",false,51.525803,5.977561,"injury","2","clear",false,1,"GM0984"
"20240002692",2024,"Uitsluitend materiele schade",2,"Personenauto","Fiets","Flank","Rotonde",30,"Niet brandend","Daglicht","Regen",\N,\N,"Oortlaan","Veldhoven","Veldhoven","Noord-Brabant",false,51.413425,5.39753,"material damage only","4","rain",false,1,"GM0861"
"20240007284",2024,"Letsel",2,"Personenauto","Fiets","Flank","Kruispunt, 3 takken",50,"Niet brandend","Daglicht","Regen",\N,\N,"Thorbeckelaan","'s-Gravenhage","'s-Gravenhage","Zuid-Holland",false,52.066791,4.247368,"injury","2","rain",false,1,"GM0518"
"20240007639",2024,"Uitsluitend materiele schade",2,\N,"Fiets","Flank","Kruispunt, 3 takken",50,"Niet brandend","Daglicht","Droog",\N,\N,"Verwoldestraat","'s-Gravenhage","'s-Gravenhage","Zuid-Holland",false,52.05072,4.302664,"material damage only","4","clear",false,1,"GM0518"
"20240151590",2024,"Letsel",2,"Personenauto","Fiets","Voetganger","Kruispunt, 4 takken",50,"Niet brandend","Daglicht","Droog",\N,\N,"J.P.C. Leinweberstraat","Veenendaal","Veenendaal","Utrecht",false,52.029715,5.549129,"injury","2","clear",false,1,"GM0345"
"20230109887",2023,"Letsel",2,"Fiets","Voetganger","Voetganger","Kruispunt, 4 takken",30,"Brandend","Schemer",\N,\N,"332161025","Aragorn","Geldrop","Geldrop-Mierlo","Noord-Brabant",false,51.413778,5.547432,"injury","2","unknown",false,1,"GM1771"
"20230112277",2023,"Letsel",2,"Fiets","Personenauto","Flank","Rechte weg",50,"Brandend","Duisternis","Droog",\N,"173322005","Prinsenweg","Wassenaar","Wassenaar","Zuid-Holland",false,52.134974,4.391391,"injury","2","clear",false,1,"GM0629"
"20240000836",2024,"Uitsluitend materiele schade",2,"Snorfiets","Fiets","Onbekend","Kruispunt, 4 takken",\N,"Niet brandend","Schemer","Droog",\N,\N,"Dordtselaan","Rotterdam","Rotterdam","Zuid-Holland",false,51.895453,4.494303,"material damage only","4","clear",false,1,"GM0599"
"20240004897",2024,"Letsel",2,"Personenauto","Fiets","Flank","Rotonde",50,"Niet brandend","Daglicht","Droog","Tunnel",\N,"Beneluxweg","Groningen","Groningen","Groningen",false,53.213603,6.594212,"injury","2","clear",false,1,"GM0014"
"20240008563",2024,"Letsel",2,"Personenauto","Fiets","Flank","Kruispunt, 4 takken",50,"Brandend","Duisternis","Droog",\N,\N,"Hugo de Grootlaan","Zoetermeer","Zoetermeer","Zuid-Holland",false,52.06857,4.528166,"injury","2","clear",false,1,"GM0637"
"20240010912",2024,"Uitsluitend materiele schade",2,"Personenauto","Fiets","Flank","Kruispunt, 4 takken",50,"Niet brandend","Daglicht","Droog",\N,\N,"Lieven de Keylaan","Hilversum","Hilversum","Noord-Holland",false,52.237018,5.191175,"material damage only","4","clear",false,1,"GM0402"
"20230110519",2023,"Letsel",2,"Bus","e-bike","Flank","Rotonde",50,"Brandend","Duisternis","Droog",\N,\N,"Industrieweg","Mierlo","Geldrop-Mierlo","Noord-Brabant",false,51.446537,5.618081,"injury","2","clear",false,1,"GM1771"
"20240011894",2024,"Letsel",2,"Bestelauto","Fiets","Onbekend","Kruispunt, 4 takken",60,"Niet brandend","Daglicht","Regen",\N,\N,"Zuidereind","Baarn","Baarn","Utrecht",false,52.218649,5.309951,"injury","2","rain",false,1,"GM0308"
"20230111125",2023,"Uitsluitend materiele schade",2,"Personenauto","Fiets","Flank","Kruispunt, 4 takken",30,"Niet brandend","Daglicht","Droog",\N,\N,"Ruyschstraat","Amsterdam","Amsterdam","Noord-Holland",false,52.358822,4.915174,"material damage only","4","clear",false,1,"GM0363"
"20240006175",2024,"Uitsluitend materiele schade",2,"Fiets","Fiets","Frontaal","Rechte weg",50,"Brandend","Schemer","Droog",\N,"600665814","Amsterdamsestraatweg","Utrecht","Utrecht","Utrecht",false,52.116333,5.073143,"material damage only","4","clear",false,1,"GM0344"
"20240008617",2024,"Letsel",1,"Fiets",\N,"Eenzijdig","Rechte weg",50,"Niet brandend","Duisternis","Droog","Bus-/Tramhalte","600105576","Hobbemaplein","'s-Gravenhage","'s-Gravenhage","Zuid-Holland",false,52.066974,4.296967,"injury","2","clear",false,1,"GM0518"
"20240011909",2024,"Letsel",2,"Personenauto","Fiets","Flank","Rechte weg",30,"Niet brandend","Daglicht","Regen",\N,"345298030","Keesomstraat","Ede","Ede","Gelderland",false,52.03117,5.646309,"injury","2","rain",false,1,"GM0228"
"20240022753",2024,"Uitsluitend materiele schade",2,"Personenauto","Fiets","Flank","Rechte weg",50,"Niet brandend","Daglicht","Droog",\N,"600926298","Plattendijk","Hellevoetsluis","Voorne aan Zee","Zuid-Holland",false,51.825162,4.158142,"material damage only","4","clear",false,1,"GM1992"
"20240152374",2024,"Uitsluitend materiele schade",2,"Fiets","Personenauto","Frontaal","Kruispunt, 3 takken",30,"Niet aanwezig","Daglicht","Droog",\N,\N,"Bessemerstraat","Amsterdam","Amsterdam","Noord-Holland",false,52.351605,4.924415,"material damage only","4","clear",false,1,"GM0363"
"20240154985",2024,"Uitsluitend materiele schade",1,"Fiets",\N,"Eenzijdig","Kruispunt, 4 takken",50,"Niet brandend","Schemer","Droog",\N,\N,"Stationsweg","Zwijndrecht","Zwijndrecht","Zuid-Holland",false,51.814587,4.644361,"material damage only","4","clear",false,1,"GM0642"
"20230110007",2023,"Uitsluitend materiele schade",2,"Personenauto","Fiets","Onbekend","Kruispunt, 3 takken",15,"Niet brandend","Daglicht","Regen",\N,\N,"Steenbroek","Breda","Breda","Noord-Brabant",false,51.603713,4.733063,"material damage only","4","rain",false,1,"GM0758"
"20240001781",2024,"Letsel",2,"Personenauto","Fiets","Flank","Kruispunt, 4 takken",50,"Brandend","Schemer","Droog",\N,\N,"Koenraad van Zwabenstr","Rotterdam","Rotterdam","Zuid-Holland",false,51.898515,4.545607,"injury","2","clear",false,1,"GM0599"
"20240008654",2024,"Letsel",1,"Fiets",\N,"Onbekend","Rechte weg",30,"Brandend","Duisternis","Droog",\N,"600919179","Wilhelminakade","Groningen","Groningen","Groningen",false,53.219399,6.548264,"injury","2","clear",false,1,"GM0014"
"20240022894",2024,"Letsel",2,"Personenauto","Fiets","Flank","Kruispunt, 3 takken",50,"Niet brandend","Daglicht","Droog",\N,"166264078","Vondelingenweg","Vondelingenplaat Rotterdam","Rotterdam","Zuid-Holland",false,51.875538,4.345877,"injury","2","clear",false,1,"GM0599"
"20240023553",2024,"Letsel",2,"Fiets","Personenauto","Flank","Rechte weg",30,"Niet brandend","Schemer","Droog",\N,"212252017","Eilandstraat","Papendrecht","Papendrecht","Zuid-Holland",false,51.824646,4.682492,"injury","2","clear",false,1,"GM0590"
"20240001300",2024,"Letsel",2,"Fiets","Personenauto","Onbekend","Rotonde",50,"Niet brandend","Daglicht","Droog",\N,\N,"Dubbeldamseweg Zuid","Dordrecht","Dordrecht","Zuid-Holland",false,51.801985,4.68049,"injury","2","clear",false,1,"GM0505"
"20240003353",2024,"Uitsluitend materiele schade",2,"Bestelauto","Fiets","Flank","Kruispunt, 4 takken",50,"Brandend","Duisternis","Regen",\N,\N,"Floresstraat","Zwolle","Zwolle","Overijssel",false,52.522691,6.115988,"material damage only","4","rain",false,1,"GM0193"
"20240003839",2024,"Uitsluitend materiele schade",2,"Personenauto","Fiets","Frontaal","Bocht",30,"Niet brandend","Daglicht","Droog",\N,"391335015","Voldersdreef","Apeldoorn","Apeldoorn","Gelderland",false,52.198397,5.984034,"material damage only","4","clear",false,1,"GM0200"
"20240024010",2024,"Uitsluitend materiele schade",2,"Fiets","Personenauto","Flank","Kruispunt, 4 takken",50,"Niet brandend","Daglicht","Droog",\N,\N,"Drie Decembersingel","Venlo","Venlo","Limburg",false,51.367619,6.137671,"material damage only","4","clear",false,1,"GM0983"
"20240152461",2024,"Letsel",1,"Fiets",\N,"Onbekend",\N,30,\N,"Daglicht",\N,\N,"198302062","Schapenweide","Moerkapelle","Zuidplas","Zuid-Holland",false,52.044784,4.57395,"injury","2","unknown",false,1,"GM1892"
"20240153102",2024,"Letsel",1,"Fiets",\N,"Onbekend","Bocht",50,"Brandend","Duisternis","Droog",\N,"226441077","Columbuspad","Alkmaar","Alkmaar","Noord-Holland",false,52.674059,4.767744,"injury","2","clear",false,1,"GM0361"
"20230111241",2023,"Uitsluitend materiele schade",2,"Fiets","Personenauto","Onbekend","Rotonde",50,"Brandend","Duisternis","Droog",\N,\N,"Bestevaerstraat","Alkmaar","Alkmaar","Noord-Holland",false,52.618439,4.759789,"material damage only","4","clear",false,1,"GM0361"
"20240001839",2024,"Uitsluitend materiele schade",2,"Personenauto","Fiets","Flank","Rotonde",50,"Brandend","Duisternis","Droog",\N,"253255057","Eike's Hof","Gorinchem","Gorinchem","Zuid-Holland",false,51.835717,4.977273,"material damage only","4","clear",false,1,"GM0512"
"20240005628",2024,"Letsel",2,"Bromfiets","Fiets","Frontaal","Rechte weg",50,"Niet aanwezig","Schemer","Droog",\N,"600694338","Venneweg","Hoorn","Hoorn","Noord-Holland",false,52.641393,5.026731,"injury","2","clear",false,1,"GM0405"
"20240012623",2024,"Letsel",2,"Fiets","Fiets","Onbekend","Rechte weg",50,"Niet brandend","Daglicht","Droog",\N,"600440138","Bleiswijksepad","Zoetermeer","Zoetermeer","Zuid-Holland",false,52.045532,4.505468,"injury","2","clear",false,1,"GM0637"
"20230111870",2023,"Uitsluitend materiele schade",2,"Personenauto","Fiets","Geparkeerd voertuig","Rechte weg",30,"Brandend","Duisternis","Droog",\N,"249378140","Beemsterstraat","Amsterdam","Amsterdam","Noord-Holland",false,52.390515,4.946125,"material damage only","4","clear",false,1,"GM0363"
"20240018972",2024,"Letsel",2,"Bromfiets","Fiets","Flank","Kruispunt, 3 takken",30,"Niet brandend","Daglicht","Droog",\N,\N,"Kwadijk","Kwadijk","Edam-Volendam","Noord-Holland",false,52.529002,4.976256,"injury","2","clear",false,1,"GM0385"
"20240009472",2024,"Uitsluitend materiele schade",2,"Personenauto","Fiets","Flank","Rotonde",30,"Niet brandend","Daglicht","Regen",\N,\N,"Elzenlaan","Raalte","Raalte","Overijssel",false,52.38093,6.277996,"material damage only","4","rain",false,1,"GM0177"
"20240013886",2024,"Uitsluitend materiele schade",2,"Personenauto","Fiets","Onbekend",\N,50,\N,"Daglicht",\N,\N,\N,"Nispensestraat","Roosendaal","Roosendaal","Noord-Brabant",false,51.528063,4.459826,"material damage only","4","unknown",false,1,"GM1674"
"20230113119",2023,"Letsel",1,"Fiets",\N,"Eenzijdig","Rechte weg",50,"Brandend","Duisternis",\N,\N,"601022523","Bodegraafsestraatweg","Gouda","Gouda","Zuid-Holland",false,52.03352,4.719455,"injury","2","unknown",false,1,"GM0513"
"20240003077",2024,"Uitsluitend materiele schade",2,"Personenauto","Fiets","Frontaal","Rotonde",50,"Brandend","Daglicht","Regen",\N,\N,"Pastoor Stassenstraat","Venlo","Venlo","Limburg",false,51.362817,6.147647,"material damage only","4","rain",false,1,"GM0983"
"20240005815",2024,"Uitsluitend materiele schade",2,"Fiets","Voetganger","Voetganger","Kruispunt, 4 takken",30,"Brandend","Duisternis","Regen",\N,\N,"Vredenburg","Utrecht","Utrecht","Utrecht",false,52.093133,5.114765,"material damage only","4","rain",false,1,"GM0344"