"accident_id","year","severity_raw","party_count","party1_type","party2_type","accident_type","road_situation","speed_limit_kmh","road_lighting","light_condition_label","weather_raw","infra_type","road_segment_id","street_name","place_name","gemeente_name_raw","province","alcohol_indicated","latitude","longitude","severity_label","severity_code","weather_label","built_up_area","cyclists_involved","gemeente_code"
"20240038705",2024,"Uitsluitend materiele schade",2,"Personenauto","Fiets","Onbekend","Bocht",50,"Niet brandend","Daglicht","Droog",\N,"290311058","Bergweg","Zeist","Zeist","Utrecht",false,52.08959,5.24192,"material damage only","4","clear",false,1,"GM0355"
"20240035824",2024,"Uitsluitend materiele schade",2,"Fiets","Fiets","Kop/staart","Rechte weg",30,"Niet brandend","Daglicht","Droog",\N,"406405010","Wilhelminasingel","Zwolle","Zwolle","Overijssel",false,52.511351,6.097757,"material damage only","4","clear",false,1,"GM0193"
"20240020136",2024,"Uitsluitend materiele schade",2,"Personenauto","Fiets","Flank","Kruispunt, 4 takken",50,"Niet brandend","Daglicht","Droog",\N,\N,"BOS EN LOMMER 3","Amsterdam","Amsterdam","Noord-Holland",false,52.38475,4.845306,"material damage only","4","clear",false,1,"GM0363"
"20230004328",2023,"Letsel",1,"Fiets",\N,"Eenzijdig","Kruispunt, 3 takken",50,"Niet brandend","Daglicht","Droog",\N,"600993961","Engelenburg","Haarlem","Haarlem","Noord-Holland",false,52.352803,4.65373,"injury","2","clear",false,1,"GM0392"
"20240039414",2024,"Dodelijk",2,"Fiets","Fiets","Flank","Kruispunt, 4 takken",30,"Niet brandend","Daglicht","Regen",\N,\N,"Columbusweg","Amersfoort","Amersfoort","Utrecht",false,52.159671,5.402249,"fatal","1","rain",false,1,"GM0307"
"20240032273",2024,"Letsel",1,"Fiets",\N,"Eenzijdig","Rechte weg",30,"Brandend","Duisternis","Droog",\N,"149283090","Honderdland","Maasdijk","Westland","Zuid-Holland",false,51.959145,4.222658,"injury","2","clear",false,1,"GM1783"
"20240030606",2024,"Letsel",2,"Fiets","Fiets","Kop/staart","Rechte weg",50,"Niet brandend","Daglicht","Droog",\N,"600602625","Ouddiemerlaan","Diemen","Diemen","Noord-Holland",false,52.342267,4.964699,"injury","2","clear",false,1,"GM0384"
"20240032902",2024,"Letsel",2,"Snorfiets","Fiets","Onbekend","Rechte weg",50,"Niet brandend","Daglicht","Droog",\N,\N,"FIETSPAD","Gouda","Gouda","Zuid-Holland",false,52.007067,4.720686,"injury","2","clear",false,1,"GM0513"
"20240036321",2024,"Uitsluitend materiele schade",2,"Personenauto","Fiets","Flank","Rechte weg",30,"Niet brandend","Daglicht","Droog","Brug/viaduct","601016340","Wirdumerdijk","Leeuwarden","Leeuwarden","Friesland",false,53.198639,5.796678,"material damage only","4","clear",false,1,"GM0080"
"20240042957",2024,"Letsel",2,"Bestelauto","Fiets","Flank","Kruispunt, 3 takken",50,"Niet brandend","Daglicht","Droog",\N,\N,"Zoeterwoudseweg","Leiden","Leiden","Zuid-Holland",false,52.148045,4.485606,"injury","2","clear",false,1,"GM0546"
"20220155725",2022,"Letsel",3,"Personenauto","e-bike","Onbekend","Rotonde",50,"Niet brandend","Daglicht","Droog",\N,\N,"Oostoever","Amsterdam","Amsterdam","Noord-Holland",false,52.370325,4.830819,"injury","2","clear",false,1,"GM0363"
"20220175724",2022,"Letsel",2,"Personenauto","Fiets","Flank","Kruispunt, 3 takken",50,"Niet brandend","Daglicht","Regen",\N,\N,"Groningenlaan","Haarlem","Haarlem","Noord-Holland",false,52.354183,4.654609,"injury","2","rain",false,1,"GM0392"
"20220176765",2022,"Uitsluitend materiele schade",2,"Bestelauto","Fiets","Flank","Rotonde",50,"Niet brandend","Daglicht","Droog",\N,\N,"Arubastraat","Amsterdam","Amsterdam","Noord-Holland",false,52.360093,4.853104,"material damage only","4","clear",false,1,"GM0363"
"20220130608",2022,"Letsel",2,"Personenauto","Fiets","Flank","Kruispunt, 3 takken",30,"Niet brandend","Daglicht",\N,\N,\N,"Dorpsstraat","Woensdrecht","Woensdrecht","Noord-Brabant",false,51.428704,4.297842,"injury","2","unknown",false,1,"GM0873"
"20220143365",2022,"Letsel",3,"Bestelauto","Fiets","Onbekend","Rechte weg",50,"Niet brandend","Daglicht","Droog",\N,\N,"Beresteinlaan","'s-Gravenhage","'s-Gravenhage","Zuid-Holland",false,52.039906,4.257179,"injury","2","clear",false,1,"GM0518"
"20220145607",2022,"Letsel",2,"Personenauto","e-bike","Flank","Kruispunt, 3 takken",50,"Niet brandend","Daglicht","Droog",\N,\N,"Zwaluwenlaan","Vlaardingen","Vlaardingen","Zuid-Holland",false,51.931254,4.359287,"injury","2","clear",false,1,"GM0622"
"20220145614",2022,"Uitsluitend materiele schade",1,"Fiets",\N,"Onbekend",\N,30,\N,"Daglicht",\N,\N,"193302012","Prismalaan Oost","Bleiswijk","Lansingerland","Zuid-Holland",false,52.047924,4.544058,"material damage only","4","unknown",false,1,"GM1621"
"20220149258",2022,"Uitsluitend materiele schade",2,"Personenauto","Fiets","Flank","Kruispunt, 4 takken",60,"Niet brandend","Daglicht","Droog",\N,\N,"HOOIDONKBRUG","Son en Breugel","Son en Breugel","Noord-Brabant",false,51.506486,5.509843,"material damage only","4","clear",false,1,"GM0848"
"20220154816",2022,"Uitsluitend materiele schade",2,"Personenauto","Fiets","Flank","Rechte weg",30,"Niet brandend","Daglicht","Droog",\N,\N,"Zeekraal","De Koog","Texel","Noord-Holland",false,53.099634,4.765011,"material damage only","4","clear",false,1,"GM0448"
"20220179581",2022,"Letsel",2,"Personenauto","e-bike","Geparkeerd voertuig","Rechte weg",60,"Niet brandend","Daglicht","Droog",\N,"600998156","Noordeinde","Zevenhuizen","Zuidplas","Zuid-Holland",false,52.019663,4.579748,"injury","2","clear",false,1,"GM1892"
"20220180871",2022,"Letsel",2,"Bromfiets","e-bike","Flank","Kruispunt, 4 takken",50,"Niet brandend","Daglicht","Droog",\N,\N,"Stalpaert vd Wieleweg","Delft","Delft","Zuid-Holland",false,52.013135,4.368062,"injury","2","clear",false,1,"GM0503"
"20220185715",2022,"Uitsluitend materiele schade",1,"Fiets",\N,"Frontaal","Rechte weg",30,"Niet brandend","Daglicht","Droog",\N,"268192151","Emmastraat","Tilburg","Tilburg","Noord-Brabant",false,51.55575,5.09004,"material damage only","4","clear",false,1,"GM0855"
"20220121851",2022,"Uitsluitend materiele schade",2,"Bromfiets","Fiets","Flank","Kruispunt, 3 takken",30,"Niet brandend","Daglicht","Droog",\N,\N,"Breelaan","Bergen (NH)","Bergen (NH)","Noord-Holland",false,52.67071,4.700715,"material damage only","4","clear",false,1,\N
"20220123220",2022,"Letsel",2,"Bestelauto","Fiets","Kop/staart","Rechte weg",50,"Brandend","Schemer","Droog",\N,"242375162","Nieuwezijds Voorburgwal","Amsterdam","Amsterdam","Noord-Holland",false,52.375678,4.892909,"injury","2","clear",false,1,"GM0363"
"20220129160",2022,"Uitsluitend materiele schade",2,"Personenauto","Fiets","Flank","Kruispunt, 4 takken",30,"Niet brandend","Daglicht","Droog",\N,\N,"Acer Flamingolaan","Oudenbosch","Halderberge","Noord-Brabant",false,51.584453,4.537369,"material damage only","4","clear",false,1,"GM1655"
"20220140468",2022,"Letsel",1,"Fiets",\N,"Eenzijdig","Rechte weg",50,"Niet brandend","Schemer","Droog",\N,"201391014","Orionweg","IJmuiden","Velsen","Noord-Holland",false,52.449108,4.589565,"injury","2","clear",false,1,"GM0453"
"20220145705",2022,"Letsel",3,"Personenauto","Fiets","Onbekend","Rechte weg",50,"Niet brandend","Daglicht","Droog",\N,"600720684","Scheepvaartweg","Schiedam","Schiedam","Zuid-Holland",false,51.942763,4.368302,"injury","2","clear",false,1,"GM0606"
"20220154848",2022,"Letsel",2,"Snorfiets","Fiets","Flank","Kruispunt, 3 takken",30,"Niet brandend","Daglicht","Droog",\N,\N,"Zandvoortselaan","Heemstede","Heemstede","Noord-Holland",false,52.359537,4.610627,"injury","2","clear",false,1,"GM0397"
"20220157109",2022,"Letsel",2,"Bromfiets","Fiets","Frontaal","Rechte weg",50,"Brandend","Duisternis","Droog",\N,"185327059","Haagweg","Leiden","Leiden","Zuid-Holland",true,52.15873,4.475547,"injury","2","clear",false,1,"GM0546"
"20220173359",2022,"Letsel",3,"e-bike","Fiets","Onbekend","Kruispunt, 4 takken",\N,"Niet brandend","Daglicht","Droog",\N,\N,"Het Rond","Houten","Houten","Utrecht",false,52.034769,5.169293,"injury","2","clear",false,1,"GM0321"
"20220120637",2022,"Uitsluitend materiele schade",2,"Personenauto","Fiets","Flank","Kruispunt, 3 takken",50,"Niet brandend","Daglicht","Regen",\N,\N,"Candialaan","Rhenen","Rhenen","Utrecht",false,51.956987,5.581121,"material damage only","4","rain",false,1,"GM0340"
"20220126717",2022,"Letsel",1,"Fiets",\N,"Eenzijdig","Rechte weg",30,"Niet brandend","Daglicht","Droog",\N,"158315086","Scheveningseweg","'s-Gravenhage","'s-Gravenhage","Zuid-Holland",false,52.101307,4.28016,"injury","2","clear",false,1,"GM0518"
"20220132011",2022,"Letsel",3,"Personenauto","e-bike","Los voorwerp","Kruispunt, 3 takken",50,"Niet brandend","Daglicht","Droog",\N,\N,"Brugseheide","Valkenswaard","Valkenswaard","Noord-Brabant",false,51.336571,5.469035,"injury","2","clear",false,1,"GM0858"
"20220157253",2022,"Letsel",2,"Fiets","Overig vast object","Vast voorwerp","Rechte weg",30,"Niet brandend","Daglicht","Droog",\N,"181286006","Rodenrijseweg","Berkel en Rodenrijs","Lansingerland","Zuid-Holland",false,51.973772,4.453511,"injury","2","clear",false,1,"GM1621"
"20220180332",2022,"Letsel",1,"Fiets",\N,"Eenzijdig","Rechte weg",30,"Niet brandend","Daglicht","Droog",\N,"600713131","Tramstraat","'s-Gravenhage","'s-Gravenhage","Zuid-Holland",false,52.054139,4.234747,"injury","2","clear",false,1,"GM0518"
"20220184857",2022,"Letsel",2,"Personenauto","Fiets","Flank","Kruispunt, 4 takken",30,"Niet brandend","Daglicht","Droog",\N,\N,"Rochussenstraat","Rotterdam","Rotterdam","Zuid-Holland",false,51.910635,4.459612,"injury","2","clear",false,1,"GM0599"
"20220125935",2022,"Uitsluitend materiele schade",2,"Personenauto","Fiets","Flank","Rechte weg",50,"Brandend","Duisternis","Droog",\N,\N,"Rederserf","'s-Gravenhage","'s-Gravenhage","Zuid-Holland",false,52.111516,4.279276,"material damage only","4","clear",false,1,"GM0518"
"20220137954",2022,"Letsel",2,"Bromfiets","Fiets","Flank","Kruispunt, 4 takken",30,"Niet brandend","Daglicht","Droog",\N,\N,"Prof. Leonard Fuchslaan","Utrecht","Utrecht","Utrecht",false,52.104854,5.126702,"injury","2","clear",false,1,"GM0344"
"20220140659",2022,"Uitsluitend materiele schade",2,"Bromfiets","Fiets","Frontaal",\N,30,"Niet brandend","Daglicht","Droog",\N,"600743420","Vinkenburgpad","Hoofddorp","Haarlemmermeer","Noord-Holland",false,52.30106,4.651817,"material damage only","4","clear",false,1,"GM0394"
"20220198284",2022,"Uitsluitend materiele schade",2,"Personenauto","Fiets","Flank","Rechte weg",50,"Niet brandend","Daglicht","Droog",\N,"600254145","Oranjestraat","Holten","Rijssen-Holten","Overijssel",false,52.279131,6.427391,"material damage only","4","clear",false,1,"GM1742"
"20220116733",2022,"Uitsluitend materiele schade",2,"Personenauto","Fiets","Frontaal","Rechte weg",50,"Niet brandend","Daglicht","Droog",\N,\N,"B.A.A. Engelbertinklaan","Oldenzaal","Oldenzaal","Overijssel",false,52.317505,6.921725,"material damage only","4","clear",false,1,"GM0173"
"20220126921",2022,"Uitsluitend materiele schade",2,"Personenauto","Fiets","Flank","Kruispunt, 3 takken",30,"Niet brandend","Daglicht","Droog",\N,\N,"Schenkeldijk","Rhoon","Albrandswaard","Zuid-Holland",false,51.841973,4.449381,"material damage only","4","clear",false,1,"GM0613"
"20220136120",2022,"Letsel",2,"Personenauto","Fiets","Flank","Kruispunt, 3 takken",60,"Niet brandend","Daglicht","Droog",\N,\N,"Langevoortsweg","Enter","Wierden","Overijssel",false,52.29844,6.601855,"injury","2","clear",false,1,"GM0189"
"20220149576",2022,"Uitsluitend materiele schade",2,"Bromfiets","Fiets","Kop/staart","Rotonde",\N,"Niet brandend","Daglicht","Droog",\N,\N,"Limburglaan","Eindhoven","Eindhoven","Noord-Brabant",false,51.42844,5.459718,"material damage only","4","clear",false,1,"GM0772"
"20220174981",2022,"Uitsluitend materiele schade",2,"Personenauto","Fiets","Flank","Kruispunt, 3 takken",50,"Niet brandend","Daglicht","Droog",\N,\N,"Westerdreef","Nieuw-Vennep","Haarlemmermeer","Noord-Holland",false,52.269919,4.628193,"material damage only","4","clear",false,1,"GM0394"
"20220198653",2022,"Uitsluitend materiele schade",2,"Personenauto","Fiets","Flank","Kruispunt, 4 takken",50,"Niet brandend","Daglicht","Droog",\N,\N,"Melodiestraat","Enschede","Enschede","Overijssel",false,52.209272,6.973256,"material damage only","4","clear",false,1,"GM0153"
"20220143753",2022,"Letsel",2,"Bestelauto","Fiets","Flank","Bocht",50,"Niet brandend","Daglicht","Droog",\N,"157316176","Wassenaarsestraat","'s-Gravenhage","'s-Gravenhage","Zuid-Holland",false,52.107003,4.273069,"injury","2","clear",false,1,"GM0518"
"20220169912",2022,"Uitsluitend materiele schade",2,"Bromfiets","Fiets","Flank","Kruispunt, 3 takken",50,"Niet brandend","Daglicht","Droog",\N,\N,"Velperweg","Arnhem","Arnhem","Gelderland",false,51.990518,5.941245,"material damage only","4","clear",false,1,"GM0202"
"20220172458",2022,"Uitsluitend materiele schade",2,"Personenauto","Fiets","Flank","Kruispunt, 4 takken",50,"Niet brandend","Daglicht","Droog",\N,\N,"Stadionlaan","Utrecht","Utrecht","Utrecht",false,52.079712,5.141527,"material damage only","4","clear",false,1,"GM0344"
"20220181181",2022,"Letsel",1,"Fiets",\N,"Eenzijdig","Rechte weg",30,"Niet brandend","Daglicht","Droog",\N,"600371727","Rapenburg","Leiden","Leiden","Zuid-Holland",false,52.159783,4.485049,"injury","2","clear",false,1,"GM0546"
"20220187399",2022,"Uitsluitend materiele schade",2,"Personenauto","Fiets","Flank","Rechte weg",50,"Niet brandend","Daglicht","Droog",\N,\N,"Emmabaan","Koewacht","Terneuzen","Zeeland",false,51.230002,3.967819,"material damage only","4","clear",false,1,"GM0715"
"20220197207",2022,"Letsel",2,"Bromfiets","Fiets","Onbekend","Kruispunt, 4 takken",\N,"Niet brandend","Duisternis","Droog",\N,\N,"Kruislandstraat","Haaksbergen","Haaksbergen","Overijssel",false,52.153241,6.727471,"injury","2","clear",false,1,"GM0158"
"20220116987",2022,"Uitsluitend materiele schade",1,"Fiets",\N,"Eenzijdig","Bocht",50,"Niet brandend","Daglicht","Droog",\N,"449327051","Zutphenseweg","Lochem","Lochem","Gelderland",false,52.155909,6.410131,"material damage only","4","clear",false,1,"GM0262"
"20220131272",2022,"Uitsluitend materiele schade",2,"Fiets","Personenauto","Flank","Rechte weg",50,"Niet brandend","Daglicht","Droog",\N,"315162004","De Run","Veldhoven","Veldhoven","Noord-Brabant",false,51.420495,5.425106,"material damage only","4","clear",false,1,"GM0861"
"20220139415",2022,"Letsel",2,"Personenauto","Fiets","Flank","Kruispunt, 4 takken",50,"Niet brandend","Daglicht","Droog",\N,\N,"Breestraat","Beverwijk","Beverwijk","Noord-Holland",false,52.48334,4.660305,"injury","2","clear",false,1,"GM0375"
"20220143803",2022,"Letsel",2,"Fiets","Overig vast object","Vast voorwerp","Rechte weg",30,"Brandend","Duisternis","Droog",\N,"169295176","Oude Langendijk","Delft","Delft","Zuid-Holland",false,52.01203,4.361205,"injury","2","clear",false,1,"GM0503"
"20220163443",2022,"Uitsluitend materiele schade",2,"Bestelauto","Fiets","Flank","Rotonde",30,"Niet brandend","Daglicht","Droog",\N,\N,"Italiëstraat","Lent","Nijmegen","Gelderland",false,51.868114,5.852035,"material damage only","4","clear",false,1,"GM0268"
"20220118618",2022,"Uitsluitend materiele schade",2,"Snorfiets","Fiets","Flank","Kruispunt, 4 takken",30,"Niet brandend","Daglicht","Droog",\N,\N,"Pannekoekendijk","Zwolle","Zwolle","Overijssel",false,52.514355,6.087126,"material damage only","4","clear",false,1,"GM0193"
"20220135355",2022,"Letsel",2,"Bromfiets","Fiets","Flank","Kruispunt, 3 takken",30,"Niet brandend","Daglicht","Droog",\N,\N,"Grotestraat","Borne","Borne","Overijssel",false,52.301159,6.75505,"injury","2","clear",false,1,"GM0147"
"20220173825",2022,"Uitsluitend materiele schade",2,"Personenauto","Fiets","Flank","Kruispunt, 4 takken",50,"Niet brandend","Daglicht","Droog",\N,\N,"Jan Gijzenkade","Haarlem","Haarlem","Noord-Holland",false,52.410024,4.651044,"material damage only","4","clear",false,1,"GM0392"
"20220186398",2022,"Uitsluitend materiele schade",2,"Bestelauto","Fiets","Flank","Rechte weg",50,"Niet brandend","Daglicht","Droog",\N,"232201025","Takkebijsters","Breda","Breda","Noord-Brabant",false,51.595843,4.830117,"material damage only","4","clear",false,1,"GM0758"
"20220194110",2022,"Letsel",2,"Personenauto","Fiets","Flank","Kruispunt, 4 takken",50,"Brandend","Duisternis","Regen",\N,\N,"Dingspellaan","Emmen","Emmen","Drenthe",false,52.780438,6.92705,"injury","2","rain",false,1,"GM0114"
"20220189095",2022,"Letsel",2,"Personenauto","Fiets","Flank","Kruispunt, 4 takken",30,"Niet brandend","Daglicht","Droog",\N,\N,"Stationsstraat","Drunen","Heusden","Noord-Brabant",false,51.690517,5.131813,"injury","2","clear",false,1,"GM0797"
"20220119658",2022,"Uitsluitend materiele schade",2,"Personenauto","Fiets","Flank","Rechte weg",30,"Niet brandend","Daglicht","Droog",\N,\N,"Jan Stadelaarstraat","Kortenhoef","Wijdemeren","Noord-Holland",false,52.240651,5.119163,"material damage only","4","clear",false,1,"GM1696"
"20220123800",2022,"Letsel",2,"Personenauto","Fiets","Flank","Kruispunt, 3 takken",50,"Brandend","Schemer","Droog",\N,\N,"Mozes en Aäronstraat","Amsterdam","Amsterdam","Noord-Holland",false,52.373614,4.890788,"injury","2","clear",false,1,"GM0363"
"20220125198",2022,"Letsel",4,"Personenauto","Fiets","Onbekend","Rechte weg",50,"Brandend","Duisternis","Droog",\N,"600755491","Simon van Capelweg","Noorden","Nieuwkoop","Zuid-Holland",true,52.162097,4.813464,"injury","2","clear",false,1,"GM0569"
"20220142584",2022,"Uitsluitend materiele schade",1,"Fiets",\N,"Voetganger","Rechte weg",30,"Niet brandend","Daglicht","Droog",\N,"600363079","Damstraat","Amsterdam","Amsterdam","Noord-Holland",false,52.372064,4.895227,"material damage only","4","clear",false,1,"GM0363"
"20220146071",2022,"Letsel",2,"Bromfiets","Fiets","Eenzijdig","Bocht",30,"Niet brandend","Daglicht","Droog",\N,"216253027","Visschersbuurt","Papendrecht","Papendrecht","Zuid-Holland",false,51.827359,4.710908,"injury","2","clear",false,1,"GM0590"
"20220170023",2022,"Letsel",2,"Fiets","Fiets","Onbekend","Rechte weg",15,"Brandend","Daglicht","Droog",\N,"600874803","Bruchterweg","Hardenberg","Hardenberg","Overijssel",false,52.564493,6.621376,"injury","2","clear",false,1,"GM0160"
"20220173952",2022,"Letsel",3,"Fiets","Fiets","Onbekend","Rechte weg",50,"Niet brandend","Daglicht","Droog",\N,"228367029","Nieuwemeerdijk","Badhoevedorp","Haarlemmermeer","Noord-Holland",false,52.340368,4.791958,"injury","2","clear",false,1,"GM0394"
"20220180734",2022,"Letsel",2,"Personenauto","Fiets","Onbekend","Kruispunt, 4 takken",50,"Niet brandend","Daglicht","Regen",\N,\N,"Prins Mauritslaan","'s-Gravenhage","'s-Gravenhage","Zuid-Holland",false,52.093822,4.279936,"injury","2","rain",false,1,"GM0518"
"20220189156",2022,"Uitsluitend materiele schade",2,"Personenauto","e-bike","Flank","Kruispunt, 3 takken",70,"Niet brandend","Daglicht","Regen",\N,\N,"Geldropseweg","Eindhoven","Eindhoven","Noord-Brabant",false,51.428763,5.519144,"material damage only","4","rain",false,1,"GM0772"
"20220189921",2022,"Uitsluitend materiele schade",2,"Personenauto","Fiets","Flank","Rotonde",50,"Niet aanwezig","Daglicht","Droog",\N,\N,"Parkstraat","Venlo","Venlo","Limburg",false,51.372687,6.172559,"material damage only","4","clear",false,1,"GM0983"
"20220131465",2022,"Uitsluitend materiele schade",2,"Personenauto","Fiets","Flank","Rotonde",50,"Brandend","Daglicht","Droog",\N,\N,"Primulalaan","Waalre","Waalre","Noord-Brabant",false,51.40051,5.470265,"material damage only","4","clear",false,1,"GM0866"
"20220131475",2022,"Letsel",2,"Personenauto","Fiets","Flank","Kruispunt, 3 takken",60,"Niet brandend","Daglicht","Droog",\N,\N,"Vestingstraat","Oudheusden","Heusden","Noord-Brabant",false,51.724302,5.130276,"injury","2","clear",false,1,"GM0797"
"20220136483",2022,"Uitsluitend materiele schade",2,"Personenauto","Fiets","Flank","Kruispunt, 3 takken",80,"Niet brandend","Daglicht","Droog",\N,\N,"Breedlersestraat","Elst","Lingewaard","Gelderland",false,51.908373,5.891664,"material damage only","4","clear",false,1,"GM1705"
"20220145230",2022,"Letsel",1,"Fiets",\N,"Eenzijdig","Rechte weg",30,"Brandend","Duisternis","Droog",\N,"600722846","Fonteinkruid","Nootdorp","Pijnacker-Nootdorp","Zuid-Holland",false,52.044462,4.399355,"injury","2","clear",false,1,"GM1926"
"20220147114",2022,"Uitsluitend materiele schade",2,\N,"Fiets","Onbekend","Kruispunt, 3 takken",60,\N,"Daglicht",\N,\N,\N,"Lage wal","Goirle","Goirle","Noord-Brabant",false,51.537222,5.106334,"material damage only","4","unknown",false,1,"GM0785"
"20220159264",2022,"Uitsluitend materiele schade",2,"Personenauto","Fiets","Onbekend",\N,\N,\N,"Daglicht",\N,\N,"600258433","Spoorlaan","Tilburg","Tilburg","Noord-Brabant",false,51.560206,5.082841,"material damage only","4","unknown",false,1,"GM0855"
"20220162010",2022,"Uitsluitend materiele schade",2,"Personenauto","Fiets","Flank","Kruispunt, 3 takken",30,"Niet brandend","Daglicht","Droog",\N,\N,"Vincent van Goghlaan","Winschoten","Oldambt","Groningen",false,53.144809,7.040952,"material damage only","4","clear",false,1,"GM1895"
"20220189031",2022,"Letsel",2,"Personenauto","Fiets","Frontaal","Kruispunt, 4 takken",30,"Niet aanwezig","Daglicht","Droog",\N,\N,"Bunderstraat","Schijndel","Meierijstad","Noord-Brabant",false,51.618551,5.427406,"injury","2","clear",false,1,"GM1948"
"20220189832",2022,"Letsel",1,"Fiets",\N,"Eenzijdig","Kruispunt, 4 takken",50,"Niet brandend","Daglicht","Droog",\N,\N,"Valkenburgerweg","Voerendaal","Voerendaal","Limburg",false,50.875902,5.933182,"injury","2","clear",false,1,"GM0986"
"20220191786",2022,"Letsel",2,"Bromfiets","e-bike","Onbekend","Rechte weg",30,"Brandend","Duisternis","Droog",\N,\N,"Rademarkt","Groningen","Groningen","Groningen",false,53.215593,6.571708,"injury","2","clear",false,1,"GM0014"
"20220191842",2022,"Letsel",2,"Fiets","Fiets","Frontaal","Rechte weg",50,"Niet aanwezig","Duisternis","Droog",\N,"419449020","Ruinerwoldseweg","Meppel","Meppel","Drenthe",true,52.706478,6.204241,"injury","2","clear",false,1,"GM0119"
"20220119867",2022,"Uitsluitend materiele schade",1,"Fiets",\N,"Onbekend","Kruispunt, 4 takken",30,"Niet brandend","Daglicht","Regen",\N,\N,"Rotterdamweg","Almere","Almere","Flevoland",false,52.361722,5.204441,"material damage only","4","rain",false,1,"GM0034"
"20220159295",2022,"Letsel",3,"Personenauto","Fiets","Los voorwerp","Kruispunt, 3 takken",50,"Niet brandend","Daglicht","Droog",\N,\N,"Muiderslotstraat","Breda","Breda","Noord-Brabant",false,51.570272,4.802284,"injury","2","clear",false,1,"GM0758"
"20220160662",2022,"Uitsluitend materiele schade",2,"Fiets","Fiets","Onbekend","Kruispunt, 4 takken",80,"Niet aanwezig","Daglicht","Droog",\N,\N,"Sint Sebastiaanskapelstr","Weert","Weert","Limburg",false,51.28105,5.710722,"material damage only","4","clear",false,1,"GM0988"
"20220162088",2022,"Uitsluitend materiele schade",2,"e-bike","Fiets","Frontaal","Rechte weg",30,"Niet brandend","Daglicht","Droog",\N,"381505036","Crackstraat","Heerenveen","Heerenveen","Friesland",false,52.961687,5.920657,"material damage only","4","clear",false,1,"GM0074"
"20220175406",2022,"Uitsluitend materiele schade",2,"Fiets","Lichtmast","Vast voorwerp","Rechte weg",30,"Niet brandend","Daglicht",\N,\N,"600757307","Middenweg","Heerhugowaard","Dijk en Waard","Noord-Holland",false,52.653999,4.816338,"material damage only","4","unknown",false,1,"GM1980"
"20220190927",2022,"Uitsluitend materiele schade",2,"Personenauto","Fiets","Flank","Bocht",60,"Niet aanwezig","Daglicht","Droog",\N,"372035003","Bergstraat","Valkenburg","Valkenburg aan de Geul","Limburg",false,50.849293,5.833497,"material damage only","4","clear",false,1,"GM0994"
"20220141465",2022,"Letsel",2,"Personenauto","e-bike","Eenzijdig","Kruispunt, 4 takken",50,"Niet brandend","Daglicht","Droog",\N,\N,"Platanenweg","Amsterdam","Amsterdam","Noord-Holland",false,52.353652,4.912773,"injury","2","clear",false,1,"GM0363"
"20220154240",2022,"Letsel",1,"Fiets",\N,"Eenzijdig","Rechte weg",\N,"Niet brandend","Daglicht","Droog",\N,"600942452","Zeeweg","Overveen","Bloemendaal","Noord-Holland",false,52.401441,4.544981,"injury","2","clear",false,1,"GM0377"
"20220154286",2022,"Uitsluitend materiele schade",1,"Fiets",\N,"Onbekend","Rechte weg",30,"Brandend","Duisternis","Droog",\N,"223432029","Waagplein","Alkmaar","Alkmaar","Noord-Holland",false,52.631452,4.750524,"material damage only","4","clear",false,1,"GM0361"
"20220156890",2022,"Letsel",1,"Fiets",\N,"Eenzijdig","Rechte weg",\N,"Niet brandend","Daglicht","Droog",\N,"169292013","Schieweg","Delft","Delft","Zuid-Holland",false,51.998238,4.365801,"injury","2","clear",false,1,"GM0503"
"20220175439",2022,"Uitsluitend materiele schade",2,"Fiets","Snorfiets","Frontaal","Rechte weg",50,"Niet aanwezig","Daglicht","Droog",\N,\N,"HONDSBOSSCHEWEG","Schoorl","Bergen (NH)","Noord-Holland",false,52.726112,4.646944,"material damage only","4","clear",false,1,\N
"20220184600",2022,"Uitsluitend materiele schade",2,"Personenauto","Fiets","Onbekend","Rechte weg",30,\N,"Daglicht","Droog",\N,"198284005","Nieuwemeer","Rotterdam","Rotterdam","Zuid-Holland",false,51.963775,4.574513,"material damage only","4","clear",false,1,"GM0599"
"20220192168",2022,"Uitsluitend materiele schade",2,"Personenauto","Fiets","Flank","Kruispunt, 4 takken",50,"Brandend","Duisternis","Droog",\N,\N,"Linnaeusplein","Groningen","Groningen","Groningen",false,53.223168,6.583114,"material damage only","4","clear",false,1,"GM0014"
"20220115653",2022,"Letsel",2,"Personenauto","Fiets","Frontaal","Rechte weg",30,"Niet brandend","Daglicht","Droog",\N,"474569010","Zonland","Groningen","Groningen","Groningen",false,53.241842,6.618002,"injury","2","clear",false,1,"GM0014"
"20220118979",2022,"Uitsluitend materiele schade",2,"Personenauto","Fiets","Onbekend","Kruispunt, 3 takken",\N,"Niet brandend","Daglicht","Droog",\N,\N,"Rosendaalseweg","Arnhem","Arnhem","Gelderland",false,51.994663,5.933361,"material damage only","4","clear",false,1,"GM0202"
"20220122852",2022,"Letsel",3,"Fiets","Fiets","Onbekend","Bocht",30,"Niet brandend","Daglicht","Droog",\N,"600757386","Hoep","Schagen","Schagen","Noord-Holland",false,52.786889,4.811835,"injury","2","clear",false,1,"GM0441"
"20220124081",2022,"Uitsluitend materiele schade",1,"Fiets",\N,"Onbekend","Rechte weg",50,"Niet aanwezig","Daglicht","Droog",\N,"600757184","Naritaweg","Amsterdam","Amsterdam","Noord-Holland",false,52.387888,4.823354,"material damage only","4","clear",false,1,"GM0363"