"accident_id","year","severity_raw","party_count","party1_type","party2_type","accident_type","road_situation","speed_limit_kmh","road_lighting","light_condition_label","weather_raw","infra_type","road_segment_id","street_name","place_name","gemeente_name_raw","province","alcohol_indicated","latitude","longitude","severity_label","severity_code","weather_label","built_up_area","cyclists_involved","gemeente_code"
"20220130407",2022,"Uitsluitend materiele schade",2,"Personenauto","Fiets","Flank","Kruispunt, 3 takken",50,"Niet brandend","Daglicht","Droog",\N,\N,"Dokter De Ramlaan","Bergen op Zoom","Bergen op Zoom","Noord-Brabant",false,51.485293,4.312176,"material damage only","4","clear",false,1,"GM0748"
"20220130413",2022,"Letsel",1,"Fiets",\N,"Eenzijdig",\N,30,\N,"Daglicht",\N,\N,\N,"Heyhoefdreef","Tilburg","Tilburg","Noord-Brabant",false,51.577884,5.001908,"injury","2","unknown",false,1,"GM0855"
"20220135677",2022,"Uitsluitend materiele schade",2,"Personenauto","Fiets","Flank","Kruispunt, 4 takken",60,"Niet aanwezig","Daglicht","Droog",\N,\N,"Vierhouterweg","Emst","Epe","Gelderland",false,52.3166,5.896824,"material damage only","4","clear",false,1,"GM0232"
"20220128809",2022,"Letsel",3,"Personenauto","Fiets","Onbekend","Kruispunt, 4 takken",50,"Brandend","Duisternis","Droog",\N,\N,"Horváthweg","Rotterdam","Rotterdam","Zuid-Holland",false,51.920213,4.417115,"injury","2","clear",false,1,"GM0599"
"20220140073",2022,"Uitsluitend materiele schade",2,"Personenauto","Fiets","Flank","Kruispunt, 3 takken",50,"Niet brandend","Daglicht","Droog",\N,\N,"Gruttolaan","Schagen","Schagen","Noord-Holland",false,52.786923,4.781419,"material damage only","4","clear",false,1,"GM0441"
"20220143131",2022,"Letsel",2,"Personenauto","e-bike","Onbekend","Kruispunt, 4 takken",50,"Niet brandend","Daglicht","Droog",\N,\N,"Vondellaan","'s-Gravenzande","Westland","Zuid-Holland",false,51.995802,4.159087,"injury","2","clear",false,1,"GM1783"
"20220150276",2022,"Letsel",3,"Fiets","Fiets","Onbekend","Rechte weg",60,"Niet brandend","Daglicht","Droog",\N,"600785959","Burg. Van Woenseldreef","Hapert","Bladel","Noord-Brabant",false,51.379451,5.254999,"injury","2","clear",false,1,"GM1728"
"20220162349",2022,"Letsel",3,"Personenauto","Fiets","Los voorwerp","Kruispunt, 4 takken",60,"Niet brandend","Daglicht","Droog",\N,\N,"Hoendiep","Enumatil","Westerkwartier","Groningen",false,53.210755,6.434882,"injury","2","clear",false,1,"GM1969"
"20220173111",2022,"Uitsluitend materiele schade",2,"Snorfiets","Fiets","Frontaal","Rechte weg",\N,"Niet brandend","Daglicht","Droog",\N,"310331019","Hoolesteeg","Amersfoort","Amersfoort","Utrecht",false,52.182226,5.392509,"material damage only","4","clear",false,1,"GM0307"
"20220186917",2022,"Letsel",1,"Fiets",\N,"Eenzijdig","Rechte weg",30,"Niet brandend","Daglicht","Droog",\N,"600716679","Antwerpsestraatweg","Hoogerheide","Woensdrecht","Noord-Brabant",false,51.431687,4.318792,"injury","2","clear",false,1,"GM0873"
"20220124171",2022,"Letsel",2,"Personenauto","Fiets","Onbekend","Rotonde",50,"Niet brandend","Daglicht","Droog",\N,\N,"Burg Van de Pollstraat","Amsterdam","Amsterdam","Noord-Holland",false,52.370854,4.831155,"injury","2","clear",false,1,"GM0363"
"20220149127",2022,"Uitsluitend materiele schade",2,"Personenauto","Fiets","Flank","Rotonde",50,"Brandend","Duisternis","Droog",\N,\N,"Aartshertogenlaan","'s-Hertogenbosch","'s-Hertogenbosch","Noord-Brabant",false,51.699346,5.312152,"material damage only","4","clear",false,1,"GM0796"
"20220151473",2022,"Letsel",2,"Personenauto","Fiets","Onbekend","Kruispunt, 3 takken",60,"Niet brandend","Daglicht","Droog",\N,\N,"Annendaalderweg","Maria Hoop","Echt-Susteren","Limburg",false,51.097988,5.99952,"injury","2","clear",false,1,"GM1711"
"20220155715",2022,"Uitsluitend materiele schade",2,"Bromfiets","e-bike","Flank","Rechte weg",30,"Niet brandend","Daglicht","Droog",\N,"600764016","Wibautstraat","Amsterdam","Amsterdam","Noord-Holland",false,52.353051,4.912784,"material damage only","4","clear",false,1,"GM0363"
"20220188143",2022,"Uitsluitend materiele schade",1,"Fiets",\N,"Eenzijdig","Rechte weg",30,"Niet brandend","Daglicht","Droog",\N,"310183055","Willem II-straat","Best","Best","Noord-Brabant",false,51.512873,5.390755,"material damage only","4","clear",false,1,"GM0753"
"20220196962",2022,"Uitsluitend materiele schade",2,"Personenauto","Fiets","Flank","Kruispunt, 3 takken",50,"Niet brandend","Daglicht","Regen",\N,\N,"Westervoortsedijk","Arnhem","Arnhem","Gelderland",false,51.972023,5.921467,"material damage only","4","rain",false,1,"GM0202"
"20220197667",2022,"Uitsluitend materiele schade",2,"Fiets","Personenauto","Kop/staart","Rotonde",50,"Niet brandend","Daglicht","Droog",\N,\N,"Heyendaalseweg","Nijmegen","Nijmegen","Gelderland",false,51.829731,5.870186,"material damage only","4","clear",false,1,"GM0268"
"20220117887",2022,"Uitsluitend materiele schade",2,"Bromfiets","Fiets","Kop/staart","Rechte weg",50,"Niet brandend","Daglicht","Droog",\N,\N,"FIETSPAD","Deventer","Deventer","Overijssel",false,52.249474,6.203539,"material damage only","4","clear",false,1,"GM0150"
"20220144513",2022,"Letsel",2,"Fiets","e-bike","Frontaal","Rechte weg",30,"Niet brandend","Daglicht","Droog",\N,"174315001","Tuinenlaan","Leidschendam","Leidschendam-Voorburg","Zuid-Holland",false,52.105379,4.404256,"injury","2","clear",false,1,"GM1916"
"20240085400",2024,"Uitsluitend materiele schade",2,"Fiets","Fiets","Flank","Kruispunt, 3 takken",60,"Niet aanwezig","Daglicht","Droog",\N,\N,"GRASBROEKSTEEG","Zoelen","Buren","Gelderland",false,51.922529,5.366906,"material damage only","4","clear",false,1,"GM0214"
"20240089347",2024,"Uitsluitend materiele schade",2,"Personenauto","Fiets","Flank","Rotonde",50,"Niet brandend","Daglicht","Droog",\N,\N,"Toneellaan","Zoetermeer","Zoetermeer","Zuid-Holland",false,52.070287,4.500197,"material damage only","4","clear",false,1,"GM0637"
"20240091906",2024,"Uitsluitend materiele schade",2,"Fiets","Fiets","Kop/staart","Rechte weg",30,\N,"Daglicht","Droog",\N,"392185025","Oude Oostrumseweg","Venray","Venray","Limburg",false,51.522772,5.98139,"material damage only","4","clear",false,1,"GM0984"
"20240092747",2024,"Letsel",2,"Fiets","Fiets","Onbekend","Bocht",50,"Niet brandend","Daglicht","Droog",\N,"295210001","Esscheweg","Vught","Vught","Noord-Brabant",false,51.636654,5.279937,"injury","2","clear",false,1,"GM0865"
"20240093358",2024,"Letsel",1,"e-bike",\N,"Onbekend","Kruispunt, 4 takken",50,"Niet brandend","Daglicht","Droog",\N,\N,"Stationsweg","Delden","Hof van Twente","Overijssel",false,52.260567,6.715757,"injury","2","clear",false,1,"GM1735"
"20240073853",2024,"Letsel",2,"Personenauto","Fiets","Eenzijdig","Kruispunt, 3 takken",30,"Niet brandend","Daglicht","Droog",\N,\N,"Abshoven","Munstergeleen","Sittard-Geleen","Limburg",false,50.969027,5.850683,"injury","2","clear",false,1,"GM1883"
"20240088082",2024,"Uitsluitend materiele schade",2,"Bestelauto","Fiets","Flank","Rechte weg",30,"Niet brandend","Daglicht","Droog",\N,\N,"Lage Rijndijk","Leiden","Leiden","Zuid-Holland",false,52.161453,4.512131,"material damage only","4","clear",false,1,"GM0546"
"20240094571",2024,"Uitsluitend materiele schade",2,"Fiets","Personenauto","Onbekend","Rechte weg",60,"Niet brandend","Daglicht","Droog",\N,"419343041","Deventerweg","Deventer","Deventer","Overijssel",false,52.229676,6.188772,"material damage only","4","clear",false,1,"GM0150"
"20240097386",2024,"Letsel",1,"Fiets",\N,"Onbekend","Rechte weg",50,"Niet brandend","Daglicht","Droog",\N,"600731972","Edisonstraat","Zoetermeer","Zoetermeer","Zuid-Holland",false,52.056531,4.518577,"injury","2","clear",false,1,"GM0637"
"20240097592",2024,"Letsel",2,"Fiets","Fiets","Onbekend","Rechte weg",30,"Niet brandend","Daglicht","Droog",\N,"600723508","Delftsestraatweg","Pijnacker","Pijnacker-Nootdorp","Zuid-Holland",false,52.015615,4.417276,"injury","2","clear",false,1,"GM1926"
"20240098167",2024,"Letsel",2,"Snorfiets","Fiets","Flank","Rechte weg",30,"Niet brandend","Daglicht","Droog",\N,"233373026","Oostoever","Amsterdam","Amsterdam","Noord-Holland",false,52.365999,4.827252,"injury","2","clear",false,1,"GM0363"
"20240082282",2024,"Uitsluitend materiele schade",2,"Personenauto","Fiets","Flank","Rechte weg",30,"Niet brandend","Daglicht","Droog",\N,"390050042","Geitstraat","Heerlen","Heerlen","Limburg",false,50.915332,5.957204,"material damage only","4","clear",false,1,"GM0917"
"20240083578",2024,"Letsel",1,"Fiets",\N,"Onbekend","Rechte weg",30,"Niet brandend","Daglicht","Droog",\N,"397047007","Kakertsweg","Landgraaf","Landgraaf","Limburg",false,50.901048,6.011277,"injury","2","clear",false,1,"GM0882"
"20240084816",2024,"Letsel",1,"Fiets",\N,"Onbekend","Rechte weg",60,"Niet brandend","Daglicht","Droog",\N,"601257288","Witmoesdijk","Enter","Wierden","Overijssel",false,52.309169,6.559636,"injury","2","clear",false,1,"GM0189"
"20240088752",2024,"Uitsluitend materiele schade",2,"Fiets","Fiets","Kop/staart","Rechte weg",30,"Niet brandend","Daglicht","Droog",\N,"600762055","Tweede Nassaustraat","Amsterdam","Amsterdam","Noord-Holland",false,52.382393,4.878389,"material damage only","4","clear",false,1,"GM0363"
"20240097990",2024,"Letsel",3,"Personenauto","Fiets","Vast voorwerp","Rechte weg",30,"Niet brandend","Daglicht","Droog",\N,"600731029","Klokpoort","Leiden","Leiden","Zuid-Holland",false,52.162338,4.497925,"injury","2","clear",false,1,"GM0546"
"20240050300",2024,"Letsel",2,"Fiets","Fiets","Frontaal","Rechte weg",30,"Niet brandend","Daglicht","Regen",\N,"205319066","Compierekade","Alphen aan den Rijn","Alphen aan den Rijn","Zuid-Holland",false,52.122211,4.627028,"injury","2","rain",false,1,"GM0484"
"20240050322",2024,"Letsel",1,"Fiets",\N,"Onbekend","Kruispunt, 4 takken",30,"Niet brandend","Daglicht","Droog","Brug/viaduct",\N,"Zuideinde","Delft","Delft","Zuid-Holland",false,52.001448,4.363314,"injury","2","clear",false,1,"GM0503"
"20240088793",2024,"Letsel",1,"Fiets",\N,"Onbekend","Rechte weg",50,"Niet brandend","Daglicht","Droog",\N,"186329032","Rijnsburgersingel","Leiden","Leiden","Zuid-Holland",false,52.164887,4.487815,"injury","2","clear",false,1,"GM0546"
"20240089469",2024,"Letsel",2,"Personenauto","e-bike","Flank","Kruispunt, 4 takken",50,"Niet brandend","Daglicht","Droog",\N,\N,"Sir Winston Churchillln","Rijswijk","Rijswijk","Zuid-Holland",false,52.032396,4.309974,"injury","2","clear",false,1,\N
"20240096201",2024,"Uitsluitend materiele schade",2,"Bestelauto","Fiets","Flank","Kruispunt, 4 takken",30,"Niet brandend","Daglicht","Droog",\N,\N,"Karveel 49","Lelystad","Lelystad","Flevoland",false,52.523031,5.460236,"material damage only","4","clear",false,1,"GM0995"
"20240096779",2024,"Uitsluitend materiele schade",2,"Bestelauto","Fiets","Flank","Rechte weg",50,"Niet brandend","Daglicht","Droog",\N,"600793376","Chromiumweg","Amersfoort","Amersfoort","Utrecht",false,52.166101,5.360088,"material damage only","4","clear",false,1,"GM0307"
"20240074646",2024,"Uitsluitend materiele schade",3,"Fiets","Personenauto","Voetganger","Rechte weg",30,"Niet brandend","Daglicht","Droog",\N,"322341062","Schulpkamp","Nijkerk","Nijkerk","Gelderland",false,52.222369,5.475431,"material damage only","4","clear",false,1,"GM0267"
"20240079769",2024,"Uitsluitend materiele schade",2,"Fiets","Los voorwerp","Los voorwerp","Rechte weg",\N,"Niet brandend","Daglicht","Droog",\N,"212414084","C.F. Smeetslaan","Castricum","Castricum","Noord-Holland",false,52.549216,4.670903,"material damage only","4","clear",false,1,"GM0383"
"20240092925",2024,"Letsel",3,"Personenauto","Fiets","Onbekend","Rotonde",50,"Niet brandend","Daglicht","Droog",\N,"600508041","Westsingel","Venray","Venray","Limburg",false,51.527337,5.966119,"injury","2","clear",false,1,"GM0984"
"20240093533",2024,"Uitsluitend materiele schade",1,"Fiets",\N,"Los voorwerp","Bocht",50,"Brandend","Schemer","Regen",\N,\N,"Anjelierstraat","Almelo","Almelo","Overijssel",false,52.34628,6.661009,"material damage only","4","rain",false,1,"GM0141"
"20240097858",2024,"Letsel",1,"Fiets",\N,"Onbekend","Bocht",50,"Niet brandend","Daglicht","Droog",\N,\N,"Nieuweveensepad","'s-Gravenhage","'s-Gravenhage","Zuid-Holland",false,52.055752,4.400262,"injury","2","clear",false,1,"GM0518"
"20240046130",2024,"Letsel",2,"Fiets","Voetganger","Voetganger","Rechte weg",30,"Niet brandend","Daglicht","Droog",\N,"600867228","Schutstraat","Hoogeveen","Hoogeveen","Drenthe",false,52.720233,6.476041,"injury","2","clear",false,1,"GM0118"
"20240046776",2024,"Uitsluitend materiele schade",2,"Bestelauto","Fiets","Flank","Rechte weg",50,"Niet brandend","Daglicht","Droog",\N,"380417017","Noordweg","Kampen","Kampen","Overijssel",false,52.563688,5.90488,"material damage only","4","clear",false,1,"GM0166"
"20240048501",2024,"Uitsluitend materiele schade",2,"Fiets",\N,"Onbekend","Rechte weg",30,"Niet brandend","Daglicht","Droog",\N,"285366117","Surfstrand Haven","Almere","Almere","Flevoland",false,52.334984,5.206312,"material damage only","4","clear",false,1,"GM0034"
"20240049121",2024,"Letsel",2,"Fiets","Personenauto","Flank","Kruispunt, 4 takken",15,"Niet aanwezig","Daglicht","Droog",\N,\N,"Slingerweg","Zeewolde","Zeewolde","Flevoland",false,52.259072,5.393925,"injury","2","clear",false,1,"GM0050"
"20240049729",2024,"Letsel",1,"Fiets",\N,"Onbekend","Rechte weg",30,"Niet aanwezig","Daglicht","Droog",\N,"600379463","Kerkplein","'s-Gravenhage","'s-Gravenhage","Zuid-Holland",false,52.077671,4.306722,"injury","2","clear",false,1,"GM0518"
"20240073389",2024,"Uitsluitend materiele schade",1,"Fiets",\N,"Eenzijdig","Rechte weg",50,"Niet brandend","Daglicht","Droog",\N,"389185008","Kempweg","Venray","Venray","Limburg",false,51.522164,5.963999,"material damage only","4","clear",false,1,"GM0984"
"20240090824",2024,"Letsel",2,"Fiets","Fiets","Eenzijdig","Rechte weg",50,"Niet aanwezig","Daglicht","Droog",\N,"97180002","Verbartelweg","'s-Heer Hendrikskinderen","Goes","Zeeland",false,51.492409,3.861679,"injury","2","clear",false,1,"GM0664"
"20240094298",2024,"Uitsluitend materiele schade",2,"Personenauto","Fiets","Flank","Rotonde",15,"Niet brandend","Daglicht","Droog",\N,\N,"FIETSPAD","Wageningen","Wageningen","Gelderland",false,51.987936,5.669083,"material damage only","4","clear",false,1,"GM0289"
"20240095707",2024,"Letsel",1,"Fiets",\N,"Onbekend","Rechte weg",30,"Niet brandend","Daglicht","Droog",\N,"600661886","Lange Nieuwstraat","IJmuiden","Velsen","Noord-Holland",false,52.457586,4.612478,"injury","2","clear",false,1,"GM0453"
"20240086307",2024,"Letsel",2,"Fiets","Fiets","Onbekend","Rechte weg",30,"Niet aanwezig","Daglicht","Droog",\N,"600390841","Bosweg","Hoofddorp","Haarlemmermeer","Noord-Holland",false,52.322162,4.663773,"injury","2","clear",false,1,"GM0394"
"20240088279",2024,"Letsel",1,"Fiets",\N,"Onbekend","Rechte weg",30,"Brandend","Duisternis","Droog",\N,"162313108","Koninginnegracht","'s-Gravenhage","'s-Gravenhage","Zuid-Holland",false,52.09288,4.309292,"injury","2","clear",false,1,"GM0518"
"20240091494",2024,"Uitsluitend materiele schade",2,"Personenauto","Fiets","Kop/staart","Rechte weg",30,"Niet brandend","Daglicht","Droog",\N,"185267049","Amelandseplein","Rotterdam","Rotterdam","Zuid-Holland",false,51.887841,4.48409,"material damage only","4","clear",false,1,"GM0599"
"20240093585",2024,"Letsel",1,"Fiets",\N,"Onbekend","Kruispunt, 4 takken",30,"Niet brandend","Daglicht","Droog",\N,\N,"Wâlddyk","Westergeast","Noardeast-Fryslân","Friesland",false,53.322597,6.102196,"injury","2","clear",false,1,"GM1970"
"20240102356",2024,"Uitsluitend materiele schade",2,"Personenauto","Fiets","Flank","Kruispunt, 3 takken",50,"Niet brandend","Daglicht","Droog",\N,\N,"Daniëlweg","Melderslo","Horst aan de Maas","Limburg",false,51.462638,6.081872,"material damage only","4","clear",false,1,"GM1507"
"20240075815",2024,"Uitsluitend materiele schade",1,"Fiets",\N,"Onbekend","Rechte weg",60,\N,"Daglicht",\N,\N,"412619003","Reeweg","Schiermonnikoog","Schiermonnikoog","Friesland",false,53.474068,6.16159,"material damage only","4","unknown",false,1,"GM0088"
"20240085716",2024,"Uitsluitend materiele schade",2,"Fiets","Scootmobiel","Flank","Kruispunt, 4 takken",30,"Niet brandend","Daglicht","Droog",\N,\N,"Stadskade","Apeldoorn","Apeldoorn","Gelderland",false,52.212016,5.975069,"material damage only","4","clear",false,1,"GM0200"
"20240088350",2024,"Letsel",1,"Fiets",\N,"Onbekend","Rechte weg",15,"Niet brandend","Daglicht","Droog",\N,"600909228","Plantsoen","Leiden","Leiden","Zuid-Holland",false,52.153703,4.496144,"injury","2","clear",false,1,"GM0546"
"20240090317",2024,"Letsel",2,"Bromfiets","Fiets","Flank","Kruispunt, 3 takken",30,"Niet brandend","Daglicht","Droog",\N,\N,"Bachplein","Schiedam","Schiedam","Zuid-Holland",false,51.934582,4.373242,"injury","2","clear",false,1,"GM0606"
"20240091574",2024,"Uitsluitend materiele schade",2,"Motor","Fiets","Kop/staart","Kruispunt, 3 takken",60,"Brandend","Schemer","Droog",\N,\N,"IJsseldijk","Krimpen aan den IJssel","Krimpen aan den IJssel","Zuid-Holland",false,51.92766,4.616645,"material damage only","4","clear",false,1,"GM0542"
"20240102620",2024,"Uitsluitend materiele schade",2,"Bestelauto","Fiets","Frontaal","Bocht",30,"Niet brandend","Daglicht","Droog",\N,"267200103","Sibeliusstraat","Tilburg","Tilburg","Noord-Brabant",false,51.591293,5.082566,"material damage only","4","clear",false,1,"GM0855"
"20240098765",2024,"Uitsluitend materiele schade",2,"Bromfiets","Fiets","Frontaal","Rechte weg",80,"Niet aanwezig","Daglicht","Droog","Tunnel","600235055","Weelpad","Obdam","Koggenland","Noord-Holland",false,52.673084,4.89136,"material damage only","4","clear",false,1,"GM1598"
"20240046266",2024,"Uitsluitend materiele schade",1,"Fiets",\N,"Eenzijdig","Rechte weg",80,"Niet brandend","Daglicht","Droog","Brug/viaduct","600146017","Ellecomsedijk","Ellecom","Rheden","Gelderland",false,52.030552,6.103341,"material damage only","4","clear",false,1,"GM0275"
"20240046274",2024,"Letsel",2,"Snorfiets","Fiets","Flank","Rotonde",50,"Niet brandend","Daglicht","Droog",\N,\N,"FIETSPAD","Hoogeveen","Hoogeveen","Drenthe",false,52.724932,6.50249,"injury","2","clear",false,1,"GM0118"
"20240049892",2024,"Uitsluitend materiele schade",2,"Personenauto","Fiets","Flank","Rechte weg",50,"Niet brandend","Daglicht","Droog",\N,"216299011","Rietzoom","Gouda","Gouda","Zuid-Holland",false,52.034731,4.702742,"material damage only","4","clear",false,1,"GM0513"
"20240050553",2024,"Letsel",1,"Fiets",\N,"Eenzijdig","Rechte weg",30,"Niet brandend","Daglicht","Droog",\N,"182306011","Buytenparklaan","Zoetermeer","Zoetermeer","Zuid-Holland",false,52.064819,4.459816,"injury","2","clear",false,1,"GM0637"
"20240077506",2024,"Uitsluitend materiele schade",2,"Personenauto","Fiets","Flank","Kruispunt, 3 takken",50,"Niet brandend","Daglicht","Droog",\N,\N,"Rooseveltlaan","Utrecht","Utrecht","Utrecht",false,52.073253,5.087896,"material damage only","4","clear",false,1,"GM0344"
"20240087104",2024,"Letsel",2,"Personenauto","Fiets","Flank","Kruispunt, 4 takken",80,"Niet brandend","Daglicht","Droog",\N,\N,"Rijksweg","Schagerbrug","Schagen","Noord-Holland",false,52.813713,4.737516,"injury","2","clear",false,1,"GM0441"
"20240087762",2024,"Uitsluitend materiele schade",2,"Personenauto","Fiets","Flank","Kruispunt, 3 takken",50,"Niet brandend","Daglicht","Droog",\N,\N,"Anjelierstraat","Almelo","Almelo","Overijssel",false,52.34628,6.661009,"material damage only","4","clear",false,1,"GM0141"
"20240094896",2024,"Letsel",2,"Bromfiets","Fiets","Kop/staart","Kruispunt, 3 takken",30,"Niet aanwezig","Daglicht","Droog",\N,\N,"Parallelweg LS","Hengelo","Hengelo (O)","Overijssel",false,52.25896,6.797893,"injury","2","clear",false,1,\N
"20240097026",2024,"Uitsluitend materiele schade",2,"e-bike","Fiets","Flank","Kruispunt, 3 takken",30,"Niet aanwezig","Daglicht","Droog",\N,\N,"Waterstraat","Doetinchem","Doetinchem","Gelderland",false,51.964992,6.287663,"material damage only","4","clear",false,1,"GM0222"
"20240099457",2024,"Letsel",1,"Fiets",\N,"Onbekend","Rechte weg",30,"Niet brandend","Daglicht","Droog",\N,"57172133","Nieuw Bonedijkelaan","Vlissingen","Vlissingen","Zeeland",false,51.451019,3.568434,"injury","2","clear",false,1,"GM0718"
"20240099824",2024,"Letsel",2,"Personenauto","Fiets","Flank","Kruispunt, 4 takken",50,"Niet brandend","Daglicht","Droog",\N,\N,"SCHAAPHERDERWEG","Barendrecht","Barendrecht","Zuid-Holland",false,51.869319,4.552668,"injury","2","clear",false,1,"GM0489"
"20240043485",2024,"Letsel",2,"Personenauto","Fiets","Flank","Kruispunt, 4 takken",30,"Niet brandend","Daglicht","Droog",\N,\N,"Dr Albert Schweitzerlaan","Benthuizen","Alphen aan den Rijn","Zuid-Holland",false,52.076759,4.542661,"injury","2","clear",false,1,"GM0484"
"20240045654",2024,"Letsel",1,"Fiets",\N,"Eenzijdig","Kruispunt, 3 takken",30,"Niet brandend","Daglicht","Droog",\N,\N,"Schaapstreek","Sleen","Coevorden","Drenthe",false,52.774163,6.801657,"injury","2","clear",false,1,"GM0109"
"20240050594",2024,"Uitsluitend materiele schade",2,"Personenauto","Fiets","Onbekend","Rotonde",50,"Brandend","Daglicht","Droog",\N,\N,"Oosttangent","Heerhugowaard","Dijk en Waard","Noord-Holland",false,52.653563,4.833636,"material damage only","4","clear",false,1,"GM1980"
"20240079375",2024,"Uitsluitend materiele schade",2,"Fiets","Fiets","Onbekend","Rechte weg",30,"Niet aanwezig","Daglicht","Droog",\N,"238372086","Kinkerstraat","Amsterdam","Amsterdam","Noord-Holland",false,52.364467,4.860593,"material damage only","4","clear",false,1,"GM0363"
"20240079386",2024,"Letsel",3,"Bromfiets","Fiets","Onbekend","Rechte weg",\N,"Brandend","Duisternis","Droog",\N,"224377054","Haarlemmerweg","Amsterdam","Amsterdam","Noord-Holland",false,52.383941,4.776408,"injury","2","clear",false,1,"GM0363"
"20240082579",2024,"Uitsluitend materiele schade",2,"Landbouwvoertuig","Fiets","Los voorwerp","Rechte weg",60,"Niet brandend","Daglicht","Droog",\N,"600178487","Goordonksedijk","Uden","Maashorst","Noord-Brabant",false,51.630192,5.603163,"material damage only","4","clear",false,1,"GM1991"
"20240087174",2024,"Letsel",1,"Fiets",\N,"Onbekend","Rechte weg",50,"Niet brandend","Daglicht","Droog",\N,"600736574","Zandvoorterweg","Aerdenhout","Bloemendaal","Noord-Holland",false,52.364884,4.578312,"injury","2","clear",false,1,"GM0377"
"20240097095",2024,"Letsel",2,"Fiets","Fiets","Flank","Rechte weg",50,"Niet brandend","Daglicht","Droog",\N,"312304015","Haarweg","Maarsbergen","Utrechtse Heuvelrug","Utrecht",false,52.057407,5.406662,"injury","2","clear",false,1,"GM1581"
"20240100014",2024,"Letsel",1,"Fiets",\N,"Onbekend","Rechte weg",30,"Brandend","Duisternis","Droog",\N,\N,"Prinsendam","Rotterdam","Rotterdam","Zuid-Holland",false,51.907273,4.490857,"injury","2","clear",false,1,"GM0599"
"20240079412",2024,"Letsel",1,"Fiets",\N,"Onbekend","Rechte weg",80,"Niet brandend","Daglicht","Droog",\N,"600545736","Zeeweg","Overveen","Bloemendaal","Noord-Holland",false,52.398621,4.569878,"injury","2","clear",false,1,"GM0377"
"20230176332",2023,"Letsel",1,"Fiets",\N,"Eenzijdig","Rechte weg",50,"Brandend","Duisternis","Droog",\N,"600253378","Vliegenvangerlaan","'s-Gravenhage","'s-Gravenhage","Zuid-Holland",false,52.07613,4.249073,"injury","2","clear",false,1,"GM0518"
"20240087815",2024,"Letsel",2,"Personenauto","Fiets","Flank","Rotonde",50,"Niet brandend","Daglicht","Droog",\N,\N,"Horsterweg","Ermelo","Ermelo","Gelderland",false,52.306049,5.606444,"injury","2","clear",false,1,"GM0233"
"20240089772",2024,"Uitsluitend materiele schade",2,"Personenauto","Fiets","Flank","Kruispunt, 4 takken",30,"Niet brandend","Daglicht","Droog",\N,\N,"Ooltgensplaatweg","Rotterdam","Rotterdam","Zuid-Holland",false,51.873868,4.476548,"material damage only","4","clear",false,1,"GM0599"
"20240101312",2024,"Letsel",2,"Personenauto","Fiets","Onbekend","Kruispunt, 3 takken",15,"Niet brandend","Daglicht","Regen",\N,\N,"President Paterstraat","Hellevoetsluis","Voorne aan Zee","Zuid-Holland",false,51.828794,4.133764,"injury","2","rain",false,1,"GM1992"
"20240071142",2024,"Letsel",2,"Fiets","e-bike","Frontaal","Kruispunt, 4 takken",50,"Niet brandend","Daglicht","Regen",\N,\N,"Europalaan","Nieuwerkerk aan den IJssel","Zuidplas","Zuid-Holland",false,51.963704,4.603206,"injury","2","rain",false,1,"GM1892"
"20240078254",2024,"Letsel",1,"Fiets",\N,"Onbekend","Rechte weg",60,"Niet brandend","Daglicht","Droog",\N,"600431090","Goudplevierweg","Almere","Almere","Flevoland",false,52.343953,5.328095,"injury","2","clear",false,1,"GM0034"
"20240082002",2024,"Letsel",2,"Personenauto","Fiets","Onbekend","Rechte weg",50,"Niet brandend","Daglicht","Droog",\N,"156276081","Foppenpolder","Maasland","Midden-Delfland","Zuid-Holland",false,51.930366,4.28112,"injury","2","clear",false,1,"GM1842"
"20240088491",2024,"Letsel",2,"Vrachtauto","Fiets","Frontaal","Rechte weg",50,"Niet brandend","Daglicht","Droog",\N,\N,"Joan Muyskenweg","Amsterdam","Amsterdam","Noord-Holland",true,52.33668,4.912648,"injury","2","clear",false,1,"GM0363"
"20240088501",2024,"Letsel",2,"Personenauto","Fiets","Flank","Kruispunt, 4 takken",30,"Niet brandend","Daglicht","Droog",\N,\N,"Oranjelaan","Bodegraven","Bodegraven-Reeuwijk","Zuid-Holland",false,52.087126,4.746871,"injury","2","clear",false,1,"GM1901"
"20240088525",2024,"Letsel",1,"Fiets",\N,"Onbekend","Rechte weg",15,"Niet brandend","Daglicht","Droog",\N,"212269020","Lorentzweg","Lekkerkerk","Krimpenerwaard","Zuid-Holland",false,51.897791,4.681636,"injury","2","clear",false,1,"GM1931"
"20240089832",2024,"Letsel",2,"Bestelauto","Fiets","Onbekend","Rechte weg",\N,"Niet brandend","Daglicht","Droog","Parkeervoorziening","199275024","Slotplein","Capelle aan den IJssel","Capelle aan den IJssel","Zuid-Holland",false,51.924097,4.584119,"injury","2","clear",false,1,"GM0502"
"20240095507",2024,"Uitsluitend materiele schade",2,"Personenauto","Fiets","Flank","Kruispunt, 4 takken",30,"Brandend","Duisternis","Regen",\N,\N,"'t Zand","Utrecht","Utrecht","Utrecht",false,52.095415,5.045763,"material damage only","4","rain",false,1,"GM0344"
"20240096036",2024,"Uitsluitend materiele schade",2,"Fiets","Personenauto","Flank","Rotonde",50,"Niet brandend","Daglicht","Droog",\N,\N,"De Dreef","Zeist","Zeist","Utrecht",false,52.099225,5.220722,"material damage only","4","clear",false,1,"GM0355"