"accident_id","year","severity_raw","party_count","party1_type","party2_type","accident_type","road_situation","speed_limit_kmh","road_lighting","light_condition_label","weather_raw","infra_type","road_segment_id","street_name","place_name","gemeente_name_raw","province","alcohol_indicated","latitude","longitude","severity_label","severity_code","weather_label","built_up_area","cyclists_involved","gemeente_code"
"20230043534",2023,"Letsel",2,"Personenauto","Fiets","Flank","Kruispunt, 4 takken",50,"Niet brandend","Daglicht","Droog",\N,\N,"Frontensingel","Maastricht","Maastricht","Limburg",false,50.857832,5.689927,"injury","2","clear",false,1,"GM0935"
"20230045278",2023,"Uitsluitend materiele schade",3,"Personenauto","Fiets","Onbekend","Kruispunt, 4 takken",50,"Niet brandend","Daglicht","Droog",\N,\N,"Heyendaalseweg","Nijmegen","Nijmegen","Gelderland",false,51.818625,5.866895,"material damage only","4","clear",false,1,"GM0268"
"20230050530",2023,"Letsel",1,"Fiets",\N,"Eenzijdig","Rechte weg",30,"Niet brandend","Daglicht","Droog",\N,"600385537","Dodaarsoever","'s-Gravenhage","'s-Gravenhage","Zuid-Holland",false,52.063665,4.418971,"injury","2","clear",false,1,"GM0518"
"20240130466",2024,"Uitsluitend materiele schade",2,"Snorfiets","Fiets","Flank","Kruispunt, 4 takken",50,"Brandend","Duisternis","Droog",\N,\N,"Matenpoort","Apeldoorn","Apeldoorn","Gelderland",false,52.207955,5.978822,"material damage only","4","clear",false,1,"GM0200"
"20240130853",2024,"Uitsluitend materiele schade",2,"Fiets","Overig vast object","Vast voorwerp","Rechte weg",30,"Niet brandend","Daglicht","Droog",\N,"600171858","Te Winkelhof","Heemstede","Heemstede","Noord-Holland",false,52.352194,4.607396,"material damage only","4","clear",false,1,"GM0397"
"20230052340",2023,"Uitsluitend materiele schade",2,"Fiets","Personenauto","Flank","Rotonde",50,"Niet brandend","Daglicht","Droog",\N,\N,"Burg Freijterslaan","Roosendaal","Roosendaal","Noord-Brabant",false,51.532994,4.446956,"material damage only","4","clear",false,1,"GM1674"
"20230053504",2023,"Uitsluitend materiele schade",2,"Fiets","Personenauto","Flank","Rotonde",50,"Niet brandend","Daglicht","Droog",\N,\N,"Admiraal de Ruyterweg","Zwijndrecht","Zwijndrecht","Zuid-Holland",false,51.810659,4.629848,"material damage only","4","clear",false,1,"GM0642"
"20240131237",2024,"Letsel",2,\N,"Fiets","Flank","Rechte weg",50,"Niet brandend","Daglicht","Droog",\N,"601002704","Schalkwijkerstraat","Haarlem","Haarlem","Noord-Holland",false,52.374386,4.643394,"injury","2","clear",false,1,"GM0392"
"20240132498",2024,"Uitsluitend materiele schade",2,"Personenauto","Fiets","Flank","Rechte weg",30,"Niet brandend","Daglicht","Droog",\N,"186329141","Dellaertweg","Leiden","Leiden","Zuid-Holland",false,52.167728,4.485175,"material damage only","4","clear",false,1,"GM0546"
"20230047103",2023,"Letsel",2,"Personenauto","Fiets","Flank","Rotonde",50,"Brandend","Duisternis","Droog",\N,\N,"J M de Muinck Keizerlaan","Utrecht","Utrecht","Utrecht",false,52.115802,5.082647,"injury","2","clear",false,1,"GM0344"
"20230050041",2023,"Letsel",2,"Personenauto","Fiets","Frontaal","Kruispunt, 4 takken",50,"Niet brandend","Daglicht","Droog",\N,\N,"Alexanderstraat","'s-Gravenhage","'s-Gravenhage","Zuid-Holland",false,52.084524,4.306573,"injury","2","clear",false,1,"GM0518"
"20230051178",2023,"Letsel",1,"Fiets",\N,"Eenzijdig","Rechte weg",50,"Niet brandend","Daglicht","Droog",\N,"600577425","Koninginneweg","Zwijndrecht","Zwijndrecht","Zuid-Holland",false,51.818323,4.643101,"injury","2","clear",false,1,"GM0642"
"20230056447",2023,"Letsel",2,"e-bike","Overig wegmeubilair","Vast voorwerp","Rotonde",50,"Niet brandend","Daglicht","Droog",\N,\N,"Wingerd","Vroomshoop","Twenterand","Overijssel",false,52.46162,6.566164,"injury","2","clear",false,1,"GM1700"
"20240132214",2024,"Letsel",2,"Personenauto","Fiets","Flank","Rotonde",50,"Niet brandend","Daglicht","Droog",\N,\N,"Oosttangent","Heerhugowaard","Dijk en Waard","Noord-Holland",false,52.655837,4.837894,"injury","2","clear",false,1,"GM1980"
"20240132906",2024,"Letsel",2,"Fiets","Personenauto","Flank","Kruispunt, 4 takken",30,"Niet brandend","Daglicht","Droog",\N,\N,"Laan van Floris de 5e","Nootdorp","Pijnacker-Nootdorp","Zuid-Holland",false,52.045917,4.411882,"injury","2","clear",false,1,"GM1926"
"20240133422",2024,"Letsel",2,"Personenauto","Fiets","Flank","Bocht",30,"Niet brandend","Daglicht","Droog",\N,"179296082","Stationsplein","Pijnacker","Pijnacker-Nootdorp","Zuid-Holland",false,52.018518,4.438068,"injury","2","clear",false,1,"GM1926"
"20230044795",2023,"Letsel",1,"Fiets",\N,"Eenzijdig","Rechte weg",30,"Niet brandend","Daglicht","Droog",\N,"600363691","Landstraat","Aalten","Aalten","Gelderland",false,51.928018,6.580867,"injury","2","clear",false,1,"GM0197"
"20230045371",2023,"Uitsluitend materiele schade",2,"Personenauto","Fiets","Onbekend","Rechte weg",50,"Niet brandend","Daglicht","Droog",\N,"406407013","Middelweg","Zwolle","Zwolle","Overijssel",false,52.520576,6.099648,"material damage only","4","clear",false,1,"GM0193"
"20220225188",2022,"Uitsluitend materiele schade",2,"Personenauto","Fiets","Onbekend","Rotonde",50,"Brandend","Schemer","Droog",\N,\N,"Duinstraat","Hoogerheide","Woensdrecht","Noord-Brabant",false,51.428595,4.318962,"material damage only","4","clear",false,1,"GM0873"
"20220209708",2022,"Letsel",2,"Personenauto","Fiets","Flank","Rotonde",50,"Brandend","Duisternis","Regen",\N,\N,"Koelmalaan","Alkmaar","Alkmaar","Noord-Holland",false,52.618243,4.759441,"injury","2","rain",false,1,"GM0361"
"20220224437",2022,"Uitsluitend materiele schade",2,"Personenauto","Fiets","Onbekend","Kruispunt, 3 takken",50,"Niet brandend","Daglicht","Droog",\N,\N,"Noorder Parallelweg","Waalwijk","Waalwijk","Noord-Brabant",false,51.685096,5.070123,"material damage only","4","clear",false,1,"GM0867"
"20220050813",2022,"Dodelijk",3,"Trekker","e-bike","Flank","Kruispunt, 4 takken",50,"Niet brandend","Daglicht","Droog",\N,\N,"Structuurbaan","Nieuwegein","Nieuwegein","Utrecht",false,52.028129,5.104534,"fatal","1","clear",false,1,"GM0356"
"20220209794",2022,"Uitsluitend materiele schade",2,"Snorfiets","e-bike","Flank","Rotonde",\N,"Niet brandend","Daglicht","Droog",\N,\N,"Zandvoortselaan","Zandvoort","Zandvoort","Noord-Holland",false,52.364774,4.553614,"material damage only","4","clear",false,1,"GM0473"
"20220224461",2022,"Uitsluitend materiele schade",2,"Personenauto","Fiets","Flank","Rechte weg",50,"Niet brandend","Daglicht","Droog",\N,"123180049","Breeweg","Yerseke","Reimerswaal","Zeeland",false,51.493117,4.044465,"material damage only","4","clear",false,1,"GM0703"
"20220203209",2022,"Uitsluitend materiele schade",2,"Personenauto","Fiets","Flank","Kruispunt, 4 takken",50,"Niet brandend","Daglicht","Droog",\N,\N,"Burg Middelweerdbaan","De Meern","Utrecht","Utrecht",false,52.088634,5.027724,"material damage only","4","clear",false,1,"GM0344"
"20220224515",2022,"Uitsluitend materiele schade",2,"Personenauto","Fiets","Frontaal","Rechte weg",50,"Niet aanwezig","Daglicht","Droog",\N,\N,"Kanaalkade","Axel","Terneuzen","Zeeland",false,51.263444,3.910976,"material damage only","4","clear",false,1,"GM0715"
"20220207464",2022,"Letsel",2,"Personenauto","e-bike","Onbekend","Kruispunt, 3 takken",50,"Niet brandend","Daglicht","Regen",\N,\N,"Noordersluisweg","Velsen-Noord","Velsen","Noord-Holland",false,52.470136,4.63511,"injury","2","rain",false,1,"GM0453"
"20220214601",2022,"Letsel",2,"Bromfiets","Fiets","Eenzijdig","Kruispunt, 4 takken",50,"Niet brandend","Daglicht","Droog",\N,\N,"Storm v 's-Gravesandeweg","Wassenaar","Wassenaar","Zuid-Holland",false,52.13947,4.389737,"injury","2","clear",false,1,"GM0629"
"20220217397",2022,"Letsel",2,"Fiets","Fiets","Onbekend","Rechte weg",30,"Niet brandend","Daglicht","Droog",\N,"159316056","Brusselselaan","'s-Gravenhage","'s-Gravenhage","Zuid-Holland",false,52.107572,4.292979,"injury","2","clear",false,1,"GM0518"
"20220203272",2022,"Uitsluitend materiele schade",2,"Personenauto","Fiets","Onbekend","Rechte weg",50,"Niet brandend","Daglicht","Droog",\N,"600807389","Kerkewijk","Veenendaal","Veenendaal","Utrecht",false,52.011522,5.54375,"material damage only","4","clear",false,1,"GM0345"
"20220206612",2022,"Letsel",1,"Fiets",\N,"Eenzijdig","Rechte weg",15,"Brandend","Duisternis","Droog",\N,"207377076","Nieuwe Groenmarkt","Haarlem","Haarlem","Noord-Holland",false,52.382847,4.63428,"injury","2","clear",false,1,"GM0392"
"20220211052",2022,"Letsel",2,"Bromfiets","Fiets","Frontaal","Rechte weg",50,"Niet brandend","Daglicht","Droog",\N,"239357053","Groenelaan","Amstelveen","Amstelveen","Noord-Holland",true,52.295904,4.872934,"injury","2","clear",false,1,"GM0362"
"20220225507",2022,"Letsel",2,"Fiets","Bestelauto","Eenzijdig","Kruispunt, 4 takken",\N,"Niet brandend","Schemer","Droog",\N,\N,"Zwartvenseweg","Tilburg","Tilburg","Noord-Brabant",false,51.569329,5.030669,"injury","2","clear",false,1,"GM0855"
"20220214667",2022,"Uitsluitend materiele schade",2,"Personenauto","Fiets","Flank","Kruispunt, 3 takken",30,"Niet brandend","Daglicht","Droog",\N,\N,"Pijlkruidveld","'s-Gravenhage","'s-Gravenhage","Zuid-Holland",false,52.067411,4.404452,"material damage only","4","clear",false,1,"GM0518"
"20220216142",2022,"Letsel",2,"Personenauto","Fiets","Flank","Kruispunt, 3 takken",30,"Brandend","Duisternis","Droog",\N,\N,"Henricuskade","'s-Gravenhage","'s-Gravenhage","Zuid-Holland",false,52.031754,4.36875,"injury","2","clear",false,1,"GM0518"
"20220219659",2022,"Uitsluitend materiele schade",2,"Personenauto","Fiets","Frontaal","Rechte weg",50,"Brandend","Schemer","Droog",\N,"185267003","Pleinweg","Rotterdam","Rotterdam","Zuid-Holland",false,51.890481,4.483505,"material damage only","4","clear",false,1,"GM0599"
"20220199820",2022,"Uitsluitend materiele schade",2,"Bestelauto","e-bike","Flank","Kruispunt, 3 takken",30,"Niet brandend","Daglicht","Droog",\N,\N,"Molecatenlaan","Ugchelen","Apeldoorn","Gelderland",false,52.185988,5.942274,"material damage only","4","clear",false,1,"GM0200"
"20220202550",2022,"Letsel",2,"Bestelauto","Fiets","Flank","Kruispunt, 3 takken",50,"Niet brandend","Daglicht","Droog",\N,\N,"Laan 1940-1945","Woudenberg","Woudenberg","Utrecht",false,52.080524,5.42748,"injury","2","clear",false,1,"GM0351"
"20220112346",2022,"Dodelijk",2,"Personenauto","Fiets","Flank","Rotonde",50,"Niet brandend","Daglicht","Droog",\N,\N,"Brederodeweg","Boxtel","Boxtel","Noord-Brabant",false,51.591618,5.329492,"fatal","1","clear",false,1,"GM0757"
"20220208456",2022,"Uitsluitend materiele schade",2,"Personenauto","Fiets","Flank","Kruispunt, 4 takken",50,"Niet brandend","Daglicht","Regen",\N,\N,"de Visserstraat","Heemskerk","Heemskerk","Noord-Holland",false,52.510635,4.661034,"material damage only","4","rain",false,1,"GM0396"
"20220212599",2022,"Letsel",2,"Personenauto","Fiets","Flank","Kruispunt, 4 takken",\N,"Niet brandend","Daglicht","Droog",\N,\N,"Oosterstraat","Leiden","Leiden","Zuid-Holland",false,52.157486,4.506516,"injury","2","clear",false,1,"GM0546"
"20220222562",2022,"Uitsluitend materiele schade",2,"Personenauto","Fiets","Onbekend",\N,30,\N,"Daglicht",\N,\N,"252256165","Koningin Wilhelminalaan","Gorinchem","Gorinchem","Zuid-Holland",false,51.840193,4.968708,"material damage only","4","unknown",false,1,"GM0512"
"20220227525",2022,"Letsel",3,"Personenauto","Fiets","Onbekend",\N,30,"Niet brandend","Daglicht","Droog",\N,"600199738","Parallelweg Oost","Valkenswaard","Valkenswaard","Noord-Brabant",false,51.345985,5.466246,"injury","2","clear",false,1,"GM0858"
"20220228361",2022,"Uitsluitend materiele schade",2,"Snorfiets","e-bike","Frontaal","Kruispunt, 3 takken",\N,"Brandend","Schemer","Droog",\N,\N,"FIETSPAD","Eindhoven","Eindhoven","Noord-Brabant",false,51.430886,5.478247,"material damage only","4","clear",false,1,"GM0772"
"20220200533",2022,"Letsel",2,"e-bike","Fiets","Onbekend","Kruispunt, 4 takken",50,"Niet brandend","Daglicht","Droog",\N,\N,"Kortenaerstraat","Hengelo","Hengelo (O)","Overijssel",false,52.269252,6.801153,"injury","2","clear",false,1,\N
"20220205807",2022,"Letsel",3,"Bestelauto","Fiets","Onbekend","Kruispunt, 4 takken",70,"Niet brandend","Daglicht","Droog",\N,\N,"Vlaamseweg","Haarlem","Haarlem","Noord-Holland",false,52.380317,4.613982,"injury","2","clear",false,1,"GM0392"
"20220200608",2022,"Uitsluitend materiele schade",2,"Personenauto","Fiets","Flank","Kruispunt, 4 takken",50,"Niet brandend","Daglicht","Droog",\N,\N,"Oostersingel","Culemborg","Culemborg","Gelderland",true,51.953333,5.231128,"material damage only","4","clear",false,1,"GM0216"
"20220204227",2022,"Uitsluitend materiele schade",2,"Bromfiets","Fiets","Flank","Kruispunt, 3 takken",30,"Niet brandend","Daglicht","Droog",\N,"600668860","Bussummergrindweg","Bussum","Gooise Meren","Noord-Holland",false,52.257659,5.161891,"material damage only","4","clear",false,1,"GM1942"
"20220206856",2022,"Uitsluitend materiele schade",2,"Personenauto","Fiets","Flank","Kruispunt, 4 takken",30,"Niet brandend","Daglicht","Droog",\N,\N,"Anthonie P Schotelstraat","Volendam","Edam-Volendam","Noord-Holland",false,52.499774,5.055983,"material damage only","4","clear",false,1,"GM0385"
"20220210499",2022,"Letsel",2,"Fiets","Fiets","Flank","Rechte weg",30,"Niet aanwezig","Daglicht","Droog",\N,"600499064","FIETSPAD","Diemen","Diemen","Noord-Holland",false,52.33565,5.009191,"injury","2","clear",false,1,"GM0384"
"20220211909",2022,"Letsel",1,"Fiets",\N,"Eenzijdig",\N,50,\N,"Schemer",\N,\N,"600405423","Jan Evertsenstraat","Amsterdam","Amsterdam","Noord-Holland",false,52.370998,4.855778,"injury","2","unknown",false,1,"GM0363"
"20220215534",2022,"Uitsluitend materiele schade",2,"Personenauto","Fiets","Kop/staart","Rechte weg",50,"Brandend","Duisternis","Droog","Brug/viaduct","185328082","RIJNZICHTBRUG","Leiden","Leiden","Zuid-Holland",false,52.160074,4.477416,"material damage only","4","clear",false,1,"GM0546"
"20220204274",2022,"Letsel",1,"Fiets",\N,"Eenzijdig","Kruispunt, 4 takken",\N,"Niet brandend","Daglicht","Droog",\N,\N,"Stationsstraat","Amersfoort","Amersfoort","Utrecht",false,52.154155,5.380546,"injury","2","clear",false,1,"GM0307"
"20220228498",2022,"Uitsluitend materiele schade",2,"Bestelauto","Fiets","Onbekend","Rechte weg",50,"Brandend","Duisternis","Droog",\N,\N,"Emmasingel","Eindhoven","Eindhoven","Noord-Brabant",false,51.438331,5.475141,"material damage only","4","clear",false,1,"GM0772"
"20220231080",2022,"Uitsluitend materiele schade",2,"Personenauto","Fiets","Flank","Kruispunt, 4 takken",80,"Niet brandend","Daglicht","Droog",\N,\N,"Hulsenweg","Nederweert","Nederweert","Limburg",false,51.280578,5.758615,"material damage only","4","clear",false,1,"GM0946"
"20220214884",2022,"Letsel",2,"Fiets","Fiets","Onbekend","Rechte weg",\N,"Brandend","Duisternis","Droog",\N,"600573114","Ireneboulevard","Delft","Delft","Zuid-Holland",false,52.004391,4.357902,"injury","2","clear",false,1,"GM0503"
"20220222707",2022,"Uitsluitend materiele schade",2,"Personenauto","Fiets","Onbekend","Rechte weg",50,"Brandend","Duisternis","Regen",\N,"600238403","Groene Hilledijk","Rotterdam","Rotterdam","Zuid-Holland",false,51.884112,4.50534,"material damage only","4","rain",false,1,"GM0599"
"20220227762",2022,"Uitsluitend materiele schade",2,"Fiets","Personenauto","Flank","Kruispunt, 3 takken",60,\N,"Daglicht","Droog",\N,\N,"Bergseweg","Mill","Land van Cuijk","Noord-Brabant",false,51.700471,5.766959,"material damage only","4","clear",false,1,"GM1982"
"20220208733",2022,"Letsel",2,"Fiets","Voetganger","Voetganger","Rechte weg",30,"Brandend","Duisternis","Droog",\N,"225504155","Beatrixstraat","Den Helder","Den Helder","Noord-Holland",false,52.957432,4.761807,"injury","2","clear",false,1,"GM0400"
"20220213282",2022,"Letsel",3,"e-bike","Scootmobiel","Onbekend","Rechte weg",50,"Niet brandend","Daglicht","Droog",\N,"600542380","Molenlaan","Honselersdijk","Westland","Zuid-Holland",false,52.007582,4.231087,"injury","2","clear",false,1,"GM1783"
"20220214117",2022,"Letsel",2,"Fiets","Overig vast object","Vast voorwerp","Bocht",50,"Brandend","Duisternis","Droog",\N,"600372366","Zuidwal","Delft","Delft","Zuid-Holland",false,52.008323,4.364569,"injury","2","clear",false,1,"GM0503"
"20220224116",2022,"Letsel",2,"Bestelauto","Fiets","Flank","Kruispunt, 4 takken",30,"Niet brandend","Daglicht",\N,\N,\N,"Leeuwenlaan","Terneuzen","Terneuzen","Zeeland",false,51.333001,3.836436,"injury","2","unknown",false,1,"GM0715"
"20220200069",2022,"Uitsluitend materiele schade",2,"e-bike","e-bike","Frontaal","Rechte weg",50,"Niet brandend","Daglicht","Droog",\N,"385264013","Buitenpolder","Haalderen","Lingewaard","Gelderland",false,51.878741,5.92753,"material damage only","4","clear",false,1,"GM1705"
"20220212046",2022,"Uitsluitend materiele schade",2,"Bromfiets","Fiets","Flank","Rotonde",50,"Niet brandend","Daglicht","Droog",\N,\N,"Keizer Karelweg","Amstelveen","Amstelveen","Noord-Holland",false,52.308394,4.856469,"material damage only","4","clear",false,1,"GM0362"
"20220220750",2022,"Letsel",2,"Personenauto","Fiets","Frontaal","Kruispunt, 3 takken",30,"Brandend","Duisternis","Droog",\N,\N,"Enk","Rotterdam","Rotterdam","Zuid-Holland",false,51.883589,4.515992,"injury","2","clear",false,1,"GM0599"
"20220228637",2022,"Letsel",1,"Fiets",\N,"Eenzijdig",\N,30,\N,"Daglicht",\N,\N,"320177006","Robijnring","Eindhoven","Eindhoven","Noord-Brabant",false,51.486563,5.464458,"injury","2","unknown",false,1,"GM0772"
"20220199439",2022,"Uitsluitend materiele schade",2,"Personenauto","Fiets","Flank","Kruispunt, 4 takken",50,"Niet brandend","Daglicht","Droog",\N,\N,"Woudhuizerallee","Apeldoorn","Apeldoorn","Gelderland",false,52.213318,6.014993,"material damage only","4","clear",false,1,"GM0200"
"20220214993",2022,"Uitsluitend materiele schade",2,"Personenauto","Fiets","Flank","Rotonde",50,"Niet brandend","Daglicht","Droog",\N,\N,"van Panhuysstraat","Noordwijk","Noordwijk","Zuid-Holland",false,52.241227,4.446008,"material damage only","4","clear",false,1,"GM0575"
"20220215021",2022,"Letsel",1,"Fiets",\N,"Eenzijdig",\N,50,\N,"Daglicht",\N,\N,"600901594","Heinsiuslaan","Leiderdorp","Leiderdorp","Zuid-Holland",false,52.163626,4.529897,"injury","2","unknown",false,1,"GM0547"
"20220217860",2022,"Letsel",1,"Fiets",\N,"Eenzijdig","Bocht",50,"Niet brandend","Daglicht","Droog",\N,"600719934","Fonteynenburghlaan","Voorburg","Leidschendam-Voorburg","Zuid-Holland",false,52.061479,4.352837,"injury","2","clear",false,1,"GM1916"
"20220191883",2022,"Dodelijk",2,"Personenauto","e-bike","Onbekend","Rechte weg",30,"Brandend","Daglicht","Droog",\N,"600870998","Laan van de Vrede","Groningen","Groningen","Groningen",false,53.201917,6.560427,"fatal","1","clear",false,1,"GM0014"
"20220212121",2022,"Uitsluitend materiele schade",2,"Personenauto","Fiets","Flank","Rechte weg",50,"Brandend","Schemer","Droog",\N,"600916246","Jan Luijkenstraat","Amsterdam","Amsterdam","Noord-Holland",false,52.360561,4.884212,"material damage only","4","clear",false,1,"GM0363"
"20220213423",2022,"Letsel",1,"Fiets",\N,"Eenzijdig","Rechte weg",50,"Brandend","Schemer","Droog",\N,"149297067","Poeldijksepad","Honselersdijk","Westland","Zuid-Holland",false,52.019504,4.221296,"injury","2","clear",false,1,"GM1783"
"20220214217",2022,"Letsel",2,"Bromfiets","Fiets","Onbekend","Bocht",50,"Niet brandend","Daglicht","Droog",\N,"169290028","Schieweg","Delft","Delft","Zuid-Holland",false,51.993147,4.367222,"injury","2","clear",false,1,"GM0503"
"20220221540",2022,"Uitsluitend materiele schade",3,"Personenauto","Fiets","Onbekend","Rechte weg",50,"Brandend","Duisternis","Droog",\N,"600360491","Allard Piersonstraat","Rotterdam","Rotterdam","Zuid-Holland",false,51.919409,4.443526,"material damage only","4","clear",false,1,"GM0599"
"20220222948",2022,"Uitsluitend materiele schade",2,"Snorfiets","Fiets","Flank","Kruispunt, 3 takken",30,"Niet brandend","Daglicht","Droog",\N,\N,"Diergaardesingel","Rotterdam","Rotterdam","Zuid-Holland",false,51.922295,4.467913,"material damage only","4","clear",false,1,"GM0599"
"20220231277",2022,"Uitsluitend materiele schade",2,"Personenauto","Fiets","Flank","Rotonde",30,"Niet aanwezig","Daglicht","Droog",\N,\N,"Maaslandlaan","Weert","Weert","Limburg",false,51.254746,5.715485,"material damage only","4","clear",false,1,"GM0988"
"20220231278",2022,"Uitsluitend materiele schade",2,"e-bike","Personenauto","Flank","Kruispunt, 4 takken",50,"Niet brandend","Daglicht","Droog",\N,\N,"Stationsweg","Venray","Venray","Limburg",false,51.528973,5.995213,"material damage only","4","clear",false,1,"GM0984"
"20220208101",2022,"Letsel",2,"Personenauto","Fiets","Flank","Rechte weg",\N,"Niet brandend","Daglicht","Droog",\N,\N,"Dorpsstraat","Zwaag","Hoorn","Noord-Holland",false,52.662738,5.055602,"injury","2","clear",false,1,"GM0405"
"20220215814",2022,"Letsel",2,"Personenauto","Fiets","Flank","Rotonde",50,"Niet brandend","Daglicht","Droog",\N,\N,"Horstenweg","Alphen aan den Rijn","Alphen aan den Rijn","Zuid-Holland",false,52.152471,4.663093,"injury","2","clear",false,1,"GM0484"
"20220217934",2022,"Letsel",1,"e-bike",\N,"Eenzijdig",\N,\N,\N,"Duisternis",\N,\N,"600599842","Rijnsburgerweg","Leiden","Leiden","Zuid-Holland",false,52.170472,4.479665,"injury","2","unknown",false,1,"GM0546"
"20220219313",2022,"Letsel",2,"Personenauto","Fiets","Flank","Kruispunt, 4 takken",50,"Brandend","Daglicht","Droog",\N,\N,"Sportlaan","Vlaardingen","Vlaardingen","Zuid-Holland",false,51.921045,4.354535,"injury","2","clear",false,1,"GM0622"
"20240138322",2024,"Letsel",1,"Fiets",\N,"Onbekend","Bocht",50,"Brandend","Duisternis","Droog",\N,"325263041","Maas en Waalweg","Beneden-Leeuwen","West Maas en Waal","Gelderland",false,51.873722,5.49736,"injury","2","clear",false,1,"GM0668"
"20240141307",2024,"Letsel",2,"Bestelauto","Fiets","Flank","Kruispunt, 3 takken",50,"Brandend","Duisternis","Droog",\N,\N,"Pascalstraat","Ede","Ede","Gelderland",false,52.026452,5.645216,"injury","2","clear",false,1,"GM0228"
"20240138982",2024,"Uitsluitend materiele schade",2,"Personenauto","Fiets","Flank","Rechte weg",50,"Niet brandend","Daglicht","Droog",\N,"413351030","Middelweg","Deventer","Deventer","Overijssel",false,52.266014,6.147461,"material damage only","4","clear",false,1,"GM0150"
"20240139840",2024,"Letsel",2,"Personenauto","Fiets","Onbekend","Kruispunt, 4 takken",30,"Brandend","Duisternis","Droog",\N,"287377061","Waalstraat","Almere","Almere","Flevoland",false,52.385242,5.222575,"injury","2","clear",false,1,"GM0034"
"20240143155",2024,"Letsel",2,"Bromfiets","Fiets","Flank","Kruispunt, 3 takken",50,"Niet brandend","Daglicht","Droog",\N,\N,"Afrikalaan","Alphen aan den Rijn","Alphen aan den Rijn","Zuid-Holland",false,52.123359,4.653267,"injury","2","clear",false,1,"GM0484"
"20240135874",2024,"Uitsluitend materiele schade",2,"Bestelauto","Fiets","Onbekend","Kruispunt, 3 takken",30,\N,"Daglicht","Droog",\N,\N,"Rotterdamseweg","Zwijndrecht","Zwijndrecht","Zuid-Holland",false,51.82037,4.651307,"material damage only","4","clear",false,1,"GM0642"
"20240139775",2024,"Uitsluitend materiele schade",2,"Personenauto","Fiets","Flank","Kruispunt, 4 takken",30,"Niet brandend","Daglicht","Droog",\N,\N,"Moskoustraat","Almere","Almere","Flevoland",false,52.396711,5.281979,"material damage only","4","clear",false,1,"GM0034"
"20240141348",2024,"Letsel",2,"Personenauto","Fiets","Flank","Kruispunt, 4 takken",50,"Niet brandend","Daglicht","Droog",\N,\N,"Verlengde Parkweg","Ede","Ede","Gelderland",false,52.027209,5.659467,"injury","2","clear",false,1,"GM0228"
"20240148436",2024,"Uitsluitend materiele schade",2,"Fiets","Personenauto","Flank","Rechte weg",50,"Brandend","Duisternis","Droog",\N,"387288007","Zuilesteinlaan","Arnhem","Arnhem","Gelderland",false,51.987595,5.954138,"material damage only","4","clear",false,1,"GM0202"
"20240136521",2024,"Uitsluitend materiele schade",2,"Personenauto","Fiets","Flank","Kruispunt, 3 takken",50,"Niet brandend","Daglicht","Regen",\N,\N,"Kaalheidersteenweg","Kerkrade","Kerkrade","Limburg",false,50.865518,6.039528,"material damage only","4","rain",false,1,"GM0928"
"20240137790",2024,"Uitsluitend materiele schade",2,"Bromfiets","Fiets","Flank","Rechte weg",50,"Brandend","Schemer","Droog",\N,"600982263","Groene Boord","Heerlen","Heerlen","Limburg",false,50.885834,5.986209,"material damage only","4","clear",false,1,"GM0917"
"20240140055",2024,"Uitsluitend materiele schade",2,"Personenauto","Fiets","Onbekend","Rotonde",50,"Niet brandend","Daglicht","Droog",\N,\N,"Soestdijkseweg Zuid","De Bilt","De Bilt","Utrecht",false,52.112299,5.190939,"material damage only","4","clear",false,1,"GM0310"
"20240140485",2024,"Uitsluitend materiele schade",2,"Personenauto","Fiets","Flank","Kruispunt, 3 takken",50,"Brandend","Schemer","Droog",\N,\N,"Waterlinieweg","Culemborg","Culemborg","Gelderland",false,51.9445,5.201263,"material damage only","4","clear",false,1,"GM0216"
"20240140486",2024,"Uitsluitend materiele schade",1,"Fiets",\N,"Onbekend","Rechte weg",\N,"Niet brandend","Daglicht","Regen",\N,"381284132","De Monchyplein","Arnhem","Arnhem","Gelderland",false,51.968141,5.904479,"material damage only","4","rain",false,1,"GM0202"
"20240141046",2024,"Letsel",1,"Fiets",\N,"Eenzijdig","Kruispunt, 4 takken",80,"Niet brandend","Daglicht","Regen",\N,\N,"Krikhaarsweg","Geesteren","Tubbergen","Overijssel",false,52.440091,6.74753,"injury","2","rain",false,1,"GM0183"
"20240144408",2024,"Uitsluitend materiele schade",2,"Fiets","Personenauto","Frontaal","Kruispunt, 4 takken",30,"Brandend","Duisternis","Droog",\N,\N,"Rustenburgerstraat","Amsterdam","Amsterdam","Noord-Holland",false,52.351415,4.891353,"material damage only","4","clear",false,1,"GM0363"
"20240141828",2024,"Letsel",2,"Fiets","Fiets","Flank","Rechte weg",15,"Niet brandend","Daglicht","Droog",\N,"242376046","Haarlemmerstraat","Amsterdam","Amsterdam","Noord-Holland",false,52.38012,4.892541,"injury","2","clear",false,1,"GM0363"
"20240142771",2024,"Uitsluitend materiele schade",2,"Bromfiets","Fiets","Flank","Kruispunt, 3 takken",30,"Niet aanwezig","Daglicht","Droog",\N,"600901014","Kuilpad","Zaandam","Zaanstad","Noord-Holland",false,52.464492,4.823942,"material damage only","4","clear",false,1,"GM0479"
"20240150019",2024,"Uitsluitend materiele schade",1,"Fiets",\N,"Onbekend","Rechte weg",30,"Brandend","Duisternis","Droog",\N,"600286034","Nieuwe Sint Jansstraat","Groningen","Groningen","Groningen",false,53.220811,6.574151,"material damage only","4","clear",false,1,"GM0014"