"accident_id","year","severity_raw","party_count","party1_type","party2_type","accident_type","road_situation","speed_limit_kmh","road_lighting","light_condition_label","weather_raw","infra_type","road_segment_id","street_name","place_name","gemeente_name_raw","province","alcohol_indicated","latitude","longitude","severity_label","severity_code","weather_label","built_up_area","cyclists_involved","gemeente_code"
"20240150129",2024,"Uitsluitend materiele schade",2,"Personenauto","Fiets","Frontaal","Kruispunt, 4 takken",50,"Niet brandend","Duisternis","Regen",\N,\N,"Briandlaan","Haarlem","Haarlem","Noord-Holland",false,52.360324,4.657248,"material damage only","4","rain",false,1,"GM0392"
"20240138507",2024,"Letsel",2,"Personenauto","Fiets","Onbekend","Rechte weg",80,"Niet brandend","Daglicht","Droog",\N,"600615651","Oldenzaalsestraat","Losser","Losser","Overijssel",false,52.280994,6.966104,"injury","2","clear",false,1,"GM0168"
"20240137934",2024,"Uitsluitend materiele schade",2,"Personenauto","e-bike","Frontaal","Kruispunt, 4 takken",30,"Niet brandend","Daglicht","Droog",\N,\N,"Kraaienweg","Apeldoorn","Apeldoorn","Gelderland",false,52.197708,5.965506,"material damage only","4","clear",false,1,"GM0200"
"20240138544",2024,"Letsel",2,"Bestelauto","Fiets","Flank","Kruispunt, 3 takken",80,"Niet brandend","Daglicht","Regen",\N,\N,"Hardenbergerweg","Brucht","Hardenberg","Overijssel",false,52.557743,6.619374,"injury","2","rain",false,1,"GM0160"
"20240143917",2024,"Letsel",3,"Snorfiets","Fiets","Onbekend","Kruispunt, 4 takken",50,"Brandend","Duisternis","Droog",\N,\N,"Viljoenstraat","'s-Gravenhage","'s-Gravenhage","Zuid-Holland",false,52.061883,4.291171,"injury","2","clear",false,1,"GM0518"
"20240143940",2024,"Letsel",2,"Fiets","Personenauto","Flank","Rechte weg",30,"Niet brandend","Daglicht","Droog",\N,"600764925","Hogeweg","Amsterdam","Amsterdam","Noord-Holland",false,52.354133,4.931258,"injury","2","clear",false,1,"GM0363"
"20240151555",2024,"Letsel",2,"Bus","Fiets","Flank","Rechte weg",30,"Brandend","Duisternis","Droog",\N,"272312055","Lange Viestraat","Utrecht","Utrecht","Utrecht",false,52.093247,5.115667,"injury","2","clear",false,1,"GM0344"
"20240139217",2024,"Dodelijk",2,"e-bike","Bromfiets","Frontaal","Rechte weg",50,"Niet aanwezig","Daglicht","Droog",\N,"600582604","Oudeschouw","Akkrum","Heerenveen","Friesland",false,53.061879,5.814634,"fatal","1","clear",false,1,"GM0074"
"20240135468",2024,"Letsel",2,"Personenauto","Fiets","Onbekend","Bocht",30,"Niet brandend","Daglicht","Droog",\N,"266190009","Oranjevrijstaatplein","Tilburg","Tilburg","Noord-Brabant",false,51.54656,5.070548,"injury","2","clear",false,1,"GM0855"
"20240136721",2024,"Uitsluitend materiele schade",2,"Personenauto","Fiets","Flank","Rotonde",50,"Niet brandend","Daglicht","Droog",\N,\N,"Akerstraat","Heerlen","Heerlen","Limburg",false,50.878226,5.987185,"material damage only","4","clear",false,1,"GM0917"
"20240141999",2024,"Uitsluitend materiele schade",2,"Personenauto","Fiets","Flank","Rechte weg",50,"Brandend","Duisternis","Regen",\N,"242381038","Klaprozenweg","Amsterdam","Amsterdam","Noord-Holland",false,52.405418,4.891415,"material damage only","4","rain",false,1,"GM0363"
"20240147793",2024,"Uitsluitend materiele schade",1,"Fiets",\N,"Onbekend","Rotonde",15,"Niet brandend","Daglicht","Regen",\N,\N,"Heerbaan","Veldhoven","Veldhoven","Noord-Brabant",false,51.421699,5.392434,"material damage only","4","rain",false,1,"GM0861"
"20240136182",2024,"Uitsluitend materiele schade",2,"Personenauto","Fiets","Frontaal","Rotonde",60,"Niet brandend","Daglicht","Droog",\N,\N,"Nieuwstraat","Eersel","Eersel","Noord-Brabant",false,51.364748,5.319979,"material damage only","4","clear",false,1,"GM0770"
"20240138695",2024,"Uitsluitend materiele schade",2,"Personenauto","Fiets","Flank","Rotonde",50,"Brandend","Duisternis","Droog",\N,\N,"Nieuwe Dukenburgseweg","Nijmegen","Nijmegen","Gelderland",false,51.816772,5.803731,"material damage only","4","clear",false,1,"GM0268"
"20240143039",2024,"Letsel",2,"Bromfiets","Fiets","Kop/staart","Rechte weg",\N,"Brandend","Duisternis","Droog",\N,"600717783","Sir Winston Churchillln","Rijswijk","Rijswijk","Zuid-Holland",false,52.034728,4.317442,"injury","2","clear",false,1,\N
"20240144707",2024,"Letsel",2,"Personenauto","Fiets","Flank","Rechte weg",50,"Niet aanwezig","Daglicht","Droog",\N,"600752674","Stationsweg","Sliedrecht","Sliedrecht","Zuid-Holland",false,51.822219,4.77206,"injury","2","clear",false,1,"GM0610"
"20240134385",2024,"Uitsluitend materiele schade",2,"Personenauto","Fiets","Frontaal","Rechte weg",30,"Niet brandend","Daglicht","Droog",\N,"222200055","Meidoornstraat","Breda","Breda","Noord-Brabant",false,51.589211,4.756251,"material damage only","4","clear",false,1,"GM0758"
"20240133802",2024,"Letsel",2,"e-bike",\N,"Eenzijdig","Rotonde",30,"Niet brandend","Schemer","Regen",\N,\N,"Lange Voort","Oegstgeest","Oegstgeest","Zuid-Holland",false,52.183785,4.484451,"injury","2","rain",false,1,"GM0579"
"20240146563",2024,"Uitsluitend materiele schade",2,"Personenauto","Fiets","Onbekend","Rotonde",50,"Brandend","Duisternis","Mist",\N,\N,"Regentessestraat","Venlo","Venlo","Limburg",false,51.364759,6.167861,"material damage only","4","fog",false,1,"GM0983"
"20240146821",2024,"Letsel",2,"Personenauto","Fiets","Flank","Rotonde",50,"Niet brandend","Daglicht","Droog",\N,\N,"Tudderenderweg","Sittard","Sittard-Geleen","Limburg",false,51.007233,5.887034,"injury","2","clear",false,1,"GM1883"
"20240135065",2024,"Letsel",2,"Motor","Fiets","Flank","Rechte weg",50,"Niet brandend","Daglicht","Droog",\N,"182190007","Spoorstraat","Roosendaal","Roosendaal","Noord-Brabant",false,51.545002,4.469702,"injury","2","clear",false,1,"GM1674"
"20240138927",2024,"Letsel",1,"Fiets",\N,"Flank","Rechte weg",50,"Niet brandend","Daglicht","Droog",\N,"600375408","Tubantiasingel","Enschede","Enschede","Overijssel",false,52.224326,6.878778,"injury","2","clear",false,1,"GM0153"
"20240153601",2024,"Uitsluitend materiele schade",2,"Personenauto","Fiets","Flank","Kruispunt, 4 takken",30,"Brandend","Duisternis","Droog",\N,\N,"Burgemeester Eliasstraat","Amsterdam","Amsterdam","Noord-Holland",false,52.380441,4.82673,"material damage only","4","clear",false,1,"GM0363"
"20230110471",2023,"Uitsluitend materiele schade",2,"Fiets","Fiets","Frontaal","Rechte weg",30,"Brandend","Duisternis","Regen",\N,"216206002","Grintweg","Breda","Breda","Noord-Brabant",false,51.615492,4.71484,"material damage only","4","rain",false,1,"GM0758"
"20240157730",2024,"Letsel",1,"Fiets",\N,"Eenzijdig",\N,30,"Brandend","Duisternis","Droog",\N,"173305024","Laan van Leidschenveen","'s-Gravenhage","'s-Gravenhage","Zuid-Holland",false,52.058173,4.391538,"injury","2","clear",false,1,"GM0518"
"20240000660",2024,"Uitsluitend materiele schade",2,"Personenauto","Fiets","Flank","Rotonde",50,"Niet brandend","Daglicht","Droog",\N,\N,"M.A.de Ruijterlaan","Goes","Goes","Zeeland",false,51.498759,3.88638,"material damage only","4","clear",false,1,"GM0664"
"20240003174",2024,"Uitsluitend materiele schade",2,"Bromfiets","Fiets","Onbekend","Rechte weg",50,"Niet brandend","Schemer","Droog",\N,\N,"Singel 1940-1945","Oss","Oss","Noord-Brabant",false,51.772551,5.527291,"material damage only","4","clear",false,1,"GM0828"
"20240007659",2024,"Letsel",2,"Personenauto","Fiets","Flank","Kruispunt, 4 takken",30,"Niet brandend","Daglicht","Droog",\N,\N,"Postjesweg","Amsterdam","Amsterdam","Noord-Holland",false,52.364051,4.836718,"injury","2","clear",false,1,"GM0363"
"20240012441",2024,"Letsel",1,"Fiets",\N,"Eenzijdig","Rechte weg",50,"Niet brandend","Daglicht","Droog",\N,"155309058","Goudenregenstraat","'s-Gravenhage","'s-Gravenhage","Zuid-Holland",false,52.077523,4.263004,"injury","2","clear",false,1,"GM0518"
"20240017232",2024,"Uitsluitend materiele schade",2,"Snorfiets","Fiets","Flank","Kruispunt, 4 takken",30,"Niet aanwezig","Schemer","Droog",\N,\N,"Vechtstraat","Hattem","Hattem","Gelderland",false,52.477304,6.056226,"material damage only","4","clear",false,1,"GM0244"
"20230109308",2023,"Letsel",2,"Fiets","Fiets","Onbekend","Rechte weg",30,"Brandend","Duisternis","Droog",\N,"478384017","Manitobaplein","Vriezenveen","Twenterand","Overijssel",false,52.409784,6.62415,"injury","2","clear",false,1,"GM1700"
"20240000719",2024,"Letsel",2,"Fiets","Personenauto","Flank","Rechte weg",50,"Niet brandend","Schemer","Regen",\N,"601084924","Groeninx van Zoelenlaan","Rotterdam","Rotterdam","Zuid-Holland",false,51.885695,4.547007,"injury","2","rain",false,1,"GM0599"
"20240019473",2024,"Uitsluitend materiele schade",2,"Personenauto","Fiets","Flank","Rotonde",50,"Niet brandend","Daglicht","Droog",\N,\N,"Panweg","Zeist","Zeist","Utrecht",false,52.103042,5.239718,"material damage only","4","clear",false,1,"GM0355"
"20240021349",2024,"Letsel",2,"Personenauto","Fiets","Flank","Rotonde",50,"Niet brandend","Daglicht","Droog",\N,\N,"Purmerweg","Purmerend","Purmerend","Noord-Holland",false,52.503968,4.964254,"injury","2","clear",false,1,"GM0439"
"20230111732",2023,"Letsel",2,"Fiets","Personenauto","Flank","Kruispunt, 3 takken",50,"Niet brandend","Daglicht","Droog",\N,\N,"Admiraal De Ruijterweg","Amsterdam","Amsterdam","Noord-Holland",false,52.382524,4.851347,"injury","2","clear",false,1,"GM0363"
"20240157185",2024,"Uitsluitend materiele schade",2,"Personenauto","Fiets","Flank","Kruispunt, 4 takken",30,"Niet brandend","Daglicht","Regen",\N,\N,"Oerlesestraat","Tilburg","Tilburg","Noord-Brabant",false,51.547139,5.077745,"material damage only","4","rain",false,1,"GM0855"
"20240000919",2024,"Letsel",1,"Fiets",\N,"Onbekend",\N,50,\N,"Daglicht",\N,\N,"263190057","Slingepad","Tilburg","Tilburg","Noord-Brabant",false,51.545226,5.052007,"injury","2","unknown",false,1,"GM0855"
"20240001464",2024,"Letsel",1,"Fiets",\N,"Onbekend","Rechte weg",30,"Niet aanwezig","Daglicht","Droog",\N,"166261007","Herikweg","Hoogvliet Rotterdam","Rotterdam","Zuid-Holland",false,51.861757,4.34387,"injury","2","clear",false,1,"GM0599"
"20240007602",2024,"Letsel",3,"Personenauto","Fiets","Onbekend","Rechte weg",50,"Brandend","Duisternis","Droog",\N,"149290023","Mr. Jan Tuningstraat","Naaldwijk","Westland","Zuid-Holland",false,51.989891,4.216276,"injury","2","clear",false,1,"GM1783"
"20240022046",2024,"Letsel",3,"Personenauto","Fiets","Vast voorwerp","Bocht",30,"Niet brandend","Daglicht","Droog",\N,"600736888","Raadhuisplein","Krimpen aan den IJssel","Krimpen aan den IJssel","Zuid-Holland",false,51.914144,4.5882,"injury","2","clear",false,1,"GM0542"
"20240022537",2024,"Letsel",2,"Personenauto","Fiets","Onbekend",\N,\N,\N,"Daglicht",\N,\N,"180186082","President Kennedylaan","Roosendaal","Roosendaal","Noord-Brabant",false,51.526014,4.454693,"injury","2","unknown",false,1,"GM1674"
"20240022539",2024,"Letsel",2,"Fiets","Personenauto","Flank","Kruispunt, 4 takken",50,"Niet brandend","Daglicht","Regen",\N,\N,"Oudelandselaan","Berkel en Rodenrijs","Lansingerland","Zuid-Holland",false,51.993505,4.465741,"injury","2","rain",false,1,"GM1621"
"20240154987",2024,"Letsel",2,"Fiets","Bromfiets","Flank","Kruispunt, 3 takken",30,"Niet brandend","Duisternis","Regen",\N,\N,"Van Vollenhovenplein","Leiden","Leiden","Zuid-Holland",false,52.149438,4.510034,"injury","2","rain",false,1,"GM0546"
"20240001760",2024,"Letsel",2,"Bromfiets","Fiets","Frontaal","Kruispunt, 3 takken",30,"Niet brandend","Daglicht","Regen",\N,"600651184","Mathenesserweg","Rotterdam","Rotterdam","Zuid-Holland",false,51.914604,4.438326,"injury","2","rain",false,1,"GM0599"
"20240004975",2024,"Letsel",2,"Personenauto","Fiets","Flank","Rotonde",50,"Niet brandend","Daglicht","Droog",\N,\N,"Zandstraat","Culemborg","Culemborg","Gelderland",false,51.952339,5.22933,"injury","2","clear",false,1,"GM0216"
"20240022872",2024,"Letsel",2,"Fiets",\N,"Onbekend","Rechte weg",\N,"Niet brandend","Daglicht","Droog",\N,"207248017","Ln der Verenigde Naties","Dordrecht","Dordrecht","Zuid-Holland",false,51.804831,4.64698,"injury","2","clear",false,1,"GM0505"
"20240022933",2024,"Letsel",2,"Personenauto","Fiets","Flank","Kruispunt, 4 takken",50,"Niet brandend","Daglicht","Regen",\N,\N,"Noordkil","Papendrecht","Papendrecht","Zuid-Holland",false,51.836181,4.718517,"injury","2","rain",false,1,"GM0590"
"20240151754",2024,"Uitsluitend materiele schade",2,"Personenauto","Fiets","Flank","Kruispunt, 4 takken",50,"Niet brandend","Daglicht","Droog",\N,\N,"Middenweg","Lelystad","Lelystad","Flevoland",false,52.50621,5.473989,"material damage only","4","clear",false,1,"GM0995"
"20240152416",2024,"Letsel",2,"Fiets","Bestelauto","Flank","Rotonde",50,"Brandend","Schemer","Regen",\N,\N,"Koningin Julianaweg","'s-Gravenzande","Westland","Zuid-Holland",false,52.003459,4.170572,"injury","2","rain",false,1,"GM1783"
"20240156033",2024,"Uitsluitend materiele schade",3,"Scootmobiel","Fiets","Vast voorwerp","Rechte weg",30,"Niet brandend","Daglicht","Droog",\N,"218204122","Melkpad","Breda","Breda","Noord-Brabant",false,51.606717,4.72819,"material damage only","4","clear",false,1,"GM0758"
"20240010570",2024,"Letsel",2,"Personenauto","Fiets","Onbekend","Rechte weg",50,"Niet brandend","Daglicht","Droog",\N,"213406147","Beethovenstraat","Heemskerk","Heemskerk","Noord-Holland",false,52.514243,4.676724,"injury","2","clear",false,1,"GM0396"
"20240012593",2024,"Letsel",1,"Fiets",\N,"Onbekend","Rechte weg",50,"Niet brandend","Daglicht","Droog",\N,"179337010","Lageweg","Katwijk","Katwijk","Zuid-Holland",false,52.202591,4.436867,"injury","2","clear",false,1,"GM0537"
"20240023694",2024,"Letsel",1,"Fiets",\N,"Onbekend","Rechte weg",50,"Niet brandend","Daglicht","Droog","Tankstation","154287097","Lierweg","De Lier","Westland","Zuid-Holland",false,51.976684,4.259224,"injury","2","clear",false,1,"GM1783"
"20240023916",2024,"Uitsluitend materiele schade",2,"Personenauto","Fiets","Onbekend","Rotonde",50,"Niet brandend","Daglicht","Regen",\N,\N,"Primulalaan","Waalre","Waalre","Noord-Brabant",false,51.40051,5.470265,"material damage only","4","rain",false,1,"GM0866"
"20240002548",2024,"Uitsluitend materiele schade",2,"Personenauto","Fiets","Flank","Kruispunt, 4 takken",30,"Niet brandend","Daglicht",\N,\N,\N,"Geenhovensedreef","Valkenswaard","Valkenswaard","Noord-Brabant",false,51.360772,5.453342,"material damage only","4","unknown",false,1,"GM0858"
"20240005643",2024,"Letsel",2,"Personenauto","Fiets","Flank","Kruispunt, 4 takken",50,"Niet brandend","Daglicht","Droog",\N,\N,"Maerelaan","Heemskerk","Heemskerk","Noord-Holland",false,52.512832,4.678602,"injury","2","clear",false,1,"GM0396"
"20240009775",2024,"Letsel",2,"Personenauto","Fiets","Flank","Kruispunt, 4 takken",50,"Brandend","Duisternis","Regen",\N,\N,"Leemweg","Wijchen","Wijchen","Gelderland",false,51.803703,5.755169,"injury","2","rain",false,1,"GM0296"
"20240017950",2024,"Uitsluitend materiele schade",1,"Fiets",\N,"Kop/staart","Kruispunt, 4 takken",50,"Niet brandend","Daglicht","Droog",\N,\N,"Grundellaan","Hengelo","Hengelo (O)","Overijssel",false,52.260696,6.804529,"material damage only","4","clear",false,1,\N
"20240156120",2024,"Uitsluitend materiele schade",2,"Personenauto","Fiets","Flank","Bocht",50,"Niet brandend","Daglicht","Droog",\N,"393044092","Klompstraat","Heerlen","Heerlen","Limburg",false,50.889116,5.981461,"material damage only","4","clear",false,1,"GM0917"
"20240001890",2024,"Letsel",2,"Fiets","Fiets","Frontaal","Kruispunt, 3 takken",60,"Brandend","Schemer","Regen",\N,\N,"Elingsloane","Burgum","Tytsjerksteradiel","Friesland",false,53.206238,5.982153,"injury","2","rain",false,1,"GM0737"
"20240003915",2024,"Uitsluitend materiele schade",2,"Personenauto","Fiets","Flank","Kruispunt, 3 takken",30,"Niet brandend","Daglicht","Sneeuw/Hagel",\N,\N,"S.L. Louwesstraat","Enschede","Enschede","Overijssel",false,52.206186,6.863988,"material damage only","4","unknown",false,1,"GM0153"
"20240008778",2024,"Uitsluitend materiele schade",2,"Fiets","Fiets","Flank","Rechte weg",30,"Niet brandend","Daglicht","Droog/Harde windstoten","Tunnel","390338069","Burg Jhr Q v Uffordln","Apeldoorn","Apeldoorn","Gelderland",false,52.210107,5.97758,"material damage only","4","unknown",false,1,"GM0200"
"20240008783",2024,"Uitsluitend materiele schade",2,"Personenauto","Fiets","Onbekend","Rotonde",50,"Niet brandend","Daglicht","Droog",\N,\N,"Zuidersingel","Leeuwarden","Leeuwarden","Friesland",false,53.196963,5.788961,"material damage only","4","clear",false,1,"GM0080"
"20240009430",2024,"Uitsluitend materiele schade",2,"Personenauto","Fiets","Flank","Rotonde",50,"Brandend","Duisternis","Regen",\N,\N,"Broekheurne-ring","Enschede","Enschede","Overijssel",false,52.191874,6.866422,"material damage only","4","rain",false,1,"GM0153"
"20240011502",2024,"Letsel",2,"Personenauto","Fiets","Onbekend","Rotonde",30,"Niet brandend","Daglicht","Droog",\N,\N,"Smeden","Emmeloord","Noordoostpolder","Flevoland",false,52.708805,5.752784,"injury","2","clear",false,1,"GM0171"
"20240012071",2024,"Letsel",2,"Personenauto","Fiets","Flank","Rechte weg",30,"Brandend","Duisternis","Droog",\N,"600717384","Stieltjesstraat","'s-Gravenhage","'s-Gravenhage","Zuid-Holland",false,52.05957,4.314896,"injury","2","clear",false,1,"GM0518"
"20240012087",2024,"Letsel",1,"Fiets",\N,"Onbekend","Rechte weg",50,"Niet brandend","Daglicht","Droog",\N,"600890589","Thorbeckelaan","'s-Gravenhage","'s-Gravenhage","Zuid-Holland",false,52.065064,4.251495,"injury","2","clear",false,1,"GM0518"
"20240018086",2024,"Letsel",2,"e-bike","Fiets","Onbekend","Kruispunt, 3 takken",\N,"Niet brandend","Daglicht","Droog",\N,\N,"Bolswarderweg","Sneek","Súdwest-Fryslân","Friesland",false,53.035188,5.653173,"injury","2","clear",false,1,"GM1900"
"20240019130",2024,"Letsel",2,"Bromfiets","Fiets","Flank","Rechte weg",30,"Brandend","Duisternis","Droog",\N,\N,"Spreeuwenlaan","Schagen","Schagen","Noord-Holland",false,52.783359,4.784297,"injury","2","clear",false,1,"GM0441"
"20240009474",2024,"Uitsluitend materiele schade",1,"Fiets",\N,"Flank","Rotonde",50,"Niet aanwezig","Duisternis","Droog",\N,\N,"Westerplantage","Leeuwarden","Leeuwarden","Friesland",false,53.200727,5.789028,"material damage only","4","clear",false,1,"GM0080"
"20240010713",2024,"Letsel",2,"Fiets","Personenauto","Onbekend","Kruispunt, 4 takken",50,"Niet brandend","Daglicht","Regen",\N,\N,"Beurtschip","Hoorn","Hoorn","Noord-Holland",false,52.657679,5.061651,"injury","2","rain",false,1,"GM0405"
"20240013747",2024,"Uitsluitend materiele schade",2,"Personenauto","Fiets","Onbekend","Kruispunt, 3 takken",30,"Brandend","Duisternis","Droog",\N,\N,"Sint Jacobsstraat","Galder","Alphen-Chaam","Noord-Brabant",false,51.514055,4.773958,"material damage only","4","clear",false,1,"GM1723"
"20240013753",2024,"Letsel",2,"Personenauto","Fiets","Flank","Kruispunt, 3 takken",50,"Niet brandend","Daglicht","Droog",\N,\N,"Gelrelaan","Waalwijk","Waalwijk","Noord-Brabant",false,51.677188,5.077021,"injury","2","clear",false,1,"GM0867"
"20240152561",2024,"Uitsluitend materiele schade",2,"Fiets","Fiets","Kop/staart","Kruispunt, 3 takken",30,"Niet brandend","Daglicht","Droog",\N,\N,"Engelandlaan","Haarlem","Haarlem","Noord-Holland",false,52.356253,4.644175,"material damage only","4","clear",false,1,"GM0392"
"20240152569",2024,"Letsel",2,"Personenauto","Fiets","Flank","Kruispunt, 4 takken",50,"Niet brandend","Daglicht","Droog",\N,\N,"IJzerweg","Alphen aan den Rijn","Alphen aan den Rijn","Zuid-Holland",false,52.15056,4.651454,"injury","2","clear",false,1,"GM0484"
"20240153244",2024,"Letsel",1,"Fiets",\N,"Onbekend","Rechte weg",15,"Brandend","Duisternis","Regen",\N,"241372036","Leidsestraat","Amsterdam","Amsterdam","Noord-Holland",false,52.364515,4.883355,"injury","2","rain",false,1,"GM0363"
"20230111932",2023,"Uitsluitend materiele schade",2,"Fiets","Vrachtauto","Flank","Kruispunt, 4 takken",30,"Niet brandend","Daglicht","Regen","Brug/viaduct",\N,"WILLEMSBRUG 0151","Amsterdam","Amsterdam","Noord-Holland",false,52.384963,4.881766,"material damage only","4","rain",false,1,"GM0363"
"20240156824",2024,"Uitsluitend materiele schade",2,"Personenauto","Fiets","Flank","Kruispunt, 4 takken",50,"Brandend","Duisternis","Droog",\N,\N,"Lagemorgenlaan","'s-Hertogenbosch","'s-Hertogenbosch","Noord-Brabant",false,51.694962,5.271429,"material damage only","4","clear",false,1,"GM0796"
"20240011567",2024,"Letsel",2,"Fiets","Personenauto","Flank","Kruispunt, 4 takken",30,"Niet brandend","Daglicht","Droog",\N,\N,"Admiraalstraat","Bunschoten-Spakenburg","Bunschoten","Utrecht",false,52.245629,5.375442,"injury","2","clear",false,1,"GM0313"
"20240013442",2024,"Letsel",2,"Personenauto","Fiets","Frontaal","Rechte weg",30,"Niet brandend","Daglicht","Droog",\N,\N,"Dubbele Buurt","Gouda","Gouda","Zuid-Holland",false,52.010216,4.710598,"injury","2","clear",false,1,"GM0513"
"20240013602",2024,"Letsel",2,"Fiets","Overig vast object","Vast voorwerp","Rechte weg",50,"Niet brandend","Daglicht","Regen",\N,"253405007","Van IJsendijkstraat","Purmerend","Purmerend","Noord-Holland",false,52.513717,4.968753,"injury","2","rain",false,1,"GM0439"
"20240154574",2024,"Uitsluitend materiele schade",2,"Fiets","Fiets","Flank","Rechte weg",\N,"Niet brandend","Schemer","Droog",\N,"209321069","Prinses Irenelaan","Alphen aan den Rijn","Alphen aan den Rijn","Zuid-Holland",false,52.134453,4.654194,"material damage only","4","clear",false,1,"GM0484"
"20230108445",2023,"Uitsluitend materiele schade",2,"Personenauto","Fiets","Onbekend","Kruispunt, 4 takken",50,"Niet brandend","Daglicht","Droog",\N,\N,"Nagelerstraat","Emmeloord","Noordoostpolder","Flevoland",false,52.709659,5.754005,"material damage only","4","clear",false,1,"GM0171"
"20240010778",2024,"Uitsluitend materiele schade",2,"Fiets","Bromfiets","Flank","Kruispunt, 4 takken",30,"Niet brandend","Daglicht","Droog",\N,\N,"Van Diggelenstraat","Emmeloord","Noordoostpolder","Flevoland",false,52.712437,5.757435,"material damage only","4","clear",false,1,"GM0171"
"20240013519",2024,"Letsel",2,"Personenauto","Fiets","Onbekend",\N,30,\N,"Schemer",\N,\N,\N,"Statenjachtstraat","Amsterdam","Amsterdam","Noord-Holland",false,52.406417,4.915792,"injury","2","unknown",false,1,"GM0363"
"20240014489",2024,"Uitsluitend materiele schade",2,"Snorfiets","Fiets","Onbekend","Kruispunt, 3 takken",\N,"Niet brandend","Daglicht","Regen",\N,\N,"Posthumalaan","Rotterdam","Rotterdam","Zuid-Holland",false,51.905299,4.496028,"material damage only","4","rain",false,1,"GM0599"
"20240014492",2024,"Letsel",2,"Fiets","Personenauto","Geparkeerd voertuig","Rechte weg",30,"Brandend","Duisternis","Regen",\N,"600727765","Schiekade","Rotterdam","Rotterdam","Zuid-Holland",false,51.927367,4.475116,"injury","2","rain",false,1,"GM0599"
"20240015404",2024,"Letsel",2,"Personenauto","Fiets","Flank","Kruispunt, 3 takken",30,"Niet brandend","Daglicht","Droog",\N,\N,"Paul Krugerstraat","Rotterdam","Rotterdam","Zuid-Holland",false,51.900297,4.499093,"injury","2","clear",false,1,"GM0599"
"20240015408",2024,"Letsel",2,"Fiets","Voetganger","Voetganger","Kruispunt, 3 takken",50,"Niet brandend","Daglicht","Regen",\N,"600984334","Groenstraat","Dongen","Dongen","Noord-Brabant",false,51.632668,4.912393,"injury","2","rain",false,1,"GM0766"
"20240152005",2024,"Letsel",2,"Personenauto","Fiets","Onbekend","Rechte weg",50,"Brandend","Duisternis","Droog",\N,"166305051","Geestbrugweg","Rijswijk","Rijswijk","Zuid-Holland",false,52.058165,4.341312,"injury","2","clear",false,1,\N
"20240013558",2024,"Letsel",2,"Bestelauto","Fiets","Flank","Kruispunt, 3 takken",60,"Niet brandend","Daglicht","Droog",\N,\N,"Georgiëweg","Den Burg","Texel","Noord-Holland",false,53.061622,4.79532,"injury","2","clear",false,1,"GM0448"
"20240014533",2024,"Uitsluitend materiele schade",2,"Personenauto","Fiets","Los voorwerp","Rechte weg",50,"Brandend","Duisternis","Droog",\N,"600917010","Pleinweg","Rotterdam","Rotterdam","Zuid-Holland",false,51.892188,4.477017,"material damage only","4","clear",false,1,"GM0599"
"20240155601",2024,"Uitsluitend materiele schade",2,"Fiets","Personenauto","Flank","Kruispunt, 4 takken",30,"Brandend","Duisternis","Droog",\N,\N,"Heiligenberg","Cuijk","Land van Cuijk","Noord-Brabant",false,51.731079,5.869051,"material damage only","4","clear",false,1,"GM1982"
"20240011706",2024,"Letsel",2,"Personenauto","Fiets","Los voorwerp","Rechte weg",50,"Niet brandend","Daglicht","Droog",\N,"264318003","Fermiweg","Utrecht","Utrecht","Utrecht",false,52.118929,5.050498,"injury","2","clear",false,1,"GM0344"
"20240016060",2024,"Uitsluitend materiele schade",2,"Fiets","Personenauto","Onbekend","Kruispunt, 3 takken",50,"Niet brandend","Daglicht","Droog",\N,\N,"Emopad","Geldrop","Geldrop-Mierlo","Noord-Brabant",false,51.410933,5.558068,"material damage only","4","clear",false,1,"GM1771"
"20240017822",2024,"Letsel",2,"Bestelauto","Fiets","Flank","Rotonde",30,"Niet brandend","Daglicht","Droog",\N,\N,"Continentenlaan","Stadskanaal","Stadskanaal","Groningen",false,52.991748,6.949198,"injury","2","clear",false,1,"GM0037"
"20230110915",2023,"Uitsluitend materiele schade",2,"Personenauto","Fiets","Onbekend","Rechte weg",30,\N,"Schemer",\N,\N,\N,"Poelaertstraat","Eindhoven","Eindhoven","Noord-Brabant",false,51.464451,5.463444,"material damage only","4","unknown",false,1,"GM0772"
"20240157581",2024,"Letsel",2,"Fiets","Personenauto","Flank","Kruispunt, 4 takken",50,"Niet brandend","Daglicht","Droog",\N,\N,"Van Maerlantstraat","Veenendaal","Veenendaal","Utrecht",false,52.027907,5.529781,"injury","2","clear",false,1,"GM0345"
"20240015505",2024,"Letsel",3,"Bromfiets","Fiets","Flank","Kruispunt, 4 takken",30,"Brandend","Daglicht","Regen",\N,\N,"Westblaak","Rotterdam","Rotterdam","Zuid-Holland",false,51.917922,4.480866,"injury","2","rain",false,1,"GM0599"
"20240019194",2024,"Letsel",2,"Fiets","Fiets","Frontaal","Bocht",\N,"Niet brandend","Daglicht","Droog",\N,"199346003","Pieter Boekelpad","Lisserbroek","Haarlemmermeer","Noord-Holland",false,52.2446,4.581862,"injury","2","clear",false,1,"GM0394"
"20240019382",2024,"Uitsluitend materiele schade",2,"Personenauto","Fiets","Flank","Kruispunt, 3 takken",50,"Niet brandend","Daglicht","Droog",\N,\N,"De Kranshof","Tiel","Tiel","Gelderland",false,51.891795,5.438472,"material damage only","4","clear",false,1,"GM0281"