"accident_id","year","severity_raw","party_count","party1_type","party2_type","accident_type","road_situation","speed_limit_kmh","road_lighting","light_condition_label","weather_raw","infra_type","road_segment_id","street_name","place_name","gemeente_name_raw","province","alcohol_indicated","latitude","longitude","severity_label","severity_code","weather_label","built_up_area","cyclists_involved","gemeente_code"
"20240030327",2024,"Letsel",2,"Personenauto","Fiets","Onbekend","Rotonde",50,"Niet brandend","Daglicht","Droog",\N,\N,"Willem Dreeslaan","Zoetermeer","Zoetermeer","Zuid-Holland",false,52.061525,4.529726,"injury","2","clear",false,1,"GM0637"
"20230070839",2023,"Uitsluitend materiele schade",2,"Personenauto","Fiets","Onbekend","Kruispunt, 4 takken",50,"Niet brandend","Daglicht","Droog",\N,\N,"Ringbaan-Oost","Tilburg","Tilburg","Noord-Brabant",false,51.565485,5.100455,"material damage only","4","clear",false,1,"GM0855"
"20230077061",2023,"Letsel",1,"Fiets",\N,"Eenzijdig","Kruispunt, 3 takken",50,"Niet brandend","Daglicht","Droog",\N,"601112093","Vierhavensstraat","Rotterdam","Rotterdam","Zuid-Holland",false,51.912561,4.431494,"injury","2","clear",false,1,"GM0599"
"20230021269",2023,"Letsel",2,"Personenauto","Fiets","Flank","Kruispunt, 4 takken",50,"Niet brandend","Schemer","Regen",\N,\N,"Clematislaan","Gouda","Gouda","Zuid-Holland",false,52.026715,4.701524,"injury","2","rain",false,1,"GM0513"
"20230021845",2023,"Uitsluitend materiele schade",3,"Motor","Fiets","Onbekend","Rechte weg",60,"Niet brandend","Schemer","Regen",\N,"600746566","Kerkweg","Lekkerkerk","Krimpenerwaard","Zuid-Holland",false,51.907754,4.684504,"material damage only","4","rain",false,1,"GM1931"
"20230022957",2023,"Letsel",2,"e-bike","Fiets","Frontaal","Rotonde",50,"Niet brandend","Daglicht","Droog",\N,\N,"FIETSPAD","Voorhout","Teylingen","Zuid-Holland",false,52.224352,4.501775,"injury","2","clear",false,1,"GM1525"
"20230023524",2023,"Letsel",1,"Fiets",\N,"Eenzijdig","Rechte weg",30,"Niet brandend","Daglicht","Droog",\N,"167293061","Chirurgijnstraat","Delft","Delft","Zuid-Holland",false,52.002738,4.348237,"injury","2","clear",false,1,"GM0503"
"20230027598",2023,"Uitsluitend materiele schade",2,"Personenauto","Fiets","Onbekend","Kruispunt, 4 takken",30,"Niet brandend","Schemer","Droog",\N,\N,"Spoorstraat","Oost-Souburg","Vlissingen","Zeeland",false,51.464604,3.595521,"material damage only","4","clear",false,1,"GM0718"
"20240028909",2024,"Uitsluitend materiele schade",2,"Fiets","Fiets","Frontaal","Rechte weg",50,"Niet brandend","Daglicht","Droog",\N,"600386857","Mr. H.F. de Boerlaan","Deventer","Deventer","Overijssel",false,52.24833,6.168618,"material damage only","4","clear",false,1,"GM0150"
"20230036079",2023,"Uitsluitend materiele schade",2,"Personenauto","Fiets","Flank","Rechte weg",30,"Niet brandend","Daglicht","Droog",\N,"513339032","Wethouder Gerbertstraat","Enschede","Enschede","Overijssel",false,52.205384,6.878841,"material damage only","4","clear",false,1,"GM0153"
"20230071069",2023,"Letsel",2,"Fiets","Personenauto","Onbekend","Kruispunt, 4 takken",50,"Niet brandend","Daglicht","Droog",\N,\N,"Marinus van Meelweg","Eindhoven","Eindhoven","Noord-Brabant",false,51.454286,5.393527,"injury","2","clear",false,1,"GM0772"
"20230071548",2023,"Letsel",2,"Personenauto","Fiets","Geparkeerd voertuig","Rechte weg",30,"Brandend","Duisternis","Droog",\N,"265194045","Alleenhouderstraat","Tilburg","Tilburg","Noord-Brabant",false,51.56262,5.068248,"injury","2","clear",false,1,"GM0855"
"20230072257",2023,"Uitsluitend materiele schade",2,"Personenauto","Fiets","Flank","Kruispunt, 4 takken",50,"Niet brandend","Daglicht","Droog",\N,\N,"Wapenrustlaan","Apeldoorn","Apeldoorn","Gelderland",false,52.213812,5.985938,"material damage only","4","clear",false,1,"GM0200"
"20230017857",2023,"Letsel",2,"Fiets","Fiets","Onbekend","Kruispunt, 4 takken",30,"Niet brandend","Daglicht","Regen",\N,\N,"Zinkerstraat","Haarlem","Haarlem","Noord-Holland",false,52.369147,4.648446,"injury","2","rain",false,1,"GM0392"
"20230018425",2023,"Uitsluitend materiele schade",2,"Fiets","e-bike","Flank","Kruispunt, 4 takken",50,"Niet brandend","Daglicht","Droog",\N,\N,"Panneroodstraat","Zaandam","Zaanstad","Noord-Holland",false,52.444546,4.834492,"material damage only","4","clear",false,1,"GM0479"
"20240026447",2024,"Uitsluitend materiele schade",2,"Personenauto","Fiets","Flank","Kruispunt, 4 takken",30,"Niet brandend","Daglicht","Droog",\N,\N,"Elferinksweg","Enschede","Enschede","Overijssel",false,52.213298,6.860779,"material damage only","4","clear",false,1,"GM0153"
"20230023001",2023,"Letsel",2,"Bestelauto","Fiets","Onbekend","Kruispunt, 4 takken",30,"Niet brandend","Daglicht","Droog",\N,\N,"Tulpenburg","Oegstgeest","Oegstgeest","Zuid-Holland",false,52.174837,4.45061,"injury","2","clear",false,1,"GM0579"
"20230026461",2023,"Letsel",1,"Fiets",\N,"Eenzijdig","Kruispunt, 4 takken",50,"Niet brandend","Daglicht","Droog",\N,\N,"Lange Zantelweg","Poortugaal","Albrandswaard","Zuid-Holland",false,51.857391,4.395745,"injury","2","clear",false,1,"GM0613"
"20240027762",2024,"Uitsluitend materiele schade",2,"Personenauto","Fiets","Kop/staart","Kruispunt, 3 takken",30,"Niet brandend","Daglicht","Droog",\N,\N,"M.C.Verloopweg","Leersum","Utrechtse Heuvelrug","Utrecht",false,52.012487,5.432664,"material damage only","4","clear",false,1,"GM1581"
"20230031088",2023,"Uitsluitend materiele schade",2,"Personenauto","e-bike","Flank","Rotonde",50,"Niet brandend","Daglicht","Droog",\N,\N,"Oude Baan","Rosmalen","'s-Hertogenbosch","Noord-Brabant",false,51.710876,5.376564,"material damage only","4","clear",false,1,"GM0796"
"20230074151",2023,"Letsel",2,"Fiets","Fiets","Flank","Kruispunt, 4 takken",60,"Niet brandend","Daglicht","Droog",\N,\N,"Koningstraat","Afferden","Druten","Gelderland",false,51.882688,5.645759,"injury","2","clear",false,1,"GM0225"
"20230076552",2023,"Letsel",2,"Vrachtauto","Fiets","Eenzijdig","Kruispunt, 4 takken",30,"Niet brandend","Daglicht","Droog",\N,\N,"Oosterstraat","Baarn","Baarn","Utrecht",false,52.208833,5.293265,"injury","2","clear",false,1,"GM0308"
"20230018462",2023,"Uitsluitend materiele schade",2,"Fiets","Personenauto","Frontaal","Kruispunt, 4 takken",30,"Niet brandend","Daglicht","Droog",\N,\N,"Houtensewetering","Houten","Houten","Utrecht",false,52.022263,5.157023,"material damage only","4","clear",false,1,"GM0321"
"20240027144",2024,"Uitsluitend materiele schade",2,"Fiets","Personenauto","Flank","Kruispunt, 3 takken",50,"Brandend","Duisternis","Droog",\N,\N,"Laan van Kuipershof","Apeldoorn","Apeldoorn","Gelderland",false,52.195995,5.991227,"material damage only","4","clear",false,1,"GM0200"
"20230023582",2023,"Letsel",2,"Personenauto","Fiets","Flank","Kruispunt, 4 takken",50,"Brandend","Duisternis","Droog",\N,\N,"Kruithuispad","Delft","Delft","Zuid-Holland",false,51.989471,4.358821,"injury","2","clear",false,1,"GM0503"
"20230028806",2023,"Uitsluitend materiele schade",2,"Bromfiets","Fiets","Frontaal","Rechte weg",50,"Niet brandend","Daglicht","Droog",\N,"146254002","TRAMBAAN","Hellevoetsluis","Voorne aan Zee","Zuid-Holland",false,51.82829,4.202621,"material damage only","4","clear",false,1,"GM1992"
"20230072510",2023,"Uitsluitend materiele schade",2,"Personenauto","e-bike","Flank","Rotonde",50,"Niet brandend","Daglicht","Droog",\N,\N,"Rijksstraatweg","Geldermalsen","West Betuwe","Gelderland",false,51.872809,5.288551,"material damage only","4","clear",false,1,"GM1960"
"20230072723",2023,"Letsel",2,"Bestelauto","Fiets","Eenzijdig","Rechte weg",50,"Niet brandend","Daglicht","Droog",\N,"600810063","Hoofdweg","Ederveen","Ede","Gelderland",false,52.066479,5.576903,"injury","2","clear",false,1,"GM0228"
"20230076683",2023,"Letsel",2,"Personenauto","Fiets","Flank","Kruispunt, 3 takken",50,"Niet brandend","Daglicht","Droog",\N,\N,"Pieter Joostenlaan","Wilnis","De Ronde Venen","Utrecht",false,52.200932,4.896072,"injury","2","clear",false,1,"GM0736"
"20230076937",2023,"Letsel",2,"Fiets","Boom","Vast voorwerp","Rechte weg",30,"Niet brandend","Daglicht","Droog",\N,"600494963","FIETSPAD","Zoetermeer","Zoetermeer","Zuid-Holland",false,52.065536,4.457098,"injury","2","clear",false,1,"GM0637"
"20230077490",2023,"Letsel",2,\N,"Fiets","Eenzijdig","Rechte weg",50,"Brandend","Duisternis","Droog","Tunnel","183328068","Plesmanlaan","Leiden","Leiden","Zuid-Holland",false,52.163958,4.469077,"injury","2","clear",false,1,"GM0546"
"20230077492",2023,"Letsel",1,"Fiets",\N,"Eenzijdig","Rechte weg",30,"Brandend","Duisternis","Droog",\N,"184331021","de Kempenaerstraat","Oegstgeest","Oegstgeest","Zuid-Holland",false,52.177184,4.473078,"injury","2","clear",false,1,"GM0579"
"20230017344",2023,"Uitsluitend materiele schade",2,"Personenauto","Fiets","Frontaal","Rotonde",50,"Brandend","Schemer","Regen",\N,\N,"Zeeweg","Heiloo","Heiloo","Noord-Holland",false,52.606487,4.688264,"material damage only","4","rain",false,1,"GM0399"
"20230017346",2023,"Letsel",3,"Personenauto","Fiets","Onbekend","Kruispunt, 4 takken",50,"Niet brandend","Daglicht","Droog",\N,\N,"Muiderwaard","Alkmaar","Alkmaar","Noord-Holland",false,52.64628,4.753437,"injury","2","clear",false,1,"GM0361"
"20230020260",2023,"Uitsluitend materiele schade",3,"Personenauto","Fiets","Onbekend","Kruispunt, 4 takken",50,"Brandend","Duisternis","Droog",\N,\N,"Aletta Jacobslaan","Amsterdam","Amsterdam","Noord-Holland",false,52.346948,4.832734,"material damage only","4","clear",false,1,"GM0363"
"20230022517",2023,"Letsel",2,"Personenauto","Fiets","Frontaal","Rechte weg",50,"Niet brandend","Daglicht","Droog",\N,"160307032","Kempstraat","'s-Gravenhage","'s-Gravenhage","Zuid-Holland",false,52.065653,4.294388,"injury","2","clear",false,1,"GM0518"
"20230023640",2023,"Letsel",3,"Fiets","Fiets","Frontaal","Bocht",50,"Niet aanwezig","Daglicht","Droog",\N,"600964262","Noordduinpad","Julianadorp","Den Helder","Noord-Holland",false,52.883823,4.715729,"injury","2","clear",false,1,"GM0400"
"20230076680",2023,"Letsel",3,"Fiets","Fiets","Onbekend","Rechte weg",60,"Niet brandend","Daglicht","Droog",\N,"600769538","Zesstedenweg","Scharwoude","Koggenland","Noord-Holland",false,52.628981,5.010416,"injury","2","clear",false,1,"GM1598"
"20230031800",2023,"Uitsluitend materiele schade",2,"Personenauto","Fiets","Flank","Kruispunt, 3 takken",50,\N,"Daglicht",\N,\N,\N,"Biest","Weert","Weert","Limburg",false,51.25993,5.713597,"material damage only","4","unknown",false,1,"GM0988"
"20240076879",2024,"Letsel",1,"Fiets",\N,"Onbekend","Rechte weg",50,"Niet brandend","Daglicht","Droog","Spoorwegovergang",\N,"Burg D Kooimanweg","Purmerend","Purmerend","Noord-Holland",false,52.506898,4.95572,"injury","2","clear",false,1,"GM0439"
"20240032170",2024,"Letsel",2,"Personenauto","Fiets","Onbekend","Bocht",50,"Niet brandend","Daglicht","Regen",\N,"183321039","Multatulilaan","Voorschoten","Voorschoten","Zuid-Holland",false,52.131341,4.463031,"injury","2","rain",false,1,"GM0626"
"20240033453",2024,"Uitsluitend materiele schade",2,"Personenauto","Fiets","Onbekend","Bocht",30,"Niet brandend","Daglicht","Droog",\N,"348036034","Hermelijnstraat","Maastricht","Maastricht","Limburg",false,50.855189,5.663232,"material damage only","4","clear",false,1,"GM0935"
"20240034105",2024,"Uitsluitend materiele schade",2,"Vrachtauto","Fiets","Onbekend","Rechte weg",50,"Niet brandend","Daglicht","Droog",\N,"317164071","Rooijakkersstraat","Eindhoven","Eindhoven","Noord-Brabant",false,51.429596,5.442779,"material damage only","4","clear",false,1,"GM0772"
"20240042574",2024,"Letsel",2,"Fiets","Fiets","Frontaal","Rechte weg",50,"Niet brandend","Daglicht","Droog","Bus-/Tramhalte","600909856","Eendrachtsplein","Rotterdam","Rotterdam","Zuid-Holland",false,51.916448,4.473677,"injury","2","clear",false,1,"GM0599"
"20240076961",2024,"Letsel",2,"Bus","e-bike","Flank","Kruispunt, 4 takken",50,"Niet brandend","Daglicht","Droog",\N,\N,"Busbaan Parkwijk","Utrecht","Utrecht","Utrecht",false,52.08992,5.055238,"injury","2","clear",false,1,"GM0344"
"20240041309",2024,"Uitsluitend materiele schade",2,"Personenauto","Fiets","Flank","Kruispunt, 4 takken",30,"Niet brandend","Daglicht","Droog",\N,\N,"Rijnweg","Hoorn","Hoorn","Noord-Holland",false,52.654356,5.087702,"material damage only","4","clear",false,1,"GM0405"
"20240081417",2024,"Letsel",1,"Fiets",\N,"Onbekend","Bocht",50,"Niet brandend","Daglicht","Regen",\N,\N,"Schieweg","Delft","Delft","Zuid-Holland",false,51.993527,4.369142,"injury","2","rain",false,1,"GM0503"
"20240037652",2024,"Uitsluitend materiele schade",2,"Personenauto","Fiets","Flank","Rechte weg",50,"Niet brandend","Daglicht","Droog",\N,"278313097","Utrechtseweg","De Bilt","De Bilt","Utrecht",false,52.098146,5.160199,"material damage only","4","clear",false,1,"GM0310"
"20240076468",2024,"Letsel",3,"Fiets","Fiets","Onbekend","Rechte weg",30,"Niet brandend","Daglicht","Droog",\N,"350614031","Heideveld","Ballum","Ameland","Friesland",false,53.448501,5.693568,"injury","2","clear",false,1,"GM0060"
"20240080448",2024,"Letsel",2,"Personenauto","Fiets","Flank","Kruispunt, 3 takken",50,"Niet brandend","Daglicht","Droog",\N,\N,"van Slotendreef","Rucphen","Rucphen","Noord-Brabant",false,51.53108,4.559837,"injury","2","clear",false,1,"GM0840"
"20240038334",2024,"Letsel",2,"Personenauto","Fiets","Los voorwerp","Kruispunt, 3 takken",50,"Niet brandend","Daglicht","Droog",\N,\N,"Voormalige Oudeweg","Haarlem","Haarlem","Noord-Holland",false,52.383911,4.650851,"injury","2","clear",false,1,"GM0392"
"20240038354",2024,"Letsel",2,"Fiets","Fiets","Kop/staart","Rechte weg",15,"Niet brandend","Daglicht","Droog",\N,"209384075","Vergierdeweg","Haarlem","Haarlem","Noord-Holland",false,52.414933,4.652189,"injury","2","clear",false,1,"GM0392"
"20240042100",2024,"Letsel",2,"Fiets","Personenauto","Flank","Rechte weg",50,"Brandend","Schemer","Droog",\N,"184277037","Bergweg","Rotterdam","Rotterdam","Zuid-Holland",false,51.933641,4.473504,"injury","2","clear",false,1,"GM0599"
"20240072471",2024,"Letsel",2,"Fiets","Overig vast object","Vast voorwerp","Rechte weg",30,"Niet aanwezig","Daglicht","Droog",\N,\N,"Kniplaan","Leidschendam","Leidschendam-Voorburg","Zuid-Holland",false,52.106364,4.435558,"injury","2","clear",false,1,"GM1916"
"20240079869",2024,"Uitsluitend materiele schade",2,"Brommobiel","Fiets","Flank","Rechte weg",50,"Niet brandend","Daglicht","Droog",\N,\N,"van Dedemstraat","Hoorn","Hoorn","Noord-Holland",false,52.646178,5.049029,"material damage only","4","clear",false,1,"GM0405"
"20240036819",2024,"Uitsluitend materiele schade",2,"Personenauto","Fiets","Flank","Kruispunt, 4 takken",30,"Niet brandend","Daglicht","Droog",\N,\N,"Lijsterstraat","Wolvega","Weststellingwerf","Friesland",false,52.8772,5.996224,"material damage only","4","clear",false,1,"GM0098"
"20240038434",2024,"Uitsluitend materiele schade",2,"Personenauto","Fiets","Flank","Rotonde",30,"Niet brandend","Daglicht","Regen",\N,\N,"Van Hoornekade","Utrecht","Utrecht","Utrecht",false,52.10999,5.092783,"material damage only","4","rain",false,1,"GM0344"
"20240077231",2024,"Letsel",2,"Personenauto","Fiets","Flank","Rechte weg",30,"Niet brandend","Daglicht","Droog",\N,"600691875","Prins Hendriklaan","Hoofddorp","Haarlemmermeer","Noord-Holland",false,52.300359,4.699894,"injury","2","clear",false,1,"GM0394"
"20240038461",2024,"Letsel",2,"Personenauto","Fiets","Flank","Rechte weg",30,"Niet brandend","Daglicht","Droog",\N,"215359116","Concourslaan","Hoofddorp","Haarlemmermeer","Noord-Holland",false,52.303906,4.692066,"injury","2","clear",false,1,"GM0394"
"20240048106",2024,"Uitsluitend materiele schade",2,"Personenauto","Fiets","Flank","Kruispunt, 3 takken",30,"Niet brandend","Daglicht","Regen",\N,\N,"Leidsevaart","Haarlem","Haarlem","Noord-Holland",false,52.36585,4.613356,"material damage only","4","rain",false,1,"GM0392"
"20240071904",2024,"Letsel",2,"Fiets","Bromfiets","Onbekend","Kruispunt, 3 takken",50,"Brandend","Schemer","Droog","Bus-/Tramhalte",\N,"Fultonstraat","'s-Gravenhage","'s-Gravenhage","Zuid-Holland",false,52.075912,4.279773,"injury","2","clear",false,1,"GM0518"
"20240071917",2024,"Letsel",1,"Fiets",\N,"Eenzijdig","Rechte weg",50,"Niet brandend","Daglicht","Droog",\N,"600729564","Kapelleboslaan","Noordwijk","Noordwijk","Zuid-Holland",false,52.287778,4.492054,"injury","2","clear",false,1,"GM0575"
"20240076599",2024,"Letsel",2,"Personenauto","Fiets","Flank","Kruispunt, 4 takken",80,"Niet aanwezig","Daglicht","Droog",\N,\N,"Vlakkeriet","Houwerzijl","Het Hogeland","Groningen",false,53.342562,6.359457,"injury","2","clear",false,1,"GM1966"
"20240078694",2024,"Letsel",1,"Fiets",\N,"Eenzijdig","Rechte weg",50,"Niet brandend","Daglicht","Regen",\N,"155310046","Goudenregenstraat","'s-Gravenhage","'s-Gravenhage","Zuid-Holland",false,52.077948,4.262587,"injury","2","rain",false,1,"GM0518"
"20240042271",2024,"Letsel",2,"Personenauto","e-bike","Frontaal","Kruispunt, 4 takken",50,"Niet brandend","Daglicht","Droog",\N,\N,"Reeshofdijk","Tilburg","Tilburg","Noord-Brabant",false,51.572968,5.019875,"injury","2","clear",false,1,"GM0855"
"20240048140",2024,"Letsel",1,"Fiets",\N,"Onbekend","Bocht",30,"Niet brandend","Daglicht","Regen","Tunnel","600931281","Gorskamplaan","Uitgeest","Uitgeest","Noord-Holland",false,52.516646,4.70569,"injury","2","rain",false,1,"GM0450"
"20240071943",2024,"Letsel",2,"Fiets","Overig vast object","Vast voorwerp","Rechte weg",50,"Niet brandend","Daglicht","Droog",\N,"186281002","Straatweg","Rotterdam","Rotterdam","Zuid-Holland",false,51.951983,4.489755,"injury","2","clear",false,1,"GM0599"
"20240081061",2024,"Letsel",2,"Fiets","Personenauto","Geparkeerd voertuig","Rechte weg",50,"Niet brandend","Daglicht","Droog",\N,"201250076","Moermond","Zwijndrecht","Zwijndrecht","Zuid-Holland",false,51.813727,4.60453,"injury","2","clear",false,1,"GM0642"
"20240033841",2024,"Uitsluitend materiele schade",2,"Bestelauto","Fiets","Flank","Kruispunt, 4 takken",30,"Niet brandend","Daglicht","Droog",\N,\N,"Erasmusstraat","'s-Hertogenbosch","'s-Hertogenbosch","Noord-Brabant",false,51.685278,5.324007,"material damage only","4","clear",false,1,"GM0796"
"20240072838",2024,"Uitsluitend materiele schade",3,"Personenauto","Fiets","Flank","Kruispunt, 4 takken",50,"Niet brandend","Daglicht","Regen",\N,\N,"Stationsplein","Deurne","Deurne","Noord-Brabant",false,51.456834,5.788975,"material damage only","4","rain",false,1,"GM0762"
"20240041689",2024,"Letsel",2,"Personenauto","Fiets","Onbekend","Bocht",50,"Niet brandend","Daglicht","Droog",\N,"256202016","Hectorstraat","Tilburg","Tilburg","Noord-Brabant",false,51.59934,4.998865,"injury","2","clear",false,1,"GM0855"
"20240072006",2024,"Letsel",1,"Fiets",\N,"Onbekend","Bocht",30,"Niet brandend","Daglicht","Droog",\N,"187326215","KOEPOORTSBRUG","Leiden","Leiden","Zuid-Holland",false,52.153487,4.489762,"injury","2","clear",false,1,"GM0546"
"20240080084",2024,"Letsel",2,"Personenauto","Fiets","Flank","Kruispunt, 3 takken",80,"Niet brandend","Daglicht","Droog",\N,\N,"Gedeputeerde Laanweg","Andijk","Medemblik","Noord-Holland",false,52.727418,5.174967,"injury","2","clear",false,1,"GM0420"
"20240040298",2024,"Uitsluitend materiele schade",2,"Fiets","Personenauto","Onbekend","Rotonde",50,"Niet brandend","Daglicht","Droog",\N,\N,"Oostoever","Amsterdam","Amsterdam","Noord-Holland",false,52.370359,4.830691,"material damage only","4","clear",false,1,"GM0363"
"20240041734",2024,"Letsel",2,"Bestelauto","Fiets","Los voorwerp","Kruispunt, 4 takken",50,"Niet brandend","Daglicht","Droog",\N,\N,"De Helling","Alblasserdam","Alblasserdam","Zuid-Holland",false,51.85803,4.660121,"injury","2","clear",false,1,"GM0482"
"20240072061",2024,"Letsel",2,"Fiets","Fiets","Flank","Rechte weg",50,"Niet aanwezig","Daglicht","Droog",\N,"600105109","Prinses Beatrixlaan","Rijswijk","Rijswijk","Zuid-Holland",false,52.040514,4.310195,"injury","2","clear",false,1,\N
"20240033354",2024,"Letsel",2,"Personenauto","Fiets","Kop/staart","Rechte weg",30,"Niet brandend","Daglicht","Droog",\N,"601015292","Maasboulevard","Cuijk","Land van Cuijk","Noord-Brabant",false,51.730331,5.883336,"injury","2","clear",false,1,"GM1982"
"20240050711",2024,"Uitsluitend materiele schade",2,"Snorfiets","Fiets","Kop/staart","Rechte weg",30,"Brandend","Daglicht","Regen",\N,"600105435","Westduinweg","'s-Gravenhage","'s-Gravenhage","Zuid-Holland",false,52.096207,4.269876,"material damage only","4","rain",false,1,"GM0518"
"20240033401",2024,"Letsel",1,"Fiets",\N,"Eenzijdig","Rechte weg",80,"Niet aanwezig","Daglicht","Droog",\N,"366022001","Duivenstraat","Mheer","Eijsden-Margraten","Limburg",false,50.788672,5.787352,"injury","2","clear",false,1,"GM1903"
"20240040352",2024,"Letsel",2,"Personenauto","Fiets","Onbekend","Rechte weg",30,"Niet brandend","Daglicht","Droog",\N,"600362990","Palmdwarsstraat","Amsterdam","Amsterdam","Noord-Holland",false,52.381815,4.883584,"injury","2","clear",false,1,"GM0363"
"20240041842",2024,"Uitsluitend materiele schade",2,"Personenauto","Fiets","Kop/staart","Rechte weg",30,"Niet brandend","Daglicht","Droog",\N,"103178044","Vedelplein","Goes","Goes","Zeeland",false,51.485187,3.897787,"material damage only","4","clear",false,1,"GM0664"
"20230091054",2023,"Uitsluitend materiele schade",2,"Personenauto","Fiets","Flank","Kruispunt, 4 takken",130,"Niet brandend","Daglicht","Droog",\N,\N,"Urmonderbaan","Geleen","Sittard-Geleen","Limburg",false,50.991719,5.807021,"material damage only","4","clear",false,1,"GM1883"
"20230093970",2023,"Letsel",2,"Personenauto","Fiets","Flank","Rechte weg",30,"Niet brandend","Daglicht","Regen",\N,"600386725","Hoendiep","Groningen","Groningen","Groningen",false,53.214433,6.547159,"injury","2","rain",false,1,"GM0014"
"20230096857",2023,"Uitsluitend materiele schade",2,"Personenauto","Fiets","Flank","Kruispunt, 4 takken",30,"Niet brandend","Daglicht","Droog",\N,\N,"Vondelstraat","Nijmegen","Nijmegen","Gelderland",false,51.840378,5.853605,"material damage only","4","clear",false,1,"GM0268"
"20230081143",2023,"Uitsluitend materiele schade",2,"Bestelauto","Fiets","Flank","Kruispunt, 3 takken",50,"Niet brandend","Daglicht","Droog",\N,\N,"Firmamentlaan","Eindhoven","Eindhoven","Noord-Brabant",false,51.469812,5.492033,"material damage only","4","clear",false,1,"GM0772"
"20230098087",2023,"Letsel",1,"e-bike",\N,"Eenzijdig","Kruispunt, 3 takken",50,"Brandend","Duisternis","Droog",\N,\N,"Piet Smitstraat","Enkhuizen","Enkhuizen","Noord-Holland",false,52.709862,5.284848,"injury","2","clear",false,1,"GM0388"
"20230099228",2023,"Uitsluitend materiele schade",2,"Personenauto","Fiets","Onbekend","Bocht",50,"Brandend","Duisternis","Regen",\N,"334207061","Udenseweg","Veghel","Meierijstad","Noord-Brabant",false,51.622232,5.56847,"material damage only","4","rain",false,1,"GM1948"
"20230101262",2023,"Uitsluitend materiele schade",2,"Fiets","Personenauto","Flank","Rotonde",50,"Niet brandend","Daglicht","Droog",\N,\N,"Prinses Julianaweg","Dordrecht","Dordrecht","Zuid-Holland",false,51.799149,4.666369,"material damage only","4","clear",false,1,"GM0505"
"20230082952",2023,"Letsel",2,"Snorfiets","Fiets","Onbekend","Kruispunt, 4 takken",50,"Niet brandend","Daglicht","Droog",\N,\N,"Nieuwe Ebbingestraat","Groningen","Groningen","Groningen",false,53.223501,6.563665,"injury","2","clear",false,1,"GM0014"
"20230086996",2023,"Letsel",2,"Personenauto","Fiets","Flank","Kruispunt, 4 takken",50,"Niet brandend","Daglicht","Regen",\N,\N,"Beeklaan","Hillegom","Hillegom","Zuid-Holland",false,52.296358,4.563679,"injury","2","rain",false,1,"GM0534"
"20230087565",2023,"Uitsluitend materiele schade",2,"Bromfiets","Fiets","Frontaal","Bocht",50,"Niet brandend","Daglicht","Droog",\N,"600684977","Koningin Máximalaan","Uithoorn","Uithoorn","Noord-Holland",false,52.245973,4.808396,"material damage only","4","clear",false,1,"GM0451"
"20230088763",2023,"Letsel",2,"Fiets","Bromfiets","Frontaal","Rechte weg",50,"Brandend","Duisternis","Droog",\N,"184264004","Slinge","Rotterdam","Rotterdam","Zuid-Holland",false,51.874153,4.474854,"injury","2","clear",false,1,"GM0599"
"20230088774",2023,"Letsel",2,"Personenauto","Fiets","Flank","Kruispunt, 3 takken",50,"Niet brandend","Daglicht","Droog",\N,\N,"Fultonstraat","Vlaardingen","Vlaardingen","Zuid-Holland",false,51.904158,4.311901,"injury","2","clear",false,1,"GM0622"
"20230100594",2023,"Letsel",3,"Vrachtauto","Fiets","Eenzijdig","Rechte weg",30,"Niet brandend","Daglicht","Droog",\N,"354019059","Diepstraat","Eijsden","Eijsden-Margraten","Limburg",false,50.775434,5.703091,"injury","2","clear",false,1,"GM1903"
"20230079462",2023,"Uitsluitend materiele schade",2,"Personenauto","Fiets","Flank","Kruispunt, 4 takken",30,"Niet brandend","Daglicht","Droog",\N,\N,"Groenstraat","Tilburg","Tilburg","Noord-Brabant",false,51.546948,5.098856,"material damage only","4","clear",false,1,"GM0855"
"20230081821",2023,"Uitsluitend materiele schade",2,"Fiets","Personenauto","Flank","Rechte weg",50,"Niet brandend","Daglicht","Droog",\N,"348036069","Terra cottaplein","Maastricht","Maastricht","Limburg",false,50.852073,5.658806,"material damage only","4","clear",false,1,"GM0935"
"20230085884",2023,"Uitsluitend materiele schade",2,"Personenauto","e-bike","Frontaal","Kruispunt, 3 takken",50,"Niet brandend","Daglicht","Regen",\N,\N,"Weitzelweg","Vriezenveen","Twenterand","Overijssel",false,52.407466,6.603755,"material damage only","4","rain",false,1,"GM1700"
"20230094664",2023,"Letsel",2,"Personenauto","Fiets","Flank","Rechte weg",30,"Niet brandend","Daglicht","Droog",\N,"342309057","Achterstraat","Lunteren","Ede","Gelderland",false,52.081191,5.622097,"injury","2","clear",false,1,"GM0228"
"20230104420",2023,"Letsel",2,"Fiets","Fiets","Kop/staart","Rechte weg",60,"Niet brandend","Duisternis","Regen",\N,"422450009","Haakswold","Ruinerwold","De Wolden","Drenthe",false,52.715946,6.22902,"injury","2","rain",false,1,"GM1690"
"20230103132",2023,"Letsel",2,"Bromfiets","Fiets","Flank","Kruispunt, 4 takken",30,"Brandend","Duisternis","Droog",\N,\N,"Professor Jonkersweg","Rotterdam","Rotterdam","Zuid-Holland",false,51.92389,4.436182,"injury","2","clear",false,1,"GM0599"