"accident_id","year","severity_raw","party_count","party1_type","party2_type","accident_type","road_situation","speed_limit_kmh","road_lighting","light_condition_label","weather_raw","infra_type","road_segment_id","street_name","place_name","gemeente_name_raw","province","alcohol_indicated","latitude","longitude","severity_label","severity_code","weather_label","built_up_area","cyclists_involved","gemeente_code"
"20230084795",2023,"Uitsluitend materiele schade",2,"Personenauto","Fiets","Frontaal","Rechte weg",30,"Brandend","Duisternis","Droog",\N,"327264015","Rozenstraat","Beneden-Leeuwen","West Maas en Waal","Gelderland",false,51.880189,5.518175,"material damage only","4","clear",false,1,"GM0668"
"20230101381",2023,"Letsel",4,"Personenauto","Fiets","Flank","Kruispunt, 4 takken",50,"Niet brandend","Daglicht","Droog",\N,\N,"Tomatenstraat","'s-Gravenhage","'s-Gravenhage","Zuid-Holland",false,52.066979,4.247692,"injury","2","clear",false,1,"GM0518"
"20230105047",2023,"Letsel",2,"Personenauto","Fiets","Flank","Kruispunt, 4 takken",30,"Niet brandend","Daglicht","Regen",\N,\N,"Burgemeester Kuntzelaan","Barneveld","Barneveld","Gelderland",false,52.141342,5.588636,"injury","2","rain",false,1,"GM0203"
"20230105061",2023,"Uitsluitend materiele schade",2,"Personenauto","Fiets","Flank","Bocht",50,"Niet brandend","Daglicht","Droog",\N,\N,"Hoefslag","Nijkerk","Nijkerk","Gelderland",false,52.221176,5.493043,"material damage only","4","clear",false,1,"GM0267"
"20230079557",2023,"Letsel",1,"Fiets",\N,"Eenzijdig","Rechte weg",50,"Niet brandend","Daglicht","Droog",\N,"601114778","Molenlaan","Rotterdam","Rotterdam","Zuid-Holland",false,51.955438,4.513902,"injury","2","clear",false,1,"GM0599"
"20230079577",2023,"Letsel",2,"Snorfiets","Fiets","Onbekend","Bocht",30,"Niet brandend","Daglicht","Droog",\N,"102183102","Grote Markt","Goes","Goes","Zeeland",false,51.504638,3.890592,"injury","2","clear",false,1,"GM0664"
"20230087126",2023,"Letsel",3,"Personenauto","Fiets","Onbekend","Kruispunt, 4 takken",50,"Niet brandend","Daglicht","Droog",\N,"161313030","Bankastraat","'s-Gravenhage","'s-Gravenhage","Zuid-Holland",false,52.094143,4.301805,"injury","2","clear",false,1,"GM0518"
"20230088896",2023,"Letsel",2,"Fiets","Voetganger","Voetganger","Rechte weg",50,"Niet brandend","Daglicht","Droog",\N,"600588618","W. van Vlietstraat","Oud-Beijerland","Hoeksche Waard","Zuid-Holland",false,51.820807,4.406051,"injury","2","clear",false,1,"GM1963"
"20230091876",2023,"Uitsluitend materiele schade",2,"Fiets","e-bike","Frontaal","Rotonde",50,"Niet brandend","Daglicht","Droog",\N,\N,"Langstraat","Venray","Venray","Limburg",false,51.519217,5.97052,"material damage only","4","clear",false,1,"GM0984"
"20230098277",2023,"Uitsluitend materiele schade",2,"Personenauto","Fiets","Flank","Rechte weg",30,"Niet brandend","Duisternis","Regen",\N,"230396032","Dr. Jan Mulderstraat","Zaandijk","Zaanstad","Noord-Holland",false,52.470246,4.801585,"material damage only","4","rain",false,1,"GM0479"
"20230080734",2023,"Uitsluitend materiele schade",2,"Personenauto","e-bike","Flank","Kruispunt, 4 takken",50,"Brandend","Duisternis","Droog",\N,\N,"Axelsestraat","Terneuzen","Terneuzen","Zeeland",false,51.334028,3.829948,"material damage only","4","clear",false,1,"GM0715"
"20230081936",2023,"Uitsluitend materiele schade",2,\N,"Fiets","Flank","Kruispunt, 4 takken",50,"Niet brandend","Daglicht","Droog",\N,\N,"Prins Mauritslaan","Maastricht","Maastricht","Limburg",false,50.847539,5.718723,"material damage only","4","clear",false,1,"GM0935"
"20230105683",2023,"Uitsluitend materiele schade",2,"Personenauto","Fiets","Flank","Rotonde",50,"Niet brandend","Daglicht","Droog",\N,\N,"Hoopjesweg","Hattem","Hattem","Gelderland",false,52.468915,6.070024,"material damage only","4","clear",false,1,"GM0244"
"20230091346",2023,"Uitsluitend materiele schade",2,"Bromfiets","Fiets","Onbekend","Rechte weg",50,"Niet brandend","Daglicht","Droog",\N,"600835197","Paardenbeemd","Wessem","Maasgouw","Limburg",false,51.163864,5.876705,"material damage only","4","clear",false,1,"GM1641"
"20230094838",2023,"Uitsluitend materiele schade",2,"Bestelauto","Fiets","Flank","Kruispunt, 3 takken",50,"Brandend","Duisternis",\N,\N,\N,"Loswal","Hardenberg","Hardenberg","Overijssel",false,52.556281,6.630309,"material damage only","4","unknown",false,1,"GM0160"
"20230094856",2023,"Letsel",3,"Personenauto","Fiets","Onbekend","Rechte weg",50,"Niet brandend","Daglicht","Regen",\N,"507534010","van Delftstraat","Wildervank","Veendam","Groningen",false,53.081616,6.862735,"injury","2","rain",false,1,"GM0047"
"20230103268",2023,"Letsel",2,"Bromfiets","Fiets","Frontaal","Kruispunt, 3 takken",\N,"Brandend","Duisternis","Regen",\N,\N,"Groene Kruisweg","Hoogvliet Rotterdam","Rotterdam","Zuid-Holland",false,51.861359,4.383726,"injury","2","rain",false,1,"GM0599"
"20230089023",2023,"Uitsluitend materiele schade",3,"Personenauto","Fiets","Los voorwerp","Bocht",30,"Niet brandend","Daglicht","Droog",\N,"167262114","Kinheim","Hoogvliet Rotterdam","Rotterdam","Zuid-Holland",false,51.864877,4.356828,"material damage only","4","clear",false,1,"GM0599"
"20230097798",2023,"Letsel",1,"Fiets",\N,"Eenzijdig","Rechte weg",30,"Niet brandend","Daglicht","Droog",\N,"600254377","Piet van Egmondweg","Bovenkarspel","Stede Broec","Noord-Holland",false,52.69077,5.245818,"injury","2","clear",false,1,"GM0532"
"20230102850",2023,"Uitsluitend materiele schade",2,"Bestelauto","Fiets","Flank","Rechte weg",50,"Brandend","Duisternis","Sneeuw/Hagel",\N,"600765025","Meeuwenlaan","Amsterdam","Amsterdam","Noord-Holland",false,52.388877,4.924975,"material damage only","4","unknown",false,1,"GM0363"
"20230102863",2023,"Letsel",1,"Fiets",\N,"Eenzijdig","Rechte weg",30,"Niet brandend","Schemer","Droog","Brug/viaduct",\N,"Spechtlaan","Leidschendam","Leidschendam-Voorburg","Zuid-Holland",false,52.098351,4.388416,"injury","2","clear",false,1,"GM1916"
"20230083265",2023,"Letsel",1,"Fiets",\N,"Eenzijdig","Kruispunt, 3 takken",30,"Brandend","Duisternis","Droog",\N,\N,"van der Capellenlaan","Zutphen","Zutphen","Gelderland",false,52.15164,6.211732,"injury","2","clear",false,1,"GM0301"
"20230090242",2023,"Letsel",2,"Fiets",\N,"Eenzijdig","Kruispunt, 3 takken",50,"Niet brandend","Daglicht","Regen",\N,"600740414","Distributieweg","Waddinxveen","Waddinxveen","Zuid-Holland",false,52.016446,4.63177,"injury","2","rain",false,1,"GM0627"
"20230103927",2023,"Letsel",2,"Personenauto","Fiets","Flank","Rechte weg",50,"Niet brandend","Daglicht","Droog",\N,"423347123","Holterweg","Colmschate","Deventer","Overijssel",false,52.248469,6.219446,"injury","2","clear",false,1,"GM0150"
"20230083278",2023,"Uitsluitend materiele schade",2,"Personenauto","Fiets","Flank","Rotonde",50,"Niet brandend","Daglicht","Droog",\N,\N,"Laan naar Eme","Zutphen","Zutphen","Gelderland",false,52.127675,6.200752,"material damage only","4","clear",false,1,"GM0301"
"20230083313",2023,"Uitsluitend materiele schade",2,"Bromfiets","Fiets","Flank","Kruispunt, 3 takken",50,"Niet brandend","Daglicht","Droog",\N,\N,"Beekstraat","Gaanderen","Doetinchem","Gelderland",false,51.926493,6.353487,"material damage only","4","clear",false,1,"GM0222"
"20230085630",2023,"Uitsluitend materiele schade",2,"Personenauto","Fiets","Frontaal","Kruispunt, 3 takken",30,"Niet brandend","Daglicht","Droog",\N,\N,"Handelstraat","Apeldoorn","Apeldoorn","Gelderland",false,52.216011,5.953895,"material damage only","4","clear",false,1,"GM0200"
"20230086195",2023,"Uitsluitend materiele schade",2,"Personenauto","Fiets","Onbekend","Kruispunt, 4 takken",30,"Niet brandend","Daglicht","Droog",\N,\N,"Brediusweg","Bussum","Gooise Meren","Noord-Holland",false,52.280028,5.163171,"material damage only","4","clear",false,1,"GM1942"
"20230086773",2023,"Uitsluitend materiele schade",2,"Personenauto","Fiets","Frontaal","Rechte weg",30,"Niet brandend","Daglicht","Droog",\N,"208300029","Oude Dreef","Waddinxveen","Waddinxveen","Zuid-Holland",false,52.038734,4.647231,"material damage only","4","clear",false,1,"GM0627"
"20230087353",2023,"Letsel",1,"Fiets",\N,"Eenzijdig","Rechte weg",50,"Niet brandend","Daglicht","Droog",\N,"227433066","Herenweg","Oudorp","Alkmaar","Noord-Holland",false,52.63706,4.774902,"injury","2","clear",false,1,"GM0361"
"20230094418",2023,"Uitsluitend materiele schade",2,"Personenauto","e-bike","Flank","Kruispunt, 3 takken",50,"Brandend","Duisternis","Droog",\N,\N,"Zweedsestraat","Deventer","Deventer","Overijssel",false,52.241912,6.178501,"material damage only","4","clear",false,1,"GM0150"
"20230095574",2023,"Uitsluitend materiele schade",3,"Personenauto","Fiets","Onbekend","Rechte weg",50,"Brandend","Duisternis","Droog",\N,"280379027","Grootzeil","Almere","Almere","Flevoland",false,52.397689,5.170077,"material damage only","4","clear",false,1,"GM0034"
"20230096734",2023,"Letsel",2,"Personenauto","Fiets","Flank","Rechte weg",50,"Niet brandend","Daglicht","Droog","Bus-/Tramhalte",\N,"Zevenaarseweg","Arnhem","Arnhem","Gelderland",false,51.972671,5.953599,"injury","2","clear",false,1,"GM0202"
"20230103969",2023,"Letsel",2,"Personenauto","e-bike","Flank","Rotonde",50,"Niet brandend","Daglicht","Droog",\N,\N,"Hoofdstraat","Voorthuizen","Barneveld","Gelderland",false,52.185209,5.603117,"injury","2","clear",false,1,"GM0203"
"20230081558",2023,"Letsel",2,"Fiets","Personenauto","Flank","Kruispunt, 3 takken",50,"Niet brandend","Daglicht","Droog",\N,\N,"Spuiboulevard","Dordrecht","Dordrecht","Zuid-Holland",false,51.812264,4.660176,"injury","2","clear",false,1,"GM0505"
"20230083318",2023,"Uitsluitend materiele schade",3,"Personenauto","Fiets","Onbekend","Kruispunt, 4 takken",30,"Niet brandend","Daglicht","Regen",\N,\N,"Hunneveldweg","Zevenaar","Zevenaar","Gelderland",false,51.941187,6.073068,"material damage only","4","rain",false,1,"GM0299"
"20230089751",2023,"Letsel",2,"Personenauto","Fiets","Geparkeerd voertuig","Rechte weg",50,"Niet brandend","Daglicht","Droog","Parkeervoorziening","158317194","Gevers Deynootweg","'s-Gravenhage","'s-Gravenhage","Zuid-Holland",false,52.109948,4.279113,"injury","2","clear",false,1,"GM0518"
"20230095614",2023,"Uitsluitend materiele schade",2,"Personenauto","Fiets","Frontaal","Kruispunt, 4 takken",50,"Brandend","Duisternis","Regen",\N,\N,"Carrosserieweg","Woerden","Woerden","Utrecht",false,52.094232,4.911596,"material damage only","4","rain",false,1,"GM0632"
"20230081006",2023,"Uitsluitend materiele schade",2,"Personenauto","e-bike","Flank","Rotonde",50,"Niet brandend","Daglicht","Droog",\N,\N,"Sterrenlaan","Veldhoven","Veldhoven","Noord-Brabant",false,51.421497,5.39296,"material damage only","4","clear",false,1,"GM0861"
"20230090343",2023,"Uitsluitend materiele schade",2,"Fiets","Personenauto","Flank","Kruispunt, 4 takken",30,"Brandend","Duisternis","Regen",\N,\N,"Karel Doormanstraat","Rotterdam","Rotterdam","Zuid-Holland",false,51.917314,4.477313,"material damage only","4","rain",false,1,"GM0599"
"20230104036",2023,"Uitsluitend materiele schade",2,"Brommobiel","Fiets","Flank","Kruispunt, 3 takken",50,"Niet brandend","Daglicht","Droog",\N,\N,"Gamerschedijk","Zaltbommel","Zaltbommel","Gelderland",false,51.810953,5.241919,"material damage only","4","clear",false,1,"GM0297"
"20230089794",2023,"Letsel",2,"Personenauto","Fiets","Flank","Rechte weg",30,"Niet brandend","Daglicht","Droog","Bus-/Tramhalte","600419368","Herenwaard","Rotterdam","Rotterdam","Zuid-Holland",false,51.887985,4.548421,"injury","2","clear",false,1,"GM0599"
"20230087491",2023,"Uitsluitend materiele schade",2,"Personenauto","Fiets","Flank","Rechte weg",30,"Niet brandend","Daglicht","Droog",\N,"600363096","Nieuwezijds Voorburgwal","Amsterdam","Amsterdam","Noord-Holland",false,52.376223,4.893361,"material damage only","4","clear",false,1,"GM0363"
"20230088080",2023,"Uitsluitend materiele schade",2,"Personenauto","Fiets","Onbekend","Kruispunt, 4 takken",30,"Niet brandend","Daglicht","Droog",\N,\N,"Spreeuwenlaan","Schagen","Schagen","Noord-Holland",false,52.783359,4.784297,"material damage only","4","clear",false,1,"GM0441"
"20220000263",2022,"Uitsluitend materiele schade",2,"Personenauto","Fiets","Los voorwerp","Rotonde",50,"Brandend","Schemer","Droog",\N,\N,"Stationsplein","Coevorden","Coevorden","Drenthe",false,52.663331,6.736592,"material damage only","4","clear",false,1,"GM0109"
"20230062284",2023,"Uitsluitend materiele schade",2,"Personenauto","Fiets","Flank","Rotonde",50,"Niet brandend","Daglicht","Droog",\N,\N,"Koopmanstraat","Uden","Maashorst","Noord-Brabant",false,51.655069,5.615744,"material damage only","4","clear",false,1,"GM1991"
"20220003324",2022,"Uitsluitend materiele schade",2,"Bestelauto","Fiets","Flank","Rechte weg",50,"Brandend","Schemer","Droog",\N,\N,"Ceintuurbaan","Deventer","Deventer","Overijssel",false,52.262924,6.162926,"material damage only","4","clear",false,1,"GM0150"
"20220002341",2022,"Letsel",2,"Personenauto","Fiets","Los voorwerp","Rechte weg",130,"Brandend","Duisternis","Droog",\N,\N,"RYKSWG","Zuidbroek","Midden-Groningen","Groningen",false,53.170659,6.894922,"injury","2","clear",false,1,"GM1952"
"20230062260",2023,"Uitsluitend materiele schade",3,"Fiets","Overig vast object","Vast voorwerp","Rechte weg",30,"Niet brandend","Daglicht","Droog",\N,"380124017","Tuulshoek","Heythuysen","Leudal","Limburg",false,51.248841,5.892525,"material damage only","4","clear",false,1,"GM1640"
"20220007080",2022,"Letsel",3,"Personenauto","Fiets","Onbekend","Rechte weg",30,"Niet brandend","Daglicht","Droog",\N,"453289017","Abbinkstraat","Halle","Bronckhorst","Gelderland",false,51.9881,6.431156,"injury","2","clear",false,1,"GM1876"
"20220007054",2022,"Letsel",2,"e-bike",\N,"Eenzijdig",\N,60,\N,"Daglicht",\N,\N,"365270008","Reethsestraat","Valburg","Overbetuwe","Gelderland",false,51.905376,5.79228,"injury","2","unknown",false,1,"GM1734"
"20220131093",2022,"Uitsluitend materiele schade",2,"Personenauto","e-bike","Flank","Rotonde",30,"Niet brandend","Daglicht","Droog",\N,\N,"Europalaan","Nuenen","Nuenen, Gerwen en Nederwetten","Noord-Brabant",false,51.469948,5.545097,"material damage only","4","clear",false,1,"GM0820"
"20220081924",2022,"Letsel",2,"Personenauto","Fiets","Flank","Rotonde",50,"Brandend","Schemer",\N,\N,\N,"Herenweg","Noordwijk","Noordwijk","Zuid-Holland",false,52.227654,4.444522,"injury","2","unknown",false,1,"GM0575"
"20230006154",2023,"Letsel",1,"Fiets",\N,"Eenzijdig",\N,\N,\N,"Duisternis",\N,\N,"187275051","Oostzeedijk","Rotterdam","Rotterdam","Zuid-Holland",false,51.922815,4.50016,"injury","2","unknown",false,1,"GM0599"
"20230006434",2023,"Letsel",1,"Fiets",\N,"Eenzijdig",\N,30,\N,"Duisternis",\N,\N,"211250014","Vrieseweg","Dordrecht","Dordrecht","Zuid-Holland",false,51.811598,4.672028,"injury","2","unknown",false,1,"GM0505"
"20220076192",2022,"Letsel",2,"e-bike","Personenauto","Flank","Kruispunt, 4 takken",30,"Niet brandend","Daglicht","Droog",\N,\N,"Weerdhuisweg","Lemelerveld","Dalfsen","Overijssel",false,52.446074,6.329549,"injury","2","clear",false,1,"GM0148"
"20220091028",2022,"Uitsluitend materiele schade",2,"Personenauto","Fiets","Onbekend",\N,50,\N,"Daglicht",\N,\N,"398018047","Maastrichterlaan","Vaals","Vaals","Limburg",false,50.773501,6.015763,"material damage only","4","unknown",false,1,"GM0981"
"20220047661",2022,"Uitsluitend materiele schade",2,"Bromfiets","Fiets","Flank","Rechte weg",60,"Niet brandend","Daglicht","Droog",\N,"600857982","Rijksweg","Hoog-Keppel","Bronckhorst","Gelderland",false,52.00153,6.202764,"material damage only","4","clear",false,1,"GM1876"
"20220059217",2022,"Letsel",2,"Fiets","Fiets","Onbekend","Rechte weg",50,"Niet brandend","Daglicht",\N,\N,"191305016","Edisonstraat","Zoetermeer","Zoetermeer","Zuid-Holland",false,52.062439,4.522931,"injury","2","unknown",false,1,"GM0637"
"20220060500",2022,"Letsel",3,"Personenauto","Fiets","Onbekend","Kruispunt, 3 takken",30,"Niet brandend","Daglicht","Droog",\N,\N,"Aleidastraat","Schiedam","Schiedam","Zuid-Holland",false,51.915266,4.388629,"injury","2","clear",false,1,"GM0606"
"20220063446",2022,"Letsel",2,"Personenauto","Fiets","Flank","Rotonde",50,"Niet aanwezig","Daglicht","Droog",\N,\N,"President Rooseveltweg","Rotterdam","Rotterdam","Zuid-Holland",false,51.956692,4.532592,"injury","2","clear",false,1,"GM0599"
"20220071642",2022,"Uitsluitend materiele schade",2,"Fiets","e-bike","Flank","Kruispunt, 4 takken",50,"Niet brandend","Daglicht","Droog",\N,\N,"Hereweg","Groningen","Groningen","Groningen",false,53.212098,6.570389,"material damage only","4","clear",false,1,"GM0014"
"20220080756",2022,"Uitsluitend materiele schade",2,"Bromfiets","Fiets","Flank","Kruispunt, 3 takken",50,"Brandend","Duisternis","Droog",\N,\N,"Industrieweg","Duivendrecht","Ouder-Amstel","Noord-Holland",false,52.336059,4.945299,"material damage only","4","clear",false,1,"GM0437"
"20220089943",2022,"Uitsluitend materiele schade",1,"Fiets",\N,"Eenzijdig","Rechte weg",\N,"Brandend","Duisternis","Droog",\N,"600511775","Boschdijktunnel","Eindhoven","Eindhoven","Noord-Brabant",false,51.442923,5.475063,"material damage only","4","clear",false,1,"GM0772"
"20220035614",2022,"Letsel",2,"Personenauto","Fiets","Onbekend","Kruispunt, 3 takken",50,"Niet brandend","Daglicht","Droog",\N,\N,"Schotersingel","Haarlem","Haarlem","Noord-Holland",false,52.389047,4.631226,"injury","2","clear",false,1,"GM0392"
"20220077919",2022,"Uitsluitend materiele schade",2,"Fiets","Bestelauto","Flank","Rechte weg",50,"Niet brandend","Daglicht","Droog",\N,"293340019","Drakenburgerweg","Baarn","Baarn","Utrecht",false,52.221153,5.266604,"material damage only","4","clear",false,1,"GM0308"
"20220092825",2022,"Letsel",3,"Bestelauto","Fiets","Geparkeerd voertuig","Rechte weg",30,"Niet brandend","Daglicht","Regen",\N,\N,"Industrieweg","Assen","Assen","Drenthe",false,52.9998,6.57098,"injury","2","rain",false,1,"GM0106"
"20220110209",2022,"Letsel",2,"Fiets","Personenauto","Flank","Kruispunt, 4 takken",50,"Niet brandend","Daglicht","Droog",\N,\N,"Veldhovenring","Tilburg","Tilburg","Noord-Brabant",false,51.56754,5.088312,"injury","2","clear",false,1,"GM0855"
"20220110288",2022,"Uitsluitend materiele schade",2,"Bestelauto","Fiets","Onbekend","Kruispunt, 3 takken",50,"Niet brandend","Daglicht","Droog",\N,\N,"Roeselarestraat","Breda","Breda","Noord-Brabant",false,51.609264,4.788342,"material damage only","4","clear",false,1,"GM0758"
"20220019982",2022,"Letsel",2,"Fiets","Personenauto","Flank","Bocht",60,"Niet aanwezig","Daglicht","Droog",\N,"192345010","Akervoorderlaan","Lisse","Lisse","Zuid-Holland",false,52.240058,4.533037,"injury","2","clear",false,1,"GM0553"
"20220059482",2022,"Letsel",2,"Bromfiets","Fiets","Flank","Rechte weg",30,"Niet brandend","Daglicht","Droog",\N,"154296053","Lange Wateringkade","Kwintsheul","Westland","Zuid-Holland",false,52.014899,4.258523,"injury","2","clear",false,1,"GM1783"
"20220077486",2022,"Uitsluitend materiele schade",2,"Bestelauto","Fiets","Geparkeerd voertuig","Bocht",30,"Niet brandend","Daglicht","Droog","Parkeervoorziening","322407180","Noorderwagenplein","Lelystad","Lelystad","Flevoland",false,52.520485,5.481523,"material damage only","4","clear",false,1,"GM0995"
"20220082906",2022,"Letsel",1,"Fiets",\N,"Eenzijdig","Rechte weg",\N,"Niet brandend","Daglicht","Droog",\N,"600112507","Rijnsburgerweg","Oegstgeest","Oegstgeest","Zuid-Holland",false,52.179263,4.451498,"injury","2","clear",false,1,"GM0579"
"20220092160",2022,"Uitsluitend materiele schade",2,"Personenauto","Fiets","Flank","Rechte weg",30,"Niet brandend","Daglicht","Droog",\N,\N,"Stationsplein","Leeuwarden","Leeuwarden","Friesland",false,53.196873,5.793383,"material damage only","4","clear",false,1,"GM0080"
"20220035825",2022,"Uitsluitend materiele schade",2,"Fiets","Personenauto","Kop/staart","Kruispunt, 4 takken",30,"Niet brandend","Daglicht","Droog",\N,\N,"Ceintuurbaan","Amsterdam","Amsterdam","Noord-Holland",false,52.352849,4.891107,"material damage only","4","clear",false,1,"GM0363"
"20220058383",2022,"Letsel",3,"e-bike","Personenauto","Onbekend","Rechte weg",50,"Niet brandend","Daglicht","Droog",\N,"213341032","Waaier","Leimuiden","Kaag en Braassem","Zuid-Holland",false,52.222463,4.681062,"injury","2","clear",false,1,"GM1884"
"20220092262",2022,"Letsel",2,"Bestelauto","Fiets","Kop/staart","Rechte weg",50,"Niet brandend","Daglicht","Droog",\N,"528501028","Badstraat","Musselkanaal","Stadskanaal","Groningen",false,52.931777,7.015316,"injury","2","clear",false,1,"GM0037"
"20220113850",2022,"Uitsluitend materiele schade",2,"Bestelauto","Fiets","Flank","Rotonde",30,"Niet brandend","Daglicht","Droog",\N,\N,"Sloterbeekstraat","Venlo","Venlo","Limburg",false,51.364716,6.168257,"material damage only","4","clear",false,1,"GM0983"
"20220113965",2022,"Uitsluitend materiele schade",2,"Snorfiets","Fiets","Flank","Rechte weg",80,"Niet brandend","Daglicht","Droog",\N,"600568486","Keulsebaan","Herkenbosch","Roerdalen","Limburg",false,51.160579,6.060841,"material damage only","4","clear",false,1,"GM1669"
"20220029438",2022,"Uitsluitend materiele schade",2,"Personenauto","Fiets","Onbekend","Kruispunt, 3 takken",50,"Niet brandend","Daglicht","Droog",\N,\N,"Ommelse Bos","Ommel","Asten","Noord-Brabant",false,51.429596,5.7506,"material damage only","4","clear",false,1,"GM0743"
"20220051024",2022,"Uitsluitend materiele schade",3,"Fiets","Fiets","Onbekend","Kruispunt, 4 takken",\N,"Niet brandend","Daglicht","Droog",\N,"285368038","Meerveldstraat","Almere","Almere","Flevoland",false,52.34424,5.204773,"material damage only","4","clear",false,1,"GM0034"
"20220059615",2022,"Uitsluitend materiele schade",1,"Fiets",\N,"Onbekend","Rechte weg",15,"Niet brandend","Schemer","Droog",\N,"163310112","Wijnhaven","'s-Gravenhage","'s-Gravenhage","Zuid-Holland",false,52.078663,4.318893,"material damage only","4","clear",false,1,"GM0518"
"20220071949",2022,"Letsel",1,"Fiets",\N,"Eenzijdig","Rechte weg",50,"Brandend","Duisternis","Droog",\N,"600871050","Leliesingel","Groningen","Groningen","Groningen",false,53.219904,6.555756,"injury","2","clear",false,1,"GM0014"
"20220109820",2022,"Uitsluitend materiele schade",2,"e-bike","Personenauto","Onbekend","Rechte weg",\N,"Niet brandend","Daglicht","Droog",\N,"600645376","Middenweg","Moerdijk","Moerdijk","Noord-Brabant",false,51.676591,4.583508,"material damage only","4","clear",false,1,"GM1709"
"20220109821",2022,"Letsel",2,"Personenauto","Fiets","Onbekend",\N,30,\N,"Daglicht",\N,\N,\N,"Luchtenburgseweg","Tholen","Tholen","Zeeland",false,51.532975,4.206541,"injury","2","unknown",false,1,"GM0716"
"20220105098",2022,"Letsel",2,"Fiets","Fiets","Frontaal","Bocht",50,"Niet brandend","Daglicht","Droog",\N,"189352035","Herenweg","Noordwijkerhout","Noordwijk","Zuid-Holland",false,52.270166,4.50389,"injury","2","clear",false,1,"GM0575"
"20220034114",2022,"Uitsluitend materiele schade",2,"Personenauto","e-bike","Flank","Kruispunt, 4 takken",50,"Brandend","Duisternis","Droog",\N,\N,"Costerweg","Wageningen","Wageningen","Gelderland",false,51.967882,5.656539,"material damage only","4","clear",false,1,"GM0289"
"20220046910",2022,"Uitsluitend materiele schade",2,"Personenauto","Fiets","Flank","Kruispunt, 3 takken",50,"Niet brandend","Daglicht","Droog",\N,\N,"Parkweg","Enschede","Enschede","Overijssel",false,52.22029,6.866558,"material damage only","4","clear",false,1,"GM0153"
"20220059653",2022,"Uitsluitend materiele schade",2,"Personenauto","Fiets","Flank","Kruispunt, 4 takken",50,"Niet brandend","Daglicht","Droog",\N,\N,"Erasmusweg","'s-Gravenhage","'s-Gravenhage","Zuid-Holland",false,52.029841,4.258797,"material damage only","4","clear",false,1,"GM0518"
"20220081188",2022,"Uitsluitend materiele schade",2,"Personenauto","Fiets","Flank","Rechte weg",30,"Brandend","Duisternis","Droog",\N,"600123950","Prinsengracht","Amsterdam","Amsterdam","Noord-Holland",false,52.366545,4.882784,"material damage only","4","clear",false,1,"GM0363"
"20220083157",2022,"Letsel",2,"Snorfiets","Fiets","Onbekend","Rechte weg",30,"Niet brandend","Daglicht","Droog",\N,"217294115","Lange Tiendeweg","Gouda","Gouda","Zuid-Holland",false,52.011619,4.713235,"injury","2","clear",false,1,"GM0513"
"20220083158",2022,"Letsel",2,"Personenauto","Fiets","Flank","Kruispunt, 4 takken",50,"Niet brandend","Daglicht","Droog",\N,\N,"Van der Weijdenlaan","Noordwijkerhout","Noordwijk","Zuid-Holland",false,52.256119,4.491584,"injury","2","clear",false,1,"GM0575"
"20220084099",2022,"Letsel",2,"Fiets","e-bike","Flank","Rechte weg",30,"Niet brandend","Daglicht","Droog",\N,"600701316","Monsterseweg","'s-Gravenzande","Westland","Zuid-Holland",false,52.007224,4.157323,"injury","2","clear",false,1,"GM1783"
"20220106170",2022,"Letsel",2,"Fiets","Personenauto","Flank","Rechte weg",50,"Niet brandend","Daglicht","Droog","Tunnel","162305157","Waldorpstraat","'s-Gravenhage","'s-Gravenhage","Zuid-Holland",false,52.059063,4.310409,"injury","2","clear",false,1,"GM0518"
"20220059708",2022,"Letsel",2,"Bromfiets","Fiets","Flank","Kruispunt, 3 takken",50,"Niet brandend","Daglicht","Droog",\N,\N,"Eerste Stationsstraat","Zoetermeer","Zoetermeer","Zuid-Holland",false,52.049992,4.494725,"injury","2","clear",false,1,"GM0637"
"20220081279",2022,"Letsel",2,"Snorfiets","Fiets","Kop/staart","Kruispunt, 4 takken",50,"Niet brandend","Daglicht","Droog",\N,\N,"Camera Obscuralaan","Amstelveen","Amstelveen","Noord-Holland",false,52.302064,4.877013,"injury","2","clear",false,1,"GM0362"
"20220093241",2022,"Letsel",2,"Personenauto","Fiets","Flank","Rechte weg",30,"Niet brandend","Daglicht","Droog",\N,"401535063","Moezel","Drachten","Smallingerland","Friesland",false,53.096678,6.072991,"injury","2","clear",false,1,"GM0090"
"20220096417",2022,"Letsel",2,"Fiets","Fiets","Onbekend","Rechte weg",15,"Niet brandend","Daglicht","Droog",\N,"375257098","Burchtstraat","Nijmegen","Nijmegen","Gelderland",false,51.847131,5.865882,"injury","2","clear",false,1,"GM0268"
"20220098412",2022,"Letsel",3,"Bromfiets","Fiets","Flank","Rechte weg",50,"Niet brandend","Daglicht","Droog",\N,"600776627","Winthontlaan","Utrecht","Utrecht","Utrecht",false,52.056614,5.109282,"injury","2","clear",false,1,"GM0344"
"20220048223",2022,"Letsel",3,"Personenauto","Fiets","Flank","Kruispunt, 3 takken",80,"Niet brandend","Daglicht","Droog",\N,\N,"Leigraafseweg","Zetten","Overbetuwe","Gelderland",false,51.91852,5.724165,"injury","2","clear",false,1,"GM1734"