"accident_id","year","severity_raw","party_count","party1_type","party2_type","accident_type","road_situation","speed_limit_kmh","road_lighting","light_condition_label","weather_raw","infra_type","road_segment_id","street_name","place_name","gemeente_name_raw","province","alcohol_indicated","latitude","longitude","severity_label","severity_code","weather_label","built_up_area","cyclists_involved","gemeente_code"
"20220096800",2022,"Uitsluitend materiele schade",2,"Fiets","Vrachtauto","Flank","Rechte weg",60,"Niet aanwezig","Daglicht","Droog",\N,"600616382","Hooidijk","Hezingen","Tubbergen","Overijssel",false,52.439287,6.849901,"material damage only","4","clear",false,1,"GM0183"
"20220020754",2022,"Letsel",1,"Fiets",\N,"Eenzijdig",\N,30,\N,"Schemer",\N,\N,"172310092","Veurselaan","Voorburg","Leidschendam-Voorburg","Zuid-Holland",false,52.08228,4.382151,"injury","2","unknown",false,1,"GM1916"
"20220042060",2022,"Letsel",2,"Personenauto","Fiets","Flank","Kruispunt, 4 takken",50,"Niet brandend","Daglicht","Droog",\N,"367560061","Archipelweg","Leeuwarden","Leeuwarden","Friesland",false,53.209847,5.817172,"injury","2","clear",false,1,"GM0080"
"20220045655",2022,"Letsel",3,"e-bike","Trekker","Flank","Kruispunt, 3 takken",80,"Niet brandend","Daglicht","Droog",\N,\N,"Vikariënweg","Putten","Putten","Gelderland",false,52.250067,5.547201,"injury","2","clear",false,1,"GM0273"
"20220059841",2022,"Letsel",2,"Fiets",\N,"Eenzijdig","Rechte weg",60,"Niet brandend","Daglicht","Droog",\N,"196355012","Veenenburgerlaan","Hillegom","Hillegom","Zuid-Holland",false,52.284496,4.556269,"injury","2","clear",false,1,"GM0534"
"20220082476",2022,"Letsel",1,"Fiets",\N,"Eenzijdig","Rechte weg",60,"Niet brandend","Daglicht","Droog",\N,"600753886","Lekdijk-Oost","Bergambacht","Krimpenerwaard","Zuid-Holland",false,51.923619,4.793745,"injury","2","clear",false,1,"GM1931"
"20220082497",2022,"Uitsluitend materiele schade",2,"Personenauto","Fiets","Flank","Kruispunt, 3 takken",30,"Niet brandend","Daglicht","Droog",\N,\N,"2e Sweelinckstraat","'s-Gravenhage","'s-Gravenhage","Zuid-Holland",false,52.083669,4.279341,"material damage only","4","clear",false,1,"GM0518"
"20220095830",2022,"Uitsluitend materiele schade",2,"Personenauto","Fiets","Flank","Rotonde",50,"Niet brandend","Daglicht","Droog",\N,\N,"Jhr. P.A. Reuchlinlaan","Tiel","Tiel","Gelderland",false,51.873442,5.412803,"material damage only","4","clear",false,1,"GM0281"
"20220098601",2022,"Letsel",1,"Fiets",\N,"Eenzijdig","Rechte weg",30,"Niet brandend","Daglicht","Droog",\N,"320292045","Holleweg","Amerongen","Utrechtse Heuvelrug","Utrecht",false,52.006009,5.46696,"injury","2","clear",false,1,"GM1581"
"20220098909",2022,"Uitsluitend materiele schade",2,"Bromfiets","Fiets","Kop/staart","Rechte weg",50,"Niet brandend","Daglicht","Droog",\N,"279341006","Vaartweg","Hilversum","Hilversum","Noord-Holland",false,52.222503,5.165185,"material damage only","4","clear",false,1,"GM0402"
"20220099563",2022,"Uitsluitend materiele schade",2,"Bestelauto","Fiets","Flank","Kruispunt, 3 takken",50,"Niet brandend","Daglicht","Droog","Brug/viaduct",\N,"Kanaalstraat","Utrecht","Utrecht","Utrecht",false,52.090677,5.093605,"material damage only","4","clear",false,1,"GM0344"
"20220074144",2022,"Letsel",1,"Fiets",\N,"Eenzijdig","Rechte weg",50,"Niet brandend","Daglicht","Droog",\N,"600857669","IJsselkade","Zutphen","Zutphen","Gelderland",false,52.139183,6.191856,"injury","2","clear",false,1,"GM0301"
"20220010622",2022,"Uitsluitend materiele schade",2,"Fiets","Personenauto","Flank","Kruispunt, 3 takken",50,"Niet brandend","Daglicht","Droog",\N,\N,"De Drieslag","Dronten","Dronten","Flevoland",false,52.527192,5.694996,"material damage only","4","clear",false,1,"GM0303"
"20220050083",2022,"Letsel",2,"Personenauto","Fiets","Flank","Rotonde",50,"Brandend","Daglicht","Droog",\N,\N,"2e Brandenburgerweg","Bilthoven","De Bilt","Utrecht",false,52.126059,5.1955,"injury","2","clear",false,1,"GM0310"
"20220051535",2022,"Uitsluitend materiele schade",2,"Fiets","Personenauto","Flank","Kruispunt, 3 takken",50,"Niet brandend","Daglicht","Droog",\N,\N,"Haagbeuk","Heiloo","Heiloo","Noord-Holland",false,52.58868,4.699415,"material damage only","4","clear",false,1,"GM0399"
"20220055784",2022,"Letsel",1,"e-bike",\N,"Eenzijdig","Rotonde",50,"Niet brandend","Daglicht","Droog",\N,\N,"Plesmanlaan","Amsterdam","Amsterdam","Noord-Holland",false,52.347517,4.79789,"injury","2","clear",false,1,"GM0363"
"20220102522",2022,"Letsel",2,"Fiets","e-bike","Flank","Rechte weg",50,"Niet brandend","Daglicht","Droog",\N,"600916299","Parnassusweg","Amsterdam","Amsterdam","Noord-Holland",false,52.339328,4.868701,"injury","2","clear",false,1,"GM0363"
"20220047293",2022,"Letsel",2,"Personenauto","e-bike","Frontaal","Kruispunt, 3 takken",50,"Niet brandend","Daglicht","Droog",\N,\N,"Luttenbergstraat","Zwolle","Zwolle","Overijssel",false,52.507965,6.099306,"injury","2","clear",false,1,"GM0193"
"20220057645",2022,"Uitsluitend materiele schade",2,"Snorfiets","Fiets","Kop/staart","Kruispunt, 4 takken",\N,"Niet brandend","Daglicht","Droog",\N,\N,"Van Ostadestraat","'s-Gravenhage","'s-Gravenhage","Zuid-Holland",false,52.065918,4.305233,"material damage only","4","clear",false,1,"GM0518"
"20220066230",2022,"Uitsluitend materiele schade",2,"Personenauto","Fiets","Flank","Kruispunt, 3 takken",30,"Brandend","Duisternis","Droog",\N,\N,"Tongelresestraat","Eindhoven","Eindhoven","Noord-Brabant",false,51.441922,5.508325,"material damage only","4","clear",false,1,"GM0772"
"20220072825",2022,"Letsel",2,"Personenauto","e-bike","Flank","Kruispunt, 4 takken",80,"Niet aanwezig","Daglicht","Droog",\N,\N,"Floraparkstraat","Enschede","Enschede","Overijssel",false,52.230692,6.934814,"injury","2","clear",false,1,"GM0153"
"20220103192",2022,"Uitsluitend materiele schade",3,"Bromfiets","Fiets","Onbekend","Rechte weg",50,"Niet brandend","Daglicht","Droog",\N,"600764440","Spaklerweg","Amsterdam","Amsterdam","Noord-Holland",false,52.343312,4.918382,"material damage only","4","clear",false,1,"GM0363"
"20220104282",2022,"Uitsluitend materiele schade",1,"Fiets",\N,"Onbekend","Kruispunt, 4 takken",15,"Niet brandend","Daglicht","Droog","Brug/viaduct",\N,"Oude Delft","Delft","Delft","Zuid-Holland",false,52.010163,4.357239,"material damage only","4","clear",false,1,"GM0503"
"20220074944",2022,"Letsel",1,"Fiets",\N,"Eenzijdig","Kruispunt, 4 takken",50,"Niet brandend","Daglicht","Droog",\N,\N,"Floraparkstraat","Enschede","Enschede","Overijssel",false,52.232669,6.923265,"injury","2","clear",false,1,"GM0153"
"20220074948",2022,"Uitsluitend materiele schade",2,"Bus","Fiets","Flank","Rechte weg",30,"Niet brandend","Daglicht","Droog",\N,"390280061","Heilweg","Westervoort","Westervoort","Gelderland",false,51.950663,5.972954,"material damage only","4","clear",false,1,"GM0293"
"20220026554",2022,"Uitsluitend materiele schade",3,"Personenauto","e-bike","Flank","Kruispunt, 4 takken",50,"Niet brandend","Daglicht","Droog",\N,\N,"Ringbaan-Noord","Tilburg","Tilburg","Noord-Brabant",false,51.576863,5.084316,"material damage only","4","clear",false,1,"GM0855"
"20220026631",2022,"Letsel",2,"Personenauto","Fiets","Flank","Kruispunt, 3 takken",50,"Brandend","Duisternis","Droog",\N,\N,"Burg Schneiderlaan","Roosendaal","Roosendaal","Noord-Brabant",false,51.522184,4.473497,"injury","2","clear",false,1,"GM1674"
"20220054763",2022,"Uitsluitend materiele schade",2,"e-bike","Brommobiel","Onbekend","Rechte weg",50,"Niet brandend","Daglicht","Regen",\N,"244373173","Jonas Daniël Meijerplein","Amsterdam","Amsterdam","Noord-Holland",false,52.367068,4.904337,"material damage only","4","rain",false,1,"GM0363"
"20220102997",2022,"Uitsluitend materiele schade",2,"Fiets","Personenauto","Frontaal","Kruispunt, 4 takken",50,"Niet brandend","Daglicht","Droog",\N,\N,"Stadionplein","Amsterdam","Amsterdam","Noord-Holland",false,52.343304,4.858633,"material damage only","4","clear",false,1,"GM0363"
"20220103240",2022,"Letsel",2,"Personenauto","Fiets","Flank","Kruispunt, 4 takken",50,"Niet brandend","Daglicht","Regen",\N,\N,"Haarlemmermeerstraat","Amsterdam","Amsterdam","Noord-Holland",false,52.354853,4.850347,"injury","2","rain",false,1,"GM0363"
"20220060172",2022,"Letsel",2,"Snorfiets","Fiets","Flank","Kruispunt, 3 takken",\N,"Niet brandend","Daglicht","Droog",\N,\N,"Nieuweweg","Poeldijk","Westland","Zuid-Holland",false,52.027452,4.218215,"injury","2","clear",false,1,"GM1783"
"20220107929",2022,"Uitsluitend materiele schade",2,"e-bike","Personenauto","Frontaal","Kruispunt, 4 takken",30,"Niet brandend","Daglicht","Droog",\N,\N,"Heer Bokelweg","Rotterdam","Rotterdam","Zuid-Holland",false,51.927035,4.476992,"material damage only","4","clear",false,1,"GM0599"
"20220075668",2022,"Uitsluitend materiele schade",2,"Bestelauto","Fiets","Kop/staart","Rechte weg",80,"Niet aanwezig","Duisternis","Droog",\N,"600801581","Zeedijk","Nijkerk","Nijkerk","Gelderland",false,52.25596,5.47002,"material damage only","4","clear",false,1,"GM0267"
"20220044441",2022,"Letsel",2,"Personenauto","Fiets","Flank","Rechte weg",80,"Niet aanwezig","Daglicht","Droog",\N,\N,"Van Petersom Ramringweg","Nunspeet","Nunspeet","Gelderland",false,52.358168,5.786016,"injury","2","clear",false,1,"GM0302"
"20220051928",2022,"Letsel",2,"Vrachtauto","Fiets","Flank","Kruispunt, 3 takken",30,"Niet brandend","Daglicht","Droog",\N,\N,"Georgiëweg","Den Burg","Texel","Noord-Holland",false,53.062673,4.800702,"injury","2","clear",false,1,"GM0448"
"20220055052",2022,"Uitsluitend materiele schade",2,"Bromfiets","Fiets","Onbekend","Rechte weg",30,"Niet brandend","Daglicht","Droog",\N,"244375127","De Ruijterkade","Amsterdam","Amsterdam","Noord-Holland",false,52.378671,4.903665,"material damage only","4","clear",false,1,"GM0363"
"20220059181",2022,"Letsel",2,"Fiets","Overig vast object","Vast voorwerp","Rechte weg",50,"Brandend","Duisternis","Droog",\N,"215299035","Plaswijckweg","Gouda","Gouda","Zuid-Holland",false,52.032098,4.701672,"injury","2","clear",false,1,"GM0513"
"20220109551",2022,"Uitsluitend materiele schade",2,"Personenauto","Fiets","Onbekend","Rechte weg",80,"Niet brandend","Daglicht",\N,\N,"600944074","Buthdijk","Axel","Terneuzen","Zeeland",false,51.267344,3.887534,"material damage only","4","unknown",false,1,"GM0715"
"20220109555",2022,"Uitsluitend materiele schade",2,"Fiets","Personenauto","Flank","Kruispunt, 3 takken",80,"Niet brandend","Daglicht","Droog",\N,\N,"Glymesweg","Lepelstraat","Bergen op Zoom","Noord-Brabant",false,51.550526,4.259082,"material damage only","4","clear",false,1,"GM0748"
"20220112986",2022,"Uitsluitend materiele schade",2,"Personenauto","Fiets","Flank","Rotonde",50,"Niet brandend","Daglicht",\N,\N,\N,"Einsteinstraat","Landgraaf","Landgraaf","Limburg",false,50.886546,6.014274,"material damage only","4","unknown",false,1,"GM0882"
"20220075972",2022,"Uitsluitend materiele schade",2,"Personenauto","Fiets","Flank","Kruispunt, 3 takken",50,"Niet brandend","Daglicht","Droog",\N,\N,"Het Witte Veen","Beekbergen","Apeldoorn","Gelderland",false,52.169724,5.970384,"material damage only","4","clear",false,1,"GM0200"
"20220035390",2022,"Uitsluitend materiele schade",2,"Personenauto","e-bike","Flank","Kruispunt, 3 takken",50,"Niet brandend","Daglicht","Droog",\N,\N,"Wageweg","Alkmaar","Alkmaar","Noord-Holland",false,52.63071,4.75519,"material damage only","4","clear",false,1,"GM0361"
"20220046295",2022,"Uitsluitend materiele schade",2,"Personenauto","Fiets","Flank","Kruispunt, 3 takken",50,"Niet brandend","Daglicht","Droog",\N,\N,"De Voorwaarts","Apeldoorn","Apeldoorn","Gelderland",false,52.206951,5.999547,"material damage only","4","clear",false,1,"GM0200"
"20220052089",2022,"Letsel",3,"Fiets","Fiets","Onbekend","Rechte weg",80,"Brandend","Duisternis","Droog",\N,"600458748","Westfrisiaweg","Enkhuizen","Enkhuizen","Noord-Holland",false,52.694697,5.274113,"injury","2","clear",false,1,"GM0388"
"20230109363",2023,"Uitsluitend materiele schade",1,"Fiets",\N,"Onbekend",\N,50,\N,"Daglicht",\N,\N,"601011164","Einsteindreef","Utrecht","Utrecht","Utrecht",false,52.120267,5.114151,"material damage only","4","unknown",false,1,"GM0344"
"20230000316",2023,"Letsel",2,"Fiets","Fiets","Onbekend","Rechte weg",50,"Niet brandend","Daglicht","Droog",\N,"372254015","Muntweg","Nijmegen","Nijmegen","Gelderland",false,51.831403,5.842095,"injury","2","clear",false,1,"GM0268"
"20230000981",2023,"Uitsluitend materiele schade",2,"Personenauto","Fiets","Flank","Kruispunt, 3 takken",30,"Niet brandend","Daglicht","Droog",\N,\N,"Hezeplein","Emst","Epe","Gelderland",false,52.3171,5.975701,"material damage only","4","clear",false,1,"GM0232"
"20230053509",2023,"Letsel",2,"Personenauto","Fiets","Onbekend",\N,50,\N,"Daglicht",\N,\N,"185188052","Diamantdijk","Roosendaal","Roosendaal","Noord-Brabant",false,51.53328,4.489134,"injury","2","unknown",false,1,"GM1674"
"20230010442",2023,"Uitsluitend materiele schade",2,"Personenauto","Fiets","Flank","Rechte weg",50,"Niet brandend","Daglicht","Droog",\N,\N,"Eikenlaan","Groningen","Groningen","Groningen",false,53.231822,6.547691,"material damage only","4","clear",false,1,"GM0014"
"20230010700",2023,"Uitsluitend materiele schade",2,"Fiets","Personenauto","Flank","Kruispunt, 4 takken",50,"Niet brandend","Daglicht","Droog",\N,\N,"Langdeelstraat","Leeuwarden","Leeuwarden","Friesland",false,53.191874,5.823734,"material damage only","4","clear",false,1,"GM0080"
"20230016508",2023,"Dodelijk",2,"Personenauto","Fiets","Flank","Kruispunt, 3 takken",30,"Niet brandend","Daglicht","Droog",\N,\N,"Comes Oolenstraat","Hilversum","Hilversum","Noord-Holland",false,52.238775,5.183131,"fatal","1","clear",false,1,"GM0402"
"20230011363",2023,"Uitsluitend materiele schade",1,"Fiets",\N,"Onbekend","Rechte weg",50,\N,"Duisternis",\N,\N,"405406244","VISPOORTENBRUG","Zwolle","Zwolle","Overijssel",false,52.514406,6.093417,"material damage only","4","unknown",false,1,"GM0193"
"20230023483",2023,"Uitsluitend materiele schade",2,\N,"Fiets","Onbekend",\N,50,\N,"Daglicht",\N,\N,"200355108","Olympiaweg","Hillegom","Hillegom","Zuid-Holland",false,52.28631,4.581943,"material damage only","4","unknown",false,1,"GM0534"
"20230075984",2023,"Uitsluitend materiele schade",2,"Fiets","Fiets","Onbekend",\N,60,\N,"Duisternis",\N,\N,"341443006","Vormtweg","Urk","Urk","Flevoland",false,52.682528,5.62583,"material damage only","4","unknown",false,1,"GM0184"
"20230008698",2023,"Uitsluitend materiele schade",2,"Bestelauto","e-bike","Flank","Kruispunt, 3 takken",30,"Niet brandend","Daglicht","Regen",\N,\N,"Genooyerbergen","Venlo","Venlo","Limburg",false,51.384005,6.171157,"material damage only","4","rain",false,1,"GM0983"
"20230009435",2023,"Letsel",2,"Fiets","Overig vast object","Vast voorwerp","Rechte weg",50,"Niet brandend","Daglicht","Droog",\N,"600801682","Abdijweg","Valkenswaard","Valkenswaard","Noord-Brabant",false,51.300489,5.469543,"injury","2","clear",false,1,"GM0858"
"20230106414",2023,"Letsel",1,"Fiets",\N,"Eenzijdig",\N,30,\N,"Daglicht",\N,\N,"162258093","Zinkseweg","Spijkenisse","Nissewaard","Zuid-Holland",false,51.847949,4.315564,"injury","2","unknown",false,1,"GM1930"
"20230011257",2023,"Letsel",2,"Fiets","Personenauto","Frontaal","Rotonde",50,"Niet brandend","Daglicht","Droog",\N,\N,"Jan Th. Tooroplaan","Ede","Ede","Gelderland",false,52.024756,5.659834,"injury","2","clear",false,1,"GM0228"
"20230004008",2023,"Uitsluitend materiele schade",2,"Bestelauto","Fiets","Flank","Rechte weg",50,"Niet brandend","Daglicht","Sneeuw/Hagel",\N,"600675232","Legmeerdijk","Amstelveen","Amstelveen","Noord-Holland",false,52.271444,4.805652,"material damage only","4","unknown",false,1,"GM0362"
"20230004805",2023,"Letsel",2,"Fiets","Vrachtauto","Kop/staart","Rechte weg",50,"Niet aanwezig","Daglicht","Droog",\N,"206424002","Middenweg","Egmond-Binnen","Bergen (NH)","Noord-Holland",false,52.595471,4.629303,"injury","2","clear",false,1,\N
"20230005270",2023,"Letsel",1,"e-bike",\N,"Eenzijdig","Rotonde",60,"Brandend","Duisternis","Regen",\N,\N,"Zwartendijk","Monster","Westland","Zuid-Holland",false,52.02191,4.185227,"injury","2","rain",false,1,"GM1783"
"20230056977",2023,"Dodelijk",2,"Fiets","Fiets","Frontaal","Bocht",60,"Niet brandend","Daglicht","Droog","Tunnel","600992951","FIETSPAD","Dalfsen","Dalfsen","Overijssel",false,52.531099,6.315403,"fatal","1","clear",false,1,"GM0148"
"20230057561",2023,"Dodelijk",3,"Trekker","Fiets","Flank","Rotonde",50,"Niet brandend","Daglicht","Regen",\N,\N,"Havenstraat","Doetinchem","Doetinchem","Gelderland",false,51.952227,6.28893,"fatal","1","rain",false,1,"GM0222"
"20230005308",2023,"Letsel",2,"Bestelauto","Fiets","Eenzijdig","Bocht",30,"Niet brandend","Daglicht","Droog",\N,"157303130","Leyweg","'s-Gravenhage","'s-Gravenhage","Zuid-Holland",false,52.050554,4.27358,"injury","2","clear",false,1,"GM0518"
"20230005577",2023,"Uitsluitend materiele schade",2,"Personenauto","Fiets","Flank","Rotonde",50,"Niet brandend","Daglicht","Droog",\N,\N,"Laan van Nieuw Oosteinde","Voorburg","Leidschendam-Voorburg","Zuid-Holland",false,52.074602,4.350133,"material damage only","4","clear",false,1,"GM1916"
"20230064145",2023,"Dodelijk",2,"Personenauto","e-bike","Onbekend","Kruispunt, 3 takken",50,"Niet brandend","Daglicht","Droog",\N,\N,"Schoolstraat","Burgum","Tytsjerksteradiel","Friesland",false,53.194477,5.999177,"fatal","1","clear",false,1,"GM0737"
"20230002538",2023,"Letsel",2,"Personenauto","Fiets","Flank","Kruispunt, 3 takken",50,"Niet brandend","Daglicht","Droog",\N,\N,"Hoornselaan","Purmerend","Purmerend","Noord-Holland",false,52.510348,4.951017,"injury","2","clear",false,1,"GM0439"
"20230080778",2023,"Dodelijk",1,"Fiets",\N,"Eenzijdig","Rechte weg",60,"Brandend","Duisternis","Droog",\N,"600899777","Scherpenbergsebaan","Schijf","Rucphen","Noord-Brabant",false,51.513523,4.574181,"fatal","1","clear",false,1,"GM0840"
"20230078721",2023,"Letsel",1,"Fiets",\N,"Eenzijdig",\N,50,\N,"Duisternis",\N,\N,"600715117","Dorpskade","Wateringen","Westland","Zuid-Holland",false,52.020116,4.279118,"injury","2","unknown",false,1,"GM1783"
"20230005256",2023,"Letsel",1,"Fiets",\N,"Eenzijdig","Rechte weg",30,\N,"Daglicht","Droog",\N,"184327053","Dijkstraat","Leiden","Leiden","Zuid-Holland",false,52.158927,4.467416,"injury","2","clear",false,1,"GM0546"
"20230090528",2023,"Dodelijk",4,"Personenauto","Fiets","Flank","Rechte weg",50,"Niet brandend","Daglicht","Droog",\N,"169313035","De Horst","'s-Gravenhage","'s-Gravenhage","Zuid-Holland",false,52.093037,4.359955,"fatal","1","clear",false,1,"GM0518"
"20230091481",2023,"Letsel",2,"Personenauto","Fiets","Onbekend",\N,30,\N,"Daglicht",\N,\N,"391057039","Dorpstraat","Brunssum","Brunssum","Limburg",false,50.948127,5.966577,"injury","2","unknown",false,1,"GM0899"
"20230006070",2023,"Letsel",2,"Bestelauto","Fiets","Eenzijdig","Rechte weg",50,"Niet brandend","Daglicht","Droog",\N,"601015969","Loosduinseweg","'s-Gravenhage","'s-Gravenhage","Zuid-Holland",false,52.072896,4.291318,"injury","2","clear",false,1,"GM0518"
"20230009398",2023,"Letsel",2,"Personenauto","Fiets","Flank","Rotonde",50,"Niet brandend","Daglicht","Regen",\N,\N,"St. Janstraat","Uden","Maashorst","Noord-Brabant",false,51.657891,5.611253,"injury","2","rain",false,1,"GM1991"
"20230011454",2023,"Uitsluitend materiele schade",2,"Snorfiets","Fiets","Flank","Kruispunt, 4 takken",60,"Niet brandend","Daglicht","Regen",\N,\N,"Geerdinkweg","Enschede","Enschede","Overijssel",false,52.210221,6.828346,"material damage only","4","rain",false,1,"GM0153"
"20240093103",2024,"Uitsluitend materiele schade",3,"Personenauto","Fiets","Kop/staart","Rechte weg",50,"Niet brandend","Daglicht","Droog",\N,"399377033","Bonenburgerlaan","Heerde","Heerde","Gelderland",false,52.382509,6.042036,"material damage only","4","clear",false,1,"GM0246"
"20240032701",2024,"Letsel",2,"Personenauto","e-bike","Flank","Rechte weg",50,"Niet brandend","Daglicht","Regen",\N,"225253081","Stationsweg","Sliedrecht","Sliedrecht","Zuid-Holland",false,51.828915,4.774864,"injury","2","rain",false,1,"GM0610"
"20240037572",2024,"Letsel",2,"Personenauto","Fiets","Flank","Rotonde",50,"Niet brandend","Daglicht","Droog",\N,\N,"Groningenlaan","Haarlem","Haarlem","Noord-Holland",false,52.355314,4.653101,"injury","2","clear",false,1,"GM0392"
"20240021072",2024,"Letsel",2,"Personenauto","Fiets","Flank","Rotonde",50,"Niet brandend","Daglicht","Droog",\N,\N,"Einsteinstraat","Hillegom","Hillegom","Zuid-Holland",false,52.289107,4.587903,"injury","2","clear",false,1,"GM0534"
"20240017429",2024,"Letsel",2,"Personenauto","Fiets","Geparkeerd voertuig","Rechte weg",30,"Niet brandend","Daglicht","Droog",\N,"341369194","Grote Poortstraat","Harderwijk","Harderwijk","Gelderland",false,52.350591,5.620826,"injury","2","clear",false,1,"GM0243"
"20240018781",2024,"Letsel",1,"Fiets",\N,"Onbekend","Rechte weg",50,"Brandend","Duisternis","Regen",\N,"222432100","Geestersingel","Alkmaar","Alkmaar","Noord-Holland",false,52.632927,4.739504,"injury","2","rain",false,1,"GM0361"
"20240019529",2024,"Uitsluitend materiele schade",2,"Bromfiets","Fiets","Frontaal","Rechte weg",30,"Niet brandend","Daglicht","Droog",\N,"374256092","Stationsplein","Nijmegen","Nijmegen","Gelderland",false,51.84314,5.854099,"material damage only","4","clear",false,1,"GM0268"
"20240020506",2024,"Letsel",2,"Fiets","Fiets","Onbekend","Rechte weg",30,"Niet brandend","Daglicht","Droog",\N,"600719837","Amazoneweg","Delft","Delft","Zuid-Holland",false,51.985797,4.348079,"injury","2","clear",false,1,"GM0503"
"20240004386",2024,"Uitsluitend materiele schade",2,"Personenauto","Fiets","Flank","Kruispunt, 4 takken",30,"Brandend","Schemer","Droog",\N,\N,"2e Ebbingestraat","Kampen","Kampen","Overijssel",false,52.554337,5.915596,"material damage only","4","clear",false,1,"GM0166"
"20240097665",2024,"Letsel",2,"Personenauto","Fiets","Onbekend","Rechte weg",30,"Niet brandend","Daglicht","Droog",\N,"217299133","Vreelust","Gouda","Gouda","Zuid-Holland",false,52.036049,4.711656,"injury","2","clear",false,1,"GM0513"
"20240039572",2024,"Letsel",1,"Fiets",\N,"Eenzijdig","Rechte weg",30,"Niet brandend","Daglicht","Droog",\N,"185305109","Overwest","Zoetermeer","Zoetermeer","Zuid-Holland",false,52.060623,4.483191,"injury","2","clear",false,1,"GM0637"
"20240039619",2024,"Letsel",2,"Fiets","Dier","Dier","Rechte weg",60,"Niet brandend","Daglicht","Droog",\N,"234332010","Kade","Zevenhoven","Nieuwkoop","Zuid-Holland",false,52.182463,4.83921,"injury","2","clear",false,1,"GM0569"
"20240009159",2024,"Letsel",2,"Personenauto","Fiets","Flank","Kruispunt, 3 takken",30,"Niet brandend","Daglicht","Droog",\N,\N,"Dommel","Zwolle","Zwolle","Overijssel",false,52.530502,6.099235,"injury","2","clear",false,1,"GM0193"
"20240034407",2024,"Uitsluitend materiele schade",2,"Snorfiets","Fiets","Flank","Kruispunt, 4 takken",50,"Niet brandend","Daglicht","Droog",\N,\N,"Fellenoord","Eindhoven","Eindhoven","Noord-Brabant",false,51.44175,5.47013,"material damage only","4","clear",false,1,"GM0772"
"20240021005",2024,"Letsel",1,"Fiets",\N,"Onbekend","Rechte weg",15,"Niet brandend","Daglicht","Droog",\N,"185301133","Quirinegang","Zoetermeer","Zoetermeer","Zuid-Holland",false,52.04401,4.478084,"injury","2","clear",false,1,"GM0637"
"20240021117",2024,"Letsel",2,"Fiets",\N,"Voetganger","Rechte weg",\N,"Niet brandend","Daglicht","Droog",\N,"245369056","Amsteldijk","Amsterdam","Amsterdam","Noord-Holland",false,52.347578,4.911014,"injury","2","clear",false,1,"GM0363"
"20240037611",2024,"Letsel",1,"Fiets",\N,"Onbekend",\N,\N,\N,"Daglicht",\N,\N,"600945124","Herenweg","Egmond aan den Hoef","Bergen (NH)","Noord-Holland",false,52.636566,4.656867,"injury","2","unknown",false,1,\N
"20240039306",2024,"Uitsluitend materiele schade",2,"Personenauto","Fiets","Flank","Kruispunt, 4 takken",50,"Niet brandend","Daglicht","Droog",\N,\N,"Schonenvaardersstraat","Deventer","Deventer","Overijssel",false,52.251405,6.17708,"material damage only","4","clear",false,1,"GM0150"
"20230004324",2023,"Letsel",1,"Fiets",\N,"Eenzijdig","Rechte weg",50,"Brandend","Duisternis","Droog",\N,"218439088","Bergerweg","Bergen (NH)","Bergen (NH)","Noord-Holland",false,52.661927,4.714044,"injury","2","clear",false,1,\N
"20240009281",2024,"Letsel",1,"Fiets",\N,"Onbekend","Bocht",50,"Niet brandend","Daglicht","Droog","Tunnel","600599597","Oostelijke Randweg","Doetinchem","Doetinchem","Gelderland",false,51.955302,6.300383,"injury","2","clear",false,1,"GM0222"
"20240034709",2024,"Letsel",1,"Fiets",\N,"Onbekend","Rechte weg",30,"Brandend","Schemer","Droog",\N,"310184092","Liempdseweg","Best","Best","Noord-Brabant",false,51.520915,5.38994,"injury","2","clear",false,1,"GM0753"
"20240034793",2024,"Uitsluitend materiele schade",2,"Personenauto","e-bike","Frontaal","Rechte weg",15,"Brandend","Duisternis","Droog",\N,"343216075","Drossaard","Uden","Maashorst","Noord-Brabant",false,51.662889,5.630638,"material damage only","4","clear",false,1,"GM1991"
"20240039410",2024,"Uitsluitend materiele schade",2,"Personenauto","Fiets","Onbekend","Kruispunt, 3 takken",30,"Niet brandend","Daglicht","Droog",\N,\N,"Kempenaar 16","Lelystad","Lelystad","Flevoland",false,52.518034,5.462317,"material damage only","4","clear",false,1,"GM0995"
"20240020311",2024,"Letsel",2,"Personenauto","Fiets","Frontaal","Bocht",15,"Niet brandend","Daglicht","Droog",\N,"600363489","Van der Vijverstraat","Amsterdam","Amsterdam","Noord-Holland",false,52.358676,4.930836,"injury","2","clear",false,1,"GM0363"
"20240020779",2024,"Letsel",2,"Personenauto","Fiets","Frontaal","Rotonde",50,"Niet brandend","Daglicht","Droog",\N,\N,"Melis Stokelaan","'s-Gravenhage","'s-Gravenhage","Zuid-Holland",false,52.052494,4.291401,"injury","2","clear",false,1,"GM0518"
"20240020781",2024,"Uitsluitend materiele schade",2,"Bestelauto","Fiets","Onbekend","Rechte weg",50,"Niet brandend","Daglicht","Droog",\N,"191305009","Wattstraat","Zoetermeer","Zoetermeer","Zuid-Holland",false,52.061127,4.526107,"material damage only","4","clear",false,1,"GM0637"
"20240020792",2024,"Uitsluitend materiele schade",2,"Fiets","Fiets","Onbekend",\N,\N,\N,"Daglicht",\N,\N,"182346016","Rederijkersplein","Noordwijk","Noordwijk","Zuid-Holland",false,52.241816,4.450704,"material damage only","4","unknown",false,1,"GM0575"
"20240020924",2024,"Uitsluitend materiele schade",2,"Personenauto","Fiets","Flank","Kruispunt, 4 takken",50,"Niet brandend","Daglicht","Droog",\N,\N,"Nassauplein","'s-Gravenhage","'s-Gravenhage","Zuid-Holland",false,52.088599,4.30692,"material damage only","4","clear",false,1,"GM0518"