"accident_id","year","severity_raw","party_count","party1_type","party2_type","accident_type","road_situation","speed_limit_kmh","road_lighting","light_condition_label","weather_raw","infra_type","road_segment_id","street_name","place_name","gemeente_name_raw","province","alcohol_indicated","latitude","longitude","severity_label","severity_code","weather_label","built_up_area","cyclists_involved","gemeente_code"
"20240028245",2024,"Letsel",2,"Fiets","Snorfiets","Frontaal","Kruispunt, 4 takken",50,"Niet brandend","Daglicht","Droog",\N,"600662831","Hoornse Jaagweg","Oosthuizen","Edam-Volendam","Noord-Holland",false,52.576323,4.997806,"injury","2","clear",false,1,"GM0385"
"20240026899",2024,"Letsel",2,"Brommobiel","Fiets","Flank","Kruispunt, 4 takken",50,"Niet brandend","Daglicht","Droog",\N,\N,"Grintweg","Winschoten","Oldambt","Groningen",false,53.15485,7.014157,"injury","2","clear",false,1,"GM1895"
"20240006980",2024,"Uitsluitend materiele schade",3,"Fiets","Personenauto","Onbekend","Rechte weg",30,"Brandend","Duisternis","Regen",\N,"242373166","Rokin","Amsterdam","Amsterdam","Noord-Holland",false,52.367867,4.892871,"material damage only","4","rain",false,1,"GM0363"
"20240029369",2024,"Letsel",2,"Bestelauto","Fiets","Frontaal","Bocht",60,"Niet aanwezig","Daglicht","Droog",\N,"457367001","Ligtenbergerweg","Nijverdal","Hellendoorn","Overijssel",false,52.336972,6.473064,"injury","2","clear",false,1,"GM0163"
"20240005788",2024,"Uitsluitend materiele schade",2,"Bestelauto","Fiets","Flank","Kruispunt, 3 takken",30,"Niet brandend","Daglicht","Droog",\N,\N,"Kerkstraat","Leerdam","Vijfheerenlanden","Utrecht",false,51.890253,5.091487,"material damage only","4","clear",false,1,"GM1961"
"20220158031",2022,"Uitsluitend materiele schade",2,"Personenauto","Fiets","Los voorwerp","Kruispunt, 4 takken",50,"Niet brandend","Daglicht","Droog",\N,\N,"Pretorialaan","Rotterdam","Rotterdam","Zuid-Holland",false,51.901566,4.496393,"material damage only","4","clear",false,1,"GM0599"
"20220158067",2022,"Letsel",2,"Bromfiets","Fiets","Frontaal","Bocht",30,"Brandend","Duisternis","Droog",\N,"191268056","Stadionweg","Rotterdam","Rotterdam","Zuid-Holland",false,51.895233,4.527762,"injury","2","clear",false,1,"GM0599"
"20220166831",2022,"Letsel",2,"Personenauto","Fiets","Flank","Rotonde",50,"Niet brandend","Daglicht","Droog",\N,\N,"Draaiomsdreef","Warnsveld","Zutphen","Gelderland",false,52.136573,6.222287,"injury","2","clear",false,1,"GM0301"
"20220180152",2022,"Uitsluitend materiele schade",2,"Fiets","Fiets","Onbekend","Rechte weg",50,"Niet brandend","Daglicht","Droog",\N,"164298033","Prinses Beatrixlaan","Rijswijk","Rijswijk","Zuid-Holland",false,52.024249,4.325699,"material damage only","4","clear",false,1,\N
"20220124298",2022,"Letsel",1,"Fiets",\N,"Eenzijdig","Rechte weg",30,"Brandend","Duisternis","Droog",\N,"156315102","Vissershavenweg","'s-Gravenhage","'s-Gravenhage","Zuid-Holland",false,52.103009,4.265684,"injury","2","clear",false,1,"GM0518"
"20220129103",2022,"Uitsluitend materiele schade",2,"Bromfiets","Fiets","Kop/staart","Rechte weg",50,"Niet brandend","Daglicht","Droog",\N,"265198010","Kraaivenstraat","Tilburg","Tilburg","Noord-Brabant",false,51.581938,5.064947,"material damage only","4","clear",false,1,"GM0855"
"20220133228",2022,"Letsel",3,"Personenauto","Fiets","Flank","Kruispunt, 3 takken",60,"Niet aanwezig","Daglicht","Droog",\N,\N,"Heideweg","Kelpen-Oler","Leudal","Limburg",false,51.227728,5.846122,"injury","2","clear",false,1,"GM1640"
"20220137795",2022,"Uitsluitend materiele schade",2,"Personenauto","Fiets","Frontaal","Rechte weg",30,"Brandend","Duisternis","Droog",\N,"322407200","Zuiderzeelaan","Lelystad","Lelystad","Flevoland",false,52.521784,5.480192,"material damage only","4","clear",false,1,"GM0995"
"20220149288",2022,"Uitsluitend materiele schade",2,"Personenauto","Fiets","Onbekend","Kruispunt, 4 takken",30,"Niet brandend","Daglicht","Droog",\N,\N,"Sophialaan","Best","Best","Noord-Brabant",false,51.496846,5.386741,"material damage only","4","clear",false,1,"GM0753"
"20220174606",2022,"Uitsluitend materiele schade",1,"Fiets",\N,"Eenzijdig","Kruispunt, 3 takken",50,"Brandend","Duisternis","Regen",\N,\N,"Drechterwaard","Alkmaar","Alkmaar","Noord-Holland",false,52.641081,4.746242,"material damage only","4","rain",false,1,"GM0361"
"20220177097",2022,"Uitsluitend materiele schade",3,"Personenauto","Fiets","Onbekend","Rechte weg",50,"Brandend","Duisternis","Droog",\N,"229371092","Tussen Meer","Amsterdam","Amsterdam","Noord-Holland",false,52.358442,4.80161,"material damage only","4","clear",false,1,"GM0363"
"20220114859",2022,"Letsel",2,"Personenauto","Fiets","Flank","Rechte weg",50,"Niet brandend","Daglicht","Droog",\N,"467508001","Korenmaat","Assen","Assen","Drenthe",false,52.971757,6.559284,"injury","2","clear",false,1,"GM0106"
"20220116275",2022,"Letsel",1,"Fiets",\N,"Eenzijdig","Rechte weg",50,"Brandend","Duisternis","Droog",\N,"600972167","Terborgseweg","Doetinchem","Doetinchem","Gelderland",false,51.961904,6.292788,"injury","2","clear",false,1,"GM0222"
"20220119167",2022,"Letsel",2,"e-bike","Fiets","Flank","Kruispunt, 4 takken",\N,"Niet brandend","Daglicht","Droog",\N,\N,"Parallelweg","Duiven","Duiven","Gelderland",false,51.945287,6.008988,"injury","2","clear",false,1,"GM0226"
"20220123192",2022,"Uitsluitend materiele schade",2,"Bromfiets","Fiets","Flank","Rechte weg",50,"Niet brandend","Daglicht",\N,\N,"245375024","De Ruijterkade","Amsterdam","Amsterdam","Noord-Holland",false,52.377618,4.907622,"material damage only","4","unknown",false,1,"GM0363"
"20220126675",2022,"Letsel",2,"Fiets","Fiets","Onbekend","Rechte weg",\N,"Niet brandend","Daglicht",\N,\N,"186305113","Buitenom","Zoetermeer","Zoetermeer","Zuid-Holland",false,52.061702,4.48507,"injury","2","unknown",false,1,"GM0637"
"20220128099",2022,"Uitsluitend materiele schade",2,"Personenauto","Fiets","Flank","Rechte weg",50,"Niet brandend","Daglicht","Droog",\N,"139255135","de Sprong","Hellevoetsluis","Voorne aan Zee","Zuid-Holland",false,51.831711,4.150773,"material damage only","4","clear",false,1,"GM1992"
"20220142046",2022,"Uitsluitend materiele schade",2,"Personenauto","Fiets","Flank","Kruispunt, 3 takken",80,"Niet brandend","Daglicht","Droog",\N,\N,"Sportlaan","Driebergen-Rijsenburg","Utrechtse Heuvelrug","Utrecht",false,52.066438,5.271321,"material damage only","4","clear",false,1,"GM1581"
"20220154839",2022,"Letsel",2,"e-bike","Los voorwerp","Los voorwerp","Rechte weg",50,"Niet brandend","Daglicht","Droog",\N,"600769535","Grosthuizen","Avenhorn","Koggenland","Noord-Holland",false,52.62135,5.006723,"injury","2","clear",false,1,"GM1598"
"20220125882",2022,"Uitsluitend materiele schade",2,"Fiets","Bromfiets","Frontaal","Bocht",30,"Brandend","Duisternis","Droog",\N,\N,"Lekstraat","'s-Gravenhage","'s-Gravenhage","Zuid-Holland",false,52.079461,4.324478,"material damage only","4","clear",false,1,"GM0518"
"20220136008",2022,"Letsel",2,"e-bike","Fiets","Onbekend","Rechte weg",50,"Niet brandend","Daglicht","Droog",\N,"600949075","Grafhorsterweg","IJsselmuiden","Kampen","Overijssel",false,52.574097,5.93042,"injury","2","clear",false,1,"GM0166"
"20220154928",2022,"Letsel",2,"Bromfiets","Fiets","Onbekend","Kruispunt, 4 takken",30,"Niet brandend","Daglicht","Droog",\N,\N,"Groeneweg","Purmerend","Purmerend","Noord-Holland",false,52.49085,4.957622,"injury","2","clear",false,1,"GM0439"
"20220156263",2022,"Letsel",2,\N,"Fiets","Eenzijdig","Kruispunt, 3 takken",\N,"Niet brandend","Daglicht","Droog",\N,\N,"FIETSPAD","Woubrugge","Kaag en Braassem","Zuid-Holland",false,52.167606,4.603351,"injury","2","clear",false,1,"GM1884"
"20220161319",2022,"Letsel",2,"e-bike","Fiets","Frontaal","Kruispunt, 3 takken",50,"Niet brandend","Daglicht","Droog",\N,\N,"Dilgtweg","Haren Gn","Groningen","Groningen",false,53.185434,6.600637,"injury","2","clear",false,1,"GM0014"
"20220178168",2022,"Uitsluitend materiele schade",2,"Personenauto","Fiets","Flank","Kruispunt, 4 takken",30,"Niet brandend","Daglicht","Droog",\N,\N,"Javastraat","Amsterdam","Amsterdam","Noord-Holland",false,52.363304,4.930508,"material damage only","4","clear",false,1,"GM0363"
"20220180993",2022,"Letsel",2,"Fiets","Personenauto","Flank","Kruispunt, 4 takken",30,"Niet brandend","Daglicht","Droog",\N,\N,"Guirlande","'s-Gravenhage","'s-Gravenhage","Zuid-Holland",false,52.046558,4.364293,"injury","2","clear",false,1,"GM0518"
"20220197808",2022,"Letsel",2,"Bromfiets","Fiets","Flank","Kruispunt, 4 takken",50,"Niet brandend","Daglicht","Droog",\N,\N,"Piet Heinstraat","Enschede","Enschede","Overijssel",false,52.220865,6.890985,"injury","2","clear",false,1,"GM0153"
"20220128341",2022,"Uitsluitend materiele schade",2,"Bestelauto","Fiets","Onbekend","Rechte weg",50,"Niet brandend","Daglicht","Droog",\N,"159260012","Malledijk","Spijkenisse","Nissewaard","Zuid-Holland",false,51.856552,4.292151,"material damage only","4","clear",false,1,"GM1930"
"20220130981",2022,"Uitsluitend materiele schade",2,"Fiets","e-bike","Eenzijdig","Rechte weg",30,"Niet brandend","Daglicht","Droog",\N,\N,"Oostwal","Oss","Oss","Noord-Brabant",false,51.769665,5.527718,"material damage only","4","clear",false,1,"GM0828"
"20220136082",2022,"Uitsluitend materiele schade",2,"Personenauto","Fiets","Flank","Kruispunt, 4 takken",30,"Brandend","Schemer","Droog",\N,\N,"Oosteinde","Nieuwleusen","Dalfsen","Overijssel",false,52.572955,6.292582,"material damage only","4","clear",false,1,"GM0148"
"20220177944",2022,"Uitsluitend materiele schade",2,"Bestelauto","Fiets","Voetganger","Kruispunt, 3 takken",30,"Niet brandend","Daglicht","Droog",\N,\N,"Stuurmankade","Amsterdam","Amsterdam","Noord-Holland",false,52.37232,4.946933,"material damage only","4","clear",false,1,"GM0363"
"20220178658",2022,"Letsel",1,"Fiets",\N,"Eenzijdig","Rechte weg",\N,"Brandend","Daglicht","Droog",\N,\N,"FIETSPAD","Benthuizen","Alphen aan den Rijn","Zuid-Holland",false,52.060713,4.574492,"injury","2","clear",false,1,"GM0484"
"20220180394",2022,"Letsel",2,"Fiets","Fiets","Flank","Rechte weg",50,"Niet brandend","Daglicht","Droog",\N,"600436208","Mercuriusweg","Delft","Delft","Zuid-Holland",false,51.999666,4.355911,"injury","2","clear",false,1,"GM0503"
"20220198328",2022,"Uitsluitend materiele schade",3,"Fiets","Fiets","Onbekend","Bocht",\N,"Niet brandend","Daglicht","Droog",\N,"506353060","Schrijverspad","Hengelo","Hengelo (O)","Overijssel",false,52.269278,6.823226,"material damage only","4","clear",false,1,\N
"20220122219",2022,"Letsel",2,"Bromfiets","e-bike","Flank","Rechte weg",80,"Niet brandend","Daglicht","Droog",\N,"224367021","Schipholweg","Lijnden","Haarlemmermeer","Noord-Holland",false,52.34163,4.760215,"injury","2","clear",false,1,"GM0394"
"20220128378",2022,"Letsel",2,"Personenauto","Fiets","Flank","Rechte weg",30,"Niet brandend","Daglicht","Droog",\N,\N,"A.M. de Jongstraat","Spijkenisse","Nissewaard","Zuid-Holland",false,51.854477,4.316424,"injury","2","clear",false,1,"GM1930"
"20220128380",2022,"Letsel",2,"Snorfiets","e-bike","Kop/staart","Rechte weg",30,"Niet brandend","Daglicht","Droog","Brug/viaduct","177277005","SPAANSEBRUG","Rotterdam","Rotterdam","Zuid-Holland",false,51.934524,4.422455,"injury","2","clear",false,1,"GM0599"
"20220139162",2022,"Letsel",2,"Personenauto","Fiets","Flank","Kruispunt, 4 takken",30,"Niet brandend","Daglicht","Droog",\N,\N,"Kerkweg","Limmen","Castricum","Noord-Holland",false,52.57198,4.694794,"injury","2","clear",false,1,"GM0383"
"20220153828",2022,"Letsel",2,"Fiets","Personenauto","Frontaal","Rechte weg",50,"Niet brandend","Daglicht","Droog",\N,"281326004","Dorpsweg","Maartensdijk","De Bilt","Utrecht",false,52.158338,5.180022,"injury","2","clear",false,1,"GM0310"
"20220174963",2022,"Letsel",3,"Fiets","e-bike","Onbekend","Rechte weg",30,"Brandend","Duisternis","Droog",\N,"217423021","Kennemerstraatweg","Heiloo","Heiloo","Noord-Holland",false,52.593002,4.704795,"injury","2","clear",false,1,"GM0399"
"20220178788",2022,"Uitsluitend materiele schade",1,"Fiets",\N,"Onbekend","Rechte weg",50,"Niet brandend","Daglicht","Droog",\N,"600719000","Leidsestraatweg","'s-Gravenhage","'s-Gravenhage","Zuid-Holland",false,52.092288,4.33401,"material damage only","4","clear",false,1,"GM0518"
"20220198362",2022,"Uitsluitend materiele schade",2,"Personenauto","Fiets","Flank","Kruispunt, 4 takken",50,"Niet brandend","Daglicht","Droog",\N,\N,"Ovidiuslaan","Arnhem","Arnhem","Gelderland",false,51.95225,5.845586,"material damage only","4","clear",false,1,"GM0202"
"20220115224",2022,"Letsel",2,"Bestelauto","e-bike","Flank","Kruispunt, 4 takken",30,"Niet brandend","Daglicht","Droog",\N,\N,"Stationsweg","Bedum","Het Hogeland","Groningen",false,53.300571,6.596414,"injury","2","clear",false,1,"GM1966"
"20220136164",2022,"Uitsluitend materiele schade",1,"Fiets",\N,"Flank","Rechte weg",30,"Niet brandend","Daglicht","Droog",\N,"600869850","Galvanistraat","Rijssen","Rijssen-Holten","Overijssel",false,52.315461,6.520291,"material damage only","4","clear",false,1,"GM1742"
"20220146751",2022,"Letsel",2,"Personenauto","Fiets","Flank","Kruispunt, 3 takken",30,"Niet brandend","Daglicht","Regen",\N,\N,"Struikheide","Rotterdam","Rotterdam","Zuid-Holland",false,51.965966,4.548472,"injury","2","rain",false,1,"GM0599"
"20220179393",2022,"Uitsluitend materiele schade",1,"Fiets",\N,"Onbekend","Rechte weg",50,\N,"Duisternis",\N,\N,"171293098","Delfgauwseweg","Delft","Delft","Zuid-Holland",false,52.006442,4.38253,"material damage only","4","unknown",false,1,"GM0503"
"20220195495",2022,"Uitsluitend materiele schade",2,"Personenauto","Fiets","Flank","Rotonde",50,"Niet brandend","Daglicht","Droog",\N,\N,"Knalhutteweg","Enschede","Enschede","Overijssel",false,52.192386,6.900667,"material damage only","4","clear",false,1,"GM0153"
"20220115288",2022,"Letsel",2,"Personenauto","Fiets","Flank","Rechte weg",50,"Niet brandend","Daglicht","Droog",\N,\N,"Middelweg-Oost","St.-Annaparochie","Waadhoeke","Friesland",false,53.27747,5.669897,"injury","2","clear",false,1,"GM1949"
"20220132438",2022,"Uitsluitend materiele schade",2,"Personenauto","Fiets","Flank","Kruispunt, 3 takken",50,"Niet brandend","Daglicht","Droog",\N,\N,"Limburglaan","Maastricht","Maastricht","Limburg",false,50.839602,5.702945,"material damage only","4","clear",false,1,"GM0935"
"20220136290",2022,"Uitsluitend materiele schade",1,"Fiets",\N,"Onbekend","Rechte weg",50,"Niet brandend","Daglicht","Droog",\N,"600568144","Nijmeegsebaan","Heilig Landstichting","Berg en Dal","Gelderland",false,51.812541,5.886303,"material damage only","4","clear",false,1,"GM1945"
"20220142413",2022,"Uitsluitend materiele schade",3,"Personenauto","Fiets","Onbekend","Rotonde",50,"Niet brandend","Daglicht","Droog",\N,\N,"Meeuwenplein","Amsterdam","Amsterdam","Noord-Holland",false,52.388015,4.92408,"material damage only","4","clear",false,1,"GM0363"
"20220158981",2022,"Uitsluitend materiele schade",2,"Personenauto","Fiets","Onbekend","Kruispunt, 3 takken",50,"Niet brandend","Daglicht","Droog",\N,\N,"Wederikstraat","Waalwijk","Waalwijk","Noord-Brabant",false,51.679569,5.080068,"material damage only","4","clear",false,1,"GM0867"
"20220173756",2022,"Letsel",2,"Personenauto","Fiets","Onbekend","Kruispunt, 3 takken",\N,\N,"Daglicht",\N,\N,\N,"Zijkanaal C","Spaarndam","Haarlemmermeer","Noord-Holland",false,52.413214,4.682545,"injury","2","unknown",false,1,"GM0394"
"20220180599",2022,"Letsel",1,"Fiets",\N,"Eenzijdig","Rechte weg",50,\N,"Daglicht","Droog",\N,"185327060","Haagweg","Leiden","Leiden","Zuid-Holland",false,52.15911,4.476591,"injury","2","clear",false,1,"GM0546"
"20220181196",2022,"Uitsluitend materiele schade",1,"Fiets",\N,"Onbekend","Rechte weg",50,"Brandend","Duisternis","Droog",\N,"152307091","Laan van Meerdervoort","'s-Gravenhage","'s-Gravenhage","Zuid-Holland",false,52.065048,4.238916,"material damage only","4","clear",false,1,"GM0518"
"20220186284",2022,"Letsel",1,"Fiets",\N,"Eenzijdig","Rechte weg",\N,"Niet aanwezig","Duisternis","Droog",\N,"70179010","Langeweg","Nieuw- en Sint Joosland","Middelburg","Zeeland",false,51.486977,3.66378,"injury","2","clear",false,1,\N
"20220136369",2022,"Uitsluitend materiele schade",2,"Bromfiets","Fiets","Flank","Rechte weg",30,"Niet brandend","Daglicht","Droog",\N,\N,"Meldestraat","Arnhem","Arnhem","Gelderland",false,51.965454,5.901132,"material damage only","4","clear",false,1,"GM0202"
"20220143910",2022,"Letsel",1,"Fiets",\N,"Eenzijdig","Rechte weg",50,"Niet aanwezig","Duisternis","Droog",\N,"600462395","Middelweg","Zoetermeer","Zoetermeer","Zuid-Holland",false,52.071943,4.479113,"injury","2","clear",false,1,"GM0637"
"20220146022",2022,"Letsel",2,"Personenauto","e-bike","Flank","Kruispunt, 3 takken",30,"Niet brandend","Daglicht","Droog",\N,\N,"Mijnsherenplein","Rotterdam","Rotterdam","Zuid-Holland",false,51.892907,4.49075,"injury","2","clear",false,1,"GM0599"
"20220146863",2022,"Uitsluitend materiele schade",2,"Personenauto","Fiets","Kop/staart","Kruispunt, 3 takken",30,"Niet brandend","Daglicht","Droog",\N,\N,"Lombardkade","Rotterdam","Rotterdam","Zuid-Holland",false,51.92637,4.485646,"material damage only","4","clear",false,1,"GM0599"
"20220172624",2022,"Uitsluitend materiele schade",2,"Personenauto","e-bike","Flank","Kruispunt, 4 takken",60,"Niet brandend","Daglicht","Droog",\N,\N,"Tiendweg","Tienhoven aan de Lek","Vijfheerenlanden","Utrecht",false,51.949891,4.950307,"material damage only","4","clear",false,1,"GM1961"
"20220180682",2022,"Letsel",1,"Fiets",\N,"Eenzijdig","Rechte weg",50,"Brandend","Daglicht","Droog",\N,"209321059","Prins Bernhardlaan","Alphen aan den Rijn","Alphen aan den Rijn","Zuid-Holland",false,52.132967,4.656827,"injury","2","clear",false,1,"GM0484"
"20220188925",2022,"Uitsluitend materiele schade",2,"Fiets","Fiets","Flank","Rechte weg",50,"Niet brandend","Daglicht","Droog",\N,"365171036","Helmondseweg","Deurne","Deurne","Noord-Brabant",false,51.462371,5.783457,"material damage only","4","clear",false,1,"GM0762"
"20220118671",2022,"Uitsluitend materiele schade",2,"Personenauto","Fiets","Onbekend","Kruispunt, 4 takken",50,"Niet brandend","Daglicht","Droog",\N,\N,"LOENEN 23","Beekbergen","Apeldoorn","Gelderland",false,52.141111,5.9906,"material damage only","4","clear",false,1,"GM0200"
"20220131394",2022,"Uitsluitend materiele schade",2,"Fiets","Bestelauto","Flank","Kruispunt, 4 takken",50,"Niet brandend","Daglicht","Droog",\N,\N,"BOXTEL 26","Liempde","Boxtel","Noord-Brabant",false,51.577419,5.357599,"material damage only","4","clear",false,1,"GM0757"
"20220148455",2022,"Uitsluitend materiele schade",2,"Personenauto","Fiets","Onbekend","Kruispunt, 3 takken",30,"Niet brandend","Daglicht","Droog",\N,\N,"Beethovenlaan","Tilburg","Tilburg","Noord-Brabant",false,51.587152,5.080004,"material damage only","4","clear",false,1,"GM0855"
"20220173938",2022,"Letsel",2,"Snorfiets","e-bike","Onbekend","Rechte weg",\N,"Niet brandend","Daglicht","Droog",\N,"600510848","Helderseweg","Alkmaar","Alkmaar","Noord-Holland",false,52.647193,4.743321,"injury","2","clear",false,1,"GM0361"
"20220194756",2022,"Letsel",2,"Bestelauto","Fiets","Flank","Kruispunt, 4 takken",50,"Brandend","Duisternis","Regen",\N,\N,"Kranenburg","Ede","Ede","Gelderland",false,52.045001,5.647677,"injury","2","rain",false,1,"GM0228"
"20220188804",2022,"Letsel",2,"Personenauto","Fiets","Flank","Kruispunt, 4 takken",30,"Niet brandend","Daglicht","Droog",\N,\N,"Kruisstraat","Eindhoven","Eindhoven","Noord-Brabant",false,51.445385,5.475031,"injury","2","clear",false,1,"GM0772"
"20220121151",2022,"Uitsluitend materiele schade",2,"Snorfiets","Fiets","Onbekend","Bocht",30,"Niet brandend","Daglicht","Droog",\N,\N,"Neringweg","Lelystad","Lelystad","Flevoland",false,52.510004,5.477639,"material damage only","4","clear",false,1,"GM0995"
"20220125290",2022,"Letsel",1,"Fiets",\N,"Eenzijdig","Rechte weg",30,"Brandend","Duisternis","Droog",\N,"162309206","Wagenstraat","'s-Gravenhage","'s-Gravenhage","Zuid-Holland",false,52.074894,4.312583,"injury","2","clear",false,1,"GM0518"
"20220126330",2022,"Letsel",2,"Personenauto","Fiets","Flank","Kruispunt, 4 takken",50,"Niet brandend","Daglicht","Droog",\N,"169313035","De Horst","'s-Gravenhage","'s-Gravenhage","Zuid-Holland",false,52.093037,4.359955,"injury","2","clear",false,1,"GM0518"
"20220144046",2022,"Letsel",1,"Fiets",\N,"Eenzijdig",\N,50,\N,"Daglicht",\N,\N,\N,"Kanaalweg","Delft","Delft","Zuid-Holland",false,52.010604,4.37003,"injury","2","unknown",false,1,"GM0503"
"20220144047",2022,"Letsel",2,"Fiets","Bromfiets","Flank","Rechte weg",50,"Niet brandend","Daglicht","Droog",\N,"600737575","Meerlaan","Hillegom","Hillegom","Zuid-Holland",false,52.289656,4.590966,"injury","2","clear",false,1,"GM0534"
"20220189301",2022,"Uitsluitend materiele schade",3,"Personenauto","Fiets","Onbekend","Rechte weg",30,"Niet brandend","Daglicht","Droog",\N,"320162050","Bennekelstraat","Eindhoven","Eindhoven","Noord-Brabant",false,51.421494,5.461063,"material damage only","4","clear",false,1,"GM0772"
"20220190038",2022,"Uitsluitend materiele schade",2,"Bromfiets","Fiets","Onbekend",\N,50,\N,"Daglicht",\N,\N,"600148250","Pastoor Stassenstraat","Venlo","Venlo","Limburg",false,51.364669,6.138365,"material damage only","4","unknown",false,1,"GM0983"
"20220118840",2022,"Letsel",2,"Personenauto","e-bike","Flank","Rotonde",50,"Niet brandend","Daglicht","Droog",\N,\N,"Fazantstraat","Wijchen","Wijchen","Gelderland",false,51.814813,5.720673,"injury","2","clear",false,1,"GM0296"
"20220134406",2022,"Uitsluitend materiele schade",2,"Personenauto","Fiets","Frontaal","Bocht",30,"Niet brandend","Daglicht","Droog",\N,"600880035","Scheepstuiger","Sappemeer","Midden-Groningen","Groningen",false,53.162071,6.775639,"material damage only","4","clear",false,1,"GM1952"
"20220135603",2022,"Uitsluitend materiele schade",2,"Personenauto","Fiets","Flank","Kruispunt, 3 takken",30,"Niet aanwezig","Daglicht","Droog",\N,\N,"Burg Boldinghlaan","Tuk","Steenwijkerland","Overijssel",false,52.801752,6.09394,"material damage only","4","clear",false,1,"GM1708"
"20220139814",2022,"Letsel",2,"Personenauto","e-bike","Flank","Rechte weg",50,"Niet brandend","Daglicht","Droog",\N,"600743693","Rijksstraatweg","Haarlem","Haarlem","Noord-Holland",false,52.421014,4.647589,"injury","2","clear",false,1,"GM0392"
"20220147167",2022,"Uitsluitend materiele schade",2,"Personenauto","Fiets","Flank","Kruispunt, 4 takken",50,"Niet brandend","Daglicht",\N,\N,\N,"Sweelinckstraat","Waalwijk","Waalwijk","Noord-Brabant",false,51.676498,5.059978,"material damage only","4","unknown",false,1,"GM0867"
"20220155453",2022,"Letsel",2,"Motor","Fiets","Flank","Kruispunt, 4 takken",50,"Niet brandend","Daglicht","Droog",\N,\N,"Amstelveenseweg","Amsterdam","Amsterdam","Noord-Holland",false,52.347131,4.857816,"injury","2","clear",false,1,"GM0363"
"20220192807",2022,"Letsel",2,"Personenauto","Fiets","Flank","Rechte weg",50,"Niet brandend","Daglicht","Droog",\N,"468561053","Hereweg","Groningen","Groningen","Groningen",false,53.206486,6.573624,"injury","2","clear",false,1,"GM0014"
"20220125399",2022,"Uitsluitend materiele schade",1,"Fiets",\N,"Eenzijdig","Rechte weg",50,"Niet brandend","Daglicht","Droog",\N,"600918449","Laan van Wateringse Veld","'s-Gravenhage","'s-Gravenhage","Zuid-Holland",false,52.028079,4.28878,"material damage only","4","clear",false,1,"GM0518"
"20220128726",2022,"Uitsluitend materiele schade",2,"Fiets","Personenauto","Flank","Rotonde",50,"Niet brandend","Daglicht","Droog",\N,\N,"Veerweg","Papendrecht","Papendrecht","Zuid-Holland",false,51.835524,4.692193,"material damage only","4","clear",false,1,"GM0590"
"20220141447",2022,"Uitsluitend materiele schade",2,"Snorfiets","Fiets","Frontaal","Rechte weg",30,"Brandend","Duisternis","Droog",\N,"600411746","Marnixstraat","Amsterdam","Amsterdam","Noord-Holland",false,52.368738,4.877949,"material damage only","4","clear",false,1,"GM0363"
"20220151274",2022,"Uitsluitend materiele schade",2,"Personenauto","e-bike","Frontaal","Kruispunt, 3 takken",30,"Niet brandend","Daglicht","Regen",\N,\N,"Kerkstraat","Panningen","Peel en Maas","Limburg",false,51.32458,5.971302,"material damage only","4","rain",false,1,"GM1894"
"20220125431",2022,"Uitsluitend materiele schade",3,"Vrachtauto","Fiets","Onbekend","Kruispunt, 4 takken",50,"Niet brandend","Daglicht","Droog",\N,\N,"Loosduinsekade","'s-Gravenhage","'s-Gravenhage","Zuid-Holland",false,52.068493,4.276283,"material damage only","4","clear",false,1,"GM0518"
"20220127687",2022,"Letsel",2,"Personenauto","Fiets","Flank","Kruispunt, 4 takken",50,"Niet brandend","Daglicht","Droog",\N,\N,"Fluitekruid","Vlaardingen","Vlaardingen","Zuid-Holland",false,51.932998,4.339726,"injury","2","clear",false,1,"GM0622"
"20220128799",2022,"Letsel",2,"Fiets","Personenauto","Flank","Kruispunt, 4 takken",50,"Niet brandend","Daglicht",\N,\N,\N,"Nobelsingel","Berkel en Rodenrijs","Lansingerland","Zuid-Holland",false,51.981497,4.447672,"injury","2","unknown",false,1,"GM1621"
"20220132978",2022,"Uitsluitend materiele schade",2,"Personenauto","e-bike","Flank","Kruispunt, 4 takken",60,"Niet brandend","Daglicht","Droog",\N,\N,"Kerkstraat","Sittard","Sittard-Geleen","Limburg",false,51.003015,5.891646,"material damage only","4","clear",false,1,"GM1883"
"20220162222",2022,"Letsel",1,"Fiets",\N,"Eenzijdig","Rechte weg",30,"Niet brandend","Daglicht","Droog",\N,"468564054","Hanzeplein","Groningen","Groningen","Groningen",false,53.22064,6.577845,"injury","2","clear",false,1,"GM0014"
"20220175548",2022,"Letsel",2,"Bestelauto","Fiets","Flank","Kruispunt, 3 takken",50,"Niet brandend","Daglicht","Droog",\N,\N,"Sint Aagtendijk","Beverwijk","Beverwijk","Noord-Holland",true,52.482685,4.675875,"injury","2","clear",false,1,"GM0375"
"20220193356",2022,"Uitsluitend materiele schade",2,"Personenauto","Fiets","Flank","Kruispunt, 4 takken",50,"Niet brandend","Daglicht","Droog",\N,\N,"Van der Ploegstrjitte","Burgum","Tytsjerksteradiel","Friesland",false,53.201094,5.994756,"material damage only","4","clear",false,1,"GM0737"
"20220121441",2022,"Uitsluitend materiele schade",2,"e-bike","Fiets","Onbekend","Kruispunt, 3 takken",\N,"Niet brandend","Daglicht","Droog",\N,\N,"Rosariumlaan","Krommenie","Zaanstad","Noord-Holland",false,52.498922,4.755836,"material damage only","4","clear",false,1,"GM0479"