"accident_id","year","severity_raw","party_count","party1_type","party2_type","accident_type","road_situation","speed_limit_kmh","road_lighting","light_condition_label","weather_raw","infra_type","road_segment_id","street_name","place_name","gemeente_name_raw","province","alcohol_indicated","latitude","longitude","severity_label","severity_code","weather_label","built_up_area","cyclists_involved","gemeente_code"
"20220143039",2022,"Letsel",2,"Fiets","Voetganger","Voetganger","Rechte weg",30,"Niet brandend","Daglicht","Droog",\N,"168312030","Hongarenburg","'s-Gravenhage","'s-Gravenhage","Zuid-Holland",false,52.089021,4.358622,"injury","2","clear",false,1,"GM0518"
"20220155672",2022,"Letsel",2,"Bromfiets","Fiets","Flank","Rotonde",50,"Brandend","Duisternis","Droog",\N,\N,"WETERINGCIRCUIT","Amsterdam","Amsterdam","Noord-Holland",false,52.358959,4.890676,"injury","2","clear",false,1,"GM0363"
"20220169386",2022,"Uitsluitend materiele schade",2,"Fiets","Vrachtauto","Onbekend","Rotonde",50,"Niet brandend","Daglicht","Regen",\N,\N,"Steenweg","Zaltbommel","Zaltbommel","Gelderland",false,51.802486,5.24249,"material damage only","4","rain",false,1,"GM0297"
"20220125564",2022,"Letsel",1,"Fiets",\N,"Eenzijdig","Rechte weg",50,"Brandend","Duisternis",\N,"Bus-/Tramhalte","169296072","Van Miereveltlaan","Delft","Delft","Zuid-Holland",false,52.016129,4.365248,"injury","2","unknown",false,1,"GM0503"
"20220154583",2022,"Letsel",2,"Fiets","Fiets","Onbekend","Rechte weg",30,"Niet brandend","Daglicht","Droog",\N,"600469916","Spreeuwendijk","Petten","Schagen","Noord-Holland",false,52.758353,4.651614,"injury","2","clear",false,1,"GM0441"
"20220166826",2022,"Uitsluitend materiele schade",2,"Bromfiets","Fiets","Flank","Rechte weg",30,"Brandend","Duisternis","Droog",\N,\N,"De Voorwaarts","Apeldoorn","Apeldoorn","Gelderland",false,52.208501,5.9936,"material damage only","4","clear",false,1,"GM0200"
"20220174472",2022,"Uitsluitend materiele schade",2,"e-bike","Lichtmast","Vast voorwerp","Rechte weg",50,"Brandend","Duisternis","Droog",\N,"205394053","Lange Nieuwstraat","IJmuiden","Velsen","Noord-Holland",false,52.458583,4.619353,"material damage only","4","clear",false,1,"GM0453"
"20220196967",2022,"Uitsluitend materiele schade",2,"Bestelauto","Fiets","Kop/staart","Kruispunt, 3 takken",30,"Niet brandend","Daglicht","Droog",\N,\N,"Kruizemuntstraat","Apeldoorn","Apeldoorn","Gelderland",false,52.216533,5.989058,"material damage only","4","clear",false,1,"GM0200"
"20220197669",2022,"Uitsluitend materiele schade",2,"Fiets","Personenauto","Flank","Rotonde",50,"Niet brandend","Daglicht","Droog",\N,\N,"De Gasperilaan","Doetinchem","Doetinchem","Gelderland",false,51.946884,6.266013,"material damage only","4","clear",false,1,"GM0222"
"20220198193",2022,"Uitsluitend materiele schade",2,"Personenauto","e-bike","Flank","Kruispunt, 3 takken",30,"Niet brandend","Daglicht","Droog",\N,\N,"Koolmeesstraat","Enschede","Enschede","Overijssel",false,52.235556,6.888759,"material damage only","4","clear",false,1,"GM0153"
"20220117879",2022,"Uitsluitend materiele schade",2,"Fiets","Fiets","Kop/staart","Rechte weg",30,"Niet brandend","Daglicht","Droog","Brug/viaduct","600147493","HASSELTERBRUG","Zwolle","Zwolle","Overijssel",false,52.517993,6.065426,"material damage only","4","clear",false,1,"GM0193"
"20220119079",2022,"Letsel",6,"Personenauto","Fiets","Kop/staart","Rechte weg",60,"Niet brandend","Daglicht","Droog",\N,"439421001","Koloniedijk","Vinkenbuurt","Ommen","Overijssel",false,52.578976,6.34652,"injury","2","clear",false,1,"GM0175"
"20220150475",2022,"Letsel",2,"Personenauto","Fiets","Flank","Kruispunt, 4 takken",50,"Brandend","Duisternis","Droog",\N,\N,"Eindhovenseweg","Valkenswaard","Valkenswaard","Noord-Brabant",true,51.362008,5.463299,"injury","2","clear",false,1,"GM0858"
"20240088025",2024,"Uitsluitend materiele schade",2,"Personenauto","Fiets","Flank","Rechte weg",30,"Brandend","Daglicht","Droog",\N,"243373059","Kloveniersburgwal","Amsterdam","Amsterdam","Noord-Holland",false,52.368035,4.896262,"material damage only","4","clear",false,1,"GM0363"
"20240092339",2024,"Letsel",2,"Snorfiets","Fiets","Onbekend","Kruispunt, 3 takken",30,"Niet brandend","Daglicht","Droog",\N,\N,"Wakkershof","Nuenen","Nuenen, Gerwen en Nederwetten","Noord-Brabant",false,51.475594,5.565524,"injury","2","clear",false,1,"GM0820"
"20240093067",2024,"Letsel",2,"Personenauto","Fiets","Flank","Kruispunt, 4 takken",30,"Niet brandend","Daglicht","Droog",\N,\N,"Bosweg","Malden","Heumen","Gelderland",true,51.783741,5.868172,"injury","2","clear",false,1,"GM0252"
"20240048967",2024,"Letsel",2,"Fiets","Fiets","Flank","Rechte weg",30,"Niet brandend","Daglicht","Droog",\N,"519362028","Hengelosestraat","Oldenzaal","Oldenzaal","Overijssel",false,52.311115,6.923441,"injury","2","clear",false,1,"GM0173"
"20240071342",2024,"Letsel",2,"Fiets","Fiets","Flank","Rechte weg",50,"Niet brandend","Daglicht","Droog",\N,"601014372","Houtwijklaan","'s-Gravenhage","'s-Gravenhage","Zuid-Holland",false,52.054553,4.255526,"injury","2","clear",false,1,"GM0518"
"20240083530",2024,"Uitsluitend materiele schade",2,"Personenauto","Fiets","Flank","Kruispunt, 4 takken",60,"Niet brandend","Daglicht","Droog",\N,\N,"2e Kruisweg","Vlodrop","Roerdalen","Limburg",false,51.134632,6.062668,"material damage only","4","clear",false,1,"GM1669"
"20240084779",2024,"Uitsluitend materiele schade",2,"Personenauto","Fiets","Flank","Rotonde",50,"Niet brandend","Daglicht","Droog",\N,\N,"Siersteenlaan","Groningen","Groningen","Groningen",false,53.225545,6.526835,"material damage only","4","clear",false,1,"GM0014"
"20240095580",2024,"Letsel",1,"Fiets",\N,"Onbekend","Kruispunt, 3 takken",30,"Niet brandend","Daglicht","Droog",\N,\N,"Geestersingel","Alkmaar","Alkmaar","Noord-Holland",false,52.634272,4.741562,"injury","2","clear",false,1,"GM0361"
"20240096147",2024,"Uitsluitend materiele schade",2,"Personenauto","Fiets","Los voorwerp","Kruispunt, 4 takken",30,"Niet brandend","Daglicht","Droog",\N,\N,"Dorpsstraat","Woudenberg","Woudenberg","Utrecht",false,52.082211,5.415238,"material damage only","4","clear",false,1,"GM0351"
"20240096701",2024,"Letsel",3,"Snorfiets","Fiets","Onbekend","Rechte weg",50,"Niet brandend","Daglicht","Droog","Tunnel",\N,"Spoorbaanpad","Almere","Almere","Flevoland",false,52.343687,5.154568,"injury","2","clear",false,1,"GM0034"
"20240045984",2024,"Uitsluitend materiele schade",2,"Bromfiets","Fiets","Frontaal","Rechte weg",80,"Niet brandend","Daglicht","Droog",\N,"600641286","Raalterweg","Wijhe","Olst-Wijhe","Overijssel",false,52.379151,6.180332,"material damage only","4","clear",false,1,"GM1773"
"20240081629",2024,"Letsel",2,"Personenauto","Fiets","Flank","Rechte weg",30,"Niet brandend","Daglicht","Droog",\N,"204268034","Koningin Julianastraat","Krimpen aan de Lek","Krimpenerwaard","Zuid-Holland",false,51.893859,4.625958,"injury","2","clear",false,1,"GM1931"
"20240086784",2024,"Letsel",4,"Personenauto","Fiets","Onbekend","Kruispunt, 4 takken",50,"Niet brandend","Daglicht","Droog",\N,\N,"van Heuven Goedhartlaan","Hoofddorp","Haarlemmermeer","Noord-Holland",false,52.291964,4.690013,"injury","2","clear",false,1,"GM0394"
"20240091343",2024,"Letsel",2,"Personenauto","Fiets","Flank","Rechte weg",50,"Niet brandend","Daglicht","Droog",\N,"601230614","Parkkade","Rotterdam","Rotterdam","Zuid-Holland",false,51.903741,4.472311,"injury","2","clear",false,1,"GM0599"
"20240092594",2024,"Letsel",2,"Fiets",\N,"Los voorwerp","Kruispunt, 4 takken",80,"Niet brandend","Daglicht","Droog",\N,\N,"Deurneseweg","Ommel","Asten","Noord-Brabant",false,51.429282,5.752199,"injury","2","clear",false,1,"GM0743"
"20240092621",2024,"Letsel",2,"Fiets","Voetganger","Voetganger","Rechte weg",60,"Niet brandend","Daglicht","Droog",\N,"385056057","Heiberg","Amstenrade","Beekdaelen","Limburg",false,50.945472,5.928121,"injury","2","clear",false,1,"GM1954"
"20240045372",2024,"Uitsluitend materiele schade",2,"Personenauto","Fiets","Flank","Kruispunt, 3 takken",50,"Niet brandend","Daglicht","Droog",\N,\N,"Stalenbrug","Bergen op Zoom","Bergen op Zoom","Noord-Brabant",false,51.48401,4.295431,"material damage only","4","clear",false,1,"GM0748"
"20240085534",2024,"Uitsluitend materiele schade",2,"Bromfiets","Fiets","Flank","Rechte weg",60,"Niet aanwezig","Daglicht","Droog",\N,"477413001","Verlengde Maatdijk","Brucht","Hardenberg","Overijssel",false,52.54101,6.622601,"material damage only","4","clear",false,1,"GM0160"
"20240086855",2024,"Letsel",2,"Personenauto","Fiets","Flank","Kruispunt, 3 takken",30,"Niet brandend","Daglicht","Droog",\N,\N,"Brusselstraat","Haarlem","Haarlem","Noord-Holland",false,52.359788,4.647611,"injury","2","clear",false,1,"GM0392"
"20240092267",2024,"Letsel",1,"Fiets",\N,"Onbekend","Rechte weg",60,"Niet brandend","Daglicht","Droog",\N,"360136005","Winnerstraat","Nederweert","Nederweert","Limburg",false,51.301561,5.751776,"injury","2","clear",false,1,"GM0946"
"20240093161",2024,"Letsel",2,"Fiets","Fiets","Onbekend","Rechte weg",60,"Niet aanwezig","Daglicht","Droog",\N,"413541001","Alde Laweiswyk","Drachtstercompagnie","Smallingerland","Friesland",false,53.122414,6.161266,"injury","2","clear",false,1,"GM0090"
"20240098527",2024,"Letsel",2,"Fiets","Fiets","Flank","Rechte weg",80,"Niet brandend","Daglicht","Droog",\N,"600968636","Cruquiusweg","Heemstede","Heemstede","Noord-Holland",false,52.34005,4.635546,"injury","2","clear",false,1,"GM0397"
"20240049694",2024,"Letsel",1,"Fiets",\N,"Onbekend","Rechte weg",\N,"Niet brandend","Daglicht","Droog",\N,"600387835","Albinusdreef","Leiden","Leiden","Zuid-Holland",false,52.166866,4.478569,"injury","2","clear",false,1,"GM0546"
"20240079789",2024,"Uitsluitend materiele schade",2,"Fiets","Motor","Flank","Kruispunt, 4 takken",30,"Niet brandend","Daglicht","Droog",\N,\N,"Jacob van Lennepkade","Amsterdam","Amsterdam","Noord-Holland",false,52.365238,4.871554,"material damage only","4","clear",false,1,"GM0363"
"20240079804",2024,"Uitsluitend materiele schade",2,"Personenauto","Fiets","Frontaal","Rotonde",30,"Brandend","Schemer","Droog",\N,\N,"Rosariumlaan","Krommenie","Zaanstad","Noord-Holland",false,52.497506,4.75487,"material damage only","4","clear",false,1,"GM0479"
"20240088200",2024,"Letsel",1,"Fiets",\N,"Eenzijdig","Kruispunt, 3 takken",30,"Niet brandend","Daglicht","Droog",\N,\N,"JOOP WALENKAMPTUNNEL","Leiden","Leiden","Zuid-Holland",false,52.164868,4.481355,"injury","2","clear",false,1,"GM0546"
"20240090152",2024,"Letsel",1,"Fiets",\N,"Flank","Kruispunt, 4 takken",50,"Niet brandend","Daglicht","Droog",\N,\N,"Gerrit Jan Mulderstraat","Rotterdam","Rotterdam","Zuid-Holland",false,51.914732,4.448761,"injury","2","clear",false,1,"GM0599"
"20240094267",2024,"Uitsluitend materiele schade",3,"Fiets","Personenauto","Flank","Bocht",50,"Niet brandend","Daglicht","Droog",\N,"600996172","Katerveerdijk","Zwolle","Zwolle","Overijssel",true,52.498699,6.060438,"material damage only","4","clear",false,1,"GM0193"
"20240045448",2024,"Uitsluitend materiele schade",2,"Fiets","Fiets","Onbekend","Rechte weg",30,"Niet brandend","Daglicht","Droog",\N,"600754839","Oosterhoutseweg","Breda","Breda","Noord-Brabant",false,51.597819,4.810549,"material damage only","4","clear",false,1,"GM0758"
"20240049765",2024,"Uitsluitend materiele schade",2,"Bromfiets","Fiets","Onbekend","Rechte weg",15,"Niet brandend","Daglicht","Droog",\N,"600920410","Jacoba van Beierenweg","Voorhout","Teylingen","Zuid-Holland",false,52.228959,4.491435,"material damage only","4","clear",false,1,"GM1525"
"20240073360",2024,"Uitsluitend materiele schade",2,"Personenauto","Fiets","Flank","Rotonde",50,"Niet brandend","Daglicht","Droog",\N,\N,"Duiventoren","Oudenbosch","Halderberge","Noord-Brabant",false,51.590178,4.518258,"material damage only","4","clear",false,1,"GM1655"
"20240078011",2024,"Letsel",2,"Personenauto","Fiets","Flank","Rechte weg",80,"Niet brandend","Daglicht","Droog",\N,"600494181","Bentheimerstraat","de Lutte","Losser","Overijssel",false,52.320097,6.970807,"injury","2","clear",false,1,"GM0168"
"20240079256",2024,"Letsel",2,"Fiets","Fiets","Kop/staart","Rechte weg",50,"Niet brandend","Daglicht","Droog",\N,"601180119","Rijswijkseplein","'s-Gravenhage","'s-Gravenhage","Zuid-Holland",false,52.072085,4.323489,"injury","2","clear",false,1,"GM0518"
"20240084947",2024,"Letsel",2,"Fiets","Los voorwerp","Los voorwerp","Rechte weg",50,"Brandend","Schemer","Droog",\N,"600784187","Parallelweg West","Culemborg","Culemborg","Gelderland",false,51.93408,5.237312,"injury","2","clear",false,1,"GM0216"
"20240086272",2024,"Letsel",1,"Fiets",\N,"Onbekend","Rechte weg",30,"Niet brandend","Daglicht","Droog",\N,"600911194","Onderweg","Schoorl","Bergen (NH)","Noord-Holland",false,52.707594,4.708824,"injury","2","clear",false,1,\N
"20240087610",2024,"Uitsluitend materiele schade",2,"Fiets","Overig vast object","Vast voorwerp","Rechte weg",50,"Niet brandend","Daglicht","Droog",\N,"601150497","Rijksweg-Noord","Elst","Overbetuwe","Gelderland",false,51.925262,5.853912,"material damage only","4","clear",false,1,"GM1734"
"20240092728",2024,"Uitsluitend materiele schade",2,"Personenauto","Fiets","Flank","Kruispunt, 3 takken",30,"Niet brandend","Daglicht","Droog",\N,\N,"Schutsboomstraat","Heesch","Bernheze","Noord-Brabant",false,51.730346,5.528795,"material damage only","4","clear",false,1,"GM1721"
"20240093239",2024,"Letsel",2,"Personenauto","Fiets","Flank","Kruispunt, 4 takken",50,"Niet brandend","Daglicht","Droog",\N,\N,"Domoweg","Beilen","Midden-Drenthe","Drenthe",false,52.852606,6.505264,"injury","2","clear",false,1,"GM1731"
"20240096301",2024,"Uitsluitend materiele schade",2,"Fiets","Fiets","Flank","Rechte weg",50,"Niet brandend","Daglicht","Droog",\N,"601087020","Lambertus Hortensiuslaan","Naarden","Gooise Meren","Noord-Holland",false,52.285171,5.161545,"material damage only","4","clear",false,1,"GM1942"
"20240098094",2024,"Letsel",2,"e-bike","Fiets","Flank","Kruispunt, 4 takken",30,"Niet brandend","Daglicht","Droog",\N,\N,"Morssingel","Leiden","Leiden","Zuid-Holland",false,52.163365,4.480721,"injury","2","clear",false,1,"GM0546"
"20240046784",2024,"Uitsluitend materiele schade",2,"Personenauto","Fiets","Onbekend","Rechte weg",50,"Niet brandend","Daglicht","Droog",\N,"509452009","Vaart NZ","Nieuw-Amsterdam","Emmen","Drenthe",false,52.714619,6.87076,"material damage only","4","clear",false,1,"GM0114"
"20240048545",2024,"Letsel",2,"Personenauto","Fiets","Flank","Rechte weg",30,"Niet brandend","Daglicht","Droog",\N,"264313030","Jan Wolkerssingel","Utrecht","Utrecht","Utrecht",false,52.097321,5.058117,"injury","2","clear",false,1,"GM0344"
"20240078659",2024,"Letsel",1,"Fiets",\N,"Onbekend","Rechte weg",30,"Brandend","Duisternis","Regen",\N,"167317043","Buurtweg","Wassenaar","Wassenaar","Zuid-Holland",false,52.113387,4.347208,"injury","2","rain",false,1,"GM0629"
"20240083737",2024,"Letsel",2,"Bromfiets","Fiets","Onbekend",\N,30,\N,"Daglicht",\N,\N,"265188016","Goirleseweg","Tilburg","Tilburg","Noord-Brabant",false,51.539627,5.063686,"injury","2","unknown",false,1,"GM0855"
"20240085001",2024,"Uitsluitend materiele schade",2,"Personenauto","Fiets","Flank","Kruispunt, 4 takken",30,"Niet brandend","Daglicht","Droog",\N,\N,"Vloeddijk","Kampen","Kampen","Overijssel",false,52.559316,5.913433,"material damage only","4","clear",false,1,"GM0166"
"20240086969",2024,"Letsel",2,"Fiets","Personenauto","Flank","Kruispunt, 4 takken",50,"Niet brandend","Daglicht","Droog",\N,\N,"Buitenrustlaan","Haarlem","Haarlem","Noord-Holland",false,52.371834,4.638651,"injury","2","clear",false,1,"GM0392"
"20240087629",2024,"Letsel",2,"Personenauto","Fiets","Flank","Kruispunt, 4 takken",50,"Niet brandend","Daglicht","Droog",\N,\N,"Cornelis Trooststraat","Haaksbergen","Haaksbergen","Overijssel",false,52.158709,6.726089,"injury","2","clear",false,1,"GM0158"
"20240096311",2024,"Uitsluitend materiele schade",2,"Motor","Fiets","Flank","Kruispunt, 4 takken",50,"Niet brandend","Daglicht","Droog",\N,\N,"Hogeweg","Amersfoort","Amersfoort","Utrecht",false,52.160348,5.415771,"material damage only","4","clear",false,1,"GM0307"
"20240079281",2024,"Letsel",2,"Boom","Fiets","Vast voorwerp","Rechte weg",30,"Niet brandend","Daglicht","Droog",\N,"600362271","Pieter Calandlaan","Amsterdam","Amsterdam","Noord-Holland",false,52.351369,4.796322,"injury","2","clear",false,1,"GM0363"
"20240085698",2024,"Uitsluitend materiele schade",2,"Personenauto","Fiets","Onbekend","Rechte weg",\N,"Niet brandend","Daglicht","Droog",\N,"518341039","Gronausestraat","Enschede","Enschede","Overijssel",false,52.217422,6.913309,"material damage only","4","clear",false,1,"GM0153"
"20240085699",2024,"Uitsluitend materiele schade",2,"Bromfiets","Fiets","Flank","Rechte weg",50,"Niet brandend","Daglicht","Droog",\N,"476371083","Wierdensestraat","Almelo","Almelo","Overijssel",false,52.356021,6.617119,"material damage only","4","clear",false,1,"GM0141"
"20240088307",2024,"Letsel",2,"Fiets","Fiets","Kop/staart","Rechte weg",30,"Niet brandend","Daglicht","Droog",\N,"600761708","Jan van Galenstraat","Amsterdam","Amsterdam","Noord-Holland",false,52.375866,4.867599,"injury","2","clear",false,1,"GM0363"
"20240094794",2024,"Letsel",2,"Fiets","Personenauto","Flank","Kruispunt, 4 takken",80,"Niet brandend","Daglicht","Droog",\N,\N,"Kuzemerweg","Oldekerk","Westerkwartier","Groningen",false,53.213364,6.322582,"injury","2","clear",false,1,"GM1969"
"20240043374",2024,"Letsel",2,"Personenauto","Fiets","Flank","Rotonde",50,"Niet brandend","Daglicht","Droog",\N,\N,"Van Stolberglaan","Zoetermeer","Zoetermeer","Zuid-Holland",false,52.052526,4.484621,"injury","2","clear",false,1,"GM0637"
"20240048624",2024,"Letsel",1,"Fiets",\N,"Onbekend","Rechte weg",50,"Brandend","Duisternis","Droog",\N,"600494169","Rietveld","Woerden","Woerden","Utrecht",false,52.087547,4.856218,"injury","2","clear",false,1,"GM0632"
"20240050528",2024,"Letsel",2,"Personenauto","Fiets","Geparkeerd voertuig",\N,50,"Niet brandend","Daglicht","Droog",\N,"600917941","Escamplaan","'s-Gravenhage","'s-Gravenhage","Zuid-Holland",false,52.06288,4.271897,"injury","2","clear",false,1,"GM0518"
"20240074804",2024,"Uitsluitend materiele schade",2,"Fiets","Snorfiets","Onbekend","Bocht",50,"Niet brandend","Daglicht","Droog",\N,"600912328","Diamantstraat","Hengelo","Hengelo (O)","Overijssel",false,52.241122,6.777671,"material damage only","4","clear",false,1,\N
"20240075844",2024,"Uitsluitend materiele schade",2,"Personenauto","Fiets","Onbekend",\N,30,\N,"Daglicht",\N,\N,"465545011","Braamstukken","Eelde","Tynaarlo","Drenthe",false,53.138179,6.552962,"material damage only","4","unknown",false,1,"GM1730"
"20240081860",2024,"Letsel",1,"Fiets",\N,"Frontaal","Rechte weg",30,"Niet brandend","Daglicht","Droog",\N,"187350077","Havenstraat","Noordwijkerhout","Noordwijk","Zuid-Holland",false,52.262048,4.494033,"injury","2","clear",false,1,"GM0575"
"20240085749",2024,"Uitsluitend materiele schade",1,"Fiets",\N,"Onbekend","Rechte weg",60,"Niet aanwezig","Daglicht","Droog",\N,\N,"Blekdijk","Zutphen","Zutphen","Gelderland",false,52.122811,6.255611,"material damage only","4","clear",false,1,"GM0301"
"20240086391",2024,"Letsel",2,"e-bike","Voetganger","Voetganger","Rechte weg",50,"Niet brandend","Daglicht","Droog",\N,"226435041","Hertog Aalbrechtweg","Alkmaar","Alkmaar","Noord-Holland",false,52.647382,4.772936,"injury","2","clear",false,1,"GM0361"
"20240086398",2024,"Letsel",2,"Personenauto","Fiets","Onbekend","Rechte weg",60,"Niet brandend","Daglicht","Droog",\N,"600244872","Oostlaan","Velserbroek","Velsen","Noord-Holland",false,52.434734,4.673519,"injury","2","clear",false,1,"GM0453"
"20240089000",2024,"Letsel",1,"Fiets",\N,"Onbekend","Kruispunt, 3 takken",30,"Niet brandend","Daglicht","Droog",\N,\N,"New Yorksingel","'s-Gravenhage","'s-Gravenhage","Zuid-Holland",false,52.028996,4.283674,"injury","2","clear",false,1,"GM0518"
"20240090924",2024,"Letsel",2,"Personenauto","Fiets","Flank","Kruispunt, 3 takken",50,"Niet brandend","Daglicht","Droog",\N,\N,"Diepenbrockstraat","Schiedam","Schiedam","Zuid-Holland",false,51.928571,4.371621,"injury","2","clear",false,1,"GM0606"
"20240095858",2024,"Letsel",2,"Fiets","Fiets","Flank","Rechte weg",50,"Niet brandend","Daglicht","Regen",\N,\N,"Plesmanweg","Heemskerk","Heemskerk","Noord-Holland",false,52.500386,4.669131,"injury","2","rain",false,1,"GM0396"
"20240098767",2024,"Letsel",2,"Personenauto","Fiets","Flank","Kruispunt, 3 takken",30,"Niet brandend","Daglicht","Droog",\N,\N,"Schulpweg","Velsen-Noord","Velsen","Noord-Holland",false,52.473431,4.638241,"injury","2","clear",false,1,"GM0453"
"20240098771",2024,"Letsel",2,"Fiets","Bromfiets","Flank","Rechte weg",50,"Niet brandend","Daglicht","Droog",\N,\N,"Noorddammerlaan","Amstelveen","Amstelveen","Noord-Holland",false,52.292256,4.840133,"injury","2","clear",false,1,"GM0362"
"20240045002",2024,"Uitsluitend materiele schade",2,"Personenauto","Fiets","Flank","Kruispunt, 4 takken",30,"Niet aanwezig","Daglicht","Droog",\N,\N,"Koekoekstraat","Sprundel","Rucphen","Noord-Brabant",false,51.534983,4.591348,"material damage only","4","clear",false,1,"GM0840"
"20240049254",2024,"Letsel",2,"Personenauto","Fiets","Flank","Kruispunt, 4 takken",50,"Niet brandend","Daglicht","Droog",\N,\N,"LUNTEREN 3","Ede","Ede","Gelderland",false,52.087534,5.597038,"injury","2","clear",false,1,"GM0228"
"20240071035",2024,"Letsel",1,"Fiets",\N,"Eenzijdig","Kruispunt, 4 takken",30,"Niet brandend","Daglicht","Droog",\N,\N,"Langeraarseweg","Ter Aar","Nieuwkoop","Zuid-Holland",false,52.18696,4.698217,"injury","2","clear",false,1,"GM0569"
"20240075865",2024,"Uitsluitend materiele schade",2,"Personenauto","Fiets","Flank","Kruispunt, 3 takken",50,"Niet brandend","Daglicht","Droog",\N,\N,"Broekheurne-ring","Enschede","Enschede","Overijssel",false,52.1909,6.895959,"material damage only","4","clear",false,1,"GM0153"
"20240079347",2024,"Letsel",2,"Bestelauto","Fiets","Flank","Kruispunt, 4 takken",30,"Niet brandend","Daglicht","Droog",\N,\N,"Koepoortsweg","Hoorn","Hoorn","Noord-Holland",true,52.644052,5.059149,"injury","2","clear",false,1,"GM0405"
"20240085112",2024,"Letsel",1,"Fiets",\N,"Eenzijdig","Rechte weg",60,"Niet aanwezig","Daglicht","Droog",\N,"443557003","Pasop","Midwolde","Westerkwartier","Groningen",false,53.193615,6.386281,"injury","2","clear",false,1,"GM1969"
"20240089728",2024,"Uitsluitend materiele schade",2,"Fiets","Personenauto","Onbekend","Rechte weg",30,\N,"Daglicht","Droog",\N,"209247022","H.W. Mesdagstraat","Dordrecht","Dordrecht","Zuid-Holland",false,51.798904,4.657003,"material damage only","4","clear",false,1,"GM0505"
"20240090958",2024,"Uitsluitend materiele schade",2,"Bromfiets","Fiets","Flank","Bocht",60,"Niet brandend","Daglicht","Droog",\N,"67193002","Kreekweg","Gapinge","Veere","Zeeland",true,51.54691,3.639209,"material damage only","4","clear",false,1,"GM0717"
"20240077562",2024,"Uitsluitend materiele schade",2,"Personenauto","Fiets","Onbekend","Kruispunt, 3 takken",30,"Niet brandend","Daglicht","Droog",\N,\N,"Walvisstraat","Dronten","Dronten","Flevoland",false,52.523058,5.715901,"material damage only","4","clear",false,1,"GM0303"
"20240079394",2024,"Letsel",2,"Fiets","Overig vast object","Vast voorwerp","Rechte weg",50,"Niet brandend","Daglicht","Droog",\N,\N,"Oosthuizerweg","Edam","Edam-Volendam","Noord-Holland",false,52.511243,5.043825,"injury","2","clear",false,1,"GM0385"
"20240079399",2024,"Uitsluitend materiele schade",2,"Fiets","Snorfiets","Frontaal","Rechte weg",30,"Niet brandend","Daglicht","Droog",\N,"600764490","Mauritskade","Amsterdam","Amsterdam","Noord-Holland",false,52.364795,4.924705,"material damage only","4","clear",false,1,"GM0363"
"20240080822",2024,"Uitsluitend materiele schade",2,"Fiets","Fiets","Frontaal","Rechte weg",50,"Niet brandend","Daglicht","Droog",\N,"600567855","Parallelweg","Hardinxveld-Giessendam","Hardinxveld-Giessendam","Zuid-Holland",false,51.831578,4.864669,"material damage only","4","clear",false,1,"GM0523"
"20240089098",2024,"Letsel",1,"Fiets",\N,"Eenzijdig","Rechte weg",\N,"Niet aanwezig","Daglicht","Droog",\N,"250404196","Purmersteenweg","Purmerend","Purmerend","Noord-Holland",false,52.507728,4.952558,"injury","2","clear",false,1,"GM0439"
"20240098867",2024,"Letsel",1,"Fiets",\N,"Onbekend","Rechte weg",50,"Niet brandend","Daglicht","Droog",\N,"600604124","FIETSPAD","Purmerend","Purmerend","Noord-Holland",false,52.504068,4.954312,"injury","2","clear",false,1,"GM0439"
"20240100844",2024,"Letsel",2,"Personenauto","Fiets","Onbekend",\N,50,"Brandend","Duisternis","Droog",\N,\N,"Kruisplein","Rotterdam","Rotterdam","Zuid-Holland",false,51.922933,4.471133,"injury","2","clear",false,1,"GM0599"
"20240045095",2024,"Uitsluitend materiele schade",2,"Fiets","Personenauto","Flank","Kruispunt, 4 takken",80,"Niet brandend","Daglicht","Regen",\N,\N,"Buitenhaven","Terneuzen","Terneuzen","Zeeland",false,51.32987,3.816581,"material damage only","4","rain",false,1,"GM0715"
"20240089150",2024,"Letsel",2,"Fiets","Voetganger","Voetganger","Rechte weg",30,"Niet brandend","Daglicht","Droog",\N,"600757782","Grote Speelweide","Amstelveen","Amstelveen","Noord-Holland",false,52.318019,4.824622,"injury","2","clear",false,1,"GM0362"
"20240089793",2024,"Letsel",2,"Personenauto","Fiets","Flank","Rechte weg",50,"Brandend","Duisternis","Droog",\N,\N,"Lange Brug","Gorinchem","Gorinchem","Zuid-Holland",false,51.831417,4.967226,"injury","2","clear",false,1,"GM0512"
"20240094976",2024,"Letsel",2,"Fiets",\N,"Onbekend","Rechte weg",15,"Niet brandend","Daglicht","Droog","Parkeervoorziening","533453003","De Plaatsen","Zwartemeer","Emmen","Drenthe",false,52.716346,7.042803,"injury","2","clear",false,1,"GM0114"
"20240097098",2024,"Uitsluitend materiele schade",2,"Vrachtauto","Fiets","Onbekend","Rechte weg",30,"Niet brandend","Daglicht","Regen",\N,"268311020","Everard Meijsterlaan","Utrecht","Utrecht","Utrecht",false,52.087616,5.087676,"material damage only","4","rain",false,1,"GM0344"
"20240097101",2024,"Uitsluitend materiele schade",2,"e-bike","e-bike","Frontaal","Rotonde",80,"Niet aanwezig","Daglicht","Droog",\N,\N,"De West","Dronten","Dronten","Flevoland",false,52.516895,5.689873,"material damage only","4","clear",false,1,"GM0303"