"accident_id","year","severity_raw","party_count","party1_type","party2_type","accident_type","road_situation","speed_limit_kmh","road_lighting","light_condition_label","weather_raw","infra_type","road_segment_id","street_name","place_name","gemeente_name_raw","province","alcohol_indicated","latitude","longitude","severity_label","severity_code","weather_label","built_up_area","cyclists_involved","gemeente_code"
"20240099677",2024,"Letsel",2,"Motor","Fiets","Frontaal","Kruispunt, 4 takken",50,"Niet brandend","Daglicht","Droog",\N,\N,"Koekoekstraat","Sprundel","Rucphen","Noord-Brabant",false,51.534983,4.591348,"injury","2","clear",false,1,"GM0840"
"20240101784",2024,"Uitsluitend materiele schade",2,"Personenauto","Fiets","Flank","Rotonde",50,"Niet brandend","Daglicht","Droog",\N,\N,"Wilhelminalaan","Echt","Echt-Susteren","Limburg",false,51.106585,5.875855,"material damage only","4","clear",false,1,"GM1711"
"20240045117",2024,"Letsel",2,"Fiets","Fiets","Voetganger","Kruispunt, 3 takken",80,"Niet brandend","Daglicht","Droog",\N,"600678142","FIETSPAD","Wellerlooi","Bergen (L)","Limburg",false,51.504517,6.172316,"injury","2","clear",false,1,\N
"20240045754",2024,"Uitsluitend materiele schade",2,"Personenauto","Fiets","Flank","Kruispunt, 4 takken",60,"Niet aanwezig","Daglicht","Droog",\N,\N,"Hogebroeksweg","Raalte","Raalte","Overijssel",false,52.418756,6.288246,"material damage only","4","clear",false,1,"GM0177"
"20240046390",2024,"Letsel",2,"Bromfiets","Fiets","Kop/staart","Rechte weg",60,"Niet aanwezig","Daglicht","Droog",\N,"397391004","Leemculeweg","Hattem","Hattem","Gelderland",false,52.449548,6.034752,"injury","2","clear",false,1,"GM0244"
"20240071169",2024,"Uitsluitend materiele schade",2,"Personenauto","Fiets","Flank",\N,50,"Niet brandend","Daglicht","Droog",\N,"182264009","Slinge","Rotterdam","Rotterdam","Zuid-Holland",false,51.875568,4.463994,"material damage only","4","clear",false,1,"GM0599"
"20240079448",2024,"Dodelijk",2,"Fiets","Fiets","Frontaal","Rechte weg",30,"Brandend","Daglicht","Droog","Tunnel",\N,"Heukelspad","Alkmaar","Alkmaar","Noord-Holland",false,52.647645,4.752524,"fatal","1","clear",false,1,"GM0361"
"20240087886",2024,"Letsel",2,"Personenauto","Fiets","Flank","Kruispunt, 4 takken",60,"Niet brandend","Daglicht","Droog",\N,\N,"Duinweg","Noordwijk","Noordwijk","Zuid-Holland",false,52.269513,4.467563,"injury","2","clear",false,1,"GM0575"
"20240100388",2024,"Letsel",2,"Personenauto","Fiets","Frontaal","Rechte weg",50,"Niet brandend","Daglicht","Droog",\N,"158306103","Schaarsbergenstraat","'s-Gravenhage","'s-Gravenhage","Zuid-Holland",false,52.062595,4.285262,"injury","2","clear",false,1,"GM0518"
"20240100625",2024,"Uitsluitend materiele schade",2,"Personenauto","Fiets","Onbekend","Rechte weg",30,"Niet brandend","Daglicht","Droog",\N,"600360543","Van Weelstraat","Rotterdam","Rotterdam","Zuid-Holland",false,51.919032,4.452334,"material damage only","4","clear",false,1,"GM0599"
"20240101092",2024,"Letsel",1,"Fiets",\N,"Onbekend","Rechte weg",50,"Niet aanwezig","Daglicht","Droog",\N,"187324057","Polderpad","Leiden","Leiden","Zuid-Holland",false,52.141107,4.496047,"injury","2","clear",false,1,"GM0546"
"20240046432",2024,"Letsel",1,"Fiets",\N,"Eenzijdig",\N,50,"Niet aanwezig","Daglicht","Droog",\N,"600492723","Hoenderloseweg","Ugchelen","Apeldoorn","Gelderland",false,52.172037,5.912006,"injury","2","clear",false,1,"GM0200"
"20240050081",2024,"Letsel",1,"Fiets",\N,"Eenzijdig","Rechte weg",50,"Niet brandend","Daglicht","Regen",\N,"600654223","Zijldijk","Leiderdorp","Leiderdorp","Zuid-Holland",false,52.162235,4.515338,"injury","2","rain",false,1,"GM0547"
"20240073699",2024,"Letsel",1,"Fiets",\N,"Onbekend","Rechte weg",60,"Niet aanwezig","Daglicht","Droog",\N,"117174003","Kanaalweg","Schore","Kapelle","Zeeland",false,51.464012,4.004033,"injury","2","clear",false,1,"GM0678"
"20240078285",2024,"Letsel",2,"Fiets","Fiets","Onbekend","Rechte weg",30,"Brandend","Schemer","Droog",\N,\N,"FIETSPAD","Almere","Almere","Flevoland",false,52.375837,5.22453,"injury","2","clear",false,1,"GM0034"
"20240087292",2024,"Uitsluitend materiele schade",2,"Motor","Fiets","Flank","Rechte weg",50,"Niet brandend","Daglicht","Droog",\N,\N,"Batauweg","Nieuwegein","Nieuwegein","Utrecht",false,52.028799,5.068753,"material damage only","4","clear",false,1,"GM0356"
"20240089212",2024,"Uitsluitend materiele schade",2,"Personenauto","Fiets","Kop/staart","Kruispunt, 4 takken",50,"Niet brandend","Daglicht","Droog",\N,\N,"Koningin Julianalaan","Katwijk","Katwijk","Zuid-Holland",false,52.197174,4.412275,"material damage only","4","clear",false,1,"GM0537"
"20240091778",2024,"Letsel",2,"Fiets","Fiets","Flank","Rechte weg",30,"Niet brandend","Daglicht","Droog",\N,"351175007","Witte de Withstraat","Helmond","Helmond","Noord-Brabant",false,51.478182,5.685963,"injury","2","clear",false,1,"GM0794"
"20240101254",2024,"Letsel",2,"Personenauto","Fiets","Flank","Rotonde",50,"Niet brandend","Schemer","Droog",\N,\N,"FIETSPAD","Voorhout","Teylingen","Zuid-Holland",false,52.224059,4.486562,"injury","2","clear",false,1,"GM1525"
"20240050101",2024,"Letsel",1,"Fiets",\N,"Eenzijdig","Rechte weg",50,"Niet brandend","Daglicht","Droog",\N,"600424504","Loet","Lekkerkerk","Krimpenerwaard","Zuid-Holland",false,51.924611,4.688202,"injury","2","clear",false,1,"GM1931"
"20240070564",2024,"Uitsluitend materiele schade",2,"Personenauto","Fiets","Flank","Rechte weg",30,"Niet brandend","Daglicht","Droog",\N,\N,"Baden Powelllaan","Tilburg","Tilburg","Noord-Brabant",false,51.57462,5.038469,"material damage only","4","clear",false,1,"GM0855"
"20240079553",2024,"Uitsluitend materiele schade",2,"Personenauto","Fiets","Frontaal","Rechte weg",30,"Niet aanwezig","Daglicht","Droog",\N,"244373209","Valkenburgerstraat","Amsterdam","Amsterdam","Noord-Holland",false,52.36951,4.906751,"material damage only","4","clear",false,1,"GM0363"
"20240087301",2024,"Uitsluitend materiele schade",2,\N,"Fiets","Flank","Kruispunt, 4 takken",30,"Niet brandend","Daglicht","Droog",\N,\N,"Adenauerlaan","Woerden","Woerden","Utrecht",false,52.08657,4.907949,"material damage only","4","clear",false,1,"GM0632"
"20240089264",2024,"Uitsluitend materiele schade",3,"Fiets","Personenauto","Flank","Rechte weg",30,"Niet brandend","Daglicht","Droog",\N,"174310067","Damhouderstraat","Leidschendam","Leidschendam-Voorburg","Zuid-Holland",false,52.079455,4.397859,"material damage only","4","clear",false,1,"GM1916"
"20240096653",2024,"Letsel",2,"Personenauto","Fiets","Onbekend","Kruispunt, 3 takken",30,"Niet brandend","Daglicht","Regen",\N,\N,"Burg Bijleveldsingel","Hattem","Hattem","Gelderland",false,52.480999,6.05949,"injury","2","rain",false,1,"GM0244"
"20240101647",2024,"Uitsluitend materiele schade",2,"e-bike","Fiets","Flank","Kruispunt, 3 takken",30,"Niet brandend","Daglicht","Droog",\N,\N,"Heerstraat-Noord","Beegden","Maasgouw","Limburg",false,51.192673,5.921953,"material damage only","4","clear",false,1,"GM1641"
"20240049532",2024,"Letsel",2,"Fiets","Los voorwerp","Los voorwerp","Rechte weg",50,"Brandend","Duisternis","Droog",\N,"470406002","Hardenbergerweg","Mariënberg","Hardenberg","Overijssel",false,52.513069,6.572531,"injury","2","clear",false,1,"GM0160"
"20240079631",2024,"Letsel",2,"Fiets","Bestelauto","Onbekend","Bocht",60,"Niet aanwezig","Daglicht","Droog",\N,"241355006","Rondehoep West","Ouderkerk aan de Amstel","Ouder-Amstel","Noord-Holland",false,52.290953,4.890604,"injury","2","clear",false,1,"GM0437"
"20240081546",2024,"Letsel",2,"Personenauto","Fiets","Onbekend","Kruispunt, 3 takken",30,"Niet brandend","Daglicht","Droog",\N,\N,"Molenweg","Oude-Tonge","Goeree-Overflakkee","Zuid-Holland",false,51.689722,4.205309,"injury","2","clear",false,1,"GM1924"
"20230059889",2023,"Uitsluitend materiele schade",2,"Personenauto","Fiets","Flank","Rotonde",50,"Niet brandend","Daglicht","Droog",\N,\N,"Middenduinerweg","Santpoort-Zuid","Velsen","Noord-Holland",false,52.428313,4.632516,"material damage only","4","clear",false,1,"GM0453"
"20230062147",2023,"Letsel",2,"Fiets","Fiets","Flank","Kruispunt, 4 takken",30,"Niet brandend","Daglicht","Regen",\N,\N,"Bart de Ligtstraat","Nuenen","Nuenen, Gerwen en Nederwetten","Noord-Brabant",false,51.473769,5.55536,"injury","2","rain",false,1,"GM0820"
"20230052440",2023,"Letsel",2,"Scootmobiel","Fiets","Flank","Rechte weg",50,"Niet brandend","Daglicht","Droog",\N,"64181102","Buitenruststraat","Middelburg","Middelburg","Zeeland",false,51.491869,3.618976,"injury","2","clear",false,1,\N
"20230053609",2023,"Uitsluitend materiele schade",3,"Fiets","Fiets","Frontaal","Kruispunt, 3 takken",50,"Niet brandend","Daglicht","Droog",\N,\N,"Steenbergstraat","Kerkrade","Kerkrade","Limburg",false,50.852493,6.037187,"material damage only","4","clear",false,1,"GM0928"
"20230057179",2023,"Uitsluitend materiele schade",2,"Personenauto","Fiets","Kop/staart","Rechte weg",30,"Niet brandend","Daglicht","Droog",\N,"600394699","Bornhovestraat","Zutphen","Zutphen","Gelderland",false,52.13964,6.198653,"material damage only","4","clear",false,1,"GM0301"
"20230062080",2023,"Uitsluitend materiele schade",2,"Personenauto","Fiets","Frontaal","Rechte weg",30,"Niet brandend","Daglicht","Droog",\N,"600833268","Penningkruid","Cuijk","Land van Cuijk","Noord-Brabant",false,51.733006,5.863667,"material damage only","4","clear",false,1,"GM1982"
"20230062294",2023,"Uitsluitend materiele schade",2,"Personenauto","Fiets","Flank","Kruispunt, 4 takken",\N,"Niet brandend","Daglicht","Droog","Tunnel",\N,"Graafsebaan","Oss","Oss","Noord-Brabant",false,51.756027,5.556565,"material damage only","4","clear",false,1,"GM0828"
"20230037338",2023,"Letsel",2,"Fiets","Personenauto","Flank","Kruispunt, 4 takken",50,"Niet brandend","Daglicht","Droog",\N,\N,"Zomervaart","Haarlem","Haarlem","Noord-Holland",false,52.374513,4.657355,"injury","2","clear",false,1,"GM0392"
"20230047208",2023,"Uitsluitend materiele schade",2,"Bestelauto","Fiets","Flank","Kruispunt, 4 takken",30,"Niet brandend","Daglicht","Droog",\N,\N,"Willem Bontekoestraat","Almere","Almere","Flevoland",false,52.404325,5.293083,"material damage only","4","clear",false,1,"GM0034"
"20230049016",2023,"Letsel",2,"Personenauto","Fiets","Geparkeerd voertuig","Rechte weg",50,"Niet brandend","Daglicht","Droog",\N,"600379067","Fultonstraat","'s-Gravenhage","'s-Gravenhage","Zuid-Holland",false,52.075282,4.278562,"injury","2","clear",false,1,"GM0518"
"20230049576",2023,"Letsel",3,"Bestelauto","Fiets","Flank","Rotonde",50,"Niet brandend","Daglicht","Droog",\N,\N,"Fluitpolderplein","Leidschendam","Leidschendam-Voorburg","Zuid-Holland",false,52.09457,4.394763,"injury","2","clear",false,1,"GM1916"
"20230050142",2023,"Uitsluitend materiele schade",2,"Fiets","Fiets","Flank","Rechte weg",30,"Niet brandend","Daglicht","Droog",\N,"168297088","Insulindeweg","Delft","Delft","Zuid-Holland",false,52.021856,4.353307,"material damage only","4","clear",false,1,"GM0503"
"20230053078",2023,"Letsel",2,"Personenauto","Fiets","Flank","Kruispunt, 3 takken",80,"Niet brandend","Daglicht","Droog",\N,\N,"Gaderingviaduct","Hoogvliet Rotterdam","Rotterdam","Zuid-Holland",false,51.877318,4.374791,"injury","2","clear",false,1,"GM0599"
"20230060977",2023,"Uitsluitend materiele schade",2,"Personenauto","Fiets","Flank","Kruispunt, 3 takken",50,"Niet aanwezig","Daglicht","Droog",\N,\N,"Vierhavensstraat","Rotterdam","Rotterdam","Zuid-Holland",false,51.912486,4.432516,"material damage only","4","clear",false,1,"GM0599"
"20230061493",2023,"Uitsluitend materiele schade",2,"Personenauto","Fiets","Flank","Rechte weg",30,"Niet brandend","Daglicht","Droog",\N,"161306062","Abraham van Beyerenstr","'s-Gravenhage","'s-Gravenhage","Zuid-Holland",false,52.064154,4.306439,"material damage only","4","clear",false,1,"GM0518"
"20230062438",2023,"Uitsluitend materiele schade",2,"Bestelauto","Fiets","Flank","Kruispunt, 4 takken",50,"Niet brandend","Daglicht","Droog",\N,\N,"Telefoonstraat","Venhorst","Boekel","Noord-Brabant",false,51.605788,5.734838,"material damage only","4","clear",false,1,"GM0755"
"20230049626",2023,"Letsel",2,"Personenauto","Fiets","Geparkeerd voertuig","Rechte weg",50,"Niet brandend","Daglicht","Droog",\N,"238369016","Olympiaweg","Amsterdam","Amsterdam","Noord-Holland",false,52.348775,4.86268,"injury","2","clear",false,1,"GM0363"
"20230057707",2023,"Letsel",1,"Fiets",\N,"Eenzijdig","Rechte weg",80,"Niet brandend","Daglicht","Droog",\N,"439278005","Rijksweg","Gaanderen","Doetinchem","Gelderland",false,51.93325,6.333883,"injury","2","clear",false,1,"GM0222"
"20230059132",2023,"Uitsluitend materiele schade",2,"Fiets","e-bike","Onbekend","Kruispunt, 3 takken",50,"Niet brandend","Daglicht","Droog",\N,\N,"Wagenweg","Purmerend","Purmerend","Noord-Holland",false,52.508824,4.956954,"material damage only","4","clear",false,1,"GM0439"
"20230046125",2023,"Letsel",2,"Personenauto","Fiets","Flank","Rechte weg",80,"Niet brandend","Daglicht","Droog",\N,\N,"Panserweg","Zoutkamp","Het Hogeland","Groningen",false,53.34494,6.299204,"injury","2","clear",false,1,"GM1966"
"20230046133",2023,"Letsel",2,"Bromfiets","Fiets","Frontaal","Bocht",30,"Niet brandend","Daglicht","Droog",\N,"600609312","FIETSPAD","Kolham","Midden-Groningen","Groningen",false,53.169156,6.755161,"injury","2","clear",false,1,"GM1952"
"20230053710",2023,"Uitsluitend materiele schade",2,"Bromfiets","Fiets","Frontaal","Bocht",60,"Niet brandend","Daglicht","Droog",\N,"307210013","Schijndelseweg","Sint-Michielsgestel","Sint-Michielsgestel","Noord-Brabant",false,51.637788,5.369836,"material damage only","4","clear",false,1,"GM0845"
"20230058827",2023,"Letsel",2,"Bromfiets","Fiets","Flank","Rechte weg",\N,"Niet brandend","Daglicht","Droog",\N,"172294046","Delftsestraatweg","Delfgauw","Pijnacker-Nootdorp","Zuid-Holland",false,52.008434,4.390953,"injury","2","clear",false,1,"GM1926"
"20230063332",2023,"Letsel",3,"Snorfiets","Fiets","Onbekend","Rechte weg",50,"Niet brandend","Daglicht","Droog",\N,"417151057","Eindhovenseweg","Venlo","Venlo","Limburg",false,51.368721,6.161279,"injury","2","clear",false,1,"GM0983"
"20240132405",2024,"Letsel",2,"Personenauto","Fiets","Flank","Rotonde",30,"Niet brandend","Daglicht","Regen",\N,\N,"Rosestraat","Rotterdam","Rotterdam","Zuid-Holland",false,51.907127,4.506788,"injury","2","rain",false,1,"GM0599"
"20240132788",2024,"Uitsluitend materiele schade",2,"Fiets","Personenauto","Flank","Rechte weg",60,"Brandend","Duisternis","Regen",\N,"600557326","Oudeweg","Nootdorp","Pijnacker-Nootdorp","Zuid-Holland",false,52.036984,4.40434,"material damage only","4","rain",false,1,"GM1926"
"20240132851",2024,"Uitsluitend materiele schade",1,"Fiets",\N,"Voetganger","Rechte weg",30,"Brandend","Daglicht","Droog","Bus-/Tramhalte","600997541","Schoemakerstraat","Delft","Delft","Zuid-Holland",false,52.001619,4.37752,"material damage only","4","clear",false,1,"GM0503"
"20230038041",2023,"Letsel",2,"Fiets","Personenauto","Geparkeerd voertuig","Rechte weg",50,"Niet brandend","Daglicht","Droog",\N,"259458009","Dijkweg","Lambertschaag","Medemblik","Noord-Holland",false,52.751125,5.022049,"injury","2","clear",false,1,"GM0420"
"20230040908",2023,"Letsel",2,"Personenauto","Fiets","Flank","Rechte weg",50,"Brandend","Duisternis","Droog",\N,"600899056","Kanaaldijk-Zuid","Eindhoven","Eindhoven","Noord-Brabant",false,51.433654,5.515031,"injury","2","clear",false,1,"GM0772"
"20230045582",2023,"Uitsluitend materiele schade",2,"e-bike","Fiets","Onbekend","Kruispunt, 4 takken",50,"Niet brandend","Daglicht","Droog",\N,\N,"De Boshoek","Hardenberg","Hardenberg","Overijssel",false,52.569625,6.591285,"material damage only","4","clear",false,1,"GM0160"
"20230051390",2023,"Letsel",2,"Personenauto","Fiets","Flank","Kruispunt, 4 takken",50,"Niet brandend","Daglicht","Droog",\N,\N,"Erasmusstraat","'s-Hertogenbosch","'s-Hertogenbosch","Noord-Brabant",false,51.685278,5.324007,"injury","2","clear",false,1,"GM0796"
"20230054896",2023,"Letsel",2,"Personenauto","Fiets","Flank","Kruispunt, 4 takken",50,"Niet brandend","Daglicht","Regen",\N,\N,"Begonialaan","Ede","Ede","Gelderland",false,52.037189,5.653104,"injury","2","rain",false,1,"GM0228"
"20230056057",2023,"Letsel",2,"Bestelauto","Fiets","Voetganger","Rechte weg",50,"Niet brandend","Daglicht","Droog",\N,"271461025","Randweg","Medemblik","Medemblik","Noord-Holland",false,52.766231,5.102146,"injury","2","clear",false,1,"GM0420"
"20240133165",2024,"Letsel",1,"Fiets",\N,"Onbekend","Rechte weg",50,"Niet brandend","Daglicht","Droog",\N,"204284085","Reigerhof","Nieuwerkerk aan den IJssel","Zuidplas","Zuid-Holland",false,51.967856,4.618401,"injury","2","clear",false,1,"GM1892"
"20240133242",2024,"Uitsluitend materiele schade",2,"Vrachtauto","Fiets","Onbekend","Rechte weg",30,"Niet brandend","Daglicht","Droog",\N,"600363075","Singel","Amsterdam","Amsterdam","Noord-Holland",false,52.371829,4.888119,"material damage only","4","clear",false,1,"GM0363"
"20230038667",2023,"Letsel",1,"Fiets",\N,"Eenzijdig","Rechte weg",50,"Niet brandend","Daglicht","Droog",\N,"600729488","Lange Voort","Oegstgeest","Oegstgeest","Zuid-Holland",false,52.184101,4.483716,"injury","2","clear",false,1,"GM0579"
"20230042054",2023,"Uitsluitend materiele schade",2,"Bestelauto","Fiets","Flank","Kruispunt, 3 takken",30,"Niet brandend","Daglicht","Droog",\N,\N,"Julianastraat","Veldhoven","Veldhoven","Noord-Brabant",false,51.420089,5.422941,"material damage only","4","clear",false,1,"GM0861"
"20230045023",2023,"Uitsluitend materiele schade",2,"Personenauto","Fiets","Flank","Kruispunt, 4 takken",50,"Niet brandend","Daglicht","Droog",\N,\N,"Europaweg","Coevorden","Coevorden","Drenthe",false,52.659654,6.751984,"material damage only","4","clear",false,1,"GM0109"
"20230047989",2023,"Letsel",2,"Bestelauto","Fiets","Eenzijdig","Rechte weg",50,"Niet brandend","Daglicht","Droog",\N,"226401023","Vaartdijk","Wormerveer","Zaanstad","Noord-Holland",false,52.496319,4.773719,"injury","2","clear",false,1,"GM0479"
"20230058307",2023,"Letsel",2,"Personenauto","Fiets","Onbekend","Kruispunt, 3 takken",50,"Niet brandend","Daglicht","Droog",\N,\N,"Descartesstraat","Amsterdam","Amsterdam","Noord-Holland",false,52.375704,4.810747,"injury","2","clear",false,1,"GM0363"
"20230038679",2023,"Letsel",2,"Personenauto","Fiets","Flank","Bocht",50,"Niet brandend","Daglicht","Droog",\N,"600690408","Herenstraat","Wateringen","Westland","Zuid-Holland",false,52.023838,4.275814,"injury","2","clear",false,1,"GM1783"
"20230039829",2023,"Letsel",2,"Bromfiets","Fiets","Kop/staart","Rechte weg",60,"Niet brandend","Daglicht","Droog",\N,"600560771","Slangeweg","Vlist","Krimpenerwaard","Zuid-Holland",false,51.973617,4.836483,"injury","2","clear",false,1,"GM1931"
"20230042715",2023,"Uitsluitend materiele schade",2,"Bromfiets","Fiets","Onbekend",\N,30,"Niet brandend","Daglicht","Droog",\N,\N,"Nieuweweg","Breda","Breda","Noord-Brabant",false,51.587325,4.772355,"material damage only","4","clear",false,1,"GM0758"
"20230050889",2023,"Uitsluitend materiele schade",2,"Personenauto","Fiets","Flank","Rotonde",30,"Niet brandend","Daglicht","Droog",\N,\N,"Bisschopshoeve","Breda","Breda","Noord-Brabant",false,51.58866,4.821019,"material damage only","4","clear",false,1,"GM0758"
"20230061128",2023,"Uitsluitend materiele schade",1,"Fiets",\N,"Flank","Kruispunt, 4 takken",\N,"Niet brandend","Daglicht","Droog",\N,\N,"Zuidpoldersingel","Delfgauw","Pijnacker-Nootdorp","Zuid-Holland",false,52.000798,4.392514,"material damage only","4","clear",false,1,"GM1926"
"20240130242",2024,"Letsel",2,"Bromfiets","Fiets","Flank","Kruispunt, 4 takken",30,"Niet brandend","Daglicht","Droog",\N,\N,"Kanaalweg","Utrecht","Utrecht","Utrecht",false,52.088769,5.090758,"injury","2","clear",false,1,"GM0344"
"20230052115",2023,"Letsel",2,"Personenauto","Fiets","Flank","Kruispunt, 4 takken",50,"Niet brandend","Daglicht","Regen",\N,\N,"Rosegracht","Terneuzen","Terneuzen","Zeeland",false,51.334787,3.828635,"injury","2","rain",false,1,"GM0715"
"20230059725",2023,"Uitsluitend materiele schade",2,"Personenauto","Fiets","Flank","Kruispunt, 4 takken",50,"Niet brandend","Daglicht","Regen",\N,\N,"Nieuwpoortstraat","Amsterdam","Amsterdam","Noord-Holland",false,52.384102,4.858587,"material damage only","4","rain",false,1,"GM0363"
"20230064494",2023,"Letsel",2,"Fiets","Fiets","Flank","Kruispunt, 4 takken",30,"Niet brandend","Daglicht","Droog",\N,\N,"Kastanjelaan","Roden","Noordenveld","Drenthe",false,53.140014,6.437222,"injury","2","clear",false,1,"GM1699"
"20240133535",2024,"Letsel",2,"Fiets","Fiets","Flank","Rechte weg",50,"Niet brandend","Schemer","Droog",\N,\N,"Laan van Meerdervoort","'s-Gravenhage","'s-Gravenhage","Zuid-Holland",false,52.066604,4.24422,"injury","2","clear",false,1,"GM0518"
"20240133599",2024,"Uitsluitend materiele schade",2,"Fiets","Personenauto","Flank","Kruispunt, 3 takken",30,"Niet brandend","Daglicht","Droog",\N,\N,"Kerklaan","Wateringen","Westland","Zuid-Holland",false,52.025738,4.273832,"material damage only","4","clear",false,1,"GM1783"
"20230058978",2023,"Letsel",2,"Fiets","Fiets","Flank","Rechte weg",30,"Brandend","Duisternis","Droog",\N,"244377004","Ranonkelkade","Amsterdam","Amsterdam","Noord-Holland",false,52.387074,4.907353,"injury","2","clear",false,1,"GM0363"
"20230065414",2023,"Letsel",2,"Personenauto","Fiets","Flank","Kruispunt, 4 takken",50,"Brandend","Duisternis","Regen",\N,\N,"Klinkenbergerweg","Ede","Ede","Gelderland",false,52.032718,5.672392,"injury","2","rain",false,1,"GM0228"
"20240133143",2024,"Uitsluitend materiele schade",2,"Snorfiets","Fiets","Onbekend","Kruispunt, 4 takken",50,"Niet brandend","Daglicht","Droog",\N,\N,"Waldorpstraat","'s-Gravenhage","'s-Gravenhage","Zuid-Holland",false,52.063264,4.312947,"material damage only","4","clear",false,1,"GM0518"
"20240132301",2024,"Letsel",1,"Fiets",\N,"Onbekend",\N,\N,\N,"Daglicht",\N,\N,"229419005","Oudelandsdijk","Driehuizen","Alkmaar","Noord-Holland",false,52.575127,4.797693,"injury","2","unknown",false,1,"GM0361"
"20240127530",2024,"Letsel",2,"Fiets","Fiets","Flank","Kruispunt, 4 takken",50,"Niet brandend","Daglicht","Droog",\N,"600392593","Zwavertsweg","Hengelo","Hengelo (O)","Overijssel",false,52.267545,6.825525,"injury","2","clear",false,1,\N
"20240127953",2024,"Letsel",3,"Fiets",\N,"Los voorwerp","Rechte weg",60,"Niet brandend","Daglicht","Droog",\N,"446351003","Dorperdijk","Holten","Rijssen-Holten","Overijssel",false,52.267184,6.389874,"injury","2","clear",false,1,"GM1742"
"20240128205",2024,"Uitsluitend materiele schade",2,"Personenauto","Fiets","Flank","Kruispunt, 3 takken",50,"Niet brandend","Daglicht","Droog",\N,\N,"Panhuizerweg","Kesteren","Neder-Betuwe","Gelderland",false,51.931708,5.588282,"material damage only","4","clear",false,1,"GM1740"
"20230066012",2023,"Letsel",1,"Fiets",\N,"Eenzijdig","Rechte weg",30,"Niet brandend","Daglicht","Droog",\N,"191342097","Hoofdstraat","Sassenheim","Teylingen","Zuid-Holland",false,52.227125,4.523373,"injury","2","clear",false,1,"GM1525"
"20230044018",2023,"Uitsluitend materiele schade",2,"Personenauto","Fiets","Flank","Kruispunt, 3 takken",50,"Niet brandend","Daglicht","Droog",\N,\N,"Friesestraatweg","Groningen","Groningen","Groningen",false,53.214818,6.549835,"material damage only","4","clear",false,1,"GM0014"
"20230045766",2023,"Letsel",2,"Personenauto","Fiets","Flank","Rechte weg",30,"Niet brandend","Daglicht","Droog",\N,"468562049","Oosterweg","Groningen","Groningen","Groningen",false,53.210564,6.576197,"injury","2","clear",false,1,"GM0014"
"20230046336",2023,"Uitsluitend materiele schade",3,"Personenauto","Fiets","Onbekend","Rotonde",30,"Niet brandend","Daglicht","Droog",\N,\N,"Dr. Plesmanlaan","Maarssen","Stichtse Vecht","Utrecht",false,52.14141,5.049002,"material damage only","4","clear",false,1,"GM1904"
"20230046353",2023,"Uitsluitend materiele schade",2,"Personenauto","Fiets","Flank","Kruispunt, 4 takken",50,"Niet brandend","Daglicht","Droog",\N,\N,"Patrimoniumlaan","Veenendaal","Veenendaal","Utrecht",false,52.01836,5.548941,"material damage only","4","clear",false,1,"GM0345"
"20230053915",2023,"Uitsluitend materiele schade",2,"Personenauto","Fiets","Onbekend","Rotonde",\N,"Niet brandend","Daglicht","Droog",\N,\N,"Schandelerstraat","Heerlen","Heerlen","Limburg",false,50.89707,5.981643,"material damage only","4","clear",false,1,"GM0917"
"20230055085",2023,"Uitsluitend materiele schade",2,"Personenauto","Fiets","Flank","Rechte weg",50,"Niet brandend","Daglicht","Droog",\N,"365249002","Meijhorst","Nijmegen","Nijmegen","Gelderland",false,51.812403,5.792818,"material damage only","4","clear",false,1,"GM0268"
"20230045813",2023,"Letsel",1,"Fiets",\N,"Eenzijdig","Kruispunt, 3 takken",50,"Niet brandend","Daglicht","Droog",\N,"470288106","Kievitstraat","Lichtenvoorde","Oost Gelre","Gelderland",false,51.981867,6.552915,"injury","2","clear",false,1,"GM1586"
"20230052810",2023,"Uitsluitend materiele schade",2,"Personenauto","e-bike","Onbekend","Kruispunt, 4 takken",30,"Niet brandend","Daglicht","Droog",\N,\N,"Vossenburg","Barendrecht","Barendrecht","Zuid-Holland",false,51.861751,4.503018,"material damage only","4","clear",false,1,"GM0489"
"20230055102",2023,"Letsel",2,"Bestelauto","Fiets","Flank","Kruispunt, 4 takken",60,"Niet brandend","Daglicht","Droog",\N,\N,"Oostermaatweg","Vriezenveen","Twenterand","Overijssel",false,52.403006,6.666679,"injury","2","clear",false,1,"GM1700"
"20230055691",2023,"Letsel",2,"Personenauto","Fiets","Flank","Rechte weg",50,"Niet brandend","Daglicht","Regen",\N,"473560005","Bornholmstraat","Groningen","Groningen","Groningen",false,53.205154,6.611875,"injury","2","rain",false,1,"GM0014"
"20240128155",2024,"Uitsluitend materiele schade",2,"Personenauto","Fiets","Onbekend","Kruispunt, 4 takken",50,"Niet brandend","Schemer","Droog",\N,\N,"Artemisstraat","Hengelo","Hengelo (O)","Overijssel",false,52.253027,6.805028,"material damage only","4","clear",false,1,\N
"20230066269",2023,"Letsel",2,"Fiets","Fiets","Onbekend","Rechte weg",30,"Niet brandend","Daglicht","Droog",\N,"600718967","De Carpentierstraat","'s-Gravenhage","'s-Gravenhage","Zuid-Holland",false,52.087055,4.334649,"injury","2","clear",false,1,"GM0518"
"20230066271",2023,"Letsel",2,"Personenauto","Fiets","Flank","Rotonde",50,"Niet brandend","Daglicht","Droog",\N,\N,"Delftsestraatweg","Pijnacker","Pijnacker-Nootdorp","Zuid-Holland",false,52.016648,4.421314,"injury","2","clear",false,1,"GM1926"