"accident_id","year","severity_raw","party_count","party1_type","party2_type","accident_type","road_situation","speed_limit_kmh","road_lighting","light_condition_label","weather_raw","infra_type","road_segment_id","street_name","place_name","gemeente_name_raw","province","alcohol_indicated","latitude","longitude","severity_label","severity_code","weather_label","built_up_area","cyclists_involved","gemeente_code"
"20230056906",2023,"Letsel",2,"Fiets","Fiets","Onbekend","Bocht",80,"Niet aanwezig","Daglicht","Droog",\N,"600905550","Beekhuizenseweg","Rheden","Rheden","Gelderland",false,52.027809,6.031124,"injury","2","clear",false,1,"GM0275"
"20230065505",2023,"Letsel",1,"Fiets",\N,"Eenzijdig","Bocht",30,"Niet brandend","Daglicht","Droog",\N,"406306021","Meidoornlaan","Dieren","Rheden","Gelderland",false,52.065676,6.092717,"injury","2","clear",false,1,"GM0275"
"20240128607",2024,"Uitsluitend materiele schade",2,"Bestelauto","Fiets","Flank","Kruispunt, 3 takken",50,"Niet brandend","Daglicht","Droog",\N,\N,"Soendastraat","Groningen","Groningen","Groningen",false,53.236759,6.567802,"material damage only","4","clear",false,1,"GM0014"
"20240128900",2024,"Uitsluitend materiele schade",2,"Personenauto","Fiets","Onbekend",\N,15,\N,"Daglicht",\N,\N,"390556022","Markt","Burgum","Tytsjerksteradiel","Friesland",false,53.191748,5.992945,"material damage only","4","unknown",false,1,"GM0737"
"20230038347",2023,"Uitsluitend materiele schade",2,"Fiets","Fiets","Kop/staart","Rechte weg",60,"Niet aanwezig","Daglicht","Droog",\N,"291301002","Langbroekerdijk","Driebergen-Rijsenburg","Utrechtse Heuvelrug","Utrecht",false,52.038413,5.260207,"material damage only","4","clear",false,1,"GM1581"
"20230043517",2023,"Letsel",2,"Bromfiets","Fiets","Frontaal","Rechte weg",30,"Niet brandend","Daglicht","Droog",\N,"387061006","Geerstraat","Bingelrade","Beekdaelen","Limburg",false,50.966515,5.938758,"injury","2","clear",false,1,"GM1954"
"20230060851",2023,"Letsel",2,"Fiets","Personenauto","Geparkeerd voertuig","Rechte weg",30,"Niet brandend","Daglicht","Droog",\N,"600710947","Dirk van den Burgweg","Hoek van Holland","Rotterdam","Zuid-Holland",false,51.985555,4.129556,"injury","2","clear",false,1,"GM0599"
"20240129633",2024,"Uitsluitend materiele schade",2,"Personenauto","Fiets","Onbekend","Rechte weg",50,"Niet brandend","Daglicht","Droog",\N,"266298121","Meloengaarde","Nieuwegein","Nieuwegein","Utrecht",false,52.031514,5.071177,"material damage only","4","clear",false,1,"GM0356"
"20240130738",2024,"Uitsluitend materiele schade",2,"Personenauto","Fiets","Flank","Kruispunt, 3 takken",50,"Brandend","Schemer","Droog",\N,\N,"Kanaalstraat","Enschede","Enschede","Overijssel",false,52.232794,6.84317,"material damage only","4","clear",false,1,"GM0153"
"20230041797",2023,"Uitsluitend materiele schade",2,"Personenauto","Fiets","Onbekend","Rotonde",50,"Niet brandend","Daglicht","Droog",\N,\N,"Moergestelseweg","Oisterwijk","Oisterwijk","Noord-Brabant",false,51.578419,5.180957,"material damage only","4","clear",false,1,"GM0824"
"20230042382",2023,"Uitsluitend materiele schade",2,"Personenauto","Fiets","Kop/staart","Kruispunt, 4 takken",30,"Niet brandend","Daglicht","Droog",\N,\N,"Meent","Rotterdam","Rotterdam","Zuid-Holland",false,51.922573,4.483474,"material damage only","4","clear",false,1,"GM0599"
"20230061955",2023,"Letsel",1,"Fiets",\N,"Eenzijdig","Rechte weg",50,"Niet brandend","Daglicht","Droog",\N,"600909735","Abraham van Stolkweg","Rotterdam","Rotterdam","Zuid-Holland",false,51.924616,4.436702,"injury","2","clear",false,1,"GM0599"
"20240130472",2024,"Uitsluitend materiele schade",3,"Personenauto","Fiets","Flank","Kruispunt, 3 takken",50,"Niet brandend","Daglicht","Droog",\N,\N,"Hoge Hondstraat","Deventer","Deventer","Overijssel",false,52.261068,6.157806,"material damage only","4","clear",false,1,"GM0150"
"20240130923",2024,"Uitsluitend materiele schade",2,"Personenauto","Fiets","Flank","Kruispunt, 3 takken",\N,"Niet aanwezig","Daglicht","Droog",\N,\N,"Andalusië","Haarlem","Haarlem","Noord-Holland",false,52.358732,4.652697,"material damage only","4","clear",false,1,"GM0392"
"20240131621",2024,"Letsel",1,"Fiets",\N,"Onbekend","Rechte weg",15,"Brandend","Daglicht","Droog",\N,"212405005","Raadhuisstraat","Heemskerk","Heemskerk","Noord-Holland",false,52.511636,4.670809,"injury","2","clear",false,1,"GM0396"
"20240131721",2024,"Uitsluitend materiele schade",2,"Personenauto","Fiets","Flank","Kruispunt, 4 takken",50,"Niet brandend","Daglicht","Droog",\N,\N,"Oude Slotstraat","Schagen","Schagen","Noord-Holland",false,52.78525,4.799914,"material damage only","4","clear",false,1,"GM0441"
"20240131834",2024,"Letsel",2,"Personenauto","Fiets","Frontaal","Kruispunt, 3 takken",50,"Niet brandend","Daglicht","Droog",\N,\N,"Laan van Keulen","Alkmaar","Alkmaar","Noord-Holland",false,52.66987,4.772615,"injury","2","clear",false,1,"GM0361"
"20230038977",2023,"Letsel",2,"Fiets","Overig vast object","Vast voorwerp","Rechte weg",50,"Niet brandend","Daglicht","Droog",\N,"149305011","Solleveldpad","'s-Gravenhage","'s-Gravenhage","Zuid-Holland",false,52.058193,4.21468,"injury","2","clear",false,1,"GM0518"
"20230040124",2023,"Uitsluitend materiele schade",2,"Personenauto","Fiets","Flank","Kruispunt, 3 takken",30,"Niet brandend","Daglicht","Droog",\N,\N,"Ruys de Beerenbrouckstr","Amsterdam","Amsterdam","Noord-Holland",false,52.382387,4.803143,"material damage only","4","clear",false,1,"GM0363"
"20230050610",2023,"Letsel",2,"Personenauto","e-bike","Flank","Kruispunt, 3 takken",30,"Niet brandend","Daglicht","Droog",\N,\N,"Elzenkant","Noordwijk","Noordwijk","Zuid-Holland",false,52.245338,4.447525,"injury","2","clear",false,1,"GM0575"
"20230051786",2023,"Letsel",1,"Fiets",\N,"Eenzijdig","Kruispunt, 3 takken",50,"Niet brandend","Daglicht","Droog",\N,"177279038","Schielaan","Rotterdam","Rotterdam","Zuid-Holland",false,51.943768,4.42179,"injury","2","clear",false,1,"GM0599"
"20230056410",2023,"Uitsluitend materiele schade",1,"Fiets",\N,"Los voorwerp","Kruispunt, 3 takken",60,"Niet brandend","Daglicht","Droog",\N,\N,"Gemeenteweg","Staphorst","Staphorst","Overijssel",false,52.66603,6.26069,"material damage only","4","clear",false,1,"GM0180"
"20230056429",2023,"Letsel",2,"Personenauto","Fiets","Flank","Kruispunt, 3 takken",50,"Niet brandend","Daglicht","Droog",\N,\N,"Stationsstraat","Epe","Epe","Gelderland",false,52.347561,5.987786,"injury","2","clear",false,1,"GM0232"
"20240131482",2024,"Letsel",2,"Personenauto","Fiets","Flank","Rechte weg",50,"Niet brandend","Daglicht","Droog",\N,\N,"Leeghwaterweg","Zaandam","Zaanstad","Noord-Holland",false,52.471533,4.816445,"injury","2","clear",false,1,"GM0479"
"20240132825",2024,"Letsel",1,"Fiets",\N,"Onbekend","Kruispunt, 3 takken",50,"Niet brandend","Daglicht","Droog",\N,"179320054","Rouboslaan","Voorschoten","Voorschoten","Zuid-Holland",false,52.124807,4.433499,"injury","2","clear",false,1,"GM0626"
"20240131994",2024,"Letsel",2,"Bestelauto","Fiets","Geparkeerd voertuig","Rechte weg",30,"Niet brandend","Daglicht","Droog",\N,"231396015","Hoogstraat","Koog aan de Zaan","Zaanstad","Noord-Holland",false,52.468861,4.812335,"injury","2","clear",false,1,"GM0479"
"20230044238",2023,"Uitsluitend materiele schade",2,"Fiets","Personenauto","Frontaal","Kruispunt, 4 takken",50,"Niet brandend","Daglicht","Droog",\N,\N,"Lindenstraat","Wijchen","Wijchen","Gelderland",false,51.807146,5.730509,"material damage only","4","clear",false,1,"GM0296"
"20220223544",2022,"Letsel",2,"Personenauto","e-bike","Flank","Rotonde",30,"Niet brandend","Daglicht","Droog",\N,\N,"Hoevenseweg","Etten-Leur","Etten-Leur","Noord-Brabant",false,51.575498,4.630874,"injury","2","clear",false,1,"GM0777"
"20220203909",2022,"Uitsluitend materiele schade",2,"Fiets","Personenauto","Flank","Rotonde",50,"Niet brandend","Daglicht","Droog",\N,\N,"Vrouwenpolder","Amersfoort","Amersfoort","Utrecht",false,52.195076,5.432256,"material damage only","4","clear",false,1,"GM0307"
"20220200382",2022,"Uitsluitend materiele schade",1,"Fiets",\N,"Flank","Rotonde",50,"Brandend","Schemer","Sneeuw/Hagel",\N,\N,"Hatertseweg","Nijmegen","Nijmegen","Gelderland",false,51.820376,5.84618,"material damage only","4","unknown",false,1,"GM0268"
"20220203253",2022,"Uitsluitend materiele schade",2,"Personenauto","Fiets","Flank","Rotonde",50,"Niet brandend","Daglicht","Regen",\N,\N,"Gelderseweg","Zeewolde","Zeewolde","Flevoland",false,52.336989,5.533117,"material damage only","4","rain",false,1,"GM0050"
"20220209871",2022,"Uitsluitend materiele schade",2,"Fiets","Brommobiel","Frontaal","Bocht",50,"Niet brandend","Daglicht","Droog",\N,"600527433","FIETSPAD","Heerhugowaard","Dijk en Waard","Noord-Holland",false,52.674968,4.83984,"material damage only","4","clear",false,1,"GM1980"
"20220213712",2022,"Letsel",3,"Personenauto","Fiets","Onbekend","Rechte weg",50,"Niet aanwezig","Daglicht","Droog",\N,"600899944","Burgerweg","Maasland","Midden-Delfland","Zuid-Holland",false,51.953976,4.257358,"injury","2","clear",false,1,"GM1842"
"20220213749",2022,"Uitsluitend materiele schade",2,"e-bike","Snorfiets","Onbekend","Kruispunt, 4 takken",30,"Niet brandend","Daglicht","Droog",\N,\N,"Plein","Wateringen","Westland","Zuid-Holland",false,52.024922,4.273662,"material damage only","4","clear",false,1,"GM1783"
"20220216058",2022,"Letsel",2,"Snorfiets","Fiets","Flank","Kruispunt, 4 takken",15,"Brandend","Duisternis","Regen",\N,\N,"Grote Markt","'s-Gravenhage","'s-Gravenhage","Zuid-Holland",false,52.075536,4.30949,"injury","2","rain",false,1,"GM0518"
"20220080194",2022,"Dodelijk",1,"e-bike",\N,"Eenzijdig",\N,30,\N,"Daglicht",\N,\N,"600395219","Blekersvaartweg","Heemstede","Heemstede","Noord-Holland",false,52.355239,4.619943,"fatal","1","unknown",false,1,"GM0397"
"20220212413",2022,"Letsel",2,"e-bike","e-bike","Flank","Rechte weg",30,"Niet brandend","Daglicht","Regen",\N,"600916276","Kamperfoelieweg","Amsterdam","Amsterdam","Noord-Holland",false,52.399059,4.911615,"injury","2","rain",false,1,"GM0363"
"20220213784",2022,"Letsel",2,"Personenauto","Fiets","Flank","Kruispunt, 4 takken",50,"Niet brandend","Daglicht","Droog",\N,\N,"Van der Vennestraat","'s-Gravenhage","'s-Gravenhage","Zuid-Holland",false,52.066865,4.298867,"injury","2","clear",false,1,"GM0518"
"20220219593",2022,"Letsel",3,"Personenauto","Fiets","Geparkeerd voertuig","Rechte weg",30,"Niet brandend","Daglicht","Droog","Parkeervoorziening",\N,"Maasstraat","Barendrecht","Barendrecht","Zuid-Holland",false,51.855623,4.54045,"injury","2","clear",false,1,"GM0489"
"20220220373",2022,"Uitsluitend materiele schade",2,"Fiets","Bromfiets","Flank","Rechte weg",50,\N,"Daglicht",\N,\N,"600527933","Stougjesdijk","Mijnsheerenland","Hoeksche Waard","Zuid-Holland",false,51.80777,4.435181,"material damage only","4","unknown",false,1,"GM1963"
"20220199084",2022,"Letsel",1,"Fiets",\N,"Eenzijdig","Rechte weg",80,"Brandend","Schemer","Droog",\N,"600948844","Otterloseweg","Ugchelen","Apeldoorn","Gelderland",false,52.161735,5.897486,"injury","2","clear",false,1,"GM0200"
"20220205542",2022,"Letsel",2,"Fiets","Personenauto","Flank","Rotonde",30,"Niet brandend","Daglicht","Regen",\N,\N,"Oude Arnhemseweg","Zeist","Zeist","Utrecht",false,52.090614,5.232506,"injury","2","rain",false,1,"GM0355"
"20220097709",2022,"Dodelijk",3,"Personenauto","Fiets","Onbekend","Rechte weg",80,"Niet brandend","Daglicht","Droog",\N,"600486419","Wylerbaan","Groesbeek","Berg en Dal","Gelderland",false,51.799134,5.9555,"fatal","1","clear",false,1,"GM1945"
"20220214647",2022,"Letsel",2,"Fiets","Bromfiets","Flank","Kruispunt, 3 takken",50,"Niet brandend","Daglicht","Droog",\N,\N,"Jacob van Ruysdaelstraat","Krimpen aan de Lek","Krimpenerwaard","Zuid-Holland",false,51.89661,4.631345,"injury","2","clear",false,1,"GM1931"
"20220223802",2022,"Uitsluitend materiele schade",2,"Personenauto","Fiets","Onbekend",\N,50,\N,"Daglicht",\N,\N,"264216014","van Haestrechtstraat","Kaatsheuvel","Loon op Zand","Noord-Brabant",false,51.661973,5.06818,"material damage only","4","unknown",false,1,"GM0809"
"20220224663",2022,"Letsel",2,"Personenauto","Fiets","Flank","Rechte weg",50,"Niet brandend","Daglicht","Droog",\N,"265197054","Kraaivenstraat","Tilburg","Tilburg","Noord-Brabant",false,51.580229,5.064476,"injury","2","clear",false,1,"GM0855"
"20220118910",2022,"Dodelijk",2,"Snorfiets","e-bike","Flank","Kruispunt, 3 takken",30,"Niet brandend","Daglicht","Droog",\N,\N,"Pinetumweg","Enschede","Enschede","Overijssel",false,52.235935,6.856307,"fatal","1","clear",false,1,"GM0153"
"20220119329",2022,"Dodelijk",2,"Personenauto","e-bike","Flank","Kruispunt, 4 takken",60,"Niet aanwezig","Daglicht","Droog",\N,\N,"Elburgerweg","Wenum Wiesel","Apeldoorn","Gelderland",false,52.258813,5.952559,"fatal","1","clear",false,1,"GM0200"
"20220211107",2022,"Uitsluitend materiele schade",2,"Snorfiets","Fiets","Flank","Kruispunt, 4 takken",50,"Brandend","Duisternis","Droog",\N,\N,"Droogbak","Amsterdam","Amsterdam","Noord-Holland",false,52.379627,4.894567,"material damage only","4","clear",false,1,"GM0363"
"20220219691",2022,"Letsel",2,"Personenauto","Fiets","Flank","Kruispunt, 3 takken",30,"Niet brandend","Daglicht","Droog",\N,\N,"Adriaan Pauwstraat","Vlaardingen","Vlaardingen","Zuid-Holland",false,51.914879,4.360898,"injury","2","clear",false,1,"GM0622"
"20220228378",2022,"Uitsluitend materiele schade",2,"Snorfiets","Fiets","Flank","Rechte weg",80,"Brandend","Duisternis","Droog",\N,"340166060","Geldropseweg","Mierlo","Geldrop-Mierlo","Noord-Brabant",false,51.440175,5.605965,"material damage only","4","clear",false,1,"GM1771"
"20220199891",2022,"Uitsluitend materiele schade",2,"Personenauto","Fiets","Onbekend","Rotonde",30,"Niet brandend","Daglicht","Droog",\N,\N,"Vennekesgaarden","Rijssen","Rijssen-Holten","Overijssel",false,52.305931,6.509138,"material damage only","4","clear",false,1,"GM1742"
"20220202595",2022,"Letsel",2,"Personenauto","e-bike","Flank","Rotonde",50,"Niet brandend","Daglicht","Droog",\N,\N,"Geerweg","Wijk bij Duurstede","Wijk bij Duurstede","Utrecht",false,51.986721,5.332601,"injury","2","clear",false,1,"GM0352"
"20220203422",2022,"Uitsluitend materiele schade",2,"Personenauto","e-bike","Flank","Kruispunt, 3 takken",50,"Niet brandend","Daglicht","Droog",\N,\N,"Burg Hasselmanplein","Tiel","Tiel","Gelderland",false,51.888922,5.431281,"material damage only","4","clear",false,1,"GM0281"
"20220220561",2022,"Uitsluitend materiele schade",3,"Personenauto","Fiets","Flank","Bocht",50,"Niet brandend","Daglicht","Droog",\N,\N,"Brielsestraatweg","Hellevoetsluis","Voorne aan Zee","Zuid-Holland",false,51.828679,4.130878,"material damage only","4","clear",false,1,"GM1992"
"20220228426",2022,"Letsel",1,"Fiets",\N,"Eenzijdig","Rechte weg",50,"Brandend","Schemer","Droog",\N,"600681808","Jan Schöfferlaan","'s-Hertogenbosch","'s-Hertogenbosch","Noord-Brabant",false,51.69444,5.310743,"injury","2","clear",false,1,"GM0796"
"20220137575",2022,"Dodelijk",3,"Bestelauto","Fiets","Onbekend","Rechte weg",60,"Niet brandend","Daglicht","Droog",\N,"394274004","Lijkweg","Groessen","Duiven","Gelderland",false,51.923913,6.001956,"fatal","1","clear",false,1,"GM0226"
"20220221264",2022,"Uitsluitend materiele schade",2,"Personenauto","Fiets","Flank","Rechte weg",50,"Brandend","Duisternis","Droog",\N,\N,"Coolsingel","Rotterdam","Rotterdam","Zuid-Holland",false,51.921328,4.479558,"material damage only","4","clear",false,1,"GM0599"
"20220202714",2022,"Uitsluitend materiele schade",2,"Personenauto","Fiets","Flank","Kruispunt, 3 takken",50,"Niet brandend","Daglicht","Droog",\N,\N,"Bussumerstraat","Hilversum","Hilversum","Noord-Holland",false,52.2272,5.176792,"material damage only","4","clear",false,1,"GM0402"
"20220206901",2022,"Uitsluitend materiele schade",1,"e-bike",\N,"Flank","Bocht",30,"Niet brandend","Daglicht","Droog",\N,"226535029","Dorpsstraat","De Koog","Texel","Noord-Holland",false,53.096943,4.763107,"material damage only","4","clear",false,1,"GM0448"
"20220209385",2022,"Letsel",2,"Personenauto","e-bike","Flank","Kruispunt, 3 takken",50,"Niet brandend","Daglicht","Droog",\N,\N,"De Corantijn","Zwaag","Hoorn","Noord-Holland",false,52.669701,5.068594,"injury","2","clear",false,1,"GM0405"
"20220211282",2022,"Uitsluitend materiele schade",2,"Personenauto","Fiets","Frontaal","Kruispunt, 4 takken",50,"Niet brandend","Daglicht","Droog",\N,\N,"Ferdinand Bolstraat","Amsterdam","Amsterdam","Noord-Holland",false,52.352106,4.891385,"material damage only","4","clear",false,1,"GM0363"
"20220216355",2022,"Letsel",1,"Fiets",\N,"Eenzijdig","Rechte weg",50,"Niet brandend","Daglicht",\N,"Brug/viaduct","600927684","Lange Kleiweg","Rijswijk","Rijswijk","Zuid-Holland",false,52.022825,4.346941,"injury","2","unknown",false,1,\N
"20220201403",2022,"Uitsluitend materiele schade",2,"Bromfiets","Fiets","Onbekend","Rechte weg",50,"Niet brandend","Daglicht","Droog",\N,"392339099","Deventerstraat","Apeldoorn","Apeldoorn","Gelderland",false,52.217103,5.994023,"material damage only","4","clear",false,1,"GM0200"
"20220161532",2022,"Dodelijk",2,"Personenauto","e-bike","Onbekend","Rechte weg",50,"Niet brandend","Daglicht","Droog",\N,"601012310","Roomsterweg","Leek","Westerkwartier","Groningen",false,53.148885,6.367503,"fatal","1","clear",false,1,"GM1969"
"20220210639",2022,"Uitsluitend materiele schade",2,"Personenauto","Fiets","Flank","Rechte weg",50,"Brandend","Duisternis","Regen",\N,"242374171","Dam","Amsterdam","Amsterdam","Noord-Holland",true,52.37288,4.893195,"material damage only","4","rain",false,1,"GM0363"
"20220212000",2022,"Uitsluitend materiele schade",2,"Fiets","Fiets","Frontaal","Rechte weg",30,"Niet brandend","Daglicht","Droog",\N,\N,"Roelof Hartplein","Amsterdam","Amsterdam","Noord-Holland",false,52.353239,4.881903,"material damage only","4","clear",false,1,"GM0363"
"20220225855",2022,"Uitsluitend materiele schade",2,"Bromfiets","Fiets","Frontaal","Rechte weg",60,"Niet brandend","Schemer","Droog",\N,"244204002","Dongenseweg","Rijen","Gilze en Rijen","Noord-Brabant",false,51.605902,4.918256,"material damage only","4","clear",false,1,"GM0784"
"20220227788",2022,"Uitsluitend materiele schade",3,"Personenauto","Fiets","Onbekend","Rechte weg",50,"Niet brandend","Daglicht","Droog",\N,"370230012","Grotestraat","Beers NB","Land van Cuijk","Noord-Brabant",false,51.725753,5.826397,"material damage only","4","clear",false,1,"GM1982"
"20220199417",2022,"Letsel",2,"Personenauto","Fiets","Flank","Rechte weg",30,"Niet brandend","Daglicht","Droog",\N,"600364309","van Welderenstraat","Nijmegen","Nijmegen","Gelderland",false,51.84337,5.864508,"injury","2","clear",false,1,"GM0268"
"20220203656",2022,"Letsel",2,"Fiets","Personenauto","Flank","Kruispunt, 4 takken",60,"Niet brandend","Duisternis","Droog",\N,\N,"Barneveldseweg","Amersfoort","Amersfoort","Utrecht",false,52.158973,5.425364,"injury","2","clear",false,1,"GM0307"
"20220206302",2022,"Letsel",3,"Personenauto","Fiets","Onbekend","Rechte weg",50,"Niet aanwezig","Daglicht","Droog",\N,"269438002","Westerblokker","Blokker","Hoorn","Noord-Holland",false,52.661609,5.09039,"injury","2","clear",false,1,"GM0405"
"20220212063",2022,"Uitsluitend materiele schade",2,"Personenauto","Fiets","Onbekend",\N,\N,\N,"Daglicht",\N,\N,\N,"Alfred Döblinstraat","Amsterdam","Amsterdam","Noord-Holland",false,52.320411,4.945905,"material damage only","4","unknown",false,1,"GM0363"
"20220215697",2022,"Letsel",3,"Bromfiets","Fiets","Onbekend","Rechte weg",50,"Niet brandend","Daglicht","Droog",\N,"154309006","Stokroosstraat","'s-Gravenhage","'s-Gravenhage","Zuid-Holland",false,52.074228,4.256789,"injury","2","clear",false,1,"GM0518"
"20220220056",2022,"Uitsluitend materiele schade",2,"Personenauto","Fiets","Onbekend","Rechte weg",50,"Niet brandend","Daglicht","Droog",\N,"163257118","Galileilaan","Spijkenisse","Nissewaard","Zuid-Holland",false,51.841179,4.322764,"material damage only","4","clear",false,1,"GM1930"
"20220220752",2022,"Letsel",2,"Personenauto","Fiets","Flank","Kruispunt, 3 takken",50,"Niet brandend","Daglicht","Regen",\N,\N,"Limes","Poortugaal","Albrandswaard","Zuid-Holland",false,51.860519,4.403909,"injury","2","rain",false,1,"GM0613"
"20220220768",2022,"Letsel",2,"Personenauto","e-bike","Flank","Rotonde",50,"Brandend","Duisternis","Regen",\N,\N,"Frederik Hendriklaan","Vlaardingen","Vlaardingen","Zuid-Holland",false,51.929896,4.350942,"injury","2","rain",false,1,"GM0622"
"20220221444",2022,"Letsel",3,"Personenauto","Fiets","Onbekend","Kruispunt, 4 takken",30,"Niet brandend","Schemer","Droog",\N,\N,"Lucretia van Merkenstr","Spijkenisse","Nissewaard","Zuid-Holland",false,51.832873,4.365621,"injury","2","clear",false,1,"GM1930"
"20220222128",2022,"Letsel",3,"Personenauto","Fiets","Onbekend","Kruispunt, 4 takken",50,"Brandend","Duisternis","Regen",\N,\N,"Noorderbreedte","Capelle aan den IJssel","Capelle aan den IJssel","Zuid-Holland",false,51.941549,4.602504,"injury","2","rain",false,1,"GM0502"
"20220213364",2022,"Uitsluitend materiele schade",1,"Fiets",\N,"Onbekend","Rechte weg",50,"Niet brandend","Daglicht","Droog",\N,"600502590","Noordwijkerweg","Rijnsburg","Katwijk","Zuid-Holland",false,52.201301,4.446235,"material damage only","4","clear",false,1,"GM0537"
"20220196456",2022,"Dodelijk",3,"Personenauto","e-bike","Onbekend","Rechte weg",60,"Niet brandend","Daglicht","Droog",\N,\N,"Plasweideweg","Wenum Wiesel","Apeldoorn","Gelderland",false,52.245532,5.96395,"fatal","1","clear",false,1,"GM0200"
"20220213526",2022,"Letsel",2,"Snorfiets","Fiets","Flank","Kruispunt, 3 takken",50,"Niet brandend","Daglicht","Droog",\N,\N,"Vrouw Avenweg","'s-Gravenhage","'s-Gravenhage","Zuid-Holland",false,52.063073,4.39826,"injury","2","clear",false,1,"GM0518"
"20220217193",2022,"Letsel",1,"Fiets",\N,"Eenzijdig",\N,50,\N,"Daglicht",\N,\N,"600379162","Apeldoornselaan","'s-Gravenhage","'s-Gravenhage","Zuid-Holland",false,52.069182,4.282704,"injury","2","unknown",false,1,"GM0518"
"20220219284",2022,"Letsel",2,"Personenauto","e-bike","Flank","Kruispunt, 4 takken",50,"Niet brandend","Schemer","Droog",\N,\N,"Westersingel","Rotterdam","Rotterdam","Zuid-Holland",false,51.911609,4.477195,"injury","2","clear",false,1,"GM0599"
"20220220140",2022,"Letsel",2,"Bromfiets","Fiets","Kop/staart","Rechte weg",50,"Niet brandend","Daglicht","Droog",\N,"168272057","Schiedamseweg","Vlaardingen","Vlaardingen","Zuid-Holland",false,51.909652,4.359399,"injury","2","clear",false,1,"GM0622"
"20220201581",2022,"Uitsluitend materiele schade",2,"Personenauto","Fiets","Flank","Rechte weg",30,"Brandend","Duisternis","Regen",\N,"515343066","Stationsplein","Enschede","Enschede","Overijssel",false,52.222323,6.892207,"material damage only","4","rain",false,1,"GM0153"
"20240137032",2024,"Uitsluitend materiele schade",2,"Fiets","Personenauto","Flank","Rotonde",50,"Niet brandend","Daglicht","Droog",\N,\N,"Empelseweg","'s-Hertogenbosch","'s-Hertogenbosch","Noord-Brabant",false,51.728733,5.330386,"material damage only","4","clear",false,1,"GM0796"
"20240139609",2024,"Letsel",2,"Personenauto","Fiets","Flank","Rechte weg",60,"Niet brandend","Schemer","Droog",\N,"601242735","Hoendiep","Groningen","Groningen","Groningen",false,53.215658,6.51728,"injury","2","clear",false,1,"GM0014"
"20240139972",2024,"Letsel",2,"Personenauto","Fiets","Flank","Rotonde",50,"Niet brandend","Schemer","Droog",\N,\N,"Geerweg","Wijk bij Duurstede","Wijk bij Duurstede","Utrecht",false,51.986756,5.332527,"injury","2","clear",false,1,"GM0352"
"20240136504",2024,"Letsel",2,"Personenauto","Fiets","Onbekend","Rotonde",50,"Niet brandend","Daglicht","Droog",\N,\N,"Maaslandlaan","Weert","Weert","Limburg",true,51.253526,5.720287,"injury","2","clear",false,1,"GM0988"
"20240139080",2024,"Letsel",2,"Personenauto","Fiets","Flank","Kruispunt, 4 takken",30,"Niet brandend","Daglicht","Droog",\N,\N,"Wilhelminastraat","Dedemsvaart","Hardenberg","Overijssel",false,52.602597,6.455129,"injury","2","clear",false,1,"GM0160"
"20240140484",2024,"Uitsluitend materiele schade",2,"Fiets","Personenauto","Flank","Rechte weg",50,"Niet brandend","Daglicht","Droog",\N,"507341027","Auke Vleerstraat","Enschede","Enschede","Overijssel",false,52.217569,6.835742,"material damage only","4","clear",false,1,"GM0153"
"20240137856",2024,"Uitsluitend materiele schade",2,"Fiets","Bromfiets","Onbekend","Rechte weg",80,"Niet aanwezig","Daglicht","Droog",\N,"340343016","Voorthuizerstraat","Putten","Putten","Gelderland",false,52.23423,5.608772,"material damage only","4","clear",false,1,"GM0273"
"20240150588",2024,"Uitsluitend materiele schade",2,"Fiets","Personenauto","Flank","Kruispunt, 4 takken",30,"Brandend","Duisternis","Droog",\N,\N,"Haagbeukweg","Almere","Almere","Flevoland",false,52.376689,5.240045,"material damage only","4","clear",false,1,"GM0034"
"20240136646",2024,"Uitsluitend materiele schade",2,"Bestelauto","Fiets","Onbekend","Bocht",30,"Niet brandend","Daglicht","Droog",\N,"601119613","Odiliastraat","Uden","Maashorst","Noord-Brabant",false,51.660603,5.612755,"material damage only","4","clear",false,1,"GM1991"
"20240151564",2024,"Uitsluitend materiele schade",2,"Personenauto","Fiets","Flank","Rechte weg",50,"Brandend","Duisternis","Droog",\N,"277340093","Zeverijnstraat","Hilversum","Hilversum","Noord-Holland",false,52.219378,5.150843,"material damage only","4","clear",false,1,"GM0402"
"20240151575",2024,"Letsel",2,"Bestelauto","Fiets","Flank","Rotonde",50,"Niet brandend","Daglicht","Droog",\N,\N,"Westsingel","Bunschoten-Spakenburg","Bunschoten","Utrecht",true,52.243551,5.367573,"injury","2","clear",false,1,"GM0313"
"20240150957",2024,"Uitsluitend materiele schade",2,"Bestelauto","Fiets","Flank","Kruispunt, 4 takken",50,"Niet brandend","Daglicht","Droog",\N,\N,"Bijsterhuizen","Wijchen","Wijchen","Gelderland",false,51.819342,5.767132,"material damage only","4","clear",false,1,"GM0296"
"20240141556",2024,"Uitsluitend materiele schade",2,"Snorfiets","Fiets","Flank","Rechte weg",50,"Niet aanwezig","Daglicht","Droog",\N,"253406031","Flevostraat","Purmerend","Purmerend","Noord-Holland",false,52.517416,4.972165,"material damage only","4","clear",false,1,"GM0439"
"20240149259",2024,"Letsel",1,"Fiets",\N,"Onbekend","Rechte weg",50,"Brandend","Duisternis","Regen",\N,"600868430","Hoendiep","Groningen","Groningen","Groningen",false,53.214892,6.525366,"injury","2","rain",false,1,"GM0014"