"accident_id","year","severity_raw","party_count","party1_type","party2_type","accident_type","road_situation","speed_limit_kmh","road_lighting","light_condition_label","weather_raw","infra_type","road_segment_id","street_name","place_name","gemeente_name_raw","province","alcohol_indicated","latitude","longitude","severity_label","severity_code","weather_label","built_up_area","cyclists_involved","gemeente_code"
"20240022589",2024,"Letsel",1,"Fiets",\N,"Onbekend","Rechte weg",50,"Brandend","Schemer","Droog",\N,"600156384","Boschrand","Goirle","Goirle","Noord-Brabant",false,51.529834,5.054131,"injury","2","clear",false,1,"GM0785"
"20240022534",2024,"Letsel",2,"Personenauto","Fiets","Flank","Kruispunt, 4 takken",50,"Brandend","Duisternis","Regen",\N,\N,"IJsselmondse Randweg","Rotterdam","Rotterdam","Zuid-Holland",false,51.874285,4.541541,"injury","2","rain",false,1,"GM0599"
"20230109843",2023,"Letsel",2,"Personenauto","e-bike","Flank","Rotonde",50,"Brandend","Duisternis","Regen",\N,\N,"De Harendonkweg","'s-Hertogenbosch","'s-Hertogenbosch","Noord-Brabant",false,51.714328,5.320539,"injury","2","rain",false,1,"GM0796"
"20230025435",2023,"Letsel",3,"Bromfiets","Fiets","Onbekend","Rechte weg",50,"Niet aanwezig","Daglicht","Regen",\N,"187274089","Maasboulevard","Rotterdam","Rotterdam","Zuid-Holland",false,51.919734,4.497679,"injury","2","rain",false,1,"GM0599"
"20230025444",2023,"Letsel",2,"Personenauto","Fiets","Frontaal","Bocht",50,"Niet brandend","Daglicht","Droog",\N,\N,"Kreekweg","Vlaardingen","Vlaardingen","Zuid-Holland",false,51.89863,4.329224,"injury","2","clear",false,1,"GM0622"
"20230035112",2023,"Letsel",2,"Fiets",\N,"Eenzijdig","Rechte weg",\N,"Niet brandend","Daglicht","Droog","Bus-/Tramhalte","515342170","Stationsplein","Enschede","Enschede","Overijssel",false,52.220927,6.88896,"injury","2","clear",false,1,"GM0153"
"20230036089",2023,"Uitsluitend materiele schade",2,"Personenauto","Fiets","Flank","Rechte weg",30,"Niet brandend","Daglicht","Droog",\N,"336324032","De Savornin Lohmanlaan","Barneveld","Barneveld","Gelderland",false,52.146887,5.582653,"material damage only","4","clear",false,1,"GM0203"
"20230067505",2023,"Letsel",2,"Fiets","Fiets","Frontaal","Rechte weg",50,"Niet brandend","Daglicht","Droog",\N,"600612967","IJmeerdijk","Almere","Almere","Flevoland",false,52.337025,5.139161,"injury","2","clear",false,1,"GM0034"
"20230017959",2023,"Letsel",2,"Fiets","Personenauto","Flank","Kruispunt, 3 takken",30,"Niet brandend","Daglicht","Droog",\N,\N,"Tobias de Coeneplein","Middenbeemster","Purmerend","Noord-Holland",false,52.549907,4.910334,"injury","2","clear",false,1,"GM0439"
"20230021427",2023,"Letsel",2,"Personenauto","Fiets","Flank","Kruispunt, 4 takken",50,"Brandend","Duisternis","Droog",\N,\N,"Burg Kolfschotenlaan","Leidschendam","Leidschendam-Voorburg","Zuid-Holland",false,52.09352,4.391133,"injury","2","clear",false,1,"GM1916"
"20230021440",2023,"Uitsluitend materiele schade",2,"Personenauto","Fiets","Flank","Kruispunt, 4 takken",50,"Niet brandend","Daglicht","Droog",\N,\N,"Laan van Oversteen","Rijswijk","Rijswijk","Zuid-Holland",false,52.050462,4.347715,"material damage only","4","clear",false,1,\N
"20230025451",2023,"Uitsluitend materiele schade",2,"Personenauto","Fiets","Flank","Rechte weg",30,"Niet brandend","Schemer","Regen",\N,\N,"Spuiboulevard","Dordrecht","Dordrecht","Zuid-Holland",false,51.812178,4.658276,"material damage only","4","rain",false,1,"GM0505"
"20230027146",2023,"Letsel",2,"Personenauto","Fiets","Flank","Rechte weg",30,"Brandend","Duisternis","Regen",\N,"225201088","Gravinnen van Nassaublvd","Breda","Breda","Noord-Brabant",false,51.596181,4.779638,"injury","2","rain",false,1,"GM0758"
"20230035143",2023,"Letsel",1,"Fiets",\N,"Eenzijdig","Kruispunt, 4 takken",50,"Brandend","Duisternis","Droog",\N,\N,"Emmastraat","Enschede","Enschede","Overijssel",false,52.217721,6.890377,"injury","2","clear",false,1,"GM0153"
"20240025457",2024,"Uitsluitend materiele schade",2,"Personenauto","Fiets","Flank","Kruispunt, 3 takken",50,"Niet brandend","Daglicht","Droog",\N,\N,"Graafschap Hornelaan","Weert","Weert","Limburg",false,51.251709,5.714341,"material damage only","4","clear",false,1,"GM0988"
"20230072548",2023,"Uitsluitend materiele schade",3,"Personenauto","Fiets","Onbekend","Kruispunt, 4 takken",30,"Niet brandend","Daglicht","Droog",\N,\N,"Wildforstlaan","Epe","Epe","Gelderland",false,52.351248,5.980996,"material damage only","4","clear",false,1,"GM0232"
"20240025646",2024,"Letsel",1,"Fiets",\N,"Eenzijdig","Rechte weg",30,"Niet brandend","Daglicht","Droog",\N,"409339004","Enkweg","Wilp","Voorst","Gelderland",false,52.212137,6.116334,"injury","2","clear",false,1,"GM0285"
"20230015741",2023,"Uitsluitend materiele schade",2,"Personenauto","Fiets","Flank","Kruispunt, 4 takken",50,"Brandend","Schemer","Regen",\N,\N,"Marnedreef","Utrecht","Utrecht","Utrecht",false,52.113052,5.114993,"material damage only","4","rain",false,1,"GM0344"
"20230018595",2023,"Letsel",2,"Fiets","Bromfiets","Flank","Rechte weg",50,"Brandend","Duisternis","Droog",\N,"206378005","Verspronckweg","Haarlem","Haarlem","Noord-Holland",false,52.389772,4.628169,"injury","2","clear",false,1,"GM0392"
"20230020353",2023,"Uitsluitend materiele schade",2,"Personenauto","Fiets","Los voorwerp","Rechte weg",50,"Niet brandend","Daglicht","Regen",\N,\N,"Koperslagerij","Amsterdam","Amsterdam","Noord-Holland",false,52.382109,4.915233,"material damage only","4","rain",false,1,"GM0363"
"20230020895",2023,"Uitsluitend materiele schade",2,"Personenauto","e-bike","Flank","Kruispunt, 4 takken",50,"Brandend","Duisternis","Droog",\N,\N,"Cornelis Lelylaan","Amsterdam","Amsterdam","Noord-Holland",false,52.357678,4.834801,"material damage only","4","clear",false,1,"GM0363"
"20230022002",2023,"Letsel",2,"Fiets","Bromfiets","Kop/staart","Kruispunt, 3 takken",30,"Brandend","Schemer","Droog",\N,\N,"Lammenschansweg","Leiden","Leiden","Zuid-Holland",false,52.142587,4.487659,"injury","2","clear",false,1,"GM0546"
"20240026093",2024,"Uitsluitend materiele schade",2,"Personenauto","Fiets","Flank","Rotonde",50,"Niet brandend","Daglicht","Droog",\N,\N,"Ceintuurbaan","Deventer","Deventer","Overijssel",false,52.267208,6.14384,"material damage only","4","clear",false,1,"GM0150"
"20230020386",2023,"Uitsluitend materiele schade",2,"Bromfiets","Fiets","Onbekend","Kruispunt, 4 takken",50,"Niet brandend","Daglicht","Regen",\N,\N,"KINKERBRUG 0266","Amsterdam","Amsterdam","Noord-Holland",false,52.364464,4.860236,"material damage only","4","rain",false,1,"GM0363"
"20230022043",2023,"Letsel",2,"Bromfiets","Fiets","Kop/staart","Rechte weg",50,"Brandend","Duisternis","Droog",\N,\N,"Goeverneurlaan","'s-Gravenhage","'s-Gravenhage","Zuid-Holland",false,52.058448,4.321501,"injury","2","clear",false,1,"GM0518"
"20230024368",2023,"Uitsluitend materiele schade",2,"Bromfiets","Fiets","Flank","Rechte weg",50,"Niet brandend","Daglicht","Droog",\N,"239368106","Parnassusweg","Amsterdam","Amsterdam","Noord-Holland",false,52.344051,4.867943,"material damage only","4","clear",false,1,"GM0363"
"20230025542",2023,"Letsel",2,"Personenauto","Fiets","Flank","Kruispunt, 4 takken",50,"Niet brandend","Daglicht","Sneeuw/Hagel",\N,\N,"STELLENDAM-NOORD","Stellendam","Goeree-Overflakkee","Zuid-Holland",false,51.81145,4.023898,"injury","2","unknown",false,1,"GM1924"
"20240028582",2024,"Letsel",2,"Fiets","Fiets","Flank","Kruispunt, 4 takken",50,"Niet brandend","Daglicht","Regen",\N,\N,"Wiekslag","Amersfoort","Amersfoort","Utrecht",false,52.16553,5.408898,"injury","2","rain",false,1,"GM0307"
"20240029806",2024,"Letsel",2,"Fiets","Personenauto","Onbekend","Kruispunt, 3 takken",60,"Niet brandend","Daglicht","Droog",\N,\N,"Warmonderweg","Sassenheim","Teylingen","Zuid-Holland",false,52.214859,4.502265,"injury","2","clear",false,1,"GM1525"
"20230034406",2023,"Letsel",2,"Bromfiets","Fiets","Flank","Kruispunt, 3 takken",50,"Niet brandend","Daglicht","Droog",\N,\N,"Oude Ebbingestraat","Groningen","Groningen","Groningen",false,53.219764,6.5667,"injury","2","clear",false,1,"GM0014"
"20230035696",2023,"Letsel",2,"Personenauto","Fiets","Flank","Kruispunt, 3 takken",30,"Niet brandend","Daglicht","Droog",\N,\N,"Tukseweg","Tuk","Steenwijkerland","Overijssel",false,52.794475,6.098164,"injury","2","clear",false,1,"GM1708"
"20230068513",2023,"Letsel",2,"Bestelauto","Fiets","Eenzijdig","Rechte weg",60,"Niet brandend","Daglicht","Droog",\N,"231275001","Hogedijk","Bergambacht","Krimpenerwaard","Zuid-Holland",false,51.929126,4.813135,"injury","2","clear",false,1,"GM1931"
"20240025932",2024,"Uitsluitend materiele schade",2,"Fiets","Personenauto","Flank","Rechte weg",50,"Niet aanwezig","Daglicht","Droog",\N,"390335009","Pieter Steijnstraat","Apeldoorn","Apeldoorn","Gelderland",false,52.195456,5.975299,"material damage only","4","clear",false,1,"GM0200"
"20230017485",2023,"Uitsluitend materiele schade",2,"Personenauto","e-bike","Flank","Kruispunt, 4 takken",15,"Niet brandend","Daglicht","Droog",\N,\N,"Drooghe Bol","Julianadorp","Den Helder","Noord-Holland",false,52.884674,4.740501,"material damage only","4","clear",false,1,"GM0400"
"20230021512",2023,"Letsel",2,"Personenauto","Fiets","Flank","Kruispunt, 4 takken",15,"Niet brandend","Daglicht","Regen",\N,\N,"Dijkshoornseweg","Den Hoorn","Midden-Delfland","Zuid-Holland",false,52.001051,4.33013,"injury","2","rain",false,1,"GM1842"
"20230022654",2023,"Uitsluitend materiele schade",2,"Bromfiets","Fiets","Flank","Kruispunt, 4 takken",50,"Niet brandend","Daglicht","Droog","Brug/viaduct",\N,"Zegwaartseweg","Zoetermeer","Zoetermeer","Zuid-Holland",false,52.06215,4.520963,"material damage only","4","clear",false,1,"GM0637"
"20240029560",2024,"Letsel",2,"Fiets","Fiets","Onbekend",\N,\N,\N,"Daglicht",\N,\N,"242376103","De Ruijterkade","Amsterdam","Amsterdam","Noord-Holland",false,52.382427,4.895005,"injury","2","unknown",false,1,"GM0363"
"20230032814",2023,"Letsel",2,"Personenauto","Fiets","Flank","Rechte weg",50,"Niet brandend","Daglicht","Droog",\N,"600814214","Mellesingel","Uden","Maashorst","Noord-Brabant",false,51.662571,5.635276,"injury","2","clear",false,1,"GM1991"
"20230067451",2023,"Letsel",2,"Fiets","Fiets","Flank","Rechte weg",50,"Niet brandend","Daglicht","Droog",\N,"600629371","Zeeweg","Bergen (NH)","Bergen (NH)","Noord-Holland",false,52.666433,4.666,"injury","2","clear",false,1,\N
"20240031824",2024,"Uitsluitend materiele schade",2,"Personenauto","Fiets","Frontaal","Rotonde",50,"Niet brandend","Daglicht","Droog",\N,\N,"Van Beethovenlaan","Capelle aan den IJssel","Capelle aan den IJssel","Zuid-Holland",false,51.917461,4.559895,"material damage only","4","clear",false,1,"GM0502"
"20240031857",2024,"Uitsluitend materiele schade",2,"Personenauto","Fiets","Onbekend","Kruispunt, 4 takken",50,"Niet brandend","Daglicht","Droog",\N,"601162215","Jacques Dutilhweg","Rotterdam","Rotterdam","Zuid-Holland",false,51.930144,4.558979,"material damage only","4","clear",false,1,"GM0599"
"20230069726",2023,"Letsel",2,"Bromfiets","Fiets","Flank","Kruispunt, 4 takken",50,"Niet brandend","Daglicht","Droog",\N,\N,"Torenstraat","'s-Gravenhage","'s-Gravenhage","Zuid-Holland",false,52.079651,4.302807,"injury","2","clear",false,1,"GM0518"
"20230069747",2023,"Uitsluitend materiele schade",2,"Personenauto","e-bike","Flank","Kruispunt, 3 takken",50,"Niet brandend","Daglicht","Droog",\N,\N,"Bordeauxstraat","Zoetermeer","Zoetermeer","Zuid-Holland",false,52.060837,4.497732,"material damage only","4","clear",false,1,"GM0637"
"20230076737",2023,"Letsel",2,"Bestelauto","e-bike","Frontaal","Kruispunt, 3 takken",50,"Niet brandend","Daglicht","Droog",\N,\N,"Zichtenburglaan","'s-Gravenhage","'s-Gravenhage","Zuid-Holland",false,52.047246,4.251266,"injury","2","clear",false,1,"GM0518"
"20230029602",2023,"Letsel",2,"Personenauto","Fiets","Flank","Kruispunt, 3 takken",30,"Niet aanwezig","Daglicht","Droog",\N,\N,"Piersonstraat","Schiedam","Schiedam","Zuid-Holland",false,51.922345,4.391601,"injury","2","clear",false,1,"GM0606"
"20230079116",2023,"Letsel",2,"Bus","Fiets","Onbekend","Rechte weg",50,"Niet brandend","Daglicht","Droog",\N,"240372138","Marnixstraat","Amsterdam","Amsterdam","Noord-Holland",false,52.36438,4.881119,"injury","2","clear",false,1,"GM0363"
"20230077668",2023,"Letsel",1,"Fiets",\N,"Eenzijdig","Bocht",30,"Niet brandend","Duisternis","Droog",\N,"162310213","Buitenhof","'s-Gravenhage","'s-Gravenhage","Zuid-Holland",false,52.079461,4.310592,"injury","2","clear",false,1,"GM0518"
"20230012983",2023,"Uitsluitend materiele schade",2,"Bromfiets","Fiets","Flank","Kruispunt, 4 takken",50,"Niet brandend","Daglicht","Droog",\N,\N,"Sprengenweg","Apeldoorn","Apeldoorn","Gelderland",false,52.21503,5.947172,"material damage only","4","clear",false,1,"GM0200"
"20230014698",2023,"Uitsluitend materiele schade",2,"Bestelauto","Fiets","Flank","Rechte weg",60,"Brandend","Duisternis","Droog",\N,"600847720","Teugseweg","Teuge","Voorst","Gelderland",false,52.235095,6.033717,"material damage only","4","clear",false,1,"GM0285"
"20240029691",2024,"Uitsluitend materiele schade",2,"Personenauto","Fiets","Flank","Rechte weg",30,"Niet brandend","Daglicht","Droog",\N,"600362697","Buitenveldertselaan","Amsterdam","Amsterdam","Noord-Holland",false,52.331208,4.868472,"material damage only","4","clear",false,1,"GM0363"
"20230033532",2023,"Letsel",2,"Personenauto","e-bike","Flank","Rotonde",50,"Niet brandend","Daglicht","Droog",\N,\N,"Wielewaal","Geldrop","Geldrop-Mierlo","Noord-Brabant",false,51.430972,5.564703,"injury","2","clear",false,1,"GM1771"
"20230078411",2023,"Letsel",1,"Fiets",\N,"Eenzijdig","Rechte weg",30,"Niet brandend","Daglicht","Droog",\N,"239356037","In de Wolken","Amstelveen","Amstelveen","Noord-Holland",false,52.290291,4.873993,"injury","2","clear",false,1,"GM0362"
"20230078501",2023,"Letsel",2,"Bestelauto","Fiets","Eenzijdig","Rechte weg",50,"Niet brandend","Daglicht","Droog",\N,"240371058","Van Baerlestraat","Amsterdam","Amsterdam","Noord-Holland",true,52.359114,4.877795,"injury","2","clear",false,1,"GM0363"
"20230078653",2023,"Letsel",2,"Personenauto","Fiets","Flank","Rechte weg",50,"Niet brandend","Daglicht","Droog","Tankstation","185308009","Zwaardslootseweg","Zoetermeer","Zoetermeer","Zuid-Holland",false,52.070926,4.480954,"injury","2","clear",false,1,"GM0637"
"20230074866",2023,"Letsel",2,"Personenauto","Fiets","Flank","Kruispunt, 4 takken",30,"Niet brandend","Daglicht","Droog",\N,\N,"Sjef van Kalmthoutstraat","Hoofddorp","Haarlemmermeer","Noord-Holland",false,52.301156,4.690039,"injury","2","clear",false,1,"GM0394"
"20230074880",2023,"Uitsluitend materiele schade",2,"Personenauto","Fiets","Frontaal","Kruispunt, 4 takken",50,"Niet brandend","Daglicht","Droog",\N,\N,"Leisteen","Hoorn","Hoorn","Noord-Holland",false,52.655904,5.069005,"material damage only","4","clear",false,1,"GM0405"
"20230074970",2023,"Letsel",2,"Fiets","Fiets","Flank","Rechte weg",30,"Brandend","Duisternis","Droog",\N,"600650528","Militairenweg","Overveen","Bloemendaal","Noord-Holland",false,52.392294,4.605957,"injury","2","clear",false,1,"GM0377"
"20240028276",2024,"Letsel",2,"Personenauto","Fiets","Onbekend","Kruispunt, 4 takken",60,"Niet brandend","Daglicht","Droog",\N,\N,"Belkmerweg","Burgerbrug","Schagen","Noord-Holland",false,52.756143,4.67444,"injury","2","clear",false,1,"GM0441"
"20230029106",2023,"Uitsluitend materiele schade",2,"Personenauto","Fiets","Flank","Kruispunt, 4 takken",50,"Niet brandend","Daglicht","Droog",\N,\N,"Brede Hilledijk","Rotterdam","Rotterdam","Zuid-Holland",false,51.902767,4.496247,"material damage only","4","clear",false,1,"GM0599"
"20230031403",2023,"Letsel",2,"Personenauto","Fiets","Flank","Rotonde",50,"Brandend","Schemer","Regen",\N,\N,"Schepersweg","Well L","Bergen (L)","Limburg",false,51.551468,6.110054,"injury","2","rain",false,1,\N
"20230031953",2023,"Uitsluitend materiele schade",1,"e-bike",\N,"Onbekend","Kruispunt, 3 takken",30,"Niet brandend","Daglicht","Droog",\N,\N,"Gasstraat","Venray","Venray","Limburg",false,51.531348,5.975384,"material damage only","4","clear",false,1,"GM0984"
"20230075611",2023,"Letsel",2,"Fiets","Fiets","Onbekend","Kruispunt, 3 takken",30,"Niet brandend","Daglicht","Droog",\N,\N,"Herenstraat","Bussum","Gooise Meren","Noord-Holland",false,52.273312,5.159031,"injury","2","clear",false,1,"GM1942"
"20230072805",2023,"Uitsluitend materiele schade",2,"Fiets","Bestelauto","Flank","Rotonde",30,"Niet brandend","Daglicht","Droog",\N,\N,"Burgemeester Kuntzelaan","Barneveld","Barneveld","Gelderland",false,52.137271,5.589157,"material damage only","4","clear",false,1,"GM0203"
"20230072981",2023,"Uitsluitend materiele schade",2,"Fiets","Fiets","Kop/staart","Rechte weg",50,"Niet brandend","Daglicht","Droog",\N,"600556547","Enschedesestraat","Hengelo","Hengelo (O)","Overijssel",false,52.257251,6.810502,"material damage only","4","clear",false,1,\N
"20230073382",2023,"Uitsluitend materiele schade",2,"Personenauto","Fiets","Onbekend","Kruispunt, 4 takken",50,"Niet brandend","Daglicht","Droog",\N,\N,"Schaarsdijkweg","Tiel","Tiel","Gelderland",false,51.875592,5.400959,"material damage only","4","clear",false,1,"GM0281"
"20240026054",2024,"Letsel",2,"Personenauto","Fiets","Flank","Bocht",50,"Niet brandend","Daglicht","Droog",\N,"600885553","Nijbracht","Emmen","Emmen","Drenthe",false,52.762206,6.899737,"injury","2","clear",false,1,"GM0114"
"20230023335",2023,"Letsel",2,"Personenauto","e-bike","Flank","Kruispunt, 4 takken",50,"Niet brandend","Schemer","Droog",\N,\N,"Vuurdoornlaan","Gouda","Gouda","Zuid-Holland",false,52.024298,4.696546,"injury","2","clear",false,1,"GM0513"
"20230029157",2023,"Letsel",2,"Personenauto","Fiets","Flank","Rechte weg",30,"Niet brandend","Daglicht","Droog",\N,"215246004","Dubbelsteynlaan West","Dordrecht","Dordrecht","Zuid-Holland",true,51.793568,4.701131,"injury","2","clear",false,1,"GM0505"
"20240029908",2024,"Uitsluitend materiele schade",2,"Bromfiets","Fiets","Kop/staart","Rechte weg",30,"Niet brandend","Daglicht","Droog",\N,"237377019","Haarlemmerweg","Amsterdam","Amsterdam","Noord-Holland",false,52.384881,4.852953,"material damage only","4","clear",false,1,"GM0363"
"20230026309",2023,"Letsel",2,"Fiets","Snorfiets","Flank","Kruispunt, 4 takken",30,"Brandend","Schemer","Regen",\N,\N,"Abram van Rijckevorselwg","Rotterdam","Rotterdam","Zuid-Holland",false,51.915638,4.521001,"injury","2","rain",false,1,"GM0599"
"20230026853",2023,"Uitsluitend materiele schade",2,"Personenauto","Fiets","Flank","Rechte weg",30,"Brandend","Duisternis","Regen",\N,"208199049","Lindenbleek","Etten-Leur","Etten-Leur","Noord-Brabant",false,51.58487,4.653381,"material damage only","4","rain",false,1,"GM0777"
"20230070392",2023,"Uitsluitend materiele schade",2,"Bestelauto","Fiets","Onbekend","Rechte weg",50,"Niet brandend","Daglicht","Droog",\N,"350174099","Engelseweg","Helmond","Helmond","Noord-Brabant",false,51.471857,5.682435,"material damage only","4","clear",false,1,"GM0794"
"20230022837",2023,"Uitsluitend materiele schade",2,"Personenauto","Fiets","Flank","Kruispunt, 4 takken",60,"Niet brandend","Daglicht","Droog",\N,\N,"Koningin Wilhelminaweg","Gouda","Gouda","Zuid-Holland",false,52.000531,4.698235,"material damage only","4","clear",false,1,"GM0513"
"20230022848",2023,"Uitsluitend materiele schade",2,"Bromfiets","Fiets","Frontaal","Rechte weg",50,"Brandend","Duisternis","Droog",\N,"237377049","Bos en Lommerweg","Amsterdam","Amsterdam","Noord-Holland",false,52.383382,4.856044,"material damage only","4","clear",false,1,"GM0363"
"20230069534",2023,"Letsel",1,"Fiets",\N,"Eenzijdig","Rechte weg",30,"Niet brandend","Daglicht","Droog",\N,"188272076","Nassauhaven","Rotterdam","Rotterdam","Zuid-Holland",false,51.909598,4.507282,"injury","2","clear",false,1,"GM0599"
"20230071270",2023,"Uitsluitend materiele schade",3,"Personenauto","Fiets","Onbekend","Rotonde",50,"Niet brandend","Daglicht","Droog",\N,\N,"Wiebachstraat","Kerkrade","Kerkrade","Limburg",false,50.856215,6.010592,"material damage only","4","clear",false,1,"GM0928"
"20230071982",2023,"Letsel",2,"Personenauto","Fiets","Flank",\N,60,"Niet brandend","Daglicht","Droog",\N,"600216160","Kiewegracht","Gulpen","Gulpen-Wittem","Limburg",false,50.819749,5.891434,"injury","2","clear",false,1,"GM1729"
"20230071992",2023,"Letsel",2,"Personenauto","Fiets","Flank","Kruispunt, 4 takken",30,"Niet aanwezig","Daglicht","Droog",\N,\N,"Ridderstraat","Gilze","Gilze en Rijen","Noord-Brabant",false,51.544168,4.938487,"injury","2","clear",false,1,"GM0784"
"20230037068",2023,"Uitsluitend materiele schade",2,"Fiets","Fiets","Frontaal","Bocht",30,"Niet brandend","Daglicht","Droog",\N,"600373775","Oude Zijds Burgwal","Monnickendam","Waterland","Noord-Holland",false,52.460909,5.034091,"material damage only","4","clear",false,1,"GM0852"
"20230070005",2023,"Letsel",2,"Personenauto","Fiets","Flank","Rotonde",30,"Brandend","Duisternis","Droog",\N,\N,"Wildhoeflaan","'s-Gravenhage","'s-Gravenhage","Zuid-Holland",false,52.076332,4.250756,"injury","2","clear",false,1,"GM0518"
"20240031052",2024,"Uitsluitend materiele schade",2,"Fiets","Fiets","Voetganger","Rechte weg",30,"Niet brandend","Daglicht","Droog","Tunnel","600638981","Burg Kasteleinweg","Aalsmeer","Aalsmeer","Noord-Holland",false,52.266234,4.757347,"material damage only","4","clear",false,1,"GM0358"
"20230072010",2023,"Letsel",2,"Personenauto","Fiets","Flank","Rechte weg",50,"Niet brandend","Daglicht","Droog",\N,"600141593","Maasboulevard","Maastricht","Maastricht","Limburg",false,50.845337,5.696505,"injury","2","clear",false,1,"GM0935"
"20230072562",2023,"Uitsluitend materiele schade",2,"Personenauto","Fiets","Flank","Bocht",60,"Niet brandend","Daglicht","Droog",\N,"391295005","Bovenallee","Velp","Rheden","Gelderland",false,52.014689,5.982721,"material damage only","4","clear",false,1,"GM0275"
"20230077930",2023,"Letsel",1,"Fiets",\N,"Eenzijdig","Rechte weg",50,"Niet brandend","Daglicht","Droog",\N,"155310046","Goudenregenstraat","'s-Gravenhage","'s-Gravenhage","Zuid-Holland",false,52.077948,4.262587,"injury","2","clear",false,1,"GM0518"
"20230020684",2023,"Uitsluitend materiele schade",2,"Fiets","Fiets","Frontaal","Kruispunt, 4 takken",30,"Niet brandend","Daglicht","Droog",\N,\N,"Reigerpad","Diemen","Diemen","Noord-Holland",false,52.332688,4.950912,"material damage only","4","clear",false,1,"GM0384"
"20230030461",2023,"Letsel",3,"Personenauto","Fiets","Onbekend","Kruispunt, 4 takken",30,"Niet brandend","Daglicht","Droog",\N,\N,"Prelaat van Dinterstraat","Gemert","Gemert-Bakel","Noord-Brabant",false,51.560135,5.691689,"injury","2","clear",false,1,"GM1652"
"20230070034",2023,"Letsel",2,"Bestelauto","Fiets","Eenzijdig","Rechte weg",30,"Niet brandend","Daglicht","Droog",\N,"199356049","Hoofdstraat","Hillegom","Hillegom","Zuid-Holland",false,52.290093,4.578195,"injury","2","clear",false,1,"GM0534"
"20230077889",2023,"Letsel",2,"Fiets","Fiets","Frontaal","Rechte weg",60,"Niet aanwezig","Duisternis","Droog",\N,"600731664","Frank van Borselenlaan","Voorhout","Teylingen","Zuid-Holland",false,52.23036,4.512099,"injury","2","clear",false,1,"GM1525"
"20240030841",2024,"Uitsluitend materiele schade",2,"Personenauto","Fiets","Flank","Kruispunt, 4 takken",30,"Niet brandend","Daglicht","Droog",\N,\N,"Hendrik Jacobszstraat","Amsterdam","Amsterdam","Noord-Holland",false,52.351416,4.860469,"material damage only","4","clear",false,1,"GM0363"
"20230071863",2023,"Uitsluitend materiele schade",2,"Personenauto","Fiets","Flank","Kruispunt, 4 takken",30,"Niet brandend","Daglicht","Droog",\N,\N,"Oirloseweg","Oirlo","Venray","Limburg",false,51.512048,6.035602,"material damage only","4","clear",false,1,"GM0984"
"20230077050",2023,"Letsel",2,"Bromfiets","Fiets","Kop/staart","Rechte weg",\N,"Niet brandend","Daglicht","Droog",\N,"175302058","Spoorpad","Nootdorp","Pijnacker-Nootdorp","Zuid-Holland",false,52.04676,4.411095,"injury","2","clear",false,1,"GM1926"
"20230072850",2023,"Letsel",3,"Personenauto","Fiets","Onbekend","Kruispunt, 4 takken",30,"Niet brandend","Daglicht","Regen",\N,\N,"Stationsstraat","Assen","Assen","Drenthe",false,52.992996,6.570513,"injury","2","rain",false,1,"GM0106"
"20230014953",2023,"Uitsluitend materiele schade",2,"Personenauto","Fiets","Onbekend","Rotonde",30,"Niet brandend","Daglicht","Droog",\N,\N,"Zaailand","Leeuwarden","Leeuwarden","Friesland",false,53.199118,5.796762,"material damage only","4","clear",false,1,"GM0080"
"20230025878",2023,"Uitsluitend materiele schade",2,"Fiets","Bromfiets","Flank","Rechte weg",50,"Niet brandend","Daglicht","Droog",\N,\N,"Waalhaven Z.z.","Rotterdam","Rotterdam","Zuid-Holland",false,51.877791,4.453274,"material damage only","4","clear",false,1,"GM0599"
"20230036054",2023,"Letsel",3,"Fiets","Voetganger","Voetganger","Bocht",30,"Niet brandend","Daglicht","Droog",\N,"339332039","Hoofdstraat","Voorthuizen","Barneveld","Gelderland",false,52.184828,5.602119,"injury","2","clear",false,1,"GM0203"
"20230071079",2023,"Uitsluitend materiele schade",2,"Personenauto","Fiets","Flank","Rotonde",50,"Niet brandend","Daglicht","Droog",\N,\N,"Looierstraat","Heerlen","Heerlen","Limburg",false,50.887066,5.96952,"material damage only","4","clear",false,1,"GM0917"
"20240031095",2024,"Letsel",3,"Fiets","Fiets","Frontaal","Kruispunt, 4 takken",30,"Brandend","Duisternis","Regen",\N,\N,"BERLAGEBRUG 0423","Amsterdam","Amsterdam","Noord-Holland",true,52.347452,4.913536,"injury","2","rain",false,1,"GM0363"
"20230072413",2023,"Uitsluitend materiele schade",2,"Personenauto","Fiets","Flank","Kruispunt, 4 takken",50,"Niet brandend","Daglicht","Droog",\N,\N,"Groesbeekseweg","Nijmegen","Nijmegen","Gelderland",false,51.830016,5.874439,"material damage only","4","clear",false,1,"GM0268"
"20230073925",2023,"Letsel",1,"Fiets",\N,"Eenzijdig","Rechte weg",30,"Niet brandend","Schemer","Droog",\N,"290247015","Thorbeckestraat","Zaltbommel","Zaltbommel","Gelderland",false,51.802826,5.244465,"injury","2","clear",false,1,"GM0297"
"20230078042",2023,"Uitsluitend materiele schade",2,"Bus","Fiets","Onbekend","Rotonde",50,"Niet brandend","Daglicht","Droog",\N,\N,"Hofpleintunnel","Pijnacker","Pijnacker-Nootdorp","Zuid-Holland",false,52.004621,4.448065,"material damage only","4","clear",false,1,"GM1926"
"20230021879",2023,"Letsel",1,"Fiets",\N,"Eenzijdig","Kruispunt, 3 takken",50,"Niet brandend","Daglicht","Droog",\N,\N,"Nathaliegang","Zoetermeer","Zoetermeer","Zuid-Holland",false,52.044712,4.480314,"injury","2","clear",false,1,"GM0637"