"accident_id","year","severity_raw","party_count","party1_type","party2_type","accident_type","road_situation","speed_limit_kmh","road_lighting","light_condition_label","weather_raw","infra_type","road_segment_id","street_name","place_name","gemeente_name_raw","province","alcohol_indicated","latitude","longitude","severity_label","severity_code","weather_label","built_up_area","cyclists_involved","gemeente_code"
"20220006941",2022,"Uitsluitend materiele schade",2,"Bromfiets","Fiets","Flank","Kruispunt, 3 takken",50,"Brandend","Duisternis","Droog",\N,\N,"Schuilenburglaan","Almelo","Almelo","Overijssel",false,52.364543,6.634279,"material damage only","4","clear",false,1,"GM0141"
"20220120340",2022,"Uitsluitend materiele schade",2,"Personenauto","Fiets","Onbekend","Rotonde",\N,"Niet brandend","Daglicht","Droog",\N,\N,"Johan J. Vierbergenweg","Oudewater","Oudewater","Utrecht",false,52.033308,4.862996,"material damage only","4","clear",false,1,"GM0589"
"20220120567",2022,"Uitsluitend materiele schade",2,"Fiets","Personenauto","Flank","Kruispunt, 4 takken",50,"Niet brandend","Daglicht","Droog",\N,\N,"Pythagoraslaan","Utrecht","Utrecht","Utrecht",false,52.091475,5.147978,"material damage only","4","clear",false,1,"GM0344"
"20220120800",2022,"Letsel",2,"Bromfiets","Fiets","Kop/staart","Kruispunt, 3 takken",80,"Niet brandend","Daglicht","Droog",\N,\N,"Lassuslaan","Bilthoven","De Bilt","Utrecht",false,52.148365,5.221401,"injury","2","clear",false,1,"GM0310"
"20220103283",2022,"Uitsluitend materiele schade",2,"Bromfiets","Fiets","Flank","Kruispunt, 4 takken",\N,"Niet brandend","Daglicht","Droog",\N,\N,"Vrijheidslaan","Amsterdam","Amsterdam","Noord-Holland",false,52.34715,4.911423,"material damage only","4","clear",false,1,"GM0363"
"20220069761",2022,"Letsel",2,"Personenauto","Fiets","Flank","Kruispunt, 3 takken",50,"Niet brandend","Daglicht","Droog",\N,\N,"John F. Kennedylaan","Heerlen","Heerlen","Limburg",false,50.868269,5.983012,"injury","2","clear",false,1,"GM0917"
"20220076026",2022,"Letsel",2,"Personenauto","e-bike","Flank","Kruispunt, 4 takken",50,"Niet brandend","Daglicht","Droog",\N,\N,"Simon Stevinweg","Arnhem","Arnhem","Gelderland",false,51.976499,5.945292,"injury","2","clear",false,1,"GM0202"
"20220089139",2022,"Uitsluitend materiele schade",2,"Personenauto","Fiets","Kop/staart","Rechte weg",30,"Niet brandend","Daglicht","Droog",\N,"278148102","Lensheuvel","Reusel","Reusel-De Mierden","Noord-Brabant",false,51.357844,5.158196,"material damage only","4","clear",false,1,"GM1667"
"20220091033",2022,"Uitsluitend materiele schade",2,"Personenauto","e-bike","Flank","Kruispunt, 4 takken",30,"Niet brandend","Daglicht","Droog",\N,\N,"Zwaluwstraat","Geleen","Sittard-Geleen","Limburg",false,50.961065,5.830562,"material damage only","4","clear",false,1,"GM1883"
"20220031496",2022,"Uitsluitend materiele schade",2,"Personenauto","Fiets","Flank","Rechte weg",50,"Niet brandend","Daglicht","Droog",\N,"600832290","Rijksweg Zuid","Sittard","Sittard-Geleen","Limburg",false,50.986734,5.849785,"material damage only","4","clear",false,1,"GM1883"
"20220058036",2022,"Letsel",2,"Fiets","e-bike","Kop/staart","Rechte weg",30,"Niet brandend","Daglicht","Droog",\N,"209321053","Willem de Zwijgerlaan","Alphen aan den Rijn","Alphen aan den Rijn","Zuid-Holland",false,52.134452,4.65715,"injury","2","clear",false,1,"GM0484"
"20220078198",2022,"Uitsluitend materiele schade",1,"Fiets",\N,"Flank","Rechte weg",50,"Niet brandend","Daglicht","Droog",\N,"262313093","Vleutensebaan","Utrecht","Utrecht","Utrecht",false,52.100037,5.042181,"material damage only","4","clear",false,1,"GM0344"
"20220079758",2022,"Letsel",2,"Personenauto","Fiets","Onbekend","Rotonde",50,"Niet brandend","Daglicht","Droog",\N,\N,"Oosttangent","Heerhugowaard","Dijk en Waard","Noord-Holland",false,52.64369,4.815213,"injury","2","clear",false,1,"GM1980"
"20220081440",2022,"Uitsluitend materiele schade",2,"Personenauto","Fiets","Flank","Kruispunt, 4 takken",50,"Niet brandend","Daglicht","Droog",\N,\N,"Hensbroekerstraat","Amsterdam","Amsterdam","Noord-Holland",false,52.391888,4.944205,"material damage only","4","clear",false,1,"GM0363"
"20220083701",2022,"Letsel",2,"Fiets",\N,"Eenzijdig","Rechte weg",\N,"Niet brandend","Daglicht","Droog",\N,"600547536","Melis Stokelaan","'s-Gravenhage","'s-Gravenhage","Zuid-Holland",false,52.051526,4.289488,"injury","2","clear",false,1,"GM0518"
"20220103334",2022,"Letsel",3,"Fiets","Personenauto","Onbekend","Rechte weg",50,"Niet brandend","Daglicht","Droog",\N,"230355002","Oosteinderweg","Aalsmeer","Aalsmeer","Noord-Holland",false,52.286986,4.805674,"injury","2","clear",false,1,"GM0358"
"20220046455",2022,"Letsel",2,"Personenauto","Fiets","Flank","Kruispunt, 4 takken",50,"Brandend","Schemer","Droog",\N,\N,"Heilweg","Westervoort","Westervoort","Gelderland",false,51.948189,5.978364,"injury","2","clear",false,1,"GM0293"
"20220066833",2022,"Letsel",1,"Fiets",\N,"Eenzijdig","Bocht",60,"Niet brandend","Daglicht","Droog",\N,"305204002","Hooghemertseweg","Gemonde","Sint-Michielsgestel","Noord-Brabant",false,51.610042,5.353186,"injury","2","clear",false,1,"GM0845"
"20220068265",2022,"Uitsluitend materiele schade",2,"Bestelauto","Fiets","Frontaal","Kruispunt, 3 takken",50,"Niet brandend","Daglicht","Droog",\N,\N,"Het Wielsem","'s-Hertogenbosch","'s-Hertogenbosch","Noord-Brabant",false,51.709533,5.305744,"material damage only","4","clear",false,1,"GM0796"
"20220091972",2022,"Letsel",2,"Bus","Fiets","Flank","Rechte weg",50,"Niet brandend","Daglicht","Droog",\N,\N,"Zernikelaan","Groningen","Groningen","Groningen",false,53.236455,6.538421,"injury","2","clear",false,1,"GM0014"
"20220056537",2022,"Letsel",1,"e-bike",\N,"Eenzijdig","Kruispunt, 4 takken",\N,"Niet brandend","Daglicht","Droog",\N,\N,"Baarsjeskade","Reeuwijk","Bodegraven-Reeuwijk","Zuid-Holland",false,52.043003,4.688549,"injury","2","clear",false,1,"GM1901"
"20220068318",2022,"Uitsluitend materiele schade",2,"Personenauto","Fiets","Flank","Kruispunt, 4 takken",50,"Niet brandend","Schemer","Regen",\N,\N,"Ruysdaelbaan","Eindhoven","Eindhoven","Noord-Brabant",false,51.43646,5.505042,"material damage only","4","rain",false,1,"GM0772"
"20220016799",2022,"Uitsluitend materiele schade",2,"Personenauto","Fiets","Flank","Kruispunt, 4 takken",50,"Brandend","Duisternis","Droog",\N,\N,"FIETSPAD","Aalsmeer","Aalsmeer","Noord-Holland",false,52.297128,4.817234,"material damage only","4","clear",false,1,"GM0358"
"20220053902",2022,"Letsel",2,"Personenauto","Fiets","Flank","Rechte weg",50,"Niet brandend","Daglicht","Droog",\N,"262392017","Pierebaan","Monnickendam","Waterland","Noord-Holland",false,52.45321,5.038425,"injury","2","clear",false,1,"GM0852"
"20220059490",2022,"Letsel",2,"Motor","Fiets","Eenzijdig","Kruispunt, 3 takken",30,"Niet brandend","Daglicht","Droog",\N,\N,"Stationsweg","Bodegraven","Bodegraven-Reeuwijk","Zuid-Holland",false,52.082017,4.745796,"injury","2","clear",false,1,"GM1901"
"20220077502",2022,"Letsel",2,"Motor","Fiets","Flank","Rechte weg",50,"Niet brandend","Daglicht","Droog",\N,"311325072","Heiligenbergerweg","Amersfoort","Amersfoort","Utrecht",false,52.155026,5.395445,"injury","2","clear",false,1,"GM0307"
"20220080948",2022,"Uitsluitend materiele schade",2,"Personenauto","Fiets","Flank","Rotonde",50,"Niet brandend","Daglicht","Regen",\N,\N,"Hagedoornweg","Amsterdam","Amsterdam","Noord-Holland",false,52.390978,4.911496,"material damage only","4","rain",false,1,"GM0363"
"20220082896",2022,"Uitsluitend materiele schade",2,"Fiets","Fiets","Flank","Kruispunt, 4 takken",50,"Niet brandend","Daglicht","Droog",\N,\N,"Beeklaan","'s-Gravenhage","'s-Gravenhage","Zuid-Holland",false,52.070806,4.284102,"material damage only","4","clear",false,1,"GM0518"
"20220093889",2022,"Letsel",2,"Personenauto","Fiets","Flank","Rechte weg",50,"Niet brandend","Daglicht","Droog",\N,"600497484","Van Balverenweg","Bennekom","Ede","Gelderland",false,52.002362,5.657713,"injury","2","clear",false,1,"GM0228"
"20220045112",2022,"Uitsluitend materiele schade",2,"Fiets","Personenauto","Onbekend","Kruispunt, 3 takken",60,"Niet brandend","Daglicht","Droog",\N,\N,"Oude Twentseweg","Luttenberg","Raalte","Overijssel",false,52.416233,6.365942,"material damage only","4","clear",false,1,"GM0177"
"20220065662",2022,"Letsel",1,"e-bike",\N,"Eenzijdig","Kruispunt, 3 takken",30,"Niet brandend","Daglicht","Droog",\N,\N,"Tongerlose Hoefstraat","Tilburg","Tilburg","Noord-Brabant",false,51.568197,5.068127,"injury","2","clear",false,1,"GM0855"
"20220090825",2022,"Uitsluitend materiele schade",2,"Fiets","Fiets","Flank","Kruispunt, 3 takken",50,"Niet brandend","Daglicht","Droog",\N,\N,"Dorperveld","Merselo","Venray","Limburg",false,51.530964,5.929695,"material damage only","4","clear",false,1,"GM0984"
"20220104575",2022,"Uitsluitend materiele schade",2,"Personenauto","Fiets","Onbekend","Kruispunt, 3 takken",\N,"Brandend","Duisternis","Droog",\N,\N,"Bagijnestraat","'s-Gravenhage","'s-Gravenhage","Zuid-Holland",false,52.078743,4.314615,"material damage only","4","clear",false,1,"GM0518"
"20220037888",2022,"Uitsluitend materiele schade",2,"Personenauto","Fiets","Los voorwerp","Rotonde",50,"Niet brandend","Daglicht","Droog",\N,\N,"Pompenburg","Rotterdam","Rotterdam","Zuid-Holland",false,51.924428,4.478614,"material damage only","4","clear",false,1,"GM0599"
"20220045213",2022,"Uitsluitend materiele schade",2,"Personenauto","Fiets","Onbekend","Kruispunt, 4 takken",50,"Brandend","Daglicht","Droog",\N,\N,"Breemarsweg","Hengelo","Hengelo (O)","Overijssel",false,52.250998,6.800702,"material damage only","4","clear",false,1,\N
"20220058435",2022,"Letsel",2,"Personenauto","Fiets","Flank","Kruispunt, 3 takken",30,"Niet brandend","Daglicht","Droog",\N,\N,"Moerbeiplein","'s-Gravenhage","'s-Gravenhage","Zuid-Holland",false,52.069166,4.263575,"injury","2","clear",false,1,"GM0518"
"20220071958",2022,"Uitsluitend materiele schade",2,"Fiets","Personenauto","Flank","Kruispunt, 4 takken",60,"Niet brandend","Daglicht","Droog",\N,\N,"Hoarnestreek","Tzummarum","Waadhoeke","Friesland",false,53.256808,5.551598,"material damage only","4","clear",false,1,"GM1949"
"20220078739",2022,"Uitsluitend materiele schade",2,"Bestelauto","Fiets","Flank","Rotonde",30,"Niet brandend","Daglicht",\N,\N,\N,"Kruisweg","Hoofddorp","Haarlemmermeer","Noord-Holland",false,52.305689,4.69241,"material damage only","4","unknown",false,1,"GM0394"
"20220081086",2022,"Uitsluitend materiele schade",2,"Personenauto","Fiets","Flank","Kruispunt, 4 takken",50,"Niet brandend","Daglicht","Droog",\N,\N,"Cornelis Schuytstraat","Amsterdam","Amsterdam","Noord-Holland",false,52.353709,4.872394,"material damage only","4","clear",false,1,"GM0363"
"20220093078",2022,"Uitsluitend materiele schade",2,"Personenauto","Fiets","Flank","Rotonde",50,"Brandend","Duisternis","Droog",\N,\N,"Van Swietenlaan","Groningen","Groningen","Groningen",false,53.189914,6.549567,"material damage only","4","clear",false,1,"GM0014"
"20220105060",2022,"Letsel",2,"Personenauto","Fiets","Frontaal","Rechte weg",50,"Niet brandend","Daglicht","Droog",\N,"160306057","Hoefkade","'s-Gravenhage","'s-Gravenhage","Zuid-Holland",false,52.061695,4.299033,"injury","2","clear",false,1,"GM0518"
"20220034109",2022,"Uitsluitend materiele schade",2,"Personenauto","Fiets","Flank","Rechte weg",30,"Brandend","Duisternis","Droog",\N,"456373020","Grotestraat","Nijverdal","Hellendoorn","Overijssel",false,52.365396,6.460133,"material damage only","4","clear",false,1,"GM0163"
"20220048139",2022,"Letsel",2,"Personenauto","e-bike","Flank","Kruispunt, 3 takken",50,"Niet brandend","Daglicht","Sneeuw/Hagel",\N,\N,"Top Naeffstraat","Apeldoorn","Apeldoorn","Gelderland",false,52.218032,5.996161,"injury","2","unknown",false,1,"GM0200"
"20220051095",2022,"Uitsluitend materiele schade",2,"Personenauto","Fiets","Onbekend","Rechte weg",30,"Brandend","Duisternis","Droog",\N,"600375869","Voorstraat","Utrecht","Utrecht","Utrecht",false,52.095152,5.122888,"material damage only","4","clear",false,1,"GM0344"
"20220059635",2022,"Uitsluitend materiele schade",2,"Personenauto","Fiets","Onbekend","Kruispunt, 4 takken",50,"Niet aanwezig","Daglicht","Droog",\N,\N,"Laan van Wateringse Veld","'s-Gravenhage","'s-Gravenhage","Zuid-Holland",false,52.040175,4.27986,"material damage only","4","clear",false,1,"GM0518"
"20220079565",2022,"Letsel",2,"Bestelauto","Fiets","Flank","Kruispunt, 3 takken",\N,"Niet brandend","Daglicht","Droog",\N,\N,"Tolweg","Zwaagdijk-Oost","Medemblik","Noord-Holland",false,52.711813,5.153151,"injury","2","clear",false,1,"GM0420"
"20220105153",2022,"Letsel",3,"e-bike","e-bike","Onbekend","Rechte weg",50,"Niet brandend","Daglicht","Droog",\N,"169291002","Schieweg","Delft","Delft","Zuid-Holland",false,51.994908,4.367959,"injury","2","clear",false,1,"GM0503"
"20220105331",2022,"Letsel",3,"Personenauto","Fiets","Flank","Kruispunt, 3 takken",30,"Niet brandend","Daglicht","Droog",\N,\N,"Soestdijksekade","'s-Gravenhage","'s-Gravenhage","Zuid-Holland",false,52.061516,4.284619,"injury","2","clear",false,1,"GM0518"
"20220025947",2022,"Uitsluitend materiele schade",2,"Personenauto","Fiets","Flank","Kruispunt, 4 takken",30,"Brandend","Duisternis","Droog",\N,\N,"Brugstraat","Tilburg","Tilburg","Noord-Brabant",false,51.576335,5.055999,"material damage only","4","clear",false,1,"GM0855"
"20220055608",2022,"Uitsluitend materiele schade",2,"Fiets",\N,"Onbekend","Rechte weg",30,"Niet brandend","Daglicht","Droog",\N,"600466425","Elzenhagenpad","Amsterdam","Amsterdam","Noord-Holland",false,52.399463,4.9246,"material damage only","4","clear",false,1,"GM0363"
"20220059682",2022,"Letsel",2,"Personenauto","Fiets","Onbekend","Rechte weg",50,"Brandend","Duisternis","Droog",\N,"157311148","Sportlaan","'s-Gravenhage","'s-Gravenhage","Zuid-Holland",false,52.085126,4.271898,"injury","2","clear",false,1,"GM0518"
"20220065872",2022,"Uitsluitend materiele schade",1,"Fiets",\N,"Eenzijdig","Kruispunt, 4 takken",50,"Niet brandend","Daglicht","Droog",\N,\N,"Terheijdenseweg","Breda","Breda","Noord-Brabant",false,51.615963,4.772495,"material damage only","4","clear",false,1,"GM0758"
"20220067533",2022,"Letsel",2,"Personenauto","Fiets","Flank","Kruispunt, 3 takken",60,"Niet brandend","Daglicht",\N,\N,\N,"Hal","Boxtel","Boxtel","Noord-Brabant",false,51.617353,5.316679,"injury","2","unknown",false,1,"GM0757"
"20220085457",2022,"Letsel",2,"Personenauto","Fiets","Geparkeerd voertuig","Bocht",50,"Niet brandend","Duisternis","Droog",\N,"166271120","Prins Hendrikstraat","Vlaardingen","Vlaardingen","Zuid-Holland",false,51.906751,4.342222,"injury","2","clear",false,1,"GM0622"
"20220094459",2022,"Uitsluitend materiele schade",2,"Personenauto","Fiets","Flank","Kruispunt, 4 takken",30,"Niet brandend","Daglicht","Droog",\N,\N,"Brugstraat","Almelo","Almelo","Overijssel",false,52.357893,6.659241,"material damage only","4","clear",false,1,"GM0141"
"20220036492",2022,"Letsel",1,"Fiets",\N,"Eenzijdig","Rechte weg",30,"Niet brandend","Daglicht","Regen",\N,"150305020","Landréstraat","'s-Gravenhage","'s-Gravenhage","Zuid-Holland",false,52.058445,4.227329,"injury","2","rain",false,1,"GM0518"
"20220045654",2022,"Letsel",2,"Bestelauto","Fiets","Onbekend","Kruispunt, 3 takken",50,"Niet brandend","Daglicht",\N,\N,\N,"F.A. Molijnlaan","Nunspeet","Nunspeet","Gelderland",false,52.371613,5.786325,"injury","2","unknown",false,1,"GM0302"
"20220054370",2022,"Uitsluitend materiele schade",2,"Personenauto","Fiets","Flank","Kruispunt, 4 takken",50,"Niet aanwezig","Daglicht","Droog",\N,\N,"Meer en Vaart","Amsterdam","Amsterdam","Noord-Holland",false,52.356623,4.809301,"material damage only","4","clear",false,1,"GM0363"
"20220088357",2022,"Letsel",1,"e-bike",\N,"Eenzijdig","Rechte weg",60,"Niet aanwezig","Daglicht","Droog",\N,"212205001","Overveldsestraat","Prinsenbeek","Breda","Noord-Brabant",false,51.610512,4.690765,"injury","2","clear",false,1,"GM0758"
"20220020761",2022,"Letsel",2,"Personenauto","Fiets","Flank","Kruispunt, 3 takken",50,"Brandend","Duisternis","Droog",\N,\N,"Laan van Meerdervoort","'s-Gravenhage","'s-Gravenhage","Zuid-Holland",false,52.084701,4.294056,"injury","2","clear",false,1,"GM0518"
"20220023606",2022,"Letsel",2,"Personenauto","Fiets","Flank","Kruispunt, 4 takken",50,"Brandend","Duisternis","Droog",\N,\N,"Kreekhuizenlaan","Rotterdam","Rotterdam","Zuid-Holland",false,51.883821,4.538391,"injury","2","clear",false,1,"GM0599"
"20220069116",2022,"Uitsluitend materiele schade",2,"Fiets","Personenauto","Onbekend","Rechte weg",50,"Niet brandend","Daglicht","Droog",\N,"600844175","Raadhuisstraat","Venray","Venray","Limburg",false,51.531439,5.978428,"material damage only","4","clear",false,1,"GM0984"
"20220101730",2022,"Uitsluitend materiele schade",2,"Bromfiets","Fiets","Frontaal","Rechte weg",30,"Niet brandend","Daglicht","Droog",\N,"600747326","Kruisweg","Hoofddorp","Haarlemmermeer","Noord-Holland",false,52.307609,4.68926,"material damage only","4","clear",false,1,"GM0394"
"20220050134",2022,"Uitsluitend materiele schade",2,"Snorfiets","Fiets","Kop/staart","Rechte weg",50,"Niet brandend","Daglicht","Droog",\N,"310332078","Het Masker","Amersfoort","Amersfoort","Utrecht",false,52.184242,5.392795,"material damage only","4","clear",false,1,"GM0307"
"20220054670",2022,"Uitsluitend materiele schade",2,"Personenauto","Fiets","Frontaal","Rechte weg",30,"Brandend","Duisternis","Droog",\N,"235368048","Naaldwijkstraat","Amsterdam","Amsterdam","Noord-Holland",false,52.347705,4.842092,"material damage only","4","clear",false,1,"GM0363"
"20220054671",2022,"Uitsluitend materiele schade",2,"Personenauto","e-bike","Flank","Kruispunt, 4 takken",50,"Niet brandend","Daglicht","Droog",\N,\N,"Ophelialaan","Aalsmeer","Aalsmeer","Noord-Holland",false,52.263665,4.759965,"material damage only","4","clear",false,1,"GM0358"
"20220061543",2022,"Letsel",2,"Bestelauto","Fiets","Frontaal","Kruispunt, 3 takken",50,"Niet brandend","Daglicht","Droog",\N,\N,"Frederik Hendriklaan","Vlaardingen","Vlaardingen","Zuid-Holland",false,51.927905,4.345315,"injury","2","clear",false,1,"GM0622"
"20220085743",2022,"Uitsluitend materiele schade",4,"Bromfiets","Fiets","Los voorwerp","Rechte weg",30,"Niet brandend","Daglicht","Droog",\N,"600922610","Hillelaan","Rotterdam","Rotterdam","Zuid-Holland",false,51.904436,4.496899,"material damage only","4","clear",false,1,"GM0599"
"20220088473",2022,"Uitsluitend materiele schade",2,"Personenauto","Fiets","Flank","Kruispunt, 4 takken",50,"Niet aanwezig","Daglicht","Droog",\N,\N,"Balfortstraat","Breda","Breda","Noord-Brabant",false,51.579311,4.770356,"material damage only","4","clear",false,1,"GM0758"
"20220098988",2022,"Uitsluitend materiele schade",2,"Fiets","Fiets","Frontaal","Kruispunt, 4 takken",30,"Niet brandend","Daglicht","Droog",\N,\N,"Keverdijk","Naarden","Gooise Meren","Noord-Holland",false,52.298508,5.143761,"material damage only","4","clear",false,1,"GM1942"
"20220100366",2022,"Letsel",2,"Personenauto","Fiets","Flank","Kruispunt, 3 takken",50,"Niet brandend","Daglicht","Droog",\N,\N,"Burg Amersfoordtlaan","Badhoevedorp","Haarlemmermeer","Noord-Holland",false,52.337426,4.782033,"injury","2","clear",false,1,"GM0394"
"20220100820",2022,"Letsel",2,"Fiets","Bestelauto","Flank","Kruispunt, 4 takken",50,"Niet brandend","Daglicht","Droog",\N,\N,"Markweg","Nieuw-Vennep","Haarlemmermeer","Noord-Holland",false,52.255595,4.626228,"injury","2","clear",false,1,"GM0394"
"20220101100",2022,"Letsel",2,"Personenauto","Fiets","Onbekend","Rechte weg",50,"Niet brandend","Daglicht","Droog",\N,"210371017","Stresemannlaan","Haarlem","Haarlem","Noord-Holland",false,52.357511,4.659427,"injury","2","clear",false,1,"GM0392"
"20220101514",2022,"Letsel",2,"Personenauto","Fiets","Flank","Kruispunt, 3 takken",50,"Niet brandend","Daglicht","Droog",\N,\N,"Emplacementsweg","Beverwijk","Beverwijk","Noord-Holland",false,52.477662,4.652716,"injury","2","clear",false,1,"GM0375"
"20220074267",2022,"Letsel",1,"Fiets",\N,"Eenzijdig","Kruispunt, 3 takken",30,"Niet brandend","Daglicht","Droog",\N,\N,"Bachdreef","Harderwijk","Harderwijk","Gelderland",false,52.329237,5.608121,"injury","2","clear",false,1,"GM0243"
"20220059917",2022,"Uitsluitend materiele schade",2,"Personenauto","Fiets","Flank","Kruispunt, 4 takken",60,"Niet brandend","Daglicht","Droog",\N,\N,"Hyacinthenlaan","Hillegom","Hillegom","Zuid-Holland",false,52.278051,4.570578,"material damage only","4","clear",false,1,"GM0534"
"20220059999",2022,"Uitsluitend materiele schade",1,"Fiets",\N,"Onbekend",\N,30,\N,"Daglicht",\N,\N,"222310032","Marktstraat","Bodegraven","Bodegraven-Reeuwijk","Zuid-Holland",false,52.085587,4.747583,"material damage only","4","unknown",false,1,"GM1901"
"20220069343",2022,"Letsel",2,"Motor","e-bike","Flank","Kruispunt, 4 takken",50,"Niet brandend","Daglicht","Droog",\N,\N,"Heijskampstraat","Steyl","Venlo","Limburg",false,51.330384,6.124593,"injury","2","clear",false,1,"GM0983"
"20220099377",2022,"Letsel",2,"Bestelauto","Fiets","Flank","Rechte weg",50,"Niet aanwezig","Daglicht","Droog",\N,"600773458","Kernkade","Utrecht","Utrecht","Utrecht",false,52.105763,5.069311,"injury","2","clear",false,1,"GM0344"
"20220099928",2022,"Letsel",2,"Bestelauto","Fiets","Flank","Kruispunt, 4 takken",30,"Niet brandend","Daglicht","Droog",\N,\N,"Berlijnplein","Utrecht","Utrecht","Utrecht",false,52.095923,5.069192,"injury","2","clear",false,1,"GM0344"
"20220102374",2022,"Letsel",2,"Personenauto","Fiets","Flank","Kruispunt, 4 takken",30,"Niet brandend","Daglicht","Droog",\N,\N,"Latherusstraat","Amsterdam","Amsterdam","Noord-Holland",true,52.392686,4.914479,"injury","2","clear",false,1,"GM0363"
"20220106081",2022,"Letsel",2,"Personenauto","Fiets","Flank","Rechte weg",60,"Niet brandend","Daglicht","Droog",\N,"218300013","Notaris d'Aumerielaan","Reeuwijk","Bodegraven-Reeuwijk","Zuid-Holland",false,52.039941,4.721284,"injury","2","clear",false,1,"GM1901"
"20220019000",2022,"Uitsluitend materiele schade",2,"Fiets","e-bike","Frontaal","Rechte weg",30,"Brandend","Duisternis","Droog",\N,"600749259","Voorwillenseweg","Gouda","Gouda","Zuid-Holland",false,52.014992,4.724084,"material damage only","4","clear",false,1,"GM0513"
"20220036977",2022,"Letsel",1,"Fiets",\N,"Eenzijdig","Kruispunt, 3 takken",50,"Niet brandend","Daglicht","Droog",\N,\N,"Parkweg","Voorburg","Leidschendam-Voorburg","Zuid-Holland",false,52.072334,4.36819,"injury","2","clear",false,1,"GM1916"
"20220042290",2022,"Letsel",2,"Personenauto","Fiets","Flank","Kruispunt, 4 takken",60,"Niet brandend","Daglicht","Droog",\N,\N,"Harkereed","Doezum","Westerkwartier","Groningen",false,53.186579,6.26399,"injury","2","clear",false,1,"GM1969"
"20220051798",2022,"Uitsluitend materiele schade",1,"Fiets",\N,"Onbekend","Rechte weg",30,"Niet brandend","Daglicht",\N,\N,\N,"Burg D Kooimanweg","Purmerend","Purmerend","Noord-Holland",false,52.51029,4.957602,"material damage only","4","unknown",false,1,"GM0439"
"20220072943",2022,"Uitsluitend materiele schade",2,"Personenauto","Fiets","Onbekend",\N,\N,\N,"Daglicht",\N,\N,\N,"Den Elterweg","Zutphen","Zutphen","Gelderland",false,52.107491,6.220565,"material damage only","4","unknown",false,1,"GM0301"
"20220102665",2022,"Uitsluitend materiele schade",2,"Personenauto","Fiets","Flank","Rechte weg",50,"Niet brandend","Daglicht","Droog",\N,\N,"Rigakade","Amsterdam","Amsterdam","Noord-Holland",false,52.39647,4.872042,"material damage only","4","clear",false,1,"GM0363"
"20220026739",2022,"Uitsluitend materiele schade",2,"Personenauto","e-bike","Flank","Rotonde",50,"Niet brandend","Daglicht","Droog",\N,\N,"Hofdreef","Zundert","Zundert","Noord-Brabant",false,51.476247,4.669433,"material damage only","4","clear",false,1,"GM0879"
"20220103279",2022,"Uitsluitend materiele schade",2,"Personenauto","Fiets","Flank","Kruispunt, 3 takken",30,"Niet brandend","Schemer","Droog",\N,\N,"Jan Pieter Heijestraat","Amsterdam","Amsterdam","Noord-Holland",false,52.364279,4.863013,"material damage only","4","clear",false,1,"GM0363"
"20220104440",2022,"Letsel",1,"Fiets",\N,"Eenzijdig","Rechte weg",50,"Niet brandend","Daglicht","Droog",\N,"158309069","Beeklaan","'s-Gravenhage","'s-Gravenhage","Zuid-Holland",false,52.075067,4.280347,"injury","2","clear",false,1,"GM0518"
"20220110128",2022,"Uitsluitend materiele schade",2,"Personenauto","Fiets","Flank","Rotonde",50,"Niet brandend","Daglicht","Regen",\N,\N,"Campenhoefdreef","Tilburg","Tilburg","Noord-Brabant",false,51.577817,5.001508,"material damage only","4","rain",false,1,"GM0855"
"20220111194",2022,"Uitsluitend materiele schade",2,"Personenauto","e-bike","Frontaal","Kruispunt, 4 takken",50,"Niet brandend","Daglicht","Droog",\N,\N,"Ploegstraat","Someren","Someren","Noord-Brabant",false,51.350536,5.696047,"material damage only","4","clear",false,1,"GM0847"
"20220046249",2022,"Uitsluitend materiele schade",2,"e-bike","e-bike","Flank","Kruispunt, 3 takken",\N,"Niet brandend","Daglicht","Droog",\N,\N,"Akkerstraat","Gaanderen","Doetinchem","Gelderland",false,51.928184,6.348305,"material damage only","4","clear",false,1,"GM0222"
"20220048861",2022,"Letsel",2,"Fiets","Fiets","Onbekend","Rechte weg",50,"Brandend","Daglicht","Droog",\N,"600946996","Nijkerkerweg","Bunschoten-Spakenburg","Bunschoten","Utrecht",false,52.231807,5.386333,"injury","2","clear",false,1,"GM0313"
"20220050466",2022,"Uitsluitend materiele schade",2,"Personenauto","e-bike","Onbekend","Kruispunt, 4 takken",30,"Niet brandend","Daglicht","Droog",\N,\N,"S. van Houtenweg","Almere","Almere","Flevoland",false,52.377209,5.215709,"material damage only","4","clear",false,1,"GM0034"
"20220056285",2022,"Uitsluitend materiele schade",2,"Bestelauto","Fiets","Flank","Rotonde",50,"Brandend","Duisternis","Droog",\N,\N,"Laan van de Glazen Stad","Naaldwijk","Westland","Zuid-Holland",false,51.991018,4.218247,"material damage only","4","clear",false,1,"GM1783"
"20220060237",2022,"Letsel",2,"Personenauto","Fiets","Flank","Kruispunt, 4 takken",50,"Niet brandend","Duisternis","Sneeuw/Hagel",\N,\N,"Mercurius","Krimpen aan de Lek","Krimpenerwaard","Zuid-Holland",false,51.897764,4.637282,"injury","2","unknown",false,1,"GM1931"