"accident_id","year","severity_raw","party_count","party1_type","party2_type","accident_type","road_situation","speed_limit_kmh","road_lighting","light_condition_label","weather_raw","infra_type","road_segment_id","street_name","place_name","gemeente_name_raw","province","alcohol_indicated","latitude","longitude","severity_label","severity_code","weather_label","built_up_area","cyclists_involved","gemeente_code"
"20220112968",2022,"Uitsluitend materiele schade",2,"Personenauto","Fiets","Flank","Kruispunt, 4 takken",50,"Niet brandend","Daglicht","Droog",\N,\N,"Henri Hermanslaan","Geleen","Sittard-Geleen","Limburg",false,50.973357,5.826819,"material damage only","4","clear",false,1,"GM1883"
"20220113625",2022,"Uitsluitend materiele schade",2,"Personenauto","e-bike","Flank","Kruispunt, 4 takken",50,"Niet brandend","Daglicht","Droog",\N,\N,"Drie Decembersingel","Venlo","Venlo","Limburg",false,51.367619,6.137671,"material damage only","4","clear",false,1,"GM0983"
"20220049066",2022,"Uitsluitend materiele schade",2,"Snorfiets","Fiets","Frontaal","Rechte weg",\N,"Brandend","Duisternis","Droog",\N,"600624827","2e Hogeweg","Zeist","Zeist","Utrecht",false,52.082431,5.24589,"material damage only","4","clear",false,1,"GM0355"
"20220055133",2022,"Uitsluitend materiele schade",2,"Personenauto","e-bike","Flank","Rotonde",50,"Niet brandend","Daglicht","Droog",\N,\N,"KRONENBURG","Amstelveen","Amstelveen","Noord-Holland",false,52.315854,4.87021,"material damage only","4","clear",false,1,"GM0362"
"20230049570",2023,"Letsel",1,"Fiets",\N,"Eenzijdig",\N,30,\N,"Daglicht",\N,\N,"210324065","Sweelinckplein","Alphen aan den Rijn","Alphen aan den Rijn","Zuid-Holland",false,52.145531,4.664252,"injury","2","unknown",false,1,"GM0484"
"20230000308",2023,"Letsel",2,"Fiets","Personenauto","Onbekend","Kruispunt, 4 takken",30,"Niet brandend","Daglicht","Droog",\N,\N,"Senaat","Elst","Overbetuwe","Gelderland",false,51.922557,5.86023,"injury","2","clear",false,1,"GM1734"
"20230008512",2023,"Letsel",2,"Personenauto","Fiets","Flank","Rotonde",30,"Brandend","Duisternis","Droog",\N,\N,"Kruisweide","Breda","Breda","Noord-Brabant",false,51.580468,4.729546,"injury","2","clear",false,1,"GM0758"
"20230029326",2023,"Letsel",2,"Fiets",\N,"Eenzijdig",\N,\N,\N,"Daglicht",\N,\N,"174303052","Magnoliadreef","Nootdorp","Pijnacker-Nootdorp","Zuid-Holland",false,52.049947,4.397233,"injury","2","unknown",false,1,"GM1926"
"20230044729",2023,"Letsel",1,"Fiets",\N,"Eenzijdig",\N,60,\N,"Daglicht",\N,\N,\N,"de Tuut","Appeltern","West Maas en Waal","Gelderland",false,51.831082,5.592638,"injury","2","unknown",false,1,"GM0668"
"20230002205",2023,"Uitsluitend materiele schade",2,"Bromfiets","Fiets","Flank","Kruispunt, 4 takken",50,"Niet brandend","Daglicht","Droog",\N,\N,"Melis Stokelaan","Harderwijk","Harderwijk","Gelderland",false,52.341141,5.638876,"material damage only","4","clear",false,1,"GM0243"
"20230029495",2023,"Letsel",1,"Fiets",\N,"Eenzijdig",\N,30,\N,"Daglicht",\N,\N,"163257116","Galileilaan","Spijkenisse","Nissewaard","Zuid-Holland",false,51.84014,4.322883,"injury","2","unknown",false,1,"GM1930"
"20230034764",2023,"Dodelijk",2,"Personenauto","Fiets","Onbekend","Kruispunt, 3 takken",60,"Niet aanwezig","Daglicht","Droog",\N,\N,"Leeuwte","Ruinen","De Wolden","Drenthe",true,52.769986,6.416322,"fatal","1","clear",false,1,"GM1690"
"20230058651",2023,"Letsel",1,"Fiets",\N,"Eenzijdig",\N,\N,\N,"Daglicht",\N,\N,"182306011","Buytenparklaan","Zoetermeer","Zoetermeer","Zuid-Holland",false,52.064819,4.459816,"injury","2","unknown",false,1,"GM0637"
"20230000439",2023,"Letsel",2,"Fiets","Fiets","Onbekend","Rechte weg",50,"Niet brandend","Daglicht","Droog",\N,"600985055","Johannes van Vlotenlaan","Deventer","Deventer","Overijssel",false,52.265852,6.139708,"injury","2","clear",false,1,"GM0150"
"20230011707",2023,"Uitsluitend materiele schade",2,"Snorfiets","Fiets","Frontaal","Rechte weg",30,"Niet aanwezig","Daglicht","Droog",\N,"391339048","Molenstraat","Apeldoorn","Apeldoorn","Gelderland",false,52.213278,5.983434,"material damage only","4","clear",false,1,"GM0200"
"20230038733",2023,"Uitsluitend materiele schade",2,"Personenauto","Fiets","Onbekend",\N,30,\N,"Duisternis",\N,\N,"161309179","Laan","'s-Gravenhage","'s-Gravenhage","Zuid-Holland",false,52.075872,4.307719,"material damage only","4","unknown",false,1,"GM0518"
"20230000492",2023,"Letsel",2,"Personenauto","Fiets","Flank","Rechte weg",60,\N,"Daglicht","Regen",\N,"388409025","Quarles van Uffordweg","Wilsum","Kampen","Overijssel",false,52.528865,5.96808,"injury","2","rain",false,1,"GM0166"
"20230002350",2023,"Uitsluitend materiele schade",2,"Personenauto","Fiets","Flank","Rotonde",50,"Niet brandend","Daglicht","Droog",\N,\N,"Vondellaan","Harderwijk","Harderwijk","Gelderland",false,52.343015,5.629941,"material damage only","4","clear",false,1,"GM0243"
"20230012529",2023,"Letsel",2,"Personenauto","Fiets","Flank","Rechte weg",50,"Niet brandend","Daglicht","Droog",\N,"600857252","Dortmundstraat","Deventer","Deventer","Overijssel",false,52.243802,6.190205,"injury","2","clear",false,1,"GM0150"
"20230001544",2023,"Letsel",2,"Fiets",\N,"Eenzijdig","Kruispunt, 4 takken",30,"Niet brandend","Daglicht","Droog",\N,\N,"De Berchein","Bolsward","Súdwest-Fryslân","Friesland",false,53.064578,5.53702,"injury","2","clear",false,1,"GM1900"
"20230089970",2023,"Letsel",1,"Fiets",\N,"Eenzijdig",\N,\N,\N,"Daglicht",\N,\N,"601029967","Noordweg","Pijnacker","Pijnacker-Nootdorp","Zuid-Holland",false,52.025205,4.423137,"injury","2","unknown",false,1,"GM1926"
"20230001242",2023,"Letsel",2,"Personenauto","Fiets","Flank","Kruispunt, 4 takken",80,"Niet aanwezig","Daglicht","Droog",\N,\N,"Steege","Raalte","Raalte","Overijssel",false,52.396069,6.302517,"injury","2","clear",false,1,"GM0177"
"20230065110",2023,"Dodelijk",2,"Personenauto","Fiets","Flank","Rechte weg",80,"Niet aanwezig","Daglicht","Droog",\N,\N,"Nijverdalsestraat","Wierden","Wierden","Overijssel",false,52.361233,6.525237,"fatal","1","clear",false,1,"GM0189"
"20230068731",2023,"Uitsluitend materiele schade",3,"Bestelauto","Fiets","Onbekend",\N,50,\N,"Daglicht",\N,\N,"212341063","Dorpsstraat","Leimuiden","Kaag en Braassem","Zuid-Holland",false,52.220976,4.671682,"material damage only","4","unknown",false,1,"GM1884"
"20230072754",2023,"Letsel",1,"Fiets",\N,"Eenzijdig",\N,30,\N,"Daglicht",\N,\N,"391529010","Domela Nieuwenhuisweg","Nij Beets","Opsterland","Friesland",false,53.068833,5.996616,"injury","2","unknown",false,1,"GM0086"
"20230004068",2023,"Letsel",2,"Motor","Fiets","Flank","Kruispunt, 4 takken",50,"Niet aanwezig","Daglicht","Regen",\N,\N,"Willem de Zwijgerlaan","Amsterdam","Amsterdam","Noord-Holland",false,52.370753,4.863306,"injury","2","rain",false,1,"GM0363"
"20230005603",2023,"Uitsluitend materiele schade",2,"Bromfiets","Fiets","Los voorwerp","Rechte weg",50,"Niet brandend","Daglicht","Regen",\N,"168294259","Westvest","Delft","Delft","Zuid-Holland",false,52.00959,4.355554,"material damage only","4","rain",false,1,"GM0503"
"20230006115",2023,"Letsel",2,"Fiets","Fiets","Flank","Kruispunt, 4 takken",30,"Niet brandend","Daglicht","Droog",\N,\N,"Weesperzijde","Amsterdam","Amsterdam","Noord-Holland",false,52.355587,4.907478,"injury","2","clear",false,1,"GM0363"
"20230085831",2023,"Letsel",1,"Fiets",\N,"Eenzijdig",\N,30,\N,"Daglicht",\N,\N,"390334044","Eemstraat","Apeldoorn","Apeldoorn","Gelderland",false,52.19032,5.977535,"injury","2","unknown",false,1,"GM0200"
"20230007211",2023,"Letsel",3,"Snorfiets","Fiets","Onbekend","Rechte weg",50,"Niet brandend","Daglicht","Droog",\N,"600395840","Kalvermarkt","'s-Gravenhage","'s-Gravenhage","Zuid-Holland",false,52.078519,4.317598,"injury","2","clear",false,1,"GM0518"
"20230007758",2023,"Letsel",1,"Fiets",\N,"Eenzijdig","Rechte weg",60,"Niet brandend","Daglicht","Droog",\N,"345217023","Patersweg","Uden","Maashorst","Noord-Brabant",false,51.666135,5.653156,"injury","2","clear",false,1,"GM1991"
"20230083999",2023,"Dodelijk",2,"e-bike","Voetganger","Voetganger","Rechte weg",50,"Brandend","Duisternis","Regen",\N,"467565021","Nieuwe Ebbingestraat","Groningen","Groningen","Groningen",false,53.22318,6.56404,"fatal","1","rain",false,1,"GM0014"
"20230006027",2023,"Letsel",2,"Fiets","Personenauto","Flank","Kruispunt, 4 takken",30,"Brandend","Duisternis","Droog",\N,\N,"Abraham Bloemaertstraat","'s-Gravenhage","'s-Gravenhage","Zuid-Holland",false,52.06933,4.307524,"injury","2","clear",false,1,"GM0518"
"20230010716",2023,"Uitsluitend materiele schade",2,"Personenauto","e-bike","Flank","Kruispunt, 4 takken",80,"Niet brandend","Daglicht","Droog",\N,\N,"Botniaweg","Marrum","Noardeast-Fryslân","Friesland",false,53.322402,5.796621,"material damage only","4","clear",false,1,"GM1970"
"20230015842",2023,"Letsel",1,"Fiets",\N,"Eenzijdig",\N,30,\N,"Daglicht",\N,\N,"289312026","Constantijn Huygenslaan","Zeist","Zeist","Utrecht",false,52.092492,5.235058,"injury","2","unknown",false,1,"GM0355"
"20230048635",2023,"Letsel",1,"Fiets",\N,"Eenzijdig",\N,50,\N,"Duisternis",\N,\N,"600726045","van Panhuysstraat","Noordwijk","Noordwijk","Zuid-Holland",false,52.242832,4.44412,"injury","2","unknown",false,1,"GM0575"
"20230006874",2023,"Letsel",1,"Fiets",\N,"Eenzijdig","Rechte weg",50,"Niet brandend","Daglicht",\N,\N,\N,"Spijksedijk","Gorinchem","Gorinchem","Zuid-Holland",false,51.834869,4.981412,"injury","2","unknown",false,1,"GM0512"
"20230011582",2023,"Letsel",2,"Personenauto","Fiets","Flank","Kruispunt, 3 takken",50,"Brandend","Daglicht","Droog",\N,\N,"Elferinksweg","Enschede","Enschede","Overijssel",false,52.214133,6.865584,"injury","2","clear",false,1,"GM0153"
"20230006608",2023,"Letsel",1,"Fiets",\N,"Eenzijdig","Bocht",50,"Niet brandend","Daglicht","Droog",\N,\N,"Landscheiding","Rotterdam","Rotterdam","Zuid-Holland",false,51.966105,4.45641,"injury","2","clear",false,1,"GM0599"
"20230006612",2023,"Letsel",2,"Personenauto","Fiets","Flank","Kruispunt, 4 takken",50,"Niet brandend","Daglicht","Droog",\N,\N,"Westzeedijk","Rotterdam","Rotterdam","Zuid-Holland",false,51.905658,4.460584,"injury","2","clear",false,1,"GM0599"
"20230012602",2023,"Uitsluitend materiele schade",3,"Personenauto","Fiets","Onbekend","Kruispunt, 3 takken",50,"Niet brandend","Daglicht","Droog",\N,\N,"Thomas a Kempislaan","Arnhem","Arnhem","Gelderland",false,51.993651,5.927238,"material damage only","4","clear",false,1,"GM0202"
"20230012674",2023,"Uitsluitend materiele schade",2,"Personenauto","Fiets","Flank","Kruispunt, 4 takken",30,"Niet brandend","Daglicht","Droog",\N,\N,"Bergweg","Terborg","Oude IJsselstreek","Gelderland",false,51.919409,6.366137,"material damage only","4","clear",false,1,"GM1509"
"20230012114",2023,"Uitsluitend materiele schade",2,"Bestelauto","e-bike","Flank","Rotonde",50,"Niet brandend","Daglicht","Regen",\N,\N,"Broekheurne-ring","Enschede","Enschede","Overijssel",false,52.191874,6.866422,"material damage only","4","rain",false,1,"GM0153"
"20230004205",2023,"Letsel",2,"Personenauto","Fiets","Onbekend","Kruispunt, 4 takken",50,"Niet brandend","Daglicht","Droog",\N,\N,"Elandsgracht","Amsterdam","Amsterdam","Noord-Holland",false,52.368816,4.878134,"injury","2","clear",false,1,"GM0363"
"20240011644",2024,"Uitsluitend materiele schade",2,"Fiets","Personenauto","Frontaal","Kruispunt, 3 takken",30,"Niet aanwezig","Daglicht","Droog",\N,\N,"Zuigerplasdreef","Lelystad","Lelystad","Flevoland",false,52.507711,5.479025,"material damage only","4","clear",false,1,"GM0995"
"20240009001",2024,"Letsel",1,"Fiets",\N,"Onbekend","Rechte weg",30,"Brandend","Duisternis","Regen",\N,"383415012","Spoordwarsstraat","IJsselmuiden","Kampen","Overijssel",false,52.555027,5.931361,"injury","2","rain",false,1,"GM0166"
"20230037211",2023,"Uitsluitend materiele schade",2,"Personenauto","Fiets","Flank","Kruispunt, 3 takken",30,"Niet brandend","Daglicht","Droog","Brug/viaduct",\N,"Dorp","Polsbroek","Lopik","Utrecht",false,51.978035,4.853452,"material damage only","4","clear",false,1,"GM0331"
"20240036120",2024,"Letsel",2,"Personenauto","Fiets","Onbekend","Kruispunt, 4 takken",30,"Niet brandend","Daglicht","Droog",\N,\N,"Stationsplein","Leeuwarden","Leeuwarden","Friesland",false,53.196873,5.793383,"injury","2","clear",false,1,"GM0080"
"20240036135",2024,"Letsel",2,"Personenauto","Fiets","Flank","Rechte weg",50,"Niet brandend","Daglicht","Droog","Parkeervoorziening","601120774","van Beresteijnstraat","Veendam","Veendam","Groningen",false,53.106896,6.878866,"injury","2","clear",false,1,"GM0047"
"20240036163",2024,"Letsel",1,"Fiets",\N,"Onbekend","Rechte weg",30,"Niet brandend","Daglicht","Droog",\N,"600492264","Ulftseweg","Silvolde","Oude IJsselstreek","Gelderland",false,51.90119,6.389489,"injury","2","clear",false,1,"GM1509"
"20240037477",2024,"Letsel",2,"Snorfiets","Fiets","Flank","Rechte weg",30,"Niet brandend","Daglicht","Droog",\N,"600610890","Venuslaan","Groningen","Groningen","Groningen",false,53.231634,6.541002,"injury","2","clear",false,1,"GM0014"
"20240009026",2024,"Uitsluitend materiele schade",2,"Personenauto","Fiets","Flank","Rechte weg",30,"Brandend","Duisternis","Regen",\N,"349286005","Nobelweg","Wageningen","Wageningen","Gelderland",false,51.97505,5.676025,"material damage only","4","rain",false,1,"GM0289"
"20240021070",2024,"Letsel",2,"Personenauto","Fiets","Eenzijdig","Rechte weg",30,"Niet brandend","Daglicht","Droog",\N,\N,"Stastokstraat","'s-Gravenhage","'s-Gravenhage","Zuid-Holland",false,52.055907,4.312357,"injury","2","clear",false,1,"GM0518"
"20240017595",2024,"Letsel",2,"Vrachtauto","Fiets","Kop/staart","Rechte weg",30,"Niet brandend","Daglicht",\N,\N,"405403141","Rigastraat","Zwolle","Zwolle","Overijssel",false,52.502055,6.091353,"injury","2","unknown",false,1,"GM0193"
"20240018755",2024,"Uitsluitend materiele schade",1,"Fiets",\N,"Onbekend","Kruispunt, 4 takken",50,"Niet brandend","Daglicht","Droog",\N,\N,"Hilvertsweg","Hilversum","Hilversum","Noord-Holland",false,52.215547,5.167764,"material damage only","4","clear",false,1,"GM0402"
"20240020380",2024,"Uitsluitend materiele schade",2,"Personenauto","Fiets","Flank","Kruispunt, 3 takken",30,"Niet brandend","Daglicht","Droog",\N,\N,"Huygensstraat","Zoetermeer","Zoetermeer","Zuid-Holland",false,52.051004,4.536488,"material damage only","4","clear",false,1,"GM0637"
"20240020878",2024,"Uitsluitend materiele schade",2,"Bestelauto","Fiets","Onbekend","Kruispunt, 4 takken",30,"Brandend","Daglicht","Droog",\N,\N,"Wethouder Tabakstraat","Amsterdam","Amsterdam","Noord-Holland",false,52.291631,4.99006,"material damage only","4","clear",false,1,"GM0363"
"20240039620",2024,"Letsel",1,"Fiets",\N,"Onbekend","Rechte weg",\N,"Niet brandend","Daglicht","Droog",\N,"190304025","Zegwaartseweg","Zoetermeer","Zoetermeer","Zuid-Holland",false,52.057534,4.515593,"injury","2","clear",false,1,"GM0637"
"20240035636",2024,"Uitsluitend materiele schade",2,"Personenauto","Fiets","Flank","Kruispunt, 4 takken",30,"Niet brandend","Daglicht","Droog",\N,\N,"Brinkstraat","Enschede","Enschede","Overijssel",false,52.209253,6.910328,"material damage only","4","clear",false,1,"GM0153"
"20240035125",2024,"Uitsluitend materiele schade",2,"Bestelauto","Fiets","Los voorwerp","Rotonde",50,"Niet brandend","Daglicht","Droog",\N,\N,"Molenstraat","Deurne","Deurne","Noord-Brabant",false,51.462539,5.798566,"material damage only","4","clear",false,1,"GM0762"
"20240022260",2024,"Uitsluitend materiele schade",2,"Personenauto","Fiets","Flank","Rotonde",50,"Niet brandend","Daglicht","Regen",\N,\N,"Ln der Verenigde Naties","Middelburg","Middelburg","Zeeland",false,51.503939,3.596117,"material damage only","4","rain",false,1,\N
"20240029406",2024,"Uitsluitend materiele schade",2,"Bromfiets","Fiets","Onbekend","Kruispunt, 4 takken",50,"Niet brandend","Daglicht","Droog",\N,\N,"St. Annastraat","Nijmegen","Nijmegen","Gelderland",false,51.832295,5.858575,"material damage only","4","clear",false,1,"GM0268"
"20240037629",2024,"Uitsluitend materiele schade",2,"Personenauto","Fiets","Flank","Kruispunt, 4 takken",50,"Niet brandend","Daglicht","Droog",\N,\N,"Stationsstraat","Zaandam","Zaanstad","Noord-Holland",false,52.441759,4.822274,"material damage only","4","clear",false,1,"GM0479"
"20240039163",2024,"Letsel",2,"Personenauto","Fiets","Flank","Rechte weg",30,"Niet brandend","Daglicht","Droog",\N,"280317007","C. de Haasweg","Bilthoven","De Bilt","Utrecht",false,52.118152,5.175431,"injury","2","clear",false,1,"GM0310"
"20240038742",2024,"Letsel",2,"Fiets",\N,"Flank","Kruispunt, 4 takken",30,"Niet brandend","Daglicht","Droog",\N,\N,"Catharijnesingel","Utrecht","Utrecht","Utrecht",false,52.089268,5.114738,"injury","2","clear",false,1,"GM0344"
"20240004526",2024,"Letsel",2,"Personenauto","Fiets","Flank","Kruispunt, 3 takken",30,"Niet brandend","Daglicht","Droog",\N,\N,"Gooiland","Assen","Assen","Drenthe",false,52.98052,6.539091,"injury","2","clear",false,1,"GM0106"
"20240020433",2024,"Letsel",2,"Fiets","Personenauto","Flank","Kruispunt, 4 takken",30,"Niet brandend","Daglicht","Droog",\N,\N,"Van Baerlestraat","Amsterdam","Amsterdam","Noord-Holland",false,52.358112,4.878693,"injury","2","clear",false,1,"GM0363"
"20240024614",2024,"Uitsluitend materiele schade",2,"Personenauto","Fiets","Flank",\N,50,"Niet brandend","Daglicht","Regen",\N,\N,"Professor Kernkampstraat","Tilburg","Tilburg","Noord-Brabant",false,51.574648,5.086998,"material damage only","4","rain",false,1,"GM0855"
"20240020962",2024,"Letsel",1,"Fiets",\N,"Eenzijdig","Rechte weg",30,"Niet brandend","Daglicht","Droog",\N,\N,"Phoenixstraat","Delft","Delft","Zuid-Holland",false,52.010212,4.354717,"injury","2","clear",false,1,"GM0503"
"20240025847",2024,"Uitsluitend materiele schade",2,"Personenauto","Fiets","Flank","Rechte weg",50,"Niet brandend","Daglicht","Droog",\N,"466565078","Boterdiep","Groningen","Groningen","Groningen",false,53.225559,6.562345,"material damage only","4","clear",false,1,"GM0014"
"20240026924",2024,"Uitsluitend materiele schade",2,"Bestelauto","Fiets","Flank","Rotonde",50,"Niet brandend","Daglicht","Droog",\N,\N,"Beltmolen","Nunspeet","Nunspeet","Gelderland",false,52.385712,5.790018,"material damage only","4","clear",false,1,"GM0302"
"20240028224",2024,"Letsel",2,"Personenauto","Fiets","Flank","Rechte weg",30,"Niet brandend","Daglicht","Droog",\N,"207359025","Van Marsbergenstraat","Hoofddorp","Haarlemmermeer","Noord-Holland",false,52.303555,4.633726,"injury","2","clear",false,1,"GM0394"
"20240032525",2024,"Letsel",2,"Fiets","Fiets","Flank","Rechte weg",30,"Niet brandend","Daglicht","Droog",\N,"169306027","Westvlietweg","'s-Gravenhage","'s-Gravenhage","Zuid-Holland",false,52.064278,4.363077,"injury","2","clear",false,1,"GM0518"
"20240034929",2024,"Letsel",2,"Personenauto","Fiets","Onbekend",\N,30,\N,"Daglicht",\N,\N,\N,"Poelendaeleweg","Middelburg","Middelburg","Zeeland",false,51.493268,3.604873,"injury","2","unknown",false,1,\N
"20240032863",2024,"Letsel",1,"Fiets",\N,"Onbekend","Kruispunt, 4 takken",50,"Niet brandend","Daglicht","Regen",\N,\N,"Oude Haagweg","'s-Gravenhage","'s-Gravenhage","Zuid-Holland",false,52.05557,4.24189,"injury","2","rain",false,1,"GM0518"
"20240043008",2024,"Uitsluitend materiele schade",2,"Fiets","Fiets","Onbekend","Kruispunt, 3 takken",30,"Niet brandend","Daglicht","Regen",\N,\N,"Statenlaan","'s-Gravenhage","'s-Gravenhage","Zuid-Holland",false,52.096868,4.270752,"material damage only","4","rain",false,1,"GM0518"
"20240043010",2024,"Letsel",1,"Fiets",\N,"Eenzijdig","Rechte weg",50,"Niet brandend","Daglicht","Droog",\N,"600534637","Madame Curiesingel","Zoetermeer","Zoetermeer","Zuid-Holland",false,52.044558,4.480905,"injury","2","clear",false,1,"GM0637"
"20240043136",2024,"Letsel",2,"Fiets","Overig vast object","Vast voorwerp","Rechte weg",50,"Niet brandend","Daglicht","Droog",\N,"600999313","Skipad","Zoetermeer","Zoetermeer","Zuid-Holland",false,52.069873,4.454554,"injury","2","clear",false,1,"GM0637"
"20220152721",2022,"Uitsluitend materiele schade",2,"Bromfiets","Fiets","Onbekend","Rechte weg",60,"Niet aanwezig","Daglicht","Droog",\N,"392409001","Veecaterdijk","'s-Heerenbroek","Kampen","Overijssel",false,52.531959,5.998318,"material damage only","4","clear",false,1,"GM0166"
"20220161007",2022,"Letsel",2,"Fiets","Fiets","Kop/staart","Rechte weg",60,"Niet aanwezig","Daglicht","Droog",\N,"470528002","Taarloseweg","Ubbena","Assen","Drenthe",false,53.053156,6.589829,"injury","2","clear",false,1,"GM0106"
"20220180137",2022,"Uitsluitend materiele schade",2,"Personenauto","Fiets","Flank","Rechte weg",50,"Niet brandend","Daglicht","Droog",\N,"600428732","Graaf Florisweg","Gouda","Gouda","Zuid-Holland",false,52.018238,4.714643,"material damage only","4","clear",false,1,"GM0513"
"20220184693",2022,"Uitsluitend materiele schade",2,"Personenauto","Fiets","Flank","Kruispunt, 3 takken",50,"Niet brandend","Daglicht","Droog",\N,\N,"Beukelsdijk","Rotterdam","Rotterdam","Zuid-Holland",false,51.921774,4.459935,"material damage only","4","clear",false,1,"GM0599"
"20220121783",2022,"Letsel",2,"Personenauto","Fiets","Frontaal","Rechte weg",60,"Niet brandend","Daglicht","Regen",\N,"254439023","Baarsdorpermeer","Zuidermeer","Koggenland","Noord-Holland",false,52.667367,4.98981,"injury","2","rain",false,1,"GM1598"
"20220126656",2022,"Uitsluitend materiele schade",2,"Personenauto","Fiets","Flank","Kruispunt, 4 takken",50,"Brandend","Duisternis","Droog",\N,\N,"Alexanderstraat","'s-Gravenhage","'s-Gravenhage","Zuid-Holland",false,52.084524,4.306573,"material damage only","4","clear",false,1,"GM0518"
"20220143296",2022,"Letsel",2,"Fiets","Fiets","Flank","Kruispunt, 4 takken",30,"Niet brandend","Daglicht","Droog",\N,\N,"Jacob Gillesstraat","'s-Gravenhage","'s-Gravenhage","Zuid-Holland",false,52.086675,4.275471,"injury","2","clear",false,1,"GM0518"
"20220157092",2022,"Uitsluitend materiele schade",1,"Fiets",\N,"Onbekend","Rechte weg",80,"Brandend","Duisternis","Droog",\N,\N,"Oranje Nassausingel","Alphen aan den Rijn","Alphen aan den Rijn","Zuid-Holland",false,52.129601,4.672372,"material damage only","4","clear",false,1,"GM0484"
"20220177733",2022,"Uitsluitend materiele schade",2,"Personenauto","Fiets","Flank","Kruispunt, 3 takken",\N,"Brandend","Duisternis","Droog",\N,\N,"Damrak","Amsterdam","Amsterdam","Noord-Holland",false,52.375749,4.896583,"material damage only","4","clear",false,1,"GM0363"
"20220179041",2022,"Letsel",1,"Fiets",\N,"Eenzijdig","Rechte weg",60,"Brandend","Duisternis","Droog",\N,"217313002","J.C. Hoogendoornlaan","Bodegraven","Bodegraven-Reeuwijk","Zuid-Holland",false,52.088249,4.720233,"injury","2","clear",false,1,"GM1901"
"20220119170",2022,"Uitsluitend materiele schade",1,"Fiets",\N,"Eenzijdig","Rechte weg",50,"Niet brandend","Daglicht","Droog",\N,"600855232","Kallenkote","Kallenkote","Steenwijkerland","Overijssel",false,52.791151,6.16346,"material damage only","4","clear",false,1,"GM1708"
"20220135963",2022,"Uitsluitend materiele schade",2,"Bromfiets","Fiets","Onbekend","Bocht",80,"Niet brandend","Daglicht","Droog",\N,"600508332","Zenderseweg","Albergen","Tubbergen","Overijssel",false,52.354021,6.759617,"material damage only","4","clear",false,1,"GM0183"
"20220138880",2022,"Uitsluitend materiele schade",2,"Bestelauto","Fiets","Onbekend","Rotonde",50,"Niet brandend","Daglicht","Droog",\N,\N,"Ransuil","Urk","Urk","Flevoland",false,52.658233,5.631619,"material damage only","4","clear",false,1,"GM0184"
"20220142008",2022,"Uitsluitend materiele schade",2,"Personenauto","Fiets","Kop/staart","Rechte weg",50,"Niet brandend","Daglicht","Droog",\N,"243373058","Kloveniersburgwal","Amsterdam","Amsterdam","Noord-Holland",false,52.369086,4.89724,"material damage only","4","clear",false,1,"GM0363"
"20220154842",2022,"Uitsluitend materiele schade",2,"Fiets","Boom","Vast voorwerp","Rechte weg",60,"Niet brandend","Daglicht","Droog",\N,"600672164","Veilingweg","Bovenkarspel","Stede Broec","Noord-Holland",false,52.707755,5.249656,"material damage only","4","clear",false,1,"GM0532"
"20220177160",2022,"Uitsluitend materiele schade",2,"Personenauto","Fiets","Flank","Kruispunt, 3 takken",30,"Niet brandend","Daglicht","Droog",\N,\N,"Grote Wittenburgerstraat","Amsterdam","Amsterdam","Noord-Holland",false,52.369916,4.918761,"material damage only","4","clear",false,1,"GM0363"
"20220122006",2022,"Uitsluitend materiele schade",2,"Personenauto","Fiets","Onbekend","Rotonde",50,"Niet brandend","Daglicht","Droog",\N,\N,"Eykmanlaan","Heemstede","Heemstede","Noord-Holland",false,52.352885,4.606602,"material damage only","4","clear",false,1,"GM0397"
"20220123315",2022,"Uitsluitend materiele schade",2,"Personenauto","Fiets","Flank","Kruispunt, 4 takken",50,"Niet brandend","Daglicht","Droog",\N,\N,"1e Hugo de Grootstraat","Amsterdam","Amsterdam","Noord-Holland",false,52.375891,4.874902,"material damage only","4","clear",false,1,"GM0363"
"20220125891",2022,"Letsel",2,"Personenauto","Fiets","Geparkeerd voertuig","Rechte weg",30,"Niet brandend","Daglicht","Droog",\N,"142297174","'s-Gravenzandseweg","Monster","Westland","Zuid-Holland",false,52.02112,4.165692,"injury","2","clear",false,1,"GM1783"
"20220169702",2022,"Letsel",3,"Personenauto","Fiets","Frontaal","Kruispunt, 4 takken",50,"Niet brandend","Daglicht","Droog",\N,\N,"Hatertseweg","Nijmegen","Nijmegen","Gelderland",false,51.823281,5.851082,"injury","2","clear",false,1,"GM0268"
"20220179134",2022,"Uitsluitend materiele schade",2,"Brommobiel","Fiets","Flank","Kruispunt, 3 takken",50,"Niet brandend","Daglicht","Droog",\N,\N,"Westvlietweg","'s-Gravenhage","'s-Gravenhage","Zuid-Holland",false,52.057133,4.349481,"material damage only","4","clear",false,1,"GM0518"
"20220179173",2022,"Letsel",1,"Fiets",\N,"Eenzijdig","Rechte weg",30,"Niet brandend","Daglicht","Regen",\N,"209303076","Nassaulaan","Waddinxveen","Waddinxveen","Zuid-Holland",false,52.052303,4.655483,"injury","2","rain",false,1,"GM0627"
"20220179722",2022,"Letsel",2,"Personenauto","Fiets","Frontaal","Rechte weg",50,"Niet brandend","Daglicht","Droog",\N,"158308075","Beeklaan","'s-Gravenhage","'s-Gravenhage","Zuid-Holland",false,52.072708,4.282421,"injury","2","clear",false,1,"GM0518"
"20220120758",2022,"Uitsluitend materiele schade",2,"Fiets",\N,"Frontaal","Kruispunt, 4 takken",\N,"Niet brandend","Daglicht","Droog",\N,\N,"OPENBAAR VERVOERBAAN","Almere","Almere","Flevoland",false,52.34471,5.227424,"material damage only","4","clear",false,1,"GM0034"