"accident_id","year","severity_raw","party_count","party1_type","party2_type","accident_type","road_situation","speed_limit_kmh","road_lighting","light_condition_label","weather_raw","infra_type","road_segment_id","street_name","place_name","gemeente_name_raw","province","alcohol_indicated","latitude","longitude","severity_label","severity_code","weather_label","built_up_area","cyclists_involved","gemeente_code"
"20220136096",2022,"Uitsluitend materiele schade",2,"Bestelauto","Fiets","Flank","Rechte weg",30,"Niet brandend","Daglicht","Droog",\N,"434284027","Burg Tenkinkstraat","Doetinchem","Doetinchem","Gelderland",false,51.96403,6.293928,"material damage only","4","clear",false,1,"GM0222"
"20220140681",2022,"Letsel",2,"Personenauto","Fiets","Flank","Rotonde",50,"Niet brandend","Daglicht","Droog",\N,\N,"Drechterwaard","Alkmaar","Alkmaar","Noord-Holland",false,52.644345,4.761794,"injury","2","clear",false,1,"GM0361"
"20220153758",2022,"Uitsluitend materiele schade",2,"Personenauto","Fiets","Kop/staart","Kruispunt, 4 takken",50,"Niet brandend","Daglicht","Droog",\N,\N,"Groen van Prinsterersngl","Bunschoten-Spakenburg","Bunschoten","Utrecht",false,52.253784,5.373752,"material damage only","4","clear",false,1,"GM0313"
"20220153760",2022,"Uitsluitend materiele schade",2,"Personenauto","Fiets","Flank","Rotonde",50,"Niet brandend","Daglicht","Droog",\N,\N,"Westsingel","Bunschoten-Spakenburg","Bunschoten","Utrecht",false,52.246621,5.368446,"material damage only","4","clear",false,1,"GM0313"
"20220160236",2022,"Letsel",1,"Fiets",\N,"Eenzijdig",\N,70,\N,"Daglicht",\N,\N,\N,"Onze Lieve Vrouwestraat","Eindhoven","Eindhoven","Noord-Brabant",false,51.452631,5.484921,"injury","2","unknown",false,1,"GM0772"
"20220161478",2022,"Letsel",2,"Bromfiets","Fiets","Frontaal","Bocht",30,"Niet brandend","Daglicht","Droog",\N,"600973619","Julianaweg","Groningen","Groningen","Groningen",false,53.199965,6.564233,"injury","2","clear",false,1,"GM0014"
"20220167298",2022,"Letsel",2,"Personenauto","e-bike","Flank","Kruispunt, 4 takken",50,"Niet brandend","Daglicht","Droog",\N,\N,"Reviusstraat","Hengelo","Hengelo (O)","Overijssel",false,52.259268,6.814927,"injury","2","clear",false,1,\N
"20220179266",2022,"Uitsluitend materiele schade",2,"Personenauto","Fiets","Frontaal","Kruispunt, 3 takken",50,"Brandend","Duisternis",\N,\N,\N,"Bovenlangs","Zoetermeer","Zoetermeer","Zuid-Holland",false,52.060363,4.489244,"material damage only","4","unknown",false,1,"GM0637"
"20220187255",2022,"Letsel",2,"Bestelauto","Fiets","Flank","Kruispunt, 4 takken",30,"Niet brandend","Daglicht","Droog",\N,\N,"Anna van Bourgondiëstr","Sint-Annaland","Tholen","Zeeland",false,51.598201,4.099083,"injury","2","clear",false,1,"GM0716"
"20220126046",2022,"Uitsluitend materiele schade",2,"Fiets","Fiets","Flank","Kruispunt, 4 takken",\N,"Niet brandend","Daglicht","Droog",\N,\N,"Scheveningseweg","'s-Gravenhage","'s-Gravenhage","Zuid-Holland",false,52.088086,4.295782,"material damage only","4","clear",false,1,"GM0518"
"20220142246",2022,"Uitsluitend materiele schade",4,"e-bike","e-bike","Onbekend","Rechte weg",\N,\N,"Daglicht","Droog",\N,"239371014","Vondelpark","Amsterdam","Amsterdam","Noord-Holland",false,52.35688,4.869023,"material damage only","4","clear",false,1,"GM0363"
"20220142275",2022,"Letsel",3,"Snorfiets","Fiets","Onbekend","Kruispunt, 4 takken",\N,"Niet brandend","Daglicht","Droog",\N,\N,"Nieuwe Weteringstraat","Amsterdam","Amsterdam","Noord-Holland",false,52.360589,4.890895,"injury","2","clear",false,1,"GM0363"
"20220155037",2022,"Uitsluitend materiele schade",2,"Personenauto","Fiets","Kop/staart","Rechte weg",30,"Niet brandend","Daglicht","Droog",\N,\N,"Zaagmolenstraat","Alkmaar","Alkmaar","Noord-Holland",false,52.634763,4.756221,"material damage only","4","clear",false,1,"GM0361"
"20220156387",2022,"Letsel",2,"Fiets","Snorfiets","Kop/staart","Rechte weg",50,"Niet brandend","Daglicht","Droog",\N,"187317011","Dr. Kortmannstraat","Zoeterwoude","Zoeterwoude","Zuid-Holland",false,52.112514,4.495482,"injury","2","clear",false,1,"GM0638"
"20220157384",2022,"Letsel",3,\N,"Fiets","Eenzijdig","Rechte weg",30,"Niet brandend","Daglicht","Droog",\N,"600418064","Mauritsplaats","Rotterdam","Rotterdam","Zuid-Holland",false,51.919858,4.472516,"injury","2","clear",false,1,"GM0599"
"20220160269",2022,"Uitsluitend materiele schade",2,"Motor","Fiets","Flank","Kruispunt, 3 takken",50,"Niet brandend","Daglicht","Droog",\N,\N,"Hoogstraat","Eindhoven","Eindhoven","Noord-Brabant",false,51.422799,5.459024,"material damage only","4","clear",false,1,"GM0772"
"20220161546",2022,"Uitsluitend materiele schade",2,"Fiets","Personenauto","Flank","Rechte weg",80,"Niet brandend","Daglicht","Droog",\N,"517455007","Ericasestraat","Erica","Emmen","Drenthe",false,52.729186,6.922502,"material damage only","4","clear",false,1,"GM0114"
"20220168786",2022,"Uitsluitend materiele schade",2,"Fiets","Fiets","Onbekend","Rechte weg",30,"Niet brandend","Daglicht","Droog",\N,"600874747","Schuilenburglaan","Almelo","Almelo","Overijssel",false,52.356193,6.621892,"material damage only","4","clear",false,1,"GM0141"
"20220186118",2022,"Uitsluitend materiele schade",2,"Vrachtauto","Fiets","Onbekend","Kruispunt, 4 takken",50,"Niet brandend","Daglicht","Droog",\N,\N,"Ringbaan-West","Tilburg","Tilburg","Noord-Brabant",false,51.572881,5.066134,"material damage only","4","clear",false,1,"GM0855"
"20220126060",2022,"Letsel",2,"Fiets","Fiets","Onbekend","Rechte weg",50,"Niet brandend","Daglicht","Droog",\N,"600716568","Laan van Meerdervoort","'s-Gravenhage","'s-Gravenhage","Zuid-Holland",false,52.084958,4.29492,"injury","2","clear",false,1,"GM0518"
"20220160291",2022,"Uitsluitend materiele schade",2,"Fiets","Fiets","Onbekend","Kruispunt, 4 takken",30,"Niet brandend","Daglicht","Droog",\N,\N,"Meervensedijk","Lierop","Someren","Noord-Brabant",false,51.417967,5.675911,"material damage only","4","clear",false,1,"GM0847"
"20220181149",2022,"Letsel",2,"Personenauto","Fiets","Onbekend","Rotonde",50,"Niet brandend","Daglicht","Droog",\N,\N,"Sir Winston Churchillln","Rijswijk","Rijswijk","Zuid-Holland",false,52.031075,4.304338,"injury","2","clear",false,1,\N
"20220181153",2022,"Letsel",1,"Fiets",\N,"Eenzijdig","Bocht",30,"Niet brandend","Daglicht","Droog",\N,\N,"Bruggestraat","Koudekerk aan den Rijn","Alphen aan den Rijn","Zuid-Holland",false,52.131893,4.590842,"injury","2","clear",false,1,"GM0484"
"20220183297",2022,"Letsel",3,"e-bike","Bestelauto","Onbekend","Rechte weg",50,"Niet brandend","Daglicht","Droog","Brug/viaduct","236251003","Rivierdijk","Hardinxveld-Giessendam","Hardinxveld-Giessendam","Zuid-Holland",false,51.820991,4.857951,"injury","2","clear",false,1,"GM0523"
"20220197319",2022,"Letsel",2,"Personenauto","e-bike","Flank","Kruispunt, 4 takken",60,"Niet brandend","Daglicht","Droog",\N,\N,"Arriërveldsweg","Arriën","Ommen","Overijssel",false,52.555049,6.436736,"injury","2","clear",false,1,"GM0175"
"20220197331",2022,"Uitsluitend materiele schade",2,"Personenauto","Fiets","Flank","Kruispunt, 3 takken",30,"Niet brandend","Daglicht","Droog",\N,\N,"Hoenderparkweg","Apeldoorn","Apeldoorn","Gelderland",false,52.198123,5.950688,"material damage only","4","clear",false,1,"GM0200"
"20220126153",2022,"Uitsluitend materiele schade",2,"Bestelauto","Fiets","Flank","Rotonde",50,"Niet brandend","Daglicht","Regen",\N,\N,"Hengelolaan","'s-Gravenhage","'s-Gravenhage","Zuid-Holland",false,52.040965,4.25625,"material damage only","4","rain",false,1,"GM0518"
"20220135314",2022,"Letsel",2,"Personenauto","e-bike","Flank","Kruispunt, 3 takken",50,"Niet brandend","Daglicht","Droog",\N,\N,"Dorpsstraat","Meteren","West Betuwe","Gelderland",false,51.862807,5.283672,"injury","2","clear",false,1,"GM1960"
"20220138195",2022,"Uitsluitend materiele schade",2,"Personenauto","Fiets","Onbekend","Kruispunt, 3 takken",50,"Niet brandend","Daglicht","Droog",\N,\N,"Wijkamplaan","Baarn","Baarn","Utrecht",false,52.203518,5.292187,"material damage only","4","clear",false,1,"GM0308"
"20220138206",2022,"Letsel",2,"Fiets","e-bike","Frontaal","Bocht",30,"Niet brandend","Daglicht","Droog",\N,"278316001","Hooge Kampse Pad","Groenekan","De Bilt","Utrecht",false,52.115896,5.161389,"injury","2","clear",false,1,"GM0310"
"20220140944",2022,"Uitsluitend materiele schade",2,"Personenauto","Fiets","Flank","Rotonde",50,"Niet brandend","Daglicht","Droog",\N,\N,"De Baandert","Heemskerk","Heemskerk","Noord-Holland",false,52.510632,4.687262,"material damage only","4","clear",false,1,"GM0396"
"20220143797",2022,"Letsel",3,\N,"Fiets","Eenzijdig","Rechte weg",\N,"Niet brandend","Daglicht","Droog",\N,"164288047","Abtsrechtsepad","Schipluiden","Midden-Delfland","Zuid-Holland",false,51.980096,4.324457,"injury","2","clear",false,1,"GM1842"
"20220155109",2022,"Uitsluitend materiele schade",2,"Fiets","Personenauto","Flank","Rechte weg",50,"Niet brandend","Daglicht","Droog",\N,"202394076","Halkade","IJmuiden","Velsen","Noord-Holland",false,52.459179,4.59509,"material damage only","4","clear",false,1,"GM0453"
"20220172537",2022,"Letsel",2,"Personenauto","e-bike","Flank","Rechte weg",50,"Niet brandend","Daglicht","Droog",\N,\N,"Winthontlaan","Utrecht","Utrecht","Utrecht",false,52.055283,5.108457,"injury","2","clear",false,1,"GM0344"
"20220118635",2022,"Letsel",2,"Personenauto","Fiets","Flank","Kruispunt, 4 takken",30,"Niet brandend","Daglicht",\N,\N,\N,"Beppie Nooystraat","Hengelo","Hengelo (O)","Overijssel",false,52.289784,6.826427,"injury","2","unknown",false,1,\N
"20220153166",2022,"Letsel",2,"Bestelauto","Fiets","Flank","Rechte weg",30,"Niet brandend","Daglicht","Droog",\N,"600811287","Brabanterlaan","Barneveld","Barneveld","Gelderland",false,52.129528,5.595033,"injury","2","clear",false,1,"GM0203"
"20220153167",2022,"Uitsluitend materiele schade",2,"Personenauto","Fiets","Frontaal","Rechte weg",30,"Niet brandend","Daglicht","Regen",\N,"345287008","Rietveldlaan","Wageningen","Wageningen","Gelderland",false,51.979361,5.64523,"material damage only","4","rain",false,1,"GM0289"
"20220156657",2022,"Letsel",2,"Fiets","Los voorwerp","Los voorwerp","Rechte weg",30,"Brandend","Schemer","Droog","Spoorwegovergang",\N,"Hoorn","Alphen aan den Rijn","Alphen aan den Rijn","Zuid-Holland",false,52.133649,4.625169,"injury","2","clear",false,1,"GM0484"
"20220167701",2022,"Letsel",2,"Fiets","Fiets","Onbekend","Kruispunt, 4 takken",30,"Niet brandend","Daglicht","Droog",\N,\N,"Warnsveldseweg","Zutphen","Zutphen","Gelderland",false,52.141797,6.2045,"injury","2","clear",false,1,"GM0301"
"20220185205",2022,"Letsel",3,"Personenauto","Fiets","Los voorwerp","Rechte weg",50,"Niet brandend","Daglicht","Regen",\N,"600908746","MAASTUNNEL","Rotterdam","Rotterdam","Zuid-Holland",false,51.895433,4.469291,"injury","2","rain",false,1,"GM0599"
"20220185221",2022,"Uitsluitend materiele schade",2,"Personenauto","Fiets","Flank","Kruispunt, 4 takken",50,"Niet brandend","Daglicht","Droog",\N,\N,"Pernissestraat","Schiedam","Schiedam","Zuid-Holland",true,51.906152,4.404328,"material damage only","4","clear",false,1,"GM0606"
"20220196294",2022,"Letsel",2,"Personenauto","Fiets","Flank","Kruispunt, 3 takken",60,"Niet brandend","Daglicht","Droog",\N,\N,"Porikweg","Haaksbergen","Haaksbergen","Overijssel",false,52.143749,6.816833,"injury","2","clear",false,1,"GM0158"
"20220142602",2022,"Uitsluitend materiele schade",2,"Fiets","Fiets","Flank","Rechte weg",30,"Brandend","Schemer","Droog",\N,"246367041","Weesperzijde","Amsterdam","Amsterdam","Noord-Holland",false,52.342189,4.923126,"material damage only","4","clear",false,1,"GM0363"
"20220143919",2022,"Letsel",1,"Fiets",\N,"Eenzijdig","Rechte weg",30,"Niet brandend","Daglicht","Droog",\N,"600402263","Kortelandseweg","Nootdorp","Pijnacker-Nootdorp","Zuid-Holland",false,52.040733,4.382198,"injury","2","clear",false,1,"GM1926"
"20220145121",2022,"Letsel",2,"Personenauto","Fiets","Onbekend","Kruispunt, 4 takken",30,"Niet brandend","Schemer","Droog",\N,\N,"Linnaeusstraat","'s-Gravenhage","'s-Gravenhage","Zuid-Holland",false,52.057947,4.326556,"injury","2","clear",false,1,"GM0518"
"20220154031",2022,"Uitsluitend materiele schade",2,"Personenauto","Fiets","Flank","Rotonde",30,"Brandend","Duisternis","Droog",\N,"600136036","Atlasdreef","Almere","Almere","Flevoland",false,52.39892,5.295344,"material damage only","4","clear",false,1,"GM0034"
"20220160466",2022,"Uitsluitend materiele schade",3,"Personenauto","Fiets","Onbekend","Rechte weg",30,"Niet brandend","Daglicht","Droog",\N,"385043016","Kerkplein","Voerendaal","Voerendaal","Limburg",false,50.883145,5.926391,"material damage only","4","clear",false,1,"GM0986"
"20220183577",2022,"Uitsluitend materiele schade",2,"Bromfiets","e-bike","Flank","Kruispunt, 4 takken",\N,"Niet brandend","Daglicht","Regen",\N,\N,"Prins Constantijnweg","Rotterdam","Capelle aan den IJssel","Zuid-Holland",false,51.93615,4.56261,"material damage only","4","rain",false,1,"GM0502"
"20220194466",2022,"Uitsluitend materiele schade",3,"e-bike","e-bike","Onbekend","Rechte weg",50,"Niet brandend","Daglicht","Droog",\N,\N,"Hollanderdijk","Leeuwarden","Leeuwarden","Friesland",false,53.196457,5.796649,"material damage only","4","clear",false,1,"GM0080"
"20220189144",2022,"Letsel",2,"Personenauto","Fiets","Onbekend","Kruispunt, 3 takken",30,"Brandend","Duisternis","Droog",\N,\N,"WILHELMINABRUG","'s-Hertogenbosch","'s-Hertogenbosch","Noord-Brabant",false,51.690322,5.299166,"injury","2","clear",false,1,"GM0796"
"20220190749",2022,"Letsel",3,"Snorfiets","Fiets","Onbekend","Rechte weg",50,"Niet aanwezig","Daglicht","Droog",\N,"363134002","Klaarstraat","Ospel","Nederweert","Limburg",false,51.294778,5.773812,"injury","2","clear",false,1,"GM0946"
"20220190750",2022,"Uitsluitend materiele schade",2,"Personenauto","Fiets","Onbekend","Rotonde",50,"Niet brandend","Daglicht","Droog",\N,\N,"Emmaweg","Brunssum","Brunssum","Limburg",false,50.928897,5.938653,"material damage only","4","clear",false,1,"GM0899"
"20220135514",2022,"Uitsluitend materiele schade",2,"Personenauto","Fiets","Flank","Rotonde",50,"Niet brandend","Daglicht","Droog",\N,\N,"Marleseweg","Den Ham","Twenterand","Overijssel",false,52.463057,6.489556,"material damage only","4","clear",false,1,"GM1700"
"20220190991",2022,"Letsel",2,"Personenauto","Fiets","Flank","Rotonde",50,"Niet brandend","Daglicht","Droog",\N,\N,"Wilhelminalaan","Echt","Echt-Susteren","Limburg",false,51.106585,5.875855,"injury","2","clear",false,1,"GM1711"
"20220191035",2022,"Uitsluitend materiele schade",2,"Personenauto","e-bike","Onbekend","Rechte weg",30,"Brandend","Duisternis","Droog",\N,\N,"Overstehofweg","Landgraaf","Landgraaf","Limburg",false,50.87731,6.020951,"material damage only","4","clear",false,1,"GM0882"
"20220184546",2022,"Letsel",2,"Personenauto","Fiets","Frontaal","Rechte weg",50,"Niet brandend","Daglicht","Droog",\N,"600718710","Westlandseweg","Vlaardingen","Vlaardingen","Zuid-Holland",false,51.915263,4.339509,"injury","2","clear",false,1,"GM0622"
"20220190335",2022,"Letsel",2,"Personenauto","e-bike","Flank","Kruispunt, 3 takken",30,"Niet brandend","Daglicht","Droog",\N,\N,"Baron van Hövellstraat","Maastricht","Maastricht","Limburg",false,50.844489,5.707622,"injury","2","clear",false,1,"GM0935"
"20220124047",2022,"Uitsluitend materiele schade",2,"Snorfiets","Fiets","Flank","Kruispunt, 4 takken",\N,"Niet brandend","Daglicht","Droog",\N,\N,"Wibautstraat","Amsterdam","Amsterdam","Noord-Holland",false,52.358643,4.909631,"material damage only","4","clear",false,1,"GM0363"
"20220126430",2022,"Letsel",2,"Snorfiets","Fiets","Frontaal","Rechte weg",50,"Niet brandend","Daglicht","Droog",\N,\N,"Keukenhof","Lisse","Lisse","Zuid-Holland",false,52.267689,4.543498,"injury","2","clear",false,1,"GM0553"
"20220141455",2022,"Letsel",2,"Bromfiets","Fiets","Flank","Kruispunt, 4 takken",50,"Niet aanwezig","Daglicht","Droog",\N,\N,"Reguliersgracht","Amsterdam","Amsterdam","Noord-Holland",false,52.363582,4.896131,"injury","2","clear",false,1,"GM0363"
"20220142868",2022,"Letsel",2,"Fiets",\N,"Eenzijdig","Rechte weg",\N,"Niet brandend","Daglicht","Droog",\N,"600669672","Coldenhovelaan","De Lier","Westland","Zuid-Holland",false,51.953631,4.234909,"injury","2","clear",false,1,"GM1783"
"20220145341",2022,"Letsel",2,"Personenauto","Fiets","Onbekend","Kruispunt, 4 takken",50,"Niet brandend","Daglicht","Droog",\N,\N,"Sir Winston Churchillln","Rijswijk","Rijswijk","Zuid-Holland",false,52.03973,4.325347,"injury","2","clear",false,1,\N
"20220145351",2022,"Letsel",1,"Fiets",\N,"Eenzijdig","Kruispunt, 3 takken",50,"Niet aanwezig","Daglicht","Regen",\N,\N,"Monstersestraat","'s-Gravenhage","'s-Gravenhage","Zuid-Holland",false,52.069729,4.294434,"injury","2","rain",false,1,"GM0518"
"20220150083",2022,"Letsel",3,"Bestelauto","Fiets","Onbekend","Kruispunt, 3 takken",60,"Niet aanwezig","Daglicht","Droog",\N,\N,"Sonniuswijk","Son en Breugel","Son en Breugel","Noord-Brabant",false,51.523548,5.448118,"injury","2","clear",false,1,"GM0848"
"20220154257",2022,"Uitsluitend materiele schade",2,"Personenauto","Fiets","Flank","Kruispunt, 3 takken",50,"Niet brandend","Daglicht","Droog",\N,\N,"Floresstraat","Haarlem","Haarlem","Noord-Holland",false,52.399309,4.644425,"material damage only","4","clear",false,1,"GM0392"
"20220186769",2022,"Uitsluitend materiele schade",2,"Personenauto","Fiets","Flank","Kruispunt, 3 takken",50,"Niet brandend","Daglicht","Droog",\N,\N,"Brugstraat","Roosendaal","Roosendaal","Noord-Brabant",false,51.538723,4.460515,"material damage only","4","clear",false,1,"GM1674"
"20220120113",2022,"Uitsluitend materiele schade",3,"Bestelauto","Fiets","Onbekend","Rechte weg",50,"Niet brandend","Daglicht","Droog",\N,"600777155","Catharijnesingel","Utrecht","Utrecht","Utrecht",false,52.089259,5.114746,"material damage only","4","clear",false,1,"GM0344"
"20220156911",2022,"Letsel",2,"Fiets","Fiets","Flank","Kruispunt, 3 takken",\N,"Niet brandend","Daglicht","Droog",\N,\N,"Madepolderweg","'s-Gravenhage","'s-Gravenhage","Zuid-Holland",false,52.040335,4.229922,"injury","2","clear",false,1,"GM0518"
"20220166619",2022,"Uitsluitend materiele schade",2,"Fiets","Fiets","Flank","Kruispunt, 3 takken",30,"Niet brandend","Daglicht","Droog",\N,\N,"FIETSPAD","Nijmegen","Nijmegen","Gelderland",false,51.836175,5.813778,"material damage only","4","clear",false,1,"GM0268"
"20220143014",2022,"Letsel",2,"e-bike","Fiets","Flank","Kruispunt, 3 takken",50,"Niet brandend","Daglicht","Droog",\N,\N,"Boerhaavelaan","Zoetermeer","Zoetermeer","Zuid-Holland",false,52.05498,4.481083,"injury","2","clear",false,1,"GM0637"
"20220143069",2022,"Uitsluitend materiele schade",2,"Snorfiets","Fiets","Kop/staart","Rechte weg",\N,"Niet brandend","Daglicht","Droog","Tunnel","600187032","Postenkade","'s-Gravenhage","'s-Gravenhage","Zuid-Holland",false,52.047489,4.362896,"material damage only","4","clear",false,1,"GM0518"
"20220154439",2022,"Letsel",2,"e-bike","Personenauto","Flank",\N,80,"Niet brandend","Daglicht","Droog",\N,\N,"Veenpolderdijk","Assendelft","Zaanstad","Noord-Holland",false,52.464632,4.763654,"injury","2","clear",false,1,"GM0479"
"20220157946",2022,"Uitsluitend materiele schade",2,"Fiets","Fiets","Onbekend","Rechte weg",50,"Brandend","Schemer","Droog",\N,"185277102","Zaagmolenstraat","Rotterdam","Rotterdam","Zuid-Holland",false,51.934083,4.485923,"material damage only","4","clear",false,1,"GM0599"
"20220166629",2022,"Letsel",2,"Bromfiets","Fiets","Frontaal","Rechte weg",30,"Niet brandend","Daglicht","Droog",\N,\N,"Laan van Maten","Apeldoorn","Apeldoorn","Gelderland",false,52.202369,5.997377,"injury","2","clear",false,1,"GM0200"
"20220166683",2022,"Uitsluitend materiele schade",2,"Fiets","Bus","Flank","Rotonde",50,"Niet brandend","Daglicht","Droog",\N,\N,"Lunterseweg","Barneveld","Barneveld","Gelderland",false,52.130718,5.58945,"material damage only","4","clear",false,1,"GM0203"
"20220192757",2022,"Letsel",2,"Fiets","Fiets","Flank","Kruispunt, 3 takken",30,"Niet brandend","Daglicht","Regen",\N,\N,"Leliesingel","Groningen","Groningen","Groningen",false,53.220368,6.5557,"injury","2","rain",false,1,"GM0014"
"20220197045",2022,"Letsel",1,"Fiets",\N,"Eenzijdig","Rechte weg",15,"Niet brandend","Daglicht","Droog",\N,"600881904","Gronaustraat","Hengelo","Hengelo (O)","Overijssel",false,52.29186,6.803172,"injury","2","clear",false,1,\N
"20220116032",2022,"Uitsluitend materiele schade",2,"Personenauto","e-bike","Flank","Rotonde",50,"Niet brandend","Daglicht","Droog",\N,\N,"Aakstraat","Raalte","Raalte","Overijssel",false,52.380831,6.278462,"material damage only","4","clear",false,1,"GM0177"
"20220144452",2022,"Letsel",1,"Fiets",\N,"Eenzijdig","Bocht",30,"Brandend","Duisternis","Droog","Tunnel","186305113","Buitenom","Zoetermeer","Zoetermeer","Zuid-Holland",false,52.061702,4.48507,"injury","2","clear",false,1,"GM0637"
"20220156989",2022,"Letsel",4,"Fiets","Bestelauto","Onbekend","Rechte weg",60,"Niet brandend","Daglicht","Droog",\N,"212282001","Wellepoort","Berkenwoude","Krimpenerwaard","Zuid-Holland",false,51.960901,4.683252,"injury","2","clear",false,1,"GM1931"
"20220169419",2022,"Letsel",2,"Personenauto","Fiets","Flank","Rechte weg",50,"Niet brandend","Daglicht","Droog",\N,"416350054","Ceintuurbaan","Deventer","Deventer","Overijssel",false,52.261635,6.166298,"injury","2","clear",false,1,"GM0150"
"20220193649",2022,"Letsel",2,"Personenauto","Fiets","Flank","Kruispunt, 3 takken",30,"Niet aanwezig","Schemer","Droog",\N,\N,"Stadhouderslaan","Wolvega","Weststellingwerf","Friesland",false,52.870218,5.986594,"injury","2","clear",false,1,"GM0098"
"20220196596",2022,"Uitsluitend materiele schade",2,"Personenauto","Fiets","Flank","Kruispunt, 4 takken",50,"Niet brandend","Daglicht","Droog",\N,\N,"Henriëtte Roland Holstln","Almelo","Almelo","Overijssel",false,52.343815,6.657263,"material damage only","4","clear",false,1,"GM0141"
"20220198542",2022,"Uitsluitend materiele schade",2,"Personenauto","Fiets","Flank","Bocht",50,"Niet brandend","Daglicht","Regen",\N,\N,"Rooseveltstraat","Barneveld","Barneveld","Gelderland",false,52.132755,5.580779,"material damage only","4","rain",false,1,"GM0203"
"20220117870",2022,"Uitsluitend materiele schade",3,"Personenauto","Fiets","Los voorwerp","Rechte weg",50,"Niet brandend","Daglicht","Droog",\N,"600511176","Hofbeeklaan","Ede","Ede","Gelderland",false,52.040156,5.633624,"material damage only","4","clear",false,1,"GM0228"
"20220119088",2022,"Letsel",2,"Fiets","Personenauto","Flank","Rechte weg",60,"Niet brandend","Daglicht","Droog",\N,"352344010","Putterweg","Garderen","Barneveld","Gelderland",false,52.235809,5.69876,"injury","2","clear",false,1,"GM0203"
"20220119116",2022,"Letsel",2,"Personenauto","Fiets","Onbekend",\N,30,\N,"Daglicht",\N,\N,"501350072","Dikkersplein","Hengelo","Hengelo (O)","Overijssel",false,52.256216,6.789662,"injury","2","unknown",false,1,\N
"20220120364",2022,"Uitsluitend materiele schade",2,"Personenauto","Fiets","Flank","Kruispunt, 4 takken",80,"Niet brandend","Daglicht","Droog",\N,\N,"Amersfoortseweg","Huis ter Heide","Zeist","Utrecht",false,52.112457,5.25401,"material damage only","4","clear",false,1,"GM0355"
"20240088041",2024,"Uitsluitend materiele schade",2,"Snorfiets","Fiets","Flank","Kruispunt, 3 takken",50,"Niet aanwezig","Daglicht","Droog",\N,\N,"Van Aalstpad","Zoetermeer","Zoetermeer","Zuid-Holland",false,52.057551,4.514,"material damage only","4","clear",false,1,"GM0637"
"20240093688",2024,"Uitsluitend materiele schade",2,"Personenauto","Fiets","Los voorwerp","Rechte weg",50,"Niet brandend","Daglicht","Droog",\N,\N,"Esstraat","Lichtenvoorde","Oost Gelre","Gelderland",false,51.991994,6.569076,"material damage only","4","clear",false,1,"GM1586"
"20240097428",2024,"Letsel",1,"Fiets",\N,"Onbekend","Rechte weg",30,"Niet brandend","Daglicht","Droog",\N,"600382018","Oranjelaan","'s-Gravenhage","'s-Gravenhage","Zuid-Holland",false,52.071686,4.321168,"injury","2","clear",false,1,"GM0518"
"20240044381",2024,"Letsel",1,"Fiets",\N,"Onbekend","Rechte weg",50,"Niet brandend","Daglicht","Droog",\N,"600802507","Dr Schaepmanlaan","Eindhoven","Eindhoven","Noord-Brabant",false,51.429054,5.478685,"injury","2","clear",false,1,"GM0772"
"20240088056",2024,"Letsel",2,"Personenauto","Fiets","Frontaal","Kruispunt, 3 takken",30,"Niet brandend","Daglicht","Droog",\N,\N,"Donker Curtiusstraat","Wassenaar","Wassenaar","Zuid-Holland",false,52.149075,4.398949,"injury","2","clear",false,1,"GM0629"
"20240097751",2024,"Letsel",2,"Fiets","Personenauto","Flank","Kruispunt, 4 takken",30,"Niet brandend","Daglicht","Droog",\N,\N,"Haarlemmerplein","Amsterdam","Amsterdam","Noord-Holland",false,52.38457,4.883265,"injury","2","clear",false,1,"GM0363"
"20240041038",2024,"Letsel",3,"Motor","e-bike","Flank","Kruispunt, 3 takken",50,"Niet brandend","Daglicht","Droog",\N,\N,"Jan Ligthartstraat","Heemskerk","Heemskerk","Noord-Holland",false,52.509541,4.662054,"injury","2","clear",false,1,"GM0396"
"20240073880",2024,"Letsel",2,"Fiets","Personenauto","Flank","Kruispunt, 4 takken",50,"Niet brandend","Daglicht","Droog",\N,\N,"Ericalaan","Bergen op Zoom","Bergen op Zoom","Noord-Brabant",false,51.493907,4.31018,"injury","2","clear",false,1,"GM0748"
"20240074570",2024,"Letsel",1,"Fiets",\N,"Onbekend",\N,60,\N,"Daglicht",\N,\N,"66185034","Oude Veerseweg","Middelburg","Middelburg","Zeeland",false,51.512359,3.644265,"injury","2","unknown",false,1,\N
"20240081602",2024,"Letsel",2,"Dier","Fiets","Dier","Rechte weg",30,"Niet brandend","Daglicht","Droog",\N,"600722943","Raadhuislaan","Wassenaar","Wassenaar","Zuid-Holland",false,52.134167,4.397953,"injury","2","clear",false,1,"GM0629"
"20240082927",2024,"Uitsluitend materiele schade",2,"Fiets","Fiets","Frontaal","Rechte weg",50,"Niet brandend","Daglicht","Droog",\N,"600835171","Bosstraat","Echt","Echt-Susteren","Limburg",false,51.098307,5.87873,"material damage only","4","clear",false,1,"GM1711"
"20240082935",2024,"Uitsluitend materiele schade",2,"Personenauto","Fiets","Flank","Rotonde",50,"Niet brandend","Daglicht","Droog",\N,\N,"Nassaulaan","Weert","Weert","Limburg",false,51.243424,5.717353,"material damage only","4","clear",false,1,"GM0988"
"20240086135",2024,"Uitsluitend materiele schade",1,"Fiets",\N,"Onbekend",\N,50,\N,"Daglicht",\N,\N,"217410024","Koogdijk","Uitgeest","Uitgeest","Noord-Holland",false,52.533969,4.705849,"material damage only","4","unknown",false,1,"GM0450"