"accident_id","year","severity_raw","party_count","party1_type","party2_type","accident_type","road_situation","speed_limit_kmh","road_lighting","light_condition_label","weather_raw","infra_type","road_segment_id","street_name","place_name","gemeente_name_raw","province","alcohol_indicated","latitude","longitude","severity_label","severity_code","weather_label","built_up_area","cyclists_involved","gemeente_code"
"20240088113",2024,"Letsel",1,"Fiets",\N,"Onbekend",\N,50,\N,"Daglicht",\N,\N,"600715185","Almeloplein","'s-Gravenhage","'s-Gravenhage","Zuid-Holland",false,52.055606,4.274942,"injury","2","unknown",false,1,"GM0518"
"20240090693",2024,"Letsel",2,"Snorfiets","Fiets","Flank","Kruispunt, 4 takken",30,"Niet brandend","Daglicht","Droog",\N,\N,"Strevelsweg","Rotterdam","Rotterdam","Zuid-Holland",false,51.889697,4.503377,"injury","2","clear",false,1,"GM0599"
"20240092254",2024,"Letsel",2,"Fiets","Personenauto","Kop/staart","Rechte weg",60,"Niet brandend","Daglicht","Droog",\N,"388148003","Lorbaan","Grashoek","Peel en Maas","Limburg",false,51.358305,5.957324,"injury","2","clear",false,1,"GM1894"
"20240092866",2024,"Letsel",2,"Vrachtauto","Fiets","Flank","Kruispunt, 4 takken",50,"Niet brandend","Daglicht","Droog",\N,\N,"Kastanjeweg","Uden","Maashorst","Noord-Brabant",false,51.658582,5.618023,"injury","2","clear",false,1,"GM1991"
"20240097991",2024,"Letsel",2,"Personenauto","Fiets","Flank","Kruispunt, 4 takken",50,"Niet brandend","Daglicht","Droog",\N,\N,"Kennemerplein","IJmuiden","Velsen","Noord-Holland",false,52.460567,4.606251,"injury","2","clear",false,1,"GM0453"
"20240098222",2024,"Letsel",2,"Fiets","Personenauto","Flank","Rechte weg",50,"Niet brandend","Daglicht","Droog",\N,\N,"Dr H. Colijnlaan","Rijswijk","Rijswijk","Zuid-Holland",false,52.041387,4.319582,"injury","2","clear",false,1,\N
"20240049030",2024,"Letsel",2,"Personenauto","Fiets","Flank","Kruispunt, 3 takken",60,"Niet brandend","Daglicht","Droog",\N,\N,"Rechterensedijk","Dalfsen","Dalfsen","Overijssel",false,52.496598,6.289305,"injury","2","clear",false,1,"GM0148"
"20240049655",2024,"Letsel",2,"Personenauto","Fiets","Flank","Kruispunt, 4 takken",30,"Niet brandend","Daglicht","Droog",\N,\N,"J.J. van Deinselaan","Enschede","Enschede","Overijssel",false,52.208133,6.910547,"injury","2","clear",false,1,"GM0153"
"20240079742",2024,"Letsel",1,"Fiets",\N,"Eenzijdig","Rechte weg",50,"Niet brandend","Daglicht","Droog",\N,"600771360","Waterlandse Zeedijk","Monnickendam","Waterland","Noord-Holland",false,52.456279,5.04439,"injury","2","clear",false,1,"GM0852"
"20240083610",2024,"Letsel",2,"Fiets","Fiets","Frontaal","Rechte weg",60,"Niet aanwezig","Daglicht","Droog",\N,"600944080","Katseveerweg","Wilhelminadorp","Goes","Zeeland",false,51.534503,3.86835,"injury","2","clear",false,1,"GM0664"
"20240083630",2024,"Uitsluitend materiele schade",2,"Personenauto","Fiets","Flank","Kruispunt, 4 takken",70,"Niet brandend","Daglicht","Droog",\N,\N,"DE BEITEL","Heerlen","Heerlen","Limburg",false,50.85642,5.997857,"material damage only","4","clear",false,1,"GM0917"
"20240092655",2024,"Uitsluitend materiele schade",2,"Bus","Fiets","Onbekend","Rechte weg",50,"Niet brandend","Daglicht","Droog",\N,"600807841","Iepenlaan","Veghel","Meierijstad","Noord-Brabant",false,51.620982,5.549099,"material damage only","4","clear",false,1,"GM1948"
"20240093835",2024,"Uitsluitend materiele schade",2,"Fiets","Personenauto","Flank","Rotonde",50,"Niet brandend","Daglicht","Droog",\N,\N,"Bovenbuurtweg","Ede","Ede","Gelderland",false,52.02459,5.660126,"material damage only","4","clear",false,1,"GM0228"
"20240095149",2024,"Letsel",2,"Fiets","Scootmobiel","Kop/staart","Rechte weg",15,"Niet brandend","Daglicht","Regen",\N,"601080527","van Helomaweg","Havelte","Westerveld","Drenthe",false,52.776132,6.230036,"injury","2","rain",false,1,"GM1701"
"20240095657",2024,"Letsel",2,"Fiets","Snorfiets","Flank","Rechte weg",50,"Niet brandend","Daglicht","Droog",\N,"272313072","Adelaarstraat","Utrecht","Utrecht","Utrecht",false,52.098865,5.114668,"injury","2","clear",false,1,"GM0344"
"20240049058",2024,"Uitsluitend materiele schade",2,"Personenauto","Fiets","Flank","Rotonde",30,"Niet brandend","Daglicht","Droog",\N,\N,"Buitenveldseweg","Hooglanderveen","Amersfoort","Utrecht",false,52.182658,5.433359,"material damage only","4","clear",false,1,"GM0307"
"20240082983",2024,"Uitsluitend materiele schade",2,"Bestelauto","Fiets","Flank","Kruispunt, 4 takken",50,"Niet brandend","Daglicht","Droog",\N,\N,"Castorstraat","Tilburg","Tilburg","Noord-Brabant",false,51.595392,5.004421,"material damage only","4","clear",false,1,"GM0855"
"20240096833",2024,"Letsel",2,"Bestelauto","Fiets","Flank","Kruispunt, 4 takken",50,"Niet brandend","Daglicht","Droog",\N,\N,"Vleutenseweg","Utrecht","Utrecht","Utrecht",false,52.096913,5.083348,"injury","2","clear",false,1,"GM0344"
"20240043273",2024,"Letsel",2,"Bromfiets","Fiets","Flank","Rechte weg",50,"Niet brandend","Daglicht","Regen",\N,"162307074","Parallelweg","'s-Gravenhage","'s-Gravenhage","Zuid-Holland",false,52.066493,4.315225,"injury","2","rain",false,1,"GM0518"
"20240045470",2024,"Letsel",2,"Bromfiets","Fiets","Flank","Kruispunt, 3 takken",30,"Niet brandend","Daglicht","Droog",\N,\N,"Plantijnlaan","Etten-Leur","Etten-Leur","Noord-Brabant",false,51.578439,4.648996,"injury","2","clear",false,1,"GM0777"
"20240084943",2024,"Uitsluitend materiele schade",2,"Personenauto","Fiets","Flank","Rotonde",50,"Niet brandend","Daglicht","Droog",\N,\N,"Heggenseveld","Ulft","Oude IJsselstreek","Gelderland",false,51.888652,6.376658,"material damage only","4","clear",false,1,"GM1509"
"20240088897",2024,"Letsel",1,"Fiets",\N,"Onbekend","Rechte weg",30,"Niet brandend","Daglicht","Droog",\N,"600908055","Ringdijk","Ter Aar","Nieuwkoop","Zuid-Holland",false,52.16902,4.700737,"injury","2","clear",false,1,"GM0569"
"20240091482",2024,"Letsel",1,"Fiets",\N,"Onbekend","Rechte weg",50,"Niet brandend","Daglicht","Droog",\N,"147290126","Secretaris Verhoeffweg","Naaldwijk","Westland","Zuid-Holland",false,51.98923,4.20646,"injury","2","clear",false,1,"GM1783"
"20240094727",2024,"Letsel",2,"Fiets","Fiets","Flank","Rechte weg",50,"Niet brandend","Daglicht","Droog",\N,"600816849","Jan Th. Tooroplaan","Ede","Ede","Gelderland",false,52.024774,5.661287,"injury","2","clear",false,1,"GM0228"
"20240095234",2024,"Uitsluitend materiele schade",2,"Personenauto","Fiets","Onbekend","Kruispunt, 3 takken",50,"Niet brandend","Daglicht","Droog",\N,\N,"Frittemaleane","Sneek","Súdwest-Fryslân","Friesland",false,53.038501,5.671589,"material damage only","4","clear",false,1,"GM1900"
"20240095743",2024,"Letsel",1,"Fiets",\N,"Onbekend","Rechte weg",30,"Niet brandend","Daglicht","Droog",\N,"261344001","Nigtevechtseweg","Vreeland","Stichtse Vecht","Utrecht",false,52.247149,5.038497,"injury","2","clear",false,1,"GM1904"
"20240098617",2024,"Uitsluitend materiele schade",3,"Personenauto","Fiets","Onbekend","Rechte weg",50,\N,"Daglicht",\N,\N,"601036901","Dampten","Hoorn","Hoorn","Noord-Holland",false,52.64638,5.044188,"material damage only","4","unknown",false,1,"GM0405"
"20240071561",2024,"Letsel",2,"Snorfiets","Fiets","Frontaal","Bocht",50,"Niet brandend","Daglicht","Droog",\N,"169291002","Schieweg","Delft","Delft","Zuid-Holland",false,51.994908,4.367959,"injury","2","clear",false,1,"GM0503"
"20240084404",2024,"Uitsluitend materiele schade",2,"Fiets","Fiets","Frontaal","Rechte weg",50,"Niet aanwezig","Daglicht","Droog",\N,"600674999","Schapendrift","Elspeet","Nunspeet","Gelderland",false,52.315806,5.760986,"material damage only","4","clear",false,1,"GM0302"
"20240094341",2024,"Uitsluitend materiele schade",2,"Personenauto","Fiets","Onbekend","Rechte weg",30,"Niet brandend","Daglicht","Droog",\N,"530379009","de Kievit","Denekamp","Dinkelland","Overijssel",false,52.38359,7.009631,"material damage only","4","clear",false,1,"GM1774"
"20240044009",2024,"Letsel",1,"Fiets",\N,"Onbekend","Rotonde",50,"Niet brandend","Daglicht","Regen",\N,\N,"Ariënsstraat","Venlo","Venlo","Limburg",false,51.350693,6.152051,"injury","2","rain",false,1,"GM0983"
"20240078082",2024,"Uitsluitend materiele schade",1,"Fiets",\N,"Eenzijdig","Rechte weg",30,"Niet brandend","Daglicht",\N,\N,"366380003","Zuiderzeestraatweg West","Doornspijk","Elburg","Gelderland",false,52.404948,5.805345,"material damage only","4","unknown",false,1,"GM0230"
"20240083773",2024,"Uitsluitend materiele schade",2,"Personenauto","Fiets","Onbekend","Kruispunt, 4 takken",30,"Niet aanwezig","Daglicht","Droog",\N,\N,"Papyrussingel","Maastricht","Maastricht","Limburg",false,50.863094,5.670788,"material damage only","4","clear",false,1,"GM0935"
"20240087016",2024,"Uitsluitend materiele schade",1,"Fiets",\N,"Onbekend","Rechte weg",15,"Niet brandend","Daglicht","Droog",\N,"223501116","Marsdiepstraat","Den Helder","Den Helder","Noord-Holland",false,52.944104,4.742145,"material damage only","4","clear",false,1,"GM0400"
"20240087672",2024,"Uitsluitend materiele schade",2,"Fiets","Scootmobiel","Kop/staart","Kruispunt, 4 takken",50,"Niet brandend","Daglicht","Droog",\N,\N,"IJssellaan","Arnhem","Arnhem","Gelderland",false,51.983057,5.945608,"material damage only","4","clear",false,1,"GM0202"
"20240093314",2024,"Letsel",2,"Personenauto","Fiets","Flank","Rechte weg",30,"Niet brandend","Daglicht","Droog",\N,"601114119","Waalbandijk","Gameren","Zaltbommel","Gelderland",false,51.8042,5.212729,"injury","2","clear",false,1,"GM0297"
"20240098703",2024,"Uitsluitend materiele schade",2,"Personenauto","Fiets","Flank","Kruispunt, 4 takken",50,"Niet brandend","Daglicht","Droog",\N,\N,"Middenweg","Den Helder","Den Helder","Noord-Holland",false,52.953045,4.750067,"material damage only","4","clear",false,1,"GM0400"
"20240102075",2024,"Uitsluitend materiele schade",2,"Trekker","Fiets","Onbekend","Rechte weg",60,"Niet brandend","Daglicht","Droog",\N,"155164003","Grindweg","Woensdrecht","Woensdrecht","Noord-Brabant",false,51.42516,4.277081,"material damage only","4","clear",false,1,"GM0873"
"20240102571",2024,"Letsel",2,"Personenauto","Fiets","Flank","Kruispunt, 4 takken",50,"Niet brandend","Daglicht","Droog",\N,\N,"Raadhuisstraat","Rosmalen","'s-Hertogenbosch","Noord-Brabant",false,51.714505,5.350182,"injury","2","clear",false,1,"GM0796"
"20240103084",2024,"Letsel",2,"Personenauto","Fiets","Onbekend","Rechte weg",30,"Niet brandend","Daglicht","Droog","Parkeervoorziening","601123588","Deken Mandersplein","Valkenswaard","Valkenswaard","Noord-Brabant",false,51.353579,5.45866,"injury","2","clear",false,1,"GM0858"
"20240103111",2024,"Uitsluitend materiele schade",2,"Fiets","Fiets","Frontaal","Bocht",\N,"Niet brandend","Daglicht","Droog",\N,"346175058","Kasteel-Traverse","Helmond","Helmond","Noord-Brabant",false,51.478305,5.651671,"material damage only","4","clear",false,1,"GM0794"
"20240103121",2024,"Letsel",1,"Fiets",\N,"Onbekend","Kruispunt, 3 takken",50,"Niet brandend","Daglicht","Droog",\N,\N,"Provinciale Straatweg","Brouwershaven","Schouwen-Duiveland","Zeeland",false,51.721187,3.917435,"injury","2","clear",false,1,"GM1676"
"20240049884",2024,"Uitsluitend materiele schade",2,"Fiets","Fiets","Flank","Kruispunt, 4 takken",50,"Niet brandend","Daglicht","Droog",\N,\N,"Wolmaransstraat","'s-Gravenhage","'s-Gravenhage","Zuid-Holland",false,52.065794,4.294708,"material damage only","4","clear",false,1,"GM0518"
"20240099134",2024,"Letsel",1,"Fiets",\N,"Onbekend","Kruispunt, 4 takken",30,"Niet brandend","Daglicht","Droog",\N,\N,"Amstel","Amsterdam","Amsterdam","Noord-Holland",false,52.36701,4.895754,"injury","2","clear",false,1,"GM0363"
"20240048668",2024,"Uitsluitend materiele schade",2,"e-bike","Motor","Flank","Kruispunt, 4 takken",30,"Niet brandend","Daglicht","Droog",\N,\N,"Lorentzbaan","Nieuwegein","Nieuwegein","Utrecht",false,52.027771,5.10106,"material damage only","4","clear",false,1,"GM0356"
"20240078172",2024,"Uitsluitend materiele schade",2,"Personenauto","Fiets","Onbekend","Kruispunt, 4 takken",50,"Niet brandend","Daglicht","Droog",\N,\N,"Amsterdamseweg","Arnhem","Arnhem","Gelderland",false,51.988989,5.891509,"material damage only","4","clear",false,1,"GM0202"
"20240083226",2024,"Uitsluitend materiele schade",2,"Fiets","Bestelauto","Flank","Kruispunt, 3 takken",50,"Niet brandend","Daglicht","Droog",\N,\N,"Eerste Reitse Dreef","'s-Hertogenbosch","'s-Hertogenbosch","Noord-Brabant",false,51.71474,5.331762,"material damage only","4","clear",false,1,"GM0796"
"20240094891",2024,"Letsel",1,"Fiets",\N,"Frontaal","Rechte weg",30,"Niet brandend","Daglicht","Droog",\N,"515339042","Texellaan","Enschede","Enschede","Overijssel",false,52.205366,6.887732,"injury","2","clear",false,1,"GM0153"
"20240099202",2024,"Letsel",3,"Lichtmast","Fiets","Vast voorwerp","Rechte weg",30,"Niet brandend","Daglicht","Regen",\N,"252355006","Abcouderstraatweg","Amsterdam","Amsterdam","Noord-Holland",false,52.286087,4.962134,"injury","2","rain",false,1,"GM0363"
"20240100158",2024,"Letsel",1,"Fiets",\N,"Eenzijdig","Bocht",30,"Brandend","Duisternis","Droog",\N,"600448983","Grachtweg","Lisse","Lisse","Zuid-Holland",false,52.258807,4.556788,"injury","2","clear",false,1,"GM0553"
"20240046952",2024,"Letsel",2,"Personenauto","Fiets","Flank","Rotonde",50,"Niet aanwezig","Daglicht","Droog",\N,\N,"van Geenstraat","Putten","Putten","Gelderland",false,52.251436,5.598741,"injury","2","clear",false,1,"GM0273"
"20240050604",2024,"Letsel",1,"Fiets",\N,"Onbekend","Rechte weg",50,"Niet brandend","Daglicht","Droog",\N,"162310174","Kneuterdijk","'s-Gravenhage","'s-Gravenhage","Zuid-Holland",false,52.080796,4.309067,"injury","2","clear",false,1,"GM0518"
"20240072706",2024,"Uitsluitend materiele schade",2,"Fiets","Personenauto","Flank","Kruispunt, 3 takken",30,"Brandend","Daglicht","Droog",\N,\N,"Olieslagersstraat","Roermond","Roermond","Limburg",false,51.182177,6.005424,"material damage only","4","clear",false,1,"GM0957"
"20240085816",2024,"Letsel",2,"Fiets","Personenauto","Frontaal","Kruispunt, 4 takken",30,"Niet brandend","Daglicht","Droog",\N,\N,"Beatrixplein","Wehl","Doetinchem","Gelderland",false,51.962296,6.209729,"injury","2","clear",false,1,"GM0222"
"20240086488",2024,"Uitsluitend materiele schade",2,"Snorfiets","Fiets","Flank","Rechte weg",30,"Brandend","Schemer","Droog",\N,"312335004","Calveenseweg","Amersfoort","Amersfoort","Utrecht",false,52.198241,5.409174,"material damage only","4","clear",false,1,"GM0307"
"20240098987",2024,"Uitsluitend materiele schade",2,"Personenauto","Fiets","Onbekend","Kruispunt, 4 takken",50,"Niet brandend","Daglicht","Regen",\N,\N,"De Ruijterkade","Amsterdam","Amsterdam","Noord-Holland",false,52.378155,4.905166,"material damage only","4","rain",false,1,"GM0363"
"20240087190",2024,"Letsel",1,"Fiets",\N,"Onbekend",\N,\N,\N,"Daglicht",\N,\N,"232389224","Stadhuisplein","Zaandam","Zaanstad","Noord-Holland",false,52.438374,4.816281,"injury","2","unknown",false,1,"GM0479"
"20240094959",2024,"Letsel",2,"Personenauto","Fiets","Flank","Rechte weg",30,"Niet brandend","Daglicht","Droog",\N,"464289001","Kerkstraat","Harreveld","Oost Gelre","Gelderland",false,51.981082,6.513475,"injury","2","clear",false,1,"GM1586"
"20240100236",2024,"Letsel",2,"Personenauto","Fiets","Flank","Kruispunt, 4 takken",30,"Niet brandend","Daglicht","Droog",\N,\N,"Tonisseweg","Oude-Tonge","Goeree-Overflakkee","Zuid-Holland",false,51.696712,4.212386,"injury","2","clear",false,1,"GM1924"
"20240100877",2024,"Letsel",2,"Personenauto","Fiets","Flank","Kruispunt, 4 takken",50,"Niet brandend","Daglicht","Droog",\N,\N,"Dordtsestraatweg","Rotterdam","Rotterdam","Zuid-Holland",false,51.882292,4.504153,"injury","2","clear",false,1,"GM0599"
"20240101310",2024,"Letsel",2,"Fiets","Overig vast object","Vast voorwerp","Rechte weg",50,"Niet brandend","Daglicht","Regen","Brug/viaduct","210321144","KONINGIN JULIANABRUG","Alphen aan den Rijn","Alphen aan den Rijn","Zuid-Holland",false,52.134834,4.663176,"injury","2","rain",false,1,"GM0484"
"20240075369",2024,"Uitsluitend materiele schade",2,"Personenauto","Fiets","Flank","Rechte weg",30,"Niet brandend","Daglicht","Droog",\N,"600479850","Kerkhofweg","Overdinkel","Losser","Overijssel",false,52.235728,7.040249,"material damage only","4","clear",false,1,"GM0168"
"20240085246",2024,"Uitsluitend materiele schade",2,"Personenauto","Fiets","Flank","Rechte weg",50,"Niet aanwezig","Daglicht","Droog",\N,"600825026","Europaplein","Leeuwarden","Leeuwarden","Friesland",false,53.20525,5.77488,"material damage only","4","clear",false,1,"GM0080"
"20240087229",2024,"Letsel",2,"Fiets","Fiets","Flank","Rechte weg",50,"Brandend","Duisternis","Droog",\N,"222395074","Dorpsstraat","Assendelft","Zaanstad","Noord-Holland",false,52.468739,4.742174,"injury","2","clear",false,1,"GM0479"
"20240087868",2024,"Uitsluitend materiele schade",2,"Motor","Fiets","Flank","Kruispunt, 4 takken",30,"Niet brandend","Daglicht","Droog",\N,\N,"Prinsessekade","Leiden","Leiden","Zuid-Holland",false,52.16119,4.485399,"material damage only","4","clear",false,1,"GM0546"
"20240089173",2024,"Uitsluitend materiele schade",2,"Personenauto","Fiets","Flank","Kruispunt, 4 takken",50,"Niet brandend","Daglicht","Droog",\N,\N,"Biltlaan","Katwijk","Katwijk","Zuid-Holland",false,52.206362,4.420673,"material damage only","4","clear",false,1,"GM0537"
"20240100266",2024,"Letsel",2,"Bestelauto","Fiets","Frontaal","Kruispunt, 4 takken",30,"Niet brandend","Daglicht","Droog",\N,\N,"Essendijk","Rhoon","Albrandswaard","Zuid-Holland",false,51.850435,4.422555,"injury","2","clear",false,1,"GM0613"
"20240101226",2024,"Uitsluitend materiele schade",2,"Fiets","Personenauto","Flank","Rechte weg",30,"Niet brandend","Daglicht","Regen",\N,"174312023","Kooiland","Leidschendam","Leidschendam-Voorburg","Zuid-Holland",false,52.09191,4.397684,"material damage only","4","rain",false,1,"GM1916"
"20240101358",2024,"Letsel",2,"Personenauto","Fiets","Flank","Kruispunt, 4 takken",50,"Niet brandend","Daglicht","Regen",\N,\N,"Hofweg","Nootdorp","Pijnacker-Nootdorp","Zuid-Holland",false,52.047095,4.414553,"injury","2","rain",false,1,"GM1926"
"20240079501",2024,"Uitsluitend materiele schade",2,"Snorfiets","Fiets","Kop/staart","Rechte weg",\N,"Niet brandend","Daglicht","Droog","Brug/viaduct","251377021","Zuiderzeeweg","Amsterdam","Amsterdam","Noord-Holland",false,52.387695,4.957843,"material damage only","4","clear",false,1,"GM0363"
"20240089226",2024,"Letsel",2,"Bestelauto","Fiets","Geparkeerd voertuig","Rechte weg",30,"Niet brandend","Daglicht","Droog",\N,"158309121","Weimarstraat","'s-Gravenhage","'s-Gravenhage","Zuid-Holland",false,52.075944,4.281336,"injury","2","clear",false,1,"GM0518"
"20240091776",2024,"Uitsluitend materiele schade",2,"Personenauto","Fiets","Flank","Rotonde",50,"Niet brandend","Daglicht","Droog",\N,\N,"Schijndelseweg","Boxtel","Boxtel","Noord-Brabant",false,51.591753,5.329862,"material damage only","4","clear",false,1,"GM0757"
"20240100956",2024,"Letsel",2,"Fiets","Personenauto","Flank","Kruispunt, 4 takken",30,"Niet brandend","Daglicht","Droog",\N,\N,"Frederik Hendriklaan","Zoetermeer","Zoetermeer","Zuid-Holland",false,52.051512,4.49471,"injury","2","clear",false,1,"GM0637"
"20240071242",2024,"Letsel",1,"Fiets",\N,"Eenzijdig","Bocht",50,"Niet brandend","Daglicht","Droog",\N,"184325026","Cornelis Schuytlaan","Leiden","Leiden","Zuid-Holland",false,52.149374,4.470744,"injury","2","clear",false,1,"GM0546"
"20240079559",2024,"Uitsluitend materiele schade",2,"Personenauto","Fiets","Flank","Rotonde",30,"Niet brandend","Daglicht","Droog",\N,\N,"Jan Evertsenstraat","Amsterdam","Amsterdam","Noord-Holland",false,52.371376,4.858178,"material damage only","4","clear",false,1,"GM0363"
"20240087304",2024,"Uitsluitend materiele schade",1,"Fiets",\N,"Kop/staart","Rechte weg",50,"Niet brandend","Daglicht","Droog",\N,"216444006","Duinweg","Schoorl","Bergen (NH)","Noord-Holland",false,52.686553,4.702179,"material damage only","4","clear",false,1,\N
"20240103222",2024,"Letsel",2,"Fiets",\N,"Flank","Rechte weg",50,"Niet brandend","Daglicht","Droog",\N,"600505582","Heerbaan","Veldhoven","Veldhoven","Noord-Brabant",false,51.42232,5.396041,"injury","2","clear",false,1,"GM0861"
"20240048241",2024,"Uitsluitend materiele schade",2,"Personenauto","Fiets","Flank","Kruispunt, 4 takken",50,"Niet aanwezig","Daglicht","Droog",\N,\N,"Zamenhofdreef","Utrecht","Utrecht","Utrecht",false,52.113494,5.113842,"material damage only","4","clear",false,1,"GM0344"
"20240082108",2024,"Letsel",3,"Personenauto","Fiets","Frontaal","Kruispunt, 4 takken",50,"Niet aanwezig","Daglicht","Droog",\N,\N,"CROOSWIJK 15","Rotterdam","Rotterdam","Zuid-Holland",false,51.940965,4.485315,"injury","2","clear",false,1,"GM0599"
"20240044343",2024,"Letsel",1,"Fiets",\N,"Eenzijdig","Rechte weg",30,"Brandend","Duisternis","Droog","Tunnel","221202001","WALPADTUNNEL","Breda","Breda","Noord-Brabant",false,51.600387,4.748397,"injury","2","clear",false,1,"GM0758"
"20240045246",2024,"Letsel",2,"Fiets",\N,"Frontaal","Rechte weg",60,"Niet aanwezig","Daglicht","Droog",\N,"346170001","Goorsebaan","Helmond","Helmond","Noord-Brabant",false,51.460241,5.655745,"injury","2","clear",false,1,"GM0794"
"20240074472",2024,"Letsel",2,"Personenauto","Fiets","Onbekend","Rotonde",50,"Niet brandend","Daglicht","Regen",\N,\N,"Ringweg","Best","Best","Noord-Brabant",false,51.508677,5.378141,"injury","2","rain",false,1,"GM0753"
"20240081529",2024,"Letsel",2,"Personenauto","Fiets","Flank","Rechte weg",50,"Brandend","Schemer","Droog",\N,"185268102","Bas Jungeriusstraat","Rotterdam","Rotterdam","Zuid-Holland",false,51.89235,4.479596,"injury","2","clear",false,1,"GM0599"
"20230048408",2023,"Uitsluitend materiele schade",2,"Personenauto","Fiets","Flank","Kruispunt, 4 takken",30,"Niet brandend","Daglicht","Droog",\N,\N,"Zuiderweg","Hilversum","Hilversum","Noord-Holland",false,52.227031,5.182936,"material damage only","4","clear",false,1,"GM0402"
"20230054710",2023,"Letsel",2,"Personenauto","Fiets","Geparkeerd voertuig","Rechte weg",30,\N,"Daglicht","Droog",\N,"371063002","Kloosterstraat","Geleen","Sittard-Geleen","Limburg",false,50.976874,5.828288,"injury","2","clear",false,1,"GM1883"
"20230059023",2023,"Letsel",1,"Fiets",\N,"Eenzijdig","Bocht",\N,"Niet brandend","Daglicht","Regen",\N,"184333001","Aert van Neslaan","Oegstgeest","Oegstgeest","Zuid-Holland",false,52.184253,4.471463,"injury","2","rain",false,1,"GM0579"
"20230048433",2023,"Uitsluitend materiele schade",2,"Fiets","Bromfiets","Flank","Rechte weg",50,"Niet brandend","Daglicht","Droog",\N,"271312142","Moskeeplein","Utrecht","Utrecht","Utrecht",false,52.092111,5.104015,"material damage only","4","clear",false,1,"GM0344"
"20230052418",2023,"Letsel",2,"Personenauto","Fiets","Frontaal","Kruispunt, 3 takken",80,"Niet brandend","Daglicht","Droog",\N,\N,"Monnikendijk","Kattendijke","Goes","Zeeland",false,51.509878,3.949369,"injury","2","clear",false,1,"GM0664"
"20230063875",2023,"Letsel",2,"Personenauto","Fiets","Frontaal","Rotonde",50,"Niet brandend","Daglicht","Droog",\N,\N,"Klinkenbergerweg","Ede","Ede","Gelderland",false,52.038318,5.671134,"injury","2","clear",false,1,"GM0228"
"20230064219",2023,"Uitsluitend materiele schade",2,"Personenauto","Fiets","Flank","Rechte weg",30,"Niet brandend","Daglicht","Droog",\N,"600888891","Beumeesweg","Alteveer","Stadskanaal","Groningen",false,53.041412,7.025355,"material damage only","4","clear",false,1,"GM0037"
"20230039664",2023,"Uitsluitend materiele schade",2,"Personenauto","Fiets","Frontaal","Kruispunt, 3 takken",50,"Niet aanwezig","Daglicht","Droog",\N,\N,"Postjesweg","Amsterdam","Amsterdam","Noord-Holland",false,52.364811,4.859578,"material damage only","4","clear",false,1,"GM0363"
"20230040796",2023,"Uitsluitend materiele schade",1,"Fiets",\N,"Voetganger","Rechte weg",30,"Niet brandend","Schemer","Droog",\N,"240371059","Van Baerlestraat","Amsterdam","Amsterdam","Noord-Holland",false,52.358486,4.87819,"material damage only","4","clear",false,1,"GM0363"
"20230047827",2023,"Letsel",2,"Personenauto","Fiets","Geparkeerd voertuig","Rechte weg",30,"Niet brandend","Daglicht","Droog",\N,"212402114","Hoogdorperweg","Heemskerk","Heemskerk","Noord-Holland",false,52.497943,4.672303,"injury","2","clear",false,1,"GM0396"
"20230049577",2023,"Letsel",1,"Fiets",\N,"Eenzijdig","Rechte weg",30,"Brandend","Duisternis","Droog",\N,"600711470","Zeestraat","'s-Gravenzande","Westland","Zuid-Holland",false,52.003541,4.153056,"injury","2","clear",false,1,"GM1783"
"20230054208",2023,"Letsel",2,"Bestelauto","Fiets","Flank","Rotonde",30,"Niet brandend","Daglicht","Droog",\N,\N,"Kerkstraat","Boekel","Boekel","Noord-Brabant",false,51.602973,5.673879,"injury","2","clear",false,1,"GM0755"
"20230058421",2023,"Letsel",2,"Personenauto","e-bike","Flank","Rotonde",50,"Niet brandend","Daglicht","Droog",\N,\N,"Krusemanlaan","Heerhugowaard","Dijk en Waard","Noord-Holland",false,52.675828,4.860928,"injury","2","clear",false,1,"GM1980"
"20230065134",2023,"Uitsluitend materiele schade",2,"Personenauto","Fiets","Flank","Kruispunt, 4 takken",50,"Niet brandend","Daglicht","Droog",\N,\N,"Haaksbergerstraat","Enschede","Enschede","Overijssel",false,52.206651,6.866918,"material damage only","4","clear",false,1,"GM0153"
"20230040262",2023,"Letsel",2,"Fiets","Fiets","Frontaal","Kruispunt, 4 takken",50,"Niet brandend","Daglicht","Droog",\N,\N,"Noorderkeerkring","Alphen aan den Rijn","Alphen aan den Rijn","Zuid-Holland",false,52.126872,4.647133,"injury","2","clear",false,1,"GM0484"
"20230063604",2023,"Letsel",2,"Personenauto","Fiets","Flank","Kruispunt, 4 takken",30,"Niet brandend","Daglicht","Regen",\N,\N,"Tramstraat","Koudekerke","Veere","Zeeland",false,51.480118,3.551156,"injury","2","rain",false,1,"GM0717"
"20230042594",2023,"Letsel",2,"Personenauto","Fiets","Flank","Kruispunt, 4 takken",30,"Niet brandend","Daglicht","Regen",\N,\N,"Veer","Zaamslag","Terneuzen","Zeeland",false,51.312116,3.942266,"injury","2","rain",false,1,"GM0715"
"20230044362",2023,"Uitsluitend materiele schade",1,"Fiets",\N,"Eenzijdig",\N,50,"Niet aanwezig","Daglicht","Droog",\N,"601006231","IJsseldijk","Veessen","Heerde","Gelderland",false,52.366538,6.07334,"material damage only","4","clear",false,1,"GM0246"
"20230046711",2023,"Uitsluitend materiele schade",2,"Bromfiets","Fiets","Flank","Rechte weg",50,"Niet brandend","Daglicht","Droog",\N,"600746758","Kelloggpad","Hoofddorp","Haarlemmermeer","Noord-Holland",false,52.306695,4.679008,"material damage only","4","clear",false,1,"GM0394"