"accident_id","year","severity_raw","party_count","party1_type","party2_type","accident_type","road_situation","speed_limit_kmh","road_lighting","light_condition_label","weather_raw","infra_type","road_segment_id","street_name","place_name","gemeente_name_raw","province","alcohol_indicated","latitude","longitude","severity_label","severity_code","weather_label","built_up_area","cyclists_involved","gemeente_code"
"20230051959",2023,"Letsel",2,"Bromfiets","Fiets","Geparkeerd voertuig","Rechte weg",30,"Niet brandend","Daglicht","Droog","Parkeervoorziening","600419980","Hoekeindseweg","Bleiswijk","Lansingerland","Zuid-Holland",false,51.998985,4.524645,"injury","2","clear",false,1,"GM1621"
"20230043228",2023,"Letsel",2,"Personenauto","Fiets","Frontaal","Rechte weg",60,"Niet aanwezig","Daglicht","Droog",\N,"129262007","Schapengorsedijk","Rockanje","Voorne aan Zee","Zuid-Holland",false,51.857826,4.082786,"injury","2","clear",false,1,"GM1992"
"20230049675",2023,"Letsel",2,"Personenauto","Fiets","Flank","Rotonde",50,"Niet brandend","Daglicht","Droog",\N,\N,"President Kennedylaan","Alphen aan den Rijn","Alphen aan den Rijn","Zuid-Holland",false,52.145444,4.677002,"injury","2","clear",false,1,"GM0484"
"20230052599",2023,"Letsel",2,"Fiets","Fiets","Onbekend","Rechte weg",50,"Niet brandend","Daglicht","Droog",\N,"107250002","Dorpsweg","Ouddorp","Goeree-Overflakkee","Zuid-Holland",false,51.80567,3.921562,"injury","2","clear",false,1,"GM1924"
"20230058867",2023,"Uitsluitend materiele schade",2,"Personenauto","e-bike","Flank","Kruispunt, 3 takken",50,"Niet brandend","Daglicht","Droog",\N,\N,"Van Randwijkstraat","Leiden","Leiden","Zuid-Holland",false,52.147493,4.476234,"material damage only","4","clear",false,1,"GM0546"
"20230063379",2023,"Uitsluitend materiele schade",2,"Personenauto","Fiets","Onbekend","Kruispunt, 4 takken",50,"Niet brandend","Daglicht","Regen","Spoorwegovergang",\N,"Kantsingel","Oss","Oss","Noord-Brabant",false,51.766663,5.545419,"material damage only","4","rain",false,1,"GM0828"
"20230039203",2023,"Letsel",2,"Fiets","Fiets","Frontaal","Rechte weg",50,"Niet brandend","Daglicht","Droog",\N,"600532575","Vasteland","Rotterdam","Rotterdam","Zuid-Holland",false,51.911979,4.479772,"injury","2","clear",false,1,"GM0599"
"20230038694",2023,"Uitsluitend materiele schade",2,"Bestelauto","Fiets","Flank","Bocht",30,"Niet brandend","Daglicht","Regen",\N,"158308008","Rottermontstraat","'s-Gravenhage","'s-Gravenhage","Zuid-Holland",false,52.073262,4.286121,"material damage only","4","rain",false,1,"GM0518"
"20230039816",2023,"Letsel",1,"e-bike",\N,"Eenzijdig","Kruispunt, 3 takken",50,"Niet brandend","Daglicht","Droog",\N,\N,"Madesteinweg","'s-Gravenhage","'s-Gravenhage","Zuid-Holland",false,52.049513,4.222797,"injury","2","clear",false,1,"GM0518"
"20230046245",2023,"Uitsluitend materiele schade",2,"Personenauto","Fiets","Flank","Kruispunt, 3 takken",30,"Niet brandend","Daglicht","Droog",\N,\N,"Dr.Dreeslaan","Wolvega","Weststellingwerf","Friesland",false,52.87539,6.001606,"material damage only","4","clear",false,1,"GM0098"
"20230047997",2023,"Letsel",1,"Fiets",\N,"Eenzijdig","Rotonde",50,"Niet brandend","Daglicht","Droog",\N,\N,"Oosttangent","Heerhugowaard","Dijk en Waard","Noord-Holland",false,52.657345,4.840275,"injury","2","clear",false,1,"GM1980"
"20230058344",2023,"Letsel",2,"Bromfiets","Fiets","Onbekend","Kruispunt, 4 takken",50,"Niet brandend","Daglicht","Droog",\N,\N,"Vijf Meilaan","Leiden","Leiden","Zuid-Holland",false,52.147644,4.475346,"injury","2","clear",false,1,"GM0546"
"20230063729",2023,"Letsel",2,"Personenauto","Fiets","Flank","Kruispunt, 4 takken",50,"Brandend","Duisternis","Regen",\N,\N,"Kloosterlaan","Breda","Breda","Noord-Brabant",false,51.588059,4.782321,"injury","2","rain",false,1,"GM0758"
"20230064449",2023,"Letsel",2,"Personenauto","Fiets","Flank","Rechte weg",50,"Niet brandend","Daglicht","Droog",\N,"465566045","Kastanjelaan","Groningen","Groningen","Groningen",false,53.231515,6.553651,"injury","2","clear",false,1,"GM0014"
"20230058969",2023,"Uitsluitend materiele schade",2,"Personenauto","Fiets","Flank","Kruispunt, 3 takken",15,"Niet brandend","Daglicht","Droog",\N,\N,"Mr P D Fortuynwg","'s-Gravenhage","'s-Gravenhage","Zuid-Holland",false,52.057771,4.2913,"material damage only","4","clear",false,1,"GM0518"
"20230041042",2023,"Letsel",2,"Snorfiets","Fiets","Onbekend","Kruispunt, 4 takken",30,"Niet brandend","Daglicht","Droog",\N,\N,"Kasteel-Traverse","Helmond","Helmond","Noord-Brabant",false,51.477581,5.659758,"injury","2","clear",false,1,"GM0794"
"20230041640",2023,"Uitsluitend materiele schade",3,"Personenauto","Fiets","Onbekend","Rechte weg",50,"Niet brandend","Daglicht","Droog",\N,\N,"Beneluxflat","Roosendaal","Roosendaal","Noord-Brabant",false,51.530312,4.453325,"material damage only","4","clear",false,1,"GM1674"
"20230049268",2023,"Letsel",2,"Personenauto","Fiets","Geparkeerd voertuig","Rechte weg",50,"Niet brandend","Daglicht","Droog","Parkeervoorziening","157302037","Melis Stokelaan","'s-Gravenhage","'s-Gravenhage","Zuid-Holland",false,52.045078,4.277835,"injury","2","clear",false,1,"GM0518"
"20230064167",2023,"Uitsluitend materiele schade",2,"Personenauto","Fiets","Flank","Kruispunt, 3 takken",30,"Niet brandend","Daglicht","Droog",\N,\N,"Laan van het Kinholt","Emmen","Emmen","Drenthe",false,52.787835,6.942617,"material damage only","4","clear",false,1,"GM0114"
"20240133661",2024,"Uitsluitend materiele schade",2,"Fiets","Fiets","Onbekend","Rechte weg",30,"Brandend","Duisternis","Droog",\N,"253366048","De Trekschuit","Diemen","Diemen","Noord-Holland",false,52.336229,4.974282,"material damage only","4","clear",false,1,"GM0384"
"20230065389",2023,"Letsel",2,"e-bike","Overig vast object","Vast voorwerp","Kruispunt, 3 takken",30,"Brandend","Duisternis","Droog",\N,\N,"Liendenlaan","Tiel","Tiel","Gelderland",false,51.880338,5.406471,"injury","2","clear",false,1,"GM0281"
"20240133108",2024,"Letsel",2,"Personenauto","Fiets","Flank","Rotonde",50,"Niet brandend","Daglicht","Droog",\N,\N,"Nootdorpseweg","Pijnacker","Pijnacker-Nootdorp","Zuid-Holland",false,52.018602,4.427911,"injury","2","clear",false,1,"GM1926"
"20230039942",2023,"Letsel",2,"Personenauto","Fiets","Flank","Rotonde",50,"Niet brandend","Daglicht","Droog",\N,\N,"Meerzichtlaan","Zoetermeer","Zoetermeer","Zuid-Holland",false,52.057499,4.463936,"injury","2","clear",false,1,"GM0637"
"20230043408",2023,"Letsel",2,"Personenauto","Fiets","Kop/staart","Kruispunt, 4 takken",30,"Niet brandend","Daglicht","Droog",\N,\N,"Trichterstraat","Bunde","Meerssen","Limburg",false,50.895562,5.73469,"injury","2","clear",false,1,"GM0938"
"20230048121",2023,"Uitsluitend materiele schade",2,"Bestelauto","Fiets","Flank","Rechte weg",50,"Niet brandend","Daglicht","Droog",\N,"271290072","Brugstraat","Vianen","Vijfheerenlanden","Utrecht",false,51.994816,5.10404,"material damage only","4","clear",false,1,"GM1961"
"20230048738",2023,"Letsel",2,"Personenauto","Fiets","Flank","Kruispunt, 4 takken",30,"Niet brandend","Daglicht","Droog",\N,\N,"Dalerveenstraat","'s-Gravenhage","'s-Gravenhage","Zuid-Holland",false,52.049488,4.279448,"injury","2","clear",false,1,"GM0518"
"20230052195",2023,"Uitsluitend materiele schade",2,"Fiets","Bromfiets","Flank","Kruispunt, 3 takken",30,"Brandend","Schemer","Droog",\N,\N,"Voordijk","Barendrecht","Barendrecht","Zuid-Holland",true,51.857007,4.506585,"material damage only","4","clear",false,1,"GM0489"
"20240128095",2024,"Uitsluitend materiele schade",2,"Fiets","Personenauto","Flank","Kruispunt, 3 takken",30,"Niet brandend","Daglicht","Droog",\N,\N,"Normastraat","Apeldoorn","Apeldoorn","Gelderland",false,52.23246,5.982103,"material damage only","4","clear",false,1,"GM0200"
"20230039982",2023,"Letsel",2,"Bromfiets","Fiets","Frontaal","Rechte weg",60,"Niet brandend","Daglicht","Droog",\N,"600568585","Beeklaan","Hillegom","Hillegom","Zuid-Holland",false,52.297119,4.557066,"injury","2","clear",false,1,"GM0534"
"20230040552",2023,"Uitsluitend materiele schade",2,"Personenauto","Fiets","Onbekend","Kruispunt, 4 takken",50,"Niet brandend","Daglicht","Droog",\N,\N,"Van der Boechorststraat","Amsterdam","Amsterdam","Noord-Holland",false,52.335052,4.861797,"material damage only","4","clear",false,1,"GM0363"
"20230045220",2023,"Uitsluitend materiele schade",2,"Personenauto","Fiets","Flank","Rechte weg",60,"Niet aanwezig","Daglicht","Droog",\N,"323272027","Meersteeg","Echteld","Neder-Betuwe","Gelderland",false,51.915804,5.488372,"material damage only","4","clear",false,1,"GM1740"
"20230046374",2023,"Uitsluitend materiele schade",2,"Personenauto","e-bike","Flank","Rotonde",30,"Niet brandend","Daglicht","Droog",\N,\N,"Havenkade","IJmuiden","Velsen","Noord-Holland",false,52.460962,4.601551,"material damage only","4","clear",false,1,"GM0453"
"20230048790",2023,"Uitsluitend materiele schade",2,"Personenauto","Fiets","Onbekend","Rechte weg",30,"Niet brandend","Daglicht","Droog",\N,"600761513","Amsteldijk Zuid","Amstelveen","Amstelveen","Noord-Holland",false,52.259435,4.872689,"material damage only","4","clear",false,1,"GM0362"
"20230049883",2023,"Letsel",3,"Personenauto","Fiets","Onbekend","Bocht",50,"Niet brandend","Daglicht","Regen",\N,"168307173","Parkweg","Voorburg","Leidschendam-Voorburg","Zuid-Holland",false,52.06776,4.35876,"injury","2","rain",false,1,"GM1916"
"20230052801",2023,"Uitsluitend materiele schade",2,"Fiets","Bromfiets","Flank","Kruispunt, 4 takken",30,"Niet brandend","Schemer","Droog",\N,\N,"Vlaardingerdijk","Schiedam","Schiedam","Zuid-Holland",false,51.915151,4.385535,"material damage only","4","clear",false,1,"GM0606"
"20230065004",2023,"Uitsluitend materiele schade",2,"Personenauto","Fiets","Flank","Kruispunt, 4 takken",50,"Niet brandend","Daglicht","Droog",\N,\N,"Wagenmakershoek","Apeldoorn","Apeldoorn","Gelderland",false,52.20476,5.983259,"material damage only","4","clear",false,1,"GM0200"
"20230065035",2023,"Uitsluitend materiele schade",2,"Landbouwvoertuig","Fiets","Frontaal","Rechte weg",60,"Niet brandend","Daglicht","Droog",\N,"404414003","Zwolsedijk","Hasselt","Zwartewaterland","Overijssel",false,52.563507,6.100446,"material damage only","4","clear",false,1,"GM1896"
"20230066452",2023,"Uitsluitend materiele schade",2,"Personenauto","Fiets","Geparkeerd voertuig","Rechte weg",50,"Niet brandend","Daglicht","Droog",\N,"600380122","Wijk aan Zeeërweg","IJmuiden","Velsen","Noord-Holland",false,52.46092,4.616712,"material damage only","4","clear",false,1,"GM0453"
"20240128831",2024,"Letsel",2,"Personenauto","Fiets","Flank","Kruispunt, 3 takken",60,"Niet brandend","Daglicht","Droog",\N,\N,"Noordma","Midlaren","Tynaarlo","Drenthe",false,53.10197,6.687717,"injury","2","clear",false,1,"GM1730"
"20230056896",2023,"Letsel",2,"Fiets","Overig vast object","Vast voorwerp","Bocht",30,"Niet aanwezig","Daglicht","Droog",\N,"600461959","Ooysedijk","Nijmegen","Nijmegen","Gelderland",false,51.850549,5.885263,"injury","2","clear",false,1,"GM0268"
"20240129994",2024,"Letsel",2,"Fiets","Personenauto","Onbekend","Rotonde",50,"Niet brandend","Daglicht","Droog",\N,\N,"Marialaan","Nijmegen","Nijmegen","Gelderland",false,51.84551,5.839651,"injury","2","clear",false,1,"GM0268"
"20230048846",2023,"Letsel",2,"Fiets","Fiets","Onbekend","Rechte weg",50,\N,"Daglicht",\N,\N,"166302004","Steenplaetsstraat","Rijswijk","Rijswijk","Zuid-Holland",false,52.044056,4.340902,"injury","2","unknown",false,1,\N
"20230049414",2023,"Uitsluitend materiele schade",2,"Personenauto","Fiets","Flank","Rechte weg",15,"Niet brandend","Daglicht","Droog",\N,"600107672","Fruitweg","'s-Gravenhage","'s-Gravenhage","Zuid-Holland",false,52.058062,4.305031,"material damage only","4","clear",false,1,"GM0518"
"20230053453",2023,"Letsel",2,"Fiets","Fiets","Kop/staart","Rechte weg",60,"Niet aanwezig","Daglicht","Droog",\N,"600905286","Bergsebaan","Den Hout","Oosterhout","Noord-Brabant",false,51.639207,4.809824,"injury","2","clear",false,1,"GM0826"
"20240131147",2024,"Letsel",1,"Fiets",\N,"Onbekend","Bocht",50,"Niet brandend","Daglicht","Droog",\N,"220430017","Regulierslaan","Alkmaar","Alkmaar","Noord-Holland",false,52.622068,4.724953,"injury","2","clear",false,1,"GM0361"
"20240131174",2024,"Letsel",1,"Fiets",\N,"Onbekend","Rechte weg",50,"Niet brandend","Daglicht","Droog",\N,"600775790","Dorpsstraat","Zwaag","Hoorn","Noord-Holland",false,52.672183,5.086957,"injury","2","clear",false,1,"GM0405"
"20230040079",2023,"Letsel",1,"Fiets",\N,"Eenzijdig","Rechte weg",50,"Niet brandend","Daglicht","Droog",\N,"169295149","Oostsingel","Delft","Delft","Zuid-Holland",false,52.01519,4.363505,"injury","2","clear",false,1,"GM0503"
"20230042954",2023,"Letsel",1,"Fiets",\N,"Eenzijdig","Bocht",50,"Niet brandend","Daglicht","Droog",\N,"262224004","Kleiweg","Waalwijk","Waalwijk","Noord-Brabant",false,51.698575,5.046533,"injury","2","clear",false,1,"GM0867"
"20230043543",2023,"Letsel",1,"Fiets",\N,"Eenzijdig","Rechte weg",50,"Niet brandend","Duisternis","Droog",\N,"387232007","Heiveld","Milsbeek","Gennep","Limburg",false,51.731139,5.948281,"injury","2","clear",false,1,"GM0907"
"20230051742",2023,"Uitsluitend materiele schade",2,"Bromfiets","Fiets","Onbekend","Rechte weg",50,"Niet brandend","Daglicht","Droog",\N,"600655619","Nieuwe Kadijk","Breda","Breda","Noord-Brabant",false,51.601457,4.803048,"material damage only","4","clear",false,1,"GM0758"
"20240131272",2024,"Uitsluitend materiele schade",2,"Fiets","Motor","Flank","Kruispunt, 4 takken",30,"Niet brandend","Daglicht","Droog",\N,\N,"Tweede Helmersstraat","Amsterdam","Amsterdam","Noord-Holland",false,52.363851,4.874411,"material damage only","4","clear",false,1,"GM0363"
"20240131329",2024,"Letsel",2,"Bromfiets","Fiets","Flank","Kruispunt, 4 takken",50,"Niet brandend","Daglicht","Droog",\N,\N,"Rustenburgerweg","Heerhugowaard","Dijk en Waard","Noord-Holland",false,52.651042,4.845333,"injury","2","clear",false,1,"GM1980"
"20230040121",2023,"Uitsluitend materiele schade",1,"Fiets",\N,"Onbekend","Rechte weg",\N,\N,"Daglicht",\N,\N,"239377021","Van der Hoopstraat","Amsterdam","Amsterdam","Noord-Holland",false,52.384422,4.872537,"material damage only","4","unknown",false,1,"GM0363"
"20230049471",2023,"Letsel",1,"Fiets",\N,"Eenzijdig","Rechte weg",30,"Niet brandend","Daglicht","Droog",\N,"600712599","Maasdijk","Maasdijk","Westland","Zuid-Holland",false,51.960564,4.217955,"injury","2","clear",false,1,"GM1783"
"20230054680",2023,"Uitsluitend materiele schade",2,"Fiets","Bromfiets","Kop/staart","Kruispunt, 3 takken",50,"Niet brandend","Daglicht","Droog",\N,\N,"Deltaweg","Helmond","Helmond","Noord-Brabant",false,51.470965,5.701281,"material damage only","4","clear",false,1,"GM0794"
"20240131480",2024,"Uitsluitend materiele schade",2,"Personenauto","Fiets","Flank","Kruispunt, 4 takken",30,"Brandend","Duisternis","Regen",\N,\N,"Osdorper Ban","Amsterdam","Amsterdam","Noord-Holland",false,52.363276,4.805888,"material damage only","4","rain",false,1,"GM0363"
"20240131728",2024,"Letsel",2,"Personenauto","e-bike","Flank","Kruispunt, 4 takken",50,"Niet brandend","Daglicht","Droog",\N,\N,"Spoellaan","Heemskerk","Heemskerk","Noord-Holland",false,52.511376,4.666641,"injury","2","clear",false,1,"GM0396"
"20240133472",2024,"Letsel",2,"Fiets","Fiets","Onbekend","Rechte weg",60,"Niet brandend","Daglicht","Droog",\N,\N,"van Berckelweg","Noordwijk","Noordwijk","Zuid-Holland",false,52.228899,4.466314,"injury","2","clear",false,1,"GM0575"
"20230040737",2023,"Letsel",1,"Fiets",\N,"Eenzijdig","Rechte weg",50,"Niet brandend","Daglicht","Droog",\N,"600417450","Laan van Leidschenveen","'s-Gravenhage","'s-Gravenhage","Zuid-Holland",false,52.061964,4.396787,"injury","2","clear",false,1,"GM0518"
"20220228744",2022,"Uitsluitend materiele schade",2,"Personenauto","Fiets","Onbekend","Kruispunt, 4 takken",50,"Niet brandend","Daglicht","Droog",\N,\N,"Franklin D Rooseveltlaan","Eindhoven","Eindhoven","Noord-Brabant",false,51.476081,5.479671,"material damage only","4","clear",false,1,"GM0772"
"20220207320",2022,"Letsel",2,"Personenauto","Fiets","Flank","Rechte weg",50,"Niet brandend","Daglicht","Droog",\N,"600957949","Groningenlaan","Haarlem","Haarlem","Noord-Holland",false,52.351434,4.654768,"injury","2","clear",false,1,"GM0392"
"20220213575",2022,"Uitsluitend materiele schade",2,"Bromfiets","Fiets","Flank","Rechte weg",50,"Brandend","Duisternis","Droog",\N,"147289083","Galgeweg","Naaldwijk","Westland","Zuid-Holland",false,51.983823,4.205126,"material damage only","4","clear",false,1,"GM1783"
"20220214294",2022,"Letsel",2,"Bromfiets","Fiets","Flank","Kruispunt, 4 takken",50,"Brandend","Duisternis","Droog",\N,\N,"Maasdijk","'s-Gravenzande","Westland","Zuid-Holland",false,51.993636,4.141068,"injury","2","clear",false,1,"GM1783"
"20220217308",2022,"Letsel",2,"Personenauto","Fiets","Geparkeerd voertuig","Rechte weg",50,"Brandend","Schemer","Regen","Parkeervoorziening","600890901","Dierenselaan","'s-Gravenhage","'s-Gravenhage","Zuid-Holland",false,52.066973,4.285623,"injury","2","rain",false,1,"GM0518"
"20220225231",2022,"Letsel",2,"e-bike","Personenauto","Flank","Kruispunt, 4 takken",70,"Brandend","Duisternis","Droog",\N,\N,"Backer en Ruebweg","Breda","Breda","Noord-Brabant",false,51.601806,4.769874,"injury","2","clear",false,1,"GM0758"
"20220198844",2022,"Uitsluitend materiele schade",2,"Personenauto","Fiets","Flank","Rechte weg",50,"Niet brandend","Daglicht","Droog",\N,\N,"Dalwagenseweg","Opheusden","Neder-Betuwe","Gelderland",false,51.929516,5.635898,"material damage only","4","clear",false,1,"GM1740"
"20220213621",2022,"Letsel",2,"Fiets","Fiets","Onbekend","Kruispunt, 3 takken",50,\N,"Daglicht",\N,\N,\N,"Omloop","Boskoop","Alphen aan den Rijn","Zuid-Holland",false,52.070098,4.685564,"injury","2","unknown",false,1,"GM0484"
"20220214493",2022,"Letsel",2,"Personenauto","Fiets","Flank","Kruispunt, 4 takken",50,"Niet brandend","Daglicht","Droog",\N,\N,"Van Leeuwenhoeklaan","Zoetermeer","Zoetermeer","Zuid-Holland",false,52.057656,4.482213,"injury","2","clear",false,1,"GM0637"
"20220219474",2022,"Uitsluitend materiele schade",3,"Personenauto","Fiets","Flank","Rechte weg",30,"Brandend","Duisternis","Droog",\N,"185274093","Meent","Rotterdam","Rotterdam","Zuid-Holland",false,51.922158,4.482579,"material damage only","4","clear",false,1,"GM0599"
"20220200310",2022,"Uitsluitend materiele schade",2,"Personenauto","Fiets","Flank","Kruispunt, 4 takken",50,"Niet brandend","Duisternis","Droog",\N,\N,"Heuvelseweg","Lunteren","Ede","Gelderland",false,52.077657,5.614733,"material damage only","4","clear",false,1,"GM0228"
"20220200341",2022,"Uitsluitend materiele schade",2,"Bestelauto","e-bike","Flank","Kruispunt, 4 takken",30,"Brandend","Schemer","Droog",\N,\N,"Waterstraat","Doetinchem","Doetinchem","Gelderland",false,51.964561,6.286591,"material damage only","4","clear",false,1,"GM0222"
"20220203196",2022,"Uitsluitend materiele schade",1,"e-bike",\N,"Eenzijdig","Kruispunt, 4 takken",50,"Niet brandend","Daglicht","Droog",\N,\N,"Meridiaan","Amersfoort","Amersfoort","Utrecht",false,52.166237,5.385409,"material damage only","4","clear",false,1,"GM0307"
"20220066102",2022,"Dodelijk",3,"Landbouwvoertuig","e-bike","Frontaal","Kruispunt, 3 takken",30,"Niet brandend","Daglicht","Droog",\N,\N,"Heereweg","Noordgouwe","Schouwen-Duiveland","Zeeland",false,51.693417,3.931955,"fatal","1","clear",false,1,"GM1676"
"20220230822",2022,"Dodelijk",2,"Personenauto","e-bike","Flank","Kruispunt, 3 takken",50,"Niet brandend","Daglicht","Droog",\N,\N,"Heinsbergerweg","Roermond","Roermond","Limburg",false,51.174564,6.000344,"fatal","1","clear",false,1,"GM0957"
"20220213671",2022,"Letsel",3,"Bromfiets","Fiets","Los voorwerp","Rechte weg",80,"Niet brandend","Daglicht","Regen",\N,"600629742","Burgemeester Kremerweg","Bodegraven","Bodegraven-Reeuwijk","Zuid-Holland",false,52.091093,4.748606,"injury","2","rain",false,1,"GM1901"
"20220218085",2022,"Letsel",1,"Fiets",\N,"Eenzijdig","Kruispunt, 3 takken",50,"Niet brandend","Daglicht","Droog",\N,\N,"Sportlaan","De Lier","Westland","Zuid-Holland",false,51.97445,4.2459,"injury","2","clear",false,1,"GM1783"
"20220225357",2022,"Uitsluitend materiele schade",2,"Personenauto","Fiets","Flank","Kruispunt, 4 takken",50,"Brandend","Duisternis","Droog",\N,\N,"Westbroek","Breda","Breda","Noord-Brabant",false,51.608505,4.721486,"material damage only","4","clear",false,1,"GM0758"
"20220199707",2022,"Uitsluitend materiele schade",1,"Fiets",\N,"Flank","Kruispunt, 4 takken",30,"Brandend","Schemer",\N,\N,\N,"Het Bijvank","Enschede","Enschede","Overijssel",false,52.195401,6.87833,"material damage only","4","unknown",false,1,"GM0153"
"20220205424",2022,"Uitsluitend materiele schade",2,"Dier","e-bike","Dier","Rechte weg",\N,"Niet brandend","Daglicht","Droog",\N,"600405349","Jan Kerstenpad","Muiden","Gooise Meren","Noord-Holland",false,52.336684,5.064425,"material damage only","4","clear",false,1,"GM1942"
"20220216731",2022,"Letsel",3,"Fiets","Fiets","Onbekend","Rechte weg",30,"Niet brandend","Duisternis","Droog",\N,\N,"Sterrenwachtlaan","Leiden","Leiden","Zuid-Holland",false,52.154936,4.486449,"injury","2","clear",false,1,"GM0546"
"20220225423",2022,"Letsel",2,"Personenauto","Fiets","Flank","Kruispunt, 4 takken",50,"Brandend","Duisternis","Regen",\N,\N,"Lage Witsiebaan","Tilburg","Tilburg","Noord-Brabant",false,51.575202,5.037516,"injury","2","rain",false,1,"GM0855"
"20220211034",2022,"Letsel",1,"e-bike",\N,"Eenzijdig","Kruispunt, 4 takken",50,"Brandend","Duisternis","Droog",\N,\N,"Dusartstraat","Amsterdam","Amsterdam","Noord-Holland",false,52.352596,4.889118,"injury","2","clear",false,1,"GM0363"
"20220213763",2022,"Letsel",2,"Fiets","Fiets","Frontaal","Kruispunt, 3 takken",\N,"Niet brandend","Daglicht","Droog",\N,\N,"Sluisdijk","Gouda","Gouda","Zuid-Holland",false,52.002374,4.692797,"injury","2","clear",false,1,"GM0513"
"20220215343",2022,"Uitsluitend materiele schade",2,"Personenauto","Fiets","Onbekend","Rechte weg",50,"Niet brandend","Daglicht","Droog",\N,"214293037","Bernhardhof","Gouda","Gouda","Zuid-Holland",false,52.008121,4.693588,"material damage only","4","clear",false,1,"GM0513"
"20220216081",2022,"Letsel",2,"Personenauto","Fiets","Flank","Rotonde",60,"Niet brandend","Daglicht","Droog",\N,\N,"Jacoba van Beierenweg","Voorhout","Teylingen","Zuid-Holland",false,52.231098,4.494147,"injury","2","clear",false,1,"GM1525"
"20220217458",2022,"Letsel",1,"Fiets",\N,"Eenzijdig","Rechte weg",30,"Niet brandend","Daglicht","Droog",\N,"141293081","Graaf Florisplein","'s-Gravenzande","Westland","Zuid-Holland",false,52.003168,4.163807,"injury","2","clear",false,1,"GM1783"
"20220097739",2022,"Dodelijk",3,"e-bike","Dier","Dier","Rechte weg",30,"Niet brandend","Daglicht","Droog",\N,"400397023","Gaedsberghweg","Hattem","Hattem","Gelderland",false,52.473435,6.055923,"fatal","1","clear",false,1,"GM0244"
"20220206657",2022,"Uitsluitend materiele schade",2,"Fiets","Bromfiets","Flank","Rechte weg",60,"Brandend","Duisternis","Regen",\N,"600777741","Parallelweg","Wervershoof","Medemblik","Noord-Holland",false,52.729375,5.123157,"material damage only","4","rain",false,1,"GM0420"
"20220208420",2022,"Letsel",1,"Fiets",\N,"Eenzijdig","Rechte weg",30,"Brandend","Duisternis","Droog",\N,"231401102","De Balk","Wormer","Wormerland","Noord-Holland",false,52.491876,4.80775,"injury","2","clear",false,1,"GM0880"
"20220227481",2022,"Uitsluitend materiele schade",2,"Personenauto","Fiets","Flank","Rotonde",50,"Niet brandend","Daglicht","Regen",\N,\N,"Zilverschoon","Veldhoven","Veldhoven","Noord-Brabant",false,51.398929,5.377738,"material damage only","4","rain",false,1,"GM0861"
"20220112432",2022,"Dodelijk",2,"Personenauto","e-bike","Geparkeerd voertuig","Rechte weg",30,"Niet brandend","Daglicht","Droog",\N,"600911985","Vincent van den Heuvelln","Eindhoven","Eindhoven","Noord-Brabant",false,51.446383,5.478613,"fatal","1","clear",false,1,"GM0772"
"20220206798",2022,"Letsel",2,"Fiets","Overig vast object","Vast voorwerp","Rechte weg",30,"Niet brandend","Daglicht","Droog",\N,"252403009","Markerkade","Purmerend","Purmerend","Noord-Holland",false,52.504449,4.961782,"injury","2","clear",false,1,"GM0439"
"20220207670",2022,"Uitsluitend materiele schade",2,"Personenauto","Fiets","Flank","Kruispunt, 3 takken",30,"Niet brandend","Daglicht","Droog",\N,\N,"Ooievaarstraat","Alkmaar","Alkmaar","Noord-Holland",false,52.634077,4.756005,"material damage only","4","clear",false,1,"GM0361"
"20220213909",2022,"Uitsluitend materiele schade",1,"e-bike",\N,"Onbekend",\N,\N,\N,"Daglicht",\N,\N,"600944413","Zandmotorpad","'s-Gravenhage","'s-Gravenhage","Zuid-Holland",false,52.06231,4.209622,"material damage only","4","unknown",false,1,"GM0518"
"20220221199",2022,"Letsel",2,"Personenauto","Fiets","Flank","Rotonde",50,"Niet brandend","Daglicht","Regen",\N,\N,"Martin Luther Kingweg","Rotterdam","Rotterdam","Zuid-Holland",false,51.960649,4.556057,"injury","2","rain",false,1,"GM0599"
"20220214789",2022,"Letsel",2,"Personenauto","Fiets","Flank","Rotonde",50,"Niet brandend","Daglicht","Droog",\N,\N,"Sportlaan","'s-Gravenhage","'s-Gravenhage","Zuid-Holland",false,52.076493,4.251118,"injury","2","clear",false,1,"GM0518"
"20220217647",2022,"Letsel",1,"Fiets",\N,"Eenzijdig","Rechte weg",30,"Niet brandend","Daglicht","Droog",\N,"600616598","Middel Broekweg","Honselersdijk","Westland","Zuid-Holland",false,51.996192,4.228488,"injury","2","clear",false,1,"GM1783"
"20220226452",2022,"Letsel",1,"Fiets",\N,"Eenzijdig",\N,\N,\N,"Daglicht",\N,\N,"600500841","Westerstraat","Goes","Goes","Zeeland",false,51.508422,3.885058,"injury","2","unknown",false,1,"GM0664"
"20220202717",2022,"Letsel",2,"Bestelauto","Fiets","Flank","Kruispunt, 4 takken",50,"Niet brandend","Daglicht","Droog",\N,\N,"Basicweg","Amersfoort","Amersfoort","Utrecht",false,52.176646,5.417464,"injury","2","clear",false,1,"GM0307"
"20220204962",2022,"Uitsluitend materiele schade",2,"Bestelauto","Fiets","Flank","Kruispunt, 4 takken",\N,"Brandend","Schemer","Droog",\N,\N,"Oosterlandweg","Mijdrecht","De Ronde Venen","Utrecht",false,52.214596,4.822392,"material damage only","4","clear",false,1,"GM0736"
"20220216333",2022,"Letsel",2,"Bromfiets","Fiets","Onbekend","Rechte weg",30,"Niet brandend","Daglicht","Droog",\N,"175307091","Veenweg","'s-Gravenhage","'s-Gravenhage","Zuid-Holland",false,52.06609,4.405147,"injury","2","clear",false,1,"GM0518"