"accident_id","year","severity_raw","party_count","party1_type","party2_type","accident_type","road_situation","speed_limit_kmh","road_lighting","light_condition_label","weather_raw","infra_type","road_segment_id","street_name","place_name","gemeente_name_raw","province","alcohol_indicated","latitude","longitude","severity_label","severity_code","weather_label","built_up_area","cyclists_involved","gemeente_code"
"20220217663",2022,"Letsel",2,"Personenauto","Fiets","Flank","Rotonde",50,"Niet brandend","Daglicht","Droog",\N,\N,"van Pallandtlaan","Sassenheim","Teylingen","Zuid-Holland",false,52.230433,4.528765,"injury","2","clear",false,1,"GM1525"
"20220219817",2022,"Uitsluitend materiele schade",2,"Snorfiets","Fiets","Los voorwerp","Kruispunt, 3 takken",30,"Niet brandend","Daglicht","Droog",\N,\N,"Wilgenbos","Dordrecht","Dordrecht","Zuid-Holland",false,51.810464,4.653585,"material damage only","4","clear",false,1,"GM0505"
"20220226512",2022,"Uitsluitend materiele schade",2,"Personenauto","Fiets","Flank","Rechte weg",30,"Niet aanwezig","Daglicht","Droog",\N,"264194041","Professor de Moorplein","Tilburg","Tilburg","Noord-Brabant",false,51.561853,5.055945,"material damage only","4","clear",false,1,"GM0855"
"20220205035",2022,"Letsel",1,"Fiets",\N,"Eenzijdig",\N,30,\N,"Duisternis",\N,\N,"600375893","Van Humboldtstraat","Utrecht","Utrecht","Utrecht",false,52.101311,5.122641,"injury","2","unknown",false,1,"GM0344"
"20220209412",2022,"Letsel",3,"Personenauto","Fiets","Onbekend","Kruispunt, 4 takken",50,"Niet brandend","Daglicht","Droog",\N,\N,"Red Naomistraat","Zwaag","Hoorn","Noord-Holland",false,52.66276,5.064916,"injury","2","clear",false,1,"GM0405"
"20220210565",2022,"Letsel",2,"Personenauto","e-bike","Flank","Kruispunt, 3 takken",50,"Niet brandend","Daglicht","Droog",\N,\N,"Vikingpad","Amsterdam","Amsterdam","Noord-Holland",false,52.410541,4.912695,"injury","2","clear",false,1,"GM0363"
"20220220675",2022,"Uitsluitend materiele schade",2,"Snorfiets","e-bike","Flank","Rechte weg",\N,"Niet brandend","Daglicht","Droog",\N,"183273110","Rochussenstraat","Rotterdam","Rotterdam","Zuid-Holland",false,51.915267,4.470965,"material damage only","4","clear",false,1,"GM0599"
"20220205058",2022,"Uitsluitend materiele schade",1,"Fiets",\N,"Eenzijdig","Rechte weg",50,"Brandend","Duisternis","Sneeuw/Hagel",\N,"271312159","Amsterdamsestraatweg","Utrecht","Utrecht","Utrecht",false,52.095998,5.108215,"material damage only","4","unknown",false,1,"GM0344"
"20220220006",2022,"Letsel",2,"Personenauto","Fiets","Frontaal","Kruispunt, 3 takken",30,"Niet brandend","Daglicht","Droog",\N,\N,"Dordtselaan","Rotterdam","Rotterdam","Zuid-Holland",false,51.889833,4.493834,"injury","2","clear",false,1,"GM0599"
"20220200777",2022,"Letsel",2,"Fiets","e-bike","Frontaal","Rechte weg",30,"Niet brandend","Schemer","Droog",\N,\N,"Boschweg","Rossum","Dinkelland","Overijssel",false,52.337295,6.932784,"injury","2","clear",false,1,"GM1774"
"20220222841",2022,"Uitsluitend materiele schade",2,"Personenauto","Fiets","Onbekend","Kruispunt, 4 takken",50,"Niet brandend","Daglicht","Droog",\N,\N,"Stadhuisplein","Rotterdam","Rotterdam","Zuid-Holland",false,51.922564,4.478609,"material damage only","4","clear",false,1,"GM0599"
"20220224151",2022,"Uitsluitend materiele schade",3,"Bromfiets","Fiets","Onbekend","Rechte weg",50,"Niet aanwezig","Daglicht","Droog",\N,\N,"Wouwbaan","Roosendaal","Roosendaal","Noord-Brabant",false,51.532733,4.431704,"material damage only","4","clear",false,1,"GM1674"
"20220227843",2022,"Uitsluitend materiele schade",2,"Snorfiets","Fiets","Flank","Kruispunt, 4 takken",\N,"Niet brandend","Daglicht","Droog",\N,\N,"Oude Bossche Baan","Eindhoven","Eindhoven","Noord-Brabant",false,51.487073,5.441745,"material damage only","4","clear",false,1,"GM0772"
"20220230308",2022,"Letsel",2,"Personenauto","Fiets","Flank","Kruispunt, 4 takken",30,"Niet brandend","Daglicht","Droog",\N,\N,"Spekhouwerstraat","Voerendaal","Voerendaal","Limburg",true,50.883172,5.925698,"injury","2","clear",false,1,"GM0986"
"20220200818",2022,"Uitsluitend materiele schade",2,"Personenauto","Fiets","Flank","Kruispunt, 3 takken",50,"Niet aanwezig","Daglicht","Regen",\N,\N,"Sleedoornstraat","Nijmegen","Nijmegen","Gelderland",false,51.831548,5.885282,"material damage only","4","rain",false,1,"GM0268"
"20220203688",2022,"Uitsluitend materiele schade",2,"Personenauto","Fiets","Onbekend","Rechte weg",50,"Niet brandend","Daglicht","Droog",\N,"600786729","Arnhemse Bovenweg","Zeist","Zeist","Utrecht",false,52.074196,5.258191,"material damage only","4","clear",false,1,"GM0355"
"20220207976",2022,"Letsel",2,"Personenauto","e-bike","Flank","Rotonde",50,"Niet brandend","Daglicht","Droog",\N,\N,"Twiskeweg","Zaandam","Zaanstad","Noord-Holland",false,52.442616,4.851798,"injury","2","clear",false,1,"GM0479"
"20220214999",2022,"Uitsluitend materiele schade",2,"Bestelauto","Fiets","Los voorwerp","Bocht",50,"Niet brandend","Daglicht","Droog",\N,\N,"Windesheimstraat","'s-Gravenhage","'s-Gravenhage","Zuid-Holland",false,52.050126,4.282131,"material damage only","4","clear",false,1,"GM0518"
"20220216482",2022,"Letsel",1,"Fiets",\N,"Eenzijdig","Kruispunt, 4 takken",50,"Niet brandend","Daglicht","Droog",\N,\N,"Dreeslaan","Naaldwijk","Westland","Zuid-Holland",false,51.991984,4.217883,"injury","2","clear",false,1,"GM1783"
"20220219256",2022,"Letsel",2,"Bromfiets","Fiets","Frontaal","Bocht",50,"Niet brandend","Daglicht","Droog",\N,"600361598","Breeweg","Rotterdam","Rotterdam","Zuid-Holland",false,51.890748,4.5157,"injury","2","clear",false,1,"GM0599"
"20220206485",2022,"Uitsluitend materiele schade",2,"Snorfiets","Fiets","Onbekend","Rechte weg",\N,"Niet brandend","Daglicht","Droog",\N,"223435007","Noorderkade","Alkmaar","Alkmaar","Noord-Holland",false,52.643498,4.74532,"material damage only","4","clear",false,1,"GM0361"
"20220213431",2022,"Letsel",2,\N,"Fiets","Eenzijdig","Rechte weg",30,"Niet brandend","Daglicht","Droog",\N,"144294001","Poelkade","'s-Gravenzande","Westland","Zuid-Holland",false,52.004288,4.180543,"injury","2","clear",false,1,"GM1783"
"20220230429",2022,"Uitsluitend materiele schade",2,"Fiets","Personenauto","Onbekend","Kruispunt, 4 takken",50,"Niet brandend","Daglicht","Droog",\N,\N,"Kevelaerstraat","Weert","Weert","Limburg",false,51.258836,5.689457,"material damage only","4","clear",false,1,"GM0988"
"20220205230",2022,"Letsel",2,"e-bike","Personenauto","Flank","Kruispunt, 4 takken",30,"Brandend","Duisternis","Mist",\N,\N,"Bredaweg","Almere","Almere","Flevoland",false,52.357713,5.202263,"injury","2","fog",false,1,"GM0034"
"20220207274",2022,"Letsel",2,"Bestelauto","Fiets","Flank","Kruispunt, 4 takken",60,"Niet brandend","Daglicht","Droog",\N,\N,"FIETSPAD","De Waal","Texel","Noord-Holland",false,53.07344,4.802141,"injury","2","clear",false,1,"GM0448"
"20220211484",2022,"Uitsluitend materiele schade",2,"Personenauto","Fiets","Flank","Rechte weg",30,"Brandend","Schemer","Droog",\N,"600421802","Kinkerstraat","Amsterdam","Amsterdam","Noord-Holland",false,52.364733,4.862194,"material damage only","4","clear",false,1,"GM0363"
"20220214243",2022,"Letsel",2,"Personenauto","Fiets","Flank","Rechte weg",50,"Niet brandend","Daglicht","Droog",\N,"600101191","Albert Schweitzerlaan","'s-Gravenzande","Westland","Zuid-Holland",false,52.007615,4.165167,"injury","2","clear",false,1,"GM1783"
"20220214258",2022,"Letsel",2,"Bromfiets","Fiets","Onbekend","Rechte weg",50,"Niet brandend","Daglicht","Droog",\N,\N,"Fruitweg","'s-Gravenhage","'s-Gravenhage","Zuid-Holland",false,52.059,4.306637,"injury","2","clear",false,1,"GM0518"
"20220217257",2022,"Letsel",2,"Fiets","Fiets","Onbekend","Rechte weg",30,"Niet brandend","Daglicht","Droog",\N,"161316034","Verseveldtweg","'s-Gravenhage","'s-Gravenhage","Zuid-Holland",false,52.107729,4.303954,"injury","2","clear",false,1,"GM0518"
"20240133944",2024,"Uitsluitend materiele schade",2,"Personenauto","Fiets","Voetganger","Rotonde",50,"Brandend","Duisternis","Regen",\N,\N,"van Panhuysstraat","Noordwijk","Noordwijk","Zuid-Holland",false,52.241227,4.446008,"material damage only","4","rain",false,1,"GM0575"
"20240135793",2024,"Letsel",2,"Personenauto","Fiets","Flank","Kruispunt, 3 takken",30,"Niet brandend","Daglicht","Droog",\N,\N,"Schiedamseweg","Rotterdam","Rotterdam","Zuid-Holland",false,51.909555,4.449365,"injury","2","clear",false,1,"GM0599"
"20240137695",2024,"Letsel",2,"Fiets","Personenauto","Onbekend","Kruispunt, 3 takken",30,"Niet brandend","Daglicht","Droog",\N,\N,"Bremstraat","Heerlen","Heerlen","Limburg",false,50.919267,5.955484,"injury","2","clear",false,1,"GM0917"
"20240139595",2024,"Uitsluitend materiele schade",2,"Fiets","Onbekend voertuig i.g.v. doorrijder","Onbekend","Kruispunt, 4 takken",50,"Niet brandend","Daglicht","Regen",\N,\N,"Groningerstraatweg","Leeuwarden","Leeuwarden","Friesland",false,53.20895,5.806448,"material damage only","4","rain",false,1,"GM0080"
"20240142144",2024,"Letsel",2,"Fiets","Fiets","Flank","Bocht",15,"Niet aanwezig","Daglicht","Droog",\N,"236370044","Theophile de Bockstraat","Amsterdam","Amsterdam","Noord-Holland",false,52.354849,4.848613,"injury","2","clear",false,1,"GM0363"
"20240143736",2024,"Letsel",2,"Fiets","Fiets","Flank","Rechte weg",30,"Niet brandend","Daglicht","Droog",\N,"600167111","Langegracht","Leiden","Leiden","Zuid-Holland",false,52.162985,4.497347,"injury","2","clear",false,1,"GM0546"
"20240148439",2024,"Uitsluitend materiele schade",2,"Personenauto","Fiets","Flank","Rotonde",50,"Niet brandend","Daglicht","Droog",\N,\N,"Prins Willem-Alexanderln","Apeldoorn","Apeldoorn","Gelderland",false,52.204629,5.941377,"material damage only","4","clear",false,1,"GM0200"
"20240135289",2024,"Letsel",2,"Personenauto","Fiets","Geparkeerd voertuig","Rechte weg",50,"Brandend","Schemer","Droog",\N,\N,"Jonker Fransstraat","Rotterdam","Rotterdam","Zuid-Holland",false,51.929988,4.486582,"injury","2","clear",false,1,"GM0599"
"20240135918",2024,"Uitsluitend materiele schade",2,"Fiets","Snorfiets","Flank","Rechte weg",30,"Brandend","Duisternis",\N,\N,"185272093","Schiedamsedijk","Rotterdam","Rotterdam","Zuid-Holland",false,51.912421,4.482057,"material damage only","4","unknown",false,1,"GM0599"
"20240137820",2024,"Uitsluitend materiele schade",2,"Personenauto","Fiets","Frontaal","Rechte weg",60,"Niet brandend","Duisternis","Droog",\N,"325221001","Loosbroeksestraat","Heesch","Bernheze","Noord-Brabant",false,51.687619,5.500017,"material damage only","4","clear",false,1,"GM1721"
"20240139051",2024,"Letsel",2,"Personenauto","Fiets","Flank","Kruispunt, 4 takken",30,"Niet aanwezig","Daglicht","Regen",\N,\N,"Emdenmeen","Harderwijk","Harderwijk","Gelderland",false,52.343918,5.611536,"injury","2","rain",false,1,"GM0243"
"20240139123",2024,"Uitsluitend materiele schade",3,\N,"Fiets","Flank","Kruispunt, 4 takken",50,"Brandend","Daglicht","Droog",\N,\N,"Venestraat","Assen","Assen","Drenthe",false,53.000991,6.554726,"material damage only","4","clear",false,1,"GM0106"
"20240141107",2024,"Uitsluitend materiele schade",1,"Fiets",\N,"Onbekend",\N,50,\N,"Daglicht",\N,\N,"600849050","Gengske","Millingen aan de Rijn","Berg en Dal","Gelderland",false,51.862079,6.046253,"material damage only","4","unknown",false,1,"GM1945"
"20240141477",2024,"Uitsluitend materiele schade",2,"Snorfiets","Fiets","Flank","Kruispunt, 4 takken",30,"Niet brandend","Daglicht","Droog",\N,\N,"Overschiestraat","Amsterdam","Amsterdam","Noord-Holland",false,52.344297,4.837043,"material damage only","4","clear",false,1,"GM0363"
"20240143323",2024,"Uitsluitend materiele schade",2,"Fiets","Bromfiets","Kop/staart","Kruispunt, 3 takken",50,"Niet brandend","Daglicht","Droog","Brug/viaduct",\N,"Kruisbroekweg","Naaldwijk","Westland","Zuid-Holland",false,51.988204,4.2019,"material damage only","4","clear",false,1,"GM1783"
"20240134138",2024,"Uitsluitend materiele schade",2,"Personenauto","Fiets","Frontaal","Rechte weg",30,"Brandend","Schemer","Droog",\N,"224198067","Clausstraat","Breda","Breda","Noord-Brabant",false,51.581501,4.767454,"material damage only","4","clear",false,1,"GM0758"
"20240138552",2024,"Letsel",2,"Personenauto","Fiets","Onbekend","Kruispunt, 4 takken",50,"Niet brandend","Daglicht","Droog",\N,\N,"Leidijk","Drachten","Smallingerland","Friesland",false,53.104138,6.113148,"injury","2","clear",false,1,"GM0090"
"20240137949",2024,"Letsel",2,"Fiets","Personenauto","Onbekend","Kruispunt, 3 takken",30,"Niet aanwezig","Daglicht","Droog",\N,\N,"Legedyk","Leeuwarden","Leeuwarden","Friesland",false,53.184819,5.801418,"injury","2","clear",false,1,"GM0080"
"20240141235",2024,"Uitsluitend materiele schade",2,"Fiets","Fiets","Flank","Rechte weg",50,"Niet brandend","Daglicht","Droog",\N,"600691503","Dennenbosweg","Hengelo","Hengelo (O)","Overijssel",false,52.273247,6.796795,"material damage only","4","clear",false,1,\N
"20240142951",2024,"Letsel",2,"Fiets","Voetganger","Voetganger","Rechte weg",30,"Niet brandend","Daglicht","Droog",\N,"253351051","Hoogstraat","Abcoude","De Ronde Venen","Utrecht",false,52.27137,4.97452,"injury","2","clear",false,1,"GM0736"
"20240144591",2024,"Letsel",2,"Fiets","Fiets","Onbekend",\N,\N,\N,"Daglicht",\N,\N,"187274013","Nieuwehaven","Rotterdam","Rotterdam","Zuid-Holland",false,51.921453,4.495769,"injury","2","unknown",false,1,"GM0599"
"20240134251",2024,"Uitsluitend materiele schade",2,"Fiets","Personenauto","Flank","Kruispunt, 3 takken",30,"Niet brandend","Daglicht","Droog",\N,\N,"Burg Aernoudtsweg","Sluis","Sluis","Zeeland",false,51.302073,3.39437,"material damage only","4","clear",false,1,"GM1714"
"20240138031",2024,"Uitsluitend materiele schade",2,"Personenauto","Fiets","Flank","Kruispunt, 4 takken",30,"Niet brandend","Daglicht","Droog",\N,"601057498","Deventerstraat","Apeldoorn","Apeldoorn","Gelderland",false,52.22832,6.018338,"material damage only","4","clear",false,1,"GM0200"
"20240142478",2024,"Letsel",3,"Bestelauto","Fiets","Onbekend","Rotonde",50,"Niet brandend","Daglicht","Droog",\N,\N,"Bestevaerstraat","Alkmaar","Alkmaar","Noord-Holland",false,52.618439,4.759789,"injury","2","clear",false,1,"GM0361"
"20240142489",2024,"Letsel",2,"Fiets","Fiets","Eenzijdig","Rechte weg",30,"Niet brandend","Schemer","Droog",\N,"204393037","Lange Nieuwstraat","IJmuiden","Velsen","Noord-Holland",false,52.457419,4.611631,"injury","2","clear",false,1,"GM0453"
"20240142995",2024,"Letsel",2,"Personenauto","Fiets","Flank","Kruispunt, 3 takken",50,"Niet brandend","Daglicht","Droog",\N,\N,"Langstraat","Dronten","Dronten","Flevoland",false,52.514637,5.727183,"injury","2","clear",false,1,"GM0303"
"20240148084",2024,"Letsel",2,"Motor","Fiets","Flank","Kruispunt, 3 takken",50,"Brandend","Duisternis","Regen",\N,\N,"de Schacht","Dongen","Dongen","Noord-Brabant",false,51.61526,4.92837,"injury","2","rain",false,1,"GM0766"
"20240148087",2024,"Uitsluitend materiele schade",1,"Fiets",\N,"Onbekend","Rechte weg",15,"Brandend","Duisternis","Droog",\N,"296218031","Vughterweg","'s-Hertogenbosch","'s-Hertogenbosch","Noord-Brabant",false,51.673974,5.292078,"material damage only","4","clear",false,1,"GM0796"
"20240135560",2024,"Uitsluitend materiele schade",2,"Fiets","Personenauto","Flank","Rechte weg",50,"Niet brandend","Daglicht","Droog",\N,"208252017","Hof van Holland","Zwijndrecht","Zwijndrecht","Zuid-Holland",false,51.822864,4.65146,"material damage only","4","clear",false,1,"GM0642"
"20240142517",2024,"Uitsluitend materiele schade",2,"Personenauto","Fiets","Flank","Rechte weg",50,"Brandend","Duisternis","Droog",\N,"227405024","Industrieweg","Wormerveer","Zaanstad","Noord-Holland",false,52.513203,4.780857,"material damage only","4","clear",false,1,"GM0479"
"20240145343",2024,"Uitsluitend materiele schade",2,"Personenauto","Fiets","Flank","Kruispunt, 3 takken",50,"Brandend","Duisternis","Regen",\N,\N,"Haven","Alblasserdam","Alblasserdam","Zuid-Holland",false,51.860747,4.659964,"material damage only","4","rain",false,1,"GM0482"
"20240145939",2024,"Uitsluitend materiele schade",2,"Personenauto","Fiets","Onbekend","Kruispunt, 3 takken",30,"Niet brandend","Daglicht","Droog",\N,\N,"Anna-Hoevestraat","Brielle","Voorne aan Zee","Zuid-Holland",false,51.903156,4.152758,"material damage only","4","clear",false,1,"GM1992"
"20240145955",2024,"Uitsluitend materiele schade",2,"Bromfiets","Fiets","Onbekend","Kruispunt, 4 takken",30,"Brandend","Duisternis","Mist",\N,\N,"Stationssingel","Rotterdam","Rotterdam","Zuid-Holland",false,51.925965,4.468347,"material damage only","4","fog",false,1,"GM0599"
"20240144098",2024,"Letsel",2,"Scootmobiel","Fiets","Flank","Kruispunt, 4 takken",30,"Niet brandend","Daglicht","Droog",\N,\N,"Haarlemmerstraat","Leiden","Leiden","Zuid-Holland",false,52.16172,4.485535,"injury","2","clear",false,1,"GM0546"
"20240145748",2024,"Uitsluitend materiele schade",2,"Brommobiel","Fiets","Flank","Rechte weg",50,"Brandend","Duisternis","Droog",\N,\N,"Zuiderparkweg","Rotterdam","Rotterdam","Zuid-Holland",false,51.874018,4.477933,"material damage only","4","clear",false,1,"GM0599"
"20240134390",2024,"Uitsluitend materiele schade",2,"Fiets","Personenauto","Flank","Kruispunt, 4 takken",80,"Niet brandend","Daglicht","Droog",\N,\N,"Oosteinde","Wijngaarden","Molenlanden","Zuid-Holland",false,51.845032,4.787191,"material damage only","4","clear",false,1,"GM1978"
"20240137517",2024,"Letsel",2,"Personenauto","Fiets","Flank","Rotonde",50,"Niet brandend","Daglicht","Droog",\N,\N,"St Petrus Canisiuslaan","Eindhoven","Eindhoven","Noord-Brabant",false,51.423905,5.506134,"injury","2","clear",false,1,"GM0772"
"20240143095",2024,"Letsel",1,"Fiets",\N,"Onbekend","Rechte weg",50,"Niet brandend","Daglicht","Droog",\N,\N,"Balijpad","Zoetermeer","Zoetermeer","Zuid-Holland",false,52.047859,4.459373,"injury","2","clear",false,1,"GM0637"
"20240145650",2024,"Letsel",2,"Personenauto","Fiets","Flank","Kruispunt, 3 takken",50,"Niet brandend","Daglicht","Droog",\N,\N,"Vondellaan","Alblasserdam","Alblasserdam","Zuid-Holland",false,51.863663,4.6683,"injury","2","clear",false,1,"GM0482"
"20240146278",2024,"Letsel",2,"Bromfiets","Fiets","Flank","Rechte weg",30,"Niet brandend","Daglicht","Droog",\N,"600917313","Strandweg","'s-Gravenhage","'s-Gravenhage","Zuid-Holland",false,52.107455,4.271704,"injury","2","clear",false,1,"GM0518"
"20240136923",2024,"Letsel",2,"Fiets","Personenauto","Flank","Kruispunt, 3 takken",50,"Niet brandend","Daglicht","Droog",\N,\N,"Sch van der Kelenstraat","Panningen","Peel en Maas","Limburg",false,51.322001,5.984419,"injury","2","clear",false,1,"GM1894"
"20240143630",2024,"Letsel",1,"Fiets",\N,"Onbekend","Rechte weg",50,"Niet brandend","Daglicht","Regen",\N,"600999313","Skipad","Zoetermeer","Zoetermeer","Zuid-Holland",false,52.069873,4.454554,"injury","2","rain",false,1,"GM0637"
"20240146060",2024,"Letsel",2,"Bestelauto","Fiets","Frontaal","Kruispunt, 4 takken",60,"Brandend","Schemer","Droog",\N,\N,"Rijsdijk","Rhoon","Albrandswaard","Zuid-Holland",false,51.855696,4.437322,"injury","2","clear",false,1,"GM0613"
"20240135711",2024,"Letsel",2,"Personenauto","Fiets","Flank","Kruispunt, 4 takken",30,"Niet brandend","Daglicht","Droog",\N,\N,"Schroeder van der Kolkln","Poortugaal","Albrandswaard","Zuid-Holland",false,51.857066,4.408168,"injury","2","clear",false,1,"GM0613"
"20240137606",2024,"Uitsluitend materiele schade",2,"Fiets","Personenauto","Flank","Rotonde",50,"Niet brandend","Daglicht","Droog",\N,\N,"Lipsstraat","Drunen","Heusden","Noord-Brabant",false,51.690392,5.146597,"material damage only","4","clear",false,1,"GM0797"
"20240137616",2024,"Letsel",2,"Personenauto","Fiets","Flank","Rotonde",50,\N,"Daglicht","Droog",\N,\N,"Thorbeckelaan","Goes","Goes","Zeeland",false,51.512129,3.881107,"injury","2","clear",false,1,"GM0664"
"20240138890",2024,"Uitsluitend materiele schade",1,"e-bike",\N,"Eenzijdig","Rotonde",30,"Niet brandend","Daglicht","Droog",\N,"600663373","Frieswijkstraat","Nijkerk","Nijkerk","Gelderland",false,52.220809,5.484275,"material damage only","4","clear",false,1,"GM0267"
"20240144855",2024,"Letsel",2,"Fiets","Fiets","Onbekend",\N,50,\N,"Duisternis",\N,\N,"600516199","Noordweg","Middelburg","Middelburg","Zeeland",false,51.51905,3.60635,"injury","2","unknown",false,1,\N
"20240149703",2024,"Uitsluitend materiele schade",2,"Bestelauto","Fiets","Los voorwerp","Rotonde",30,"Brandend","Duisternis","Droog",\N,\N,"Burgemeester Labreelaan","Barneveld","Barneveld","Gelderland",false,52.126773,5.567191,"material damage only","4","clear",false,1,"GM0203"
"20240151092",2024,"Letsel",2,"Bestelauto","Fiets","Flank","Kruispunt, 3 takken",30,"Niet brandend","Daglicht","Regen",\N,\N,"Meerkoet","Bunschoten-Spakenburg","Bunschoten","Utrecht",false,52.236344,5.367734,"injury","2","rain",false,1,"GM0313"
"20240147578",2024,"Uitsluitend materiele schade",2,"Bromfiets","Fiets","Flank","Rechte weg",70,"Niet brandend","Daglicht","Droog",\N,"600820396","Hoge Weerd","Maastricht","Maastricht","Limburg",false,50.826539,5.703423,"material damage only","4","clear",false,1,"GM0935"
"20240150618",2024,"Uitsluitend materiele schade",2,"Fiets","Snorfiets","Flank","Rechte weg",30,"Brandend","Duisternis","Droog",\N,"600921054","Dassenburcht","Vleuten","Utrecht","Utrecht",false,52.091173,5.013364,"material damage only","4","clear",false,1,"GM0344"
"20240000629",2024,"Letsel",2,"Personenauto","Fiets","Flank","Kruispunt, 3 takken",30,"Niet brandend","Daglicht","Droog",\N,\N,"Westhilstraat","Hellevoetsluis","Voorne aan Zee","Zuid-Holland",false,51.853093,4.145556,"injury","2","clear",false,1,"GM1992"
"20240008232",2024,"Uitsluitend materiele schade",2,"Fiets","Personenauto","Flank","Rotonde",50,"Niet brandend","Daglicht","Regen",\N,\N,"Floralaan","Rijnsburg","Katwijk","Zuid-Holland",false,52.185564,4.447412,"material damage only","4","rain",false,1,"GM0537"
"20240009940",2024,"Uitsluitend materiele schade",1,"Fiets",\N,"Eenzijdig","Rechte weg",50,"Niet brandend","Daglicht","Droog",\N,"601114231","Karel de Grotelaan","Deventer","Deventer","Overijssel",false,52.269853,6.164144,"material damage only","4","clear",false,1,"GM0150"
"20240010356",2024,"Uitsluitend materiele schade",2,"Personenauto","Fiets","Flank","Kruispunt, 4 takken",50,"Niet brandend","Daglicht","Droog",\N,\N,"Overwinningsplein","Groningen","Groningen","Groningen",false,53.198386,6.55841,"material damage only","4","clear",false,1,"GM0014"
"20240013224",2024,"Letsel",2,"Personenauto","Fiets","Flank","Kruispunt, 4 takken",30,"Brandend","Duisternis","Droog",\N,\N,"Herengracht","Amsterdam","Amsterdam","Noord-Holland",false,52.365025,4.892636,"injury","2","clear",false,1,"GM0363"
"20240152914",2024,"Uitsluitend materiele schade",2,"Personenauto","Fiets","Frontaal","Rechte weg",30,"Niet brandend","Daglicht","Regen",\N,"224500003","Annie Romein-Verschoorln","Den Helder","Den Helder","Noord-Holland",false,52.938978,4.749868,"material damage only","4","rain",false,1,"GM0400"
"20230110484",2023,"Letsel",2,\N,"Fiets","Eenzijdig","Rechte weg",50,"Niet brandend","Daglicht","Harde windstoten/Regen",\N,"317166005","Zeelsterstraat","Eindhoven","Eindhoven","Noord-Brabant",false,51.43738,5.439378,"injury","2","unknown",false,1,"GM0772"
"20230111081",2023,"Letsel",3,"Personenauto","Fiets","Onbekend","Rechte weg",50,"Brandend","Duisternis","Regen",\N,"212324025","Troubadourweg","Alphen aan den Rijn","Alphen aan den Rijn","Zuid-Holland",false,52.145425,4.675874,"injury","2","rain",false,1,"GM0484"
"20230112855",2023,"Letsel",2,"Personenauto","Fiets","Flank","Rotonde",50,"Brandend","Schemer","Regen",\N,\N,"Lange Kerkdam","Wassenaar","Wassenaar","Zuid-Holland",false,52.141467,4.399111,"injury","2","rain",false,1,"GM0629"
"20240007304",2024,"Letsel",1,"Fiets",\N,"Onbekend","Kruispunt, 4 takken",30,"Brandend","Duisternis","Droog",\N,\N,"Weteringschans","Amsterdam","Amsterdam","Noord-Holland",false,52.35964,4.891146,"injury","2","clear",false,1,"GM0363"
"20240156507",2024,"Uitsluitend materiele schade",2,"Personenauto","Fiets","Onbekend","Kruispunt, 3 takken",60,"Brandend","Duisternis","Droog",\N,\N,"Willemspolderweg","Dinteloord","Steenbergen","Noord-Brabant",false,51.628627,4.396495,"material damage only","4","clear",false,1,"GM0851"
"20240006150",2024,"Letsel",2,"Personenauto","Fiets","Flank","Rotonde",50,"Niet brandend","Daglicht","Droog",\N,\N,"Europaweg","Haarlem","Haarlem","Noord-Holland",false,52.35514,4.648792,"injury","2","clear",false,1,"GM0392"
"20240154300",2024,"Uitsluitend materiele schade",2,"Snorfiets","Fiets","Onbekend","Rechte weg",50,"Brandend","Duisternis","Regen",\N,\N,"FIETSPAD","Rotterdam","Rotterdam","Zuid-Holland",false,51.912089,4.481941,"material damage only","4","rain",false,1,"GM0599"
"20240006181",2024,"Letsel",2,"Personenauto","Fiets","Flank","Kruispunt, 3 takken",30,"Niet brandend","Daglicht","Droog",\N,\N,"Dorpsstraat","Wormer","Wormerland","Noord-Holland",false,52.499944,4.819769,"injury","2","clear",false,1,"GM0880"
"20240008357",2024,"Letsel",1,"e-bike",\N,"Onbekend","Kruispunt, 4 takken",50,"Niet brandend","Daglicht","Droog",\N,\N,"Van der Kunstraat","'s-Gravenhage","'s-Gravenhage","Zuid-Holland",false,52.062794,4.314228,"injury","2","clear",false,1,"GM0518"
"20230108791",2023,"Uitsluitend materiele schade",2,"Fiets","Personenauto","Flank","Kruispunt, 3 takken",50,"Niet brandend","Daglicht","Droog",\N,\N,"Alaskastroom","Huizen","Huizen","Noord-Holland",false,52.307475,5.250523,"material damage only","4","clear",false,1,"GM0406"
"20230108817",2023,"Letsel",1,"Fiets",\N,"Eenzijdig","Rechte weg",30,"Brandend","Duisternis","Droog",\N,"600564335","van Heemstralaan","Baarn","Baarn","Utrecht",false,52.218476,5.267427,"injury","2","clear",false,1,"GM0308"
"20230111166",2023,"Uitsluitend materiele schade",2,"Brommobiel","Fiets","Flank","Rechte weg",\N,"Niet brandend","Daglicht","Regen",\N,"230371057","Osdorpplein","Amsterdam","Amsterdam","Noord-Holland",false,52.358475,4.803657,"material damage only","4","rain",false,1,"GM0363"
"20230111175",2023,"Uitsluitend materiele schade",3,"Personenauto","Fiets","Onbekend","Kruispunt, 4 takken",50,"Niet brandend","Daglicht","Droog",\N,\N,"Sacharovlaan","Amstelveen","Amstelveen","Noord-Holland",false,52.281636,4.831773,"material damage only","4","clear",false,1,"GM0362"