"accident_id","year","severity_raw","party_count","party1_type","party2_type","accident_type","road_situation","speed_limit_kmh","road_lighting","light_condition_label","weather_raw","infra_type","road_segment_id","street_name","place_name","gemeente_name_raw","province","alcohol_indicated","latitude","longitude","severity_label","severity_code","weather_label","built_up_area","cyclists_involved","gemeente_code"
"20240156614",2024,"Letsel",3,"Personenauto","Fiets","Flank","Kruispunt, 4 takken",80,"Niet brandend","Daglicht","Droog",\N,\N,"Napoleonsweg","Horn","Leudal","Limburg",false,51.211284,5.916931,"injury","2","clear",false,1,"GM1640"
"20240007780",2024,"Letsel",1,"Fiets",\N,"Eenzijdig","Rechte weg",30,"Brandend","Duisternis","Droog",\N,"242369049","Ferdinand Bolstraat","Amsterdam","Amsterdam","Noord-Holland",false,52.351235,4.891403,"injury","2","clear",false,1,"GM0363"
"20240008382",2024,"Letsel",1,"Fiets",\N,"Onbekend",\N,30,\N,"Daglicht",\N,\N,"600373394","Wijnandt van Elststraat","Rijswijk","Rijswijk","Zuid-Holland",false,52.047679,4.333403,"injury","2","unknown",false,1,\N
"20240157257",2024,"Uitsluitend materiele schade",2,"Personenauto","Fiets","Flank","Rotonde",50,"Niet brandend","Daglicht","Droog",\N,\N,"Dorpstraat","Maastricht","Maastricht","Limburg",false,50.837089,5.726054,"material damage only","4","clear",false,1,"GM0935"
"20240008193",2024,"Letsel",3,"Personenauto","Fiets","Flank","Kruispunt, 4 takken",50,"Niet brandend","Daglicht","Droog",\N,\N,"Orionweg","Haarlem","Haarlem","Noord-Holland",false,52.406112,4.636936,"injury","2","clear",false,1,"GM0392"
"20240010125",2024,"Letsel",2,"Bestelauto","Fiets","Flank","Kruispunt, 4 takken",50,"Niet brandend","Daglicht","Droog",\N,\N,"Elferinksweg","Enschede","Enschede","Overijssel",false,52.213473,6.862027,"injury","2","clear",false,1,"GM0153"
"20240024716",2024,"Letsel",2,"Fiets","Fiets","Onbekend","Rechte weg",60,"Niet aanwezig","Daglicht","Droog",\N,"385043019","Hoensweg","Voerendaal","Voerendaal","Limburg",false,50.883187,5.921172,"injury","2","clear",false,1,"GM0986"
"20240151835",2024,"Letsel",2,"Personenauto","Fiets","Flank","Rechte weg",30,"Niet brandend","Daglicht","Regen",\N,"362312008","Buurtweg","Otterlo","Ede","Gelderland",false,52.094702,5.770458,"injury","2","rain",false,1,"GM0228"
"20240153775",2024,"Letsel",1,"Fiets",\N,"Onbekend",\N,30,\N,"Duisternis",\N,\N,"62181023","De Ruyterstraat","Middelburg","Middelburg","Zeeland",false,51.493484,3.604693,"injury","2","unknown",false,1,\N
"20240002154",2024,"Letsel",2,"Personenauto","Fiets","Flank","Kruispunt, 4 takken",30,"Niet brandend","Daglicht","Droog",\N,\N,"Floralaan","Schijndel","Meierijstad","Noord-Brabant",false,51.625172,5.424075,"injury","2","clear",false,1,"GM1948"
"20240012641",2024,"Letsel",2,"Personenauto","Fiets","Flank","Kruispunt, 4 takken",30,"Niet brandend","Daglicht","Droog",\N,\N,"Vogellaan","Uithoorn","Uithoorn","Noord-Holland",false,52.24948,4.808189,"injury","2","clear",false,1,"GM0451"
"20240024924",2024,"Letsel",2,"Personenauto","Fiets","Voetganger","Kruispunt, 4 takken",30,"Niet brandend","Daglicht","Droog",\N,\N,"Gildelaan","Eindhoven","Eindhoven","Noord-Brabant",false,51.4477,5.475409,"injury","2","clear",false,1,"GM0772"
"20240021777",2024,"Letsel",2,"Bestelauto","Fiets","Flank","Kruispunt, 4 takken",50,"Niet brandend","Daglicht","Droog",\N,\N,"Breestraat","Beverwijk","Beverwijk","Noord-Holland",true,52.48334,4.660305,"injury","2","clear",false,1,"GM0375"
"20240017664",2024,"Letsel",2,"Personenauto","Fiets","Flank","Kruispunt, 3 takken",60,"Niet brandend","Daglicht","Droog",\N,\N,"Waaldijk","Gendt","Lingewaard","Gelderland",false,51.872736,5.942857,"injury","2","clear",false,1,"GM1705"
"20240153168",2024,"Letsel",2,"Fiets","Bromfiets","Flank","Kruispunt, 4 takken",50,"Brandend","Schemer","Droog",\N,\N,"Het Betonijzer","Diemen","Diemen","Noord-Holland",false,52.33675,4.969085,"injury","2","clear",false,1,"GM0384"
"20240154453",2024,"Uitsluitend materiele schade",2,"Fiets","Personenauto","Flank","Rechte weg",30,"Niet brandend","Daglicht","Droog",\N,"169295137","Nieuwe Langendijk","Delft","Delft","Zuid-Holland",false,52.013575,4.364486,"material damage only","4","clear",false,1,"GM0503"
"20230111273",2023,"Uitsluitend materiele schade",2,"Personenauto","e-bike","Flank","Kruispunt, 4 takken",50,"Brandend","Duisternis","Droog",\N,\N,"De Boelelaan","Amsterdam","Amsterdam","Noord-Holland",false,52.335239,4.878414,"material damage only","4","clear",false,1,"GM0363"
"20230111851",2023,"Uitsluitend materiele schade",2,"Fiets","Personenauto","Flank","Kruispunt, 3 takken",50,"Brandend","Duisternis","Droog",\N,\N,"Geldelozeweg","Hoorn","Hoorn","Noord-Holland",false,52.651813,5.050934,"material damage only","4","clear",false,1,"GM0405"
"20240003012",2024,"Letsel",2,"Bestelauto","Fiets","Voetganger","Kruispunt, 4 takken",15,"Brandend","Schemer","Regen",\N,"317166027","Hastelweg","Eindhoven","Eindhoven","Noord-Brabant",false,51.436121,5.44125,"injury","2","rain",false,1,"GM0772"
"20240018595",2024,"Letsel",2,"Snorfiets","Fiets","Flank","Rotonde",30,"Niet brandend","Daglicht","Droog",\N,\N,"Geestersingel","Alkmaar","Alkmaar","Noord-Holland",false,52.634272,4.741562,"injury","2","clear",false,1,"GM0361"
"20230110713",2023,"Uitsluitend materiele schade",1,"Fiets",\N,"Flank","Bocht",50,"Niet brandend","Daglicht","Droog",\N,"301231082","B Godschalxstr","'s-Hertogenbosch","'s-Hertogenbosch","Noord-Brabant",false,51.731531,5.327874,"material damage only","4","clear",false,1,"GM0796"
"20230112525",2023,"Letsel",2,"Personenauto","Fiets","Voetganger","Rechte weg",50,"Niet brandend","Daglicht","Droog",\N,"166290019","Van der Slootsingel","Delft","Delft","Zuid-Holland",false,51.989821,4.341109,"injury","2","clear",false,1,"GM0503"
"20240156151",2024,"Uitsluitend materiele schade",2,"Personenauto","Fiets","Onbekend",\N,30,\N,"Daglicht",\N,\N,"298149039","Duizelseweg","Eersel","Eersel","Noord-Brabant",false,51.360907,5.305316,"material damage only","4","unknown",false,1,"GM0770"
"20240002242",2024,"Uitsluitend materiele schade",2,"Personenauto","Fiets","Flank","Rotonde",50,"Brandend","Duisternis","Droog",\N,\N,"Koninginnelaan","Roermond","Roermond","Limburg",false,51.184172,6.000361,"material damage only","4","clear",false,1,"GM0957"
"20240005698",2024,"Uitsluitend materiele schade",2,"Personenauto","Fiets","Flank","Bocht",30,"Niet brandend","Daglicht","Droog",\N,"289366118","Kolkgriend","Almere","Almere","Flevoland",false,52.337825,5.236145,"material damage only","4","clear",false,1,"GM0034"
"20240018525",2024,"Uitsluitend materiele schade",2,"Personenauto","Fiets","Flank","Rechte weg",30,"Niet brandend","Duisternis","Droog",\N,\N,"Het Gein","Beverwijk","Beverwijk","Noord-Holland",false,52.49155,4.670243,"material damage only","4","clear",false,1,"GM0375"
"20240019147",2024,"Uitsluitend materiele schade",2,"Personenauto","Fiets","Flank","Kruispunt, 4 takken",50,"Niet brandend","Daglicht","Regen",\N,\N,"Atlasdreef","Almere","Almere","Flevoland",false,52.399133,5.294859,"material damage only","4","rain",false,1,"GM0034"
"20240151920",2024,"Letsel",2,"Bromfiets","Fiets","Flank","Rechte weg",30,"Brandend","Duisternis","Regen",\N,"188304139","Osylaan","Zoetermeer","Zoetermeer","Zuid-Holland",false,52.055376,4.502076,"injury","2","rain",false,1,"GM0637"
"20230151625",2023,"Letsel",2,"Personenauto","Fiets","Geparkeerd voertuig","Rechte weg",30,"Niet brandend","Daglicht","Regen","Parkeervoorziening","600636960","Rijkszee- en Marinehaven","Den Helder","Den Helder","Noord-Holland",false,52.96096,4.802119,"injury","2","rain",false,1,"GM0400"
"20240023746",2024,"Letsel",2,"Personenauto","Fiets","Frontaal","Kruispunt, 3 takken",50,"Niet brandend","Daglicht","Regen",\N,\N,"Overschieseweg","Rotterdam","Rotterdam","Zuid-Holland",false,51.937461,4.41605,"injury","2","rain",false,1,"GM0599"
"20240014123",2024,"Uitsluitend materiele schade",2,"Bestelauto","Fiets","Flank","Kruispunt, 3 takken",30,"Brandend","Duisternis","Droog",\N,\N,"De Fuik","'s-Hertogenbosch","'s-Hertogenbosch","Noord-Brabant",false,51.692746,5.277501,"material damage only","4","clear",false,1,"GM0796"
"20240003099",2024,"Uitsluitend materiele schade",2,"Bromfiets","Fiets","Flank","Rechte weg",\N,"Niet aanwezig","Daglicht","Regen/Sneeuw/Hagel",\N,"321176071","Tempellaan","Eindhoven","Eindhoven","Noord-Brabant",false,51.484082,5.471187,"material damage only","4","unknown",false,1,"GM0772"
"20240014183",2024,"Letsel",1,"Fiets",\N,"Onbekend","Kruispunt, 4 takken",30,"Niet brandend","Daglicht","Regen",\N,\N,"LANGEVIELEBUITBRUG","Middelburg","Middelburg","Zeeland",false,51.495376,3.605947,"injury","2","rain",false,1,\N
"20240014501",2024,"Uitsluitend materiele schade",2,"Personenauto","Fiets","Onbekend","Rotonde",50,"Niet brandend","Daglicht","Droog",\N,\N,"Mariastraat","Dordrecht","Dordrecht","Zuid-Holland",false,51.801671,4.67168,"material damage only","4","clear",false,1,"GM0505"
"20240015411",2024,"Letsel",1,"Fiets",\N,"Eenzijdig","Rechte weg",30,"Niet brandend","Daglicht","Droog",\N,"176337136","Zeeweg","Katwijk","Katwijk","Zuid-Holland",false,52.200718,4.412373,"injury","2","clear",false,1,"GM0537"
"20240154622",2024,"Letsel",2,"Fiets","Fiets","Frontaal","Rechte weg",\N,"Brandend","Duisternis","Regen",\N,"600521892","Herenweg","Noordwijk","Noordwijk","Zuid-Holland",false,52.223476,4.442091,"injury","2","rain",false,1,"GM0575"
"20240013551",2024,"Letsel",2,"Fiets","Personenauto","Flank","Kruispunt, 4 takken",50,"Brandend","Duisternis","Droog","Bus-/Tramhalte",\N,"Dorpsstraat","Landsmeer","Landsmeer","Noord-Holland",true,52.429547,4.913688,"injury","2","clear",false,1,"GM0415"
"20240014207",2024,"Uitsluitend materiele schade",2,"Fiets","Personenauto","Flank","Kruispunt, 4 takken",50,"Brandend","Duisternis","Regen",\N,\N,"Blaak","Rotterdam","Rotterdam","Zuid-Holland",false,51.917786,4.48163,"material damage only","4","rain",false,1,"GM0599"
"20240016178",2024,"Uitsluitend materiele schade",2,"Fiets","Voetganger","Voetganger","Rechte weg",50,"Niet brandend","Daglicht","Droog",\N,\N,"Stationstraat","Nuth","Beekdaelen","Limburg",false,50.920894,5.890431,"material damage only","4","clear",false,1,"GM1954"
"20240016582",2024,"Uitsluitend materiele schade",2,"Bestelauto","Fiets","Flank","Rechte weg",50,"Brandend","Duisternis","Droog",\N,\N,"Rolderhoofdweg","Assen","Assen","Drenthe",false,52.99516,6.582235,"material damage only","4","clear",false,1,"GM0106"
"20230108499",2023,"Uitsluitend materiele schade",2,"Fiets","Personenauto","Flank","Kruispunt, 3 takken",30,"Niet brandend","Daglicht","Droog",\N,\N,"Kruitmolen","Houten","Houten","Utrecht",false,52.033155,5.170208,"material damage only","4","clear",false,1,"GM0321"
"20240015853",2024,"Uitsluitend materiele schade",2,"Personenauto","Fiets","Flank","Rotonde",50,"Niet brandend","Daglicht","Droog",\N,\N,"Sint Annalaan","Maastricht","Maastricht","Limburg",false,50.849404,5.677177,"material damage only","4","clear",false,1,"GM0935"
"20240016622",2024,"Uitsluitend materiele schade",2,"Fiets","Fiets","Onbekend","Bocht",50,"Niet brandend","Daglicht","Droog",\N,\N,"Stuurboordswal","Groningen","Groningen","Groningen",false,53.240682,6.615934,"material damage only","4","clear",false,1,"GM0014"
"20240018031",2024,"Uitsluitend materiele schade",2,"Fiets","Fiets","Onbekend","Kruispunt, 4 takken",50,"Niet brandend","Daglicht","Droog",\N,\N,"Prinses Beatrixlaan","Apeldoorn","Apeldoorn","Gelderland",false,52.2106,5.948834,"material damage only","4","clear",false,1,"GM0200"
"20230109120",2023,"Uitsluitend materiele schade",2,"Personenauto","Fiets","Flank","Rechte weg",30,"Brandend","Duisternis","Regen",\N,"601165908","Blauwkapelseweg","Utrecht","Utrecht","Utrecht",false,52.101353,5.129531,"material damage only","4","rain",false,1,"GM0344"
"20230112102",2023,"Letsel",2,"Fiets","Personenauto","Geparkeerd voertuig","Rechte weg",30,"Brandend","Duisternis","Regen","Parkeervoorziening","600762055","Tweede Nassaustraat","Amsterdam","Amsterdam","Noord-Holland",false,52.382393,4.878389,"injury","2","rain",false,1,"GM0363"
"20240155895",2024,"Letsel",2,"Personenauto","Fiets","Flank","Rotonde",50,"Niet brandend","Daglicht","Droog",\N,\N,"Zuidsingel","Venray","Venray","Limburg",false,51.521996,5.984865,"injury","2","clear",false,1,"GM0984"
"20240014971",2024,"Letsel",2,"Bromfiets","Fiets","Flank","Kruispunt, 4 takken",50,"Brandend","Duisternis","Droog",\N,\N,"Laan op Zuid","Rotterdam","Rotterdam","Zuid-Holland",true,51.904296,4.502717,"injury","2","clear",false,1,"GM0599"
"20240015369",2024,"Uitsluitend materiele schade",2,"Personenauto","Fiets","Flank","Kruispunt, 3 takken",30,"Brandend","Duisternis","Droog",\N,\N,"Mascagnistraat","Tilburg","Tilburg","Noord-Brabant",false,51.583652,5.071059,"material damage only","4","clear",false,1,"GM0855"
"20240015899",2024,"Letsel",1,"Fiets",\N,"Onbekend","Rechte weg",50,"Brandend","Duisternis","Regen",\N,"600827744","Stationstraat","Beek","Beek","Limburg",false,50.942591,5.790699,"injury","2","rain",false,1,\N
"20240016110",2024,"Uitsluitend materiele schade",2,"Personenauto","Fiets","Flank","Kruispunt, 4 takken",30,"Niet brandend","Daglicht","Droog",\N,\N,"Kerkstraat","Wijlre","Gulpen-Wittem","Limburg",false,50.83196,5.894732,"material damage only","4","clear",false,1,"GM1729"
"20240018251",2024,"Letsel",1,"Fiets",\N,"Eenzijdig","Kruispunt, 4 takken",50,"Niet brandend","Daglicht","Droog",\N,\N,"Beek","Assen","Assen","Drenthe",false,53.001193,6.541474,"injury","2","clear",false,1,"GM0106"
"20240018672",2024,"Letsel",2,"Fiets","Fiets","Frontaal","Bocht",30,"Niet brandend","Daglicht","Droog",\N,\N,"Vlagzalm","Krommenie","Zaanstad","Noord-Holland",false,52.508419,4.771816,"injury","2","clear",false,1,"GM0479"
"20240016940",2024,"Uitsluitend materiele schade",2,"Personenauto","Fiets","Onbekend","Rotonde",80,"Niet brandend","Daglicht","Droog",\N,\N,"Aerdtsedijk","Aerdt","Zevenaar","Gelderland",false,51.887988,6.09826,"material damage only","4","clear",false,1,"GM0299"
"20230111568",2023,"Letsel",2,"Bromfiets","Fiets","Frontaal","Rechte weg",30,"Brandend","Duisternis","Droog",\N,"244376017","Buiksloterweg","Amsterdam","Amsterdam","Noord-Holland",false,52.382698,4.903583,"injury","2","clear",false,1,"GM0363"
"20230112778",2023,"Letsel",2,"Bromfiets","Fiets","Frontaal","Rechte weg",30,"Brandend","Schemer","Regen",\N,"600556306","Kruisbroekweg","Naaldwijk","Westland","Zuid-Holland",false,51.988599,4.205256,"injury","2","rain",false,1,"GM1783"
"20230109837",2023,"Uitsluitend materiele schade",2,"Personenauto","e-bike","Flank","Kruispunt, 3 takken",50,"Niet brandend","Daglicht","Droog",\N,\N,"Rompert Park","'s-Hertogenbosch","'s-Hertogenbosch","Noord-Brabant",false,51.712756,5.311198,"material damage only","4","clear",false,1,"GM0796"
"20230035138",2023,"Uitsluitend materiele schade",2,"Motor","Fiets","Geparkeerd voertuig","Rechte weg",80,"Niet brandend","Daglicht","Droog",\N,"474276002","Bredevoortsestraatweg","Aalten","Aalten","Gelderland",false,51.929011,6.58532,"material damage only","4","clear",false,1,"GM0197"
"20230013934",2023,"Letsel",2,"Fiets","Overig vast object","Vast voorwerp","Bocht",\N,"Niet brandend","Duisternis","Droog",\N,"291277005","Rijksstraatweg","Buurmalsen","West Betuwe","Gelderland",false,51.933274,5.257554,"injury","2","clear",false,1,"GM1960"
"20230019158",2023,"Uitsluitend materiele schade",2,"Personenauto","Fiets","Frontaal","Kruispunt, 3 takken",50,"Niet brandend","Daglicht","Droog",\N,\N,"Grote Beer","Veenendaal","Veenendaal","Utrecht",false,52.03482,5.575006,"material damage only","4","clear",false,1,"GM0345"
"20230020316",2023,"Letsel",2,"Personenauto","Fiets","Flank","Rechte weg",50,"Brandend","Duisternis","Regen",\N,"600414869","Joan Muyskenweg","Amsterdam-Duivendrecht","Ouder-Amstel","Noord-Holland",false,52.328251,4.916962,"injury","2","rain",false,1,"GM0437"
"20230025474",2023,"Letsel",1,"Fiets",\N,"Eenzijdig","Rechte weg",50,"Niet brandend","Daglicht","Droog",\N,\N,"Rijnsingel","Ridderkerk","Ridderkerk","Zuid-Holland",false,51.889277,4.582346,"injury","2","clear",false,1,"GM0597"
"20240027583",2024,"Letsel",2,"Fiets",\N,"Frontaal","Rechte weg",30,"Niet aanwezig","Daglicht","Droog",\N,"513461009","Rietlandenstraat","Emmen","Emmen","Drenthe",false,52.753486,6.897035,"injury","2","clear",false,1,"GM0114"
"20240029106",2024,"Letsel",3,"Fiets","Fiets","Frontaal","Rechte weg",50,"Brandend","Duisternis","Droog",\N,"484428012","De Oostermaat","Gramsbergen","Hardenberg","Overijssel",true,52.60845,6.674725,"injury","2","clear",false,1,"GM0160"
"20230032354",2023,"Uitsluitend materiele schade",3,"Snorfiets","Fiets","Onbekend","Kruispunt, 3 takken",30,"Niet brandend","Daglicht","Droog",\N,\N,"Geldersebaan","Tegelen","Venlo","Limburg",false,51.344925,6.149627,"material damage only","4","clear",false,1,"GM0983"
"20240029605",2024,"Letsel",2,"Fiets","Voetganger","Onbekend","Kruispunt, 4 takken",60,"Niet aanwezig","Daglicht","Droog",\N,\N,"Achttienkavels","Nieuwkoop","Nieuwkoop","Zuid-Holland",false,52.13293,4.759618,"injury","2","clear",false,1,"GM0569"
"20230066891",2023,"Letsel",2,"Personenauto","Fiets","Flank","Kruispunt, 4 takken",50,"Brandend","Daglicht","Droog",\N,\N,"Gooiseweg","Amsterdam","Amsterdam","Noord-Holland",false,52.348538,4.920834,"injury","2","clear",false,1,"GM0363"
"20230067339",2023,"Letsel",2,"Bestelauto","Fiets","Onbekend","Kruispunt, 4 takken",50,\N,"Daglicht",\N,\N,\N,"Pieter Calandlaan","Amsterdam","Amsterdam","Noord-Holland",false,52.356179,4.825212,"injury","2","unknown",false,1,"GM0363"
"20240025358",2024,"Letsel",2,"Personenauto","Fiets","Onbekend","Rotonde",50,"Niet brandend","Daglicht","Droog",\N,"600768069","Dongewijkdreef","Tilburg","Tilburg","Noord-Brabant",false,51.582487,4.989454,"injury","2","clear",false,1,"GM0855"
"20230072534",2023,"Letsel",2,"Bestelauto","Fiets","Eenzijdig","Rechte weg",50,"Niet brandend","Daglicht","Droog",\N,"487376039","Slot","Almelo","Almelo","Overijssel",false,52.374805,6.688731,"injury","2","clear",false,1,"GM0141"
"20240026579",2024,"Uitsluitend materiele schade",2,"Personenauto","Fiets","Frontaal","Kruispunt, 3 takken",50,"Niet brandend","Daglicht","Droog",\N,\N,"Dorpsstraat","Valburg","Overbetuwe","Gelderland",false,51.910988,5.788199,"material damage only","4","clear",false,1,"GM1734"
"20230033136",2023,"Letsel",2,"Personenauto","e-bike","Onbekend","Kruispunt, 4 takken",60,"Niet brandend","Daglicht","Droog",\N,\N,"Erica","Sint-Oedenrode","Meierijstad","Noord-Brabant",false,51.583729,5.433346,"injury","2","clear",false,1,"GM1948"
"20240026088",2024,"Letsel",2,"Personenauto","Fiets","Flank","Kruispunt, 4 takken",60,"Niet brandend","Daglicht","Droog",\N,\N,"Oude Twentseweg","Hellendoorn","Hellendoorn","Overijssel",false,52.409049,6.484851,"injury","2","clear",false,1,"GM0163"
"20230020938",2023,"Uitsluitend materiele schade",2,"Personenauto","Fiets","Flank","Kruispunt, 4 takken",50,"Niet aanwezig","Daglicht","Droog",\N,\N,"Louwesweg","Amsterdam","Amsterdam","Noord-Holland",false,52.346907,4.82727,"material damage only","4","clear",false,1,"GM0363"
"20240029230",2024,"Uitsluitend materiele schade",2,"Personenauto","Fiets","Flank","Kruispunt, 4 takken",30,"Niet brandend","Daglicht","Droog",\N,\N,"Chicagostraat","Almere","Almere","Flevoland",false,52.395763,5.274772,"material damage only","4","clear",false,1,"GM0034"
"20230034392",2023,"Uitsluitend materiele schade",2,"Personenauto","Fiets","Flank","Rotonde",50,"Niet brandend","Daglicht","Droog",\N,\N,"Quickbornlaan","Epe","Epe","Gelderland",false,52.350881,5.984856,"material damage only","4","clear",false,1,"GM0232"
"20230068193",2023,"Letsel",2,"Fiets","Fiets","Kop/staart","Rechte weg",50,"Niet brandend","Daglicht","Droog",\N,"600491329","Oudedijk","Rotterdam","Rotterdam","Zuid-Holland",false,51.92444,4.515883,"injury","2","clear",false,1,"GM0599"
"20230068881",2023,"Letsel",3,"Personenauto","Fiets","Voetganger","Rotonde",50,"Niet brandend","Daglicht","Droog",\N,\N,"Da Costasingel","Capelle aan den IJssel","Capelle aan den IJssel","Zuid-Holland",false,51.924536,4.581407,"injury","2","clear",false,1,"GM0502"
"20230075817",2023,"Uitsluitend materiele schade",2,"Bestelauto","Fiets","Flank","Kruispunt, 4 takken",50,"Niet brandend","Daglicht","Regen",\N,\N,"Meentweg","Eemnes","Eemnes","Utrecht",false,52.258347,5.2694,"material damage only","4","rain",false,1,"GM0317"
"20230018060",2023,"Letsel",3,"Personenauto","Fiets","Onbekend","Rechte weg",30,"Niet brandend","Daglicht","Droog",\N,"216419047","Middenweg","Limmen","Castricum","Noord-Holland",false,52.572574,4.69526,"injury","2","clear",false,1,"GM0383"
"20230028990",2023,"Letsel",2,"Personenauto","Fiets","Onbekend","Kruispunt, 4 takken",30,"Niet brandend","Daglicht","Droog",\N,\N,"Billie Holidaystraat","Middelburg","Middelburg","Zeeland",false,51.483406,3.635757,"injury","2","clear",false,1,\N
"20230032796",2023,"Letsel",2,"Personenauto","Fiets","Flank","Kruispunt, 4 takken",50,"Niet brandend","Daglicht","Droog",\N,\N,"Ooijenseweg","Blitterswijck","Venray","Limburg",false,51.529009,6.110364,"injury","2","clear",false,1,"GM0984"
"20230035260",2023,"Uitsluitend materiele schade",2,"Personenauto","Fiets","Flank","Kruispunt, 4 takken",50,"Niet brandend","Daglicht","Droog",\N,\N,"Oranjedreef","Warnsveld","Zutphen","Gelderland",false,52.136877,6.22881,"material damage only","4","clear",false,1,"GM0301"
"20230035732",2023,"Letsel",2,"Bromfiets","Fiets","Frontaal","Rechte weg",50,"Niet brandend","Daglicht","Droog",\N,"415293028","Rijksweg","Drempt","Bronckhorst","Gelderland",true,52.006512,6.158955,"injury","2","clear",false,1,"GM1876"
"20230035737",2023,"Uitsluitend materiele schade",2,"Fiets","Fiets","Flank","Kruispunt, 4 takken",30,"Niet aanwezig","Daglicht","Droog",\N,\N,"Deventerstraat","Apeldoorn","Apeldoorn","Gelderland",false,52.21625,5.964532,"material damage only","4","clear",false,1,"GM0200"
"20230067438",2023,"Uitsluitend materiele schade",2,"Fiets","Scootmobiel","Flank","Bocht",30,"Niet brandend","Daglicht","Droog",\N,"314334220","Victoriameer","Amersfoort","Amersfoort","Utrecht",false,52.193977,5.420386,"material damage only","4","clear",false,1,"GM0307"
"20230076492",2023,"Letsel",4,"Bestelauto","Fiets","Flank","Kruispunt, 4 takken",50,"Niet brandend","Daglicht","Droog",\N,\N,"Gouverneurlaan","Zwolle","Zwolle","Overijssel",false,52.482687,6.106712,"injury","2","clear",false,1,"GM0193"
"20230076506",2023,"Letsel",2,"Fiets","Fiets","Onbekend","Rechte weg",50,"Niet aanwezig","Daglicht","Droog",\N,"600498994","Herenweg","Heemstede","Heemstede","Noord-Holland",false,52.350721,4.611062,"injury","2","clear",false,1,"GM0397"
"20230076583",2023,"Uitsluitend materiele schade",2,"Personenauto","Fiets","Flank","Rechte weg",50,"Brandend","Schemer","Droog",\N,"209386052","ROTONDEWEG","Santpoort-Noord","Velsen","Noord-Holland",false,52.423302,4.646669,"material damage only","4","clear",false,1,"GM0453"
"20230022134",2023,"Letsel",2,"Bromfiets","Fiets","Onbekend","Kruispunt, 3 takken",50,"Niet brandend","Daglicht","Droog",\N,\N,"Stationsweg","'s-Gravenhage","'s-Gravenhage","Zuid-Holland",false,52.070326,4.321664,"injury","2","clear",false,1,"GM0518"
"20230022689",2023,"Letsel",2,"Fiets","Bestelauto","Flank","Kruispunt, 3 takken",50,"Niet brandend","Daglicht","Regen",\N,\N,"Weimarstraat","'s-Gravenhage","'s-Gravenhage","Zuid-Holland",false,52.072568,4.275511,"injury","2","rain",false,1,"GM0518"
"20230029605",2023,"Letsel",2,"Fiets","Fiets","Kop/staart","Rechte weg",50,"Niet brandend","Daglicht","Droog","Brug/viaduct","167287021","Sint Maartensrechtpad","Delft","Delft","Zuid-Holland",false,51.977666,4.352844,"injury","2","clear",false,1,"GM0503"
"20240029751",2024,"Letsel",2,"Personenauto","Fiets","Onbekend","Rechte weg",50,"Niet brandend","Daglicht","Droog",\N,"600372755","Schoolstraat","Noordwijk","Noordwijk","Zuid-Holland",false,52.244809,4.433535,"injury","2","clear",false,1,"GM0575"
"20230036297",2023,"Letsel",2,"Fiets","Voetganger","Voetganger","Rechte weg",50,"Niet brandend","Daglicht","Droog",\N,"243372009","Utrechtsestraat","Amsterdam","Amsterdam","Noord-Holland",false,52.361245,4.899305,"injury","2","clear",false,1,"GM0363"
"20230077350",2023,"Letsel",2,"Fiets","Overig vast object","Vast voorwerp","Rechte weg",30,"Brandend","Duisternis","Droog",\N,"190308052","Fretweide","Zoetermeer","Zoetermeer","Zuid-Holland",false,52.074607,4.512438,"injury","2","clear",false,1,"GM0637"
"20230077464",2023,"Uitsluitend materiele schade",2,"Bromfiets","Fiets","Frontaal","Rechte weg",50,"Niet brandend","Daglicht","Droog",\N,"600731738","Middeldijk","Barendrecht","Barendrecht","Zuid-Holland",false,51.848145,4.522856,"material damage only","4","clear",false,1,"GM0489"
"20230077538",2023,"Letsel",2,"Snorfiets","Fiets","Flank","Rechte weg",50,"Niet brandend","Daglicht","Droog",\N,"601042979","Bollendreef","Voorhout","Teylingen","Zuid-Holland",false,52.230472,4.475604,"injury","2","clear",false,1,"GM1525"
"20230034486",2023,"Letsel",2,"Personenauto","Fiets","Flank","Kruispunt, 4 takken",50,\N,"Daglicht","Regen",\N,\N,"Noorderdwarsvaart","Drachten","Smallingerland","Friesland",false,53.115907,6.107577,"injury","2","rain",false,1,"GM0090"
"20230078641",2023,"Letsel",2,"Fiets","Fiets","Onbekend","Rechte weg",50,"Niet brandend","Daglicht","Droog",\N,"218297154","Platteweg","Reeuwijk","Bodegraven-Reeuwijk","Zuid-Holland",false,52.026299,4.722183,"injury","2","clear",false,1,"GM1901"
"20230078668",2023,"Uitsluitend materiele schade",1,"Fiets",\N,"Frontaal","Rechte weg",\N,"Niet brandend","Daglicht","Droog",\N,"232375020","Slotermeerlaan","Amsterdam","Amsterdam","Noord-Holland",false,52.376683,4.819781,"material damage only","4","clear",false,1,"GM0363"
"20230075064",2023,"Letsel",2,"Personenauto","Fiets","Geparkeerd voertuig","Rechte weg",50,"Niet brandend","Daglicht","Droog","Parkeervoorziening","237449024","Harlingerstraat","Heerhugowaard","Dijk en Waard","Noord-Holland",false,52.707265,4.854063,"injury","2","clear",false,1,"GM1980"
"20230016475",2023,"Uitsluitend materiele schade",2,"Personenauto","Fiets","Flank","Kruispunt, 4 takken",30,"Niet brandend","Daglicht","Droog","Brug/viaduct",\N,"Busbaan Veldhuizen","De Meern","Utrecht","Utrecht",false,52.087066,5.011944,"material damage only","4","clear",false,1,"GM0344"