"accident_id","year","severity_raw","party_count","party1_type","party2_type","accident_type","road_situation","speed_limit_kmh","road_lighting","light_condition_label","weather_raw","infra_type","road_segment_id","street_name","place_name","gemeente_name_raw","province","alcohol_indicated","latitude","longitude","severity_label","severity_code","weather_label","built_up_area","cyclists_involved","gemeente_code"
"20240026414",2024,"Uitsluitend materiele schade",1,"Fiets",\N,"Onbekend","Kruispunt, 4 takken",50,"Brandend","Duisternis","Droog","Brug/viaduct",\N,"BRUG SMEENGEKD SCHUT","Meppel","Meppel","Drenthe",false,52.694903,6.185898,"material damage only","4","clear",false,1,"GM0119"
"20230024529",2023,"Uitsluitend materiele schade",2,"Snorfiets","Fiets","Frontaal","Rotonde",50,"Niet brandend","Schemer","Droog",\N,\N,"Broekerweg","Heerhugowaard","Dijk en Waard","Noord-Holland",false,52.670902,4.814741,"material damage only","4","clear",false,1,"GM1980"
"20230026244",2023,"Uitsluitend materiele schade",2,"Personenauto","Fiets","Frontaal","Kruispunt, 4 takken",50,"Niet brandend","Daglicht","Droog",\N,\N,"Eendrachtsplein","Rotterdam","Rotterdam","Zuid-Holland",false,51.917007,4.47261,"material damage only","4","clear",false,1,"GM0599"
"20230034925",2023,"Uitsluitend materiele schade",2,"Personenauto","Fiets","Eenzijdig","Kruispunt, 4 takken",60,"Niet brandend","Daglicht","Droog",\N,\N,"Steenweg","Zaltbommel","Zaltbommel","Gelderland",false,51.793876,5.249759,"material damage only","4","clear",false,1,"GM0297"
"20230021655",2023,"Letsel",2,"Personenauto","Fiets","Flank","Kruispunt, 4 takken",30,"Niet aanwezig","Daglicht","Droog",\N,\N,"Meidoornlaan","Nootdorp","Pijnacker-Nootdorp","Zuid-Holland",false,52.046078,4.39591,"injury","2","clear",false,1,"GM1926"
"20240031512",2024,"Uitsluitend materiele schade",2,"Personenauto","Fiets","Onbekend","Kruispunt, 4 takken",30,"Niet brandend","Daglicht","Regen",\N,\N,"Lage Witsiebaan","Tilburg","Tilburg","Noord-Brabant",false,51.573067,5.061806,"material damage only","4","rain",false,1,"GM0855"
"20230074639",2023,"Uitsluitend materiele schade",2,"Motor","Fiets","Onbekend","Bocht",70,"Niet brandend","Daglicht","Droog",\N,\N,"Rijksweg A4","Hoofddorp","Haarlemmermeer","Noord-Holland",false,52.28516,4.722118,"material damage only","4","clear",false,1,"GM0394"
"20230078780",2023,"Letsel",2,"Fiets","Fiets","Kop/staart","Bocht",30,"Niet brandend","Daglicht","Droog",\N,"216297027","Ridder van Catsweg","Gouda","Gouda","Zuid-Holland",false,52.022091,4.708337,"injury","2","clear",false,1,"GM0513"
"20230017661",2023,"Letsel",3,"Personenauto","Fiets","Onbekend","Kruispunt, 4 takken",30,"Niet brandend","Daglicht","Droog",\N,\N,"IJweg","Hoofddorp","Haarlemmermeer","Noord-Holland",false,52.311961,4.661923,"injury","2","clear",false,1,"GM0394"
"20230018236",2023,"Letsel",2,"Fiets","Overig wegmeubilair","Vast voorwerp","Rechte weg",30,"Niet brandend","Daglicht","Droog",\N,"259411001","Middelie","Middelie","Edam-Volendam","Noord-Holland",false,52.535402,5.016095,"injury","2","clear",false,1,"GM0385"
"20230018843",2023,"Uitsluitend materiele schade",3,"Bromfiets","Fiets","Onbekend","Rechte weg",30,"Niet brandend","Daglicht","Droog",\N,"279295112","Weteringhout","Houten","Houten","Utrecht",false,52.018293,5.166738,"material damage only","4","clear",false,1,"GM0321"
"20230020592",2023,"Uitsluitend materiele schade",2,"Fiets","Fiets","Onbekend","Rechte weg",50,"Niet brandend","Daglicht","Droog",\N,"249378048","Purmerplein","Amsterdam","Amsterdam","Noord-Holland",false,52.391066,4.943419,"material damage only","4","clear",false,1,"GM0363"
"20230026306",2023,"Uitsluitend materiele schade",2,"Personenauto","Fiets","Flank","Rechte weg",50,"Niet brandend","Daglicht","Droog",\N,"600111873","Slinge","Rotterdam","Rotterdam","Zuid-Holland",false,51.874574,4.498227,"material damage only","4","clear",false,1,"GM0599"
"20240028648",2024,"Letsel",3,"Fiets","Fiets","Onbekend","Rotonde",50,"Niet brandend","Daglicht","Droog",\N,\N,"Broekhuizerlaan","Leersum","Utrechtse Heuvelrug","Utrecht",false,52.016463,5.413934,"injury","2","clear",false,1,"GM1581"
"20230030341",2023,"Letsel",2,"Personenauto","Fiets","Frontaal","Kruispunt, 3 takken",50,"Niet brandend","Daglicht","Droog",\N,\N,"Palestinastraat","Heerlen","Heerlen","Limburg",false,50.871311,6.008325,"injury","2","clear",false,1,"GM0917"
"20240029999",2024,"Letsel",2,"Fiets","Voetganger","Voetganger","Kruispunt, 4 takken",30,"Niet brandend","Daglicht","Droog",\N,\N,"BERENSLUIS 0065","Amsterdam","Amsterdam","Noord-Holland",false,52.370422,4.882986,"injury","2","clear",false,1,"GM0363"
"20230077178",2023,"Letsel",1,"Fiets",\N,"Eenzijdig","Rechte weg",50,"Niet brandend","Daglicht","Droog",\N,"600647547","FIETSPAD","Wassenaar","Wassenaar","Zuid-Holland",false,52.159424,4.373161,"injury","2","clear",false,1,"GM0629"
"20230070731",2023,"Uitsluitend materiele schade",3,"Personenauto","Fiets","Onbekend","Kruispunt, 4 takken",50,"Niet brandend","Daglicht","Regen",\N,\N,"Sint Theresiaplein","Maastricht","Maastricht","Limburg",false,50.843262,5.676114,"material damage only","4","rain",false,1,"GM0935"
"20230020061",2023,"Letsel",2,"Vrachtauto","Fiets","Onbekend","Rechte weg",50,"Niet brandend","Daglicht","Regen",\N,"248371094","Linnaeuskade","Amsterdam","Amsterdam","Noord-Holland",false,52.356749,4.934237,"injury","2","rain",false,1,"GM0363"
"20230022844",2023,"Letsel",1,"Fiets",\N,"Eenzijdig","Rechte weg",30,"Niet brandend","Daglicht","Droog",\N,"600720294","Voorhofdreef","Delft","Delft","Zuid-Holland",false,51.990042,4.357959,"injury","2","clear",false,1,"GM0503"
"20230030363",2023,"Uitsluitend materiele schade",2,"Personenauto","e-bike","Flank","Kruispunt, 3 takken",50,"Niet brandend","Daglicht","Droog",\N,\N,"Rompert Park","'s-Hertogenbosch","'s-Hertogenbosch","Noord-Brabant",false,51.712756,5.311198,"material damage only","4","clear",false,1,"GM0796"
"20230032078",2023,"Uitsluitend materiele schade",2,"Fiets","Vrachtauto","Flank","Kruispunt, 3 takken",80,"Niet brandend","Daglicht","Droog",\N,\N,"Produktieweg","Roermond","Roermond","Limburg",false,51.165195,6.048979,"material damage only","4","clear",false,1,"GM0957"
"20230035037",2023,"Letsel",2,"Personenauto","e-bike","Flank","Rotonde",50,"Niet brandend","Daglicht","Droog",\N,\N,"Garderenseweg","Putten","Putten","Gelderland",false,52.257654,5.610315,"injury","2","clear",false,1,"GM0273"
"20230069146",2023,"Uitsluitend materiele schade",2,"Fiets","Bromfiets","Onbekend","Kruispunt, 3 takken",\N,\N,"Schemer",\N,\N,\N,"Vosmaerstraat","Delft","Delft","Zuid-Holland",false,52.015116,4.335499,"material damage only","4","unknown",false,1,"GM0503"
"20240030666",2024,"Uitsluitend materiele schade",2,"Personenauto","Fiets","Flank","Rotonde",50,"Niet brandend","Daglicht","Droog",\N,\N,"Warande","Beverwijk","Beverwijk","Noord-Holland",false,52.484658,4.642987,"material damage only","4","clear",false,1,"GM0375"
"20230076887",2023,"Uitsluitend materiele schade",2,"Personenauto","Fiets","Flank","Kruispunt, 4 takken",50,"Niet brandend","Daglicht","Droog",\N,\N,"Juweellaan","Zoetermeer","Zoetermeer","Zuid-Holland",false,52.040234,4.478398,"material damage only","4","clear",false,1,"GM0637"
"20230078518",2023,"Letsel",2,"Personenauto","e-bike","Flank","Kruispunt, 3 takken",30,"Niet brandend","Daglicht","Droog",\N,\N,"Westergo","Zoetermeer","Zoetermeer","Zuid-Holland",false,52.055099,4.465627,"injury","2","clear",false,1,"GM0637"
"20230071594",2023,"Uitsluitend materiele schade",4,"Personenauto","Fiets","Geparkeerd voertuig","Rechte weg",60,"Niet aanwezig","Duisternis","Droog",\N,"358197008","Fuik","Handel","Gemert-Bakel","Noord-Brabant",true,51.577138,5.734821,"material damage only","4","clear",false,1,"GM1652"
"20230020113",2023,"Letsel",2,"Personenauto","Fiets","Flank","Kruispunt, 4 takken",50,"Niet brandend","Daglicht","Droog",\N,\N,"Oude Middenweg","'s-Gravenhage","'s-Gravenhage","Zuid-Holland",false,52.072348,4.400558,"injury","2","clear",false,1,"GM0518"
"20230020653",2023,"Uitsluitend materiele schade",2,"Personenauto","Fiets","Geparkeerd voertuig","Rechte weg",30,"Brandend","Duisternis","Droog",\N,"600752064","Columbiahof","Aalsmeer","Aalsmeer","Noord-Holland",false,52.260401,4.757936,"material damage only","4","clear",false,1,"GM0358"
"20230022343",2023,"Uitsluitend materiele schade",2,"Personenauto","Fiets","Flank","Kruispunt, 4 takken",50,"Niet brandend","Daglicht","Droog",\N,\N,"Achterwillenseweg","Gouda","Gouda","Zuid-Holland",false,52.018467,4.722474,"material damage only","4","clear",false,1,"GM0513"
"20230029811",2023,"Letsel",2,"Personenauto","Fiets","Flank","Kruispunt, 4 takken",30,"Niet brandend","Daglicht","Regen",\N,\N,"Nassaupark","Lisse","Lisse","Zuid-Holland",false,52.260854,4.562991,"injury","2","rain",false,1,"GM0553"
"20230070171",2023,"Uitsluitend materiele schade",2,"Personenauto","Fiets","Frontaal",\N,50,"Niet brandend","Daglicht","Droog",\N,"374067073","Parijsboulevard","Sittard","Sittard-Geleen","Limburg",false,50.993611,5.845287,"material damage only","4","clear",false,1,"GM1883"
"20240030946",2024,"Letsel",2,"Fiets","Brommobiel","Flank","Rechte weg",\N,"Niet brandend","Daglicht","Droog",\N,"600745985","Annie Romeinstraat","Hoofddorp","Haarlemmermeer","Noord-Holland",false,52.291313,4.670036,"injury","2","clear",false,1,"GM0394"
"20230071155",2023,"Letsel",2,"Fiets","Personenauto","Flank","Kruispunt, 4 takken",50,"Niet brandend","Daglicht","Droog",\N,\N,"Dr. Paul Janssenweg","Tilburg","Tilburg","Noord-Brabant",false,51.54341,5.059827,"injury","2","clear",false,1,"GM0855"
"20230072171",2023,"Letsel",2,"Personenauto","Fiets","Flank","Kruispunt, 4 takken",50,"Niet brandend","Daglicht","Droog",\N,\N,"Voorkampen","Zuidlaren","Tynaarlo","Drenthe",false,53.089836,6.681222,"injury","2","clear",false,1,"GM1730"
"20230015533",2023,"Uitsluitend materiele schade",2,"Personenauto","Fiets","Flank","Kruispunt, 4 takken",50,"Niet brandend","Daglicht","Droog",\N,\N,"Agorabaan","Lelystad","Lelystad","Flevoland",false,52.511778,5.475455,"material damage only","4","clear",false,1,"GM0995"
"20230021806",2023,"Letsel",2,"Voetganger","Fiets","Voetganger","Rechte weg",15,"Brandend","Schemer","Droog",\N,"157313008","Statenlaan","'s-Gravenhage","'s-Gravenhage","Zuid-Holland",false,52.093997,4.273182,"injury","2","clear",false,1,"GM0518"
"20230022378",2023,"Uitsluitend materiele schade",2,"Personenauto","Fiets","Onbekend","Rotonde",50,"Brandend","Duisternis","Droog",\N,\N,"Meerzichtlaan","Zoetermeer","Zoetermeer","Zuid-Holland",false,52.054904,4.475328,"material damage only","4","clear",false,1,"GM0637"
"20230023494",2023,"Uitsluitend materiele schade",2,"Personenauto","Fiets","Flank","Rechte weg",30,"Niet brandend","Daglicht","Droog",\N,"242370121","Ceintuurbaan","Amsterdam","Amsterdam","Noord-Holland",false,52.352976,4.892854,"material damage only","4","clear",false,1,"GM0363"
"20230031011",2023,"Uitsluitend materiele schade",2,"Personenauto","Fiets","Flank","Rotonde",50,"Niet brandend","Daglicht","Droog",\N,\N,"Gentiaanlaan","Son en Breugel","Son en Breugel","Noord-Brabant",false,51.521923,5.491457,"material damage only","4","clear",false,1,"GM0848"
"20230036046",2023,"Uitsluitend materiele schade",2,"Personenauto","Fiets","Kop/staart","Rotonde",50,"Niet brandend","Daglicht","Droog",\N,\N,"Brugstraat","Tiel","Tiel","Gelderland",false,51.883201,5.430798,"material damage only","4","clear",false,1,"GM0281"
"20230071854",2023,"Uitsluitend materiele schade",1,"Fiets",\N,"Voetganger","Bocht",50,"Niet brandend","Daglicht","Regen",\N,"600795560","Flight Forum","Eindhoven","Eindhoven","Noord-Brabant",false,51.448627,5.397637,"material damage only","4","rain",false,1,"GM0772"
"20230072042",2023,"Letsel",2,"Bestelauto","Fiets","Onbekend","Rechte weg",30,"Niet brandend","Daglicht","Droog",\N,"323173011","Vlokhovenseweg","Eindhoven","Eindhoven","Noord-Brabant",false,51.470914,5.482351,"injury","2","clear",false,1,"GM0772"
"20240031292",2024,"Letsel",2,"Fiets","Trein/tram","Onbekend","Rechte weg",30,"Niet brandend","Daglicht","Droog",\N,"600920281","Stadionweg","Amsterdam","Amsterdam","Noord-Holland",false,52.345271,4.85853,"injury","2","clear",false,1,"GM0363"
"20230016675",2023,"Uitsluitend materiele schade",2,"Personenauto","Fiets","Flank","Kruispunt, 3 takken",50,"Brandend","Duisternis","Droog",\N,\N,"Nieuweweg","Veenendaal","Veenendaal","Utrecht",false,52.031009,5.555015,"material damage only","4","clear",false,1,"GM0345"
"20230020723",2023,"Letsel",3,"Fiets","Fiets","Onbekend","Rechte weg",50,"Brandend","Duisternis","Droog",\N,"242372013","Vijzelstraat","Amsterdam","Amsterdam","Noord-Holland",false,52.363326,4.89217,"injury","2","clear",false,1,"GM0363"
"20230021833",2023,"Letsel",2,"Fiets","Fiets","Onbekend","Kruispunt, 3 takken",30,"Niet brandend","Daglicht","Droog",\N,\N,"Lage Morsweg","Leiden","Leiden","Zuid-Holland",false,52.159376,4.469599,"injury","2","clear",false,1,"GM0546"
"20230022405",2023,"Uitsluitend materiele schade",2,"Snorfiets","Fiets","Flank","Rechte weg",30,"Niet brandend","Daglicht","Regen",\N,\N,"Europaweg","Leiden","Leiden","Zuid-Holland",false,52.130993,4.49321,"material damage only","4","rain",false,1,"GM0546"
"20230031030",2023,"Uitsluitend materiele schade",2,"Personenauto","Fiets","Eenzijdig","Kruispunt, 4 takken",50,"Niet brandend","Daglicht","Droog",\N,\N,"Adriaan Dorsmanstraat","Eindhoven","Eindhoven","Noord-Brabant",false,51.46342,5.45797,"material damage only","4","clear",false,1,"GM0772"
"20240030962",2024,"Uitsluitend materiele schade",2,"Bestelauto","Fiets","Frontaal","Rotonde",50,"Niet brandend","Daglicht","Droog",\N,\N,"Westtangent","Heerhugowaard","Dijk en Waard","Noord-Holland",true,52.675278,4.838823,"material damage only","4","clear",false,1,"GM1980"
"20230016711",2023,"Letsel",2,"Personenauto","Fiets","Flank","Rechte weg",30,"Niet brandend","Daglicht","Regen","Tankstation","290304019","Odijkerweg","Zeist","Zeist","Utrecht",false,52.059599,5.248595,"injury","2","rain",false,1,"GM0355"
"20230017298",2023,"Uitsluitend materiele schade",2,"Bromfiets","Fiets","Onbekend","Rechte weg",50,"Brandend","Duisternis","Droog",\N,"600918533","Middenweg","Den Helder","Den Helder","Noord-Holland",false,52.953479,4.750812,"material damage only","4","clear",false,1,"GM0400"
"20240029187",2024,"Letsel",1,"Fiets",\N,"Eenzijdig","Kruispunt, 4 takken",30,"Brandend","Duisternis","Droog",\N,\N,"Luttekepoortstraat","Harderwijk","Harderwijk","Gelderland",false,52.348593,5.620762,"injury","2","clear",false,1,"GM0243"
"20230073657",2023,"Letsel",2,"Fiets","Voetganger","Voetganger","Rechte weg",80,"Niet brandend","Daglicht","Droog",\N,"600888208","Bentheimerstraat","de Lutte","Losser","Overijssel",false,52.31984,6.974158,"injury","2","clear",false,1,"GM0168"
"20240025445",2024,"Uitsluitend materiele schade",2,"Personenauto","Fiets","Frontaal","Rotonde",50,"Niet brandend","Daglicht","Droog",\N,\N,"Burg van Woelderenlaan","Vlissingen","Vlissingen","Zeeland",false,51.456329,3.552609,"material damage only","4","clear",false,1,"GM0718"
"20230021906",2023,"Uitsluitend materiele schade",1,"Fiets",\N,"Onbekend","Rechte weg",50,"Niet brandend","Daglicht","Droog",\N,"209321024","Anna van Burenlaan","Alphen aan den Rijn","Alphen aan den Rijn","Zuid-Holland",false,52.133085,4.655213,"material damage only","4","clear",false,1,"GM0484"
"20230025378",2023,"Letsel",3,"Personenauto","Fiets","Onbekend","Rechte weg",50,"Brandend","Duisternis","Regen",\N,\N,"Grote Beer","Rotterdam","Rotterdam","Zuid-Holland",false,51.944918,4.554968,"injury","2","rain",false,1,"GM0599"
"20240029086",2024,"Uitsluitend materiele schade",2,"Personenauto","Fiets","Flank","Rotonde",50,"Niet brandend","Daglicht","Droog",\N,\N,"Broekheurne-ring","Enschede","Enschede","Overijssel",false,52.191854,6.866539,"material damage only","4","clear",false,1,"GM0153"
"20240031552",2024,"Letsel",3,"Fiets","Fiets","Onbekend",\N,50,\N,"Daglicht",\N,\N,"601246835","Drie Haasjes","Rilland","Reimerswaal","Zeeland",false,51.425923,4.158667,"injury","2","unknown",false,1,"GM0703"
"20240031553",2024,"Letsel",1,"Fiets",\N,"Onbekend",\N,50,\N,"Daglicht",\N,\N,"601246084","Valckenisseweg","Rilland","Reimerswaal","Zeeland",false,51.408332,4.177234,"injury","2","unknown",false,1,"GM0703"
"20230072739",2023,"Letsel",2,"Fiets","Fiets","Flank","Rechte weg",30,"Niet brandend","Daglicht","Droog",\N,"348300157","Maandereind","Ede","Ede","Gelderland",false,52.042639,5.669206,"injury","2","clear",false,1,"GM0228"
"20240031667",2024,"Uitsluitend materiele schade",2,"Personenauto","Fiets","Onbekend",\N,30,\N,"Daglicht",\N,\N,"269190082","Groenstraat","Tilburg","Tilburg","Noord-Brabant",false,51.547144,5.094074,"material damage only","4","unknown",false,1,"GM0855"
"20230074383",2023,"Uitsluitend materiele schade",2,"Personenauto","Fiets","Kop/staart","Rechte weg",30,"Niet brandend","Daglicht","Droog",\N,"466563110","Broerstraat","Groningen","Groningen","Groningen",false,53.218995,6.56297,"material damage only","4","clear",false,1,"GM0014"
"20230077803",2023,"Letsel",2,"Fiets","Voetganger","Voetganger","Kruispunt, 4 takken",30,"Niet brandend","Daglicht","Droog",\N,\N,"1e Van der Helststraat","Amsterdam","Amsterdam","Noord-Holland",false,52.355499,4.893133,"injury","2","clear",false,1,"GM0363"
"20230077901",2023,"Uitsluitend materiele schade",2,"Fiets","Fiets","Eenzijdig","Rechte weg",50,"Niet brandend","Daglicht","Droog",\N,"600990391","Willem de Zwijgerlaan","Leiden","Leiden","Zuid-Holland",false,52.169237,4.513167,"material damage only","4","clear",false,1,"GM0546"
"20230077976",2023,"Letsel",2,"Personenauto","Fiets","Flank","Kruispunt, 4 takken",50,"Niet brandend","Daglicht","Droog",\N,\N,"Kurhausweg","'s-Gravenhage","'s-Gravenhage","Zuid-Holland",false,52.111707,4.284355,"injury","2","clear",false,1,"GM0518"
"20230015089",2023,"Letsel",2,"e-bike","Personenauto","Flank","Kruispunt, 4 takken",50,"Niet brandend","Daglicht","Droog",\N,\N,"Zuiderweg","Groningen","Groningen","Groningen",false,53.206971,6.507425,"injury","2","clear",false,1,"GM0014"
"20230016659",2023,"Uitsluitend materiele schade",2,"Personenauto","Fiets","Flank","Kruispunt, 4 takken",30,"Brandend","Duisternis","Droog",\N,\N,"Statensingel","IJsselstein","IJsselstein","Utrecht",false,52.008778,5.037326,"material damage only","4","clear",false,1,"GM0353"
"20230029000",2023,"Letsel",2,"Fiets","Fiets","Onbekend",\N,50,\N,"Daglicht",\N,\N,\N,"Hoefweg","Oostvoorne","Voorne aan Zee","Zuid-Holland",false,51.908189,4.107496,"injury","2","unknown",false,1,"GM1992"
"20230051960",2023,"Letsel",2,"Fiets","Bromfiets","Flank","Kruispunt, 3 takken",50,"Niet brandend","Daglicht","Droog",\N,\N,"Tolweg West","Hellevoetsluis","Voorne aan Zee","Zuid-Holland",false,51.834226,4.129729,"injury","2","clear",false,1,"GM1992"
"20240033439",2024,"Uitsluitend materiele schade",2,"Personenauto","Fiets","Onbekend","Kruispunt, 3 takken",60,"Niet brandend","Daglicht","Droog",\N,\N,"Boekelsedijk","Zeeland","Maashorst","Noord-Brabant",false,51.668292,5.673051,"material damage only","4","clear",false,1,"GM1991"
"20240040423",2024,"Letsel",1,"Fiets",\N,"Eenzijdig","Rechte weg",50,"Niet brandend","Daglicht","Droog",\N,"600891775","Laan der Continenten","Alphen aan den Rijn","Alphen aan den Rijn","Zuid-Holland",false,52.129041,4.657168,"injury","2","clear",false,1,"GM0484"
"20240041223",2024,"Uitsluitend materiele schade",1,"Fiets",\N,"Onbekend","Bocht",50,"Brandend","Duisternis","Droog",\N,\N,"NOORDERPARK","Amsterdam","Amsterdam","Noord-Holland",false,52.395672,4.920698,"material damage only","4","clear",false,1,"GM0363"
"20240036553",2024,"Uitsluitend materiele schade",2,"Motor","Fiets","Flank","Kruispunt, 3 takken",30,"Niet brandend","Daglicht","Droog",\N,\N,"Nieuwe Leeuwarderweg","Wergea","Leeuwarden","Friesland",false,53.151381,5.840816,"material damage only","4","clear",false,1,"GM0080"
"20240038119",2024,"Letsel",2,"Personenauto","Fiets","Flank","Rechte weg",50,"Niet brandend","Daglicht","Droog",\N,\N,"Willem de Zwijgerlaan","Alkmaar","Alkmaar","Noord-Holland",false,52.619991,4.747578,"injury","2","clear",false,1,"GM0361"
"20240040477",2024,"Uitsluitend materiele schade",2,"Fiets",\N,"Onbekend","Rechte weg",30,"Niet brandend","Daglicht","Droog","Brug/viaduct","600389474","Hoogte Kadijk","Amsterdam","Amsterdam","Noord-Holland",false,52.367916,4.919398,"material damage only","4","clear",false,1,"GM0363"
"20240047120",2024,"Uitsluitend materiele schade",1,"Fiets",\N,"Onbekend","Rechte weg",50,"Niet brandend","Daglicht","Droog",\N,"600833691","Verlengde Schietweg","'t Harde","Elburg","Gelderland",false,52.409957,5.868871,"material damage only","4","clear",false,1,"GM0230"
"20240051476",2024,"Letsel",2,"Personenauto","Fiets","Flank","Kruispunt, 4 takken",50,"Niet brandend","Daglicht","Droog",\N,\N,"Westerblokker","Blokker","Hoorn","Noord-Holland",false,52.656526,5.075399,"injury","2","clear",false,1,"GM0405"
"20240036591",2024,"Letsel",2,"Personenauto","Fiets","Flank","Kruispunt, 4 takken",50,"Brandend","Duisternis","Droog",\N,\N,"Klinkenbergerweg","Ede","Ede","Gelderland",false,52.04329,5.673079,"injury","2","clear",false,1,"GM0228"
"20240038199",2024,"Letsel",2,"Personenauto","Fiets","Flank","Kruispunt, 4 takken",30,"Niet brandend","Daglicht","Regen",\N,\N,"Robijn","Heerhugowaard","Dijk en Waard","Noord-Holland",false,52.66389,4.823945,"injury","2","rain",false,1,"GM1980"
"20240051524",2024,"Letsel",2,"Bromfiets","Fiets","Flank","Kruispunt, 3 takken",50,"Niet brandend","Daglicht","Droog",\N,\N,"Hoofdweg","Hoofddorp","Haarlemmermeer","Noord-Holland",false,52.296711,4.680502,"injury","2","clear",false,1,"GM0394"
"20240072285",2024,"Letsel",2,"Personenauto","Fiets","Frontaal","Rechte weg",30,"Niet brandend","Daglicht","Droog","Parkeervoorziening","600717384","Stieltjesstraat","'s-Gravenhage","'s-Gravenhage","Zuid-Holland",false,52.05957,4.314896,"injury","2","clear",false,1,"GM0518"
"20240079050",2024,"Uitsluitend materiele schade",2,"Personenauto","e-bike","Flank","Kruispunt, 4 takken",30,"Niet brandend","Daglicht","Droog",\N,\N,"Pieter Calandlaan","Amsterdam","Amsterdam","Noord-Holland",false,52.356231,4.82757,"material damage only","4","clear",false,1,"GM0363"
"20240081398",2024,"Uitsluitend materiele schade",1,"Fiets",\N,"Onbekend","Rechte weg",\N,"Niet brandend","Daglicht","Droog",\N,"168262050","Othelloweg","Hoogvliet Rotterdam","Rotterdam","Zuid-Holland",false,51.86748,4.361126,"material damage only","4","clear",false,1,"GM0599"
"20240037261",2024,"Uitsluitend materiele schade",2,"Personenauto","Fiets","Onbekend","Rechte weg",30,"Niet brandend","Daglicht","Droog",\N,"467567017","Oosterhamriklaan","Groningen","Groningen","Groningen",false,53.235845,6.570999,"material damage only","4","clear",false,1,"GM0014"
"20240041982",2024,"Letsel",2,"Motor","Fiets","Flank","Kruispunt, 4 takken",50,"Niet brandend","Daglicht","Droog",\N,\N,"Schulpweg","Rotterdam","Rotterdam","Zuid-Holland",false,51.876919,4.456791,"injury","2","clear",false,1,"GM0599"
"20240072304",2024,"Letsel",2,"Fiets","Fiets","Flank","Rechte weg",30,"Brandend","Schemer","Droog",\N,"600250956","Abtswoudseweg","Delft","Delft","Zuid-Holland",false,52.001108,4.361516,"injury","2","clear",false,1,"GM0503"
"20240050968",2024,"Uitsluitend materiele schade",2,"Personenauto","Fiets","Onbekend","Rotonde",50,"Niet brandend","Daglicht","Droog",\N,\N,"Keizer Karelweg","Amstelveen","Amstelveen","Noord-Holland",false,52.306006,4.856434,"material damage only","4","clear",false,1,"GM0362"
"20240051595",2024,"Letsel",1,"Fiets",\N,"Frontaal","Rechte weg",60,"Niet brandend","Daglicht","Droog",\N,"214377007","Haarlemmerstraatweg","Haarlemmerliede","Haarlemmermeer","Noord-Holland",false,52.383444,4.68864,"injury","2","clear",false,1,"GM0394"
"20240050981",2024,"Letsel",2,"Fiets","Voetganger","Onbekend","Rechte weg",30,"Niet brandend","Daglicht","Droog",\N,"600363182","Reguliersgracht","Amsterdam","Amsterdam","Noord-Holland",false,52.362821,4.896181,"injury","2","clear",false,1,"GM0363"
"20240081482",2024,"Letsel",2,"Personenauto","Fiets","Flank","Rechte weg",30,"Niet brandend","Daglicht","Droog",\N,\N,"FIETSPAD","Hendrik-Ido-Ambacht","Hendrik-Ido-Ambacht","Zuid-Holland",false,51.832441,4.645247,"injury","2","clear",false,1,"GM0531"
"20240079207",2024,"Letsel",1,"Fiets",\N,"Eenzijdig",\N,60,"Niet aanwezig","Daglicht","Regen",\N,"186354002","Randweg","Noordwijk","Noordwijk","Zuid-Holland",false,52.282046,4.48377,"injury","2","rain",false,1,"GM0575"
"20240034350",2024,"Letsel",2,"Personenauto","Fiets","Onbekend","Kruispunt, 4 takken",30,"Niet brandend","Daglicht","Droog",\N,\N,"Populierenstraat","Goes","Goes","Zeeland",false,51.493775,3.900075,"injury","2","clear",false,1,"GM0664"
"20240040052",2024,"Letsel",2,"Personenauto","Fiets","Flank","Kruispunt, 4 takken",30,"Niet brandend","Daglicht","Droog",\N,\N,"Absrechtstraat","Zoetermeer","Zoetermeer","Zuid-Holland",false,52.063339,4.530939,"injury","2","clear",false,1,"GM0637"
"20240040728",2024,"Letsel",2,"Fiets","Personenauto","Flank","Kruispunt, 3 takken",50,"Niet brandend","Daglicht","Regen",\N,\N,"Koningin Julianastraat","Moordrecht","Zuidplas","Zuid-Holland",false,51.984847,4.665807,"injury","2","rain",false,1,"GM1892"
"20240051066",2024,"Uitsluitend materiele schade",2,"Personenauto","Fiets","Flank","Rotonde",30,"Niet brandend","Daglicht","Droog",\N,\N,"Noordzijde","Amsterdam","Amsterdam","Noord-Holland",false,52.370697,4.830543,"material damage only","4","clear",false,1,"GM0363"
"20240071838",2024,"Letsel",2,"Bromfiets","Fiets","Flank","Kruispunt, 4 takken",30,"Niet brandend","Daglicht","Droog",\N,\N,"Wildersekade","Rotterdam","Rotterdam","Zuid-Holland",false,51.980073,4.469782,"injury","2","clear",false,1,"GM0599"
"20240037762",2024,"Letsel",2,"Personenauto","e-bike","Flank","Kruispunt, 3 takken",50,"Niet brandend","Daglicht","Droog",\N,\N,"Voormalige Oudeweg","Haarlem","Haarlem","Noord-Holland",false,52.383911,4.650851,"injury","2","clear",false,1,"GM0392"
"20240071858",2024,"Letsel",2,"Bromfiets","Fiets","Flank","Kruispunt, 3 takken",50,"Niet brandend","Daglicht","Droog",\N,\N,"Laan op Zuid","Rotterdam","Rotterdam","Zuid-Holland",false,51.903616,4.504595,"injury","2","clear",false,1,"GM0599"