"accident_id","year","severity_raw","party_count","party1_type","party2_type","accident_type","road_situation","speed_limit_kmh","road_lighting","light_condition_label","weather_raw","infra_type","road_segment_id","street_name","place_name","gemeente_name_raw","province","alcohol_indicated","latitude","longitude","severity_label","severity_code","weather_label","built_up_area","cyclists_involved","gemeente_code"
"20240040139",2024,"Letsel",1,"Fiets",\N,"Flank","Rechte weg",30,"Niet brandend","Daglicht","Droog",\N,"158289018","Noordlierweg","Schipluiden","Midden-Delfland","Zuid-Holland",false,51.987617,4.284481,"injury","2","clear",false,1,"GM1842"
"20240042864",2024,"Letsel",2,"Bestelauto","Fiets","Flank","Rotonde",60,"Niet brandend","Daglicht","Droog",\N,\N,"FIETSPAD","Krimpen aan de Lek","Krimpenerwaard","Zuid-Holland",false,51.907051,4.599352,"injury","2","clear",false,1,"GM1931"
"20240051168",2024,"Letsel",2,"Bromfiets","Fiets","Flank","Kruispunt, 4 takken",30,"Niet brandend","Daglicht","Droog",\N,\N,"Mauritskade","Amsterdam","Amsterdam","Noord-Holland",false,52.361521,4.915181,"injury","2","clear",false,1,"GM0363"
"20240041608",2024,"Letsel",1,"Fiets",\N,"Eenzijdig","Kruispunt, 4 takken",30,"Niet brandend","Daglicht","Droog",\N,\N,"Treviso","Krimpen aan den IJssel","Krimpen aan den IJssel","Zuid-Holland",false,51.911565,4.589436,"injury","2","clear",false,1,"GM0542"
"20240033850",2024,"Uitsluitend materiele schade",1,"Fiets",\N,"Onbekend","Rotonde",50,"Niet brandend","Daglicht","Droog",\N,\N,"Oranjestraat","Uden","Maashorst","Noord-Brabant",false,51.65638,5.615233,"material damage only","4","clear",false,1,"GM1991"
"20240037875",2024,"Letsel",2,"Fiets","Personenauto","Flank","Kruispunt, 4 takken",30,"Niet brandend","Daglicht","Droog",\N,\N,"Rio de Janeirostraat","Almere","Almere","Flevoland",false,52.394712,5.2803,"injury","2","clear",false,1,"GM0034"
"20240040873",2024,"Uitsluitend materiele schade",2,"Bestelauto","Fiets","Onbekend",\N,30,\N,"Daglicht",\N,\N,"175301115","Hogeveenseweg","Nootdorp","Pijnacker-Nootdorp","Zuid-Holland",false,52.041347,4.409005,"material damage only","4","unknown",false,1,"GM1926"
"20240037916",2024,"Letsel",2,"Snorfiets","Fiets","Flank","Rechte weg",50,"Niet brandend","Duisternis","Droog",\N,\N,"Vleutenseweg","Utrecht","Utrecht","Utrecht",false,52.096959,5.083102,"injury","2","clear",false,1,"GM0344"
"20240040246",2024,"Letsel",2,"Fiets","Personenauto","Onbekend","Kruispunt, 4 takken",50,"Niet brandend","Daglicht","Droog",\N,\N,"Admiraal de Ruytersingel","Voorschoten","Voorschoten","Zuid-Holland",false,52.143675,4.460301,"injury","2","clear",false,1,"GM0626"
"20240040922",2024,"Letsel",2,"Bromfiets","Fiets","Flank","Rotonde",50,"Niet brandend","Daglicht","Droog",\N,\N,"Churchilllaan","Purmerend","Purmerend","Noord-Holland",false,52.507163,4.967193,"injury","2","clear",false,1,"GM0439"
"20240044781",2024,"Uitsluitend materiele schade",2,"Fiets","Bestelauto","Flank","Kruispunt, 4 takken",30,"Niet brandend","Daglicht","Regen",\N,\N,"Smidserweg","Munstergeleen","Sittard-Geleen","Limburg",false,50.97775,5.865298,"material damage only","4","rain",false,1,"GM1883"
"20240037007",2024,"Uitsluitend materiele schade",2,"Fiets",\N,"Onbekend","Rechte weg",30,"Niet aanwezig","Daglicht","Droog",\N,"600853110","Caspar Fagelstraat","Zwolle","Zwolle","Overijssel",false,52.52327,6.115119,"material damage only","4","clear",false,1,"GM0193"
"20240080120",2024,"Uitsluitend materiele schade",2,"Personenauto","Fiets","Flank","Kruispunt, 4 takken",30,"Niet brandend","Daglicht","Droog",\N,\N,"Spekhuisstraat","Wormer","Wormerland","Noord-Holland",false,52.491006,4.805222,"material damage only","4","clear",false,1,"GM0880"
"20230093975",2023,"Letsel",1,"Fiets",\N,"Eenzijdig","Rechte weg",30,"Niet brandend","Daglicht","Droog",\N,"384283004","Malburgse Bandijk","Arnhem","Arnhem","Gelderland",false,51.9647,5.929294,"injury","2","clear",false,1,"GM0202"
"20230095116",2023,"Letsel",2,"Personenauto","Fiets","Eenzijdig","Kruispunt, 3 takken",50,"Brandend","Duisternis","Regen/Sneeuw/Hagel",\N,\N,"W.A. Scholtenstraat","Groningen","Groningen","Groningen",false,53.222107,6.56849,"injury","2","unknown",false,1,"GM0014"
"20230098043",2023,"Letsel",2,"Snorfiets","Fiets","Flank","Kruispunt, 4 takken",50,"Niet brandend","Daglicht","Droog",\N,\N,"Leidsevaart","Haarlem","Haarlem","Noord-Holland",false,52.37787,4.624385,"injury","2","clear",false,1,"GM0392"
"20230098646",2023,"Uitsluitend materiele schade",1,"Fiets",\N,"Voetganger","Rechte weg",15,"Niet brandend","Daglicht","Droog",\N,"322168152","Kruisstraat","Eindhoven","Eindhoven","Noord-Brabant",false,51.447007,5.475404,"material damage only","4","clear",false,1,"GM0772"
"20230099583",2023,"Letsel",2,"Fiets","Personenauto","Flank",\N,50,"Niet brandend","Daglicht","Droog",\N,"354029040","Hoge Weerd","Maastricht","Maastricht","Limburg",false,50.822314,5.70098,"injury","2","clear",false,1,"GM0935"
"20230100861",2023,"Uitsluitend materiele schade",2,"Bestelauto","Fiets","Frontaal","Rotonde",50,"Niet brandend","Daglicht","Droog",\N,\N,"Dorpstraat","Veldhoven","Veldhoven","Noord-Brabant",false,51.40774,5.409255,"material damage only","4","clear",false,1,"GM0861"
"20230085210",2023,"Uitsluitend materiele schade",2,"Bromfiets","Fiets","Flank","Kruispunt, 4 takken",50,"Niet brandend","Daglicht","Regen",\N,\N,"Handelskade","Deventer","Deventer","Overijssel",false,52.255518,6.162918,"material damage only","4","rain",false,1,"GM0150"
"20230088131",2023,"Uitsluitend materiele schade",3,"Fiets","Personenauto","Onbekend","Rechte weg",30,"Niet brandend","Daglicht","Regen",\N,"600765929","Molukkenstraat","Amsterdam","Amsterdam","Noord-Holland",false,52.361748,4.939684,"material damage only","4","rain",false,1,"GM0363"
"20230094606",2023,"Letsel",2,"Fiets","Fiets","Flank","Kruispunt, 4 takken",50,"Niet brandend","Daglicht","Droog",\N,\N,"Oldenoert","Leek","Westerkwartier","Groningen",false,53.162966,6.373941,"injury","2","clear",false,1,"GM1969"
"20230100547",2023,"Uitsluitend materiele schade",2,"Bestelauto","Fiets","Flank","Rotonde",50,"Brandend","Schemer","Regen",\N,\N,"Tuinstraat","Asten","Asten","Noord-Brabant",false,51.404736,5.75054,"material damage only","4","rain",false,1,"GM0743"
"20230104487",2023,"Uitsluitend materiele schade",2,"Personenauto","Fiets","Flank","Kruispunt, 4 takken",50,"Niet brandend","Daglicht","Mist",\N,\N,"Juckemaleane","Stiens","Leeuwarden","Friesland",false,53.264467,5.752896,"material damage only","4","fog",false,1,"GM0080"
"20230080555",2023,"Uitsluitend materiele schade",2,"Personenauto","Fiets","Frontaal","Rechte weg",50,"Niet brandend","Daglicht","Regen",\N,"342183001","Laarweg","Aarle-Rixtel","Laarbeek","Noord-Brabant",false,51.515189,5.624382,"material damage only","4","rain",false,1,"GM1659"
"20230097509",2023,"Letsel",2,"Personenauto","Fiets","Onbekend","Kruispunt, 4 takken",50,"Brandend","Duisternis","Regen",\N,\N,"Rietkraag","Beinsdorp","Haarlemmermeer","Noord-Holland",false,52.286326,4.593736,"injury","2","rain",false,1,"GM0394"
"20230102088",2023,"Letsel",4,"Bus","Fiets","Onbekend","Rechte weg",50,"Brandend","Schemer","Regen",\N,"215292014","Koningin Wilhelminaweg","Gouda","Gouda","Zuid-Holland",false,52.001878,4.698396,"injury","2","rain",false,1,"GM0513"
"20230102566",2023,"Letsel",1,"Fiets",\N,"Eenzijdig","Rechte weg",15,"Brandend","Duisternis","Regen",\N,"600702182","Westlandseweg","Delft","Delft","Zuid-Holland",false,52.002114,4.353988,"injury","2","rain",false,1,"GM0503"
"20230080043",2023,"Uitsluitend materiele schade",2,"Personenauto","Fiets","Flank","Kruispunt, 3 takken",50,"Brandend","Duisternis","Regen",\N,\N,"Oude Kerkstraat","Oss","Oss","Noord-Brabant",false,51.764407,5.513107,"material damage only","4","rain",false,1,"GM0828"
"20230085855",2023,"Letsel",2,"Fiets","Fiets","Flank","Kruispunt, 3 takken",30,\N,"Daglicht",\N,\N,\N,"Nijenstede","Hardenberg","Hardenberg","Overijssel",false,52.574625,6.624871,"injury","2","unknown",false,1,"GM0160"
"20230100963",2023,"Uitsluitend materiele schade",2,"Personenauto","Fiets","Frontaal","Kruispunt, 3 takken",50,"Brandend","Schemer","Regen",\N,\N,"Broeklaan","Tegelen","Venlo","Limburg",false,51.348391,6.144525,"material damage only","4","rain",false,1,"GM0983"
"20230100980",2023,"Uitsluitend materiele schade",2,"Bromfiets","Fiets","Flank","Rechte weg",30,"Niet brandend","Daglicht","Droog",\N,"600727985","Voorweg","Zoetermeer","Zoetermeer","Zuid-Holland",false,52.061296,4.473422,"material damage only","4","clear",false,1,"GM0637"
"20230101716",2023,"Letsel",1,"Fiets",\N,"Eenzijdig","Rechte weg",60,"Niet brandend","Daglicht","Regen",\N,"600745049","Ridderbuurt","Alphen aan den Rijn","Alphen aan den Rijn","Zuid-Holland",false,52.156043,4.66651,"injury","2","rain",false,1,"GM0484"
"20230104437",2023,"Letsel",2,"Bestelauto","Fiets","Flank","Kruispunt, 3 takken",30,"Niet brandend","Daglicht","Droog",\N,\N,"Duizendblad","Drachten","Smallingerland","Friesland",false,53.128234,6.084329,"injury","2","clear",false,1,"GM0090"
"20230105231",2023,"Uitsluitend materiele schade",2,"Personenauto","Fiets","Flank","Rotonde",50,"Niet brandend","Daglicht","Droog",\N,\N,"Zaagmolenpad","Doetinchem","Doetinchem","Gelderland",false,51.969665,6.272978,"material damage only","4","clear",false,1,"GM0222"
"20230081227",2023,"Uitsluitend materiele schade",2,"Fiets",\N,"Kop/staart","Rechte weg",30,"Niet brandend","Daglicht","Droog",\N,"213248036","Halmaheiraplein","Dordrecht","Dordrecht","Zuid-Holland",false,51.805689,4.688378,"material damage only","4","clear",false,1,"GM0505"
"20230083569",2023,"Letsel",2,"Bestelauto","Fiets","Eenzijdig","Rechte weg",30,"Niet brandend","Daglicht","Droog",\N,"547504014","Breetuinenweg","Sellingen","Westerwolde","Groningen",false,52.944233,7.15266,"injury","2","clear",false,1,"GM1950"
"20230084749",2023,"Letsel",2,"Fiets","Voetganger","Voetganger","Rechte weg",30,"Brandend","Duisternis","Droog",\N,"528363015","Lossersestraat","de Lutte","Losser","Overijssel",false,52.313636,6.987946,"injury","2","clear",false,1,"GM0168"
"20230085913",2023,"Uitsluitend materiele schade",2,"Bestelauto","Fiets","Flank","Rotonde",50,"Niet brandend","Daglicht","Droog",\N,\N,"Westsingel","Bunschoten-Spakenburg","Bunschoten","Utrecht",false,52.234242,5.367918,"material damage only","4","clear",false,1,"GM0313"
"20230087064",2023,"Uitsluitend materiele schade",2,"Personenauto","Fiets","Frontaal","Kruispunt, 4 takken",50,"Niet brandend","Daglicht","Droog",\N,\N,"Lammenschansweg","Leiden","Leiden","Zuid-Holland",false,52.149364,4.493947,"material damage only","4","clear",false,1,"GM0546"
"20230088828",2023,"Letsel",2,"Fiets","Fiets","Onbekend","Rechte weg",50,"Brandend","Duisternis","Regen",\N,\N,"Victoriberg","Noordwijkerhout","Noordwijk","Zuid-Holland",false,52.261692,4.489727,"injury","2","rain",false,1,"GM0575"
"20230094125",2023,"Letsel",2,"Fiets",\N,"Eenzijdig","Rechte weg",50,"Niet brandend","Daglicht","Regen",\N,"379288007","Utrechtsestraat","Arnhem","Arnhem","Gelderland",false,51.98434,5.895178,"injury","2","rain",false,1,"GM0202"
"20230094697",2023,"Letsel",2,"Personenauto","Fiets","Flank","Kruispunt, 3 takken",50,"Niet brandend","Daglicht","Regen",\N,\N,"Leeuwenburgstraat","Groningen","Groningen","Groningen",false,53.226632,6.599346,"injury","2","rain",false,1,"GM0014"
"20230097013",2023,"Letsel",2,"Fiets","Los voorwerp","Los voorwerp","Rechte weg",15,"Niet brandend","Daglicht","Regen",\N,"193375142","Burg Engelbertsstraat","Zandvoort","Zandvoort","Noord-Holland",false,52.375187,4.529161,"injury","2","rain",false,1,"GM0473"
"20230102186",2023,"Uitsluitend materiele schade",2,"Personenauto","Fiets","Flank","Kruispunt, 4 takken",30,"Niet brandend","Daglicht","Droog",\N,\N,"Schout Van Eijklaan","Leidschendam","Leidschendam-Voorburg","Zuid-Holland",false,52.090343,4.386163,"material damage only","4","clear",false,1,"GM1916"
"20230102193",2023,"Letsel",1,"Fiets",\N,"Eenzijdig","Rotonde",50,"Niet aanwezig","Daglicht","Regen",\N,\N,"Duyfraklaan","Valkenburg","Katwijk","Zuid-Holland",false,52.174521,4.442586,"injury","2","rain",false,1,"GM0537"
"20230084789",2023,"Letsel",2,"Personenauto","Fiets","Flank","Rotonde",50,"Brandend","Daglicht","Droog",\N,\N,"Ceintuurbaan","Bussum","Gooise Meren","Noord-Holland",false,52.267188,5.168978,"injury","2","clear",false,1,"GM1942"
"20230085949",2023,"Uitsluitend materiele schade",2,"Personenauto","Fiets","Flank","Kruispunt, 3 takken",50,"Niet brandend","Daglicht","Regen",\N,\N,"Nijverheidsweg","Utrecht","Utrecht","Utrecht",false,52.102359,5.082168,"material damage only","4","rain",false,1,"GM0344"
"20230101766",2023,"Letsel",2,\N,"Fiets","Eenzijdig","Rechte weg",30,"Niet brandend","Daglicht","Regen",\N,\N,"Voorhofdreef","Delft","Delft","Zuid-Holland",false,51.992629,4.356517,"injury","2","rain",false,1,"GM0503"
"20230105576",2023,"Uitsluitend materiele schade",2,"Personenauto","Fiets","Flank","Rechte weg",50,"Brandend","Duisternis","Regen","Tankstation","600951805","Bisschopstraat","Weerselo","Dinkelland","Overijssel",false,52.343857,6.861761,"material damage only","4","rain",false,1,"GM1774"
"20230083091",2023,"Letsel",5,"Fiets","Fiets","Onbekend","Rechte weg",\N,"Brandend","Duisternis","Droog",\N,"490376005","Ootmarsumseweg","Harbrinkhoek","Tubbergen","Overijssel",false,52.376033,6.715062,"injury","2","clear",false,1,"GM0183"
"20230086564",2023,"Uitsluitend materiele schade",2,"Personenauto","Fiets","Flank","Rotonde",50,"Niet brandend","Daglicht","Droog",\N,\N,"Zijperstraat","Alkmaar","Alkmaar","Noord-Holland",false,52.639027,4.755392,"material damage only","4","clear",false,1,"GM0361"
"20230088324",2023,"Letsel",2,"Personenauto","Fiets","Geparkeerd voertuig","Rechte weg",50,"Niet brandend","Daglicht","Regen",\N,"242384021","Zuideinde","Amsterdam","Amsterdam","Noord-Holland",false,52.419091,4.894,"injury","2","rain",false,1,"GM0363"
"20230090049",2023,"Uitsluitend materiele schade",2,"Personenauto","Fiets","Flank","Rotonde",50,"Niet brandend","Daglicht","Regen",\N,\N,"De Savornin Lohmanlaan","'s-Gravenhage","'s-Gravenhage","Zuid-Holland",false,52.072093,4.241094,"material damage only","4","rain",false,1,"GM0518"
"20230097680",2023,"Letsel",2,"Fiets","Fiets","Onbekend","Bocht",30,"Niet brandend","Daglicht","Regen",\N,\N,"Stationsweg","Hoorn","Hoorn","Noord-Holland",false,52.644854,5.05167,"injury","2","rain",false,1,"GM0405"
"20230102267",2023,"Uitsluitend materiele schade",1,"Fiets",\N,"Flank","Kruispunt, 3 takken",30,"Niet brandend","Daglicht","Droog",\N,\N,"Hoge Gouwe","Gouda","Gouda","Zuid-Holland",false,52.009836,4.709533,"material damage only","4","clear",false,1,"GM0513"
"20230105092",2023,"Uitsluitend materiele schade",3,"Fiets","Fiets","Onbekend","Rechte weg",50,"Brandend","Duisternis","Droog",\N,"408400130","Nieuwe Deventerweg","Zwolle","Zwolle","Overijssel",false,52.485809,6.113547,"material damage only","4","clear",false,1,"GM0193"
"20230095951",2023,"Uitsluitend materiele schade",2,"Snorfiets","Fiets","Flank","Rechte weg",15,"Niet brandend","Daglicht","Droog",\N,"275308043","Koningsweg","Utrecht","Utrecht","Utrecht",false,52.076806,5.134346,"material damage only","4","clear",false,1,"GM0344"
"20230097131",2023,"Uitsluitend materiele schade",2,"Fiets","Fiets","Flank","Kruispunt, 4 takken",50,"Niet brandend","Daglicht","Droog",\N,\N,"Bernhardplein","Den Helder","Den Helder","Noord-Holland",false,52.958493,4.759881,"material damage only","4","clear",false,1,"GM0400"
"20230097717",2023,"Letsel",2,"Bestelauto","Fiets","Eenzijdig","Kruispunt, 4 takken",30,"Niet brandend","Schemer","Droog",\N,\N,"Kleine Houtstraat","Haarlem","Haarlem","Noord-Holland",false,52.378027,4.635974,"injury","2","clear",false,1,"GM0392"
"20230105372",2023,"Uitsluitend materiele schade",2,"Personenauto","Fiets","Frontaal","Kruispunt, 3 takken",50,"Brandend","Duisternis","Regen",\N,\N,"Kuipersdijk","Enschede","Enschede","Overijssel",false,52.215227,6.896238,"material damage only","4","rain",false,1,"GM0153"
"20230079629",2023,"Letsel",3,"Fiets","Fiets","Onbekend","Rechte weg",50,"Niet brandend","Daglicht","Droog",\N,\N,"Grote Berg","Eindhoven","Eindhoven","Noord-Brabant",false,51.436224,5.477378,"injury","2","clear",false,1,"GM0772"
"20230080206",2023,"Letsel",1,"Fiets",\N,"Eenzijdig","Bocht",60,"Niet aanwezig","Duisternis","Droog",\N,"600780299","Burg. Willekenslaan","Reusel","Reusel-De Mierden","Noord-Brabant",false,51.34158,5.178358,"injury","2","clear",false,1,"GM1667"
"20230080801",2023,"Uitsluitend materiele schade",1,"Fiets",\N,"Onbekend","Rechte weg",50,"Niet brandend","Daglicht","Droog",\N,"313145008","Braambos","Westerhoven","Bergeijk","Noord-Brabant",false,51.343756,5.412952,"material damage only","4","clear",false,1,"GM1724"
"20230082574",2023,"Letsel",2,"Fiets","Overig vast object","Vast voorwerp","Rotonde",30,"Niet brandend","Daglicht","Droog",\N,\N,"Marijkeweg","Wageningen","Wageningen","Gelderland",false,51.969827,5.655398,"injury","2","clear",false,1,"GM0289"
"20230088968",2023,"Letsel",2,"Personenauto","Fiets","Flank","Rotonde",50,"Niet brandend","Daglicht","Droog",\N,\N,"Schroeder van der Kolkln","Poortugaal","Albrandswaard","Zuid-Holland",false,51.8529,4.404581,"injury","2","clear",false,1,"GM0613"
"20230093108",2023,"Letsel",1,"Fiets",\N,"Eenzijdig","Rechte weg",30,"Brandend","Duisternis","Droog",\N,"535346035","Prins Hendrikstraat","Overdinkel","Losser","Overijssel",false,52.238119,7.035079,"injury","2","clear",false,1,"GM0168"
"20230101891",2023,"Letsel",2,"Personenauto","Fiets","Onbekend","Kruispunt, 3 takken",50,"Niet brandend","Daglicht","Droog",\N,\N,"Koningin Marialaan","'s-Gravenhage","'s-Gravenhage","Zuid-Holland",false,52.086168,4.33209,"injury","2","clear",false,1,"GM0518"
"20230083181",2023,"Letsel",1,"Fiets",\N,"Eenzijdig","Rechte weg",50,"Niet brandend","Daglicht","Regen",\N,"600494243","Arnhemseweg","Apeldoorn","Apeldoorn","Gelderland",false,52.202373,5.959149,"injury","2","rain",false,1,"GM0200"
"20230084944",2023,"Uitsluitend materiele schade",2,"Bestelauto","Fiets","Flank","Kruispunt, 3 takken",50,"Niet brandend","Daglicht","Droog",\N,\N,"Loggerweg","Zwolle","Zwolle","Overijssel",false,52.516871,6.052332,"material damage only","4","clear",false,1,"GM0193"
"20230082636",2023,"Uitsluitend materiele schade",2,"Personenauto","Fiets","Frontaal","Rechte weg",30,"Niet brandend","Daglicht","Droog",\N,"290247021","Rembrandtstraat","Zaltbommel","Zaltbommel","Gelderland",false,51.803601,5.246137,"material damage only","4","clear",false,1,"GM0297"
"20230106454",2023,"Letsel",2,"Personenauto","Fiets","Flank","Kruispunt, 4 takken",50,"Brandend","Daglicht","Droog",\N,\N,"Hoofdweg","Rotterdam","Rotterdam","Zuid-Holland",false,51.949149,4.55335,"injury","2","clear",false,1,"GM0599"
"20230091451",2023,"Uitsluitend materiele schade",1,"Fiets",\N,"Onbekend","Bocht",30,"Niet brandend","Daglicht","Droog",\N,"313164022","Vijverstraat","Veldhoven","Veldhoven","Noord-Brabant",false,51.427141,5.413752,"material damage only","4","clear",false,1,"GM0861"
"20230092632",2023,"Uitsluitend materiele schade",2,"Fiets","Fiets","Frontaal","Kruispunt, 3 takken",50,"Niet brandend","Schemer","Droog",\N,\N,"Vleesstraat","Venlo","Venlo","Limburg",false,51.367373,6.167183,"material damage only","4","clear",false,1,"GM0983"
"20230096666",2023,"Uitsluitend materiele schade",2,"Personenauto","Fiets","Frontaal","Rotonde",30,"Niet brandend","Schemer","Droog",\N,\N,"Oude Arnhemseweg","Zeist","Zeist","Utrecht",false,52.090614,5.232506,"material damage only","4","clear",false,1,"GM0355"
"20230102423",2023,"Letsel",2,"Personenauto","Fiets","Flank","Kruispunt, 4 takken",50,"Niet brandend","Daglicht","Droog",\N,\N,"Loosduinseweg","'s-Gravenhage","'s-Gravenhage","Zuid-Holland",false,52.072959,4.291951,"injury","2","clear",false,1,"GM0518"
"20230082739",2023,"Letsel",2,"Personenauto","Fiets","Flank","Rechte weg",30,"Niet brandend","Daglicht","Regen",\N,\N,"Stationsweg","Grou","Leeuwarden","Friesland",false,53.094266,5.834609,"injury","2","rain",false,1,"GM0080"
"20230086769",2023,"Uitsluitend materiele schade",2,"Personenauto","Fiets","Flank","Rechte weg",30,"Niet brandend","Daglicht","Droog",\N,"208303028","Groensvoorde","Waddinxveen","Waddinxveen","Zuid-Holland",false,52.051767,4.647312,"material damage only","4","clear",false,1,"GM0627"
"20230087352",2023,"Uitsluitend materiele schade",2,"Fiets","e-bike","Onbekend","Kruispunt, 4 takken",50,"Niet brandend","Daglicht","Droog",\N,\N,"De Clercqstraat","Amsterdam","Amsterdam","Noord-Holland",false,52.370288,4.867108,"material damage only","4","clear",false,1,"GM0363"
"20230087945",2023,"Letsel",3,"Personenauto","Fiets","Onbekend","Bocht",50,"Brandend","Duisternis","Droog",\N,"243384031","Appelweg","Amsterdam","Amsterdam","Noord-Holland",false,52.414649,4.897851,"injury","2","clear",false,1,"GM0363"
"20230090898",2023,"Letsel",2,"Personenauto","e-bike","Onbekend","Kruispunt, 4 takken",80,"Niet brandend","Daglicht","Droog",\N,\N,"Heukelom","Afferden L","Bergen (L)","Limburg",false,51.618455,6.031499,"injury","2","clear",false,1,\N
"20230090912",2023,"Uitsluitend materiele schade",2,"Personenauto","Fiets","Flank","Kruispunt, 4 takken",50,"Niet brandend","Daglicht","Droog",\N,\N,"St. Rochusstraat","Nederweert","Nederweert","Limburg",false,51.283654,5.757631,"material damage only","4","clear",false,1,"GM0946"
"20230080380",2023,"Letsel",2,"Fiets","Fiets","Frontaal","Rechte weg",30,"Niet brandend","Daglicht","Droog",\N,"600376294","Kleine Berg","Eindhoven","Eindhoven","Noord-Brabant",false,51.43693,5.475208,"injury","2","clear",false,1,"GM0772"
"20230083919",2023,"Letsel",1,"Fiets",\N,"Eenzijdig","Rechte weg",50,"Brandend","Duisternis","Droog",\N,\N,"Polluxstraat","Groningen","Groningen","Groningen",false,53.231182,6.544135,"injury","2","clear",false,1,"GM0014"
"20230084518",2023,"Letsel",2,"Fiets","Overig vast object","Vast voorwerp","Rechte weg",50,"Niet brandend","Duisternis","Regen",\N,"330308027","Dorpsstraat","Renswoude","Renswoude","Utrecht",false,52.074715,5.537518,"injury","2","rain",false,1,"GM0339"
"20230086217",2023,"Uitsluitend materiele schade",2,"Personenauto","Fiets","Flank","Rotonde",50,"Niet brandend","Daglicht","Droog",\N,\N,"Keppelerdijk","Enschede","Enschede","Overijssel",false,52.213841,6.938433,"material damage only","4","clear",false,1,"GM0153"
"20230086245",2023,"Letsel",2,"Personenauto","Fiets","Flank","Rechte weg",50,"Niet brandend","Daglicht","Droog",\N,\N,"Richterslaan","Lichtenvoorde","Oost Gelre","Gelderland",false,51.991154,6.565069,"injury","2","clear",false,1,"GM1586"
"20230086811",2023,"Letsel",2,"e-bike","Fiets","Onbekend","Kruispunt, 4 takken",30,"Niet brandend","Daglicht",\N,\N,\N,"FIETSPAD","Pijnacker","Pijnacker-Nootdorp","Zuid-Holland",false,52.020611,4.436512,"injury","2","unknown",false,1,"GM1926"
"20230086814",2023,"Uitsluitend materiele schade",2,"Bestelauto","Fiets","Flank","Kruispunt, 4 takken",\N,"Niet brandend","Daglicht","Droog",\N,\N,"Schalk Burgerstraat","'s-Gravenhage","'s-Gravenhage","Zuid-Holland",false,52.060032,4.293737,"material damage only","4","clear",false,1,"GM0518"
"20230083362",2023,"Letsel",3,"Bromfiets","Fiets","Onbekend","Rechte weg",30,"Brandend","Duisternis","Droog","Brug/viaduct","520467012","Sint Gerardusstraat","Emmen","Emmen","Drenthe",true,52.779844,6.945561,"injury","2","clear",false,1,"GM0114"
"20230092749",2023,"Letsel",2,"Fiets","Personenauto","Flank","Kruispunt, 3 takken",30,"Niet brandend","Daglicht","Regen",\N,\N,"Citadellaan","'s-Hertogenbosch","'s-Hertogenbosch","Noord-Brabant",false,51.695199,5.305556,"injury","2","rain",false,1,"GM0796"
"20230093916",2023,"Letsel",2,"Personenauto","Fiets","Onbekend","Kruispunt, 3 takken",60,"Niet brandend","Daglicht","Droog",\N,\N,"Grote Molenstraat","Elst","Overbetuwe","Gelderland",false,51.932854,5.838276,"injury","2","clear",false,1,"GM1734"
"20230083388",2023,"Uitsluitend materiele schade",2,"Bromfiets","Fiets","Frontaal","Rechte weg",30,"Niet aanwezig","Duisternis","Droog",\N,"381285034","Malburgse Bandijk","Arnhem","Arnhem","Gelderland",false,51.969973,5.915432,"material damage only","4","clear",false,1,"GM0202"
"20230086860",2023,"Uitsluitend materiele schade",2,"Bestelauto","Fiets","Flank","Rechte weg",50,"Niet brandend","Daglicht","Droog",\N,"176313040","Veursestraatweg","Leidschendam","Leidschendam-Voorburg","Zuid-Holland",false,52.096211,4.413355,"material damage only","4","clear",false,1,"GM1916"
"20230082278",2023,"Letsel",2,"Bestelauto","Fiets","Eenzijdig","Kruispunt, 4 takken",30,"Niet brandend","Daglicht","Droog",\N,\N,"St. Rochusstraat","Nederweert","Nederweert","Limburg",false,51.283654,5.757631,"injury","2","clear",false,1,"GM0946"
"20230084025",2023,"Letsel",2,"Personenauto","Fiets","Flank","Kruispunt, 4 takken",50,"Brandend","Duisternis","Regen",\N,\N,"'t Spiek","Beilen","Midden-Drenthe","Drenthe",false,52.857276,6.511602,"injury","2","rain",false,1,"GM1731"
"20230088682",2023,"Uitsluitend materiele schade",2,"Bromfiets","Fiets","Flank","Kruispunt, 4 takken",30,"Brandend","Duisternis","Droog",\N,\N,"Stalkaarsen","Gorinchem","Gorinchem","Zuid-Holland",false,51.842324,4.96534,"material damage only","4","clear",false,1,"GM0512"
"20220004118",2022,"Letsel",2,"Personenauto","Fiets","Flank","Kruispunt, 3 takken",50,"Brandend","Duisternis","Droog",\N,\N,"Enkalaan","Ede","Ede","Gelderland",false,52.023301,5.67192,"injury","2","clear",false,1,"GM0228"
"20220001710",2022,"Letsel",2,"Snorfiets","Fiets","Flank","Kruispunt, 4 takken",30,"Niet brandend","Daglicht","Droog",\N,\N,"Folkingestraat","Groningen","Groningen","Groningen",false,53.214591,6.565325,"injury","2","clear",false,1,"GM0014"
"20220002503",2022,"Uitsluitend materiele schade",2,"e-bike",\N,"Voetganger","Bocht",30,"Niet brandend","Daglicht","Droog",\N,"470515026","Amelterhout","Assen","Assen","Drenthe",false,52.999398,6.580594,"material damage only","4","clear",false,1,"GM0106"
"20220007750",2022,"Uitsluitend materiele schade",2,"Snorfiets","e-bike","Flank","Kruispunt, 3 takken",30,"Niet brandend","Daglicht",\N,\N,\N,"Hengelosestraat","Enschede","Enschede","Overijssel",false,52.223185,6.892624,"material damage only","4","unknown",false,1,"GM0153"
"20220007924",2022,"Letsel",2,"Fiets","Overig vast object","Vast voorwerp","Rechte weg",30,"Brandend","Duisternis","Droog",\N,"500349011","Industriestraat","Hengelo","Hengelo (O)","Overijssel",false,52.254312,6.780508,"injury","2","clear",false,1,\N