"accident_id","year","severity_raw","party_count","party1_type","party2_type","accident_type","road_situation","speed_limit_kmh","road_lighting","light_condition_label","weather_raw","infra_type","road_segment_id","street_name","place_name","gemeente_name_raw","province","alcohol_indicated","latitude","longitude","severity_label","severity_code","weather_label","built_up_area","cyclists_involved","gemeente_code"
"20220113066",2022,"Letsel",1,"Fiets",\N,"Eenzijdig",\N,\N,\N,"Daglicht",\N,\N,"382236001","Zevenbergsezijweg","Plasmolen","Mook en Middelaar","Limburg",false,51.744343,5.907843,"injury","2","unknown",false,1,"GM0944"
"20220113541",2022,"Letsel",2,"Fiets","Personenauto","Onbekend",\N,30,\N,"Daglicht",\N,\N,"379051023","Dorpstraat","Nuth","Beekdaelen","Limburg",false,50.919174,5.884667,"injury","2","unknown",false,1,"GM1954"
"20220075801",2022,"Uitsluitend materiele schade",3,"e-bike","Fiets","Onbekend","Rechte weg",60,"Niet aanwezig","Daglicht","Droog",\N,"466287002","Varsseveldseweg","Harreveld","Oost Gelre","Gelderland",false,51.978017,6.529212,"material damage only","4","clear",false,1,"GM1586"
"20220050538",2022,"Uitsluitend materiele schade",2,"Bestelauto","Fiets","Flank","Kruispunt, 4 takken",50,"Niet brandend","Daglicht","Droog",\N,\N,"Rio de Janeirostraat","Almere","Almere","Flevoland",false,52.393486,5.281792,"material damage only","4","clear",false,1,"GM0034"
"20230001300",2023,"Letsel",2,"Personenauto","Fiets","Flank","Kruispunt, 4 takken",30,"Niet brandend","Daglicht","Droog",\N,\N,"Willem Sluyterstraat","Eibergen","Berkelland","Gelderland",false,52.097378,6.645559,"injury","2","clear",false,1,"GM1859"
"20230001393",2023,"Uitsluitend materiele schade",2,"Personenauto","e-bike","Flank","Kruispunt, 4 takken",50,"Niet brandend","Daglicht","Droog",\N,\N,"Laan Corpus den Hoorn","Groningen","Groningen","Groningen",false,53.192741,6.56241,"material damage only","4","clear",false,1,"GM0014"
"20230010693",2023,"Letsel",3,"Personenauto","Fiets","Onbekend","Kruispunt, 4 takken",50,"Niet brandend","Daglicht","Droog",\N,\N,"Brailleweg","Groningen","Groningen","Groningen",false,53.207523,6.561821,"injury","2","clear",false,1,"GM0014"
"20230002238",2023,"Letsel",1,"Fiets",\N,"Eenzijdig","Kruispunt, 4 takken",30,"Niet brandend","Daglicht","Droog",\N,\N,"Gisbert Schairtweg","Zaltbommel","Zaltbommel","Gelderland",false,51.808229,5.242576,"injury","2","clear",false,1,"GM0297"
"20230002257",2023,"Uitsluitend materiele schade",3,"e-bike","Fiets","Flank","Kruispunt, 4 takken",50,"Niet brandend","Daglicht","Droog",\N,\N,"C.F. Klaarstraat","Enschede","Enschede","Overijssel",false,52.216435,6.904792,"material damage only","4","clear",false,1,"GM0153"
"20230011239",2023,"Uitsluitend materiele schade",2,"Personenauto","e-bike","Flank","Rotonde",60,"Brandend","Duisternis","Droog",\N,\N,"Veenhuizerveldweg","Putten","Putten","Gelderland",false,52.220496,5.608066,"material damage only","4","clear",false,1,"GM0273"
"20230000436",2023,"Uitsluitend materiele schade",2,"Personenauto","Fiets","Flank","Kruispunt, 4 takken",50,"Brandend","Schemer","Regen",\N,\N,"Holterweg","Deventer","Deventer","Overijssel",false,52.24941,6.202836,"material damage only","4","rain",false,1,"GM0150"
"20230002288",2023,"Letsel",2,"Personenauto","Fiets","Flank","Kruispunt, 3 takken",50,"Niet brandend","Daglicht","Regen/Sneeuw/Hagel",\N,\N,"Pinksterbloemstraat","Arnhem","Arnhem","Gelderland",false,51.967542,5.906322,"injury","2","unknown",false,1,"GM0202"
"20230011965",2023,"Uitsluitend materiele schade",2,"Personenauto","Fiets","Onbekend","Kruispunt, 3 takken",50,"Niet brandend","Daglicht","Droog",\N,\N,"Philosofenallee","Zwolle","Zwolle","Overijssel",false,52.514534,6.108982,"material damage only","4","clear",false,1,"GM0193"
"20230000521",2023,"Uitsluitend materiele schade",2,"Personenauto","Fiets","Flank","Kruispunt, 3 takken",50,"Niet brandend","Daglicht","Droog",\N,\N,"Eimerssingel-West","Arnhem","Arnhem","Gelderland",false,51.962156,5.905463,"material damage only","4","clear",false,1,"GM0202"
"20230009977",2023,"Letsel",2,"Personenauto","Fiets","Frontaal","Kruispunt, 3 takken",30,"Niet brandend","Daglicht","Droog",\N,\N,"Beilerstraat","Assen","Assen","Drenthe",false,52.987507,6.55974,"injury","2","clear",false,1,"GM0106"
"20230003250",2023,"Letsel",1,"Fiets",\N,"Eenzijdig","Rechte weg",30,"Brandend","Duisternis","Droog",\N,"600739893","Lanckhorstlaan","Heemstede","Heemstede","Noord-Holland",false,52.358827,4.617347,"injury","2","clear",false,1,"GM0397"
"20230014152",2023,"Uitsluitend materiele schade",2,"Personenauto","Fiets","Onbekend",\N,50,\N,"Daglicht",\N,\N,"313551003","Westerzeedijk","Harlingen","Harlingen","Friesland",false,53.170766,5.415701,"material damage only","4","unknown",false,1,"GM0072"
"20230000063",2023,"Letsel",2,"Personenauto","Fiets","Flank","Kruispunt, 4 takken",50,"Brandend","Duisternis","Droog",\N,\N,"het Kanaal","Assen","Assen","Drenthe",false,52.996897,6.555643,"injury","2","clear",false,1,"GM0106"
"20230085251",2023,"Letsel",2,"Fiets",\N,"Eenzijdig",\N,30,\N,"Daglicht",\N,\N,"237297008","De Cope","Oudewater","Oudewater","Utrecht",false,52.026172,4.861467,"injury","2","unknown",false,1,"GM0589"
"20230002447",2023,"Letsel",2,"Personenauto","Fiets","Frontaal","Kruispunt, 4 takken",30,"Niet brandend","Daglicht","Regen",\N,\N,"Koetsendijk","Nijkerk","Nijkerk","Gelderland",false,52.225334,5.483028,"injury","2","rain",false,1,"GM0267"
"20230002927",2023,"Uitsluitend materiele schade",2,"Fiets","Overig vast object","Vast voorwerp","Rechte weg",50,"Niet brandend","Daglicht","Droog",\N,"209381037","Rijksstraatweg","Haarlem","Haarlem","Noord-Holland",false,52.40246,4.646162,"material damage only","4","clear",false,1,"GM0392"
"20230004443",2023,"Uitsluitend materiele schade",2,"Bestelauto","Fiets","Geparkeerd voertuig","Rechte weg",30,"Niet brandend","Daglicht","Droog",\N,"600124284","Overtoom","Amsterdam","Amsterdam","Noord-Holland",false,52.362594,4.874382,"material damage only","4","clear",false,1,"GM0363"
"20230003755",2023,"Letsel",2,"Bromfiets","Fiets","Kop/staart","Rechte weg",\N,"Niet brandend","Daglicht","Droog/Harde windstoten",\N,"313309062","Geeresteinselaan","Woudenberg","Woudenberg","Utrecht",false,52.082676,5.414335,"injury","2","unknown",false,1,"GM0351"
"20230004887",2023,"Letsel",2,"Personenauto","Fiets","Flank","Kruispunt, 4 takken",50,"Niet brandend","Daglicht","Regen",\N,\N,"Lagelaan","Heiloo","Heiloo","Noord-Holland",false,52.583479,4.69922,"injury","2","rain",false,1,"GM0399"
"20230005628",2023,"Letsel",2,"Fiets","Overig vast object","Vast voorwerp","Kruispunt, 4 takken",50,"Brandend","Duisternis","Droog",\N,"158303048","Melis Stokelaan","'s-Gravenhage","'s-Gravenhage","Zuid-Holland",false,52.04932,4.285728,"injury","2","clear",false,1,"GM0518"
"20230007161",2023,"Letsel",2,"Personenauto","Fiets","Onbekend","Kruispunt, 3 takken",50,"Niet brandend","Daglicht","Droog",\N,\N,"Argonstraat","Zoetermeer","Zoetermeer","Zuid-Holland",false,52.036961,4.502638,"injury","2","clear",false,1,"GM0637"
"20230007174",2023,"Letsel",2,"Personenauto","Fiets","Flank","Kruispunt, 4 takken",50,"Niet aanwezig","Daglicht","Regen",\N,\N,"Appelstraat","'s-Gravenhage","'s-Gravenhage","Zuid-Holland",false,52.064733,4.252856,"injury","2","rain",false,1,"GM0518"
"20230012381",2023,"Letsel",3,"Bestelauto","Fiets","Eenzijdig","Kruispunt, 3 takken",50,"Niet brandend","Daglicht","Droog",\N,\N,"Nijverheidsweg","Neede","Berkelland","Gelderland",false,52.130765,6.630726,"injury","2","clear",false,1,"GM1859"
"20230002115",2023,"Letsel",2,"Personenauto","e-bike","Flank","Rotonde",50,"Niet brandend","Daglicht","Regen",\N,\N,"Acacialaan","Raalte","Raalte","Overijssel",false,52.381018,6.278294,"injury","2","rain",false,1,"GM0177"
"20230005681",2023,"Letsel",2,"Fiets","e-bike","Frontaal","Bocht",50,"Brandend","Duisternis","Droog",\N,"600722334","Zwethpad","Schipluiden","Midden-Delfland","Zuid-Holland",false,51.963864,4.394553,"injury","2","clear",false,1,"GM1842"
"20230005925",2023,"Letsel",2,"Bestelauto","Fiets","Eenzijdig","Rechte weg",50,"Niet brandend","Daglicht","Regen",\N,"212269062","Berlagestraat","Lekkerkerk","Krimpenerwaard","Zuid-Holland",false,51.900519,4.678065,"injury","2","rain",false,1,"GM1931"
"20230007230",2023,"Letsel",2,"Personenauto","Fiets","Flank","Kruispunt, 4 takken",50,"Niet brandend","Daglicht","Regen",\N,\N,"Burg Kolfschotenlaan","Leidschendam","Leidschendam-Voorburg","Zuid-Holland",false,52.09352,4.391133,"injury","2","rain",false,1,"GM1916"
"20230007410",2023,"Uitsluitend materiele schade",2,"Personenauto","Fiets","Flank","Rechte weg",30,"Brandend","Schemer","Droog",\N,"600962661","Tuinzigtlaan","Breda","Breda","Noord-Brabant",false,51.583818,4.75122,"material damage only","4","clear",false,1,"GM0758"
"20230031950",2023,"Letsel",2,"Fiets","Fiets","Onbekend",\N,30,\N,"Daglicht",\N,\N,"381049003","Hellebroek","Nuth","Beekdaelen","Limburg",false,50.912706,5.896694,"injury","2","unknown",false,1,"GM1954"
"20230007445",2023,"Letsel",2,"Personenauto","Fiets","Onbekend","Kruispunt, 4 takken",50,"Niet brandend","Daglicht","Droog",\N,\N,"Generaal Winkelmanstraat","Tilburg","Tilburg","Noord-Brabant",false,51.546249,5.065524,"injury","2","clear",false,1,"GM0855"
"20230007679",2023,"Uitsluitend materiele schade",2,"Bestelauto","Fiets","Flank","Rechte weg",50,"Niet brandend","Daglicht","Droog",\N,"312181066","Industrieweg","Best","Best","Noord-Brabant",false,51.503693,5.40267,"material damage only","4","clear",false,1,"GM0753"
"20230008363",2023,"Uitsluitend materiele schade",2,"Bromfiets","Fiets","Kop/staart","Rechte weg",30,"Niet brandend","Daglicht","Droog",\N,\N,"Heuvel","Tilburg","Tilburg","Noord-Brabant",false,51.557186,5.091074,"material damage only","4","clear",false,1,"GM0855"
"20230009165",2023,"Uitsluitend materiele schade",2,"Fiets","Personenauto","Flank","Rotonde",50,"Brandend","Duisternis","Droog",\N,\N,"rotonde Wisselslag","Venlo","Venlo","Limburg",false,51.367691,6.135548,"material damage only","4","clear",false,1,"GM0983"
"20230011445",2023,"Uitsluitend materiele schade",2,"Personenauto","Fiets","Flank","Kruispunt, 3 takken",50,"Niet brandend","Schemer","Regen",\N,\N,"Jan Steenlaan","Ede","Ede","Gelderland",false,52.018334,5.658588,"material damage only","4","rain",false,1,"GM0228"
"20230070397",2023,"Uitsluitend materiele schade",1,"Fiets",\N,"Onbekend",\N,\N,\N,"Daglicht",\N,\N,"263220057","Besoyensestraat","Waalwijk","Waalwijk","Noord-Brabant",false,51.682367,5.05054,"material damage only","4","unknown",false,1,"GM0867"
"20230011605",2023,"Uitsluitend materiele schade",1,"Fiets",\N,"Eenzijdig","Rechte weg",30,"Brandend","Duisternis","Droog",\N,"413280018","de Els","Didam","Montferland","Gelderland",false,51.948284,6.137659,"material damage only","4","clear",false,1,"GM1955"
"20230044310",2023,"Uitsluitend materiele schade",1,"Fiets",\N,"Onbekend",\N,50,\N,"Daglicht",\N,\N,\N,"Aldlânsdyk","Leeuwarden","Leeuwarden","Friesland",false,53.189448,5.817514,"material damage only","4","unknown",false,1,"GM0080"
"20240008987",2024,"Letsel",2,"Personenauto","Fiets","Los voorwerp","Kruispunt, 4 takken",80,"Niet brandend","Daglicht","Droog",\N,\N,"Bûtenskilwei","Stiens","Leeuwarden","Friesland",false,53.264533,5.749801,"injury","2","clear",false,1,"GM0080"
"20240036096",2024,"Letsel",2,"Fiets","Bestelauto","Flank","Kruispunt, 4 takken",60,"Niet aanwezig","Daglicht","Droog",\N,\N,"Paalmaatsdijk","Rossum","Dinkelland","Overijssel",false,52.366641,6.902187,"injury","2","clear",false,1,"GM1774"
"20240008025",2024,"Uitsluitend materiele schade",2,"Personenauto","Fiets","Flank","Kruispunt, 4 takken",50,"Brandend","Schemer","Droog",\N,\N,"Haarlemmerweg","Amsterdam","Amsterdam","Noord-Holland",false,52.384898,4.847475,"material damage only","4","clear",false,1,"GM0363"
"20240009068",2024,"Uitsluitend materiele schade",2,"Bestelauto","Fiets","Onbekend","Rechte weg",50,"Niet brandend","Daglicht","Droog",\N,"372257112","Marialaan","Nijmegen","Nijmegen","Gelderland",false,51.844703,5.84289,"material damage only","4","clear",false,1,"GM0268"
"20240020733",2024,"Letsel",1,"Fiets",\N,"Onbekend","Rechte weg",50,"Niet brandend","Daglicht","Droog",\N,"155309057","Goudenregenstraat","'s-Gravenhage","'s-Gravenhage","Zuid-Holland",false,52.077069,4.263414,"injury","2","clear",false,1,"GM0518"
"20240039595",2024,"Letsel",1,"Fiets",\N,"Eenzijdig","Rechte weg",50,\N,"Daglicht","Droog",\N,"186303023","Dr. J. W. Paltelaan","Zoetermeer","Zoetermeer","Zuid-Holland",false,52.051749,4.491597,"injury","2","clear",false,1,"GM0637"
"20240039602",2024,"Letsel",1,"Fiets",\N,"Onbekend","Rechte weg",30,"Brandend","Duisternis","Droog",\N,"601084619","Lammermarkt","Leiden","Leiden","Zuid-Holland",false,52.163762,4.486917,"injury","2","clear",false,1,"GM0546"
"20240039633",2024,"Letsel",1,"Fiets",\N,"Onbekend","Rechte weg",50,"Niet brandend","Daglicht","Droog",\N,"601017670","van Lyndenweg","Lisse","Lisse","Zuid-Holland",false,52.262404,4.544425,"injury","2","clear",false,1,"GM0553"
"20240022273",2024,"Letsel",2,"Personenauto","Fiets","Flank","Kruispunt, 3 takken",50,"Niet brandend","Daglicht","Droog","Parkeervoorziening",\N,"Markt","Axel","Terneuzen","Zeeland",false,51.265611,3.909239,"injury","2","clear",false,1,"GM0715"
"20240030565",2024,"Uitsluitend materiele schade",2,"Bromfiets","Fiets","Onbekend","Kruispunt, 3 takken",50,"Niet brandend","Daglicht","Droog",\N,\N,"Hoofdweg","Hoofddorp","Haarlemmermeer","Noord-Holland",false,52.303177,4.68958,"material damage only","4","clear",false,1,"GM0394"
"20230004214",2023,"Letsel",3,"Personenauto","Fiets","Onbekend","Kruispunt, 4 takken",50,"Niet brandend","Daglicht","Droog",\N,\N,"Olympiaplein","Amsterdam","Amsterdam","Noord-Holland",false,52.350212,4.866805,"injury","2","clear",false,1,"GM0363"
"20240025805",2024,"Letsel",2,"Personenauto","Fiets","Flank","Bocht",30,"Niet brandend","Daglicht","Droog",\N,"600953509","Rijksweg","Ede","Ede","Gelderland",false,52.051854,5.668717,"injury","2","clear",false,1,"GM0228"
"20240032786",2024,"Letsel",1,"Fiets",\N,"Onbekend","Rechte weg",50,"Niet brandend","Daglicht","Droog",\N,"600900828","Heemkade","Zoetermeer","Zoetermeer","Zuid-Holland",false,52.064075,4.54286,"injury","2","clear",false,1,"GM0637"
"20240032807",2024,"Letsel",2,"Snorfiets","Fiets","Frontaal","Rechte weg",50,"Niet brandend","Daglicht","Droog",\N,"601109657","Slinge","Rotterdam","Rotterdam","Zuid-Holland",false,51.87851,4.507501,"injury","2","clear",false,1,"GM0599"
"20240037619",2024,"Letsel",2,"Fiets","Fiets","Frontaal","Bocht",50,"Niet brandend","Daglicht","Droog",\N,"600892763","Kruisweg","Hoofddorp","Haarlemmermeer","Noord-Holland",false,52.314359,4.676578,"injury","2","clear",false,1,"GM0394"
"20240015222",2024,"Uitsluitend materiele schade",2,"Personenauto","Fiets","Flank","Rechte weg",50,"Brandend","Duisternis","Regen",\N,"180273052","Mathenesserlaan","Rotterdam","Rotterdam","Zuid-Holland",false,51.915842,4.447146,"material damage only","4","rain",false,1,"GM0599"
"20240028062",2024,"Letsel",2,"Fiets","Fiets","Flank","Rechte weg",30,"Niet brandend","Daglicht","Droog",\N,"207372002","Scheltemakade","Haarlem","Haarlem","Noord-Holland",false,52.363376,4.635954,"injury","2","clear",false,1,"GM0392"
"20240020353",2024,"Letsel",2,"Bestelauto","Fiets","Geparkeerd voertuig","Rechte weg",50,"Niet brandend","Daglicht","Droog",\N,"156316004","Kompasstraat","'s-Gravenhage","'s-Gravenhage","Zuid-Holland",false,52.105363,4.270649,"injury","2","clear",false,1,"GM0518"
"20240028092",2024,"Uitsluitend materiele schade",2,"Personenauto","Fiets","Onbekend","Bocht",50,"Niet brandend","Daglicht","Droog",\N,"240389062","Zuideinde","Oostzaan","Oostzaan","Noord-Holland",false,52.43973,4.875826,"material damage only","4","clear",false,1,"GM0431"
"20240028101",2024,"Letsel",1,"Fiets",\N,"Eenzijdig","Rechte weg",50,"Niet brandend","Daglicht","Droog",\N,"600752841","Vlietsend","Krommenie","Zaanstad","Noord-Holland",false,52.494975,4.766001,"injury","2","clear",false,1,"GM0479"
"20240032636",2024,"Letsel",4,"Personenauto","Fiets","Onbekend","Bocht",60,"Niet brandend","Daglicht","Droog",\N,"600253477","Molendijk","Numansdorp","Hoeksche Waard","Zuid-Holland",false,51.72421,4.406316,"injury","2","clear",false,1,"GM1963"
"20240039864",2024,"Uitsluitend materiele schade",2,"Fiets","Bromfiets","Flank","Kruispunt, 4 takken",30,"Niet brandend","Daglicht","Droog","Brug/viaduct",\N,"Schinkelkade","Amsterdam","Amsterdam","Noord-Holland",false,52.350908,4.852679,"material damage only","4","clear",false,1,"GM0363"
"20240042978",2024,"Uitsluitend materiele schade",2,"Personenauto","Fiets","Flank","Kruispunt, 3 takken",50,"Niet brandend","Daglicht","Droog",\N,\N,"Verboomstraat","Rotterdam","Rotterdam","Zuid-Holland",false,51.889377,4.463773,"material damage only","4","clear",false,1,"GM0599"
"20220177362",2022,"Letsel",2,"Vrachtauto","Fiets","Flank","Kruispunt, 3 takken",50,"Niet brandend","Daglicht","Regen",\N,\N,"Olympiadelaan","Amstelveen","Amstelveen","Noord-Holland",false,52.313329,4.881335,"injury","2","rain",false,1,"GM0362"
"20220124446",2022,"Letsel",1,"e-bike",\N,"Eenzijdig","Rechte weg",30,"Brandend","Duisternis","Droog",\N,"161316028","Van Alkemadelaan","'s-Gravenhage","'s-Gravenhage","Zuid-Holland",false,52.108914,4.30721,"injury","2","clear",false,1,"GM0518"
"20220126646",2022,"Letsel",2,"e-bike","Personenauto","Flank","Kruispunt, 4 takken",50,"Niet brandend","Daglicht","Droog",\N,\N,"Pierre van Hauwelaan","Delft","Delft","Zuid-Holland",false,51.996516,4.35024,"injury","2","clear",false,1,"GM0503"
"20220126658",2022,"Letsel",2,"Fiets",\N,"Eenzijdig","Rechte weg",30,"Niet brandend","Daglicht","Droog",\N,"166305008","Vondellaan","Rijswijk","Rijswijk","Zuid-Holland",false,52.057911,4.338181,"injury","2","clear",false,1,\N
"20220143293",2022,"Uitsluitend materiele schade",2,"Bromfiets","Fiets","Frontaal","Rechte weg",50,"Niet brandend","Daglicht","Droog",\N,\N,"Lelieveld","Nieuwerkerk aan den IJssel","Zuidplas","Zuid-Holland",false,51.970193,4.62216,"material damage only","4","clear",false,1,"GM1892"
"20220144552",2022,"Letsel",2,"Fiets","Fiets","Flank","Rechte weg",\N,"Niet brandend","Daglicht","Droog","Tunnel","178300007","Balijpad","Pijnacker","Pijnacker-Nootdorp","Zuid-Holland",false,52.036449,4.423667,"injury","2","clear",false,1,"GM1926"
"20220153569",2022,"Letsel",2,"Bestelauto","Fiets","Flank","Kruispunt, 3 takken",50,"Niet brandend","Daglicht","Droog",\N,\N,"Transformatorstraat","Veenendaal","Veenendaal","Utrecht",false,52.008544,5.576923,"injury","2","clear",false,1,"GM0345"
"20220169617",2022,"Uitsluitend materiele schade",2,"Personenauto","Fiets","Flank","Kruispunt, 4 takken",30,"Niet brandend","Daglicht","Regen",\N,\N,"Koningsplein","Arnhem","Arnhem","Gelderland",false,51.98036,5.913971,"material damage only","4","rain",false,1,"GM0202"
"20220176546",2022,"Uitsluitend materiele schade",2,"Fiets","Personenauto","Flank","Rechte weg",50,"Niet brandend","Daglicht","Droog",\N,"600612942","Keizer Karelweg","Amstelveen","Amstelveen","Noord-Holland",false,52.300949,4.856458,"material damage only","4","clear",false,1,"GM0362"
"20220180836",2022,"Letsel",2,"Voetganger","Fiets","Voetganger","Rechte weg",\N,"Niet aanwezig","Duisternis",\N,\N,"146304002","Strand Zuid","'s-Gravenhage","'s-Gravenhage","Zuid-Holland",false,52.075688,4.227532,"injury","2","unknown",false,1,"GM0518"
"20220118103",2022,"Letsel",1,"Fiets",\N,"Eenzijdig","Rotonde",\N,"Niet brandend","Daglicht","Droog",\N,\N,"Deventerweg","Harderwijk","Harderwijk","Gelderland",false,52.335869,5.634869,"injury","2","clear",false,1,"GM0243"
"20220131957",2022,"Uitsluitend materiele schade",2,"Bestelauto","e-bike","Flank","Rechte weg",50,"Niet brandend","Daglicht","Droog",\N,"365171019","Stationsstraat","Deurne","Deurne","Noord-Brabant",false,51.45992,5.788392,"material damage only","4","clear",false,1,"GM0762"
"20220134943",2022,"Letsel",3,"Trekker","Fiets","Onbekend","Kruispunt, 3 takken",60,"Niet brandend","Daglicht","Droog",\N,\N,"Burdaarderstrjitwei","Sibrandahûs","Dantumadiel","Friesland",false,53.310921,5.93813,"injury","2","clear",false,1,"GM1891"
"20220140490",2022,"Uitsluitend materiele schade",2,"Personenauto","Fiets","Flank","Kruispunt, 4 takken",50,"Niet brandend","Daglicht","Droog",\N,\N,"Stationsweg","Velsen-Zuid","Velsen","Noord-Holland",false,52.462065,4.631909,"material damage only","4","clear",false,1,"GM0453"
"20220150579",2022,"Uitsluitend materiele schade",2,"Personenauto","Fiets","Onbekend","Kruispunt, 3 takken",50,"Niet brandend","Daglicht","Droog",\N,\N,"Kiosk","Venray","Venray","Limburg",false,51.52245,5.991148,"material damage only","4","clear",false,1,"GM0984"
"20220152872",2022,"Uitsluitend materiele schade",2,"Personenauto","Fiets","Onbekend","Rotonde",50,"Niet brandend","Daglicht","Droog",\N,\N,"Boerendanserdijk","Zwolle","Zwolle","Overijssel",false,52.520211,6.126575,"material damage only","4","clear",false,1,"GM0193"
"20220137911",2022,"Uitsluitend materiele schade",2,"Bestelauto","Fiets","Flank","Rotonde",30,"Niet brandend","Daglicht","Droog",\N,\N,"Looydijk","De Bilt","De Bilt","Utrecht",false,52.109278,5.180688,"material damage only","4","clear",false,1,"GM0310"
"20220143527",2022,"Uitsluitend materiele schade",2,"Bromfiets","Fiets","Onbekend","Rechte weg",50,"Niet brandend","Daglicht",\N,\N,\N,"Bartokhof","Alphen aan den Rijn","Alphen aan den Rijn","Zuid-Holland",false,52.147317,4.665068,"material damage only","4","unknown",false,1,"GM0484"
"20220146612",2022,"Letsel",2,"Personenauto","Fiets","Flank","Kruispunt, 4 takken",50,"Niet brandend","Daglicht","Droog",\N,\N,"Leerlooierstraat","Hoogvliet Rotterdam","Rotterdam","Zuid-Holland",false,51.87227,4.373366,"injury","2","clear",false,1,"GM0599"
"20220160160",2022,"Uitsluitend materiele schade",2,"e-bike","e-bike","Frontaal","Rechte weg",30,"Brandend","Duisternis","Droog",\N,"600907523","Wal","Eindhoven","Eindhoven","Noord-Brabant",false,51.43618,5.478578,"material damage only","4","clear",false,1,"GM0772"
"20220177882",2022,"Uitsluitend materiele schade",2,"Personenauto","Fiets","Flank","Rechte weg",30,"Brandend","Duisternis","Droog",\N,"600161083","Weteringschans","Amsterdam","Amsterdam","Noord-Holland",false,52.360109,4.888907,"material damage only","4","clear",false,1,"GM0363"
"20220126902",2022,"Uitsluitend materiele schade",3,"Personenauto","e-bike","Onbekend","Rotonde",50,"Niet brandend","Daglicht","Droog",\N,\N,"President Rooseveltweg","Rotterdam","Rotterdam","Zuid-Holland",false,51.958677,4.544722,"material damage only","4","clear",false,1,"GM0599"
"20220128327",2022,"Letsel",2,"Bestelauto","Fiets","Flank","Rotonde",50,"Niet brandend","Daglicht","Droog",\N,"600547841","FIETSPAD","Rozenburg","Rotterdam","Zuid-Holland",false,51.910703,4.242638,"injury","2","clear",false,1,"GM0599"
"20220140669",2022,"Uitsluitend materiele schade",2,"Personenauto","e-bike","Flank","Rotonde",50,"Niet brandend","Daglicht","Droog",\N,\N,"Fortuinweg","Zaandijk","Zaanstad","Noord-Holland",false,52.469664,4.797406,"material damage only","4","clear",false,1,"GM0479"
"20220168682",2022,"Letsel",3,"Fiets","Fiets","Onbekend",\N,\N,\N,"Daglicht",\N,\N,"495327093","Buurserstraat","Haaksbergen","Haaksbergen","Overijssel",false,52.154391,6.747559,"injury","2","unknown",false,1,"GM0158"
"20220180395",2022,"Letsel",2,"Bus","Fiets","Flank","Rechte weg",50,"Niet brandend","Daglicht","Droog",\N,"171309066","Parkweg","Voorburg","Leidschendam-Voorburg","Zuid-Holland",false,52.076527,4.375627,"injury","2","clear",false,1,"GM1916"
"20220198041",2022,"Uitsluitend materiele schade",2,"Personenauto","Fiets","Flank","Kruispunt, 4 takken",80,"Niet brandend","Daglicht","Droog",\N,\N,"Heintjeskamperweg","Scherpenzeel","Scherpenzeel","Gelderland",false,52.088662,5.506837,"material damage only","4","clear",false,1,"GM0279"
"20220122222",2022,"Letsel",2,"Personenauto","Fiets","Kop/staart","Rechte weg",30,"Niet brandend","Daglicht","Droog",\N,"209376158","Van der Hulststraat","Haarlem","Haarlem","Noord-Holland",false,52.379829,4.648584,"injury","2","clear",false,1,"GM0392"
"20220126050",2022,"Letsel",2,"Bromfiets","Fiets","Flank","Rotonde",30,"Niet brandend","Daglicht","Droog",\N,\N,"Biltlaan","Katwijk","Katwijk","Zuid-Holland",false,52.210945,4.425377,"injury","2","clear",false,1,"GM0537"
"20220135192",2022,"Uitsluitend materiele schade",2,"Bromfiets","Fiets","Frontaal","Rotonde",\N,"Brandend","Duisternis","Droog",\N,\N,"Farmsumerweg","Appingedam","Eemsdelta","Groningen",false,53.319469,6.882881,"material damage only","4","clear",false,1,"GM1979"
"20220145833",2022,"Letsel",3,"e-bike","Scootmobiel","Onbekend","Rechte weg",\N,"Niet brandend","Daglicht",\N,\N,"127232011","Diederikse Zeedijk","Dirksland","Goeree-Overflakkee","Zuid-Holland",false,51.73122,4.060617,"injury","2","unknown",false,1,"GM1924"
"20220152077",2022,"Letsel",1,"e-bike",\N,"Eenzijdig","Rechte weg",50,"Niet brandend","Daglicht","Droog",\N,"600872194","Heerdenpad","Groningen","Groningen","Groningen",false,53.23856,6.580418,"injury","2","clear",false,1,"GM0014"
"20220158795",2022,"Letsel",1,"Fiets",\N,"Eenzijdig","Rechte weg",50,"Niet brandend","Daglicht","Droog",\N,"600705658","Promenade","Breskens","Sluis","Zeeland",false,51.399947,3.551316,"injury","2","clear",false,1,"GM1714"
"20220161591",2022,"Letsel",3,"Personenauto","e-bike","Onbekend","Rechte weg",50,"Niet brandend","Daglicht","Droog",\N,"418446017","Stationsweg","Meppel","Meppel","Drenthe",false,52.69239,6.193229,"injury","2","clear",false,1,"GM0119"
"20220167430",2022,"Letsel",2,"Personenauto","Fiets","Geparkeerd voertuig","Rechte weg",30,"Brandend","Daglicht","Droog","Parkeervoorziening","600832668","Parkweg","Nijmegen","Nijmegen","Gelderland",false,51.848322,5.857021,"injury","2","clear",false,1,"GM0268"
"20220198484",2022,"Letsel",1,"e-bike",\N,"Eenzijdig","Rechte weg",60,"Niet brandend","Daglicht","Droog",\N,"600622055","Brugstraat","Daarlerveen","Hellendoorn","Overijssel",false,52.438432,6.581109,"injury","2","clear",false,1,"GM0163"
"20220127077",2022,"Uitsluitend materiele schade",2,"Bromfiets","Fiets","Flank","Rechte weg",50,"Niet brandend","Daglicht","Droog",\N,"184277036","Bergweg","Rotterdam","Rotterdam","Zuid-Holland",false,51.934136,4.474208,"material damage only","4","clear",false,1,"GM0599"