"accident_id","year","severity_raw","party_count","party1_type","party2_type","accident_type","road_situation","speed_limit_kmh","road_lighting","light_condition_label","weather_raw","infra_type","road_segment_id","street_name","place_name","gemeente_name_raw","province","alcohol_indicated","latitude","longitude","severity_label","severity_code","weather_label","built_up_area","cyclists_involved","gemeente_code"
"20220195472",2022,"Uitsluitend materiele schade",2,"Personenauto","Fiets","Flank","Rotonde",50,"Brandend","Schemer","Droog",\N,\N,"Laageinde","Geldermalsen","West Betuwe","Gelderland",false,51.874985,5.277258,"material damage only","4","clear",false,1,"GM1960"
"20220195767",2022,"Letsel",2,"Motor","Fiets","Flank","Kruispunt, 3 takken",30,"Niet brandend","Daglicht","Droog",\N,\N,"Parkdwarsstraat","Nijmegen","Nijmegen","Gelderland",false,51.846478,5.860227,"injury","2","clear",false,1,"GM0268"
"20220134001",2022,"Letsel",2,"Bestelauto","Fiets","Geparkeerd voertuig","Rechte weg",60,"Niet aanwezig","Daglicht","Droog",\N,"374507003","De Dolten","Oudehaske","De Fryske Marren","Friesland",false,52.970108,5.8688,"injury","2","clear",false,1,"GM1940"
"20220146817",2022,"Letsel",2,"Bromfiets","Fiets","Frontaal","Rechte weg",50,"Niet brandend","Daglicht","Droog",\N,\N,"Couwenhoekseweg","Capelle aan den IJssel","Capelle aan den IJssel","Zuid-Holland",false,51.931297,4.598577,"injury","2","clear",false,1,"GM0502"
"20220149727",2022,"Letsel",2,"Bestelauto","Fiets","Flank","Rechte weg",15,"Niet brandend","Daglicht","Droog",\N,"379228006","Kievitenveld","Cuijk","Land van Cuijk","Noord-Brabant",false,51.713389,5.891419,"injury","2","clear",false,1,"GM1982"
"20220153110",2022,"Uitsluitend materiele schade",2,"Snorfiets","Fiets","Flank","Kruispunt, 4 takken",\N,"Niet brandend","Daglicht","Droog",\N,\N,"Mooieweg","Arnhem","Arnhem","Gelderland",false,51.948984,5.892073,"material damage only","4","clear",false,1,"GM0202"
"20220167582",2022,"Letsel",2,"Fiets","Fiets","Onbekend","Rechte weg",80,"Niet aanwezig","Daglicht","Droog",\N,"600628657","FIETSPAD","Baak","Bronckhorst","Gelderland",false,52.087955,6.222226,"injury","2","clear",false,1,"GM1876"
"20220180002",2022,"Letsel",1,"Fiets",\N,"Eenzijdig","Rechte weg",30,"Niet brandend","Daglicht","Regen",\N,"186328197","Beestenmarkt","Leiden","Leiden","Zuid-Holland",false,52.162805,4.485291,"injury","2","rain",false,1,"GM0546"
"20220196010",2022,"Uitsluitend materiele schade",2,"Personenauto","Fiets","Los voorwerp","Kruispunt, 4 takken",50,"Niet brandend","Daglicht","Droog",\N,\N,"Sluitersveldssingel","Almelo","Almelo","Overijssel",false,52.368255,6.677092,"material damage only","4","clear",false,1,"GM0141"
"20220118612",2022,"Letsel",1,"Fiets",\N,"Eenzijdig",\N,30,\N,"Duisternis",\N,\N,"463361113","Haarstraat","Rijssen","Rijssen-Holten","Overijssel",false,52.308998,6.511208,"injury","2","unknown",false,1,"GM1742"
"20220128563",2022,"Uitsluitend materiele schade",2,"Personenauto","Fiets","Onbekend","Kruispunt, 3 takken",30,"Niet brandend","Daglicht","Droog",\N,\N,"Kalkbranderstraat","Brielle","Voorne aan Zee","Zuid-Holland",false,51.902797,4.169036,"material damage only","4","clear",false,1,"GM1992"
"20220145039",2022,"Letsel",1,"Fiets",\N,"Eenzijdig","Rechte weg",50,"Niet brandend","Daglicht","Droog",\N,"156309048","Copernicuslaan","'s-Gravenhage","'s-Gravenhage","Zuid-Holland",false,52.0739,4.269467,"injury","2","clear",false,1,"GM0518"
"20220145046",2022,"Letsel",2,"Bestelauto","Fiets","Flank","Rechte weg",50,"Niet brandend","Daglicht","Droog",\N,\N,"Nieboerweg","'s-Gravenhage","'s-Gravenhage","Zuid-Holland",false,52.091243,4.265048,"injury","2","clear",false,1,"GM0518"
"20220169023",2022,"Letsel",2,"Personenauto","e-bike","Eenzijdig","Kruispunt, 4 takken",30,"Niet brandend","Daglicht","Droog",\N,\N,"Reigersweg","Apeldoorn","Apeldoorn","Gelderland",false,52.205754,5.975673,"injury","2","clear",false,1,"GM0200"
"20220125187",2022,"Letsel",2,"Personenauto","Fiets","Flank","Kruispunt, 4 takken",50,"Niet brandend","Daglicht","Droog",\N,\N,"Nieuwdorperweg","Reeuwijk","Bodegraven-Reeuwijk","Zuid-Holland",false,52.042723,4.720567,"injury","2","clear",false,1,"GM1901"
"20220134161",2022,"Uitsluitend materiele schade",2,"Bromfiets","Fiets","Frontaal","Bocht",80,"Niet brandend","Daglicht","Droog",\N,"460567004","Friesestraatweg","Groningen","Groningen","Groningen",false,53.236048,6.519108,"material damage only","4","clear",false,1,"GM0014"
"20220159164",2022,"Uitsluitend materiele schade",2,"Snorfiets","Fiets","Frontaal","Bocht",60,"Niet brandend","Daglicht","Droog",\N,"229239006","Maltha","Werkendam","Altena","Noord-Brabant",false,51.765779,4.797466,"material damage only","4","clear",false,1,"GM1959"
"20220180743",2022,"Letsel",2,"Bromfiets","Fiets","Kop/staart","Rechte weg",30,"Niet brandend","Daglicht","Droog",\N,"163309197","Zieken","'s-Gravenhage","'s-Gravenhage","Zuid-Holland",false,52.073838,4.322079,"injury","2","clear",false,1,"GM0518"
"20220181317",2022,"Letsel",2,"Personenauto","Fiets","Flank","Rotonde",50,"Niet brandend","Daglicht",\N,\N,\N,"West-Indiëbaan","Leiden","Leiden","Zuid-Holland",false,52.167584,4.506575,"injury","2","unknown",false,1,"GM0546"
"20220194874",2022,"Uitsluitend materiele schade",1,"e-bike",\N,"Flank","Rechte weg",50,"Niet brandend","Daglicht","Regen",\N,\N,"Brinkgreverweg","Deventer","Deventer","Overijssel",false,52.257364,6.165829,"material damage only","4","rain",false,1,"GM0150"
"20220123906",2022,"Letsel",2,"Fiets","Fiets","Kop/staart","Rechte weg",15,"Niet brandend","Daglicht","Droog",\N,"600920827","Westerpark","Amsterdam","Amsterdam","Noord-Holland",false,52.386525,4.879787,"injury","2","clear",false,1,"GM0363"
"20220132728",2022,"Uitsluitend materiele schade",3,"Bestelauto","Fiets","Onbekend","Kruispunt, 4 takken",30,"Niet brandend","Daglicht","Droog",\N,\N,"Akker","Thorn","Maasgouw","Limburg",false,51.163416,5.841073,"material damage only","4","clear",false,1,"GM1641"
"20220147070",2022,"Uitsluitend materiele schade",2,"Personenauto","e-bike","Geparkeerd voertuig","Rechte weg",50,"Niet brandend","Daglicht","Droog","Parkeervoorziening","600495213","Technologieweg","Oosterhout","Oosterhout","Noord-Brabant",false,51.672757,4.822798,"material damage only","4","clear",false,1,"GM0826"
"20220155395",2022,"Letsel",2,"Personenauto","e-bike","Onbekend","Kruispunt, 4 takken",30,"Niet brandend","Daglicht","Droog",\N,\N,"Hoekenes","Amsterdam","Amsterdam","Noord-Holland",false,52.352751,4.80282,"injury","2","clear",false,1,"GM0363"
"20220187674",2022,"Letsel",2,"Personenauto","Fiets","Flank","Rechte weg",60,"Niet brandend","Daglicht","Droog",\N,"600643354","Hoogstraat","Sint-Michielsgestel","Sint-Michielsgestel","Noord-Brabant",false,51.655394,5.364481,"injury","2","clear",false,1,"GM0845"
"20220191676",2022,"Uitsluitend materiele schade",2,"Personenauto","Fiets","Onbekend","Rechte weg",30,"Brandend","Duisternis","Droog",\N,"345520025","Almastraat","Sneek","Súdwest-Fryslân","Friesland",false,53.030816,5.654127,"material damage only","4","clear",false,1,"GM1900"
"20220115600",2022,"Letsel",2,"Fiets",\N,"Eenzijdig","Rechte weg",50,"Niet brandend","Daglicht",\N,\N,"600889725","Ekamperweg","Finsterwolde","Oldambt","Groningen",false,53.177131,7.071418,"injury","2","unknown",false,1,"GM1895"
"20220118871",2022,"Uitsluitend materiele schade",2,"Personenauto","Fiets","Onbekend","Kruispunt, 3 takken",60,"Niet aanwezig","Daglicht","Droog",\N,\N,"Hoofdstraat","Kesteren","Neder-Betuwe","Gelderland",false,51.941815,5.573337,"material damage only","4","clear",false,1,"GM1740"
"20220122787",2022,"Uitsluitend materiele schade",1,"e-bike",\N,"Eenzijdig","Rechte weg",30,"Niet brandend","Daglicht","Droog",\N,"249405102","Kanaaldijk","Purmerend","Purmerend","Noord-Holland",false,52.510192,4.942489,"material damage only","4","clear",false,1,"GM0439"
"20220123979",2022,"Letsel",2,"Personenauto","Fiets","Flank","Kruispunt, 4 takken",50,"Niet brandend","Daglicht","Droog",\N,\N,"Lloydplein","Amsterdam","Amsterdam","Noord-Holland",false,52.374501,4.934345,"injury","2","clear",false,1,"GM0363"
"20220126394",2022,"Letsel",2,"e-bike","Fiets","Onbekend","Rechte weg",30,"Niet brandend","Daglicht","Droog",\N,\N,"Lageweg","Noordwijk","Noordwijk","Zuid-Holland",false,52.208133,4.438699,"injury","2","clear",false,1,"GM0575"
"20220145289",2022,"Letsel",1,"Fiets",\N,"Eenzijdig","Rechte weg",50,"Brandend","Duisternis",\N,\N,"165306092","Rijswijkseweg","'s-Gravenhage","'s-Gravenhage","Zuid-Holland",false,52.063049,4.331724,"injury","2","unknown",false,1,"GM0518"
"20220162127",2022,"Letsel",2,"e-bike","e-bike","Flank","Bocht",50,"Niet brandend","Daglicht","Droog",\N,\N,"Weerdingerstraat","Emmen","Emmen","Drenthe",false,52.789742,6.894875,"injury","2","clear",false,1,"GM0114"
"20220174099",2022,"Letsel",2,"Snorfiets","e-bike","Frontaal","Rotonde",\N,"Niet brandend","Daglicht","Droog",\N,\N,"Altenburg","Hoofddorp","Haarlemmermeer","Noord-Holland",false,52.307261,4.655336,"injury","2","clear",false,1,"GM0394"
"20220184516",2022,"Uitsluitend materiele schade",2,"Bromfiets","Fiets","Onbekend","Rechte weg",60,"Niet brandend","Daglicht","Regen","Brug/viaduct","146269003","DAMMEWEG","Vierpolders","Voorne aan Zee","Zuid-Holland",false,51.897726,4.204755,"material damage only","4","rain",false,1,"GM1992"
"20220185383",2022,"Letsel",2,"e-bike","e-bike","Frontaal","Bocht",\N,"Niet brandend","Daglicht","Droog",\N,"600638551","Avenue Carnisse","Barendrecht","Barendrecht","Zuid-Holland",false,51.852327,4.501203,"injury","2","clear",false,1,"GM0489"
"20220141453",2022,"Uitsluitend materiele schade",2,"Personenauto","Fiets","Flank","Rotonde",\N,"Brandend","Duisternis","Droog",\N,\N,"Willem Frogerstraat","Amsterdam","Amsterdam","Noord-Holland",false,52.356435,4.836056,"material damage only","4","clear",false,1,"GM0363"
"20220142851",2022,"Letsel",1,"Fiets",\N,"Eenzijdig","Bocht",30,"Niet brandend","Daglicht","Droog",\N,"148306002","Machiel Vrijenhoeklaan","'s-Gravenhage","'s-Gravenhage","Zuid-Holland",false,52.060322,4.211653,"injury","2","clear",false,1,"GM0518"
"20220144203",2022,"Letsel",3,"Personenauto","Fiets","Onbekend","Rechte weg",30,"Niet brandend","Daglicht","Droog",\N,"600121639","Kennedylaan","Nieuwkoop","Nieuwkoop","Zuid-Holland",false,52.14856,4.772591,"injury","2","clear",false,1,"GM0569"
"20220145349",2022,"Letsel",2,"e-bike","Bromfiets","Geparkeerd voertuig","Rechte weg",60,"Niet brandend","Daglicht","Droog",\N,"180299005","Katwijkerlaan","Pijnacker","Pijnacker-Nootdorp","Zuid-Holland",false,52.032426,4.444636,"injury","2","clear",false,1,"GM1926"
"20220169245",2022,"Uitsluitend materiele schade",2,"Personenauto","Fiets","Flank","Kruispunt, 3 takken",80,"Niet brandend","Daglicht","Droog",\N,\N,"Zomerweg","Goor","Hof van Twente","Overijssel",false,52.253946,6.600105,"material damage only","4","clear",false,1,"GM1735"
"20220171561",2022,"Uitsluitend materiele schade",2,"Fiets","Personenauto","Flank","Rotonde",50,"Niet brandend","Daglicht","Droog",\N,\N,"Doctor van den Berglaan","Mijdrecht","De Ronde Venen","Utrecht",false,52.213837,4.861932,"material damage only","4","clear",false,1,"GM0736"
"20220174157",2022,"Letsel",2,"Personenauto","Fiets","Flank","Kruispunt, 4 takken",50,"Niet brandend","Daglicht","Droog",\N,\N,"Drechterwaard","Alkmaar","Alkmaar","Noord-Holland",false,52.641688,4.75558,"injury","2","clear",false,1,"GM0361"
"20220175518",2022,"Uitsluitend materiele schade",2,"Personenauto","Fiets","Onbekend","Rechte weg",50,"Niet brandend","Daglicht","Regen",\N,"600755807","Warmoesstraat","Wormerveer","Zaanstad","Noord-Holland",false,52.486847,4.802747,"material damage only","4","rain",false,1,"GM0479"
"20220192431",2022,"Letsel",2,"Personenauto","Fiets","Flank","Kruispunt, 4 takken",60,"Niet brandend","Daglicht","Droog",\N,\N,"Tollingasingel","Kollum","Noardeast-Fryslân","Friesland",false,53.271905,6.14163,"injury","2","clear",false,1,"GM1970"
"20220192676",2022,"Letsel",3,"Personenauto","Fiets","Geparkeerd voertuig","Rechte weg",30,"Niet aanwezig","Daglicht","Droog","Parkeervoorziening","425453017","Kievitstraat","Ruinerwold","De Wolden","Drenthe",false,52.724687,6.244129,"injury","2","clear",false,1,"GM1690"
"20220137550",2022,"Letsel",2,"Snorfiets","Fiets","Frontaal","Kruispunt, 3 takken",50,"Niet brandend","Daglicht","Droog",\N,\N,"Bornsestraat","Almelo","Almelo","Overijssel",false,52.350435,6.668804,"injury","2","clear",false,1,"GM0141"
"20220145412",2022,"Letsel",2,"Motor","Fiets","Flank","Kruispunt, 3 takken",50,"Niet brandend","Daglicht","Droog",\N,\N,"Dokweg","Dordrecht","Dordrecht","Zuid-Holland",false,51.809058,4.651161,"injury","2","clear",false,1,"GM0505"
"20220151303",2022,"Uitsluitend materiele schade",2,"Personenauto","Fiets","Onbekend","Rechte weg",50,"Niet brandend","Daglicht","Droog",\N,"414152029","Vastenavondkampstraat","Venlo","Venlo","Limburg",false,51.373996,6.139568,"material damage only","4","clear",false,1,"GM0983"
"20220166429",2022,"Uitsluitend materiele schade",2,"Bromfiets","e-bike","Onbekend","Rechte weg",80,"Niet brandend","Daglicht","Droog",\N,"600950570","Wijnbergseweg","Braamt","Montferland","Gelderland",false,51.930573,6.272581,"material damage only","4","clear",false,1,"GM1955"
"20220186858",2022,"Uitsluitend materiele schade",2,"Personenauto","Fiets","Flank","Kruispunt, 4 takken",50,"Niet brandend","Daglicht","Droog",\N,\N,"Tweeschaar","Breda","Breda","Noord-Brabant",false,51.621873,4.746415,"material damage only","4","clear",false,1,"GM0758"
"20220115692",2022,"Uitsluitend materiele schade",2,"Bestelauto","Fiets","Flank","Rechte weg",30,"Niet brandend","Daglicht","Droog",\N,"407552019","Betonwei","Harkema","Achtkarspelen","Friesland",false,53.176223,6.118924,"material damage only","4","clear",false,1,"GM0059"
"20220133036",2022,"Letsel",2,"Bromfiets","e-bike","Frontaal","Bocht",\N,"Brandend","Daglicht","Droog",\N,"600840695","Prikkenis","Heerlen","Heerlen","Limburg",false,50.893824,5.944386,"injury","2","clear",false,1,"GM0917"
"20220136678",2022,"Uitsluitend materiele schade",2,"Personenauto","Fiets","Flank","Kruispunt, 3 takken",50,"Niet brandend","Daglicht","Droog",\N,\N,"Beekwoudehoek","Enschede","Enschede","Overijssel",false,52.192784,6.86046,"material damage only","4","clear",false,1,"GM0153"
"20220137628",2022,"Uitsluitend materiele schade",2,"Personenauto","Fiets","Flank","Kruispunt, 3 takken",50,"Niet brandend","Daglicht",\N,\N,\N,"Grotebrugse Grintweg","Tiel","Tiel","Gelderland",false,51.88947,5.438756,"material damage only","4","unknown",false,1,"GM0281"
"20220144320",2022,"Uitsluitend materiele schade",2,"Personenauto","Fiets","Onbekend","Rechte weg",30,"Niet brandend","Daglicht","Droog",\N,"163309238","Kranestraat","'s-Gravenhage","'s-Gravenhage","Zuid-Holland",false,52.074821,4.317154,"material damage only","4","clear",false,1,"GM0518"
"20220145470",2022,"Uitsluitend materiele schade",2,"Motor","Fiets","Frontaal","Bocht",30,"Niet brandend","Daglicht","Droog",\N,"600906300","Rivierdijk","Hardinxveld-Giessendam","Hardinxveld-Giessendam","Zuid-Holland",false,51.822915,4.841937,"material damage only","4","clear",false,1,"GM0523"
"20220150277",2022,"Uitsluitend materiele schade",2,"Personenauto","Fiets","Flank","Kruispunt, 4 takken",50,"Niet brandend","Daglicht","Droog",\N,\N,"Parklaan","Veldhoven","Veldhoven","Noord-Brabant",false,51.410294,5.405289,"material damage only","4","clear",false,1,"GM0861"
"20220186933",2022,"Uitsluitend materiele schade",2,"Personenauto","Fiets","Flank","Rotonde",50,"Niet brandend","Daglicht","Droog",\N,\N,"Rode Poort","Etten-Leur","Etten-Leur","Noord-Brabant",false,51.567282,4.641312,"material damage only","4","clear",false,1,"GM0777"
"20220197368",2022,"Uitsluitend materiele schade",2,"Fiets","Fiets","Flank","Rotonde",30,"Niet brandend","Daglicht","Droog",\N,\N,"Oosterlandenweg","IJsselmuiden","Kampen","Overijssel",false,52.563163,5.940249,"material damage only","4","clear",false,1,"GM0166"
"20220131805",2022,"Letsel",3,"Vrachtauto","Fiets","Flank","Rechte weg",60,\N,"Daglicht",\N,\N,"600248535","Tuinbouwweg","Haarsteeg","Heusden","Noord-Brabant",false,51.703882,5.192012,"injury","2","unknown",false,1,"GM0797"
"20220143170",2022,"Letsel",2,"Fiets","Fiets","Onbekend","Rechte weg",60,"Brandend","Duisternis","Droog",\N,"600712281","Galgeweg","'s-Gravenzande","Westland","Zuid-Holland",false,51.983819,4.202898,"injury","2","clear",false,1,"GM1783"
"20220147578",2022,"Letsel",2,"Fiets","Fiets","Frontaal","Rechte weg",30,"Niet aanwezig","Duisternis","Droog",\N,"57179001","Middelburgsestraat","Koudekerke","Veere","Zeeland",false,51.485032,3.572507,"injury","2","clear",false,1,"GM0717"
"20220160892",2022,"Uitsluitend materiele schade",2,"Personenauto","Fiets","Onbekend",\N,30,\N,"Daglicht",\N,\N,"421151016","Gulikstraat","Venlo","Venlo","Limburg",false,51.370416,6.189396,"material damage only","4","unknown",false,1,"GM0983"
"20220169433",2022,"Letsel",2,"Bromfiets","e-bike","Flank","Kruispunt, 4 takken",30,"Niet brandend","Daglicht","Droog",\N,\N,"Tegelerweg","Enschede","Enschede","Overijssel",false,52.215065,6.916247,"injury","2","clear",false,1,"GM0153"
"20220174388",2022,"Letsel",2,"e-bike","Fiets","Flank","Rechte weg",50,"Niet brandend","Daglicht","Droog",\N,"600740686","Heemsteedse Dreef","Heemstede","Heemstede","Noord-Holland",true,52.349332,4.624251,"injury","2","clear",false,1,"GM0397"
"20220141856",2022,"Uitsluitend materiele schade",2,"Personenauto","e-bike","Onbekend","Rotonde",50,"Niet brandend","Daglicht","Droog",\N,\N,"Volendammerweg","Amsterdam","Amsterdam","Noord-Holland",false,52.392099,4.956981,"material damage only","4","clear",false,1,"GM0363"
"20220145578",2022,"Uitsluitend materiele schade",2,"Personenauto","Fiets","Onbekend","Rotonde",50,"Niet brandend","Daglicht","Regen",\N,\N,"Tidemanstraat","Rotterdam","Rotterdam","Zuid-Holland",false,51.919229,4.44829,"material damage only","4","rain",false,1,"GM0599"
"20220151546",2022,"Uitsluitend materiele schade",3,"Bromfiets","Fiets","Onbekend","Rechte weg",50,"Niet brandend","Daglicht","Droog",\N,"400097015","Hoofdstraat","Posterholt","Roerdalen","Limburg",false,51.123535,6.03126,"material damage only","4","clear",false,1,"GM1669"
"20220152672",2022,"Letsel",2,"Fiets","Fiets","Onbekend","Rechte weg",30,"Niet aanwezig","Daglicht","Droog",\N,"600517060","Ommerweg","Rheezerveen","Hardenberg","Overijssel",false,52.554594,6.535885,"injury","2","clear",false,1,"GM0160"
"20240088706",2024,"Uitsluitend materiele schade",2,"Bromfiets","Fiets","Flank","Kruispunt, 3 takken",50,"Niet brandend","Daglicht","Droog",\N,\N,"Frans van Mierisstraat","Leiden","Leiden","Zuid-Holland",false,52.170739,4.490297,"material damage only","4","clear",false,1,"GM0546"
"20240092347",2024,"Letsel",2,"Fiets","Overig vast object","Vast voorwerp","Rechte weg",30,\N,"Daglicht","Droog",\N,"359051006","Westbroek","Geulle","Meerssen","Limburg",false,50.918877,5.739949,"injury","2","clear",false,1,"GM0938"
"20240096671",2024,"Letsel",2,"Snorfiets","Fiets","Kop/staart","Rechte weg",50,"Niet brandend","Daglicht","Droog",\N,\N,"Stationslaan","Harderwijk","Harderwijk","Gelderland",false,52.338824,5.621189,"injury","2","clear",false,1,"GM0243"
"20240097446",2024,"Letsel",2,"Personenauto","Fiets","Flank","Kruispunt, 3 takken",50,"Niet brandend","Daglicht","Droog",\N,\N,"Laan van Waalhaven","'s-Gravenhage","'s-Gravenhage","Zuid-Holland",false,52.041074,4.360535,"injury","2","clear",false,1,"GM0518"
"20240097538",2024,"Letsel",2,"Bestelauto","Fiets","Flank","Rotonde",50,"Niet brandend","Daglicht","Droog",\N,\N,"Kwartellaan","'s-Gravenhage","'s-Gravenhage","Zuid-Holland",false,52.077807,4.25407,"injury","2","clear",false,1,"GM0518"
"20240073868",2024,"Uitsluitend materiele schade",3,"Fiets","Voetganger","Voetganger","Rechte weg",15,"Niet aanwezig","Daglicht","Droog",\N,"322173053","Winkelcentrum Woensel","Eindhoven","Eindhoven","Noord-Brabant",false,51.470226,5.474238,"material damage only","4","clear",false,1,"GM0772"
"20240081551",2024,"Letsel",2,"Fiets","Fiets","Kop/staart","Bocht",30,"Niet brandend","Daglicht","Droog",\N,\N,"KOEPOORTSBRUG","Leiden","Leiden","Zuid-Holland",false,52.153641,4.489782,"injury","2","clear",false,1,"GM0546"
"20240090660",2024,"Uitsluitend materiele schade",2,"Bromfiets","Fiets","Flank","Kruispunt, 3 takken",100,"Niet brandend","Daglicht","Droog",\N,\N,"N3","Papendrecht","Papendrecht","Zuid-Holland",false,51.829852,4.706307,"material damage only","4","clear",false,1,"GM0590"
"20240091974",2024,"Uitsluitend materiele schade",2,"Fiets","Snorfiets","Flank","Rechte weg",30,"Niet brandend","Daglicht","Droog",\N,"376057002","Heisterbrug","Schinnen","Beekdaelen","Limburg",false,50.946155,5.860811,"material damage only","4","clear",false,1,"GM1954"
"20240101694",2024,"Uitsluitend materiele schade",2,"Fiets","Personenauto","Flank","Rechte weg",50,"Niet brandend","Daglicht","Regen",\N,\N,"Hambroeklaan","Breda","Breda","Noord-Brabant",false,51.605952,4.723574,"material damage only","4","rain",false,1,"GM0758"
"20240076220",2024,"Letsel",2,"Snorfiets","Fiets","Flank","Kruispunt, 4 takken",30,"Niet brandend","Daglicht","Droog",\N,\N,"Watertorenstraat","Delden","Hof van Twente","Overijssel",false,52.264519,6.70768,"injury","2","clear",false,1,"GM1735"
"20240088771",2024,"Letsel",1,"Fiets",\N,"Onbekend","Rechte weg",30,"Niet brandend","Daglicht","Droog",\N,"212268030","Korte Achterweg","Lekkerkerk","Krimpenerwaard","Zuid-Holland",false,51.895282,4.681457,"injury","2","clear",false,1,"GM1931"
"20240096163",2024,"Uitsluitend materiele schade",2,"Fiets","Los voorwerp","Los voorwerp","Rechte weg",50,"Niet brandend","Daglicht",\N,\N,"279350038","Ceintuurbaan","Bussum","Gooise Meren","Noord-Holland",false,52.266419,5.163587,"material damage only","4","unknown",false,1,"GM1942"
"20240097779",2024,"Uitsluitend materiele schade",1,"Fiets",\N,"Onbekend","Rechte weg",30,"Niet brandend","Daglicht","Droog",\N,"600717891","Spui","'s-Gravenhage","'s-Gravenhage","Zuid-Holland",false,52.076316,4.317244,"material damage only","4","clear",false,1,"GM0518"
"20240098497",2024,"Letsel",2,"Fiets","Voetganger","Voetganger","Rechte weg",15,"Niet brandend","Daglicht","Droog",\N,\N,"Dr. J.M. den Uylweg","Zaandam","Zaanstad","Noord-Holland",false,52.429053,4.837871,"injury","2","clear",false,1,"GM0479"
"20240041096",2024,"Letsel",1,"Fiets",\N,"Onbekend","Rechte weg",50,"Niet aanwezig","Daglicht","Regen",\N,"601005383","Schipholweg","Vijfhuizen","Haarlemmermeer","Noord-Holland",false,52.366656,4.713759,"injury","2","rain",false,1,"GM0394"
"20240049047",2024,"Letsel",2,"Personenauto","Fiets","Flank","Rotonde",30,"Niet brandend","Daglicht","Droog",\N,\N,"Schoolstraat","Vleuten","Utrecht","Utrecht",false,52.113776,5.015157,"injury","2","clear",false,1,"GM0344"
"20240050298",2024,"Letsel",2,"Bromfiets","Fiets","Frontaal","Rechte weg",30,"Niet brandend","Daglicht","Droog",\N,"188329035","Willem de Zwijgerlaan","Leiden","Leiden","Zuid-Holland",false,52.168039,4.501744,"injury","2","clear",false,1,"GM0546"
"20240071455",2024,"Uitsluitend materiele schade",2,"Personenauto","Fiets","Onbekend",\N,30,\N,"Daglicht",\N,\N,"215298063","Ridder van Catsweg","Gouda","Gouda","Zuid-Holland",false,52.031067,4.69785,"material damage only","4","unknown",false,1,"GM0513"
"20240082316",2024,"Uitsluitend materiele schade",2,"Personenauto","Fiets","Flank","Kruispunt, 3 takken",30,"Niet brandend","Daglicht","Droog",\N,\N,"Borgerhoutlaan","Eindhoven","Eindhoven","Noord-Brabant",false,51.480177,5.477958,"material damage only","4","clear",false,1,"GM0772"
"20240082945",2024,"Uitsluitend materiele schade",2,"Fiets","Fiets","Flank","Rechte weg",30,"Niet brandend","Daglicht","Droog",\N,"600740995","Wernhoutseweg","Zundert","Zundert","Noord-Brabant",false,51.466194,4.655092,"material damage only","4","clear",false,1,"GM0879"
"20240083622",2024,"Letsel",2,"Personenauto","Fiets","Flank","Kruispunt, 4 takken",50,"Niet brandend","Daglicht","Regen",\N,\N,"Handelslaan","Uden","Maashorst","Noord-Brabant",false,51.655016,5.647339,"injury","2","rain",false,1,"GM1991"
"20240092431",2024,"Uitsluitend materiele schade",2,"Personenauto","e-bike","Flank","Kruispunt, 4 takken",50,"Niet brandend","Daglicht","Droog",\N,\N,"Karel de Grotelaan","Eindhoven","Eindhoven","Noord-Brabant",false,51.426117,5.456956,"material damage only","4","clear",false,1,"GM0772"
"20240097678",2024,"Uitsluitend materiele schade",3,"Fiets","Personenauto","Los voorwerp","Rechte weg",30,"Niet aanwezig","Daglicht","Droog",\N,"263361076","Anna Horstinkstraat","Weesp","Amsterdam","Noord-Holland",false,52.312893,5.045843,"material damage only","4","clear",false,1,"GM0363"
"20240098259",2024,"Letsel",1,"Fiets",\N,"Onbekend","Rechte weg",30,"Niet brandend","Daglicht","Droog",\N,"142298015","Sternstraat","Monster","Westland","Zuid-Holland",false,52.02742,4.168288,"injury","2","clear",false,1,"GM1783"
"20240041136",2024,"Letsel",2,"Personenauto","Fiets","Frontaal","Kruispunt, 4 takken",30,"Niet brandend","Daglicht","Regen",\N,\N,"Heiligeweg","Krommenie","Zaanstad","Noord-Holland",false,52.500796,4.765942,"injury","2","rain",false,1,"GM0479"
"20240050367",2024,"Letsel",2,"Fiets","Personenauto","Onbekend","Kruispunt, 4 takken",30,"Niet aanwezig","Daglicht","Droog",\N,\N,"Johan Huizingalaan","Amsterdam","Amsterdam","Noord-Holland",false,52.362693,4.827051,"injury","2","clear",false,1,"GM0363"
"20240088174",2024,"Uitsluitend materiele schade",2,"Bromfiets","Fiets","Frontaal","Rechte weg",50,"Niet brandend","Daglicht","Droog",\N,"600764071","Prins Hendrikkade","Amsterdam","Amsterdam","Noord-Holland",false,52.37112,4.912279,"material damage only","4","clear",false,1,"GM0363"
"20240095191",2024,"Letsel",2,"Fiets","Personenauto","Onbekend","Kruispunt, 4 takken",50,"Niet brandend","Daglicht","Droog",\N,\N,"Jachthavenstraat","Sneek","Súdwest-Fryslân","Friesland",false,53.036607,5.666215,"injury","2","clear",false,1,"GM1900"
"20240096832",2024,"Letsel",2,"Bromfiets","Fiets","Frontaal","Kruispunt, 4 takken",60,"Niet brandend","Daglicht","Droog",\N,\N,"Hercules Segherslaan","Bilthoven","De Bilt","Utrecht",false,52.147901,5.22057,"injury","2","clear",false,1,"GM0310"