"accident_id","year","severity_raw","party_count","party1_type","party2_type","accident_type","road_situation","speed_limit_kmh","road_lighting","light_condition_label","weather_raw","infra_type","road_segment_id","street_name","place_name","gemeente_name_raw","province","alcohol_indicated","latitude","longitude","severity_label","severity_code","weather_label","built_up_area","cyclists_involved","gemeente_code"
"20240098300",2024,"Letsel",2,"Fiets","Voetganger","Voetganger","Kruispunt, 3 takken",50,"Niet brandend","Daglicht","Droog",\N,\N,"Burgemeester Jamesplein","Gouda","Gouda","Zuid-Holland",false,52.018306,4.708936,"injury","2","clear",false,1,"GM0513"
"20240085610",2024,"Letsel",2,"Fiets","Personenauto","Flank","Kruispunt, 3 takken",50,"Niet brandend","Daglicht","Droog",\N,\N,"Statenweg","Emmen","Emmen","Drenthe",false,52.780375,6.927078,"injury","2","clear",false,1,"GM0114"
"20240089534",2024,"Uitsluitend materiele schade",2,"Motor","Fiets","Flank","Kruispunt, 4 takken",50,"Niet brandend","Daglicht","Droog",\N,\N,"AMSTERDAM-OUD ZUID 8","Amsterdam","Amsterdam","Noord-Holland",false,52.339088,4.857908,"material damage only","4","clear",false,1,"GM0363"
"20240090810",2024,"Uitsluitend materiele schade",2,"Personenauto","Fiets","Flank","Rechte weg",50,"Niet brandend","Daglicht","Droog",\N,"600742086","Mijlweg","Dordrecht","Dordrecht","Zuid-Holland",false,51.789762,4.648864,"material damage only","4","clear",false,1,"GM0505"
"20240092732",2024,"Letsel",2,"Fiets","Lichtmast","Vast voorwerp","Rechte weg",50,"Niet brandend","Duisternis","Droog",\N,"600499011","Geldropseweg","Heeze","Heeze-Leende","Noord-Brabant",false,51.392127,5.566763,"injury","2","clear",false,1,"GM1658"
"20240096281",2024,"Letsel",2,"Personenauto","Fiets","Flank","Rotonde",50,"Niet brandend","Daglicht","Droog",\N,\N,"Heldammersingel","De Meern","Utrecht","Utrecht",false,52.083515,5.018783,"injury","2","clear",false,1,"GM0344"
"20240048529",2024,"Uitsluitend materiele schade",1,"Fiets",\N,"Onbekend","Rechte weg",30,"Brandend","Duisternis","Droog",\N,"285346055","Hilversumseweg","Laren","Laren","Noord-Holland",false,52.246946,5.207928,"material damage only","4","clear",false,1,\N
"20240070301",2024,"Uitsluitend materiele schade",2,"Fiets","Fiets","Flank","Rechte weg",\N,"Niet brandend","Daglicht","Droog",\N,"600538781","Claudius Prinsenlaan","Breda","Breda","Noord-Brabant",false,51.586423,4.792267,"material damage only","4","clear",false,1,"GM0758"
"20240074717",2024,"Uitsluitend materiele schade",2,"Personenauto","Fiets","Flank","Rechte weg",30,"Niet brandend","Daglicht","Droog",\N,"393341070","Aristotelesstraat","Apeldoorn","Apeldoorn","Gelderland",false,52.221502,5.999706,"material damage only","4","clear",false,1,"GM0200"
"20240079835",2024,"Letsel",2,"Bus","Fiets","Frontaal","Rechte weg",50,"Niet brandend","Daglicht","Droog",\N,"266401035","Julianaweg","Volendam","Edam-Volendam","Noord-Holland",false,52.49294,5.066118,"injury","2","clear",false,1,"GM0385"
"20240083077",2024,"Letsel",2,"Fiets","Personenauto","Flank","Rechte weg",30,"Niet brandend","Daglicht","Droog",\N,"324182097","Raadhuisplein","Son en Breugel","Son en Breugel","Noord-Brabant",false,51.510177,5.492286,"injury","2","clear",false,1,"GM0848"
"20240085629",2024,"Letsel",2,"Fiets",\N,"Eenzijdig","Rechte weg",50,"Niet brandend","Daglicht","Droog",\N,"365553033","Wergeasterdyk","Goutum","Leeuwarden","Friesland",false,53.177667,5.801914,"injury","2","clear",false,1,"GM0080"
"20240086980",2024,"Letsel",2,"Personenauto","Fiets","Flank","Kruispunt, 3 takken",30,"Niet aanwezig","Daglicht","Droog","Brug/viaduct",\N,"NOORDVEENWEG","Weteringbrug","Haarlemmermeer","Noord-Holland",false,52.215079,4.62041,"injury","2","clear",false,1,"GM0394"
"20240072586",2024,"Uitsluitend materiele schade",2,"Personenauto","Fiets","Frontaal","Rechte weg",50,"Niet brandend","Daglicht","Droog",\N,"600135018","Helvoirtseweg","Vught","Vught","Noord-Brabant",false,51.636897,5.2492,"material damage only","4","clear",false,1,"GM0865"
"20240078105",2024,"Uitsluitend materiele schade",1,"Fiets",\N,"Flank","Kruispunt, 4 takken",30,"Niet brandend","Daglicht","Droog",\N,\N,"Talingweg","Apeldoorn","Apeldoorn","Gelderland",false,52.199881,5.97051,"material damage only","4","clear",false,1,"GM0200"
"20240094804",2024,"Uitsluitend materiele schade",2,"Personenauto","Fiets","Onbekend","Rechte weg",30,"Niet brandend","Daglicht","Droog",\N,"342366010","Prins Mauritslaan","Harderwijk","Harderwijk","Gelderland",false,52.338218,5.624662,"material damage only","4","clear",false,1,"GM0243"
"20240098714",2024,"Letsel",1,"e-bike",\N,"Eenzijdig","Bocht",80,"Niet brandend","Daglicht","Droog",\N,"600753931","St. Jans-pad","De Kwakel","Uithoorn","Noord-Holland",false,52.23012,4.782878,"injury","2","clear",false,1,"GM0451"
"20240103106",2024,"Uitsluitend materiele schade",2,"Personenauto","Fiets","Flank","Rechte weg",50,"Niet brandend","Daglicht","Regen",\N,"600489238","Nieuwe Kleverskerkseweg","Middelburg","Middelburg","Zeeland",false,51.499578,3.644295,"material damage only","4","rain",false,1,\N
"20240044689",2024,"Uitsluitend materiele schade",2,"Personenauto","Fiets","Onbekend","Rotonde",50,"Niet aanwezig","Daglicht","Regen",\N,\N,"Iepenlaan","Veghel","Meierijstad","Noord-Brabant",false,51.620954,5.549044,"material damage only","4","rain",false,1,"GM1948"
"20240050530",2024,"Letsel",1,"Fiets",\N,"Onbekend",\N,\N,\N,"Duisternis",\N,\N,"240372134","Leidseplein","Amsterdam","Amsterdam","Noord-Holland",false,52.362949,4.88041,"injury","2","unknown",false,1,"GM0363"
"20240072626",2024,"Uitsluitend materiele schade",2,"Personenauto","Fiets","Flank","Rotonde",50,"Niet brandend","Daglicht","Droog",\N,\N,"Burg Gommansstraat","Venlo","Venlo","Limburg",false,51.370756,6.136174,"material damage only","4","clear",false,1,"GM0983"
"20240075830",2024,"Letsel",2,"e-bike",\N,"Flank","Kruispunt, 4 takken",50,"Niet brandend","Daglicht","Droog",\N,\N,"Rumptigerpad","Meppel","Meppel","Drenthe",false,52.693645,6.204961,"injury","2","clear",false,1,"GM0119"
"20240078143",2024,"Uitsluitend materiele schade",2,"Motor","Fiets","Flank","Rechte weg",\N,"Niet brandend","Daglicht","Droog",\N,"309334133","Laan van Duurzaamheid","Amersfoort","Amersfoort","Utrecht",false,52.195815,5.386462,"material damage only","4","clear",false,1,"GM0307"
"20240085712",2024,"Letsel",2,"Fiets","Vrachtauto","Onbekend","Kruispunt, 4 takken",50,"Niet brandend","Daglicht","Droog",\N,\N,"Stationsstraat","Hooghalen","Midden-Drenthe","Drenthe",false,52.919023,6.542661,"injury","2","clear",false,1,"GM1731"
"20240087062",2024,"Letsel",2,"Personenauto","Fiets","Flank","Kruispunt, 4 takken",30,"Niet brandend","Daglicht","Droog",\N,\N,"IJweg","Hoofddorp","Haarlemmermeer","Noord-Holland",false,52.311961,4.661923,"injury","2","clear",false,1,"GM0394"
"20240088361",2024,"Uitsluitend materiele schade",2,"Fiets","Personenauto","Onbekend",\N,30,\N,"Daglicht",\N,\N,"254362113","Kruitberghof","Amsterdam","Amsterdam","Noord-Holland",false,52.316376,4.977315,"material damage only","4","unknown",false,1,"GM0363"
"20240090307",2024,"Uitsluitend materiele schade",2,"Personenauto","Fiets","Flank","Rechte weg",50,"Niet brandend","Daglicht","Droog",\N,"183276015","Walenburgerweg","Rotterdam","Rotterdam","Zuid-Holland",false,51.92798,4.465805,"material damage only","4","clear",false,1,"GM0599"
"20240083196",2024,"Letsel",2,"Personenauto","e-bike","Flank","Kruispunt, 4 takken",50,"Niet brandend","Daglicht","Droog",\N,\N,"Leutherweg","Venlo","Venlo","Limburg",false,51.355905,6.186613,"injury","2","clear",false,1,"GM0983"
"20240088390",2024,"Uitsluitend materiele schade",2,"Personenauto","Fiets","Flank","Kruispunt, 4 takken",50,"Brandend","Duisternis","Droog",\N,\N,"Houtmankade","Amsterdam","Amsterdam","Noord-Holland",false,52.390542,4.884953,"material damage only","4","clear",false,1,"GM0363"
"20240088406",2024,"Uitsluitend materiele schade",2,"Personenauto","Fiets","Frontaal","Rechte weg",50,"Niet brandend","Daglicht","Droog",\N,"145290004","Naaldwijkseweg","'s-Gravenzande","Westland","Zuid-Holland",false,51.988627,4.188714,"material damage only","4","clear",false,1,"GM1783"
"20240095390",2024,"Uitsluitend materiele schade",2,"Personenauto","Fiets","Kop/staart","Rechte weg",30,"Niet brandend","Daglicht","Droog",\N,"600370518","Houtplein","Haarlem","Haarlem","Noord-Holland",false,52.375554,4.630828,"material damage only","4","clear",false,1,"GM0392"
"20240049950",2024,"Uitsluitend materiele schade",2,"Fiets","Personenauto","Onbekend","Kruispunt, 4 takken",50,"Niet brandend","Daglicht","Droog",\N,\N,"Vlielandseweg","Pijnacker","Pijnacker-Nootdorp","Zuid-Holland",false,52.021154,4.437614,"material damage only","4","clear",false,1,"GM1926"
"20240080664",2024,"Letsel",2,"Fiets","Voetganger","Voetganger","Rechte weg",50,"Niet brandend","Daglicht","Droog",\N,"600360728","Wytemaweg","Rotterdam","Rotterdam","Zuid-Holland",false,51.912332,4.468917,"injury","2","clear",false,1,"GM0599"
"20240087802",2024,"Letsel",2,"Fiets","Fiets","Onbekend","Rechte weg",50,"Niet brandend","Daglicht","Droog",\N,"601073915","Joke Smitlaan","Zutphen","Zutphen","Gelderland",false,52.126429,6.226411,"injury","2","clear",false,1,"GM0301"
"20240094486",2024,"Letsel",1,"Fiets",\N,"Onbekend","Rechte weg",30,"Niet brandend","Daglicht","Droog",\N,\N,"De Wanne","Nieuw-Buinen","Borger-Odoorn","Drenthe",false,52.967252,6.953407,"injury","2","clear",false,1,"GM1681"
"20240094942",2024,"Letsel",2,"Fiets","Voetganger","Voetganger","Kruispunt, 3 takken",30,"Niet brandend","Daglicht","Droog",\N,\N,"Roomweg","Enschede","Enschede","Overijssel",false,52.231908,6.898342,"injury","2","clear",false,1,"GM0153"
"20240095414",2024,"Letsel",1,"Fiets",\N,"Eenzijdig","Rechte weg",30,"Niet brandend","Daglicht","Droog",\N,\N,"Zuiderweg","Hilversum","Hilversum","Noord-Holland",false,52.227031,5.182936,"injury","2","clear",false,1,"GM0402"
"20240098866",2024,"Uitsluitend materiele schade",2,"Personenauto","Fiets","Flank","Rechte weg",30,"Niet brandend","Daglicht","Regen",\N,"225368056","Lupinesingel","Badhoevedorp","Haarlemmermeer","Noord-Holland",false,52.345771,4.76841,"material damage only","4","rain",false,1,"GM0394"
"20240100310",2024,"Letsel",1,"Fiets",\N,"Onbekend","Rechte weg",50,"Brandend","Duisternis","Droog",\N,"600640849","President Kennedylaan","'s-Gravenhage","'s-Gravenhage","Zuid-Holland",false,52.087532,4.279094,"injury","2","clear",false,1,"GM0518"
"20240101001",2024,"Letsel",2,"Fiets","Bromfiets","Frontaal","Rotonde",30,"Niet brandend","Daglicht","Regen",\N,\N,"Oranjelaan","Zoeterwoude","Zoeterwoude","Zuid-Holland",false,52.14356,4.525787,"injury","2","rain",false,1,"GM0638"
"20240046346",2024,"Letsel",2,"Bestelauto","Fiets","Flank","Kruispunt, 3 takken",50,"Niet brandend","Daglicht","Droog",\N,\N,"Zandlaan","Ede","Ede","Gelderland",false,52.019299,5.671726,"injury","2","clear",false,1,"GM0228"
"20240086522",2024,"Letsel",2,"Fiets","Lichtmast","Vast voorwerp","Rechte weg",30,"Niet brandend","Daglicht","Droog",\N,"269435002","Florijn","Hoorn","Hoorn","Noord-Holland",false,52.647854,5.091915,"injury","2","clear",false,1,"GM0405"
"20240096532",2024,"Uitsluitend materiele schade",2,"Personenauto","Fiets","Los voorwerp","Bocht",50,"Niet brandend","Daglicht","Droog",\N,"600835836","Kronenburgdijk","Arnhem","Arnhem","Gelderland",false,51.957942,5.889237,"material damage only","4","clear",false,1,"GM0202"
"20240099780",2024,"Letsel",2,"Personenauto","Fiets","Flank","Rechte weg",30,"Niet brandend","Daglicht","Droog",\N,"169259130","Beugstraat","Hoogvliet Rotterdam","Rotterdam","Zuid-Holland",false,51.853773,4.367332,"injury","2","clear",false,1,"GM0599"
"20240100570",2024,"Letsel",1,"Fiets",\N,"Los voorwerp","Kruispunt, 4 takken",30,"Niet brandend","Daglicht","Droog",\N,\N,"Nieuwe Beestenmarkt","Leiden","Leiden","Zuid-Holland",false,52.163732,4.486191,"injury","2","clear",false,1,"GM0546"
"20240101325",2024,"Letsel",2,"Personenauto","Fiets","Flank","Rotonde",30,"Brandend","Duisternis","Droog",\N,\N,"Martinus Nijhofflaan","Delft","Delft","Zuid-Holland",false,51.997105,4.354467,"injury","2","clear",false,1,"GM0503"
"20240048769",2024,"Uitsluitend materiele schade",2,"Fiets","Bestelauto","Onbekend","Kruispunt, 4 takken",30,"Niet brandend","Daglicht","Droog",\N,\N,"Laan naar Emiclaer","Amersfoort","Amersfoort","Utrecht",false,52.186297,5.40027,"material damage only","4","clear",false,1,"GM0307"
"20240075386",2024,"Letsel",1,"Fiets",\N,"Onbekend","Rechte weg",50,"Niet brandend","Daglicht","Regen",\N,"600865631","Hoofdweg","Westervelde","Noordenveld","Drenthe",false,53.047294,6.442236,"injury","2","rain",false,1,"GM1699"
"20240096040",2024,"Uitsluitend materiele schade",2,"Personenauto","Fiets","Onbekend","Kruispunt, 4 takken",50,"Niet brandend","Daglicht","Droog",\N,\N,"van Nagell-laan","Doorn","Utrechtse Heuvelrug","Utrecht",false,52.032432,5.348389,"material damage only","4","clear",false,1,"GM1581"
"20240096547",2024,"Uitsluitend materiele schade",2,"Fiets","Fiets","Flank","Rechte weg",30,"Niet brandend","Daglicht","Droog",\N,"600375865","Wittevrouwenstraat","Utrecht","Utrecht","Utrecht",false,52.095141,5.124121,"material damage only","4","clear",false,1,"GM0344"
"20240096571",2024,"Letsel",2,"Personenauto","Fiets","Onbekend","Rechte weg",50,"Niet brandend","Daglicht","Droog",\N,"270318066","Rio Brancodreef","Utrecht","Utrecht","Utrecht",false,52.122917,5.097746,"injury","2","clear",false,1,"GM0344"
"20240099966",2024,"Letsel",2,"Personenauto","Fiets","Flank","Kruispunt, 4 takken",50,"Niet brandend","Daglicht","Droog",\N,\N,"Schollevaartse Dreef","Rotterdam","Rotterdam","Zuid-Holland",false,51.965069,4.579494,"injury","2","clear",false,1,"GM0599"
"20240100768",2024,"Uitsluitend materiele schade",2,"Personenauto","Fiets","Flank","Rechte weg",30,"Niet brandend","Daglicht","Droog",\N,"213248062","Aalscholverstraat","Dordrecht","Dordrecht","Zuid-Holland",false,51.80695,4.690615,"material damage only","4","clear",false,1,"GM0505"
"20240102282",2024,"Uitsluitend materiele schade",2,"Personenauto","Fiets","Onbekend","Rechte weg",50,"Brandend","Duisternis","Droog",\N,"601175291","Antoon Coolenlaan","Eindhoven","Eindhoven","Noord-Brabant",false,51.417099,5.466413,"material damage only","4","clear",false,1,"GM0772"
"20240102972",2024,"Letsel",2,"Personenauto","e-bike","Flank","Kruispunt, 4 takken",80,"Niet brandend","Schemer","Droog",\N,\N,"Dr. de Quayweg","Elsendorp","Gemert-Bakel","Noord-Brabant",false,51.556532,5.78217,"injury","2","clear",false,1,"GM1652"
"20240102983",2024,"Letsel",2,"Personenauto","Fiets","Frontaal","Rotonde",50,"Brandend","Schemer","Droog",\N,\N,"Sint Teunislaan","'s-Hertogenbosch","'s-Hertogenbosch","Noord-Brabant",false,51.710656,5.311783,"injury","2","clear",false,1,"GM0796"
"20240043585",2024,"Uitsluitend materiele schade",2,"Fiets","Bus","Flank","Rechte weg",50,"Niet brandend","Daglicht",\N,\N,"297222142","Colvenierstraat","'s-Hertogenbosch","'s-Hertogenbosch","Noord-Brabant",false,51.689296,5.294928,"material damage only","4","unknown",false,1,"GM0796"
"20240070514",2024,"Uitsluitend materiele schade",2,"Personenauto","Fiets","Onbekend","Kruispunt, 3 takken",50,"Niet brandend","Daglicht","Droog",\N,\N,"Zuidlandstraat","Terneuzen","Terneuzen","Zeeland",false,51.32892,3.840125,"material damage only","4","clear",false,1,"GM0715"
"20240071198",2024,"Letsel",2,"Bromfiets","Fiets","Onbekend","Rechte weg",30,"Niet brandend","Daglicht","Droog",\N,"600360487","Vierambachtsstraat","Rotterdam","Rotterdam","Zuid-Holland",false,51.916524,4.449882,"injury","2","clear",false,1,"GM0599"
"20240075399",2024,"Uitsluitend materiele schade",2,"Personenauto","Fiets","Flank",\N,30,"Niet brandend","Daglicht","Droog",\N,"316257028","Beatrixstraat","Dreumel","West Maas en Waal","Gelderland",false,51.847805,5.436161,"material damage only","4","clear",false,1,"GM0668"
"20240079508",2024,"Letsel",3,"Personenauto","Fiets","Kop/staart","Rechte weg",50,"Niet brandend","Daglicht","Droog",\N,"600738143","Bennebroekerlaan","Bennebroek","Bloemendaal","Noord-Holland",false,52.324221,4.595994,"injury","2","clear",false,1,"GM0377"
"20240082730",2024,"Uitsluitend materiele schade",1,"Fiets",\N,"Eenzijdig","Rechte weg",50,"Niet brandend","Daglicht","Droog",\N,"416152039","Burg Gommansstraat","Venlo","Venlo","Limburg",false,51.371077,6.154497,"material damage only","4","clear",false,1,"GM0983"
"20240096600",2024,"Uitsluitend materiele schade",2,"Personenauto","Fiets","Flank","Rechte weg",30,"Niet brandend","Daglicht","Droog",\N,"600861188","Sportweg","Doetinchem","Doetinchem","Gelderland",false,51.963111,6.274748,"material damage only","4","clear",false,1,"GM0222"
"20240100792",2024,"Letsel",2,"Fiets","Personenauto","Onbekend","Kruispunt, 3 takken",50,"Niet brandend","Daglicht","Droog",\N,\N,"Nathaliegang","Zoetermeer","Zoetermeer","Zuid-Holland",false,52.044712,4.480314,"injury","2","clear",false,1,"GM0637"
"20240102563",2024,"Uitsluitend materiele schade",1,"Fiets",\N,"Onbekend","Kruispunt, 3 takken",\N,"Niet brandend","Daglicht","Droog",\N,\N,"Hoogcruts","Noorbeek","Eijsden-Margraten","Limburg",false,50.776763,5.839501,"material damage only","4","clear",false,1,"GM1903"
"20240048829",2024,"Uitsluitend materiele schade",2,"Personenauto","Fiets","Onbekend","Kruispunt, 3 takken",50,"Niet brandend","Daglicht","Droog",\N,\N,"Weezenhof","Nijmegen","Nijmegen","Gelderland",false,51.802876,5.804795,"material damage only","4","clear",false,1,"GM0268"
"20240073144",2024,"Uitsluitend materiele schade",1,"Fiets",\N,"Onbekend","Rechte weg",30,"Niet brandend","Daglicht","Regen",\N,\N,"Ir Kalffstraat","Eindhoven","Eindhoven","Noord-Brabant",false,51.445931,5.457,"material damage only","4","rain",false,1,"GM0772"
"20240050153",2024,"Uitsluitend materiele schade",2,"Personenauto","Fiets","Onbekend","Rechte weg",50,"Niet brandend","Daglicht","Droog",\N,"161306081","Wouwermanstraat","'s-Gravenhage","'s-Gravenhage","Zuid-Holland",false,52.061906,4.307835,"material damage only","4","clear",false,1,"GM0518"
"20240085995",2024,"Uitsluitend materiele schade",2,"Personenauto","Fiets","Flank","Kruispunt, 3 takken",30,"Niet brandend","Daglicht","Droog",\N,\N,"Stationsweg","Harlingen","Harlingen","Friesland",false,53.170763,5.425296,"material damage only","4","clear",false,1,"GM0072"
"20240046541",2024,"Letsel",1,"Fiets",\N,"Onbekend","Rechte weg",80,"Brandend","Daglicht","Droog","Tunnel","601076254","FIETSPAD","Dalfsen","Dalfsen","Overijssel",false,52.531427,6.307695,"injury","2","clear",false,1,"GM0148"
"20230048945",2023,"Uitsluitend materiele schade",2,"Personenauto","Fiets","Flank","Kruispunt, 3 takken",50,\N,"Daglicht","Droog",\N,\N,"Middenweg","Amsterdam","Amsterdam","Noord-Holland",false,52.341107,4.950761,"material damage only","4","clear",false,1,"GM0363"
"20230048950",2023,"Letsel",1,"Fiets",\N,"Eenzijdig","Kruispunt, 4 takken",100,"Brandend","Duisternis","Droog",\N,\N,"Abraham Orteliuspad","'s-Gravenhage","'s-Gravenhage","Zuid-Holland",false,52.029015,4.255973,"injury","2","clear",false,1,"GM0518"
"20230058374",2023,"Letsel",2,"Personenauto","Fiets","Flank","Kruispunt, 4 takken",50,"Niet brandend","Daglicht",\N,\N,\N,"Jacob Catslaan","'s-Gravenhage","'s-Gravenhage","Zuid-Holland",false,52.089624,4.29381,"injury","2","unknown",false,1,"GM0518"
"20230059879",2023,"Uitsluitend materiele schade",1,"Fiets",\N,"Onbekend","Rechte weg",50,"Brandend","Duisternis","Droog",\N,"600903520","Ruiterweg","Castricum","Castricum","Noord-Holland",false,52.5515,4.662652,"material damage only","4","clear",false,1,"GM0383"
"20230065522",2023,"Letsel",1,"Fiets",\N,"Eenzijdig","Kruispunt, 4 takken",30,"Niet brandend","Daglicht","Droog",\N,\N,"Hoofdstraat","Diever","Westerveld","Drenthe",false,52.855459,6.319198,"injury","2","clear",false,1,"GM1701"
"20230057186",2023,"Uitsluitend materiele schade",2,"Personenauto","Fiets","Kop/staart","Bocht",60,"Niet brandend","Daglicht","Droog",\N,\N,"Zijlstraat","Zuilichem","Zaltbommel","Gelderland",false,51.805027,5.137705,"material damage only","4","clear",false,1,"GM0297"
"20230057440",2023,"Letsel",2,"Personenauto","Fiets","Flank","Kruispunt, 4 takken",80,"Niet brandend","Daglicht","Droog",\N,\N,"Zuidelijke Kanaaldijk","Den Ham","Twenterand","Overijssel",false,52.443846,6.529859,"injury","2","clear",false,1,"GM1700"
"20230058384",2023,"Uitsluitend materiele schade",2,"Fiets","Fiets","Flank","Kruispunt, 4 takken",\N,"Niet brandend","Daglicht","Droog",\N,\N,"Breitnerstraat","Amsterdam","Amsterdam","Noord-Holland",false,52.350807,4.873451,"material damage only","4","clear",false,1,"GM0363"
"20230059916",2023,"Uitsluitend materiele schade",2,"Bromfiets","Fiets","Flank","Kruispunt, 4 takken",50,"Niet brandend","Daglicht","Droog",\N,\N,"Ceintuurbaan","Amsterdam","Amsterdam","Noord-Holland",false,52.35603,4.904895,"material damage only","4","clear",false,1,"GM0363"
"20230061473",2023,"Letsel",2,"Bromfiets","Fiets","Flank","Rechte weg",50,"Brandend","Duisternis","Droog",\N,"601017051","Langs de Raephorst","Voorschoten","Voorschoten","Zuid-Holland",false,52.120486,4.426138,"injury","2","clear",false,1,"GM0626"
"20230061479",2023,"Uitsluitend materiele schade",2,"Bromfiets","Fiets","Kop/staart","Rechte weg",50,"Niet brandend","Daglicht","Droog",\N,\N,"Bergweg","Rotterdam","Rotterdam","Zuid-Holland",false,51.936214,4.476913,"material damage only","4","clear",false,1,"GM0599"
"20230040217",2023,"Letsel",2,"Personenauto","Fiets","Flank","Kruispunt, 4 takken",30,"Niet brandend","Daglicht","Droog",\N,\N,"Aardamseweg","Ter Aar","Nieuwkoop","Zuid-Holland",false,52.170173,4.701386,"injury","2","clear",false,1,"GM0569"
"20230045462",2023,"Uitsluitend materiele schade",2,"Fiets","Overig vast object","Vast voorwerp","Kruispunt, 3 takken",50,"Niet brandend","Daglicht","Droog",\N,\N,"Kloosterstraat","Groesbeek","Berg en Dal","Gelderland",false,51.775738,5.93966,"material damage only","4","clear",false,1,"GM1945"
"20230052487",2023,"Uitsluitend materiele schade",2,"Personenauto","Fiets","Flank","Kruispunt, 4 takken",30,"Niet brandend","Daglicht","Droog",\N,\N,"Hillegondastraat","Rotterdam","Rotterdam","Zuid-Holland",false,51.945559,4.484791,"material damage only","4","clear",false,1,"GM0599"
"20230058441",2023,"Letsel",1,"Fiets",\N,"Eenzijdig","Rechte weg",30,"Niet brandend","Daglicht","Droog",\N,"182325100","Maria Montessoripad","Leiden","Leiden","Zuid-Holland",false,52.148664,4.455219,"injury","2","clear",false,1,"GM0546"
"20230059529",2023,"Letsel",2,"Personenauto","Fiets","Flank","Rechte weg",50,"Niet brandend","Daglicht","Droog",\N,"241372099","Weteringschans","Amsterdam","Amsterdam","Noord-Holland",false,52.361325,4.88681,"injury","2","clear",false,1,"GM0363"
"20230062350",2023,"Uitsluitend materiele schade",2,"Fiets","Bromfiets","Flank","Rechte weg",30,"Niet brandend","Daglicht","Droog",\N,"317164002","Mahatma Gandhilaan","Eindhoven","Eindhoven","Noord-Brabant",false,51.427531,5.444647,"material damage only","4","clear",false,1,"GM0772"
"20230063009",2023,"Uitsluitend materiele schade",2,"Motor","Fiets","Onbekend","Kruispunt, 3 takken",50,"Niet brandend","Daglicht","Droog",\N,\N,"Veldschuurweg","Stein","Stein","Limburg",false,50.970963,5.749879,"material damage only","4","clear",false,1,\N
"20240130933",2024,"Letsel",2,"Fiets","Personenauto","Flank","Kruispunt, 4 takken",50,"Niet brandend","Daglicht","Droog",\N,\N,"Heemsteedse Dreef","Heemstede","Heemstede","Noord-Holland",false,52.347234,4.624024,"injury","2","clear",false,1,"GM0397"
"20230038585",2023,"Uitsluitend materiele schade",2,"Bromfiets","Fiets","Flank","Rechte weg",30,"Niet brandend","Daglicht","Droog",\N,"162309142","Dagelijkse Groenmarkt","'s-Gravenhage","'s-Gravenhage","Zuid-Holland",false,52.077728,4.308595,"material damage only","4","clear",false,1,"GM0518"
"20230050198",2023,"Uitsluitend materiele schade",1,"Fiets",\N,"Flank","Rechte weg",50,"Niet brandend","Daglicht","Droog","Spoorwegovergang","235376053","Bos en Lommerweg","Amsterdam","Amsterdam","Noord-Holland",false,52.378742,4.838027,"material damage only","4","clear",false,1,"GM0363"
"20230050805",2023,"Uitsluitend materiele schade",2,"Bromfiets","Fiets","Onbekend","Kruispunt, 3 takken",50,\N,"Daglicht","Droog",\N,\N,"Stationsstraat","Zaandam","Zaanstad","Noord-Holland",false,52.440392,4.817763,"material damage only","4","clear",false,1,"GM0479"
"20230056037",2023,"Uitsluitend materiele schade",2,"Personenauto","Fiets","Flank","Kruispunt, 4 takken",60,"Niet brandend","Daglicht","Droog",\N,\N,"Dijkweg","Lambertschaag","Medemblik","Noord-Holland",false,52.752021,5.040233,"material damage only","4","clear",false,1,"GM0420"
"20230058214",2023,"Letsel",2,"Fiets","Overig vast object","Vast voorwerp","Rechte weg",50,"Niet brandend","Daglicht","Droog",\N,"180343080","Beeklaan","Noordwijk","Noordwijk","Zuid-Holland",false,52.231118,4.440162,"injury","2","clear",false,1,"GM0575"
"20230059592",2023,"Letsel",2,"Personenauto","Fiets","Flank","Kruispunt, 4 takken",50,"Niet brandend","Daglicht","Droog",\N,\N,"Plantage Middenlaan","Amsterdam","Amsterdam","Noord-Holland",false,52.363584,4.91878,"injury","2","clear",false,1,"GM0363"
"20230063336",2023,"Letsel",1,"Fiets",\N,"Eenzijdig","Rechte weg",50,"Niet brandend","Daglicht","Droog",\N,"601039747","Burg Janssenstraat","Beesel","Beesel","Limburg",false,51.257547,6.034757,"injury","2","clear",false,1,"GM0889"
"20230049119",2023,"Uitsluitend materiele schade",1,"Fiets",\N,"Flank","Rechte weg",30,"Niet brandend","Daglicht","Droog",\N,"175324106","Van Duivenvoordelaan","Wassenaar","Wassenaar","Zuid-Holland",false,52.145743,4.404614,"material damage only","4","clear",false,1,"GM0629"
"20230056654",2023,"Letsel",2,"Fiets","Fiets","Onbekend","Rechte weg",60,"Brandend","Duisternis","Droog",\N,\N,"Veenkade","Maarssen","Stichtse Vecht","Utrecht",false,52.156879,5.05191,"injury","2","clear",false,1,"GM1904"
"20230059231",2023,"Uitsluitend materiele schade",2,"Personenauto","Fiets","Flank","Kruispunt, 4 takken",30,"Niet brandend","Daglicht","Droog",\N,\N,"Osdorper Ban","Amsterdam","Amsterdam","Noord-Holland",false,52.360269,4.790871,"material damage only","4","clear",false,1,"GM0363"
"20230059608",2023,"Uitsluitend materiele schade",2,"Personenauto","Fiets","Flank","Rotonde",50,"Brandend","Duisternis","Regen",\N,\N,"Johan van Hasseltweg","Amsterdam","Amsterdam","Noord-Holland",false,52.387627,4.923662,"material damage only","4","rain",false,1,"GM0363"