"accident_id","year","severity_raw","party_count","party1_type","party2_type","accident_type","road_situation","speed_limit_kmh","road_lighting","light_condition_label","weather_raw","infra_type","road_segment_id","street_name","place_name","gemeente_name_raw","province","alcohol_indicated","latitude","longitude","severity_label","severity_code","weather_label","built_up_area","cyclists_involved","gemeente_code"
"20230111341",2023,"Letsel",2,"Bromfiets","Fiets","Flank","Rechte weg",50,"Niet brandend","Daglicht","Droog",\N,"242369050","Ferdinand Bolstraat","Amsterdam","Amsterdam","Noord-Holland",false,52.351761,4.891355,"injury","2","clear",false,1,"GM0363"
"20230111360",2023,"Uitsluitend materiele schade",2,"Fiets","Fiets","Kop/staart","Rechte weg",30,"Brandend","Duisternis","Droog",\N,"217440063","Sint Antoniusstraat","Bergen (NH)","Bergen (NH)","Noord-Holland",false,52.666665,4.703145,"material damage only","4","clear",false,1,\N
"20240023826",2024,"Uitsluitend materiele schade",2,"Personenauto","Fiets","Frontaal","Kruispunt, 3 takken",30,"Niet brandend","Daglicht","Droog",\N,\N,"Librije","Horst","Horst aan de Maas","Limburg",false,51.454129,6.054569,"material damage only","4","clear",false,1,"GM1507"
"20240013467",2024,"Letsel",2,"Fiets","Fiets","Flank","Rechte weg",30,"Niet brandend","Daglicht","Droog",\N,"174302100","Wintercyclaam","Nootdorp","Pijnacker-Nootdorp","Zuid-Holland",false,52.04565,4.402049,"injury","2","clear",false,1,"GM1926"
"20240014467",2024,"Uitsluitend materiele schade",2,"Bromfiets","Fiets","Flank","Kruispunt, 4 takken",50,"Niet brandend","Daglicht","Droog",\N,\N,"Guido Gezelleweg","Rotterdam","Rotterdam","Zuid-Holland",false,51.874462,4.523401,"material damage only","4","clear",false,1,"GM0599"
"20240151976",2024,"Uitsluitend materiele schade",2,"Personenauto","Fiets","Flank","Kruispunt, 4 takken",30,"Brandend","Duisternis","Regen",\N,\N,"Houtmankade","Amsterdam","Amsterdam","Noord-Holland",false,52.390542,4.884953,"material damage only","4","rain",false,1,"GM0363"
"20240153907",2024,"Uitsluitend materiele schade",2,"Personenauto","Fiets","Flank","Kruispunt, 4 takken",30,"Niet aanwezig","Daglicht","Regen",\N,\N,"Poldermolenplein","Berkel en Rodenrijs","Lansingerland","Zuid-Holland",false,51.99,4.45633,"material damage only","4","rain",false,1,"GM1621"
"20240010329",2024,"Uitsluitend materiele schade",2,"Fiets","Fiets","Onbekend","Rechte weg",30,"Niet brandend","Daglicht","Droog",\N,"344540003","Skrins","Easterlittens","Leeuwarden","Friesland",false,53.120718,5.645255,"material damage only","4","clear",false,1,"GM0080"
"20240023074",2024,"Letsel",1,"Fiets",\N,"Onbekend",\N,\N,\N,"Daglicht",\N,\N,"178234001","Middelsluissedijk WZ","Numansdorp","Hoeksche Waard","Zuid-Holland",false,51.740533,4.43851,"injury","2","unknown",false,1,"GM1963"
"20230108495",2023,"Uitsluitend materiele schade",2,"Personenauto","Fiets","Flank","Rotonde",50,"Niet brandend","Daglicht","Droog",\N,\N,"Everard Meysterweg","Amersfoort","Amersfoort","Utrecht",false,52.144805,5.390534,"material damage only","4","clear",false,1,"GM0307"
"20240010822",2024,"Uitsluitend materiele schade",2,"Fiets",\N,"Flank","Kruispunt, 4 takken",50,"Brandend","Duisternis","Droog",\N,\N,"Van Randwijcklaan","Amersfoort","Amersfoort","Utrecht",false,52.159204,5.398249,"material damage only","4","clear",false,1,"GM0307"
"20240011695",2024,"Letsel",2,"Boom","Fiets","Vast voorwerp","Rechte weg",30,"Niet brandend","Daglicht","Regen",\N,"600925179","Congregatie","Amersfoort","Amersfoort","Utrecht",false,52.144096,5.355145,"injury","2","rain",false,1,"GM0307"
"20240015433",2024,"Letsel",2,"Fiets","Lichtmast","Vast voorwerp","Rechte weg",50,"Niet brandend","Daglicht","Droog",\N,"208303057","Zuiveringspad","Waddinxveen","Waddinxveen","Zuid-Holland",false,52.053113,4.649282,"injury","2","clear",false,1,"GM0627"
"20240016826",2024,"Letsel",2,"Personenauto","Fiets","Flank","Kruispunt, 4 takken",50,"Niet brandend","Daglicht","Droog",\N,\N,"Van Oldenbarneveltlaan","Groningen","Groningen","Groningen",false,53.232784,6.559407,"injury","2","clear",false,1,"GM0014"
"20240153383",2024,"Letsel",1,"Fiets",\N,"Onbekend",\N,50,\N,"Daglicht",\N,\N,"207375038","Rustenburgerlaan","Haarlem","Haarlem","Noord-Holland",false,52.373067,4.634943,"injury","2","unknown",false,1,"GM0392"
"20240154670",2024,"Letsel",2,"Fiets","Personenauto","Onbekend","Kruispunt, 4 takken",30,"Niet brandend","Daglicht","Droog",\N,\N,"Melkweg","Katwijk","Katwijk","Zuid-Holland",false,52.211131,4.41261,"injury","2","clear",false,1,"GM0537"
"20240011181",2024,"Letsel",2,"Fiets","Dier","Dier","Rechte weg",50,"Brandend","Duisternis","Droog",\N,\N,"Akerdijk","Badhoevedorp","Haarlemmermeer","Noord-Holland",false,52.349078,4.772139,"injury","2","clear",false,1,"GM0394"
"20240015860",2024,"Uitsluitend materiele schade",2,"Snorfiets","Fiets","Onbekend","Kruispunt, 3 takken",50,"Niet brandend","Schemer","Droog",\N,\N,"Eindhovenseweg","Geldrop","Geldrop-Mierlo","Noord-Brabant",false,51.427097,5.531225,"material damage only","4","clear",false,1,"GM1771"
"20240152087",2024,"Uitsluitend materiele schade",2,"Bromfiets","Fiets","Flank","Rechte weg",50,"Niet brandend","Duisternis","Regen",\N,"162309116","Gedempte Gracht","'s-Gravenhage","'s-Gravenhage","Zuid-Holland",false,52.076784,4.314973,"material damage only","4","rain",false,1,"GM0518"
"20240005982",2024,"Uitsluitend materiele schade",2,"Personenauto","Fiets","Onbekend","Kruispunt, 4 takken",50,"Niet brandend","Daglicht","Droog",\N,\N,"Flamingostraat","Utrecht","Utrecht","Utrecht",false,52.079284,5.125333,"material damage only","4","clear",false,1,"GM0344"
"20240016412",2024,"Uitsluitend materiele schade",2,"Fiets","Fiets","Flank","Kruispunt, 3 takken",30,"Niet brandend","Daglicht","Droog",\N,\N,"Laaghemaal","Rosmalen","'s-Hertogenbosch","Noord-Brabant",false,51.720025,5.347683,"material damage only","4","clear",false,1,"GM0796"
"20230110945",2023,"Uitsluitend materiele schade",3,"Personenauto","Fiets","Onbekend","Kruispunt, 4 takken",30,"Niet brandend","Daglicht","Regen",\N,\N,"Franz Lisztstraat","Tilburg","Tilburg","Noord-Brabant",false,51.582312,5.082617,"material damage only","4","rain",false,1,"GM0855"
"20230112748",2023,"Letsel",2,"Fiets","Personenauto","Frontaal","Rechte weg",30,"Niet brandend","Daglicht","Droog",\N,"210321091","Ambonstraat","Alphen aan den Rijn","Alphen aan den Rijn","Zuid-Holland",false,52.133123,4.658027,"injury","2","clear",false,1,"GM0484"
"20230113318",2023,"Uitsluitend materiele schade",2,"Personenauto","Fiets","Flank","Kruispunt, 4 takken",50,"Brandend","Duisternis","Regen",\N,\N,"Uhlenbeckstraat","Voorburg","Leidschendam-Voorburg","Zuid-Holland",false,52.076324,4.357075,"material damage only","4","rain",false,1,"GM1916"
"20240012353",2024,"Uitsluitend materiele schade",2,"Snorfiets","Fiets","Frontaal","Rechte weg",30,"Brandend","Duisternis","Regen",\N,"600757804","Henk Sneevlietweg","Amsterdam","Amsterdam","Noord-Holland",false,52.345637,4.832389,"material damage only","4","rain",false,1,"GM0363"
"20240016709",2024,"Letsel",2,"Fiets","Fiets","Onbekend",\N,30,\N,"Daglicht",\N,\N,"505352005","Adama van Scheltemastr","Hengelo","Hengelo (O)","Overijssel",false,52.265524,6.823335,"injury","2","unknown",false,1,\N
"20240016715",2024,"Uitsluitend materiele schade",2,"Bestelauto","Fiets","Flank","Kruispunt, 3 takken",30,"Niet brandend","Daglicht","Droog",\N,\N,"Drienerstraat","Hengelo","Hengelo (O)","Overijssel",false,52.264522,6.795428,"material damage only","4","clear",false,1,\N
"20240021302",2024,"Uitsluitend materiele schade",2,"Personenauto","Fiets","Los voorwerp","Rechte weg",30,"Niet brandend","Daglicht","Droog",\N,"239373064","Kinkerstraat","Amsterdam","Amsterdam","Noord-Holland",false,52.366192,4.86853,"material damage only","4","clear",false,1,"GM0363"
"20240022704",2024,"Letsel",2,"Snorfiets","Fiets","Flank","Kruispunt, 4 takken",50,"Niet brandend","Daglicht","Droog",\N,\N,"Oudedijk","Rotterdam","Rotterdam","Zuid-Holland",false,51.926246,4.512151,"injury","2","clear",false,1,"GM0599"
"20230108090",2023,"Letsel",2,"Bromfiets","Fiets","Onbekend","Bocht",50,"Brandend","Duisternis","Droog",\N,"207377107","Kenaupark","Haarlem","Haarlem","Noord-Holland",false,52.385988,4.631944,"injury","2","clear",false,1,"GM0392"
"20230110447",2023,"Uitsluitend materiele schade",2,"Personenauto","Fiets","Frontaal","Kruispunt, 3 takken",50,"Niet brandend","Daglicht","Droog",\N,\N,"Ekkersrijt","Son en Breugel","Son en Breugel","Noord-Brabant",false,51.502965,5.470187,"material damage only","4","clear",false,1,"GM0848"
"20230112217",2023,"Uitsluitend materiele schade",2,"Personenauto","Fiets","Onbekend","Bocht",50,"Niet brandend","Daglicht","Regen",\N,\N,"Händellaan","'s-Gravenhage","'s-Gravenhage","Zuid-Holland",false,52.065444,4.240561,"material damage only","4","rain",false,1,"GM0518"
"20230023681",2023,"Letsel",1,"Fiets",\N,"Eenzijdig","Rechte weg",30,"Brandend","Duisternis","Droog","Brug/viaduct",\N,"Turfmarkt","Leiden","Leiden","Zuid-Holland",false,52.162496,4.485918,"injury","2","clear",false,1,"GM0546"
"20230025975",2023,"Uitsluitend materiele schade",2,"Personenauto","Fiets","Flank","Kruispunt, 4 takken",30,"Niet brandend","Daglicht","Droog",\N,\N,"Lepelaarsingel","Rotterdam","Rotterdam","Zuid-Holland",false,51.885724,4.475354,"material damage only","4","clear",false,1,"GM0599"
"20230027129",2023,"Uitsluitend materiele schade",2,"Personenauto","Fiets","Flank","Rotonde",50,"Niet brandend","Daglicht","Droog",\N,\N,"De Tol","Goes","Goes","Zeeland",false,51.494687,3.905579,"material damage only","4","clear",false,1,"GM0664"
"20240029096",2024,"Letsel",4,"Bestelauto","Fiets","Flank","Kruispunt, 4 takken",50,"Niet brandend","Daglicht","Droog",\N,\N,"Oudenoord","Utrecht","Utrecht","Utrecht",false,52.101735,5.108121,"injury","2","clear",false,1,"GM0344"
"20230033931",2023,"Uitsluitend materiele schade",2,"Personenauto","Fiets","Flank","Rechte weg",50,"Brandend","Duisternis","Droog",\N,"600917517","Prins Willem-Alexanderln","Apeldoorn","Apeldoorn","Gelderland",false,52.209797,5.958212,"material damage only","4","clear",false,1,"GM0200"
"20230035587",2023,"Uitsluitend materiele schade",2,"e-bike","Personenauto","Frontaal","Kruispunt, 3 takken",50,"Niet brandend","Daglicht","Droog",\N,\N,"Kloosterstraat","Groesbeek","Berg en Dal","Gelderland",false,51.775709,5.936998,"material damage only","4","clear",false,1,"GM1945"
"20230067792",2023,"Letsel",2,"Personenauto","Fiets","Flank","Kruispunt, 4 takken",30,"Niet brandend","Daglicht","Droog",\N,\N,"Ekris","Woudenberg","Woudenberg","Utrecht",false,52.084056,5.42255,"injury","2","clear",false,1,"GM0351"
"20230069176",2023,"Uitsluitend materiele schade",2,"Personenauto","Fiets","Flank","Rechte weg",30,"Niet brandend","Daglicht","Droog",\N,"182272083","Nieuwe Binnenweg","Rotterdam","Rotterdam","Zuid-Holland",false,51.913473,4.461821,"material damage only","4","clear",false,1,"GM0599"
"20230024900",2023,"Uitsluitend materiele schade",2,"Bestelauto","Fiets","Flank","Kruispunt, 4 takken",50,"Niet brandend","Daglicht","Regen",\N,\N,"Kroevenlaan","Roosendaal","Roosendaal","Noord-Brabant",false,51.521776,4.456988,"material damage only","4","rain",false,1,"GM1674"
"20230028313",2023,"Uitsluitend materiele schade",3,"Personenauto","Fiets","Flank","Kruispunt, 4 takken",50,"Brandend","Duisternis","Droog",\N,\N,"Schouwburgplein","Rotterdam","Rotterdam","Zuid-Holland",true,51.92037,4.474796,"material damage only","4","clear",false,1,"GM0599"
"20240030098",2024,"Letsel",2,"Personenauto","Fiets","Flank","Rotonde",50,"Niet brandend","Daglicht","Droog",\N,\N,"Zand- en Waterweg","Naaldwijk","Westland","Zuid-Holland",false,51.999935,4.200286,"injury","2","clear",false,1,"GM1783"
"20230067826",2023,"Uitsluitend materiele schade",2,"Personenauto","Fiets","Flank","Rechte weg",50,"Niet aanwezig","Daglicht","Droog","Brug/viaduct","240376052","Eerste Kostverlorenkade","Amsterdam","Amsterdam","Noord-Holland",false,52.379265,4.873529,"material damage only","4","clear",false,1,"GM0363"
"20240031113",2024,"Letsel",2,"Personenauto","Fiets","Flank","Kruispunt, 4 takken",50,"Niet brandend","Daglicht","Regen",\N,\N,"Keern","Hoorn","Hoorn","Noord-Holland",false,52.647651,5.047161,"injury","2","rain",false,1,"GM0405"
"20230023758",2023,"Letsel",1,"Fiets",\N,"Eenzijdig","Rechte weg",50,"Niet aanwezig","Daglicht","Droog",\N,"600732186","Wasbeeklaan","Warmond","Teylingen","Zuid-Holland",false,52.214758,4.515679,"injury","2","clear",false,1,"GM1525"
"20240029514",2024,"Letsel",1,"Fiets",\N,"Flank","Rechte weg",30,"Niet brandend","Daglicht","Regen",\N,"167293126","Krakeelpolderweg","Delft","Delft","Zuid-Holland",false,52.003353,4.35183,"injury","2","rain",false,1,"GM0503"
"20230033685",2023,"Letsel",2,"Fiets","Los voorwerp","Los voorwerp","Rechte weg",15,"Brandend","Duisternis","Droog",\N,"310182061","Hoofdstraat","Best","Best","Noord-Brabant",false,51.512336,5.395068,"injury","2","clear",false,1,"GM0753"
"20230067043",2023,"Letsel",2,"Personenauto","Fiets","Flank","Kruispunt, 4 takken",30,"Niet brandend","Daglicht","Droog",\N,\N,"Dorpsstraat","Schoonrewoerd","Vijfheerenlanden","Utrecht",false,51.919238,5.115874,"injury","2","clear",false,1,"GM1961"
"20230068833",2023,"Uitsluitend materiele schade",2,"Personenauto","Fiets","Geparkeerd voertuig","Rechte weg",30,"Brandend","Duisternis","Droog",\N,"161307104","Van Dijckstraat","'s-Gravenhage","'s-Gravenhage","Zuid-Holland",false,52.067995,4.307964,"material damage only","4","clear",false,1,"GM0518"
"20230069221",2023,"Uitsluitend materiele schade",2,"Personenauto","Fiets","Onbekend","Rechte weg",30,"Niet brandend","Daglicht","Droog",\N,"600604624","Vierhavensstraat","Rotterdam","Rotterdam","Zuid-Holland",false,51.907409,4.438539,"material damage only","4","clear",false,1,"GM0599"
"20230074387",2023,"Uitsluitend materiele schade",2,"Bromfiets","Fiets","Flank","Kruispunt, 3 takken",30,"Brandend","Duisternis","Droog",\N,\N,"Plataanpad","Groningen","Groningen","Groningen",false,53.23691,6.565939,"material damage only","4","clear",false,1,"GM0014"
"20230023785",2023,"Uitsluitend materiele schade",2,"Bestelauto","Fiets","Flank","Kruispunt, 3 takken",50,"Niet brandend","Daglicht","Regen",\N,\N,"Stadhouderskade","Amsterdam","Amsterdam","Noord-Holland",false,52.363774,4.878745,"material damage only","4","rain",false,1,"GM0363"
"20230028395",2023,"Uitsluitend materiele schade",2,"Personenauto","Fiets","Flank","Kruispunt, 4 takken",50,"Niet brandend","Daglicht","Droog",\N,\N,"Laurensvliet","Zwijndrecht","Zwijndrecht","Zuid-Holland",false,51.821237,4.639875,"material damage only","4","clear",false,1,"GM0642"
"20230028956",2023,"Uitsluitend materiele schade",2,"Personenauto","Fiets","Flank","Kruispunt, 3 takken",30,"Niet brandend","Daglicht","Regen",\N,\N,"Trompetlaan","Etten-Leur","Etten-Leur","Noord-Brabant",false,51.56205,4.633666,"material damage only","4","rain",false,1,"GM0777"
"20230067392",2023,"Uitsluitend materiele schade",2,"Fiets","Personenauto","Flank","Rechte weg",30,"Niet brandend","Daglicht","Droog",\N,"296339001","Zandvoortweg","Baarn","Baarn","Utrecht",false,52.214147,5.291688,"material damage only","4","clear",false,1,"GM0308"
"20230068528",2023,"Letsel",2,"Bromfiets","Fiets","Frontaal","Bocht",30,"Niet brandend","Daglicht","Droog",\N,"190267014","West-Varkenoordseweg","Rotterdam","Rotterdam","Zuid-Holland",false,51.887902,4.52174,"injury","2","clear",false,1,"GM0599"
"20230023818",2023,"Letsel",1,"Fiets",\N,"Eenzijdig","Rechte weg",15,"Brandend","Duisternis","Droog",\N,"207376080","Grote Houtstraat","Haarlem","Haarlem","Noord-Holland",false,52.380093,4.634716,"injury","2","clear",false,1,"GM0392"
"20230027854",2023,"Uitsluitend materiele schade",2,"Personenauto","Fiets","Flank","Kruispunt, 4 takken",60,"Niet brandend","Daglicht","Regen",\N,\N,"Nieuwe Doorn","Almkerk","Altena","Noord-Brabant",false,51.77237,4.931824,"material damage only","4","rain",false,1,"GM1959"
"20240029814",2024,"Uitsluitend materiele schade",2,"Personenauto","Fiets","Kop/staart","Rechte weg",30,"Niet brandend","Daglicht","Droog","Brug/viaduct","600763086","Amstel","Amsterdam","Amsterdam","Noord-Holland",false,52.367283,4.899933,"material damage only","4","clear",false,1,"GM0363"
"20230069737",2023,"Letsel",1,"Fiets",\N,"Eenzijdig","Rechte weg",50,"Niet aanwezig","Daglicht","Droog",\N,\N,"Prins Alexanderlaan","Capelle aan den IJssel","Capelle aan den IJssel","Zuid-Holland",false,51.92646,4.567232,"injury","2","clear",false,1,"GM0502"
"20230076603",2023,"Uitsluitend materiele schade",2,"e-bike","Fiets","Frontaal","Kruispunt, 3 takken",50,"Niet brandend","Daglicht","Droog",\N,\N,"Doesburgkade","Almere","Almere","Flevoland",false,52.366739,5.214223,"material damage only","4","clear",false,1,"GM0034"
"20230077126",2023,"Letsel",1,"Fiets",\N,"Eenzijdig","Rechte weg",30,"Niet brandend","Daglicht","Droog",\N,\N,"Indigoblauw","Zoetermeer","Zoetermeer","Zuid-Holland",false,52.038391,4.494568,"injury","2","clear",false,1,"GM0637"
"20230020996",2023,"Uitsluitend materiele schade",2,"Personenauto","Fiets","Flank","Kruispunt, 3 takken",50,"Niet brandend","Daglicht","Harde windstoten/Regen",\N,\N,"Dr. H. Colijnstraat","Amsterdam","Amsterdam","Noord-Holland",false,52.382385,4.806462,"material damage only","4","unknown",false,1,"GM0363"
"20230021561",2023,"Uitsluitend materiele schade",2,"Personenauto","Fiets","Flank","Kruispunt, 4 takken",50,"Niet brandend","Daglicht","Droog",\N,\N,"Lammenschansweg","Leiden","Leiden","Zuid-Holland",false,52.149498,4.493461,"material damage only","4","clear",false,1,"GM0546"
"20230035784",2023,"Uitsluitend materiele schade",2,"Bromfiets","Fiets","Kop/staart","Rechte weg",30,"Niet brandend","Daglicht","Droog",\N,"390337056","2e Wormenseweg","Apeldoorn","Apeldoorn","Gelderland",false,52.205635,5.973693,"material damage only","4","clear",false,1,"GM0200"
"20230079115",2023,"Letsel",2,"Fiets","Scootmobiel","Flank","Kruispunt, 4 takken",50,"Niet aanwezig","Daglicht","Droog",\N,\N,"C. van Eesterenlaan","Amsterdam","Amsterdam","Noord-Holland",false,52.373425,4.938242,"injury","2","clear",false,1,"GM0363"
"20230079265",2023,"Letsel",2,"Fiets","Fiets","Kop/staart","Kruispunt, 4 takken",50,"Niet brandend","Daglicht","Droog",\N,\N,"Rooijseweg","Son en Breugel","Son en Breugel","Noord-Brabant",false,51.530592,5.489789,"injury","2","clear",false,1,"GM0848"
"20240031997",2024,"Uitsluitend materiele schade",2,"Bestelauto","Fiets","Flank","Bocht",50,"Niet brandend","Daglicht","Droog",\N,"600909772","Heemraadssingel","Rotterdam","Rotterdam","Zuid-Holland",false,51.909847,4.457609,"material damage only","4","clear",false,1,"GM0599"
"20230079357",2023,"Letsel",2,"Bromfiets","Fiets","Flank","Kruispunt, 3 takken",100,"Niet brandend","Daglicht","Droog",\N,\N,"Lange Blokweg","Zierikzee","Schouwen-Duiveland","Zeeland",false,51.654915,3.920668,"injury","2","clear",false,1,"GM1676"
"20230077261",2023,"Uitsluitend materiele schade",2,"Bestelauto","Fiets","Kop/staart","Kruispunt, 3 takken",50,"Niet brandend","Daglicht","Droog",\N,\N,"Reyerdijk","Rotterdam","Rotterdam","Zuid-Holland",false,51.881651,4.541918,"material damage only","4","clear",false,1,"GM0599"
"20230014720",2023,"Letsel",2,"Personenauto","Fiets","Flank","Rechte weg",50,"Niet brandend","Daglicht","Droog",\N,"348298048","Prins Bernhardlaan","Ede","Ede","Gelderland",false,52.030603,5.666322,"injury","2","clear",false,1,"GM0228"
"20230018722",2023,"Letsel",2,"Fiets","Fiets","Flank","Kruispunt, 3 takken",50,"Niet brandend","Daglicht","Droog",\N,\N,"RUDOLF DE BOS KUILPAD","Utrecht","Utrecht","Utrecht",false,52.09936,5.124676,"injury","2","clear",false,1,"GM0344"
"20230025645",2023,"Uitsluitend materiele schade",2,"Fiets","Personenauto","Flank","Kruispunt, 4 takken",30,"Niet brandend","Daglicht","Droog",\N,\N,"Akkerdonk","Spijkenisse","Nissewaard","Zuid-Holland",false,51.833106,4.322061,"material damage only","4","clear",false,1,"GM1930"
"20240028469",2024,"Letsel",2,"Bestelauto","Fiets","Onbekend","Kruispunt, 3 takken",50,"Niet brandend","Daglicht","Droog",\N,\N,"Conradstraat","Hilversum","Hilversum","Noord-Holland",false,52.234509,5.192352,"injury","2","clear",false,1,"GM0402"
"20240028609",2024,"Uitsluitend materiele schade",2,"Personenauto","Fiets","Flank","Bocht",30,"Niet brandend","Daglicht","Droog",\N,"600859789","De Lange Garde","Warnsveld","Zutphen","Gelderland",false,52.128597,6.237785,"material damage only","4","clear",false,1,"GM0301"
"20230029065",2023,"Letsel",1,"Fiets",\N,"Eenzijdig","Rechte weg",50,"Niet brandend","Daglicht","Droog",\N,"211251148","Noorderhoofd","Dordrecht","Dordrecht","Zuid-Holland",false,51.818335,4.675955,"injury","2","clear",false,1,"GM0505"
"20230067994",2023,"Letsel",2,"Personenauto","Fiets","Flank","Kruispunt, 3 takken",50,"Niet brandend","Daglicht","Droog","Brug/viaduct",\N,"Leidsevaartweg","Heemstede","Heemstede","Noord-Holland",true,52.3448,4.59979,"injury","2","clear",false,1,"GM0397"
"20230078247",2023,"Letsel",2,"Fiets","Overig vast object","Vast voorwerp","Rotonde",50,"Niet brandend","Daglicht","Droog",\N,\N,"Prins Bernhardlaan","Voorschoten","Voorschoten","Zuid-Holland",false,52.130654,4.44909,"injury","2","clear",false,1,"GM0626"
"20230078345",2023,"Uitsluitend materiele schade",1,"Fiets",\N,"Onbekend","Rechte weg",50,"Brandend","Schemer","Regen",\N,"600544192","Ruishornlaan","Lisse","Lisse","Zuid-Holland",false,52.25323,4.560229,"material damage only","4","rain",false,1,"GM0553"
"20240026407",2024,"Letsel",2,"Personenauto","Fiets","Flank","Kruispunt, 3 takken",60,"Niet brandend","Daglicht","Droog",\N,\N,"Wyldpaed (Oast)","Twijzelerheide","Achtkarspelen","Friesland",false,53.238284,6.062924,"injury","2","clear",false,1,"GM0059"
"20240026613",2024,"Uitsluitend materiele schade",2,"Fiets","Personenauto","Onbekend","Kruispunt, 4 takken",50,"Niet brandend","Daglicht","Droog",\N,\N,"Klarendalseweg","Arnhem","Arnhem","Gelderland",false,51.987354,5.918353,"material damage only","4","clear",false,1,"GM0202"
"20230019952",2023,"Uitsluitend materiele schade",2,"Bromfiets","e-bike","Flank","Kruispunt, 3 takken",30,"Brandend","Duisternis","Droog","Tunnel",\N,"FIETSPAD","Arnhem","Arnhem","Gelderland",false,51.962279,5.897086,"material damage only","4","clear",false,1,"GM0202"
"20230021079",2023,"Letsel",2,"Fiets","Overig vast object","Vast voorwerp","Rechte weg",50,"Brandend","Duisternis","Droog",\N,\N,"Wollebrandlaan","Honselersdijk","Westland","Zuid-Holland",false,52.005151,4.240179,"injury","2","clear",false,1,"GM1783"
"20230023932",2023,"Letsel",2,"Fiets","Los voorwerp","Los voorwerp","Rechte weg",50,"Niet brandend","Daglicht","Droog","Brug/viaduct","601045880","Weidepad","Delft","Delft","Zuid-Holland",false,52.011223,4.371734,"injury","2","clear",false,1,"GM0503"
"20230035835",2023,"Letsel",1,"Fiets",\N,"Eenzijdig","Rechte weg",50,"Niet brandend","Daglicht",\N,\N,"600500831","Zuiderzeepad","Harderwijk","Harderwijk","Gelderland",false,52.33615,5.611851,"injury","2","unknown",false,1,"GM0243"
"20230075591",2023,"Uitsluitend materiele schade",2,"Scootmobiel","Fiets","Flank","Kruispunt, 3 takken",50,"Niet brandend","Daglicht","Droog",\N,\N,"Tsjaikowskypad","Almere","Almere","Flevoland",false,52.369321,5.201753,"material damage only","4","clear",false,1,"GM0034"
"20230073377",2023,"Letsel",3,"Fiets","Fiets","Kop/staart","Rechte weg",50,"Niet brandend","Daglicht","Droog",\N,\N,"Velperbinnensingel","Arnhem","Arnhem","Gelderland",false,51.980747,5.91405,"injury","2","clear",false,1,"GM0202"
"20240031384",2024,"Uitsluitend materiele schade",2,"Trekker","Fiets","Flank","Rechte weg",50,"Niet brandend","Daglicht","Droog",\N,"600587473","Rucphensebaan","Sprundel","Rucphen","Noord-Brabant",false,51.533295,4.585804,"material damage only","4","clear",false,1,"GM0840"
"20230069069",2023,"Letsel",2,"Motor","Fiets","Flank","Kruispunt, 4 takken",50,"Niet brandend","Daglicht","Droog",\N,\N,"Breekade","Krimpen aan de Lek","Krimpenerwaard","Zuid-Holland",false,51.895431,4.637576,"injury","2","clear",false,1,"GM1931"
"20230074065",2023,"Uitsluitend materiele schade",2,"Bromfiets","Fiets","Onbekend","Kruispunt, 3 takken",50,"Niet brandend","Daglicht","Regen",\N,\N,"FIETSPAD","Nijmegen","Nijmegen","Gelderland",false,51.824154,5.783514,"material damage only","4","rain",false,1,"GM0268"
"20230074244",2023,"Letsel",2,"Personenauto","Fiets","Geparkeerd voertuig","Rechte weg",30,"Niet brandend","Daglicht","Droog","Bus-/Tramhalte","314264008","Wadenoijenlaan","Tiel","Tiel","Gelderland",false,51.878327,5.417399,"injury","2","clear",false,1,"GM0281"
"20240026315",2024,"Uitsluitend materiele schade",2,"Fiets","Fiets","Flank","Kruispunt, 4 takken",60,"Niet brandend","Daglicht","Droog",\N,\N,"Slijkwellsedijk","Well","Maasdriel","Gelderland",false,51.748838,5.191925,"material damage only","4","clear",false,1,"GM0263"
"20230022795",2023,"Letsel",2,"Bestelauto","Fiets","Eenzijdig","Rotonde",50,"Brandend","Duisternis","Regen",\N,"237363038","Plantsoen Laanhorn","Amstelveen","Amstelveen","Noord-Holland",false,52.320736,4.858857,"injury","2","rain",false,1,"GM0362"
"20230029179",2023,"Letsel",2,"Personenauto","Fiets","Onbekend","Kruispunt, 4 takken",50,"Brandend","Schemer","Regen",\N,\N,"Banneweg","Gorinchem","Gorinchem","Zuid-Holland",false,51.84163,4.953876,"injury","2","rain",false,1,"GM0512"
"20230035448",2023,"Letsel",2,"Fiets","Bromfiets","Kop/staart","Rechte weg",30,"Niet brandend","Daglicht","Droog",\N,\N,"W.A. Scholtenstraat","Groningen","Groningen","Groningen",false,53.223483,6.570059,"injury","2","clear",false,1,"GM0014"
"20240030068",2024,"Letsel",2,"Personenauto","Fiets","Flank","Kruispunt, 4 takken",50,"Niet brandend","Daglicht","Droog","Brug/viaduct",\N,"Ophelialaan","Aalsmeer","Aalsmeer","Noord-Holland",false,52.270195,4.767912,"injury","2","clear",false,1,"GM0358"
"20230035908",2023,"Uitsluitend materiele schade",2,"Personenauto","Fiets","Flank","Kruispunt, 4 takken",30,"Niet brandend","Daglicht","Droog",\N,\N,"Venne","Winschoten","Oldambt","Groningen",false,53.140806,7.037717,"material damage only","4","clear",false,1,"GM1895"
"20230069083",2023,"Letsel",1,"Fiets",\N,"Eenzijdig","Rechte weg",50,"Niet brandend","Daglicht","Droog",\N,"223299004","Nieuwenbroeksedijk","Reeuwijk","Bodegraven-Reeuwijk","Zuid-Holland",false,52.034773,4.763651,"injury","2","clear",false,1,"GM1901"