"accident_id","year","severity_raw","party_count","party1_type","party2_type","accident_type","road_situation","speed_limit_kmh","road_lighting","light_condition_label","weather_raw","infra_type","road_segment_id","street_name","place_name","gemeente_name_raw","province","alcohol_indicated","latitude","longitude","severity_label","severity_code","weather_label","built_up_area","cyclists_involved","gemeente_code"
"20230079153",2023,"Letsel",3,"Personenauto","Fiets","Onbekend","Kruispunt, 3 takken",60,"Niet aanwezig","Daglicht","Droog",\N,\N,"Rijksstraatweg","Delfgauw","Pijnacker-Nootdorp","Zuid-Holland",false,51.991481,4.392363,"injury","2","clear",false,1,"GM1926"
"20240030744",2024,"Letsel",2,"Personenauto","Fiets","Flank","Rechte weg",50,"Niet brandend","Daglicht","Droog",\N,\N,"Kanaalkade","Alkmaar","Alkmaar","Noord-Holland",false,52.632354,4.753149,"injury","2","clear",false,1,"GM0361"
"20230014855",2023,"Letsel",3,"Bestelauto","Fiets","Onbekend","Kruispunt, 3 takken",30,"Niet brandend","Daglicht","Droog","Bus-/Tramhalte",\N,"Oostersingel","Assen","Assen","Drenthe",false,52.993046,6.565549,"injury","2","clear",false,1,"GM0106"
"20230022306",2023,"Letsel",2,"Brommobiel","Fiets","Flank","Kruispunt, 3 takken",50,"Niet brandend","Daglicht","Droog",\N,\N,"Het Tolland","Wateringen","Westland","Zuid-Holland",false,52.021538,4.276374,"injury","2","clear",false,1,"GM1783"
"20230022308",2023,"Letsel",2,"Bestelauto","e-bike","Flank","Kruispunt, 3 takken",30,"Niet brandend","Daglicht","Droog",\N,\N,"van den Woudestraat","Warmond","Teylingen","Zuid-Holland",false,52.194749,4.495254,"injury","2","clear",false,1,"GM1525"
"20230076615",2023,"Uitsluitend materiele schade",2,"Personenauto","Fiets","Flank","Kruispunt, 3 takken",30,"Niet brandend","Daglicht","Droog",\N,\N,"Wittezeestraat","Lelystad","Lelystad","Flevoland",false,52.494029,5.494294,"material damage only","4","clear",false,1,"GM0995"
"20230070443",2023,"Uitsluitend materiele schade",1,"Fiets",\N,"Onbekend","Rechte weg",15,"Niet brandend","Daglicht","Droog",\N,"286167001","Broekeindsedijk","Oost West en Middelbeers","Oirschot","Noord-Brabant",false,51.440633,5.216321,"material damage only","4","clear",false,1,"GM0823"
"20230019503",2023,"Letsel",2,"Personenauto","Fiets","Frontaal","Kruispunt, 3 takken",50,"Niet brandend","Daglicht","Droog",\N,\N,"Karl Marxdreef","Utrecht","Utrecht","Utrecht",false,52.128357,5.101459,"injury","2","clear",false,1,"GM0344"
"20230021226",2023,"Uitsluitend materiele schade",2,"Personenauto","Fiets","Flank","Kruispunt, 4 takken",30,"Brandend","Duisternis","Regen",\N,\N,"Lichtenbergweg","'s-Gravenhage","'s-Gravenhage","Zuid-Holland",false,52.043192,4.293353,"material damage only","4","rain",false,1,"GM0518"
"20230022894",2023,"Letsel",2,"Personenauto","Fiets","Flank","Kruispunt, 4 takken",50,"Niet brandend","Daglicht","Regen",\N,\N,"Sandtlaan","Rijnsburg","Katwijk","Zuid-Holland",false,52.189268,4.439073,"injury","2","rain",false,1,"GM0537"
"20230032109",2023,"Uitsluitend materiele schade",2,"Personenauto","Fiets","Flank","Kruispunt, 4 takken",30,"Niet brandend","Daglicht","Droog",\N,\N,"Dautzenbergstraat","Venlo","Venlo","Limburg",false,51.367295,6.141858,"material damage only","4","clear",false,1,"GM0983"
"20230036499",2023,"Letsel",3,"Fiets","Fiets","Onbekend","Rechte weg",30,"Niet brandend","Daglicht","Droog",\N,"600388020","Van Eeghenlaan","Amsterdam","Amsterdam","Noord-Holland",false,52.358268,4.874578,"injury","2","clear",false,1,"GM0363"
"20230037066",2023,"Uitsluitend materiele schade",2,"Bromfiets","Fiets","Frontaal","Bocht",\N,"Niet brandend","Daglicht","Droog",\N,"295318011","Amersfoortsestraat","Soesterberg","Soest","Utrecht",false,52.121841,5.280258,"material damage only","4","clear",false,1,"GM0342"
"20230070809",2023,"Letsel",2,"Personenauto","Fiets","Flank","Rechte weg",50,"Niet brandend","Daglicht","Droog",\N,"396043051","Kerkraderweg","Heerlen","Heerlen","Limburg",false,50.881526,6.002559,"injury","2","clear",false,1,"GM0917"
"20240028677",2024,"Uitsluitend materiele schade",2,"Bus","Fiets","Onbekend","Kruispunt, 4 takken",30,"Niet brandend","Daglicht","Droog",\N,\N,"Korenstraat","Apeldoorn","Apeldoorn","Gelderland",false,52.21439,5.959946,"material damage only","4","clear",false,1,"GM0200"
"20230014979",2023,"Uitsluitend materiele schade",2,"Personenauto","Fiets","Flank","Kruispunt, 4 takken",30,"Niet brandend","Daglicht","Regen",\N,\N,"Flevostraat","Lemmer","De Fryske Marren","Friesland",false,52.847036,5.708012,"material damage only","4","rain",false,1,"GM1940"
"20230022386",2023,"Uitsluitend materiele schade",2,"Bestelauto","Fiets","Flank","Kruispunt, 4 takken",50,"Brandend","Duisternis","Regen",\N,\N,"Hobbemaplein","'s-Gravenhage","'s-Gravenhage","Zuid-Holland",false,52.067094,4.297394,"material damage only","4","rain",false,1,"GM0518"
"20230023525",2023,"Letsel",2,"Fiets","Overig vast object","Vast voorwerp","Rechte weg",30,"Brandend","Duisternis","Droog",\N,\N,"Prinsessekade","Leiden","Leiden","Zuid-Holland",false,52.160966,4.485328,"injury","2","clear",false,1,"GM0546"
"20230030479",2023,"Uitsluitend materiele schade",2,"Fiets","Personenauto","Flank","Rechte weg",50,"Brandend","Daglicht","Droog","Tunnel","600603305","Orpheuslaan","Eindhoven","Eindhoven","Noord-Brabant",false,51.457362,5.491924,"material damage only","4","clear",false,1,"GM0772"
"20230031060",2023,"Uitsluitend materiele schade",2,"Personenauto","Fiets","Flank","Kruispunt, 4 takken",70,"Brandend","Duisternis","Regen",\N,\N,"Piuslaan","Eindhoven","Eindhoven","Noord-Brabant",false,51.424244,5.49299,"material damage only","4","rain",false,1,"GM0772"
"20230073920",2023,"Letsel",2,"Personenauto","Fiets","Flank","Kruispunt, 4 takken",80,"Niet brandend","Daglicht","Droog",\N,\N,"Van Heemstraweg","Rossum","Maasdriel","Gelderland",false,51.798323,5.306876,"injury","2","clear",false,1,"GM0263"
"20230078041",2023,"Uitsluitend materiele schade",1,"Fiets",\N,"Eenzijdig","Rechte weg",50,"Brandend","Duisternis","Regen",\N,"236374062","Jan van Galenstraat","Amsterdam","Amsterdam","Noord-Holland",false,52.372849,4.849478,"material damage only","4","rain",false,1,"GM0363"
"20230074914",2023,"Letsel",2,"Fiets","Fiets","Onbekend","Rechte weg",50,"Niet brandend","Daglicht","Droog",\N,"273305062","Hooft Graaflandstraat","Utrecht","Utrecht","Utrecht",false,52.064745,5.119068,"injury","2","clear",false,1,"GM0344"
"20230017297",2023,"Letsel",1,"Fiets",\N,"Eenzijdig","Rechte weg",30,"Brandend","Duisternis","Droog",\N,"600759761","Meerdijk","Grootschermer","Alkmaar","Noord-Holland",false,52.579065,4.847968,"injury","2","clear",false,1,"GM0361"
"20240026440",2024,"Uitsluitend materiele schade",2,"Personenauto","Fiets","Flank","Kruispunt, 3 takken",30,"Niet brandend","Daglicht","Droog",\N,\N,"Brandewyk","Boelenslaan","Achtkarspelen","Friesland",false,53.163637,6.14502,"material damage only","4","clear",false,1,"GM0059"
"20240028910",2024,"Letsel",2,"Personenauto","Fiets","Flank","Rotonde",50,"Niet brandend","Daglicht","Regen",\N,\N,"Baronieweg","IJsselstein","IJsselstein","Utrecht",false,52.015094,5.062092,"injury","2","rain",false,1,"GM0353"
"20230031081",2023,"Uitsluitend materiele schade",2,"Personenauto","e-bike","Flank","Kruispunt, 4 takken",30,"Niet brandend","Schemer","Droog",\N,\N,"Kerkstraat","Gemert","Gemert-Bakel","Noord-Brabant",false,51.556312,5.681737,"material damage only","4","clear",false,1,"GM1652"
"20240030331",2024,"Letsel",2,"Bromfiets","Fiets","Flank","Kruispunt, 4 takken",50,"Niet brandend","Daglicht","Droog",\N,\N,"Paletsingel","Zoetermeer","Zoetermeer","Zuid-Holland",false,52.044233,4.493466,"injury","2","clear",false,1,"GM0637"
"20230075351",2023,"Uitsluitend materiele schade",2,"Personenauto","Fiets","Flank","Kruispunt, 4 takken",50,"Niet brandend","Daglicht","Droog",\N,\N,"Waterhoenlaan","Vinkeveen","De Ronde Venen","Utrecht",false,52.211779,4.921525,"material damage only","4","clear",false,1,"GM0736"
"20230075630",2023,"Uitsluitend materiele schade",2,"Bus","Fiets","Flank","Kruispunt, 4 takken",50,"Niet brandend","Daglicht","Droog",\N,\N,"P.J. Oudstraat","Almere","Almere","Flevoland",false,52.376028,5.217775,"material damage only","4","clear",false,1,"GM0034"
"20230013302",2023,"Uitsluitend materiele schade",2,"Bestelauto","Fiets","Flank","Kruispunt, 3 takken",30,"Niet brandend","Daglicht","Droog",\N,\N,"Schotweg","Apeldoorn","Apeldoorn","Gelderland",false,52.212249,5.946263,"material damage only","4","clear",false,1,"GM0200"
"20230023603",2023,"Letsel",2,"Personenauto","Fiets","Flank","Rotonde",50,"Niet brandend","Daglicht","Droog",\N,\N,"Spoorsingel","Beverwijk","Beverwijk","Noord-Holland",false,52.483251,4.667943,"injury","2","clear",false,1,"GM0375"
"20230072735",2023,"Letsel",2,"Personenauto","Fiets","Flank","Kruispunt, 4 takken",50,"Niet brandend","Daglicht","Droog",\N,\N,"Schievestraat","Zevenaar","Zevenaar","Gelderland",false,51.931084,6.075437,"injury","2","clear",false,1,"GM0299"
"20240031686",2024,"Uitsluitend materiele schade",2,"Personenauto","Fiets","Flank","Rechte weg",30,"Niet brandend","Daglicht","Droog",\N,"202265002","Willemstraat","Ridderkerk","Ridderkerk","Zuid-Holland",false,51.882737,4.605674,"material damage only","4","clear",false,1,"GM0597"
"20230075995",2023,"Uitsluitend materiele schade",3,"Fiets","Fiets","Onbekend","Rechte weg",60,"Brandend","Duisternis","Droog",\N,"600777519","Heemsteedseweg","Houten","Houten","Utrecht",false,52.029053,5.125189,"material damage only","4","clear",false,1,"GM0321"
"20230077507",2023,"Letsel",1,"Fiets",\N,"Eenzijdig","Rechte weg",30,"Niet brandend","Daglicht","Droog",\N,"159317110","Zwolsestraat","'s-Gravenhage","'s-Gravenhage","Zuid-Holland",false,52.11393,4.286991,"injury","2","clear",false,1,"GM0518"
"20230077722",2023,"Uitsluitend materiele schade",2,"Personenauto","Fiets","Flank","Rechte weg",50,"Niet brandend","Schemer","Droog",\N,"600362504","Admiraal De Ruijterweg","Amsterdam","Amsterdam","Noord-Holland",false,52.382734,4.851118,"material damage only","4","clear",false,1,"GM0363"
"20230077790",2023,"Letsel",1,"Fiets",\N,"Eenzijdig","Rechte weg",30,"Niet brandend","Daglicht","Droog",\N,"193327045","Tijmtuin","Leiderdorp","Leiderdorp","Zuid-Holland",false,52.160837,4.537374,"injury","2","clear",false,1,"GM0547"
"20230015662",2023,"Uitsluitend materiele schade",2,"Personenauto","Fiets","Flank","Kruispunt, 3 takken",50,"Niet brandend","Daglicht","Regen",\N,\N,"Ziekenhuisweg","Lelystad","Lelystad","Flevoland",false,52.505065,5.474933,"material damage only","4","rain",false,1,"GM0995"
"20230005251",2023,"Letsel",2,"Fiets","Fiets","Onbekend","Rechte weg",50,"Brandend","Duisternis","Droog",\N,"157309126","Edisonstraat","'s-Gravenhage","'s-Gravenhage","Zuid-Holland",false,52.076058,4.27469,"injury","2","clear",false,1,"GM0518"
"20230063844",2023,"Uitsluitend materiele schade",2,"Fiets","Personenauto","Flank","Kruispunt, 4 takken",50,"Niet brandend","Daglicht","Droog",\N,\N,"Blokhuisplein","Leeuwarden","Leeuwarden","Friesland",false,53.200266,5.799715,"material damage only","4","clear",false,1,"GM0080"
"20240032112",2024,"Uitsluitend materiele schade",2,"Motor","Fiets","Frontaal","Kruispunt, 3 takken",60,"Niet aanwezig","Daglicht","Droog",\N,\N,"Wieldrechtse Zeedijk","Dordrecht","Dordrecht","Zuid-Holland",false,51.766257,4.656192,"material damage only","4","clear",false,1,"GM0505"
"20240038094",2024,"Uitsluitend materiele schade",2,"Snorfiets","Fiets","Frontaal","Kruispunt, 3 takken",30,"Niet brandend","Daglicht","Droog",\N,\N,"Bohnweg","Haarlem","Haarlem","Noord-Holland",false,52.38576,4.671848,"material damage only","4","clear",false,1,"GM0392"
"20240040400",2024,"Letsel",2,"Personenauto","Fiets","Flank","Kruispunt, 3 takken",30,"Niet brandend","Daglicht","Droog",\N,\N,"Terweeweg","Oegstgeest","Oegstgeest","Zuid-Holland",false,52.180708,4.470711,"injury","2","clear",false,1,"GM0579"
"20240051416",2024,"Letsel",2,"Fiets","Fiets","Flank","Rechte weg",30,"Niet brandend","Daglicht","Droog",\N,"250361097","Bijlmerplein","Amsterdam","Amsterdam","Noord-Holland",false,52.314248,4.951393,"injury","2","clear",false,1,"GM0363"
"20240080243",2024,"Letsel",2,"Fiets","Personenauto","Flank","Kruispunt, 3 takken",60,"Niet brandend","Daglicht","Droog",\N,\N,"Waver","Ouderkerk aan de Amstel","Ouder-Amstel","Noord-Holland",false,52.253182,4.90236,"injury","2","clear",false,1,"GM0437"
"20240036534",2024,"Uitsluitend materiele schade",2,"Personenauto","Fiets","Flank","Kruispunt, 3 takken",30,"Niet brandend","Daglicht","Droog",\N,\N,"Rijnbandijk","Opheusden","Neder-Betuwe","Gelderland",false,51.935728,5.628023,"material damage only","4","clear",false,1,"GM1740"
"20240041261",2024,"Uitsluitend materiele schade",2,"Personenauto","Fiets","Flank","Rechte weg",30,"Niet brandend","Daglicht","Droog",\N,"202391006","Schiplaan","IJmuiden","Velsen","Noord-Holland",false,52.448317,4.59724,"material damage only","4","clear",false,1,"GM0453"
"20240041904",2024,"Letsel",1,"Fiets",\N,"Onbekend","Rechte weg",30,"Niet brandend","Daglicht","Droog",\N,"600781385","Almystraat","Oisterwijk","Oisterwijk","Noord-Brabant",false,51.581671,5.19068,"injury","2","clear",false,1,"GM0824"
"20240047756",2024,"Uitsluitend materiele schade",2,"Bromfiets","Fiets","Frontaal","Rechte weg",\N,"Niet brandend","Daglicht","Droog",\N,"276335051","Rading","Hilversum","Hilversum","Noord-Holland",false,52.195226,5.147142,"material damage only","4","clear",false,1,"GM0402"
"20240072211",2024,"Letsel",3,"Fiets","Personenauto","Flank","Rechte weg",50,"Niet brandend","Daglicht","Droog",\N,\N,"Ledastraat","Rotterdam","Rotterdam","Zuid-Holland",false,51.965553,4.491508,"injury","2","clear",false,1,"GM0599"
"20240072258",2024,"Letsel",3,"Bestelauto","Fiets","Flank","Rechte weg",60,"Niet brandend","Daglicht","Droog",\N,"177241002","Oud-Cromstrijensedijk WZ","Klaaswaal","Hoeksche Waard","Zuid-Holland",false,51.77019,4.426319,"injury","2","clear",false,1,"GM1963"
"20240079057",2024,"Letsel",2,"Personenauto","Fiets","Geparkeerd voertuig","Rechte weg",50,"Niet brandend","Daglicht","Droog",\N,"161306073","Parallelweg","'s-Gravenhage","'s-Gravenhage","Zuid-Holland",false,52.062679,4.302048,"injury","2","clear",false,1,"GM0518"
"20240076377",2024,"Letsel",2,"Personenauto","Fiets","Flank","Kruispunt, 4 takken",60,"Niet brandend","Daglicht","Droog",\N,\N,"BOKKEBUNSTWEG","Dwingeloo","Westerveld","Drenthe",false,52.825155,6.369794,"injury","2","clear",false,1,"GM1701"
"20240038279",2024,"Letsel",2,"Personenauto","Fiets","Flank",\N,50,"Niet brandend","Daglicht","Droog",\N,\N,"Heiligeweg","Krommenie","Zaanstad","Noord-Holland",false,52.502858,4.758559,"injury","2","clear",false,1,"GM0479"
"20240071683",2024,"Letsel",2,"Fiets","Overig vast object","Vast voorwerp","Rechte weg",30,"Niet brandend","Daglicht","Droog",\N,"201321036","Hoogewaard","Koudekerk aan den Rijn","Alphen aan den Rijn","Zuid-Holland",false,52.132147,4.596643,"injury","2","clear",false,1,"GM0484"
"20240080402",2024,"Letsel",2,"Motor","Fiets","Flank","Kruispunt, 4 takken",30,"Niet brandend","Daglicht","Droog",\N,\N,"Axelsestraat","Terneuzen","Terneuzen","Zeeland",false,51.323134,3.840264,"injury","2","clear",false,1,"GM0715"
"20240047924",2024,"Letsel",2,"Fiets","Personenauto","Flank","Kruispunt, 4 takken",50,"Niet brandend","Daglicht","Droog",\N,\N,"Blauwe Berg","Hoorn","Hoorn","Noord-Holland",false,52.650117,5.045958,"injury","2","clear",false,1,"GM0405"
"20240071757",2024,"Uitsluitend materiele schade",2,"Fiets","Snorfiets","Onbekend","Kruispunt, 4 takken",30,"Niet brandend","Daglicht","Droog",\N,\N,"Raamweg","'s-Gravenhage","'s-Gravenhage","Zuid-Holland",false,52.096499,4.30722,"material damage only","4","clear",false,1,"GM0518"
"20240041470",2024,"Letsel",2,"Bestelauto","Fiets","Onbekend",\N,50,"Niet brandend","Daglicht","Droog",\N,"256357041","Johan Schamppad","Amsterdam","Amsterdam","Noord-Holland",false,52.297708,4.993949,"injury","2","clear",false,1,"GM0363"
"20240033068",2024,"Letsel",2,"Fiets","Personenauto","Onbekend","Rechte weg",30,"Niet brandend","Daglicht","Droog",\N,"199356049","Hoofdstraat","Hillegom","Hillegom","Zuid-Holland",false,52.290093,4.578195,"injury","2","clear",false,1,"GM0534"
"20240037769",2024,"Uitsluitend materiele schade",2,"Fiets","Fiets","Onbekend","Rechte weg",30,"Niet brandend","Daglicht","Droog",\N,"293356003","Oostermeent-Zuid","Huizen","Huizen","Noord-Holland",false,52.294124,5.263844,"material damage only","4","clear",false,1,"GM0406"
"20240040761",2024,"Letsel",1,"Fiets",\N,"Onbekend",\N,30,\N,"Daglicht",\N,\N,"173337010","Boulevard","Katwijk","Katwijk","Zuid-Holland",false,52.202729,4.392047,"injury","2","unknown",false,1,"GM0537"
"20240042169",2024,"Uitsluitend materiele schade",2,"Fiets","Voetganger","Voetganger","Rechte weg",60,"Niet aanwezig","Daglicht","Droog",\N,"247200001","Zwarte Dijk","Rijen","Gilze en Rijen","Noord-Brabant",false,51.592864,4.944279,"material damage only","4","clear",false,1,"GM0784"
"20240078717",2024,"Letsel",1,"Fiets",\N,"Eenzijdig","Rechte weg",80,"Brandend","Duisternis","Droog",\N,"177335030","Provinciale weg N206","Katwijk","Katwijk","Zuid-Holland",false,52.197913,4.419916,"injury","2","clear",false,1,"GM0537"
"20240079942",2024,"Letsel",2,"Bestelauto","Fiets","Flank","Rechte weg",30,"Niet brandend","Daglicht","Droog",\N,"242375131","Nieuwezijds Voorburgwal","Amsterdam","Amsterdam","Noord-Holland",false,52.376766,4.894701,"injury","2","clear",false,1,"GM0363"
"20240033210",2024,"Letsel",2,"Personenauto","Fiets","Flank","Kruispunt, 4 takken",30,"Niet brandend","Daglicht","Droog",\N,\N,"Tweemanspolder","Zevenhuizen","Zuidplas","Zuid-Holland",false,52.015014,4.579955,"injury","2","clear",false,1,"GM1892"
"20240040876",2024,"Letsel",2,\N,"Fiets","Flank","Rechte weg",30,"Niet brandend","Daglicht","Droog",\N,"213270034","Tiendweg-Oost","Lekkerkerk","Krimpenerwaard","Zuid-Holland",false,51.903009,4.687742,"injury","2","clear",false,1,"GM1931"
"20240040880",2024,"Letsel",2,"Personenauto","Fiets","Onbekend","Rechte weg",50,"Niet brandend","Daglicht","Droog",\N,\N,"Fruitweg","'s-Gravenhage","'s-Gravenhage","Zuid-Holland",false,52.061516,4.307911,"injury","2","clear",false,1,"GM0518"
"20240051219",2024,"Letsel",2,"Personenauto","Fiets","Flank","Rechte weg",50,"Niet brandend","Daglicht","Droog",\N,\N,"Stationsweg","Castricum","Castricum","Noord-Holland",false,52.546344,4.658898,"injury","2","clear",false,1,"GM0383"
"20240078798",2024,"Letsel",1,"Fiets",\N,"Onbekend","Rechte weg",50,"Brandend","Duisternis","Regen",\N,"600748152","Burgemeester Jamessingel","Gouda","Gouda","Zuid-Holland",false,52.018324,4.705423,"injury","2","rain",false,1,"GM0513"
"20240081093",2024,"Uitsluitend materiele schade",2,"Personenauto","Fiets","Flank","Kruispunt, 3 takken",30,"Niet brandend","Daglicht","Droog",\N,\N,"Pr Catharina-Amaliastr","'s-Gravenhage","'s-Gravenhage","Zuid-Holland",false,52.055937,4.386652,"material damage only","4","clear",false,1,"GM0518"
"20240050622",2024,"Letsel",1,"Fiets",\N,"Eenzijdig","Rechte weg",50,"Brandend","Duisternis","Droog",\N,"600557313","Verburghlaan","Poeldijk","Westland","Zuid-Holland",false,52.026448,4.228094,"injury","2","clear",false,1,"GM1783"
"20240072012",2024,"Letsel",1,"Fiets",\N,"Onbekend",\N,\N,\N,"Daglicht",\N,\N,"600730941","Lissenvaart","Zoetermeer","Zoetermeer","Zuid-Holland",false,52.067314,4.501175,"injury","2","unknown",false,1,"GM0637"
"20240042424",2024,"Letsel",2,"Personenauto","Fiets","Flank","Kruispunt, 4 takken",50,"Niet brandend","Daglicht","Regen",\N,\N,"'s-Gravenweg","Capelle aan den IJssel","Capelle aan den IJssel","Zuid-Holland",false,51.931113,4.576242,"injury","2","rain",false,1,"GM0502"
"20240081155",2024,"Letsel",2,"Fiets","Personenauto","Frontaal","Kruispunt, 3 takken",50,"Niet brandend","Daglicht","Droog",\N,\N,"Duinwetering","Noordwijk","Noordwijk","Zuid-Holland",false,52.241237,4.446395,"injury","2","clear",false,1,"GM0575"
"20240176423",2024,"Letsel",2,"Bromfiets","Fiets","Flank","Rechte weg",50,"Niet aanwezig","Daglicht","Regen",\N,"600579804","Eindhovensedijk","Oirschot","Oirschot","Noord-Brabant",false,51.480015,5.368613,"injury","2","rain",false,1,"GM0823"
"20240042459",2024,"Letsel",2,"Fiets","Bromfiets","Flank","Kruispunt, 3 takken",50,"Niet brandend","Daglicht","Droog",\N,\N,"FIETSPAD","Papendrecht","Papendrecht","Zuid-Holland",false,51.83281,4.708477,"injury","2","clear",false,1,"GM0590"
"20240076810",2024,"Uitsluitend materiele schade",2,"Personenauto","Fiets","Flank","Rotonde",50,"Niet brandend","Daglicht","Droog",\N,\N,"Laan van Duurzaamheid","Amersfoort","Amersfoort","Utrecht",false,52.202252,5.385127,"material damage only","4","clear",false,1,"GM0307"
"20240080183",2024,"Letsel",2,"Personenauto","Fiets","Flank","Kruispunt, 4 takken",70,"Brandend","Duisternis","Droog",\N,\N,"Westelijke Randweg","Haarlem","Haarlem","Noord-Holland",true,52.387017,4.615191,"injury","2","clear",false,1,"GM0392"
"20230099410",2023,"Uitsluitend materiele schade",2,"Personenauto","Fiets","Flank","Rechte weg",30,"Niet brandend","Daglicht","Regen",\N,"352035087","Grote Gracht","Maastricht","Maastricht","Limburg",false,50.851087,5.689753,"material damage only","4","rain",false,1,"GM0935"
"20230103008",2023,"Letsel",2,"Personenauto","Fiets","Flank","Rechte weg",50,"Niet brandend","Daglicht","Regen",\N,\N,"Statenlaan","'s-Gravenhage","'s-Gravenhage","Zuid-Holland",false,52.096667,4.270554,"injury","2","rain",false,1,"GM0518"
"20230086928",2023,"Letsel",2,"Fiets","Trein/tram","Los voorwerp","Kruispunt, 4 takken",50,"Niet brandend","Daglicht","Droog",\N,\N,"Escamplaan","'s-Gravenhage","'s-Gravenhage","Zuid-Holland",false,52.058632,4.264639,"injury","2","clear",false,1,"GM0518"
"20230092863",2023,"Letsel",2,"Bromfiets","Fiets","Kop/staart","Kruispunt, 3 takken",30,"Niet brandend","Daglicht","Droog","Brug/viaduct",\N,"Jelle Plantingstraat","Drachten","Smallingerland","Friesland",false,53.105329,6.08155,"injury","2","clear",false,1,"GM0090"
"20230101271",2023,"Letsel",1,"Fiets",\N,"Eenzijdig","Rechte weg",50,"Niet brandend","Daglicht","Droog",\N,"162314075","Oostduinlaan","'s-Gravenhage","'s-Gravenhage","Zuid-Holland",false,52.097863,4.310786,"injury","2","clear",false,1,"GM0518"
"20230104352",2023,"Letsel",2,"Personenauto","Fiets","Flank","Kruispunt, 3 takken",30,"Brandend","Duisternis","Droog",\N,\N,"Telemannstraat","Leeuwarden","Leeuwarden","Friesland",false,53.208458,5.778116,"injury","2","clear",false,1,"GM0080"
"20230081150",2023,"Letsel",2,"Fiets","Voetganger","Voetganger","Rechte weg",30,"Niet brandend","Daglicht","Droog",\N,"155274023","Rembrandtlaan","Maassluis","Maassluis","Zuid-Holland",false,51.918733,4.264929,"injury","2","clear",false,1,"GM0556"
"20230082357",2023,"Letsel",3,"Personenauto","Fiets","Onbekend","Kruispunt, 4 takken",50,"Niet brandend","Daglicht","Regen",\N,\N,"Poststraat","Venray","Venray","Limburg",false,51.524381,5.977235,"injury","2","rain",false,1,"GM0984"
"20230088158",2023,"Uitsluitend materiele schade",3,"Fiets","Personenauto","Flank","Kruispunt, 4 takken",50,"Brandend","Duisternis","Regen",\N,\N,"Waterkersweg","Amsterdam","Amsterdam","Noord-Holland",false,52.38348,4.870254,"material damage only","4","rain",false,1,"GM0363"
"20230089926",2023,"Letsel",1,"Fiets",\N,"Eenzijdig","Rechte weg",30,"Niet brandend","Daglicht","Droog",\N,"600379477","Kortenaerkade","'s-Gravenhage","'s-Gravenhage","Zuid-Holland",false,52.08347,4.302624,"injury","2","clear",false,1,"GM0518"
"20230106595",2023,"Uitsluitend materiele schade",2,"Personenauto","Fiets","Flank","Kruispunt, 4 takken",50,"Niet brandend","Daglicht","Droog",\N,\N,"Bergselaan","Rotterdam","Rotterdam","Zuid-Holland",false,51.935011,4.469768,"material damage only","4","clear",false,1,"GM0599"
"20230097553",2023,"Uitsluitend materiele schade",2,"Bus","Fiets","Flank","Rechte weg",50,"Brandend","Duisternis","Regen",\N,\N,"Nobelweg","Amsterdam","Amsterdam","Noord-Holland",false,52.350868,4.923773,"material damage only","4","rain",false,1,"GM0363"
"20230099555",2023,"Uitsluitend materiele schade",2,"Personenauto","Fiets","Frontaal","Kruispunt, 4 takken",30,"Brandend","Schemer","Droog",\N,\N,"Baandertweg","Sittard","Sittard-Geleen","Limburg",false,51.004934,5.871332,"material damage only","4","clear",false,1,"GM1883"
"20230099861",2023,"Letsel",2,"Personenauto","Fiets","Flank","Kruispunt, 3 takken",50,"Niet brandend","Daglicht","Regen",\N,\N,"Willem Dreesstraat","Herten","Roermond","Limburg",false,51.175709,5.969125,"injury","2","rain",false,1,"GM0957"
"20230099881",2023,"Letsel",2,"Personenauto","Fiets","Geparkeerd voertuig","Rechte weg",30,"Niet aanwezig","Daglicht","Droog",\N,"394046069","Kasteellaan","Heerlen","Heerlen","Limburg",false,50.89812,5.988707,"injury","2","clear",false,1,"GM0917"
"20230082440",2023,"Letsel",2,"Fiets","Boom","Vast voorwerp","Rechte weg",60,"Niet brandend","Duisternis","Droog/Mist",\N,"432315002","Baakseweg","Vorden","Bronckhorst","Gelderland",false,52.102865,6.286755,"injury","2","unknown",false,1,"GM1876"
"20230091222",2023,"Uitsluitend materiele schade",2,"Fiets","Fiets","Onbekend","Rechte weg",80,"Niet brandend","Daglicht","Droog",\N,"601061252","Geldropseweg","Mierlo","Geldrop-Mierlo","Noord-Brabant",false,51.43738,5.598589,"material damage only","4","clear",false,1,"GM1771"
"20230097020",2023,"Uitsluitend materiele schade",2,"Bromfiets","Fiets","Flank","Kruispunt, 3 takken",50,"Brandend","Duisternis","Regen",\N,\N,"Essenlaan","Amstelveen","Amstelveen","Noord-Holland",false,52.297246,4.849506,"material damage only","4","rain",false,1,"GM0362"
"20230102631",2023,"Letsel",3,"Personenauto","Fiets","Flank","Kruispunt, 4 takken",50,"Niet brandend","Daglicht","Droog",\N,\N,"Nieuwe Keizersgracht","Amsterdam","Amsterdam","Noord-Holland",false,52.365872,4.908027,"injury","2","clear",false,1,"GM0363"
"20230080677",2023,"Uitsluitend materiele schade",2,"Personenauto","Fiets","Flank","Rotonde",50,"Niet brandend","Daglicht","Droog",\N,\N,"Ringbaan-West","Tilburg","Tilburg","Noord-Brabant",false,51.575089,5.066577,"material damage only","4","clear",false,1,"GM0855"
"20230085355",2023,"Letsel",2,"Fiets","Personenauto","Flank","Kruispunt, 3 takken",50,"Niet brandend","Daglicht","Droog",\N,\N,"Energieweg","Utrecht","Utrecht","Utrecht",false,52.123579,5.043788,"injury","2","clear",false,1,"GM0344"