"accident_id","year","severity_raw","party_count","party1_type","party2_type","accident_type","road_situation","speed_limit_kmh","road_lighting","light_condition_label","weather_raw","infra_type","road_segment_id","street_name","place_name","gemeente_name_raw","province","alcohol_indicated","latitude","longitude","severity_label","severity_code","weather_label","built_up_area","cyclists_involved","gemeente_code"
"20240078736",2024,"Letsel",2,"Bus","Fiets","Flank","Rotonde",50,"Niet brandend","Daglicht","Droog",\N,\N,"Ruijsdaelstraat","'s-Gravenhage","'s-Gravenhage","Zuid-Holland",false,52.070182,4.300633,"injury","2","clear",false,1,"GM0518"
"20240004392",2024,"Uitsluitend materiele schade",2,"Personenauto","Fiets","Flank","Rechte weg",30,"Niet brandend","Daglicht","Droog",\N,\N,"Heveapad","Hoogezand","Midden-Groningen","Groningen",false,53.163423,6.754018,"material damage only","4","clear",false,1,"GM1952"
"20240043114",2024,"Letsel",2,"Fiets","Fiets","Flank","Kruispunt, 4 takken",30,"Niet brandend","Daglicht","Regen",\N,\N,"Mahlerstraat","Delft","Delft","Zuid-Holland",false,51.996044,4.342243,"injury","2","rain",false,1,"GM0503"
"20240020545",2024,"Uitsluitend materiele schade",2,"Personenauto","Fiets","Flank","Kruispunt, 4 takken",30,"Niet brandend","Daglicht","Droog",\N,\N,"1e C Huygensstr","Amsterdam","Amsterdam","Noord-Holland",false,52.361876,4.875808,"material damage only","4","clear",false,1,"GM0363"
"20240036286",2024,"Letsel",2,"Personenauto","e-bike","Flank","Kruispunt, 3 takken",50,"Niet brandend","Daglicht","Droog",\N,\N,"Stadswei","Harderwijk","Harderwijk","Gelderland",false,52.333205,5.604888,"injury","2","clear",false,1,"GM0243"
"20240035272",2024,"Uitsluitend materiele schade",2,"Fiets","Fiets","Frontaal","Rechte weg",50,"Niet brandend","Daglicht","Droog",\N,"501351109","Brink","Hengelo","Hengelo (O)","Overijssel",false,52.263749,6.792126,"material damage only","4","clear",false,1,\N
"20240029392",2024,"Letsel",2,"Personenauto","Fiets","Flank","Kruispunt, 4 takken",50,"Niet brandend","Daglicht","Droog",\N,\N,"Almelosestraat","Wierden","Wierden","Overijssel",true,52.354863,6.607147,"injury","2","clear",false,1,"GM0189"
"20240039779",2024,"Uitsluitend materiele schade",2,"Snorfiets","Fiets","Flank","Rechte weg",30,"Niet brandend","Daglicht","Droog",\N,"163310158","Fluwelen Burgwal","'s-Gravenhage","'s-Gravenhage","Zuid-Holland",false,52.079845,4.318462,"material damage only","4","clear",false,1,"GM0518"
"20240035907",2024,"Letsel",1,"Fiets",\N,"Onbekend","Rechte weg",60,"Brandend","Duisternis","Droog",\N,"601021756","Hoofdweg","Hellum","Midden-Groningen","Groningen",false,53.239822,6.841842,"injury","2","clear",false,1,"GM1952"
"20240035978",2024,"Letsel",2,"Bromfiets","Fiets","Kop/staart","Rechte weg",30,"Niet brandend","Daglicht","Droog",\N,\N,"Jachtlaan","Haren Gn","Groningen","Groningen",false,53.171507,6.611083,"injury","2","clear",false,1,"GM0014"
"20240015079",2024,"Uitsluitend materiele schade",2,"Personenauto","Fiets","Flank","Kruispunt, 3 takken",30,"Niet brandend","Daglicht","Regen",\N,\N,"Aldenkamp","Rotterdam","Rotterdam","Zuid-Holland",false,51.876795,4.489394,"material damage only","4","rain",false,1,"GM0599"
"20240024517",2024,"Letsel",2,"Personenauto","Fiets","Los voorwerp","Rotonde",50,"Niet brandend","Daglicht","Droog",\N,\N,"DE BEITEL","Heerlen","Heerlen","Limburg",false,50.85642,5.997857,"injury","2","clear",false,1,"GM0917"
"20240025841",2024,"Letsel",2,"Bromfiets","Fiets","Flank","Rechte weg",50,"Niet aanwezig","Daglicht","Droog",\N,"389283046","Dorpstraat","Westervoort","Westervoort","Gelderland",false,51.963434,5.966057,"injury","2","clear",false,1,"GM0293"
"20240020064",2024,"Letsel",2,"Bestelauto","Fiets","Flank","Kruispunt, 3 takken",50,"Niet brandend","Daglicht","Droog",\N,\N,"Postkantoorstraat","Weurt","Beuningen","Gelderland",false,51.856807,5.816239,"injury","2","clear",false,1,"GM0209"
"20240020214",2024,"Letsel",1,"Fiets",\N,"Eenzijdig","Rechte weg",50,"Niet brandend","Daglicht","Droog",\N,"182326039","STEVENSBRUG","Leiden","Leiden","Zuid-Holland",false,52.156179,4.455312,"injury","2","clear",false,1,"GM0546"
"20240020838",2024,"Letsel",2,"Fiets","Fiets","Frontaal","Rechte weg",30,"Niet aanwezig","Daglicht","Droog",\N,"161315030","Pompstationsweg","'s-Gravenhage","'s-Gravenhage","Zuid-Holland",false,52.104537,4.301789,"injury","2","clear",false,1,"GM0518"
"20240026980",2024,"Uitsluitend materiele schade",2,"Fiets","Fiets","Flank","Rechte weg",30,"Niet brandend","Daglicht","Regen",\N,"406406246","Diezerpoortenplas","Zwolle","Zwolle","Overijssel",false,52.514554,6.099503,"material damage only","4","rain",false,1,"GM0193"
"20240028251",2024,"Letsel",2,"Personenauto","Fiets","Flank","Kruispunt, 3 takken",50,"Niet brandend","Daglicht","Droog",\N,\N,"Muiderwaard","Alkmaar","Alkmaar","Noord-Holland",false,52.645934,4.750023,"injury","2","clear",false,1,"GM0361"
"20240034633",2024,"Uitsluitend materiele schade",2,"Personenauto","Fiets","Onbekend","Rechte weg",50,"Niet brandend","Daglicht","Droog",\N,"414155009","Groot Egtenrayseweg","Venlo","Venlo","Limburg",false,51.387008,6.13939,"material damage only","4","clear",false,1,"GM0983"
"20240036384",2024,"Letsel",2,"Personenauto","Fiets","Onbekend","Kruispunt, 4 takken",30,"Niet brandend","Daglicht","Droog",\N,\N,"Elsweg","Harderwijk","Harderwijk","Gelderland",false,52.346447,5.64917,"injury","2","clear",false,1,"GM0243"
"20240039860",2024,"Letsel",1,"Fiets",\N,"Onbekend","Rechte weg",50,"Brandend","Duisternis","Droog",\N,"600642657","Sammersweg","Rijswijk","Rijswijk","Zuid-Holland",false,52.041727,4.294708,"injury","2","clear",false,1,\N
"20240039923",2024,"Dodelijk",2,"Fiets","Fiets","Flank","Rechte weg",30,"Niet brandend","Daglicht","Droog",\N,"600386562","Linnaeusstraat","Amsterdam","Amsterdam","Noord-Holland",false,52.358348,4.926443,"fatal","1","clear",false,1,"GM0363"
"20220188424",2022,"Uitsluitend materiele schade",2,"Snorfiets","Fiets","Flank","Kruispunt, 3 takken",50,"Niet brandend","Daglicht","Droog",\N,\N,"Sterrenlaan","Eindhoven","Eindhoven","Noord-Brabant",false,51.467655,5.49016,"material damage only","4","clear",false,1,"GM0772"
"20220126633",2022,"Letsel",2,"Fiets","Snorfiets","Frontaal","Kruispunt, 3 takken",30,"Niet brandend","Daglicht","Droog",\N,\N,"Magdalena Moonsstraat","Leiden","Leiden","Zuid-Holland",false,52.151091,4.488835,"injury","2","clear",false,1,"GM0546"
"20220133211",2022,"Letsel",2,"Personenauto","e-bike","Frontaal","Kruispunt, 4 takken",50,"Niet brandend","Daglicht","Droog",\N,\N,"Past Vullinghsplein","Grubbenvorst","Horst aan de Maas","Limburg",false,51.419584,6.147448,"injury","2","clear",false,1,"GM1507"
"20220147742",2022,"Uitsluitend materiele schade",2,"Personenauto","Fiets","Kop/staart","Rechte weg",30,"Niet brandend","Daglicht","Droog",\N,"64181054","Buitenruststraat","Middelburg","Middelburg","Zeeland",false,51.493055,3.617117,"material damage only","4","clear",false,1,\N
"20220155995",2022,"Letsel",1,"Fiets",\N,"Eenzijdig","Rechte weg",\N,"Niet aanwezig","Daglicht","Droog",\N,\N,"Gravekoopsedijk","Reeuwijk","Bodegraven-Reeuwijk","Zuid-Holland",false,52.051801,4.764436,"injury","2","clear",false,1,"GM1901"
"20220173261",2022,"Letsel",2,"Snorfiets","Fiets","Onbekend","Rechte weg",50,"Niet brandend","Daglicht","Regen","Tunnel","600137045","Stadsring","Amersfoort","Amersfoort","Utrecht",false,52.152874,5.391313,"injury","2","rain",false,1,"GM0307"
"20220174650",2022,"Uitsluitend materiele schade",2,"Bromfiets","Fiets","Flank","Kruispunt, 4 takken",50,"Niet aanwezig","Daglicht","Droog",\N,\N,"Oude Notweg","Haarlemmerliede","Haarlemmermeer","Noord-Holland",false,52.384403,4.68848,"material damage only","4","clear",false,1,"GM0394"
"20220188411",2022,"Uitsluitend materiele schade",2,"Fiets","Fiets","Frontaal","Rechte weg",50,"Brandend","Duisternis","Regen",\N,"600807814","Rembrandtlaan","Veghel","Meierijstad","Noord-Brabant",false,51.615476,5.552812,"material damage only","4","rain",false,1,"GM1948"
"20220120528",2022,"Letsel",2,"Fiets","Fiets","Frontaal","Rechte weg",50,"Niet brandend","Daglicht","Droog",\N,"600926608","Molendijk","Waarder","Bodegraven-Reeuwijk","Zuid-Holland",false,52.063869,4.821509,"injury","2","clear",false,1,"GM1901"
"20220121852",2022,"Letsel",1,"Fiets",\N,"Eenzijdig",\N,50,\N,"Daglicht",\N,\N,"212362036","Adrianahoeve","Hoofddorp","Haarlemmermeer","Noord-Holland",false,52.316978,4.675464,"injury","2","unknown",false,1,"GM0394"
"20220124524",2022,"Letsel",2,"Fiets","Bestelauto","Flank","Rechte weg",30,"Niet brandend","Daglicht","Droog",\N,"600392963","Lange Voorhout","'s-Gravenhage","'s-Gravenhage","Zuid-Holland",false,52.082746,4.311871,"injury","2","clear",false,1,"GM0518"
"20220147838",2022,"Letsel",2,"Personenauto","Fiets","Onbekend",\N,30,\N,"Daglicht",\N,\N,"208194017","Olympiade","Etten-Leur","Etten-Leur","Noord-Brabant",false,51.563288,4.655313,"injury","2","unknown",false,1,"GM0777"
"20220149390",2022,"Letsel",2,"Personenauto","Fiets","Frontaal","Bocht",60,"Niet brandend","Daglicht","Droog",\N,"299141001","Puttendijk","Eersel","Eersel","Noord-Brabant",false,51.324418,5.313386,"injury","2","clear",false,1,"GM0770"
"20220153662",2022,"Uitsluitend materiele schade",2,"Snorfiets","Fiets","Flank","Rotonde",50,"Niet brandend","Daglicht","Droog",\N,\N,"Noordstedeweg","Nieuwegein","Nieuwegein","Utrecht",false,52.029436,5.083922,"material damage only","4","clear",false,1,"GM0356"
"20220174743",2022,"Letsel",3,"Motor","Fiets","Onbekend","Kruispunt, 4 takken",80,"Niet brandend","Daglicht",\N,\N,\N,"Nieuwe Gouw","Purmerend","Purmerend","Noord-Holland",false,52.521626,4.986407,"injury","2","unknown",false,1,"GM0439"
"20220178105",2022,"Uitsluitend materiele schade",2,"Personenauto","Fiets","Flank","Rechte weg",50,"Brandend","Schemer","Droog",\N,"240377068","Haarlemmerweg","Amsterdam","Amsterdam","Noord-Holland",false,52.385513,4.878154,"material damage only","4","clear",false,1,"GM0363"
"20220182253",2022,"Uitsluitend materiele schade",2,"Fiets","Bromfiets","Frontaal","Rechte weg",50,"Niet brandend","Daglicht","Droog",\N,"213245042","Fietspad Overkampweg","Dordrecht","Dordrecht","Zuid-Holland",false,51.790495,4.684552,"material damage only","4","clear",false,1,"GM0505"
"20220156227",2022,"Letsel",2,"Personenauto","e-bike","Frontaal","Kruispunt, 4 takken",50,"Niet brandend","Daglicht","Droog",\N,\N,"Anna Paulownastraat","'s-Gravenhage","'s-Gravenhage","Zuid-Holland",false,52.087147,4.298754,"injury","2","clear",false,1,"GM0518"
"20220156260",2022,"Uitsluitend materiele schade",2,"Fiets","Fiets","Frontaal","Kruispunt, 4 takken",\N,"Niet brandend","Daglicht",\N,\N,\N,"CLINGENDAEL","'s-Gravenhage","'s-Gravenhage","Zuid-Holland",false,52.096932,4.332541,"material damage only","4","unknown",false,1,"GM0518"
"20220161372",2022,"Uitsluitend materiele schade",2,"Personenauto","Fiets","Flank","Kruispunt, 4 takken",30,"Niet brandend","Daglicht","Droog",\N,\N,"Prinsessenweg","Leeuwarden","Leeuwarden","Friesland",false,53.185589,5.790439,"material damage only","4","clear",false,1,"GM0080"
"20220172245",2022,"Uitsluitend materiele schade",2,"Personenauto","Fiets","Flank","Rechte weg",50,"Niet brandend","Daglicht",\N,\N,"311323056","Gasthuislaan","Amersfoort","Amersfoort","Utrecht",false,52.145953,5.396285,"material damage only","4","unknown",false,1,"GM0307"
"20220172249",2022,"Uitsluitend materiele schade",2,"e-bike","Fiets","Onbekend","Rechte weg",\N,"Niet brandend","Daglicht","Droog",\N,"600591917","Bussumergrintweg","Hilversum","Hilversum","Noord-Holland",false,52.234348,5.160358,"material damage only","4","clear",false,1,"GM0402"
"20220177884",2022,"Uitsluitend materiele schade",1,"Fiets",\N,"Voetganger","Rechte weg",30,"Brandend","Duisternis","Regen",\N,"242376103","De Ruijterkade","Amsterdam","Amsterdam","Noord-Holland",false,52.382427,4.895005,"material damage only","4","rain",false,1,"GM0363"
"20220179176",2022,"Letsel",1,"Fiets",\N,"Eenzijdig","Bocht",\N,"Niet brandend","Daglicht","Droog",\N,"600631485","Poeldijkseweg","'s-Gravenhage","'s-Gravenhage","Zuid-Holland",false,52.02839,4.255834,"injury","2","clear",false,1,"GM0518"
"20220179727",2022,"Letsel",2,"Fiets","Fiets","Flank","Rotonde",80,"Niet brandend","Daglicht","Droog",\N,\N,"Kokshornlaan","Wassenaar","Wassenaar","Zuid-Holland",false,52.160718,4.393974,"injury","2","clear",false,1,"GM0629"
"20220197722",2022,"Letsel",3,"Personenauto","Fiets","Onbekend","Kruispunt, 3 takken",50,"Niet brandend","Daglicht","Droog",\N,\N,"Wilmersdorf","Apeldoorn","Apeldoorn","Gelderland",false,52.185408,5.991592,"injury","2","clear",false,1,"GM0200"
"20220119241",2022,"Letsel",2,"e-bike","Fiets","Flank","Rechte weg",60,"Brandend","Duisternis","Droog",\N,"466363020","Rijssensestraat","Wierden","Wierden","Overijssel",false,52.319357,6.536082,"injury","2","clear",false,1,"GM0189"
"20220129431",2022,"Uitsluitend materiele schade",1,"Fiets",\N,"Onbekend",\N,30,\N,"Daglicht",\N,\N,"229199028","Nieuwe Inslag","Breda","Breda","Noord-Brabant",false,51.583924,4.807894,"material damage only","4","unknown",false,1,"GM0758"
"20220130950",2022,"Letsel",2,"Personenauto","Fiets","Flank","Kruispunt, 3 takken",50,"Niet brandend","Daglicht","Droog",\N,\N,"Balkweg","'s-Hertogenbosch","'s-Hertogenbosch","Noord-Brabant",false,51.708801,5.334683,"injury","2","clear",false,1,"GM0796"
"20220138932",2022,"Letsel",3,"Bus","Fiets","Los voorwerp","Rechte weg",50,"Niet brandend","Daglicht","Droog",\N,"292372057","Karoenpad","Almere","Almere","Flevoland",false,52.365006,5.261367,"injury","2","clear",false,1,"GM0034"
"20220153778",2022,"Letsel",2,"Personenauto","Fiets","Onbekend","Kruispunt, 4 takken",50,"Niet brandend","Daglicht","Droog",\N,\N,"Haagbeukweg","Almere","Almere","Flevoland",false,52.37637,5.242837,"injury","2","clear",false,1,"GM0034"
"20220158637",2022,"Uitsluitend materiele schade",2,"Personenauto","Fiets","Onbekend",\N,30,\N,"Daglicht",\N,\N,"236215006","Biezenbeemd","Oosterhout","Oosterhout","Noord-Brabant",false,51.658514,4.858571,"material damage only","4","unknown",false,1,"GM0826"
"20220178671",2022,"Letsel",2,"Personenauto","e-bike","Flank","Kruispunt, 4 takken",50,"Niet brandend","Daglicht","Droog",\N,\N,"Kempstraat","'s-Gravenhage","'s-Gravenhage","Zuid-Holland",false,52.063744,4.289787,"injury","2","clear",false,1,"GM0518"
"20220179785",2022,"Letsel",1,"e-bike",\N,"Eenzijdig","Bocht",30,"Niet brandend","Daglicht","Droog",\N,\N,"Lagewaard","Koudekerk aan den Rijn","Alphen aan den Rijn","Zuid-Holland",false,52.132259,4.595596,"injury","2","clear",false,1,"GM0484"
"20220184057",2022,"Uitsluitend materiele schade",2,"Personenauto","e-bike","Onbekend","Rotonde",30,"Niet brandend","Daglicht",\N,\N,\N,"Slinge","Rotterdam","Rotterdam","Zuid-Holland",false,51.873694,4.494161,"material damage only","4","unknown",false,1,"GM0599"
"20220197953",2022,"Uitsluitend materiele schade",2,"Personenauto","Fiets","Flank","Rotonde",50,"Niet brandend","Daglicht","Droog",\N,\N,"Jan Th. Tooroplaan","Ede","Ede","Gelderland",false,52.024756,5.659834,"material damage only","4","clear",false,1,"GM0228"
"20220124887",2022,"Uitsluitend materiele schade",1,"e-bike",\N,"Eenzijdig","Kruispunt, 3 takken",\N,"Niet brandend","Daglicht","Regen",\N,\N,"Spoorweghavenpad","Leiden","Leiden","Zuid-Holland",false,52.159358,4.477619,"material damage only","4","rain",false,1,"GM0546"
"20220149595",2022,"Letsel",2,"Personenauto","Fiets","Flank","Rechte weg",50,"Niet aanwezig","Daglicht","Droog",\N,\N,"Helmondseweg","Aarle-Rixtel","Laarbeek","Noord-Brabant",false,51.503699,5.646884,"injury","2","clear",false,1,"GM1659"
"20220153017",2022,"Letsel",2,"Fiets","Fiets","Flank","Rechte weg",50,"Niet brandend","Daglicht","Droog",\N,"450409015","Chevalleraustraat","Ommen","Ommen","Overijssel",false,52.524914,6.41992,"injury","2","clear",false,1,"GM0175"
"20220178281",2022,"Uitsluitend materiele schade",2,"Personenauto","Fiets","Flank","Rechte weg",30,"Niet brandend","Daglicht","Droog",\N,"249380110","Buikslotermeerplein","Amsterdam","Amsterdam","Noord-Holland",false,52.398308,4.94137,"material damage only","4","clear",false,1,"GM0363"
"20220180430",2022,"Letsel",1,"e-bike",\N,"Eenzijdig","Rechte weg",30,"Niet brandend","Daglicht","Droog",\N,"172297025","Bieslandseweg","Delfgauw","Pijnacker-Nootdorp","Zuid-Holland",false,52.023515,4.391773,"injury","2","clear",false,1,"GM1926"
"20220198476",2022,"Uitsluitend materiele schade",3,"Fiets",\N,"Los voorwerp","Rechte weg",50,"Niet brandend","Daglicht","Regen",\N,"363253012","Weijbroekweg","Nijmegen","Nijmegen","Gelderland",false,51.830982,5.778832,"material damage only","4","rain",false,1,"GM0268"
"20220120831",2022,"Letsel",1,"Fiets",\N,"Eenzijdig",\N,\N,\N,"Daglicht",\N,\N,"600561186","Zeewolderdijk","Zeewolde","Zeewolde","Flevoland",false,52.349672,5.537602,"injury","2","unknown",false,1,"GM0050"
"20220124924",2022,"Letsel",1,"Fiets",\N,"Eenzijdig","Kruispunt, 3 takken",30,"Brandend","Duisternis","Droog",\N,\N,"Venusstraat","Alphen aan den Rijn","Alphen aan den Rijn","Zuid-Holland",false,52.140433,4.672519,"injury","2","clear",false,1,"GM0484"
"20220132309",2022,"Uitsluitend materiele schade",2,"Fiets","Bromfiets","Frontaal","Bocht",80,"Niet brandend","Daglicht","Droog",\N,"600831710","Gelders Eind","Born","Sittard-Geleen","Limburg",false,51.032472,5.843838,"material damage only","4","clear",false,1,"GM1883"
"20220138116",2022,"Uitsluitend materiele schade",1,"Fiets",\N,"Onbekend","Rechte weg",50,"Niet brandend","Daglicht","Droog",\N,"330294055","Rondweg-west","Veenendaal","Veenendaal","Utrecht",false,52.014883,5.536552,"material damage only","4","clear",false,1,"GM0345"
"20220153873",2022,"Letsel",2,"Bestelauto","Fiets","Frontaal","Kruispunt, 3 takken",30,"Niet brandend","Daglicht","Droog",\N,\N,"Rijndijk","Wijk bij Duurstede","Wijk bij Duurstede","Utrecht",false,51.973353,5.349946,"injury","2","clear",false,1,"GM0352"
"20220155081",2022,"Letsel",2,"Personenauto","Fiets","Flank","Kruispunt, 4 takken",50,"Niet brandend","Daglicht",\N,\N,\N,"Meerstraat","Beverwijk","Beverwijk","Noord-Holland",false,52.481385,4.660364,"injury","2","unknown",false,1,"GM0375"
"20220158875",2022,"Letsel",2,"Personenauto","Fiets","Kop/staart","Rechte weg",50,"Niet brandend","Daglicht","Droog",\N,"169211058","Westvoorstraat","Dinteloord","Steenbergen","Noord-Brabant",false,51.63602,4.370444,"injury","2","clear",false,1,"GM0851"
"20220173698",2022,"Letsel",2,"Personenauto","Fiets","Flank","Kruispunt, 3 takken",30,"Niet brandend","Daglicht","Droog",\N,\N,"Indischestraat","Haarlem","Haarlem","Noord-Holland",false,52.40088,4.648136,"injury","2","clear",false,1,"GM0392"
"20220178798",2022,"Letsel",2,"e-bike","Fiets","Frontaal","Bocht",80,"Brandend","Duisternis",\N,\N,\N,"Vierheemskinderenweg","Hazerswoude-Dorp","Alphen aan den Rijn","Zuid-Holland",false,52.114724,4.586811,"injury","2","unknown",false,1,"GM0484"
"20220181187",2022,"Letsel",2,"Bestelauto","Fiets","Flank","Kruispunt, 4 takken",50,"Niet brandend","Daglicht","Droog",\N,\N,"Handelsweg","Alphen aan den Rijn","Alphen aan den Rijn","Zuid-Holland",false,52.130607,4.639063,"injury","2","clear",false,1,"GM0484"
"20220195635",2022,"Letsel",2,"e-bike","Fiets","Flank","Kruispunt, 3 takken",15,\N,"Daglicht","Droog",\N,\N,"Pashegge","Winterswijk","Winterswijk","Gelderland",false,51.980579,6.712244,"injury","2","clear",false,1,"GM0294"
"20220115281",2022,"Letsel",2,"Personenauto","e-bike","Flank","Kruispunt, 4 takken",30,"Niet brandend","Daglicht","Droog",\N,\N,"Laan Corpus den Hoorn","Groningen","Groningen","Groningen",false,53.190374,6.563313,"injury","2","clear",false,1,"GM0014"
"20220128468",2022,"Uitsluitend materiele schade",3,"Personenauto","Fiets","Frontaal","Kruispunt, 3 takken",\N,"Niet brandend","Daglicht","Droog",\N,\N,"Dordtselaan","Rotterdam","Rotterdam","Zuid-Holland",false,51.889833,4.493834,"material damage only","4","clear",false,1,"GM0599"
"20220152212",2022,"Letsel",2,"Fiets","Fiets","Kop/staart","Kruispunt, 3 takken",\N,"Niet aanwezig","Daglicht",\N,\N,\N,"Paardekampenweg","Westdorp","Borger-Odoorn","Drenthe",false,52.911598,6.754537,"injury","2","unknown",false,1,"GM1681"
"20220155095",2022,"Letsel",2,"Bestelauto","Fiets","Flank","Kruispunt, 4 takken",50,"Niet brandend","Daglicht","Droog",\N,\N,"Haringvliet","Heerhugowaard","Dijk en Waard","Noord-Holland",false,52.653671,4.832849,"injury","2","clear",false,1,"GM1980"
"20220160341",2022,"Letsel",1,"Fiets",\N,"Eenzijdig","Rotonde",50,"Niet brandend","Daglicht","Droog",\N,\N,"Zandoerleseweg","Veldhoven","Veldhoven","Noord-Brabant",false,51.417985,5.361654,"injury","2","clear",false,1,"GM0861"
"20220179484",2022,"Letsel",2,"Fiets","Fiets","Onbekend","Rechte weg",30,"Niet brandend","Daglicht",\N,\N,"600715303","Valkenbosplein","'s-Gravenhage","'s-Gravenhage","Zuid-Holland",false,52.078631,4.275894,"injury","2","unknown",false,1,"GM0518"
"20220180596",2022,"Uitsluitend materiele schade",2,"Fiets","Fiets","Onbekend","Bocht",15,"Niet brandend","Daglicht","Droog",\N,"211326015","Bronkhorst","Alphen aan den Rijn","Alphen aan den Rijn","Zuid-Holland",false,52.152778,4.669381,"material damage only","4","clear",false,1,"GM0484"
"20220180598",2022,"Uitsluitend materiele schade",2,"Fiets","Fiets","Frontaal","Rechte weg",\N,"Niet brandend","Daglicht","Regen","Bus-/Tramhalte","600675955","Paletsingel","Zoetermeer","Zoetermeer","Zuid-Holland",false,52.042768,4.497288,"material damage only","4","rain",false,1,"GM0637"
"20220181217",2022,"Letsel",2,"e-bike","Personenauto","Flank","Rotonde",50,"Niet brandend","Daglicht","Droog",\N,\N,"Kleyn Proffijtlaan","Oegstgeest","Oegstgeest","Zuid-Holland",false,52.192518,4.475144,"injury","2","clear",false,1,"GM0579"
"20220195987",2022,"Letsel",2,"e-bike","Fiets","Frontaal","Bocht",30,"Niet brandend","Daglicht","Droog",\N,"502351039","Beursstraat","Hengelo","Hengelo (O)","Overijssel",false,52.263571,6.796695,"injury","2","clear",false,1,\N
"20220142477",2022,"Uitsluitend materiele schade",2,"Bromfiets","e-bike","Frontaal","Rechte weg",30,"Niet brandend","Daglicht","Droog",\N,"600913159","Meer en Vaart","Amsterdam","Amsterdam","Noord-Holland",false,52.359588,4.807731,"material damage only","4","clear",false,1,"GM0363"
"20220143856",2022,"Letsel",2,"e-bike","e-bike","Frontaal","Bocht",50,"Niet brandend","Daglicht","Droog","Tunnel","187334081","Oranje Nassaulaan","Warmond","Teylingen","Zuid-Holland",false,52.189756,4.49288,"injury","2","clear",false,1,"GM1525"
"20220153140",2022,"Uitsluitend materiele schade",2,"Fiets","Personenauto","Onbekend","Kruispunt, 3 takken",50,"Niet brandend","Daglicht","Droog",\N,\N,"St. Annastraat","Nijmegen","Nijmegen","Gelderland",false,51.83481,5.859236,"material damage only","4","clear",false,1,"GM0268"
"20220175221",2022,"Letsel",2,"Personenauto","e-bike","Flank","Rotonde",50,"Niet brandend","Daglicht","Droog",\N,\N,"Ambachtsweg","Velserbroek","Velsen","Noord-Holland",false,52.436907,4.655378,"injury","2","clear",false,1,"GM0453"
"20220117142",2022,"Uitsluitend materiele schade",2,"e-bike","Fiets","Frontaal","Rechte weg",30,"Niet brandend","Daglicht","Droog",\N,"600817406","Postweg","Ermelo","Ermelo","Gelderland",false,52.27928,5.683055,"material damage only","4","clear",false,1,"GM0233"
"20220126300",2022,"Letsel",2,"Personenauto","Fiets","Flank","Rechte weg",30,"Niet brandend","Daglicht","Droog",\N,"600999527","Heijermanshove","Zoetermeer","Zoetermeer","Zuid-Holland",false,52.062814,4.485314,"injury","2","clear",false,1,"GM0637"
"20220135431",2022,"Letsel",2,"Fiets","Personenauto","Flank","Kruispunt, 4 takken",50,"Niet brandend","Daglicht","Droog",\N,\N,"Operalaan","Oldenzaal","Oldenzaal","Overijssel",false,52.318478,6.922676,"injury","2","clear",false,1,"GM0173"
"20220143936",2022,"Letsel",1,"Fiets",\N,"Eenzijdig","Rechte weg",\N,"Niet aanwezig","Daglicht","Droog","Brug/viaduct","225320003","Meijepad","Nieuwkoop","Nieuwkoop","Zuid-Holland",false,52.131613,4.773721,"injury","2","clear",false,1,"GM0569"
"20220155319",2022,"Uitsluitend materiele schade",2,"Bromfiets","Fiets","Onbekend","Rechte weg",30,"Niet brandend","Daglicht","Droog",\N,"600755583","Osdorpplein","Amsterdam","Amsterdam","Noord-Holland",false,52.360016,4.804457,"material damage only","4","clear",false,1,"GM0363"
"20220159183",2022,"Letsel",3,"Fiets","Fiets","Onbekend","Kruispunt, 4 takken",50,"Niet brandend","Daglicht","Droog",\N,"260216027","Raadhuisstraat","Kaatsheuvel","Loon op Zand","Noord-Brabant",false,51.660288,5.030753,"injury","2","clear",false,1,"GM0809"
"20220160534",2022,"Letsel",2,"Personenauto","Fiets","Flank","Kruispunt, 3 takken",80,"Niet brandend","Daglicht","Droog",\N,\N,"PROVINCIALEWEG N281","Wittem","Gulpen-Wittem","Limburg",false,50.806118,5.963715,"injury","2","clear",false,1,"GM1729"
"20220167824",2022,"Uitsluitend materiele schade",2,"Snorfiets","Fiets","Flank","Kruispunt, 4 takken",30,"Niet brandend","Daglicht","Droog",\N,\N,"Jansstraat","Arnhem","Arnhem","Gelderland",false,51.983202,5.90571,"material damage only","4","clear",false,1,"GM0202"
"20220186453",2022,"Letsel",5,"Fiets","Personenauto","Onbekend","Rechte weg",60,"Niet aanwezig","Daglicht","Droog",\N,"600706240","van Vollenhovenweg","Serooskerke","Veere","Zeeland",false,51.54972,3.589417,"injury","2","clear",false,1,"GM0717"
"20220186516",2022,"Letsel",2,"Bromfiets","Fiets","Frontaal","Rechte weg",30,"Niet brandend","Daglicht","Droog",\N,\N,"Dijkrand","Roosendaal","Roosendaal","Noord-Brabant",false,51.533246,4.494029,"injury","2","clear",false,1,"GM1674"
"20220187620",2022,"Letsel",2,"Personenauto","Fiets","Onbekend","Rotonde",30,"Brandend","Schemer","Droog",\N,\N,"Lodderdijk","Gemert","Gemert-Bakel","Noord-Brabant",false,51.559064,5.695528,"injury","2","clear",false,1,"GM1652"
"20220194871",2022,"Uitsluitend materiele schade",2,"Personenauto","Fiets","Flank","Kruispunt, 3 takken",50,"Niet brandend","Daglicht","Droog",\N,\N,"Ceintuurbaan","Deventer","Deventer","Overijssel",false,52.263861,6.160549,"material damage only","4","clear",false,1,"GM0150"
"20220188951",2022,"Letsel",2,"Personenauto","e-bike","Onbekend","Kruispunt, 4 takken",50,"Niet brandend","Daglicht","Regen",\N,\N,"Esp","Eindhoven","Eindhoven","Noord-Brabant",false,51.487073,5.492811,"injury","2","rain",false,1,"GM0772"