"accident_id","year","severity_raw","party_count","party1_type","party2_type","accident_type","road_situation","speed_limit_kmh","road_lighting","light_condition_label","weather_raw","infra_type","road_segment_id","street_name","place_name","gemeente_name_raw","province","alcohol_indicated","latitude","longitude","severity_label","severity_code","weather_label","built_up_area","cyclists_involved","gemeente_code"
"20220122751",2022,"Letsel",2,"Personenauto","Fiets","Geparkeerd voertuig","Rechte weg",50,"Niet brandend","Daglicht","Droog",\N,"223433019","Pettemerstraat","Alkmaar","Alkmaar","Noord-Holland",false,52.637421,4.748843,"injury","2","clear",false,1,"GM0361"
"20220126313",2022,"Letsel",2,"Bromfiets","Fiets","Flank","Kruispunt, 3 takken",\N,"Niet brandend","Daglicht","Droog",\N,\N,"van Limburg Stirumstraat","Noordwijk","Noordwijk","Zuid-Holland",false,52.233664,4.446435,"injury","2","clear",false,1,"GM0575"
"20220141149",2022,"Letsel",2,"Bestelauto","Fiets","Flank","Kruispunt, 4 takken",30,"Niet brandend","Daglicht","Droog",\N,\N,"Dorpsstraat","Akersloot","Castricum","Noord-Holland",false,52.559599,4.732532,"injury","2","clear",false,1,"GM0383"
"20220167900",2022,"Uitsluitend materiele schade",2,"Personenauto","Fiets","Flank","Kruispunt, 3 takken",30,"Niet brandend","Daglicht","Droog",\N,\N,"Industrieweg","Nunspeet","Nunspeet","Gelderland",false,52.371751,5.780925,"material damage only","4","clear",false,1,"GM0302"
"20220188873",2022,"Letsel",2,"Personenauto","Fiets","Flank","Kruispunt, 3 takken",50,"Niet brandend","Daglicht","Droog",\N,\N,"Bergstraat","Valkenswaard","Valkenswaard","Noord-Brabant",false,51.350379,5.435927,"injury","2","clear",false,1,"GM0858"
"20220191532",2022,"Uitsluitend materiele schade",2,"Snorfiets","Fiets","Flank","Kruispunt, 4 takken",30,"Niet brandend","Daglicht","Droog",\N,\N,"Oosterhamriklaan","Groningen","Groningen","Groningen",false,53.234122,6.576783,"material damage only","4","clear",false,1,"GM0014"
"20220131575",2022,"Letsel",1,"e-bike",\N,"Eenzijdig","Rechte weg",60,"Niet brandend","Daglicht","Droog",\N,\N,"Oude Grintweg","Oirschot","Oirschot","Noord-Brabant",false,51.536789,5.313673,"injury","2","clear",false,1,"GM0823"
"20220135607",2022,"Letsel",2,"Personenauto","Fiets","Flank","Kruispunt, 4 takken",30,"Niet brandend","Daglicht","Droog",\N,\N,"Professor Eijkmanstraat","Nijkerk","Nijkerk","Gelderland",false,52.219491,5.479781,"injury","2","clear",false,1,"GM0267"
"20220149986",2022,"Letsel",2,"Fiets","Landbouwvoertuig","Flank","Bocht",60,"Niet brandend","Daglicht","Droog",\N,"339196001","Trentweg","Erp","Meierijstad","Noord-Brabant",false,51.574081,5.606437,"injury","2","clear",false,1,"GM1948"
"20220151211",2022,"Uitsluitend materiele schade",2,"Personenauto","e-bike","Flank","Rechte weg",80,"Niet brandend","Daglicht","Droog",\N,\N,"Venloseweg","Sevenum","Horst aan de Maas","Limburg",false,51.400942,6.071409,"material damage only","4","clear",false,1,"GM1507"
"20220157803",2022,"Uitsluitend materiele schade",2,"Personenauto","e-bike","Flank","Rotonde",50,"Niet brandend","Daglicht","Droog",\N,\N,"Burgemeester Jansenlaan","Zwijndrecht","Zwijndrecht","Zuid-Holland",false,51.819431,4.644269,"material damage only","4","clear",false,1,"GM0642"
"20220171511",2022,"Letsel",2,"Personenauto","Fiets","Flank","Rotonde",50,"Niet brandend","Daglicht","Droog",\N,\N,"Soestdijkseweg Zuid","Bilthoven","De Bilt","Utrecht",false,52.1167,5.194323,"injury","2","clear",false,1,"GM0310"
"20220172891",2022,"Uitsluitend materiele schade",2,"Personenauto","Fiets","Flank","Kruispunt, 3 takken",30,"Niet brandend","Daglicht","Droog",\N,\N,"2e Hogeweg","Zeist","Zeist","Utrecht",false,52.082815,5.245786,"material damage only","4","clear",false,1,"GM0355"
"20220190925",2022,"Uitsluitend materiele schade",2,"Personenauto","e-bike","Flank","Rechte weg",50,"Niet brandend","Daglicht","Droog",\N,"356027017","Köbbesweg","Maastricht","Eijsden-Margraten","Limburg",false,50.814464,5.71745,"material damage only","4","clear",false,1,"GM1903"
"20220115607",2022,"Uitsluitend materiele schade",2,"Personenauto","Fiets","Onbekend","Rechte weg",50,"Niet brandend","Daglicht","Droog",\N,"600837020","Oude Veenscheiding","Heerenveen","Heerenveen","Friesland",false,52.953196,5.9171,"material damage only","4","clear",false,1,"GM0074"
"20220115632",2022,"Letsel",2,"Fiets","Scootmobiel","Flank","Kruispunt, 4 takken",30,"Niet brandend","Daglicht","Droog",\N,\N,"Dordsestraat","Emmen","Emmen","Drenthe",false,52.777031,6.898224,"injury","2","clear",false,1,"GM0114"
"20220115642",2022,"Letsel",3,"e-bike",\N,"Eenzijdig","Kruispunt, 3 takken",30,"Brandend","Duisternis",\N,\N,\N,"Roordastrjitte","Nijland","Súdwest-Fryslân","Friesland",false,53.05085,5.573622,"injury","2","unknown",false,1,"GM1900"
"20220117542",2022,"Letsel",2,"e-bike","Voetganger","Voetganger","Kruispunt, 3 takken",50,"Niet brandend","Daglicht","Droog",\N,\N,"Bornsestraat","Almelo","Almelo","Overijssel",false,52.349735,6.672033,"injury","2","clear",false,1,"GM0141"
"20220124054",2022,"Letsel",3,"Fiets","Lichtmast","Vast voorwerp","Rechte weg",30,"Brandend","Duisternis","Droog",\N,"246370092","Beukenweg","Amsterdam","Amsterdam","Noord-Holland",false,52.356127,4.918831,"injury","2","clear",false,1,"GM0363"
"20220126425",2022,"Letsel",1,"Fiets",\N,"Eenzijdig","Rechte weg",50,"Niet brandend","Daglicht","Droog",\N,"161311028","Parkstraat","'s-Gravenhage","'s-Gravenhage","Zuid-Holland",false,52.083849,4.307257,"injury","2","clear",false,1,"GM0518"
"20220132871",2022,"Uitsluitend materiele schade",2,"Personenauto","Fiets","Frontaal","Rechte weg",30,"Niet brandend","Daglicht","Droog",\N,"402045025","Kanariestraat","Kerkrade","Kerkrade","Limburg",false,50.892512,6.045245,"material damage only","4","clear",false,1,"GM0928"
"20220141469",2022,"Uitsluitend materiele schade",2,"Personenauto","Fiets","Flank","Kruispunt, 4 takken",50,"Niet brandend","Daglicht",\N,\N,\N,"Zijdelweg","Uithoorn","Uithoorn","Noord-Holland",false,52.250929,4.823097,"material damage only","4","unknown",false,1,"GM0451"
"20220153311",2022,"Uitsluitend materiele schade",2,"Bromfiets","Fiets","Flank","Rechte weg",50,"Niet brandend","Daglicht","Droog",\N,\N,"Zevenaarseweg","Arnhem","Arnhem","Gelderland",false,51.972571,5.953987,"material damage only","4","clear",false,1,"GM0202"
"20220184562",2022,"Letsel",2,"e-bike","Fiets","Onbekend","Rechte weg",\N,"Niet brandend","Daglicht",\N,"Tunnel","600694315","Maasdamseweg","'s-Gravendeel","Hoeksche Waard","Zuid-Holland",false,51.784365,4.614991,"injury","2","unknown",false,1,"GM1963"
"20220122899",2022,"Uitsluitend materiele schade",2,"Personenauto","Fiets","Frontaal","Kruispunt, 4 takken",30,"Niet brandend","Daglicht","Droog",\N,\N,"Zandvoorterweg","Aerdenhout","Bloemendaal","Noord-Holland",false,52.361249,4.599063,"material damage only","4","clear",false,1,"GM0377"
"20220126458",2022,"Letsel",2,"Fiets","Fiets","Onbekend","Rechte weg",50,"Niet brandend","Daglicht","Droog",\N,"600670274","President Kennedylaan","Alphen aan den Rijn","Alphen aan den Rijn","Zuid-Holland",false,52.14428,4.676211,"injury","2","clear",false,1,"GM0484"
"20220135668",2022,"Letsel",2,"Personenauto","e-bike","Flank","Kruispunt, 4 takken",50,"Niet brandend","Daglicht","Droog",\N,\N,"Groot-Brittanniëstraat","Lent","Nijmegen","Gelderland",false,51.870305,5.865164,"injury","2","clear",false,1,"GM0268"
"20220148929",2022,"Uitsluitend materiele schade",2,"Personenauto","Fiets","Flank","Kruispunt, 3 takken",30,"Niet brandend","Daglicht","Droog",\N,\N,"Noorddijk","Helmond","Helmond","Noord-Brabant",false,51.466247,5.685823,"material damage only","4","clear",false,1,"GM0794"
"20220156924",2022,"Letsel",2,"Fiets","Overig vast object","Vast voorwerp","Rotonde",30,"Niet brandend","Daglicht","Droog",\N,\N,"Toneellaan","Zoetermeer","Zoetermeer","Zuid-Holland",false,52.070213,4.500104,"injury","2","clear",false,1,"GM0637"
"20220159544",2022,"Uitsluitend materiele schade",2,"Personenauto","Fiets","Frontaal","Rotonde",50,"Niet brandend","Daglicht","Droog",\N,\N,"Hertogin Johannasingel","Oss","Oss","Noord-Brabant",false,51.766506,5.510286,"material damage only","4","clear",false,1,"GM0828"
"20220174243",2022,"Letsel",2,"Fiets","Overig vast object","Vast voorwerp","Rotonde",50,"Brandend","Duisternis","Droog",\N,\N,"Lassiestraat","Wormer","Wormerland","Noord-Holland",false,52.491856,4.802484,"injury","2","clear",false,1,"GM0880"
"20220193349",2022,"Uitsluitend materiele schade",2,"Personenauto","Fiets","Frontaal","Kruispunt, 4 takken",50,"Niet brandend","Daglicht","Droog",\N,\N,"Nieuwstad","Farmsum","Eemsdelta","Groningen",false,53.326935,6.926449,"material damage only","4","clear",false,1,"GM1979"
"20220193752",2022,"Letsel",2,"Fiets","Fiets","Frontaal","Rechte weg",60,"Niet aanwezig","Duisternis","Droog",\N,"353566014","Dyksterhuzen","Bitgummole","Waadhoeke","Friesland",false,53.233071,5.7219,"injury","2","clear",false,1,"GM1949"
"20220125519",2022,"Uitsluitend materiele schade",2,"Personenauto","e-bike","Flank","Kruispunt, 4 takken",50,"Niet brandend","Daglicht","Droog",\N,\N,"Nieuwe Gouwe O.Z.","Gouda","Gouda","Zuid-Holland",false,52.020194,4.682346,"material damage only","4","clear",false,1,"GM0513"
"20220196531",2022,"Letsel",2,"Personenauto","Fiets","Frontaal","Kruispunt, 3 takken",50,"Brandend","Duisternis","Droog",\N,\N,"IJpenbroekweg","Nijmegen","Nijmegen","Gelderland",false,51.827847,5.792561,"injury","2","clear",false,1,"GM0268"
"20220126552",2022,"Letsel",2,"Fiets","Fiets","Flank","Kruispunt, 4 takken",30,"Niet brandend","Daglicht","Droog",\N,\N,"Burg Cannegieterlaan","Voorschoten","Voorschoten","Zuid-Holland",false,52.129516,4.44083,"injury","2","clear",false,1,"GM0626"
"20220138676",2022,"Letsel",2,"e-bike","e-bike","Frontaal","Bocht",\N,"Niet aanwezig","Daglicht","Droog",\N,"600602543","FIETSPAD","Utrecht","Utrecht","Utrecht",false,52.093727,5.105523,"injury","2","clear",false,1,"GM0344"
"20220145540",2022,"Uitsluitend materiele schade",2,"Fiets","Personenauto","Flank","Rechte weg",50,\N,"Daglicht","Droog",\N,"211248099","Dubbeldamseweg Zuid","Dordrecht","Dordrecht","Zuid-Holland",false,51.80561,4.67482,"material damage only","4","clear",false,1,"GM0505"
"20220174460",2022,"Uitsluitend materiele schade",2,"Fiets","Fiets","Frontaal","Rechte weg",50,"Niet brandend","Daglicht","Droog",\N,"600740628","Beurtschipper","Nieuw-Vennep","Haarlemmermeer","Noord-Holland",false,52.272398,4.632817,"material damage only","4","clear",false,1,"GM0394"
"20220193436",2022,"Letsel",2,"Personenauto","e-bike","Geparkeerd voertuig","Rechte weg",50,"Brandend","Schemer","Regen",\N,"383561063","Wester-omwei","Hurdegaryp","Tytsjerksteradiel","Friesland",false,53.21314,5.938491,"injury","2","rain",false,1,"GM0737"
"20220197432",2022,"Letsel",2,"Personenauto","e-bike","Flank","Kruispunt, 4 takken",50,"Niet brandend","Daglicht","Droog",\N,\N,"Kampstraat","Zevenaar","Zevenaar","Gelderland",false,51.933017,6.078077,"injury","2","clear",false,1,"GM0299"
"20220135863",2022,"Letsel",1,"Fiets",\N,"Eenzijdig","Rechte weg",60,"Niet brandend","Daglicht","Droog",\N,"385413023","Zwolseweg","IJsselmuiden","Kampen","Overijssel",false,52.548203,5.9477,"injury","2","clear",false,1,"GM0166"
"20220137736",2022,"Letsel",1,"Fiets",\N,"Eenzijdig",\N,50,\N,"Daglicht",\N,\N,"600775679","Amsterdamsestraatweg","Utrecht","Utrecht","Utrecht",false,52.105276,5.092075,"injury","2","unknown",false,1,"GM0344"
"20220145558",2022,"Uitsluitend materiele schade",2,"Bromfiets","Fiets","Kop/staart","Rechte weg",30,"Niet brandend","Daglicht","Droog",\N,\N,"Abraham van Stolkweg","Rotterdam","Rotterdam","Zuid-Holland",false,51.921601,4.440491,"material damage only","4","clear",false,1,"GM0599"
"20240082205",2024,"Letsel",2,"Fiets","Overig vast object","Vast voorwerp","Rechte weg",30,"Niet brandend","Daglicht","Droog",\N,"191342097","Hoofdstraat","Sassenheim","Teylingen","Zuid-Holland",false,52.227125,4.523373,"injury","2","clear",false,1,"GM1525"
"20240082206",2024,"Letsel",1,"Fiets",\N,"Eenzijdig","Rechte weg",15,"Niet brandend","Daglicht","Droog",\N,"213295041","Globepad","Gouda","Gouda","Zuid-Holland",false,52.017496,4.687126,"injury","2","clear",false,1,"GM0513"
"20240082213",2024,"Letsel",2,"Fiets","Snorfiets","Frontaal","Rechte weg",50,"Niet brandend","Daglicht","Droog","Tankstation","601139653","Beeklaan","Noordwijk","Noordwijk","Zuid-Holland",false,52.227059,4.445884,"injury","2","clear",false,1,"GM0575"
"20240084741",2024,"Uitsluitend materiele schade",2,"Personenauto","Fiets","Frontaal","Kruispunt, 4 takken",30,"Niet brandend","Daglicht","Regen",\N,\N,"Overstichtlaan","Deventer","Deventer","Overijssel",false,52.273935,6.144804,"material damage only","4","rain",false,1,"GM0150"
"20240085412",2024,"Letsel",1,"Fiets",\N,"Onbekend","Kruispunt, 4 takken",30,"Niet brandend","Daglicht","Droog",\N,\N,"Landspoelen","Gieten","Aa en Hunze","Drenthe",false,53.006747,6.75662,"injury","2","clear",false,1,"GM1680"
"20240093059",2024,"Uitsluitend materiele schade",2,"Onbekend voertuig i.g.v. doorrijder","Fiets","Flank","Kruispunt, 4 takken",50,"Brandend","Duisternis","Droog",\N,\N,"Groningerweg","Groningen","Groningen","Groningen",false,53.242845,6.573044,"material damage only","4","clear",false,1,"GM0014"
"20240095037",2024,"Letsel",2,"Fiets","Personenauto","Flank","Rechte weg",50,"Niet brandend","Daglicht","Regen",\N,\N,"Europaplein","Leeuwarden","Leeuwarden","Friesland",false,53.205006,5.777445,"injury","2","rain",false,1,"GM0080"
"20240097575",2024,"Letsel",1,"Fiets",\N,"Onbekend","Bocht",50,"Niet brandend","Daglicht","Droog",\N,"162310091","Buitenhof","'s-Gravenhage","'s-Gravenhage","Zuid-Holland",false,52.078727,4.310803,"injury","2","clear",false,1,"GM0518"
"20240079684",2024,"Uitsluitend materiele schade",2,"Personenauto","Fiets","Flank","Kruispunt, 4 takken",30,"Niet brandend","Daglicht","Droog",\N,\N,"Blusséstraat","Amsterdam","Amsterdam","Noord-Holland",false,52.374617,4.79818,"material damage only","4","clear",false,1,"GM0363"
"20240084773",2024,"Uitsluitend materiele schade",3,"Bestelauto","Fiets","Vast voorwerp","Rechte weg",30,"Niet brandend","Daglicht","Droog",\N,"438304002","Ruurloseweg","Hengelo (Gld)","Bronckhorst","Gelderland",false,52.055499,6.32167,"material damage only","4","clear",false,1,"GM1876"
"20240086089",2024,"Letsel",2,"Personenauto","Fiets","Flank","Rotonde",50,"Niet brandend","Daglicht",\N,\N,\N,"Koenestraat","Amerongen","Utrechtse Heuvelrug","Utrecht",false,52.00065,5.460209,"injury","2","unknown",false,1,"GM1581"
"20240092830",2024,"Uitsluitend materiele schade",2,"Personenauto","Fiets","Flank","Kruispunt, 4 takken",50,"Niet brandend","Daglicht","Droog",\N,\N,"Aartshertogenlaan","'s-Hertogenbosch","'s-Hertogenbosch","Noord-Brabant",false,51.699521,5.304639,"material damage only","4","clear",false,1,"GM0796"
"20240097920",2024,"Uitsluitend materiele schade",2,"Personenauto","Fiets","Onbekend","Kruispunt, 4 takken",50,"Niet brandend","Daglicht","Droog",\N,\N,"Volendamlaan","'s-Gravenhage","'s-Gravenhage","Zuid-Holland",false,52.062258,4.27117,"material damage only","4","clear",false,1,"GM0518"
"20240098461",2024,"Letsel",2,"Fiets","Lichtmast","Vast voorwerp","Bocht",30,"Niet brandend","Daglicht","Droog",\N,"600551470","Hartveldseweg","Diemen","Diemen","Noord-Holland",false,52.339004,4.957732,"injury","2","clear",false,1,"GM0384"
"20240101270",2024,"Letsel",1,"Fiets",\N,"Eenzijdig","Kruispunt, 3 takken",50,"Niet brandend","Daglicht","Regen",\N,\N,"Voorhoflaan","Leiderdorp","Leiderdorp","Zuid-Holland",false,52.161327,4.535318,"injury","2","rain",false,1,"GM0547"
"20240044431",2024,"Uitsluitend materiele schade",1,"Fiets",\N,"Los voorwerp","Bocht",50,"Niet aanwezig","Daglicht","Droog",\N,"339219006","Nistelrodeseweg","Uden","Maashorst","Noord-Brabant",false,51.675631,5.601153,"material damage only","4","clear",false,1,"GM1991"
"20240074555",2024,"Uitsluitend materiele schade",1,"Fiets",\N,"Eenzijdig","Rechte weg",30,"Niet brandend","Daglicht","Droog",\N,"366052009","Kapelstraat","Beek","Beek","Limburg",false,50.922741,5.790165,"material damage only","4","clear",false,1,\N
"20240081611",2024,"Letsel",2,"Personenauto","Fiets","Geparkeerd voertuig","Rechte weg",30,"Niet brandend","Daglicht","Regen",\N,"177336087","Nieuwe Duinweg","Katwijk","Katwijk","Zuid-Holland",false,52.198048,4.417155,"injury","2","rain",false,1,"GM0537"
"20240093442",2024,"Uitsluitend materiele schade",2,"Personenauto","Fiets","Flank","Kruispunt, 4 takken",30,"Niet brandend","Daglicht","Droog",\N,\N,"Veritasweg","Oosterbeek","Renkum","Gelderland",false,51.987488,5.851185,"material damage only","4","clear",false,1,"GM0274"
"20240097764",2024,"Letsel",1,"Fiets",\N,"Onbekend","Rotonde",50,"Niet brandend","Schemer","Regen",\N,\N,"Nieuwe Parklaan","'s-Gravenhage","'s-Gravenhage","Zuid-Holland",false,52.099713,4.300641,"injury","2","rain",false,1,"GM0518"
"20240097998",2024,"Uitsluitend materiele schade",1,"Fiets",\N,"Onbekend","Rechte weg",30,"Niet brandend","Daglicht","Droog",\N,"144299032","Geestweg","Monster","Westland","Zuid-Holland",false,52.030837,4.18042,"material damage only","4","clear",false,1,"GM1783"
"20240050312",2024,"Uitsluitend materiele schade",2,"Fiets","Personenauto","Flank","Rechte weg",50,"Niet brandend","Daglicht","Droog",\N,"185305002","Dublinstraat","Zoetermeer","Zoetermeer","Zuid-Holland",false,52.058283,4.484421,"material damage only","4","clear",false,1,"GM0637"
"20240071449",2024,"Letsel",2,"Bestelauto","Fiets","Flank","Kruispunt, 4 takken",30,"Niet brandend","Daglicht","Droog",\N,\N,"Langeweg","Middelharnis","Goeree-Overflakkee","Zuid-Holland",false,51.755995,4.157285,"injury","2","clear",false,1,"GM1924"
"20240082950",2024,"Uitsluitend materiele schade",2,"Personenauto","Fiets","Los voorwerp","Rechte weg",30,"Niet brandend","Daglicht","Droog",\N,"400121080","Stationsstraat","Swalmen","Roermond","Limburg",false,51.235731,6.033327,"material damage only","4","clear",false,1,"GM0957"
"20240089460",2024,"Uitsluitend materiele schade",1,"Fiets",\N,"Flank","Kruispunt, 4 takken",50,"Niet brandend","Daglicht","Droog",\N,\N,"Franklinstraat","Zoetermeer","Zoetermeer","Zuid-Holland",false,52.056036,4.522709,"material damage only","4","clear",false,1,"GM0637"
"20240092456",2024,"Uitsluitend materiele schade",2,"Personenauto","Fiets","Onbekend","Rechte weg",50,"Niet brandend","Daglicht","Droog",\N,"423150003","Postweg","Venlo","Venlo","Limburg",false,51.365413,6.199097,"material damage only","4","clear",false,1,"GM0983"
"20240093490",2024,"Uitsluitend materiele schade",2,"Fiets","Fiets","Flank","Rechte weg",30,"Niet aanwezig","Daglicht","Droog",\N,"600857279","Mensinksdijkje","Deventer","Deventer","Overijssel",false,52.262142,6.189119,"material damage only","4","clear",false,1,"GM0150"
"20240095634",2024,"Letsel",2,"Fiets",\N,"Onbekend","Rechte weg",50,"Niet brandend","Daglicht","Droog",\N,"267316026","Amsterdamsestraatweg","Utrecht","Utrecht","Utrecht",false,52.111985,5.08048,"injury","2","clear",false,1,"GM0344"
"20240098015",2024,"Uitsluitend materiele schade",2,"Bromfiets","Fiets","Frontaal","Rechte weg",50,"Niet brandend","Daglicht","Droog","Brug/viaduct","245382102","IJdoornlaan","Amsterdam","Amsterdam","Noord-Holland",false,52.409112,4.915018,"material damage only","4","clear",false,1,"GM0363"
"20240086902",2024,"Uitsluitend materiele schade",2,"Personenauto","Fiets","Flank","Kruispunt, 3 takken",30,"Niet brandend","Daglicht","Droog",\N,\N,"Eekhoornakker","Houten","Houten","Utrecht",false,52.034701,5.182699,"material damage only","4","clear",false,1,"GM0321"
"20240092682",2024,"Uitsluitend materiele schade",2,"Fiets","Personenauto","Flank","Kruispunt, 3 takken",50,"Niet brandend","Daglicht","Droog",\N,\N,"Schoolstraat","Klimmen","Voerendaal","Limburg",false,50.877705,5.885631,"material damage only","4","clear",false,1,"GM0986"
"20240098293",2024,"Letsel",2,"Snorfiets","Fiets","Frontaal","Rechte weg",30,"Niet brandend","Daglicht","Droog",\N,"161307130","Hoefkade","'s-Gravenhage","'s-Gravenhage","Zuid-Holland",false,52.065756,4.307891,"injury","2","clear",false,1,"GM0518"
"20240098308",2024,"Uitsluitend materiele schade",1,"Fiets",\N,"Onbekend","Rechte weg",30,"Niet brandend","Daglicht","Regen",\N,"186328090","Nieuwe Beestenmarkt","Leiden","Leiden","Zuid-Holland",false,52.163185,4.486036,"material damage only","4","rain",false,1,"GM0546"
"20240049736",2024,"Letsel",2,"Fiets","Personenauto","Flank","Kruispunt, 4 takken",50,"Niet brandend","Daglicht","Droog",\N,\N,"Aaraustraat","Delft","Delft","Zuid-Holland",false,52.025127,4.356839,"injury","2","clear",false,1,"GM0503"
"20240089548",2024,"Letsel",2,"Personenauto","Fiets","Flank","Rotonde",50,"Niet brandend","Daglicht","Droog",\N,\N,"Verspronckweg","Haarlem","Haarlem","Noord-Holland",false,52.391426,4.625214,"injury","2","clear",false,1,"GM0392"
"20240094723",2024,"Uitsluitend materiele schade",2,"Personenauto","Fiets","Flank","Rotonde",50,"Niet brandend","Daglicht","Droog",\N,\N,"Heelsumseweg","Bennekom","Ede","Gelderland",false,51.996495,5.67681,"material damage only","4","clear",false,1,"GM0228"
"20240096285",2024,"Letsel",2,"Bus","Fiets","Flank","Rechte weg",80,"Niet brandend","Daglicht","Droog",\N,\N,"Ravensewetering","Nieuwegein","Nieuwegein","Utrecht",false,52.04995,5.119625,"injury","2","clear",false,1,"GM0356"
"20240098087",2024,"Letsel",1,"Fiets",\N,"Eenzijdig","Rechte weg",50,"Niet brandend","Daglicht","Droog",\N,"601097549","Grote Lot","Haastrecht","Krimpenerwaard","Zuid-Holland",false,52.009439,4.755228,"injury","2","clear",false,1,"GM1931"
"20240044579",2024,"Uitsluitend materiele schade",1,"Fiets",\N,"Voetganger","Rechte weg",50,"Niet aanwezig","Duisternis","Droog",\N,"600504311","Steeg","Schijndel","Meierijstad","Noord-Brabant",false,51.630459,5.452919,"material damage only","4","clear",false,1,"GM1948"
"20240048560",2024,"Uitsluitend materiele schade",2,"Personenauto","Fiets","Onbekend","Rechte weg",30,"Niet brandend","Daglicht","Droog",\N,"358285007","Van Ingenweg","Renkum","Renkum","Gelderland",false,51.974999,5.740535,"material damage only","4","clear",false,1,"GM0274"
"20240071563",2024,"Letsel",2,"Bromfiets","Fiets","Kop/staart","Kruispunt, 4 takken",50,"Niet brandend","Daglicht","Regen",\N,\N,"Prins Alexanderlaan","Rotterdam","Rotterdam","Zuid-Holland",false,51.931708,4.562994,"injury","2","rain",false,1,"GM0599"
"20240082438",2024,"Uitsluitend materiele schade",1,"Fiets",\N,"Eenzijdig","Rechte weg",30,"Niet aanwezig","Daglicht","Droog",\N,"370016005","Groot Heugdeweg","Noorbeek","Eijsden-Margraten","Limburg",false,50.760362,5.816138,"material damage only","4","clear",false,1,"GM1903"
"20240084394",2024,"Uitsluitend materiele schade",2,"Personenauto","Fiets","Flank","Kruispunt, 3 takken",60,"Niet brandend","Daglicht","Droog",\N,\N,"Molenweg","Heino","Raalte","Overijssel",false,52.442555,6.222566,"material damage only","4","clear",false,1,"GM0177"
"20240085645",2024,"Uitsluitend materiele schade",2,"Personenauto","Fiets","Onbekend","Kruispunt, 3 takken",50,"Niet brandend","Daglicht","Droog",\N,\N,"Helperzoom","Groningen","Groningen","Groningen",false,53.19751,6.593019,"material damage only","4","clear",false,1,"GM0014"
"20240088255",2024,"Letsel",2,"Motor","Fiets","Flank","Kruispunt, 4 takken",50,"Niet brandend","Daglicht","Droog",\N,\N,"Broekslootkade","'s-Gravenhage","'s-Gravenhage","Zuid-Holland",false,52.059778,4.335117,"injury","2","clear",false,1,"GM0518"
"20240089612",2024,"Letsel",1,"Fiets",\N,"Flank","Bocht",30,"Niet aanwezig","Daglicht","Droog",\N,"600642422","Reyndersweg","Velsen-Noord","Velsen","Noord-Holland",false,52.476254,4.577297,"injury","2","clear",false,1,"GM0453"
"20240090213",2024,"Letsel",1,"Fiets",\N,"Onbekend",\N,80,\N,"Daglicht",\N,\N,"600776942","Oude Bosschebaan","Udenhout","Tilburg","Noord-Brabant",false,51.637745,5.127678,"injury","2","unknown",false,1,"GM0855"
"20240098377",2024,"Dodelijk",2,"Trekker","Fiets","Flank","Rechte weg",50,"Niet brandend","Daglicht","Droog",\N,"600737645","Rijksstraatweg","Bennebroek","Bloemendaal","Noord-Holland",false,52.324113,4.594867,"fatal","1","clear",false,1,"GM0377"
"20240049181",2024,"Uitsluitend materiele schade",2,"Personenauto","Fiets","Flank","Rotonde",50,"Niet brandend","Daglicht","Droog",\N,\N,"Rooseveltweg","Wageningen","Wageningen","Gelderland",false,51.976566,5.661771,"material damage only","4","clear",false,1,"GM0289"
"20240049199",2024,"Letsel",2,"Personenauto","Fiets","Los voorwerp","Rotonde",30,"Niet brandend","Daglicht","Droog",\N,\N,"Goudplevier","IJsselmuiden","Kampen","Overijssel",false,52.563409,5.940645,"injury","2","clear",false,1,"GM0166"
"20240070948",2024,"Letsel",2,"Snorfiets","Fiets","Onbekend","Kruispunt, 4 takken",50,"Niet brandend","Daglicht","Droog",\N,\N,"Nieuwlandplein","Schiedam","Schiedam","Zuid-Holland",false,51.920694,4.385671,"injury","2","clear",false,1,"GM0606"
"20240075804",2024,"Uitsluitend materiele schade",2,"Personenauto","Fiets","Flank","Kruispunt, 3 takken",60,"Niet brandend","Daglicht","Droog",\N,\N,"De Deukten","Giethoorn","Steenwijkerland","Overijssel",false,52.732015,6.077535,"material damage only","4","clear",false,1,"GM1708"
"20240102165",2024,"Uitsluitend materiele schade",2,"Personenauto","Fiets","Onbekend","Rechte weg",50,"Niet brandend","Daglicht","Droog",\N,"268197005","Ringbaan-Noord","Tilburg","Tilburg","Noord-Brabant",false,51.577078,5.085864,"material damage only","4","clear",false,1,"GM0855"
"20240102891",2024,"Letsel",2,"Personenauto","Fiets","Onbekend","Rechte weg",30,"Niet brandend","Daglicht","Droog",\N,"600980555","Beekstraat","Nuenen","Nuenen, Gerwen en Nederwetten","Noord-Brabant",false,51.475173,5.561781,"injury","2","clear",false,1,"GM0820"
"20240102919",2024,"Letsel",2,"Snorfiets","Fiets","Frontaal","Rechte weg",80,"Niet aanwezig","Daglicht","Droog",\N,"353162035","Kanaaldijk-noord","Lierop","Someren","Noord-Brabant",false,51.419878,5.69957,"injury","2","clear",false,1,"GM0847"
"20240103294",2024,"Letsel",2,"Personenauto","Fiets","Flank","Rechte weg",50,"Niet brandend","Daglicht","Droog/Harde windstoten",\N,"365170030","Stationsstraat","Deurne","Deurne","Noord-Brabant",false,51.457805,5.785877,"injury","2","unknown",false,1,"GM0762"