"accident_id","year","severity_raw","party_count","party1_type","party2_type","accident_type","road_situation","speed_limit_kmh","road_lighting","light_condition_label","weather_raw","infra_type","road_segment_id","street_name","place_name","gemeente_name_raw","province","alcohol_indicated","latitude","longitude","severity_label","severity_code","weather_label","built_up_area","cyclists_involved","gemeente_code"
"20240046861",2024,"Uitsluitend materiele schade",2,"Personenauto","e-bike","Flank","Rotonde",50,"Niet brandend","Daglicht","Droog",\N,\N,"Laan naar Parijsch","Culemborg","Culemborg","Gelderland",false,51.942967,5.195044,"material damage only","4","clear",false,1,"GM0216"
"20240048619",2024,"Uitsluitend materiele schade",2,"Personenauto","Fiets","Los voorwerp","Kruispunt, 3 takken",30,"Niet brandend","Daglicht","Droog",\N,\N,"Heemsteedseweg","Houten","Houten","Utrecht",false,52.027331,5.127994,"material damage only","4","clear",false,1,"GM0321"
"20240049852",2024,"Letsel",3,"Personenauto","Fiets","Frontaal","Bocht",15,"Niet brandend","Daglicht","Droog",\N,"203281055","'s-Gravenweg","Nieuwerkerk aan den IJssel","Zuidplas","Zuid-Holland",false,51.952509,4.614938,"injury","2","clear",false,1,"GM1892"
"20240080719",2024,"Letsel",2,"Personenauto","Fiets","Flank","Rechte weg",30,"Niet brandend","Daglicht","Droog",\N,\N,"Radenhove","Middelburg","Middelburg","Zeeland",false,51.486523,3.614921,"injury","2","clear",false,1,\N
"20240085070",2024,"Letsel",1,"Fiets",\N,"Onbekend","Rechte weg",50,"Niet brandend","Daglicht","Droog",\N,"414555046","Langelaan","Surhuisterveen","Achtkarspelen","Friesland",false,53.182072,6.168907,"injury","2","clear",false,1,"GM0059"
"20240085074",2024,"Letsel",2,"Fiets","Los voorwerp","Los voorwerp","Rechte weg",50,"Niet brandend","Daglicht","Droog",\N,"313552009","Zuiderhaven","Harlingen","Harlingen","Friesland",false,53.1732,5.415057,"injury","2","clear",false,1,"GM0072"
"20240091607",2024,"Letsel",2,"Bromfiets","Fiets","Frontaal","Bocht",50,"Niet brandend","Daglicht","Droog",\N,"600730294","Zwetpad","Zoeterwoude","Zoeterwoude","Zuid-Holland",false,52.103238,4.49347,"injury","2","clear",false,1,"GM0638"
"20240103158",2024,"Letsel",2,"Fiets","Fiets","Frontaal","Rechte weg",60,"Niet brandend","Daglicht","Droog",\N,"285167002","Spreeuwelsedijk","Oost West en Middelbeers","Oirschot","Noord-Brabant",false,51.443116,5.21241,"injury","2","clear",false,1,"GM0823"
"20240048659",2024,"Letsel",2,"Personenauto","Fiets","Onbekend","Rotonde",30,"Niet brandend","Daglicht","Droog",\N,\N,"Hessenweg","De Bilt","De Bilt","Utrecht",false,52.105721,5.178348,"injury","2","clear",false,1,"GM0310"
"20240073533",2024,"Uitsluitend materiele schade",2,"Personenauto","Fiets","Flank","Rechte weg",30,"Niet brandend","Daglicht","Regen",\N,\N,"Hertog Hendrikstraat","Sint-Oedenrode","Meierijstad","Noord-Brabant",false,51.561207,5.462083,"material damage only","4","rain",false,1,"GM1948"
"20240080768",2024,"Letsel",2,"Personenauto","Fiets","Flank","Kruispunt, 3 takken",30,"Niet brandend","Daglicht","Droog",\N,\N,"Perengaarde","Hendrik-Ido-Ambacht","Hendrik-Ido-Ambacht","Zuid-Holland",false,51.836256,4.646736,"injury","2","clear",false,1,"GM0531"
"20240081920",2024,"Letsel",1,"Fiets",\N,"Onbekend",\N,50,\N,"Daglicht",\N,\N,"174311122","Oude Trambaan","Leidschendam","Leidschendam-Voorburg","Zuid-Holland",false,52.087256,4.400491,"injury","2","unknown",false,1,"GM1916"
"20240083884",2024,"Uitsluitend materiele schade",2,"Fiets","Fiets","Flank","Kruispunt, 3 takken",30,"Niet brandend","Daglicht","Droog",\N,\N,"Kruisstraat","Oss","Oss","Noord-Brabant",false,51.763584,5.51882,"material damage only","4","clear",false,1,"GM0828"
"20240085105",2024,"Letsel",2,"e-bike","Voetganger","Flank","Kruispunt, 3 takken",30,"Niet brandend","Daglicht","Droog",\N,"600656854","Jan Th. Tooroplaan","Ede","Ede","Gelderland",false,52.024385,5.654557,"injury","2","clear",false,1,"GM0228"
"20240094437",2024,"Letsel",2,"Fiets","Overig vast object","Vast voorwerp","Rechte weg",30,"Niet brandend","Daglicht","Droog",\N,"600175023","Canadezenlaan","Leeuwarden","Leeuwarden","Friesland",false,53.215497,5.817697,"injury","2","clear",false,1,"GM0080"
"20240095881",2024,"Letsel",2,"Personenauto","Fiets","Kop/staart","Kruispunt, 3 takken",30,"Niet brandend","Daglicht","Droog",\N,\N,"Schouwstraat","Rijsenhout","Haarlemmermeer","Noord-Holland",false,52.257681,4.717338,"injury","2","clear",false,1,"GM0394"
"20240096461",2024,"Letsel",3,"e-bike","Fiets","Flank","Kruispunt, 4 takken",30,"Niet brandend","Daglicht","Droog",\N,\N,"Appelboomhof","Almere","Almere","Flevoland",false,52.373094,5.241411,"injury","2","clear",false,1,"GM0034"
"20240099479",2024,"Letsel",2,"Personenauto","Fiets","Flank","Kruispunt, 4 takken",30,"Niet brandend","Daglicht","Droog",\N,\N,"Spoorstraat","Oost-Souburg","Vlissingen","Zeeland",false,51.464604,3.595521,"injury","2","clear",false,1,"GM0718"
"20240099975",2024,"Letsel",4,\N,"Fiets","Flank","Kruispunt, 3 takken",\N,"Niet brandend","Daglicht","Droog",\N,\N,"Standerdmolen","Barendrecht","Barendrecht","Zuid-Holland",false,51.848315,4.5294,"injury","2","clear",false,1,"GM0489"
"20240046334",2024,"Letsel",2,"Fiets","Fiets","Onbekend","Rechte weg",50,"Niet brandend","Daglicht","Droog","Tunnel","341366010","Stationsplein","Harderwijk","Harderwijk","Gelderland",false,52.338122,5.620929,"injury","2","clear",false,1,"GM0243"
"20240049311",2024,"Letsel",2,"Personenauto","Fiets","Flank","Kruispunt, 4 takken",80,"Niet brandend","Daglicht","Droog",\N,\N,"Kruisbergseweg","Zelhem","Bronckhorst","Gelderland",false,52.007806,6.30793,"injury","2","clear",false,1,"GM1876"
"20240079391",2024,"Letsel",2,"Personenauto","Fiets","Flank","Rotonde",50,"Niet brandend","Daglicht","Droog",\N,\N,"Icaruslaan","Heerhugowaard","Dijk en Waard","Noord-Holland",false,52.673056,4.835492,"injury","2","clear",false,1,"GM1980"
"20240086451",2024,"Letsel",1,"Fiets",\N,"Kop/staart","Rechte weg",80,"Niet aanwezig","Daglicht","Droog",\N,\N,"Schilderweg","Den Burg","Texel","Noord-Holland",false,53.046589,4.815027,"injury","2","clear",false,1,"GM0448"
"20240089734",2024,"Uitsluitend materiele schade",2,"Personenauto","Fiets","Onbekend","Rechte weg",15,"Niet brandend","Daglicht","Droog",\N,"78202010","Mariapolderseweg","Kamperland","Noord-Beveland","Zeeland",false,51.588545,3.723488,"material damage only","4","clear",false,1,"GM1695"
"20240091686",2024,"Letsel",2,"Motor","Fiets","Flank","Kruispunt, 4 takken",50,"Niet brandend","Daglicht","Droog",\N,\N,"Burg Bruins Slotsingel","Alphen aan den Rijn","Alphen aan den Rijn","Zuid-Holland",false,52.143314,4.675207,"injury","2","clear",false,1,"GM0484"
"20240095408",2024,"Uitsluitend materiele schade",2,"Personenauto","Fiets","Flank","Kruispunt, 3 takken",50,"Niet brandend","Daglicht","Droog",\N,\N,"Stukkenlaan","Huizen","Huizen","Noord-Holland",false,52.293534,5.195722,"material damage only","4","clear",false,1,"GM0406"
"20240099405",2024,"Letsel",2,\N,"Fiets","Onbekend","Rechte weg",30,"Niet brandend","Daglicht","Droog",\N,"600519340","FIETSPAD","Vlaardingen","Vlaardingen","Zuid-Holland",false,51.911476,4.36142,"injury","2","clear",false,1,"GM0622"
"20240043497",2024,"Uitsluitend materiele schade",2,"Fiets","Personenauto","Flank","Rotonde",50,"Niet brandend","Daglicht","Droog",\N,\N,"Nachtegaallaan","Leiden","Leiden","Zuid-Holland",false,52.169664,4.468105,"material damage only","4","clear",false,1,"GM0546"
"20240048731",2024,"Uitsluitend materiele schade",2,"Fiets","Overig vast object","Vast voorwerp","Rechte weg",50,"Niet brandend","Daglicht","Droog",\N,"405297002","Middachterlaan","Ellecom","Rheden","Gelderland",false,52.028308,6.084178,"material damage only","4","clear",false,1,"GM0275"
"20240070457",2024,"Uitsluitend materiele schade",2,"Bromfiets","Fiets","Flank","Kruispunt, 4 takken",30,"Niet aanwezig","Daglicht","Droog",\N,\N,"FIETSPAD","Rotterdam","Rotterdam","Zuid-Holland",false,51.935378,4.560534,"material damage only","4","clear",false,1,"GM0599"
"20240074918",2024,"Uitsluitend materiele schade",2,"Personenauto","Fiets","Flank","Bocht",50,"Niet brandend","Daglicht","Regen",\N,\N,"Hovenierslaantje","Tiel","Tiel","Gelderland",false,51.891247,5.432753,"material damage only","4","rain",false,1,"GM0281"
"20240082631",2024,"Uitsluitend materiele schade",3,"Brommobiel","Fiets","Vast voorwerp","Bocht",60,"Niet brandend","Daglicht","Droog",\N,"327181002","Hooijdonk","Son en Breugel","Son en Breugel","Noord-Brabant",false,51.502781,5.510193,"material damage only","4","clear",false,1,"GM0848"
"20240087845",2024,"Uitsluitend materiele schade",1,"Fiets",\N,"Eenzijdig","Rechte weg",30,"Niet brandend","Daglicht","Droog",\N,\N,"Veenderveld","Roelofarendsveen","Kaag en Braassem","Zuid-Holland",false,52.192657,4.612794,"material damage only","4","clear",false,1,"GM1884"
"20240101776",2024,"Uitsluitend materiele schade",2,"Fiets","Personenauto","Onbekend","Kruispunt, 3 takken",30,"Niet brandend","Daglicht","Regen",\N,\N,"Tarwelaan","Eindhoven","Eindhoven","Noord-Brabant",false,51.476836,5.49316,"material damage only","4","rain",false,1,"GM0772"
"20240044207",2024,"Uitsluitend materiele schade",2,"Bromfiets","Fiets","Flank","Rotonde",50,"Niet brandend","Daglicht","Droog",\N,\N,"Rijsbergseweg","Etten-Leur","Etten-Leur","Noord-Brabant",false,51.558386,4.655481,"material damage only","4","clear",false,1,"GM0777"
"20240070503",2024,"Letsel",2,"Personenauto","Fiets","Los voorwerp","Kruispunt, 3 takken",50,"Niet brandend","Daglicht","Droog",\N,\N,"Zuidlandstraat","Terneuzen","Terneuzen","Zeeland",false,51.329788,3.8426,"injury","2","clear",false,1,"GM0715"
"20240078266",2024,"Uitsluitend materiele schade",2,"Personenauto","Fiets","Flank","Kruispunt, 4 takken",30,"Niet brandend","Daglicht","Droog",\N,\N,"Chicagostraat","Almere","Almere","Flevoland",false,52.395763,5.274772,"material damage only","4","clear",false,1,"GM0034"
"20240080909",2024,"Letsel",1,"Fiets",\N,"Eenzijdig","Bocht",50,"Niet brandend","Daglicht","Droog",\N,"600995630","Gerdesiaweg","Rotterdam","Rotterdam","Zuid-Holland",false,51.926118,4.4966,"injury","2","clear",false,1,"GM0599"
"20240083976",2024,"Uitsluitend materiele schade",2,"Personenauto","Fiets","Flank","Kruispunt, 3 takken",50,"Niet brandend","Daglicht","Droog",\N,\N,"Glorieuxlaan","Eindhoven","Eindhoven","Noord-Brabant",false,51.431329,5.496573,"material damage only","4","clear",false,1,"GM0772"
"20240089167",2024,"Letsel",2,"Personenauto","Fiets","Flank","Rechte weg",50,"Niet brandend","Schemer","Droog",\N,"600579698","Nieuweweg","Poeldijk","Westland","Zuid-Holland",false,52.029672,4.221493,"injury","2","clear",false,1,"GM1783"
"20240089186",2024,"Uitsluitend materiele schade",2,"Personenauto","Fiets","Flank","Kruispunt, 4 takken",50,"Niet brandend","Daglicht","Droog",\N,\N,"Floris van Adrichemlaan","Haarlem","Haarlem","Noord-Holland",false,52.364519,4.664485,"material damage only","4","clear",false,1,"GM0392"
"20240101350",2024,"Letsel",2,"Motor","Fiets","Onbekend","Rechte weg",60,"Niet brandend","Daglicht","Regen",\N,"154283008","Burgerweg","Maasland","Midden-Delfland","Zuid-Holland",false,51.956933,4.254439,"injury","2","rain",false,1,"GM1842"
"20240101969",2024,"Uitsluitend materiele schade",2,"Personenauto","Fiets","Onbekend","Rotonde",30,"Niet brandend","Daglicht","Droog",\N,\N,"Molenstraat","Oss","Oss","Noord-Brabant",false,51.765804,5.526656,"material damage only","4","clear",false,1,"GM0828"
"20240102519",2024,"Uitsluitend materiele schade",2,"Personenauto","Fiets","Onbekend","Kruispunt, 3 takken",50,"Niet brandend","Daglicht","Droog",\N,\N,"Molendijk","Standdaarbuiten","Moerdijk","Noord-Brabant",false,51.614678,4.519012,"material damage only","4","clear",false,1,"GM1709"
"20240049440",2024,"Letsel",2,"Personenauto","Fiets","Flank","Kruispunt, 4 takken",50,"Niet brandend","Daglicht","Droog",\N,\N,"Balladelaan","Amersfoort","Amersfoort","Utrecht",false,52.165139,5.381092,"injury","2","clear",false,1,"GM0307"
"20240071217",2024,"Letsel",3,"Bromfiets","Fiets","Voetganger","Kruispunt, 4 takken",50,"Niet brandend","Daglicht","Droog",\N,\N,"de Kempenaerstraat","Oegstgeest","Oegstgeest","Zuid-Holland",false,52.177386,4.467218,"injury","2","clear",false,1,"GM0579"
"20240080950",2024,"Letsel",2,"Fiets","Overig vast object","Vast voorwerp","Rechte weg",30,"Niet brandend","Daglicht","Droog",\N,"171280126","Timjanveld","Schiedam","Schiedam","Zuid-Holland",false,51.946099,4.379698,"injury","2","clear",false,1,"GM0606"
"20240097176",2024,"Letsel",2,"Personenauto","Fiets","Frontaal","Rotonde",50,"Niet brandend","Daglicht","Regen",\N,\N,"Klaphekweg","Ede","Ede","Gelderland",false,52.038621,5.649992,"injury","2","rain",false,1,"GM0228"
"20240100990",2024,"Letsel",1,"Fiets",\N,"Onbekend","Rechte weg",30,"Niet brandend","Daglicht","Droog",\N,"184327055","Damlaan","Leiden","Leiden","Zuid-Holland",false,52.157903,4.467756,"injury","2","clear",false,1,"GM0546"
"20240102730",2024,"Uitsluitend materiele schade",2,"Personenauto","e-bike","Flank","Rotonde",50,"Niet brandend","Daglicht","Droog",\N,\N,"Porseleinstraat","Maastricht","Maastricht","Limburg",false,50.849727,5.661844,"material damage only","4","clear",false,1,"GM0935"
"20240103205",2024,"Uitsluitend materiele schade",2,"Personenauto","Fiets","Onbekend","Bocht",30,"Niet brandend","Daglicht","Regen",\N,"299227002","Rompert Park","'s-Hertogenbosch","'s-Hertogenbosch","Noord-Brabant",false,51.71434,5.313413,"material damage only","4","rain",false,1,"GM0796"
"20240043645",2024,"Uitsluitend materiele schade",2,"Personenauto","Fiets","Flank","Rechte weg",50,"Brandend","Duisternis","Regen",\N,"601081639","Stationsweg","Eindhoven","Eindhoven","Noord-Brabant",false,51.442125,5.484103,"material damage only","4","rain",false,1,"GM0772"
"20240082737",2024,"Uitsluitend materiele schade",2,"Fiets","Bestelauto","Flank","Kruispunt, 4 takken",30,"Niet brandend","Daglicht","Droog",\N,\N,"Papaverstraat","Schijndel","Meierijstad","Noord-Brabant",false,51.626487,5.426061,"material damage only","4","clear",false,1,"GM1948"
"20240077757",2024,"Uitsluitend materiele schade",2,"Fiets","Fiets","Flank","Rechte weg",50,"Niet brandend","Daglicht","Droog",\N,"600782067","Jan van der Heijdenstr","Hilversum","Hilversum","Noord-Holland",false,52.225239,5.193047,"material damage only","4","clear",false,1,"GM0402"
"20240090591",2024,"Letsel",2,"Personenauto","Fiets","Flank","Kruispunt, 4 takken",50,"Niet brandend","Daglicht","Droog",\N,\N,"Breeplein","Rotterdam","Rotterdam","Zuid-Holland",false,51.89051,4.513958,"injury","2","clear",false,1,"GM0599"
"20240046575",2024,"Letsel",2,"Personenauto","Fiets","Flank","Rechte weg",60,"Niet aanwezig","Daglicht","Droog","Parkeervoorziening",\N,"Electraweg","Oldehove","Westerkwartier","Groningen",false,53.313715,6.356335,"injury","2","clear",false,1,"GM1969"
"20230051813",2023,"Letsel",2,"Personenauto","e-bike","Flank","Kruispunt, 4 takken",30,"Niet aanwezig","Daglicht","Droog",\N,\N,"Schiebroeksesingel","Rotterdam","Rotterdam","Zuid-Holland",false,51.946448,4.474105,"injury","2","clear",false,1,"GM0599"
"20230057040",2023,"Uitsluitend materiele schade",2,"Bestelauto","Fiets","Flank","Rotonde",50,"Niet brandend","Daglicht","Droog",\N,\N,"Broekheurne-ring","Enschede","Enschede","Overijssel",false,52.191815,6.867052,"material damage only","4","clear",false,1,"GM0153"
"20230059042",2023,"Uitsluitend materiele schade",2,"Personenauto","Fiets","Frontaal","Rechte weg",50,"Niet brandend","Daglicht","Droog",\N,"242375131","Nieuwezijds Voorburgwal","Amsterdam","Amsterdam","Noord-Holland",false,52.376766,4.894701,"material damage only","4","clear",false,1,"GM0363"
"20230059445",2023,"Uitsluitend materiele schade",2,"Personenauto","Fiets","Onbekend","Kruispunt, 4 takken",50,"Niet brandend","Daglicht","Droog",\N,\N,"0063 BRUG","Amsterdam","Amsterdam","Noord-Holland",false,52.374141,4.883376,"material damage only","4","clear",false,1,"GM0363"
"20230061429",2023,"Letsel",1,"Fiets",\N,"Eenzijdig",\N,30,\N,"Daglicht",\N,\N,"185327097","Morsweg","Leiden","Leiden","Zuid-Holland",false,52.160611,4.476801,"injury","2","unknown",false,1,"GM0546"
"20230062701",2023,"Uitsluitend materiele schade",1,"Fiets",\N,"Frontaal","Rechte weg",50,"Niet brandend","Daglicht","Droog",\N,"600891692","Burg Schneiderlaan","Roosendaal","Roosendaal","Noord-Brabant",false,51.521796,4.470265,"material damage only","4","clear",false,1,"GM1674"
"20230065544",2023,"Letsel",1,"e-bike",\N,"Eenzijdig","Kruispunt, 3 takken",30,"Niet aanwezig","Daglicht","Droog",\N,\N,"Sonsbeeksingel","Arnhem","Arnhem","Gelderland",false,51.985359,5.92009,"injury","2","clear",false,1,"GM0202"
"20230039051",2023,"Letsel",2,"Personenauto","Fiets","Onbekend","Kruispunt, 3 takken",\N,"Niet brandend","Daglicht","Droog",\N,\N,"Soestdijksekade","'s-Gravenhage","'s-Gravenhage","Zuid-Holland",false,52.0666,4.270596,"injury","2","clear",false,1,"GM0518"
"20230039602",2023,"Letsel",2,"Bromfiets","Fiets","Flank","Kruispunt, 3 takken",50,"Niet brandend","Daglicht","Droog",\N,\N,"Prinsengracht","Amsterdam","Amsterdam","Noord-Holland",false,52.373176,4.882719,"injury","2","clear",false,1,"GM0363"
"20230049559",2023,"Letsel",2,"Bestelauto","Fiets","Eenzijdig","Rechte weg",30,"Niet brandend","Daglicht","Droog",\N,\N,"Zuiderkruis","Katwijk","Katwijk","Zuid-Holland",false,52.210887,4.414489,"injury","2","clear",false,1,"GM0537"
"20230051856",2023,"Letsel",3,"Personenauto","Fiets","Onbekend","Rechte weg",50,"Niet brandend","Daglicht","Droog",\N,"600281866","Raadhuisplein","Rucphen","Rucphen","Noord-Brabant",false,51.532413,4.559331,"injury","2","clear",false,1,"GM0840"
"20230053018",2023,"Uitsluitend materiele schade",2,"Fiets","Personenauto","Onbekend","Kruispunt, 3 takken",50,"Niet brandend","Daglicht","Droog",\N,\N,"Waterviolier","Breda","Breda","Noord-Brabant",false,51.618485,4.73089,"material damage only","4","clear",false,1,"GM0758"
"20230058718",2023,"Letsel",2,"Fiets","Fiets","Kop/staart","Rechte weg",50,"Niet brandend","Schemer","Droog",\N,"600726045","van Panhuysstraat","Noordwijk","Noordwijk","Zuid-Holland",false,52.242832,4.44412,"injury","2","clear",false,1,"GM0575"
"20230062956",2023,"Uitsluitend materiele schade",2,"Motor","Fiets","Flank","Kruispunt, 4 takken",50,"Niet brandend","Daglicht","Droog",\N,\N,"Leemstraat","Roosendaal","Rucphen","Noord-Brabant",false,51.544022,4.504381,"material damage only","4","clear",false,1,"GM0840"
"20230064639",2023,"Uitsluitend materiele schade",1,"Fiets",\N,"Onbekend","Rechte weg",\N,"Brandend","Schemer","Droog",\N,"380285009","Malburgse Bandijk","Arnhem","Arnhem","Gelderland",false,51.97204,5.902145,"material damage only","4","clear",false,1,"GM0202"
"20230038515",2023,"Letsel",2,"Personenauto","Fiets","Flank","Rotonde",50,"Niet brandend","Daglicht","Droog",\N,\N,"Grote Kreek","Rotterdam","Rotterdam","Zuid-Holland",false,51.886753,4.534418,"injury","2","clear",false,1,"GM0599"
"20230043109",2023,"Letsel",2,"Fiets","Voetganger","Voetganger","Rechte weg",30,"Niet brandend","Daglicht","Droog","Parkeervoorziening","207263071","W B van der Veldenstraat","Alblasserdam","Alblasserdam","Zuid-Holland",false,51.869809,4.642207,"injury","2","clear",false,1,"GM0482"
"20230044280",2023,"Uitsluitend materiele schade",2,"Personenauto","Fiets","Kop/staart","Rechte weg",50,"Niet brandend","Daglicht","Droog",\N,"477421068","Parkweg","Hardenberg","Hardenberg","Overijssel",false,52.575981,6.627134,"material damage only","4","clear",false,1,"GM0160"
"20230047219",2023,"Letsel",2,"Fiets","Onbekend voertuig i.g.v. doorrijder","Kop/staart","Rechte weg",50,"Niet aanwezig","Daglicht","Droog",\N,"600737710","Zuidersluisweg","IJmuiden","Velsen","Noord-Holland",false,52.464919,4.59391,"injury","2","clear",false,1,"GM0453"
"20230050145",2023,"Letsel",2,"Snorfiets","e-bike","Flank","Kruispunt, 4 takken",50,"Niet brandend","Daglicht","Droog",\N,\N,"Nieuwe Duinweg","'s-Gravenhage","'s-Gravenhage","Zuid-Holland",false,52.107648,4.289369,"injury","2","clear",false,1,"GM0518"
"20230050149",2023,"Letsel",2,"e-bike","Fiets","Flank","Kruispunt, 3 takken",30,"Niet brandend","Daglicht","Droog",\N,\N,"J.C. Bloemhove","Zoetermeer","Zoetermeer","Zuid-Holland",false,52.06393,4.474611,"injury","2","clear",false,1,"GM0637"
"20230057490",2023,"Letsel",1,"Fiets",\N,"Eenzijdig","Rechte weg",80,"Niet aanwezig","Duisternis","Droog",\N,"600837768","Leuthsestraat","Ooij","Berg en Dal","Gelderland",false,51.852428,5.927995,"injury","2","clear",false,1,"GM1945"
"20230044907",2023,"Letsel",2,"Bromfiets","Fiets","Flank","Rechte weg",50,"Niet brandend","Daglicht","Droog",\N,"600865833","Veenhoopsweg","Smilde","Midden-Drenthe","Drenthe",false,52.947876,6.444872,"injury","2","clear",false,1,"GM1731"
"20230053667",2023,"Uitsluitend materiele schade",2,"Personenauto","Fiets","Flank","Rotonde",50,"Niet brandend","Daglicht","Droog",\N,\N,"Langstraat","Venray","Venray","Limburg",false,51.519447,5.970764,"material damage only","4","clear",false,1,"GM0984"
"20230057943",2023,"Uitsluitend materiele schade",2,"Personenauto","Fiets","Frontaal","Rechte weg",50,"Brandend","Duisternis","Droog",\N,\N,"Nagelerweg","Emmeloord","Noordoostpolder","Flevoland",false,52.705941,5.755479,"material damage only","4","clear",false,1,"GM0171"
"20230058791",2023,"Letsel",2,"Personenauto","Fiets","Flank","Kruispunt, 3 takken",50,"Niet brandend","Daglicht","Droog",\N,\N,"Indischestraat","Haarlem","Haarlem","Noord-Holland",false,52.40088,4.648136,"injury","2","clear",false,1,"GM0392"
"20230059138",2023,"Letsel",2,"Fiets","Bestelauto","Flank","Kruispunt, 4 takken",50,"Niet brandend","Daglicht","Droog",\N,\N,"Timorstraat","Haarlem","Haarlem","Noord-Holland",false,52.401069,4.646347,"injury","2","clear",false,1,"GM0392"
"20230064305",2023,"Letsel",1,"Fiets",\N,"Eenzijdig","Kruispunt, 3 takken",30,"Niet brandend","Daglicht","Droog",\N,\N,"Heerestraat","Roden","Noordenveld","Drenthe",false,53.136613,6.430318,"injury","2","clear",false,1,"GM1699"
"20230042016",2023,"Uitsluitend materiele schade",2,"Bromfiets","Fiets","Flank","Rechte weg",60,"Niet brandend","Daglicht","Droog",\N,"333205029","Beukelaarstraat","Veghel","Meierijstad","Noord-Brabant",false,51.615346,5.557682,"material damage only","4","clear",false,1,"GM1948"
"20230059604",2023,"Letsel",2,"Personenauto","Fiets","Flank","Kruispunt, 4 takken",50,"Niet brandend","Daglicht","Droog",\N,\N,"Persijnlaan","Purmerend","Purmerend","Noord-Holland",false,52.488575,4.960946,"injury","2","clear",false,1,"GM0439"
"20230049689",2023,"Uitsluitend materiele schade",3,"Fiets","Fiets","Flank","Kruispunt, 4 takken",50,"Niet brandend","Daglicht","Droog",\N,\N,"Storm v 's-Gravesandeweg","Wassenaar","Wassenaar","Zuid-Holland",false,52.145763,4.388756,"material damage only","4","clear",false,1,"GM0629"
"20230054311",2023,"Uitsluitend materiele schade",2,"Personenauto","Fiets","Flank","Rechte weg",30,"Brandend","Duisternis","Droog",\N,"600375092","Wycker Brugstraat","Maastricht","Maastricht","Limburg",false,50.849503,5.700196,"material damage only","4","clear",false,1,"GM0935"
"20230054322",2023,"Letsel",2,"Fiets","Fiets","Onbekend","Rechte weg",50,"Niet brandend","Daglicht","Droog",\N,"366054009","Kasteel Genbroekstraat","Beek","Beek","Limburg",false,50.935151,5.789167,"injury","2","clear",false,1,\N
"20230054910",2023,"Letsel",2,"Personenauto","Fiets","Flank","Kruispunt, 3 takken",50,"Niet brandend","Daglicht","Droog",\N,\N,"Kanaalstraat","Enschede","Enschede","Overijssel",false,52.232794,6.84317,"injury","2","clear",false,1,"GM0153"
"20230058529",2023,"Letsel",2,"Bromfiets","Fiets","Flank","Kruispunt, 4 takken",30,"Niet brandend","Daglicht","Droog",\N,\N,"Stationsweg","'s-Gravenhage","'s-Gravenhage","Zuid-Holland",false,52.070326,4.321664,"injury","2","clear",false,1,"GM0518"
"20240133159",2024,"Letsel",2,"Fiets","Fiets","Frontaal","Bocht",50,"Brandend","Schemer","Droog",\N,"174311158","Prins Hendriklaan","Leidschendam","Leidschendam-Voorburg","Zuid-Holland",false,52.087418,4.399959,"injury","2","clear",false,1,"GM1916"
"20230037479",2023,"Uitsluitend materiele schade",2,"Bromfiets","Fiets","Kop/staart","Rechte weg",30,"Niet brandend","Daglicht","Droog",\N,"600976440","Cartesiusweg","Utrecht","Utrecht","Utrecht",false,52.101821,5.086953,"material damage only","4","clear",false,1,"GM0344"
"20230046795",2023,"Uitsluitend materiele schade",3,"Fiets","Personenauto","Flank","Kruispunt, 3 takken",60,"Niet aanwezig","Daglicht","Droog",\N,\N,"Dergmeerweg","Warmenhuizen","Schagen","Noord-Holland",false,52.728201,4.748293,"material damage only","4","clear",false,1,"GM0441"
"20230047975",2023,"Uitsluitend materiele schade",2,"Personenauto","Fiets","Frontaal","Bocht",50,"Niet brandend","Daglicht","Droog",\N,"267436003","Lepelaar","Hoorn","Hoorn","Noord-Holland",false,52.652501,5.075009,"material damage only","4","clear",false,1,"GM0405"
"20230050852",2023,"Uitsluitend materiele schade",2,"Fiets","Voetganger","Voetganger","Rechte weg",30,"Niet brandend","Daglicht","Droog",\N,"169293175","Scheepmakerij","Delft","Delft","Zuid-Holland",false,52.004314,4.362143,"material damage only","4","clear",false,1,"GM0503"
"20230058296",2023,"Uitsluitend materiele schade",2,"Personenauto","e-bike","Onbekend","Kruispunt, 3 takken",50,"Niet brandend","Daglicht","Droog",\N,\N,"Van der Hooplaan","Amstelveen","Amstelveen","Noord-Holland",false,52.291699,4.854703,"material damage only","4","clear",false,1,"GM0362"
"20230061665",2023,"Letsel",1,"Fiets",\N,"Eenzijdig","Rechte weg",50,"Niet brandend","Daglicht","Droog",\N,"162309142","Dagelijkse Groenmarkt","'s-Gravenhage","'s-Gravenhage","Zuid-Holland",false,52.077728,4.308595,"injury","2","clear",false,1,"GM0518"
"20230061666",2023,"Uitsluitend materiele schade",2,"Fiets","Personenauto","Frontaal","Rechte weg",30,"Niet brandend","Daglicht","Regen",\N,\N,"René van Chalônstraat","Dordrecht","Dordrecht","Zuid-Holland",false,51.79957,4.671082,"material damage only","4","rain",false,1,"GM0505"
"20230039843",2023,"Letsel",1,"Fiets",\N,"Eenzijdig","Rechte weg",30,"Niet aanwezig","Daglicht","Droog",\N,"143297018","van Goghlaan","Monster","Westland","Zuid-Holland",false,52.022975,4.176877,"injury","2","clear",false,1,"GM1783"