"accident_id","year","severity_raw","party_count","party1_type","party2_type","accident_type","road_situation","speed_limit_kmh","road_lighting","light_condition_label","weather_raw","infra_type","road_segment_id","street_name","place_name","gemeente_name_raw","province","alcohol_indicated","latitude","longitude","severity_label","severity_code","weather_label","built_up_area","cyclists_involved","gemeente_code"
"20230046808",2023,"Uitsluitend materiele schade",2,"Personenauto","Fiets","Onbekend","Rechte weg",50,"Niet brandend","Daglicht","Droog",\N,"272312258","Catharijnesingel","Utrecht","Utrecht","Utrecht",false,52.092061,5.112137,"material damage only","4","clear",false,1,"GM0344"
"20230060175",2023,"Letsel",1,"Fiets",\N,"Eenzijdig","Rechte weg",50,"Niet brandend","Daglicht","Droog",\N,"600580606","Oldegaarde","Rotterdam","Rotterdam","Zuid-Holland",false,51.877039,4.486666,"injury","2","clear",false,1,"GM0599"
"20240129812",2024,"Letsel",1,"Fiets",\N,"Onbekend","Rechte weg",30,"Niet brandend","Daglicht","Droog",\N,"269299036","Herenstraat","Nieuwegein","Nieuwegein","Utrecht",false,52.034768,5.092785,"injury","2","clear",false,1,"GM0356"
"20240130139",2024,"Letsel",2,"Fiets","Overig vast object","Vast voorwerp","Kruispunt, 4 takken",30,"Niet brandend","Daglicht","Droog",\N,\N,"Rijksstraatweg","Geldermalsen","West Betuwe","Gelderland",false,51.882427,5.289913,"injury","2","clear",false,1,"GM1960"
"20240130361",2024,"Uitsluitend materiele schade",2,"Personenauto","Fiets","Flank","Rechte weg",50,"Brandend","Duisternis","Droog",\N,"274312063","Biltstraat","Utrecht","Utrecht","Utrecht",false,52.095066,5.126895,"material damage only","4","clear",false,1,"GM0344"
"20230038146",2023,"Letsel",2,"Personenauto","Fiets","Frontaal","Kruispunt, 4 takken",30,"Niet brandend","Daglicht","Droog",\N,\N,"Klaversloot","Broek op Langedijk","Dijk en Waard","Noord-Holland",false,52.681601,4.797074,"injury","2","clear",false,1,"GM1980"
"20230042728",2023,"Uitsluitend materiele schade",2,"Personenauto","Fiets","Flank","Rechte weg",50,"Brandend","Duisternis","Droog",\N,"600727032","Walenburgerweg","Rotterdam","Rotterdam","Zuid-Holland",false,51.930428,4.469015,"material damage only","4","clear",false,1,"GM0599"
"20230052094",2023,"Uitsluitend materiele schade",2,"Fiets","Bromfiets","Flank","Rechte weg",50,"Niet brandend","Daglicht","Droog",\N,"600580570","FIETSPAD","Rotterdam","Rotterdam","Zuid-Holland",false,51.912905,4.498,"material damage only","4","clear",false,1,"GM0599"
"20230064493",2023,"Uitsluitend materiele schade",2,"Trekker","e-bike","Flank","Kruispunt, 3 takken",60,"Niet brandend","Daglicht","Droog",\N,\N,"Grolsedijk","Lievelde","Oost Gelre","Gelderland",false,52.013465,6.612885,"material damage only","4","clear",false,1,"GM1586"
"20240130596",2024,"Uitsluitend materiele schade",2,"Personenauto","Fiets","Onbekend","Kruispunt, 4 takken",50,"Niet aanwezig","Daglicht","Droog",\N,\N,"Stadswei","Harderwijk","Harderwijk","Gelderland",false,52.331893,5.60988,"material damage only","4","clear",false,1,"GM0243"
"20240133483",2024,"Letsel",1,"Fiets",\N,"Eenzijdig","Kruispunt, 4 takken",30,"Niet brandend","Daglicht","Droog",\N,\N,"Laan van Meerdervoort","'s-Gravenhage","'s-Gravenhage","Zuid-Holland",false,52.075627,4.268795,"injury","2","clear",false,1,"GM0518"
"20240127404",2024,"Letsel",2,"Bestelauto","Fiets","Flank","Kruispunt, 4 takken",30,"Brandend","Duisternis","Droog",\N,\N,"Stationsweg","Leeuwarden","Leeuwarden","Friesland",false,53.197119,5.796141,"injury","2","clear",false,1,"GM0080"
"20230051544",2023,"Uitsluitend materiele schade",2,"Personenauto","Fiets","Onbekend","Kruispunt, 3 takken",30,"Niet brandend","Daglicht","Droog",\N,\N,"Wilhelminalaan","Bladel","Bladel","Noord-Brabant",false,51.371717,5.21748,"material damage only","4","clear",false,1,"GM1728"
"20230052153",2023,"Letsel",2,"Personenauto","e-bike","Flank","Kruispunt, 4 takken",60,"Niet aanwezig","Daglicht","Droog",\N,\N,"Baaiweg","Westkapelle","Veere","Zeeland",false,51.535844,3.478454,"injury","2","clear",false,1,"GM0717"
"20230060714",2023,"Letsel",2,"Bromfiets","Fiets","Flank","Kruispunt, 4 takken",30,"Niet brandend","Daglicht","Droog",\N,\N,"SLOBBERDUINS RIJWIELPAD","Koudekerke","Veere","Zeeland",false,51.476134,3.52803,"injury","2","clear",false,1,"GM0717"
"20230064154",2023,"Uitsluitend materiele schade",2,"Personenauto","Fiets","Flank","Kruispunt, 3 takken",\N,"Niet brandend","Daglicht","Droog",\N,\N,"Rodetorenplein","Zwolle","Zwolle","Overijssel",false,52.51385,6.090101,"material damage only","4","clear",false,1,"GM0193"
"20240127442",2024,"Letsel",1,"Fiets",\N,"Eenzijdig",\N,60,"Niet aanwezig","Daglicht","Droog",\N,"469365002","Sluizendijk","Wierden","Wierden","Overijssel",false,52.325637,6.558986,"injury","2","clear",false,1,"GM0189"
"20240127673",2024,"Letsel",2,"Personenauto","Fiets","Onbekend","Rechte weg",60,"Niet aanwezig","Duisternis","Droog",\N,"486326001","Mentinksweg","Haaksbergen","Haaksbergen","Overijssel",false,52.15038,6.675575,"injury","2","clear",false,1,"GM0158"
"20230044592",2023,"Uitsluitend materiele schade",2,"Fiets","Scootmobiel","Frontaal","Kruispunt, 3 takken",50,"Niet brandend","Daglicht","Droog",\N,\N,"Laan van Driene","Hengelo","Hengelo (O)","Overijssel",false,52.262954,6.818156,"material damage only","4","clear",false,1,\N
"20230049861",2023,"Letsel",2,"Fiets","Fiets","Onbekend","Rechte weg",50,"Niet brandend","Daglicht","Droog",\N,"237370044","Amstelveenseweg","Amsterdam","Amsterdam","Noord-Holland",false,52.353913,4.855728,"injury","2","clear",false,1,"GM0363"
"20230051588",2023,"Letsel",2,"Personenauto","Fiets","Geparkeerd voertuig","Rechte weg",30,"Niet brandend","Daglicht","Droog",\N,"200189064","Sint Janstraat","Sprundel","Rucphen","Noord-Brabant",false,51.5375,4.597823,"injury","2","clear",false,1,"GM0840"
"20230056832",2023,"Uitsluitend materiele schade",2,"Personenauto","Fiets","Flank","Kruispunt, 3 takken",30,"Niet brandend","Daglicht","Droog",\N,\N,"Madelievenstraat","Arnhem","Arnhem","Gelderland",false,51.966633,5.897828,"material damage only","4","clear",false,1,"GM0202"
"20230060279",2023,"Uitsluitend materiele schade",2,"Fiets","Personenauto","Flank","Rechte weg",30,"Niet brandend","Daglicht","Droog",\N,"45145074","Sint Eligiusplein","Oostburg","Sluis","Zeeland",false,51.326573,3.491043,"material damage only","4","clear",false,1,"GM1714"
"20230066052",2023,"Letsel",2,"Personenauto","Fiets","Geparkeerd voertuig","Rechte weg",30,"Brandend","Duisternis","Droog",\N,"291312038","Gandhilaan","Zeist","Zeist","Utrecht",false,52.093399,5.250608,"injury","2","clear",false,1,"GM0355"
"20230038241",2023,"Uitsluitend materiele schade",2,"Fiets","Personenauto","Flank","Kruispunt, 4 takken",30,"Niet brandend","Daglicht","Droog",\N,\N,"Wollegras","Montfoort","Montfoort","Utrecht",false,52.038639,4.956217,"material damage only","4","clear",false,1,"GM0335"
"20230041110",2023,"Letsel",3,"Personenauto","Fiets","Onbekend","Rechte weg",80,"Niet brandend","Daglicht","Droog",\N,"373019002","Hoogcruts","Noorbeek","Eijsden-Margraten","Limburg",false,50.775573,5.840803,"injury","2","clear",false,1,"GM1903"
"20230045812",2023,"Uitsluitend materiele schade",2,"Fiets","Fiets","Flank","Kruispunt, 3 takken",30,"Niet brandend","Daglicht","Droog",\N,\N,"Weurden","Winterswijk","Winterswijk","Gelderland",false,51.968815,6.72198,"material damage only","4","clear",false,1,"GM0294"
"20230052800",2023,"Letsel",2,"Personenauto","Fiets","Eenzijdig","Rotonde",50,"Niet brandend","Daglicht","Regen",\N,\N,"Spijksedijk","Gorinchem","Gorinchem","Zuid-Holland",false,51.834897,4.981542,"injury","2","rain",false,1,"GM0512"
"20230056851",2023,"Letsel",2,"Personenauto","Fiets","Flank","Kruispunt, 4 takken",80,"Niet brandend","Daglicht","Droog",\N,\N,"Raalterweg","Holten","Rijssen-Holten","Overijssel",false,52.311804,6.365282,"injury","2","clear",false,1,"GM1742"
"20230059860",2023,"Uitsluitend materiele schade",2,"Snorfiets","Fiets","Flank","Kruispunt, 4 takken",50,"Niet brandend","Daglicht","Regen",\N,\N,"Mercatorplein","Amsterdam","Amsterdam","Noord-Holland",false,52.370065,4.850349,"material damage only","4","rain",false,1,"GM0363"
"20230045224",2023,"Uitsluitend materiele schade",2,"Fiets","Bestelauto","Flank","Rechte weg",50,"Niet brandend","Daglicht","Droog",\N,"368255013","Energieweg","Nijmegen","Nijmegen","Gelderland",false,51.836839,5.81478,"material damage only","4","clear",false,1,"GM0268"
"20230048800",2023,"Uitsluitend materiele schade",2,"Personenauto","Fiets","Flank","Rotonde",50,"Niet brandend","Daglicht","Droog",\N,\N,"Segbroeklaan","'s-Gravenhage","'s-Gravenhage","Zuid-Holland",false,52.077447,4.254487,"material damage only","4","clear",false,1,"GM0518"
"20230052862",2023,"Uitsluitend materiele schade",2,"Personenauto","Fiets","Flank","Kruispunt, 3 takken",30,"Niet brandend","Daglicht","Droog",\N,\N,"Mr. van Coothstraat","Waalwijk","Waalwijk","Noord-Brabant",false,51.688354,5.063131,"material damage only","4","clear",false,1,"GM0867"
"20230061309",2023,"Letsel",2,"Personenauto","Fiets","Flank","Kruispunt, 3 takken",50,"Niet brandend","Daglicht","Droog",\N,\N,"BUSSTATION","'s-Gravenhage","'s-Gravenhage","Zuid-Holland",false,52.079977,4.326364,"injury","2","clear",false,1,"GM0518"
"20230065499",2023,"Letsel",2,"Personenauto","Fiets","Flank","Kruispunt, 4 takken",50,"Niet brandend","Daglicht","Droog",\N,\N,"Wilhelminalaan","Beuningen Gld","Beuningen","Gelderland",false,51.85758,5.766759,"injury","2","clear",false,1,"GM0209"
"20230066481",2023,"Uitsluitend materiele schade",2,"Bromfiets","Fiets","Flank","Rechte weg",30,"Niet brandend","Daglicht","Droog",\N,"238372086","Kinkerstraat","Amsterdam","Amsterdam","Noord-Holland",false,52.364467,4.860593,"material damage only","4","clear",false,1,"GM0363"
"20240129420",2024,"Uitsluitend materiele schade",2,"Fiets","Fiets","Flank","Rechte weg",30,"Niet brandend","Daglicht","Droog",\N,\N,"Landschapsbaan","Vleuten","Utrecht","Utrecht",false,52.089866,5.017903,"material damage only","4","clear",false,1,"GM0344"
"20230039466",2023,"Letsel",2,"Personenauto","Fiets","Los voorwerp","Rechte weg",50,"Niet brandend","Daglicht","Droog",\N,"600651426","Strevelsweg","Rotterdam","Rotterdam","Zuid-Holland",false,51.889577,4.495774,"injury","2","clear",false,1,"GM0599"
"20230039479",2023,"Letsel",2,"Personenauto","e-bike","Flank","Rotonde",50,"Niet brandend","Daglicht","Droog",\N,\N,"Wassenaarseweg","Leiden","Leiden","Zuid-Holland",false,52.169472,4.467839,"injury","2","clear",false,1,"GM0546"
"20230049416",2023,"Letsel",2,"Personenauto","e-bike","Onbekend","Kruispunt, 4 takken",50,"Niet brandend","Daglicht","Droog",\N,\N,"Prinses Beatrixlaan","Rijswijk","Rijswijk","Zuid-Holland",false,52.038205,4.311088,"injury","2","clear",false,1,\N
"20230040646",2023,"Letsel",1,"Fiets",\N,"Eenzijdig","Rechte weg",50,"Niet brandend","Daglicht","Droog",\N,"163299029","Admiraal Helfrichsingel","Rijswijk","Rijswijk","Zuid-Holland",false,52.033549,4.320119,"injury","2","clear",false,1,\N
"20230051735",2023,"Letsel",2,"Personenauto","e-bike","Flank","Rotonde",50,"Niet brandend","Daglicht","Droog",\N,\N,"PAPENDRECHT 1","Papendrecht","Papendrecht","Zuid-Holland",false,51.831434,4.705982,"injury","2","clear",false,1,"GM0590"
"20240130659",2024,"Letsel",2,"Bromfiets","Fiets","Onbekend","Rechte weg",80,\N,"Daglicht","Droog",\N,"600609912","Haaksbergerstraat","Hengelo","Hengelo (O)","Overijssel",false,52.229816,6.756934,"injury","2","clear",false,1,\N
"20240131426",2024,"Uitsluitend materiele schade",1,"Fiets",\N,"Onbekend","Kruispunt, 3 takken",50,"Niet brandend","Daglicht","Droog",\N,\N,"Korte Dreef","Heerhugowaard","Dijk en Waard","Noord-Holland",false,52.66706,4.844713,"material damage only","4","clear",false,1,"GM1980"
"20230045365",2023,"Letsel",2,"Personenauto","Fiets","Geparkeerd voertuig","Rechte weg",15,"Niet brandend","Daglicht","Droog","Parkeervoorziening","480372040","Apollolaan","Almelo","Almelo","Overijssel",false,52.358218,6.64197,"injury","2","clear",false,1,"GM0141"
"20230049473",2023,"Letsel",2,"Personenauto","Fiets","Flank","Kruispunt, 3 takken",50,"Brandend","Duisternis","Droog",\N,\N,"Lijnbaan","'s-Gravenhage","'s-Gravenhage","Zuid-Holland",false,52.072386,4.299734,"injury","2","clear",false,1,"GM0518"
"20230050601",2023,"Letsel",3,"Fiets","Fiets","Onbekend","Rechte weg",60,"Niet brandend","Daglicht","Droog",\N,"600944733","'s-Gravendamseweg","Noordwijkerhout","Noordwijk","Zuid-Holland",false,52.248689,4.487855,"injury","2","clear",false,1,"GM0575"
"20240132090",2024,"Letsel",2,"Personenauto","Fiets","Flank","Rotonde",30,"Niet brandend","Daglicht","Droog",\N,\N,"Dodonaeusstraat","Zaandam","Zaanstad","Noord-Holland",false,52.440073,4.852883,"injury","2","clear",false,1,"GM0479"
"20240132959",2024,"Letsel",1,"Fiets",\N,"Onbekend","Kruispunt, 4 takken",50,"Niet brandend","Daglicht","Droog",\N,\N,"Appelgaarde","Zoetermeer","Zoetermeer","Zuid-Holland",false,52.061884,4.515562,"injury","2","clear",false,1,"GM0637"
"20240132960",2024,"Letsel",1,"Fiets",\N,"Eenzijdig","Rechte weg",50,"Brandend","Duisternis",\N,\N,"600898618","Weeresteinstraat","Hillegom","Hillegom","Zuid-Holland",false,52.304531,4.584855,"injury","2","unknown",false,1,"GM0534"
"20240133458",2024,"Letsel",1,"Fiets",\N,"Onbekend","Rechte weg",30,"Niet brandend","Daglicht","Droog",\N,"600410774","Kruisherenweg","Leiden","Leiden","Zuid-Holland",false,52.132734,4.492473,"injury","2","clear",false,1,"GM0546"
"20230048335",2023,"Uitsluitend materiele schade",2,"Bromfiets","Fiets","Flank","Kruispunt, 3 takken",50,"Niet brandend","Daglicht","Droog",\N,\N,"Oude Raadhuisplein","Huizen","Huizen","Noord-Holland",false,52.297794,5.234881,"material damage only","4","clear",false,1,"GM0406"
"20220223210",2022,"Uitsluitend materiele schade",2,"Personenauto","Fiets","Geparkeerd voertuig","Rechte weg",30,"Niet aanwezig","Duisternis","Regen","Parkeervoorziening","201214034","De Donk","Zevenbergen","Moerdijk","Noord-Brabant",false,51.649429,4.601472,"material damage only","4","rain",false,1,"GM1709"
"20220224374",2022,"Uitsluitend materiele schade",2,"Fiets","Fiets","Flank","Kruispunt, 3 takken",30,"Niet brandend","Daglicht","Droog",\N,\N,"Pastoor Pottersplein","Breda","Breda","Noord-Brabant",false,51.60047,4.778529,"material damage only","4","clear",false,1,"GM0758"
"20220201797",2022,"Letsel",2,"Personenauto","Fiets","Flank","Kruispunt, 3 takken",80,"Brandend","Duisternis","Droog",\N,\N,"Bosmansweg","Nieuwleusen","Dalfsen","Overijssel",false,52.570211,6.283362,"injury","2","clear",false,1,"GM0148"
"20220215173",2022,"Letsel",1,"Fiets",\N,"Eenzijdig","Rechte weg",30,"Brandend","Duisternis","Droog",\N,"150294107","Dijkstraat","Honselersdijk","Westland","Zuid-Holland",false,52.006817,4.225344,"injury","2","clear",false,1,"GM1783"
"20220221630",2022,"Letsel",1,"Fiets",\N,"Eenzijdig","Rechte weg",\N,"Niet brandend","Daglicht","Droog",\N,"600512290","Carnisser Baan","Barendrecht","Barendrecht","Zuid-Holland",false,51.862197,4.491788,"injury","2","clear",false,1,"GM0489"
"20220223488",2022,"Uitsluitend materiele schade",2,"Personenauto","Fiets","Flank","Rotonde",50,"Niet brandend","Daglicht","Droog",\N,\N,"Wilhelminalaan","Raamsdonksveer","Geertruidenberg","Noord-Brabant",false,51.690743,4.87599,"material damage only","4","clear",false,1,"GM0779"
"20220047317",2022,"Dodelijk",2,"e-bike","e-bike","Flank","Kruispunt, 3 takken",\N,"Niet brandend","Daglicht","Droog",\N,\N,"Zuiderval","Enschede","Enschede","Overijssel",false,52.202405,6.894054,"fatal","1","clear",false,1,"GM0153"
"20220212248",2022,"Letsel",2,"Personenauto","Fiets","Flank","Rechte weg",30,"Niet brandend","Daglicht","Droog",\N,"235376013","Wiltzanghlaan","Amsterdam","Amsterdam","Noord-Holland",false,52.38174,4.840635,"injury","2","clear",false,1,"GM0363"
"20220215194",2022,"Uitsluitend materiele schade",2,"Personenauto","e-bike","Flank","Rechte weg",30,"Brandend","Duisternis","Droog",\N,"600372757","Jan Kroonsplein","Noordwijk","Noordwijk","Zuid-Holland",false,52.244255,4.431222,"material damage only","4","clear",false,1,"GM0575"
"20220260002",2022,"Letsel",2,"Fiets",\N,"Eenzijdig","Bocht",30,"Brandend","Duisternis","Droog",\N,"281342012","Noorderweg","Hilversum","Hilversum","Noord-Holland",false,52.228473,5.18025,"injury","2","clear",false,1,"GM0402"
"20220207438",2022,"Uitsluitend materiele schade",2,"e-bike","Personenauto","Flank","Kruispunt, 4 takken",50,"Niet brandend","Daglicht","Droog",\N,\N,"Molenkade","Noord-Scharwoude","Dijk en Waard","Noord-Holland",false,52.703073,4.811031,"material damage only","4","clear",false,1,"GM1980"
"20220209843",2022,"Letsel",2,"Personenauto","Fiets","Flank","Kruispunt, 3 takken",30,"Brandend","Duisternis","Droog",\N,\N,"Hertog Albrechtstraat","Grootebroek","Stede Broec","Noord-Holland",false,52.687857,5.235177,"injury","2","clear",false,1,"GM0532"
"20220214517",2022,"Uitsluitend materiele schade",2,"e-bike","Los voorwerp","Los voorwerp","Rechte weg",60,"Brandend","Duisternis","Regen",\N,"601037460","Blokland","Nieuwveen","Nieuwkoop","Zuid-Holland",false,52.208226,4.779186,"material damage only","4","rain",false,1,"GM0569"
"20220210996",2022,"Uitsluitend materiele schade",2,"Snorfiets","Fiets","Frontaal","Kruispunt, 4 takken",\N,"Niet brandend","Daglicht","Droog",\N,\N,"FIETSPAD","Amsterdam","Amsterdam","Noord-Holland",false,52.378192,4.905185,"material damage only","4","clear",false,1,"GM0363"
"20220214566",2022,"Letsel",2,"Fiets","e-bike","Flank","Kruispunt, 3 takken",30,"Niet brandend","Daglicht","Droog",\N,\N,"Tulpenstraat","Rijnsburg","Katwijk","Zuid-Holland",false,52.19243,4.440422,"injury","2","clear",false,1,"GM0537"
"20220216022",2022,"Letsel",1,"Fiets",\N,"Eenzijdig","Rechte weg",50,"Brandend","Schemer","Regen",\N,"174325033","Hofcampweg","Wassenaar","Wassenaar","Zuid-Holland",false,52.147933,4.396399,"injury","2","rain",false,1,"GM0629"
"20221226960",2022,"Letsel",2,"Personenauto","Fiets","Flank","Kruispunt, 3 takken",50,"Niet brandend","Daglicht",\N,\N,"164307139","Waldorpstraat","'s-Gravenhage","'s-Gravenhage","Zuid-Holland",false,52.069342,4.324212,"injury","2","unknown",false,1,"GM0518"
"20220215323",2022,"Letsel",2,"Personenauto","Fiets","Flank","Kruispunt, 4 takken",50,"Brandend","Duisternis","Droog",\N,\N,"Schoolstraat","Wassenaar","Wassenaar","Zuid-Holland",false,52.146857,4.394302,"injury","2","clear",false,1,"GM0629"
"20220224632",2022,"Uitsluitend materiele schade",2,"Personenauto","Fiets","Flank","Rechte weg",50,"Niet aanwezig","Daglicht","Droog",\N,"600747028","Sint Bavostraat","Rijsbergen","Zundert","Noord-Brabant",false,51.51879,4.70265,"material damage only","4","clear",false,1,"GM0879"
"20220231591",2022,"Uitsluitend materiele schade",3,"Personenauto","Fiets","Onbekend","Kruispunt, 4 takken",50,"Niet brandend","Daglicht","Droog",\N,\N,"Stationsstraat","Swalmen","Roermond","Limburg",false,51.233004,6.037149,"material damage only","4","clear",false,1,"GM0957"
"20220205516",2022,"Letsel",2,"Personenauto","Fiets","Flank","Rechte weg",50,"Niet brandend","Daglicht","Regen",\N,\N,"1e Dorpsstraat","Zeist","Zeist","Utrecht",false,52.083733,5.236908,"injury","2","rain",false,1,"GM0355"
"20220211780",2022,"Uitsluitend materiele schade",2,"Personenauto","e-bike","Flank","Kruispunt, 4 takken",50,"Brandend","Duisternis","Regen",\N,\N,"Molenweg","Amstelveen","Amstelveen","Noord-Holland",false,52.308414,4.846902,"material damage only","4","rain",false,1,"GM0362"
"20220216125",2022,"Letsel",2,"Personenauto","Fiets","Flank","Kruispunt, 3 takken",50,"Niet brandend","Daglicht","Regen",\N,\N,"Trompweg","Voorschoten","Voorschoten","Zuid-Holland",false,52.145834,4.462465,"injury","2","rain",false,1,"GM0626"
"20220216843",2022,"Uitsluitend materiele schade",3,"e-bike","Fiets","Onbekend","Rechte weg",30,"Niet brandend","Daglicht",\N,\N,"196349086","Haven","Lisse","Lisse","Zuid-Holland",false,52.256968,4.557825,"material damage only","4","unknown",false,1,"GM0553"
"20220221124",2022,"Uitsluitend materiele schade",3,"Bromfiets","Fiets","Onbekend","Rechte weg",\N,"Niet brandend","Daglicht","Regen",\N,"600503179","Oostplein","Rotterdam","Rotterdam","Zuid-Holland",false,51.923738,4.495697,"material damage only","4","rain",false,1,"GM0599"
"20220231634",2022,"Uitsluitend materiele schade",2,"Personenauto","Fiets","Flank","Rotonde",30,"Niet brandend","Daglicht","Droog",\N,\N,"Scholtis Coopmansstraat","Venlo","Venlo","Limburg",false,51.37152,6.146456,"material damage only","4","clear",false,1,"GM0983"
"20220209233",2022,"Letsel",2,"Personenauto","Fiets","Flank","Kruispunt, 3 takken",50,"Brandend","Duisternis","Mist",\N,\N,"Linnaeusstraat","Zandvoort","Zandvoort","Noord-Holland",false,52.377257,4.543935,"injury","2","fog",false,1,"GM0473"
"20220212669",2022,"Letsel",2,"Personenauto","Fiets","Geparkeerd voertuig","Rechte weg",50,"Brandend","Duisternis","Droog",\N,"600159596","Veenkade","'s-Gravenhage","'s-Gravenhage","Zuid-Holland",false,52.079011,4.300503,"injury","2","clear",false,1,"GM0518"
"20220199862",2022,"Letsel",2,"Personenauto","e-bike","Flank","Kruispunt, 4 takken",60,"Niet brandend","Daglicht","Droog",\N,\N,"Quarles van Uffordweg","Wilsum","Kampen","Overijssel",false,52.537964,5.978776,"injury","2","clear",false,1,"GM0166"
"20220216908",2022,"Uitsluitend materiele schade",1,"Fiets",\N,"Onbekend","Rotonde",30,"Niet brandend","Daglicht","Droog",\N,\N,"Nieuwe Zeeweg","Noordwijk","Noordwijk","Zuid-Holland",false,52.240811,4.441061,"material damage only","4","clear",false,1,"GM0575"
"20220221195",2022,"Letsel",2,"Fiets","Voetganger","Voetganger","Rechte weg",30,"Niet brandend","Daglicht","Droog","Brug/viaduct","600891925","Brugweg","Zwijndrecht","Zwijndrecht","Zuid-Holland",false,51.812887,4.643373,"injury","2","clear",false,1,"GM0642"
"20220223898",2022,"Uitsluitend materiele schade",2,"Personenauto","Fiets","Geparkeerd voertuig","Rechte weg",50,"Niet brandend","Daglicht","Droog","Parkeervoorziening","229199022","Lage Kant","Breda","Breda","Noord-Brabant",false,51.587165,4.805482,"material damage only","4","clear",false,1,"GM0758"
"20220207733",2022,"Letsel",3,"Personenauto","Fiets","Vast voorwerp","Rechte weg",30,"Niet brandend","Daglicht","Droog",\N,"295448036","Molenweg","Enkhuizen","Enkhuizen","Noord-Holland",false,52.704347,5.281664,"injury","2","clear",false,1,"GM0388"
"20220209308",2022,"Letsel",2,"Bestelauto","Fiets","Eenzijdig","Rechte weg",50,"Niet brandend","Daglicht","Droog",\N,"205371062","Herenweg","Heemstede","Heemstede","Noord-Holland",false,52.359394,4.617197,"injury","2","clear",false,1,"GM0397"
"20220211235",2022,"Uitsluitend materiele schade",2,"Motor","e-bike","Flank","Rechte weg",50,"Niet brandend","Daglicht","Droog",\N,\N,"Nieuwe Prinsengracht","Amsterdam","Amsterdam","Noord-Holland",false,52.363675,4.906583,"material damage only","4","clear",false,1,"GM0363"
"20220211240",2022,"Letsel",2,"Personenauto","Fiets","Flank","Kruispunt, 4 takken",\N,"Niet brandend","Daglicht","Droog",\N,\N,"De Boelelaan","Amsterdam","Amsterdam","Noord-Holland",false,52.334999,4.873355,"injury","2","clear",false,1,"GM0363"
"20220215518",2022,"Letsel",2,"Personenauto","Fiets","Flank","Kruispunt, 4 takken",30,"Brandend","Schemer","Droog",\N,\N,"Laan van Floris de 5e","Nootdorp","Pijnacker-Nootdorp","Zuid-Holland",false,52.045917,4.411882,"injury","2","clear",false,1,"GM1926"
"20220219786",2022,"Uitsluitend materiele schade",2,"Personenauto","Fiets","Flank","Kruispunt, 3 takken",30,"Niet brandend","Daglicht","Droog",\N,\N,"Groenezoom","Rotterdam","Rotterdam","Zuid-Holland",false,51.883607,4.505285,"material damage only","4","clear",false,1,"GM0599"
"20220199284",2022,"Letsel",3,"Fiets","Personenauto","Onbekend","Kruispunt, 4 takken",50,"Niet brandend","Daglicht","Droog",\N,\N,"Van Karnebeekstraat","Zwolle","Zwolle","Overijssel",false,52.504877,6.095585,"injury","2","clear",false,1,"GM0193"
"20220206877",2022,"Letsel",1,"e-bike",\N,"Eenzijdig","Kruispunt, 4 takken",50,"Niet brandend","Daglicht","Droog",\N,\N,"Pieter Aertszlaan","Heemstede","Heemstede","Noord-Holland",false,52.359147,4.625017,"injury","2","clear",false,1,"GM0397"
"20220211263",2022,"Letsel",2,"Bromfiets","Fiets","Flank","Kruispunt, 4 takken",30,"Brandend","Duisternis","Droog",\N,\N,"Ruyschstraat","Amsterdam","Amsterdam","Noord-Holland",false,52.357584,4.910357,"injury","2","clear",false,1,"GM0363"
"20220215560",2022,"Letsel",1,"Fiets",\N,"Eenzijdig",\N,\N,\N,"Daglicht",\N,\N,\N,"Prins Bernhardlaan","Alphen aan den Rijn","Alphen aan den Rijn","Zuid-Holland",false,52.138631,4.656699,"injury","2","unknown",false,1,"GM0484"
"20220227688",2022,"Letsel",1,"Fiets",\N,"Eenzijdig","Rechte weg",30,"Niet brandend","Daglicht","Droog",\N,"328168052","Broekakkerseweg","Eindhoven","Eindhoven","Noord-Brabant",false,51.446645,5.520694,"injury","2","clear",false,1,"GM0772"
"20220227718",2022,"Letsel",2,"Bestelauto","Fiets","Flank","Kruispunt, 4 takken",70,"Brandend","Duisternis","Droog",\N,\N,"Julianasingel","Oss","Oss","Noord-Brabant",false,51.754917,5.551401,"injury","2","clear",false,1,"GM0828"
"20220208659",2022,"Letsel",2,"Fiets","Fiets","Onbekend","Rechte weg",\N,"Niet brandend","Daglicht","Droog",\N,\N,"Zuijder Vlaerdinge","Heerhugowaard","Dijk en Waard","Noord-Holland",false,52.671035,4.81442,"injury","2","clear",false,1,"GM1980"
"20220211280",2022,"Letsel",2,"Personenauto","Fiets","Frontaal","Kruispunt, 4 takken",50,"Brandend","Duisternis","Droog",\N,\N,"Rhijnspoorplein","Amsterdam","Amsterdam","Noord-Holland",false,52.361096,4.908102,"injury","2","clear",false,1,"GM0363"
"20220214903",2022,"Letsel",3,"Bestelauto","e-bike","Onbekend","Rechte weg",50,"Niet brandend","Daglicht","Droog",\N,"600159283","Laan van Meerdervoort","'s-Gravenhage","'s-Gravenhage","Zuid-Holland",false,52.075173,4.267039,"injury","2","clear",false,1,"GM0518"
"20220206249",2022,"Letsel",1,"Fiets",\N,"Eenzijdig","Kruispunt, 3 takken",30,"Niet brandend","Daglicht","Droog",\N,"213404077","Karshoffstraat","Heemskerk","Heemskerk","Noord-Holland",false,52.508273,4.674613,"injury","2","clear",false,1,"GM0396"
"20220206279",2022,"Uitsluitend materiele schade",2,"Personenauto","e-bike","Flank","Kruispunt, 4 takken",50,"Niet brandend","Schemer","Droog",\N,\N,"Communicatieweg Oost","Assendelft","Zaanstad","Noord-Holland",false,52.473969,4.749758,"material damage only","4","clear",false,1,"GM0479"