"accident_id","year","severity_raw","party_count","party1_type","party2_type","accident_type","road_situation","speed_limit_kmh","road_lighting","light_condition_label","weather_raw","infra_type","road_segment_id","street_name","place_name","gemeente_name_raw","province","alcohol_indicated","latitude","longitude","severity_label","severity_code","weather_label","built_up_area","cyclists_involved","gemeente_code"
"20220210656",2022,"Uitsluitend materiele schade",2,"Bromfiets","Fiets","Flank","Kruispunt, 3 takken",50,"Niet brandend","Daglicht","Droog",\N,\N,"Westel Merwedekanaaldijk","Amsterdam","Amsterdam","Noord-Holland",false,52.356692,4.964052,"material damage only","4","clear",false,1,"GM0363"
"20220213290",2022,"Letsel",1,"Fiets",\N,"Eenzijdig","Rechte weg",30,"Brandend","Duisternis","Droog",\N,"168297044","Bonairestraat","Delft","Delft","Zuid-Holland",false,52.020807,4.357708,"injury","2","clear",false,1,"GM0503"
"20220229301",2022,"Letsel",2,"Personenauto","Fiets","Flank","Kruispunt, 4 takken",50,"Niet brandend","Daglicht","Regen",\N,\N,"Gastelseweg","Budel","Cranendonck","Noord-Brabant",false,51.278475,5.567297,"injury","2","rain",false,1,"GM1706"
"20220207015",2022,"Letsel",2,"Personenauto","e-bike","Flank","Rotonde",50,"Niet brandend","Daglicht","Droog",\N,\N,"Hagelingerweg","Santpoort-Noord","Velsen","Noord-Holland",false,52.438458,4.6427,"injury","2","clear",false,1,"GM0453"
"20220214144",2022,"Uitsluitend materiele schade",2,"Snorfiets","Fiets","Flank","Rechte weg",50,"Brandend","Schemer","Droog",\N,\N,"Willem de Zwijgerlaan","Alphen aan den Rijn","Alphen aan den Rijn","Zuid-Holland",false,52.135178,4.666731,"material damage only","4","clear",false,1,"GM0484"
"20220214975",2022,"Letsel",2,"Personenauto","Fiets","Flank","Kruispunt, 4 takken",50,"Niet brandend","Daglicht","Droog",\N,\N,"Waldorpstraat","'s-Gravenhage","'s-Gravenhage","Zuid-Holland",false,52.063264,4.312947,"injury","2","clear",false,1,"GM0518"
"20220187297",2022,"Dodelijk",2,"Personenauto","e-bike","Flank","Kruispunt, 4 takken",50,"Niet brandend","Daglicht","Droog",\N,\N,"Moerlaken","Breda","Breda","Noord-Brabant",false,51.611442,4.774293,"fatal","1","clear",false,1,"GM0758"
"20220213401",2022,"Letsel",2,"Personenauto","Fiets","Flank","Rotonde",50,"Brandend","Duisternis","Regen",\N,\N,"Plesmanweg","'s-Gravenhage","'s-Gravenhage","Zuid-Holland",false,52.099373,4.300747,"injury","2","rain",false,1,"GM0518"
"20220214180",2022,"Letsel",1,"e-bike",\N,"Eenzijdig","Rechte weg",30,"Brandend","Duisternis","Droog",\N,"179331012","Hoofdstraat","Valkenburg","Katwijk","Zuid-Holland",false,52.177592,4.436574,"injury","2","clear",false,1,"GM0537"
"20220216507",2022,"Letsel",2,"Personenauto","Fiets","Flank","Kruispunt, 4 takken",50,"Niet brandend","Daglicht","Droog","Tunnel",\N,"Blauwemolenweg","Rijpwetering","Kaag en Braassem","Zuid-Holland",false,52.177536,4.581241,"injury","2","clear",false,1,"GM1884"
"20220200190",2022,"Uitsluitend materiele schade",5,"Snorfiets","Fiets","Onbekend","Rechte weg",50,"Niet brandend","Daglicht","Droog",\N,"374256104","Campusbaan","Nijmegen","Nijmegen","Gelderland",false,51.841221,5.852847,"material damage only","4","clear",false,1,"GM0268"
"20220201544",2022,"Letsel",1,"Fiets",\N,"Eenzijdig",\N,30,\N,"Daglicht",\N,\N,"398399010","Centraalspoor","Hattem","Hattem","Gelderland",false,52.485482,6.045873,"injury","2","unknown",false,1,"GM0244"
"20220201558",2022,"Letsel",2,"Bestelauto","Fiets","Eenzijdig","Kruispunt, 4 takken",30,"Brandend","Schemer","Droog",\N,\N,"Kerkstraat","Holten","Rijssen-Holten","Overijssel",false,52.281276,6.423234,"injury","2","clear",false,1,"GM1742"
"20220201564",2022,"Letsel",2,"Personenauto","Fiets","Frontaal","Kruispunt, 3 takken",60,"Niet brandend","Daglicht","Droog",\N,\N,"Groote Woldweg","Oosterwolde Gld","Oldebroek","Gelderland",false,52.510671,5.878924,"injury","2","clear",false,1,"GM0269"
"20220211452",2022,"Letsel",2,"Personenauto","Fiets","Frontaal","Kruispunt, 3 takken",50,"Niet brandend","Daglicht","Regen",\N,\N,"Olympiaplein","Amsterdam","Amsterdam","Noord-Holland",false,52.346513,4.867068,"injury","2","rain",false,1,"GM0363"
"20220214267",2022,"Letsel",2,"Personenauto","Fiets","Flank","Kruispunt, 4 takken",30,"Niet brandend","Daglicht","Droog",\N,\N,"Verdilaan","Naaldwijk","Westland","Zuid-Holland",false,51.992712,4.211843,"injury","2","clear",false,1,"GM1783"
"20220217269",2022,"Uitsluitend materiele schade",2,"Snorfiets","Fiets","Flank","Rechte weg",30,"Niet brandend","Daglicht","Droog",\N,"187303018","Eerste Stationsstraat","Zoetermeer","Zoetermeer","Zuid-Holland",false,52.05047,4.495214,"material damage only","4","clear",false,1,"GM0637"
"20240138337",2024,"Letsel",2,"Personenauto","Fiets","Onbekend","Rechte weg",50,"Niet brandend","Schemer","Droog",\N,"600534797","Koning Stadhouderlaan","Apeldoorn","Apeldoorn","Gelderland",false,52.20772,5.95798,"injury","2","clear",false,1,"GM0200"
"20240138950",2024,"Uitsluitend materiele schade",2,"Personenauto","Fiets","Onbekend","Rechte weg",30,"Niet brandend","Daglicht","Droog",\N,"600986526","Albert Neuhuyslaan","Nunspeet","Nunspeet","Gelderland",false,52.388028,5.800404,"material damage only","4","clear",false,1,"GM0302"
"20240141291",2024,"Letsel",2,"Bromfiets","Fiets","Flank","Rechte weg",50,"Brandend","Schemer","Droog",\N,"601028645","Zuiderzeestraatweg","Hierden","Harderwijk","Gelderland",false,52.353897,5.654855,"injury","2","clear",false,1,"GM0243"
"20240143672",2024,"Letsel",2,"Fiets","Bromfiets","Flank","Kruispunt, 4 takken",30,"Brandend","Duisternis","Regen",\N,\N,"Zilvermeeuwlaan","Leidschendam","Leidschendam-Voorburg","Zuid-Holland",false,52.095768,4.387754,"injury","2","rain",false,1,"GM1916"
"20240144943",2024,"Letsel",2,"Personenauto","Fiets","Onbekend","Rechte weg",30,"Niet brandend","Daglicht","Droog","Parkeervoorziening","227252002","Havikstraat","Sliedrecht","Sliedrecht","Zuid-Holland",false,51.824647,4.790175,"injury","2","clear",false,1,"GM0610"
"20240145031",2024,"Letsel",2,"Bestelauto","Fiets","Frontaal","Kruispunt, 3 takken",30,"Niet brandend","Daglicht","Droog",\N,\N,"Koningin Wilhelminalaan","Hardinxveld-Giessendam","Hardinxveld-Giessendam","Zuid-Holland",false,51.823582,4.882926,"injury","2","clear",false,1,"GM0523"
"20240135806",2024,"Letsel",2,"Fiets","Fiets","Flank","Rotonde",30,"Brandend","Schemer","Droog",\N,\N,"Gordelweg","Rotterdam","Rotterdam","Zuid-Holland",false,51.939214,4.470124,"injury","2","clear",false,1,"GM0599"
"20240144317",2024,"Letsel",2,"Fiets","Fiets","Onbekend",\N,\N,\N,"Daglicht",\N,\N,"149290114","Dreeslaan","Naaldwijk","Westland","Zuid-Holland",false,51.992037,4.218911,"injury","2","unknown",false,1,"GM1783"
"20240137111",2024,"Uitsluitend materiele schade",2,"Personenauto","Fiets","Frontaal","Kruispunt, 4 takken",30,"Niet brandend","Daglicht",\N,\N,\N,"Weverstraat","Sevenum","Horst aan de Maas","Limburg",false,51.408332,6.034826,"material damage only","4","unknown",false,1,"GM1507"
"20240140709",2024,"Letsel",2,"Snorfiets","Fiets","Flank","Rechte weg",30,"Niet brandend","Daglicht","Regen",\N,"600381307","Hollandsedreef","Almere","Almere","Flevoland",false,52.364158,5.183851,"injury","2","rain",false,1,"GM0034"
"20240138434",2024,"Uitsluitend materiele schade",2,"Fiets","Fiets","Frontaal","Rechte weg",30,"Brandend","Daglicht","Regen",\N,\N,"Eikenlaan","Groningen","Groningen","Groningen",false,53.233515,6.556681,"material damage only","4","rain",false,1,"GM0014"
"20240149518",2024,"Uitsluitend materiele schade",3,"Personenauto","Fiets","Onbekend","Rechte weg",30,\N,"Daglicht","Droog",\N,"435286023","Marsmanstraat","Doetinchem","Doetinchem","Gelderland",false,51.973593,6.303081,"material damage only","4","clear",false,1,"GM0222"
"20240135321",2024,"Uitsluitend materiele schade",2,"Bromfiets","Fiets","Frontaal","Rechte weg",30,"Brandend","Duisternis","Droog",\N,"600731330","VARKENSOORDSEVIADUCT","Rotterdam","Rotterdam","Zuid-Holland",false,51.898747,4.515301,"material damage only","4","clear",false,1,"GM0599"
"20240138497",2024,"Letsel",2,"Fiets","Vrachtauto","Flank","Kruispunt, 3 takken",50,"Niet brandend","Schemer","Droog",\N,\N,"Herningweg","Groningen","Groningen","Groningen",false,53.210365,6.595697,"injury","2","clear",false,1,"GM0014"
"20240141869",2024,"Letsel",1,"Fiets",\N,"Onbekend","Rechte weg",50,"Brandend","Duisternis","Droog",\N,"216426071","Zeeweg","Heiloo","Heiloo","Noord-Holland",false,52.602387,4.698948,"injury","2","clear",false,1,"GM0399"
"20240150264",2024,"Uitsluitend materiele schade",2,"Personenauto","Fiets","Flank","Kruispunt, 3 takken",30,"Brandend","Duisternis","Droog",\N,\N,"Leeuwerikstraat","Woerden","Woerden","Utrecht",false,52.08969,4.883876,"material damage only","4","clear",false,1,"GM0632"
"20240150326",2024,"Uitsluitend materiele schade",2,"Fiets","Fiets","Onbekend","Kruispunt, 3 takken",50,"Niet aanwezig","Daglicht","Droog",\N,"600423585","Heemradenpad","Heerhugowaard","Dijk en Waard","Noord-Holland",false,52.679089,4.838061,"material damage only","4","clear",false,1,"GM1980"
"20240141148",2024,"Uitsluitend materiele schade",2,"Personenauto","Fiets","Onbekend","Kruispunt, 4 takken",50,"Brandend","Duisternis","Regen",\N,\N,"Hortensiastraat","Zwolle","Zwolle","Overijssel",false,52.504485,6.113418,"material damage only","4","rain",false,1,"GM0193"
"20240136032",2024,"Letsel",2,"Trekker","Fiets","Onbekend","Kruispunt, 4 takken",50,"Niet brandend","Daglicht","Droog",\N,\N,"Laurierweg","Ridderkerk","Ridderkerk","Zuid-Holland",false,51.865926,4.560869,"injury","2","clear",false,1,"GM0597"
"20240143378",2024,"Letsel",2,"Bestelauto","Fiets","Flank","Kruispunt, 4 takken",50,"Niet brandend","Daglicht","Droog",\N,\N,"LAGE RIJNDIJK","Leiderdorp","Leiderdorp","Zuid-Holland",false,52.161174,4.515142,"injury","2","clear",false,1,"GM0547"
"20240134814",2024,"Letsel",2,"Personenauto","Fiets","Flank","Rechte weg",30,"Niet brandend","Daglicht","Droog",\N,"600774518","Teisterbantlaan","Waalwijk","Waalwijk","Noord-Brabant",false,51.689331,5.086927,"injury","2","clear",false,1,"GM0867"
"20240136063",2024,"Letsel",3,"Snorfiets","Fiets","Frontaal","Bocht",\N,"Brandend","Duisternis","Droog",\N,"601116289","Posthumalaan","Rotterdam","Rotterdam","Zuid-Holland",true,51.90546,4.495635,"injury","2","clear",false,1,"GM0599"
"20240141548",2024,"Letsel",2,"Fiets","Fiets","Onbekend","Kruispunt, 4 takken",30,"Niet brandend","Daglicht","Droog",\N,\N,"Oetgensstraat","Amsterdam","Amsterdam","Noord-Holland",false,52.354923,4.907839,"injury","2","clear",false,1,"GM0363"
"20240142904",2024,"Letsel",2,"Personenauto","Fiets","Kop/staart","Rechte weg",60,"Niet aanwezig","Duisternis","Droog",\N,"229468038","Nes","Schagen","Schagen","Noord-Holland",false,52.792117,4.792794,"injury","2","clear",false,1,"GM0441"
"20240136172",2024,"Uitsluitend materiele schade",2,"Personenauto","Fiets","Onbekend","Rotonde",50,"Niet brandend","Daglicht","Droog",\N,\N,"Zaltbommelseweg","Oss","Oss","Noord-Brabant",false,51.770958,5.514563,"material damage only","4","clear",false,1,"GM0828"
"20240142109",2024,"Uitsluitend materiele schade",2,"Fiets","Bestelauto","Flank","Kruispunt, 4 takken",30,"Brandend","Duisternis","Droog",\N,\N,"Govert Flinckstraat","Amsterdam","Amsterdam","Noord-Holland",false,52.354173,4.888411,"material damage only","4","clear",false,1,"GM0363"
"20240145961",2024,"Uitsluitend materiele schade",2,"Fiets","Personenauto","Frontaal","Bocht",30,"Niet aanwezig","Daglicht","Droog",\N,"601169301","Honingerhof","Rotterdam","Rotterdam","Zuid-Holland",false,51.91952,4.514262,"material damage only","4","clear",false,1,"GM0599"
"20240145995",2024,"Letsel",2,"Bestelauto","Fiets","Onbekend","Kruispunt, 4 takken",30,"Niet brandend","Daglicht","Droog",\N,\N,"Oostersingel","Berkel en Rodenrijs","Lansingerland","Zuid-Holland",false,52.001607,4.490794,"injury","2","clear",false,1,"GM1621"
"20240134362",2024,"Uitsluitend materiele schade",2,"Personenauto","Fiets","Flank","Kruispunt, 4 takken",50,"Niet brandend","Daglicht","Droog",\N,\N,"Kerkverreweide","Wijk en Aalburg","Altena","Noord-Brabant",false,51.762643,5.122212,"material damage only","4","clear",false,1,"GM1959"
"20240136868",2024,"Uitsluitend materiele schade",2,"Personenauto","Fiets","Flank","Kruispunt, 4 takken",30,"Niet brandend","Daglicht","Droog",\N,\N,"Moerveldenpad","Best","Best","Noord-Brabant",false,51.501591,5.37209,"material damage only","4","clear",false,1,"GM0753"
"20240145535",2024,"Uitsluitend materiele schade",2,"Personenauto","Fiets","Onbekend",\N,30,\N,"Duisternis",\N,\N,"259198053","Buurmalsenlaan","Tilburg","Tilburg","Noord-Brabant",false,51.58144,5.019799,"material damage only","4","unknown",false,1,"GM0855"
"20240146056",2024,"Letsel",3,"Fiets","Personenauto","Onbekend","Rotonde",30,"Niet brandend","Schemer","Droog",\N,\N,"Beukelsdijk","Rotterdam","Rotterdam","Zuid-Holland",false,51.920054,4.44962,"injury","2","clear",false,1,"GM0599"
"20240146188",2024,"Letsel",2,"Personenauto","Fiets","Onbekend",\N,\N,\N,"Daglicht",\N,\N,\N,"DEVELPOORT","Zwijndrecht","Zwijndrecht","Zuid-Holland",false,51.818855,4.628116,"injury","2","unknown",false,1,"GM0642"
"20240146430",2024,"Uitsluitend materiele schade",2,"Personenauto","Fiets","Flank","Kruispunt, 3 takken",80,"Niet aanwezig","Daglicht","Droog",\N,\N,"Esp","Bakel","Gemert-Bakel","Noord-Brabant",false,51.514858,5.724455,"material damage only","4","clear",false,1,"GM1652"
"20240138239",2024,"Letsel",2,"Personenauto","Fiets","Flank","Kruispunt, 3 takken",50,"Niet brandend","Daglicht","Droog",\N,\N,"Westelijke Esweg","Hengelo","Hengelo (O)","Overijssel",false,52.283061,6.827374,"injury","2","clear",false,1,\N
"20240148938",2024,"Letsel",2,"Fiets","Personenauto","Onbekend","Kruispunt, 3 takken",30,"Niet brandend","Schemer","Droog",\N,\N,"Beukenlaan","Nieuwe Pekela","Pekela","Groningen",false,53.076106,6.958495,"injury","2","clear",false,1,"GM0765"
"20240149472",2024,"Letsel",2,"Personenauto","Fiets","Kop/staart","Rechte weg",50,"Niet brandend","Daglicht","Droog",\N,\N,"Gildestraat","Velp","Rheden","Gelderland",false,51.985,5.990949,"injury","2","clear",false,1,"GM0275"
"20240150090",2024,"Letsel",2,"Personenauto","Fiets","Flank","Kruispunt, 4 takken",60,"Niet brandend","Daglicht","Droog",\N,\N,"De Bulten","Annen","Aa en Hunze","Drenthe",false,53.058504,6.765469,"injury","2","clear",false,1,"GM1680"
"20240000997",2024,"Letsel",2,"Personenauto","Fiets","Onbekend","Kruispunt, 3 takken",50,"Niet brandend","Daglicht","Droog",\N,\N,"Julianalaan","Breda","Breda","Noord-Brabant",false,51.579077,4.764465,"injury","2","clear",false,1,"GM0758"
"20240007228",2024,"Letsel",1,"Fiets",\N,"Eenzijdig","Rechte weg",30,"Brandend","Duisternis","Droog",\N,"215294036","Gansstraat","Gouda","Gouda","Zuid-Holland",false,52.009909,4.696739,"injury","2","clear",false,1,"GM0513"
"20230110483",2023,"Letsel",2,"Personenauto","Fiets","Flank","Kruispunt, 3 takken",50,"Niet brandend","Daglicht","Regen",\N,\N,"Hoofdstraat","Kaatsheuvel","Loon op Zand","Noord-Brabant",false,51.661478,5.032562,"injury","2","rain",false,1,"GM0809"
"20240007861",2024,"Uitsluitend materiele schade",2,"Personenauto","Fiets","Flank","Rotonde",50,"Niet brandend","Daglicht","Droog",\N,\N,"Noordweg","'s-Gravenhage","'s-Gravenhage","Zuid-Holland",false,52.037502,4.287412,"material damage only","4","clear",false,1,"GM0518"
"20240008275",2024,"Letsel",2,"Personenauto","Fiets","Flank","Kruispunt, 4 takken",50,"Niet brandend","Daglicht","Droog",\N,\N,"Verdilaan","Naaldwijk","Westland","Zuid-Holland",false,51.994276,4.210311,"injury","2","clear",false,1,"GM1783"
"20240151651",2024,"Letsel",2,"Fiets","Personenauto","Flank","Rechte weg",50,"Brandend","Daglicht","Mist","Tunnel",\N,"Deldenerstraat","Hengelo","Hengelo (O)","Overijssel",false,52.266045,6.781883,"injury","2","fog",false,1,\N
"20240152919",2024,"Letsel",2,"Bromfiets","Fiets","Frontaal","Rechte weg",30,"Brandend","Duisternis","Droog",\N,"223401063","Hoofdspoor","Assendelft","Zaanstad","Noord-Holland",false,52.493644,4.753546,"injury","2","clear",false,1,"GM0479"
"20240006147",2024,"Uitsluitend materiele schade",2,"Personenauto","Fiets","Flank","Rotonde",50,"Niet brandend","Daglicht","Droog",\N,\N,"Phohistraat","Huizen","Huizen","Noord-Holland",false,52.290564,5.24475,"material damage only","4","clear",false,1,"GM0406"
"20240007705",2024,"Uitsluitend materiele schade",2,"Personenauto","Fiets","Flank","Rechte weg",30,"Brandend","Duisternis","Droog",\N,"240372081","Stadhouderskade","Amsterdam","Amsterdam","Noord-Holland",false,52.362108,4.880986,"material damage only","4","clear",false,1,"GM0363"
"20240007904",2024,"Letsel",2,"Fiets","Overig vast object","Vast voorwerp","Rechte weg",\N,"Brandend","Duisternis","Harde windstoten/Regen",\N,"600718954","Juliana van Stolberglaan","'s-Gravenhage","'s-Gravenhage","Zuid-Holland",false,52.081542,4.331684,"injury","2","unknown",false,1,"GM0518"
"20240012474",2024,"Letsel",1,"Fiets",\N,"Eenzijdig","Rechte weg",30,"Niet brandend","Daglicht","Droog",\N,"191324137","Hoge Rijndijk","Zoeterwoude","Zoeterwoude","Zuid-Holland",false,52.146964,4.522932,"injury","2","clear",false,1,"GM0638"
"20240012495",2024,"Uitsluitend materiele schade",2,"Personenauto","Fiets","Flank","Kruispunt, 3 takken",50,"Niet brandend","Schemer","Droog",\N,\N,"Krugerlaan","Gouda","Gouda","Zuid-Holland",false,52.008129,4.723957,"material damage only","4","clear",false,1,"GM0513"
"20240021146",2024,"Letsel",1,"Fiets",\N,"Onbekend","Rechte weg",50,"Niet brandend","Daglicht","Droog",\N,"600197403","Sweelinckplein","'s-Gravenhage","'s-Gravenhage","Zuid-Holland",false,52.083453,4.283608,"injury","2","clear",false,1,"GM0518"
"20240021568",2024,"Letsel",3,"Personenauto","Fiets","Flank","Kruispunt, 4 takken",30,"Niet brandend","Daglicht","Droog",\N,\N,"Kikkensteinstraat","Amsterdam","Amsterdam","Noord-Holland",false,52.315356,4.976378,"injury","2","clear",false,1,"GM0363"
"20230107578",2023,"Uitsluitend materiele schade",2,"Personenauto","Fiets","Flank","Kruispunt, 4 takken",50,"Brandend","Duisternis","Regen",\N,\N,"Talmaweg","Dordrecht","Dordrecht","Zuid-Holland",false,51.792236,4.667969,"material damage only","4","rain",false,1,"GM0505"
"20230109347",2023,"Uitsluitend materiele schade",1,"Fiets",\N,"Onbekend","Kruispunt, 4 takken",50,"Brandend","Duisternis","Regen",\N,\N,"De Dreef","Zeist","Zeist","Utrecht",false,52.095525,5.216716,"material damage only","4","rain",false,1,"GM0355"
"20240008336",2024,"Uitsluitend materiele schade",2,"Personenauto","Fiets","Onbekend","Kruispunt, 3 takken",30,"Brandend","Duisternis","Droog",\N,\N,"Julianalaan","Sassenheim","Teylingen","Zuid-Holland",false,52.224695,4.516284,"material damage only","4","clear",false,1,"GM1525"
"20240008625",2024,"Letsel",2,"Personenauto","Fiets","Flank","Kruispunt, 4 takken",50,"Brandend","Duisternis","Droog",\N,\N,"De Hooge Krocht","Noordwijk","Noordwijk","Zuid-Holland",false,52.209153,4.44103,"injury","2","clear",false,1,"GM0575"
"20240008641",2024,"Uitsluitend materiele schade",2,"Personenauto","Fiets","Flank","Kruispunt, 3 takken",50,"Niet brandend","Daglicht","Droog",\N,\N,"Ambachtstraat","Almelo","Almelo","Overijssel",false,52.33243,6.656186,"material damage only","4","clear",false,1,"GM0141"
"20240011330",2024,"Letsel",1,"Fiets",\N,"Eenzijdig","Rechte weg",50,"Niet aanwezig","Schemer","Droog",\N,\N,"Naarderweg","Hilversum","Hilversum","Noord-Holland",false,52.244598,5.168899,"injury","2","clear",false,1,"GM0402"
"20240022179",2024,"Uitsluitend materiele schade",2,"Bestelauto","Fiets","Flank","Kruispunt, 4 takken",50,"Brandend","Duisternis","Droog",\N,\N,"Bachlaan","Waalwijk","Waalwijk","Noord-Brabant",false,51.680946,5.060271,"material damage only","4","clear",false,1,"GM0867"
"20240022576",2024,"Letsel",2,"Fiets","Fiets","Onbekend","Rechte weg",60,"Niet brandend","Daglicht","Droog",\N,"272199007","Riddershofpad","Tilburg","Tilburg","Noord-Brabant",false,51.589012,5.120783,"injury","2","clear",false,1,"GM0855"
"20240154322",2024,"Uitsluitend materiele schade",2,"Personenauto","Fiets","Flank","Kruispunt, 3 takken",50,"Niet brandend","Daglicht","Regen",\N,\N,"Nieuwe Noordpolderweg","Dordrecht","Dordrecht","Zuid-Holland",false,51.806477,4.697729,"material damage only","4","rain",false,1,"GM0505"
"20240155390",2024,"Letsel",2,"Bromfiets","Fiets","Flank","Rechte weg",50,"Brandend","Duisternis","Droog",\N,"600250103","Langelandpad","Zoetermeer","Zoetermeer","Zuid-Holland",false,52.075505,4.506794,"injury","2","clear",false,1,"GM0637"
"20230111768",2023,"Uitsluitend materiele schade",2,"Personenauto","Fiets","Geparkeerd voertuig","Kruispunt, 4 takken",30,"Niet brandend","Daglicht","Droog",\N,\N,"Ferdinand Bolstraat","Amsterdam","Amsterdam","Noord-Holland",false,52.350644,4.891484,"material damage only","4","clear",false,1,"GM0363"
"20230112358",2023,"Letsel",2,"Personenauto","Fiets","Flank","Kruispunt, 4 takken",30,"Niet brandend","Daglicht","Droog",\N,\N,"Oostduinlaan","'s-Gravenhage","'s-Gravenhage","Zuid-Holland",false,52.096923,4.31172,"injury","2","clear",false,1,"GM0518"
"20240001483",2024,"Letsel",3,"Fiets","Landbouwvoertuig","Flank","Kruispunt, 3 takken",50,"Niet brandend","Schemer","Droog",\N,\N,"Elzenhof","Sliedrecht","Sliedrecht","Zuid-Holland",false,51.826447,4.757989,"injury","2","clear",false,1,"GM0610"
"20240006243",2024,"Uitsluitend materiele schade",2,"Fiets","Personenauto","Flank","Kruispunt, 4 takken",50,"Niet brandend","Daglicht","Droog",\N,\N,"Waarderveldweg","Haarlem","Haarlem","Noord-Holland",false,52.395334,4.656138,"material damage only","4","clear",false,1,"GM0392"
"20240007991",2024,"Uitsluitend materiele schade",2,"Personenauto","Fiets","Onbekend","Rechte weg",50,"Niet brandend","Daglicht","Droog",\N,"213296052","Nieuwe Gouwe O.Z.","Gouda","Gouda","Zuid-Holland",false,52.018824,4.68445,"material damage only","4","clear",false,1,"GM0513"
"20240009692",2024,"Letsel",1,"Fiets",\N,"Onbekend","Kruispunt, 3 takken",30,"Brandend","Duisternis","Droog",\N,\N,"Griene Krússtrjitte","Damwâld","Dantumadiel","Friesland",false,53.2883,5.995135,"injury","2","clear",false,1,"GM1891"
"20240011953",2024,"Letsel",2,"Bestelauto","e-bike","Flank","Kruispunt, 3 takken",50,"Niet brandend","Daglicht","Regen",\N,\N,"Bremenweg","Deventer","Deventer","Overijssel",false,52.242469,6.196209,"injury","2","rain",false,1,"GM0150"
"20240012567",2024,"Letsel",2,"Fiets","Snorfiets","Frontaal","Kruispunt, 4 takken",50,"Niet brandend","Daglicht","Regen",\N,\N,"Planetensingel","Alphen aan den Rijn","Alphen aan den Rijn","Zuid-Holland",false,52.139773,4.673226,"injury","2","rain",false,1,"GM0484"
"20240023564",2024,"Letsel",2,"Personenauto","Fiets","Flank","Kruispunt, 3 takken",50,"Niet brandend","Daglicht","Droog",\N,\N,"Aristotelesstraat","Rotterdam","Rotterdam","Zuid-Holland",false,51.882803,4.521801,"injury","2","clear",false,1,"GM0599"
"20240001522",2024,"Letsel",2,"Bus","Fiets","Flank","Kruispunt, 3 takken",50,"Niet brandend","Daglicht","Droog",\N,\N,"Mathenesserlaan","Rotterdam","Rotterdam","Zuid-Holland",false,51.913739,4.45505,"injury","2","clear",false,1,"GM0599"
"20240003810",2024,"Uitsluitend materiele schade",2,"Personenauto","Fiets","Flank","Kruispunt, 3 takken",30,"Niet brandend","Daglicht","Droog",\N,\N,"Wederiklaan","Kampen","Kampen","Overijssel",false,52.553434,5.898646,"material damage only","4","clear",false,1,"GM0166"
"20240005589",2024,"Uitsluitend materiele schade",2,"Bromfiets","Fiets","Flank","Kruispunt, 4 takken",30,"Brandend","Duisternis","Droog",\N,\N,"WILLEMSBRUG","Alkmaar","Alkmaar","Noord-Holland",false,52.628248,4.754509,"material damage only","4","clear",false,1,"GM0361"
"20240009721",2024,"Letsel",2,"Personenauto","Fiets","Onbekend","Kruispunt, 3 takken",30,"Niet brandend","Daglicht","Regen",\N,\N,"Kampweg","Wageningen","Wageningen","Gelderland",false,51.971448,5.66505,"injury","2","rain",false,1,"GM0289"
"20240152447",2024,"Letsel",2,"Personenauto","Fiets","Flank","Kruispunt, 4 takken",50,"Niet brandend","Daglicht","Droog",\N,\N,"Laan Hofrust","Rijswijk","Rijswijk","Zuid-Holland",false,52.057611,4.336934,"injury","2","clear",false,1,\N
"20240152464",2024,"Letsel",2,"Personenauto","Fiets","Flank","Kruispunt, 4 takken",50,"Niet brandend","Daglicht","Droog",\N,\N,"Van Hogenhoucklaan","'s-Gravenhage","'s-Gravenhage","Zuid-Holland",false,52.09914,4.317162,"injury","2","clear",false,1,"GM0518"
"20230111244",2023,"Uitsluitend materiele schade",2,"Fiets","Fiets","Frontaal","Rechte weg",50,"Niet brandend","Daglicht","Droog",\N,"600701637","Kamperfoelieweg","Amsterdam","Amsterdam","Noord-Holland",false,52.395164,4.914467,"material damage only","4","clear",false,1,"GM0363"
"20240002569",2024,"Uitsluitend materiele schade",2,"Bestelauto","Fiets","Flank","Kruispunt, 3 takken",30,"Niet brandend","Daglicht","Droog",\N,\N,"Vesperstraat","Mierlo","Geldrop-Mierlo","Noord-Brabant",false,51.443731,5.620017,"material damage only","4","clear",false,1,"GM1771"
"20240012650",2024,"Letsel",2,"Personenauto","Fiets","Flank","Rechte weg",30,"Brandend","Schemer","Regen",\N,"156298049","Harry Hoekstraat","Wateringen","Westland","Zuid-Holland",false,52.025954,4.265743,"injury","2","rain",false,1,"GM1783"
"20240017846",2024,"Uitsluitend materiele schade",2,"Bestelauto","e-bike","Flank","Kruispunt, 3 takken",30,"Niet brandend","Schemer","Droog",\N,\N,"Tuindorpweg","Vaassen","Epe","Gelderland",false,52.283221,5.961992,"material damage only","4","clear",false,1,"GM0232"
"20240154499",2024,"Letsel",2,"Fiets","Fiets","Frontaal","Rechte weg",30,"Brandend","Duisternis","Droog",\N,"600629885","FIETSPAD","Capelle aan den IJssel","Capelle aan den IJssel","Zuid-Holland",true,51.912452,4.568606,"injury","2","clear",false,1,"GM0502"
"20230109554",2023,"Uitsluitend materiele schade",2,"Fiets","Fiets","Kop/staart","Rechte weg",50,"Niet brandend","Daglicht","Droog",\N,"600181719","Monseigneur Borretstraat","Reek","Maashorst","Noord-Brabant",false,51.741846,5.682085,"material damage only","4","clear",false,1,"GM1991"
"20240002230",2024,"Letsel",1,"Fiets",\N,"Onbekend","Kruispunt, 3 takken",30,"Niet brandend","Daglicht","Droog",\N,\N,"Zwartbroekweg","'s-Hertogenbosch","'s-Hertogenbosch","Noord-Brabant",false,51.726615,5.292143,"injury","2","clear",false,1,"GM0796"
"20240010264",2024,"Uitsluitend materiele schade",2,"Bromfiets","Fiets","Flank","Kruispunt, 4 takken",30,"Niet brandend","Daglicht","Droog",\N,\N,"Oosterweg","Groningen","Groningen","Groningen",false,53.210741,6.576071,"material damage only","4","clear",false,1,"GM0014"