"accident_id","year","severity_raw","party_count","party1_type","party2_type","accident_type","road_situation","speed_limit_kmh","road_lighting","light_condition_label","weather_raw","infra_type","road_segment_id","street_name","place_name","gemeente_name_raw","province","alcohol_indicated","latitude","longitude","severity_label","severity_code","weather_label","built_up_area","cyclists_involved","gemeente_code"
"20240010728",2024,"Uitsluitend materiele schade",2,"Personenauto","e-bike","Kop/staart","Rechte weg",30,"Niet brandend","Daglicht","Droog",\N,"286373083","Zwolleweg","Almere","Almere","Flevoland",false,52.367268,5.211887,"material damage only","4","clear",false,1,"GM0034"
"20240019327",2024,"Letsel",3,"Motor","Fiets","Kop/staart","Kruispunt, 4 takken",30,"Niet brandend","Daglicht","Droog",\N,\N,"WITTEVROUWENBRUG","Utrecht","Utrecht","Utrecht",false,52.094981,5.125989,"injury","2","clear",false,1,"GM0344"
"20240021607",2024,"Uitsluitend materiele schade",2,"Personenauto","Fiets","Onbekend","Rechte weg",30,"Niet brandend","Daglicht","Droog",\N,"249404028","Nieuwstraat","Purmerend","Purmerend","Noord-Holland",false,52.508391,4.945136,"material damage only","4","clear",false,1,"GM0439"
"20240013413",2024,"Letsel",2,"Fiets","Personenauto","Frontaal","Rotonde",50,"Brandend","Duisternis","Droog",\N,\N,"Rijnsburgerweg","Leiden","Leiden","Zuid-Holland",false,52.170453,4.479621,"injury","2","clear",false,1,"GM0546"
"20240013887",2024,"Uitsluitend materiele schade",2,"Personenauto","Fiets","Voetganger","Rechte weg",30,"Niet brandend","Daglicht","Droog",\N,"348177089","Dijksestraat","Helmond","Helmond","Noord-Brabant",false,51.486258,5.663646,"material damage only","4","clear",false,1,"GM0794"
"20230107803",2023,"Uitsluitend materiele schade",2,"Fiets","Personenauto","Flank","Rechte weg",50,"Brandend","Duisternis","Droog",\N,"186275004","Warande","Rotterdam","Rotterdam","Zuid-Holland",false,51.926607,4.489834,"material damage only","4","clear",false,1,"GM0599"
"20240155273",2024,"Letsel",2,"Fiets","Vrachtauto","Flank","Bocht",50,"Niet brandend","Daglicht","Droog",\N,\N,"Provincialeweg","Noordwijkerhout","Noordwijk","Zuid-Holland",false,52.248632,4.477917,"injury","2","clear",false,1,"GM0575"
"20230112560",2023,"Letsel",2,"Personenauto","Fiets","Frontaal","Kruispunt, 4 takken",80,"Brandend","Duisternis","Droog",\N,\N,"Dijkweg","Naaldwijk","Westland","Zuid-Holland",false,52.001203,4.218401,"injury","2","clear",false,1,"GM1783"
"20240012162",2024,"Letsel",1,"Fiets",\N,"Onbekend","Rechte weg",15,"Niet brandend","Daglicht","Droog",\N,"217294202","Klein Amerika","Gouda","Gouda","Zuid-Holland",false,52.012412,4.716166,"injury","2","clear",false,1,"GM0513"
"20240012930",2024,"Letsel",2,"Snorfiets","Fiets","Flank","Kruispunt, 4 takken",50,"Niet brandend","Daglicht","Droog",\N,\N,"Frits Diepenlaan","'s-Gravenhage","'s-Gravenhage","Zuid-Holland",false,52.039689,4.367181,"injury","2","clear",false,1,"GM0518"
"20240013288",2024,"Letsel",2,"Fiets","Fiets","Onbekend","Rechte weg",\N,"Niet brandend","Daglicht","Droog",\N,"167292070","Krakeelpolderweg","Delft","Delft","Zuid-Holland",false,52.001948,4.353096,"injury","2","clear",false,1,"GM0503"
"20240013774",2024,"Uitsluitend materiele schade",2,"Personenauto","Fiets","Flank","Kruispunt, 3 takken",50,"Niet brandend","Daglicht","Regen",\N,\N,"Beethovenlaan","Tilburg","Tilburg","Noord-Brabant",false,51.587152,5.080004,"material damage only","4","rain",false,1,"GM0855"
"20240004711",2024,"Uitsluitend materiele schade",2,"Bromfiets","Fiets","Flank","Rechte weg",30,"Niet aanwezig","Duisternis","Harde windstoten/Mist",\N,"600835867","Eldensedijk","Arnhem","Arnhem","Gelderland",false,51.974216,5.895981,"material damage only","4","unknown",false,1,"GM0202"
"20240012201",2024,"Letsel",1,"Fiets",\N,"Flank","Rechte weg",30,"Brandend","Duisternis","Droog",\N,"600731082","Broekweg","Leiden","Leiden","Zuid-Holland",false,52.178752,4.502001,"injury","2","clear",false,1,"GM0546"
"20240023187",2024,"Uitsluitend materiele schade",2,"Personenauto","Fiets","Flank","Rotonde",50,"Niet brandend","Daglicht","Droog",\N,\N,"Vlaardingweg","Rotterdam","Rotterdam","Zuid-Holland",false,51.932083,4.416483,"material damage only","4","clear",false,1,"GM0599"
"20240023206",2024,"Uitsluitend materiele schade",2,"Fiets","Bestelauto","Flank","Kruispunt, 4 takken",50,"Niet aanwezig","Daglicht","Droog",\N,\N,"Pieter de Hoochweg","Rotterdam","Rotterdam","Zuid-Holland",false,51.905695,4.460376,"material damage only","4","clear",false,1,"GM0599"
"20240023212",2024,"Letsel",2,"Personenauto","Fiets","Flank","Kruispunt, 3 takken",60,"Niet brandend","Daglicht","Droog",\N,\N,"Rijksweg A44","Abbenes","Haarlemmermeer","Noord-Holland",false,52.227651,4.573947,"injury","2","clear",false,1,"GM0394"
"20240016804",2024,"Letsel",1,"Fiets",\N,"Eenzijdig","Bocht",\N,"Niet brandend","Daglicht","Droog","Brug/viaduct","382412056","Kamperstraatweg","Kampen","Kampen","Overijssel",false,52.542347,5.920553,"injury","2","clear",false,1,"GM0166"
"20240016834",2024,"Uitsluitend materiele schade",2,"Personenauto","Fiets","Flank","Kruispunt, 3 takken",50,"Niet brandend","Daglicht","Droog",\N,\N,"Nijverheidstraat","Losser","Losser","Overijssel",false,52.250231,7.009318,"material damage only","4","clear",false,1,"GM0168"
"20230110267",2023,"Uitsluitend materiele schade",2,"Personenauto","Fiets","Kop/staart","Kruispunt, 4 takken",30,"Brandend","Schemer","Regen",\N,\N,"Boomstraat","Tilburg","Tilburg","Noord-Brabant",false,51.558078,5.075584,"material damage only","4","rain",false,1,"GM0855"
"20240011172",2024,"Letsel",2,"Personenauto","Fiets","Onbekend","Rechte weg",50,"Niet brandend","Daglicht","Droog",\N,\N,"Kalslagerring","Nieuw-Vennep","Haarlemmermeer","Noord-Holland",false,52.264501,4.62101,"injury","2","clear",false,1,"GM0394"
"20240014268",2024,"Letsel",2,"Personenauto","Fiets","Onbekend","Kruispunt, 3 takken",50,"Niet brandend","Daglicht","Droog/Harde windstoten",\N,\N,"Papegaaienburg","Vlissingen","Vlissingen","Zeeland",false,51.464885,3.582018,"injury","2","unknown",false,1,"GM0718"
"20240016374",2024,"Letsel",1,"Fiets",\N,"Eenzijdig","Bocht",60,"Niet aanwezig","Daglicht","Droog",\N,"386142002","Kampweg","Beringe","Peel en Maas","Limburg",false,51.331696,5.940628,"injury","2","clear",false,1,"GM1894"
"20240154042",2024,"Letsel",2,"Personenauto","Fiets","Flank","Rotonde",50,"Brandend","Duisternis","Droog",\N,\N,"Jacques Dutilhweg","Rotterdam","Rotterdam","Zuid-Holland",false,51.925404,4.535944,"injury","2","clear",false,1,"GM0599"
"20230111505",2023,"Letsel",2,"Personenauto","Fiets","Flank","Kruispunt, 3 takken",50,"Niet brandend","Daglicht","Regen",\N,\N,"Tersierstraat","Haarlem","Haarlem","Noord-Holland",false,52.362019,4.657158,"injury","2","rain",false,1,"GM0392"
"20230113292",2023,"Uitsluitend materiele schade",1,"Fiets",\N,"Onbekend","Rechte weg",50,"Niet brandend","Daglicht","Droog",\N,"600737051","Gemeneweg","Hazerswoude-Dorp","Alphen aan den Rijn","Zuid-Holland",false,52.112079,4.587465,"material damage only","4","clear",false,1,"GM0484"
"20230108601",2023,"Letsel",2,"Personenauto","Fiets","Flank","Kruispunt, 3 takken",30,"Brandend","Schemer","Regen",\N,\N,"Rogier van der Weydenln","Bilthoven","De Bilt","Utrecht",false,52.129566,5.19535,"injury","2","rain",false,1,"GM0310"
"20240016693",2024,"Letsel",2,"Fiets","Fiets","Flank","Rechte weg",50,"Niet brandend","Daglicht","Droog",\N,"601000479","Goorsestraat","Haaksbergen","Haaksbergen","Overijssel",false,52.159738,6.73385,"injury","2","clear",false,1,"GM0158"
"20240016946",2024,"Letsel",2,"Personenauto","e-bike","Flank","Rotonde",50,"Niet brandend","Daglicht","Regen",\N,\N,"Karstraat","Huissen","Lingewaard","Gelderland",false,51.911459,5.916095,"injury","2","rain",false,1,"GM1705"
"20240022357",2024,"Uitsluitend materiele schade",2,"Personenauto","Fiets","Onbekend","Rotonde",50,"Niet brandend","Daglicht","Droog",\N,\N,"Heemraadlaan","Spijkenisse","Nissewaard","Zuid-Holland",false,51.837743,4.323181,"material damage only","4","clear",false,1,"GM1930"
"20240023121",2024,"Letsel",2,"Bromfiets","Fiets","Kop/staart","Rechte weg",30,"Niet brandend","Daglicht","Regen",\N,"601055358","DOENKADE","Rotterdam","Rotterdam","Zuid-Holland",false,51.957022,4.433704,"injury","2","rain",false,1,"GM0599"
"20240153531",2024,"Letsel",2,"Fiets","Personenauto","Geparkeerd voertuig","Rechte weg",30,"Niet aanwezig","Duisternis","Droog","Spoorwegovergang","247372113","Pontanusstraat","Amsterdam","Amsterdam","Noord-Holland",false,52.361575,4.930503,"injury","2","clear",false,1,"GM0363"
"20230111022",2023,"Letsel",2,"Fiets","Fiets","Onbekend","Rechte weg",30,"Niet brandend","Daglicht","Droog",\N,\N,"FIETSPAD","Rijswijk","Rijswijk","Zuid-Holland",false,52.022401,4.326913,"injury","2","clear",false,1,\N
"20230112222",2023,"Letsel",1,"e-bike",\N,"Eenzijdig","Rotonde",50,"Niet brandend","Daglicht","Droog",\N,\N,"FIETSPAD","Naaldwijk","Westland","Zuid-Holland",false,51.988587,4.206723,"injury","2","clear",false,1,"GM1783"
"20230032301",2023,"Uitsluitend materiele schade",3,"Personenauto","Fiets","Vast voorwerp","Kruispunt, 4 takken",60,"Niet brandend","Daglicht","Droog",\N,\N,"Fressevenweg","Bergeijk","Bergeijk","Noord-Brabant",false,51.318315,5.381682,"material damage only","4","clear",false,1,"GM1724"
"20240030242",2024,"Uitsluitend materiele schade",2,"Bromfiets","Fiets","Kop/staart","Rechte weg",\N,"Niet brandend","Daglicht","Droog",\N,"226504076","Ruyghweg","Den Helder","Den Helder","Noord-Holland",false,52.954037,4.763427,"material damage only","4","clear",false,1,"GM0400"
"20230016267",2023,"Uitsluitend materiele schade",2,"Personenauto","Fiets","Flank","Rotonde",50,"Niet brandend","Daglicht","Droog",\N,\N,"Bestevaer","Huizen","Huizen","Noord-Holland",false,52.304559,5.246969,"material damage only","4","clear",false,1,"GM0406"
"20230021988",2023,"Uitsluitend materiele schade",1,"Fiets",\N,"Voetganger","Rechte weg",30,"Niet brandend","Daglicht","Droog",\N,"600372322","Voldersgracht","Delft","Delft","Zuid-Holland",false,52.012529,4.359958,"material damage only","4","clear",false,1,"GM0503"
"20240029715",2024,"Letsel",2,"Fiets","Scootmobiel","Frontaal","Rechte weg",50,"Niet brandend","Daglicht","Droog",\N,"601015568","Vaillantlaan","'s-Gravenhage","'s-Gravenhage","Zuid-Holland",false,52.065568,4.305888,"injury","2","clear",false,1,"GM0518"
"20230035154",2023,"Uitsluitend materiele schade",2,"Personenauto","Fiets","Flank","Kruispunt, 3 takken",60,"Niet brandend","Daglicht","Droog",\N,\N,"MONUMENTENWEI","Tjalhuizum","Súdwest-Fryslân","Friesland",false,53.044203,5.614938,"material damage only","4","clear",false,1,"GM1900"
"20230068451",2023,"Letsel",2,"Personenauto","Fiets","Flank","Rechte weg",50,"Niet brandend","Daglicht","Droog",\N,\N,"Slinge","Rotterdam","Rotterdam","Zuid-Holland",false,51.874988,4.500185,"injury","2","clear",false,1,"GM0599"
"20230016838",2023,"Letsel",2,"Fiets","Fiets","Onbekend","Rechte weg",50,"Niet brandend","Schemer","Regen",\N,"600754103","Robbenkoog","Alkmaar","Alkmaar","Noord-Holland",false,52.642524,4.779472,"injury","2","rain",false,1,"GM0361"
"20230018579",2023,"Uitsluitend materiele schade",2,"Personenauto","Fiets","Flank","Kruispunt, 3 takken",50,"Niet brandend","Daglicht","Droog",\N,\N,"Batenburg","Nieuwegein","Nieuwegein","Utrecht",false,52.042821,5.076467,"material damage only","4","clear",false,1,"GM0356"
"20230022573",2023,"Uitsluitend materiele schade",2,"Personenauto","Fiets","Flank","Rotonde",30,"Niet brandend","Daglicht","Droog",\N,\N,"Papsouwselaan","Delft","Delft","Zuid-Holland",false,51.997125,4.355326,"material damage only","4","clear",false,1,"GM0503"
"20230028932",2023,"Uitsluitend materiele schade",2,"Fiets","Personenauto","Flank","Kruispunt, 4 takken",50,"Niet brandend","Daglicht","Droog",\N,\N,"K.P. van der Mandelelaan","Rotterdam","Rotterdam","Zuid-Holland",false,51.919069,4.529955,"material damage only","4","clear",false,1,"GM0599"
"20240029610",2024,"Uitsluitend materiele schade",2,"Bromfiets","Fiets","Flank","Kruispunt, 4 takken",30,"Brandend","Duisternis","Droog",\N,\N,"Pasteurstraat","Leiden","Leiden","Zuid-Holland",false,52.168551,4.493105,"material damage only","4","clear",false,1,"GM0546"
"20240030113",2024,"Letsel",1,"Fiets",\N,"Eenzijdig","Rechte weg",50,"Brandend","Duisternis","Droog",\N,"191341072","Hoofdstraat","Sassenheim","Teylingen","Zuid-Holland",false,52.222929,4.51709,"injury","2","clear",false,1,"GM1525"
"20230066933",2023,"Letsel",2,\N,"Fiets","Eenzijdig","Rechte weg",30,"Brandend","Duisternis","Droog",\N,"206359039","Deltaweg","Hoofddorp","Haarlemmermeer","Noord-Holland",false,52.303736,4.629215,"injury","2","clear",false,1,"GM0394"
"20230067193",2023,"Letsel",2,"Bestelauto","Fiets","Onbekend","Rechte weg",30,"Niet brandend","Daglicht","Droog",\N,"271267009","Markiezenhof","Leerdam","Vijfheerenlanden","Utrecht",false,51.894082,5.106325,"injury","2","clear",false,1,"GM1961"
"20230067590",2023,"Uitsluitend materiele schade",2,"Personenauto","Fiets","Geparkeerd voertuig","Rechte weg",30,"Brandend","Duisternis","Droog",\N,"600363230","Geldersekade","Amsterdam","Amsterdam","Noord-Holland",false,52.373655,4.900704,"material damage only","4","clear",false,1,"GM0363"
"20240031457",2024,"Uitsluitend materiele schade",3,"Fiets",\N,"Flank","Kruispunt, 4 takken",30,"Niet brandend","Daglicht","Droog",\N,\N,"Veldstraat","Wijk en Aalburg","Altena","Noord-Brabant",false,51.759456,5.123111,"material damage only","4","clear",false,1,"GM1959"
"20230069232",2023,"Letsel",2,"Bromfiets","Fiets","Flank","Kruispunt, 4 takken",30,"Niet brandend","Daglicht","Droog",\N,\N,"Maresingel","Leiden","Leiden","Zuid-Holland",false,52.164432,4.49792,"injury","2","clear",false,1,"GM0546"
"20230018018",2023,"Letsel",2,"Personenauto","Fiets","Flank","Kruispunt, 3 takken",50,"Niet brandend","Daglicht","Regen",\N,\N,"Santpoorterstraat","Haarlem","Haarlem","Noord-Holland",false,52.38998,4.627894,"injury","2","rain",false,1,"GM0392"
"20230033400",2023,"Uitsluitend materiele schade",2,"Snorfiets","Fiets","Flank","Kruispunt, 3 takken",50,"Niet brandend","Daglicht","Droog",\N,\N,"Langendijk","Eindhoven","Eindhoven","Noord-Brabant",false,51.423187,5.430794,"material damage only","4","clear",false,1,"GM0772"
"20230035237",2023,"Letsel",2,"Personenauto","e-bike","Flank","Rotonde",50,"Niet brandend","Daglicht","Droog",\N,\N,"Werkerlaan","Zwolle","Zwolle","Overijssel",false,52.538686,6.059958,"injury","2","clear",false,1,"GM0193"
"20230075535",2023,"Uitsluitend materiele schade",2,"Bromfiets","e-bike","Frontaal","Bocht",50,"Niet brandend","Daglicht","Regen","Tunnel","600785809","Fongerspad","Almere","Almere","Flevoland",false,52.351503,5.246361,"material damage only","4","rain",false,1,"GM0034"
"20230075680",2023,"Letsel",2,"Personenauto","e-bike","Flank","Kruispunt, 4 takken",30,"Niet brandend","Daglicht","Droog","Brug/viaduct",\N,"Hoofdweg","Hoofddorp","Haarlemmermeer","Noord-Holland",false,52.303876,4.689918,"injury","2","clear",false,1,"GM0394"
"20240027303",2024,"Letsel",2,"Personenauto","Fiets","Flank","Rechte weg",30,"Niet brandend","Daglicht","Regen",\N,"600990097","Stadshaven","Appingedam","Eemsdelta","Groningen",false,53.318415,6.857744,"injury","2","rain",false,1,"GM1979"
"20230025574",2023,"Letsel",2,"Personenauto","Fiets","Flank","Kruispunt, 3 takken",30,"Niet brandend","Daglicht","Droog",\N,\N,"Prins Hendrikkade","Rotterdam","Rotterdam","Zuid-Holland",false,51.915131,4.500165,"injury","2","clear",false,1,"GM0599"
"20230067424",2023,"Uitsluitend materiele schade",2,"Personenauto","Fiets","Flank","Kruispunt, 4 takken",50,"Niet brandend","Daglicht","Droog",\N,\N,"Heijermansstraat","Zaandam","Zaanstad","Noord-Holland",false,52.452746,4.824239,"material damage only","4","clear",false,1,"GM0479"
"20230068911",2023,"Letsel",2,"Fiets","Fiets","Flank","Rechte weg",30,"Niet brandend","Daglicht","Droog",\N,\N,"Hooikade","Delft","Delft","Zuid-Holland",false,52.004556,4.361036,"injury","2","clear",false,1,"GM0503"
"20230068936",2023,"Letsel",2,"Personenauto","Fiets","Flank","Rechte weg",30,"Niet brandend","Daglicht","Droog",\N,"199358042","Prinses Irenelaan","Hillegom","Hillegom","Zuid-Holland",false,52.296622,4.581649,"injury","2","clear",false,1,"GM0534"
"20240028458",2024,"Uitsluitend materiele schade",2,\N,"Fiets","Onbekend","Rechte weg",30,"Niet brandend","Daglicht","Droog",\N,"601025928","Kooltjespad","Blaricum","Blaricum","Noord-Holland",false,52.27787,5.236906,"material damage only","4","clear",false,1,"GM0376"
"20230033480",2023,"Letsel",2,"Bestelauto","Fiets","Geparkeerd voertuig","Rechte weg",30,"Niet brandend","Daglicht","Droog",\N,"269198007","Verhulstlaan","Tilburg","Tilburg","Noord-Brabant",false,51.58149,5.098713,"injury","2","clear",false,1,"GM0855"
"20230036309",2023,"Letsel",1,"Fiets",\N,"Eenzijdig","Kruispunt, 3 takken",30,"Niet brandend","Daglicht","Droog",\N,\N,"Kerkedijk","Bergen (NH)","Bergen (NH)","Noord-Holland",false,52.67302,4.723204,"injury","2","clear",false,1,\N
"20230068246",2023,"Letsel",2,"Personenauto","Fiets","Onbekend","Rechte weg",30,"Niet brandend","Daglicht","Droog",\N,"190304035","Zegwaartseweg","Zoetermeer","Zoetermeer","Zuid-Holland",false,52.056762,4.514689,"injury","2","clear",false,1,"GM0637"
"20230077357",2023,"Letsel",3,"Fiets","Fiets","Onbekend","Rechte weg",60,"Niet brandend","Daglicht","Droog",\N,"227325001","Noordenseweg","Nieuwkoop","Nieuwkoop","Zuid-Holland",false,52.153777,4.785611,"injury","2","clear",false,1,"GM0569"
"20230077540",2023,"Letsel",1,"Fiets",\N,"Eenzijdig","Kruispunt, 3 takken",30,"Niet brandend","Daglicht","Droog",\N,\N,"Prinses Marijkelaan","Katwijk","Katwijk","Zuid-Holland",false,52.197726,4.416028,"injury","2","clear",false,1,"GM0537"
"20240026755",2024,"Uitsluitend materiele schade",2,"Personenauto","Fiets","Los voorwerp","Kruispunt, 4 takken",30,"Niet brandend","Daglicht","Regen",\N,\N,"Schutselaan","Coevorden","Coevorden","Drenthe",false,52.667053,6.745782,"material damage only","4","rain",false,1,"GM0109"
"20230021596",2023,"Letsel",2,"Personenauto","Fiets","Flank","Kruispunt, 4 takken",50,"Niet brandend","Daglicht","Droog",\N,\N,"Brasserhoutweg","'s-Gravenhage","'s-Gravenhage","Zuid-Holland",false,52.034978,4.379396,"injury","2","clear",false,1,"GM0518"
"20240027907",2024,"Letsel",1,"Fiets",\N,"Onbekend","Rechte weg",30,"Niet brandend","Daglicht","Droog",\N,"600734910","Oude trambaan","Zandvoort","Zandvoort","Noord-Holland",false,52.369306,4.548722,"injury","2","clear",false,1,"GM0473"
"20230033274",2023,"Uitsluitend materiele schade",2,"Fiets","Fiets","Onbekend","Kruispunt, 3 takken",80,"Niet aanwezig","Daglicht","Droog",\N,\N,"Brembroeken","Vortum-Mullem","Land van Cuijk","Noord-Brabant",false,51.618093,5.985207,"material damage only","4","clear",false,1,"GM1982"
"20230034499",2023,"Letsel",2,"Personenauto","Fiets","Flank","Rechte weg",30,"Niet brandend","Daglicht","Droog",\N,"535540013","Hoofdweg","Blijham","Westerwolde","Groningen",false,53.107403,7.073244,"injury","2","clear",false,1,"GM1950"
"20240031210",2024,"Letsel",2,"Personenauto","Fiets","Flank","Rechte weg",30,"Niet brandend","Daglicht","Droog",\N,"600908260","Helderseweg","Alkmaar","Alkmaar","Noord-Holland",false,52.643514,4.744288,"injury","2","clear",false,1,"GM0361"
"20240025504",2024,"Uitsluitend materiele schade",1,"Fiets",\N,"Onbekend","Rechte weg",50,"Brandend","Duisternis","Droog",\N,"384280071","Nielant","Huissen","Lingewaard","Gelderland",false,51.947715,5.929518,"material damage only","4","clear",false,1,"GM1705"
"20230022757",2023,"Uitsluitend materiele schade",2,"Personenauto","Fiets","Los voorwerp","Kruispunt, 4 takken",50,"Niet brandend","Daglicht","Droog",\N,\N,"IJdoornlaan","Amsterdam","Amsterdam","Noord-Holland",false,52.389985,4.958918,"material damage only","4","clear",false,1,"GM0363"
"20230036899",2023,"Uitsluitend materiele schade",1,"Fiets",\N,"Onbekend","Rechte weg",\N,"Niet brandend","Daglicht","Regen",\N,"600741796","Kennemerplein","Haarlem","Haarlem","Noord-Holland",false,52.388731,4.638709,"material damage only","4","rain",false,1,"GM0392"
"20230016510",2023,"Letsel",2,"Bromfiets","Fiets","Flank","Kruispunt, 4 takken",50,"Niet brandend","Daglicht","Droog",\N,\N,"Dudok de Witstraat","Breukelen","Stichtse Vecht","Utrecht",false,52.170522,4.998297,"injury","2","clear",false,1,"GM1904"
"20230016513",2023,"Uitsluitend materiele schade",2,"Personenauto","Fiets","Flank","Kruispunt, 4 takken",50,"Niet brandend","Daglicht","Droog",\N,\N,"Karveel 49","Lelystad","Lelystad","Flevoland",false,52.523031,5.460236,"material damage only","4","clear",false,1,"GM0995"
"20230022211",2023,"Letsel",2,"Personenauto","Fiets","Flank","Kruispunt, 3 takken",50,"Niet brandend","Daglicht","Droog",\N,\N,"Verdamstraat","Leiden","Leiden","Zuid-Holland",false,52.15512,4.509361,"injury","2","clear",false,1,"GM0546"
"20230022225",2023,"Letsel",3,"Fiets","Fiets","Onbekend","Rechte weg",60,"Niet brandend","Duisternis","Droog",\N,"209285001","Kattendijk","Gouderak","Krimpenerwaard","Zuid-Holland",false,51.977298,4.662997,"injury","2","clear",false,1,"GM1931"
"20230029732",2023,"Uitsluitend materiele schade",3,"Bestelauto","Fiets","Onbekend","Rechte weg",30,"Niet brandend","Daglicht","Droog",\N,"600360756","Gouvernestraat","Rotterdam","Rotterdam","Zuid-Holland",false,51.917232,4.46953,"material damage only","4","clear",false,1,"GM0599"
"20230073584",2023,"Letsel",3,"Personenauto","Fiets","Onbekend","Kruispunt, 3 takken",50,"Niet brandend","Daglicht","Regen",\N,\N,"Nieuwe Oosterstraat","Leeuwarden","Leeuwarden","Friesland",false,53.200688,5.802457,"injury","2","rain",false,1,"GM0080"
"20230015423",2023,"Uitsluitend materiele schade",2,"Fiets","Fiets","Flank","Kruispunt, 3 takken",50,"Niet brandend","Daglicht","Droog",\N,\N,"Hooghuizenweg","Huizen","Huizen","Noord-Holland",false,52.295575,5.22674,"material damage only","4","clear",false,1,"GM0406"
"20230020016",2023,"Uitsluitend materiele schade",3,"Fiets","Overig wegmeubilair","Vast voorwerp","Rechte weg",50,"Niet brandend","Daglicht","Droog",\N,"253353043","Hollandse Kade","Abcoude","De Ronde Venen","Utrecht",false,52.279732,4.972405,"material damage only","4","clear",false,1,"GM0736"
"20230021720",2023,"Uitsluitend materiele schade",2,"Snorfiets","Fiets","Frontaal","Rechte weg",30,"Brandend","Duisternis","Droog",\N,"213307008","Middelburgseweg","Boskoop","Alphen aan den Rijn","Zuid-Holland",false,52.071375,4.685962,"material damage only","4","clear",false,1,"GM0484"
"20230030340",2023,"Uitsluitend materiele schade",2,"Fiets","Bromfiets","Onbekend","Rechte weg",30,"Niet brandend","Daglicht","Droog",\N,"600481647","Wolvendijk","Eindhoven","Eindhoven","Noord-Brabant",false,51.450422,5.521782,"material damage only","4","clear",false,1,"GM0772"
"20230035926",2023,"Uitsluitend materiele schade",2,"Personenauto","Fiets","Flank","Kruispunt, 4 takken",50,"Niet aanwezig","Daglicht","Droog",\N,\N,"Derdebaan","Groesbeek","Berg en Dal","Gelderland",false,51.796111,5.929902,"material damage only","4","clear",false,1,"GM1945"
"20230079075",2023,"Letsel",2,"Personenauto","Fiets","Flank","Kruispunt, 3 takken",50,"Niet brandend","Daglicht","Droog",\N,\N,"Leeghwaterplein","'s-Gravenhage","'s-Gravenhage","Zuid-Holland",false,52.06752,4.320185,"injury","2","clear",false,1,"GM0518"
"20230015441",2023,"Letsel",2,"Personenauto","Fiets","Onbekend","Rechte weg",30,"Niet brandend","Daglicht","Droog",\N,"214414021","Koekoeksbloem","Castricum","Castricum","Noord-Holland",false,52.551751,4.682156,"injury","2","clear",false,1,"GM0383"
"20230076766",2023,"Letsel",1,"Fiets",\N,"Eenzijdig","Rechte weg",60,"Niet brandend","Daglicht","Droog",\N,"174310086","Oostvlietweg","Leidschendam","Leidschendam-Voorburg","Zuid-Holland",false,52.082391,4.402282,"injury","2","clear",false,1,"GM1916"
"20240030718",2024,"Uitsluitend materiele schade",2,"Personenauto","Fiets","Flank","Kruispunt, 4 takken",30,"Niet brandend","Daglicht","Droog",\N,\N,"Koninginneweg","Amsterdam","Amsterdam","Noord-Holland",false,52.351805,4.85765,"material damage only","4","clear",false,1,"GM0363"
"20230078515",2023,"Letsel",2,"Fiets","Snorfiets","Flank","Rechte weg",30,"Brandend","Daglicht","Droog","Tunnel","600717884","Stationsweg","'s-Gravenhage","'s-Gravenhage","Zuid-Holland",false,52.070881,4.321099,"injury","2","clear",false,1,"GM0518"
"20240030825",2024,"Letsel",2,"Personenauto","Fiets","Flank","Kruispunt, 3 takken",30,"Niet brandend","Daglicht","Regen",\N,\N,"Panamakade","Amsterdam","Amsterdam","Noord-Holland",false,52.372355,4.938633,"injury","2","rain",false,1,"GM0363"
"20230071267",2023,"Letsel",2,"Personenauto","Fiets","Flank","Kruispunt, 4 takken",50,"Niet brandend","Daglicht","Droog",\N,\N,"Rat Verleghstraat","Breda","Breda","Noord-Brabant",false,51.593885,4.754627,"injury","2","clear",false,1,"GM0758"
"20230013171",2023,"Letsel",2,"Personenauto","Fiets","Flank","Rechte weg",80,"Niet brandend","Daglicht","Droog",\N,"332347001","Nijkerkerstraat","Putten","Putten","Gelderland",false,52.251078,5.552505,"injury","2","clear",false,1,"GM0273"
"20230024694",2023,"Uitsluitend materiele schade",2,"Personenauto","Fiets","Geparkeerd voertuig","Rechte weg",50,"Niet brandend","Daglicht","Droog",\N,"201391026","Groot Berkenbos","IJmuiden","Velsen","Noord-Holland",false,52.44776,4.590316,"material damage only","4","clear",false,1,"GM0453"
"20240027726",2024,"Uitsluitend materiele schade",1,"Fiets",\N,"Onbekend","Rechte weg",80,"Niet brandend","Daglicht","Droog",\N,\N,"Van Weerden Poelmanweg","Soest","Soest","Utrecht",false,52.13084,5.296664,"material damage only","4","clear",false,1,"GM0342"
"20240028326",2024,"Letsel",2,"Personenauto","Fiets","Flank","Kruispunt, 4 takken",50,"Niet brandend","Daglicht","Droog",\N,\N,"Jisperweg","Westbeemster","Purmerend","Noord-Holland",false,52.553988,4.88684,"injury","2","clear",false,1,"GM0439"
"20230069568",2023,"Letsel",2,"Personenauto","Fiets","Flank","Kruispunt, 4 takken",30,"Niet brandend","Daglicht","Droog",\N,\N,"Zuidersingel","Barendrecht","Barendrecht","Zuid-Holland",false,51.850137,4.500926,"injury","2","clear",false,1,"GM0489"