"accident_id","year","severity_raw","party_count","party1_type","party2_type","accident_type","road_situation","speed_limit_kmh","road_lighting","light_condition_label","weather_raw","infra_type","road_segment_id","street_name","place_name","gemeente_name_raw","province","alcohol_indicated","latitude","longitude","severity_label","severity_code","weather_label","built_up_area","cyclists_involved","gemeente_code"
"20240030892",2024,"Uitsluitend materiele schade",2,"Personenauto","Fiets","Flank","Kruispunt, 4 takken",30,"Niet brandend","Daglicht","Droog",\N,\N,"Piet Mondriaanstraat","Amsterdam","Amsterdam","Noord-Holland",false,52.36589,4.840432,"material damage only","4","clear",false,1,"GM0363"
"20230070994",2023,"Uitsluitend materiele schade",2,"Fiets","Personenauto","Flank","Kruispunt, 4 takken",50,"Niet brandend","Daglicht","Droog",\N,\N,"Weg door de Rijpel","Helmond","Helmond","Noord-Brabant",false,51.474559,5.698618,"material damage only","4","clear",false,1,"GM0794"
"20230077943",2023,"Letsel",2,"e-bike","Personenauto","Flank","Rotonde",50,"Niet brandend","Daglicht","Droog",\N,\N,"de Star","Leidschendam","Leidschendam-Voorburg","Zuid-Holland",false,52.078701,4.404618,"injury","2","clear",false,1,"GM1916"
"20230020136",2023,"Uitsluitend materiele schade",2,"Personenauto","Fiets","Flank","Kruispunt, 4 takken",50,"Niet brandend","Daglicht","Droog",\N,\N,"Clauslaan","Zoetermeer","Zoetermeer","Zuid-Holland",false,52.055989,4.489836,"material damage only","4","clear",false,1,"GM0637"
"20230070517",2023,"Uitsluitend materiele schade",2,"Scootmobiel","Fiets","Voetganger","Rechte weg",50,"Niet brandend","Daglicht","Droog",\N,"600815572","Schaafdries","Ravenstein","Oss","Noord-Brabant",false,51.792888,5.645881,"material damage only","4","clear",false,1,"GM0828"
"20240030915",2024,"Uitsluitend materiele schade",2,"Bromfiets","Fiets","Flank","Rechte weg",50,"Niet brandend","Daglicht","Droog",\N,"213414110","Henri Dunantsingel","Castricum","Castricum","Noord-Holland",false,52.551908,4.677997,"material damage only","4","clear",false,1,"GM0383"
"20230076929",2023,"Letsel",1,"Fiets",\N,"Eenzijdig","Rechte weg",30,"Brandend","Duisternis","Droog",\N,"161310081","Torenstraat","'s-Gravenhage","'s-Gravenhage","Zuid-Holland",false,52.078885,4.303694,"injury","2","clear",false,1,"GM0518"
"20230072847",2023,"Letsel",2,"Personenauto","Fiets","Frontaal","Rechte weg",50,"Niet brandend","Daglicht","Droog",\N,"348301206","Molenstraat","Ede","Ede","Gelderland",false,52.046471,5.665224,"injury","2","clear",false,1,"GM0228"
"20230015534",2023,"Letsel",2,"Fiets","Voetganger","Voetganger","Rechte weg",60,"Brandend","Duisternis","Regen",\N,\N,"Koelaan","Zeist","Zeist","Utrecht",false,52.07569,5.229849,"injury","2","rain",false,1,"GM0355"
"20230020176",2023,"Uitsluitend materiele schade",2,"Bromfiets","Fiets","Onbekend",\N,50,\N,"Daglicht",\N,\N,"242374247","Dam","Amsterdam","Amsterdam","Noord-Holland",false,52.372518,4.893756,"material damage only","4","unknown",false,1,"GM0363"
"20230025334",2023,"Letsel",2,"Fiets","Voetganger","Voetganger","Rechte weg",50,"Niet brandend","Daglicht","Regen",\N,"207250027","Burg de Bruïnelaan","Zwijndrecht","Zwijndrecht","Zuid-Holland",false,51.815333,4.647052,"injury","2","rain",false,1,"GM0642"
"20240030965",2024,"Letsel",1,"Fiets",\N,"Flank","Rechte weg",50,"Niet brandend","Daglicht","Droog",\N,"601060795","Solitudolaan","Amsterdam","Amsterdam","Noord-Holland",false,52.340143,4.924231,"injury","2","clear",false,1,"GM0363"
"20230072081",2023,"Letsel",2,"Bromfiets","Fiets","Flank","Rechte weg",\N,"Niet brandend","Daglicht","Droog",\N,"468522005","Asserstraat","Rhee","Assen","Drenthe",false,53.033061,6.571406,"injury","2","clear",false,1,"GM0106"
"20230074121",2023,"Letsel",2,"Fiets","Fiets","Flank","Rechte weg",30,"Niet brandend","Daglicht","Droog",\N,\N,"Keizersgracht","Leeuwarden","Leeuwarden","Friesland",false,53.20026,5.800807,"injury","2","clear",false,1,"GM0080"
"20230074307",2023,"Letsel",2,"Vrachtauto","Fiets","Eenzijdig","Rechte weg",30,"Niet brandend","Daglicht","Droog",\N,"474568043","Kajuit","Groningen","Groningen","Groningen",false,53.237538,6.622114,"injury","2","clear",false,1,"GM0014"
"20230014427",2023,"Uitsluitend materiele schade",2,"Personenauto","Fiets","Flank","Kruispunt, 3 takken",50,"Niet brandend","Daglicht","Droog",\N,\N,"Deurningerstraat","Hengelo","Hengelo (O)","Overijssel",false,52.271657,6.802123,"material damage only","4","clear",false,1,\N
"20230019041",2023,"Uitsluitend materiele schade",3,"Bromfiets","Fiets","Vast voorwerp","Rechte weg",30,"Brandend","Schemer","Droog",\N,"408303002","Dr. de Visserstraat","Dieren","Rheden","Gelderland",false,52.052885,6.105173,"material damage only","4","clear",false,1,"GM0275"
"20230027060",2023,"Uitsluitend materiele schade",2,"Personenauto","Fiets","Flank","Rotonde",50,"Brandend","Duisternis","Sneeuw/Hagel",\N,\N,"Statenlaan","Drunen","Heusden","Noord-Brabant",false,51.684754,5.119331,"material damage only","4","unknown",false,1,"GM0797"
"20230075976",2023,"Letsel",2,"Personenauto","Fiets","Flank","Bocht",50,"Niet brandend","Daglicht","Droog",\N,\N,"Nijverheidsweg","Utrecht","Utrecht","Utrecht",false,52.102359,5.082168,"injury","2","clear",false,1,"GM0344"
"20230013295",2023,"Uitsluitend materiele schade",2,"Personenauto","Fiets","Flank","Rechte weg",\N,"Niet brandend","Daglicht","Droog",\N,"600811994","Achterste Wei","Harderwijk","Harderwijk","Gelderland",false,52.3366,5.607378,"material damage only","4","clear",false,1,"GM0243"
"20230016729",2023,"Uitsluitend materiele schade",2,"Personenauto","Fiets","Flank","Rotonde",50,"Niet brandend","Daglicht","Regen",\N,\N,"Jan Steenlaan","Bilthoven","De Bilt","Utrecht",false,52.131104,5.205309,"material damage only","4","rain",false,1,"GM0310"
"20230020779",2023,"Uitsluitend materiele schade",2,"Bromfiets","Fiets","Flank","Kruispunt, 4 takken",30,"Niet brandend","Daglicht","Droog",\N,\N,"Ophelialaan","Aalsmeer","Aalsmeer","Noord-Holland",false,52.264805,4.763018,"material damage only","4","clear",false,1,"GM0358"
"20230023021",2023,"Letsel",2,"Personenauto","Fiets","Flank","Bocht",50,"Niet brandend","Daglicht","Droog",\N,"600712864","Madesteinweg","'s-Gravenhage","'s-Gravenhage","Zuid-Holland",false,52.046141,4.22721,"injury","2","clear",false,1,"GM0518"
"20230023607",2023,"Uitsluitend materiele schade",2,"Snorfiets","Fiets","Flank","Rechte weg",50,"Niet brandend","Daglicht","Droog",\N,"169295112","Oosteinde","Delft","Delft","Zuid-Holland",false,52.011996,4.36403,"material damage only","4","clear",false,1,"GM0503"
"20230032253",2023,"Uitsluitend materiele schade",2,"Fiets","Personenauto","Flank","Rechte weg",50,"Niet brandend","Daglicht","Droog",\N,"601020705","Zwaanstraat","Eindhoven","Eindhoven","Noord-Brabant",false,51.448268,5.451554,"material damage only","4","clear",false,1,"GM0772"
"20230072727",2023,"Letsel",2,"Personenauto","Fiets","Flank","Kruispunt, 4 takken",80,"Niet aanwezig","Daglicht","Droog",\N,\N,"Achtersteweg","Norg","Noordenveld","Drenthe",false,53.080248,6.489562,"injury","2","clear",false,1,"GM1699"
"20230074801",2023,"Uitsluitend materiele schade",2,"Bus","Fiets","Kop/staart","Rechte weg",50,"Niet brandend","Daglicht","Droog",\N,"232389027","Vinkenstraat","Zaandam","Zaanstad","Noord-Holland",false,52.439367,4.818975,"material damage only","4","clear",false,1,"GM0479"
"20230074803",2023,"Letsel",2,"Personenauto","Fiets","Flank","Rotonde",80,"Niet brandend","Daglicht","Droog",\N,\N,"Papekopperstraatweg","Papekop","Oudewater","Utrecht",false,52.045094,4.853018,"injury","2","clear",false,1,"GM0589"
"20230076001",2023,"Uitsluitend materiele schade",2,"Personenauto","Fiets","Flank","Kruispunt, 3 takken",30,"Niet brandend","Daglicht","Droog",\N,\N,"Oude Amersfoortseweg","Hilversum","Hilversum","Noord-Holland",false,52.219257,5.188227,"material damage only","4","clear",false,1,"GM0402"
"20230077729",2023,"Letsel",2,"Personenauto","Fiets","Los voorwerp","Kruispunt, 4 takken",50,"Niet aanwezig","Daglicht","Droog",\N,\N,"Burg van Reenensingel","Gouda","Gouda","Zuid-Holland",false,52.021799,4.690058,"injury","2","clear",false,1,"GM0513"
"20230077743",2023,"Letsel",2,"Bromfiets","Fiets","Flank","Rechte weg",50,"Niet brandend","Daglicht","Droog",\N,"158303066","Loevesteinlaan","'s-Gravenhage","'s-Gravenhage","Zuid-Holland",false,52.04738,4.285964,"injury","2","clear",false,1,"GM0518"
"20230077757",2023,"Letsel",2,"Fiets","Fiets","Frontaal","Rechte weg",50,"Niet brandend","Daglicht","Droog",\N,"190302008","Bleiswijkseweg","Zoetermeer","Zoetermeer","Zuid-Holland",false,52.044673,4.519913,"injury","2","clear",false,1,"GM0637"
"20230077981",2023,"Letsel",2,"Bromfiets","Fiets","Kop/staart","Rechte weg",30,"Niet brandend","Daglicht","Droog",\N,"166302043","Delftweg","Rijswijk","Rijswijk","Zuid-Holland",false,52.040986,4.344725,"injury","2","clear",false,1,\N
"20230078131",2023,"Uitsluitend materiele schade",2,"Fiets","Personenauto","Geparkeerd voertuig","Bocht",30,"Niet brandend","Daglicht","Droog",\N,"168312003","Tarwekamp","'s-Gravenhage","'s-Gravenhage","Zuid-Holland",false,52.088755,4.354058,"material damage only","4","clear",false,1,"GM0518"
"20230021941",2023,"Letsel",2,"Bestelauto","e-bike","Flank","Kruispunt, 4 takken",50,"Niet brandend","Daglicht","Droog",\N,\N,"Haagweg","Rijswijk","Rijswijk","Zuid-Holland",false,52.056644,4.337873,"injury","2","clear",false,1,\N
"20230066828",2023,"Uitsluitend materiele schade",2,"Personenauto","Fiets","Onbekend","Kruispunt, 4 takken",30,"Niet brandend","Daglicht","Droog",\N,\N,"Statensingel","IJsselstein","IJsselstein","Utrecht",false,52.008778,5.037326,"material damage only","4","clear",false,1,"GM0353"
"20230080042",2023,"Uitsluitend materiele schade",2,"Fiets","Personenauto","Flank","Rotonde",50,"Niet brandend","Daglicht","Droog",\N,\N,"Amnesty Internationalln","Hellevoetsluis","Voorne aan Zee","Zuid-Holland",false,51.834187,4.148218,"material damage only","4","clear",false,1,"GM1992"
"20230093345",2023,"Letsel",3,"Personenauto","Fiets","Onbekend","Kruispunt, 4 takken",30,"Brandend","Duisternis","Droog",\N,\N,"Schrans","Leeuwarden","Leeuwarden","Friesland",false,53.196619,5.796888,"injury","2","clear",false,1,"GM0080"
"20230058662",2023,"Letsel",2,"Personenauto","Fiets","Onbekend","Kruispunt, 3 takken",60,"Niet brandend","Daglicht","Droog",\N,\N,"Dorpsweg","Hensbroek","Koggenland","Noord-Holland",false,52.652063,4.875964,"injury","2","clear",false,1,"GM1598"
"20240041207",2024,"Letsel",2,"Fiets","Fiets","Flank","Kruispunt, 3 takken",30,"Niet brandend","Daglicht","Droog",\N,\N,"Kennemergaardeweg","Santpoort-Noord","Velsen","Noord-Holland",false,52.433949,4.631894,"injury","2","clear",false,1,"GM0453"
"20240041211",2024,"Letsel",2,"Personenauto","Fiets","Onbekend","Kruispunt, 4 takken",30,"Niet brandend","Daglicht","Droog",\N,\N,"Molukkenstraat","Amsterdam","Amsterdam","Noord-Holland",false,52.361777,4.939673,"injury","2","clear",false,1,"GM0363"
"20240047731",2024,"Uitsluitend materiele schade",2,"Personenauto","Fiets","Flank","Kruispunt, 4 takken",30,"Niet brandend","Daglicht","Droog",\N,\N,"Antennestraat","Almere","Almere","Flevoland",false,52.350549,5.186674,"material damage only","4","clear",false,1,"GM0034"
"20240081280",2024,"Uitsluitend materiele schade",2,"Personenauto","Fiets","Onbekend","Kruispunt, 4 takken",30,"Niet brandend","Daglicht","Droog",\N,\N,"van Aerssenstraat","Vlaardingen","Vlaardingen","Zuid-Holland",false,51.912491,4.355274,"material damage only","4","clear",false,1,"GM0622"
"20240037187",2024,"Uitsluitend materiele schade",2,"Fiets","Bromfiets","Flank","Kruispunt, 4 takken",30,"Niet brandend","Daglicht",\N,\N,\N,"Hofstraat","Kampen","Kampen","Overijssel",false,52.557966,5.916398,"material damage only","4","unknown",false,1,"GM0166"
"20240038137",2024,"Letsel",2,"Bestelauto","Fiets","Onbekend","Rechte weg",30,"Niet brandend","Daglicht","Droog",\N,"600762092","Zuideinde","Oostzaan","Oostzaan","Noord-Holland",true,52.434524,4.879702,"injury","2","clear",false,1,"GM0431"
"20240072214",2024,"Letsel",2,"Personenauto","Fiets","Flank","Rechte weg",30,"Niet brandend","Daglicht","Droog",\N,"210325124","Concertweg","Alphen aan den Rijn","Alphen aan den Rijn","Zuid-Holland",false,52.148515,4.660753,"injury","2","clear",false,1,"GM0484"
"20240076308",2024,"Letsel",2,"Fiets","Bestelauto","Geparkeerd voertuig","Rechte weg",30,"Niet brandend","Daglicht","Droog",\N,"465562047","Eendrachtskade","Groningen","Groningen","Groningen",false,53.213973,6.553963,"injury","2","clear",false,1,"GM0014"
"20240080267",2024,"Letsel",3,"Fiets","Fiets","Kop/staart","Rechte weg",60,"Niet aanwezig","Duisternis","Droog",\N,"600275859","Boulevard Barnaart","Zandvoort","Zandvoort","Noord-Holland",false,52.398184,4.542082,"injury","2","clear",false,1,"GM0473"
"20240037237",2024,"Letsel",2,"Personenauto","Fiets","Frontaal","Kruispunt, 4 takken",30,"Niet brandend","Daglicht","Droog",\N,\N,"De Slûs","Frieschepalen","Opsterland","Friesland",false,53.111496,6.20663,"injury","2","clear",false,1,"GM0086"
"20240033539",2024,"Uitsluitend materiele schade",2,"Personenauto","Fiets","Flank","Kruispunt, 3 takken",50,"Niet brandend","Daglicht","Droog",\N,\N,"Gerwenseweg","Helmond","Helmond","Noord-Brabant",false,51.484572,5.603856,"material damage only","4","clear",false,1,"GM0794"
"20240072300",2024,"Letsel",3,"Bestelauto","Fiets","Flank","Rotonde",50,"Niet brandend","Daglicht","Droog",\N,\N,"Antoni v Leeuwenhoekstr","Zwijndrecht","Zwijndrecht","Zuid-Holland",false,51.815456,4.637848,"injury","2","clear",false,1,"GM0642"
"20240080339",2024,"Uitsluitend materiele schade",2,"Personenauto","Fiets","Onbekend",\N,30,\N,"Daglicht",\N,\N,\N,"Gildeweg","Vlissingen","Vlissingen","Zeeland",false,51.454661,3.58431,"material damage only","4","unknown",false,1,"GM0718"
"20240038261",2024,"Letsel",2,"Fiets","Fiets","Onbekend",\N,50,\N,"Daglicht",\N,\N,"600254443","Broeckerpad","Bovenkarspel","Stede Broec","Noord-Holland",false,52.703362,5.248306,"injury","2","unknown",false,1,"GM0532"
"20240047263",2024,"Letsel",2,"Personenauto","Fiets","Frontaal","Kruispunt, 3 takken",60,"Niet aanwezig","Daglicht","Regen",\N,\N,"Eleveld","Eleveld","Aa en Hunze","Drenthe",false,52.965406,6.589688,"injury","2","rain",false,1,"GM1680"
"20240050935",2024,"Letsel",2,"Fiets","Voetganger","Voetganger","Rechte weg",15,"Niet brandend","Daglicht","Droog",\N,"600990952","Haarlemmerplein","Amsterdam","Amsterdam","Noord-Holland",false,52.384253,4.884058,"injury","2","clear",false,1,"GM0363"
"20240038295",2024,"Letsel",1,"Fiets",\N,"Onbekend",\N,50,\N,"Daglicht",\N,\N,\N,"Laan van Angers","Haarlem","Haarlem","Noord-Holland",false,52.355171,4.648212,"injury","2","unknown",false,1,"GM0392"
"20240041420",2024,"Letsel",2,"Fiets","Fiets","Flank","Rechte weg",30,"Niet brandend","Daglicht","Droog",\N,"600124753","Amstel","Amsterdam","Amsterdam","Noord-Holland",false,52.367021,4.89627,"injury","2","clear",false,1,"GM0363"
"20240047297",2024,"Letsel",2,"Personenauto","Fiets","Onbekend","Kruispunt, 4 takken",50,"Niet brandend","Daglicht","Droog",\N,\N,"De Syl","Bolsward","Súdwest-Fryslân","Friesland",false,53.063262,5.504546,"injury","2","clear",false,1,"GM1900"
"20240081493",2024,"Letsel",2,"Fiets","Overig vast object","Vast voorwerp","Rechte weg",50,"Brandend","Duisternis","Droog",\N,"600379292","Brandtstraat","'s-Gravenhage","'s-Gravenhage","Zuid-Holland",false,52.0679,4.290795,"injury","2","clear",false,1,"GM0518"
"20240051019",2024,"Uitsluitend materiele schade",2,"Personenauto","Fiets","Kop/staart","Rechte weg",30,"Niet brandend","Daglicht","Droog",\N,"222351025","van Cleeffkade","Aalsmeer","Aalsmeer","Noord-Holland",false,52.267012,4.749145,"material damage only","4","clear",false,1,"GM0358"
"20240072480",2024,"Letsel",3,"Bromfiets","Fiets","Flank","Rechte weg",50,"Niet brandend","Daglicht","Droog",\N,"156300036","Erasmusweg","'s-Gravenhage","'s-Gravenhage","Zuid-Holland",false,52.035611,4.270943,"injury","2","clear",false,1,"GM0518"
"20240076570",2024,"Letsel",2,"Bromfiets","Fiets","Flank","Kruispunt, 3 takken",30,"Niet brandend","Daglicht","Droog",\N,\N,"Ubbo Emmiussingel","Groningen","Groningen","Groningen",false,53.21288,6.565713,"injury","2","clear",false,1,"GM0014"
"20240079917",2024,"Letsel",1,"Fiets",\N,"Onbekend","Rechte weg",\N,\N,"Duisternis","Regen",\N,"206420007","van Oldenborghweg","Egmond-Binnen","Bergen (NH)","Noord-Holland",false,52.584732,4.628186,"injury","2","rain",false,1,\N
"20240071962",2024,"Letsel",2,"Bestelauto","Fiets","Frontaal","Kruispunt, 3 takken",30,"Niet brandend","Daglicht","Droog",\N,\N,"Sionsweg","Rijswijk","Rijswijk","Zuid-Holland",false,52.015654,4.323668,"injury","2","clear",false,1,\N
"20240072865",2024,"Uitsluitend materiele schade",2,"Bestelauto","Fiets","Onbekend","Kruispunt, 4 takken",50,"Niet brandend","Daglicht","Droog",\N,\N,"Maasheseweg","Venray","Venray","Limburg",false,51.545691,5.993636,"material damage only","4","clear",false,1,"GM0984"
"20240078810",2024,"Uitsluitend materiele schade",2,"Personenauto","Fiets","Onbekend","Rechte weg",50,"Niet brandend","Daglicht","Droog",\N,"160304096","Anna Bijnslaan","'s-Gravenhage","'s-Gravenhage","Zuid-Holland",false,52.055283,4.299996,"material damage only","4","clear",false,1,"GM0518"
"20240037027",2024,"Letsel",2,"Personenauto","Fiets","Flank","Rechte weg",30,"Niet brandend","Daglicht","Regen",\N,"384292083","Compagnieplaats","Arnhem","Arnhem","Gelderland",false,52.002221,5.927066,"injury","2","rain",false,1,"GM0202"
"20240050669",2024,"Letsel",2,"Personenauto","Fiets","Onbekend","Kruispunt, 3 takken",30,"Niet brandend","Daglicht","Droog",\N,\N,"Koolwijkseweg","Stolwijk","Krimpenerwaard","Zuid-Holland",false,51.961471,4.777248,"injury","2","clear",false,1,"GM1931"
"20240080124",2024,"Letsel",2,"Bromfiets","Fiets","Flank","Kruispunt, 4 takken",30,"Niet brandend","Daglicht","Droog",\N,\N,"Kuilpad","Zaandam","Zaanstad","Noord-Holland",false,52.463596,4.827699,"injury","2","clear",false,1,"GM0479"
"20240047626",2024,"Letsel",2,"Snorfiets","Fiets","Flank","Kruispunt, 4 takken",50,"Niet brandend","Daglicht","Droog",\N,\N,"Nieuwe Ebbingestraat","Groningen","Groningen","Groningen",false,53.223501,6.563665,"injury","2","clear",false,1,"GM0014"
"20240036465",2024,"Uitsluitend materiele schade",2,"Personenauto","Fiets","Frontaal","Kruispunt, 3 takken",50,"Brandend","Duisternis","Droog",\N,\N,"Hoenderkamp","Emmen","Emmen","Drenthe",false,52.771708,6.897474,"material damage only","4","clear",false,1,"GM0114"
"20240041173",2024,"Letsel",1,"Fiets",\N,"Onbekend","Rechte weg",50,"Niet brandend","Daglicht","Droog",\N,"600745322","A. Hofmanweg","Haarlem","Haarlem","Noord-Holland",false,52.392692,4.667195,"injury","2","clear",false,1,"GM0392"
"20240041817",2024,"Uitsluitend materiele schade",2,"Personenauto","Fiets","Flank","Kruispunt, 3 takken",50,"Niet aanwezig","Daglicht","Droog",\N,\N,"Insulindestraat","Tilburg","Tilburg","Noord-Brabant",false,51.561966,5.103354,"material damage only","4","clear",false,1,"GM0855"
"20230090451",2023,"Uitsluitend materiele schade",2,"Fiets","Onbekend voertuig i.g.v. doorrijder","Flank","Kruispunt, 4 takken",50,"Niet brandend","Daglicht","Regen",\N,\N,"Banneweg","Gorinchem","Gorinchem","Zuid-Holland",false,51.835355,4.963803,"material damage only","4","rain",false,1,"GM0512"
"20230082335",2023,"Uitsluitend materiele schade",2,"Personenauto","Fiets","Flank","Kruispunt, 3 takken",50,"Niet brandend","Daglicht","Droog",\N,\N,"Winckelen","Kerkrade","Kerkrade","Limburg",false,50.862647,6.015151,"material damage only","4","clear",false,1,"GM0928"
"20230092288",2023,"Uitsluitend materiele schade",2,"Personenauto","Fiets","Onbekend","Rotonde",50,"Niet brandend","Daglicht","Droog",\N,\N,"Heemweg","Veldhoven","Veldhoven","Noord-Brabant",false,51.418641,5.410216,"material damage only","4","clear",false,1,"GM0861"
"20230098071",2023,"Letsel",1,"Fiets",\N,"Eenzijdig","Kruispunt, 4 takken",30,"Niet brandend","Daglicht","Droog",\N,\N,"Marquettelaan","Heemskerk","Heemskerk","Noord-Holland",false,52.516296,4.657634,"injury","2","clear",false,1,"GM0396"
"20230079986",2023,"Uitsluitend materiele schade",2,"Personenauto","Fiets","Flank","Bocht",50,"Niet brandend","Daglicht","Droog",\N,"600729578","Elementweg","Roosendaal","Roosendaal","Noord-Brabant",false,51.533746,4.504581,"material damage only","4","clear",false,1,"GM1674"
"20230084696",2023,"Uitsluitend materiele schade",2,"Bromfiets","Fiets","Frontaal","Rotonde",50,"Brandend","Duisternis","Droog",\N,\N,"De Noord","Dronten","Dronten","Flevoland",false,52.532927,5.721639,"material damage only","4","clear",false,1,"GM0303"
"20230086410",2023,"Letsel",2,"Fiets","Fiets","Onbekend","Rechte weg",30,"Niet brandend","Schemer","Droog",\N,"167305041","Nassaukade","Rijswijk","Rijswijk","Zuid-Holland",false,52.056334,4.346892,"injury","2","clear",false,1,\N
"20230091730",2023,"Uitsluitend materiele schade",2,"Fiets","Fiets","Frontaal","Rechte weg",30,"Niet brandend","Daglicht","Droog",\N,"326167122","Insulindelaan","Eindhoven","Eindhoven","Noord-Brabant",false,51.443615,5.503053,"material damage only","4","clear",false,1,"GM0772"
"20230099512",2023,"Uitsluitend materiele schade",2,"Personenauto","Fiets","Onbekend","Bocht",30,"Niet brandend","Daglicht","Droog",\N,"159177025","Beukenlaan","Bergen op Zoom","Bergen op Zoom","Noord-Brabant",false,51.482263,4.301693,"material damage only","4","clear",false,1,"GM0748"
"20230101301",2023,"Letsel",2,"Personenauto","Fiets","Frontaal","Kruispunt, 4 takken",30,"Niet brandend","Daglicht","Droog",\N,\N,"Willem III straat","Maasdijk","Westland","Zuid-Holland",false,51.959783,4.218061,"injury","2","clear",false,1,"GM1783"
"20230104925",2023,"Letsel",2,"Personenauto","Fiets","Flank","Rechte weg",50,"Brandend","Duisternis","Droog",\N,"452452006","De Wanne","Hoogeveen","Hoogeveen","Drenthe",false,52.72048,6.441345,"injury","2","clear",false,1,"GM0118"
"20230087602",2023,"Letsel",3,"Snorfiets","Fiets","Frontaal","Rechte weg",60,"Niet brandend","Duisternis","Droog",\N,"215398002","Sint Aagtendijk","Beverwijk","Beverwijk","Noord-Holland",false,52.482226,4.692863,"injury","2","clear",false,1,"GM0375"
"20230091764",2023,"Uitsluitend materiele schade",2,"Personenauto","Fiets","Frontaal","Rechte weg",50,"Niet brandend","Daglicht","Droog",\N,"354035051","Meerssenerweg","Maastricht","Maastricht","Limburg",false,50.850936,5.706583,"material damage only","4","clear",false,1,"GM0935"
"20230099697",2023,"Letsel",2,"Motor","Fiets","Flank","Kruispunt, 4 takken",50,"Brandend","Duisternis","Regen",\N,\N,"Kronehoefstraat","Eindhoven","Eindhoven","Noord-Brabant",false,51.451877,5.464949,"injury","2","rain",false,1,"GM0772"
"20230100648",2023,"Uitsluitend materiele schade",2,"Personenauto","Fiets","Flank","Rotonde",50,"Brandend","Duisternis","Regen",\N,\N,"Kennedylaan","Brunssum","Brunssum","Limburg",false,50.952207,5.966806,"material damage only","4","rain",false,1,"GM0899"
"20230102135",2023,"Letsel",2,"Personenauto","Fiets","Eenzijdig","Rechte weg",30,"Niet brandend","Daglicht","Droog",\N,"600380422","Thorbeckestraat","Alphen aan den Rijn","Alphen aan den Rijn","Zuid-Holland",false,52.131456,4.666316,"injury","2","clear",false,1,"GM0484"
"20230091189",2023,"Uitsluitend materiele schade",2,"Bromfiets","Fiets","Flank","Kruispunt, 3 takken",30,"Niet brandend","Daglicht","Droog",\N,\N,"Demertstraat","Maastricht","Maastricht","Limburg",false,50.843828,5.723523,"material damage only","4","clear",false,1,"GM0935"
"20230091806",2023,"Uitsluitend materiele schade",1,"Fiets",\N,"Flank","Rechte weg",50,"Brandend","Duisternis","Droog",\N,"347176173","Watermolenwal","Helmond","Helmond","Noord-Brabant",false,51.481315,5.655864,"material damage only","4","clear",false,1,"GM0794"
"20230098210",2023,"Uitsluitend materiele schade",1,"Fiets",\N,"Kop/staart","Rechte weg",30,"Niet brandend","Daglicht","Droog",\N,"233389130","A F d Savornin Lohmanstr","Zaandam","Zaanstad","Noord-Holland",false,52.440479,4.827446,"material damage only","4","clear",false,1,"GM0479"
"20230099919",2023,"Uitsluitend materiele schade",2,"Personenauto","e-bike","Flank","Kruispunt, 3 takken",50,"Niet brandend","Daglicht","Droog",\N,\N,"Wilhelminapark","Tilburg","Tilburg","Noord-Brabant",false,51.567224,5.076656,"material damage only","4","clear",false,1,"GM0855"
"20230103686",2023,"Letsel",2,"Personenauto","Fiets","Flank","Kruispunt, 4 takken",60,"Niet brandend","Daglicht","Droog",\N,"600901564","Kweldamweg","Bleskensgraaf ca","Molenlanden","Zuid-Holland",false,51.860543,4.796827,"injury","2","clear",false,1,"GM1978"
"20230080676",2023,"Letsel",2,"Personenauto","Fiets","Flank","Rotonde",50,"Brandend","Schemer","Regen",\N,\N,"Burgemeester Keijzerweg","Papendrecht","Papendrecht","Zuid-Holland",false,51.830903,4.713131,"injury","2","rain",false,1,"GM0590"
"20230083038",2023,"Uitsluitend materiele schade",2,"Personenauto","Fiets","Flank","Kruispunt, 4 takken",80,"Brandend","Schemer","Droog",\N,\N,"Reutummerweg","Reutum","Tubbergen","Overijssel",false,52.393179,6.835437,"material damage only","4","clear",false,1,"GM0183"
"20230087097",2023,"Letsel",2,"Fiets","Personenauto","Flank","Rotonde",50,"Niet brandend","Daglicht","Droog",\N,\N,"Weteringkade","Noordwijk","Noordwijk","Zuid-Holland",false,52.240936,4.445947,"injury","2","clear",false,1,"GM0575"
"20230093576",2023,"Uitsluitend materiele schade",2,"Personenauto","Fiets","Flank","Rechte weg",50,"Niet brandend","Daglicht","Droog",\N,"375256024","van Schevichavenstraat","Nijmegen","Nijmegen","Gelderland",false,51.843195,5.865728,"material damage only","4","clear",false,1,"GM0268"
"20230094145",2023,"Uitsluitend materiele schade",1,"Fiets",\N,"Onbekend","Rechte weg",60,"Niet aanwezig","Duisternis","Regen",\N,"435375002","Raamsweg","Mariënheem","Raalte","Overijssel",false,52.375449,6.310902,"material damage only","4","rain",false,1,"GM0177"
"20230083643",2023,"Letsel",3,"Bromfiets","Fiets","Onbekend","Kruispunt, 4 takken",30,"Niet brandend","Daglicht","Droog",\N,\N,"Amkemaheerd","Groningen","Groningen","Groningen",false,53.250865,6.601362,"injury","2","clear",false,1,"GM0014"
"20230088908",2023,"Uitsluitend materiele schade",2,"Personenauto","Fiets","Flank","Kruispunt, 3 takken",30,"Brandend","Duisternis","Droog",\N,\N,"1e Nieuwstraathof","Rotterdam","Rotterdam","Zuid-Holland",false,51.919339,4.485336,"material damage only","4","clear",false,1,"GM0599"