"accident_id","year","severity_raw","party_count","party1_type","party2_type","accident_type","road_situation","speed_limit_kmh","road_lighting","light_condition_label","weather_raw","infra_type","road_segment_id","street_name","place_name","gemeente_name_raw","province","alcohol_indicated","latitude","longitude","severity_label","severity_code","weather_label","built_up_area","cyclists_involved","gemeente_code"
"20230079994",2023,"Uitsluitend materiele schade",2,"Personenauto","Fiets","Flank","Kruispunt, 4 takken",30,"Niet brandend","Daglicht","Droog",\N,\N,"Karel Mollenstraat Zuid","Valkenswaard","Valkenswaard","Noord-Brabant",false,51.353306,5.462181,"material damage only","4","clear",false,1,"GM0858"
"20230104414",2023,"Letsel",2,"Personenauto","Fiets","Frontaal","Kruispunt, 4 takken",50,"Niet brandend","Daglicht","Droog",\N,\N,"Robert Kochstraat","Leeuwarden","Leeuwarden","Friesland",false,53.209739,5.817287,"injury","2","clear",false,1,"GM0080"
"20230080021",2023,"Letsel",2,"Personenauto","Fiets","Geparkeerd voertuig","Bocht",50,"Niet brandend","Daglicht","Droog","Parkeervoorziening","185290060","Raadhuislaan","Berkel en Rodenrijs","Lansingerland","Zuid-Holland",false,51.992544,4.478558,"injury","2","clear",false,1,"GM1621"
"20230085878",2023,"Uitsluitend materiele schade",4,"Fiets","Fiets","Onbekend","Rechte weg",80,"Niet brandend","Daglicht","Droog",\N,\N,"Bielheimerweg","Doetinchem","Doetinchem","Gelderland",false,51.935716,6.327826,"material damage only","4","clear",false,1,"GM0222"
"20230087590",2023,"Uitsluitend materiele schade",2,"Personenauto","e-bike","Flank","Kruispunt, 3 takken",50,"Niet brandend","Daglicht","Droog",\N,\N,"Wageweg","Alkmaar","Alkmaar","Noord-Holland",false,52.63071,4.75519,"material damage only","4","clear",false,1,"GM0361"
"20230088190",2023,"Letsel",1,"Fiets",\N,"Eenzijdig","Rechte weg",\N,"Brandend","Duisternis","Regen","Brug/viaduct","600922898","Zuiderzeeweg","Amsterdam","Amsterdam","Noord-Holland",false,52.369826,4.963,"injury","2","rain",false,1,"GM0363"
"20230090577",2023,"Uitsluitend materiele schade",2,"e-bike","Boom","Vast voorwerp","Rechte weg",60,"Niet brandend","Daglicht","Droog",\N,"298192003","Beukendreef","Boxtel","Boxtel","Noord-Brabant",false,51.558947,5.307502,"material damage only","4","clear",false,1,"GM0757"
"20230094069",2023,"Letsel",2,"e-bike","Bestelauto","Flank","Kruispunt, 3 takken",50,"Niet brandend","Daglicht","Droog",\N,\N,"J.A. Feithstraat","Groningen","Groningen","Groningen",false,53.208963,6.572444,"injury","2","clear",false,1,"GM0014"
"20230097545",2023,"Letsel",2,"Fiets","Fiets","Onbekend","Rechte weg",30,"Brandend","Duisternis","Droog",\N,"600122615","Overtoom","Amsterdam","Amsterdam","Noord-Holland",false,52.359691,4.862751,"injury","2","clear",false,1,"GM0363"
"20230083572",2023,"Uitsluitend materiele schade",3,"Fiets","Personenauto","Onbekend","Rechte weg",50,"Niet brandend","Daglicht","Droog",\N,"516459001","Abel Tasmanstraat","Emmen","Emmen","Drenthe",false,52.748178,6.917401,"material damage only","4","clear",false,1,"GM0114"
"20230084167",2023,"Uitsluitend materiele schade",2,"Personenauto","Fiets","Flank","Kruispunt, 3 takken",30,"Niet brandend","Daglicht","Droog",\N,\N,"Evenaar","De Meern","Utrecht","Utrecht",false,52.087504,5.038261,"material damage only","4","clear",false,1,"GM0344"
"20230087650",2023,"Uitsluitend materiele schade",2,"Bestelauto","Fiets","Flank","Rotonde",50,"Niet aanwezig","Daglicht","Droog",\N,\N,"Noordzijde","Amsterdam","Amsterdam","Noord-Holland",false,52.370781,4.830597,"material damage only","4","clear",false,1,"GM0363"
"20230089977",2023,"Letsel",1,"Fiets",\N,"Eenzijdig","Rechte weg",\N,"Brandend","Duisternis","Regen",\N,"600715267","Fahrenheitstraat","'s-Gravenhage","'s-Gravenhage","Zuid-Holland",false,52.073002,4.275226,"injury","2","rain",false,1,"GM0518"
"20230094717",2023,"Uitsluitend materiele schade",2,"Bromfiets","Fiets","Flank","Kruispunt, 3 takken",\N,"Brandend","Schemer","Regen",\N,\N,"Brinkgreverweg","Deventer","Deventer","Overijssel",false,52.255494,6.163174,"material damage only","4","rain",false,1,"GM0150"
"20230099884",2023,"Uitsluitend materiele schade",2,"Personenauto","Fiets","Flank","Kruispunt, 4 takken",50,"Niet brandend","Daglicht","Droog",\N,\N,"Hurksestraat","Eindhoven","Eindhoven","Noord-Brabant",false,51.433193,5.439373,"material damage only","4","clear",false,1,"GM0772"
"20230102163",2023,"Uitsluitend materiele schade",2,"Personenauto","Fiets","Flank","Rotonde",\N,"Niet brandend","Daglicht","Regen",\N,\N,"Sportlaan","Pijnacker","Pijnacker-Nootdorp","Zuid-Holland",false,52.025759,4.422291,"material damage only","4","rain",false,1,"GM1926"
"20230104782",2023,"Letsel",3,"Fiets","Fiets","Onbekend","Rechte weg",50,"Niet brandend","Daglicht","Droog",\N,"466559058","Paterswoldseweg","Groningen","Groningen","Groningen",false,53.199912,6.55931,"injury","2","clear",false,1,"GM0014"
"20230083053",2023,"Uitsluitend materiele schade",2,"Fiets","Fiets","Onbekend","Bocht",30,"Niet brandend","Daglicht","Droog",\N,"600423899","Heikamp","Wezep","Oldebroek","Gelderland",false,52.456241,5.999033,"material damage only","4","clear",false,1,"GM0269"
"20230079559",2023,"Letsel",1,"Fiets",\N,"Eenzijdig","Rechte weg",50,"Brandend","Duisternis","Droog",\N,"271239006","Rivelstraat","Wijk en Aalburg","Altena","Noord-Brabant",false,51.766509,5.112763,"injury","2","clear",false,1,"GM1959"
"20230081931",2023,"Letsel",2,"Personenauto","Fiets","Onbekend","Kruispunt, 4 takken",30,"Niet brandend","Daglicht","Droog",\N,\N,"De Romein","Oostrum","Venray","Limburg",false,51.524857,6.004171,"injury","2","clear",false,1,"GM0984"
"20230088336",2023,"Uitsluitend materiele schade",2,"Personenauto","Fiets","Kop/staart","Rechte weg",50,"Brandend","Duisternis","Regen",\N,"600946166","Dammerweg","Weesp","Amsterdam","Noord-Holland",false,52.285216,5.069833,"material damage only","4","rain",false,1,"GM0363"
"20230090672",2023,"Uitsluitend materiele schade",2,"Personenauto","Fiets","Flank","Rechte weg",30,"Niet brandend","Daglicht","Droog",\N,"600807103","Parkstraat","Nuenen","Nuenen, Gerwen en Nederwetten","Noord-Brabant",false,51.470609,5.544968,"material damage only","4","clear",false,1,"GM0820"
"20230098274",2023,"Letsel",2,"Personenauto","Fiets","Flank","Rechte weg",50,"Brandend","Schemer","Regen",\N,\N,"van Veenweg","Heerhugowaard","Dijk en Waard","Noord-Holland",false,52.665477,4.864986,"injury","2","rain",false,1,"GM1980"
"20230080745",2023,"Uitsluitend materiele schade",2,"Fiets","Personenauto","Flank","Kruispunt, 4 takken",50,"Brandend","Duisternis","Droog",\N,\N,"Bergweg","Rotterdam","Rotterdam","Zuid-Holland",false,51.93305,4.472673,"material damage only","4","clear",false,1,"GM0599"
"20230082540",2023,"Uitsluitend materiele schade",2,"Fiets",\N,"Flank","Rotonde",50,"Niet aanwezig","Daglicht","Droog",\N,\N,"Voorthuizerstraat","Putten","Putten","Gelderland",false,52.256007,5.608468,"material damage only","4","clear",false,1,"GM0273"
"20230105988",2023,"Letsel",2,"Fiets","Motor","Kop/staart","Rechte weg",60,"Niet brandend","Daglicht","Droog",\N,"404414003","Zwolsedijk","Hasselt","Zwartewaterland","Overijssel",false,52.563507,6.100446,"injury","2","clear",false,1,"GM1896"
"20230101889",2023,"Uitsluitend materiele schade",2,"Fiets","Bestelauto","Flank","Kruispunt, 4 takken",30,"Brandend","Duisternis","Droog",\N,\N,"Raadhuisplein","Nieuwerkerk aan den IJssel","Zuidplas","Zuid-Holland",false,51.967098,4.616991,"material damage only","4","clear",false,1,"GM1892"
"20230103274",2023,"Letsel",3,"Personenauto","Fiets","Onbekend","Kruispunt, 4 takken",30,"Niet brandend","Daglicht","Droog",\N,"190259020","Harplaan","Barendrecht","Barendrecht","Zuid-Holland",false,51.852488,4.52342,"injury","2","clear",false,1,"GM0489"
"20230106405",2023,"Letsel",2,"Personenauto","Fiets","Flank","Rotonde",50,"Brandend","Schemer","Droog",\N,\N,"PAPENDRECHT 1","Papendrecht","Papendrecht","Zuid-Holland",false,51.831036,4.707413,"injury","2","clear",false,1,"GM0590"
"20230083201",2023,"Letsel",2,"Personenauto","Fiets","Flank","Kruispunt, 4 takken",50,"Brandend","Duisternis","Droog",\N,\N,"Deurningerstraat","Enschede","Enschede","Overijssel",false,52.241363,6.883153,"injury","2","clear",false,1,"GM0153"
"20230085502",2023,"Letsel",2,"Personenauto","Fiets","Onbekend","Rotonde",30,"Niet brandend","Daglicht","Regen",\N,\N,"Eemnesserweg","Baarn","Baarn","Utrecht",false,52.214575,5.28253,"injury","2","rain",false,1,"GM0308"
"20230085509",2023,"Uitsluitend materiele schade",2,"Fiets","Fiets","Kop/staart","Kruispunt, 3 takken",30,"Niet brandend","Daglicht","Droog",\N,\N,"Berkelsingel","Zutphen","Zutphen","Gelderland",false,52.142846,6.203288,"material damage only","4","clear",false,1,"GM0301"
"20230086095",2023,"Uitsluitend materiele schade",2,"Bromfiets","e-bike","Flank","Kruispunt, 3 takken",30,"Brandend","Duisternis","Droog",\N,\N,"Dokter van Doornplein","Abcoude","De Ronde Venen","Utrecht",false,52.272847,4.973119,"material damage only","4","clear",false,1,"GM0736"
"20230089588",2023,"Letsel",2,"Personenauto","Fiets","Flank","Kruispunt, 3 takken",50,"Niet brandend","Daglicht","Droog",\N,\N,"Erasmusweg","'s-Gravenhage","'s-Gravenhage","Zuid-Holland",false,52.054203,4.307311,"injury","2","clear",false,1,"GM0518"
"20230094868",2023,"Uitsluitend materiele schade",2,"Personenauto","Fiets","Flank","Kruispunt, 4 takken",50,"Brandend","Schemer","Regen",\N,\N,"Burcht","Almelo","Almelo","Overijssel",false,52.372642,6.675253,"material damage only","4","rain",false,1,"GM0141"
"20230101182",2023,"Letsel",2,"Bromfiets","Fiets","Kop/staart","Rechte weg",\N,"Niet brandend","Daglicht","Regen",\N,"181277018","Statenweg","Rotterdam","Rotterdam","Zuid-Holland",false,51.93335,4.455357,"injury","2","rain",false,1,"GM0599"
"20230101189",2023,"Letsel",4,"Personenauto","Fiets","Onbekend","Rotonde",50,"Niet brandend","Daglicht","Droog",\N,\N,"Albinusdreef","Leiden","Leiden","Zuid-Holland",false,52.168275,4.477474,"injury","2","clear",false,1,"GM0546"
"20230102357",2023,"Uitsluitend materiele schade",2,"Personenauto","Fiets","Flank","Kruispunt, 3 takken",50,"Niet brandend","Daglicht","Droog",\N,\N,"Prinsegracht","'s-Gravenhage","'s-Gravenhage","Zuid-Holland",false,52.072255,4.300355,"material damage only","4","clear",false,1,"GM0518"
"20230102369",2023,"Letsel",3,"Personenauto","Fiets","Onbekend","Kruispunt, 4 takken",30,"Niet brandend","Daglicht","Droog",\N,\N,"IJmuiderstraat","Noordwijk","Noordwijk","Zuid-Holland",false,52.239555,4.445692,"injury","2","clear",false,1,"GM0575"
"20230103327",2023,"Uitsluitend materiele schade",3,"Personenauto","Fiets","Onbekend","Rotonde",50,"Niet brandend","Daglicht","Droog",\N,\N,"Westerlengte","Capelle aan den IJssel","Capelle aan den IJssel","Zuid-Holland",false,51.933664,4.602877,"material damage only","4","clear",false,1,"GM0502"
"20230085543",2023,"Letsel",2,"Personenauto","Fiets","Flank","Kruispunt, 4 takken",50,"Brandend","Duisternis","Droog",\N,\N,"Batenburg","Nieuwegein","Nieuwegein","Utrecht",true,52.042368,5.077777,"injury","2","clear",false,1,"GM0356"
"20230086677",2023,"Letsel",2,"Fiets","Fiets","Flank","Kruispunt, 3 takken",50,"Niet brandend","Daglicht","Droog",\N,\N,"Oranjewerf","Maasdijk","Westland","Zuid-Holland",false,51.960887,4.217113,"injury","2","clear",false,1,"GM1783"
"20230093756",2023,"Letsel",2,"Personenauto","Fiets","Frontaal","Kruispunt, 3 takken",30,"Niet brandend","Daglicht","Regen",\N,\N,"Eendrachtstraat","Meppel","Meppel","Drenthe",false,52.701291,6.189133,"injury","2","rain",false,1,"GM0119"
"20230103880",2023,"Uitsluitend materiele schade",2,"Brommobiel","Fiets","Flank","Rotonde",50,"Brandend","Duisternis","Droog",\N,\N,"Rijnlaan","Zwolle","Zwolle","Overijssel",false,52.528948,6.100588,"material damage only","4","clear",false,1,"GM0193"
"20230103910",2023,"Uitsluitend materiele schade",2,"Fiets",\N,"Flank","Kruispunt, 4 takken",50,"Brandend","Duisternis","Sneeuw/Hagel",\N,\N,"Beethovenlaan","Hengelo","Hengelo (O)","Overijssel",false,52.266891,6.80952,"material damage only","4","unknown",false,1,\N
"20230081488",2023,"Uitsluitend materiele schade",2,"Personenauto","Fiets","Flank","Rotonde",50,"Niet brandend","Daglicht","Regen",\N,\N,"Peulenlaan","Hardinxveld-Giessendam","Hardinxveld-Giessendam","Zuid-Holland",false,51.823317,4.807222,"material damage only","4","rain",false,1,"GM0523"
"20230088514",2023,"Uitsluitend materiele schade",2,"Personenauto","Fiets","Kop/staart","Kruispunt, 3 takken",50,"Niet brandend","Daglicht","Droog",\N,\N,"Alvarezlaan","Terneuzen","Terneuzen","Zeeland",false,51.3195,3.846138,"material damage only","4","clear",false,1,"GM0715"
"20230091463",2023,"Uitsluitend materiele schade",2,"Personenauto","Fiets","Frontaal","Rechte weg",30,"Brandend","Duisternis","Droog",\N,\N,"Vierhoeksingel","Oss","Oss","Noord-Brabant",false,51.769453,5.514971,"material damage only","4","clear",false,1,"GM0828"
"20230102428",2023,"Uitsluitend materiele schade",2,"Personenauto","Fiets","Flank","Rotonde",\N,"Niet brandend","Daglicht","Droog",\N,\N,"Papsouwselaan","Delft","Delft","Zuid-Holland",false,51.997339,4.355203,"material damage only","4","clear",false,1,"GM0503"
"20230087928",2023,"Uitsluitend materiele schade",2,"Personenauto","Fiets","Flank","Kruispunt, 4 takken",50,"Brandend","Duisternis","Droog",\N,\N,"Oosterdokskade","Amsterdam","Amsterdam","Noord-Holland",false,52.377797,4.910065,"material damage only","4","clear",false,1,"GM0363"
"20230089691",2023,"Letsel",2,"Personenauto","e-bike","Flank","Kruispunt, 4 takken",50,"Niet aanwezig","Daglicht","Regen",\N,\N,"Rochussenstraat","Rotterdam","Rotterdam","Zuid-Holland",false,51.910454,4.460037,"injury","2","rain",false,1,"GM0599"
"20230090282",2023,"Letsel",1,"Fiets",\N,"Eenzijdig","Rechte weg",100,"Niet brandend","Daglicht","Droog",\N,"182340005","Provincialeweg","Noordwijk","Noordwijk","Zuid-Holland",false,52.220589,4.452805,"injury","2","clear",false,1,"GM0575"
"20230093299",2023,"Letsel",3,"Personenauto","Fiets","Onbekend","Kruispunt, 4 takken",50,"Brandend","Duisternis","Regen",\N,\N,"Goudlaan","Groningen","Groningen","Groningen",false,53.230214,6.529418,"injury","2","rain",false,1,"GM0014"
"20230097939",2023,"Letsel",2,"Personenauto","Fiets","Flank","Kruispunt, 3 takken",50,"Brandend","Duisternis","Droog",\N,\N,"Zeppelinstraat","Heerhugowaard","Dijk en Waard","Noord-Holland",false,52.694805,4.833915,"injury","2","clear",false,1,"GM1980"
"20230080417",2023,"Uitsluitend materiele schade",2,"Personenauto","Fiets","Onbekend","Kruispunt, 3 takken",50,"Niet brandend","Daglicht","Regen",\N,\N,"Weissenbruchlaan","Rotterdam","Rotterdam","Zuid-Holland",false,51.955602,4.49422,"material damage only","4","rain",false,1,"GM0599"
"20230083358",2023,"Uitsluitend materiele schade",2,"Personenauto","Fiets","Flank","Rotonde",50,"Brandend","Daglicht","Regen",\N,\N,"van Voorststraat","Huissen","Lingewaard","Gelderland",false,51.938235,5.939391,"material damage only","4","rain",false,1,"GM1705"
"20230087406",2023,"Letsel",2,"Bestelauto","Fiets","Geparkeerd voertuig","Rechte weg",30,"Niet brandend","Daglicht","Droog","Parkeervoorziening","217410085","Melis Stokelaan","Uitgeest","Uitgeest","Noord-Holland",false,52.530515,4.708411,"injury","2","clear",false,1,"GM0450"
"20230096790",2023,"Letsel",3,"Overig wegmeubilair","Fiets","Eenzijdig","Rechte weg",\N,"Brandend","Duisternis","Droog",\N,"312330002","Albert Schweitzersingel","Amersfoort","Amersfoort","Utrecht",false,52.177503,5.403892,"injury","2","clear",false,1,"GM0307"
"20230080453",2023,"Uitsluitend materiele schade",3,"Personenauto","Fiets","Onbekend","Kruispunt, 4 takken",\N,"Niet brandend","Daglicht","Droog",\N,\N,"Planetenlaan","Eindhoven","Eindhoven","Noord-Brabant",false,51.471769,5.492193,"material damage only","4","clear",false,1,"GM0772"
"20230088047",2023,"Letsel",1,"e-bike",\N,"Eenzijdig","Kruispunt, 3 takken",50,"Niet aanwezig","Daglicht","Regen",\N,\N,"Poortwachter","Hoorn","Hoorn","Noord-Holland",false,52.65618,5.054439,"injury","2","rain",false,1,"GM0405"
"20230089812",2023,"Letsel",1,"Fiets",\N,"Eenzijdig","Rechte weg",30,"Niet brandend","Daglicht","Droog",\N,"173309116","Leidschenveensepad","'s-Gravenhage","'s-Gravenhage","Zuid-Holland",false,52.074335,4.397897,"injury","2","clear",false,1,"GM0518"
"20230098592",2023,"Letsel",2,"Fiets","Overig vast object","Vast voorwerp","Rechte weg",50,"Niet brandend","Daglicht","Droog",\N,"600840680","Heerlerweg","Voerendaal","Voerendaal","Limburg",false,50.875383,5.943141,"injury","2","clear",false,1,"GM0986"
"20230081070",2023,"Uitsluitend materiele schade",2,"Personenauto","Fiets","Flank","Kruispunt, 3 takken",60,"Niet brandend","Daglicht","Droog",\N,\N,"Vessemseweg","Knegsel","Eersel","Noord-Brabant",false,51.3993,5.338504,"material damage only","4","clear",false,1,"GM0770"
"20230082303",2023,"Letsel",2,"Motor","e-bike","Flank","Kruispunt, 4 takken",80,"Niet brandend","Daglicht","Droog",\N,\N,"Kwegt","Nederweert-Eind","Nederweert","Limburg",false,51.260374,5.791002,"injury","2","clear",false,1,"GM0946"
"20230062158",2023,"Uitsluitend materiele schade",2,\N,"Fiets","Flank","Bocht",50,"Niet aanwezig","Daglicht","Droog",\N,\N,"Wienweg","Nuth","Beekdaelen","Limburg",false,50.920929,5.877031,"material damage only","4","clear",false,1,"GM1954"
"20220003632",2022,"Letsel",1,"e-bike",\N,"Eenzijdig","Rotonde",\N,"Niet brandend","Daglicht","Droog",\N,\N,"Gronausestraat","Losser","Losser","Overijssel",false,52.25624,7.00934,"injury","2","clear",false,1,"GM0168"
"20220003635",2022,"Letsel",1,"Fiets",\N,"Eenzijdig","Rechte weg",50,"Niet brandend","Daglicht","Regen",\N,"600851672","Burg van Roijensingel","Zwolle","Zwolle","Overijssel",false,52.508311,6.09192,"injury","2","rain",false,1,"GM0193"
"20220007575",2022,"Uitsluitend materiele schade",2,"Personenauto","Fiets","Flank","Kruispunt, 3 takken",30,"Niet brandend","Schemer","Regen",\N,\N,"Hengelosestraat","Enschede","Enschede","Overijssel",false,52.223165,6.892009,"material damage only","4","rain",false,1,"GM0153"
"20220005462",2022,"Letsel",2,"Bestelauto","e-bike","Flank","Kruispunt, 4 takken",50,"Niet brandend","Schemer","Droog",\N,\N,"Oostelijke Randweg","Doetinchem","Doetinchem","Gelderland",false,51.955098,6.300116,"injury","2","clear",false,1,"GM0222"
"20220006537",2022,"Letsel",2,"Personenauto","e-bike","Flank","Rotonde",50,"Niet brandend","Daglicht","Droog",\N,"430287004","Keppelseweg","Doetinchem","Doetinchem","Gelderland",false,51.97875,6.26395,"injury","2","clear",false,1,"GM0222"
"20220007407",2022,"Letsel",2,"Motor","Fiets","Flank","Kruispunt, 4 takken",50,"Niet brandend","Daglicht","Droog",\N,\N,"Willy Brandtlaan","Ede","Ede","Gelderland",false,52.018729,5.647034,"injury","2","clear",false,1,"GM0228"
"20220121840",2022,"Uitsluitend materiele schade",2,\N,"Fiets","Flank","Rotonde",50,"Niet brandend","Daglicht",\N,\N,\N,"Rustenburgerweg","Stompetoren","Alkmaar","Noord-Holland",false,52.604176,4.858577,"material damage only","4","unknown",false,1,"GM0361"
"20230006159",2023,"Letsel",1,"Fiets",\N,"Eenzijdig",\N,50,\N,"Daglicht",\N,\N,"165257126","Fietsenmaker","Spijkenisse","Nissewaard","Zuid-Holland",false,51.843518,4.337287,"injury","2","unknown",false,1,"GM1930"
"20220041233",2022,"Letsel",2,"Snorfiets","Fiets","Flank","Rechte weg",30,"Niet brandend","Daglicht","Droog",\N,"405539002","Torenstraat","Drachten","Smallingerland","Friesland",false,53.111272,6.100143,"injury","2","clear",false,1,"GM0090"
"20220058064",2022,"Uitsluitend materiele schade",1,"Fiets",\N,"Flank","Rechte weg",30,"Niet brandend","Schemer","Droog",\N,"600250956","Abtswoudseweg","Delft","Delft","Zuid-Holland",false,52.001108,4.361516,"material damage only","4","clear",false,1,"GM0503"
"20220059256",2022,"Letsel",1,"Fiets",\N,"Eenzijdig","Rechte weg",50,"Niet brandend","Daglicht","Droog",\N,"600742361","Zijde","Boskoop","Alphen aan den Rijn","Zuid-Holland",false,52.074935,4.650177,"injury","2","clear",false,1,"GM0484"
"20220059277",2022,"Letsel",2,"Snorfiets","Fiets","Kop/staart","Rechte weg",60,"Niet brandend","Daglicht","Droog",\N,"600542383","Molenlaan","Honselersdijk","Westland","Zuid-Holland",false,52.003463,4.235985,"injury","2","clear",false,1,"GM1783"
"20220104027",2022,"Letsel",1,"Fiets",\N,"Eenzijdig",\N,30,\N,"Daglicht",\N,\N,"166312009","Merkusstraat","'s-Gravenhage","'s-Gravenhage","Zuid-Holland",false,52.088362,4.343197,"injury","2","unknown",false,1,"GM0518"
"20220019696",2022,"Letsel",2,"Personenauto","Fiets","Frontaal","Kruispunt, 4 takken",50,"Brandend","Duisternis","Droog",\N,\N,"Kempstraat","'s-Gravenhage","'s-Gravenhage","Zuid-Holland",false,52.065271,4.293475,"injury","2","clear",false,1,"GM0518"
"20220028941",2022,"Letsel",2,"Fiets","Fiets","Kop/staart","Rechte weg",50,"Niet aanwezig","Daglicht","Droog",\N,"334175031","Papenvoortsedijk","Nuenen","Nuenen, Gerwen en Nederwetten","Noord-Brabant",false,51.478949,5.566285,"injury","2","clear",false,1,"GM0820"
"20220029061",2022,"Uitsluitend materiele schade",2,"Personenauto","Fiets","Flank","Kruispunt, 3 takken",50,"Niet brandend","Daglicht","Droog",\N,\N,"Weg door de Rijpel","Helmond","Helmond","Noord-Brabant",false,51.473179,5.707671,"material damage only","4","clear",false,1,"GM0794"
"20220059356",2022,"Letsel",2,"Fiets","Overig vast object","Vast voorwerp","Kruispunt, 4 takken",30,"Niet brandend","Daglicht","Droog","Spoorwegovergang",\N,"Israëllaan","Delft","Delft","Zuid-Holland",false,51.980513,4.347894,"injury","2","clear",false,1,"GM0503"
"20220062288",2022,"Uitsluitend materiele schade",2,"Bestelauto","Fiets","Onbekend","Rotonde",50,"Niet brandend","Daglicht","Droog",\N,\N,"Klapwijkseweg","Berkel en Rodenrijs","Lansingerland","Zuid-Holland",false,51.992822,4.465915,"material damage only","4","clear",false,1,"GM1621"
"20220082732",2022,"Letsel",2,"Snorfiets","Fiets","Frontaal","Rechte weg",30,"Niet brandend","Daglicht","Droog",\N,"600702824","Sandtlaan","Katwijk","Katwijk","Zuid-Holland",false,52.190564,4.427177,"injury","2","clear",false,1,"GM0537"
"20220009413",2022,"Uitsluitend materiele schade",2,"Personenauto","Fiets","Flank","Rotonde",50,"Brandend","Duisternis","Droog",\N,\N,"Prinses Beatrixplantsoen","Bussum","Gooise Meren","Noord-Holland",false,52.27539,5.174384,"material damage only","4","clear",false,1,"GM1942"
"20220022754",2022,"Letsel",2,"Personenauto","e-bike","Flank","Kruispunt, 3 takken",50,"Brandend","Duisternis","Droog",\N,\N,"Strevelsweg","Rotterdam","Rotterdam","Zuid-Holland",false,51.889697,4.503377,"injury","2","clear",false,1,"GM0599"
"20220056576",2022,"Letsel",2,"Personenauto","Fiets","Flank","Rechte weg",50,"Brandend","Schemer","Droog",\N,"600730163","Geel-groenlaan","Zoetermeer","Zoetermeer","Zuid-Holland",false,52.04275,4.493847,"injury","2","clear",false,1,"GM0637"
"20220080896",2022,"Uitsluitend materiele schade",2,"Personenauto","Fiets","Kop/staart","Rechte weg",50,"Niet brandend","Daglicht","Droog",\N,"223350023","Stommeerweg","Aalsmeer","Aalsmeer","Noord-Holland",false,52.260775,4.754639,"material damage only","4","clear",false,1,"GM0358"
"20220082777",2022,"Uitsluitend materiele schade",2,"Personenauto","Fiets","Onbekend","Kruispunt, 4 takken",30,"Niet brandend","Daglicht","Droog","Brug/viaduct",\N,"Oosterkerkstraat","Leiden","Leiden","Zuid-Holland",false,52.158825,4.501694,"material damage only","4","clear",false,1,"GM0546"
"20220091208",2022,"Uitsluitend materiele schade",2,"Personenauto","Fiets","Flank","Rotonde",50,"Niet brandend","Daglicht","Droog",\N,\N,"Hoofdstraat","Landgraaf","Landgraaf","Limburg",false,50.895604,6.015513,"material damage only","4","clear",false,1,"GM0882"
"20220110296",2022,"Uitsluitend materiele schade",2,"Personenauto","Fiets","Onbekend",\N,\N,\N,"Daglicht",\N,\N,"159180006","Wouwsestraatweg","Bergen op Zoom","Bergen op Zoom","Noord-Brabant",false,51.49702,4.305581,"material damage only","4","unknown",false,1,"GM0748"
"20220110985",2022,"Uitsluitend materiele schade",2,"Personenauto","Fiets","Flank","Rotonde",50,"Niet brandend","Daglicht","Droog",\N,\N,"Mellesingel","Uden","Maashorst","Noord-Brabant",false,51.661004,5.627036,"material damage only","4","clear",false,1,"GM1991"
"20220016738",2022,"Uitsluitend materiele schade",2,"Personenauto","Fiets","Flank","Kruispunt, 4 takken",30,"Niet brandend","Daglicht","Droog",\N,"600756378","Burg Van Leeuwenlaan","Amsterdam","Amsterdam","Noord-Holland",false,52.375886,4.812296,"material damage only","4","clear",false,1,"GM0363"
"20220044964",2022,"Uitsluitend materiele schade",1,"Fiets",\N,"Flank","Kruispunt, 3 takken",50,"Niet brandend","Daglicht","Droog",\N,\N,"Vendelweg","Steenwijk","Steenwijkerland","Overijssel",false,52.784177,6.114624,"material damage only","4","clear",false,1,"GM1708"
"20220050820",2022,"Letsel",2,"Personenauto","e-bike","Flank","Rotonde",50,"Niet brandend","Daglicht","Droog",\N,\N,"Krakelingweg","Zeist","Zeist","Utrecht",false,52.101215,5.266158,"injury","2","clear",false,1,"GM0355"
"20220087894",2022,"Uitsluitend materiele schade",2,"Personenauto","Fiets","Onbekend",\N,30,\N,"Daglicht",\N,\N,"600126940","Hoge Wal","Goirle","Goirle","Noord-Brabant",false,51.529395,5.085643,"material damage only","4","unknown",false,1,"GM0785"
"20220029307",2022,"Uitsluitend materiele schade",2,"Fiets","Personenauto","Flank","Rotonde",50,"Brandend","Duisternis","Droog",\N,\N,"Joannes Zwijsenlaan","Oss","Oss","Noord-Brabant",false,51.755711,5.523535,"material damage only","4","clear",false,1,"GM0828"
"20220034005",2022,"Letsel",2,"Personenauto","e-bike","Geparkeerd voertuig","Rechte weg",30,"Brandend","Daglicht","Droog","Parkeervoorziening","517338048","Ohman Es","Enschede","Enschede","Overijssel",false,52.203345,6.90621,"injury","2","clear",false,1,"GM0153"
"20220034029",2022,"Uitsluitend materiele schade",2,"Personenauto","Fiets","Flank","Rotonde",50,"Niet brandend","Daglicht","Droog",\N,\N,"Spoorstraat","Haaksbergen","Haaksbergen","Overijssel",false,52.157414,6.736931,"material damage only","4","clear",false,1,"GM0158"
"20220067154",2022,"Letsel",2,"Personenauto","Fiets","Onbekend","Kruispunt, 3 takken",50,"Niet brandend","Daglicht","Droog",\N,\N,"Simon Stevinweg","'s-Hertogenbosch","'s-Hertogenbosch","Noord-Brabant",false,51.691936,5.28656,"injury","2","clear",false,1,"GM0796"