"accident_id","year","severity_raw","party_count","party1_type","party2_type","accident_type","road_situation","speed_limit_kmh","road_lighting","light_condition_label","weather_raw","infra_type","road_segment_id","street_name","place_name","gemeente_name_raw","province","alcohol_indicated","latitude","longitude","severity_label","severity_code","weather_label","built_up_area","cyclists_involved","gemeente_code"
"20220070256",2022,"Uitsluitend materiele schade",2,"Personenauto","Fiets","Flank","Kruispunt, 4 takken",50,"Niet brandend","Daglicht","Droog",\N,\N,"Louerstraat","Susteren","Echt-Susteren","Limburg",false,51.065177,5.856399,"material damage only","4","clear",false,1,"GM1711"
"20220080051",2022,"Letsel",3,"Fiets","Fiets","Onbekend","Bocht",60,"Niet aanwezig","Daglicht","Droog",\N,"233525002","Hallerweg","Den Burg","Texel","Noord-Holland",false,53.048509,4.820711,"injury","2","clear",false,1,"GM0448"
"20220080999",2022,"Letsel",3,"Fiets","Fiets","Onbekend","Rechte weg",50,"Niet brandend","Daglicht","Droog",\N,\N,"Haarlemmermeerstraat","Amsterdam","Amsterdam","Noord-Holland",false,52.354853,4.850347,"injury","2","clear",false,1,"GM0363"
"20220113798",2022,"Letsel",1,"e-bike",\N,"Eenzijdig","Rechte weg",50,"Niet brandend","Daglicht","Droog",\N,"396039002","Kanaalstraat","Heerlen","Heerlen","Limburg",false,50.867304,6.004354,"injury","2","clear",false,1,"GM0917"
"20220020310",2022,"Letsel",3,"Fiets","Fiets","Frontaal","Kruispunt, 3 takken",50,"Niet brandend","Daglicht",\N,\N,"170291006","Balthasar van der Polweg","Delft","Delft","Zuid-Holland",false,51.995849,4.371611,"injury","2","unknown",false,1,"GM0503"
"20220045240",2022,"Uitsluitend materiele schade",2,"Personenauto","Fiets","Flank","Rotonde",50,"Niet brandend","Daglicht","Droog",\N,\N,"Lisdoddelaan","Arnhem","Arnhem","Gelderland",false,51.965057,5.914822,"material damage only","4","clear",false,1,"GM0202"
"20220048103",2022,"Uitsluitend materiele schade",2,"Personenauto","Fiets","Frontaal","Kruispunt, 3 takken",30,"Niet aanwezig","Daglicht","Sneeuw/Hagel",\N,\N,"Johan Willem Frisostraat","Twello","Voorst","Gelderland",false,52.237925,6.093106,"material damage only","4","unknown",false,1,"GM0285"
"20220048108",2022,"Letsel",2,"Personenauto","Fiets","Flank","Bocht",50,"Niet brandend","Daglicht","Droog",\N,\N,"Paul Krugerstraat","Nijmegen","Nijmegen","Gelderland",false,51.835646,5.828427,"injury","2","clear",false,1,"GM0268"
"20220067286",2022,"Uitsluitend materiele schade",2,"Personenauto","Fiets","Flank","Kruispunt, 4 takken",30,"Niet brandend","Daglicht","Droog",\N,\N,"Kanaaldijk-Noord","Eindhoven","Eindhoven","Noord-Brabant",false,51.435161,5.503597,"material damage only","4","clear",false,1,"GM0772"
"20220079443",2022,"Uitsluitend materiele schade",2,"Fiets","Personenauto","Onbekend","Rotonde",50,"Niet brandend","Daglicht","Droog",\N,\N,"Dokweg","IJmuiden","Velsen","Noord-Holland",false,52.457056,4.594424,"material damage only","4","clear",false,1,"GM0453"
"20220079521",2022,"Letsel",1,"Fiets",\N,"Eenzijdig","Rechte weg",50,"Niet brandend","Daglicht","Droog",\N,"600738204","Brouwerskolkweg","Overveen","Bloemendaal","Noord-Holland",false,52.391378,4.597783,"injury","2","clear",false,1,"GM0377"
"20220104843",2022,"Letsel",1,"Fiets",\N,"Eenzijdig","Bocht",30,"Niet brandend","Daglicht","Droog",\N,"210311012","Rijneveld","Boskoop","Alphen aan den Rijn","Zuid-Holland",false,52.085583,4.671485,"injury","2","clear",false,1,"GM0484"
"20220104850",2022,"Letsel",2,"Fiets","Fiets","Flank","Rotonde",\N,"Niet brandend","Daglicht","Droog",\N,\N,"Rijnsburgerweg","Leiden","Leiden","Zuid-Holland",false,52.170834,4.479644,"injury","2","clear",false,1,"GM0546"
"20220105014",2022,"Letsel",2,"Bus","Fiets","Onbekend","Kruispunt, 3 takken",50,"Niet brandend","Daglicht",\N,\N,\N,"Nieboerweg","'s-Gravenhage","'s-Gravenhage","Zuid-Holland",false,52.091176,4.2649,"injury","2","unknown",false,1,"GM0518"
"20220105076",2022,"Letsel",1,"Fiets",\N,"Eenzijdig",\N,30,\N,"Daglicht",\N,\N,"201329002","Vlietkade","Hoogmade","Kaag en Braassem","Zuid-Holland",false,52.168712,4.591819,"injury","2","unknown",false,1,"GM1884"
"20220105093",2022,"Uitsluitend materiele schade",2,"Personenauto","Fiets","Flank","Rotonde",\N,"Niet brandend","Daglicht","Droog",\N,\N,"Kooilaan","Leiden","Leiden","Zuid-Holland",false,52.16758,4.5065,"material damage only","4","clear",false,1,"GM0546"
"20220105209",2022,"Letsel",1,"Fiets",\N,"Eenzijdig","Rechte weg",60,"Niet brandend","Daglicht","Droog",\N,"600547593","Langevelderslag","Noordwijk","Noordwijk","Zuid-Holland",false,52.291095,4.491693,"injury","2","clear",false,1,"GM0575"
"20220105809",2022,"Letsel",2,"Personenauto","Fiets","Flank","Rechte weg",50,"Brandend","Duisternis","Droog",\N,"161312060","Javastraat","'s-Gravenhage","'s-Gravenhage","Zuid-Holland",false,52.088589,4.306726,"injury","2","clear",false,1,"GM0518"
"20220017662",2022,"Letsel",2,"Personenauto","Fiets","Flank","Kruispunt, 3 takken",50,"Brandend","Schemer","Droog",\N,\N,"Acacialaan","Leiderdorp","Leiderdorp","Zuid-Holland",false,52.151261,4.527958,"injury","2","clear",false,1,"GM0547"
"20220032267",2022,"Letsel",2,"Personenauto","Fiets","Frontaal","Rechte weg",50,"Brandend","Duisternis","Droog",\N,"493552050","Hoofdstraat","Hoogezand","Midden-Groningen","Groningen",false,53.163834,6.761578,"injury","2","clear",false,1,"GM1952"
"20220034173",2022,"Uitsluitend materiele schade",2,"Personenauto","Fiets","Flank","Kruispunt, 4 takken",50,"Brandend","Duisternis","Regen",\N,"600774639","Helsdingse Achterweg","Vianen","Vijfheerenlanden","Utrecht",false,51.984639,5.083566,"material damage only","4","rain",false,1,"GM1961"
"20220046895",2022,"Uitsluitend materiele schade",2,"Fiets","Personenauto","Flank","Kruispunt, 4 takken",30,"Niet brandend","Daglicht","Droog",\N,\N,"Vondellaan","Harderwijk","Harderwijk","Gelderland",false,52.345303,5.642463,"material damage only","4","clear",false,1,"GM0243"
"20220057098",2022,"Uitsluitend materiele schade",2,"Personenauto","Fiets","Flank","Rechte weg",50,"Niet brandend","Daglicht","Droog",\N,"600254291","Sportlaan","'s-Gravenhage","'s-Gravenhage","Zuid-Holland",false,52.072356,4.240921,"material damage only","4","clear",false,1,"GM0518"
"20220082172",2022,"Letsel",1,"Fiets",\N,"Eenzijdig",\N,50,\N,"Duisternis",\N,\N,"600105603","Prinsegracht","'s-Gravenhage","'s-Gravenhage","Zuid-Holland",false,52.075021,4.307587,"injury","2","unknown",false,1,"GM0518"
"20220106657",2022,"Letsel",1,"Fiets",\N,"Eenzijdig",\N,30,\N,"Daglicht",\N,\N,"190267071","Breeweg","Rotterdam","Rotterdam","Zuid-Holland",false,51.890697,4.518639,"injury","2","unknown",false,1,"GM0599"
"20220095530",2022,"Letsel",2,"Personenauto","e-bike","Onbekend","Kruispunt, 4 takken",\N,"Niet brandend","Daglicht","Droog",\N,\N,"Boekelosestraat","Enschede","Enschede","Overijssel",false,52.204143,6.802597,"injury","2","clear",false,1,"GM0153"
"20220020579",2022,"Letsel",1,"Fiets",\N,"Eenzijdig","Rechte weg",30,"Niet brandend","Daglicht","Droog",\N,"178295005","Kerkweg","Pijnacker","Pijnacker-Nootdorp","Zuid-Holland",false,52.015345,4.432202,"injury","2","clear",false,1,"GM1926"
"20220043567",2022,"Letsel",2,"Bromfiets","Fiets","Frontaal","Rechte weg",60,"Brandend","Duisternis","Droog",\N,"336273001","Rijksweg","Ochten","Neder-Betuwe","Gelderland",false,51.920285,5.588798,"injury","2","clear",false,1,"GM1740"
"20220065868",2022,"Uitsluitend materiele schade",2,"Personenauto","Fiets","Flank","Kruispunt, 3 takken",30,"Niet brandend","Daglicht","Droog",\N,\N,"Populierenstraat","Goes","Goes","Zeeland",false,51.495057,3.90063,"material damage only","4","clear",false,1,"GM0664"
"20220084136",2022,"Letsel",2,"Bestelauto","Fiets","Flank","Rechte weg",30,"Niet brandend","Daglicht","Droog",\N,"600725820","Hageveld","Pijnacker","Pijnacker-Nootdorp","Zuid-Holland",false,52.019649,4.448225,"injury","2","clear",false,1,"GM1926"
"20220094439",2022,"Uitsluitend materiele schade",2,"Bromfiets","Fiets","Frontaal","Rechte weg",\N,"Niet brandend","Daglicht","Droog",\N,"600834958","Amsterdamseweg","Arnhem","Arnhem","Gelderland",false,51.992633,5.879374,"material damage only","4","clear",false,1,"GM0202"
"20220095959",2022,"Uitsluitend materiele schade",2,"Personenauto","Fiets","Flank","Rechte weg",30,"Niet brandend","Daglicht",\N,\N,"406303006","Zilverakkerweg","Dieren","Rheden","Gelderland",false,52.049937,6.093112,"material damage only","4","unknown",false,1,"GM0275"
"20220096408",2022,"Uitsluitend materiele schade",2,"Personenauto","Fiets","Flank","Kruispunt, 3 takken",50,"Niet brandend","Daglicht","Droog",\N,\N,"Molensingel","Malden","Heumen","Gelderland",false,51.786804,5.851089,"material damage only","4","clear",false,1,"GM0252"
"20220098306",2022,"Uitsluitend materiele schade",2,"Bromfiets","Fiets","Frontaal","Rechte weg",80,"Brandend","Duisternis","Droog",\N,"600953183","Biltsestraatweg","Utrecht","Utrecht","Utrecht",false,52.098243,5.155239,"material damage only","4","clear",false,1,"GM0344"
"20220020632",2022,"Uitsluitend materiele schade",2,"Bus","Fiets","Flank","Kruispunt, 4 takken",\N,"Niet brandend","Schemer",\N,\N,\N,"Noordkrompsingel","'s-Gravenhage","'s-Gravenhage","Zuid-Holland",false,52.068,4.40728,"material damage only","4","unknown",false,1,"GM0518"
"20220023475",2022,"Letsel",2,"Personenauto","Fiets","Flank","Rotonde",50,"Brandend","Duisternis","Droog",\N,\N,"Burg Meineszplein","Rotterdam","Rotterdam","Zuid-Holland",false,51.919516,4.448247,"injury","2","clear",false,1,"GM0599"
"20220086634",2022,"Letsel",2,"Personenauto","Fiets","Flank","Rotonde",\N,"Niet aanwezig","Daglicht","Droog",\N,\N,"Aveling","Hoogvliet Rotterdam","Rotterdam","Zuid-Holland",false,51.854547,4.374524,"injury","2","clear",false,1,"GM0599"
"20220023663",2022,"Letsel",1,"Fiets",\N,"Eenzijdig","Rechte weg",50,"Niet brandend","Daglicht","Droog",\N,"600723046","Oud-Cromstrijensedijk WZ","Klaaswaal","Hoeksche Waard","Zuid-Holland",false,51.772793,4.418994,"injury","2","clear",false,1,"GM1963"
"20220026261",2022,"Letsel",2,"Personenauto","Fiets","Flank","Rotonde",50,"Niet brandend","Daglicht","Droog",\N,\N,"FIETSPAD","Waalwijk","Waalwijk","Noord-Brabant",false,51.691518,5.086397,"injury","2","clear",false,1,"GM0867"
"20220034616",2022,"Uitsluitend materiele schade",2,"Personenauto","Fiets","Flank","Rotonde",50,"Niet brandend","Daglicht",\N,\N,\N,"Doctor van den Berglaan","Mijdrecht","De Ronde Venen","Utrecht",false,52.213917,4.861956,"material damage only","4","unknown",false,1,"GM0736"
"20220066040",2022,"Uitsluitend materiele schade",2,"e-bike","e-bike","Flank","Kruispunt, 3 takken",30,"Niet brandend","Daglicht","Droog",\N,\N,"Sint Antoniushof","Oosterhout","Oosterhout","Noord-Brabant",false,51.63736,4.86822,"material damage only","4","clear",false,1,"GM0826"
"20220073552",2022,"Uitsluitend materiele schade",2,"Personenauto","Fiets","Frontaal","Kruispunt, 4 takken",50,"Niet brandend","Daglicht","Droog",\N,\N,"Koggelaan","Zwolle","Zwolle","Overijssel",false,52.503183,6.084939,"material damage only","4","clear",false,1,"GM0193"
"20220058840",2022,"Letsel",3,"e-bike","e-bike","Frontaal","Kruispunt, 4 takken",50,"Brandend","Duisternis","Droog",\N,"600524233","Schoemakerstraat","Delft","Delft","Zuid-Holland",false,51.997158,4.380631,"injury","2","clear",false,1,"GM0503"
"20220058855",2022,"Letsel",2,"Fiets","e-bike","Flank","Kruispunt, 3 takken",30,"Niet brandend","Daglicht","Droog",\N,\N,"Stevenshofdreef","Leiden","Leiden","Zuid-Holland",false,52.156183,4.449473,"injury","2","clear",false,1,"GM0546"
"20220098930",2022,"Uitsluitend materiele schade",2,"Personenauto","Fiets","Flank","Kruispunt, 3 takken",50,"Niet brandend","Daglicht","Droog",\N,\N,"Stationsplein","Rotterdam","Rotterdam","Zuid-Holland",false,51.922987,4.471139,"material damage only","4","clear",false,1,"GM0599"
"20220102792",2022,"Letsel",3,"Fiets","Fiets","Onbekend","Rechte weg",30,"Niet brandend","Daglicht","Droog",\N,"238372067","Jan Pieter Heijestraat","Amsterdam","Amsterdam","Noord-Holland",false,52.362643,4.864053,"injury","2","clear",false,1,"GM0363"
"20220034745",2022,"Uitsluitend materiele schade",2,"Personenauto","Fiets","Flank","Kruispunt, 4 takken",50,"Niet brandend","Daglicht","Droog",\N,\N,"Koninginneweg","Hilversum","Hilversum","Noord-Holland",false,52.229017,5.178864,"material damage only","4","clear",false,1,"GM0402"
"20220042220",2022,"Letsel",2,"Personenauto","e-bike","Flank","Kruispunt, 3 takken",30,"Niet brandend","Daglicht","Droog",\N,\N,"Collardslaan","Assen","Assen","Drenthe",false,52.993488,6.559544,"injury","2","clear",false,1,"GM0106"
"20220047294",2022,"Uitsluitend materiele schade",2,"Personenauto","Fiets","Flank","Kruispunt, 3 takken",30,"Niet brandend","Daglicht","Droog",\N,\N,"Holterweg","Laren","Lochem","Gelderland",false,52.193773,6.364765,"material damage only","4","clear",false,1,"GM0262"
"20220101225",2022,"Uitsluitend materiele schade",2,"Personenauto","Fiets","Flank","Rechte weg",50,"Niet brandend","Daglicht","Droog",\N,"205374089","Papaverstraat","Haarlem","Haarlem","Noord-Holland",false,52.371802,4.617159,"material damage only","4","clear",false,1,"GM0392"
"20220105988",2022,"Uitsluitend materiele schade",2,"e-bike","Fiets","Onbekend","Rechte weg",50,"Niet brandend","Daglicht","Droog",\N,"188330081","Gooimeerlaan","Leiden","Leiden","Zuid-Holland",false,52.172306,4.498465,"material damage only","4","clear",false,1,"GM0546"
"20220074925",2022,"Letsel",2,"Fiets","Los voorwerp","Los voorwerp","Rechte weg",80,"Niet aanwezig","Daglicht","Droog",\N,"472395001","Tonnendijk","Vroomshoop","Twenterand","Overijssel",false,52.465251,6.593353,"injury","2","clear",false,1,"GM1700"
"20220034862",2022,"Uitsluitend materiele schade",2,"e-bike","Fiets","Onbekend","Kruispunt, 4 takken",50,"Niet brandend","Daglicht","Droog",\N,\N,"Sporthavenpad","Hilversum","Hilversum","Noord-Holland",false,52.220466,5.144335,"material damage only","4","clear",false,1,"GM0402"
"20220040824",2022,"Uitsluitend materiele schade",2,"Personenauto","Fiets","Frontaal","Rotonde",50,"Niet brandend","Duisternis","Droog",\N,\N,"Venne","Winschoten","Oldambt","Groningen",false,53.146471,7.033106,"material damage only","4","clear",false,1,"GM1895"
"20220066400",2022,"Uitsluitend materiele schade",2,"Bromfiets","e-bike","Flank","Rechte weg",50,"Niet brandend","Daglicht","Regen",\N,\N,"De Run","Veldhoven","Veldhoven","Noord-Brabant",false,51.413863,5.417733,"material damage only","4","rain",false,1,"GM0861"
"20220103897",2022,"Letsel",2,"Personenauto","Fiets","Flank","Kruispunt, 4 takken",30,"Niet aanwezig","Daglicht","Droog",\N,\N,"Ruinerwoldstraat","'s-Gravenhage","'s-Gravenhage","Zuid-Holland",false,52.041951,4.281093,"injury","2","clear",false,1,"GM0518"
"20220073884",2022,"Uitsluitend materiele schade",2,"Personenauto","Fiets","Flank","Kruispunt, 3 takken",50,"Niet brandend","Schemer","Droog",\N,\N,"Sterappelgaard","Arnhem","Arnhem","Gelderland",false,51.953327,5.88903,"material damage only","4","clear",false,1,"GM0202"
"20220075628",2022,"Uitsluitend materiele schade",2,"Bromfiets","Fiets","Flank","Kruispunt, 3 takken",50,"Niet brandend","Daglicht","Droog",\N,\N,"Veemarkt","Zwolle","Zwolle","Overijssel",false,52.509747,6.083058,"material damage only","4","clear",false,1,"GM0193"
"20220047496",2022,"Uitsluitend materiele schade",2,"Personenauto","e-bike","Kop/staart","Rechte weg",50,"Niet brandend","Daglicht","Droog",\N,"391339108","Deventerstraat","Apeldoorn","Apeldoorn","Gelderland",false,52.214407,5.983176,"material damage only","4","clear",false,1,"GM0200"
"20220048804",2022,"Uitsluitend materiele schade",2,"Trekker","Fiets","Flank","Rotonde",50,"Niet brandend","Daglicht","Droog",\N,\N,"Baronieweg","IJsselstein","IJsselstein","Utrecht",false,52.014681,5.048751,"material damage only","4","clear",false,1,"GM0353"
"20220050344",2022,"Uitsluitend materiele schade",2,"Personenauto","e-bike","Flank","Rotonde",50,"Niet brandend","Daglicht","Droog",\N,\N,"Richterslaan","Nieuwegein","Nieuwegein","Utrecht",false,52.033133,5.0861,"material damage only","4","clear",false,1,"GM0356"
"20220066404",2022,"Uitsluitend materiele schade",2,"e-bike","e-bike","Frontaal","Rechte weg",50,"Brandend","Duisternis",\N,\N,"600805707","Doornhoek","Veghel","Meierijstad","Noord-Brabant",false,51.600717,5.523911,"material damage only","4","unknown",false,1,"GM1948"
"20220107635",2022,"Uitsluitend materiele schade",2,"Fiets","Fiets","Frontaal","Kruispunt, 4 takken",50,"Niet brandend","Daglicht","Droog",\N,\N,"Lingsesdijk","Gorinchem","Gorinchem","Zuid-Holland",false,51.831745,4.989607,"material damage only","4","clear",false,1,"GM0512"
"20220108620",2022,"Uitsluitend materiele schade",2,"Personenauto","Fiets","Flank","Kruispunt, 3 takken",30,"Niet brandend","Daglicht","Droog",\N,\N,"Rotterdamse Rijweg","Rotterdam","Rotterdam","Zuid-Holland",false,51.935225,4.426299,"material damage only","4","clear",false,1,"GM0599"
"20220111084",2022,"Uitsluitend materiele schade",3,"Dier","Fiets","Dier","Rechte weg",30,"Niet brandend","Daglicht","Droog",\N,"296214023","Nieuwstraat","Vught","Vught","Noord-Brabant",false,51.65537,5.293999,"material damage only","4","clear",false,1,"GM0865"
"20220074556",2022,"Uitsluitend materiele schade",2,"Bestelauto","Fiets","Flank","Rechte weg",30,"Niet brandend","Daglicht","Droog",\N,"346297077","Klein Haversteeg","Ede","Ede","Gelderland",false,52.026272,5.656115,"material damage only","4","clear",false,1,"GM0228"
"20220019213",2022,"Letsel",2,"Fiets","Snorfiets","Frontaal","Kruispunt, 4 takken",30,"Brandend","Schemer","Droog",\N,\N,"Wenckebachstraat","'s-Gravenhage","'s-Gravenhage","Zuid-Holland",false,52.063192,4.333681,"injury","2","clear",false,1,"GM0518"
"20220041008",2022,"Letsel",2,"Personenauto","Fiets","Flank","Kruispunt, 3 takken",50,"Niet brandend","Daglicht","Droog",\N,\N,"Herningweg","Groningen","Groningen","Groningen",false,53.210365,6.595697,"injury","2","clear",false,1,"GM0014"
"20220056301",2022,"Letsel",2,"Personenauto","Fiets","Flank","Rechte weg",30,"Niet brandend","Daglicht","Droog",\N,\N,"Poolmanweg","Lekkerkerk","Krimpenerwaard","Zuid-Holland",false,51.896196,4.682283,"injury","2","clear",false,1,"GM1931"
"20220060243",2022,"Uitsluitend materiele schade",2,"Bromfiets","e-bike","Onbekend","Kruispunt, 4 takken",30,"Niet brandend","Daglicht",\N,\N,\N,"Middenweg","Valkenburg","Katwijk","Zuid-Holland",false,52.178343,4.435615,"material damage only","4","unknown",false,1,"GM0537"
"20220108697",2022,"Letsel",3,"Personenauto","Fiets","Onbekend","Rechte weg",50,"Niet brandend","Daglicht","Droog",\N,"600738016","Noorderbreedte","Capelle aan den IJssel","Capelle aan den IJssel","Zuid-Holland",false,51.941283,4.602026,"injury","2","clear",false,1,"GM0502"
"20220112857",2022,"Uitsluitend materiele schade",2,"Bestelauto","e-bike","Flank","Kruispunt, 3 takken",50,"Niet brandend","Daglicht","Droog",\N,\N,"Amalia van Solmsstraat","Heerlen","Heerlen","Limburg",false,50.890252,5.982894,"material damage only","4","clear",false,1,"GM0917"
"20220113340",2022,"Uitsluitend materiele schade",2,"Personenauto","Fiets","Geparkeerd voertuig","Rechte weg",50,"Niet brandend","Daglicht","Droog","Parkeervoorziening","600622706","Sibberweg","Valkenburg","Valkenburg aan de Geul","Limburg",false,50.850722,5.814829,"material damage only","4","clear",false,1,"GM0994"
"20220113622",2022,"Uitsluitend materiele schade",2,"Personenauto","Fiets","Flank","Kruispunt, 4 takken",80,"Niet brandend","Daglicht","Droog",\N,\N,"Zeesweg","Sevenum","Horst aan de Maas","Limburg",false,51.405166,6.056859,"material damage only","4","clear",false,1,"GM1507"
"20220075792",2022,"Letsel",2,"Fiets","Fiets","Frontaal","Rechte weg",30,"Brandend","Duisternis","Droog",\N,\N,"Oldenzaalsestraat","Hengelo","Hengelo (O)","Overijssel",false,52.267683,6.794897,"injury","2","clear",false,1,\N
"20220075986",2022,"Letsel",2,"Personenauto","e-bike","Onbekend","Kruispunt, 4 takken",30,"Niet brandend","Daglicht","Regen",\N,\N,"ZIEKENHUISPAD","Harderwijk","Harderwijk","Gelderland",false,52.343322,5.615139,"injury","2","rain",false,1,"GM0243"
"20220022241",2022,"Uitsluitend materiele schade",2,"Personenauto","Fiets","Onbekend","Rotonde",50,"Brandend","Duisternis","Droog",\N,\N,"Burg Van Haarenlaan","Schiedam","Schiedam","Zuid-Holland",false,51.920934,4.3847,"material damage only","4","clear",false,1,"GM0606"
"20220046271",2022,"Uitsluitend materiele schade",2,"Bestelauto","Fiets","Flank","Rotonde",50,"Niet brandend","Daglicht","Droog",\N,\N,"Baron van Sternbachlaan","Nijverdal","Hellendoorn","Overijssel",false,52.374852,6.472931,"material damage only","4","clear",false,1,"GM0163"
"20230002659",2023,"Letsel",2,"Personenauto","Fiets","Geparkeerd voertuig","Kruispunt, 4 takken",30,"Niet brandend","Daglicht","Droog","Parkeervoorziening",\N,"Roelantdreef","Utrecht","Utrecht","Utrecht",false,52.112406,5.113797,"injury","2","clear",false,1,"GM0344"
"20230010673",2023,"Uitsluitend materiele schade",2,"Bromfiets","Fiets","Flank","Kruispunt, 3 takken",30,"Niet brandend","Daglicht","Droog",\N,\N,"Kor Bootpaed","Franeker","Waadhoeke","Friesland",false,53.187124,5.550244,"material damage only","4","clear",false,1,"GM1949"
"20230012591",2023,"Letsel",1,"Fiets",\N,"Eenzijdig",\N,30,\N,"Schemer",\N,\N,\N,"IJsselkade","Kampen","Kampen","Overijssel",false,52.558947,5.91742,"injury","2","unknown",false,1,"GM0166"
"20230080061",2023,"Uitsluitend materiele schade",1,"Fiets",\N,"Onbekend",\N,30,\N,"Daglicht",\N,\N,"601016793","Ruigewaard","Rotterdam","Rotterdam","Zuid-Holland",false,51.887513,4.545941,"material damage only","4","unknown",false,1,"GM0599"
"20230000705",2023,"Uitsluitend materiele schade",2,"Personenauto","Fiets","Flank","Kruispunt, 3 takken",50,"Niet brandend","Daglicht","Droog",\N,\N,"Tweede Willemstraat","Groningen","Groningen","Groningen",false,53.207438,6.573272,"material damage only","4","clear",false,1,"GM0014"
"20230027358",2023,"Uitsluitend materiele schade",2,"Personenauto","Fiets","Onbekend",\N,30,\N,"Daglicht",\N,\N,"265222044","Kloosterwerf","Waalwijk","Waalwijk","Noord-Brabant",false,51.689255,5.067186,"material damage only","4","unknown",false,1,"GM0867"
"20230000777",2023,"Letsel",2,"Personenauto","Fiets","Flank","Rotonde",50,"Niet brandend","Daglicht","Droog",\N,\N,"Ruurloseweg","Groenlo","Oost Gelre","Gelderland",false,52.041942,6.611232,"injury","2","clear",false,1,"GM1586"
"20230008574",2023,"Uitsluitend materiele schade",2,"Personenauto","Fiets","Flank","Rotonde",50,"Niet brandend","Daglicht","Droog",\N,\N,"Kaldenkerkerweg","Venlo","Venlo","Limburg",false,51.358939,6.178257,"material damage only","4","clear",false,1,"GM0983"
"20230009442",2023,"Letsel",3,"Personenauto","Fiets","Onbekend","Kruispunt, 3 takken",50,"Niet brandend","Daglicht","Droog",\N,\N,"Wolverstraat","Duizel","Eersel","Noord-Brabant",false,51.363264,5.304164,"injury","2","clear",false,1,"GM0770"
"20230000812",2023,"Letsel",2,"Bestelauto","Fiets","Eenzijdig","Kruispunt, 3 takken",30,"Niet brandend","Daglicht","Droog",\N,\N,"Rozenhoflaan","Hengelo (Gld)","Bronckhorst","Gelderland",false,52.049924,6.308911,"injury","2","clear",false,1,"GM1876"
"20230000817",2023,"Uitsluitend materiele schade",2,"Personenauto","Fiets","Frontaal","Kruispunt, 3 takken",30,"Niet brandend","Daglicht","Droog",\N,\N,"Fresiastraat","Enschede","Enschede","Overijssel",false,52.230435,6.920667,"material damage only","4","clear",false,1,"GM0153"
"20230009284",2023,"Uitsluitend materiele schade",2,"Personenauto","Fiets","Flank","Kruispunt, 4 takken",30,"Niet brandend","Daglicht","Droog",\N,\N,"Kaartmakersring","Eindhoven","Eindhoven","Noord-Brabant",false,51.446272,5.520799,"material damage only","4","clear",false,1,"GM0772"
"20230002876",2023,"Letsel",2,"Personenauto","Fiets","Flank","Kruispunt, 3 takken",50,"Niet brandend","Daglicht","Droog",\N,\N,"Gedempte Oostersingelgr","Haarlem","Haarlem","Noord-Holland",false,52.38237,4.647221,"injury","2","clear",false,1,"GM0392"
"20230003445",2023,"Uitsluitend materiele schade",2,"Bestelauto","Fiets","Flank","Kruispunt, 4 takken",50,"Niet brandend","Daglicht","Droog",\N,\N,"Taludweg","Hilversum","Hilversum","Noord-Holland",false,52.221773,5.155993,"material damage only","4","clear",false,1,"GM0402"
"20230089954",2023,"Letsel",1,"Fiets",\N,"Eenzijdig",\N,\N,\N,"Daglicht",\N,\N,"600899662","Rijnsburgerweg","Leiden","Leiden","Zuid-Holland",false,52.168059,4.481903,"injury","2","unknown",false,1,"GM0546"
"20230008944",2023,"Uitsluitend materiele schade",2,"Bromfiets","Fiets","Frontaal","Rechte weg",80,"Niet brandend","Daglicht","Droog",\N,"345154005","Provincialeweg","Someren","Someren","Noord-Brabant",false,51.382567,5.643946,"material damage only","4","clear",false,1,"GM0847"
"20230000901",2023,"Letsel",2,"Bromfiets","Fiets","Flank","Kruispunt, 4 takken",50,"Niet brandend","Daglicht","Droog",\N,\N,"Deventerstraat","Apeldoorn","Apeldoorn","Gelderland",false,52.216364,5.972488,"injury","2","clear",false,1,"GM0200"
"20230003479",2023,"Uitsluitend materiele schade",2,"Bromfiets","Fiets","Flank","Kruispunt, 4 takken",50,"Niet brandend","Daglicht","Droog",\N,\N,"Vossenschanslaan","Woerden","Woerden","Utrecht",false,52.088934,4.899845,"material damage only","4","clear",false,1,"GM0632"
"20230039288",2023,"Letsel",2,"Personenauto","Fiets","Onbekend",\N,\N,\N,"Daglicht",\N,\N,"600731936","Hoeksekade","Bergschenhoek","Lansingerland","Zuid-Holland",false,51.976714,4.526642,"injury","2","unknown",false,1,"GM1621"
"20230004641",2023,"Letsel",2,"Personenauto","e-bike","Flank","Kruispunt, 3 takken",50,"Niet brandend","Daglicht","Droog",\N,\N,"Velserweg","Amsterdam","Amsterdam","Noord-Holland",false,52.386252,4.845299,"injury","2","clear",false,1,"GM0363"
"20230005087",2023,"Letsel",1,"Fiets",\N,"Eenzijdig","Bocht",50,"Niet brandend","Daglicht","Regen",\N,\N,"Houtrustweg","'s-Gravenhage","'s-Gravenhage","Zuid-Holland",false,52.091081,4.265014,"injury","2","rain",false,1,"GM0518"
"20230077648",2023,"Letsel",4,"Fiets","Fiets","Onbekend",\N,\N,\N,"Daglicht",\N,\N,"260358006","Gooilandseweg","Weesp","Amsterdam","Noord-Holland",false,52.302583,5.02255,"injury","2","unknown",false,1,"GM0363"
"20230094242",2023,"Uitsluitend materiele schade",2,"Personenauto","Fiets","Onbekend",\N,\N,\N,"Duisternis",\N,\N,"357285028","Utrechtseweg","Renkum","Renkum","Gelderland",false,51.973106,5.735528,"material damage only","4","unknown",false,1,"GM0274"