"accident_id","year","severity_raw","party_count","party1_type","party2_type","accident_type","road_situation","speed_limit_kmh","road_lighting","light_condition_label","weather_raw","infra_type","road_segment_id","street_name","place_name","gemeente_name_raw","province","alcohol_indicated","latitude","longitude","severity_label","severity_code","weather_label","built_up_area","cyclists_involved","gemeente_code"
"20220153905",2022,"Uitsluitend materiele schade",3,"Personenauto","Fiets","Frontaal","Kruispunt, 3 takken",50,"Niet brandend","Daglicht","Droog",\N,\N,"Stichtseweg","Blaricum","Blaricum","Noord-Holland",false,52.288152,5.278111,"material damage only","4","clear",false,1,"GM0376"
"20220160336",2022,"Uitsluitend materiele schade",3,"e-bike","Fiets","Frontaal","Rechte weg",\N,"Niet brandend","Daglicht","Droog",\N,\N,"'t Bijsterveld","Helmond","Helmond","Noord-Brabant",false,51.483258,5.67394,"material damage only","4","clear",false,1,"GM0794"
"20220175120",2022,"Letsel",1,"Fiets",\N,"Eenzijdig","Rechte weg",50,"Niet brandend","Daglicht","Droog",\N,"208375027","Slachthuisstraat","Haarlem","Haarlem","Noord-Holland",false,52.37363,4.643864,"injury","2","clear",false,1,"GM0392"
"20220115377",2022,"Letsel",3,"Fiets","Personenauto","Onbekend","Kruispunt, 4 takken",50,"Niet brandend","Daglicht","Droog",\N,\N,"Kleine Appelstraat","Groningen","Groningen","Groningen",false,53.224583,6.558762,"injury","2","clear",false,1,"GM0014"
"20220122567",2022,"Uitsluitend materiele schade",2,"Fiets","e-bike","Flank","Rechte weg",30,"Niet brandend","Daglicht","Droog",\N,"206382022","Pim Mulierlaan","Haarlem","Haarlem","Noord-Holland",false,52.407205,4.630935,"material damage only","4","clear",false,1,"GM0392"
"20220123760",2022,"Uitsluitend materiele schade",2,"Personenauto","Fiets","Onbekend","Rotonde",50,"Niet brandend","Daglicht","Droog",\N,\N,"Zonnestein","Amstelveen","Amstelveen","Noord-Holland",false,52.311882,4.872723,"material damage only","4","clear",false,1,"GM0362"
"20220127247",2022,"Letsel",2,"Bromfiets","Fiets","Kop/staart","Rechte weg",50,"Niet brandend","Daglicht","Droog",\N,"209246061","Karel Doormanweg","Dordrecht","Dordrecht","Zuid-Holland",true,51.795519,4.657506,"injury","2","clear",false,1,"GM0505"
"20220135368",2022,"Letsel",1,"Fiets",\N,"Eenzijdig","Rechte weg",50,"Brandend","Duisternis",\N,\N,"492330050","Richterstraat","Haaksbergen","Haaksbergen","Overijssel",false,52.165713,6.723014,"injury","2","unknown",false,1,"GM0158"
"20220138231",2022,"Letsel",1,"Fiets",\N,"Eenzijdig",\N,30,\N,"Daglicht",\N,\N,"283342013","Marconistraat","Hilversum","Hilversum","Noord-Holland",false,52.227121,5.194153,"injury","2","unknown",false,1,"GM0402"
"20220194448",2022,"Letsel",2,"Bromfiets","e-bike","Frontaal","Rechte weg",30,"Brandend","Duisternis","Regen",\N,"600974085","Brédyk","Leeuwarden","Leeuwarden","Friesland",false,53.169154,5.785879,"injury","2","rain",false,1,"GM0080"
"20220189108",2022,"Uitsluitend materiele schade",2,"Personenauto","Fiets","Frontaal","Kruispunt, 4 takken",50,"Niet brandend","Daglicht","Regen",\N,\N,"Deken van Roestellaan","Rosmalen","'s-Hertogenbosch","Noord-Brabant",false,51.712789,5.37376,"material damage only","4","rain",false,1,"GM0796"
"20220121109",2022,"Uitsluitend materiele schade",2,"Personenauto","Fiets","Voetganger","Rechte weg",50,"Niet brandend","Daglicht","Droog",\N,"600969155","Ariaweg","Amersfoort","Amersfoort","Utrecht",false,52.158394,5.412476,"material damage only","4","clear",false,1,"GM0307"
"20220125200",2022,"Letsel",2,"Snorfiets","Fiets","Flank","Kruispunt, 3 takken",30,"Niet brandend","Daglicht","Droog",\N,\N,"Raamstraat","'s-Gravenhage","'s-Gravenhage","Zuid-Holland",false,52.074847,4.311168,"injury","2","clear",false,1,"GM0518"
"20220130085",2022,"Uitsluitend materiele schade",2,"Fiets","Fiets","Flank","Rechte weg",30,"Niet brandend","Daglicht","Droog",\N,"271241026","Singel","Veen","Altena","Noord-Brabant",false,51.775816,5.108158,"material damage only","4","clear",false,1,"GM1959"
"20220139581",2022,"Letsel",1,"Fiets",\N,"Eenzijdig","Rotonde",50,"Niet brandend","Daglicht","Droog",\N,\N,"Marsdiepstraat","Den Helder","Den Helder","Noord-Holland",false,52.9451,4.742787,"injury","2","clear",false,1,"GM0400"
"20220149838",2022,"Uitsluitend materiele schade",2,"Fiets","Fiets","Kop/staart","Rechte weg",50,"Niet brandend","Daglicht","Droog",\N,"347245002","Veersingel","Ravenstein","Oss","Noord-Brabant",false,51.79365,5.660682,"material damage only","4","clear",false,1,"GM0828"
"20220149877",2022,"Letsel",2,"Fiets","Personenauto","Frontaal","Kruispunt, 4 takken",50,"Niet brandend","Daglicht","Droog",\N,\N,"Scheiweg","Gemert","Gemert-Bakel","Noord-Brabant",false,51.566492,5.703912,"injury","2","clear",false,1,"GM1652"
"20220154002",2022,"Letsel",2,"Personenauto","Fiets","Frontaal","Rechte weg",30,"Niet brandend","Daglicht","Droog",\N,"259335001","Mijndensedijk","Nieuwersluis","Stichtse Vecht","Utrecht",false,52.1986,5.018263,"injury","2","clear",false,1,"GM1904"
"20220194923",2022,"Letsel",2,"Bromfiets","Fiets","Onbekend","Rechte weg",30,"Niet brandend","Daglicht","Droog",\N,"375256059","Groesbeekseweg","Nijmegen","Nijmegen","Gelderland",false,51.840326,5.861938,"injury","2","clear",false,1,"GM0268"
"20220115542",2022,"Uitsluitend materiele schade",2,"Personenauto","Fiets","Flank","Rechte weg",50,"Niet brandend","Daglicht","Regen",\N,"466565036","Nieuwe Ebbingestraat","Groningen","Groningen","Groningen",false,53.224672,6.562468,"material damage only","4","rain",false,1,"GM0014"
"20220134239",2022,"Letsel",2,"Personenauto","Fiets","Flank","Kruispunt, 4 takken",60,"Niet brandend","Daglicht",\N,\N,\N,"Tweede Boerendiep","Musselkanaal","Stadskanaal","Groningen",false,52.95162,6.992102,"injury","2","unknown",false,1,"GM0037"
"20220173965",2022,"Letsel",1,"Fiets",\N,"Eenzijdig","Rechte weg",30,"Niet brandend","Daglicht","Droog",\N,"252400092","Persijnlaan","Purmerend","Purmerend","Noord-Holland",false,52.489521,4.965905,"injury","2","clear",false,1,"GM0439"
"20220191855",2022,"Uitsluitend materiele schade",2,"Personenauto","Fiets","Flank","Kruispunt, 4 takken",30,"Brandend","Daglicht","Droog",\N,\N,"Stationsstraat","Assen","Assen","Drenthe",false,52.992996,6.570513,"material damage only","4","clear",false,1,"GM0106"
"20220125329",2022,"Letsel",1,"e-bike",\N,"Eenzijdig","Rotonde",\N,"Niet brandend","Daglicht","Droog",\N,\N,"Lange Kerkdam","Wassenaar","Wassenaar","Zuid-Holland",false,52.142394,4.396382,"injury","2","clear",false,1,"GM0629"
"20220132790",2022,"Letsel",2,"Fiets","Overig vast object","Vast voorwerp","Bocht",80,"Brandend","Duisternis","Droog",\N,"600607079","Dr. Calsstraat","Landgraaf","Landgraaf","Limburg",false,50.895945,6.038123,"injury","2","clear",false,1,"GM0882"
"20220145317",2022,"Letsel",2,"Fiets","Fiets","Onbekend","Rechte weg",50,"Niet brandend","Daglicht","Droog",\N,"187327184","Korevaarstraat","Leiden","Leiden","Zuid-Holland",false,52.156331,4.493101,"injury","2","clear",false,1,"GM0546"
"20220172821",2022,"Uitsluitend materiele schade",2,"e-bike","Personenauto","Flank","Rotonde",50,"Niet brandend","Daglicht","Droog",\N,\N,"Pastoor Koopmansplein","Emmeloord","Noordoostpolder","Flevoland",false,52.71215,5.753921,"material damage only","4","clear",false,1,"GM0171"
"20220185358",2022,"Letsel",2,"Personenauto","Fiets","Flank","Rechte weg",50,"Niet brandend","Daglicht","Droog",\N,\N,"Leeghwaterstraat","Sliedrecht","Sliedrecht","Zuid-Holland",false,51.828507,4.773146,"injury","2","clear",false,1,"GM0610"
"20220186682",2022,"Uitsluitend materiele schade",2,"Personenauto","Fiets","Frontaal","Rechte weg",30,"Niet brandend","Schemer","Droog",\N,"251240018","Kruisstraat","Almkerk","Altena","Noord-Brabant",false,51.771364,4.96378,"material damage only","4","clear",false,1,"GM1959"
"20220191073",2022,"Uitsluitend materiele schade",2,"Personenauto","Fiets","Frontaal","Rotonde",50,"Niet brandend","Daglicht","Regen",\N,\N,"Haspelsestraat","Sittard","Sittard-Geleen","Limburg",false,51.002218,5.868824,"material damage only","4","rain",false,1,"GM1883"
"20220192780",2022,"Letsel",2,"Brommobiel","Fiets","Flank","Kruispunt, 3 takken",\N,"Niet brandend","Daglicht","Droog",\N,\N,"Westeinde","Westerbork","Midden-Drenthe","Drenthe",false,52.852426,6.601041,"injury","2","clear",false,1,"GM1731"
"20220139841",2022,"Letsel",2,"Bromfiets","Fiets","Frontaal","Bocht",50,"Niet brandend","Daglicht","Droog",\N,"218440141","Bergerweg","Bergen (NH)","Bergen (NH)","Noord-Holland",false,52.666107,4.712728,"injury","2","clear",false,1,\N
"20220150149",2022,"Uitsluitend materiele schade",2,"Personenauto","Fiets","Los voorwerp","Rotonde",50,"Niet brandend","Daglicht","Droog",\N,\N,"Boschdijk","Eindhoven","Eindhoven","Noord-Brabant",false,51.451843,5.464758,"material damage only","4","clear",false,1,"GM0772"
"20220154188",2022,"Letsel",3,"e-bike","Fiets","Onbekend","Rechte weg",60,"Niet brandend","Daglicht","Droog",\N,"211437006","Herenweg","Bergen (NH)","Bergen (NH)","Noord-Holland",false,52.653862,4.661462,"injury","2","clear",false,1,\N
"20220169231",2022,"Letsel",1,"Fiets",\N,"Eenzijdig","Rechte weg",50,"Brandend","Duisternis","Droog",\N,"600946746","Rijksstraatweg","Buurmalsen","West Betuwe","Gelderland",false,51.888321,5.291765,"injury","2","clear",false,1,"GM1960"
"20220174189",2022,"Letsel",2,"Personenauto","Fiets","Flank","Kruispunt, 4 takken",50,"Niet brandend","Daglicht","Droog",\N,\N,"Gibbon","Heerhugowaard","Dijk en Waard","Noord-Holland",false,52.654787,4.809497,"injury","2","clear",false,1,"GM1980"
"20220191493",2022,"Uitsluitend materiele schade",3,"Bromfiets","Fiets","Onbekend","Rechte weg",50,"Niet aanwezig","Daglicht","Droog",\N,"365558045","Keizersgracht","Leeuwarden","Leeuwarden","Friesland",false,53.200273,5.800261,"material damage only","4","clear",false,1,"GM0080"
"20220191972",2022,"Letsel",2,"e-bike","Personenauto","Frontaal","Bocht",50,"Niet aanwezig","Daglicht","Droog",\N,"600886549","Wendeling","Emmen","Emmen","Drenthe",false,52.778854,6.929489,"injury","2","clear",false,1,"GM0114"
"20220124078",2022,"Uitsluitend materiele schade",2,"Bestelauto","e-bike","Frontaal","Kruispunt, 4 takken",30,"Niet brandend","Daglicht","Droog",\N,\N,"Johan Huizingalaan","Amsterdam","Amsterdam","Noord-Holland",false,52.35256,4.827409,"material damage only","4","clear",false,1,"GM0363"
"20220130411",2022,"Uitsluitend materiele schade",2,"Personenauto","Fiets","Onbekend","Rechte weg",30,"Niet brandend","Daglicht","Droog",\N,"180184039","De Genestetlaan","Roosendaal","Roosendaal","Noord-Brabant",false,51.51417,4.456404,"material damage only","4","clear",false,1,"GM1674"
"20220141587",2022,"Uitsluitend materiele schade",2,"Fiets","Fiets","Frontaal","Rechte weg",30,"Niet brandend","Daglicht","Droog",\N,"238369020","Olympiaplein","Amsterdam","Amsterdam","Noord-Holland",false,52.347007,4.865828,"material damage only","4","clear",false,1,"GM0363"
"20220192689",2022,"Letsel",2,"Fiets","Fiets","Onbekend","Rechte weg",60,"Niet aanwezig","Duisternis","Droog",\N,"600813941","Koudeweg","St.-Jacobiparochie","Waadhoeke","Friesland",false,53.274874,5.633817,"injury","2","clear",false,1,"GM1949"
"20220117801",2022,"Uitsluitend materiele schade",2,"Personenauto","Fiets","Onbekend","Kruispunt, 3 takken",30,\N,"Daglicht",\N,\N,\N,"Groesbeekseweg","Malden","Heumen","Gelderland",false,51.780674,5.854539,"material damage only","4","unknown",false,1,"GM0252"
"20220128803",2022,"Uitsluitend materiele schade",2,"Personenauto","e-bike","Flank","Rechte weg",50,"Niet brandend","Daglicht","Droog",\N,"180272089","Schiedamseweg","Rotterdam","Rotterdam","Zuid-Holland",false,51.909795,4.447144,"material damage only","4","clear",false,1,"GM0599"
"20220144318",2022,"Uitsluitend materiele schade",2,"Personenauto","Fiets","Flank","Kruispunt, 4 takken",50,"Niet brandend","Daglicht","Droog",\N,\N,"Nieuwe Gouwe O.Z.","Gouda","Gouda","Zuid-Holland",false,52.020028,4.683786,"material damage only","4","clear",false,1,"GM0513"
"20220145475",2022,"Uitsluitend materiele schade",2,"Personenauto","Fiets","Onbekend","Kruispunt, 3 takken",50,"Niet brandend","Daglicht","Droog",\N,\N,"Harwichweg","Hoek van Holland","Rotterdam","Zuid-Holland",false,51.984913,4.129285,"material damage only","4","clear",false,1,"GM0599"
"20220153435",2022,"Uitsluitend materiele schade",2,"Bromfiets","Fiets","Kop/staart","Bocht",50,"Niet brandend","Daglicht","Droog",\N,"600900801","Zwartewaterweg","Hasselt","Zwartewaterland","Overijssel",false,52.591637,6.084987,"material damage only","4","clear",false,1,"GM1896"
"20220156969",2022,"Uitsluitend materiele schade",2,"Personenauto","Fiets","Flank","Rechte weg",50,"Niet brandend","Daglicht","Droog",\N,"155302049","De Stede","'s-Gravenhage","'s-Gravenhage","Zuid-Holland",false,52.042733,4.260576,"material damage only","4","clear",false,1,"GM0518"
"20220173119",2022,"Letsel",2,"Personenauto","Fiets","Flank","Kruispunt, 4 takken",50,"Niet brandend","Daglicht","Droog",\N,\N,"Proostwetering","Utrecht","Utrecht","Utrecht",false,52.107615,5.053367,"injury","2","clear",false,1,"GM0344"
"20220196379",2022,"Uitsluitend materiele schade",2,"Personenauto","e-bike","Flank","Rotonde",50,"Niet brandend","Daglicht","Droog",\N,\N,"Hoefsestraat","Wijchen","Wijchen","Gelderland",false,51.81792,5.735627,"material damage only","4","clear",false,1,"GM0296"
"20220196536",2022,"Letsel",2,"Fiets","e-bike","Flank","Kruispunt, 3 takken",50,"Niet brandend","Daglicht","Droog",\N,\N,"FIETSPAD","Zevenaar","Zevenaar","Gelderland",false,51.927316,6.110443,"injury","2","clear",false,1,"GM0299"
"20220117805",2022,"Uitsluitend materiele schade",2,"Personenauto","Fiets","Onbekend","Kruispunt, 4 takken",50,"Brandend","Duisternis","Droog",\N,\N,"Bisschop Willebrandlaan","Zwolle","Zwolle","Overijssel",false,52.51882,6.103262,"material damage only","4","clear",false,1,"GM0193"
"20220121578",2022,"Uitsluitend materiele schade",2,"Bestelauto","Fiets","Onbekend",\N,30,\N,"Daglicht",\N,\N,"600773008","Ganker","Nibbixwoud","Medemblik","Noord-Holland",false,52.69081,5.059082,"material damage only","4","unknown",false,1,"GM0420"
"20220130522",2022,"Uitsluitend materiele schade",2,"Personenauto","Fiets","Flank","Kruispunt, 3 takken",30,"Niet brandend","Daglicht","Droog",\N,\N,"Pomonalaan","Bergen op Zoom","Bergen op Zoom","Noord-Brabant",false,51.506982,4.28535,"material damage only","4","clear",false,1,"GM0748"
"20220143179",2022,"Letsel",2,"Fiets","Los voorwerp","Los voorwerp","Rechte weg",50,"Brandend","Duisternis","Droog",\N,"600714477","Thorbeckelaan","'s-Gravenhage","'s-Gravenhage","Zuid-Holland",false,52.06328,4.258404,"injury","2","clear",false,1,"GM0518"
"20220152624",2022,"Uitsluitend materiele schade",2,"Personenauto","e-bike","Frontaal","Rotonde",50,"Niet aanwezig","Daglicht","Droog",\N,\N,"P. Calandweg","Arnhem","Arnhem","Gelderland",false,51.978644,5.94009,"material damage only","4","clear",false,1,"GM0202"
"20220197663",2022,"Letsel",2,"Fiets","Personenauto","Frontaal","Rechte weg",30,"Niet brandend","Daglicht","Droog",\N,\N,"Haarstraat","Holten","Rijssen-Holten","Overijssel",false,52.280827,6.419076,"injury","2","clear",false,1,"GM1742"
"20220197945",2022,"Uitsluitend materiele schade",2,"Personenauto","Fiets","Flank","Rotonde",50,"Brandend","Duisternis","Regen",\N,\N,"Jachtlaan","Apeldoorn","Apeldoorn","Gelderland",false,52.210689,5.931286,"material damage only","4","rain",false,1,"GM0200"
"20220198452",2022,"Uitsluitend materiele schade",2,"Personenauto","Fiets","Flank","Kruispunt, 4 takken",30,"Brandend","Duisternis","Droog",\N,\N,"Oranjestraat","Rijssen","Rijssen-Holten","Overijssel",false,52.305976,6.521881,"material damage only","4","clear",false,1,"GM1742"
"20220143270",2022,"Uitsluitend materiele schade",2,"Bestelauto","Fiets","Flank","Kruispunt, 3 takken",30,"Niet brandend","Daglicht","Droog",\N,\N,"Stadhouderslaan","'s-Gravenhage","'s-Gravenhage","Zuid-Holland",false,52.086571,4.280979,"material damage only","4","clear",false,1,"GM0518"
"20240088016",2024,"Letsel",1,"Fiets",\N,"Eenzijdig","Rechte weg",30,"Brandend","Duisternis","Droog",\N,"600123957","Leidsegracht","Amsterdam","Amsterdam","Noord-Holland",false,52.367329,4.885715,"injury","2","clear",false,1,"GM0363"
"20240088027",2024,"Uitsluitend materiele schade",2,"Personenauto","Fiets","Onbekend","Rechte weg",30,"Brandend","Daglicht","Droog",\N,"188327261","Van der Lubbehof","Leiden","Leiden","Zuid-Holland",false,52.157545,4.497212,"material damage only","4","clear",false,1,"GM0546"
"20240093370",2024,"Uitsluitend materiele schade",2,"Personenauto","Fiets","Flank","Rechte weg",50,"Niet brandend","Daglicht","Droog",\N,"434283085","Terborgseweg","Doetinchem","Doetinchem","Gelderland",false,51.960486,6.294097,"material damage only","4","clear",false,1,"GM0222"
"20240097323",2024,"Letsel",2,"e-bike","Fiets","Flank","Rechte weg",30,"Niet brandend","Daglicht","Droog",\N,"158298059","Oosteinde","'s-Gravenhage","'s-Gravenhage","Zuid-Holland",false,52.026914,4.287318,"injury","2","clear",false,1,"GM0518"
"20240041032",2024,"Letsel",2,"Bus","Fiets","Flank","Kruispunt, 4 takken",30,"Niet brandend","Daglicht","Droog","Bus-/Tramhalte",\N,"Insulindeweg","Amsterdam","Amsterdam","Noord-Holland",false,52.362208,4.94378,"injury","2","clear",false,1,"GM0363"
"20240046607",2024,"Letsel",1,"Fiets",\N,"Flank","Kruispunt, 4 takken",50,"Niet brandend","Daglicht","Regen",\N,\N,"Houtwal","Oosterwolde","Ooststellingwerf","Friesland",false,52.986484,6.302863,"injury","2","rain",false,1,"GM0085"
"20240048342",2024,"Letsel",2,"Fiets","Fiets","Flank","Rechte weg",50,"Niet brandend","Daglicht","Droog",\N,"273312040","Potterstraat","Utrecht","Utrecht","Utrecht",false,52.093577,5.11857,"injury","2","clear",false,1,"GM0344"
"20240049581",2024,"Uitsluitend materiele schade",2,"Personenauto","Fiets","Flank","Rechte weg",50,"Niet brandend","Daglicht","Droog","Tankstation","505353053","Zwavertsweg","Hengelo","Hengelo (O)","Overijssel",false,52.268513,6.820769,"material damage only","4","clear",false,1,\N
"20240049595",2024,"Letsel",2,"Personenauto","Fiets","Flank","Rotonde",50,"Niet brandend","Daglicht","Droog",\N,\N,"Statepad","Ede","Ede","Gelderland",false,52.02169,5.634313,"injury","2","clear",false,1,"GM0228"
"20240050251",2024,"Letsel",2,"Bromfiets","Fiets","Flank","Rechte weg",50,"Brandend","Schemer","Droog",\N,"162307134","Koningstraat","'s-Gravenhage","'s-Gravenhage","Zuid-Holland",false,52.06907,4.314152,"injury","2","clear",false,1,"GM0518"
"20240089357",2024,"Letsel",2,"Personenauto","Fiets","Flank","Rotonde",50,"Niet brandend","Daglicht","Droog",\N,\N,"Louis Davidsstraat","Amsterdam","Amsterdam","Noord-Holland",false,52.351001,4.8111,"injury","2","clear",false,1,"GM0363"
"20240097416",2024,"Letsel",1,"Fiets",\N,"Eenzijdig","Rechte weg",60,"Niet brandend","Daglicht","Droog",\N,"600398258","Ruigenhoekerweg","Noordwijkerhout","Noordwijk","Zuid-Holland",false,52.292206,4.523318,"injury","2","clear",false,1,"GM0575"
"20240097727",2024,"Letsel",2,"Personenauto","Fiets","Flank","Kruispunt, 4 takken",30,"Niet brandend","Daglicht","Regen",\N,\N,"Zuiderweg","Rijswijk","Rijswijk","Zuid-Holland",false,52.030213,4.346646,"injury","2","rain",false,1,\N
"20240097747",2024,"Letsel",2,"Fiets","Personenauto","Flank","Rotonde",50,"Niet brandend","Daglicht","Droog",\N,\N,"Achterweg","Nieuwkoop","Nieuwkoop","Zuid-Holland",false,52.148565,4.772914,"injury","2","clear",false,1,"GM0569"
"20240097919",2024,"Letsel",2,"Bromfiets","Fiets","Onbekend","Kruispunt, 3 takken",50,"Niet brandend","Daglicht","Droog",\N,\N,"Vijf Meilaan","Leiden","Leiden","Zuid-Holland",false,52.146601,4.468082,"injury","2","clear",false,1,"GM0546"
"20240101505",2024,"Letsel",2,"Personenauto","Fiets","Flank","Rechte weg",50,"Niet brandend","Daglicht","Droog",\N,"320204007","Huygensweg","Schijndel","Meierijstad","Noord-Brabant",false,51.609994,5.465628,"injury","2","clear",false,1,"GM1948"
"20240045358",2024,"Letsel",2,\N,"Fiets","Flank","Bocht",50,\N,"Daglicht",\N,\N,"358237021","St.Elisabethstraat","Grave","Land van Cuijk","Noord-Brabant",false,51.75738,5.740617,"injury","2","unknown",false,1,"GM1982"
"20240048384",2024,"Uitsluitend materiele schade",2,"Fiets","Fiets","Flank","Kruispunt, 4 takken",30,"Niet brandend","Daglicht","Droog",\N,\N,"Predikherenkerkhof","Utrecht","Utrecht","Utrecht",false,52.09503,5.118152,"material damage only","4","clear",false,1,"GM0344"
"20240073910",2024,"Uitsluitend materiele schade",2,"Personenauto","Fiets","Onbekend","Rotonde",50,"Brandend","Daglicht","Droog",\N,\N,"Mullerlaan","Veldhoven","Veldhoven","Noord-Brabant",false,51.411268,5.398817,"material damage only","4","clear",false,1,"GM0861"
"20240085496",2024,"Letsel",4,"Personenauto","Fiets","Flank","Kruispunt, 4 takken",60,"Niet brandend","Daglicht","Droog",\N,\N,"Uilenesterstraat","Keijenborg","Bronckhorst","Gelderland",false,52.034551,6.2725,"injury","2","clear",false,1,"GM1876"
"20240087480",2024,"Uitsluitend materiele schade",2,"Personenauto","Fiets","Flank","Kruispunt, 3 takken",50,"Niet brandend","Daglicht","Regen",\N,\N,"Soesterweg","Amersfoort","Amersfoort","Utrecht",false,52.156102,5.372415,"material damage only","4","rain",false,1,"GM0307"
"20240092601",2024,"Uitsluitend materiele schade",2,"Personenauto","Fiets","Flank","Kruispunt, 4 takken",30,"Niet brandend","Daglicht","Droog",\N,\N,"Heutzstraat","Venlo","Venlo","Limburg",false,51.36486,6.173141,"material damage only","4","clear",false,1,"GM0983"
"20240073297",2024,"Uitsluitend materiele schade",2,"Fiets","Fiets","Flank","Kruispunt, 3 takken",30,"Niet brandend","Daglicht","Droog",\N,\N,"Stationsweg","'s-Hertogenbosch","'s-Hertogenbosch","Noord-Brabant",false,51.690395,5.296314,"material damage only","4","clear",false,1,"GM0796"
"20240074623",2024,"Letsel",1,"Fiets",\N,"Geparkeerd voertuig","Rechte weg",50,"Niet brandend","Daglicht","Droog",\N,"601035601","Sassenheimseweg","Berlicum","Sint-Michielsgestel","Noord-Brabant",false,51.673229,5.406225,"injury","2","clear",false,1,"GM0845"
"20240077933",2024,"Letsel",1,"Fiets",\N,"Onbekend",\N,\N,\N,"Daglicht",\N,\N,"600818580","Generaal Foulkesweg","Wageningen","Wageningen","Gelderland",false,51.96676,5.685505,"injury","2","unknown",false,1,"GM0289"
"20240087512",2024,"Uitsluitend materiele schade",2,"Personenauto","Fiets","Onbekend","Kruispunt, 3 takken",50,\N,"Daglicht","Droog",\N,\N,"Middellaan","Veenendaal","Veenendaal","Utrecht",false,52.009887,5.556127,"material damage only","4","clear",false,1,"GM0345"
"20240088156",2024,"Letsel",2,"Fiets","Snorfiets","Onbekend","Rechte weg",30,"Niet brandend","Daglicht","Droog",\N,"600724856","Kanaalpad N.W.","Rijnsburg","Katwijk","Zuid-Holland",false,52.197278,4.43843,"injury","2","clear",false,1,"GM0537"
"20240043871",2024,"Uitsluitend materiele schade",2,"Fiets","Fiets","Flank","Kruispunt, 4 takken",30,"Niet brandend","Daglicht","Droog",\N,\N,"van Kinsbergenstraat","Eindhoven","Eindhoven","Noord-Brabant",false,51.450198,5.473074,"material damage only","4","clear",false,1,"GM0772"
"20240049691",2024,"Uitsluitend materiele schade",2,"Personenauto","Fiets","Flank","Kruispunt, 4 takken",15,"Niet brandend","Daglicht","Droog",\N,\N,"Drenthestraat","Alphen aan den Rijn","Alphen aan den Rijn","Zuid-Holland",false,52.123461,4.651897,"material damage only","4","clear",false,1,"GM0484"
"20240077334",2024,"Letsel",2,"Personenauto","Fiets","Onbekend","Kruispunt, 4 takken",30,"Niet brandend","Daglicht",\N,\N,\N,"Floraronde","Velserbroek","Velsen","Noord-Holland",false,52.43167,4.655486,"injury","2","unknown",false,1,"GM0453"
"20240077960",2024,"Uitsluitend materiele schade",2,"Fiets","Personenauto","Frontaal","Rechte weg",15,"Niet brandend","Daglicht","Droog",\N,"480368092","Woonboulevard","Almelo","Almelo","Overijssel",false,52.340621,6.642028,"material damage only","4","clear",false,1,"GM0141"
"20240087542",2024,"Letsel",2,"Personenauto","Fiets","Flank","Kruispunt, 3 takken",30,"Niet brandend","Daglicht","Droog",\N,\N,"Mw van Wieringenplein","Mijdrecht","De Ronde Venen","Utrecht",false,52.208926,4.86517,"injury","2","clear",false,1,"GM0736"
"20240093222",2024,"Uitsluitend materiele schade",2,"Bromfiets","Fiets","Onbekend","Rechte weg",50,"Niet brandend","Daglicht","Droog",\N,\N,"Oliemolenstraat","Oldenzaal","Oldenzaal","Overijssel",false,52.31924,6.934423,"material damage only","4","clear",false,1,"GM0173"
"20240049114",2024,"Letsel",2,"Fiets","Scootmobiel","Frontaal","Kruispunt, 3 takken",30,"Niet brandend","Daglicht","Droog",\N,\N,"Asselsestraat","Apeldoorn","Apeldoorn","Gelderland",false,52.209025,5.943021,"injury","2","clear",false,1,"GM0200"
"20240050382",2024,"Letsel",2,"Bromfiets","Fiets","Frontaal","Bocht",50,"Niet brandend","Daglicht","Droog",\N,"600407497","Langelandpad","Zoetermeer","Zoetermeer","Zuid-Holland",false,52.070278,4.503762,"injury","2","clear",false,1,"GM0637"
"20240082411",2024,"Uitsluitend materiele schade",2,"Personenauto","Fiets","Onbekend","Bocht",50,"Niet brandend","Daglicht","Droog",\N,"335129042","Dorpsstraat","Budel","Cranendonck","Noord-Brabant",false,51.272713,5.570664,"material damage only","4","clear",false,1,"GM1706"
"20240083035",2024,"Letsel",1,"Fiets",\N,"Onbekend","Rechte weg",30,"Niet brandend","Daglicht","Droog",\N,"364038066","Valkenburgerstraat","Berg en Terblijt","Valkenburg aan de Geul","Limburg",false,50.861143,5.777402,"injury","2","clear",false,1,"GM0994"
"20240096861",2024,"Uitsluitend materiele schade",2,"Personenauto","Fiets","Flank","Kruispunt, 4 takken",30,"Niet brandend","Daglicht","Regen",\N,\N,"Prinses Beatrixlaan","Apeldoorn","Apeldoorn","Gelderland",false,52.206801,5.950477,"material damage only","4","rain",false,1,"GM0200"
"20240049784",2024,"Uitsluitend materiele schade",2,"Personenauto","Fiets","Flank","Kruispunt, 3 takken",30,"Niet brandend","Daglicht","Droog",\N,\N,"Laakweg","'s-Gravenhage","'s-Gravenhage","Zuid-Holland",false,52.066889,4.329342,"material damage only","4","clear",false,1,"GM0518"
"20240077413",2024,"Letsel",2,"e-bike","Voetganger","Voetganger","Rechte weg",30,"Niet brandend","Daglicht","Droog",\N,"600375867","Voorstraat","Utrecht","Utrecht","Utrecht",false,52.094986,5.120523,"injury","2","clear",false,1,"GM0344"