"accident_id","year","severity_raw","party_count","party1_type","party2_type","accident_type","road_situation","speed_limit_kmh","road_lighting","light_condition_label","weather_raw","infra_type","road_segment_id","street_name","place_name","gemeente_name_raw","province","alcohol_indicated","latitude","longitude","severity_label","severity_code","weather_label","built_up_area","cyclists_involved","gemeente_code"
"20230038006",2023,"Uitsluitend materiele schade",2,"Bromfiets","Fiets","Flank","Kruispunt, 4 takken",50,"Niet brandend","Daglicht","Droog",\N,\N,"Spoorbaanpad","Almere","Almere","Flevoland",false,52.362313,5.179577,"material damage only","4","clear",false,1,"GM0034"
"20230044367",2023,"Letsel",1,"Fiets",\N,"Eenzijdig","Rechte weg",50,"Niet brandend","Daglicht","Droog",\N,"322341032","Brink","Nijkerk","Nijkerk","Gelderland",false,52.223709,5.481965,"injury","2","clear",false,1,"GM0267"
"20230046142",2023,"Letsel",2,"Fiets","Fiets","Frontaal","Bocht",30,"Niet brandend","Daglicht","Droog",\N,"366555021","Raaigras","Leeuwarden","Leeuwarden","Friesland",false,53.186717,5.813589,"injury","2","clear",false,1,"GM0080"
"20230047305",2023,"Uitsluitend materiele schade",2,"Personenauto","Fiets","Onbekend","Rechte weg",\N,"Niet brandend","Daglicht","Droog",\N,"600751474","Amsterdamsestraatweg","Halfweg","Haarlemmermeer","Noord-Holland",false,52.383753,4.75443,"material damage only","4","clear",false,1,"GM0394"
"20240132647",2024,"Uitsluitend materiele schade",2,"Bestelauto","Fiets","Flank","Rechte weg",30,"Niet brandend","Daglicht","Droog",\N,"600712049","Madeweg","Monster","Westland","Zuid-Holland",false,52.030706,4.185632,"material damage only","4","clear",false,1,"GM1783"
"20240132704",2024,"Letsel",2,"Fiets","Fiets","Flank","Rechte weg",30,"Niet brandend","Daglicht","Droog",\N,"190342008","Zandslootkade","Sassenheim","Teylingen","Zuid-Holland",false,52.224393,4.510877,"injury","2","clear",false,1,"GM1525"
"20240132773",2024,"Letsel",2,"Personenauto","Fiets","Onbekend","Kruispunt, 4 takken",50,"Brandend","Duisternis","Droog",\N,\N,"Soestdijksekade","'s-Gravenhage","'s-Gravenhage","Zuid-Holland",false,52.059145,4.291982,"injury","2","clear",false,1,"GM0518"
"20230043215",2023,"Letsel",2,"Personenauto","Fiets","Flank","Rechte weg",30,"Niet brandend","Daglicht","Droog",\N,"182265069","Everhildestraat","Rotterdam","Rotterdam","Zuid-Holland",false,51.879761,4.465011,"injury","2","clear",false,1,"GM0599"
"20230049694",2023,"Letsel",3,"Personenauto","Fiets","Onbekend","Rechte weg",50,"Niet aanwezig","Daglicht","Droog",\N,"176325090","Van Duivenvoordelaan","Wassenaar","Wassenaar","Zuid-Holland",false,52.149685,4.409456,"injury","2","clear",false,1,"GM0629"
"20230050256",2023,"Letsel",1,"Fiets",\N,"Eenzijdig","Rechte weg",30,"Niet brandend","Daglicht","Droog","Brug/viaduct","186328004","Blauwpoortsbrug","Leiden","Leiden","Zuid-Holland",false,52.161798,4.485131,"injury","2","clear",false,1,"GM0546"
"20230053744",2023,"Uitsluitend materiele schade",2,"Personenauto","Fiets","Onbekend","Rechte weg",50,"Niet brandend","Daglicht","Droog",\N,"375111015","Brugstraat","Grathem","Leudal","Limburg",false,51.190264,5.858093,"material damage only","4","clear",false,1,"GM1640"
"20240127090",2024,"Letsel",2,"Personenauto","Fiets","Flank","Rotonde",50,"Niet brandend","Daglicht","Droog",\N,\N,"Laan naar Eme","Zutphen","Zutphen","Gelderland",false,52.127748,6.200141,"injury","2","clear",false,1,"GM0301"
"20230050865",2023,"Uitsluitend materiele schade",1,"Fiets",\N,"Flank","Kruispunt, 4 takken",50,"Niet brandend","Daglicht","Droog",\N,\N,"Rozenweg","Wassenaar","Wassenaar","Zuid-Holland",false,52.141755,4.414814,"material damage only","4","clear",false,1,"GM0629"
"20230058041",2023,"Uitsluitend materiele schade",2,"Fiets","Fiets","Flank","Kruispunt, 4 takken",50,"Niet brandend","Daglicht","Droog","Brug/viaduct",\N,"Markerkant 13","Almere","Almere","Flevoland",false,52.382853,5.213916,"material damage only","4","clear",false,1,"GM0034"
"20230058293",2023,"Uitsluitend materiele schade",2,"Fiets","Fiets","Kop/staart","Rechte weg",50,"Niet brandend","Daglicht","Droog",\N,"600903049","De Groene Zoom","Amsterdam","Amsterdam","Noord-Holland",false,52.339312,4.887794,"material damage only","4","clear",false,1,"GM0363"
"20230058310",2023,"Uitsluitend materiele schade",2,"Bestelauto","Fiets","Kop/staart","Rechte weg",50,"Niet brandend","Daglicht","Droog",\N,"223502004","Marsdiepstraat","Den Helder","Den Helder","Noord-Holland",false,52.947568,4.745098,"material damage only","4","clear",false,1,"GM0400"
"20230064812",2023,"Uitsluitend materiele schade",2,"Personenauto","Fiets","Flank","Rotonde",50,"Niet brandend","Daglicht","Droog",\N,\N,"Waterstraat","Nijmegen","Nijmegen","Gelderland",false,51.845729,5.839701,"material damage only","4","clear",false,1,"GM0268"
"20230037517",2023,"Letsel",2,"Personenauto","Fiets","Flank","Rotonde",50,"Niet brandend","Daglicht","Droog",\N,\N,"Flevoland","Beverwijk","Beverwijk","Noord-Holland",false,52.473635,4.672819,"injury","2","clear",false,1,"GM0375"
"20230045038",2023,"Letsel",2,"Bromfiets","Fiets","Onbekend","Rechte weg",30,"Niet brandend","Daglicht","Droog",\N,"485355001","Almelosestraat","Ambt Delden","Hof van Twente","Overijssel",false,52.279409,6.675728,"injury","2","clear",false,1,"GM1735"
"20230049742",2023,"Uitsluitend materiele schade",2,"Personenauto","Fiets","Flank","Rechte weg",60,"Niet brandend","Daglicht","Droog",\N,"164289008","Kerkpolderweg","Delft","Delft","Zuid-Holland",false,51.988374,4.327392,"material damage only","4","clear",false,1,"GM0503"
"20230050306",2023,"Uitsluitend materiele schade",2,"Fiets","Motor","Flank","Kruispunt, 4 takken",50,"Niet brandend","Daglicht","Regen",\N,\N,"Stadhouderskade","Amsterdam","Amsterdam","Noord-Holland",false,52.362824,4.880347,"material damage only","4","rain",false,1,"GM0363"
"20230053229",2023,"Letsel",2,"Fiets","Bestelauto","Flank","Kruispunt, 4 takken",50,"Niet brandend","Daglicht","Droog",\N,\N,"Prins Alexanderlaan","Rotterdam","Rotterdam","Zuid-Holland",false,51.958925,4.548418,"injury","2","clear",false,1,"GM0599"
"20230064869",2023,"Letsel",2,"Fiets","Personenauto","Flank","Kruispunt, 3 takken",50,"Niet brandend","Daglicht","Droog",\N,\N,"Zenithlaan","Hoogeveen","Hoogeveen","Drenthe",false,52.727757,6.503689,"injury","2","clear",false,1,"GM0118"
"20240129938",2024,"Uitsluitend materiele schade",2,"Bromfiets","Fiets","Frontaal","Rechte weg",30,"Niet brandend","Daglicht","Droog",\N,"262295145","Overtoom","IJsselstein","IJsselstein","Utrecht",false,52.017963,5.040697,"material damage only","4","clear",false,1,"GM0353"
"20230040437",2023,"Letsel",2,"Personenauto","Fiets","Flank","Rechte weg",30,"Niet brandend","Daglicht","Droog",\N,"600115409","Herenweg","Warmond","Teylingen","Zuid-Holland",false,52.19334,4.497325,"injury","2","clear",false,1,"GM1525"
"20230041569",2023,"Letsel",1,"Fiets",\N,"Eenzijdig","Bocht",30,"Niet brandend","Daglicht","Droog","Tunnel","600537940","FIETSPAD","Eindhoven","Eindhoven","Noord-Brabant",false,51.425491,5.471723,"injury","2","clear",false,1,"GM0772"
"20230044524",2023,"Uitsluitend materiele schade",2,"Personenauto","Fiets","Frontaal","Rechte weg",30,"Niet brandend","Daglicht","Droog",\N,"382278033","Koerierstraat","Huissen","Lingewaard","Gelderland",false,51.939484,5.91455,"material damage only","4","clear",false,1,"GM1705"
"20230049784",2023,"Letsel",2,"Personenauto","Fiets","Geparkeerd voertuig","Rechte weg",50,"Niet brandend","Daglicht","Droog","Parkeervoorziening","600379514","Spinozastraat","'s-Gravenhage","'s-Gravenhage","Zuid-Holland",false,52.072077,4.315189,"injury","2","clear",false,1,"GM0518"
"20230049803",2023,"Uitsluitend materiele schade",2,"Personenauto","Fiets","Flank","Kruispunt, 3 takken",50,"Niet brandend","Daglicht","Droog",\N,\N,"Jonckbloetplein","'s-Gravenhage","'s-Gravenhage","Zuid-Holland",false,52.058846,4.322157,"material damage only","4","clear",false,1,"GM0518"
"20230052683",2023,"Letsel",2,"Bromfiets","Fiets","Frontaal","Rechte weg",50,"Niet brandend","Daglicht","Droog",\N,"600723073","Zwaardijk","Poortugaal","Albrandswaard","Zuid-Holland",false,51.859567,4.409093,"injury","2","clear",false,1,"GM0613"
"20240130400",2024,"Uitsluitend materiele schade",2,"Fiets","Personenauto","Onbekend","Kruispunt, 3 takken",30,"Niet aanwezig","Daglicht","Droog",\N,\N,"Grote ratelaar","Deventer","Deventer","Overijssel",false,52.247816,6.212918,"material damage only","4","clear",false,1,"GM0150"
"20240133594",2024,"Letsel",2,"Fiets","Fiets","Frontaal","Kruispunt, 4 takken",50,"Brandend","Duisternis","Droog",\N,\N,"Castellumstraat","Alphen aan den Rijn","Alphen aan den Rijn","Zuid-Holland",false,52.128982,4.661639,"injury","2","clear",false,1,"GM0484"
"20230054449",2023,"Letsel",1,"Fiets",\N,"Eenzijdig","Rechte weg",60,"Niet aanwezig","Daglicht","Droog",\N,"375217003","Laageindsedijk","Rijkevoort","Land van Cuijk","Noord-Brabant",false,51.666663,5.864755,"injury","2","clear",false,1,"GM1982"
"20230059353",2023,"Letsel",1,"Fiets",\N,"Eenzijdig","Rechte weg",30,"Niet brandend","Daglicht","Droog",\N,"242369049","Ferdinand Bolstraat","Amsterdam","Amsterdam","Noord-Holland",false,52.351235,4.891403,"injury","2","clear",false,1,"GM0363"
"20240133090",2024,"Letsel",2,"Personenauto","Fiets","Geparkeerd voertuig","Rechte weg",30,"Brandend","Duisternis","Droog",\N,"162307134","Koningstraat","'s-Gravenhage","'s-Gravenhage","Zuid-Holland",false,52.06907,4.314152,"injury","2","clear",false,1,"GM0518"
"20240133100",2024,"Letsel",1,"Fiets",\N,"Frontaal","Kruispunt, 4 takken",30,"Niet brandend","Daglicht","Droog",\N,\N,"Erasmusweg","'s-Gravenhage","'s-Gravenhage","Zuid-Holland",false,52.052317,4.302923,"injury","2","clear",false,1,"GM0518"
"20240127524",2024,"Uitsluitend materiele schade",2,"Personenauto","Fiets","Flank","Kruispunt, 4 takken",80,"Brandend","Daglicht","Regen",\N,\N,"Noordegraafsingel","Harbrinkhoek","Almelo","Overijssel",false,52.376463,6.713046,"material damage only","4","rain",false,1,"GM0141"
"20230040502",2023,"Letsel",2,"Personenauto","Fiets","Los voorwerp","Kruispunt, 3 takken",30,"Niet brandend","Daglicht","Droog",\N,\N,"Hamerstraat","Amsterdam","Amsterdam","Noord-Holland",false,52.386023,4.921887,"injury","2","clear",false,1,"GM0363"
"20230046370",2023,"Uitsluitend materiele schade",1,"Fiets",\N,"Eenzijdig","Rechte weg",50,"Niet brandend","Daglicht","Droog",\N,"280340048","Havenstraat","Hilversum","Hilversum","Noord-Holland",false,52.220344,5.167945,"material damage only","4","clear",false,1,"GM0402"
"20230048116",2023,"Uitsluitend materiele schade",2,"Personenauto","Fiets","Onbekend","Rotonde",50,"Niet brandend","Daglicht","Droog",\N,\N,"Zeewolderweg","Zeewolde","Zeewolde","Flevoland",false,52.343871,5.528642,"material damage only","4","clear",false,1,"GM0050"
"20230049865",2023,"Letsel",2,"Fiets","Bromfiets","Geparkeerd voertuig","Rechte weg",30,"Niet aanwezig","Daglicht","Droog","Tunnel",\N,"Pijperring","Delft","Delft","Zuid-Holland",false,51.9919,4.349359,"injury","2","clear",false,1,"GM0503"
"20230049867",2023,"Uitsluitend materiele schade",2,"Bromfiets","Fiets","Onbekend","Rechte weg",50,"Niet brandend","Daglicht","Droog",\N,"170307023","Westvlietweg","'s-Gravenhage","'s-Gravenhage","Zuid-Holland",false,52.069612,4.372175,"material damage only","4","clear",false,1,"GM0518"
"20230053351",2023,"Uitsluitend materiele schade",2,"Personenauto","Fiets","Flank","Kruispunt, 4 takken",50,"Niet brandend","Daglicht","Droog",\N,\N,"Wilgenhoekweg","Serooskerke","Veere","Zeeland",false,51.543944,3.599842,"material damage only","4","clear",false,1,"GM0717"
"20230064565",2023,"Letsel",2,"Personenauto","Fiets","Flank","Kruispunt, 4 takken",60,"Niet aanwezig","Daglicht","Droog",\N,\N,"Staatsbos","Gieten","Aa en Hunze","Drenthe",false,52.989723,6.726485,"injury","2","clear",false,1,"GM1680"
"20230066554",2023,"Uitsluitend materiele schade",2,"Fiets","Fiets","Frontaal","Rechte weg",60,"Niet brandend","Daglicht","Droog",\N,"216384001","Ringweg","Spaarndam","Haarlemmermeer","Noord-Holland",false,52.41821,4.711534,"material damage only","4","clear",false,1,"GM0394"
"20230048786",2023,"Letsel",1,"Fiets",\N,"Eenzijdig","Rechte weg",50,"Brandend","Duisternis","Droog",\N,"600105434","Westduinweg","'s-Gravenhage","'s-Gravenhage","Zuid-Holland",false,52.094864,4.268661,"injury","2","clear",false,1,"GM0518"
"20230059854",2023,"Letsel",2,"Fiets","Trein/tram","Flank","Rechte weg",50,"Niet brandend","Daglicht","Droog",\N,"242374162","Rokin","Amsterdam","Amsterdam","Noord-Holland",false,52.371631,4.892762,"injury","2","clear",false,1,"GM0363"
"20230061291",2023,"Uitsluitend materiele schade",2,"Personenauto","Fiets","Flank","Kruispunt, 4 takken",50,"Niet brandend","Daglicht","Droog",\N,\N,"Parallelweg","Krimpen aan den IJssel","Krimpen aan den IJssel","Zuid-Holland",false,51.913158,4.580477,"material damage only","4","clear",false,1,"GM0542"
"20230061820",2023,"Letsel",2,"Fiets","Fiets","Onbekend","Rechte weg",60,"Brandend","Duisternis","Droog",\N,"180340004","Herenweg","Noordwijk","Noordwijk","Zuid-Holland",false,52.218738,4.438885,"injury","2","clear",false,1,"GM0575"
"20240127936",2024,"Letsel",2,"Fiets","Fiets","Frontaal","Rechte weg",30,"Brandend","Duisternis","Droog",\N,"600817457","Groenedijk","Sneek","Súdwest-Fryslân","Friesland",false,53.037969,5.676819,"injury","2","clear",false,1,"GM1900"
"20230065950",2023,"Letsel",2,"e-bike","Personenauto","Frontaal","Kruispunt, 3 takken",30,"Niet brandend","Daglicht","Droog",\N,\N,"Cornelis vd Werffstraat","Zandvoort","Zandvoort","Noord-Holland",false,52.36702,4.542384,"injury","2","clear",false,1,"GM0473"
"20230066098",2023,"Uitsluitend materiele schade",2,"Bromfiets","Fiets","Flank","Kruispunt, 3 takken",\N,"Niet brandend","Daglicht","Harde windstoten/Regen","Tunnel",\N,"Eerste Stationsstraat","Zoetermeer","Zoetermeer","Zuid-Holland",false,52.047927,4.492203,"material damage only","4","unknown",false,1,"GM0637"
"20240128682",2024,"Uitsluitend materiele schade",2,"Fiets","Personenauto","Flank","Rechte weg",50,"Niet brandend","Daglicht","Droog",\N,\N,"Maria in Campislaan","Assen","Assen","Drenthe",false,53.000147,6.546624,"material damage only","4","clear",false,1,"GM0106"
"20240133630",2024,"Letsel",2,"Snorfiets","Fiets","Frontaal","Rechte weg",30,"Brandend","Duisternis","Droog",\N,"154305017","Architect Krophollerkade","'s-Gravenhage","'s-Gravenhage","Zuid-Holland",true,52.059401,4.253772,"injury","2","clear",false,1,"GM0518"
"20230040594",2023,"Uitsluitend materiele schade",2,"Personenauto","Fiets","Flank","Rechte weg",50,"Niet brandend","Daglicht","Droog",\N,"167312007","Carel Reinierszkade","'s-Gravenhage","'s-Gravenhage","Zuid-Holland",false,52.088362,4.345882,"material damage only","4","clear",false,1,"GM0518"
"20230055163",2023,"Letsel",3,"Fiets","Fiets","Onbekend","Rechte weg",\N,"Niet brandend","Daglicht","Droog",\N,"600870541","Hoendiep","Groningen","Groningen","Groningen",false,53.214799,6.549114,"injury","2","clear",false,1,"GM0014"
"20230056882",2023,"Uitsluitend materiele schade",2,"Bromfiets","Fiets","Flank","Bocht",30,"Niet brandend","Daglicht","Regen",\N,\N,"Hatertseweg","Nijmegen","Nijmegen","Gelderland",false,51.828123,5.857402,"material damage only","4","rain",false,1,"GM0268"
"20230061308",2023,"Letsel",1,"Fiets",\N,"Eenzijdig","Bocht",30,"Brandend","Schemer","Droog",\N,\N,"Bij de Westermolens","'s-Gravenhage","'s-Gravenhage","Zuid-Holland",false,52.076486,4.295229,"injury","2","clear",false,1,"GM0518"
"20230065514",2023,"Letsel",2,"Fiets","Personenauto","Flank","Rotonde",50,"Niet brandend","Daglicht","Droog",\N,\N,"Bronckhorstlaan","Wijchen","Wijchen","Gelderland",false,51.810677,5.729951,"injury","2","clear",false,1,"GM0296"
"20230065675",2023,"Uitsluitend materiele schade",2,"Personenauto","Fiets","Frontaal","Kruispunt, 3 takken",30,"Niet brandend","Daglicht","Droog",\N,\N,"Skoallestrjitte","De Westereen","Dantumadiel","Friesland",false,53.255235,6.038016,"material damage only","4","clear",false,1,"GM1891"
"20230039465",2023,"Letsel",1,"Fiets",\N,"Geparkeerd voertuig",\N,30,"Brandend","Schemer","Droog","Parkeervoorziening","171307008","Groene Zoom","'s-Gravenhage","'s-Gravenhage","Zuid-Holland",false,52.066993,4.374717,"injury","2","clear",false,1,"GM0518"
"20230041786",2023,"Uitsluitend materiele schade",2,"Personenauto","Fiets","Flank","Kruispunt, 4 takken",50,"Niet brandend","Daglicht","Droog",\N,\N,"Meerenakkerweg","Eindhoven","Eindhoven","Noord-Brabant",false,51.432307,5.422072,"material damage only","4","clear",false,1,"GM0772"
"20230047051",2023,"Uitsluitend materiele schade",2,"Bestelauto","Fiets","Flank","Kruispunt, 4 takken",50,"Niet brandend","Daglicht","Droog",\N,\N,"Donaudreef","Utrecht","Utrecht","Utrecht",false,52.111935,5.125213,"material damage only","4","clear",false,1,"GM0344"
"20230054635",2023,"Uitsluitend materiele schade",2,"Personenauto","Fiets","Flank","Kruispunt, 4 takken",50,"Niet brandend","Daglicht","Droog",\N,\N,"Azalealaan","Helmond","Helmond","Noord-Brabant",false,51.477298,5.672277,"material damage only","4","clear",false,1,"GM0794"
"20230066152",2023,"Letsel",2,"Personenauto","Fiets","Flank","Kruispunt, 4 takken",50,"Niet brandend","Daglicht","Regen",\N,\N,"Boslaan","'s-Gravenhage","'s-Gravenhage","Zuid-Holland",false,52.083908,4.326324,"injury","2","rain",false,1,"GM0518"
"20230066544",2023,"Uitsluitend materiele schade",3,"Fiets","Fiets","Onbekend","Rechte weg",30,"Niet brandend","Daglicht","Droog","Tunnel","600616829","Stationstunnel","Hilversum","Hilversum","Noord-Holland",false,52.226044,5.179991,"material damage only","4","clear",false,1,"GM0402"
"20240130045",2024,"Uitsluitend materiele schade",3,"Personenauto","Fiets","Onbekend","Rechte weg",50,"Brandend","Schemer","Regen",\N,\N,"De Liesbosch","Nieuwegein","Nieuwegein","Utrecht",false,52.052573,5.110816,"material damage only","4","rain",false,1,"GM0356"
"20240130177",2024,"Uitsluitend materiele schade",2,"Personenauto","Fiets","Onbekend","Rotonde",50,"Niet brandend","Daglicht","Droog",\N,\N,"Burg van Tuyllkade","Utrecht","Utrecht","Utrecht",false,52.110198,5.092159,"material damage only","4","clear",false,1,"GM0344"
"20240131136",2024,"Uitsluitend materiele schade",2,"Personenauto","Fiets","Vast voorwerp","Rechte weg",30,"Brandend","Duisternis","Droog",\N,"600363073","Spuistraat","Amsterdam","Amsterdam","Noord-Holland",false,52.370701,4.889176,"material damage only","4","clear",false,1,"GM0363"
"20240131143",2024,"Uitsluitend materiele schade",2,"Personenauto","Fiets","Flank","Rotonde",50,"Niet brandend","Daglicht","Droog",\N,\N,"Marquettelaan","Heemskerk","Heemskerk","Noord-Holland",false,52.516653,4.652544,"material damage only","4","clear",false,1,"GM0396"
"20230040649",2023,"Letsel",2,"Fiets","Voetganger","Voetganger","Rechte weg",\N,"Niet brandend","Daglicht","Droog",\N,"237370081","VONDELPARK","Amsterdam","Amsterdam","Noord-Holland",false,52.354947,4.855812,"injury","2","clear",false,1,"GM0363"
"20230050001",2023,"Letsel",1,"Fiets",\N,"Eenzijdig","Bocht",50,"Niet brandend","Daglicht","Droog",\N,"600159286","Laan van Meerdervoort","'s-Gravenhage","'s-Gravenhage","Zuid-Holland",false,52.074544,4.265374,"injury","2","clear",false,1,"GM0518"
"20230052320",2023,"Uitsluitend materiele schade",2,"Personenauto","Fiets","Flank","Rotonde",50,"Niet brandend","Daglicht","Droog",\N,\N,"John Mottweg","Rotterdam","Rotterdam","Zuid-Holland",false,51.956788,4.532127,"material damage only","4","clear",false,1,"GM0599"
"20230052917",2023,"Letsel",2,"Fiets","Motor","Frontaal","Rechte weg",80,"Niet brandend","Daglicht","Droog",\N,"154266043","Botlekweg","Botlek Rotterdam","Rotterdam","Zuid-Holland",false,51.88159,4.261427,"injury","2","clear",false,1,"GM0599"
"20240131431",2024,"Letsel",2,"Bromfiets","Fiets","Frontaal","Kruispunt, 4 takken",30,"Niet brandend","Daglicht","Regen",\N,\N,"Gedempte Oude Gracht","Haarlem","Haarlem","Noord-Holland",false,52.377868,4.637937,"injury","2","rain",false,1,"GM0392"
"20240131814",2024,"Letsel",2,"Fiets","Personenauto","Onbekend","Kruispunt, 4 takken",50,"Niet brandend","Daglicht","Droog",\N,\N,"De Strip","Zwaag","Hoorn","Noord-Holland",false,52.669966,5.091471,"injury","2","clear",false,1,"GM0405"
"20230043590",2023,"Uitsluitend materiele schade",2,"Personenauto","Fiets","Flank","Rotonde",50,"Niet brandend","Daglicht","Droog",\N,\N,"Scholtis Coopmansstraat","Venlo","Venlo","Limburg",false,51.370738,6.14686,"material damage only","4","clear",false,1,"GM0983"
"20230052357",2023,"Uitsluitend materiele schade",3,"Personenauto","Fiets","Onbekend","Rechte weg",50,"Niet brandend","Daglicht","Droog",\N,"180272066","Aelbrechtskade","Rotterdam","Rotterdam","Zuid-Holland",false,51.911822,4.448083,"material damage only","4","clear",false,1,"GM0599"
"20230053554",2023,"Uitsluitend materiele schade",2,"Personenauto","Fiets","Flank","Kruispunt, 4 takken",50,"Niet brandend","Daglicht","Droog",\N,\N,"Zwanenstraat","Venlo","Venlo","Limburg",false,51.358839,6.166253,"material damage only","4","clear",false,1,"GM0983"
"20230056996",2023,"Letsel",2,"Fiets","Fiets","Onbekend","Rechte weg",30,"Niet brandend","Daglicht",\N,\N,"480376002","Plesmanweg","Almelo","Almelo","Overijssel",false,52.37236,6.640309,"injury","2","unknown",false,1,"GM0141"
"20230057004",2023,"Letsel",2,"Personenauto","Fiets","Flank","Kruispunt, 3 takken",50,"Niet aanwezig","Daglicht","Droog","Tunnel",\N,"Weurtseweg","Nijmegen","Nijmegen","Gelderland",false,51.853901,5.837974,"injury","2","clear",false,1,"GM0268"
"20230057017",2023,"Uitsluitend materiele schade",2,"Personenauto","Fiets","Flank","Kruispunt, 3 takken",50,"Niet brandend","Daglicht","Droog",\N,\N,"Muntweg","Nijmegen","Nijmegen","Gelderland",false,51.831291,5.840392,"material damage only","4","clear",false,1,"GM0268"
"20240132762",2024,"Uitsluitend materiele schade",3,"Trein/tram","Fiets","Frontaal","Rotonde",50,"Niet brandend","Daglicht","Droog",\N,\N,"Papsouwselaan","Delft","Delft","Zuid-Holland",false,51.997339,4.355203,"material damage only","4","clear",false,1,"GM0503"
"20240132101",2024,"Uitsluitend materiele schade",2,"Fiets","Fiets","Flank","Rechte weg",30,"Niet brandend","Daglicht","Droog",\N,"222398003","Oranjeboomkade","Assendelft","Zaanstad","Noord-Holland",false,52.476925,4.744417,"material damage only","4","clear",false,1,"GM0479"
"20230038423",2023,"Letsel",2,"Fiets","Lichtmast","Vast voorwerp","Rotonde",30,"Niet brandend","Daglicht","Droog",\N,\N,"Beltmolen","Nunspeet","Nunspeet","Gelderland",false,52.385712,5.790018,"injury","2","clear",false,1,"GM0302"
"20220228040",2022,"Uitsluitend materiele schade",2,"Personenauto","Fiets","Frontaal","Bocht",30,"Brandend","Duisternis","Droog",\N,"600134549","Parade","'s-Hertogenbosch","'s-Hertogenbosch","Noord-Brabant",false,51.686826,5.307335,"material damage only","4","clear",false,1,"GM0796"
"20220211548",2022,"Letsel",2,"Fiets","Overig wegmeubilair","Vast voorwerp","Kruispunt, 4 takken",50,"Brandend","Duisternis","Droog",\N,\N,"Emmastraat","Amsterdam","Amsterdam","Noord-Holland",false,52.353094,4.869856,"injury","2","clear",false,1,"GM0363"
"20220220945",2022,"Uitsluitend materiele schade",3,"Personenauto","Fiets","Geparkeerd voertuig","Rechte weg",50,"Niet brandend","Daglicht","Droog","Parkeervoorziening","600607910","Marelstraat","Maassluis","Maassluis","Zuid-Holland",false,51.923247,4.252934,"material damage only","4","clear",false,1,"GM0556"
"20220221647",2022,"Letsel",2,"Personenauto","Fiets","Onbekend","Rotonde",50,\N,"Duisternis","Droog",\N,\N,"J.A. Heijwegenlaan","Spijkenisse","Nissewaard","Zuid-Holland",false,51.850077,4.317897,"injury","2","clear",false,1,"GM1930"
"20220047648",2022,"Dodelijk",2,"e-bike","Voetganger","Voetganger","Rechte weg",30,"Brandend","Duisternis","Regen",\N,"473344087","De Weverij","Goor","Hof van Twente","Overijssel",true,52.231019,6.584729,"fatal","1","rain",false,1,"GM1735"
"20220217341",2022,"Letsel",2,"Personenauto","Fiets","Geparkeerd voertuig","Rechte weg",50,"Niet brandend","Daglicht","Droog","Parkeervoorziening","160305046","Hoefkade","'s-Gravenhage","'s-Gravenhage","Zuid-Holland",false,52.060323,4.294911,"injury","2","clear",false,1,"GM0518"
"20220219455",2022,"Uitsluitend materiele schade",2,"e-bike","Bestelauto","Flank","Kruispunt, 4 takken",50,"Brandend","Duisternis","Regen",\N,\N,"Museumpark","Rotterdam","Rotterdam","Zuid-Holland",false,51.914192,4.469498,"material damage only","4","rain",false,1,"GM0599"
"20220198983",2022,"Uitsluitend materiele schade",2,"e-bike","Personenauto","Flank","Kruispunt, 4 takken",50,"Niet brandend","Daglicht","Droog",\N,\N,"Barneveldseweg","Nijkerk","Nijkerk","Gelderland",false,52.216204,5.476479,"material damage only","4","clear",false,1,"GM0267"
"20220065651",2022,"Dodelijk",2,"Fiets","e-bike","Frontaal","Rechte weg",80,"Niet brandend","Duisternis","Droog",\N,\N,"Rijksweg","Rijen","Gilze en Rijen","Noord-Brabant",false,51.575637,4.933603,"fatal","1","clear",false,1,"GM0784"
"20220230086",2022,"Dodelijk",2,"Bestelauto","e-bike","Flank","Kruispunt, 4 takken",30,"Brandend","Duisternis","Droog",\N,\N,"Houtstraat","Grevenbicht","Sittard-Geleen","Limburg",false,51.038621,5.775681,"fatal","1","clear",false,1,"GM1883"
"20220213692",2022,"Letsel",2,"Fiets","Fiets","Onbekend",\N,30,\N,"Daglicht",\N,\N,"166315008","Van Brienenlaan","Wassenaar","Wassenaar","Zuid-Holland",false,52.102099,4.339821,"injury","2","unknown",false,1,"GM0629"
"20220216009",2022,"Letsel",1,"Fiets",\N,"Eenzijdig","Rechte weg",50,"Niet brandend","Daglicht","Droog",\N,"155310047","Goudenregenstraat","'s-Gravenhage","'s-Gravenhage","Zuid-Holland",false,52.078203,4.262268,"injury","2","clear",false,1,"GM0518"
"20220221718",2022,"Letsel",3,"Personenauto","Fiets","Onbekend","Rotonde",30,"Brandend","Duisternis","Droog",\N,\N,"Nieuwe Haven","Schiedam","Schiedam","Zuid-Holland",false,51.912321,4.399403,"injury","2","clear",false,1,"GM0606"
"20220199695",2022,"Uitsluitend materiele schade",2,"Personenauto","Fiets","Flank","Kruispunt, 3 takken",50,"Niet aanwezig","Daglicht","Droog",\N,\N,"Barneveldseweg","Nijkerk","Nijkerk","Gelderland",false,52.209701,5.492724,"material damage only","4","clear",false,1,"GM0267"