"accident_id","year","severity_raw","party_count","party1_type","party2_type","accident_type","road_situation","speed_limit_kmh","road_lighting","light_condition_label","weather_raw","infra_type","road_segment_id","street_name","place_name","gemeente_name_raw","province","alcohol_indicated","latitude","longitude","severity_label","severity_code","weather_label","built_up_area","cyclists_involved","gemeente_code"
"20220216048",2022,"Uitsluitend materiele schade",2,"Personenauto","Fiets","Frontaal","Kruispunt, 3 takken",30,"Niet aanwezig","Daglicht","Droog",\N,\N,"Jan Luykenlaan","'s-Gravenhage","'s-Gravenhage","Zuid-Holland",false,52.052534,4.297538,"material damage only","4","clear",false,1,"GM0518"
"20220231515",2022,"Uitsluitend materiele schade",2,"Bromfiets","Fiets","Flank","Rechte weg",30,"Brandend","Duisternis","Regen",\N,"353035139","Vissersmaas","Maastricht","Maastricht","Limburg",false,50.849029,5.694478,"material damage only","4","rain",false,1,"GM0935"
"20220215337",2022,"Uitsluitend materiele schade",2,"Fiets","Scootmobiel","Flank","Rechte weg",30,"Niet brandend","Daglicht","Droog",\N,"600671357","Papsouwselaan","Delft","Delft","Zuid-Holland",false,51.99866,4.355163,"material damage only","4","clear",false,1,"GM0503"
"20220217477",2022,"Uitsluitend materiele schade",2,"Bromfiets","Fiets","Frontaal","Rechte weg",50,"Niet brandend","Daglicht","Regen",\N,"168292141","Industriestraat","Delft","Delft","Zuid-Holland",false,52.001418,4.355524,"material damage only","4","rain",false,1,"GM0503"
"20220227456",2022,"Uitsluitend materiele schade",2,"Fiets","Fiets","Frontaal","Rechte weg",30,"Niet brandend","Daglicht","Droog",\N,"600801137","Hoogstraat","Eindhoven","Eindhoven","Noord-Brabant",false,51.42763,5.464138,"material damage only","4","clear",false,1,"GM0772"
"20220228246",2022,"Uitsluitend materiele schade",2,"Snorfiets","Fiets","Kop/staart","Kruispunt, 4 takken",\N,"Niet brandend","Daglicht","Droog",\N,\N,"FIETSPAD","Eindhoven","Eindhoven","Noord-Brabant",false,51.416998,5.465569,"material damage only","4","clear",false,1,"GM0772"
"20220210325",2022,"Letsel",2,"Bromfiets","Fiets","Frontaal","Bocht",50,"Brandend","Duisternis","Droog",\N,"246369144","Prins Bernhardplein","Amsterdam","Amsterdam","Noord-Holland",false,52.348804,4.918709,"injury","2","clear",false,1,"GM0363"
"20220211094",2022,"Uitsluitend materiele schade",2,"Snorfiets","Fiets","Kop/staart","Rechte weg",30,"Brandend","Duisternis","Droog",\N,"600893578","Piet Heinkade","Amsterdam","Amsterdam","Noord-Holland",false,52.376577,4.919963,"material damage only","4","clear",false,1,"GM0363"
"20220212449",2022,"Letsel",2,"Bestelauto","Fiets","Eenzijdig","Kruispunt, 4 takken",30,"Niet brandend","Daglicht","Regen",\N,\N,"Stadhouderslaan","Amstelveen","Amstelveen","Noord-Holland",false,52.315569,4.851842,"injury","2","rain",false,1,"GM0362"
"20220213805",2022,"Letsel",2,"Fiets","Fiets","Flank","Rechte weg",15,"Niet brandend","Daglicht","Droog",\N,"161312096","Javastraat","'s-Gravenhage","'s-Gravenhage","Zuid-Holland",false,52.0882,4.3047,"injury","2","clear",false,1,"GM0518"
"20220214679",2022,"Letsel",2,"Personenauto","e-bike","Flank","Kruispunt, 4 takken",30,"Niet brandend","Schemer","Regen",\N,\N,"Blommesteinsingel","Gouda","Gouda","Zuid-Holland",false,52.029632,4.705566,"injury","2","rain",false,1,"GM0513"
"20220216107",2022,"Letsel",2,"Personenauto","Fiets","Flank","Rechte weg",30,"Brandend","Duisternis","Droog",\N,"600252699","van Ruysdaellaan","Leidschendam","Leidschendam-Voorburg","Zuid-Holland",false,52.087209,4.388802,"injury","2","clear",false,1,"GM1916"
"20220204853",2022,"Letsel",3,"Personenauto","e-bike","Los voorwerp","Kruispunt, 4 takken",30,"Niet brandend","Daglicht","Regen",\N,\N,"Rotterdamweg","Almere","Almere","Flevoland",false,52.36157,5.20514,"injury","2","rain",false,1,"GM0034"
"20220213874",2022,"Letsel",2,"Fiets","Lichtmast","Vast voorwerp","Rechte weg",30,"Niet brandend","Daglicht","Droog",\N,"189328027","Lage Rijndijk","Leiden","Leiden","Zuid-Holland",false,52.161783,4.505809,"injury","2","clear",false,1,"GM0546"
"20220215419",2022,"Letsel",2,"Bromfiets","e-bike","Flank","Kruispunt, 4 takken",30,"Brandend","Duisternis","Droog",\N,\N,"Betty van Niftrikweg","Leiden","Leiden","Zuid-Holland",false,52.152907,4.45654,"injury","2","clear",false,1,"GM0546"
"20220219688",2022,"Uitsluitend materiele schade",2,"Personenauto","Fiets","Los voorwerp","Kruispunt, 3 takken",30,"Brandend","Duisternis","Droog",\N,\N,"Boergoensevliet","Rotterdam","Rotterdam","Zuid-Holland",false,51.890615,4.468942,"material damage only","4","clear",false,1,"GM0599"
"20220223832",2022,"Uitsluitend materiele schade",2,"Personenauto","Fiets","Flank","Rotonde",50,"Niet brandend","Daglicht","Droog",\N,\N,"Houthavenweg","Oosterhout","Oosterhout","Noord-Brabant",false,51.638288,4.847695,"material damage only","4","clear",false,1,"GM0826"
"20220227524",2022,"Uitsluitend materiele schade",2,"Bestelauto","Fiets","Flank","Kruispunt, 4 takken",50,"Niet brandend","Daglicht","Droog",\N,\N,"Hoogheuvelstraat","Oss","Oss","Noord-Brabant",false,51.756608,5.545966,"material damage only","4","clear",false,1,"GM0828"
"20220229083",2022,"Uitsluitend materiele schade",2,"Personenauto","Fiets","Flank","Kruispunt, 3 takken",30,"Niet brandend","Daglicht","Droog",\N,\N,"Onderwijsboulevard","'s-Hertogenbosch","'s-Hertogenbosch","Noord-Brabant",false,51.691299,5.28855,"material damage only","4","clear",false,1,"GM0796"
"20220230961",2022,"Uitsluitend materiele schade",1,"Fiets",\N,"Eenzijdig","Bocht",50,"Niet brandend","Daglicht","Droog",\N,"354036033","Membredestraat","Maastricht","Maastricht","Limburg",false,50.853478,5.700643,"material damage only","4","clear",false,1,"GM0935"
"20220199179",2022,"Uitsluitend materiele schade",2,"Personenauto","Fiets","Flank","Rechte weg",30,"Brandend","Duisternis","Droog",\N,"600842491","Kanaal Noord","Apeldoorn","Apeldoorn","Gelderland",false,52.211177,5.976174,"material damage only","4","clear",false,1,"GM0200"
"20220203424",2022,"Letsel",1,"Fiets",\N,"Eenzijdig",\N,50,\N,"Daglicht",\N,\N,"272313072","Adelaarstraat","Utrecht","Utrecht","Utrecht",false,52.098865,5.114668,"injury","2","unknown",false,1,"GM0344"
"20220207661",2022,"Uitsluitend materiele schade",2,"Personenauto","Fiets","Flank","Kruispunt, 3 takken",30,"Brandend","Duisternis","Droog",\N,\N,"Jan Ligthartstraat","Heemskerk","Heemskerk","Noord-Holland",false,52.504537,4.666886,"material damage only","4","clear",false,1,"GM0396"
"20220213891",2022,"Letsel",2,"Fiets","Personenauto","Flank","Rechte weg",50,"Niet brandend","Daglicht","Regen",\N,"164308043","Pletterijkade","'s-Gravenhage","'s-Gravenhage","Zuid-Holland",false,52.073312,4.323812,"injury","2","rain",false,1,"GM0518"
"20220216208",2022,"Letsel",2,"Personenauto","Fiets","Flank","Kruispunt, 4 takken",50,"Niet brandend","Daglicht","Droog",\N,\N,"Delftsewallen","Zoetermeer","Zoetermeer","Zuid-Holland",false,52.055357,4.494909,"injury","2","clear",false,1,"GM0637"
"20220204235",2022,"Letsel",2,"Personenauto","Fiets","Flank","Kruispunt, 4 takken",30,"Niet brandend","Daglicht","Droog",\N,\N,"Chicagostraat","Almere","Almere","Flevoland",false,52.395838,5.274952,"injury","2","clear",false,1,"GM0034"
"20220229867",2022,"Uitsluitend materiele schade",2,"Snorfiets","Fiets","Flank","Rechte weg",\N,"Niet brandend","Daglicht","Droog",\N,\N,"Kasteel-Traverse","Helmond","Helmond","Noord-Brabant",false,51.477247,5.662656,"material damage only","4","clear",false,1,"GM0794"
"20220206896",2022,"Uitsluitend materiele schade",2,"Fiets","Fiets","Flank","Rechte weg",30,"Niet brandend","Daglicht","Droog",\N,\N,"Sint Sebastiaanstraat","Alkmaar","Alkmaar","Noord-Holland",false,52.633496,4.745261,"material damage only","4","clear",false,1,"GM0361"
"20220207762",2022,"Uitsluitend materiele schade",2,"Personenauto","Fiets","Flank","Rotonde",50,"Niet brandend","Daglicht","Droog",\N,\N,"Cornelis Bruijnzeelweg","Zaandam","Zaanstad","Noord-Holland",false,52.426953,4.821628,"material damage only","4","clear",false,1,"GM0479"
"20220208591",2022,"Uitsluitend materiele schade",2,"Snorfiets","Fiets","Onbekend","Kruispunt, 3 takken",50,"Brandend","Schemer","Droog",\N,\N,"Morgensterstraat","Zaandam","Zaanstad","Noord-Holland",false,52.433798,4.839163,"material damage only","4","clear",false,1,"GM0479"
"20220210547",2022,"Uitsluitend materiele schade",2,"Bromfiets","Fiets","Kop/staart","Rechte weg",50,"Niet brandend","Daglicht","Droog",\N,"600760515","Contactweg","Amsterdam","Amsterdam","Noord-Holland",false,52.396444,4.855135,"material damage only","4","clear",false,1,"GM0363"
"20220211269",2022,"Uitsluitend materiele schade",2,"Personenauto","e-bike","Flank","Rechte weg",30,"Niet brandend","Daglicht","Droog",\N,"238354095","Punter","Amstelveen","Amstelveen","Noord-Holland",false,52.281334,4.862589,"material damage only","4","clear",false,1,"GM0362"
"20220222016",2022,"Letsel",2,"Personenauto","Fiets","Flank","Kruispunt, 4 takken",30,"Niet brandend","Schemer","Droog",\N,\N,"Wouter van den Walestr","Heinenoord","Hoeksche Waard","Zuid-Holland",false,51.825449,4.477731,"injury","2","clear",false,1,"GM1963"
"20220228504",2022,"Uitsluitend materiele schade",2,"Personenauto","Fiets","Flank","Rechte weg",30,"Brandend","Schemer","Regen",\N,"600794922","Smelen","Veldhoven","Veldhoven","Noord-Brabant",false,51.432348,5.395349,"material damage only","4","rain",false,1,"GM0861"
"20220211311",2022,"Uitsluitend materiele schade",2,"Personenauto","Fiets","Flank","Kruispunt, 3 takken",30,"Brandend","Duisternis","Regen",\N,\N,"Jasmijnstraat","Amsterdam","Amsterdam","Noord-Holland",false,52.38803,4.909184,"material damage only","4","rain",false,1,"GM0363"
"20220215601",2022,"Uitsluitend materiele schade",3,"Personenauto","Fiets","Vast voorwerp","Rotonde",50,"Niet brandend","Schemer","Droog",\N,\N,"Van Oldenbarneveltweg","Wassenaar","Wassenaar","Zuid-Holland",false,52.141472,4.399417,"material damage only","4","clear",false,1,"GM0629"
"20220229254",2022,"Uitsluitend materiele schade",3,"Bestelauto","Fiets","Los voorwerp","Bocht",50,"Brandend","Schemer","Regen",\N,"600918889","Nuenenseweg","Geldrop","Geldrop-Mierlo","Noord-Brabant",false,51.426943,5.56649,"material damage only","4","rain",false,1,"GM1771"
"20220199362",2022,"Uitsluitend materiele schade",1,"Fiets",\N,"Onbekend","Rechte weg",30,"Niet brandend","Daglicht","Droog",\N,"400409086","Wildwalstraat","Zwolle","Zwolle","Overijssel",false,52.527948,6.053076,"material damage only","4","clear",false,1,"GM0193"
"20220202798",2022,"Uitsluitend materiele schade",2,"Bromfiets","Fiets","Kop/staart","Rechte weg",50,"Brandend","Duisternis","Regen",\N,"600200108","Vredenburgkade","Utrecht","Utrecht","Utrecht",false,52.092329,5.112659,"material damage only","4","rain",false,1,"GM0344"
"20220203608",2022,"Uitsluitend materiele schade",2,"Personenauto","Fiets","Flank","Kruispunt, 4 takken",30,"Brandend","Duisternis","Regen",\N,\N,"Boerhaavestraat","Hilversum","Hilversum","Noord-Holland",false,52.227841,5.183936,"material damage only","4","rain",false,1,"GM0402"
"20220162497",2022,"Dodelijk",3,"Fiets","Fiets","Kop/staart","Rechte weg",60,"Niet brandend","Daglicht","Droog",\N,"600645746","Zevenhuisterweg","Nieuw-Roden","Noordenveld","Drenthe",false,53.12377,6.381863,"fatal","1","clear",false,1,"GM1699"
"20220211323",2022,"Letsel",3,"Bestelauto","Fiets","Eenzijdig","Rotonde",\N,"Niet brandend","Daglicht","Droog",\N,\N,"Keizer Karelweg","Amstelveen","Amstelveen","Noord-Holland",false,52.299741,4.855332,"injury","2","clear",false,1,"GM0362"
"20220211349",2022,"Letsel",2,"Personenauto","Fiets","Frontaal","Kruispunt, 4 takken",50,"Niet brandend","Daglicht","Regen",\N,\N,"Johan Huizingalaan","Amsterdam","Amsterdam","Noord-Holland",false,52.363809,4.82701,"injury","2","rain",false,1,"GM0363"
"20220221423",2022,"Letsel",2,"Personenauto","e-bike","Flank","Rotonde",50,"Brandend","Daglicht","Droog",\N,\N,"Zuiderparklaan","Bergschenhoek","Lansingerland","Zuid-Holland",false,51.983505,4.492077,"injury","2","clear",false,1,"GM1621"
"20220227793",2022,"Uitsluitend materiele schade",2,"Personenauto","Fiets","Flank","Kruispunt, 4 takken",\N,"Niet brandend","Daglicht","Droog",\N,\N,"Willem de Zwijgerweg","Best","Best","Noord-Brabant",false,51.502218,5.39072,"material damage only","4","clear",false,1,"GM0753"
"20220229284",2022,"Uitsluitend materiele schade",2,"Personenauto","Fiets","Frontaal","Kruispunt, 3 takken",30,"Niet brandend","Daglicht","Droog",\N,\N,"Margrietlaan","Helmond","Helmond","Noord-Brabant",false,51.479509,5.67274,"material damage only","4","clear",false,1,"GM0794"
"20220187406",2022,"Dodelijk",2,"Personenauto","Fiets","Flank","Kruispunt, 4 takken",50,"Niet brandend","Daglicht","Droog","Brug/viaduct",\N,"Draepkilweg","Werkendam","Altena","Noord-Brabant",false,51.798484,4.897228,"fatal","1","clear",false,1,"GM1959"
"20220208010",2022,"Uitsluitend materiele schade",2,"Bestelauto","Fiets","Flank","Kruispunt, 4 takken",30,"Niet brandend","Daglicht","Regen",\N,\N,"Kadijk","Heemskerk","Heemskerk","Noord-Holland",false,52.493031,4.687731,"material damage only","4","rain",false,1,"GM0396"
"20220213380",2022,"Letsel",2,"Personenauto","Fiets","Flank","Bocht",30,"Niet brandend","Daglicht","Droog",\N,\N,"Spekkelaan","Lisse","Lisse","Zuid-Holland",false,52.257282,4.544993,"injury","2","clear",false,1,"GM0553"
"20220203717",2022,"Uitsluitend materiele schade",2,"Snorfiets","Fiets","Flank","Kruispunt, 4 takken",50,"Niet brandend","Daglicht","Droog",\N,\N,"Kasaidreef","Utrecht","Utrecht","Utrecht",false,52.117761,5.107684,"material damage only","4","clear",false,1,"GM0344"
"20220213531",2022,"Letsel",1,"Fiets",\N,"Eenzijdig","Rechte weg",50,"Brandend","Duisternis","Droog",\N,\N,"Edisonstraat","'s-Gravenhage","'s-Gravenhage","Zuid-Holland",false,52.076665,4.271644,"injury","2","clear",false,1,"GM0518"
"20220202967",2022,"Letsel",2,"Snorfiets","Fiets","Onbekend","Rechte weg",30,"Brandend","Duisternis","Droog",\N,"268290004","Ringdijk","Vianen","Vijfheerenlanden","Utrecht",false,51.993936,5.085616,"injury","2","clear",false,1,"GM1961"
"20220206528",2022,"Letsel",1,"Fiets",\N,"Eenzijdig","Rechte weg",30,"Niet brandend","Daglicht","Droog",\N,\N,"Stationsweg","Castricum","Castricum","Noord-Holland",false,52.546344,4.658898,"injury","2","clear",false,1,"GM0383"
"20220199633",2022,"Dodelijk",2,"Personenauto","Fiets","Flank","Kruispunt, 3 takken",50,"Brandend","Daglicht","Droog",\N,\N,"Sloetsweg","Hengelo","Hengelo (O)","Overijssel",false,52.271838,6.806398,"fatal","1","clear",false,1,\N
"20220201423",2022,"Dodelijk",2,"Personenauto","e-bike","Flank","Kruispunt, 3 takken",50,"Niet brandend","Daglicht","Droog",\N,\N,"Rijssensestraat","Nijverdal","Hellendoorn","Overijssel",false,52.35808,6.463622,"fatal","1","clear",false,1,"GM0163"
"20220208923",2022,"Uitsluitend materiele schade",2,"e-bike","Bromfiets","Onbekend","Kruispunt, 4 takken",\N,"Niet brandend","Daglicht","Regen",\N,\N,"Gordel van Smaragd","Purmerend","Purmerend","Noord-Holland",false,52.496235,4.944032,"material damage only","4","rain",false,1,"GM0439"
"20220208927",2022,"Letsel",2,"Personenauto","Fiets","Flank","Rotonde",50,"Niet brandend","Duisternis","Droog",\N,\N,"Lotte Beesedijk","Heerhugowaard","Dijk en Waard","Noord-Holland",false,52.643118,4.816492,"injury","2","clear",false,1,"GM1980"
"20220213540",2022,"Letsel",1,"Fiets",\N,"Eenzijdig","Kruispunt, 4 takken",30,"Niet brandend","Daglicht","Droog",\N,\N,"Westvest","Delft","Delft","Zuid-Holland",false,52.009312,4.355957,"injury","2","clear",false,1,"GM0503"
"20220214268",2022,"Letsel",2,"Fiets","Bestelauto","Flank","Kruispunt, 4 takken",50,"Brandend","Duisternis","Droog",\N,\N,"Hoefkade","'s-Gravenhage","'s-Gravenhage","Zuid-Holland",false,52.062884,4.301649,"injury","2","clear",false,1,"GM0518"
"20220217953",2022,"Letsel",1,"Fiets",\N,"Eenzijdig",\N,30,\N,"Duisternis",\N,\N,"219301024","Dunantlaan","Reeuwijk","Bodegraven-Reeuwijk","Zuid-Holland",false,52.04524,4.725985,"injury","2","unknown",false,1,"GM1901"
"20220220880",2022,"Letsel",2,"Bromfiets","Fiets","Eenzijdig","Kruispunt, 4 takken",50,"Niet brandend","Daglicht","Droog",\N,\N,"Bosdreef","Rotterdam","Rotterdam","Zuid-Holland",false,51.936746,4.499147,"injury","2","clear",false,1,"GM0599"
"20240140377",2024,"Letsel",2,"Personenauto","Fiets","Flank","Kruispunt, 4 takken",50,"Brandend","Duisternis","Regen",\N,\N,"Brugplein","Almere","Almere","Flevoland",false,52.40851,5.25354,"injury","2","rain",false,1,"GM0034"
"20240140947",2024,"Uitsluitend materiele schade",2,"Fiets","Fiets","Frontaal","Rechte weg",\N,"Brandend","Duisternis","Regen",\N,"600459397","van der Krolstraat","Nijkerk","Nijkerk","Gelderland",false,52.208056,5.467571,"material damage only","4","rain",false,1,"GM0267"
"20240143703",2024,"Letsel",2,"Fiets","Personenauto","Onbekend","Rechte weg",30,"Niet brandend","Daglicht","Droog/Mist",\N,"211338007","Herenweg","Rijnsaterwoude","Kaag en Braassem","Zuid-Holland",false,52.204434,4.669167,"injury","2","unknown",false,1,"GM1884"
"20240137094",2024,"Letsel",2,"Fiets","Personenauto","Flank","Rotonde",50,"Brandend","Daglicht","Droog",\N,\N,"Beeldsnijdersdreef","Maastricht","Maastricht","Limburg",false,50.847807,5.663385,"injury","2","clear",false,1,"GM0935"
"20240137729",2024,"Uitsluitend materiele schade",2,"Bestelauto","Fiets","Onbekend","Kruispunt, 4 takken",50,"Niet brandend","Daglicht","Droog",\N,\N,"Dr Saal v Zwanenbergsngl","Oss","Oss","Noord-Brabant",false,51.758978,5.518529,"material damage only","4","clear",false,1,"GM0828"
"20240140654",2024,"Uitsluitend materiele schade",2,"Personenauto","Fiets","Flank","Kruispunt, 4 takken",30,"Niet brandend","Daglicht","Regen",\N,\N,"Muyskenweg","Utrecht","Utrecht","Utrecht",false,52.110971,5.082244,"material damage only","4","rain",false,1,"GM0344"
"20240138400",2024,"Uitsluitend materiele schade",2,"Personenauto","e-bike","Flank","Rotonde",50,"Niet brandend","Daglicht","Droog",\N,\N,"Enschedesestraat","Losser","Losser","Overijssel",false,52.262731,6.994734,"material damage only","4","clear",false,1,"GM0168"
"20240140225",2024,"Uitsluitend materiele schade",1,"Fiets",\N,"Onbekend","Rotonde",\N,"Niet brandend","Daglicht","Droog",\N,\N,"Ir. Enschedéweg","Kamerik","Woerden","Utrecht",false,52.16135,4.909048,"material damage only","4","clear",false,1,"GM0632"
"20240141751",2024,"Uitsluitend materiele schade",2,"Personenauto","Fiets","Flank","Kruispunt, 4 takken",50,"Brandend","Duisternis","Droog",\N,\N,"Beneluxbaan","Amstelveen","Amstelveen","Noord-Holland",false,52.30341,4.870627,"material damage only","4","clear",false,1,"GM0362"
"20240143200",2024,"Letsel",2,"Fiets","Personenauto","Onbekend","Rechte weg",30,"Brandend","Duisternis","Droog",\N,\N,"Mr P D Fortuynwg","'s-Gravenhage","'s-Gravenhage","Zuid-Holland",false,52.054856,4.290685,"injury","2","clear",false,1,"GM0518"
"20240143751",2024,"Letsel",2,"Personenauto","Fiets","Onbekend","Kruispunt, 3 takken",50,"Niet aanwezig","Daglicht","Droog",\N,\N,"Aart van der Leeuwlaan","Delft","Delft","Zuid-Holland",false,51.991883,4.352714,"injury","2","clear",false,1,"GM0503"
"20240148488",2024,"Uitsluitend materiele schade",2,"Personenauto","Fiets","Flank","Rotonde",50,"Niet brandend","Daglicht","Regen",\N,\N,"Noorderweg","Leeuwarden","Leeuwarden","Friesland",false,53.205721,5.797826,"material damage only","4","rain",false,1,"GM0080"
"20240134050",2024,"Letsel",1,"Fiets",\N,"Eenzijdig","Rechte weg",\N,"Niet brandend","Daglicht","Droog",\N,"168303014","Laan van Hoornwijck","'s-Gravenhage","'s-Gravenhage","Zuid-Holland",false,52.047946,4.354279,"injury","2","clear",false,1,"GM0518"
"20240143240",2024,"Uitsluitend materiele schade",2,"Personenauto","Fiets","Flank","Kruispunt, 4 takken",50,"Brandend","Duisternis","Mist",\N,\N,"Erasmusweg","'s-Gravenhage","'s-Gravenhage","Zuid-Holland",false,52.047287,4.293178,"material damage only","4","fog",false,1,"GM0518"
"20240138462",2024,"Letsel",2,"Personenauto","Fiets","Flank","Kruispunt, 4 takken",50,"Niet brandend","Daglicht","Droog",\N,\N,"Herman Kuijkstraat","Geldermalsen","West Betuwe","Gelderland",false,51.882432,5.289806,"injury","2","clear",false,1,"GM1960"
"20240140293",2024,"Letsel",2,"Fiets","Personenauto","Flank","Rotonde",50,"Niet brandend","Schemer","Droog",\N,"259311114","Landschapsbaan","Vleuten","Utrecht","Utrecht",false,52.090165,5.019719,"injury","2","clear",false,1,"GM0344"
"20240150591",2024,"Uitsluitend materiele schade",2,"Fiets","Fiets","Frontaal","Rechte weg",50,"Niet brandend","Daglicht","Droog",\N,"600554254","FIETSPAD","Hilversum","Hilversum","Noord-Holland",false,52.226656,5.17965,"material damage only","4","clear",false,1,"GM0402"
"20240141169",2024,"Uitsluitend materiele schade",2,"Personenauto","Fiets","Flank","Rotonde",50,"Niet aanwezig","Schemer","Regen",\N,\N,"Mansholtlaan","Wageningen","Wageningen","Gelderland",false,51.979918,5.679678,"material damage only","4","rain",false,1,"GM0289"
"20240141173",2024,"Letsel",2,"Personenauto","Fiets","Onbekend","Rechte weg",50,"Niet brandend","Daglicht","Regen",\N,\N,"Vrouwe Udasingel","Lent","Nijmegen","Gelderland",false,51.869405,5.865681,"injury","2","rain",false,1,"GM0268"
"20240143357",2024,"Letsel",2,"Fiets","Overig vast object","Vast voorwerp","Rechte weg",50,"Niet brandend","Daglicht","Droog",\N,"600748775","Kerkweg","Ter Aar","Nieuwkoop","Zuid-Holland",false,52.165685,4.717771,"injury","2","clear",false,1,"GM0569"
"20240134804",2024,"Letsel",2,"Fiets","Fiets","Flank","Kruispunt, 4 takken",30,"Niet aanwezig","Daglicht","Regen",\N,\N,"Lange Breestraat","Dordrecht","Dordrecht","Zuid-Holland",false,51.813324,4.666405,"injury","2","rain",false,1,"GM0505"
"20240143401",2024,"Letsel",1,"Fiets",\N,"Frontaal","Rechte weg",30,"Niet brandend","Daglicht","Droog","Spoorwegovergang","163310041","Bezuidenhoutseweg","'s-Gravenhage","'s-Gravenhage","Zuid-Holland",false,52.08128,4.320303,"injury","2","clear",false,1,"GM0518"
"20240137350",2024,"Uitsluitend materiele schade",2,"Personenauto","Fiets","Flank","Kruispunt, 3 takken",50,"Brandend","Duisternis","Regen",\N,\N,"Taxandriëbaan","Tilburg","Tilburg","Noord-Brabant",false,51.577241,5.047596,"material damage only","4","rain",false,1,"GM0855"
"20240137981",2024,"Letsel",2,"Personenauto","Fiets","Flank","Kruispunt, 3 takken",30,"Niet brandend","Daglicht","Droog",\N,\N,"Bethaniënstraat","Arnhem","Arnhem","Gelderland",false,51.977737,5.958065,"injury","2","clear",false,1,"GM0202"
"20240142022",2024,"Uitsluitend materiele schade",2,"Fiets","Bromfiets","Flank","Kruispunt, 3 takken",\N,"Niet brandend","Daglicht","Droog",\N,\N,"Edith Magnusstraat","Amsterdam","Amsterdam","Noord-Holland",false,52.322255,4.962732,"material damage only","4","clear",false,1,"GM0363"
"20240144076",2024,"Letsel",2,"Fiets","Snorfiets","Flank","Rechte weg",50,"Brandend","Duisternis","Droog",\N,"163309234","Wagenstraat","'s-Gravenhage","'s-Gravenhage","Zuid-Holland",false,52.074014,4.316499,"injury","2","clear",false,1,"GM0518"
"20240148051",2024,"Uitsluitend materiele schade",2,"Snorfiets","Fiets","Flank","Kruispunt, 4 takken",50,"Brandend","Duisternis","Droog",\N,\N,"Boschdijk","Eindhoven","Eindhoven","Noord-Brabant",false,51.446388,5.469974,"material damage only","4","clear",false,1,"GM0772"
"20240148272",2024,"Uitsluitend materiele schade",2,"Personenauto","Fiets","Flank","Kruispunt, 3 takken",50,"Niet brandend","Daglicht","Droog",\N,\N,"Ulftseweg","Silvolde","Oude IJsselstreek","Gelderland",false,51.903561,6.387589,"material damage only","4","clear",false,1,"GM1509"
"20240143634",2024,"Uitsluitend materiele schade",2,"Personenauto","Fiets","Flank","Kruispunt, 4 takken",50,"Brandend","Duisternis","Regen",\N,\N,"Zuidplasweg","Zevenhuizen","Zuidplas","Zuid-Holland",false,52.002047,4.590314,"material damage only","4","rain",false,1,"GM1892"
"20240146717",2024,"Uitsluitend materiele schade",2,"Personenauto","Fiets","Onbekend","Rotonde",50,"Niet brandend","Daglicht","Droog",\N,\N,"Groenstraat","Venlo","Venlo","Limburg",false,51.368819,6.18959,"material damage only","4","clear",false,1,"GM0983"
"20240150442",2024,"Letsel",1,"Fiets",\N,"Onbekend",\N,\N,\N,"Daglicht",\N,\N,"224431108","Bierkade","Alkmaar","Alkmaar","Noord-Holland",false,52.629161,4.755372,"injury","2","unknown",false,1,"GM0361"
"20240134460",2024,"Letsel",2,"Personenauto","Fiets","Flank","Kruispunt, 3 takken",30,"Niet brandend","Daglicht","Droog",\N,\N,"Roekstraat","Capelle aan den IJssel","Capelle aan den IJssel","Zuid-Holland",false,51.933782,4.587283,"injury","2","clear",false,1,"GM0502"
"20240135689",2024,"Letsel",2,"Fiets","Personenauto","Onbekend","Rechte weg",50,"Niet brandend","Daglicht","Regen",\N,"600114357","CENTRUM 25","Rotterdam","Rotterdam","Zuid-Holland",false,51.917238,4.533819,"injury","2","rain",false,1,"GM0599"
"20240148769",2024,"Uitsluitend materiele schade",2,"Personenauto","Fiets","Onbekend","Kruispunt, 3 takken",50,"Niet brandend","Daglicht","Droog",\N,\N,"Rohofstraat","Almelo","Almelo","Overijssel",false,52.350107,6.654075,"material damage only","4","clear",false,1,"GM0141"
"20240136365",2024,"Letsel",2,"Personenauto","Fiets","Flank","Rotonde",50,"Niet brandend","Daglicht","Droog",\N,\N,"Sterrenlaan","Veldhoven","Veldhoven","Noord-Brabant",false,51.419528,5.393966,"injury","2","clear",false,1,"GM0861"
"20240002321",2024,"Uitsluitend materiele schade",2,"Personenauto","Fiets","Onbekend","Rechte weg",50,"Brandend","Duisternis","Regen",\N,"356035023","Scharnerweg","Maastricht","Maastricht","Limburg",false,50.848836,5.716166,"material damage only","4","rain",false,1,"GM0935"
"20240008487",2024,"Letsel",1,"Fiets",\N,"Onbekend",\N,50,\N,"Duisternis",\N,\N,"600890752","Prinses Beatrixlaan","Delft","Delft","Zuid-Holland",false,51.995826,4.349015,"injury","2","unknown",false,1,"GM0503"
"20240012413",2024,"Letsel",2,"Personenauto","Fiets","Flank","Kruispunt, 3 takken",50,"Brandend","Schemer","Droog",\N,\N,"Zwarteweg","Aalsmeer","Aalsmeer","Noord-Holland",false,52.256802,4.757492,"injury","2","clear",false,1,"GM0358"
"20230107500",2023,"Letsel",3,"Personenauto","Fiets","Onbekend","Kruispunt, 4 takken",30,"Brandend","Schemer","Droog",\N,\N,"Krefeldseweg","Venlo","Venlo","Limburg",false,51.375162,6.183072,"injury","2","clear",false,1,"GM0983"
"20240005422",2024,"Letsel",2,"Personenauto","Fiets","Kop/staart","Rechte weg",50,"Niet brandend","Daglicht","Regen",\N,"202363063","Schoollaan","Bennebroek","Bloemendaal","Noord-Holland",false,52.319583,4.5975,"injury","2","rain",false,1,"GM0377"