"accident_id","year","severity_raw","party_count","party1_type","party2_type","accident_type","road_situation","speed_limit_kmh","road_lighting","light_condition_label","weather_raw","infra_type","road_segment_id","street_name","place_name","gemeente_name_raw","province","alcohol_indicated","latitude","longitude","severity_label","severity_code","weather_label","built_up_area","cyclists_involved","gemeente_code"
"20240154236",2024,"Letsel",2,"Bromfiets","Fiets","Flank","Kruispunt, 4 takken",30,"Niet aanwezig","Daglicht","Droog",\N,\N,"Vikingoord","Rotterdam","Rotterdam","Zuid-Holland",false,51.885501,4.545571,"injury","2","clear",false,1,"GM0599"
"20230111091",2023,"Letsel",1,"Fiets",\N,"Eenzijdig","Bocht",50,"Niet brandend","Daglicht","Droog",\N,"152304134","Lisztstraat","'s-Gravenhage","'s-Gravenhage","Zuid-Holland",false,52.055081,4.23832,"injury","2","clear",false,1,"GM0518"
"20230112306",2023,"Letsel",2,"Snorfiets","Fiets","Frontaal","Rotonde",50,"Niet brandend","Daglicht","Regen",\N,\N,"Donau","'s-Gravenhage","'s-Gravenhage","Zuid-Holland",false,52.061065,4.387283,"injury","2","rain",false,1,"GM0518"
"20240003227",2024,"Letsel",1,"Fiets",\N,"Onbekend","Rechte weg",60,"Niet brandend","Daglicht","Droog",\N,"396020011","Oude Akerweg","Vaals","Vaals","Limburg",false,50.778831,5.999733,"injury","2","clear",false,1,"GM0981"
"20240004928",2024,"Letsel",2,"Bestelauto","e-bike","Flank","Rechte weg",50,"Niet brandend","Daglicht","Regen",\N,"378255036","Berg en Dalseweg","Nijmegen","Nijmegen","Gelderland",false,51.835698,5.886179,"injury","2","rain",false,1,"GM0268"
"20240009624",2024,"Uitsluitend materiele schade",2,"Personenauto","Fiets","Flank","Kruispunt, 3 takken",50,"Brandend","Duisternis","Regen",\N,\N,"Sijzenbaanplein","Deventer","Deventer","Overijssel",false,52.255094,6.158301,"material damage only","4","rain",false,1,"GM0150"
"20240009999",2024,"Uitsluitend materiele schade",2,"Personenauto","Fiets","Onbekend","Rotonde",50,"Brandend","Daglicht","Regen",\N,\N,"Huissensestraat","Arnhem","Arnhem","Gelderland",false,51.965265,5.914771,"material damage only","4","rain",false,1,"GM0202"
"20240010956",2024,"Uitsluitend materiele schade",2,"Bestelauto","Fiets","Flank","Rotonde",50,"Niet brandend","Daglicht","Droog",\N,\N,"Prins Clauslaan","Veenendaal","Veenendaal","Utrecht",false,52.023286,5.563107,"material damage only","4","clear",false,1,"GM0345"
"20240011298",2024,"Uitsluitend materiele schade",2,"Bromfiets","Fiets","Onbekend","Rechte weg",60,"Brandend","Duisternis","Droog",\N,"236315005","Hoofdweg","Zegveld","Woerden","Utrecht",false,52.100591,4.856381,"material damage only","4","clear",false,1,"GM0632"
"20240021360",2024,"Letsel",2,"Fiets","Personenauto","Onbekend","Kruispunt, 4 takken",30,\N,"Daglicht",\N,\N,\N,"Bilderdijkstraat","Amsterdam","Amsterdam","Noord-Holland",false,52.370913,4.870457,"injury","2","unknown",false,1,"GM0363"
"20240155382",2024,"Uitsluitend materiele schade",2,"Personenauto","Fiets","Frontaal","Bocht",15,"Niet brandend","Daglicht","Droog",\N,\N,"Heijermanshove","Zoetermeer","Zoetermeer","Zuid-Holland",false,52.064805,4.485885,"material damage only","4","clear",false,1,"GM0637"
"20230108836",2023,"Uitsluitend materiele schade",2,"Personenauto","e-bike","Flank","Kruispunt, 4 takken",30,"Niet brandend","Daglicht","Droog",\N,\N,"Wipmolenweg","Almere","Almere","Flevoland",false,52.397267,5.273366,"material damage only","4","clear",false,1,"GM0034"
"20240155191",2024,"Letsel",2,"Fiets","Bestelauto","Flank","Kruispunt, 4 takken",50,"Brandend","Duisternis","Regen",\N,\N,"Blauw-roodlaan","Zoetermeer","Zoetermeer","Zuid-Holland",false,52.037468,4.497594,"injury","2","rain",false,1,"GM0637"
"20230110036",2023,"Letsel",2,"Personenauto","Fiets","Flank","Rotonde",50,"Brandend","Duisternis","Regen",\N,\N,"Laan der 4 Heemskinderen","Geldrop","Geldrop-Mierlo","Noord-Brabant",false,51.417625,5.564321,"injury","2","rain",false,1,"GM1771"
"20240010141",2024,"Uitsluitend materiele schade",2,"Bestelauto","Fiets","Flank","Kruispunt, 3 takken",50,"Niet brandend","Daglicht","Droog",\N,\N,"d'Almarasweg","Nijmegen","Nijmegen","Gelderland",false,51.819312,5.877109,"material damage only","4","clear",false,1,"GM0268"
"20240010588",2024,"Uitsluitend materiele schade",2,"Bestelauto","Fiets","Flank","Kruispunt, 3 takken",50,"Niet brandend","Daglicht","Droog",\N,\N,"Hoeksteen","Hoofddorp","Haarlemmermeer","Noord-Holland",false,52.294307,4.718333,"material damage only","4","clear",false,1,"GM0394"
"20240023861",2024,"Uitsluitend materiele schade",2,"Fiets","Fiets","Frontaal","Rechte weg",30,"Niet brandend","Daglicht","Droog",\N,"298221017","Verwersstraat","'s-Hertogenbosch","'s-Hertogenbosch","Noord-Brabant",false,51.686149,5.306091,"material damage only","4","clear",false,1,"GM0796"
"20240024774",2024,"Letsel",2,"Motor","Fiets","Onbekend","Kruispunt, 4 takken",50,"Niet brandend","Daglicht","Regen",\N,\N,"Marathonloop","Eindhoven","Eindhoven","Noord-Brabant",false,51.478946,5.456,"injury","2","rain",false,1,"GM0772"
"20240024870",2024,"Letsel",2,"Personenauto","Fiets","Los voorwerp","Rechte weg",50,"Niet brandend","Daglicht","Droog",\N,"179190008","Jan Vermeerlaan","Roosendaal","Roosendaal","Noord-Brabant",false,51.540385,4.443225,"injury","2","clear",false,1,"GM1674"
"20240154431",2024,"Letsel",1,"Fiets",\N,"Onbekend","Rechte weg",50,"Niet brandend","Daglicht","Droog",\N,"600724913","Beeklaan","Noordwijk","Noordwijk","Zuid-Holland",false,52.234945,4.43652,"injury","2","clear",false,1,"GM0575"
"20230108296",2023,"Letsel",2,"Fiets","Overig vast object","Vast voorwerp","Bocht",50,"Niet brandend","Duisternis","Regen",\N,"209377037","Oudeweg","Haarlem","Haarlem","Noord-Holland",false,52.38574,4.647789,"injury","2","rain",false,1,"GM0392"
"20230112445",2023,"Letsel",2,"Bestelauto","Fiets","Eenzijdig","Rechte weg",50,"Niet brandend","Daglicht","Droog",\N,"600382013","Valkenboskade","'s-Gravenhage","'s-Gravenhage","Zuid-Holland",false,52.073361,4.271106,"injury","2","clear",false,1,"GM0518"
"20230113006",2023,"Letsel",2,"Personenauto","Fiets","Flank","Kruispunt, 4 takken",50,"Brandend","Schemer","Regen",\N,\N,"Zegwaartseweg","Zoetermeer","Zoetermeer","Zuid-Holland",false,52.065919,4.525319,"injury","2","rain",false,1,"GM0637"
"20240005052",2024,"Uitsluitend materiele schade",2,"Personenauto","Fiets","Flank","Kruispunt, 4 takken",30,"Niet brandend","Daglicht","Droog",\N,\N,"Hoogstraat","Zwolle","Zwolle","Overijssel",false,52.512244,6.086602,"material damage only","4","clear",false,1,"GM0193"
"20240006306",2024,"Letsel",1,"Fiets",\N,"Eenzijdig","Rechte weg",50,"Niet brandend","Daglicht","Droog",\N,"213369021","Nes","Vijfhuizen","Haarlemmermeer","Noord-Holland",false,52.349897,4.68032,"injury","2","clear",false,1,"GM0394"
"20240008465",2024,"Uitsluitend materiele schade",2,"Personenauto","Fiets","Kop/staart","Rechte weg",30,"Brandend","Daglicht","Droog",\N,"600204783","Haringkade","'s-Gravenhage","'s-Gravenhage","Zuid-Holland",false,52.104772,4.285062,"material damage only","4","clear",false,1,"GM0518"
"20240010172",2024,"Letsel",1,"Fiets",\N,"Onbekend","Bocht",50,"Niet brandend","Daglicht","Droog",\N,"293265009","Deilseweg","Geldermalsen","West Betuwe","Gelderland",false,51.881471,5.268474,"injury","2","clear",false,1,"GM1960"
"20240017635",2024,"Uitsluitend materiele schade",2,"Personenauto","Fiets","Flank","Kruispunt, 3 takken",30,"Niet brandend","Daglicht","Droog",\N,\N,"De Ontvangst","Apeldoorn","Apeldoorn","Gelderland",false,52.218311,6.004508,"material damage only","4","clear",false,1,"GM0200"
"20240017829",2024,"Letsel",2,"Personenauto","Fiets","Flank","Rotonde",50,"Niet brandend","Daglicht","Droog",\N,\N,"Rijksweg","Malden","Heumen","Gelderland",false,51.780464,5.8532,"injury","2","clear",false,1,"GM0252"
"20240005671",2024,"Letsel",2,"Personenauto","Fiets","Frontaal","Kruispunt, 3 takken",50,"Brandend","Duisternis","Droog",\N,\N,"Grevelingenweg","Hoorn","Hoorn","Noord-Holland",false,52.656249,5.096544,"injury","2","clear",false,1,"GM0405"
"20240009836",2024,"Letsel",2,"Fiets","Personenauto","Flank","Kruispunt, 3 takken",50,"Brandend","Duisternis","Regen",\N,\N,"Zaagmuldersweg","Groningen","Groningen","Groningen",false,53.220511,6.583454,"injury","2","rain",false,1,"GM0014"
"20240153863",2024,"Uitsluitend materiele schade",2,"Personenauto","Fiets","Flank","Kruispunt, 4 takken",30,"Niet brandend","Daglicht","Regen",\N,\N,"Stabroekstraat","Breda","Breda","Noord-Brabant",false,51.609582,4.787564,"material damage only","4","rain",false,1,"GM0758"
"20240154483",2024,"Uitsluitend materiele schade",2,"Fiets","Bestelauto","Frontaal","Kruispunt, 4 takken",50,"Brandend","Duisternis","Droog",\N,\N,"Bachsingel","Alphen aan den Rijn","Alphen aan den Rijn","Zuid-Holland",false,52.145471,4.663226,"material damage only","4","clear",false,1,"GM0484"
"20240156127",2024,"Uitsluitend materiele schade",2,"Personenauto","Fiets","Flank","Rechte weg",50,"Brandend","Duisternis","Droog",\N,"336152047","Nieuwendijk","Heeze","Heeze-Leende","Noord-Brabant",false,51.376497,5.578116,"material damage only","4","clear",false,1,"GM1658"
"20240018530",2024,"Letsel",1,"Fiets",\N,"Flank","Rotonde",50,"Brandend","Duisternis","Droog",\N,\N,"Noorderveenweg","Assendelft","Zaanstad","Noord-Holland",false,52.482794,4.752865,"injury","2","clear",false,1,"GM0479"
"20240019326",2024,"Letsel",2,"Personenauto","Fiets","Geparkeerd voertuig","Rechte weg",50,"Niet brandend","Daglicht","Regen",\N,"270306015","Marco Pololaan","Utrecht","Utrecht","Utrecht",false,52.068121,5.098303,"injury","2","rain",false,1,"GM0344"
"20240025156",2024,"Uitsluitend materiele schade",2,"Snorfiets","Fiets","Onbekend","Bocht",50,"Niet brandend","Daglicht","Droog",\N,"600519318","Roermondsepoort","Venlo","Venlo","Limburg",false,51.366551,6.166532,"material damage only","4","clear",false,1,"GM0983"
"20230151601",2023,"Letsel",2,"Fiets","Fiets","Eenzijdig","Rechte weg",\N,"Niet brandend","Daglicht","Droog","Tunnel","600629032","Schipholweg","Badhoevedorp","Haarlemmermeer","Noord-Holland",false,52.326889,4.787167,"injury","2","clear",false,1,"GM0394"
"20240012918",2024,"Uitsluitend materiele schade",2,"Personenauto","Fiets","Onbekend","Kruispunt, 3 takken",50,"Niet brandend","Daglicht","Regen",\N,\N,"Groensvoorde","Waddinxveen","Waddinxveen","Zuid-Holland",false,52.049761,4.646747,"material damage only","4","rain",false,1,"GM0627"
"20240022802",2024,"Letsel",1,"Fiets",\N,"Eenzijdig","Kruispunt, 4 takken",50,"Niet brandend","Daglicht","Droog",\N,\N,"Koningin Julianaweg","Middelharnis","Goeree-Overflakkee","Zuid-Holland",false,51.756033,4.163588,"injury","2","clear",false,1,"GM1924"
"20240013641",2024,"Dodelijk",2,"Bestelauto","Fiets","Onbekend","Kruispunt, 4 takken",50,"Niet brandend","Daglicht","Regen",\N,\N,"Gladiolenlaan","Beverwijk","Beverwijk","Noord-Holland",false,52.497143,4.649061,"fatal","1","rain",false,1,"GM0375"
"20240151991",2024,"Letsel",1,"Fiets",\N,"Onbekend","Rechte weg",\N,"Niet brandend","Daglicht","Droog","Tunnel","600238223","Duinvalleipad","Katwijk","Katwijk","Zuid-Holland",false,52.190665,4.417568,"injury","2","clear",false,1,"GM0537"
"20240152613",2024,"Letsel",1,"Fiets",\N,"Onbekend","Rechte weg",50,"Brandend","Duisternis","Regen",\N,"158309064","Beeklaan","'s-Gravenhage","'s-Gravenhage","Zuid-Holland",false,52.075621,4.279981,"injury","2","rain",false,1,"GM0518"
"20240152616",2024,"Letsel",2,"Personenauto","Fiets","Flank","Kruispunt, 4 takken",50,"Brandend","Schemer","Droog",\N,\N,"Sandifortdreef","Leiden","Leiden","Zuid-Holland",false,52.170007,4.477214,"injury","2","clear",false,1,"GM0546"
"20230107862",2023,"Uitsluitend materiele schade",1,"Fiets",\N,"Onbekend","Kruispunt, 4 takken",50,"Niet brandend","Daglicht","Droog",\N,\N,"Moriaanseweg West","Hellevoetsluis","Voorne aan Zee","Zuid-Holland",false,51.838441,4.133082,"material damage only","4","clear",false,1,"GM1992"
"20240010794",2024,"Letsel",3,"Fiets","Trekker","Flank","Rechte weg",30,"Niet brandend","Daglicht","Droog",\N,"600762092","Zuideinde","Oostzaan","Oostzaan","Noord-Holland",false,52.434524,4.879702,"injury","2","clear",false,1,"GM0431"
"20240013353",2024,"Letsel",2,"Fiets","Fiets","Kop/staart","Kruispunt, 3 takken",50,"Niet aanwezig","Duisternis","Droog",\N,\N,"FIETSPAD","Amstelveen","Amstelveen","Noord-Holland",false,52.309381,4.850761,"injury","2","clear",false,1,"GM0362"
"20240152647",2024,"Letsel",2,"Bestelauto","Fiets","Flank","Kruispunt, 4 takken",30,"Niet brandend","Schemer","Droog",\N,\N,"Gaardedreef","Zoetermeer","Zoetermeer","Zuid-Holland",false,52.059767,4.509984,"injury","2","clear",false,1,"GM0637"
"20240156912",2024,"Uitsluitend materiele schade",2,"Personenauto","Fiets","Flank","Kruispunt, 4 takken",50,"Niet brandend","Schemer","Droog",\N,\N,"Langendijk","Eindhoven","Eindhoven","Noord-Brabant",false,51.423159,5.43082,"material damage only","4","clear",false,1,"GM0772"
"20240005291",2024,"Uitsluitend materiele schade",2,"Bestelauto","Fiets","Flank","Kruispunt, 3 takken",30,"Brandend","Schemer","Droog",\N,\N,"Olgerweg","Groningen","Groningen","Groningen",false,53.21572,6.641889,"material damage only","4","clear",false,1,"GM0014"
"20240011705",2024,"Uitsluitend materiele schade",2,"Personenauto","Fiets","Onbekend","Rechte weg",50,\N,"Daglicht",\N,\N,"389290082","Hoofdstraat","Velp","Rheden","Gelderland",false,51.995789,5.967831,"material damage only","4","unknown",false,1,"GM0275"
"20240014122",2024,"Uitsluitend materiele schade",2,"Personenauto","Fiets","Flank","Kruispunt, 4 takken",30,"Niet brandend","Daglicht","Regen",\N,\N,"Grote Beekstraat","Eindhoven","Eindhoven","Noord-Brabant",false,51.466621,5.444978,"material damage only","4","rain",false,1,"GM0772"
"20240014443",2024,"Letsel",2,"Fiets","Fiets","Flank","Kruispunt, 4 takken",50,"Niet brandend","Daglicht","Droog",\N,"213246003","Dordwijklaan","Dordrecht","Dordrecht","Zuid-Holland",false,51.797668,4.686926,"injury","2","clear",false,1,"GM0505"
"20240017925",2024,"Letsel",1,"Fiets",\N,"Onbekend","Rechte weg",50,"Brandend","Duisternis","Droog",\N,"600278809","Stationsstraat","Deventer","Deventer","Overijssel",false,52.257277,6.159401,"injury","2","clear",false,1,"GM0150"
"20240018107",2024,"Letsel",2,"Fiets","Overig vast object","Onbekend","Rechte weg",30,"Brandend","Duisternis","Droog",\N,\N,"H.W. Mesdagstraat","Groningen","Groningen","Groningen",false,53.217239,6.554775,"injury","2","clear",false,1,"GM0014"
"20240157560",2024,"Uitsluitend materiele schade",2,"Bestelauto","Fiets","Flank","Kruispunt, 4 takken",30,"Niet brandend","Daglicht","Droog",\N,\N,"Herepoortenmolendrift","Groningen","Groningen","Groningen",true,53.214187,6.566628,"material damage only","4","clear",false,1,"GM0014"
"20240013084",2024,"Letsel",1,"Fiets",\N,"Onbekend","Bocht",30,"Brandend","Duisternis","Regen","Brug/viaduct","172299039","Waterweegbree","'s-Gravenhage","'s-Gravenhage","Zuid-Holland",false,52.030042,4.386381,"injury","2","rain",false,1,"GM0518"
"20240153432",2024,"Letsel",2,"Personenauto","Fiets","Flank","Kruispunt, 4 takken",50,"Brandend","Duisternis","Regen",\N,\N,"Eerste Boerhaavestraat","Amsterdam","Amsterdam","Noord-Holland",true,52.358574,4.909331,"injury","2","rain",false,1,"GM0363"
"20240154927",2024,"Letsel",1,"Fiets",\N,"Onbekend","Rechte weg",\N,"Brandend","Duisternis","Regen",\N,"170276061","Willem Andriessenlaan","Schiedam","Schiedam","Zuid-Holland",false,51.928887,4.373858,"injury","2","rain",false,1,"GM0606"
"20240013143",2024,"Letsel",2,"Personenauto","Fiets","Flank","Kruispunt, 4 takken",50,"Niet aanwezig","Daglicht","Regen",\N,\N,"Heuvelweg","Zoetermeer","Zoetermeer","Zuid-Holland",false,52.062498,4.453238,"injury","2","rain",false,1,"GM0637"
"20240015714",2024,"Letsel",2,"Fiets","Overig vast object","Vast voorwerp","Rechte weg",50,"Niet brandend","Daglicht","Droog",\N,"365047037","Sint Catharinastraat","Ulestraten","Meerssen","Limburg",false,50.905287,5.781782,"injury","2","clear",false,1,"GM0938"
"20240019081",2024,"Letsel",1,"Fiets",\N,"Geparkeerd voertuig","Rechte weg",50,"Niet brandend","Daglicht","Droog",\N,"231435080","Atmosfeer","Heerhugowaard","Dijk en Waard","Noord-Holland",false,52.647381,4.80496,"injury","2","clear",false,1,"GM1980"
"20240021473",2024,"Letsel",2,"Personenauto","Fiets","Flank","Kruispunt, 4 takken",\N,"Niet brandend","Daglicht","Droog",\N,\N,"Rooseveltlaan","Amsterdam","Amsterdam","Noord-Holland",false,52.342984,4.896595,"injury","2","clear",false,1,"GM0363"
"20240022060",2024,"Uitsluitend materiele schade",2,"Personenauto","Fiets","Onbekend","Rechte weg",50,"Niet brandend","Daglicht","Droog","Bus-/Tramhalte","601083411","Prof. van 't Hoffweg","Waalwijk","Waalwijk","Noord-Brabant",false,51.678981,5.05419,"material damage only","4","clear",false,1,"GM0867"
"20240022160",2024,"Letsel",2,"Personenauto","Fiets","Flank","Kruispunt, 4 takken",80,"Niet aanwezig","Daglicht","Droog",\N,\N,"Gors","Hoeven","Halderberge","Noord-Brabant",false,51.587045,4.568225,"injury","2","clear",false,1,"GM1655"
"20240152177",2024,"Uitsluitend materiele schade",2,"Bestelauto","Fiets","Flank","Kruispunt, 4 takken",50,"Brandend","Duisternis","Droog",\N,\N,"Julianastraat","Leiden","Leiden","Zuid-Holland",false,52.164808,4.500733,"material damage only","4","clear",false,1,"GM0546"
"20230109199",2023,"Letsel",2,"Bromfiets","Fiets","Kop/staart","Rechte weg",80,"Niet brandend","Daglicht","Harde windstoten",\N,\N,"Mijdrechtse Zuwe","Mijdrecht","De Ronde Venen","Utrecht",false,52.225574,4.852902,"injury","2","unknown",false,1,"GM0736"
"20240013169",2024,"Letsel",2,"Fiets","Personenauto","Flank","Kruispunt, 3 takken",30,"Brandend","Duisternis","Regen","Brug/viaduct",\N,"Stadhouderskade","Amsterdam","Amsterdam","Noord-Holland",false,52.358705,4.903637,"injury","2","rain",false,1,"GM0363"
"20240016719",2024,"Uitsluitend materiele schade",2,"Personenauto","Fiets","Flank","Rotonde",50,"Niet aanwezig","Daglicht","Droog",\N,\N,"Lauwers","Drachten","Smallingerland","Friesland",false,53.102799,6.075887,"material damage only","4","clear",false,1,"GM0090"
"20240023136",2024,"Uitsluitend materiele schade",2,"Fiets","Fiets","Frontaal","Rechte weg",50,"Niet brandend","Daglicht","Droog",\N,"601108735","Laan op Zuid","Rotterdam","Rotterdam","Zuid-Holland",false,51.904802,4.500736,"material damage only","4","clear",false,1,"GM0599"
"20230027699",2023,"Uitsluitend materiele schade",3,"Personenauto","Fiets","Onbekend","Kruispunt, 4 takken",30,"Niet brandend","Daglicht","Droog",\N,\N,"Oosterscheldestraat","Middelburg","Middelburg","Zeeland",false,51.488423,3.602123,"material damage only","4","clear",false,1,\N
"20230032329",2023,"Uitsluitend materiele schade",2,"Personenauto","Fiets","Flank","Rotonde",50,"Niet brandend","Daglicht","Regen",\N,\N,"Industrieweg","Mierlo","Geldrop-Mierlo","Noord-Brabant",false,51.446537,5.618081,"material damage only","4","rain",false,1,"GM1771"
"20240029597",2024,"Uitsluitend materiele schade",2,"Fiets","Fiets","Kop/staart","Rechte weg",50,"Niet brandend","Daglicht","Droog",\N,"153308024","Daal en Bergselaan","'s-Gravenhage","'s-Gravenhage","Zuid-Holland",false,52.07106,4.249259,"material damage only","4","clear",false,1,"GM0518"
"20230035584",2023,"Uitsluitend materiele schade",2,"Fiets","Personenauto","Kop/staart","Kruispunt, 3 takken",80,"Niet brandend","Daglicht","Droog",\N,\N,"Molenweg","Nederasselt","Heumen","Gelderland",false,51.771405,5.757775,"material damage only","4","clear",false,1,"GM0252"
"20230070073",2023,"Uitsluitend materiele schade",2,"Fiets","Fiets","Flank","Kruispunt, 3 takken",80,"Niet brandend","Daglicht","Droog",\N,\N,"Rijksweg","Gronsveld","Eijsden-Margraten","Limburg",false,50.796614,5.729767,"material damage only","4","clear",false,1,"GM1903"
"20230019744",2023,"Letsel",2,"Personenauto","e-bike","Flank","Kruispunt, 4 takken",50,"Niet brandend","Daglicht","Droog",\N,\N,"Stadswei","Harderwijk","Harderwijk","Gelderland",false,52.331893,5.60988,"injury","2","clear",false,1,"GM0243"
"20230024276",2023,"Letsel",2,"Personenauto","Fiets","Voetganger","Rechte weg",50,"Niet brandend","Daglicht","Droog",\N,"230376062","Ruys de Beerenbrouckstr","Amsterdam","Amsterdam","Noord-Holland",false,52.38238,4.800704,"injury","2","clear",false,1,"GM0363"
"20240027287",2024,"Letsel",2,"Personenauto","Fiets","Onbekend","Rotonde",50,"Niet brandend","Daglicht","Droog",\N,\N,"Rottumerweg","Heerenveen","Heerenveen","Friesland",false,52.95007,5.934818,"injury","2","clear",false,1,"GM0074"
"20230031176",2023,"Uitsluitend materiele schade",2,"Personenauto","Fiets","Flank","Kruispunt, 3 takken",30,"Niet aanwezig","Daglicht","Droog",\N,\N,"Hout oost","Geldrop","Geldrop-Mierlo","Noord-Brabant",false,51.408939,5.560007,"material damage only","4","clear",false,1,"GM1771"
"20240030371",2024,"Letsel",1,"Fiets",\N,"Onbekend","Rechte weg",30,"Brandend","Duisternis","Droog",\N,"187328183","Langegracht","Leiden","Leiden","Zuid-Holland",false,52.163437,4.492145,"injury","2","clear",false,1,"GM0546"
"20230017995",2023,"Uitsluitend materiele schade",2,"Bromfiets","Fiets","Frontaal","Rechte weg",50,"Brandend","Duisternis","Droog",\N,"600494776","De Weer","Zaandam","Zaanstad","Noord-Holland",false,52.446721,4.83998,"material damage only","4","clear",false,1,"GM0479"
"20230019753",2023,"Uitsluitend materiele schade",3,"Personenauto","Fiets","Onbekend","Kruispunt, 4 takken",50,"Niet brandend","Daglicht","Regen",\N,\N,"De Dreef","Zeist","Zeist","Utrecht",false,52.095735,5.216898,"material damage only","4","rain",false,1,"GM0355"
"20230020326",2023,"Letsel",2,"Bromfiets","Fiets","Flank","Kruispunt, 4 takken",50,"Niet brandend","Daglicht","Droog",\N,\N,"0404 BRUG","Amsterdam","Amsterdam","Noord-Holland",false,52.348017,4.891122,"injury","2","clear",false,1,"GM0363"
"20230022562",2023,"Letsel",2,"Bromfiets","Fiets","Kop/staart","Kruispunt, 4 takken",30,"Brandend","Duisternis","Droog",\N,\N,"Jacob Gerritstraat","Delft","Delft","Zuid-Holland",false,52.011367,4.359598,"injury","2","clear",false,1,"GM0503"
"20230026604",2023,"Letsel",2,"Bromfiets","Fiets","Kop/staart","Rechte weg",30,"Brandend","Duisternis","Droog",\N,"226196117","Ginnekenweg","Breda","Breda","Noord-Brabant",false,51.569273,4.784287,"injury","2","clear",false,1,"GM0758"
"20230032902",2023,"Uitsluitend materiele schade",2,"Personenauto","Fiets","Flank","Kruispunt, 3 takken",50,"Niet brandend","Daglicht","Droog",\N,\N,"Spoorstraat","Venlo","Venlo","Limburg",false,51.366504,6.169577,"material damage only","4","clear",false,1,"GM0983"
"20230032929",2023,"Uitsluitend materiele schade",2,"Personenauto","Fiets","Flank","Rechte weg",15,"Niet brandend","Daglicht","Droog",\N,"357235009","Intendanceplantsoen","Velp","Land van Cuijk","Noord-Brabant",false,51.745781,5.730085,"material damage only","4","clear",false,1,"GM1982"
"20230034774",2023,"Letsel",2,"Personenauto","Fiets","Flank","Kruispunt, 3 takken",30,"Niet brandend","Daglicht","Droog",\N,\N,"Ekershof","Dreumel","West Maas en Waal","Gelderland",false,51.848387,5.430997,"injury","2","clear",false,1,"GM0668"
"20230017472",2023,"Letsel",2,"Fiets","Snorfiets","Frontaal","Rechte weg",30,"Brandend","Duisternis","Droog",\N,\N,"Dulleweg","Broek op Langedijk","Dijk en Waard","Noord-Holland",false,52.678991,4.796369,"injury","2","clear",false,1,"GM1980"
"20230020922",2023,"Uitsluitend materiele schade",2,"Personenauto","Fiets","Flank","Kruispunt, 3 takken",50,"Niet brandend","Daglicht","Droog",\N,\N,"Ruys de Beerenbrouckstr","Amsterdam","Amsterdam","Noord-Holland",false,52.382325,4.798464,"material damage only","4","clear",false,1,"GM0363"
"20230020926",2023,"Uitsluitend materiele schade",3,"Snorfiets","Fiets","Los voorwerp","Kruispunt, 4 takken",50,"Brandend","Duisternis","Droog",\N,\N,"Pieter Calandlaan","Amsterdam","Amsterdam","Noord-Holland",false,52.355946,4.819004,"material damage only","4","clear",false,1,"GM0363"
"20230022065",2023,"Letsel",1,"Fiets",\N,"Eenzijdig","Rechte weg",30,"Niet brandend","Daglicht","Droog",\N,"174336005","Parklaan","Katwijk","Katwijk","Zuid-Holland",false,52.198611,4.396997,"injury","2","clear",false,1,"GM0537"
"20240028587",2024,"Letsel",2,"Bromfiets","Fiets","Kop/staart","Rechte weg",50,"Niet brandend","Daglicht","Droog",\N,"288279006","Parallelweg Oost","Culemborg","Culemborg","Gelderland",false,51.947368,5.227466,"injury","2","clear",false,1,"GM0216"
"20230030681",2023,"Uitsluitend materiele schade",2,"Personenauto","Fiets","Flank","Kruispunt, 3 takken",30,"Niet brandend","Daglicht","Sneeuw/Hagel",\N,\N,"Zandstrand","Eindhoven","Eindhoven","Noord-Brabant",false,51.445139,5.399878,"material damage only","4","unknown",false,1,"GM0772"
"20230034791",2023,"Letsel",2,"Personenauto","e-bike","Frontaal","Rechte weg",50,"Niet brandend","Daglicht","Droog",\N,"600857827","Ambachtsweg","Meppel","Meppel","Drenthe",false,52.692028,6.202957,"injury","2","clear",false,1,"GM0119"
"20240030031",2024,"Uitsluitend materiele schade",2,"Personenauto","Fiets","Flank","Kruispunt, 4 takken",30,"Brandend","Duisternis","Droog",\N,\N,"Alexanderplein","Amsterdam","Amsterdam","Noord-Holland",false,52.363497,4.918966,"material damage only","4","clear",false,1,"GM0363"
"20230067635",2023,"Letsel",2,"Personenauto","Fiets","Flank","Kruispunt, 4 takken",50,"Niet brandend","Daglicht","Droog",\N,\N,"Burg Middelweerdbaan","De Meern","Utrecht","Utrecht",false,52.088555,5.041615,"injury","2","clear",false,1,"GM0344"
"20230068525",2023,"Uitsluitend materiele schade",2,"Fiets","Fiets","Flank","Kruispunt, 4 takken",50,"Niet brandend","Daglicht","Droog",\N,\N,"Westblaak","Rotterdam","Rotterdam","Zuid-Holland",false,51.917289,4.477191,"material damage only","4","clear",false,1,"GM0599"
"20230069255",2023,"Letsel",2,"Snorfiets","Fiets","Flank","Kruispunt, 3 takken",30,"Niet brandend","Daglicht","Droog",\N,\N,"Doctor Lelylaan","Leiden","Leiden","Zuid-Holland",false,52.155215,4.471873,"injury","2","clear",false,1,"GM0546"
"20230015809",2023,"Uitsluitend materiele schade",2,"Personenauto","e-bike","Flank","Kruispunt, 3 takken",50,"Niet aanwezig","Daglicht","Droog",\N,\N,"Meent","Leerdam","Vijfheerenlanden","Utrecht",false,51.892257,5.089585,"material damage only","4","clear",false,1,"GM1961"