"accident_id","year","severity_raw","party_count","party1_type","party2_type","accident_type","road_situation","speed_limit_kmh","road_lighting","light_condition_label","weather_raw","infra_type","road_segment_id","street_name","place_name","gemeente_name_raw","province","alcohol_indicated","latitude","longitude","severity_label","severity_code","weather_label","built_up_area","cyclists_involved","gemeente_code"
"20230019837",2023,"Letsel",2,"Personenauto","Fiets","Flank","Kruispunt, 3 takken",60,"Niet brandend","Daglicht","Droog",\N,\N,"de Voort","Neede","Berkelland","Gelderland",false,52.145331,6.570919,"injury","2","clear",false,1,"GM1859"
"20240027387",2024,"Uitsluitend materiele schade",3,"Bus","Fiets","Flank","Kruispunt, 4 takken",50,"Niet brandend","Daglicht","Droog",\N,\N,"Jan Bronsweg","Appingedam","Eemsdelta","Groningen",true,53.321871,6.868229,"material damage only","4","clear",false,1,"GM1979"
"20240027884",2024,"Letsel",1,"Fiets",\N,"Onbekend",\N,50,\N,"Daglicht",\N,\N,"600762563","Stationsplein-Noord","Woerden","Woerden","Utrecht",false,52.085387,4.892477,"injury","2","unknown",false,1,"GM0632"
"20230036783",2023,"Uitsluitend materiele schade",2,"Personenauto","Fiets","Flank","Kruispunt, 4 takken",50,"Niet brandend","Daglicht","Droog",\N,\N,"Marnixstraat","Amsterdam","Amsterdam","Noord-Holland",true,52.380904,4.88068,"material damage only","4","clear",false,1,"GM0363"
"20230036804",2023,"Uitsluitend materiele schade",2,"Bus","e-bike","Flank","Kruispunt, 4 takken",50,"Niet brandend","Daglicht","Droog",\N,\N,"Jan Tooropstraat","Amsterdam","Amsterdam","Noord-Holland",false,52.365847,4.836431,"material damage only","4","clear",false,1,"GM0363"
"20230076600",2023,"Uitsluitend materiele schade",2,"Personenauto","Fiets","Flank","Bocht",30,"Niet brandend","Daglicht","Droog",\N,"475420065","Wielewaalstraat","Hardenberg","Hardenberg","Overijssel",false,52.574998,6.604679,"material damage only","4","clear",false,1,"GM0160"
"20230015817",2023,"Uitsluitend materiele schade",2,"Personenauto","Fiets","Frontaal","Kruispunt, 4 takken",30,"Niet brandend","Daglicht","Droog",\N,\N,"Sportlaan","Almere","Almere","Flevoland",false,52.390783,5.261902,"material damage only","4","clear",false,1,"GM0034"
"20230021001",2023,"Letsel",1,"Fiets",\N,"Eenzijdig","Rechte weg",30,"Brandend","Duisternis","Droog",\N,"600718433","Jan van Riebeekstraat","'s-Gravenhage","'s-Gravenhage","Zuid-Holland",false,52.079404,4.328287,"injury","2","clear",false,1,"GM0518"
"20230022659",2023,"Letsel",2,"Personenauto","Fiets","Flank","Rechte weg",50,"Niet aanwezig","Duisternis","Regen",\N,\N,"Goudse Schouw","Alphen aan den Rijn","Alphen aan den Rijn","Zuid-Holland",false,52.114807,4.662023,"injury","2","rain",false,1,"GM0484"
"20230036308",2023,"Uitsluitend materiele schade",1,"Fiets",\N,"Eenzijdig","Rechte weg",30,"Niet brandend","Daglicht","Droog",\N,"224505064","Cornelis de Houtmanstr","Den Helder","Den Helder","Noord-Holland",false,52.960363,4.750645,"material damage only","4","clear",false,1,"GM0400"
"20240030545",2024,"Uitsluitend materiele schade",2,"Fiets","Voetganger","Voetganger","Rechte weg",30,"Niet brandend","Daglicht","Regen",\N,"241373067","Huidenstraat","Amsterdam","Amsterdam","Noord-Holland",false,52.368819,4.885663,"material damage only","4","rain",false,1,"GM0363"
"20230067961",2023,"Letsel",3,"Personenauto","Fiets","Onbekend","Kruispunt, 3 takken",50,"Niet brandend","Daglicht","Droog",\N,\N,"Kromhoutstraat","IJmuiden","Velsen","Noord-Holland",true,52.454832,4.586524,"injury","2","clear",false,1,"GM0453"
"20230077523",2023,"Letsel",2,"Fiets","Bromfiets","Flank","Rechte weg",50,"Brandend","Duisternis","Droog",\N,"600188493","Vreeswijkstraat","'s-Gravenhage","'s-Gravenhage","Zuid-Holland",false,52.057981,4.276487,"injury","2","clear",false,1,"GM0518"
"20230014140",2023,"Letsel",1,"Fiets",\N,"Eenzijdig","Rechte weg",80,"Niet aanwezig","Daglicht","Droog",\N,"503350040","Parallelweg SS","Hengelo","Hengelo (O)","Overijssel",false,52.25796,6.805648,"injury","2","clear",false,1,\N
"20230027318",2023,"Uitsluitend materiele schade",2,"Personenauto","Fiets","Kop/staart","Rechte weg",50,"Brandend","Duisternis","Droog",\N,"221197116","Dr. Struyckenstraat","Breda","Breda","Noord-Brabant",false,51.57451,4.746513,"material damage only","4","clear",false,1,"GM0758"
"20240029690",2024,"Letsel",1,"Fiets",\N,"Onbekend","Rechte weg",30,"Niet brandend","Daglicht",\N,\N,"183326021","Hoge Morsweg","Leiden","Leiden","Zuid-Holland",false,52.153203,4.460724,"injury","2","unknown",false,1,"GM0546"
"20230033807",2023,"Uitsluitend materiele schade",2,"Personenauto","e-bike","Flank","Rotonde",50,"Niet brandend","Daglicht","Droog",\N,\N,"Van Steenbergenweg","Ede","Ede","Gelderland",false,52.023626,5.643677,"material damage only","4","clear",false,1,"GM0228"
"20230078331",2023,"Letsel",2,"e-bike","Personenauto","Onbekend","Kruispunt, 3 takken",50,"Niet brandend","Daglicht","Droog","Tunnel",\N,"KATWIJK ZH MIDDEN","Katwijk","Katwijk","Zuid-Holland",false,52.20402,4.426784,"injury","2","clear",false,1,"GM0537"
"20230078418",2023,"Letsel",2,"Personenauto","Fiets","Geparkeerd voertuig","Rechte weg",50,"Niet brandend","Daglicht","Droog",\N,"600762040","Nassaukade","Amsterdam","Amsterdam","Noord-Holland",false,52.367845,4.876781,"injury","2","clear",false,1,"GM0363"
"20230074882",2023,"Letsel",1,"Fiets",\N,"Eenzijdig","Rechte weg",50,"Brandend","Duisternis","Droog",\N,"600625939","Europaweg","Haarlem","Haarlem","Noord-Holland",false,52.360964,4.651541,"injury","2","clear",false,1,"GM0392"
"20230074887",2023,"Letsel",2,"Personenauto","Fiets","Los voorwerp","Rotonde",50,"Niet brandend","Daglicht","Droog","Bus-/Tramhalte",\N,"H Gerhardstraat","Zaandam","Zaanstad","Noord-Holland",false,52.441686,4.832828,"injury","2","clear",false,1,"GM0479"
"20230016457",2023,"Uitsluitend materiele schade",2,"Fiets","Overig vast object","Vast voorwerp","Rechte weg",50,"Brandend","Daglicht","Droog",\N,"281341170","BEATRIXTUNNEL","Hilversum","Hilversum","Noord-Holland",false,52.224611,5.183365,"material damage only","4","clear",false,1,"GM0402"
"20230021084",2023,"Letsel",2,"Personenauto","Fiets","Flank","Kruispunt, 3 takken",30,"Niet brandend","Daglicht","Droog",\N,\N,"Goudenregenplein","'s-Gravenhage","'s-Gravenhage","Zuid-Holland",false,52.076558,4.263939,"injury","2","clear",false,1,"GM0518"
"20230021632",2023,"Letsel",2,\N,"Fiets","Eenzijdig","Kruispunt, 4 takken",30,"Brandend","Schemer","Droog",\N,\N,"Copernicuslaan","'s-Gravenhage","'s-Gravenhage","Zuid-Holland",false,52.074117,4.270346,"injury","2","clear",false,1,"GM0518"
"20240029702",2024,"Uitsluitend materiele schade",2,"Bromfiets","Fiets","Kop/staart","Rechte weg",30,"Niet brandend","Daglicht","Droog",\N,"175338021","Sluisweg","Katwijk","Katwijk","Zuid-Holland",false,52.206098,4.401537,"material damage only","4","clear",false,1,"GM0537"
"20240029704",2024,"Letsel",1,"Fiets",\N,"Onbekend","Rechte weg",60,"Brandend","Duisternis","Regen",\N,"600515829","Galgeweg","Naaldwijk","Westland","Zuid-Holland",false,51.986346,4.201396,"injury","2","rain",false,1,"GM1783"
"20240030171",2024,"Letsel",2,"Fiets","Fiets","Flank","Bocht",30,"Niet brandend","Daglicht","Droog",\N,"600975141","Willem de Zwijgerlaan","Leiden","Leiden","Zuid-Holland",false,52.16917,4.51321,"injury","2","clear",false,1,"GM0546"
"20240030286",2024,"Uitsluitend materiele schade",2,"Fiets","Fiets","Flank","Kruispunt, 4 takken",50,"Niet brandend","Daglicht","Droog",\N,\N,"Breestraat","Leiden","Leiden","Zuid-Holland",false,52.160219,4.48481,"material damage only","4","clear",false,1,"GM0546"
"20230075716",2023,"Uitsluitend materiele schade",2,"Personenauto","Fiets","Dier","Kruispunt, 3 takken",60,"Niet brandend","Daglicht","Regen",\N,\N,"Postweg","Leusden","Leusden","Utrecht",false,52.125036,5.479044,"material damage only","4","rain",false,1,"GM0327"
"20230026845",2023,"Uitsluitend materiele schade",2,"Bromfiets","Fiets","Frontaal","Rechte weg",30,"Niet brandend","Daglicht","Regen",\N,"262200005","Zevenheuvelenweg","Tilburg","Tilburg","Noord-Brabant",false,51.588642,5.043165,"material damage only","4","rain",false,1,"GM0855"
"20230029154",2023,"Uitsluitend materiele schade",3,"Snorfiets","Fiets","Onbekend","Kruispunt, 4 takken",50,"Niet brandend","Daglicht","Droog",\N,\N,"Willem van Oranjelaan","Breda","Breda","Noord-Brabant",false,51.571752,4.768161,"material damage only","4","clear",false,1,"GM0758"
"20230030297",2023,"Letsel",2,"Fiets","Overig vast object","Vast voorwerp","Bocht",50,"Niet brandend","Daglicht","Droog",\N,"371037021","Cauberg","Valkenburg","Valkenburg aan de Geul","Limburg",false,50.860979,5.82359,"injury","2","clear",false,1,"GM0994"
"20230033880",2023,"Letsel",4,"Bestelauto","Fiets","Eenzijdig","Rechte weg",50,"Niet brandend","Daglicht","Droog",\N,"600867951","Domoweg","Beilen","Midden-Drenthe","Drenthe",false,52.853856,6.501839,"injury","2","clear",false,1,"GM1731"
"20240029988",2024,"Letsel",2,"Bestelauto","Fiets","Flank","Kruispunt, 4 takken",30,"Niet brandend","Daglicht","Regen",\N,\N,"Einthovenweg","Leiden","Leiden","Zuid-Holland",false,52.166386,4.476209,"injury","2","rain",false,1,"GM0546"
"20230069447",2023,"Letsel",2,"Bromfiets","Fiets","Flank","Kruispunt, 3 takken",50,"Niet brandend","Daglicht","Regen",\N,\N,"Europaweg","Zoetermeer","Zoetermeer","Zuid-Holland",false,52.064093,4.494852,"injury","2","rain",false,1,"GM0637"
"20230073586",2023,"Uitsluitend materiele schade",3,"Personenauto","Fiets","Onbekend","Rechte weg",50,"Niet aanwezig","Daglicht","Droog",\N,"600687600","FIETSPAD","Lent","Nijmegen","Gelderland",false,51.868812,5.879365,"material damage only","4","clear",false,1,"GM0268"
"20230078891",2023,"Uitsluitend materiele schade",2,"Personenauto","Fiets","Geparkeerd voertuig","Rechte weg",30,"Niet brandend","Daglicht","Droog",\N,"194304108","Shetland","Zoetermeer","Zoetermeer","Zuid-Holland",false,52.056381,4.542251,"material damage only","4","clear",false,1,"GM0637"
"20230078999",2023,"Letsel",2,"Bromfiets","Fiets","Eenzijdig","Rechte weg",50,"Niet brandend","Daglicht","Droog",\N,"600159688","Laan van Nieuw-O-Indië","'s-Gravenhage","'s-Gravenhage","Zuid-Holland",false,52.08572,4.33778,"injury","2","clear",false,1,"GM0518"
"20230079004",2023,"Uitsluitend materiele schade",2,"Personenauto","e-bike","Flank","Kruispunt, 3 takken",50,"Niet aanwezig","Daglicht","Droog",\N,\N,"Sam van Houtenstraat","Amsterdam","Amsterdam","Noord-Holland",false,52.379362,4.806541,"material damage only","4","clear",false,1,"GM0363"
"20230026878",2023,"Letsel",3,"Personenauto","Fiets","Onbekend","Rechte weg",50,"Niet brandend","Schemer","Droog",\N,\N,"Baden Powelllaan","Tilburg","Tilburg","Noord-Brabant",false,51.574994,5.037081,"injury","2","clear",false,1,"GM0855"
"20230069107",2023,"Letsel",2,"Fiets","Personenauto","Geparkeerd voertuig","Rechte weg",30,"Niet brandend","Daglicht","Droog","Parkeervoorziening","175253001","Gedempte Spui","Oud-Beijerland","Hoeksche Waard","Zuid-Holland",false,51.827042,4.410829,"injury","2","clear",false,1,"GM1963"
"20230079053",2023,"Uitsluitend materiele schade",2,"Personenauto","Fiets","Flank","Rechte weg",30,"Niet brandend","Daglicht","Droog",\N,"600363078","Damstraat","Amsterdam","Amsterdam","Noord-Holland",false,52.372336,4.894391,"material damage only","4","clear",false,1,"GM0363"
"20230076185",2023,"Uitsluitend materiele schade",2,"Personenauto","Fiets","Flank","Rechte weg",15,"Niet brandend","Daglicht","Droog",\N,"600502948","Aalsmeerderweg","Rijsenhout","Haarlemmermeer","Noord-Holland",false,52.268003,4.717858,"material damage only","4","clear",false,1,"GM0394"
"20240030791",2024,"Uitsluitend materiele schade",2,"Personenauto","Fiets","Flank","Kruispunt, 4 takken",50,"Niet brandend","Daglicht","Regen",\N,\N,"Holterbergweg","Amsterdam","Amsterdam","Noord-Holland",false,52.308312,4.940263,"material damage only","4","rain",false,1,"GM0363"
"20230070107",2023,"Letsel",2,"Personenauto","Fiets","Frontaal","Rotonde",50,"Niet brandend","Daglicht","Regen",\N,\N,"Koopmanstraat","Uden","Maashorst","Noord-Brabant",false,51.655688,5.618721,"injury","2","rain",false,1,"GM1991"
"20230070937",2023,"Uitsluitend materiele schade",2,"Fiets","Fiets","Flank","Bocht",50,"Niet aanwezig","Daglicht","Droog",\N,"600912132","Stationslaan","Deurne","Deurne","Noord-Brabant",false,51.457847,5.787567,"material damage only","4","clear",false,1,"GM0762"
"20230070942",2023,"Letsel",2,"Fiets","Overig vast object","Vast voorwerp","Bocht",\N,"Niet brandend","Daglicht","Droog",\N,"600710094","Zoutestraat","Hulst","Hulst","Zeeland",false,51.28292,4.057761,"injury","2","clear",false,1,"GM0677"
"20230017692",2023,"Letsel",2,"Fiets","Overig vast object","Vast voorwerp","Rechte weg",30,"Niet brandend","Daglicht","Droog",\N,\N,"Staten Bolwerk","Haarlem","Haarlem","Noord-Holland",false,52.388877,4.631616,"injury","2","clear",false,1,"GM0392"
"20230036487",2023,"Letsel",1,"e-bike",\N,"Eenzijdig","Rechte weg",30,"Niet brandend","Daglicht","Droog",\N,"600910776","Wagenweg","Haarlem","Haarlem","Noord-Holland",false,52.373843,4.629118,"injury","2","clear",false,1,"GM0392"
"20230069127",2023,"Letsel",1,"Fiets",\N,"Eenzijdig","Rechte weg",50,"Niet brandend","Daglicht","Droog",\N,"600716115","De la Reyweg","'s-Gravenhage","'s-Gravenhage","Zuid-Holland",false,52.065626,4.287983,"injury","2","clear",false,1,"GM0518"
"20230076788",2023,"Letsel",2,"Personenauto","Fiets","Flank","Kruispunt, 4 takken",30,"Niet brandend","Daglicht","Droog",\N,\N,"Schollevaartse Dreef","Rotterdam","Rotterdam","Zuid-Holland",false,51.964997,4.579339,"injury","2","clear",false,1,"GM0599"
"20230076896",2023,"Letsel",2,"Personenauto","Fiets","Flank","Rotonde",50,"Niet brandend","Daglicht","Droog",\N,\N,"Steijnlaan","'s-Gravenhage","'s-Gravenhage","Zuid-Holland",false,52.067392,4.287116,"injury","2","clear",false,1,"GM0518"
"20230078370",2023,"Uitsluitend materiele schade",2,"Bromfiets","Fiets","Flank","Kruispunt, 4 takken",50,"Niet brandend","Duisternis","Droog",\N,\N,"Riviervismarkt","'s-Gravenhage","'s-Gravenhage","Zuid-Holland",false,52.076771,4.306469,"material damage only","4","clear",false,1,"GM0518"
"20230070157",2023,"Letsel",2,"Personenauto","Fiets","Flank","Rechte weg",50,"Niet brandend","Daglicht","Droog",\N,"333209029","Moerven","Veghel","Meierijstad","Noord-Brabant",false,51.631139,5.557376,"injury","2","clear",false,1,"GM1948"
"20230029260",2023,"Letsel",2,"e-bike","e-bike","Kop/staart","Rechte weg",50,"Niet brandend","Daglicht","Droog",\N,"600641706","Rijnzichtweg","Oegstgeest","Oegstgeest","Zuid-Holland",false,52.179248,4.459931,"injury","2","clear",false,1,"GM0579"
"20230037077",2023,"Letsel",2,"Personenauto","Fiets","Onbekend","Kruispunt, 4 takken",50,"Niet brandend","Daglicht","Droog",\N,\N,"Operaweg","Amersfoort","Amersfoort","Utrecht",false,52.159193,5.411876,"injury","2","clear",false,1,"GM0307"
"20230075118",2023,"Letsel",2,"Snorfiets","Fiets","Flank","Kruispunt, 4 takken",30,"Niet brandend","Daglicht","Droog",\N,\N,"Wagenweg","Haarlem","Haarlem","Noord-Holland",false,52.369992,4.622722,"injury","2","clear",false,1,"GM0392"
"20230070495",2023,"Letsel",2,"Fiets","Fiets","Onbekend","Rotonde",80,"Niet brandend","Daglicht","Droog",\N,\N,"Australiëweg","Hulst","Hulst","Zeeland",false,51.274164,4.032928,"injury","2","clear",false,1,"GM0677"
"20230077946",2023,"Letsel",2,"Bromfiets","Fiets","Flank","Rechte weg",30,"Niet brandend","Daglicht","Regen",\N,"229370182","Baden Powellweg","Amsterdam","Amsterdam","Noord-Holland",false,52.351302,4.794146,"injury","2","rain",false,1,"GM0363"
"20240027263",2024,"Letsel",2,"Personenauto","Fiets","Flank","Kruispunt, 4 takken",30,"Niet brandend","Daglicht","Droog",\N,"600520064","Beertsterweg","Winschoten","Oldambt","Groningen",false,53.143561,7.044216,"injury","2","clear",false,1,"GM1895"
"20230027547",2023,"Letsel",2,"Personenauto","e-bike","Flank","Kruispunt, 3 takken",30,"Niet brandend","Daglicht","Regen",\N,"600705597","Loodholseweg","Grijpskerke","Veere","Zeeland",false,51.537039,3.542869,"injury","2","rain",false,1,"GM0717"
"20230029279",2023,"Uitsluitend materiele schade",2,"Bromfiets","Fiets","Flank","Kruispunt, 3 takken",50,"Niet brandend","Daglicht","Droog",\N,\N,"Rijksstraatweg","Ridderkerk","Ridderkerk","Zuid-Holland",false,51.846767,4.603237,"material damage only","4","clear",false,1,"GM0597"
"20230029861",2023,"Uitsluitend materiele schade",2,"Personenauto","Fiets","Kop/staart","Rechte weg",50,"Niet brandend","Daglicht","Droog",\N,"167260016","Baarsweg","Hoogvliet Rotterdam","Rotterdam","Zuid-Holland",false,51.857976,4.351809,"material damage only","4","clear",false,1,"GM0599"
"20230031016",2023,"Uitsluitend materiele schade",2,"Personenauto","Fiets","Frontaal","Rechte weg",30,"Niet brandend","Daglicht","Droog",\N,"328231036","Gildestraat","Heesch","Bernheze","Noord-Brabant",false,51.729832,5.523607,"material damage only","4","clear",false,1,"GM1721"
"20240029181",2024,"Uitsluitend materiele schade",2,"Personenauto","Fiets","Flank","Kruispunt, 4 takken",50,"Niet brandend","Daglicht","Droog",\N,\N,"Palestrinastraat","Nijmegen","Nijmegen","Gelderland",false,51.835912,5.875581,"material damage only","4","clear",false,1,"GM0268"
"20230070846",2023,"Uitsluitend materiele schade",2,"Personenauto","Fiets","Flank","Rotonde",50,"Niet brandend","Daglicht",\N,\N,\N,"Dorpstraat","Ulvenhout","Breda","Noord-Brabant",false,51.554155,4.795099,"material damage only","4","unknown",false,1,"GM0758"
"20240031059",2024,"Letsel",2,"Personenauto","Fiets","Flank","Kruispunt, 3 takken",50,"Niet brandend","Daglicht","Droog",\N,\N,"A. Hofmanweg","Haarlem","Haarlem","Noord-Holland",false,52.387586,4.670391,"injury","2","clear",false,1,"GM0392"
"20230072405",2023,"Uitsluitend materiele schade",2,"Fiets","Personenauto","Flank","Kruispunt, 4 takken",50,"Niet brandend","Daglicht","Droog",\N,\N,"John F. Kennedylaan","Apeldoorn","Apeldoorn","Gelderland",false,52.211793,5.941776,"material damage only","4","clear",false,1,"GM0200"
"20230076922",2023,"Letsel",2,"Personenauto","Fiets","Onbekend","Rotonde",30,\N,"Daglicht",\N,\N,\N,"Groene Ree","Bodegraven","Bodegraven-Reeuwijk","Zuid-Holland",false,52.07354,4.758553,"injury","2","unknown",false,1,"GM1901"
"20230020724",2023,"Uitsluitend materiele schade",2,"Fiets","Overig vast object","Vast voorwerp","Rechte weg",50,"Brandend","Duisternis","Droog",\N,"223351015","Oosteinderweg","Aalsmeer","Aalsmeer","Noord-Holland",false,52.270256,4.758063,"material damage only","4","clear",false,1,"GM0358"
"20230022392",2023,"Letsel",1,"Fiets",\N,"Geparkeerd voertuig","Rechte weg",30,"Brandend","Duisternis","Droog","Parkeervoorziening","154310016","Laan van Poot","'s-Gravenhage","'s-Gravenhage","Zuid-Holland",false,52.081804,4.252388,"injury","2","clear",false,1,"GM0518"
"20230072644",2023,"Uitsluitend materiele schade",2,"Personenauto","Fiets","Flank","Kruispunt, 4 takken",30,"Niet brandend","Daglicht","Droog",\N,\N,"Burg Venemastraat","Muntendam","Midden-Groningen","Groningen",false,53.132796,6.866104,"material damage only","4","clear",false,1,"GM1952"
"20230074294",2023,"Letsel",2,"Fiets","Fiets","Kop/staart","Rechte weg",\N,"Niet brandend","Daglicht","Regen",\N,"335279007","Parallelweg Oost","Lienden","Buren","Gelderland",true,51.946678,5.575156,"injury","2","rain",false,1,"GM0214"
"20230017277",2023,"Letsel",2,"Fiets","Personenauto","Flank","Kruispunt, 4 takken",30,"Niet brandend","Daglicht","Droog",\N,\N,"Westerweg","Heiloo","Heiloo","Noord-Holland",false,52.601125,4.699561,"injury","2","clear",false,1,"GM0399"
"20230023545",2023,"Letsel",3,"Bestelauto","Fiets","Eenzijdig","Rechte weg",50,"Niet aanwezig","Daglicht","Droog",\N,"227372001","Jan Rebelstraat","Amsterdam","Amsterdam","Noord-Holland",false,52.361342,4.785725,"injury","2","clear",false,1,"GM0363"
"20230031087",2023,"Uitsluitend materiele schade",2,"Bestelauto","Fiets","Flank","Kruispunt, 3 takken",50,"Niet brandend","Daglicht","Regen",\N,\N,"Slegersstraat","Helmond","Helmond","Noord-Brabant",false,51.467297,5.634413,"material damage only","4","rain",false,1,"GM0794"
"20230071573",2023,"Uitsluitend materiele schade",2,"Bestelauto","Fiets","Flank","Kruispunt, 3 takken",60,"Niet brandend","Daglicht","Droog",\N,\N,"Hillenraederlaan","Swalmen","Roermond","Limburg",false,51.222363,6.024653,"material damage only","4","clear",false,1,"GM0957"
"20240031834",2024,"Letsel",2,"Personenauto","Fiets","Onbekend","Rechte weg",30,"Niet brandend","Daglicht","Droog",\N,"600360453","Mathenesserdijk","Rotterdam","Rotterdam","Zuid-Holland",false,51.916835,4.438894,"injury","2","clear",false,1,"GM0599"
"20230013879",2023,"Letsel",2,"Personenauto","Fiets","Onbekend","Rotonde",50,"Niet brandend","Daglicht","Droog",\N,\N,"Molenweg","Winschoten","Oldambt","Groningen",false,53.148224,7.02496,"injury","2","clear",false,1,"GM1895"
"20230028816",2023,"Uitsluitend materiele schade",2,"Personenauto","Fiets","Frontaal","Kruispunt, 4 takken",30,"Niet brandend","Daglicht","Droog",\N,\N,"Gronsvelderf","Rotterdam","Rotterdam","Zuid-Holland",false,51.893583,4.566491,"material damage only","4","clear",false,1,"GM0599"
"20230031110",2023,"Letsel",2,"Personenauto","Fiets","Flank","Kruispunt, 3 takken",30,"Niet brandend","Daglicht","Droog",\N,\N,"Ter Hofstadlaan","Someren","Someren","Noord-Brabant",false,51.388969,5.713404,"injury","2","clear",false,1,"GM0847"
"20240031619",2024,"Uitsluitend materiele schade",3,"Personenauto","Fiets","Kop/staart","Kruispunt, 3 takken",30,"Niet brandend","Duisternis","Droog",\N,\N,"Dorpstraat","Riel","Goirle","Noord-Brabant",true,51.527805,5.02325,"material damage only","4","clear",false,1,"GM0785"
"20230075881",2023,"Uitsluitend materiele schade",2,"Fiets","Fiets","Frontaal","Rechte weg",30,"Brandend","Duisternis","Droog",\N,"304326011","Barchman Wuytierslaan","Amersfoort","Amersfoort","Utrecht",false,52.157113,5.346597,"material damage only","4","clear",false,1,"GM0307"
"20230076002",2023,"Letsel",2,"Fiets","Fiets","Onbekend","Rechte weg",30,"Niet brandend","Daglicht","Droog",\N,"600740013","Julianalaan","Haarlem","Haarlem","Noord-Holland",false,52.386132,4.620601,"injury","2","clear",false,1,"GM0392"
"20230077105",2023,"Uitsluitend materiele schade",1,"Fiets",\N,"Onbekend","Rechte weg",\N,"Brandend","Duisternis","Droog",\N,"214325001","Windepad","Alphen aan den Rijn","Alphen aan den Rijn","Zuid-Holland",false,52.150428,4.690025,"material damage only","4","clear",false,1,"GM0484"
"20230077497",2023,"Letsel",1,"Fiets",\N,"Eenzijdig","Rechte weg",50,"Niet brandend","Duisternis","Droog",\N,"207269011","Tiendweg-West","Lekkerkerk","Krimpenerwaard","Zuid-Holland",false,51.90029,4.650059,"injury","2","clear",false,1,"GM1931"
"20230077694",2023,"Letsel",2,"Fiets","Bestelauto","Eenzijdig","Kruispunt, 4 takken",50,"Niet brandend","Daglicht","Droog","Tankstation",\N,"Kijkduinsestraat","'s-Gravenhage","'s-Gravenhage","Zuid-Holland",false,52.065915,4.223966,"injury","2","clear",false,1,"GM0518"
"20230068788",2023,"Letsel",2,"Bestelauto","Fiets","Eenzijdig","Rechte weg",30,"Niet brandend","Daglicht","Droog",\N,"600372491","Voorstraat","Brielle","Voorne aan Zee","Zuid-Holland",false,51.905781,4.165928,"injury","2","clear",false,1,"GM1992"
"20230039667",2023,"Letsel",1,"Fiets",\N,"Eenzijdig",\N,80,\N,"Daglicht",\N,\N,"600398232","Rijwielpad Zuidduinen","Katwijk","Katwijk","Zuid-Holland",false,52.190633,4.381864,"injury","2","unknown",false,1,"GM0537"
"20230043262",2023,"Letsel",2,"Personenauto","Fiets","Flank","Kruispunt, 4 takken",50,"Niet brandend","Daglicht","Droog",\N,\N,"Hopperweg","Hellevoetsluis","Voorne aan Zee","Zuid-Holland",false,51.838736,4.180616,"injury","2","clear",false,1,"GM1992"
"20240034067",2024,"Uitsluitend materiele schade",2,"Personenauto","Fiets","Flank","Kruispunt, 3 takken",50,"Niet brandend","Daglicht","Droog",\N,\N,"De Run","Veldhoven","Veldhoven","Noord-Brabant",false,51.407081,5.424062,"material damage only","4","clear",false,1,"GM0861"
"20240072205",2024,"Letsel",2,"Fiets","Voetganger","Voetganger","Rechte weg",50,"Niet aanwezig","Daglicht","Droog",\N,"162310163","Plaats","'s-Gravenhage","'s-Gravenhage","Zuid-Holland",false,52.079575,4.308767,"injury","2","clear",false,1,"GM0518"
"20240050845",2024,"Uitsluitend materiele schade",2,"Fiets","Voetganger","Voetganger","Rechte weg",80,"Niet brandend","Daglicht","Droog",\N,\N,"Monnickendammerjaagweg","Edam","Edam-Volendam","Noord-Holland",false,52.487411,5.030429,"material damage only","4","clear",false,1,"GM0385"
"20240051473",2024,"Uitsluitend materiele schade",2,"Personenauto","Fiets","Flank","Kruispunt, 3 takken",30,"Niet brandend","Daglicht","Droog",\N,\N,"Wolbrantskerkweg","Amsterdam","Amsterdam","Noord-Holland",false,52.353714,4.799138,"material damage only","4","clear",false,1,"GM0363"
"20240051487",2024,"Uitsluitend materiele schade",1,"Fiets",\N,"Onbekend",\N,50,\N,"Daglicht",\N,\N,\N,"Graan voor Visch","Hoofddorp","Haarlemmermeer","Noord-Holland",false,52.297353,4.69049,"material damage only","4","unknown",false,1,"GM0394"
"20240072212",2024,"Letsel",2,"Personenauto","Fiets","Flank","Rotonde",50,"Niet brandend","Daglicht","Droog",\N,\N,"Prinses Beatrixlaan","Alphen aan den Rijn","Alphen aan den Rijn","Zuid-Holland",false,52.134266,4.651471,"injury","2","clear",false,1,"GM0484"
"20240076314",2024,"Letsel",2,"Personenauto","Fiets","Flank","Kruispunt, 4 takken",50,"Niet brandend","Daglicht","Droog",\N,\N,"Bedumerweg","Groningen","Groningen","Groningen",false,53.231706,6.562976,"injury","2","clear",false,1,"GM0014"
"20240076954",2024,"Uitsluitend materiele schade",1,"Fiets",\N,"Eenzijdig","Bocht",50,"Niet brandend","Daglicht","Droog",\N,"213415033","Pinksterbloem","Castricum","Castricum","Noord-Holland",false,52.553547,4.679513,"material damage only","4","clear",false,1,"GM0383"
"20240079017",2024,"Letsel",2,"Fiets","Fiets","Onbekend","Rechte weg",80,"Niet brandend","Daglicht","Droog",\N,"600672538","Provincialeweg","Amsterdam","Amsterdam","Noord-Holland",false,52.302863,5.017894,"injury","2","clear",false,1,"GM0363"
"20240047169",2024,"Letsel",2,"Personenauto","Fiets","Flank","Rechte weg",30,"Niet brandend","Daglicht","Droog","Parkeervoorziening","515337083","Zuiderval","Enschede","Enschede","Overijssel",false,52.200167,6.890847,"injury","2","clear",false,1,"GM0153"