"accident_id","year","severity_raw","party_count","party1_type","party2_type","accident_type","road_situation","speed_limit_kmh","road_lighting","light_condition_label","weather_raw","infra_type","road_segment_id","street_name","place_name","gemeente_name_raw","province","alcohol_indicated","latitude","longitude","severity_label","severity_code","weather_label","built_up_area","cyclists_involved","gemeente_code"
"20240051490",2024,"Uitsluitend materiele schade",2,"Fiets","Fiets","Flank","Rechte weg",30,"Niet brandend","Daglicht","Droog",\N,"241377106","Haarlemmerdijk","Amsterdam","Amsterdam","Noord-Holland",false,52.384096,4.884655,"material damage only","4","clear",false,1,"GM0363"
"20240032235",2024,"Letsel",1,"Fiets",\N,"Onbekend","Rechte weg",30,"Niet brandend","Daglicht","Droog","Brug/viaduct","168296161","PLANTAGEBRUG","Delft","Delft","Zuid-Holland",false,52.018138,4.359006,"injury","2","clear",false,1,"GM0503"
"20240071673",2024,"Letsel",1,"Fiets",\N,"Eenzijdig","Rechte weg",30,"Brandend","Schemer","Droog",\N,"171278072","Dorpsstraat","Schiedam","Schiedam","Zuid-Holland",false,51.937201,4.378252,"injury","2","clear",false,1,"GM0606"
"20240072312",2024,"Uitsluitend materiele schade",2,"Personenauto","Fiets","Flank","Rechte weg",50,"Niet brandend","Daglicht","Droog",\N,"156311067","Sportlaan","'s-Gravenhage","'s-Gravenhage","Zuid-Holland",false,52.084225,4.269732,"material damage only","4","clear",false,1,"GM0518"
"20240077025",2024,"Letsel",2,"Fiets","Fiets","Onbekend","Bocht",30,"Niet brandend","Daglicht","Droog",\N,\N,"Gildestraat","Heerhugowaard","Dijk en Waard","Noord-Holland",false,52.669235,4.819006,"injury","2","clear",false,1,"GM1980"
"20240047862",2024,"Uitsluitend materiele schade",2,"Fiets","Personenauto","Flank","Kruispunt, 4 takken",30,"Niet brandend","Daglicht","Droog",\N,\N,"Baetenburg","Heiloo","Heiloo","Noord-Holland",false,52.602849,4.686001,"material damage only","4","clear",false,1,"GM0399"
"20240051586",2024,"Letsel",2,"Motor","Fiets","Flank","Kruispunt, 3 takken",30,"Niet brandend","Daglicht","Droog",\N,\N,"Korte Zijlweg","Overveen","Bloemendaal","Noord-Holland",false,52.388411,4.607681,"injury","2","clear",false,1,"GM0377"
"20240071679",2024,"Uitsluitend materiele schade",2,"Personenauto","Fiets","Frontaal","Rechte weg",30,"Niet brandend","Daglicht","Droog",\N,"600899269","Willem Dreeslaan","Zoetermeer","Zoetermeer","Zuid-Holland",false,52.063634,4.532778,"material damage only","4","clear",false,1,"GM0637"
"20240038298",2024,"Letsel",1,"Fiets",\N,"Eenzijdig","Rechte weg",30,"Niet brandend","Daglicht","Droog",\N,"211406001","Graaf Willem II laan","Heemskerk","Heemskerk","Noord-Holland",false,52.513416,4.665634,"injury","2","clear",false,1,"GM0396"
"20240040612",2024,"Letsel",1,"Fiets",\N,"Onbekend","Kruispunt, 3 takken",30,"Niet brandend","Daglicht","Regen",\N,\N,"Plesmanlaan","Leiden","Leiden","Zuid-Holland",false,52.16424,4.474554,"injury","2","rain",false,1,"GM0546"
"20240047902",2024,"Letsel",1,"Fiets",\N,"Eenzijdig","Rechte weg",50,"Brandend","Duisternis","Droog",\N,"601062716","Scharlo","Alkmaar","Alkmaar","Noord-Holland",false,52.635423,4.738574,"injury","2","clear",false,1,"GM0361"
"20240051643",2024,"Letsel",2,"Personenauto","Fiets","Onbekend","Rechte weg",50,"Niet brandend","Daglicht","Droog",\N,"237388023","Lobeliusstraat","Zaandam","Zaanstad","Noord-Holland",false,52.435432,4.851115,"injury","2","clear",false,1,"GM0479"
"20240042758",2024,"Uitsluitend materiele schade",1,"Fiets",\N,"Onbekend","Rechte weg",50,"Niet brandend","Daglicht","Regen",\N,"187267116","Dordtselaan","Rotterdam","Rotterdam","Zuid-Holland",false,51.890354,4.493957,"material damage only","4","rain",false,1,"GM0599"
"20240071799",2024,"Letsel",2,"Fiets","Fiets","Flank","Rechte weg",50,"Niet brandend","Daglicht","Droog",\N,\N,"Leidseweg","Voorschoten","Voorschoten","Zuid-Holland",false,52.134025,4.462984,"injury","2","clear",false,1,"GM0626"
"20240038395",2024,"Letsel",2,"Personenauto","Fiets","Los voorwerp","Kruispunt, 4 takken",50,"Niet brandend","Daglicht","Droog",\N,\N,"Beukenlaan","Heerhugowaard","Dijk en Waard","Noord-Holland",false,52.663051,4.850284,"injury","2","clear",false,1,"GM1980"
"20240071837",2024,"Uitsluitend materiele schade",2,"Bromfiets","Fiets","Flank","Rechte weg",30,"Niet brandend","Daglicht","Droog",\N,"600891570","Klokpoort","Leiden","Leiden","Zuid-Holland",false,52.162352,4.497821,"material damage only","4","clear",false,1,"GM0546"
"20240076521",2024,"Letsel",2,"Landbouwvoertuig","Fiets","Los voorwerp","Kruispunt, 3 takken",60,"Niet brandend","Daglicht","Droog",\N,\N,"Schrapveen","Linde","De Wolden","Drenthe",false,52.632968,6.452968,"injury","2","clear",false,1,"GM1690"
"20240077216",2024,"Letsel",2,"Personenauto","Fiets","Flank","Kruispunt, 3 takken",50,"Niet brandend","Daglicht","Droog",\N,\N,"Snelliuslaan","Hilversum","Hilversum","Noord-Holland",false,52.234902,5.179032,"injury","2","clear",false,1,"GM0402"
"20240033738",2024,"Letsel",2,"Fiets","Fiets","Onbekend","Rechte weg",60,"Niet aanwezig","Daglicht","Droog",\N,"241179001","Putvenweg","Chaam","Alphen-Chaam","Noord-Brabant",false,51.498249,4.892084,"injury","2","clear",false,1,"GM1723"
"20240036815",2024,"Uitsluitend materiele schade",2,"Fiets","Personenauto","Kop/staart","Rechte weg",60,"Niet brandend","Duisternis","Droog",\N,"443400004","Hogeveldsweg","Giethmen","Ommen","Overijssel",false,52.485421,6.371059,"material damage only","4","clear",false,1,"GM0175"
"20240041548",2024,"Uitsluitend materiele schade",2,"Motor","Fiets","Flank","Rechte weg",50,"Niet brandend","Daglicht","Droog",\N,"165267002","Vondelingenweg","Vondelingenplaat Rotterdam","Rotterdam","Zuid-Holland",false,51.889385,4.340269,"material damage only","4","clear",false,1,"GM0599"
"20240047412",2024,"Uitsluitend materiele schade",2,"Personenauto","Fiets","Flank","Bocht",50,"Niet brandend","Daglicht","Droog",\N,"529548007","Steringa Kuiper-weg","Winschoten","Oldambt","Groningen",false,53.141486,7.030547,"material damage only","4","clear",false,1,"GM1895"
"20240035389",2024,"Uitsluitend materiele schade",2,"Personenauto","e-bike","Flank","Kruispunt, 4 takken",30,"Brandend","Duisternis","Droog",\N,\N,"Regnerus Praediniusstr","Winsum","Het Hogeland","Groningen",false,53.330559,6.514456,"material damage only","4","clear",false,1,"GM1966"
"20240041637",2024,"Uitsluitend materiele schade",2,"Bestelauto","Fiets","Flank","Kruispunt, 3 takken",30,"Niet brandend","Daglicht","Droog",\N,\N,"Akkerwei","Bavel","Breda","Noord-Brabant",false,51.572104,4.826534,"material damage only","4","clear",false,1,"GM0758"
"20240042913",2024,"Letsel",2,"Vrachtauto","Fiets","Eenzijdig","Rotonde",50,"Niet brandend","Daglicht","Droog",\N,\N,"Westduinweg","'s-Gravenhage","'s-Gravenhage","Zuid-Holland",false,52.101367,4.274312,"injury","2","clear",false,1,"GM0518"
"20240042945",2024,"Letsel",1,"Fiets",\N,"Flank","Kruispunt, 3 takken",50,"Niet brandend","Daglicht","Droog",\N,\N,"Doedesstraat","Rotterdam","Rotterdam","Zuid-Holland",false,51.916543,4.449492,"injury","2","clear",false,1,"GM0599"
"20240037882",2024,"Uitsluitend materiele schade",2,"Personenauto","Fiets","Onbekend","Kruispunt, 4 takken",30,"Niet brandend","Daglicht","Droog",\N,\N,"Breedstraat","Enkhuizen","Enkhuizen","Noord-Holland",false,52.703941,5.294618,"material damage only","4","clear",false,1,"GM0388"
"20240040206",2024,"Letsel",2,"Bromfiets","Fiets","Frontaal","Kruispunt, 4 takken",30,"Niet brandend","Daglicht","Droog",\N,\N,"Beethovenstraat","Amsterdam","Amsterdam","Noord-Holland",false,52.344927,4.876487,"injury","2","clear",false,1,"GM0363"
"20240044729",2024,"Uitsluitend materiele schade",2,"Personenauto","Fiets","Onbekend",\N,\N,\N,"Daglicht",\N,\N,"600899597","Vijfkamplaan","Eindhoven","Eindhoven","Noord-Brabant",false,51.475187,5.456515,"material damage only","4","unknown",false,1,"GM0772"
"20240037943",2024,"Letsel",2,"Fiets","Fiets","Kop/staart","Rechte weg",30,"Niet brandend","Daglicht","Droog",\N,\N,"Spokenboschlaan","Heiloo","Heiloo","Noord-Holland",false,52.61717,4.724607,"injury","2","clear",false,1,"GM0399"
"20240050641",2024,"Uitsluitend materiele schade",2,"Personenauto","Fiets","Flank","Rechte weg",30,"Brandend","Duisternis","Droog",\N,"243367003","Waalstraat","Amsterdam","Amsterdam","Noord-Holland",false,52.342033,4.901954,"material damage only","4","clear",false,1,"GM0363"
"20240080097",2024,"Letsel",2,"Personenauto","Fiets","Flank","Kruispunt, 4 takken",30,"Niet brandend","Daglicht","Droog",\N,\N,"Visweg","Limmen","Castricum","Noord-Holland",false,52.576321,4.691231,"injury","2","clear",false,1,"GM0383"
"20240038022",2024,"Letsel",2,"Personenauto","Fiets","Onbekend","Rechte weg",50,"Niet brandend","Daglicht","Droog",\N,"600751584","Vondelstraat","Alkmaar","Alkmaar","Noord-Holland",false,52.620326,4.747962,"injury","2","clear",false,1,"GM0361"
"20240040344",2024,"Letsel",2,"Fiets","Fiets","Flank","Rechte weg",30,"Niet brandend","Daglicht","Droog",\N,"186328015","Steenstraat","Leiden","Leiden","Zuid-Holland",false,52.162987,4.484543,"injury","2","clear",false,1,"GM0546"
"20240042465",2024,"Letsel",2,"Personenauto","Fiets","Flank","Rotonde",50,"Niet aanwezig","Daglicht","Regen",\N,\N,"Randweg-West","Bergschenhoek","Lansingerland","Zuid-Holland",false,51.987352,4.484374,"injury","2","rain",false,1,"GM1621"
"20240037084",2024,"Letsel",2,"Fiets","Fiets","Onbekend","Rechte weg",30,"Niet brandend","Daglicht","Droog",\N,"600157381","Parkweg","Harderwijk","Harderwijk","Gelderland",false,52.343205,5.627708,"injury","2","clear",false,1,"GM0243"
"20240038037",2024,"Letsel",2,"Bestelauto","Fiets","Onbekend","Rechte weg",30,"Niet brandend","Daglicht","Droog",\N,"290446026","Spoorsingel","Bovenkarspel","Stede Broec","Noord-Holland",false,52.695616,5.240222,"injury","2","clear",false,1,"GM0532"
"20240047669",2024,"Uitsluitend materiele schade",2,"Fiets","Bromfiets","Flank","Rechte weg",50,"Niet brandend","Daglicht","Droog",\N,"261481090","Verbindingsweg","Wieringerwerf","Hollands Kroon","Noord-Holland",false,52.852377,5.031666,"material damage only","4","clear",false,1,"GM1911"
"20230093415",2023,"Uitsluitend materiele schade",2,"Personenauto","e-bike","Flank","Kruispunt, 4 takken",50,"Niet brandend","Daglicht","Droog",\N,"521343007","Winterweg","Enschede","Enschede","Overijssel",false,52.221882,6.937116,"material damage only","4","clear",false,1,"GM0153"
"20230104107",2023,"Letsel",2,"Personenauto","Fiets","Flank","Rechte weg",50,"Brandend","Duisternis","Mist",\N,\N,"Dorpsstraat","Enschede","Enschede","Overijssel",false,52.251806,6.91505,"injury","2","fog",false,1,"GM0153"
"20230083492",2023,"Letsel",2,"Personenauto","Fiets","Flank","Rechte weg",30,"Niet brandend","Daglicht","Droog",\N,\N,"Sietse Veldstraweg","Den Ham","Westerkwartier","Groningen",true,53.271765,6.430585,"injury","2","clear",false,1,"GM1969"
"20230089867",2023,"Uitsluitend materiele schade",3,"Fiets","Personenauto","Los voorwerp","Bocht",50,"Brandend","Duisternis","Droog","Brug/viaduct","600726217","Puntegaalstraat","Rotterdam","Rotterdam","Zuid-Holland",false,51.90726,4.462999,"material damage only","4","clear",false,1,"GM0599"
"20230091701",2023,"Uitsluitend materiele schade",2,"Personenauto","Fiets","Flank","Rotonde",50,"Niet brandend","Daglicht","Droog",\N,\N,"Wilhelminasingel","Maastricht","Maastricht","Limburg",false,50.849508,5.702112,"material damage only","4","clear",false,1,"GM0935"
"20230095760",2023,"Letsel",3,"Fiets","Fiets","Onbekend","Rechte weg",50,"Niet brandend","Daglicht","Regen","Tunnel","267297168","KOLFSTEDETUNNEL","Nieuwegein","Nieuwegein","Utrecht",false,52.027511,5.08086,"injury","2","rain",false,1,"GM0356"
"20230096905",2023,"Uitsluitend materiele schade",3,"Personenauto","Fiets","Flank","Kruispunt, 3 takken",100,"Brandend","Duisternis","Droog",\N,\N,"WIJCHEN 1A","Nijmegen","Nijmegen","Gelderland",false,51.820187,5.775839,"material damage only","4","clear",false,1,"GM0268"
"20230080586",2023,"Uitsluitend materiele schade",2,"Bromfiets","Fiets","Frontaal","Rechte weg",50,"Niet brandend","Daglicht","Regen",\N,"210249074","Stationsplein","Dordrecht","Dordrecht","Zuid-Holland",false,51.807951,4.66692,"material damage only","4","rain",false,1,"GM0505"
"20230086399",2023,"Uitsluitend materiele schade",2,"Personenauto","Fiets","Flank","Kruispunt, 4 takken",30,"Brandend","Duisternis","Droog",\N,\N,"VAN LODENSTEYNBRUG","Delft","Delft","Zuid-Holland",false,52.014395,4.371002,"material damage only","4","clear",false,1,"GM0503"
"20230101662",2023,"Uitsluitend materiele schade",2,"Personenauto","Fiets","Frontaal","Rotonde",50,"Niet brandend","Daglicht","Droog",\N,\N,"Brugweg","Zwijndrecht","Zwijndrecht","Zuid-Holland",false,51.813388,4.642244,"material damage only","4","clear",false,1,"GM0642"
"20230079437",2023,"Uitsluitend materiele schade",2,"Personenauto","Fiets","Flank","Kruispunt, 4 takken",50,"Brandend","Duisternis","Droog",\N,\N,"Piuslaan","Eindhoven","Eindhoven","Noord-Brabant",false,51.431177,5.502864,"material damage only","4","clear",false,1,"GM0772"
"20230080610",2023,"Letsel",2,"Personenauto","Fiets","Frontaal","Rechte weg",50,"Niet brandend","Daglicht","Regen",\N,"600447668","Spinozaweg","Rotterdam","Rotterdam","Zuid-Holland",false,51.877628,4.511039,"injury","2","rain",false,1,"GM0599"
"20230083561",2023,"Uitsluitend materiele schade",2,"Bestelauto","Fiets","Los voorwerp","Rotonde",30,"Niet brandend","Daglicht","Droog",\N,\N,"Conradi-Veenlandstrjitte","Damwâld","Dantumadiel","Friesland",false,53.293527,5.99727,"material damage only","4","clear",false,1,"GM1891"
"20230097534",2023,"Letsel",2,"Fiets","Personenauto","Flank","Kruispunt, 4 takken",50,"Niet brandend","Daglicht",\N,\N,\N,"Nassaukade","Amsterdam","Amsterdam","Noord-Holland",false,52.365033,4.878671,"injury","2","unknown",false,1,"GM0363"
"20230104579",2023,"Letsel",3,"Personenauto","Fiets","Onbekend","Rechte weg",30,"Niet aanwezig","Duisternis","Droog",\N,\N,"de Fortuin","Heerenveen","Heerenveen","Friesland",false,52.956567,5.926089,"injury","2","clear",false,1,"GM0074"
"20230081861",2023,"Uitsluitend materiele schade",2,"Bromfiets","Fiets","Flank","Rechte weg",50,"Niet brandend","Daglicht","Droog",\N,"600382293","P Debyelaan","Maastricht","Maastricht","Limburg",false,50.832121,5.712746,"material damage only","4","clear",false,1,"GM0935"
"20230090605",2023,"Uitsluitend materiele schade",2,"Personenauto","Fiets","Flank","Rechte weg",60,"Brandend","Duisternis","Droog",\N,"353156001","Lieropsedijk","Someren","Someren","Noord-Brabant",false,51.390547,5.698214,"material damage only","4","clear",false,1,"GM0847"
"20230102173",2023,"Letsel",1,"Fiets",\N,"Eenzijdig","Rechte weg",30,"Niet brandend","Daglicht","Droog",\N,"190304025","Zegwaartseweg","Zoetermeer","Zoetermeer","Zuid-Holland",false,52.057534,4.515593,"injury","2","clear",false,1,"GM0637"
"20230105039",2023,"Uitsluitend materiele schade",2,"Personenauto","Fiets","Flank","Kruispunt, 4 takken",50,"Brandend","Duisternis","Droog",\N,\N,"Bartjensstraat","Zwolle","Zwolle","Overijssel",false,52.508027,6.099181,"material damage only","4","clear",false,1,"GM0193"
"20230083033",2023,"Letsel",2,"Personenauto","Fiets","Flank","Rechte weg",60,"Niet brandend","Daglicht","Droog",\N,"600650209","Uelserweg","Tubbergen","Tubbergen","Overijssel",false,52.418374,6.794816,"injury","2","clear",false,1,"GM0183"
"20230084234",2023,"Letsel",2,"Bromfiets","Fiets","Onbekend","Kruispunt, 4 takken",50,"Niet brandend","Daglicht","Droog",\N,\N,"Laan van Straatsburg","Alkmaar","Alkmaar","Noord-Holland",false,52.653393,4.758435,"injury","2","clear",false,1,"GM0361"
"20230101765",2023,"Letsel",1,"Fiets",\N,"Eenzijdig","Rechte weg",50,"Niet brandend","Daglicht","Regen",\N,"188335096","Padoxlaan","Warmond","Teylingen","Zuid-Holland",false,52.19227,4.496044,"injury","2","rain",false,1,"GM1525"
"20230103731",2023,"Uitsluitend materiele schade",3,"Fiets","Bromfiets","Onbekend","Rechte weg",50,"Niet brandend","Daglicht","Regen",\N,"600535523","Laan van Walburg","Zwijndrecht","Zwijndrecht","Zuid-Holland",false,51.826279,4.651997,"material damage only","4","rain",false,1,"GM0642"
"20230079551",2023,"Letsel",3,"Bromfiets","Fiets","Onbekend","Rechte weg",60,"Niet brandend","Daglicht","Droog",\N,"600817591","Herselseweg","Lierop","Someren","Noord-Brabant",false,51.43166,5.67689,"injury","2","clear",false,1,"GM0847"
"20230083661",2023,"Letsel",2,"Personenauto","Fiets","Geparkeerd voertuig","Rechte weg",30,"Brandend","Duisternis","Regen",\N,"467564090","Grote Markt","Groningen","Groningen","Groningen",false,53.219108,6.567519,"injury","2","rain",false,1,"GM0014"
"20230088916",2023,"Letsel",2,"Personenauto","Fiets","Kop/staart","Kruispunt, 4 takken",30,"Niet brandend","Daglicht","Droog",\N,\N,"Swemcoperlaan","Berkel en Rodenrijs","Lansingerland","Zuid-Holland",false,51.997438,4.482455,"injury","2","clear",false,1,"GM1621"
"20230090069",2023,"Letsel",2,"Fiets","Overig vast object","Vast voorwerp","Rechte weg",50,"Niet brandend","Duisternis","Regen",\N,"179337011","Lageweg","Katwijk","Katwijk","Zuid-Holland",false,52.201746,4.435478,"injury","2","rain",false,1,"GM0537"
"20230093044",2023,"Uitsluitend materiele schade",2,"Personenauto","Fiets","Frontaal","Kruispunt, 4 takken",30,\N,"Daglicht",\N,\N,\N,"Spinnersdonk","Apeldoorn","Apeldoorn","Gelderland",false,52.200496,6.010729,"material damage only","4","unknown",false,1,"GM0200"
"20230095351",2023,"Letsel",2,"Fiets","Overig vast object","Vast voorwerp","Rechte weg",50,"Brandend","Duisternis","Regen",\N,"600742634","Koudenhorn","Haarlem","Haarlem","Noord-Holland",false,52.384149,4.641571,"injury","2","rain",false,1,"GM0392"
"20230097664",2023,"Uitsluitend materiele schade",2,"Personenauto","Fiets","Flank","Rechte weg",50,"Brandend","Duisternis","Droog",\N,"278450002","Zijdwerk","Zwaagdijk-Oost","Medemblik","Noord-Holland",false,52.713064,5.15548,"material damage only","4","clear",false,1,"GM0420"
"20230098255",2023,"Uitsluitend materiele schade",2,"Bestelauto","Fiets","Flank","Kruispunt, 3 takken",50,\N,"Duisternis","Regen",\N,\N,"Spanbroekerweg","Spanbroek","Opmeer","Noord-Holland",false,52.697812,4.944556,"material damage only","4","rain",false,1,"GM0432"
"20230100730",2023,"Letsel",3,"Fiets","Fiets","Frontaal","Rechte weg",50,"Niet aanwezig","Duisternis","Droog",\N,"298217001","Sterrebosweg","'s-Hertogenbosch","'s-Hertogenbosch","Noord-Brabant",true,51.667742,5.303797,"injury","2","clear",false,1,"GM0796"
"20230102720",2023,"Letsel",2,"Personenauto","Fiets","Flank","Kruispunt, 3 takken",50,"Brandend","Duisternis","Droog",\N,\N,"Renswoudelaan","'s-Gravenhage","'s-Gravenhage","Zuid-Holland",false,52.061532,4.277703,"injury","2","clear",false,1,"GM0518"
"20230105343",2023,"Letsel",2,"Fiets","Fiets","Frontaal","Rechte weg",50,"Niet brandend","Schemer","Droog",\N,"600539406","Henri Dunantlaan","Deventer","Deventer","Overijssel",false,52.261071,6.175908,"injury","2","clear",false,1,"GM0150"
"20230090730",2023,"Uitsluitend materiele schade",2,"Personenauto","Fiets","Flank","Kruispunt, 4 takken",50,"Niet brandend","Daglicht","Droog",\N,\N,"Orpheuslaan","Eindhoven","Eindhoven","Noord-Brabant",false,51.457586,5.485137,"material damage only","4","clear",false,1,"GM0772"
"20230094818",2023,"Letsel",2,"Personenauto","Fiets","Flank","Kruispunt, 3 takken",30,"Niet brandend","Daglicht","Droog",\N,\N,"Oude Bathmenseweg","Deventer","Deventer","Overijssel",false,52.256654,6.179612,"injury","2","clear",false,1,"GM0150"
"20230096535",2023,"Letsel",2,"Personenauto","Fiets","Flank","Kruispunt, 4 takken",30,"Brandend","Schemer","Regen",\N,\N,"St. Nicolaïlaan","Arnhem","Arnhem","Gelderland",false,51.990259,5.912132,"injury","2","rain",false,1,"GM0202"
"20230087193",2023,"Uitsluitend materiele schade",2,"Personenauto","Fiets","Frontaal","Kruispunt, 3 takken",50,"Niet brandend","Daglicht","Regen",\N,\N,"De Corantijn","Zwaag","Hoorn","Noord-Holland",false,52.669701,5.068594,"material damage only","4","rain",false,1,"GM0405"
"20230096564",2023,"Uitsluitend materiele schade",2,"Personenauto","Fiets","Flank","Kruispunt, 3 takken",50,"Niet brandend","Schemer","Regen",\N,\N,"Sluiskade Zuidzijde","Almelo","Almelo","Overijssel",false,52.361942,6.670773,"material damage only","4","rain",false,1,"GM0141"
"20230097163",2023,"Uitsluitend materiele schade",1,"Fiets",\N,"Voetganger","Kruispunt, 4 takken",50,"Niet brandend","Daglicht","Droog",\N,\N,"Dirk Sonoystraat","Amsterdam","Amsterdam","Noord-Holland",false,52.3772,4.805463,"material damage only","4","clear",false,1,"GM0363"
"20230102768",2023,"Letsel",2,"Personenauto","Fiets","Flank","Kruispunt, 4 takken",50,"Niet brandend","Daglicht","Droog",\N,\N,"Churchilllaan","Nieuwkoop","Nieuwkoop","Zuid-Holland",false,52.147588,4.768936,"injury","2","clear",false,1,"GM0569"
"20230105689",2023,"Uitsluitend materiele schade",2,"Personenauto","Fiets","Flank","Kruispunt, 4 takken",50,"Niet brandend","Schemer","Regen",\N,\N,"van Hogendorpstraat","Nijmegen","Nijmegen","Gelderland",false,51.809535,5.827726,"material damage only","4","rain",false,1,"GM0268"
"20230082647",2023,"Letsel",3,"Bestelauto","Fiets","Eenzijdig","Rechte weg",30,"Niet brandend","Daglicht","Droog",\N,"436284007","Zuivelweg","Doetinchem","Doetinchem","Gelderland",false,51.963734,6.310469,"injury","2","clear",false,1,"GM0222"
"20230086678",2023,"Letsel",1,"Fiets",\N,"Eenzijdig","Rechte weg",50,"Niet brandend","Daglicht","Droog",\N,"171309068","Parkweg","Voorburg","Leidschendam-Voorburg","Zuid-Holland",false,52.076775,4.378311,"injury","2","clear",false,1,"GM1916"
"20230087851",2023,"Letsel",2,"Personenauto","Fiets","Flank","Rotonde",50,"Niet brandend","Daglicht","Regen",\N,\N,"Hoofdweg","Hoofddorp","Haarlemmermeer","Noord-Holland",false,52.305889,4.693523,"injury","2","rain",false,1,"GM0394"
"20230090219",2023,"Uitsluitend materiele schade",2,"Snorfiets","Fiets","Kop/staart","Rechte weg",50,"Brandend","Duisternis","Droog",\N,"600649147","Goeverneurlaan","'s-Gravenhage","'s-Gravenhage","Zuid-Holland",false,52.060169,4.325854,"material damage only","4","clear",false,1,"GM0518"
"20230097820",2023,"Letsel",2,"Personenauto","Fiets","Frontaal","Kruispunt, 4 takken",50,"Brandend","Duisternis","Droog",\N,\N,"Amstelveenseweg","Amsterdam","Amsterdam","Noord-Holland",false,52.354835,4.85536,"injury","2","clear",false,1,"GM0363"
"20230107481",2023,"Uitsluitend materiele schade",2,"Personenauto","Fiets","Flank","Kruispunt, 4 takken",50,"Niet brandend","Daglicht","Droog",\N,\N,"Voerenweg","Gronsveld","Eijsden-Margraten","Limburg",false,50.798753,5.733744,"material damage only","4","clear",false,1,"GM1903"
"20230081515",2023,"Uitsluitend materiele schade",2,"Bromfiets","Fiets","Frontaal","Rechte weg",30,"Niet brandend","Daglicht","Droog",\N,\N,"Kerckelant","Werkendam","Altena","Noord-Brabant",false,51.812106,4.897756,"material damage only","4","clear",false,1,"GM1959"
"20230090868",2023,"Uitsluitend materiele schade",1,"Fiets",\N,"Onbekend","Kruispunt, 4 takken",30,"Niet brandend","Daglicht","Droog",\N,\N,"Spoorlaan Noord","Rijen","Gilze en Rijen","Noord-Brabant",false,51.586704,4.907142,"material damage only","4","clear",false,1,"GM0784"
"20230101994",2023,"Letsel",3,"e-bike","Personenauto","Flank","Kruispunt, 4 takken",50,"Niet brandend","Daglicht","Droog",\N,\N,"Zegwaartseweg","Zoetermeer","Zoetermeer","Zuid-Holland",false,52.058924,4.517197,"injury","2","clear",false,1,"GM0637"
"20230106895",2023,"Letsel",2,"e-bike","Personenauto","Onbekend","Kruispunt, 3 takken",50,"Brandend","Schemer","Regen",\N,\N,"Sportlaan","Ridderkerk","Ridderkerk","Zuid-Holland",false,51.876781,4.595468,"injury","2","rain",false,1,"GM0597"
"20230091499",2023,"Uitsluitend materiele schade",2,"Personenauto","Fiets","Frontaal","Rechte weg",30,"Niet brandend","Daglicht","Regen",\N,\N,"Slagerstraat","Eindhoven","Eindhoven","Noord-Brabant",false,51.4515,5.474448,"material damage only","4","rain",false,1,"GM0772"
"20230092677",2023,"Letsel",3,"Bestelauto","Fiets","Eenzijdig","Kruispunt, 4 takken",30,"Niet brandend","Daglicht","Droog",\N,\N,"Nieuwe Sliffertsestraat","Eindhoven","Eindhoven","Noord-Brabant",false,51.439663,5.420301,"injury","2","clear",false,1,"GM0772"
"20230097289",2023,"Uitsluitend materiele schade",3,"Bromfiets","Fiets","Onbekend","Kruispunt, 3 takken",30,"Niet brandend","Daglicht","Droog",\N,\N,"Singel","Amsterdam","Amsterdam","Noord-Holland",false,52.373309,4.889165,"material damage only","4","clear",false,1,"GM0363"
"20230097292",2023,"Letsel",2,"Personenauto","e-bike","Flank","Kruispunt, 3 takken",30,"Niet brandend","Daglicht","Regen",\N,\N,"Louis Schottingstraat","Amsterdam","Amsterdam","Noord-Holland",false,52.355357,4.811759,"injury","2","rain",false,1,"GM0363"
"20230090960",2023,"Uitsluitend materiele schade",2,"Fiets","Fiets","Onbekend","Rechte weg",50,"Niet brandend","Daglicht","Droog",\N,"358157025","Wilhelminastraat","Asten","Asten","Noord-Brabant",false,51.398809,5.738375,"material damage only","4","clear",false,1,"GM0743"
"20230095028",2023,"Letsel",3,"Personenauto","Fiets","Onbekend","Rechte weg",60,"Niet aanwezig","Duisternis","Harde windstoten/Regen",\N,"417459015","Rijksweg","Nijeveen","Meppel","Drenthe",false,52.7471,6.190565,"injury","2","unknown",false,1,"GM0119"
"20230081625",2023,"Letsel",2,"Fiets","Overig vast object","Vast voorwerp","Rechte weg",50,"Niet brandend","Daglicht","Droog",\N,"600718651","Venkelweg","Hoogvliet Rotterdam","Rotterdam","Zuid-Holland",false,51.871254,4.335499,"injury","2","clear",false,1,"GM0599"
"20230092756",2023,"Letsel",2,"Personenauto","Fiets","Flank","Kruispunt, 4 takken",50,"Brandend","Schemer","Regen",\N,\N,"Leudalweg","Neer","Leudal","Limburg",false,51.258059,5.977985,"injury","2","rain",false,1,"GM1640"
"20230079875",2023,"Uitsluitend materiele schade",2,"Fiets","Bromfiets","Flank","Rechte weg",30,"Niet brandend","Daglicht","Droog",\N,"600657625","Kastanjelaan","Eindhoven","Eindhoven","Noord-Brabant",false,51.445136,5.456429,"material damage only","4","clear",false,1,"GM0772"
"20230082816",2023,"Uitsluitend materiele schade",2,"Personenauto","Fiets","Flank","Kruispunt, 4 takken",50,"Niet brandend","Daglicht","Droog",\N,\N,"Zijpendaalseweg","Arnhem","Arnhem","Gelderland",false,51.993548,5.896444,"material damage only","4","clear",false,1,"GM0202"