"accident_id","year","severity_raw","party_count","party1_type","party2_type","accident_type","road_situation","speed_limit_kmh","road_lighting","light_condition_label","weather_raw","infra_type","road_segment_id","street_name","place_name","gemeente_name_raw","province","alcohol_indicated","latitude","longitude","severity_label","severity_code","weather_label","built_up_area","cyclists_involved","gemeente_code"
"20240087430",2024,"Uitsluitend materiele schade",2,"Personenauto","Fiets","Flank","Rechte weg",30,"Niet brandend","Daglicht","Droog",\N,"307347039","Heemstedesingel","Bunschoten-Spakenburg","Bunschoten","Utrecht",false,52.251739,5.370805,"material damage only","4","clear",false,1,"GM0313"
"20240088750",2024,"Letsel",1,"Fiets",\N,"Onbekend","Bocht",30,"Niet brandend","Daglicht","Droog",\N,"141292044","Naaldwijkseweg","'s-Gravenzande","Westland","Zuid-Holland",false,51.998701,4.161444,"injury","2","clear",false,1,"GM1783"
"20240092368",2024,"Uitsluitend materiele schade",2,"Fiets","Personenauto","Kop/staart","Kruispunt, 4 takken",70,"Niet brandend","Daglicht","Droog",\N,\N,"Kempenbaan","Veldhoven","Veldhoven","Noord-Brabant",false,51.404494,5.409092,"material damage only","4","clear",false,1,"GM0861"
"20240094558",2024,"Uitsluitend materiele schade",1,"Fiets",\N,"Onbekend","Kruispunt, 3 takken",30,"Niet aanwezig","Daglicht","Droog",\N,\N,"Bierumpad","Arnhem","Arnhem","Gelderland",false,51.952202,5.898189,"material damage only","4","clear",false,1,"GM0202"
"20240097399",2024,"Letsel",1,"Fiets",\N,"Onbekend","Rechte weg",50,"Niet brandend","Daglicht","Droog",\N,"600555316","FIETSPAD","Gouda","Gouda","Zuid-Holland",false,52.019786,4.698645,"injury","2","clear",false,1,"GM0513"
"20240097403",2024,"Letsel",1,"Fiets",\N,"Eenzijdig","Rechte weg",\N,"Niet aanwezig","Daglicht","Droog",\N,"600595515","Fietspad Langeveld","Noordwijk","Noordwijk","Zuid-Holland",false,52.28591,4.48835,"injury","2","clear",false,1,"GM0575"
"20240097728",2024,"Uitsluitend materiele schade",2,"Personenauto","Fiets","Onbekend","Rechte weg",30,"Niet brandend","Daglicht","Regen",\N,"164309040","Pletterijstraat","'s-Gravenhage","'s-Gravenhage","Zuid-Holland",false,52.075724,4.322899,"material damage only","4","rain",false,1,"GM0518"
"20240041052",2024,"Uitsluitend materiele schade",2,"Fiets","Voetganger","Voetganger","Kruispunt, 4 takken",30,"Niet brandend","Daglicht","Droog",\N,\N,"0005 BRUG","Amsterdam","Amsterdam","Noord-Holland",false,52.370171,4.888368,"material damage only","4","clear",false,1,"GM0363"
"20240075582",2024,"Uitsluitend materiele schade",2,"Fiets","Bus","Frontaal","Kruispunt, 3 takken",50,"Niet brandend","Daglicht","Droog",\N,\N,"Nieuwe Marktstraat","Nijmegen","Nijmegen","Gelderland",false,51.845074,5.854942,"material damage only","4","clear",false,1,"GM0268"
"20240075609",2024,"Uitsluitend materiele schade",2,"Bestelauto","Fiets","Frontaal","Bocht",30,"Niet brandend","Daglicht","Droog",\N,"348297064","Stationsweg","Ede","Ede","Gelderland",false,52.028407,5.671305,"material damage only","4","clear",false,1,"GM0228"
"20240081634",2024,"Letsel",2,"Fiets","Fiets","Flank","Kruispunt, 4 takken",50,"Niet brandend","Schemer","Droog",\N,\N,"Admiraal de Ruytersingel","Voorschoten","Voorschoten","Zuid-Holland",false,52.143688,4.46041,"injury","2","clear",false,1,"GM0626"
"20240084258",2024,"Letsel",3,"Personenauto","Fiets","Flank","Kruispunt, 4 takken",30,"Niet brandend","Daglicht","Droog","Brug/viaduct",\N,"MEESTERSBRUG","Smilde","Midden-Drenthe","Drenthe",false,52.978017,6.475904,"injury","2","clear",false,1,"GM1731"
"20240084815",2024,"Letsel",2,"Fiets","Fiets","Flank","Kruispunt, 4 takken",30,"Niet brandend","Daglicht","Droog",\N,\N,"Kuiperslaan","Beetsterzwaag","Opsterland","Friesland",false,53.061403,6.078204,"injury","2","clear",false,1,"GM0086"
"20240088099",2024,"Letsel",2,"Fiets","Overig vast object","Vast voorwerp","Rechte weg",60,"Niet brandend","Daglicht","Droog",\N,"217328042","Oostkanaalweg","Ter Aar","Nieuwkoop","Zuid-Holland",false,52.175073,4.715888,"injury","2","clear",false,1,"GM0569"
"20240092848",2024,"Uitsluitend materiele schade",2,"Personenauto","Fiets","Onbekend","Kruispunt, 4 takken",30,"Niet brandend","Daglicht","Droog",\N,\N,"Elandlaan","Helmond","Helmond","Noord-Brabant",false,51.458527,5.698958,"material damage only","4","clear",false,1,"GM0794"
"20240049666",2024,"Letsel",1,"Fiets",\N,"Onbekend",\N,30,\N,"Daglicht",\N,\N,"601080072","Herenstraat","Wateringen","Westland","Zuid-Holland",false,52.023698,4.274953,"injury","2","unknown",false,1,"GM1783"
"20240050326",2024,"Letsel",2,"Personenauto","Fiets","Flank","Kruispunt, 3 takken",30,"Niet brandend","Daglicht","Droog",\N,\N,"Vest","Gouda","Gouda","Zuid-Holland",false,52.007297,4.70927,"injury","2","clear",false,1,"GM0513"
"20240074590",2024,"Uitsluitend materiele schade",2,"Snorfiets","Fiets","Onbekend","Rechte weg",30,"Niet brandend","Daglicht","Droog",\N,"290223051","Vlijmenseweg","'s-Hertogenbosch","'s-Hertogenbosch","Noord-Brabant",false,51.694588,5.247866,"material damage only","4","clear",false,1,"GM0796"
"20240091357",2024,"Letsel",2,"Trein/tram","Fiets","Flank","Rechte weg",50,"Niet brandend","Daglicht","Droog",\N,"186274226","Wijnhaven","Rotterdam","Rotterdam","Zuid-Holland",false,51.918492,4.490716,"injury","2","clear",false,1,"GM0599"
"20240094637",2024,"Uitsluitend materiele schade",2,"Fiets","Personenauto","Flank","Rechte weg",30,"Niet brandend","Daglicht","Droog",\N,"423282008","Stationsstraat","Wehl","Doetinchem","Gelderland",false,51.958218,6.215083,"material damage only","4","clear",false,1,"GM0222"
"20240094655",2024,"Letsel",2,"Vrachtauto","Fiets","Frontaal","Kruispunt, 3 takken",50,"Niet brandend","Daglicht","Droog",\N,\N,"Hogestraatje","Zutphen","Zutphen","Gelderland",false,52.141298,6.202336,"injury","2","clear",false,1,"GM0301"
"20240096206",2024,"Uitsluitend materiele schade",1,"Fiets",\N,"Onbekend","Kruispunt, 4 takken",50,"Niet aanwezig","Daglicht","Regen",\N,\N,"Arendshorst","Amersfoort","Amersfoort","Utrecht",false,52.168522,5.409106,"material damage only","4","rain",false,1,"GM0307"
"20240096220",2024,"Uitsluitend materiele schade",2,"Fiets","Snorfiets","Frontaal","Rechte weg",\N,"Niet brandend","Daglicht","Droog","Brug/viaduct","245323003","PROVINCIALEWEG","Kockengen","Stichtse Vecht","Utrecht",false,52.146371,4.92034,"material damage only","4","clear",false,1,"GM1904"
"20240098536",2024,"Letsel",1,"Fiets",\N,"Frontaal","Rechte weg",30,"Brandend","Duisternis","Droog",\N,"204394141","Wijk aan Zeeërweg","IJmuiden","Velsen","Noord-Holland",false,52.46136,4.614393,"injury","2","clear",false,1,"GM0453"
"20240085578",2024,"Letsel",2,"Fiets","Los voorwerp","Los voorwerp","Bocht",50,"Niet aanwezig","Daglicht","Droog",\N,"601044504","DE KLEINE HEI","Ede","Ede","Gelderland",false,52.037682,5.74665,"injury","2","clear",false,1,"GM0228"
"20240092484",2024,"Uitsluitend materiele schade",2,"Landbouwvoertuig","Fiets","Los voorwerp","Kruispunt, 4 takken",30,"Niet brandend","Daglicht","Droog",\N,\N,"Heldensedijk","Meijel","Peel en Maas","Limburg",false,51.344532,5.893287,"material damage only","4","clear",false,1,"GM1894"
"20240094253",2024,"Letsel",2,"Personenauto","Fiets","Flank","Kruispunt, 3 takken",30,"Niet brandend","Daglicht","Regen",\N,\N,"Berkelpoortstraat","Zutphen","Zutphen","Gelderland",false,52.14348,6.193873,"injury","2","rain",false,1,"GM0301"
"20240094666",2024,"Letsel",2,"Personenauto","Fiets","Flank","Kruispunt, 4 takken",30,"Niet brandend","Daglicht","Droog",\N,\N,"Wollegaast","Leeuwarden","Leeuwarden","Friesland",false,53.213705,5.78835,"injury","2","clear",false,1,"GM0080"
"20240096243",2024,"Uitsluitend materiele schade",2,"Fiets","Personenauto","Flank","Rotonde",50,"Niet brandend","Daglicht","Droog",\N,"245323003","PROVINCIALEWEG","Kockengen","Stichtse Vecht","Utrecht",false,52.146371,4.92034,"material damage only","4","clear",false,1,"GM1904"
"20240098053",2024,"Letsel",1,"Fiets",\N,"Onbekend","Rotonde",50,"Niet brandend","Daglicht","Droog",\N,\N,"Willem de Zwijgerlaan","Alkmaar","Alkmaar","Noord-Holland",false,52.620412,4.747569,"injury","2","clear",false,1,"GM0361"
"20240098588",2024,"Letsel",2,"Personenauto","Fiets","Flank","Kruispunt, 4 takken",50,"Niet brandend","Daglicht","Droog",\N,\N,"Bennebroekerweg","Hoofddorp","Haarlemmermeer","Noord-Holland",true,52.301413,4.633358,"injury","2","clear",false,1,"GM0394"
"20240074010",2024,"Dodelijk",2,"Personenauto","Fiets","Frontaal","Kruispunt, 3 takken",60,"Niet brandend","Daglicht",\N,\N,\N,"Vogelenzang","Erp","Meierijstad","Noord-Brabant",false,51.595963,5.583101,"fatal","1","unknown",false,1,"GM1948"
"20240077993",2024,"Uitsluitend materiele schade",2,"Bromfiets","Fiets","Flank","Kruispunt, 4 takken",50,"Niet brandend","Daglicht","Droog",\N,\N,"'t Haartje","Amersfoort","Amersfoort","Utrecht",false,52.199841,5.388401,"material damage only","4","clear",false,1,"GM0307"
"20240091465",2024,"Uitsluitend materiele schade",2,"Personenauto","Fiets","Flank","Kruispunt, 3 takken",50,"Niet brandend","Daglicht","Droog",\N,\N,"Molenstraat","Kinderdijk","Molenlanden","Zuid-Holland",false,51.886677,4.633008,"material damage only","4","clear",false,1,"GM1978"
"20240091483",2024,"Uitsluitend materiele schade",2,"Personenauto","Fiets","Flank","Kruispunt, 4 takken",30,"Niet brandend","Daglicht","Droog",\N,\N,"Schönberglaan","Capelle aan den IJssel","Capelle aan den IJssel","Zuid-Holland",false,51.923245,4.572169,"material damage only","4","clear",false,1,"GM0502"
"20240093273",2024,"Uitsluitend materiele schade",2,"Personenauto","Fiets","Flank","Rotonde",50,"Niet brandend","Daglicht","Regen",\N,\N,"Karel de Grotelaan","Deventer","Deventer","Overijssel",false,52.270177,6.164834,"material damage only","4","rain",false,1,"GM0150"
"20240096877",2024,"Uitsluitend materiele schade",2,"Personenauto","Fiets","Flank","Kruispunt, 3 takken",80,"Niet brandend","Daglicht","Droog",\N,\N,"Veenweg","Bathmen","Deventer","Overijssel",false,52.253938,6.354254,"material damage only","4","clear",false,1,"GM0150"
"20240049156",2024,"Uitsluitend materiele schade",2,"Snorfiets","Fiets","Onbekend","Rechte weg",30,"Niet aanwezig","Daglicht","Droog",\N,"600610024","Pauwenburg","Lelystad","Lelystad","Flevoland",false,52.49398,5.501953,"material damage only","4","clear",false,1,"GM0995"
"20240086318",2024,"Letsel",2,"e-bike","Bromfiets","Flank","Kruispunt, 4 takken",50,"Niet brandend","Daglicht","Droog",\N,\N,"Kinderhuissingel","Haarlem","Haarlem","Noord-Holland",false,52.385632,4.631239,"injury","2","clear",false,1,"GM0392"
"20240096334",2024,"Letsel",2,"Personenauto","Fiets","Flank","Rotonde",50,"Brandend","Schemer","Droog",\N,\N,"J M de Muinck Keizerlaan","Utrecht","Utrecht","Utrecht",false,52.115757,5.082737,"injury","2","clear",false,1,"GM0344"
"20240098681",2024,"Letsel",2,"Personenauto","Fiets","Flank","Kruispunt, 3 takken",30,"Niet brandend","Daglicht","Droog",\N,\N,"Alkmaarseweg","Beverwijk","Beverwijk","Noord-Holland",false,52.489438,4.660112,"injury","2","clear",false,1,"GM0375"
"20240101825",2024,"Uitsluitend materiele schade",2,"Personenauto","Fiets","Flank","Rechte weg",50,"Niet brandend","Daglicht","Droog",\N,"350176094","Straakvense Bosdijk","Helmond","Helmond","Noord-Brabant",false,51.48324,5.680012,"material damage only","4","clear",false,1,"GM0794"
"20240078077",2024,"Uitsluitend materiele schade",2,"Fiets","Fiets","Flank","Kruispunt, 3 takken",30,"Niet brandend","Daglicht","Droog",\N,\N,"Havenstraat","Hilversum","Hilversum","Noord-Holland",false,52.222274,5.169219,"material damage only","4","clear",false,1,"GM0402"
"20240087676",2024,"Uitsluitend materiele schade",2,"Fiets","Motor","Flank","Kruispunt, 4 takken",30,"Niet brandend","Daglicht","Droog",\N,\N,"Randweg","Hasselt","Zwartewaterland","Overijssel",false,52.576724,6.095551,"material damage only","4","clear",false,1,"GM1896"
"20240090902",2024,"Letsel",1,"Fiets",\N,"Onbekend","Rechte weg",60,"Niet brandend","Daglicht","Droog",\N,"130274008","Strandweg","Oostvoorne","Voorne aan Zee","Zuid-Holland",false,51.917701,4.083301,"injury","2","clear",false,1,"GM1992"
"20240091528",2024,"Uitsluitend materiele schade",2,"Personenauto","Fiets","Flank","Rechte weg",50,"Niet brandend","Daglicht","Droog",\N,\N,"Ulicotenseweg","Chaam","Alphen-Chaam","Noord-Brabant",false,51.487108,4.861708,"material damage only","4","clear",false,1,"GM1723"
"20240094819",2024,"Letsel",1,"Fiets",\N,"Eenzijdig","Rechte weg",50,"Niet brandend","Daglicht","Droog",\N,"365238007","Hoogstraat","Overasselt","Heumen","Gelderland",false,51.762121,5.787348,"injury","2","clear",false,1,"GM0252"
"20240102201",2024,"Uitsluitend materiele schade",3,"Personenauto","Fiets","Onbekend","Kruispunt, 4 takken",50,"Niet brandend","Daglicht","Regen",\N,\N,"Lewestraat","Kloetinge","Goes","Zeeland",false,51.497328,3.908513,"material damage only","4","rain",false,1,"GM0664"
"20240077474",2024,"Uitsluitend materiele schade",3,"Personenauto","Fiets","Los voorwerp","Rechte weg",30,"Brandend","Schemer","Droog",\N,"600788824","Rosarium","Almere","Almere","Flevoland",false,52.389183,5.279788,"material damage only","4","clear",false,1,"GM0034"
"20240085087",2024,"Letsel",1,"Fiets",\N,"Onbekend","Rechte weg",80,"Niet aanwezig","Duisternis","Droog",\N,"538499002","Voorbeetseweg","Ter Apelkanaal","Westerwolde","Groningen",false,52.919744,7.089721,"injury","2","clear",false,1,"GM1950"
"20240085722",2024,"Uitsluitend materiele schade",2,"Personenauto","Fiets","Flank","Kruispunt, 4 takken",60,"Niet brandend","Daglicht","Droog",\N,\N,"Breedlersestraat","Elst","Overbetuwe","Gelderland",false,51.912203,5.875936,"material damage only","4","clear",false,1,"GM1734"
"20240086389",2024,"Letsel",2,"Fiets","Motor","Kop/staart","Kruispunt, 3 takken",50,"Niet brandend","Daglicht","Droog",\N,\N,"Lekdijk Oost","Wijk bij Duurstede","Wijk bij Duurstede","Utrecht",false,51.967665,5.344576,"injury","2","clear",false,1,"GM0352"
"20240102780",2024,"Letsel",2,"Bromfiets","Fiets","Flank","Kruispunt, 4 takken",30,"Niet brandend","Daglicht","Droog",\N,\N,"Jagtlust","Kapelle","Kapelle","Zeeland",false,51.483747,3.957184,"injury","2","clear",false,1,"GM0678"
"20240103140",2024,"Letsel",1,"Fiets",\N,"Eenzijdig","Rechte weg",80,"Niet aanwezig","Daglicht","Droog",\N,"392060030","Echterbaan","Schinveld","Beekdaelen","Limburg",false,50.960305,5.973702,"injury","2","clear",false,1,"GM1954"
"20240099025",2024,"Letsel",3,\N,"Fiets","Onbekend","Rechte weg",50,"Niet aanwezig","Daglicht","Droog",\N,"600777730","Dorpsweg","Schellinkhout","Drechterland","Noord-Holland",false,52.643897,5.123109,"injury","2","clear",false,1,"GM0498"
"20240099299",2024,"Uitsluitend materiele schade",3,"Personenauto","Fiets","Flank","Rechte weg",60,"Niet aanwezig","Daglicht","Droog",\N,"600755460","Groentepad","Made","Drimmelen","Noord-Brabant",false,51.692444,4.817866,"material damage only","4","clear",false,1,"GM1719"
"20240050531",2024,"Letsel",1,"Fiets",\N,"Onbekend","Rechte weg",30,"Niet brandend","Daglicht","Droog",\N,"600719417","Jaagpad","Rijswijk","Rijswijk","Zuid-Holland",false,52.036374,4.344851,"injury","2","clear",false,1,\N
"20240077523",2024,"Letsel",2,"Fiets","Fiets","Onbekend","Kruispunt, 4 takken",30,\N,"Daglicht",\N,\N,\N,"Veldwijk","Woerden","Woerden","Utrecht",false,52.089822,4.914214,"injury","2","unknown",false,1,"GM0632"
"20240077530",2024,"Letsel",2,"Personenauto","e-bike","Flank","Kruispunt, 4 takken",80,"Niet brandend","Daglicht","Droog",\N,\N,"Mariahoeveweg","Muiden","Gooise Meren","Noord-Holland",false,52.325922,5.061443,"injury","2","clear",false,1,"GM1942"
"20240079351",2024,"Uitsluitend materiele schade",2,"Bestelauto","Fiets","Flank","Rechte weg",50,"Niet brandend","Daglicht","Droog",\N,"600362482","Orteliuskade","Amsterdam","Amsterdam","Noord-Holland",false,52.370176,4.848226,"material damage only","4","clear",false,1,"GM0363"
"20240096451",2024,"Uitsluitend materiele schade",2,"Bestelauto","Fiets","Frontaal","Rechte weg",30,"Niet brandend","Daglicht","Droog",\N,"244291002","Benedeneind ZZ","Benschop","Lopik","Utrecht",false,51.999492,4.916402,"material damage only","4","clear",false,1,"GM0331"
"20240098952",2024,"Uitsluitend materiele schade",2,"Personenauto","Fiets","Onbekend","Kruispunt, 4 takken",50,"Niet brandend","Daglicht","Droog",\N,\N,"Veluwelaan","Amsterdam","Amsterdam","Noord-Holland",false,52.340466,4.897424,"material damage only","4","clear",false,1,"GM0363"
"20240099456",2024,"Uitsluitend materiele schade",2,"Bestelauto","Fiets","Kop/staart","Rechte weg",30,"Brandend","Daglicht","Droog",\N,"601131337","Het Rip","Kamperland","Noord-Beveland","Zeeland",false,51.572812,3.698665,"material damage only","4","clear",false,1,"GM1695"
"20240086464",2024,"Letsel",2,"Bromfiets","Fiets","Onbekend","Rechte weg",60,"Niet aanwezig","Daglicht","Droog",\N,"600622503","Landsdiep","Den Hoorn","Texel","Noord-Holland",false,53.007443,4.778185,"injury","2","clear",false,1,"GM0448"
"20240088420",2024,"Uitsluitend materiele schade",1,"Fiets",\N,"Onbekend","Rechte weg",30,"Niet brandend","Daglicht","Harde windstoten",\N,"155312049","Tesselseplein","'s-Gravenhage","'s-Gravenhage","Zuid-Holland",false,52.09015,4.258496,"material damage only","4","unknown",false,1,"GM0518"
"20240088442",2024,"Letsel",1,"Fiets",\N,"Onbekend","Rechte weg",\N,"Brandend","Duisternis","Droog",\N,"600715265","Valkenboslaan","'s-Gravenhage","'s-Gravenhage","Zuid-Holland",false,52.073048,4.275309,"injury","2","clear",false,1,"GM0518"
"20240089118",2024,"Uitsluitend materiele schade",2,"Personenauto","Fiets","Flank","Rotonde",30,"Brandend","Duisternis","Droog",\N,\N,"Slotermeerlaan","Amsterdam","Amsterdam","Noord-Holland",false,52.375275,4.818856,"material damage only","4","clear",false,1,"GM0363"
"20240095939",2024,"Letsel",2,"Personenauto","Fiets","Flank","Kruispunt, 3 takken",50,"Niet brandend","Daglicht","Regen",\N,\N,"John Blankensteinstraat","Zaandam","Zaanstad","Noord-Holland",false,52.455004,4.820601,"injury","2","rain",false,1,"GM0479"
"20240096475",2024,"Letsel",2,"Fiets","Voetganger","Voetganger","Bocht",50,"Niet brandend","Daglicht","Droog",\N,"355408071","Kop van Het Ruim","Dronten","Dronten","Flevoland",false,52.525387,5.719573,"injury","2","clear",false,1,"GM0303"
"20240100546",2024,"Letsel",2,"Bromfiets","Fiets","Frontaal","Rechte weg",80,"Niet brandend","Schemer","Droog",\N,\N,"PROVINCIALEWEG N214","Oud-Alblas","Molenlanden","Zuid-Holland",false,51.842763,4.719745,"injury","2","clear",false,1,"GM1978"
"20240043515",2024,"Letsel",2,"Bromfiets","Fiets","Onbekend","Kruispunt, 3 takken",30,"Niet brandend","Daglicht","Droog",\N,\N,"Veenweg","'s-Gravenhage","'s-Gravenhage","Zuid-Holland",false,52.060297,4.400398,"injury","2","clear",false,1,"GM0518"
"20240044154",2024,"Uitsluitend materiele schade",2,"Fiets","Personenauto","Flank","Rotonde",50,"Niet brandend","Daglicht","Droog",\N,\N,"Spinding","Cuijk","Land van Cuijk","Noord-Brabant",false,51.73231,5.865233,"material damage only","4","clear",false,1,"GM1982"
"20240074261",2024,"Letsel",2,"Bus","Fiets","Onbekend","Rechte weg",30,"Niet brandend","Daglicht","Droog","Bus-/Tramhalte","315207049","Boschweg","Schijndel","Meierijstad","Noord-Brabant",false,51.623384,5.427257,"injury","2","clear",false,1,"GM1948"
"20240077619",2024,"Letsel",2,"Fiets","Fiets","Onbekend","Rechte weg",30,"Niet brandend","Daglicht","Droog",\N,"239336051","Herenweg","Wilnis","De Ronde Venen","Utrecht",false,52.198249,4.879581,"injury","2","clear",false,1,"GM0736"
"20240095461",2024,"Uitsluitend materiele schade",1,"Fiets",\N,"Onbekend","Rechte weg",80,"Niet brandend","Schemer","Droog",\N,"287303011","Werkhovenseweg","Odijk","Bunnik","Utrecht",false,52.051141,5.22814,"material damage only","4","clear",false,1,"GM0312"
"20240095966",2024,"Letsel",2,"Fiets","Fiets","Frontaal","Rechte weg",50,"Niet brandend","Daglicht","Droog",\N,\N,"Brakkeveldweg","Den Helder","Den Helder","Noord-Holland",false,52.9486,4.757919,"injury","2","clear",false,1,"GM0400"
"20240101069",2024,"Letsel",2,"Fiets","Bromfiets","Flank","Kruispunt, 4 takken",30,"Niet brandend","Daglicht","Droog",\N,\N,"Hoefweg","Bleiswijk","Lansingerland","Zuid-Holland",false,52.035096,4.541616,"injury","2","clear",false,1,"GM1621"
"20240101799",2024,"Uitsluitend materiele schade",2,"Fiets","Personenauto","Onbekend","Kruispunt, 4 takken",50,"Niet brandend","Daglicht","Droog",\N,\N,"St. Jansstraat","Hoensbroek","Heerlen","Limburg",false,50.922275,5.923785,"material damage only","4","clear",false,1,"GM0917"
"20240071163",2024,"Letsel",2,"Personenauto","Fiets","Flank","Kruispunt, 4 takken",30,\N,"Daglicht","Regen",\N,\N,"Vlasakker","Schiedam","Schiedam","Zuid-Holland",false,51.940764,4.376206,"injury","2","rain",false,1,"GM0606"
"20240079475",2024,"Letsel",2,"Personenauto","Fiets","Flank","Kruispunt, 4 takken",50,"Brandend","Duisternis","Regen",\N,\N,"Taurusavenue","Hoofddorp","Haarlemmermeer","Noord-Holland",true,52.287989,4.707155,"injury","2","rain",false,1,"GM0394"
"20240088507",2024,"Letsel",1,"Fiets",\N,"Onbekend",\N,50,\N,"Daglicht",\N,\N,"159307035","Paul Krugerlaan","'s-Gravenhage","'s-Gravenhage","Zuid-Holland",false,52.068375,4.292065,"injury","2","unknown",false,1,"GM0518"
"20240091766",2024,"Uitsluitend materiele schade",1,"Fiets",\N,"Onbekend","Bocht",50,"Niet brandend","Daglicht","Droog",\N,"318204039","Dierenriem","Schijndel","Meierijstad","Noord-Brabant",false,51.610449,5.451881,"material damage only","4","clear",false,1,"GM1948"
"20240095505",2024,"Letsel",1,"Fiets",\N,"Onbekend",\N,30,\N,"Daglicht",\N,\N,"272314089","Merelstraat","Utrecht","Utrecht","Utrecht",false,52.100634,5.115343,"injury","2","unknown",false,1,"GM0344"
"20240100494",2024,"Uitsluitend materiele schade",1,"Fiets",\N,"Onbekend","Rechte weg",30,"Niet brandend","Daglicht",\N,\N,"153261019","Groene Kruisweg","Geervliet","Nissewaard","Zuid-Holland",false,51.858635,4.254169,"material damage only","4","unknown",false,1,"GM1930"
"20240100785",2024,"Uitsluitend materiele schade",2,"Fiets","Fiets","Flank","Rechte weg",30,"Niet brandend","Daglicht","Droog","Brug/viaduct","600491271","FIETSPAD","Rotterdam","Rotterdam","Zuid-Holland",false,51.909608,4.485858,"material damage only","4","clear",false,1,"GM0599"
"20240074988",2024,"Letsel",2,"Snorfiets","Fiets","Onbekend","Rechte weg",30,"Brandend","Duisternis","Droog",\N,"501358019","Stavangerstraat","Hengelo","Hengelo (O)","Overijssel",false,52.292987,6.79513,"injury","2","clear",false,1,\N
"20240087267",2024,"Letsel",2,"Personenauto","Fiets","Flank","Rotonde",50,"Niet brandend","Daglicht","Droog",\N,\N,"Waterigeweg","Zeist","Zeist","Utrecht",false,52.075684,5.229376,"injury","2","clear",false,1,"GM0355"
"20240091147",2024,"Uitsluitend materiele schade",2,"Personenauto","Fiets","Flank","Kruispunt, 4 takken",30,"Niet brandend","Daglicht","Droog",\N,\N,"Reserveboezemstraat","Rotterdam","Rotterdam","Zuid-Holland",false,51.93748,4.496422,"material damage only","4","clear",false,1,"GM0599"
"20240100660",2024,"Letsel",1,"Fiets",\N,"Onbekend","Bocht",30,"Niet brandend","Daglicht","Droog",\N,"158311012","Sweelinckplein","'s-Gravenhage","'s-Gravenhage","Zuid-Holland",false,52.083399,4.285425,"injury","2","clear",false,1,"GM0518"
"20240101149",2024,"Letsel",2,"Bromfiets","Fiets","Flank","Kruispunt, 4 takken",30,"Niet brandend","Daglicht","Droog",\N,\N,"De la Reyweg","'s-Gravenhage","'s-Gravenhage","Zuid-Holland",false,52.069536,4.284829,"injury","2","clear",false,1,"GM0518"
"20240101267",2024,"Letsel",3,"Personenauto","Fiets","Frontaal","Rotonde",50,"Niet brandend","Daglicht","Droog",\N,\N,"Nachtegaallaan","Maassluis","Maassluis","Zuid-Holland",false,51.932862,4.236742,"injury","2","clear",false,1,"GM0556"
"20240101405",2024,"Uitsluitend materiele schade",2,"Personenauto","Fiets","Flank","Kruispunt, 3 takken",30,"Niet brandend","Daglicht","Droog",\N,\N,"Molenstraat","Waalre","Waalre","Noord-Brabant",false,51.385867,5.443269,"material damage only","4","clear",false,1,"GM0866"
"20240071223",2024,"Letsel",2,"Personenauto","Fiets","Kop/staart","Rechte weg",50,"Niet brandend","Daglicht","Droog",\N,"600721540","Schieweg","Delft","Delft","Zuid-Holland",false,51.977853,4.381609,"injury","2","clear",false,1,"GM0503"
"20240073752",2024,"Uitsluitend materiele schade",3,"Personenauto","Fiets","Flank","Rotonde",50,"Niet brandend","Daglicht","Droog",\N,\N,"Zuidsingel","Venray","Venray","Limburg",false,51.519258,5.979023,"material damage only","4","clear",false,1,"GM0984"
"20240078327",2024,"Letsel",2,"Fiets","Fiets","Onbekend","Rechte weg",60,\N,"Daglicht","Droog",\N,"416388001","Gravenweg","Wijhe","Olst-Wijhe","Overijssel",false,52.430395,6.177281,"injury","2","clear",false,1,"GM1773"
"20240082761",2024,"Uitsluitend materiele schade",1,"Fiets",\N,"Onbekend","Rechte weg",30,"Niet brandend","Daglicht","Droog",\N,"157179023","Jacob Obrechtlaan","Bergen op Zoom","Bergen op Zoom","Noord-Brabant",false,51.491878,4.293151,"material damage only","4","clear",false,1,"GM0748"
"20240101641",2024,"Uitsluitend materiele schade",1,"Fiets",\N,"Eenzijdig","Rotonde",80,"Niet brandend","Daglicht","Droog",\N,\N,"Karkenerweg","Posterholt","Roerdalen","Limburg",false,51.122278,6.047136,"material damage only","4","clear",false,1,"GM1669"
"20240050161",2024,"Letsel",2,"Personenauto","Fiets","Kop/staart","Rechte weg",30,"Niet brandend","Daglicht","Droog","Parkeervoorziening",\N,"'s-Gravenzandelaan","'s-Gravenhage","'s-Gravenhage","Zuid-Holland",false,52.071103,4.296735,"injury","2","clear",false,1,"GM0518"
"20240083452",2024,"Uitsluitend materiele schade",2,"Snorfiets","Fiets","Flank","Rechte weg",80,"Niet brandend","Daglicht","Droog",\N,"600670843","Elftweg","Grave","Land van Cuijk","Noord-Brabant",false,51.756816,5.736687,"material damage only","4","clear",false,1,"GM1982"
"20240084127",2024,"Letsel",2,"Personenauto","Fiets","Frontaal","Kruispunt, 4 takken",30,"Niet brandend","Daglicht","Droog",\N,\N,"Noorderbinnensingel","Groningen","Groningen","Groningen",false,53.222641,6.555747,"injury","2","clear",false,1,"GM0014"
"20240084130",2024,"Uitsluitend materiele schade",2,"Personenauto","Fiets","Onbekend","Bocht",60,"Niet brandend","Daglicht","Droog",\N,\N,"Ottenweg","Oldebroek","Oldebroek","Gelderland",false,52.429887,5.925977,"material damage only","4","clear",false,1,"GM0269"