"accident_id","year","severity_raw","party_count","party1_type","party2_type","accident_type","road_situation","speed_limit_kmh","road_lighting","light_condition_label","weather_raw","infra_type","road_segment_id","street_name","place_name","gemeente_name_raw","province","alcohol_indicated","latitude","longitude","severity_label","severity_code","weather_label","built_up_area","cyclists_involved","gemeente_code"
"20240048293",2024,"Uitsluitend materiele schade",2,"Personenauto","e-bike","Flank","Kruispunt, 4 takken",50,"Niet brandend","Daglicht","Droog",\N,\N,"Bosdrift","Hilversum","Hilversum","Noord-Holland",false,52.215263,5.165476,"material damage only","4","clear",false,1,"GM0402"
"20240048303",2024,"Uitsluitend materiele schade",2,"Snorfiets","Fiets","Onbekend","Kruispunt, 4 takken",50,"Niet brandend","Daglicht","Regen",\N,\N,"Blauwkapelseweg","Utrecht","Utrecht","Utrecht",false,52.100876,5.129367,"material damage only","4","rain",false,1,"GM0344"
"20240071320",2024,"Letsel",2,"Personenauto","Fiets","Frontaal","Kruispunt, 4 takken",30,"Niet brandend","Duisternis","Droog",\N,\N,"Van der Lelijstraat","Delft","Delft","Zuid-Holland",false,52.012564,4.334826,"injury","2","clear",false,1,"GM0503"
"20230057034",2023,"Uitsluitend materiele schade",2,"Personenauto","Fiets","Flank","Kruispunt, 4 takken",30,"Niet brandend","Daglicht","Droog",\N,\N,"Laan 1940-1945","Meteren","West Betuwe","Gelderland",false,51.870853,5.284425,"material damage only","4","clear",false,1,"GM1960"
"20230063495",2023,"Uitsluitend materiele schade",2,"Personenauto","Fiets","Flank","Kruispunt, 4 takken",30,"Niet brandend","Daglicht","Droog",\N,\N,"Burgemeester Brokxlaan","Tilburg","Tilburg","Noord-Brabant",false,51.561788,5.087088,"material damage only","4","clear",false,1,"GM0855"
"20230040743",2023,"Letsel",2,"Personenauto","Fiets","Flank","Kruispunt, 3 takken",50,"Niet brandend","Daglicht","Droog",\N,\N,"Groensvoorde","Waddinxveen","Waddinxveen","Zuid-Holland",false,52.055541,4.647305,"injury","2","clear",false,1,"GM0627"
"20230000311",2023,"Dodelijk",2,"Personenauto","e-bike","Frontaal","Kruispunt, 3 takken",50,"Niet brandend","Daglicht","Droog",\N,\N,"Sprengenweg","Apeldoorn","Apeldoorn","Gelderland",false,52.211813,5.942093,"fatal","1","clear",false,1,"GM0200"
"20230042502",2023,"Letsel",2,"Personenauto","Fiets","Flank","Kruispunt, 4 takken",50,"Niet brandend","Daglicht","Droog",\N,\N,"Wilhelminastraat","Berkel en Rodenrijs","Lansingerland","Zuid-Holland",false,51.996188,4.48157,"injury","2","clear",false,1,"GM1621"
"20230048424",2023,"Uitsluitend materiele schade",2,"Bromfiets","Fiets","Voetganger","Kruispunt, 4 takken",50,"Niet brandend","Daglicht","Droog",\N,\N,"Jan van der Heijdenstr","Hilversum","Hilversum","Noord-Holland",false,52.230253,5.191581,"material damage only","4","clear",false,1,"GM0402"
"20230053041",2023,"Letsel",2,"Bestelauto","Fiets","Onbekend","Kruispunt, 4 takken",30,"Niet brandend","Daglicht","Droog",\N,"209245044","De Savornin Lohmanweg","Dordrecht","Dordrecht","Zuid-Holland",false,51.79027,4.661213,"injury","2","clear",false,1,"GM0505"
"20230058127",2023,"Letsel",1,"Fiets",\N,"Eenzijdig","Rotonde",50,"Niet brandend","Daglicht","Regen",\N,\N,"Rijnsburgerweg","Leiden","Leiden","Zuid-Holland",false,52.170453,4.479621,"injury","2","rain",false,1,"GM0546"
"20230059466",2023,"Uitsluitend materiele schade",2,"Bromfiets","Fiets","Flank","Kruispunt, 4 takken",30,"Niet brandend","Daglicht","Droog",\N,\N,"Elandsgracht","Amsterdam","Amsterdam","Noord-Holland",false,52.368816,4.878134,"material damage only","4","clear",false,1,"GM0363"
"20230059475",2023,"Letsel",3,"Fiets","Personenauto","Eenzijdig","Kruispunt, 3 takken",50,"Niet brandend","Daglicht","Droog",\N,\N,"Hagelingerweg","Santpoort-Noord","Velsen","Noord-Holland",false,52.433665,4.644283,"injury","2","clear",false,1,"GM0453"
"20230056560",2023,"Uitsluitend materiele schade",3,\N,"Fiets","Onbekend","Kruispunt, 3 takken",30,"Niet brandend","Daglicht","Droog",\N,\N,"Blekerstraat","Almere","Almere","Flevoland",false,52.369161,5.217605,"material damage only","4","clear",false,1,"GM0034"
"20230058758",2023,"Uitsluitend materiele schade",2,"Personenauto","Fiets","Onbekend","Rechte weg",30,"Niet brandend","Daglicht","Droog",\N,"211443001","Doodweg","Schoorl","Bergen (NH)","Noord-Holland",false,52.680005,4.663694,"material damage only","4","clear",false,1,\N
"20230062462",2023,"Letsel",2,"Personenauto","Fiets","Geparkeerd voertuig","Rechte weg",30,"Niet brandend","Daglicht","Droog","Parkeervoorziening","322156025","Emmastraat","Waalre","Waalre","Noord-Brabant",false,51.395427,5.477128,"injury","2","clear",false,1,"GM0866"
"20230039117",2023,"Letsel",2,"Personenauto","Fiets","Frontaal","Rechte weg",50,"Niet aanwezig","Daglicht","Droog",\N,"211343033","Noordeinde","Leimuiden","Kaag en Braassem","Zuid-Holland",false,52.228054,4.672079,"injury","2","clear",false,1,"GM1884"
"20230041948",2023,"Uitsluitend materiele schade",2,"Personenauto","Fiets","Flank","Kruispunt, 4 takken",50,"Brandend","Duisternis","Droog",\N,\N,"Emmasingel","Eindhoven","Eindhoven","Noord-Brabant",false,51.441125,5.475721,"material damage only","4","clear",false,1,"GM0772"
"20230045512",2023,"Letsel",3,"Fiets","Fiets","Onbekend","Kruispunt, 4 takken",30,"Niet aanwezig","Daglicht","Droog",\N,\N,"Ambachtsweg","Veendam","Veendam","Groningen",false,53.114016,6.888646,"injury","2","clear",false,1,"GM0047"
"20230049632",2023,"Letsel",2,"e-bike","Personenauto","Flank","Kruispunt, 4 takken",50,"Niet brandend","Daglicht","Droog",\N,\N,"Zuidpoldersingel","Delfgauw","Pijnacker-Nootdorp","Zuid-Holland",false,52.000798,4.392514,"injury","2","clear",false,1,"GM1926"
"20230050770",2023,"Uitsluitend materiele schade",3,"Fiets","Fiets","Onbekend","Rechte weg",30,"Niet brandend","Daglicht","Regen",\N,"600755573","Pieter Calandlaan","Amsterdam","Amsterdam","Noord-Holland",false,52.353313,4.80652,"material damage only","4","rain",false,1,"GM0363"
"20230053090",2023,"Letsel",2,"Bestelauto","Fiets","Onbekend","Kruispunt, 4 takken",30,"Niet brandend","Daglicht","Droog",\N,\N,"Zuidersingel","Barendrecht","Barendrecht","Zuid-Holland",false,51.850137,4.500926,"injury","2","clear",false,1,"GM0489"
"20230054255",2023,"Uitsluitend materiele schade",2,"Personenauto","Fiets","Flank","Kruispunt, 3 takken",50,"Brandend","Duisternis","Droog",\N,\N,"Uiverlaan","Helmond","Helmond","Noord-Brabant",false,51.487308,5.66258,"material damage only","4","clear",false,1,"GM0794"
"20230054831",2023,"Uitsluitend materiele schade",2,"Fiets","Fiets","Flank","Rechte weg",50,"Niet brandend","Daglicht","Droog",\N,"485374013","Ootmarsumsestraat","Almelo","Almelo","Overijssel",false,52.366063,6.676173,"material damage only","4","clear",false,1,"GM0141"
"20230057720",2023,"Letsel",3,"Fiets","Fiets","Onbekend","Bocht",\N,\N,"Daglicht","Droog",\N,"242310054","Adriaan Duyckpad","Woerden","Woerden","Utrecht",false,52.086639,4.89515,"injury","2","clear",false,1,"GM0632"
"20230060986",2023,"Uitsluitend materiele schade",2,"Personenauto","e-bike","Los voorwerp","Kruispunt, 4 takken",30,"Niet brandend","Daglicht","Droog",\N,\N,"Seringenstraat","Vlaardingen","Vlaardingen","Zuid-Holland",false,51.917969,4.357814,"material damage only","4","clear",false,1,"GM0622"
"20230061010",2023,"Letsel",2,"Personenauto","Fiets","Geparkeerd voertuig","Rechte weg",50,"Niet brandend","Daglicht","Droog",\N,"192343001","Heereweg","Lisse","Lisse","Zuid-Holland",false,52.233127,4.531028,"injury","2","clear",false,1,"GM0553"
"20240131907",2024,"Letsel",1,"Fiets",\N,"Frontaal","Rotonde",50,"Niet brandend","Daglicht","Droog",\N,\N,"Grevelingenweg","Hoorn","Hoorn","Noord-Holland",false,52.653212,5.099463,"injury","2","clear",false,1,"GM0405"
"20230037993",2023,"Uitsluitend materiele schade",2,"Onbekend voertuig i.g.v. doorrijder","Fiets","Onbekend","Rechte weg",30,"Brandend","Duisternis","Droog",\N,"270311063","Kanaalstraat","Utrecht","Utrecht","Utrecht",false,52.09134,5.100662,"material damage only","4","clear",false,1,"GM0344"
"20230051956",2023,"Letsel",4,"Fiets",\N,"Eenzijdig","Kruispunt, 3 takken",50,"Niet aanwezig","Daglicht","Droog",\N,\N,"Adam Pijnackerpad","Schiedam","Schiedam","Zuid-Holland",false,51.951858,4.370702,"injury","2","clear",false,1,"GM0606"
"20230054281",2023,"Letsel",2,\N,"Fiets","Eenzijdig","Rechte weg",30,"Niet brandend","Daglicht","Droog",\N,"351194020","Prelaat Penningsstraat","Gemert","Gemert-Bakel","Noord-Brabant",false,51.561344,5.689002,"injury","2","clear",false,1,"GM1652"
"20230058208",2023,"Letsel",1,"Fiets",\N,"Eenzijdig","Rechte weg",30,"Niet brandend","Daglicht","Droog",\N,"189328031","Lage Rijndijk","Leiden","Leiden","Zuid-Holland",false,52.161661,4.508929,"injury","2","clear",false,1,"GM0546"
"20230064764",2023,"Uitsluitend materiele schade",2,"Fiets","Scootmobiel","Frontaal","Kruispunt, 3 takken",60,"Niet brandend","Daglicht","Droog",\N,\N,"Herfterlaan","Zwolle","Zwolle","Overijssel",false,52.508117,6.144427,"material damage only","4","clear",false,1,"GM0193"
"20230037438",2023,"Uitsluitend materiele schade",2,"Bromfiets","Fiets","Flank","Kruispunt, 4 takken",15,"Niet brandend","Daglicht","Droog",\N,\N,"Kleine Houtstraat","Haarlem","Haarlem","Noord-Holland",false,52.378326,4.636268,"material damage only","4","clear",false,1,"GM0392"
"20230037439",2023,"Letsel",2,"Fiets","Fiets","Onbekend","Rechte weg",30,"Niet aanwezig","Duisternis","Droog",\N,"600558524","Lageweg","Schellinkhout","Drechterland","Noord-Holland",false,52.648679,5.110835,"injury","2","clear",false,1,"GM0498"
"20230039188",2023,"Uitsluitend materiele schade",2,"Personenauto","Fiets","Flank","Rechte weg",50,"Niet brandend","Daglicht","Droog",\N,\N,"Tussen Meer","Amsterdam","Amsterdam","Noord-Holland",false,52.355791,4.788367,"material damage only","4","clear",false,1,"GM0363"
"20230039196",2023,"Letsel",2,"Fiets","Fiets","Onbekend","Rechte weg",30,"Niet brandend","Daglicht","Droog",\N,"215295045","H.J. Nederhorststraat","Gouda","Gouda","Zuid-Holland",false,52.016773,4.695974,"injury","2","clear",false,1,"GM0513"
"20230043213",2023,"Letsel",2,"Bromfiets","Fiets","Kop/staart","Rechte weg",30,"Niet brandend","Daglicht","Droog",\N,"600506066","Hekelingseweg","Spijkenisse","Nissewaard","Zuid-Holland",true,51.831911,4.33459,"injury","2","clear",false,1,"GM1930"
"20230049696",2023,"Uitsluitend materiele schade",2,"Personenauto","Fiets","Flank","Rotonde",50,"Niet brandend","Daglicht","Droog",\N,\N,"Sportlaan","Amstelveen","Amstelveen","Noord-Holland",false,52.29042,4.863435,"material damage only","4","clear",false,1,"GM0362"
"20230049704",2023,"Uitsluitend materiele schade",2,"Bromfiets","Fiets","Flank","Rechte weg",30,"Niet brandend","Daglicht","Droog",\N,"600363209","Amstel","Amsterdam","Amsterdam","Noord-Holland",false,52.365281,4.902275,"material damage only","4","clear",false,1,"GM0363"
"20230051999",2023,"Letsel",2,"Personenauto","e-bike","Flank","Kruispunt, 4 takken",50,"Niet brandend","Daglicht","Droog",\N,\N,"Mathenesserdijk","Rotterdam","Rotterdam","Zuid-Holland",false,51.91608,4.442938,"injury","2","clear",false,1,"GM0599"
"20230041524",2023,"Letsel",2,"Fiets","Personenauto","Flank","Rotonde",50,"Niet brandend","Daglicht","Regen",\N,\N,"Ln der Verenigde Naties","Middelburg","Middelburg","Zeeland",false,51.50367,3.595674,"injury","2","rain",false,1,\N
"20230046803",2023,"Uitsluitend materiele schade",2,"Bromfiets","Fiets","Onbekend","Kruispunt, 3 takken",50,"Niet brandend","Daglicht","Droog",\N,\N,"P Jelles Troelstraln","Zaandam","Zaanstad","Noord-Holland",false,52.43205,4.84365,"material damage only","4","clear",false,1,"GM0479"
"20230047375",2023,"Letsel",2,"Bromfiets","Fiets","Flank","Kruispunt, 3 takken",30,"Niet brandend","Daglicht","Droog",\N,\N,"Floresstraat","Haarlem","Haarlem","Noord-Holland",false,52.399309,4.644425,"injury","2","clear",false,1,"GM0392"
"20240131037",2024,"Letsel",2,"Personenauto","Fiets","Flank","Rechte weg",50,"Brandend","Duisternis","Droog","Parkeervoorziening","600494031","Mercuriusweg","Wormer","Wormerland","Noord-Holland",false,52.492485,4.800984,"injury","2","clear",false,1,"GM0880"
"20230037523",2023,"Letsel",2,"Personenauto","Fiets","Flank","Kruispunt, 4 takken",50,"Niet brandend","Daglicht","Regen",\N,\N,"Zuidtangent","Heerhugowaard","Dijk en Waard","Noord-Holland",false,52.657591,4.840162,"injury","2","rain",false,1,"GM1980"
"20230056706",2023,"Letsel",3,"Fiets","Personenauto","Onbekend","Rechte weg",30,"Niet brandend","Daglicht","Droog",\N,"451407003","Zeesserweg","Ommen","Ommen","Overijssel",false,52.514533,6.426208,"injury","2","clear",false,1,"GM0175"
"20230047430",2023,"Uitsluitend materiele schade",2,"Snorfiets","Fiets","Frontaal","Kruispunt, 4 takken",30,"Niet brandend","Daglicht","Droog",\N,\N,"Merelstraat","Utrecht","Utrecht","Utrecht",false,52.099259,5.115802,"material damage only","4","clear",false,1,"GM0344"
"20230050947",2023,"Uitsluitend materiele schade",2,"Personenauto","Fiets","Flank","Rotonde",30,"Niet brandend","Daglicht","Droog",\N,\N,"Kasterenlaan","Tilburg","Tilburg","Noord-Brabant",false,51.577588,5.002035,"material damage only","4","clear",false,1,"GM0855"
"20230059345",2023,"Letsel",2,"Fiets","Overig vast object","Vast voorwerp","Rechte weg",50,"Niet brandend","Daglicht","Droog",\N,\N,"Brakkeveldweg","Den Helder","Den Helder","Noord-Holland",false,52.94821,4.75766,"injury","2","clear",false,1,"GM0400"
"20230059730",2023,"Letsel",2,"Fiets","Bromfiets","Flank","Kruispunt, 3 takken",30,"Brandend","Schemer","Droog",\N,\N,"Westerweg","Alkmaar","Alkmaar","Noord-Holland",false,52.624912,4.726536,"injury","2","clear",false,1,"GM0361"
"20230060181",2023,"Uitsluitend materiele schade",1,"Fiets",\N,"Frontaal","Rechte weg",50,"Niet brandend","Daglicht","Droog",\N,"187276094","Boezemstraat","Rotterdam","Rotterdam","Zuid-Holland",false,51.930723,4.497124,"material damage only","4","clear",false,1,"GM0599"
"20230060652",2023,"Letsel",2,"Fiets","Dier","Dier","Rechte weg",\N,"Niet brandend","Daglicht","Droog",\N,"600211002","Buitenpad","Alblasserdam","Alblasserdam","Zuid-Holland",false,51.87333,4.657321,"injury","2","clear",false,1,"GM0482"
"20230061166",2023,"Letsel",2,"Bromfiets","Fiets","Onbekend","Rechte weg",80,"Niet brandend","Daglicht","Droog",\N,"178261067","Groene Kruisweg","Rhoon","Albrandswaard","Zuid-Holland",false,51.862799,4.433668,"injury","2","clear",false,1,"GM0613"
"20240133497",2024,"Letsel",2,"Personenauto","Fiets","Onbekend","Rechte weg",30,"Brandend","Duisternis","Droog",\N,"600729512","Kerkzicht","Voorhout","Teylingen","Zuid-Holland",false,52.223326,4.485649,"injury","2","clear",false,1,"GM1525"
"20230041058",2023,"Uitsluitend materiele schade",1,"e-bike",\N,"Onbekend","Rotonde",50,"Niet brandend","Daglicht","Droog",\N,\N,"Shakespearelaan","Venlo","Venlo","Limburg",false,51.365157,6.134998,"material damage only","4","clear",false,1,"GM0983"
"20230042758",2023,"Letsel",2,"Personenauto","Fiets","Flank","Rotonde",50,"Niet brandend","Daglicht","Droog",\N,\N,"Nieuwe Haven","Schiedam","Schiedam","Zuid-Holland",false,51.912512,4.398802,"injury","2","clear",false,1,"GM0606"
"20230049826",2023,"Uitsluitend materiele schade",2,"Personenauto","Fiets","Flank","Kruispunt, 4 takken",30,"Niet brandend","Daglicht","Droog",\N,\N,"Osdorperweg","Amsterdam","Amsterdam","Noord-Holland",false,52.342225,4.797513,"material damage only","4","clear",false,1,"GM0363"
"20230051560",2023,"Uitsluitend materiele schade",2,"Personenauto","Fiets","Flank","Rotonde",50,"Niet brandend","Daglicht","Droog",\N,\N,"Tilburgseweg","Hilvarenbeek","Hilvarenbeek","Noord-Brabant",false,51.491864,5.135718,"material damage only","4","clear",false,1,"GM0798"
"20230053884",2023,"Letsel",2,"Fiets","Fiets","Kop/staart",\N,50,"Niet brandend","Daglicht","Droog",\N,"268229008","Provincialeweg","Doeveren","Heusden","Noord-Brabant",false,51.723889,5.097364,"injury","2","clear",false,1,"GM0797"
"20230056197",2023,"Uitsluitend materiele schade",2,"Fiets","Fiets","Frontaal","Rechte weg",50,"Niet brandend","Daglicht","Droog",\N,"600606183","Willemsweg","Nijmegen","Nijmegen","Gelderland",false,51.83779,5.849845,"material damage only","4","clear",false,1,"GM0268"
"20230060223",2023,"Uitsluitend materiele schade",2,"Bromfiets","Fiets","Onbekend","Rechte weg",30,"Niet brandend","Daglicht","Droog",\N,"199276071","Amnestyplein","Capelle aan den IJssel","Capelle aan den IJssel","Zuid-Holland",false,51.930844,4.587191,"material damage only","4","clear",false,1,"GM0502"
"20240133666",2024,"Letsel",2,"Fiets","Snorfiets","Frontaal","Kruispunt, 4 takken",30,"Brandend","Duisternis","Droog/Mist",\N,\N,"Ds. C. Spoorlaan","Nootdorp","Pijnacker-Nootdorp","Zuid-Holland",false,52.044519,4.39835,"injury","2","unknown",false,1,"GM1926"
"20240133106",2024,"Letsel",2,"Fiets","Personenauto","Flank","Kruispunt, 3 takken",30,"Niet brandend","Daglicht","Droog",\N,\N,"FIETSPAD","Zoetermeer","Zoetermeer","Zuid-Holland",false,52.045127,4.492571,"injury","2","clear",false,1,"GM0637"
"20240133109",2024,"Letsel",2,"Personenauto","Fiets","Flank","Kruispunt, 4 takken",50,"Brandend","Duisternis","Droog",\N,\N,"Bloemendaalseweg","Gouda","Gouda","Zuid-Holland",false,52.02361,4.707367,"injury","2","clear",false,1,"GM0513"
"20240132294",2024,"Uitsluitend materiele schade",2,"Personenauto","Fiets","Flank","Rotonde",50,"Niet brandend","Daglicht",\N,\N,\N,"De Noord","Dronten","Dronten","Flevoland",false,52.535487,5.722551,"material damage only","4","unknown",false,1,"GM0303"
"20240132297",2024,"Letsel",2,"e-bike","Personenauto","Flank","Rotonde",50,"Niet brandend","Daglicht","Droog",\N,\N,"Symon Spiersweg","Zaandam","Zaanstad","Noord-Holland",false,52.424349,4.827322,"injury","2","clear",false,1,"GM0479"
"20240127660",2024,"Letsel",2,"Personenauto","Fiets","Frontaal","Kruispunt, 4 takken",50,"Niet aanwezig","Daglicht","Regen",\N,\N,"De Savornin Lohmanstraat","Apeldoorn","Apeldoorn","Gelderland",true,52.199814,5.979725,"injury","2","rain",false,1,"GM0200"
"20230065581",2023,"Uitsluitend materiele schade",2,"Personenauto","Fiets","Frontaal","Kruispunt, 4 takken",30,"Niet brandend","Daglicht","Regen",\N,\N,"Voorstraat","Franeker","Waadhoeke","Friesland",false,53.186433,5.544039,"material damage only","4","rain",false,1,"GM1949"
"20230039349",2023,"Uitsluitend materiele schade",2,"Bromfiets","Fiets","Onbekend","Kruispunt, 4 takken",30,"Niet brandend","Daglicht","Droog",\N,\N,"Kralingseweg","Rotterdam","Rotterdam","Zuid-Holland",false,51.931832,4.56368,"material damage only","4","clear",false,1,"GM0599"
"20230041664",2023,"Uitsluitend materiele schade",3,"Fiets","Personenauto","Onbekend","Rechte weg",50,"Niet brandend","Daglicht","Droog",\N,"222199034","Haagweg","Breda","Breda","Noord-Brabant",false,51.583617,4.758966,"material damage only","4","clear",false,1,"GM0758"
"20230053341",2023,"Letsel",1,"Fiets",\N,"Eenzijdig","Rechte weg",80,\N,"Daglicht",\N,\N,"171266012","Schalekampplein","Pernis Rotterdam","Rotterdam","Zuid-Holland",false,51.885393,4.382748,"injury","2","unknown",false,1,"GM0599"
"20240128410",2024,"Dodelijk",2,"Bestelauto","Fiets","Frontaal","Kruispunt, 4 takken",30,"Niet brandend","Daglicht","Droog",\N,\N,"Barnewinkel","Apeldoorn","Apeldoorn","Gelderland",false,52.201807,6.013546,"fatal","1","clear",false,1,"GM0200"
"20230038816",2023,"Uitsluitend materiele schade",4,"Fiets","Personenauto","Onbekend","Kruispunt, 3 takken",30,"Niet brandend","Daglicht",\N,\N,\N,"Witte de Withstraat","Alphen aan den Rijn","Alphen aan den Rijn","Zuid-Holland",false,52.138855,4.656847,"material damage only","4","unknown",false,1,"GM0484"
"20230039377",2023,"Letsel",2,"Fiets","Fiets","Onbekend","Rechte weg",50,"Niet brandend","Daglicht","Droog",\N,"212308005","Reijerskoop","Boskoop","Alphen aan den Rijn","Zuid-Holland",false,52.073824,4.675226,"injury","2","clear",false,1,"GM0484"
"20230051622",2023,"Letsel",2,"Fiets","Fiets","Frontaal","Bocht",50,"Niet brandend","Daglicht","Droog",\N,"200281145","Vlinderbaan","Capelle aan den IJssel","Capelle aan den IJssel","Zuid-Holland",false,51.952631,4.589357,"injury","2","clear",false,1,"GM0502"
"20230054522",2023,"Uitsluitend materiele schade",2,"Bromfiets","Fiets","Frontaal","Bocht",\N,"Niet brandend","Daglicht","Droog",\N,"600499649","FIETSPAD","Eindhoven","Eindhoven","Noord-Brabant",false,51.466617,5.417797,"material damage only","4","clear",false,1,"GM0772"
"20230056279",2023,"Uitsluitend materiele schade",2,"Personenauto","Fiets","Flank","Kruispunt, 3 takken",50,"Brandend","Duisternis","Droog",\N,\N,"FIETSPAD","Utrecht","Utrecht","Utrecht",false,52.093353,5.111723,"material damage only","4","clear",false,1,"GM0344"
"20230059855",2023,"Uitsluitend materiele schade",2,"Personenauto","Fiets","Flank","Kruispunt, 4 takken",30,"Niet brandend","Daglicht","Droog",\N,\N,"Emmikhovenstraat","Amsterdam","Amsterdam","Noord-Holland",false,52.35705,4.792487,"material damage only","4","clear",false,1,"GM0363"
"20230065009",2023,"Letsel",2,"Bestelauto","Fiets","Eenzijdig","Rechte weg",60,"Niet brandend","Daglicht","Droog",\N,"467573009","Wolddijk","Zuidwolde","Het Hogeland","Groningen",false,53.262866,6.566821,"injury","2","clear",false,1,"GM1966"
"20230066465",2023,"Uitsluitend materiele schade",1,"Fiets",\N,"Voetganger","Rechte weg",\N,"Niet brandend","Daglicht","Droog",\N,"234372014","Postjesweg","Amsterdam","Amsterdam","Noord-Holland",false,52.363891,4.838496,"material damage only","4","clear",false,1,"GM0363"
"20240128566",2024,"Letsel",1,"Fiets",\N,"Onbekend","Kruispunt, 3 takken",30,"Niet brandend","Daglicht","Regen",\N,\N,"de Gast","Zuidhorn","Westerkwartier","Groningen",false,53.248376,6.404514,"injury","2","rain",false,1,"GM1969"
"20230042287",2023,"Letsel",2,"Fiets","Personenauto","Flank","Kruispunt, 3 takken",80,"Brandend","Duisternis","Droog",\N,\N,"Ettensebaan","Klein Zundert","Zundert","Noord-Brabant",false,51.488067,4.648765,"injury","2","clear",false,1,"GM0879"
"20240128175",2024,"Letsel",2,"Fiets","Personenauto","Flank","Kruispunt, 4 takken",30,"Niet brandend","Schemer","Droog",\N,\N,"Paulus Potterstraat","Zutphen","Zutphen","Gelderland",false,52.139078,6.210038,"injury","2","clear",false,1,"GM0301"
"20230066482",2023,"Uitsluitend materiele schade",2,"e-bike","Personenauto","Flank","Kruispunt, 3 takken",50,"Niet brandend","Daglicht","Droog",\N,\N,"Parklaan","Haarlem","Haarlem","Noord-Holland",false,52.385144,4.643522,"material damage only","4","clear",false,1,"GM0392"
"20240129269",2024,"Uitsluitend materiele schade",2,"Personenauto","Fiets","Onbekend","Kruispunt, 3 takken",30,"Niet brandend","Daglicht","Droog",\N,\N,"Wold 21","Lelystad","Lelystad","Flevoland",false,52.505071,5.489666,"material damage only","4","clear",false,1,"GM0995"
"20240129412",2024,"Letsel",1,"Fiets",\N,"Onbekend","Kruispunt, 4 takken",30,"Niet brandend","Daglicht","Droog",\N,\N,"De Monding","Veenendaal","Veenendaal","Utrecht",false,52.022869,5.526893,"injury","2","clear",false,1,"GM0345"
"20230041772",2023,"Letsel",2,"Personenauto","Fiets","Flank","Kruispunt, 4 takken",30,"Niet brandend","Daglicht","Regen",\N,\N,"Heuvelring","Tilburg","Tilburg","Noord-Brabant",false,51.558436,5.090587,"injury","2","rain",false,1,"GM0855"
"20230055188",2023,"Uitsluitend materiele schade",2,"e-bike","Overig wegmeubilair","Vast voorwerp","Rechte weg",30,"Niet brandend","Duisternis","Droog",\N,"600956551","Sudertrimdielsdyk","Leeuwarden","Leeuwarden","Friesland",false,53.170602,5.799034,"material damage only","4","clear",false,1,"GM0080"
"20240128920",2024,"Letsel",2,"Bromfiets","Fiets","Flank","Rechte weg",30,"Niet brandend","Daglicht","Droog","Parkeervoorziening","600649767","FIETSPAD","Veendam","Veendam","Groningen",false,53.100135,6.883016,"injury","2","clear",false,1,"GM0047"
"20240129898",2024,"Uitsluitend materiele schade",2,"Personenauto","Fiets","Flank","Rechte weg",30,"Niet brandend","Daglicht","Droog",\N,\N,"Deltaplein","Deventer","Deventer","Overijssel",false,52.255541,6.185489,"material damage only","4","clear",false,1,"GM0150"
"20240129917",2024,"Letsel",2,"Fiets","Dier","Dier","Rechte weg",30,"Niet brandend","Daglicht","Droog",\N,"600923085","Huibertweg","Hei- en Boeicop","Vijfheerenlanden","Utrecht",false,51.930144,5.076816,"injury","2","clear",false,1,"GM1961"
"20240130185",2024,"Letsel",2,"Fiets","Fiets","Flank","Kruispunt, 4 takken",\N,"Niet brandend","Daglicht","Droog",\N,\N,"Nijverheidsweg-Noord","Amersfoort","Amersfoort","Utrecht",false,52.170101,5.353993,"injury","2","clear",false,1,"GM0307"
"20240131173",2024,"Uitsluitend materiele schade",2,"Fiets","Personenauto","Flank","Kruispunt, 3 takken",50,"Brandend","Duisternis","Droog",\N,\N,"Graaf Aelbrechtlaan","Amstelveen","Amstelveen","Noord-Holland",false,52.308054,4.862995,"material damage only","4","clear",false,1,"GM0362"
"20230044170",2023,"Letsel",2,"Personenauto","e-bike","Onbekend","Rechte weg",30,"Niet brandend","Daglicht","Droog",\N,"429269028","'s-Heerenbergseweg","Zeddam","Montferland","Gelderland",false,51.899573,6.257629,"injury","2","clear",false,1,"GM1955"
"20230051159",2023,"Uitsluitend materiele schade",2,"Personenauto","Fiets","Onbekend","Kruispunt, 3 takken",50,"Niet brandend","Daglicht","Droog",\N,\N,"Willem Barentszstraat","'s-Hertogenbosch","'s-Hertogenbosch","Noord-Brabant",false,51.694258,5.273016,"material damage only","4","clear",false,1,"GM0796"
"20230052909",2023,"Uitsluitend materiele schade",2,"Personenauto","e-bike","Flank","Kruispunt, 3 takken",50,"Niet brandend","Daglicht","Droog",\N,\N,"Oranjelaan","Dordrecht","Dordrecht","Zuid-Holland",false,51.809198,4.678304,"material damage only","4","clear",false,1,"GM0505"
"20230054068",2023,"Uitsluitend materiele schade",2,"Personenauto","Fiets","Flank","Kruispunt, 4 takken",30,"Niet brandend","Daglicht","Droog",\N,\N,"Willemshof","Weert","Weert","Limburg",false,51.239544,5.709287,"material damage only","4","clear",false,1,"GM0988"
"20240128977",2024,"Letsel",2,"Fiets","Personenauto","Flank","Kruispunt, 4 takken",30,"Niet aanwezig","Daglicht","Droog",\N,\N,"Helper Brink","Groningen","Groningen","Groningen",false,53.199892,6.58482,"injury","2","clear",false,1,"GM0014"