"accident_id","year","severity_raw","party_count","party1_type","party2_type","accident_type","road_situation","speed_limit_kmh","road_lighting","light_condition_label","weather_raw","infra_type","road_segment_id","street_name","place_name","gemeente_name_raw","province","alcohol_indicated","latitude","longitude","severity_label","severity_code","weather_label","built_up_area","cyclists_involved","gemeente_code"
"20230093933",2023,"Letsel",2,"Personenauto","Fiets","Flank","Kruispunt, 3 takken",30,"Niet brandend","Daglicht","Droog",\N,\N,"Binnenhaven","Wageningen","Wageningen","Gelderland",false,51.971424,5.653334,"injury","2","clear",false,1,"GM0289"
"20230062200",2023,"Uitsluitend materiele schade",2,"Personenauto","e-bike","Flank","Rotonde",50,"Niet brandend","Daglicht","Droog",\N,\N,"Kerkstraat","Panningen","Peel en Maas","Limburg",false,51.325929,5.973196,"material damage only","4","clear",false,1,"GM1894"
"20220006740",2022,"Letsel",2,"Bromfiets","Fiets","Frontaal","Rechte weg",80,"Brandend","Duisternis","Droog",\N,\N,"Berencamperweg","Nijkerk","Nijkerk","Gelderland",false,52.262469,5.470966,"injury","2","clear",false,1,"GM0267"
"20220117974",2022,"Uitsluitend materiele schade",2,"Bromfiets","e-bike","Frontaal","Rotonde",50,"Brandend","Duisternis","Droog",\N,\N,"Waliënsestraat","Winterswijk","Winterswijk","Gelderland",false,51.981803,6.724303,"material damage only","4","clear",false,1,"GM0294"
"20220131577",2022,"Uitsluitend materiele schade",2,"Personenauto","Fiets","Los voorwerp","Rotonde",50,"Niet brandend","Daglicht","Droog",\N,\N,"Molenstraat","Oss","Oss","Noord-Brabant",false,51.765804,5.526656,"material damage only","4","clear",false,1,"GM0828"
"20220103004",2022,"Letsel",2,"Personenauto","e-bike","Flank","Kruispunt, 4 takken",50,"Niet brandend","Daglicht","Droog",\N,\N,"Nassaukade","Amsterdam","Amsterdam","Noord-Holland",false,52.366527,4.877252,"injury","2","clear",false,1,"GM0363"
"20240004078",2024,"Letsel",2,"Fiets","Overig vast object","Vast voorwerp","Rechte weg",50,"Niet brandend","Daglicht","Droog",\N,"600541273","FIETSPAD","Giesbeek","Zevenaar","Gelderland",false,51.992348,6.086989,"injury","2","clear",false,1,"GM0299"
"20220076174",2022,"Letsel",2,"Personenauto","Fiets","Flank","Rechte weg",50,"Niet brandend","Daglicht","Droog",\N,"386289002","Velperweg","Arnhem","Arnhem","Gelderland",false,51.991743,5.945023,"injury","2","clear",false,1,"GM0202"
"20220078112",2022,"Letsel",2,"Personenauto","Fiets","Flank","Kruispunt, 4 takken",50,"Niet brandend","Daglicht","Droog",\N,\N,"Venuslaan","Utrecht","Utrecht","Utrecht",false,52.080831,5.12657,"injury","2","clear",false,1,"GM0344"
"20220079618",2022,"Uitsluitend materiele schade",2,"Snorfiets","e-bike","Frontaal","Kruispunt, 3 takken",30,"Niet brandend","Daglicht","Droog",\N,\N,"Haven","Oudeschild","Texel","Noord-Holland",true,53.038711,4.850341,"material damage only","4","clear",false,1,"GM0448"
"20220039205",2022,"Letsel",2,"Fiets","Fiets","Onbekend","Rechte weg",15,"Brandend","Duisternis","Regen",\N,"349176052","Bakelsedijk","Helmond","Helmond","Noord-Brabant",false,51.482832,5.671414,"injury","2","rain",false,1,"GM0794"
"20220068241",2022,"Letsel",2,"Vrachtauto","Fiets","Flank","Kruispunt, 3 takken",80,"Niet brandend","Daglicht","Droog",\N,\N,"De Quayweg","Ledeacker","Land van Cuijk","Noord-Brabant",false,51.64609,5.861992,"injury","2","clear",false,1,"GM1982"
"20220082624",2022,"Letsel",2,"Brommobiel","Fiets","Flank","Kruispunt, 4 takken",50,"Brandend","Duisternis","Droog",\N,\N,"Regentesselaan","'s-Gravenhage","'s-Gravenhage","Zuid-Holland",false,52.072714,4.284209,"injury","2","clear",false,1,"GM0518"
"20220016464",2022,"Uitsluitend materiele schade",2,"Fiets","Snorfiets","Flank","Kruispunt, 4 takken",50,"Brandend","Duisternis","Droog",\N,\N,"FIETSPAD","Amsterdam","Amsterdam","Noord-Holland",false,52.376754,4.921836,"material damage only","4","clear",false,1,"GM0363"
"20220053737",2022,"Uitsluitend materiele schade",1,"Fiets",\N,"Onbekend",\N,70,\N,"Duisternis",\N,\N,"228395002","Guisweg","Koog aan de Zaan","Zaanstad","Noord-Holland",false,52.463431,4.790455,"material damage only","4","unknown",false,1,"GM0479"
"20220062197",2022,"Letsel",2,"Bromfiets","Fiets","Onbekend","Rechte weg",30,"Brandend","Duisternis",\N,\N,"600729093","Blaak","Rotterdam","Rotterdam","Zuid-Holland",false,51.919285,4.48864,"injury","2","unknown",false,1,"GM0599"
"20220068313",2022,"Uitsluitend materiele schade",2,"Personenauto","Fiets","Onbekend","Rotonde",30,"Niet brandend","Daglicht","Droog",\N,\N,"Eindhovenseweg","Son en Breugel","Son en Breugel","Noord-Brabant",false,51.502075,5.493713,"material damage only","4","clear",false,1,"GM0848"
"20220071622",2022,"Letsel",2,"Personenauto","Fiets","Flank","Kruispunt, 4 takken",50,"Niet brandend","Daglicht","Droog",\N,\N,"Hereweg","Groningen","Groningen","Groningen",false,53.209701,6.571881,"injury","2","clear",false,1,"GM0014"
"20220083710",2022,"Uitsluitend materiele schade",2,"Fiets","Fiets","Onbekend","Rechte weg",50,"Niet brandend","Daglicht","Droog",\N,"211320077","De Aarhof","Alphen aan den Rijn","Alphen aan den Rijn","Zuid-Holland",false,52.130182,4.664668,"material damage only","4","clear",false,1,"GM0484"
"20220084897",2022,"Letsel",3,"Bestelauto","Fiets","Los voorwerp","Rechte weg",60,"Niet brandend","Daglicht","Droog",\N,"193236005","Waleweg","Strijen","Hoeksche Waard","Zuid-Holland",false,51.750465,4.547258,"injury","2","clear",false,1,"GM1963"
"20220093404",2022,"Letsel",3,"Personenauto","e-bike","Onbekend","Bocht",30,"Niet brandend","Daglicht","Droog",\N,"318494032","Smidsweg","Koudum","Súdwest-Fryslân","Friesland",false,52.914291,5.447921,"injury","2","clear",false,1,"GM1900"
"20220108232",2022,"Uitsluitend materiele schade",2,"Fiets","Bromfiets","Frontaal","Rechte weg",80,"Niet brandend","Daglicht","Droog",\N,"216254025","N3","Papendrecht","Papendrecht","Zuid-Holland",false,51.836093,4.710602,"material damage only","4","clear",false,1,"GM0590"
"20220025160",2022,"Letsel",2,"Personenauto","Fiets","Frontaal","Rechte weg",60,"Niet brandend","Duisternis","Regen","Bus-/Tramhalte","99187002","KLAPHEKKEWEG","Wilhelminadorp","Goes","Zeeland",false,51.525628,3.868057,"injury","2","rain",false,1,"GM0664"
"20220062385",2022,"Letsel",2,"Bestelauto","Fiets","Flank","Kruispunt, 4 takken",\N,"Niet brandend","Daglicht","Droog","Brug/viaduct",\N,"Overschieseweg","Schiedam","Schiedam","Zuid-Holland",false,51.924299,4.408716,"injury","2","clear",false,1,"GM0606"
"20220065408",2022,"Uitsluitend materiele schade",2,"Personenauto","Fiets","Flank","Rechte weg",50,"Niet brandend","Daglicht","Droog",\N,"600705987","Bloemenlaan","Vlissingen","Vlissingen","Zeeland",false,51.45626,3.572836,"material damage only","4","clear",false,1,"GM0718"
"20220077417",2022,"Letsel",2,"Fiets","Fiets","Flank","Rechte weg",\N,"Niet brandend","Daglicht","Droog","Tunnel",\N,"Van Sijpesteijntunnel","Utrecht","Utrecht","Utrecht",true,52.091371,5.107664,"injury","2","clear",false,1,"GM0344"
"20220080835",2022,"Uitsluitend materiele schade",3,"Personenauto","Fiets","Onbekend","Kruispunt, 4 takken",50,"Niet brandend","Daglicht","Droog",\N,\N,"Amstelkade","Amsterdam","Amsterdam","Noord-Holland",false,52.349611,4.90972,"material damage only","4","clear",false,1,"GM0363"
"20220081572",2022,"Uitsluitend materiele schade",2,"Personenauto","Fiets","Onbekend","Rechte weg",50,\N,"Daglicht",\N,\N,"217295047","Graaf Florisweg","Gouda","Gouda","Zuid-Holland",false,52.018355,4.717398,"material damage only","4","unknown",false,1,"GM0513"
"20220092155",2022,"Uitsluitend materiele schade",2,"Personenauto","Fiets","Flank","Kruispunt, 3 takken",50,"Niet brandend","Daglicht","Droog",\N,\N,"Houtweg","Emmen","Emmen","Drenthe",false,52.790211,6.917948,"material damage only","4","clear",false,1,"GM0114"
"20220092893",2022,"Letsel",1,"Fiets",\N,"Eenzijdig","Kruispunt, 3 takken",60,"Niet brandend","Daglicht","Droog",\N,\N,"Fenneweg","Hollum","Ameland","Friesland",false,53.44886,5.627819,"injury","2","clear",false,1,"GM0060"
"20220111395",2022,"Uitsluitend materiele schade",1,"Fiets",\N,"Onbekend","Rechte weg",30,"Brandend","Duisternis","Droog",\N,"329230011","Binnenweg","Heesch","Bernheze","Noord-Brabant",false,51.725305,5.527978,"material damage only","4","clear",false,1,"GM1721"
"20220058286",2022,"Letsel",2,"Personenauto","Fiets","Flank","Rechte weg, gescheiden rijbanen",50,"Niet brandend","Daglicht","Droog",\N,"600379555","Goeverneurlaan","'s-Gravenhage","'s-Gravenhage","Zuid-Holland",false,52.059226,4.323452,"injury","2","clear",false,1,"GM0518"
"20220059496",2022,"Letsel",2,"Fiets","Fiets","Onbekend","Rechte weg",30,"Niet brandend","Daglicht","Droog",\N,"167293070","Buitenwatersloot","Delft","Delft","Zuid-Holland",false,52.005836,4.34812,"injury","2","clear",false,1,"GM0503"
"20220046733",2022,"Letsel",1,"Fiets",\N,"Eenzijdig","Rechte weg",80,"Niet aanwezig","Daglicht","Droog",\N,"471342005","Meenweg","Goor","Hof van Twente","Overijssel",false,52.223584,6.575505,"injury","2","clear",false,1,"GM1735"
"20220056896",2022,"Letsel",2,"Bestelauto","Fiets","Flank","Bocht",50,"Niet brandend","Daglicht","Droog",\N,"220311057","Lemsteraak","Bodegraven","Bodegraven-Reeuwijk","Zuid-Holland",false,52.086236,4.737385,"injury","2","clear",false,1,"GM1901"
"20220083903",2022,"Letsel",2,"Personenauto","e-bike","Flank","Kruispunt, 3 takken",50,"Niet brandend","Daglicht","Droog",\N,\N,"Edisonstraat","Zoetermeer","Zoetermeer","Zuid-Holland",false,52.063689,4.524509,"injury","2","clear",false,1,"GM0637"
"20220113786",2022,"Uitsluitend materiele schade",2,"Motor","Fiets","Flank","Kruispunt, 4 takken",50,"Niet aanwezig","Daglicht","Droog",\N,\N,"Schaarbroekerweg","Roermond","Roermond","Limburg",false,51.21024,6.017843,"material damage only","4","clear",false,1,"GM0957"
"20220113800",2022,"Uitsluitend materiele schade",1,"Fiets",\N,"Onbekend",\N,30,\N,"Daglicht",\N,\N,"600255267","Brusselsestraat","Maastricht","Maastricht","Limburg",false,50.849543,5.67957,"material damage only","4","unknown",false,1,"GM0935"
"20220086436",2022,"Uitsluitend materiele schade",2,"Personenauto","Fiets","Flank","Rechte weg",50,"Niet brandend","Daglicht","Droog",\N,"186270058","Maashaven N.z.","Rotterdam","Rotterdam","Zuid-Holland",false,51.899941,4.488174,"material damage only","4","clear",false,1,"GM0599"
"20220104884",2022,"Uitsluitend materiele schade",3,"Fiets","Scootmobiel","Onbekend","Rechte weg",30,"Niet brandend","Daglicht","Droog",\N,"600379596","Van Hogenhoucklaan","'s-Gravenhage","'s-Gravenhage","Zuid-Holland",false,52.098771,4.318198,"material damage only","4","clear",false,1,"GM0518"
"20220104937",2022,"Uitsluitend materiele schade",2,"Personenauto","Fiets","Flank","Kruispunt, 3 takken",50,"Niet brandend","Daglicht","Droog",\N,\N,"van Assendelftstraat","Oegstgeest","Oegstgeest","Zuid-Holland",false,52.178527,4.463656,"material damage only","4","clear",false,1,"GM0579"
"20220104972",2022,"Letsel",2,"Fiets","Fiets","Onbekend","Kruispunt, 3 takken",30,"Niet brandend","Daglicht","Droog",\N,\N,"Buurtweg","Wassenaar","Wassenaar","Zuid-Holland",false,52.113631,4.347742,"injury","2","clear",false,1,"GM0629"
"20220104974",2022,"Letsel",2,"Fiets","Fiets","Onbekend","Rechte weg",30,"Niet brandend","Daglicht","Droog",\N,"220303009","De Steupel","Reeuwijk","Bodegraven-Reeuwijk","Zuid-Holland",false,52.053802,4.737045,"injury","2","clear",false,1,"GM1901"
"20220041782",2022,"Letsel",2,"Personenauto","Fiets","Flank","Kruispunt, 4 takken",50,"Niet brandend","Daglicht","Droog",\N,\N,"Lübeckweg","Groningen","Groningen","Groningen",false,53.215429,6.593611,"injury","2","clear",false,1,"GM0014"
"20220045361",2022,"Uitsluitend materiele schade",2,"Personenauto","Fiets","Flank","Kruispunt, 4 takken",50,"Brandend","Schemer","Regen",\N,\N,"Kalandergang","Enschede","Enschede","Overijssel",false,52.218422,6.900262,"material damage only","4","rain",false,1,"GM0153"
"20220048154",2022,"Uitsluitend materiele schade",2,"Fiets","Voetganger","Voetganger","Rechte weg",\N,"Brandend","Schemer","Droog","Bus-/Tramhalte","600608450","Nassausingel","Nijmegen","Nijmegen","Gelderland",false,51.843309,5.858746,"material damage only","4","clear",false,1,"GM0268"
"20220079562",2022,"Uitsluitend materiele schade",2,"e-bike","e-bike","Frontaal","Rechte weg",30,"Niet brandend","Daglicht","Droog",\N,"206353081","Griseldalaan","Nieuw-Vennep","Haarlemmermeer","Noord-Holland",false,52.274761,4.62721,"material damage only","4","clear",false,1,"GM0394"
"20220095857",2022,"Letsel",3,"Personenauto","e-bike","Onbekend","Rechte weg",50,"Niet brandend","Daglicht","Droog",\N,"333323002","Kallenbroekerweg","Barneveld","Barneveld","Gelderland",false,52.141974,5.563788,"injury","2","clear",false,1,"GM0203"
"20220014218",2022,"Letsel",2,"Personenauto","Fiets","Frontaal","Rotonde",50,"Niet brandend","Daglicht","Droog",\N,\N,"Burg Lommenstraat","Castricum","Castricum","Noord-Holland",false,52.551309,4.663689,"injury","2","clear",false,1,"GM0383"
"20220046987",2022,"Uitsluitend materiele schade",1,"Fiets",\N,"Onbekend","Rotonde",30,"Niet brandend","Daglicht","Droog",\N,\N,"Bronckhorstlaan","Wijchen","Wijchen","Gelderland",false,51.810677,5.729951,"material damage only","4","clear",false,1,"GM0296"
"20220047000",2022,"Letsel",2,"Fiets","Voetganger","Voetganger","Kruispunt, 3 takken",50,"Niet brandend","Daglicht","Droog",\N,\N,"Kastanjelaan","Winterswijk","Winterswijk","Gelderland",false,51.972518,6.731311,"injury","2","clear",false,1,"GM0294"
"20220055585",2022,"Letsel",2,"Personenauto","Fiets","Flank","Kruispunt, 4 takken",\N,"Niet brandend","Daglicht","Droog",\N,\N,"Fokkerlaan","Amstelveen","Amstelveen","Noord-Holland",false,52.29889,4.854259,"injury","2","clear",false,1,"GM0362"
"20220058577",2022,"Letsel",1,"e-bike",\N,"Eenzijdig","Rechte weg",50,"Niet brandend","Daglicht","Droog","Brug/viaduct",\N,"Lindelaan","Rijswijk","Rijswijk","Zuid-Holland",false,52.055456,4.338957,"injury","2","clear",false,1,\N
"20220070499",2022,"Uitsluitend materiele schade",2,"Bromfiets","Fiets","Flank","Kruispunt, 4 takken",30,"Brandend","Duisternis","Droog",\N,"600511225","FIETSPAD","Drachten","Smallingerland","Friesland",false,53.101388,6.121883,"material damage only","4","clear",false,1,"GM0090"
"20220083317",2022,"Uitsluitend materiele schade",2,"Personenauto","Fiets","Flank","Kruispunt, 3 takken",30,"Niet brandend","Daglicht","Droog",\N,\N,"Herensingel","Leiden","Leiden","Zuid-Holland",false,52.161762,4.505481,"material damage only","4","clear",false,1,"GM0546"
"20220085473",2022,"Letsel",1,"Fiets",\N,"Eenzijdig","Rechte weg",60,"Niet brandend","Daglicht","Droog",\N,"217236002","Zuidhaven","Dordrecht","Dordrecht","Zuid-Holland",false,51.752712,4.721725,"injury","2","clear",false,1,"GM0505"
"20220088256",2022,"Letsel",1,"Fiets",\N,"Eenzijdig","Kruispunt, 4 takken",30,"Niet aanwezig","Daglicht","Droog",\N,\N,"Oranjelaan","Baarle-Nassau","Baarle-Nassau","Noord-Brabant",false,51.4499,4.928695,"injury","2","clear",false,1,"GM0744"
"20220095982",2022,"Letsel",2,"Personenauto","Fiets","Frontaal","Bocht",60,"Niet aanwezig","Daglicht","Droog",\N,"427401005","Heinoseweg","Dalfsen","Dalfsen","Overijssel",true,52.491921,6.253221,"injury","2","clear",false,1,"GM0148"
"20220097225",2022,"Uitsluitend materiele schade",2,"Bestelauto","Fiets","Flank","Kruispunt, 4 takken",30,"Niet brandend","Daglicht",\N,\N,\N,"Elsweg","Harderwijk","Harderwijk","Gelderland",false,52.346447,5.64917,"material damage only","4","unknown",false,1,"GM0243"
"20220045620",2022,"Uitsluitend materiele schade",2,"Bestelauto","Fiets","Flank","Rechte weg",30,"Niet brandend","Daglicht","Droog",\N,"390341046","Zonnedauw","Apeldoorn","Apeldoorn","Gelderland",false,52.22129,5.978795,"material damage only","4","clear",false,1,"GM0200"
"20220048239",2022,"Letsel",2,"Personenauto","Fiets","Flank","Rotonde",50,"Niet brandend","Schemer","Droog",\N,\N,"Ceintuurbaan","Deventer","Deventer","Overijssel",false,52.262977,6.163027,"injury","2","clear",false,1,"GM0150"
"20220108764",2022,"Uitsluitend materiele schade",2,"Personenauto","Fiets","Flank","Rotonde",50,"Niet brandend","Daglicht","Droog",\N,\N,"Laan van Welhorst","Hendrik-Ido-Ambacht","Hendrik-Ido-Ambacht","Zuid-Holland",false,51.833281,4.649878,"material damage only","4","clear",false,1,"GM0531"
"20220051453",2022,"Letsel",2,"Personenauto","Fiets","Frontaal","Kruispunt, 4 takken",50,"Niet brandend","Daglicht","Droog",\N,\N,"Kleine Houtstraat","Haarlem","Haarlem","Noord-Holland",false,52.376072,4.635167,"injury","2","clear",false,1,"GM0392"
"20220062981",2022,"Letsel",2,"Motor","Fiets","Flank","Kruispunt, 4 takken",50,"Brandend","Daglicht","Droog",\N,\N,"Schenkelweg","Spijkenisse","Nissewaard","Zuid-Holland",false,51.847937,4.338724,"injury","2","clear",false,1,"GM1930"
"20220095831",2022,"Letsel",2,"Personenauto","Fiets","Flank","Kruispunt, 3 takken",30,\N,"Daglicht","Droog",\N,\N,"Arnhemseweg","Apeldoorn","Apeldoorn","Gelderland",false,52.208196,5.96533,"injury","2","clear",false,1,"GM0200"
"20220098854",2022,"Uitsluitend materiele schade",2,"Personenauto","Fiets","Flank","Kruispunt, 4 takken",\N,"Niet brandend","Daglicht","Droog",\N,\N,"Achterom","Houten","Houten","Utrecht",false,52.034159,5.171888,"material damage only","4","clear",false,1,"GM0321"
"20220099491",2022,"Letsel",2,"Fiets","Overig vast object","Vast voorwerp","Rechte weg",60,"Brandend","Schemer","Droog",\N,"280305008","Parallelweg","Bunnik","Bunnik","Utrecht",false,52.061776,5.181768,"injury","2","clear",false,1,"GM0312"
"20220100990",2022,"Letsel",1,"Fiets",\N,"Eenzijdig","Rechte weg",50,"Niet brandend","Daglicht","Droog",\N,"600739313","Vlaamseweg","Haarlem","Haarlem","Noord-Holland",false,52.380897,4.612022,"injury","2","clear",false,1,"GM0392"
"20220061600",2022,"Uitsluitend materiele schade",2,"Bromfiets","Fiets","Kop/staart","Rechte weg",30,"Niet brandend","Daglicht","Droog",\N,"191265037","Epicurusstraat","Rotterdam","Rotterdam","Zuid-Holland",false,51.878697,4.525234,"material damage only","4","clear",false,1,"GM0599"
"20220067796",2022,"Uitsluitend materiele schade",2,"Personenauto","Fiets","Onbekend","Rotonde",50,"Niet brandend","Daglicht","Droog",\N,\N,"Schijndelseweg","Boxtel","Boxtel","Noord-Brabant",false,51.591813,5.329852,"material damage only","4","clear",false,1,"GM0757"
"20220097708",2022,"Uitsluitend materiele schade",2,"Bestelauto","e-bike","Flank","Kruispunt, 3 takken",30,"Niet aanwezig","Daglicht","Droog",\N,\N,"De Posten","Enschede","Enschede","Overijssel",false,52.189267,6.882506,"material damage only","4","clear",false,1,"GM0153"
"20220100832",2022,"Uitsluitend materiele schade",2,"Bestelauto","Fiets","Onbekend","Rechte weg",50,"Niet aanwezig","Daglicht","Droog",\N,"600738735","Leidsevaartweg","Heemstede","Heemstede","Noord-Holland",false,52.360048,4.608089,"material damage only","4","clear",false,1,"GM0397"
"20220100846",2022,"Uitsluitend materiele schade",2,"Personenauto","e-bike","Flank","Kruispunt, 4 takken",50,"Niet brandend","Daglicht","Regen",\N,\N,"Zeeweg","IJmuiden","Velsen","Noord-Holland",false,52.458653,4.62629,"material damage only","4","rain",false,1,"GM0453"
"20220074270",2022,"Uitsluitend materiele schade",1,"Fiets",\N,"Eenzijdig","Rechte weg",30,"Niet brandend","Daglicht","Droog",\N,"344299012","Horsterweg","Ede","Ede","Gelderland",false,52.034433,5.642152,"material damage only","4","clear",false,1,"GM0228"
"20220047316",2022,"Uitsluitend materiele schade",2,"Bromfiets","Fiets","Kop/staart","Rechte weg",\N,"Niet brandend","Daglicht","Droog",\N,"600511592","Haaksbergerstraat","Enschede","Enschede","Overijssel",false,52.205477,6.856887,"material damage only","4","clear",false,1,"GM0153"
"20220069396",2022,"Uitsluitend materiele schade",2,"Fiets","Fiets","Onbekend","Kruispunt, 3 takken",50,"Brandend","Duisternis","Droog",\N,\N,"Haammakerspad","Tegelen","Venlo","Limburg",false,51.336494,6.15584,"material damage only","4","clear",false,1,"GM0983"
"20220099367",2022,"Letsel",2,"Personenauto","Fiets","Flank","Kruispunt, 4 takken",50,"Niet brandend","Daglicht","Droog",\N,\N,"Juliëttestraat","Amersfoort","Amersfoort","Utrecht",false,52.154939,5.414026,"injury","2","clear",false,1,"GM0307"
"20220099756",2022,"Letsel",1,"Fiets",\N,"Eenzijdig","Bocht",\N,"Niet brandend","Daglicht","Droog",\N,"281312047","Uppsalapad","De Bilt","De Bilt","Utrecht",false,52.095439,5.177703,"injury","2","clear",false,1,"GM0310"
"20220102346",2022,"Letsel",2,"Personenauto","Fiets","Onbekend","Kruispunt, 4 takken",50,"Niet brandend","Daglicht","Droog",\N,\N,"Kinkerstraat","Amsterdam","Amsterdam","Noord-Holland",false,52.366451,4.869499,"injury","2","clear",false,1,"GM0363"
"20220105773",2022,"Uitsluitend materiele schade",2,"Fiets","Fiets","Frontaal","Rechte weg",\N,"Niet brandend","Daglicht","Droog",\N,"600544008","Wassenaarseweg","Leiden","Leiden","Zuid-Holland",false,52.170113,4.477901,"material damage only","4","clear",false,1,"GM0546"
"20220015378",2022,"Letsel",2,"Motor","Fiets","Flank","Kruispunt, 3 takken",50,"Brandend","Duisternis","Droog",\N,"600124759","Oosterpark","Amsterdam","Amsterdam","Noord-Holland",false,52.358687,4.917077,"injury","2","clear",false,1,"GM0363"
"20220019012",2022,"Uitsluitend materiele schade",2,"Fiets","Voetganger","Voetganger","Kruispunt, 4 takken",30,"Niet brandend","Daglicht",\N,\N,\N,"Obrechtlaan","'s-Gravenzande","Westland","Zuid-Holland",false,51.999242,4.156867,"material damage only","4","unknown",false,1,"GM1783"
"20220026538",2022,"Uitsluitend materiele schade",3,"e-bike","Personenauto","Onbekend","Rechte weg",30,"Niet brandend","Daglicht","Droog",\N,"600772704","Stationsstraat","Waalwijk","Waalwijk","Noord-Brabant",false,51.685207,5.067545,"material damage only","4","clear",false,1,"GM0867"
"20220042394",2022,"Uitsluitend materiele schade",2,"Fiets","Fiets","Flank","Rechte weg",30,"Niet brandend","Daglicht","Droog",\N,"468514066","Kloekhorststraat","Assen","Assen","Drenthe",false,52.99745,6.565514,"material damage only","4","clear",false,1,"GM0106"
"20220044199",2022,"Letsel",2,"Personenauto","Fiets","Flank","Kruispunt, 3 takken",50,"Brandend","Duisternis","Regen",\N,\N,"Galvanistraat","Ede","Ede","Gelderland",false,52.026533,5.643477,"injury","2","rain",false,1,"GM0228"
"20220063134",2022,"Uitsluitend materiele schade",2,"Fiets","Personenauto","Onbekend","Kruispunt, 3 takken",50,"Brandend","Duisternis",\N,\N,\N,"1e Middellandstraat","Rotterdam","Rotterdam","Zuid-Holland",true,51.919598,4.46529,"material damage only","4","unknown",false,1,"GM0599"
"20220067920",2022,"Uitsluitend materiele schade",3,"Personenauto","Fiets","Onbekend","Kruispunt, 4 takken",30,"Niet brandend","Daglicht","Droog",\N,\N,"Heuvel","Nuenen","Nuenen, Gerwen en Nederwetten","Noord-Brabant",false,51.489267,5.565562,"material damage only","4","clear",false,1,"GM0820"
"20220088766",2022,"Uitsluitend materiele schade",2,"Personenauto","Fiets","Flank","Kruispunt, 3 takken",50,"Niet brandend","Daglicht","Droog",\N,\N,"Noorddijk","Helmond","Helmond","Noord-Brabant",false,51.466247,5.685823,"material damage only","4","clear",false,1,"GM0794"
"20220102711",2022,"Uitsluitend materiele schade",3,"Personenauto","Fiets","Onbekend","Rechte weg",50,"Niet brandend","Daglicht","Droog",\N,"230372028","Notweg","Amsterdam","Amsterdam","Noord-Holland",false,52.363069,4.801542,"material damage only","4","clear",false,1,"GM0363"
"20220108142",2022,"Letsel",2,"Fiets","Landbouwvoertuig","Eenzijdig","Rechte weg",\N,"Niet aanwezig","Daglicht","Droog",\N,\N,"DOCTORRANDUS J BORGMANPAD","Heerjansdam","Zwijndrecht","Zuid-Holland",false,51.823144,4.563273,"injury","2","clear",false,1,"GM0642"
"20220075005",2022,"Uitsluitend materiele schade",2,"Personenauto","Fiets","Onbekend","Kruispunt, 4 takken",30,"Niet brandend","Daglicht",\N,\N,\N,"van Heeckerenweg","Goor","Hof van Twente","Overijssel",false,52.242,6.595899,"material damage only","4","unknown",false,1,"GM1735"
"20220011824",2022,"Uitsluitend materiele schade",2,"Personenauto","Fiets","Flank","Kruispunt, 4 takken",30,"Brandend","Schemer",\N,\N,\N,"Beukenweg","Wormerveer","Zaanstad","Noord-Holland",false,52.490641,4.788857,"material damage only","4","unknown",false,1,"GM0479"
"20220031040",2022,"Uitsluitend materiele schade",3,"Personenauto","Fiets","Onbekend","Rechte weg",50,"Niet brandend","Daglicht",\N,\N,"414151013","Drie Decembersingel","Venlo","Venlo","Limburg",false,51.368787,6.137769,"material damage only","4","unknown",false,1,"GM0983"
"20220054896",2022,"Letsel",2,"Snorfiets","Fiets","Flank","Rechte weg",30,"Niet brandend","Daglicht","Droog",\N,"600509011","Meer en Vaart","Amsterdam","Amsterdam","Noord-Holland",false,52.357526,4.808432,"injury","2","clear",false,1,"GM0363"
"20220071214",2022,"Letsel",2,"Personenauto","Fiets","Flank","Rechte weg",50,"Niet brandend","Daglicht","Droog",\N,"600923552","Helperweg","Groningen","Groningen","Groningen",false,53.201149,6.593122,"injury","2","clear",false,1,"GM0014"
"20220104438",2022,"Letsel",2,"Bromfiets","Fiets","Frontaal","Bocht",50,"Brandend","Duisternis","Droog",\N,"600717956","Van Alkemadelaan","'s-Gravenhage","'s-Gravenhage","Zuid-Holland",false,52.104389,4.316787,"injury","2","clear",false,1,"GM0518"
"20220074670",2022,"Letsel",3,"Fiets","Fiets","Onbekend","Rechte weg",60,"Niet brandend","Daglicht","Droog",\N,"398282016","Broekstraat","Duiven","Duiven","Gelderland",false,51.956304,6.027789,"injury","2","clear",false,1,"GM0226"
"20220012448",2022,"Uitsluitend materiele schade",2,"Fiets","Personenauto","Flank","Kruispunt, 4 takken",50,"Niet brandend","Daglicht","Droog",\N,\N,"Leidsevaartweg","Heemstede","Heemstede","Noord-Holland",false,52.359582,4.607629,"material damage only","4","clear",false,1,"GM0397"
"20220019274",2022,"Letsel",2,"Personenauto","Fiets","Flank","Kruispunt, 4 takken",50,"Niet brandend","Daglicht","Droog",\N,\N,"Schuwacht","Lekkerkerk","Krimpenerwaard","Zuid-Holland",false,51.893005,4.675026,"injury","2","clear",false,1,"GM1931"
"20220019313",2022,"Uitsluitend materiele schade",2,"Snorfiets","Fiets","Flank","Kruispunt, 3 takken",\N,"Brandend","Schemer",\N,\N,\N,"Flemingstraat","Leiden","Leiden","Zuid-Holland",false,52.168618,4.492489,"material damage only","4","unknown",false,1,"GM0546"