"accident_id","year","severity_raw","party_count","party1_type","party2_type","accident_type","road_situation","speed_limit_kmh","road_lighting","light_condition_label","weather_raw","infra_type","road_segment_id","street_name","place_name","gemeente_name_raw","province","alcohol_indicated","latitude","longitude","severity_label","severity_code","weather_label","built_up_area","cyclists_involved","gemeente_code"
"20220197441",2022,"Uitsluitend materiele schade",2,"Personenauto","Fiets","Flank","Rechte weg",60,"Niet brandend","Daglicht","Droog",\N,"600811961","Julianalaan","Ermelo","Ermelo","Gelderland",false,52.314113,5.611831,"material damage only","4","clear",false,1,"GM0233"
"20220123350",2022,"Uitsluitend materiele schade",2,"Personenauto","Fiets","Voetganger","Kruispunt, 3 takken",30,"Niet brandend","Daglicht","Droog",\N,\N,"Sarphatistraat","Amsterdam","Amsterdam","Noord-Holland",false,52.36048,4.904675,"material damage only","4","clear",false,1,"GM0363"
"20220126894",2022,"Letsel",2,"Personenauto","Fiets","Frontaal","Kruispunt, 4 takken",50,"Niet brandend","Daglicht","Droog",\N,\N,"Luntershoek","Rotterdam","Rotterdam","Zuid-Holland",false,51.873262,4.488801,"injury","2","clear",false,1,"GM0599"
"20220129448",2022,"Uitsluitend materiele schade",2,"Personenauto","Fiets","Onbekend","Kruispunt, 4 takken",\N,"Niet brandend","Daglicht","Droog",\N,\N,"Linie","Tholen","Tholen","Zeeland",false,51.535649,4.223439,"material damage only","4","clear",false,1,"GM0716"
"20220147986",2022,"Uitsluitend materiele schade",2,"Snorfiets","Fiets","Onbekend","Kruispunt, 4 takken",50,"Niet brandend","Daglicht","Droog",\N,\N,"Prof. Eykmanweg","Waalwijk","Waalwijk","Noord-Brabant",false,51.680069,5.051263,"material damage only","4","clear",false,1,"GM0867"
"20220153747",2022,"Letsel",2,"Snorfiets","Fiets","Flank","Kruispunt, 4 takken",30,"Niet brandend","Daglicht","Droog",\N,\N,"Chicagostraat","Almere","Almere","Flevoland",false,52.395763,5.274772,"injury","2","clear",false,1,"GM0034"
"20220184034",2022,"Uitsluitend materiele schade",1,"Fiets",\N,"Onbekend",\N,50,\N,"Daglicht",\N,\N,"600916036","Aelbrechtsplein","Rotterdam","Rotterdam","Zuid-Holland",false,51.919762,4.441769,"material damage only","4","unknown",false,1,"GM0599"
"20220119294",2022,"Uitsluitend materiele schade",2,"Fiets","Fiets","Kop/staart","Kruispunt, 3 takken",\N,"Niet brandend","Daglicht","Droog","Tunnel","465362078","Wierdensestraat","Rijssen","Rijssen-Holten","Overijssel",false,52.315963,6.530911,"material damage only","4","clear",false,1,"GM1742"
"20220123426",2022,"Uitsluitend materiele schade",2,"Personenauto","Fiets","Frontaal","Kruispunt, 3 takken",30,"Niet brandend","Daglicht",\N,\N,\N,"Ingelandenweg","Amsterdam","Amsterdam","Noord-Holland",false,52.356305,4.786116,"material damage only","4","unknown",false,1,"GM0363"
"20220131043",2022,"Letsel",1,"Fiets",\N,"Eenzijdig","Rechte weg",80,"Niet brandend","Daglicht","Droog",\N,"600552223","FIETSPAD","Eindhoven","Eindhoven","Noord-Brabant",false,51.417057,5.433348,"injury","2","clear",false,1,"GM0772"
"20220133657",2022,"Uitsluitend materiele schade",1,"Fiets",\N,"Flank","Rechte weg",30,"Niet brandend","Duisternis","Droog",\N,"600359919","Winschoterkade","Groningen","Groningen","Groningen",false,53.216115,6.575238,"material damage only","4","clear",false,1,"GM0014"
"20220136121",2022,"Letsel",3,"Fiets","e-bike","Onbekend","Kruispunt, 4 takken",30,"Niet brandend","Daglicht","Droog",\N,\N,"Diedenweg","Wageningen","Wageningen","Gelderland",false,51.993452,5.682878,"injury","2","clear",false,1,"GM0289"
"20220146694",2022,"Uitsluitend materiele schade",2,"Fiets","Personenauto","Flank","Rotonde",50,"Niet brandend","Daglicht","Droog",\N,\N,"Amnesty Internationalln","Hellevoetsluis","Voorne aan Zee","Zuid-Holland",false,51.834248,4.131644,"material damage only","4","clear",false,1,"GM1992"
"20220178767",2022,"Uitsluitend materiele schade",2,"Personenauto","Fiets","Flank","Kruispunt, 4 takken",\N,"Niet brandend","Daglicht","Droog","Bus-/Tramhalte",\N,"Pierre van Hauwelaan","Delft","Delft","Zuid-Holland",false,51.996516,4.35024,"material damage only","4","clear",false,1,"GM0503"
"20220178784",2022,"Letsel",1,"Fiets",\N,"Eenzijdig","Kruispunt, 4 takken",\N,"Niet brandend","Daglicht","Droog",\N,\N,"Van der Oudermeulenlaan","Wassenaar","Wassenaar","Zuid-Holland",false,52.115238,4.373491,"injury","2","clear",false,1,"GM0629"
"20220179902",2022,"Uitsluitend materiele schade",2,"Personenauto","Fiets","Flank","Rechte weg",30,"Niet brandend","Daglicht","Droog",\N,"160309122","Westeinde","'s-Gravenhage","'s-Gravenhage","Zuid-Holland",false,52.074849,4.299482,"material damage only","4","clear",false,1,"GM0518"
"20220187294",2022,"Letsel",2,"e-bike","e-bike","Frontaal","Bocht",50,"Niet brandend","Daglicht","Droog",\N,"600760774","Pasteurlaan","Oosterhout","Oosterhout","Noord-Brabant",false,51.649423,4.869082,"injury","2","clear",false,1,"GM0826"
"20220198349",2022,"Uitsluitend materiele schade",2,"Personenauto","Fiets","Kop/staart","Rechte weg",30,"Niet brandend","Daglicht","Droog",\N,"496359077","Ziekenhuisstraat","Borne","Borne","Overijssel",false,52.298632,6.758017,"material damage only","4","clear",false,1,"GM0147"
"20220156494",2022,"Uitsluitend materiele schade",2,"Fiets","Personenauto","Flank","Kruispunt, 4 takken",30,"Niet brandend","Daglicht","Droog",\N,\N,"Zeestraat","Monster","Westland","Zuid-Holland",false,52.022514,4.171513,"material damage only","4","clear",false,1,"GM1783"
"20220161674",2022,"Letsel",2,"Personenauto","Fiets","Flank","Rechte weg",30,"Niet brandend","Daglicht","Droog","Bus-/Tramhalte","467514010","Weierspoort","Assen","Assen","Drenthe",false,52.994645,6.560039,"injury","2","clear",false,1,"GM0106"
"20220136219",2022,"Uitsluitend materiele schade",2,"Fiets","Bromfiets","Onbekend","Rechte weg",50,"Niet brandend","Daglicht","Droog",\N,"600609777","Broekheurne-ring","Enschede","Enschede","Overijssel",false,52.190147,6.888197,"material damage only","4","clear",false,1,"GM0153"
"20220137243",2022,"Uitsluitend materiele schade",2,"Personenauto","Fiets","Flank","Kruispunt, 4 takken",30,"Niet brandend","Daglicht","Droog",\N,\N,"Oosterstraat","Enschede","Enschede","Overijssel",false,52.223968,6.928838,"material damage only","4","clear",false,1,"GM0153"
"20220144958",2022,"Letsel",2,"Personenauto","Fiets","Geparkeerd voertuig","Rechte weg",50,"Niet brandend","Daglicht","Droog",\N,"158309097","Regentesselaan","'s-Gravenhage","'s-Gravenhage","Zuid-Holland",false,52.073247,4.283859,"injury","2","clear",false,1,"GM0518"
"20220145028",2022,"Letsel",1,"Fiets",\N,"Eenzijdig","Rechte weg",\N,"Brandend","Duisternis","Droog",\N,"152298007","Arckelweg","Poeldijk","Westland","Zuid-Holland",false,52.02613,4.236707,"injury","2","clear",false,1,"GM1783"
"20220148275",2022,"Uitsluitend materiele schade",2,"Personenauto","Fiets","Onbekend","Kruispunt, 4 takken",50,"Niet brandend","Daglicht","Droog",\N,\N,"Westersingel","Bergen op Zoom","Bergen op Zoom","Noord-Brabant",false,51.495189,4.281817,"material damage only","4","clear",false,1,"GM0748"
"20220155102",2022,"Letsel",2,"Bromfiets","Fiets","Onbekend","Kruispunt, 3 takken",\N,"Niet brandend","Daglicht","Droog",\N,\N,"Gedempte Oude Gracht","Haarlem","Haarlem","Noord-Holland",false,52.377864,4.638007,"injury","2","clear",false,1,"GM0392"
"20220173746",2022,"Letsel",2,"Fiets","Personenauto","Flank","Rotonde",50,"Niet brandend","Daglicht","Droog",\N,\N,"Dorpsstraat","Assendelft","Zaanstad","Noord-Holland",false,52.483092,4.752746,"injury","2","clear",false,1,"GM0479"
"20220175138",2022,"Letsel",3,"e-bike","Fiets","Onbekend","Rechte weg",50,"Niet brandend","Daglicht","Droog",\N,"206376046","Raamsingel","Haarlem","Haarlem","Noord-Holland",false,52.377057,4.626673,"injury","2","clear",false,1,"GM0392"
"20220194073",2022,"Uitsluitend materiele schade",3,"Personenauto","Fiets","Onbekend","Kruispunt, 3 takken",50,"Brandend","Schemer","Droog",\N,\N,"Kievitstraat","Heerenveen","Heerenveen","Friesland",false,52.951728,5.916469,"material damage only","4","clear",false,1,"GM0074"
"20220129951",2022,"Letsel",2,"Personenauto","Fiets","Onbekend","Kruispunt, 4 takken",50,"Niet brandend","Daglicht","Regen",\N,\N,"Zomerstraat","Tilburg","Tilburg","Noord-Brabant",false,51.554984,5.080612,"injury","2","rain",false,1,"GM0855"
"20220143886",2022,"Uitsluitend materiele schade",2,"Personenauto","Fiets","Flank","Kruispunt, 3 takken",50,"Brandend","Duisternis","Droog",\N,\N,"Koningin Julianalaan","Katwijk","Katwijk","Zuid-Holland",false,52.196943,4.412159,"material damage only","4","clear",false,1,"GM0537"
"20220163740",2022,"Uitsluitend materiele schade",2,"Personenauto","Fiets","Flank","Kruispunt, 4 takken",50,"Niet brandend","Daglicht","Droog",\N,\N,"Boerenstraat","Culemborg","Culemborg","Gelderland",false,51.954711,5.225351,"material damage only","4","clear",false,1,"GM0216"
"20220183476",2022,"Uitsluitend materiele schade",1,"Fiets",\N,"Eenzijdig","Rechte weg",50,"Brandend","Daglicht","Regen",\N,"600266599","Beerpolderweg","Dordrecht","Dordrecht","Zuid-Holland",false,51.732525,4.635652,"material damage only","4","rain",false,1,"GM0505"
"20220121112",2022,"Uitsluitend materiele schade",2,"Personenauto","e-bike","Flank","Kruispunt, 4 takken",50,"Niet brandend","Daglicht","Droog",\N,\N,"Heidelaan","Ermelo","Ermelo","Gelderland",false,52.294396,5.610348,"material damage only","4","clear",false,1,"GM0233"
"20220125199",2022,"Letsel",1,"Fiets",\N,"Eenzijdig",\N,50,\N,"Duisternis",\N,\N,"600716521","Moerweg","'s-Gravenhage","'s-Gravenhage","Zuid-Holland",false,52.053373,4.296894,"injury","2","unknown",false,1,"GM0518"
"20220128615",2022,"Letsel",2,"Fiets","Fiets","Flank","Rechte weg",50,"Niet brandend","Daglicht","Droog",\N,"184273031","Westersingel","Rotterdam","Rotterdam","Zuid-Holland",false,51.913661,4.475353,"injury","2","clear",false,1,"GM0599"
"20220135442",2022,"Letsel",1,"Fiets",\N,"Eenzijdig",\N,\N,\N,"Daglicht",\N,\N,\N,"B.P. Hofstedestraat","Hengelo","Hengelo (O)","Overijssel",false,52.264031,6.794426,"injury","2","unknown",false,1,\N
"20220145185",2022,"Letsel",2,"Personenauto","e-bike","Flank","Rotonde",50,"Niet brandend","Daglicht","Droog",\N,\N,"Stephensonstraat","Zoetermeer","Zoetermeer","Zuid-Holland",false,52.061335,4.529184,"injury","2","clear",false,1,"GM0637"
"20220154032",2022,"Letsel",2,"Bestelauto","Fiets","Onbekend","Kruispunt, 4 takken",50,"Niet brandend","Daglicht","Droog",\N,\N,"Nevadadreef","Utrecht","Utrecht","Utrecht",false,52.125728,5.091448,"injury","2","clear",false,1,"GM0344"
"20220156733",2022,"Letsel",2,"Personenauto","Fiets","Flank","Rechte weg",50,"Niet brandend","Daglicht","Droog",\N,"600739111","Raadhuisplein","Nieuwerkerk aan den IJssel","Zuidplas","Zuid-Holland",false,51.967159,4.617253,"injury","2","clear",false,1,"GM1892"
"20220156735",2022,"Letsel",2,"Personenauto","Fiets","Flank","Kruispunt, 4 takken",50,"Brandend","Duisternis","Droog",\N,\N,"Prins Bernhardlaan","Voorburg","Leidschendam-Voorburg","Zuid-Holland",false,52.079193,4.369488,"injury","2","clear",false,1,"GM1916"
"20220181340",2022,"Uitsluitend materiele schade",2,"Snorfiets","Fiets","Frontaal","Rechte weg",30,"Brandend","Duisternis","Regen","Tunnel","600107793","Hildebrandplein","'s-Gravenhage","'s-Gravenhage","Zuid-Holland",false,52.055119,4.308971,"material damage only","4","rain",false,1,"GM0518"
"20220181342",2022,"Letsel",2,"Fiets","Fiets","Flank","Rechte weg",60,"Niet brandend","Daglicht","Droog",\N,"600681681","Slingerkade","Zevenhuizen","Zuidplas","Zuid-Holland",true,51.988028,4.563611,"injury","2","clear",false,1,"GM1892"
"20220194841",2022,"Letsel",2,"Fiets","Fiets","Flank","Kruispunt, 4 takken",\N,"Niet brandend","Schemer","Droog",\N,\N,"Malkenschoten","Apeldoorn","Apeldoorn","Gelderland",false,52.181604,5.96976,"injury","2","clear",false,1,"GM0200"
"20220115529",2022,"Letsel",2,"Fiets","Personenauto","Onbekend","Rechte weg",50,"Niet brandend","Daglicht","Droog",\N,"508536002","Nijverheidsstraat","Wildervank","Veendam","Groningen",false,53.09427,6.872022,"injury","2","clear",false,1,"GM0047"
"20220117270",2022,"Uitsluitend materiele schade",2,"Personenauto","Fiets","Flank","Kruispunt, 4 takken",50,"Niet brandend","Daglicht","Droog",\N,\N,"Kolthofsingel","Almelo","Almelo","Overijssel",false,52.366972,6.668271,"material damage only","4","clear",false,1,"GM0141"
"20220118812",2022,"Uitsluitend materiele schade",2,"Bestelauto","Fiets","Flank","Kruispunt, 3 takken",30,"Niet brandend","Daglicht","Droog",\N,\N,"Onder de Linden","Zevenaar","Zevenaar","Gelderland",false,51.938171,6.077535,"material damage only","4","clear",false,1,"GM0299"
"20240000257",2024,"Letsel",1,"Fiets",\N,"Flank","Kruispunt, 4 takken",30,"Brandend","Schemer","Droog",\N,\N,"Crooswijksestraat","Rotterdam","Rotterdam","Zuid-Holland",false,51.932719,4.494669,"injury","2","clear",false,1,"GM0599"
"20220146108",2022,"Letsel",2,"Personenauto","Fiets","Flank","Kruispunt, 4 takken",50,"Niet brandend","Daglicht","Droog",\N,\N,"Abram van Rijckevorselwg","Capelle aan den IJssel","Capelle aan den IJssel","Zuid-Holland",false,51.913474,4.546617,"injury","2","clear",false,1,"GM0502"
"20220146125",2022,"Letsel",2,"Snorfiets","Fiets","Flank","Kruispunt, 4 takken",\N,"Niet brandend","Daglicht","Droog",\N,\N,"FIETSPAD 58","Zwijndrecht","Zwijndrecht","Zuid-Holland",false,51.810155,4.582647,"injury","2","clear",false,1,"GM0642"
"20220154045",2022,"Letsel",2,"Fiets","Fiets","Onbekend","Kruispunt, 3 takken",\N,"Niet brandend","Daglicht","Droog",\N,\N,"Zandpad","Utrecht","Utrecht","Utrecht",false,52.111494,5.101644,"injury","2","clear",false,1,"GM0344"
"20220162016",2022,"Letsel",2,"Fiets","Voetganger","Voetganger","Rechte weg",50,"Brandend","Duisternis","Droog",\N,\N,"Ds Kingweg","Heerenveen","Heerenveen","Friesland",true,52.953551,5.91941,"injury","2","clear",false,1,"GM0074"
"20220165387",2022,"Letsel",1,"Fiets",\N,"Eenzijdig","Kruispunt, 3 takken",30,"Niet brandend","Daglicht","Droog",\N,\N,"Veldweg","Hattem","Hattem","Gelderland",false,52.464709,6.060828,"injury","2","clear",false,1,"GM0244"
"20220170754",2022,"Uitsluitend materiele schade",2,"Bromfiets","Fiets","Flank","Rechte weg",30,"Niet brandend","Daglicht","Droog",\N,"293348006","Meentweg","Eemnes","Eemnes","Utrecht",false,52.263612,5.271499,"material damage only","4","clear",false,1,"GM0317"
"20220170821",2022,"Letsel",1,"Fiets",\N,"Eenzijdig","Rechte weg",30,"Niet brandend","Daglicht","Droog",\N,"295305003","Arnhemsebovenweg","Driebergen-Rijsenburg","Utrechtse Heuvelrug","Utrecht",false,52.061184,5.284126,"injury","2","clear",false,1,"GM1581"
"20220188874",2022,"Uitsluitend materiele schade",2,"Snorfiets","Fiets","Frontaal","Bocht",50,"Brandend","Duisternis","Droog",\N,\N,"Stationsweg","Eindhoven","Eindhoven","Noord-Brabant",false,51.442237,5.485238,"material damage only","4","clear",false,1,"GM0772"
"20220191657",2022,"Letsel",2,"Personenauto","Fiets","Flank","Kruispunt, 3 takken",30,"Niet brandend","Daglicht","Droog",\N,\N,"Boteringesingel","Groningen","Groningen","Groningen",false,53.226174,6.561013,"injury","2","clear",false,1,"GM0014"
"20220191686",2022,"Letsel",2,"Bromfiets","Fiets","Onbekend","Rechte weg",50,"Brandend","Duisternis","Sneeuw/Hagel",\N,"600554386","Notaris Mulderstraat","Hoogeveen","Hoogeveen","Drenthe",false,52.723136,6.481506,"injury","2","unknown",false,1,"GM0118"
"20220191804",2022,"Letsel",2,\N,"Fiets","Eenzijdig","Rechte weg",50,"Niet brandend","Daglicht","Droog",\N,"493441041","van Heutszsingel","Coevorden","Coevorden","Drenthe",false,52.664379,6.741824,"injury","2","clear",false,1,"GM0109"
"20220141415",2022,"Letsel",2,"Personenauto","e-bike","Flank","Rotonde",50,"Niet brandend","Daglicht","Droog",\N,\N,"Zwarteweg","Aalsmeer","Aalsmeer","Noord-Holland",false,52.257252,4.757459,"injury","2","clear",false,1,"GM0358"
"20220165698",2022,"Uitsluitend materiele schade",2,"Personenauto","e-bike","Flank","Kruispunt, 4 takken",50,"Niet brandend","Daglicht","Droog",\N,\N,"van Limburg Stirumstraat","Nijverdal","Hellendoorn","Overijssel",false,52.369795,6.457464,"material damage only","4","clear",false,1,"GM0163"
"20220183673",2022,"Letsel",2,"Fiets","Fiets","Frontaal","Rechte weg",30,"Niet brandend","Daglicht","Droog",\N,"165275017","Trekkade","Vlaardingen","Vlaardingen","Zuid-Holland",false,51.923361,4.34025,"injury","2","clear",false,1,"GM0622"
"20220183743",2022,"Letsel",2,"Personenauto","Fiets","Geparkeerd voertuig","Rechte weg",30,"Niet brandend","Daglicht","Droog",\N,"180272102","Schiedamseweg","Rotterdam","Rotterdam","Zuid-Holland",false,51.91016,4.444199,"injury","2","clear",false,1,"GM0599"
"20220192108",2022,"Letsel",2,"Personenauto","Fiets","Frontaal","Kruispunt, 3 takken",50,"Niet brandend","Daglicht","Droog",\N,\N,"Halteweg","Heiligerlee","Oldambt","Groningen",false,53.156224,7.001784,"injury","2","clear",false,1,"GM1895"
"20220139898",2022,"Letsel",2,"Personenauto","Fiets","Flank","Kruispunt, 4 takken",50,"Niet brandend","Daglicht","Droog",\N,\N,"Boerhaavelaan","Haarlem","Haarlem","Noord-Holland",false,52.36781,4.666116,"injury","2","clear",false,1,"GM0392"
"20220142866",2022,"Letsel",1,"Fiets",\N,"Eenzijdig","Rechte weg",30,"Niet brandend","Daglicht",\N,\N,"169295202","Oude Langendijk","Delft","Delft","Zuid-Holland",false,52.012276,4.361806,"injury","2","unknown",false,1,"GM0503"
"20220145340",2022,"Letsel",2,"Personenauto","Fiets","Flank","Kruispunt, 4 takken",50,"Niet brandend","Daglicht","Droog",\N,\N,"Laakweg","'s-Gravenhage","'s-Gravenhage","Zuid-Holland",false,52.060915,4.319236,"injury","2","clear",false,1,"GM0518"
"20220184556",2022,"Letsel",3,"Personenauto","Fiets","Los voorwerp","Rechte weg",50,"Niet brandend","Daglicht","Droog",\N,"600710666","Nieuwe Zeedijk","Hellevoetsluis","Voorne aan Zee","Zuid-Holland",false,51.823257,4.124847,"injury","2","clear",false,1,"GM1992"
"20220191146",2022,"Uitsluitend materiele schade",2,"Fiets","Fiets","Onbekend","Rechte weg",15,"Niet brandend","Daglicht","Droog",\N,"600597280","Mariënwaard","Maastricht","Maastricht","Limburg",false,50.873803,5.725502,"material damage only","4","clear",false,1,"GM0935"
"20220192041",2022,"Letsel",2,"e-bike","Fiets","Onbekend","Rechte weg",\N,\N,"Daglicht",\N,\N,"600189272","Gapenburg","Oldetrijne","Weststellingwerf","Friesland",false,52.835114,5.952928,"injury","2","unknown",false,1,"GM0098"
"20220118980",2022,"Letsel",1,"Fiets",\N,"Eenzijdig","Kruispunt, 3 takken",50,"Niet brandend","Daglicht","Droog",\N,\N,"Heemraadstraat","Nijmegen","Nijmegen","Gelderland",false,51.812484,5.854656,"injury","2","clear",false,1,"GM0268"
"20220141616",2022,"Uitsluitend materiele schade",2,"Fiets","Fiets","Onbekend","Rechte weg",50,"Niet brandend","Daglicht","Droog",\N,"242374163","Dam","Amsterdam","Amsterdam","Noord-Holland",false,52.373337,4.892831,"material damage only","4","clear",false,1,"GM0363"
"20220144260",2022,"Uitsluitend materiele schade",2,"Fiets","Personenauto","Onbekend",\N,\N,\N,"Daglicht",\N,\N,"151306041","Aaltje Noordewierstraat","'s-Gravenhage","'s-Gravenhage","Zuid-Holland",false,52.06023,4.232044,"material damage only","4","unknown",false,1,"GM0518"
"20220144274",2022,"Uitsluitend materiele schade",2,"Personenauto","Fiets","Flank","Rechte weg",30,"Brandend","Duisternis","Droog",\N,"600500010","Hoogmadeseweg","Leiderdorp","Leiderdorp","Zuid-Holland",false,52.151292,4.528388,"material damage only","4","clear",false,1,"GM0547"
"20220145403",2022,"Letsel",2,"Fiets","Fiets","Frontaal","Kruispunt, 4 takken",\N,"Niet aanwezig","Daglicht","Droog",\N,\N,"Reeënpad","Bergschenhoek","Lansingerland","Zuid-Holland",false,51.967278,4.513829,"injury","2","clear",false,1,"GM1621"
"20220122936",2022,"Uitsluitend materiele schade",2,"Personenauto","Fiets","Flank","Kruispunt, 3 takken",50,"Niet brandend","Daglicht","Droog",\N,\N,"Linnaeusstraat","IJmuiden","Velsen","Noord-Holland",false,52.455592,4.601765,"material damage only","4","clear",false,1,"GM0453"
"20220125558",2022,"Letsel",2,"Fiets","Fiets","Eenzijdig","Rechte weg",50,"Niet brandend","Daglicht","Droog",\N,"143298043","Molenstraat","Monster","Westland","Zuid-Holland",false,52.024549,4.173075,"injury","2","clear",false,1,"GM1783"
"20220140068",2022,"Letsel",1,"Fiets",\N,"Eenzijdig",\N,\N,\N,"Duisternis",\N,\N,"227405006","Nijverheidsstraat","Wormerveer","Zaanstad","Noord-Holland",false,52.509508,4.778832,"injury","2","unknown",false,1,"GM0479"
"20220141654",2022,"Uitsluitend materiele schade",2,"Bromfiets","Fiets","Flank","Rechte weg",30,"Niet brandend","Daglicht","Droog",\N,"242373220","Nieuwezijds Voorburgwal","Amsterdam","Amsterdam","Noord-Holland",false,52.369749,4.889599,"material damage only","4","clear",false,1,"GM0363"
"20220144323",2022,"Letsel",3,"e-bike","Fiets","Onbekend","Rechte weg",50,"Niet brandend","Daglicht","Droog",\N,"164314010","Van Alkemadelaan","'s-Gravenhage","'s-Gravenhage","Zuid-Holland",false,52.09938,4.322667,"injury","2","clear",false,1,"GM0518"
"20220173093",2022,"Uitsluitend materiele schade",2,"Personenauto","Fiets","Flank","Rechte weg",50,"Niet brandend","Daglicht","Droog",\N,"600807389","Kerkewijk","Veenendaal","Veenendaal","Utrecht",false,52.011522,5.54375,"material damage only","4","clear",false,1,"GM0345"
"20220193092",2022,"Letsel",3,"Personenauto","Fiets","Onbekend","Kruispunt, 4 takken",30,"Niet brandend","Daglicht","Droog",\N,\N,"Molenweg","Haren Gn","Groningen","Groningen",false,53.175007,6.605408,"injury","2","clear",false,1,"GM0014"
"20220193907",2022,"Letsel",1,"Fiets",\N,"Eenzijdig","Rechte weg",30,"Brandend","Duisternis","Droog",\N,"600454486","Westerhaven","Groningen","Groningen","Groningen",false,53.215708,6.556688,"injury","2","clear",false,1,"GM0014"
"20220193943",2022,"Letsel",2,"Fiets","Voetganger","Voetganger","Kruispunt, 4 takken",50,"Niet brandend","Daglicht","Droog",\N,\N,"Vismarkt","Groningen","Groningen","Groningen",false,53.217058,6.563756,"injury","2","clear",false,1,"GM0014"
"20220196522",2022,"Letsel",2,"Personenauto","e-bike","Geparkeerd voertuig","Rechte weg",50,"Niet brandend","Daglicht","Droog",\N,"515345061","Stroinksbleekweg","Enschede","Enschede","Overijssel",false,52.231858,6.894205,"injury","2","clear",false,1,"GM0153"
"20220120265",2022,"Letsel",3,"Personenauto","Fiets","Onbekend","Rotonde",50,"Niet brandend","Daglicht","Droog",\N,\N,"Oostereind","Hilversum","Hilversum","Noord-Holland",false,52.211419,5.195719,"injury","2","clear",false,1,"GM0402"
"20220143167",2022,"Letsel",2,"Scootmobiel","Fiets","Eenzijdig","Rechte weg",\N,"Niet brandend","Daglicht","Droog",\N,"600715107","Dorpskade","Wateringen","Westland","Zuid-Holland",false,52.022813,4.273475,"injury","2","clear",false,1,"GM1783"
"20220154603",2022,"Letsel",2,"Fiets","Fiets","Flank","Rechte weg",30,"Niet aanwezig","Daglicht","Droog",\N,\N,"Grensweg","Den Burg","Texel","Noord-Holland",false,53.059138,4.763034,"injury","2","clear",false,1,"GM0448"
"20240084768",2024,"Uitsluitend materiele schade",1,"Fiets",\N,"Onbekend","Rechte weg",50,"Niet brandend","Daglicht","Droog",\N,"395334096","Waagmeestershoeve","Apeldoorn","Apeldoorn","Gelderland",false,52.192424,6.014074,"material damage only","4","clear",false,1,"GM0200"
"20240088669",2024,"Letsel",2,"Scootmobiel","e-bike","Onbekend","Rechte weg",50,"Niet brandend","Daglicht","Droog",\N,"601212605","Biltlaan","Katwijk","Katwijk","Zuid-Holland",false,52.208405,4.422711,"injury","2","clear",false,1,"GM0537"
"20240097419",2024,"Letsel",2,"Bestelauto","Fiets","Flank","Rotonde",50,"Niet brandend","Daglicht","Droog",\N,\N,"Sir Winston Churchillln","Rijswijk","Rijswijk","Zuid-Holland",false,52.03125,4.305065,"injury","2","clear",false,1,\N
"20240097425",2024,"Uitsluitend materiele schade",2,"Personenauto","Fiets","Onbekend",\N,30,\N,"Daglicht",\N,\N,"239370013","Valeriusstraat","Amsterdam","Amsterdam","Noord-Holland",false,52.355179,4.872591,"material damage only","4","unknown",false,1,"GM0363"
"20240046594",2024,"Uitsluitend materiele schade",2,"Personenauto","Fiets","Flank","Kruispunt, 4 takken",50,"Niet brandend","Daglicht","Droog",\N,\N,"Bijleveldsingel","Nijmegen","Nijmegen","Gelderland",false,51.841786,5.867258,"material damage only","4","clear",false,1,"GM0268"
"20240087417",2024,"Uitsluitend materiele schade",3,"Fiets","Fiets","Onbekend","Rechte weg",50,"Niet brandend","Daglicht","Droog",\N,"291308008","Frederik Hendriklaan","Zeist","Zeist","Utrecht",false,52.078015,5.255264,"material damage only","4","clear",false,1,"GM0355"
"20240092085",2024,"Uitsluitend materiele schade",2,"Personenauto","Fiets","Flank","Kruispunt, 3 takken",30,"Niet brandend","Daglicht","Droog",\N,\N,"Landbouwlaan","Berghem","Oss","Noord-Brabant",false,51.764263,5.565478,"material damage only","4","clear",false,1,"GM0828"
"20240092195",2024,"Uitsluitend materiele schade",2,"Bromfiets","Fiets","Flank","Kruispunt, 3 takken",50,"Niet aanwezig","Daglicht","Droog",\N,\N,"Kennedystraat","Venray","Venray","Limburg",false,51.522623,5.971091,"material damage only","4","clear",false,1,"GM0984"
"20240095564",2024,"Uitsluitend materiele schade",2,"Personenauto","Fiets","Flank","Kruispunt, 4 takken",50,"Niet brandend","Daglicht","Droog",\N,\N,"Noorderkade","Alkmaar","Alkmaar","Noord-Holland",false,52.641065,4.746091,"material damage only","4","clear",false,1,"GM0361"
"20240096131",2024,"Letsel",1,"Fiets",\N,"Onbekend","Rechte weg",30,"Niet brandend","Daglicht","Droog",\N,\N,"Asterstraat","Woerden","Woerden","Utrecht",false,52.083963,4.880098,"injury","2","clear",false,1,"GM0632"
"20240097733",2024,"Letsel",2,"Fiets","Fiets","Flank","Rechte weg",30,"Niet brandend","Daglicht","Regen",\N,"150293099","Hofstraat","Honselersdijk","Westland","Zuid-Holland",false,52.004582,4.223732,"injury","2","rain",false,1,"GM1783"
"20240101276",2024,"Letsel",2,"Fiets","Fiets","Frontaal","Rechte weg",50,"Niet brandend","Daglicht","Droog",\N,\N,"Voorwillenseweg","Gouda","Gouda","Zuid-Holland",false,52.012256,4.743831,"injury","2","clear",false,1,"GM0513"
"20240041042",2024,"Uitsluitend materiele schade",2,"Personenauto","Fiets","Onbekend","Rechte weg",50,"Niet brandend","Daglicht","Droog",\N,"223438026","Mulderij","Alkmaar","Alkmaar","Noord-Holland",false,52.66013,4.751485,"material damage only","4","clear",false,1,"GM0361"