"accident_id","year","severity_raw","party_count","party1_type","party2_type","accident_type","road_situation","speed_limit_kmh","road_lighting","light_condition_label","weather_raw","infra_type","road_segment_id","street_name","place_name","gemeente_name_raw","province","alcohol_indicated","latitude","longitude","severity_label","severity_code","weather_label","built_up_area","cyclists_involved","gemeente_code"
"20240071383",2024,"Letsel",1,"Fiets",\N,"Onbekend",\N,\N,\N,"Daglicht",\N,\N,"158307087","Apeldoornselaan","'s-Gravenhage","'s-Gravenhage","Zuid-Holland",false,52.066272,4.28199,"injury","2","unknown",false,1,"GM0518"
"20240081613",2024,"Letsel",1,"Fiets",\N,"Onbekend","Rechte weg",50,"Niet brandend","Daglicht","Droog",\N,"163310123","Lage Zand","'s-Gravenhage","'s-Gravenhage","Zuid-Holland",false,52.078579,4.320795,"injury","2","clear",false,1,"GM0518"
"20240081615",2024,"Letsel",1,"Fiets",\N,"Onbekend","Rechte weg",30,"Niet brandend","Daglicht","Droog",\N,"174337015","Zuidstraat","Katwijk","Katwijk","Zuid-Holland",false,52.202505,4.398235,"injury","2","clear",false,1,"GM0537"
"20240092855",2024,"Letsel",1,"Fiets",\N,"Flank","Kruispunt, 4 takken",50,"Niet brandend","Daglicht","Droog",\N,\N,"Savelbergstraat","Landgraaf","Landgraaf","Limburg",false,50.893396,6.017356,"injury","2","clear",false,1,"GM0882"
"20240093796",2024,"Letsel",2,"Fiets","Fiets","Onbekend","Rechte weg",30,"Niet brandend","Daglicht","Regen",\N,"378288026","Noordelijke Parallelweg","Arnhem","Arnhem","Gelderland",false,51.987066,5.889639,"injury","2","rain",false,1,"GM0202"
"20240094591",2024,"Letsel",2,"Personenauto","e-bike","Flank","Rotonde",30,"Niet brandend","Daglicht","Droog",\N,\N,"Raadhuislaan","Oude Pekela","Pekela","Groningen",false,53.105644,7.005865,"injury","2","clear",false,1,"GM0765"
"20240097646",2024,"Letsel",2,"Personenauto","Fiets","Flank","Kruispunt, 4 takken",30,"Niet brandend","Daglicht","Droog",\N,\N,"Zilverschoon","Katwijk","Katwijk","Zuid-Holland",false,52.193498,4.410794,"injury","2","clear",false,1,"GM0537"
"20240084847",2024,"Letsel",2,"Fiets","Personenauto","Flank","Kruispunt, 3 takken",50,"Niet brandend","Daglicht","Droog",\N,\N,"Meijhorst","Nijmegen","Nijmegen","Gelderland",false,51.813949,5.796438,"injury","2","clear",false,1,"GM0268"
"20240089464",2024,"Letsel",4,"Fiets","Personenauto","Flank","Rechte weg",15,"Niet brandend","Daglicht","Droog",\N,"162308204","Stille Veerkade","'s-Gravenhage","'s-Gravenhage","Zuid-Holland",true,52.074058,4.314239,"injury","2","clear",false,1,"GM0518"
"20240097815",2024,"Letsel",1,"Fiets",\N,"Onbekend",\N,30,\N,"Duisternis",\N,\N,"169293001","Plein Delftzicht","Delft","Delft","Zuid-Holland",false,52.004281,4.361559,"injury","2","unknown",false,1,"GM0503"
"20240098551",2024,"Letsel",2,"Bestelauto","Fiets","Geparkeerd voertuig","Rechte weg",30,"Niet brandend","Daglicht","Droog",\N,"240374010","Rozengracht","Amsterdam","Amsterdam","Noord-Holland",false,52.373024,4.879183,"injury","2","clear",false,1,"GM0363"
"20240048452",2024,"Letsel",2,"Personenauto","Fiets","Onbekend","Kruispunt, 4 takken",30,"Niet brandend","Daglicht","Regen",\N,\N,"Hannolaan","Utrecht","Utrecht","Utrecht",false,52.0658,5.097664,"injury","2","rain",false,1,"GM0344"
"20240073358",2024,"Uitsluitend materiele schade",2,"Bromfiets","Fiets","Flank","Kruispunt, 3 takken",30,"Niet brandend","Daglicht","Regen",\N,\N,"Wijngaardstraat","Goes","Goes","Zeeland",false,51.504103,3.888766,"material damage only","4","rain",false,1,"GM0664"
"20240079777",2024,"Letsel",2,"Bromfiets","Fiets","Flank","Kruispunt, 4 takken",30,"Niet brandend","Daglicht","Droog",\N,\N,"Frans Halsstraat","Schagen","Schagen","Noord-Holland",false,52.790666,4.802711,"injury","2","clear",false,1,"GM0441"
"20240086235",2024,"Uitsluitend materiele schade",2,"Snorfiets","Fiets","Frontaal","Bocht",50,"Niet brandend","Daglicht","Droog",\N,"600517709","FIETSPAD","Lelystad","Lelystad","Flevoland",false,52.519019,5.442862,"material damage only","4","clear",false,1,"GM0995"
"20240093884",2024,"Letsel",2,"Personenauto","Fiets","Flank","Rotonde",50,"Niet brandend","Daglicht","Droog",\N,\N,"Willy Brandtlaan","Ede","Ede","Gelderland",false,52.02346,5.643937,"injury","2","clear",false,1,"GM0228"
"20240095165",2024,"Letsel",3,"Personenauto","Fiets","Onbekend","Kruispunt, 4 takken",30,"Niet brandend","Daglicht","Regen",\N,\N,"Hugo de Grootstraat","Sneek","Súdwest-Fryslân","Friesland",false,53.039877,5.666001,"injury","2","rain",false,1,"GM1900"
"20240098060",2024,"Letsel",2,"Fiets","Fiets","Flank","Rechte weg",50,"Niet brandend","Daglicht","Droog","Tunnel","601022631","Spoorstraat","Gouda","Gouda","Zuid-Holland",false,52.017469,4.709407,"injury","2","clear",false,1,"GM0513"
"20240043284",2024,"Letsel",3,"Bestelauto","Fiets","Vast voorwerp","Rechte weg",50,"Niet brandend","Daglicht","Droog",\N,\N,"Mollenburgseweg","Gorinchem","Gorinchem","Zuid-Holland",false,51.837969,4.963337,"injury","2","clear",false,1,"GM0512"
"20240050406",2024,"Uitsluitend materiele schade",2,"Personenauto","Fiets","Flank","Kruispunt, 3 takken",30,"Niet brandend","Daglicht","Regen",\N,\N,"Eikstraat","Hoorn","Hoorn","Noord-Holland",false,52.644487,5.064187,"material damage only","4","rain",false,1,"GM0405"
"20240089535",2024,"Letsel",3,"Fiets","Fiets","Onbekend","Rechte weg",60,"Niet aanwezig","Daglicht","Droog",\N,"218444002","Schapenlaan","Bergen (NH)","Bergen (NH)","Noord-Holland",false,52.685067,4.713739,"injury","2","clear",false,1,\N
"20240090831",2024,"Uitsluitend materiele schade",2,"Fiets","Fiets","Frontaal","Kruispunt, 3 takken",50,"Niet brandend","Daglicht","Droog",\N,\N,"Noorder Parallelweg","Waalwijk","Waalwijk","Noord-Brabant",false,51.685047,5.070142,"material damage only","4","clear",false,1,"GM0867"
"20240093245",2024,"Uitsluitend materiele schade",2,"Personenauto","e-bike","Onbekend","Kruispunt, 3 takken",30,"Niet brandend","Daglicht","Regen",\N,\N,"Greeden","Eenrum","Het Hogeland","Groningen",false,53.359347,6.461958,"material damage only","4","rain",false,1,"GM1966"
"20240094306",2024,"Uitsluitend materiele schade",2,"Bromfiets","Fiets","Kop/staart","Kruispunt, 4 takken",60,"Niet brandend","Daglicht","Droog",\N,\N,"Breedlersestraat","Elst","Overbetuwe","Gelderland",false,51.912203,5.875936,"material damage only","4","clear",false,1,"GM1734"
"20240043968",2024,"Letsel",2,"Personenauto","Fiets","Flank","Kruispunt, 3 takken",50,"Niet brandend","Daglicht","Droog",\N,\N,"Frieslandstraat","Deurne","Deurne","Noord-Brabant",false,51.462496,5.800555,"injury","2","clear",false,1,"GM0762"
"20240049782",2024,"Uitsluitend materiele schade",2,"Bromfiets","Fiets","Flank","Rechte weg",30,"Niet brandend","Daglicht","Droog",\N,"249371037","Molukkenstraat","Amsterdam","Amsterdam","Noord-Holland",false,52.358856,4.940788,"material damage only","4","clear",false,1,"GM0363"
"20240043359",2024,"Letsel",2,"Personenauto","Fiets","Flank","Kruispunt, 4 takken",50,"Brandend","Duisternis","Droog",\N,\N,"Pleinweg","Rotterdam","Rotterdam","Zuid-Holland",false,51.891396,4.479309,"injury","2","clear",false,1,"GM0599"
"20240043999",2024,"Dodelijk",1,"Fiets",\N,"Onbekend",\N,30,\N,"Daglicht",\N,\N,\N,"'t Heike","Reusel","Reusel-De Mierden","Noord-Brabant",false,51.353074,5.158485,"fatal","1","unknown",false,1,"GM1667"
"20240044659",2024,"Letsel",3,"Fiets","Boom","Vast voorwerp","Rechte weg",60,"Brandend","Duisternis","Droog",\N,"333145001","Zevenhuizen","Leende","Heeze-Leende","Noord-Brabant",false,51.34345,5.560171,"injury","2","clear",false,1,"GM1658"
"20240077455",2024,"Letsel",2,"Personenauto","Fiets","Flank","Kruispunt, 3 takken",60,"Niet brandend","Daglicht","Droog",\N,\N,"Knollemanshoek","Montfoort","Montfoort","Utrecht",false,52.053434,4.987326,"injury","2","clear",false,1,"GM0335"
"20240085691",2024,"Uitsluitend materiele schade",2,"Personenauto","Fiets","Flank","Kruispunt, 4 takken",50,"Niet brandend","Daglicht","Droog",\N,\N,"Arboretumlaan","Wageningen","Wageningen","Gelderland",false,51.96982,5.674332,"material damage only","4","clear",false,1,"GM0289"
"20240087693",2024,"Uitsluitend materiele schade",2,"Personenauto","Fiets","Flank","Kruispunt, 4 takken",30,"Niet brandend","Daglicht","Droog",\N,\N,"Rudolfstraat","Hengelo","Hengelo (O)","Overijssel",false,52.254266,6.794289,"material damage only","4","clear",false,1,\N
"20240093319",2024,"Uitsluitend materiele schade",2,"Personenauto","Fiets","Flank","Kruispunt, 4 takken",30,"Niet brandend","Daglicht","Droog",\N,\N,"Woertstraat","Dalen","Coevorden","Drenthe",false,52.701183,6.755391,"material damage only","4","clear",false,1,"GM0109"
"20240093323",2024,"Uitsluitend materiele schade",1,"Fiets",\N,"Flank","Bocht",30,"Niet brandend","Daglicht","Droog",\N,"600850888","Sportlaan","Drachten","Smallingerland","Friesland",false,53.093975,6.0882,"material damage only","4","clear",false,1,"GM0090"
"20240098707",2024,"Letsel",2,"Personenauto","Fiets","Flank","Rechte weg",50,"Niet brandend","Daglicht","Droog",\N,\N,"Kennedylaan","Haarlem","Haarlem","Noord-Holland",false,52.364646,4.651968,"injury","2","clear",false,1,"GM0392"
"20240102341",2024,"Letsel",3,"Bromfiets","Fiets","Flank","Rechte weg",30,"Brandend","Schemer","Droog",\N,"601175585","Park Forum","Eindhoven","Eindhoven","Noord-Brabant",false,51.442826,5.388898,"injury","2","clear",false,1,"GM0772"
"20240102578",2024,"Dodelijk",2,"Bus","Fiets","Flank","Kruispunt, 3 takken",50,"Niet brandend","Daglicht","Droog",\N,\N,"Godsweerderstraat","Roermond","Roermond","Limburg",false,51.195023,5.993617,"fatal","1","clear",false,1,"GM0957"
"20240070992",2024,"Letsel",2,"Fiets","Overig vast object","Vast voorwerp","Rechte weg",50,"Niet brandend","Schemer","Droog",\N,"601113198","Plaszoom","Rotterdam","Rotterdam","Zuid-Holland",false,51.930154,4.520614,"injury","2","clear",false,1,"GM0599"
"20240077475",2024,"Uitsluitend materiele schade",2,"Bestelauto","Fiets","Flank","Kruispunt, 3 takken",50,"Niet brandend","Daglicht","Droog",\N,\N,"NAARDEN-VESTING 6","Naarden","Gooise Meren","Noord-Holland",false,52.305565,5.144676,"material damage only","4","clear",false,1,"GM1942"
"20240083156",2024,"Uitsluitend materiele schade",2,"Bromfiets","Fiets","Frontaal","Bocht",50,"Niet brandend","Daglicht","Droog",\N,"197198041","Achter 't Hof","Hoeven","Halderberge","Noord-Brabant",false,51.57935,4.579047,"material damage only","4","clear",false,1,"GM1655"
"20240094421",2024,"Uitsluitend materiele schade",2,"Personenauto","Fiets","Flank","Kruispunt, 4 takken",30,"Niet brandend","Daglicht","Droog",\N,\N,"Hereplein","Groningen","Groningen","Groningen",false,53.214048,6.569125,"material damage only","4","clear",false,1,"GM0014"
"20240102631",2024,"Uitsluitend materiele schade",2,"Personenauto","Fiets","Los voorwerp","Kruispunt, 3 takken",30,"Niet brandend","Daglicht","Droog",\N,\N,"Jozef Israëlsstraat","Helmond","Helmond","Noord-Brabant",false,51.494591,5.67448,"material damage only","4","clear",false,1,"GM0794"
"20240103299",2024,"Uitsluitend materiele schade",2,"Personenauto","Fiets","Flank","Kruispunt, 3 takken",50,"Niet brandend","Daglicht","Droog",\N,\N,"Fischerpad","Sittard","Sittard-Geleen","Limburg",false,50.999061,5.845285,"material damage only","4","clear",false,1,"GM1883"
"20240045023",2024,"Letsel",2,"Personenauto","Fiets","Onbekend","Rechte weg",50,"Niet brandend","Daglicht","Droog",\N,"417171016","Hoofdstraat","Lottum","Horst aan de Maas","Limburg",false,51.458919,6.16086,"injury","2","clear",false,1,"GM1507"
"20240095379",2024,"Letsel",2,"Fiets","Fiets","Onbekend","Rechte weg",30,"Niet brandend","Daglicht","Droog",\N,"601235013","Gorslaan","Purmerend","Purmerend","Noord-Holland",false,52.497892,4.956674,"injury","2","clear",false,1,"GM0439"
"20240095389",2024,"Uitsluitend materiele schade",3,"Fiets","Fiets","Los voorwerp","Rechte weg",30,"Brandend","Duisternis","Droog",\N,\N,"Oudkerkhof","Utrecht","Utrecht","Utrecht",false,52.09199,5.122237,"material damage only","4","clear",false,1,"GM0344"
"20240095898",2024,"Letsel",2,"Fiets","Fiets","Flank","Kruispunt, 3 takken",50,"Niet brandend","Daglicht","Droog",\N,\N,"Vergierdeweg","Haarlem","Haarlem","Noord-Holland",false,52.424632,4.662334,"injury","2","clear",false,1,"GM0392"
"20240098932",2024,"Letsel",1,"Fiets",\N,"Eenzijdig","Rechte weg",15,"Brandend","Duisternis","Droog",\N,"240377091","Haarlemmerweg","Amsterdam","Amsterdam","Noord-Holland",false,52.386871,4.874891,"injury","2","clear",false,1,"GM0363"
"20240099341",2024,"Uitsluitend materiele schade",2,"Fiets","Personenauto","Flank","Kruispunt, 3 takken",50,"Niet brandend","Daglicht","Droog","Tunnel",\N,"Zomerhofstraat","Rotterdam","Rotterdam","Zuid-Holland",false,51.928478,4.478458,"material damage only","4","clear",false,1,"GM0599"
"20240050587",2024,"Uitsluitend materiele schade",2,"Personenauto","Fiets","Frontaal","Kruispunt, 4 takken",50,"Niet brandend","Daglicht","Droog",\N,\N,"IJzerweg","Alphen aan den Rijn","Alphen aan den Rijn","Zuid-Holland",false,52.15056,4.651454,"material damage only","4","clear",false,1,"GM0484"
"20240071054",2024,"Letsel",1,"Fiets",\N,"Eenzijdig","Rechte weg",\N,"Niet brandend","Daglicht","Regen",\N,"600891047","Laan van Nieuw-O-Indië","'s-Gravenhage","'s-Gravenhage","Zuid-Holland",false,52.087955,4.335185,"injury","2","rain",false,1,"GM0518"
"20240083925",2024,"Uitsluitend materiele schade",2,"Fiets","Scootmobiel","Flank","Rechte weg",\N,"Niet brandend","Daglicht","Droog",\N,"600941786","Woenselse Markt","Eindhoven","Eindhoven","Noord-Brabant",false,51.451537,5.472132,"material damage only","4","clear",false,1,"GM0772"
"20240086453",2024,"Uitsluitend materiele schade",1,"Fiets",\N,"Onbekend","Rechte weg",60,"Brandend","Duisternis","Droog",\N,"253304001","Achthoven-West","Montfoort","Montfoort","Utrecht",false,52.057027,4.98382,"material damage only","4","clear",false,1,"GM0335"
"20240090388",2024,"Letsel",2,"Personenauto","Fiets","Flank","Kruispunt, 3 takken",50,"Niet brandend","Daglicht","Droog",\N,\N,"Graaf Walramlaan","Vlaardingen","Vlaardingen","Zuid-Holland",false,51.928619,4.343107,"injury","2","clear",false,1,"GM0622"
"20240095421",2024,"Dodelijk",2,"Personenauto","Fiets","Frontaal","Kruispunt, 4 takken",60,"Niet brandend","Daglicht","Droog",\N,\N,"Groenveldsdijk","Sint Maarten","Schagen","Noord-Holland",true,52.759961,4.767179,"fatal","1","clear",false,1,"GM0441"
"20240095422",2024,"Letsel",2,"Personenauto","Fiets","Geparkeerd voertuig","Rechte weg",30,"Niet brandend","Daglicht","Droog",\N,"262313014","Paul Citroenstraat","Utrecht","Utrecht","Utrecht",false,52.09709,5.039616,"injury","2","clear",false,1,"GM0344"
"20240095936",2024,"Letsel",2,"Snorfiets","Fiets","Onbekend","Kruispunt, 3 takken",30,"Niet brandend","Daglicht","Regen",\N,\N,"Vondelstraat","Alkmaar","Alkmaar","Noord-Holland",false,52.624998,4.751784,"injury","2","rain",false,1,"GM0361"
"20240098970",2024,"Letsel",2,"Fiets","Fiets","Frontaal","Bocht",50,"Niet brandend","Daglicht","Droog",\N,"600591329","Dr C A Gerkestraat","Zandvoort","Zandvoort","Noord-Holland",false,52.366989,4.543241,"injury","2","clear",false,1,"GM0473"
"20240099216",2024,"Letsel",2,"Motor","Fiets","Flank","Kruispunt, 4 takken",30,"Niet brandend","Daglicht","Droog",\N,\N,"Merovingenstraat","Haarlem","Haarlem","Noord-Holland",false,52.371796,4.647372,"injury","2","clear",false,1,"GM0392"
"20240100429",2024,"Uitsluitend materiele schade",2,\N,"Fiets","Kop/staart","Rechte weg",30,"Brandend","Schemer","Regen",\N,"170277019","Jacques Urlusplein","Schiedam","Schiedam","Zuid-Holland",false,51.933507,4.374031,"material damage only","4","rain",false,1,"GM0606"
"20240100550",2024,"Letsel",2,"Personenauto","Fiets","Flank","Kruispunt, 4 takken",50,"Niet brandend","Daglicht","Droog",\N,\N,"Marijkestraat","Zoetermeer","Zoetermeer","Zuid-Holland",false,52.052462,4.495915,"injury","2","clear",false,1,"GM0637"
"20240101030",2024,"Letsel",2,"Snorfiets","Fiets","Flank","Kruispunt, 4 takken",30,"Niet brandend","Daglicht","Droog",\N,\N,"Schoolstraat","Delft","Delft","Zuid-Holland",false,52.012082,4.353262,"injury","2","clear",false,1,"GM0503"
"20240046376",2024,"Letsel",2,"Fiets","Fiets","Flank","Kruispunt, 4 takken",30,"Niet brandend","Daglicht","Droog",\N,\N,"Willemstraat","Hengelo","Hengelo (O)","Overijssel",false,52.264762,6.789242,"injury","2","clear",false,1,\N
"20240080901",2024,"Letsel",3,"Personenauto","Fiets","Frontaal","Kruispunt, 3 takken",30,"Niet brandend","Daglicht","Droog",\N,\N,"Soestdijksekade","'s-Gravenhage","'s-Gravenhage","Zuid-Holland",false,52.061632,4.2834,"injury","2","clear",false,1,"GM0518"
"20240089191",2024,"Letsel",2,"Fiets","Overig vast object","Vast voorwerp","Rechte weg",\N,"Niet aanwezig","Daglicht","Droog",\N,"153289003","Kasteelweg","Naaldwijk","Westland","Zuid-Holland",false,51.987419,4.246651,"injury","2","clear",false,1,"GM1783"
"20240045801",2024,"Letsel",2,"Fiets","Fiets","Flank","Rotonde",50,"Niet brandend","Daglicht","Droog",\N,"600914424","Europa-allee","Kampen","Kampen","Overijssel",false,52.551456,5.911796,"injury","2","clear",false,1,"GM0166"
"20240078283",2024,"Uitsluitend materiele schade",2,"Personenauto","Fiets","Flank","Kruispunt, 4 takken",50,"Niet brandend","Daglicht","Droog",\N,\N,"Gildenstraat","Nijkerk","Nijkerk","Gelderland",false,52.233777,5.481211,"material damage only","4","clear",false,1,"GM0267"
"20240086607",2024,"Letsel",2,"Fiets","Boom","Vast voorwerp","Rechte weg",\N,"Niet brandend","Daglicht","Droog",\N,"600945124","Herenweg","Egmond aan den Hoef","Bergen (NH)","Noord-Holland",false,52.636566,4.656867,"injury","2","clear",false,1,\N
"20240087905",2024,"Uitsluitend materiele schade",2,"Fiets","Voetganger","Onbekend","Rechte weg",50,"Niet brandend","Daglicht","Droog",\N,"600510842","Stadhouderskade","Amsterdam","Amsterdam","Noord-Holland",false,52.361617,4.883459,"material damage only","4","clear",false,1,"GM0363"
"20240096621",2024,"Letsel",2,"Personenauto","Fiets","Flank","Kruispunt, 4 takken",80,"Niet brandend","Daglicht","Droog",\N,\N,"Mariahoeveweg","Muiden","Gooise Meren","Noord-Holland",false,52.328685,5.051775,"injury","2","clear",false,1,"GM1942"
"20240101401",2024,"Uitsluitend materiele schade",2,"Fiets","Overig vast object","Vast voorwerp","Rechte weg",30,"Brandend","Duisternis","Sneeuw/Hagel",\N,"378068051","Paardestraat","Sittard","Sittard-Geleen","Limburg",false,50.998337,5.872074,"material damage only","4","unknown",false,1,"GM1883"
"20240076050",2024,"Letsel",2,"Personenauto","Fiets","Flank","Rechte weg",60,"Niet brandend","Daglicht","Droog",\N,"404434006","De Grote Kranerweerd","Zwartsluis","Zwartewaterland","Overijssel",false,52.64151,6.087321,"injury","2","clear",false,1,"GM1896"
"20240078312",2024,"Uitsluitend materiele schade",2,"Personenauto","Fiets","Flank","Rotonde",50,"Niet brandend","Daglicht","Droog",\N,\N,"Schaapsweg","Ede","Ede","Gelderland",false,52.043106,5.661073,"material damage only","4","clear",false,1,"GM0228"
"20240078335",2024,"Letsel",2,"Personenauto","Fiets","Frontaal","Kruispunt, 4 takken",80,"Niet brandend","Daglicht","Droog",\N,\N,"Oeverweg","Scheerwolde","Steenwijkerland","Overijssel",false,52.744843,6.002747,"injury","2","clear",false,1,"GM1708"
"20240087943",2024,"Letsel",2,"Fiets","Fiets","Frontaal","Rechte weg",30,"Brandend","Duisternis","Droog",\N,"600124244","Herengracht","Amsterdam","Amsterdam","Noord-Holland",false,52.365128,4.89442,"injury","2","clear",false,1,"GM0363"
"20240088593",2024,"Letsel",2,"Fiets","Overig vast object","Vast voorwerp","Rechte weg",30,"Niet brandend","Daglicht","Droog",\N,"214308001","Wonnepad","Boskoop","Alphen aan den Rijn","Zuid-Holland",false,52.074194,4.691857,"injury","2","clear",false,1,"GM0484"
"20240048871",2024,"Letsel",2,"Personenauto","Fiets","Onbekend","Rechte weg",50,"Niet aanwezig","Daglicht","Droog",\N,"280352115","Huizerweg","Bussum","Gooise Meren","Noord-Holland",false,52.274178,5.169435,"injury","2","clear",false,1,"GM1942"
"20240050131",2024,"Uitsluitend materiele schade",2,"Fiets","Personenauto","Flank","Kruispunt, 4 takken",30,"Niet brandend","Daglicht","Droog",\N,\N,"0026 BRUG","Amsterdam","Amsterdam","Noord-Holland",false,52.368773,4.886997,"material damage only","4","clear",false,1,"GM0363"
"20240073172",2024,"Letsel",1,"Fiets",\N,"Onbekend","Kruispunt, 3 takken",30,"Niet brandend","Daglicht","Droog",\N,\N,"Boekelsedijk","Zeeland","Maashorst","Noord-Brabant",false,51.682707,5.672164,"injury","2","clear",false,1,"GM1991"
"20230050058",2023,"Letsel",3,"Fiets","Fiets","Onbekend","Bocht",\N,"Brandend","Duisternis","Droog",\N,"185329092","Bargelaan","Leiden","Leiden","Zuid-Holland",false,52.165652,4.479913,"injury","2","clear",false,1,"GM0546"
"20230060392",2023,"Letsel",2,"Personenauto","Fiets","Onbekend",\N,50,\N,"Daglicht","Droog",\N,"72183030","Nieuwlandseweg","Arnemuiden","Middelburg","Zeeland",false,51.500169,3.676122,"injury","2","clear",false,1,\N
"20230037884",2023,"Letsel",2,"Personenauto","Fiets","Flank","Rechte weg",30,"Niet brandend","Daglicht","Droog",\N,"256405036","Korenstraat","Purmerend","Purmerend","Noord-Holland",false,52.51144,4.991026,"injury","2","clear",false,1,"GM0439"
"20230000366",2023,"Dodelijk",2,"Personenauto","Fiets","Flank","Kruispunt, 4 takken",80,"Niet brandend","Daglicht","Droog",\N,\N,"Broekdijk","Elburg","Elburg","Gelderland",false,52.436971,5.866433,"fatal","1","clear",false,1,"GM0230"
"20230045409",2023,"Letsel",1,"Fiets",\N,"Eenzijdig","Rechte weg",30,"Brandend","Duisternis","Droog",\N,"600558387","Hoofdweg","Schildwolde","Midden-Groningen","Groningen",false,53.228389,6.812863,"injury","2","clear",false,1,"GM1952"
"20230053025",2023,"Letsel",2,"Bromfiets","Fiets","Flank","Rechte weg",60,"Niet brandend","Daglicht","Droog",\N,"600737901","Munnikensteeg","Zwijndrecht","Zwijndrecht","Zuid-Holland",false,51.826359,4.607002,"injury","2","clear",false,1,"GM0642"
"20230058124",2023,"Uitsluitend materiele schade",2,"Personenauto","Fiets","Frontaal","Kruispunt, 4 takken",50,"Brandend","Duisternis",\N,\N,\N,"Stadionplein","Amsterdam","Amsterdam","Noord-Holland",false,52.345026,4.857455,"material damage only","4","unknown",false,1,"GM0363"
"20230058723",2023,"Letsel",3,"Fiets","Personenauto","Onbekend","Kruispunt, 4 takken",30,"Niet aanwezig","Daglicht","Droog","Brug/viaduct","169295150","Oostsingel","Delft","Delft","Zuid-Holland",false,52.014698,4.364153,"injury","2","clear",false,1,"GM0503"
"20230062299",2023,"Uitsluitend materiele schade",1,"Fiets",\N,"Frontaal",\N,50,"Niet aanwezig","Daglicht","Droog",\N,"349123008","Kazernelaan","Weert","Weert","Limburg",false,51.242383,5.673546,"material damage only","4","clear",false,1,"GM0988"
"20230044874",2023,"Uitsluitend materiele schade",2,"Personenauto","Fiets","Flank","Kruispunt, 4 takken",30,"Niet brandend","Daglicht","Droog",\N,\N,"Burg Cambier v Nootenln","Tiel","Tiel","Gelderland",false,51.883853,5.427523,"material damage only","4","clear",false,1,"GM0281"
"20230049586",2023,"Uitsluitend materiele schade",2,"Fiets","Personenauto","Flank","Kruispunt, 3 takken",30,"Niet brandend","Daglicht","Droog",\N,\N,"Reguliersbreestraat","Amsterdam","Amsterdam","Noord-Holland",false,52.366946,4.893524,"material damage only","4","clear",false,1,"GM0363"
"20230051907",2023,"Letsel",2,"Personenauto","Fiets","Flank","Kruispunt, 3 takken",50,"Niet brandend","Daglicht","Droog",\N,\N,"Ringbaan-Noord","Tilburg","Tilburg","Noord-Brabant",true,51.576496,5.087612,"injury","2","clear",false,1,"GM0855"
"20230055359",2023,"Letsel",2,"Personenauto","Fiets","Flank","Kruispunt, 3 takken",50,"Niet brandend","Daglicht","Droog",\N,\N,"Albatrosstraat","Emmen","Emmen","Drenthe",false,52.769295,6.922299,"injury","2","clear",false,1,"GM0114"
"20230063559",2023,"Letsel",2,"Fiets","Overig wegmeubilair","Vast voorwerp","Rotonde",60,"Niet brandend","Daglicht","Droog",\N,\N,"De Hendrick Robinetlaan","Duizel","Eersel","Noord-Brabant",false,51.368072,5.282539,"injury","2","clear",false,1,"GM0770"
"20240130681",2024,"Letsel",2,"Personenauto","Fiets","Flank","Rotonde",50,"Niet brandend","Daglicht","Regen",\N,\N,"Marialaan","Nijmegen","Nijmegen","Gelderland",false,51.845479,5.84012,"injury","2","rain",false,1,"GM0268"
"20230040272",2023,"Letsel",3,"Personenauto","Fiets","Onbekend","Rechte weg",30,"Niet brandend","Daglicht","Droog",\N,"600107930","Strijplaan","Rijswijk","Rijswijk","Zuid-Holland",false,52.035715,4.295999,"injury","2","clear",false,1,\N
"20230045485",2023,"Uitsluitend materiele schade",1,"e-bike",\N,"Eenzijdig","Kruispunt, 3 takken",50,"Niet brandend","Daglicht","Droog",\N,\N,"Rinia van Nautaweg","Gytsjerk","Tytsjerksteradiel","Friesland",false,53.245361,5.896593,"material damage only","4","clear",false,1,"GM0737"
"20230047851",2023,"Letsel",2,"Fiets","Overig vast object","Vast voorwerp","Bocht",30,"Niet brandend","Daglicht","Droog",\N,"600893370","Albert Heijnweg","Zaandam","Zaanstad","Noord-Holland",false,52.433693,4.813342,"injury","2","clear",false,1,"GM0479"
"20230055425",2023,"Letsel",2,"Bromfiets","Fiets","Flank","Kruispunt, 4 takken",50,"Niet brandend","Daglicht","Droog",\N,\N,"Lissabonstraat","Groningen","Groningen","Groningen",false,53.214786,6.55616,"injury","2","clear",false,1,"GM0014"
"20230057711",2023,"Uitsluitend materiele schade",1,"Fiets",\N,"Onbekend","Rechte weg",50,"Niet brandend","Daglicht","Droog",\N,"422349063","Cornelis Lelylaan","Deventer","Deventer","Overijssel",false,52.259899,6.214368,"material damage only","4","clear",false,1,"GM0150"
"20230057715",2023,"Uitsluitend materiele schade",2,"Personenauto","Fiets","Flank","Rotonde",50,"Niet brandend","Daglicht","Droog",\N,\N,"Huizermaatweg","Huizen","Huizen","Noord-Holland",false,52.296362,5.257387,"material damage only","4","clear",false,1,"GM0406"
"20230058772",2023,"Letsel",2,"Bromfiets","Fiets","Flank","Rechte weg",30,"Niet brandend","Daglicht","Droog",\N,"242369049","Ferdinand Bolstraat","Amsterdam","Amsterdam","Noord-Holland",false,52.351235,4.891403,"injury","2","clear",false,1,"GM0363"
"20240131497",2024,"Letsel",2,"Fiets","Overig vast object","Vast voorwerp","Rechte weg",30,"Niet brandend","Daglicht","Droog",\N,"601075964","Dokter van Peltlaan","Bergen (NH)","Bergen (NH)","Noord-Holland",false,52.667321,4.709527,"injury","2","clear",false,1,\N