"accident_id","year","severity_raw","party_count","party1_type","party2_type","accident_type","road_situation","speed_limit_kmh","road_lighting","light_condition_label","weather_raw","infra_type","road_segment_id","street_name","place_name","gemeente_name_raw","province","alcohol_indicated","latitude","longitude","severity_label","severity_code","weather_label","built_up_area","cyclists_involved","gemeente_code"
"20220208501",2022,"Uitsluitend materiele schade",2,"Personenauto","Fiets","Flank","Kruispunt, 4 takken",50,"Brandend","Duisternis","Droog",\N,\N,"Boslaan","Hoofddorp","Haarlemmermeer","Noord-Holland",false,52.300196,4.702666,"material damage only","4","clear",false,1,"GM0394"
"20220213889",2022,"Letsel",1,"Fiets",\N,"Eenzijdig","Rechte weg",30,"Brandend","Duisternis","Droog",\N,"600963372","Honderdland","Maasdijk","Westland","Zuid-Holland",false,51.967795,4.210761,"injury","2","clear",false,1,"GM1783"
"20220216190",2022,"Letsel",2,"Personenauto","Fiets","Flank","Kruispunt, 4 takken",30,"Niet brandend","Daglicht","Mist",\N,\N,"Tramstraat","Katwijk","Katwijk","Zuid-Holland",false,52.204174,4.398409,"injury","2","fog",false,1,"GM0537"
"20220216914",2022,"Letsel",2,"Fiets","Personenauto","Flank","Kruispunt, 4 takken",50,"Niet brandend","Daglicht","Droog",\N,\N,"Industrieweg","Alphen aan den Rijn","Alphen aan den Rijn","Zuid-Holland",false,52.133901,4.643855,"injury","2","clear",false,1,"GM0484"
"20220227586",2022,"Uitsluitend materiele schade",2,"Personenauto","Fiets","Frontaal","Bocht",50,"Niet brandend","Daglicht","Droog",\N,\N,"Rijnstraat","'s-Hertogenbosch","'s-Hertogenbosch","Noord-Brabant",false,51.690644,5.329864,"material damage only","4","clear",false,1,"GM0796"
"20220228395",2022,"Letsel",2,"Snorfiets","Fiets","Onbekend","Bocht",80,"Brandend","Duisternis","Droog",\N,\N,"VEGHEL 21","'s-Hertogenbosch","'s-Hertogenbosch","Noord-Brabant",false,51.684889,5.345562,"injury","2","clear",false,1,"GM0796"
"20220199214",2022,"Letsel",2,"Personenauto","Fiets","Flank","Kruispunt, 4 takken",50,"Niet brandend","Daglicht","Droog",\N,\N,"STEENWIJK 6","Steenwijk","Steenwijkerland","Overijssel",false,52.800268,6.125598,"injury","2","clear",false,1,"GM1708"
"20220202627",2022,"Uitsluitend materiele schade",2,"Bromfiets","Fiets","Flank","Kruispunt, 4 takken",30,"Niet brandend","Daglicht","Droog",\N,\N,"Schuilhoeve","Houten","Houten","Utrecht",false,52.033872,5.163311,"material damage only","4","clear",false,1,"GM0321"
"20220204241",2022,"Uitsluitend materiele schade",2,"Trekker","Fiets","Flank","Kruispunt, 3 takken",50,"Brandend","Duisternis","Droog",\N,\N,"Amsterdamsestraatweg","Utrecht","Utrecht","Utrecht",false,52.097499,5.105528,"material damage only","4","clear",false,1,"GM0344"
"20220214811",2022,"Letsel",3,"Vrachtauto","Fiets","Eenzijdig","Rechte weg",60,"Niet brandend","Daglicht","Droog",\N,"144294001","Poelkade","'s-Gravenzande","Westland","Zuid-Holland",false,52.004288,4.180543,"injury","2","clear",false,1,"GM1783"
"20220216279",2022,"Letsel",2,"Fiets","Fiets","Flank","Rechte weg",30,"Niet brandend","Daglicht","Droog",\N,"154309022","Ranonkelstraat","'s-Gravenhage","'s-Gravenhage","Zuid-Holland",false,52.076853,4.254737,"injury","2","clear",false,1,"GM0518"
"20220199278",2022,"Letsel",1,"Fiets",\N,"Eenzijdig",\N,30,\N,"Duisternis",\N,\N,"387333008","Winkewijertlaan","Apeldoorn","Apeldoorn","Gelderland",false,52.187609,5.954471,"injury","2","unknown",false,1,"GM0200"
"20220204992",2022,"Uitsluitend materiele schade",2,"Personenauto","e-bike","Flank","Kruispunt, 3 takken",50,"Niet brandend","Daglicht","Droog",\N,\N,"Insulindelaan","Hilversum","Hilversum","Noord-Holland",false,52.234239,5.173871,"material damage only","4","clear",false,1,"GM0402"
"20220219802",2022,"Letsel",2,"Bromfiets","Fiets","Frontaal","Rechte weg",30,"Niet brandend","Daglicht","Droog",\N,"600111893","Hillelaan","Rotterdam","Rotterdam","Zuid-Holland",false,51.902081,4.496211,"injury","2","clear",false,1,"GM0599"
"20220225755",2022,"Uitsluitend materiele schade",2,"Personenauto","Fiets","Flank","Kruispunt, 3 takken",60,"Niet brandend","Daglicht","Droog",\N,\N,"Leursebaan","Breda","Breda","Noord-Brabant",false,51.589003,4.707594,"material damage only","4","clear",false,1,"GM0758"
"20220199296",2022,"Uitsluitend materiele schade",2,"Personenauto","Fiets","Flank","Kruispunt, 3 takken",50,"Niet brandend","Daglicht","Droog",\N,\N,"Nachtegaalspad","Arnhem","Arnhem","Gelderland",false,51.985003,5.893507,"material damage only","4","clear",false,1,"GM0202"
"20220200709",2022,"Letsel",2,"Personenauto","Fiets","Flank","Kruispunt, 3 takken",50,"Brandend","Duisternis","Droog",\N,\N,"Sparrenlaan","Hattem","Hattem","Gelderland",false,52.464011,6.067423,"injury","2","clear",false,1,"GM0244"
"20220201360",2022,"Letsel",2,"Fiets","Personenauto","Frontaal","Rechte weg",30,"Niet brandend","Duisternis","Regen",\N,"496359048","Europastraat","Borne","Borne","Overijssel",false,52.295803,6.754109,"injury","2","rain",false,1,"GM0147"
"20220204322",2022,"Letsel",2,"Personenauto","Fiets","Flank","Kruispunt, 3 takken",50,"Niet brandend","Daglicht","Droog",\N,\N,"Scandinaviëlaan","Emmeloord","Noordoostpolder","Flevoland",false,52.709839,5.739926,"injury","2","clear",false,1,"GM0171"
"20220206179",2022,"Uitsluitend materiele schade",2,"e-bike","Bestelauto","Flank","Kruispunt, 3 takken",30,"Brandend","Duisternis","Regen",\N,\N,"Industrieweg","Grootebroek","Stede Broec","Noord-Holland",false,52.693336,5.233365,"material damage only","4","rain",false,1,"GM0532"
"20220154922",2022,"Dodelijk",2,"Fiets","Voetganger","Voetganger","Rechte weg",60,"Niet brandend","Daglicht","Droog",\N,"227455003","Zutweg","Dirkshorn","Schagen","Noord-Holland",false,52.737511,4.777951,"fatal","1","clear",false,1,"GM0441"
"20220211956",2022,"Letsel",2,"Personenauto","Fiets","Frontaal","Rechte weg",30,"Niet brandend","Duisternis","Regen",\N,"248374100","Oostelijke Handelskade","Amsterdam","Amsterdam","Noord-Holland",true,52.374079,4.936778,"injury","2","rain",false,1,"GM0363"
"20220214039",2022,"Uitsluitend materiele schade",1,"Fiets",\N,"Onbekend","Rechte weg",\N,"Niet aanwezig","Daglicht","Droog",\N,\N,"Abraham Orteliuspad","'s-Gravenhage","'s-Gravenhage","Zuid-Holland",false,52.029028,4.255658,"material damage only","4","clear",false,1,"GM0518"
"20220214888",2022,"Letsel",2,"Bestelauto","Fiets","Onbekend","Kruispunt, 4 takken",50,"Niet brandend","Daglicht","Droog",\N,\N,"Boerhaavelaan","Zoetermeer","Zoetermeer","Zuid-Holland",false,52.053641,4.480946,"injury","2","clear",false,1,"GM0637"
"20220217044",2022,"Letsel",2,"e-bike","Fiets","Onbekend","Rechte weg",30,"Niet brandend","Daglicht","Droog",\N,"178319007","Rosenburgherlaan","Voorschoten","Voorschoten","Zuid-Holland",false,52.120204,4.428341,"injury","2","clear",false,1,"GM0626"
"20220231106",2022,"Uitsluitend materiele schade",2,"e-bike","Personenauto","Flank","Kruispunt, 4 takken",50,"Brandend","Duisternis","Droog",\N,\N,"Klingerbergsingel","Venlo","Venlo","Limburg",false,51.378107,6.135389,"material damage only","4","clear",false,1,"GM0983"
"20220207872",2022,"Letsel",1,"Fiets",\N,"Eenzijdig","Kruispunt, 3 takken",50,"Niet brandend","Daglicht","Droog",\N,\N,"Planetenplein","Haarlem","Haarlem","Noord-Holland",false,52.40517,4.639465,"injury","2","clear",false,1,"GM0392"
"20220210654",2022,"Uitsluitend materiele schade",2,"Bromfiets","Fiets","Flank","Rechte weg",50,"Niet brandend","Daglicht","Droog",\N,"237371148","Amstelveenseweg","Amsterdam","Amsterdam","Noord-Holland",false,52.355602,4.855067,"material damage only","4","clear",false,1,"GM0363"
"20220211995",2022,"Uitsluitend materiele schade",2,"Personenauto","Fiets","Flank","Rechte weg",50,"Brandend","Duisternis","Droog",\N,"600754972","Plesmanlaan","Amsterdam","Amsterdam","Noord-Holland",false,52.346027,4.796282,"material damage only","4","clear",false,1,"GM0363"
"20220213296",2022,"Letsel",1,"e-bike",\N,"Eenzijdig","Bocht",50,"Niet brandend","Schemer","Droog","Tunnel","162305154","Viaductweg","'s-Gravenhage","'s-Gravenhage","Zuid-Holland",false,52.058469,4.3099,"injury","2","clear",false,1,"GM0518"
"20220214107",2022,"Letsel",1,"Fiets",\N,"Eenzijdig","Rechte weg",50,"Niet brandend","Daglicht","Droog",\N,"600379685","Rijswijkseweg","'s-Gravenhage","'s-Gravenhage","Zuid-Holland",false,52.064768,4.330376,"injury","2","clear",false,1,"GM0518"
"20220214913",2022,"Uitsluitend materiele schade",2,"Personenauto","Fiets","Onbekend","Rechte weg",50,"Niet brandend","Daglicht","Droog",\N,"600715635","Loevesteinlaan","'s-Gravenhage","'s-Gravenhage","Zuid-Holland",false,52.052594,4.279749,"material damage only","4","clear",false,1,"GM0518"
"20220214921",2022,"Letsel",2,"Personenauto","Fiets","Flank","Kruispunt, 3 takken",50,"Niet brandend","Daglicht","Droog",\N,\N,"Zeestraat","'s-Gravenhage","'s-Gravenhage","Zuid-Holland",false,52.086811,4.300852,"injury","2","clear",false,1,"GM0518"
"20220219159",2022,"Letsel",2,"Personenauto","Fiets","Flank","Kruispunt, 3 takken",50,"Niet brandend","Daglicht","Regen",\N,\N,"Mallegout","Brielle","Voorne aan Zee","Zuid-Holland",false,51.891348,4.164048,"injury","2","rain",false,1,"GM1992"
"20220231161",2022,"Uitsluitend materiele schade",2,"Personenauto","Fiets","Flank","Kruispunt, 4 takken",50,"Niet brandend","Daglicht","Droog",\N,\N,"Renier Nafzgerstraat","Maastricht","Maastricht","Limburg",false,50.8406,5.706357,"material damage only","4","clear",false,1,"GM0935"
"20220202862",2022,"Letsel",3,"Bestelauto","e-bike","Onbekend","Kruispunt, 4 takken",80,"Brandend","Duisternis","Droog",\N,\N,"Hofland","Mijdrecht","De Ronde Venen","Utrecht",false,52.213047,4.868935,"injury","2","clear",false,1,"GM0736"
"20220214127",2022,"Letsel",1,"e-bike",\N,"Eenzijdig","Bocht",50,"Niet brandend","Daglicht","Droog",\N,"600719940","Prinses Mariannelaan","Voorburg","Leidschendam-Voorburg","Zuid-Holland",false,52.061573,4.347259,"injury","2","clear",false,1,"GM1916"
"20220214134",2022,"Letsel",2,"Fiets","Voetganger","Voetganger","Rechte weg",50,"Niet brandend","Daglicht","Droog",\N,"600890752","Prinses Beatrixlaan","Delft","Delft","Zuid-Holland",false,51.995826,4.349015,"injury","2","clear",false,1,"GM0503"
"20220214980",2022,"Letsel",2,"Personenauto","e-bike","Frontaal","Kruispunt, 4 takken",30,"Niet brandend","Daglicht","Droog",\N,\N,"Noorderkeerkring","Alphen aan den Rijn","Alphen aan den Rijn","Zuid-Holland",false,52.12691,4.647268,"injury","2","clear",false,1,"GM0484"
"20220210729",2022,"Letsel",3,"Fiets","Fiets","Flank","Rechte weg",50,"Brandend","Duisternis","Regen",\N,"600762352","Stadhouderskade","Amsterdam","Amsterdam","Noord-Holland",false,52.358844,4.888555,"injury","2","rain",false,1,"GM0363"
"20220212110",2022,"Uitsluitend materiele schade",2,"Personenauto","Fiets","Onbekend","Rechte weg",50,\N,"Daglicht","Droog",\N,"243370017","Tweede Jan Steenstraat","Amsterdam","Amsterdam","Noord-Holland",false,52.355797,4.899202,"material damage only","4","clear",false,1,"GM0363"
"20220215720",2022,"Letsel",1,"Fiets",\N,"Eenzijdig","Rechte weg",50,"Niet brandend","Daglicht","Droog",\N,\N,"Churchilllaan","Leiden","Leiden","Zuid-Holland",false,52.154865,4.471918,"injury","2","clear",false,1,"GM0546"
"20220217828",2022,"Letsel",2,"Fiets","Fiets","Onbekend","Rechte weg",30,"Niet brandend","Daglicht","Regen",\N,\N,"Dagelijkse Groenmarkt","'s-Gravenhage","'s-Gravenhage","Zuid-Holland",false,52.07758,4.308306,"injury","2","rain",false,1,"GM0518"
"20220200836",2022,"Letsel",2,"Personenauto","Fiets","Flank","Kruispunt, 4 takken",50,"Brandend","Schemer","Regen",\N,\N,"Achterste Wei","Harderwijk","Harderwijk","Gelderland",false,52.333711,5.608716,"injury","2","rain",false,1,"GM0243"
"20220191685",2022,"Dodelijk",3,"Fiets",\N,"Eenzijdig","Rechte weg",30,"Niet brandend","Daglicht","Droog",\N,"445569020","Jellemaweg","Zuidhorn","Westerkwartier","Groningen",false,53.243806,6.404579,"fatal","1","clear",false,1,"GM1969"
"20220196534",2022,"Dodelijk",2,"Snorfiets","e-bike","Flank","Rechte weg",50,"Niet brandend","Daglicht","Droog",\N,"515336122","Buurserstraat","Enschede","Enschede","Overijssel",false,52.19212,6.889441,"fatal","1","clear",false,1,"GM0153"
"20220212134",2022,"Uitsluitend materiele schade",2,"Personenauto","Fiets","Flank","Kruispunt, 4 takken",\N,"Brandend","Schemer","Regen",\N,\N,"Van Baerlestraat","Amsterdam","Amsterdam","Noord-Holland",false,52.356087,4.880125,"material damage only","4","rain",false,1,"GM0363"
"20220213449",2022,"Letsel",2,"Bromfiets","e-bike","Onbekend","Rechte weg",50,"Niet brandend","Daglicht","Regen",\N,"600717883","Stationsweg","'s-Gravenhage","'s-Gravenhage","Zuid-Holland",false,52.070311,4.321672,"injury","2","rain",false,1,"GM0518"
"20220215033",2022,"Letsel",2,"Fiets","Fiets","Onbekend","Kruispunt, 3 takken",\N,"Niet brandend","Daglicht","Droog",\N,\N,"Ockenburghstraat","'s-Gravenhage","'s-Gravenhage","Zuid-Holland",false,52.059688,4.225708,"injury","2","clear",false,1,"GM0518"
"20220225135",2022,"Uitsluitend materiele schade",3,"Fiets","Bromfiets","Onbekend","Bocht",30,"Niet brandend","Daglicht","Droog",\N,"184188028","Takspui","Roosendaal","Roosendaal","Noord-Brabant",false,51.534995,4.484306,"material damage only","4","clear",false,1,"GM1674"
"20220229441",2022,"Uitsluitend materiele schade",2,"Personenauto","Fiets","Voetganger","Kruispunt, 4 takken",50,"Brandend","Duisternis","Regen",\N,\N,"Maastrichtseweg","'s-Hertogenbosch","'s-Hertogenbosch","Noord-Brabant",false,51.688676,5.324695,"material damage only","4","rain",false,1,"GM0796"
"20220231297",2022,"Letsel",1,"Fiets",\N,"Eenzijdig","Rechte weg",50,"Niet brandend","Daglicht","Droog",\N,\N,"Newtonstraat","Oostrum","Venray","Limburg",false,51.5183,6.008637,"injury","2","clear",false,1,"GM0984"
"20220211515",2022,"Uitsluitend materiele schade",3,"Personenauto","Fiets","Onbekend","Rechte weg",30,"Niet aanwezig","Daglicht","Regen",\N,"600763551","Sixhavenweg","Amsterdam","Amsterdam","Noord-Holland",false,52.383223,4.910427,"material damage only","4","rain",false,1,"GM0363"
"20220217270",2022,"Uitsluitend materiele schade",2,"Personenauto","Fiets","Flank","Rechte weg",30,"Niet brandend","Daglicht","Droog",\N,"600732183","Kwekersweg","Sassenheim","Teylingen","Zuid-Holland",false,52.218601,4.5159,"material damage only","4","clear",false,1,"GM1525"
"20240139936",2024,"Letsel",2,"Fiets","Personenauto","Flank","Rotonde",50,"Niet brandend","Daglicht","Droog",\N,\N,"2e Hogeweg","Zeist","Zeist","Utrecht",false,52.082564,5.246068,"injury","2","clear",false,1,"GM0355"
"20240138994",2024,"Uitsluitend materiele schade",2,"Personenauto","Fiets","Flank","Rechte weg",50,"Brandend","Duisternis","Droog",\N,"600523335","Ecofactorij","Apeldoorn","Apeldoorn","Gelderland",false,52.199337,6.030971,"material damage only","4","clear",false,1,"GM0200"
"20240141729",2024,"Letsel",2,"Bestelauto","Fiets","Flank","Rechte weg",30,"Niet brandend","Daglicht","Droog",\N,"213401074","Italiëlaan","Beverwijk","Beverwijk","Noord-Holland",false,52.493137,4.677495,"injury","2","clear",false,1,"GM0375"
"20240142648",2024,"Letsel",1,"Fiets",\N,"Eenzijdig","Bocht",50,"Niet brandend","Daglicht","Droog",\N,"231441009","Prinses Marijkestraat","Broek op Langedijk","Dijk en Waard","Noord-Holland",false,52.673369,4.807718,"injury","2","clear",false,1,"GM1980"
"20240139737",2024,"Letsel",2,"Fiets","Personenauto","Flank","Rechte weg",50,"Brandend","Duisternis","Droog",\N,"600874633","Middelberterweg","Groningen","Groningen","Groningen",false,53.229642,6.632335,"injury","2","clear",false,1,"GM0014"
"20240140213",2024,"Uitsluitend materiele schade",2,"Fiets",\N,"Onbekend","Rechte weg",60,\N,"Schemer","Regen",\N,"382416060","Zwolseweg","IJsselmuiden","Kampen","Overijssel",false,52.558824,5.923411,"material damage only","4","rain",false,1,"GM0166"
"20240148425",2024,"Uitsluitend materiele schade",2,"Fiets","Fiets","Flank","Rechte weg",\N,"Niet brandend","Daglicht","Droog",\N,"514342001","M.H. Tromplaan","Enschede","Enschede","Overijssel",false,52.219748,6.883463,"material damage only","4","clear",false,1,"GM0153"
"20240148524",2024,"Uitsluitend materiele schade",2,"Fiets","Scootmobiel","Flank","Rechte weg",30,"Niet brandend","Daglicht","Regen",\N,"600394709","Koningsplein","Enschede","Enschede","Overijssel",false,52.217724,6.894179,"material damage only","4","rain",false,1,"GM0153"
"20240140757",2024,"Uitsluitend materiele schade",2,"Personenauto","Fiets","Los voorwerp","Kruispunt, 4 takken",30,"Niet brandend","Daglicht","Droog",\N,\N,"Van Eesterenstraat","Utrecht","Utrecht","Utrecht",false,52.09391,5.044946,"material damage only","4","clear",false,1,"GM0344"
"20240141073",2024,"Uitsluitend materiele schade",2,"Bromfiets","Fiets","Frontaal","Rechte weg",50,"Niet brandend","Daglicht","Regen",\N,\N,"Laan van Zevenhuizen","Apeldoorn","Apeldoorn","Gelderland",false,52.22333,5.994324,"material damage only","4","rain",false,1,"GM0200"
"20240143294",2024,"Letsel",2,"Personenauto","Fiets","Flank","Rotonde",50,"Niet brandend","Daglicht","Droog",\N,\N,"Koningin Julianaweg","'s-Gravenzande","Westland","Zuid-Holland",false,51.997817,4.173133,"injury","2","clear",false,1,"GM1783"
"20240141905",2024,"Uitsluitend materiele schade",2,"Fiets","Personenauto","Flank","Rechte weg",30,"Niet brandend","Duisternis","Droog",\N,"600389406","Ceintuurbaan","Amsterdam","Amsterdam","Noord-Holland",false,52.353064,4.892813,"material damage only","4","clear",false,1,"GM0363"
"20240136671",2024,"Uitsluitend materiele schade",2,"Fiets","Overig vast object","Vast voorwerp","Rechte weg",30,"Niet brandend","Daglicht","Droog",\N,"327237059","Euterpelaan","Oss","Oss","Noord-Brabant",false,51.756729,5.511522,"material damage only","4","clear",false,1,"GM0828"
"20240140871",2024,"Letsel",1,"Fiets",\N,"Onbekend","Bocht",30,"Brandend","Duisternis","Droog",\N,"401314088","Enkweg","Eerbeek","Brummen","Gelderland",false,52.101672,6.057444,"injury","2","clear",false,1,"GM0213"
"20240143910",2024,"Letsel",2,"Motor","Fiets","Flank","Kruispunt, 4 takken",30,"Niet brandend","Daglicht","Droog",\N,\N,"Kuinrestraat","'s-Gravenhage","'s-Gravenhage","Zuid-Holland",false,52.053711,4.2747,"injury","2","clear",false,1,"GM0518"
"20240151548",2024,"Letsel",2,"Personenauto","Fiets","Flank","Rotonde",\N,"Niet brandend","Daglicht","Droog",\N,\N,"Burg J C van den Bergpln","Wierden","Wierden","Overijssel",false,52.356833,6.595621,"injury","2","clear",false,1,"GM0189"
"20240139210",2024,"Uitsluitend materiele schade",2,"Fiets","Personenauto","Frontaal","Kruispunt, 4 takken",50,"Niet brandend","Daglicht","Droog",\N,\N,"Pieter Zeemanstraat","Sneek","Súdwest-Fryslân","Friesland",false,53.023877,5.679799,"material damage only","4","clear",false,1,"GM1900"
"20240135454",2024,"Letsel",2,"Fiets","Fiets","Frontaal","Rechte weg",30,"Niet brandend","Duisternis","Droog",\N,"600892362","Overblaak","Rotterdam","Rotterdam","Zuid-Holland",false,51.920243,4.490442,"injury","2","clear",false,1,"GM0599"
"20240141995",2024,"Uitsluitend materiele schade",2,"Fiets","Personenauto","Flank","Kruispunt, 4 takken",30,"Niet brandend","Daglicht","Droog",\N,\N,"Polderweg","Amsterdam","Amsterdam","Noord-Holland",false,52.35728,4.927278,"material damage only","4","clear",false,1,"GM0363"
"20240151222",2024,"Letsel",2,"Fiets","Fiets","Frontaal","Bocht",60,"Niet brandend","Daglicht","Regen",\N,"269266023","Oude Zuiderlingedijk","Asperen","West Betuwe","Gelderland",false,51.887745,5.093788,"injury","2","rain",false,1,"GM1960"
"20240135507",2024,"Letsel",3,"Bestelauto","Fiets","Onbekend","Rechte weg",80,"Niet aanwezig","Daglicht","Droog",\N,"205217001","Pelgrimsdijk","Zevenbergen","Moerdijk","Noord-Brabant",false,51.667158,4.639998,"injury","2","clear",false,1,"GM1709"
"20240147868",2024,"Letsel",2,"Personenauto","Fiets","Flank","Kruispunt, 4 takken",50,"Brandend","Schemer","Regen",\N,\N,"Groot Bollerweg","Venlo","Venlo","Limburg",false,51.381895,6.146187,"injury","2","rain",false,1,"GM0983"
"20240137447",2024,"Uitsluitend materiele schade",2,"Fiets","Fiets","Kop/staart","Rechte weg",60,"Niet aanwezig","Daglicht","Droog",\N,"106180017","Kuiterswegeling","Kloetinge","Kapelle","Zeeland",false,51.490991,3.926453,"material damage only","4","clear",false,1,"GM0678"
"20240144090",2024,"Letsel",2,"Fiets","Fiets","Frontaal","Bocht",30,"Niet brandend","Daglicht","Droog",\N,"158304042","Marie Heinenweg","'s-Gravenhage","'s-Gravenhage","Zuid-Holland",false,52.054125,4.281326,"injury","2","clear",false,1,"GM0518"
"20240145356",2024,"Letsel",2,"Personenauto","Fiets","Frontaal","Kruispunt, 3 takken",60,"Brandend","Duisternis","Droog",\N,\N,"Werfkampenseweg","Raamsdonksveer","Geertruidenberg","Noord-Brabant",false,51.713094,4.893063,"injury","2","clear",false,1,"GM0779"
"20240134353",2024,"Uitsluitend materiele schade",2,"Personenauto","Fiets","Flank","Kruispunt, 3 takken",50,"Niet brandend","Daglicht","Droog",\N,\N,"Pannerdenstraat","Rotterdam","Rotterdam","Zuid-Holland",false,51.887955,4.458586,"material damage only","4","clear",false,1,"GM0599"
"20240136840",2024,"Uitsluitend materiele schade",2,"Personenauto","Fiets","Frontaal","Kruispunt, 4 takken",30,"Niet aanwezig","Daglicht","Droog",\N,\N,"Steenweg","Helmond","Helmond","Noord-Brabant",false,51.480178,5.647015,"material damage only","4","clear",false,1,"GM0794"
"20240138098",2024,"Uitsluitend materiele schade",2,"Personenauto","Fiets","Flank","Kruispunt, 3 takken",30,"Niet brandend","Daglicht","Droog",\N,\N,"Koningsplein","Arnhem","Arnhem","Gelderland",false,51.981265,5.913566,"material damage only","4","clear",false,1,"GM0202"
"20240143570",2024,"Letsel",2,"Personenauto","Fiets","Flank","Rotonde",50,"Brandend","Duisternis","Regen",\N,\N,"Chopinlaan","Waddinxveen","Waddinxveen","Zuid-Holland",false,52.046175,4.645856,"injury","2","rain",false,1,"GM0627"
"20240145840",2024,"Letsel",2,"Personenauto","Fiets","Frontaal","Kruispunt, 4 takken",50,"Brandend","Duisternis","Droog",\N,\N,"Streefwaalseweg","Pernis Rotterdam","Rotterdam","Zuid-Holland",false,51.884339,4.399253,"injury","2","clear",false,1,"GM0599"
"20240134375",2024,"Uitsluitend materiele schade",3,"Personenauto","Fiets","Flank","Kruispunt, 4 takken",30,"Niet brandend","Daglicht","Droog",\N,\N,"Mollenburgseweg","Gorinchem","Gorinchem","Zuid-Holland",false,51.845051,4.965478,"material damage only","4","clear",false,1,"GM0512"
"20240146690",2024,"Uitsluitend materiele schade",2,"Fiets","Fiets","Onbekend","Rotonde",50,"Niet brandend","Daglicht","Regen",\N,\N,"Akerstraat","Heerlen","Heerlen","Limburg",false,50.877898,5.987386,"material damage only","4","rain",false,1,"GM0917"
"20240146791",2024,"Uitsluitend materiele schade",2,"Bromfiets","Fiets","Flank","Kruispunt, 4 takken",50,"Brandend","Duisternis","Droog",\N,\N,"Antoon van Elenstraat","Maastricht","Maastricht","Limburg",false,50.851764,5.671528,"material damage only","4","clear",false,1,"GM0935"
"20240147503",2024,"Letsel",1,"Fiets",\N,"Onbekend",\N,50,\N,"Duisternis",\N,\N,\N,"Torenstraat","Meliskerke","Veere","Zeeland",false,51.517593,3.510911,"injury","2","unknown",false,1,"GM0717"
"20240147508",2024,"Letsel",2,"Landbouwvoertuig","Fiets","Onbekend","Kruispunt, 3 takken",60,"Niet aanwezig","Schemer","Droog",\N,\N,"Grotel","De Mortel","Gemert-Bakel","Noord-Brabant",false,51.526029,5.692671,"injury","2","clear",false,1,"GM1652"
"20240151068",2024,"Letsel",2,"Personenauto","Fiets","Flank","Rotonde",30,"Brandend","Duisternis","Droog",\N,\N,"Dorpsstraat","Renswoude","Renswoude","Utrecht",false,52.074786,5.537537,"injury","2","clear",false,1,"GM0339"
"20240150214",2024,"Letsel",2,"Fiets","Vrachtauto","Geparkeerd voertuig","Rechte weg",30,"Niet brandend","Daglicht","Regen",\N,\N,"Rozenstraat","Koog aan de Zaan","Zaanstad","Noord-Holland",false,52.459648,4.809245,"injury","2","rain",false,1,"GM0479"
"20240005368",2024,"Letsel",2,"Personenauto","Fiets","Flank","Kruispunt, 3 takken",50,"Brandend","Schemer","Droog",\N,\N,"Hasselaarsweg","Heerhugowaard","Dijk en Waard","Noord-Holland",false,52.69727,4.850871,"injury","2","clear",false,1,"GM1980"
"20240009942",2024,"Letsel",2,"Fiets","Fiets","Frontaal","Rechte weg",50,"Niet aanwezig","Daglicht","Droog",\N,\N,"Henri Dunantlaan","Deventer","Deventer","Overijssel",false,52.262479,6.173465,"injury","2","clear",false,1,"GM0150"
"20240009948",2024,"Letsel",2,"Fiets","Fiets","Onbekend","Rechte weg",30,"Niet brandend","Daglicht","Regen","Tunnel",\N,"De Voorwaarts","Apeldoorn","Apeldoorn","Gelderland",false,52.208501,5.9936,"injury","2","rain",false,1,"GM0200"
"20240009952",2024,"Letsel",1,"Fiets",\N,"Eenzijdig","Rechte weg",80,"Niet aanwezig","Duisternis","Droog",\N,"600992489","Kanaal Zuid","Loenen","Apeldoorn","Gelderland",false,52.136836,6.041654,"injury","2","clear",false,1,"GM0200"
"20230108100",2023,"Letsel",2,"e-bike","Personenauto","Flank","Rotonde",50,"Brandend","Duisternis","Droog",\N,\N,"Laan van Angers","Haarlem","Haarlem","Noord-Holland",false,52.355253,4.648485,"injury","2","clear",false,1,"GM0392"
"20240003666",2024,"Uitsluitend materiele schade",2,"Personenauto","Fiets","Flank","Kruispunt, 3 takken",30,"Niet brandend","Daglicht","Droog",\N,\N,"Burg van Engelenweg","IJsselmuiden","Kampen","Overijssel",false,52.566111,5.935964,"material damage only","4","clear",false,1,"GM0166"
"20240007298",2024,"Letsel",2,"Fiets","Fiets","Onbekend","Rechte weg",30,"Brandend","Duisternis","Droog",\N,\N,"Westeinde","Voorburg","Leidschendam-Voorburg","Zuid-Holland",false,52.065453,4.360185,"injury","2","clear",false,1,"GM1916"
"20240017242",2024,"Uitsluitend materiele schade",2,"Personenauto","Fiets","Onbekend","Kruispunt, 4 takken",30,"Niet brandend","Daglicht","Droog",\N,\N,"Hoofdstraat","Gaanderen","Doetinchem","Gelderland",false,51.928609,6.346477,"material damage only","4","clear",false,1,"GM0222"
"20240152313",2024,"Letsel",2,"Fiets","Fiets","Onbekend","Rechte weg",50,"Niet brandend","Daglicht","Droog",\N,"600914797","Willem de Zwijgerlaan","Alkmaar","Alkmaar","Noord-Holland",false,52.62105,4.746873,"injury","2","clear",false,1,"GM0361"
"20230109908",2023,"Uitsluitend materiele schade",2,"Personenauto","e-bike","Flank","Rotonde",50,"Niet brandend","Daglicht","Droog",\N,\N,"Corridor","Sint-Oedenrode","Meierijstad","Noord-Brabant",false,51.565235,5.465657,"material damage only","4","clear",false,1,"GM1948"