"accident_id","year","severity_raw","party_count","party1_type","party2_type","accident_type","road_situation","speed_limit_kmh","road_lighting","light_condition_label","weather_raw","infra_type","road_segment_id","street_name","place_name","gemeente_name_raw","province","alcohol_indicated","latitude","longitude","severity_label","severity_code","weather_label","built_up_area","cyclists_involved","gemeente_code"
"20230033765",2023,"Letsel",4,"Fiets","Fiets","Frontaal","Rechte weg",30,"Niet brandend","Daglicht","Droog",\N,"255198072","Reeshofdijk","Tilburg","Tilburg","Noord-Brabant",true,51.580172,4.994507,"injury","2","clear",false,1,"GM0855"
"20230069338",2023,"Letsel",2,"Personenauto","Fiets","Flank","Rechte weg",50,"Niet brandend","Daglicht","Droog",\N,\N,"Straatweg","Rotterdam","Rotterdam","Zuid-Holland",false,51.944844,4.48275,"injury","2","clear",false,1,"GM0599"
"20230069769",2023,"Letsel",2,"Fiets","Personenauto","Geparkeerd voertuig","Rechte weg",50,"Niet brandend","Daglicht","Droog",\N,"161312096","Javastraat","'s-Gravenhage","'s-Gravenhage","Zuid-Holland",false,52.0882,4.3047,"injury","2","clear",false,1,"GM0518"
"20230077473",2023,"Uitsluitend materiele schade",3,"Fiets","Fiets","Onbekend","Rechte weg",50,"Niet brandend","Daglicht","Droog",\N,"600362510","Admiraal De Ruijterweg","Amsterdam","Amsterdam","Noord-Holland",false,52.38357,4.849151,"material damage only","4","clear",false,1,"GM0363"
"20230022169",2023,"Uitsluitend materiele schade",3,"Personenauto","Fiets","Onbekend","Rechte weg",30,"Niet brandend","Daglicht","Droog",\N,"166287006","Aziëlaan","Delft","Delft","Zuid-Holland",false,51.979081,4.341697,"material damage only","4","clear",false,1,"GM0503"
"20230026195",2023,"Uitsluitend materiele schade",2,"Personenauto","Fiets","Flank","Kruispunt, 4 takken",30,"Niet brandend","Daglicht","Regen",\N,\N,"Grote Spuistraat","Dordrecht","Dordrecht","Zuid-Holland",false,51.81238,4.663988,"material damage only","4","rain",false,1,"GM0505"
"20240027916",2024,"Uitsluitend materiele schade",2,"Personenauto","Fiets","Flank","Kruispunt, 4 takken",30,"Niet brandend","Daglicht","Regen",\N,\N,"Liendertseweg","Amersfoort","Amersfoort","Utrecht",false,52.168251,5.402065,"material damage only","4","rain",false,1,"GM0307"
"20240031270",2024,"Uitsluitend materiele schade",2,"Fiets","Fiets","Flank","Kruispunt, 4 takken",30,"Niet brandend","Daglicht","Droog",\N,\N,"Lootsstraat","Amsterdam","Amsterdam","Noord-Holland",false,52.363309,4.861477,"material damage only","4","clear",false,1,"GM0363"
"20230074939",2023,"Letsel",2,"Personenauto","e-bike","Flank","Rotonde",50,"Niet brandend","Daglicht","Droog",\N,\N,"Orionweg","IJmuiden","Velsen","Noord-Holland",false,52.45382,4.594321,"injury","2","clear",false,1,"GM0453"
"20230022203",2023,"Letsel",2,"Bromfiets","Fiets","Onbekend","Kruispunt, 4 takken",50,"Niet brandend","Daglicht","Droog",\N,\N,"Nieuweveensepad","'s-Gravenhage","'s-Gravenhage","Zuid-Holland",false,52.056947,4.390717,"injury","2","clear",false,1,"GM0518"
"20230023298",2023,"Letsel",1,"Fiets",\N,"Eenzijdig","Rechte weg",\N,"Brandend","Duisternis","Droog",\N,"143299034","Molenweg","Monster","Westland","Zuid-Holland",false,52.030756,4.177254,"injury","2","clear",false,1,"GM1783"
"20230034933",2023,"Uitsluitend materiele schade",2,"Fiets","Fiets","Flank","Kruispunt, 3 takken",50,"Niet brandend","Daglicht","Droog",\N,\N,"Fennereed","Drachten","Smallingerland","Friesland",false,53.119346,6.095057,"material damage only","4","clear",false,1,"GM0090"
"20240030127",2024,"Letsel",1,"Fiets",\N,"Eenzijdig","Rechte weg",\N,"Brandend","Daglicht","Droog","Tunnel","209321055","Prins Bernhardlaan","Alphen aan den Rijn","Alphen aan den Rijn","Zuid-Holland",false,52.132258,4.656971,"injury","2","clear",false,1,"GM0484"
"20230068032",2023,"Uitsluitend materiele schade",2,"Fiets","Motor","Flank","Kruispunt, 4 takken",50,"Niet brandend","Daglicht","Droog",\N,\N,"Van Nijenrodeweg","Amsterdam","Amsterdam","Noord-Holland",false,52.327863,4.867845,"material damage only","4","clear",false,1,"GM0363"
"20230075280",2023,"Letsel",1,"Fiets",\N,"Eenzijdig","Rechte weg",50,"Niet brandend","Daglicht","Droog",\N,"205377072","Zijlweg","Haarlem","Haarlem","Noord-Holland",false,52.385734,4.622864,"injury","2","clear",false,1,"GM0392"
"20230075608",2023,"Uitsluitend materiele schade",2,"Personenauto","Fiets","Flank","Kruispunt, 4 takken",30,"Niet brandend","Daglicht","Droog",\N,\N,"Emmalaan","Hoorn","Hoorn","Noord-Holland",false,52.645467,5.072711,"material damage only","4","clear",false,1,"GM0405"
"20230073696",2023,"Uitsluitend materiele schade",2,"Personenauto","Fiets","Flank","Rotonde",50,"Niet brandend","Daglicht","Regen",\N,\N,"Telgterweg","Ermelo","Ermelo","Gelderland",false,52.296975,5.597606,"material damage only","4","rain",false,1,"GM0233"
"20240025687",2024,"Uitsluitend materiele schade",2,"Personenauto","Fiets","Flank","Rechte weg",60,"Niet aanwezig","Daglicht","Regen",\N,"458280001","Lichtenvoordseweg","Varsseveld","Oude IJsselstreek","Gelderland",false,51.946903,6.47239,"material damage only","4","rain",false,1,"GM1509"
"20230029133",2023,"Uitsluitend materiele schade",2,"Personenauto","Fiets","Onbekend","Rechte weg",50,"Niet brandend","Daglicht","Droog",\N,\N,"Blaaksedijk Oost","Heinenoord","Hoeksche Waard","Zuid-Holland",false,51.811242,4.520482,"material damage only","4","clear",false,1,"GM1963"
"20240029266",2024,"Uitsluitend materiele schade",2,"Fiets","Personenauto","Flank","Rechte weg",30,"Niet brandend","Daglicht","Regen",\N,"436303009","Spalstraat","Hengelo (Gld)","Bronckhorst","Gelderland",false,52.049306,6.309928,"material damage only","4","rain",false,1,"GM1876"
"20230034212",2023,"Letsel",2,"Fiets","Personenauto","Kop/staart","Rechte weg",60,"Niet aanwezig","Daglicht","Droog",\N,"427560007","Havinga's reed","Grootegast","Westerkwartier","Groningen",false,53.19715,6.269263,"injury","2","clear",false,1,"GM1969"
"20230078831",2023,"Letsel",2,"Personenauto","e-bike","Flank","Kruispunt, 4 takken",50,"Niet brandend","Daglicht","Droog",\N,\N,"M A de Ruijterstr","De Lier","Westland","Zuid-Holland",false,51.975594,4.253839,"injury","2","clear",false,1,"GM1783"
"20230018863",2023,"Letsel",3,"Fiets","Fiets","Onbekend","Rechte weg",50,"Niet brandend","Daglicht","Droog",\N,"600513217","Wapenvelder Kerkweg","Heerde","Heerde","Gelderland",false,52.406828,6.056364,"injury","2","clear",false,1,"GM0246"
"20230025745",2023,"Letsel",2,"Fiets","Personenauto","Flank","Rechte weg",50,"Niet brandend","Daglicht","Droog",\N,\N,"Leedeweg","Barendrecht","Barendrecht","Zuid-Holland",false,51.841661,4.536445,"injury","2","clear",false,1,"GM0489"
"20230074708",2023,"Uitsluitend materiele schade",2,"Personenauto","Fiets","Los voorwerp","Kruispunt, 3 takken",30,"Niet brandend","Daglicht","Droog",\N,\N,"Herenweg","Alkmaar","Alkmaar","Noord-Holland",false,52.642661,4.777574,"material damage only","4","clear",false,1,"GM0361"
"20230014840",2023,"Uitsluitend materiele schade",2,"Fiets","Fiets","Onbekend","Rechte weg",30,"Niet brandend","Daglicht","Droog",\N,"354564002","Harnedyk","Ingelum","Waadhoeke","Friesland",false,53.22651,5.716938,"material damage only","4","clear",false,1,"GM1949"
"20230015463",2023,"Uitsluitend materiele schade",1,"Fiets",\N,"Onbekend","Rechte weg",50,"Niet brandend","Daglicht","Droog","Brug/viaduct","317406012","Punter 48","Lelystad","Lelystad","Flevoland",false,52.518948,5.445019,"material damage only","4","clear",false,1,"GM0995"
"20230017137",2023,"Letsel",2,"Personenauto","Fiets","Onbekend","Rotonde",50,"Niet brandend","Daglicht","Droog",\N,\N,"Laan van Parijs","Alkmaar","Alkmaar","Noord-Holland",false,52.665258,4.766475,"injury","2","clear",false,1,"GM0361"
"20230024026",2023,"Letsel",1,"Fiets",\N,"Eenzijdig","Rechte weg",50,"Niet brandend","Daglicht","Droog",\N,"176336053","Boslaan","Katwijk","Katwijk","Zuid-Holland",false,52.198191,4.408675,"injury","2","clear",false,1,"GM0537"
"20230078367",2023,"Uitsluitend materiele schade",2,"Bestelauto","Fiets","Flank","Rechte weg",30,"Brandend","Duisternis","Droog",\N,"600436692","Stationsweg","Leiden","Leiden","Zuid-Holland",false,52.164484,4.484144,"material damage only","4","clear",false,1,"GM0546"
"20230036506",2023,"Uitsluitend materiele schade",2,"Personenauto","Fiets","Flank","Rotonde",30,"Niet brandend","Daglicht","Droog",\N,\N,"Hildo Kropstraat","Nieuwegein","Nieuwegein","Utrecht",false,52.033068,5.086353,"material damage only","4","clear",false,1,"GM0356"
"20230075473",2023,"Letsel",1,"Fiets",\N,"Eenzijdig","Bocht",50,"Niet brandend","Daglicht","Droog",\N,"295448003","Wethouder de Vosplein","Enkhuizen","Enkhuizen","Noord-Holland",false,52.705953,5.28058,"injury","2","clear",false,1,"GM0388"
"20240031050",2024,"Uitsluitend materiele schade",2,"Fiets","Personenauto","Flank","Kruispunt, 4 takken",30,"Niet brandend","Daglicht","Droog",\N,\N,"Burg Van Leeuwenlaan","Amsterdam","Amsterdam","Noord-Holland",false,52.376313,4.812425,"material damage only","4","clear",false,1,"GM0363"
"20230016643",2023,"Uitsluitend materiele schade",2,"Personenauto","Fiets","Onbekend","Kruispunt, 4 takken",50,"Niet brandend","Schemer","Droog",\N,\N,"Rio Brancodreef","Utrecht","Utrecht","Utrecht",false,52.124706,5.09315,"material damage only","4","clear",false,1,"GM0344"
"20230022901",2023,"Letsel",2,"Personenauto","Fiets","Flank","Kruispunt, 4 takken",30,"Niet brandend","Daglicht","Regen",\N,\N,"Koningin Emmalaan","Delft","Delft","Zuid-Holland",false,52.00602,4.381786,"injury","2","rain",false,1,"GM0503"
"20240030318",2024,"Letsel",2,"Fiets","Personenauto","Flank","Kruispunt, 4 takken",50,"Niet brandend","Daglicht","Droog",\N,\N,"Magazijnweg","Alphen aan den Rijn","Alphen aan den Rijn","Zuid-Holland",false,52.132651,4.637849,"injury","2","clear",false,1,"GM0484"
"20230072039",2023,"Uitsluitend materiele schade",2,"Bestelauto","e-bike","Flank","Rotonde",50,"Brandend","Schemer","Droog",\N,\N,"Oirschotseweg","Best","Best","Noord-Brabant",false,51.508882,5.377658,"material damage only","4","clear",false,1,"GM0753"
"20230072388",2023,"Letsel",2,"Personenauto","Fiets","Flank","Rechte weg",30,"Niet brandend","Daglicht","Droog",\N,"482370027","Nieuwstraat","Almelo","Almelo","Overijssel",false,52.350292,6.657289,"injury","2","clear",false,1,"GM0141"
"20240029071",2024,"Uitsluitend materiele schade",2,"Fiets","Personenauto","Flank","Kruispunt, 4 takken",15,"Niet brandend","Daglicht","Droog",\N,\N,"Celsiusstraat","Amersfoort","Amersfoort","Utrecht",false,52.142421,5.385938,"material damage only","4","clear",false,1,"GM0307"
"20240031098",2024,"Uitsluitend materiele schade",2,"Snorfiets","Fiets","Flank","Rechte weg",30,"Niet brandend","Daglicht","Droog",\N,"240373021","Nassaukade","Amsterdam","Amsterdam","Noord-Holland",false,52.366664,4.877132,"material damage only","4","clear",false,1,"GM0363"
"20230071534",2023,"Letsel",2,"Personenauto","Fiets","Flank","Kruispunt, 4 takken",80,"Niet brandend","Daglicht","Droog",\N,\N,"Holtum-Noordweg","Susteren","Echt-Susteren","Limburg",false,51.078233,5.831482,"injury","2","clear",false,1,"GM1711"
"20230072650",2023,"Uitsluitend materiele schade",2,"Fiets","Personenauto","Flank","Kruispunt, 4 takken",50,"Niet brandend","Daglicht","Droog",\N,\N,"Hugo de Grootstraat","Arnhem","Arnhem","Gelderland",false,51.979868,5.931347,"material damage only","4","clear",false,1,"GM0202"
"20230072665",2023,"Uitsluitend materiele schade",2,"Personenauto","Fiets","Flank","Kruispunt, 3 takken",30,"Niet brandend","Daglicht","Droog",\N,\N,"Eikenlaan","Asperen","West Betuwe","Gelderland",false,51.884071,5.105531,"material damage only","4","clear",false,1,"GM1960"
"20240026259",2024,"Letsel",3,"Fiets","Bestelauto","Onbekend","Kruispunt, 4 takken",50,"Niet brandend","Daglicht","Droog",\N,\N,"Dr. Willem Dreeslaan","Barneveld","Barneveld","Gelderland",false,52.138776,5.599589,"injury","2","clear",false,1,"GM0203"
"20230018418",2023,"Letsel",2,"Fiets","Personenauto","Flank","Rechte weg",50,"Brandend","Duisternis","Droog",\N,"224431170","Wolfpad","Alkmaar","Alkmaar","Noord-Holland",false,52.626569,4.753946,"injury","2","clear",false,1,"GM0361"
"20230022977",2023,"Uitsluitend materiele schade",1,"Fiets",\N,"Voetganger","Rechte weg",\N,"Niet brandend","Daglicht","Droog",\N,"221385011","Westpoortweg","Amsterdam","Amsterdam","Noord-Holland",false,52.422819,4.737904,"material damage only","4","clear",false,1,"GM0363"
"20230076470",2023,"Letsel",2,"Personenauto","Fiets","Flank","Kruispunt, 3 takken",80,"Niet brandend","Daglicht","Droog",\N,\N,"Haarboersweg","Hoge Hexel","Wierden","Overijssel",false,52.399379,6.577296,"injury","2","clear",false,1,"GM0189"
"20230016201",2023,"Letsel",2,"Personenauto","Fiets","Flank","Kruispunt, 4 takken",50,"Niet brandend","Daglicht","Droog",\N,\N,"Leusderweg","Amersfoort","Amersfoort","Utrecht",false,52.149056,5.384043,"injury","2","clear",false,1,"GM0307"
"20230078096",2023,"Uitsluitend materiele schade",2,"Snorfiets","Fiets","Frontaal","Kruispunt, 3 takken",50,"Niet brandend","Daglicht","Droog",\N,\N,"De Flinesstraat","Amsterdam-Duivendrecht","Ouder-Amstel","Noord-Holland",false,52.326518,4.928939,"material damage only","4","clear",false,1,"GM0437"
"20230013329",2023,"Uitsluitend materiele schade",2,"Personenauto","Fiets","Onbekend","Bocht",50,"Brandend","Duisternis","Regen",\N,\N,"Hovenierslaantje","Tiel","Tiel","Gelderland",false,51.891247,5.432753,"material damage only","4","rain",false,1,"GM0281"
"20230101302",2023,"Letsel",2,"Personenauto","Fiets","Flank","Kruispunt, 4 takken",50,"Niet brandend","Daglicht","Droog",\N,\N,"Secretaris Verhoeffweg","Naaldwijk","Westland","Zuid-Holland",false,51.99111,4.204378,"injury","2","clear",false,1,"GM1783"
"20240075148",2024,"Letsel",2,"Personenauto","Fiets","Flank","Kruispunt, 4 takken",60,"Niet brandend","Daglicht","Droog",\N,\N,"Koesteeg","Borger","Borger-Odoorn","Drenthe",false,52.925331,6.784902,"injury","2","clear",false,1,"GM1681"
"20240037123",2024,"Uitsluitend materiele schade",2,"Fiets","Fiets","Flank","Rechte weg",30,"Niet brandend","Daglicht","Droog",\N,"407410103","Dollard","Zwolle","Zwolle","Overijssel",false,52.534239,6.103709,"material damage only","4","clear",false,1,"GM0193"
"20240075198",2024,"Uitsluitend materiele schade",2,"Personenauto","Fiets","Flank","Kruispunt, 3 takken",50,"Niet brandend","Daglicht","Droog",\N,\N,"Sonsbeekweg","Arnhem","Arnhem","Gelderland",false,51.988565,5.908037,"material damage only","4","clear",false,1,"GM0202"
"20240032133",2024,"Letsel",1,"Fiets",\N,"Eenzijdig","Rechte weg",50,"Brandend","Duisternis","Regen",\N,"159317032","Gentsestraat","'s-Gravenhage","'s-Gravenhage","Zuid-Holland",false,52.111156,4.289409,"injury","2","rain",false,1,"GM0518"
"20240079013",2024,"Letsel",2,"Personenauto","Fiets","Onbekend","Rechte weg",50,"Niet brandend","Daglicht","Harde windstoten",\N,"160308074","Delftselaan","'s-Gravenhage","'s-Gravenhage","Zuid-Holland",false,52.069644,4.297965,"injury","2","unknown",false,1,"GM0518"
"20240081342",2024,"Letsel",2,"Fiets","Fiets","Onbekend","Rechte weg",30,"Niet brandend","Daglicht","Regen",\N,"600748189","Haastenburg","Gouda","Gouda","Zuid-Holland",false,52.030593,4.703017,"injury","2","rain",false,1,"GM0513"
"20240036586",2024,"Uitsluitend materiele schade",2,"Personenauto","Fiets","Flank","Bocht",30,"Niet brandend","Daglicht","Droog",\N,\N,"Prins Frederik Hendrikln","Harderwijk","Harderwijk","Gelderland",false,52.337177,5.622561,"material damage only","4","clear",false,1,"GM0243"
"20240041330",2024,"Uitsluitend materiele schade",2,"Bromfiets","Fiets","Flank","Rechte weg",30,"Niet brandend","Daglicht","Droog",\N,"243371006","Van Woustraat","Amsterdam","Amsterdam","Noord-Holland",false,52.356939,4.899667,"material damage only","4","clear",false,1,"GM0363"
"20240080323",2024,"Uitsluitend materiele schade",2,"Personenauto","Fiets","Onbekend","Kruispunt, 3 takken",50,"Niet brandend","Daglicht","Regen",\N,"600724407","Ambachtsweg","Katwijk","Katwijk","Zuid-Holland",false,52.202162,4.429534,"material damage only","4","rain",false,1,"GM0537"
"20240033533",2024,"Uitsluitend materiele schade",2,"Fiets","Fiets","Onbekend","Rechte weg",30,"Niet brandend","Daglicht","Droog",\N,"296213048","Esschestraat","Vught","Vught","Noord-Brabant",false,51.65111,5.287725,"material damage only","4","clear",false,1,"GM0865"
"20240033542",2024,"Uitsluitend materiele schade",2,"Personenauto","Fiets","Onbekend","Rotonde",50,"Brandend","Daglicht","Droog",\N,\N,"Laaghuissingel","Venlo","Venlo","Limburg",false,51.371433,6.185251,"material damage only","4","clear",false,1,"GM0983"
"20240036628",2024,"Uitsluitend materiele schade",2,"Fiets","Scootmobiel","Kop/staart","Rechte weg",30,"Niet brandend","Daglicht","Droog",\N,"476545005","Rijksstraatweg","Glimmen","Groningen","Groningen",false,53.135768,6.629231,"material damage only","4","clear",false,1,"GM0014"
"20240040535",2024,"Letsel",1,"Fiets",\N,"Onbekend","Kruispunt, 3 takken",30,"Niet brandend","Daglicht","Droog",\N,\N,"Vuurtorenplein","Noordwijk","Noordwijk","Zuid-Holland",false,52.248244,4.435074,"injury","2","clear",false,1,"GM0575"
"20240047830",2024,"Letsel",2,"Personenauto","Fiets","Flank","Rechte weg",60,"Niet aanwezig","Daglicht","Droog",\N,"600902086","Scherpenzeelseweg","Leersum","Utrechtse Heuvelrug","Utrecht",false,52.020915,5.445221,"injury","2","clear",false,1,"GM1581"
"20240076369",2024,"Letsel",2,"Fiets","Fiets","Onbekend","Kruispunt, 4 takken",30,"Niet brandend","Daglicht","Droog",\N,\N,"Ubbo Emmiussingel","Groningen","Groningen","Groningen",false,53.21288,6.565713,"injury","2","clear",false,1,"GM0014"
"20240077034",2024,"Uitsluitend materiele schade",2,"Personenauto","Fiets","Frontaal","Rechte weg",50,"Niet brandend","Daglicht","Droog",\N,"226503038","Meeuwenstraat","Den Helder","Den Helder","Noord-Holland",false,52.953644,4.763659,"material damage only","4","clear",false,1,"GM0400"
"20240041447",2024,"Uitsluitend materiele schade",2,"Personenauto","Fiets","Flank","Rechte weg",30,"Niet brandend","Daglicht","Droog",\N,"600665366","Parkrijklaan","Assendelft","Zaanstad","Noord-Holland",false,52.486563,4.747383,"material damage only","4","clear",false,1,"GM0479"
"20240081504",2024,"Letsel",3,"Fiets","Bestelauto","Geparkeerd voertuig","Rechte weg",30,"Brandend","Duisternis","Droog",\N,"194309071","Dorpsstraat","Benthuizen","Alphen aan den Rijn","Zuid-Holland",false,52.077504,4.541825,"injury","2","clear",false,1,"GM0484"
"20240038329",2024,"Letsel",1,"Fiets",\N,"Onbekend",\N,50,\N,"Daglicht",\N,\N,\N,"Hoeksteen","Hoofddorp","Haarlemmermeer","Noord-Holland",false,52.294307,4.718333,"injury","2","unknown",false,1,"GM0394"
"20240042760",2024,"Letsel",2,"Personenauto","Fiets","Frontaal","Kruispunt, 4 takken",30,"Niet brandend","Daglicht","Regen",\N,\N,"Heer Heymansuysstraat","Dordrecht","Dordrecht","Zuid-Holland",false,51.817544,4.67184,"injury","2","rain",false,1,"GM0505"
"20240072415",2024,"Letsel",2,"Personenauto","Fiets","Geparkeerd voertuig","Rechte weg",30,"Niet brandend","Daglicht","Droog",\N,"601084382","Dorpsweg","Rotterdam","Rotterdam","Zuid-Holland",false,51.889025,4.472434,"injury","2","clear",false,1,"GM0599"
"20240038368",2024,"Uitsluitend materiele schade",2,"Personenauto","Fiets","Onbekend","Kruispunt, 4 takken",30,"Niet brandend","Daglicht","Droog",\N,"600229314","Gedempte Turfhaven","Hoorn","Hoorn","Noord-Holland",false,52.642702,5.056782,"material damage only","4","clear",false,1,"GM0405"
"20240033105",2024,"Letsel",2,"Bromfiets","Fiets","Onbekend","Rechte weg",15,"Niet aanwezig","Daglicht","Regen","Parkeervoorziening","166309016","Koningin Wilhelminalaan","Voorburg","Leidschendam-Voorburg","Zuid-Holland",false,52.075216,4.343036,"injury","2","rain",false,1,"GM1916"
"20240040107",2024,"Letsel",2,"Bromfiets","Fiets","Flank","Rechte weg",50,"Niet brandend","Daglicht","Droog",\N,"600900979","Warmoezenierspad","Nieuwerkerk aan den IJssel","Zuidplas","Zuid-Holland",false,51.960054,4.597852,"injury","2","clear",false,1,"GM1892"
"20240037812",2024,"Letsel",2,"e-bike","e-bike","Kop/staart","Rechte weg",60,"Niet brandend","Daglicht","Droog",\N,"600762128","RIJKSSTRAATWEG","Anna Paulowna","Hollands Kroon","Noord-Holland",false,52.886576,4.873499,"injury","2","clear",false,1,"GM1911"
"20240048074",2024,"Letsel",2,"Personenauto","Fiets","Onbekend","Kruispunt, 4 takken",30,"Niet brandend","Daglicht","Droog",\N,"600129280","Bussumerstraat","Hilversum","Hilversum","Noord-Holland",false,52.22681,5.175812,"injury","2","clear",false,1,"GM0402"
"20240078709",2024,"Letsel",2,"Fiets","Fiets","Onbekend",\N,50,\N,"Duisternis",\N,\N,"600379236","Gevers Deynootweg","'s-Gravenhage","'s-Gravenhage","Zuid-Holland",false,52.110115,4.279172,"injury","2","unknown",false,1,"GM0518"
"20240051177",2024,"Letsel",2,"Personenauto","Fiets","Flank","Rechte weg",50,"Niet brandend","Daglicht","Droog",\N,"294450082","Douwe Brouwerweg","Enkhuizen","Enkhuizen","Noord-Holland",false,52.714835,5.272366,"injury","2","clear",false,1,"GM0388"
"20240033230",2024,"Letsel",1,"Fiets",\N,"Kop/staart","Rechte weg",60,"Niet brandend","Daglicht","Droog","Spoorwegovergang","600400859","Wilsveen","Leidschendam","Leidschendam-Voorburg","Zuid-Holland",false,52.075919,4.433299,"injury","2","clear",false,1,"GM1916"
"20240040874",2024,"Letsel",1,"Fiets",\N,"Onbekend","Rechte weg",30,"Niet brandend","Daglicht","Droog",\N,"600182692","Buurtweg","Wassenaar","Wassenaar","Zuid-Holland",false,52.117993,4.355035,"injury","2","clear",false,1,"GM0629"
"20240033907",2024,"Uitsluitend materiele schade",2,"Personenauto","Fiets","Flank","Bocht",60,"Niet brandend","Daglicht","Droog",\N,"348215005","Jagersveld","Uden","Maashorst","Noord-Brabant",false,51.660949,5.66791,"material damage only","4","clear",false,1,"GM1991"
"20240051276",2024,"Letsel",3,"Bromfiets","Fiets","Flank","Rechte weg",80,"Niet brandend","Daglicht","Droog",\N,"600749473","Nesdijk","Bergen (NH)","Bergen (NH)","Noord-Holland",false,52.659961,4.713983,"injury","2","clear",false,1,\N
"20240072025",2024,"Letsel",1,"Fiets",\N,"Onbekend","Rechte weg",50,"Niet brandend","Daglicht","Droog",\N,"158309072","Beeklaan","'s-Gravenhage","'s-Gravenhage","Zuid-Holland",false,52.073726,4.281529,"injury","2","clear",false,1,"GM0518"
"20240072881",2024,"Letsel",2,"Personenauto","Fiets","Flank","Kruispunt, 4 takken",60,\N,"Daglicht","Droog",\N,\N,"Spuiweg","Terneuzen","Terneuzen","Zeeland",false,51.306834,3.861883,"injury","2","clear",false,1,"GM0715"
"20240076731",2024,"Uitsluitend materiele schade",2,"Personenauto","Fiets","Flank","Rechte weg",50,"Niet brandend","Daglicht","Droog",\N,"600562476","Kwakelkade","Alkmaar","Alkmaar","Noord-Holland",false,52.633898,4.752334,"material damage only","4","clear",false,1,"GM0361"
"20240072049",2024,"Letsel",2,"Personenauto","e-bike","Flank","Kruispunt, 3 takken",50,"Niet brandend","Daglicht","Droog",\N,\N,"Vrederustlaan","'s-Gravenhage","'s-Gravenhage","Zuid-Holland",false,52.043752,4.261137,"injury","2","clear",false,1,"GM0518"
"20240038035",2024,"Letsel",2,"Personenauto","Fiets","Los voorwerp","Kruispunt, 3 takken",80,"Niet brandend","Daglicht","Droog",\N,\N,"Zuiderloswal","Hilversum","Hilversum","Noord-Holland",false,52.220282,5.147276,"injury","2","clear",false,1,"GM0402"
"20240051377",2024,"Letsel",2,"Bromfiets","Fiets","Flank","Kruispunt, 4 takken",80,"Niet brandend","Daglicht","Droog",\N,\N,"Busch en Dam","Uitgeest","Uitgeest","Noord-Holland",false,52.502438,4.739138,"injury","2","clear",false,1,"GM0450"
"20230093953",2023,"Letsel",3,"Fiets","Fiets","Vast voorwerp","Rechte weg",30,"Niet aanwezig","Duisternis","Droog",\N,"331557015","Fregat","Franeker","Waadhoeke","Friesland",false,53.195852,5.547939,"injury","2","clear",false,1,"GM1949"
"20230098047",2023,"Letsel",2,"Personenauto","Fiets","Flank","Kruispunt, 4 takken",50,"Niet aanwezig","Schemer","Droog",\N,\N,"Pieter Lieftinckweg","Zaandam","Zaanstad","Noord-Holland",false,52.428691,4.84313,"injury","2","clear",false,1,"GM0479"
"20230103009",2023,"Uitsluitend materiele schade",2,"Bromfiets","Fiets","Flank","Rechte weg",30,"Niet brandend","Daglicht","Droog",\N,"600514044","Langegracht","Leiden","Leiden","Zuid-Holland",false,52.162767,4.499365,"material damage only","4","clear",false,1,"GM0546"
"20230079969",2023,"Uitsluitend materiele schade",2,"Trein/tram","Fiets","Flank","Rechte weg",50,"Niet brandend","Daglicht","Droog",\N,"185278090","Bergweg","Rotterdam","Rotterdam","Zuid-Holland",false,51.93784,4.479219,"material damage only","4","clear",false,1,"GM0599"
"20230084047",2023,"Uitsluitend materiele schade",2,"Bromfiets","Fiets","Frontaal","Rechte weg",80,"Niet brandend","Daglicht","Droog",\N,\N,"Amersfoortseweg","Huis ter Heide","Zeist","Utrecht",false,52.112033,5.25245,"material damage only","4","clear",false,1,"GM0355"
"20230085227",2023,"Uitsluitend materiele schade",2,"e-bike","Personenauto","Flank","Kruispunt, 3 takken",30,"Brandend","Duisternis","Droog",\N,\N,"Meerlaan","Culemborg","Culemborg","Gelderland",false,51.949643,5.230292,"material damage only","4","clear",false,1,"GM0216"
"20230097497",2023,"Letsel",2,"Personenauto","Fiets","Frontaal","Kruispunt, 4 takken",50,"Niet brandend","Daglicht","Droog",\N,"240365038","Arent Janszoon Ernststr","Amsterdam","Amsterdam","Noord-Holland",false,52.332087,4.876666,"injury","2","clear",false,1,"GM0363"
"20230099785",2023,"Letsel",2,"Personenauto","Fiets","Frontaal","Kruispunt, 3 takken",50,"Niet brandend","Daglicht","Droog",\N,\N,"Hogevaart","Sprang-Capelle","Waalwijk","Noord-Brabant",false,51.679305,5.014183,"injury","2","clear",false,1,"GM0867"
"20230085817",2023,"Uitsluitend materiele schade",1,"Fiets",\N,"Eenzijdig","Rechte weg",80,"Niet aanwezig","Duisternis","Droog",\N,"370279002","Grote Molenstraat","Elst","Overbetuwe","Gelderland",false,51.939371,5.832818,"material damage only","4","clear",false,1,"GM1734"
"20230087579",2023,"Uitsluitend materiele schade",2,"Bromfiets","Fiets","Flank","Kruispunt, 4 takken",\N,"Niet brandend","Daglicht","Droog","Brug/viaduct",\N,"Entabeni","Amsterdam","Amsterdam","Noord-Holland",false,52.322991,4.961862,"material damage only","4","clear",false,1,"GM0363"
"20230099480",2023,"Uitsluitend materiele schade",3,"Personenauto","Fiets","Onbekend","Rotonde",50,"Brandend","Duisternis","Droog",\N,\N,"Rijnstraat","'s-Hertogenbosch","'s-Hertogenbosch","Noord-Brabant",false,51.690384,5.324625,"material damage only","4","clear",false,1,"GM0796"