"accident_id","year","severity_raw","party_count","party1_type","party2_type","accident_type","road_situation","speed_limit_kmh","road_lighting","light_condition_label","weather_raw","infra_type","road_segment_id","street_name","place_name","gemeente_name_raw","province","alcohol_indicated","latitude","longitude","severity_label","severity_code","weather_label","built_up_area","cyclists_involved","gemeente_code"
"20230105495",2023,"Uitsluitend materiele schade",2,"Personenauto","Fiets","Flank","Kruispunt, 3 takken",50,"Niet aanwezig","Schemer","Regen",\N,\N,"Ir. Molsweg","Arnhem","Arnhem","Gelderland",false,51.95975,5.924728,"material damage only","4","rain",false,1,"GM0202"
"20230080615",2023,"Letsel",2,"Bromfiets","Fiets","Frontaal","Kruispunt, 3 takken",30,"Niet brandend","Daglicht","Regen",\N,\N,"Oude Plantagedreef","Rotterdam","Rotterdam","Zuid-Holland",false,51.915609,4.521174,"injury","2","rain",false,1,"GM0599"
"20230083549",2023,"Uitsluitend materiele schade",2,"Bromfiets","Fiets","Onbekend","Rechte weg",50,"Niet brandend","Daglicht","Droog",\N,"600863720","Lindensteinlaan","Leek","Westerkwartier","Groningen",false,53.163635,6.381318,"material damage only","4","clear",false,1,"GM1969"
"20230085292",2023,"Letsel",2,"Fiets","Overig vast object","Vast voorwerp","Rechte weg",50,"Niet brandend","Daglicht","Droog",\N,"350290049","Heelsumseweg","Bennekom","Ede","Gelderland",false,51.995438,5.68594,"injury","2","clear",false,1,"GM0228"
"20230087011",2023,"Uitsluitend materiele schade",3,"Personenauto","Fiets","Vast voorwerp","Kruispunt, 4 takken",50,"Niet brandend","Daglicht","Droog",\N,\N,"Laan van Nieuw-O-Indië","'s-Gravenhage","'s-Gravenhage","Zuid-Holland",false,52.080753,4.34333,"material damage only","4","clear",false,1,"GM0518"
"20230091768",2023,"Uitsluitend materiele schade",2,"Personenauto","Fiets","Onbekend","Rechte weg",50,"Niet brandend","Daglicht","Droog",\N,"267190044","Oerlesestraat","Tilburg","Tilburg","Noord-Brabant",false,51.547132,5.078221,"material damage only","4","clear",false,1,"GM0855"
"20230102613",2023,"Letsel",2,"Fiets","Fiets","Kop/staart","Rechte weg",30,"Niet brandend","Daglicht","Droog",\N,\N,"Zeeburgerdijk","Amsterdam","Amsterdam","Noord-Holland",false,52.366218,4.933805,"injury","2","clear",false,1,"GM0363"
"20230103648",2023,"Letsel",2,"Fiets","Bromfiets","Frontaal","Rechte weg",50,"Niet aanwezig","Duisternis","Droog/Harde windstoten",\N,"600742251","Lekdijk","Langerak","Molenlanden","Zuid-Holland",false,51.88777,4.653598,"injury","2","unknown",false,1,"GM1978"
"20230106192",2023,"Letsel",2,"Bromfiets","Fiets","Onbekend","Rechte weg",30,"Niet brandend","Daglicht","Droog",\N,"345296046","Dr. W. Dreeslaan","Ede","Ede","Gelderland",false,52.02393,5.64758,"injury","2","clear",false,1,"GM0228"
"20230083010",2023,"Uitsluitend materiele schade",2,"Personenauto","Fiets","Onbekend","Kruispunt, 3 takken",50,"Niet brandend","Daglicht","Droog",\N,\N,"Waterlinieweg","Culemborg","Culemborg","Gelderland",false,51.9445,5.201263,"material damage only","4","clear",false,1,"GM0216"
"20230083600",2023,"Uitsluitend materiele schade",2,"Bestelauto","Fiets","Frontaal","Kruispunt, 3 takken",50,"Niet brandend","Daglicht","Droog",\N,\N,"Helperpark","Groningen","Groningen","Groningen",false,53.205351,6.586788,"material damage only","4","clear",false,1,"GM0014"
"20230084759",2023,"Uitsluitend materiele schade",2,"Snorfiets","Fiets","Flank","Bocht",30,"Niet brandend","Daglicht","Droog",\N,"321405153","De Schans 19","Lelystad","Lelystad","Flevoland",false,52.515019,5.473499,"material damage only","4","clear",false,1,"GM0995"
"20230087036",2023,"Letsel",1,"Fiets",\N,"Eenzijdig","Rechte weg",30,"Niet brandend","Daglicht","Droog","Bus-/Tramhalte","211371049","Bernadottelaan","Haarlem","Haarlem","Noord-Holland",false,52.359148,4.664838,"injury","2","clear",false,1,"GM0392"
"20230087052",2023,"Letsel",2,"Personenauto","e-bike","Flank","Rotonde",50,"Niet brandend","Daglicht","Regen",\N,\N,"Burgemeester Crezéelaan","De Lier","Westland","Zuid-Holland",false,51.974004,4.255989,"injury","2","rain",false,1,"GM1783"
"20230105867",2023,"Letsel",3,"Personenauto","Fiets","Onbekend","Rechte weg",50,"Niet brandend","Daglicht","Droog",\N,"473273006","Dinxperlosestraatweg","Aalten","Aalten","Gelderland",false,51.915237,6.576621,"injury","2","clear",false,1,"GM0197"
"20230087665",2023,"Letsel",2,"Fiets","Fiets","Flank","Kruispunt, 4 takken",15,"Niet brandend","Daglicht","Regen",\N,\N,"Wilsonpad","Hoofddorp","Haarlemmermeer","Noord-Holland",false,52.306957,4.681386,"injury","2","rain",false,1,"GM0394"
"20230090669",2023,"Uitsluitend materiele schade",2,"Personenauto","Fiets","Flank","Kruispunt, 3 takken",30,"Niet brandend","Daglicht","Droog",\N,\N,"Saxofoonstraat","Uden","Maashorst","Noord-Brabant",false,51.669882,5.609922,"material damage only","4","clear",false,1,"GM1991"
"20230092429",2023,"Uitsluitend materiele schade",2,"Personenauto","Fiets","Flank","Kruispunt, 4 takken",50,"Niet brandend","Daglicht","Droog",\N,\N,"Wilhelminalaan","Oosterhout","Oosterhout","Noord-Brabant",false,51.64429,4.84137,"material damage only","4","clear",false,1,"GM0826"
"20230093581",2023,"Uitsluitend materiele schade",2,"Personenauto","Fiets","Flank","Rotonde",50,"Brandend","Schemer","Droog",\N,\N,"Stationsweg","Barneveld","Barneveld","Gelderland",false,52.153493,5.597103,"material damage only","4","clear",false,1,"GM0203"
"20230097621",2023,"Uitsluitend materiele schade",2,"Bromfiets","Fiets","Flank","Kruispunt, 3 takken",30,"Brandend","Schemer","Regen",\N,\N,"Frieseweg","Alkmaar","Alkmaar","Noord-Holland",false,52.639549,4.758426,"material damage only","4","rain",false,1,"GM0361"
"20230103725",2023,"Letsel",3,"Fiets","Personenauto","Los voorwerp","Rechte weg",50,"Niet brandend","Daglicht","Regen",\N,"184268106","Pleinweg","Rotterdam","Rotterdam","Zuid-Holland",false,51.891567,4.478836,"injury","2","rain",false,1,"GM0599"
"20230081899",2023,"Uitsluitend materiele schade",2,"Personenauto","Fiets","Flank","Kruispunt, 4 takken",30,"Niet brandend","Daglicht","Droog",\N,\N,"Den Eigen","Sevenum","Horst aan de Maas","Limburg",false,51.408694,6.031446,"material damage only","4","clear",false,1,"GM1507"
"20230085960",2023,"Letsel",2,"Bromfiets","Fiets","Geparkeerd voertuig","Rechte weg",30,"Niet brandend","Daglicht","Droog","Parkeervoorziening","600834207","Oranjesingel","Nijmegen","Nijmegen","Gelderland",false,51.842719,5.867154,"injury","2","clear",false,1,"GM0268"
"20230094774",2023,"Uitsluitend materiele schade",2,"Personenauto","Fiets","Flank","Kruispunt, 4 takken",30,"Niet brandend","Daglicht","Droog",\N,\N,"Stationsplein","Nijmegen","Nijmegen","Gelderland",false,51.842179,5.85333,"material damage only","4","clear",false,1,"GM0268"
"20230095943",2023,"Uitsluitend materiele schade",2,"Bromfiets","Fiets","Frontaal","Rechte weg",50,"Niet brandend","Schemer","Droog",\N,"600671927","Stationsweg","Driebergen-Rijsenburg","Utrechtse Heuvelrug","Utrecht",false,52.064555,5.258925,"material damage only","4","clear",false,1,"GM1581"
"20230085445",2023,"Uitsluitend materiele schade",2,"Fiets",\N,"Flank","Kruispunt, 3 takken",50,"Niet brandend","Daglicht","Droog",\N,\N,"KONINGIN BEATRIXPARK","Almere","Almere","Flevoland",false,52.376737,5.2089,"material damage only","4","clear",false,1,"GM0034"
"20230089517",2023,"Letsel",1,"Fiets",\N,"Eenzijdig","Rechte weg",30,"Brandend","Duisternis","Droog",\N,"600719898","Wateringseweg","Delft","Delft","Zuid-Holland",false,52.020176,4.349116,"injury","2","clear",false,1,"GM0503"
"20230090711",2023,"Uitsluitend materiele schade",2,"Personenauto","Fiets","Flank","Kruispunt, 4 takken",30,"Niet brandend","Daglicht","Droog",\N,\N,"Oranjeboomstraat","Breda","Breda","Noord-Brabant",false,51.582416,4.762289,"material damage only","4","clear",false,1,"GM0758"
"20230105392",2023,"Uitsluitend materiele schade",2,"Personenauto","Fiets","Flank","Kruispunt, 4 takken",30,"Brandend","Schemer","Regen",\N,\N,"Eikenbaan","Zevenaar","Zevenaar","Gelderland",false,51.940103,6.073049,"material damage only","4","rain",false,1,"GM0299"
"20230106354",2023,"Uitsluitend materiele schade",2,"Fiets","Personenauto","Flank","Rotonde",50,"Niet brandend","Daglicht","Regen",\N,\N,"De Linie","Capelle aan den IJssel","Capelle aan den IJssel","Zuid-Holland",false,51.933706,4.596523,"material damage only","4","rain",false,1,"GM0502"
"20230092525",2023,"Uitsluitend materiele schade",2,"Personenauto","Fiets","Onbekend","Rotonde",80,"Niet brandend","Daglicht","Droog",\N,\N,"KELPEN 40","Ell","Leudal","Limburg",false,51.235501,5.79466,"material damage only","4","clear",false,1,"GM1640"
"20230093680",2023,"Letsel",1,"Fiets",\N,"Eenzijdig","Rechte weg",15,"Niet brandend","Daglicht","Droog",\N,"600882556","W.A. Scholtenweg","Zuidbroek","Midden-Groningen","Groningen",false,53.160676,6.851544,"injury","2","clear",false,1,"GM1952"
"20230094833",2023,"Uitsluitend materiele schade",2,"Personenauto","Fiets","Onbekend","Kruispunt, 4 takken",50,"Brandend","Duisternis","Droog",\N,\N,"Grundellaan","Hengelo","Hengelo (O)","Overijssel",false,52.263646,6.810842,"material damage only","4","clear",false,1,\N
"20230094287",2023,"Uitsluitend materiele schade",2,"Personenauto","e-bike","Flank","Kruispunt, 4 takken",50,"Niet brandend","Daglicht","Regen",\N,\N,"Rijksweg","Groningen","Groningen","Groningen",false,53.226542,6.599402,"material damage only","4","rain",false,1,"GM0014"
"20230103879",2023,"Uitsluitend materiele schade",2,"Bestelauto","Fiets","Flank","Rechte weg",15,"Niet brandend","Daglicht","Droog",\N,\N,"Bovenbeekstraat","Arnhem","Arnhem","Gelderland",false,51.983381,5.909063,"material damage only","4","clear",false,1,"GM0202"
"20230106445",2023,"Uitsluitend materiele schade",3,"Personenauto","Fiets","Onbekend","Kruispunt, 3 takken",30,"Brandend","Duisternis","Regen",\N,\N,"Molenstraat","Beek","Beek","Limburg",false,50.936341,5.790201,"material damage only","4","rain",false,1,\N
"20230079723",2023,"Uitsluitend materiele schade",2,"Personenauto","Fiets","Onbekend",\N,\N,\N,"Daglicht",\N,\N,"600158089","Drebbelstraat","Eindhoven","Eindhoven","Noord-Brabant",false,51.456073,5.455915,"material damage only","4","unknown",false,1,"GM0772"
"20230081478",2023,"Uitsluitend materiele schade",2,"Fiets","Fiets","Flank","Rechte weg",30,"Brandend","Schemer","Droog",\N,"248189035","Kerkstraat","Gilze","Gilze en Rijen","Noord-Brabant",false,51.538823,4.941656,"material damage only","4","clear",false,1,"GM0784"
"20230082651",2023,"Uitsluitend materiele schade",2,"Personenauto","Fiets","Flank","Kruispunt, 3 takken",30,"Niet brandend","Daglicht","Droog",\N,\N,"Emmastraat","Enschede","Enschede","Overijssel",false,52.217538,6.877816,"material damage only","4","clear",false,1,"GM0153"
"20230083805",2023,"Letsel",2,"Fiets","Personenauto","Flank","Kruispunt, 3 takken",30,"Niet brandend","Daglicht","Droog",\N,\N,"Nieuweweg","Oostwold","Oldambt","Groningen",false,53.195299,7.05458,"injury","2","clear",false,1,"GM1895"
"20230080300",2023,"Letsel",2,"Bromfiets","Fiets","Flank","Kruispunt, 4 takken",30,"Niet brandend","Daglicht","Droog",\N,\N,"Hintham","Rosmalen","'s-Hertogenbosch","Noord-Brabant",false,51.701495,5.349432,"injury","2","clear",false,1,"GM0796"
"20230086144",2023,"Letsel",2,"Fiets","Overig vast object","Vast voorwerp",\N,30,"Brandend","Duisternis","Regen",\N,"455373025","Groen van Prinstererstr","Nijverdal","Hellendoorn","Overijssel",false,52.364226,6.456612,"injury","2","rain",false,1,"GM0163"
"20230094958",2023,"Letsel",2,"Personenauto","Fiets","Onbekend","Rotonde",30,"Niet brandend","Daglicht","Droog",\N,\N,"Molenweg","Haren Gn","Groningen","Groningen",false,53.175244,6.607757,"injury","2","clear",false,1,"GM0014"
"20230080371",2023,"Letsel",2,"Personenauto","Fiets","Onbekend","Kruispunt, 4 takken",50,"Brandend","Duisternis","Droog",\N,\N,"Vasteland","Rotterdam","Rotterdam","Zuid-Holland",false,51.911448,4.477899,"injury","2","clear",false,1,"GM0599"
"20230086756",2023,"Letsel",1,"Fiets",\N,"Eenzijdig","Bocht",50,"Niet brandend","Daglicht","Droog",\N,\N,"Nieuweweg","'s-Gravenhage","'s-Gravenhage","Zuid-Holland",false,52.039677,4.235928,"injury","2","clear",false,1,"GM0518"
"20230089122",2023,"Letsel",1,"Fiets",\N,"Eenzijdig","Rechte weg",50,"Niet brandend","Daglicht","Droog",\N,"159307067","Steijnlaan","'s-Gravenhage","'s-Gravenhage","Zuid-Holland",false,52.068479,4.289515,"injury","2","clear",false,1,"GM0518"
"20230092088",2023,"Uitsluitend materiele schade",2,"Personenauto","Fiets","Flank","Rotonde",50,"Niet brandend","Daglicht","Droog",\N,\N,"Kaldenkerkerweg","Venlo","Venlo","Limburg",false,51.359243,6.178051,"material damage only","4","clear",false,1,"GM0983"
"20230094393",2023,"Uitsluitend materiele schade",2,"Fiets","Fiets","Flank","Kruispunt, 3 takken",50,"Niet brandend","Schemer","Droog",\N,\N,"Oude Veerweg","Arnhem","Arnhem","Gelderland",false,51.971448,5.948485,"material damage only","4","clear",false,1,"GM0202"
"20230094405",2023,"Uitsluitend materiele schade",1,"Fiets",\N,"Eenzijdig","Kruispunt, 3 takken",15,"Niet brandend","Daglicht","Droog",\N,\N,"Groen van Prinstererstr","Nijverdal","Hellendoorn","Overijssel",false,52.364189,6.456277,"material damage only","4","clear",false,1,"GM0163"
"20230102467",2023,"Letsel",2,"Fiets","Personenauto","Frontaal","Rechte weg",30,"Niet brandend","Daglicht","Droog",\N,"217297043","Groen van Prinsterersngl","Gouda","Gouda","Zuid-Holland",false,52.026351,4.714452,"injury","2","clear",false,1,"GM0513"
"20230089154",2023,"Letsel",1,"Fiets",\N,"Eenzijdig","Rotonde",50,"Niet brandend","Daglicht","Droog",\N,\N,"Lekdijk","Nieuw-Lekkerland","Molenlanden","Zuid-Holland",false,51.889614,4.680533,"injury","2","clear",false,1,"GM1978"
"20230091520",2023,"Uitsluitend materiele schade",2,"Bestelauto","Fiets","Flank","Kruispunt, 3 takken",50,"Niet brandend","Daglicht","Droog",\N,\N,"Rudolf Dieselweg","Venlo","Venlo","Limburg",false,51.376609,6.160679,"material damage only","4","clear",false,1,"GM0983"
"20230082813",2023,"Uitsluitend materiele schade",2,"Personenauto","Fiets","Flank","Rotonde",50,"Niet brandend","Daglicht","Droog",\N,\N,"Attleedreef","Ede","Ede","Gelderland",false,52.023283,5.638448,"material damage only","4","clear",false,1,"GM0228"
"20230093913",2023,"Uitsluitend materiele schade",2,"Fiets","Bromfiets","Flank","Kruispunt, 4 takken",50,"Brandend","Schemer","Droog",\N,\N,"M.H. Tromplaan","Enschede","Enschede","Overijssel",false,52.219669,6.882606,"material damage only","4","clear",false,1,"GM0153"
"20230097974",2023,"Uitsluitend materiele schade",2,"Personenauto","Fiets","Flank","Rechte weg",30,"Niet brandend","Daglicht","Droog",\N,"600167280","Noorddammerlaan","Amstelveen","Amstelveen","Noord-Holland",false,52.292604,4.838584,"material damage only","4","clear",false,1,"GM0362"
"20230083976",2023,"Letsel",2,"Personenauto","Fiets","Flank","Rechte weg",50,"Niet brandend","Daglicht","Droog",\N,"407538029","Leidijk","Drachten","Smallingerland","Friesland",false,53.106865,6.113053,"injury","2","clear",false,1,"GM0090"
"20230089210",2023,"Letsel",1,"Fiets",\N,"Eenzijdig","Kruispunt, 4 takken",50,"Niet brandend","Daglicht","Droog",\N,\N,"Koningstraat","Leiden","Leiden","Zuid-Holland",false,52.164338,4.495943,"injury","2","clear",false,1,"GM0546"
"20230092785",2023,"Letsel",2,"Personenauto","Fiets","Frontaal","Kruispunt, 4 takken",50,"Brandend","Duisternis","Regen",\N,"600803703","Orpheuslaan","Eindhoven","Eindhoven","Noord-Brabant",false,51.45739,5.488994,"injury","2","rain",false,1,"GM0772"
"20230097389",2023,"Letsel",3,"Personenauto","e-bike","Onbekend","Rotonde",50,"Niet brandend","Daglicht","Droog",\N,\N,"Rijnstraat","IJmuiden","Velsen","Noord-Holland",false,52.455364,4.607179,"injury","2","clear",false,1,"GM0453"
"20230086923",2023,"Letsel",2,"Personenauto","Fiets","Onbekend","Kruispunt, 3 takken",50,"Niet brandend","Daglicht","Droog",\N,\N,"Schenkkade","'s-Gravenhage","'s-Gravenhage","Zuid-Holland",false,52.083928,4.348429,"injury","2","clear",false,1,"GM0518"
"20230089834",2023,"Letsel",2,"Bromfiets","Fiets","Frontaal","Rechte weg",80,"Niet aanwezig","Duisternis","Droog",\N,"600597475","Provincialeweg","Noordeloos","Molenlanden","Zuid-Holland",false,51.89792,4.964605,"injury","2","clear",false,1,"GM1978"
"20230062235",2023,"Uitsluitend materiele schade",3,"Personenauto","Fiets","Los voorwerp","Kruispunt, 3 takken",60,"Niet brandend","Daglicht","Droog",\N,\N,"Eijsendaalweg","Meerssen","Meerssen","Limburg",false,50.881388,5.766292,"material damage only","4","clear",false,1,"GM0938"
"20220006747",2022,"Letsel",2,"Fiets","Fiets","Geparkeerd voertuig","Bocht",30,"Brandend","Duisternis","Droog","Parkeervoorziening","600611354","Thorbeckelaan","Barneveld","Barneveld","Gelderland",false,52.149084,5.569687,"injury","2","clear",false,1,"GM0203"
"20220006789",2022,"Letsel",2,"Personenauto","Fiets","Flank","Rotonde",50,"Brandend","Schemer","Droog",\N,\N,"Mastenbroekerallee","Zwolle","Zwolle","Overijssel",false,52.539,6.059815,"injury","2","clear",false,1,"GM0193"
"20220006805",2022,"Letsel",2,"Personenauto","e-bike","Onbekend",\N,30,\N,"Duisternis",\N,\N,"447272011","Oranjestraat","Silvolde","Oude IJsselstreek","Gelderland",false,51.912691,6.387727,"injury","2","unknown",false,1,"GM1509"
"20220007351",2022,"Uitsluitend materiele schade",2,"Personenauto","Fiets","Flank","Kruispunt, 4 takken",50,"Niet brandend","Daglicht",\N,\N,\N,"Industrieplein","Hengelo","Hengelo (O)","Overijssel",false,52.261504,6.792087,"material damage only","4","unknown",false,1,\N
"20220007085",2022,"Uitsluitend materiele schade",4,"Personenauto","Fiets","Onbekend","Kruispunt, 4 takken",50,"Brandend","Duisternis","Droog",\N,\N,"Tooropstraat","Nijmegen","Nijmegen","Gelderland",false,51.835838,5.885958,"material damage only","4","clear",false,1,"GM0268"
"20220005900",2022,"Uitsluitend materiele schade",2,"Personenauto","Fiets","Flank","Rotonde",50,"Brandend","Duisternis","Regen",\N,\N,"Kazernestraat","Deventer","Deventer","Overijssel",false,52.252226,6.164661,"material damage only","4","rain",false,1,"GM0150"
"20220008618",2022,"Uitsluitend materiele schade",2,"Personenauto","Fiets","Onbekend","Kruispunt, 4 takken",50,"Niet brandend","Daglicht","Droog",\N,\N,"GEUZENBRUG","Emmeloord","Noordoostpolder","Flevoland",false,52.710366,5.758671,"material damage only","4","clear",false,1,"GM0171"
"20220008877",2022,"Letsel",1,"e-bike",\N,"Eenzijdig",\N,30,\N,"Schemer",\N,\N,"358449045","de Jura","Emmeloord","Noordoostpolder","Flevoland",false,52.70936,5.744314,"injury","2","unknown",false,1,"GM0171"
"20220004946",2022,"Uitsluitend materiele schade",2,"Personenauto","Fiets","Flank","Kruispunt, 3 takken",50,"Brandend","Duisternis","Droog",\N,\N,"Zwolse Binnenweg","Apeldoorn","Apeldoorn","Gelderland",false,52.224926,5.95656,"material damage only","4","clear",false,1,"GM0200"
"20220049298",2022,"Uitsluitend materiele schade",2,"Personenauto","Fiets","Flank","Kruispunt, 4 takken",30,"Niet brandend","Daglicht","Droog",\N,\N,"Varenstraat","Soest","Soest","Utrecht",false,52.167351,5.287444,"material damage only","4","clear",false,1,"GM0342"
"20220117809",2022,"Uitsluitend materiele schade",2,"Personenauto","Fiets","Flank","Kruispunt, 4 takken",50,"Niet brandend","Daglicht","Droog",\N,\N,"Lingewal","Bemmel","Lingewaard","Gelderland",false,51.910581,5.914444,"material damage only","4","clear",false,1,"GM1705"
"20220128041",2022,"Letsel",3,"Bromfiets","Fiets","Flank","Kruispunt, 4 takken",30,"Niet brandend","Daglicht","Droog",\N,\N,"Henegouwerlaan","Rotterdam","Rotterdam","Zuid-Holland",false,51.922497,4.462998,"injury","2","clear",false,1,"GM0599"
"20240001160",2024,"Letsel",2,"Personenauto","Fiets","Flank","Rotonde",50,"Brandend","Schemer","Droog",\N,\N,"M.A.de Ruijterlaan","Goes","Goes","Zeeland",false,51.500363,3.888347,"injury","2","clear",false,1,"GM0664"
"20220106852",2022,"Letsel",2,"Fiets","Personenauto","Flank","Kruispunt, 4 takken",50,"Niet brandend","Daglicht","Droog",\N,\N,"Kapellekensbaan","Capelle aan den IJssel","Capelle aan den IJssel","Zuid-Holland",false,51.952155,4.581697,"injury","2","clear",false,1,"GM0502"
"20220084263",2022,"Letsel",2,"Motor","Fiets","Flank","Kruispunt, 4 takken",50,"Niet brandend","Daglicht","Droog",\N,\N,"Verheeskade","'s-Gravenhage","'s-Gravenhage","Zuid-Holland",false,52.061742,4.315775,"injury","2","clear",false,1,"GM0518"
"20220128647",2022,"Letsel",2,"Bestelauto","e-bike","Flank","Rotonde",50,"Niet brandend","Daglicht","Droog",\N,\N,"Westlandseweg","Maassluis","Maassluis","Zuid-Holland",false,51.926761,4.245906,"injury","2","clear",false,1,"GM0556"
"20220123665",2022,"Uitsluitend materiele schade",2,"Personenauto","Fiets","Flank","Rotonde",50,"Niet brandend","Daglicht","Droog",\N,\N,"Ookmeerweg","Amsterdam","Amsterdam","Noord-Holland",false,52.362725,4.787281,"material damage only","4","clear",false,1,"GM0363"
"20230004661",2023,"Letsel",1,"Fiets",\N,"Eenzijdig",\N,50,\N,"Daglicht",\N,\N,\N,"Schoterweg","Haarlem","Haarlem","Noord-Holland",false,52.390613,4.640725,"injury","2","unknown",false,1,"GM0392"
"20230007160",2023,"Letsel",1,"Fiets",\N,"Eenzijdig",\N,50,\N,"Duisternis",\N,\N,"188303025","Schoolstraat","Zoetermeer","Zoetermeer","Zuid-Holland",false,52.0526,4.502531,"injury","2","unknown",false,1,"GM0637"
"20220076183",2022,"Letsel",2,"Fiets","Fiets","Flank","Kruispunt, 3 takken",30,"Niet brandend","Daglicht","Droog",\N,\N,"Stekkenberg","Groesbeek","Berg en Dal","Gelderland",false,51.783422,5.923182,"injury","2","clear",false,1,"GM1945"
"20220076645",2022,"Uitsluitend materiele schade",2,"Bestelauto","Fiets","Frontaal","Kruispunt, 3 takken",50,"Niet brandend","Schemer","Regen",\N,\N,"Inductorstraat","Veenendaal","Veenendaal","Utrecht",false,52.008993,5.56136,"material damage only","4","rain",false,1,"GM0345"
"20220042729",2022,"Uitsluitend materiele schade",2,"Fiets","Personenauto","Flank","Rotonde",50,"Niet brandend","Daglicht","Droog",\N,\N,"Gronausestraat","Losser","Losser","Overijssel",false,52.251742,7.00949,"material damage only","4","clear",false,1,"GM0168"
"20220062190",2022,"Uitsluitend materiele schade",2,"Personenauto","Fiets","Flank","Kruispunt, 4 takken",50,"Niet brandend","Daglicht","Droog",\N,\N,"Van Meursstraat","Rotterdam","Rotterdam","Zuid-Holland",false,51.91628,4.437046,"material damage only","4","clear",false,1,"GM0599"
"20220077720",2022,"Letsel",1,"Fiets",\N,"Eenzijdig",\N,60,\N,"Daglicht",\N,\N,"340443005","Vormtweg","Urk","Urk","Flevoland",false,52.681108,5.611677,"injury","2","unknown",false,1,"GM0184"
"20220079721",2022,"Letsel",3,"Fiets","Fiets","Onbekend","Bocht",30,"Niet brandend","Daglicht","Droog",\N,"201375012","Duinlustweg","Overveen","Bloemendaal","Noord-Holland",false,52.379842,4.589277,"injury","2","clear",false,1,"GM0377"
"20220080675",2022,"Letsel",2,"Personenauto","e-bike","Flank","Kruispunt, 4 takken",30,"Niet brandend","Daglicht","Droog",\N,\N,"Afrikanerplein","Amsterdam","Amsterdam","Noord-Holland",false,52.352435,4.917808,"injury","2","clear",false,1,"GM0363"
"20220084771",2022,"Uitsluitend materiele schade",2,"Personenauto","Fiets","Flank","Rotonde",50,"Niet brandend","Daglicht","Droog",\N,\N,"Slotlaan","Capelle aan den IJssel","Capelle aan den IJssel","Zuid-Holland",false,51.924752,4.581532,"material damage only","4","clear",false,1,"GM0502"
"20220091086",2022,"Uitsluitend materiele schade",2,"Personenauto","e-bike","Flank","Bocht",60,"Niet brandend","Daglicht",\N,\N,\N,"Leropperweg","Roermond","Roermond","Limburg",false,51.178813,5.981569,"material damage only","4","unknown",false,1,"GM0957"
"20220059286",2022,"Letsel",1,"Fiets",\N,"Eenzijdig","Rechte weg",50,"Niet brandend","Daglicht","Droog",\N,"175301111","Molenaar Blonkweg","Nootdorp","Pijnacker-Nootdorp","Zuid-Holland",false,52.040563,4.409354,"injury","2","clear",false,1,"GM1926"
"20220071584",2022,"Uitsluitend materiele schade",2,"Fiets","e-bike","Flank","Rechte weg",30,"Niet brandend","Daglicht","Droog",\N,\N,"Berglaan","Drachten","Smallingerland","Friesland",false,53.103677,6.101587,"material damage only","4","clear",false,1,"GM0090"
"20220078277",2022,"Letsel",2,"Personenauto","Fiets","Flank","Kruispunt, 4 takken",50,"Niet brandend","Daglicht","Droog",\N,\N,"Vleutenseweg","Utrecht","Utrecht","Utrecht",false,52.093497,5.096816,"injury","2","clear",false,1,"GM0344"
"20220079132",2022,"Letsel",2,"Fiets","Fiets","Frontaal","Rechte weg",60,"Niet aanwezig","Duisternis","Droog",\N,"233530006","Waalderweg","De Waal","Texel","Noord-Holland",false,53.06948,4.812121,"injury","2","clear",false,1,"GM0448"
"20220082706",2022,"Uitsluitend materiele schade",2,"Personenauto","Fiets","Flank","Kruispunt, 4 takken",50,"Niet brandend","Daglicht","Droog",\N,\N,"1e Tochtweg","Nieuwerkerk aan den IJssel","Zuidplas","Zuid-Holland",false,51.988998,4.600875,"material damage only","4","clear",false,1,"GM1892"
"20220108314",2022,"Letsel",2,"Bromfiets","Fiets","Onbekend","Rechte weg",80,"Niet brandend","Daglicht","Droog",\N,"107177015","A58","Kapelle","Kapelle","Zeeland",false,51.476491,3.934026,"injury","2","clear",false,1,"GM0678"
"20220108320",2022,"Letsel",2,"Personenauto","Fiets","Flank","Kruispunt, 3 takken",50,"Niet brandend","Daglicht","Droog",\N,\N,"Ringdijk","Ridderkerk","Ridderkerk","Zuid-Holland",false,51.895511,4.583441,"injury","2","clear",false,1,"GM0597"
"20220108441",2022,"Letsel",2,"Fiets","Voetganger","Voetganger","Rechte weg",\N,"Niet brandend","Daglicht","Droog",\N,"600532416","Coolsingel","Rotterdam","Rotterdam","Zuid-Holland",false,51.921891,4.478843,"injury","2","clear",false,1,"GM0599"
"20220013527",2022,"Uitsluitend materiele schade",2,"Bromfiets","Fiets","Frontaal","Kruispunt, 4 takken",30,"Niet brandend","Schemer","Droog",\N,\N,"Stationsweg","IJmuiden","Velsen","Noord-Holland",false,52.461519,4.629742,"material damage only","4","clear",false,1,"GM0453"
"20220022636",2022,"Letsel",3,"Personenauto","Fiets","Onbekend","Kruispunt, 4 takken",60,"Niet brandend","Daglicht","Droog",\N,\N,"Bommelskoussedijk","Klaaswaal","Hoeksche Waard","Zuid-Holland",false,51.75992,4.444412,"injury","2","clear",false,1,"GM1963"