"accident_id","year","severity_raw","party_count","party1_type","party2_type","accident_type","road_situation","speed_limit_kmh","road_lighting","light_condition_label","weather_raw","infra_type","road_segment_id","street_name","place_name","gemeente_name_raw","province","alcohol_indicated","latitude","longitude","severity_label","severity_code","weather_label","built_up_area","cyclists_involved","gemeente_code"
"20220059414",2022,"Uitsluitend materiele schade",1,"Fiets",\N,"Eenzijdig","Rechte weg",50,"Niet brandend","Daglicht","Droog",\N,"600610043","Wassenaarseweg","Leiden","Leiden","Zuid-Holland",false,52.169981,4.460279,"material damage only","4","clear",false,1,"GM0546"
"20220068345",2022,"Uitsluitend materiele schade",2,"Personenauto","Fiets","Flank","Kruispunt, 4 takken",50,"Brandend","Daglicht","Droog",\N,\N,"Breukelsestraat","Boxtel","Boxtel","Noord-Brabant",false,51.587939,5.316742,"material damage only","4","clear",false,1,"GM0757"
"20220092088",2022,"Letsel",2,"Bestelauto","Fiets","Flank","Kruispunt, 4 takken",50,"Niet brandend","Daglicht","Droog","Brug/viaduct",\N,"van Stolbergweg","Veendam","Veendam","Groningen",false,53.101156,6.885007,"injury","2","clear",false,1,"GM0047"
"20220110767",2022,"Letsel",3,"Snorfiets","Fiets","Kop/staart","Kruispunt, 3 takken",\N,"Niet brandend","Daglicht","Droog",\N,\N,"Wegedoornpage","Breda","Breda","Noord-Brabant",false,51.588127,4.749152,"injury","2","clear",false,1,"GM0758"
"20220111341",2022,"Uitsluitend materiele schade",2,"Personenauto","e-bike","Flank","Kruispunt, 4 takken",30,"Niet brandend","Daglicht","Droog",\N,\N,"Braspenninglaan","'s-Hertogenbosch","'s-Hertogenbosch","Noord-Brabant",false,51.732694,5.287961,"material damage only","4","clear",false,1,"GM0796"
"20220013583",2022,"Uitsluitend materiele schade",2,"Bromfiets","Fiets","Onbekend","Rechte weg",50,"Niet brandend","Daglicht","Droog",\N,"224431174","Korte Vondelstraat","Alkmaar","Alkmaar","Noord-Holland",false,52.627088,4.753309,"material damage only","4","clear",false,1,"GM0361"
"20220016754",2022,"Uitsluitend materiele schade",2,"Personenauto","e-bike","Flank","Kruispunt, 4 takken",50,"Niet brandend","Daglicht","Droog",\N,\N,"Wibautstraat","Amsterdam","Amsterdam","Noord-Holland",false,52.35751,4.910081,"material damage only","4","clear",false,1,"GM0363"
"20220035628",2022,"Letsel",2,"e-bike","Voetganger","Voetganger","Rechte weg",\N,"Niet brandend","Daglicht","Droog",\N,"600370619","Barteljorisstraat","Haarlem","Haarlem","Noord-Holland",false,52.382588,4.63524,"injury","2","clear",false,1,"GM0392"
"20220041541",2022,"Uitsluitend materiele schade",2,"Bestelauto","Fiets","Flank","Kruispunt, 4 takken",50,"Niet brandend","Daglicht","Droog",\N,\N,"Protonstraat","Groningen","Groningen","Groningen",false,53.216382,6.530532,"material damage only","4","clear",false,1,"GM0014"
"20220049441",2022,"Uitsluitend materiele schade",2,"Snorfiets","Fiets","Frontaal","Kruispunt, 4 takken",30,"Niet brandend","Daglicht","Harde windstoten",\N,\N,"Stieltjesstraat","Utrecht","Utrecht","Utrecht",false,52.099407,5.124694,"material damage only","4","unknown",false,1,"GM0344"
"20220058301",2022,"Letsel",2,"Bromfiets","Fiets","Eenzijdig","Rechte weg",50,"Niet aanwezig","Daglicht","Droog",\N,"600255335","Sirtemastraat","'s-Gravenhage","'s-Gravenhage","Zuid-Holland",false,52.07559,4.29742,"injury","2","clear",false,1,"GM0518"
"20220080011",2022,"Letsel",2,"Personenauto","e-bike","Onbekend","Kruispunt, 4 takken",50,"Niet brandend","Daglicht","Droog",\N,\N,"Jan Gijzenkade","Haarlem","Haarlem","Noord-Holland",false,52.409949,4.651176,"injury","2","clear",false,1,"GM0392"
"20220080954",2022,"Uitsluitend materiele schade",2,"Personenauto","Fiets","Flank","Kruispunt, 4 takken",50,"Niet brandend","Daglicht","Droog",\N,\N,"Jan Evertsenstraat","Amsterdam","Amsterdam","Noord-Holland",false,52.370034,4.85017,"material damage only","4","clear",false,1,"GM0363"
"20220086283",2022,"Letsel",2,"Fiets","Personenauto","Flank","Rechte weg",60,"Niet aanwezig","Daglicht","Droog",\N,\N,"Kandelaarweg","Rotterdam","Rotterdam","Zuid-Holland",false,51.964667,4.391398,"injury","2","clear",false,1,"GM0599"
"20220093861",2022,"Uitsluitend materiele schade",2,"Personenauto","Fiets","Flank","Kruispunt, 4 takken",80,"Niet brandend","Daglicht","Droog",\N,\N,"Bingerdensedijk","Giesbeek","Zevenaar","Gelderland",false,51.993494,6.079776,"material damage only","4","clear",false,1,"GM0299"
"20220111711",2022,"Uitsluitend materiele schade",2,"Fiets","Overig vast object","Vast voorwerp","Kruispunt, 3 takken",30,"Niet brandend","Daglicht","Droog",\N,\N,"Hertog Karellaan","Cuijk","Land van Cuijk","Noord-Brabant",false,51.720352,5.880382,"material damage only","4","clear",false,1,"GM1982"
"20220023012",2022,"Letsel",1,"Fiets",\N,"Eenzijdig",\N,\N,\N,"Duisternis",\N,\N,"138258008","Oostdijk","Hellevoetsluis","Voorne aan Zee","Zuid-Holland",false,51.842874,4.14141,"injury","2","unknown",false,1,"GM1992"
"20220062497",2022,"Letsel",2,"Snorfiets","Fiets","Frontaal","Kruispunt, 3 takken",\N,"Niet brandend","Daglicht","Droog",\N,\N,"Gaddijk","Spijkenisse","Nissewaard","Zuid-Holland",false,51.840124,4.351518,"injury","2","clear",false,1,"GM1930"
"20220065656",2022,"Letsel",3,"Bus","Fiets","Onbekend","Rechte weg",80,"Niet aanwezig","Daglicht","Droog",\N,"104162001","Kerkepolderweg","Baarland","Borsele","Zeeland",false,51.414324,3.909029,"injury","2","clear",false,1,"GM0654"
"20220087940",2022,"Uitsluitend materiele schade",2,"Personenauto","Fiets","Flank","Rechte weg",50,"Niet brandend","Daglicht",\N,\N,"600938391","Fellenoordstraat","Breda","Breda","Noord-Brabant",false,51.585017,4.768123,"material damage only","4","unknown",false,1,"GM0758"
"20220113968",2022,"Letsel",3,"Personenauto","Fiets","Onbekend","Rotonde",50,"Niet brandend","Daglicht","Droog",\N,\N,"Van Banninglaan","Geleen","Sittard-Geleen","Limburg",false,50.976306,5.845941,"injury","2","clear",false,1,"GM1883"
"20220025693",2022,"Letsel",2,"Personenauto","Fiets","Flank","Rechte weg",50,"Brandend","Duisternis","Droog",\N,"175182001","Huijbergseweg","Roosendaal","Roosendaal","Noord-Brabant",false,51.51008,4.422273,"injury","2","clear",false,1,"GM1674"
"20220052732",2022,"Letsel",2,"Fiets","Personenauto","Flank","Rechte weg",50,"Niet brandend","Daglicht","Droog",\N,"600937934","Zanddijk","Julianadorp","Den Helder","Noord-Holland",false,52.897096,4.715432,"injury","2","clear",false,1,"GM0400"
"20220059618",2022,"Letsel",2,"Personenauto","Fiets","Geparkeerd voertuig","Rechte weg",50,"Brandend","Duisternis","Droog",\N,"170294022","Oostsingel","Delft","Delft","Zuid-Holland",false,52.011133,4.369543,"injury","2","clear",false,1,"GM0503"
"20220078725",2022,"Letsel",2,"Personenauto","Fiets","Flank","Kruispunt, 4 takken",50,"Niet brandend","Daglicht","Droog",\N,\N,"Persijnlaan","Purmerend","Purmerend","Noord-Holland",false,52.489843,4.965012,"injury","2","clear",false,1,"GM0439"
"20220109696",2022,"Letsel",2,"Bestelauto","Fiets","Onbekend","Kruispunt, 4 takken",30,"Niet brandend","Daglicht","Droog",\N,\N,"Trouwlaan","Tilburg","Tilburg","Noord-Brabant",false,51.54519,5.077547,"injury","2","clear",false,1,"GM0855"
"20220104650",2022,"Letsel",2,"Personenauto","Fiets","Flank","Kruispunt, 3 takken",50,"Niet brandend","Daglicht","Droog",\N,\N,"Wassenaarseweg","Leiden","Leiden","Zuid-Holland",false,52.170527,4.456275,"injury","2","clear",false,1,"GM0546"
"20220104720",2022,"Letsel",2,"Personenauto","Fiets","Flank","Rotonde",50,"Niet brandend","Daglicht","Droog",\N,\N,"Kanaalstraat","Waddinxveen","Waddinxveen","Zuid-Holland",false,52.044613,4.654172,"injury","2","clear",false,1,"GM0627"
"20220105642",2022,"Letsel",1,"Fiets",\N,"Eenzijdig","Bocht",30,"Niet brandend","Daglicht","Droog",\N,"600921690","Noorderstraat","Leiden","Leiden","Zuid-Holland",false,52.163136,4.499179,"injury","2","clear",false,1,"GM0546"
"20220105436",2022,"Letsel",1,"Fiets",\N,"Eenzijdig","Rechte weg",\N,"Niet brandend","Daglicht","Droog",\N,\N,"Zuidwaarts","Zoetermeer","Zoetermeer","Zuid-Holland",false,52.060179,4.493698,"injury","2","clear",false,1,"GM0637"
"20220106180",2022,"Letsel",2,"Bestelauto","e-bike","Onbekend","Kruispunt, 4 takken",50,"Niet brandend","Daglicht","Droog",\N,\N,"Ericapark","Alphen aan den Rijn","Alphen aan den Rijn","Zuid-Holland",false,52.147249,4.682326,"injury","2","clear",false,1,"GM0484"
"20220094874",2022,"Letsel",1,"e-bike",\N,"Eenzijdig","Rechte weg",\N,"Niet brandend","Daglicht","Droog",\N,"600888211","Bentheimerstraat","de Lutte","Losser","Overijssel",false,52.319736,6.977361,"injury","2","clear",false,1,"GM0168"
"20220029987",2022,"Uitsluitend materiele schade",2,"Bestelauto","Fiets","Onbekend","Rotonde",50,"Niet aanwezig","Daglicht","Droog",\N,\N,"Rijksweg","Maastricht","Maastricht","Limburg",false,50.833579,5.727202,"material damage only","4","clear",false,1,"GM0935"
"20220041914",2022,"Letsel",2,"Bromfiets","Fiets","Frontaal","Rechte weg",30,"Niet brandend","Daglicht","Droog",\N,\N,"Asingastraat","Groningen","Groningen","Groningen",false,53.231888,6.562702,"injury","2","clear",false,1,"GM0014"
"20220046990",2022,"Uitsluitend materiele schade",2,"e-bike","Bestelauto","Flank","Kruispunt, 3 takken",30,"Niet brandend","Daglicht","Droog",\N,\N,"Dorpsplein","Westervoort","Westervoort","Gelderland",false,51.962211,5.969277,"material damage only","4","clear",false,1,"GM0293"
"20220059707",2022,"Letsel",1,"Fiets",\N,"Eenzijdig","Rechte weg",50,"Niet brandend","Daglicht","Droog",\N,"600902861","Prinses Mariannelaan","Voorburg","Leidschendam-Voorburg","Zuid-Holland",false,52.060994,4.345964,"injury","2","clear",false,1,"GM1916"
"20220067473",2022,"Uitsluitend materiele schade",2,"Scootmobiel","Fiets","Onbekend","Rechte weg",30,"Niet brandend","Daglicht","Droog",\N,\N,"Weth van den Eijndenstr","Geldrop","Geldrop-Mierlo","Noord-Brabant",false,51.421519,5.57309,"material damage only","4","clear",false,1,"GM1771"
"20220094475",2022,"Letsel",2,"Motor","Fiets","Voetganger","Rechte weg",50,"Niet brandend","Daglicht","Droog",\N,\N,"Goorsteeg","Ede","Ede","Gelderland",false,52.074506,5.644476,"injury","2","clear",false,1,"GM0228"
"20220107051",2022,"Letsel",1,"Fiets",\N,"Eenzijdig",\N,50,\N,"Daglicht",\N,\N,"171277096","Zwaluwlaan","Schiedam","Schiedam","Zuid-Holland",false,51.934178,4.3776,"injury","2","unknown",false,1,"GM0606"
"20220020693",2022,"Letsel",2,"Personenauto","Fiets","Flank","Rechte weg",50,"Brandend","Daglicht","Droog",\N,"169307062","Parkweg","Voorburg","Leidschendam-Voorburg","Zuid-Holland",false,52.069817,4.365282,"injury","2","clear",false,1,"GM1916"
"20220034425",2022,"Uitsluitend materiele schade",2,"Snorfiets","Fiets","Onbekend","Rechte weg",30,"Brandend","Duisternis","Droog",\N,"274311024","Maliesingel","Utrecht","Utrecht","Utrecht",false,52.091165,5.127763,"material damage only","4","clear",false,1,"GM0344"
"20220036487",2022,"Letsel",1,"Fiets",\N,"Eenzijdig","Rechte weg",30,"Niet brandend","Daglicht","Droog",\N,"162314047","Van Maudricstraat","'s-Gravenhage","'s-Gravenhage","Zuid-Holland",false,52.098917,4.311782,"injury","2","clear",false,1,"GM0518"
"20220045646",2022,"Letsel",1,"Fiets",\N,"Eenzijdig","Rechte weg",30,"Niet brandend","Daglicht","Droog",\N,"600610369","Jacobsrietweg","Enschede","Enschede","Overijssel",false,52.187986,6.845999,"injury","2","clear",false,1,"GM0153"
"20220070675",2022,"Uitsluitend materiele schade",2,"Personenauto","Fiets","Flank","Rechte weg",50,"Niet brandend","Daglicht","Droog",\N,"455508004","Kanaalweg","Bovensmilde","Midden-Drenthe","Drenthe",false,52.973663,6.471241,"material damage only","4","clear",false,1,"GM1731"
"20220085549",2022,"Uitsluitend materiele schade",2,"Bestelauto","Fiets","Flank","Kruispunt, 4 takken",50,"Niet brandend","Daglicht","Droog",\N,\N,"Linker Rottekade","Rotterdam","Rotterdam","Zuid-Holland",false,51.930051,4.486422,"material damage only","4","clear",false,1,"GM0599"
"20220085613",2022,"Letsel",2,"Fiets","Fiets","Kop/staart","Rechte weg",\N,"Niet brandend","Daglicht","Droog",\N,"600924902","Amnesty Internationalln","Hellevoetsluis","Voorne aan Zee","Zuid-Holland",false,51.834303,4.133719,"injury","2","clear",false,1,"GM1992"
"20220098483",2022,"Uitsluitend materiele schade",2,"Fiets","Personenauto","Onbekend",\N,30,\N,"Daglicht",\N,\N,\N,"Randstad 22","Almere","Almere","Flevoland",false,52.378369,5.226632,"material damage only","4","unknown",false,1,"GM0034"
"20220100231",2022,"Letsel",3,"Dier","Fiets","Dier","Rechte weg",30,"Niet brandend","Daglicht","Droog",\N,"204393100","Maasstraat","IJmuiden","Velsen","Noord-Holland",false,52.453952,4.610483,"injury","2","clear",false,1,"GM0453"
"20220010438",2022,"Uitsluitend materiele schade",2,"Personenauto","Fiets","Flank","Rotonde",60,"Brandend","Daglicht","Droog",\N,\N,"Noodweg","Hilversum","Hilversum","Noord-Holland",false,52.183186,5.176482,"material damage only","4","clear",false,1,"GM0402"
"20220061511",2022,"Letsel",2,"Personenauto","Fiets","Flank","Rotonde",50,"Niet brandend","Daglicht","Droog",\N,\N,"Stadspolderring","Dordrecht","Dordrecht","Zuid-Holland",false,51.80282,4.719483,"injury","2","clear",false,1,"GM0505"
"20220082506",2022,"Uitsluitend materiele schade",2,"Personenauto","Fiets","Onbekend","Rotonde",50,"Niet brandend","Daglicht","Droog",\N,\N,"Beresteinlaan","'s-Gravenhage","'s-Gravenhage","Zuid-Holland",false,52.040638,4.256086,"material damage only","4","clear",false,1,"GM0518"
"20220102028",2022,"Uitsluitend materiele schade",3,"Personenauto","Fiets","Los voorwerp","Rechte weg",30,"Brandend","Duisternis","Droog",\N,"243372049","Herengracht","Amsterdam","Amsterdam","Noord-Holland",false,52.3648,4.896955,"material damage only","4","clear",false,1,"GM0363"
"20220051494",2022,"Letsel",2,"Fiets","Personenauto","Flank","Rechte weg",50,"Niet brandend","Daglicht","Droog",\N,"214401132","Laan van Archeologie","Beverwijk","Beverwijk","Noord-Holland",false,52.491562,4.685793,"injury","2","clear",false,1,"GM0375"
"20220098991",2022,"Letsel",3,"Fiets","Fiets","Flank","Rechte weg",30,"Niet brandend","Daglicht","Droog",\N,"600777975","Nachtegaalstraat","Utrecht","Utrecht","Utrecht",false,52.092139,5.13041,"injury","2","clear",false,1,"GM0344"
"20220100823",2022,"Uitsluitend materiele schade",3,"Personenauto","Fiets","Onbekend","Rechte weg",50,"Niet brandend","Daglicht","Droog",\N,"600772475","Maelsonstraat","Hoorn","Hoorn","Noord-Holland",false,52.646533,5.052551,"material damage only","4","clear",false,1,"GM0405"
"20220100835",2022,"Letsel",2,"e-bike","Personenauto","Flank","Kruispunt, 3 takken",30,"Niet brandend","Daglicht","Droog",\N,\N,"Bovenweg","Sint Pancras","Dijk en Waard","Noord-Holland",false,52.652321,4.779751,"injury","2","clear",false,1,"GM1980"
"20220040675",2022,"Letsel",2,"Personenauto","Fiets","Flank","Kruispunt, 4 takken",50,"Niet brandend","Daglicht","Droog",\N,\N,"FIETSPAD","Groningen","Groningen","Groningen",false,53.192804,6.562414,"injury","2","clear",false,1,"GM0014"
"20220053289",2022,"Letsel",2,"Personenauto","Fiets","Flank","Rechte weg",50,"Niet brandend","Daglicht","Droog",\N,"600744462","Boerhaavelaan","Haarlem","Haarlem","Noord-Holland",false,52.367779,4.662324,"injury","2","clear",false,1,"GM0392"
"20220054706",2022,"Uitsluitend materiele schade",2,"Snorfiets","Fiets","Flank","Rechte weg",\N,"Brandend","Schemer","Droog",\N,"600893192","Slotermeerlaan","Amsterdam","Amsterdam","Noord-Holland",false,52.374793,4.818541,"material damage only","4","clear",false,1,"GM0363"
"20220057640",2022,"Letsel",1,"e-bike",\N,"Eenzijdig","Rechte weg",30,"Niet brandend","Daglicht","Droog",\N,"154296054","Lange Wateringkade","Kwintsheul","Westland","Zuid-Holland",false,52.015931,4.256591,"injury","2","clear",false,1,"GM1783"
"20220063104",2022,"Letsel",2,"Personenauto","Fiets","Frontaal","Rechte weg",30,"Niet brandend","Daglicht","Droog",\N,"600718718","Watersportweg","Vlaardingen","Vlaardingen","Zuid-Holland",false,51.919801,4.336353,"injury","2","clear",false,1,"GM0622"
"20220088607",2022,"Uitsluitend materiele schade",2,"Personenauto","Fiets","Onbekend","Rotonde",50,"Niet brandend","Daglicht","Droog",\N,\N,"Ringweg","Best","Best","Noord-Brabant",false,51.509124,5.377932,"material damage only","4","clear",false,1,"GM0753"
"20220099392",2022,"Uitsluitend materiele schade",2,"Personenauto","Fiets","Flank","Rotonde",50,"Brandend","Duisternis","Droog",\N,\N,"Doctor van den Berglaan","Mijdrecht","De Ronde Venen","Utrecht",false,52.213837,4.861932,"material damage only","4","clear",false,1,"GM0736"
"20220102302",2022,"Uitsluitend materiele schade",3,"Fiets","Personenauto","Onbekend","Kruispunt, 3 takken",30,"Niet brandend","Daglicht","Droog",\N,\N,"Acacialaan","Amstelveen","Amstelveen","Noord-Holland",false,52.293122,4.852071,"material damage only","4","clear",false,1,"GM0362"
"20220103727",2022,"Letsel",2,"Fiets","Fiets","Flank","Rotonde",50,"Niet brandend","Daglicht","Droog",\N,\N,"Westlandseweg","Delft","Delft","Zuid-Holland",false,52.001581,4.342565,"injury","2","clear",false,1,"GM0503"
"20220106206",2022,"Letsel",2,"Fiets","Fiets","Onbekend","Rechte weg",60,"Brandend","Duisternis","Droog",\N,"600528170","Zwethlaan","Honselersdijk","Westland","Zuid-Holland",false,52.003213,4.250806,"injury","2","clear",false,1,"GM1783"
"20220040838",2022,"Letsel",2,"Personenauto","Fiets","Flank","Kruispunt, 4 takken",50,"Niet brandend","Daglicht","Droog",\N,\N,"Sperwerlaan","Hoogeveen","Hoogeveen","Drenthe",false,52.715472,6.498921,"injury","2","clear",false,1,"GM0118"
"20220069479",2022,"Uitsluitend materiele schade",3,"Personenauto","Fiets","Los voorwerp","Rechte weg",50,"Niet brandend","Daglicht","Droog",\N,"376069017","Parallelweg","Sittard","Sittard-Geleen","Limburg",false,51.003607,5.860392,"material damage only","4","clear",false,1,"GM1883"
"20220102479",2022,"Uitsluitend materiele schade",1,"e-bike",\N,"Flank","Rechte weg",30,"Niet brandend","Daglicht","Droog",\N,"240371088","Vondelpark","Amsterdam","Amsterdam","Noord-Holland",false,52.359298,4.873837,"material damage only","4","clear",false,1,"GM0363"
"20220103003",2022,"Uitsluitend materiele schade",2,"Bromfiets","Fiets","Kop/staart","Rechte weg",30,"Niet brandend","Daglicht","Droog",\N,"234369069","Plesmanlaan","Amsterdam","Amsterdam","Noord-Holland",false,52.35143,4.833026,"material damage only","4","clear",false,1,"GM0363"
"20220103247",2022,"Uitsluitend materiele schade",2,"Personenauto","Fiets","Flank","Kruispunt, 4 takken",50,"Niet brandend","Daglicht","Droog",\N,\N,"Donauweg","Amsterdam","Amsterdam","Noord-Holland",false,52.39378,4.835571,"material damage only","4","clear",false,1,"GM0363"
"20220103899",2022,"Letsel",2,"Personenauto","e-bike","Flank","Kruispunt, 4 takken",50,"Niet brandend","Daglicht","Droog",\N,\N,"Pierre van Hauwelaan","Delft","Delft","Zuid-Holland",false,51.996516,4.35024,"injury","2","clear",false,1,"GM0503"
"20220106229",2022,"Letsel",2,"Personenauto","e-bike","Flank","Rotonde",50,"Niet brandend","Daglicht","Droog",\N,\N,"'s-Gravendijckseweg","Noordwijk","Noordwijk","Zuid-Holland",false,52.211991,4.437346,"injury","2","clear",false,1,"GM0575"
"20220107106",2022,"Letsel",2,"Personenauto","Fiets","Flank","Rechte weg",50,"Niet brandend","Daglicht","Droog",\N,"600731903","Bergse Linker Rottekade","Rotterdam","Rotterdam","Zuid-Holland",false,51.959751,4.518568,"injury","2","clear",false,1,"GM0599"
"20220053393",2022,"Uitsluitend materiele schade",2,"Personenauto","Fiets","Flank","Rotonde",50,"Niet aanwezig","Daglicht","Droog",\N,\N,"Oosttangent","Heerhugowaard","Dijk en Waard","Noord-Holland",false,52.662961,4.850737,"material damage only","4","clear",false,1,"GM1980"
"20220060174",2022,"Uitsluitend materiele schade",2,"Personenauto","Fiets","Frontaal","Kruispunt, 4 takken",30,"Niet brandend","Daglicht","Droog",\N,\N,"Breitnerlaan","'s-Gravenhage","'s-Gravenhage","Zuid-Holland",false,52.094872,4.330966,"material damage only","4","clear",false,1,"GM0518"
"20220068052",2022,"Uitsluitend materiele schade",2,"Fiets","Fiets","Onbekend","Rechte weg",50,"Niet brandend","Daglicht",\N,\N,"293155004","Dominépad","Hoogeloon","Bladel","Noord-Brabant",false,51.385012,5.275108,"material damage only","4","unknown",false,1,"GM1728"
"20220103324",2022,"Uitsluitend materiele schade",2,"Bromfiets","Fiets","Kop/staart","Rechte weg",\N,"Niet aanwezig","Daglicht","Droog",\N,"230373053","Troelstralaan","Amsterdam","Amsterdam","Noord-Holland",false,52.369559,4.800444,"material damage only","4","clear",false,1,"GM0363"
"20220108422",2022,"Uitsluitend materiele schade",2,"Fiets","Dier","Dier","Kruispunt, 4 takken",15,"Brandend","Duisternis",\N,\N,\N,"Hoogstraat","Schiedam","Schiedam","Zuid-Holland",false,51.916796,4.397341,"material damage only","4","unknown",false,1,"GM0606"
"20220110028",2022,"Uitsluitend materiele schade",2,"Bestelauto","Fiets","Flank","Kruispunt, 3 takken",30,"Niet brandend","Daglicht","Droog",\N,\N,"Nieuwe Es","Sleeuwijk","Altena","Noord-Brabant",false,51.812942,4.944169,"material damage only","4","clear",false,1,"GM1959"
"20220110176",2022,"Uitsluitend materiele schade",2,"Fiets","Bromfiets","Frontaal","Rechte weg",\N,"Niet brandend","Daglicht","Droog",\N,"600894260","Heuvelring","Tilburg","Tilburg","Noord-Brabant",false,51.559014,5.090966,"material damage only","4","clear",false,1,"GM0855"
"20220110301",2022,"Uitsluitend materiele schade",2,"Personenauto","Fiets","Flank","Kruispunt, 3 takken",\N,"Niet brandend","Daglicht","Droog",\N,\N,"Romboutsstraat","Made","Drimmelen","Noord-Brabant",false,51.672752,4.784534,"material damage only","4","clear",false,1,"GM1719"
"20220019276",2022,"Letsel",1,"Fiets",\N,"Eenzijdig","Rechte weg",30,"Brandend","Duisternis","Droog","Brug/viaduct","221294140","Voorwillenseweg","Gouda","Gouda","Zuid-Holland",false,52.011606,4.746842,"injury","2","clear",false,1,"GM0513"
"20220038940",2022,"Uitsluitend materiele schade",3,"Bestelauto","Fiets","Onbekend","Rechte weg",50,"Niet brandend","Daglicht","Droog",\N,"600490080","Kempenweg","Oirschot","Oirschot","Noord-Brabant",false,51.511299,5.300373,"material damage only","4","clear",false,1,"GM0823"
"20220059183",2022,"Letsel",2,"Personenauto","Fiets","Flank","Kruispunt, 3 takken",60,"Niet brandend","Daglicht","Droog",\N,\N,"Hoge Geest","Naaldwijk","Westland","Zuid-Holland",false,52.00153,4.188846,"injury","2","clear",false,1,"GM1783"
"20220063262",2022,"Uitsluitend materiele schade",2,"Personenauto","Fiets","Onbekend","Kruispunt, 3 takken",50,"Niet brandend","Daglicht","Droog",\N,\N,"Hillevliet","Rotterdam","Rotterdam","Zuid-Holland",false,51.89641,4.503878,"material damage only","4","clear",false,1,"GM0599"
"20220016052",2022,"Uitsluitend materiele schade",2,"e-bike","Personenauto","Kop/staart","Rechte weg",30,"Brandend","Duisternis","Droog",\N,"233371101","Pieter Calandlaan","Amsterdam","Amsterdam","Noord-Holland",false,52.35616,4.822928,"material damage only","4","clear",false,1,"GM0363"
"20230074967",2023,"Uitsluitend materiele schade",2,"Personenauto","Fiets","Onbekend",\N,50,\N,"Daglicht",\N,\N,"601077010","Icaruslaan","Heerhugowaard","Dijk en Waard","Noord-Holland",false,52.672896,4.835893,"material damage only","4","unknown",false,1,"GM1980"
"20230006403",2023,"Dodelijk",2,"Personenauto","Fiets","Flank","Rechte weg",50,"Niet brandend","Daglicht","Droog",\N,\N,"Jan van der Heijdenstr","Oud-Beijerland","Hoeksche Waard","Zuid-Holland",false,51.824008,4.443461,"fatal","1","clear",false,1,"GM1963"
"20230000690",2023,"Letsel",3,"Bestelauto","Fiets","Eenzijdig","Rechte weg",50,"Niet brandend","Daglicht","Droog",\N,"352566033","JH van Aismawei","Bitgummole","Waadhoeke","Friesland",false,53.234841,5.707976,"injury","2","clear",false,1,"GM1949"
"20230037811",2023,"Letsel",2,"Fiets","Fiets","Onbekend",\N,\N,\N,"Daglicht",\N,\N,"253282009","Achthoven","Lexmond","Vijfheerenlanden","Utrecht",false,51.959937,4.977922,"injury","2","unknown",false,1,"GM1961"
"20230001440",2023,"Uitsluitend materiele schade",3,"Personenauto","Fiets","Onbekend","Kruispunt, 3 takken",50,"Niet brandend","Daglicht","Droog",\N,\N,"Houtweg","Emmen","Emmen","Drenthe",false,52.789195,6.925327,"material damage only","4","clear",false,1,"GM0114"
"20230003389",2023,"Letsel",2,"Fiets","Fiets","Onbekend","Rechte weg",30,"Brandend","Schemer","Droog",\N,"207377078","Nieuwe Gracht","Haarlem","Haarlem","Noord-Holland",false,52.384741,4.637321,"injury","2","clear",false,1,"GM0392"
"20230008281",2023,"Letsel",3,"Personenauto","Fiets","Flank","Rotonde",30,"Niet brandend","Daglicht","Regen",\N,\N,"Beukenstraat","Goes","Goes","Zeeland",false,51.492712,3.89051,"injury","2","rain",false,1,"GM0664"
"20230009631",2023,"Uitsluitend materiele schade",2,"Personenauto","Fiets","Flank","Rotonde",50,"Niet brandend","Daglicht","Droog",\N,\N,"Rijksweg","Malden","Heumen","Gelderland",false,51.780132,5.853517,"material damage only","4","clear",false,1,"GM0252"
"20230001562",2023,"Uitsluitend materiele schade",2,"Personenauto","Fiets","Flank","Rechte weg",30,"Niet brandend","Daglicht","Droog",\N,"365505036","Binnenpaad","Joure","De Fryske Marren","Friesland",false,52.963323,5.800291,"material damage only","4","clear",false,1,"GM1940"
"20230003803",2023,"Uitsluitend materiele schade",2,"Personenauto","Fiets","Onbekend","Kruispunt, 4 takken",30,"Niet brandend","Daglicht","Droog",\N,\N,"Kanaalstraat","Utrecht","Utrecht","Utrecht",false,52.091043,5.097489,"material damage only","4","clear",false,1,"GM0344"
"20230002912",2023,"Letsel",2,"Personenauto","Fiets","Frontaal","Kruispunt, 4 takken",30,"Niet brandend","Daglicht",\N,\N,\N,"Monitorweg","Amersfoort","Amersfoort","Utrecht",false,52.175568,5.407719,"injury","2","unknown",false,1,"GM0307"
"20230005067",2023,"Letsel",2,"Personenauto","Fiets","Flank","Rechte weg",50,"Niet brandend","Daglicht","Droog",\N,"178334012","Valkenburgseweg","Katwijk","Katwijk","Zuid-Holland",false,52.187869,4.425499,"injury","2","clear",false,1,"GM0537"
"20230098516",2023,"Letsel",2,"Fiets",\N,"Eenzijdig",\N,30,\N,"Daglicht",\N,\N,"340214068","Burenstraat","Uden","Maashorst","Noord-Brabant",false,51.652082,5.607341,"injury","2","unknown",false,1,"GM1991"
"20230005602",2023,"Letsel",2,"Personenauto","Fiets","Flank","Kruispunt, 3 takken",50,"Niet brandend","Daglicht","Droog",\N,\N,"Parklaan","Sassenheim","Teylingen","Zuid-Holland",false,52.222661,4.521565,"injury","2","clear",false,1,"GM1525"