"accident_id","year","severity_raw","party_count","party1_type","party2_type","accident_type","road_situation","speed_limit_kmh","road_lighting","light_condition_label","weather_raw","infra_type","road_segment_id","street_name","place_name","gemeente_name_raw","province","alcohol_indicated","latitude","longitude","severity_label","severity_code","weather_label","built_up_area","cyclists_involved","gemeente_code"
"20230006122",2023,"Uitsluitend materiele schade",2,"Fiets","Personenauto","Flank","Kruispunt, 4 takken",50,"Niet brandend","Daglicht","Regen",\N,\N,"Overtoom","Amsterdam","Amsterdam","Noord-Holland",false,52.358181,4.857328,"material damage only","4","rain",false,1,"GM0363"
"20230005372",2023,"Letsel",2,"Bromfiets","Fiets","Flank","Kruispunt, 3 takken",30,"Niet brandend","Daglicht","Droog",\N,\N,"De Lierstraat","'s-Gravenhage","'s-Gravenhage","Zuid-Holland",false,52.069987,4.297963,"injury","2","clear",false,1,"GM0518"
"20230002099",2023,"Uitsluitend materiele schade",2,"Personenauto","Fiets","Onbekend","Rotonde",50,"Niet brandend","Daglicht","Regen",\N,\N,"Lunterseweg","Barneveld","Barneveld","Gelderland",false,52.133564,5.591025,"material damage only","4","rain",false,1,"GM0203"
"20230004128",2023,"Uitsluitend materiele schade",2,"Bromfiets","Fiets","Flank","Kruispunt, 4 takken",50,"Brandend","Duisternis","Regen",\N,\N,"Oostenburgervoorstraat","Amsterdam","Amsterdam","Noord-Holland",false,52.368814,4.921959,"material damage only","4","rain",false,1,"GM0363"
"20230005666",2023,"Letsel",2,"Fiets","Dier","Dier","Rechte weg",30,"Niet brandend","Daglicht","Droog",\N,"237326024","Leeuwerikstraat","Woerdense Verlaat","Nieuwkoop","Zuid-Holland",false,52.155498,4.85975,"injury","2","clear",false,1,"GM0569"
"20230008744",2023,"Letsel",1,"e-bike",\N,"Eenzijdig","Rechte weg",50,"Niet brandend","Daglicht","Regen",\N,"600500438","Kerenshofweg","Geleen","Sittard-Geleen","Limburg",false,50.971384,5.800673,"injury","2","rain",false,1,"GM1883"
"20230004757",2023,"Uitsluitend materiele schade",2,"Personenauto","Fiets","Flank","Kruispunt, 3 takken",50,"Niet brandend","Daglicht","Droog",\N,\N,"Havenstraat","Schagen","Schagen","Noord-Holland",false,52.789964,4.7911,"material damage only","4","clear",false,1,"GM0441"
"20230005220",2023,"Uitsluitend materiele schade",2,"Bestelauto","Fiets","Voetganger","Rechte weg",30,"Niet brandend","Daglicht","Droog",\N,"600716978","Lange Lombardstraat","'s-Gravenhage","'s-Gravenhage","Zuid-Holland",false,52.074422,4.304466,"material damage only","4","clear",false,1,"GM0518"
"20230006487",2023,"Letsel",2,"Fiets","Bromfiets","Flank","Rechte weg",80,"Niet brandend","Daglicht","Droog",\N,\N,"Maasdamseweg","'s-Gravendeel","Hoeksche Waard","Zuid-Holland",false,51.782695,4.597504,"injury","2","clear",false,1,"GM1963"
"20230078722",2023,"Letsel",1,"Fiets",\N,"Eenzijdig",\N,50,\N,"Daglicht",\N,\N,"601079994","Haagweg","Monster","Westland","Zuid-Holland",false,52.035841,4.186104,"injury","2","unknown",false,1,"GM1783"
"20230003090",2023,"Letsel",1,"Fiets",\N,"Eenzijdig","Rechte weg",30,"Niet brandend","Daglicht","Droog",\N,"198393025","Badweg","IJmuiden","Velsen","Noord-Holland",false,52.455757,4.572359,"injury","2","clear",false,1,"GM0453"
"20230005239",2023,"Letsel",2,"Fiets","Scootmobiel","Frontaal","Kruispunt, 4 takken",30,"Niet brandend","Daglicht","Droog",\N,\N,"Westeinde","'s-Gravenhage","'s-Gravenhage","Zuid-Holland",false,52.076489,4.303821,"injury","2","clear",false,1,"GM0518"
"20230009209",2023,"Letsel",2,"Personenauto","Fiets","Onbekend","Kruispunt, 4 takken",50,"Brandend","Schemer","Droog",\N,\N,"Cannerweg","Maastricht","Maastricht","Limburg",false,50.843895,5.678985,"injury","2","clear",false,1,"GM0935"
"20230010720",2023,"Uitsluitend materiele schade",2,"Fiets","Bestelauto","Frontaal","Rechte weg",30,"Brandend","Duisternis","Droog",\N,"380506046","Fok","Heerenveen","Heerenveen","Friesland",false,52.967078,5.911636,"material damage only","4","clear",false,1,"GM0074"
"20230005796",2023,"Letsel",2,"Motor","Fiets","Flank","Kruispunt, 3 takken",50,"Niet brandend","Daglicht","Droog",\N,\N,"Stevinstraat","'s-Gravenhage","'s-Gravenhage","Zuid-Holland",false,52.111807,4.300234,"injury","2","clear",false,1,"GM0518"
"20230009396",2023,"Uitsluitend materiele schade",2,"Personenauto","Fiets","Onbekend","Rotonde",50,"Niet brandend","Daglicht","Droog",\N,\N,"Vijverdalseweg","Maastricht","Maastricht","Limburg",false,50.851546,5.731456,"material damage only","4","clear",false,1,"GM0935"
"20230012470",2023,"Uitsluitend materiele schade",2,"Personenauto","Fiets","Flank","Rotonde",50,"Niet brandend","Daglicht","Droog","Tankstation",\N,"Stationsweg","Barneveld","Barneveld","Gelderland",false,52.153131,5.596848,"material damage only","4","clear",false,1,"GM0203"
"20230012718",2023,"Uitsluitend materiele schade",2,"e-bike","e-bike","Flank","Kruispunt, 4 takken",50,"Niet brandend","Daglicht","Droog",\N,\N,"Energieweg","Doetinchem","Doetinchem","Gelderland",false,51.964187,6.26792,"material damage only","4","clear",false,1,"GM0222"
"20230053079",2023,"Letsel",1,"Fiets",\N,"Eenzijdig",\N,30,\N,"Daglicht",\N,\N,"600975016","Sneeuwbalstraat","Vlaardingen","Vlaardingen","Zuid-Holland",false,51.916875,4.360237,"injury","2","unknown",false,1,"GM0622"
"20230037244",2023,"Uitsluitend materiele schade",2,"Personenauto","Fiets","Flank","Kruispunt, 4 takken",30,"Niet brandend","Daglicht","Droog",\N,\N,"Mazurkahof","Nieuwegein","Nieuwegein","Utrecht",false,52.040761,5.082864,"material damage only","4","clear",false,1,"GM0356"
"20240036182",2024,"Uitsluitend materiele schade",2,"Personenauto","Fiets","Flank","Kruispunt, 3 takken",50,"Niet brandend","Daglicht","Droog",\N,\N,"Walstraat","Emmen","Emmen","Drenthe",false,52.792186,6.890513,"material damage only","4","clear",false,1,"GM0114"
"20240037416",2024,"Uitsluitend materiele schade",2,"Bromfiets","Fiets","Onbekend","Kruispunt, 3 takken",50,"Niet brandend","Daglicht","Droog",\N,\N,"Alddyk","Ysbrechtum","Súdwest-Fryslân","Friesland",false,53.041189,5.624671,"material damage only","4","clear",false,1,"GM1900"
"20240046985",2024,"Letsel",2,"Personenauto","Fiets","Flank","Kruispunt, 3 takken",50,"Brandend","Duisternis","Droog",\N,\N,"Willemsweg","Nijmegen","Nijmegen","Gelderland",false,51.838038,5.84999,"injury","2","clear",false,1,"GM0268"
"20240020736",2024,"Letsel",1,"Fiets",\N,"Onbekend","Rechte weg",50,"Niet brandend","Daglicht","Droog",\N,"156286026","Burgerdijkseweg","De Lier","Westland","Zuid-Holland",false,51.972754,4.272236,"injury","2","clear",false,1,"GM1783"
"20240020862",2024,"Uitsluitend materiele schade",2,"Personenauto","e-bike","Flank","Kruispunt, 3 takken",50,"Niet brandend","Daglicht","Droog",\N,\N,"Colijnplein","'s-Gravenhage","'s-Gravenhage","Zuid-Holland",false,52.066502,4.247671,"material damage only","4","clear",false,1,"GM0518"
"20240020887",2024,"Letsel",2,"Personenauto","Fiets","Flank","Rotonde",50,"Brandend","Schemer","Droog",\N,\N,"Beresteinlaan","'s-Gravenhage","'s-Gravenhage","Zuid-Holland",false,52.040828,4.255797,"injury","2","clear",false,1,"GM0518"
"20240036220",2024,"Uitsluitend materiele schade",1,"Fiets",\N,"Onbekend","Rechte weg",50,"Niet brandend","Daglicht","Droog",\N,"409402023","Marconistraat","Zwolle","Zwolle","Overijssel",false,52.497943,6.124705,"material damage only","4","clear",false,1,"GM0193"
"20240035745",2024,"Letsel",1,"Fiets",\N,"Eenzijdig","Rotonde",30,"Niet brandend","Daglicht","Droog",\N,\N,"Overstichtlaan","Deventer","Deventer","Overijssel",false,52.270656,6.155033,"injury","2","clear",false,1,"GM0150"
"20240021002",2024,"Letsel",1,"Fiets",\N,"Eenzijdig","Rechte weg",80,"Niet brandend","Daglicht","Droog","Brug/viaduct","600253476","WEG PAR AAN RIJKSWEG","Numansdorp","Hoeksche Waard","Zuid-Holland",false,51.717633,4.402081,"injury","2","clear",false,1,"GM1963"
"20240009212",2024,"Letsel",2,"Snorfiets","Fiets","Onbekend","Kruispunt, 4 takken",50,"Brandend","Duisternis","Regen",\N,\N,"Newtonstraat","Arnhem","Arnhem","Gelderland",false,51.943508,5.894833,"injury","2","rain",false,1,"GM0202"
"20240032493",2024,"Uitsluitend materiele schade",2,"Fiets","Personenauto","Onbekend","Kruispunt, 4 takken",50,"Niet brandend","Daglicht","Droog",\N,\N,"Frans Lebretlaan","Dordrecht","Dordrecht","Zuid-Holland",false,51.802285,4.65858,"material damage only","4","clear",false,1,"GM0505"
"20240036416",2024,"Letsel",2,"Fiets","Overig wegmeubilair","Onbekend","Rotonde",50,"Niet brandend","Daglicht","Droog",\N,\N,"FIETSPAD","Huissen","Lingewaard","Gelderland",false,51.942653,5.923808,"injury","2","clear",false,1,"GM1705"
"20240039153",2024,"Letsel",2,"Bromfiets","Fiets","Frontaal","Rechte weg",50,"Niet brandend","Daglicht","Droog",\N,"279299106","Onderdoor","Houten","Houten","Utrecht",false,52.034446,5.167884,"injury","2","clear",false,1,"GM0321"
"20240039156",2024,"Uitsluitend materiele schade",4,"Trekker","Fiets","Flank","Kruispunt, 4 takken",60,"Niet brandend","Daglicht","Droog",\N,\N,"MERCURIUSWEG","Voorthuizen","Barneveld","Gelderland",false,52.170085,5.597212,"material damage only","4","clear",false,1,"GM0203"
"20240039787",2024,"Letsel",2,"Fiets","Fiets","Frontaal","Rechte weg",50,"Niet brandend","Daglicht","Droog",\N,"601046437","Sint Sebastiaansbrug","Delft","Delft","Zuid-Holland",false,52.007426,4.365815,"injury","2","clear",false,1,"GM0503"
"20240035584",2024,"Uitsluitend materiele schade",2,\N,"Fiets","Frontaal","Kruispunt, 3 takken",15,"Niet brandend","Daglicht","Droog",\N,\N,"Waterstraat","Doetinchem","Doetinchem","Gelderland",false,51.964561,6.286591,"material damage only","4","clear",false,1,"GM0222"
"20240035615",2024,"Letsel",1,"Fiets",\N,"Eenzijdig","Rechte weg",100,"Niet brandend","Daglicht","Droog","Brug/viaduct","335363009","Rijksweg A28","Harderwijk","Harderwijk","Gelderland",false,52.331408,5.593902,"injury","2","clear",false,1,"GM0243"
"20240004580",2024,"Letsel",2,"Personenauto","Fiets","Frontaal","Kruispunt, 3 takken",80,"Niet brandend","Daglicht","Droog",\N,\N,"Lollumerweg","Achlum","Waadhoeke","Friesland",false,53.166624,5.539026,"injury","2","clear",false,1,"GM1949"
"20240006872",2024,"Uitsluitend materiele schade",2,"Personenauto","Fiets","Kop/staart","Rechte weg",30,"Niet brandend","Daglicht","Droog",\N,"340356035","Herderlaan","Ermelo","Ermelo","Gelderland",false,52.29129,5.610508,"material damage only","4","clear",false,1,"GM0233"
"20240006905",2024,"Letsel",3,"Fiets","Bestelauto","Los voorwerp","Rechte weg",50,"Niet brandend","Daglicht","Droog",\N,"269268085","Spoorstraat","Leerdam","Vijfheerenlanden","Utrecht",false,51.893942,5.096242,"injury","2","clear",false,1,"GM1961"
"20240017347",2024,"Uitsluitend materiele schade",2,"Fiets","Personenauto","Flank","Rechte weg",50,"Niet brandend","Daglicht","Regen",\N,"468516033","Groningerstraat","Assen","Assen","Drenthe",false,53.006627,6.567199,"material damage only","4","rain",false,1,"GM0106"
"20240019875",2024,"Letsel",2,"Fiets","Voetganger","Voetganger","Rechte weg",30,"Niet aanwezig","Daglicht","Regen",\N,"600490103","FIETSPAD","Ommen","Ommen","Overijssel",false,52.52986,6.427453,"injury","2","rain",false,1,"GM0175"
"20240020210",2024,"Letsel",2,"Fiets","Personenauto","Flank","Rechte weg",60,"Niet brandend","Daglicht","Droog",\N,"186355003","Langevelderlaan","Noordwijk","Noordwijk","Zuid-Holland",false,52.280991,4.48886,"injury","2","clear",false,1,"GM0575"
"20240020953",2024,"Letsel",1,"Fiets",\N,"Eenzijdig","Rechte weg",30,"Niet aanwezig","Daglicht","Droog",\N,\N,"Willem de Zwijgerlaan","Alphen aan den Rijn","Alphen aan den Rijn","Zuid-Holland",false,52.135638,4.669654,"injury","2","clear",false,1,"GM0484"
"20240034595",2024,"Letsel",2,"Personenauto","Fiets","Onbekend","Kruispunt, 3 takken",30,"Niet aanwezig","Daglicht","Regen",\N,\N,"Vincent van Goghplein","Nuenen","Nuenen, Gerwen en Nederwetten","Noord-Brabant",false,51.474644,5.551705,"injury","2","rain",false,1,"GM0820"
"20240034818",2024,"Uitsluitend materiele schade",2,"Personenauto","Fiets","Flank","Kruispunt, 3 takken",50,"Niet aanwezig","Daglicht","Droog",\N,\N,"Hoogstraat","Sint-Michielsgestel","Sint-Michielsgestel","Noord-Brabant",false,51.656085,5.3664,"material damage only","4","clear",false,1,"GM0845"
"20240035061",2024,"Uitsluitend materiele schade",5,"Fiets","Fiets","Flank","Rotonde",50,"Niet brandend","Daglicht","Droog",\N,\N,"Leunseweg","Venray","Venray","Limburg",true,51.51907,5.978971,"material damage only","4","clear",false,1,"GM0984"
"20240036358",2024,"Letsel",2,"Personenauto","Fiets","Flank","Bocht",60,"Niet brandend","Daglicht","Droog",\N,"311273002","Retsestraat","Zoelen","Buren","Gelderland",false,51.92245,5.405943,"injury","2","clear",false,1,"GM0214"
"20240005761",2024,"Letsel",2,"Personenauto","Fiets","Frontaal","Kruispunt, 4 takken",50,"Niet brandend","Daglicht","Droog",\N,\N,"Wilgenlaan","Schagen","Schagen","Noord-Holland",false,52.795591,4.794554,"injury","2","clear",false,1,"GM0441"
"20220153536",2022,"Uitsluitend materiele schade",2,"Personenauto","Fiets","Flank","Kruispunt, 4 takken",30,"Niet brandend","Daglicht","Droog",\N,\N,"Willem Bontekoestraat","Almere","Almere","Flevoland",false,52.404325,5.293083,"material damage only","4","clear",false,1,"GM0034"
"20220169468",2022,"Uitsluitend materiele schade",2,"Snorfiets","Fiets","Kop/staart","Rechte weg",30,"Niet brandend","Daglicht","Droog",\N,"387341048","Koninginnelaan","Apeldoorn","Apeldoorn","Gelderland",false,52.223649,5.956145,"material damage only","4","clear",false,1,"GM0200"
"20220188449",2022,"Uitsluitend materiele schade",3,"Snorfiets","Fiets","Vast voorwerp","Kruispunt, 4 takken",50,"Brandend","Duisternis","Droog",\N,\N,"Vijversingel","Oss","Oss","Noord-Brabant",false,51.7687,5.545393,"material damage only","4","clear",false,1,"GM0828"
"20220117956",2022,"Uitsluitend materiele schade",2,"Personenauto","Fiets","Frontaal","Rechte weg",30,"Niet brandend","Daglicht","Droog",\N,"408406040","Herfterweg","Zwolle","Zwolle","Overijssel",false,52.51387,6.11218,"material damage only","4","clear",false,1,"GM0193"
"20220174644",2022,"Uitsluitend materiele schade",2,"Bromfiets","Fiets","Flank","Rechte weg",50,"Niet brandend","Daglicht","Regen",\N,\N,"Frans Halsstraat","Schagen","Schagen","Noord-Holland",false,52.790935,4.802676,"material damage only","4","rain",false,1,"GM0441"
"20220176413",2022,"Uitsluitend materiele schade",2,"Personenauto","Fiets","Onbekend",\N,\N,\N,"Daglicht",\N,\N,"600902290","Keulse Vaart","Diemen","Diemen","Noord-Holland",false,52.336115,4.971376,"material damage only","4","unknown",false,1,"GM0384"
"20220116378",2022,"Uitsluitend materiele schade",2,"Personenauto","Fiets","Flank","Kruispunt, 4 takken",\N,"Niet brandend","Daglicht","Droog",\N,\N,"Middelweg","Deventer","Deventer","Overijssel",false,52.26775,6.146353,"material damage only","4","clear",false,1,"GM0150"
"20220126673",2022,"Letsel",2,"Personenauto","e-bike","Frontaal","Rechte weg",30,"Niet brandend","Daglicht","Droog",\N,"163308047","Hoefkade","'s-Gravenhage","'s-Gravenhage","Zuid-Holland",false,52.070537,4.318351,"injury","2","clear",false,1,"GM0518"
"20220126687",2022,"Letsel",3,"Motor","Fiets","Flank","Kruispunt, 4 takken",50,"Brandend","Duisternis","Droog",\N,\N,"Nunspeetlaan","'s-Gravenhage","'s-Gravenhage","Zuid-Holland",false,52.06661,4.284933,"injury","2","clear",false,1,"GM0518"
"20220143441",2022,"Letsel",2,"Personenauto","Fiets","Flank","Rotonde",50,"Niet brandend","Daglicht","Droog",\N,\N,"Schuddebeursstraat","Zoetermeer","Zoetermeer","Zuid-Holland",false,52.062616,4.540356,"injury","2","clear",false,1,"GM0637"
"20220146566",2022,"Letsel",2,"Bromfiets","Fiets","Flank","Kruispunt, 4 takken",\N,"Niet brandend","Daglicht","Droog","Tunnel",\N,"Klipper","Barendrecht","Barendrecht","Zuid-Holland",false,51.848827,4.546939,"injury","2","clear",false,1,"GM0489"
"20220146568",2022,"Letsel",2,"Personenauto","Fiets","Flank","Kruispunt, 4 takken",30,"Niet brandend","Daglicht","Droog",\N,\N,"Hoogstraat","Nieuwpoort","Molenlanden","Zuid-Holland",false,51.935321,4.86843,"injury","2","clear",false,1,"GM1978"
"20220162611",2022,"Letsel",2,"Bestelauto","Fiets","Onbekend","Kruispunt, 3 takken",\N,"Niet brandend","Daglicht","Droog",\N,\N,"Kolhoopstraat","Emmen","Emmen","Drenthe",false,52.789337,6.895009,"injury","2","clear",false,1,"GM0114"
"20220131994",2022,"Letsel",1,"e-bike",\N,"Eenzijdig","Rechte weg",30,"Niet brandend","Daglicht","Droog","Tunnel","600790735","Polsbroek","'s-Hertogenbosch","'s-Hertogenbosch","Noord-Brabant",false,51.720989,5.307009,"injury","2","clear",false,1,"GM0796"
"20220142077",2022,"Uitsluitend materiele schade",2,"Personenauto","Fiets","Onbekend",\N,30,\N,"Daglicht",\N,\N,"242375162","Nieuwezijds Voorburgwal","Amsterdam","Amsterdam","Noord-Holland",false,52.375678,4.892909,"material damage only","4","unknown",false,1,"GM0363"
"20220147908",2022,"Letsel",2,"Personenauto","Fiets","Flank","Kruispunt, 3 takken",50,"Niet brandend","Daglicht","Droog",\N,\N,"Doornboslaan","Breda","Breda","Noord-Brabant",false,51.600141,4.790748,"injury","2","clear",false,1,"GM0758"
"20220154906",2022,"Uitsluitend materiele schade",2,"Bromfiets","e-bike","Flank","Kruispunt, 4 takken",30,"Niet brandend","Daglicht","Droog",\N,\N,"Purmersteenweg","Purmerend","Purmerend","Noord-Holland",false,52.506947,4.955219,"material damage only","4","clear",false,1,"GM0439"
"20220177593",2022,"Uitsluitend materiele schade",2,"Bromfiets","e-bike","Flank","Kruispunt, 4 takken",50,"Brandend","Duisternis","Droog",\N,\N,"Pieter Calandlaan","Amsterdam","Amsterdam","Noord-Holland",false,52.353989,4.809642,"material damage only","4","clear",false,1,"GM0363"
"20220124732",2022,"Uitsluitend materiele schade",2,"Personenauto","Fiets","Flank","Kruispunt, 4 takken",30,"Niet brandend","Daglicht","Regen",\N,\N,"Oranjeplein","'s-Gravenhage","'s-Gravenhage","Zuid-Holland",false,52.070736,4.316787,"material damage only","4","rain",false,1,"GM0518"
"20220128323",2022,"Uitsluitend materiele schade",2,"Personenauto","e-bike","Flank","Rotonde",50,"Niet brandend","Daglicht","Droog",\N,\N,"Merelstraat","Zwijndrecht","Zwijndrecht","Zuid-Holland",false,51.815739,4.617494,"material damage only","4","clear",false,1,"GM0642"
"20220138002",2022,"Uitsluitend materiele schade",2,"Personenauto","e-bike","Flank","Kruispunt, 4 takken",50,"Niet brandend","Daglicht",\N,\N,\N,"De Zonnecel","Amersfoort","Amersfoort","Utrecht",false,52.168206,5.427513,"material damage only","4","unknown",false,1,"GM0307"
"20220149530",2022,"Uitsluitend materiele schade",3,"Personenauto","Fiets","Onbekend","Rechte weg",30,"Niet brandend","Daglicht","Droog",\N,"318175051","Fransebaan","Eindhoven","Eindhoven","Noord-Brabant",false,51.480202,5.450227,"material damage only","4","clear",false,1,"GM0772"
"20220173513",2022,"Letsel",3,"e-bike","e-bike","Onbekend","Rechte weg",30,"Niet brandend","Daglicht","Droog",\N,"310337013","Zevenhuizerstraat","Bunschoten-Spakenburg","Bunschoten","Utrecht",false,52.213248,5.389101,"injury","2","clear",false,1,"GM0313"
"20220178691",2022,"Uitsluitend materiele schade",2,"Personenauto","Fiets","Flank","Rotonde",50,"Niet brandend","Duisternis","Droog",\N,\N,"Amerikalaan","Alphen aan den Rijn","Alphen aan den Rijn","Zuid-Holland",false,52.120209,4.644107,"material damage only","4","clear",false,1,"GM0484"
"20220179207",2022,"Letsel",1,"Fiets",\N,"Eenzijdig",\N,50,\N,"Duisternis",\N,\N,"158309071","Beeklaan","'s-Gravenhage","'s-Gravenhage","Zuid-Holland",false,52.074546,4.280814,"injury","2","unknown",false,1,"GM0518"
"20220179212",2022,"Letsel",2,"Snorfiets","Fiets","Frontaal","Rechte weg",\N,"Niet brandend","Daglicht","Droog",\N,"600994795","Weigelia","Leidschendam","Leidschendam-Voorburg","Zuid-Holland",false,52.089871,4.380433,"injury","2","clear",false,1,"GM1916"
"20220180396",2022,"Letsel",2,"Personenauto","Fiets","Flank","Kruispunt, 4 takken",50,"Niet brandend","Daglicht","Droog",\N,\N,"Columbusstraat","'s-Gravenhage","'s-Gravenhage","Zuid-Holland",false,52.077669,4.278194,"injury","2","clear",false,1,"GM0518"
"20220187224",2022,"Uitsluitend materiele schade",2,"Personenauto","Fiets","Onbekend","Kruispunt, 4 takken",50,"Brandend","Duisternis","Droog",\N,\N,"Tramsingel","Breda","Breda","Noord-Brabant",false,51.589347,4.763541,"material damage only","4","clear",false,1,"GM0758"
"20220198243",2022,"Uitsluitend materiele schade",2,"Personenauto","Fiets","Frontaal","Rotonde",50,"Niet brandend","Daglicht","Droog",\N,\N,"Rijksstraatweg","Geldermalsen","West Betuwe","Gelderland",false,51.873153,5.2885,"material damage only","4","clear",false,1,"GM1960"
"20220118316",2022,"Uitsluitend materiele schade",2,"Personenauto","Fiets","Kop/staart","Kruispunt, 4 takken",50,"Niet brandend","Daglicht","Droog",\N,\N,"Lijsterstraat","Enschede","Enschede","Overijssel",false,52.237696,6.884423,"material damage only","4","clear",false,1,"GM0153"
"20220140797",2022,"Letsel",1,"e-bike",\N,"Eenzijdig","Rechte weg",80,"Niet aanwezig","Daglicht","Droog",\N,"600539357","Pontweg","Den Burg","Texel","Noord-Holland",false,53.060776,4.779954,"injury","2","clear",false,1,"GM0448"
"20220144834",2022,"Letsel",1,"Fiets",\N,"Eenzijdig",\N,\N,\N,"Daglicht",\N,\N,"173294074","Delftsestraatweg","Delfgauw","Pijnacker-Nootdorp","Zuid-Holland",false,52.008162,4.390602,"injury","2","unknown",false,1,"GM1926"
"20220158703",2022,"Uitsluitend materiele schade",2,"Personenauto","Fiets","Flank","Rechte weg",50,"Niet brandend","Daglicht","Droog",\N,\N,"Roselaarplein","Roosendaal","Roosendaal","Noord-Brabant",false,51.531617,4.453094,"material damage only","4","clear",false,1,"GM1674"
"20220161597",2022,"Uitsluitend materiele schade",2,"Personenauto","Fiets","Flank","Kruispunt, 4 takken",50,"Niet brandend","Daglicht","Droog",\N,\N,"Schoklandstraat","Hoogeveen","Hoogeveen","Drenthe",false,52.720963,6.487468,"material damage only","4","clear",false,1,"GM0118"
"20220178704",2022,"Letsel",2,"e-bike","Fiets","Onbekend","Rechte weg",\N,"Niet brandend","Daglicht","Droog",\N,"601033014","Huis te Landelaan","Rijswijk","Rijswijk","Zuid-Holland",false,52.044884,4.318069,"injury","2","clear",false,1,\N
"20220181143",2022,"Letsel",3,"Personenauto","e-bike","Onbekend","Kruispunt, 4 takken",50,"Niet brandend","Daglicht","Droog",\N,\N,"Willem Dreeslaan","Zoetermeer","Zoetermeer","Zuid-Holland",false,52.062898,4.531861,"injury","2","clear",false,1,"GM0637"
"20220198360",2022,"Uitsluitend materiele schade",2,"Personenauto","Fiets","Frontaal","Kruispunt, 3 takken",30,"Niet brandend","Daglicht","Droog",\N,\N,"Nachtegaallaan","Scherpenzeel","Scherpenzeel","Gelderland",false,52.080554,5.492306,"material damage only","4","clear",false,1,"GM0279"
"20220131186",2022,"Uitsluitend materiele schade",2,"Personenauto","Fiets","Flank","Kruispunt, 3 takken",30,"Niet brandend","Daglicht","Droog",\N,\N,"Kapelstraat","Vorstenbosch","Bernheze","Noord-Brabant",false,51.654658,5.550627,"material damage only","4","clear",false,1,"GM1721"
"20220155047",2022,"Letsel",2,"Fiets","Bromfiets","Flank","Rechte weg",50,"Niet brandend","Daglicht","Droog",\N,"600922254","Gedempte Oude Gracht","Haarlem","Haarlem","Noord-Holland",false,52.377845,4.637983,"injury","2","clear",false,1,"GM0392"
"20220158821",2022,"Uitsluitend materiele schade",2,"Personenauto","Fiets","Flank","Kruispunt, 4 takken",30,"Niet aanwezig","Daglicht","Droog",\N,\N,"Middellaan","Breda","Breda","Noord-Brabant",false,51.590268,4.76871,"material damage only","4","clear",false,1,"GM0758"
"20220160289",2022,"Letsel",2,"Personenauto","Fiets","Onbekend","Kruispunt, 4 takken",30,"Niet brandend","Daglicht","Droog",\N,\N,"Duikerpad","Beek en Donk","Laarbeek","Noord-Brabant",false,51.525657,5.640984,"injury","2","clear",false,1,"GM1659"
"20220195477",2022,"Letsel",2,"Personenauto","Fiets","Flank","Rechte weg",50,"Niet brandend","Daglicht","Droog",\N,"600913725","Slotlaan","Ede","Ede","Gelderland",false,52.043448,5.641903,"injury","2","clear",false,1,"GM0228"
"20220195731",2022,"Uitsluitend materiele schade",2,"Personenauto","Fiets","Los voorwerp","Rotonde",50,"Niet brandend","Daglicht","Regen",\N,\N,"Broeklanden","Westervoort","Westervoort","Gelderland",false,51.955497,5.973093,"material damage only","4","rain",false,1,"GM0293"
"20220118580",2022,"Uitsluitend materiele schade",2,"Snorfiets","e-bike","Flank","Kruispunt, 3 takken",50,"Niet brandend","Daglicht","Droog",\N,\N,"Haaksbergerstraat","Enschede","Enschede","Overijssel",false,52.210829,6.878776,"material damage only","4","clear",false,1,"GM0153"
"20220135297",2022,"Letsel",1,"Fiets",\N,"Eenzijdig",\N,60,\N,"Daglicht",\N,\N,"521365029","Denekamperstraat","de Lutte","Losser","Overijssel",false,52.324751,6.94339,"injury","2","unknown",false,1,"GM0168"
"20220143825",2022,"Letsel",2,"Personenauto","Fiets","Flank","Kruispunt, 3 takken",30,"Niet aanwezig","Daglicht",\N,\N,\N,"Nieuwdorperweg","Reeuwijk","Bodegraven-Reeuwijk","Zuid-Holland",false,52.042723,4.720567,"injury","2","unknown",false,1,"GM1901"
"20220167573",2022,"Uitsluitend materiele schade",2,"Fiets","Fiets","Frontaal","Kruispunt, 4 takken",\N,"Niet brandend","Daglicht","Droog",\N,\N,"Kottendijk","Enschede","Enschede","Overijssel",false,52.229358,6.886988,"material damage only","4","clear",false,1,"GM0153"
"20220146018",2022,"Uitsluitend materiele schade",2,"Fiets","Fiets","Frontaal","Rechte weg",50,"Niet brandend","Daglicht","Droog",\N,\N,"Stationsweg","Zuidland","Nissewaard","Zuid-Holland",false,51.825899,4.258546,"material damage only","4","clear",false,1,"GM1930"
"20220153136",2022,"Uitsluitend materiele schade",2,"Personenauto","Fiets","Flank","Rotonde",30,"Niet brandend","Daglicht","Droog",\N,\N,"Frankhuizerallee","Zwolle","Zwolle","Overijssel",false,52.522342,6.062012,"material damage only","4","clear",false,1,"GM0193"
"20220153160",2022,"Uitsluitend materiele schade",2,"Bestelauto","Fiets","Flank","Kruispunt, 3 takken",50,"Niet brandend","Daglicht","Droog",\N,\N,"Margijnenenk","Deventer","Deventer","Overijssel",false,52.269205,6.165662,"material damage only","4","clear",false,1,"GM0150"
"20220153979",2022,"Uitsluitend materiele schade",2,"Personenauto","Fiets","Kop/staart","Rechte weg",50,"Niet brandend","Daglicht","Droog",\N,"600555682","Straatweg","Maarssen","Stichtse Vecht","Utrecht",false,52.13832,5.037141,"material damage only","4","clear",false,1,"GM1904"