"accident_id","year","severity_raw","party_count","party1_type","party2_type","accident_type","road_situation","speed_limit_kmh","road_lighting","light_condition_label","weather_raw","infra_type","road_segment_id","street_name","place_name","gemeente_name_raw","province","alcohol_indicated","latitude","longitude","severity_label","severity_code","weather_label","built_up_area","cyclists_involved","gemeente_code"
"20240129963",2024,"Uitsluitend materiele schade",2,"Personenauto","Fiets","Flank","Rechte weg",30,"Niet brandend","Daglicht","Droog",\N,"411407014","Campherbeeklaan","Zwolle","Zwolle","Overijssel",false,52.520946,6.135984,"material damage only","4","clear",false,1,"GM0193"
"20230042144",2023,"Uitsluitend materiele schade",2,"Personenauto","Fiets","Flank","Kruispunt, 3 takken",50,"Niet brandend","Daglicht","Droog",\N,\N,"Jacob Romansstraat","Tilburg","Tilburg","Noord-Brabant",false,51.566613,5.068614,"material damage only","4","clear",false,1,"GM0855"
"20230045075",2023,"Letsel",2,"Fiets","Overig wegmeubilair","Vast voorwerp","Kruispunt, 4 takken",30,"Niet brandend","Daglicht","Droog","Brug/viaduct",\N,"Vaart N.Z.","Assen","Assen","Drenthe",false,52.994169,6.550405,"injury","2","clear",false,1,"GM0106"
"20230047453",2023,"Letsel",2,"Fiets","Fiets","Flank","Rechte weg",50,"Niet brandend","Daglicht","Droog",\N,"600923183","Hertog Aalbrechtpad","Alkmaar","Alkmaar","Noord-Holland",false,52.646963,4.771786,"injury","2","clear",false,1,"GM0361"
"20230060194",2023,"Letsel",2,"Personenauto","Fiets","Flank","Rechte weg",30,"Niet brandend","Daglicht","Droog",\N,"600709048","Goese Meerlaan","Goes","Goes","Zeeland",false,51.518823,3.91003,"injury","2","clear",false,1,"GM0664"
"20240133501",2024,"Letsel",2,"Personenauto","Fiets","Frontaal","Rechte weg",50,"Niet brandend","Daglicht","Droog",\N,"601139752","Nieuwe Zeeweg","Noordwijk","Noordwijk","Zuid-Holland",false,52.240209,4.441361,"injury","2","clear",false,1,"GM0575"
"20240133515",2024,"Letsel",2,"Bromfiets","Fiets","Frontaal","Rechte weg",30,"Niet brandend","Daglicht","Droog",\N,"168303014","Laan van Hoornwijck","'s-Gravenhage","'s-Gravenhage","Zuid-Holland",false,52.047946,4.354279,"injury","2","clear",false,1,"GM0518"
"20240127195",2024,"Uitsluitend materiele schade",2,"Bestelauto","Fiets","Flank","Kruispunt, 4 takken",50,"Niet brandend","Daglicht","Droog",\N,\N,"Boddenkampsingel","Enschede","Enschede","Overijssel",false,52.226252,6.880493,"material damage only","4","clear",false,1,"GM0153"
"20230043973",2023,"Letsel",3,"Fiets","Personenauto","Onbekend","Rechte weg",30,"Niet brandend","Daglicht","Droog",\N,"396532001","Westerbuorren","Boornbergum","Smallingerland","Friesland",false,53.081433,6.037655,"injury","2","clear",false,1,"GM0090"
"20230046910",2023,"Letsel",3,\N,"Fiets","Eenzijdig","Rechte weg",50,"Niet brandend","Daglicht","Droog",\N,"600742738","Hagelingerweg","Santpoort-Noord","Velsen","Noord-Holland",false,52.440649,4.641282,"injury","2","clear",false,1,"GM0453"
"20230059380",2023,"Uitsluitend materiele schade",2,"Fiets","Fiets","Frontaal","Rechte weg",50,"Niet brandend","Daglicht","Droog",\N,"600669648","Middenweg","Den Helder","Den Helder","Noord-Holland",false,52.957072,4.759501,"material damage only","4","clear",false,1,"GM0400"
"20240127309",2024,"Uitsluitend materiele schade",2,"Personenauto","Fiets","Flank","Kruispunt, 4 takken",50,"Brandend","Duisternis","Regen",\N,\N,"Mooienhof","Enschede","Enschede","Overijssel",false,52.216363,6.896007,"material damage only","4","rain",false,1,"GM0153"
"20240127850",2024,"Letsel",2,"Personenauto","Fiets","Flank","Kruispunt, 4 takken",30,"Niet brandend","Daglicht","Droog",\N,\N,"De Tijen","Drachten","Smallingerland","Friesland",true,53.114267,6.088244,"injury","2","clear",false,1,"GM0090"
"20240127969",2024,"Letsel",3,"Personenauto","Fiets","Vast voorwerp","Rechte weg",50,"Niet brandend","Daglicht","Droog",\N,"533494005","TER APELKANAAL OOST","Ter Apel","Westerwolde","Groningen",false,52.899075,7.048431,"injury","2","clear",false,1,"GM1950"
"20230066182",2023,"Letsel",2,"Personenauto","Fiets","Flank","Rechte weg",50,"Niet brandend","Daglicht","Droog",\N,"600763441","Amsteldijk","Amsterdam","Amsterdam","Noord-Holland",false,52.354224,4.906536,"injury","2","clear",false,1,"GM0363"
"20230045773",2023,"Letsel",2,"Fiets","Dier","Dier","Rechte weg",30,"Niet brandend","Daglicht","Droog",\N,"460588058","Trekweg naar Onderdendam","Winsum","Het Hogeland","Groningen",false,53.333065,6.521435,"injury","2","clear",false,1,"GM1966"
"20230050454",2023,"Letsel",3,"Fiets","Fiets","Onbekend","Rechte weg",15,"Niet brandend","Daglicht","Droog",\N,"600381696","Van Baerlestraat","Amsterdam","Amsterdam","Noord-Holland",false,52.354551,4.881184,"injury","2","clear",false,1,"GM0363"
"20230060325",2023,"Uitsluitend materiele schade",2,"Personenauto","Fiets","Flank","Rechte weg",30,"Niet brandend","Daglicht","Droog",\N,\N,"Don Sartostraat","Tilburg","Tilburg","Noord-Brabant",false,51.541031,5.096476,"material damage only","4","clear",false,1,"GM0855"
"20230038882",2023,"Letsel",2,"Personenauto","Fiets","Flank","Kruispunt, 3 takken",50,"Niet brandend","Daglicht","Droog",\N,\N,"Bezuidenhoutseweg","'s-Gravenhage","'s-Gravenhage","Zuid-Holland",false,52.089091,4.336988,"injury","2","clear",false,1,"GM0518"
"20230047007",2023,"Letsel",2,"Personenauto","e-bike","Flank","Kruispunt, 4 takken",50,"Niet brandend","Daglicht","Droog",\N,\N,"Hubert van Zuilenweg","Veenendaal","Veenendaal","Utrecht",false,52.024604,5.563101,"injury","2","clear",false,1,"GM0345"
"20230061878",2023,"Letsel",1,"Fiets",\N,"Eenzijdig",\N,60,\N,"Duisternis",\N,\N,"212290008","Oosteinde","Moordrecht","Zuidplas","Zuid-Holland",false,51.994214,4.682168,"injury","2","unknown",false,1,"GM1892"
"20240129755",2024,"Uitsluitend materiele schade",2,"Personenauto","Fiets","Flank","Kruispunt, 4 takken",50,"Brandend","Duisternis","Droog",\N,\N,"Dijnselburgerlaan","Zeist","Zeist","Utrecht",false,52.101851,5.255106,"material damage only","4","clear",false,1,"GM0355"
"20230049951",2023,"Letsel",2,"Fiets","Fiets","Onbekend","Rechte weg",50,"Niet brandend","Daglicht","Droog",\N,"600475841","Achterom","Zoetermeer","Zoetermeer","Zuid-Holland",false,52.055983,4.500175,"injury","2","clear",false,1,"GM0637"
"20230051111",2023,"Uitsluitend materiele schade",2,"Personenauto","Fiets","Flank","Kruispunt, 4 takken",50,"Niet brandend","Daglicht","Droog",\N,\N,"Tongelresestraat","Eindhoven","Eindhoven","Noord-Brabant",false,51.442037,5.499731,"material damage only","4","clear",false,1,"GM0772"
"20240128640",2024,"Letsel",2,"Fiets","Lichtmast","Vast voorwerp","Rechte weg",50,"Brandend","Duisternis","Droog",\N,"468561043","Hereweg","Groningen","Groningen","Groningen",false,53.209363,6.572064,"injury","2","clear",false,1,"GM0014"
"20240128758",2024,"Letsel",2,"Fiets","Personenauto","Flank","Rechte weg",50,"Niet brandend","Daglicht","Droog",\N,\N,"Zetveld","Heerenveen","Heerenveen","Friesland",false,52.959559,5.913906,"injury","2","clear",false,1,"GM0074"
"20240130640",2024,"Uitsluitend materiele schade",2,"Personenauto","Fiets","Kop/staart","Rechte weg",30,"Niet brandend","Daglicht","Droog",\N,"428263024","Emmerikseweg","'s-Heerenberg","Montferland","Gelderland",false,51.870652,6.247777,"material damage only","4","clear",false,1,"GM1955"
"20230041804",2023,"Uitsluitend materiele schade",2,"Personenauto","Fiets","Flank","Kruispunt, 4 takken",30,"Niet brandend","Daglicht","Droog",\N,\N,"Marktstraat","'s-Hertogenbosch","'s-Hertogenbosch","Noord-Brabant",false,51.6901,5.303669,"material damage only","4","clear",false,1,"GM0796"
"20230045321",2023,"Letsel",3,"Personenauto","Fiets","Onbekend","Rechte weg",50,"Niet brandend","Daglicht","Droog",\N,"600883315","Oldenzaalsestraat","Hengelo","Hengelo (O)","Overijssel",false,52.280895,6.841164,"injury","2","clear",false,1,\N
"20230047093",2023,"Letsel",2,"Personenauto","e-bike","Onbekend","Rotonde",50,"Niet brandend","Daglicht","Droog",\N,\N,"Venneweg","Hoorn","Hoorn","Noord-Holland",false,52.642971,5.030594,"injury","2","clear",false,1,"GM0405"
"20230048262",2023,"Letsel",1,"Fiets",\N,"Eenzijdig","Bocht",50,"Niet brandend","Daglicht","Droog",\N,\N,"Tunnelweg","Culemborg","Culemborg","Gelderland",false,51.949492,5.22502,"injury","2","clear",false,1,"GM0216"
"20230054087",2023,"Letsel",2,"Personenauto","Fiets","Flank","Kruispunt, 4 takken",30,"Niet brandend","Daglicht","Droog",\N,\N,"Raadhuisplein","Meijel","Peel en Maas","Limburg",false,51.344195,5.884739,"injury","2","clear",false,1,"GM1894"
"20230056386",2023,"Letsel",2,"Bromfiets","e-bike","Flank","Kruispunt, 4 takken",50,"Niet brandend","Daglicht","Droog",\N,\N,"Kade","Ede","Ede","Gelderland",false,52.033793,5.600685,"injury","2","clear",false,1,"GM0228"
"20240131343",2024,"Uitsluitend materiele schade",2,"Fiets","Personenauto","Frontaal","Kruispunt, 4 takken",50,"Niet brandend","Daglicht","Droog",\N,\N,"Herman Bonpad","Amsterdam","Amsterdam","Noord-Holland",false,52.368406,4.800623,"material damage only","4","clear",false,1,"GM0363"
"20230045940",2023,"Letsel",2,"Bestelauto","Fiets","Eenzijdig","Kruispunt, 3 takken",30,"Niet brandend","Daglicht","Droog",\N,\N,"Burg van der Grondenstr","Nieuwleusen","Dalfsen","Overijssel",false,52.592131,6.277613,"injury","2","clear",false,1,"GM0148"
"20230048311",2023,"Uitsluitend materiele schade",2,"Personenauto","Fiets","Kop/staart","Kruispunt, 3 takken",50,"Niet brandend","Daglicht","Droog",\N,\N,"Wagenweg","Huissen","Lingewaard","Gelderland",false,51.942075,5.926011,"material damage only","4","clear",false,1,"GM1705"
"20230050611",2023,"Uitsluitend materiele schade",2,"Personenauto","Fiets","Flank","Rotonde",50,"Niet brandend","Daglicht","Droog",\N,\N,"Schokkerweg","'s-Gravenhage","'s-Gravenhage","Zuid-Holland",false,52.099831,4.272465,"material damage only","4","clear",false,1,"GM0518"
"20230052346",2023,"Uitsluitend materiele schade",2,"Personenauto","Fiets","Frontaal","Kruispunt, 3 takken",50,"Niet brandend","Daglicht","Droog","Tunnel",\N,"Raampoortstraat","Rotterdam","Rotterdam","Zuid-Holland",false,51.925537,4.478624,"material damage only","4","clear",false,1,"GM0599"
"20240132601",2024,"Letsel",1,"Fiets",\N,"Onbekend","Bocht",30,"Niet brandend","Daglicht","Droog","Tunnel","215295022","Winterdijk","Gouda","Gouda","Zuid-Holland",false,52.016513,4.69699,"injury","2","clear",false,1,"GM0513"
"20240132751",2024,"Uitsluitend materiele schade",2,"Personenauto","Fiets","Flank","Kruispunt, 4 takken",30,"Niet brandend","Daglicht","Droog",\N,\N,"Kanaalstraat","Lisse","Lisse","Zuid-Holland",false,52.259101,4.561574,"material damage only","4","clear",false,1,"GM0553"
"20240132883",2024,"Letsel",1,"Fiets",\N,"Eenzijdig","Rechte weg",50,"Brandend","Duisternis","Droog",\N,"600646165","Grote Woerdlaan","Naaldwijk","Westland","Zuid-Holland",false,52.004056,4.205664,"injury","2","clear",false,1,"GM1783"
"20230038442",2023,"Uitsluitend materiele schade",2,"Personenauto","Fiets","Flank","Rechte weg",30,"Niet brandend","Daglicht","Droog",\N,"600430601","Laantje van De Jong","Blaricum","Blaricum","Noord-Holland",false,52.290161,5.280405,"material damage only","4","clear",false,1,"GM0376"
"20230039576",2023,"Uitsluitend materiele schade",2,"Bromfiets","Fiets","Flank","Kruispunt, 4 takken",50,"Brandend","Duisternis","Droog",\N,\N,"Willem de Zwijgerlaan","Amsterdam","Amsterdam","Noord-Holland",true,52.370753,4.863306,"material damage only","4","clear",false,1,"GM0363"
"20230041883",2023,"Uitsluitend materiele schade",2,"Bus","Fiets","Flank","Kruispunt, 3 takken",50,"Niet brandend","Daglicht","Regen",\N,\N,"Veldm Montgomerylaan","Eindhoven","Eindhoven","Noord-Brabant",false,51.447603,5.476785,"material damage only","4","rain",false,1,"GM0772"
"20230044234",2023,"Uitsluitend materiele schade",1,"Fiets",\N,"Onbekend","Rechte weg",30,"Niet aanwezig","Daglicht","Droog",\N,"600635210","FIETSPAD","Rossum","Maasdriel","Gelderland",false,51.792274,5.321737,"material damage only","4","clear",false,1,"GM0263"
"20230046561",2023,"Letsel",2,"Fiets","Personenauto","Flank","Kruispunt, 4 takken",50,"Niet brandend","Daglicht","Droog",\N,\N,"Jacob van Lenneplaan","Baarn","Baarn","Utrecht",false,52.218348,5.267049,"injury","2","clear",false,1,"GM0308"
"20220214365",2022,"Letsel",1,"Fiets",\N,"Eenzijdig","Rechte weg",50,"Niet brandend","Daglicht","Droog",\N,"600644190","Engelendaal","Leiderdorp","Leiderdorp","Zuid-Holland",false,52.164191,4.527627,"injury","2","clear",false,1,"GM0547"
"20220218005",2022,"Uitsluitend materiele schade",2,"Personenauto","Fiets","Flank","Kruispunt, 3 takken",50,"Niet brandend","Daglicht","Droog",\N,\N,"Nieuwe Veerstal","Gouda","Gouda","Zuid-Holland",false,52.007119,4.717797,"material damage only","4","clear",false,1,"GM0513"
"20220199624",2022,"Letsel",2,"Personenauto","Fiets","Flank","Kruispunt, 3 takken",50,"Niet brandend","Daglicht","Droog",\N,\N,"Ambachtsstraat","Winterswijk","Winterswijk","Gelderland",false,51.963743,6.716223,"injury","2","clear",false,1,"GM0294"
"20220228138",2022,"Uitsluitend materiele schade",2,"Personenauto","e-bike","Flank","Rotonde",50,"Niet brandend","Daglicht","Droog",\N,\N,"Klokkenlaan","'s-Hertogenbosch","'s-Hertogenbosch","Noord-Brabant",false,51.710981,5.311942,"material damage only","4","clear",false,1,"GM0796"
"20220203913",2022,"Uitsluitend materiele schade",2,"Personenauto","Fiets","Flank","Rechte weg",50,"Niet brandend","Daglicht","Droog",\N,"600773305","Batauweg","Nieuwegein","Nieuwegein","Utrecht",false,52.028683,5.068778,"material damage only","4","clear",false,1,"GM0356"
"20220203932",2022,"Letsel",1,"Fiets",\N,"Eenzijdig",\N,50,\N,"Daglicht",\N,\N,\N,"Violenstraat","Amersfoort","Amersfoort","Utrecht",false,52.160278,5.363515,"injury","2","unknown",false,1,"GM0307"
"20220228175",2022,"Uitsluitend materiele schade",2,"Personenauto","Fiets","Los voorwerp","Kruispunt, 3 takken",50,"Niet brandend","Daglicht","Droog",\N,\N,"Boseind","Boxtel","Boxtel","Noord-Brabant",false,51.578673,5.321868,"material damage only","4","clear",false,1,"GM0757"
"20220203244",2022,"Uitsluitend materiele schade",2,"Personenauto","Fiets","Flank","Kruispunt, 3 takken",50,"Niet brandend","Duisternis","Droog",\N,\N,"Westerstraat","Baarn","Baarn","Utrecht",false,52.207571,5.294378,"material damage only","4","clear",false,1,"GM0308"
"20220228955",2022,"Uitsluitend materiele schade",2,"Personenauto","Fiets","Frontaal","Kruispunt, 3 takken",50,"Brandend","Duisternis","Droog",\N,\N,"Langstraat","Deurne","Deurne","Noord-Brabant",false,51.471602,5.803785,"material damage only","4","clear",false,1,"GM0762"
"20220209959",2022,"Letsel",1,"Fiets",\N,"Eenzijdig",\N,50,\N,"Daglicht",\N,\N,"207377107","Kenaupark","Haarlem","Haarlem","Noord-Holland",false,52.385988,4.631944,"injury","2","unknown",false,1,"GM0392"
"20220211050",2022,"Letsel",2,"Personenauto","Fiets","Frontaal","Kruispunt, 4 takken",50,"Brandend","Duisternis","Droog",\N,\N,"Weteringlaan","Amsterdam","Amsterdam","Noord-Holland",false,52.358031,4.890834,"injury","2","clear",false,1,"GM0363"
"20220214652",2022,"Letsel",2,"Fiets","Fiets","Onbekend","Rechte weg",30,"Niet brandend","Daglicht","Regen",\N,"187327184","Korevaarstraat","Leiden","Leiden","Zuid-Holland",false,52.156331,4.493101,"injury","2","rain",false,1,"GM0546"
"20220215404",2022,"Letsel",1,"e-bike",\N,"Eenzijdig","Bocht",30,"Niet brandend","Daglicht",\N,\N,"189329140","Paleizenbaan","Leiden","Leiden","Zuid-Holland",false,52.167536,4.50561,"injury","2","unknown",false,1,"GM0546"
"20220229060",2022,"Uitsluitend materiele schade",2,"Fiets","Overig vast object","Vast voorwerp","Kruispunt, 4 takken",30,"Niet brandend","Daglicht","Droog",\N,\N,"Peelhof","Helmond","Helmond","Noord-Brabant",false,51.474866,5.701208,"material damage only","4","clear",false,1,"GM0794"
"20220113459",2022,"Dodelijk",2,"Personenauto","e-bike","Geparkeerd voertuig","Rechte weg",50,"Niet brandend","Daglicht","Droog","Parkeervoorziening","600844175","Raadhuisstraat","Venray","Venray","Limburg",false,51.531439,5.978428,"fatal","1","clear",false,1,"GM0984"
"20220211168",2022,"Letsel",2,"Bestelauto","Fiets","Flank","Kruispunt, 3 takken",\N,"Brandend","Schemer","Droog",\N,\N,"Marcusstraat","Amsterdam","Amsterdam","Noord-Holland",false,52.351869,4.913335,"injury","2","clear",false,1,"GM0363"
"20220214737",2022,"Letsel",2,"Personenauto","e-bike","Flank","Rechte weg",30,"Niet brandend","Daglicht","Droog",\N,"164307163","Molenslootstraat","'s-Gravenhage","'s-Gravenhage","Zuid-Holland",false,52.065474,4.325463,"injury","2","clear",false,1,"GM0518"
"20220221172",2022,"Letsel",2,"Bromfiets","Fiets","Flank","Kruispunt, 4 takken",\N,"Brandend","Duisternis","Droog",\N,\N,"Weena","Rotterdam","Rotterdam","Zuid-Holland",false,51.922557,4.462974,"injury","2","clear",false,1,"GM0599"
"20220221174",2022,"Letsel",1,"Fiets",\N,"Eenzijdig","Rechte weg",50,"Niet brandend","Schemer","Droog",\N,\N,"Reigerlaan","Vlaardingen","Vlaardingen","Zuid-Holland",false,51.930252,4.352448,"injury","2","clear",false,1,"GM0622"
"20220223829",2022,"Uitsluitend materiele schade",2,"Personenauto","Fiets","Flank","Kruispunt, 4 takken",50,"Niet brandend","Daglicht","Droog",\N,\N,"Noorwegenweg","Terneuzen","Terneuzen","Zeeland",false,51.311595,3.841479,"material damage only","4","clear",false,1,"GM0715"
"20220224710",2022,"Letsel",2,"Personenauto","e-bike","Flank","Kruispunt, 3 takken",50,"Niet brandend","Daglicht","Droog",\N,\N,"Kapitein Nemostraat","Tilburg","Tilburg","Noord-Brabant",false,51.567259,5.112207,"injury","2","clear",false,1,"GM0855"
"20220227543",2022,"Letsel",2,"Personenauto","Fiets","Flank","Rechte weg",30,"Niet brandend","Daglicht","Droog",\N,"600815336","Wesselmanlaan","Helmond","Helmond","Noord-Brabant",false,51.481979,5.644911,"injury","2","clear",false,1,"GM0794"
"20220214757",2022,"Letsel",2,"Fiets","Fiets","Onbekend","Rechte weg",\N,"Niet brandend","Daglicht","Droog",\N,\N,"De Savornin Lohmanlaan","'s-Gravenhage","'s-Gravenhage","Zuid-Holland",false,52.072176,4.240719,"injury","2","clear",false,1,"GM0518"
"20220206859",2022,"Uitsluitend materiele schade",2,"Personenauto","Fiets","Flank","Kruispunt, 4 takken",50,"Niet brandend","Daglicht","Droog",\N,\N,"Velserweg","Beverwijk","Beverwijk","Noord-Holland",false,52.4783,4.651721,"material damage only","4","clear",false,1,"GM0375"
"20220207707",2022,"Uitsluitend materiele schade",2,"Bestelauto","Fiets","Flank","Kruispunt, 3 takken",50,"Brandend","Duisternis","Droog",\N,\N,"Waterrijklaan","Assendelft","Zaanstad","Noord-Holland",false,52.482254,4.75538,"material damage only","4","clear",false,1,"GM0479"
"20220209337",2022,"Uitsluitend materiele schade",2,"Personenauto","Fiets","Onbekend","Rotonde",50,"Niet brandend","Daglicht","Mist",\N,\N,"Dirk Essenlaan","Grootebroek","Stede Broec","Noord-Holland",false,52.697574,5.232417,"material damage only","4","fog",false,1,"GM0532"
"20220209344",2022,"Letsel",2,"Bestelauto","Fiets","Eenzijdig","Rechte weg",50,"Niet brandend","Daglicht","Droog",\N,"600769888","Kerkstraat","Wognum","Medemblik","Noord-Holland",false,52.687002,5.019005,"injury","2","clear",false,1,"GM0420"
"20220211228",2022,"Uitsluitend materiele schade",3,"Personenauto","Fiets","Onbekend","Rechte weg",30,"Brandend","Duisternis","Regen",\N,"600362744","Bellamyplein","Amsterdam","Amsterdam","Noord-Holland",false,52.368308,4.867722,"material damage only","4","rain",false,1,"GM0363"
"20220211233",2022,"Letsel",1,"Fiets",\N,"Eenzijdig","Rechte weg",50,"Niet brandend","Daglicht","Regen",\N,"244371055","Amsteldijk","Amsterdam","Amsterdam","Noord-Holland",false,52.35762,4.904305,"injury","2","rain",false,1,"GM0363"
"20220223975",2022,"Letsel",2,"Personenauto","Fiets","Flank","Rechte weg",50,"Niet brandend","Daglicht","Droog",\N,\N,"Spoorlaan","Tilburg","Tilburg","Noord-Brabant",false,51.559826,5.087426,"injury","2","clear",false,1,"GM0855"
"20220226446",2022,"Uitsluitend materiele schade",3,"Personenauto","Fiets","Onbekend","Kruispunt, 4 takken",30,"Niet brandend","Daglicht","Droog",\N,\N,"Wijnruitstraat","Waalwijk","Waalwijk","Noord-Brabant",false,51.682989,5.081699,"material damage only","4","clear",false,1,"GM0867"
"20220201344",2022,"Letsel",2,"Personenauto","e-bike","Flank","Rotonde",50,"Brandend","Duisternis","Regen",\N,\N,"Enterstraat","Rijssen","Rijssen-Holten","Overijssel",false,52.307216,6.529268,"injury","2","rain",false,1,"GM1742"
"20220207827",2022,"Letsel",2,"Fiets","Personenauto","Flank","Kruispunt, 3 takken",50,"Niet brandend","Daglicht","Droog",\N,\N,"Kampervest","Haarlem","Haarlem","Noord-Holland",false,52.376872,4.639053,"injury","2","clear",false,1,"GM0392"
"20220211964",2022,"Uitsluitend materiele schade",2,"Personenauto","Fiets","Flank","Kruispunt, 4 takken",50,"Brandend","Duisternis","Regen",\N,\N,"Buitenveldertselaan","Amsterdam","Amsterdam","Noord-Holland",false,52.327785,4.869041,"material damage only","4","rain",false,1,"GM0363"
"20220215629",2022,"Letsel",2,"Bromfiets","Fiets","Frontaal","Rechte weg",30,"Niet brandend","Daglicht","Droog",\N,"152308085","De Savornin Lohmanlaan","'s-Gravenhage","'s-Gravenhage","Zuid-Holland",false,52.070104,4.242418,"injury","2","clear",false,1,"GM0518"
"20220217041",2022,"Uitsluitend materiele schade",2,"e-bike","Bromfiets","Flank","Kruispunt, 4 takken",\N,"Niet brandend","Daglicht","Droog",\N,\N,"Thorbeckeplein","Alphen aan den Rijn","Alphen aan den Rijn","Zuid-Holland",false,52.131313,4.665598,"material damage only","4","clear",false,1,"GM0484"
"20220214933",2022,"Letsel",1,"Fiets",\N,"Eenzijdig",\N,30,\N,"Duisternis",\N,\N,"178297031","Meidoornlaan","Pijnacker","Pijnacker-Nootdorp","Zuid-Holland",false,52.02353,4.431179,"injury","2","unknown",false,1,"GM1926"
"20220202851",2022,"Uitsluitend materiele schade",2,"Personenauto","Fiets","Onbekend","Rotonde",50,"Niet brandend","Daglicht","Droog",\N,\N,"Zwaaiplein","Veenendaal","Veenendaal","Utrecht",false,52.02855,5.559686,"material damage only","4","clear",false,1,"GM0345"
"20220206301",2022,"Uitsluitend materiele schade",2,"Personenauto","Fiets","Flank","Rechte weg",50,\N,"Duisternis",\N,\N,"600414527","Stationsweg","Hoorn","Hoorn","Noord-Holland",false,52.644738,5.053096,"material damage only","4","unknown",false,1,"GM0405"
"20220217135",2022,"Letsel",2,"Fiets",\N,"Eenzijdig","Kruispunt, 4 takken",\N,"Niet brandend","Daglicht","Droog",\N,\N,"Laakweg","'s-Gravenhage","'s-Gravenhage","Zuid-Holland",false,52.066889,4.329342,"injury","2","clear",false,1,"GM0518"
"20220228605",2022,"Letsel",2,"Bromfiets","Fiets","Flank","Kruispunt, 3 takken",50,"Niet brandend","Daglicht","Droog",\N,\N,"Opwettenseweg","Nuenen","Nuenen, Gerwen en Nederwetten","Noord-Brabant",false,51.460377,5.529845,"injury","2","clear",false,1,"GM0820"
"20220181375",2022,"Dodelijk",2,"Bestelauto","e-bike","Flank","Kruispunt, 3 takken",60,"Niet brandend","Daglicht","Droog",\N,\N,"Van Ockenburchlaan","Honselersdijk","Westland","Zuid-Holland",false,52.018499,4.239233,"fatal","1","clear",false,1,"GM1783"
"20220209575",2022,"Uitsluitend materiele schade",2,"Personenauto","Fiets","Flank","Kruispunt, 4 takken",30,"Niet brandend","Daglicht","Regen",\N,\N,"Robbenkoog","Alkmaar","Alkmaar","Noord-Holland",false,52.642623,4.777808,"material damage only","4","rain",false,1,"GM0361"
"20220213393",2022,"Letsel",2,"Snorfiets","Fiets","Flank","Kruispunt, 3 takken",50,"Niet aanwezig","Daglicht","Droog",\N,\N,"Stationsplein","'s-Gravenhage","'s-Gravenhage","Zuid-Holland",false,52.071152,4.323495,"injury","2","clear",false,1,"GM0518"
"20220215718",2022,"Letsel",2,"Personenauto","Fiets","Flank","Kruispunt, 4 takken",50,"Niet brandend","Daglicht","Droog",\N,\N,"Acaciazoom","Zoetermeer","Zoetermeer","Zuid-Holland",false,52.042842,4.472043,"injury","2","clear",false,1,"GM0637"
"20220200185",2022,"Uitsluitend materiele schade",2,"Personenauto","Fiets","Flank","Kruispunt, 4 takken",50,"Brandend","Schemer","Regen",\N,\N,"Doornsteeg","Lunteren","Ede","Gelderland",false,52.121318,5.594294,"material damage only","4","rain",false,1,"GM0228"
"20220211450",2022,"Uitsluitend materiele schade",3,"Personenauto","Fiets","Kop/staart","Kruispunt, 4 takken",50,"Brandend","Duisternis","Droog",\N,\N,"Koningsplein","Amsterdam","Amsterdam","Noord-Holland",false,52.366937,4.889031,"material damage only","4","clear",false,1,"GM0363"
"20220214226",2022,"Letsel",1,"Fiets",\N,"Eenzijdig","Rechte weg",30,"Niet brandend","Daglicht","Droog","Bus-/Tramhalte","600209052","Stationsplein","Leiden","Leiden","Zuid-Holland",false,52.16507,4.482373,"injury","2","clear",false,1,"GM0546"
"20220215080",2022,"Letsel",2,"Personenauto","Fiets","Flank","Kruispunt, 4 takken",50,"Niet brandend","Daglicht","Regen",\N,\N,"Donau","'s-Gravenhage","'s-Gravenhage","Zuid-Holland",false,52.062415,4.385278,"injury","2","rain",false,1,"GM0518"
"20220215769",2022,"Letsel",2,"Fiets","Fiets","Flank","Rechte weg",50,"Niet brandend","Schemer","Droog",\N,"177324048","Deijlerweg","Wassenaar","Wassenaar","Zuid-Holland",false,52.14504,4.418362,"injury","2","clear",false,1,"GM0629"
"20220221553",2022,"Letsel",3,"Fiets","Fiets","Onbekend","Rechte weg",50,"Brandend","Duisternis","Droog",\N,"600361246","Boompjes","Rotterdam","Rotterdam","Zuid-Holland",false,51.917466,4.491193,"injury","2","clear",false,1,"GM0599"
"20220225149",2022,"Letsel",2,"Fiets",\N,"Eenzijdig",\N,60,\N,"Daglicht",\N,\N,"600450082","Westelaarsestraat","Wouwse Plantage","Roosendaal","Noord-Brabant",false,51.496342,4.379394,"injury","2","unknown",false,1,"GM1674"
"20220199539",2022,"Uitsluitend materiele schade",2,"Fiets","Fiets","Flank","Rechte weg",50,"Niet aanwezig","Daglicht","Droog","Tunnel","600489931","Voorstadslaan","Nijmegen","Nijmegen","Gelderland",false,51.848655,5.854142,"material damage only","4","clear",false,1,"GM0268"
"20220203774",2022,"Uitsluitend materiele schade",2,"Personenauto","Fiets","Flank","Rotonde",50,"Brandend","Duisternis","Regen",\N,\N,"Utrechtseweg","Hilversum","Hilversum","Noord-Holland",false,52.215564,5.182968,"material damage only","4","rain",false,1,"GM0402"
"20220206543",2022,"Letsel",2,"e-bike","Voetganger","Voetganger","Rechte weg",50,"Niet brandend","Daglicht","Droog",\N,"222432162","Kennemersingel","Alkmaar","Alkmaar","Noord-Holland",false,52.630257,4.740704,"injury","2","clear",false,1,"GM0361"