"accident_id","year","severity_raw","party_count","party1_type","party2_type","accident_type","road_situation","speed_limit_kmh","road_lighting","light_condition_label","weather_raw","infra_type","road_segment_id","street_name","place_name","gemeente_name_raw","province","alcohol_indicated","latitude","longitude","severity_label","severity_code","weather_label","built_up_area","cyclists_involved","gemeente_code"
"20220207299",2022,"Letsel",2,"Personenauto","Fiets","Flank","Rechte weg",50,"Niet brandend","Daglicht","Droog",\N,"600380096","Planetenweg","IJmuiden","Velsen","Noord-Holland",false,52.455401,4.601467,"injury","2","clear",false,1,"GM0453"
"20220208919",2022,"Letsel",2,"e-bike","Personenauto","Flank","Rechte weg",50,"Niet brandend","Daglicht","Droog",\N,"212397007","Wijkermeerweg","Beverwijk","Beverwijk","Noord-Holland",false,52.475413,4.669176,"injury","2","clear",false,1,"GM0375"
"20220217265",2022,"Uitsluitend materiele schade",2,"Personenauto","Fiets","Flank","Kruispunt, 4 takken",50,"Brandend","Duisternis","Regen",\N,\N,"Pigmentsingel","Zoetermeer","Zoetermeer","Zuid-Holland",false,52.041338,4.481607,"material damage only","4","rain",false,1,"GM0637"
"20240143668",2024,"Letsel",2,"Bestelauto","Fiets","Onbekend","Kruispunt, 4 takken",50,"Niet brandend","Daglicht","Droog",\N,\N,"Paul Krugerlaan","'s-Gravenhage","'s-Gravenhage","Zuid-Holland",false,52.070698,4.285129,"injury","2","clear",false,1,"GM0518"
"20240143691",2024,"Letsel",2,"Fiets","Bromfiets","Flank","Rechte weg",60,\N,"Daglicht","Droog",\N,\N,"Abtswoude","Delft","Delft","Zuid-Holland",false,51.983087,4.354329,"injury","2","clear",false,1,"GM0503"
"20240144294",2024,"Uitsluitend materiele schade",3,"Personenauto","Fiets","Vast voorwerp","Kruispunt, 3 takken",30,"Brandend","Duisternis","Droog",\N,\N,"Middenweg","Amsterdam","Amsterdam","Noord-Holland",false,52.350425,4.936049,"material damage only","4","clear",false,1,"GM0363"
"20240140181",2024,"Uitsluitend materiele schade",2,"Personenauto","Fiets","Flank","Kruispunt, 4 takken",30,"Niet brandend","Daglicht","Droog",\N,\N,"Achterbaan","Huizen","Huizen","Noord-Holland",false,52.298895,5.234963,"material damage only","4","clear",false,1,"GM0406"
"20240140675",2024,"Uitsluitend materiele schade",2,"Personenauto","Fiets","Flank","Kruispunt, 3 takken",30,"Niet brandend","Daglicht","Sneeuw/Hagel",\N,\N,"Frans Halsstraat","Zelhem","Bronckhorst","Gelderland",false,52.008175,6.356955,"material damage only","4","unknown",false,1,"GM1876"
"20240140958",2024,"Letsel",2,"Personenauto","Fiets","Flank","Kruispunt, 3 takken",50,"Niet brandend","Daglicht","Regen/Sneeuw/Hagel",\N,\N,"Hengelosestraat","Enschede","Enschede","Overijssel",false,52.225817,6.881488,"injury","2","unknown",false,1,"GM0153"
"20240144979",2024,"Uitsluitend materiele schade",2,"Bus","Fiets","Flank","Bocht",30,"Niet brandend","Daglicht","Droog",\N,\N,"Keizerstraat","Breda","Breda","Noord-Brabant",false,51.586492,4.778902,"material damage only","4","clear",false,1,"GM0758"
"20240140704",2024,"Uitsluitend materiele schade",2,"Fiets","Personenauto","Flank","Kruispunt, 4 takken",50,"Brandend","Duisternis","Harde windstoten/Regen",\N,\N,"Molenweg","Nijmegen","Nijmegen","Gelderland",false,51.84076,5.839018,"material damage only","4","unknown",false,1,"GM0268"
"20240140706",2024,"Letsel",2,"Bromfiets","Fiets","Frontaal","Rechte weg",80,"Niet brandend","Schemer","Droog",\N,"600490963","Apeldoornseweg","Otterlo","Ede","Gelderland",false,52.100698,5.758253,"injury","2","clear",false,1,"GM0228"
"20240142691",2024,"Letsel",2,"Personenauto","Fiets","Flank","Rotonde",50,"Niet brandend","Daglicht","Droog",\N,\N,"De Zevenhoeven","Heemskerk","Heemskerk","Noord-Holland",false,52.516328,4.687996,"injury","2","clear",false,1,"GM0396"
"20240138453",2024,"Letsel",2,"Bromfiets","Fiets","Frontaal","Rechte weg",80,"Brandend","Duisternis","Droog",\N,"340320001","Valkseweg","Barneveld","Barneveld","Gelderland",true,52.131952,5.613841,"injury","2","clear",false,1,"GM0203"
"20240141061",2024,"Letsel",2,"Personenauto","Fiets","Flank","Kruispunt, 4 takken",60,"Niet brandend","Daglicht","Droog",\N,\N,"Wenumsedwarsweg","Wenum Wiesel","Apeldoorn","Gelderland",false,52.249604,5.9536,"injury","2","clear",false,1,"GM0200"
"20240137183",2024,"Letsel",3,"Fiets","Los voorwerp","Los voorwerp","Rechte weg",\N,"Brandend","Duisternis","Mist",\N,"161161001","Trambaan","Ossendrecht","Woensdrecht","Noord-Brabant",false,51.409028,4.320118,"injury","2","fog",false,1,"GM0873"
"20240134125",2024,"Letsel",1,"Fiets",\N,"Eenzijdig","Rechte weg",30,"Brandend","Duisternis","Droog",\N,"191324137","Hoge Rijndijk","Zoeterwoude","Zoeterwoude","Zuid-Holland",false,52.146964,4.522932,"injury","2","clear",false,1,"GM0638"
"20240141894",2024,"Uitsluitend materiele schade",2,"Fiets","Personenauto","Flank","Rotonde",50,"Niet brandend","Daglicht","Droog",\N,\N,"Wibautstraat","Amsterdam","Amsterdam","Noord-Holland",false,52.348696,4.918416,"material damage only","4","clear",false,1,"GM0363"
"20240150450",2024,"Letsel",2,"Personenauto","Fiets","Flank","Kruispunt, 4 takken",30,"Niet brandend","Daglicht","Droog",\N,\N,"Steigerdijk","Heerhugowaard","Dijk en Waard","Noord-Holland",false,52.646355,4.819204,"injury","2","clear",false,1,"GM1980"
"20240151573",2024,"Letsel",2,"Fiets","Personenauto","Frontaal","Kruispunt, 4 takken",50,"Niet brandend","Daglicht","Droog",\N,\N,"Prins Hendriklaan","Soest","Soest","Utrecht",false,52.184653,5.290705,"injury","2","clear",false,1,"GM0342"
"20240134246",2024,"Letsel",2,"Fiets","Bestelauto","Flank","Kruispunt, 4 takken",50,"Niet brandend","Daglicht","Droog",\N,\N,"Koninginneweg","Rotterdam","Rotterdam","Zuid-Holland",false,51.891221,4.548827,"injury","2","clear",false,1,"GM0599"
"20240134851",2024,"Uitsluitend materiele schade",2,"Fiets","Overig vast object","Onbekend","Kruispunt, 4 takken",50,"Brandend","Schemer","Droog",\N,\N,"Burg Van Haarenlaan","Schiedam","Schiedam","Zuid-Holland",false,51.92294,4.402805,"material damage only","4","clear",false,1,"GM0606"
"20240137363",2024,"Uitsluitend materiele schade",2,"Personenauto","Fiets","Onbekend","Kruispunt, 3 takken",50,"Niet brandend","Daglicht","Droog",\N,\N,"Driesveldlaan","Weert","Weert","Limburg",false,51.251187,5.704411,"material damage only","4","clear",false,1,"GM0988"
"20240138619",2024,"Uitsluitend materiele schade",2,"Fiets","Personenauto","Flank","Rechte weg",50,"Brandend","Duisternis","Droog",\N,"600943090","Schellerbergweg","Zwolle","Zwolle","Overijssel",false,52.494232,6.086835,"material damage only","4","clear",false,1,"GM0193"
"20240147744",2024,"Letsel",1,"Fiets",\N,"Eenzijdig","Rechte weg",30,"Niet aanwezig","Duisternis","Droog",\N,"354193038","Reuzel","Gemert","Gemert-Bakel","Noord-Brabant",false,51.559436,5.709548,"injury","2","clear",false,1,"GM1652"
"20240136162",2024,"Uitsluitend materiele schade",2,"Personenauto","Fiets","Flank","Kruispunt, 4 takken",50,"Niet brandend","Daglicht","Droog",\N,"600543160","Sint Wirosingel","Roermond","Roermond","Limburg",false,51.175934,6.01057,"material damage only","4","clear",false,1,"GM0957"
"20240142094",2024,"Letsel",2,"Fiets","Bromfiets","Flank","Rechte weg",50,"Niet brandend","Daglicht","Droog",\N,"242376103","De Ruijterkade","Amsterdam","Amsterdam","Noord-Holland",false,52.382427,4.895005,"injury","2","clear",false,1,"GM0363"
"20240142564",2024,"Letsel",2,"Bus","Fiets","Onbekend","Rechte weg",50,"Niet brandend","Daglicht","Droog",\N,"233389049","Peperstraat","Zaandam","Zaanstad","Noord-Holland",false,52.440613,4.825927,"injury","2","clear",false,1,"GM0479"
"20240146455",2024,"Uitsluitend materiele schade",2,"Personenauto","Fiets","Flank","Kruispunt, 3 takken",30,"Brandend","Schemer","Droog",\N,\N,"Stadselaan","Valkenswaard","Valkenswaard","Noord-Brabant",false,51.349387,5.468283,"material damage only","4","clear",false,1,"GM0858"
"20240133778",2024,"Letsel",2,"Personenauto","Fiets","Flank","Kruispunt, 3 takken",50,"Brandend","Duisternis","Droog",\N,\N,"Nassaulaan","Waddinxveen","Waddinxveen","Zuid-Holland",false,52.052323,4.653827,"injury","2","clear",false,1,"GM0627"
"20240135634",2024,"Uitsluitend materiele schade",2,"Fiets","Personenauto","Flank","Kruispunt, 4 takken",50,"Niet brandend","Daglicht","Droog",\N,\N,"Maarschalkerwaard","Rotterdam","Rotterdam","Zuid-Holland",false,51.885886,4.547501,"material damage only","4","clear",false,1,"GM0599"
"20240138141",2024,"Uitsluitend materiele schade",2,"Landbouwvoertuig","Fiets","Kop/staart","Rechte weg",50,"Niet brandend","Daglicht","Droog",\N,"600865388","Aan de Vaart","Foxwolde","Noordenveld","Drenthe",false,53.15881,6.439648,"material damage only","4","clear",false,1,"GM1699"
"20240145785",2024,"Letsel",2,"Fiets","Overig vast object","Vast voorwerp","Kruispunt, 4 takken",50,"Niet brandend","Daglicht","Droog",\N,\N,"Rembrandtlaan","Sliedrecht","Sliedrecht","Zuid-Holland",false,51.817922,4.78786,"injury","2","clear",false,1,"GM0610"
"20240136291",2024,"Uitsluitend materiele schade",2,"Fiets",\N,"Frontaal","Rotonde",50,"Niet brandend","Daglicht","Droog",\N,\N,"FIETSPAD","Helmond","Helmond","Noord-Brabant",false,51.49046,5.666171,"material damage only","4","clear",false,1,"GM0794"
"20240147240",2024,"Letsel",2,"Personenauto","Fiets","Onbekend","Rotonde",50,"Brandend","Schemer","Droog",\N,\N,"Schietbaan","Middelburg","Middelburg","Zeeland",false,51.49225,3.636951,"injury","2","clear",false,1,\N
"20240135698",2024,"Letsel",2,"Personenauto","Fiets","Onbekend","Rechte weg",50,"Niet brandend","Daglicht","Droog",\N,\N,"Oudelandselaan","Berkel en Rodenrijs","Lansingerland","Zuid-Holland",false,51.986867,4.461521,"injury","2","clear",false,1,"GM1621"
"20240135108",2024,"Uitsluitend materiele schade",2,"Fiets","Personenauto","Flank","Rotonde",50,"Niet brandend","Daglicht","Droog",\N,\N,"Heemraadssingel","Rotterdam","Rotterdam","Zuid-Holland",false,51.921126,4.455036,"material damage only","4","clear",false,1,"GM0599"
"20240148945",2024,"Dodelijk",2,"Personenauto","Fiets","Flank","Kruispunt, 3 takken",80,"Brandend","Duisternis","Droog","Tankstation",\N,"Zwolseweg","IJsselmuiden","Kampen","Overijssel",false,52.537824,5.983624,"fatal","1","clear",false,1,"GM0166"
"20240149471",2024,"Letsel",2,"Fiets","Fiets","Flank","Bocht",30,"Niet brandend","Daglicht","Droog",\N,"478384039","Willem Alexanderlaan","Vriezenveen","Twenterand","Overijssel",false,52.41089,6.625102,"injury","2","clear",false,1,"GM1700"
"20240149480",2024,"Uitsluitend materiele schade",2,"Personenauto","Fiets","Onbekend","Rotonde",50,"Niet brandend","Daglicht","Droog",\N,\N,"Matenpoort","Apeldoorn","Apeldoorn","Gelderland",false,52.202447,5.99094,"material damage only","4","clear",false,1,"GM0200"
"20240150233",2024,"Uitsluitend materiele schade",2,"Personenauto","Fiets","Flank","Rotonde",50,"Brandend","Duisternis","Droog",\N,\N,"Richterslaan","Nieuwegein","Nieuwegein","Utrecht",false,52.033133,5.0861,"material damage only","4","clear",false,1,"GM0356"
"20240150554",2024,"Letsel",2,"Fiets","Personenauto","Flank","Rotonde",50,"Brandend","Duisternis","Droog",\N,\N,"Zandweg","Wijk bij Duurstede","Wijk bij Duurstede","Utrecht",false,51.981862,5.339825,"injury","2","clear",false,1,"GM0352"
"20240000632",2024,"Uitsluitend materiele schade",2,"Personenauto","Fiets","Onbekend","Kruispunt, 3 takken",50,"Niet brandend","Daglicht",\N,\N,\N,"Paul Krugerstraat","Vlissingen","Vlissingen","Zeeland",false,51.44689,3.568338,"material damage only","4","unknown",false,1,"GM0718"
"20240007485",2024,"Letsel",2,"Fiets","Motor","Flank","Rechte weg",50,"Niet brandend","Daglicht","Droog",\N,"601084598","Koningin Wilhelminaplein","Waddinxveen","Waddinxveen","Zuid-Holland",false,52.049808,4.65372,"injury","2","clear",false,1,"GM0627"
"20240010384",2024,"Letsel",2,"Personenauto","Fiets","Flank","Kruispunt, 4 takken",30,"Niet brandend","Daglicht","Regen",\N,\N,"Wiardaplantage","Leeuwarden","Leeuwarden","Friesland",false,53.1824,5.823719,"injury","2","rain",false,1,"GM0080"
"20240155518",2024,"Uitsluitend materiele schade",2,"Personenauto","Fiets","Flank","Kruispunt, 4 takken",50,"Niet brandend","Daglicht","Droog",\N,\N,"Oudelandseweg","Hoogvliet Rotterdam","Rotterdam","Zuid-Holland",false,51.871359,4.372181,"material damage only","4","clear",false,1,"GM0599"
"20240001012",2024,"Uitsluitend materiele schade",2,"Personenauto","Fiets","Flank","Kruispunt, 4 takken",50,"Brandend","Duisternis","Droog",\N,\N,"Johan Willem Frisolaan","Breda","Breda","Noord-Brabant",false,51.571827,4.77751,"material damage only","4","clear",false,1,"GM0758"
"20240007373",2024,"Uitsluitend materiele schade",2,"Bestelauto","Fiets","Los voorwerp","Kruispunt, 4 takken",50,"Niet brandend","Daglicht","Sneeuw/Hagel",\N,\N,"Smaragdlaan","Leiden","Leiden","Zuid-Holland",false,52.157955,4.458674,"material damage only","4","unknown",false,1,"GM0546"
"20240007520",2024,"Uitsluitend materiele schade",2,"Personenauto","Fiets","Flank","Rotonde",30,"Niet brandend","Daglicht","Sneeuw/Hagel",\N,\N,"Baden Powellweg","Amsterdam","Amsterdam","Noord-Holland",false,52.3476,4.798355,"material damage only","4","unknown",false,1,"GM0363"
"20240011839",2024,"Letsel",2,"Bromfiets","Fiets","Flank","Kruispunt, 4 takken",50,"Niet brandend","Daglicht","Regen",\N,\N,"Koninginneweg","Hilversum","Hilversum","Noord-Holland",false,52.229017,5.178864,"injury","2","rain",false,1,"GM0402"
"20240157129",2024,"Letsel",1,"Fiets",\N,"Eenzijdig","Rechte weg",50,"Niet brandend","Daglicht","Droog",\N,"360162006","Marialaan","Ommel","Asten","Noord-Brabant",false,51.419648,5.749449,"injury","2","clear",false,1,"GM0743"
"20240004927",2024,"Letsel",2,"Personenauto","Fiets","Flank","Kruispunt, 4 takken",50,"Brandend","Duisternis","Droog",\N,\N,"Bedrijvenweg","Doetinchem","Doetinchem","Gelderland",false,51.95309,6.298919,"injury","2","clear",false,1,"GM0222"
"20240008311",2024,"Letsel",2,"Fiets","Fiets","Flank","Rechte weg",30,"Niet brandend","Daglicht","Droog",\N,"600900828","Heemkade","Zoetermeer","Zoetermeer","Zuid-Holland",false,52.064075,4.54286,"injury","2","clear",false,1,"GM0637"
"20240019486",2024,"Uitsluitend materiele schade",2,"Personenauto","Fiets","Flank","Kruispunt, 3 takken",30,"Niet brandend","Daglicht","Droog",\N,\N,"Schuttersweg","Apeldoorn","Apeldoorn","Gelderland",false,52.217781,5.93527,"material damage only","4","clear",false,1,"GM0200"
"20240156567",2024,"Dodelijk",2,"Vrachtauto","Fiets","Flank","Kruispunt, 3 takken",60,"Brandend","Duisternis","Droog",\N,\N,"Rondveld","Sint Anthonis","Land van Cuijk","Noord-Brabant",true,51.621177,5.897046,"fatal","1","clear",false,1,"GM1982"
"20240007932",2024,"Letsel",2,"Bromfiets","Fiets","Kop/staart","Rechte weg",30,"Brandend","Duisternis","Droog",\N,"600900970","Lijnbaan","'s-Gravenhage","'s-Gravenhage","Zuid-Holland",false,52.07344,4.299127,"injury","2","clear",false,1,"GM0518"
"20240011933",2024,"Letsel",2,"Personenauto","Fiets","Onbekend","Kruispunt, 4 takken",30,"Niet brandend","Daglicht","Droog",\N,\N,"Hoogezandstraat","Almere","Almere","Flevoland",false,52.374001,5.213807,"injury","2","clear",false,1,"GM0034"
"20240022685",2024,"Uitsluitend materiele schade",2,"Bestelauto","Fiets","Flank","Rechte weg",50,"Niet brandend","Daglicht","Droog",\N,\N,"Karel Doormanlaan","Zwijndrecht","Zwijndrecht","Zuid-Holland",false,51.813985,4.6429,"material damage only","4","clear",false,1,"GM0642"
"20230112953",2023,"Letsel",3,"Personenauto","Fiets","Onbekend","Kruispunt, 4 takken",50,"Niet brandend","Daglicht","Droog",\N,\N,"Prins Clauslaan","'s-Gravenhage","'s-Gravenhage","Zuid-Holland",false,52.081428,4.330506,"injury","2","clear",false,1,"GM0518"
"20240008391",2024,"Letsel",1,"Fiets",\N,"Eenzijdig","Rechte weg",50,"Brandend","Duisternis","Harde windstoten/Regen","Brug/viaduct","600625873","Binckhorstlaan","'s-Gravenhage","'s-Gravenhage","Zuid-Holland",false,52.070842,4.335125,"injury","2","unknown",false,1,"GM0518"
"20240009670",2024,"Uitsluitend materiele schade",2,"Fiets","Personenauto","Flank","Kruispunt, 4 takken",50,"Niet brandend","Daglicht","Regen",\N,\N,"Arboretumlaan","Wageningen","Wageningen","Gelderland",false,51.966994,5.675317,"material damage only","4","rain",false,1,"GM0289"
"20240011033",2024,"Letsel",2,"Personenauto","Fiets","Frontaal","Bocht",30,"Niet brandend","Daglicht",\N,\N,"261321069","Antilopespoor","Maarssen","Stichtse Vecht","Utrecht",false,52.13252,5.034219,"injury","2","unknown",false,1,"GM1904"
"20240022905",2024,"Letsel",1,"Fiets",\N,"Onbekend","Rechte weg",30,"Brandend","Duisternis","Droog",\N,"600360934","Witte de Withstraat","Rotterdam","Rotterdam","Zuid-Holland",false,51.915861,4.478131,"injury","2","clear",false,1,"GM0599"
"20240155195",2024,"Letsel",2,"Personenauto","Fiets","Flank","Kruispunt, 4 takken",50,"Niet brandend","Schemer","Regen",\N,\N,"Parkweg","Schiedam","Schiedam","Zuid-Holland",false,51.924034,4.394854,"injury","2","rain",false,1,"GM0606"
"20230112415",2023,"Letsel",1,"Fiets",\N,"Eenzijdig","Rechte weg",50,"Niet brandend","Daglicht","Droog",\N,\N,"Zebraweg","Gouda","Gouda","Zuid-Holland",false,52.004789,4.745598,"injury","2","clear",false,1,"GM0513"
"20240008198",2024,"Uitsluitend materiele schade",2,"Personenauto","Fiets","Flank","Rechte weg",50,"Niet brandend","Daglicht","Droog",\N,"600761220","Zijkanaal H-weg","Amsterdam","Amsterdam","Noord-Holland",false,52.417169,4.859703,"material damage only","4","clear",false,1,"GM0363"
"20240010596",2024,"Uitsluitend materiele schade",2,"Personenauto","Fiets","Flank","Rotonde",50,"Niet brandend","Daglicht","Droog",\N,\N,"Hertog Aalbrechtweg","Alkmaar","Alkmaar","Noord-Holland",false,52.642378,4.763385,"material damage only","4","clear",false,1,"GM0361"
"20240024088",2024,"Uitsluitend materiele schade",2,"Personenauto","Fiets","Flank","Rotonde",30,"Niet brandend","Daglicht","Droog",\N,\N,"Mastdammenhoeve","Vught","Vught","Noord-Brabant",false,51.63876,5.280111,"material damage only","4","clear",false,1,"GM0865"
"20240156064",2024,"Letsel",2,"Personenauto","Fiets","Flank","Kruispunt, 3 takken",70,"Brandend","Duisternis","Droog",\N,\N,"Sloeweg","Vlissingen","Vlissingen","Zeeland",false,51.45758,3.588997,"injury","2","clear",false,1,"GM0718"
"20240005071",2024,"Uitsluitend materiele schade",2,"Bromfiets","Fiets","Onbekend","Rechte weg",50,"Niet brandend","Daglicht","Droog",\N,"479372019","Lisztstraat","Almelo","Almelo","Overijssel",false,52.357919,6.633742,"material damage only","4","clear",false,1,"GM0141"
"20240009394",2024,"Uitsluitend materiele schade",2,"Personenauto","Fiets","Frontaal","Kruispunt, 3 takken",50,"Niet brandend","Daglicht","Regen","Spoorwegovergang",\N,"Schoutenweg","Deventer","Deventer","Overijssel",false,52.261331,6.166897,"material damage only","4","rain",false,1,"GM0150"
"20240009409",2024,"Letsel",2,"Personenauto","Fiets","Flank","Rotonde",50,"Niet brandend","Daglicht","Regen",\N,\N,"Klaphekweg","Ede","Ede","Gelderland",false,52.033341,5.655204,"injury","2","rain",false,1,"GM0228"
"20240017718",2024,"Uitsluitend materiele schade",2,"Bromfiets","Fiets","Flank","Rechte weg",30,"Niet brandend","Daglicht","Droog",\N,"600817307","Kennedyweg","Wageningen","Wageningen","Gelderland",false,51.977648,5.6659,"material damage only","4","clear",false,1,"GM0289"
"20240010226",2024,"Uitsluitend materiele schade",2,"Personenauto","Fiets","Flank","Kruispunt, 3 takken",50,"Niet brandend","Daglicht","Droog",\N,\N,"Om den Noort","Wolvega","Weststellingwerf","Friesland",false,52.884084,5.99717,"material damage only","4","clear",false,1,"GM0098"
"20240010671",2024,"Uitsluitend materiele schade",2,"Personenauto","Fiets","Frontaal","Rechte weg",50,"Niet brandend","Daglicht","Regen",\N,"226505021","Weststraat","Den Helder","Den Helder","Noord-Holland",false,52.958569,4.767231,"material damage only","4","rain",false,1,"GM0400"
"20240018160",2024,"Letsel",2,"Personenauto","Fiets","Kop/staart","Kruispunt, 3 takken",30,"Niet brandend","Daglicht","Droog",\N,\N,"Molenstraat","de Wijk","De Wolden","Drenthe",false,52.672172,6.287535,"injury","2","clear",false,1,"GM1690"
"20240019096",2024,"Letsel",2,"Personenauto","Fiets","Onbekend","Kruispunt, 4 takken",30,"Niet brandend","Daglicht","Droog",\N,\N,"Ambachtslaan","Assendelft","Zaanstad","Noord-Holland",false,52.488675,4.757548,"injury","2","clear",false,1,"GM0479"
"20240019133",2024,"Uitsluitend materiele schade",2,"Personenauto","Fiets","Flank","Kruispunt, 4 takken",50,"Niet brandend","Daglicht","Droog",\N,\N,"Zuidtangent","Heerhugowaard","Dijk en Waard","Noord-Holland",false,52.668315,4.822532,"material damage only","4","clear",false,1,"GM1980"
"20230112516",2023,"Letsel",1,"Fiets",\N,"Eenzijdig","Rechte weg",30,"Brandend","Duisternis","Droog",\N,\N,"Plaswijckweg","Gouda","Gouda","Zuid-Holland",false,52.031493,4.701529,"injury","2","clear",false,1,"GM0513"
"20240156152",2024,"Letsel",2,"Personenauto","Fiets","Frontaal","Bocht",30,"Niet brandend","Daglicht","Droog",\N,"363057004","Stationsstraat","Elsloo","Stein","Limburg",false,50.946761,5.766026,"injury","2","clear",false,1,\N
"20240006377",2024,"Letsel",2,"Personenauto","Fiets","Onbekend","Rechte weg",30,"Niet brandend","Daglicht","Droog",\N,"228440002","Twuyverweg","Sint Pancras","Dijk en Waard","Noord-Holland",false,52.666148,4.788275,"injury","2","clear",false,1,"GM1980"
"20240011520",2024,"Uitsluitend materiele schade",1,"Fiets",\N,"Eenzijdig","Rechte weg",30,"Niet brandend","Daglicht","Regen",\N,"371250010","Antoinette v Pinxterenln","Nijmegen","Nijmegen","Gelderland",false,51.817228,5.834944,"material damage only","4","rain",false,1,"GM0268"
"20240019005",2024,"Letsel",2,"Bromfiets","Fiets","Flank","Rechte weg",60,"Niet brandend","Daglicht","Droog",\N,"601004132","Hillegommerdijk","Beinsdorp","Haarlemmermeer","Noord-Holland",false,52.288589,4.594412,"injury","2","clear",false,1,"GM0394"
"20240151925",2024,"Uitsluitend materiele schade",2,"Fiets","Motor","Frontaal","Rechte weg",50,"Brandend","Duisternis","Droog",\N,"600537386","Jan Evertsenstraat","Amsterdam","Amsterdam","Noord-Holland",false,52.369223,4.843252,"material damage only","4","clear",false,1,"GM0363"
"20240152579",2024,"Letsel",2,"Personenauto","Fiets","Flank","Rotonde",50,"Niet brandend","Daglicht","Regen",\N,\N,"Van Cranenburchlaan","Wassenaar","Wassenaar","Zuid-Holland",false,52.149863,4.403603,"injury","2","rain",false,1,"GM0629"
"20240155437",2024,"Letsel",3,"Bromfiets","Fiets","Frontaal","Rechte weg",\N,"Brandend","Duisternis","Droog",\N,"192268086","Atletiekstraat","Rotterdam","Rotterdam","Zuid-Holland",true,51.893224,4.530771,"injury","2","clear",false,1,"GM0599"
"20240002664",2024,"Letsel",2,"Personenauto","Fiets","Onbekend","Rotonde",70,"Brandend","Duisternis","Droog",\N,\N,"Maastrichterweg","Roermond","Roermond","Limburg",false,51.17294,5.97304,"injury","2","clear",false,1,"GM0957"
"20240021442",2024,"Uitsluitend materiele schade",2,"Fiets","Fiets","Onbekend","Rechte weg, gescheiden rijbanen",30,"Niet brandend","Daglicht","Droog",\N,"238374073","Admiraal De Ruijterweg","Amsterdam","Amsterdam","Noord-Holland",false,52.370569,4.864062,"material damage only","4","clear",false,1,"GM0363"
"20240013625",2024,"Letsel",2,"Personenauto","Fiets","Flank","Kruispunt, 3 takken",50,"Brandend","Duisternis","Droog",\N,\N,"De Vork","Heerhugowaard","Dijk en Waard","Noord-Holland",false,52.679772,4.849272,"injury","2","clear",false,1,"GM1980"
"20240014138",2024,"Uitsluitend materiele schade",2,"Personenauto","Fiets","Flank","Rotonde",50,"Niet brandend","Daglicht","Droog",\N,\N,"Onze Lieve Vrouwedijk","Waalre","Waalre","Noord-Brabant",false,51.39351,5.442182,"material damage only","4","clear",false,1,"GM0866"
"20240014634",2024,"Uitsluitend materiele schade",2,"Bestelauto","Fiets","Onbekend","Kruispunt, 4 takken",50,"Niet brandend","Daglicht","Droog",\N,\N,"Veltstraat","Zevenbergen","Moerdijk","Noord-Brabant",false,51.647778,4.59858,"material damage only","4","clear",false,1,"GM1709"
"20240153258",2024,"Uitsluitend materiele schade",2,"Personenauto","Fiets","Flank","Rechte weg",50,"Brandend","Duisternis","Droog",\N,"249359041","Hondsrugweg","Amsterdam","Amsterdam","Noord-Holland",false,52.304925,4.946607,"material damage only","4","clear",false,1,"GM0363"
"20240005231",2024,"Uitsluitend materiele schade",3,"Personenauto","Fiets","Vast voorwerp","Rechte weg",50,"Niet brandend","Daglicht","Droog",\N,"511462020","Brinkenweg","Emmen","Emmen","Drenthe",false,52.76074,6.881584,"material damage only","4","clear",false,1,"GM0114"
"20240013509",2024,"Letsel",2,"Fiets","Voetganger","Voetganger","Rechte weg",30,"Brandend","Schemer","Droog",\N,"164307143","Rijswijkseweg","'s-Gravenhage","'s-Gravenhage","Zuid-Holland",false,52.064401,4.330444,"injury","2","clear",false,1,"GM0518"
"20240015409",2024,"Letsel",2,"Personenauto","Fiets","Flank","Rechte weg",50,"Niet brandend","Daglicht","Droog",\N,\N,"President Wilsonweg","Rotterdam","Rotterdam","Zuid-Holland",false,51.96528,4.545801,"injury","2","clear",false,1,"GM0599"
"20240152669",2024,"Letsel",2,"Bromfiets","Fiets","Frontaal","Rechte weg",80,"Brandend","Duisternis","Droog",\N,\N,"Poeldijkseweg","Monster","Westland","Zuid-Holland",false,52.022287,4.18527,"injury","2","clear",false,1,"GM1783"
"20240153312",2024,"Uitsluitend materiele schade",2,"Personenauto","Fiets","Los voorwerp","Rechte weg",70,"Brandend","Duisternis","Droog","Tunnel",\N,"Nollenweg","Alkmaar","Alkmaar","Noord-Holland",false,52.645914,4.769028,"material damage only","4","clear",false,1,"GM0361"
"20230109039",2023,"Uitsluitend materiele schade",2,"Personenauto","Fiets","Onbekend","Kruispunt, 3 takken",30,"Brandend","Daglicht","Droog",\N,\N,"Oud Blaricumerweg","Naarden","Gooise Meren","Noord-Holland",false,52.284329,5.186498,"material damage only","4","clear",false,1,"GM1942"
"20240013553",2024,"Uitsluitend materiele schade",2,"Fiets","Personenauto","Flank","Rotonde",30,"Brandend","Daglicht","Regen",\N,\N,"Baden Powellweg","Amsterdam","Amsterdam","Noord-Holland",false,52.360062,4.788949,"material damage only","4","rain",false,1,"GM0363"
"20240155320",2024,"Uitsluitend materiele schade",2,"Bromfiets","Fiets","Onbekend","Bocht",50,\N,"Schemer","Droog",\N,"167296028","LEPELBRUG","Delft","Delft","Zuid-Holland",false,52.017908,4.351119,"material damage only","4","clear",false,1,"GM0503"