"accident_id","year","severity_raw","party_count","party1_type","party2_type","accident_type","road_situation","speed_limit_kmh","road_lighting","light_condition_label","weather_raw","infra_type","road_segment_id","street_name","place_name","gemeente_name_raw","province","alcohol_indicated","latitude","longitude","severity_label","severity_code","weather_label","built_up_area","cyclists_involved","gemeente_code"
"20230112053",2023,"Letsel",2,"Personenauto","Fiets","Geparkeerd voertuig","Rechte weg",30,"Brandend","Duisternis","Regen","Parkeervoorziening","600416650","Vijzelgracht","Amsterdam","Amsterdam","Noord-Holland",false,52.360702,4.891231,"injury","2","rain",false,1,"GM0363"
"20240156940",2024,"Uitsluitend materiele schade",2,"Personenauto","Fiets","Flank","Kruispunt, 4 takken",30,"Niet aanwezig","Daglicht","Regen",\N,\N,"Nieuwe Markt","Roosendaal","Roosendaal","Noord-Brabant",false,51.531065,4.459423,"material damage only","4","rain",false,1,"GM1674"
"20240011710",2024,"Uitsluitend materiele schade",2,"Personenauto","Fiets","Flank","Rechte weg",30,"Niet brandend","Daglicht","Droog",\N,"419324012","Stationsplein","Zutphen","Zutphen","Gelderland",false,52.143521,6.190293,"material damage only","4","clear",false,1,"GM0301"
"20240014946",2024,"Letsel",2,"Personenauto","Fiets","Kop/staart","Rechte weg",50,"Niet brandend","Daglicht","Droog",\N,"184273031","Westersingel","Rotterdam","Rotterdam","Zuid-Holland",false,51.913661,4.475353,"injury","2","clear",false,1,"GM0599"
"20230107971",2023,"Letsel",2,"Personenauto","Fiets","Flank","Rotonde",50,"Niet brandend","Daglicht","Droog",\N,\N,"MINISTER VAN HOUTENLAAN","Driehuis NH","Velsen","Noord-Holland",false,52.451265,4.633427,"injury","2","clear",false,1,"GM0453"
"20230110316",2023,"Uitsluitend materiele schade",2,"Bromfiets","Fiets","Onbekend","Kruispunt, 4 takken",60,"Brandend","Duisternis","Droog",\N,\N,"Langstraat","Halsteren","Bergen op Zoom","Noord-Brabant",false,51.516951,4.284179,"material damage only","4","clear",false,1,"GM0748"
"20240156320",2024,"Uitsluitend materiele schade",2,"Personenauto","Fiets","Onbekend","Kruispunt, 4 takken",30,"Brandend","Duisternis","Droog",\N,\N,"Marchantstraat","Oss","Oss","Noord-Brabant",false,51.757596,5.508494,"material damage only","4","clear",false,1,"GM0828"
"20240016502",2024,"Uitsluitend materiele schade",1,"Fiets",\N,"Frontaal","Rechte weg",50,"Niet brandend","Daglicht","Regen",\N,"600799910","Boslaan","Eindhoven","Eindhoven","Noord-Brabant",false,51.45523,5.446767,"material damage only","4","rain",false,1,"GM0772"
"20240021458",2024,"Letsel",2,"Fiets","Fiets","Flank","Rechte weg",30,"Niet brandend","Daglicht","Droog",\N,"600757820","Plesmanlaan","Amsterdam","Amsterdam","Noord-Holland",false,52.350209,4.824288,"injury","2","clear",false,1,"GM0363"
"20230108048",2023,"Letsel",2,"Fiets","Fiets","Onbekend","Rechte weg",30,"Niet brandend","Daglicht","Droog",\N,"218424016","Kennemerstraatweg","Heiloo","Heiloo","Noord-Holland",false,52.59647,4.708521,"injury","2","clear",false,1,"GM0399"
"20230112175",2023,"Letsel",3,"Fiets","Personenauto","Onbekend","Rechte weg",15,"Brandend","Duisternis","Regen",\N,"180340004","Herenweg","Noordwijk","Noordwijk","Zuid-Holland",false,52.218738,4.438885,"injury","2","rain",false,1,"GM0575"
"20240024822",2024,"Uitsluitend materiele schade",2,"Bromfiets","Fiets","Flank","Kruispunt, 4 takken",30,"Niet brandend","Daglicht","Regen",\N,\N,"Eikenlaan","Oudenbosch","Halderberge","Noord-Brabant",false,51.587751,4.539828,"material damage only","4","rain",false,1,"GM1655"
"20240025002",2024,"Uitsluitend materiele schade",2,"Fiets","Fiets","Onbekend","Rechte weg",30,"Niet brandend","Daglicht","Droog",\N,"156182119","Halsterseweg","Bergen op Zoom","Bergen op Zoom","Noord-Brabant",false,51.505758,4.279666,"material damage only","4","clear",false,1,"GM0748"
"20230111047",2023,"Letsel",1,"Fiets",\N,"Eenzijdig","Rechte weg",\N,"Niet brandend","Daglicht","Droog",\N,"600912563","Leyweg","'s-Gravenhage","'s-Gravenhage","Zuid-Holland",false,52.054475,4.269496,"injury","2","clear",false,1,"GM0518"
"20230112795",2023,"Letsel",1,"Fiets",\N,"Eenzijdig","Rechte weg",30,"Niet brandend","Daglicht","Droog",\N,"158309071","Beeklaan","'s-Gravenhage","'s-Gravenhage","Zuid-Holland",false,52.074546,4.280814,"injury","2","clear",false,1,"GM0518"
"20240027809",2024,"Letsel",2,"Personenauto","Fiets","Flank","Kruispunt, 4 takken",50,"Niet brandend","Daglicht","Droog",\N,\N,"Italiëlaan","Haarlem","Haarlem","Noord-Holland",false,52.361598,4.649992,"injury","2","clear",false,1,"GM0392"
"20230031718",2023,"Letsel",2,"Personenauto","Fiets","Flank","Rotonde",30,"Niet brandend","Schemer","Droog",\N,\N,"Roerderweg","Roermond","Roermond","Limburg",false,51.181559,5.978575,"injury","2","clear",false,1,"GM0957"
"20230066752",2023,"Uitsluitend materiele schade",2,"Fiets","Bestelauto","Flank","Kruispunt, 4 takken",50,"Niet brandend","Daglicht","Droog",\N,\N,"Brugdijk","Vianen","Vijfheerenlanden","Utrecht",false,51.995355,5.098161,"material damage only","4","clear",false,1,"GM1961"
"20230068784",2023,"Letsel",2,"Fiets","Voetganger","Voetganger","Rechte weg",\N,"Niet brandend","Daglicht","Droog",\N,"601046429","Zuidwal","Delft","Delft","Zuid-Holland",false,52.008464,4.364859,"injury","2","clear",false,1,"GM0503"
"20230015685",2023,"Uitsluitend materiele schade",2,"Bestelauto","Fiets","Flank","Rotonde",50,"Niet brandend","Daglicht","Droog",\N,\N,"Kerkplein","Soest","Soest","Utrecht",false,52.181812,5.304149,"material damage only","4","clear",false,1,"GM0342"
"20230022545",2023,"Uitsluitend materiele schade",2,"Personenauto","Fiets","Kop/staart","Kruispunt, 3 takken",30,"Niet brandend","Daglicht","Droog",\N,\N,"Fahrenheitstraat","'s-Gravenhage","'s-Gravenhage","Zuid-Holland",false,52.080488,4.267513,"material damage only","4","clear",false,1,"GM0518"
"20240029939",2024,"Letsel",2,"Personenauto","e-bike","Flank","Rotonde",50,"Niet brandend","Daglicht","Droog",\N,\N,"Dr. J.M. den Uylsingel","Alphen aan den Rijn","Alphen aan den Rijn","Zuid-Holland",false,52.128654,4.653967,"injury","2","clear",false,1,"GM0484"
"20230036130",2023,"Letsel",1,"Fiets",\N,"Eenzijdig","Rechte weg",30,"Niet brandend","Daglicht","Droog",\N,"502352114","de Wetstraat","Hengelo","Hengelo (O)","Overijssel",false,52.26578,6.795802,"injury","2","clear",false,1,\N
"20230066996",2023,"Uitsluitend materiele schade",2,"Personenauto","Fiets","Flank","Kruispunt, 3 takken",50,"Brandend","Duisternis","Droog",\N,\N,"Overtoom","Amsterdam","Amsterdam","Noord-Holland",false,52.3595,4.861851,"material damage only","4","clear",false,1,"GM0363"
"20230067803",2023,"Uitsluitend materiele schade",2,"Bus","Fiets","Frontaal","Kruispunt, 4 takken",30,"Niet brandend","Daglicht","Regen",\N,\N,"Oudegracht aan de Werf","Utrecht","Utrecht","Utrecht",false,52.093439,5.117017,"material damage only","4","rain",false,1,"GM0344"
"20240031196",2024,"Uitsluitend materiele schade",3,"Motor","Fiets","Onbekend","Rechte weg",30,"Niet brandend","Daglicht","Droog",\N,"240372009","Tweede Helmersstraat","Amsterdam","Amsterdam","Noord-Holland",false,52.364479,4.876603,"material damage only","4","clear",false,1,"GM0363"
"20230068805",2023,"Letsel",2,"Fiets","Personenauto","Flank","Kruispunt, 4 takken",30,"Niet brandend","Daglicht","Droog",\N,\N,"Wassenaerstraat","Wassenaar","Wassenaar","Zuid-Holland",false,52.140254,4.391873,"injury","2","clear",false,1,"GM0629"
"20230069640",2023,"Letsel",2,"Bromfiets","Fiets","Flank","Kruispunt, 4 takken",30,"Niet brandend","Daglicht","Droog",\N,\N,"Laan van Leidschenveen","'s-Gravenhage","'s-Gravenhage","Zuid-Holland",false,52.062877,4.398028,"injury","2","clear",false,1,"GM0518"
"20230012861",2023,"Uitsluitend materiele schade",2,"Personenauto","Fiets","Flank","Kruispunt, 3 takken",50,"Niet brandend","Daglicht","Regen",\N,\N,"Verbindingsweg","Herveld","Overbetuwe","Gelderland",false,51.919233,5.724522,"material damage only","4","rain",false,1,"GM1734"
"20230035214",2023,"Letsel",2,"Personenauto","e-bike","Flank","Rotonde",50,"Niet brandend","Daglicht","Droog",\N,\N,"Laan Corpus den Hoorn","Groningen","Groningen","Groningen",false,53.194872,6.551007,"injury","2","clear",false,1,"GM0014"
"20240030464",2024,"Letsel",3,"Personenauto","Fiets","Geparkeerd voertuig","Kruispunt, 4 takken",30,"Niet brandend","Daglicht","Droog",\N,\N,"Koningin Julianaweg","Leidschendam","Leidschendam-Voorburg","Zuid-Holland",false,52.083498,4.393488,"injury","2","clear",false,1,"GM1916"
"20230074402",2023,"Letsel",2,"Personenauto","Fiets","Flank","Rechte weg",30,"Niet brandend","Daglicht","Regen",\N,\N,"Elkingeslag","Emmen","Emmen","Drenthe",false,52.782458,6.931008,"injury","2","rain",false,1,"GM0114"
"20230074831",2023,"Uitsluitend materiele schade",3,"Scootmobiel","Fiets","Onbekend","Rechte weg",30,"Niet aanwezig","Daglicht","Droog",\N,\N,"Drachtenstraat","Almere","Almere","Flevoland",false,52.37344,5.210138,"material damage only","4","clear",false,1,"GM0034"
"20230023178",2023,"Uitsluitend materiele schade",2,"Bestelauto","Fiets","Flank","Kruispunt, 4 takken",50,"Niet brandend","Daglicht","Droog",\N,\N,"Boekhorststraat","'s-Gravenhage","'s-Gravenhage","Zuid-Holland",false,52.072031,4.311433,"material damage only","4","clear",false,1,"GM0518"
"20230023789",2023,"Letsel",2,"Personenauto","Fiets","Flank","Rechte weg",30,"Brandend","Duisternis","Droog",\N,\N,"Van Woustraat","Amsterdam","Amsterdam","Noord-Holland",false,52.353141,4.902617,"injury","2","clear",false,1,"GM0363"
"20230023795",2023,"Letsel",2,"Fiets","Fiets","Onbekend","Rechte weg",30,"Brandend","Schemer","Droog",\N,"600625690","Groot Hertoginnelaan","'s-Gravenhage","'s-Gravenhage","Zuid-Holland",false,52.08448,4.281342,"injury","2","clear",false,1,"GM0518"
"20230024362",2023,"Letsel",2,"Personenauto","Fiets","Flank","Kruispunt, 3 takken",50,"Niet brandend","Daglicht","Droog",\N,\N,"Oostenburgervoorstraat","Amsterdam","Amsterdam","Noord-Holland",false,52.368814,4.921959,"injury","2","clear",false,1,"GM0363"
"20230028383",2023,"Letsel",3,"Personenauto","Fiets","Onbekend","Kruispunt, 4 takken",30,"Niet brandend","Daglicht","Droog",\N,\N,"Zouavenlaan","Tilburg","Tilburg","Noord-Brabant",false,51.553373,5.051958,"injury","2","clear",false,1,"GM0855"
"20230029536",2023,"Uitsluitend materiele schade",2,"Personenauto","Fiets","Flank","Rotonde",50,"Niet brandend","Schemer","Droog",\N,\N,"Soestdijkseplein","'s-Gravenhage","'s-Gravenhage","Zuid-Holland",false,52.061653,4.283268,"material damage only","4","clear",false,1,"GM0518"
"20230029538",2023,"Letsel",1,"Fiets",\N,"Eenzijdig",\N,50,\N,"Daglicht",\N,\N,"161308045","Hobbemastraat","'s-Gravenhage","'s-Gravenhage","Zuid-Holland",false,52.070498,4.307652,"injury","2","unknown",false,1,"GM0518"
"20240030116",2024,"Letsel",1,"Fiets",\N,"Eenzijdig","Bocht",50,"Niet brandend","Daglicht","Droog",\N,"600454372","Pieter Kuijtpad","Wassenaar","Wassenaar","Zuid-Holland",false,52.115048,4.337843,"injury","2","clear",false,1,"GM0629"
"20230036771",2023,"Letsel",2,"Personenauto","Fiets","Flank","Kruispunt, 4 takken",50,"Niet brandend","Daglicht","Regen",\N,\N,"Orteliuslaan","Utrecht","Utrecht","Utrecht",false,52.071473,5.078367,"injury","2","rain",false,1,"GM0344"
"20230067609",2023,"Letsel",2,"Fiets","Fiets","Flank","Rechte weg",50,"Brandend","Duisternis","Droog",\N,"263436019","Geldelozeweg","Hoorn","Hoorn","Noord-Holland",false,52.650292,5.046523,"injury","2","clear",false,1,"GM0405"
"20230069267",2023,"Letsel",2,"Personenauto","Fiets","Flank","Rechte weg",80,"Niet aanwezig","Daglicht","Droog",\N,"600944257","Westvoorneweg","Rockanje","Voorne aan Zee","Zuid-Holland",false,51.884169,4.094479,"injury","2","clear",false,1,"GM1992"
"20230075935",2023,"Uitsluitend materiele schade",2,"Bromfiets","Fiets","Kop/staart","Kruispunt, 3 takken",100,"Niet brandend","Duisternis","Droog",\N,\N,"Driftakkerweg","Amersfoort","Amersfoort","Utrecht",false,52.140651,5.409112,"material damage only","4","clear",false,1,"GM0307"
"20230012915",2023,"Uitsluitend materiele schade",2,"Personenauto","Fiets","Flank","Kruispunt, 3 takken",30,"Niet brandend","Daglicht","Droog",\N,\N,"Tegalstraat","Enschede","Enschede","Overijssel",false,52.21133,6.902983,"material damage only","4","clear",false,1,"GM0153"
"20240028440",2024,"Uitsluitend materiele schade",2,"Personenauto","Fiets","Flank","Kruispunt, 4 takken",50,"Brandend","Duisternis","Droog",\N,\N,"Baronieweg","IJsselstein","IJsselstein","Utrecht",true,52.014568,5.044617,"material damage only","4","clear",false,1,"GM0353"
"20230028987",2023,"Uitsluitend materiele schade",1,"Fiets",\N,"Onbekend","Kruispunt, 4 takken",50,"Niet brandend","Daglicht","Droog",\N,\N,"Achillesstraat","Rotterdam","Rotterdam","Zuid-Holland",false,51.960322,4.487485,"material damage only","4","clear",false,1,"GM0599"
"20230035289",2023,"Letsel",2,"Landbouwvoertuig","Fiets","Flank","Rotonde",50,"Niet brandend","Daglicht","Regen",\N,\N,"Prins Hendrikkade","Sneek","Súdwest-Fryslân","Friesland",false,53.033927,5.665429,"injury","2","rain",false,1,"GM1900"
"20230067248",2023,"Uitsluitend materiele schade",2,"Personenauto","e-bike","Flank","Rotonde",50,"Niet brandend","Daglicht","Droog",\N,\N,"Urkerweg","Urk","Urk","Flevoland",false,52.658097,5.613609,"material damage only","4","clear",false,1,"GM0184"
"20240030474",2024,"Letsel",1,"Fiets",\N,"Onbekend",\N,50,\N,"Daglicht",\N,\N,"600900889","Skipad","Zoetermeer","Zoetermeer","Zuid-Holland",false,52.071832,4.453242,"injury","2","unknown",false,1,"GM0637"
"20230069740",2023,"Letsel",1,"Fiets",\N,"Eenzijdig","Rechte weg",50,"Niet brandend","Daglicht","Droog",\N,"155309057","Goudenregenstraat","'s-Gravenhage","'s-Gravenhage","Zuid-Holland",false,52.077069,4.263414,"injury","2","clear",false,1,"GM0518"
"20230076588",2023,"Uitsluitend materiele schade",2,"Personenauto","Fiets","Flank","Rechte weg",50,"Niet brandend","Daglicht","Droog",\N,"600742720","Santpoortse Dreef","Santpoort-Noord","Velsen","Noord-Holland",false,52.437872,4.639155,"material damage only","4","clear",false,1,"GM0453"
"20240026033",2024,"Letsel",2,"Personenauto","Fiets","Flank","Kruispunt, 4 takken",60,"Niet brandend","Daglicht","Droog",\N,\N,"Hosbekkeweg","Borne","Borne","Overijssel",false,52.302058,6.729394,"injury","2","clear",false,1,"GM0147"
"20230019884",2023,"Uitsluitend materiele schade",2,"Personenauto","Fiets","Los voorwerp","Rotonde",30,"Niet brandend","Daglicht","Droog",\N,\N,"Elburgerweg","Nunspeet","Nunspeet","Gelderland",false,52.380385,5.780039,"material damage only","4","clear",false,1,"GM0302"
"20230020425",2023,"Letsel",2,"Personenauto","Fiets","Flank","Kruispunt, 4 takken",50,"Niet brandend","Daglicht","Droog",\N,\N,"Buitenveldertselaan","Amsterdam","Amsterdam","Noord-Holland",false,52.3277,4.868694,"injury","2","clear",false,1,"GM0363"
"20230025602",2023,"Uitsluitend materiele schade",2,"Bromfiets","Fiets","Flank","Rechte weg",30,"Brandend","Duisternis","Droog",\N,"600684011","FIETSPAD","Rozenburg","Rotterdam","Zuid-Holland",false,51.907736,4.254232,"material damage only","4","clear",false,1,"GM0599"
"20230035763",2023,"Letsel",2,"Bromfiets","Fiets","Flank","Kruispunt, 4 takken",50,"Niet brandend","Daglicht","Droog","Tunnel",\N,"Antwerpenweg","Groningen","Groningen","Groningen",false,53.203605,6.60228,"injury","2","clear",false,1,"GM0014"
"20230077279",2023,"Letsel",1,"Fiets",\N,"Eenzijdig","Rechte weg",50,"Niet brandend","Daglicht","Droog",\N,"167297079","Brasserskade","Delft","Delft","Zuid-Holland",false,52.022866,4.3516,"injury","2","clear",false,1,"GM0503"
"20230077355",2023,"Letsel",2,"Fiets","Fiets","Frontaal","Rechte weg",30,"Niet brandend","Daglicht","Droog",\N,"600210306","Valkenburgerweg","Oegstgeest","Oegstgeest","Zuid-Holland",false,52.180851,4.443639,"injury","2","clear",false,1,"GM0579"
"20230077452",2023,"Uitsluitend materiele schade",2,"Bromfiets","Fiets","Frontaal","Kruispunt, 3 takken",50,"Brandend","Duisternis","Droog",\N,\N,"Nassaukade","Amsterdam","Amsterdam","Noord-Holland",false,52.369958,4.874879,"material damage only","4","clear",false,1,"GM0363"
"20240025588",2024,"Letsel",2,"Bromfiets","Fiets","Onbekend",\N,60,\N,"Daglicht",\N,\N,"600454060","Rondweg","Enter","Wierden","Overijssel",false,52.284066,6.564455,"injury","2","unknown",false,1,"GM0189"
"20230018116",2023,"Letsel",2,"Personenauto","Fiets","Flank","Kruispunt, 3 takken",30,"Niet brandend","Daglicht","Regen",\N,\N,"Prins Mauritslaan","Haarlem","Haarlem","Noord-Holland",false,52.363318,4.631652,"injury","2","rain",false,1,"GM0392"
"20230021617",2023,"Letsel",2,"Fiets","Fiets","Frontaal","Rechte weg",50,"Brandend","Duisternis","Droog",\N,"184330008","Rijnsburgerweg","Leiden","Leiden","Zuid-Holland",false,52.173716,4.473043,"injury","2","clear",false,1,"GM0546"
"20230023272",2023,"Letsel",2,"Fiets","Fiets","Flank","Rechte weg",50,"Niet brandend","Daglicht","Droog",\N,"170311137","Klaverweide","Voorburg","Leidschendam-Voorburg","Zuid-Holland",false,52.085905,4.372772,"injury","2","clear",false,1,"GM1916"
"20230023879",2023,"Letsel",2,"Bestelauto","Fiets","Eenzijdig","Rechte weg",50,"Niet aanwezig","Daglicht","Droog",\N,"153302005","De Werf","'s-Gravenhage","'s-Gravenhage","Zuid-Holland",false,52.043701,4.247038,"injury","2","clear",false,1,"GM0518"
"20230078349",2023,"Letsel",2,"Bestelauto","Fiets","Los voorwerp","Kruispunt, 4 takken",50,"Niet brandend","Daglicht","Droog",\N,\N,"Maanweg","'s-Gravenhage","'s-Gravenhage","Zuid-Holland",false,52.062661,4.34446,"injury","2","clear",false,1,"GM0518"
"20230078636",2023,"Letsel",2,"Bestelauto","Fiets","Eenzijdig","Kruispunt, 4 takken",50,"Niet aanwezig","Daglicht","Droog",\N,\N,"Mr. Jac. Takkade","Aalsmeer","Aalsmeer","Noord-Holland",false,52.304424,4.810819,"injury","2","clear",false,1,"GM0358"
"20240026493",2024,"Uitsluitend materiele schade",2,"Fiets","Overig wegmeubilair","Vast voorwerp","Kruispunt, 3 takken",30,"Brandend","Duisternis","Droog",\N,\N,"Meeuwenlaan","Sneek","Súdwest-Fryslân","Friesland",false,53.034831,5.652876,"material damage only","4","clear",false,1,"GM1900"
"20240029835",2024,"Uitsluitend materiele schade",2,"Fiets","Personenauto","Flank","Rechte weg",30,"Niet brandend","Daglicht","Droog",\N,"600362903","Gerard Doustraat","Amsterdam","Amsterdam","Noord-Holland",false,52.355247,4.887759,"material damage only","4","clear",false,1,"GM0363"
"20240029904",2024,"Letsel",2,"Fiets","Fiets","Flank","Rechte weg",30,"Niet aanwezig","Daglicht","Droog",\N,"600563651","Roelof Hartplein","Amsterdam","Amsterdam","Noord-Holland",false,52.353106,4.882333,"injury","2","clear",false,1,"GM0363"
"20230034938",2023,"Uitsluitend materiele schade",2,"Personenauto","Fiets","Flank","Kruispunt, 3 takken",50,"Niet brandend","Daglicht","Droog",\N,\N,"Ambachtstraat","Almelo","Almelo","Overijssel",false,52.33243,6.656186,"material damage only","4","clear",false,1,"GM0141"
"20230068049",2023,"Uitsluitend materiele schade",3,"Bestelauto","Fiets","Onbekend","Rechte weg",50,"Niet brandend","Daglicht","Droog",\N,"304329002","Nijverheidsweg-Noord","Amersfoort","Amersfoort","Utrecht",false,52.170511,5.349878,"material damage only","4","clear",false,1,"GM0307"
"20230075710",2023,"Letsel",2,"Personenauto","Fiets","Flank","Kruispunt, 4 takken",30,"Niet brandend","Daglicht","Droog",\N,\N,"Moskoustraat","Almere","Almere","Flevoland",false,52.397321,5.281284,"injury","2","clear",false,1,"GM0034"
"20230072983",2023,"Letsel",2,"Personenauto","Fiets","Flank","Kruispunt, 3 takken",30,"Niet brandend","Daglicht","Droog",\N,\N,"Bernhardstraat","Delden","Hof van Twente","Overijssel",false,52.256736,6.702865,"injury","2","clear",false,1,"GM1735"
"20230013607",2023,"Uitsluitend materiele schade",2,"Personenauto","Fiets","Flank","Rechte weg",30,"Brandend","Duisternis","Droog",\N,"600991602","Oosterstraat","Enschede","Enschede","Overijssel",false,52.223775,6.900837,"material damage only","4","clear",false,1,"GM0153"
"20230024558",2023,"Uitsluitend materiele schade",2,"Personenauto","Fiets","Voetganger","Rechte weg",50,"Brandend","Duisternis","Droog",\N,"241373067","Huidenstraat","Amsterdam","Amsterdam","Noord-Holland",false,52.368819,4.885663,"material damage only","4","clear",false,1,"GM0363"
"20230027999",2023,"Uitsluitend materiele schade",2,"Snorfiets","Fiets","Frontaal","Rechte weg",\N,"Brandend","Duisternis","Droog",\N,"268193044","Heuvelring","Tilburg","Tilburg","Noord-Brabant",false,51.556802,5.091185,"material damage only","4","clear",false,1,"GM0855"
"20240029154",2024,"Letsel",1,"Fiets",\N,"Eenzijdig","Rechte weg",50,"Niet brandend","Daglicht","Droog",\N,"600776627","Winthontlaan","Utrecht","Utrecht","Utrecht",false,52.056614,5.109282,"injury","2","clear",false,1,"GM0344"
"20230033876",2023,"Uitsluitend materiele schade",2,"Bromfiets","Fiets","Flank","Kruispunt, 4 takken",30,"Niet brandend","Daglicht","Droog",\N,\N,"Varsseveldseweg","Doetinchem","Doetinchem","Gelderland",false,51.967634,6.317678,"material damage only","4","clear",false,1,"GM0222"
"20240030063",2024,"Letsel",2,"Bromfiets","Fiets","Flank","Kruispunt, 3 takken",50,"Niet brandend","Daglicht","Droog",\N,\N,"Zoeterwoudseweg","Leiden","Leiden","Zuid-Holland",false,52.148045,4.485606,"injury","2","clear",false,1,"GM0546"
"20230035877",2023,"Uitsluitend materiele schade",2,"Personenauto","Fiets","Onbekend","Rotonde",50,"Niet brandend","Daglicht","Droog",\N,\N,"van Pallandtstraat","Velp","Rheden","Gelderland",false,51.99875,5.962146,"material damage only","4","clear",false,1,"GM0275"
"20230036398",2023,"Uitsluitend materiele schade",2,"Personenauto","Fiets","Flank","Kruispunt, 4 takken",50,"Niet brandend","Daglicht","Droog",\N,\N,"Dolingadreef","Amsterdam","Amsterdam","Noord-Holland",false,52.323961,4.943883,"material damage only","4","clear",false,1,"GM0363"
"20230078823",2023,"Letsel",1,"Fiets",\N,"Eenzijdig","Rechte weg",50,"Brandend","Duisternis","Regen",\N,"600507110","Nieuwe Zeeweg","Noordwijk","Noordwijk","Zuid-Holland",false,52.240219,4.441443,"injury","2","rain",false,1,"GM0575"
"20230078894",2023,"Letsel",2,"Personenauto","e-bike","Frontaal","Kruispunt, 4 takken",50,"Niet brandend","Daglicht","Droog",\N,\N,"Lammenschansweg","Leiden","Leiden","Zuid-Holland",false,52.149498,4.493461,"injury","2","clear",false,1,"GM0546"
"20230015985",2023,"Uitsluitend materiele schade",2,"Fiets","Fiets","Frontaal","Rechte weg",30,"Niet brandend","Daglicht","Droog",\N,"271313129","Amsterdamsestraatweg","Utrecht","Utrecht","Utrecht",false,52.098958,5.103018,"material damage only","4","clear",false,1,"GM0344"
"20230022246",2023,"Uitsluitend materiele schade",2,"Personenauto","Fiets","Onbekend","Rotonde",50,"Niet brandend","Schemer","Droog",\N,\N,"Beresteinlaan","'s-Gravenhage","'s-Gravenhage","Zuid-Holland",false,52.040638,4.256086,"material damage only","4","clear",false,1,"GM0518"
"20230028596",2023,"Uitsluitend materiele schade",2,"Personenauto","Fiets","Flank","Rotonde",50,"Niet brandend","Daglicht","Droog",\N,\N,"President Rooseveltweg","Rotterdam","Rotterdam","Zuid-Holland",false,51.956575,4.531862,"material damage only","4","clear",false,1,"GM0599"
"20230069111",2023,"Letsel",2,"Fiets","Fiets","Onbekend","Rechte weg",50,"Niet brandend","Daglicht","Droog",\N,"600201571","Escamplaan","'s-Gravenhage","'s-Gravenhage","Zuid-Holland",false,52.064802,4.27724,"injury","2","clear",false,1,"GM0518"
"20240030632",2024,"Letsel",2,"Personenauto","Fiets","Geparkeerd voertuig","Rechte weg",30,"Brandend","Duisternis","Droog",\N,"601004279","Dorpsstraat","Wormer","Wormerland","Noord-Holland",false,52.50012,4.821897,"injury","2","clear",false,1,"GM0880"
"20240030675",2024,"Letsel",2,"Personenauto","Fiets","Flank","Kruispunt, 3 takken",30,"Niet brandend","Schemer","Droog",\N,\N,"Bennebroekerdreef","Bennebroek","Bloemendaal","Noord-Holland",false,52.318423,4.5911,"injury","2","clear",false,1,"GM0377"
"20230077299",2023,"Letsel",2,"Personenauto","Fiets","Flank","Kruispunt, 4 takken",50,"Niet brandend","Daglicht","Droog",\N,\N,"Nieuwe Parklaan","'s-Gravenhage","'s-Gravenhage","Zuid-Holland",false,52.109496,4.286684,"injury","2","clear",false,1,"GM0518"
"20240025398",2024,"Uitsluitend materiele schade",2,"Personenauto","Fiets","Flank","Kruispunt, 3 takken",50,"Brandend","Duisternis","Droog",\N,\N,"Moskesweg","Breda","Breda","Noord-Brabant",false,51.599063,4.728579,"material damage only","4","clear",false,1,"GM0758"
"20230070418",2023,"Uitsluitend materiele schade",2,"Bromfiets","Fiets","Flank","Kruispunt, 3 takken",50,"Niet brandend","Daglicht","Droog",\N,\N,"Paletplein","Tilburg","Tilburg","Noord-Brabant",false,51.574868,5.038201,"material damage only","4","clear",false,1,"GM0855"
"20230070935",2023,"Letsel",2,"Personenauto","Fiets","Onbekend","Rechte weg",50,"Niet brandend","Daglicht","Droog",\N,"384019014","Wilhelminastraat","Epen","Gulpen-Wittem","Limburg",false,50.775798,5.912698,"injury","2","clear",false,1,"GM1729"
"20230022835",2023,"Letsel",2,"Personenauto","Fiets","Flank","Kruispunt, 4 takken",30,"Niet brandend","Daglicht","Droog",\N,\N,"Noordeinde","Rijnsburg","Katwijk","Zuid-Holland",false,52.194444,4.444495,"injury","2","clear",false,1,"GM0537"
"20230026337",2023,"Uitsluitend materiele schade",2,"Personenauto","Fiets","Flank","Kruispunt, 4 takken",50,"Niet brandend","Daglicht","Droog",\N,\N,"Prins Alexanderlaan","Rotterdam","Rotterdam","Zuid-Holland",false,51.950321,4.552092,"material damage only","4","clear",false,1,"GM0599"
"20230028075",2023,"Uitsluitend materiele schade",2,"Snorfiets","Fiets","Frontaal","Rechte weg",30,"Brandend","Daglicht","Regen",\N,"600559461","Kennedylaan","Terneuzen","Terneuzen","Zeeland",false,51.333996,3.825461,"material damage only","4","rain",false,1,"GM0715"
"20230035942",2023,"Uitsluitend materiele schade",2,"Fiets","Fiets","Flank","Kruispunt, 3 takken",30,"Niet brandend","Daglicht","Droog",\N,\N,"van Dokkumstraat","IJsselmuiden","Kampen","Overijssel",false,52.567082,5.931356,"material damage only","4","clear",false,1,"GM0166"
"20230078280",2023,"Letsel",2,"Fiets","Fiets","Frontaal","Rechte weg",50,"Niet brandend","Daglicht","Droog",\N,"170295126","Stalpaert vd Wieleweg","Delft","Delft","Zuid-Holland",false,52.011753,4.369007,"injury","2","clear",false,1,"GM0503"
"20230078506",2023,"Letsel",2,"Personenauto","Fiets","Flank","Rechte weg",50,"Brandend","Duisternis","Droog",\N,"600107422","Prinses Beatrixlaan","Rijswijk","Rijswijk","Zuid-Holland",false,52.035709,4.314688,"injury","2","clear",false,1,\N