"accident_id","year","severity_raw","party_count","party1_type","party2_type","accident_type","road_situation","speed_limit_kmh","road_lighting","light_condition_label","weather_raw","infra_type","road_segment_id","street_name","place_name","gemeente_name_raw","province","alcohol_indicated","latitude","longitude","severity_label","severity_code","weather_label","built_up_area","cyclists_involved","gemeente_code"
"20230016616",2023,"Letsel",2,"Fiets","Fiets","Flank","Kruispunt, 3 takken",30,"Niet brandend","Daglicht","Droog",\N,\N,"Hoogstraat","Montfort","Roerdalen","Limburg",false,51.124651,5.948654,"injury","2","clear",false,1,"GM1669"
"20230024673",2023,"Letsel",2,"Personenauto","e-bike","Flank","Kruispunt, 3 takken",50,"Niet brandend","Daglicht","Droog",\N,\N,"C. Keijzerlaan","Anna Paulowna","Hollands Kroon","Noord-Holland",false,52.863289,4.830074,"injury","2","clear",false,1,"GM1911"
"20230071827",2023,"Letsel",2,"Fiets",\N,"Eenzijdig","Kruispunt, 3 takken",60,"Niet brandend","Daglicht","Droog",\N,\N,"Moerstraatsebaan","Bergen op Zoom","Bergen op Zoom","Noord-Brabant",false,51.52044,4.319853,"injury","2","clear",false,1,"GM0748"
"20230037081",2023,"Uitsluitend materiele schade",2,"Personenauto","Fiets","Flank","Kruispunt, 3 takken",30,"Niet brandend","Daglicht","Droog",\N,\N,"Griend 20","Lelystad","Lelystad","Flevoland",false,52.498954,5.485645,"material damage only","4","clear",false,1,"GM0995"
"20230070032",2023,"Letsel",2,"Personenauto","Fiets","Flank","Kruispunt, 4 takken",30,"Niet brandend","Daglicht","Droog",\N,\N,"Kerkweg","Nootdorp","Pijnacker-Nootdorp","Zuid-Holland",false,52.043385,4.390802,"injury","2","clear",false,1,"GM1926"
"20230070683",2023,"Uitsluitend materiele schade",3,"Fiets","Personenauto","Onbekend","Kruispunt, 4 takken",50,"Brandend","Duisternis","Droog",\N,\N,"Oude Lind","Tilburg","Tilburg","Noord-Brabant",false,51.576833,5.084125,"material damage only","4","clear",false,1,"GM0855"
"20230073469",2023,"Letsel",4,"Fiets","Fiets","Onbekend","Rechte weg",60,"Niet aanwezig","Daglicht","Droog",\N,"600835893","Woeste Hoefweg","Hoenderloo","Apeldoorn","Gelderland",false,52.114842,5.924915,"injury","2","clear",false,1,"GM0200"
"20230013243",2023,"Uitsluitend materiele schade",2,"Personenauto","Fiets","Flank","Kruispunt, 3 takken",30,"Niet brandend","Daglicht","Droog",\N,\N,"Leeuwerikstraat","Ermelo","Ermelo","Gelderland",false,52.297076,5.604457,"material damage only","4","clear",false,1,"GM0233"
"20240026250",2024,"Uitsluitend materiele schade",2,"Bestelauto","Fiets","Flank","Rotonde",80,"Niet brandend","Daglicht","Droog",\N,\N,"van der Mondeweg","Haalderen","Lingewaard","Gelderland",false,51.892707,5.919201,"material damage only","4","clear",false,1,"GM1705"
"20230020177",2023,"Letsel",2,"Fiets","Overig vast object","Vast voorwerp","Rechte weg",30,"Niet brandend","Daglicht","Droog",\N,"186304041","Dunantstraat","Zoetermeer","Zoetermeer","Zuid-Holland",false,52.054132,4.483402,"injury","2","clear",false,1,"GM0637"
"20230020736",2023,"Letsel",2,"Fiets","Fiets","Onbekend","Rechte weg",50,"Brandend","Duisternis","Droog",\N,"600762362","Max Euweplein","Amsterdam","Amsterdam","Noord-Holland",false,52.362251,4.882838,"injury","2","clear",false,1,"GM0363"
"20230021852",2023,"Letsel",2,"Fiets","e-bike","Flank","Kruispunt, 3 takken",30,"Niet brandend","Daglicht","Droog",\N,\N,"Prins Bernhardstraat","Nootdorp","Pijnacker-Nootdorp","Zuid-Holland",false,52.043803,4.396365,"injury","2","clear",false,1,"GM1926"
"20230031620",2023,"Uitsluitend materiele schade",2,"Personenauto","Fiets","Onbekend","Rotonde",50,"Niet brandend","Daglicht","Droog",\N,\N,"Jos Klijnenlaan","Geleen","Sittard-Geleen","Limburg",false,50.957937,5.820169,"material damage only","4","clear",false,1,"GM1883"
"20230032176",2023,"Uitsluitend materiele schade",2,"Personenauto","Fiets","Flank","Kruispunt, 4 takken",50,"Niet brandend","Daglicht","Regen",\N,\N,"Frankenstraat","Maastricht","Maastricht","Limburg",false,50.851998,5.718126,"material damage only","4","rain",false,1,"GM0935"
"20230073345",2023,"Uitsluitend materiele schade",1,"Fiets",\N,"Onbekend","Rechte weg",\N,"Niet brandend","Daglicht","Droog",\N,"388344008","Kostverloren","Apeldoorn","Apeldoorn","Gelderland",false,52.236296,5.963313,"material damage only","4","clear",false,1,"GM0200"
"20230073481",2023,"Uitsluitend materiele schade",3,"Personenauto","Fiets","Los voorwerp","Rechte weg",50,"Niet brandend","Daglicht","Droog",\N,\N,"Parkweg","Almelo","Almelo","Overijssel",false,52.363297,6.668296,"material damage only","4","clear",false,1,"GM0141"
"20230074723",2023,"Uitsluitend materiele schade",2,"Personenauto","Fiets","Flank","Kruispunt, 3 takken",30,"Niet brandend","Daglicht","Droog",\N,\N,"Dorpsstraat","Castricum","Castricum","Noord-Holland",false,52.546881,4.663928,"material damage only","4","clear",false,1,"GM0383"
"20230078058",2023,"Letsel",1,"Fiets",\N,"Eenzijdig","Bocht",30,"Niet brandend","Daglicht","Droog",\N,"600714844","Nieboerweg","'s-Gravenhage","'s-Gravenhage","Zuid-Holland",false,52.091296,4.264304,"injury","2","clear",false,1,"GM0518"
"20230019033",2023,"Letsel",3,"Personenauto","Fiets","Flank","Kruispunt, 4 takken",80,"Niet brandend","Daglicht","Droog",\N,\N,"Aadorpweg","Aadorp","Almelo","Overijssel",false,52.374638,6.636896,"injury","2","clear",false,1,"GM0141"
"20230020185",2023,"Uitsluitend materiele schade",1,"Fiets",\N,"Flank","Rechte weg",15,"Niet brandend","Daglicht","Droog",\N,"161306018","Vaillantlaan","'s-Gravenhage","'s-Gravenhage","Zuid-Holland",false,52.064653,4.308288,"material damage only","4","clear",false,1,"GM0518"
"20240030332",2024,"Letsel",2,"Personenauto","Fiets","Flank","Rotonde",50,"Niet brandend","Daglicht","Regen",\N,\N,"Hengelolaan","'s-Gravenhage","'s-Gravenhage","Zuid-Holland",false,52.040689,4.255786,"injury","2","rain",false,1,"GM0518"
"20230074540",2023,"Letsel",3,"Fiets","Fiets","Vast voorwerp","Rechte weg",30,"Brandend","Duisternis","Droog",\N,"209383059","Rijksstraatweg","Haarlem","Haarlem","Noord-Holland",false,52.410815,4.651202,"injury","2","clear",false,1,"GM0392"
"20230076089",2023,"Letsel",1,"Fiets",\N,"Eenzijdig","Rechte weg",80,"Niet brandend","Daglicht","Droog",\N,"600550139","Bergerweg","Bergen (NH)","Bergen (NH)","Noord-Holland",false,52.656046,4.718848,"injury","2","clear",false,1,\N
"20230013307",2023,"Uitsluitend materiele schade",2,"Personenauto","e-bike","Flank","Kruispunt, 4 takken",50,"Niet brandend","Daglicht","Droog",\N,\N,"Burcht","Almelo","Almelo","Overijssel",false,52.372642,6.675253,"material damage only","4","clear",false,1,"GM0141"
"20230019659",2023,"Letsel",2,"Fiets","Overig vast object","Vast voorwerp","Bocht",50,"Niet brandend","Daglicht","Droog",\N,"239336027","Viergang","Mijdrecht","De Ronde Venen","Utrecht",false,52.201004,4.869036,"injury","2","clear",false,1,"GM0736"
"20230020804",2023,"Uitsluitend materiele schade",2,"Personenauto","Fiets","Frontaal","Kruispunt, 4 takken",50,"Brandend","Duisternis","Droog",\N,\N,"Prins Hendrikkade","Amsterdam","Amsterdam","Noord-Holland",false,52.376126,4.902942,"material damage only","4","clear",false,1,"GM0363"
"20230021354",2023,"Letsel",2,"Personenauto","Fiets","Flank","Kruispunt, 4 takken",50,"Brandend","Duisternis","Regen",\N,\N,"Guntersteinweg","'s-Gravenhage","'s-Gravenhage","Zuid-Holland",false,52.047256,4.303293,"injury","2","rain",false,1,"GM0518"
"20230025933",2023,"Letsel",2,"Fiets","Fiets","Onbekend","Rechte weg",30,"Brandend","Schemer","Droog",\N,"600597041","Horváthweg","Rotterdam","Rotterdam","Zuid-Holland",false,51.920297,4.420827,"injury","2","clear",false,1,"GM0599"
"20230066704",2023,"Letsel",2,"Fiets","Fiets","Frontaal","Rechte weg",30,"Niet aanwezig","Daglicht","Droog",\N,"600802174","Veenseweg","Amerongen","Utrechtse Heuvelrug","Utrecht",false,52.003236,5.479943,"injury","2","clear",false,1,"GM1581"
"20230075790",2023,"Letsel",2,"Personenauto","Fiets","Frontaal","Rechte weg",60,"Niet brandend","Daglicht","Regen",\N,"300283001","Lekdijk West","Wijk bij Duurstede","Wijk bij Duurstede","Utrecht",false,51.963072,5.3223,"injury","2","rain",false,1,"GM0352"
"20240025348",2024,"Letsel",2,"Personenauto","Fiets","Onbekend","Kruispunt, 3 takken",50,"Niet brandend","Daglicht","Droog",\N,\N,"Schijndelseweg","Sint-Michielsgestel","Sint-Michielsgestel","Noord-Brabant",false,51.638371,5.360837,"injury","2","clear",false,1,"GM0845"
"20230023644",2023,"Uitsluitend materiele schade",2,"Fiets","Bestelauto","Onbekend","Rotonde",50,"Brandend","Schemer","Droog",\N,\N,"Baden Powellweg","Amsterdam","Amsterdam","Noord-Holland",false,52.362681,4.787673,"material damage only","4","clear",false,1,"GM0363"
"20230028365",2023,"Letsel",1,"Fiets",\N,"Eenzijdig","Bocht",\N,"Niet aanwezig","Daglicht","Regen",\N,"124276030","Noordoever Oostv Meer","Oostvoorne","Voorne aan Zee","Zuid-Holland",false,51.927073,4.04362,"injury","2","rain",false,1,"GM1992"
"20230029097",2023,"Letsel",2,"Personenauto","Fiets","Frontaal","Kruispunt, 3 takken",50,"Niet aanwezig","Daglicht","Droog",\N,\N,"Wulpstraat","Hellevoetsluis","Voorne aan Zee","Zuid-Holland",false,51.834164,4.123782,"injury","2","clear",false,1,"GM1992"
"20230095960",2023,"Uitsluitend materiele schade",2,"Personenauto","Fiets","Flank","Kruispunt, 4 takken",50,"Niet brandend","Daglicht","Droog",\N,\N,"Trumanlaan","Utrecht","Utrecht","Utrecht",false,52.074845,5.092434,"material damage only","4","clear",false,1,"GM0344"
"20230108968",2023,"Uitsluitend materiele schade",2,"Bromfiets","Fiets","Onbekend","Rechte weg",\N,"Niet brandend","Schemer","Droog",\N,"600252778","Meierij","Lelystad","Lelystad","Flevoland",false,52.494779,5.480079,"material damage only","4","clear",false,1,"GM0995"
"20230113153",2023,"Uitsluitend materiele schade",2,"Fiets","Personenauto","Flank","Rechte weg",50,"Brandend","Duisternis","Regen",\N,"157309140","Edisonstraat","'s-Gravenhage","'s-Gravenhage","Zuid-Holland",false,52.076125,4.274168,"material damage only","4","rain",false,1,"GM0518"
"20240041868",2024,"Letsel",2,"Fiets","Fiets","Flank","Kruispunt, 4 takken",30,"Niet brandend","Daglicht","Droog",\N,\N,"Heuvelring","Tilburg","Tilburg","Noord-Brabant",false,51.559422,5.091213,"injury","2","clear",false,1,"GM0855"
"20240078963",2024,"Letsel",2,"Personenauto","Fiets","Flank","Rotonde",50,"Niet brandend","Daglicht","Droog",\N,\N,"Van Leeuwenhoeklaan","Zoetermeer","Zoetermeer","Zuid-Holland",false,52.057511,4.485987,"injury","2","clear",false,1,"GM0637"
"20240080245",2024,"Letsel",2,"Personenauto","Fiets","Flank","Kruispunt, 4 takken",50,"Niet brandend","Daglicht","Droog",\N,\N,"Belgiëlaan","Haarlem","Haarlem","Noord-Holland",false,52.364625,4.64361,"injury","2","clear",false,1,"GM0392"
"20240040479",2024,"Letsel",1,"Fiets",\N,"Eenzijdig","Rechte weg",50,"Niet brandend","Daglicht","Droog",\N,"600890718","Groen van Prinstererlaan","'s-Gravenhage","'s-Gravenhage","Zuid-Holland",false,52.062406,4.245681,"injury","2","clear",false,1,"GM0518"
"20240042573",2024,"Letsel",1,"Fiets",\N,"Eenzijdig","Rechte weg",30,"Niet brandend","Daglicht","Droog","Brug/viaduct","600255175","Woudweg","Schiedam","Schiedam","Zuid-Holland",false,51.950566,4.364265,"injury","2","clear",false,1,"GM0606"
"20240033491",2024,"Uitsluitend materiele schade",2,"Fiets","Personenauto","Flank","Kruispunt, 4 takken",50,"Niet brandend","Daglicht","Droog",\N,\N,"Köbbesweg","Maastricht","Maastricht","Limburg",false,50.814422,5.719312,"material damage only","4","clear",false,1,"GM0935"
"20240072293",2024,"Uitsluitend materiele schade",2,"Fiets","Bromfiets","Flank","Rechte weg",30,"Niet brandend","Daglicht","Droog",\N,"158310104","Suezkade","'s-Gravenhage","'s-Gravenhage","Zuid-Holland",false,52.079204,4.285274,"material damage only","4","clear",false,1,"GM0518"
"20240077010",2024,"Letsel",1,"Fiets",\N,"Onbekend",\N,30,\N,"Daglicht",\N,\N,"294380064","Strijkmolenstraat","Almere","Almere","Flevoland",false,52.39872,5.274018,"injury","2","unknown",false,1,"GM0034"
"20240077036",2024,"Letsel",2,"Bestelauto","Fiets","Flank","Kruispunt, 4 takken",30,"Brandend","Daglicht","Droog",\N,\N,"Roerdompstraat","Baarn","Baarn","Utrecht",false,52.200785,5.298762,"injury","2","clear",false,1,"GM0308"
"20240081413",2024,"Letsel",1,"Fiets",\N,"Eenzijdig","Rechte weg",50,"Niet brandend","Daglicht","Droog",\N,"600891606","van de Mortelstraat","Noordwijk","Noordwijk","Zuid-Holland",false,52.240636,4.448275,"injury","2","clear",false,1,"GM0575"
"20240033592",2024,"Uitsluitend materiele schade",2,"Personenauto","Fiets","Frontaal","Rotonde",30,"Niet brandend","Daglicht","Droog",\N,\N,"Hooghout","Breda","Breda","Noord-Brabant",false,51.589856,4.806174,"material damage only","4","clear",false,1,"GM0758"
"20240080388",2024,"Uitsluitend materiele schade",2,"Bestelauto","Fiets","Flank","Kruispunt, 4 takken",30,"Niet brandend","Daglicht","Droog",\N,\N,"Nassauweg","Dordrecht","Dordrecht","Zuid-Holland",false,51.804557,4.668885,"material damage only","4","clear",false,1,"GM0505"
"20240079172",2024,"Uitsluitend materiele schade",3,"Fiets","Fiets","Flank","Rechte weg",30,"Niet brandend","Daglicht","Droog",\N,"600106903","Valkenboslaan","'s-Gravenhage","'s-Gravenhage","Zuid-Holland",false,52.076591,4.275542,"material damage only","4","clear",false,1,"GM0518"
"20240040029",2024,"Letsel",1,"Fiets",\N,"Onbekend","Rechte weg",30,"Niet brandend","Daglicht","Droog",\N,"159310056","Waldeck Pyrmontkade","'s-Gravenhage","'s-Gravenhage","Zuid-Holland",false,52.078486,4.292215,"injury","2","clear",false,1,"GM0518"
"20240047379",2024,"Uitsluitend materiele schade",2,"Personenauto","Fiets","Flank","Kruispunt, 3 takken",30,"Niet brandend","Daglicht","Droog",\N,\N,"Klinkerweg","Finsterwolde","Oldambt","Groningen",false,53.185788,7.080676,"material damage only","4","clear",false,1,"GM1895"
"20240079875",2024,"Uitsluitend materiele schade",2,"Personenauto","Fiets","Flank","Rechte weg",50,"Niet brandend","Daglicht","Droog",\N,\N,"Prov wg Z-Castricum","Koog aan de Zaan","Zaanstad","Noord-Holland",false,52.457632,4.806221,"material damage only","4","clear",false,1,"GM0479"
"20240034387",2024,"Letsel",2,"Personenauto","Fiets","Flank","Kruispunt, 3 takken",30,"Niet brandend","Daglicht","Droog",\N,\N,"Wouwerdries","Chaam","Alphen-Chaam","Noord-Brabant",false,51.504412,4.866171,"injury","2","clear",false,1,"GM1723"
"20240037788",2024,"Letsel",2,"Personenauto","Fiets","Flank","Kruispunt, 4 takken",50,"Niet brandend","Daglicht","Droog",\N,\N,"Uitgeesterweg","Limmen","Castricum","Noord-Holland",false,52.562235,4.690415,"injury","2","clear",false,1,"GM0383"
"20240040084",2024,"Letsel",1,"Fiets",\N,"Onbekend",\N,30,\N,"Daglicht",\N,\N,"143298030","Rijnweg","Monster","Westland","Zuid-Holland",false,52.028306,4.172649,"injury","2","unknown",false,1,"GM1783"
"20240080549",2024,"Letsel",2,"Fiets","Fiets","Onbekend","Rechte weg",30,"Brandend","Daglicht","Droog",\N,"600994179","Buitenhaven","Terneuzen","Terneuzen","Zeeland",false,51.329401,3.815323,"injury","2","clear",false,1,"GM0715"
"20240033164",2024,"Uitsluitend materiele schade",2,"Bromfiets","Fiets","Flank","Rechte weg",30,"Niet brandend","Daglicht","Droog","Brug/viaduct","187274089","Maasboulevard","Rotterdam","Rotterdam","Zuid-Holland",false,51.919734,4.497679,"material damage only","4","clear",false,1,"GM0599"
"20240048091",2024,"Letsel",2,"Personenauto","Fiets","Geparkeerd voertuig","Rechte weg",30,"Niet brandend","Daglicht","Droog",\N,"600936112","Munnikenweg","Oudorp","Alkmaar","Noord-Holland",false,52.637077,4.771942,"injury","2","clear",false,1,"GM0361"
"20240033814",2024,"Uitsluitend materiele schade",2,"Personenauto","Fiets","Flank","Rechte weg",60,"Niet brandend","Daglicht","Droog",\N,"215184006","Kruispad","Rijsbergen","Zundert","Noord-Brabant",false,51.513756,4.713653,"material damage only","4","clear",false,1,"GM0879"
"20240033821",2024,"Uitsluitend materiele schade",2,"Personenauto","Fiets","Flank","Kruispunt, 3 takken",50,"Niet brandend","Daglicht","Droog",\N,\N,"Driek van Erpstraat","Oss","Oss","Noord-Brabant",false,51.770674,5.518333,"material damage only","4","clear",false,1,"GM0828"
"20240040849",2024,"Letsel",2,"Personenauto","Fiets","Flank","Rechte weg",30,"Niet brandend","Daglicht","Droog",\N,"171308026","Schrepelpad","'s-Gravenhage","'s-Gravenhage","Zuid-Holland",false,52.072021,4.378777,"injury","2","clear",false,1,"GM0518"
"20240041609",2024,"Letsel",1,"Fiets",\N,"Onbekend",\N,60,\N,"Daglicht",\N,\N,\N,"Hogeweg","Hoofdplaat","Sluis","Zeeland",false,51.373923,3.639909,"injury","2","unknown",false,1,"GM1714"
"20240048111",2024,"Letsel",2,"Bestelauto","Fiets","Onbekend","Kruispunt, 4 takken",50,"Niet brandend","Daglicht","Droog",\N,\N,"Europalaan","Utrecht","Utrecht","Utrecht",false,52.064478,5.107283,"injury","2","clear",false,1,"GM0344"
"20240048117",2024,"Uitsluitend materiele schade",1,"Fiets",\N,"Eenzijdig","Rechte weg",30,"Niet brandend","Daglicht","Regen",\N,"600749040","Omloop","Schoorl","Bergen (NH)","Noord-Holland",false,52.696976,4.700873,"material damage only","4","rain",false,1,\N
"20240048129",2024,"Letsel",2,"Personenauto","Fiets","Geparkeerd voertuig","Bocht",30,"Niet brandend","Daglicht","Regen",\N,"224437061","Laan van Brussel","Alkmaar","Alkmaar","Noord-Holland",false,52.656376,4.75296,"injury","2","rain",false,1,"GM0361"
"20240035473",2024,"Uitsluitend materiele schade",2,"Fiets","Fiets","Frontaal","Rechte weg",60,"Niet aanwezig","Daglicht","Droog",\N,"396305002","Lange Juffer","Laag-Soeren","Rheden","Gelderland",false,52.058654,6.024629,"material damage only","4","clear",false,1,"GM0275"
"20240051321",2024,"Letsel",2,"Personenauto","Fiets","Flank","Kruispunt, 3 takken",50,"Niet brandend","Daglicht","Droog",\N,\N,"Westtangent","Heerhugowaard","Dijk en Waard","Noord-Holland",false,52.665693,4.82141,"injury","2","clear",false,1,"GM1980"
"20240035546",2024,"Letsel",2,"Personenauto","Fiets","Onbekend","Kruispunt, 3 takken",60,"Niet brandend","Daglicht","Droog",\N,\N,"Oude Groenloseweg","Eibergen","Berkelland","Gelderland",false,52.076577,6.636976,"injury","2","clear",false,1,"GM1859"
"20240051345",2024,"Uitsluitend materiele schade",2,"Bromfiets","Fiets","Flank","Kruispunt, 4 takken",50,"Niet brandend","Daglicht","Droog",\N,\N,"Rubenslaan","Alkmaar","Alkmaar","Noord-Holland",false,52.626489,4.717506,"material damage only","4","clear",false,1,"GM0361"
"20240176471",2024,"Uitsluitend materiele schade",2,"Fiets","Bus","Flank","Rechte weg",50,"Niet brandend","Daglicht","Droog",\N,"600480846","Luchthavenweg","Eindhoven","Eindhoven","Noord-Brabant",false,51.456055,5.39481,"material damage only","4","clear",false,1,"GM0772"
"20240037088",2024,"Letsel",3,"Personenauto","Fiets","Onbekend","Kruispunt, 4 takken",50,"Niet brandend","Daglicht","Droog",\N,\N,"Hommelstraat","Arnhem","Arnhem","Gelderland",false,51.985945,5.914189,"injury","2","clear",false,1,"GM0202"
"20240047659",2024,"Uitsluitend materiele schade",2,"Personenauto","Fiets","Flank","Rechte weg",50,"Niet brandend","Daglicht","Droog",\N,"600783842","Nieuwe Bussummerweg","Huizen","Huizen","Noord-Holland",false,52.294464,5.223725,"material damage only","4","clear",false,1,"GM0406"
"20230093986",2023,"Letsel",2,"Bestelauto","Fiets","Eenzijdig","Kruispunt, 3 takken",30,"Brandend","Duisternis","Droog",\N,\N,"P.S. Gerbrandyhof","Hoogezand","Midden-Groningen","Groningen",false,53.15263,6.756546,"injury","2","clear",false,1,"GM1952"
"20230098042",2023,"Uitsluitend materiele schade",2,"Personenauto","Fiets","Flank","Rechte weg",30,"Brandend","Schemer","Droog",\N,"600891730","Haarlemmerstraat","Zandvoort","Zandvoort","Noord-Holland",false,52.369319,4.5384,"material damage only","4","clear",false,1,"GM0473"
"20230099758",2023,"Uitsluitend materiele schade",2,"Bestelauto","Fiets","Flank","Rechte weg",80,"Niet brandend","Daglicht","Regen",\N,"293212003","Hoevensestraat","Vught","Vught","Noord-Brabant",false,51.647244,5.26909,"material damage only","4","rain",false,1,"GM0865"
"20230104217",2023,"Letsel",2,"Personenauto","Fiets","Flank","Kruispunt, 4 takken",50,"Brandend","Duisternis","Droog",\N,\N,"Kleine Kruisstraat","Groningen","Groningen","Groningen",false,53.223618,6.558418,"injury","2","clear",false,1,"GM0014"
"20230106488",2023,"Letsel",2,\N,"Fiets","Eenzijdig","Rechte weg",30,"Brandend","Duisternis","Droog",\N,"257253039","Merwe Donk","Gorinchem","Gorinchem","Zuid-Holland",false,51.829924,5.003104,"injury","2","clear",false,1,"GM0512"
"20230082894",2023,"Letsel",2,"Fiets","Fiets","Onbekend","Bocht",30,"Niet brandend","Daglicht","Regen",\N,"469561139","Verlengde Lodewijkstraat","Groningen","Groningen","Groningen",false,53.20578,6.584077,"injury","2","rain",false,1,"GM0014"
"20230089876",2023,"Letsel",3,"Personenauto","Fiets","Los voorwerp","Kruispunt, 4 takken",50,"Niet brandend","Daglicht","Droog",\N,\N,"Luntershoek","Rotterdam","Rotterdam","Zuid-Holland",false,51.873262,4.488801,"injury","2","clear",false,1,"GM0599"
"20230091083",2023,"Uitsluitend materiele schade",2,"Personenauto","Fiets","Flank","Kruispunt, 3 takken",50,"Niet brandend","Daglicht","Droog",\N,\N,"Industrieweg","Vlissingen","Vlissingen","Zeeland",false,51.450332,3.581114,"material damage only","4","clear",false,1,"GM0718"
"20230082373",2023,"Uitsluitend materiele schade",2,"Personenauto","Fiets","Flank","Rotonde",50,"Niet brandend","Daglicht","Droog",\N,\N,"Dr. Nolenslaan","Sittard","Sittard-Geleen","Limburg",false,51.009822,5.874308,"material damage only","4","clear",false,1,"GM1883"
"20230086988",2023,"Uitsluitend materiele schade",2,"Personenauto","Fiets","Flank","Kruispunt, 4 takken",50,"Niet brandend","Daglicht","Regen",\N,\N,"Kerkweg","Limmen","Castricum","Noord-Holland",false,52.57198,4.694794,"material damage only","4","rain",false,1,"GM0383"
"20230099385",2023,"Uitsluitend materiele schade",3,"Bromfiets","Fiets","Onbekend","Kruispunt, 4 takken",30,"Niet brandend","Daglicht","Droog",\N,\N,"van Musschenbroekstraat","'s-Hertogenbosch","'s-Hertogenbosch","Noord-Brabant",false,51.691942,5.291162,"material damage only","4","clear",false,1,"GM0796"
"20230099826",2023,"Letsel",2,"Fiets","Personenauto","Flank","Kruispunt, 4 takken",30,"Brandend","Duisternis","Regen",\N,\N,"Rembrandtlaan","Vlissingen","Vlissingen","Zeeland",false,51.453911,3.569599,"injury","2","rain",false,1,"GM0718"
"20230100606",2023,"Letsel",2,"Personenauto","Fiets","Flank","Bocht",50,"Brandend","Schemer","Droog",\N,"275203029","Slimstraat","Udenhout","Tilburg","Noord-Brabant",false,51.607178,5.136483,"injury","2","clear",false,1,"GM0855"
"20230101274",2023,"Letsel",2,"Personenauto","e-bike","Flank","Kruispunt, 3 takken",30,"Niet brandend","Daglicht","Droog",\N,"200293064","Soestdijkstraat","Zevenhuizen","Zuidplas","Zuid-Holland",false,52.007217,4.592343,"injury","2","clear",false,1,"GM1892"
"20230102087",2023,"Letsel",2,\N,"Fiets","Eenzijdig","Kruispunt, 3 takken",50,"Niet brandend","Daglicht","Droog",\N,\N,"Laan van Hoornwijck","'s-Gravenhage","'s-Gravenhage","Zuid-Holland",false,52.046002,4.35854,"injury","2","clear",false,1,"GM0518"
"20230105217",2023,"Letsel",2,"Landbouwvoertuig","Fiets","Kop/staart","Rechte weg",50,"Niet brandend","Duisternis","Droog",\N,"336328006","Harselaarseweg","Barneveld","Barneveld","Gelderland",false,52.164148,5.583227,"injury","2","clear",false,1,"GM0203"
"20230107012",2023,"Letsel",2,"Personenauto","e-bike","Flank","Kruispunt, 4 takken",30,"Brandend","Duisternis","Droog",\N,\N,"Gildeweg","Schiedam","Schiedam","Zuid-Holland",false,51.940993,4.368601,"injury","2","clear",false,1,"GM0606"
"20230081195",2023,"Letsel",2,"Bestelauto","e-bike","Kop/staart","Kruispunt, 3 takken",50,"Niet brandend","Duisternis","Droog",\N,\N,"Hasseltstraat","Tilburg","Tilburg","Noord-Brabant",false,51.574886,5.066685,"injury","2","clear",false,1,"GM0855"
"20230087605",2023,"Letsel",2,"Fiets","Personenauto","Flank","Rechte weg",50,"Brandend","Duisternis","Regen",\N,\N,"Hoornselaan","Purmerend","Purmerend","Noord-Holland",false,52.511569,4.952088,"injury","2","rain",false,1,"GM0439"
"20230097563",2023,"Letsel",2,"Personenauto","Fiets","Flank","Kruispunt, 4 takken",50,"Brandend","Schemer","Droog",\N,\N,"Molenaarsweg","Amsterdam","Amsterdam","Noord-Holland",false,52.420155,4.880255,"injury","2","clear",false,1,"GM0363"
"20230099695",2023,"Uitsluitend materiele schade",1,"e-bike",\N,"Eenzijdig","Rotonde",70,"Niet brandend","Daglicht","Droog",\N,\N,"Frankrijkstraat","Eindhoven","Eindhoven","Noord-Brabant",false,51.452497,5.464456,"material damage only","4","clear",false,1,"GM0772"
"20230100093",2023,"Uitsluitend materiele schade",2,"Personenauto","Fiets","Flank","Rechte weg",30,"Niet brandend","Daglicht","Droog",\N,\N,"Koningsplein","Maastricht","Maastricht","Limburg",false,50.84987,5.710858,"material damage only","4","clear",false,1,"GM0935"
"20230105532",2023,"Uitsluitend materiele schade",2,"Personenauto","Fiets","Flank","Rotonde",50,"Niet brandend","Daglicht","Regen",\N,\N,"Laan naar Eme","Zutphen","Zutphen","Gelderland",false,52.127223,6.209834,"material damage only","4","rain",false,1,"GM0301"
"20230107045",2023,"Uitsluitend materiele schade",2,"Fiets","Snorfiets","Flank","Rechte weg",30,"Brandend","Duisternis","Regen",\N,"600723828","Franselaan","Rotterdam","Rotterdam","Zuid-Holland",false,51.917007,4.423974,"material damage only","4","rain",false,1,"GM0599"
"20230086487",2023,"Letsel",3,"Fiets","Fiets","Onbekend","Rechte weg",30,"Brandend","Duisternis","Droog","Tunnel","600363230","Geldersekade","Amsterdam","Amsterdam","Noord-Holland",false,52.373655,4.900704,"injury","2","clear",false,1,"GM0363"
"20230087649",2023,"Letsel",2,"Fiets","Fiets","Onbekend","Rechte weg",\N,"Brandend","Duisternis","Regen",\N,"243371066","Sarphatistraat","Amsterdam","Amsterdam","Noord-Holland",false,52.359844,4.901517,"injury","2","rain",false,1,"GM0363"
"20230091778",2023,"Uitsluitend materiele schade",2,"Fiets","Personenauto","Onbekend","Kruispunt, 4 takken",50,"Niet brandend","Daglicht","Droog",\N,\N,"Europalaan","Eindhoven","Eindhoven","Noord-Brabant",false,51.457212,5.477312,"material damage only","4","clear",false,1,"GM0772"
"20230097003",2023,"Uitsluitend materiele schade",2,"Fiets","Personenauto","Flank","Kruispunt, 3 takken",50,"Niet brandend","Duisternis","Regen",\N,\N,"Burg De Vlugtlaan","Amsterdam","Amsterdam","Noord-Holland",false,52.381372,4.821057,"material damage only","4","rain",false,1,"GM0363"