"accident_id","year","severity_raw","party_count","party1_type","party2_type","accident_type","road_situation","speed_limit_kmh","road_lighting","light_condition_label","weather_raw","infra_type","road_segment_id","street_name","place_name","gemeente_name_raw","province","alcohol_indicated","latitude","longitude","severity_label","severity_code","weather_label","built_up_area","cyclists_involved","gemeente_code"
"20230097014",2023,"Uitsluitend materiele schade",2,"Bromfiets","Fiets","Flank","Rechte weg",30,"Niet brandend","Daglicht","Droog",\N,"231375030","Burg Van Leeuwenlaan","Amsterdam","Amsterdam","Noord-Holland",false,52.375135,4.812097,"material damage only","4","clear",false,1,"GM0363"
"20230103158",2023,"Uitsluitend materiele schade",2,"Personenauto","Fiets","Onbekend","Kruispunt, 4 takken",30,"Niet brandend","Daglicht","Droog",\N,\N,"SPOELINGBRUG","Schiedam","Schiedam","Zuid-Holland",false,51.920548,4.396036,"material damage only","4","clear",false,1,"GM0606"
"20230088877",2023,"Letsel",2,"Bestelauto","e-bike","Flank","Kruispunt, 3 takken",50,"Niet brandend","Daglicht","Droog",\N,\N,"Geregracht","Leiden","Leiden","Zuid-Holland",false,52.154088,4.494738,"injury","2","clear",false,1,"GM0546"
"20230092444",2023,"Letsel",2,"Fiets","Fiets","Frontaal","Rechte weg",\N,"Niet brandend","Daglicht","Regen",\N,"206196055","Parklaan","Etten-Leur","Etten-Leur","Noord-Brabant",false,51.569049,4.64082,"injury","2","rain",false,1,"GM0777"
"20230095877",2023,"Letsel",3,"Bromfiets","Fiets","Onbekend","Rechte weg",30,"Niet brandend","Schemer","Regen",\N,"600946399","Utrechtseweg","Hilversum","Hilversum","Noord-Holland",false,52.184343,5.17669,"injury","2","rain",false,1,"GM0402"
"20230087117",2023,"Uitsluitend materiele schade",3,"Personenauto","Fiets","Onbekend","Rechte weg",30,"Niet brandend","Daglicht","Regen",\N,"211321057","Lijsterlaan","Alphen aan den Rijn","Alphen aan den Rijn","Zuid-Holland",false,52.132494,4.667912,"material damage only","4","rain",false,1,"GM0484"
"20230094760",2023,"Letsel",2,"Fiets","Fiets","Flank","Rechte weg",50,\N,"Daglicht",\N,\N,"500355003","Bornsestraat","Hengelo","Hengelo (O)","Overijssel",false,52.27779,6.781431,"injury","2","unknown",false,1,\N
"20230095369",2023,"Uitsluitend materiele schade",3,"Bromfiets","Fiets","Flank","Kruispunt, 4 takken",30,"Niet brandend","Daglicht","Droog",\N,"600688260","FIETSPAD","Veenendaal","Veenendaal","Utrecht",false,52.023646,5.579996,"material damage only","4","clear",false,1,"GM0345"
"20230102238",2023,"Letsel",1,"e-bike",\N,"Eenzijdig","Rotonde",50,"Niet brandend","Daglicht","Droog",\N,\N,"Albardastraat","'s-Gravenhage","'s-Gravenhage","Zuid-Holland",false,52.061215,4.246634,"injury","2","clear",false,1,"GM0518"
"20230102706",2023,"Letsel",2,"Fiets","Fiets","Frontaal","Rechte weg",30,"Brandend","Schemer","Regen",\N,"600373383","Burgemeester Elsenlaan","Rijswijk","Rijswijk","Zuid-Holland",false,52.049589,4.330195,"injury","2","rain",false,1,\N
"20230103751",2023,"Letsel",2,"Fiets","Personenauto","Flank","Rotonde",50,"Niet brandend","Daglicht","Regen",\N,\N,"Heemraadssingel","Rotterdam","Rotterdam","Zuid-Holland",false,51.921046,4.455016,"injury","2","rain",false,1,"GM0599"
"20230087179",2023,"Uitsluitend materiele schade",2,"Fiets","Personenauto","Flank","Kruispunt, 3 takken",50,"Niet brandend","Daglicht","Droog",\N,\N,"Keern","Hoorn","Hoorn","Noord-Holland",false,52.656174,5.043692,"material damage only","4","clear",false,1,"GM0405"
"20230087180",2023,"Uitsluitend materiele schade",3,"Personenauto","Fiets","Onbekend","Rechte weg",30,"Niet brandend","Daglicht","Regen",\N,"224434039","Drechterwaard","Alkmaar","Alkmaar","Noord-Holland",false,52.642927,4.757027,"material damage only","4","rain",false,1,"GM0361"
"20230094221",2023,"Letsel",2,"Bestelauto","Fiets","Eenzijdig","Rotonde",50,"Niet brandend","Daglicht","Regen",\N,\N,"Molenstraat","Ede","Ede","Gelderland",false,52.047247,5.674581,"injury","2","rain",false,1,"GM0228"
"20230098873",2023,"Uitsluitend materiele schade",2,"Personenauto","Fiets","Flank","Kruispunt, 4 takken",70,"Brandend","Duisternis","Regen",\N,\N,"Ringbaan-Zuid","Tilburg","Tilburg","Noord-Brabant",true,51.544038,5.065229,"material damage only","4","rain",false,1,"GM0855"
"20230090760",2023,"Uitsluitend materiele schade",2,"Snorfiets","Fiets","Flank","Kruispunt, 4 takken",30,"Niet brandend","Daglicht","Droog",\N,\N,"Boomstraat","Tilburg","Tilburg","Noord-Brabant",false,51.557579,5.077447,"material damage only","4","clear",false,1,"GM0855"
"20230096015",2023,"Uitsluitend materiele schade",2,"Bromfiets","Fiets","Flank","Rotonde",50,"Brandend","Duisternis","Droog",\N,\N,"BLOKZIJBRUG","Amersfoort","Amersfoort","Utrecht",false,52.195137,5.432751,"material damage only","4","clear",false,1,"GM0307"
"20230102325",2023,"Uitsluitend materiele schade",2,"Bestelauto","Fiets","Flank","Rechte weg",50,"Niet brandend","Daglicht","Regen","Spoorwegovergang","221307062","Goudseweg","Bodegraven","Bodegraven-Reeuwijk","Zuid-Holland",false,52.072326,4.742472,"material damage only","4","rain",false,1,"GM1901"
"20230083780",2023,"Letsel",2,"Personenauto","Fiets","Onbekend","Rotonde",30,"Niet brandend","Daglicht","Droog",\N,\N,"Reitdiephaven","Groningen","Groningen","Groningen",false,53.237222,6.520795,"injury","2","clear",false,1,"GM0014"
"20230085516",2023,"Uitsluitend materiele schade",2,"Personenauto","Fiets","Flank","Rotonde",50,"Niet brandend","Daglicht","Droog",\N,\N,"Molenweg","Heino","Raalte","Overijssel",false,52.44367,6.230032,"material damage only","4","clear",false,1,"GM0177"
"20230087834",2023,"Uitsluitend materiele schade",2,"e-bike","Bromfiets","Kop/staart","Rechte weg",30,"Niet brandend","Daglicht","Droog",\N,"246380022","Sneeuwbalweg","Amsterdam","Amsterdam","Noord-Holland",false,52.39905,4.918998,"material damage only","4","clear",false,1,"GM0363"
"20230092017",2023,"Letsel",2,"Fiets","Personenauto","Frontaal","Kruispunt, 4 takken",50,"Brandend","Schemer","Regen",\N,\N,"Stationsweg","Eindhoven","Eindhoven","Noord-Brabant",false,51.442237,5.485238,"injury","2","rain",false,1,"GM0772"
"20230082696",2023,"Letsel",2,"Personenauto","e-bike","Flank","Kruispunt, 3 takken",15,"Niet aanwezig","Daglicht","Droog",\N,\N,"Bovenbuurtweg","Ede","Ede","Gelderland",false,52.022686,5.660628,"injury","2","clear",false,1,"GM0228"
"20230086159",2023,"Letsel",2,"Personenauto","Fiets","Flank","Rotonde",50,"Niet brandend","Schemer","Droog",\N,\N,"Burg Middelweerdbaan","De Meern","Utrecht","Utrecht",false,52.089208,5.042907,"injury","2","clear",false,1,"GM0344"
"20230096671",2023,"Uitsluitend materiele schade",2,"Personenauto","Fiets","Onbekend","Rotonde",50,"Brandend","Schemer","Droog",\N,\N,"De West","Dronten","Dronten","Flevoland",false,52.521308,5.697921,"material damage only","4","clear",false,1,"GM0303"
"20230083300",2023,"Uitsluitend materiele schade",2,"Bestelauto","Fiets","Onbekend","Rechte weg",30,"Niet brandend","Daglicht","Droog",\N,"600915277","Olympus","Arnhem","Arnhem","Gelderland",false,51.961734,5.903768,"material damage only","4","clear",false,1,"GM0202"
"20230088526",2023,"Letsel",2,"Bromfiets","Fiets","Frontaal","Rechte weg",\N,"Niet brandend","Schemer","Droog",\N,"286199004","Oisterwijksedreef","Haaren","Oisterwijk","Noord-Brabant",false,51.590511,5.223229,"injury","2","clear",false,1,"GM0824"
"20230089166",2023,"Letsel",3,"Bestelauto","Fiets","Onbekend","Rechte weg",30,"Niet brandend","Daglicht","Droog","Brug/viaduct","253254122","Korenbrugstraat","Gorinchem","Gorinchem","Zuid-Holland",false,51.832304,4.977758,"injury","2","clear",false,1,"GM0512"
"20230098522",2023,"Uitsluitend materiele schade",2,"Personenauto","Fiets","Onbekend","Kruispunt, 3 takken",50,"Brandend","Daglicht","Droog",\N,\N,"Singel 1940-1945","Oss","Oss","Noord-Brabant",false,51.772656,5.536944,"material damage only","4","clear",false,1,"GM0828"
"20230079857",2023,"Uitsluitend materiele schade",2,"Personenauto","Fiets","Flank","Kruispunt, 3 takken",50,"Niet brandend","Daglicht","Droog",\N,\N,"Weth. Van Hunselstraat","Budel","Cranendonck","Noord-Brabant",false,51.266023,5.576752,"material damage only","4","clear",false,1,"GM1706"
"20230103483",2023,"Letsel",2,"Fiets","Personenauto","Flank","Kruispunt, 3 takken",30,"Brandend","Duisternis","Droog",\N,\N,"Stellendamstraat","Rotterdam","Rotterdam","Zuid-Holland",false,51.877529,4.476428,"injury","2","clear",false,1,"GM0599"
"20230085134",2023,"Uitsluitend materiele schade",2,"Personenauto","Fiets","Flank","Kruispunt, 3 takken",50,"Brandend","Duisternis","Droog",\N,\N,"Overste den Oudenlaan","Utrecht","Utrecht","Utrecht",false,52.07987,5.102433,"material damage only","4","clear",false,1,"GM0344"
"20230086857",2023,"Uitsluitend materiele schade",2,"Personenauto","Fiets","Flank","Kruispunt, 4 takken",50,"Niet brandend","Daglicht","Droog",\N,\N,"Transformatorweg","Amsterdam","Amsterdam","Noord-Holland",false,52.391714,4.846947,"material damage only","4","clear",false,1,"GM0363"
"20230090396",2023,"Letsel",2,"Personenauto","Fiets","Flank","Rotonde",50,"Brandend","Duisternis","Regen",\N,\N,"Donau","'s-Gravenhage","'s-Gravenhage","Zuid-Holland",false,52.055924,4.396079,"injury","2","rain",false,1,"GM0518"
"20230082286",2023,"Letsel",2,"Bromfiets","Fiets","Onbekend","Kruispunt, 3 takken",30,"Niet brandend","Daglicht","Droog",\N,\N,"WILHELMINABRUG","Maastricht","Maastricht","Limburg",false,50.851915,5.697828,"injury","2","clear",false,1,"GM0935"
"20230082297",2023,"Letsel",2,"Personenauto","Fiets","Flank","Kruispunt, 4 takken",50,"Niet brandend","Daglicht","Droog",\N,\N,"Noorderbrugsingel","Maastricht","Maastricht","Limburg",false,50.856912,5.680347,"injury","2","clear",false,1,"GM0935"
"20230085759",2023,"Letsel",5,"Fiets","Fiets","Frontaal","Rechte weg",50,"Brandend","Duisternis","Regen",\N,"600601009","Loosdrechtseweg","Hilversum","Hilversum","Noord-Holland",true,52.213197,5.148794,"injury","2","rain",false,1,"GM0402"
"20230062202",2023,"Uitsluitend materiele schade",2,"Personenauto","Fiets","Frontaal","Kruispunt, 3 takken",50,"Niet brandend","Daglicht","Droog",\N,\N,"Bongerd","Heerlen","Heerlen","Limburg",false,50.888296,5.979667,"material damage only","4","clear",false,1,"GM0917"
"20220002388",2022,"Letsel",2,"Personenauto","Fiets","Flank","Bocht",50,"Niet brandend","Daglicht","Droog",\N,"509537002","Boven Oosterdiep","Veendam","Veendam","Groningen",false,53.099976,6.875594,"injury","2","clear",false,1,"GM0047"
"20220006753",2022,"Letsel",2,"Personenauto","Fiets","Flank","Kruispunt, 4 takken",30,"Niet brandend","Daglicht","Droog",\N,\N,"Nieuw Witvoet","Almelo","Almelo","Overijssel",false,52.336351,6.647566,"injury","2","clear",false,1,"GM0141"
"20220006579",2022,"Uitsluitend materiele schade",2,"Brommobiel","Fiets","Los voorwerp","Kruispunt, 4 takken",50,"Niet brandend","Schemer","Droog",\N,\N,"Molenstraat","Twello","Voorst","Gelderland",false,52.23608,6.090784,"material damage only","4","clear",false,1,"GM0285"
"20220007508",2022,"Uitsluitend materiele schade",2,"Fiets","Bromfiets","Onbekend","Rechte weg",50,"Brandend","Duisternis","Droog",\N,"516341022","Kuipersdijk","Enschede","Enschede","Overijssel",false,52.214501,6.896299,"material damage only","4","clear",false,1,"GM0153"
"20220006100",2022,"Uitsluitend materiele schade",2,"Fiets","Personenauto","Onbekend",\N,30,\N,"Duisternis",\N,\N,"600832670","Nieuwe Marktstraat","Nijmegen","Nijmegen","Gelderland",false,51.846815,5.854491,"material damage only","4","unknown",false,1,"GM0268"
"20230000080",2023,"Uitsluitend materiele schade",2,"Personenauto","Fiets","Flank","Rotonde",50,"Niet brandend","Daglicht","Droog",\N,\N,"Nordlaan","Velp","Rheden","Gelderland",false,51.996034,5.963008,"material damage only","4","clear",false,1,"GM0275"
"20220129807",2022,"Uitsluitend materiele schade",2,"Vrachtauto","Fiets","Frontaal","Kruispunt, 4 takken",50,"Niet brandend","Daglicht","Droog",\N,\N,"Kanaalweg","Middelburg","Middelburg","Zeeland",false,51.493929,3.614114,"material damage only","4","clear",false,1,\N
"20220126170",2022,"Letsel",2,"Bestelauto","Fiets","Flank","Rotonde",50,"Niet brandend","Daglicht","Droog",\N,\N,"V Zuylen van Nijeveltstr","Wassenaar","Wassenaar","Zuid-Holland",false,52.142798,4.401355,"injury","2","clear",false,1,"GM0629"
"20220126379",2022,"Letsel",2,"Fiets","Fiets","Frontaal","Kruispunt, 3 takken",\N,"Niet brandend","Daglicht","Droog","Tunnel",\N,"Kniplaan","Voorschoten","Voorschoten","Zuid-Holland",false,52.110095,4.428679,"injury","2","clear",false,1,"GM0626"
"20220131736",2022,"Letsel",2,"Fiets","Personenauto","Flank","Rotonde",50,"Niet brandend","Daglicht","Droog",\N,\N,"Empelseweg","'s-Hertogenbosch","'s-Hertogenbosch","Noord-Brabant",false,51.728686,5.330507,"injury","2","clear",false,1,"GM0796"
"20220089834",2022,"Letsel",2,"Fiets","Personenauto","Flank","Kruispunt, 4 takken",50,"Niet brandend","Daglicht","Droog",\N,\N,"Willem Barentszweg","Geldrop","Geldrop-Mierlo","Noord-Brabant",false,51.416508,5.573131,"injury","2","clear",false,1,"GM1771"
"20220092749",2022,"Uitsluitend materiele schade",2,"Personenauto","Fiets","Flank","Kruispunt, 4 takken",50,"Niet brandend","Daglicht","Droog",\N,\N,"Bornholmstraat","Groningen","Groningen","Groningen",false,53.205303,6.612445,"material damage only","4","clear",false,1,"GM0014"
"20230004348",2023,"Letsel",1,"Fiets",\N,"Eenzijdig",\N,50,\N,"Daglicht",\N,\N,\N,"Olympiaplein","Amsterdam","Amsterdam","Noord-Holland",false,52.350026,4.864643,"injury","2","unknown",false,1,"GM0363"
"20220063355",2022,"Letsel",2,"e-bike","Fiets","Flank","Rechte weg",30,"Niet brandend","Daglicht","Droog","Tunnel","600581720","FIETSPAD","Spijkenisse","Nissewaard","Zuid-Holland",false,51.837981,4.324724,"injury","2","clear",false,1,"GM1930"
"20220068165",2022,"Uitsluitend materiele schade",1,"e-bike",\N,"Voetganger","Bocht",30,"Brandend","Duisternis","Droog",\N,"600376603","Markt","Asten","Asten","Noord-Brabant",false,51.404124,5.745449,"material damage only","4","clear",false,1,"GM0743"
"20220071429",2022,"Uitsluitend materiele schade",2,"Personenauto","Fiets","Flank","Kruispunt, 3 takken",30,"Niet brandend","Daglicht","Droog",\N,\N,"Van Knobelsdorffplein","Drachten","Smallingerland","Friesland",false,53.103166,6.099583,"material damage only","4","clear",false,1,"GM0090"
"20220076021",2022,"Letsel",2,"Fiets","Fiets","Onbekend","Rechte weg",50,"Niet brandend","Daglicht","Droog",\N,"600841013","Arnhemsestraatweg","Velp","Rheden","Gelderland",false,51.995447,5.956378,"injury","2","clear",false,1,"GM0275"
"20220012911",2022,"Letsel",2,"Personenauto","Fiets","Flank","Rechte weg",60,"Brandend","Duisternis","Regen",\N,"225365004","Sloterweg","Badhoevedorp","Haarlemmermeer","Noord-Holland",false,52.331969,4.770531,"injury","2","rain",false,1,"GM0394"
"20220058079",2022,"Uitsluitend materiele schade",2,"Personenauto","Fiets","Flank","Rotonde",50,"Brandend","Schemer","Droog",\N,\N,"Meerzichtlaan","Zoetermeer","Zoetermeer","Zuid-Holland",false,52.055558,4.472266,"material damage only","4","clear",false,1,"GM0637"
"20220059281",2022,"Uitsluitend materiele schade",1,"Fiets",\N,"Onbekend","Kruispunt, 4 takken",30,"Niet brandend","Schemer","Droog",\N,\N,"Kattensingel","Gouda","Gouda","Zuid-Holland",false,52.015712,4.709396,"material damage only","4","clear",false,1,"GM0513"
"20220083631",2022,"Letsel",2,"Personenauto","Fiets","Flank","Kruispunt, 4 takken",50,"Brandend","Duisternis","Droog",\N,\N,"Ypenburgse stationsweg","'s-Gravenhage","'s-Gravenhage","Zuid-Holland",true,52.054979,4.388437,"injury","2","clear",false,1,"GM0518"
"20220009242",2022,"Uitsluitend materiele schade",3,"Bestelauto","Fiets","Flank","Kruispunt, 4 takken",50,"Niet aanwezig","Daglicht","Droog",\N,\N,"Industrielaan","Veenendaal","Veenendaal","Utrecht",false,52.018395,5.555029,"material damage only","4","clear",false,1,"GM0345"
"20220049238",2022,"Letsel",2,"Fiets","Bestelauto","Flank","Rechte weg",50,"Niet brandend","Daglicht","Droog",\N,"600788740","Industrieweg","Soest","Soest","Utrecht",false,52.176156,5.279183,"injury","2","clear",false,1,"GM0342"
"20220049244",2022,"Uitsluitend materiele schade",2,"Fiets","Bestelauto","Onbekend","Rechte weg",30,"Niet brandend","Daglicht","Droog",\N,"600941148","Evenaar","De Meern","Utrecht","Utrecht",false,52.085345,5.033019,"material damage only","4","clear",false,1,"GM0344"
"20220060499",2022,"Uitsluitend materiele schade",2,"Snorfiets","Fiets","Onbekend",\N,\N,\N,"Daglicht",\N,\N,"600492141","Posthumalaan","Rotterdam","Rotterdam","Zuid-Holland",false,51.907617,4.490991,"material damage only","4","unknown",false,1,"GM0599"
"20220065341",2022,"Uitsluitend materiele schade",2,"Personenauto","Fiets","Onbekend","Kruispunt, 4 takken",50,"Niet brandend","Daglicht","Droog","Brug/viaduct",\N,"Hoevensekanaaldijk","Tilburg","Tilburg","Noord-Brabant",false,51.558627,5.11152,"material damage only","4","clear",false,1,"GM0855"
"20220091898",2022,"Letsel",2,"Personenauto","e-bike","Flank","Kruispunt, 4 takken",30,"Niet brandend","Daglicht","Droog",\N,\N,"Turfsteker","Heerenveen","Heerenveen","Friesland",false,52.958577,5.907859,"injury","2","clear",false,1,"GM0074"
"20220092811",2022,"Letsel",2,"Bromfiets","Fiets","Frontaal","Rechte weg",60,"Niet brandend","Daglicht","Droog",\N,"415547012","Parksterdwarsweg","Opende","Westerkwartier","Groningen",false,53.146186,6.183297,"injury","2","clear",false,1,"GM1969"
"20220049299",2022,"Letsel",2,"Personenauto","Fiets","Flank","Kruispunt, 4 takken",50,"Niet brandend","Daglicht","Droog",\N,\N,"Zinzendorflaan","Zeist","Zeist","Utrecht",false,52.08049,5.233251,"injury","2","clear",false,1,"GM0355"
"20220056552",2022,"Uitsluitend materiele schade",1,"e-bike",\N,"Eenzijdig","Rechte weg",30,"Niet brandend","Daglicht","Droog",\N,"221306051","Goudseweg","Bodegraven","Bodegraven-Reeuwijk","Zuid-Holland",false,52.06719,4.738843,"material damage only","4","clear",false,1,"GM1901"
"20220077041",2022,"Uitsluitend materiele schade",2,"Personenauto","Fiets","Flank","Kruispunt, 4 takken",\N,"Niet brandend","Daglicht","Droog",\N,\N,"Het Rond","Zeist","Zeist","Utrecht",false,52.081255,5.237876,"material damage only","4","clear",false,1,"GM0355"
"20220077043",2022,"Uitsluitend materiele schade",2,"Scootmobiel","Fiets","Flank","Bocht",50,"Niet brandend","Daglicht","Droog",\N,"234343061","Amstelkade","Amstelhoek","De Ronde Venen","Utrecht",false,52.232784,4.835846,"material damage only","4","clear",false,1,"GM0736"
"20220110277",2022,"Letsel",1,"Fiets",\N,"Eenzijdig","Kruispunt, 4 takken",50,"Niet brandend","Daglicht","Droog",\N,\N,"Dijkrand","Roosendaal","Roosendaal","Noord-Brabant",false,51.532214,4.49853,"injury","2","clear",false,1,"GM1674"
"20220013674",2022,"Letsel",2,"Personenauto","Fiets","Flank","Kruispunt, 3 takken",30,"Brandend","Duisternis","Droog",\N,\N,"Prins Bernhardlaan","Haarlem","Haarlem","Noord-Holland",false,52.374501,4.657458,"injury","2","clear",false,1,"GM0392"
"20220016777",2022,"Uitsluitend materiele schade",2,"Personenauto","Fiets","Flank","Kruispunt, 3 takken",50,"Niet brandend","Daglicht","Droog",\N,\N,"Uilenstede","Amstelveen","Amstelveen","Noord-Holland",false,52.320042,4.869405,"material damage only","4","clear",false,1,"GM0362"
"20220020011",2022,"Letsel",1,"Fiets",\N,"Eenzijdig","Rotonde",50,"Brandend","Schemer","Droog",\N,\N,"Hengelolaan","'s-Gravenhage","'s-Gravenhage","Zuid-Holland",false,52.040689,4.255786,"injury","2","clear",false,1,"GM0518"
"20220035713",2022,"Uitsluitend materiele schade",2,"Personenauto","Fiets","Flank","Kruispunt, 3 takken",50,"Niet brandend","Schemer","Droog",\N,\N,"Zuid-Hollandstraat","Amsterdam","Amsterdam","Noord-Holland",false,52.326921,4.871636,"material damage only","4","clear",false,1,"GM0363"
"20220067124",2022,"Uitsluitend materiele schade",2,"e-bike","Fiets","Onbekend","Bocht",30,"Niet brandend","Daglicht","Droog",\N,"318146031","Kromstraat","Valkenswaard","Valkenswaard","Noord-Brabant",false,51.345101,5.448098,"material damage only","4","clear",false,1,"GM0858"
"20220079259",2022,"Uitsluitend materiele schade",2,"Bromfiets","Fiets","Frontaal","Rechte weg",30,"Brandend","Duisternis","Droog",\N,"600746685","Hoofdweg","Hoofddorp","Haarlemmermeer","Noord-Holland",false,52.297109,4.680136,"material damage only","4","clear",false,1,"GM0394"
"20220079989",2022,"Letsel",2,"Trekker","Fiets","Flank","Kruispunt, 4 takken",50,"Niet brandend","Daglicht","Droog",\N,"600741874","Pontweg","Velsen-Noord","Velsen","Noord-Holland",false,52.467126,4.632695,"injury","2","clear",false,1,"GM0453"
"20220083871",2022,"Letsel",1,"e-bike",\N,"Eenzijdig","Rechte weg",30,"Niet brandend","Daglicht","Droog",\N,"236281001","Adam van Vianenstraat","Schoonhoven","Krimpenerwaard","Zuid-Holland",false,51.952378,4.850021,"injury","2","clear",false,1,"GM1931"
"20220112467",2022,"Letsel",2,"Personenauto","Fiets","Frontaal","Bocht",60,"Niet brandend","Daglicht","Droog",\N,"291174002","Neereindseweg","Oost West en Middelbeers","Oirschot","Noord-Brabant",true,51.475813,5.257496,"injury","2","clear",false,1,"GM0823"
"20220045088",2022,"Letsel",2,"Fiets","Personenauto","Flank","Kruispunt, 4 takken",60,"Niet aanwezig","Daglicht","Droog",\N,\N,"Elburgerweg","Heerde","Heerde","Gelderland",false,52.392682,5.981756,"injury","2","clear",false,1,"GM0246"
"20220058317",2022,"Letsel",1,"Fiets",\N,"Eenzijdig","Kruispunt, 4 takken",50,"Niet brandend","Daglicht","Droog",\N,\N,"Debussystraat","Leiden","Leiden","Zuid-Holland",false,52.146931,4.470778,"injury","2","clear",false,1,"GM0546"
"20220058387",2022,"Letsel",2,"Personenauto","Fiets","Flank","Kruispunt, 4 takken",30,"Niet brandend","Daglicht","Droog",\N,\N,"Jozef Israëlslaan","'s-Gravenhage","'s-Gravenhage","Zuid-Holland",false,52.089848,4.31946,"injury","2","clear",false,1,"GM0518"
"20220081896",2022,"Uitsluitend materiele schade",2,"Personenauto","Fiets","Onbekend","Rotonde",50,"Niet brandend","Daglicht","Regen",\N,\N,"Olympiarotonde","Gouda","Gouda","Zuid-Holland",false,52.022544,4.717975,"material damage only","4","rain",false,1,"GM0513"
"20220113737",2022,"Letsel",2,"Personenauto","Fiets","Flank","Rotonde",50,"Niet brandend","Daglicht","Droog",\N,\N,"Kerkraderweg","Heerlen","Heerlen","Limburg",false,50.881081,6.004742,"injury","2","clear",false,1,"GM0917"
"20220104630",2022,"Letsel",2,"Fiets","Overig vast object","Vast voorwerp","Rechte weg",30,"Niet aanwezig","Duisternis","Droog",\N,"600385517","Korte Voorhout","'s-Gravenhage","'s-Gravenhage","Zuid-Holland",false,52.082995,4.316814,"injury","2","clear",false,1,"GM0518"
"20220025567",2022,"Uitsluitend materiele schade",2,"Personenauto","Fiets","Flank","Kruispunt, 4 takken",50,"Brandend","Duisternis","Droog",\N,\N,"Groenstraat","Tilburg","Tilburg","Noord-Brabant",false,51.546124,5.084303,"material damage only","4","clear",false,1,"GM0855"
"20220039852",2022,"Uitsluitend materiele schade",2,"Fiets","Personenauto","Flank","Rechte weg",50,"Niet brandend","Daglicht","Droog",\N,"600834561","Leyenbroekerweg","Sittard","Sittard-Geleen","Limburg",false,50.994291,5.871848,"material damage only","4","clear",false,1,"GM1883"
"20220048083",2022,"Letsel",3,"Fiets","Fiets","Onbekend","Rechte weg",60,"Niet brandend","Daglicht","Droog",\N,"389366004","Papenstraat","Epe","Epe","Gelderland",false,52.335553,5.973836,"injury","2","clear",false,1,"GM0232"
"20220067319",2022,"Uitsluitend materiele schade",2,"Personenauto","Fiets","Flank","Kruispunt, 3 takken",50,"Niet aanwezig","Daglicht","Droog",\N,\N,"Jos van de Schoorstraat","Schijndel","Meierijstad","Noord-Brabant",false,51.616445,5.432733,"material damage only","4","clear",false,1,"GM1948"
"20220078838",2022,"Letsel",2,"e-bike","Snorfiets","Frontaal","Bocht",50,"Brandend","Duisternis","Droog",\N,"249404211","MELKWEGBRUG","Purmerend","Purmerend","Noord-Holland",false,52.507431,4.94358,"injury","2","clear",false,1,"GM0439"
"20220083118",2022,"Uitsluitend materiele schade",1,"Fiets",\N,"Eenzijdig","Rechte weg",30,"Niet brandend","Daglicht","Droog",\N,\N,"Backershagenlaan","Wassenaar","Wassenaar","Zuid-Holland",false,52.130846,4.385213,"material damage only","4","clear",false,1,"GM0629"
"20220094272",2022,"Uitsluitend materiele schade",2,"Personenauto","Fiets","Flank","Kruispunt, 4 takken",30,"Niet brandend","Daglicht","Droog",\N,\N,"Burg H Houtkoperlaan","Ochten","Neder-Betuwe","Gelderland",false,51.909549,5.567709,"material damage only","4","clear",false,1,"GM1740"
"20220105399",2022,"Letsel",1,"Fiets",\N,"Eenzijdig","Bocht",15,"Niet aanwezig","Daglicht","Droog",\N,"172295004","Vrederustpad","Delft","Delft","Zuid-Holland",false,52.012844,4.389277,"injury","2","clear",false,1,"GM0503"
"20220048155",2022,"Uitsluitend materiele schade",2,"Personenauto","Fiets","Flank","Kruispunt, 4 takken",50,"Niet brandend","Daglicht","Regen",\N,\N,"Bornerbroeksestraat","Almelo","Almelo","Overijssel",false,52.335776,6.658508,"material damage only","4","rain",false,1,"GM0141"
"20220068846",2022,"Uitsluitend materiele schade",2,"Personenauto","Fiets","Onbekend","Rechte weg",50,"Niet brandend","Daglicht","Droog",\N,"374065046","Rijksweg Zuid","Sittard","Sittard-Geleen","Limburg",false,50.984413,5.847105,"material damage only","4","clear",false,1,"GM1883"
"20220072091",2022,"Letsel",2,"Personenauto","Fiets","Flank","Kruispunt, 3 takken",50,"Brandend","Duisternis","Droog",\N,\N,"Van Swietenlaan","Groningen","Groningen","Groningen",false,53.192199,6.554046,"injury","2","clear",false,1,"GM0014"
"20220095112",2022,"Uitsluitend materiele schade",2,"Fiets","Fiets","Flank","Rechte weg",50,"Niet brandend","Duisternis","Droog",\N,"600928091","Woerdsestraat","Ressen","Lingewaard","Gelderland",false,51.882886,5.874828,"material damage only","4","clear",false,1,"GM1705"
"20220096387",2022,"Uitsluitend materiele schade",2,"Personenauto","Fiets","Flank","Kruispunt, 4 takken",50,"Niet brandend","Daglicht","Droog",\N,\N,"Distelvlinderlaan","Culemborg","Culemborg","Gelderland",false,51.947054,5.202717,"material damage only","4","clear",false,1,"GM0216"
"20220048170",2022,"Uitsluitend materiele schade",2,"Personenauto","Fiets","Flank","Rotonde",50,"Niet brandend","Daglicht","Regen",\N,\N,"Verkeersweg","Harderwijk","Harderwijk","Gelderland",false,52.345247,5.625753,"material damage only","4","rain",false,1,"GM0243"