"accident_id","year","severity_raw","party_count","party1_type","party2_type","accident_type","road_situation","speed_limit_kmh","road_lighting","light_condition_label","weather_raw","infra_type","road_segment_id","street_name","place_name","gemeente_name_raw","province","alcohol_indicated","latitude","longitude","severity_label","severity_code","weather_label","built_up_area","cyclists_involved","gemeente_code"
"20220048191",2022,"Letsel",2,"Fiets","Fiets","Flank","Kruispunt, 3 takken",50,"Niet brandend","Daglicht","Droog",\N,\N,"Waliënsestraat","Winterswijk","Winterswijk","Gelderland",false,51.977755,6.723242,"injury","2","clear",false,1,"GM0294"
"20220072115",2022,"Letsel",2,"Personenauto","e-bike","Flank","Kruispunt, 3 takken",60,"Niet brandend","Daglicht","Droog",\N,\N,"Vogelzangsteeg","Noordlaren","Groningen","Groningen",false,53.133204,6.657344,"injury","2","clear",false,1,"GM0014"
"20220082310",2022,"Letsel",1,"Fiets",\N,"Eenzijdig","Rechte weg",\N,"Niet brandend","Daglicht","Droog",\N,\N,"Galgeweg","Naaldwijk","Westland","Zuid-Holland",false,51.983079,4.206347,"injury","2","clear",false,1,"GM1783"
"20220095375",2022,"Letsel",2,"Personenauto","Fiets","Geparkeerd voertuig","Rechte weg",30,"Niet brandend","Daglicht","Droog","Parkeervoorziening","600810947","Kapteijnstraat","Barneveld","Barneveld","Gelderland",false,52.141598,5.587232,"injury","2","clear",false,1,"GM0203"
"20220095376",2022,"Uitsluitend materiele schade",3,"Fiets","Fiets","Onbekend","Rechte weg",30,"Niet brandend","Daglicht","Droog",\N,"403278061","Hunneveldweg","Zevenaar","Zevenaar","Gelderland",false,51.941643,6.065798,"material damage only","4","clear",false,1,"GM0299"
"20220096772",2022,"Uitsluitend materiele schade",2,"Personenauto","Fiets","Flank","Kruispunt, 4 takken",30,"Niet brandend","Daglicht","Droog",\N,\N,"Daniëlsweg","Nijmegen","Nijmegen","Gelderland",false,51.833923,5.830451,"material damage only","4","clear",false,1,"GM0268"
"20220098323",2022,"Uitsluitend materiele schade",3,"Fiets","Fiets","Onbekend","Rechte weg",\N,"Niet brandend","Daglicht","Droog",\N,"369392011","Flevoweg","Elburg","Elburg","Gelderland",false,52.447488,5.82549,"material damage only","4","clear",false,1,"GM0230"
"20220098417",2022,"Uitsluitend materiele schade",2,"Fiets","e-bike","Flank","Rotonde",50,"Brandend","Schemer","Droog",\N,\N,"Vasco da Gamalaan","Utrecht","Utrecht","Utrecht",false,52.067025,5.099165,"material damage only","4","clear",false,1,"GM0344"
"20220055668",2022,"Uitsluitend materiele schade",2,"Personenauto","Fiets","Kop/staart","Rechte weg",30,\N,"Daglicht","Droog",\N,"244384016","Kadoelenweg","Amsterdam","Amsterdam","Noord-Holland",false,52.418974,4.906867,"material damage only","4","clear",false,1,"GM0363"
"20220082400",2022,"Letsel",1,"Fiets",\N,"Eenzijdig","Rechte weg",60,"Niet brandend","Daglicht","Droog",\N,"163288030","Tramkade","Schipluiden","Midden-Delfland","Zuid-Holland",false,51.985064,4.320533,"injury","2","clear",false,1,"GM1842"
"20220038279",2022,"Uitsluitend materiele schade",2,"Snorfiets","Fiets","Flank","Kruispunt, 4 takken",50,"Brandend","Duisternis","Droog",\N,\N,"Tolbrugstraat","Breda","Breda","Noord-Brabant",false,51.588396,4.771239,"material damage only","4","clear",false,1,"GM0758"
"20220099205",2022,"Uitsluitend materiele schade",2,"Personenauto","Fiets","Flank","Rotonde",30,"Brandend","Duisternis","Droog",\N,\N,"Zwaaiplein","Veenendaal","Veenendaal","Utrecht",false,52.02855,5.559686,"material damage only","4","clear",false,1,"GM0345"
"20220100240",2022,"Letsel",2,"Personenauto","Fiets","Los voorwerp","Rotonde",50,"Niet brandend","Schemer","Droog",\N,\N,"Groningenlaan","Haarlem","Haarlem","Noord-Holland",false,52.355381,4.653188,"injury","2","clear",false,1,"GM0392"
"20220100992",2022,"Uitsluitend materiele schade",2,"Personenauto","Fiets","Flank","Rechte weg",50,"Niet brandend","Daglicht","Droog",\N,"600494035","FIETSPAD","Wormerveer","Zaanstad","Noord-Holland",false,52.490607,4.798312,"material damage only","4","clear",false,1,"GM0479"
"20220053174",2022,"Letsel",2,"Personenauto","e-bike","Geparkeerd voertuig","Rechte weg",30,"Niet brandend","Daglicht","Droog","Parkeervoorziening","231450004","Dorpsstraat","Oudkarspel","Dijk en Waard","Noord-Holland",false,52.709988,4.808201,"injury","2","clear",false,1,"GM1980"
"20220059868",2022,"Uitsluitend materiele schade",2,"Personenauto","Fiets","Flank","Kruispunt, 3 takken",50,"Niet brandend","Daglicht","Droog",\N,\N,"Dijklaan","Bergambacht","Krimpenerwaard","Zuid-Holland",false,51.930239,4.785863,"material damage only","4","clear",false,1,"GM1931"
"20220086910",2022,"Uitsluitend materiele schade",2,"Personenauto","Fiets","Flank","Kruispunt, 4 takken",50,"Niet brandend","Daglicht",\N,\N,\N,"Conservatoriumlaan","Tilburg","Tilburg","Noord-Brabant",false,51.56305,5.050756,"material damage only","4","unknown",false,1,"GM0855"
"20220098753",2022,"Letsel",2,"Personenauto","Fiets","Flank","Kruispunt, 3 takken",50,"Niet brandend","Daglicht",\N,\N,\N,"Amersfoortseweg","Huis ter Heide","Zeist","Utrecht",false,52.119785,5.276825,"injury","2","unknown",false,1,"GM0355"
"20220101493",2022,"Letsel",1,"e-bike",\N,"Eenzijdig","Bocht",50,"Brandend","Duisternis","Droog",\N,"229456004","Zutweg","Dirkshorn","Schagen","Noord-Holland",false,52.74028,4.795438,"injury","2","clear",false,1,"GM0441"
"20220021386",2022,"Uitsluitend materiele schade",2,"Bromfiets","Fiets","Onbekend","Kruispunt, 4 takken",\N,"Brandend","Duisternis",\N,\N,\N,"Stationsplein","Rotterdam","Rotterdam","Zuid-Holland",false,51.923137,4.469793,"material damage only","4","unknown",false,1,"GM0599"
"20220053221",2022,"Letsel",1,"Fiets",\N,"Eenzijdig","Rechte weg",50,"Niet brandend","Daglicht","Droog","Brug/viaduct",\N,"Wilhelminastraat","Zaandam","Zaanstad","Noord-Holland",false,52.438987,4.826489,"injury","2","clear",false,1,"GM0479"
"20220057646",2022,"Letsel",1,"Fiets",\N,"Eenzijdig","Rechte weg",30,"Brandend","Daglicht","Droog",\N,"163308048","Hoefkade","'s-Gravenhage","'s-Gravenhage","Zuid-Holland",false,52.07037,4.31793,"injury","2","clear",false,1,"GM0518"
"20220018915",2022,"Uitsluitend materiele schade",2,"Personenauto","Fiets","Flank","Rechte weg",30,"Niet brandend","Schemer","Droog",\N,"600758813","Mr. Kesperstraat","Schoonhoven","Krimpenerwaard","Zuid-Holland",false,51.951204,4.849047,"material damage only","4","clear",false,1,"GM1931"
"20220023901",2022,"Uitsluitend materiele schade",3,"Bromfiets","Fiets","Onbekend","Rechte weg",30,"Niet brandend","Daglicht","Droog",\N,"600909949","Dordtselaan","Rotterdam","Rotterdam","Zuid-Holland",false,51.893488,4.493972,"material damage only","4","clear",false,1,"GM0599"
"20220057660",2022,"Letsel",3,"e-bike","Fiets","Onbekend","Rotonde",30,"Niet brandend","Daglicht","Droog",\N,\N,"Naaldwijkseweg","'s-Gravenzande","Westland","Zuid-Holland",false,51.996231,4.162177,"injury","2","clear",false,1,"GM1783"
"20220103232",2022,"Letsel",2,"Personenauto","Fiets","Onbekend","Rechte weg",50,"Niet brandend","Daglicht","Droog",\N,"239370024","De Lairessestraat","Amsterdam","Amsterdam","Noord-Holland",false,52.354049,4.873409,"injury","2","clear",false,1,"GM0363"
"20220104360",2022,"Letsel",2,"Fiets","e-bike","Flank","Kruispunt, 4 takken",\N,"Niet brandend","Daglicht","Droog",\N,\N,"Julianalaan","Delft","Delft","Zuid-Holland",false,52.01057,4.369933,"injury","2","clear",false,1,"GM0503"
"20220075379",2022,"Letsel",2,"Personenauto","Fiets","Onbekend","Rotonde",50,"Brandend","Duisternis","Droog",\N,\N,"Beneluxweg","Kampen","Kampen","Overijssel",false,52.558698,5.900261,"injury","2","clear",false,1,"GM0166"
"20220075653",2022,"Letsel",2,"Personenauto","Fiets","Flank","Kruispunt, 3 takken",50,"Brandend","Duisternis","Regen",\N,\N,"Laan van Driene","Hengelo","Hengelo (O)","Overijssel",false,52.262742,6.818538,"injury","2","rain",false,1,\N
"20220103981",2022,"Letsel",1,"Fiets",\N,"Eenzijdig","Rechte weg",60,"Niet brandend","Daglicht","Droog",\N,"600750049","Geerweg","Ter Aar","Nieuwkoop","Zuid-Holland",false,52.194612,4.735334,"injury","2","clear",false,1,"GM0569"
"20220110362",2022,"Letsel",2,"Personenauto","Fiets","Onbekend","Rechte weg",60,"Niet brandend","Daglicht","Droog",\N,"600937772","Gilzeweg","Bavel","Breda","Noord-Brabant",false,51.557887,4.843609,"injury","2","clear",false,1,"GM0758"
"20220038943",2022,"Uitsluitend materiele schade",2,"Personenauto","Fiets","Flank","Kruispunt, 4 takken",30,"Niet brandend","Daglicht","Droog",\N,\N,"Piekenhoefstraat","Berghem","Oss","Noord-Brabant",false,51.765809,5.583689,"material damage only","4","clear",false,1,"GM0828"
"20220042467",2022,"Letsel",1,"Fiets",\N,"Eenzijdig","Kruispunt, 3 takken",50,"Niet brandend","Daglicht","Droog",\N,\N,"Koningin Julianalaan","Delfzijl","Eemsdelta","Groningen",false,53.332145,6.92251,"injury","2","clear",false,1,"GM1979"
"20220109566",2022,"Uitsluitend materiele schade",2,"Personenauto","Fiets","Frontaal","Kruispunt, 4 takken",50,"Niet brandend","Daglicht","Droog",\N,\N,"Wilhelminasingel","Breda","Breda","Noord-Brabant",false,51.586982,4.786713,"material damage only","4","clear",false,1,"GM0758"
"20220110940",2022,"Letsel",3,"Fiets","Fiets","Los voorwerp","Rechte weg",50,"Niet aanwezig","Duisternis","Droog",\N,"316145001","Het Broek","Valkenswaard","Valkenswaard","Noord-Brabant",false,51.343893,5.436386,"injury","2","clear",false,1,"GM0858"
"20220112925",2022,"Uitsluitend materiele schade",2,"Personenauto","Fiets","Flank","Rotonde",50,"Niet brandend","Daglicht","Droog",\N,\N,"Bredeweg","Roermond","Roermond","Limburg",false,51.184396,6.000605,"material damage only","4","clear",false,1,"GM0957"
"20220113053",2022,"Uitsluitend materiele schade",2,"Personenauto","Fiets","Flank","Kruispunt, 4 takken",60,"Niet brandend","Daglicht","Droog",\N,\N,"HOEVERSTRAAT","Velden","Venlo","Limburg",false,51.405506,6.16422,"material damage only","4","clear",false,1,"GM0983"
"20220075939",2022,"Uitsluitend materiele schade",2,"Fiets","Fiets","Frontaal","Rechte weg",50,"Niet brandend","Schemer","Droog",\N,"411409103","Kranenburgweg","Zwolle","Zwolle","Overijssel",false,52.527536,6.134752,"material damage only","4","clear",false,1,"GM0193"
"20230074874",2023,"Letsel",1,"Fiets",\N,"Eenzijdig",\N,30,\N,"Daglicht",\N,\N,\N,"Aletta Jacobslaan","Purmerend","Purmerend","Noord-Holland",false,52.512733,4.952866,"injury","2","unknown",false,1,"GM0439"
"20230112570",2023,"Letsel",1,"Fiets",\N,"Eenzijdig",\N,30,\N,"Daglicht",\N,\N,"600371947","Romijnstraat","Lisse","Lisse","Zuid-Holland",false,52.24277,4.536827,"injury","2","unknown",false,1,"GM0553"
"20230000937",2023,"Letsel",3,"Personenauto","Fiets","Onbekend","Kruispunt, 3 takken",60,"Niet brandend","Daglicht","Droog",\N,\N,"Verwoldseweg","Laren","Lochem","Gelderland",false,52.191186,6.392845,"injury","2","clear",false,1,"GM0262"
"20230001704",2023,"Letsel",2,"Personenauto","Fiets","Flank","Kruispunt, 3 takken",60,"Brandend","Duisternis","Droog",\N,\N,"Nevelslaan","Westerbroek","Midden-Groningen","Groningen",false,53.178796,6.681296,"injury","2","clear",false,1,"GM1952"
"20230002607",2023,"Letsel",2,"Personenauto","Fiets","Flank","Kruispunt, 4 takken",30,"Niet brandend","Daglicht","Droog",\N,\N,"Flevostraat","Purmerend","Purmerend","Noord-Holland",false,52.517731,4.973784,"injury","2","clear",false,1,"GM0439"
"20230001339",2023,"Uitsluitend materiele schade",2,"Bromfiets","Fiets","Frontaal","Kruispunt, 4 takken",30,"Niet brandend","Daglicht","Droog",\N,\N,"Torenmeesterstraat","Zwolle","Zwolle","Overijssel",false,52.531124,6.067307,"material damage only","4","clear",false,1,"GM0193"
"20230000727",2023,"Letsel",2,"Personenauto","Fiets","Flank","Rotonde",50,"Niet aanwezig","Daglicht","Droog",\N,\N,"Veenderweg","Ede","Ede","Gelderland",false,52.038691,5.64956,"injury","2","clear",false,1,"GM0228"
"20230001852",2023,"Uitsluitend materiele schade",2,"Personenauto","Fiets","Flank","Kruispunt, 3 takken",50,"Niet brandend","Daglicht","Droog",\N,\N,"Amsterdamseweg","Amersfoort","Amersfoort","Utrecht",false,52.161635,5.373484,"material damage only","4","clear",false,1,"GM0307"
"20230011751",2023,"Uitsluitend materiele schade",3,"Bestelauto","Fiets","Flank","Rechte weg",50,"Brandend","Duisternis","Regen",\N,\N,"Doesburgseweg","Zevenaar","Zevenaar","Gelderland",false,51.9409,6.082117,"material damage only","4","rain",false,1,"GM0299"
"20230000771",2023,"Uitsluitend materiele schade",2,"Fiets","Personenauto","Flank","Rotonde",50,"Niet brandend","Daglicht","Regen",\N,\N,"Plantagelaan","Barneveld","Barneveld","Gelderland",false,52.137014,5.575873,"material damage only","4","rain",false,1,"GM0203"
"20230003433",2023,"Letsel",1,"Fiets",\N,"Eenzijdig","Rechte weg",50,"Niet brandend","Daglicht","Droog",\N,"218442004","Oudtburghweg","Bergen (NH)","Bergen (NH)","Noord-Holland",false,52.680121,4.711193,"injury","2","clear",false,1,\N
"20230003974",2023,"Uitsluitend materiele schade",2,"Bromfiets","Fiets","Flank","Kruispunt, 4 takken",50,"Niet brandend","Schemer","Droog",\N,\N,"Van Woustraat","Amsterdam","Amsterdam","Noord-Holland",false,52.354276,4.9017,"material damage only","4","clear",false,1,"GM0363"
"20230053745",2023,"Dodelijk",2,"Personenauto","Fiets","Flank","Kruispunt, 4 takken",80,"Niet brandend","Daglicht","Droog",\N,\N,"Buitenman","Lage Mierde","Reusel-De Mierden","Noord-Brabant",false,51.415617,5.146094,"fatal","1","clear",false,1,"GM1667"
"20230055269",2023,"Dodelijk",2,"Personenauto","Fiets","Flank","Kruispunt, 4 takken",60,"Niet aanwezig","Daglicht","Droog",\N,\N,"Lonerstraat","Loon","Assen","Drenthe",false,53.008766,6.605921,"fatal","1","clear",false,1,"GM0106"
"20230003624",2023,"Uitsluitend materiele schade",3,"Fiets","Personenauto","Onbekend","Kruispunt, 3 takken",30,"Niet brandend","Daglicht","Droog",\N,\N,"Staringlaan","Hilversum","Hilversum","Noord-Holland",false,52.219641,5.15878,"material damage only","4","clear",false,1,"GM0402"
"20230000060",2023,"Uitsluitend materiele schade",2,"Fiets","Fiets","Flank","Rechte weg",50,"Niet brandend","Daglicht","Droog",\N,"385334039","Laan van Westenenk","Apeldoorn","Apeldoorn","Gelderland",false,52.190953,5.938944,"material damage only","4","clear",false,1,"GM0200"
"20230000870",2023,"Letsel",2,"Fiets","e-bike","Onbekend","Kruispunt, 4 takken",30,"Niet brandend","Daglicht","Droog",\N,\N,"Noorderhaven","Zutphen","Zutphen","Gelderland",false,52.145487,6.191567,"injury","2","clear",false,1,"GM0301"
"20230005043",2023,"Uitsluitend materiele schade",2,"Personenauto","Fiets","Flank","Kruispunt, 4 takken",30,"Niet brandend","Daglicht","Droog",\N,\N,"De Eerensplein","'s-Gravenhage","'s-Gravenhage","Zuid-Holland",false,52.08894,4.344093,"material damage only","4","clear",false,1,"GM0518"
"20230006078",2023,"Uitsluitend materiele schade",2,"Personenauto","Fiets","Flank","Kruispunt, 4 takken",50,"Brandend","Duisternis","Droog",\N,\N,"Heemstedestraat","Amsterdam","Amsterdam","Noord-Holland",false,52.351457,4.840801,"material damage only","4","clear",false,1,"GM0363"
"20230000028",2023,"Letsel",2,"Fiets","Bromfiets","Frontaal","Rechte weg",50,"Niet brandend","Daglicht","Droog",\N,"600642284","Akkerdijk","Rijssen","Rijssen-Holten","Overijssel",false,52.312007,6.487734,"injury","2","clear",false,1,"GM1742"
"20230068574",2023,"Uitsluitend materiele schade",2,"Fiets","Personenauto","Onbekend",\N,50,\N,"Daglicht",\N,\N,"189273009","Maasboulevard","Rotterdam","Rotterdam","Zuid-Holland",false,51.915891,4.515301,"material damage only","4","unknown",false,1,"GM0599"
"20230004070",2023,"Uitsluitend materiele schade",3,"Bromfiets","Fiets","Onbekend","Rechte weg",30,"Niet brandend","Daglicht","Droog",\N,"600394342","Bos en Lommerweg","Amsterdam","Amsterdam","Noord-Holland",false,52.378629,4.840144,"material damage only","4","clear",false,1,"GM0363"
"20230006137",2023,"Letsel",2,"Personenauto","Fiets","Flank","Rotonde",50,"Niet brandend","Daglicht","Droog",\N,\N,"Rijksstraatweg","Hellevoetsluis","Voorne aan Zee","Zuid-Holland",false,51.833971,4.131472,"injury","2","clear",false,1,"GM1992"
"20230069050",2023,"Letsel",1,"Fiets",\N,"Eenzijdig",\N,30,\N,"Duisternis",\N,\N,\N,"Scheepmakersstraat","'s-Gravenhage","'s-Gravenhage","Zuid-Holland",false,52.072914,4.324863,"injury","2","unknown",false,1,"GM0518"
"20230001681",2023,"Uitsluitend materiele schade",2,"Fiets","Personenauto","Flank","Rotonde",30,"Niet brandend","Daglicht","Droog",\N,\N,"Gauke Boelensstraat","Drachten","Smallingerland","Friesland",false,53.103116,6.098395,"material damage only","4","clear",false,1,"GM0090"
"20230007394",2023,"Uitsluitend materiele schade",2,"Personenauto","Fiets","Flank","Kruispunt, 4 takken",60,"Niet brandend","Daglicht","Droog",\N,\N,"De Biezen","Aarle-Rixtel","Laarbeek","Noord-Brabant",false,51.527775,5.665702,"material damage only","4","clear",false,1,"GM1659"
"20230040066",2023,"Letsel",1,"Fiets",\N,"Eenzijdig",\N,30,\N,"Daglicht",\N,\N,"209320151","Euromarkt","Alphen aan den Rijn","Alphen aan den Rijn","Zuid-Holland",false,52.127382,4.651715,"injury","2","unknown",false,1,"GM0484"
"20230102943",2023,"Letsel",1,"Fiets",\N,"Eenzijdig",\N,30,\N,"Duisternis",\N,\N,"165292018","Prins Bernhardstraat","Den Hoorn","Midden-Delfland","Zuid-Holland",false,52.00083,4.332504,"injury","2","unknown",false,1,"GM1842"
"20230002533",2023,"Letsel",2,"Personenauto","Fiets","Onbekend","Kruispunt, 3 takken",50,"Brandend","Duisternis","Droog",\N,\N,"Anna van Renesselaan","Uitgeest","Uitgeest","Noord-Holland",false,52.515984,4.700688,"injury","2","clear",false,1,"GM0450"
"20230040425",2023,"Letsel",1,"Fiets",\N,"Eenzijdig",\N,50,\N,"Duisternis",\N,\N,"600107477","Gevers Deynootweg","'s-Gravenhage","'s-Gravenhage","Zuid-Holland",false,52.111436,4.281115,"injury","2","unknown",false,1,"GM0518"
"20230005974",2023,"Letsel",2,"Personenauto","Fiets","Flank","Kruispunt, 4 takken",50,"Niet brandend","Daglicht","Regen",\N,\N,"Dwarskade","'s-Gravenhage","'s-Gravenhage","Zuid-Holland",false,52.035658,4.390927,"injury","2","rain",false,1,"GM0518"
"20230006484",2023,"Letsel",2,"Bromfiets","Fiets","Flank","Rechte weg",30,"Niet brandend","Daglicht","Droog",\N,\N,"Sint-Jobsweg","Rotterdam","Rotterdam","Zuid-Holland",false,51.906156,4.462789,"injury","2","clear",false,1,"GM0599"
"20230009691",2023,"Uitsluitend materiele schade",2,"Personenauto","Fiets","Flank","Kruispunt, 3 takken",30,"Niet brandend","Daglicht","Droog",\N,\N,"De Kriken","Harkema","Achtkarspelen","Friesland",false,53.18948,6.140026,"material damage only","4","clear",false,1,"GM0059"
"20230093634",2023,"Dodelijk",2,"Personenauto","Fiets","Kop/staart","Kruispunt, 3 takken",60,"Niet aanwezig","Daglicht","Droog",\N,\N,"Roptawei","Mitselwier","Noardeast-Fryslân","Friesland",false,53.369109,6.068434,"fatal","1","clear",false,1,"GM1970"
"20230011461",2023,"Letsel",2,"Personenauto","Fiets","Flank",\N,50,"Niet brandend","Daglicht","Regen",\N,\N,"Mr. Franckenstraat","Nijmegen","Nijmegen","Gelderland",false,51.84289,5.873798,"injury","2","rain",false,1,"GM0268"
"20230011585",2023,"Letsel",2,"Personenauto","Fiets","Flank","Kruispunt, 4 takken",50,"Brandend","Duisternis","Droog",\N,\N,"Mr. Franckenstraat","Nijmegen","Nijmegen","Gelderland",false,51.84289,5.873798,"injury","2","clear",false,1,"GM0268"
"20230049021",2023,"Letsel",1,"Fiets",\N,"Eenzijdig",\N,50,\N,"Daglicht",\N,\N,"600724363","Horstlaan","Voorschoten","Voorschoten","Zuid-Holland",false,52.113206,4.424526,"injury","2","unknown",false,1,"GM0626"
"20230012493",2023,"Letsel",2,"Fiets","Overig vast object","Vast voorwerp","Rechte weg",60,"Brandend","Duisternis","Droog",\N,"600949981","Twelloseweg","Terwolde","Voorst","Gelderland",false,52.258039,6.109805,"injury","2","clear",false,1,"GM0285"
"20230012606",2023,"Uitsluitend materiele schade",2,"Fiets","Personenauto","Flank","Kruispunt, 3 takken",30,"Niet brandend","Daglicht","Droog",\N,\N,"Kronenburgsingel","Arnhem","Arnhem","Gelderland",false,51.959262,5.89203,"material damage only","4","clear",false,1,"GM0202"
"20230012676",2023,"Uitsluitend materiele schade",2,"Fiets","Fiets","Onbekend","Kruispunt, 3 takken",50,"Niet brandend","Daglicht","Droog",\N,\N,"Ootmarsumsestraat","Almelo","Almelo","Overijssel",false,52.371136,6.686969,"material damage only","4","clear",false,1,"GM0141"
"20230004286",2023,"Letsel",2,"Personenauto","e-bike","Onbekend","Rotonde",50,"Brandend","Duisternis","Droog",\N,\N,"Oostoever","Amsterdam","Amsterdam","Noord-Holland",false,52.370359,4.830691,"injury","2","clear",false,1,"GM0363"
"20230037261",2023,"Uitsluitend materiele schade",2,"Fiets","Fiets","Frontaal","Kruispunt, 4 takken",30,"Niet brandend","Daglicht",\N,\N,\N,"Mesdaglaan","Bosch en Duin","Zeist","Utrecht",false,52.108105,5.236858,"material damage only","4","unknown",false,1,"GM0355"
"20240037499",2024,"Letsel",2,"Fiets","Fiets","Flank","Rechte weg",30,"Niet brandend","Daglicht","Droog",\N,"471552054","Moarweg","Haren Gn","Groningen","Groningen",false,53.165748,6.597403,"injury","2","clear",false,1,"GM0014"
"20240009024",2024,"Letsel",1,"Fiets",\N,"Onbekend","Rechte weg",50,"Brandend","Duisternis","Droog",\N,"467564018","Sint Walburgstraat","Groningen","Groningen","Groningen",false,53.220554,6.56814,"injury","2","clear",false,1,"GM0014"
"20240024275",2024,"Letsel",2,"Bestelauto","Fiets","Flank","Kruispunt, 3 takken",50,"Niet brandend","Daglicht","Droog",\N,\N,"Schifferheidestraat","Kerkrade","Kerkrade","Limburg",false,50.858611,6.038773,"injury","2","clear",false,1,"GM0928"
"20240004346",2024,"Uitsluitend materiele schade",2,"Personenauto","Fiets","Flank","Kruispunt, 4 takken",60,"Brandend","Duisternis","Droog",\N,\N,"Oostwijk","Dedemsvaart","Hardenberg","Overijssel",false,52.584895,6.448879,"material damage only","4","clear",false,1,"GM0160"
"20240009110",2024,"Letsel",2,"Fiets","Fiets","Los voorwerp","Rechte weg",30,"Brandend","Duisternis","Droog",\N,"443601006","Hoofdstraat","Kloosterburen","Het Hogeland","Groningen",false,53.387907,6.389628,"injury","2","clear",false,1,"GM1966"
"20240020720",2024,"Letsel",1,"Fiets",\N,"Onbekend","Rechte weg",30,"Niet brandend","Schemer","Droog",\N,"600390467","Morgenzonlaan","'s-Gravenhage","'s-Gravenhage","Zuid-Holland",false,52.065187,4.291382,"injury","2","clear",false,1,"GM0518"
"20240039678",2024,"Letsel",1,"Fiets",\N,"Eenzijdig","Kruispunt, 3 takken",50,"Niet brandend","Daglicht","Droog",\N,\N,"Pijnacker Hordijklaan","Honselersdijk","Westland","Zuid-Holland",false,52.007095,4.231809,"injury","2","clear",false,1,"GM1783"
"20240004423",2024,"Letsel",2,"Personenauto","Fiets","Flank","Rotonde",50,"Niet brandend","Daglicht","Droog",\N,\N,"Veenderweg","Ede","Ede","Gelderland",false,52.038791,5.65001,"injury","2","clear",false,1,"GM0228"
"20240036294",2024,"Letsel",1,"Fiets",\N,"Onbekend","Kruispunt, 3 takken",80,"Niet brandend","Daglicht","Droog",\N,"600949061","Europaweg","Apeldoorn","Apeldoorn","Gelderland",false,52.19021,5.926686,"injury","2","clear",false,1,"GM0200"
"20240035285",2024,"Letsel",2,"Fiets","Fiets","Flank","Kruispunt, 3 takken",50,"Niet brandend","Daglicht","Droog",\N,\N,"Park de Kotten","Enschede","Enschede","Overijssel",false,52.233799,6.882899,"injury","2","clear",false,1,"GM0153"
"20240021130",2024,"Letsel",2,"Fiets","Bestelauto","Onbekend","Rotonde",50,"Niet brandend","Daglicht","Droog",\N,\N,"Rijndijk","Hazerswoude-Rijndijk","Alphen aan den Rijn","Zuid-Holland",false,52.130897,4.596467,"injury","2","clear",false,1,"GM0484"
"20240022277",2024,"Uitsluitend materiele schade",2,"Personenauto","Fiets","Flank","Kruispunt, 3 takken",50,"Niet brandend","Daglicht","Droog",\N,\N,"Matlingeweg","Rotterdam","Rotterdam","Zuid-Holland",false,51.930264,4.412912,"material damage only","4","clear",false,1,"GM0599"
"20240023517",2024,"Uitsluitend materiele schade",2,"Personenauto","Fiets","Frontaal","Kruispunt, 3 takken",50,"Niet brandend","Daglicht","Regen",\N,\N,"Middeldijk","Barendrecht","Barendrecht","Zuid-Holland",false,51.847893,4.525066,"material damage only","4","rain",false,1,"GM0489"
"20240028009",2024,"Letsel",2,"Personenauto","Fiets","Onbekend","Rechte weg",30,"Niet brandend","Daglicht","Droog",\N,"600772021","Akkerwinde","Zwaag","Hoorn","Noord-Holland",false,52.665982,5.046783,"injury","2","clear",false,1,"GM0405"
"20240009258",2024,"Uitsluitend materiele schade",3,"Fiets","Personenauto","Flank","Kruispunt, 3 takken",50,"Niet brandend","Daglicht","Droog",\N,\N,"Katerdijk","Zwolle","Zwolle","Overijssel",false,52.517747,6.081085,"material damage only","4","clear",false,1,"GM0193"
"20240035862",2024,"Uitsluitend materiele schade",2,"Personenauto","Fiets","Flank","Kruispunt, 4 takken",30,"Niet brandend","Daglicht","Droog",\N,\N,"Oerdijk","Schalkhaar","Deventer","Overijssel",false,52.266087,6.196197,"material damage only","4","clear",false,1,"GM0150"
"20240019505",2024,"Uitsluitend materiele schade",2,"Fiets","Fiets","Flank","Rechte weg",50,"Niet brandend","Daglicht","Droog",\N,"600532481","Dalweg","Soest","Soest","Utrecht",false,52.177333,5.296276,"material damage only","4","clear",false,1,"GM0342"
"20240019518",2024,"Uitsluitend materiele schade",2,"Landbouwvoertuig","Fiets","Onbekend","Rechte weg",60,"Niet brandend","Daglicht","Droog",\N,"377461001","Uiterdijkenweg","Luttelgeest","Noordoostpolder","Flevoland",false,52.757373,5.895711,"material damage only","4","clear",false,1,"GM0171"
"20240020774",2024,"Letsel",1,"Fiets",\N,"Onbekend","Rechte weg",30,"Niet brandend","Duisternis","Regen",\N,"212309003","Goudse Rijweg","Boskoop","Alphen aan den Rijn","Zuid-Holland",false,52.079009,4.679602,"injury","2","rain",false,1,"GM0484"
"20240037376",2024,"Uitsluitend materiele schade",2,"Personenauto","Fiets","Onbekend","Rechte weg",50,"Niet brandend","Daglicht","Droog",\N,"600923548","Duinkerkenstraat","Groningen","Groningen","Groningen",false,53.201272,6.5978,"material damage only","4","clear",false,1,"GM0014"
"20240019579",2024,"Uitsluitend materiele schade",3,"Motor","Fiets","Onbekend","Rechte weg",50,"Brandend","Duisternis","Regen",\N,"271311080","Westplein","Utrecht","Utrecht","Utrecht",true,52.089522,5.104111,"material damage only","4","rain",false,1,"GM0344"
"20240020411",2024,"Letsel",2,"Fiets","Boom","Vast voorwerp","Rechte weg",50,"Niet aanwezig","Daglicht","Droog",\N,"600999313","Skipad","Zoetermeer","Zoetermeer","Zuid-Holland",false,52.069873,4.454554,"injury","2","clear",false,1,"GM0637"