"accident_id","year","severity_raw","party_count","party1_type","party2_type","accident_type","road_situation","speed_limit_kmh","road_lighting","light_condition_label","weather_raw","infra_type","road_segment_id","street_name","place_name","gemeente_name_raw","province","alcohol_indicated","latitude","longitude","severity_label","severity_code","weather_label","built_up_area","cyclists_involved","gemeente_code"
"20240006938",2024,"Uitsluitend materiele schade",2,"Personenauto","Fiets","Frontaal","Kruispunt, 4 takken",50,"Brandend","Duisternis","Droog",\N,\N,"PAULUS POTTERLAAN","Bussum","Gooise Meren","Noord-Holland",false,52.281314,5.169504,"material damage only","4","clear",false,1,"GM1942"
"20240026967",2024,"Uitsluitend materiele schade",2,"Fiets","Personenauto","Onbekend","Rotonde",50,"Niet brandend","Daglicht","Regen",\N,\N,"Mansholtlaan","Wageningen","Wageningen","Gelderland",false,51.979918,5.679678,"material damage only","4","rain",false,1,"GM0289"
"20240032410",2024,"Uitsluitend materiele schade",2,"Bromfiets","Fiets","Frontaal","Rechte weg",30,"Niet brandend","Daglicht","Droog",\N,"192265011","Zuidkreek","Rotterdam","Rotterdam","Zuid-Holland",false,51.880899,4.532455,"material damage only","4","clear",false,1,"GM0599"
"20240032687",2024,"Letsel",2,"Personenauto","Fiets","Onbekend","Rechte weg",50,"Niet brandend","Daglicht","Droog",\N,"187283038","Burg L F de Montignyln","Rotterdam","Rotterdam","Zuid-Holland",false,51.958617,4.499615,"injury","2","clear",false,1,"GM0599"
"20240034810",2024,"Uitsluitend materiele schade",2,"Personenauto","Fiets","Flank","Kruispunt, 4 takken",50,"Niet brandend","Daglicht","Droog",\N,\N,"Weidehek","Breda","Breda","Noord-Brabant",false,51.615257,4.75348,"material damage only","4","clear",false,1,"GM0758"
"20240035254",2024,"Dodelijk",2,"Bestelauto","e-bike","Flank","Kruispunt, 4 takken",80,"Niet brandend","Daglicht","Droog",\N,\N,"Brédyk","Feinsum","Leeuwarden","Friesland",false,53.277633,5.761686,"fatal","1","clear",false,1,"GM0080"
"20220152753",2022,"Letsel",2,"Snorfiets","Fiets","Frontaal","Rechte weg",50,"Niet brandend","Daglicht","Droog",\N,\N,"Oranjelaan","Harderwijk","Harderwijk","Gelderland",false,52.33066,5.619058,"injury","2","clear",false,1,"GM0243"
"20220154715",2022,"Letsel",2,"Bromfiets","Fiets","Frontaal","Rechte weg",30,"Niet brandend","Daglicht","Droog",\N,"600524090","Eeuwigelaan","Bergen (NH)","Bergen (NH)","Noord-Holland",false,52.667062,4.67003,"injury","2","clear",false,1,\N
"20220162463",2022,"Uitsluitend materiele schade",2,"Personenauto","Fiets","Frontaal","Rechte weg",30,"Brandend","Duisternis","Droog",\N,"463565034","Friesestraatweg","Groningen","Groningen","Groningen",false,53.223692,6.537108,"material damage only","4","clear",false,1,"GM0014"
"20220166841",2022,"Uitsluitend materiele schade",2,"Bestelauto","Fiets","Flank","Kruispunt, 4 takken",60,"Niet aanwezig","Daglicht","Droog",\N,\N,"Markstraat","Kesteren","Neder-Betuwe","Gelderland",false,51.929875,5.599009,"material damage only","4","clear",false,1,"GM1740"
"20220168330",2022,"Uitsluitend materiele schade",2,"Personenauto","Fiets","Flank","Rotonde",50,"Niet brandend","Daglicht","Droog",\N,\N,"Rooseveltweg","Wageningen","Wageningen","Gelderland",false,51.976566,5.661771,"material damage only","4","clear",false,1,"GM0289"
"20220173235",2022,"Uitsluitend materiele schade",2,"Personenauto","Fiets","Flank","Kruispunt, 4 takken",50,"Niet brandend","Daglicht","Droog",\N,\N,"Handelsweg-zuid","Dronten","Dronten","Flevoland",false,52.533128,5.719807,"material damage only","4","clear",false,1,"GM0303"
"20220178312",2022,"Letsel",2,"Fiets","Fiets","Onbekend","Rechte weg",50,"Niet brandend","Daglicht","Droog",\N,"246377008","Meeuwenlaan","Amsterdam","Amsterdam","Noord-Holland",false,52.385884,4.922276,"injury","2","clear",false,1,"GM0363"
"20220178877",2022,"Letsel",1,"Fiets",\N,"Eenzijdig","Bocht",50,"Niet brandend","Daglicht","Droog",\N,"192328046","Heinsiuslaan","Leiderdorp","Leiderdorp","Zuid-Holland",false,52.164568,4.531588,"injury","2","clear",false,1,"GM0547"
"20220179492",2022,"Letsel",2,\N,"Fiets","Eenzijdig","Bocht",50,"Niet brandend","Daglicht","Droog",\N,"600729379","Bovenlangs","Zoetermeer","Zoetermeer","Zuid-Holland",false,52.060692,4.488228,"injury","2","clear",false,1,"GM0637"
"20220183787",2022,"Letsel",2,"Personenauto","Fiets","Flank","Bocht",30,"Niet brandend","Daglicht","Droog",\N,"600171641","Delftweg","Rotterdam","Rotterdam","Zuid-Holland",false,51.9626,4.394047,"injury","2","clear",false,1,"GM0599"
"20220119132",2022,"Letsel",1,"Fiets",\N,"Eenzijdig","Kruispunt, 4 takken",30,"Niet brandend","Daglicht","Droog",\N,\N,"Waliënsestraat","Winterswijk","Winterswijk","Gelderland",false,51.978394,6.723053,"injury","2","clear",false,1,"GM0294"
"20220119147",2022,"Letsel",2,"Personenauto","Fiets","Flank","Kruispunt, 3 takken",50,"Niet brandend","Daglicht","Droog",\N,\N,"Veldbloemenlaan","Arnhem","Arnhem","Gelderland",false,51.96547,5.908022,"injury","2","clear",false,1,"GM0202"
"20220123043",2022,"Letsel",2,"e-bike","Personenauto","Flank","Kruispunt, 4 takken",50,"Brandend","Schemer","Droog",\N,\N,"Nieuweweg","Wormer","Wormerland","Noord-Holland",false,52.492371,4.799434,"injury","2","clear",false,1,"GM0880"
"20220123044",2022,"Uitsluitend materiele schade",1,"Fiets",\N,"Onbekend","Rechte weg",30,"Niet brandend","Daglicht","Droog",\N,"600941307","Fanny Blankers-Koenlaan","Hoofddorp","Haarlemmermeer","Noord-Holland",false,52.306166,4.642391,"material damage only","4","clear",false,1,"GM0394"
"20220134860",2022,"Letsel",2,"Fiets","Fiets","Onbekend","Rechte weg",30,"Brandend","Duisternis",\N,\N,\N,"Oosterheerdtstraat","Leek","Westerkwartier","Groningen",false,53.163897,6.389394,"injury","2","unknown",false,1,"GM1969"
"20220134927",2022,"Uitsluitend materiele schade",2,"Bestelauto","Fiets","Flank",\N,30,"Niet brandend","Daglicht","Droog",\N,"600865591","De Drift","Hoogeveen","Hoogeveen","Drenthe",false,52.720247,6.437929,"material damage only","4","clear",false,1,"GM0118"
"20220140415",2022,"Letsel",2,"Personenauto","Fiets","Flank","Kruispunt, 4 takken",50,"Niet brandend","Daglicht","Droog",\N,\N,"Belgiëlaan","Haarlem","Haarlem","Noord-Holland",false,52.364512,4.649979,"injury","2","clear",false,1,"GM0392"
"20220154776",2022,"Letsel",2,"Fiets","Fiets","Onbekend","Rechte weg",\N,"Niet brandend","Daglicht","Droog",\N,"600956624","Lange stuk","Broek op Langedijk","Dijk en Waard","Noord-Holland",false,52.678556,4.774719,"injury","2","clear",false,1,"GM1980"
"20220188354",2022,"Uitsluitend materiele schade",2,"Personenauto","Fiets","Flank","Kruispunt, 4 takken",30,"Brandend","Duisternis","Droog",\N,\N,"Vondellaan","Helmond","Helmond","Noord-Brabant",false,51.490273,5.672259,"material damage only","4","clear",false,1,"GM0794"
"20220188374",2022,"Uitsluitend materiele schade",2,"Personenauto","Fiets","Onbekend",\N,\N,\N,"Daglicht",\N,\N,"600895206","Kasteellaan","Eindhoven","Eindhoven","Noord-Brabant",false,51.420519,5.444872,"material damage only","4","unknown",false,1,"GM0772"
"20220135959",2022,"Uitsluitend materiele schade",2,"Personenauto","Fiets","Flank","Kruispunt, 4 takken",80,"Niet brandend","Daglicht","Droog",\N,\N,"De Deukten","Giethoorn","Steenwijkerland","Overijssel",false,52.732015,6.077535,"material damage only","4","clear",false,1,"GM1708"
"20220136977",2022,"Letsel",1,"Fiets",\N,"Eenzijdig","Rechte weg",30,"Niet brandend","Daglicht","Droog",\N,"380289006","Zijpendaalseweg","Arnhem","Arnhem","Gelderland",false,51.990365,5.899256,"injury","2","clear",false,1,"GM0202"
"20220137867",2022,"Uitsluitend materiele schade",2,"Personenauto","Fiets","Onbekend","Rotonde",50,"Niet brandend","Daglicht","Droog",\N,\N,"Straatweg","Maarssen","Stichtse Vecht","Utrecht",false,52.132869,5.04621,"material damage only","4","clear",false,1,"GM1904"
"20220156184",2022,"Letsel",2,"Fiets","Overig vast object","Vast voorwerp","Rechte weg",50,"Brandend","Duisternis","Droog",\N,"600475035","Stationsweg","Leiden","Leiden","Zuid-Holland",false,52.16539,4.483455,"injury","2","clear",false,1,"GM0546"
"20220123323",2022,"Uitsluitend materiele schade",2,"Snorfiets","Fiets","Flank","Rechte weg",50,"Brandend","Duisternis","Droog",\N,"236357108","Handweg","Amstelveen","Amstelveen","Noord-Holland",false,52.296575,4.844845,"material damage only","4","clear",false,1,"GM0362"
"20220157252",2022,"Uitsluitend materiele schade",2,"Snorfiets","Fiets","Flank","Kruispunt, 3 takken",30,"Niet brandend","Daglicht","Droog",\N,\N,"Dordtselaan","Rotterdam","Rotterdam","Zuid-Holland",false,51.895671,4.494293,"material damage only","4","clear",false,1,"GM0599"
"20220158371",2022,"Letsel",1,"Fiets",\N,"Eenzijdig","Rechte weg",\N,"Niet brandend","Daglicht","Droog",\N,"600695732","Oude Haven","Oostburg","Sluis","Zeeland",false,51.329431,3.479808,"injury","2","clear",false,1,"GM1714"
"20220173382",2022,"Uitsluitend materiele schade",2,"Bromfiets","Fiets","Flank","Bocht",30,"Niet brandend","Daglicht","Droog",\N,"600940215","Brusselplein","Utrecht","Utrecht","Utrecht",false,52.097973,5.065366,"material damage only","4","clear",false,1,"GM0344"
"20220197630",2022,"Uitsluitend materiele schade",2,"Personenauto","Fiets","Flank","Kruispunt, 4 takken",30,"Niet brandend","Daglicht","Droog",\N,\N,"Hollandseweg","Wageningen","Wageningen","Gelderland",false,51.979463,5.676854,"material damage only","4","clear",false,1,"GM0289"
"20220197824",2022,"Letsel",2,"Bestelauto","Fiets","Onbekend","Rechte weg",30,"Niet brandend","Schemer","Droog",\N,"600848706","Christinalaan","Heerde","Heerde","Gelderland",false,52.393177,6.044587,"injury","2","clear",false,1,"GM0246"
"20220197840",2022,"Uitsluitend materiele schade",2,"Bestelauto","Fiets","Flank","Kruispunt, 4 takken",30,"Niet brandend","Daglicht","Droog",\N,\N,"Jan Ligthartstraat","Kampen","Kampen","Overijssel",false,52.550953,5.909279,"material damage only","4","clear",false,1,"GM0166"
"20220125940",2022,"Letsel",2,"Personenauto","Fiets","Frontaal","Kruispunt, 3 takken",50,"Niet brandend","Daglicht","Droog",\N,\N,"Withuysstraat","'s-Gravenhage","'s-Gravenhage","Zuid-Holland",false,52.057174,4.317548,"injury","2","clear",false,1,"GM0518"
"20220158653",2022,"Letsel",2,"Personenauto","Fiets","Flank","Kruispunt, 4 takken",50,"Niet brandend","Daglicht","Droog",\N,\N,"RITTHEM 40","Oost-Souburg","Vlissingen","Zeeland",false,51.461128,3.608488,"injury","2","clear",false,1,"GM0718"
"20220179280",2022,"Letsel",1,"Fiets",\N,"Eenzijdig","Rechte weg",60,"Niet aanwezig","Daglicht","Droog",\N,"600461408","Warmoeskade","Bodegraven","Alphen aan den Rijn","Zuid-Holland",false,52.076539,4.703504,"injury","2","clear",false,1,"GM0484"
"20220180391",2022,"Uitsluitend materiele schade",2,"Personenauto","Fiets","Flank","Bocht",50,"Niet brandend","Daglicht","Droog",\N,"187307054","Shawzijde","Zoetermeer","Zoetermeer","Zuid-Holland",false,52.07008,4.494838,"material damage only","4","clear",false,1,"GM0637"
"20220198044",2022,"Uitsluitend materiele schade",2,"Personenauto","Fiets","Flank","Rotonde",50,"Brandend","Schemer","Droog",\N,\N,"Heelsumseweg","Bennekom","Ede","Gelderland",false,51.996495,5.67681,"material damage only","4","clear",false,1,"GM0228"
"20220198256",2022,"Uitsluitend materiele schade",2,"Personenauto","Fiets","Onbekend","Kruispunt, 3 takken",50,"Niet brandend","Daglicht","Droog",\N,\N,"Amsterdamseweg","Arnhem","Arnhem","Gelderland",false,51.987805,5.895584,"material damage only","4","clear",false,1,"GM0202"
"20220198300",2022,"Uitsluitend materiele schade",2,"Personenauto","Fiets","Flank","Kruispunt, 4 takken",50,"Brandend","Duisternis","Droog",\N,"406408057","Middelweg","Zwolle","Zwolle","Overijssel",false,52.521387,6.097975,"material damage only","4","clear",false,1,"GM0193"
"20220119302",2022,"Letsel",2,"Bestelauto","Fiets","Flank","Kruispunt, 4 takken",60,"Niet aanwezig","Daglicht",\N,\N,\N,"Spoordijk","Staphorst","Staphorst","Overijssel",false,52.600113,6.232067,"injury","2","unknown",false,1,"GM0180"
"20220120783",2022,"Uitsluitend materiele schade",2,"Personenauto","Fiets","Flank","Kruispunt, 4 takken",30,"Niet brandend","Daglicht","Droog",\N,\N,"Zandweg","De Meern","Utrecht","Utrecht",false,52.083986,5.03141,"material damage only","4","clear",false,1,"GM0344"
"20220124883",2022,"Letsel",1,"Fiets",\N,"Eenzijdig","Rechte weg",\N,"Niet brandend","Daglicht","Regen",\N,"147289069","Galgeweg","Naaldwijk","Westland","Zuid-Holland",false,51.983307,4.205721,"injury","2","rain",false,1,"GM1783"
"20220139056",2022,"Letsel",1,"Fiets",\N,"Eenzijdig","Kruispunt, 3 takken",50,\N,"Daglicht","Droog",\N,"600524517","Boekenroodeweg","Aerdenhout","Bloemendaal","Noord-Holland",false,52.354825,4.590617,"injury","2","clear",false,1,"GM0377"
"20220139118",2022,"Letsel",2,"Bestelauto","e-bike","Onbekend",\N,30,\N,"Daglicht",\N,\N,"266434116","Bontekoestraat","Hoorn","Hoorn","Noord-Holland",false,52.644015,5.06786,"injury","2","unknown",false,1,"GM0405"
"20220162792",2022,"Letsel",2,"Personenauto","Fiets","Kop/staart","Rechte weg",30,"Niet brandend","Daglicht","Droog",\N,"600859726","Duerswâldmer Wei","Bakkeveen","Opsterland","Friesland",false,53.077675,6.249622,"injury","2","clear",false,1,"GM0086"
"20220167355",2022,"Uitsluitend materiele schade",2,"Personenauto","e-bike","Flank","Kruispunt, 4 takken",50,"Niet brandend","Daglicht","Droog",\N,\N,"Bruggertstraat","Enschede","Enschede","Overijssel",false,52.212775,6.844379,"material damage only","4","clear",false,1,"GM0153"
"20220169841",2022,"Uitsluitend materiele schade",2,"Personenauto","Fiets","Geparkeerd voertuig","Rechte weg",30,"Niet brandend","Daglicht","Regen","Parkeervoorziening","454427028","Wilhelminastraat","Dedemsvaart","Hardenberg","Overijssel",false,52.604507,6.454604,"material damage only","4","rain",false,1,"GM0160"
"20220178778",2022,"Letsel",2,"Personenauto","Fiets","Flank","Kruispunt, 4 takken",50,"Niet brandend","Daglicht","Droog",\N,\N,"Paletplein","'s-Gravenhage","'s-Gravenhage","Zuid-Holland",false,52.068786,4.302366,"injury","2","clear",false,1,"GM0518"
"20220181120",2022,"Letsel",2,"Bromfiets","Fiets","Flank","Rotonde",\N,"Niet brandend","Daglicht","Regen",\N,\N,"Kruisbroekweg","Naaldwijk","Westland","Zuid-Holland",false,51.988841,4.206933,"injury","2","rain",false,1,"GM1783"
"20220127034",2022,"Letsel",2,"Snorfiets","Fiets","Frontaal","Rechte weg",50,\N,"Daglicht","Droog",\N,"600612079","Edisonlaan","Bleiswijk","Lansingerland","Zuid-Holland",false,52.014692,4.544417,"injury","2","clear",false,1,"GM1621"
"20220129651",2022,"Letsel",2,"Fiets","Fiets","Onbekend","Rechte weg",60,"Niet aanwezig","Daglicht","Droog",\N,"128139002","Langendamsedijk","Graauw","Hulst","Zeeland",false,51.308473,4.090997,"injury","2","clear",false,1,"GM0677"
"20220139237",2022,"Uitsluitend materiele schade",2,"Bestelauto","Fiets","Flank","Kruispunt, 3 takken",50,"Niet brandend","Daglicht","Droog",\N,\N,"Z Dina Brondersstraat","Zandvoort","Zandvoort","Noord-Holland",false,52.36651,4.539023,"material damage only","4","clear",false,1,"GM0473"
"20220153872",2022,"Letsel",2,"Personenauto","Fiets","Flank","Rechte weg",50,"Niet brandend","Daglicht","Droog",\N,"253352011","Amsterdamsestraatweg","Abcoude","De Ronde Venen","Utrecht",false,52.273579,4.971871,"injury","2","clear",false,1,"GM0736"
"20220157477",2022,"Letsel",1,"Fiets",\N,"Eenzijdig","Rechte weg",50,"Brandend","Duisternis","Droog",\N,"180274054","Beukelsweg","Rotterdam","Rotterdam","Zuid-Holland",false,51.919886,4.446174,"injury","2","clear",false,1,"GM0599"
"20220178844",2022,"Letsel",1,"Fiets",\N,"Eenzijdig",\N,\N,\N,"Daglicht",\N,\N,"177338055","Hoorneslaan","Katwijk","Katwijk","Zuid-Holland",false,52.207123,4.417136,"injury","2","unknown",false,1,"GM0537"
"20220150973",2022,"Uitsluitend materiele schade",2,"Bromfiets","e-bike","Flank","Kruispunt, 3 takken",30,"Niet brandend","Daglicht","Droog",\N,\N,"Industriestraat","Venlo","Venlo","Limburg",false,51.385316,6.170891,"material damage only","4","clear",false,1,"GM0983"
"20220152199",2022,"Letsel",2,"Personenauto","Fiets","Flank","Rotonde",50,"Niet brandend","Daglicht","Droog",\N,\N,"Oranje Nassaulaan","Heerenveen","Heerenveen","Friesland",false,52.950439,5.934959,"injury","2","clear",false,1,"GM0074"
"20220156525",2022,"Uitsluitend materiele schade",2,"Personenauto","Fiets","Onbekend","Kruispunt, 4 takken",30,"Niet brandend","Daglicht","Droog",\N,\N,"Wadde","Waddinxveen","Waddinxveen","Zuid-Holland",false,52.05398,4.641976,"material damage only","4","clear",false,1,"GM0627"
"20220163450",2022,"Letsel",1,"e-bike",\N,"Eenzijdig","Rechte weg",30,"Niet brandend","Daglicht","Droog",\N,"530376054","Oude Dijk","Denekamp","Dinkelland","Overijssel",false,52.370843,7.007576,"injury","2","clear",false,1,"GM1774"
"20220172540",2022,"Letsel",2,"Personenauto","Fiets","Flank","Kruispunt, 4 takken",30,"Niet brandend","Daglicht","Droog",\N,\N,"Boudewijn Büchstraat","Utrecht","Utrecht","Utrecht",false,52.09845,5.051748,"injury","2","clear",false,1,"GM0344"
"20220194302",2022,"Uitsluitend materiele schade",2,"Personenauto","Fiets","Flank","Rechte weg",50,"Brandend","Duisternis","Droog",\N,"600855618","Nieuweweg","Nijeveen","Meppel","Drenthe",false,52.730702,6.164001,"material damage only","4","clear",false,1,"GM0119"
"20220123762",2022,"Letsel",1,"Fiets",\N,"Eenzijdig","Rechte weg",50,"Brandend","Duisternis","Droog","Bus-/Tramhalte",\N,"Casparuslaan","Weesp","Amsterdam","Noord-Holland",false,52.309069,5.035299,"injury","2","clear",false,1,"GM0363"
"20220142503",2022,"Uitsluitend materiele schade",3,"Fiets","Fiets","Onbekend","Rechte weg",30,"Niet brandend","Daglicht","Droog",\N,"249368006","Middenweg","Amsterdam","Amsterdam","Noord-Holland",false,52.343737,4.946225,"material damage only","4","clear",false,1,"GM0363"
"20220146057",2022,"Letsel",2,"Bromfiets","Fiets","Frontaal","Rechte weg",30,"Niet brandend","Daglicht","Droog",\N,"600697116","FIETSPAD","Rotterdam","Rotterdam","Zuid-Holland",false,51.909488,4.485431,"injury","2","clear",false,1,"GM0599"
"20220146913",2022,"Uitsluitend materiele schade",2,"Bromfiets","Fiets","Frontaal","Rechte weg",30,"Niet brandend","Daglicht","Droog",\N,\N,"Lange Schijfstraat","Tilburg","Tilburg","Noord-Brabant",false,51.555101,5.078635,"material damage only","4","clear",false,1,"GM0855"
"20220175233",2022,"Uitsluitend materiele schade",3,"Fiets","Personenauto","Onbekend","Rechte weg",60,"Niet brandend","Daglicht","Droog",\N,"600170244","Groenhartweg","Dirkshorn","Schagen","Noord-Holland",false,52.749172,4.768148,"material damage only","4","clear",false,1,"GM0441"
"20220183432",2022,"Uitsluitend materiele schade",2,"Personenauto","Fiets","Flank","Rechte weg",15,"Niet brandend","Daglicht","Droog",\N,"205257051","Weteringsingel","Hendrik-Ido-Ambacht","Hendrik-Ido-Ambacht","Zuid-Holland",false,51.845702,4.632399,"material damage only","4","clear",false,1,"GM0531"
"20220139536",2022,"Letsel",2,"Fiets","Personenauto","Geparkeerd voertuig","Rechte weg",30,"Brandend","Duisternis","Droog",\N,"222400032","P.L. Marnettestraat","Assendelft","Zaanstad","Noord-Holland",false,52.490285,4.745886,"injury","2","clear",false,1,"GM0479"
"20220142563",2022,"Letsel",2,"Bromfiets","e-bike","Onbekend","Bocht",\N,"Niet brandend","Daglicht","Droog",\N,"600922405","Reigerpad","Diemen","Diemen","Noord-Holland",false,52.334527,4.947873,"injury","2","clear",false,1,"GM0384"
"20220181354",2022,"Letsel",3,"Fiets","Bromfiets","Frontaal","Rechte weg",30,"Niet brandend","Daglicht","Droog","Brug/viaduct","600599842","Rijnsburgerweg","Leiden","Leiden","Zuid-Holland",false,52.170472,4.479665,"injury","2","clear",false,1,"GM0546"
"20220136493",2022,"Letsel",2,"Personenauto","Fiets","Flank","Rechte weg",\N,"Niet brandend","Daglicht","Droog",\N,"480300027","Elshofweg","Groenlo","Oost Gelre","Gelderland",false,52.036347,6.631589,"injury","2","clear",false,1,"GM1586"
"20220141231",2022,"Uitsluitend materiele schade",2,"Personenauto","Fiets","Kop/staart","Kruispunt, 4 takken",30,"Niet brandend","Daglicht","Droog",\N,\N,"Beeckenstein","Amsterdam","Amsterdam","Noord-Holland",false,52.325731,4.866191,"material damage only","4","clear",false,1,"GM0363"
"20220147117",2022,"Uitsluitend materiele schade",2,"Personenauto","Fiets","Flank","Kruispunt, 4 takken",50,"Niet brandend","Daglicht","Droog",\N,\N,"Spoorlaan","Tilburg","Tilburg","Noord-Brabant",false,51.559473,5.091519,"material damage only","4","clear",false,1,"GM0855"
"20220153259",2022,"Letsel",2,"Motor","e-bike","Flank","Kruispunt, 3 takken",50,"Niet brandend","Daglicht","Droog",\N,\N,"IJsseldijk","Welsum","Olst-Wijhe","Overijssel",false,52.342299,6.096563,"injury","2","clear",false,1,"GM1773"
"20220154081",2022,"Uitsluitend materiele schade",2,"Personenauto","Fiets","Flank","Rechte weg",30,"Niet brandend","Daglicht","Droog",\N,"600375633","Soerabayastraat","Utrecht","Utrecht","Utrecht",false,52.090501,5.09992,"material damage only","4","clear",false,1,"GM0344"
"20220189658",2022,"Uitsluitend materiele schade",2,"Personenauto","Fiets","Flank","Kruispunt, 3 takken",30,"Niet brandend","Daglicht","Droog",\N,\N,"Brouwerijstraat","Wijlre","Gulpen-Wittem","Limburg",false,50.832334,5.894455,"material damage only","4","clear",false,1,"GM1729"
"20220190278",2022,"Uitsluitend materiele schade",2,"e-bike","Fiets","Flank","Kruispunt, 3 takken",30,"Niet brandend","Daglicht","Droog",\N,\N,"Brouwersweg","Maastricht","Maastricht","Limburg",false,50.845397,5.66987,"material damage only","4","clear",false,1,"GM0935"
"20220191901",2022,"Letsel",2,"Fiets","Fiets","Flank","Kruispunt, 4 takken",30,"Niet brandend","Daglicht","Droog",\N,\N,"Nolenslaan","Groningen","Groningen","Groningen",false,53.195942,6.593834,"injury","2","clear",false,1,"GM0014"
"20220126398",2022,"Letsel",3,"Bromfiets","Fiets","Onbekend","Rechte weg",30,"Niet brandend","Daglicht","Droog",\N,"180333035","Margrietlaan","Rijnsburg","Katwijk","Zuid-Holland",false,52.184868,4.439034,"injury","2","clear",false,1,"GM0537"
"20220136525",2022,"Uitsluitend materiele schade",2,"Personenauto","Fiets","Flank","Kruispunt, 4 takken",80,"Niet brandend","Daglicht","Droog",\N,\N,"Flierderweg","Gorssel","Lochem","Gelderland",false,52.185333,6.211322,"material damage only","4","clear",false,1,"GM0262"
"20220148670",2022,"Letsel",3,"Personenauto","e-bike","Flank","Kruispunt, 4 takken",30,"Niet brandend","Daglicht","Droog",\N,\N,"Maaijkant","Ulicoten","Baarle-Nassau","Noord-Brabant",false,51.470937,4.879692,"injury","2","clear",false,1,"GM0744"
"20220155442",2022,"Uitsluitend materiele schade",2,"Personenauto","e-bike","Flank","Kruispunt, 4 takken",70,"Niet brandend","Daglicht","Droog",\N,\N,"Westpoortweg","Amsterdam","Amsterdam","Noord-Holland",false,52.397089,4.80043,"material damage only","4","clear",false,1,"GM0363"
"20220159332",2022,"Letsel",2,"Personenauto","Fiets","Flank","Rechte weg",50,"Niet brandend","Daglicht","Droog",\N,\N,"Frans den Hollanderlaan","Goes","Goes","Zeeland",false,51.499021,3.890397,"injury","2","clear",false,1,"GM0664"
"20220162140",2022,"Letsel",2,"Fiets","Personenauto","Flank","Kruispunt, 3 takken",30,"Niet brandend","Daglicht","Droog",\N,\N,"Boterbloem","Klazienaveen","Emmen","Drenthe",false,52.725473,6.981341,"injury","2","clear",false,1,"GM0114"
"20220127654",2022,"Letsel",2,"Personenauto","Fiets","Geparkeerd voertuig","Rechte weg",30,"Niet brandend","Daglicht","Droog","Parkeervoorziening","600742231","Nijverheidsweg","Hendrik-Ido-Ambacht","Hendrik-Ido-Ambacht","Zuid-Holland",false,51.846767,4.65344,"injury","2","clear",false,1,"GM0531"
"20220128721",2022,"Letsel",2,"Personenauto","e-bike","Flank","Rotonde",50,"Niet brandend","Daglicht","Droog",\N,\N,"Chico Mendesring","Dordrecht","Dordrecht","Zuid-Holland",false,51.804053,4.706262,"injury","2","clear",false,1,"GM0505"
"20220144178",2022,"Letsel",1,"Fiets",\N,"Eenzijdig","Rechte weg",50,"Niet brandend","Daglicht","Droog",\N,"208310006","Laag Boskoop","Boskoop","Alphen aan den Rijn","Zuid-Holland",false,52.082087,4.655104,"injury","2","clear",false,1,"GM0484"
"20220150147",2022,"Letsel",2,"Fiets","Fiets","Onbekend","Rechte weg",30,"Niet brandend","Daglicht","Droog",\N,"341167049","Willem-Alexanderstraat","Mierlo","Geldrop-Mierlo","Noord-Brabant",false,51.442377,5.616015,"injury","2","clear",false,1,"GM1771"
"20220171554",2022,"Uitsluitend materiele schade",2,"Personenauto","Fiets","Onbekend","Kruispunt, 4 takken",30,"Niet brandend","Daglicht","Droog",\N,\N,"Berliozstraat","Almere","Almere","Flevoland",false,52.36619,5.195651,"material damage only","4","clear",false,1,"GM0034"
"20220191621",2022,"Letsel",2,"Personenauto","Fiets","Frontaal","Kruispunt, 4 takken",60,"Niet brandend","Daglicht","Droog",\N,\N,"Hullenzandweg","Nieuw-Balinge","Midden-Drenthe","Drenthe",false,52.770412,6.591151,"injury","2","clear",false,1,"GM1731"
"20220193270",2022,"Letsel",1,"Fiets",\N,"Eenzijdig","Rechte weg",30,"Niet brandend","Daglicht","Droog",\N,"461565011","Barnsteenstraat","Groningen","Groningen","Groningen",false,53.226821,6.525366,"injury","2","clear",false,1,"GM0014"
"20220122886",2022,"Uitsluitend materiele schade",2,"Personenauto","Fiets","Onbekend","Rechte weg",50,"Niet brandend","Daglicht","Droog","Bus-/Tramhalte","233439030","Smaragd","Heerhugowaard","Dijk en Waard","Noord-Holland",false,52.662411,4.820154,"material damage only","4","clear",false,1,"GM1980"
"20220125438",2022,"Letsel",3,"Bestelauto","Fiets","Onbekend","Rechte weg",30,"Niet brandend","Daglicht","Droog",\N,"186328024","Prinsessekade","Leiden","Leiden","Zuid-Holland",false,52.161456,4.48546,"injury","2","clear",false,1,"GM0546"
"20220126465",2022,"Letsel",1,"Fiets",\N,"Eenzijdig","Rechte weg",\N,"Niet brandend","Daglicht","Droog",\N,\N,"Goudse Houtsingel","Gouda","Gouda","Zuid-Holland",false,52.026296,4.718135,"injury","2","clear",false,1,"GM0513"
"20220139985",2022,"Letsel",1,"Fiets",\N,"Eenzijdig","Rechte weg",50,"Niet aanwezig","Daglicht","Droog",\N,"600402875","Bergweg","Bloemendaal","Bloemendaal","Noord-Holland",false,52.424533,4.616846,"injury","2","clear",false,1,"GM0377"
"20220171639",2022,"Letsel",2,"Fiets","Fiets","Onbekend","Kruispunt, 4 takken",30,"Niet brandend","Daglicht","Droog",\N,\N,"Griend 20","Lelystad","Lelystad","Flevoland",false,52.498229,5.485446,"injury","2","clear",false,1,"GM0995"