"accident_id","year","severity_raw","party_count","party1_type","party2_type","accident_type","road_situation","speed_limit_kmh","road_lighting","light_condition_label","weather_raw","infra_type","road_segment_id","street_name","place_name","gemeente_name_raw","province","alcohol_indicated","latitude","longitude","severity_label","severity_code","weather_label","built_up_area","cyclists_involved","gemeente_code"
"20240100510",2024,"Letsel",2,"Bromfiets","Fiets","Frontaal","Rechte weg",30,"Brandend","Duisternis","Droog",\N,"600552550","Bergweg-zuid","Bergschenhoek","Lansingerland","Zuid-Holland",false,51.9768,4.497112,"injury","2","clear",false,1,"GM1621"
"20240100928",2024,"Uitsluitend materiele schade",1,"Fiets",\N,"Onbekend","Rechte weg",30,"Niet brandend","Daglicht","Droog",\N,"600730311","Bètaplein","Leiden","Leiden","Zuid-Holland",false,52.146262,4.492224,"material damage only","4","clear",false,1,"GM0546"
"20240101222",2024,"Letsel",2,\N,"Fiets","Flank","Rotonde",50,"Niet brandend","Daglicht","Droog",\N,\N,"De Zanderij","Noordwijkerhout","Noordwijk","Zuid-Holland",false,52.26823,4.500758,"injury","2","clear",false,1,"GM0575"
"20240087298",2024,"Uitsluitend materiele schade",2,"Personenauto","Fiets","Flank","Bocht",50,"Niet brandend","Daglicht","Droog",\N,"280356019","Huizerstraatweg","Naarden","Gooise Meren","Noord-Holland",false,52.293267,5.170382,"material damage only","4","clear",false,1,"GM1942"
"20240101255",2024,"Letsel",2,"Bestelauto","Fiets","Onbekend",\N,50,\N,"Daglicht",\N,\N,\N,"Lozerlaan","'s-Gravenhage","'s-Gravenhage","Zuid-Holland",false,52.051683,4.229378,"injury","2","unknown",false,1,"GM0518"
"20240048221",2024,"Uitsluitend materiele schade",2,"Personenauto","Fiets","Flank","Rechte weg",50,"Niet brandend","Daglicht","Droog",\N,"600780495","De Molen","Houten","Houten","Utrecht",false,52.031543,5.171761,"material damage only","4","clear",false,1,"GM0321"
"20240049454",2024,"Letsel",2,"Personenauto","e-bike","Flank","Kruispunt, 4 takken",80,"Niet brandend","Daglicht","Droog",\N,\N,"FIETSPAD","Ugchelen","Apeldoorn","Gelderland",false,52.170931,5.908365,"injury","2","clear",false,1,"GM0200"
"20240073156",2024,"Uitsluitend materiele schade",2,"Vrachtauto","Fiets","Voetganger","Rechte weg",30,"Niet brandend","Daglicht","Droog",\N,"222199048","Clematisstraat","Breda","Breda","Noord-Brabant",false,51.587762,4.752865,"material damage only","4","clear",false,1,"GM0758"
"20240080989",2024,"Letsel",1,"Fiets",\N,"Onbekend","Rechte weg",30,"Niet brandend","Daglicht",\N,\N,"162300059","B.H. Heldtlaan","Rijswijk","Rijswijk","Zuid-Holland",false,52.036319,4.311765,"injury","2","unknown",false,1,\N
"20240074418",2024,"Letsel",2,"Fiets","Scootmobiel","Flank","Kruispunt, 4 takken",50,"Niet brandend","Daglicht","Droog",\N,\N,"Ds Theodor Fliednerstr","Eindhoven","Eindhoven","Noord-Brabant",false,51.457293,5.490023,"injury","2","clear",false,1,"GM0772"
"20240085373",2024,"Letsel",2,"Landbouwvoertuig","Fiets","Onbekend","Rechte weg",60,"Niet brandend","Daglicht","Droog",\N,"366505039","Geert Knolweg","Joure","De Fryske Marren","Friesland",false,52.961553,5.808634,"injury","2","clear",false,1,"GM1940"
"20240088620",2024,"Uitsluitend materiele schade",3,"Personenauto","Fiets","Los voorwerp","Rechte weg",50,"Brandend","Duisternis","Droog",\N,"600648940","Charlotte v Pallandtstr","Noordwijk","Noordwijk","Zuid-Holland",false,52.240163,4.440022,"material damage only","4","clear",false,1,"GM0575"
"20240091215",2024,"Letsel",2,"Fiets","Fiets","Los voorwerp","Rechte weg",30,"Niet brandend","Daglicht","Droog",\N,"600612818","Schönberglaan","Capelle aan den IJssel","Capelle aan den IJssel","Zuid-Holland",false,51.922954,4.570604,"injury","2","clear",false,1,"GM0502"
"20240075504",2024,"Letsel",1,"Fiets",\N,"Los voorwerp","Rechte weg",60,"Niet brandend","Daglicht","Droog",\N,\N,"Braamtseweg","Kilder","Montferland","Gelderland",false,51.933742,6.259498,"injury","2","clear",false,1,"GM1955"
"20230051233",2023,"Letsel",2,"Fiets","Fiets","Frontaal","Bocht",30,"Niet brandend","Daglicht","Droog",\N,"298226024","Margarethalaan","'s-Hertogenbosch","'s-Hertogenbosch","Noord-Brabant",false,51.706418,5.301556,"injury","2","clear",false,1,"GM0796"
"20230058668",2023,"Uitsluitend materiele schade",2,"Fiets","Fiets","Flank","Rechte weg",30,"Brandend","Duisternis","Droog",\N,"237370046","Amstelveenseweg","Amsterdam","Amsterdam","Noord-Holland",false,52.352926,4.856075,"material damage only","4","clear",false,1,"GM0363"
"20230058685",2023,"Letsel",2,"Personenauto","Fiets","Geparkeerd voertuig","Rechte weg",30,"Niet brandend","Daglicht","Droog",\N,"162310109","Hofweg","'s-Gravenhage","'s-Gravenhage","Zuid-Holland",false,52.078376,4.313024,"injury","2","clear",false,1,"GM0518"
"20230062369",2023,"Letsel",2,"Personenauto","Fiets","Kop/staart","Rechte weg",30,"Niet brandend","Daglicht","Droog",\N,"336154029","Kapelstraat","Heeze","Heeze-Leende","Noord-Brabant",false,51.383961,5.580009,"injury","2","clear",false,1,"GM1658"
"20230043680",2023,"Uitsluitend materiele schade",2,"Personenauto","Fiets","Flank","Rotonde",50,"Niet brandend","Daglicht","Droog",\N,\N,"Sint Annalaan","Maastricht","Maastricht","Limburg",false,50.849404,5.677177,"material damage only","4","clear",false,1,"GM0935"
"20230046622",2023,"Uitsluitend materiele schade",2,"Bromfiets","Fiets","Frontaal","Rechte weg",30,"Brandend","Duisternis","Droog",\N,"600605270","Horsterweg","Stoutenburg","Leusden","Utrecht",false,52.147964,5.423475,"material damage only","4","clear",false,1,"GM0327"
"20230047204",2023,"Uitsluitend materiele schade",2,"Personenauto","Fiets","Onbekend","Kruispunt, 3 takken",50,"Niet brandend","Daglicht","Droog",\N,\N,"Tesselschadeplein","Haarlem","Haarlem","Noord-Holland",false,52.416593,4.649923,"material damage only","4","clear",false,1,"GM0392"
"20230054757",2023,"Letsel",1,"Fiets",\N,"Eenzijdig","Rechte weg",50,"Brandend","Duisternis","Droog",\N,"515344130","Deurningerstraat","Enschede","Enschede","Overijssel",false,52.227752,6.890284,"injury","2","clear",false,1,"GM0153"
"20230055323",2023,"Uitsluitend materiele schade",2,"Snorfiets","Fiets","Frontaal","Rechte weg",50,"Niet brandend","Daglicht","Droog",\N,"600829800","Groningerstraatweg","Leeuwarden","Leeuwarden","Friesland",false,53.216989,5.833534,"material damage only","4","clear",false,1,"GM0080"
"20230055931",2023,"Uitsluitend materiele schade",2,"e-bike","Personenauto","Flank","Kruispunt, 3 takken",30,"Niet brandend","Daglicht","Droog",\N,\N,"Groeneveldselaan","Veenendaal","Veenendaal","Utrecht",false,52.016653,5.562904,"material damage only","4","clear",false,1,"GM0345"
"20230062560",2023,"Uitsluitend materiele schade",2,"Bestelauto","Fiets","Los voorwerp","Kruispunt, 4 takken",60,"Niet brandend","Daglicht","Droog",\N,\N,"Noorderhoofdweg","Westkapelle","Veere","Zeeland",false,51.548921,3.4603,"material damage only","4","clear",false,1,"GM0717"
"20240128996",2024,"Letsel",2,"Personenauto","Fiets","Onbekend","Kruispunt, 4 takken",50,"Niet brandend","Daglicht","Droog",\N,\N,"Westersingel","Groningen","Groningen","Groningen",false,53.218358,6.556237,"injury","2","clear",false,1,"GM0014"
"20230040226",2023,"Letsel",1,"Fiets",\N,"Eenzijdig","Rechte weg",15,"Niet brandend","Daglicht","Droog",\N,"600724012","Biltpad","Katwijk","Katwijk","Zuid-Holland",false,52.204715,4.417069,"injury","2","clear",false,1,"GM0537"
"20230040241",2023,"Letsel",2,"Fiets","Fiets","Onbekend","Rechte weg",50,"Brandend","Duisternis","Droog",\N,"191325123","Hoge Rijndijk","Leiden","Leiden","Zuid-Holland",false,52.149463,4.521816,"injury","2","clear",false,1,"GM0546"
"20230050146",2023,"Letsel",2,"Personenauto","Fiets","Frontaal","Rechte weg",30,"Niet brandend","Daglicht","Droog",\N,"600714696","Molenweide","Maasland","Midden-Delfland","Zuid-Holland",false,51.939693,4.26775,"injury","2","clear",false,1,"GM1842"
"20230062446",2023,"Letsel",1,"Fiets",\N,"Eenzijdig","Bocht",60,"Niet aanwezig","Duisternis","Droog",\N,"321217003","Meerstraat","Heeswijk-Dinther","Bernheze","Noord-Brabant",false,51.665519,5.474363,"injury","2","clear",false,1,"GM1721"
"20240127116",2024,"Uitsluitend materiele schade",2,"Bestelauto","Fiets","Kop/staart","Kruispunt, 3 takken",30,"Niet brandend","Daglicht","Droog",\N,\N,"Magnoliahof","Haren Gn","Groningen","Groningen",false,53.172283,6.629616,"material damage only","4","clear",false,1,"GM0014"
"20230037374",2023,"Letsel",2,"Fiets","Fiets","Frontaal","Kruispunt, 4 takken",30,"Brandend","Duisternis","Droog",\N,\N,"Mgr Cornelis Veermanlaan","Volendam","Edam-Volendam","Noord-Holland",false,52.501172,5.068977,"injury","2","clear",false,1,"GM0385"
"20230039108",2023,"Letsel",1,"Fiets",\N,"Eenzijdig","Rechte weg",50,"Niet brandend","Daglicht","Droog",\N,"156309109","Goudenregenstraat","'s-Gravenhage","'s-Gravenhage","Zuid-Holland",false,52.075458,4.265023,"injury","2","clear",false,1,"GM0518"
"20230047866",2023,"Letsel",2,"Fiets","Fiets","Frontaal","Rechte weg",60,"Niet brandend","Daglicht","Droog",\N,"279318003","Groenekanseweg","Groenekan","De Bilt","Utrecht",false,52.119574,5.164924,"injury","2","clear",false,1,"GM0310"
"20230049043",2023,"Uitsluitend materiele schade",2,"Fiets","Personenauto","Geparkeerd voertuig","Rechte weg",50,"Niet brandend","Daglicht","Droog",\N,"237374046","Admiralengracht","Amsterdam","Amsterdam","Noord-Holland",false,52.370235,4.856466,"material damage only","4","clear",false,1,"GM0363"
"20230050170",2023,"Letsel",1,"Fiets",\N,"Eenzijdig","Rechte weg",30,"Niet brandend","Daglicht","Droog",\N,"173335021","Boulevard","Katwijk","Katwijk","Zuid-Holland",false,52.195722,4.387105,"injury","2","clear",false,1,"GM0537"
"20230059134",2023,"Uitsluitend materiele schade",2,"Snorfiets","Fiets","Onbekend","Rechte weg",50,"Niet brandend","Daglicht","Droog",\N,"232370036","Pieter Calandlaan","Amsterdam","Amsterdam","Noord-Holland",false,52.355635,4.817609,"material damage only","4","clear",false,1,"GM0363"
"20230039707",2023,"Uitsluitend materiele schade",2,"Personenauto","Fiets","Flank","Kruispunt, 3 takken",50,"Niet brandend","Daglicht","Droog",\N,\N,"Bonairestraat","Delft","Delft","Zuid-Holland",false,52.02047,4.35681,"material damage only","4","clear",false,1,"GM0503"
"20230051975",2023,"Letsel",2,"Personenauto","Fiets","Onbekend","Rotonde",50,"Niet brandend","Daglicht","Droog",\N,\N,"Martin Luther Kingweg","Rotterdam","Rotterdam","Zuid-Holland",false,51.96068,4.556202,"injury","2","clear",false,1,"GM0599"
"20230053724",2023,"Letsel",1,"Fiets",\N,"Eenzijdig","Bocht",50,"Niet brandend","Daglicht","Droog",\N,"600644601","Heerlenseweg","Landgraaf","Landgraaf","Limburg",false,50.897313,6.009841,"injury","2","clear",false,1,"GM0882"
"20230057738",2023,"Uitsluitend materiele schade",2,"Personenauto","Fiets","Flank","Rotonde",50,"Niet brandend","Daglicht","Regen",\N,\N,"Huijghenslaan","Arnhem","Arnhem","Gelderland",false,51.992528,5.93212,"material damage only","4","rain",false,1,"GM0202"
"20230059192",2023,"Letsel",3,"Fiets","Fiets","Onbekend","Rechte weg",\N,"Niet brandend","Daglicht","Droog",\N,"234374054","Jan van Galenstraat","Amsterdam","Amsterdam","Noord-Holland",false,52.37286,4.835926,"injury","2","clear",false,1,"GM0363"
"20230062867",2023,"Letsel",2,"Bestelauto","Fiets","Flank","Kruispunt, 3 takken",30,"Niet brandend","Daglicht","Droog",\N,\N,"Brigdamseweg","Middelburg","Middelburg","Zeeland",false,51.511046,3.607471,"injury","2","clear",false,1,\N
"20240132722",2024,"Letsel",2,"Fiets","Overig vast object","Vast voorwerp","Rechte weg",50,"Niet brandend","Daglicht","Droog",\N,"601258549","Acaciastraat","Monster","Westland","Zuid-Holland",false,52.024063,4.171222,"injury","2","clear",false,1,"GM1783"
"20230039744",2023,"Letsel",2,"Fiets","Fiets","Onbekend","Kruispunt, 3 takken",50,"Niet brandend","Daglicht","Droog",\N,\N,"Zuidweg","Rijpwetering","Kaag en Braassem","Zuid-Holland",false,52.181224,4.593159,"injury","2","clear",false,1,"GM1884"
"20230041464",2023,"Uitsluitend materiele schade",2,"Personenauto","Fiets","Flank","Kruispunt, 4 takken",50,"Niet brandend","Daglicht","Droog",\N,\N,"Spoorlaan","Tilburg","Tilburg","Noord-Brabant",false,51.55962,5.091305,"material damage only","4","clear",false,1,"GM0855"
"20230045558",2023,"Uitsluitend materiele schade",2,"Personenauto","Fiets","Frontaal","Bocht",30,"Niet brandend","Daglicht","Droog",\N,"499383085","Molenstraat","Tubbergen","Tubbergen","Overijssel",false,52.405496,6.782432,"material damage only","4","clear",false,1,"GM0183"
"20230050820",2023,"Uitsluitend materiele schade",2,"Bromfiets","Fiets","Frontaal","Kruispunt, 4 takken",50,"Niet brandend","Daglicht","Droog",\N,\N,"Camera Obscuralaan","Amstelveen","Amstelveen","Noord-Holland",false,52.302064,4.877013,"material damage only","4","clear",false,1,"GM0362"
"20230050833",2023,"Letsel",1,"Fiets",\N,"Eenzijdig","Rechte weg",30,"Niet brandend","Daglicht","Droog",\N,"169309041","Hendrik van Boeijenlaan","Voorburg","Leidschendam-Voorburg","Zuid-Holland",false,52.077717,4.362673,"injury","2","clear",false,1,"GM1916"
"20230058248",2023,"Letsel",2,"Personenauto","Fiets","Geparkeerd voertuig","Rechte weg",50,"Niet aanwezig","Daglicht","Droog","Parkeervoorziening","160310076","Tivolistraat","'s-Gravenhage","'s-Gravenhage","Zuid-Holland",false,52.07977,4.298283,"injury","2","clear",false,1,"GM0518"
"20230058549",2023,"Letsel",2,"Fiets","Fiets","Kop/staart","Rechte weg",30,"Niet brandend","Daglicht","Droog",\N,"169328001","De Wassenaarse Slag","Wassenaar","Wassenaar","Zuid-Holland",false,52.160452,4.373067,"injury","2","clear",false,1,"GM0629"
"20230058851",2023,"Uitsluitend materiele schade",2,"Fiets","Personenauto","Flank","Kruispunt, 4 takken",50,"Niet brandend","Daglicht","Droog",\N,\N,"Postjesweg","Amsterdam","Amsterdam","Noord-Holland",false,52.364303,4.853254,"material damage only","4","clear",false,1,"GM0363"
"20240133188",2024,"Letsel",2,"Bestelauto","Fiets","Onbekend","Kruispunt, 3 takken",50,"Niet brandend","Daglicht","Droog",\N,\N,"Carel van Bylandtlaan","'s-Gravenhage","'s-Gravenhage","Zuid-Holland",false,52.093484,4.313894,"injury","2","clear",false,1,"GM0518"
"20240133222",2024,"Letsel",2,"Bromfiets","Fiets","Flank","Rechte weg",50,"Niet brandend","Daglicht","Droog",\N,"170293058","Jaffalaan","Delft","Delft","Zuid-Holland",false,52.002698,4.369421,"injury","2","clear",false,1,"GM0503"
"20230042667",2023,"Uitsluitend materiele schade",2,"Bestelauto","Fiets","Flank","Rechte weg",60,"Niet brandend","Daglicht","Droog",\N,"322237003","Amsteleindstraat","Oss","Oss","Noord-Brabant",false,51.757943,5.486454,"material damage only","4","clear",false,1,"GM0828"
"20230048618",2023,"Uitsluitend materiele schade",2,"Fiets","Personenauto","Flank","Kruispunt, 4 takken",50,"Niet brandend","Daglicht","Droog",\N,\N,"Weesperstraat","Amsterdam","Amsterdam","Noord-Holland",false,52.361252,4.907834,"material damage only","4","clear",false,1,"GM0363"
"20230055523",2023,"Uitsluitend materiele schade",2,"Personenauto","Fiets","Flank","Kruispunt, 4 takken",70,"Niet brandend","Daglicht","Regen",\N,\N,"Rondweg","Emmen","Emmen","Drenthe",false,52.769079,6.930342,"material damage only","4","rain",false,1,"GM0114"
"20230037499",2023,"Letsel",2,"Bestelauto","Fiets","Eenzijdig","Kruispunt, 3 takken",50,"Niet brandend","Daglicht","Droog",\N,\N,"Zonnebloemlaan","Aerdenhout","Bloemendaal","Noord-Holland",false,52.358125,4.599082,"injury","2","clear",false,1,"GM0377"
"20230037510",2023,"Letsel",2,"Fiets","Overig vast object","Vast voorwerp","Rechte weg",50,"Niet brandend","Daglicht","Droog",\N,"210362038","Roekenbos","Hoofddorp","Haarlemmermeer","Noord-Holland",false,52.318364,4.655062,"injury","2","clear",false,1,"GM0394"
"20230039833",2023,"Letsel",3,"Personenauto","Fiets","Onbekend","Kruispunt, 4 takken",30,"Niet brandend","Daglicht","Droog",\N,\N,"Burg De Vlugtlaan","Amsterdam","Amsterdam","Noord-Holland",false,52.380907,4.824318,"injury","2","clear",false,1,"GM0363"
"20230047420",2023,"Uitsluitend materiele schade",2,"Personenauto","Fiets","Onbekend","Kruispunt, 4 takken",30,"Niet brandend","Daglicht","Droog",\N,\N,"Israëlslaan","Nieuwegein","Nieuwegein","Utrecht",false,52.032872,5.081636,"material damage only","4","clear",false,1,"GM0356"
"20230048022",2023,"Letsel",1,"Fiets",\N,"Eenzijdig","Rechte weg",50,"Brandend","Duisternis","Droog",\N,\N,"Willem de Zwijgerlaan","Alkmaar","Alkmaar","Noord-Holland",false,52.620337,4.747652,"injury","2","clear",false,1,"GM0361"
"20230052639",2023,"Uitsluitend materiele schade",2,"Landbouwvoertuig","Fiets","Flank","Kruispunt, 4 takken",60,"Niet brandend","Daglicht","Droog",\N,\N,"Statenboomweg","Clinge","Hulst","Zeeland",false,51.280165,4.123267,"material damage only","4","clear",false,1,"GM0677"
"20230056703",2023,"Uitsluitend materiele schade",2,"Personenauto","e-bike","Flank","Rotonde",50,"Niet aanwezig","Daglicht","Droog",\N,\N,"Hendrik ter Kuilestraat","Enschede","Enschede","Overijssel",false,52.22012,6.85583,"material damage only","4","clear",false,1,"GM0153"
"20240129380",2024,"Letsel",2,"Fiets","Fiets","Flank","Rechte weg",60,"Niet brandend","Daglicht","Droog",\N,"245308011","Cattenbroekerdijk","Linschoten","Montfoort","Utrecht",false,52.074108,4.91773,"injury","2","clear",false,1,"GM0335"
"20240130588",2024,"Uitsluitend materiele schade",2,"Bromfiets","Fiets","Onbekend","Rechte weg",30,"Brandend","Duisternis","Regen",\N,"522364011","Bentheimerstraat","Oldenzaal","Oldenzaal","Overijssel",false,52.31703,6.948225,"material damage only","4","rain",false,1,"GM0173"
"20240130690",2024,"Letsel",1,"Fiets",\N,"Onbekend","Rechte weg",30,"Niet brandend","Daglicht","Droog",\N,"379254004","Tiberiusplein","Nijmegen","Nijmegen","Gelderland",false,51.834559,5.894122,"injury","2","clear",false,1,"GM0268"
"20230038195",2023,"Letsel",2,"Personenauto","Fiets","Frontaal","Rechte weg",50,"Brandend","Duisternis","Droog",\N,"600383286","Lessinglaan","Utrecht","Utrecht","Utrecht",false,52.088949,5.082971,"injury","2","clear",false,1,"GM0344"
"20230039307",2023,"Letsel",2,"Bromfiets","e-bike","Flank","Kruispunt, 4 takken",50,"Niet brandend","Daglicht","Regen",\N,\N,"Carel van Bylandtlaan","'s-Gravenhage","'s-Gravenhage","Zuid-Holland",false,52.092611,4.310612,"injury","2","rain",false,1,"GM0518"
"20230039885",2023,"Letsel",1,"Fiets",\N,"Eenzijdig","Rechte weg",50,"Niet brandend","Daglicht","Droog",\N,"600724423","Helmbergweg","Katwijk","Katwijk","Zuid-Holland",false,52.207349,4.422216,"injury","2","clear",false,1,"GM0537"
"20230050382",2023,"Letsel",1,"Fiets",\N,"Eenzijdig","Rechte weg",50,"Niet aanwezig","Daglicht","Droog",\N,"600730984","Zuidbuurtseweg","Zoeterwoude","Zoeterwoude","Zuid-Holland",false,52.110689,4.503435,"injury","2","clear",false,1,"GM0638"
"20230053903",2023,"Uitsluitend materiele schade",2,"Personenauto","Fiets","Flank","Kruispunt, 3 takken",30,"Niet brandend","Daglicht","Droog",\N,\N,"Gelind","Gemert","Gemert-Bakel","Noord-Brabant",false,51.555697,5.683198,"material damage only","4","clear",false,1,"GM1652"
"20230056796",2023,"Uitsluitend materiele schade",1,"Fiets",\N,"Eenzijdig","Rotonde",50,"Niet brandend","Daglicht","Droog",\N,\N,"Barneveldseweg","Lunteren","Ede","Gelderland",false,52.095142,5.616597,"material damage only","4","clear",false,1,"GM0228"
"20230044011",2023,"Letsel",1,"Fiets",\N,"Eenzijdig","Rechte weg",60,"Niet brandend","Daglicht","Droog",\N,"390365001","Langeweg","Emst","Epe","Gelderland",false,52.331145,5.975588,"injury","2","clear",false,1,"GM0232"
"20230048115",2023,"Letsel",2,"Snorfiets","Fiets","Flank","Kruispunt, 4 takken",50,"Niet brandend","Daglicht","Droog",\N,\N,"Doddegras","Houten","Houten","Utrecht",false,52.012632,5.18482,"injury","2","clear",false,1,"GM0321"
"20230049286",2023,"Uitsluitend materiele schade",2,"Bestelauto","e-bike","Onbekend","Kruispunt, 4 takken",30,"Niet brandend","Daglicht","Droog",\N,\N,"Rozengracht","Amsterdam","Amsterdam","Noord-Holland",false,52.372188,4.875541,"material damage only","4","clear",false,1,"GM0363"
"20230050422",2023,"Uitsluitend materiele schade",2,"Personenauto","Fiets","Flank","Rotonde",50,"Niet aanwezig","Daglicht","Droog",\N,\N,"Sportlaan","Amstelveen","Amstelveen","Noord-Holland",false,52.290287,4.8631,"material damage only","4","clear",false,1,"GM0362"
"20230052168",2023,"Letsel",2,"Bestelauto","Fiets","Eenzijdig","Rechte weg",50,"Niet brandend","Daglicht","Droog",\N,"209245057","Ruys de Beerenbrouckweg","Dordrecht","Dordrecht","Zuid-Holland",false,51.79021,4.660087,"injury","2","clear",false,1,"GM0505"
"20230053921",2023,"Uitsluitend materiele schade",2,"Personenauto","Fiets","Flank","Rotonde",50,"Niet brandend","Daglicht","Droog",\N,\N,"Steinderweg","Elsloo","Stein","Limburg",false,50.954275,5.777389,"material damage only","4","clear",false,1,\N
"20230056254",2023,"Uitsluitend materiele schade",2,"Personenauto","Fiets","Onbekend","Kruispunt, 4 takken",70,"Niet brandend","Daglicht","Droog",\N,\N,"Nieuwleusenerdijk","Zwolle","Zwolle","Overijssel",false,52.534756,6.16269,"material damage only","4","clear",false,1,"GM0193"
"20230059411",2023,"Letsel",2,"Personenauto","Fiets","Flank","Rechte weg",50,"Niet brandend","Daglicht","Droog",\N,"600761755","Noord Zijperweg","Wieringerwaard","Hollands Kroon","Noord-Holland",false,52.833908,4.870733,"injury","2","clear",false,1,"GM1911"
"20240127333",2024,"Letsel",2,"Personenauto","Fiets","Flank","Kruispunt, 4 takken",30,"Niet brandend","Daglicht","Droog",\N,\N,"Houtlaan","Drachten","Smallingerland","Friesland",false,53.108644,6.100599,"injury","2","clear",false,1,"GM0090"
"20240127462",2024,"Letsel",2,"Bestelauto","Fiets","Flank","Kruispunt, 4 takken",50,"Niet brandend","Daglicht","Droog",\N,\N,"Wilhelminalaan","Beuningen Gld","Beuningen","Gelderland",false,51.8576,5.76666,"injury","2","clear",false,1,"GM0209"
"20230065775",2023,"Letsel",3,"Fiets","Fiets","Onbekend","Rechte weg",30,"Niet brandend","Daglicht","Droog",\N,\N,"Nieuwe Marktstraat","Nijmegen","Nijmegen","Gelderland",false,51.845074,5.854942,"injury","2","clear",false,1,"GM0268"
"20230065914",2023,"Letsel",3,"Snorfiets","Fiets","Onbekend","Rechte weg",30,"Niet brandend","Daglicht","Droog",\N,"160299046","Sir Winston Churchillln","Rijswijk","Rijswijk","Zuid-Holland",false,52.029552,4.29837,"injury","2","clear",false,1,\N
"20230066061",2023,"Letsel",2,"Fiets","Fiets","Onbekend","Kruispunt, 4 takken",50,"Niet brandend","Daglicht","Droog",\N,\N,"Sweelincklaan","Leiden","Leiden","Zuid-Holland",false,52.14703,4.470755,"injury","2","clear",false,1,"GM0546"
"20230039399",2023,"Letsel",1,"Fiets",\N,"Eenzijdig","Rechte weg",30,"Brandend","Duisternis","Droog",\N,"185327060","Haagweg","Leiden","Leiden","Zuid-Holland",false,52.15911,4.476591,"injury","2","clear",false,1,"GM0546"
"20230044036",2023,"Uitsluitend materiele schade",2,"Bestelauto","Fiets","Flank","Kruispunt, 4 takken",30,"Niet brandend","Daglicht","Droog",\N,\N,"Lindenlaan","Molenhoek","Mook en Middelaar","Limburg",false,51.759078,5.874572,"material damage only","4","clear",false,1,"GM0944"
"20230049337",2023,"Uitsluitend materiele schade",2,"Personenauto","e-bike","Kop/staart","Kruispunt, 4 takken",50,"Niet brandend","Daglicht","Droog",\N,\N,"Troelstrakade","'s-Gravenhage","'s-Gravenhage","Zuid-Holland",false,52.056672,4.302174,"material damage only","4","clear",false,1,"GM0518"
"20230061288",2023,"Letsel",1,"Fiets",\N,"Eenzijdig","Rechte weg",50,"Niet brandend","Daglicht","Droog","Tunnel","601060493","Moerkapellepad","Waddinxveen","Waddinxveen","Zuid-Holland",false,52.020125,4.629263,"injury","2","clear",false,1,"GM0627"
"20240127798",2024,"Letsel",2,"Fiets","Fiets","Flank","Rechte weg",30,"Niet brandend","Daglicht","Droog",\N,\N,"Lange Brug","Winterswijk","Winterswijk","Gelderland",false,51.975362,6.721261,"injury","2","clear",false,1,"GM0294"
"20240128263",2024,"Uitsluitend materiele schade",2,"Personenauto","e-bike","Flank","Kruispunt, 4 takken",30,"Niet brandend","Daglicht","Droog",\N,\N,"Symfonielaan","Kampen","Kampen","Overijssel",false,52.539394,5.908302,"material damage only","4","clear",false,1,"GM0166"
"20230066618",2023,"Uitsluitend materiele schade",3,"Personenauto","Fiets","Onbekend","Kruispunt, 3 takken",50,"Niet brandend","Daglicht","Droog",\N,\N,"Recht van ter Leede","Leerdam","Vijfheerenlanden","Utrecht",false,51.899985,5.080061,"material damage only","4","clear",false,1,"GM1961"
"20240128828",2024,"Letsel",3,"Fiets","Fiets","Flank","Rechte weg",50,"Niet brandend","Daglicht","Regen",\N,\N,"Provincialeweg","Sauwerd","Het Hogeland","Groningen",false,53.294563,6.533106,"injury","2","rain",false,1,"GM1966"
"20240129080",2024,"Letsel",1,"Fiets",\N,"Onbekend","Rechte weg",30,"Brandend","Duisternis","Droog",\N,"272312055","Lange Viestraat","Utrecht","Utrecht","Utrecht",false,52.093247,5.115667,"injury","2","clear",false,1,"GM0344"
"20230039440",2023,"Letsel",2,"Bestelauto","Fiets","Flank","Kruispunt, 4 takken",50,"Niet brandend","Daglicht","Droog",\N,\N,"Groene Kruisweg","Spijkenisse","Nissewaard","Zuid-Holland",false,51.853509,4.32568,"injury","2","clear",false,1,"GM1930"
"20230040020",2023,"Letsel",3,"Bromfiets","Fiets","Frontaal","Bocht",50,"Niet brandend","Daglicht","Droog",\N,"176334030","Cantineweg","Katwijk","Katwijk","Zuid-Holland",false,52.188711,4.41297,"injury","2","clear",false,1,"GM0537"
"20230055148",2023,"Letsel",2,"Personenauto","Fiets","Onbekend","Kruispunt, 3 takken",30,"Niet brandend","Daglicht","Droog",\N,\N,"Schimmelpennincklaan","Winterswijk","Winterswijk","Gelderland",false,51.98155,6.715109,"injury","2","clear",false,1,"GM0294"
"20230060803",2023,"Letsel",2,"Personenauto","Fiets","Flank","Kruispunt, 4 takken",70,"Niet brandend","Daglicht","Droog",\N,\N,"Nieuwe Kadijk","Breda","Breda","Noord-Brabant",false,51.601358,4.786095,"injury","2","clear",false,1,"GM0758"
"20230065697",2023,"Uitsluitend materiele schade",3,"Personenauto","Fiets","Onbekend","Kruispunt, 3 takken",50,"Brandend","Duisternis","Droog",\N,\N,"Tunnelweg","Nijmegen","Nijmegen","Gelderland",false,51.843474,5.848301,"material damage only","4","clear",false,1,"GM0268"
"20230038913",2023,"Letsel",2,"Personenauto","e-bike","Flank","Kruispunt, 3 takken",50,"Niet brandend","Daglicht","Regen",\N,\N,"Uiverlaan","Maassluis","Maassluis","Zuid-Holland",false,51.929976,4.239941,"injury","2","rain",false,1,"GM0556"