"accident_id","year","severity_raw","party_count","party1_type","party2_type","accident_type","road_situation","speed_limit_kmh","road_lighting","light_condition_label","weather_raw","infra_type","road_segment_id","street_name","place_name","gemeente_name_raw","province","alcohol_indicated","latitude","longitude","severity_label","severity_code","weather_label","built_up_area","cyclists_involved","gemeente_code"
"20240021667",2024,"Uitsluitend materiele schade",2,"Fiets","Personenauto","Flank","Rotonde",50,"Niet brandend","Daglicht","Regen",\N,\N,"Westerdreef","Nieuw-Vennep","Haarlemmermeer","Noord-Holland",false,52.26871,4.627172,"material damage only","4","rain",false,1,"GM0394"
"20240021691",2024,"Letsel",2,"Fiets","Fiets","Onbekend","Rechte weg",50,"Brandend","Duisternis","Droog",\N,"287446033","Zesstedenweg","Grootebroek","Stede Broec","Noord-Holland",false,52.697535,5.223113,"injury","2","clear",false,1,"GM0532"
"20230108618",2023,"Uitsluitend materiele schade",2,"Bestelauto","Fiets","Kop/staart","Kruispunt, 3 takken",30,"Brandend","Schemer","Regen",\N,\N,"Bakkersweg","Maarn","Utrechtse Heuvelrug","Utrecht",false,52.063987,5.376637,"material damage only","4","rain",false,1,"GM1581"
"20240007191",2024,"Uitsluitend materiele schade",2,"Fiets",\N,"Flank","Kruispunt, 4 takken",50,"Niet brandend","Daglicht","Droog",\N,\N,"Pierre van Hauwelaan","Delft","Delft","Zuid-Holland",false,51.996298,4.350306,"material damage only","4","clear",false,1,"GM0503"
"20240016735",2024,"Uitsluitend materiele schade",2,"Bromfiets","Fiets","Flank","Rechte weg",30,"Niet brandend","Daglicht","Regen",\N,"601058446","Lange Akkers","Arnhem","Arnhem","Gelderland",false,51.946102,5.88101,"material damage only","4","rain",false,1,"GM0202"
"20240021715",2024,"Uitsluitend materiele schade",2,"Personenauto","Fiets","Flank","Kruispunt, 4 takken",30,"Niet brandend","Daglicht","Regen",\N,\N,"Nieuwezijds Voorburgwal","Amsterdam","Amsterdam","Noord-Holland",false,52.372614,4.89045,"material damage only","4","rain",false,1,"GM0363"
"20240152217",2024,"Uitsluitend materiele schade",2,"Personenauto","Fiets","Onbekend","Rechte weg",30,"Niet brandend","Daglicht","Droog",\N,"229376127","Ruys de Beerenbrouckstr","Amsterdam","Amsterdam","Noord-Holland",false,52.38232,4.79818,"material damage only","4","clear",false,1,"GM0363"
"20230109833",2023,"Uitsluitend materiele schade",2,"Bromfiets","Fiets","Flank","Rechte weg",50,"Niet brandend","Daglicht","Droog",\N,"600537896","Noord Brabantlaan","Eindhoven","Eindhoven","Noord-Brabant",false,51.441556,5.437698,"material damage only","4","clear",false,1,"GM0772"
"20230023655",2023,"Uitsluitend materiele schade",2,"Personenauto","Fiets","Onbekend","Rotonde",50,\N,"Daglicht","Regen",\N,\N,"Durgerdammerdijk","Amsterdam","Amsterdam","Noord-Holland",false,52.382644,4.971329,"material damage only","4","rain",false,1,"GM0363"
"20230030604",2023,"Letsel",3,"Fiets","Fiets","Onbekend","Rechte weg",80,"Niet brandend","Daglicht","Droog",\N,"357239022","Arnoud van Gelderweg","Grave","Land van Cuijk","Noord-Brabant",false,51.76846,5.734245,"injury","2","clear",false,1,"GM1982"
"20230069163",2023,"Letsel",1,"e-bike",\N,"Eenzijdig","Rotonde",30,"Niet brandend","Daglicht","Regen",\N,\N,"Donau","'s-Gravenhage","'s-Gravenhage","Zuid-Holland",false,52.05568,4.396358,"injury","2","rain",false,1,"GM0518"
"20230018565",2023,"Uitsluitend materiele schade",2,"Personenauto","Fiets","Flank","Kruispunt, 3 takken",30,"Niet brandend","Daglicht","Droog",\N,\N,"Frederikspark","Haarlem","Haarlem","Noord-Holland",false,52.374184,4.630541,"material damage only","4","clear",false,1,"GM0392"
"20240028854",2024,"Letsel",1,"Fiets",\N,"Eenzijdig","Rechte weg",50,"Niet brandend","Daglicht","Droog",\N,"399378004","Zwolseweg","Heerde","Heerde","Gelderland",false,52.39009,6.043361,"injury","2","clear",false,1,"GM0246"
"20240029204",2024,"Letsel",2,"Fiets","Bromfiets","Onbekend","Rechte weg",30,"Niet brandend","Daglicht","Droog",\N,"601063772","Arnhemse Bovenweg","Zeist","Zeist","Utrecht",false,52.073721,5.25915,"injury","2","clear",false,1,"GM0355"
"20230033099",2023,"Uitsluitend materiele schade",4,"Fiets","Fiets","Vast voorwerp","Rechte weg",60,"Niet aanwezig","Daglicht",\N,\N,\N,"Pastoor Ruttenstraat","Mechelen","Gulpen-Wittem","Limburg",false,50.800705,5.928541,"material damage only","4","unknown",false,1,"GM1729"
"20230033339",2023,"Letsel",1,"Fiets",\N,"Eenzijdig","Rechte weg",50,\N,"Duisternis",\N,\N,"297222054","Stationsplein","'s-Hertogenbosch","'s-Hertogenbosch","Noord-Brabant",false,51.690464,5.296334,"injury","2","unknown",false,1,"GM0796"
"20230034318",2023,"Letsel",2,"Personenauto","Fiets","Flank","Kruispunt, 3 takken",50,"Niet brandend","Daglicht","Droog",\N,\N,"Julianalaan","Leeuwarden","Leeuwarden","Friesland",false,53.18657,5.796467,"injury","2","clear",false,1,"GM0080"
"20230066986",2023,"Letsel",1,"Fiets",\N,"Eenzijdig","Rechte weg",60,"Niet aanwezig","Daglicht","Droog",\N,"238332001","Bovendijk","Wilnis","De Ronde Venen","Utrecht",false,52.17933,4.879602,"injury","2","clear",false,1,"GM0736"
"20240031162",2024,"Letsel",2,"Bromfiets","Fiets","Flank","Kruispunt, 4 takken",30,"Niet brandend","Daglicht","Droog",\N,\N,"Bruynvisweg","Wormer","Wormerland","Noord-Holland",false,52.494067,4.800186,"injury","2","clear",false,1,"GM0880"
"20230014569",2023,"Uitsluitend materiele schade",2,"Personenauto","Fiets","Flank","Kruispunt, 4 takken",30,"Niet brandend","Daglicht","Droog",\N,\N,"Distelvlinderlaan","Culemborg","Culemborg","Gelderland",false,51.947054,5.202717,"material damage only","4","clear",false,1,"GM0216"
"20230017980",2023,"Letsel",1,"Fiets",\N,"Eenzijdig","Rechte weg",30,"Niet brandend","Daglicht","Droog",\N,\N,"Twentseweg","Amersfoort","Amersfoort","Utrecht",false,52.164657,5.357814,"injury","2","clear",false,1,"GM0307"
"20230023755",2023,"Letsel",2,"Personenauto","Fiets","Flank","Kruispunt, 3 takken",50,"Brandend","Daglicht","Regen",\N,\N,"Elzendreef","Voorburg","Leidschendam-Voorburg","Zuid-Holland",false,52.08427,4.369647,"injury","2","rain",false,1,"GM1916"
"20230024336",2023,"Letsel",2,"Personenauto","Fiets","Kop/staart","Rechte weg",50,"Niet brandend","Daglicht","Regen",\N,"224352004","Oosteinderweg","Aalsmeer","Aalsmeer","Noord-Holland",true,52.2766,4.774684,"injury","2","rain",false,1,"GM0358"
"20230030086",2023,"Letsel",2,"Bus","Fiets","Flank","Rechte weg",50,"Niet brandend","Daglicht","Droog",\N,"600716735","Steegjesdijk","Piershil","Hoeksche Waard","Zuid-Holland",false,51.791051,4.312683,"injury","2","clear",false,1,"GM1963"
"20230067178",2023,"Letsel",3,"Personenauto","Fiets","Onbekend","Rotonde",50,"Niet brandend","Daglicht","Droog",\N,\N,"Laan van Cattenbroeck","Zeist","Zeist","Utrecht",false,52.078231,5.230033,"injury","2","clear",false,1,"GM0355"
"20230069235",2023,"Letsel",3,"Personenauto","Fiets","Flank","Rechte weg",50,"Niet brandend","Daglicht","Droog",\N,"193273119","Bahialaan","Rotterdam","Rotterdam","Zuid-Holland",false,51.917175,4.53914,"injury","2","clear",false,1,"GM0599"
"20230074389",2023,"Uitsluitend materiele schade",2,"Fiets","Overig vast object","Vast voorwerp","Kruispunt, 4 takken",50,"Niet brandend","Daglicht","Droog",\N,\N,"Balkendwarsweg","Assen","Assen","Drenthe",false,52.996453,6.520902,"material damage only","4","clear",false,1,"GM0106"
"20240026086",2024,"Uitsluitend materiele schade",2,"Fiets","Personenauto","Flank","Rechte weg",50,"Niet brandend","Daglicht","Droog",\N,"348284004","Ritzema Bosweg","Wageningen","Wageningen","Gelderland",false,51.969406,5.671201,"material damage only","4","clear",false,1,"GM0289"
"20230015758",2023,"Letsel",3,"Bestelauto","Fiets","Flank","Bocht",30,"Niet brandend","Daglicht","Regen",\N,"287314003","Laan van Vollenhove","Zeist","Zeist","Utrecht",false,52.102738,5.229482,"injury","2","rain",false,1,"GM0355"
"20230067641",2023,"Uitsluitend materiele schade",2,"Personenauto","Fiets","Flank","Rotonde",50,"Niet brandend","Daglicht","Droog",\N,\N,"Churchilllaan","Purmerend","Purmerend","Noord-Holland",false,52.508321,4.968144,"material damage only","4","clear",false,1,"GM0439"
"20230068882",2023,"Letsel",2,"Fiets","Voetganger","Voetganger","Rechte weg",50,"Niet brandend","Daglicht","Droog",\N,"161310075","Hogewal","'s-Gravenhage","'s-Gravenhage","Zuid-Holland",false,52.083194,4.302839,"injury","2","clear",false,1,"GM0518"
"20230027842",2023,"Uitsluitend materiele schade",2,"Personenauto","Fiets","Onbekend","Rotonde",50,"Niet brandend","Daglicht","Droog",\N,\N,"Groenedijk","Breda","Breda","Noord-Brabant",false,51.610427,4.779244,"material damage only","4","clear",false,1,"GM0758"
"20240028865",2024,"Uitsluitend materiele schade",2,"Fiets",\N,"Flank","Rechte weg",50,"Niet brandend","Daglicht","Droog",\N,"600501245","De Liesbosch","Nieuwegein","Nieuwegein","Utrecht",false,52.05167,5.110267,"material damage only","4","clear",false,1,"GM0356"
"20230035285",2023,"Uitsluitend materiele schade",3,"Fiets","Fiets","Vast voorwerp","Rechte weg",\N,"Niet brandend","Daglicht","Droog",\N,"600872148","Hereweg","Groningen","Groningen","Groningen",false,53.201001,6.577701,"material damage only","4","clear",false,1,"GM0014"
"20230035741",2023,"Letsel",2,"Personenauto","Fiets","Geparkeerd voertuig","Rechte weg",50,"Brandend","Duisternis","Droog",\N,"407406036","Hanekamp","Zwolle","Zwolle","Overijssel",false,52.513315,6.108674,"injury","2","clear",false,1,"GM0193"
"20230067259",2023,"Letsel",2,"Personenauto","Fiets","Onbekend","Kruispunt, 3 takken",30,"Niet brandend","Daglicht","Droog",\N,\N,"Rijksstraatweg","Loenen aan de Vecht","Stichtse Vecht","Utrecht",false,52.209447,5.022027,"injury","2","clear",false,1,"GM1904"
"20230012970",2023,"Uitsluitend materiele schade",2,"Personenauto","Fiets","Flank","Kruispunt, 4 takken",30,"Brandend","Duisternis","Droog",\N,\N,"Hoogeindsestraat","Tiel","Tiel","Gelderland",false,51.888194,5.431506,"material damage only","4","clear",false,1,"GM0281"
"20230013499",2023,"Uitsluitend materiele schade",2,"Personenauto","Fiets","Flank","Rotonde",50,"Niet brandend","Daglicht","Droog",\N,\N,"van Limburg Stirumstraat","Hoogeveen","Hoogeveen","Drenthe",false,52.72012,6.472306,"material damage only","4","clear",false,1,"GM0118"
"20230019894",2023,"Letsel",2,"Personenauto","Fiets","Flank","Rechte weg",60,"Niet brandend","Daglicht","Droog",\N,"257329026","Zandpad","Breukelen","Stichtse Vecht","Utrecht",false,52.178151,5.004102,"injury","2","clear",false,1,"GM1904"
"20230022660",2023,"Letsel",2,"Fiets","Overig vast object","Vast voorwerp","Rechte weg",30,"Niet brandend","Daglicht","Regen",\N,"210287027","Koningin Julianastraat","Moordrecht","Zuidplas","Zuid-Holland",false,51.982069,4.663347,"injury","2","rain",false,1,"GM1892"
"20230024432",2023,"Letsel",2,"Fiets","Bestelauto","Flank","Rotonde",50,"Niet brandend","Daglicht","Droog",\N,\N,"Meerlandenweg","Amstelveen","Amstelveen","Noord-Holland",false,52.264181,4.799636,"injury","2","clear",false,1,"GM0362"
"20240027506",2024,"Uitsluitend materiele schade",2,"Bromfiets","Fiets","Flank","Rechte weg",50,"Niet brandend","Daglicht","Droog",\N,"462566025","Friesestraatweg","Groningen","Groningen","Groningen",false,53.229414,6.532412,"material damage only","4","clear",false,1,"GM0014"
"20230027875",2023,"Uitsluitend materiele schade",2,"Personenauto","Fiets","Flank","Kruispunt, 4 takken",30,"Niet brandend","Daglicht","Regen",\N,\N,"Academielaan","Tilburg","Tilburg","Noord-Brabant",false,51.560645,5.056608,"material damage only","4","rain",false,1,"GM0855"
"20230067459",2023,"Letsel",2,"Fiets","Fiets","Flank","Kruispunt, 4 takken",50,"Niet brandend","Daglicht","Regen",\N,\N,"Bloemendalsestraat","Amersfoort","Amersfoort","Utrecht",false,52.160013,5.390192,"injury","2","rain",false,1,"GM0307"
"20230068949",2023,"Letsel",1,"Fiets",\N,"Eenzijdig","Rechte weg",50,"Niet brandend","Daglicht","Droog",\N,"156309109","Goudenregenstraat","'s-Gravenhage","'s-Gravenhage","Zuid-Holland",false,52.075458,4.265023,"injury","2","clear",false,1,"GM0518"
"20230077602",2023,"Letsel",1,"Fiets",\N,"Eenzijdig","Bocht",50,"Niet aanwezig","Duisternis","Droog",\N,"158304041","Johanna Naberweg","'s-Gravenhage","'s-Gravenhage","Zuid-Holland",false,52.054493,4.284807,"injury","2","clear",false,1,"GM0518"
"20230021608",2023,"Uitsluitend materiele schade",3,"Trein/tram","Fiets","Onbekend","Rotonde",30,"Brandend","Duisternis","Droog",\N,\N,"Delflandplein","Delft","Delft","Zuid-Holland",false,51.997246,4.355179,"material damage only","4","clear",false,1,"GM0503"
"20230026770",2023,"Letsel",2,"Personenauto","Fiets","Flank","Kruispunt, 4 takken",30,"Niet brandend","Daglicht","Droog",\N,\N,"Harlingendreef","Tilburg","Tilburg","Noord-Brabant",false,51.585356,5.002271,"injury","2","clear",false,1,"GM0855"
"20230031940",2023,"Uitsluitend materiele schade",2,"Fiets","Personenauto","Flank","Rechte weg",50,"Niet brandend","Daglicht","Droog",\N,"352035109","Sporenstraat","Maastricht","Maastricht","Limburg",false,50.849419,5.690325,"material damage only","4","clear",false,1,"GM0935"
"20230069372",2023,"Uitsluitend materiele schade",2,"Personenauto","Fiets","Flank","Kruispunt, 4 takken",50,"Niet brandend","Daglicht","Droog",\N,\N,"Laakkade","'s-Gravenhage","'s-Gravenhage","Zuid-Holland",false,52.060541,4.319817,"material damage only","4","clear",false,1,"GM0518"
"20230078681",2023,"Letsel",2,"Fiets","Fiets","Flank","Rechte weg",\N,"Niet brandend","Daglicht","Droog","Brug/viaduct","600494938","Van Stolberglaan","Zoetermeer","Zoetermeer","Zuid-Holland",false,52.053647,4.481768,"injury","2","clear",false,1,"GM0637"
"20240025758",2024,"Letsel",2,"Personenauto","Fiets","Frontaal","Kruispunt, 3 takken",50,"Niet brandend","Daglicht","Regen",\N,\N,"Meester Tijhuisweg","Nijverdal","Hellendoorn","Overijssel",false,52.367047,6.465746,"injury","2","rain",false,1,"GM0163"
"20230020506",2023,"Uitsluitend materiele schade",2,"Fiets","Fiets","Flank","Rechte weg",50,"Brandend","Duisternis","Droog",\N,"240377068","Haarlemmerweg","Amsterdam","Amsterdam","Noord-Holland",false,52.385513,4.878154,"material damage only","4","clear",false,1,"GM0363"
"20230034935",2023,"Letsel",2,"Fiets","Fiets","Flank","Rechte weg",50,"Brandend","Duisternis","Droog",\N,"601016478","Coopmansstraat","Leeuwarden","Leeuwarden","Friesland",false,53.20754,5.818918,"injury","2","clear",false,1,"GM0080"
"20230069018",2023,"Uitsluitend materiele schade",2,"Personenauto","Fiets","Flank","Rechte weg",50,"Niet brandend","Daglicht","Droog",\N,"154304100","Dedemsvaartweg","'s-Gravenhage","'s-Gravenhage","Zuid-Holland",false,52.054,4.256742,"material damage only","4","clear",false,1,"GM0518"
"20230075593",2023,"Letsel",1,"Fiets",\N,"Eenzijdig","Bocht",60,"Niet brandend","Daglicht","Droog",\N,"600692486","Vogelenzangseweg","Vogelenzang","Bloemendaal","Noord-Holland",false,52.338911,4.58323,"injury","2","clear",false,1,"GM0377"
"20230075595",2023,"Letsel",2,"Fiets","Personenauto","Flank","Rechte weg",50,"Niet brandend","Daglicht","Droog",\N,\N,"Dr. Plesmanlaan","Maarssen","Stichtse Vecht","Utrecht",false,52.142776,5.047338,"injury","2","clear",false,1,"GM1904"
"20240031440",2024,"Uitsluitend materiele schade",2,"Personenauto","Fiets","Flank","Kruispunt, 4 takken",30,"Niet brandend","Daglicht","Regen",\N,\N,"Horst","Kaatsheuvel","Loon op Zand","Noord-Brabant",false,51.656711,5.052916,"material damage only","4","rain",false,1,"GM0809"
"20230013056",2023,"Uitsluitend materiele schade",2,"Trekker","Fiets","Flank","Rotonde",50,"Niet brandend","Daglicht","Droog",\N,\N,"Matenpoort","Apeldoorn","Apeldoorn","Gelderland",false,52.202447,5.99094,"material damage only","4","clear",false,1,"GM0200"
"20230021109",2023,"Letsel",1,"Fiets",\N,"Eenzijdig","Rechte weg",50,"Brandend","Duisternis","Droog",\N,"600713764","Albardastraat","'s-Gravenhage","'s-Gravenhage","Zuid-Holland",false,52.061417,4.247488,"injury","2","clear",false,1,"GM0518"
"20240028284",2024,"Letsel",2,"Personenauto","Fiets","Flank","Kruispunt, 3 takken",50,"Niet brandend","Daglicht","Droog",\N,\N,"Parnassiaweg","Overveen","Bloemendaal","Noord-Holland",false,52.403728,4.548096,"injury","2","clear",false,1,"GM0377"
"20230028562",2023,"Uitsluitend materiele schade",2,"Personenauto","Fiets","Flank","Kruispunt, 3 takken",30,"Niet brandend","Daglicht","Droog",\N,\N,"Reitse Hoevenstraat","Tilburg","Tilburg","Noord-Brabant",false,51.569066,5.062449,"material damage only","4","clear",false,1,"GM0855"
"20230034990",2023,"Uitsluitend materiele schade",3,"Personenauto","Fiets","Onbekend","Rechte weg",30,"Niet brandend","Daglicht","Droog",\N,"323339031","Grieglaan","Nijkerk","Nijkerk","Gelderland",false,52.214156,5.489292,"material damage only","4","clear",false,1,"GM0267"
"20230036406",2023,"Letsel",2,"Personenauto","e-bike","Flank","Rotonde",50,"Niet brandend","Daglicht","Regen",\N,\N,"Plesmanlaan","Amsterdam","Amsterdam","Noord-Holland",false,52.347864,4.798463,"injury","2","rain",false,1,"GM0363"
"20230068371",2023,"Letsel",2,"Fiets","Bromfiets","Kop/staart","Rechte weg",50,"Niet aanwezig","Daglicht","Droog",\N,"174245001","Langeweg","Oud-Beijerland","Hoeksche Waard","Zuid-Holland",false,51.794873,4.408016,"injury","2","clear",false,1,"GM1963"
"20230073286",2023,"Letsel",3,"Fiets","Fiets","Flank","Kruispunt, 3 takken",50,"Niet brandend","Daglicht","Droog",\N,\N,"FIETSPAD","Renkum","Renkum","Gelderland",false,51.972881,5.735079,"injury","2","clear",false,1,"GM0274"
"20230073755",2023,"Letsel",2,"Fiets",\N,"Eenzijdig","Rechte weg",30,"Niet brandend","Daglicht","Droog","Tunnel","409406004","Tesselschadestraat","Zwolle","Zwolle","Overijssel",false,52.514988,6.116777,"injury","2","clear",false,1,"GM0193"
"20230074243",2023,"Letsel",2,"Bromfiets","Fiets","Flank","Kruispunt, 3 takken",60,"Niet aanwezig","Daglicht","Droog",\N,\N,"Flierderweg","Gorssel","Lochem","Gelderland",false,52.185333,6.211322,"injury","2","clear",false,1,"GM0262"
"20230068748",2023,"Letsel",2,"Personenauto","Fiets","Flank","Bocht",15,"Niet brandend","Daglicht","Droog",\N,"164258045","Veerman","Spijkenisse","Nissewaard","Zuid-Holland",false,51.845538,4.335,"injury","2","clear",false,1,"GM1930"
"20230074465",2023,"Letsel",2,"Personenauto","Fiets","Flank","Kruispunt, 3 takken",60,"Niet brandend","Daglicht","Droog",\N,\N,"Heiakkers","Eext","Aa en Hunze","Drenthe",false,53.023988,6.750526,"injury","2","clear",false,1,"GM1680"
"20230079056",2023,"Letsel",2,"Personenauto","Fiets","Flank","Kruispunt, 4 takken",50,"Brandend","Duisternis","Droog",\N,\N,"Wibautstraat","Amsterdam","Amsterdam","Noord-Holland",false,52.3575,4.910351,"injury","2","clear",false,1,"GM0363"
"20230076215",2023,"Uitsluitend materiele schade",2,"Personenauto","Fiets","Flank","Rotonde",50,"Niet brandend","Daglicht","Droog",\N,\N,"Dasselaarweg","Zeewolde","Zeewolde","Flevoland",false,52.32646,5.529012,"material damage only","4","clear",false,1,"GM0050"
"20230070905",2023,"Letsel",1,"Fiets",\N,"Eenzijdig","Bocht",50,"Niet brandend","Daglicht","Regen",\N,"384018005","Terzieterweg","Epen","Gulpen-Wittem","Limburg",false,50.770806,5.915132,"injury","2","rain",false,1,"GM1729"
"20230013117",2023,"Uitsluitend materiele schade",2,"Bestelauto","Fiets","Frontaal","Rechte weg",50,"Niet brandend","Daglicht","Droog",\N,"422436016","Gemeenteweg","Staphorst","Staphorst","Overijssel",false,52.650702,6.220645,"material damage only","4","clear",false,1,"GM0180"
"20230014865",2023,"Letsel",2,"Personenauto","Fiets","Flank","Rechte weg",60,"Niet aanwezig","Daglicht","Droog",\N,\N,"Huniadyk","Nijland","Súdwest-Fryslân","Friesland",false,53.066107,5.600466,"injury","2","clear",false,1,"GM1900"
"20230015994",2023,"Letsel",2,"Bus","Fiets","Flank","Kruispunt, 3 takken",50,"Niet brandend","Daglicht","Droog",\N,\N,"Archimedeslaan","Utrecht","Utrecht","Utrecht",false,52.087942,5.156845,"injury","2","clear",false,1,"GM0344"
"20230018875",2023,"Uitsluitend materiele schade",2,"Fiets","Fiets","Frontaal","Rechte weg",30,"Brandend","Duisternis","Droog",\N,"272313098","Oudenoord","Utrecht","Utrecht","Utrecht",false,52.097077,5.113202,"material damage only","4","clear",false,1,"GM0344"
"20240026626",2024,"Uitsluitend materiele schade",2,"Fiets","Fiets","Frontaal","Kruispunt, 4 takken",30,"Niet brandend","Daglicht","Regen",\N,\N,"Stationsplein","Apeldoorn","Apeldoorn","Gelderland",false,52.210185,5.96827,"material damage only","4","rain",false,1,"GM0200"
"20230034664",2023,"Letsel",2,"Fiets","Fiets","Flank","Rechte weg",50,"Niet brandend","Daglicht","Droog",\N,"600881875","Sloetsweg","Hengelo","Hengelo (O)","Overijssel",false,52.273301,6.803545,"injury","2","clear",false,1,\N
"20230077030",2023,"Letsel",2,"Fiets","Personenauto","Flank","Rechte weg",50,"Niet brandend","Daglicht","Droog",\N,\N,"K.P. van der Mandelelaan","Rotterdam","Rotterdam","Zuid-Holland",false,51.915628,4.52907,"injury","2","clear",false,1,"GM0599"
"20230017162",2023,"Letsel",1,"Fiets",\N,"Eenzijdig","Rechte weg",30,"Brandend","Duisternis","Mist",\N,\N,"Provincialeweg","Zaandijk","Zaanstad","Noord-Holland",false,52.471075,4.805297,"injury","2","fog",false,1,"GM0479"
"20230019491",2023,"Letsel",2,"Personenauto","Fiets","Frontaal","Kruispunt, 3 takken",50,"Niet brandend","Daglicht","Regen",\N,\N,"Dorpsweg","Maartensdijk","De Bilt","Utrecht",false,52.158371,5.175085,"injury","2","rain",false,1,"GM0310"
"20240026708",2024,"Uitsluitend materiele schade",2,"Personenauto","Fiets","Onbekend","Rotonde",50,"Niet brandend","Daglicht","Droog",\N,\N,"Groenewoudseweg","Nijmegen","Nijmegen","Gelderland",false,51.829547,5.869953,"material damage only","4","clear",false,1,"GM0268"
"20240027729",2024,"Uitsluitend materiele schade",2,"Bus","Fiets","Flank","Kruispunt, 4 takken",50,"Niet aanwezig","Daglicht","Droog",\N,\N,"Hawaiiweg","Almere","Almere","Flevoland",false,52.397612,5.306788,"material damage only","4","clear",false,1,"GM0034"
"20240031025",2024,"Letsel",2,"Fiets","Fiets","Kop/staart","Rechte weg",30,\N,"Daglicht",\N,\N,"235375025","Erasmusgracht","Amsterdam","Amsterdam","Noord-Holland",false,52.374939,4.844657,"injury","2","unknown",false,1,"GM0363"
"20230071144",2023,"Uitsluitend materiele schade",2,"Personenauto","Fiets","Geparkeerd voertuig","Rechte weg",30,"Niet brandend","Daglicht","Droog",\N,"264196119","Reitse Hoevenstraat","Tilburg","Tilburg","Noord-Brabant",false,51.572469,5.061533,"material damage only","4","clear",false,1,"GM0855"
"20230071310",2023,"Letsel",2,"Personenauto","e-bike","Flank","Kruispunt, 3 takken",50,"Niet brandend","Daglicht","Droog",\N,\N,"Mathildelaan","Eindhoven","Eindhoven","Noord-Brabant",false,51.441216,5.473208,"injury","2","clear",false,1,"GM0772"
"20230071464",2023,"Uitsluitend materiele schade",2,"Fiets","Fiets","Flank","Kruispunt, 4 takken",\N,"Niet brandend","Daglicht","Droog",\N,\N,"Eindhovenseweg","Venlo","Venlo","Limburg",false,51.371169,6.156767,"material damage only","4","clear",false,1,"GM0983"
"20230014933",2023,"Letsel",3,"Personenauto","Fiets","Onbekend","Rechte weg",50,"Niet brandend","Daglicht","Droog",\N,"465565041","Kerklaan","Groningen","Groningen","Groningen",false,53.2243,6.552885,"injury","2","clear",false,1,"GM0014"
"20230025843",2023,"Uitsluitend materiele schade",2,"Bromfiets","Fiets","Kop/staart","Rechte weg",30,"Niet brandend","Daglicht","Droog",\N,"198275049","P C Boutenssingel","Capelle aan den IJssel","Capelle aan den IJssel","Zuid-Holland",false,51.923458,4.576329,"material damage only","4","clear",false,1,"GM0502"
"20240028808",2024,"Letsel",2,"Personenauto","Fiets","Flank","Rotonde",50,"Niet brandend","Daglicht","Droog",\N,\N,"Rijksstraatweg","Geldermalsen","West Betuwe","Gelderland",false,51.877301,5.288033,"injury","2","clear",false,1,"GM1960"
"20240031032",2024,"Letsel",2,"Personenauto","Fiets","Flank","Kruispunt, 4 takken",50,"Niet brandend","Daglicht","Droog",\N,\N,"van Veenweg","Heerhugowaard","Dijk en Waard","Noord-Holland",false,52.66812,4.859284,"injury","2","clear",false,1,"GM1980"
"20230071208",2023,"Letsel",2,"Fiets","Los voorwerp","Los voorwerp","Rechte weg",50,"Niet brandend","Daglicht","Droog",\N,"258197161","Reeshofdijk","Tilburg","Tilburg","Noord-Brabant",false,51.574997,5.013279,"injury","2","clear",false,1,"GM0855"
"20230071698",2023,"Uitsluitend materiele schade",2,"Personenauto","Fiets","Flank","Kruispunt, 3 takken",30,"Niet brandend","Daglicht","Droog",\N,\N,"Sint Jozefstraat","Eijsden","Eijsden-Margraten","Limburg",false,50.792291,5.719613,"material damage only","4","clear",false,1,"GM1903"
"20230077059",2023,"Letsel",1,"Fiets",\N,"Eenzijdig","Rechte weg",50,"Niet brandend","Daglicht","Droog",\N,"211316056","Westgouweweg","Alphen aan den Rijn","Alphen aan den Rijn","Zuid-Holland",false,52.104643,4.666509,"injury","2","clear",false,1,"GM0484"
"20240031344",2024,"Uitsluitend materiele schade",2,"Personenauto","Fiets","Onbekend","Rechte weg",50,"Niet brandend","Daglicht","Droog",\N,\N,"Kruisstraat","Rotterdam","Rotterdam","Zuid-Holland",false,51.922198,4.471369,"material damage only","4","clear",false,1,"GM0599"
"20240026337",2024,"Uitsluitend materiele schade",2,"Personenauto","Fiets","Flank","Rotonde",50,"Niet brandend","Daglicht","Droog",\N,\N,"Wilhelminastraat","Didam","Montferland","Gelderland",false,51.936072,6.139262,"material damage only","4","clear",false,1,"GM1955"
"20230020170",2023,"Uitsluitend materiele schade",3,"Bromfiets","Fiets","Onbekend","Rechte weg",30,"Niet brandend","Schemer","Droog",\N,\N,"Tesselschadestraat","Amsterdam","Amsterdam","Noord-Holland",false,52.362347,4.880586,"material damage only","4","clear",false,1,"GM0363"
"20230020735",2023,"Uitsluitend materiele schade",2,"Bestelauto","Fiets","Flank","Kruispunt, 3 takken",50,"Niet aanwezig","Daglicht","Droog",\N,\N,"Lombokstraat","Amsterdam","Amsterdam","Noord-Holland",false,52.366024,4.936652,"material damage only","4","clear",false,1,"GM0363"
"20230026447",2023,"Uitsluitend materiele schade",2,"Personenauto","Fiets","Onbekend","Rotonde",50,"Brandend","Duisternis","Sneeuw/Hagel",\N,\N,"Sweelincklaan","Barendrecht","Barendrecht","Zuid-Holland",false,51.848358,4.520286,"material damage only","4","unknown",false,1,"GM0489"
"20240030226",2024,"Letsel",1,"Fiets",\N,"Onbekend","Rechte weg",50,"Niet brandend","Daglicht","Droog",\N,"161308049","Hobbemastraat","'s-Gravenhage","'s-Gravenhage","Zuid-Holland",false,52.069647,4.305143,"injury","2","clear",false,1,"GM0518"