"accident_id","year","severity_raw","party_count","party1_type","party2_type","accident_type","road_situation","speed_limit_kmh","road_lighting","light_condition_label","weather_raw","infra_type","road_segment_id","street_name","place_name","gemeente_name_raw","province","alcohol_indicated","latitude","longitude","severity_label","severity_code","weather_label","built_up_area","cyclists_involved","gemeente_code"
"20230092713",2023,"Letsel",2,"Personenauto","Fiets","Flank","Rotonde",50,"Niet brandend","Daglicht","Droog",\N,\N,"Meerenakkerweg","Eindhoven","Eindhoven","Noord-Brabant",false,51.430364,5.42705,"injury","2","clear",false,1,"GM0772"
"20230087429",2023,"Letsel",2,"Fiets","Personenauto","Flank","Rotonde",50,"Niet brandend","Daglicht","Droog",\N,\N,"Westtangent","Heerhugowaard","Dijk en Waard","Noord-Holland",false,52.673452,4.835515,"injury","2","clear",false,1,"GM1980"
"20230082268",2023,"Letsel",2,"Bestelauto","Fiets","Flank","Kruispunt, 4 takken",60,"Niet brandend","Daglicht","Droog",\N,\N,"Maalbroek","Roermond","Roermond","Limburg",false,51.199669,6.04097,"injury","2","clear",false,1,"GM0957"
"20230086917",2023,"Letsel",2,"Personenauto","Fiets","Flank","Rotonde",50,"Niet brandend","Daglicht","Droog",\N,\N,"Koninginnegracht","'s-Gravenhage","'s-Gravenhage","Zuid-Holland",false,52.098936,4.300414,"injury","2","clear",false,1,"GM0518"
"20230089259",2023,"Letsel",2,"Personenauto","e-bike","Flank","Kruispunt, 3 takken",30,"Brandend","Duisternis","Regen",\N,\N,"Maashavenstraat","Rotterdam","Rotterdam","Zuid-Holland",false,51.90061,4.491332,"injury","2","rain",false,1,"GM0599"
"20230089846",2023,"Letsel",2,"Fiets","Fiets","Flank","Kruispunt, 4 takken",50,"Niet brandend","Daglicht","Mist",\N,\N,"Hugo de Vrieslaan","Gouda","Gouda","Zuid-Holland",false,52.030866,4.69745,"injury","2","fog",false,1,"GM0513"
"20220002538",2022,"Uitsluitend materiele schade",2,"Bus","Fiets","Flank","Rechte weg",30,"Niet brandend","Daglicht","Droog",\N,"346520057","Hoogend","Sneek","Súdwest-Fryslân","Friesland",false,53.029302,5.659653,"material damage only","4","clear",false,1,"GM1900"
"20220002559",2022,"Uitsluitend materiele schade",2,"Personenauto","Fiets","Frontaal","Kruispunt, 4 takken",30,"Niet brandend","Daglicht",\N,\N,\N,"Zevensterstraat","Assen","Assen","Drenthe",false,52.987074,6.574002,"material damage only","4","unknown",false,1,"GM0106"
"20220002467",2022,"Letsel",2,"Personenauto","Fiets","Onbekend","Kruispunt, 4 takken",30,"Brandend","Duisternis","Droog",\N,\N,"Jan Rodenhuisplein","Franeker","Waadhoeke","Friesland",false,53.190981,5.541819,"injury","2","clear",false,1,"GM1949"
"20220006988",2022,"Uitsluitend materiele schade",2,"Personenauto","Fiets","Frontaal","Kruispunt, 4 takken",30,"Niet brandend","Daglicht","Droog",\N,\N,"Raadhuisstraat","Doetinchem","Doetinchem","Gelderland",false,51.966516,6.294345,"material damage only","4","clear",false,1,"GM0222"
"20220008007",2022,"Uitsluitend materiele schade",2,"Personenauto","e-bike","Flank","Kruispunt, 4 takken",30,"Niet brandend","Daglicht","Regen",\N,\N,"Roomweg","Enschede","Enschede","Overijssel",false,52.231466,6.89509,"material damage only","4","rain",false,1,"GM0153"
"20220047697",2022,"Letsel",2,"Personenauto","Fiets","Flank","Rotonde",50,"Niet brandend","Daglicht","Droog",\N,\N,"Steenweg","Zaltbommel","Zaltbommel","Gelderland",false,51.802479,5.242685,"injury","2","clear",false,1,"GM0297"
"20220112361",2022,"Letsel",2,"Personenauto","Fiets","Flank","Kruispunt, 4 takken",60,"Niet aanwezig","Daglicht","Droog",\N,\N,"De Fluiter","Hoogeloon","Bladel","Noord-Brabant",false,51.404189,5.292577,"injury","2","clear",false,1,"GM1728"
"20220126434",2022,"Uitsluitend materiele schade",2,"Personenauto","e-bike","Flank","Kruispunt, 4 takken",50,"Niet brandend","Daglicht","Droog",\N,\N,"Houtrustweg","'s-Gravenhage","'s-Gravenhage","Zuid-Holland",false,52.08523,4.272304,"material damage only","4","clear",false,1,"GM0518"
"20240004011",2024,"Letsel",1,"Fiets",\N,"Flank","Rechte weg",50,"Niet brandend","Daglicht","Droog",\N,"469518092","Huisingehof","Assen","Assen","Drenthe",false,53.013434,6.577903,"injury","2","clear",false,1,"GM0106"
"20220076646",2022,"Uitsluitend materiele schade",2,"Personenauto","e-bike","Flank","Rotonde",50,"Brandend","Duisternis","Regen",\N,\N,"Weverij","Veenendaal","Veenendaal","Utrecht",false,52.029386,5.552825,"material damage only","4","rain",false,1,"GM0345"
"20220083585",2022,"Letsel",2,"Fiets","Fiets","Onbekend","Rechte weg",30,"Niet brandend","Daglicht","Droog",\N,"162287071","Dorpsstraat","Schipluiden","Midden-Delfland","Zuid-Holland",false,51.976944,4.315373,"injury","2","clear",false,1,"GM1842"
"20220087453",2022,"Uitsluitend materiele schade",2,"Personenauto","Fiets","Flank","Rechte weg",50,"Niet brandend","Daglicht","Droog",\N,"243201019","van Oldenbarneveldtlaan","Rijen","Gilze en Rijen","Noord-Brabant",false,51.593651,4.907784,"material damage only","4","clear",false,1,"GM0784"
"20220031486",2022,"Letsel",2,"Personenauto","e-bike","Flank","Rechte weg",15,"Niet aanwezig","Daglicht","Droog",\N,"402169079","Parklaan","Horst","Horst aan de Maas","Limburg",false,51.448619,6.055942,"injury","2","clear",false,1,"GM1507"
"20220033521",2022,"Uitsluitend materiele schade",2,"Bestelauto","Fiets","Flank","Rotonde",30,"Niet brandend","Daglicht","Droog",\N,\N,"Misterweg","Winterswijk","Winterswijk","Gelderland",false,51.9691,6.71008,"material damage only","4","clear",false,1,"GM0294"
"20220039242",2022,"Uitsluitend materiele schade",2,"Snorfiets","Fiets","Frontaal","Rechte weg",\N,"Niet brandend","Daglicht","Droog",\N,\N,"Kasteel-Traverse","Helmond","Helmond","Noord-Brabant",false,51.477331,5.662679,"material damage only","4","clear",false,1,"GM0794"
"20220039265",2022,"Letsel",3,"Bromfiets","Fiets","Frontaal","Kruispunt, 4 takken",\N,"Niet brandend","Daglicht","Droog",\N,\N,"Peelkant","Sint Anthonis","Land van Cuijk","Noord-Brabant",false,51.605062,5.848559,"injury","2","clear",false,1,"GM1982"
"20220046329",2022,"Letsel",3,"Personenauto","Fiets","Onbekend","Rechte weg",50,"Niet brandend","Daglicht","Droog",\N,"600144583","St. Annastraat","Nijmegen","Nijmegen","Gelderland",false,51.822035,5.856203,"injury","2","clear",false,1,"GM0268"
"20220046338",2022,"Uitsluitend materiele schade",2,"Personenauto","e-bike","Flank","Rechte weg",50,"Niet brandend","Daglicht","Droog",\N,"341215182","Pastoor Spieringsstraat","Uden","Maashorst","Noord-Brabant",false,51.65961,5.613978,"material damage only","4","clear",false,1,"GM1991"
"20220059216",2022,"Uitsluitend materiele schade",2,"Personenauto","Fiets","Frontaal","Rechte weg",50,"Niet brandend","Daglicht","Droog",\N,"157301039","Schrijnwerkersgaarde","'s-Gravenhage","'s-Gravenhage","Zuid-Holland",false,52.039189,4.27502,"material damage only","4","clear",false,1,"GM0518"
"20220066725",2022,"Uitsluitend materiele schade",2,"Personenauto","Fiets","Flank","Kruispunt, 3 takken",50,"Niet brandend","Daglicht","Droog",\N,\N,"Oude Provincialeweg","Hapert","Bladel","Noord-Brabant",false,51.370828,5.256976,"material damage only","4","clear",false,1,"GM1728"
"20220080668",2022,"Uitsluitend materiele schade",2,"Motor","Fiets","Flank","Kruispunt, 4 takken",50,"Brandend","Duisternis","Regen",\N,\N,"Stadhouderskade","Amsterdam","Amsterdam","Noord-Holland",false,52.358336,4.901737,"material damage only","4","rain",false,1,"GM0363"
"20220087543",2022,"Uitsluitend materiele schade",2,"Fiets","Personenauto","Flank","Kruispunt, 4 takken",50,"Brandend","Schemer","Regen",\N,\N,"St. Crispijnstraat","Waalwijk","Waalwijk","Noord-Brabant",false,51.683721,5.068791,"material damage only","4","rain",false,1,"GM0867"
"20220089394",2022,"Uitsluitend materiele schade",2,"Personenauto","Fiets","Onbekend","Kruispunt, 4 takken",50,"Niet brandend","Daglicht","Droog",\N,\N,"2e Lieven de Keylaan","Eindhoven","Eindhoven","Noord-Brabant",false,51.462034,5.45452,"material damage only","4","clear",false,1,"GM0772"
"20220104110",2022,"Letsel",2,"Fiets","Personenauto","Flank","Rotonde",50,"Niet brandend","Daglicht","Droog",\N,\N,"Rotterdamseweg","Gouda","Gouda","Zuid-Holland",false,52.000711,4.695371,"injury","2","clear",false,1,"GM0513"
"20220016509",2022,"Letsel",2,"Fiets","Voetganger","Voetganger","Kruispunt, 4 takken",30,"Brandend","Duisternis","Droog",\N,\N,"BERENSLUIS 0065","Amsterdam","Amsterdam","Noord-Holland",false,52.370422,4.882986,"injury","2","clear",false,1,"GM0363"
"20220019721",2022,"Letsel",2,"Snorfiets","Fiets","Frontaal","Rechte weg",\N,"Niet aanwezig","Daglicht","Droog",\N,"162310091","Buitenhof","'s-Gravenhage","'s-Gravenhage","Zuid-Holland",false,52.078727,4.310803,"injury","2","clear",false,1,"GM0518"
"20220052275",2022,"Letsel",3,"e-bike","e-bike","Flank","Rechte weg",30,"Niet brandend","Daglicht","Droog",\N,"222437005","Kanaaldijk","Alkmaar","Alkmaar","Noord-Holland",false,52.654828,4.745008,"injury","2","clear",false,1,"GM0361"
"20220084851",2022,"Uitsluitend materiele schade",2,"Fiets","Personenauto","Kop/staart","Rechte weg",60,"Niet brandend","Daglicht","Droog",\N,"190290012","Leeuwenhoekweg","Bergschenhoek","Lansingerland","Zuid-Holland",false,51.992237,4.517548,"material damage only","4","clear",false,1,"GM1621"
"20220086125",2022,"Letsel",2,"Bestelauto","Fiets","Flank","Rechte weg",50,"Niet brandend","Daglicht","Droog",\N,"600918815","Statenweg","Rotterdam","Rotterdam","Zuid-Holland",false,51.925647,4.462192,"injury","2","clear",false,1,"GM0599"
"20220087662",2022,"Uitsluitend materiele schade",2,"Fiets","Fiets","Kop/staart","Rechte weg",60,"Niet aanwezig","Daglicht",\N,\N,"224221003","Zanddijk","Made","Drimmelen","Noord-Brabant",false,51.680266,4.770998,"material damage only","4","unknown",false,1,"GM1719"
"20220090615",2022,"Uitsluitend materiele schade",2,"Fiets","Fiets","Frontaal","Rotonde",50,"Niet brandend","Daglicht","Droog",\N,\N,"FIETSPAD","Venlo","Venlo","Limburg",false,51.370716,6.135625,"material damage only","4","clear",false,1,"GM0983"
"20220092810",2022,"Letsel",2,"Personenauto","Fiets","Flank","Kruispunt, 3 takken",50,"Niet brandend","Daglicht","Droog",\N,\N,"Grunostraat","Groningen","Groningen","Groningen",false,53.207777,6.557897,"injury","2","clear",false,1,"GM0014"
"20220050738",2022,"Uitsluitend materiele schade",1,"Fiets",\N,"Onbekend","Rechte weg",60,"Niet brandend","Daglicht","Droog",\N,"258328004","Straatweg","Breukelen","Stichtse Vecht","Utrecht",false,52.160694,5.011683,"material damage only","4","clear",false,1,"GM1904"
"20220060674",2022,"Uitsluitend materiele schade",2,"Personenauto","Fiets","Flank","Rechte weg",30,"Brandend","Duisternis","Droog",\N,"600418056","1e Middellandstraat","Rotterdam","Rotterdam","Zuid-Holland",false,51.918623,4.461033,"material damage only","4","clear",false,1,"GM0599"
"20220068363",2022,"Letsel",2,"Personenauto","Fiets","Frontaal","Kruispunt, 4 takken",30,"Niet brandend","Daglicht","Droog",\N,\N,"Zandschuit","Eindhoven","Eindhoven","Noord-Brabant",false,51.450833,5.410056,"injury","2","clear",false,1,"GM0772"
"20220089781",2022,"Uitsluitend materiele schade",2,"Personenauto","Fiets","Onbekend","Kruispunt, 3 takken",50,"Niet brandend","Daglicht","Droog",\N,\N,"Retselseweg","Heeswijk-Dinther","Bernheze","Noord-Brabant",false,51.644225,5.492602,"material damage only","4","clear",false,1,"GM1721"
"20220091194",2022,"Uitsluitend materiele schade",2,"Bromfiets","e-bike","Flank","Rotonde",50,"Niet brandend","Daglicht","Droog",\N,\N,"Maastrichterweg","Roermond","Roermond","Limburg",false,51.17298,5.972734,"material damage only","4","clear",false,1,"GM0957"
"20220029249",2022,"Uitsluitend materiele schade",1,"Fiets",\N,"Frontaal","Rechte weg",30,"Brandend","Duisternis",\N,\N,"292224026","Kooikersweg","'s-Hertogenbosch","'s-Hertogenbosch","Noord-Brabant",false,51.698751,5.264161,"material damage only","4","unknown",false,1,"GM0796"
"20220029277",2022,"Uitsluitend materiele schade",2,"Personenauto","Fiets","Flank","Rotonde",50,"Niet brandend","Daglicht","Droog",\N,\N,"Leygraaf","Oss","Oss","Noord-Brabant",false,51.766529,5.509881,"material damage only","4","clear",false,1,"GM0828"
"20220041490",2022,"Letsel",3,"Bestelauto","Fiets","Flank","Rechte weg",30,"Niet brandend","Daglicht","Droog",\N,"600680128","Witterzomer","Assen","Assen","Drenthe",false,52.979134,6.500455,"injury","2","clear",false,1,"GM0106"
"20220045010",2022,"Uitsluitend materiele schade",2,"Personenauto","Fiets","Flank","Kruispunt, 3 takken",30,"Niet brandend","Daglicht","Droog",\N,\N,"Veemarkt","Zwolle","Zwolle","Overijssel",false,52.509747,6.083058,"material damage only","4","clear",false,1,"GM0193"
"20220060798",2022,"Letsel",2,"Personenauto","Fiets","Flank","Kruispunt, 4 takken",50,"Niet brandend","Duisternis","Droog",\N,\N,"Aelbrechtskade","Rotterdam","Rotterdam","Zuid-Holland",false,51.915117,4.445742,"injury","2","clear",false,1,"GM0599"
"20220067122",2022,"Uitsluitend materiele schade",2,"Personenauto","Fiets","Flank","Rechte weg",50,"Niet brandend","Daglicht","Droog",\N,"600814645","Philipsweg","Maarheeze","Cranendonck","Noord-Brabant",false,51.304476,5.636636,"material damage only","4","clear",false,1,"GM1706"
"20220085049",2022,"Uitsluitend materiele schade",2,"Bestelauto","Fiets","Frontaal","Rechte weg",50,"Niet brandend","Daglicht","Droog",\N,"600360747","Nieuwe Binnenweg","Rotterdam","Rotterdam","Zuid-Holland",false,51.916351,4.469877,"material damage only","4","clear",false,1,"GM0599"
"20220090240",2022,"Uitsluitend materiele schade",2,"Personenauto","Fiets","Flank","Kruispunt, 3 takken",15,"Brandend","Duisternis",\N,\N,\N,"Grote Staat","Maastricht","Maastricht","Limburg",false,50.849801,5.690255,"material damage only","4","unknown",false,1,"GM0935"
"20220091306",2022,"Letsel",2,"Personenauto","Fiets","Flank","Kruispunt, 3 takken",50,"Niet brandend","Daglicht","Droog",\N,\N,"Moltweg","Landgraaf","Landgraaf","Limburg",false,50.904403,6.018967,"injury","2","clear",false,1,"GM0882"
"20220092898",2022,"Letsel",2,"Fiets","e-bike","Onbekend","Rechte weg",50,"Niet brandend","Daglicht","Droog",\N,"600830993","Grovestins","Leeuwarden","Leeuwarden","Friesland",false,53.205254,5.846213,"injury","2","clear",false,1,"GM0080"
"20220056902",2022,"Letsel",2,"e-bike","Overig vast object","Vast voorwerp","Bocht",50,"Niet brandend","Daglicht","Droog",\N,\N,"Denemarkenlaan","Zoetermeer","Zoetermeer","Zuid-Holland",false,52.062407,4.495894,"injury","2","clear",false,1,"GM0637"
"20220059549",2022,"Letsel",2,"Fiets","Fiets","Kop/staart","Rechte weg",30,"Niet brandend","Daglicht","Droog","Tunnel","163310123","Lage Zand","'s-Gravenhage","'s-Gravenhage","Zuid-Holland",false,52.078579,4.320795,"injury","2","clear",false,1,"GM0518"
"20220062501",2022,"Letsel",2,"Snorfiets","Fiets","Kop/staart","Rechte weg",30,"Niet brandend","Daglicht","Droog",\N,"184274038","Aert van Nesstraat","Rotterdam","Rotterdam","Zuid-Holland",false,51.920845,4.477079,"injury","2","clear",false,1,"GM0599"
"20220080060",2022,"Uitsluitend materiele schade",2,"e-bike","Fiets","Flank","Kruispunt, 3 takken",50,"Niet brandend","Daglicht","Droog",\N,\N,"Vergierdeweg","Haarlem","Haarlem","Noord-Holland",false,52.424632,4.662334,"material damage only","4","clear",false,1,"GM0392"
"20220087945",2022,"Uitsluitend materiele schade",2,"Bestelauto","Fiets","Flank","Kruispunt, 3 takken",30,"Niet brandend","Daglicht","Droog",\N,\N,"Markendaalseweg","Breda","Breda","Noord-Brabant",false,51.586505,4.7726,"material damage only","4","clear",false,1,"GM0758"
"20220113785",2022,"Uitsluitend materiele schade",1,"Fiets",\N,"Onbekend","Rechte weg",30,"Niet brandend","Daglicht","Droog",\N,"600182444","Baggerweg","Leunen","Venray","Limburg",false,51.516676,6.004945,"material damage only","4","clear",false,1,"GM0984"
"20220114297",2022,"Uitsluitend materiele schade",3,"Fiets","Personenauto","Onbekend","Rechte weg",50,"Niet brandend","Daglicht","Droog",\N,\N,"Hoofdstraat","Midwolde","Westerkwartier","Groningen",false,53.177581,6.375961,"material damage only","4","clear",false,1,"GM1969"
"20220023090",2022,"Uitsluitend materiele schade",1,"e-bike",\N,"Flank","Rechte weg",30,"Brandend","Schemer","Mist","Brug/viaduct","600361232","Wilhelminakade","Rotterdam","Rotterdam","Zuid-Holland",false,51.906891,4.489295,"material damage only","4","fog",false,1,"GM0599"
"20220041749",2022,"Uitsluitend materiele schade",2,"Personenauto","Fiets","Flank","Bocht",50,"Brandend","Duisternis","Droog",\N,\N,"Badweg","Leeuwarden","Leeuwarden","Friesland",false,53.187552,5.796961,"material damage only","4","clear",false,1,"GM0080"
"20220053975",2022,"Letsel",3,"Personenauto","Fiets","Kop/staart","Rechte weg",50,"Niet brandend","Daglicht","Droog",\N,"222432084","Kennemersingel","Alkmaar","Alkmaar","Noord-Holland",false,52.632212,4.740258,"injury","2","clear",false,1,"GM0361"
"20220079450",2022,"Letsel",2,"Bromfiets","e-bike","Frontaal","Rechte weg",30,"Brandend","Duisternis",\N,\N,"208375143","Langebrug","Haarlem","Haarlem","Noord-Holland",true,52.376885,4.640205,"injury","2","unknown",false,1,"GM0392"
"20220091400",2022,"Uitsluitend materiele schade",3,"e-bike",\N,"Frontaal","Rechte weg",50,"Niet brandend","Daglicht","Droog",\N,"600829918","Verloren van Themaatweg","Born","Sittard-Geleen","Limburg",false,51.053172,5.815847,"material damage only","4","clear",false,1,"GM1883"
"20220092383",2022,"Uitsluitend materiele schade",2,"Personenauto","Fiets","Flank","Kruispunt, 3 takken",50,"Brandend","Duisternis","Droog",\N,\N,"Kastanjelaan","Groningen","Groningen","Groningen",false,53.231935,6.55344,"material damage only","4","clear",false,1,"GM0014"
"20220104728",2022,"Letsel",2,"Snorfiets","Fiets","Kop/staart","Rechte weg",30,"Niet brandend","Daglicht","Droog",\N,"186327123","Breestraat","Leiden","Leiden","Zuid-Holland",false,52.159785,4.487778,"injury","2","clear",false,1,"GM0546"
"20220104733",2022,"Letsel",2,"Bromfiets","Fiets","Kop/staart","Rechte weg",30,"Niet brandend","Daglicht","Droog",\N,"600385420","Hofzichtlaan","'s-Gravenhage","'s-Gravenhage","Zuid-Holland",false,52.094969,4.362808,"injury","2","clear",false,1,"GM0518"
"20220105005",2022,"Letsel",2,"Personenauto","Fiets","Flank","Kruispunt, 3 takken",50,"Niet brandend","Daglicht","Droog",\N,\N,"Koningin Wilhelminaweg","Gouda","Gouda","Zuid-Holland",false,52.007217,4.695654,"injury","2","clear",false,1,"GM0513"
"20220046951",2022,"Letsel",2,"Personenauto","e-bike","Flank","Kruispunt, 3 takken",\N,"Niet brandend","Daglicht","Droog",\N,\N,"Marskramer","Groenlo","Oost Gelre","Gelderland",false,52.038437,6.603572,"injury","2","clear",false,1,"GM1586"
"20220059640",2022,"Letsel",2,"Fiets","Fiets","Flank","Kruispunt, 3 takken",\N,"Niet brandend","Daglicht","Droog",\N,"600720385","Houttuinen","Delft","Delft","Zuid-Holland",false,52.008913,4.355267,"injury","2","clear",false,1,"GM0503"
"20220065776",2022,"Letsel",2,"Personenauto","Fiets","Flank","Kruispunt, 3 takken",50,"Niet brandend","Daglicht","Droog",\N,\N,"Mouterijstraat","Breda","Breda","Noord-Brabant",false,51.587364,4.820426,"injury","2","clear",false,1,"GM0758"
"20220070362",2022,"Uitsluitend materiele schade",2,"Fiets","Personenauto","Flank","Rotonde",50,"Niet brandend","Daglicht","Regen",\N,\N,"Hertogsingel","Maastricht","Maastricht","Limburg",false,50.849059,5.677806,"material damage only","4","rain",false,1,"GM0935"
"20220094851",2022,"Uitsluitend materiele schade",2,"e-bike","Fiets","Flank","Rechte weg",50,"Niet brandend","Daglicht","Droog",\N,"600832670","Nieuwe Marktstraat","Nijmegen","Nijmegen","Gelderland",false,51.846815,5.854491,"material damage only","4","clear",false,1,"GM0268"
"20220025862",2022,"Uitsluitend materiele schade",2,"Snorfiets","Fiets","Onbekend","Kruispunt, 4 takken",50,"Brandend","Duisternis","Regen",\N,\N,"van Coothplein","Breda","Breda","Noord-Brabant",false,51.583325,4.774443,"material damage only","4","rain",false,1,"GM0758"
"20220045518",2022,"Letsel",2,"Personenauto","e-bike","Los voorwerp","Kruispunt, 3 takken",30,"Niet brandend","Daglicht","Droog",\N,\N,"Kortenaerstraat","Hengelo","Hengelo (O)","Overijssel",false,52.269252,6.801153,"injury","2","clear",false,1,\N
"20220038077",2022,"Uitsluitend materiele schade",2,"Fiets","Personenauto","Frontaal","Kruispunt, 4 takken",30,"Niet brandend","Daglicht","Droog",\N,\N,"Dirk III straat","Nieuw-Lekkerland","Molenlanden","Zuid-Holland",false,51.886204,4.690338,"material damage only","4","clear",false,1,"GM1978"
"20220038079",2022,"Letsel",3,"Bestelauto","e-bike","Onbekend","Rotonde",50,"Brandend","Duisternis","Droog",\N,\N,"Baljuwweg","Zwijndrecht","Zwijndrecht","Zuid-Holland",false,51.823826,4.631289,"injury","2","clear",false,1,"GM0642"
"20220045541",2022,"Uitsluitend materiele schade",2,"Snorfiets","Fiets","Flank","Kruispunt, 4 takken",30,"Niet brandend","Daglicht","Droog",\N,\N,"Vlijtstraat","Arnhem","Arnhem","Gelderland",false,51.977729,5.915827,"material damage only","4","clear",false,1,"GM0202"
"20220061384",2022,"Letsel",2,"Motor","Fiets","Flank","Kruispunt, 4 takken",50,"Niet brandend","Daglicht","Droog",\N,\N,"Billitonlaan","Vlaardingen","Vlaardingen","Zuid-Holland",false,51.912728,4.328793,"injury","2","clear",false,1,"GM0622"
"20220084158",2022,"Letsel",2,"Motor","Fiets","Flank","Rechte weg",50,"Niet brandend","Daglicht","Droog",\N,"195348018","Laan van Rijckevorsel","Lisse","Lisse","Zuid-Holland",false,52.254285,4.552089,"injury","2","clear",false,1,"GM0553"
"20220094979",2022,"Uitsluitend materiele schade",2,"Personenauto","Fiets","Flank","Rotonde",50,"Niet brandend","Daglicht","Droog",\N,\N,"Burg Bijleveldsingel","Hattem","Hattem","Gelderland",false,52.48159,6.061117,"material damage only","4","clear",false,1,"GM0244"
"20220096468",2022,"Uitsluitend materiele schade",2,"Personenauto","Fiets","Onbekend",\N,50,\N,"Daglicht",\N,\N,"393334047","Heemradenlaan","Apeldoorn","Apeldoorn","Gelderland",false,52.192628,5.999992,"material damage only","4","unknown",false,1,"GM0200"
"20220097369",2022,"Letsel",2,"Personenauto","e-bike","Flank","Kruispunt, 4 takken",30,"Niet brandend","Daglicht","Droog",\N,\N,"Wolthuisweg","Wezep","Oldebroek","Gelderland",false,52.465054,5.997561,"injury","2","clear",false,1,"GM0269"
"20220097938",2022,"Uitsluitend materiele schade",2,"Personenauto","Fiets","Flank","Rotonde",50,"Niet brandend","Daglicht","Droog",\N,\N,"Panweg","Zeist","Zeist","Utrecht",false,52.102626,5.240081,"material damage only","4","clear",false,1,"GM0355"
"20220097988",2022,"Letsel",2,"e-bike","Overig vast object","Vast voorwerp","Bocht",30,"Niet brandend","Daglicht","Droog",\N,"238309103","Maasoord","Woerden","Woerden","Utrecht",false,52.079973,4.865925,"injury","2","clear",false,1,"GM0632"
"20220054552",2022,"Uitsluitend materiele schade",2,"Personenauto","Fiets","Onbekend","Bocht",30,\N,"Duisternis",\N,\N,"241374067","Bloemstraat","Amsterdam","Amsterdam","Noord-Holland",false,52.374355,4.882186,"material damage only","4","unknown",false,1,"GM0363"
"20220096223",2022,"Uitsluitend materiele schade",2,"Fiets","Personenauto","Flank","Kruispunt, 4 takken",50,"Niet brandend","Daglicht","Droog",\N,\N,"Hoofdstraat","Voorthuizen","Barneveld","Gelderland",false,52.184118,5.600248,"material damage only","4","clear",false,1,"GM0203"
"20220101750",2022,"Uitsluitend materiele schade",2,"Bestelauto","Fiets","Flank","Rotonde",50,"Niet brandend","Daglicht","Droog",\N,\N,"Raadhuislaan","Grootebroek","Stede Broec","Noord-Holland",false,52.69296,5.216399,"material damage only","4","clear",false,1,"GM0532"
"20220026422",2022,"Letsel",2,"Scootmobiel","e-bike","Frontaal","Rechte weg",\N,"Niet brandend","Daglicht","Droog",\N,"123132045","Traverse","Hulst","Hulst","Zeeland",false,51.277937,4.0504,"injury","2","clear",false,1,"GM0677"
"20220042201",2022,"Letsel",2,"Personenauto","Fiets","Flank","Kruispunt, 4 takken",30,\N,"Daglicht","Droog",\N,\N,"Abeelstraat","Groningen","Groningen","Groningen",false,53.232281,6.555311,"injury","2","clear",false,1,"GM0014"
"20220050067",2022,"Uitsluitend materiele schade",2,"Bestelauto","Fiets","Flank","Kruispunt, 4 takken",30,"Niet brandend","Duisternis","Droog",\N,\N,"Klarinetstraat","Almere","Almere","Flevoland",false,52.373699,5.187666,"material damage only","4","clear",false,1,"GM0034"
"20220055773",2022,"Uitsluitend materiele schade",1,"Fiets",\N,"Onbekend",\N,30,\N,"Daglicht",\N,\N,"600404643","Jasonstraat","Amsterdam","Amsterdam","Noord-Holland",false,52.345412,4.859613,"material damage only","4","unknown",false,1,"GM0363"
"20220061613",2022,"Letsel",2,"Fiets","Bromfiets","Frontaal","Bocht",30,"Niet brandend","Daglicht","Droog",\N,"600532292","Adriaan Volkerlaan","Rotterdam","Rotterdam","Zuid-Holland",false,51.892925,4.545771,"injury","2","clear",false,1,"GM0599"
"20220098166",2022,"Letsel",2,"Fiets","Fiets","Onbekend","Rechte weg",60,"Niet aanwezig","Duisternis","Droog",\N,"262262002","Tiendweg","Kedichem","Vijfheerenlanden","Utrecht",false,51.867843,5.044668,"injury","2","clear",false,1,"GM1961"
"20220099923",2022,"Letsel",2,"Personenauto","Fiets","Flank","Kruispunt, 4 takken",50,"Niet brandend","Daglicht","Droog",\N,\N,"Bosstraat","Driebergen-Rijsenburg","Utrechtse Heuvelrug","Utrecht",false,52.052792,5.281139,"injury","2","clear",false,1,"GM1581"
"20220103592",2022,"Letsel",2,"Fiets","Fiets","Onbekend","Rechte weg",30,\N,"Daglicht","Droog",\N,"179347030","Vuurtorenplein","Noordwijk","Noordwijk","Zuid-Holland",false,52.248836,4.434947,"injury","2","clear",false,1,"GM0575"
"20220074369",2022,"Uitsluitend materiele schade",1,"Fiets",\N,"Voetganger","Rechte weg",30,"Niet aanwezig","Daglicht","Droog",\N,"513336079","Wesseler-nering","Enschede","Enschede","Overijssel",false,52.192575,6.877991,"material damage only","4","clear",false,1,"GM0153"
"20220038641",2022,"Letsel",2,"Personenauto","e-bike","Flank","Kruispunt, 3 takken",50,"Niet brandend","Daglicht","Droog",\N,\N,"Strausslaan","Roosendaal","Roosendaal","Noord-Brabant",false,51.531932,4.475494,"injury","2","clear",false,1,"GM1674"
"20220055854",2022,"Uitsluitend materiele schade",2,"Personenauto","e-bike","Onbekend","Kruispunt, 3 takken",\N,"Brandend","Schemer","Regen",\N,\N,"Valthestraat","'s-Gravenhage","'s-Gravenhage","Zuid-Holland",false,52.045062,4.271318,"material damage only","4","rain",false,1,"GM0518"