"accident_id","year","severity_raw","party_count","party1_type","party2_type","accident_type","road_situation","speed_limit_kmh","road_lighting","light_condition_label","weather_raw","infra_type","road_segment_id","street_name","place_name","gemeente_name_raw","province","alcohol_indicated","latitude","longitude","severity_label","severity_code","weather_label","built_up_area","cyclists_involved","gemeente_code"
"20220223593",2022,"Letsel",2,"Personenauto","Fiets","Flank","Kruispunt, 3 takken",50,"Brandend","Schemer","Droog",\N,\N,"Europalaan","Rijen","Gilze en Rijen","Noord-Brabant",false,51.580743,4.936507,"injury","2","clear",false,1,"GM0784"
"20220200383",2022,"Letsel",3,"Personenauto","Fiets","Onbekend","Rotonde",50,"Niet brandend","Daglicht","Droog",\N,\N,"Prins Bernhardlaan","Borne","Borne","Overijssel",false,52.310532,6.740441,"injury","2","clear",false,1,"GM0147"
"20220202349",2022,"Uitsluitend materiele schade",2,"Fiets","Fiets","Frontaal","Kruispunt, 3 takken",50,"Niet brandend","Daglicht","Droog",\N,\N,"Taagdreef","Utrecht","Utrecht","Utrecht",false,52.108782,5.112973,"material damage only","4","clear",false,1,"GM0344"
"20220203234",2022,"Uitsluitend materiele schade",2,"Fiets","Fiets","Flank","Kruispunt, 3 takken",\N,"Niet brandend","Daglicht","Droog",\N,\N,"De Horizon","Amersfoort","Amersfoort","Utrecht",false,52.192346,5.390831,"material damage only","4","clear",false,1,"GM0307"
"20220213715",2022,"Letsel",2,"Personenauto","Fiets","Flank","Rotonde",80,"Niet brandend","Daglicht","Droog",\N,\N,"Kokshornlaan","Wassenaar","Wassenaar","Zuid-Holland",false,52.160718,4.393974,"injury","2","clear",false,1,"GM0629"
"20220204789",2022,"Uitsluitend materiele schade",2,"Personenauto","e-bike","Flank","Rotonde",50,"Niet brandend","Daglicht","Droog",\N,\N,"Holkerweg","Amersfoort","Amersfoort","Utrecht",false,52.169661,5.390039,"material damage only","4","clear",false,1,"GM0307"
"20220206622",2022,"Letsel",2,"Fiets","Fiets","Flank","Rechte weg",30,"Niet brandend","Daglicht","Droog",\N,"600392127","Schouwtjeslaan","Haarlem","Haarlem","Noord-Holland",false,52.371144,4.622941,"injury","2","clear",false,1,"GM0392"
"20220209150",2022,"Uitsluitend materiele schade",2,"e-bike","e-bike","Frontaal","Bocht",\N,"Brandend","Duisternis","Droog","Brug/viaduct","233441012","DE KRUL","Heerhugowaard","Dijk en Waard","Noord-Holland",false,52.672308,4.822705,"material damage only","4","clear",false,1,"GM1980"
"20220210120",2022,"Letsel",1,"e-bike",\N,"Eenzijdig",\N,\N,\N,"Daglicht",\N,\N,\N,"Holterbergweg","Amsterdam","Amsterdam","Noord-Holland",false,52.308454,4.940191,"injury","2","unknown",false,1,"GM0363"
"20220213756",2022,"Letsel",1,"e-bike",\N,"Eenzijdig","Rechte weg",50,"Niet brandend","Daglicht","Droog",\N,"600719528","Bezuidenhoutseweg","'s-Gravenhage","'s-Gravenhage","Zuid-Holland",false,52.09102,4.342306,"injury","2","clear",false,1,"GM0518"
"20220214622",2022,"Letsel",2,"Bestelauto","Fiets","Flank","Kruispunt, 4 takken",30,"Niet brandend","Daglicht","Droog",\N,\N,"Damlaan","Leidschendam","Leidschendam-Voorburg","Zuid-Holland",false,52.081327,4.397201,"injury","2","clear",false,1,"GM1916"
"20220228270",2022,"Letsel",3,"Fiets","Fiets","Frontaal","Rechte weg",30,"Niet brandend","Schemer","Droog",\N,\N,"Fellenoord","Eindhoven","Eindhoven","Noord-Brabant",false,51.444244,5.477016,"injury","2","clear",false,1,"GM0772"
"20220216115",2022,"Letsel",2,"Personenauto","Fiets","Flank","Rechte weg",50,"Brandend","Duisternis","Droog",\N,\N,"Segbroeklaan","'s-Gravenhage","'s-Gravenhage","Zuid-Holland",false,52.081118,4.267048,"injury","2","clear",false,1,"GM0518"
"20220220418",2022,"Letsel",2,"Personenauto","Fiets","Flank","Kruispunt, 3 takken",30,"Niet brandend","Daglicht","Droog",\N,\N,"Prinses Marijkestraat","Gorinchem","Gorinchem","Zuid-Holland",false,51.83934,4.965167,"injury","2","clear",false,1,"GM0512"
"20220228389",2022,"Letsel",2,"Personenauto","Fiets","Frontaal","Kruispunt, 3 takken",30,"Niet brandend","Daglicht","Droog",\N,\N,"Merellaan","Beek en Donk","Laarbeek","Noord-Brabant",false,51.530951,5.631599,"injury","2","clear",false,1,"GM1659"
"20220208486",2022,"Uitsluitend materiele schade",2,"Personenauto","Fiets","Flank","Rotonde",50,"Brandend","Daglicht","Regen",\N,\N,"Hertog Aalbrechtweg","Alkmaar","Alkmaar","Noord-Holland",false,52.642378,4.763385,"material damage only","4","rain",false,1,"GM0361"
"20220216942",2022,"Letsel",2,"Personenauto","Fiets","Flank","Rotonde",50,"Niet brandend","Daglicht","Droog",\N,\N,"Kleyn Proffijtlaan","Oegstgeest","Oegstgeest","Zuid-Holland",false,52.192679,4.475179,"injury","2","clear",false,1,"GM0579"
"20220221950",2022,"Uitsluitend materiele schade",2,"Personenauto","Fiets","Flank","Rotonde",50,"Brandend","Daglicht","Regen",\N,\N,"Halmaheiraplein","Dordrecht","Dordrecht","Zuid-Holland",false,51.805505,4.688903,"material damage only","4","rain",false,1,"GM0505"
"20220223891",2022,"Letsel",2,"Personenauto","Fiets","Flank","Kruispunt, 3 takken",50,"Niet brandend","Daglicht","Droog",\N,\N,"Dongenseweg","Tilburg","Tilburg","Noord-Brabant",false,51.583322,5.041787,"injury","2","clear",false,1,"GM0855"
"20220229130",2022,"Uitsluitend materiele schade",1,"Fiets",\N,"Onbekend","Rotonde",50,"Brandend","Duisternis","Droog",\N,\N,"De Plank","Veldhoven","Veldhoven","Noord-Brabant",false,51.399758,5.395909,"material damage only","4","clear",false,1,"GM0861"
"20220206835",2022,"Letsel",2,"Personenauto","Fiets","Flank","Kruispunt, 4 takken",50,\N,"Daglicht","Regen",\N,\N,"Spaarneweg","Hoorn","Hoorn","Noord-Holland",false,52.654435,5.080788,"injury","2","rain",false,1,"GM0405"
"20220210505",2022,"Uitsluitend materiele schade",2,"Personenauto","e-bike","Flank","Kruispunt, 4 takken",50,"Niet brandend","Daglicht","Droog",\N,\N,"Isaäc Asscherpad","Amsterdam","Amsterdam","Noord-Holland",false,52.33419,4.917294,"material damage only","4","clear",false,1,"GM0363"
"20220211896",2022,"Uitsluitend materiele schade",2,"Personenauto","Fiets","Frontaal","Kruispunt, 4 takken",50,"Brandend","Duisternis","Regen",\N,\N,"Beethovenstraat","Amsterdam","Amsterdam","Noord-Holland",false,52.34185,4.876876,"material damage only","4","rain",false,1,"GM0363"
"20220213953",2022,"Letsel",1,"Fiets",\N,"Eenzijdig","Rechte weg",50,"Niet brandend","Daglicht","Droog",\N,"194327054","Dragontuin","Leiderdorp","Leiderdorp","Zuid-Holland",false,52.159156,4.539734,"injury","2","clear",false,1,"GM0547"
"20220213961",2022,"Letsel",2,"Fiets","Fiets","Onbekend","Rechte weg",30,"Niet brandend","Daglicht","Droog",\N,"177334048","Tulpstraat","Katwijk","Katwijk","Zuid-Holland",false,52.18995,4.421241,"injury","2","clear",false,1,"GM0537"
"20220211271",2022,"Uitsluitend materiele schade",3,"Personenauto","Fiets","Flank","Rechte weg",50,"Niet brandend","Daglicht","Droog",\N,"237369063","Zeilstraat","Amsterdam","Amsterdam","Noord-Holland",false,52.351103,4.855132,"material damage only","4","clear",false,1,"GM0363"
"20220215565",2022,"Letsel",2,"Bestelauto","Fiets","Flank","Kruispunt, 3 takken",50,"Brandend","Daglicht","Regen",\N,\N,"Fruitweg","'s-Gravenhage","'s-Gravenhage","Zuid-Holland",false,52.061084,4.308172,"injury","2","rain",false,1,"GM0518"
"20220221310",2022,"Letsel",2,"Bestelauto","e-bike","Flank","Kruispunt, 3 takken",50,"Niet brandend","Daglicht","Droog",\N,\N,"Lokhorst","Rotterdam","Rotterdam","Zuid-Holland",false,51.874869,4.499511,"injury","2","clear",false,1,"GM0599"
"20220221317",2022,"Uitsluitend materiele schade",2,"Personenauto","Fiets","Onbekend","Kruispunt, 4 takken",50,"Niet aanwezig","Daglicht","Droog",\N,\N,"Blaauwweg","Dordrecht","Dordrecht","Zuid-Holland",false,51.781455,4.682058,"material damage only","4","clear",false,1,"GM0505"
"20220208669",2022,"Uitsluitend materiele schade",2,"Fiets","Personenauto","Flank","Bocht",30,"Niet brandend","Daglicht","Droog",\N,"228467020","Gruttolaan","Schagen","Schagen","Noord-Holland",false,52.788121,4.785959,"material damage only","4","clear",false,1,"GM0441"
"20220216379",2022,"Uitsluitend materiele schade",2,"Bestelauto","Fiets","Kop/staart","Bocht",60,"Niet brandend","Daglicht","Droog",\N,"156290004","Noord-Lierweg","De Lier","Westland","Zuid-Holland",false,51.986574,4.269909,"material damage only","4","clear",false,1,"GM1783"
"20220217698",2022,"Letsel",1,"Fiets",\N,"Eenzijdig","Rechte weg",15,"Brandend","Duisternis","Regen",\N,"600188497","Spui","'s-Gravenhage","'s-Gravenhage","Zuid-Holland",false,52.078052,4.314447,"injury","2","rain",false,1,"GM0518"
"20220224086",2022,"Uitsluitend materiele schade",2,"Personenauto","Fiets","Flank","Kruispunt, 4 takken",30,"Niet brandend","Daglicht","Droog",\N,\N,"Sinopelstraat","Tilburg","Tilburg","Noord-Brabant",false,51.573462,5.041908,"material damage only","4","clear",false,1,"GM0855"
"20220202782",2022,"Letsel",2,"Fiets","Fiets","Flank","Bocht",50,"Niet brandend","Daglicht","Droog",\N,"600652271","Stationsstraat","Veenendaal","Veenendaal","Utrecht",false,52.035922,5.564754,"injury","2","clear",false,1,"GM0345"
"20220204358",2022,"Uitsluitend materiele schade",2,"Snorfiets","Fiets","Voetganger","Rechte weg",30,"Niet brandend","Schemer","Droog",\N,"600780631","Langestraat","Hilversum","Hilversum","Noord-Holland",false,52.22268,5.173356,"material damage only","4","clear",false,1,"GM0402"
"20220211325",2022,"Letsel",2,"Fiets","Fiets","Flank","Rechte weg",30,"Niet brandend","Daglicht","Droog",\N,"243375091","Damrak","Amsterdam","Amsterdam","Noord-Holland",false,52.377272,4.89854,"injury","2","clear",false,1,"GM0363"
"20220214131",2022,"Letsel",1,"Fiets",\N,"Eenzijdig","Rechte weg",30,"Niet brandend","Daglicht","Droog",\N,"174311052","Koningin Julianaplein","Leidschendam","Leidschendam-Voorburg","Zuid-Holland",false,52.087837,4.399109,"injury","2","clear",false,1,"GM1916"
"20220214152",2022,"Letsel",2,"Fiets","Fiets","Flank","Rechte weg",50,"Niet brandend","Daglicht","Droog",\N,"186328221","STATIONSPLEINTUNNEL","Leiden","Leiden","Zuid-Holland",false,52.165674,4.482974,"injury","2","clear",false,1,"GM0546"
"20220214982",2022,"Letsel",2,"Fiets","Fiets","Kop/staart","Rechte weg",50,"Brandend","Duisternis","Droog",\N,"600717482","Van Alkemadelaan","'s-Gravenhage","'s-Gravenhage","Zuid-Holland",false,52.107107,4.312623,"injury","2","clear",false,1,"GM0518"
"20220231204",2022,"Uitsluitend materiele schade",2,"Personenauto","Fiets","Flank","Kruispunt, 3 takken",50,"Niet brandend","Daglicht","Droog",\N,\N,"Henri Dunantstraat","Venray","Venray","Limburg",false,51.523722,5.991024,"material damage only","4","clear",false,1,"GM0984"
"20220195304",2022,"Dodelijk",2,"Personenauto","e-bike","Frontaal","Kruispunt, 3 takken",30,"Niet brandend","Daglicht","Droog",\N,\N,"Churchill-laan","Harderwijk","Harderwijk","Gelderland",false,52.336712,5.619019,"fatal","1","clear",false,1,"GM0243"
"20220207227",2022,"Uitsluitend materiele schade",2,"Fiets",\N,"Onbekend","Rotonde",50,"Brandend","Duisternis","Droog",\N,\N,"Waddenzeestraat","Den Helder","Den Helder","Noord-Holland",false,52.943705,4.747162,"material damage only","4","clear",false,1,"GM0400"
"20220221541",2022,"Uitsluitend materiele schade",2,"Bromfiets","e-bike","Flank","Kruispunt, 4 takken",30,"Niet brandend","Daglicht","Droog",\N,\N,"Noordeindseweg","Berkel en Rodenrijs","Lansingerland","Zuid-Holland",false,51.996676,4.479714,"material damage only","4","clear",false,1,"GM1621"
"20220200221",2022,"Letsel",3,"Personenauto","Fiets","Frontaal","Kruispunt, 4 takken",30,"Brandend","Duisternis","Droog",\N,\N,"Calypsostraat","Apeldoorn","Apeldoorn","Gelderland",false,52.233198,5.988397,"injury","2","clear",false,1,"GM0200"
"20220202960",2022,"Letsel",2,"Personenauto","e-bike","Flank","Kruispunt, 4 takken",50,"Niet brandend","Daglicht","Droog",\N,\N,"Amsterdamsestraatweg","Utrecht","Utrecht","Utrecht",false,52.105307,5.092022,"injury","2","clear",false,1,"GM0344"
"20220209675",2022,"Letsel",3,"Personenauto","Fiets","Flank","Kruispunt, 3 takken",50,"Niet brandend","Daglicht","Droog",\N,\N,"Spaarnhovenstraat","Haarlem","Haarlem","Noord-Holland",false,52.404158,4.648117,"injury","2","clear",false,1,"GM0392"
"20220214251",2022,"Letsel",1,"Fiets",\N,"Eenzijdig","Kruispunt, 4 takken",50,"Brandend","Duisternis","Droog",\N,"600507354","Westvlietweg","'s-Gravenhage","'s-Gravenhage","Zuid-Holland",false,52.062082,4.357711,"injury","2","clear",false,1,"GM0518"
"20240135160",2024,"Uitsluitend materiele schade",2,"Personenauto","Fiets","Flank","Kruispunt, 3 takken",50,"Niet brandend","Daglicht","Droog",\N,\N,"Gemullehoekenweg","Oisterwijk","Oisterwijk","Noord-Brabant",false,51.57237,5.213069,"material damage only","4","clear",false,1,"GM0824"
"20240139552",2024,"Letsel",2,"Vrachtauto","Fiets","Flank","Kruispunt, 3 takken",30,"Niet brandend","Daglicht","Regen",\N,\N,"Stephensonstraat","Groningen","Groningen","Groningen",false,53.208993,6.557379,"injury","2","rain",false,1,"GM0014"
"20240144276",2024,"Letsel",3,"Bestelauto","Fiets","Onbekend","Rechte weg",50,"Niet brandend","Daglicht","Droog",\N,"600682426","Laan van Meerdervoort","'s-Gravenhage","'s-Gravenhage","Zuid-Holland",false,52.068303,4.24923,"injury","2","clear",false,1,"GM0518"
"20240141742",2024,"Uitsluitend materiele schade",2,"Fiets","Fiets","Frontaal","Rechte weg",30,"Brandend","Duisternis","Droog",\N,"256370012","IJburglaan","Amsterdam","Amsterdam","Noord-Holland",false,52.357069,4.991997,"material damage only","4","clear",false,1,"GM0363"
"20240138428",2024,"Uitsluitend materiele schade",2,"Personenauto","Fiets","Flank","Kruispunt, 3 takken",50,"Niet brandend","Daglicht","Droog",\N,"600996973","Emmerikseweg","Zutphen","Zutphen","Gelderland",false,52.123489,6.199096,"material damage only","4","clear",false,1,"GM0301"
"20240143236",2024,"Uitsluitend materiele schade",2,"Personenauto","Fiets","Flank","Kruispunt, 4 takken",50,"Brandend","Duisternis","Regen",\N,\N,"Lekstraat","'s-Gravenhage","'s-Gravenhage","Zuid-Holland",false,52.076574,4.328796,"material damage only","4","rain",false,1,"GM0518"
"20240143244",2024,"Letsel",1,"Fiets",\N,"Onbekend","Rechte weg",50,"Niet brandend","Daglicht","Droog",\N,\N,"AEGONplein","'s-Gravenhage","'s-Gravenhage","Zuid-Holland",false,52.090849,4.36683,"injury","2","clear",false,1,"GM0518"
"20240148670",2024,"Uitsluitend materiele schade",2,"Personenauto","Fiets","Flank","Rechte weg",60,"Niet brandend","Daglicht","Droog",\N,\N,"Damsterweg","Holwierde","Eemsdelta","Groningen",false,53.34182,6.866713,"material damage only","4","clear",false,1,"GM1979"
"20240149828",2024,"Letsel",1,"Fiets",\N,"Onbekend","Kruispunt, 4 takken",30,"Brandend","Duisternis","Regen",\N,\N,"Vismarkt","Groningen","Groningen","Groningen",false,53.217048,6.564914,"injury","2","rain",false,1,"GM0014"
"20240141105",2024,"Uitsluitend materiele schade",2,"Personenauto","Fiets","Flank","Kruispunt, 4 takken",50,"Niet brandend","Daglicht","Regen",\N,\N,"Sluiskade Zuidzijde","Almelo","Almelo","Overijssel",false,52.361966,6.66808,"material damage only","4","rain",false,1,"GM0141"
"20240140544",2024,"Uitsluitend materiele schade",1,"Fiets",\N,"Eenzijdig","Bocht",30,"Brandend","Daglicht","Droog",\N,"600810955","Spoorstraat","Barneveld","Barneveld","Gelderland",false,52.142532,5.588407,"material damage only","4","clear",false,1,"GM0203"
"20240143329",2024,"Letsel",2,"Personenauto","Fiets","Frontaal","Kruispunt, 3 takken",50,"Niet brandend","Daglicht","Droog",\N,\N,"Mercuriusweg","'s-Gravenhage","'s-Gravenhage","Zuid-Holland",false,52.069412,4.336536,"injury","2","clear",false,1,"GM0518"
"20240142420",2024,"Letsel",2,"Fiets","Fiets","Onbekend","Rechte weg",30,"Niet brandend","Daglicht","Droog",\N,"206376046","Raamsingel","Haarlem","Haarlem","Noord-Holland",false,52.377057,4.626673,"injury","2","clear",false,1,"GM0392"
"20240144565",2024,"Letsel",2,"Personenauto","Fiets","Flank","Rotonde",50,"Niet brandend","Daglicht","Droog",\N,\N,"de Sprong","Hellevoetsluis","Voorne aan Zee","Zuid-Holland",false,51.831959,4.15078,"injury","2","clear",false,1,"GM1992"
"20240142941",2024,"Letsel",2,"Bestelauto","Fiets","Flank","Kruispunt, 4 takken",50,"Niet brandend","Daglicht","Droog",\N,\N,"Zuidwijkring","Heerhugowaard","Dijk en Waard","Noord-Holland",false,52.649637,4.82532,"injury","2","clear",false,1,"GM1980"
"20240151047",2024,"Uitsluitend materiele schade",2,"Fiets","Fiets","Onbekend","Bocht",30,"Brandend","Duisternis","Droog",\N,"260321008","Bisonspoor","Maarssen","Stichtse Vecht","Utrecht",false,52.135899,5.025865,"material damage only","4","clear",false,1,"GM1904"
"20240136156",2024,"Uitsluitend materiele schade",2,"Personenauto","Fiets","Onbekend","Rechte weg",30,"Niet brandend","Daglicht","Droog",\N,"600600278","Zandstrand","Eindhoven","Eindhoven","Noord-Brabant",false,51.444715,5.405406,"material damage only","4","clear",false,1,"GM0772"
"20240147876",2024,"Letsel",2,"Bromfiets","Fiets","Flank","Kruispunt, 4 takken",50,"Brandend","Duisternis","Droog",\N,\N,"Oosterhoutseweg","Teteringen","Breda","Noord-Brabant",false,51.600063,4.812437,"injury","2","clear",false,1,"GM0758"
"20240145060",2024,"Letsel",2,"Personenauto","Fiets","Flank","Kruispunt, 3 takken",50,"Niet brandend","Daglicht","Droog",\N,\N,"Kopenhagenlaan","Vlaardingen","Vlaardingen","Zuid-Holland",false,51.936661,4.352366,"injury","2","clear",false,1,"GM0622"
"20240136200",2024,"Uitsluitend materiele schade",2,"Fiets","Personenauto","Flank","Kruispunt, 4 takken",50,"Niet brandend","Daglicht","Droog",\N,\N,"Weg door de Rijpel","Helmond","Helmond","Noord-Brabant",false,51.473735,5.709952,"material damage only","4","clear",false,1,"GM0794"
"20240142553",2024,"Letsel",2,"Personenauto","Fiets","Frontaal","Bocht",30,"Niet aanwezig","Daglicht","Droog",\N,"262391034","Pierebaan","Monnickendam","Waterland","Noord-Holland",false,52.450476,5.038733,"injury","2","clear",false,1,"GM0852"
"20240133773",2024,"Letsel",2,"Personenauto","Fiets","Frontaal","Bocht",60,"Niet brandend","Daglicht","Droog",\N,"600716837","Noordhoornseweg","Den Hoorn","Midden-Delfland","Zuid-Holland",false,52.01508,4.311771,"injury","2","clear",false,1,"GM1842"
"20240134380",2024,"Uitsluitend materiele schade",1,"Fiets",\N,"Flank","Kruispunt, 4 takken",50,"Niet brandend","Daglicht","Droog",\N,\N,"Emaus","Vlaardingen","Vlaardingen","Zuid-Holland",false,51.915789,4.345779,"material damage only","4","clear",false,1,"GM0622"
"20240136258",2024,"Uitsluitend materiele schade",2,"Fiets","Fiets","Onbekend","Kruispunt, 3 takken",\N,"Niet brandend","Daglicht","Droog",\N,\N,"Kloosterstraat","'s-Hertogenbosch","'s-Hertogenbosch","Noord-Brabant",false,51.672446,5.334723,"material damage only","4","clear",false,1,"GM0796"
"20240144146",2024,"Letsel",1,"Fiets",\N,"Eenzijdig","Rechte weg",30,"Niet brandend","Daglicht","Droog",\N,"163301097","Steenvoordelaan","Rijswijk","Rijswijk","Zuid-Holland",false,52.037791,4.316275,"injury","2","clear",false,1,\N
"20240143644",2024,"Letsel",2,"Fiets","Personenauto","Flank","Rotonde",50,\N,"Daglicht","Regen",\N,\N,"Wijngaardenlaan","Voorschoten","Voorschoten","Zuid-Holland",false,52.127319,4.43697,"injury","2","rain",false,1,"GM0626"
"20240150522",2024,"Uitsluitend materiele schade",2,"Fiets","Personenauto","Flank","Kruispunt, 3 takken",30,"Niet brandend","Schemer","Droog",\N,\N,"Diepenbrocklaan","Nieuwegein","Nieuwegein","Utrecht",false,52.040192,5.089323,"material damage only","4","clear",false,1,"GM0356"
"20240136964",2024,"Uitsluitend materiele schade",2,"Personenauto","Fiets","Frontaal","Bocht",50,"Niet brandend","Duisternis","Droog",\N,"302135001","Loo","Bergeijk","Bergeijk","Noord-Brabant",false,51.30333,5.333012,"material damage only","4","clear",false,1,"GM1724"
"20240138259",2024,"Letsel",2,"Personenauto","Fiets","Flank","Kruispunt, 4 takken",30,"Niet brandend","Daglicht","Droog",\N,\N,"Israëlsstraat","Duiven","Duiven","Gelderland",false,51.951236,6.007536,"injury","2","clear",false,1,"GM0226"
"20240138858",2024,"Uitsluitend materiele schade",2,"Fiets","Onbekend voertuig i.g.v. doorrijder","Flank","Rotonde",\N,"Niet brandend","Daglicht","Droog",\N,\N,"Dobbe","Zwolle","Zwolle","Overijssel",false,52.529176,6.100712,"material damage only","4","clear",false,1,"GM0193"
"20240146774",2024,"Uitsluitend materiele schade",2,"Bromfiets","Fiets","Frontaal","Rechte weg",50,"Brandend","Duisternis","Droog",\N,"600657413","Anthony Fokkerweg","Eindhoven","Eindhoven","Noord-Brabant",false,51.463157,5.416329,"material damage only","4","clear",false,1,"GM0772"
"20240147544",2024,"Letsel",2,"Fiets","Personenauto","Flank","Kruispunt, 4 takken",50,"Niet brandend","Daglicht",\N,\N,\N,"Zuidende","Helmond","Helmond","Noord-Brabant",false,51.47855,5.660239,"injury","2","unknown",false,1,"GM0794"
"20240144879",2024,"Uitsluitend materiele schade",2,"Bromfiets","Fiets","Flank","Rotonde",30,"Niet brandend","Daglicht","Droog",\N,\N,"Klein Zwitserland","Gilze","Gilze en Rijen","Noord-Brabant",false,51.552687,4.946009,"material damage only","4","clear",false,1,"GM0784"
"20240147556",2024,"Letsel",2,"Fiets","Fiets","Frontaal","Rechte weg",30,"Brandend","Duisternis","Droog",\N,"600498343","Kanaaldijk","Best","Best","Noord-Brabant",false,51.497714,5.407308,"injury","2","clear",false,1,"GM0753"
"20240149148",2024,"Uitsluitend materiele schade",2,"Fiets","Fiets","Flank","Kruispunt, 3 takken",\N,"Brandend","Duisternis","Droog",\N,"600632605","Bredevoortsestraatweg","Aalten","Aalten","Gelderland",false,51.937215,6.605678,"material damage only","4","clear",false,1,"GM0197"
"20240149397",2024,"Letsel",1,"Fiets",\N,"Eenzijdig","Rechte weg",50,"Niet brandend","Schemer","Regen",\N,"502354050","Sloetsweg","Hengelo","Hengelo (O)","Overijssel",false,52.274356,6.799465,"injury","2","rain",false,1,\N
"20240150226",2024,"Letsel",1,"Fiets",\N,"Onbekend","Rechte weg",50,"Niet brandend","Daglicht","Regen",\N,"600900756","Zuideinde","Landsmeer","Landsmeer","Noord-Holland",false,52.427836,4.912639,"injury","2","rain",false,1,"GM0415"
"20240151615",2024,"Letsel",2,"Personenauto","Fiets","Flank","Kruispunt, 4 takken",80,"Niet brandend","Daglicht","Droog/Mist",\N,\N,"Edeseweg","Harskamp","Ede","Gelderland",false,52.123006,5.72411,"injury","2","unknown",false,1,"GM0228"
"20230112825",2023,"Letsel",2,"Personenauto","Fiets","Eenzijdig","Rechte weg",50,"Brandend","Duisternis","Droog",\N,"197349014","de Ruijterstraat","Lisse","Lisse","Zuid-Holland",false,52.259784,4.564858,"injury","2","clear",false,1,"GM0553"
"20240155991",2024,"Uitsluitend materiele schade",2,"Personenauto","Fiets","Frontaal","Kruispunt, 3 takken",50,"Brandend","Duisternis","Droog",\N,\N,"Brachterweg","Tegelen","Venlo","Limburg",false,51.338025,6.152903,"material damage only","4","clear",false,1,"GM0983"
"20240001973",2024,"Letsel",1,"Fiets",\N,"Onbekend",\N,50,\N,"Daglicht",\N,\N,"601017575","Tongelresestraat","Eindhoven","Eindhoven","Noord-Brabant",false,51.44769,5.517031,"injury","2","unknown",false,1,"GM0772"
"20240007318",2024,"Letsel",1,"Fiets",\N,"Onbekend","Rechte weg",50,"Brandend","Duisternis","Droog",\N,"600723364","Binnensluis","Katwijk","Katwijk","Zuid-Holland",false,52.20788,4.406251,"injury","2","clear",false,1,"GM0537"
"20240007495",2024,"Letsel",2,"Fiets","Fiets","Onbekend","Rechte weg",30,"Niet brandend","Daglicht","Droog",\N,"210324017","Preludeweg","Alphen aan den Rijn","Alphen aan den Rijn","Zuid-Holland",false,52.146492,4.662919,"injury","2","clear",false,1,"GM0484"
"20240010922",2024,"Letsel",2,"Personenauto","Fiets","Flank","Kruispunt, 4 takken",50,"Niet aanwezig","Duisternis","Droog",\N,"600286519","Spoorbaanpad","Almere","Almere","Flevoland",false,52.37468,5.216933,"injury","2","clear",false,1,"GM0034"
"20240152935",2024,"Uitsluitend materiele schade",2,"Fiets","Personenauto","Flank","Kruispunt, 4 takken",50,"Brandend","Duisternis","Regen",\N,\N,"Pieter Aertszlaan","Heemstede","Heemstede","Noord-Holland",false,52.359147,4.625017,"material damage only","4","rain",false,1,"GM0397"
"20240153641",2024,"Letsel",2,"Bromfiets","Fiets","Onbekend","Rotonde",100,"Brandend","Duisternis","Regen","Tunnel",\N,"Groeninx van Zoelenlaan","Rotterdam","Rotterdam","Zuid-Holland",false,51.88497,4.563136,"injury","2","rain",false,1,"GM0599"
"20230108732",2023,"Uitsluitend materiele schade",2,"Personenauto","Fiets","Flank","Rechte weg",30,"Brandend","Duisternis","Droog",\N,"318407021","Karveel 56","Lelystad","Lelystad","Flevoland",false,52.522875,5.452938,"material damage only","4","clear",false,1,"GM0995"
"20230109907",2023,"Uitsluitend materiele schade",2,"Fiets","Personenauto","Flank","Kruispunt, 4 takken",30,"Niet brandend","Daglicht","Droog",\N,\N,"Patrijspad","'s-Hertogenbosch","'s-Hertogenbosch","Noord-Brabant",false,51.720863,5.262897,"material damage only","4","clear",false,1,"GM0796"
"20230109926",2023,"Letsel",1,"e-bike",\N,"Eenzijdig","Kruispunt, 4 takken",30,"Niet brandend","Daglicht","Regen",\N,\N,"Koestraat","Middelburg","Middelburg","Zeeland",false,51.496291,3.611242,"injury","2","rain",false,1,\N
"20240157115",2024,"Uitsluitend materiele schade",2,"Fiets",\N,"Flank","Kruispunt, 3 takken",50,"Niet brandend","Daglicht","Droog",\N,\N,"Torenstraat","Helmond","Helmond","Noord-Brabant",false,51.484834,5.655828,"material damage only","4","clear",false,1,"GM0794"
"20240021160",2024,"Letsel",2,"Personenauto","Fiets","Flank","Kruispunt, 3 takken",50,"Niet brandend","Daglicht","Droog",\N,\N,"Torenstraat","'s-Gravenhage","'s-Gravenhage","Zuid-Holland",false,52.077516,4.306075,"injury","2","clear",false,1,"GM0518"
"20240152321",2024,"Uitsluitend materiele schade",2,"Personenauto","Fiets","Flank","Rotonde",30,"Brandend","Duisternis","Droog",\N,\N,"Deutzstraat","Heemskerk","Heemskerk","Noord-Holland",false,52.510647,4.670901,"material damage only","4","clear",false,1,"GM0396"
"20240152388",2024,"Uitsluitend materiele schade",2,"Fiets","Voetganger","Voetganger","Rechte weg",30,"Brandend","Duisternis","Droog",\N,"186328015","Steenstraat","Leiden","Leiden","Zuid-Holland",false,52.162987,4.484543,"material damage only","4","clear",false,1,"GM0546"
"20230112957",2023,"Letsel",3,"Personenauto","Fiets","Onbekend","Kruispunt, 3 takken",\N,"Niet brandend","Duisternis","Droog",\N,\N,"Dirk Costerplein","Delft","Delft","Zuid-Holland",false,51.990751,4.357896,"injury","2","clear",false,1,"GM0503"
"20240157856",2024,"Letsel",2,"Personenauto","Fiets","Flank","Kruispunt, 4 takken",70,"Niet brandend","Daglicht","Droog",\N,"600804265","Eisenhowerlaan","Eindhoven","Eindhoven","Noord-Brabant",false,51.4493,5.507226,"injury","2","clear",false,1,"GM0772"