"accident_id","year","severity_raw","party_count","party1_type","party2_type","accident_type","road_situation","speed_limit_kmh","road_lighting","light_condition_label","weather_raw","infra_type","road_segment_id","street_name","place_name","gemeente_name_raw","province","alcohol_indicated","latitude","longitude","severity_label","severity_code","weather_label","built_up_area","cyclists_involved","gemeente_code"
"20240000953",2024,"Uitsluitend materiele schade",2,"Fiets","Personenauto","Frontaal","Rechte weg",60,"Brandend","Duisternis","Droog",\N,"255269011","Bazeldijk","Hoogblokland","Molenlanden","Zuid-Holland",false,51.90024,4.994561,"material damage only","4","clear",false,1,"GM1978"
"20240002114",2024,"Uitsluitend materiele schade",2,"Personenauto","Fiets","Onbekend","Rechte weg",30,"Brandend","Schemer","Regen",\N,"600138931","Noord Brabantlaan","Eindhoven","Eindhoven","Noord-Brabant",false,51.436304,5.423908,"material damage only","4","rain",false,1,"GM0772"
"20240003323",2024,"Uitsluitend materiele schade",2,"Fiets","Personenauto","Flank","Rotonde",50,"Brandend","Duisternis","Regen",\N,\N,"Huissensestraat","Arnhem","Arnhem","Gelderland",false,51.96708,5.910399,"material damage only","4","rain",false,1,"GM0202"
"20240011018",2024,"Uitsluitend materiele schade",2,"Personenauto","Fiets","Flank","Kruispunt, 4 takken",30,"Niet brandend","Daglicht","Droog",\N,\N,"Dissel","Leusden","Leusden","Utrecht",false,52.128785,5.425946,"material damage only","4","clear",false,1,"GM0327"
"20240011375",2024,"Letsel",2,"Bromfiets","Fiets","Flank","Rechte weg",50,"Niet brandend","Daglicht","Droog",\N,"271304053","Griffioenlaan","Utrecht","Utrecht","Utrecht",false,52.057547,5.103749,"injury","2","clear",false,1,"GM0344"
"20230108270",2023,"Letsel",2,"Fiets","Personenauto","Flank","Kruispunt, 3 takken",50,"Brandend","Duisternis","Droog",\N,\N,"Sperwerlaan","Bilthoven","De Bilt","Utrecht",false,52.132478,5.216618,"injury","2","clear",false,1,"GM0310"
"20240003344",2024,"Uitsluitend materiele schade",2,"Personenauto","Fiets","Flank","Kruispunt, 4 takken",50,"Niet brandend","Daglicht","Droog",\N,\N,"Deventerstraat","Apeldoorn","Apeldoorn","Gelderland",false,52.216858,5.96984,"material damage only","4","clear",false,1,"GM0200"
"20240006262",2024,"Letsel",2,"Personenauto","Fiets","Onbekend","Rotonde",50,"Niet aanwezig","Daglicht","Droog",\N,\N,"Markerwaardweg","Venhuizen","Drechterland","Noord-Holland",false,52.666809,5.204876,"injury","2","clear",false,1,"GM0498"
"20240024852",2024,"Uitsluitend materiele schade",2,"Personenauto","Fiets","Flank","Kruispunt, 3 takken",50,"Brandend","Duisternis","Droog",\N,\N,"De Luwte","Eindhoven","Eindhoven","Noord-Brabant",false,51.438764,5.481745,"material damage only","4","clear",false,1,"GM0772"
"20240151806",2024,"Letsel",2,"Personenauto","Fiets","Onbekend","Rechte weg",30,"Niet brandend","Daglicht","Droog",\N,"436270006","Zeddamseweg","Etten","Oude IJsselstreek","Gelderland",false,51.902772,6.313151,"injury","2","clear",false,1,"GM1509"
"20230108302",2023,"Letsel",2,"Fiets","Fiets","Frontaal","Rechte weg",50,"Niet brandend","Daglicht","Droog",\N,"294449047","Gerard Brandtweg","Enkhuizen","Enkhuizen","Noord-Holland",false,52.71033,5.273824,"injury","2","clear",false,1,"GM0388"
"20240155209",2024,"Letsel",2,"Fiets","Voetganger","Voetganger","Kruispunt, 4 takken",15,"Niet aanwezig","Daglicht","Regen",\N,\N,"Spui","'s-Gravenhage","'s-Gravenhage","Zuid-Holland",false,52.077671,4.315051,"injury","2","rain",false,1,"GM0518"
"20240008482",2024,"Letsel",2,"Personenauto","Fiets","Flank","Kruispunt, 3 takken",30,"Brandend","Schemer","Regen",\N,\N,"Koningin Emmalaan","Delft","Delft","Zuid-Holland",false,52.00602,4.381786,"injury","2","rain",false,1,"GM0503"
"20230151511",2023,"Letsel",2,"Fiets","Personenauto","Flank","Kruispunt, 4 takken",70,"Niet brandend","Daglicht","Droog",\N,\N,"Ambachtsweg","Eindhoven","Eindhoven","Noord-Brabant",false,51.479571,5.437168,"injury","2","clear",false,1,"GM0772"
"20240152497",2024,"Letsel",1,"Fiets",\N,"Onbekend","Kruispunt, 3 takken",30,"Niet aanwezig","Daglicht","Harde windstoten/Regen",\N,"239376114","Van Hallstraat","Amsterdam","Amsterdam","Noord-Holland",false,52.379475,4.871428,"injury","2","unknown",false,1,"GM0363"
"20230111284",2023,"Uitsluitend materiele schade",2,"Fiets","Personenauto","Flank","Kruispunt, 3 takken",50,"Brandend","Duisternis","Droog",\N,\N,"Marnixstraat","Amsterdam","Amsterdam","Noord-Holland",false,52.366618,4.879469,"material damage only","4","clear",false,1,"GM0363"
"20240009826",2024,"Uitsluitend materiele schade",2,"Personenauto","Fiets","Flank","Kruispunt, 4 takken",30,"Niet brandend","Daglicht","Regen",\N,\N,"Ruitersveldweg","Wezep","Oldebroek","Gelderland",false,52.464161,6.000181,"material damage only","4","rain",false,1,"GM0269"
"20240009835",2024,"Letsel",1,"Fiets",\N,"Onbekend","Rechte weg",30,"Niet brandend","Daglicht","Droog",\N,"382505130","Sieversstraat","Heerenveen","Heerenveen","Friesland",false,52.95908,5.925326,"injury","2","clear",false,1,"GM0074"
"20240002240",2024,"Uitsluitend materiele schade",2,"Bus","Fiets","Flank","Kruispunt, 4 takken",50,"Niet brandend","Daglicht","Droog",\N,\N,"Mathildelaan","Eindhoven","Eindhoven","Noord-Brabant",false,51.441614,5.469935,"material damage only","4","clear",false,1,"GM0772"
"20240019344",2024,"Letsel",2,"Fiets","Fiets","Frontaal","Kruispunt, 3 takken",50,"Niet brandend","Daglicht","Droog",\N,\N,"Hanzetunnel","Amersfoort","Amersfoort","Utrecht",false,52.178874,5.435474,"injury","2","clear",false,1,"GM0307"
"20240021398",2024,"Letsel",1,"Fiets",\N,"Onbekend","Rechte weg",60,"Niet aanwezig","Duisternis","Droog",\N,"600780285","Veenakkers","Wervershoof","Medemblik","Noord-Holland",false,52.71104,5.174771,"injury","2","clear",false,1,"GM0420"
"20240003079",2024,"Letsel",1,"Fiets",\N,"Onbekend","Rechte weg",50,"Niet brandend","Daglicht","Droog",\N,"600958404","Rijksweg A50","Herpen","Oss","Noord-Brabant",false,51.767891,5.630208,"injury","2","clear",false,1,"GM0828"
"20230112587",2023,"Uitsluitend materiele schade",2,"Snorfiets","Fiets","Kop/staart","Rechte weg",30,"Niet brandend","Daglicht","Droog",\N,"600901205","Spui","'s-Gravenhage","'s-Gravenhage","Zuid-Holland",false,52.076495,4.317209,"material damage only","4","clear",false,1,"GM0518"
"20240010804",2024,"Letsel",2,"Fiets","Personenauto","Onbekend","Rechte weg",30,"Niet aanwezig","Daglicht","Droog",\N,\N,"Havenstraat","Zijdewind","Hollands Kroon","Noord-Holland",false,52.746862,4.833478,"injury","2","clear",false,1,"GM1911"
"20240023197",2024,"Uitsluitend materiele schade",2,"Personenauto","Fiets","Onbekend","Rotonde",50,"Niet brandend","Daglicht",\N,\N,\N,"Laan van de Glazen Stad","Naaldwijk","Westland","Zuid-Holland",false,51.991018,4.218247,"material damage only","4","unknown",false,1,"GM1783"
"20240013521",2024,"Letsel",1,"Fiets",\N,"Onbekend","Rechte weg",50,"Brandend","Duisternis","Regen",\N,"600584517","Juliana van Stolberglaan","'s-Gravenhage","'s-Gravenhage","Zuid-Holland",false,52.081404,4.330077,"injury","2","rain",false,1,"GM0518"
"20240014502",2024,"Uitsluitend materiele schade",2,"Bestelauto","Fiets","Flank","Kruispunt, 4 takken",50,"Brandend","Schemer","Droog",\N,\N,"Claes de Vrieselaan","Rotterdam","Rotterdam","Zuid-Holland",false,51.914525,4.459782,"material damage only","4","clear",false,1,"GM0599"
"20240015396",2024,"Uitsluitend materiele schade",1,"Fiets",\N,"Onbekend","Kruispunt, 4 takken",30,"Niet brandend","Daglicht","Regen",\N,"600718318","Generaal Spoorlaan","Rijswijk","Rijswijk","Zuid-Holland",false,52.048177,4.330385,"material damage only","4","rain",false,1,\N
"20240014694",2024,"Letsel",3,"Fiets","Fiets","Frontaal","Kruispunt, 3 takken",50,"Niet brandend","Daglicht","Droog",\N,\N,"Maeslantkeringweg","Hoek van Holland","Rotterdam","Zuid-Holland",false,51.954441,4.173265,"injury","2","clear",false,1,"GM0599"
"20240015291",2024,"Dodelijk",2,"Personenauto","e-bike","Onbekend","Kruispunt, 4 takken",50,"Niet brandend","Daglicht","Droog",\N,\N,"De Willem Ruysstraat","Vlissingen","Vlissingen","Zeeland",false,51.446511,3.581371,"fatal","1","clear",false,1,"GM0718"
"20240015298",2024,"Uitsluitend materiele schade",2,"Personenauto","Fiets","Flank","Rechte weg",50,"Niet brandend","Daglicht","Droog",\N,"160178042","Pasteurlaan","Bergen op Zoom","Bergen op Zoom","Noord-Brabant",false,51.488578,4.311899,"material damage only","4","clear",false,1,"GM0748"
"20240016031",2024,"Uitsluitend materiele schade",1,"Fiets",\N,"Eenzijdig","Rechte weg",50,"Niet brandend","Daglicht","Droog",\N,"601091666","Raadhuisplein","Heerlen","Heerlen","Limburg",false,50.885887,5.978951,"material damage only","4","clear",false,1,"GM0917"
"20240017066",2024,"Uitsluitend materiele schade",2,"Personenauto","Fiets","Flank","Kruispunt, 4 takken",30,"Niet brandend","Daglicht","Regen",\N,\N,"de Meeuwse Acker","Nijmegen","Nijmegen","Gelderland",false,51.836379,5.800774,"material damage only","4","rain",false,1,"GM0268"
"20240152052",2024,"Uitsluitend materiele schade",2,"Personenauto","Fiets","Flank","Kruispunt, 4 takken",30,"Brandend","Duisternis","Droog",\N,\N,"Morsestraat","'s-Gravenhage","'s-Gravenhage","Zuid-Holland",false,52.081666,4.276339,"material damage only","4","clear",false,1,"GM0518"
"20240007080",2024,"Letsel",1,"Fiets",\N,"Onbekend","Rechte weg",50,"Brandend","Duisternis","Droog",\N,"600159419","Soestdijksekade","'s-Gravenhage","'s-Gravenhage","Zuid-Holland",false,52.065612,4.271383,"injury","2","clear",false,1,"GM0518"
"20240015321",2024,"Letsel",2,"Personenauto","e-bike","Onbekend","Kruispunt, 3 takken",50,"Niet brandend","Daglicht","Droog",\N,\N,"Thorbeckelaan","Sliedrecht","Sliedrecht","Zuid-Holland",false,51.82001,4.796168,"injury","2","clear",false,1,"GM0610"
"20240018051",2024,"Letsel",2,"Fiets","Voetganger","Voetganger","Rechte weg",60,"Niet brandend","Daglicht","Droog",\N,"471425001","Venneweg","Collendoorn","Hardenberg","Overijssel",false,52.596505,6.584555,"injury","2","clear",false,1,"GM0160"
"20240016411",2024,"Letsel",2,"Fiets","Personenauto","Flank","Rechte weg",30,"Niet brandend","Daglicht","Droog",\N,"339202003","Prinseveld","Erp","Meierijstad","Noord-Brabant",false,51.600053,5.599666,"injury","2","clear",false,1,"GM1948"
"20240018890",2024,"Uitsluitend materiele schade",2,"Fiets","Personenauto","Flank","Kruispunt, 3 takken",30,"Niet brandend","Daglicht","Droog",\N,\N,"De Binding","Zaandam","Zaanstad","Noord-Holland",false,52.453311,4.798692,"material damage only","4","clear",false,1,"GM0479"
"20240153451",2024,"Uitsluitend materiele schade",2,"Fiets","Fiets","Flank","Rechte weg",60,"Niet brandend","Daglicht","Droog",\N,"600586869","Zwaagdijk","Zwaagdijk-Oost","Medemblik","Noord-Holland",false,52.691963,5.100355,"material damage only","4","clear",false,1,"GM0420"
"20240154085",2024,"Letsel",2,"Bestelauto","Fiets","Onbekend","Rotonde",50,"Brandend","Duisternis","Regen",\N,\N,"Amnesty Internationalln","Hellevoetsluis","Voorne aan Zee","Zuid-Holland",false,51.834225,4.131811,"injury","2","rain",false,1,"GM1992"
"20230111534",2023,"Letsel",2,"Bromfiets","Fiets","Frontaal","Rechte weg",30,"Brandend","Duisternis","Regen","Tunnel",\N,"Broekerweg","Heerhugowaard","Dijk en Waard","Noord-Holland",false,52.670914,4.814616,"injury","2","rain",false,1,"GM1980"
"20240016936",2024,"Uitsluitend materiele schade",2,"Personenauto","Fiets","Flank","Rotonde",50,"Niet brandend","Daglicht","Droog",\N,\N,"Koekoek","Druten","Druten","Gelderland",false,51.884343,5.604933,"material damage only","4","clear",false,1,"GM0225"
"20240016957",2024,"Uitsluitend materiele schade",2,"Fiets","Fiets","Frontaal","Rechte weg",50,"Niet brandend","Daglicht","Droog",\N,"600913800","Kayersdijk","Apeldoorn","Apeldoorn","Gelderland",false,52.184996,5.982506,"material damage only","4","clear",false,1,"GM0200"
"20230110994",2023,"Letsel",2,"Personenauto","Fiets","Flank","Rotonde",50,"Niet brandend","Daglicht","Droog",\N,\N,"Burg Elkhuizenlaan","Oosterhout","Oosterhout","Noord-Brabant",false,51.658695,4.872159,"injury","2","clear",false,1,"GM0826"
"20240157668",2024,"Letsel",1,"Fiets",\N,"Onbekend","Rechte weg",15,"Niet brandend","Daglicht","Droog",\N,"600900970","Lijnbaan","'s-Gravenhage","'s-Gravenhage","Zuid-Holland",false,52.07344,4.299127,"injury","2","clear",false,1,"GM0518"
"20240016530",2024,"Uitsluitend materiele schade",2,"Snorfiets","Fiets","Flank","Kruispunt, 3 takken",15,"Niet brandend","Daglicht","Droog",\N,\N,"Langstraat","Barneveld","Barneveld","Gelderland",false,52.140141,5.58472,"material damage only","4","clear",false,1,"GM0203"
"20240021719",2024,"Uitsluitend materiele schade",2,"Fiets","Fiets","Frontaal","Rechte weg",30,"Niet brandend","Daglicht","Droog",\N,"240370084","Joh.M. Coenenstraat","Amsterdam","Amsterdam","Noord-Holland",false,52.352186,4.88101,"material damage only","4","clear",false,1,"GM0363"
"20240022721",2024,"Uitsluitend materiele schade",2,"Bromfiets","Fiets","Onbekend","Kruispunt, 3 takken",30,"Niet brandend","Daglicht","Droog",\N,\N,"Assumburgstraat","Hellevoetsluis","Voorne aan Zee","Zuid-Holland",false,51.839371,4.144489,"material damage only","4","clear",false,1,"GM1992"
"20240023123",2024,"Letsel",2,"Bromfiets","Fiets","Flank","Rechte weg",50,"Brandend","Schemer","Droog",\N,"185279019","Straatweg","Rotterdam","Rotterdam","Zuid-Holland",false,51.944351,4.482446,"injury","2","clear",false,1,"GM0599"
"20240024979",2024,"Letsel",2,"Personenauto","Fiets","Onbekend","Kruispunt, 3 takken",60,"Brandend","Duisternis","Droog",\N,\N,"Sint-Oedenrodeseweg","Best","Best","Noord-Brabant",false,51.530428,5.410588,"injury","2","clear",false,1,"GM0753"
"20240152199",2024,"Letsel",2,"Personenauto","Fiets","Flank","Kruispunt, 3 takken",15,"Niet brandend","Daglicht","Droog",\N,\N,"Hazelaarplein","Pijnacker","Pijnacker-Nootdorp","Zuid-Holland",false,52.019477,4.427407,"injury","2","clear",false,1,"GM1926"
"20240152225",2024,"Uitsluitend materiele schade",2,"Fiets","Bestelauto","Onbekend","Rotonde",30,"Niet brandend","Daglicht",\N,\N,\N,"Ouddiemerlaan","Diemen","Diemen","Noord-Holland",false,52.343747,4.966088,"material damage only","4","unknown",false,1,"GM0384"
"20230108084",2023,"Letsel",2,"Personenauto","Fiets","Flank","Kruispunt, 4 takken",50,"Niet brandend","Daglicht","Droog",\N,\N,"Gildeplein","Purmerend","Purmerend","Noord-Holland",false,52.506359,4.983845,"injury","2","clear",false,1,"GM0439"
"20230111033",2023,"Letsel",2,"Personenauto","Fiets","Flank","Rechte weg",30,"Niet brandend","Daglicht","Droog",\N,"163300136","Steenvoordelaan","Rijswijk","Rijswijk","Zuid-Holland",false,52.036653,4.317349,"injury","2","clear",false,1,\N
"20230112814",2023,"Letsel",2,"Personenauto","Fiets","Flank","Rechte weg",50,"Brandend","Schemer","Droog",\N,"159303102","Betje Wolffstraat","'s-Gravenhage","'s-Gravenhage","Zuid-Holland",false,52.04898,4.29065,"injury","2","clear",false,1,"GM0518"
"20230031165",2023,"Uitsluitend materiele schade",2,"Personenauto","Fiets","Flank","Rechte weg",50,"Niet brandend","Daglicht","Droog",\N,"314161046","Broekweg","Veldhoven","Veldhoven","Noord-Brabant",false,51.416748,5.419017,"material damage only","4","clear",false,1,"GM0861"
"20230031707",2023,"Letsel",3,"Vrachtauto","Fiets","Flank","Kruispunt, 3 takken",15,"Niet aanwezig","Daglicht","Droog",\N,\N,"Grijzegraaf","Eijsden","Eijsden-Margraten","Limburg",false,50.761869,5.73564,"injury","2","clear",false,1,"GM1903"
"20230031714",2023,"Uitsluitend materiele schade",2,"Personenauto","Fiets","Frontaal","Kruispunt, 4 takken",50,\N,"Daglicht","Droog",\N,\N,"Monseigneur Nolensplein","Venlo","Venlo","Limburg",false,51.372196,6.173463,"material damage only","4","clear",false,1,"GM0983"
"20230033312",2023,"Uitsluitend materiele schade",2,"Personenauto","Fiets","Frontaal","Kruispunt, 4 takken",50,"Niet brandend","Daglicht","Droog",\N,\N,"Beukenlaan","Eindhoven","Eindhoven","Noord-Brabant",false,51.439913,5.450273,"material damage only","4","clear",false,1,"GM0772"
"20230036649",2023,"Letsel",2,"Bromfiets","Fiets","Flank","Kruispunt, 4 takken",50,"Niet brandend","Daglicht","Droog",\N,\N,"Buiksloterweg","Amsterdam","Amsterdam","Noord-Holland",false,52.38457,4.906507,"injury","2","clear",false,1,"GM0363"
"20230067278",2023,"Letsel",1,"Fiets",\N,"Eenzijdig","Rechte weg",30,"Niet brandend","Daglicht","Droog",\N,"600595339","Provincialeweg","Hoorn","Hoorn","Noord-Holland",false,52.647947,5.078625,"injury","2","clear",false,1,"GM0405"
"20240030454",2024,"Letsel",2,"Fiets","Fiets","Eenzijdig","Rechte weg",60,"Niet brandend","Daglicht","Droog",\N,"163286051","Zouteveenseweg","Schipluiden","Midden-Delfland","Zuid-Holland",false,51.973001,4.32055,"injury","2","clear",false,1,"GM1842"
"20240026354",2024,"Letsel",2,"Personenauto","Fiets","Flank","Rotonde",50,"Niet brandend","Daglicht","Droog",\N,\N,"Gotenburgweg","Groningen","Groningen","Groningen",false,53.214054,6.602815,"injury","2","clear",false,1,"GM0014"
"20230023082",2023,"Letsel",2,"Bromfiets","Fiets","Frontaal","Bocht",30,"Niet brandend","Daglicht","Regen",\N,"162304182","Hildebrandstraat","'s-Gravenhage","'s-Gravenhage","Zuid-Holland",false,52.055847,4.312046,"injury","2","rain",false,1,"GM0518"
"20240027824",2024,"Uitsluitend materiele schade",2,"Personenauto","Fiets","Onbekend","Rotonde",30,"Niet brandend","Daglicht","Droog",\N,\N,"Middenweg","Den Helder","Den Helder","Noord-Holland",false,52.953794,4.751729,"material damage only","4","clear",false,1,"GM0400"
"20230027150",2023,"Uitsluitend materiele schade",2,"Personenauto","Fiets","Flank","Kruispunt, 4 takken",50,"Niet aanwezig","Daglicht","Regen",\N,\N,"Delpratsingel","Breda","Breda","Noord-Brabant",false,51.592986,4.779785,"material damage only","4","rain",false,1,"GM0758"
"20230031180",2023,"Uitsluitend materiele schade",2,"Personenauto","Fiets","Flank","Rechte weg",30,"Niet brandend","Daglicht","Droog",\N,"321172011","de Waghemakerstraat","Eindhoven","Eindhoven","Noord-Brabant",false,51.46509,5.467595,"material damage only","4","clear",false,1,"GM0772"
"20230032347",2023,"Uitsluitend materiele schade",2,"Fiets","Personenauto","Flank","Kruispunt, 3 takken",30,"Niet brandend","Daglicht","Droog",\N,\N,"Kanaaldijk-Zuid","Eindhoven","Eindhoven","Noord-Brabant",false,51.435911,5.495698,"material damage only","4","clear",false,1,"GM0772"
"20230068424",2023,"Letsel",2,"Personenauto","Fiets","Flank","Rechte weg",50,"Niet brandend","Daglicht","Droog",\N,"600361600","Bree","Rotterdam","Rotterdam","Zuid-Holland",false,51.889972,4.509067,"injury","2","clear",false,1,"GM0599"
"20230069622",2023,"Letsel",2,"Bromfiets","e-bike","Flank","Kruispunt, 3 takken",30,"Niet brandend","Daglicht","Droog",\N,\N,"Oude Langendijk","Delft","Delft","Zuid-Holland",false,52.012238,4.361469,"injury","2","clear",false,1,"GM0503"
"20230014546",2023,"Uitsluitend materiele schade",2,"Personenauto","Fiets","Flank","Rechte weg",50,"Niet brandend","Daglicht","Droog",\N,"600152778","Hogelandsingel","Enschede","Enschede","Overijssel",false,52.21484,6.909607,"material damage only","4","clear",false,1,"GM0153"
"20230015716",2023,"Uitsluitend materiele schade",2,"Personenauto","Fiets","Flank","Kruispunt, 3 takken",30,"Brandend","Duisternis","Droog",\N,\N,"Voorstraat","Utrecht","Utrecht","Utrecht",false,52.095147,5.122413,"material damage only","4","clear",false,1,"GM0344"
"20230023749",2023,"Uitsluitend materiele schade",3,"Bromfiets","Fiets","Onbekend","Rechte weg",50,"Niet brandend","Daglicht","Droog",\N,"600740766","Wagenweg","Haarlem","Haarlem","Noord-Holland",false,52.373367,4.627951,"material damage only","4","clear",false,1,"GM0392"
"20230032721",2023,"Letsel",2,"Fiets","Onbekend voertuig i.g.v. doorrijder","Flank","Kruispunt, 4 takken",50,"Brandend","Duisternis","Droog",\N,\N,"Lage Dijk","Helmond","Helmond","Noord-Brabant",false,51.472383,5.678366,"injury","2","clear",false,1,"GM0794"
"20230074218",2023,"Letsel",2,"Personenauto","Fiets","Frontaal","Rechte weg",50,"Niet brandend","Daglicht","Droog",\N,\N,"Stationsweg","Ede","Ede","Gelderland",false,52.038704,5.668513,"injury","2","clear",false,1,"GM0228"
"20230074405",2023,"Letsel",2,"Fiets","Fiets","Onbekend","Rechte weg",50,"Niet brandend","Daglicht","Droog",\N,"465563008","Verlengde Visserstraat","Groningen","Groningen","Groningen",false,53.218305,6.555603,"injury","2","clear",false,1,"GM0014"
"20230013444",2023,"Uitsluitend materiele schade",2,"Personenauto","Fiets","Flank","Kruispunt, 3 takken",50,"Niet aanwezig","Daglicht","Droog",\N,\N,"Kleine Mheenweg","Hierden","Harderwijk","Gelderland",false,52.354996,5.663309,"material damage only","4","clear",false,1,"GM0243"
"20230022606",2023,"Letsel",2,\N,"Fiets","Eenzijdig","Bocht",30,"Brandend","Duisternis","Droog",\N,"600717729","Tramkade","Den Hoorn","Midden-Delfland","Zuid-Holland",false,51.993475,4.32641,"injury","2","clear",false,1,"GM1842"
"20230034391",2023,"Uitsluitend materiele schade",2,"Personenauto","Fiets","Flank","Kruispunt, 4 takken",50,"Niet brandend","Daglicht","Droog",\N,\N,"Buitenhof","Almelo","Almelo","Overijssel",false,52.372817,6.678389,"material damage only","4","clear",false,1,"GM0141"
"20230068878",2023,"Uitsluitend materiele schade",2,"Personenauto","Fiets","Flank","Kruispunt, 4 takken",50,"Niet brandend","Daglicht","Regen",\N,\N,"Willem Ruyslaan","Rotterdam","Rotterdam","Zuid-Holland",false,51.921478,4.506024,"material damage only","4","rain",false,1,"GM0599"
"20230023210",2023,"Letsel",2,"Fiets",\N,"Eenzijdig","Rechte weg",50,"Niet brandend","Daglicht","Droog",\N,"236356003","Sportlaan","Amstelveen","Amstelveen","Noord-Holland",false,52.290969,4.849335,"injury","2","clear",false,1,"GM0362"
"20230068228",2023,"Uitsluitend materiele schade",2,"e-bike","Scootmobiel","Onbekend","Rechte weg",30,"Niet brandend","Daglicht","Droog",\N,"600536120","FIETSPAD","Capelle aan den IJssel","Capelle aan den IJssel","Zuid-Holland",false,51.941488,4.607549,"material damage only","4","clear",false,1,"GM0502"
"20230076504",2023,"Uitsluitend materiele schade",2,"Personenauto","Fiets","Flank","Kruispunt, 4 takken",30,"Niet brandend","Daglicht","Droog",\N,\N,"Schoener 49","Lelystad","Lelystad","Flevoland",false,52.500187,5.462285,"material damage only","4","clear",false,1,"GM0995"
"20230076590",2023,"Letsel",2,"Personenauto","e-bike","Flank","Rotonde",50,"Niet brandend","Daglicht","Droog",\N,\N,"Westtangent","Heerhugowaard","Dijk en Waard","Noord-Holland",false,52.673335,4.835614,"injury","2","clear",false,1,"GM1980"
"20230076986",2023,"Letsel",2,"Personenauto","Fiets","Flank","Rechte weg",50,"Niet brandend","Daglicht","Droog",\N,"601069180","Bleiswijkseweg","Zoetermeer","Zoetermeer","Zuid-Holland",false,52.047589,4.51423,"injury","2","clear",false,1,"GM0637"
"20230077145",2023,"Uitsluitend materiele schade",2,"Personenauto","Fiets","Frontaal","Kruispunt, 4 takken",50,"Niet brandend","Daglicht","Droog",\N,\N,"Wibautstraat","Amsterdam","Amsterdam","Noord-Holland",false,52.35751,4.910081,"material damage only","4","clear",false,1,"GM0363"
"20230020442",2023,"Uitsluitend materiele schade",3,"Fiets","Bus","Los voorwerp","Kruispunt, 3 takken",30,"Niet brandend","Daglicht","Droog",\N,\N,"Haparandaweg","Amsterdam","Amsterdam","Noord-Holland",false,52.394531,4.875418,"material damage only","4","clear",false,1,"GM0363"
"20230022135",2023,"Uitsluitend materiele schade",2,"Bromfiets","Fiets","Geparkeerd voertuig","Rechte weg",30,"Brandend","Duisternis","Droog",\N,"161308051","Glasblazerslaan","'s-Gravenhage","'s-Gravenhage","Zuid-Holland",false,52.072713,4.308247,"material damage only","4","clear",false,1,"GM0518"
"20230023232",2023,"Letsel",2,"Fiets","Personenauto","Flank","Rechte weg",60,"Niet brandend","Daglicht","Droog",\N,"225285076","Tentweg","Stolwijk","Krimpenerwaard","Zuid-Holland",false,51.971216,4.772648,"injury","2","clear",false,1,"GM1931"
"20230023839",2023,"Letsel",2,"Personenauto","Fiets","Flank","Rechte weg",50,"Niet brandend","Daglicht","Droog",\N,"600716524","Melis Stokelaan","'s-Gravenhage","'s-Gravenhage","Zuid-Holland",false,52.054361,4.296125,"injury","2","clear",false,1,"GM0518"
"20240027645",2024,"Letsel",2,"Fiets","Fiets","Flank","Kruispunt, 3 takken",30,"Niet brandend","Daglicht","Droog",\N,\N,"Willebrordstraat","Haarlem","Haarlem","Noord-Holland",false,52.408227,4.656952,"injury","2","clear",false,1,"GM0392"
"20230030210",2023,"Letsel",2,"Personenauto","Fiets","Flank","Rechte weg",60,"Niet aanwezig","Daglicht","Droog",\N,"600423479","Wijngaardsesteeg","Wijngaarden","Molenlanden","Zuid-Holland",false,51.85049,4.767987,"injury","2","clear",false,1,"GM1978"
"20230067484",2023,"Letsel",3,"Bestelauto","Fiets","Eenzijdig","Rechte weg",50,"Niet brandend","Daglicht","Droog",\N,"223432078","Noorderkade","Alkmaar","Alkmaar","Noord-Holland",false,52.633168,4.752283,"injury","2","clear",false,1,"GM0361"
"20230067984",2023,"Letsel",2,"Personenauto","Fiets","Flank","Kruispunt, 4 takken",80,"Niet brandend","Daglicht","Droog",\N,\N,"Mesdaglaan","Bosch en Duin","Zeist","Utrecht",false,52.108106,5.236916,"injury","2","clear",false,1,"GM0355"
"20230069341",2023,"Letsel",2,"Bestelauto","Fiets","Flank","Rotonde",50,"Niet brandend","Daglicht","Droog",\N,\N,"Rooseveltstraat","Leiden","Leiden","Zuid-Holland",false,52.148027,4.481087,"injury","2","clear",false,1,"GM0546"
"20230077614",2023,"Uitsluitend materiele schade",2,"Personenauto","Fiets","Flank","Rechte weg",50,"Brandend","Duisternis","Droog","Tunnel",\N,"Theemsweg","Amsterdam","Amsterdam","Noord-Holland",false,52.389357,4.818844,"material damage only","4","clear",false,1,"GM0363"
"20230014718",2023,"Letsel",2,"Personenauto","Fiets","Flank","Kruispunt, 3 takken",30,"Niet brandend","Daglicht","Droog",\N,\N,"Riegshoogtendijk","Hollandscheveld","Hoogeveen","Drenthe",false,52.707908,6.534147,"injury","2","clear",false,1,"GM0118"
"20230019317",2023,"Uitsluitend materiele schade",2,"Personenauto","Fiets","Flank","Kruispunt, 4 takken",50,"Niet aanwezig","Daglicht","Droog",\N,\N,"Vrijheidslaan","Breukelen","Stichtse Vecht","Utrecht",false,52.184634,5.005379,"material damage only","4","clear",false,1,"GM1904"