"accident_id","year","severity_raw","party_count","party1_type","party2_type","accident_type","road_situation","speed_limit_kmh","road_lighting","light_condition_label","weather_raw","infra_type","road_segment_id","street_name","place_name","gemeente_name_raw","province","alcohol_indicated","latitude","longitude","severity_label","severity_code","weather_label","built_up_area","cyclists_involved","gemeente_code"
"20230093417",2023,"Letsel",3,"Personenauto","Fiets","Onbekend","Rechte weg",30,"Brandend","Duisternis","Regen",\N,"403409041","Bachlaan","Zwolle","Zwolle","Overijssel",false,52.526371,6.078606,"injury","2","rain",false,1,"GM0193"
"20230099985",2023,"Uitsluitend materiele schade",2,"Fiets","Fiets","Onbekend","Kruispunt, 4 takken",\N,"Brandend","Duisternis","Droog",\N,\N,"Rederijkersplantsoen","Helmond","Helmond","Noord-Brabant",false,51.489493,5.666947,"material damage only","4","clear",false,1,"GM0794"
"20230104855",2023,"Letsel",2,"Personenauto","Fiets","Frontaal","Kruispunt, 4 takken",50,"Niet brandend","Daglicht","Droog",\N,\N,"Nijlân","Gorredijk","Opsterland","Friesland",false,53.004319,6.075463,"injury","2","clear",false,1,"GM0086"
"20230079377",2023,"Uitsluitend materiele schade",2,"Fiets","Fiets","Frontaal","Rechte weg",70,"Niet brandend","Daglicht","Droog",\N,"600509605","Crogtdijk","Breda","Breda","Noord-Brabant",false,51.601443,4.778113,"material damage only","4","clear",false,1,"GM0758"
"20230084067",2023,"Uitsluitend materiele schade",2,"Personenauto","Fiets","Flank","Kruispunt, 4 takken",30,"Niet brandend","Daglicht","Droog",\N,\N,"Merwedestraat","Amersfoort","Amersfoort","Utrecht",false,52.161512,5.369623,"material damage only","4","clear",false,1,"GM0307"
"20230086980",2023,"Letsel",2,"Bromfiets","Fiets","Flank","Rechte weg",30,"Niet brandend","Daglicht","Droog",\N,\N,"Koningskade","'s-Gravenhage","'s-Gravenhage","Zuid-Holland",false,52.085637,4.315775,"injury","2","clear",false,1,"GM0518"
"20230086994",2023,"Letsel",2,"Bromfiets","Fiets","Onbekend","Rechte weg",30,"Niet brandend","Daglicht","Droog",\N,"154310009","Sportlaan","'s-Gravenhage","'s-Gravenhage","Zuid-Holland",false,52.078904,4.256845,"injury","2","clear",false,1,"GM0518"
"20230095786",2023,"Uitsluitend materiele schade",2,"Personenauto","Fiets","Flank","Kruispunt, 3 takken",\N,"Niet brandend","Daglicht","Regen",\N,\N,"Kanaaldijk Zuid","Schalkwijk","Houten","Utrecht",false,52.002516,5.187562,"material damage only","4","rain",false,1,"GM0321"
"20230099399",2023,"Uitsluitend materiele schade",3,"Personenauto","Fiets","Onbekend","Kruispunt, 4 takken",80,"Brandend","Duisternis","Droog",\N,\N,"Marconilaan-Noord","Bergen op Zoom","Bergen op Zoom","Noord-Brabant",false,51.511548,4.302233,"material damage only","4","clear",false,1,"GM0748"
"20230105194",2023,"Letsel",1,"Fiets",\N,"Eenzijdig","Rechte weg",50,"Niet brandend","Schemer","Droog",\N,"516365007","Wieldraaierlaan","Oldenzaal","Oldenzaal","Overijssel",false,52.324692,6.904223,"injury","2","clear",false,1,"GM0173"
"20230105824",2023,"Uitsluitend materiele schade",1,"Fiets",\N,"Onbekend","Rechte weg",80,"Niet brandend","Daglicht","Regen",\N,"600492630","Oldemarktseweg","Steenwijkerwold","Steenwijkerland","Overijssel",false,52.810775,6.040425,"material damage only","4","rain",false,1,"GM1708"
"20230106182",2023,"Uitsluitend materiele schade",2,"Bestelauto","Fiets","Onbekend","Rechte weg",50,"Brandend","Duisternis","Regen",\N,"600881197","Bornsestraat","Hengelo","Hengelo (O)","Overijssel",false,52.276405,6.781554,"material damage only","4","rain",false,1,\N
"20230086443",2023,"Letsel",2,"Brommobiel","e-bike","Flank","Kruispunt, 3 takken",50,"Niet brandend","Daglicht","Droog",\N,\N,"Jan Evertsenstraat","Amsterdam","Amsterdam","Noord-Holland",false,52.371466,4.858918,"injury","2","clear",false,1,"GM0363"
"20230094666",2023,"Letsel",2,"Personenauto","Fiets","Frontaal","Kruispunt, 4 takken",80,"Brandend","Duisternis","Droog",\N,\N,"Hooibrinkweg","Harskamp","Ede","Gelderland",false,52.138865,5.747165,"injury","2","clear",false,1,"GM0228"
"20230101703",2023,"Uitsluitend materiele schade",2,"Bromfiets","Fiets","Flank","Kruispunt, 3 takken",30,"Niet brandend","Daglicht","Droog",\N,\N,"Korevaarstraat","Leiden","Leiden","Zuid-Holland",false,52.156297,4.493167,"material damage only","4","clear",false,1,"GM0546"
"20230084181",2023,"Uitsluitend materiele schade",2,"Personenauto","Fiets","Geparkeerd voertuig","Kruispunt, 3 takken",30,"Niet brandend","Daglicht","Regen",\N,\N,"Minkemalaan","Woerden","Woerden","Utrecht",false,52.083486,4.894038,"material damage only","4","rain",false,1,"GM0632"
"20230084753",2023,"Uitsluitend materiele schade",2,"Bestelauto","Fiets","Kop/staart","Rechte weg",30,"Niet brandend","Daglicht","Droog",\N,"377282002","Westerveldsestraat","Arnhem","Arnhem","Gelderland",false,51.958816,5.875582,"material damage only","4","clear",false,1,"GM0202"
"20230085893",2023,"Uitsluitend materiele schade",2,"Personenauto","Fiets","Frontaal","Kruispunt, 3 takken",30,"Niet brandend","Daglicht","Regen",\N,\N,"De Schout","Laren","Laren","Noord-Holland",false,52.259048,5.225109,"material damage only","4","rain",false,1,\N
"20230087652",2023,"Uitsluitend materiele schade",2,"Bromfiets","Fiets","Frontaal","Kruispunt, 4 takken",30,"Niet brandend","Daglicht","Regen",\N,\N,"Arie Biemondstraat","Amsterdam","Amsterdam","Noord-Holland",false,52.363185,4.867135,"material damage only","4","rain",false,1,"GM0363"
"20230091202",2023,"Uitsluitend materiele schade",2,"Snorfiets","Fiets","Kop/staart","Rechte weg",60,"Niet brandend","Daglicht","Droog",\N,"600428788","Dongensekanaaldijk","Tilburg","Tilburg","Noord-Brabant",false,51.582684,5.032239,"material damage only","4","clear",false,1,"GM0855"
"20230094102",2023,"Uitsluitend materiele schade",2,"Personenauto","Fiets","Flank","Kruispunt, 4 takken",30,"Brandend","Duisternis","Droog",\N,\N,"Het Bolkshuis","Almelo","Almelo","Overijssel",false,52.348956,6.68237,"material damage only","4","clear",false,1,"GM0141"
"20230102652",2023,"Letsel",2,"Vrachtauto","Fiets","Flank","Kruispunt, 3 takken",50,"Niet brandend","Daglicht","Droog",\N,\N,"Korte Voorhout","'s-Gravenhage","'s-Gravenhage","Zuid-Holland",false,52.082675,4.316118,"injury","2","clear",false,1,"GM0518"
"20230087092",2023,"Uitsluitend materiele schade",2,"Bromfiets","Fiets","Flank","Kruispunt, 3 takken",50,"Niet brandend","Daglicht","Droog",\N,\N,"Buikslotermeerdijk","Amsterdam","Amsterdam","Noord-Holland",false,52.407991,4.926823,"material damage only","4","clear",false,1,"GM0363"
"20230094735",2023,"Letsel",2,"Bromfiets","Fiets","Flank","Rechte weg",50,"Niet brandend","Daglicht","Regen","Tunnel","600689200","Verlengde Schrans","Leeuwarden","Leeuwarden","Friesland",false,53.186744,5.797122,"injury","2","rain",false,1,"GM0080"
"20230094745",2023,"Letsel",2,"Personenauto","e-bike","Flank","Kruispunt, 4 takken",50,"Niet brandend","Daglicht","Droog",\N,\N,"De Stroekeld","Rijssen","Rijssen-Holten","Overijssel",false,52.311652,6.497345,"injury","2","clear",false,1,"GM1742"
"20230097050",2023,"Letsel",2,"Fiets","Trekker met oplegger","Eenzijdig","Rechte weg",50,"Niet brandend","Daglicht","Regen",\N,\N,"Astronautenweg","Hoorn","Hoorn","Noord-Holland",false,52.642448,5.046216,"injury","2","rain",false,1,"GM0405"
"20230083079",2023,"Letsel",2,"Personenauto","Fiets","Flank","Kruispunt, 4 takken",30,"Niet brandend","Daglicht","Regen",\N,\N,"Cronjéstraat","Arnhem","Arnhem","Gelderland",false,51.986152,5.90671,"injury","2","rain",false,1,"GM0202"
"20230087129",2023,"Letsel",1,"Fiets",\N,"Eenzijdig","Rechte weg",\N,"Brandend","Schemer","Droog",\N,"186337036","Haarlemmerstraatweg","Oegstgeest","Oegstgeest","Zuid-Holland",false,52.202505,4.481929,"injury","2","clear",false,1,"GM0579"
"20230091290",2023,"Uitsluitend materiele schade",3,"Fiets","Personenauto","Onbekend","Kruispunt, 4 takken",50,"Niet brandend","Daglicht","Droog",\N,\N,"Willemstraat","Breda","Breda","Noord-Brabant",false,51.593129,4.779266,"material damage only","4","clear",false,1,"GM0758"
"20230098258",2023,"Letsel",1,"Fiets",\N,"Eenzijdig","Kruispunt, 4 takken",50,"Brandend","Duisternis","Regen",\N,\N,"Houtveldweg","Zaandam","Zaanstad","Noord-Holland",false,52.437508,4.812729,"injury","2","rain",false,1,"GM0479"
"20230102251",2023,"Uitsluitend materiele schade",2,"Fiets","Personenauto","Flank","Kruispunt, 4 takken",50,"Niet brandend","Daglicht","Droog",\N,\N,"Leeweg","De Lier","Westland","Zuid-Holland",false,51.97338,4.227552,"material damage only","4","clear",false,1,"GM1783"
"20230080756",2023,"Uitsluitend materiele schade",3,"Personenauto","Fiets","Onbekend","Rotonde",30,"Niet brandend","Daglicht","Droog",\N,\N,"Orpheuslaan","Eindhoven","Eindhoven","Noord-Brabant",false,51.457428,5.487673,"material damage only","4","clear",false,1,"GM0772"
"20230082529",2023,"Letsel",2,"Bus","Fiets","Flank","Kruispunt, 3 takken",50,"Niet brandend","Schemer","Regen",\N,\N,"Stationsweg","Wolvega","Weststellingwerf","Friesland",false,52.878807,6.005815,"injury","2","rain",false,1,"GM0098"
"20230090099",2023,"Letsel",1,"Fiets",\N,"Eenzijdig","Rechte weg",30,"Brandend","Duisternis","Regen",\N,"155311027","Mezenlaan","'s-Gravenhage","'s-Gravenhage","Zuid-Holland",false,52.082876,4.262672,"injury","2","rain",false,1,"GM0518"
"20230102760",2023,"Letsel",1,"Fiets",\N,"Eenzijdig",\N,30,\N,"Daglicht",\N,\N,"600123959","Leidsegracht","Amsterdam","Amsterdam","Noord-Holland",false,52.365883,4.881641,"injury","2","unknown",false,1,"GM0363"
"20230105989",2023,"Uitsluitend materiele schade",2,"Fiets","Personenauto","Flank","Rotonde",50,"Niet brandend","Daglicht","Regen",\N,\N,"Kloosteresweg","Albergen","Tubbergen","Overijssel",false,52.374017,6.765277,"material damage only","4","rain",false,1,"GM0183"
"20230081408",2023,"Letsel",2,"Fiets","Fiets","Frontaal","Rechte weg",50,"Niet brandend","Daglicht","Droog",\N,"600195314","Maasvlakteweg","Maasvlakte Rotterdam","Rotterdam","Zuid-Holland",false,51.935889,3.986828,"injury","2","clear",false,1,"GM0599"
"20230090137",2023,"Letsel",1,"Fiets",\N,"Eenzijdig","Kruispunt, 4 takken",30,"Brandend","Duisternis","Regen",\N,\N,"Oude Delft","Delft","Delft","Zuid-Holland",false,52.010076,4.357052,"injury","2","rain",false,1,"GM0503"
"20230092520",2023,"Letsel",2,"Personenauto","Fiets","Flank","Rotonde",50,"Niet brandend","Daglicht","Droog","Bus-/Tramhalte",\N,"Rijksweg","Velden","Venlo","Limburg",false,51.408184,6.166486,"injury","2","clear",false,1,"GM0983"
"20230101882",2023,"Letsel",2,"Fiets",\N,"Eenzijdig","Rechte weg",50,"Niet brandend","Daglicht","Droog",\N,"142299046","Heijdsepad","Monster","Westland","Zuid-Holland",false,52.027709,4.166711,"injury","2","clear",false,1,"GM1783"
"20230102793",2023,"Letsel",1,"Fiets",\N,"Eenzijdig","Bocht",80,"Niet brandend","Daglicht","Droog",\N,"176334022","Westerbaan","Katwijk","Katwijk","Zuid-Holland",false,52.189839,4.411787,"injury","2","clear",false,1,"GM0537"
"20230085524",2023,"Letsel",2,"Personenauto","Fiets","Flank","Kruispunt, 3 takken",30,"Niet brandend","Daglicht","Droog",\N,\N,"Zwavertsweg","Hengelo","Hengelo (O)","Overijssel",false,52.267251,6.828024,"injury","2","clear",false,1,\N
"20230089578",2023,"Letsel",2,"Bromfiets","e-bike","Flank","Kruispunt, 4 takken",30,"Brandend","Duisternis","Droog",\N,\N,"Sir Winston Churchillln","Rijswijk","Rijswijk","Zuid-Holland",false,52.035238,4.318984,"injury","2","clear",false,1,\N
"20230092583",2023,"Letsel",2,"Personenauto","Fiets","Flank","Rechte weg",50,"Niet brandend","Daglicht","Droog",\N,"601022446","Korte Boschstraat","Breda","Breda","Noord-Brabant",false,51.591775,4.784191,"injury","2","clear",false,1,"GM0758"
"20230102355",2023,"Uitsluitend materiele schade",2,"Personenauto","Fiets","Flank","Rotonde",50,"Niet brandend","Daglicht","Droog",\N,\N,"Drakensteynplaats","Leiden","Leiden","Zuid-Holland",false,52.16757,4.506308,"material damage only","4","clear",false,1,"GM0546"
"20230107259",2023,"Letsel",2,"Snorfiets","Fiets","Kop/staart","Rechte weg",30,"Brandend","Duisternis","Droog",\N,"600492005","FIETSPAD","Rotterdam","Rotterdam","Zuid-Holland",false,51.906814,4.541341,"injury","2","clear",false,1,"GM0599"
"20230086124",2023,"Letsel",2,"Personenauto","Fiets","Flank","Kruispunt, 4 takken",30,"Niet brandend","Daglicht","Droog",\N,\N,"De Stroekeld","Rijssen","Rijssen-Holten","Overijssel",false,52.311652,6.497345,"injury","2","clear",false,1,"GM1742"
"20230086675",2023,"Letsel",2,"Fiets","Fiets","Flank","Kruispunt, 3 takken",15,"Brandend","Duisternis","Droog",\N,"147289083","Galgeweg","Naaldwijk","Westland","Zuid-Holland",false,51.983823,4.205126,"injury","2","clear",false,1,"GM1783"
"20230089617",2023,"Letsel",2,"Fiets","Bestelauto","Flank","Kruispunt, 4 takken",50,"Niet brandend","Daglicht","Droog",\N,\N,"Edisonweg","Spijkenisse","Nissewaard","Zuid-Holland",false,51.852724,4.303794,"injury","2","clear",false,1,"GM1930"
"20230106862",2023,"Uitsluitend materiele schade",2,"Bestelauto","e-bike","Flank","Rechte weg",50,"Niet brandend","Daglicht","Droog",\N,"600543160","Sint Wirosingel","Roermond","Roermond","Limburg",false,51.175934,6.01057,"material damage only","4","clear",false,1,"GM0957"
"20230107283",2023,"Letsel",2,\N,"Fiets","Eenzijdig","Rechte weg",\N,"Niet aanwezig","Daglicht","Droog",\N,"382141003","Vreedepeelweg","Beringe","Peel en Maas","Limburg",false,51.326393,5.917765,"injury","2","clear",false,1,"GM1894"
"20230080910",2023,"Letsel",2,"Fiets","Overig vast object","Vast voorwerp","Rechte weg",50,"Brandend","Duisternis","Droog",\N,"600786583","Industrieweg","Hapert","Bladel","Noord-Brabant",false,51.37223,5.26352,"injury","2","clear",false,1,"GM1728"
"20230086731",2023,"Letsel",2,"Bromfiets","Fiets","Flank","Rechte weg",50,"Brandend","Duisternis","Droog",\N,"188350012","Koninginneweg","Noordwijkerhout","Noordwijk","Zuid-Holland",false,52.262343,4.497747,"injury","2","clear",false,1,"GM0575"
"20230090256",2023,"Letsel",2,"Fiets","Personenauto","Geparkeerd voertuig","Rechte weg",30,"Brandend","Duisternis","Regen",\N,"600733241","van Pallandtlaan","Sassenheim","Teylingen","Zuid-Holland",false,52.22975,4.529621,"injury","2","rain",false,1,"GM1525"
"20230088551",2023,"Uitsluitend materiele schade",2,"Personenauto","Fiets","Kop/staart","Rechte weg",30,"Niet brandend","Daglicht","Droog",\N,"264184034","Weth de Brouwerstraat","Goirle","Goirle","Noord-Brabant",false,51.518317,5.058792,"material damage only","4","clear",false,1,"GM0785"
"20230092102",2023,"Uitsluitend materiele schade",2,"Personenauto","Fiets","Flank","Kruispunt, 4 takken",50,"Niet brandend","Daglicht","Regen",\N,\N,"Julianastraat","Veghel","Meierijstad","Noord-Brabant",false,51.617967,5.537217,"material damage only","4","rain",false,1,"GM1948"
"20230092104",2023,"Uitsluitend materiele schade",2,"Personenauto","Fiets","Flank","Rechte weg",30,"Niet brandend","Daglicht","Droog",\N,"600374567","Willemstraat","Heerlen","Heerlen","Limburg",false,50.89198,5.978275,"material damage only","4","clear",false,1,"GM0917"
"20230093259",2023,"Uitsluitend materiele schade",2,"Personenauto","Fiets","Flank","Kruispunt, 4 takken",50,"Niet brandend","Schemer","Droog",\N,\N,"Laan van de Marel","Emmen","Emmen","Drenthe",false,52.790675,6.935188,"material damage only","4","clear",false,1,"GM0114"
"20230096714",2023,"Uitsluitend materiele schade",3,"Personenauto","Fiets","Onbekend","Kruispunt, 3 takken",50,"Brandend","Duisternis","Droog",\N,\N,"Bijsterhuizen","Nijmegen","Nijmegen","Gelderland",false,51.828192,5.763596,"material damage only","4","clear",false,1,"GM0268"
"20230096720",2023,"Uitsluitend materiele schade",2,"Snorfiets","Fiets","Frontaal","Rechte weg",30,\N,"Duisternis","Droog",\N,"390337027","Mezenweg","Apeldoorn","Apeldoorn","Gelderland",false,52.205683,5.978065,"material damage only","4","clear",false,1,"GM0200"
"20230098494",2023,"Uitsluitend materiele schade",2,"Personenauto","Fiets","Flank","Kruispunt, 3 takken",50,"Brandend","Duisternis","Droog",\N,\N,"Lienderweg","Asten","Asten","Noord-Brabant",false,51.40513,5.755281,"material damage only","4","clear",false,1,"GM0743"
"20230081594",2023,"Uitsluitend materiele schade",2,"Fiets","Fiets","Kop/staart","Rechte weg",50,"Niet brandend","Daglicht","Droog",\N,"600807109","Europalaan","Nuenen","Nuenen, Gerwen en Nederwetten","Noord-Brabant",false,51.469955,5.54483,"material damage only","4","clear",false,1,"GM0820"
"20230083899",2023,"Letsel",2,"Personenauto","Fiets","Kop/staart","Kruispunt, 4 takken",50,"Niet brandend","Daglicht","Droog",\N,\N,"Kraneweg","Groningen","Groningen","Groningen",false,53.217132,6.550322,"injury","2","clear",false,1,"GM0014"
"20230083384",2023,"Uitsluitend materiele schade",2,"Personenauto","Fiets","Flank","Kruispunt, 4 takken",50,"Niet brandend","Daglicht","Regen",\N,\N,"Schaepmanlaan","Culemborg","Culemborg","Gelderland",false,51.948121,5.238696,"material damage only","4","rain",false,1,"GM0216"
"20230091001",2023,"Uitsluitend materiele schade",2,"Personenauto","e-bike","Onbekend","Kruispunt, 3 takken",50,"Niet brandend","Daglicht","Droog",\N,\N,"Romerstraat","Venlo","Venlo","Limburg",false,51.368361,6.165741,"material damage only","4","clear",false,1,"GM0983"
"20230079887",2023,"Letsel",2,"Personenauto","Fiets","Flank","Kruispunt, 4 takken",30,"Niet brandend","Daglicht","Droog",\N,\N,"Kastanjelaan","Maasdam","Hoeksche Waard","Zuid-Holland",false,51.780632,4.550637,"injury","2","clear",false,1,"GM1963"
"20230086885",2023,"Letsel",2,"e-bike","Personenauto","Flank","Kruispunt, 3 takken",50,"Niet brandend","Daglicht","Droog",\N,\N,"Sir Winston Churchillln","Rijswijk","Rijswijk","Zuid-Holland",false,52.04922,4.337933,"injury","2","clear",false,1,\N
"20230099177",2023,"Letsel",2,"Fiets","Fiets","Kop/staart","Rechte weg",60,"Niet brandend","Daglicht","Droog",\N,"77184003","Muidenweg","Arnemuiden","Middelburg","Zeeland",false,51.508954,3.719032,"injury","2","clear",false,1,\N
"20230086904",2023,"Uitsluitend materiele schade",2,"Fiets","Fiets","Flank","Rechte weg",30,"Niet brandend","Daglicht","Droog",\N,\N,"Henri Dunantsingel","Castricum","Castricum","Noord-Holland",false,52.552705,4.67687,"material damage only","4","clear",false,1,"GM0383"
"20230087500",2023,"Uitsluitend materiele schade",2,"Personenauto","Fiets","Onbekend","Rotonde",50,"Niet brandend","Daglicht","Droog",\N,\N,"Groesbeekdreef","Amsterdam","Amsterdam","Noord-Holland",false,52.32068,4.96877,"material damage only","4","clear",false,1,"GM0363"
"20220001582",2022,"Letsel",2,"Personenauto","Fiets","Flank","Rechte weg",50,\N,"Daglicht","Droog",\N,\N,"Diamantlaan","Groningen","Groningen","Groningen",false,53.216347,6.530334,"injury","2","clear",false,1,"GM0014"
"20220003509",2022,"Uitsluitend materiele schade",2,"Fiets","Snorfiets","Frontaal","Rechte weg",50,"Brandend","Schemer","Droog",\N,"600861764","C Missetstraat","Doetinchem","Doetinchem","Gelderland",false,51.962249,6.28884,"material damage only","4","clear",false,1,"GM0222"
"20220007570",2022,"Uitsluitend materiele schade",2,"Fiets","Fiets","Onbekend","Rechte weg",\N,"Niet brandend","Daglicht","Droog",\N,"406405026","Oude Vismarkt","Zwolle","Zwolle","Overijssel",false,52.511758,6.0946,"material damage only","4","clear",false,1,"GM0193"
"20220007761",2022,"Uitsluitend materiele schade",2,"Personenauto","Fiets","Onbekend",\N,50,\N,"Duisternis",\N,\N,"600152990","Oldenzaalsestraat","Hengelo","Hengelo (O)","Overijssel",false,52.275602,6.824423,"material damage only","4","unknown",false,1,\N
"20220008049",2022,"Uitsluitend materiele schade",2,"Personenauto","Fiets","Kop/staart","Rechte weg",15,"Niet brandend","Daglicht",\N,\N,\N,"Molenstraat","Haaksbergen","Haaksbergen","Overijssel",false,52.150795,6.740814,"material damage only","4","unknown",false,1,"GM0158"
"20220005793",2022,"Uitsluitend materiele schade",2,"e-bike","Fiets","Kop/staart","Rotonde",\N,"Niet brandend","Daglicht",\N,\N,\N,"Vuurdoornlaan","Nijkerk","Nijkerk","Gelderland",false,52.217645,5.493655,"material damage only","4","unknown",false,1,"GM0267"
"20220007886",2022,"Uitsluitend materiele schade",2,"Personenauto","Fiets","Flank","Rotonde",50,"Brandend","Duisternis","Droog",\N,\N,"Philosofenallee","Zwolle","Zwolle","Overijssel",false,52.514534,6.108982,"material damage only","4","clear",false,1,"GM0193"
"20220116055",2022,"Uitsluitend materiele schade",2,"Personenauto","Fiets","Onbekend","Kruispunt, 4 takken",50,"Niet brandend","Daglicht","Droog",\N,\N,"TRAVERSE HET HOEFIJZER","Arnhem","Arnhem","Gelderland",false,51.966069,5.891474,"material damage only","4","clear",false,1,"GM0202"
"20220115462",2022,"Uitsluitend materiele schade",2,"Personenauto","Fiets","Flank","Kruispunt, 3 takken",50,"Niet brandend","Daglicht","Droog",\N,\N,"Hoofdstraat","Stadskanaal","Stadskanaal","Groningen",false,52.990576,6.94724,"material damage only","4","clear",false,1,"GM0037"
"20220103287",2022,"Uitsluitend materiele schade",2,"Personenauto","Fiets","Flank","Kruispunt, 3 takken",30,"Niet brandend","Daglicht",\N,\N,\N,"Waterlandplein","Amsterdam","Amsterdam","Noord-Holland",false,52.391651,4.955361,"material damage only","4","unknown",false,1,"GM0363"
"20220122882",2022,"Letsel",2,"Bestelauto","Fiets","Flank","Rotonde",50,"Niet brandend","Daglicht","Regen",\N,\N,"Nijverheidsstraat","Heerhugowaard","Dijk en Waard","Noord-Holland",false,52.671303,4.823726,"injury","2","rain",false,1,"GM1980"
"20230092274",2023,"Dodelijk",1,"Fiets",\N,"Eenzijdig","Rechte weg",50,"Niet brandend","Daglicht","Droog",\N,"600706784","Torenweg","Middelburg","Middelburg","Zeeland",false,51.489523,3.633009,"fatal","1","clear",false,1,\N
"20220080548",2022,"Uitsluitend materiele schade",2,"e-bike","Fiets","Frontaal","Kruispunt, 4 takken",30,"Niet brandend","Daglicht",\N,\N,\N,"Vijzelstraat","Amsterdam","Amsterdam","Noord-Holland",false,52.363705,4.892275,"material damage only","4","unknown",false,1,"GM0363"
"20220081380",2022,"Letsel",2,"Bromfiets","Fiets","Frontaal","Kruispunt, 4 takken",30,"Brandend","Duisternis","Droog",\N,\N,"Houtmankade","Amsterdam","Amsterdam","Noord-Holland",false,52.387173,4.883382,"injury","2","clear",false,1,"GM0363"
"20220082598",2022,"Letsel",2,"Personenauto","Fiets","Onbekend","Kruispunt, 4 takken",50,"Niet brandend","Daglicht","Droog",\N,\N,"Sportlaan","'s-Gravenhage","'s-Gravenhage","Zuid-Holland",false,52.080318,4.260251,"injury","2","clear",false,1,"GM0518"
"20220090388",2022,"Uitsluitend materiele schade",2,"Fiets","Fiets","Flank","Rechte weg",30,"Niet brandend","Daglicht","Droog",\N,"401120041","Swalmdal","Swalmen","Roermond","Limburg",false,51.230833,6.041016,"material damage only","4","clear",false,1,"GM0957"
"20220016393",2022,"Uitsluitend materiele schade",2,"Personenauto","Fiets","Flank","Rotonde",50,"Niet brandend","Daglicht","Droog",\N,\N,"Van Heuven Goedhartlaan","Amstelveen","Amstelveen","Noord-Holland",false,52.30392,4.869669,"material damage only","4","clear",false,1,"GM0362"
"20220053639",2022,"Letsel",2,"Fiets","Personenauto","Flank","Rechte weg",50,"Niet brandend","Daglicht","Droog",\N,"600918138","Gangeslaan","Purmerend","Purmerend","Noord-Holland",false,52.49328,4.945146,"injury","2","clear",false,1,"GM0439"
"20220068209",2022,"Uitsluitend materiele schade",2,"e-bike","Personenauto","Flank","Kruispunt, 4 takken",50,"Niet brandend","Duisternis","Droog",\N,\N,"De Witstraat","Veldhoven","Veldhoven","Noord-Brabant",false,51.412517,5.40874,"material damage only","4","clear",false,1,"GM0861"
"20220078194",2022,"Uitsluitend materiele schade",3,"Personenauto","Fiets","Onbekend","Rechte weg",30,\N,"Daglicht",\N,\N,"279339051","Gijsbrecht van Amstelstr","Hilversum","Hilversum","Noord-Holland",false,52.215248,5.164391,"material damage only","4","unknown",false,1,"GM0402"
"20220089917",2022,"Uitsluitend materiele schade",2,"Personenauto","Fiets","Flank","Rechte weg",30,"Niet brandend","Daglicht","Droog",\N,"341217032","Paukenstraat","Uden","Maashorst","Noord-Brabant",false,51.667984,5.615701,"material damage only","4","clear",false,1,"GM1991"
"20220103348",2022,"Uitsluitend materiele schade",2,"Fiets","Fiets","Onbekend","Kruispunt, 3 takken",50,"Niet brandend","Daglicht","Droog",\N,\N,"Groenhof","Amstelveen","Amstelveen","Noord-Holland",false,52.288583,4.868759,"material damage only","4","clear",false,1,"GM0362"
"20220031602",2022,"Uitsluitend materiele schade",2,"Fiets","Personenauto","Flank","Rotonde",50,"Niet brandend","Daglicht","Droog",\N,\N,"Sibemaweg","Maastricht","Maastricht","Limburg",false,50.845421,5.718851,"material damage only","4","clear",false,1,"GM0935"
"20220056474",2022,"Letsel",1,"Fiets",\N,"Eenzijdig",\N,30,\N,"Daglicht",\N,\N,"174325013","Rozeveldlaan","Wassenaar","Wassenaar","Zuid-Holland",false,52.150837,4.400181,"injury","2","unknown",false,1,"GM0629"
"20220060506",2022,"Uitsluitend materiele schade",1,"Fiets",\N,"Onbekend","Rotonde",\N,"Niet brandend","Daglicht",\N,\N,\N,"Hekelingseweg","Spijkenisse","Nissewaard","Zuid-Holland",false,51.841635,4.330798,"material damage only","4","unknown",false,1,"GM1930"
"20220079829",2022,"Uitsluitend materiele schade",2,"Personenauto","Fiets","Flank","Rotonde",50,"Niet brandend","Daglicht","Droog",\N,\N,"Randweg","Medemblik","Medemblik","Noord-Holland",false,52.764929,5.098672,"material damage only","4","clear",false,1,"GM0420"
"20220080801",2022,"Uitsluitend materiele schade",2,"Bestelauto","e-bike","Flank","Kruispunt, 4 takken",\N,"Niet brandend","Daglicht","Droog",\N,\N,"Brantasgracht","Amsterdam","Amsterdam","Noord-Holland",false,52.379309,4.925394,"material damage only","4","clear",false,1,"GM0363"
"20220089984",2022,"Uitsluitend materiele schade",2,"Personenauto","Fiets","Flank","Rotonde",50,"Niet brandend","Daglicht","Regen",\N,\N,"Industrielaan","Oss","Oss","Noord-Brabant",false,51.757676,5.53716,"material damage only","4","rain",false,1,"GM0828"
"20220109234",2022,"Uitsluitend materiele schade",2,"Personenauto","Fiets","Frontaal","Kruispunt, 3 takken",50,"Niet brandend","Daglicht","Droog",\N,\N,"Bavelselaan","Breda","Breda","Noord-Brabant",false,51.565407,4.807993,"material damage only","4","clear",false,1,"GM0758"
"20220046541",2022,"Letsel",2,"Personenauto","e-bike","Onbekend","Kruispunt, 4 takken",80,"Niet brandend","Daglicht",\N,\N,\N,"Enggraaf","Haaften","West Betuwe","Gelderland",false,51.828813,5.211822,"injury","2","unknown",false,1,"GM1960"