"accident_id","year","severity_raw","party_count","party1_type","party2_type","accident_type","road_situation","speed_limit_kmh","road_lighting","light_condition_label","weather_raw","infra_type","road_segment_id","street_name","place_name","gemeente_name_raw","province","alcohol_indicated","latitude","longitude","severity_label","severity_code","weather_label","built_up_area","cyclists_involved","gemeente_code"
"20220050753",2022,"Uitsluitend materiele schade",2,"Bestelauto","Fiets","Onbekend","Rotonde",50,"Niet brandend","Daglicht","Droog",\N,\N,"de Geerenweg","Baarn","Baarn","Utrecht",false,52.214509,5.301462,"material damage only","4","clear",false,1,"GM0308"
"20220052404",2022,"Letsel",2,"Fiets","e-bike","Onbekend","Kruispunt, 3 takken",50,"Brandend","Duisternis","Droog",\N,\N,"Schorweg","Breezand","Hollands Kroon","Noord-Holland",false,52.89392,4.788068,"injury","2","clear",false,1,"GM1911"
"20220052421",2022,"Letsel",2,"Bestelauto","e-bike","Flank","Kruispunt, 4 takken",30,"Niet brandend","Daglicht",\N,\N,\N,"Industrieweg","Andijk","Medemblik","Noord-Holland",false,52.741181,5.223718,"injury","2","unknown",false,1,"GM0420"
"20220077921",2022,"Letsel",1,"Fiets",\N,"Eenzijdig","Rechte weg",50,"Brandend","Duisternis","Droog",\N,"600922695","Toetsenbordpad","Amersfoort","Amersfoort","Utrecht",false,52.171577,5.40378,"injury","2","clear",false,1,"GM0307"
"20220079186",2022,"Letsel",2,"Personenauto","Fiets","Geparkeerd voertuig","Rechte weg",50,"Niet brandend","Daglicht","Droog",\N,"206379059","Verspronckweg","Haarlem","Haarlem","Noord-Holland",false,52.394131,4.625775,"injury","2","clear",false,1,"GM0392"
"20220082779",2022,"Letsel",1,"Fiets",\N,"Eenzijdig","Rechte weg",\N,"Brandend","Schemer","Droog",\N,"600499930","Hoge Rijndijk","Leiden","Leiden","Zuid-Holland",false,52.152147,4.520663,"injury","2","clear",false,1,"GM0546"
"20220025271",2022,"Uitsluitend materiele schade",3,"Personenauto","Fiets","Onbekend","Kruispunt, 3 takken",50,"Brandend","Daglicht",\N,\N,\N,"Zevenheuvelenweg","Tilburg","Tilburg","Noord-Brabant",false,51.585145,5.05565,"material damage only","4","unknown",false,1,"GM0855"
"20220046610",2022,"Uitsluitend materiele schade",2,"Personenauto","e-bike","Flank","Kruispunt, 3 takken",30,"Niet brandend","Daglicht","Droog",\N,\N,"Simondsstraat","Genemuiden","Zwartewaterland","Overijssel",false,52.623329,6.046273,"material damage only","4","clear",false,1,"GM1896"
"20220052428",2022,"Letsel",1,"Fiets",\N,"Eenzijdig","Rechte weg",30,"Niet brandend","Daglicht",\N,\N,\N,"Meester Cornelisstraat","Haarlem","Haarlem","Noord-Holland",false,52.394091,4.629781,"injury","2","unknown",false,1,"GM0392"
"20220086268",2022,"Uitsluitend materiele schade",2,"Personenauto","Fiets","Onbekend","Kruispunt, 4 takken",30,"Niet brandend","Daglicht","Droog",\N,\N,"Oranjeboomstraat","Rotterdam","Rotterdam","Zuid-Holland",false,51.908257,4.507245,"material damage only","4","clear",false,1,"GM0599"
"20220111582",2022,"Letsel",1,"Fiets",\N,"Eenzijdig","Kruispunt, 3 takken",\N,"Niet brandend","Daglicht","Droog",\N,\N,"van Ommerenstraat","Helmond","Helmond","Noord-Brabant",false,51.491458,5.618758,"injury","2","clear",false,1,"GM0794"
"20220112008",2022,"Uitsluitend materiele schade",1,"Fiets",\N,"Voetganger","Rechte weg",\N,"Niet brandend","Daglicht","Droog",\N,"600802536","Nieuwstraat","Eindhoven","Eindhoven","Noord-Brabant",false,51.440581,5.479686,"material damage only","4","clear",false,1,"GM0772"
"20220020163",2022,"Letsel",2,"Fiets","Fiets","Onbekend","Bocht",\N,"Niet brandend","Daglicht","Droog",\N,"188301067","Zilverstraat","Zoetermeer","Zoetermeer","Zuid-Holland",false,52.04415,4.502968,"injury","2","clear",false,1,"GM0637"
"20220043236",2022,"Uitsluitend materiele schade",2,"Personenauto","Fiets","Flank","Rotonde",50,"Niet brandend","Daglicht","Droog",\N,\N,"P.C. Hooftlaan","Hengelo","Hengelo (O)","Overijssel",false,52.261729,6.822999,"material damage only","4","clear",false,1,\N
"20220058381",2022,"Letsel",2,"Bestelauto","Fiets","Flank","Kruispunt, 4 takken",50,"Niet brandend","Daglicht","Droog",\N,\N,"Lammenschansweg","Leiden","Leiden","Zuid-Holland",false,52.149598,4.493553,"injury","2","clear",false,1,"GM0546"
"20220068613",2022,"Uitsluitend materiele schade",2,"Personenauto","Fiets","Flank","Kruispunt, 4 takken",50,"Niet brandend","Daglicht","Droog",\N,\N,"Hertog Reinoudsingel","Venlo","Venlo","Limburg",false,51.368653,6.180398,"material damage only","4","clear",false,1,"GM0983"
"20220086358",2022,"Uitsluitend materiele schade",2,"Snorfiets","Fiets","Onbekend","Kruispunt, 3 takken",\N,"Niet brandend","Daglicht","Droog",\N,\N,"Rondweg","Dordrecht","Dordrecht","Zuid-Holland",false,51.789677,4.672368,"material damage only","4","clear",false,1,"GM0505"
"20220114377",2022,"Letsel",2,"e-bike","Fiets","Onbekend","Rechte weg",\N,"Niet brandend","Daglicht","Droog",\N,"600704690","FIETSPAD","Groningen","Groningen","Groningen",false,53.196363,6.540738,"injury","2","clear",false,1,"GM0014"
"20220020315",2022,"Uitsluitend materiele schade",2,"Bestelauto","Fiets","Flank","Rechte weg",50,"Niet brandend","Daglicht","Droog",\N,"600521426","Vaillantlaan","'s-Gravenhage","'s-Gravenhage","Zuid-Holland",false,52.070143,4.300669,"material damage only","4","clear",false,1,"GM0518"
"20220052691",2022,"Uitsluitend materiele schade",2,"Personenauto","Fiets","Flank","Kruispunt, 4 takken",50,"Brandend","Schemer","Droog",\N,\N,"Noorderveenweg","Assendelft","Zaanstad","Noord-Holland",false,52.485197,4.74521,"material damage only","4","clear",false,1,"GM0479"
"20220059613",2022,"Letsel",2,"Personenauto","Fiets","Onbekend","Kruispunt, 4 takken",50,"Niet brandend","Daglicht","Droog",\N,\N,"Steenvoordelaan","Rijswijk","Rijswijk","Zuid-Holland",false,52.039368,4.314694,"injury","2","clear",false,1,\N
"20220067291",2022,"Letsel",2,"Fiets","Fiets","Frontaal","Rechte weg",80,"Niet brandend","Daglicht","Droog",\N,"359191004","Dr. de Quayweg","De Mortel","Gemert-Bakel","Noord-Brabant",false,51.550248,5.746402,"injury","2","clear",false,1,"GM1652"
"20220071999",2022,"Uitsluitend materiele schade",2,"Bestelauto","Fiets","Flank","Kruispunt, 3 takken",50,"Niet aanwezig","Daglicht","Droog",\N,\N,"Tramlaan","Drachten","Smallingerland","Friesland",false,53.116492,6.096627,"material damage only","4","clear",false,1,"GM0090"
"20220104910",2022,"Letsel",3,"Personenauto","Fiets","Flank","Kruispunt, 3 takken",50,"Niet brandend","Daglicht","Droog",\N,\N,"De Heemstraat","'s-Gravenhage","'s-Gravenhage","Zuid-Holland",false,52.066217,4.298352,"injury","2","clear",false,1,"GM0518"
"20220105006",2022,"Letsel",2,"e-bike","Fiets","Flank","Rechte weg",60,"Niet brandend","Daglicht","Droog",\N,"169328001","De Wassenaarse Slag","Wassenaar","Wassenaar","Zuid-Holland",false,52.160452,4.373067,"injury","2","clear",false,1,"GM0629"
"20220105142",2022,"Letsel",2,"Personenauto","Fiets","Flank","Kruispunt, 4 takken",50,"Niet brandend","Daglicht","Droog",\N,\N,"Koningin Julianalaan","Voorburg","Leidschendam-Voorburg","Zuid-Holland",false,52.077019,4.354611,"injury","2","clear",false,1,"GM1916"
"20220105271",2022,"Letsel",1,"Fiets",\N,"Eenzijdig","Rechte weg",50,"Niet brandend","Daglicht","Droog",\N,"600717941","Waalsdorperweg","'s-Gravenhage","'s-Gravenhage","Zuid-Holland",false,52.104441,4.318525,"injury","2","clear",false,1,"GM0518"
"20220105419",2022,"Letsel",2,"Personenauto","Fiets","Flank","Kruispunt, 4 takken",30,"Niet brandend","Daglicht","Droog",\N,\N,"Joan Maetsuyckerstraat","'s-Gravenhage","'s-Gravenhage","Zuid-Holland",false,52.08615,4.340574,"injury","2","clear",false,1,"GM0518"
"20220105892",2022,"Letsel",3,"Personenauto","Fiets","Onbekend","Rechte weg",50,"Niet brandend","Daglicht","Droog",\N,"211308013","Zuidwijk","Boskoop","Alphen aan den Rijn","Zuid-Holland",false,52.069128,4.668681,"injury","2","clear",false,1,"GM0484"
"20220025804",2022,"Uitsluitend materiele schade",2,"Personenauto","Fiets","Flank","Kruispunt, 4 takken",30,"Niet brandend","Daglicht","Droog",\N,\N,"Spoorstraat","Oost-Souburg","Vlissingen","Zeeland",false,51.464604,3.595521,"material damage only","4","clear",false,1,"GM0718"
"20220037925",2022,"Letsel",2,"Fiets","Personenauto","Flank","Kruispunt, 3 takken",50,"Niet brandend","Daglicht","Droog",\N,\N,"Statenlaan","Rotterdam","Rotterdam","Zuid-Holland",false,51.945391,4.478108,"injury","2","clear",false,1,"GM0599"
"20220041774",2022,"Uitsluitend materiele schade",2,"Personenauto","Fiets","Flank","Kruispunt, 3 takken",50,"Niet brandend","Daglicht","Droog",\N,\N,"Paterswoldseweg","Groningen","Groningen","Groningen",false,53.207762,6.557762,"material damage only","4","clear",false,1,"GM0014"
"20220083229",2022,"Letsel",1,"Fiets",\N,"Eenzijdig","Rechte weg",80,"Niet brandend","Daglicht","Droog",\N,"600101200","Burgemeester Elsenweg","Naaldwijk","Westland","Zuid-Holland",false,52.006481,4.211894,"injury","2","clear",false,1,"GM1783"
"20220086465",2022,"Letsel",1,"e-bike",\N,"Eenzijdig","Rechte weg",50,"Niet brandend","Daglicht","Droog",\N,\N,"Industrieweg","Krimpen aan den IJssel","Krimpen aan den IJssel","Zuid-Holland",false,51.909703,4.58441,"injury","2","clear",false,1,"GM0542"
"20220094875",2022,"Uitsluitend materiele schade",2,"Snorfiets","e-bike","Kop/staart","Rechte weg",30,"Niet brandend","Daglicht","Droog",\N,"473345025","van Kollaan","Goor","Hof van Twente","Overijssel",false,52.236808,6.581418,"material damage only","4","clear",false,1,"GM1735"
"20220029658",2022,"Uitsluitend materiele schade",1,"Fiets",\N,"Onbekend",\N,\N,\N,"Duisternis",\N,\N,"600843790","Stationstraat","Heerlen","Heerlen","Limburg",false,50.889966,5.977227,"material damage only","4","unknown",false,1,"GM0917"
"20220049794",2022,"Letsel",2,"Fiets",\N,"Eenzijdig","Rechte weg",50,"Niet brandend","Daglicht","Droog",\N,"241289003","Noordzijdseweg","Polsbroek","Lopik","Utrecht",false,51.991754,4.892402,"injury","2","clear",false,1,"GM0331"
"20220055574",2022,"Letsel",2,"Motor","Fiets","Flank","Kruispunt, 4 takken",50,"Niet brandend","Daglicht","Droog",\N,\N,"Valkenburgerstraat","Amsterdam","Amsterdam","Noord-Holland",false,52.368507,4.904094,"injury","2","clear",false,1,"GM0363"
"20220081278",2022,"Letsel",2,"Fiets","Overig vast object","Vast voorwerp","Kruispunt, 4 takken",50,"Brandend","Duisternis","Droog",\N,\N,"Nassaukade","Amsterdam","Amsterdam","Noord-Holland",false,52.371826,4.874047,"injury","2","clear",false,1,"GM0363"
"20220107012",2022,"Uitsluitend materiele schade",2,"Bromfiets","Fiets","Flank","Rechte weg",50,"Niet brandend","Daglicht","Droog",\N,"184277036","Bergweg","Rotterdam","Rotterdam","Zuid-Holland",false,51.934136,4.474208,"material damage only","4","clear",false,1,"GM0599"
"20220096677",2022,"Uitsluitend materiele schade",2,"Personenauto","e-bike","Flank","Kruispunt, 3 takken",50,"Niet brandend","Daglicht","Droog",\N,\N,"Burg.Backxlaan","Nieuwleusen","Dalfsen","Overijssel",false,52.573718,6.29214,"material damage only","4","clear",false,1,"GM0148"
"20220018240",2022,"Uitsluitend materiele schade",2,"Personenauto","Fiets","Frontaal","Rechte weg",30,"Brandend","Schemer","Droog",\N,"600158400","Witte de Withstraat","'s-Gravenhage","'s-Gravenhage","Zuid-Holland",false,52.080685,4.295962,"material damage only","4","clear",false,1,"GM0518"
"20220023382",2022,"Uitsluitend materiele schade",2,"Personenauto","Fiets","Flank","Rotonde",50,"Brandend","Duisternis","Droog",\N,\N,"Beukelsdijk","Rotterdam","Rotterdam","Zuid-Holland",false,51.921382,4.455084,"material damage only","4","clear",false,1,"GM0599"
"20220058742",2022,"Uitsluitend materiele schade",2,"Personenauto","Fiets","Onbekend","Bocht",50,"Niet aanwezig","Daglicht",\N,\N,"218331001","Westkanaalweg","Ter Aar","Nieuwkoop","Zuid-Holland",false,52.180134,4.721853,"material damage only","4","unknown",false,1,"GM0569"
"20220084170",2022,"Letsel",2,"Personenauto","Fiets","Flank","Kruispunt, 3 takken",\N,"Niet brandend","Daglicht","Droog",\N,\N,"Zoeterwoudseweg","Leiden","Leiden","Zuid-Holland",false,52.148045,4.485606,"injury","2","clear",false,1,"GM0546"
"20220085608",2022,"Uitsluitend materiele schade",3,"Personenauto","Fiets","Flank","Kruispunt, 3 takken",50,"Niet aanwezig","Daglicht","Droog",\N,\N,"Lisbloemstraat","Papendrecht","Papendrecht","Zuid-Holland",false,51.829027,4.693786,"material damage only","4","clear",false,1,"GM0590"
"20220100235",2022,"Letsel",2,"e-bike","Fiets","Onbekend","Rechte weg",30,"Niet brandend","Duisternis","Droog",\N,"600747358","Oude Notweg","Haarlemmerliede","Haarlemmermeer","Noord-Holland",false,52.384858,4.696003,"injury","2","clear",false,1,"GM0394"
"20220055750",2022,"Uitsluitend materiele schade",2,"Bestelauto","Fiets","Onbekend","Kruispunt, 3 takken",50,"Niet brandend","Daglicht","Droog",\N,\N,"Oosterdoksstraat","Amsterdam","Amsterdam","Noord-Holland",false,52.37711,4.903986,"material damage only","4","clear",false,1,"GM0363"
"20220062977",2022,"Uitsluitend materiele schade",2,"Personenauto","Fiets","Flank","Rotonde",50,"Niet brandend","Daglicht","Droog",\N,\N,"President Rooseveltweg","Rotterdam","Rotterdam","Zuid-Holland",false,51.960363,4.555928,"material damage only","4","clear",false,1,"GM0599"
"20220083388",2022,"Uitsluitend materiele schade",2,"Bestelauto","e-bike","Flank","Kruispunt, 3 takken",50,"Niet brandend","Daglicht","Droog",\N,\N,"Appelstraat","'s-Gravenhage","'s-Gravenhage","Zuid-Holland",false,52.068985,4.25103,"material damage only","4","clear",false,1,"GM0518"
"20220102139",2022,"Uitsluitend materiele schade",3,"Motor","Fiets","Onbekend","Kruispunt, 4 takken",50,"Niet brandend","Daglicht","Droog",\N,\N,"Bloemendalerweg","Weesp","Amsterdam","Noord-Holland",false,52.31853,5.028706,"material damage only","4","clear",false,1,"GM0363"
"20220010525",2022,"Uitsluitend materiele schade",2,"Personenauto","Fiets","Flank","Kruispunt, 4 takken",30,"Niet brandend","Daglicht","Regen",\N,\N,"Kees Boekelaan","Bilthoven","De Bilt","Utrecht",false,52.133728,5.195636,"material damage only","4","rain",false,1,"GM0310"
"20220038434",2022,"Uitsluitend materiele schade",2,"Snorfiets","Fiets","Flank","Kruispunt, 4 takken",30,"Niet brandend","Daglicht","Regen",\N,\N,"Duke Ellingtonlaan","Goes","Goes","Zeeland",false,51.48908,3.892582,"material damage only","4","rain",false,1,"GM0664"
"20220040505",2022,"Letsel",2,"Personenauto","Fiets","Frontaal","Bocht",60,"Niet brandend","Daglicht","Droog",\N,"460499006","Laaghalerveen","Hooghalen","Midden-Drenthe","Drenthe",false,52.93477,6.506426,"injury","2","clear",false,1,"GM1731"
"20220042143",2022,"Letsel",2,"Personenauto","e-bike","Geparkeerd voertuig","Rechte weg",50,"Niet aanwezig","Daglicht","Droog",\N,\N,"Molenweg","Formerum","Terschelling","Friesland",false,53.389272,5.303493,"injury","2","clear",false,1,"GM0093"
"20220055806",2022,"Uitsluitend materiele schade",1,"Fiets",\N,"Voetganger","Rechte weg",\N,"Niet brandend","Daglicht","Droog",\N,"600404128","Meibergpad","Amsterdam","Amsterdam","Noord-Holland",false,52.292917,4.944824,"material damage only","4","clear",false,1,"GM0363"
"20220057478",2022,"Uitsluitend materiele schade",3,"Personenauto","Fiets","Onbekend","Rechte weg",50,"Niet brandend","Daglicht","Droog",\N,"600379181","Noorderbeekdwarsstraat","'s-Gravenhage","'s-Gravenhage","Zuid-Holland",false,52.072098,4.279607,"material damage only","4","clear",false,1,"GM0518"
"20220067739",2022,"Uitsluitend materiele schade",2,"Personenauto","Fiets","Voetganger","Rotonde",50,"Niet brandend","Daglicht","Droog",\N,\N,"Oude Baan","Rosmalen","'s-Hertogenbosch","Noord-Brabant",false,51.708485,5.362051,"material damage only","4","clear",false,1,"GM0796"
"20220101841",2022,"Letsel",2,"Personenauto","Fiets","Flank","Rechte weg",30,"Niet brandend","Daglicht","Droog",\N,"600120850","Spoorsingel","Beverwijk","Beverwijk","Noord-Holland",false,52.483815,4.667276,"injury","2","clear",false,1,"GM0375"
"20220103597",2022,"Uitsluitend materiele schade",2,"e-bike","Bestelauto","Onbekend","Rechte weg",50,"Niet brandend","Daglicht","Droog",\N,"600726020","Nieuwe Offemweg","Noordwijk","Noordwijk","Zuid-Holland",false,52.23318,4.451012,"material damage only","4","clear",false,1,"GM0575"
"20220027918",2022,"Letsel",2,"e-bike","Fiets","Onbekend","Rechte weg",50,"Brandend","Duisternis","Droog",\N,"350201020","Bergstraat","Boekel","Boekel","Noord-Brabant",false,51.597232,5.677003,"injury","2","clear",false,1,"GM0755"
"20220034790",2022,"Uitsluitend materiele schade",2,"Personenauto","Fiets","Los voorwerp","Kruispunt, 4 takken",50,"Brandend","Duisternis","Droog",\N,\N,"Middenweg","Leusden","Leusden","Utrecht",false,52.132626,5.4376,"material damage only","4","clear",false,1,"GM0327"
"20220036859",2022,"Letsel",2,"Fiets","Fiets","Onbekend","Rechte weg",30,"Brandend","Duisternis","Droog",\N,"175337085","Gasthuishof","Katwijk","Katwijk","Zuid-Holland",false,52.203122,4.400653,"injury","2","clear",false,1,"GM0537"
"20220038684",2022,"Uitsluitend materiele schade",2,"Personenauto","Fiets","Los voorwerp","Kruispunt, 4 takken",50,"Niet brandend","Daglicht","Regen",\N,\N,"Hulsdonksestraat","Roosendaal","Roosendaal","Noord-Brabant",false,51.532708,4.447172,"material damage only","4","rain",false,1,"GM1674"
"20220099391",2022,"Letsel",3,"Personenauto","Fiets","Flank","Kruispunt, 3 takken",80,"Niet brandend","Daglicht","Droog",\N,\N,"Tweede Zijweg","Mijdrecht","De Ronde Venen","Utrecht",false,52.222705,4.86196,"injury","2","clear",false,1,"GM0736"
"20220101566",2022,"Letsel",2,"Personenauto","e-bike","Onbekend","Kruispunt, 4 takken",30,"Niet brandend","Daglicht","Droog",\N,\N,"Noordersluisweg","Velsen-Noord","Velsen","Noord-Holland",false,52.470136,4.63511,"injury","2","clear",false,1,"GM0453"
"20220101568",2022,"Letsel",2,"Personenauto","e-bike","Flank","Kruispunt, 4 takken",30,"Niet brandend","Daglicht","Droog",\N,\N,"Pijlslaan","Haarlem","Haarlem","Noord-Holland",false,52.372319,4.610554,"injury","2","clear",false,1,"GM0392"
"20220101932",2022,"Letsel",2,"Personenauto","Fiets","Flank","Rechte weg",80,"Niet brandend","Daglicht","Droog",\N,"600663937","Middenweg","Noordbeemster","Purmerend","Noord-Holland",false,52.579247,4.931456,"injury","2","clear",false,1,"GM0439"
"20220102632",2022,"Letsel",2,"Trekker met oplegger","Fiets","Flank","Kruispunt, 4 takken",50,"Niet aanwezig","Daglicht","Droog",\N,\N,"Beethovenstraat","Amsterdam","Amsterdam","Noord-Holland",false,52.347003,4.876951,"injury","2","clear",false,1,"GM0363"
"20220010902",2022,"Uitsluitend materiele schade",2,"Personenauto","Fiets","Flank","Kruispunt, 3 takken",50,"Niet brandend","Daglicht","Droog",\N,\N,"Waddenweg","Hoofddorp","Haarlemmermeer","Noord-Holland",false,52.322416,4.655736,"material damage only","4","clear",false,1,"GM0394"
"20220014859",2022,"Letsel",2,"Personenauto","Fiets","Flank","Kruispunt, 3 takken",30,"Niet brandend","Daglicht","Droog",\N,\N,"Middenweg","Heerhugowaard","Dijk en Waard","Noord-Holland",false,52.6751,4.84898,"injury","2","clear",false,1,"GM1980"
"20220046093",2022,"Uitsluitend materiele schade",2,"Personenauto","e-bike","Geparkeerd voertuig","Rechte weg",30,"Niet brandend","Daglicht","Droog","Parkeervoorziening","600378354","Dorpsstraat","Bennekom","Ede","Gelderland",false,51.999133,5.675923,"material damage only","4","clear",false,1,"GM0228"
"20220055905",2022,"Letsel",1,"Fiets",\N,"Eenzijdig",\N,30,\N,"Duisternis",\N,\N,"186325064","Herenstraat","Leiden","Leiden","Zuid-Holland",false,52.150402,4.488556,"injury","2","unknown",false,1,"GM0546"
"20220060112",2022,"Letsel",1,"Fiets",\N,"Eenzijdig","Kruispunt, 4 takken",50,"Niet brandend","Daglicht","Droog",\N,\N,"Limaweg","Waddinxveen","Waddinxveen","Zuid-Holland",false,52.039503,4.643875,"injury","2","clear",false,1,"GM0627"
"20220063165",2022,"Letsel",2,"Bromfiets","Fiets","Kop/staart","Kruispunt, 3 takken",\N,"Niet brandend","Daglicht","Droog",\N,\N,"Molenviergang","Zevenhuizen","Zuidplas","Zuid-Holland",false,52.023903,4.559009,"injury","2","clear",false,1,"GM1892"
"20220085903",2022,"Uitsluitend materiele schade",2,"Personenauto","Fiets","Onbekend","Kruispunt, 3 takken",50,"Niet brandend","Daglicht","Droog",\N,\N,"Martin Luther Kingweg","Rotterdam","Rotterdam","Zuid-Holland",false,51.965451,4.554036,"material damage only","4","clear",false,1,"GM0599"
"20220102679",2022,"Letsel",2,"Brommobiel","Fiets","Flank","Rechte weg",50,"Brandend","Duisternis","Droog",\N,"600764490","Mauritskade","Amsterdam","Amsterdam","Noord-Holland",false,52.364795,4.924705,"injury","2","clear",false,1,"GM0363"
"20220102716",2022,"Letsel",2,"Fiets","Fiets","Flank","Rechte weg",50,"Niet brandend","Daglicht","Droog",\N,"600762720","Stadhouderskade","Amsterdam","Amsterdam","Noord-Holland",false,52.358033,4.890911,"injury","2","clear",false,1,"GM0363"
"20220104367",2022,"Letsel",2,"Bromfiets","Fiets","Frontaal","Bocht",50,"Niet brandend","Daglicht","Droog",\N,\N,"Hobbemaplein","'s-Gravenhage","'s-Gravenhage","Zuid-Holland",false,52.067485,4.298005,"injury","2","clear",false,1,"GM0518"
"20220104376",2022,"Letsel",2,"Personenauto","Fiets","Flank","Kruispunt, 3 takken",50,"Niet brandend","Daglicht","Droog",\N,\N,"Kooizicht","Leiden","Leiden","Zuid-Holland",false,52.163483,4.506687,"injury","2","clear",false,1,"GM0546"
"20220107145",2022,"Letsel",2,"Snorfiets","Fiets","Eenzijdig","Rechte weg",30,"Niet brandend","Daglicht","Droog",\N,"210251016","Wijnstraat","Dordrecht","Dordrecht","Zuid-Holland",false,51.816158,4.668015,"injury","2","clear",false,1,"GM0505"
"20220108327",2022,"Letsel",2,"Fiets","Voetganger","Voetganger","Rechte weg",50,"Niet brandend","Daglicht","Droog",\N,"600111882","Strevelsweg","Rotterdam","Rotterdam","Zuid-Holland",false,51.889639,4.50123,"injury","2","clear",false,1,"GM0599"
"20220108573",2022,"Uitsluitend materiele schade",1,"Fiets",\N,"Onbekend","Bocht",50,"Niet brandend","Daglicht","Regen","Brug/viaduct","600621748","Brugweg","Zwijndrecht","Zwijndrecht","Zuid-Holland",false,51.812911,4.642683,"material damage only","4","rain",false,1,"GM0642"
"20220074521",2022,"Letsel",2,"Personenauto","Fiets","Flank","Kruispunt, 3 takken",50,"Niet brandend","Daglicht","Droog",\N,\N,"Onder de Linden","Arnhem","Arnhem","Gelderland",false,51.990069,5.91882,"injury","2","clear",false,1,"GM0202"
"20220074538",2022,"Uitsluitend materiele schade",2,"Fiets","Personenauto","Flank","Kruispunt, 4 takken",30,"Niet brandend","Daglicht","Droog",\N,\N,"Molukkenstraat","Nijmegen","Nijmegen","Gelderland",false,51.834433,5.863462,"material damage only","4","clear",false,1,"GM0268"
"20220056155",2022,"Letsel",1,"Fiets",\N,"Eenzijdig","Rechte weg",30,"Niet brandend","Daglicht","Harde windstoten",\N,"600715369","Lindoduin","'s-Gravenhage","'s-Gravenhage","Zuid-Holland",false,52.100739,4.273482,"injury","2","unknown",false,1,"GM0518"
"20220028632",2022,"Uitsluitend materiele schade",2,"Vrachtauto","Fiets","Flank","Kruispunt, 4 takken",30,"Niet brandend","Daglicht","Regen",\N,\N,"Dirk Boutslaan","Eindhoven","Eindhoven","Noord-Brabant",false,51.433333,5.504137,"material damage only","4","rain",false,1,"GM0772"
"20220044479",2022,"Uitsluitend materiele schade",2,"Personenauto","Fiets","Flank","Rechte weg",50,"Niet brandend","Daglicht","Droog",\N,"600499273","Frans Halslaan","Ede","Ede","Gelderland",false,52.01818,5.657592,"material damage only","4","clear",false,1,"GM0228"
"20220057954",2022,"Letsel",1,"Fiets",\N,"Eenzijdig","Rechte weg",50,"Brandend","Duisternis","Droog",\N,"210320122","Castellumstraat","Alphen aan den Rijn","Alphen aan den Rijn","Zuid-Holland",false,52.12898,4.661045,"injury","2","clear",false,1,"GM0484"
"20220110936",2022,"Uitsluitend materiele schade",2,"Personenauto","Fiets","Flank","Rechte weg",30,"Niet brandend","Daglicht","Droog",\N,"600141244","Liessentstraat","Uden","Maashorst","Noord-Brabant",false,51.65251,5.649432,"material damage only","4","clear",false,1,"GM1991"
"20220110971",2022,"Letsel",2,"Personenauto","Fiets","Flank","Kruispunt, 4 takken",50,"Niet brandend","Daglicht","Droog",\N,\N,"Solmsweg","Eindhoven","Eindhoven","Noord-Brabant",false,51.430738,5.462681,"injury","2","clear",false,1,"GM0772"
"20220112932",2022,"Uitsluitend materiele schade",3,"Personenauto","e-bike","Onbekend","Kruispunt, 4 takken",30,"Niet brandend","Daglicht","Droog",\N,\N,"Willemshof","Weert","Weert","Limburg",false,51.239544,5.709287,"material damage only","4","clear",false,1,"GM0988"
"20220012862",2022,"Uitsluitend materiele schade",2,"e-bike","Fiets","Flank","Rechte weg",50,"Niet brandend","Daglicht","Droog",\N,"204393091","Lange Nieuwstraat","IJmuiden","Velsen","Noord-Holland",false,52.457244,4.609967,"material damage only","4","clear",false,1,"GM0453"
"20220033460",2022,"Uitsluitend materiele schade",2,"Bestelauto","Fiets","Flank","Kruispunt, 3 takken",30,"Brandend","Daglicht","Droog",\N,\N,"Zonnewende","Apeldoorn","Apeldoorn","Gelderland",false,52.21708,6.005498,"material damage only","4","clear",false,1,"GM0200"
"20220047633",2022,"Letsel",2,"Bestelauto","Fiets","Onbekend","Kruispunt, 4 takken",30,"Niet brandend","Daglicht","Droog",\N,\N,"Rijkerswoerdsestraat","Arnhem","Arnhem","Gelderland",false,51.938293,5.881486,"injury","2","clear",false,1,"GM0202"
"20230001308",2023,"Letsel",2,"Personenauto","Fiets","Flank","Rotonde",50,"Niet brandend","Daglicht","Regen",\N,\N,"St. Annastraat","Nijmegen","Nijmegen","Gelderland",false,51.841537,5.859777,"injury","2","rain",false,1,"GM0268"
"20230002629",2023,"Uitsluitend materiele schade",2,"Personenauto","Fiets","Flank","Rotonde",30,"Brandend","Duisternis","Droog",\N,\N,"Rangeerder","Assendelft","Zaanstad","Noord-Holland",false,52.493339,4.754514,"material damage only","4","clear",false,1,"GM0479"
"20230029354",2023,"Letsel",1,"Fiets",\N,"Eenzijdig",\N,60,\N,"Schemer",\N,\N,"230294004","Provincialeweg Oost","Haastrecht","Krimpenerwaard","Zuid-Holland",false,52.012473,4.809064,"injury","2","unknown",false,1,"GM1931"
"20230010154",2023,"Uitsluitend materiele schade",2,"Fiets","Fiets","Onbekend","Rechte weg",60,"Niet aanwezig","Duisternis","Droog",\N,"470573013","Noordwolderweg","Noordwolde","Het Hogeland","Groningen",false,53.260739,6.591166,"material damage only","4","clear",false,1,"GM1966"
"20230002692",2023,"Uitsluitend materiele schade",2,"Brommobiel","Fiets","Frontaal","Kruispunt, 3 takken",50,"Niet brandend","Daglicht","Droog",\N,\N,"Johan van Beemlaan","Santpoort-Noord","Velsen","Noord-Holland",false,52.427121,4.642054,"material damage only","4","clear",false,1,"GM0453"