"accident_id","year","severity_raw","party_count","party1_type","party2_type","accident_type","road_situation","speed_limit_kmh","road_lighting","light_condition_label","weather_raw","infra_type","road_segment_id","street_name","place_name","gemeente_name_raw","province","alcohol_indicated","latitude","longitude","severity_label","severity_code","weather_label","built_up_area","cyclists_involved","gemeente_code"
"20230088396",2023,"Letsel",1,"Fiets",\N,"Eenzijdig",\N,60,\N,"Daglicht",\N,\N,"83189001","Van Strienweg","Wolphaartsdijk","Goes","Zeeland",false,51.528094,3.757439,"injury","2","unknown",false,1,"GM0664"
"20230113493",2023,"Uitsluitend materiele schade",2,"Personenauto","Fiets","Onbekend",\N,30,\N,"Daglicht",\N,\N,\N,"Vigilantestraat","Purmerend","Purmerend","Noord-Holland",false,52.498753,4.981949,"material damage only","4","unknown",false,1,"GM0439"
"20230000384",2023,"Uitsluitend materiele schade",2,"Personenauto","Fiets","Flank","Kruispunt, 3 takken",50,"Niet brandend","Daglicht","Droog",\N,\N,"Terborgseweg","Doetinchem","Doetinchem","Gelderland",false,51.959562,6.295437,"material damage only","4","clear",false,1,"GM0222"
"20230054100",2023,"Uitsluitend materiele schade",1,"Fiets",\N,"Onbekend",\N,30,\N,"Daglicht",\N,\N,\N,"Zustershof","Oss","Oss","Noord-Brabant",false,51.758185,5.524564,"material damage only","4","unknown",false,1,"GM0828"
"20230000418",2023,"Letsel",2,"e-bike","Fiets","Flank","Kruispunt, 3 takken",30,"Niet brandend","Daglicht","Droog",\N,\N,"Broerstraat","Groningen","Groningen","Groningen",false,53.219406,6.564447,"injury","2","clear",false,1,"GM0014"
"20230001464",2023,"Uitsluitend materiele schade",2,"Personenauto","Fiets","Onbekend","Kruispunt, 4 takken",50,"Niet brandend","Daglicht","Droog",\N,\N,"Onstwedderweg","Nieuwe Pekela","Pekela","Groningen",false,53.08019,6.970664,"material damage only","4","clear",false,1,"GM0765"
"20230002757",2023,"Letsel",2,"Fiets","Bromfiets","Flank","Kruispunt, 4 takken",30,"Niet brandend","Daglicht","Droog","Bus-/Tramhalte",\N,"Gerrit Schultepad","Almere","Almere","Flevoland",false,52.388544,5.26451,"injury","2","clear",false,1,"GM0034"
"20230034055",2023,"Uitsluitend materiele schade",2,"Personenauto","Fiets","Onbekend",\N,30,\N,"Daglicht",\N,\N,"600994060","Nieuwediep","Huissen","Lingewaard","Gelderland",false,51.920208,5.924158,"material damage only","4","unknown",false,1,"GM1705"
"20230009014",2023,"Letsel",2,"Personenauto","Fiets","Flank","Kruispunt, 3 takken",30,"Niet brandend","Daglicht","Droog",\N,\N,"Hoge Vonderstraat","Sint-Oedenrode","Meierijstad","Noord-Brabant",false,51.561941,5.458456,"injury","2","clear",false,1,"GM1948"
"20230043349",2023,"Dodelijk",2,"Bestelauto","Fiets","Eenzijdig","Rechte weg",50,"Niet brandend","Daglicht","Droog",\N,"600845697","Sourethweg","Heerlen","Heerlen","Limburg",false,50.848963,5.987626,"fatal","1","clear",false,1,"GM0917"
"20230048385",2023,"Dodelijk",2,"Personenauto","Fiets","Flank","Kruispunt, 4 takken",50,"Niet brandend","Daglicht","Droog",\N,\N,"De Meeuw","Almelo","Almelo","Overijssel",false,52.333406,6.634494,"fatal","1","clear",false,1,"GM0141"
"20230002900",2023,"Letsel",2,"Bestelauto","e-bike","Flank","Kruispunt, 3 takken",50,"Brandend","Duisternis","Droog",\N,\N,"Baardmezenstraat","Emmeloord","Noordoostpolder","Flevoland",false,52.707683,5.754874,"injury","2","clear",false,1,"GM0171"
"20230004354",2023,"Letsel",2,"Fiets","Overig vast object","Vast voorwerp","Rechte weg",50,"Niet brandend","Daglicht","Droog",\N,"221432096","Westerweg","Alkmaar","Alkmaar","Noord-Holland",false,52.633287,4.736463,"injury","2","clear",false,1,"GM0361"
"20230003302",2023,"Uitsluitend materiele schade",2,"Personenauto","Fiets","Flank","Kruispunt, 3 takken",50,"Niet brandend","Schemer","Droog",\N,\N,"Barchman Wuytierslaan","Amersfoort","Amersfoort","Utrecht",false,52.150921,5.355722,"material damage only","4","clear",false,1,"GM0307"
"20230004398",2023,"Letsel",2,"Personenauto","Fiets","Kop/staart","Kruispunt, 4 takken",30,"Niet brandend","Daglicht","Droog","Tunnel",\N,"Willem de Zwijgerlaan","Overveen","Bloemendaal","Noord-Holland",false,52.390959,4.617079,"injury","2","clear",false,1,"GM0377"
"20230004620",2023,"Letsel",2,"Fiets","Personenauto","Flank","Rotonde",50,"Niet brandend","Daglicht","Droog",\N,\N,"Tolweg","Zandvoort","Zandvoort","Noord-Holland",false,52.369002,4.539019,"injury","2","clear",false,1,"GM0473"
"20230005578",2023,"Letsel",2,"Personenauto","Fiets","Kop/staart","Rechte weg",50,"Niet brandend","Daglicht","Droog",\N,"600713143","Aaltje Noordewierstraat","'s-Gravenhage","'s-Gravenhage","Zuid-Holland",false,52.054518,4.234546,"injury","2","clear",false,1,"GM0518"
"20230005618",2023,"Letsel",2,"Fiets","Personenauto","Flank","Rechte weg",50,"Niet brandend","Daglicht","Droog",\N,"600730313","Lammenschansweg","Leiden","Leiden","Zuid-Holland",false,52.14619,4.49107,"injury","2","clear",false,1,"GM0546"
"20230006997",2023,"Letsel",1,"Fiets",\N,"Eenzijdig","Rechte weg",50,"Niet brandend","Daglicht","Droog","Brug/viaduct","600462658","Groene Kruisweg","Hoogvliet Rotterdam","Rotterdam","Zuid-Holland",false,51.860544,4.342515,"injury","2","clear",false,1,"GM0599"
"20230003745",2023,"Uitsluitend materiele schade",2,"Personenauto","Fiets","Flank","Rotonde",50,"Niet brandend","Daglicht","Droog",\N,\N,"Keverdijk","Naarden","Gooise Meren","Noord-Holland",false,52.295834,5.149426,"material damage only","4","clear",false,1,"GM1942"
"20230006696",2023,"Letsel",2,"Personenauto","Fiets","Flank","Kruispunt, 4 takken",50,"Brandend","Schemer","Droog",\N,\N,"Boyleweg","Spijkenisse","Nissewaard","Zuid-Holland",false,51.853108,4.304831,"injury","2","clear",false,1,"GM1930"
"20230069401",2023,"Letsel",1,"Fiets",\N,"Eenzijdig",\N,30,\N,"Duisternis",\N,\N,"169299049","Van Essendijk","'s-Gravenhage","'s-Gravenhage","Zuid-Holland",false,52.033962,4.362738,"injury","2","unknown",false,1,"GM0518"
"20230002525",2023,"Letsel",2,"Fiets","Overig vast object","Vast voorwerp","Rechte weg",50,"Brandend","Duisternis",\N,\N,"601043589","Hoogeweg","Heiloo","Heiloo","Noord-Holland",false,52.594603,4.696343,"injury","2","unknown",false,1,"GM0399"
"20230004131",2023,"Uitsluitend materiele schade",2,"Personenauto","Fiets","Onbekend","Kruispunt, 3 takken",30,"Niet brandend","Daglicht","Droog",\N,\N,"Haarlemmerweg","Amsterdam","Amsterdam","Noord-Holland",false,52.385275,4.866891,"material damage only","4","clear",false,1,"GM0363"
"20230006737",2023,"Letsel",2,"Fiets","Fiets","Frontaal","Rechte weg",50,"Brandend","Duisternis","Droog",\N,"187264123","Slinge","Rotterdam","Rotterdam","Zuid-Holland",true,51.87442,4.498177,"injury","2","clear",false,1,"GM0599"
"20230008102",2023,"Uitsluitend materiele schade",2,"Snorfiets","Fiets","Flank","Rechte weg",30,"Niet brandend","Daglicht","Regen",\N,"600914844","Reitse Hoevenstraat","Tilburg","Tilburg","Noord-Brabant",false,51.566879,5.062594,"material damage only","4","rain",false,1,"GM0855"
"20230081512",2023,"Dodelijk",2,"Fiets","Personenauto","Flank","Rechte weg",50,"Niet brandend","Daglicht","Droog",\N,\N,"Delftweg","Rotterdam","Rotterdam","Zuid-Holland",false,51.949205,4.411578,"fatal","1","clear",false,1,"GM0599"
"20230056286",2023,"Letsel",1,"Fiets",\N,"Eenzijdig",\N,\N,\N,"Daglicht",\N,\N,"389335017","Karkietweg","Apeldoorn","Apeldoorn","Gelderland",false,52.197302,5.966822,"injury","2","unknown",false,1,"GM0200"
"20230082147",2023,"Letsel",2,"Fiets","Fiets","Onbekend",\N,50,\N,"Daglicht",\N,\N,"410200002","Ceresweg","Well L","Bergen (L)","Limburg",false,51.585232,6.11485,"injury","2","unknown",false,1,\N
"20230005221",2023,"Letsel",2,"Bromfiets","Fiets","Flank","Kruispunt, 4 takken",50,"Niet brandend","Daglicht","Droog",\N,\N,"Bachsingel","Alphen aan den Rijn","Alphen aan den Rijn","Zuid-Holland",false,52.14607,4.663513,"injury","2","clear",false,1,"GM0484"
"20230009007",2023,"Uitsluitend materiele schade",2,"Bus","Fiets","Flank","Rotonde",50,"Niet brandend","Daglicht","Regen",\N,\N,"Tongerseweg","Maastricht","Maastricht","Limburg",false,50.844438,5.680923,"material damage only","4","rain",false,1,"GM0935"
"20230088410",2023,"Dodelijk",2,"Brommobiel","Fiets","Flank","Kruispunt, 4 takken",60,"Niet brandend","Daglicht","Droog",\N,\N,"Rouppe van der Voortlaan","Ulvenhout","Breda","Noord-Brabant",false,51.556166,4.801878,"fatal","1","clear",false,1,"GM0758"
"20230078766",2023,"Uitsluitend materiele schade",2,"Personenauto","Fiets","Onbekend",\N,\N,\N,"Daglicht",\N,\N,"246373027","Wittenburgergracht","Amsterdam","Amsterdam","Noord-Holland",false,52.36971,4.918898,"material damage only","4","unknown",false,1,"GM0363"
"20230006825",2023,"Uitsluitend materiele schade",2,"Personenauto","Fiets","Flank","Rechte weg",50,"Niet brandend","Daglicht","Droog",\N,"600119431","Spuiboulevard","Dordrecht","Dordrecht","Zuid-Holland",false,51.811722,4.665027,"material damage only","4","clear",false,1,"GM0505"
"20230009857",2023,"Letsel",2,"Personenauto","Fiets","Flank","Kruispunt, 3 takken",50,"Niet brandend","Daglicht","Droog",\N,\N,"Frittemastate","Leeuwarden","Leeuwarden","Friesland",false,53.211371,5.837066,"injury","2","clear",false,1,"GM0080"
"20230010814",2023,"Letsel",2,"Bromfiets","Fiets","Onbekend","Kruispunt, 4 takken",50,"Niet brandend","Daglicht","Droog",\N,\N,"Diamantlaan","Groningen","Groningen","Groningen",false,53.214668,6.530349,"injury","2","clear",false,1,"GM0014"
"20230012006",2023,"Uitsluitend materiele schade",2,"Bromfiets","Fiets","Flank","Kruispunt, 4 takken",50,"Niet brandend","Daglicht","Droog",\N,\N,"Willemsplein","Arnhem","Arnhem","Gelderland",false,51.984175,5.905625,"material damage only","4","clear",false,1,"GM0202"
"20230079266",2023,"Letsel",2,"Bromfiets","Fiets","Onbekend",\N,50,\N,"Daglicht",\N,\N,"600991977","Strijenstraat","Oosterhout","Oosterhout","Noord-Brabant",false,51.647443,4.854929,"injury","2","unknown",false,1,"GM0826"
"20230010665",2023,"Letsel",2,"Snorfiets","Fiets","Frontaal","Kruispunt, 4 takken",\N,"Brandend","Duisternis","Droog",\N,\N,"Koeriersterweg","Groningen","Groningen","Groningen",false,53.209989,6.55638,"injury","2","clear",false,1,"GM0014"
"20230010955",2023,"Uitsluitend materiele schade",2,"Scootmobiel","Fiets","Flank","Kruispunt, 3 takken",\N,"Niet brandend","Daglicht","Droog",\N,\N,"GOFFERTPAEK","Nijmegen","Nijmegen","Gelderland",false,51.820467,5.835335,"material damage only","4","clear",false,1,"GM0268"
"20230012060",2023,"Uitsluitend materiele schade",2,"Fiets","Fiets","Frontaal","Rechte weg",50,"Niet brandend","Daglicht","Droog",\N,"600599243","Energieweg","Doetinchem","Doetinchem","Gelderland",false,51.964976,6.268738,"material damage only","4","clear",false,1,"GM0222"
"20230012444",2023,"Uitsluitend materiele schade",2,"Personenauto","Fiets","Flank","Kruispunt, 3 takken",50,"Niet brandend","Daglicht","Droog",\N,\N,"Einsteinstraat","Harderwijk","Harderwijk","Gelderland",false,52.359464,5.638307,"material damage only","4","clear",false,1,"GM0243"
"20230012616",2023,"Uitsluitend materiele schade",2,"Motor","e-bike","Flank","Kruispunt, 4 takken",50,"Brandend","Duisternis","Droog",\N,\N,"Terborgseweg","Doetinchem","Doetinchem","Gelderland",false,51.951693,6.305099,"material damage only","4","clear",false,1,"GM0222"
"20240037409",2024,"Letsel",2,"Bromfiets","Fiets","Frontaal","Bocht",30,"Niet brandend","Daglicht","Droog",\N,\N,"Ellerhuizen","Bedum","Het Hogeland","Groningen",false,53.277854,6.603062,"injury","2","clear",false,1,"GM1966"
"20240004322",2024,"Uitsluitend materiele schade",2,"Personenauto","Fiets","Flank","Rechte weg",50,"Brandend","Schemer","Droog",\N,"601105630","Westfalenstraat","Deventer","Deventer","Overijssel",false,52.247989,6.188463,"material damage only","4","clear",false,1,"GM0150"
"20230004274",2023,"Letsel",2,"Personenauto","Fiets","Flank","Kruispunt, 3 takken",50,"Brandend","Duisternis","Regen",\N,\N,"Willem de Zwijgerlaan","Amsterdam","Amsterdam","Noord-Holland",false,52.382409,4.85575,"injury","2","rain",false,1,"GM0363"
"20240017419",2024,"Uitsluitend materiele schade",2,"Personenauto","Fiets","Frontaal","Kruispunt, 4 takken",50,"Niet brandend","Daglicht","Droog",\N,\N,"Blaloweg","Zwolle","Zwolle","Overijssel",false,52.516721,6.076328,"material damage only","4","clear",false,1,"GM0193"
"20240017592",2024,"Uitsluitend materiele schade",3,"Personenauto","Fiets","Flank","Rotonde",50,"Niet brandend","Daglicht","Droog",\N,\N,"Klaphekweg","Ede","Ede","Gelderland",false,52.038682,5.649844,"material damage only","4","clear",false,1,"GM0228"
"20240020264",2024,"Letsel",2,"Bromfiets","Fiets","Flank","Kruispunt, 3 takken",80,"Niet brandend","Daglicht","Droog",\N,\N,"Slachthuiskade","Poeldijk","Westland","Zuid-Holland",false,52.022503,4.20973,"injury","2","clear",false,1,"GM1783"
"20240020267",2024,"Letsel",2,"Fiets","Fiets","Flank","Kruispunt, 4 takken",30,"Brandend","Duisternis","Droog",\N,"601103805","0406 BRUG","Amsterdam","Amsterdam","Noord-Holland",false,52.349776,4.886282,"injury","2","clear",false,1,"GM0363"
"20240020869",2024,"Letsel",2,"Personenauto","Fiets","Onbekend",\N,\N,\N,"Daglicht",\N,\N,"158314019","Van Dorpstraat","'s-Gravenhage","'s-Gravenhage","Zuid-Holland",false,52.099615,4.278159,"injury","2","unknown",false,1,"GM0518"
"20240039629",2024,"Letsel",2,"Fiets","Fiets","Frontaal","Rechte weg",50,"Brandend","Duisternis","Droog",\N,"600158530","Grote Marktstraat","'s-Gravenhage","'s-Gravenhage","Zuid-Holland",false,52.075932,4.310547,"injury","2","clear",false,1,"GM0518"
"20240039653",2024,"Letsel",2,"Personenauto","Fiets","Flank","Kruispunt, 3 takken",50,"Niet brandend","Daglicht","Regen",\N,\N,"Asstraat","'s-Gravenhage","'s-Gravenhage","Zuid-Holland",false,52.065961,4.329745,"injury","2","rain",false,1,"GM0518"
"20240020990",2024,"Letsel",1,"Fiets",\N,"Eenzijdig","Rechte weg",50,"Niet brandend","Daglicht","Droog",\N,"600587565","Carnegielaan","'s-Gravenhage","'s-Gravenhage","Zuid-Holland",false,52.08665,4.292529,"injury","2","clear",false,1,"GM0518"
"20240009199",2024,"Uitsluitend materiele schade",2,"Personenauto","e-bike","Flank","Kruispunt, 3 takken",50,"Niet brandend","Daglicht","Droog",\N,\N,"Spoorbrugweg","Apeldoorn","Apeldoorn","Gelderland",false,52.21047,5.979538,"material damage only","4","clear",false,1,"GM0200"
"20240024576",2024,"Uitsluitend materiele schade",2,"Personenauto","Fiets","Flank","Kruispunt, 3 takken",50,"Niet brandend","Daglicht","Droog",\N,\N,"Vlaszak","Breda","Breda","Noord-Brabant",false,51.587908,4.781092,"material damage only","4","clear",false,1,"GM0758"
"20240023503",2024,"Uitsluitend materiele schade",2,"Bestelauto","Fiets","Onbekend","Kruispunt, 4 takken",30,"Niet brandend","Daglicht","Droog",\N,\N,"Secretaris Verhoeffweg","Naaldwijk","Westland","Zuid-Holland",false,51.99111,4.204378,"material damage only","4","clear",false,1,"GM1783"
"20240023511",2024,"Letsel",2,"Personenauto","Fiets","Flank","Rotonde",50,"Niet brandend","Daglicht","Droog",\N,\N,"Amnesty Internationalln","Hellevoetsluis","Voorne aan Zee","Zuid-Holland",false,51.834225,4.131811,"injury","2","clear",false,1,"GM1992"
"20240023512",2024,"Uitsluitend materiele schade",2,"Fiets","Personenauto","Flank","Rotonde",50,"Niet brandend","Daglicht","Regen",\N,\N,"Sportlaan","'s-Gravenhage","'s-Gravenhage","Zuid-Holland",false,52.072386,4.2411,"material damage only","4","rain",false,1,"GM0518"
"20240039930",2024,"Letsel",1,"Fiets",\N,"Frontaal","Rechte weg",50,"Niet aanwezig","Daglicht","Droog",\N,\N,"Fietspad Duinweg","Noordwijk","Noordwijk","Zuid-Holland",false,52.257907,4.451491,"injury","2","clear",false,1,"GM0575"
"20240009314",2024,"Letsel",2,"Personenauto","Fiets","Flank","Rotonde",50,"Brandend","Duisternis","Droog",\N,\N,"Siersteenlaan","Groningen","Groningen","Groningen",false,53.225545,6.526835,"injury","2","clear",false,1,"GM0014"
"20240020761",2024,"Letsel",2,"Personenauto","Fiets","Flank","Kruispunt, 4 takken",50,"Brandend","Duisternis","Droog",\N,\N,"Spruitkoolakker","Zoetermeer","Zoetermeer","Zuid-Holland",false,52.067114,4.523538,"injury","2","clear",false,1,"GM0637"
"20240039540",2024,"Uitsluitend materiele schade",2,"Personenauto","Fiets","Onbekend",\N,30,\N,"Duisternis",\N,\N,"600379516","Herderinnestraat","'s-Gravenhage","'s-Gravenhage","Zuid-Holland",false,52.073798,4.308939,"material damage only","4","unknown",false,1,"GM0518"
"20240020921",2024,"Letsel",2,"Personenauto","Fiets","Flank","Kruispunt, 4 takken",50,"Niet brandend","Daglicht","Droog",\N,\N,"Oude Haagweg","'s-Gravenhage","'s-Gravenhage","Zuid-Holland",false,52.060331,4.254881,"injury","2","clear",false,1,"GM0518"
"20240005750",2024,"Letsel",2,"Bestelauto","Fiets","Flank","Kruispunt, 4 takken",50,"Brandend","Duisternis","Droog",\N,\N,"Regulierstraat","Haarlem","Haarlem","Noord-Holland",false,52.391712,4.640647,"injury","2","clear",false,1,"GM0392"
"20240019925",2024,"Letsel",2,"Personenauto","Fiets","Flank","Rotonde",50,"Niet brandend","Daglicht","Droog",\N,\N,"Voorste Wei","Harderwijk","Harderwijk","Gelderland",false,52.338375,5.612678,"injury","2","clear",false,1,"GM0243"
"20240020483",2024,"Uitsluitend materiele schade",2,"Fiets","Motor","Flank","Rechte weg",50,"Brandend","Duisternis","Regen",\N,"600478381","Spaarndammerdijk","Amsterdam","Amsterdam","Noord-Holland",false,52.393044,4.870348,"material damage only","4","rain",false,1,"GM0363"
"20240028105",2024,"Letsel",2,"Personenauto","Fiets","Kop/staart","Rechte weg",50,"Brandend","Daglicht","Droog",\N,"223352064","Aalsmeerderdijk","Aalsmeerderbrug","Haarlemmermeer","Noord-Holland",false,52.274234,4.753798,"injury","2","clear",false,1,"GM0394"
"20240032830",2024,"Letsel",2,"Personenauto","Fiets","Flank","Rotonde",30,"Niet brandend","Daglicht","Droog",\N,\N,"Langepad","Rotterdam","Rotterdam","Zuid-Holland",false,51.933835,4.503333,"injury","2","clear",false,1,"GM0599"
"20240035086",2024,"Letsel",2,"Personenauto","Fiets","Flank","Kruispunt, 4 takken",80,"Niet brandend","Daglicht","Droog",\N,\N,"Langenbergseweg","Gilze","Gilze en Rijen","Noord-Brabant",false,51.545094,4.953805,"injury","2","clear",false,1,"GM0784"
"20240036385",2024,"Letsel",2,"Personenauto","Fiets","Flank","Kruispunt, 4 takken",60,"Niet brandend","Daglicht","Droog",\N,\N,"Brugsteeg","Tricht","West Betuwe","Gelderland",false,51.915732,5.251386,"injury","2","clear",false,1,"GM1960"
"20220174588",2022,"Uitsluitend materiele schade",2,"Personenauto","e-bike","Flank","Rechte weg",50,"Niet brandend","Daglicht","Regen",\N,"239391003","Noordeinde","Oostzaan","Oostzaan","Noord-Holland",false,52.447203,4.871909,"material damage only","4","rain",false,1,"GM0431"
"20220185584",2022,"Uitsluitend materiele schade",2,"Personenauto","Fiets","Flank","Rechte weg",50,"Niet brandend","Daglicht","Droog",\N,"600891869","Van Beethovenlaan","Roosendaal","Roosendaal","Noord-Brabant",false,51.535647,4.465568,"material damage only","4","clear",false,1,"GM1674"
"20220120458",2022,"Uitsluitend materiele schade",2,"Personenauto","Fiets","Flank","Rotonde",50,"Niet brandend","Daglicht","Droog",\N,\N,"Vechtplantsoen","Utrecht","Utrecht","Utrecht",false,52.118382,5.080346,"material damage only","4","clear",false,1,"GM0344"
"20220129077",2022,"Uitsluitend materiele schade",2,"Personenauto","Fiets","Flank","Kruispunt, 4 takken",30,"Niet brandend","Daglicht","Droog",\N,\N,"Petteflet","Kapelle","Kapelle","Zeeland",false,51.479299,3.952026,"material damage only","4","clear",false,1,"GM0678"
"20220172057",2022,"Uitsluitend materiele schade",2,"Snorfiets","Fiets","Onbekend","Rechte weg",50,"Brandend","Duisternis","Droog",\N,"269307043","Marco Pololaan","Utrecht","Utrecht","Utrecht",false,52.072265,5.094453,"material damage only","4","clear",false,1,"GM0344"
"20220178413",2022,"Uitsluitend materiele schade",3,"Bestelauto","Fiets","Onbekend","Rechte weg",50,"Niet brandend","Daglicht","Droog",\N,"162306065","Parallelweg","'s-Gravenhage","'s-Gravenhage","Zuid-Holland",false,52.064615,4.312991,"material damage only","4","clear",false,1,"GM0518"
"20220180179",2022,"Letsel",2,"Bromfiets","Fiets","Flank","Kruispunt, 3 takken",50,"Niet brandend","Daglicht","Droog",\N,\N,"Hooigracht","Leiden","Leiden","Zuid-Holland",false,52.159602,4.496732,"injury","2","clear",false,1,"GM0546"
"20220195046",2022,"Uitsluitend materiele schade",2,"Bestelauto","Fiets","Flank","Kruispunt, 3 takken",50,"Niet brandend","Daglicht","Droog",\N,\N,"Kerkenbos","Nijmegen","Nijmegen","Gelderland",false,51.828584,5.78941,"material damage only","4","clear",false,1,"GM0268"
"20220136972",2022,"Letsel",2,"Personenauto","Fiets","Onbekend","Kruispunt, 3 takken",50,"Niet aanwezig","Daglicht","Regen",\N,\N,"Lipperkerkstraat","Enschede","Enschede","Overijssel",false,52.222249,6.927907,"injury","2","rain",false,1,"GM0153"
"20220142047",2022,"Uitsluitend materiele schade",2,"Fiets","Bestelauto","Flank","Rotonde",50,"Niet brandend","Daglicht","Droog",\N,\N,"Nieuwe Purmerweg","Amsterdam","Amsterdam","Noord-Holland",false,52.397446,4.92582,"material damage only","4","clear",false,1,"GM0363"
"20220143443",2022,"Letsel",1,"Fiets",\N,"Eenzijdig",\N,\N,\N,"Daglicht",\N,\N,"162310091","Buitenhof","'s-Gravenhage","'s-Gravenhage","Zuid-Holland",false,52.078727,4.310803,"injury","2","unknown",false,1,"GM0518"
"20220177491",2022,"Uitsluitend materiele schade",2,"Motor","Fiets","Flank","Kruispunt, 3 takken",50,"Niet brandend","Daglicht","Droog",\N,\N,"1e C Huygensstr","Amsterdam","Amsterdam","Noord-Holland",false,52.360126,4.87721,"material damage only","4","clear",false,1,"GM0363"
"20220179708",2022,"Letsel",1,"Fiets",\N,"Eenzijdig",\N,50,\N,"Daglicht",\N,\N,\N,"Raamweg","'s-Gravenhage","'s-Gravenhage","Zuid-Holland",false,52.092719,4.310487,"injury","2","unknown",false,1,"GM0518"
"20220196735",2022,"Uitsluitend materiele schade",2,"Fiets","Fiets","Onbekend","Rechte weg",\N,"Niet brandend","Daglicht","Droog",\N,"600576024","Beerzerweg","Beerze","Ommen","Overijssel",false,52.509613,6.559276,"material damage only","4","clear",false,1,"GM0175"
"20220138906",2022,"Letsel",2,"Bestelauto","Fiets","Flank","Rechte weg",50,"Niet brandend","Daglicht","Droog",\N,"313306011","Maarsbergseweg","Woudenberg","Woudenberg","Utrecht",false,52.070147,5.409586,"injury","2","clear",false,1,"GM0351"
"20220149421",2022,"Letsel",2,"Fiets","Fiets","Frontaal","Kruispunt, 3 takken",30,"Niet brandend","Daglicht","Droog",\N,\N,"De Bunders","Veghel","Meierijstad","Noord-Brabant",false,51.624548,5.558197,"injury","2","clear",false,1,"GM1948"
"20220154931",2022,"Letsel",2,"Personenauto","Fiets","Onbekend","Rechte weg",50,"Niet brandend","Daglicht","Droog",\N,"203369002","Herenweg","Heemstede","Heemstede","Noord-Holland",false,52.346622,4.608962,"injury","2","clear",false,1,"GM0397"
"20220179120",2022,"Letsel",2,"Bromfiets","Fiets","Eenzijdig","Rechte weg",30,"Niet brandend","Daglicht","Droog",\N,"600651871","Generaal Eisenhowerplein","Rijswijk","Rijswijk","Zuid-Holland",false,52.037048,4.321948,"injury","2","clear",false,1,\N
"20220179131",2022,"Uitsluitend materiele schade",2,"Motor","e-bike","Onbekend","Rotonde",50,"Niet aanwezig","Daglicht","Droog",\N,\N,"Koningin Julianaweg","'s-Gravenzande","Westland","Zuid-Holland",false,51.992349,4.168785,"material damage only","4","clear",false,1,"GM1783"
"20220187189",2022,"Letsel",2,"Bromfiets","Fiets","Flank","Kruispunt, 3 takken",\N,"Niet brandend","Daglicht","Droog",\N,\N,"Burg Freijterslaan","Roosendaal","Roosendaal","Noord-Brabant",false,51.532954,4.447088,"injury","2","clear",false,1,"GM1674"
"20220197472",2022,"Uitsluitend materiele schade",3,"Personenauto","e-bike","Onbekend","Kruispunt, 4 takken",50,"Niet aanwezig","Daglicht","Droog",\N,\N,"Wiekslagen","Almelo","Almelo","Overijssel",false,52.335803,6.647926,"material damage only","4","clear",false,1,"GM0141"
"20220125934",2022,"Letsel",1,"e-bike",\N,"Eenzijdig","Rechte weg",50,"Brandend","Duisternis","Droog",\N,"180348029","Northgodreef","Noordwijk","Noordwijk","Zuid-Holland",false,52.252138,4.440161,"injury","2","clear",false,1,"GM0575"
"20220137057",2022,"Uitsluitend materiele schade",2,"Fiets","Personenauto","Flank","Kruispunt, 3 takken",50,"Brandend","Duisternis","Droog",\N,\N,"Eglantierlaan","Apeldoorn","Apeldoorn","Gelderland",false,52.195772,6.007437,"material damage only","4","clear",false,1,"GM0200"
"20220149513",2022,"Uitsluitend materiele schade",2,"Personenauto","Fiets","Flank","Kruispunt, 4 takken",50,"Niet brandend","Daglicht","Droog",\N,\N,"Ptr van den Elsenstraat","'s-Hertogenbosch","'s-Hertogenbosch","Noord-Brabant",false,51.696934,5.327235,"material damage only","4","clear",false,1,"GM0796"
"20220186013",2022,"Uitsluitend materiele schade",2,"Personenauto","Fiets","Flank","Kruispunt, 4 takken",50,"Niet brandend","Daglicht","Droog",\N,\N,"Tramsingel","Breda","Breda","Noord-Brabant",false,51.589196,4.763474,"material damage only","4","clear",false,1,"GM0758"
"20220118424",2022,"Letsel",2,"Fiets","Personenauto","Geparkeerd voertuig","Rechte weg",80,"Niet aanwezig","Duisternis","Droog",\N,"325340014","Beulekamperweg","Nijkerk","Nijkerk","Gelderland",false,52.218212,5.513587,"injury","2","clear",false,1,"GM0267"
"20220124889",2022,"Letsel",1,"Fiets",\N,"Eenzijdig",\N,\N,\N,"Daglicht",\N,\N,\N,"Escamplaan","'s-Gravenhage","'s-Gravenhage","Zuid-Holland",false,52.05198,4.253959,"injury","2","unknown",false,1,"GM0518"
"20220129482",2022,"Uitsluitend materiele schade",2,"Personenauto","Fiets","Flank","Kruispunt, 4 takken",30,"Niet brandend","Daglicht","Droog",\N,\N,"Spoorstraat","Oost-Souburg","Vlissingen","Zeeland",false,51.464604,3.595521,"material damage only","4","clear",false,1,"GM0718"
"20220152010",2022,"Letsel",2,"Fiets","Fiets","Kop/staart","Rechte weg",\N,"Niet aanwezig","Daglicht","Droog",\N,"600521696","FIETSPAD","Spier","Midden-Drenthe","Drenthe",false,52.830152,6.475605,"injury","2","clear",false,1,"GM1731"
"20220180431",2022,"Letsel",2,"Fiets","Overig vast object","Vast voorwerp","Rotonde",50,"Niet brandend","Daglicht","Regen","Bus-/Tramhalte",\N,"van Panhuysstraat","Noordwijk","Noordwijk","Zuid-Holland",false,52.241297,4.446125,"injury","2","rain",false,1,"GM0575"