"accident_id","year","severity_raw","party_count","party1_type","party2_type","accident_type","road_situation","speed_limit_kmh","road_lighting","light_condition_label","weather_raw","infra_type","road_segment_id","street_name","place_name","gemeente_name_raw","province","alcohol_indicated","latitude","longitude","severity_label","severity_code","weather_label","built_up_area","cyclists_involved","gemeente_code"
"20220128403",2022,"Letsel",2,"Personenauto","Fiets","Flank","Rotonde",50,"Niet brandend","Daglicht","Droog",\N,\N,"PAPENDRECHT 1","Papendrecht","Papendrecht","Zuid-Holland",false,51.830542,4.707053,"injury","2","clear",false,1,"GM0590"
"20220129720",2022,"Letsel",2,"Personenauto","e-bike","Flank","Kruispunt, 4 takken",60,"Niet aanwezig","Daglicht","Droog",\N,\N,"Oosthavendijk","Wilhelminadorp","Goes","Zeeland",false,51.534661,3.911925,"injury","2","clear",false,1,"GM0664"
"20220195547",2022,"Uitsluitend materiele schade",1,"e-bike",\N,"Flank","Kruispunt, 4 takken",30,"Niet brandend","Daglicht","Droog",\N,\N,"Wooldrikshoekweg","Enschede","Enschede","Overijssel",false,52.217521,6.921222,"material damage only","4","clear",false,1,"GM0153"
"20220123660",2022,"Uitsluitend materiele schade",2,"Fiets","Personenauto","Flank","Rechte weg",50,"Niet brandend","Daglicht","Droog",\N,"237365058","Amstelveenseweg","Amsterdam","Amsterdam","Noord-Holland",false,52.333326,4.857426,"material damage only","4","clear",false,1,"GM0363"
"20220123691",2022,"Letsel",2,"Personenauto","Fiets","Flank","Rotonde",50,"Niet aanwezig","Daglicht","Droog",\N,\N,"Bijlmerdreef","Amsterdam","Amsterdam","Noord-Holland",false,52.321489,4.971013,"injury","2","clear",false,1,"GM0363"
"20220139377",2022,"Letsel",2,"Personenauto","Fiets","Flank","Kruispunt, 3 takken",50,"Niet brandend","Daglicht","Droog",\N,\N,"Drs. F. Bijlweg","Den Helder","Den Helder","Noord-Holland",false,52.936254,4.75643,"injury","2","clear",false,1,"GM0400"
"20220144952",2022,"Letsel",1,"Fiets",\N,"Eenzijdig","Rechte weg",\N,"Niet aanwezig","Daglicht","Droog",\N,"157316151","Strand Noord","'s-Gravenhage","'s-Gravenhage","Zuid-Holland",false,52.107738,4.269929,"injury","2","clear",false,1,"GM0518"
"20220149676",2022,"Uitsluitend materiele schade",2,"Personenauto","Fiets","Flank","Rotonde",30,"Niet brandend","Daglicht","Droog",\N,\N,"Kerkstraat","Uden","Maashorst","Noord-Brabant",false,51.658048,5.611279,"material damage only","4","clear",false,1,"GM1991"
"20220161794",2022,"Letsel",3,"e-bike","e-bike","Onbekend","Kruispunt, 4 takken",30,"Niet aanwezig","Daglicht","Droog",\N,\N,"SPIJKERPAD","Buren","Ameland","Friesland",false,53.460738,5.887555,"injury","2","clear",false,1,"GM0060"
"20220173747",2022,"Letsel",2,"Personenauto","e-bike","Flank","Rechte weg",50,"Niet brandend","Daglicht","Droog",\N,"244385032","Zuideinde","Landsmeer","Landsmeer","Noord-Holland",false,52.42404,4.909959,"injury","2","clear",false,1,"GM0415"
"20220115312",2022,"Uitsluitend materiele schade",2,"Fiets","Fiets","Frontaal","Rechte weg",30,"Niet brandend","Daglicht","Droog",\N,"365559119","Cambuursterpad","Leeuwarden","Leeuwarden","Friesland",false,53.205744,5.803269,"material damage only","4","clear",false,1,"GM0080"
"20220115316",2022,"Letsel",2,"Bestelauto","Fiets","Frontaal","Rechte weg",60,"Niet brandend","Daglicht","Droog",\N,"379569004","Jelte Binnesweg","Mûnein","Tytsjerksteradiel","Friesland",false,53.249975,5.91235,"injury","2","clear",false,1,"GM0737"
"20220126199",2022,"Letsel",2,"Fiets","Voetganger","Voetganger","Rechte weg",30,"Niet brandend","Daglicht","Droog",\N,"600436208","Mercuriusweg","Delft","Delft","Zuid-Holland",false,51.999666,4.355911,"injury","2","clear",false,1,"GM0503"
"20220173820",2022,"Uitsluitend materiele schade",2,"Fiets","Personenauto","Flank","Rotonde",50,"Niet brandend","Daglicht","Droog",\N,\N,"Bosstraat","Winkel","Hollands Kroon","Noord-Holland",false,52.759683,4.896113,"material damage only","4","clear",false,1,"GM1911"
"20220183468",2022,"Uitsluitend materiele schade",2,"Personenauto","Fiets","Onbekend","Rechte weg",50,"Niet brandend","Daglicht","Droog",\N,"600722184","Zinkweg","Oud-Beijerland","Hoeksche Waard","Zuid-Holland",false,51.818638,4.397802,"material damage only","4","clear",false,1,"GM1963"
"20220186440",2022,"Letsel",2,"Personenauto","Fiets","Onbekend",\N,60,\N,"Daglicht",\N,\N,\N,"Halsterseweg","Halsteren","Bergen op Zoom","Noord-Brabant",false,51.520816,4.275179,"injury","2","unknown",false,1,"GM0748"
"20220188719",2022,"Uitsluitend materiele schade",2,"Bromfiets","Fiets","Frontaal","Rechte weg",50,"Niet brandend","Daglicht","Droog",\N,"351173009","Vlierdensedijk","Helmond","Helmond","Noord-Brabant",false,51.46809,5.685666,"material damage only","4","clear",false,1,"GM0794"
"20220122582",2022,"Uitsluitend materiele schade",1,"Fiets",\N,"Los voorwerp","Rechte weg",30,"Niet aanwezig","Daglicht","Droog",\N,"210358030","Ina Boudier-Bakkerdreef","Hoofddorp","Haarlemmermeer","Noord-Holland",false,52.296531,4.660427,"material damage only","4","clear",false,1,"GM0394"
"20220126296",2022,"Uitsluitend materiele schade",2,"Fiets","Fiets","Onbekend",\N,\N,"Niet brandend","Daglicht","Droog","Brug/viaduct","181326185","Anna Bijnskade","Leiden","Leiden","Zuid-Holland",false,52.155296,4.449846,"material damage only","4","clear",false,1,"GM0546"
"20220139618",2022,"Uitsluitend materiele schade",2,"Fiets","e-bike","Frontaal","Kruispunt, 4 takken",\N,"Niet brandend","Daglicht","Droog",\N,\N,"Kruisweg","Haarlem","Haarlem","Noord-Holland",false,52.38606,4.636356,"material damage only","4","clear",false,1,"GM0392"
"20220172729",2022,"Uitsluitend materiele schade",2,"Personenauto","Fiets","Flank","Kruispunt, 4 takken",50,"Niet brandend","Daglicht","Droog",\N,\N,"Genèvelaan","Utrecht","Utrecht","Utrecht",false,52.086211,5.171258,"material damage only","4","clear",false,1,"GM0344"
"20220121142",2022,"Letsel",1,"e-bike",\N,"Eenzijdig","Rechte weg",50,"Niet brandend","Daglicht","Droog",\N,"600128860","Bussumerstraat","Hilversum","Hilversum","Noord-Holland",false,52.226057,5.174817,"injury","2","clear",false,1,"GM0402"
"20220122673",2022,"Uitsluitend materiele schade",2,"Personenauto","Fiets","Flank","Kruispunt, 3 takken",50,"Niet brandend","Daglicht","Droog",\N,\N,"Mercuriusweg","Wormer","Wormerland","Noord-Holland",false,52.492424,4.799586,"material damage only","4","clear",false,1,"GM0880"
"20220125217",2022,"Letsel",3,"Personenauto","Fiets","Onbekend","Kruispunt, 4 takken",50,"Niet brandend","Daglicht","Droog",\N,\N,"Waalsdorperweg","'s-Gravenhage","'s-Gravenhage","Zuid-Holland",false,52.104971,4.320058,"injury","2","clear",false,1,"GM0518"
"20220136446",2022,"Letsel",2,"Personenauto","Fiets","Flank","Kruispunt, 4 takken",\N,"Niet brandend","Daglicht","Droog",\N,\N,"Woolderesweg","Hengelo","Hengelo (O)","Overijssel",false,52.266107,6.77897,"injury","2","clear",false,1,\N
"20220144040",2022,"Uitsluitend materiele schade",2,"e-bike","Personenauto","Flank","Kruispunt, 3 takken",50,"Niet brandend","Daglicht","Droog",\N,\N,"Wenenweg","'s-Gravenhage","'s-Gravenhage","Zuid-Holland",false,52.022624,4.294709,"material damage only","4","clear",false,1,"GM0518"
"20220145212",2022,"Letsel",1,"Fiets",\N,"Eenzijdig","Rechte weg",30,"Niet brandend","Daglicht","Droog",\N,"170303016","Wingerd","'s-Gravenhage","'s-Gravenhage","Zuid-Holland",false,52.049407,4.368816,"injury","2","clear",false,1,"GM0518"
"20220189033",2022,"Uitsluitend materiele schade",2,"Fiets","Fiets","Frontaal","Rechte weg",\N,"Brandend","Schemer","Droog",\N,"600617697","Emmasingel","Eindhoven","Eindhoven","Noord-Brabant",false,51.438413,5.475224,"material damage only","4","clear",false,1,"GM0772"
"20220190858",2022,"Uitsluitend materiele schade",1,"Fiets",\N,"Onbekend","Rotonde",50,\N,"Daglicht","Droog",\N,\N,"Americaanseweg","Horst","Horst aan de Maas","Limburg",false,51.450314,6.046522,"material damage only","4","clear",false,1,"GM1507"
"20220122771",2022,"Letsel",2,"Personenauto","Fiets","Flank","Kruispunt, 3 takken",50,"Brandend","Duisternis","Droog",\N,\N,"Zeestraat","Beverwijk","Beverwijk","Noord-Holland",true,52.485904,4.637518,"injury","2","clear",false,1,"GM0375"
"20220159307",2022,"Letsel",2,"Personenauto","e-bike","Frontaal","Bocht",30,"Niet brandend","Daglicht","Droog",\N,"251231050","Groot-Zuideveld","Dussen","Altena","Noord-Brabant",false,51.729167,4.963893,"injury","2","clear",false,1,"GM1959"
"20220135637",2022,"Uitsluitend materiele schade",2,"Personenauto","Fiets","Frontaal","Kruispunt, 4 takken",50,"Niet brandend","Daglicht","Droog",\N,\N,"Joan Coststraat","Enschede","Enschede","Overijssel",false,52.226891,6.883868,"material damage only","4","clear",false,1,"GM0153"
"20220174192",2022,"Uitsluitend materiele schade",2,"Fiets","Fiets","Onbekend","Bocht",30,"Niet brandend","Daglicht","Droog",\N,"209361066","Liesbos","Hoofddorp","Haarlemmermeer","Noord-Holland",false,52.312638,4.647519,"material damage only","4","clear",false,1,"GM0394"
"20220185413",2022,"Letsel",2,"Bestelauto","e-bike","Flank","Kruispunt, 4 takken",30,"Niet brandend","Daglicht","Droog",\N,\N,"Sterrenlaan","Puttershoek","Hoeksche Waard","Zuid-Holland",false,51.802654,4.565865,"injury","2","clear",false,1,"GM1963"
"20220191756",2022,"Uitsluitend materiele schade",2,"Personenauto","Fiets","Flank","Bocht",30,"Niet brandend","Daglicht","Droog",\N,\N,"De Swanneblom","Grou","Leeuwarden","Friesland",false,53.090804,5.83441,"material damage only","4","clear",false,1,"GM0080"
"20220127681",2022,"Letsel",3,"Personenauto","Fiets","Onbekend","Rotonde",50,"Niet brandend","Daglicht","Droog","Bus-/Tramhalte",\N,"Azaleastraat","Vlaardingen","Vlaardingen","Zuid-Holland",false,51.918677,4.357271,"injury","2","clear",false,1,"GM0622"
"20220127682",2022,"Letsel",3,"e-bike","Fiets","Onbekend","Rechte weg",50,"Niet brandend","Daglicht","Droog",\N,"600721060","Karel Doormanweg","Schiedam","Schiedam","Zuid-Holland",false,51.909656,4.374631,"injury","2","clear",false,1,"GM0606"
"20220141586",2022,"Letsel",2,"Personenauto","Fiets","Flank","Kruispunt, 3 takken",50,"Niet brandend","Daglicht","Droog",\N,\N,"Weesperstraat","Diemen","Diemen","Noord-Holland",false,52.335521,4.967363,"injury","2","clear",false,1,"GM0384"
"20220150167",2022,"Letsel",2,"Fiets","Personenauto","Flank","Kruispunt, 3 takken",60,"Niet brandend","Daglicht","Droog",\N,\N,"Muizenhol","Bakel","Gemert-Bakel","Noord-Brabant",false,51.497363,5.715502,"injury","2","clear",false,1,"GM1652"
"20220151328",2022,"Uitsluitend materiele schade",2,"Bus","Fiets","Flank","Rechte weg",50,"Niet brandend","Daglicht","Droog",\N,"376043001","Raadhuisstraat","Hulsberg","Beekdaelen","Limburg",false,50.887032,5.857982,"material damage only","4","clear",false,1,"GM1954"
"20220168070",2022,"Letsel",2,"Personenauto","Fiets","Flank","Kruispunt, 4 takken",60,"Niet brandend","Daglicht","Droog",\N,\N,"Elsenpas","Beuningen Gld","Beuningen","Gelderland",false,51.845219,5.7536,"injury","2","clear",false,1,"GM0209"
"20220174244",2022,"Uitsluitend materiele schade",2,"Bestelauto","Fiets","Flank","Kruispunt, 4 takken",30,"Niet brandend","Daglicht","Droog",\N,\N,"Olmenlaan","Zwanenburg","Haarlemmermeer","Noord-Holland",false,52.377007,4.747771,"material damage only","4","clear",false,1,"GM0394"
"20220192362",2022,"Uitsluitend materiele schade",2,"Personenauto","Fiets","Flank","Kruispunt, 4 takken",30,"Niet brandend","Daglicht","Droog",\N,\N,"Frans Halsstraat","Leeuwarden","Leeuwarden","Friesland",false,53.192794,5.793672,"material damage only","4","clear",false,1,"GM0080"
"20220193057",2022,"Letsel",2,"e-bike","Personenauto","Flank","Kruispunt, 4 takken",50,"Niet brandend","Daglicht","Droog",\N,\N,"Westersingel","Drachten","Smallingerland","Friesland",false,53.1131,6.09694,"injury","2","clear",false,1,"GM0090"
"20220196183",2022,"Uitsluitend materiele schade",2,"Personenauto","Fiets","Flank","Kruispunt, 4 takken",80,"Brandend","Duisternis","Droog",\N,\N,"Varsseveldseweg","Doetinchem","Doetinchem","Gelderland",false,51.967766,6.317821,"material damage only","4","clear",false,1,"GM0222"
"20220117706",2022,"Letsel",2,"Fiets","Fiets","Flank","Rechte weg",60,"Niet brandend","Daglicht","Regen",\N,"457359015","Holterstraatweg","Rijssen","Rijssen-Holten","Overijssel",false,52.300419,6.472663,"injury","2","rain",false,1,"GM1742"
"20220140095",2022,"Letsel",1,"Fiets",\N,"Eenzijdig","Rechte weg",70,"Niet brandend","Daglicht","Droog",\N,"233427006","Noordervaart","Stompetoren","Alkmaar","Noord-Holland",false,52.607594,4.840261,"injury","2","clear",false,1,"GM0361"
"20220154466",2022,"Uitsluitend materiele schade",2,"Fiets","Fiets","Flank",\N,50,"Niet brandend","Daglicht","Droog",\N,"255403154","Bunderstraat","Purmerend","Purmerend","Noord-Holland",false,52.503468,4.986036,"material damage only","4","clear",false,1,"GM0439"
"20220155683",2022,"Letsel",2,"Personenauto","Fiets","Flank","Kruispunt, 4 takken",50,"Niet brandend","Daglicht","Droog",\N,\N,"Nieuwe Keizersgracht","Amsterdam","Amsterdam","Noord-Holland",false,52.36537,4.905524,"injury","2","clear",false,1,"GM0363"
"20220171805",2022,"Uitsluitend materiele schade",2,"Personenauto","Fiets","Flank","Kruispunt, 4 takken",30,"Niet brandend","Duisternis",\N,\N,\N,"Vredenburg","Utrecht","Utrecht","Utrecht",false,52.093133,5.114765,"material damage only","4","unknown",false,1,"GM0344"
"20220125623",2022,"Uitsluitend materiele schade",2,"Bestelauto","Fiets","Flank","Kruispunt, 4 takken",\N,\N,"Daglicht",\N,\N,\N,"Heereweg","Lisse","Lisse","Zuid-Holland",false,52.260728,4.554866,"material damage only","4","unknown",false,1,"GM0553"
"20220126543",2022,"Uitsluitend materiele schade",2,"Personenauto","Fiets","Flank","Rotonde",50,"Niet brandend","Daglicht","Droog",\N,\N,"Nieuwe Parklaan","'s-Gravenhage","'s-Gravenhage","Zuid-Holland",false,52.099713,4.300641,"material damage only","4","clear",false,1,"GM0518"
"20220126573",2022,"Letsel",1,"Fiets",\N,"Eenzijdig","Rechte weg",50,"Niet brandend","Daglicht","Droog",\N,"174323064","Prinsenweg","Wassenaar","Wassenaar","Zuid-Holland",false,52.140911,4.399227,"injury","2","clear",false,1,"GM0629"
"20220144462",2022,"Letsel",2,"Personenauto","Fiets","Flank","Kruispunt, 4 takken",50,"Niet brandend","Daglicht","Regen",\N,\N,"Houtwijklaan","'s-Gravenhage","'s-Gravenhage","Zuid-Holland",false,52.056029,4.251334,"injury","2","rain",false,1,"GM0518"
"20220153466",2022,"Uitsluitend materiele schade",2,"Bromfiets","Fiets","Onbekend",\N,50,\N,"Daglicht",\N,\N,"600398992","Eldenseweg","Arnhem","Arnhem","Gelderland",false,51.978434,5.899508,"material damage only","4","unknown",false,1,"GM0202"
"20220173139",2022,"Letsel",2,"Bromfiets","Fiets","Flank","Rechte weg",\N,"Niet brandend","Daglicht","Regen",\N,\N,"Forum","Houten","Houten","Utrecht",false,52.017287,5.180803,"injury","2","rain",false,1,"GM0321"
"20220196956",2022,"Uitsluitend materiele schade",2,"Fiets","Fiets","Frontaal","Rotonde",50,"Niet brandend","Daglicht","Droog",\N,\N,"Grotebrugse Grintweg","Tiel","Tiel","Gelderland",false,51.901217,5.443362,"material damage only","4","clear",false,1,"GM0281"
"20220197582",2022,"Uitsluitend materiele schade",2,"Personenauto","Fiets","Flank","Kruispunt, 3 takken",30,"Niet brandend","Daglicht","Mist",\N,\N,"Alkmaarsingel","Arnhem","Arnhem","Gelderland",false,51.96188,5.870913,"material damage only","4","fog",false,1,"GM0202"
"20220198165",2022,"Letsel",2,"Bestelauto","Fiets","Eenzijdig","Kruispunt, 4 takken",50,"Niet brandend","Daglicht","Droog",\N,\N,"Wiedenbroeksingel","Haaksbergen","Haaksbergen","Overijssel",false,52.16212,6.749489,"injury","2","clear",false,1,"GM0158"
"20220119109",2022,"Uitsluitend materiele schade",2,"Snorfiets","Fiets","Flank","Kruispunt, 3 takken",50,"Niet brandend","Daglicht","Droog",\N,\N,"Snipperlingsdijk","Deventer","Deventer","Overijssel",false,52.251625,6.191314,"material damage only","4","clear",false,1,"GM0150"
"20220124210",2022,"Letsel",1,"Fiets",\N,"Eenzijdig",\N,\N,\N,"Daglicht",\N,\N,"600752823","Lascarpad","Amsterdam","Amsterdam","Noord-Holland",false,52.369399,4.7585,"injury","2","unknown",false,1,"GM0363"
"20220124240",2022,"Letsel",2,"Personenauto","Fiets","Geparkeerd voertuig","Rechte weg",30,"Niet brandend","Daglicht","Droog",\N,"254363100","Bijlmerdreef","Amsterdam","Amsterdam","Noord-Holland",false,52.323932,4.978867,"injury","2","clear",false,1,"GM0363"
"20220134777",2022,"Letsel",2,"Fiets","Fiets","Frontaal","Rechte weg",80,"Brandend","Duisternis","Droog",\N,"404560016","Tillewei","Drogeham","Achtkarspelen","Friesland",false,53.206492,6.099057,"injury","2","clear",false,1,"GM0059"
"20220144479",2022,"Uitsluitend materiele schade",2,"Bromfiets","Fiets","Frontaal","Rechte weg",30,"Niet brandend","Daglicht","Droog",\N,"600108067","Laan van Hoornwijck","'s-Gravenhage","'s-Gravenhage","Zuid-Holland",false,52.046221,4.357597,"material damage only","4","clear",false,1,"GM0518"
"20240084758",2024,"Letsel",2,"Personenauto","Fiets","Flank","Rotonde",50,"Niet brandend","Daglicht","Regen",\N,\N,"Hoge Hondstraat","Deventer","Deventer","Overijssel",false,52.26296,6.162714,"injury","2","rain",false,1,"GM0150"
"20240087413",2024,"Uitsluitend materiele schade",2,"Personenauto","Fiets","Flank","Kruispunt, 4 takken",50,"Brandend","Duisternis","Droog",\N,\N,"Kaatstraat","Utrecht","Utrecht","Utrecht",false,52.097946,5.112145,"material damage only","4","clear",false,1,"GM0344"
"20240089333",2024,"Letsel",2,"Bromfiets","Fiets","Flank","Kruispunt, 4 takken",30,"Niet brandend","Daglicht","Droog",\N,\N,"Van Vollenhovenplein","Leiden","Leiden","Zuid-Holland",false,52.149516,4.509883,"injury","2","clear",false,1,"GM0546"
"20240089983",2024,"Uitsluitend materiele schade",2,"Personenauto","Fiets","Flank","Kruispunt, 4 takken",50,"Niet brandend","Daglicht","Droog",\N,\N,"Schaepmanlaan","Zwijndrecht","Zwijndrecht","Zuid-Holland",false,51.826848,4.657818,"material damage only","4","clear",false,1,"GM0642"
"20240091957",2024,"Uitsluitend materiele schade",2,"Fiets","Fiets","Flank","Kruispunt, 4 takken",30,"Brandend","Duisternis","Droog",\N,\N,"Boterstraat","Oss","Oss","Noord-Brabant",false,51.765791,5.524787,"material damage only","4","clear",false,1,"GM0828"
"20240096102",2024,"Uitsluitend materiele schade",2,"Fiets","Personenauto","Flank","Rotonde",50,"Niet brandend","Daglicht","Droog",\N,\N,"Dorpsweg","Maartensdijk","De Bilt","Utrecht",false,52.158511,5.165125,"material damage only","4","clear",false,1,"GM0310"
"20240098128",2024,"Letsel",2,"Personenauto","Fiets","Flank","Bocht",30,"Niet brandend","Daglicht","Droog",\N,\N,"Stationsweg","Leiden","Leiden","Zuid-Holland",false,52.163478,4.484449,"injury","2","clear",false,1,"GM0546"
"20240041006",2024,"Letsel",2,"Fiets","Voetganger","Voetganger","Rechte weg",30,"Brandend","Duisternis","Droog",\N,"600946166","Dammerweg","Weesp","Amsterdam","Noord-Holland",false,52.285216,5.069833,"injury","2","clear",false,1,"GM0363"
"20240050222",2024,"Letsel",2,"Bus","Fiets","Flank","Kruispunt, 4 takken",50,"Niet brandend","Daglicht","Droog",\N,\N,"Trompplein","Voorschoten","Voorschoten","Zuid-Holland",false,52.146808,4.456697,"injury","2","clear",false,1,"GM0626"
"20240073015",2024,"Uitsluitend materiele schade",2,"Personenauto","Fiets","Onbekend",\N,\N,\N,"Daglicht",\N,\N,"263186076","Rillaerse-Baan","Goirle","Goirle","Noord-Brabant",false,51.52961,5.052519,"material damage only","4","unknown",false,1,"GM0785"
"20240074505",2024,"Letsel",2,"Snorfiets","Fiets","Onbekend","Rechte weg",50,"Niet brandend","Daglicht","Droog",\N,"601030283","Maasveldpad","Tegelen","Venlo","Limburg",false,51.353013,6.144271,"injury","2","clear",false,1,"GM0983"
"20240077862",2024,"Uitsluitend materiele schade",2,"Personenauto","Fiets","Onbekend","Rechte weg",60,"Niet aanwezig","Daglicht","Droog",\N,"477410004","Kanaalweg-West","Bergentheim","Hardenberg","Overijssel",false,52.529737,6.622911,"material damage only","4","clear",false,1,"GM0160"
"20240092800",2024,"Letsel",2,"Personenauto","Fiets","Flank","Kruispunt, 3 takken",50,"Niet brandend","Daglicht","Droog",\N,\N,"Hervensebaan","'s-Hertogenbosch","'s-Hertogenbosch","Noord-Brabant",false,51.703745,5.325624,"injury","2","clear",false,1,"GM0796"
"20240092805",2024,"Uitsluitend materiele schade",2,"Fiets","Bromfiets","Flank","Rechte weg",15,"Niet brandend","Daglicht","Droog",\N,"600548275","FIETSPAD","Venlo","Venlo","Limburg",false,51.370354,6.165301,"material damage only","4","clear",false,1,"GM0983"
"20240092825",2024,"Uitsluitend materiele schade",2,"Bestelauto","Fiets","Onbekend","Rechte weg",30,"Niet brandend","Daglicht","Droog",\N,\N,"Sint Sebastiaanstraat","Oss","Oss","Noord-Brabant",false,51.768431,5.521431,"material damage only","4","clear",false,1,"GM0828"
"20240097589",2024,"Letsel",2,"Fiets","Voetganger","Dier","Rechte weg",50,"Niet brandend","Daglicht","Droog",\N,"173287010","Overslagpad","Delft","Delft","Zuid-Holland",false,51.972858,4.398492,"injury","2","clear",false,1,"GM0503"
"20240048993",2024,"Letsel",2,"Fiets","Fiets","Frontaal","Rechte weg",\N,"Niet brandend","Daglicht","Droog",\N,"481372069","Aalderinkssingel","Almelo","Almelo","Overijssel",false,52.357278,6.647081,"injury","2","clear",false,1,"GM0141"
"20240079719",2024,"Letsel",2,"Snorfiets","Fiets","Frontaal","Rechte weg",30,"Brandend","Duisternis","Droog",\N,"238374021","Admiraal De Ruijterweg","Amsterdam","Amsterdam","Noord-Holland",false,52.371122,4.86159,"injury","2","clear",false,1,"GM0363"
"20240089395",2024,"Letsel",2,"Fiets","Voetganger","Voetganger","Rechte weg",30,"Niet brandend","Daglicht","Droog",\N,"600626903","FIETSPAD","Wassenaar","Wassenaar","Zuid-Holland",false,52.141674,4.341178,"injury","2","clear",false,1,"GM0629"
"20240089416",2024,"Letsel",2,"Fiets","Overig vast object","Los voorwerp","Kruispunt, 4 takken",50,"Niet brandend","Daglicht","Droog",\N,\N,"Ridder van Catsweg","Gouda","Gouda","Zuid-Holland",false,52.028025,4.705612,"injury","2","clear",false,1,"GM0513"
"20240093139",2024,"Letsel",2,"Personenauto","Fiets","Flank","Kruispunt, 3 takken",50,"Niet brandend","Daglicht","Droog",\N,\N,"Rosendaalseweg","Arnhem","Arnhem","Gelderland",false,51.993461,5.932493,"injury","2","clear",false,1,"GM0202"
"20240095096",2024,"Uitsluitend materiele schade",2,"Personenauto","Fiets","Flank","Rechte weg",30,"Niet brandend","Daglicht","Droog",\N,"405538063","Vogelzang","Drachten","Smallingerland","Friesland",false,53.10997,6.101573,"material damage only","4","clear",false,1,"GM0090"
"20240096761",2024,"Uitsluitend materiele schade",2,"Personenauto","Fiets","Flank","Kruispunt, 4 takken",30,"Niet brandend","Daglicht","Droog",\N,\N,"Elbert Mooijlaan","Kortenhoef","Wijdemeren","Noord-Holland",false,52.241918,5.117911,"material damage only","4","clear",false,1,"GM1696"
"20240097780",2024,"Uitsluitend materiele schade",2,"Fiets","Personenauto","Flank","Kruispunt, 4 takken",30,"Niet brandend","Daglicht","Droog",\N,\N,"C. van Eesterenlaan","Amsterdam","Amsterdam","Noord-Holland",false,52.3711,4.938382,"material damage only","4","clear",false,1,"GM0363"
"20240098492",2024,"Uitsluitend materiele schade",2,"Personenauto","Fiets","Flank","Kruispunt, 3 takken",50,"Niet brandend","Daglicht","Droog",\N,\N,"Rijnlanderweg","Hoofddorp","Haarlemmermeer","Noord-Holland",false,52.286568,4.705384,"material damage only","4","clear",false,1,"GM0394"
"20240084310",2024,"Uitsluitend materiele schade",2,"Snorfiets","Fiets","Onbekend","Rechte weg",50,"Niet brandend","Daglicht","Droog",\N,"601106137","Holterweg","Colmschate","Deventer","Overijssel",false,52.249606,6.230589,"material damage only","4","clear",false,1,"GM0150"
"20240085526",2024,"Uitsluitend materiele schade",2,"Motor","Fiets","Flank","Kruispunt, 4 takken",50,"Niet brandend","Daglicht","Droog",\N,\N,"Otterswijk","Dedemsvaart","Hardenberg","Overijssel",false,52.596692,6.524062,"material damage only","4","clear",false,1,"GM0160"
"20240093172",2024,"Uitsluitend materiele schade",2,"Personenauto","Fiets","Kop/staart","Rechte weg",30,"Niet brandend","Daglicht","Droog",\N,"492287049","Burgemeester Bosmastraat","Winterswijk","Winterswijk","Gelderland",false,51.973893,6.71946,"material damage only","4","clear",false,1,"GM0294"
"20240097812",2024,"Letsel",2,"Bromfiets","Fiets","Flank","Kruispunt, 3 takken",30,"Niet brandend","Daglicht","Regen",\N,\N,"Prinses Beatrixlaan","Rijswijk","Rijswijk","Zuid-Holland",false,52.018305,4.332658,"injury","2","rain",false,1,\N
"20240098542",2024,"Letsel",2,"Personenauto","Fiets","Flank","Kruispunt, 3 takken",50,"Niet brandend","Daglicht","Droog",\N,\N,"Rigastraat","Wormer","Wormerland","Noord-Holland",false,52.490905,4.812434,"injury","2","clear",false,1,"GM0880"
"20240045413",2024,"Uitsluitend materiele schade",2,"Bestelauto","Fiets","Flank","Rotonde",50,"Niet brandend","Daglicht","Regen",\N,\N,"Rijnstraat","'s-Hertogenbosch","'s-Hertogenbosch","Noord-Brabant",false,51.690426,5.325033,"material damage only","4","rain",false,1,"GM0796"
"20240049059",2024,"Letsel",2,"Fiets","Overig vast object","Vast voorwerp","Rechte weg",30,"Niet aanwezig","Daglicht","Droog",\N,"499358061","Tuinlaan","Borne","Borne","Overijssel",false,52.295367,6.774674,"injury","2","clear",false,1,"GM0147"
"20240049084",2024,"Letsel",1,"Fiets",\N,"Onbekend","Rechte weg",80,"Niet brandend","Daglicht","Droog",\N,"600934621","Wijheseweg","Raalte","Raalte","Overijssel",false,52.380178,6.215433,"injury","2","clear",false,1,"GM0177"
"20240049706",2024,"Letsel",1,"Fiets",\N,"Onbekend","Rechte weg",80,"Niet brandend","Daglicht","Droog",\N,"600542304","Noord Ringdijk","Moordrecht","Zuidplas","Zuid-Holland",false,52.013321,4.665012,"injury","2","clear",false,1,"GM1892"
"20240078585",2024,"Uitsluitend materiele schade",2,"Personenauto","Fiets","Flank","Kruispunt, 3 takken",50,"Niet brandend","Daglicht","Droog",\N,\N,"Withuysstraat","'s-Gravenhage","'s-Gravenhage","Zuid-Holland",false,52.057042,4.31766,"material damage only","4","clear",false,1,"GM0518"
"20240094676",2024,"Uitsluitend materiele schade",2,"Snorfiets","Fiets","Frontaal","Rechte weg",30,"Brandend","Duisternis","Droog",\N,"374257074","Snelbinder","Nijmegen","Nijmegen","Gelderland",false,51.848601,5.855019,"material damage only","4","clear",false,1,"GM0268"
"20240098581",2024,"Uitsluitend materiele schade",2,"Fiets","Fiets","Flank","Rechte weg",30,"Niet brandend","Daglicht","Droog",\N,"600760200","Van der Hooplaan","Amstelveen","Amstelveen","Noord-Holland",false,52.292419,4.854787,"material damage only","4","clear",false,1,"GM0362"