"accident_id","year","severity_raw","party_count","party1_type","party2_type","accident_type","road_situation","speed_limit_kmh","road_lighting","light_condition_label","weather_raw","infra_type","road_segment_id","street_name","place_name","gemeente_name_raw","province","alcohol_indicated","latitude","longitude","severity_label","severity_code","weather_label","built_up_area","cyclists_involved","gemeente_code"
"20240098587",2024,"Letsel",2,"Bromfiets","Fiets","Flank","Rechte weg",30,"Niet brandend","Daglicht","Droog","Tunnel","600574874","Meibergpad","Amsterdam","Amsterdam","Noord-Holland",false,52.295396,4.952923,"injury","2","clear",false,1,"GM0363"
"20240041152",2024,"Uitsluitend materiele schade",2,"Snorfiets","Fiets","Kop/staart","Rechte weg",30,"Niet brandend","Daglicht","Droog",\N,\N,"Huigenbos","Amsterdam","Amsterdam","Noord-Holland",false,52.305748,4.958441,"material damage only","4","clear",false,1,"GM0363"
"20240043924",2024,"Uitsluitend materiele schade",2,"Personenauto","Fiets","Flank","Kruispunt, 4 takken",50,"Brandend","Duisternis","Droog",\N,\N,"Noorderbrugsingel","Maastricht","Maastricht","Limburg",false,50.856827,5.680449,"material damage only","4","clear",false,1,"GM0935"
"20240078596",2024,"Letsel",1,"Fiets",\N,"Eenzijdig","Rechte weg",50,"Niet brandend","Daglicht","Droog",\N,\N,"Escamplaan","'s-Gravenhage","'s-Gravenhage","Zuid-Holland",false,52.063222,4.273325,"injury","2","clear",false,1,"GM0518"
"20240086239",2024,"Letsel",2,"Personenauto","Fiets","Flank","Kruispunt, 4 takken",30,"Niet brandend","Daglicht","Droog",\N,\N,"Vogelzand","Julianadorp","Den Helder","Noord-Holland",false,52.896466,4.742227,"injury","2","clear",false,1,"GM0400"
"20240086245",2024,"Letsel",1,"Fiets",\N,"Onbekend","Rechte weg",50,"Niet brandend","Daglicht","Droog",\N,\N,"Mozartstraat","Heemskerk","Heemskerk","Noord-Holland",false,52.519018,4.677619,"injury","2","clear",false,1,"GM0396"
"20240093562",2024,"Letsel",2,"Personenauto","Fiets","Flank","Kruispunt, 4 takken",80,"Niet brandend","Daglicht","Droog",\N,\N,"Dikelsestraat","Bemmel","Lingewaard","Gelderland",false,51.906286,5.910802,"injury","2","clear",false,1,"GM1705"
"20240094707",2024,"Letsel",2,"Fiets","Bestelauto","Flank","Kruispunt, 4 takken",30,"Niet brandend","Daglicht","Droog",\N,\N,"Boomcateweg","Nijverdal","Hellendoorn","Overijssel",false,52.362752,6.484934,"injury","2","clear",false,1,"GM0163"
"20240095708",2024,"Letsel",2,"Personenauto","Fiets","Geparkeerd voertuig","Rechte weg",50,"Niet brandend","Daglicht","Droog",\N,"223502130","Waddenzeestraat","Den Helder","Den Helder","Noord-Holland",false,52.944472,4.744941,"injury","2","clear",false,1,"GM0400"
"20240098327",2024,"Uitsluitend materiele schade",2,"Personenauto","Fiets","Flank","Rechte weg",30,"Brandend","Duisternis","Droog",\N,"243372049","Herengracht","Amsterdam","Amsterdam","Noord-Holland",false,52.3648,4.896955,"material damage only","4","clear",false,1,"GM0363"
"20240098336",2024,"Uitsluitend materiele schade",2,"Personenauto","Fiets","Flank","Kruispunt, 4 takken",50,"Niet brandend","Daglicht","Droog",\N,\N,"Holterbergweg","Amsterdam","Amsterdam","Noord-Holland",false,52.310316,4.938209,"material damage only","4","clear",false,1,"GM0363"
"20240043302",2024,"Letsel",2,"Snorfiets","Fiets","Kop/staart","Rechte weg",30,"Niet brandend","Daglicht","Droog",\N,"145290003","Galgeweg","'s-Gravenzande","Westland","Zuid-Holland",true,51.988924,4.193054,"injury","2","clear",false,1,"GM1783"
"20240085002",2024,"Uitsluitend materiele schade",2,"Personenauto","Fiets","Flank","Kruispunt, 4 takken",30,"Niet brandend","Daglicht","Droog",\N,\N,"Rademarkt","Groningen","Groningen","Groningen",false,53.215106,6.572564,"material damage only","4","clear",false,1,"GM0014"
"20240088928",2024,"Letsel",2,"Fiets","Voetganger","Voetganger","Rechte weg",\N,"Niet brandend","Daglicht","Droog",\N,"240372134","Leidseplein","Amsterdam","Amsterdam","Noord-Holland",false,52.362949,4.88041,"injury","2","clear",false,1,"GM0363"
"20240095787",2024,"Letsel",2,"Personenauto","Fiets","Onbekend","Rechte weg",50,"Niet brandend","Daglicht","Regen",\N,"226503078","Meeuwenstraat","Den Helder","Den Helder","Noord-Holland",false,52.952803,4.763396,"injury","2","rain",false,1,"GM0400"
"20240101835",2024,"Uitsluitend materiele schade",2,"Personenauto","Fiets","Flank","Rechte weg",30,"Niet brandend","Daglicht","Droog",\N,"325236107","Schaepmanlaan","Oss","Oss","Noord-Brabant",false,51.752554,5.501091,"material damage only","4","clear",false,1,"GM0828"
"20240077428",2024,"Letsel",2,"Fiets","Los voorwerp","Los voorwerp","Rechte weg",50,"Niet aanwezig","Daglicht","Droog","Tunnel","600542914","VOETPAD","Hilversum","Hilversum","Noord-Holland",false,52.227889,5.153689,"injury","2","clear",false,1,"GM0402"
"20240083806",2024,"Uitsluitend materiele schade",2,"Personenauto","Fiets","Kop/staart","Rechte weg",30,"Niet brandend","Daglicht","Droog",\N,"600801138","Hoogstraat","Eindhoven","Eindhoven","Noord-Brabant",false,51.428096,5.464794,"material damage only","4","clear",false,1,"GM0772"
"20240094357",2024,"Letsel",3,"Personenauto","Fiets","Onbekend","Kruispunt, 4 takken",50,"Niet brandend","Daglicht","Droog",\N,\N,"Zwartenhof","Elst","Overbetuwe","Gelderland",false,51.915832,5.83753,"injury","2","clear",false,1,"GM1734"
"20240102195",2024,"Uitsluitend materiele schade",2,"Bestelauto","Fiets","Flank","Kruispunt, 4 takken",50,"Niet brandend","Daglicht","Droog",\N,\N,"Schanswetering","'s-Hertogenbosch","'s-Hertogenbosch","Noord-Brabant",false,51.706926,5.313621,"material damage only","4","clear",false,1,"GM0796"
"20240102488",2024,"Letsel",2,"Fiets","Boom","Vast voorwerp","Bocht",30,"Niet brandend","Daglicht","Droog",\N,"600428611","Sportlaan","Drunen","Heusden","Noord-Brabant",false,51.676659,5.142076,"injury","2","clear",false,1,"GM0797"
"20240103263",2024,"Uitsluitend materiele schade",2,"Personenauto","Fiets","Flank","Kruispunt, 4 takken",50,"Niet brandend","Daglicht","Droog",\N,\N,"Hereweg","Landgraaf","Landgraaf","Limburg",false,50.902281,6.028155,"material damage only","4","clear",false,1,"GM0882"
"20240045567",2024,"Uitsluitend materiele schade",2,\N,"e-bike","Flank","Kruispunt, 3 takken",50,"Niet brandend","Daglicht","Droog",\N,\N,"Koninginnenlaan","'s-Hertogenbosch","'s-Hertogenbosch","Noord-Brabant",false,51.691045,5.296201,"material damage only","4","clear",false,1,"GM0796"
"20240050515",2024,"Letsel",2,"Snorfiets","e-bike","Flank","Rechte weg",50,"Niet brandend","Daglicht","Droog",\N,"600906766","Segbroeklaan","'s-Gravenhage","'s-Gravenhage","Zuid-Holland",false,52.081895,4.26948,"injury","2","clear",false,1,"GM0518"
"20240080732",2024,"Letsel",1,"Fiets",\N,"Eenzijdig","Rechte weg",50,"Niet brandend","Daglicht","Droog",\N,"600532273","Kralingse Zoom","Rotterdam","Rotterdam","Zuid-Holland",false,51.917439,4.529241,"injury","2","clear",false,1,"GM0599"
"20240085071",2024,"Letsel",2,"Bromfiets","Fiets","Flank","Kruispunt, 4 takken",50,"Niet brandend","Daglicht","Droog",\N,\N,"Damsterdiep","Groningen","Groningen","Groningen",false,53.217522,6.576513,"injury","2","clear",false,1,"GM0014"
"20240095843",2024,"Letsel",2,"Bestelauto","e-bike","Flank","Kruispunt, 4 takken",30,"Niet brandend","Daglicht","Droog",\N,\N,"Dorpsstraat","Zwaag","Hoorn","Noord-Holland",false,52.65938,5.042661,"injury","2","clear",false,1,"GM0405"
"20240044091",2024,"Uitsluitend materiele schade",1,"Fiets",\N,"Onbekend",\N,\N,"Niet brandend","Daglicht","Droog",\N,"315165006","Hurksestraat","Eindhoven","Eindhoven","Noord-Brabant",false,51.435058,5.430133,"material damage only","4","clear",false,1,"GM0772"
"20240048672",2024,"Uitsluitend materiele schade",2,"Personenauto","Fiets","Flank","Rotonde",50,"Niet brandend","Daglicht","Droog",\N,\N,"Koersendijk","Nijverdal","Hellendoorn","Overijssel",false,52.37038,6.464853,"material damage only","4","clear",false,1,"GM0163"
"20240049273",2024,"Uitsluitend materiele schade",2,"Fiets","Personenauto","Onbekend","Kruispunt, 4 takken",50,"Niet brandend","Daglicht","Droog",\N,\N,"Evertsenstraat","Amersfoort","Amersfoort","Utrecht",false,52.163777,5.397492,"material damage only","4","clear",false,1,"GM0307"
"20240074843",2024,"Uitsluitend materiele schade",2,"Fiets","Fiets","Onbekend","Kruispunt, 3 takken",50,"Niet brandend","Daglicht","Droog",\N,\N,"Herman Boerhaavelaan","Deventer","Deventer","Overijssel",false,52.265529,6.169752,"material damage only","4","clear",false,1,"GM0150"
"20240089725",2024,"Letsel",1,"Fiets",\N,"Eenzijdig","Rechte weg",50,"Brandend","Duisternis","Droog",\N,"269200033","Vlashoflaan","Tilburg","Tilburg","Noord-Brabant",false,51.588843,5.096655,"injury","2","clear",false,1,"GM0855"
"20240094879",2024,"Letsel",1,"Fiets",\N,"Onbekend","Rechte weg",60,"Niet brandend","Daglicht","Droog",\N,"600857852","Meenteweg","Meppel","Meppel","Drenthe",false,52.735134,6.207848,"injury","2","clear",false,1,"GM0119"
"20240096428",2024,"Uitsluitend materiele schade",2,"Snorfiets","Fiets","Flank","Kruispunt, 3 takken",30,"Niet brandend","Daglicht","Droog",\N,\N,"Corsicastraat","Almere","Almere","Flevoland",false,52.398822,5.301521,"material damage only","4","clear",false,1,"GM0034"
"20240099043",2024,"Uitsluitend materiele schade",2,"Personenauto","Fiets","Flank","Kruispunt, 4 takken",30,"Niet brandend","Daglicht","Droog",\N,\N,"Meester Fluitmanstraat","Enkhuizen","Enkhuizen","Noord-Holland",false,52.71245,5.281912,"material damage only","4","clear",false,1,"GM0388"
"20240082601",2024,"Uitsluitend materiele schade",2,"Personenauto","Fiets","Kop/staart","Rechte weg",30,"Niet brandend","Daglicht","Droog",\N,"344186039","Smalleweg","Beek en Donk","Laarbeek","Noord-Brabant",false,51.530502,5.633133,"material damage only","4","clear",false,1,"GM1659"
"20240083895",2024,"Letsel",3,"Fiets",\N,"Vast voorwerp","Rechte weg",50,"Niet brandend","Daglicht","Droog",\N,"600536356","Woestijnestraat","Clinge","Hulst","Zeeland",false,51.277197,4.11694,"injury","2","clear",false,1,"GM0677"
"20240094491",2024,"Letsel",2,"Personenauto","Fiets","Onbekend","Rechte weg",60,"Niet brandend","Daglicht","Droog",\N,"600954816","Grafhorsterweg","IJsselmuiden","Kampen","Overijssel",false,52.577046,5.933603,"injury","2","clear",false,1,"GM0166"
"20240094509",2024,"Uitsluitend materiele schade",2,"Bestelauto","Fiets","Flank","Rechte weg",50,"Niet brandend","Daglicht","Droog",\N,"476420060","Oude Bosch","Hardenberg","Hardenberg","Overijssel",false,52.574881,6.615656,"material damage only","4","clear",false,1,"GM0160"
"20240094919",2024,"Uitsluitend materiele schade",2,"Brommobiel","Fiets","Flank","Kruispunt, 4 takken",50,"Niet brandend","Daglicht","Droog",\N,\N,"Graafseweg","Nijmegen","Nijmegen","Gelderland",false,51.840864,5.857031,"material damage only","4","clear",false,1,"GM0268"
"20240096495",2024,"Uitsluitend materiele schade",2,"Personenauto","Fiets","Flank","Kruispunt, 4 takken",50,"Niet brandend","Daglicht","Droog",\N,\N,"Hogeweg","Harderwijk","Harderwijk","Gelderland",false,52.349579,5.62332,"material damage only","4","clear",false,1,"GM0243"
"20240099222",2024,"Uitsluitend materiele schade",2,"Fiets","Personenauto","Eenzijdig","Kruispunt, 3 takken",30,"Niet brandend","Daglicht","Regen",\N,\N,"Melklaan","Velsen-Noord","Velsen","Noord-Holland",false,52.473234,4.644888,"material damage only","4","rain",false,1,"GM0453"
"20240099494",2024,"Uitsluitend materiele schade",2,"Personenauto","Fiets","Flank","Rechte weg",30,"Niet brandend","Daglicht","Droog",\N,"600598273","Langeweg","Ossendrecht","Woensdrecht","Noord-Brabant",false,51.381651,4.313903,"material damage only","4","clear",false,1,"GM0873"
"20240100299",2024,"Letsel",2,"Personenauto","Fiets","Flank","Kruispunt, 4 takken",50,"Niet brandend","Daglicht","Droog",\N,"184277039","Bergweg","Rotterdam","Rotterdam","Zuid-Holland",false,51.93291,4.472487,"injury","2","clear",false,1,"GM0599"
"20240100692",2024,"Letsel",1,"Fiets",\N,"Onbekend","Rechte weg",30,"Brandend","Duisternis","Regen",\N,"600677360","Lange Kleiweg","Rijswijk","Rijswijk","Zuid-Holland",false,52.026784,4.341013,"injury","2","rain",false,1,\N
"20240048728",2024,"Uitsluitend materiele schade",2,"Fiets","Fiets","Frontaal","Rechte weg",30,"Niet brandend","Daglicht","Droog",\N,"268310091","Everard Meijsterlaan","Utrecht","Utrecht","Utrecht",false,52.087333,5.083177,"material damage only","4","clear",false,1,"GM0344"
"20240077264",2024,"Uitsluitend materiele schade",2,"Personenauto","Fiets","Onbekend","Kruispunt, 4 takken",50,"Niet brandend","Daglicht","Droog",\N,\N,"Wiekslag","Amersfoort","Amersfoort","Utrecht",false,52.16553,5.408898,"material damage only","4","clear",false,1,"GM0307"
"20240082620",2024,"Letsel",2,"Personenauto","Fiets","Flank","Kruispunt, 3 takken",30,"Niet brandend","Daglicht","Droog",\N,\N,"Lavendel","Oisterwijk","Oisterwijk","Noord-Brabant",false,51.581919,5.175937,"injury","2","clear",false,1,"GM0824"
"20240087194",2024,"Uitsluitend materiele schade",2,"e-bike","Fiets","Flank","Kruispunt, 4 takken",50,"Niet brandend","Daglicht","Droog",\N,\N,"Punter 20","Lelystad","Lelystad","Flevoland",false,52.517739,5.44957,"material damage only","4","clear",false,1,"GM0995"
"20240099259",2024,"Uitsluitend materiele schade",2,"Bestelauto","Fiets","Flank","Kruispunt, 3 takken",50,"Niet brandend","Daglicht","Droog",\N,\N,"Radiostraat","Rotterdam","Rotterdam","Zuid-Holland",false,51.912675,4.420908,"material damage only","4","clear",false,1,"GM0599"
"20240101070",2024,"Letsel",2,"Personenauto","Fiets","Flank","Rotonde",30,"Niet brandend","Daglicht","Droog",\N,\N,"de Sprong","Hellevoetsluis","Voorne aan Zee","Zuid-Holland",false,51.831926,4.150708,"injury","2","clear",false,1,"GM1992"
"20240097165",2024,"Letsel",2,"Personenauto","Fiets","Onbekend","Rotonde",50,"Niet brandend","Daglicht","Regen",\N,\N,"Matenpoort","Apeldoorn","Apeldoorn","Gelderland",false,52.202447,5.99094,"injury","2","rain",false,1,"GM0200"
"20240100591",2024,"Uitsluitend materiele schade",2,"Fiets","Snorfiets","Kop/staart","Kruispunt, 4 takken",\N,"Niet brandend","Daglicht","Droog",\N,\N,"Posthumalaan","Rotterdam","Rotterdam","Zuid-Holland",false,51.907291,4.491006,"material damage only","4","clear",false,1,"GM0599"
"20240100755",2024,"Letsel",2,"Personenauto","Fiets","Onbekend","Rechte weg",30,"Niet brandend","Daglicht","Droog",\N,"600378696","Wildhoeflaan","'s-Gravenhage","'s-Gravenhage","Zuid-Holland",false,52.077409,4.247009,"injury","2","clear",false,1,"GM0518"
"20240101192",2024,"Letsel",1,"Fiets",\N,"Onbekend","Kruispunt, 3 takken",60,"Niet brandend","Daglicht","Droog",\N,\N,"IJsseldijk-Noord","Ouderkerk aan den IJssel","Krimpenerwaard","Zuid-Holland",false,51.953563,4.649711,"injury","2","clear",false,1,"GM1931"
"20240101216",2024,"Letsel",2,"Fiets","Fiets","Flank","Rechte weg",30,"Brandend","Duisternis","Harde windstoten/Regen",\N,"148289052","De Hoge Bomen","Naaldwijk","Westland","Zuid-Holland",false,51.982207,4.21134,"injury","2","unknown",false,1,"GM1783"
"20240048807",2024,"Dodelijk",2,"Bestelauto","Fiets","Flank","Kruispunt, 3 takken",60,"Niet brandend","Daglicht","Droog",\N,\N,"Oostrumsdijkje","Houten","Houten","Utrecht",false,52.017796,5.198805,"fatal","1","clear",false,1,"GM0321"
"20240049437",2024,"Letsel",2,"Fiets","Fiets","Onbekend","Rechte weg",60,"Niet brandend","Daglicht","Droog",\N,"600768568","Rijksstraatweg","Baambrugge","De Ronde Venen","Utrecht",false,52.255057,4.992427,"injury","2","clear",false,1,"GM0736"
"20240073733",2024,"Letsel",2,"Fiets","Fiets","Onbekend","Rechte weg",60,"Niet brandend","Daglicht","Droog",\N,"285226001","Tuinbouwweg","Haarsteeg","Heusden","Noord-Brabant",false,51.70939,5.215614,"injury","2","clear",false,1,"GM0797"
"20240074356",2024,"Letsel",2,"Personenauto","e-bike","Flank","Kruispunt, 3 takken",50,"Niet brandend","Daglicht","Droog",\N,\N,"Triangeldreef","Etten-Leur","Etten-Leur","Noord-Brabant",false,51.564176,4.627105,"injury","2","clear",false,1,"GM0777"
"20240077679",2024,"Uitsluitend materiele schade",2,"Personenauto","Fiets","Flank","Kruispunt, 3 takken",80,"Niet brandend","Daglicht","Droog",\N,\N,"Wisselinkweg","Zelhem","Bronckhorst","Gelderland",false,52.006273,6.329212,"material damage only","4","clear",false,1,"GM1876"
"20240084633",2024,"Uitsluitend materiele schade",2,"Personenauto","Fiets","Frontaal","Kruispunt, 3 takken",30,"Brandend","Duisternis","Droog",\N,\N,"Mozartlaan","Zwolle","Zwolle","Overijssel",false,52.526148,6.082201,"material damage only","4","clear",false,1,"GM0193"
"20240087299",2024,"Letsel",2,"Fiets","Fiets","Flank","Rechte weg",80,"Niet brandend","Daglicht","Droog",\N,"600677914","FIETSPAD","Wilnis","De Ronde Venen","Utrecht",false,52.204127,4.904378,"injury","2","clear",false,1,"GM0736"
"20240089213",2024,"Letsel",1,"Fiets",\N,"Onbekend","Rechte weg",30,"Niet brandend","Daglicht","Droog","Brug/viaduct","212341063","Dorpsstraat","Leimuiden","Kaag en Braassem","Zuid-Holland",false,52.220976,4.671682,"injury","2","clear",false,1,"GM1884"
"20240101399",2024,"Uitsluitend materiele schade",2,"Personenauto","Fiets","Flank","Kruispunt, 3 takken",60,"Niet brandend","Daglicht","Droog",\N,\N,"Sonhofweg","Uden","Maashorst","Noord-Brabant",false,51.682873,5.591472,"material damage only","4","clear",false,1,"GM1991"
"20240103193",2024,"Uitsluitend materiele schade",1,"Fiets",\N,"Onbekend","Bocht",50,"Niet brandend","Daglicht","Regen",\N,"600797005","Boschweg","Schijndel","Meierijstad","Noord-Brabant",false,51.631591,5.41411,"material damage only","4","rain",false,1,"GM1948"
"20240045163",2024,"Uitsluitend materiele schade",2,"Bestelauto","Fiets","Flank","Rotonde",30,"Niet brandend","Daglicht","Droog",\N,\N,"Vijverbosweg","Vught","Vught","Noord-Brabant",false,51.64283,5.280611,"material damage only","4","clear",false,1,"GM0865"
"20240048844",2024,"Uitsluitend materiele schade",2,"Personenauto","Fiets","Frontaal","Rotonde",50,"Niet brandend","Daglicht","Droog",\N,\N,"Sweder van Zuylenweg","Utrecht","Utrecht","Utrecht",false,52.109872,5.091742,"material damage only","4","clear",false,1,"GM0344"
"20240048859",2024,"Letsel",2,"Personenauto","Fiets","Onbekend","Rechte weg",30,"Niet brandend","Daglicht","Droog",\N,"270306059","Vasco da Gamalaan","Utrecht","Utrecht","Utrecht",false,52.066675,5.098179,"injury","2","clear",false,1,"GM0344"
"20240070583",2024,"Uitsluitend materiele schade",2,"Personenauto","Fiets","Onbekend","Kruispunt, 3 takken",30,"Niet brandend","Daglicht","Droog",\N,\N,"Parklaan","Etten-Leur","Etten-Leur","Noord-Brabant",false,51.568829,4.643251,"material damage only","4","clear",false,1,"GM0777"
"20240078352",2024,"Uitsluitend materiele schade",2,"Personenauto","Fiets","Onbekend","Rechte weg",30,"Niet brandend","Daglicht","Droog","Bus-/Tramhalte","600900444","Verbindingslaan","Hilversum","Hilversum","Noord-Holland",false,52.230928,5.189422,"material damage only","4","clear",false,1,"GM0402"
"20240082731",2024,"Uitsluitend materiele schade",2,"Personenauto","Fiets","Frontaal","Kruispunt, 4 takken",30,"Brandend","Daglicht","Droog",\N,\N,"Mariastraat","Reuver","Beesel","Limburg",false,51.285579,6.086589,"material damage only","4","clear",false,1,"GM0889"
"20240078375",2024,"Letsel",1,"Fiets",\N,"Onbekend","Kruispunt, 3 takken",50,"Niet brandend","Daglicht","Droog",\N,\N,"Antilopespoor","Maarssen","Stichtse Vecht","Utrecht",false,52.131779,5.033402,"injury","2","clear",false,1,"GM1904"
"20240050170",2024,"Letsel",1,"Fiets",\N,"Onbekend","Rechte weg",50,"Niet brandend","Daglicht","Droog","Tunnel","601220839","Sjaloompad","Katwijk","Katwijk","Zuid-Holland",false,52.199314,4.418411,"injury","2","clear",false,1,"GM0537"
"20240074473",2024,"Letsel",2,"Motor","Fiets","Flank","Kruispunt, 4 takken",50,"Niet brandend","Daglicht","Droog",\N,\N,"de Ruyterstraat","Axel","Terneuzen","Zeeland",false,51.263843,3.913349,"injury","2","clear",false,1,"GM0715"
"20240075525",2024,"Uitsluitend materiele schade",2,"Personenauto","Fiets","Flank","Kruispunt, 4 takken",50,"Brandend","Duisternis","Droog",\N,\N,"Oranjesingel","Nijmegen","Nijmegen","Gelderland",false,51.842633,5.865907,"material damage only","4","clear",false,1,"GM0268"
"20240078401",2024,"Letsel",2,"Personenauto","Fiets","Frontaal","Kruispunt, 3 takken",30,"Brandend","Duisternis","Droog",\N,\N,"Trompenbergerweg","Hilversum","Hilversum","Noord-Holland",false,52.238006,5.161152,"injury","2","clear",false,1,"GM0402"
"20240081538",2024,"Letsel",2,"Personenauto","Fiets","Flank","Kruispunt, 4 takken",60,"Niet brandend","Daglicht","Droog",\N,\N,"Frank van Borselenlaan","Voorhout","Teylingen","Zuid-Holland",false,52.234067,4.517296,"injury","2","clear",false,1,"GM1525"
"20230051220",2023,"Uitsluitend materiele schade",1,"Fiets",\N,"Eenzijdig","Rechte weg",30,"Niet brandend","Daglicht","Droog",\N,"281195005","Moergestelseweg","Oisterwijk","Oisterwijk","Noord-Brabant",false,51.568777,5.182861,"material damage only","4","clear",false,1,"GM0824"
"20230064624",2023,"Letsel",2,"Fiets","Overig vast object","Vast voorwerp","Rechte weg",60,"Niet aanwezig","Daglicht","Droog",\N,"479569014","Eemskanaal Zz","Lageland GN","Groningen","Groningen",false,53.246182,6.672687,"injury","2","clear",false,1,"GM0014"
"20230040181",2023,"Letsel",2,"Bromfiets","Fiets","Onbekend","Kruispunt, 3 takken",30,"Niet brandend","Daglicht","Droog",\N,\N,"Kleine Wittenburgerstr","Amsterdam","Amsterdam","Noord-Holland",false,52.369678,4.919198,"injury","2","clear",false,1,"GM0363"
"20230053020",2023,"Letsel",3,"Personenauto","Fiets","Geparkeerd voertuig","Kruispunt, 3 takken",30,"Niet brandend","Daglicht","Droog","Parkeervoorziening",\N,"Weststraat","Kapelle","Kapelle","Zeeland",false,51.486001,3.956226,"injury","2","clear",false,1,"GM0678"
"20230055334",2023,"Letsel",2,"Personenauto","e-bike","Flank","Kruispunt, 3 takken",80,"Niet brandend","Daglicht","Droog",\N,\N,"De Kwakel","Klazienaveen","Emmen","Drenthe",false,52.754898,7.021484,"injury","2","clear",false,1,"GM0114"
"20230062972",2023,"Uitsluitend materiele schade",2,"Personenauto","Fiets","Flank","Rechte weg",30,"Niet brandend","Daglicht","Droog",\N,"347176057","Marktstraat","Helmond","Helmond","Noord-Brabant",false,51.481038,5.65729,"material damage only","4","clear",false,1,"GM0794"
"20230040776",2023,"Letsel",1,"Fiets",\N,"Eenzijdig","Kruispunt, 3 takken",15,"Niet brandend","Daglicht","Droog",\N,"169294263","Kanaalweg","Delft","Delft","Zuid-Holland",false,52.008196,4.367577,"injury","2","clear",false,1,"GM0503"
"20230047810",2023,"Letsel",2,"Personenauto","e-bike","Flank","Kruispunt, 4 takken",30,"Niet brandend","Daglicht","Droog",\N,\N,"Laan van Straatsburg","Alkmaar","Alkmaar","Noord-Holland",false,52.653393,4.758435,"injury","2","clear",false,1,"GM0361"
"20230049581",2023,"Letsel",3,"Fiets","Fiets","Frontaal","Rechte weg",30,"Niet brandend","Daglicht","Droog",\N,"148297037","Nieuweweg","Honselersdijk","Westland","Zuid-Holland",false,52.016315,4.214305,"injury","2","clear",false,1,"GM1783"
"20230050155",2023,"Letsel",1,"Fiets",\N,"Eenzijdig","Rechte weg",50,"Niet aanwezig","Daglicht","Droog",\N,"194347001","Achterweg-Zuid","Lisse","Lisse","Zuid-Holland",false,52.254507,4.543355,"injury","2","clear",false,1,"GM0553"
"20230050713",2023,"Letsel",2,"Bromfiets","Fiets","Onbekend","Kruispunt, 4 takken",50,"Niet brandend","Daglicht","Droog",\N,\N,"Sperwerstraat","Den Helder","Den Helder","Noord-Holland",false,52.951989,4.762592,"injury","2","clear",false,1,"GM0400"
"20230057201",2023,"Letsel",1,"Fiets",\N,"Eenzijdig","Rechte weg",50,"Brandend","Duisternis","Droog",\N,"346370004","Zuiderzeestraatweg","Hierden","Harderwijk","Gelderland",false,52.354713,5.661011,"injury","2","clear",false,1,"GM0243"
"20230058437",2023,"Letsel",3,"Fiets","Personenauto","Onbekend","Rechte weg",60,"Niet aanwezig","Daglicht","Droog",\N,"600525046","Oude Notweg","Haarlemmerliede","Haarlemmermeer","Noord-Holland",false,52.384385,4.688459,"injury","2","clear",false,1,"GM0394"
"20230062332",2023,"Uitsluitend materiele schade",2,"Personenauto","Fiets","Flank","Rechte weg",50,"Niet brandend","Daglicht","Droog",\N,"354036037","Meerssenerweg","Maastricht","Maastricht","Limburg",false,50.852165,5.705998,"material damage only","4","clear",false,1,"GM0935"
"20230042564",2023,"Uitsluitend materiele schade",2,"Bromfiets","Fiets","Frontaal","Kruispunt, 3 takken",30,"Niet brandend","Daglicht","Droog",\N,"600684314","Oldegaarde","Rotterdam","Rotterdam","Zuid-Holland",false,51.880169,4.49909,"material damage only","4","clear",false,1,"GM0599"
"20230046661",2023,"Uitsluitend materiele schade",3,"Fiets","Fiets","Onbekend","Rechte weg",\N,"Niet brandend","Daglicht","Droog",\N,"284345002","Hilversumseweg","Laren","Laren","Noord-Holland",false,52.241049,5.199121,"material damage only","4","clear",false,1,\N
"20230054838",2023,"Uitsluitend materiele schade",3,"Snorfiets","Fiets","Onbekend","Rechte weg",30,"Niet brandend","Daglicht","Droog",\N,"600515887","Nassausingel","Nijmegen","Nijmegen","Gelderland",false,51.843908,5.857572,"material damage only","4","clear",false,1,"GM0268"
"20230058789",2023,"Uitsluitend materiele schade",2,"Personenauto","Fiets","Frontaal","Kruispunt, 4 takken",50,"Brandend","Schemer","Droog",\N,\N,"Reinier de Graafweg","Delft","Delft","Zuid-Holland",false,51.999756,4.343472,"material damage only","4","clear",false,1,"GM0503"
"20230060477",2023,"Uitsluitend materiele schade",2,"Snorfiets","Fiets","Onbekend","Kruispunt, 3 takken",50,"Niet brandend","Daglicht","Droog",\N,\N,"Gravenhof","Zwijndrecht","Zwijndrecht","Zuid-Holland",false,51.816776,4.608121,"material damage only","4","clear",false,1,"GM0642"
"20230060999",2023,"Uitsluitend materiele schade",2,"Motor","Fiets","Flank","Kruispunt, 4 takken",80,"Niet brandend","Daglicht","Droog",\N,\N,"Groene Kruisweg","Spijkenisse","Nissewaard","Zuid-Holland",false,51.851957,4.31766,"material damage only","4","clear",false,1,"GM1930"
"20230062814",2023,"Uitsluitend materiele schade",2,"Personenauto","Fiets","Flank","Kruispunt, 4 takken",50,"Niet brandend","Daglicht","Droog",\N,\N,"Paardestraat","Sittard","Sittard-Geleen","Limburg",false,51.000113,5.874197,"material damage only","4","clear",false,1,"GM1883"
"20230044374",2023,"Uitsluitend materiele schade",2,"Personenauto","Fiets","Flank","Kruispunt, 4 takken",50,"Niet brandend","Daglicht","Droog",\N,\N,"Haardijk","Hardenberg","Hardenberg","Overijssel",false,52.576451,6.599237,"material damage only","4","clear",false,1,"GM0160"