"accident_id","year","severity_raw","party_count","party1_type","party2_type","accident_type","road_situation","speed_limit_kmh","road_lighting","light_condition_label","weather_raw","infra_type","road_segment_id","street_name","place_name","gemeente_name_raw","province","alcohol_indicated","latitude","longitude","severity_label","severity_code","weather_label","built_up_area","cyclists_involved","gemeente_code"
"20230045528",2023,"Letsel",1,"Fiets",\N,"Eenzijdig","Rechte weg",50,"Niet brandend","Daglicht","Droog",\N,"600886595","Handelsstraat","Stadskanaal","Stadskanaal","Groningen",false,52.999362,6.933504,"injury","2","clear",false,1,"GM0037"
"20230061050",2023,"Uitsluitend materiele schade",2,"Bromfiets","Fiets","Onbekend","Rechte weg",30,"Niet brandend","Daglicht","Droog",\N,"164300044","Lange Kleiweg","Rijswijk","Rijswijk","Zuid-Holland",false,52.034549,4.328891,"material damage only","4","clear",false,1,\N
"20240132624",2024,"Letsel",2,"Fiets","Voetganger","Voetganger","Rechte weg",30,"Niet brandend","Daglicht","Droog",\N,"600919385","Strandweg","'s-Gravenzande","Westland","Zuid-Holland",false,52.007085,4.150176,"injury","2","clear",false,1,"GM1783"
"20240132789",2024,"Letsel",2,"Personenauto","Fiets","Flank","Kruispunt, 3 takken",50,"Niet brandend","Daglicht","Droog",\N,\N,"Wassenaarsestraat","'s-Gravenhage","'s-Gravenhage","Zuid-Holland",false,52.108442,4.27682,"injury","2","clear",false,1,"GM0518"
"20230038603",2023,"Uitsluitend materiele schade",2,"Fiets","Personenauto","Kop/staart","Kruispunt, 3 takken",50,"Niet brandend","Daglicht","Droog",\N,\N,"Noordplein","Rotterdam","Rotterdam","Zuid-Holland",false,51.930915,4.48562,"material damage only","4","clear",false,1,"GM0599"
"20230042635",2023,"Uitsluitend materiele schade",2,"Personenauto","Fiets","Flank","Kruispunt, 3 takken",50,"Niet brandend","Daglicht","Droog",\N,\N,"Tongelresestraat","Eindhoven","Eindhoven","Noord-Brabant",false,51.442228,5.500499,"material damage only","4","clear",false,1,"GM0772"
"20230047944",2023,"Letsel",2,"Personenauto","Fiets","Flank","Kruispunt, 4 takken",50,"Niet brandend","Daglicht","Droog",\N,\N,"Fustweg","Haarlem","Haarlem","Noord-Holland",false,52.385217,4.661051,"injury","2","clear",false,1,"GM0392"
"20230052005",2023,"Letsel",2,"Bestelauto","Fiets","Eenzijdig","Bocht",50,"Niet aanwezig","Daglicht","Droog",\N,"233211038","Lage Molenpolderweg","Oosterhout","Oosterhout","Noord-Brabant",false,51.640041,4.836072,"injury","2","clear",false,1,"GM0826"
"20230054314",2023,"Uitsluitend materiele schade",2,"Bromfiets","e-bike","Flank","Rechte weg",30,"Niet brandend","Daglicht","Droog",\N,"600215125","De Kling","Schimmert","Beekdaelen","Limburg",false,50.912177,5.804566,"material damage only","4","clear",false,1,"GM1954"
"20230038047",2023,"Uitsluitend materiele schade",2,"Personenauto","Fiets","Flank","Rotonde",50,"Niet brandend","Daglicht","Droog",\N,\N,"Bestevaerstraat","Alkmaar","Alkmaar","Noord-Holland",false,52.618439,4.759789,"material damage only","4","clear",false,1,"GM0361"
"20230050289",2023,"Uitsluitend materiele schade",2,"Fiets","Fiets","Kop/staart","Rechte weg",50,"Brandend","Duisternis","Droog",\N,"243373057","Kloveniersburgwal","Amsterdam","Amsterdam","Noord-Holland",false,52.369939,4.898044,"material damage only","4","clear",false,1,"GM0363"
"20230050872",2023,"Uitsluitend materiele schade",2,"Personenauto","Fiets","Onbekend","Kruispunt, 4 takken",30,"Niet brandend","Daglicht","Droog",\N,\N,"Meergras","Eindhoven","Eindhoven","Noord-Brabant",false,51.440144,5.409334,"material damage only","4","clear",false,1,"GM0772"
"20230058052",2023,"Letsel",2,\N,"Fiets","Eenzijdig","Rechte weg",\N,"Niet aanwezig","Duisternis","Droog",\N,"386412005","Uiterwijkseweg","Wilsum","Kampen","Overijssel",false,52.543242,5.948818,"injury","2","clear",false,1,"GM0166"
"20240127150",2024,"Uitsluitend materiele schade",2,"Personenauto","Fiets","Flank","Rechte weg",60,"Niet brandend","Daglicht","Droog",\N,"600863946","Riezenweg","Ulft","Oude IJsselstreek","Gelderland",false,51.896821,6.361625,"material damage only","4","clear",false,1,"GM1509"
"20230059685",2023,"Letsel",2,"Personenauto","Fiets","Flank","Rotonde",50,"Niet brandend","Daglicht","Droog",\N,\N,"West-Frieslandsingel","Heerhugowaard","Dijk en Waard","Noord-Holland",false,52.65316,4.833596,"injury","2","clear",false,1,"GM1980"
"20230061152",2023,"Uitsluitend materiele schade",2,"Personenauto","Fiets","Flank","Rotonde",50,"Niet brandend","Daglicht","Droog",\N,\N,"Burg Van Dijklaan","Capelle aan den IJssel","Capelle aan den IJssel","Zuid-Holland",false,51.952508,4.569714,"material damage only","4","clear",false,1,"GM0502"
"20240129833",2024,"Letsel",1,"Fiets",\N,"Frontaal","Rechte weg",30,"Niet brandend","Daglicht","Droog",\N,"315333015","Heideweg","Hooglanderveen","Amersfoort","Utrecht",false,52.189633,5.4267,"injury","2","clear",false,1,"GM0307"
"20230039866",2023,"Uitsluitend materiele schade",4,"Bestelauto","Fiets","Vast voorwerp","Rechte weg",50,"Niet brandend","Daglicht","Droog",\N,"242370105","Gerard Douplein","Amsterdam","Amsterdam","Noord-Holland",false,52.355987,4.893154,"material damage only","4","clear",false,1,"GM0363"
"20230044531",2023,"Letsel",2,"Personenauto","Fiets","Flank","Rotonde",30,"Niet brandend","Daglicht","Droog",\N,\N,"Berglaan","Drachten","Smallingerland","Friesland",false,53.103677,6.101587,"injury","2","clear",false,1,"GM0090"
"20230050937",2023,"Uitsluitend materiele schade",2,"Trekker","Fiets","Flank","Kruispunt, 4 takken",\N,\N,"Daglicht",\N,\N,\N,"Kloosterheulweg","Waalwijk","Waalwijk","Noord-Brabant",false,51.697924,5.068705,"material damage only","4","unknown",false,1,"GM0867"
"20230059750",2023,"Letsel",2,"Fiets",\N,"Eenzijdig","Kruispunt, 4 takken",50,"Niet brandend","Daglicht","Droog",\N,\N,"FIETSPAD","Heemstede","Heemstede","Noord-Holland",false,52.349528,4.624376,"injury","2","clear",false,1,"GM0397"
"20230043362",2023,"Uitsluitend materiele schade",2,"Personenauto","Fiets","Geparkeerd voertuig","Rechte weg",50,"Niet brandend","Daglicht","Regen",\N,"415151030","Alberdingk Thijmstraat","Venlo","Venlo","Limburg",false,51.367053,6.146358,"material damage only","4","rain",false,1,"GM0983"
"20230045120",2023,"Uitsluitend materiele schade",2,"Fiets","Fiets","Flank",\N,50,"Niet brandend","Daglicht","Droog",\N,\N,"FIETSPAD","Zaltbommel","Zaltbommel","Gelderland",false,51.804111,5.241719,"material damage only","4","clear",false,1,"GM0297"
"20230045712",2023,"Uitsluitend materiele schade",2,"Bestelauto","Fiets","Kop/staart","Rechte weg",30,"Niet brandend","Daglicht","Droog",\N,"600811930","Engweg","Putten","Putten","Gelderland",false,52.25878,5.60145,"material damage only","4","clear",false,1,"GM0273"
"20230048075",2023,"Letsel",2,"Personenauto","Fiets","Flank","Kruispunt, 4 takken",50,"Niet brandend","Daglicht","Droog",\N,\N,"van Lyndenlaan","Soest","Soest","Utrecht",false,52.145831,5.300772,"injury","2","clear",false,1,"GM0342"
"20230050379",2023,"Uitsluitend materiele schade",2,"Bestelauto","Fiets","Flank","Kruispunt, 4 takken",50,"Niet brandend","Daglicht","Droog",\N,\N,"Surinameplein","Amsterdam","Amsterdam","Noord-Holland",false,52.358335,4.853862,"material damage only","4","clear",false,1,"GM0363"
"20230050383",2023,"Letsel",3,"Bestelauto","Fiets","Eenzijdig","Kruispunt, 4 takken",50,"Niet brandend","Daglicht","Droog",\N,\N,"Herenstraat","Wateringen","Westland","Zuid-Holland",false,52.023621,4.274585,"injury","2","clear",false,1,"GM1783"
"20230053309",2023,"Uitsluitend materiele schade",2,"Bromfiets","Fiets","Onbekend","Rechte weg",50,"Brandend","Duisternis","Droog",\N,\N,"van Goorstraat","Breda","Breda","Noord-Brabant",false,51.581857,4.777334,"material damage only","4","clear",false,1,"GM0758"
"20240127539",2024,"Uitsluitend materiele schade",2,"Personenauto","Fiets","Onbekend","Rechte weg",50,"Niet brandend","Daglicht","Droog",\N,"600875023","Bouwmeesterstraat","Vriezenveen","Twenterand","Overijssel",false,52.417096,6.627587,"material damage only","4","clear",false,1,"GM1700"
"20240127846",2024,"Letsel",2,"Bromfiets","Fiets","Flank","Kruispunt, 3 takken",80,"Niet brandend","Daglicht","Droog",\N,\N,"Dr. W. Dreeslaan","Bennekom","Ede","Gelderland",false,52.005977,5.654823,"injury","2","clear",false,1,"GM0228"
"20230066377",2023,"Letsel",2,"Personenauto","Fiets","Frontaal","Rechte weg",30,"Niet brandend","Daglicht","Droog",\N,"600173172","Koningin Astrid Blvd","Noordwijk","Noordwijk","Zuid-Holland",false,52.238838,4.425403,"injury","2","clear",false,1,"GM0575"
"20230050434",2023,"Letsel",1,"Fiets",\N,"Eenzijdig","Rechte weg",50,"Niet brandend","Daglicht","Droog",\N,"600647588","Veurseweg","Voorschoten","Voorschoten","Zuid-Holland",false,52.121315,4.441267,"injury","2","clear",false,1,"GM0626"
"20230051584",2023,"Uitsluitend materiele schade",1,"Fiets",\N,"Onbekend","Rechte weg",50,"Niet aanwezig","Daglicht","Droog",\N,"266215002","Waalwijksebaan","Kaatsheuvel","Loon op Zand","Noord-Brabant",false,51.653784,5.071381,"material damage only","4","clear",false,1,"GM0809"
"20240127457",2024,"Uitsluitend materiele schade",3,"Personenauto","Fiets","Flank","Kruispunt, 4 takken",50,"Niet brandend","Daglicht","Droog",\N,\N,"Waterstraat","Doetinchem","Doetinchem","Gelderland",false,51.96443,6.286323,"material damage only","4","clear",false,1,"GM0222"
"20230039981",2023,"Letsel",2,"Fiets","Fiets","Flank","Kruispunt, 4 takken",50,"Niet brandend","Daglicht","Droog",\N,\N,"Koningin Julianalaan","Katwijk","Katwijk","Zuid-Holland",false,52.198918,4.414046,"injury","2","clear",false,1,"GM0537"
"20230049339",2023,"Uitsluitend materiele schade",2,"Personenauto","Fiets","Flank","Kruispunt, 3 takken",50,"Niet brandend","Daglicht","Droog",\N,\N,"Nieboerweg","'s-Gravenhage","'s-Gravenhage","Zuid-Holland",false,52.091277,4.264463,"material damage only","4","clear",false,1,"GM0518"
"20230049894",2023,"Letsel",2,\N,"Fiets","Eenzijdig","Kruispunt, 4 takken",30,"Niet brandend","Daglicht","Droog",\N,\N,"Eva Besnyöstraat","Amsterdam","Amsterdam","Noord-Holland",false,52.351201,5.005617,"injury","2","clear",false,1,"GM0363"
"20230060772",2023,"Letsel",2,"Fiets","Personenauto","Flank","Kruispunt, 4 takken",50,"Niet brandend","Daglicht","Droog",\N,\N,"Graaf Engelbertlaan","Breda","Breda","Noord-Brabant",false,51.572226,4.768737,"injury","2","clear",false,1,"GM0758"
"20230060798",2023,"Letsel",2,"Personenauto","Fiets","Flank","Rechte weg",50,"Niet brandend","Daglicht","Droog",\N,"600762179","van Randwijklaan","Werkendam","Altena","Noord-Brabant",false,51.808507,4.888646,"injury","2","clear",false,1,"GM1959"
"20230066264",2023,"Uitsluitend materiele schade",2,"Bestelauto","Fiets","Flank","Kruispunt, 4 takken",30,"Niet brandend","Daglicht","Droog",\N,\N,"Piershilstraat","Zoetermeer","Zoetermeer","Zuid-Holland",false,52.065505,4.541177,"material damage only","4","clear",false,1,"GM0637"
"20240128435",2024,"Uitsluitend materiele schade",2,"Personenauto","Fiets","Onbekend","Kruispunt, 3 takken",30,"Niet brandend","Daglicht","Droog",\N,\N,"Aaldert Geertsstraat","Olst","Olst-Wijhe","Overijssel",false,52.33753,6.112946,"material damage only","4","clear",false,1,"GM1773"
"20230044663",2023,"Letsel",2,"Personenauto","Fiets","Flank","Kruispunt, 4 takken",30,"Niet brandend","Daglicht","Droog",\N,\N,"'t Veer","Leek","Westerkwartier","Groningen",false,53.157036,6.38159,"injury","2","clear",false,1,"GM1969"
"20230047595",2023,"Uitsluitend materiele schade",1,"Fiets",\N,"Onbekend","Rechte weg",30,"Niet aanwezig","Daglicht","Droog",\N,"290352023","Meentweg","Blaricum","Blaricum","Noord-Holland",false,52.273503,5.244667,"material damage only","4","clear",false,1,"GM0376"
"20240128878",2024,"Uitsluitend materiele schade",2,"Brommobiel","Fiets","Onbekend","Rechte weg",60,"Niet aanwezig","Duisternis","Droog",\N,\N,"Rijksstraatweg","Ryptsjerk","Tytsjerksteradiel","Friesland",false,53.218045,5.89182,"material damage only","4","clear",false,1,"GM0737"
"20240129852",2024,"Letsel",2,"Fiets","Fiets","Onbekend","Rechte weg",50,"Niet brandend","Daglicht","Droog",\N,"600487228","Beneluxweg","IJsselstein","IJsselstein","Utrecht",false,52.020878,5.053286,"injury","2","clear",false,1,"GM0353"
"20230038340",2023,"Letsel",2,"Personenauto","Fiets","Flank","Rechte weg",50,"Niet brandend","Daglicht","Droog",\N,"322403215","Ziekenhuisweg","Lelystad","Lelystad","Flevoland",false,52.504627,5.476783,"injury","2","clear",false,1,"GM0995"
"20230042929",2023,"Letsel",2,"Snorfiets","Fiets","Frontaal","Kruispunt, 3 takken",30,"Niet brandend","Daglicht","Droog",\N,\N,"Parallelweg","Sliedrecht","Sliedrecht","Zuid-Holland",false,51.830852,4.74576,"injury","2","clear",false,1,"GM0610"
"20230045882",2023,"Uitsluitend materiele schade",3,"Bromfiets","Fiets","Onbekend","Rechte weg",30,"Niet brandend","Daglicht","Droog",\N,"482370051","Nieuwstraat","Almelo","Almelo","Overijssel",false,52.34849,6.651426,"material damage only","4","clear",false,1,"GM0141"
"20230061368",2023,"Letsel",2,"Personenauto","Fiets","Frontaal","Kruispunt, 4 takken",50,"Niet brandend","Daglicht","Regen",\N,\N,"Parkweg","Schiedam","Schiedam","Zuid-Holland",false,51.927795,4.394754,"injury","2","rain",false,1,"GM0606"
"20240128769",2024,"Letsel",3,"Fiets","Personenauto","Frontaal","Kruispunt, 4 takken",50,"Niet brandend","Daglicht","Droog",\N,\N,"Heer Ivostraatje","Leeuwarden","Leeuwarden","Friesland",false,53.203427,5.791276,"injury","2","clear",false,1,"GM0080"
"20240128912",2024,"Letsel",2,"Personenauto","Fiets","Geparkeerd voertuig","Rechte weg",50,"Niet brandend","Daglicht","Droog",\N,"463563010","Atoomweg","Groningen","Groningen","Groningen",false,53.216451,6.538313,"injury","2","clear",false,1,"GM0014"
"20230049435",2023,"Letsel",1,"Fiets",\N,"Eenzijdig","Rechte weg",50,"Niet brandend","Daglicht","Droog","Brug/viaduct","600991201","Hoofddorpweg","Amsterdam","Amsterdam","Noord-Holland",false,52.351067,4.851166,"injury","2","clear",false,1,"GM0363"
"20240130222",2024,"Uitsluitend materiele schade",2,"Fiets","Personenauto","Onbekend",\N,\N,\N,"Duisternis",\N,\N,"262319074","Maarssenbroeksedijk","Utrecht","Utrecht","Utrecht",false,52.124972,5.041991,"material damage only","4","unknown",false,1,"GM0344"
"20240130671",2024,"Letsel",2,"Personenauto","Fiets","Flank","Rotonde",50,"Niet brandend","Daglicht","Droog",\N,\N,"Amersfoortseweg","Nijkerkerveen","Nijkerk","Gelderland",false,52.19877,5.45506,"injury","2","clear",false,1,"GM0267"
"20240131811",2024,"Letsel",1,"Fiets",\N,"Onbekend","Rotonde",50,"Brandend","Schemer","Droog/Mist",\N,\N,"Waddenzeestraat","Den Helder","Den Helder","Noord-Holland",false,52.943705,4.747162,"injury","2","unknown",false,1,"GM0400"
"20230038989",2023,"Letsel",2,"Bromfiets","Fiets","Flank","Kruispunt, 4 takken",50,"Niet brandend","Daglicht","Regen",\N,\N,"Tjeerd Kuipersstraat","Bergschenhoek","Lansingerland","Zuid-Holland",false,51.990296,4.487706,"injury","2","rain",false,1,"GM1621"
"20230041256",2023,"Uitsluitend materiele schade",2,"e-bike","e-bike","Flank","Kruispunt, 4 takken",50,"Niet brandend","Daglicht","Droog",\N,\N,"Kerkhofweg","Venlo","Venlo","Limburg",false,51.35702,6.170533,"material damage only","4","clear",false,1,"GM0983"
"20240132835",2024,"Letsel",2,"Fiets","Personenauto","Geparkeerd voertuig","Rechte weg",30,"Brandend","Duisternis","Regen",\N,"222309044","Cortenhoeve","Bodegraven","Bodegraven-Reeuwijk","Zuid-Holland",false,52.078509,4.749439,"injury","2","rain",false,1,"GM1901"
"20240132899",2024,"Letsel",1,"Fiets",\N,"Onbekend","Rechte weg",30,"Brandend","Duisternis","Droog",\N,"186327136","Rapenburg","Leiden","Leiden","Zuid-Holland",false,52.158653,4.484957,"injury","2","clear",false,1,"GM0546"
"20240133733",2024,"Letsel",2,"Personenauto","Fiets","Onbekend","Kruispunt, 4 takken",50,"Niet brandend","Daglicht","Droog",\N,\N,"LANGS DE KORTE VLIET","Leiden","Leiden","Zuid-Holland",false,52.149459,4.463036,"injury","2","clear",false,1,"GM0546"
"20220209712",2022,"Uitsluitend materiele schade",2,"Personenauto","Fiets","Geparkeerd voertuig","Kruispunt, 3 takken",30,"Niet brandend","Daglicht","Droog","Parkeervoorziening",\N,"Panneroodstraat","Zaandam","Zaanstad","Noord-Holland",false,52.444877,4.836219,"material damage only","4","clear",false,1,"GM0479"
"20220217300",2022,"Letsel",2,"Fiets","Overig vast object","Vast voorwerp","Rechte weg",30,"Niet brandend","Daglicht","Droog",\N,"165292070","Oude Veiling","Den Hoorn","Midden-Delfland","Zuid-Holland",false,51.999941,4.334096,"injury","2","clear",false,1,"GM1842"
"20220231412",2022,"Uitsluitend materiele schade",2,"Personenauto","Fiets","Flank","Rotonde",50,"Niet brandend","Daglicht","Droog",\N,\N,"Oranjelaan","Roermond","Roermond","Limburg",false,51.19174,6.013482,"material damage only","4","clear",false,1,"GM0957"
"20220212279",2022,"Uitsluitend materiele schade",2,"Bestelauto","Fiets","Flank","Kruispunt, 4 takken",50,"Niet brandend","Daglicht","Droog",\N,\N,"Kinkerstraat","Amsterdam","Amsterdam","Noord-Holland",false,52.367259,4.872056,"material damage only","4","clear",false,1,"GM0363"
"20220217352",2022,"Letsel",2,"Fiets","Fiets","Onbekend","Rechte weg",30,"Niet brandend","Daglicht","Droog",\N,"187329092","Maredijk","Leiden","Leiden","Zuid-Holland",false,52.167866,4.489417,"injury","2","clear",false,1,"GM0546"
"20220220978",2022,"Letsel",2,"Personenauto","Fiets","Onbekend","Kruispunt, 4 takken",50,"Niet aanwezig","Daglicht","Regen",\N,\N,"Westlandseweg","Maassluis","Maassluis","Zuid-Holland",false,51.9303,4.241074,"injury","2","rain",false,1,"GM0556"
"20220224464",2022,"Letsel",3,"Personenauto","Fiets","Frontaal","Rechte weg",50,"Niet brandend","Daglicht","Droog",\N,"227200056","Wilhelminasingel","Breda","Breda","Noord-Brabant",false,51.590258,4.789243,"injury","2","clear",false,1,"GM0758"
"20220199665",2022,"Uitsluitend materiele schade",2,"Personenauto","Fiets","Flank","Kruispunt, 3 takken",50,"Brandend","Duisternis","Regen",\N,\N,"Broekheurne-ring","Enschede","Enschede","Overijssel",false,52.191286,6.871724,"material damage only","4","rain",false,1,"GM0153"
"20220066158",2022,"Dodelijk",3,"Personenauto","Fiets","Frontaal","Rechte weg",60,"Niet brandend","Daglicht","Droog",\N,"600715383","Fianestraat","Bergen op Zoom","Bergen op Zoom","Noord-Brabant",false,51.46825,4.30273,"fatal","1","clear",false,1,"GM0748"
"20220216014",2022,"Letsel",1,"Fiets",\N,"Eenzijdig","Bocht",50,"Niet brandend","Daglicht","Droog",\N,\N,"Erasmusplein","'s-Gravenhage","'s-Gravenhage","Zuid-Holland",false,52.050863,4.299792,"injury","2","clear",false,1,"GM0518"
"20220216718",2022,"Letsel",2,"Fiets","Fiets","Flank","Kruispunt, 3 takken",50,"Niet brandend","Daglicht","Droog",\N,\N,"Graaf Florisstraat","Alphen aan den Rijn","Alphen aan den Rijn","Zuid-Holland",false,52.120508,4.666202,"injury","2","clear",false,1,"GM0484"
"20220219533",2022,"Uitsluitend materiele schade",2,"Personenauto","Fiets","Flank","Kruispunt, 3 takken",30,"Niet brandend","Daglicht","Droog",\N,\N,"Ds. van Koetsveldstraat","Berkel en Rodenrijs","Lansingerland","Zuid-Holland",false,51.992805,4.481808,"material damage only","4","clear",false,1,"GM1621"
"20220203974",2022,"Letsel",2,"Bromfiets","Fiets","Frontaal","Rechte weg",50,"Niet brandend","Daglicht","Droog",\N,\N,"Rembrandtlaan","Veenendaal","Veenendaal","Utrecht",false,52.018829,5.549419,"injury","2","clear",false,1,"GM0345"
"20220201598",2022,"Dodelijk",2,"Bromfiets","e-bike","Flank","Kruispunt, 3 takken",30,"Brandend","Duisternis","Droog",\N,\N,"Bosplaat","Zwolle","Zwolle","Overijssel",false,52.528399,6.096434,"fatal","1","clear",false,1,"GM0193"
"20220214589",2022,"Letsel",3,"Bestelauto","Fiets","Los voorwerp","Rotonde",\N,"Niet brandend","Daglicht","Regen",\N,\N,"Verdistraat","'s-Gravenhage","'s-Gravenhage","Zuid-Holland",false,52.06585,4.24435,"injury","2","rain",false,1,"GM0518"
"20220216747",2022,"Letsel",2,"Bromfiets","Fiets","Flank","Rechte weg",80,"Niet brandend","Daglicht","Droog",\N,\N,"Dr. Kortmannstraat","Zoeterwoude","Zoeterwoude","Zuid-Holland",false,52.112925,4.495532,"injury","2","clear",false,1,"GM0638"
"20220221062",2022,"Letsel",2,"Bromfiets","Fiets","Frontaal","Kruispunt, 3 takken",\N,"Niet brandend","Daglicht","Regen",\N,\N,"Abram van Rijckevorselwg","Rotterdam","Rotterdam","Zuid-Holland",false,51.915512,4.52325,"injury","2","rain",false,1,"GM0599"
"20220210139",2022,"Uitsluitend materiele schade",2,"Personenauto","Fiets","Flank","Kruispunt, 4 takken",50,"Brandend","Duisternis","Droog",\N,\N,"Weteringlaan","Amsterdam","Amsterdam","Noord-Holland",false,52.358031,4.890834,"material damage only","4","clear",false,1,"GM0363"
"20220213768",2022,"Letsel",1,"Fiets",\N,"Eenzijdig",\N,\N,\N,"Daglicht",\N,\N,"600651871","Generaal Eisenhowerplein","Rijswijk","Rijswijk","Zuid-Holland",false,52.037048,4.321948,"injury","2","unknown",false,1,\N
"20220216072",2022,"Uitsluitend materiele schade",2,"Vrachtauto","Fiets","Flank","Kruispunt, 4 takken",\N,"Niet brandend","Daglicht","Droog",\N,\N,"Willem Naghelstraat","Delft","Delft","Zuid-Holland",false,52.014638,4.366826,"material damage only","4","clear",false,1,"GM0503"
"20220109830",2022,"Dodelijk",3,"Personenauto","e-bike","Flank","Kruispunt, 4 takken",60,"Niet brandend","Daglicht","Droog",\N,\N,"Plantagebaan","Wouwse Plantage","Roosendaal","Noord-Brabant",false,51.497235,4.398951,"fatal","1","clear",false,1,"GM1674"
"20220212448",2022,"Letsel",2,"Bromfiets","Fiets","Onbekend","Rechte weg",50,"Brandend","Duisternis","Droog",\N,"243370047","Van Woustraat","Amsterdam","Amsterdam","Noord-Holland",false,52.354481,4.901444,"injury","2","clear",false,1,"GM0363"
"20220213794",2022,"Letsel",1,"e-bike",\N,"Eenzijdig","Rechte weg",30,"Brandend","Duisternis","Droog",\N,"600414431","Bieslandsekade","Delft","Delft","Zuid-Holland",false,52.015404,4.373214,"injury","2","clear",false,1,"GM0503"
"20220213803",2022,"Letsel",2,"Snorfiets","Fiets","Flank","Rechte weg",30,"Niet brandend","Daglicht","Droog",\N,"600210315","Valkenburgerweg","Oegstgeest","Oegstgeest","Zuid-Holland",false,52.178503,4.448839,"injury","2","clear",false,1,"GM0579"
"20220225538",2022,"Uitsluitend materiele schade",3,"Fiets","Fiets","Onbekend","Rechte weg",60,\N,"Daglicht",\N,\N,"600749535","Rijsbergseweg","Breda","Breda","Noord-Brabant",false,51.556059,4.732533,"material damage only","4","unknown",false,1,"GM0758"
"20220206699",2022,"Letsel",2,"Scootmobiel","e-bike","Geparkeerd voertuig","Rechte weg",50,"Niet brandend","Daglicht","Droog","Parkeervoorziening","601012949","Westerblokker","Blokker","Hoorn","Noord-Holland",false,52.661001,5.088506,"injury","2","clear",false,1,"GM0405"
"20220208468",2022,"Uitsluitend materiele schade",2,"Bromfiets","e-bike","Flank","Kruispunt, 3 takken",50,"Brandend","Duisternis","Droog",\N,\N,"Provincialeweg","Zaandam","Zaanstad","Noord-Holland",false,52.449345,4.808386,"material damage only","4","clear",false,1,"GM0479"
"20220214698",2022,"Letsel",2,"Fiets","Fiets","Onbekend","Bocht",50,"Brandend","Duisternis","Droog",\N,"600748169","Burgemeester Jamessingel","Gouda","Gouda","Zuid-Holland",false,52.018445,4.708424,"injury","2","clear",false,1,"GM0513"
"20220216901",2022,"Letsel",1,"Fiets",\N,"Eenzijdig",\N,30,\N,"Duisternis",\N,\N,"216297047","Bertelmanstraat","Gouda","Gouda","Zuid-Holland",false,52.025535,4.709306,"injury","2","unknown",false,1,"GM0513"
"20220217559",2022,"Uitsluitend materiele schade",2,"Personenauto","Fiets","Flank","Rechte weg",30,"Niet brandend","Daglicht","Droog",\N,"208301077","Gouweplein","Waddinxveen","Waddinxveen","Zuid-Holland",false,52.041606,4.651414,"material damage only","4","clear",false,1,"GM0627"
"20220227509",2022,"Uitsluitend materiele schade",1,"Fiets",\N,"Onbekend","Rechte weg",30,"Niet brandend","Daglicht","Droog",\N,"324177025","Esp","Eindhoven","Eindhoven","Noord-Brabant",false,51.489738,5.493475,"material damage only","4","clear",false,1,"GM0772"
"20220204915",2022,"Uitsluitend materiele schade",2,"Personenauto","Fiets","Los voorwerp","Rotonde",50,"Brandend","Schemer","Droog",\N,\N,"Burgemeester Waverijnweg","Maarssen","Stichtse Vecht","Utrecht",false,52.134961,5.040961,"material damage only","4","clear",false,1,"GM1904"
"20220221916",2022,"Letsel",3,"Fiets","Fiets","Onbekend","Rechte weg",50,"Brandend","Schemer","Droog",\N,"600727686","Vasteland","Rotterdam","Rotterdam","Zuid-Holland",false,51.911695,4.479011,"injury","2","clear",false,1,"GM0599"
"20220224752",2022,"Uitsluitend materiele schade",2,"Personenauto","Fiets","Flank","Kruispunt, 4 takken",50,"Niet brandend","Daglicht","Droog",\N,\N,"Loevesteinstraat","Breda","Breda","Noord-Brabant",false,51.575879,4.809534,"material damage only","4","clear",false,1,"GM0758"
"20220199229",2022,"Letsel",2,"Fiets","Bestelauto","Geparkeerd voertuig","Kruispunt, 4 takken",30,"Niet brandend","Daglicht","Droog","Parkeervoorziening",\N,"Oude Klapstraat","Wijchen","Wijchen","Gelderland",false,51.807942,5.722994,"injury","2","clear",false,1,"GM0296"
"20220220568",2022,"Letsel",2,"Personenauto","Fiets","Flank","Kruispunt, 3 takken",30,"Niet brandend","Daglicht","Droog",\N,\N,"Zonnehof","Berkel en Rodenrijs","Lansingerland","Zuid-Holland",false,52.00303,4.491406,"injury","2","clear",false,1,"GM1621"
"20220225682",2022,"Letsel",2,"Bus","Fiets","Flank","Rechte weg",50,"Niet brandend","Daglicht","Droog",\N,\N,"Vondellaan","Oosterhout","Oosterhout","Noord-Brabant",false,51.627445,4.856107,"injury","2","clear",false,1,"GM0826"
"20220228463",2022,"Uitsluitend materiele schade",2,"Personenauto","e-bike","Flank","Rotonde",50,"Niet aanwezig","Daglicht","Droog",\N,\N,"Kasteellaan","Eindhoven","Eindhoven","Noord-Brabant",false,51.426829,5.442339,"material damage only","4","clear",false,1,"GM0772"
"20220209376",2022,"Letsel",2,"Personenauto","e-bike","Flank","Kruispunt, 4 takken",15,"Niet brandend","Daglicht","Droog",\N,\N,"Andalusië","Haarlem","Haarlem","Noord-Holland",false,52.35875,4.652863,"injury","2","clear",false,1,"GM0392"
"20220213074",2022,"Letsel",3,"Personenauto","Fiets","Onbekend","Rotonde",50,"Niet brandend","Daglicht","Droog",\N,\N,"Melis Stokelaan","'s-Gravenhage","'s-Gravenhage","Zuid-Holland",false,52.052447,4.291481,"injury","2","clear",false,1,"GM0518"