"accident_id","year","severity_raw","party_count","party1_type","party2_type","accident_type","road_situation","speed_limit_kmh","road_lighting","light_condition_label","weather_raw","infra_type","road_segment_id","street_name","place_name","gemeente_name_raw","province","alcohol_indicated","latitude","longitude","severity_label","severity_code","weather_label","built_up_area","cyclists_involved","gemeente_code"
"20220214836",2022,"Uitsluitend materiele schade",2,"Fiets","e-bike","Frontaal","Rechte weg",30,"Brandend","Duisternis","Droog",\N,"600717798","Dr H. Colijnlaan","Rijswijk","Rijswijk","Zuid-Holland",false,52.041674,4.322492,"material damage only","4","clear",false,1,\N
"20220215573",2022,"Letsel",1,"Fiets",\N,"Eenzijdig","Kruispunt, 4 takken",50,"Brandend","Duisternis","Droog",\N,\N,"Tasmanstraat","'s-Gravenhage","'s-Gravenhage","Zuid-Holland",false,52.082908,4.290366,"injury","2","clear",false,1,"GM0518"
"20220218980",2022,"Letsel",1,"Fiets",\N,"Eenzijdig",\N,30,\N,"Daglicht",\N,\N,"196232001","Steenplaats","Strijen","Hoeksche Waard","Zuid-Holland",false,51.732659,4.568405,"injury","2","unknown",false,1,"GM1963"
"20220219808",2022,"Uitsluitend materiele schade",2,"Bestelauto","Fiets","Geparkeerd voertuig","Rechte weg",30,"Brandend","Schemer","Droog","Parkeervoorziening","600360407","Julianastraat","Rotterdam","Rotterdam","Zuid-Holland",false,51.943159,4.423487,"material damage only","4","clear",false,1,"GM0599"
"20220199323",2022,"Uitsluitend materiele schade",2,"Personenauto","Fiets","Frontaal","Bocht",50,"Niet brandend","Daglicht","Droog",\N,\N,"Loevestein","Ede","Ede","Gelderland",false,52.041239,5.645383,"material damage only","4","clear",false,1,"GM0228"
"20220206959",2022,"Uitsluitend materiele schade",2,"Personenauto","Fiets","Flank","Rotonde",50,"Niet brandend","Daglicht","Droog",\N,\N,"Ruysdaelstraat","Heemskerk","Heemskerk","Noord-Holland",false,52.509525,4.668081,"material damage only","4","clear",false,1,"GM0396"
"20220214885",2022,"Letsel",1,"e-bike",\N,"Eenzijdig","Rechte weg",50,"Niet brandend","Duisternis","Droog",\N,\N,"Henri Dunantplein","Hillegom","Hillegom","Zuid-Holland",false,52.293119,4.578074,"injury","2","clear",false,1,"GM0534"
"20220217729",2022,"Letsel",1,"Fiets",\N,"Eenzijdig",\N,50,\N,"Daglicht",\N,\N,\N,"Klapwijkseweg","Pijnacker","Pijnacker-Nootdorp","Zuid-Holland",false,52.006585,4.446778,"injury","2","unknown",false,1,"GM1926"
"20220229969",2022,"Letsel",2,"Fiets","Fiets","Onbekend",\N,30,\N,"Daglicht",\N,\N,\N,"Lucas van Hauthemlaan","Nuenen","Nuenen, Gerwen en Nederwetten","Noord-Brabant",false,51.479921,5.553826,"injury","2","unknown",false,1,"GM0820"
"20220203622",2022,"Uitsluitend materiele schade",2,"Personenauto","Fiets","Onbekend","Kruispunt, 4 takken",30,"Niet brandend","Daglicht","Droog",\N,\N,"David Verloopstraat","Almere","Almere","Flevoland",false,52.378176,5.241762,"material damage only","4","clear",false,1,"GM0034"
"20220206243",2022,"Letsel",2,"Snorfiets","e-bike","Flank","Rechte weg",50,"Niet brandend","Daglicht","Droog",\N,\N,"Willem Klooslaan","Heemstede","Heemstede","Noord-Holland",false,52.359148,4.613235,"injury","2","clear",false,1,"GM0397"
"20220160324",2022,"Dodelijk",2,"Bestelauto","Fiets","Flank","Kruispunt, 4 takken",30,"Niet brandend","Daglicht","Droog",\N,\N,"Diederikstraat","Gemert","Gemert-Bakel","Noord-Brabant",false,51.551079,5.693263,"fatal","1","clear",false,1,"GM1652"
"20220211336",2022,"Letsel",2,"Personenauto","Fiets","Flank","Kruispunt, 3 takken",50,"Niet brandend","Daglicht","Droog",\N,\N,"In het Rond","Uithoorn","Uithoorn","Noord-Holland",false,52.2512,4.82074,"injury","2","clear",false,1,"GM0451"
"20220215637",2022,"Letsel",2,"Bromfiets","Fiets","Frontaal","Rechte weg",30,"Niet brandend","Daglicht","Regen",\N,"170293083","Michiel de Ruyterweg","Delft","Delft","Zuid-Holland",false,52.005512,4.368582,"injury","2","rain",false,1,"GM0503"
"20220222779",2022,"Uitsluitend materiele schade",2,"Personenauto","Fiets","Flank","Rechte weg",50,"Brandend","Schemer","Regen",\N,"600597434","Broersvest","Schiedam","Schiedam","Zuid-Holland",false,51.914703,4.402745,"material damage only","4","rain",false,1,"GM0606"
"20220212097",2022,"Letsel",2,"e-bike","Voetganger","Voetganger","Kruispunt, 4 takken",\N,"Brandend","Daglicht","Droog",\N,\N,"Waddenweg","Amsterdam","Amsterdam","Noord-Holland",false,52.396153,4.929752,"injury","2","clear",false,1,"GM0363"
"20220213404",2022,"Letsel",1,"Fiets",\N,"Eenzijdig","Rechte weg",50,"Brandend","Duisternis","Droog",\N,"600912574","Escamplaan","'s-Gravenhage","'s-Gravenhage","Zuid-Holland",false,52.061692,4.269664,"injury","2","clear",false,1,"GM0518"
"20220215750",2022,"Letsel",1,"Fiets",\N,"Eenzijdig","Rechte weg",50,"Niet brandend","Daglicht","Regen",\N,"600105435","Westduinweg","'s-Gravenhage","'s-Gravenhage","Zuid-Holland",false,52.096207,4.269876,"injury","2","rain",false,1,"GM0518"
"20220222889",2022,"Uitsluitend materiele schade",2,"Personenauto","Fiets","Flank","Bocht",30,"Niet brandend","Daglicht","Regen",\N,"175253081","Karel Doormanstraat","Oud-Beijerland","Hoeksche Waard","Zuid-Holland",false,51.824479,4.409416,"material damage only","4","rain",false,1,"GM1963"
"20220225088",2022,"Letsel",2,"Fiets","Fiets","Frontaal","Rechte weg",50,"Brandend","Duisternis","Droog",\N,"253204036","Vierbundersweg","Dongen","Dongen","Noord-Brabant",false,51.609057,4.981325,"injury","2","clear",false,1,"GM0766"
"20220220150",2022,"Letsel",1,"e-bike",\N,"Eenzijdig","Rechte weg",50,"Niet brandend","Daglicht","Droog",\N,"156277106","Burg Groot Enzerinksngl","Maasland","Midden-Delfland","Zuid-Holland",false,51.931441,4.274724,"injury","2","clear",false,1,"GM1842"
"20220202977",2022,"Letsel",2,"Fiets","Voetganger","Voetganger","Rechte weg",50,"Niet brandend","Daglicht","Droog",\N,"263321070","Straatweg","Maarssen","Stichtse Vecht","Utrecht",false,52.13278,5.046235,"injury","2","clear",false,1,"GM1904"
"20220215098",2022,"Letsel",2,"Motor","e-bike","Onbekend","Kruispunt, 4 takken",50,"Niet brandend","Daglicht","Droog",\N,\N,"Smaragdlaan","Leiden","Leiden","Zuid-Holland",false,52.157955,4.458674,"injury","2","clear",false,1,"GM0546"
"20220215112",2022,"Letsel",2,"Fiets","e-bike","Frontaal","Rechte weg",30,"Niet brandend","Daglicht","Droog",\N,"170294122","Delfgauwseweg","Delft","Delft","Zuid-Holland",false,52.01022,4.372023,"injury","2","clear",false,1,"GM0503"
"20220222959",2022,"Letsel",2,"Personenauto","Fiets","Flank","Kruispunt, 3 takken",50,"Brandend","Duisternis","Droog",\N,"225251043","Rivierdijk","Sliedrecht","Sliedrecht","Zuid-Holland",false,51.81705,4.780504,"injury","2","clear",false,1,"GM0610"
"20240135158",2024,"Letsel",2,"Snorfiets","Fiets","Flank","Rechte weg",30,"Niet brandend","Daglicht","Droog",\N,"600968560","Wagnerplein","Tilburg","Tilburg","Noord-Brabant",false,51.583484,5.08528,"injury","2","clear",false,1,"GM0855"
"20240136430",2024,"Uitsluitend materiele schade",2,"Bromfiets","Fiets","Frontaal","Rechte weg",30,"Brandend","Duisternis","Droog",\N,"320169048","Antony van Leeuwenhoekln","Eindhoven","Eindhoven","Noord-Brabant",false,51.44965,5.460047,"material damage only","4","clear",false,1,"GM0772"
"20240137076",2024,"Uitsluitend materiele schade",2,"Personenauto","Fiets","Kop/staart","Kruispunt, 3 takken",30,"Niet brandend","Daglicht","Droog",\N,"397018014","Ceresstraat","Vaals","Vaals","Limburg",false,50.770347,6.010768,"material damage only","4","clear",false,1,"GM0981"
"20240140674",2024,"Letsel",2,"Personenauto","Fiets","Frontaal","Kruispunt, 4 takken",50,"Brandend","Duisternis","Droog",\N,\N,"Twickelerblokweg","Borne","Borne","Overijssel",false,52.297865,6.735617,"injury","2","clear",false,1,"GM0147"
"20240147599",2024,"Letsel",1,"Fiets",\N,"Voetganger","Rechte weg",\N,"Brandend","Duisternis","Droog",\N,"323166136","Kanaaldijk-Zuid","Eindhoven","Eindhoven","Noord-Brabant",false,51.43735,5.486063,"injury","2","clear",false,1,"GM0772"
"20240134012",2024,"Letsel",2,"Bestelauto","Fiets","Onbekend","Rechte weg",30,"Niet brandend","Schemer","Droog",\N,"158309115","Regentesseplein","'s-Gravenhage","'s-Gravenhage","Zuid-Holland",false,52.076776,4.282569,"injury","2","clear",false,1,"GM0518"
"20240135220",2024,"Letsel",2,"Personenauto","Fiets","Flank","Rechte weg",30,"Niet brandend","Daglicht","Droog",\N,"601171484","Uiverlaan","Maassluis","Maassluis","Zuid-Holland",false,51.92901,4.238382,"injury","2","clear",false,1,"GM0556"
"20240135255",2024,"Uitsluitend materiele schade",1,"Fiets",\N,"Flank","Rechte weg",30,"Niet brandend","Daglicht","Droog",\N,"600732231","Hoekseweg","Strijen","Hoeksche Waard","Zuid-Holland",false,51.770949,4.539555,"material damage only","4","clear",false,1,"GM1963"
"20240142202",2024,"Uitsluitend materiele schade",2,"Fiets","Personenauto","Flank","Kruispunt, 4 takken",50,"Brandend","Daglicht","Regen",\N,\N,"Hanebalk","Hoorn","Hoorn","Noord-Holland",false,52.655579,5.093958,"material damage only","4","rain",false,1,"GM0405"
"20240142671",2024,"Uitsluitend materiele schade",2,"Personenauto","Fiets","Flank","Rechte weg",30,"Niet brandend","Daglicht","Droog",\N,"208375105","Byzantiumstraat","Haarlem","Haarlem","Noord-Holland",false,52.375176,4.644046,"material damage only","4","clear",false,1,"GM0392"
"20240136520",2024,"Uitsluitend materiele schade",2,"Personenauto","Fiets","Kop/staart","Rechte weg",50,"Niet brandend","Daglicht","Droog","Spoorwegovergang","354035088","Duitsepoort","Maastricht","Maastricht","Limburg",false,50.846665,5.70671,"material damage only","4","clear",false,1,"GM0935"
"20240149817",2024,"Letsel",2,"Personenauto","Fiets","Kop/staart","Kruispunt, 4 takken",50,"Niet brandend","Daglicht","Droog",\N,\N,"Taco Mesdagstraat","Groningen","Groningen","Groningen",false,53.217539,6.551978,"injury","2","clear",false,1,"GM0014"
"20240137198",2024,"Uitsluitend materiele schade",2,"Fiets","Personenauto","Flank","Rechte weg",80,"Niet brandend","Duisternis","Droog",\N,"326232025","Cereslaan","Heesch","Bernheze","Noord-Brabant",false,51.735849,5.509504,"material damage only","4","clear",false,1,"GM1721"
"20240140761",2024,"Letsel",1,"Fiets",\N,"Eenzijdig","Rotonde",50,"Brandend","Duisternis","Droog",\N,\N,"FIETSPAD","Emmeloord","Noordoostpolder","Flevoland",false,52.71083,5.763894,"injury","2","clear",false,1,"GM0171"
"20240137242",2024,"Uitsluitend materiele schade",2,"Personenauto","Fiets","Flank","Kruispunt, 4 takken",50,"Niet brandend","Daglicht","Droog",\N,\N,"Dillenburgstraat","Eindhoven","Eindhoven","Noord-Brabant",false,51.433162,5.439627,"material damage only","4","clear",false,1,"GM0772"
"20240140819",2024,"Uitsluitend materiele schade",2,"Scootmobiel","Fiets","Flank","Rechte weg",30,"Brandend","Duisternis","Droog",\N,"270311063","Kanaalstraat","Utrecht","Utrecht","Utrecht",false,52.09134,5.100662,"material damage only","4","clear",false,1,"GM0344"
"20240150586",2024,"Uitsluitend materiele schade",2,"Personenauto","Fiets","Flank","Kruispunt, 4 takken",50,"Niet brandend","Daglicht","Droog",\N,\N,"Van Egmondkade","Utrecht","Utrecht","Utrecht",false,52.106755,5.094169,"material damage only","4","clear",false,1,"GM0344"
"20240136047",2024,"Letsel",2,"Personenauto","Fiets","Flank","Rechte weg",50,"Niet aanwezig","Daglicht","Droog",\N,\N,"Peppelweg","Rotterdam","Rotterdam","Zuid-Holland",false,51.956655,4.47816,"injury","2","clear",false,1,"GM0599"
"20240139182",2024,"Letsel",2,"Fiets","Personenauto","Frontaal","Rechte weg",50,"Niet brandend","Daglicht","Droog",\N,"466514049","het Kanaal","Assen","Assen","Drenthe",false,52.995659,6.554873,"injury","2","clear",false,1,"GM0106"
"20240150929",2024,"Uitsluitend materiele schade",2,"Fiets","Fiets","Onbekend","Rechte weg",\N,"Brandend","Duisternis","Regen","Brug/viaduct","363256029","Neerbosscheweg","Nijmegen","Nijmegen","Gelderland",false,51.84187,5.780416,"material damage only","4","rain",false,1,"GM0268"
"20240135438",2024,"Letsel",2,"Personenauto","Fiets","Flank","Kruispunt, 4 takken",50,"Brandend","Duisternis","Regen",\N,\N,"Reeshofdijk","Tilburg","Tilburg","Noord-Brabant",false,51.572968,5.019875,"injury","2","rain",false,1,"GM0855"
"20240136088",2024,"Letsel",2,"Fiets","Bromfiets","Frontaal","Rotonde",50,"Brandend","Duisternis","Droog",\N,\N,"Galileïstraat","Rotterdam","Rotterdam","Zuid-Holland",false,51.912082,4.425456,"injury","2","clear",false,1,"GM0599"
"20240138612",2024,"Uitsluitend materiele schade",1,"Fiets",\N,"Onbekend","Rechte weg",50,"Brandend","Schemer","Droog",\N,"372254015","Muntweg","Nijmegen","Nijmegen","Gelderland",false,51.831403,5.842095,"material damage only","4","clear",false,1,"GM0268"
"20240136102",2024,"Uitsluitend materiele schade",2,"Fiets","Personenauto","Flank","Kruispunt, 4 takken",30,"Niet brandend","Daglicht","Droog",\N,\N,"De Aanloop","Boxtel","Boxtel","Noord-Brabant",false,51.597809,5.330466,"material damage only","4","clear",false,1,"GM0757"
"20240137983",2024,"Uitsluitend materiele schade",2,"Fiets","Bestelauto","Flank","Kruispunt, 4 takken",50,"Niet brandend","Daglicht","Droog",\N,\N,"A.H.G. Fokkerstraat","Assen","Assen","Drenthe",false,53.002478,6.570038,"material damage only","4","clear",false,1,"GM0106"
"20240142039",2024,"Letsel",1,"Fiets",\N,"Onbekend","Rechte weg",\N,"Niet aanwezig","Daglicht","Droog",\N,"207440006","Verspyckweg","Bergen aan Zee","Bergen (NH)","Noord-Holland",false,52.665602,4.634603,"injury","2","clear",false,1,\N
"20240142053",2024,"Letsel",2,"Personenauto","Fiets","Flank","Kruispunt, 3 takken",30,"Niet brandend","Daglicht","Regen",\N,\N,"Buikslotermeerplein","Amsterdam","Amsterdam","Noord-Holland",false,52.398601,4.940687,"injury","2","rain",false,1,"GM0363"
"20240142511",2024,"Uitsluitend materiele schade",2,"Bromfiets","Fiets","Flank","Rechte weg",30,"Brandend","Duisternis","Droog",\N,"600755883","Strand van Luna","Heerhugowaard","Dijk en Waard","Noord-Holland",false,52.650007,4.796446,"material damage only","4","clear",false,1,"GM1980"
"20240144034",2024,"Letsel",2,"Personenauto","Fiets","Onbekend",\N,50,"Brandend","Schemer","Regen",\N,"600736544","Weeresteinstraat","Hillegom","Hillegom","Zuid-Holland",false,52.297514,4.580205,"injury","2","rain",false,1,"GM0534"
"20240147791",2024,"Uitsluitend materiele schade",2,"Fiets","Personenauto","Flank","Kruispunt, 4 takken",30,"Niet brandend","Daglicht","Droog",\N,\N,"Oerlesestraat","Tilburg","Tilburg","Noord-Brabant",false,51.547139,5.077745,"material damage only","4","clear",false,1,"GM0855"
"20240135561",2024,"Letsel",2,"Personenauto","Fiets","Flank","Kruispunt, 4 takken",50,"Niet brandend","Daglicht","Droog",\N,\N,"Oostmolenwerf","Rotterdam","Rotterdam","Zuid-Holland",false,51.922394,4.496954,"injury","2","clear",false,1,"GM0599"
"20240136188",2024,"Uitsluitend materiele schade",2,"Snorfiets","Fiets","Flank","Kruispunt, 3 takken",30,"Niet brandend","Daglicht","Droog",\N,\N,"Nemerlaerhof","Helmond","Helmond","Noord-Brabant",false,51.474191,5.696771,"material damage only","4","clear",false,1,"GM0794"
"20240145556",2024,"Letsel",2,"Fiets","Personenauto","Flank","Kruispunt, 4 takken",30,"Niet brandend","Daglicht","Droog",\N,\N,"Dr. Schaepmanlaan","Waalwijk","Waalwijk","Noord-Brabant",false,51.688144,5.080542,"injury","2","clear",false,1,"GM0867"
"20240145930",2024,"Uitsluitend materiele schade",2,"Personenauto","Fiets","Onbekend","Bocht",30,"Niet aanwezig","Duisternis","Regen",\N,"600716826","Surfpad","Vlaardingen","Vlaardingen","Zuid-Holland",false,51.91753,4.306685,"material damage only","4","rain",false,1,"GM0622"
"20240137506",2024,"Uitsluitend materiele schade",2,"Personenauto","Fiets","Flank","Kruispunt, 4 takken",50,"Brandend","Daglicht","Regen",\N,\N,"Stationslaan","Breda","Breda","Noord-Brabant",false,51.596807,4.782214,"material damage only","4","rain",false,1,"GM0758"
"20240142560",2024,"Letsel",2,"Fiets","Bromfiets","Frontaal","Rechte weg",30,"Brandend","Duisternis","Regen",\N,"600370724","Schoterweg","Haarlem","Haarlem","Noord-Holland",false,52.39189,4.640539,"injury","2","rain",false,1,"GM0392"
"20240145400",2024,"Letsel",2,"Fiets","Personenauto","Flank","Kruispunt, 4 takken",50,"Niet brandend","Daglicht","Droog",\N,\N,"Vossendaal","Etten-Leur","Etten-Leur","Noord-Brabant",false,51.575411,4.608905,"injury","2","clear",false,1,"GM0777"
"20240146227",2024,"Letsel",2,"Personenauto","Fiets","Flank","Rechte weg",30,"Brandend","Duisternis","Droog",\N,"163308071","Stationsweg","'s-Gravenhage","'s-Gravenhage","Zuid-Holland",false,52.073596,4.31798,"injury","2","clear",false,1,"GM0518"
"20240136276",2024,"Uitsluitend materiele schade",2,"Bromfiets","Fiets","Onbekend","Rechte weg",\N,"Niet brandend","Daglicht","Droog",\N,"299224101","Rompertsebaan","'s-Hertogenbosch","'s-Hertogenbosch","Noord-Brabant",false,51.699258,5.311896,"material damage only","4","clear",false,1,"GM0796"
"20240145640",2024,"Letsel",2,"Personenauto","Fiets","Flank","Kruispunt, 4 takken",50,"Brandend","Schemer","Droog",\N,\N,"Schiedamseweg","Rotterdam","Rotterdam","Zuid-Holland",false,51.913412,4.427595,"injury","2","clear",false,1,"GM0599"
"20240146267",2024,"Letsel",1,"Fiets",\N,"Onbekend","Rechte weg",30,"Brandend","Duisternis","Droog",\N,"600922597","Ehrenfestweg","Leiden","Leiden","Zuid-Holland",false,52.165746,4.459563,"injury","2","clear",false,1,"GM0546"
"20240136926",2024,"Uitsluitend materiele schade",2,"Fiets",\N,"Onbekend","Rotonde",30,"Niet brandend","Daglicht","Droog",\N,"601133386","Sibemaweg","Maastricht","Maastricht","Limburg",false,50.845436,5.718984,"material damage only","4","clear",false,1,"GM0935"
"20240138826",2024,"Uitsluitend materiele schade",2,"Fiets","Personenauto","Frontaal","Kruispunt, 4 takken",30,"Niet aanwezig","Daglicht","Droog","Tankstation",\N,"Kuipersdijk","Enschede","Enschede","Overijssel",false,52.203782,6.894645,"material damage only","4","clear",false,1,"GM0153"
"20240146191",2024,"Uitsluitend materiele schade",2,"Fiets","Personenauto","Kop/staart","Kruispunt, 4 takken",50,"Brandend","Duisternis","Regen",\N,\N,"Pompenburg","Rotterdam","Rotterdam","Zuid-Holland",false,51.924633,4.479909,"material damage only","4","rain",false,1,"GM0599"
"20240146852",2024,"Letsel",2,"Fiets","Overig vast object","Vast voorwerp","Rechte weg",50,"Niet brandend","Daglicht","Droog","Tunnel","600421260","Stationstunnel","Roermond","Roermond","Limburg",false,51.191972,5.99411,"injury","2","clear",false,1,"GM0957"
"20240133863",2024,"Letsel",2,"Personenauto","Fiets","Flank","Kruispunt, 3 takken",50,"Niet brandend","Daglicht","Droog",\N,\N,"De Sterke Arm","Veenendaal","Veenendaal","Utrecht",false,52.021973,5.557217,"injury","2","clear",false,1,"GM0345"
"20240136973",2024,"Uitsluitend materiele schade",1,"Fiets",\N,"Onbekend","Rotonde",30,\N,"Daglicht",\N,\N,\N,"Busselbundersweg","Veghel","Meierijstad","Noord-Brabant",false,51.623358,5.557331,"material damage only","4","unknown",false,1,"GM1948"
"20240144237",2024,"Letsel",1,"Fiets",\N,"Onbekend","Rechte weg",30,"Brandend","Duisternis","Harde windstoten",\N,"142293055","Willem van der Kaaijstr","'s-Gravenzande","Westland","Zuid-Holland",false,52.003426,4.164944,"injury","2","unknown",false,1,"GM1783"
"20240135747",2024,"Letsel",2,"Fiets","Personenauto","Flank","Rotonde",50,"Niet aanwezig","Schemer","Regen",\N,\N,"Chico Mendesring","Dordrecht","Dordrecht","Zuid-Holland",false,51.804053,4.706262,"injury","2","rain",false,1,"GM0505"
"20240136358",2024,"Uitsluitend materiele schade",2,"Personenauto","Fiets","Flank","Kruispunt, 4 takken",50,"Niet brandend","Daglicht","Droog",\N,\N,"Kasteellaan","Eindhoven","Eindhoven","Noord-Brabant",false,51.426969,5.442562,"material damage only","4","clear",false,1,"GM0772"
"20240002319",2024,"Uitsluitend materiele schade",2,"Personenauto","Fiets","Flank","Kruispunt, 4 takken",50,"Niet brandend","Daglicht","Droog",\N,\N,"Zaltbommelseweg","Oss","Oss","Noord-Brabant",false,51.770607,5.509737,"material damage only","4","clear",false,1,"GM0828"
"20240007455",2024,"Uitsluitend materiele schade",2,"Bromfiets","Fiets","Flank","Kruispunt, 4 takken",30,"Brandend","Daglicht","Droog",\N,\N,"Kort Rapenburg","Leiden","Leiden","Zuid-Holland",false,52.160711,4.485206,"material damage only","4","clear",false,1,"GM0546"
"20240007808",2024,"Letsel",2,"Bus","Fiets","Flank","Rechte weg",30,"Brandend","Duisternis","Droog",\N,"153287068","Bleijenburg","De Lier","Westland","Zuid-Holland",false,51.978345,4.248671,"injury","2","clear",false,1,"GM1783"
"20240011196",2024,"Uitsluitend materiele schade",2,"Personenauto","Fiets","Flank","Kruispunt, 3 takken",50,"Niet brandend","Daglicht","Regen",\N,\N,"Dwingel","De Goorn","Koggenland","Noord-Holland",false,52.627639,4.94568,"material damage only","4","rain",false,1,"GM1598"
"20240013233",2024,"Letsel",2,"Fiets","Voetganger","Voetganger","Kruispunt, 3 takken",30,"Niet brandend","Daglicht","Regen",\N,\N,"Hobbemakade","Amsterdam","Amsterdam","Noord-Holland",false,52.357611,4.886301,"injury","2","rain",false,1,"GM0363"
"20230109869",2023,"Uitsluitend materiele schade",3,"Fiets","Fiets","Onbekend","Rechte weg",30,"Niet brandend","Daglicht","Droog",\N,"366170016","Oude Liesselseweg","Deurne","Deurne","Noord-Brabant",false,51.456841,5.796885,"material damage only","4","clear",false,1,"GM0762"
"20240007645",2024,"Letsel",2,"Personenauto","Fiets","Onbekend","Rechte weg",30,"Niet brandend","Daglicht","Sneeuw/Hagel",\N,"168295162","Kolk","Delft","Delft","Zuid-Holland",false,52.015307,4.353767,"injury","2","unknown",false,1,"GM0503"
"20240012429",2024,"Uitsluitend materiele schade",2,"Bestelauto","e-bike","Flank","Kruispunt, 3 takken",50,"Brandend","Duisternis","Droog",\N,\N,"Middenweg","Aalsmeer","Aalsmeer","Noord-Holland",false,52.272578,4.775176,"material damage only","4","clear",false,1,"GM0358"
"20240156540",2024,"Uitsluitend materiele schade",2,"Personenauto","Fiets","Flank","Kruispunt, 4 takken",30,"Brandend","Duisternis","Regen",\N,\N,"A dijk","Roosendaal","Roosendaal","Noord-Brabant",false,51.523966,4.482819,"material damage only","4","rain",false,1,"GM1674"
"20240019273",2024,"Uitsluitend materiele schade",2,"Bromfiets","Fiets","Flank","Rechte weg",50,"Niet brandend","Daglicht","Droog",\N,"600177623","Oude Hoon","Houten","Houten","Utrecht",false,52.021138,5.141787,"material damage only","4","clear",false,1,"GM0321"
"20240021141",2024,"Letsel",1,"Fiets",\N,"Onbekend",\N,30,\N,"Daglicht",\N,\N,"187327125","Breestraat","Leiden","Leiden","Zuid-Holland",false,52.158688,4.489712,"injury","2","unknown",false,1,"GM0546"
"20230109947",2023,"Uitsluitend materiele schade",2,"Personenauto","Fiets","Flank","Kruispunt, 3 takken",50,"Brandend","Duisternis","Sneeuw/Hagel",\N,\N,"Middeldijkdreef","Tilburg","Tilburg","Noord-Brabant",false,51.593131,4.978956,"material damage only","4","unknown",false,1,"GM0855"
"20230111157",2023,"Letsel",1,"Fiets",\N,"Eenzijdig","Rechte weg",30,"Niet brandend","Daglicht","Droog",\N,"242372013","Vijzelstraat","Amsterdam","Amsterdam","Noord-Holland",false,52.363326,4.89217,"injury","2","clear",false,1,"GM0363"
"20230111735",2023,"Uitsluitend materiele schade",2,"Personenauto","Fiets","Frontaal","Rechte weg",50,"Brandend","Duisternis","Droog",\N,"210372038","Professor Donderslaan","Haarlem","Haarlem","Noord-Holland",false,52.363829,4.657137,"material damage only","4","clear",false,1,"GM0392"
"20240007768",2024,"Letsel",2,"Personenauto","Fiets","Flank","Kruispunt, 3 takken",50,"Niet brandend","Daglicht","Droog",\N,\N,"Prins Bernhardlaan","Voorburg","Leidschendam-Voorburg","Zuid-Holland",false,52.078394,4.367799,"injury","2","clear",false,1,"GM1916"
"20240022568",2024,"Letsel",2,"Personenauto","Fiets","Flank","Kruispunt, 4 takken",30,"Niet brandend","Daglicht","Regen",\N,\N,"Nieuwe Kraaijertsedijk","Lewedorp","Borsele","Zeeland",false,51.492457,3.752532,"injury","2","rain",false,1,"GM0654"
"20240152369",2024,"Letsel",2,"Fiets","Fiets","Frontaal","Rechte weg",30,"Brandend","Schemer","Droog",\N,"190326093","Hoge Rijndijk","Leiden","Leiden","Zuid-Holland",false,52.155112,4.511065,"injury","2","clear",false,1,"GM0546"
"20240004979",2024,"Uitsluitend materiele schade",2,"Personenauto","Fiets","Flank","Rotonde",50,"Niet brandend","Daglicht","Droog",\N,\N,"Brabantweg","Arnhem","Arnhem","Gelderland",false,51.945057,5.862128,"material damage only","4","clear",false,1,"GM0202"
"20240010104",2024,"Uitsluitend materiele schade",3,"Personenauto","Fiets","Flank","Kruispunt, 4 takken",50,"Brandend","Duisternis","Droog",\N,\N,"Brinkgreverweg","Deventer","Deventer","Overijssel",false,52.257364,6.165829,"material damage only","4","clear",false,1,"GM0150"
"20240023001",2024,"Uitsluitend materiele schade",2,"Personenauto","Fiets","Flank","Rotonde",50,"Niet brandend","Daglicht","Regen",\N,\N,"Mozartlaan","Maassluis","Maassluis","Zuid-Holland",false,51.926723,4.246045,"material damage only","4","rain",false,1,"GM0556"
"20240153043",2024,"Letsel",2,"Fiets","Bromfiets","Flank","Kruispunt, 4 takken",30,"Brandend","Schemer","Droog",\N,\N,"De Cuserstraat","Amsterdam","Amsterdam","Noord-Holland",false,52.323572,4.857737,"injury","2","clear",false,1,"GM0363"
"20230112390",2023,"Letsel",2,"Fiets","Fiets","Onbekend","Rechte weg",50,"Niet brandend","Daglicht","Droog",\N,"600713038","Veilingweg","De Lier","Westland","Zuid-Holland",false,51.979879,4.238933,"injury","2","clear",false,1,"GM1783"
"20240005044",2024,"Uitsluitend materiele schade",2,"Personenauto","Fiets","Onbekend","Kruispunt, 4 takken",50,"Niet brandend","Daglicht","Droog",\N,\N,"Dunantstraat","Borne","Borne","Overijssel",false,52.29852,6.751499,"material damage only","4","clear",false,1,"GM0147"
"20240008182",2024,"Letsel",2,"Personenauto","Fiets","Flank","Rotonde",30,"Niet brandend","Daglicht","Droog",\N,\N,"Burg Cramergracht","Amsterdam","Amsterdam","Noord-Holland",false,52.373787,4.832973,"injury","2","clear",false,1,"GM0363"
"20240009743",2024,"Uitsluitend materiele schade",2,"Snorfiets","Fiets","Kop/staart","Rechte weg",50,"Niet brandend","Daglicht","Droog",\N,"600674495","Wegtersweg","Hengelo","Hengelo (O)","Overijssel",false,52.274289,6.779584,"material damage only","4","clear",false,1,\N
"20240011054",2024,"Letsel",2,"Fiets","Bestelauto","Flank","Rechte weg",30,"Niet brandend","Daglicht","Droog",\N,"600740886","Kennemerweg","Bloemendaal","Bloemendaal","Noord-Holland",false,52.410026,4.626779,"injury","2","clear",false,1,"GM0377"