"accident_id","year","severity_raw","party_count","party1_type","party2_type","accident_type","road_situation","speed_limit_kmh","road_lighting","light_condition_label","weather_raw","infra_type","road_segment_id","street_name","place_name","gemeente_name_raw","province","alcohol_indicated","latitude","longitude","severity_label","severity_code","weather_label","built_up_area","cyclists_involved","gemeente_code"
"20230113021",2023,"Letsel",2,"Bestelauto","Fiets","Flank","Kruispunt, 3 takken",50,"Niet brandend","Daglicht","Droog",\N,\N,"De Witte Raaflaan","Noordwijk","Noordwijk","Zuid-Holland",false,52.267876,4.47027,"injury","2","clear",false,1,"GM0575"
"20240002553",2024,"Letsel",1,"Fiets",\N,"Onbekend","Rechte weg",30,"Brandend","Schemer","Droog",\N,"380069029","Burg. Kampsstraat","Sittard","Sittard-Geleen","Limburg",false,51.000592,5.887224,"injury","2","clear",false,1,"GM1883"
"20240005661",2024,"Letsel",2,"Bromfiets","Fiets","Frontaal","Rechte weg",80,"Niet brandend","Duisternis","Regen",\N,"600648312","Medemblikkerweg","Wieringerwerf","Hollands Kroon","Noord-Holland",false,52.817138,5.030784,"injury","2","rain",false,1,"GM1911"
"20240008786",2024,"Uitsluitend materiele schade",2,"Personenauto","Fiets","Flank","Kruispunt, 3 takken",30,"Brandend","Duisternis","Regen",\N,\N,"Sassenstraat","Zwolle","Zwolle","Overijssel",false,52.509631,6.095525,"material damage only","4","rain",false,1,"GM0193"
"20240018350",2024,"Letsel",2,"Personenauto","Fiets","Kop/staart","Kruispunt, 4 takken",50,"Niet brandend","Daglicht","Droog","Brug/viaduct",\N,"Julianalaan","Veendam","Veendam","Groningen",false,53.101721,6.876669,"injury","2","clear",false,1,"GM0047"
"20240018489",2024,"Letsel",2,"Motor","Fiets","Onbekend","Kruispunt, 3 takken",30,"Niet brandend","Daglicht","Droog",\N,\N,"Dirk Burgerstraat","Kolhorn","Hollands Kroon","Noord-Holland",false,52.792406,4.88842,"injury","2","clear",false,1,"GM1911"
"20240018784",2024,"Letsel",2,"Personenauto","Fiets","Flank","Rechte weg",50,"Niet brandend","Daglicht","Regen",\N,"312327027","Lageweg","Amersfoort","Amersfoort","Utrecht",false,52.161222,5.408748,"injury","2","rain",false,1,"GM0307"
"20240153836",2024,"Uitsluitend materiele schade",2,"Personenauto","Fiets","Flank","Rotonde",50,"Niet brandend","Daglicht","Regen",\N,\N,"Plataanlaan","Hellevoetsluis","Voorne aan Zee","Zuid-Holland",false,51.830817,4.148227,"material damage only","4","rain",false,1,"GM1992"
"20240002640",2024,"Uitsluitend materiele schade",1,"Fiets",\N,"Onbekend","Rotonde",50,"Brandend","Duisternis","Regen",\N,\N,"Noordsingel","Venray","Venray","Limburg",false,51.532076,5.978931,"material damage only","4","rain",false,1,"GM0984"
"20240018987",2024,"Letsel",2,"Bromfiets","Fiets","Onbekend","Rechte weg",50,"Niet brandend","Daglicht","Droog",\N,"220431019","Mondriaanstraat","Alkmaar","Alkmaar","Noord-Holland",false,52.625472,4.723318,"injury","2","clear",false,1,"GM0361"
"20240021190",2024,"Letsel",1,"Fiets",\N,"Eenzijdig","Kruispunt, 4 takken",30,"Niet brandend","Daglicht","Droog",\N,\N,"LEPELBRUG","Delft","Delft","Zuid-Holland",false,52.017974,4.35144,"injury","2","clear",false,1,"GM0503"
"20240013897",2024,"Uitsluitend materiele schade",2,"Snorfiets","Fiets","Onbekend","Kruispunt, 4 takken",50,"Niet brandend","Daglicht","Droog",\N,"600559168","Conservatoriumlaan","Tilburg","Tilburg","Noord-Brabant",false,51.564408,5.050887,"material damage only","4","clear",false,1,"GM0855"
"20230111358",2023,"Letsel",3,"Personenauto","Fiets","Onbekend","Kruispunt, 3 takken",15,"Niet brandend","Daglicht","Droog",\N,\N,"Raadhuisplein","Heerhugowaard","Dijk en Waard","Noord-Holland",false,52.670706,4.84213,"injury","2","clear",false,1,"GM1980"
"20230112556",2023,"Letsel",2,"Personenauto","Fiets","Flank","Kruispunt, 3 takken",50,"Niet brandend","Daglicht","Droog",\N,\N,"J.J. Heggekade","'s-Gravenhage","'s-Gravenhage","Zuid-Holland",false,52.051582,4.2404,"injury","2","clear",false,1,"GM0518"
"20240003536",2024,"Letsel",2,"Personenauto","Fiets","Flank","Kruispunt, 3 takken",50,"Niet brandend","Daglicht","Regen",\N,\N,"Molenstraat","Ede","Ede","Gelderland",false,52.046338,5.656278,"injury","2","rain",false,1,"GM0228"
"20240006442",2024,"Letsel",2,"Personenauto","Fiets","Flank","Kruispunt, 3 takken",30,"Niet brandend","Daglicht","Droog",\N,\N,"Diamantweg","Amersfoort","Amersfoort","Utrecht",false,52.141178,5.396513,"injury","2","clear",false,1,"GM0307"
"20230110221",2023,"Uitsluitend materiele schade",2,"Fiets","Personenauto","Frontaal","Kruispunt, 4 takken",50,"Niet brandend","Daglicht","Droog",\N,\N,"Philips Vingboonsstraat","Tilburg","Tilburg","Noord-Brabant",false,51.563546,5.077618,"material damage only","4","clear",false,1,"GM0855"
"20230113167",2023,"Letsel",2,"Motor","Fiets","Flank","Rechte weg",30,"Niet brandend","Daglicht","Droog",\N,"600914562","Korftlaan","Delft","Delft","Zuid-Holland",false,52.02003,4.384871,"injury","2","clear",false,1,"GM0503"
"20240010327",2024,"Letsel",2,"Bestelauto","Fiets","Flank","Kruispunt, 4 takken",60,"Brandend","Daglicht","Regen",\N,\N,"De Jammer","Boerakker","Westerkwartier","Groningen",false,53.187515,6.34281,"injury","2","rain",false,1,"GM1969"
"20230107892",2023,"Uitsluitend materiele schade",2,"Personenauto","Fiets","Flank","Kruispunt, 4 takken",30,"Niet brandend","Daglicht","Droog",\N,\N,"Rembrandtlaan","Veenendaal","Veenendaal","Utrecht",false,52.021606,5.545624,"material damage only","4","clear",false,1,"GM0345"
"20240003600",2024,"Letsel",3,"Fiets","Bestelauto","Onbekend","Rechte weg",60,"Niet brandend","Schemer","Droog",\N,"600257635","Andelsterweg","Den Andel","Het Hogeland","Groningen",false,53.379475,6.506323,"injury","2","clear",false,1,"GM1966"
"20240013536",2024,"Letsel",2,"Fiets","Fiets","Flank","Rechte weg",30,"Brandend","Daglicht","Droog",\N,"204382027","Mollaan","Bloemendaal","Bloemendaal","Noord-Holland",false,52.405695,4.611817,"injury","2","clear",false,1,"GM0377"
"20240013710",2024,"Uitsluitend materiele schade",1,"Fiets",\N,"Onbekend",\N,\N,\N,"Duisternis",\N,\N,"372231010","Beersebaan","Cuijk","Land van Cuijk","Noord-Brabant",false,51.728909,5.843206,"material damage only","4","unknown",false,1,"GM1982"
"20240014887",2024,"Letsel",2,"Fiets","Fiets","Flank","Rechte weg",30,"Niet brandend","Daglicht","Droog",\N,"57173129","Bloemenlaan","Vlissingen","Vlissingen","Zeeland",false,51.455414,3.573402,"injury","2","clear",false,1,"GM0718"
"20240016593",2024,"Uitsluitend materiele schade",2,"Personenauto","Fiets","Flank","Rechte weg",50,"Niet brandend","Daglicht","Droog",\N,"356270023","Wageningsestraat","Andelst","Overbetuwe","Gelderland",false,51.905167,5.725447,"material damage only","4","clear",false,1,"GM1734"
"20240017075",2024,"Uitsluitend materiele schade",2,"Personenauto","Fiets","Flank","Kruispunt, 3 takken",50,"Niet brandend","Daglicht","Droog",\N,"510540010","Nassaustraat","Veendam","Veendam","Groningen",false,53.110581,6.881253,"material damage only","4","clear",false,1,"GM0047"
"20240152062",2024,"Letsel",2,"Personenauto","Fiets","Flank","Kruispunt, 4 takken",50,"Brandend","Duisternis","Regen",\N,\N,"Zonweg","'s-Gravenhage","'s-Gravenhage","Zuid-Holland",false,52.066524,4.339683,"injury","2","rain",false,1,"GM0518"
"20240154004",2024,"Letsel",2,"Personenauto","Fiets","Onbekend","Kruispunt, 4 takken",30,"Brandend","Duisternis","Droog",\N,\N,"Hillelaan","Rotterdam","Rotterdam","Zuid-Holland",false,51.902672,4.49678,"injury","2","clear",false,1,"GM0599"
"20240154660",2024,"Letsel",2,"Personenauto","Fiets","Geparkeerd voertuig","Rechte weg",30,"Niet brandend","Daglicht","Droog",\N,"600210074","Delftselaan","'s-Gravenhage","'s-Gravenhage","Zuid-Holland",false,52.069416,4.296324,"injury","2","clear",false,1,"GM0518"
"20240154667",2024,"Letsel",2,"Personenauto","Fiets","Flank","Kruispunt, 3 takken",50,"Niet brandend","Daglicht","Regen",\N,\N,"Middenwetering","Krimpen aan den IJssel","Krimpen aan den IJssel","Zuid-Holland",false,51.920117,4.600302,"injury","2","rain",false,1,"GM0542"
"20240004788",2024,"Letsel",2,"Personenauto","Fiets","Frontaal","Kruispunt, 4 takken",50,"Niet brandend","Daglicht","Droog",\N,\N,"Solwerderweg","Appingedam","Eemsdelta","Groningen",false,53.322656,6.863729,"injury","2","clear",false,1,"GM1979"
"20240011149",2024,"Letsel",2,"Bromfiets","Fiets","Frontaal","Rechte weg",\N,"Niet brandend","Daglicht","Droog",\N,"600891722","De Noostraat","IJmuiden","Velsen","Noord-Holland",false,52.460959,4.627263,"injury","2","clear",false,1,"GM0453"
"20240152714",2024,"Uitsluitend materiele schade",2,"Fiets","Personenauto","Onbekend","Kruispunt, 4 takken",50,"Niet brandend","Daglicht","Droog",\N,\N,"Treubweg","Diemen","Diemen","Noord-Holland",false,52.332508,4.97391,"material damage only","4","clear",false,1,"GM0384"
"20240016314",2024,"Letsel",2,"Personenauto","Fiets","Flank","Kruispunt, 4 takken",60,"Niet brandend","Daglicht","Droog",\N,\N,"'t Ven","Oirschot","Oirschot","Noord-Brabant",false,51.52453,5.281359,"injury","2","clear",false,1,"GM0823"
"20240022076",2024,"Letsel",2,"Personenauto","Fiets","Flank","Kruispunt, 3 takken",30,"Niet brandend","Daglicht","Droog",\N,\N,"Stationsstraat","Oisterwijk","Oisterwijk","Noord-Brabant",false,51.581695,5.193645,"injury","2","clear",false,1,"GM0824"
"20240154762",2024,"Letsel",2,"Personenauto","Fiets","Onbekend","Rotonde",50,"Brandend","Duisternis","Droog",\N,\N,"Vrijheidsdans","Capelle aan den IJssel","Capelle aan den IJssel","Zuid-Holland",false,51.952195,4.569609,"injury","2","clear",false,1,"GM0502"
"20240154766",2024,"Letsel",2,"Bestelauto","Fiets","Flank","Rechte weg",50,"Niet brandend","Duisternis","Droog",\N,"600107672","Fruitweg","'s-Gravenhage","'s-Gravenhage","Zuid-Holland",true,52.058062,4.305031,"injury","2","clear",false,1,"GM0518"
"20240016727",2024,"Uitsluitend materiele schade",2,"Personenauto","Fiets","Flank","Rechte weg",50,"Brandend","Duisternis","Droog",\N,"390339039","Deventerstraat","Apeldoorn","Apeldoorn","Gelderland",false,52.215454,5.977407,"material damage only","4","clear",false,1,"GM0200"
"20230109852",2023,"Uitsluitend materiele schade",2,"Personenauto","Fiets","Flank","Rechte weg",50,"Niet brandend","Daglicht","Droog",\N,"600817615","Engelseweg","Helmond","Helmond","Noord-Brabant",false,51.473138,5.674942,"material damage only","4","clear",false,1,"GM0794"
"20230023675",2023,"Letsel",2,"Fiets",\N,"Eenzijdig","Kruispunt, 4 takken",30,"Niet brandend","Daglicht","Droog",\N,\N,"Laan van Meerdervoort","'s-Gravenhage","'s-Gravenhage","Zuid-Holland",false,52.078671,4.277297,"injury","2","clear",false,1,"GM0518"
"20230023697",2023,"Letsel",2,"Fiets","Overig vast object","Vast voorwerp","Kruispunt, 3 takken",30,"Niet brandend","Daglicht","Harde windstoten",\N,\N,"Nachtegaallaan","'s-Gravenzande","Westland","Zuid-Holland",false,52.004317,4.174885,"injury","2","unknown",false,1,"GM1783"
"20230028306",2023,"Uitsluitend materiele schade",3,"Personenauto","Fiets","Onbekend","Rotonde",50,"Niet brandend","Daglicht","Droog",\N,\N,"Stationsweg","Gorinchem","Gorinchem","Zuid-Holland",false,51.832229,4.965835,"material damage only","4","clear",false,1,"GM0512"
"20230028886",2023,"Uitsluitend materiele schade",2,"Personenauto","e-bike","Flank","Rotonde",50,"Niet brandend","Daglicht","Droog",\N,\N,"Burg Schneiderlaan","Roosendaal","Roosendaal","Noord-Brabant",false,51.519478,4.45803,"material damage only","4","clear",false,1,"GM1674"
"20230033951",2023,"Uitsluitend materiele schade",2,"Personenauto","Fiets","Flank","Rotonde",50,"Niet brandend","Daglicht","Droog",\N,\N,"Rijnweg","Gendringen","Oude IJsselstreek","Gelderland",false,51.877152,6.376147,"material damage only","4","clear",false,1,"GM1509"
"20230036685",2023,"Uitsluitend materiele schade",2,"Scootmobiel","Fiets","Flank","Rechte weg",30,"Brandend","Duisternis","Droog",\N,"240378026","Spaarndammerstraat","Amsterdam","Amsterdam","Noord-Holland",false,52.389935,4.878984,"material damage only","4","clear",false,1,"GM0363"
"20240031114",2024,"Uitsluitend materiele schade",2,"Snorfiets","Fiets","Flank","Kruispunt, 4 takken",50,"Niet brandend","Daglicht","Droog",\N,\N,"Uit den Bosstraat","Haarlem","Haarlem","Noord-Holland",false,52.370116,4.622395,"material damage only","4","clear",false,1,"GM0392"
"20230019179",2023,"Letsel",2,"Fiets",\N,"Eenzijdig","Kruispunt, 4 takken",30,"Niet brandend","Daglicht","Droog",\N,\N,"Utrechtseweg","Utrecht","Utrecht","Utrecht",false,52.099198,5.029185,"injury","2","clear",false,1,"GM0344"
"20230021452",2023,"Letsel",2,"Personenauto","Fiets","Flank","Kruispunt, 3 takken",50,"Niet brandend","Daglicht","Regen",\N,\N,"Sandifortdreef","Leiden","Leiden","Zuid-Holland",false,52.170007,4.477214,"injury","2","rain",false,1,"GM0546"
"20240027354",2024,"Letsel",2,"Bus","Fiets","Frontaal","Bocht",50,"Niet brandend","Daglicht","Regen",\N,"366561035","Krijn van den Helmstraat","Leeuwarden","Leeuwarden","Friesland",false,53.214406,5.807244,"injury","2","rain",false,1,"GM0080"
"20230028933",2023,"Uitsluitend materiele schade",2,"Bromfiets","Fiets","Flank","Kruispunt, 4 takken",50,"Niet brandend","Daglicht","Droog",\N,\N,"Wildersekade","Rotterdam","Rotterdam","Zuid-Holland",false,51.980073,4.469782,"material damage only","4","clear",false,1,"GM0599"
"20230067348",2023,"Uitsluitend materiele schade",2,"Personenauto","Fiets","Kop/staart","Kruispunt, 3 takken",50,"Niet brandend","Daglicht","Droog",\N,\N,"Kruitberg","Amsterdam","Amsterdam","Noord-Holland",false,52.316857,4.978719,"material damage only","4","clear",false,1,"GM0363"
"20230067378",2023,"Letsel",2,"Fiets","Fiets","Flank","Kruispunt, 3 takken",30,"Niet brandend","Daglicht","Droog",\N,\N,"Oostwaard","Maarssen","Stichtse Vecht","Utrecht",false,52.128919,5.052569,"injury","2","clear",false,1,"GM1904"
"20230068474",2023,"Letsel",4,"Bromfiets","Fiets","Onbekend","Rechte weg",50,"Brandend","Duisternis","Droog",\N,"600557381","Noordweg","Pijnacker","Pijnacker-Nootdorp","Zuid-Holland",true,52.029056,4.420094,"injury","2","clear",false,1,"GM1926"
"20230068835",2023,"Letsel",2,"Fiets","Fiets","Onbekend","Rechte weg",30,"Niet brandend","Daglicht","Droog",\N,"154312070","Pampusstraat","'s-Gravenhage","'s-Gravenhage","Zuid-Holland",false,52.090121,4.255493,"injury","2","clear",false,1,"GM0518"
"20230074234",2023,"Uitsluitend materiele schade",2,"Bromfiets","Fiets","Frontaal","Kruispunt, 4 takken",80,"Niet brandend","Schemer","Droog",\N,\N,"FIETSPAD","Grafhorst","Kampen","Overijssel",false,52.585787,5.940039,"material damage only","4","clear",false,1,"GM0166"
"20230026102",2023,"Uitsluitend materiele schade",2,"Personenauto","e-bike","Onbekend","Kruispunt, 4 takken",30,"Niet brandend","Daglicht","Droog",\N,\N,"Mariniersweg","Oud-Beijerland","Hoeksche Waard","Zuid-Holland",false,51.821041,4.404467,"material damage only","4","clear",false,1,"GM1963"
"20230028953",2023,"Uitsluitend materiele schade",2,"Personenauto","Fiets","Flank","Rechte weg",50,"Niet brandend","Daglicht","Droog",\N,"157178033","Erasmuslaan","Bergen op Zoom","Bergen op Zoom","Noord-Brabant",false,51.489258,4.291573,"material damage only","4","clear",false,1,"GM0748"
"20230030711",2023,"Uitsluitend materiele schade",2,"Personenauto","Fiets","Flank","Kruispunt, 3 takken",30,"Brandend","Schemer","Droog",\N,\N,"Koorstraat","Boxmeer","Land van Cuijk","Noord-Brabant",false,51.647257,5.947838,"material damage only","4","clear",false,1,"GM1982"
"20230032766",2023,"Letsel",2,"Personenauto","Fiets","Flank","Kruispunt, 3 takken",50,"Niet brandend","Daglicht","Regen",\N,\N,"Professor Moserstraat","Maastricht","Maastricht","Limburg",false,50.85343,5.705398,"injury","2","rain",false,1,"GM0935"
"20230033167",2023,"Letsel",2,"Bestelauto","Fiets","Flank",\N,50,"Niet brandend","Daglicht","Droog",\N,"300150012","Kerver","Eersel","Eersel","Noord-Brabant",false,51.366107,5.318177,"injury","2","clear",false,1,"GM0770"
"20230067619",2023,"Uitsluitend materiele schade",3,"Trein/tram","Fiets","Flank","Rechte weg",30,"Brandend","Duisternis","Droog",\N,"243370004","Van Woustraat","Amsterdam","Amsterdam","Noord-Holland",true,52.354081,4.90187,"material damage only","4","clear",false,1,"GM0363"
"20230076029",2023,"Uitsluitend materiele schade",3,"Bromfiets","Fiets","Onbekend","Rechte weg",\N,"Niet brandend","Daglicht","Droog",\N,"260314042","Biltse Rading","Utrecht","Utrecht","Utrecht",false,52.100714,5.023677,"material damage only","4","clear",false,1,"GM0344"
"20230018650",2023,"Letsel",2,"Personenauto","Fiets","Flank","Rotonde",50,"Niet brandend","Daglicht","Droog",\N,\N,"Kruisweg","Hoofddorp","Haarlemmermeer","Noord-Holland",false,52.305689,4.69241,"injury","2","clear",false,1,"GM0394"
"20230019259",2023,"Letsel",2,"Fiets","Overig vast object","Vast voorwerp","Rechte weg",30,"Niet brandend","Daglicht","Droog",\N,"267297146","Weverstede","Nieuwegein","Nieuwegein","Utrecht",false,52.027779,5.080796,"injury","2","clear",false,1,"GM0356"
"20230021538",2023,"Letsel",1,"Fiets",\N,"Eenzijdig","Bocht",50,"Brandend","Duisternis","Droog",\N,\N,"Noord West Buitensingel","'s-Gravenhage","'s-Gravenhage","Zuid-Holland",false,52.07393,4.296376,"injury","2","clear",false,1,"GM0518"
"20230033727",2023,"Uitsluitend materiele schade",1,"Fiets",\N,"Onbekend","Kruispunt, 4 takken",\N,"Niet brandend","Daglicht","Droog",\N,\N,"Vonderweg","Eindhoven","Eindhoven","Noord-Brabant",false,51.438805,5.46891,"material damage only","4","clear",false,1,"GM0772"
"20230069321",2023,"Letsel",1,"Fiets",\N,"Eenzijdig","Rechte weg",60,"Niet brandend","Daglicht","Regen",\N,"600462413","Papeweg","Wassenaar","Wassenaar","Zuid-Holland",false,52.133475,4.4197,"injury","2","rain",false,1,"GM0629"
"20230015835",2023,"Uitsluitend materiele schade",2,"Bromfiets","Fiets","Frontaal","Rechte weg",80,"Niet brandend","Schemer","Droog",\N,"600141209","Dronterringweg","Swifterbant","Dronten","Flevoland",false,52.56576,5.658088,"material damage only","4","clear",false,1,"GM0303"
"20230018714",2023,"Uitsluitend materiele schade",3,"Personenauto","Fiets","Onbekend","Rechte weg",50,"Brandend","Schemer","Droog",\N,"272308041","Rijnlaan","Utrecht","Utrecht","Utrecht",false,52.076272,5.114242,"material damage only","4","clear",false,1,"GM0344"
"20230026173",2023,"Letsel",2,"Bromfiets","Fiets","Frontaal","Rechte weg",50,"Niet brandend","Daglicht","Droog",\N,"198273053","Ketensedijk","Capelle aan den IJssel","Capelle aan den IJssel","Zuid-Holland",false,51.919166,4.577705,"injury","2","clear",false,1,"GM0502"
"20230031333",2023,"Uitsluitend materiele schade",2,"Personenauto","Fiets","Flank","Rotonde",50,"Niet brandend","Daglicht","Droog",\N,\N,"Shakespearelaan","Venlo","Venlo","Limburg",false,51.364857,6.134792,"material damage only","4","clear",false,1,"GM0983"
"20230019320",2023,"Uitsluitend materiele schade",2,"Personenauto","Fiets","Flank","Rotonde",50,"Niet brandend","Daglicht","Droog",\N,\N,"De Schöppe","Almelo","Almelo","Overijssel",false,52.342751,6.638655,"material damage only","4","clear",false,1,"GM0141"
"20230022154",2023,"Uitsluitend materiele schade",2,"Personenauto","Fiets","Flank","Kruispunt, 4 takken",50,"Niet brandend","Daglicht","Droog",\N,\N,"Schuttersveld","Leiden","Leiden","Zuid-Holland",false,52.165478,4.486254,"material damage only","4","clear",false,1,"GM0546"
"20240027399",2024,"Letsel",1,"Fiets",\N,"Onbekend","Rechte weg",50,"Niet brandend","Daglicht","Droog",\N,"363559067","Westersingel","Leeuwarden","Leeuwarden","Friesland",false,53.201197,5.78733,"injury","2","clear",false,1,"GM0080"
"20230069807",2023,"Uitsluitend materiele schade",2,"Personenauto","Fiets","Onbekend","Kruispunt, 3 takken",50,\N,"Daglicht",\N,\N,\N,"Jan Ligthartstraat","Rotterdam","Rotterdam","Zuid-Holland",false,51.886481,4.498488,"material damage only","4","unknown",false,1,"GM0599"
"20230078413",2023,"Uitsluitend materiele schade",1,"Fiets",\N,"Onbekend",\N,50,\N,"Daglicht",\N,\N,"164308130","Rijswijkseplein","'s-Gravenhage","'s-Gravenhage","Zuid-Holland",false,52.07183,4.32384,"material damage only","4","unknown",false,1,"GM0518"
"20230078657",2023,"Letsel",2,"Personenauto","Fiets","Flank","Kruispunt, 3 takken",50,"Niet brandend","Daglicht","Droog",\N,\N,"Fietspad Duinweg","Noordwijk","Noordwijk","Zuid-Holland",false,52.269576,4.467467,"injury","2","clear",false,1,"GM0575"
"20230014738",2023,"Uitsluitend materiele schade",3,"Personenauto","Fiets","Onbekend","Bocht",60,"Niet aanwezig","Daglicht","Droog",\N,"489342001","Suetersweg","Bentelo","Hof van Twente","Overijssel",false,52.222559,6.702735,"material damage only","4","clear",false,1,"GM1735"
"20240027926",2024,"Letsel",2,"Personenauto","Fiets","Flank","Kruispunt, 4 takken",50,"Niet brandend","Daglicht","Regen",\N,\N,"Nieuwe Steen","Hoorn","Hoorn","Noord-Holland",false,52.657484,5.061999,"injury","2","rain",false,1,"GM0405"
"20240028278",2024,"Letsel",2,"Fiets","Motor","Flank","Kruispunt, 3 takken",30,"Niet brandend","Daglicht","Droog",\N,\N,"Donkerstraat","Amerongen","Utrechtse Heuvelrug","Utrecht",false,51.996635,5.455568,"injury","2","clear",false,1,"GM1581"
"20240030178",2024,"Letsel",1,"Fiets",\N,"Eenzijdig","Rechte weg",30,"Brandend","Duisternis","Droog",\N,"600716885","John F. Kennedylaan","Rijswijk","Rijswijk","Zuid-Holland",false,52.037777,4.305239,"injury","2","clear",false,1,\N
"20240031242",2024,"Letsel",2,"Fiets","Personenauto","Flank","Kruispunt, 3 takken",30,"Niet brandend","Daglicht","Regen",\N,\N,"Nova Zemblastraat","Amsterdam","Amsterdam","Noord-Holland",false,52.39003,4.884798,"injury","2","rain",false,1,"GM0363"
"20230069843",2023,"Letsel",2,"Fiets","Fiets","Flank","Rechte weg",\N,"Niet brandend","Daglicht","Droog",\N,"600725096","Rijsdijk","Rhoon","Albrandswaard","Zuid-Holland",false,51.859802,4.445696,"injury","2","clear",false,1,"GM0613"
"20230069854",2023,"Letsel",2,"Personenauto","Fiets","Flank","Rechte weg",50,"Niet brandend","Daglicht","Regen",\N,"215247040","Provincialeweg","Dordrecht","Dordrecht","Zuid-Holland",false,51.799466,4.706017,"injury","2","rain",false,1,"GM0505"
"20230069865",2023,"Letsel",1,"Fiets",\N,"Eenzijdig","Rechte weg",50,"Niet aanwezig","Daglicht","Droog",\N,"187327079","Hooigracht","Leiden","Leiden","Zuid-Holland",false,52.157302,4.495345,"injury","2","clear",false,1,"GM0546"
"20240025726",2024,"Letsel",1,"Fiets",\N,"Onbekend",\N,30,\N,"Daglicht",\N,\N,"350283005","Veerweg","Wageningen","Wageningen","Gelderland",false,51.964374,5.682365,"injury","2","unknown",false,1,"GM0289"
"20230019979",2023,"Letsel",1,"Fiets",\N,"Eenzijdig","Bocht",50,"Niet brandend","Daglicht","Droog",\N,"366257009","Hogelandseweg","Nijmegen","Nijmegen","Gelderland",false,51.84526,5.800557,"injury","2","clear",false,1,"GM0268"
"20230019982",2023,"Uitsluitend materiele schade",2,"Personenauto","Fiets","Flank","Kruispunt, 3 takken",50,"Niet brandend","Daglicht","Droog",\N,\N,"Zwanenveld","Nijmegen","Nijmegen","Gelderland",false,51.817226,5.805302,"material damage only","4","clear",false,1,"GM0268"
"20230034189",2023,"Letsel",2,"Personenauto","Fiets","Frontaal","Rechte weg",60,"Niet brandend","Daglicht","Droog",\N,"424264015","Eltenseweg","Stokkum","Montferland","Gelderland",false,51.877631,6.217443,"injury","2","clear",false,1,"GM1955"
"20230073602",2023,"Letsel",2,"Personenauto","Fiets","Kop/staart","Kruispunt, 4 takken",30,"Niet brandend","Daglicht","Droog",\N,\N,"'s-Heerenbergseweg","Zeddam","Montferland","Gelderland",false,51.90298,6.257761,"injury","2","clear",false,1,"GM1955"
"20230015964",2023,"Uitsluitend materiele schade",2,"Snorfiets","Fiets","Frontaal","Rechte weg",50,"Niet brandend","Daglicht","Droog",\N,\N,"OPENBAAR VERVOERBAAN","Almere","Almere","Flevoland",false,52.396565,5.273987,"material damage only","4","clear",false,1,"GM0034"
"20230021128",2023,"Letsel",1,"Fiets",\N,"Eenzijdig","Rechte weg",50,"Brandend","Duisternis","Droog",\N,"148298001","Vredebestlaan","Poeldijk","Westland","Zuid-Holland",false,52.025838,4.215468,"injury","2","clear",false,1,"GM1783"
"20230029183",2023,"Letsel",2,"Personenauto","Fiets","Geparkeerd voertuig","Kruispunt, 3 takken",30,"Niet brandend","Daglicht","Droog","Parkeervoorziening","601024525","Moergestelseweg","Oisterwijk","Oisterwijk","Noord-Brabant",false,51.574364,5.181401,"injury","2","clear",false,1,"GM0824"
"20230035009",2023,"Letsel",3,"Personenauto","Fiets","Los voorwerp","Rechte weg",50,"Niet brandend","Daglicht","Droog",\N,"477420113","Witte de Withstraat","Hardenberg","Hardenberg","Overijssel",false,52.573876,6.621796,"injury","2","clear",false,1,"GM0160"
"20240030680",2024,"Letsel",2,"Bestelauto","Fiets","Flank","Kruispunt, 4 takken",50,"Niet aanwezig","Schemer","Droog",\N,\N,"Westerdreef","Nieuw-Vennep","Haarlemmermeer","Noord-Holland",false,52.265711,4.622191,"injury","2","clear",false,1,"GM0394"
"20230020638",2023,"Letsel",2,"Fiets","Fiets","Flank","Rechte weg",30,"Niet brandend","Daglicht","Droog",\N,"224349069","Hortensialaan","Aalsmeer","Aalsmeer","Noord-Holland",false,52.259458,4.761553,"injury","2","clear",false,1,"GM0358"
"20230021172",2023,"Letsel",2,"Personenauto","Fiets","Flank","Kruispunt, 3 takken",50,"Brandend","Duisternis","Droog",\N,\N,"Noordsingel","Leidschendam","Leidschendam-Voorburg","Zuid-Holland",false,52.086816,4.383565,"injury","2","clear",false,1,"GM1916"
"20230030938",2023,"Uitsluitend materiele schade",2,"Personenauto","Fiets","Flank","Bocht",50,"Niet brandend","Daglicht","Droog",\N,"329239014","Spoorlaan","Oss","Oss","Noord-Brabant",false,51.765309,5.530302,"material damage only","4","clear",false,1,"GM0828"
"20240029287",2024,"Letsel",2,"Fiets","Los voorwerp","Los voorwerp","Rechte weg",50,"Niet brandend","Daglicht","Droog",\N,\N,"Weg door Jonkerbos","Nijmegen","Nijmegen","Gelderland",false,51.819096,5.828668,"injury","2","clear",false,1,"GM0268"
"20230036476",2023,"Uitsluitend materiele schade",2,"Fiets","Personenauto","Onbekend","Rechte weg",\N,"Niet brandend","Daglicht","Droog",\N,"240455001","Kanaalweg","Nieuwe Niedorp","Hollands Kroon","Noord-Holland",false,52.735678,4.881918,"material damage only","4","clear",false,1,"GM1911"
"20230078259",2023,"Uitsluitend materiele schade",2,"Personenauto","Fiets","Flank","Kruispunt, 4 takken",50,"Niet brandend","Daglicht","Droog",\N,\N,"Noord West Buitensingel","'s-Gravenhage","'s-Gravenhage","Zuid-Holland",false,52.076512,4.294436,"material damage only","4","clear",false,1,"GM0518"