"accident_id","year","severity_raw","party_count","party1_type","party2_type","accident_type","road_situation","speed_limit_kmh","road_lighting","light_condition_label","weather_raw","infra_type","road_segment_id","street_name","place_name","gemeente_name_raw","province","alcohol_indicated","latitude","longitude","severity_label","severity_code","weather_label","built_up_area","cyclists_involved","gemeente_code"
"20230078535",2023,"Letsel",2,"Fiets","Fiets","Flank","Rotonde",30,"Niet brandend","Daglicht","Droog",\N,\N,"Oude Waalsdorperweg","'s-Gravenhage","'s-Gravenhage","Zuid-Holland",false,52.108426,4.322963,"injury","2","clear",false,1,"GM0518"
"20230070444",2023,"Uitsluitend materiele schade",1,"Fiets",\N,"Onbekend","Rechte weg",30,"Niet brandend","Daglicht","Droog",\N,"600927491","Bosrand","Eindhoven","Eindhoven","Noord-Brabant",false,51.443772,5.412197,"material damage only","4","clear",false,1,"GM0772"
"20230070456",2023,"Uitsluitend materiele schade",2,"Personenauto","Fiets","Onbekend","Rechte weg",30,"Niet brandend","Daglicht","Droog",\N,"369064040","Burg. Lemmensstraat","Geleen","Sittard-Geleen","Limburg",false,50.979447,5.814683,"material damage only","4","clear",false,1,"GM1883"
"20230071784",2023,"Uitsluitend materiele schade",2,"Personenauto","Fiets","Flank","Kruispunt, 4 takken",50,"Niet brandend","Daglicht","Droog",\N,\N,"van der Merwedelaan","Waalwijk","Waalwijk","Noord-Brabant",false,51.687757,5.090077,"material damage only","4","clear",false,1,"GM0867"
"20230022895",2023,"Letsel",1,"Fiets",\N,"Eenzijdig","Rechte weg",\N,"Brandend","Duisternis","Droog",\N,"178337047","Ambachtsweg","Katwijk","Katwijk","Zuid-Holland",false,52.203096,4.428214,"injury","2","clear",false,1,"GM0537"
"20230014355",2023,"Uitsluitend materiele schade",2,"Personenauto","Fiets","Kop/staart","Kruispunt, 4 takken",50,"Niet brandend","Daglicht","Droog",\N,\N,"Lauwers","Drachten","Smallingerland","Friesland",false,53.102901,6.079851,"material damage only","4","clear",false,1,"GM0090"
"20230024092",2023,"Uitsluitend materiele schade",2,"Personenauto","Fiets","Kop/staart","Rechte weg",50,"Niet brandend","Daglicht","Droog",\N,"151304089","Tramstraat","'s-Gravenhage","'s-Gravenhage","Zuid-Holland",false,52.053876,4.235563,"material damage only","4","clear",false,1,"GM0518"
"20230035572",2023,"Letsel",3,"Fiets","Personenauto","Onbekend","Kruispunt, 4 takken",50,"Niet aanwezig","Daglicht","Droog",\N,\N,"Hertenkamp","Assen","Assen","Drenthe",false,52.990253,6.558002,"injury","2","clear",false,1,"GM0106"
"20230070202",2023,"Uitsluitend materiele schade",2,"Personenauto","Fiets","Onbekend","Rotonde",50,"Niet brandend","Daglicht","Droog",\N,\N,"Lei","Veldhoven","Veldhoven","Noord-Brabant",false,51.421093,5.408074,"material damage only","4","clear",false,1,"GM0861"
"20230070237",2023,"Letsel",1,"Fiets",\N,"Geparkeerd voertuig","Rechte weg",30,"Niet brandend","Daglicht","Droog","Parkeervoorziening","413188006","Catharinastraat","Wellerlooi","Bergen (L)","Limburg",false,51.53395,6.135275,"injury","2","clear",false,1,\N
"20230076930",2023,"Letsel",1,"Fiets",\N,"Eenzijdig","Rechte weg",30,"Niet brandend","Daglicht","Droog",\N,"174314048","Dillenburgsingel","Leidschendam","Leidschendam-Voorburg","Zuid-Holland",false,52.099989,4.401327,"injury","2","clear",false,1,"GM1916"
"20230073176",2023,"Letsel",1,"Fiets",\N,"Eenzijdig","Rechte weg",50,"Niet brandend","Daglicht","Droog",\N,"600974315","Nijmeegseweg","Arnhem","Arnhem","Gelderland",false,51.97372,5.910688,"injury","2","clear",false,1,"GM0202"
"20230015563",2023,"Uitsluitend materiele schade",2,"Personenauto","e-bike","Flank","Kruispunt, 4 takken",50,"Niet brandend","Daglicht","Droog","Brug/viaduct",\N,"RODE BRUG","Utrecht","Utrecht","Utrecht",false,52.106335,5.10704,"material damage only","4","clear",false,1,"GM0344"
"20230017808",2023,"Uitsluitend materiele schade",2,"Personenauto","Fiets","Flank","Kruispunt, 4 takken",50,"Niet brandend","Daglicht","Droog",\N,\N,"van Dedemstraat","Hoorn","Hoorn","Noord-Holland",false,52.647107,5.057378,"material damage only","4","clear",false,1,"GM0405"
"20230020733",2023,"Uitsluitend materiele schade",2,"Motor","Fiets","Flank","Kruispunt, 4 takken",50,"Brandend","Duisternis","Droog",\N,\N,"Nassaukade","Amsterdam","Amsterdam","Noord-Holland",false,52.366092,4.877867,"material damage only","4","clear",false,1,"GM0363"
"20230071368",2023,"Letsel",2,"Fiets","Fiets","Onbekend","Rotonde",50,"Niet brandend","Daglicht","Droog",\N,\N,"Zonstraat","Kerkrade","Kerkrade","Limburg",false,50.870339,6.067868,"injury","2","clear",false,1,"GM0928"
"20230073060",2023,"Letsel",2,"Bus","Fiets","Flank","Kruispunt, 4 takken",50,"Niet brandend","Daglicht","Droog",\N,\N,"van Borsselenweg","Oosterbeek","Renkum","Gelderland",false,51.977462,5.826669,"injury","2","clear",false,1,"GM0274"
"20230073781",2023,"Letsel",2,"Fiets","Fiets","Flank","Rechte weg",30,"Niet brandend","Daglicht","Regen",\N,"346296030","Gerard Doustraat","Ede","Ede","Gelderland",false,52.0212,5.654386,"injury","2","rain",false,1,"GM0228"
"20230013851",2023,"Letsel",2,\N,"Fiets","Eenzijdig","Rechte weg",30,"Niet brandend","Daglicht","Droog",\N,"375245001","Witteweg","Malden","Heumen","Gelderland",false,51.789247,5.86437,"injury","2","clear",false,1,"GM0252"
"20230024191",2023,"Uitsluitend materiele schade",2,"Bromfiets","Fiets","Flank","Rechte weg",30,"Niet brandend","Daglicht","Droog",\N,"193374023","Oranjestraat","Zandvoort","Zandvoort","Noord-Holland",false,52.371328,4.530008,"material damage only","4","clear",false,1,"GM0473"
"20240028541",2024,"Uitsluitend materiele schade",2,"Personenauto","Fiets","Flank","Rotonde",30,"Niet brandend","Daglicht","Regen",\N,\N,"Verlegde Laarderweg","Eemnes","Eemnes","Utrecht",false,52.254238,5.245059,"material damage only","4","rain",false,1,"GM0317"
"20230031079",2023,"Uitsluitend materiele schade",3,"Personenauto","Fiets","Onbekend","Kruispunt, 3 takken",50,"Niet brandend","Daglicht","Droog",\N,\N,"Schijndelseweg","Sint-Michielsgestel","Sint-Michielsgestel","Noord-Brabant",false,51.637555,5.34892,"material damage only","4","clear",false,1,"GM0845"
"20230036622",2023,"Letsel",2,"Bromfiets","Fiets","Flank","Kruispunt, 4 takken",50,"Niet brandend","Daglicht","Droog",\N,\N,"Jan Evertsenstraat","Amsterdam","Amsterdam","Noord-Holland",false,52.371442,4.859443,"injury","2","clear",false,1,"GM0363"
"20230072701",2023,"Letsel",2,"Bus","Fiets","Frontaal","Rechte weg",50,"Niet brandend","Daglicht","Droog",\N,\N,"Vrydemalaan","Groningen","Groningen","Groningen",false,53.225181,6.568963,"injury","2","clear",false,1,"GM0014"
"20230075955",2023,"Letsel",2,"Personenauto","Fiets","Geparkeerd voertuig","Kruispunt, 4 takken",50,"Niet brandend","Daglicht","Droog",\N,\N,"Leidsevaart","Haarlem","Haarlem","Noord-Holland",false,52.37787,4.624385,"injury","2","clear",false,1,"GM0392"
"20230076537",2023,"Letsel",2,"Personenauto","Fiets","Onbekend","Rechte weg",30,"Niet brandend","Daglicht","Droog",\N,"217425043","Breedelaan","Heiloo","Heiloo","Noord-Holland",false,52.599529,4.706575,"injury","2","clear",false,1,"GM0399"
"20230076642",2023,"Uitsluitend materiele schade",2,"Personenauto","Fiets","Onbekend","Rechte weg",30,"Niet brandend","Daglicht","Droog",\N,"386338009","Ritbroekdwarsstraat","Apeldoorn","Apeldoorn","Gelderland",false,52.209114,5.950835,"material damage only","4","clear",false,1,"GM0200"
"20230019082",2023,"Uitsluitend materiele schade",2,"Bus","Fiets","Flank","Rechte weg",30,"Niet brandend","Daglicht","Droog",\N,"374256082","Stationsplein","Nijmegen","Nijmegen","Gelderland",false,51.842451,5.853471,"material damage only","4","clear",false,1,"GM0268"
"20230022472",2023,"Letsel",2,"Vrachtauto","Fiets","Eenzijdig","Rechte weg",50,"Niet brandend","Daglicht","Droog",\N,"166302004","Steenplaetsstraat","Rijswijk","Rijswijk","Zuid-Holland",false,52.044056,4.340902,"injury","2","clear",false,1,\N
"20230023033",2023,"Letsel",1,"Fiets",\N,"Eenzijdig","Bocht",50,"Niet brandend","Daglicht","Regen",\N,"165291032","Chopinlaan","Delft","Delft","Zuid-Holland",false,51.993294,4.337546,"injury","2","rain",false,1,"GM0503"
"20230032256",2023,"Uitsluitend materiele schade",2,"Personenauto","Fiets","Flank","Kruispunt, 4 takken",60,"Niet brandend","Daglicht","Droog",\N,\N,"Pastoorsdijk","Milsbeek","Gennep","Limburg",false,51.732964,5.934009,"material damage only","4","clear",false,1,"GM0907"
"20230076821",2023,"Letsel",2,"Fiets","Fiets","Kop/staart","Rechte weg",50,"Niet brandend","Daglicht","Droog",\N,"600587405","Loosduinsekade","'s-Gravenhage","'s-Gravenhage","Zuid-Holland",false,52.073216,4.294282,"injury","2","clear",false,1,"GM0518"
"20230077413",2023,"Letsel",3,"Personenauto","Fiets","Flank","Kruispunt, 4 takken",30,"Niet brandend","Daglicht","Droog",\N,\N,"Klipperstraat","Nieuw-Lekkerland","Molenlanden","Zuid-Holland",false,51.884728,4.666654,"injury","2","clear",false,1,"GM1978"
"20230077634",2023,"Letsel",2,"Fiets","Los voorwerp","Los voorwerp","Rechte weg",50,"Niet brandend","Daglicht","Droog",\N,"188304124","Eerste Stationsstraat","Zoetermeer","Zoetermeer","Zuid-Holland",false,52.054767,4.499784,"injury","2","clear",false,1,"GM0637"
"20230077764",2023,"Letsel",3,"Personenauto","Fiets","Flank","Kruispunt, 4 takken",50,"Niet brandend","Daglicht","Droog",\N,\N,"Steenlaan","Rijswijk","Rijswijk","Zuid-Holland",false,52.055591,4.332042,"injury","2","clear",false,1,\N
"20230077903",2023,"Letsel",1,"Fiets",\N,"Eenzijdig","Rechte weg",60,"Niet brandend","Daglicht","Droog",\N,"600435482","Stationsplein","Warmond","Teylingen","Zuid-Holland",false,52.215533,4.516132,"injury","2","clear",false,1,"GM1525"
"20230014489",2023,"Letsel",3,"Fiets","Bestelauto","Eenzijdig","Kruispunt, 4 takken",30,"Niet brandend","Daglicht","Droog",\N,\N,"Geesterse Binnenweg","Borculo","Berkelland","Gelderland",false,52.123128,6.525673,"injury","2","clear",false,1,"GM1859"
"20230021373",2023,"Letsel",2,"Bestelauto","Fiets","Flank","Kruispunt, 4 takken",50,"Niet brandend","Daglicht","Regen",\N,\N,"Hildebrandstraat","'s-Gravenhage","'s-Gravenhage","Zuid-Holland",false,52.05574,4.311784,"injury","2","rain",false,1,"GM0518"
"20230021966",2023,"Letsel",2,"Personenauto","Fiets","Flank","Kruispunt, 3 takken",30,"Niet brandend","Daglicht","Droog",\N,\N,"Carnegielaan","'s-Gravenhage","'s-Gravenhage","Zuid-Holland",false,52.084704,4.293539,"injury","2","clear",false,1,"GM0518"
"20230076130",2023,"Letsel",2,"Motor","Fiets","Flank","Kruispunt, 3 takken",50,"Niet brandend","Daglicht","Droog",\N,\N,"Schouwmeester","Zwaag","Hoorn","Noord-Holland",true,52.671497,5.084615,"injury","2","clear",false,1,"GM0405"
"20240080191",2024,"Letsel",2,"e-bike","Fiets","Kop/staart","Rechte weg",30,"Niet brandend","Daglicht","Droog",\N,\N,"Iwan Kantemanplein","Amsterdam","Amsterdam","Noord-Holland",false,52.349687,4.789608,"injury","2","clear",false,1,"GM0363"
"20240080210",2024,"Uitsluitend materiele schade",2,"Personenauto","Fiets","Kop/staart","Rechte weg",30,"Niet brandend","Daglicht","Droog",\N,"600362635","Emmaplein","Amsterdam","Amsterdam","Noord-Holland",false,52.354395,4.863082,"material damage only","4","clear",false,1,"GM0363"
"20240034069",2024,"Letsel",2,"Fiets","Fiets","Flank","Kruispunt, 4 takken",80,"Niet brandend","Daglicht","Regen",\N,\N,"Heiweg","Schijndel","Meierijstad","Noord-Brabant",false,51.602834,5.449973,"injury","2","rain",false,1,"GM1948"
"20240040427",2024,"Letsel",2,"Fiets",\N,"Flank","Kruispunt, 4 takken",50,"Niet brandend","Daglicht","Droog",\N,\N,"Westlandseweg","Delft","Delft","Zuid-Holland",false,52.00236,4.353371,"injury","2","clear",false,1,"GM0503"
"20240038147",2024,"Uitsluitend materiele schade",2,"Personenauto","e-bike","Flank","Kruispunt, 3 takken",30,"Niet brandend","Daglicht","Droog",\N,\N,"Rozenburg","Emmeloord","Noordoostpolder","Flevoland",false,52.721793,5.724619,"material damage only","4","clear",false,1,"GM0171"
"20240042586",2024,"Letsel",2,"Personenauto","Fiets","Flank","Kruispunt, 4 takken",50,"Niet brandend","Daglicht","Droog",\N,\N,"DORDRECHT-STAART 2","Dordrecht","Dordrecht","Zuid-Holland",false,51.816908,4.70549,"injury","2","clear",false,1,"GM0505"
"20240040503",2024,"Letsel",1,"Fiets",\N,"Onbekend","Rechte weg",\N,"Niet brandend","Daglicht","Droog",\N,"166317003","Buurtweg","Wassenaar","Wassenaar","Zuid-Holland",false,52.112318,4.344895,"injury","2","clear",false,1,"GM0629"
"20240047144",2024,"Uitsluitend materiele schade",2,"Personenauto","Fiets","Flank","Rotonde",60,"Niet brandend","Daglicht","Droog",\N,"402410047","Drapenierlaan","Zwolle","Zwolle","Overijssel",false,52.534924,6.067435,"material damage only","4","clear",false,1,"GM0193"
"20240047814",2024,"Letsel",2,"Personenauto","Fiets","Flank","Rechte weg",50,"Niet brandend","Daglicht","Droog",\N,\N,"Heemsteedse Dreef","Heemstede","Heemstede","Noord-Holland",false,52.3566,4.624958,"injury","2","clear",false,1,"GM0397"
"20240072286",2024,"Letsel",2,"Fiets","Fiets","Flank","Rechte weg",50,"Niet brandend","Daglicht","Droog",\N,"600444628","Poeldijkseweg","Wateringen","Westland","Zuid-Holland",false,52.026621,4.251373,"injury","2","clear",false,1,"GM1783"
"20240039063",2024,"Letsel",2,"Personenauto","Fiets","Flank","Kruispunt, 4 takken",50,"Niet brandend","Daglicht","Droog",\N,\N,"Krabbenbosweg","Hengelo","Hengelo (O)","Overijssel",false,52.260614,6.77529,"injury","2","clear",false,1,\N
"20240041401",2024,"Letsel",2,"Bromfiets","Fiets","Frontaal","Bocht",\N,"Niet brandend","Daglicht","Droog",\N,\N,"Bosrandweg","Aalsmeer","Aalsmeer","Noord-Holland",false,52.30434,4.811027,"injury","2","clear",false,1,"GM0358"
"20240042046",2024,"Letsel",2,"Fiets","Personenauto","Onbekend",\N,60,\N,"Daglicht",\N,\N,\N,"Maasdijk","Wijk en Aalburg","Altena","Noord-Brabant",false,51.770098,5.121535,"injury","2","unknown",false,1,"GM1959"
"20240047857",2024,"Uitsluitend materiele schade",2,"Personenauto","Fiets","Onbekend","Rechte weg",50,"Niet aanwezig","Daglicht","Droog",\N,\N,"Agorabaan","Lelystad","Lelystad","Flevoland",false,52.511778,5.475455,"material damage only","4","clear",false,1,"GM0995"
"20240076428",2024,"Uitsluitend materiele schade",2,"Personenauto","Fiets","Frontaal","Kruispunt, 3 takken",80,"Brandend","Duisternis","Droog",\N,\N,"Bindervoetpolder","Grijpskerk","Westerkwartier","Groningen",false,53.264152,6.319105,"material damage only","4","clear",false,1,"GM1969"
"20240034278",2024,"Uitsluitend materiele schade",2,"Personenauto","Fiets","Onbekend","Kruispunt, 4 takken",50,"Niet brandend","Daglicht","Droog",\N,\N,"Molenwater","Middelburg","Middelburg","Zeeland",false,51.503028,3.611071,"material damage only","4","clear",false,1,\N
"20240038321",2024,"Letsel",1,"Fiets",\N,"Onbekend",\N,50,\N,"Daglicht",\N,\N,"279366002","Blanchardpad","Almere","Almere","Flevoland",false,52.339774,5.172606,"injury","2","unknown",false,1,"GM0034"
"20240051631",2024,"Letsel",2,\N,"Fiets","Kop/staart","Kruispunt, 3 takken",30,"Niet brandend","Daglicht","Droog",\N,\N,"Brouwersgracht","Amsterdam","Amsterdam","Noord-Holland",false,52.380463,4.888131,"injury","2","clear",false,1,"GM0363"
"20240079189",2024,"Letsel",2,"Personenauto","Fiets","Frontaal","Kruispunt, 4 takken",50,"Niet brandend","Daglicht","Droog",\N,\N,"Groot Hertoginnelaan","'s-Gravenhage","'s-Gravenhage","Zuid-Holland",false,52.084917,4.282962,"injury","2","clear",false,1,"GM0518"
"20240037675",2024,"Letsel",2,"Personenauto","Fiets","Flank","Rotonde",30,"Niet brandend","Daglicht","Droog",\N,\N,"Ambachtsweg","Velserbroek","Velsen","Noord-Holland",false,52.436973,4.655491,"injury","2","clear",false,1,"GM0453"
"20240042091",2024,"Uitsluitend materiele schade",2,"Fiets","Fiets","Flank","Kruispunt, 4 takken",\N,"Brandend","Duisternis","Droog",\N,\N,"Burg van Walsumweg","Rotterdam","Rotterdam","Zuid-Holland",false,51.920581,4.49169,"material damage only","4","clear",false,1,"GM0599"
"20240033061",2024,"Letsel",1,"Fiets",\N,"Eenzijdig","Rechte weg",50,"Niet brandend","Daglicht","Droog",\N,"600911162","Voorhofdreef","Delft","Delft","Zuid-Holland",false,51.996562,4.354579,"injury","2","clear",false,1,"GM0503"
"20240033706",2024,"Uitsluitend materiele schade",2,"Fiets","Fiets","Onbekend","Rechte weg",30,"Niet brandend","Daglicht","Droog",\N,"600995135","Keizersgracht","Eindhoven","Eindhoven","Noord-Brabant",false,51.436962,5.477548,"material damage only","4","clear",false,1,"GM0772"
"20240034347",2024,"Uitsluitend materiele schade",2,"Personenauto","Fiets","Flank","Kruispunt, 4 takken",30,"Niet brandend","Daglicht","Droog",\N,\N,"Briljant","Eindhoven","Eindhoven","Noord-Brabant",false,51.488131,5.46283,"material damage only","4","clear",false,1,"GM0772"
"20240034370",2024,"Uitsluitend materiele schade",2,"Personenauto","Fiets","Flank","Rechte weg",30,"Niet brandend","Daglicht","Regen",\N,"267199095","Stokhasseltlaan","Tilburg","Tilburg","Noord-Brabant",false,51.587659,5.079937,"material damage only","4","rain",false,1,"GM0855"
"20240040062",2024,"Letsel",2,"Personenauto","Fiets","Frontaal","Kruispunt, 4 takken",50,"Niet brandend","Daglicht","Droog",\N,\N,"van de Mortelstraat","Noordwijk","Noordwijk","Zuid-Holland",false,52.238989,4.453514,"injury","2","clear",false,1,"GM0575"
"20240051084",2024,"Uitsluitend materiele schade",3,"Bestelauto","Fiets","Onbekend","Rotonde",50,"Niet brandend","Daglicht","Droog","Tunnel",\N,"Ouddiemerlaan","Diemen","Diemen","Noord-Holland",false,52.343966,4.965932,"material damage only","4","clear",false,1,"GM0384"
"20240076519",2024,"Letsel",2,"Personenauto","Fiets","Flank","Rechte weg",50,"Niet brandend","Daglicht","Droog",\N,\N,"Wierdaweg","Winsum","Het Hogeland","Groningen",false,53.330001,6.512238,"injury","2","clear",false,1,"GM1966"
"20240035312",2024,"Letsel",2,"Personenauto","Fiets","Onbekend","Kruispunt, 4 takken",50,"Niet brandend","Daglicht","Regen",\N,\N,"Museum Kamstraat","Nijmegen","Nijmegen","Gelderland",false,51.840838,5.877323,"injury","2","rain",false,1,"GM0268"
"20240079919",2024,"Letsel",2,"Personenauto","Fiets","Flank","Kruispunt, 4 takken",50,"Niet brandend","Daglicht","Droog",\N,\N,"Middenweg","Heerhugowaard","Dijk en Waard","Noord-Holland",false,52.697175,4.850851,"injury","2","clear",false,1,"GM1980"
"20240040158",2024,"Dodelijk",1,"Fiets",\N,"Onbekend","Rechte weg",60,"Niet brandend","Daglicht","Droog",\N,"600713329","Hoogweg","De Lier","Westland","Zuid-Holland",false,51.96862,4.244721,"fatal","1","clear",false,1,"GM1783"
"20240078744",2024,"Letsel",2,"Fiets","Personenauto","Flank","Kruispunt, 3 takken",50,"Niet brandend","Daglicht","Regen",\N,\N,"Plaswijckweg","Gouda","Gouda","Zuid-Holland",false,52.031585,4.701554,"injury","2","rain",false,1,"GM0513"
"20240081072",2024,"Letsel",1,"Fiets",\N,"Eenzijdig","Rechte weg",50,"Niet brandend","Daglicht","Droog",\N,"215293047","Lazaruskade","Gouda","Gouda","Zuid-Holland",false,52.009248,4.6985,"injury","2","clear",false,1,"GM0513"
"20240037023",2024,"Letsel",2,"Bus","Fiets","Frontaal","Kruispunt, 3 takken",30,"Niet brandend","Daglicht","Droog",\N,\N,"Lindenhorst","Ede","Ede","Gelderland",false,52.046329,5.643199,"injury","2","clear",false,1,"GM0228"
"20240047595",2024,"Letsel",2,"Personenauto","Fiets","Onbekend","Rechte weg",30,"Niet aanwezig","Daglicht","Droog",\N,"313552125","Havenplein","Harlingen","Harlingen","Friesland",false,53.174979,5.413367,"injury","2","clear",false,1,"GM0072"
"20240040327",2024,"Letsel",1,"Fiets",\N,"Eenzijdig","Rechte weg",30,"Niet brandend","Duisternis","Droog",\N,"176339024","Melkweg","Katwijk","Katwijk","Zuid-Holland",false,52.211358,4.413379,"injury","2","clear",false,1,"GM0537"
"20240040980",2024,"Letsel",4,"Fiets","Fiets","Frontaal","Rechte weg",30,"Brandend","Schemer","Droog",\N,"600754905","Boterdijk","De Kwakel","Uithoorn","Noord-Holland",true,52.240906,4.803358,"injury","2","clear",false,1,"GM0451"
"20240072110",2024,"Uitsluitend materiele schade",2,"Bromfiets","Fiets","Flank","Kruispunt, 3 takken",30,"Niet brandend","Daglicht","Droog",\N,\N,"Kort Rapenburg","Leiden","Leiden","Zuid-Holland",false,52.160866,4.485198,"material damage only","4","clear",false,1,"GM0546"
"20240072950",2024,"Uitsluitend materiele schade",2,"Personenauto","Fiets","Onbekend","Rechte weg",30,"Niet brandend","Daglicht","Droog",\N,"320176115","Hondsruglaan","Eindhoven","Eindhoven","Noord-Brabant",false,51.483798,5.462362,"material damage only","4","clear",false,1,"GM0772"
"20240072984",2024,"Letsel",1,"Fiets",\N,"Onbekend","Rechte weg",30,"Niet aanwezig","Daglicht","Droog",\N,"263195119","Roelof Kranenburgplein","Tilburg","Tilburg","Noord-Brabant",false,51.569944,5.055074,"injury","2","clear",false,1,"GM0855"
"20240044895",2024,"Letsel",1,"e-bike",\N,"Eenzijdig","Rechte weg",\N,"Niet brandend","Daglicht","Droog",\N,"600538112","Oirschotsedijk","Eindhoven","Eindhoven","Noord-Brabant",false,51.465848,5.412273,"injury","2","clear",false,1,"GM0772"
"20240044900",2024,"Letsel",2,"Bestelauto","Fiets","Flank","Rechte weg",80,"Niet aanwezig","Daglicht","Droog",\N,"387029004","Zwarte Brugweg","Eys","Gulpen-Wittem","Limburg",false,50.820603,5.939711,"injury","2","clear",false,1,"GM1729"
"20230094565",2023,"Uitsluitend materiele schade",2,"Personenauto","Fiets","Onbekend","Kruispunt, 3 takken",50,"Niet brandend","Daglicht","Regen",\N,\N,"Usselerrondweg","Enschede","Enschede","Overijssel",false,52.20009,6.86248,"material damage only","4","rain",false,1,"GM0153"
"20230099767",2023,"Letsel",1,"Fiets",\N,"Eenzijdig","Rechte weg",50,"Niet brandend","Daglicht","Droog","Brug/viaduct","600914008","LANGEVIELEBUITBRUG","Middelburg","Middelburg","Zeeland",false,51.495567,3.606197,"injury","2","clear",false,1,\N
"20230104235",2023,"Uitsluitend materiele schade",2,"Personenauto","Fiets","Flank","Kruispunt, 4 takken",50,"Niet brandend","Daglicht","Droog",\N,\N,"Boven Westerdiep","Veendam","Veendam","Groningen",false,53.102861,6.870242,"material damage only","4","clear",false,1,"GM0047"
"20230084657",2023,"Uitsluitend materiele schade",2,"Personenauto","Fiets","Flank","Kruispunt, 4 takken",30,"Niet brandend","Daglicht","Droog",\N,\N,"Pasteurstraat","Dieren","Rheden","Gelderland",false,52.050071,6.102185,"material damage only","4","clear",false,1,"GM0275"
"20230085242",2023,"Uitsluitend materiele schade",3,"Fiets","Fiets","Onbekend","Kruispunt, 3 takken",30,"Niet brandend","Daglicht","Regen",\N,\N,"Burg van Engelenweg","IJsselmuiden","Kampen","Overijssel",false,52.565374,5.935718,"material damage only","4","rain",false,1,"GM0166"
"20230089885",2023,"Letsel",2,"Bromfiets","Fiets","Onbekend","Rechte weg",50,"Brandend","Duisternis","Droog",\N,"600105667","Binckhorstlaan","'s-Gravenhage","'s-Gravenhage","Zuid-Holland",false,52.071452,4.334971,"injury","2","clear",false,1,"GM0518"
"20230097493",2023,"Uitsluitend materiele schade",3,"Bestelauto","Fiets","Onbekend","Rechte weg",30,"Niet brandend","Daglicht","Regen",\N,"251366003","Zwanenpad","Diemen","Diemen","Noord-Holland",false,52.334815,4.958472,"material damage only","4","rain",false,1,"GM0384"
"20230100282",2023,"Uitsluitend materiele schade",2,"Personenauto","Fiets","Flank","Rotonde",50,"Brandend","Duisternis","Regen",\N,\N,"Heerbaan Breywegh","Roermond","Roermond","Limburg",false,51.191476,6.002819,"material damage only","4","rain",false,1,"GM0957"
"20230105462",2023,"Uitsluitend materiele schade",2,"Personenauto","Fiets","Flank","Kruispunt, 3 takken",30,"Niet brandend","Daglicht","Droog",\N,\N,"Marconistraat","Apeldoorn","Apeldoorn","Gelderland",false,52.23148,5.96139,"material damage only","4","clear",false,1,"GM0200"
"20230091144",2023,"Uitsluitend materiele schade",3,"Overig wegmeubilair","Fiets","Vast voorwerp","Rechte weg",30,"Brandend","Duisternis","Regen",\N,"365171008","St Willibrordusplantsoen","Deurne","Deurne","Noord-Brabant",false,51.46029,5.786136,"material damage only","4","rain",false,1,"GM0762"
"20230092334",2023,"Uitsluitend materiele schade",2,"Personenauto","Fiets","Flank","Kruispunt, 4 takken",50,"Niet brandend","Daglicht","Regen",\N,\N,"Hoge Brake","Nuenen","Nuenen, Gerwen en Nederwetten","Noord-Brabant",false,51.464606,5.547027,"material damage only","4","rain",false,1,"GM0820"
"20230096364",2023,"Letsel",1,"Fiets",\N,"Eenzijdig","Kruispunt, 4 takken",30,"Brandend","Duisternis","Droog","Tunnel",\N,"Toetsenbordpad","Amersfoort","Amersfoort","Utrecht",false,52.171598,5.403764,"injury","2","clear",false,1,"GM0307"
"20230104953",2023,"Uitsluitend materiele schade",2,"Bestelauto","Fiets","Frontaal","Kruispunt, 4 takken",50,"Niet brandend","Daglicht","Droog",\N,\N,"President Kennedylaan","Velp","Rheden","Gelderland",false,51.993514,5.976625,"material damage only","4","clear",false,1,"GM0275"
"20230086435",2023,"Letsel",2,"Snorfiets","Fiets","Flank","Kruispunt, 4 takken",30,"Niet brandend","Daglicht","Droog",\N,\N,"Veenweg","'s-Gravenhage","'s-Gravenhage","Zuid-Holland",false,52.065793,4.404815,"injury","2","clear",false,1,"GM0518"
"20230087026",2023,"Letsel",1,"Fiets",\N,"Eenzijdig","Rechte weg",30,"Niet brandend","Daglicht","Droog",\N,"184331035","Terweeweg","Oegstgeest","Oegstgeest","Zuid-Holland",false,52.175914,4.469379,"injury","2","clear",false,1,"GM0579"
"20230088215",2023,"Letsel",3,"Personenauto","Fiets","Los voorwerp","Kruispunt, 4 takken",50,"Niet brandend","Daglicht","Droog",\N,\N,"IJburglaan","Amsterdam","Amsterdam","Noord-Holland",false,52.36319,4.980658,"injury","2","clear",false,1,"GM0363"
"20230090584",2023,"Uitsluitend materiele schade",1,"Fiets",\N,"Eenzijdig","Rechte weg",50,"Niet aanwezig","Daglicht","Droog",\N,"600643812","Julianasingel","Oss","Oss","Noord-Brabant",false,51.753742,5.54422,"material damage only","4","clear",false,1,"GM0828"
"20230091775",2023,"Uitsluitend materiele schade",2,"Personenauto","Fiets","Flank","Kruispunt, 4 takken",50,"Brandend","Schemer","Droog",\N,\N,"Ringbaan-Noord","Tilburg","Tilburg","Noord-Brabant",false,51.576763,5.08439,"material damage only","4","clear",false,1,"GM0855"
"20230101324",2023,"Letsel",3,"Personenauto","Fiets","Los voorwerp","Kruispunt, 3 takken",30,"Brandend","Duisternis","Regen",\N,\N,"Vetteoordskade","Vlaardingen","Vlaardingen","Zuid-Holland",false,51.905986,4.345301,"injury","2","rain",false,1,"GM0622"
"20230102600",2023,"Letsel",2,"Fiets","Personenauto","Flank","Kruispunt, 3 takken",50,"Niet brandend","Daglicht","Droog",\N,\N,"Harry Hoekstraat","Wateringen","Westland","Zuid-Holland",false,52.022082,4.268473,"injury","2","clear",false,1,"GM1783"