"accident_id","year","severity_raw","party_count","party1_type","party2_type","accident_type","road_situation","speed_limit_kmh","road_lighting","light_condition_label","weather_raw","infra_type","road_segment_id","street_name","place_name","gemeente_name_raw","province","alcohol_indicated","latitude","longitude","severity_label","severity_code","weather_label","built_up_area","cyclists_involved","gemeente_code"
"20230103640",2023,"Uitsluitend materiele schade",1,"Fiets",\N,"Onbekend","Rechte weg",30,"Niet brandend","Daglicht","Droog",\N,"600727812","Wilgenlei","Rotterdam","Rotterdam","Zuid-Holland",false,51.953536,4.476582,"material damage only","4","clear",false,1,"GM0599"
"20230104590",2023,"Letsel",2,"Personenauto","Fiets","Flank","Kruispunt, 3 takken",50,"Niet brandend","Schemer","Regen",\N,\N,"Peizerweg","Groningen","Groningen","Groningen",false,53.211127,6.551284,"injury","2","rain",false,1,"GM0014"
"20230107047",2023,"Uitsluitend materiele schade",2,"Personenauto","Fiets","Flank","Kruispunt, 4 takken",50,"Niet brandend","Daglicht","Droog",\N,\N,"Catullusweg","Rotterdam","Rotterdam","Zuid-Holland",false,51.877451,4.524178,"material damage only","4","clear",false,1,"GM0599"
"20230086480",2023,"Letsel",2,"Fiets","Personenauto","Flank","Kruispunt, 4 takken",50,"Niet brandend","Daglicht","Droog",\N,\N,"Driebergenstraat","'s-Gravenhage","'s-Gravenhage","Zuid-Holland",false,52.059471,4.273942,"injury","2","clear",false,1,"GM0518"
"20230102176",2023,"Uitsluitend materiele schade",2,"Personenauto","Fiets","Geparkeerd voertuig","Rechte weg",50,"Niet brandend","Daglicht","Droog",\N,"600716936","Hoefkade","'s-Gravenhage","'s-Gravenhage","Zuid-Holland",false,52.065068,4.306377,"material damage only","4","clear",false,1,"GM0518"
"20230105888",2023,"Uitsluitend materiele schade",2,"Bromfiets","Fiets","Kop/staart","Rotonde",30,"Brandend","Duisternis","Droog","Tunnel",\N,"Eusebiusbinnensingel","Arnhem","Arnhem","Gelderland",false,51.978799,5.914882,"material damage only","4","clear",false,1,"GM0202"
"20230079536",2023,"Uitsluitend materiele schade",2,"Personenauto","Fiets","Flank","Kruispunt, 4 takken",50,"Brandend","Duisternis","Droog",\N,\N,"Steenstraat","Eindhoven","Eindhoven","Noord-Brabant",false,51.445132,5.463211,"material damage only","4","clear",false,1,"GM0772"
"20230080667",2023,"Letsel",3,\N,"Fiets","Eenzijdig","Rechte weg",60,"Niet aanwezig","Daglicht","Droog",\N,"361167019","Vlierdensedreef","Vlierden","Deurne","Noord-Brabant",false,51.44011,5.758856,"injury","2","clear",false,1,"GM0762"
"20230083048",2023,"Uitsluitend materiele schade",2,"Bromfiets","Fiets","Frontaal","Rechte weg",50,"Niet brandend","Daglicht","Droog","Tunnel","462511002","Veenkampen","Assen","Assen","Drenthe",false,52.982818,6.528016,"material damage only","4","clear",false,1,"GM0106"
"20230090029",2023,"Uitsluitend materiele schade",2,"Bromfiets","Fiets","Onbekend","Rechte weg",30,"Niet brandend","Daglicht","Droog",\N,"600107672","Fruitweg","'s-Gravenhage","'s-Gravenhage","Zuid-Holland",false,52.058062,4.305031,"material damage only","4","clear",false,1,"GM0518"
"20230094168",2023,"Uitsluitend materiele schade",2,"Bromfiets","Fiets","Frontaal","Rechte weg",80,"Brandend","Duisternis","Droog",\N,"391268004","Krakkedel","Doornenburg","Lingewaard","Gelderland",false,51.89583,5.979531,"material damage only","4","clear",false,1,"GM1705"
"20230094170",2023,"Uitsluitend materiele schade",2,"Personenauto","Fiets","Flank","Kruispunt, 4 takken",50,"Niet brandend","Daglicht","Droog",\N,\N,"Zeekade Noord","Geldermalsen","West Betuwe","Gelderland",false,51.87092,5.32103,"material damage only","4","clear",false,1,"GM1960"
"20230096463",2023,"Uitsluitend materiele schade",1,"Fiets",\N,"Voetganger",\N,50,"Brandend","Duisternis","Regen",\N,"271315067","Loevenhoutsedijk","Utrecht","Utrecht","Utrecht",false,52.10706,5.108802,"material damage only","4","rain",false,1,"GM0344"
"20230102669",2023,"Uitsluitend materiele schade",3,"Bromfiets","Fiets","Onbekend","Rechte weg",15,"Niet aanwezig","Daglicht","Droog",\N,"600387436","Prinses Beatrixlaan","Delft","Delft","Zuid-Holland",false,51.989264,4.351399,"material damage only","4","clear",false,1,"GM0503"
"20230106702",2023,"Uitsluitend materiele schade",2,"Personenauto","Fiets","Flank","Kruispunt, 4 takken",60,"Niet brandend","Daglicht","Regen",\N,\N,"Stationsstraat","Spijkenisse","Nissewaard","Zuid-Holland",false,51.853272,4.325362,"material damage only","4","rain",false,1,"GM1930"
"20230082495",2023,"Uitsluitend materiele schade",2,"Personenauto","Fiets","Flank","Kruispunt, 3 takken",50,"Niet brandend","Daglicht","Droog",\N,\N,"Friesestraatweg","Groningen","Groningen","Groningen",false,53.214818,6.549835,"material damage only","4","clear",false,1,"GM0014"
"20230088309",2023,"Uitsluitend materiele schade",2,"Personenauto","Fiets","Flank","Rotonde",50,"Niet brandend","Daglicht","Droog",\N,\N,"Jan Benninghweg","Ouderkerk aan de Amstel","Ouder-Amstel","Noord-Holland",false,52.294234,4.91488,"material damage only","4","clear",false,1,"GM0437"
"20230090044",2023,"Letsel",2,"Bus","Fiets","Onbekend","Rechte weg",15,"Niet brandend","Daglicht","Regen",\N,"186327200","Breestraat","Leiden","Leiden","Zuid-Holland",false,52.160141,4.485575,"injury","2","rain",false,1,"GM0546"
"20230101803",2023,"Uitsluitend materiele schade",2,"Personenauto","Fiets","Onbekend","Kruispunt, 4 takken",50,"Brandend","Duisternis","Droog",\N,\N,"Middelharnisstraat","Rotterdam","Rotterdam","Zuid-Holland",false,51.873289,4.471646,"material damage only","4","clear",false,1,"GM0599"
"20230102257",2023,"Letsel",2,"Fiets","Bromfiets","Frontaal","Bocht",30,"Niet brandend","Daglicht","Droog",\N,"212318102","Westkanaalweg","Alphen aan den Rijn","Alphen aan den Rijn","Zuid-Holland",false,52.119882,4.67476,"injury","2","clear",false,1,"GM0484"
"20230085427",2023,"Letsel",2,"Personenauto","Fiets","Flank","Kruispunt, 4 takken",50,"Niet brandend","Daglicht","Droog",\N,\N,"Ceintuurbaan","Deventer","Deventer","Overijssel",false,52.265435,6.156267,"injury","2","clear",false,1,"GM0150"
"20230096585",2023,"Uitsluitend materiele schade",2,"Bestelauto","Fiets","Flank","Kruispunt, 3 takken",50,"Niet brandend","Daglicht","Droog",\N,\N,"Rijnlaan","Utrecht","Utrecht","Utrecht",false,52.077441,5.114326,"material damage only","4","clear",false,1,"GM0344"
"20230098950",2023,"Uitsluitend materiele schade",3,"Personenauto","Fiets","Los voorwerp","Rechte weg",50,"Niet brandend","Daglicht","Droog",\N,"322170092","Blommendaelstraat","Eindhoven","Eindhoven","Noord-Brabant",false,51.457446,5.474646,"material damage only","4","clear",false,1,"GM0772"
"20230101931",2023,"Uitsluitend materiele schade",2,"Personenauto","Fiets","Flank","Kruispunt, 3 takken",50,"Niet brandend","Daglicht","Regen",\N,\N,"Oostduinlaan","'s-Gravenhage","'s-Gravenhage","Zuid-Holland",false,52.096923,4.31172,"material damage only","4","rain",false,1,"GM0518"
"20230097825",2023,"Letsel",3,"Fiets","Fiets","Flank","Kruispunt, 4 takken",50,"Niet brandend","Daglicht","Regen",\N,\N,"Nassaukade","Amsterdam","Amsterdam","Noord-Holland",false,52.371741,4.874085,"injury","2","rain",false,1,"GM0363"
"20230090246",2023,"Letsel",2,"Motor","Fiets","Flank","Kruispunt, 4 takken",50,"Niet brandend","Daglicht","Regen",\N,\N,"Scheveningseweg","'s-Gravenhage","'s-Gravenhage","Zuid-Holland",false,52.102257,4.278427,"injury","2","rain",false,1,"GM0518"
"20230102429",2023,"Letsel",2,"Fiets","Personenauto","Geparkeerd voertuig","Rechte weg",50,"Niet brandend","Daglicht","Harde windstoten",\N,"158307078","Dierenselaan","'s-Gravenhage","'s-Gravenhage","Zuid-Holland",false,52.066089,4.282506,"injury","2","unknown",false,1,"GM0518"
"20230085621",2023,"Uitsluitend materiele schade",2,"Personenauto","Fiets","Flank","Kruispunt, 3 takken",50,"Niet brandend","Daglicht","Droog",\N,\N,"Loosdrechtseweg","Hilversum","Hilversum","Noord-Holland",false,52.209437,5.14164,"material damage only","4","clear",false,1,"GM0402"
"20230088532",2023,"Letsel",2,"Personenauto","Fiets","Kop/staart","Rechte weg",50,"Brandend","Duisternis","Droog",\N,"237226008","Rivierkade","Geertruidenberg","Geertruidenberg","Noord-Brabant",true,51.706811,4.859967,"injury","2","clear",false,1,"GM0779"
"20230092105",2023,"Letsel",2,"Personenauto","Fiets","Flank","Rotonde",50,"Niet brandend","Daglicht","Regen",\N,\N,"Henriette Roland Holstln","Venlo","Venlo","Limburg",false,51.370895,6.135873,"injury","2","rain",false,1,"GM0983"
"20230095000",2023,"Letsel",2,"e-bike","e-bike","Onbekend","Kruispunt, 4 takken",30,"Brandend","Duisternis","Droog",\N,\N,"Wirdumerdijk","Leeuwarden","Leeuwarden","Friesland",false,53.200805,5.796874,"injury","2","clear",false,1,"GM0080"
"20230085702",2023,"Uitsluitend materiele schade",2,"Personenauto","Fiets","Onbekend","Rechte weg",30,"Brandend","Duisternis","Regen",\N,"304299046","Amersfoortseweg","Doorn","Utrechtse Heuvelrug","Utrecht",false,52.034469,5.345675,"material damage only","4","rain",false,1,"GM1581"
"20230086266",2023,"Uitsluitend materiele schade",2,"Personenauto","Fiets","Flank","Kruispunt, 3 takken",50,"Brandend","Schemer","Regen",\N,\N,"Sonsbeekweg","Arnhem","Arnhem","Gelderland",false,51.988565,5.908037,"material damage only","4","rain",false,1,"GM0202"
"20230097368",2023,"Uitsluitend materiele schade",3,"Personenauto","Fiets","Los voorwerp","Kruispunt, 4 takken",50,"Brandend","Duisternis","Droog",\N,\N,"Wibautstraat","Zaandam","Zaanstad","Noord-Holland",false,52.429717,4.842559,"material damage only","4","clear",false,1,"GM0479"
"20230084002",2023,"Uitsluitend materiele schade",2,"Personenauto","Fiets","Frontaal","Kruispunt, 4 takken",70,"Niet brandend","Daglicht","Droog",\N,\N,"Balkenweg","Assen","Assen","Drenthe",false,52.993933,6.531383,"material damage only","4","clear",false,1,"GM0106"
"20230084561",2023,"Uitsluitend materiele schade",2,"e-bike","Personenauto","Flank","Rotonde",50,"Brandend","Duisternis","Droog",\N,\N,"Europaweg","Vleuten","Utrecht","Utrecht",false,52.090277,5.021399,"material damage only","4","clear",false,1,"GM0344"
"20220003330",2022,"Letsel",2,"Personenauto","Fiets","Kop/staart","Rechte weg",50,"Niet brandend","Daglicht","Droog",\N,"600398862","Gronausestraat","Enschede","Enschede","Overijssel",false,52.216757,6.951305,"injury","2","clear",false,1,"GM0153"
"20220007186",2022,"Uitsluitend materiele schade",2,"e-bike","Bestelauto","Frontaal","Rotonde",50,"Brandend","Daglicht","Droog",\N,\N,"Hakselseweg","Ede","Ede","Gelderland",false,52.033501,5.655171,"material damage only","4","clear",false,1,"GM0228"
"20220008035",2022,"Letsel",2,"Personenauto","Fiets","Frontaal","Kruispunt, 3 takken",30,"Niet brandend","Daglicht","Droog",\N,\N,"Ruurloseweg","Zelhem","Bronckhorst","Gelderland",false,52.009016,6.350798,"injury","2","clear",false,1,"GM1876"
"20220006545",2022,"Letsel",3,"Fiets","Fiets","Onbekend","Rechte weg",15,"Brandend","Duisternis","Droog",\N,"398430079","Achterweg","Genemuiden","Zwartewaterland","Overijssel",false,52.624238,6.037971,"injury","2","clear",false,1,"GM1896"
"20220114788",2022,"Letsel",1,"Fiets",\N,"Eenzijdig","Rotonde",30,"Niet brandend","Daglicht",\N,\N,\N,"Emmalaan","Haren Gn","Groningen","Groningen",false,53.170275,6.606544,"injury","2","unknown",false,1,"GM0014"
"20240004138",2024,"Uitsluitend materiele schade",2,"Personenauto","Fiets","Flank","Rechte weg",50,"Niet brandend","Daglicht","Sneeuw/Hagel",\N,"342356013","Hamburgerweg","Ermelo","Ermelo","Gelderland",false,52.293965,5.625431,"material damage only","4","unknown",false,1,"GM0233"
"20220083578",2022,"Letsel",2,"Bestelauto","Fiets","Onbekend",\N,30,\N,"Duisternis",\N,\N,"160307116","Schalk Burgerstraat","'s-Gravenhage","'s-Gravenhage","Zuid-Holland",false,52.065155,4.293476,"injury","2","unknown",false,1,"GM0518"
"20220022270",2022,"Letsel",1,"Fiets",\N,"Eenzijdig","Rechte weg",50,"Niet brandend","Schemer","Droog",\N,"185283022","Argonautenweg","Rotterdam","Rotterdam","Zuid-Holland",false,51.960222,4.485859,"injury","2","clear",false,1,"GM0599"
"20220044726",2022,"Uitsluitend materiele schade",2,"Personenauto","Fiets","Los voorwerp","Kruispunt, 4 takken",50,"Brandend","Duisternis","Droog",\N,\N,"Graafseweg","Nijmegen","Nijmegen","Gelderland",false,51.834789,5.84052,"material damage only","4","clear",false,1,"GM0268"
"20220044743",2022,"Uitsluitend materiele schade",2,"Personenauto","Fiets","Flank","Kruispunt, 4 takken",50,"Niet brandend","Daglicht","Droog",\N,\N,"Westelijke Esweg","Hengelo","Hengelo (O)","Overijssel",false,52.283061,6.827374,"material damage only","4","clear",false,1,\N
"20220052166",2022,"Letsel",2,"Personenauto","Fiets","Flank","Rechte weg",50,"Niet brandend","Daglicht","Droog",\N,"222504008","Huisduinerweg","Den Helder","Den Helder","Noord-Holland",false,52.953929,4.735401,"injury","2","clear",false,1,"GM0400"
"20220077648",2022,"Uitsluitend materiele schade",2,"Fiets","Fiets","Frontaal","Kruispunt, 3 takken",\N,"Niet aanwezig","Daglicht","Droog",\N,\N,"Atletiekpad","Almere","Almere","Flevoland",false,52.391782,5.243378,"material damage only","4","clear",false,1,"GM0034"
"20220042868",2022,"Letsel",1,"Fiets",\N,"Eenzijdig","Kruispunt, 4 takken",60,"Niet aanwezig","Daglicht","Droog",\N,\N,"Hupselse Markenweg","Beltrum","Berkelland","Gelderland",false,52.071995,6.601041,"injury","2","clear",false,1,"GM1859"
"20220052249",2022,"Uitsluitend materiele schade",2,"Personenauto","e-bike","Flank","Kruispunt, 3 takken",50,"Niet brandend","Daglicht","Droog",\N,\N,"J.J.P. Oudweg","Heerhugowaard","Dijk en Waard","Noord-Holland",false,52.661389,4.80793,"material damage only","4","clear",false,1,"GM1980"
"20220039514",2022,"Uitsluitend materiele schade",2,"Personenauto","Fiets","Onbekend",\N,\N,\N,"Daglicht",\N,\N,"600821150","Maaseikerweg","Weert","Weert","Limburg",false,51.248199,5.714765,"material damage only","4","unknown",false,1,"GM0988"
"20220047858",2022,"Letsel",2,"Fiets","Fiets","Frontaal","Rechte weg",50,"Brandend","Duisternis","Droog",\N,"508356079","Oldenzaalsestraat","Hengelo","Hengelo (O)","Overijssel",false,52.282322,6.844927,"injury","2","clear",false,1,\N
"20220050735",2022,"Letsel",2,"Fiets","e-bike","Frontaal","Rechte weg",\N,"Niet brandend","Daglicht","Droog",\N,"358449038","Urkerweg","Emmeloord","Noordoostpolder","Flevoland",false,52.708454,5.744417,"injury","2","clear",false,1,"GM0171"
"20220050790",2022,"Uitsluitend materiele schade",2,"Personenauto","Fiets","Flank","Kruispunt, 4 takken",50,"Niet brandend","Daglicht","Droog",\N,\N,"Zuiderzeedreef","Blaricum","Blaricum","Noord-Holland",false,52.291596,5.277897,"material damage only","4","clear",false,1,"GM0376"
"20220055227",2022,"Uitsluitend materiele schade",2,"Personenauto","Fiets","Flank","Rotonde",50,"Niet brandend","Daglicht","Droog",\N,\N,"Louis Bouwmeesterstraat","Amsterdam","Amsterdam","Noord-Holland",false,52.35603,4.821455,"material damage only","4","clear",false,1,"GM0363"
"20220060705",2022,"Uitsluitend materiele schade",3,"Fiets","Bus","Onbekend","Rechte weg",50,"Niet brandend","Daglicht","Droog",\N,"600406157","Zuiderparkweg","Rotterdam","Rotterdam","Zuid-Holland",false,51.875625,4.478505,"material damage only","4","clear",false,1,"GM0599"
"20220071704",2022,"Letsel",2,"Personenauto","e-bike","Flank","Kruispunt, 3 takken",50,"Brandend","Schemer","Droog",\N,\N,"Smirnoffstraat","Groningen","Groningen","Groningen",false,53.238285,6.564581,"injury","2","clear",false,1,"GM0014"
"20220082822",2022,"Uitsluitend materiele schade",2,"Personenauto","Fiets","Flank","Kruispunt, 3 takken",30,"Niet brandend","Daglicht","Droog","Brug/viaduct",\N,"Vrouwensteeg","Leiden","Leiden","Zuid-Holland",false,52.160159,4.488719,"material damage only","4","clear",false,1,"GM0546"
"20220083844",2022,"Letsel",2,"Personenauto","Fiets","Flank","Kruispunt, 3 takken",30,"Niet brandend","Daglicht","Droog",\N,\N,"Pachtersdreef","'s-Gravenhage","'s-Gravenhage","Zuid-Holland",false,52.033854,4.263389,"injury","2","clear",false,1,"GM0518"
"20220090004",2022,"Uitsluitend materiele schade",2,"Bestelauto","Fiets","Kop/staart","Rechte weg",30,"Brandend","Duisternis","Droog",\N,"330171007","Opwettenseweg","Nuenen","Nuenen, Gerwen en Nederwetten","Noord-Brabant",false,51.462318,5.534029,"material damage only","4","clear",false,1,"GM0820"
"20220045012",2022,"Uitsluitend materiele schade",2,"Bestelauto","Fiets","Flank","Kruispunt, 3 takken",50,"Niet brandend","Daglicht","Droog",\N,\N,"Tulpstraat","Oldenzaal","Oldenzaal","Overijssel",false,52.312483,6.923852,"material damage only","4","clear",false,1,"GM0173"
"20220067151",2022,"Uitsluitend materiele schade",2,"Personenauto","e-bike","Flank","Rotonde",50,"Niet brandend","Daglicht","Droog",\N,\N,"Leygraaf","Oss","Oss","Noord-Brabant",false,51.766529,5.509881,"material damage only","4","clear",false,1,"GM0828"
"20220080075",2022,"Letsel",1,"e-bike",\N,"Eenzijdig","Rechte weg",30,"Niet brandend","Daglicht","Droog",\N,\N,"Gedempte Where","Purmerend","Purmerend","Noord-Holland",false,52.51145,4.947028,"injury","2","clear",false,1,"GM0439"
"20220081846",2022,"Letsel",2,"Bestelauto","Fiets","Flank","Rotonde",50,"Niet brandend","Daglicht","Droog",\N,\N,"Dr. J. W. Paltelaan","Zoetermeer","Zoetermeer","Zuid-Holland",false,52.050185,4.489702,"injury","2","clear",false,1,"GM0637"
"20220083014",2022,"Letsel",3,"Personenauto","Fiets","Onbekend","Kruispunt, 4 takken",\N,"Niet brandend","Daglicht","Droog",\N,\N,"Copernicuslaan","'s-Gravenhage","'s-Gravenhage","Zuid-Holland",false,52.074017,4.269786,"injury","2","clear",false,1,"GM0518"
"20220114679",2022,"Uitsluitend materiele schade",2,"Personenauto","Fiets","Flank","Rotonde",50,"Niet brandend","Daglicht","Regen",\N,\N,"Prinsesseweg","Groningen","Groningen","Groningen",false,53.219516,6.548268,"material damage only","4","rain",false,1,"GM0014"
"20220009828",2022,"Uitsluitend materiele schade",2,"Bromfiets","Fiets","Kop/staart","Rechte weg",80,"Niet brandend","Daglicht","Droog",\N,"308298002","Leersumsestraatweg","Doorn","Utrechtse Heuvelrug","Utrecht",false,52.02871,5.380995,"material damage only","4","clear",false,1,"GM1581"
"20220020270",2022,"Letsel",1,"Fiets",\N,"Eenzijdig","Rechte weg",50,"Niet brandend","Daglicht","Droog",\N,"211287026","Westeinde","Moordrecht","Zuidplas","Zuid-Holland",false,51.98064,4.6687,"injury","2","clear",false,1,"GM1892"
"20220036007",2022,"Uitsluitend materiele schade",2,"Snorfiets","Fiets","Frontaal","Kruispunt, 3 takken",\N,"Brandend","Duisternis","Droog",\N,\N,"Korte Dwarsweg","Ouderkerk aan de Amstel","Ouder-Amstel","Noord-Holland",false,52.305678,4.924362,"material damage only","4","clear",false,1,"GM0437"
"20220048097",2022,"Uitsluitend materiele schade",2,"Vrachtauto","Fiets","Flank","Rechte weg",50,"Niet brandend","Daglicht","Droog",\N,"457278015","Sinderenseweg","Varsseveld","Oude IJsselstreek","Gelderland",false,51.936153,6.462618,"material damage only","4","clear",false,1,"GM1509"
"20220059610",2022,"Uitsluitend materiele schade",2,"e-bike","Bromfiets","Flank","Kruispunt, 3 takken",30,"Brandend","Duisternis","Droog",\N,\N,"St. Jacobstraat","'s-Gravenhage","'s-Gravenhage","Zuid-Holland",false,52.075174,4.313887,"material damage only","4","clear",false,1,"GM0518"
"20220081124",2022,"Uitsluitend materiele schade",2,"Personenauto","Fiets","Kop/staart","Rechte weg",30,"Brandend","Duisternis","Droog",\N,"600382571","Spuistraat","Amsterdam","Amsterdam","Noord-Holland",false,52.373835,4.889989,"material damage only","4","clear",false,1,"GM0363"
"20220104665",2022,"Letsel",2,"Personenauto","Fiets","Onbekend","Kruispunt, 4 takken",\N,"Niet brandend","Daglicht","Droog",\N,\N,"Tasmanstraat","'s-Gravenhage","'s-Gravenhage","Zuid-Holland",false,52.082289,4.291131,"injury","2","clear",false,1,"GM0518"
"20220036028",2022,"Uitsluitend materiele schade",2,"Personenauto","Fiets","Flank","Kruispunt, 4 takken",50,"Niet brandend","Daglicht","Regen",\N,\N,"Eerste Oosterparkstraat","Amsterdam","Amsterdam","Noord-Holland",false,52.356435,4.911095,"material damage only","4","rain",false,1,"GM0363"
"20220036065",2022,"Letsel",2,"Fiets","e-bike","Flank","Kruispunt, 3 takken",30,"Niet brandend","Daglicht","Droog",\N,\N,"Eerste Oosterparkstraat","Amsterdam","Amsterdam","Noord-Holland",false,52.356139,4.909879,"injury","2","clear",false,1,"GM0363"
"20220038011",2022,"Letsel",1,"Fiets",\N,"Eenzijdig","Rechte weg",30,"Niet brandend","Daglicht","Droog",\N,"600721447","Burg Knappertlaan","Schiedam","Schiedam","Zuid-Holland",false,51.911256,4.380246,"injury","2","clear",false,1,"GM0606"
"20220043463",2022,"Uitsluitend materiele schade",3,"Personenauto","e-bike","Flank","Kruispunt, 4 takken",50,"Niet brandend","Daglicht","Droog",\N,\N,"Driepoortenweg","Arnhem","Arnhem","Gelderland",false,51.976644,5.941626,"material damage only","4","clear",false,1,"GM0202"
"20220057117",2022,"Letsel",2,"Personenauto","Fiets","Flank","Kruispunt, 4 takken",50,"Niet brandend","Daglicht","Droog",\N,\N,"Laan van Wateringse Veld","'s-Gravenhage","'s-Gravenhage","Zuid-Holland",false,52.034315,4.284083,"injury","2","clear",false,1,"GM0518"
"20220059636",2022,"Letsel",1,"Fiets",\N,"Eenzijdig","Kruispunt, 4 takken",15,"Niet brandend","Daglicht","Droog",\N,\N,"Churchilllaan","Leiden","Leiden","Zuid-Holland",false,52.14717,4.475031,"injury","2","clear",false,1,"GM0546"
"20220067410",2022,"Letsel",2,"Personenauto","Fiets","Flank","Kruispunt, 4 takken",50,"Niet brandend","Daglicht","Droog",\N,\N,"Fransebaan","Eindhoven","Eindhoven","Noord-Brabant",false,51.48837,5.439206,"injury","2","clear",false,1,"GM0772"
"20220083156",2022,"Letsel",2,"Fiets","Overig vast object","Vast voorwerp","Rechte weg",30,"Niet brandend","Daglicht","Droog",\N,"186303023","Dr. J. W. Paltelaan","Zoetermeer","Zoetermeer","Zuid-Holland",false,52.051749,4.491597,"injury","2","clear",false,1,"GM0637"
"20220086470",2022,"Letsel",2,"Bromfiets","Fiets","Kop/staart","Rechte weg",50,"Niet brandend","Daglicht","Droog","Brug/viaduct","200272152","CG Roosweg","Krimpen aan den IJssel","Krimpen aan den IJssel","Zuid-Holland",false,51.911009,4.59093,"injury","2","clear",false,1,"GM0542"
"20220105954",2022,"Letsel",2,"Personenauto","Fiets","Flank","Rechte weg",50,"Niet brandend","Daglicht","Droog",\N,"600378855","Erasmusweg","'s-Gravenhage","'s-Gravenhage","Zuid-Holland",false,52.034247,4.268089,"injury","2","clear",false,1,"GM0518"
"20220106042",2022,"Uitsluitend materiele schade",2,"Fiets","Snorfiets","Frontaal","Kruispunt, 4 takken",\N,"Niet brandend","Daglicht","Droog",\N,\N,"Laakweg","'s-Gravenhage","'s-Gravenhage","Zuid-Holland",false,52.066616,4.328986,"material damage only","4","clear",false,1,"GM0518"
"20220094557",2022,"Uitsluitend materiele schade",2,"Personenauto","Fiets","Flank","Kruispunt, 4 takken",60,"Niet brandend","Daglicht","Droog",\N,\N,"Elsenpas","Beuningen Gld","Beuningen","Gelderland",false,51.84592,5.753398,"material damage only","4","clear",false,1,"GM0209"
"20220107510",2022,"Letsel",2,"Trein/tram","Fiets","Flank","Rechte weg",50,"Niet brandend","Daglicht","Droog",\N,"600360707","Wolphaertsbocht","Rotterdam","Rotterdam","Zuid-Holland",false,51.893842,4.46825,"injury","2","clear",false,1,"GM0599"
"20220096957",2022,"Letsel",2,"Personenauto","Fiets","Flank","Kruispunt, 4 takken",60,"Niet aanwezig","Daglicht","Droog",\N,\N,"Bornsedijk","Hengelo","Hengelo (O)","Overijssel",false,52.300354,6.792666,"injury","2","clear",false,1,\N
"20220023518",2022,"Uitsluitend materiele schade",2,"Personenauto","Fiets","Flank","Kruispunt, 4 takken",50,"Niet brandend","Daglicht",\N,\N,\N,"Kreekhuizenlaan","Rotterdam","Rotterdam","Zuid-Holland",false,51.883608,4.538343,"material damage only","4","unknown",false,1,"GM0599"
"20220025999",2022,"Letsel",1,"Fiets",\N,"Eenzijdig","Kruispunt, 3 takken",60,"Niet brandend","Daglicht","Droog",\N,\N,"Sluissedijk","Standdaarbuiten","Moerdijk","Noord-Brabant",false,51.619349,4.502285,"injury","2","clear",false,1,"GM1709"
"20220032486",2022,"Letsel",3,"Personenauto","e-bike","Los voorwerp","Kruispunt, 4 takken",50,"Niet brandend","Daglicht","Droog",\N,\N,"Rozenlaan","Nieuw-Buinen","Borger-Odoorn","Drenthe",false,52.971047,6.956279,"injury","2","clear",false,1,"GM1681"
"20220097056",2022,"Uitsluitend materiele schade",2,"Personenauto","Fiets","Flank","Kruispunt, 4 takken",50,"Niet brandend","Daglicht","Droog",\N,\N,"Rooseveltstraat","Barneveld","Barneveld","Gelderland",false,52.130942,5.589366,"material damage only","4","clear",false,1,"GM0203"
"20220014566",2022,"Letsel",2,"Personenauto","e-bike","Flank","Rechte weg",50,"Niet brandend","Schemer","Droog",\N,\N,"Haringvliet","Heerhugowaard","Dijk en Waard","Noord-Holland",false,52.653452,4.833135,"injury","2","clear",false,1,"GM1980"
"20220030434",2022,"Uitsluitend materiele schade",2,"Personenauto","Fiets","Flank","Rotonde",50,"Brandend","Duisternis",\N,\N,\N,"Maaseikerweg","Weert","Weert","Limburg",false,51.243574,5.717258,"material damage only","4","unknown",false,1,"GM0988"
"20220054478",2022,"Uitsluitend materiele schade",2,"Personenauto","Fiets","Flank","Kruispunt, 4 takken",50,"Niet brandend","Daglicht","Droog",\N,\N,"President Kennedylaan","Amsterdam","Amsterdam","Noord-Holland",false,52.340716,4.892762,"material damage only","4","clear",false,1,"GM0363"
"20220018613",2022,"Uitsluitend materiele schade",2,"Personenauto","Fiets","Onbekend","Rechte weg",50,"Brandend","Schemer","Droog",\N,\N,"Goudenregenstraat","'s-Gravenhage","'s-Gravenhage","Zuid-Holland",false,52.076232,4.26426,"material damage only","4","clear",false,1,"GM0518"
"20220047252",2022,"Uitsluitend materiele schade",2,"Trekker met oplegger","Fiets","Onbekend","Kruispunt, 4 takken",50,"Niet brandend","Daglicht","Droog",\N,\N,"Drienerstraat","Hengelo","Hengelo (O)","Overijssel",false,52.264884,6.800235,"material damage only","4","clear",false,1,\N
"20220054604",2022,"Letsel",2,"Bus","Fiets","Onbekend","Kruispunt, 4 takken",50,"Niet brandend","Daglicht","Droog",\N,\N,"Meander","Amstelveen","Amstelveen","Noord-Holland",false,52.300423,4.867302,"injury","2","clear",false,1,"GM0362"
"20220067723",2022,"Letsel",1,"Fiets",\N,"Eenzijdig","Kruispunt, 3 takken",50,"Niet brandend","Daglicht","Droog",\N,\N,"De Vinnen","Maarheeze","Cranendonck","Noord-Brabant",false,51.308373,5.606172,"injury","2","clear",false,1,"GM1706"