"accident_id","year","severity_raw","party_count","party1_type","party2_type","accident_type","road_situation","speed_limit_kmh","road_lighting","light_condition_label","weather_raw","infra_type","road_segment_id","street_name","place_name","gemeente_name_raw","province","alcohol_indicated","latitude","longitude","severity_label","severity_code","weather_label","built_up_area","cyclists_involved","gemeente_code"
"20220102262",2022,"Uitsluitend materiele schade",3,"Vrachtauto","Fiets","Onbekend","Rechte weg",30,"Niet aanwezig","Daglicht","Droog",\N,"239373083","Jan Hanzenstraat","Amsterdam","Amsterdam","Noord-Holland",false,52.368248,4.866695,"material damage only","4","clear",false,1,"GM0363"
"20220102840",2022,"Letsel",2,"Personenauto","e-bike","Flank","Rotonde",50,"Niet aanwezig","Daglicht","Droog",\N,\N,"Orion","Amstelveen","Amstelveen","Noord-Holland",false,52.280906,4.856009,"injury","2","clear",false,1,"GM0362"
"20220102844",2022,"Uitsluitend materiele schade",2,"Fiets","Scootmobiel","Frontaal","Rechte weg",\N,"Niet brandend","Daglicht","Droog",\N,"239371019","Vondelpark","Amsterdam","Amsterdam","Noord-Holland",false,52.359029,4.869967,"material damage only","4","clear",false,1,"GM0363"
"20220104208",2022,"Letsel",1,"Fiets",\N,"Eenzijdig","Rechte weg",50,"Niet brandend","Daglicht","Droog",\N,\N,"Tripstraat","'s-Gravenhage","'s-Gravenhage","Zuid-Holland",false,52.073079,4.291883,"injury","2","clear",false,1,"GM0518"
"20220047299",2022,"Uitsluitend materiele schade",2,"Personenauto","Fiets","Flank","Rechte weg",50,"Niet brandend","Daglicht","Droog",\N,"421323065","Warnsveldseweg","Zutphen","Zutphen","Gelderland",false,52.141797,6.204968,"material damage only","4","clear",false,1,"GM0301"
"20220055818",2022,"Uitsluitend materiele schade",1,"Fiets",\N,"Voetganger","Rechte weg",30,"Niet aanwezig","Daglicht","Droog",\N,"600363079","Damstraat","Amsterdam","Amsterdam","Noord-Holland",false,52.372064,4.895227,"material damage only","4","clear",false,1,"GM0363"
"20220050279",2022,"Uitsluitend materiele schade",2,"Bromfiets","Fiets","Flank","Rechte weg",30,"Brandend","Duisternis","Droog",\N,"309328122","Meridiaan","Amersfoort","Amersfoort","Utrecht",false,52.165519,5.385428,"material damage only","4","clear",false,1,"GM0307"
"20220055856",2022,"Uitsluitend materiele schade",2,"Personenauto","Fiets","Flank","Kruispunt, 3 takken",50,"Niet brandend","Daglicht","Droog",\N,\N,"Lijnbaan","'s-Gravenhage","'s-Gravenhage","Zuid-Holland",false,52.072386,4.299734,"material damage only","4","clear",false,1,"GM0518"
"20220057739",2022,"Letsel",2,"Personenauto","e-bike","Onbekend","Kruispunt, 4 takken",30,"Brandend","Duisternis","Droog",\N,\N,"Schuttersveld","Leiden","Leiden","Zuid-Holland",false,52.16545,4.486121,"injury","2","clear",false,1,"GM0546"
"20220102381",2022,"Letsel",2,"Bromfiets","Fiets","Kop/staart","Rechte weg",50,"Brandend","Schemer","Droog",\N,"230372101","Meer en Vaart","Amsterdam","Amsterdam","Noord-Holland",false,52.359506,4.807465,"injury","2","clear",false,1,"GM0363"
"20220103222",2022,"Uitsluitend materiele schade",2,"Personenauto","Fiets","Flank","Kruispunt, 3 takken",\N,"Niet brandend","Daglicht","Droog",\N,\N,"Nassaukade","Amsterdam","Amsterdam","Noord-Holland",false,52.372856,4.874452,"material damage only","4","clear",false,1,"GM0363"
"20220075052",2022,"Uitsluitend materiele schade",2,"Fiets","Fiets","Frontaal","Rechte weg",\N,"Niet brandend","Daglicht","Droog",\N,"600905892","Fausto Coppipad","Nijmegen","Nijmegen","Gelderland",false,51.837203,5.800909,"material damage only","4","clear",false,1,"GM0268"
"20220047495",2022,"Uitsluitend materiele schade",2,"Personenauto","Fiets","Flank","Kruispunt, 4 takken",50,"Niet brandend","Daglicht","Droog",\N,\N,"FIETSPAD","Nijmegen","Nijmegen","Gelderland",false,51.831518,5.843731,"material damage only","4","clear",false,1,"GM0268"
"20220069570",2022,"Uitsluitend materiele schade",2,"Personenauto","Fiets","Flank","Kruispunt, 4 takken",50,"Niet brandend","Daglicht","Droog",\N,\N,"Willem Alexanderweg","Maastricht","Maastricht","Limburg",false,50.867533,5.704487,"material damage only","4","clear",false,1,"GM0935"
"20220019290",2022,"Letsel",1,"e-bike",\N,"Eenzijdig","Rechte weg",30,"Brandend","Duisternis","Droog",\N,"216295030","KLEIWEGBRUG","Gouda","Gouda","Zuid-Holland",false,52.015453,4.709577,"injury","2","clear",false,1,"GM0513"
"20220037038",2022,"Uitsluitend materiele schade",2,"Snorfiets","e-bike","Flank","Kruispunt, 4 takken",\N,"Niet brandend","Daglicht","Droog",\N,\N,"Sir Winston Churchillln","Rijswijk","Rijswijk","Zuid-Holland",false,52.035238,4.318984,"material damage only","4","clear",false,1,\N
"20220046230",2022,"Letsel",2,"e-bike","Personenauto","Flank","Rotonde",50,"Niet brandend","Daglicht","Droog",\N,"600951433","Dorpsstraat","Kloosterhaar","Hardenberg","Overijssel",false,52.495605,6.670392,"injury","2","clear",false,1,"GM0160"
"20220047515",2022,"Uitsluitend materiele schade",2,"Bestelauto","Fiets","Flank","Kruispunt, 3 takken",30,"Brandend","Schemer","Droog",\N,"511341058","B.W. ter Kuilestraat","Enschede","Enschede","Overijssel",false,52.214483,6.865049,"material damage only","4","clear",false,1,"GM0153"
"20220053487",2022,"Letsel",2,"Snorfiets","e-bike","Flank","Kruispunt, 4 takken",50,"Niet brandend","Daglicht","Droog",\N,"600631974","FIETSPAD","Velserbroek","Velsen","Noord-Holland",false,52.438005,4.653865,"injury","2","clear",false,1,"GM0453"
"20220108641",2022,"Letsel",2,"Personenauto","Fiets","Frontaal","Kruispunt, 3 takken",50,"Niet brandend","Daglicht","Droog",\N,"136253017","Kanaalweg Westzijde","Hellevoetsluis","Voorne aan Zee","Zuid-Holland",false,51.82106,4.13164,"injury","2","clear",false,1,"GM1992"
"20220110937",2022,"Letsel",3,"Personenauto","Fiets","Onbekend","Kruispunt, 4 takken",60,"Niet aanwezig","Daglicht","Droog",\N,\N,"Berkterbeemden","Bergeijk","Bergeijk","Noord-Brabant",false,51.320527,5.319166,"injury","2","clear",false,1,"GM1724"
"20220028731",2022,"Letsel",2,"Personenauto","e-bike","Flank","Kruispunt, 3 takken",50,"Niet brandend","Daglicht","Droog",\N,\N,"Wilhelminastraat","Asten","Asten","Noord-Brabant",false,51.403123,5.744193,"injury","2","clear",false,1,"GM0743"
"20220050512",2022,"Uitsluitend materiele schade",2,"Personenauto","Fiets","Flank","Kruispunt, 3 takken",50,"Niet brandend","Daglicht","Droog",\N,"600909252","Laanstraat","Soest","Soest","Utrecht",false,52.178196,5.284835,"material damage only","4","clear",false,1,"GM0342"
"20220052025",2022,"Uitsluitend materiele schade",1,"Fiets",\N,"Onbekend",\N,30,\N,"Daglicht",\N,\N,"600421157","Osdorperweg","Halfweg","Haarlemmermeer","Noord-Holland",false,52.382969,4.758874,"material damage only","4","unknown",false,1,"GM0394"
"20230002611",2023,"Uitsluitend materiele schade",2,"Personenauto","Fiets","Flank","Kruispunt, 3 takken",50,"Niet brandend","Daglicht","Droog",\N,\N,"Beeldentuinlaan","Vleuten","Utrecht","Utrecht",false,52.091491,5.009451,"material damage only","4","clear",false,1,"GM0344"
"20230003697",2023,"Dodelijk",2,"Personenauto","Fiets","Flank","Kruispunt, 4 takken",50,"Brandend","Duisternis","Droog",\N,\N,"Wittevrouwen","Almere","Almere","Flevoland",false,52.319757,5.311931,"fatal","1","clear",false,1,"GM0034"
"20230110396",2023,"Dodelijk",2,"Personenauto","e-bike","Flank","Kruispunt, 4 takken",50,"Brandend","Schemer","Droog",\N,\N,"Moerse Dreef","Tilburg","Tilburg","Noord-Brabant",false,51.584323,5.022066,"fatal","1","clear",false,1,"GM0855"
"20230002686",2023,"Letsel",2,"Bestelauto","Fiets","Onbekend","Kruispunt, 4 takken",30,"Niet brandend","Daglicht","Droog",\N,\N,"Kolkplein","Almere","Almere","Flevoland",false,52.370316,5.214,"injury","2","clear",false,1,"GM0034"
"20230011481",2023,"Uitsluitend materiele schade",2,"Personenauto","Fiets","Flank","Rotonde",50,"Niet brandend","Daglicht","Droog",\N,\N,"Lokhorstweg","Ermelo","Ermelo","Gelderland",false,52.319751,5.623448,"material damage only","4","clear",false,1,"GM0233"
"20230058596",2023,"Letsel",1,"Fiets",\N,"Eenzijdig",\N,30,\N,"Daglicht",\N,\N,"600373368","Henri ter Hallsingel","Rijswijk","Rijswijk","Zuid-Holland",false,52.038472,4.319122,"injury","2","unknown",false,1,\N
"20230001063",2023,"Letsel",2,"Motor","Fiets","Flank","Kruispunt, 3 takken",50,"Brandend","Duisternis","Regen",\N,\N,"Klinkenbergerweg","Ede","Ede","Gelderland",false,52.042928,5.672971,"injury","2","rain",false,1,"GM0228"
"20230002765",2023,"Uitsluitend materiele schade",2,"Personenauto","Fiets","Frontaal","Kruispunt, 4 takken",30,"Niet brandend","Daglicht","Droog",\N,\N,"Gardameer","Amersfoort","Amersfoort","Utrecht",false,52.195118,5.421483,"material damage only","4","clear",false,1,"GM0307"
"20230011758",2023,"Uitsluitend materiele schade",2,"Personenauto","Fiets","Onbekend","Rotonde",50,"Brandend","Schemer","Droog",\N,\N,"Griftdijk","Nijmegen","Nijmegen","Gelderland",false,51.887468,5.84132,"material damage only","4","clear",false,1,"GM0268"
"20230084514",2023,"Letsel",1,"Fiets",\N,"Eenzijdig",\N,\N,\N,"Daglicht",\N,\N,"331293047","Kerkewijk","Veenendaal","Veenendaal","Utrecht",false,52.009014,5.541803,"injury","2","unknown",false,1,"GM0345"
"20230000482",2023,"Letsel",2,"Personenauto","Fiets","Kop/staart","Rechte weg",50,"Brandend","Duisternis","Droog",\N,"600883742","Vaart NZ","Nieuw-Amsterdam","Emmen","Drenthe",true,52.715333,6.86252,"injury","2","clear",false,1,"GM0114"
"20230008697",2023,"Uitsluitend materiele schade",2,"Personenauto","Fiets","Flank","Rotonde",50,"Niet brandend","Daglicht","Droog",\N,\N,"Zuidsingel","Venray","Venray","Limburg",false,51.519278,5.979096,"material damage only","4","clear",false,1,"GM0984"
"20230009020",2023,"Uitsluitend materiele schade",2,"Personenauto","Fiets","Flank","Kruispunt, 4 takken",30,"Niet brandend","Daglicht","Droog",\N,\N,"St. Antoniusveldweg","Venray","Venray","Limburg",false,51.528259,5.995967,"material damage only","4","clear",false,1,"GM0984"
"20230003574",2023,"Letsel",2,"Personenauto","e-bike","Flank","Rotonde",50,"Niet brandend","Daglicht","Regen",\N,\N,"Hoefslag","Vianen","Vijfheerenlanden","Utrecht",false,51.983486,5.11384,"injury","2","rain",false,1,"GM1961"
"20230009614",2023,"Uitsluitend materiele schade",2,"Personenauto","Fiets","Flank","Rechte weg",80,"Brandend","Duisternis","Regen",\N,"600420206","Van Elkweg","Bemmel","Lingewaard","Gelderland",false,51.893747,5.916973,"material damage only","4","rain",false,1,"GM1705"
"20230009797",2023,"Letsel",2,"Personenauto","Fiets","Flank","Kruispunt, 3 takken",30,"Niet brandend","Daglicht","Droog",\N,\N,"J.P. Santeeweg","Nietap","Noordenveld","Drenthe",false,53.160815,6.394447,"injury","2","clear",false,1,"GM1699"
"20230003595",2023,"Uitsluitend materiele schade",2,"Bromfiets","Fiets","Kop/staart","Kruispunt, 4 takken",30,"Niet brandend","Daglicht","Regen",\N,\N,"Patrimoniumlaan","Veenendaal","Veenendaal","Utrecht",false,52.019649,5.543968,"material damage only","4","rain",false,1,"GM0345"
"20230002385",2023,"Uitsluitend materiele schade",2,"Personenauto","Fiets","Onbekend","Bocht",50,"Niet brandend","Daglicht","Droog",\N,"483370073","Bornerbroeksestraat","Almelo","Almelo","Overijssel",false,52.349912,6.661633,"material damage only","4","clear",false,1,"GM0141"
"20230003798",2023,"Letsel",2,"Fiets","Los voorwerp","Los voorwerp","Rechte weg",50,"Brandend","Duisternis","Droog",\N,"600796582","Heideweg","Amersfoort","Amersfoort","Utrecht",false,52.187273,5.406039,"injury","2","clear",false,1,"GM0307"
"20230005531",2023,"Letsel",2,"Fiets","Fiets","Onbekend","Rechte weg",50,"Brandend","Duisternis","Regen",\N,"600731541","Hoge Rijndijk","Leiden","Leiden","Zuid-Holland",false,52.155355,4.50507,"injury","2","rain",false,1,"GM0546"
"20230060131",2023,"Uitsluitend materiele schade",1,"Fiets",\N,"Onbekend",\N,30,\N,"Daglicht",\N,\N,\N,"Emmastraat","Breda","Breda","Noord-Brabant",false,51.594552,4.778092,"material damage only","4","unknown",false,1,"GM0758"
"20230004826",2023,"Letsel",2,"Personenauto","Fiets","Flank","Rechte weg",30,"Niet brandend","Daglicht","Droog",\N,"218432010","Terborchlaan","Alkmaar","Alkmaar","Noord-Holland",false,52.631845,4.711216,"injury","2","clear",false,1,"GM0361"
"20230005827",2023,"Uitsluitend materiele schade",2,"Personenauto","Fiets","Flank","Kruispunt, 4 takken",50,"Brandend","Duisternis","Droog",\N,\N,"Tasmanstraat","'s-Gravenhage","'s-Gravenhage","Zuid-Holland",false,52.082908,4.290366,"material damage only","4","clear",false,1,"GM0518"
"20230003357",2023,"Letsel",2,"Bromfiets","Fiets","Frontaal","Rechte weg",\N,"Brandend","Duisternis","Droog",\N,"210372066","Amerikaweg","Haarlem","Haarlem","Noord-Holland",false,52.362011,4.654249,"injury","2","clear",false,1,"GM0392"
"20230004860",2023,"Uitsluitend materiele schade",2,"Personenauto","e-bike","Onbekend","Rotonde",50,"Niet brandend","Daglicht","Droog",\N,\N,"Kerklaan","Heemstede","Heemstede","Noord-Holland",false,52.351861,4.611787,"material damage only","4","clear",false,1,"GM0397"
"20230009562",2023,"Letsel",1,"Fiets",\N,"Eenzijdig",\N,15,\N,"Duisternis",\N,\N,"485371059","Laan van Iserlohn","Almelo","Almelo","Overijssel",false,52.350564,6.677437,"injury","2","unknown",false,1,"GM0141"
"20230001654",2023,"Uitsluitend materiele schade",2,"Fiets","Personenauto","Flank","Kruispunt, 4 takken",30,"Brandend","Daglicht","Regen",\N,\N,"Coehoornsingel","Groningen","Groningen","Groningen",false,53.213565,6.565634,"material damage only","4","rain",false,1,"GM0014"
"20230004687",2023,"Uitsluitend materiele schade",2,"Bus","Fiets","Flank","Rechte weg",50,"Niet brandend","Daglicht","Regen",\N,"600920126","Klaprozenweg","Amsterdam","Amsterdam","Noord-Holland",false,52.39707,4.910668,"material damage only","4","rain",false,1,"GM0363"
"20230007155",2023,"Letsel",2,"Bestelauto","Fiets","Flank","Kruispunt, 4 takken",50,"Niet brandend","Daglicht","Regen",\N,\N,"Uitenhagestraat","'s-Gravenhage","'s-Gravenhage","Zuid-Holland",false,52.070242,4.293866,"injury","2","rain",false,1,"GM0518"
"20230007266",2023,"Uitsluitend materiele schade",2,"Personenauto","Fiets","Flank","Kruispunt, 3 takken",50,"Brandend","Daglicht","Regen",\N,\N,"Tesselschadelaan","'s-Gravenhage","'s-Gravenhage","Zuid-Holland",false,52.053232,4.293053,"material damage only","4","rain",false,1,"GM0518"
"20230078066",2023,"Letsel",1,"Fiets",\N,"Eenzijdig",\N,\N,\N,"Duisternis",\N,\N,\N,"Chr. Huijgensweg","Alphen aan den Rijn","Alphen aan den Rijn","Zuid-Holland",false,52.127446,4.646934,"injury","2","unknown",false,1,"GM0484"
"20230007549",2023,"Letsel",2,"Personenauto","Fiets","Flank","Rechte weg",50,"Niet brandend","Daglicht","Droog",\N,"277149001","Wilhelminalaan","Reusel","Reusel-De Mierden","Noord-Brabant",false,51.360271,5.157393,"injury","2","clear",false,1,"GM1667"
"20230040631",2023,"Letsel",2,"Fiets","Fiets","Onbekend",\N,30,\N,"Daglicht",\N,\N,"186333007","Lange Voort","Oegstgeest","Oegstgeest","Zuid-Holland",false,52.184744,4.48246,"injury","2","unknown",false,1,"GM0579"
"20230040699",2023,"Uitsluitend materiele schade",1,"Fiets",\N,"Onbekend",\N,15,\N,"Daglicht",\N,\N,"183303027","Flevoland","Zoetermeer","Zoetermeer","Zuid-Holland",false,52.05186,4.462182,"material damage only","4","unknown",false,1,"GM0637"
"20230005774",2023,"Letsel",1,"Fiets",\N,"Eenzijdig","Rechte weg",50,"Brandend","Duisternis","Droog",\N,"190328038","Lage Rijndijk","Leiden","Leiden","Zuid-Holland",false,52.161426,4.513291,"injury","2","clear",false,1,"GM0546"
"20230008178",2023,"Letsel",2,"Personenauto","Fiets","Kop/staart","Rechte weg",30,"Niet brandend","Daglicht","Regen",\N,"94142050","Oude Vaart","Terneuzen","Terneuzen","Zeeland",false,51.322533,3.8381,"injury","2","rain",false,1,"GM0715"
"20230010255",2023,"Letsel",2,"Personenauto","Fiets","Flank","Rechte weg",50,"Niet brandend","Daglicht","Droog",\N,"527550021","Grintweg","Winschoten","Oldambt","Groningen",false,53.152653,7.01795,"injury","2","clear",false,1,"GM1895"
"20230061004",2023,"Letsel",1,"Fiets",\N,"Eenzijdig",\N,60,\N,"Daglicht",\N,\N,"231275001","Hogedijk","Bergambacht","Krimpenerwaard","Zuid-Holland",false,51.929126,4.813135,"injury","2","unknown",false,1,"GM1931"
"20230010399",2023,"Letsel",2,"Personenauto","Fiets","Flank","Kruispunt, 3 takken",50,"Niet brandend","Daglicht","Droog",\N,\N,"Zaagmuldersweg","Groningen","Groningen","Groningen",false,53.220602,6.583369,"injury","2","clear",false,1,"GM0014"
"20230006609",2023,"Uitsluitend materiele schade",2,"Personenauto","Fiets","Onbekend","Rotonde",50,"Niet brandend","Daglicht","Droog",\N,\N,"John Mottweg","Rotterdam","Rotterdam","Zuid-Holland",false,51.956695,4.532291,"material damage only","4","clear",false,1,"GM0599"
"20230010639",2023,"Letsel",1,"Fiets",\N,"Eenzijdig","Kruispunt, 3 takken",50,"Niet brandend","Daglicht","Droog",\N,\N,"Hoofdstraat","Dalerveen","Coevorden","Drenthe",false,52.694526,6.809324,"injury","2","clear",false,1,"GM0109"
"20230012603",2023,"Letsel",2,"Bromfiets","Fiets","Onbekend","Kruispunt, 4 takken",30,"Niet brandend","Daglicht","Droog",\N,\N,"Hermelenweg","Zwolle","Zwolle","Overijssel",false,52.535238,6.163209,"injury","2","clear",false,1,"GM0193"
"20230012740",2023,"Uitsluitend materiele schade",2,"Fiets","Fiets","Flank","Rechte weg",50,"Brandend","Duisternis","Regen",\N,"316267050","Binnenweg","Tiel","Tiel","Gelderland",false,51.890748,5.436778,"material damage only","4","rain",false,1,"GM0281"
"20240012808",2024,"Uitsluitend materiele schade",3,"Fiets","Personenauto","Onbekend","Kruispunt, 4 takken",30,\N,"Daglicht","Droog",\N,\N,"Stadionweg","Amsterdam","Amsterdam","Noord-Holland",false,52.346805,4.872692,"material damage only","4","clear",false,1,"GM0363"
"20240092025",2024,"Uitsluitend materiele schade",2,"Fiets","Fiets","Flank","Kruispunt, 4 takken",50,"Niet brandend","Daglicht","Droog",\N,\N,"Zuid Koninginnewal","Helmond","Helmond","Noord-Brabant",false,51.477528,5.657604,"material damage only","4","clear",false,1,"GM0794"
"20240008023",2024,"Letsel",2,"Fiets","Fiets","Onbekend","Bocht",50,"Niet brandend","Daglicht","Droog",\N,"600512586","FIETSPAD","Gouda","Gouda","Zuid-Holland",false,52.025103,4.66942,"injury","2","clear",false,1,"GM0513"
"20240038656",2024,"Uitsluitend materiele schade",2,"Personenauto","Fiets","Flank","Rechte weg",\N,"Niet brandend","Daglicht","Droog",\N,"286340002","Weg over Anna's Hoeve","Laren","Laren","Noord-Holland",false,52.220357,5.215826,"material damage only","4","clear",false,1,\N
"20240039662",2024,"Letsel",1,"Fiets",\N,"Onbekend","Kruispunt, 4 takken",50,"Niet brandend","Daglicht","Droog",\N,\N,"Loosduinsekade","'s-Gravenhage","'s-Gravenhage","Zuid-Holland",false,52.062721,4.260034,"injury","2","clear",false,1,"GM0518"
"20240039672",2024,"Letsel",2,"Fiets","Fiets","Flank","Rechte weg",30,"Niet aanwezig","Daglicht","Droog",\N,"242376103","De Ruijterkade","Amsterdam","Amsterdam","Noord-Holland",false,52.382427,4.895005,"injury","2","clear",false,1,"GM0363"
"20240034405",2024,"Uitsluitend materiele schade",2,"Bestelauto","Fiets","Onbekend","Rechte weg",50,"Niet aanwezig","Daglicht","Droog",\N,"317165021","Hurksestraat","Eindhoven","Eindhoven","Noord-Brabant",false,51.431966,5.444104,"material damage only","4","clear",false,1,"GM0772"
"20240024563",2024,"Letsel",2,"Personenauto","Fiets","Onbekend","Kruispunt, 3 takken",60,"Niet brandend","Daglicht","Droog",\N,\N,"Hazeldonksestraat","Breda","Breda","Noord-Brabant",false,51.505078,4.750076,"injury","2","clear",false,1,"GM0758"
"20240020944",2024,"Letsel",1,"Fiets",\N,"Onbekend","Rechte weg",50,"Brandend","Duisternis","Droog",\N,"600734865","Heereweg","Lisse","Lisse","Zuid-Holland",false,52.25515,4.550256,"injury","2","clear",false,1,"GM0553"
"20240026988",2024,"Letsel",1,"Fiets",\N,"Onbekend",\N,50,\N,"Duisternis",\N,\N,"340366073","Drielandenpad","Harderwijk","Harderwijk","Gelderland",false,52.334081,5.610695,"injury","2","unknown",false,1,"GM0243"
"20240031784",2024,"Uitsluitend materiele schade",2,"Fiets","Personenauto","Flank","Kruispunt, 3 takken",50,"Niet brandend","Daglicht","Droog",\N,\N,"Spinozaweg","Rotterdam","Rotterdam","Zuid-Holland",false,51.880944,4.53351,"material damage only","4","clear",false,1,"GM0599"
"20240032316",2024,"Letsel",1,"Fiets",\N,"Onbekend","Rechte weg",50,"Niet brandend","Daglicht","Droog",\N,"164313095","Van Alkemadelaan","'s-Gravenhage","'s-Gravenhage","Zuid-Holland",false,52.094989,4.327675,"injury","2","clear",false,1,"GM0518"
"20240032871",2024,"Letsel",1,"Fiets",\N,"Onbekend","Rechte weg",50,"Brandend","Duisternis","Droog",\N,\N,"Tak van Poortvlietstraat","Delft","Delft","Zuid-Holland",false,52.010493,4.344042,"injury","2","clear",false,1,"GM0503"
"20240036376",2024,"Letsel",1,"Fiets",\N,"Onbekend",\N,30,\N,"Duisternis",\N,\N,"457509056","Zonnedauw","Bovensmilde","Midden-Drenthe","Drenthe",false,52.97286,6.483745,"injury","2","unknown",false,1,"GM1731"
"20240042965",2024,"Letsel",2,"Personenauto","Fiets","Geparkeerd voertuig","Rechte weg",30,"Niet brandend","Daglicht","Droog","Parkeervoorziening","162299049","Henri Dunantlaan","Rijswijk","Rijswijk","Zuid-Holland",false,52.028397,4.315011,"injury","2","clear",false,1,\N
"20220162460",2022,"Uitsluitend materiele schade",2,"Fiets","e-bike","Flank","Kruispunt, 3 takken",\N,"Niet brandend","Daglicht","Droog",\N,\N,"Overcingellaan","Assen","Assen","Drenthe",false,52.989314,6.568481,"material damage only","4","clear",false,1,"GM0106"
"20220173216",2022,"Uitsluitend materiele schade",2,"Bestelauto","Fiets","Flank","Kruispunt, 3 takken",50,"Niet brandend","Daglicht","Droog",\N,\N,"Troostwijkstraat","Amersfoort","Amersfoort","Utrecht",false,52.155796,5.382341,"material damage only","4","clear",false,1,"GM0307"
"20220178306",2022,"Uitsluitend materiele schade",2,"Personenauto","e-bike","Flank","Kruispunt, 4 takken",50,"Niet brandend","Daglicht","Regen",\N,\N,"Rode Kruisstraat","Amsterdam","Amsterdam","Noord-Holland",false,52.395076,4.929062,"material damage only","4","rain",false,1,"GM0363"
"20220137791",2022,"Letsel",3,"Snorfiets","e-bike","Flank","Kruispunt, 4 takken",30,"Niet brandend","Daglicht","Droog",\N,\N,"Jaagpad","Stoutenburg","Leusden","Utrecht",false,52.147295,5.423537,"injury","2","clear",false,1,"GM0327"
"20220137826",2022,"Letsel",3,"Personenauto","Fiets","Flank","Rechte weg",50,"Niet brandend","Daglicht","Droog",\N,\N,"Vreelandseweg","Hilversum","Hilversum","Noord-Holland",false,52.220078,5.145474,"injury","2","clear",false,1,"GM0402"
"20220157099",2022,"Letsel",3,"Fiets","Dier","Dier","Rechte weg",30,"Niet brandend","Daglicht","Droog",\N,"173314051","Spechtlaan","Leidschendam","Leidschendam-Voorburg","Zuid-Holland",false,52.097539,4.389417,"injury","2","clear",false,1,"GM1916"
"20220177401",2022,"Uitsluitend materiele schade",2,"Fiets","Personenauto","Onbekend","Kruispunt, 4 takken",15,"Brandend","Duisternis","Droog",\N,\N,"Loenermark","Amsterdam","Amsterdam","Noord-Holland",false,52.399726,4.932256,"material damage only","4","clear",false,1,"GM0363"
"20220178034",2022,"Uitsluitend materiele schade",2,"Bromfiets","Fiets","Onbekend","Rechte weg",30,"Brandend","Duisternis","Droog",\N,"231368022","Belgiëplein","Amsterdam","Amsterdam","Noord-Holland",false,52.346121,4.810985,"material damage only","4","clear",false,1,"GM0363"
"20220178401",2022,"Letsel",2,"Fiets","Fiets","Flank","Kruispunt, 4 takken",50,"Niet brandend","Daglicht","Droog",\N,\N,"Zeestraat","'s-Gravenhage","'s-Gravenhage","Zuid-Holland",false,52.083754,4.304235,"injury","2","clear",false,1,"GM0518"
"20220181493",2022,"Letsel",3,"Personenauto","Fiets","Onbekend",\N,30,\N,"Daglicht",\N,\N,"188283030","Lijsterlaan","Rotterdam","Rotterdam","Zuid-Holland",false,51.961714,4.501556,"injury","2","unknown",false,1,"GM0599"
"20220114803",2022,"Uitsluitend materiele schade",3,"Personenauto","e-bike","Onbekend","Kruispunt, 4 takken",50,"Niet brandend","Daglicht","Droog",\N,\N,"Brailleweg","Groningen","Groningen","Groningen",false,53.207523,6.561821,"material damage only","4","clear",false,1,"GM0014"
"20220147793",2022,"Uitsluitend materiele schade",2,"Personenauto","Fiets","Flank","Rotonde",50,"Niet brandend","Daglicht","Droog",\N,\N,"Burg Schneiderlaan","Roosendaal","Roosendaal","Noord-Brabant",false,51.519478,4.45803,"material damage only","4","clear",false,1,"GM1674"
"20220167055",2022,"Letsel",2,"Personenauto","Fiets","Flank","Kruispunt, 3 takken",\N,"Niet brandend","Daglicht","Droog",\N,\N,"St. Josephstraat","Almelo","Almelo","Overijssel",false,52.367193,6.67784,"injury","2","clear",false,1,"GM0141"
"20220168511",2022,"Uitsluitend materiele schade",2,"Fiets","e-bike","Flank","Rechte weg",30,"Niet brandend","Daglicht","Droog",\N,"600511823","Lambertus Buddestraat","Enschede","Enschede","Overijssel",false,52.22214,6.868418,"material damage only","4","clear",false,1,"GM0153"
"20220169637",2022,"Uitsluitend materiele schade",2,"Personenauto","Fiets","Flank",\N,50,"Niet brandend","Daglicht","Droog",\N,"600815641","Stadspoort","Ede","Ede","Gelderland",false,52.016957,5.648732,"material damage only","4","clear",false,1,"GM0228"
"20220179704",2022,"Uitsluitend materiele schade",2,"Fiets","Fiets","Onbekend","Kruispunt, 4 takken",\N,"Niet brandend","Daglicht","Droog",\N,\N,"Wenckebachstraat","'s-Gravenhage","'s-Gravenhage","Zuid-Holland",false,52.062332,4.332259,"material damage only","4","clear",false,1,"GM0518"
"20220180286",2022,"Letsel",2,"Fiets","Voetganger","Voetganger","Rechte weg",30,"Niet brandend","Daglicht","Droog",\N,"600683179","Buurtweg","Wassenaar","Wassenaar","Zuid-Holland",false,52.11917,4.357097,"injury","2","clear",false,1,"GM0629"
"20220187125",2022,"Uitsluitend materiele schade",2,"Personenauto","Fiets","Flank","Kruispunt, 4 takken",50,"Niet brandend","Daglicht","Droog",\N,\N,"Vlaszak","Breda","Breda","Noord-Brabant",false,51.589555,4.780355,"material damage only","4","clear",false,1,"GM0758"
"20220197232",2022,"Uitsluitend materiele schade",2,"Personenauto","Fiets","Flank","Kruispunt, 3 takken",60,"Niet brandend","Daglicht","Droog",\N,\N,"Elsbosweg","Klarenbeek","Apeldoorn","Gelderland",false,52.167168,6.061304,"material damage only","4","clear",false,1,"GM0200"
"20220122055",2022,"Letsel",2,"Fiets","Motor","Frontaal","Bocht",30,"Niet brandend","Daglicht","Droog",\N,"213385008","Liniepad","Spaarndam gem. Haarlem","Haarlem","Noord-Holland",false,52.417359,4.680143,"injury","2","clear",false,1,"GM0392"