"accident_id","year","severity_raw","party_count","party1_type","party2_type","accident_type","road_situation","speed_limit_kmh","road_lighting","light_condition_label","weather_raw","infra_type","road_segment_id","street_name","place_name","gemeente_name_raw","province","alcohol_indicated","latitude","longitude","severity_label","severity_code","weather_label","built_up_area","cyclists_involved","gemeente_code"
"20220147905",2022,"Letsel",2,"Personenauto","Fiets","Frontaal","Kruispunt, 4 takken",30,"Niet brandend","Daglicht","Droog",\N,\N,"Ravelstraat","Bergen op Zoom","Bergen op Zoom","Noord-Brabant",false,51.499876,4.29341,"injury","2","clear",false,1,"GM0748"
"20220157225",2022,"Uitsluitend materiele schade",2,"Personenauto","Fiets","Onbekend",\N,30,\N,"Daglicht",\N,\N,"600726985","Westzeedijk","Rotterdam","Rotterdam","Zuid-Holland",false,51.910329,4.472468,"material damage only","4","unknown",false,1,"GM0599"
"20220178605",2022,"Letsel",2,"Bestelauto","Fiets","Kop/staart","Rechte weg",50,"Niet brandend","Daglicht","Droog",\N,"600711776","Maasdijk","'s-Gravenzande","Westland","Zuid-Holland",false,51.985088,4.16648,"injury","2","clear",false,1,"GM1783"
"20220178610",2022,"Letsel",2,"Personenauto","Fiets","Flank","Kruispunt, 4 takken",50,"Niet brandend","Daglicht","Droog",\N,\N,"Deijlerweg","Wassenaar","Wassenaar","Zuid-Holland",false,52.145399,4.418822,"injury","2","clear",false,1,"GM0629"
"20220178611",2022,"Letsel",1,"Fiets",\N,"Eenzijdig","Rechte weg",\N,"Niet brandend","Daglicht","Droog",\N,"600563564","President Kennedylaan","Alphen aan den Rijn","Alphen aan den Rijn","Zuid-Holland",false,52.142813,4.675485,"injury","2","clear",false,1,"GM0484"
"20220184866",2022,"Letsel",2,"Personenauto","Fiets","Flank","Rechte weg",30,"Niet aanwezig","Daglicht","Droog",\N,\N,"Schoener","Barendrecht","Barendrecht","Zuid-Holland",false,51.846098,4.542657,"injury","2","clear",false,1,"GM0489"
"20220197720",2022,"Letsel",2,"Bestelauto","e-bike","Flank","Rechte weg",80,"Niet aanwezig","Daglicht","Droog",\N,"600439152","Zwolseweg","'s-Heerenbroek","Kampen","Overijssel",false,52.534296,6.016123,"injury","2","clear",false,1,"GM0166"
"20220118255",2022,"Letsel",2,"Fiets","Fiets","Flank","Kruispunt, 3 takken",30,"Niet brandend","Daglicht","Droog",\N,\N,"Verbindingsweg","Heumen","Heumen","Gelderland",false,51.766556,5.841362,"injury","2","clear",false,1,"GM0252"
"20220122155",2022,"Uitsluitend materiele schade",3,"Fiets","Personenauto","Onbekend","Rotonde",50,"Niet brandend","Daglicht","Droog",\N,\N,"Maerelaan","Heemskerk","Heemskerk","Noord-Holland",false,52.514314,4.682313,"material damage only","4","clear",false,1,"GM0396"
"20220143549",2022,"Letsel",2,"Fiets","Snorfiets","Flank","Rotonde",\N,"Niet brandend","Daglicht","Droog",\N,\N,"Stevenshofdreef","Leiden","Leiden","Zuid-Holland",false,52.156002,4.449112,"injury","2","clear",false,1,"GM0546"
"20220178189",2022,"Uitsluitend materiele schade",2,"Personenauto","Fiets","Flank","Kruispunt, 3 takken",30,"Niet brandend","Daglicht","Droog",\N,\N,"P Cornelisz Hooftstr","Amsterdam","Amsterdam","Noord-Holland",false,52.361271,4.884418,"material damage only","4","clear",false,1,"GM0363"
"20220178669",2022,"Letsel",1,"Fiets",\N,"Eenzijdig","Rechte weg",30,"Brandend","Duisternis","Droog",\N,"190342008","Zandslootkade","Sassenheim","Teylingen","Zuid-Holland",false,52.224393,4.510877,"injury","2","clear",false,1,"GM1525"
"20220198137",2022,"Uitsluitend materiele schade",2,"Personenauto","Fiets","Frontaal","Rechte weg",30,"Niet brandend","Daglicht","Droog",\N,"515342177","Van Galenstraat","Enschede","Enschede","Overijssel",false,52.22009,6.889645,"material damage only","4","clear",false,1,"GM0153"
"20220115160",2022,"Letsel",2,"Bestelauto","Fiets","Onbekend","Kruispunt, 4 takken",50,"Niet brandend","Daglicht","Droog",\N,\N,"Atoomweg","Groningen","Groningen","Groningen",false,53.213287,6.540008,"injury","2","clear",false,1,"GM0014"
"20220119295",2022,"Letsel",2,"Personenauto","Fiets","Onbekend","Rechte weg",50,"Niet brandend","Daglicht","Droog",\N,"397431041","Greente","Genemuiden","Zwartewaterland","Overijssel",false,52.625898,6.033389,"injury","2","clear",false,1,"GM1896"
"20220122250",2022,"Uitsluitend materiele schade",2,"Bromfiets","Fiets","Frontaal","Rechte weg",30,"Niet brandend","Daglicht","Droog",\N,"600515639","Provincialeweg","Westzaan","Zaanstad","Noord-Holland",false,52.464557,4.766371,"material damage only","4","clear",false,1,"GM0479"
"20220142281",2022,"Uitsluitend materiele schade",3,"Personenauto","Fiets","Flank","Kruispunt, 4 takken",50,"Niet brandend","Daglicht","Droog",\N,\N,"Willem de Zwijgerlaan","Amsterdam","Amsterdam","Noord-Holland",false,52.376613,4.862819,"material damage only","4","clear",false,1,"GM0363"
"20220152980",2022,"Uitsluitend materiele schade",2,"Personenauto","Fiets","Kop/staart","Rechte weg",50,"Niet brandend","Daglicht","Droog",\N,"513339047","Wethouder Beversstraat","Enschede","Enschede","Overijssel",false,52.206755,6.879768,"material damage only","4","clear",false,1,"GM0153"
"20220180491",2022,"Letsel",2,"Personenauto","Fiets","Flank","Rotonde",50,"Niet brandend","Daglicht","Droog",\N,\N,"Heemlaan","Zoetermeer","Zoetermeer","Zuid-Holland",false,52.052172,4.530252,"injury","2","clear",false,1,"GM0637"
"20220198499",2022,"Uitsluitend materiele schade",3,"Bestelauto","e-bike","Onbekend","Rotonde",50,"Brandend","Schemer","Regen",\N,\N,"Loostraat","Huissen","Lingewaard","Gelderland",false,51.942571,5.923328,"material damage only","4","rain",false,1,"GM1705"
"20220116852",2022,"Uitsluitend materiele schade",2,"e-bike","Motor","Flank","Rechte weg",60,"Niet brandend","Daglicht","Droog",\N,\N,"van Heemstraweg","Dreumel","West Maas en Waal","Gelderland",false,51.863483,5.445415,"material damage only","4","clear",false,1,"GM0668"
"20220122305",2022,"Uitsluitend materiele schade",2,"e-bike","Fiets","Frontaal","Rechte weg",\N,"Niet aanwezig","Daglicht","Droog",\N,\N,"IJsdijk","Oudeschild","Texel","Noord-Holland",false,53.073258,4.887758,"material damage only","4","clear",false,1,"GM0448"
"20220128396",2022,"Letsel",2,"e-bike","Voetganger","Voetganger","Rechte weg",\N,"Niet brandend","Daglicht","Droog",\N,"208245134","Admiraalsplein","Dordrecht","Dordrecht","Zuid-Holland",false,51.791357,4.654419,"injury","2","clear",false,1,"GM0505"
"20220146760",2022,"Letsel",2,"Fiets","Snorfiets","Frontaal","Kruispunt, 3 takken",\N,"Niet brandend","Daglicht","Droog",\N,\N,"Landscheiding","Rotterdam","Rotterdam","Zuid-Holland",false,51.965979,4.457505,"injury","2","clear",false,1,"GM0599"
"20220155065",2022,"Letsel",2,"Personenauto","Fiets","Flank","Rotonde",50,"Niet brandend","Daglicht","Droog",\N,\N,"Dokweg","IJmuiden","Velsen","Noord-Holland",false,52.458673,4.597903,"injury","2","clear",false,1,"GM0453"
"20220158873",2022,"Uitsluitend materiele schade",2,\N,"Fiets","Frontaal","Rechte weg",50,"Niet brandend","Daglicht","Droog",\N,"86234026","Hogezoom","Renesse","Schouwen-Duiveland","Zeeland",false,51.731315,3.771888,"material damage only","4","clear",false,1,"GM1676"
"20220160280",2022,"Uitsluitend materiele schade",2,"Personenauto","Fiets","Onbekend","Rechte weg",50,"Niet brandend","Daglicht","Droog",\N,\N,"Burg Woltersstraat","Rosmalen","'s-Hertogenbosch","Noord-Brabant",false,51.713197,5.361997,"material damage only","4","clear",false,1,"GM0796"
"20220167504",2022,"Uitsluitend materiele schade",3,"Personenauto","Fiets","Onbekend","Bocht",50,"Niet brandend","Daglicht","Droog",\N,"600874678","Borculoseweg","Groenlo","Oost Gelre","Gelderland",false,52.04282,6.610917,"material damage only","4","clear",false,1,"GM1586"
"20220169918",2022,"Uitsluitend materiele schade",2,"Personenauto","Fiets","Flank","Rotonde",50,"Niet brandend","Daglicht","Droog",\N,\N,"Proosdijerveldweg","Ede","Ede","Gelderland",false,52.040342,5.654815,"material damage only","4","clear",false,1,"GM0228"
"20220180517",2022,"Letsel",1,"Fiets",\N,"Eenzijdig",\N,30,\N,"Schemer",\N,\N,"600911013","Korte Mare","Leiden","Leiden","Zuid-Holland",false,52.163127,4.490009,"injury","2","unknown",false,1,"GM0546"
"20220195728",2022,"Uitsluitend materiele schade",2,"Personenauto","Fiets","Flank","Rechte weg",30,"Niet brandend","Daglicht","Regen",\N,"600840419","Prins Willem-Alexanderln","Apeldoorn","Apeldoorn","Gelderland",false,52.208232,5.954052,"material damage only","4","rain",false,1,"GM0200"
"20220142396",2022,"Uitsluitend materiele schade",2,"Personenauto","Fiets","Flank","Kruispunt, 4 takken",30,"Niet brandend","Daglicht","Droog",\N,\N,"Voerman","Amstelveen","Amstelveen","Noord-Holland",false,52.28349,4.857332,"material damage only","4","clear",false,1,"GM0362"
"20220153101",2022,"Uitsluitend materiele schade",2,"Personenauto","Fiets","Frontaal","Rechte weg",50,"Niet brandend","Daglicht","Droog",\N,"600889005","Nordhornsestraat","Denekamp","Dinkelland","Overijssel",false,52.379135,7.009986,"material damage only","4","clear",false,1,"GM1774"
"20220173713",2022,"Letsel",2,"Fiets","Fiets","Onbekend","Rechte weg",50,"Niet brandend","Daglicht","Droog",\N,"254405035","Gouwzeestraat","Purmerend","Purmerend","Noord-Holland",false,52.509742,4.97902,"injury","2","clear",false,1,"GM0439"
"20220173760",2022,"Uitsluitend materiele schade",2,"Personenauto","Fiets","Frontaal","Kruispunt, 3 takken",50,"Niet brandend","Daglicht","Droog",\N,\N,"Prinses Julianalaan","Alkmaar","Alkmaar","Noord-Holland",false,52.627486,4.730504,"material damage only","4","clear",false,1,"GM0361"
"20220196014",2022,"Uitsluitend materiele schade",2,"Personenauto","Fiets","Flank","Rotonde",\N,"Niet brandend","Daglicht","Droog",\N,\N,"Josef Haydnlaan","Hengelo","Hengelo (O)","Overijssel",false,52.269993,6.817988,"material damage only","4","clear",false,1,\N
"20220153955",2022,"Letsel",2,"e-bike","Personenauto","Flank","Kruispunt, 4 takken",50,"Niet brandend","Daglicht","Droog",\N,\N,"Valleistraat","Veenendaal","Veenendaal","Utrecht",false,52.025927,5.56349,"injury","2","clear",false,1,"GM0345"
"20220160457",2022,"Uitsluitend materiele schade",2,"Personenauto","Fiets","Onbekend","Rotonde",50,"Niet brandend","Daglicht","Droog",\N,\N,"Onzelievevrouwestraat","Weert","Weert","Limburg",false,51.249986,5.71822,"material damage only","4","clear",false,1,"GM0988"
"20220167699",2022,"Letsel",2,"Personenauto","Fiets","Flank","Kruispunt, 3 takken",50,"Niet brandend","Daglicht","Droog",\N,\N,"Raalterweg","Deventer","Deventer","Overijssel",false,52.264848,6.176406,"injury","2","clear",false,1,"GM0150"
"20220196265",2022,"Letsel",3,"Bestelauto","Fiets","Los voorwerp","Rotonde",50,"Niet brandend","Daglicht","Regen",\N,\N,"Harenbergweg","Zutphen","Zutphen","Gelderland",false,52.127024,6.210169,"injury","2","rain",false,1,"GM0301"
"20220126292",2022,"Letsel",1,"Fiets",\N,"Eenzijdig","Bocht",50,"Brandend","Schemer","Droog",\N,"153310025","Laan van Poot","'s-Gravenhage","'s-Gravenhage","Zuid-Holland",false,52.078748,4.245854,"injury","2","clear",false,1,"GM0518"
"20220188980",2022,"Uitsluitend materiele schade",2,"Bromfiets","e-bike","Frontaal","Bocht",60,"Brandend","Duisternis","Regen",\N,"339187001","Herendijk","Lieshout","Laarbeek","Noord-Brabant",false,51.534197,5.600845,"material damage only","4","rain",false,1,"GM1659"
"20220189138",2022,"Letsel",2,"Snorfiets","Fiets","Flank","Kruispunt, 3 takken",\N,"Niet brandend","Daglicht","Droog",\N,\N,"Industriepark","Geldrop","Geldrop-Mierlo","Noord-Brabant",false,51.415034,5.555296,"injury","2","clear",false,1,"GM1771"
"20220189877",2022,"Uitsluitend materiele schade",2,"Personenauto","Fiets","Geparkeerd voertuig","Rechte weg",30,"Niet aanwezig","Daglicht","Droog","Parkeervoorziening","416151066","van Bornestraat","Venlo","Venlo","Limburg",false,51.368449,6.150193,"material damage only","4","clear",false,1,"GM0983"
"20220144005",2022,"Letsel",1,"Fiets",\N,"Eenzijdig",\N,80,\N,"Daglicht",\N,\N,"600252639","Provincialeweg Oost","Haastrecht","Krimpenerwaard","Zuid-Holland",false,52.011998,4.803274,"injury","2","unknown",false,1,"GM1931"
"20220154063",2022,"Uitsluitend materiele schade",2,"Bromfiets","Fiets","Flank","Kruispunt, 3 takken",30,"Niet brandend","Daglicht","Droog",\N,\N,"Kroostweg","Zeist","Zeist","Utrecht",false,52.088369,5.225295,"material damage only","4","clear",false,1,"GM0355"
"20220170972",2022,"Uitsluitend materiele schade",2,"Snorfiets","Fiets","Frontaal","Bocht",\N,"Niet aanwezig","Daglicht","Droog",\N,"600785809","Fongerspad","Almere","Almere","Flevoland",false,52.351503,5.246361,"material damage only","4","clear",false,1,"GM0034"
"20220185345",2022,"Uitsluitend materiele schade",2,"Fiets","Personenauto","Flank","Kruispunt, 3 takken",50,"Niet brandend","Daglicht",\N,\N,\N,"Vruchtentuin","Rotterdam","Rotterdam","Zuid-Holland",false,51.890327,4.552194,"material damage only","4","unknown",false,1,"GM0599"
"20220187707",2022,"Letsel",2,"Bestelauto","Fiets","Eenzijdig","Kruispunt, 4 takken",\N,"Niet brandend","Daglicht","Droog",\N,\N,"Rooije-Aschweg","Handel","Gemert-Bakel","Noord-Brabant",false,51.571157,5.725323,"injury","2","clear",false,1,"GM1652"
"20220191656",2022,"Letsel",2,"Bromfiets","e-bike","Frontaal","Rotonde",50,"Niet brandend","Daglicht","Droog",\N,\N,"van Giffenstraat","Sneek","Súdwest-Fryslân","Friesland",false,53.030272,5.649594,"injury","2","clear",false,1,"GM1900"
"20220191899",2022,"Letsel",2,"e-bike","Fiets","Onbekend","Kruispunt, 4 takken",30,"Niet brandend","Daglicht","Droog",\N,\N,"Griffeweg","Groningen","Groningen","Groningen",false,53.215571,6.581657,"injury","2","clear",false,1,"GM0014"
"20220115599",2022,"Letsel",3,"Personenauto","e-bike","Frontaal","Kruispunt, 4 takken",50,"Niet brandend","Daglicht","Droog",\N,\N,"Kraneweg","Groningen","Groningen","Groningen",false,53.217132,6.550322,"injury","2","clear",false,1,"GM0014"
"20220147137",2022,"Uitsluitend materiele schade",2,"Personenauto","Fiets","Flank","Kruispunt, 4 takken",30,"Niet brandend","Daglicht","Droog",\N,\N,"Katspolderlaan","Terneuzen","Terneuzen","Zeeland",false,51.321272,3.851461,"material damage only","4","clear",false,1,"GM0715"
"20220165734",2022,"Letsel",2,"Personenauto","Fiets","Flank","Kruispunt, 3 takken",50,"Niet brandend","Daglicht","Droog",\N,\N,"Malvert","Nijmegen","Nijmegen","Gelderland",false,51.808847,5.803696,"injury","2","clear",false,1,"GM0268"
"20220169194",2022,"Uitsluitend materiele schade",2,"Snorfiets","Fiets","Onbekend","Rotonde",30,"Brandend","Duisternis","Droog",\N,\N,"Deventerweg","Harderwijk","Harderwijk","Gelderland",false,52.33616,5.634854,"material damage only","4","clear",false,1,"GM0243"
"20220190699",2022,"Uitsluitend materiele schade",2,"Fiets","Bestelauto","Flank",\N,30,"Niet brandend","Daglicht","Regen",\N,\N,"Paardestraat","Sittard","Sittard-Geleen","Limburg",false,50.999646,5.873613,"material damage only","4","rain",false,1,"GM1883"
"20220190926",2022,"Uitsluitend materiele schade",2,"Personenauto","Fiets","Flank","Rotonde",\N,"Niet brandend","Daglicht","Droog",\N,\N,"Burg Gommansstraat","Venlo","Venlo","Limburg",false,51.37064,6.138137,"material damage only","4","clear",false,1,"GM0983"
"20220192113",2022,"Uitsluitend materiele schade",2,"Personenauto","Fiets","Flank","Kruispunt, 3 takken",30,"Niet brandend","Daglicht","Droog",\N,\N,"Kleinemeersterstraat","Sappemeer","Midden-Groningen","Groningen",false,53.161569,6.786213,"material damage only","4","clear",false,1,"GM1952"
"20220192295",2022,"Letsel",2,"Bestelauto","Fiets","Flank","Kruispunt, 3 takken",30,"Niet aanwezig","Daglicht","Droog",\N,\N,"Morrapaed","Hemelum","Súdwest-Fryslân","Friesland",false,52.885889,5.452561,"injury","2","clear",false,1,"GM1900"
"20220131634",2022,"Letsel",2,"Personenauto","Fiets","Flank","Rechte weg",60,"Niet brandend","Daglicht","Droog",\N,"352155003","Vaarselstraat","Someren","Someren","Noord-Brabant",false,51.387042,5.694238,"injury","2","clear",false,1,"GM0847"
"20220142924",2022,"Uitsluitend materiele schade",2,"Snorfiets","e-bike","Kop/staart","Rechte weg",\N,"Brandend","Duisternis","Droog",\N,"174305055","Philippus Uythovenpad","'s-Gravenhage","'s-Gravenhage","Zuid-Holland",false,52.057989,4.39757,"material damage only","4","clear",false,1,"GM0518"
"20220166267",2022,"Uitsluitend materiele schade",1,"Fiets",\N,"Voetganger","Rechte weg",60,"Niet brandend","Daglicht","Droog",\N,"468361008","Provincialeweg Zuna","Zuna","Wierden","Overijssel",false,52.307038,6.551605,"material damage only","4","clear",false,1,"GM0189"
"20220168040",2022,"Letsel",1,"Fiets",\N,"Eenzijdig",\N,30,\N,"Daglicht",\N,\N,\N,"Burg Wallerstraat","Oldenzaal","Oldenzaal","Overijssel",false,52.301541,6.93436,"injury","2","unknown",false,1,"GM0173"
"20220191748",2022,"Letsel",2,"Personenauto","Fiets","Flank","Rechte weg",50,"Brandend","Duisternis","Droog",\N,"466563048","Munnekeholm","Groningen","Groningen","Groningen",false,53.21554,6.561881,"injury","2","clear",false,1,"GM0014"
"20220191989",2022,"Uitsluitend materiele schade",2,"Personenauto","Fiets","Flank","Kruispunt, 4 takken",50,"Niet brandend","Daglicht","Droog",\N,\N,"Prinsenlaan","Emmen","Emmen","Drenthe",false,52.789601,6.901995,"material damage only","4","clear",false,1,"GM0114"
"20220193118",2022,"Letsel",2,"e-bike","Personenauto","Onbekend","Kruispunt, 3 takken",60,"Niet brandend","Daglicht","Droog",\N,\N,"Vrouwenlaan-achter","Kolham","Midden-Groningen","Groningen",false,53.172924,6.722086,"injury","2","clear",false,1,"GM1952"
"20220193322",2022,"Letsel",1,"Fiets",\N,"Eenzijdig","Rechte weg",30,"Brandend","Duisternis","Droog",\N,"467563080","Gelkingestraat","Groningen","Groningen","Groningen",false,53.216321,6.569155,"injury","2","clear",false,1,"GM0014"
"20220120094",2022,"Letsel",3,"Personenauto","Fiets","Onbekend","Rechte weg",50,"Brandend","Duisternis","Droog",\N,"271314072","Nijenoord","Utrecht","Utrecht","Utrecht",false,52.103358,5.105997,"injury","2","clear",false,1,"GM0344"
"20220125495",2022,"Letsel",1,"Fiets",\N,"Eenzijdig","Rechte weg",30,"Niet brandend","Daglicht","Droog",\N,"600521973","FIETSPAD","'s-Gravenhage","'s-Gravenhage","Zuid-Holland",false,52.092723,4.341509,"injury","2","clear",false,1,"GM0518"
"20220125496",2022,"Uitsluitend materiele schade",2,"Personenauto","Fiets","Flank","Bocht",80,"Niet brandend","Daglicht","Droog",\N,"217300129","Reeuwijkse Randweg","Reeuwijk","Bodegraven-Reeuwijk","Zuid-Holland",false,52.041591,4.709013,"material damage only","4","clear",false,1,"GM1901"
"20220130372",2022,"Letsel",1,"Fiets",\N,"Eenzijdig",\N,50,\N,"Daglicht",\N,\N,"94141005","Mr. F.J. Haarmanweg","Terneuzen","Terneuzen","Zeeland",false,51.315153,3.840066,"injury","2","unknown",false,1,"GM0715"
"20220137565",2022,"Letsel",2,"Motor","Fiets","Frontaal","Kruispunt, 4 takken",60,"Niet brandend","Daglicht","Droog",\N,\N,"Karssenbargweg","Ruurlo","Berkelland","Gelderland",false,52.089157,6.464208,"injury","2","clear",false,1,"GM1859"
"20220141612",2022,"Uitsluitend materiele schade",2,"Personenauto","Fiets","Flank","Rotonde",50,"Niet brandend","Daglicht","Droog",\N,\N,"Jan Tooropstraat","Weesp","Amsterdam","Noord-Holland",false,52.310847,5.037058,"material damage only","4","clear",false,1,"GM0363"
"20220152536",2022,"Uitsluitend materiele schade",2,"Bestelauto","Fiets","Flank","Kruispunt, 3 takken",30,"Niet brandend","Daglicht","Droog",\N,\N,"Agnietenstraat","Arnhem","Arnhem","Gelderland",false,51.988857,5.919387,"material damage only","4","clear",false,1,"GM0202"
"20220155626",2022,"Letsel",2,"e-bike",\N,"Eenzijdig","Kruispunt, 4 takken",\N,"Niet brandend","Daglicht","Droog",\N,\N,"Sarphatistraat","Amsterdam","Amsterdam","Noord-Holland",false,52.361205,4.90773,"injury","2","clear",false,1,"GM0363"
"20220155632",2022,"Letsel",2,"Bromfiets","Fiets","Flank","Kruispunt, 3 takken",50,"Niet brandend","Daglicht","Regen",\N,\N,"Weteringschans","Amsterdam","Amsterdam","Noord-Holland",false,52.359268,4.897312,"injury","2","rain",false,1,"GM0363"
"20220174253",2022,"Letsel",2,"Personenauto","Fiets","Flank","Kruispunt, 3 takken",50,"Niet brandend","Daglicht","Droog",\N,\N,"Valkestraat","Haarlem","Haarlem","Noord-Holland",false,52.382265,4.643045,"injury","2","clear",false,1,"GM0392"
"20220193588",2022,"Letsel",2,"Bromfiets","Fiets","Frontaal","Rechte weg",50,"Brandend","Duisternis","Droog",\N,"600392559","Hoendiep","Groningen","Groningen","Groningen",false,53.213947,6.545103,"injury","2","clear",false,1,"GM0014"
"20220196163",2022,"Uitsluitend materiele schade",2,"Personenauto","Fiets","Los voorwerp","Kruispunt, 3 takken",30,"Niet brandend","Daglicht","Droog",\N,\N,"Hazelaar","Giethoorn","Steenwijkerland","Overijssel",false,52.736602,6.0778,"material damage only","4","clear",false,1,"GM1708"
"20220193094",2022,"Letsel",2,"Bestelauto","e-bike","Flank","Kruispunt, 3 takken",50,"Niet brandend","Daglicht","Droog",\N,\N,"Cornelis Houtmanstraat","Emmen","Emmen","Drenthe",false,52.75172,6.91782,"injury","2","clear",false,1,"GM0114"
"20220193914",2022,"Letsel",2,"Personenauto","Fiets","Flank","Rotonde",50,"Niet brandend","Daglicht","Droog",\N,\N,"Vondellaan","Groningen","Groningen","Groningen",false,53.197499,6.569903,"injury","2","clear",false,1,"GM0014"
"20220196387",2022,"Letsel",1,"Fiets",\N,"Eenzijdig","Kruispunt, 3 takken",50,"Niet brandend","Daglicht","Droog",\N,\N,"Bergweg","Enschede","Enschede","Overijssel",false,52.250148,6.910482,"injury","2","clear",false,1,"GM0153"
"20220196634",2022,"Uitsluitend materiele schade",2,"Brommobiel","Fiets","Flank","Rotonde",50,"Niet brandend","Daglicht","Droog",\N,\N,"Teisterbantlaan","Tiel","Tiel","Gelderland",false,51.880104,5.420969,"material damage only","4","clear",false,1,"GM0281"
"20220196747",2022,"Uitsluitend materiele schade",2,"Personenauto","e-bike","Flank","Kruispunt, 4 takken",60,"Niet brandend","Daglicht","Droog",\N,\N,"Koerbergseweg","Heerde","Heerde","Gelderland",false,52.404648,6.051722,"material damage only","4","clear",false,1,"GM0246"
"20220119047",2022,"Letsel",2,"Personenauto","Fiets","Flank","Kruispunt, 4 takken",50,"Niet brandend","Daglicht","Droog",\N,\N,"Dr. W. Dreeslaan","Bennekom","Ede","Gelderland",false,52.01471,5.650758,"injury","2","clear",false,1,"GM0228"
"20220144409",2022,"Letsel",2,"Motor","e-bike","Flank","Kruispunt, 4 takken",50,"Brandend","Duisternis",\N,\N,\N,"Meeuwenlaan","Katwijk","Katwijk","Zuid-Holland",false,52.200832,4.407161,"injury","2","unknown",false,1,"GM0537"
"20220153469",2022,"Letsel",2,"Fiets","e-bike","Frontaal","Rotonde",80,\N,"Daglicht","Droog",\N,\N,"Burg van Breemenweg","Azewijn","Montferland","Gelderland",false,51.879141,6.277359,"injury","2","clear",false,1,"GM1955"
"20220196661",2022,"Letsel",2,"Personenauto","Fiets","Geparkeerd voertuig","Rechte weg",50,"Niet brandend","Daglicht","Regen","Parkeervoorziening","383288033","Rosendaalsestraat","Arnhem","Arnhem","Gelderland",false,51.986806,5.922277,"injury","2","rain",false,1,"GM0202"
"20220197491",2022,"Uitsluitend materiele schade",2,"Personenauto","Fiets","Frontaal","Rechte weg",30,"Niet aanwezig","Schemer","Droog",\N,"483336004","Goorsestraat","Haaksbergen","Haaksbergen","Overijssel",false,52.191477,6.655375,"material damage only","4","clear",false,1,"GM0158"
"20220197506",2022,"Uitsluitend materiele schade",2,"Personenauto","Fiets","Flank","Rotonde",50,"Niet brandend","Schemer","Droog",\N,\N,"Hietweideweg","Twello","Voorst","Gelderland",false,52.229983,6.096663,"material damage only","4","clear",false,1,"GM0285"
"20220198189",2022,"Uitsluitend materiele schade",1,"Fiets",\N,"Onbekend",\N,30,\N,"Daglicht",\N,\N,"418351010","Buddeweg","Schalkhaar","Deventer","Overijssel",false,52.26857,6.180321,"material damage only","4","unknown",false,1,"GM0150"
"20220198438",2022,"Letsel",2,"Personenauto","Fiets","Flank","Rechte weg",50,"Niet brandend","Daglicht","Droog",\N,"482367033","Leemslagenweg","Almelo","Almelo","Overijssel",false,52.335878,6.650048,"injury","2","clear",false,1,"GM0141"
"20220120358",2022,"Letsel",3,"Personenauto","Fiets","Onbekend","Bocht",30,"Niet brandend","Daglicht","Droog",\N,"600800904","Kempenaar 03","Lelystad","Lelystad","Flevoland",false,52.518417,5.458896,"injury","2","clear",false,1,"GM0995"
"20220125693",2022,"Uitsluitend materiele schade",2,"e-bike","e-bike","Flank","Rechte weg",60,"Brandend","Duisternis",\N,\N,"600733841","Stationsweg","Lisse","Lisse","Zuid-Holland",false,52.273579,4.538555,"material damage only","4","unknown",false,1,"GM0553"
"20220125706",2022,"Letsel",2,"e-bike","Fiets","Frontaal","Bocht",\N,"Niet brandend","Daglicht","Droog",\N,"600716840","Molenwetering","Rijswijk","Rijswijk","Zuid-Holland",false,52.017772,4.308657,"injury","2","clear",false,1,\N
"20220126613",2022,"Uitsluitend materiele schade",2,"Bromfiets","Fiets","Frontaal","Rechte weg",50,"Niet brandend","Daglicht","Droog",\N,"600942119","Dr. Lelykade","'s-Gravenhage","'s-Gravenhage","Zuid-Holland",false,52.098366,4.270311,"material damage only","4","clear",false,1,"GM0518"
"20220135880",2022,"Letsel",2,"Fiets","Personenauto","Flank","Rotonde",80,"Niet brandend","Daglicht","Droog",\N,\N,"van der Mondeweg","Haalderen","Lingewaard","Gelderland",false,51.892624,5.91958,"injury","2","clear",false,1,"GM1705"
"20220140314",2022,"Letsel",1,"Fiets",\N,"Eenzijdig","Rechte weg",\N,"Niet brandend","Daglicht","Droog",\N,"600740073","Heerenduinweg","IJmuiden","Velsen","Noord-Holland",false,52.453425,4.625362,"injury","2","clear",false,1,"GM0453"
"20220144491",2022,"Letsel",1,"Fiets",\N,"Eenzijdig","Rechte weg",\N,"Niet brandend","Daglicht","Droog",\N,"169289123","Hoogspanningspad","Delft","Delft","Zuid-Holland",false,51.985356,4.367164,"injury","2","clear",false,1,"GM0503"
"20220145563",2022,"Letsel",2,"Bromfiets","Fiets","Onbekend","Kruispunt, 4 takken",\N,"Niet brandend","Daglicht","Droog",\N,\N,"Wilhelminaplein","Rotterdam","Rotterdam","Zuid-Holland",false,51.907935,4.492138,"injury","2","clear",false,1,"GM0599"
"20220146412",2022,"Uitsluitend materiele schade",2,"Bromfiets","Fiets","Flank","Rechte weg",50,"Niet brandend","Daglicht","Droog",\N,"184266021","Carnissesingel","Rotterdam","Rotterdam","Zuid-Holland",false,51.885823,4.476823,"material damage only","4","clear",false,1,"GM0599"
"20220150389",2022,"Uitsluitend materiele schade",1,"e-bike",\N,"Onbekend","Rechte weg",80,"Niet brandend","Daglicht","Droog",\N,"600948389","Wanroijseweg","Sint Hubert","Land van Cuijk","Noord-Brabant",false,51.670575,5.804,"material damage only","4","clear",false,1,"GM1982"