"accident_id","year","severity_raw","party_count","party1_type","party2_type","accident_type","road_situation","speed_limit_kmh","road_lighting","light_condition_label","weather_raw","infra_type","road_segment_id","street_name","place_name","gemeente_name_raw","province","alcohol_indicated","latitude","longitude","severity_label","severity_code","weather_label","built_up_area","cyclists_involved","gemeente_code"
"20240084762",2024,"Uitsluitend materiele schade",1,"Fiets",\N,"Eenzijdig","Rechte weg",60,"Niet brandend","Daglicht","Droog",\N,"428438002","Schotsweg","Staphorst","Staphorst","Overijssel",false,52.64961,6.270567,"material damage only","4","clear",false,1,"GM0180"
"20240086032",2024,"Uitsluitend materiele schade",2,"Personenauto","Fiets","Kop/staart","Rechte weg",30,"Niet brandend","Daglicht","Droog",\N,"600983541","Olgerweg","Groningen","Groningen","Groningen",false,53.211833,6.631732,"material damage only","4","clear",false,1,"GM0014"
"20240088033",2024,"Letsel",2,"Fiets","Snorfiets","Frontaal","Rechte weg",30,"Niet brandend","Daglicht","Droog",\N,"600554016","Michiel de Ruyterweg","Delft","Delft","Zuid-Holland",false,52.005846,4.367867,"injury","2","clear",false,1,"GM0503"
"20240088046",2024,"Letsel",1,"Fiets",\N,"Eenzijdig","Rechte weg",60,"Niet aanwezig","Daglicht","Droog",\N,"180340004","Herenweg","Noordwijk","Noordwijk","Zuid-Holland",false,52.218738,4.438885,"injury","2","clear",false,1,"GM0575"
"20240092180",2024,"Uitsluitend materiele schade",2,"Personenauto","Fiets","Flank","Kruispunt, 4 takken",30,"Brandend","Schemer","Droog",\N,\N,"Koetsierwei","Valkenswaard","Valkenswaard","Noord-Brabant",false,51.363159,5.431814,"material damage only","4","clear",false,1,"GM0858"
"20240048962",2024,"Letsel",2,"Personenauto","Fiets","Flank","Rotonde",50,"Niet brandend","Daglicht","Droog",\N,\N,"Staringstraat","Hengelo","Hengelo (O)","Overijssel",false,52.261622,6.822993,"injury","2","clear",false,1,\N
"20240075543",2024,"Uitsluitend materiele schade",1,"Fiets",\N,"Eenzijdig","Rechte weg",50,"Niet brandend","Daglicht","Droog",\N,"600454493","Westerkade","Groningen","Groningen","Groningen",false,53.21525,6.557375,"material damage only","4","clear",false,1,"GM0014"
"20240081593",2024,"Letsel",1,"Fiets",\N,"Onbekend",\N,30,"Niet brandend","Daglicht","Droog",\N,"600731664","Frank van Borselenlaan","Voorhout","Teylingen","Zuid-Holland",false,52.23036,4.512099,"injury","2","clear",false,1,"GM1525"
"20240091286",2024,"Uitsluitend materiele schade",2,"Personenauto","Fiets","Flank","Kruispunt, 4 takken",50,"Niet brandend","Daglicht","Regen",\N,\N,"Mathenesserdijk","Rotterdam","Rotterdam","Zuid-Holland",false,51.916218,4.442811,"material damage only","4","rain",false,1,"GM0599"
"20240092549",2024,"Letsel",2,"Personenauto","Fiets","Flank","Kruispunt, 4 takken",30,"Niet aanwezig","Daglicht","Droog",\N,\N,"Peelrug","Deurne","Deurne","Noord-Brabant",false,51.463307,5.813815,"injury","2","clear",false,1,"GM0762"
"20240094158",2024,"Uitsluitend materiele schade",2,"Personenauto","Fiets","Frontaal","Rechte weg",30,"Niet brandend","Daglicht","Droog",\N,"381283143","Lathyruspad","Arnhem","Arnhem","Gelderland",false,51.961916,5.910387,"material damage only","4","clear",false,1,"GM0202"
"20240096140",2024,"Uitsluitend materiele schade",2,"e-bike","Fiets","Flank","Kruispunt, 4 takken",30,"Niet brandend","Daglicht","Droog",\N,\N,"Julianaplein","Bussum","Gooise Meren","Noord-Holland",false,52.275436,5.159521,"material damage only","4","clear",false,1,"GM1942"
"20240043806",2024,"Uitsluitend materiele schade",2,"Fiets","Fiets","Onbekend","Kruispunt, 3 takken",30,"Niet brandend","Daglicht","Droog",\N,\N,"Dorpsstraat","Lithoijen","Oss","Noord-Brabant",false,51.801097,5.463132,"material damage only","4","clear",false,1,"GM0828"
"20240083589",2024,"Uitsluitend materiele schade",2,"Bestelauto","Fiets","Flank","Kruispunt, 3 takken",50,"Niet brandend","Daglicht","Droog",\N,\N,"Boschmeersingel","'s-Hertogenbosch","'s-Hertogenbosch","Noord-Brabant",false,51.69134,5.27344,"material damage only","4","clear",false,1,"GM0796"
"20240086111",2024,"Letsel",1,"Fiets",\N,"Flank","Rechte weg",30,"Niet brandend","Daglicht","Droog",\N,"600745479","Beverwijkerstraatweg","Castricum","Castricum","Noord-Holland",false,52.540504,4.659247,"injury","2","clear",false,1,"GM0383"
"20240094167",2024,"Uitsluitend materiele schade",2,"Fiets","Fiets","Flank","Kruispunt, 4 takken",50,"Niet brandend","Daglicht","Droog",\N,\N,"Slotemaker de Bruïneweg","Nijmegen","Nijmegen","Gelderland",false,51.821319,5.844607,"material damage only","4","clear",false,1,"GM0268"
"20240096185",2024,"Uitsluitend materiele schade",2,"Personenauto","Fiets","Flank","Kruispunt, 4 takken",50,"Niet brandend","Daglicht","Droog",\N,\N,"FIETSPAD","Woerden","Woerden","Utrecht",false,52.085175,4.891998,"material damage only","4","clear",false,1,"GM0632"
"20240050309",2024,"Letsel",2,"Fiets","Personenauto","Flank","Rotonde",50,"Brandend","Schemer","Regen",\N,\N,"Henk Sneevlietweg","Amsterdam","Amsterdam","Noord-Holland",false,52.346618,4.846196,"injury","2","rain",false,1,"GM0363"
"20240094659",2024,"Uitsluitend materiele schade",2,"Personenauto","Fiets","Flank","Rotonde",50,"Niet brandend","Daglicht","Droog",\N,\N,"Huismanstraat","Huissen","Lingewaard","Gelderland",false,51.934025,5.93848,"material damage only","4","clear",false,1,"GM1705"
"20240097826",2024,"Letsel",2,"Bestelauto","Fiets","Flank","Kruispunt, 3 takken",30,"Niet brandend","Daglicht","Droog",\N,\N,"Medemblikstraat","'s-Gravenhage","'s-Gravenhage","Zuid-Holland",false,52.062755,4.26936,"injury","2","clear",false,1,"GM0518"
"20240070832",2024,"Letsel",2,"Personenauto","Fiets","Flank","Kruispunt, 4 takken",50,"Niet brandend","Daglicht","Droog",\N,\N,"PAPENDRECHT 1","Papendrecht","Papendrecht","Zuid-Holland",false,51.831434,4.705982,"injury","2","clear",false,1,"GM0590"
"20240074641",2024,"Uitsluitend materiele schade",2,"Personenauto","Fiets","Flank","Rechte weg",50,"Niet brandend","Daglicht","Droog",\N,\N,"Verlengde Visserstraat","Groningen","Groningen","Groningen",false,53.218232,6.554975,"material damage only","4","clear",false,1,"GM0014"
"20240081680",2024,"Letsel",2,"Snorfiets","Fiets","Flank","Rechte weg",\N,"Niet brandend","Daglicht","Droog",\N,"600713613","Wagenstraat","Maassluis","Maassluis","Zuid-Holland",false,51.925119,4.250418,"injury","2","clear",false,1,"GM0556"
"20240095697",2024,"Uitsluitend materiele schade",2,"Personenauto","Fiets","Kop/staart","Kruispunt, 4 takken",50,"Niet brandend","Daglicht","Droog",\N,\N,"Wilhelminalaan","Baarn","Baarn","Utrecht",false,52.211947,5.274198,"material damage only","4","clear",false,1,"GM0308"
"20240049094",2024,"Letsel",1,"Fiets",\N,"Flank","Rechte weg",50,"Niet brandend","Daglicht","Droog",\N,"600636807","Hoofdstraat","Overdinkel","Losser","Overijssel",false,52.245904,7.028602,"injury","2","clear",false,1,"GM0168"
"20240086259",2024,"Uitsluitend materiele schade",2,"Bromfiets","Fiets","Flank","Kruispunt, 4 takken",50,"Niet brandend","Daglicht","Droog",\N,\N,"Henri Dunantlaan","Nieuwegein","Nieuwegein","Utrecht",false,52.008714,5.093022,"material damage only","4","clear",false,1,"GM0356"
"20240087585",2024,"Letsel",2,"Fiets","Fiets","Onbekend","Rechte weg",60,"Niet brandend","Daglicht","Droog",\N,"600873797","Ypeloweg","Enter","Wierden","Overijssel",false,52.31828,6.596633,"injury","2","clear",false,1,"GM0189"
"20240092977",2024,"Letsel",2,"Personenauto","Fiets","Flank","Kruispunt, 4 takken",80,"Niet brandend","Daglicht","Droog",\N,\N,"FIETSPAD","Helmond","Helmond","Noord-Brabant",false,51.489873,5.712461,"injury","2","clear",false,1,"GM0794"
"20240043318",2024,"Letsel",2,"Snorfiets","Fiets","Frontaal","Kruispunt, 4 takken",50,"Niet brandend","Daglicht","Regen",\N,"154306061","Oude Haagweg","'s-Gravenhage","'s-Gravenhage","Zuid-Holland",false,52.061192,4.25665,"injury","2","rain",false,1,"GM0518"
"20240043973",2024,"Uitsluitend materiele schade",2,"Personenauto","Fiets","Flank","Rotonde",50,"Niet brandend","Daglicht","Droog",\N,\N,"van Tuldenstraat","Oirschot","Oirschot","Noord-Brabant",false,51.505771,5.314783,"material damage only","4","clear",false,1,"GM0823"
"20240049768",2024,"Letsel",2,"Fiets","Bestelauto","Flank","Rechte weg",50,"Niet brandend","Daglicht","Droog",\N,\N,"Nieuveens Jaagpad","Vrouwenakker","Nieuwkoop","Zuid-Holland",false,52.228405,4.78382,"injury","2","clear",false,1,"GM0569"
"20240075747",2024,"Uitsluitend materiele schade",2,"Personenauto","Fiets","Onbekend","Kruispunt, 4 takken",50,"Niet brandend","Daglicht","Droog",\N,\N,"Westroijensestraat","Tiel","Tiel","Gelderland",false,51.898735,5.4351,"material damage only","4","clear",false,1,"GM0281"
"20240079813",2024,"Uitsluitend materiele schade",2,"Personenauto","Fiets","Flank","Rotonde",50,"Brandend","Duisternis","Regen",\N,\N,"Duitslandlaan","Heemskerk","Heemskerk","Noord-Holland",false,52.496583,4.678759,"material damage only","4","rain",false,1,"GM0396"
"20240086956",2024,"Letsel",2,"Personenauto","Fiets","Frontaal","Kruispunt, 3 takken",30,"Niet brandend","Daglicht","Droog",\N,\N,"Snelliuslaan","Hilversum","Hilversum","Noord-Holland",false,52.238289,5.177744,"injury","2","clear",false,1,"GM0402"
"20240088937",2024,"Letsel",2,"Fiets","Personenauto","Flank","Rechte weg",30,"Brandend","Duisternis","Droog",\N,"246375008","Kattenburgerstraat","Amsterdam","Amsterdam","Noord-Holland",false,52.375123,4.921215,"injury","2","clear",false,1,"GM0363"
"20240090860",2024,"Uitsluitend materiele schade",2,"Personenauto","Fiets","Flank","Kruispunt, 4 takken",30,"Brandend","Daglicht","Regen",\N,\N,"Kruisvaardersstraat","Tilburg","Tilburg","Noord-Brabant",false,51.550306,5.099151,"material damage only","4","rain",false,1,"GM0855"
"20240093021",2024,"Uitsluitend materiele schade",1,"Fiets",\N,"Frontaal","Rechte weg",\N,"Niet brandend","Daglicht","Droog",\N,"317163057","Nelson Mandelapark","Eindhoven","Eindhoven","Noord-Brabant",false,51.425083,5.438231,"material damage only","4","clear",false,1,"GM0772"
"20240096331",2024,"Uitsluitend materiele schade",2,"Personenauto","Fiets","Onbekend","Rechte weg",30,"Niet brandend","Daglicht","Droog",\N,"322404009","Wold 12","Lelystad","Lelystad","Flevoland",false,52.506276,5.4803,"material damage only","4","clear",false,1,"GM0995"
"20240096338",2024,"Letsel",2,"Personenauto","Fiets","Flank","Rotonde",50,"Brandend","Duisternis","Droog",\N,\N,"Baronieweg","IJsselstein","IJsselstein","Utrecht",false,52.014676,5.048603,"injury","2","clear",false,1,"GM0353"
"20240044656",2024,"Uitsluitend materiele schade",2,"Personenauto","Fiets","Flank","Rotonde",50,"Niet brandend","Daglicht","Regen",\N,\N,"Geldropseweg","Mierlo","Geldrop-Mierlo","Noord-Brabant",false,51.444678,5.613555,"material damage only","4","rain",false,1,"GM1771"
"20240046834",2024,"Uitsluitend materiele schade",2,"Personenauto","Fiets","Onbekend","Kruispunt, 4 takken",50,"Niet brandend","Daglicht","Droog",\N,\N,"Stationsplein","Zevenaar","Zevenaar","Gelderland",false,51.922066,6.075057,"material damage only","4","clear",false,1,"GM0299"
"20240049200",2024,"Letsel",2,"Bus","Fiets","Kop/staart","Rechte weg",50,"Niet brandend","Daglicht","Droog","Bus-/Tramhalte","378288017","Utrechtseweg","Arnhem","Arnhem","Gelderland",false,51.984501,5.886084,"injury","2","clear",false,1,"GM0202"
"20240077453",2024,"Letsel",2,"Fiets","Fiets","Onbekend","Rechte weg",60,"Niet brandend","Daglicht","Droog",\N,"242305002","Haardijk","Linschoten","Montfoort","Utrecht",false,52.067657,4.896759,"injury","2","clear",false,1,"GM0335"
"20240078096",2024,"Letsel",2,"Fiets","Fiets","Onbekend","Rechte weg",30,"Brandend","Duisternis","Droog",\N,"450408078","Varsenerstraat","Ommen","Ommen","Overijssel",false,52.519758,6.42156,"injury","2","clear",false,1,"GM0175"
"20240086332",2024,"Uitsluitend materiele schade",1,"Fiets",\N,"Onbekend","Rechte weg",\N,"Niet brandend","Daglicht","Droog",\N,"238337037","Bucho van Montzimastraat","Mijdrecht","De Ronde Venen","Utrecht",false,52.204433,4.864695,"material damage only","4","clear",false,1,"GM0736"
"20240089623",2024,"Letsel",2,"Bestelauto","Fiets","Flank","Kruispunt, 3 takken",50,"Niet brandend","Daglicht","Droog",\N,"600188332","Weststraat","Den Helder","Den Helder","Noord-Holland",false,52.963619,4.767926,"injury","2","clear",false,1,"GM0400"
"20240102051",2024,"Letsel",3,\N,"Fiets","Dier","Rechte weg",60,"Niet aanwezig","Daglicht","Droog",\N,\N,"Stammenderweg","Puth","Beekdaelen","Limburg",false,50.945893,5.864749,"injury","2","clear",false,1,"GM1954"
"20240102351",2024,"Uitsluitend materiele schade",2,"Personenauto","Fiets","Flank","Kruispunt, 3 takken",50,"Niet brandend","Daglicht","Droog",\N,\N,"Willem van Esterenweg","Escharen","Land van Cuijk","Noord-Brabant",false,51.748112,5.746318,"material damage only","4","clear",false,1,"GM1982"
"20240102890",2024,"Dodelijk",2,"Personenauto","Fiets","Flank","Kruispunt, 3 takken",50,"Niet brandend","Daglicht","Droog",\N,\N,"Zwartrijt","Berkel-Enschot","Tilburg","Noord-Brabant",false,51.575029,5.128967,"fatal","1","clear",false,1,"GM0855"
"20240102928",2024,"Uitsluitend materiele schade",1,"Fiets",\N,"Eenzijdig","Kruispunt, 3 takken",60,"Niet brandend","Daglicht","Droog",\N,\N,"Busschoor","Hulsel","Reusel-De Mierden","Noord-Brabant",false,51.381963,5.174419,"material damage only","4","clear",false,1,"GM1667"
"20240046244",2024,"Letsel",2,"Fiets","Overig vast object","Vast voorwerp","Bocht",30,"Brandend","Duisternis","Droog",\N,\N,"Verlengde Lodewijkstraat","Groningen","Groningen","Groningen",false,53.205624,6.584463,"injury","2","clear",false,1,"GM0014"
"20240049864",2024,"Letsel",2,"Personenauto","Fiets","Flank","Kruispunt, 4 takken",50,"Niet brandend","Daglicht","Droog",\N,\N,"Rijklof van Goensstraat","'s-Gravenhage","'s-Gravenhage","Zuid-Holland",false,52.086772,4.33656,"injury","2","clear",false,1,"GM0518"
"20240049882",2024,"Uitsluitend materiele schade",2,"Personenauto","Fiets","Frontaal","Rechte weg",30,"Niet aanwezig","Daglicht","Droog",\N,"158315038","Kanaalweg","'s-Gravenhage","'s-Gravenhage","Zuid-Holland",false,52.101371,4.2828,"material damage only","4","clear",false,1,"GM0518"
"20240071010",2024,"Letsel",2,"Bromfiets","Fiets","Frontaal","Rechte weg",30,"Niet brandend","Daglicht","Droog",\N,"164296072","Van Rijnweg","Rijswijk","Rijswijk","Zuid-Holland",false,52.018213,4.326998,"injury","2","clear",false,1,\N
"20240094033",2024,"Letsel",2,"Motor","Fiets","Flank","Rechte weg",60,"Niet aanwezig","Daglicht","Droog",\N,"450353050","Beusebergerweg","Holten","Rijssen-Holten","Overijssel",false,52.275743,6.418274,"injury","2","clear",false,1,"GM1742"
"20240102616",2024,"Uitsluitend materiele schade",2,"Bestelauto","Fiets","Flank","Rechte weg",50,"Brandend","Duisternis","Droog",\N,"420149070","Leutherweg","Venlo","Venlo","Limburg",false,51.358049,6.183407,"material damage only","4","clear",false,1,"GM0983"
"20240102806",2024,"Letsel",2,"Personenauto","Fiets","Flank","Kruispunt, 3 takken",50,"Niet brandend","Daglicht","Droog",\N,\N,"Raadhuisstraat","Hulsberg","Beekdaelen","Limburg",false,50.883343,5.851175,"injury","2","clear",false,1,"GM1954"
"20240098792",2024,"Letsel",2,"Personenauto","Fiets","Flank","Rechte weg",50,"Niet aanwezig","Daglicht","Droog",\N,"600784028","De Aanloop","Grootebroek","Stede Broec","Noord-Holland",false,52.69266,5.219483,"injury","2","clear",false,1,"GM0532"
"20240099133",2024,"Uitsluitend materiele schade",2,"Personenauto","Fiets","Flank","Kruispunt, 4 takken",50,"Niet brandend","Daglicht","Droog",\N,\N,"Aalsmeerderweg","Rijsenhout","Haarlemmermeer","Noord-Holland",false,52.26109,4.708038,"material damage only","4","clear",false,1,"GM0394"
"20240043420",2024,"Letsel",2,"Fiets","Overig vast object","Vast voorwerp","Rechte weg",\N,"Niet brandend","Daglicht","Droog",\N,"154310009","Sportlaan","'s-Gravenhage","'s-Gravenhage","Zuid-Holland",false,52.078904,4.256845,"injury","2","clear",false,1,"GM0518"
"20240078150",2024,"Uitsluitend materiele schade",2,"Personenauto","Fiets","Flank","Kruispunt, 4 takken",50,"Niet brandend","Daglicht","Droog",\N,\N,"Zwolseweg","Deventer","Deventer","Overijssel",false,52.263294,6.145048,"material damage only","4","clear",false,1,"GM0150"
"20240094056",2024,"Letsel",2,"Bestelauto","Fiets","Onbekend","Kruispunt, 3 takken",50,"Niet brandend","Daglicht","Droog",\N,\N,"Leusinkweg","Losser","Losser","Overijssel",false,52.249298,7.009429,"injury","2","clear",false,1,"GM0168"
"20240094892",2024,"Letsel",2,"Bestelauto","Fiets","Flank","Kruispunt, 3 takken",30,"Niet aanwezig","Daglicht","Droog",\N,\N,"Jachthavenstraat","Sneek","Súdwest-Fryslân","Friesland",false,53.034444,5.670467,"injury","2","clear",false,1,"GM1900"
"20240048692",2024,"Uitsluitend materiele schade",2,"Personenauto","Fiets","Flank","Rechte weg",50,"Niet brandend","Daglicht","Droog",\N,"281341052","Groest","Hilversum","Hilversum","Noord-Holland",false,52.223281,5.177748,"material damage only","4","clear",false,1,"GM0402"
"20240074210",2024,"Uitsluitend materiele schade",1,"Fiets",\N,"Onbekend","Rechte weg",30,"Niet brandend","Daglicht","Droog",\N,\N,"Schroeweg","Middelburg","Middelburg","Zeeland",false,51.493114,3.615129,"material damage only","4","clear",false,1,\N
"20240090392",2024,"Letsel",1,"Fiets",\N,"Onbekend",\N,50,\N,"Daglicht",\N,\N,"262190100","Beeklaan","Tilburg","Tilburg","Noord-Brabant",false,51.544279,5.045105,"injury","2","unknown",false,1,"GM0855"
"20240098986",2024,"Letsel",1,"Fiets",\N,"Onbekend","Rechte weg",\N,"Brandend","Duisternis","Droog",\N,"222436029","Oude Kanaaldijk","Alkmaar","Alkmaar","Noord-Holland",false,52.648472,4.74375,"injury","2","clear",false,1,"GM0361"
"20240099078",2024,"Uitsluitend materiele schade",2,"Personenauto","Fiets","Flank","Kruispunt, 4 takken",80,"Niet brandend","Daglicht","Droog",\N,"217349026","Bennebroekerweg","Rijsenhout","Haarlemmermeer","Noord-Holland",false,52.260656,4.708842,"material damage only","4","clear",false,1,"GM0394"
"20240099525",2024,"Uitsluitend materiele schade",2,"Personenauto","Fiets","Flank","Kruispunt, 4 takken",50,"Niet brandend","Daglicht","Droog",\N,\N,"Ringbaan-Oost","Tilburg","Tilburg","Noord-Brabant",false,51.556196,5.105093,"material damage only","4","clear",false,1,"GM0855"
"20240099631",2024,"Letsel",1,"Fiets",\N,"Onbekend",\N,\N,\N,"Duisternis",\N,\N,"600909842","Eendrachtsweg","Rotterdam","Rotterdam","Zuid-Holland",false,51.912094,4.477278,"injury","2","unknown",false,1,"GM0599"
"20240100041",2024,"Letsel",2,"Personenauto","Fiets","Flank","Kruispunt, 4 takken",50,"Niet brandend","Daglicht","Droog",\N,"114282001","Prinses Máximaweg","Maasvlakte Rotterdam","Rotterdam","Zuid-Holland",false,51.961436,3.963994,"injury","2","clear",false,1,"GM0599"
"20240100200",2024,"Uitsluitend materiele schade",2,"Personenauto","Fiets","Flank","Rechte weg",30,"Brandend","Duisternis","Droog",\N,"600361746","Van Brienenoordstraat","Rotterdam","Rotterdam","Zuid-Holland",false,51.897338,4.542719,"material damage only","4","clear",false,1,"GM0599"
"20240045699",2024,"Letsel",2,"Personenauto","Fiets","Flank","Kruispunt, 3 takken",30,"Niet brandend","Daglicht","Droog",\N,\N,"Kulturweide","Babberich","Zevenaar","Gelderland",false,51.90586,6.116546,"injury","2","clear",false,1,"GM0299"
"20240045738",2024,"Uitsluitend materiele schade",2,"Snorfiets","Fiets","Flank","Rechte weg",30,"Niet brandend","Daglicht","Droog",\N,"601034638","De Ontvangst","Apeldoorn","Apeldoorn","Gelderland",false,52.217596,6.004989,"material damage only","4","clear",false,1,"GM0200"
"20240072764",2024,"Letsel",1,"Fiets",\N,"Onbekend","Rechte weg",60,"Niet brandend","Daglicht","Droog",\N,"334183002","Sluisweg","Lieshout","Laarbeek","Noord-Brabant",false,51.515872,5.563914,"injury","2","clear",false,1,"GM1659"
"20240074266",2024,"Uitsluitend materiele schade",2,"Personenauto","Fiets","Kop/staart","Rechte weg",80,"Niet brandend","Daglicht",\N,\N,"600851065","Verlengde Bussereindsewg","Beesel","Beesel","Limburg",false,51.259195,6.069297,"material damage only","4","unknown",false,1,"GM0889"
"20240074937",2024,"Uitsluitend materiele schade",2,"Personenauto","Fiets","Onbekend","Kruispunt, 4 takken",30,"Brandend","Schemer","Droog",\N,\N,"Hellouwlaan","Tiel","Tiel","Gelderland",false,51.877766,5.409795,"material damage only","4","clear",false,1,"GM0281"
"20230176277",2023,"Letsel",2,"Fiets","Personenauto","Los voorwerp","Rechte weg",50,"Brandend","Duisternis","Droog",\N,"601058368","Rijksweg-West","Arnhem","Arnhem","Gelderland",false,51.954594,5.877184,"injury","2","clear",false,1,"GM0202"
"20240085192",2024,"Letsel",2,"Personenauto","Fiets","Frontaal","Rechte weg",30,"Niet brandend","Daglicht","Droog",\N,"467513027","Brink","Assen","Assen","Drenthe",false,52.993057,6.563333,"injury","2","clear",false,1,"GM0106"
"20240087208",2024,"Letsel",2,"Fiets","Bromfiets","Flank","Kruispunt, 3 takken",30,"Niet brandend","Daglicht","Regen",\N,\N,"Vrouwenzandstraat","Purmerend","Purmerend","Noord-Holland",false,52.510612,4.977884,"injury","2","rain",false,1,"GM0439"
"20240095462",2024,"Letsel",3,"Fiets","Landbouwvoertuig","Onbekend","Rechte weg",15,"Niet brandend","Daglicht","Droog","Brug/viaduct","600700192","Schootenweg","Den Helder","Den Helder","Noord-Holland",false,52.947298,4.767262,"injury","2","clear",false,1,"GM0400"
"20240096520",2024,"Uitsluitend materiele schade",2,"Personenauto","Fiets","Flank","Kruispunt, 3 takken",80,"Niet brandend","Daglicht","Droog",\N,\N,"FIETSPAD","Renkum","Renkum","Gelderland",false,51.969957,5.722428,"material damage only","4","clear",false,1,"GM0274"
"20240101152",2024,"Letsel",1,"Fiets",\N,"Eenzijdig","Rechte weg",50,"Niet brandend","Daglicht","Droog",\N,"160310005","Zoutmanstraat","'s-Gravenhage","'s-Gravenhage","Zuid-Holland",false,52.08148,4.29567,"injury","2","clear",false,1,"GM0518"
"20240075983",2024,"Uitsluitend materiele schade",2,"Personenauto","Fiets","Frontaal","Rechte weg",30,"Niet brandend","Daglicht","Droog",\N,"432282011","Generaal Crerarstraat","Doetinchem","Doetinchem","Gelderland",false,51.957823,6.281516,"material damage only","4","clear",false,1,"GM0222"
"20240080894",2024,"Letsel",2,"Personenauto","Fiets","Flank","Rechte weg",30,"Niet brandend","Daglicht","Droog",\N,"600360660","Noorderhavenkade","Rotterdam","Rotterdam","Zuid-Holland",false,51.934614,4.46068,"injury","2","clear",false,1,"GM0599"
"20240084006",2024,"Letsel",2,"Bromfiets","Fiets","Frontaal","Rechte weg",30,"Niet brandend","Daglicht","Droog",\N,\N,"Sporenring","Goirle","Goirle","Noord-Brabant",false,51.53072,5.072014,"injury","2","clear",false,1,"GM0785"
"20230176338",2023,"Letsel",2,"Personenauto","Fiets","Flank","Bocht",15,"Brandend","Schemer","Droog",\N,"600137711","Flight Forum","Eindhoven","Eindhoven","Noord-Brabant",false,51.453467,5.400142,"injury","2","clear",false,1,"GM0772"
"20240089828",2024,"Letsel",2,"Personenauto","Fiets","Flank","Rotonde",50,"Niet brandend","Daglicht","Droog",\N,\N,"Eemsteynstraat","Dordrecht","Dordrecht","Zuid-Holland",false,51.80203,4.680541,"injury","2","clear",false,1,"GM0505"
"20240096009",2024,"Uitsluitend materiele schade",2,"Fiets","Fiets","Flank","Rechte weg",30,"Niet brandend","Daglicht","Droog",\N,\N,"Kerkplein","Breukelen","Stichtse Vecht","Utrecht",false,52.171738,5.001727,"material damage only","4","clear",false,1,"GM1904"
"20240096577",2024,"Letsel",2,"Personenauto","Fiets","Flank","Kruispunt, 4 takken",30,"Niet brandend","Daglicht","Droog",\N,\N,"Bijleveldsingel","Nijmegen","Nijmegen","Gelderland",false,51.842421,5.869456,"injury","2","clear",false,1,"GM0268"
"20240100247",2024,"Uitsluitend materiele schade",2,"Personenauto","Fiets","Onbekend","Rechte weg",30,"Niet brandend","Daglicht","Droog",\N,"209246019","Patersweg","Dordrecht","Dordrecht","Zuid-Holland",false,51.79731,4.662848,"material damage only","4","clear",false,1,"GM0505"
"20240101208",2024,"Letsel",2,"Personenauto","e-bike","Onbekend","Rotonde",60,"Niet brandend","Daglicht","Droog",\N,\N,"Burgemeester vd Goeslaan","De Lier","Westland","Zuid-Holland",false,51.978456,4.268142,"injury","2","clear",false,1,"GM1783"
"20240076023",2024,"Uitsluitend materiele schade",2,"Personenauto","Fiets","Flank","Kruispunt, 3 takken",30,"Niet brandend","Daglicht","Droog",\N,\N,"Aquamarijnstraat","Apeldoorn","Apeldoorn","Gelderland",false,52.221525,5.939167,"material damage only","4","clear",false,1,"GM0200"
"20240082030",2024,"Letsel",1,"Fiets",\N,"Eenzijdig","Rechte weg",80,"Niet aanwezig","Daglicht","Droog",\N,"600398236","Rijwielpad Coepelduynen","Noordwijk","Noordwijk","Zuid-Holland",false,52.22583,4.415114,"injury","2","clear",false,1,"GM0575"
"20240101124",2024,"Letsel",2,"Fiets","Fiets","Frontaal","Rechte weg",30,"Brandend","Duisternis","Droog",\N,"601053569","Pelikaanhof","Leiden","Leiden","Zuid-Holland",false,52.161545,4.496891,"injury","2","clear",false,1,"GM0546"
"20240103007",2024,"Uitsluitend materiele schade",2,"Personenauto","e-bike","Frontaal","Kruispunt, 4 takken",30,"Niet aanwezig","Daglicht","Droog",\N,\N,"Kromakker","Rosmalen","'s-Hertogenbosch","Noord-Brabant",false,51.717515,5.379014,"material damage only","4","clear",false,1,"GM0796"
"20240103166",2024,"Letsel",3,"Personenauto","Fiets","Onbekend","Kruispunt, 4 takken",60,"Niet aanwezig","Daglicht","Droog",\N,\N,"Bosweg","Siebengewald","Bergen (L)","Limburg",false,51.654783,6.040086,"injury","2","clear",false,1,\N
"20240103167",2024,"Uitsluitend materiele schade",1,"Fiets",\N,"Onbekend","Bocht",\N,"Niet brandend","Daglicht","Droog",\N,"348172039","Vossenbeemd","Helmond","Helmond","Noord-Brabant",false,51.466563,5.664166,"material damage only","4","clear",false,1,"GM0794"
"20240075063",2024,"Letsel",1,"Fiets",\N,"Eenzijdig","Rechte weg",60,"Niet brandend","Daglicht","Droog",\N,"457575003","Wierumerschouwsterweg","Aduard","Westerkwartier","Groningen",false,53.269669,6.500505,"injury","2","clear",false,1,"GM1969"
"20240088608",2024,"Letsel",2,"Personenauto","Fiets","Flank","Kruispunt, 3 takken",50,"Niet aanwezig","Daglicht","Regen",\N,\N,"Schedeldoekshaven","'s-Gravenhage","'s-Gravenhage","Zuid-Holland",false,52.079495,4.324445,"injury","2","rain",false,1,"GM0518"