"accident_id","year","severity_raw","party_count","party1_type","party2_type","accident_type","road_situation","speed_limit_kmh","road_lighting","light_condition_label","weather_raw","infra_type","road_segment_id","street_name","place_name","gemeente_name_raw","province","alcohol_indicated","latitude","longitude","severity_label","severity_code","weather_label","built_up_area","cyclists_involved","gemeente_code"
"20240070612",2024,"Uitsluitend materiele schade",1,"Fiets",\N,"Onbekend","Rechte weg",30,"Niet aanwezig","Daglicht","Droog",\N,"270195015","Kapitein Nemostraat","Tilburg","Tilburg","Noord-Brabant",false,51.568049,5.106186,"material damage only","4","clear",false,1,"GM0855"
"20240075497",2024,"Letsel",2,"Personenauto","Fiets","Flank","Rotonde",30,"Niet brandend","Daglicht","Droog",\N,\N,"Valkseweg","Barneveld","Barneveld","Gelderland",false,52.133263,5.602842,"injury","2","clear",false,1,"GM0203"
"20240091881",2024,"Letsel",2,"Bromfiets","Fiets","Frontaal","Rotonde",50,"Niet brandend","Daglicht","Droog",\N,\N,"Randweg","Boekel","Boekel","Noord-Brabant",false,51.589413,5.677038,"injury","2","clear",false,1,"GM0755"
"20240050199",2024,"Letsel",1,"Fiets",\N,"Eenzijdig","Bocht",30,"Niet brandend","Daglicht","Regen",\N,"202284116","Kerkepad","Nieuwerkerk aan den IJssel","Zuidplas","Zuid-Holland",false,51.965227,4.608146,"injury","2","rain",false,1,"GM1892"
"20240075116",2024,"Uitsluitend materiele schade",2,"Personenauto","e-bike","Flank","Kruispunt, 4 takken",50,"Niet brandend","Daglicht","Regen",\N,\N,"Lou Bandystraat","Arnhem","Arnhem","Gelderland",false,51.93989,5.899399,"material damage only","4","rain",false,1,"GM0202"
"20240078434",2024,"Uitsluitend materiele schade",2,"Fiets","Overig vast object","Vast voorwerp","Bocht",30,"Niet brandend","Daglicht","Droog",\N,"332358007","Palmbosweg","Ermelo","Ermelo","Gelderland",false,52.303576,5.5558,"material damage only","4","clear",false,1,"GM0233"
"20230048959",2023,"Uitsluitend materiele schade",1,"Fiets",\N,"Eenzijdig","Rechte weg",15,"Niet brandend","Daglicht","Droog",\N,"600748180","Bloemendaalseweg","Gouda","Gouda","Zuid-Holland",false,52.026538,4.70333,"material damage only","4","clear",false,1,"GM0513"
"20230055308",2023,"Uitsluitend materiele schade",2,"Personenauto","Fiets","Geparkeerd voertuig","Rechte weg",30,"Niet brandend","Daglicht","Regen",\N,"467558036","Nicolaas Beetsstraat","Groningen","Groningen","Groningen",false,53.19429,6.565515,"material damage only","4","rain",false,1,"GM0014"
"20230061438",2023,"Uitsluitend materiele schade",2,"Fiets","Personenauto","Flank","Kruispunt, 4 takken",50,"Niet brandend","Daglicht","Regen",\N,\N,"Steegoversloot","Dordrecht","Dordrecht","Zuid-Holland",false,51.815085,4.673176,"material damage only","4","rain",false,1,"GM0505"
"20240127113",2024,"Uitsluitend materiele schade",2,"Personenauto","Fiets","Flank","Kruispunt, 4 takken",30,"Niet brandend","Daglicht","Droog",\N,\N,"Zijpestraat","Deventer","Deventer","Overijssel",false,52.255822,6.185606,"material damage only","4","clear",false,1,"GM0150"
"20230063466",2023,"Letsel",2,"Fiets","Bromfiets","Onbekend","Rechte weg",50,"Niet brandend","Daglicht","Droog",\N,"600567969","Professor Duboisweg","Haelen","Leudal","Limburg",false,51.232854,5.91043,"injury","2","clear",false,1,"GM1640"
"20230064658",2023,"Letsel",2,"Personenauto","Fiets","Flank","Kruispunt, 4 takken",50,"Niet brandend","Daglicht","Droog",\N,\N,"J. Hugeslaan","Gasselte","Aa en Hunze","Drenthe",false,52.976204,6.792345,"injury","2","clear",false,1,"GM1680"
"20230043712",2023,"Uitsluitend materiele schade",2,"Personenauto","Fiets","Flank","Kruispunt, 3 takken",30,"Niet brandend","Daglicht","Droog",\N,\N,"Stationsstraat","Elsloo","Stein","Limburg",false,50.946708,5.766426,"material damage only","4","clear",false,1,\N
"20230044884",2023,"Uitsluitend materiele schade",2,"Personenauto","Fiets","Flank","Kruispunt, 3 takken",30,"Niet brandend","Daglicht","Droog",\N,\N,"Oude Klapstraat","Wijchen","Wijchen","Gelderland",false,51.80842,5.720537,"material damage only","4","clear",false,1,"GM0296"
"20230050131",2023,"Letsel",3,"Bromfiets","Fiets","Onbekend","Kruispunt, 3 takken",50,"Niet brandend","Daglicht","Droog",\N,\N,"Alexander Fleminglaan","Delft","Delft","Zuid-Holland",false,52.014743,4.337184,"injury","2","clear",false,1,"GM0503"
"20230039120",2023,"Letsel",2,"Bromfiets","Fiets","Frontaal","Rechte weg",50,"Niet brandend","Daglicht","Droog",\N,"185272079","Vasteland","Rotterdam","Rotterdam","Zuid-Holland",false,51.911849,4.481581,"injury","2","clear",false,1,"GM0599"
"20230047859",2023,"Uitsluitend materiele schade",2,"Fiets","Fiets","Flank","Kruispunt, 3 takken",30,"Niet brandend","Daglicht","Droog",\N,\N,"Bataviastraat","Almere","Almere","Flevoland",false,52.40829,5.297826,"material damage only","4","clear",false,1,"GM0034"
"20230051341",2023,"Letsel",2,"Personenauto","Fiets","Flank","Kruispunt, 3 takken",30,"Niet brandend","Daglicht","Droog",\N,\N,"Pr W Alexander Sportprk","Veghel","Meierijstad","Noord-Brabant",false,51.626363,5.537835,"injury","2","clear",false,1,"GM1948"
"20230058767",2023,"Uitsluitend materiele schade",2,"Bestelauto","Fiets","Flank","Kruispunt, 4 takken",30,"Niet aanwezig","Daglicht","Droog",\N,\N,"Grote Markt","'s-Gravenhage","'s-Gravenhage","Zuid-Holland",false,52.075536,4.30949,"material damage only","4","clear",false,1,"GM0518"
"20230059126",2023,"Letsel",2,"Personenauto","e-bike","Frontaal","Kruispunt, 3 takken",50,"Niet brandend","Daglicht","Droog",\N,\N,"Meer en Vaart","Amsterdam","Amsterdam","Noord-Holland",false,52.358326,4.808109,"injury","2","clear",false,1,"GM0363"
"20230060024",2023,"Letsel",2,"Personenauto","e-bike","Flank","Rotonde",50,"Niet brandend","Daglicht","Regen",\N,\N,"Geestersingel","Alkmaar","Alkmaar","Noord-Holland",false,52.634979,4.739729,"injury","2","rain",false,1,"GM0361"
"20230061551",2023,"Letsel",1,"Fiets",\N,"Eenzijdig","Rechte weg",60,"Niet aanwezig","Duisternis","Droog",\N,"226279010","Opweg","Bergambacht","Krimpenerwaard","Zuid-Holland",false,51.947372,4.780431,"injury","2","clear",false,1,"GM1931"
"20240127067",2024,"Letsel",2,"Personenauto","Fiets","Flank","Rotonde",50,"Niet brandend","Daglicht","Regen",\N,\N,"Esstraat","Lichtenvoorde","Oost Gelre","Gelderland",false,51.989965,6.5669,"injury","2","rain",false,1,"GM1586"
"20240131495",2024,"Letsel",2,"Vrachtauto","Fiets","Flank","Kruispunt, 4 takken",50,"Niet brandend","Daglicht","Droog",\N,\N,"Einsteinstraat","Alkmaar","Alkmaar","Noord-Holland",false,52.62715,4.766735,"injury","2","clear",false,1,"GM0361"
"20230042588",2023,"Uitsluitend materiele schade",2,"Personenauto","Fiets","Flank","Kruispunt, 3 takken",60,"Niet brandend","Daglicht","Droog",\N,\N,"Heikantstraat","Budel","Cranendonck","Noord-Brabant",false,51.264059,5.593581,"material damage only","4","clear",false,1,"GM1706"
"20230043197",2023,"Letsel",2,"Bromfiets","Fiets","Flank","Kruispunt, 4 takken",50,"Niet aanwezig","Daglicht","Droog",\N,\N,"Academielaan","Tilburg","Tilburg","Noord-Brabant",false,51.560637,5.056731,"injury","2","clear",false,1,"GM0855"
"20230043781",2023,"Uitsluitend materiele schade",2,"Personenauto","Fiets","Flank","Rechte weg",60,"Niet brandend","Daglicht","Droog",\N,"268248004","Burgemeester Posweg","Brakel","Zaltbommel","Gelderland",false,51.808453,5.087611,"material damage only","4","clear",false,1,"GM0297"
"20230060519",2023,"Uitsluitend materiele schade",2,"Fiets","Personenauto","Onbekend","Bocht",15,"Niet brandend","Daglicht","Regen",\N,"264218017","Wim Sonneveldstraat","Waalwijk","Waalwijk","Noord-Brabant",false,51.672237,5.059161,"material damage only","4","rain",false,1,"GM0867"
"20240132629",2024,"Uitsluitend materiele schade",2,"Personenauto","Fiets","Onbekend","Kruispunt, 3 takken",30,"Niet brandend","Daglicht","Droog",\N,\N,"Kempstraat","'s-Gravenhage","'s-Gravenhage","Zuid-Holland",false,52.065512,4.294067,"material damage only","4","clear",false,1,"GM0518"
"20230041480",2023,"Uitsluitend materiele schade",2,"Personenauto","Fiets","Onbekend","Kruispunt, 4 takken",50,"Niet brandend","Daglicht","Droog",\N,\N,"Ruwe Putten","Helmond","Helmond","Noord-Brabant",false,51.48033,5.607196,"material damage only","4","clear",false,1,"GM0794"
"20230047938",2023,"Letsel",2,"Personenauto","Fiets","Flank","Kruispunt, 4 takken",50,"Niet brandend","Daglicht","Droog",\N,\N,"Breestraat","Beverwijk","Beverwijk","Noord-Holland",false,52.48334,4.660305,"injury","2","clear",false,1,"GM0375"
"20230050815",2023,"Letsel",2,"Fiets","Fiets","Frontaal","Rechte weg",80,"Niet aanwezig","Daglicht","Droog",\N,"600398236","Rijwielpad Coepelduynen","Noordwijk","Noordwijk","Zuid-Holland",false,52.22583,4.415114,"injury","2","clear",false,1,"GM0575"
"20230063990",2023,"Uitsluitend materiele schade",1,"Fiets",\N,"Flank","Kruispunt, 4 takken",30,"Brandend","Daglicht","Regen",\N,\N,"Dirk Staalweg","Ermelo","Ermelo","Gelderland",false,52.297866,5.623294,"material damage only","4","rain",false,1,"GM0233"
"20240133171",2024,"Uitsluitend materiele schade",2,"Personenauto","Fiets","Frontaal","Kruispunt, 3 takken",30,"Niet brandend","Daglicht","Regen",\N,\N,"Rossinistraat","Delft","Delft","Zuid-Holland",false,51.996297,4.343619,"material damage only","4","rain",false,1,"GM0503"
"20240133243",2024,"Letsel",1,"Fiets",\N,"Onbekend","Rechte weg",60,"Brandend","Duisternis","Droog",\N,"189347001","Leidsevaart","Noordwijkerhout","Noordwijk","Zuid-Holland",false,52.252778,4.509084,"injury","2","clear",false,1,"GM0575"
"20230058894",2023,"Letsel",2,"Personenauto","Fiets","Flank","Rechte weg",50,"Niet brandend","Daglicht","Droog",\N,"166302043","Delftweg","Rijswijk","Rijswijk","Zuid-Holland",false,52.040986,4.344725,"injury","2","clear",false,1,\N
"20230059681",2023,"Uitsluitend materiele schade",3,"Fiets","Fiets","Onbekend","Rechte weg",50,"Niet brandend","Daglicht","Droog",\N,"242369018","Pijnackerstraat","Amsterdam","Amsterdam","Noord-Holland",false,52.350568,4.890499,"material damage only","4","clear",false,1,"GM0363"
"20230063128",2023,"Letsel",2,"Bestelauto","Fiets","Eenzijdig","Rechte weg",60,"Niet brandend","Daglicht","Droog",\N,"370230012","Grotestraat","Beers NB","Land van Cuijk","Noord-Brabant",false,51.725753,5.826397,"injury","2","clear",false,1,"GM1982"
"20240127106",2024,"Uitsluitend materiele schade",2,"Motor","Fiets","Frontaal","Rechte weg",30,"Niet aanwezig","Daglicht","Droog",\N,"380414002","Zegge","Kampen","Kampen","Overijssel",false,52.552435,5.906528,"material damage only","4","clear",false,1,"GM0166"
"20230048631",2023,"Uitsluitend materiele schade",2,"Fiets","Fiets","Kop/staart","Kruispunt, 4 takken",50,"Niet brandend","Daglicht","Droog",\N,\N,"Haarlemmermeerstraat","Amsterdam","Amsterdam","Noord-Holland",false,52.354853,4.850347,"material damage only","4","clear",false,1,"GM0363"
"20230049772",2023,"Letsel",1,"Fiets",\N,"Eenzijdig","Kruispunt, 3 takken",50,"Niet brandend","Daglicht","Droog",\N,\N,"Meloenlaan","'s-Gravenzande","Westland","Zuid-Holland",false,52.013731,4.171047,"injury","2","clear",false,1,"GM1783"
"20230056724",2023,"Letsel",2,"Personenauto","Fiets","Flank","Kruispunt, 4 takken",60,"Brandend","Schemer","Droog",\N,\N,"Bommelsestraat","Ophemert","West Betuwe","Gelderland",false,51.839911,5.353706,"injury","2","clear",false,1,"GM1960"
"20230058600",2023,"Letsel",1,"Fiets",\N,"Eenzijdig","Rechte weg",30,"Niet brandend","Daglicht","Droog",\N,"174315001","Tuinenlaan","Leidschendam","Leidschendam-Voorburg","Zuid-Holland",false,52.105379,4.404256,"injury","2","clear",false,1,"GM1916"
"20230063452",2023,"Letsel",2,"Bromfiets","e-bike","Flank","Kruispunt, 4 takken",50,"Niet brandend","Daglicht","Droog",\N,"600923326","Lage Frontweg","Maastricht","Maastricht","Limburg",false,50.855713,5.682117,"injury","2","clear",false,1,"GM0935"
"20240129127",2024,"Uitsluitend materiele schade",2,"Personenauto","Fiets","Flank","Rotonde",50,"Niet brandend","Daglicht","Droog",\N,\N,"Ir D S Tuijnmanweg","Vianen","Vijfheerenlanden","Utrecht",false,51.989338,5.108797,"material damage only","4","clear",false,1,"GM1961"
"20240130522",2024,"Uitsluitend materiele schade",2,"Fiets","Personenauto","Flank","Bocht",60,"Niet aanwezig","Daglicht","Regen",\N,\N,"Diefdijk","Leerdam","Vijfheerenlanden","Utrecht",false,51.889059,5.11394,"material damage only","4","rain",false,1,"GM1961"
"20240130544",2024,"Uitsluitend materiele schade",2,"Personenauto","Fiets","Onbekend","Rotonde",50,"Niet brandend","Daglicht","Regen",\N,\N,"Garvesingel","Vriezenveen","Twenterand","Overijssel",false,52.413062,6.619149,"material damage only","4","rain",false,1,"GM1700"
"20230038137",2023,"Letsel",2,"Fiets","Personenauto","Flank","Kruispunt, 3 takken",30,"Niet brandend","Daglicht","Droog",\N,\N,"Ringdijk 1e bedijking","Amstelhoek","De Ronde Venen","Utrecht",false,52.229783,4.836628,"injury","2","clear",false,1,"GM0736"
"20230043944",2023,"Uitsluitend materiele schade",2,"Personenauto","e-bike","Flank","Kruispunt, 4 takken",50,"Niet brandend","Daglicht","Droog",\N,\N,"Amersfoortseweg","Nijkerk","Nijkerk","Gelderland",false,52.216179,5.476522,"material damage only","4","clear",false,1,"GM0267"
"20230051514",2023,"Uitsluitend materiele schade",2,"Fiets","Personenauto","Flank","Kruispunt, 4 takken",50,"Niet brandend","Daglicht","Droog",\N,\N,"Philips Vingboonsstraat","Tilburg","Tilburg","Noord-Brabant",false,51.563546,5.077618,"material damage only","4","clear",false,1,"GM0855"
"20230053852",2023,"Uitsluitend materiele schade",2,"Bromfiets","e-bike","Onbekend","Rechte weg",50,"Niet brandend","Daglicht","Droog",\N,"600423647","Het Bat","Maastricht","Maastricht","Limburg",false,50.847563,5.69493,"material damage only","4","clear",false,1,"GM0935"
"20240130729",2024,"Uitsluitend materiele schade",2,"Personenauto","Fiets","Flank","Rechte weg",50,"Niet brandend","Daglicht","Regen",\N,"379289013","Amsterdamseweg","Arnhem","Arnhem","Gelderland",false,51.98821,5.894512,"material damage only","4","rain",false,1,"GM0202"
"20240127260",2024,"Uitsluitend materiele schade",2,"Personenauto","Fiets","Flank","Rechte weg",50,"Niet brandend","Daglicht","Droog",\N,"418433006","Oude Rijksweg","Staphorst","Staphorst","Overijssel",false,52.637123,6.19079,"material damage only","4","clear",false,1,"GM0180"
"20240127490",2024,"Uitsluitend materiele schade",2,"Personenauto","Fiets","Flank","Kruispunt, 4 takken",30,"Niet brandend","Schemer","Droog",\N,\N,"Meerveldlaan","Hoevelaken","Nijkerk","Gelderland",false,52.17602,5.459116,"material damage only","4","clear",false,1,"GM0267"
"20230038181",2023,"Uitsluitend materiele schade",2,"Personenauto","Fiets","Flank","Kruispunt, 3 takken",30,"Niet brandend","Daglicht","Droog",\N,\N,"Jan Steenlaan","Veenendaal","Veenendaal","Utrecht",false,52.021549,5.539091,"material damage only","4","clear",false,1,"GM0345"
"20230045134",2023,"Letsel",1,"Fiets",\N,"Eenzijdig",\N,50,"Niet brandend","Daglicht","Droog",\N,\N,"Erichemsekade","Buren","Buren","Gelderland",false,51.909601,5.330846,"injury","2","clear",false,1,"GM0214"
"20230045745",2023,"Letsel",2,"Fiets","Personenauto","Flank","Kruispunt, 3 takken",50,"Niet brandend","Daglicht","Droog",\N,\N,"Markt","Huissen","Lingewaard","Gelderland",false,51.937385,5.944402,"injury","2","clear",false,1,"GM1705"
"20230048072",2023,"Uitsluitend materiele schade",2,"Fiets","Bestelauto","Flank","Kruispunt, 3 takken",50,"Niet brandend","Daglicht","Droog",\N,\N,"Tramlaan","Steenwijk","Steenwijkerland","Overijssel",false,52.789983,6.120978,"material damage only","4","clear",false,1,"GM1708"
"20230056206",2023,"Uitsluitend materiele schade",2,"Fiets","Fiets","Flank","Rechte weg",\N,"Niet brandend","Daglicht","Droog",\N,"600489485","Maarsseveensevaart","Maarssen","Stichtse Vecht","Utrecht",false,52.143875,5.056125,"material damage only","4","clear",false,1,"GM1904"
"20230064550",2023,"Letsel",1,"Fiets",\N,"Eenzijdig","Bocht",60,"Niet aanwezig","Daglicht","Droog",\N,"394296001","Beekhuizenseweg","Rheden","Rheden","Gelderland",false,52.024362,5.997252,"injury","2","clear",false,1,"GM0275"
"20240127665",2024,"Letsel",2,"Fiets","Personenauto","Onbekend","Rechte weg",80,"Niet brandend","Daglicht","Regen",\N,"345320002","Valkseweg","Barneveld","Barneveld","Gelderland",false,52.13146,5.65203,"injury","2","rain",false,1,"GM0203"
"20240128086",2024,"Letsel",2,"Personenauto","Fiets","Onbekend","Kruispunt, 4 takken",60,"Niet aanwezig","Daglicht","Droog",\N,\N,"Waaldijk","Dreumel","West Maas en Waal","Gelderland",false,51.838803,5.412842,"injury","2","clear",false,1,"GM0668"
"20230037615",2023,"Letsel",2,"Personenauto","Fiets","Flank","Kruispunt, 4 takken",50,"Niet brandend","Daglicht","Droog",\N,\N,"Westtangent","Heerhugowaard","Dijk en Waard","Noord-Holland",false,52.670605,4.830241,"injury","2","clear",false,1,"GM1980"
"20230053364",2023,"Uitsluitend materiele schade",2,"Bestelauto","Fiets","Flank","Kruispunt, 4 takken",100,\N,"Daglicht","Droog",\N,\N,"MADE 32","Oosterhout","Oosterhout","Noord-Brabant",false,51.668109,4.796528,"material damage only","4","clear",false,1,"GM0826"
"20230056839",2023,"Uitsluitend materiele schade",2,"Bestelauto","Fiets","Flank","Rechte weg",15,"Niet brandend","Daglicht","Droog",\N,"386337024","Prins Willem-Alexanderln","Apeldoorn","Apeldoorn","Gelderland",false,52.205821,5.946844,"material damage only","4","clear",false,1,"GM0200"
"20230065917",2023,"Uitsluitend materiele schade",2,"Fiets","Personenauto","Flank","Rotonde",30,"Niet brandend","Daglicht","Droog",\N,\N,"Spoorsingel","Beverwijk","Beverwijk","Noord-Holland",false,52.483251,4.667943,"material damage only","4","clear",false,1,"GM0375"
"20230066050",2023,"Letsel",2,"Personenauto","Fiets","Flank","Kruispunt, 4 takken",30,"Niet brandend","Daglicht","Regen",\N,\N,"Nannie van Wehlstraat","Leiden","Leiden","Zuid-Holland",false,52.154199,4.454396,"injury","2","rain",false,1,"GM0546"
"20230040547",2023,"Letsel",2,"Personenauto","Fiets","Flank","Kruispunt, 3 takken",50,"Niet brandend","Daglicht","Droog",\N,\N,"Madesteinweg","'s-Gravenhage","'s-Gravenhage","Zuid-Holland",false,52.049513,4.222797,"injury","2","clear",false,1,"GM0518"
"20230046966",2023,"Letsel",2,"Personenauto","Fiets","Flank","Kruispunt, 3 takken",30,"Niet brandend","Daglicht",\N,\N,\N,"Balatonmeer","Amersfoort","Amersfoort","Utrecht",false,52.194953,5.415023,"injury","2","unknown",false,1,"GM0307"
"20230050458",2023,"Letsel",1,"Fiets",\N,"Eenzijdig","Bocht",\N,"Niet brandend","Daglicht","Droog",\N,"600734384","Jachthaven","Sassenheim","Teylingen","Zuid-Holland",false,52.2207,4.544862,"injury","2","clear",false,1,"GM1525"
"20230051614",2023,"Uitsluitend materiele schade",2,"Personenauto","e-bike","Flank","Rotonde",50,"Niet brandend","Daglicht","Droog",\N,\N,"Langeweg","Hoek van Holland","Rotterdam","Zuid-Holland",false,51.981661,4.121373,"material damage only","4","clear",false,1,"GM0599"
"20230065812",2023,"Uitsluitend materiele schade",2,"Personenauto","Fiets","Flank","Kruispunt, 4 takken",50,"Niet brandend","Daglicht","Droog",\N,\N,"Oude Molenweg","Nijmegen","Nijmegen","Gelderland",false,51.819403,5.844509,"material damage only","4","clear",false,1,"GM0268"
"20230039995",2023,"Letsel",2,"Personenauto","Fiets","Flank","Kruispunt, 4 takken",50,"Niet brandend","Daglicht","Droog",\N,\N,"Klaverveld","'s-Gravenhage","'s-Gravenhage","Zuid-Holland",false,52.06875,4.405758,"injury","2","clear",false,1,"GM0518"
"20230060815",2023,"Letsel",2,"Fiets","Snorfiets","Flank","Kruispunt, 4 takken",50,"Niet brandend","Daglicht","Droog",\N,\N,"Melanchtonweg","Rotterdam","Rotterdam","Zuid-Holland",false,51.9485,4.465012,"injury","2","clear",false,1,"GM0599"
"20230065498",2023,"Uitsluitend materiele schade",2,"Personenauto","Fiets","Flank","Rechte weg",30,"Niet brandend","Daglicht","Droog",\N,"335323005","Staringstraat","Barneveld","Barneveld","Gelderland",false,52.143057,5.571723,"material damage only","4","clear",false,1,"GM0203"
"20230066140",2023,"Letsel",2,"Fiets","Personenauto","Flank","Kruispunt, 4 takken",50,"Niet brandend","Daglicht","Droog",\N,\N,"Overlanderstraat","Purmerend","Purmerend","Noord-Holland",false,52.498988,4.97853,"injury","2","clear",false,1,"GM0439"
"20230066325",2023,"Uitsluitend materiele schade",2,"Personenauto","Fiets","Flank","Kruispunt, 4 takken",50,"Niet brandend","Daglicht","Droog",\N,\N,"Batauweg","Nieuwegein","Nieuwegein","Utrecht",false,52.031223,5.070763,"material damage only","4","clear",false,1,"GM0356"
"20240128478",2024,"Uitsluitend materiele schade",2,"Personenauto","Fiets","Flank","Rechte weg",30,"Niet brandend","Daglicht","Droog",\N,"365506055","Roggemolenstraat","Joure","De Fryske Marren","Friesland",false,52.966188,5.799548,"material damage only","4","clear",false,1,"GM1940"
"20240129342",2024,"Uitsluitend materiele schade",2,"Personenauto","Fiets","Flank","Kruispunt, 4 takken",50,"Niet brandend","Daglicht","Droog",\N,\N,"Neonweg","Almere","Almere","Flevoland",false,52.350923,5.171471,"material damage only","4","clear",false,1,"GM0034"
"20230038899",2023,"Uitsluitend materiele schade",2,"Personenauto","Fiets","Frontaal","Kruispunt, 3 takken",50,"Niet brandend","Daglicht","Regen",\N,\N,"Schieweg","Rotterdam","Rotterdam","Zuid-Holland",false,51.93172,4.467306,"material damage only","4","rain",false,1,"GM0599"
"20230042333",2023,"Uitsluitend materiele schade",2,"Fiets","Bestelauto","Flank","Rotonde",50,"Niet brandend","Daglicht","Droog",\N,\N,"Violierstraat","Uden","Maashorst","Noord-Brabant",false,51.660904,5.626498,"material damage only","4","clear",false,1,"GM1991"
"20230049974",2023,"Uitsluitend materiele schade",2,"Personenauto","Fiets","Flank","Kruispunt, 4 takken",30,"Niet brandend","Schemer","Droog",\N,\N,"Iwan Kantemanplein","Amsterdam","Amsterdam","Noord-Holland",false,52.350061,4.789408,"material damage only","4","clear",false,1,"GM0363"
"20230051116",2023,"Letsel",2,"Snorfiets","Fiets","Flank","Rechte weg",50,"Niet aanwezig","Daglicht","Droog",\N,"600486328","Walcherseweg","Grijpskerke","Veere","Zeeland",false,51.51135,3.579789,"injury","2","clear",false,1,"GM0717"
"20230060853",2023,"Letsel",2,"Personenauto","Fiets","Flank","Kruispunt, 4 takken",50,"Niet brandend","Daglicht","Droog",\N,\N,"K.P. van der Mandelelaan","Rotterdam","Rotterdam","Zuid-Holland",false,51.919069,4.529955,"injury","2","clear",false,1,"GM0599"
"20230066356",2023,"Uitsluitend materiele schade",2,"Personenauto","Fiets","Flank","Kruispunt, 3 takken",50,"Niet brandend","Daglicht","Droog",\N,\N,"Werengouw","Amsterdam","Amsterdam","Noord-Holland",false,52.395998,4.942052,"material damage only","4","clear",false,1,"GM0363"
"20240129653",2024,"Letsel",2,\N,"Fiets","Frontaal","Rechte weg",30,"Brandend","Duisternis","Droog",\N,"483334003","Goorsestraat","Haaksbergen","Haaksbergen","Overijssel",false,52.188015,6.657506,"injury","2","clear",false,1,"GM0158"
"20240130023",2024,"Uitsluitend materiele schade",2,"Personenauto","Fiets","Flank","Rotonde",30,"Niet brandend","Daglicht","Droog",\N,\N,"Leyenseweg","Bilthoven","De Bilt","Utrecht",false,52.126366,5.195168,"material damage only","4","clear",false,1,"GM0310"
"20240131167",2024,"Uitsluitend materiele schade",2,"Personenauto","e-bike","Flank","Kruispunt, 3 takken",50,"Niet brandend","Daglicht","Droog",\N,\N,"Argusvlinderstraat","Aalsmeer","Aalsmeer","Noord-Holland",false,52.281349,4.800101,"material damage only","4","clear",false,1,"GM0358"
"20230038946",2023,"Letsel",2,"Personenauto","Fiets","Flank","Rechte weg",50,\N,"Daglicht","Droog",\N,"174309072","Nieuwstraat","Leidschendam","Leidschendam-Voorburg","Zuid-Holland",false,52.078496,4.399514,"injury","2","clear",false,1,"GM1916"
"20230045298",2023,"Letsel",2,"Bestelauto","e-bike","Flank","Kruispunt, 3 takken",50,"Niet brandend","Daglicht","Droog",\N,\N,"Melksterstraat","Deventer","Deventer","Overijssel",false,52.249995,6.157713,"injury","2","clear",false,1,"GM0150"
"20230045312",2023,"Uitsluitend materiele schade",2,"Fiets","Fiets","Flank","Kruispunt, 4 takken",50,"Niet brandend","Daglicht","Droog",\N,\N,"Berkenlaan","Ede","Ede","Gelderland",false,52.031166,5.670778,"material damage only","4","clear",false,1,"GM0228"
"20230047655",2023,"Letsel",2,"Personenauto","Fiets","Flank","Rotonde",50,"Niet brandend","Daglicht",\N,\N,\N,"Burg Middelweerdbaan","De Meern","Utrecht","Utrecht",false,52.090473,5.02169,"injury","2","unknown",false,1,"GM0344"
"20230049440",2023,"Uitsluitend materiele schade",2,"Personenauto","Fiets","Flank","Rechte weg",50,"Niet brandend","Duisternis",\N,\N,\N,"Vijzelstraat","Amsterdam","Amsterdam","Noord-Holland",false,52.365301,4.892966,"material damage only","4","unknown",false,1,"GM0363"
"20240130921",2024,"Letsel",2,"Bromfiets","Fiets","Onbekend","Kruispunt, 4 takken",60,"Niet brandend","Daglicht","Droog",\N,\N,"Edammerweg","Purmerend","Purmerend","Noord-Holland",false,52.521981,5.011407,"injury","2","clear",false,1,"GM0439"
"20240131402",2024,"Letsel",2,"Motor","Fiets","Flank","Rechte weg",50,"Brandend","Duisternis","Droog",\N,"600751662","Muiderwaard","Alkmaar","Alkmaar","Noord-Holland",false,52.6457,4.746907,"injury","2","clear",false,1,"GM0361"
"20240132398",2024,"Letsel",2,"Bromfiets","Fiets","Frontaal","Bocht",50,"Brandend","Duisternis","Regen",\N,"601059488","Gebroken Meeldijk","Barendrecht","Barendrecht","Zuid-Holland",false,51.85395,4.563756,"injury","2","rain",false,1,"GM0489"
"20240132560",2024,"Letsel",2,"Snorfiets","Fiets","Flank","Rechte weg",50,"Niet brandend","Daglicht","Droog",\N,\N,"Veursestraatweg","Leidschendam","Leidschendam-Voorburg","Zuid-Holland",false,52.101804,4.418041,"injury","2","clear",false,1,"GM1916"
"20230048901",2023,"Uitsluitend materiele schade",2,"Personenauto","Fiets","Flank","Kruispunt, 3 takken",50,"Niet brandend","Daglicht","Droog",\N,\N,"Vijf Meilaan","Leiden","Leiden","Zuid-Holland",false,52.147611,4.477591,"material damage only","4","clear",false,1,"GM0546"
"20230056425",2023,"Letsel",2,"Personenauto","Fiets","Onbekend",\N,50,\N,"Daglicht",\N,\N,"287373079","Hospitaaldreef","Almere","Almere","Flevoland",false,52.370108,5.22133,"injury","2","unknown",false,1,"GM0034"
"20240131657",2024,"Letsel",1,"Fiets",\N,"Onbekend","Rechte weg",30,"Brandend","Duisternis","Droog",\N,"240372138","Marnixstraat","Amsterdam","Amsterdam","Noord-Holland",false,52.36438,4.881119,"injury","2","clear",false,1,"GM0363"