"accident_id","year","severity_raw","party_count","party1_type","party2_type","accident_type","road_situation","speed_limit_kmh","road_lighting","light_condition_label","weather_raw","infra_type","road_segment_id","street_name","place_name","gemeente_name_raw","province","alcohol_indicated","latitude","longitude","severity_label","severity_code","weather_label","built_up_area","cyclists_involved","gemeente_code"
"20240147964",2024,"Uitsluitend materiele schade",2,"Fiets","Personenauto","Flank","Kruispunt, 4 takken",50,"Brandend","Schemer","Mist",\N,\N,"Hoefstraat","Tilburg","Tilburg","Noord-Brabant",false,51.572227,5.089872,"material damage only","4","fog",false,1,"GM0855"
"20240148149",2024,"Uitsluitend materiele schade",2,"Personenauto","Fiets","Flank","Rechte weg",50,"Niet brandend","Daglicht","Droog",\N,"600635843","de Dieze","Best","Best","Noord-Brabant",false,51.492056,5.402618,"material damage only","4","clear",false,1,"GM0753"
"20240148155",2024,"Letsel",2,"Personenauto","Fiets","Flank","Rotonde",50,"Niet brandend","Daglicht","Droog",\N,\N,"Rijksweg Noord","Sittard","Sittard-Geleen","Limburg",false,51.003858,5.865238,"injury","2","clear",false,1,"GM1883"
"20240145105",2024,"Letsel",2,"Fiets","Personenauto","Flank","Kruispunt, 3 takken",60,"Niet brandend","Daglicht","Droog",\N,\N,"Lekdijk","Nieuw-Lekkerland","Molenlanden","Zuid-Holland",false,51.896498,4.725577,"injury","2","clear",false,1,"GM1978"
"20240145126",2024,"Uitsluitend materiele schade",2,"Fiets","Personenauto","Los voorwerp","Kruispunt, 4 takken",50,"Niet brandend","Daglicht","Droog",\N,\N,"Van Groningenstraat","'s-Gravendeel","Hoeksche Waard","Zuid-Holland",false,51.777263,4.615041,"material damage only","4","clear",false,1,"GM1963"
"20240145826",2024,"Letsel",2,"Personenauto","Fiets","Flank","Kruispunt, 3 takken",50,"Brandend","Schemer","Regen",\N,\N,"Marineweg","Alblasserdam","Alblasserdam","Zuid-Holland",false,51.859591,4.659679,"injury","2","rain",false,1,"GM0482"
"20240134952",2024,"Letsel",2,"Fiets","Personenauto","Flank","Rechte weg",30,"Niet brandend","Daglicht","Droog",\N,"207255050","Amandelgaarde","Hendrik-Ido-Ambacht","Hendrik-Ido-Ambacht","Zuid-Holland",false,51.837203,4.642933,"injury","2","clear",false,1,"GM0531"
"20240148290",2024,"Dodelijk",2,"Personenauto","Fiets","Flank","Kruispunt, 4 takken",30,"Niet brandend","Daglicht","Droog",\N,\N,"van Limburg Stirumlaan","Hoogezand","Midden-Groningen","Groningen",false,53.155319,6.741359,"fatal","1","clear",false,1,"GM1952"
"20240145141",2024,"Letsel",2,"Personenauto","Fiets","Flank","Kruispunt, 3 takken",50,"Brandend","Schemer","Droog",\N,"600773900","Grotestraat","Waalwijk","Waalwijk","Noord-Brabant",false,51.691378,5.077684,"injury","2","clear",false,1,"GM0867"
"20240144167",2024,"Uitsluitend materiele schade",1,"Fiets",\N,"Onbekend",\N,\N,\N,"Daglicht",\N,\N,"246380045","Nieuwe Purmerweg","Amsterdam","Amsterdam","Noord-Holland",false,52.398246,4.924293,"material damage only","4","unknown",false,1,"GM0363"
"20240133820",2024,"Letsel",2,"Fiets","Fiets","Onbekend","Kruispunt, 4 takken",50,"Niet brandend","Daglicht","Droog",\N,\N,"Ridder van Catsweg","Gouda","Gouda","Zuid-Holland",false,52.020613,4.708671,"injury","2","clear",false,1,"GM0513"
"20240144212",2024,"Letsel",2,"Personenauto","Fiets","Flank","Kruispunt, 4 takken",30,"Niet brandend","Schemer","Droog",\N,\N,"Heinsiuslaan","Leiderdorp","Leiderdorp","Zuid-Holland",false,52.161881,4.536256,"injury","2","clear",false,1,"GM0547"
"20240144778",2024,"Dodelijk",2,"Fiets","Fiets","Frontaal","Kruispunt, 3 takken",30,"Niet brandend","Daglicht","Droog",\N,\N,"Lelystraat","Breda","Breda","Noord-Brabant",false,51.603526,4.790046,"fatal","1","clear",false,1,"GM0758"
"20240146177",2024,"Letsel",2,"Personenauto","Fiets","Flank","Bocht",30,"Niet brandend","Daglicht","Regen",\N,"178276032","Burg Koningssingel","Rotterdam","Rotterdam","Zuid-Holland",false,51.931194,4.430051,"injury","2","rain",false,1,"GM0599"
"20240146546",2024,"Uitsluitend materiele schade",2,"Personenauto","Fiets","Onbekend","Rechte weg",30,"Niet brandend","Daglicht","Droog",\N,"601174127","Spoorweglaan","Maastricht","Maastricht","Limburg",false,50.848218,5.705508,"material damage only","4","clear",false,1,"GM0935"
"20240136959",2024,"Letsel",3,"Fiets","Bestelauto","Flank","Kruispunt, 4 takken",80,"Brandend","Schemer","Droog",\N,\N,"Kasteelstraat","Oijen","Oss","Noord-Brabant",false,51.809533,5.527245,"injury","2","clear",false,1,"GM0828"
"20240144233",2024,"Letsel",2,"Fiets","Personenauto","Flank","Kruispunt, 4 takken",50,"Niet brandend","Daglicht","Regen",\N,\N,"Dillenburgstraat","Alphen aan den Rijn","Alphen aan den Rijn","Zuid-Holland",false,52.134343,4.652986,"injury","2","rain",false,1,"GM0484"
"20240146998",2024,"Uitsluitend materiele schade",2,"Brommobiel","Fiets","Flank","Rotonde",50,"Niet brandend","Daglicht","Regen/Sneeuw/Hagel",\N,\N,"Brouwerijdreef","Valkenswaard","Valkenswaard","Noord-Brabant",false,51.354699,5.430361,"material damage only","4","unknown",false,1,"GM0858"
"20240138285",2024,"Letsel",2,"Bestelauto","Fiets","Flank",\N,\N,"Brandend","Duisternis","Droog",\N,"517467009","Dingspellaan","Emmen","Emmen","Drenthe",false,52.781139,6.926693,"injury","2","clear",false,1,"GM0114"
"20240007255",2024,"Letsel",2,"Fiets","Fiets","Frontaal","Rechte weg",30,"Brandend","Duisternis","Regen",\N,"600763554","Buiksloterweg","Amsterdam","Amsterdam","Noord-Holland",false,52.382854,4.904589,"injury","2","rain",false,1,"GM0363"
"20240008247",2024,"Letsel",2,"Personenauto","Fiets","Frontaal","Rotonde",50,"Niet aanwezig","Daglicht","Droog",\N,\N,"Paul Captijnlaan","Poeldijk","Westland","Zuid-Holland",false,52.031836,4.225291,"injury","2","clear",false,1,"GM1783"
"20230107517",2023,"Letsel",2,"Fiets","Lichtmast","Vast voorwerp","Rechte weg",30,"Brandend","Duisternis","Droog",\N,"253253188","Hoogstraat","Gorinchem","Gorinchem","Zuid-Holland",false,51.830161,4.976233,"injury","2","clear",false,1,"GM0512"
"20240157728",2024,"Letsel",2,"Bromfiets","e-bike","Flank","Rechte weg",50,"Niet brandend","Daglicht","Droog",\N,\N,"Prov wg Z-Castricum","Koog aan de Zaan","Zaanstad","Noord-Holland",true,52.457415,4.805881,"injury","2","clear",false,1,"GM0479"
"20240000464",2024,"Letsel",2,"Bus","Fiets","Flank","Rechte weg",15,"Niet brandend","Daglicht","Droog",\N,"601041024","Cornelis van Dijckstraat","Pernis Rotterdam","Rotterdam","Zuid-Holland",false,51.887484,4.38637,"injury","2","clear",false,1,"GM0599"
"20230112890",2023,"Letsel",2,"Fiets","Overig vast object","Vast voorwerp","Rechte weg",50,"Niet brandend","Daglicht","Regen",\N,"159308104","Paul Krugerlaan","'s-Gravenhage","'s-Gravenhage","Zuid-Holland",false,52.069422,4.288075,"injury","2","rain",false,1,"GM0518"
"20240012460",2024,"Letsel",2,"Snorfiets","Fiets","Flank","Kruispunt, 3 takken",30,"Niet brandend","Daglicht","Droog",\N,\N,"Haarlemmerweg","Leiden","Leiden","Zuid-Holland",false,52.170169,4.49065,"injury","2","clear",false,1,"GM0546"
"20240012469",2024,"Letsel",1,"Fiets",\N,"Eenzijdig","Kruispunt, 4 takken",30,"Niet brandend","Daglicht","Droog",\N,\N,"Burg Kampschöerstraat","Monster","Westland","Zuid-Holland",false,52.02286,4.176647,"injury","2","clear",false,1,"GM1783"
"20240021536",2024,"Uitsluitend materiele schade",2,"Fiets","Personenauto","Flank","Rechte weg",30,\N,"Daglicht","Droog",\N,"250370030","Carolina MacGillavrylaan","Amsterdam","Amsterdam","Noord-Holland",false,52.355043,4.950098,"material damage only","4","clear",false,1,"GM0363"
"20240153660",2024,"Uitsluitend materiele schade",1,"Fiets",\N,"Onbekend","Kruispunt, 3 takken",30,"Niet brandend","Daglicht","Droog",\N,\N,"Bijsterveldenlaan","Tilburg","Tilburg","Noord-Brabant",false,51.583952,4.988635,"material damage only","4","clear",false,1,"GM0855"
"20230108766",2023,"Letsel",3,"Fiets",\N,"Eenzijdig","Bocht",30,"Brandend","Duisternis","Regen",\N,"600762563","Stationsplein-Noord","Woerden","Woerden","Utrecht",false,52.085387,4.892477,"injury","2","rain",false,1,"GM0632"
"20240005494",2024,"Letsel",2,"Personenauto","Fiets","Flank","Rotonde",50,"Niet brandend","Daglicht","Droog",\N,\N,"Stationsweg","Heiloo","Heiloo","Noord-Holland",false,52.600014,4.703688,"injury","2","clear",false,1,"GM0399"
"20240022742",2024,"Uitsluitend materiele schade",2,"Personenauto","Fiets","Flank","Rechte weg",30,"Niet brandend","Daglicht","Droog",\N,"180271104","Catharina Beersmansstr","Rotterdam","Rotterdam","Zuid-Holland",false,51.90847,4.443197,"material damage only","4","clear",false,1,"GM0599"
"20230110593",2023,"Uitsluitend materiele schade",2,"Snorfiets","Fiets","Flank","Rechte weg",30,"Brandend","Duisternis","Droog",\N,"358237038","Klinkerstraat","Grave","Land van Cuijk","Noord-Brabant",false,51.758889,5.739592,"material damage only","4","clear",false,1,"GM1982"
"20230111189",2023,"Uitsluitend materiele schade",1,"Fiets",\N,"Voetganger","Rechte weg",30,"Brandend","Schemer","Droog",\N,"243371066","Sarphatistraat","Amsterdam","Amsterdam","Noord-Holland",false,52.359844,4.901517,"material damage only","4","clear",false,1,"GM0363"
"20230112361",2023,"Letsel",2,"Personenauto","Fiets","Onbekend","Kruispunt, 4 takken",30,"Brandend","Duisternis","Droog",\N,\N,"Breestraat","Leiden","Leiden","Zuid-Holland",false,52.160219,4.48481,"injury","2","clear",false,1,"GM0546"
"20240001777",2024,"Uitsluitend materiele schade",2,"Fiets","Personenauto","Flank","Kruispunt, 4 takken",50,"Niet brandend","Daglicht","Droog",\N,\N,"Pompenburg","Rotterdam","Rotterdam","Zuid-Holland",false,51.925047,4.479659,"material damage only","4","clear",false,1,"GM0599"
"20240022990",2024,"Letsel",2,"Fiets","Overig vast object","Vast voorwerp","Rechte weg",50,"Niet brandend","Daglicht","Regen",\N,"600607050","Stadhoudersweg","Rotterdam","Rotterdam","Zuid-Holland",false,51.930274,4.439706,"injury","2","rain",false,1,"GM0599"
"20230108278",2023,"Uitsluitend materiele schade",2,"e-bike","Personenauto","Flank","Rotonde",50,"Brandend","Duisternis","Regen",\N,\N,"Molenvlietbaan","Woerden","Woerden","Utrecht",false,52.081508,4.868192,"material damage only","4","rain",false,1,"GM0632"
"20240001794",2024,"Letsel",2,"Fiets","Voetganger","Voetganger","Rechte weg",30,"Niet brandend","Daglicht","Droog",\N,"600589499","Coen Moulijnweg","Rotterdam","Rotterdam","Zuid-Holland",false,51.893781,4.526916,"injury","2","clear",false,1,"GM0599"
"20240001824",2024,"Uitsluitend materiele schade",2,"Personenauto","Fiets","Onbekend","Kruispunt, 4 takken",50,"Niet brandend","Daglicht","Droog",\N,\N,"Berliozlaan","Rotterdam","Rotterdam","Zuid-Holland",false,51.95817,4.51037,"material damage only","4","clear",false,1,"GM0599"
"20240011987",2024,"Letsel",1,"Fiets",\N,"Onbekend","Rechte weg",50,"Niet brandend","Schemer","Droog",\N,"600210124","Lammermarkt","Leiden","Leiden","Zuid-Holland",false,52.163845,4.486777,"injury","2","clear",false,1,"GM0546"
"20240024771",2024,"Uitsluitend materiele schade",2,"Personenauto","Fiets","Flank","Kruispunt, 4 takken",50,"Brandend","Duisternis","Regen",\N,\N,"Walestraat","Stramproy","Weert","Limburg",false,51.194333,5.722943,"material damage only","4","rain",false,1,"GM0988"
"20240024849",2024,"Uitsluitend materiele schade",2,"Bromfiets","Fiets","Frontaal","Rechte weg",50,"Niet brandend","Daglicht","Droog","Brug/viaduct","600585113","Eindhovenseweg","Venlo","Venlo","Limburg",false,51.368753,6.161044,"material damage only","4","clear",false,1,"GM0983"
"20240153770",2024,"Uitsluitend materiele schade",2,"Snorfiets","Fiets","Onbekend","Rechte weg",60,"Brandend","Duisternis","Droog",\N,"255223012","Winterdijk","Sprang-Capelle","Waalwijk","Noord-Brabant",false,51.691748,4.994163,"material damage only","4","clear",false,1,"GM0867"
"20230111839",2023,"Letsel",2,"Bestelauto","Fiets","Eenzijdig","Kruispunt, 3 takken",50,"Niet brandend","Daglicht","Droog",\N,\N,"Tweede Hasselaerstraat","Haarlem","Haarlem","Noord-Holland",false,52.384232,4.627337,"injury","2","clear",false,1,"GM0392"
"20240156113",2024,"Uitsluitend materiele schade",2,"Personenauto","Fiets","Onbekend","Kruispunt, 3 takken",50,"Brandend","Duisternis","Droog",\N,\N,"Gewenten","Roosendaal","Roosendaal","Noord-Brabant",false,51.55191,4.451677,"material damage only","4","clear",false,1,"GM1674"
"20240005677",2024,"Uitsluitend materiele schade",2,"Personenauto","Fiets","Onbekend","Kruispunt, 4 takken",\N,"Brandend","Duisternis","Droog",\N,\N,"Vaartweg","Hilversum","Hilversum","Noord-Holland",false,52.223776,5.153085,"material damage only","4","clear",false,1,"GM0402"
"20240005678",2024,"Letsel",2,"Personenauto","Fiets","Flank","Kruispunt, 4 takken",30,"Niet aanwezig","Schemer","Droog",\N,\N,"Pianoweg","Almere","Almere","Flevoland",false,52.368994,5.18924,"injury","2","clear",false,1,"GM0034"
"20240012092",2024,"Uitsluitend materiele schade",2,"Personenauto","Fiets","Flank","Rechte weg",30,"Brandend","Duisternis","Droog",\N,\N,"2e Binnenvestgracht","Leiden","Leiden","Zuid-Holland",false,52.163831,4.486232,"material damage only","4","clear",false,1,"GM0546"
"20240012100",2024,"Uitsluitend materiele schade",2,"Bestelauto","Fiets","Onbekend","Kruispunt, 4 takken",50,"Niet brandend","Daglicht","Droog",\N,\N,"Goudriaankade","'s-Gravenhage","'s-Gravenhage","Zuid-Holland",false,52.067805,4.32798,"material damage only","4","clear",false,1,"GM0518"
"20240017883",2024,"Letsel",2,"Snorfiets","Fiets","Flank","Kruispunt, 3 takken",30,"Brandend","Daglicht","Droog",\N,\N,"Nieuwedijk","Deventer","Deventer","Overijssel",true,52.264886,6.22689,"injury","2","clear",false,1,"GM0150"
"20240017899",2024,"Uitsluitend materiele schade",3,\N,"Fiets","Dier","Rechte weg",50,"Niet brandend","Daglicht","Droog",\N,"379413068","Havikskruid","Kampen","Kampen","Overijssel",false,52.546097,5.90086,"material damage only","4","clear",false,1,"GM0166"
"20240018598",2024,"Letsel",3,"Personenauto","Fiets","Los voorwerp","Rechte weg",30,"Niet brandend","Daglicht","Droog",\N,"205369013","Raadhuisstraat","Heemstede","Heemstede","Noord-Holland",false,52.3475,4.620363,"injury","2","clear",false,1,"GM0397"
"20240018810",2024,"Uitsluitend materiele schade",2,"Personenauto","Fiets","Flank","Rotonde",30,"Brandend","Duisternis","Droog",\N,\N,"Heijermansstraat","Zaandam","Zaanstad","Noord-Holland",false,52.45772,4.817904,"material damage only","4","clear",false,1,"GM0479"
"20240018971",2024,"Uitsluitend materiele schade",2,"Personenauto","Fiets","Frontaal","Rechte weg",30,"Niet brandend","Daglicht","Droog",\N,"201364010","Zwarteweg","Bennebroek","Bloemendaal","Noord-Holland",false,52.326148,4.590649,"material damage only","4","clear",false,1,"GM0377"
"20240153855",2024,"Letsel",2,"Fiets","Personenauto","Onbekend","Rechte weg",60,"Brandend","Duisternis","Droog",\N,"251258001","Haarweg","Gorinchem","Gorinchem","Zuid-Holland",false,51.849949,4.970026,"injury","2","clear",false,1,"GM0512"
"20230111322",2023,"Uitsluitend materiele schade",2,"Personenauto","e-bike","Frontaal","Kruispunt, 4 takken",50,"Brandend","Duisternis","Droog",\N,\N,"Papaverweg","Amsterdam","Amsterdam","Noord-Holland",false,52.397044,4.905147,"material damage only","4","clear",false,1,"GM0363"
"20230113084",2023,"Letsel",2,"Personenauto","Fiets","Flank","Kruispunt, 4 takken",30,"Niet brandend","Daglicht","Droog",\N,\N,"Westeinde","'s-Gravenhage","'s-Gravenhage","Zuid-Holland",false,52.076003,4.302587,"injury","2","clear",false,1,"GM0518"
"20240009476",2024,"Letsel",2,"Personenauto","Fiets","Flank","Kruispunt, 3 takken",50,"Niet brandend","Daglicht","Droog",\N,\N,"Wilhelminaweg","Dieren","Rheden","Gelderland",false,52.053043,6.095038,"injury","2","clear",false,1,"GM0275"
"20240153228",2024,"Uitsluitend materiele schade",2,"Personenauto","Fiets","Frontaal","Kruispunt, 3 takken",30,"Brandend","Duisternis","Regen",\N,\N,"Statenjachtstraat","Amsterdam","Amsterdam","Noord-Holland",false,52.406072,4.920774,"material damage only","4","rain",false,1,"GM0363"
"20230110192",2023,"Letsel",2,"Personenauto","Fiets","Flank","Rechte weg",50,"Niet brandend","Daglicht","Regen",\N,"148189081","Grindweg","Tholen","Tholen","Zeeland",false,51.536682,4.225314,"injury","2","rain",false,1,"GM0716"
"20240003529",2024,"Uitsluitend materiele schade",2,"Vrachtauto","Fiets","Onbekend","Rotonde",50,"Niet brandend","Daglicht","Droog",\N,\N,"Kierkamperweg","Bennekom","Ede","Gelderland",false,51.994659,5.668393,"material damage only","4","clear",false,1,"GM0228"
"20240010280",2024,"Letsel",2,"Personenauto","Fiets","Flank","Rechte weg",50,"Niet brandend","Daglicht","Regen",\N,"406536001","Zuiderdwarsvaart","Drachten","Smallingerland","Friesland",false,53.098915,6.109449,"injury","2","rain",false,1,"GM0090"
"20240023745",2024,"Letsel",2,"Personenauto","Fiets","Flank","Rotonde",50,"Niet brandend","Daglicht","Droog",\N,\N,"PAPENDRECHT 1","Papendrecht","Papendrecht","Zuid-Holland",false,51.831036,4.707413,"injury","2","clear",false,1,"GM0590"
"20240023750",2024,"Uitsluitend materiele schade",2,"Personenauto","Fiets","Onbekend","Rechte weg",30,"Niet brandend","Daglicht","Regen",\N,"183331011","Rhijngeesterstraatweg","Oegstgeest","Oegstgeest","Zuid-Holland",false,52.178205,4.463458,"material damage only","4","rain",false,1,"GM0579"
"20240022821",2024,"Uitsluitend materiele schade",2,"Snorfiets","Fiets","Kop/staart","Rechte weg",30,"Niet brandend","Daglicht","Droog",\N,"185261017","Carnisser Baan","Barendrecht","Barendrecht","Zuid-Holland",false,51.861198,4.48245,"material damage only","4","clear",false,1,"GM0489"
"20240014829",2024,"Uitsluitend materiele schade",2,"Personenauto","Fiets","Flank","Kruispunt, 4 takken",50,"Brandend","Duisternis","Droog",\N,\N,"Schiekade","Rotterdam","Rotterdam","Zuid-Holland",false,51.926807,4.476054,"material damage only","4","clear",false,1,"GM0599"
"20240012981",2024,"Uitsluitend materiele schade",1,"Fiets",\N,"Eenzijdig","Rechte weg",50,"Brandend","Duisternis","Droog",\N,"163308023","Stationsplein","'s-Gravenhage","'s-Gravenhage","Zuid-Holland",false,52.070353,4.321811,"material damage only","4","clear",false,1,"GM0518"
"20240023207",2024,"Letsel",2,"Bromfiets","Fiets","Flank","Kruispunt, 4 takken",50,"Niet brandend","Daglicht","Droog",\N,\N,"Groene Kruisweg","Rotterdam","Rotterdam","Zuid-Holland",false,51.880274,4.467867,"injury","2","clear",false,1,"GM0599"
"20240023456",2024,"Uitsluitend materiele schade",2,"e-bike","Personenauto","Flank","Rotonde",30,"Niet brandend","Daglicht","Droog",\N,\N,"Middelweg","Barendrecht","Barendrecht","Zuid-Holland",false,51.845949,4.519968,"material damage only","4","clear",false,1,"GM0489"
"20240153314",2024,"Uitsluitend materiele schade",2,"Personenauto","Fiets","Onbekend","Kruispunt, 4 takken",30,"Niet brandend","Daglicht","Droog",\N,\N,"Flierbosdreef","Amsterdam","Amsterdam","Noord-Holland",false,52.314256,4.959008,"material damage only","4","clear",false,1,"GM0363"
"20230112029",2023,"Uitsluitend materiele schade",2,"Personenauto","Fiets","Flank","Rechte weg",30,"Brandend","Schemer","Droog",\N,"243375103","Oudebrugsteeg","Amsterdam","Amsterdam","Noord-Holland",false,52.375256,4.897625,"material damage only","4","clear",false,1,"GM0363"
"20240005258",2024,"Uitsluitend materiele schade",2,"Bestelauto","Fiets","Flank","Kruispunt, 3 takken",50,"Niet brandend","Daglicht","Droog",\N,\N,"Oudewerfslaan","Winschoten","Oldambt","Groningen",false,53.147,7.031707,"material damage only","4","clear",false,1,"GM1895"
"20240012251",2024,"Uitsluitend materiele schade",2,"Bromfiets","Fiets","Frontaal","Rechte weg",80,"Niet aanwezig","Duisternis","Droog",\N,"203336025","Ripselaan","Nieuwe Wetering","Kaag en Braassem","Zuid-Holland",false,52.198385,4.608314,"material damage only","4","clear",false,1,"GM1884"
"20240016018",2024,"Uitsluitend materiele schade",2,"Personenauto","Fiets","Onbekend","Rechte weg",30,"Niet brandend","Daglicht","Droog",\N,\N,"Gildekamp","Cuijk","Land van Cuijk","Noord-Brabant",false,51.732014,5.867182,"material damage only","4","clear",false,1,"GM1982"
"20240154019",2024,"Uitsluitend materiele schade",2,"Personenauto","Fiets","Kop/staart","Rechte weg",50,"Brandend","Duisternis","Droog",\N,"600729959","Goudsesingel","Rotterdam","Rotterdam","Zuid-Holland",false,51.923812,4.495323,"material damage only","4","clear",false,1,"GM0599"
"20240154650",2024,"Letsel",2,"Fiets","Fiets","Frontaal","Rechte weg",30,"Niet brandend","Daglicht","Droog",\N,"184301061","Edelsteensingel","Zoetermeer","Zoetermeer","Zuid-Holland",false,52.040275,4.475247,"injury","2","clear",false,1,"GM0637"
"20240005965",2024,"Uitsluitend materiele schade",2,"Personenauto","Fiets","Flank","Kruispunt, 4 takken",50,"Brandend","Duisternis","Droog",\N,\N,"Weverstraat","Krommenie","Zaanstad","Noord-Holland",false,52.499851,4.765242,"material damage only","4","clear",false,1,"GM0479"
"20230112094",2023,"Letsel",1,"Fiets",\N,"Eenzijdig","Rechte weg",\N,"Niet brandend","Daglicht","Droog",\N,"242376103","De Ruijterkade","Amsterdam","Amsterdam","Noord-Holland",false,52.382427,4.895005,"injury","2","clear",false,1,"GM0363"
"20240156352",2024,"Uitsluitend materiele schade",2,"Bromfiets","Fiets","Flank","Kruispunt, 4 takken",30,"Brandend","Duisternis","Droog",\N,\N,"Marathonloop","Eindhoven","Eindhoven","Noord-Brabant",false,51.476378,5.449465,"material damage only","4","clear",false,1,"GM0772"
"20240005345",2024,"Uitsluitend materiele schade",2,"Fiets","Personenauto","Flank","Rotonde",50,"Niet brandend","Daglicht","Droog",\N,\N,"Nieuweweg","Den Helder","Den Helder","Noord-Holland",false,52.932828,4.756097,"material damage only","4","clear",false,1,"GM0400"
"20240007111",2024,"Uitsluitend materiele schade",1,"Fiets",\N,"Voetganger","Rechte weg",30,"Niet brandend","Daglicht","Regen",\N,"244370011","Weesperzijde","Amsterdam","Amsterdam","Noord-Holland",false,52.353327,4.909829,"material damage only","4","rain",false,1,"GM0363"
"20240018580",2024,"Uitsluitend materiele schade",2,"Personenauto","Fiets","Frontaal","Bocht",50,"Niet brandend","Daglicht","Droog",\N,"230527053","Bernhardlaan","Den Burg","Texel","Noord-Holland",false,53.059677,4.794335,"material damage only","4","clear",false,1,"GM0448"
"20240153457",2024,"Uitsluitend materiele schade",2,"Personenauto","Fiets","Onbekend","Kruispunt, 4 takken",30,"Niet brandend","Daglicht","Droog",\N,\N,"Lobeliusstraat","Zaandam","Zaanstad","Noord-Holland",false,52.435789,4.854359,"material damage only","4","clear",false,1,"GM0479"
"20240154931",2024,"Uitsluitend materiele schade",2,"Personenauto","Fiets","Flank","Kruispunt, 4 takken",30,"Niet brandend","Daglicht","Regen",\N,\N,"Haringband","Hardinxveld-Giessendam","Hardinxveld-Giessendam","Zuid-Holland",false,51.827815,4.825427,"material damage only","4","rain",false,1,"GM0523"
"20230113305",2023,"Letsel",1,"Fiets",\N,"Eenzijdig","Rechte weg",50,"Niet brandend","Daglicht","Regen",\N,"600734865","Heereweg","Lisse","Lisse","Zuid-Holland",false,52.25515,4.550256,"injury","2","rain",false,1,"GM0553"
"20240021941",2024,"Uitsluitend materiele schade",2,"Personenauto","Fiets","Flank","Kruispunt, 3 takken",30,"Brandend","Duisternis","Droog",\N,\N,"Heuvelring","Tilburg","Tilburg","Noord-Brabant",false,51.558436,5.090587,"material damage only","4","clear",false,1,"GM0855"
"20240022091",2024,"Letsel",2,"Personenauto","Fiets","Flank","Kruispunt, 4 takken",80,"Niet brandend","Daglicht","Droog",\N,\N,"Lucebertstraat","Spijkenisse","Nissewaard","Zuid-Holland",false,51.853602,4.305863,"injury","2","clear",false,1,"GM1930"
"20240152184",2024,"Letsel",2,"Fiets","Bestelauto","Flank","Kruispunt, 3 takken",50,"Niet brandend","Daglicht","Regen",\N,\N,"Piet Heinstraat","Zoetermeer","Zoetermeer","Zuid-Holland",false,52.050503,4.500202,"injury","2","rain",false,1,"GM0637"
"20240152822",2024,"Letsel",2,"Fiets","Fiets","Frontaal","Kruispunt, 4 takken",30,"Brandend","Duisternis","Droog",\N,\N,"Albert Cuypstraat","Amsterdam","Amsterdam","Noord-Holland",false,52.354978,4.890367,"injury","2","clear",false,1,"GM0363"
"20240154940",2024,"Uitsluitend materiele schade",2,"Personenauto","Fiets","Flank","Rotonde",50,"Niet brandend","Daglicht","Regen",\N,\N,"Olympiaweg","Rotterdam","Rotterdam","Zuid-Holland",false,51.887163,4.541729,"material damage only","4","rain",false,1,"GM0599"
"20240155503",2024,"Letsel",3,"Fiets","Fiets","Voetganger","Rechte weg",50,"Brandend","Duisternis","Droog","Brug/viaduct","210321144","KONINGIN JULIANABRUG","Alphen aan den Rijn","Alphen aan den Rijn","Zuid-Holland",false,52.134834,4.663176,"injury","2","clear",false,1,"GM0484"
"20230113342",2023,"Uitsluitend materiele schade",2,"Personenauto","Fiets","Onbekend","Kruispunt, 3 takken",30,"Niet brandend","Daglicht","Droog",\N,\N,"Randveld","Boekel","Boekel","Noord-Brabant",false,51.601346,5.683935,"material damage only","4","clear",false,1,"GM0755"
"20240024730",2024,"Uitsluitend materiele schade",3,"Personenauto","Fiets","Frontaal","Rotonde",50,"Niet brandend","Daglicht","Droog",\N,\N,"Prins Bisschopsingel","Maastricht","Maastricht","Limburg",false,50.844284,5.681629,"material damage only","4","clear",false,1,"GM0935"
"20230111037",2023,"Letsel",2,"Personenauto","Fiets","Flank","Rechte weg",50,"Brandend","Duisternis","Droog",\N,"161307062","Hobbemastraat","'s-Gravenhage","'s-Gravenhage","Zuid-Holland",false,52.069334,4.304283,"injury","2","clear",false,1,"GM0518"
"20230112809",2023,"Letsel",2,"Personenauto","Fiets","Flank","Kruispunt, 4 takken",50,"Niet brandend","Daglicht","Droog",\N,\N,"Beeklaan","'s-Gravenhage","'s-Gravenhage","Zuid-Holland",false,52.078572,4.277192,"injury","2","clear",false,1,"GM0518"
"20240028560",2024,"Uitsluitend materiele schade",1,"Fiets",\N,"Flank","Kruispunt, 4 takken",50,"Niet brandend","Daglicht","Droog",\N,\N,"Spinozaweg","Utrecht","Utrecht","Utrecht",false,52.094955,5.085412,"material damage only","4","clear",false,1,"GM0344"
"20230032373",2023,"Uitsluitend materiele schade",2,"Motor","Fiets","Onbekend","Bocht",60,"Niet brandend","Daglicht","Droog",\N,"600592195","Nieuwkuikseweg","Helvoirt","Vught","Noord-Brabant",false,51.657009,5.219314,"material damage only","4","clear",false,1,"GM0865"
"20230066957",2023,"Letsel",2,"Personenauto","Fiets","Flank","Kruispunt, 3 takken",50,"Niet brandend","Daglicht","Droog",\N,\N,"ms. Oslofjordweg","Amsterdam","Amsterdam","Noord-Holland",false,52.405948,4.889792,"injury","2","clear",false,1,"GM0363"