"accident_id","year","severity_raw","party_count","party1_type","party2_type","accident_type","road_situation","speed_limit_kmh","road_lighting","light_condition_label","weather_raw","infra_type","road_segment_id","street_name","place_name","gemeente_name_raw","province","alcohol_indicated","latitude","longitude","severity_label","severity_code","weather_label","built_up_area","cyclists_involved","gemeente_code"
"20230073667",2023,"Letsel",2,"Bromfiets","Fiets","Flank","Rechte weg",30,"Niet brandend","Daglicht","Droog",\N,"337322139","Raadhuisplein","Barneveld","Barneveld","Gelderland",false,52.139086,5.586651,"injury","2","clear",false,1,"GM0203"
"20230073828",2023,"Letsel",2,"Fiets","Overig vast object","Vast voorwerp","Kruispunt, 3 takken",60,"Niet brandend","Daglicht","Droog",\N,\N,"Needsestraat","Hengevelde","Hof van Twente","Overijssel",false,52.1936,6.629904,"injury","2","clear",false,1,"GM1735"
"20230075259",2023,"Uitsluitend materiele schade",2,"Personenauto","e-bike","Onbekend","Kruispunt, 4 takken",50,"Niet brandend","Daglicht","Droog",\N,\N,"Zandkreekweg","Den Helder","Den Helder","Noord-Holland",false,52.938751,4.739187,"material damage only","4","clear",false,1,"GM0400"
"20230014463",2023,"Letsel",2,"Fiets","Personenauto","Flank","Kruispunt, 4 takken",50,"Niet brandend","Daglicht","Droog","Tunnel",\N,"Muntinglaan","Groningen","Groningen","Groningen",false,53.202439,6.559232,"injury","2","clear",false,1,"GM0014"
"20240027800",2024,"Letsel",2,"Personenauto","Fiets","Frontaal","Rechte weg",30,"Niet aanwezig","Daglicht","Droog","Parkeervoorziening","267267058","Europaplein","Leerdam","Vijfheerenlanden","Utrecht",false,51.890554,5.081438,"injury","2","clear",false,1,"GM1961"
"20230066701",2023,"Uitsluitend materiele schade",3,\N,"Fiets","Onbekend","Kruispunt, 4 takken",30,"Niet brandend","Daglicht","Droog",\N,\N,"Tichelstraat","Amsterdam","Amsterdam","Noord-Holland",true,52.37808,4.881308,"material damage only","4","clear",false,1,"GM0363"
"20230072742",2023,"Uitsluitend materiele schade",2,"Personenauto","Fiets","Flank","Rotonde",50,"Niet brandend","Daglicht","Droog",\N,\N,"Leonard Springerlaan","Deventer","Deventer","Overijssel",false,52.26147,6.225911,"material damage only","4","clear",false,1,"GM0150"
"20230077085",2023,"Letsel",2,"Personenauto","Fiets","Frontaal","Rechte weg",50,"Niet brandend","Daglicht","Droog",\N,"600108045","Weteringkade","'s-Gravenhage","'s-Gravenhage","Zuid-Holland",false,52.074357,4.327024,"injury","2","clear",false,1,"GM0518"
"20230077732",2023,"Letsel",1,"Fiets",\N,"Eenzijdig","Bocht",30,"Niet brandend","Daglicht","Droog",\N,"174324044","Havenkade","Wassenaar","Wassenaar","Zuid-Holland",false,52.145253,4.400154,"injury","2","clear",false,1,"GM0629"
"20230077781",2023,"Uitsluitend materiele schade",2,"Personenauto","Fiets","Flank","Kruispunt, 4 takken",50,"Brandend","Duisternis","Droog",\N,\N,"Vaillantlaan","'s-Gravenhage","'s-Gravenhage","Zuid-Holland",false,52.065094,4.30643,"material damage only","4","clear",false,1,"GM0518"
"20230078188",2023,"Letsel",1,"Fiets",\N,"Eenzijdig","Rechte weg",50,"Brandend","Duisternis","Droog",\N,"161308138","Buitenom","'s-Gravenhage","'s-Gravenhage","Zuid-Holland",false,52.071982,4.30373,"injury","2","clear",false,1,"GM0518"
"20230021947",2023,"Letsel",3,"Personenauto","Fiets","Onbekend","Rechte weg",30,"Niet brandend","Daglicht","Droog",\N,"600458183","Veurse Achterweg","Leidschendam","Leidschendam-Voorburg","Zuid-Holland",false,52.095368,4.40497,"injury","2","clear",false,1,"GM1916"
"20230015401",2023,"Letsel",2,"Fiets","Personenauto","Flank","Kruispunt, 4 takken",30,"Niet brandend","Daglicht","Droog",\N,\N,"Muiderwaard","Alkmaar","Alkmaar","Noord-Holland",false,52.646283,4.753495,"injury","2","clear",false,1,"GM0361"
"20230074292",2023,"Letsel",2,"Bromfiets","Fiets","Frontaal","Kruispunt, 4 takken",30,"Niet brandend","Daglicht","Droog",\N,\N,"De Eik","Almelo","Almelo","Overijssel",false,52.381561,6.683435,"injury","2","clear",false,1,"GM0141"
"20230095040",2023,"Letsel",2,"Personenauto","Fiets","Frontaal","Kruispunt, 4 takken",30,"Niet brandend","Daglicht","Droog",\N,\N,"Brandemeer","Leeuwarden","Leeuwarden","Friesland",false,53.215062,5.797915,"injury","2","clear",false,1,"GM0080"
"20240081252",2024,"Letsel",1,"Fiets",\N,"Onbekend","Rechte weg",30,"Niet brandend","Daglicht","Droog",\N,"165310107","Louise Henriëttestraat","'s-Gravenhage","'s-Gravenhage","Zuid-Holland",false,52.081139,4.33603,"injury","2","clear",false,1,"GM0518"
"20240040404",2024,"Letsel",1,"Fiets",\N,"Onbekend","Bocht",50,"Niet aanwezig","Daglicht","Droog",\N,"600999313","Skipad","Zoetermeer","Zoetermeer","Zuid-Holland",false,52.069873,4.454554,"injury","2","clear",false,1,"GM0637"
"20240040411",2024,"Letsel",2,"Personenauto","Fiets","Flank","Kruispunt, 4 takken",30,"Niet brandend","Daglicht","Droog",\N,\N,"Mient","'s-Gravenhage","'s-Gravenhage","Zuid-Holland",false,52.069452,4.264275,"injury","2","clear",false,1,"GM0518"
"20240040433",2024,"Letsel",1,"Fiets",\N,"Flank","Rechte weg",30,"Niet brandend","Daglicht","Droog",\N,"193330042","Sluiswacht","Leiderdorp","Leiderdorp","Zuid-Holland",false,52.170869,4.537545,"injury","2","clear",false,1,"GM0547"
"20240041253",2024,"Letsel",2,"Personenauto","Fiets","Flank","Rotonde",50,"Niet aanwezig","Daglicht","Droog",\N,\N,"Graaf Aelbrechtlaan","Amstelveen","Amstelveen","Noord-Holland",false,52.308355,4.856794,"injury","2","clear",false,1,"GM0362"
"20240042583",2024,"Letsel",2,"Bestelauto","Fiets","Onbekend","Kruispunt, 4 takken",50,"Niet brandend","Daglicht","Droog",\N,\N,"Lucie Vuylstekeweg","Rotterdam","Rotterdam","Zuid-Holland",false,51.932631,4.532642,"injury","2","clear",false,1,"GM0599"
"20240076926",2024,"Letsel",1,"Fiets",\N,"Eenzijdig","Rotonde",30,"Niet brandend","Daglicht","Droog",\N,\N,"Stationsweg","Heiloo","Heiloo","Noord-Holland",false,52.600014,4.703688,"injury","2","clear",false,1,"GM0399"
"20240033500",2024,"Uitsluitend materiele schade",3,"Personenauto","Fiets","Onbekend","Rechte weg",60,"Niet brandend","Daglicht","Droog",\N,"405120003","De Lanck","Swalmen","Roermond","Limburg",false,51.230712,6.068498,"material damage only","4","clear",false,1,"GM0957"
"20240051502",2024,"Letsel",2,"Bestelauto","Fiets","Onbekend","Rechte weg",30,"Niet brandend","Daglicht","Droog",\N,"213404109","Gerrit van Assendelftstr","Heemskerk","Heemskerk","Noord-Holland",false,52.507731,4.676453,"injury","2","clear",false,1,"GM0396"
"20240072266",2024,"Letsel",2,"Personenauto","Fiets","Onbekend","Kruispunt, 4 takken",50,"Niet brandend","Daglicht","Droog",\N,\N,"Herenoord","Rotterdam","Rotterdam","Zuid-Holland",false,51.878163,4.550518,"injury","2","clear",false,1,"GM0599"
"20240040533",2024,"Letsel",2,"Personenauto","Fiets","Frontaal","Rechte weg",50,"Niet brandend","Daglicht","Droog",\N,"181334036","Graaf Florislaan","Rijnsburg","Katwijk","Zuid-Holland",false,52.189828,4.444605,"injury","2","clear",false,1,"GM0537"
"20240047225",2024,"Uitsluitend materiele schade",2,"Personenauto","Fiets","Onbekend","Kruispunt, 4 takken",30,"Niet brandend","Daglicht","Droog",\N,\N,"Kerkhofstraat","Wierden","Wierden","Overijssel",false,52.35924,6.593961,"material damage only","4","clear",false,1,"GM0189"
"20240036641",2024,"Letsel",1,"Fiets",\N,"Eenzijdig","Kruispunt, 3 takken",60,"Niet brandend","Daglicht","Droog",\N,\N,"Hertmerweg","Saasveld","Dinkelland","Overijssel",false,52.325516,6.776955,"injury","2","clear",false,1,"GM1774"
"20240051564",2024,"Uitsluitend materiele schade",2,"Personenauto","Fiets","Flank","Kruispunt, 4 takken",30,"Niet brandend","Daglicht","Droog",\N,\N,"Buiten Oranjestraat","Amsterdam","Amsterdam","Noord-Holland",false,52.382488,4.887528,"material damage only","4","clear",false,1,"GM0363"
"20240072345",2024,"Letsel",1,"Fiets",\N,"Eenzijdig","Rechte weg",30,"Brandend","Schemer","Droog",\N,"184327096","Morsweg","Leiden","Leiden","Zuid-Holland",false,52.159612,4.473825,"injury","2","clear",false,1,"GM0546"
"20240037647",2024,"Letsel",2,"Fiets","Fiets","Onbekend","Rechte weg",\N,"Niet brandend","Daglicht","Droog",\N,"204370018","Herenweg","Heemstede","Heemstede","Noord-Holland",false,52.353773,4.612615,"injury","2","clear",false,1,"GM0397"
"20240038287",2024,"Letsel",2,"Fiets","Personenauto","Onbekend","Kruispunt, 3 takken",30,"Niet brandend","Daglicht","Regen",\N,\N,"Vincent van Goghstraat","Baarn","Baarn","Utrecht",false,52.215337,5.292913,"injury","2","rain",false,1,"GM0308"
"20240047920",2024,"Letsel",2,"Bromfiets","Fiets","Flank","Kruispunt, 3 takken",60,"Niet brandend","Daglicht","Droog",\N,\N,"DOBBER","Heerhugowaard","Koggenland","Noord-Holland",false,52.675377,4.874057,"injury","2","clear",false,1,"GM1598"
"20240051639",2024,"Letsel",1,"Fiets",\N,"Voetganger","Rechte weg",30,"Niet brandend","Daglicht","Droog",\N,"600370668","Spaarne","Haarlem","Haarlem","Noord-Holland",false,52.380013,4.639123,"injury","2","clear",false,1,"GM0392"
"20240041454",2024,"Letsel",2,"Bromfiets","Fiets","Flank","Kruispunt, 4 takken",30,"Niet brandend","Daglicht","Droog",\N,\N,"Linnaeusparkweg","Amsterdam","Amsterdam","Noord-Holland",false,52.352031,4.937279,"injury","2","clear",false,1,"GM0363"
"20240051650",2024,"Letsel",2,"Personenauto","Fiets","Flank","Rotonde",50,"Niet brandend","Daglicht","Droog",\N,\N,"Churchilllaan","Purmerend","Purmerend","Noord-Holland",false,52.506779,4.966918,"injury","2","clear",false,1,"GM0439"
"20240037753",2024,"Uitsluitend materiele schade",2,"Personenauto","Fiets","Flank","Bocht",50,"Niet brandend","Daglicht","Droog",\N,\N,"Herenweg","Alkmaar","Alkmaar","Noord-Holland",false,52.640629,4.776451,"material damage only","4","clear",false,1,"GM0361"
"20240040077",2024,"Uitsluitend materiele schade",2,"Fiets","Fiets","Onbekend","Rechte weg",15,"Niet brandend","Daglicht","Droog",\N,"229371090","Tussen Meer","Amsterdam","Amsterdam","Noord-Holland",false,52.357242,4.795612,"material damage only","4","clear",false,1,"GM0363"
"20240072460",2024,"Letsel",1,"Fiets",\N,"Onbekend","Rechte weg",50,"Niet brandend","Duisternis","Droog",\N,\N,"Ruishornlaan","Lisse","Lisse","Zuid-Holland",false,52.251243,4.561119,"injury","2","clear",false,1,"GM0553"
"20240040117",2024,"Letsel",5,"Fiets","Fiets","Flank","Rechte weg",50,"Niet brandend","Daglicht","Droog",\N,"600241642","Nootdorpsepad","Zoetermeer","Zoetermeer","Zuid-Holland",false,52.050533,4.44824,"injury","2","clear",false,1,"GM0637"
"20240040746",2024,"Letsel",2,"Personenauto","Fiets","Geparkeerd voertuig","Rechte weg",30,"Niet brandend","Daglicht","Droog",\N,"272463130","Nieuwstraat","Medemblik","Medemblik","Noord-Holland",false,52.77288,5.106511,"injury","2","clear",false,1,"GM0420"
"20240072525",2024,"Uitsluitend materiele schade",2,"Fiets","Fiets","Flank","Kruispunt, 3 takken",50,"Brandend","Duisternis","Droog",\N,\N,"Sloterbeekstraat","Venlo","Venlo","Limburg",false,51.366687,6.166972,"material damage only","4","clear",false,1,"GM0983"
"20240037799",2024,"Letsel",1,"Fiets",\N,"Onbekend","Rechte weg",50,"Brandend","Duisternis","Droog",\N,"263435012","Dampten","Hoorn","Hoorn","Noord-Holland",false,52.645524,5.044721,"injury","2","clear",false,1,"GM0405"
"20240038477",2024,"Letsel",2,"Fiets","Personenauto","Onbekend","Rechte weg",30,"Niet brandend","Daglicht","Droog","Parkeervoorziening","208427001","Weg naar de Bleek","Egmond aan den Hoef","Bergen (NH)","Noord-Holland",false,52.608445,4.643235,"injury","2","clear",false,1,\N
"20240040225",2024,"Uitsluitend materiele schade",2,"Bromfiets","Fiets","Flank","Kruispunt, 4 takken",50,"Niet brandend","Daglicht","Regen",\N,\N,"Van Zeggelenlaan","'s-Gravenhage","'s-Gravenhage","Zuid-Holland",false,52.056248,4.315748,"material damage only","4","rain",false,1,"GM0518"
"20240051208",2024,"Uitsluitend materiele schade",2,"Fiets",\N,"Kop/staart","Rechte weg",30,"Niet brandend","Daglicht","Droog",\N,"600764166","Kamperfoelieweg","Amsterdam","Amsterdam","Noord-Holland",false,52.399925,4.9107,"material damage only","4","clear",false,1,"GM0363"
"20240051234",2024,"Letsel",2,"Fiets","Fiets","Kop/staart","Rechte weg",30,"Niet brandend","Daglicht","Droog",\N,"205379034","Willem de Zwijgerlaan","Overveen","Bloemendaal","Noord-Holland",false,52.395222,4.622353,"injury","2","clear",false,1,"GM0377"
"20240078781",2024,"Letsel",1,"Fiets",\N,"Onbekend","Rechte weg",30,"Brandend","Duisternis","Regen",\N,"600372121","Jan Evertsenlaan","Katwijk","Katwijk","Zuid-Holland",false,52.202119,4.414833,"injury","2","rain",false,1,"GM0537"
"20240037945",2024,"Uitsluitend materiele schade",2,"Fiets","Bromfiets","Flank","Kruispunt, 3 takken",50,"Niet brandend","Daglicht","Droog",\N,\N,"Dorpsstraat","Assendelft","Zaanstad","Noord-Holland",false,52.48903,4.759059,"material damage only","4","clear",false,1,"GM0479"
"20240038569",2024,"Uitsluitend materiele schade",2,"Bestelauto","Fiets","Flank","Kruispunt, 4 takken",30,"Niet brandend","Daglicht","Droog",\N,\N,"Frans Halsweg","Almere","Almere","Flevoland",false,52.384602,5.255374,"material damage only","4","clear",false,1,"GM0034"
"20240040911",2024,"Letsel",2,"Fiets","Fiets","Kop/staart","Kruispunt, 3 takken",80,"Niet brandend","Daglicht","Droog",\N,\N,"Bankrasweg","Amstelveen","Amstelveen","Noord-Holland",false,52.298805,4.890981,"injury","2","clear",false,1,"GM0362"
"20240047565",2024,"Letsel",3,"Personenauto","Fiets","Flank","Rechte weg",50,"Niet brandend","Daglicht","Droog",\N,"522508002","Schoolstraat","Musselkanaal","Stadskanaal","Groningen",false,52.965794,6.972111,"injury","2","clear",false,1,"GM0037"
"20240040284",2024,"Letsel",2,"Bromfiets","Fiets","Flank","Rechte weg",30,"Niet brandend","Daglicht","Droog",\N,"600765943","Veelaan","Amsterdam","Amsterdam","Noord-Holland",false,52.368265,4.939452,"injury","2","clear",false,1,"GM0363"
"20240044795",2024,"Uitsluitend materiele schade",2,"Vrachtauto","Fiets","Onbekend","Rotonde",50,"Niet brandend","Daglicht","Regen",\N,\N,"Helftheuvelweg","'s-Hertogenbosch","'s-Hertogenbosch","Noord-Brabant",false,51.697258,5.266682,"material damage only","4","rain",false,1,"GM0796"
"20240040366",2024,"Letsel",1,"Fiets",\N,"Eenzijdig","Rechte weg",50,"Brandend","Schemer","Droog",\N,"600114002","Hooigracht","Leiden","Leiden","Zuid-Holland",false,52.159815,4.496889,"injury","2","clear",false,1,"GM0546"
"20230099226",2023,"Uitsluitend materiele schade",2,"Personenauto","Fiets","Flank","Bocht",60,"Niet brandend","Daglicht","Droog",\N,\N,"Geulderlei","Geulle","Meerssen","Limburg",false,50.924146,5.739561,"material damage only","4","clear",false,1,"GM0938"
"20230105133",2023,"Uitsluitend materiele schade",2,"Personenauto","Fiets","Flank","Kruispunt, 4 takken",30,"Brandend","Duisternis","Regen",\N,\N,"Korteweg","Kampen","Kampen","Overijssel",false,52.557332,5.907043,"material damage only","4","rain",false,1,"GM0166"
"20230105409",2023,"Uitsluitend materiele schade",2,"Personenauto","Fiets","Onbekend","Kruispunt, 3 takken",30,"Brandend","Daglicht","Regen",\N,\N,"Hengelosestraat","Enschede","Enschede","Overijssel",false,52.223165,6.892009,"material damage only","4","rain",false,1,"GM0153"
"20230083466",2023,"Letsel",3,"Personenauto","Fiets","Onbekend","Rechte weg",50,"Niet brandend","Daglicht","Regen",\N,\N,"Parklaan","Dokkum","Noardeast-Fryslân","Friesland",false,53.317118,5.994929,"injury","2","rain",false,1,"GM1970"
"20230084073",2023,"Letsel",2,"Fiets","Personenauto","Flank","Rechte weg",50,"Niet brandend","Daglicht","Droog",\N,\N,"Waddenweg","Hoofddorp","Haarlemmermeer","Noord-Holland",false,52.317191,4.648117,"injury","2","clear",false,1,"GM0394"
"20230094002",2023,"Uitsluitend materiele schade",2,"Personenauto","Fiets","Flank","Kruispunt, 4 takken",50,"Niet brandend","Daglicht","Droog",\N,\N,"Helperzoom","Groningen","Groningen","Groningen",false,53.194461,6.594791,"material damage only","4","clear",false,1,"GM0014"
"20230088159",2023,"Letsel",2,"Personenauto","Fiets","Flank","Rotonde",50,"Brandend","Schemer","Regen",\N,\N,"Bergerweg","Alkmaar","Alkmaar","Noord-Holland",false,52.63944,4.728443,"injury","2","rain",false,1,"GM0361"
"20230090551",2023,"Letsel",3,"Personenauto","Fiets","Flank","Rotonde",30,"Brandend","Duisternis","Regen",\N,\N,"Sophialaan","Hendrik-Ido-Ambacht","Hendrik-Ido-Ambacht","Zuid-Holland",false,51.833487,4.649859,"injury","2","rain",false,1,"GM0531"
"20230093482",2023,"Uitsluitend materiele schade",2,"Fiets","Bus","Flank","Kruispunt, 4 takken",50,"Niet brandend","Daglicht","Droog",\N,\N,"Henri Dunantlaan","Deventer","Deventer","Overijssel",false,52.259735,6.177938,"material damage only","4","clear",false,1,"GM0150"
"20230099813",2023,"Uitsluitend materiele schade",2,"Bestelauto","Fiets","Flank","Kruispunt, 4 takken",30,"Niet brandend","Daglicht","Droog",\N,\N,"Hinthamerstraat","'s-Hertogenbosch","'s-Hertogenbosch","Noord-Brabant",false,51.688589,5.314775,"material damage only","4","clear",false,1,"GM0796"
"20230082983",2023,"Letsel",2,"Fiets","Fiets","Flank","Rechte weg",50,"Niet aanwezig","Daglicht","Droog",\N,"600840975","Schaapdijk","Arnhem","Arnhem","Gelderland",false,51.973673,5.963232,"injury","2","clear",false,1,"GM0202"
"20230086436",2023,"Letsel",2,"Fiets","Los voorwerp","Los voorwerp","Rechte weg",\N,"Niet aanwezig","Daglicht","Droog",\N,"173311047","J.S. Bachlaan","Leidschendam","Leidschendam-Voorburg","Zuid-Holland",false,52.087091,4.390162,"injury","2","clear",false,1,"GM1916"
"20230096400",2023,"Uitsluitend materiele schade",2,"Personenauto","Fiets","Flank","Rechte weg",50,"Brandend","Duisternis","Droog",\N,"390366019","Hoofdstraat","Epe","Epe","Gelderland",false,52.335824,5.980502,"material damage only","4","clear",false,1,"GM0232"
"20230103650",2023,"Letsel",2,"Personenauto","Fiets","Flank","Kruispunt, 4 takken",30,"Brandend","Schemer","Droog",\N,\N,"Bankastraat","Dordrecht","Dordrecht","Zuid-Holland",false,51.811239,4.68224,"injury","2","clear",false,1,"GM0505"
"20230104974",2023,"Uitsluitend materiele schade",2,"Personenauto","Fiets","Flank","Kruispunt, 3 takken",50,"Brandend","Duisternis","Droog",\N,\N,"Twekkelerweg","Hengelo","Hengelo (O)","Overijssel",false,52.255049,6.801733,"material damage only","4","clear",false,1,\N
"20230086468",2023,"Letsel",2,"Bestelauto","Fiets","Flank","Kruispunt, 4 takken",50,"Niet brandend","Daglicht","Droog",\N,\N,"Dr. E. Boekmanstraat","Amsterdam","Amsterdam","Noord-Holland",false,52.351279,4.795555,"injury","2","clear",false,1,"GM0363"
"20230089393",2023,"Letsel",2,"Personenauto","Fiets","Flank","Rotonde",30,"Niet brandend","Daglicht","Regen",\N,\N,"Koningin Julianaweg","'s-Gravenzande","Westland","Zuid-Holland",false,52.001959,4.171564,"injury","2","rain",false,1,"GM1783"
"20230094687",2023,"Uitsluitend materiele schade",2,"Personenauto","Fiets","Onbekend","Kruispunt, 3 takken",60,"Brandend","Duisternis","Droog",\N,\N,"Nijenbeekseweg","Voorst","Voorst","Gelderland",false,52.183297,6.135585,"material damage only","4","clear",false,1,"GM0285"
"20230095860",2023,"Uitsluitend materiele schade",2,"Personenauto","Fiets","Flank","Rechte weg",50,"Niet brandend","Daglicht","Droog",\N,"277339107","Zeverijnstraat","Hilversum","Hilversum","Noord-Holland",false,52.217807,5.147651,"material damage only","4","clear",false,1,"GM0402"
"20230105284",2023,"Letsel",2,"Personenauto","e-bike","Frontaal","Kruispunt, 3 takken",50,"Niet brandend","Daglicht","Regen",\N,\N,"Bernard Leurinkstraat","Losser","Losser","Overijssel",false,52.263655,7.003994,"injury","2","rain",false,1,"GM0168"
"20230090035",2023,"Uitsluitend materiele schade",2,"Personenauto","Fiets","Onbekend","Kruispunt, 4 takken",30,"Niet brandend","Daglicht","Regen",\N,\N,"Vonder","Rotterdam","Rotterdam","Zuid-Holland",false,51.884762,4.510239,"material damage only","4","rain",false,1,"GM0599"
"20230091235",2023,"Uitsluitend materiele schade",2,"Personenauto","Fiets","Flank","Kruispunt, 3 takken",50,"Brandend","Duisternis","Droog",\N,\N,"Hertelaan","Helmond","Helmond","Noord-Brabant",false,51.458327,5.706392,"material damage only","4","clear",false,1,"GM0794"
"20230093571",2023,"Uitsluitend materiele schade",2,"Personenauto","Fiets","Flank","Rotonde",50,"Niet brandend","Daglicht","Regen",\N,\N,"Arnhemsestraatweg","Velp","Rheden","Gelderland",false,51.996133,5.963162,"material damage only","4","rain",false,1,"GM0275"
"20230102215",2023,"Uitsluitend materiele schade",2,"Bromfiets","Fiets","Flank","Rechte weg",50,"Niet brandend","Daglicht","Droog",\N,"600716115","De la Reyweg","'s-Gravenhage","'s-Gravenhage","Zuid-Holland",false,52.065626,4.287983,"material damage only","4","clear",false,1,"GM0518"
"20230106694",2023,"Letsel",2,"Fiets","Personenauto","Flank","Rechte weg",50,"Niet brandend","Daglicht","Regen",\N,"216248031","Chico Mendesring","Dordrecht","Dordrecht","Zuid-Holland",false,51.804083,4.711575,"injury","2","rain",false,1,"GM0505"
"20230093627",2023,"Uitsluitend materiele schade",2,"Personenauto","Fiets","Flank","Kruispunt, 4 takken",30,"Niet brandend","Daglicht","Droog",\N,\N,"Pallietergaarde","Apeldoorn","Apeldoorn","Gelderland",false,52.199656,6.002011,"material damage only","4","clear",false,1,"GM0200"
"20230105623",2023,"Uitsluitend materiele schade",2,"Personenauto","Fiets","Onbekend","Kruispunt, 4 takken",50,"Brandend","Duisternis","Regen",\N,\N,"Hoofdstraat","Kesteren","Neder-Betuwe","Gelderland",false,51.932995,5.574312,"material damage only","4","rain",false,1,"GM1740"
"20230084873",2023,"Uitsluitend materiele schade",2,"Personenauto","Fiets","Flank","Kruispunt, 4 takken",50,"Niet brandend","Daglicht","Regen",\N,\N,"Broekheurne-ring","Enschede","Enschede","Overijssel",false,52.199833,6.862534,"material damage only","4","rain",false,1,"GM0153"
"20230091916",2023,"Uitsluitend materiele schade",2,"Fiets","Fiets","Kop/staart","Rechte weg",\N,"Brandend","Duisternis","Droog",\N,"323165038","P Czn Hooftlaan","Eindhoven","Eindhoven","Noord-Brabant",false,51.43331,5.482159,"material damage only","4","clear",false,1,"GM0772"
"20230102272",2023,"Letsel",2,"Bromfiets","Fiets","Flank","Rechte weg",50,"Brandend","Schemer","Regen",\N,"179297087","Vlielandseweg","Pijnacker","Pijnacker-Nootdorp","Zuid-Holland",false,52.023606,4.436184,"injury","2","rain",false,1,"GM1926"
"20230105371",2023,"Uitsluitend materiele schade",2,"Personenauto","Fiets","Flank","Kruispunt, 4 takken",50,"Niet brandend","Daglicht","Regen",\N,\N,"Berg en Dalseweg","Nijmegen","Nijmegen","Gelderland",false,51.82755,5.903584,"material damage only","4","rain",false,1,"GM0268"
"20230082579",2023,"Letsel",2,"Personenauto","Fiets","Flank","Kruispunt, 3 takken",80,\N,"Daglicht",\N,\N,\N,"Keuperweg","Enschede","Enschede","Overijssel",false,52.205392,6.837865,"injury","2","unknown",false,1,"GM0153"
"20230091965",2023,"Uitsluitend materiele schade",3,"Bestelauto","Fiets","Onbekend","Rechte weg",60,"Niet brandend","Daglicht","Regen",\N,"600766202","Eindsestraat","Dongen","Dongen","Noord-Brabant",false,51.61872,4.962266,"material damage only","4","rain",false,1,"GM0766"
"20230083778",2023,"Uitsluitend materiele schade",3,"Personenauto","Fiets","Onbekend","Rechte weg",60,"Brandend","Duisternis","Regen",\N,"460559072","Johan van Zwedenlaan","Groningen","Groningen","Groningen",false,53.201358,6.512146,"material damage only","4","rain",false,1,"GM0014"
"20230094353",2023,"Uitsluitend materiele schade",2,"Bromfiets","Fiets","Frontaal","Kruispunt, 3 takken",30,"Niet brandend","Daglicht","Droog",\N,"402401004","Parallelweg","Zwolle","Zwolle","Overijssel",false,52.494457,6.074454,"material damage only","4","clear",false,1,"GM0193"
"20230103353",2023,"Uitsluitend materiele schade",2,"Personenauto","Fiets","Flank","Kruispunt, 3 takken",30,"Niet brandend","Daglicht","Droog",\N,\N,"Hesselingstraat","Hoogvliet Rotterdam","Rotterdam","Zuid-Holland",false,51.855395,4.358913,"material damage only","4","clear",false,1,"GM0599"
"20230106872",2023,"Letsel",2,"Personenauto","Fiets","Flank","Kruispunt, 3 takken",50,"Niet brandend","Daglicht","Droog",\N,\N,"Thorbeckelaan","Sliedrecht","Sliedrecht","Zuid-Holland",false,51.819902,4.796223,"injury","2","clear",false,1,"GM0610"
"20230080316",2023,"Uitsluitend materiele schade",1,"Fiets",\N,"Onbekend","Rotonde",50,"Niet brandend","Daglicht","Droog",\N,\N,"Hagendorenseweg","Veldhoven","Veldhoven","Noord-Brabant",false,51.418514,5.410386,"material damage only","4","clear",false,1,"GM0861"
"20230090879",2023,"Letsel",2,"Personenauto","Fiets","Flank","Rechte weg",60,"Niet aanwezig","Daglicht","Droog",\N,"388018004","Zevenwegenweg","Vijlen","Vaals","Limburg",false,50.770872,5.948579,"injury","2","clear",false,1,"GM0981"
"20230097860",2023,"Letsel",2,"Fiets","Personenauto","Los voorwerp","Rotonde",50,"Niet brandend","Daglicht","Regen",\N,\N,"Soomerwegh","Castricum","Castricum","Noord-Holland",false,52.553213,4.674629,"injury","2","rain",false,1,"GM0383"
"20230081541",2023,"Letsel",2,"Fiets","Fiets","Flank","Kruispunt, 3 takken",50,"Niet brandend","Daglicht","Droog",\N,"322206001","Veghelsedijk","Schijndel","Meierijstad","Noord-Brabant",false,51.616576,5.475384,"injury","2","clear",false,1,"GM1948"
"20230082725",2023,"Uitsluitend materiele schade",2,"Fiets","Fiets","Flank","Rechte weg",30,"Niet brandend","Daglicht","Droog",\N,"368589062","Achter Brouwers","Ferwert","Noardeast-Fryslân","Friesland",false,53.33867,5.825612,"material damage only","4","clear",false,1,"GM1970"
"20230082735",2023,"Uitsluitend materiele schade",2,"Fiets","Fiets","Flank","Kruispunt, 4 takken",50,"Brandend","Duisternis","Droog",\N,\N,"Verlengde Oosterstraat","Groningen","Groningen","Groningen",false,53.214345,6.573082,"material damage only","4","clear",false,1,"GM0014"
"20230094976",2023,"Uitsluitend materiele schade",2,"Bestelauto","Fiets","Flank","Kruispunt, 4 takken",50,"Niet brandend","Daglicht","Droog",\N,\N,"Tweede Willemstraat","Groningen","Groningen","Groningen",false,53.20739,6.573084,"material damage only","4","clear",false,1,"GM0014"
"20230099073",2023,"Uitsluitend materiele schade",2,"Personenauto","Fiets","Flank","Kruispunt, 4 takken",30,"Niet brandend","Daglicht","Regen",\N,\N,"Ruysdaelstraat","Tilburg","Tilburg","Noord-Brabant",false,51.553593,5.069005,"material damage only","4","rain",false,1,"GM0855"