"accident_id","year","severity_raw","party_count","party1_type","party2_type","accident_type","road_situation","speed_limit_kmh","road_lighting","light_condition_label","weather_raw","infra_type","road_segment_id","street_name","place_name","gemeente_name_raw","province","alcohol_indicated","latitude","longitude","severity_label","severity_code","weather_label","built_up_area","cyclists_involved","gemeente_code"
"20220125555",2022,"Letsel",2,"Fiets","Fiets","Onbekend",\N,50,\N,"Daglicht",\N,\N,"600719927","Prinses Mariannelaan","Voorburg","Leidschendam-Voorburg","Zuid-Holland",false,52.060548,4.345496,"injury","2","unknown",false,1,"GM1916"
"20220133051",2022,"Uitsluitend materiele schade",2,"Personenauto","Fiets","Onbekend","Rotonde",50,"Niet brandend","Daglicht","Droog",\N,\N,"Sint Wirosingel","Roermond","Roermond","Limburg",false,51.204397,6.022639,"material damage only","4","clear",false,1,"GM0957"
"20220133095",2022,"Uitsluitend materiele schade",2,"Personenauto","Fiets","Flank","Kruispunt, 4 takken",50,"Niet brandend","Daglicht","Droog",\N,\N,"Hobbelrade","Spaubeek","Beek","Limburg",false,50.939419,5.830641,"material damage only","4","clear",false,1,\N
"20220144322",2022,"Letsel",2,"Personenauto","Fiets","Flank","Kruispunt, 3 takken",30,"Niet brandend","Daglicht","Droog",\N,\N,"Abraham van Royenstraat","Noordwijk","Noordwijk","Zuid-Holland",false,52.242212,4.43005,"injury","2","clear",false,1,"GM0575"
"20220166655",2022,"Uitsluitend materiele schade",1,"e-bike",\N,"Eenzijdig","Rechte weg",70,"Niet brandend","Daglicht","Droog",\N,"600484943","Rijksweg","Ede","Ede","Gelderland",false,52.046293,5.626023,"material damage only","4","clear",false,1,"GM0228"
"20220175630",2022,"Letsel",2,"Fiets","Fiets","Flank","Rotonde",50,"Niet brandend","Daglicht","Droog",\N,\N,"Salvador Allendelaan","Purmerend","Purmerend","Noord-Holland",false,52.519428,4.96215,"injury","2","clear",false,1,"GM0439"
"20220196480",2022,"Letsel",2,"Personenauto","Fiets","Flank","Kruispunt, 3 takken",50,"Niet brandend","Daglicht","Droog",\N,\N,"Havendijk","Zaltbommel","Zaltbommel","Gelderland",false,51.811919,5.242838,"injury","2","clear",false,1,"GM0297"
"20220125619",2022,"Letsel",2,"Fiets","Overig vast object","Vast voorwerp","Rechte weg",30,"Niet brandend","Daglicht","Droog",\N,"161306037","Houckgeeststraat","'s-Gravenhage","'s-Gravenhage","Zuid-Holland",false,52.062518,4.307172,"injury","2","clear",false,1,"GM0518"
"20220127931",2022,"Letsel",2,"Personenauto","e-bike","Flank","Rotonde",50,"Niet brandend","Daglicht","Droog",\N,\N,"Dr. J.M. den Uyllaan","Spijkenisse","Nissewaard","Zuid-Holland",false,51.848986,4.331443,"injury","2","clear",false,1,"GM1930"
"20220133103",2022,"Uitsluitend materiele schade",2,"Fiets","Fiets","Los voorwerp","Kruispunt, 4 takken",\N,"Niet brandend","Daglicht","Droog",\N,\N,"Universiteitssingel","Maastricht","Maastricht","Limburg",false,50.838412,5.716293,"material damage only","4","clear",false,1,"GM0935"
"20220154516",2022,"Letsel",2,"Bromfiets","Fiets","Frontaal","Rechte weg",50,"Brandend","Duisternis","Droog",\N,"600652577","Westerduinweg","Sint Maartensvlotbrug","Schagen","Noord-Holland",false,52.80192,4.696294,"injury","2","clear",false,1,"GM0441"
"20220166692",2022,"Uitsluitend materiele schade",2,"Fiets","Personenauto","Flank","Kruispunt, 4 takken",80,"Niet brandend","Daglicht","Droog",\N,\N,"Scharenburg","Druten","Druten","Gelderland",false,51.874886,5.609544,"material damage only","4","clear",false,1,"GM0225"
"20220198513",2022,"Uitsluitend materiele schade",2,"Personenauto","Fiets","Flank","Kruispunt, 3 takken",30,"Niet brandend","Daglicht","Droog",\N,\N,"Waterweg","Renkum","Renkum","Gelderland",false,51.978663,5.726795,"material damage only","4","clear",false,1,"GM0274"
"20220141847",2022,"Uitsluitend materiele schade",1,"Fiets",\N,"Voetganger","Rechte weg",50,"Niet brandend","Daglicht","Droog",\N,"241373067","Huidenstraat","Amsterdam","Amsterdam","Noord-Holland",false,52.368819,4.885663,"material damage only","4","clear",false,1,"GM0363"
"20220146427",2022,"Uitsluitend materiele schade",2,"Personenauto","Fiets","Onbekend","Rotonde",50,"Niet brandend","Daglicht","Droog",\N,\N,"Noordeinde","Hendrik-Ido-Ambacht","Hendrik-Ido-Ambacht","Zuid-Holland",false,51.849645,4.656261,"material damage only","4","clear",false,1,"GM0531"
"20240083495",2024,"Letsel",1,"Fiets",\N,"Eenzijdig","Rechte weg",80,"Niet brandend","Daglicht","Droog",\N,"353197001","Pelgrimsweg","Handel","Gemert-Bakel","Noord-Brabant",false,51.578258,5.704251,"injury","2","clear",false,1,"GM1652"
"20240088671",2024,"Letsel",2,"Personenauto","Fiets","Frontaal","Rechte weg",50,"Niet brandend","Daglicht","Droog",\N,\N,"Land voor Water","Moordrecht","Zuidplas","Zuid-Holland",false,51.990666,4.667418,"injury","2","clear",false,1,"GM1892"
"20240092050",2024,"Uitsluitend materiele schade",2,"Personenauto","Fiets","Flank","Kruispunt, 4 takken",30,"Niet brandend","Daglicht","Droog",\N,\N,"Molenstraat","Bladel","Bladel","Noord-Brabant",false,51.366963,5.222787,"material damage only","4","clear",false,1,"GM1728"
"20240097298",2024,"Letsel",2,"Fiets","Voetganger","Voetganger","Rechte weg",30,"Niet brandend","Daglicht","Droog",\N,\N,"Lijnbaan","Leiderdorp","Leiderdorp","Zuid-Holland",false,52.163501,4.524641,"injury","2","clear",false,1,"GM0547"
"20240097421",2024,"Uitsluitend materiele schade",1,"Fiets",\N,"Eenzijdig","Rechte weg",50,"Brandend","Duisternis","Droog",\N,"159307048","Engelenburgstraat","'s-Gravenhage","'s-Gravenhage","Zuid-Holland",false,52.068562,4.292461,"material damage only","4","clear",false,1,"GM0518"
"20240097454",2024,"Uitsluitend materiele schade",2,"Personenauto","Fiets","Frontaal","Kruispunt, 4 takken",30,"Niet aanwezig","Daglicht","Droog",\N,\N,"Hengelolaan","'s-Gravenhage","'s-Gravenhage","Zuid-Holland",false,52.042747,4.259397,"material damage only","4","clear",false,1,"GM0518"
"20240097550",2024,"Letsel",1,"Fiets",\N,"Onbekend","Rechte weg",50,"Brandend","Duisternis","Droog",\N,"162309126","Grote Marktstraat","'s-Gravenhage","'s-Gravenhage","Zuid-Holland",false,52.077253,4.314188,"injury","2","clear",false,1,"GM0518"
"20240098164",2024,"Letsel",2,"Personenauto","Fiets","Flank","Rotonde",30,"Niet brandend","Daglicht","Droog",\N,\N,"Derkinderenstraat","Amsterdam","Amsterdam","Noord-Holland",false,52.363991,4.840469,"injury","2","clear",false,1,"GM0363"
"20240048960",2024,"Uitsluitend materiele schade",2,"Personenauto","Fiets","Onbekend","Kruispunt, 4 takken",50,"Niet brandend","Daglicht",\N,\N,\N,"Sonsbeeksingel","Arnhem","Arnhem","Gelderland",false,51.985697,5.910489,"material damage only","4","unknown",false,1,"GM0202"
"20240048972",2024,"Uitsluitend materiele schade",2,"Personenauto","e-bike","Frontaal","Kruispunt, 3 takken",30,"Niet brandend","Daglicht","Droog",\N,\N,"Thorbeckeplein","Zaltbommel","Zaltbommel","Gelderland",false,51.807453,5.254869,"material damage only","4","clear",false,1,"GM0297"
"20240070673",2024,"Letsel",2,"Personenauto","Fiets","Flank","Kruispunt, 3 takken",30,"Niet brandend","Daglicht","Droog",\N,\N,"Rijksstraatweg","Dordrecht","Dordrecht","Zuid-Holland",false,51.773095,4.643825,"injury","2","clear",false,1,"GM0505"
"20240073029",2024,"Uitsluitend materiele schade",2,"Fiets","Overig vast object","Vast voorwerp","Rechte weg",30,"Brandend","Duisternis","Regen",\N,"331241023","Spaanderstraat","Oss","Oss","Noord-Brabant",false,51.775134,5.545283,"material damage only","4","rain",false,1,"GM0828"
"20240085432",2024,"Letsel",1,"Fiets",\N,"Eenzijdig","Rechte weg",50,"Niet aanwezig","Daglicht","Droog",\N,"600901909","Coenensparkstraat","Zutphen","Zutphen","Gelderland",false,52.145475,6.191746,"injury","2","clear",false,1,"GM0301"
"20240091310",2024,"Uitsluitend materiele schade",2,"Personenauto","Fiets","Onbekend","Kruispunt, 3 takken",60,"Brandend","Duisternis","Droog",\N,\N,"Spijksesteeg","Spijk","West Betuwe","Gelderland",false,51.847866,5.004877,"material damage only","4","clear",false,1,"GM1960"
"20240092198",2024,"Uitsluitend materiele schade",2,"Personenauto","Fiets","Eenzijdig","Kruispunt, 3 takken",50,"Niet brandend","Daglicht","Droog",\N,\N,"Leveroyseweg","Heythuysen","Leudal","Limburg",false,51.249864,5.877848,"material damage only","4","clear",false,1,"GM1640"
"20240096129",2024,"Letsel",2,"Personenauto","Fiets","Onbekend","Kruispunt, 3 takken",50,"Niet brandend","Daglicht","Droog",\N,\N,"Amelisweerd","Amersfoort","Amersfoort","Utrecht",false,52.174032,5.386596,"injury","2","clear",false,1,"GM0307"
"20240045982",2024,"Uitsluitend materiele schade",2,"Personenauto","Fiets","Flank","Kruispunt, 3 takken",80,"Niet aanwezig","Daglicht","Droog",\N,\N,"Zijl","Vuren","West Betuwe","Gelderland",false,51.834142,5.07095,"material damage only","4","clear",false,1,"GM1960"
"20240078509",2024,"Uitsluitend materiele schade",2,"Personenauto","Fiets","Onbekend","Rechte weg",30,"Niet brandend","Daglicht","Droog","Tankstation","600392862","Ockenburghstraat","'s-Gravenhage","'s-Gravenhage","Zuid-Holland",false,52.054063,4.228065,"material damage only","4","clear",false,1,"GM0518"
"20240092853",2024,"Uitsluitend materiele schade",2,"Fiets","Bromfiets","Frontaal","Rechte weg",50,"Niet aanwezig","Daglicht","Droog",\N,"376056001","Borgerweg","Schinnen","Beekdaelen","Limburg",false,50.94131,5.863039,"material damage only","4","clear",false,1,"GM1954"
"20240095118",2024,"Uitsluitend materiele schade",2,"Snorfiets","Fiets","Onbekend","Rechte weg",30,"Niet brandend","Daglicht","Droog",\N,\N,"Schoenmakersperk","Leeuwarden","Leeuwarden","Friesland",false,53.204458,5.795196,"material damage only","4","clear",false,1,"GM0080"
"20240097647",2024,"Letsel",1,"Fiets",\N,"Onbekend","Rechte weg",30,"Niet brandend","Daglicht","Droog",\N,"600971541","Goudenregenplein","'s-Gravenhage","'s-Gravenhage","Zuid-Holland",false,52.076399,4.263502,"injury","2","clear",false,1,"GM0518"
"20240046663",2024,"Uitsluitend materiele schade",2,"Fiets","Fiets","Onbekend","Rotonde",30,"Niet brandend","Daglicht","Droog",\N,\N,"Drienerlolaan","Enschede","Enschede","Overijssel",false,52.238976,6.850512,"material damage only","4","clear",false,1,"GM0153"
"20240049685",2024,"Letsel",2,"Fiets","Fiets","Flank","Rechte weg",30,"Brandend","Duisternis","Regen",\N,"245373027","Plantage Middenlaan","Amsterdam","Amsterdam","Noord-Holland",false,52.366129,4.912415,"injury","2","rain",false,1,"GM0363"
"20240073281",2024,"Uitsluitend materiele schade",2,"Personenauto","Fiets","Flank","Kruispunt, 3 takken",30,"Niet brandend","Daglicht","Droog",\N,\N,"Drie Decembersingel","Venlo","Venlo","Limburg",false,51.369955,6.137867,"material damage only","4","clear",false,1,"GM0983"
"20240077940",2024,"Letsel",2,"Personenauto","Fiets","Onbekend","Rechte weg",30,"Niet aanwezig","Daglicht","Droog","Parkeervoorziening","265295027","Herentalsstraat","IJsselstein","IJsselstein","Utrecht",true,52.019924,5.060413,"injury","2","clear",false,1,"GM0353"
"20240088831",2024,"Letsel",2,"Fiets","Bestelauto","Onbekend","Kruispunt, 3 takken",30,"Niet brandend","Daglicht","Regen",\N,\N,"Vlietstraat","Stolwijk","Krimpenerwaard","Zuid-Holland",false,51.971745,4.773526,"injury","2","rain",false,1,"GM1931"
"20240046068",2024,"Letsel",1,"Fiets",\N,"Frontaal","Bocht",30,"Niet brandend","Daglicht","Regen","Brug/viaduct","600871821","Korreweg","Groningen","Groningen","Groningen",false,53.236151,6.578349,"injury","2","rain",false,1,"GM0014"
"20240049722",2024,"Uitsluitend materiele schade",2,"Fiets","Personenauto","Onbekend","Kruispunt, 4 takken",50,"Niet brandend","Daglicht","Droog",\N,\N,"Carnegielaan","'s-Gravenhage","'s-Gravenhage","Zuid-Holland",false,52.087657,4.293913,"material damage only","4","clear",false,1,"GM0518"
"20240071471",2024,"Letsel",2,"Personenauto","Fiets","Flank","Kruispunt, 4 takken",30,"Niet brandend","Daglicht","Droog",\N,\N,"Noordwal","'s-Gravenhage","'s-Gravenhage","Zuid-Holland",false,52.079685,4.302889,"injury","2","clear",false,1,"GM0518"
"20240077975",2024,"Uitsluitend materiele schade",2,"Bestelauto","Fiets","Flank","Rotonde",50,"Niet brandend","Daglicht","Droog",\N,\N,"Stationsstraat","Ermelo","Ermelo","Gelderland",false,52.300856,5.631552,"material damage only","4","clear",false,1,"GM0233"
"20240082352",2024,"Uitsluitend materiele schade",2,"Personenauto","Fiets","Flank","Kruispunt, 3 takken",30,"Niet brandend","Daglicht","Droog",\N,\N,"Frans Erensstraat","Sittard","Sittard-Geleen","Limburg",false,51.004672,5.877506,"material damage only","4","clear",false,1,"GM1883"
"20240086883",2024,"Uitsluitend materiele schade",2,"Personenauto","Fiets","Kop/staart","Rechte weg",30,"Niet brandend","Daglicht","Droog",\N,"225403039","Heiligeweg","Krommenie","Zaanstad","Noord-Holland",false,52.500355,4.767541,"material damage only","4","clear",false,1,"GM0479"
"20240086899",2024,"Letsel",2,"Personenauto","Fiets","Kop/staart","Rechte weg",30,"Niet brandend","Daglicht","Droog",\N,"600394029","Oudegracht","Utrecht","Utrecht","Utrecht",false,52.088059,5.121793,"injury","2","clear",false,1,"GM0344"
"20240087539",2024,"Letsel",2,"Motor","Fiets","Flank","Kruispunt, 3 takken",60,"Niet brandend","Daglicht","Droog",\N,\N,"Kommersveldweg","Aalten","Aalten","Gelderland",false,51.944456,6.589868,"injury","2","clear",false,1,"GM0197"
"20240089516",2024,"Uitsluitend materiele schade",3,"Bromfiets","Fiets","Flank","Rechte weg",60,\N,"Daglicht","Droog",\N,"261441006","Parallelweg","Wognum","Medemblik","Noord-Holland",false,52.669106,5.030948,"material damage only","4","clear",false,1,"GM0420"
"20240097870",2024,"Uitsluitend materiele schade",2,"Personenauto","Fiets","Flank","Rotonde",50,"Niet brandend","Daglicht","Droog",\N,\N,"Weerlaan","Hillegom","Hillegom","Zuid-Holland",false,52.290369,4.589509,"material damage only","4","clear",false,1,"GM0534"
"20240074690",2024,"Uitsluitend materiele schade",2,"Fiets","Personenauto","Flank","Rechte weg",50,"Niet brandend","Daglicht","Droog",\N,"514341075","Haaksbergerstraat","Enschede","Enschede","Overijssel",false,52.213198,6.884229,"material damage only","4","clear",false,1,"GM0153"
"20240078602",2024,"Uitsluitend materiele schade",3,"Personenauto","Fiets","Onbekend","Kruispunt, 4 takken",50,"Niet brandend","Daglicht","Regen",\N,\N,"Spruitkoolakker","Zoetermeer","Zoetermeer","Zuid-Holland",false,52.067114,4.523538,"material damage only","4","rain",false,1,"GM0637"
"20240084967",2024,"Letsel",2,"e-bike","Overig vast object","Vast voorwerp","Rechte weg",60,"Niet brandend","Daglicht","Droog",\N,"601031077","Bosweg","Renkum","Renkum","Gelderland",false,51.988544,5.743106,"injury","2","clear",false,1,"GM0274"
"20240086938",2024,"Uitsluitend materiele schade",2,"Personenauto","Fiets","Flank","Rechte weg",30,"Niet brandend","Daglicht","Regen",\N,"220416033","Raadhuisweg","Akersloot","Castricum","Noord-Holland",false,52.560273,4.730853,"material damage only","4","rain",false,1,"GM0383"
"20240088225",2024,"Letsel",2,"Personenauto","Fiets","Flank","Rechte weg",30,"Niet brandend","Daglicht","Droog",\N,"185322002","Vlietpark","Leiden","Leiden","Zuid-Holland",false,52.135277,4.481723,"injury","2","clear",false,1,"GM0546"
"20240089524",2024,"Letsel",2,"Fiets","Snorfiets","Flank","Rechte weg",50,"Niet brandend","Daglicht","Droog",\N,"208375116","Turfmarkt","Haarlem","Haarlem","Noord-Holland",false,52.377156,4.638901,"injury","2","clear",false,1,"GM0392"
"20240089551",2024,"Letsel",2,"Fiets","Bestelauto","Flank","Kruispunt, 4 takken",50,"Niet brandend","Daglicht","Droog",\N,\N,"Ringdijk","Amsterdam","Amsterdam","Noord-Holland",false,52.349822,4.917049,"injury","2","clear",false,1,"GM0363"
"20240043312",2024,"Uitsluitend materiele schade",2,"Fiets","Fiets","Frontaal","Rechte weg",30,"Niet brandend","Daglicht","Droog",\N,"210321064","Hooftstraat","Alphen aan den Rijn","Alphen aan den Rijn","Zuid-Holland",false,52.133008,4.663731,"material damage only","4","clear",false,1,"GM0484"
"20240044603",2024,"Letsel",2,"Bromfiets","Fiets","Frontaal","Rechte weg",50,"Niet brandend","Daglicht","Droog",\N,"600515386","Viaductweg","Maastricht","Maastricht","Limburg",false,50.860257,5.706362,"injury","2","clear",false,1,"GM0935"
"20240073411",2024,"Uitsluitend materiele schade",2,"Personenauto","Fiets","Onbekend","Rotonde",50,"Niet brandend","Daglicht","Droog",\N,\N,"Voorburcht","Oss","Oss","Noord-Brabant",false,51.778027,5.506994,"material damage only","4","clear",false,1,"GM0828"
"20240074728",2024,"Uitsluitend materiele schade",2,"Fiets","Personenauto","Flank","Rotonde",50,"Niet aanwezig","Daglicht","Droog",\N,\N,"FIETSPAD","Nijkerk","Nijkerk","Gelderland",false,52.211142,5.487534,"material damage only","4","clear",false,1,"GM0267"
"20240088257",2024,"Uitsluitend materiele schade",2,"Fiets","Personenauto","Flank","Kruispunt, 3 takken",30,"Niet brandend","Daglicht","Droog",\N,\N,"Van Hallstraat","Amsterdam","Amsterdam","Noord-Holland",false,52.385237,4.869502,"material damage only","4","clear",false,1,"GM0363"
"20240093293",2024,"Uitsluitend materiele schade",2,"Personenauto","Fiets","Onbekend","Kruispunt, 3 takken",30,"Niet brandend","Daglicht","Droog",\N,\N,"Ambtsrichtersveld","Apeldoorn","Apeldoorn","Gelderland",false,52.186631,5.998441,"material damage only","4","clear",false,1,"GM0200"
"20240096324",2024,"Letsel",2,\N,"Fiets","Geparkeerd voertuig","Rechte weg",50,"Niet aanwezig","Duisternis","Droog",\N,"245309004","Zeeweg","Woerden","Woerden","Utrecht",false,52.078407,4.916401,"injury","2","clear",false,1,"GM0632"
"20240096924",2024,"Letsel",2,"Personenauto","Fiets","Flank","Kruispunt, 3 takken",30,"Niet brandend","Daglicht","Droog",\N,\N,"Pilotenweg","Emmeloord","Noordoostpolder","Flevoland",false,52.708866,5.723991,"injury","2","clear",false,1,"GM0171"
"20240101728",2024,"Letsel",2,"Fiets",\N,"Onbekend","Bocht",\N,"Brandend","Schemer","Droog",\N,"180187178","Laan van Brabant","Roosendaal","Roosendaal","Noord-Brabant",false,51.526917,4.452942,"injury","2","clear",false,1,"GM1674"
"20240049182",2024,"Letsel",2,"Personenauto","Fiets","Flank","Rechte weg",50,"Niet aanwezig","Daglicht","Droog",\N,\N,"Estafettestraat","Enschede","Enschede","Overijssel",false,52.209159,6.9167,"injury","2","clear",false,1,"GM0153"
"20240075807",2024,"Letsel",2,"Personenauto","Fiets","Frontaal","Kruispunt, 4 takken",30,"Niet brandend","Daglicht","Droog",\N,\N,"Wolfsbosstraat","Hoogeveen","Hoogeveen","Drenthe",false,52.717098,6.492896,"injury","2","clear",false,1,"GM0118"
"20240081833",2024,"Letsel",1,"Fiets",\N,"Onbekend","Rechte weg",50,"Niet brandend","Daglicht","Droog",\N,"185325077","Vijf Meilaan","Leiden","Leiden","Zuid-Holland",false,52.14768,4.478405,"injury","2","clear",false,1,"GM0546"
"20240093622",2024,"Letsel",1,"Fiets",\N,"Onbekend","Rechte weg",60,"Niet brandend","Daglicht","Droog",\N,"382250002","Meerwijkselaan","Berg en Dal","Berg en Dal","Gelderland",false,51.814016,5.91501,"injury","2","clear",false,1,"GM1945"
"20240098687",2024,"Letsel",2,"Fiets","Boom","Vast voorwerp","Rechte weg",\N,"Niet brandend","Daglicht","Droog",\N,"600740691","Heemsteedse Dreef","Heemstede","Heemstede","Noord-Holland",false,52.350071,4.624358,"injury","2","clear",false,1,"GM0397"
"20240098713",2024,"Uitsluitend materiele schade",2,"Personenauto","Fiets","Flank","Rechte weg",30,"Niet brandend","Daglicht","Droog",\N,"600362971","Westerstraat","Amsterdam","Amsterdam","Noord-Holland",false,52.378845,4.885453,"material damage only","4","clear",false,1,"GM0363"
"20240102482",2024,"Uitsluitend materiele schade",1,"Fiets",\N,"Onbekend","Rechte weg",80,"Niet brandend","Daglicht","Droog",\N,\N,"Rijksweg","Cadier en Keer","Eijsden-Margraten","Limburg",false,50.835459,5.753837,"material damage only","4","clear",false,1,"GM1903"
"20240102769",2024,"Uitsluitend materiele schade",2,"Snorfiets","Fiets","Onbekend","Rechte weg",30,\N,"Daglicht","Droog",\N,"158179011","Parallelweg","Bergen op Zoom","Bergen op Zoom","Noord-Brabant",false,51.493508,4.296543,"material damage only","4","clear",false,1,"GM0748"
"20240046223",2024,"Letsel",2,"Personenauto","Fiets","Onbekend","Rechte weg",60,"Niet brandend","Daglicht","Droog",\N,"601055845","Sillestraat","Elst","Overbetuwe","Gelderland",false,51.91708,5.875668,"injury","2","clear",false,1,"GM1734"
"20240050518",2024,"Letsel",2,"Fiets","Fiets","Kop/staart","Rechte weg",\N,"Niet brandend","Daglicht","Droog",\N,"188331090","Broekweg","Leiden","Leiden","Zuid-Holland",false,52.177647,4.49911,"injury","2","clear",false,1,"GM0546"
"20240081851",2024,"Letsel",2,"Personenauto","Fiets","Flank","Kruispunt, 3 takken",50,"Niet brandend","Daglicht","Droog",\N,\N,"Middentocht","Hendrik-Ido-Ambacht","Hendrik-Ido-Ambacht","Zuid-Holland",false,51.832078,4.62812,"injury","2","clear",false,1,"GM0531"
"20240083157",2024,"Uitsluitend materiele schade",2,"Personenauto","Fiets","Flank","Kruispunt, 4 takken",50,"Niet brandend","Daglicht","Droog",\N,\N,"Sterrenlaan","Veldhoven","Veldhoven","Noord-Brabant",false,51.411514,5.398964,"material damage only","4","clear",false,1,"GM0861"
"20240097004",2024,"Uitsluitend materiele schade",2,\N,"Fiets","Onbekend","Rechte weg",80,"Niet brandend","Daglicht","Droog",\N,"600946654","Steenweg","Neerijnen","West Betuwe","Gelderland",false,51.854135,5.276165,"material damage only","4","clear",false,1,"GM1960"
"20240103150",2024,"Letsel",2,"Bromfiets","Fiets","Frontaal","Rechte weg",50,"Brandend","Duisternis","Droog",\N,"600557219","Hartog Hartogsingel","Oss","Oss","Noord-Brabant",true,51.75809,5.562047,"injury","2","clear",false,1,"GM0828"
"20240099000",2024,"Letsel",2,"Fiets","Personenauto","Flank","Rotonde",30,"Niet brandend","Daglicht","Regen",\N,\N,"Mr G G v Prinstererln","Amstelveen","Amstelveen","Noord-Holland",false,52.303828,4.869772,"injury","2","rain",false,1,"GM0362"
"20240046279",2024,"Letsel",2,"Personenauto","e-bike","Flank","Rotonde",50,"Niet aanwezig","Daglicht","Droog",\N,\N,"Stadswei","Harderwijk","Harderwijk","Gelderland",false,52.34298,5.614358,"injury","2","clear",false,1,"GM0243"
"20240050555",2024,"Dodelijk",2,"Bestelauto","Fiets","Onbekend","Kruispunt, 4 takken",30,"Niet brandend","Daglicht","Droog",\N,\N,"van den Woudestraat","Warmond","Teylingen","Zuid-Holland",false,52.194749,4.495254,"fatal","1","clear",false,1,"GM1525"
"20240072662",2024,"Uitsluitend materiele schade",2,"Fiets","Fiets","Frontaal","Rechte weg",30,"Niet brandend","Daglicht","Droog",\N,"350178039","Johannes Vermeerlaan","Helmond","Helmond","Noord-Brabant",false,51.4906,5.679885,"material damage only","4","clear",false,1,"GM0794"
"20240075887",2024,"Letsel",2,"Bromfiets","Fiets","Flank","Rechte weg",50,"Niet brandend","Daglicht","Droog",\N,"600974315","Nijmeegseweg","Arnhem","Arnhem","Gelderland",false,51.97372,5.910688,"injury","2","clear",false,1,"GM0202"
"20240079352",2024,"Uitsluitend materiele schade",2,"Personenauto","Fiets","Flank","Kruispunt, 4 takken",50,"Niet aanwezig","Daglicht","Droog",\N,\N,"Amstelveenseweg","Amsterdam","Amsterdam","Noord-Holland",false,52.341001,4.857495,"material damage only","4","clear",false,1,"GM0363"
"20240083206",2024,"Letsel",2,"Personenauto","Fiets","Flank","Kruispunt, 3 takken",50,"Niet brandend","Daglicht","Droog",\N,\N,"O.L.Vrouwestraat","Kerkrade","Kerkrade","Limburg",false,50.869426,6.068241,"injury","2","clear",false,1,"GM0928"
"20240083845",2024,"Letsel",2,"Bestelauto","Fiets","Flank","Rechte weg",50,"Niet brandend","Daglicht","Droog",\N,"323249007","Oijense Benedendijk","Oijen","Oss","Noord-Brabant",false,51.808433,5.485818,"injury","2","clear",false,1,"GM0828"
"20240085131",2024,"Letsel",2,"Personenauto","Fiets","Frontaal","Bocht",30,\N,"Daglicht","Droog",\N,"354247019","Oudelaan","Wijchen","Wijchen","Gelderland",false,51.800754,5.711045,"injury","2","clear",false,1,"GM0296"
"20240085788",2024,"Letsel",2,"Personenauto","Fiets","Geparkeerd voertuig","Rechte weg",30,"Niet brandend","Daglicht","Droog",\N,"455373050","Grotestraat","Nijverdal","Hellendoorn","Overijssel",false,52.365531,6.458096,"injury","2","clear",false,1,"GM0163"
"20240099820",2024,"Letsel",2,"Personenauto","Fiets","Flank","Kruispunt, 4 takken",30,"Niet brandend","Daglicht","Regen",\N,\N,"Schonebergerweg","Rotterdam","Rotterdam","Zuid-Holland",false,51.912013,4.454021,"injury","2","rain",false,1,"GM0599"
"20240088431",2024,"Letsel",1,"Fiets",\N,"Onbekend","Bocht",30,"Niet brandend","Daglicht","Droog",\N,"169307092","Kerkstraat","Voorburg","Leidschendam-Voorburg","Zuid-Holland",false,52.06677,4.365469,"injury","2","clear",false,1,"GM1916"
"20240088445",2024,"Letsel",1,"Fiets",\N,"Onbekend","Rechte weg",80,"Brandend","Duisternis","Droog",\N,"200335001","Ripselaan","Rijpwetering","Kaag en Braassem","Zuid-Holland",false,52.196736,4.591221,"injury","2","clear",false,1,"GM1884"
"20240094499",2024,"Uitsluitend materiele schade",2,"e-bike","Bestelauto","Flank","Kruispunt, 3 takken",50,"Niet brandend","Daglicht","Droog",\N,\N,"Oudeweg","Leuvenheim","Brummen","Gelderland",false,52.078039,6.147262,"material damage only","4","clear",false,1,"GM0213"
"20240096504",2024,"Uitsluitend materiele schade",2,"Personenauto","Fiets","Frontaal","Rechte weg",30,"Niet brandend","Daglicht","Droog",\N,"601028652","Sluiseiland-Noord","Vianen","Vijfheerenlanden","Utrecht",false,51.994162,5.096532,"material damage only","4","clear",false,1,"GM1961"
"20240099876",2024,"Uitsluitend materiele schade",2,"Fiets","Personenauto","Kop/staart","Bocht",50,"Niet brandend","Daglicht","Droog",\N,\N,"Binnenrotte","Rotterdam","Rotterdam","Zuid-Holland",false,51.922822,4.484557,"material damage only","4","clear",false,1,"GM0599"
"20240100410",2024,"Letsel",2,"Personenauto","Fiets","Onbekend","Rechte weg",50,"Niet aanwezig","Daglicht","Droog",\N,\N,"Stalpaert vd Wieleweg","Delft","Delft","Zuid-Holland",false,52.014354,4.367095,"injury","2","clear",false,1,"GM0503"
"20240046994",2024,"Uitsluitend materiele schade",2,"Personenauto","Fiets","Flank","Rechte weg",50,"Niet brandend","Daglicht","Droog",\N,"601078895","Dorsvloer","Wierden","Wierden","Overijssel",false,52.365362,6.601426,"material damage only","4","clear",false,1,"GM0189"
"20240091065",2024,"Letsel",2,"Personenauto","Fiets","Kop/staart","Rechte weg",50,"Brandend","Duisternis","Droog",\N,"601027516","Burg Stemerdinglaan","Oost-Souburg","Vlissingen","Zeeland",false,51.466528,3.603597,"injury","2","clear",false,1,"GM0718"