"accident_id","year","severity_raw","party_count","party1_type","party2_type","accident_type","road_situation","speed_limit_kmh","road_lighting","light_condition_label","weather_raw","infra_type","road_segment_id","street_name","place_name","gemeente_name_raw","province","alcohol_indicated","latitude","longitude","severity_label","severity_code","weather_label","built_up_area","cyclists_involved","gemeente_code"
"20230065416",2023,"Uitsluitend materiele schade",2,"Fiets","Voetganger","Voetganger","Kruispunt, 3 takken",15,"Niet brandend","Daglicht","Droog",\N,\N,"Poelestraat","Groningen","Groningen","Groningen",false,53.218329,6.569048,"material damage only","4","clear",false,1,"GM0014"
"20240127888",2024,"Uitsluitend materiele schade",2,"Fiets","Voetganger","Voetganger","Rechte weg",30,"Niet brandend","Daglicht","Droog",\N,"601211682","Nieuwe Oeverstraat","Arnhem","Arnhem","Gelderland",false,51.980647,5.904176,"material damage only","4","clear",false,1,"GM0202"
"20230065604",2023,"Uitsluitend materiele schade",2,"Bus","e-bike","Onbekend","Rechte weg",30,"Niet brandend","Daglicht","Droog",\N,"600397724","Gelderse Rooslaan","Arnhem","Arnhem","Gelderland",false,51.972684,5.895263,"material damage only","4","clear",false,1,"GM0202"
"20230040549",2023,"Letsel",3,"Bus","Fiets","Flank","Rechte weg",50,"Niet brandend","Daglicht","Droog",\N,"173323054","Storm v 's-Gravesandeweg","Wassenaar","Wassenaar","Zuid-Holland",false,52.139399,4.389089,"injury","2","clear",false,1,"GM0629"
"20230044053",2023,"Uitsluitend materiele schade",2,"Personenauto","Fiets","Flank","Kruispunt, 3 takken",50,"Niet brandend","Daglicht","Droog",\N,\N,"Dorpsplein","Westervoort","Westervoort","Gelderland",false,51.962211,5.969277,"material damage only","4","clear",false,1,"GM0293"
"20230056289",2023,"Uitsluitend materiele schade",2,"Personenauto","Fiets","Flank","Kruispunt, 4 takken",80,"Niet aanwezig","Daglicht","Droog",\N,\N,"Glanerbruggeweg","Enschede","Enschede","Overijssel",false,52.248233,6.930467,"material damage only","4","clear",false,1,"GM0153"
"20230065034",2023,"Letsel",2,"Personenauto","Fiets","Flank","Rechte weg",50,"Niet brandend","Daglicht","Droog",\N,"396317076","Eerbeekseweg","Loenen","Apeldoorn","Gelderland",false,52.112393,6.022725,"injury","2","clear",false,1,"GM0200"
"20240128563",2024,"Letsel",3,"Fiets","Fiets","Onbekend","Rechte weg",\N,"Brandend","Duisternis","Droog",\N,"600873628","Rijksstraatweg","Haren Gn","Groningen","Groningen",false,53.165237,6.610206,"injury","2","clear",false,1,"GM0014"
"20230040009",2023,"Letsel",1,"Fiets",\N,"Eenzijdig",\N,50,\N,"Daglicht",\N,\N,"196292001","Schiniaskade","Zevenhuizen","Zuidplas","Zuid-Holland",false,51.995636,4.558531,"injury","2","unknown",false,1,"GM1892"
"20230050504",2023,"Letsel",1,"Fiets",\N,"Eenzijdig","Rechte weg",50,"Niet aanwezig","Daglicht","Droog",\N,"219297013","Wilde bertrampad","Gouda","Gouda","Zuid-Holland",false,52.024768,4.731555,"injury","2","clear",false,1,"GM0513"
"20230065691",2023,"Letsel",2,"Personenauto","Fiets","Flank","Kruispunt, 4 takken",30,"Niet brandend","Daglicht","Droog",\N,\N,"Sicco Mansholtweg","Doetinchem","Doetinchem","Gelderland",false,51.952578,6.2714,"injury","2","clear",false,1,"GM0222"
"20230066109",2023,"Letsel",2,"Motor","Fiets","Onbekend","Bocht",50,"Niet brandend","Daglicht","Droog",\N,\N,"Brouwerskolkweg","Overveen","Bloemendaal","Noord-Holland",false,52.393314,4.599553,"injury","2","clear",false,1,"GM0377"
"20230039464",2023,"Letsel",2,"Fiets","Bromfiets","Onbekend","Rechte weg",30,"Niet brandend","Daglicht","Droog",\N,"242376103","De Ruijterkade","Amsterdam","Amsterdam","Noord-Holland",false,52.382427,4.895005,"injury","2","clear",false,1,"GM0363"
"20230042332",2023,"Uitsluitend materiele schade",2,"Personenauto","Fiets","Flank","Rechte weg",60,"Niet brandend","Daglicht","Droog",\N,"600632734","Koekoeksedijk","Zevenbergen","Moerdijk","Noord-Brabant",false,51.655324,4.60903,"material damage only","4","clear",false,1,"GM1709"
"20240130040",2024,"Uitsluitend materiele schade",2,"Fiets","Vrachtauto","Flank","Kruispunt, 3 takken",30,"Niet brandend","Daglicht","Droog",\N,\N,"Glenn Millerstraat","Amersfoort","Amersfoort","Utrecht",false,52.177039,5.403504,"material damage only","4","clear",false,1,"GM0307"
"20240130760",2024,"Uitsluitend materiele schade",2,"Personenauto","Fiets","Flank","Kruispunt, 3 takken",50,"Niet brandend","Daglicht","Regen",\N,\N,"van Foreeststraat","Heerhugowaard","Dijk en Waard","Noord-Holland",false,52.67519,4.839311,"material damage only","4","rain",false,1,"GM1980"
"20240131175",2024,"Letsel",1,"Fiets",\N,"Onbekend","Kruispunt, 3 takken",30,"Brandend","Duisternis","Droog",\N,\N,"Wagnerkade","Heemstede","Heemstede","Noord-Holland",false,52.355643,4.628848,"injury","2","clear",false,1,"GM0397"
"20230045922",2023,"Uitsluitend materiele schade",2,"Fiets","Fiets","Frontaal","Rechte weg",\N,"Niet aanwezig","Daglicht","Droog",\N,"370365001","Tongerenseweg","Vierhouten","Nunspeet","Gelderland",false,52.332691,5.831557,"material damage only","4","clear",false,1,"GM0302"
"20230052319",2023,"Letsel",1,"Fiets",\N,"Eenzijdig","Rechte weg",50,"Niet brandend","Daglicht","Droog",\N,"136288019","Cruquiusweg","Hoek van Holland","Rotterdam","Zuid-Holland",false,51.979038,4.122485,"injury","2","clear",false,1,"GM0599"
"20230052321",2023,"Letsel",2,"Fiets","Fiets","Frontaal","Bocht",50,\N,"Daglicht","Droog",\N,"600509498","FIETSPAD","Oosterhout","Oosterhout","Noord-Brabant",false,51.678836,4.859757,"injury","2","clear",false,1,"GM0826"
"20240130214",2024,"Uitsluitend materiele schade",2,"Fiets","Personenauto","Flank","Bocht",30,"Niet brandend","Daglicht",\N,\N,"493288057","Oostervoort","Winterswijk","Winterswijk","Gelderland",false,51.976548,6.725248,"material damage only","4","unknown",false,1,"GM0294"
"20240130651",2024,"Uitsluitend materiele schade",2,"Fiets","Fiets","Flank","Kruispunt, 4 takken",30,"Brandend","Schemer","Droog",\N,\N,"Mercatorpad","Nijmegen","Nijmegen","Gelderland",false,51.82024,5.864331,"material damage only","4","clear",false,1,"GM0268"
"20240131297",2024,"Letsel",2,"Personenauto","Fiets","Flank","Kruispunt, 4 takken",30,"Niet brandend","Daglicht","Droog",\N,\N,"Kamerlingh Onneslaan","Amsterdam","Amsterdam","Noord-Holland",false,52.348344,4.921389,"injury","2","clear",false,1,"GM0363"
"20240131438",2024,"Uitsluitend materiele schade",2,"Personenauto","Fiets","Flank","Kruispunt, 4 takken",30,"Niet brandend","Daglicht","Droog",\N,\N,"Van Hogendorpstraat","Amsterdam","Amsterdam","Noord-Holland",false,52.382528,4.870647,"material damage only","4","clear",false,1,"GM0363"
"20240131517",2024,"Letsel",2,"Personenauto","Fiets","Flank","Rotonde",50,"Niet brandend","Daglicht","Droog",\N,\N,"Briandlaan","Haarlem","Haarlem","Noord-Holland",false,52.357587,4.657267,"injury","2","clear",false,1,"GM0392"
"20230042421",2023,"Letsel",3,"Personenauto","e-bike","Frontaal","Kruispunt, 4 takken",50,"Niet brandend","Daglicht","Droog",\N,\N,"Reeshofdijk","Tilburg","Tilburg","Noord-Brabant",false,51.572912,5.020054,"injury","2","clear",false,1,"GM0855"
"20230044785",2023,"Uitsluitend materiele schade",2,"Personenauto","Fiets","Flank","Kruispunt, 3 takken",50,"Niet brandend","Daglicht","Droog",\N,\N,"Boddenstraat","Almelo","Almelo","Overijssel",false,52.358814,6.660091,"material damage only","4","clear",false,1,"GM0141"
"20240132585",2024,"Letsel",1,"Fiets",\N,"Flank","Rechte weg",30,"Niet brandend","Daglicht","Regen",\N,"162311036","Prinses Mariestraat","'s-Gravenhage","'s-Gravenhage","Zuid-Holland",false,52.086579,4.310565,"injury","2","rain",false,1,"GM0518"
"20240132196",2024,"Letsel",2,"Fiets","Personenauto","Flank","Kruispunt, 4 takken",30,"Brandend","Duisternis","Droog",\N,\N,"Lobeliusstraat","Zaandam","Zaanstad","Noord-Holland",false,52.435789,4.854359,"injury","2","clear",false,1,"GM0479"
"20230044212",2023,"Letsel",2,"Personenauto","Fiets","Frontaal","Kruispunt, 3 takken",50,"Niet brandend","Daglicht","Droog",\N,\N,"Voortsweg","Enschede","Enschede","Overijssel",false,52.23716,6.900602,"injury","2","clear",false,1,"GM0153"
"20230044799",2023,"Letsel",2,"e-bike","e-bike","Frontaal","Kruispunt, 4 takken",50,"Niet brandend","Daglicht","Droog",\N,\N,"Operalaan","Oldenzaal","Oldenzaal","Overijssel",false,52.318478,6.922676,"injury","2","clear",false,1,"GM0173"
"20220226800",2022,"Letsel",2,"Fiets","Voetganger","Voetganger","Rechte weg",50,"Brandend","Duisternis","Regen",\N,"247208019","Tramstraat","Dongen","Dongen","Noord-Brabant",false,51.624586,4.937895,"injury","2","rain",false,1,"GM0766"
"20220198812",2022,"Uitsluitend materiele schade",2,"Personenauto","Fiets","Flank","Kruispunt, 3 takken",\N,"Niet brandend","Daglicht","Droog",\N,\N,"Meester van Coothlaan","Wijchen","Wijchen","Gelderland",false,51.80588,5.731243,"material damage only","4","clear",false,1,"GM0296"
"20220216609",2022,"Letsel",2,"Personenauto","Fiets","Flank","Kruispunt, 3 takken",30,"Niet brandend","Daglicht","Droog",\N,\N,"Groenewegje","'s-Gravenhage","'s-Gravenhage","Zuid-Holland",false,52.072799,4.314324,"injury","2","clear",false,1,"GM0518"
"20220203875",2022,"Letsel",2,"Personenauto","Fiets","Flank","Rotonde",50,"Niet brandend","Daglicht","Droog",\N,\N,"Prins Bernhardlaan","Utrecht","Utrecht","Utrecht",false,52.115532,5.082781,"injury","2","clear",false,1,"GM0344"
"20220203878",2022,"Uitsluitend materiele schade",2,"Personenauto","Fiets","Onbekend","Kruispunt, 3 takken",\N,"Niet brandend","Daglicht","Droog",\N,\N,"Jean Desmetstraat","Almere","Almere","Flevoland",false,52.364163,5.2417,"material damage only","4","clear",false,1,"GM0034"
"20220209784",2022,"Letsel",3,"Fiets","Overig vast object","Vast voorwerp","Rechte weg",\N,"Niet brandend","Daglicht","Droog",\N,"600541248","Slaperdijkweg","Haarlem","Haarlem","Noord-Holland",false,52.425674,4.655907,"injury","2","clear",false,1,"GM0392"
"20220209810",2022,"Letsel",2,"Snorfiets","Fiets","Flank","Rechte weg",50,"Niet brandend","Daglicht","Droog",\N,"600739248","Herenweg","Heemstede","Heemstede","Noord-Holland",false,52.354619,4.613024,"injury","2","clear",false,1,"GM0397"
"20220211588",2022,"Uitsluitend materiele schade",3,"Personenauto","Fiets","Onbekend","Rechte weg",50,"Niet brandend","Daglicht","Droog",\N,\N,"Zamenhofstraat","Amsterdam","Amsterdam","Noord-Holland",false,52.38844,4.924498,"material damage only","4","clear",false,1,"GM0363"
"20220215218",2022,"Letsel",2,"e-bike","Fiets","Frontaal","Rechte weg",30,"Niet brandend","Daglicht","Droog",\N,"600543652","van Vredenburchweg","Rijswijk","Rijswijk","Zuid-Holland",false,52.042507,4.307215,"injury","2","clear",false,1,\N
"20220260005",2022,"Uitsluitend materiele schade",2,"Personenauto","Fiets","Flank","Kruispunt, 3 takken",50,"Niet brandend","Daglicht","Droog",\N,\N,"Admiraal Helfrichsingel","Rijswijk","Rijswijk","Zuid-Holland",false,52.033622,4.320338,"material damage only","4","clear",false,1,\N
"20220209045",2022,"Uitsluitend materiele schade",2,"Personenauto","e-bike","Kop/staart","Rotonde",50,"Niet brandend","Daglicht","Droog",\N,\N,"Veldbloemenweg","Zaandam","Zaanstad","Noord-Holland",false,52.457917,4.818312,"material damage only","4","clear",false,1,"GM0479"
"20220218111",2022,"Letsel",1,"Fiets",\N,"Eenzijdig","Rechte weg",50,"Niet brandend","Daglicht","Droog",\N,"161309157","Torenstraat","'s-Gravenhage","'s-Gravenhage","Zuid-Holland",false,52.077686,4.305696,"injury","2","clear",false,1,"GM0518"
"20220199019",2022,"Uitsluitend materiele schade",3,"Personenauto","Fiets","Frontaal","Kruispunt, 4 takken",\N,"Brandend","Schemer","Droog",\N,\N,"Wolfskuilseweg","Nijmegen","Nijmegen","Gelderland",false,51.835941,5.839046,"material damage only","4","clear",false,1,"GM0268"
"20220205429",2022,"Uitsluitend materiele schade",2,"Personenauto","Fiets","Flank","Rechte weg",50,"Niet brandend","Daglicht","Regen",\N,"600649593","Loevenhoutsedijk","Utrecht","Utrecht","Utrecht",false,52.108528,5.112672,"material damage only","4","rain",false,1,"GM0344"
"20220209854",2022,"Letsel",1,"Fiets",\N,"Eenzijdig","Bocht",30,"Niet brandend","Daglicht","Droog",\N,"207440006","Verspyckweg","Bergen aan Zee","Bergen (NH)","Noord-Holland",false,52.665602,4.634603,"injury","2","clear",false,1,\N
"20220212375",2022,"Letsel",3,"Snorfiets","Fiets","Onbekend","Kruispunt, 4 takken",50,"Brandend","Duisternis","Droog",\N,\N,"Jan Tooropstraat","Amsterdam","Amsterdam","Noord-Holland",false,52.365847,4.836431,"injury","2","clear",false,1,"GM0363"
"20220200402",2022,"Uitsluitend materiele schade",2,"Personenauto","Fiets","Flank","Kruispunt, 3 takken",50,"Brandend","Duisternis","Regen",\N,\N,"Freule van Wassenaerlaan","Bennekom","Ede","Gelderland",false,52.011654,5.673337,"material damage only","4","rain",false,1,"GM0228"
"20220080854",2022,"Dodelijk",2,"Personenauto","Fiets","Flank","Kruispunt, 4 takken",50,"Niet brandend","Daglicht","Droog",\N,\N,"Geraardsbergenstraat","Amsterdam","Amsterdam","Noord-Holland",false,52.345273,4.806289,"fatal","1","clear",false,1,"GM0363"
"20220081457",2022,"Dodelijk",2,"Personenauto","Fiets","Flank","Kruispunt, 4 takken",50,"Niet brandend","Daglicht","Droog",\N,\N,"Gerda Brautigamstraat","Amsterdam","Amsterdam","Noord-Holland",false,52.379282,4.793868,"fatal","1","clear",false,1,"GM0363"
"20220209971",2022,"Letsel",2,"Bestelauto","e-bike","Flank","Kruispunt, 4 takken",50,"Niet brandend","Daglicht","Droog",\N,\N,"Torplaan","Den Helder","Den Helder","Noord-Holland",false,52.940832,4.777468,"injury","2","clear",false,1,"GM0400"
"20220216788",2022,"Uitsluitend materiele schade",2,"Personenauto","Fiets","Frontaal","Rechte weg",50,"Brandend","Duisternis","Regen",\N,"600716938","Fruitweg","'s-Gravenhage","'s-Gravenhage","Zuid-Holland",false,52.061548,4.307978,"material damage only","4","rain",false,1,"GM0518"
"20220228247",2022,"Letsel",2,"Snorfiets","Fiets","Flank","Kruispunt, 4 takken",30,"Niet brandend","Daglicht","Droog",\N,\N,"Hortsedijk","Helmond","Helmond","Noord-Brabant",false,51.478601,5.630323,"injury","2","clear",false,1,"GM0794"
"20220202490",2022,"Uitsluitend materiele schade",2,"Personenauto","e-bike","Onbekend","Rotonde",30,"Niet brandend","Daglicht","Droog",\N,\N,"De Nieuwe Poort","Amersfoort","Amersfoort","Utrecht",false,52.158381,5.380618,"material damage only","4","clear",false,1,"GM0307"
"20220203330",2022,"Uitsluitend materiele schade",2,"Personenauto","Fiets","Flank","Kruispunt, 3 takken",30,"Niet brandend","Daglicht","Regen",\N,\N,"Juttepeerlaan","Vleuten","Utrecht","Utrecht",false,52.09164,5.002755,"material damage only","4","rain",false,1,"GM0344"
"20220210180",2022,"Uitsluitend materiele schade",2,"Snorfiets","Fiets","Frontaal","Rechte weg",50,"Niet brandend","Daglicht","Droog",\N,"600122548","Haarlemmerweg","Amsterdam","Amsterdam","Noord-Holland",false,52.384991,4.847473,"material damage only","4","clear",false,1,"GM0363"
"20220211785",2022,"Uitsluitend materiele schade",2,"Personenauto","Fiets","Onbekend","Kruispunt, 4 takken",30,"Niet brandend","Daglicht","Droog",\N,\N,"Weteringschans","Amsterdam","Amsterdam","Noord-Holland",false,52.360547,4.888091,"material damage only","4","clear",false,1,"GM0363"
"20220224652",2022,"Uitsluitend materiele schade",2,"Personenauto","e-bike","Flank","Rotonde",30,"Niet aanwezig","Daglicht","Droog",\N,\N,"Doornboslaan","Breda","Breda","Noord-Brabant",false,51.606293,4.790289,"material damage only","4","clear",false,1,"GM0758"
"20220227505",2022,"Uitsluitend materiele schade",2,"Fiets","Overig vast object","Vast voorwerp","Kruispunt, 3 takken",50,"Brandend","Duisternis","Droog",\N,\N,"Smidshofke","Rosmalen","'s-Hertogenbosch","Noord-Brabant",false,51.719553,5.364805,"material damage only","4","clear",false,1,"GM0796"
"20220229032",2022,"Uitsluitend materiele schade",2,"Fiets","Bromfiets","Flank","Rechte weg",50,"Niet brandend","Daglicht","Droog",\N,"600632029","FIETSPAD","'s-Hertogenbosch","'s-Hertogenbosch","Noord-Brabant",false,51.734419,5.282891,"material damage only","4","clear",false,1,"GM0796"
"20220229040",2022,"Uitsluitend materiele schade",2,"Fiets","Personenauto","Flank","Kruispunt, 4 takken",30,"Niet brandend","Daglicht","Droog",\N,\N,"Molenstraat","Eindhoven","Eindhoven","Noord-Brabant",false,51.435525,5.482577,"material damage only","4","clear",false,1,"GM0772"
"20220199855",2022,"Uitsluitend materiele schade",2,"Personenauto","Fiets","Flank","Kruispunt, 4 takken",60,"Brandend","Duisternis","Regen",\N,\N,"Amelinklaan","Enschede","Enschede","Overijssel",false,52.242499,6.90733,"material damage only","4","rain",false,1,"GM0153"
"20220211158",2022,"Letsel",2,"Personenauto","Fiets","Frontaal","Kruispunt, 3 takken",15,"Niet brandend","Daglicht","Droog",\N,\N,"Catharina-Amalialaan","Aalsmeer","Aalsmeer","Noord-Holland",false,52.276405,4.798415,"injury","2","clear",false,1,"GM0358"
"20220215411",2022,"Uitsluitend materiele schade",3,"Personenauto","Fiets","Onbekend","Rechte weg",30,"Niet brandend","Daglicht","Droog",\N,"161313018","Borneostraat","'s-Gravenhage","'s-Gravenhage","Zuid-Holland",false,52.091843,4.30188,"material damage only","4","clear",false,1,"GM0518"
"20220215421",2022,"Letsel",1,"Fiets",\N,"Eenzijdig","Rechte weg",\N,"Niet brandend","Daglicht","Droog",\N,"600720770","Sint Jorispad","Delft","Delft","Zuid-Holland",false,52.022755,4.365439,"injury","2","clear",false,1,"GM0503"
"20220218822",2022,"Letsel",2,"Personenauto","Fiets","Onbekend",\N,30,\N,"Duisternis",\N,\N,"600361129","Noordsingel","Rotterdam","Rotterdam","Zuid-Holland",false,51.930292,4.479689,"injury","2","unknown",false,1,"GM0599"
"20220204899",2022,"Uitsluitend materiele schade",2,"Personenauto","e-bike","Flank","Kruispunt, 4 takken",50,"Brandend","Schemer","Droog",\N,\N,"Beneluxlaan","Utrecht","Utrecht","Utrecht",false,52.076107,5.095459,"material damage only","4","clear",false,1,"GM0344"
"20220219755",2022,"Letsel",1,"e-bike",\N,"Eenzijdig","Rotonde",50,"Brandend","Duisternis","Droog",\N,\N,"Spijksedijk","Gorinchem","Gorinchem","Zuid-Holland",false,51.834897,4.981542,"injury","2","clear",false,1,"GM0512"
"20220200568",2022,"Uitsluitend materiele schade",2,"Personenauto","Fiets","Flank","Kruispunt, 4 takken",\N,"Niet brandend","Daglicht","Regen",\N,\N,"Bijleveldsingel","Nijmegen","Nijmegen","Gelderland",false,51.841614,5.866563,"material damage only","4","rain",false,1,"GM0268"
"20220205857",2022,"Letsel",2,"Bromfiets","Fiets","Flank","Rechte weg",\N,"Niet brandend","Daglicht","Droog",\N,"600119389","Prins Bernhardlaan","Haarlem","Haarlem","Noord-Holland",false,52.373695,4.656836,"injury","2","clear",false,1,"GM0392"
"20220216260",2022,"Uitsluitend materiele schade",2,"Bromfiets","Fiets","Kop/staart","Rechte weg",30,"Niet brandend","Daglicht","Droog",\N,\N,"Roomwit","Zoetermeer","Zoetermeer","Zuid-Holland",false,52.041793,4.485396,"material damage only","4","clear",false,1,"GM0637"
"20220218972",2022,"Letsel",2,"Bromfiets","e-bike","Kop/staart","Rechte weg",30,"Niet aanwezig","Daglicht","Droog",\N,\N,"ERASMUSBRUG","Rotterdam","Rotterdam","Zuid-Holland",false,51.912128,4.482347,"injury","2","clear",false,1,"GM0599"
"20220146440",2022,"Dodelijk",8,"Snorfiets","Fiets","Onbekend","Rechte weg",30,"Niet brandend","Daglicht","Droog",\N,"600601917","Rivierdijk","Hardinxveld-Giessendam","Hardinxveld-Giessendam","Zuid-Holland",false,51.823967,4.894984,"fatal","1","clear",false,1,"GM0523"
"20220206907",2022,"Uitsluitend materiele schade",2,"Personenauto","e-bike","Frontaal","Kruispunt, 3 takken",50,"Niet brandend","Daglicht","Droog",\N,\N,"Wagenweg","Haarlem","Haarlem","Noord-Holland",false,52.364743,4.618858,"material damage only","4","clear",false,1,"GM0392"
"20220214842",2022,"Uitsluitend materiele schade",1,"Fiets",\N,"Eenzijdig","Kruispunt, 4 takken",\N,"Niet brandend","Daglicht","Droog",\N,\N,"Loosduinsekade","'s-Gravenhage","'s-Gravenhage","Zuid-Holland",false,52.068583,4.27663,"material damage only","4","clear",false,1,"GM0518"
"20220217672",2022,"Uitsluitend materiele schade",2,"Personenauto","Fiets","Frontaal","Kruispunt, 4 takken",80,"Niet brandend","Daglicht","Droog",\N,\N,"Zegerbaan","Aarlanderveen","Alphen aan den Rijn","Zuid-Holland",false,52.142158,4.702926,"material damage only","4","clear",false,1,"GM0484"
"20220200675",2022,"Letsel",1,"e-bike",\N,"Eenzijdig","Rechte weg",50,"Brandend","Duisternis","Droog",\N,\N,"Burg Jhr Q v Uffordln","Apeldoorn","Apeldoorn","Gelderland",false,52.215797,5.975521,"injury","2","clear",false,1,"GM0200"
"20220206239",2022,"Letsel",3,"Snorfiets","Fiets","Onbekend","Rechte weg",30,"Niet brandend","Daglicht","Droog",\N,\N,"Van IJsendijkstraat","Purmerend","Purmerend","Noord-Holland",false,52.512333,4.961028,"injury","2","clear",false,1,"GM0439"
"20220213255",2022,"Uitsluitend materiele schade",2,"Fiets","Fiets","Onbekend","Rechte weg",15,"Brandend","Duisternis","Droog","Brug/viaduct","600902644","Ypenburgbocht","Leiden","Leiden","Zuid-Holland",false,52.170848,4.488855,"material damage only","4","clear",false,1,"GM0546"
"20220215625",2022,"Letsel",2,"Personenauto","Fiets","Flank","Kruispunt, 4 takken",50,"Niet brandend","Daglicht","Droog",\N,\N,"Churchilllaan","Leiden","Leiden","Zuid-Holland",false,52.145663,4.475584,"injury","2","clear",false,1,"GM0546"
"20220205072",2022,"Letsel",2,"Fiets","Bestelauto","Eenzijdig","Rotonde",50,"Brandend","Duisternis","Regen",\N,\N,"Beukenlaan","Soest","Soest","Utrecht",false,52.174971,5.291487,"injury","2","rain",false,1,"GM0342"
"20220160322",2022,"Dodelijk",2,"Personenauto","Fiets","Flank","Rechte weg",30,"Niet brandend","Daglicht","Droog",\N,"321194011","Eerschotsestraat","Sint-Oedenrode","Meierijstad","Noord-Brabant",false,51.566374,5.470584,"fatal","1","clear",false,1,"GM1948"
"20220214918",2022,"Uitsluitend materiele schade",1,"Fiets",\N,"Onbekend","Rechte weg",50,"Brandend","Duisternis","Droog",\N,"600725378","Voorschoterweg","Valkenburg","Katwijk","Zuid-Holland",false,52.169151,4.444443,"material damage only","4","clear",false,1,"GM0537"
"20220214953",2022,"Uitsluitend materiele schade",1,"Fiets",\N,"Onbekend","Rechte weg",30,"Niet brandend","Daglicht","Droog",\N,"213324015","Zeewinde","Alphen aan den Rijn","Alphen aan den Rijn","Zuid-Holland",false,52.148185,4.685506,"material damage only","4","clear",false,1,"GM0484"
"20220220719",2022,"Uitsluitend materiele schade",2,"Personenauto","Fiets","Onbekend","Rotonde",50,"Niet brandend","Daglicht","Regen",\N,\N,"Peulenlaan","Hardinxveld-Giessendam","Hardinxveld-Giessendam","Zuid-Holland",false,51.823317,4.807222,"material damage only","4","rain",false,1,"GM0523"
"20220227787",2022,"Uitsluitend materiele schade",2,"Snorfiets","Fiets","Flank","Kruispunt, 3 takken",\N,"Niet brandend","Duisternis","Droog",\N,\N,"Ir Kalffstraat","Eindhoven","Eindhoven","Noord-Brabant",false,51.446647,5.456134,"material damage only","4","clear",false,1,"GM0772"
"20220205095",2022,"Letsel",2,"Personenauto","Fiets","Flank","Rechte weg",30,"Niet brandend","Daglicht","Droog",\N,"307327017","Noordewierweg","Amersfoort","Amersfoort","Utrecht",true,52.159804,5.366337,"injury","2","clear",false,1,"GM0307"
"20220213329",2022,"Letsel",2,"Personenauto","Fiets","Frontaal","Kruispunt, 3 takken",50,"Niet brandend","Daglicht","Droog",\N,\N,"Veluweplein","'s-Gravenhage","'s-Gravenhage","Zuid-Holland",false,52.059102,4.291981,"injury","2","clear",false,1,"GM0518"
"20220214986",2022,"Uitsluitend materiele schade",2,"Personenauto","Fiets","Flank","Bocht",50,"Niet brandend","Daglicht","Droog",\N,"600722840","Braslaan","Nootdorp","Pijnacker-Nootdorp","Zuid-Holland",false,52.037715,4.400403,"material damage only","4","clear",false,1,"GM1926"
"20220222842",2022,"Letsel",2,"Personenauto","Fiets","Frontaal","Kruispunt, 3 takken",50,"Brandend","Schemer","Regen",\N,\N,"P.C. Hooftlaan","Papendrecht","Papendrecht","Zuid-Holland",false,51.830509,4.677552,"injury","2","rain",false,1,"GM0590"
"20220217161",2022,"Letsel",2,"e-bike","Fiets","Frontaal","Bocht",\N,"Niet brandend","Daglicht","Regen",\N,"600901095","Laan van Europa","'s-Gravenhage","'s-Gravenhage","Zuid-Holland",false,52.084618,4.317604,"injury","2","rain",false,1,"GM0518"
"20220219259",2022,"Letsel",2,"Fiets","Fiets","Kop/staart","Kruispunt, 4 takken",50,"Niet brandend","Daglicht","Droog",\N,\N,"Maashaven N.z.","Rotterdam","Rotterdam","Zuid-Holland",false,51.90162,4.496022,"injury","2","clear",false,1,"GM0599"
"20220225072",2022,"Uitsluitend materiele schade",2,"Fiets","Personenauto","Flank","Kruispunt, 3 takken",50,"Niet brandend","Daglicht","Droog",\N,\N,"Bredasestraat","Bergen op Zoom","Bergen op Zoom","Noord-Brabant",false,51.497967,4.296047,"material damage only","4","clear",false,1,"GM0748"
"20220231229",2022,"Uitsluitend materiele schade",1,"Fiets",\N,"Onbekend",\N,30,\N,"Duisternis",\N,\N,"354125065","Oelemarkt","Weert","Weert","Limburg",false,51.255649,5.708548,"material damage only","4","unknown",false,1,"GM0988"
"20220215762",2022,"Uitsluitend materiele schade",2,"Fiets","Personenauto","Onbekend","Rotonde",50,"Brandend","Schemer","Droog",\N,\N,"Donau","'s-Gravenhage","'s-Gravenhage","Zuid-Holland",false,52.068902,4.390649,"material damage only","4","clear",false,1,"GM0518"
"20220215770",2022,"Uitsluitend materiele schade",2,"Personenauto","Fiets","Flank","Kruispunt, 3 takken",50,"Niet brandend","Daglicht","Regen",\N,\N,"Sandifortdreef","Leiden","Leiden","Zuid-Holland",false,52.170007,4.477214,"material damage only","4","rain",false,1,"GM0546"
"20220216530",2022,"Uitsluitend materiele schade",2,"Personenauto","Fiets","Flank","Kruispunt, 4 takken",50,"Niet brandend","Daglicht","Mist",\N,\N,"Stationsplein","'s-Gravenhage","'s-Gravenhage","Zuid-Holland",false,52.07146,4.323737,"material damage only","4","fog",false,1,"GM0518"
"20220203770",2022,"Letsel",2,"Bestelauto","Fiets","Flank","Rotonde",30,"Niet brandend","Daglicht","Droog",\N,\N,"1e Hogeweg","Zeist","Zeist","Utrecht",false,52.086265,5.239231,"injury","2","clear",false,1,"GM0355"
"20220212164",2022,"Uitsluitend materiele schade",2,"Personenauto","Fiets","Frontaal","Kruispunt, 4 takken",50,"Niet brandend","Daglicht","Droog",\N,\N,"Pieter Calandlaan","Amsterdam","Amsterdam","Noord-Holland",false,52.349522,4.786938,"material damage only","4","clear",false,1,"GM0363"