"accident_id","year","severity_raw","party_count","party1_type","party2_type","accident_type","road_situation","speed_limit_kmh","road_lighting","light_condition_label","weather_raw","infra_type","road_segment_id","street_name","place_name","gemeente_name_raw","province","alcohol_indicated","latitude","longitude","severity_label","severity_code","weather_label","built_up_area","cyclists_involved","gemeente_code"
"20220215125",2022,"Letsel",2,"Personenauto","Fiets","Flank","Rechte weg",50,"Brandend","Duisternis","Regen",\N,"160317006","Stevinstraat","'s-Gravenhage","'s-Gravenhage","Zuid-Holland",false,52.11141,4.295333,"injury","2","rain",false,1,"GM0518"
"20220215815",2022,"Uitsluitend materiele schade",2,"Personenauto","Fiets","Flank","Rechte weg",30,"Brandend","Schemer","Droog",\N,"600955967","Waldorpstraat","'s-Gravenhage","'s-Gravenhage","Zuid-Holland",false,52.066629,4.318008,"material damage only","4","clear",false,1,"GM0518"
"20240135776",2024,"Letsel",3,"Bromfiets","Fiets","Flank","Kruispunt, 4 takken",30,"Brandend","Duisternis","Droog",\N,\N,"Vuurplaat","Rotterdam","Rotterdam","Zuid-Holland",false,51.904246,4.503111,"injury","2","clear",false,1,"GM0599"
"20240135782",2024,"Letsel",2,"Bromfiets","e-bike","Flank","Kruispunt, 3 takken",30,"Brandend","Schemer","Droog",\N,\N,"FIETSPAD","Papendrecht","Papendrecht","Zuid-Holland",false,51.832304,4.708291,"injury","2","clear",false,1,"GM0590"
"20240139666",2024,"Letsel",2,"Bestelauto","Fiets","Flank","Kruispunt, 4 takken",50,"Niet brandend","Daglicht","Droog",\N,\N,"Turfsingel","Groningen","Groningen","Groningen",false,53.222639,6.566368,"injury","2","clear",false,1,"GM0014"
"20240142599",2024,"Uitsluitend materiele schade",2,"Personenauto","Fiets","Flank","Kruispunt, 4 takken",30,"Niet brandend","Daglicht","Droog",\N,\N,"Haagbeukweg","Almere","Almere","Flevoland",false,52.37637,5.242837,"material damage only","4","clear",false,1,"GM0034"
"20240137088",2024,"Uitsluitend materiele schade",2,"Fiets","Personenauto","Flank","Kruispunt, 3 takken",30,"Brandend","Schemer","Regen",\N,\N,"Grote Gracht","Maastricht","Maastricht","Limburg",false,50.85094,5.688817,"material damage only","4","rain",false,1,"GM0935"
"20240141727",2024,"Letsel",2,"Fiets","Overig vast object","Vast voorwerp","Rechte weg",30,"Brandend","Duisternis","Droog",\N,"600370602","Spaarne","Haarlem","Haarlem","Noord-Holland",false,52.379745,4.6384,"injury","2","clear",false,1,"GM0392"
"20240143170",2024,"Letsel",2,"Fiets","Overig vast object","Vast voorwerp","Rechte weg",60,"Niet brandend","Daglicht","Droog",\N,"211338005","Willem van der Veldenweg","Leimuiden","Kaag en Braassem","Zuid-Holland",false,52.21484,4.669959,"injury","2","clear",false,1,"GM1884"
"20240144302",2024,"Letsel",2,"e-bike",\N,"Frontaal","Kruispunt, 4 takken",30,"Niet brandend","Daglicht","Droog",\N,\N,"Van Nesstraat","Alphen aan den Rijn","Alphen aan den Rijn","Zuid-Holland",false,52.136625,4.656296,"injury","2","clear",false,1,"GM0484"
"20240135881",2024,"Letsel",2,"Bestelauto","Fiets","Flank","Rotonde",50,"Niet brandend","Daglicht","Droog",\N,\N,"Rosestraat","Rotterdam","Rotterdam","Zuid-Holland",false,51.907333,4.506941,"injury","2","clear",false,1,"GM0599"
"20240137130",2024,"Uitsluitend materiele schade",2,"Personenauto","Fiets","Flank","Kruispunt, 3 takken",50,\N,"Daglicht","Droog",\N,\N,"Kleinussenstraat","Oss","Oss","Noord-Brabant",false,51.763503,5.489992,"material damage only","4","clear",false,1,"GM0828"
"20240140203",2024,"Uitsluitend materiele schade",2,"Fiets","Personenauto","Onbekend","Rotonde",50,"Brandend","Duisternis","Droog",\N,\N,"Steinhagenseweg","Woerden","Woerden","Utrecht",false,52.080257,4.898481,"material damage only","4","clear",false,1,"GM0632"
"20240143202",2024,"Uitsluitend materiele schade",2,"Personenauto","Fiets","Frontaal","Rotonde",50,"Niet brandend","Daglicht","Droog",\N,\N,"Machiel Vrijenhoeklaan","'s-Gravenhage","'s-Gravenhage","Zuid-Holland",false,52.072072,4.240705,"material damage only","4","clear",false,1,"GM0518"
"20240143816",2024,"Letsel",2,"Fiets","Fiets","Flank","Rechte weg",50,"Niet aanwezig","Daglicht","Droog",\N,"158302070","Leyweg","'s-Gravenhage","'s-Gravenhage","Zuid-Holland",false,52.04495,4.281134,"injury","2","clear",false,1,"GM0518"
"20240138467",2024,"Letsel",2,"Personenauto","Fiets","Flank","Kruispunt, 3 takken",50,"Niet brandend","Daglicht","Droog",\N,\N,"Philosofenallee","Zwolle","Zwolle","Overijssel",false,52.514534,6.108982,"injury","2","clear",false,1,"GM0193"
"20240138493",2024,"Letsel",1,"Fiets",\N,"Onbekend",\N,\N,\N,"Schemer",\N,\N,"601176367","Deventerstraat","Apeldoorn","Apeldoorn","Gelderland",false,52.216504,5.965583,"injury","2","unknown",false,1,"GM0200"
"20240143839",2024,"Uitsluitend materiele schade",2,"Fiets","Personenauto","Flank","Kruispunt, 4 takken",30,"Brandend","Duisternis","Regen",\N,\N,"Molenwerf","Leiden","Leiden","Zuid-Holland",false,52.163878,4.487795,"material damage only","4","rain",false,1,"GM0546"
"20240150459",2024,"Uitsluitend materiele schade",3,"Personenauto","Fiets","Flank","Rotonde",50,"Brandend","Duisternis","Droog",\N,\N,"Krijterslaan","Blokker","Hoorn","Noord-Holland",false,52.660463,5.070184,"material damage only","4","clear",false,1,"GM0405"
"20240150817",2024,"Uitsluitend materiele schade",2,"Personenauto","Fiets","Onbekend","Kruispunt, 3 takken",30,\N,"Duisternis",\N,\N,\N,"Weurden","Winterswijk","Winterswijk","Gelderland",false,51.967833,6.722774,"material damage only","4","unknown",false,1,"GM0294"
"20240134762",2024,"Letsel",3,\N,"Fiets","Vast voorwerp","Rechte weg",30,"Niet aanwezig","Daglicht","Droog",\N,"600409643","Jachthaven Den Osse","Brouwershaven","Schouwen-Duiveland","Zeeland",false,51.743554,3.887763,"injury","2","clear",false,1,"GM1676"
"20240139195",2024,"Letsel",1,"Fiets",\N,"Onbekend","Bocht",30,"Brandend","Duisternis","Droog",\N,"466563119","Gedempte Zuiderdiep","Groningen","Groningen","Groningen",false,53.21485,6.562073,"injury","2","clear",false,1,"GM0014"
"20240140599",2024,"Uitsluitend materiele schade",2,"Personenauto","Fiets","Onbekend","Rotonde",50,"Brandend","Schemer","Droog",\N,\N,"Nieuwe Tielseweg","Tiel","Tiel","Gelderland",false,51.88224,5.427944,"material damage only","4","clear",false,1,"GM0281"
"20240134810",2024,"Uitsluitend materiele schade",2,"Fiets","Scootmobiel","Voetganger","Rechte weg",30,"Niet brandend","Daglicht","Droog",\N,"268193128","Heuvelring","Tilburg","Tilburg","Noord-Brabant",false,51.557515,5.090779,"material damage only","4","clear",false,1,"GM0855"
"20240141574",2024,"Letsel",2,"Personenauto","Fiets","Flank","Kruispunt, 4 takken",50,"Brandend","Duisternis","Droog",\N,\N,"Melis Stokelaan","Alkmaar","Alkmaar","Noord-Holland",false,52.618648,4.750952,"injury","2","clear",false,1,"GM0361"
"20240149276",2024,"Uitsluitend materiele schade",2,"Fiets","Fiets","Onbekend","Rechte weg",50,"Niet brandend","Daglicht","Droog",\N,"406407036","Eikenstraat","Zwolle","Zwolle","Overijssel",false,52.517839,6.09704,"material damage only","4","clear",false,1,"GM0193"
"20240151379",2024,"Uitsluitend materiele schade",2,"Bestelauto","Fiets","Flank","Kruispunt, 3 takken",50,"Niet brandend","Daglicht","Droog",\N,\N,"Holleweg","Blaricum","Blaricum","Noord-Holland",false,52.27514,5.229069,"material damage only","4","clear",false,1,"GM0376"
"20240143441",2024,"Letsel",1,"Fiets",\N,"Onbekend","Rechte weg",30,\N,"Duisternis","Droog",\N,"220311058","Dammekant","Bodegraven","Bodegraven-Reeuwijk","Zuid-Holland",false,52.088158,4.737758,"injury","2","clear",false,1,"GM1901"
"20240151160",2024,"Uitsluitend materiele schade",2,"Fiets","Scootmobiel","Frontaal","Rotonde",50,"Brandend","Duisternis","Droog",\N,\N,"Van Randwijcklaan","Amersfoort","Amersfoort","Utrecht",false,52.158961,5.398177,"material damage only","4","clear",false,1,"GM0307"
"20240151187",2024,"Letsel",2,"Personenauto","Fiets","Flank","Kruispunt, 4 takken",30,"Niet brandend","Daglicht","Regen",\N,\N,"Thiemsbrug","Hengelo","Hengelo (O)","Overijssel",false,52.267255,6.795006,"injury","2","rain",false,1,\N
"20240151229",2024,"Letsel",2,"Personenauto","Fiets","Onbekend","Kruispunt, 4 takken",30,"Niet brandend","Daglicht","Droog",\N,\N,"Stadhoudersstraat","Arnhem","Arnhem","Gelderland",false,51.978531,5.929075,"injury","2","clear",false,1,"GM0202"
"20240137409",2024,"Uitsluitend materiele schade",2,"Personenauto","Fiets","Onbekend","Rechte weg",50,"Niet brandend","Daglicht","Droog",\N,\N,"Parallelweg Noord","Valkenswaard","Valkenswaard","Noord-Brabant",false,51.354613,5.464536,"material damage only","4","clear",false,1,"GM0858"
"20240143484",2024,"Letsel",1,"Fiets",\N,"Onbekend","Rotonde",30,"Brandend","Duisternis","Regen",\N,\N,"Middel Broekweg","Naaldwijk","Westland","Zuid-Holland",false,51.991042,4.218015,"injury","2","rain",false,1,"GM1783"
"20240137448",2024,"Uitsluitend materiele schade",2,"Personenauto","Fiets","Frontaal","Rechte weg",50,"Brandend","Duisternis","Droog",\N,"600139776","Violierstraat","Uden","Maashorst","Noord-Brabant",false,51.660026,5.617292,"material damage only","4","clear",false,1,"GM1991"
"20240138708",2024,"Letsel",2,"Personenauto","Fiets","Flank","Kruispunt, 4 takken",50,"Niet brandend","Daglicht",\N,\N,\N,"Karel Doormanlaan","Harderwijk","Harderwijk","Gelderland",false,52.337615,5.632544,"injury","2","unknown",false,1,"GM0243"
"20240142101",2024,"Letsel",2,"Fiets","Bestelauto","Flank",\N,\N,"Brandend","Schemer","Droog",\N,"600768217","Kraaiennest","Amsterdam","Amsterdam","Noord-Holland",false,52.316668,4.980319,"injury","2","clear",false,1,"GM0363"
"20240145357",2024,"Letsel",1,"Fiets",\N,"Onbekend",\N,80,\N,"Duisternis",\N,\N,"188241001","Hoekseweg","Strijen","Hoeksche Waard","Zuid-Holland",false,51.770464,4.516592,"injury","2","unknown",false,1,"GM1963"
"20240135575",2024,"Letsel",2,"Personenauto","Fiets","Flank","Rotonde",50,"Niet brandend","Daglicht","Droog",\N,\N,"Strandboulevard","Hoek van Holland","Rotterdam","Zuid-Holland",false,51.983547,4.11264,"injury","2","clear",false,1,"GM0599"
"20240139355",2024,"Letsel",2,"Personenauto","Fiets","Onbekend","Kruispunt, 3 takken",30,"Niet brandend","Daglicht","Regen",\N,\N,"Vissersdijk","Winschoten","Oldambt","Groningen",false,53.142028,7.034898,"injury","2","rain",false,1,"GM1895"
"20240142556",2024,"Uitsluitend materiele schade",2,"Bestelauto","Fiets","Flank","Kruispunt, 3 takken",50,"Niet brandend","Daglicht","Regen",\N,\N,"Haringvliet","Heerhugowaard","Dijk en Waard","Noord-Holland",false,52.654649,4.831714,"material damage only","4","rain",false,1,"GM1980"
"20240143038",2024,"Uitsluitend materiele schade",2,"Personenauto","Fiets","Flank","Rechte weg",50,"Niet brandend","Daglicht","Droog",\N,"185341053","Herenstraat","Voorhout","Teylingen","Zuid-Holland",false,52.220278,4.48009,"material damage only","4","clear",false,1,"GM1525"
"20240146231",2024,"Uitsluitend materiele schade",2,"Personenauto","Fiets","Flank","Rotonde",50,"Brandend","Duisternis","Droog",\N,\N,"Hoflaan","Alphen aan den Rijn","Alphen aan den Rijn","Zuid-Holland",false,52.126838,4.659178,"material damage only","4","clear",false,1,"GM0484"
"20240135006",2024,"Dodelijk",2,"Personenauto","Fiets","Flank","Kruispunt, 4 takken",50,"Niet brandend","Daglicht","Droog",\N,\N,"Laan van Everswaard","Bergen op Zoom","Bergen op Zoom","Noord-Brabant",false,51.478115,4.282723,"fatal","1","clear",false,1,"GM0748"
"20240145784",2024,"Letsel",2,"Personenauto","Fiets","Frontaal","Rechte weg",30,"Niet aanwezig","Daglicht","Regen",\N,"211242153","Lyra","Dordrecht","Dordrecht","Zuid-Holland",false,51.779398,4.671952,"injury","2","rain",false,1,"GM0505"
"20240146022",2024,"Uitsluitend materiele schade",2,"Personenauto","Fiets","Flank","Kruispunt, 4 takken",50,"Niet brandend","Daglicht","Droog",\N,\N,"Burgemeester Aalberslaan","Krimpen aan den IJssel","Krimpen aan den IJssel","Zuid-Holland",false,51.917906,4.591148,"material damage only","4","clear",false,1,"GM0542"
"20240146895",2024,"Uitsluitend materiele schade",2,"Personenauto","Fiets","Flank","Rotonde",50,"Niet brandend","Daglicht","Droog",\N,\N,"Bosschebaan","Velp","Land van Cuijk","Noord-Brabant",false,51.749073,5.730041,"material damage only","4","clear",false,1,"GM1982"
"20240147199",2024,"Uitsluitend materiele schade",1,"Fiets",\N,"Eenzijdig","Kruispunt, 3 takken",30,"Niet brandend","Daglicht","Sneeuw/Hagel",\N,\N,"Noorderpoort","Echt","Echt-Susteren","Limburg",false,51.106715,5.871968,"material damage only","4","unknown",false,1,"GM1711"
"20240135043",2024,"Letsel",2,"Personenauto","Fiets","Onbekend","Kruispunt, 4 takken",30,"Niet brandend","Daglicht","Regen",\N,\N,"Hamdijk","Breda","Breda","Noord-Brabant",false,51.609268,4.778729,"injury","2","rain",false,1,"GM0758"
"20240139487",2024,"Uitsluitend materiele schade",2,"Fiets","Personenauto","Flank","Rotonde",50,"Brandend","Duisternis","Droog",\N,\N,"Maatlanden","Roden","Noordenveld","Drenthe",false,53.140945,6.411281,"material damage only","4","clear",false,1,"GM1699"
"20240146884",2024,"Uitsluitend materiele schade",2,"Personenauto","Fiets","Flank","Kruispunt, 4 takken",50,"Niet brandend","Daglicht","Droog",\N,\N,"Quackelaer","Eersel","Eersel","Noord-Brabant",false,51.361201,5.316255,"material damage only","4","clear",false,1,"GM0770"
"20240151083",2024,"Letsel",1,"Fiets",\N,"Onbekend","Rechte weg",50,"Brandend","Duisternis","Droog",\N,"332296035","Kerkewijk","Veenendaal","Veenendaal","Utrecht",false,52.022999,5.552703,"injury","2","clear",false,1,"GM0345"
"20240150241",2024,"Letsel",2,"Bestelauto","Fiets","Flank","Kruispunt, 4 takken",50,"Niet brandend","Daglicht","Droog",\N,\N,"Willemsweg","Hoorn","Hoorn","Noord-Holland",false,52.642294,5.074633,"injury","2","clear",false,1,"GM0405"
"20240001325",2024,"Dodelijk",2,"Fiets","Personenauto","Voetganger","Rechte weg, gescheiden rijbanen",50,"Niet brandend","Daglicht","Droog",\N,"600891399","Jasonweg","Rotterdam","Rotterdam","Zuid-Holland",false,51.962176,4.483758,"fatal","1","clear",false,1,"GM0599"
"20240003137",2024,"Uitsluitend materiele schade",2,"Fiets","Fiets","Flank","Rechte weg",30,\N,"Duisternis","Regen",\N,"600470561","Rechterstraat","Boxtel","Boxtel","Noord-Brabant",false,51.587457,5.328055,"material damage only","4","rain",false,1,"GM0757"
"20240004828",2024,"Uitsluitend materiele schade",2,"Personenauto","Fiets","Flank","Bocht",50,"Niet brandend","Duisternis","Droog",\N,\N,"Hanekamp","Zwolle","Zwolle","Overijssel",false,52.514003,6.109939,"material damage only","4","clear",false,1,"GM0193"
"20240007340",2024,"Letsel",1,"Fiets",\N,"Eenzijdig","Rechte weg",50,"Brandend","Duisternis","Droog",\N,"601127613","Hofzichtlaan","Voorburg","Leidschendam-Voorburg","Zuid-Holland",false,52.08855,4.3691,"injury","2","clear",false,1,"GM1916"
"20240007459",2024,"Letsel",2,"Personenauto","Fiets","Flank","Kruispunt, 4 takken",50,"Niet brandend","Daglicht","Droog",\N,\N,"Voorschoterweg","Leiden","Leiden","Zuid-Holland",false,52.141063,4.482574,"injury","2","clear",false,1,"GM0546"
"20240008516",2024,"Letsel",1,"Fiets",\N,"Onbekend","Bocht",\N,"Niet brandend","Daglicht","Droog",\N,"193313002","Molenslootpad","Benthuizen","Alphen aan den Rijn","Zuid-Holland",false,52.088006,4.539921,"injury","2","clear",false,1,"GM0484"
"20240008840",2024,"Uitsluitend materiele schade",2,"e-bike","Fiets","Frontaal","Kruispunt, 3 takken",50,"Niet brandend","Schemer","Droog",\N,\N,"Herenstraat","Wijchen","Wijchen","Gelderland",false,51.810027,5.72476,"material damage only","4","clear",false,1,"GM0296"
"20240012421",2024,"Letsel",1,"Fiets",\N,"Eenzijdig","Rechte weg",50,"Niet brandend","Daglicht","Droog",\N,"169295157","Van Miereveltlaan","Delft","Delft","Zuid-Holland",false,52.015473,4.365974,"injury","2","clear",false,1,"GM0503"
"20240012449",2024,"Uitsluitend materiele schade",2,"Snorfiets","Fiets","Flank","Kruispunt, 4 takken",15,"Brandend","Duisternis","Regen",\N,\N,"Spui","'s-Gravenhage","'s-Gravenhage","Zuid-Holland",false,52.07751,4.314939,"material damage only","4","rain",false,1,"GM0518"
"20240008590",2024,"Letsel",1,"Fiets",\N,"Onbekend",\N,30,\N,"Daglicht",\N,\N,\N,"Nieuwe Plantage","Delft","Delft","Zuid-Holland",false,52.017988,4.358745,"injury","2","unknown",false,1,"GM0503"
"20240010003",2024,"Uitsluitend materiele schade",2,"Snorfiets","Fiets","Flank","Rechte weg",30,"Brandend","Duisternis","Droog",\N,"601145929","Laan van Presikhaaf","Arnhem","Arnhem","Gelderland",false,51.984003,5.944814,"material damage only","4","clear",false,1,"GM0202"
"20240153671",2024,"Uitsluitend materiele schade",2,"Personenauto","Fiets","Flank","Rotonde",50,"Brandend","Daglicht","Droog",\N,\N,"Sophialaan","Hendrik-Ido-Ambacht","Hendrik-Ido-Ambacht","Zuid-Holland",false,51.833221,4.649445,"material damage only","4","clear",false,1,"GM0531"
"20230109336",2023,"Letsel",2,"Fiets","Fiets","Onbekend","Rechte weg",60,"Brandend","Duisternis","Droog",\N,"600969900","Eibergsestraat","Haaksbergen","Haaksbergen","Overijssel",false,52.147178,6.708387,"injury","2","clear",false,1,"GM0158"
"20240001458",2024,"Letsel",2,"Personenauto","Fiets","Onbekend","Kruispunt, 3 takken",50,"Niet brandend","Schemer","Droog",\N,\N,"Plein Emaus","Vlaardingen","Vlaardingen","Zuid-Holland",false,51.917579,4.348552,"injury","2","clear",false,1,"GM0622"
"20240003295",2024,"Uitsluitend materiele schade",3,"Personenauto","Fiets","Onbekend","Rechte weg",30,"Niet brandend","Daglicht","Regen",\N,"381284062","Middelgraaflaan","Arnhem","Arnhem","Gelderland",false,51.966856,5.908233,"material damage only","4","rain",false,1,"GM0202"
"20240007961",2024,"Letsel",1,"Fiets",\N,"Frontaal","Rechte weg",50,"Brandend","Duisternis","Regen",\N,"600976409","Morssingel","Leiden","Leiden","Zuid-Holland",false,52.163071,4.480861,"injury","2","rain",false,1,"GM0546"
"20240011355",2024,"Uitsluitend materiele schade",2,"Personenauto","Fiets","Onbekend",\N,\N,"Niet brandend","Daglicht","Droog",\N,"278298068","Lupine-oord","Houten","Houten","Utrecht",false,52.030866,5.155651,"material damage only","4","clear",false,1,"GM0321"
"20240012527",2024,"Letsel",2,"Personenauto","Fiets","Flank","Kruispunt, 3 takken",30,"Brandend","Schemer","Droog",\N,\N,"Strijplaan","Rijswijk","Rijswijk","Zuid-Holland",false,52.040645,4.29276,"injury","2","clear",false,1,\N
"20230109994",2023,"Letsel",2,"Personenauto","Fiets","Flank","Kruispunt, 4 takken",50,"Brandend","Schemer","Droog",\N,\N,"Mauritsstraat","Roosendaal","Roosendaal","Noord-Brabant",false,51.531738,4.465739,"injury","2","clear",false,1,"GM1674"
"20240008669",2024,"Uitsluitend materiele schade",2,"Personenauto","Fiets","Flank","Kruispunt, 4 takken",50,"Niet brandend","Daglicht","Droog",\N,\N,"Nieuw Witvoet","Almelo","Almelo","Overijssel",false,52.336351,6.647566,"material damage only","4","clear",false,1,"GM0141"
"20240008969",2024,"Letsel",2,"Fiets","Overig vast object","Vast voorwerp","Rechte weg",80,"Brandend","Duisternis","Droog","Brug/viaduct","600675164","Ericasestraat","Erica","Emmen","Drenthe",false,52.725389,6.924905,"injury","2","clear",false,1,"GM0114"
"20240010110",2024,"Letsel",2,"Personenauto","Fiets","Onbekend","Kruispunt, 4 takken",50,"Niet brandend","Daglicht","Regen",\N,\N,"Johannes Vermeerstraat","Lichtenvoorde","Oost Gelre","Gelderland",false,51.9899,6.576882,"injury","2","rain",false,1,"GM1586"
"20240011358",2024,"Letsel",1,"Fiets",\N,"Eenzijdig","Rechte weg",50,"Niet brandend","Daglicht","Droog",\N,"283339031","Soestdijkerstraatweg","Hilversum","Hilversum","Noord-Holland",false,52.214388,5.19369,"injury","2","clear",false,1,"GM0402"
"20230110019",2023,"Uitsluitend materiele schade",2,"Personenauto","Fiets","Flank","Kruispunt, 4 takken",50,"Brandend","Schemer","Regen",\N,\N,"Hakvoortseweg","Biest-Houtakker","Hilvarenbeek","Noord-Brabant",false,51.50155,5.160023,"material damage only","4","rain",false,1,"GM0798"
"20240002924",2024,"Uitsluitend materiele schade",2,"Personenauto","Fiets","Flank","Rotonde",30,"Niet brandend","Daglicht","Droog",\N,\N,"Sesterlaan","Uden","Maashorst","Noord-Brabant",false,51.645835,5.624465,"material damage only","4","clear",false,1,"GM1991"
"20240005013",2024,"Letsel",2,"Personenauto","Fiets","Onbekend","Kruispunt, 4 takken",50,"Niet brandend","Daglicht","Regen",\N,\N,"Vredeman de Vrieslaan","Almelo","Almelo","Overijssel",false,52.37596,6.699774,"injury","2","rain",false,1,"GM0141"
"20240024002",2024,"Uitsluitend materiele schade",2,"Personenauto","Fiets","Flank","Kruispunt, 3 takken",50,"Niet brandend","Daglicht","Droog",\N,\N,"Randwycksingel","Maastricht","Maastricht","Limburg",false,50.837874,5.708915,"material damage only","4","clear",false,1,"GM0935"
"20240151801",2024,"Letsel",2,"Fiets","Voetganger","Voetganger","Kruispunt, 4 takken",50,"Brandend","Duisternis","Droog",\N,\N,"Leusderweg","Amersfoort","Amersfoort","Utrecht",false,52.144739,5.381431,"injury","2","clear",false,1,"GM0307"
"20240005051",2024,"Uitsluitend materiele schade",2,"Personenauto","Fiets","Los voorwerp","Rechte weg",30,"Niet brandend","Daglicht","Droog",\N,"520363062","Bisschopstraat","Oldenzaal","Oldenzaal","Overijssel",false,52.315049,6.930311,"material damage only","4","clear",false,1,"GM0173"
"20240025251",2024,"Letsel",3,"Bestelauto","Fiets","Flank","Kruispunt, 3 takken",30,"Brandend","Duisternis","Regen",\N,\N,"Duyfhuys","Heeswijk-Dinther","Bernheze","Noord-Brabant",true,51.65254,5.486161,"injury","2","rain",false,1,"GM1721"
"20240005095",2024,"Uitsluitend materiele schade",2,"Personenauto","Fiets","Onbekend","Kruispunt, 4 takken",30,"Niet brandend","Daglicht","Droog",\N,\N,"Weidelaan","Raalte","Raalte","Overijssel",false,52.392427,6.286574,"material damage only","4","clear",false,1,"GM0177"
"20240019311",2024,"Uitsluitend materiele schade",2,"Personenauto","Fiets","Flank","Kruispunt, 3 takken",30,"Niet brandend","Daglicht","Droog",\N,\N,"Hekendorperweg","Oudewater","Oudewater","Utrecht",false,52.024539,4.866119,"material damage only","4","clear",false,1,"GM0589"
"20230107801",2023,"Letsel",2,"Personenauto","Fiets","Flank","Kruispunt, 3 takken",50,"Niet brandend","Daglicht","Droog",\N,\N,"Oostplein","Rotterdam","Rotterdam","Zuid-Holland",false,51.92301,4.498242,"injury","2","clear",false,1,"GM0599"
"20240005183",2024,"Letsel",2,"Personenauto","Fiets","Flank","Rotonde",30,"Niet brandend","Daglicht","Droog",\N,\N,"Foarwei","Damwâld","Dantumadiel","Friesland",false,53.290258,5.998073,"injury","2","clear",false,1,"GM1891"
"20240012922",2024,"Uitsluitend materiele schade",2,"Personenauto","Fiets","Flank","Rotonde",30,"Niet brandend","Daglicht","Droog",\N,\N,"Weteringschans","Amsterdam","Amsterdam","Noord-Holland",false,52.359668,4.890705,"material damage only","4","clear",false,1,"GM0363"
"20240012944",2024,"Letsel",1,"e-bike",\N,"Eenzijdig","Rotonde",80,"Niet brandend","Daglicht","Droog",\N,\N,"Burgemeester Crezéelaan","De Lier","Westland","Zuid-Holland",false,51.978227,4.267129,"injury","2","clear",false,1,"GM1783"
"20240021656",2024,"Letsel",2,"Personenauto","Fiets","Frontaal","Kruispunt, 3 takken",30,"Brandend","Schemer","Droog",\N,\N,"2e C Huygensstr","Amsterdam","Amsterdam","Noord-Holland",false,52.363002,4.87322,"injury","2","clear",false,1,"GM0363"
"20240014131",2024,"Uitsluitend materiele schade",2,"Personenauto","Fiets","Frontaal","Kruispunt, 4 takken",30,"Brandend","Duisternis","Droog",\N,\N,"Terheijdenseweg","Breda","Breda","Noord-Brabant",false,51.600485,4.778681,"material damage only","4","clear",false,1,"GM0758"
"20240014151",2024,"Uitsluitend materiele schade",1,"Fiets",\N,"Onbekend",\N,50,\N,"Daglicht",\N,\N,"600772650","Goirkekanaaldijk","Tilburg","Tilburg","Noord-Brabant",false,51.578775,5.069759,"material damage only","4","unknown",false,1,"GM0855"
"20240014814",2024,"Uitsluitend materiele schade",2,"Personenauto","Fiets","Flank","Rotonde",50,"Niet brandend","Daglicht","Droog",\N,\N,"Kastanjelaan","Bergen op Zoom","Bergen op Zoom","Noord-Brabant",false,51.48949,4.297684,"material damage only","4","clear",false,1,"GM0748"
"20240003128",2024,"Letsel",2,"Bestelauto","Fiets","Flank","Bocht",30,"Niet brandend","Daglicht","Droog",\N,"356123128","Graswinkellaan","Weert","Weert","Limburg",false,51.24428,5.718408,"injury","2","clear",false,1,"GM0988"
"20240010311",2024,"Uitsluitend materiele schade",2,"Fiets","Fiets","Flank","Kruispunt, 4 takken",50,"Niet brandend","Daglicht","Droog",\N,\N,"Oude Ebbingestraat","Groningen","Groningen","Groningen",false,53.220251,6.56648,"material damage only","4","clear",false,1,"GM0014"
"20240012191",2024,"Uitsluitend materiele schade",3,"Fiets","Fiets","Voetganger","Rechte weg",\N,"Niet brandend","Daglicht","Droog",\N,"600667855","Czaar Peterstraat","Amsterdam","Amsterdam","Noord-Holland",false,52.368467,4.926614,"material damage only","4","clear",false,1,"GM0363"
"20240023463",2024,"Uitsluitend materiele schade",2,"Bestelauto","Fiets","Flank","Kruispunt, 3 takken",30,"Niet brandend","Daglicht","Droog",\N,\N,"Van der Kunstraat","'s-Gravenhage","'s-Gravenhage","Zuid-Holland",false,52.065248,4.318468,"material damage only","4","clear",false,1,"GM0518"
"20240013656",2024,"Uitsluitend materiele schade",2,"Personenauto","Fiets","Onbekend","Rotonde",50,"Niet brandend","Daglicht","Regen",\N,\N,"Bonnefantenstraat","Amsterdam","Amsterdam","Noord-Holland",false,52.365726,4.827063,"material damage only","4","rain",false,1,"GM0363"
"20240015771",2024,"Uitsluitend materiele schade",2,"Personenauto","Fiets","Frontaal","Bocht",50,"Niet brandend","Daglicht","Droog",\N,"386052035","Nieuwstraat","Hoensbroek","Heerlen","Limburg",false,50.922653,5.928928,"material damage only","4","clear",false,1,"GM0917"
"20230108469",2023,"Letsel",2,"Bestelauto","Fiets","Eenzijdig","Kruispunt, 4 takken",50,"Niet brandend","Daglicht","Droog",\N,\N,"Twentseweg","Amersfoort","Amersfoort","Utrecht",false,52.164657,5.357814,"injury","2","clear",false,1,"GM0307"
"20240010818",2024,"Letsel",3,"Personenauto","Fiets","Flank","Kruispunt, 3 takken",30,"Brandend","Duisternis","Droog",\N,\N,"Spaansgroenstraat","Zaandam","Zaanstad","Noord-Holland",false,52.444152,4.838729,"injury","2","clear",false,1,"GM0479"
"20240155021",2024,"Uitsluitend materiele schade",2,"Personenauto","Fiets","Kop/staart","Rechte weg",30,"Niet brandend","Daglicht","Droog",\N,"600360765","West-Kruiskade","Rotterdam","Rotterdam","Zuid-Holland",false,51.920072,4.46669,"material damage only","4","clear",false,1,"GM0599"