"accident_id","year","severity_raw","party_count","party1_type","party2_type","accident_type","road_situation","speed_limit_kmh","road_lighting","light_condition_label","weather_raw","infra_type","road_segment_id","street_name","place_name","gemeente_name_raw","province","alcohol_indicated","latitude","longitude","severity_label","severity_code","weather_label","built_up_area","cyclists_involved","gemeente_code"
"20230108527",2023,"Uitsluitend materiele schade",2,"Personenauto","Fiets","Flank","Kruispunt, 4 takken",50,"Brandend","Duisternis","Droog",\N,\N,"'t Goylaan","Utrecht","Utrecht","Utrecht",false,52.066086,5.12017,"material damage only","4","clear",false,1,"GM0344"
"20230113259",2023,"Letsel",2,"Personenauto","Fiets","Flank","Kruispunt, 3 takken",30,"Brandend","Duisternis","Droog",\N,\N,"Noordeindeplein","Leiden","Leiden","Zuid-Holland",false,52.159938,4.480464,"injury","2","clear",false,1,"GM0546"
"20240007075",2024,"Letsel",1,"Fiets",\N,"Onbekend","Rechte weg",50,"Brandend","Duisternis","Droog",\N,"600716192","Scheveningseweg","'s-Gravenhage","'s-Gravenhage","Zuid-Holland",false,52.094452,4.288077,"injury","2","clear",false,1,"GM0518"
"20240015327",2024,"Letsel",2,"Personenauto","Fiets","Flank","Kruispunt, 4 takken",30,"Brandend","Duisternis","Droog",\N,\N,"Louwersdonk","Breda","Breda","Noord-Brabant",false,51.609106,4.743332,"injury","2","clear",false,1,"GM0758"
"20240016384",2024,"Uitsluitend materiele schade",2,"Personenauto","Fiets","Onbekend","Kruispunt, 4 takken",50,"Niet brandend","Daglicht","Droog",\N,\N,"Torenallee","Eindhoven","Eindhoven","Noord-Brabant",false,51.448176,5.452891,"material damage only","4","clear",false,1,"GM0772"
"20240155116",2024,"Letsel",1,"Fiets",\N,"Onbekend","Kruispunt, 3 takken",30,"Niet brandend","Daglicht","Droog",\N,\N,"Oudshoornseweg","Alphen aan den Rijn","Alphen aan den Rijn","Zuid-Holland",false,52.142884,4.65082,"injury","2","clear",false,1,"GM0484"
"20230109137",2023,"Letsel",2,"Personenauto","Fiets","Frontaal","Kruispunt, 4 takken",50,"Niet brandend","Daglicht","Droog",\N,\N,"Westplein","Utrecht","Utrecht","Utrecht",false,52.090653,5.105144,"injury","2","clear",false,1,"GM0344"
"20230111504",2023,"Letsel",3,"Personenauto","Fiets","Onbekend","Rechte weg",50,"Brandend","Duisternis","Droog",\N,\N,"Kleverlaan","Haarlem","Haarlem","Noord-Holland",false,52.396681,4.6288,"injury","2","clear",false,1,"GM0392"
"20230112690",2023,"Uitsluitend materiele schade",2,"Personenauto","Fiets","Flank","Rechte weg",50,"Niet brandend","Daglicht","Regen",\N,"164314033","Van Alkemadelaan","'s-Gravenhage","'s-Gravenhage","Zuid-Holland",false,52.097745,4.324496,"material damage only","4","rain",false,1,"GM0518"
"20230113280",2023,"Letsel",2,"Personenauto","Fiets","Flank","Rechte weg",30,"Brandend","Schemer","Regen",\N,"600173204","Rudolf Tappenbeckweg","Noordwijk","Noordwijk","Zuid-Holland",false,52.240584,4.428694,"injury","2","rain",false,1,"GM0575"
"20240005341",2024,"Uitsluitend materiele schade",2,"Fiets","Personenauto","Flank","Rechte weg",50,"Brandend","Duisternis","Droog",\N,\N,"Paviljoenslaan","Haarlem","Haarlem","Noord-Holland",false,52.371523,4.629525,"material damage only","4","clear",false,1,"GM0392"
"20240013106",2024,"Letsel",1,"e-bike",\N,"Eenzijdig","Rechte weg",\N,"Niet brandend","Daglicht","Droog",\N,"600637470","Middenweg","Amsterdam","Amsterdam","Noord-Holland",false,52.340779,4.951976,"injury","2","clear",false,1,"GM0363"
"20240015507",2024,"Letsel",2,"Bromfiets","Fiets","Onbekend","Kruispunt, 4 takken",50,"Niet brandend","Daglicht","Regen",\N,\N,"Wenckebachstraat","'s-Gravenhage","'s-Gravenhage","Zuid-Holland",false,52.062371,4.33237,"injury","2","rain",false,1,"GM0518"
"20240016655",2024,"Letsel",2,"Fiets","Overig vast object","Vast voorwerp","Rechte weg",50,"Niet brandend","Daglicht","Droog",\N,"600824410","Mosselseweg","Otterlo","Ede","Gelderland",false,52.061562,5.757198,"injury","2","clear",false,1,"GM0228"
"20240018678",2024,"Uitsluitend materiele schade",2,"Personenauto","Fiets","Frontaal","Rotonde",50,"Niet brandend","Daglicht","Droog",\N,\N,"Straatweg","Maarssen","Stichtse Vecht","Utrecht",false,52.132919,5.04607,"material damage only","4","clear",false,1,"GM1904"
"20240019375",2024,"Letsel",2,"Bestelauto","Fiets","Onbekend","Rotonde",50,"Niet brandend","Daglicht","Droog",\N,\N,"Eemnesserweg","Baarn","Baarn","Utrecht",false,52.214575,5.28253,"injury","2","clear",false,1,"GM0308"
"20240152126",2024,"Letsel",1,"Fiets",\N,"Geparkeerd voertuig","Rechte weg",30,"Niet brandend","Daglicht","Droog",\N,"600915776","Laakweg","'s-Gravenhage","'s-Gravenhage","Zuid-Holland",false,52.067369,4.330724,"injury","2","clear",false,1,"GM0518"
"20240154094",2024,"Letsel",2,"Snorfiets","Fiets","Frontaal","Rechte weg",30,"Niet brandend","Daglicht","Droog",\N,"212258045","Molenpad","Papendrecht","Papendrecht","Zuid-Holland",false,51.846643,4.685306,"injury","2","clear",false,1,"GM0590"
"20240019077",2024,"Letsel",1,"Fiets",\N,"Onbekend","Rechte weg",\N,"Niet brandend","Daglicht","Droog",\N,"250394007","Jaagweg","Ilpendam","Waterland","Noord-Holland",false,52.460408,4.950604,"injury","2","clear",false,1,"GM0852"
"20240021457",2024,"Letsel",2,"Fiets","Personenauto","Flank","Kruispunt, 4 takken",50,"Niet brandend","Daglicht","Droog",\N,\N,"Zonnestein","Amstelveen","Amstelveen","Noord-Holland",false,52.310556,4.863134,"injury","2","clear",false,1,"GM0362"
"20240000334",2024,"Letsel",2,"Personenauto","Fiets","Flank","Rotonde",50,"Niet brandend","Daglicht","Harde windstoten",\N,\N,"Lange Blokweg","Zierikzee","Schouwen-Duiveland","Zeeland",false,51.6575,3.921555,"injury","2","unknown",false,1,"GM1676"
"20240152821",2024,"Uitsluitend materiele schade",2,"Personenauto","Fiets","Flank","Rotonde",50,"Brandend","Duisternis","Droog",\N,\N,"Oosttangent","Heerhugowaard","Dijk en Waard","Noord-Holland",false,52.662623,4.850367,"material damage only","4","clear",false,1,"GM1980"
"20240154130",2024,"Letsel",2,"Personenauto","Fiets","Flank","Rotonde",50,"Niet brandend","Daglicht","Droog",\N,\N,"Rembrandtlaan","Papendrecht","Papendrecht","Zuid-Holland",false,51.83412,4.682081,"injury","2","clear",false,1,"GM0590"
"20230110998",2023,"Uitsluitend materiele schade",2,"Fiets","Personenauto","Frontaal","Kruispunt, 4 takken",30,"Niet brandend","Daglicht","Droog",\N,\N,"Venkant","Sint-Michielsgestel","Sint-Michielsgestel","Noord-Brabant",false,51.650572,5.358453,"material damage only","4","clear",false,1,"GM0845"
"20230112182",2023,"Uitsluitend materiele schade",2,"Fiets","Bestelauto","Flank","Rechte weg",50,"Brandend","Schemer","Regen",\N,"150283028","Honderdland","Maasdijk","Westland","Zuid-Holland",false,51.956971,4.22605,"material damage only","4","rain",false,1,"GM1783"
"20230113355",2023,"Uitsluitend materiele schade",2,"Personenauto","Fiets","Onbekend","Rotonde",50,"Niet aanwezig","Daglicht","Droog",\N,\N,"Afhangweg","Horst","Horst aan de Maas","Limburg",false,51.457397,6.03424,"material damage only","4","clear",false,1,"GM1507"
"20240016979",2024,"Letsel",2,"Fiets","Fiets","Onbekend","Rotonde",50,"Brandend","Duisternis","Droog",\N,\N,"Weverstraat","Duiven","Duiven","Gelderland",false,51.944574,6.0266,"injury","2","clear",false,1,"GM0226"
"20240021293",2024,"Uitsluitend materiele schade",2,"Bestelauto","Fiets","Flank","Kruispunt, 3 takken",30,"Niet brandend","Daglicht","Droog",\N,\N,"Chasséstraat","Amsterdam","Amsterdam","Noord-Holland",false,52.371231,4.861022,"material damage only","4","clear",false,1,"GM0363"
"20240021508",2024,"Letsel",2,"Bromfiets","Fiets","Flank","Kruispunt, 4 takken",30,"Niet brandend","Daglicht","Droog",\N,\N,"Utrechtsestraat","Amsterdam","Amsterdam","Noord-Holland",false,52.361496,4.899207,"injury","2","clear",false,1,"GM0363"
"20240023523",2024,"Uitsluitend materiele schade",2,"Personenauto","Fiets","Flank","Kruispunt, 4 takken",50,"Brandend","Duisternis","Droog",\N,\N,"Burg J d la Paisieresstr","Rozenburg","Rotterdam","Zuid-Holland",false,51.905332,4.246575,"material damage only","4","clear",false,1,"GM0599"
"20230112812",2023,"Letsel",2,"Fiets","Bromfiets","Frontaal","Kruispunt, 3 takken",50,"Niet brandend","Schemer","Droog",\N,\N,"FIETSPAD","Voorschoten","Voorschoten","Zuid-Holland",false,52.124713,4.444257,"injury","2","clear",false,1,"GM0626"
"20230032281",2023,"Uitsluitend materiele schade",2,"Personenauto","Fiets","Flank","Rechte weg",50,"Niet brandend","Daglicht","Droog",\N,\N,"Onze Lieve Vrouwestraat","Eindhoven","Eindhoven","Noord-Brabant",false,51.452569,5.484272,"material damage only","4","clear",false,1,"GM0772"
"20230032660",2023,"Uitsluitend materiele schade",2,"Personenauto","Fiets","Frontaal","Kruispunt, 4 takken",30,"Brandend","Duisternis","Droog",\N,\N,"Vermeerstraat","Veghel","Meierijstad","Noord-Brabant",false,51.616042,5.549116,"material damage only","4","clear",false,1,"GM1948"
"20230032835",2023,"Letsel",2,"Fiets","Motor","Flank","Kruispunt, 4 takken",80,"Niet brandend","Daglicht","Droog",\N,\N,"Rederijklaan","Mierlo","Geldrop-Mierlo","Noord-Brabant",true,51.43201,5.581887,"injury","2","clear",false,1,"GM1771"
"20230033940",2023,"Uitsluitend materiele schade",2,"Bestelauto","Fiets","Flank","Kruispunt, 4 takken",50,"Niet brandend","Daglicht","Droog",\N,\N,"Hoofdstraat","Velp","Rheden","Gelderland",false,51.996262,5.97775,"material damage only","4","clear",false,1,"GM0275"
"20230035609",2023,"Uitsluitend materiele schade",2,"Personenauto","Fiets","Flank","Rotonde",50,"Niet brandend","Daglicht","Droog",\N,\N,"FIETSPAD","Harderwijk","Harderwijk","Gelderland",false,52.345223,5.626468,"material damage only","4","clear",false,1,"GM0243"
"20230067786",2023,"Uitsluitend materiele schade",2,"Personenauto","Fiets","Geparkeerd voertuig","Rechte weg",50,"Niet brandend","Daglicht","Regen",\N,"600381717","Ferdinand Bolstraat","Amsterdam","Amsterdam","Noord-Holland",false,52.348688,4.891273,"material damage only","4","rain",false,1,"GM0363"
"20230021419",2023,"Letsel",2,"Bestelauto","Fiets","Flank","Rechte weg",50,"Niet brandend","Daglicht","Droog",\N,"167307025","Saturnusstraat","'s-Gravenhage","'s-Gravenhage","Zuid-Holland",false,52.066456,4.346432,"injury","2","clear",false,1,"GM0518"
"20230023702",2023,"Letsel",2,"Personenauto","Fiets","Flank","Rotonde",50,"Niet brandend","Daglicht","Droog",\N,\N,"Stevenshofdreef","Leiden","Leiden","Zuid-Holland",false,52.156049,4.449206,"injury","2","clear",false,1,"GM0546"
"20230028310",2023,"Letsel",2,"Bestelauto","Fiets","Onbekend","Rotonde",50,"Niet brandend","Daglicht","Droog",\N,\N,"Lange Blokweg","Zierikzee","Schouwen-Duiveland","Zeeland",false,51.657442,3.921161,"injury","2","clear",false,1,"GM1676"
"20230028324",2023,"Letsel",2,"Personenauto","Fiets","Flank","Kruispunt, 3 takken",50,"Niet brandend","Daglicht","Droog",\N,\N,"Albrandswaardseweg","Poortugaal","Albrandswaard","Zuid-Holland",false,51.854315,4.399934,"injury","2","clear",false,1,"GM0613"
"20230029460",2023,"Letsel",1,"Fiets",\N,"Eenzijdig","Rechte weg",50,"Brandend","Duisternis","Droog","Brug/viaduct","600514423","Provinciale weg N206","Katwijk","Katwijk","Zuid-Holland",false,52.201996,4.42465,"injury","2","clear",false,1,"GM0537"
"20230033614",2023,"Letsel",1,"Fiets",\N,"Eenzijdig","Rotonde",50,"Brandend","Duisternis","Droog",\N,\N,"Dongewijkdreef","Tilburg","Tilburg","Noord-Brabant",false,51.583676,4.988868,"injury","2","clear",false,1,"GM0855"
"20230072749",2023,"Letsel",2,"Fiets","Fiets","Onbekend","Rechte weg",50,"Niet brandend","Daglicht","Regen",\N,"468563100","Damsterdiep","Groningen","Groningen","Groningen",false,53.217645,6.575986,"injury","2","rain",false,1,"GM0014"
"20230014573",2023,"Letsel",2,"Personenauto","Fiets","Flank","Rechte weg",50,"Niet brandend","Daglicht","Regen",\N,"359247006","Oosterweg","Wijchen","Wijchen","Gelderland",false,51.798973,5.748155,"injury","2","rain",false,1,"GM0296"
"20230022008",2023,"Uitsluitend materiele schade",2,"Personenauto","Fiets","Flank","Kruispunt, 3 takken",30,"Brandend","Duisternis","Droog",\N,\N,"Harry Hoekstraat","Wateringen","Westland","Zuid-Holland",false,52.022082,4.268473,"material damage only","4","clear",false,1,"GM1783"
"20230023126",2023,"Letsel",3,"Personenauto","Fiets","Onbekend",\N,30,"Niet brandend","Daglicht","Droog",\N,"600417904","Rozengracht","Amsterdam","Amsterdam","Noord-Holland",false,52.373825,4.882306,"injury","2","clear",false,1,"GM0363"
"20230032555",2023,"Uitsluitend materiele schade",2,"Personenauto","Fiets","Flank","Rotonde",50,"Niet brandend","Daglicht","Droog",\N,\N,"Europalaan","Valkenswaard","Valkenswaard","Noord-Brabant",false,51.348225,5.465647,"material damage only","4","clear",false,1,"GM0858"
"20230033396",2023,"Uitsluitend materiele schade",2,"Personenauto","Fiets","Flank","Rotonde",50,"Niet brandend","Daglicht","Droog",\N,\N,"Rompertsebaan","'s-Hertogenbosch","'s-Hertogenbosch","Noord-Brabant",false,51.699371,5.312038,"material damage only","4","clear",false,1,"GM0796"
"20230036165",2023,"Uitsluitend materiele schade",2,"Personenauto","Fiets","Frontaal","Kruispunt, 3 takken",50,"Niet brandend","Daglicht","Droog",\N,\N,"Scheidingsweg","Nijmegen","Nijmegen","Gelderland",false,51.81008,5.867675,"material damage only","4","clear",false,1,"GM0268"
"20230067167",2023,"Uitsluitend materiele schade",2,"Fiets","Personenauto","Flank","Kruispunt, 4 takken",50,"Niet brandend","Daglicht","Droog",\N,\N,"Spaklerweg","Amsterdam","Amsterdam","Noord-Holland",false,52.342875,4.918593,"material damage only","4","clear",false,1,"GM0363"
"20230067581",2023,"Letsel",2,"Landbouwvoertuig","Fiets","Flank","Rechte weg",50,"Niet brandend","Daglicht","Droog",\N,"600793706","Van Boetzelaerlaan","Hoogland","Amersfoort","Utrecht",false,52.178566,5.369667,"injury","2","clear",false,1,"GM0307"
"20230068144",2023,"Uitsluitend materiele schade",2,"Personenauto","Fiets","Kop/staart","Kruispunt, 3 takken",50,"Niet aanwezig","Daglicht","Droog",\N,\N,"Oldegaarde","Rotterdam","Rotterdam","Zuid-Holland",false,51.878122,4.495581,"material damage only","4","clear",false,1,"GM0599"
"20230074002",2023,"Letsel",1,"Fiets",\N,"Eenzijdig","Rechte weg",60,"Niet aanwezig","Daglicht","Droog",\N,"330279001","Remsestraat","Lienden","Buren","Gelderland",false,51.948452,5.540717,"injury","2","clear",false,1,"GM0214"
"20230015194",2023,"Uitsluitend materiele schade",2,"Personenauto","Fiets","Flank","Kruispunt, 4 takken",50,"Niet brandend","Daglicht","Droog",\N,\N,"Azaleastraat","Leeuwarden","Leeuwarden","Friesland",false,53.212426,5.809791,"material damage only","4","clear",false,1,"GM0080"
"20230015759",2023,"Uitsluitend materiele schade",2,"Personenauto","Fiets","Flank","Kruispunt, 4 takken",50,"Niet brandend","Daglicht","Regen",\N,\N,"Staringlaan","Hilversum","Hilversum","Noord-Holland",false,52.217713,5.157735,"material damage only","4","rain",false,1,"GM0402"
"20230015777",2023,"Uitsluitend materiele schade",2,"Bromfiets","Fiets","Flank","Kruispunt, 4 takken",50,"Niet brandend","Daglicht","Droog",\N,\N,"FIETSPAD","Utrecht","Utrecht","Utrecht",false,52.108881,5.112886,"material damage only","4","clear",false,1,"GM0344"
"20230023794",2023,"Uitsluitend materiele schade",1,"Fiets",\N,"Onbekend",\N,30,"Niet brandend","Daglicht","Droog",\N,"168292090","Papsouwselaan","Delft","Delft","Zuid-Holland",false,51.999433,4.354576,"material damage only","4","clear",false,1,"GM0503"
"20240029807",2024,"Letsel",1,"Fiets",\N,"Kop/staart","Rechte weg",30,"Niet brandend","Daglicht","Droog",\N,"157309092","Fahrenheitstraat","'s-Gravenhage","'s-Gravenhage","Zuid-Holland",false,52.074309,4.273667,"injury","2","clear",false,1,"GM0518"
"20230035695",2023,"Uitsluitend materiele schade",3,"Fiets","Personenauto","Los voorwerp","Rechte weg",30,"Niet brandend","Daglicht","Droog",\N,\N,"Raamstraat","Groningen","Groningen","Groningen",false,53.214358,6.568972,"material damage only","4","clear",false,1,"GM0014"
"20230068186",2023,"Uitsluitend materiele schade",2,"Fiets","Fiets","Frontaal","Bocht",30,"Brandend","Duisternis","Regen",\N,"600394490","Morsestraat","Berkel en Rodenrijs","Lansingerland","Zuid-Holland",false,51.977174,4.445005,"material damage only","4","rain",false,1,"GM1621"
"20230023799",2023,"Letsel",2,"Fiets","Overig vast object","Vast voorwerp","Rechte weg",30,"Niet brandend","Daglicht","Droog",\N,"600373311","Dorus Rijkersstraat","Reeuwijk","Bodegraven-Reeuwijk","Zuid-Holland",false,52.046358,4.717137,"injury","2","clear",false,1,"GM1901"
"20230027249",2023,"Uitsluitend materiele schade",2,"Personenauto","Fiets","Flank","Kruispunt, 4 takken",50,"Niet brandend","Daglicht","Droog",\N,\N,"Beneluxweg","Oosterhout","Oosterhout","Noord-Brabant",false,51.623773,4.864159,"material damage only","4","clear",false,1,"GM0826"
"20230031277",2023,"Uitsluitend materiele schade",2,"Personenauto","Fiets","Flank","Kruispunt, 4 takken",50,"Niet brandend","Daglicht","Regen/Sneeuw/Hagel",\N,\N,"Van Anrooijstraat","Oss","Oss","Noord-Brabant",false,51.753544,5.520731,"material damage only","4","unknown",false,1,"GM0828"
"20230036272",2023,"Letsel",2,"Personenauto","Fiets","Frontaal","Kruispunt, 3 takken",50,"Niet brandend","Daglicht","Droog",\N,\N,"Spaarnestraat","Groningen","Groningen","Groningen",false,53.207932,6.563813,"injury","2","clear",false,1,"GM0014"
"20230067260",2023,"Letsel",2,"Personenauto","Fiets","Flank","Rechte weg",30,"Niet brandend","Daglicht","Droog",\N,"600754670","Benedenweg","Sint Pancras","Dijk en Waard","Noord-Holland",false,52.66562,4.783176,"injury","2","clear",false,1,"GM1980"
"20230076216",2023,"Letsel",1,"Fiets",\N,"Eenzijdig","Kruispunt, 4 takken",30,"Niet brandend","Daglicht","Droog",\N,\N,"Burgemeester Wallerweg","Houten","Houten","Utrecht",false,52.027145,5.157695,"injury","2","clear",false,1,"GM0321"
"20240025302",2024,"Uitsluitend materiele schade",2,"Personenauto","Fiets","Los voorwerp","Kruispunt, 4 takken",50,"Niet brandend","Daglicht","Droog",\N,\N,"Populierenstraat","Goes","Goes","Zeeland",false,51.496015,3.901955,"material damage only","4","clear",false,1,"GM0664"
"20240026206",2024,"Uitsluitend materiele schade",2,"Fiets","Overig vast object","Eenzijdig","Rotonde",50,"Brandend","Duisternis","Droog",\N,\N,"Voorthuizerstraat","Putten","Putten","Gelderland",false,52.257683,5.609812,"material damage only","4","clear",false,1,"GM0273"
"20230018106",2023,"Letsel",2,"Fiets","Fiets","Flank","Rechte weg",50,"Niet brandend","Daglicht","Droog",\N,\N,"Westtangent","Heerhugowaard","Dijk en Waard","Noord-Holland",false,52.676512,4.848931,"injury","2","clear",false,1,"GM1980"
"20230026156",2023,"Letsel",3,"Bromfiets","Fiets","Onbekend",\N,30,"Niet brandend","Daglicht","Droog",\N,"600597043","John F. Kennedyweg","Rotterdam","Rotterdam","Zuid-Holland",false,51.896502,4.541369,"injury","2","clear",false,1,"GM0599"
"20230028451",2023,"Letsel",1,"Fiets",\N,"Eenzijdig","Rechte weg",30,"Brandend","Duisternis","Droog",\N,"58173145","Baskensburgpad","Vlissingen","Vlissingen","Zeeland",false,51.45889,3.580988,"injury","2","clear",false,1,"GM0718"
"20230033008",2023,"Uitsluitend materiele schade",1,"Fiets",\N,"Eenzijdig","Kruispunt, 4 takken",30,"Brandend","Duisternis","Droog",\N,\N,"Herbenusstraat","Maastricht","Maastricht","Limburg",false,50.851858,5.68205,"material damage only","4","clear",false,1,"GM0935"
"20230033022",2023,"Uitsluitend materiele schade",2,"Personenauto","Fiets","Frontaal","Rotonde",50,"Niet brandend","Daglicht","Droog",\N,\N,"Kooikersweg","'s-Hertogenbosch","'s-Hertogenbosch","Noord-Brabant",false,51.697483,5.266631,"material damage only","4","clear",false,1,"GM0796"
"20240029965",2024,"Letsel",2,"Fiets","Fiets","Kop/staart","Rechte weg",\N,"Niet brandend","Daglicht","Droog",\N,"151304089","Tramstraat","'s-Gravenhage","'s-Gravenhage","Zuid-Holland",false,52.053876,4.235563,"injury","2","clear",false,1,"GM0518"
"20230069336",2023,"Letsel",2,"e-bike","Personenauto","Frontaal","Kruispunt, 4 takken",30,"Niet brandend","Daglicht","Droog",\N,\N,"Galileïlaan","Dordrecht","Dordrecht","Zuid-Holland",false,51.784396,4.677222,"injury","2","clear",false,1,"GM0505"
"20230079259",2023,"Uitsluitend materiele schade",2,"Fiets","Personenauto","Flank","Rotonde",60,"Niet brandend","Daglicht","Droog",\N,\N,"Fressevenweg","Bergeijk","Bergeijk","Noord-Brabant",false,51.323988,5.378407,"material damage only","4","clear",false,1,"GM1724"
"20230033831",2023,"Uitsluitend materiele schade",2,"Personenauto","Fiets","Frontaal","Rechte weg",50,"Niet brandend","Daglicht","Droog",\N,"530352073","Gronausestraat","Losser","Losser","Overijssel",false,52.26116,7.005816,"material damage only","4","clear",false,1,"GM0168"
"20230034898",2023,"Uitsluitend materiele schade",1,"Fiets",\N,"Flank","Kruispunt, 4 takken",60,"Niet brandend","Daglicht","Droog",\N,\N,"Blikweg","Luttenberg","Raalte","Overijssel",false,52.387824,6.374691,"material damage only","4","clear",false,1,"GM0177"
"20240030514",2024,"Letsel",1,"Fiets",\N,"Eenzijdig","Kruispunt, 4 takken",30,"Niet brandend","Daglicht","Droog",\N,\N,"Jan Evertsenstraat","Amsterdam","Amsterdam","Noord-Holland",false,52.37142,4.85893,"injury","2","clear",false,1,"GM0363"
"20230067749",2023,"Letsel",2,\N,"Fiets","Eenzijdig","Rechte weg",30,"Niet brandend","Daglicht","Regen",\N,"279352149","Landstraat","Bussum","Gooise Meren","Noord-Holland",false,52.274578,5.16583,"injury","2","rain",false,1,"GM1942"
"20230068978",2023,"Letsel",1,"e-bike",\N,"Eenzijdig","Kruispunt, 3 takken",50,"Niet brandend","Daglicht","Droog",\N,\N,"Kappeyne vd Coppellostr","Delft","Delft","Zuid-Holland",false,52.013335,4.344668,"injury","2","clear",false,1,"GM0503"
"20230078238",2023,"Letsel",2,"Personenauto","Fiets","Flank","Kruispunt, 4 takken",50,"Niet brandend","Daglicht","Droog",\N,\N,"Atlantastraat","'s-Gravenhage","'s-Gravenhage","Zuid-Holland",false,52.033654,4.284237,"injury","2","clear",false,1,"GM0518"
"20230078610",2023,"Letsel",2,"Personenauto","Fiets","Flank","Kruispunt, 3 takken",50,"Niet brandend","Daglicht","Droog",\N,\N,"Edelsteensingel","Zoetermeer","Zoetermeer","Zuid-Holland",false,52.043573,4.473241,"injury","2","clear",false,1,"GM0637"
"20230078629",2023,"Letsel",1,"Fiets",\N,"Eenzijdig","Rechte weg",30,"Niet brandend","Daglicht","Droog",\N,"186341080","Herenstraat","Voorhout","Teylingen","Zuid-Holland",false,52.222252,4.483502,"injury","2","clear",false,1,"GM1525"
"20230078642",2023,"Letsel",1,"Fiets",\N,"Eenzijdig","Rechte weg",50,"Brandend","Duisternis","Droog",\N,\N,"Sportlaan","'s-Gravenhage","'s-Gravenhage","Zuid-Holland",false,52.085282,4.272233,"injury","2","clear",false,1,"GM0518"
"20230078731",2023,"Letsel",2,"Fiets","Fiets","Onbekend","Kruispunt, 4 takken",50,"Niet brandend","Daglicht","Regen",\N,\N,"Mijnbouwstraat","Delft","Delft","Zuid-Holland",false,52.006316,4.366711,"injury","2","rain",false,1,"GM0503"
"20230023935",2023,"Letsel",1,"Fiets",\N,"Eenzijdig","Rotonde",50,"Niet brandend","Daglicht","Droog",\N,\N,"FIETSPAD","'s-Gravenhage","'s-Gravenhage","Zuid-Holland",false,52.073056,4.275231,"injury","2","clear",false,1,"GM0518"
"20230069424",2023,"Letsel",2,"Personenauto","Fiets","Onbekend","Kruispunt, 4 takken",50,"Niet brandend","Daglicht","Droog",\N,\N,"Nieuwe Parklaan","'s-Gravenhage","'s-Gravenhage","Zuid-Holland",false,52.105833,4.294448,"injury","2","clear",false,1,"GM0518"
"20230075419",2023,"Letsel",2,"Bestelauto","e-bike","Eenzijdig","Kruispunt, 3 takken",50,"Niet brandend","Daglicht","Droog",\N,\N,"Hertzogstraat","Haarlem","Haarlem","Noord-Holland",false,52.392755,4.649939,"injury","2","clear",false,1,"GM0392"
"20230075701",2023,"Letsel",2,"Fiets","Fiets","Onbekend","Rechte weg",60,"Niet brandend","Daglicht","Droog",\N,"218414014","Startingerweg","Limmen","Castricum","Noord-Holland",false,52.551393,4.71733,"injury","2","clear",false,1,"GM0383"
"20230074020",2023,"Uitsluitend materiele schade",2,"Fiets","Fiets","Frontaal","Rechte weg",50,"Brandend","Duisternis","Droog",\N,"600539267","Snipperlingsdijk","Deventer","Deventer","Overijssel",false,52.251851,6.190373,"material damage only","4","clear",false,1,"GM0150"
"20230020006",2023,"Letsel",2,"Fiets","Fiets","Flank","Rechte weg",60,"Niet aanwezig","Daglicht","Droog",\N,"331350005","Stenenkamerseweg","Putten","Putten","Gelderland",false,52.263862,5.551999,"injury","2","clear",false,1,"GM0273"
"20230029131",2023,"Letsel",2,"Bromfiets","Fiets","Flank","Kruispunt, 3 takken",50,"Brandend","Duisternis","Droog",\N,\N,"Spoorpad","Tilburg","Tilburg","Noord-Brabant",false,51.561445,5.10588,"injury","2","clear",false,1,"GM0855"
"20230031436",2023,"Letsel",2,"Bestelauto","Fiets","Eenzijdig","Rechte weg",50,"Niet brandend","Daglicht","Regen",\N,"405036038","St.Antoniusstraat","Kerkrade","Kerkrade","Limburg",false,50.851958,6.066138,"injury","2","rain",false,1,"GM0928"
"20230036963",2023,"Letsel",2,"Bestelauto","Fiets","Eenzijdig","Rechte weg",60,"Niet brandend","Daglicht","Droog",\N,"203359001","Hillegommerdijk","Zwaanshoek","Haarlemmermeer","Noord-Holland",false,52.307886,4.607483,"injury","2","clear",false,1,"GM0394"
"20230068377",2023,"Letsel",1,"Fiets",\N,"Eenzijdig","Rechte weg",50,\N,"Daglicht","Droog",\N,"168272010","Schiedamseweg","Vlaardingen","Vlaardingen","Zuid-Holland",false,51.909366,4.357997,"injury","2","clear",false,1,"GM0622"
"20230073876",2023,"Letsel",1,"Fiets",\N,"Eenzijdig","Kruispunt, 4 takken",50,"Brandend","Duisternis","Regen",\N,\N,"Boomcateweg","Nijverdal","Hellendoorn","Overijssel",false,52.362625,6.485048,"injury","2","rain",false,1,"GM0163"
"20230074247",2023,"Letsel",2,"Fiets","Personenauto","Flank","Kruispunt, 4 takken",50,"Niet brandend","Daglicht","Droog",\N,\N,"Weusthagstraat","Hengelo","Hengelo (O)","Overijssel",false,52.277341,6.798391,"injury","2","clear",false,1,\N
"20230074448",2023,"Letsel",2,"Personenauto","Fiets","Flank","Kruispunt, 3 takken",30,"Niet brandend","Daglicht","Droog",\N,\N,"Sportlaan","Drachten","Smallingerland","Friesland",false,53.095566,6.088519,"injury","2","clear",false,1,"GM0090"
"20230079014",2023,"Letsel",3,"Snorfiets","Fiets","Frontaal","Rechte weg",50,"Niet brandend","Daglicht","Droog",\N,"211297028","Nieuwe Gouwe O.Z.","Gouda","Gouda","Zuid-Holland",false,52.023152,4.672911,"injury","2","clear",false,1,"GM0513"
"20230016520",2023,"Letsel",2,"Fiets","Fiets","Frontaal","Rechte weg",50,"Niet brandend","Daglicht","Droog",\N,"600778793","Herculesplein","Utrecht","Utrecht","Utrecht",false,52.078832,5.143679,"injury","2","clear",false,1,"GM0344"