"accident_id","year","severity_raw","party_count","party1_type","party2_type","accident_type","road_situation","speed_limit_kmh","road_lighting","light_condition_label","weather_raw","infra_type","road_segment_id","street_name","place_name","gemeente_name_raw","province","alcohol_indicated","latitude","longitude","severity_label","severity_code","weather_label","built_up_area","cyclists_involved","gemeente_code"
"20230023379",2023,"Uitsluitend materiele schade",2,"Personenauto","Fiets","Flank","Rechte weg",30,"Brandend","Duisternis","Regen",\N,"243369028","Schipbeekstraat","Amsterdam","Amsterdam","Noord-Holland",false,52.34772,4.897863,"material damage only","4","rain",false,1,"GM0363"
"20230035445",2023,"Uitsluitend materiele schade",2,"Bromfiets","Fiets","Flank","Kruispunt, 4 takken",30,"Niet brandend","Daglicht","Droog",\N,\N,"Breitnerstraat","Duiven","Duiven","Gelderland",false,51.946592,6.00913,"material damage only","4","clear",false,1,"GM0226"
"20230079092",2023,"Uitsluitend materiele schade",2,"Personenauto","Fiets","Flank","Kruispunt, 3 takken",50,"Niet brandend","Daglicht","Droog",\N,\N,"Pachtersdreef","'s-Gravenhage","'s-Gravenhage","Zuid-Holland",false,52.034546,4.264863,"material damage only","4","clear",false,1,"GM0518"
"20230021171",2023,"Uitsluitend materiele schade",2,"Scootmobiel","Fiets","Kop/staart","Rechte weg",50,"Niet brandend","Daglicht","Droog",\N,"161306092","Parallelweg","'s-Gravenhage","'s-Gravenhage","Zuid-Holland",false,52.061849,4.309145,"material damage only","4","clear",false,1,"GM0518"
"20230078359",2023,"Letsel",2,"Bromfiets","Fiets","Frontaal","Kruispunt, 3 takken",50,"Niet brandend","Daglicht","Droog",\N,\N,"Ypenburgse Boslaan","'s-Gravenhage","'s-Gravenhage","Zuid-Holland",false,52.042819,4.364333,"injury","2","clear",false,1,"GM0518"
"20240030855",2024,"Letsel",1,"Fiets",\N,"Onbekend","Rechte weg",50,"Niet brandend","Daglicht","Regen","Brug/viaduct","209377039","Oudeweg","Haarlem","Haarlem","Noord-Holland",false,52.385425,4.648115,"injury","2","rain",false,1,"GM0392"
"20240030917",2024,"Letsel",2,"Personenauto","Fiets","Flank","Rotonde",50,"Niet brandend","Daglicht","Droog",\N,\N,"Emmalaan","Den Burg","Texel","Noord-Holland",false,53.050533,4.795884,"injury","2","clear",false,1,"GM0448"
"20230070783",2023,"Uitsluitend materiele schade",1,"Fiets",\N,"Frontaal","Kruispunt, 3 takken",50,"Niet brandend","Daglicht","Droog",\N,\N,"Vestdijktunnel","Eindhoven","Eindhoven","Noord-Brabant",false,51.443715,5.476772,"material damage only","4","clear",false,1,"GM0772"
"20230071431",2023,"Letsel",3,"Personenauto","Fiets","Flank","Kruispunt, 3 takken",30,"Niet brandend","Daglicht","Droog",\N,\N,"Irenelaan","Geleen","Sittard-Geleen","Limburg",false,50.96493,5.835333,"injury","2","clear",false,1,"GM1883"
"20230071627",2023,"Uitsluitend materiele schade",2,"Fiets","Fiets","Flank","Rechte weg",60,"Niet aanwezig","Daglicht","Droog",\N,"600845070","Schatbroekdijk","Sevenum","Horst aan de Maas","Limburg",false,51.387545,5.992857,"material damage only","4","clear",false,1,"GM1507"
"20230071980",2023,"Letsel",2,"Fiets","Fiets","Onbekend","Rechte weg",30,"Niet brandend","Daglicht","Droog",\N,"329171009","Opwettenseweg","Nuenen","Nuenen, Gerwen en Nederwetten","Noord-Brabant",false,51.460897,5.531013,"injury","2","clear",false,1,"GM0820"
"20230013170",2023,"Uitsluitend materiele schade",2,"Personenauto","Fiets","Flank","Rotonde",50,"Brandend","Duisternis","Droog",\N,\N,"Veenderweg","Ede","Ede","Gelderland",false,52.038791,5.65001,"material damage only","4","clear",false,1,"GM0228"
"20230026945",2023,"Uitsluitend materiele schade",3,"Personenauto","Fiets","Onbekend","Kruispunt, 4 takken",50,"Niet brandend","Schemer","Droog",\N,\N,"Statendamweg","Oosterhout","Oosterhout","Noord-Brabant",false,51.663132,4.856116,"material damage only","4","clear",false,1,"GM0826"
"20240030317",2024,"Uitsluitend materiele schade",2,"Fiets","Voetganger","Voetganger","Rechte weg",30,"Niet brandend","Daglicht","Droog",\N,"246369023","Transvaalkade","Amsterdam","Amsterdam","Noord-Holland",false,52.351489,4.919363,"material damage only","4","clear",false,1,"GM0363"
"20230075333",2023,"Letsel",2,"Fiets","Fiets","Frontaal","Rechte weg",30,"Niet brandend","Daglicht","Droog",\N,"261320059","Antilopespoor","Maarssen","Stichtse Vecht","Utrecht",false,52.131856,5.032976,"injury","2","clear",false,1,"GM1904"
"20230075455",2023,"Uitsluitend materiele schade",2,"Personenauto","Fiets","Flank","Rotonde",50,"Niet brandend","Daglicht","Droog",\N,\N,"Almereweg","Medemblik","Medemblik","Noord-Holland",false,52.764697,5.098299,"material damage only","4","clear",false,1,"GM0420"
"20230013775",2023,"Uitsluitend materiele schade",2,"Fiets","Personenauto","Flank","Kruispunt, 3 takken",30,"Niet brandend","Daglicht","Droog",\N,\N,"Burgwal","Kampen","Kampen","Overijssel",false,52.558818,5.914059,"material damage only","4","clear",false,1,"GM0166"
"20230016091",2023,"Letsel",2,"Personenauto","Fiets","Flank","Rechte weg",50,"Brandend","Duisternis","Droog",\N,\N,"IJsselveld","Montfoort","Montfoort","Utrecht",false,52.046307,4.930222,"injury","2","clear",false,1,"GM0335"
"20230020701",2023,"Letsel",2,"Bromfiets","Fiets","Flank","Kruispunt, 3 takken",30,"Niet brandend","Daglicht","Droog",\N,\N,"Marnixstraat","Amsterdam","Amsterdam","Noord-Holland",false,52.366618,4.879469,"injury","2","clear",false,1,"GM0363"
"20230021803",2023,"Letsel",2,"Fiets","Voetganger","Voetganger","Rechte weg",50,"Niet brandend","Duisternis","Droog",\N,"600916104","Kurhausweg","'s-Gravenhage","'s-Gravenhage","Zuid-Holland",false,52.112149,4.283757,"injury","2","clear",false,1,"GM0518"
"20230024715",2023,"Letsel",1,"Fiets",\N,"Eenzijdig","Rechte weg",70,"Brandend","Duisternis","Droog",\N,\N,"Westelijke Randweg","Haarlem","Haarlem","Noord-Holland",false,52.374073,4.610305,"injury","2","clear",false,1,"GM0392"
"20230025296",2023,"Letsel",2,"e-bike","Fiets","Eenzijdig","Bocht",50,"Brandend","Duisternis","Regen",\N,\N,"Korte Boonestraat","Maassluis","Maassluis","Zuid-Holland",false,51.92332,4.253271,"injury","2","rain",false,1,"GM0556"
"20230029880",2023,"Letsel",1,"Fiets",\N,"Eenzijdig","Rechte weg",30,"Brandend","Duisternis","Droog",\N,"181344024","van Limburg Stirumstraat","Noordwijk","Noordwijk","Zuid-Holland",false,52.233546,4.445904,"injury","2","clear",false,1,"GM0575"
"20240029295",2024,"Uitsluitend materiele schade",2,"Bromfiets","Fiets","Frontaal","Rechte weg",60,"Niet brandend","Daglicht","Droog",\N,\N,"Hoofdstraat","Gorssel","Lochem","Gelderland",false,52.195434,6.200221,"material damage only","4","clear",false,1,"GM0262"
"20240030907",2024,"Uitsluitend materiele schade",2,"Personenauto","Fiets","Flank","Rechte weg",30,"Niet brandend","Daglicht","Droog",\N,"249372004","Solostraat","Amsterdam","Amsterdam","Noord-Holland",false,52.360871,4.941747,"material damage only","4","clear",false,1,"GM0363"
"20230071697",2023,"Uitsluitend materiele schade",2,\N,"Fiets","Kop/staart","Rechte weg",50,"Niet brandend","Daglicht","Regen",\N,"279224016","Tuinbouwweg","Haarsteeg","Heusden","Noord-Brabant",false,51.701258,5.170802,"material damage only","4","rain",false,1,"GM0797"
"20230076914",2023,"Letsel",2,"Fiets","Personenauto","Flank","Kruispunt, 4 takken",50,"Niet brandend","Daglicht",\N,\N,\N,"Hengelolaan","'s-Gravenhage","'s-Gravenhage","Zuid-Holland",false,52.051614,4.276904,"injury","2","unknown",false,1,"GM0518"
"20230073306",2023,"Letsel",2,"Fiets","Personenauto","Flank","Rotonde",50,"Niet brandend","Daglicht","Droog",\N,\N,"Diedenweg","Wageningen","Wageningen","Gelderland",false,51.979517,5.679916,"injury","2","clear",false,1,"GM0289"
"20230073438",2023,"Letsel",2,"Bestelauto","Fiets","Eenzijdig","Rechte weg",80,"Niet brandend","Daglicht","Droog",\N,"339301002","Rijksweg","Ede","Ede","Gelderland",true,52.046134,5.602327,"injury","2","clear",false,1,"GM0228"
"20230013232",2023,"Letsel",2,"Bestelauto","Fiets","Onbekend","Rotonde",30,"Niet brandend","Daglicht","Droog",\N,\N,"Rembrandtstraat","Voorthuizen","Barneveld","Gelderland",false,52.185523,5.603102,"injury","2","clear",false,1,"GM0203"
"20230016125",2023,"Uitsluitend materiele schade",2,"Bromfiets","Fiets","Flank","Rechte weg",\N,"Niet brandend","Schemer","Droog",\N,"600285973","Chopinpad","Almere","Almere","Flevoland",false,52.368511,5.193168,"material damage only","4","clear",false,1,"GM0034"
"20230017831",2023,"Letsel",1,"Fiets",\N,"Eenzijdig","Rechte weg",30,"Niet aanwezig","Daglicht","Droog",\N,"213447007","Schoorlse Zeeweg","Schoorl","Bergen (NH)","Noord-Holland",false,52.700168,4.67767,"injury","2","clear",false,1,\N
"20230018417",2023,"Letsel",2,"Personenauto","Fiets","Flank","Kruispunt, 4 takken",50,"Niet brandend","Daglicht","Droog",\N,\N,"Wheredijk","Purmerend","Purmerend","Noord-Holland",false,52.505497,4.965315,"injury","2","clear",false,1,"GM0439"
"20230022385",2023,"Uitsluitend materiele schade",2,"Personenauto","Fiets","Onbekend","Kruispunt, 3 takken",50,"Niet brandend","Daglicht","Droog",\N,\N,"Albert Plesmanplein","Gouda","Gouda","Zuid-Holland",false,52.018378,4.710327,"material damage only","4","clear",false,1,"GM0513"
"20230022397",2023,"Letsel",2,"Personenauto","Fiets","Flank","Rechte weg",50,"Niet brandend","Daglicht","Droog",\N,"600107203","Verrijn Stuartlaan","Rijswijk","Rijswijk","Zuid-Holland",false,52.042071,4.336376,"injury","2","clear",false,1,\N
"20230022958",2023,"Letsel",2,"Fiets","Overig vast object","Vast voorwerp","Rechte weg",50,"Brandend","Duisternis","Droog",\N,"144299032","Geestweg","Monster","Westland","Zuid-Holland",false,52.030837,4.18042,"injury","2","clear",false,1,"GM1783"
"20240031574",2024,"Uitsluitend materiele schade",2,"Bromfiets","Fiets","Onbekend","Rechte weg",50,"Niet brandend","Daglicht","Droog",\N,"600772053","Rillaerse-Baan","Goirle","Goirle","Noord-Brabant",false,51.528862,5.061079,"material damage only","4","clear",false,1,"GM0785"
"20230078073",2023,"Letsel",2,"Fiets","Bromfiets","Kop/staart","Rechte weg",30,"Niet brandend","Daglicht","Regen",\N,"160300014","Generaal Spoorlaan","Rijswijk","Rijswijk","Zuid-Holland",false,52.037049,4.301513,"injury","2","rain",false,1,\N
"20230023571",2023,"Letsel",2,"Personenauto","Fiets","Flank","Rotonde",50,"Niet brandend","Daglicht","Droog",\N,\N,"Bosweg","Naaldwijk","Westland","Zuid-Holland",false,52.003123,4.206812,"injury","2","clear",false,1,"GM1783"
"20230025897",2023,"Uitsluitend materiele schade",2,"Personenauto","Fiets","Onbekend","Kruispunt, 4 takken",50,"Niet brandend","Daglicht","Droog",\N,\N,"Nieuw-Mathenesserstraat","Schiedam","Schiedam","Zuid-Holland",false,51.912178,4.40903,"material damage only","4","clear",false,1,"GM0606"
"20240029304",2024,"Letsel",2,"Fiets","Voetganger","Voetganger","Bocht",30,"Niet brandend","Daglicht","Droog",\N,"600853128","Holthagen","Zwolle","Zwolle","Overijssel",false,52.545736,6.11511,"injury","2","clear",false,1,"GM0193"
"20230073660",2023,"Uitsluitend materiele schade",2,"Personenauto","Fiets","Flank","Kruispunt, 3 takken",50,"Niet brandend","Daglicht","Droog",\N,\N,"Ruitenberglaan","Arnhem","Arnhem","Gelderland",false,51.986793,5.942773,"material damage only","4","clear",false,1,"GM0202"
"20230075251",2023,"Uitsluitend materiele schade",2,"Bromfiets","Fiets","Onbekend","Rechte weg",30,"Niet brandend","Daglicht","Droog",\N,"232389175","Rustenburg","Zaandam","Zaanstad","Noord-Holland",false,52.438491,4.818061,"material damage only","4","clear",false,1,"GM0479"
"20230075267",2023,"Uitsluitend materiele schade",1,"Fiets",\N,"Voetganger","Rechte weg",\N,"Niet brandend","Daglicht","Droog",\N,"200349034","IJweg","Lisserbroek","Haarlemmermeer","Noord-Holland",false,52.256542,4.582168,"material damage only","4","clear",false,1,"GM0394"
"20230020248",2023,"Uitsluitend materiele schade",2,"Bromfiets","Fiets","Frontaal","Bocht",30,"Brandend","Duisternis","Droog","Brug/viaduct","228367048","Langsom","Amsterdam","Amsterdam","Noord-Holland",false,52.340955,4.792394,"material damage only","4","clear",false,1,"GM0363"
"20230020788",2023,"Uitsluitend materiele schade",1,"Fiets",\N,"Voetganger","Rechte weg",30,"Niet brandend","Daglicht","Droog",\N,"240365071","Willem van Weldammelaan","Amsterdam","Amsterdam","Noord-Holland",false,52.331558,4.87568,"material damage only","4","clear",false,1,"GM0363"
"20230021933",2023,"Letsel",2,"Fiets","Fiets","Onbekend","Rechte weg",30,"Niet brandend","Daglicht","Droog",\N,\N,"Notenstraat","'s-Gravenhage","'s-Gravenhage","Zuid-Holland",false,52.063122,4.255868,"injury","2","clear",false,1,"GM0518"
"20230027643",2023,"Uitsluitend materiele schade",2,"Personenauto","Fiets","Flank","Kruispunt, 4 takken",30,"Niet brandend","Daglicht","Droog",\N,\N,"Oerlesestraat","Tilburg","Tilburg","Noord-Brabant",false,51.547139,5.077745,"material damage only","4","clear",false,1,"GM0855"
"20230074586",2023,"Uitsluitend materiele schade",2,"Bromfiets","Fiets","Flank","Kruispunt, 4 takken",30,"Niet brandend","Daglicht","Droog",\N,\N,"Panneroodstraat","Zaandam","Zaanstad","Noord-Holland",false,52.445501,4.839417,"material damage only","4","clear",false,1,"GM0479"
"20230019107",2023,"Letsel",2,"Personenauto","Fiets","Flank","Kruispunt, 3 takken",60,"Niet brandend","Daglicht","Droog",\N,\N,"Twekkelerbeekweg","Enschede","Enschede","Overijssel",false,52.217654,6.829139,"injury","2","clear",false,1,"GM0153"
"20230017731",2023,"Letsel",2,"Personenauto","Fiets","Flank","Kruispunt, 3 takken",30,"Niet brandend","Daglicht","Droog",\N,\N,"Tochtwaard","Alkmaar","Alkmaar","Noord-Holland",false,52.64617,4.752477,"injury","2","clear",false,1,"GM0361"
"20230101249",2023,"Letsel",1,"Fiets",\N,"Eenzijdig","Rechte weg",60,"Niet brandend","Daglicht","Droog",\N,"127266005","Langeweg","Rockanje","Voorne aan Zee","Zuid-Holland",false,51.880385,4.059444,"injury","2","clear",false,1,"GM1992"
"20240032107",2024,"Letsel",1,"Fiets",\N,"Onbekend","Rechte weg",50,"Niet brandend","Daglicht","Regen",\N,"600238959","Pad van Bremmer","Oegstgeest","Oegstgeest","Zuid-Holland",false,52.172929,4.467302,"injury","2","rain",false,1,"GM0579"
"20240033465",2024,"Uitsluitend materiele schade",2,"Bestelauto","Fiets","Kop/staart","Rechte weg",30,"Niet brandend","Daglicht","Droog",\N,"206195003","Waldhoornlaan","Etten-Leur","Etten-Leur","Noord-Brabant",false,51.564198,4.638179,"material damage only","4","clear",false,1,"GM0777"
"20240081331",2024,"Letsel",2,"Bestelauto","Fiets","Kop/staart","Kruispunt, 4 takken",50,"Niet brandend","Daglicht","Droog",\N,\N,"Jan van Beersstraat","'s-Gravenhage","'s-Gravenhage","Zuid-Holland",false,52.055583,4.323214,"injury","2","clear",false,1,"GM0518"
"20240041935",2024,"Letsel",1,"Fiets",\N,"Flank","Rotonde",50,"Niet brandend","Daglicht","Regen",\N,\N,"Keerkring","Capelle aan den IJssel","Capelle aan den IJssel","Zuid-Holland",false,51.933707,4.603176,"injury","2","rain",false,1,"GM0502"
"20240076344",2024,"Letsel",2,"Fiets","Fiets","Onbekend","Rotonde",80,"Niet brandend","Daglicht","Droog",\N,\N,"Swaerderwei","Tzummarum","Waadhoeke","Friesland",false,53.240103,5.55613,"injury","2","clear",false,1,"GM1949"
"20240079035",2024,"Uitsluitend materiele schade",3,"Personenauto","Fiets","Los voorwerp","Rotonde",50,"Niet brandend","Daglicht","Droog",\N,\N,"Beresteinlaan","'s-Gravenhage","'s-Gravenhage","Zuid-Holland",false,52.040638,4.256086,"material damage only","4","clear",false,1,"GM0518"
"20240079065",2024,"Letsel",1,"Fiets",\N,"Onbekend","Kruispunt, 4 takken",30,"Niet brandend","Daglicht","Droog",\N,\N,"Nassauplein","'s-Gravenhage","'s-Gravenhage","Zuid-Holland",false,52.088599,4.30692,"injury","2","clear",false,1,"GM0518"
"20240037273",2024,"Letsel",2,"Fiets","Personenauto","Flank","Kruispunt, 4 takken",50,"Niet brandend","Daglicht","Droog",\N,\N,"Westersingel","Groningen","Groningen","Groningen",false,53.218358,6.556237,"injury","2","clear",false,1,"GM0014"
"20240038230",2024,"Letsel",2,"Personenauto","Fiets","Frontaal","Kruispunt, 4 takken",30,"Niet brandend","Daglicht","Droog",\N,\N,"Rijnenburglaan","Utrecht","Utrecht","Utrecht",false,52.062983,5.119243,"injury","2","clear",false,1,"GM0344"
"20240040544",2024,"Uitsluitend materiele schade",2,"Personenauto","Fiets","Onbekend","Kruispunt, 3 takken",30,"Niet brandend","Daglicht","Droog",\N,\N,"Laan van Troyes","Alkmaar","Alkmaar","Noord-Holland",false,52.653448,4.758391,"material damage only","4","clear",false,1,"GM0361"
"20240051534",2024,"Uitsluitend materiele schade",2,\N,"Fiets","Frontaal","Rechte weg",30,"Niet aanwezig","Daglicht","Droog",\N,"600910346","Buiksloterweg","Amsterdam","Amsterdam","Noord-Holland",false,52.385276,4.910021,"material damage only","4","clear",false,1,"GM0363"
"20240051543",2024,"Letsel",2,"Fiets","Personenauto","Onbekend","Rechte weg",50,"Niet brandend","Daglicht","Droog",\N,"208373061","Belgiëlaan","Haarlem","Haarlem","Noord-Holland",false,52.364508,4.645706,"injury","2","clear",false,1,"GM0392"
"20240081402",2024,"Letsel",1,"Fiets",\N,"Eenzijdig","Kruispunt, 3 takken",30,"Niet brandend","Daglicht","Droog",\N,\N,"Spoorlaan","Zwammerdam","Alphen aan den Rijn","Zuid-Holland",false,52.104801,4.721267,"injury","2","clear",false,1,"GM0484"
"20240038282",2024,"Uitsluitend materiele schade",2,"Personenauto","Fiets","Kop/staart","Kruispunt, 4 takken",30,"Niet brandend","Daglicht","Droog",\N,\N,"Friesestraat","Amersfoort","Amersfoort","Utrecht",false,52.159096,5.374873,"material damage only","4","clear",false,1,"GM0307"
"20240047866",2024,"Letsel",1,"Fiets",\N,"Eenzijdig","Rechte weg",30,"Niet brandend","Daglicht","Droog",\N,\N,"Laan van Angers","Haarlem","Haarlem","Noord-Holland",false,52.356551,4.648264,"injury","2","clear",false,1,"GM0392"
"20240050963",2024,"Letsel",2,"Personenauto","Fiets","Flank","Rotonde",50,"Niet brandend","Daglicht","Droog",\N,\N,"Sportlaan","Amstelveen","Amstelveen","Noord-Holland",false,52.290033,4.864191,"injury","2","clear",false,1,"GM0362"
"20240051619",2024,"Letsel",2,"Fiets","Fiets","Kop/staart","Rechte weg",50,"Niet brandend","Daglicht","Droog",\N,"232536002","Limietweg","De Cocksdorp","Texel","Noord-Holland",false,53.096642,4.813554,"injury","2","clear",false,1,"GM0448"
"20240079175",2024,"Letsel",2,"Personenauto","Fiets","Flank","Kruispunt, 4 takken",50,"Niet brandend","Daglicht","Droog",\N,\N,"Schuttersveld","Leiden","Leiden","Zuid-Holland",false,52.166104,4.48624,"injury","2","clear",false,1,"GM0546"
"20240034328",2024,"Letsel",2,"Personenauto","Fiets","Onbekend","Rechte weg",80,"Niet brandend","Daglicht","Droog",\N,"394022002","Lemiers-Rijksweg","Lemiers","Vaals","Limburg",false,50.788522,5.988185,"injury","2","clear",false,1,"GM0981"
"20240042754",2024,"Uitsluitend materiele schade",2,"Fiets","Bestelauto","Flank","Rechte weg",30,"Niet aanwezig","Daglicht","Droog",\N,"240372016","Bosboom Toussaintstraat","Amsterdam","Amsterdam","Noord-Holland",false,52.365492,4.875811,"material damage only","4","clear",false,1,"GM0363"
"20240047329",2024,"Letsel",2,"Fiets","Personenauto","Flank","Rechte weg",80,"Niet brandend","Daglicht","Droog",\N,"600950814","Hoofdweg","Veenhuizen","Noordenveld","Drenthe",false,53.031905,6.388607,"injury","2","clear",false,1,"GM1699"
"20240080490",2024,"Uitsluitend materiele schade",2,"Fiets","Personenauto","Flank","Kruispunt, 3 takken",30,"Niet brandend","Daglicht","Droog",\N,\N,"Pallieterplein","Oosterhout","Oosterhout","Noord-Brabant",false,51.649939,4.835203,"material damage only","4","clear",false,1,"GM0826"
"20240040073",2024,"Uitsluitend materiele schade",2,"Personenauto","Fiets","Onbekend","Rechte weg",30,"Brandend","Duisternis","Regen",\N,"162298015","Petronella Voûtestraat","Rijswijk","Rijswijk","Zuid-Holland",false,52.027118,4.315134,"material damage only","4","rain",false,1,\N
"20240040719",2024,"Letsel",2,"Snorfiets","Fiets","Flank","Kruispunt, 4 takken",30,"Niet brandend","Daglicht","Droog",\N,\N,"Debussystraat","Leiden","Leiden","Zuid-Holland",false,52.146931,4.470778,"injury","2","clear",false,1,"GM0546"
"20240033136",2024,"Letsel",2,"Personenauto","Fiets","Flank","Kruispunt, 3 takken",50,"Niet brandend","Daglicht","Droog",\N,\N,"Mercuriusweg","'s-Gravenhage","'s-Gravenhage","Zuid-Holland",false,52.06952,4.336418,"injury","2","clear",false,1,"GM0518"
"20240037766",2024,"Letsel",2,"Personenauto","Fiets","Flank","Kruispunt, 3 takken",50,"Niet brandend","Daglicht","Droog",\N,\N,"Dr. W.M. Verhaarlaan","Emmeloord","Noordoostpolder","Flevoland",false,52.719284,5.736945,"injury","2","clear",false,1,"GM0171"
"20240038442",2024,"Uitsluitend materiele schade",2,"Personenauto","Fiets","Flank","Rechte weg",50,"Niet brandend","Daglicht","Droog",\N,\N,"Schuitengat","Zandvoort","Zandvoort","Noord-Holland",false,52.374234,4.528355,"material damage only","4","clear",false,1,"GM0473"
"20240076577",2024,"Letsel",2,"Bromfiets","Fiets","Onbekend","Kruispunt, 4 takken",15,"Niet brandend","Daglicht","Regen",\N,\N,"Jan Gelinde van Blomstr","Drachten","Smallingerland","Friesland",false,53.105871,6.098279,"injury","2","rain",false,1,"GM0090"
"20240038454",2024,"Letsel",2,"Bestelauto","Fiets","Flank","Kruispunt, 3 takken",30,"Niet brandend","Daglicht","Droog",\N,\N,"Beets","Beets","Edam-Volendam","Noord-Holland",true,52.5882,4.977678,"injury","2","clear",false,1,"GM0385"
"20240042867",2024,"Uitsluitend materiele schade",2,"Personenauto","Fiets","Flank","Kruispunt, 4 takken",30,"Niet brandend","Daglicht","Regen","Brug/viaduct",\N,"Hoornsewal","Den Hoorn","Midden-Delfland","Zuid-Holland",false,51.999374,4.330021,"material damage only","4","rain",false,1,"GM1842"
"20240040836",2024,"Letsel",2,"Bromfiets","Fiets","Flank","Kruispunt, 4 takken",30,"Brandend","Duisternis","Droog",\N,\N,"Korte Mare","Leiden","Leiden","Zuid-Holland",false,52.16355,4.489842,"injury","2","clear",false,1,"GM0546"
"20240071932",2024,"Uitsluitend materiele schade",2,"Bromfiets","Fiets","Flank","Kruispunt, 4 takken",30,"Niet brandend","Daglicht","Droog",\N,\N,"Noordwal","'s-Gravenhage","'s-Gravenhage","Zuid-Holland",false,52.079685,4.302889,"material damage only","4","clear",false,1,"GM0518"
"20240071953",2024,"Letsel",2,"Fiets","Snorfiets","Flank","Rechte weg",30,"Niet brandend","Daglicht","Droog",\N,"205251024","Jeroen Boschlaan","Zwijndrecht","Zwijndrecht","Zuid-Holland",false,51.81922,4.632271,"injury","2","clear",false,1,"GM0642"
"20240079985",2024,"Letsel",2,"Bromfiets","Fiets","Onbekend","Rechte weg",80,"Brandend","Duisternis","Droog",\N,"600122772","Westerweg","Heerhugowaard","Dijk en Waard","Noord-Holland",false,52.669067,4.816202,"injury","2","clear",false,1,"GM1980"
"20240048179",2024,"Uitsluitend materiele schade",2,"Personenauto","Fiets","Flank","Rotonde",50,"Niet brandend","Daglicht","Regen",\N,\N,"Espelerlaan","Emmeloord","Noordoostpolder","Flevoland",false,52.712501,5.749476,"material damage only","4","rain",false,1,"GM0171"
"20240072862",2024,"Uitsluitend materiele schade",2,"Personenauto","Fiets","Flank","Kruispunt, 4 takken",50,"Niet brandend","Daglicht","Droog",\N,\N,"Mauritsstraat","Beek en Donk","Laarbeek","Noord-Brabant",false,51.525697,5.64087,"material damage only","4","clear",false,1,"GM1659"
"20240081070",2024,"Letsel",1,"Fiets",\N,"Onbekend",\N,50,\N,"Daglicht",\N,\N,"181294094","Oostlandpad","Pijnacker","Pijnacker-Nootdorp","Zuid-Holland",false,52.01001,4.449437,"injury","2","unknown",false,1,"GM1926"
"20240037946",2024,"Uitsluitend materiele schade",2,"Fiets","Fiets","Frontaal","Rechte weg",50,"Niet brandend","Daglicht","Droog",\N,"600393866","H Gerhardstraat","Zaandam","Zaanstad","Noord-Holland",false,52.443491,4.829821,"material damage only","4","clear",false,1,"GM0479"
"20240047538",2024,"Uitsluitend materiele schade",2,"Personenauto","Fiets","Onbekend",\N,30,\N,"Daglicht",\N,\N,"398532025","Westerbuorren","Boornbergum","Smallingerland","Friesland",false,53.08272,6.044819,"material damage only","4","unknown",false,1,"GM0090"
"20240050645",2024,"Dodelijk",2,"Fiets","Personenauto","Flank","Rechte weg",30,"Niet brandend","Daglicht","Droog",\N,"188329199","Willem de Zwijgerlaan","Leiden","Leiden","Zuid-Holland",false,52.167901,4.499358,"fatal","1","clear",false,1,"GM0546"
"20240078824",2024,"Letsel",1,"Fiets",\N,"Onbekend",\N,50,\N,"Daglicht",\N,\N,"226279006","Kadijk","Bergambacht","Krimpenerwaard","Zuid-Holland",false,51.944487,4.798354,"injury","2","unknown",false,1,"GM1931"
"20240176392",2024,"Letsel",2,"Personenauto","Fiets","Flank","Rotonde",50,"Niet brandend","Daglicht","Droog",\N,\N,"Orionweg","IJmuiden","Velsen","Noord-Holland",false,52.45382,4.594321,"injury","2","clear",false,1,"GM0453"
"20240038605",2024,"Letsel",2,"Bromfiets","Fiets","Kop/staart","Rechte weg",30,"Niet brandend","Daglicht","Droog","Tunnel","600770173","Duivenkamp","Maarssen","Stichtse Vecht","Utrecht",false,52.129409,5.027092,"injury","2","clear",false,1,"GM1904"
"20240050652",2024,"Letsel",1,"Fiets",\N,"Onbekend","Rechte weg",30,"Niet brandend","Daglicht","Regen",\N,"191340058","Anne Frankhove","Sassenheim","Teylingen","Zuid-Holland",false,52.217857,4.520306,"injury","2","rain",false,1,"GM1525"
"20240078859",2024,"Letsel",2,"Personenauto","Fiets","Onbekend",\N,50,\N,"Daglicht",\N,\N,"186306105","Europaweg","Zoetermeer","Zoetermeer","Zuid-Holland",false,52.062852,4.489399,"injury","2","unknown",false,1,"GM0637"
"20240037045",2024,"Uitsluitend materiele schade",2,"Personenauto","Fiets","Onbekend","Bocht",50,"Niet brandend","Daglicht","Droog",\N,"402434166","Handelskade","Zwartsluis","Zwartewaterland","Overijssel",false,52.63975,6.072051,"material damage only","4","clear",false,1,"GM1896"
"20240076830",2024,"Letsel",2,"Fiets",\N,"Geparkeerd voertuig","Rechte weg",50,"Niet brandend","Daglicht","Droog",\N,"600771740","Rijksstraatweg","De Meern","Utrecht","Utrecht",false,52.081754,5.046937,"injury","2","clear",false,1,"GM0344"
"20240038046",2024,"Letsel",2,"Bestelauto","Fiets","Frontaal","Kruispunt, 3 takken",30,"Niet brandend","Daglicht","Droog",\N,\N,"Kievitlaan","Schagen","Schagen","Noord-Holland",true,52.783895,4.790457,"injury","2","clear",false,1,"GM0441"
"20240051378",2024,"Letsel",3,"Personenauto","Fiets","Onbekend","Rechte weg",30,"Niet brandend","Daglicht","Droog",\N,"600637557","Boodtlaan","De Koog","Texel","Noord-Holland",false,53.103469,4.768528,"injury","2","clear",false,1,"GM0448"