"accident_id","year","severity_raw","party_count","party1_type","party2_type","accident_type","road_situation","speed_limit_kmh","road_lighting","light_condition_label","weather_raw","infra_type","road_segment_id","street_name","place_name","gemeente_name_raw","province","alcohol_indicated","latitude","longitude","severity_label","severity_code","weather_label","built_up_area","cyclists_involved","gemeente_code"
"20220079567",2022,"Letsel",3,"Personenauto","Fiets","Onbekend","Rotonde",70,"Niet brandend","Daglicht","Droog",\N,\N,"Guisweg","Koog aan de Zaan","Zaanstad","Noord-Holland",false,52.462442,4.795997,"injury","2","clear",false,1,"GM0479"
"20220105437",2022,"Uitsluitend materiele schade",2,"Personenauto","Fiets","Kop/staart","Rechte weg",30,"Niet brandend","Daglicht","Droog",\N,"217296026","Juliana van Stolbergstr","Gouda","Gouda","Zuid-Holland",false,52.019474,4.716023,"material damage only","4","clear",false,1,"GM0513"
"20220105454",2022,"Letsel",2,"e-bike","Voetganger","Voetganger","Rechte weg",50,"Brandend","Duisternis","Droog",\N,"161310105","Torenstraat","'s-Gravenhage","'s-Gravenhage","Zuid-Holland",false,52.078394,4.3045,"injury","2","clear",false,1,"GM0518"
"20220054312",2022,"Uitsluitend materiele schade",2,"e-bike","Personenauto","Flank","Kruispunt, 4 takken",50,"Niet brandend","Daglicht","Droog",\N,\N,"Mosplein","Amsterdam","Amsterdam","Noord-Holland",false,52.391169,4.911265,"material damage only","4","clear",false,1,"GM0363"
"20220055583",2022,"Letsel",2,"Fiets","e-bike","Flank","Kruispunt, 3 takken",30,"Niet brandend","Daglicht","Droog",\N,\N,"Praam","Amstelveen","Amstelveen","Noord-Holland",false,52.279004,4.861305,"injury","2","clear",false,1,"GM0362"
"20220082279",2022,"Letsel",3,"Fiets","Fiets","Onbekend","Rechte weg",50,"Niet brandend","Daglicht","Regen",\N,"167293126","Krakeelpolderweg","Delft","Delft","Zuid-Holland",false,52.003353,4.35183,"injury","2","rain",false,1,"GM0503"
"20220084134",2022,"Letsel",2,"Personenauto","Fiets","Flank","Kruispunt, 4 takken",30,"Niet brandend","Daglicht","Droog",\N,\N,"Vrouw Avenweg","'s-Gravenhage","'s-Gravenhage","Zuid-Holland",false,52.056731,4.39921,"injury","2","clear",false,1,"GM0518"
"20220095988",2022,"Uitsluitend materiele schade",2,"Fiets","Fiets","Onbekend","Kruispunt, 4 takken",50,"Niet brandend","Daglicht","Droog",\N,\N,"Canadalaan","Apeldoorn","Apeldoorn","Gelderland",false,52.219646,5.956106,"material damage only","4","clear",false,1,"GM0200"
"20220097751",2022,"Letsel",2,"Personenauto","Fiets","Flank","Kruispunt, 4 takken",30,"Niet brandend","Daglicht","Droog",\N,\N,"Hoofdstraat","Apeldoorn","Apeldoorn","Gelderland",false,52.211288,5.966237,"injury","2","clear",false,1,"GM0200"
"20220023486",2022,"Letsel",2,"Bromfiets","Fiets","Flank","Rechte weg",30,"Niet brandend","Daglicht",\N,\N,"174274125","Singel","Schiedam","Schiedam","Zuid-Holland",false,51.918158,4.404307,"injury","2","unknown",false,1,"GM0606"
"20220055642",2022,"Uitsluitend materiele schade",2,"Bestelauto","Fiets","Onbekend","Rechte weg",50,"Niet brandend","Daglicht","Droog",\N,"600381197","Weesperstraat","Amsterdam","Amsterdam","Noord-Holland",false,52.362971,4.906994,"material damage only","4","clear",false,1,"GM0363"
"20220095389",2022,"Letsel",3,"Bromfiets","Fiets","Onbekend","Rechte weg",50,"Niet brandend","Daglicht","Droog",\N,"377288045","Utrechtseweg","Arnhem","Arnhem","Gelderland",false,51.985863,5.876165,"injury","2","clear",false,1,"GM0202"
"20220032527",2022,"Letsel",2,"Personenauto","Fiets","Flank","Rechte weg",30,"Brandend","Duisternis","Regen",\N,"467513100","Torenlaan","Assen","Assen","Drenthe",false,52.992318,6.560314,"injury","2","rain",false,1,"GM0106"
"20220040364",2022,"Letsel",2,"Snorfiets","Fiets","Flank","Kruispunt, 3 takken",30,"Niet brandend","Daglicht","Droog",\N,\N,"Paterswoldseweg","Groningen","Groningen","Groningen",false,53.210132,6.556232,"injury","2","clear",false,1,"GM0014"
"20220043853",2022,"Uitsluitend materiele schade",2,"Bromfiets","Fiets","Kop/staart","Rechte weg",15,"Brandend","Duisternis",\N,\N,"382286016","Rietgrachtstraat","Arnhem","Arnhem","Gelderland",false,51.975996,5.917921,"material damage only","4","unknown",false,1,"GM0202"
"20220047121",2022,"Uitsluitend materiele schade",2,"Personenauto","Fiets","Onbekend","Kruispunt, 4 takken",50,"Niet brandend","Daglicht","Droog",\N,\N,"Laan van Kuipershof","Apeldoorn","Apeldoorn","Gelderland",false,52.193612,5.983546,"material damage only","4","clear",false,1,"GM0200"
"20220047147",2022,"Uitsluitend materiele schade",2,"Bromfiets","Fiets","Frontaal","Bocht",\N,"Niet brandend","Daglicht","Droog",\N,"600593458","FIETSPAD","Warnsveld","Zutphen","Gelderland",false,52.130807,6.228247,"material damage only","4","clear",false,1,"GM0301"
"20220055717",2022,"Uitsluitend materiele schade",2,"Fiets","Fiets","Kop/staart","Rechte weg",15,"Niet brandend","Daglicht","Droog",\N,"237369085","Havenstraat","Amsterdam","Amsterdam","Noord-Holland",false,52.349107,4.855324,"material damage only","4","clear",false,1,"GM0363"
"20220058764",2022,"Letsel",1,"Fiets",\N,"Eenzijdig","Bocht",50,"Niet brandend","Daglicht","Droog","Brug/viaduct","186328031","Morsweg","Leiden","Leiden","Zuid-Holland",false,52.161898,4.481292,"injury","2","clear",false,1,"GM0546"
"20220069217",2022,"Uitsluitend materiele schade",2,"Personenauto","Fiets","Flank","Rotonde",50,"Niet brandend","Daglicht","Droog",\N,\N,"Heerlerbaan","Heerlen","Heerlen","Limburg",false,50.862838,6.005178,"material damage only","4","clear",false,1,"GM0917"
"20220070847",2022,"Uitsluitend materiele schade",2,"Personenauto","Fiets","Flank","Rechte weg",30,"Brandend","Daglicht","Droog",\N,"600142039","Stationsweg","Leeuwarden","Leeuwarden","Friesland",false,53.196829,5.792979,"material damage only","4","clear",false,1,"GM0080"
"20220082491",2022,"Letsel",3,"e-bike","Snorfiets","Flank","Kruispunt, 4 takken",50,"Niet brandend","Daglicht","Droog",\N,\N,"Oosthaven","Gouda","Gouda","Zuid-Holland",false,52.008832,4.712336,"injury","2","clear",false,1,"GM0513"
"20220097180",2022,"Uitsluitend materiele schade",3,"Personenauto","Fiets","Onbekend","Kruispunt, 3 takken",30,"Niet brandend","Daglicht","Droog",\N,\N,"Koningsplein","Arnhem","Arnhem","Gelderland",false,51.981265,5.913566,"material damage only","4","clear",false,1,"GM0202"
"20220098612",2022,"Letsel",1,"Fiets",\N,"Eenzijdig",\N,60,\N,"Daglicht",\N,\N,"311349006","Slingerweg","Zeewolde","Zeewolde","Flevoland",false,52.262404,5.397189,"injury","2","unknown",false,1,"GM0050"
"20220067783",2022,"Uitsluitend materiele schade",3,"Personenauto","Fiets","Geparkeerd voertuig","Rechte weg",30,"Niet brandend","Daglicht","Droog","Parkeervoorziening","292223060","Helftheuvelpassage","'s-Hertogenbosch","'s-Hertogenbosch","Noord-Brabant",false,51.695217,5.263882,"material damage only","4","clear",false,1,"GM0796"
"20220070936",2022,"Uitsluitend materiele schade",2,"Personenauto","Fiets","Onbekend","Rechte weg",30,"Niet brandend","Daglicht","Droog",\N,"467563123","Gedempte Zuiderdiep","Groningen","Groningen","Groningen",false,53.214632,6.567149,"material damage only","4","clear",false,1,"GM0014"
"20220083523",2022,"Letsel",2,"Personenauto","Fiets","Flank","Kruispunt, 4 takken",50,"Niet brandend","Daglicht","Regen",\N,\N,"Brasserhoutweg","'s-Gravenhage","'s-Gravenhage","Zuid-Holland",false,52.032393,4.382279,"injury","2","rain",false,1,"GM0518"
"20220088459",2022,"Uitsluitend materiele schade",2,"Personenauto","Fiets","Flank","Rechte weg",50,"Brandend","Schemer","Droog",\N,"202212045","Prins Hendrikstraat","Zevenbergen","Moerdijk","Noord-Brabant",false,51.643342,4.61001,"material damage only","4","clear",false,1,"GM1709"
"20220098935",2022,"Uitsluitend materiele schade",2,"Bestelauto","Fiets","Flank","Kruispunt, 4 takken",50,"Niet brandend","Daglicht","Droog",\N,\N,"Zuiderweg","Hilversum","Hilversum","Noord-Holland",false,52.227031,5.182936,"material damage only","4","clear",false,1,"GM0402"
"20220018844",2022,"Letsel",2,"Personenauto","Fiets","Flank","Kruispunt, 4 takken",50,"Niet brandend","Daglicht","Regen",\N,\N,"President Kennedylaan","Alphen aan den Rijn","Alphen aan den Rijn","Zuid-Holland",false,52.137283,4.672133,"injury","2","rain",false,1,"GM0484"
"20220026468",2022,"Letsel",1,"e-bike",\N,"Eenzijdig","Rechte weg",50,"Niet brandend","Daglicht","Droog",\N,\N,"Het Groene Woud","Middelburg","Middelburg","Zeeland",false,51.494862,3.610868,"injury","2","clear",false,1,\N
"20220034795",2022,"Letsel",2,"Fiets","Personenauto","Flank","Rotonde",50,"Niet brandend","Daglicht","Droog",\N,\N,"Vermeerstraat","Amersfoort","Amersfoort","Utrecht",false,52.150992,5.391856,"injury","2","clear",false,1,"GM0307"
"20220034824",2022,"Uitsluitend materiele schade",2,"Fiets","Fiets","Frontaal","Rechte weg",30,"Brandend","Duisternis","Regen","Tunnel","600806781","Verlengde Sportlaan","Veenendaal","Veenendaal","Utrecht",false,52.028619,5.539181,"material damage only","4","rain",false,1,"GM0345"
"20220038643",2022,"Letsel",2,"Personenauto","Fiets","Frontaal","Kruispunt, 3 takken",30,"Niet brandend","Daglicht","Droog",\N,\N,"Korenbloemlaan","Arnemuiden","Middelburg","Zeeland",false,51.505825,3.675099,"injury","2","clear",false,1,\N
"20220054710",2022,"Uitsluitend materiele schade",2,"Personenauto","e-bike","Flank","Kruispunt, 4 takken",50,"Niet brandend","Daglicht","Droog",\N,\N,"Willem Schermerhornstr","Amsterdam","Amsterdam","Noord-Holland",false,52.382514,4.803136,"material damage only","4","clear",false,1,"GM0363"
"20220102621",2022,"Letsel",2,"Personenauto","Fiets","Flank","Kruispunt, 3 takken",50,"Niet brandend","Daglicht","Droog",\N,\N,"Spaarndammerstraat","Amsterdam","Amsterdam","Noord-Holland",false,52.388208,4.880374,"injury","2","clear",false,1,"GM0363"
"20220103185",2022,"Uitsluitend materiele schade",2,"Fiets","Lichtmast","Vast voorwerp","Rechte weg",30,"Brandend","Schemer","Droog",\N,"249367023","Tuinbouwstraat","Amsterdam","Amsterdam","Noord-Holland",false,52.33969,4.944238,"material damage only","4","clear",false,1,"GM0363"
"20220036967",2022,"Letsel",1,"Fiets",\N,"Eenzijdig",\N,30,\N,"Daglicht",\N,\N,"141293020","Pijperplein","'s-Gravenzande","Westland","Zuid-Holland",false,52.00143,4.158762,"injury","2","unknown",false,1,"GM1783"
"20220055869",2022,"Letsel",2,"Personenauto","Fiets","Flank","Kruispunt, 4 takken",50,"Brandend","Duisternis","Droog",\N,\N,"Erasmusweg","'s-Gravenhage","'s-Gravenhage","Zuid-Holland",false,52.052417,4.302804,"injury","2","clear",false,1,"GM0518"
"20220059033",2022,"Letsel",2,"Fiets","Fiets","Flank","Bocht",\N,\N,"Daglicht","Droog",\N,\N,"Zuiveringspad","Waddinxveen","Waddinxveen","Zuid-Holland",false,52.052685,4.649314,"injury","2","clear",false,1,"GM0627"
"20220101298",2022,"Letsel",2,"e-bike","Overig vast object","Vast voorwerp","Rotonde",50,"Niet brandend","Daglicht","Droog",\N,\N,"De Bouw","Bovenkarspel","Stede Broec","Noord-Holland",false,52.700364,5.232083,"injury","2","clear",false,1,"GM0532"
"20220101676",2022,"Uitsluitend materiele schade",2,"Fiets","Fiets","Onbekend",\N,30,\N,"Daglicht",\N,\N,"291447048","Eg","Bovenkarspel","Stede Broec","Noord-Holland",false,52.701669,5.249403,"material damage only","4","unknown",false,1,"GM0532"
"20220107270",2022,"Letsel",2,"e-bike","e-bike","Kop/staart","Rechte weg",50,"Niet brandend","Daglicht","Droog","Brug/viaduct","194269109","Rijksweg A16","Rotterdam","Rotterdam","Zuid-Holland",false,51.896139,4.553166,"injury","2","clear",false,1,"GM0599"
"20220023927",2022,"Letsel",2,"Personenauto","Fiets","Flank","Rotonde",50,"Brandend","Schemer","Droog",\N,\N,"Vlietlaan","Ridderkerk","Ridderkerk","Zuid-Holland",false,51.864656,4.628606,"injury","2","clear",false,1,"GM0597"
"20220023989",2022,"Uitsluitend materiele schade",2,"Personenauto","Fiets","Flank","Rotonde",50,"Niet brandend","Daglicht","Droog",\N,\N,"Koninginneweg","Zwijndrecht","Zwijndrecht","Zuid-Holland",false,51.821735,4.647486,"material damage only","4","clear",false,1,"GM0642"
"20220054897",2022,"Letsel",3,"Personenauto","Fiets","Onbekend","Kruispunt, 3 takken",50,"Niet aanwezig","Daglicht","Droog",\N,\N,"Abcouderstraatweg","Amsterdam","Amsterdam","Noord-Holland",false,52.288854,4.961058,"injury","2","clear",false,1,"GM0363"
"20220107421",2022,"Uitsluitend materiele schade",2,"Bromfiets","Fiets","Onbekend",\N,\N,\N,"Daglicht","Droog",\N,\N,"Hoofdweg","Rotterdam","Rotterdam","Zuid-Holland",false,51.947552,4.543698,"material damage only","4","clear",false,1,"GM0599"
"20220075513",2022,"Letsel",2,"Bromfiets","e-bike","Flank","Kruispunt, 4 takken",30,"Niet brandend","Daglicht","Droog","Tunnel",\N,"Van Karnebeekstraat","Zwolle","Zwolle","Overijssel",false,52.504877,6.095585,"injury","2","clear",false,1,"GM0193"
"20220024074",2022,"Letsel",2,"Snorfiets","Fiets","Flank","Kruispunt, 4 takken",\N,"Niet brandend","Daglicht","Droog","Tunnel",\N,"Tolweg","Hellevoetsluis","Voorne aan Zee","Zuid-Holland",false,51.835313,4.145362,"injury","2","clear",false,1,"GM1992"
"20220063272",2022,"Letsel",3,"Personenauto","Fiets","Onbekend","Rechte weg",30,"Niet brandend","Daglicht","Droog",\N,"139255036","Weegschaal","Hellevoetsluis","Voorne aan Zee","Zuid-Holland",false,51.832754,4.151324,"injury","2","clear",false,1,"GM1992"
"20220112981",2022,"Uitsluitend materiele schade",2,"Personenauto","e-bike","Flank","Rotonde",50,"Niet brandend","Daglicht","Droog",\N,\N,"Raadhuislaan","Tegelen","Venlo","Limburg",false,51.340487,6.141069,"material damage only","4","clear",false,1,"GM0983"
"20220075214",2022,"Letsel",2,"Bestelauto","e-bike","Flank","Kruispunt, 4 takken",30,"Niet brandend","Daglicht","Droog",\N,\N,"Broederweg","Kampen","Kampen","Overijssel",false,52.557455,5.911842,"injury","2","clear",false,1,"GM0166"
"20230000594",2023,"Uitsluitend materiele schade",1,"Fiets",\N,"Onbekend","Rechte weg",\N,"Niet brandend","Daglicht","Droog",\N,"600887135","Zuid Esmarkerrondweg","Enschede","Enschede","Overijssel",false,52.2097,6.930811,"material damage only","4","clear",false,1,"GM0153"
"20230001317",2023,"Uitsluitend materiele schade",2,"Personenauto","Fiets","Flank","Bocht",50,"Niet brandend","Daglicht","Droog",\N,\N,"Gotlandstraat","Deventer","Deventer","Overijssel",false,52.241835,6.178321,"material damage only","4","clear",false,1,"GM0150"
"20230002742",2023,"Dodelijk",2,"Personenauto","Fiets","Flank","Kruispunt, 3 takken",30,"Niet brandend","Daglicht","Regen",\N,\N,"Trambaan","Winkel","Hollands Kroon","Noord-Holland",false,52.752308,4.900735,"fatal","1","rain",false,1,"GM1911"
"20230049545",2023,"Letsel",1,"Fiets",\N,"Eenzijdig",\N,30,\N,"Daglicht",\N,\N,"164305044","Linnaeusstraat","'s-Gravenhage","'s-Gravenhage","Zuid-Holland",false,52.057112,4.324211,"injury","2","unknown",false,1,"GM0518"
"20230002188",2023,"Uitsluitend materiele schade",2,"Fiets","Personenauto","Flank","Kruispunt, 3 takken",50,"Niet brandend","Daglicht","Droog",\N,\N,"René Descartesdreef","Nijmegen","Nijmegen","Gelderland",false,51.822125,5.857383,"material damage only","4","clear",false,1,"GM0268"
"20230005191",2023,"Dodelijk",2,"Personenauto","Fiets","Flank","Rechte weg",50,"Niet brandend","Daglicht","Droog",\N,"160306059","Hoefkade","'s-Gravenhage","'s-Gravenhage","Zuid-Holland",false,52.060732,4.296526,"fatal","1","clear",false,1,"GM0518"
"20230007915",2023,"Dodelijk",2,"Vrachtauto","Fiets","Frontaal","Rotonde",50,"Niet brandend","Daglicht","Droog",\N,\N,"Concordialaan","Etten-Leur","Etten-Leur","Noord-Brabant",false,51.581258,4.647273,"fatal","1","clear",false,1,"GM0777"
"20230000059",2023,"Letsel",1,"Fiets",\N,"Eenzijdig","Rechte weg",60,"Niet aanwezig","Daglicht","Droog",\N,"460541001","Kibbelslaglaan","Winde","Tynaarlo","Drenthe",false,53.121663,6.513702,"injury","2","clear",false,1,"GM1730"
"20230029455",2023,"Letsel",1,"Fiets",\N,"Eenzijdig",\N,50,\N,"Daglicht",\N,\N,"600727364","Simon Stevinpad","Leiden","Leiden","Zuid-Holland",false,52.159604,4.463898,"injury","2","unknown",false,1,"GM0546"
"20230011315",2023,"Uitsluitend materiele schade",2,"Personenauto","Fiets","Flank","Rotonde",50,"Brandend","Duisternis","Regen",\N,\N,"Kalmoessingel","Kampen","Kampen","Overijssel",false,52.55508,5.90669,"material damage only","4","rain",false,1,"GM0166"
"20230011429",2023,"Uitsluitend materiele schade",2,"Personenauto","Fiets","Onbekend",\N,50,\N,"Duisternis",\N,\N,"434283085","Terborgseweg","Doetinchem","Doetinchem","Gelderland",false,51.960486,6.294097,"material damage only","4","unknown",false,1,"GM0222"
"20230017987",2023,"Letsel",1,"Fiets",\N,"Eenzijdig",\N,\N,\N,"Daglicht",\N,\N,"600777589","Baden-Powellweg","Utrecht","Utrecht","Utrecht",false,52.077496,5.123521,"injury","2","unknown",false,1,"GM0344"
"20230038279",2023,"Dodelijk",4,"Personenauto","Fiets","Geparkeerd voertuig","Rechte weg",50,"Niet brandend","Daglicht","Droog","Parkeervoorziening","272344044","Kerklaan","Kortenhoef","Wijdemeren","Noord-Holland",false,52.239982,5.115412,"fatal","1","clear",false,1,"GM1696"
"20230058904",2023,"Letsel",1,"Fiets",\N,"Eenzijdig",\N,\N,\N,"Daglicht",\N,\N,\N,"Prinses Mariannelaan","Voorburg","Leidschendam-Voorburg","Zuid-Holland",false,52.06029,4.345201,"injury","2","unknown",false,1,"GM1916"
"20230076073",2023,"Letsel",1,"Fiets",\N,"Eenzijdig",\N,30,\N,"Daglicht",\N,\N,"227366021","Sperwerstraat","Badhoevedorp","Haarlemmermeer","Noord-Holland",false,52.334493,4.780522,"injury","2","unknown",false,1,"GM0394"
"20230001102",2023,"Letsel",1,"Fiets",\N,"Eenzijdig","Rechte weg",80,"Niet brandend","Daglicht","Droog",\N,"600872885","Burg. J.G. Legroweg","Eelde","Tynaarlo","Drenthe",false,53.124871,6.596073,"injury","2","clear",false,1,"GM1730"
"20230059456",2023,"Letsel",1,"Fiets",\N,"Eenzijdig",\N,50,\N,"Daglicht",\N,\N,\N,"Amerbos","Amsterdam","Amsterdam","Noord-Holland",false,52.403437,4.941422,"injury","2","unknown",false,1,"GM0363"
"20230072156",2023,"Uitsluitend materiele schade",2,"Personenauto","Fiets","Onbekend",\N,\N,\N,"Daglicht",\N,\N,"380506032","Herenwal","Heerenveen","Heerenveen","Friesland",false,52.965694,5.912711,"material damage only","4","unknown",false,1,"GM0074"
"20230000509",2023,"Letsel",2,"Bromfiets","Fiets","Flank","Rechte weg",50,"Niet brandend","Daglicht","Regen",\N,\N,"Kosterijweg","Kootwijkerbroek","Barneveld","Gelderland",false,52.153198,5.670306,"injury","2","rain",false,1,"GM0203"
"20230009279",2023,"Letsel",2,"Personenauto","Fiets","Flank","Rechte weg",\N,"Niet brandend","Daglicht","Droog",\N,"322166103","Emmasingel","Eindhoven","Eindhoven","Noord-Brabant",false,51.438429,5.475052,"injury","2","clear",false,1,"GM0772"
"20230012528",2023,"Letsel",2,"Fiets","Fiets","Onbekend","Rechte weg",50,"Niet brandend","Daglicht","Droog",\N,"339321041","Valkseweg","Barneveld","Barneveld","Gelderland",false,52.132286,5.605789,"injury","2","clear",false,1,"GM0203"
"20230106346",2023,"Uitsluitend materiele schade",2,"Fiets","Personenauto","Onbekend",\N,30,\N,"Daglicht",\N,\N,"187268145","Putsebocht","Rotterdam","Rotterdam","Zuid-Holland",false,51.893085,4.495468,"material damage only","4","unknown",false,1,"GM0599"
"20230000840",2023,"Uitsluitend materiele schade",2,"Personenauto","Fiets","Flank","Rechte weg",50,"Niet brandend","Daglicht","Droog",\N,"600863923","Vredewoldplantsoen","Leek","Westerkwartier","Groningen",false,53.163633,6.387104,"material damage only","4","clear",false,1,"GM1969"
"20230005545",2023,"Uitsluitend materiele schade",2,"Personenauto","Fiets","Onbekend","Rotonde",50,"Niet brandend","Daglicht","Droog",\N,\N,"Viaductweg","'s-Gravenhage","'s-Gravenhage","Zuid-Holland",false,52.058785,4.30662,"material damage only","4","clear",false,1,"GM0518"
"20230093623",2023,"Letsel",2,"Fiets",\N,"Eenzijdig",\N,60,\N,"Duisternis",\N,\N,"600868429","Hoendiep","Groningen","Groningen","Groningen",false,53.215089,6.520564,"injury","2","unknown",false,1,"GM0014"
"20230004036",2023,"Uitsluitend materiele schade",2,"Personenauto","e-bike","Flank","Kruispunt, 3 takken",50,"Niet brandend","Daglicht","Sneeuw/Hagel",\N,\N,"Zeeburgerstraat","Amsterdam","Amsterdam","Noord-Holland",false,52.367056,4.924992,"material damage only","4","unknown",false,1,"GM0363"
"20230005302",2023,"Letsel",2,"Fiets","Bestelauto","Flank","Kruispunt, 3 takken",50,"Niet brandend","Daglicht","Droog",\N,\N,"Susanna van Ettenstraat","Noordwijk","Noordwijk","Zuid-Holland",false,52.2423,4.44798,"injury","2","clear",false,1,"GM0575"
"20230006100",2023,"Uitsluitend materiele schade",2,"Personenauto","e-bike","Flank","Kruispunt, 3 takken",50,"Niet brandend","Daglicht","Droog",\N,\N,"Buytenweg","Diemen","Diemen","Noord-Holland",false,52.348751,4.971215,"material damage only","4","clear",false,1,"GM0384"
"20230064435",2023,"Dodelijk",3,"e-bike","Landbouwvoertuig","Onbekend","Rechte weg",60,"Niet brandend","Daglicht","Droog",\N,"600848321","Molenweg","Wapenveld","Heerde","Gelderland",false,52.439329,6.053078,"fatal","1","clear",false,1,"GM0246"
"20230004115",2023,"Letsel",2,"e-bike","Fiets","Frontaal","Kruispunt, 3 takken",50,"Niet brandend","Daglicht","Regen",\N,\N,"Blauwhoedenveem","Amsterdam","Amsterdam","Noord-Holland",false,52.377147,4.916373,"injury","2","rain",false,1,"GM0363"
"20230004467",2023,"Letsel",2,"Personenauto","Fiets","Flank","Kruispunt, 4 takken",30,"Brandend","Duisternis","Droog","Brug/viaduct",\N,"Bakboord","Enkhuizen","Enkhuizen","Noord-Holland",false,52.716432,5.274482,"injury","2","clear",false,1,"GM0388"
"20230005658",2023,"Letsel",2,"Personenauto","Fiets","Flank","Kruispunt, 3 takken",30,"Niet brandend","Daglicht","Droog",\N,\N,"Laan van Sion","Rijswijk","Rijswijk","Zuid-Holland",false,52.021781,4.325248,"injury","2","clear",false,1,\N
"20230102997",2023,"Letsel",1,"Fiets",\N,"Eenzijdig",\N,\N,\N,"Daglicht",\N,\N,"600547782","Kapelleboslaan","Noordwijk","Noordwijk","Zuid-Holland",false,52.283542,4.485248,"injury","2","unknown",false,1,"GM0575"
"20230003046",2023,"Letsel",2,"Personenauto","Fiets","Flank","Kruispunt, 3 takken",50,"Niet brandend","Daglicht","Regen",\N,\N,"Purcellstraat","Haarlem","Haarlem","Noord-Holland",false,52.368065,4.65648,"injury","2","rain",false,1,"GM0392"
"20230004127",2023,"Uitsluitend materiele schade",2,"Bromfiets","Fiets","Flank","Kruispunt, 4 takken",30,"Brandend","Duisternis","Droog",\N,\N,"Kinkerstraat","Amsterdam","Amsterdam","Noord-Holland",false,52.366905,4.871111,"material damage only","4","clear",false,1,"GM0363"
"20230005181",2023,"Letsel",4,"Fiets","Fiets","Onbekend","Rechte weg",50,"Niet brandend","Daglicht","Droog",\N,"189325053","Kanaalweg","Leiden","Leiden","Zuid-Holland",false,52.149919,4.510154,"injury","2","clear",false,1,"GM0546"
"20230005420",2023,"Letsel",1,"Fiets",\N,"Eenzijdig","Rechte weg",50,"Niet brandend","Daglicht","Droog",\N,"600557871","Prinses Beatrixlaan","Rijswijk","Rijswijk","Zuid-Holland",false,52.020669,4.330136,"injury","2","clear",false,1,\N
"20230007231",2023,"Letsel",2,"Personenauto","Fiets","Geparkeerd voertuig","Rechte weg",60,"Niet brandend","Daglicht","Regen",\N,"174310086","Oostvlietweg","Leidschendam","Leidschendam-Voorburg","Zuid-Holland",false,52.082391,4.402282,"injury","2","rain",false,1,"GM1916"
"20230008840",2023,"Letsel",2,"Fiets","Fiets","Onbekend","Rechte weg",50,"Niet brandend","Daglicht","Droog",\N,"282222005","Deken van Baarstraat","Vlijmen","Heusden","Noord-Brabant",false,51.691777,5.189967,"injury","2","clear",false,1,"GM0797"
"20230005737",2023,"Letsel",2,"Fiets","Fiets","Onbekend","Rechte weg",50,"Niet brandend","Daglicht","Droog",\N,"188326047","Levendaal","Leiden","Leiden","Zuid-Holland",false,52.154871,4.499413,"injury","2","clear",false,1,"GM0546"
"20230005960",2023,"Letsel",3,"Trein/tram","Fiets","Onbekend","Bocht",\N,"Niet aanwezig","Daglicht","Droog",\N,"164309076","Lekstraat","'s-Gravenhage","'s-Gravenhage","Zuid-Holland",false,52.077786,4.327114,"injury","2","clear",false,1,"GM0518"
"20230005747",2023,"Letsel",2,"Bestelauto","Fiets","Flank","Kruispunt, 4 takken",30,"Niet brandend","Daglicht","Regen",\N,\N,"J.C. de Rijpstraat","Leiden","Leiden","Zuid-Holland",false,52.159759,4.511475,"injury","2","rain",false,1,"GM0546"
"20230009681",2023,"Uitsluitend materiele schade",2,"Personenauto","Fiets","Flank","Kruispunt, 4 takken",30,"Niet brandend","Daglicht","Droog",\N,\N,"Oxerpad","Deventer","Deventer","Overijssel",false,52.242048,6.216627,"material damage only","4","clear",false,1,"GM0150"
"20230010379",2023,"Letsel",2,"Personenauto","Fiets","Flank","Kruispunt, 4 takken",30,"Niet brandend","Daglicht","Droog",\N,\N,"Brinkstraat","Beilen","Midden-Drenthe","Drenthe",false,52.859305,6.51542,"injury","2","clear",false,1,"GM1731"
"20230010772",2023,"Uitsluitend materiele schade",2,"Fiets","Personenauto","Flank","Kruispunt, 4 takken",30,"Niet brandend","Daglicht","Droog",\N,\N,"Kerkstraat","Muntendam","Midden-Groningen","Groningen",false,53.135957,6.868508,"material damage only","4","clear",false,1,"GM1952"
"20230006548",2023,"Uitsluitend materiele schade",2,"Bromfiets","Fiets","Flank","Kruispunt, 4 takken",50,"Niet brandend","Daglicht","Regen",\N,\N,"Coolsingel","Rotterdam","Rotterdam","Zuid-Holland",false,51.921235,4.479164,"material damage only","4","rain",false,1,"GM0599"
"20230010516",2023,"Letsel",2,"Bestelauto","Fiets","Flank","Kruispunt, 4 takken",50,"Niet brandend","Daglicht","Droog",\N,\N,"Onstwedderweg","Nieuwe Pekela","Pekela","Groningen",false,53.08019,6.970664,"injury","2","clear",false,1,"GM0765"
"20230011501",2023,"Uitsluitend materiele schade",3,"Bromfiets","Fiets","Frontaal","Rechte weg",50,"Niet brandend","Daglicht","Droog",\N,"418349073","Henri Dunantlaan","Deventer","Deventer","Overijssel",false,52.258177,6.180144,"material damage only","4","clear",false,1,"GM0150"
"20230103149",2023,"Dodelijk",2,"Fiets","Personenauto","Flank","Kruispunt, 3 takken",50,"Niet brandend","Daglicht","Droog",\N,\N,"Groeneweg","Rotterdam","Rotterdam","Zuid-Holland",false,51.981687,4.595648,"fatal","1","clear",false,1,"GM0599"
"20240074069",2024,"Letsel",2,"Bestelauto","Fiets","Onbekend","Rechte weg",50,"Niet brandend","Daglicht","Droog",\N,"600791873","Hobbendonkseweg","Boxtel","Boxtel","Noord-Brabant",false,51.586688,5.337642,"injury","2","clear",false,1,"GM0757"