"accident_id","year","severity_raw","party_count","party1_type","party2_type","accident_type","road_situation","speed_limit_kmh","road_lighting","light_condition_label","weather_raw","infra_type","road_segment_id","street_name","place_name","gemeente_name_raw","province","alcohol_indicated","latitude","longitude","severity_label","severity_code","weather_label","built_up_area","cyclists_involved","gemeente_code"
"20240032722",2024,"Letsel",2,"Bromfiets","Fiets","Onbekend","Rechte weg",50,"Niet brandend","Daglicht","Droog","Tunnel","600573784","Prinses Beatrixlaan","Delft","Delft","Zuid-Holland",false,51.996275,4.349087,"injury","2","clear",false,1,"GM0503"
"20240004243",2024,"Letsel",3,"Fiets","Fiets","Vast voorwerp","Bocht",50,"Brandend","Duisternis",\N,"Spoorwegovergang","463373029","Nijverdalsestraat","Wierden","Wierden","Overijssel",false,52.361874,6.514283,"injury","2","unknown",false,1,"GM0189"
"20240014009",2024,"Uitsluitend materiele schade",2,"Fiets","Fiets","Onbekend","Rechte weg",\N,\N,"Daglicht",\N,\N,"157184077","Kriekebos","Bergen op Zoom","Bergen op Zoom","Noord-Brabant",false,51.512475,4.288635,"material damage only","4","unknown",false,1,"GM0748"
"20240021078",2024,"Letsel",2,"Scootmobiel","Fiets","Voetganger","Rotonde",30,"Niet brandend","Daglicht","Droog",\N,\N,"Van Foreestlaan","Alphen aan den Rijn","Alphen aan den Rijn","Zuid-Holland",false,52.140723,4.645709,"injury","2","clear",false,1,"GM0484"
"20240003921",2024,"Uitsluitend materiele schade",2,"Personenauto","Fiets","Kop/staart","Rechte weg",50,"Niet brandend","Daglicht","Droog",\N,\N,"Noorder Parallelweg","Ede","Ede","Gelderland",false,52.032391,5.648592,"material damage only","4","clear",false,1,"GM0228"
"20240018754",2024,"Letsel",2,"Personenauto","Fiets","Flank","Kruispunt, 4 takken",30,"Niet brandend","Daglicht","Droog",\N,\N,"Lutjewinkelerweg","Lutjewinkel","Hollands Kroon","Noord-Holland",false,52.767262,4.885837,"injury","2","clear",false,1,"GM1911"
"20240020885",2024,"Letsel",2,"Fiets","Fiets","Onbekend","Rechte weg",50,"Niet brandend","Daglicht","Droog",\N,"600712636","Pijle Tuinenweg","Naaldwijk","Westland","Zuid-Holland",false,51.993807,4.216232,"injury","2","clear",false,1,"GM1783"
"20240039378",2024,"Letsel",2,"Personenauto","Fiets","Flank","Kruispunt, 4 takken",50,"Niet brandend","Daglicht","Droog",\N,\N,"Spoorlaan","Groesbeek","Berg en Dal","Gelderland",false,51.777153,5.936773,"injury","2","clear",false,1,"GM1945"
"20240039745",2024,"Letsel",1,"Fiets",\N,"Eenzijdig","Rechte weg",30,"Niet brandend","Daglicht","Droog",\N,"239367070","Parnassusweg","Amsterdam","Amsterdam","Noord-Holland",false,52.341609,4.868308,"injury","2","clear",false,1,"GM0363"
"20240034882",2024,"Uitsluitend materiele schade",2,"Fiets","Scootmobiel","Onbekend","Kruispunt, 4 takken",50,"Niet brandend","Daglicht","Droog",\N,\N,"Pieter Breughelstraat","Venlo","Venlo","Limburg",false,51.38021,6.179693,"material damage only","4","clear",false,1,"GM0983"
"20240035268",2024,"Letsel",1,"Fiets",\N,"Onbekend","Rechte weg",30,"Niet brandend","Daglicht","Droog",\N,"601171893","Generaal Hackettlaan","Ede","Ede","Gelderland",false,52.038848,5.689305,"injury","2","clear",false,1,"GM0228"
"20240043220",2024,"Letsel",1,"Fiets",\N,"Onbekend","Rechte weg",30,"Niet aanwezig","Daglicht","Droog",\N,"181320044","Leidseweg","Voorschoten","Voorschoten","Zuid-Holland",false,52.128196,4.450901,"injury","2","clear",false,1,"GM0626"
"20240024588",2024,"Uitsluitend materiele schade",2,"Personenauto","Fiets","Flank","Rotonde",30,"Niet brandend","Daglicht","Droog",\N,\N,"Gemullehoekenweg","Oisterwijk","Oisterwijk","Noord-Brabant",false,51.579789,5.2011,"material damage only","4","clear",false,1,"GM0824"
"20240027993",2024,"Letsel",2,"Personenauto","Fiets","Flank","Kruispunt, 4 takken",30,"Niet brandend","Daglicht","Droog",\N,\N,"Waal","Zaandam","Zaanstad","Noord-Holland",false,52.468307,4.837242,"injury","2","clear",false,1,"GM0479"
"20240031746",2024,"Uitsluitend materiele schade",2,"Personenauto","Fiets","Flank","Kruispunt, 4 takken",50,"Niet brandend","Daglicht","Droog",\N,\N,"Jonker Fransstraat","Rotterdam","Rotterdam","Zuid-Holland",false,51.9273,4.486702,"material damage only","4","clear",false,1,"GM0599"
"20240035682",2024,"Letsel",1,"Fiets",\N,"Onbekend","Rechte weg",80,"Niet aanwezig","Daglicht","Droog",\N,"600592191","Deldenseweg","Neede","Berkelland","Gelderland",false,52.166379,6.600853,"injury","2","clear",false,1,"GM1859"
"20240039784",2024,"Letsel",2,"Fiets","Personenauto","Onbekend","Rotonde",30,"Niet brandend","Daglicht","Droog",\N,\N,"Schaapweg","Rijswijk","Rijswijk","Zuid-Holland",false,52.031355,4.304634,"injury","2","clear",false,1,\N
"20240035594",2024,"Uitsluitend materiele schade",3,"Fiets","Bestelauto","Onbekend","Kruispunt, 4 takken",80,"Niet aanwezig","Daglicht","Droog",\N,\N,"Mezenbergerweg","Doornspijk","Elburg","Gelderland",false,52.410048,5.808767,"material damage only","4","clear",false,1,"GM0230"
"20240019498",2024,"Uitsluitend materiele schade",2,"Bromfiets","Fiets","Flank","Kruispunt, 4 takken",50,"Niet brandend","Daglicht","Droog",\N,\N,"De Rijt","Laren","Laren","Noord-Holland",false,52.257445,5.226341,"material damage only","4","clear",false,1,\N
"20240020147",2024,"Letsel",2,"Personenauto","Fiets","Flank","Rechte weg",30,"Niet brandend","Daglicht","Droog",\N,"148287013","Galgeweg","Naaldwijk","Westland","Zuid-Holland",false,51.976216,4.213328,"injury","2","clear",false,1,"GM1783"
"20240039528",2024,"Letsel",1,"Fiets",\N,"Eenzijdig","Rechte weg",30,"Niet brandend","Daglicht","Droog",\N,"163279009","Boonervlietkade","Maasland","Midden-Delfland","Zuid-Holland",false,51.939199,4.314037,"injury","2","clear",false,1,"GM1842"
"20240017563",2024,"Letsel",2,"Personenauto","Fiets","Flank","Rotonde",50,"Niet brandend","Daglicht","Droog",\N,\N,"Houtweg","Farmsum","Eemsdelta","Groningen",false,53.319478,6.922174,"injury","2","clear",false,1,"GM1979"
"20240019599",2024,"Uitsluitend materiele schade",2,"Fiets","Personenauto","Flank","Kruispunt, 4 takken",30,"Brandend","Duisternis","Regen",\N,\N,"Vredenburg","Utrecht","Utrecht","Utrecht",false,52.092853,5.111516,"material damage only","4","rain",false,1,"GM0344"
"20240020192",2024,"Letsel",1,"Fiets",\N,"Eenzijdig","Rechte weg",50,"Brandend","Duisternis","Droog","Brug/viaduct","600699492","Jan van Galenstraat","Amsterdam","Amsterdam","Noord-Holland",false,52.375403,4.869591,"injury","2","clear",false,1,"GM0363"
"20240020323",2024,"Letsel",1,"Fiets",\N,"Onbekend","Kruispunt, 3 takken",30,"Niet brandend","Daglicht","Droog",\N,\N,"Raamweg","'s-Gravenhage","'s-Gravenhage","Zuid-Holland",false,52.096427,4.306989,"injury","2","clear",false,1,"GM0518"
"20240004601",2024,"Uitsluitend materiele schade",2,"Personenauto","Fiets","Flank","Rotonde",50,"Brandend","Duisternis","Regen",\N,"600662019","Flevoweg","Kampen","Kampen","Overijssel",false,52.555276,5.897149,"material damage only","4","rain",false,1,"GM0166"
"20240029315",2024,"Letsel",1,"Fiets",\N,"Onbekend",\N,\N,\N,"Daglicht",\N,\N,"364252036","Wijchenseweg","Nijmegen","Nijmegen","Gelderland",false,51.823653,5.784015,"injury","2","unknown",false,1,"GM0268"
"20240019894",2024,"Letsel",2,"Fiets","Fiets","Frontaal","Rechte weg",30,"Brandend","Duisternis","Droog",\N,\N,"Saffierlaan","Utrecht","Utrecht","Utrecht",false,52.074992,5.123233,"injury","2","clear",false,1,"GM0344"
"20240012678",2024,"Letsel",1,"Fiets",\N,"Onbekend","Rechte weg",50,"Niet brandend","Daglicht","Regen",\N,"600713445","Loosduinse Hoofdstraat","'s-Gravenhage","'s-Gravenhage","Zuid-Holland",false,52.05514,4.241165,"injury","2","rain",false,1,"GM0518"
"20240034519",2024,"Letsel",2,"Personenauto","Fiets","Onbekend","Rotonde",50,"Niet brandend","Daglicht","Droog",\N,\N,"Shakespearelaan","Venlo","Venlo","Limburg",false,51.364857,6.134792,"injury","2","clear",false,1,"GM0983"
"20240035140",2024,"Letsel",2,"Fiets","Fiets","Flank","Rechte weg",50,"Niet brandend","Daglicht","Droog",\N,"600686550","Kempenweg","Oirschot","Oirschot","Noord-Brabant",false,51.49919,5.31646,"injury","2","clear",false,1,"GM0823"
"20240035145",2024,"Uitsluitend materiele schade",2,"Scootmobiel","Fiets","Frontaal","Rechte weg",30,"Niet brandend","Daglicht","Droog",\N,"325167103","Klein Tongelreplein","Eindhoven","Eindhoven","Noord-Brabant",false,51.441297,5.502003,"material damage only","4","clear",false,1,"GM0772"
"20240043153",2024,"Letsel",1,"Fiets",\N,"Onbekend","Rechte weg",80,"Niet brandend","Daglicht","Regen",\N,"601191464","Fietspad Langeveld","Noordwijk","Noordwijk","Zuid-Holland",false,52.297005,4.502659,"injury","2","rain",false,1,"GM0575"
"20220169490",2022,"Uitsluitend materiele schade",2,"Fiets","Fiets","Onbekend","Kruispunt, 3 takken",\N,"Niet brandend","Daglicht","Regen","Tunnel",\N,"Energieweg","Nijmegen","Nijmegen","Gelderland",false,51.836034,5.814421,"material damage only","4","rain",false,1,"GM0268"
"20220186982",2022,"Letsel",2,"Personenauto","e-bike","Flank","Rotonde",50,"Niet brandend","Daglicht","Droog",\N,\N,"Ln der Verenigde Naties","Middelburg","Middelburg","Zeeland",false,51.505484,3.598636,"injury","2","clear",false,1,\N
"20220188347",2022,"Letsel",2,"Personenauto","Fiets","Onbekend","Rotonde",50,"Niet aanwezig","Daglicht","Droog",\N,\N,"Violierstraat","Uden","Maashorst","Noord-Brabant",false,51.660904,5.626498,"injury","2","clear",false,1,"GM1991"
"20220124375",2022,"Letsel",2,"Fiets","Fiets","Flank","Kruispunt, 4 takken",30,"Niet brandend","Daglicht","Droog",\N,\N,"Bezuidenhoutseweg","'s-Gravenhage","'s-Gravenhage","Zuid-Holland",false,52.082049,4.32166,"injury","2","clear",false,1,"GM0518"
"20220137792",2022,"Letsel",2,"Personenauto","Fiets","Flank","Kruispunt, 3 takken",60,"Niet brandend","Daglicht","Droog",\N,\N,"Emminkhuizerlaan","Renswoude","Renswoude","Utrecht",false,52.050877,5.53096,"injury","2","clear",false,1,"GM0339"
"20220140387",2022,"Letsel",3,"Bromfiets","Fiets","Kop/staart","Rechte weg",30,"Niet brandend","Daglicht","Droog",\N,"233394028","Kalverpad","Zaandam","Zaanstad","Noord-Holland",false,52.461887,4.82718,"injury","2","clear",false,1,"GM0479"
"20220153602",2022,"Letsel",2,"Fiets",\N,"Eenzijdig","Kruispunt, 4 takken",30,"Niet brandend","Daglicht","Droog",\N,\N,"Hoofdweg","Waverveen","De Ronde Venen","Utrecht",false,52.216086,4.904006,"injury","2","clear",false,1,"GM0736"
"20220161089",2022,"Letsel",2,"Fiets","Personenauto","Flank","Kruispunt, 4 takken",50,"Niet aanwezig","Daglicht","Droog",\N,\N,"Brandemeer","Leeuwarden","Leeuwarden","Friesland",false,53.215112,5.788465,"injury","2","clear",false,1,"GM0080"
"20220178012",2022,"Uitsluitend materiele schade",3,"Bus","Fiets","Onbekend","Rechte weg",30,"Niet aanwezig","Daglicht","Droog",\N,"243375091","Damrak","Amsterdam","Amsterdam","Noord-Holland",false,52.377272,4.89854,"material damage only","4","clear",false,1,"GM0363"
"20220178967",2022,"Letsel",2,"Personenauto","Fiets","Flank","Kruispunt, 4 takken",60,"Niet brandend","Daglicht","Droog",\N,\N,"Zuideinde","Zevenhuizen","Zuidplas","Zuid-Holland",false,51.999704,4.590007,"injury","2","clear",false,1,"GM1892"
"20220179027",2022,"Letsel",2,"Personenauto","Fiets","Onbekend","Rotonde",50,"Niet brandend","Daglicht","Droog",\N,\N,"Meerzichtlaan","Zoetermeer","Zoetermeer","Zuid-Holland",false,52.057472,4.464075,"injury","2","clear",false,1,"GM0637"
"20220187092",2022,"Uitsluitend materiele schade",2,"Bromfiets","Fiets","Onbekend",\N,50,\N,"Daglicht",\N,\N,"600397282","Terheijdenseweg","Breda","Breda","Noord-Brabant",false,51.611532,4.774449,"material damage only","4","unknown",false,1,"GM0758"
"20220135999",2022,"Uitsluitend materiele schade",2,"Fiets","Bestelauto","Onbekend",\N,80,\N,"Daglicht",\N,\N,"387349005","Zwolseweg","Wenum Wiesel","Apeldoorn","Gelderland",false,52.263468,5.955021,"material damage only","4","unknown",false,1,"GM0200"
"20220144627",2022,"Letsel",2,"Fiets","Overig vast object","Vast voorwerp","Rechte weg",50,"Brandend","Duisternis","Droog",\N,"600105455","Groot Hertoginnelaan","'s-Gravenhage","'s-Gravenhage","Zuid-Holland",false,52.080474,4.27623,"injury","2","clear",false,1,"GM0518"
"20220162600",2022,"Uitsluitend materiele schade",2,"Snorfiets","Fiets","Flank","Kruispunt, 3 takken",\N,"Brandend","Duisternis","Droog",\N,\N,"Gedempte Zuiderdiep","Groningen","Groningen","Groningen",false,53.21467,6.562738,"material damage only","4","clear",false,1,"GM0014"
"20220168518",2022,"Letsel",1,"Fiets",\N,"Eenzijdig",\N,60,\N,"Daglicht",\N,\N,"496363013","Hedeveldsweg","Hertme","Borne","Overijssel",false,52.316177,6.753434,"injury","2","unknown",false,1,"GM0147"
"20220169649",2022,"Letsel",2,"e-bike","Personenauto","Flank","Kruispunt, 4 takken",60,"Niet brandend","Daglicht","Regen",\N,\N,"Voorsterweg","Loenen","Apeldoorn","Gelderland",false,52.133928,6.0433,"injury","2","rain",false,1,"GM0200"
"20220174706",2022,"Letsel",2,"Snorfiets","Fiets","Frontaal","Kruispunt, 3 takken",50,"Niet brandend","Daglicht","Droog",\N,\N,"Industriestraat","IJmuiden","Velsen","Noord-Holland",false,52.456064,4.593239,"injury","2","clear",false,1,"GM0453"
"20220177481",2022,"Letsel",2,"Personenauto","Fiets","Flank","Kruispunt, 4 takken",50,"Niet brandend","Daglicht",\N,\N,\N,"Floraweg","Amsterdam","Amsterdam","Noord-Holland",false,52.399667,4.90828,"injury","2","unknown",false,1,"GM0363"
"20220178078",2022,"Uitsluitend materiele schade",2,"Personenauto","Fiets","Flank","Kruispunt, 3 takken",50,"Niet brandend","Daglicht","Droog",\N,\N,"Spaklerweg","Amsterdam-Duivendrecht","Ouder-Amstel","Noord-Holland",false,52.330146,4.925724,"material damage only","4","clear",false,1,"GM0437"
"20220180291",2022,"Letsel",1,"Fiets",\N,"Eenzijdig","Kruispunt, 3 takken",30,"Niet brandend","Daglicht","Regen",\N,\N,"Melis Stokelaan","'s-Gravenhage","'s-Gravenhage","Zuid-Holland",false,52.053383,4.292863,"injury","2","rain",false,1,"GM0518"
"20220185832",2022,"Letsel",2,"Fiets","e-bike","Flank","Kruispunt, 4 takken",30,"Niet brandend","Daglicht","Droog",\N,\N,"Statenlaan","Middelburg","Middelburg","Zeeland",false,51.48333,3.612342,"injury","2","clear",false,1,\N
"20220197170",2022,"Letsel",2,"Personenauto","e-bike","Flank","Kruispunt, 4 takken",80,"Niet brandend","Schemer","Droog",\N,\N,"Grolsedijk","Lievelde","Oost Gelre","Gelderland",false,52.013465,6.612885,"injury","2","clear",false,1,"GM1586"
"20220118127",2022,"Letsel",2,"Fiets","Voetganger","Voetganger","Rechte weg",60,"Brandend","Duisternis","Droog",\N,"461365008","Provincialeweg Zuna","Zuna","Wierden","Overijssel",false,52.325985,6.499088,"injury","2","clear",false,1,"GM0189"
"20220143484",2022,"Letsel",2,"Personenauto","Fiets","Frontaal","Kruispunt, 3 takken",50,"Brandend","Schemer","Droog",\N,\N,"Hoogduinweg","De Zilk","Noordwijk","Zuid-Holland",false,52.300342,4.544285,"injury","2","clear",false,1,"GM0575"
"20220167163",2022,"Letsel",2,"Personenauto","e-bike","Flank","Kruispunt, 3 takken",30,"Niet brandend","Daglicht","Droog",\N,\N,"Langestraat","Delden","Hof van Twente","Overijssel",false,52.261946,6.710018,"injury","2","clear",false,1,"GM1735"
"20220177846",2022,"Uitsluitend materiele schade",2,"Bestelauto","e-bike","Kop/staart","Rechte weg",\N,"Niet brandend","Daglicht","Droog",\N,"250361107","Haardstee","Amsterdam","Amsterdam","Noord-Holland",false,52.312052,4.952206,"material damage only","4","clear",false,1,"GM0363"
"20220178183",2022,"Letsel",2,"Bestelauto","Fiets","Flank","Rotonde",50,"Niet brandend","Daglicht","Droog",\N,\N,"Baden Powellweg","Amsterdam","Amsterdam","Noord-Holland",false,52.362658,4.787555,"injury","2","clear",false,1,"GM0363"
"20220182846",2022,"Letsel",2,"Bestelauto","Fiets","Flank","Kruispunt, 4 takken",50,"Niet brandend","Daglicht","Droog",\N,\N,"IND.SPAANSE POLDER 12","Rotterdam","Rotterdam","Zuid-Holland",false,51.9233,4.419766,"injury","2","clear",false,1,"GM0599"
"20220182855",2022,"Uitsluitend materiele schade",2,"Fiets","Personenauto","Flank","Kruispunt, 3 takken",30,"Niet brandend","Daglicht","Droog",\N,\N,"Borstelgras","Spijkenisse","Nissewaard","Zuid-Holland",false,51.829692,4.322009,"material damage only","4","clear",false,1,"GM1930"
"20220115019",2022,"Uitsluitend materiele schade",2,"Personenauto","e-bike","Flank","Kruispunt, 4 takken",30,"Niet brandend","Daglicht","Droog",\N,\N,"Lyceumweg","Dokkum","Noardeast-Fryslân","Friesland",false,53.323543,6.000173,"material damage only","4","clear",false,1,"GM1970"
"20220120752",2022,"Uitsluitend materiele schade",2,"Personenauto","Fiets","Flank","Kruispunt, 3 takken",50,"Niet brandend","Daglicht","Droog",\N,\N,"Bisonspoor","Maarssen","Stichtse Vecht","Utrecht",false,52.136442,5.029365,"material damage only","4","clear",false,1,"GM1904"
"20220133554",2022,"Letsel",3,"Personenauto","Fiets","Onbekend","Bocht",30,"Niet brandend","Daglicht","Droog",\N,"346521032","Wijde Noorderhorne","Sneek","Súdwest-Fryslân","Friesland",false,53.0336,5.657496,"injury","2","clear",false,1,"GM1900"
"20220140658",2022,"Uitsluitend materiele schade",2,"Personenauto","Fiets","Geparkeerd voertuig","Rechte weg",30,"Niet brandend","Daglicht",\N,"Parkeervoorziening","600741704","Cruquiusdijk","Cruquius","Haarlemmermeer","Noord-Holland",false,52.338035,4.637164,"material damage only","4","unknown",false,1,"GM0394"
"20220145774",2022,"Uitsluitend materiele schade",2,"Personenauto","Fiets","Onbekend","Kruispunt, 4 takken",30,"Niet brandend","Daglicht","Droog",\N,\N,"Gerstdreef","Spijkenisse","Nissewaard","Zuid-Holland",false,51.834693,4.326543,"material damage only","4","clear",false,1,"GM1930"
"20220151987",2022,"Letsel",2,"Personenauto","Fiets","Flank","Rechte weg",60,"Niet brandend","Daglicht","Droog",\N,"600682247","Bureweg","Buren","Ameland","Friesland",false,53.447299,5.791075,"injury","2","clear",false,1,"GM0060"
"20220152947",2022,"Letsel",2,"Bus","e-bike","Flank","Rotonde",30,"Niet brandend","Schemer","Droog",\N,\N,"Stationslaan","Harderwijk","Harderwijk","Gelderland",false,52.340747,5.620428,"injury","2","clear",false,1,"GM0243"
"20220156370",2022,"Letsel",1,"Fiets",\N,"Eenzijdig","Rechte weg",30,"Niet brandend","Daglicht","Droog",\N,"219332037","Sluispad","Ter Aar","Nieuwkoop","Zuid-Holland",false,52.183865,4.726683,"injury","2","clear",false,1,"GM0569"
"20220161437",2022,"Letsel",2,"Personenauto","Fiets","Flank","Rotonde",50,"Brandend","Duisternis","Droog",\N,\N,"Lekkumerweg","Leeuwarden","Leeuwarden","Friesland",true,53.214692,5.813145,"injury","2","clear",false,1,"GM0080"
"20220172361",2022,"Uitsluitend materiele schade",2,"Personenauto","Fiets","Flank","Kruispunt, 3 takken",30,"Niet brandend","Daglicht","Droog",\N,\N,"Kees Boekelaan","Bilthoven","De Bilt","Utrecht",false,52.133835,5.195678,"material damage only","4","clear",false,1,"GM0310"
"20220179270",2022,"Letsel",2,"Scootmobiel","Fiets","Onbekend","Kruispunt, 4 takken",50,"Niet aanwezig","Daglicht","Droog",\N,\N,"Leyweg","'s-Gravenhage","'s-Gravenhage","Zuid-Holland",false,52.050222,4.274113,"injury","2","clear",false,1,"GM0518"
"20220119310",2022,"Uitsluitend materiele schade",2,"Fiets","Fiets","Frontaal","Rechte weg",30,"Niet brandend","Daglicht","Droog",\N,"479367173","Zeven Bosjes","Almelo","Almelo","Overijssel",false,52.336961,6.629482,"material damage only","4","clear",false,1,"GM0141"
"20220123488",2022,"Uitsluitend materiele schade",2,"Fiets","Fiets","Flank","Kruispunt, 4 takken",\N,"Niet aanwezig","Daglicht","Droog",\N,\N,"Derde Egelantiersdwstr","Amsterdam","Amsterdam","Noord-Holland",false,52.375883,4.880508,"material damage only","4","clear",false,1,"GM0363"
"20220153795",2022,"Letsel",2,"Fiets","Fiets","Flank","Kruispunt, 4 takken",60,"Niet brandend","Daglicht","Droog",\N,\N,"Rijnsoever","Bunnik","Bunnik","Utrecht",false,52.076177,5.181486,"injury","2","clear",false,1,"GM0312"
"20220178285",2022,"Letsel",2,"Vrachtauto","Fiets","Flank","Rechte weg",30,"Niet brandend","Daglicht","Droog",\N,"247373033","Czaar Peterstraat","Amsterdam","Amsterdam","Noord-Holland",false,52.370288,4.929766,"injury","2","clear",false,1,"GM0363"
"20220186161",2022,"Uitsluitend materiele schade",2,"Personenauto","Fiets","Flank","Kruispunt, 4 takken",50,"Brandend","Duisternis","Regen",\N,\N,"Molenstraat","Bruinisse","Schouwen-Duiveland","Zeeland",false,51.660969,4.090403,"material damage only","4","rain",false,1,"GM1676"
"20220198570",2022,"Letsel",2,"Personenauto","Fiets","Flank","Rotonde",50,"Niet brandend","Daglicht","Droog",\N,\N,"Korteweg","Kampen","Kampen","Overijssel",true,52.557332,5.907043,"injury","2","clear",false,1,"GM0166"
"20220126063",2022,"Letsel",1,"Fiets",\N,"Eenzijdig","Rechte weg",50,"Niet brandend","Daglicht","Droog",\N,"600391807","Vijf Meilaan","Leiden","Leiden","Zuid-Holland",false,52.14767,4.477396,"injury","2","clear",false,1,"GM0546"
"20220126080",2022,"Uitsluitend materiele schade",2,"Scootmobiel","e-bike","Frontaal","Rechte weg",30,"Niet brandend","Daglicht","Droog",\N,"600626035","Goeverneurlaan","'s-Gravenhage","'s-Gravenhage","Zuid-Holland",false,52.057419,4.318235,"material damage only","4","clear",false,1,"GM0518"
"20220129608",2022,"Letsel",2,"Bestelauto","Fiets","Onbekend","Rechte weg",60,"Niet aanwezig","Daglicht","Droog",\N,"236235001","Jeppegatweg","Hank","Altena","Noord-Brabant",false,51.745088,4.85591,"injury","2","clear",false,1,"GM1959"
"20220142344",2022,"Letsel",2,"Personenauto","Fiets","Frontaal","Kruispunt, 3 takken",50,"Niet brandend","Daglicht","Droog",\N,\N,"President Kennedylaan","Amsterdam","Amsterdam","Noord-Holland",true,52.343139,4.912961,"injury","2","clear",false,1,"GM0363"
"20220142360",2022,"Letsel",2,"Bromfiets","Fiets","Flank","Rechte weg",30,"Niet brandend","Daglicht","Regen",\N,"240374010","Rozengracht","Amsterdam","Amsterdam","Noord-Holland",false,52.373024,4.879183,"injury","2","rain",false,1,"GM0363"
"20220143720",2022,"Letsel",2,"Fiets","Fiets","Kop/staart","Rechte weg",50,"Niet brandend","Daglicht","Droog",\N,"212290010","Oost Ringdijk","Moordrecht","Zuidplas","Zuid-Holland",false,51.994598,4.67426,"injury","2","clear",false,1,"GM1892"
"20220169921",2022,"Letsel",2,"e-bike","e-bike","Frontaal","Rechte weg",30,"Niet brandend","Daglicht","Droog",\N,"505351033","P.C. Hooftlaan","Hengelo","Hengelo (O)","Overijssel",false,52.262054,6.82062,"injury","2","clear",false,1,\N
"20220175027",2022,"Letsel",1,"e-bike",\N,"Eenzijdig","Rechte weg",\N,"Niet brandend","Daglicht","Droog",\N,"601001051","Korte Schermerdijk","Alkmaar","Alkmaar","Noord-Holland",false,52.624006,4.773181,"injury","2","clear",false,1,"GM0361"
"20220179922",2022,"Uitsluitend materiele schade",2,"Fiets","Fiets","Kop/staart","Rechte weg",30,"Niet brandend","Daglicht","Droog","Tunnel",\N,"Van Beresteynstraat","Delft","Delft","Zuid-Holland",false,52.012793,4.337212,"material damage only","4","clear",false,1,"GM0503"
"20220179935",2022,"Letsel",2,"Fiets","Fiets","Flank","Rechte weg",80,"Niet brandend","Daglicht","Droog",\N,"600744256","Herenweg","Alphen aan den Rijn","Alphen aan den Rijn","Zuid-Holland",false,52.15559,4.660606,"injury","2","clear",false,1,"GM0484"
"20220195466",2022,"Letsel",3,"Personenauto","e-bike","Los voorwerp","Rotonde",50,"Niet brandend","Daglicht","Regen",\N,\N,"Koninginneweg","Hoevelaken","Nijkerk","Gelderland",false,52.173688,5.445346,"injury","2","rain",false,1,"GM0267"
"20220116900",2022,"Uitsluitend materiele schade",2,"Personenauto","e-bike","Flank","Kruispunt, 4 takken",50,"Niet aanwezig","Daglicht","Droog",\N,\N,"Nobelstraat","Harderwijk","Harderwijk","Gelderland",false,52.361776,5.651434,"material damage only","4","clear",false,1,"GM0243"
"20220118594",2022,"Uitsluitend materiele schade",2,"Personenauto","Fiets","Flank","Rechte weg",60,"Niet brandend","Daglicht","Droog",\N,"334271026","Cuneraweg","Ochten","Neder-Betuwe","Gelderland",false,51.908625,5.562764,"material damage only","4","clear",false,1,"GM1740"
"20220119384",2022,"Uitsluitend materiele schade",2,"Personenauto","Fiets","Frontaal","Kruispunt, 4 takken",30,"Brandend","Schemer","Droog",\N,\N,"Westlanderstraat","Zaltbommel","Zaltbommel","Gelderland",false,51.807225,5.245996,"material damage only","4","clear",false,1,"GM0297"
"20220127211",2022,"Uitsluitend materiele schade",2,"Fiets","Personenauto","Onbekend","Rotonde",50,"Niet brandend","Daglicht","Droog",\N,\N,"Evertsenplein","Hellevoetsluis","Voorne aan Zee","Zuid-Holland",false,51.833681,4.130427,"material damage only","4","clear",false,1,"GM1992"
"20220145030",2022,"Letsel",2,"Fiets","Overig vast object","Vast voorwerp","Kruispunt, 4 takken",50,"Brandend","Duisternis","Droog",\N,\N,"Beeklaan","'s-Gravenhage","'s-Gravenhage","Zuid-Holland",false,52.070806,4.284102,"injury","2","clear",false,1,"GM0518"
"20220146836",2022,"Letsel",1,"Fiets",\N,"Eenzijdig","Rechte weg",60,"Niet aanwezig","Daglicht","Droog",\N,"600414351","Achterzeedijk","Barendrecht","Barendrecht","Zuid-Holland",false,51.834506,4.554934,"injury","2","clear",false,1,"GM0489"
"20220155119",2022,"Letsel",2,"Personenauto","Fiets","Flank","Kruispunt, 3 takken",60,"Niet brandend","Daglicht","Droog",\N,\N,"Monnickenmeer","Monnickendam","Waterland","Noord-Holland",false,52.45359,5.008982,"injury","2","clear",false,1,"GM0852"
"20220156597",2022,"Letsel",2,"Personenauto","Fiets","Flank","Kruispunt, 3 takken",50,"Niet brandend","Daglicht","Droog",\N,\N,"FIETSPAD","Hazerswoude-Rijndijk","Alphen aan den Rijn","Zuid-Holland",false,52.126545,4.583067,"injury","2","clear",false,1,"GM0484"
"20220181192",2022,"Letsel",2,"Personenauto","Fiets","Onbekend","Rechte weg",50,"Brandend","Duisternis","Droog",\N,"184327103","Vondellaan","Leiden","Leiden","Zuid-Holland",false,52.159765,4.470455,"injury","2","clear",false,1,"GM0546"
"20220183390",2022,"Uitsluitend materiele schade",2,"Personenauto","Fiets","Flank","Kruispunt, 4 takken",\N,"Niet brandend","Daglicht","Droog",\N,\N,"Rietdekkerweg","Rotterdam","Rotterdam","Zuid-Holland",false,51.965488,4.571857,"material damage only","4","clear",false,1,"GM0599"
"20220195940",2022,"Letsel",2,"Fiets","Personenauto","Flank","Kruispunt, 3 takken",50,"Niet brandend","Daglicht","Droog",\N,\N,"Stoutenburgerlaan","Hoevelaken","Nijkerk","Gelderland",false,52.170434,5.458021,"injury","2","clear",false,1,"GM0267"
"20220123734",2022,"Letsel",2,"Snorfiets","e-bike","Flank","Kruispunt, 4 takken",50,"Niet brandend","Daglicht","Droog",\N,\N,"Van Baerlestraat","Amsterdam","Amsterdam","Noord-Holland",false,52.356087,4.880125,"injury","2","clear",false,1,"GM0363"