"accident_id","year","severity_raw","party_count","party1_type","party2_type","accident_type","road_situation","speed_limit_kmh","road_lighting","light_condition_label","weather_raw","infra_type","road_segment_id","street_name","place_name","gemeente_name_raw","province","alcohol_indicated","latitude","longitude","severity_label","severity_code","weather_label","built_up_area","cyclists_involved","gemeente_code"
"20220123759",2022,"Letsel",1,"e-bike",\N,"Eenzijdig","Rechte weg",\N,"Niet brandend","Daglicht","Droog",\N,\N,"Legmeerdijk","Aalsmeer","Aalsmeer","Noord-Holland",false,52.248755,4.768902,"injury","2","clear",false,1,"GM0358"
"20220129937",2022,"Uitsluitend materiele schade",2,"Personenauto","Fiets","Flank","Kruispunt, 3 takken",30,"Niet brandend","Daglicht","Droog",\N,\N,"Kreitenmolenstraat","Udenhout","Tilburg","Noord-Brabant",false,51.609832,5.14679,"material damage only","4","clear",false,1,"GM0855"
"20220134069",2022,"Uitsluitend materiele schade",2,"Personenauto","Fiets","Flank","Kruispunt, 3 takken",50,"Niet brandend","Daglicht","Droog",\N,\N,"Oostersluisweg","Groningen","Groningen","Groningen",false,53.225683,6.592972,"material damage only","4","clear",false,1,"GM0014"
"20220172618",2022,"Uitsluitend materiele schade",3,"Fiets","Fiets","Flank","Kruispunt, 3 takken",\N,"Niet brandend","Daglicht","Droog",\N,\N,"Rijnzichtlaan","Bunnik","Bunnik","Utrecht",false,52.06436,5.206343,"material damage only","4","clear",false,1,"GM0312"
"20220175251",2022,"Letsel",2,"Fiets","Fiets","Frontaal","Bocht",50,"Brandend","Schemer","Regen",\N,\N,"Markervaart","Markenbinnen","Alkmaar","Noord-Holland",false,52.527468,4.779899,"injury","2","rain",false,1,"GM0361"
"20220194540",2022,"Letsel",2,"Personenauto","Fiets","Flank","Kruispunt, 3 takken",30,"Niet brandend","Daglicht","Droog",\N,\N,"Marwei","Delfstrahuizen","De Fryske Marren","Friesland",false,52.87512,5.825418,"injury","2","clear",false,1,"GM1940"
"20220138283",2022,"Uitsluitend materiele schade",2,"Fiets","Fiets","Onbekend","Kruispunt, 4 takken",50,"Brandend","Duisternis","Droog",\N,\N,"Oostdam","Woerden","Woerden","Utrecht",false,52.087458,4.891267,"material damage only","4","clear",false,1,"GM0632"
"20220155352",2022,"Uitsluitend materiele schade",2,"Bromfiets","Fiets","Flank","Kruispunt, 4 takken",50,"Niet brandend","Daglicht","Droog",\N,\N,"Bilderdijkstraat","Amsterdam","Amsterdam","Noord-Holland",false,52.367249,4.872314,"material damage only","4","clear",false,1,"GM0363"
"20220157678",2022,"Uitsluitend materiele schade",3,"Personenauto","Fiets","Onbekend","Rechte weg",30,"Niet brandend","Daglicht","Droog",\N,"188282013","Burg L F de Montignyln","Rotterdam","Rotterdam","Zuid-Holland",false,51.956081,4.504964,"material damage only","4","clear",false,1,"GM0599"
"20220157695",2022,"Letsel",1,"Fiets",\N,"Eenzijdig","Rechte weg",\N,"Niet brandend","Daglicht","Droog",\N,"600539825","Baanhoekweg","Dordrecht","Dordrecht","Zuid-Holland",false,51.815661,4.722023,"injury","2","clear",false,1,"GM0505"
"20220159173",2022,"Uitsluitend materiele schade",2,"Personenauto","Fiets","Onbekend","Rechte weg",50,"Niet brandend","Daglicht","Droog",\N,"262195001","Wandelboslaan","Tilburg","Tilburg","Noord-Brabant",false,51.567742,5.049209,"material damage only","4","clear",false,1,"GM0855"
"20220161922",2022,"Letsel",3,"Bestelauto","Fiets","Onbekend","Rechte weg",50,"Niet brandend","Daglicht","Droog",\N,"465566018","Moesstraat","Groningen","Groningen","Groningen",false,53.230886,6.55274,"injury","2","clear",false,1,"GM0014"
"20220131471",2022,"Letsel",3,"Personenauto","Fiets","Flank","Kruispunt, 3 takken",30,"Niet brandend","Daglicht","Droog",\N,\N,"Oude Provincialeweg","Hapert","Bladel","Noord-Brabant",false,51.370831,5.256072,"injury","2","clear",false,1,"GM1728"
"20220145222",2022,"Letsel",2,"Fiets",\N,"Eenzijdig","Kruispunt, 4 takken",50,"Niet aanwezig","Daglicht","Regen",\N,\N,"Monsterseweg","'s-Gravenhage","'s-Gravenhage","Zuid-Holland",false,52.049441,4.222828,"injury","2","rain",false,1,"GM0518"
"20220145225",2022,"Letsel",2,"Fiets","Fiets","Geparkeerd voertuig","Rechte weg",50,"Niet brandend","Daglicht","Droog","Parkeervoorziening","600121639","Kennedylaan","Nieuwkoop","Nieuwkoop","Zuid-Holland",false,52.14856,4.772591,"injury","2","clear",false,1,"GM0569"
"20220165209",2022,"Uitsluitend materiele schade",2,"Fiets","Snorfiets","Flank","Kruispunt, 4 takken",30,"Niet brandend","Daglicht","Droog",\N,\N,"Rozengaardseweg","Doetinchem","Doetinchem","Gelderland",false,51.967184,6.295005,"material damage only","4","clear",false,1,"GM0222"
"20220187718",2022,"Uitsluitend materiele schade",2,"Bestelauto","Fiets","Frontaal","Rotonde",50,"Niet brandend","Daglicht","Droog",\N,\N,"Oirschotseweg","Best","Best","Noord-Brabant",false,51.508946,5.377665,"material damage only","4","clear",false,1,"GM0753"
"20220190562",2022,"Uitsluitend materiele schade",2,"Personenauto","Fiets","Flank","Kruispunt, 4 takken",\N,"Niet brandend","Daglicht","Droog",\N,\N,"Gravenstraat","Maastricht","Maastricht","Limburg",false,50.861638,5.729244,"material damage only","4","clear",false,1,"GM0935"
"20220190796",2022,"Uitsluitend materiele schade",2,"Bestelauto","Fiets","Onbekend","Rotonde",30,"Niet aanwezig","Daglicht","Droog",\N,\N,"Lambertusplein","Venlo","Venlo","Limburg",false,51.36999,6.15336,"material damage only","4","clear",false,1,"GM0983"
"20220134337",2022,"Letsel",2,"Bestelauto","Fiets","Geparkeerd voertuig","Rechte weg",30,"Niet brandend","Daglicht","Droog","Parkeervoorziening",\N,"Achter de Hoven","Leeuwarden","Leeuwarden","Friesland",false,53.199081,5.800278,"injury","2","clear",false,1,"GM0080"
"20220138393",2022,"Uitsluitend materiele schade",2,"e-bike","Fiets","Onbekend","Rechte weg",30,"Niet brandend","Daglicht","Droog",\N,"277352049","Meentweg","Bussum","Gooise Meren","Noord-Holland",false,52.273387,5.150365,"material damage only","4","clear",false,1,"GM1942"
"20220141343",2022,"Letsel",2,"Personenauto","Fiets","Flank","Kruispunt, 4 takken",50,"Brandend","Duisternis","Droog",\N,\N,"De Clercqstraat","Amsterdam","Amsterdam","Noord-Holland",true,52.371008,4.870551,"injury","2","clear",false,1,"GM0363"
"20220144080",2022,"Letsel",2,"e-bike","Fiets","Onbekend","Rechte weg",50,"Niet brandend","Daglicht",\N,\N,\N,"Bovendijk","'s-Gravenhage","'s-Gravenhage","Zuid-Holland",false,52.023698,4.28852,"injury","2","unknown",false,1,"GM0518"
"20220152366",2022,"Letsel",2,"Personenauto","Fiets","Flank","Rechte weg",50,"Niet brandend","Daglicht","Droog",\N,\N,"Parkweg","Groningen","Groningen","Groningen",false,53.206735,6.558308,"injury","2","clear",false,1,"GM0014"
"20220160603",2022,"Letsel",2,"e-bike","Overig vast object","Vast voorwerp","Bocht",50,"Niet brandend","Daglicht","Droog",\N,"371037021","Cauberg","Valkenburg","Valkenburg aan de Geul","Limburg",false,50.860979,5.82359,"injury","2","clear",false,1,"GM0994"
"20220171478",2022,"Uitsluitend materiele schade",2,"Personenauto","Fiets","Frontaal","Kruispunt, 3 takken",30,"Niet brandend","Daglicht","Droog",\N,\N,"Wittezeestraat","Lelystad","Lelystad","Flevoland",false,52.495503,5.493569,"material damage only","4","clear",false,1,"GM0995"
"20220171504",2022,"Letsel",3,"Fiets","Fiets","Onbekend",\N,60,\N,"Daglicht",\N,\N,"600756189","de Hoef Westzijde","de Hoef","De Ronde Venen","Utrecht",false,52.20524,4.814966,"injury","2","unknown",false,1,"GM0736"
"20220171505",2022,"Uitsluitend materiele schade",2,"Fiets","Fiets","Flank","Kruispunt, 3 takken",50,"Niet brandend","Daglicht","Droog",\N,\N,"FIETSPAD","Utrecht","Utrecht","Utrecht",false,52.089989,5.043846,"material damage only","4","clear",false,1,"GM0344"
"20220183732",2022,"Letsel",2,"Personenauto","Fiets","Flank","Kruispunt, 4 takken",50,"Niet brandend","Daglicht","Droog",\N,\N,"Westersingel","Rotterdam","Rotterdam","Zuid-Holland",false,51.916089,4.473626,"injury","2","clear",false,1,"GM0599"
"20220184534",2022,"Letsel",2,"Snorfiets","Fiets","Flank","Rechte weg",30,"Niet brandend","Daglicht","Droog",\N,"196282053","Capelseweg","Rotterdam","Rotterdam","Zuid-Holland",false,51.957719,4.561545,"injury","2","clear",false,1,"GM0599"
"20220190691",2022,"Uitsluitend materiele schade",2,"Personenauto","Fiets","Geparkeerd voertuig","Rechte weg",30,"Brandend","Duisternis","Droog","Parkeervoorziening","398111029","Faunasingel","Roermond","Roermond","Limburg",false,51.188706,6.024046,"material damage only","4","clear",false,1,"GM0957"
"20220151268",2022,"Letsel",2,"Vrachtauto","Fiets","Voetganger","Kruispunt, 4 takken",80,"Niet brandend","Daglicht","Droog",\N,\N,"Kerkstraat","Nunhem","Leudal","Limburg",false,51.241455,5.968552,"injury","2","clear",false,1,"GM1640"
"20220169261",2022,"Uitsluitend materiele schade",2,"Bromfiets","Fiets","Frontaal","Rechte weg",30,"Niet brandend","Daglicht","Droog",\N,"600788510","Treurenburg","'s-Hertogenbosch","'s-Hertogenbosch","Noord-Brabant",false,51.719192,5.286282,"material damage only","4","clear",false,1,"GM0796"
"20220126470",2022,"Uitsluitend materiele schade",2,"Personenauto","Fiets","Flank","Rotonde",50,"Niet brandend","Daglicht","Droog",\N,\N,"Kooilaan","Leiden","Leiden","Zuid-Holland",false,52.166188,4.506612,"material damage only","4","clear",false,1,"GM0546"
"20220132990",2022,"Letsel",2,"Personenauto","Fiets","Flank","Rotonde",50,"Niet brandend","Daglicht","Droog",\N,\N,"Ganzeweide","Heerlen","Heerlen","Limburg",false,50.918906,5.948061,"injury","2","clear",false,1,"GM0917"
"20220144215",2022,"Letsel",1,"Fiets",\N,"Eenzijdig","Rechte weg",50,"Niet brandend","Daglicht","Droog",\N,\N,"Laan van Poot","'s-Gravenhage","'s-Gravenhage","Zuid-Holland",false,52.079186,4.246681,"injury","2","clear",false,1,"GM0518"
"20220146297",2022,"Letsel",2,"Bestelauto","Fiets","Flank","Rotonde",50,"Niet brandend","Daglicht",\N,\N,\N,"Koninginneweg","Zwijndrecht","Zwijndrecht","Zuid-Holland",false,51.815494,4.638612,"injury","2","unknown",false,1,"GM0642"
"20220155638",2022,"Uitsluitend materiele schade",2,"Personenauto","Fiets","Flank","Kruispunt, 3 takken",30,"Niet brandend","Daglicht","Regen",\N,\N,"Oostenburgervoorstraat","Amsterdam","Amsterdam","Noord-Holland",false,52.368814,4.921959,"material damage only","4","rain",false,1,"GM0363"
"20220169302",2022,"Letsel",2,"e-bike","e-bike","Frontaal","Rechte weg",30,"Niet brandend","Daglicht","Droog",\N,"600586348","FIETSPAD","Winterswijk","Winterswijk","Gelderland",false,51.974872,6.720955,"injury","2","clear",false,1,"GM0294"
"20220175554",2022,"Letsel",2,"e-bike","Fiets","Frontaal","Rechte weg",60,"Niet brandend","Daglicht","Droog",\N,"600787755","De Gouw","Enkhuizen","Enkhuizen","Noord-Holland",false,52.708828,5.266612,"injury","2","clear",false,1,"GM0388"
"20220193884",2022,"Uitsluitend materiele schade",3,"Landbouwvoertuig","Fiets","Onbekend","Rechte weg",50,"Brandend","Duisternis","Droog",\N,"506535021","Woortmanslaan","Wildervank","Veendam","Groningen",false,53.087689,6.857354,"material damage only","4","clear",false,1,"GM0047"
"20220196331",2022,"Uitsluitend materiele schade",2,"Personenauto","Fiets","Onbekend","Kruispunt, 4 takken",50,"Niet brandend","Daglicht","Droog",\N,\N,"Zambonistraat","Kampen","Kampen","Overijssel",false,52.555832,5.885894,"material damage only","4","clear",false,1,"GM0166"
"20220126500",2022,"Letsel",2,"Fiets","Personenauto","Flank","Rechte weg",60,"Niet brandend","Daglicht","Droog",\N,"177326005","Hogeboomseweg","Wassenaar","Wassenaar","Zuid-Holland",false,52.153288,4.420241,"injury","2","clear",false,1,"GM0629"
"20220126516",2022,"Letsel",2,"Fiets","Personenauto","Flank","Kruispunt, 3 takken",30,"Niet brandend","Daglicht","Droog",\N,\N,"Waterkersvijver","'s-Gravenhage","'s-Gravenhage","Zuid-Holland",false,52.018564,4.301997,"injury","2","clear",false,1,"GM0518"
"20220148948",2022,"Uitsluitend materiele schade",2,"Personenauto","Fiets","Flank","Kruispunt, 3 takken",30,"Niet brandend","Daglicht","Droog",\N,\N,"Burg Verheugtstraat","Mierlo","Geldrop-Mierlo","Noord-Brabant",false,51.442965,5.611628,"material damage only","4","clear",false,1,"GM1771"
"20220168221",2022,"Letsel",1,"Fiets",\N,"Eenzijdig","Kruispunt, 4 takken",30,"Niet brandend","Daglicht","Droog",\N,\N,"Korteweg","Kampen","Kampen","Overijssel",false,52.556843,5.909532,"injury","2","clear",false,1,"GM0166"
"20220192766",2022,"Uitsluitend materiele schade",1,"Fiets",\N,"Kop/staart","Rechte weg",50,"Niet brandend","Daglicht","Droog","Tunnel","600288296","Brailleweg","Groningen","Groningen","Groningen",false,53.207725,6.561711,"material damage only","4","clear",false,1,"GM0014"
"20220193381",2022,"Letsel",2,"Bestelauto","Fiets","Geparkeerd voertuig","Rechte weg",30,"Niet brandend","Daglicht","Droog",\N,"467564018","Sint Walburgstraat","Groningen","Groningen","Groningen",false,53.220554,6.56814,"injury","2","clear",false,1,"GM0014"
"20220196415",2022,"Letsel",3,"Personenauto","Fiets","Flank","Kruispunt, 4 takken",80,"Niet brandend","Daglicht","Droog",\N,\N,"Nieuwe Ubbergseweg","Nijmegen","Nijmegen","Gelderland",false,51.843338,5.883912,"injury","2","clear",false,1,"GM0268"
"20220128873",2022,"Letsel",2,"Snorfiets","Fiets","Flank","Kruispunt, 3 takken",30,"Niet brandend","Daglicht","Droog",\N,\N,"Sint-Jobsweg","Rotterdam","Rotterdam","Zuid-Holland",false,51.905188,4.46188,"injury","2","clear",false,1,"GM0599"
"20220137649",2022,"Letsel",2,"Bestelauto","Fiets","Onbekend","Rotonde",50,"Niet brandend","Daglicht","Droog",\N,\N,"Ooyerdreef","Warnsveld","Zutphen","Gelderland",false,52.134158,6.228017,"injury","2","clear",false,1,"GM0301"
"20220144421",2022,"Letsel",2,"Fiets","Fiets","Flank","Rechte weg",15,"Niet brandend","Daglicht","Droog",\N,"155303011","Meppelrade","'s-Gravenhage","'s-Gravenhage","Zuid-Holland",false,52.050533,4.261503,"injury","2","clear",false,1,"GM0518"
"20220150363",2022,"Letsel",2,"Fiets","Bromfiets","Onbekend","Rechte weg",30,"Niet brandend","Daglicht","Droog",\N,"600673061","Beerseweg","Cuijk","Land van Cuijk","Noord-Brabant",false,51.730849,5.858352,"injury","2","clear",false,1,"GM1982"
"20220153461",2022,"Uitsluitend materiele schade",2,"e-bike","Personenauto","Onbekend","Kruispunt, 4 takken",60,"Niet brandend","Daglicht","Droog",\N,\N,"van Heemstraweg","Boven-Leeuwen","West Maas en Waal","Gelderland",false,51.878817,5.544975,"material damage only","4","clear",false,1,"GM0668"
"20220173144",2022,"Uitsluitend materiele schade",2,"Personenauto","Fiets","Flank","Rechte weg",50,"Niet brandend","Daglicht","Droog",\N,\N,"Aimé Bonnastraat","Vianen","Vijfheerenlanden","Utrecht",false,51.989116,5.091658,"material damage only","4","clear",false,1,"GM1961"
"20220193655",2022,"Uitsluitend materiele schade",2,"Fiets","Personenauto","Frontaal","Rechte weg",50,"Brandend","Duisternis","Droog",\N,"600885356","Exloërweg","Valthe","Borger-Odoorn","Drenthe",false,52.847535,6.899021,"material damage only","4","clear",false,1,"GM1681"
"20220120354",2022,"Letsel",2,"Bestelauto","Fiets","Flank","Kruispunt, 3 takken",50,"Niet brandend","Daglicht","Droog",\N,\N,"WITTEVROUWENBRUG","Utrecht","Utrecht","Utrecht",false,52.09504,5.126529,"injury","2","clear",false,1,"GM0344"
"20220130563",2022,"Uitsluitend materiele schade",2,"Personenauto","Fiets","Onbekend",\N,50,\N,"Duisternis",\N,\N,\N,"Sint Ceciliastraat","Tilburg","Tilburg","Noord-Brabant",false,51.562165,5.074618,"material damage only","4","unknown",false,1,"GM0855"
"20220138744",2022,"Uitsluitend materiele schade",2,"Personenauto","Fiets","Onbekend","Kruispunt, 3 takken",50,"Niet brandend","Daglicht","Droog",\N,\N,"Laan van Nieuw-Guinea","Utrecht","Utrecht","Utrecht",false,52.093668,5.085462,"material damage only","4","clear",false,1,"GM0344"
"20220150469",2022,"Letsel",2,"Fiets","Overig vast object","Vast voorwerp","Rechte weg",30,"Niet brandend","Daglicht","Droog",\N,"298225074","Orthenseweg","'s-Hertogenbosch","'s-Hertogenbosch","Noord-Brabant",false,51.701058,5.304094,"injury","2","clear",false,1,"GM0796"
"20240070688",2024,"Letsel",2,"Personenauto","Fiets","Onbekend","Rechte weg",50,"Niet brandend","Daglicht","Droog",\N,"187291046","Waghenaerdreef","Bergschenhoek","Lansingerland","Zuid-Holland",false,51.99729,4.494352,"injury","2","clear",false,1,"GM1621"
"20240073032",2024,"Letsel",2,"Personenauto","Fiets","Los voorwerp","Rechte weg",80,"Niet brandend","Daglicht","Droog",\N,"335177041","Ter Warden","Nuenen","Nuenen, Gerwen en Nederwetten","Noord-Brabant",false,51.486747,5.571181,"injury","2","clear",false,1,"GM0820"
"20240079683",2024,"Uitsluitend materiele schade",2,"Fiets","Bromfiets","Flank","Kruispunt, 4 takken",30,"Niet brandend","Daglicht","Droog",\N,\N,"Industrieweg","Duivendrecht","Ouder-Amstel","Noord-Holland",false,52.336059,4.945299,"material damage only","4","clear",false,1,"GM0437"
"20240079686",2024,"Uitsluitend materiele schade",2,"Brommobiel","Fiets","Flank","Rechte weg",15,"Niet brandend","Daglicht","Droog",\N,"238373101","Baarsjesweg","Amsterdam","Amsterdam","Noord-Holland",false,52.369467,4.86405,"material damage only","4","clear",false,1,"GM0363"
"20240081558",2024,"Uitsluitend materiele schade",2,"Fiets","Fiets","Onbekend",\N,\N,\N,"Daglicht",\N,\N,"159309024","De Constant Rebecquestr","'s-Gravenhage","'s-Gravenhage","Zuid-Holland",false,52.076826,4.292341,"material damage only","4","unknown",false,1,"GM0518"
"20240086084",2024,"Uitsluitend materiele schade",1,"Fiets",\N,"Onbekend",\N,50,\N,"Daglicht",\N,\N,"198373001","Zandvoortselaan","Bentveld","Zandvoort","Noord-Holland",false,52.365782,4.572429,"material damage only","4","unknown",false,1,"GM0473"
"20240086766",2024,"Letsel",2,"Personenauto","Fiets","Flank","Rotonde",50,"Niet brandend","Daglicht","Droog",\N,\N,"Gorslaan","Purmerend","Purmerend","Noord-Holland",false,52.503889,4.963783,"injury","2","clear",false,1,"GM0439"
"20240087431",2024,"Letsel",2,"Bromfiets","Fiets","Onbekend","Rechte weg",30,"Niet brandend","Daglicht","Regen",\N,"600777112","Balijelaan","Utrecht","Utrecht","Utrecht",false,52.077208,5.112328,"injury","2","rain",false,1,"GM0344"
"20240088055",2024,"Letsel",1,"Fiets",\N,"Onbekend","Kruispunt, 4 takken",30,"Niet brandend","Daglicht","Regen",\N,\N,"Paviljoensgracht","'s-Gravenhage","'s-Gravenhage","Zuid-Holland",false,52.074596,4.3107,"injury","2","rain",false,1,"GM0518"
"20240089372",2024,"Letsel",2,"Fiets","Fiets","Onbekend","Rechte weg",50,"Niet brandend","Daglicht","Droog","Brug/viaduct","600977753","Europaweg","Leiden","Leiden","Zuid-Holland",false,52.140282,4.487837,"injury","2","clear",false,1,"GM0546"
"20240092822",2024,"Uitsluitend materiele schade",2,"Personenauto","Fiets","Flank","Kruispunt, 4 takken",80,"Niet brandend","Daglicht","Droog",\N,\N,"VILLENBRAKEN","Son en Breugel","Son en Breugel","Noord-Brabant",false,51.538096,5.486671,"material damage only","4","clear",false,1,"GM0848"
"20240093094",2024,"Uitsluitend materiele schade",2,"Bus","Fiets","Onbekend","Kruispunt, 4 takken",50,"Niet brandend","Daglicht","Droog",\N,\N,"St. Jacobslaan","Nijmegen","Nijmegen","Gelderland",false,51.823311,5.851309,"material damage only","4","clear",false,1,"GM0268"
"20240097414",2024,"Uitsluitend materiele schade",2,"Fiets","Bestelauto","Onbekend","Rechte weg",30,"Niet aanwezig","Daglicht","Droog","Brug/viaduct","242372017","Nieuwe Spiegelstraat","Amsterdam","Amsterdam","Noord-Holland",false,52.364881,4.88999,"material damage only","4","clear",false,1,"GM0363"
"20240098466",2024,"Uitsluitend materiele schade",2,"Fiets","Fiets","Flank",\N,\N,"Niet brandend","Daglicht","Droog",\N,"236368043","Piet Kranenbergpad","Amsterdam","Amsterdam","Noord-Holland",false,52.342738,4.851657,"material damage only","4","clear",false,1,"GM0363"
"20240041064",2024,"Uitsluitend materiele schade",2,"Bromfiets","Fiets","Onbekend","Kruispunt, 4 takken",30,"Brandend","Daglicht","Droog",\N,\N,"2e Hugo de Grootstraat","Amsterdam","Amsterdam","Noord-Holland",false,52.374178,4.874861,"material damage only","4","clear",false,1,"GM0363"
"20240044437",2024,"Letsel",1,"Fiets",\N,"Onbekend","Rechte weg",60,"Niet aanwezig","Daglicht","Droog",\N,"314149002","Keersopperdreef","Riethoven","Bergeijk","Noord-Brabant",false,51.362808,5.417064,"injury","2","clear",false,1,"GM1724"
"20240048386",2024,"Uitsluitend materiele schade",1,"Fiets",\N,"Onbekend","Rechte weg",\N,"Niet brandend","Daglicht","Droog",\N,"283373004","Componistenpad","Almere","Almere","Flevoland",false,52.369351,5.194613,"material damage only","4","clear",false,1,"GM0034"
"20240091339",2024,"Letsel",2,"Fiets","Personenauto","Flank","Kruispunt, 4 takken",50,"Niet brandend","Daglicht","Droog",\N,\N,"Weissenbruchlaan","Rotterdam","Rotterdam","Zuid-Holland",false,51.955602,4.49422,"injury","2","clear",false,1,"GM0599"
"20240092868",2024,"Letsel",2,"Personenauto","Fiets","Flank","Kruispunt, 3 takken",30,"Niet brandend","Daglicht","Droog",\N,\N,"Hoofdstraat","Schijndel","Meierijstad","Noord-Brabant",false,51.619749,5.432531,"injury","2","clear",false,1,"GM1948"
"20240093798",2024,"Uitsluitend materiele schade",2,"Personenauto","Fiets","Flank","Kruispunt, 4 takken",50,"Niet brandend","Daglicht","Droog",\N,\N,"Johnny van Doornplein","Arnhem","Arnhem","Gelderland",false,51.982937,5.91246,"material damage only","4","clear",false,1,"GM0202"
"20240096739",2024,"Uitsluitend materiele schade",2,"Personenauto","Fiets","Flank","Kruispunt, 3 takken",30,"Niet brandend","Schemer","Regen",\N,\N,"Schrevenweg","Zwolle","Zwolle","Overijssel",false,52.526695,6.128933,"material damage only","4","rain",false,1,"GM0193"
"20240098504",2024,"Letsel",2,"Fiets","Fiets","Frontaal","Rotonde",50,"Niet brandend","Daglicht","Droog",\N,\N,"Icaruslaan","Heerhugowaard","Dijk en Waard","Noord-Holland",false,52.673029,4.835403,"injury","2","clear",false,1,"GM1980"
"20240082320",2024,"Uitsluitend materiele schade",2,"Personenauto","Fiets","Frontaal","Rechte weg",30,"Niet brandend","Daglicht",\N,\N,"398111050","Florasingel","Roermond","Roermond","Limburg",false,51.191149,6.02333,"material damage only","4","unknown",false,1,"GM0957"
"20240084297",2024,"Uitsluitend materiele schade",2,"Fiets","Fiets","Flank","Rechte weg",50,"Niet brandend","Daglicht","Droog",\N,"483374023","Noordikslaan","Almelo","Almelo","Overijssel",false,52.366437,6.660838,"material damage only","4","clear",false,1,"GM0141"
"20240097829",2024,"Letsel",1,"Fiets",\N,"Onbekend","Rechte weg",30,"Niet brandend","Daglicht","Regen",\N,"189328102","Atjehstraat","Leiden","Leiden","Zuid-Holland",false,52.164803,4.507472,"injury","2","rain",false,1,"GM0546"
"20240071514",2024,"Letsel",2,"Personenauto","Fiets","Flank","Rotonde",50,"Niet brandend","Daglicht","Droog",\N,\N,"FIETSPAD","Bergschenhoek","Lansingerland","Zuid-Holland",false,51.989486,4.479504,"injury","2","clear",false,1,"GM1621"
"20240073964",2024,"Uitsluitend materiele schade",2,\N,"Fiets","Flank","Kruispunt, 3 takken",50,"Niet brandend","Daglicht","Droog",\N,\N,"Henri Dunantstraat","Oostrum","Venray","Limburg",false,51.524973,6.008025,"material damage only","4","clear",false,1,"GM0984"
"20240090771",2024,"Uitsluitend materiele schade",2,"Personenauto","Fiets","Onbekend","Kruispunt, 4 takken",50,"Niet brandend","Daglicht","Droog",\N,\N,"Hoefstraat","Tilburg","Tilburg","Noord-Brabant",false,51.573475,5.088528,"material damage only","4","clear",false,1,"GM0855"
"20240093854",2024,"Uitsluitend materiele schade",2,"Personenauto","Fiets","Onbekend","Kruispunt, 4 takken",50,"Niet brandend","Daglicht","Droog",\N,\N,"Kloosterwiel","Zaltbommel","Zaltbommel","Gelderland",false,51.80755,5.236143,"material damage only","4","clear",false,1,"GM0297"
"20240095198",2024,"Uitsluitend materiele schade",2,"Fiets","Fiets","Frontaal","Rechte weg",\N,"Brandend","Duisternis","Droog",\N,"362612005","Bureweg","Nes","Ameland","Friesland",false,53.443015,5.781157,"material damage only","4","clear",false,1,"GM0060"
"20240097847",2024,"Letsel",1,"Fiets",\N,"Onbekend","Rechte weg",50,"Niet brandend","Daglicht","Droog","Spoorwegovergang","207321012","Magazijnweg","Alphen aan den Rijn","Alphen aan den Rijn","Zuid-Holland",false,52.132243,4.638102,"injury","2","clear",false,1,"GM0484"
"20240098071",2024,"Letsel",2,"Fiets","Fiets","Onbekend","Kruispunt, 4 takken",30,"Niet brandend","Daglicht","Droog",\N,\N,"Klaverveld","'s-Gravenhage","'s-Gravenhage","Zuid-Holland",false,52.06875,4.405758,"injury","2","clear",false,1,"GM0518"
"20240084952",2024,"Uitsluitend materiele schade",2,"Personenauto","Fiets","Flank","Kruispunt, 3 takken",50,"Niet brandend","Daglicht","Droog",\N,\N,"Albert Cuypstraat","Zwolle","Zwolle","Overijssel",false,52.516149,6.09186,"material damage only","4","clear",false,1,"GM0193"
"20240092731",2024,"Uitsluitend materiele schade",2,"Personenauto","Fiets","Flank","Kruispunt, 3 takken",30,"Niet brandend","Daglicht","Droog",\N,\N,"Limburglaan","Eindhoven","Eindhoven","Noord-Brabant",false,51.432671,5.454013,"material damage only","4","clear",false,1,"GM0772"
"20240093916",2024,"Uitsluitend materiele schade",1,"Fiets",\N,"Onbekend","Kruispunt, 3 takken",60,"Niet aanwezig","Daglicht","Droog",\N,\N,"Voorsterweg","Tonden","Brummen","Gelderland",false,52.138766,6.144727,"material damage only","4","clear",false,1,"GM0213"
"20240098323",2024,"Letsel",4,"Fiets","Personenauto","Flank","Kruispunt, 4 takken",50,"Niet brandend","Daglicht","Droog",\N,\N,"Wassenaarseweg","'s-Gravenhage","'s-Gravenhage","Zuid-Holland",false,52.095361,4.327604,"injury","2","clear",false,1,"GM0518"
"20240046172",2024,"Uitsluitend materiele schade",1,"Fiets",\N,"Kop/staart","Rechte weg",60,"Niet aanwezig","Daglicht","Droog",\N,"382595001","Lania","Holwert","Noardeast-Fryslân","Friesland",false,53.368723,5.937328,"material damage only","4","clear",false,1,"GM1970"
"20240074042",2024,"Letsel",1,"Fiets",\N,"Onbekend","Rechte weg",30,"Niet brandend","Daglicht","Droog",\N,"600527178","Centraleweg","Geertruidenberg","Geertruidenberg","Noord-Brabant",false,51.696548,4.849698,"injury","2","clear",false,1,"GM0779"
"20240074084",2024,"Uitsluitend materiele schade",1,"Fiets",\N,"Onbekend","Rechte weg",60,"Niet brandend","Daglicht","Droog",\N,"383060013","Groenhaagweg","Doenrade","Beekdaelen","Limburg",false,50.958727,5.91489,"material damage only","4","clear",false,1,"GM1954"
"20240084402",2024,"Uitsluitend materiele schade",2,"Fiets","Personenauto","Flank","Bocht",50,"Niet brandend","Daglicht","Droog",\N,"397292014","Oranjeweg","Rheden","Rheden","Gelderland",false,52.00243,6.025875,"material damage only","4","clear",false,1,"GM0275"