"accident_id","year","severity_raw","party_count","party1_type","party2_type","accident_type","road_situation","speed_limit_kmh","road_lighting","light_condition_label","weather_raw","infra_type","road_segment_id","street_name","place_name","gemeente_name_raw","province","alcohol_indicated","latitude","longitude","severity_label","severity_code","weather_label","built_up_area","cyclists_involved","gemeente_code"
"20240087641",2024,"Uitsluitend materiele schade",2,"Personenauto","Fiets","Onbekend","Rechte weg",50,"Niet brandend","Daglicht","Droog",\N,"600810545","Churchillstraat","Barneveld","Barneveld","Gelderland",false,52.134175,5.583285,"material damage only","4","clear",false,1,"GM0203"
"20240091486",2024,"Letsel",2,"Bestelauto","Fiets","Flank","Rechte weg",50,"Niet brandend","Daglicht","Droog",\N,"155274035","Mesdaglaan","Maassluis","Maassluis","Zuid-Holland",false,51.918037,4.261065,"injury","2","clear",false,1,"GM0556"
"20240095782",2024,"Uitsluitend materiele schade",1,"Fiets",\N,"Onbekend",\N,50,\N,"Daglicht",\N,\N,"281341231","Zeedijk","Hilversum","Hilversum","Noord-Holland",false,52.224179,5.175258,"material damage only","4","unknown",false,1,"GM0402"
"20240098654",2024,"Letsel",1,"Fiets",\N,"Onbekend",\N,30,\N,"Daglicht",\N,\N,"601004153","Hillegommerdijk","Beinsdorp","Haarlemmermeer","Noord-Holland",false,52.291193,4.596625,"injury","2","unknown",false,1,"GM0394"
"20240049841",2024,"Letsel",1,"Fiets",\N,"Kop/staart","Rechte weg",60,"Niet brandend","Daglicht","Droog",\N,\N,"Pettendijk","Maasdijk","Westland","Zuid-Holland",false,51.968024,4.197955,"injury","2","clear",false,1,"GM1783"
"20240084446",2024,"Letsel",2,"Fiets","Lichtmast","Vast voorwerp","Rechte weg",80,"Niet brandend","Daglicht","Droog",\N,"366380003","Zuiderzeestraatweg West","Doornspijk","Elburg","Gelderland",false,52.404948,5.805345,"injury","2","clear",false,1,"GM0230"
"20240089637",2024,"Letsel",2,"Personenauto","Fiets","Geparkeerd voertuig","Bocht",30,"Niet brandend","Daglicht","Droog",\N,"206429139","Boulevard Zuid","Egmond aan Zee","Bergen (NH)","Noord-Holland",false,52.616427,4.621017,"injury","2","clear",false,1,\N
"20240094813",2024,"Uitsluitend materiele schade",2,"Fiets","Fiets","Flank","Rechte weg",30,"Niet brandend","Daglicht","Droog",\N,"385339024","Huygenslaan","Apeldoorn","Apeldoorn","Gelderland",false,52.21425,5.939972,"material damage only","4","clear",false,1,"GM0200"
"20240098694",2024,"Letsel",2,"Bromfiets","Fiets","Frontaal","Rechte weg",15,"Niet aanwezig","Daglicht","Droog",\N,"600756460","Houtveldweg","Zaandam","Zaanstad","Noord-Holland",false,52.445193,4.808132,"injury","2","clear",false,1,"GM0479"
"20240044677",2024,"Uitsluitend materiele schade",2,"Bestelauto","Fiets","Onbekend","Kruispunt, 4 takken",80,"Niet brandend","Daglicht","Droog",\N,\N,"Langeweg","Schijndel","Meierijstad","Noord-Brabant",false,51.60528,5.416252,"material damage only","4","clear",false,1,"GM1948"
"20240046228",2024,"Letsel",2,"Fiets","Personenauto","Flank","Kruispunt, 4 takken",30,"Niet brandend","Daglicht","Droog",\N,\N,"Sophiastraat","Groningen","Groningen","Groningen",false,53.211612,6.575429,"injury","2","clear",false,1,"GM0014"
"20240084508",2024,"Uitsluitend materiele schade",2,"Personenauto","Fiets","Flank","Kruispunt, 4 takken",50,"Niet brandend","Daglicht","Droog",\N,\N,"Brugstraat","Lemelerveld","Dalfsen","Overijssel",false,52.446214,6.34012,"material damage only","4","clear",false,1,"GM0148"
"20240086390",2024,"Uitsluitend materiele schade",1,"Fiets",\N,"Flank","Rechte weg",30,"Niet brandend","Daglicht","Droog",\N,"218440080","Van Blaaderenweg","Bergen (NH)","Bergen (NH)","Noord-Holland",false,52.666819,4.713453,"material damage only","4","clear",false,1,\N
"20240091571",2024,"Letsel",2,"Fiets","Snorfiets","Flank","Rechte weg",\N,"Niet brandend","Daglicht","Droog",\N,"184275137","Coolsingel","Rotterdam","Rotterdam","Zuid-Holland",false,51.921921,4.478953,"injury","2","clear",false,1,"GM0599"
"20240094836",2024,"Uitsluitend materiele schade",2,"Bromfiets","Fiets","Frontaal","Bocht",50,"Niet brandend","Schemer","Droog","Tunnel","324269017","Remkettingweg","Echteld","Neder-Betuwe","Gelderland",false,51.897477,5.496789,"material damage only","4","clear",false,1,"GM1740"
"20240095871",2024,"Letsel",3,"Personenauto","Fiets","Flank","Rechte weg",50,"Niet brandend","Daglicht","Droog",\N,"207382019","Orionweg","Haarlem","Haarlem","Noord-Holland",false,52.405783,4.637947,"injury","2","clear",false,1,"GM0392"
"20240096420",2024,"Uitsluitend materiele schade",2,"Motor","Fiets","Flank","Kruispunt, 3 takken",30,\N,"Daglicht","Droog",\N,\N,"Nachtegaalstraat","Utrecht","Utrecht","Utrecht",false,52.091835,5.13109,"material damage only","4","clear",false,1,"GM0344"
"20240102634",2024,"Uitsluitend materiele schade",2,"Personenauto","Fiets","Onbekend","Kruispunt, 4 takken",30,"Niet brandend","Daglicht","Droog",\N,\N,"Vinkelaan","Helmond","Helmond","Noord-Brabant",false,51.49006,5.661628,"material damage only","4","clear",false,1,"GM0794"
"20240050566",2024,"Uitsluitend materiele schade",2,"Fiets","Personenauto","Onbekend","Kruispunt, 4 takken",30,"Niet brandend","Daglicht","Droog",\N,\N,"Loowaard","Amsterdam","Amsterdam","Noord-Holland",false,52.330441,4.879286,"material damage only","4","clear",false,1,"GM0363"
"20240087091",2024,"Uitsluitend materiele schade",1,"Fiets",\N,"Onbekend","Rechte weg",30,"Niet brandend","Daglicht","Droog",\N,"282294009","Beekmos","Houten","Houten","Utrecht",false,52.013814,5.188926,"material damage only","4","clear",false,1,"GM0321"
"20240091615",2024,"Letsel",2,"Vrachtauto","Fiets","Onbekend","Rechte weg",50,"Niet brandend","Daglicht","Droog",\N,"600734461","Sprundelseweg","Rucphen","Rucphen","Noord-Brabant",false,51.532125,4.565761,"injury","2","clear",false,1,"GM0840"
"20240095896",2024,"Letsel",3,"Personenauto","e-bike","Flank","Kruispunt, 3 takken",50,"Niet brandend","Daglicht","Droog",\N,\N,"Alkmaarseweg","Beverwijk","Beverwijk","Noord-Holland",false,52.490395,4.659938,"injury","2","clear",false,1,"GM0375"
"20240098812",2024,"Uitsluitend materiele schade",2,"Personenauto","Fiets","Kop/staart","Rechte weg",30,"Brandend","Duisternis","Droog",\N,"600762074","Spaarndammerstraat","Amsterdam","Amsterdam","Noord-Holland",false,52.391051,4.87824,"material damage only","4","clear",false,1,"GM0363"
"20240099066",2024,"Uitsluitend materiele schade",1,"Fiets",\N,"Voetganger","Rechte weg",30,"Niet brandend","Daglicht","Droog",\N,"600583519","FIETSPAD","Amsterdam","Amsterdam","Noord-Holland",false,52.333944,4.894782,"material damage only","4","clear",false,1,"GM0363"
"20240045674",2024,"Uitsluitend materiele schade",2,"Personenauto","Fiets","Onbekend","Kruispunt, 3 takken",30,"Niet brandend","Daglicht","Droog",\N,\N,"Plechelmusstraat","de Lutte","Losser","Overijssel",false,52.314892,6.987346,"material damage only","4","clear",false,1,"GM0168"
"20240086454",2024,"Letsel",2,"Personenauto","Fiets","Flank","Rotonde",50,"Niet brandend","Daglicht","Droog",\N,\N,"Soestdijkseweg Zuid","De Bilt","De Bilt","Utrecht",false,52.112299,5.190939,"injury","2","clear",false,1,"GM0310"
"20240091679",2024,"Uitsluitend materiele schade",2,"Personenauto","Fiets","Flank","Kruispunt, 3 takken",60,"Niet brandend","Daglicht","Droog",\N,\N,"Zinkweg of 1e Kruisweg","Westmaas","Hoeksche Waard","Zuid-Holland",false,51.795999,4.438447,"material damage only","4","clear",false,1,"GM1963"
"20240098965",2024,"Letsel",2,"Bestelauto","Fiets","Flank","Rotonde",60,"Niet brandend","Daglicht","Droog",\N,\N,"Rozendijk","Den Burg","Texel","Noord-Holland",false,53.063973,4.775898,"injury","2","clear",false,1,"GM0448"
"20240099368",2024,"Uitsluitend materiele schade",2,"Snorfiets","Fiets","Flank","Kruispunt, 3 takken",50,"Niet brandend","Daglicht","Droog",\N,\N,"FIETSPAD","Rotterdam","Rotterdam","Zuid-Holland",false,51.966189,4.456563,"material damage only","4","clear",false,1,"GM0599"
"20240100866",2024,"Letsel",2,"Bestelauto","Fiets","Flank","Rotonde",50,"Niet brandend","Daglicht","Regen",\N,\N,"Burgemeester Keijzerweg","Papendrecht","Papendrecht","Zuid-Holland",false,51.835761,4.691854,"injury","2","rain",false,1,"GM0590"
"20240047000",2024,"Uitsluitend materiele schade",2,"Personenauto","Fiets","Onbekend","Kruispunt, 4 takken",50,"Niet brandend","Daglicht","Droog",\N,\N,"Stadhoudersmolenweg","Apeldoorn","Apeldoorn","Gelderland",false,52.246939,5.978698,"material damage only","4","clear",false,1,"GM0200"
"20230176267",2023,"Letsel",1,"Fiets",\N,"Eenzijdig","Kruispunt, 4 takken",50,"Niet brandend","Daglicht","Droog",\N,\N,"Swanendrift","Zwijndrecht","Zwijndrecht","Zuid-Holland",false,51.824394,4.643414,"injury","2","clear",false,1,"GM0642"
"20240087850",2024,"Letsel",2,"Fiets","Fiets","Frontaal","Rechte weg",30,"Niet brandend","Daglicht","Droog",\N,"600920829","Westerpark","Amsterdam","Amsterdam","Noord-Holland",false,52.387261,4.87541,"injury","2","clear",false,1,"GM0363"
"20240100566",2024,"Letsel",2,"Personenauto","Fiets","Flank","Kruispunt, 4 takken",50,"Niet brandend","Daglicht","Droog",\N,\N,"Kagerstraat","Leiden","Leiden","Zuid-Holland",false,52.170939,4.479534,"injury","2","clear",false,1,"GM0546"
"20240100725",2024,"Uitsluitend materiele schade",2,"Bestelauto","Fiets","Flank","Kruispunt, 4 takken",50,"Niet brandend","Daglicht","Droog",\N,\N,"Weideveld","Hardinxveld-Giessendam","Hardinxveld-Giessendam","Zuid-Holland",false,51.826534,4.831188,"material damage only","4","clear",false,1,"GM0523"
"20240071155",2024,"Letsel",1,"Fiets",\N,"Eenzijdig","Rechte weg",30,"Brandend","Duisternis","Droog",\N,"161310032","Prinsestraat","'s-Gravenhage","'s-Gravenhage","Zuid-Holland",false,52.079912,4.30415,"injury","2","clear",false,1,"GM0518"
"20240075980",2024,"Uitsluitend materiele schade",2,"Personenauto","Fiets","Kop/staart","Rechte weg",30,"Niet brandend","Daglicht","Droog",\N,"344540003","Skrins","Easterlittens","Leeuwarden","Friesland",false,53.120718,5.645255,"material damage only","4","clear",false,1,"GM0080"
"20240081982",2024,"Letsel",2,"Fiets","Fiets","Flank","Rechte weg",50,"Niet brandend","Daglicht","Droog",\N,"179346087","Huis ter Duinstraat","Noordwijk","Noordwijk","Zuid-Holland",false,52.24186,4.433139,"injury","2","clear",false,1,"GM0575"
"20240085899",2024,"Letsel",1,"Fiets",\N,"Onbekend",\N,30,\N,"Daglicht",\N,\N,"267580007","Willem de Vlaminghweg","Vlieland","Vlieland","Friesland",false,53.296702,5.06802,"injury","2","unknown",false,1,"GM0096"
"20240100502",2024,"Letsel",2,"Fiets",\N,"Flank","Kruispunt, 4 takken",50,"Niet brandend","Daglicht","Droog",\N,\N,"Stadhoudersweg","Rotterdam","Rotterdam","Zuid-Holland",false,51.929787,4.440994,"injury","2","clear",false,1,"GM0599"
"20240100507",2024,"Uitsluitend materiele schade",2,"Bromfiets","Fiets","Onbekend","Rechte weg",30,\N,"Daglicht","Droog",\N,"155309014","Rozenstraat","'s-Gravenhage","'s-Gravenhage","Zuid-Holland",false,52.074717,4.257603,"material damage only","4","clear",false,1,"GM0518"
"20240080926",2024,"Letsel",2,"Fiets","Fiets","Flank","Rechte weg",60,"Niet brandend","Daglicht","Droog",\N,"172327001","De Wassenaarse Slag","Wassenaar","Wassenaar","Zuid-Holland",false,52.156004,4.382851,"injury","2","clear",false,1,"GM0629"
"20240085920",2024,"Letsel",2,"Personenauto","Fiets","Onbekend","Rechte weg",50,"Niet brandend","Daglicht","Droog",\N,"529500034","Kruisstraat","Musselkanaal","Stadskanaal","Groningen",false,52.930807,7.022639,"injury","2","clear",false,1,"GM0037"
"20240086580",2024,"Letsel",2,"Snorfiets","Fiets","Frontaal","Rotonde",30,"Niet brandend","Daglicht","Droog",\N,\N,"Bennebroekerweg","Hoofddorp","Haarlemmermeer","Noord-Holland",true,52.303774,4.629267,"injury","2","clear",false,1,"GM0394"
"20240089198",2024,"Letsel",2,"Fiets","Snorfiets","Kop/staart","Rechte weg",60,"Niet brandend","Daglicht","Droog",\N,"149297067","Poeldijksepad","Honselersdijk","Westland","Zuid-Holland",false,52.019504,4.221296,"injury","2","clear",false,1,"GM1783"
"20240091119",2024,"Letsel",2,"Bromfiets","Fiets","Kop/staart","Kruispunt, 3 takken",30,"Niet brandend","Daglicht","Droog",\N,\N,"Markgraaflaan","Vlaardingen","Vlaardingen","Zuid-Holland",false,51.910179,4.337307,"injury","2","clear",false,1,"GM0622"
"20240091151",2024,"Uitsluitend materiele schade",2,"Bromfiets","Fiets","Flank","Kruispunt, 4 takken",50,"Niet brandend","Daglicht","Regen",\N,\N,"Vijverhofstraat","Rotterdam","Rotterdam","Zuid-Holland",false,51.932024,4.471231,"material damage only","4","rain",false,1,"GM0599"
"20240101413",2024,"Uitsluitend materiele schade",2,"Fiets","Bus","Flank","Rechte weg",30,"Niet brandend","Daglicht","Droog",\N,"326163005","St Petrus Canisiuslaan","Eindhoven","Eindhoven","Noord-Brabant",false,51.427119,5.50873,"material damage only","4","clear",false,1,"GM0772"
"20240050120",2024,"Letsel",3,"Personenauto","Fiets","Flank","Kruispunt, 4 takken",50,"Niet brandend","Daglicht","Droog",\N,\N,"Surinamestraat","Leiden","Leiden","Zuid-Holland",false,52.16736,4.511529,"injury","2","clear",false,1,"GM0546"
"20240084665",2024,"Letsel",2,"Personenauto","Fiets","Flank","Kruispunt, 3 takken",50,"Niet brandend","Daglicht","Droog",\N,\N,"IJsselweg","Terborg","Oude IJsselstreek","Gelderland",false,51.920497,6.346304,"injury","2","clear",false,1,"GM1509"
"20240088589",2024,"Letsel",1,"Fiets",\N,"Onbekend","Kruispunt, 4 takken",50,"Niet brandend","Daglicht","Droog",\N,\N,"FIETSPAD","Voorschoten","Voorschoten","Zuid-Holland",false,52.146014,4.464209,"injury","2","clear",false,1,"GM0626"
"20240091185",2024,"Letsel",2,"Fiets","Personenauto","Onbekend",\N,50,\N,"Daglicht",\N,\N,\N,"Blaauwweg","Dordrecht","Dordrecht","Zuid-Holland",false,51.781587,4.676132,"injury","2","unknown",false,1,"GM0505"
"20240091819",2024,"Letsel",1,"Fiets",\N,"Onbekend",\N,50,\N,"Daglicht",\N,\N,"352036110","Boschstraat","Maastricht","Maastricht","Limburg",false,50.852167,5.690408,"injury","2","unknown",false,1,"GM0935"
"20240097232",2024,"Letsel",1,"Fiets",\N,"Onbekend","Rechte weg",30,"Brandend","Duisternis","Droog",\N,"601053559","Korevaarstraat","Leiden","Leiden","Zuid-Holland",false,52.155805,4.493436,"injury","2","clear",false,1,"GM0546"
"20240075470",2024,"Uitsluitend materiele schade",2,"Personenauto","Fiets","Flank","Kruispunt, 3 takken",30,"Niet brandend","Daglicht","Droog",\N,\N,"Pastoor Bruggemanlaan","Oosterbeek","Renkum","Gelderland",false,51.987363,5.842825,"material damage only","4","clear",false,1,"GM0274"
"20240089289",2024,"Uitsluitend materiele schade",2,"Snorfiets","Fiets","Flank","Kruispunt, 4 takken",30,"Niet brandend","Daglicht","Droog",\N,\N,"Willem de Zwijgerlaan","Amsterdam","Amsterdam","Noord-Holland",false,52.37087,4.863335,"material damage only","4","clear",false,1,"GM0363"
"20240089292",2024,"Uitsluitend materiele schade",2,"Bromfiets","Fiets","Flank","Rechte weg",30,"Brandend","Duisternis","Droog",\N,\N,"Zeeburgerdijk","Amsterdam","Amsterdam","Noord-Holland",false,52.366154,4.942113,"material damage only","4","clear",false,1,"GM0363"
"20240097256",2024,"Letsel",1,"Fiets",\N,"Onbekend","Rechte weg",15,"Niet brandend","Daglicht","Droog",\N,"601053105","Haarlemmerstraat","Leiden","Leiden","Zuid-Holland",false,52.16022,4.491405,"injury","2","clear",false,1,"GM0546"
"20240048908",2024,"Uitsluitend materiele schade",2,"Personenauto","Fiets","Onbekend","Rechte weg",30,"Niet aanwezig","Daglicht","Droog",\N,"600380741","Mr. Troelstrastraat","Dieren","Rheden","Gelderland",false,52.05215,6.103342,"material damage only","4","clear",false,1,"GM0275"
"20240078417",2024,"Letsel",2,"Personenauto","Fiets","Frontaal","Rechte weg",30,"Niet brandend","Daglicht","Droog",\N,"333297066","Helling","Veenendaal","Veenendaal","Utrecht",true,52.026659,5.55862,"injury","2","clear",false,1,"GM0345"
"20230050645",2023,"Uitsluitend materiele schade",2,"Personenauto","Fiets","Flank","Rechte weg",50,"Brandend","Schemer","Droog",\N,"158308169","Loosduinsekade","'s-Gravenhage","'s-Gravenhage","Zuid-Holland",false,52.071326,4.28709,"material damage only","4","clear",false,1,"GM0518"
"20230051202",2023,"Uitsluitend materiele schade",2,"Personenauto","Fiets","Flank","Bocht",30,"Niet brandend","Daglicht","Droog",\N,"335163033","Dwarsstraat","Geldrop","Geldrop-Mierlo","Noord-Brabant",false,51.424378,5.571883,"material damage only","4","clear",false,1,"GM1771"
"20230061428",2023,"Letsel",2,"Fiets","Fiets","Onbekend","Rechte weg",50,"Niet aanwezig","Daglicht","Droog",\N,"161249001","Spuiweg","Piershil","Hoeksche Waard","Zuid-Holland",false,51.803561,4.309855,"injury","2","clear",false,1,"GM1963"
"20230065542",2023,"Letsel",1,"Fiets",\N,"Eenzijdig","Rechte weg",30,"Niet brandend","Daglicht","Droog",\N,"600682894","Burg Jhr Q v Uffordln","Apeldoorn","Apeldoorn","Gelderland",false,52.209013,5.978504,"injury","2","clear",false,1,"GM0200"
"20230039628",2023,"Letsel",2,"Personenauto","Fiets","Flank","Kruispunt, 4 takken",50,"Niet brandend","Daglicht","Mist",\N,\N,"Goudseweg","Stolwijk","Krimpenerwaard","Zuid-Holland",false,51.973201,4.769884,"injury","2","fog",false,1,"GM1931"
"20230040757",2023,"Letsel",2,"Motor","Fiets","Flank","Kruispunt, 4 takken",50,"Niet brandend","Daglicht","Droog",\N,\N,"Sloterdijkerweg","Amsterdam","Amsterdam","Noord-Holland",false,52.388627,4.847381,"injury","2","clear",false,1,"GM0363"
"20230041896",2023,"Uitsluitend materiele schade",2,"Personenauto","Fiets","Flank","Kruispunt, 4 takken",30,"Niet brandend","Daglicht","Droog",\N,\N,"Martinus Steijnstraat","Rotterdam","Rotterdam","Zuid-Holland",false,51.898428,4.501911,"material damage only","4","clear",false,1,"GM0599"
"20230047201",2023,"Letsel",2,"Fiets","Fiets","Onbekend","Kruispunt, 3 takken",15,"Niet brandend","Daglicht","Droog","Tunnel",\N,"FIETSPAD","Veenendaal","Veenendaal","Utrecht",false,52.022342,5.56952,"injury","2","clear",false,1,"GM0345"
"20230057126",2023,"Letsel",2,"Personenauto","Fiets","Flank","Rotonde",50,"Niet brandend","Daglicht","Droog",\N,\N,"Richel","Urk","Urk","Flevoland",false,52.667668,5.617913,"injury","2","clear",false,1,"GM0184"
"20230057453",2023,"Letsel",2,"Fiets","Fiets","Flank","Rechte weg",60,"Niet aanwezig","Daglicht","Droog",\N,"485347001","Sluisstraat","Ambt Delden","Hof van Twente","Overijssel",false,52.245367,6.673527,"injury","2","clear",false,1,"GM1735"
"20230062412",2023,"Uitsluitend materiele schade",2,"Personenauto","Fiets","Frontaal","Bocht",30,"Niet aanwezig","Daglicht","Droog",\N,"294232026","Schout Dicbierlaan","'s-Hertogenbosch","'s-Hertogenbosch","Noord-Brabant",false,51.735218,5.276927,"material damage only","4","clear",false,1,"GM0796"
"20230044283",2023,"Uitsluitend materiele schade",3,"Personenauto","Fiets","Los voorwerp","Bocht",30,"Niet brandend","Daglicht","Droog",\N,"600542483","Zuidwoldigerweg","Hoogeveen","Hoogeveen","Drenthe",false,52.717687,6.451363,"material damage only","4","clear",false,1,"GM0118"
"20230057466",2023,"Letsel",2,"Personenauto","Fiets","Flank","Rotonde",50,"Niet brandend","Daglicht","Droog",\N,\N,"Koningsweg","Soest","Soest","Utrecht",false,52.176906,5.272494,"injury","2","clear",false,1,"GM0342"
"20230062784",2023,"Letsel",2,"Bromfiets","Fiets","Kop/staart","Rechte weg",30,"Niet brandend","Daglicht","Droog",\N,"219203013","Walpad","Breda","Breda","Noord-Brabant",false,51.601787,4.736781,"injury","2","clear",false,1,"GM0758"
"20230064287",2023,"Letsel",2,"Personenauto","Fiets","Flank","Kruispunt, 3 takken",50,"Niet brandend","Daglicht","Droog",\N,\N,"Selfhelpweg","Sneek","Súdwest-Fryslân","Friesland",false,53.02876,5.662134,"injury","2","clear",false,1,"GM1900"
"20230043760",2023,"Uitsluitend materiele schade",2,"Personenauto","Fiets","Onbekend","Rotonde",50,"Niet brandend","Daglicht","Droog",\N,\N,"Zuidsingel","Venray","Venray","Limburg",false,51.519151,5.978649,"material damage only","4","clear",false,1,"GM0984"
"20230044905",2023,"Uitsluitend materiele schade",2,"Personenauto","Fiets","Flank","Kruispunt, 4 takken",30,"Niet brandend","Daglicht","Droog",\N,\N,"Wondestraat","Almelo","Almelo","Overijssel",false,52.347115,6.654014,"material damage only","4","clear",false,1,"GM0141"
"20230046085",2023,"Letsel",2,"Personenauto","Fiets","Flank","Kruispunt, 3 takken",50,"Niet brandend","Daglicht","Droog",\N,\N,"Asserstraat","Beilen","Midden-Drenthe","Drenthe",false,52.866937,6.517245,"injury","2","clear",false,1,"GM1731"
"20230046091",2023,"Letsel",2,"Personenauto","Fiets","Flank","Kruispunt, 3 takken",80,"Niet brandend","Daglicht","Droog",\N,\N,"Blauwhuisterweg","Surhuisterveen","Achtkarspelen","Friesland",false,53.173971,6.139123,"injury","2","clear",false,1,"GM0059"
"20230046110",2023,"Letsel",2,"Personenauto","e-bike","Flank","Kruispunt, 4 takken",50,"Niet brandend","Daglicht","Droog",\N,\N,"Jan Stapertlaan","Franeker","Waadhoeke","Friesland",false,53.183133,5.551359,"injury","2","clear",false,1,"GM1949"
"20230049055",2023,"Letsel",2,"Fiets","Fiets","Onbekend","Rechte weg",30,"Brandend","Duisternis","Droog",\N,"168293215","Stationsplein","Delft","Delft","Zuid-Holland",false,52.007016,4.355931,"injury","2","clear",false,1,"GM0503"
"20230050171",2023,"Letsel",1,"Fiets",\N,"Eenzijdig","Rechte weg",30,"Niet brandend","Daglicht","Droog",\N,"219322005","Kerkvaartsweg","Aarlanderveen","Alphen aan den Rijn","Zuid-Holland",false,52.138897,4.726297,"injury","2","clear",false,1,"GM0484"
"20230062484",2023,"Uitsluitend materiele schade",2,"Personenauto","Fiets","Flank","Rotonde",50,"Niet brandend","Daglicht","Droog",\N,\N,"Oostsingel","Venray","Venray","Limburg",false,51.529023,5.983185,"material damage only","4","clear",false,1,"GM0984"
"20230037987",2023,"Uitsluitend materiele schade",2,"Personenauto","Fiets","Flank","Kruispunt, 4 takken",50,"Niet brandend","Daglicht","Droog",\N,\N,"Thomas à Kempisplantsoen","Utrecht","Utrecht","Utrecht",false,52.097114,5.085671,"material damage only","4","clear",false,1,"GM0344"
"20230038568",2023,"Uitsluitend materiele schade",3,\N,"Fiets","Flank","Kruispunt, 3 takken",50,"Niet brandend","Daglicht","Droog",\N,\N,"West-Vlisterdijk","Vlist","Krimpenerwaard","Zuid-Holland",false,51.971462,4.826489,"material damage only","4","clear",false,1,"GM1931"
"20230043164",2023,"Letsel",2,"Motor","Fiets","Frontaal","Bocht",50,"Niet brandend","Daglicht","Droog",\N,"243198023","Sportparkweg","Rijen","Gilze en Rijen","Noord-Brabant",false,51.583671,4.912098,"injury","2","clear",false,1,"GM0784"
"20230052549",2023,"Letsel",1,"Fiets",\N,"Eenzijdig","Rechte weg",50,"Niet aanwezig","Daglicht","Droog",\N,"600891370","Weenatunnel","Rotterdam","Rotterdam","Zuid-Holland",false,51.923007,4.470168,"injury","2","clear",false,1,"GM0599"
"20230057568",2023,"Uitsluitend materiele schade",1,"Fiets",\N,"Eenzijdig","Bocht",\N,"Niet brandend","Daglicht","Droog",\N,"385413026","Zwolseweg","IJsselmuiden","Kampen","Overijssel",false,52.548359,5.947766,"material damage only","4","clear",false,1,"GM0166"
"20230062672",2023,"Uitsluitend materiele schade",3,"Personenauto","Fiets","Vast voorwerp","Rechte weg",30,"Niet brandend","Daglicht","Droog",\N,"100185160","De Spinne","Goes","Goes","Zeeland",false,51.514813,3.879491,"material damage only","4","clear",false,1,"GM0664"
"20240132406",2024,"Uitsluitend materiele schade",2,"Bromfiets","Fiets","Frontaal","Rechte weg",30,"Brandend","Duisternis","Regen",\N,"601073543","Bergambachtstraat","Rotterdam","Rotterdam","Zuid-Holland",false,51.873444,4.538754,"material damage only","4","rain",false,1,"GM0599"
"20230037454",2023,"Uitsluitend materiele schade",2,"Bestelauto","e-bike","Flank","Kruispunt, 3 takken",50,"Niet brandend","Daglicht","Droog",\N,\N,"Transportweg","Emmeloord","Noordoostpolder","Flevoland",false,52.694894,5.75269,"material damage only","4","clear",false,1,"GM0171"
"20230042631",2023,"Letsel",2,"Personenauto","Fiets","Flank","Rotonde",50,"Niet brandend","Daglicht","Droog",\N,\N,"Groenstraat","Oisterwijk","Oisterwijk","Noord-Brabant",false,51.574723,5.182515,"injury","2","clear",false,1,"GM0824"
"20230043208",2023,"Letsel",2,"e-bike","Personenauto","Frontaal","Rotonde",50,"Niet brandend","Daglicht","Droog",\N,\N,"Mozartlaan","Maassluis","Maassluis","Zuid-Holland",false,51.926685,4.24616,"injury","2","clear",false,1,"GM0556"
"20230050232",2023,"Letsel",2,"Fiets","Fiets","Flank","Rechte weg",30,"Brandend","Schemer","Droog",\N,"155278012","Koningin Julianaweg","Maasland","Midden-Delfland","Zuid-Holland",false,51.93376,4.266729,"injury","2","clear",false,1,"GM1842"
"20230052571",2023,"Letsel",3,"Personenauto","Fiets","Onbekend","Kruispunt, 4 takken",50,"Niet brandend","Daglicht","Droog",\N,\N,"DEVELPOORT","Zwijndrecht","Zwijndrecht","Zuid-Holland",false,51.819143,4.629878,"injury","2","clear",false,1,"GM0642"
"20230059631",2023,"Uitsluitend materiele schade",2,"Fiets","Voetganger","Voetganger","Kruispunt, 4 takken",50,"Niet brandend","Daglicht","Droog",\N,\N,"Zijperstraat","Alkmaar","Alkmaar","Noord-Holland",false,52.639027,4.755392,"material damage only","4","clear",false,1,"GM0361"
"20230063673",2023,"Letsel",2,"Personenauto","Fiets","Flank","Rechte weg",100,"Niet brandend","Daglicht","Droog",\N,"47156009","Nieuwstraat","Groede","Sluis","Zeeland",false,51.37906,3.502738,"injury","2","clear",false,1,"GM1714"
"20240133272",2024,"Letsel",1,"Fiets",\N,"Onbekend","Bocht",30,"Niet aanwezig","Daglicht","Droog",\N,\N,"Stationsplein","Warmond","Teylingen","Zuid-Holland",false,52.215405,4.515689,"injury","2","clear",false,1,"GM1525"
"20230047372",2023,"Letsel",2,"e-bike","Fiets","Onbekend","Kruispunt, 4 takken",50,"Niet brandend","Daglicht","Droog",\N,\N,"Blokmergouw","Hoorn","Hoorn","Noord-Holland",false,52.657823,5.061858,"injury","2","clear",false,1,"GM0405"
"20230049173",2023,"Letsel",2,"Fiets","Fiets","Onbekend","Rechte weg",50,"Niet brandend","Daglicht","Droog",\N,"209308021","Zijde","Boskoop","Alphen aan den Rijn","Zuid-Holland",false,52.074444,4.656522,"injury","2","clear",false,1,"GM0484"
"20230049708",2023,"Uitsluitend materiele schade",2,"Personenauto","Fiets","Flank","Rotonde",50,"Niet brandend","Daglicht","Droog",\N,\N,"Johan van Hasseltweg","Amsterdam","Amsterdam","Noord-Holland",false,52.387693,4.923725,"material damage only","4","clear",false,1,"GM0363"