"accident_id","year","severity_raw","party_count","party1_type","party2_type","accident_type","road_situation","speed_limit_kmh","road_lighting","light_condition_label","weather_raw","infra_type","road_segment_id","street_name","place_name","gemeente_name_raw","province","alcohol_indicated","latitude","longitude","severity_label","severity_code","weather_label","built_up_area","cyclists_involved","gemeente_code"
"20230064841",2023,"Letsel",2,"Fiets","Fiets","Flank","Kruispunt, 3 takken",30,"Niet brandend","Daglicht","Droog",\N,\N,"Bieslook","Nijkerk","Nijkerk","Gelderland",false,52.219976,5.460692,"injury","2","clear",false,1,"GM0267"
"20230041535",2023,"Uitsluitend materiele schade",2,"Motor","Fiets","Flank","Kruispunt, 3 takken",50,"Niet brandend","Daglicht","Regen",\N,\N,"Sint Annaplein","Tilburg","Tilburg","Noord-Brabant",false,51.553259,5.07876,"material damage only","4","rain",false,1,"GM0855"
"20230045057",2023,"Uitsluitend materiele schade",2,"Personenauto","Fiets","Kop/staart","Rechte weg",50,"Niet brandend","Daglicht","Droog",\N,"600378457","Lohuizerweg","Epe","Epe","Gelderland",false,52.349359,5.979714,"material damage only","4","clear",false,1,"GM0232"
"20230048007",2023,"Uitsluitend materiele schade",2,"Personenauto","Fiets","Flank","Bocht",50,"Niet brandend","Daglicht","Droog",\N,"600414527","Stationsweg","Hoorn","Hoorn","Noord-Holland",false,52.644738,5.053096,"material damage only","4","clear",false,1,"GM0405"
"20240129702",2024,"Uitsluitend materiele schade",2,"Personenauto","Fiets","Flank","Kruispunt, 4 takken",30,"Brandend","Duisternis","Droog",\N,\N,"Antillenstraat","Hengelo","Hengelo (O)","Overijssel",false,52.27068,6.780558,"material damage only","4","clear",false,1,\N
"20230042154",2023,"Letsel",2,"Personenauto","Fiets","Kop/staart","Rechte weg",30,"Niet brandend","Daglicht","Droog",\N,"341166041","Kerkakkers","Mierlo","Geldrop-Mierlo","Noord-Brabant",false,51.439611,5.614676,"injury","2","clear",false,1,"GM1771"
"20230045684",2023,"Letsel",2,"Personenauto","Fiets","Geparkeerd voertuig","Bocht",30,"Niet brandend","Daglicht","Droog",\N,"600141703","Schrans","Leeuwarden","Leeuwarden","Friesland",false,53.195255,5.798668,"injury","2","clear",false,1,"GM0080"
"20230047452",2023,"Uitsluitend materiele schade",2,"Personenauto","Fiets","Flank","Rotonde",50,"Niet brandend","Daglicht","Droog",\N,\N,"Oosttangent","Heerhugowaard","Dijk en Waard","Noord-Holland",false,52.662682,4.850292,"material damage only","4","clear",false,1,"GM1980"
"20230054432",2023,"Uitsluitend materiele schade",2,"Personenauto","Fiets","Flank","Rotonde",50,"Niet brandend","Daglicht","Droog",\N,\N,"Taxandrialaan","Vught","Vught","Noord-Brabant",false,51.636187,5.286702,"material damage only","4","clear",false,1,"GM0865"
"20230055606",2023,"Letsel",3,"Personenauto","Fiets","Onbekend","Rechte weg",50,"Niet brandend","Daglicht","Droog",\N,"469564032","Damsterdiep","Groningen","Groningen","Groningen",false,53.221312,6.586079,"injury","2","clear",false,1,"GM0014"
"20230056175",2023,"Uitsluitend materiele schade",2,"Personenauto","Fiets","Flank","Kruispunt, 3 takken",30,"Niet brandend","Daglicht","Droog",\N,\N,"Schwerinlaan","Bussum","Gooise Meren","Noord-Holland",false,52.280857,5.160895,"material damage only","4","clear",false,1,"GM1942"
"20240133591",2024,"Uitsluitend materiele schade",2,"Personenauto","Fiets","Flank","Kruispunt, 3 takken",50,"Niet brandend","Daglicht","Droog",\N,\N,"Johan de Wittlaan","'s-Gravenhage","'s-Gravenhage","Zuid-Holland",false,52.095817,4.28617,"material damage only","4","clear",false,1,"GM0518"
"20230046917",2023,"Uitsluitend materiele schade",2,"Personenauto","Fiets","Flank","Rechte weg",80,"Niet brandend","Daglicht","Droog",\N,\N,"Provincialeweg","Hoorn","Hoorn","Noord-Holland",false,52.651467,5.075376,"material damage only","4","clear",false,1,"GM0405"
"20230050386",2023,"Letsel",1,"Fiets",\N,"Eenzijdig","Rechte weg",15,"Niet brandend","Daglicht","Droog",\N,"178296035","Goudenregensingel","Pijnacker","Pijnacker-Nootdorp","Zuid-Holland",false,52.02085,4.429421,"injury","2","clear",false,1,"GM1926"
"20230053909",2023,"Uitsluitend materiele schade",2,"Personenauto","Fiets","Flank","Rechte weg",50,"Niet brandend","Daglicht","Droog",\N,"341216008","Land van Ravensteinstr","Uden","Maashorst","Noord-Brabant",false,51.660925,5.615783,"material damage only","4","clear",false,1,"GM1991"
"20230059015",2023,"Uitsluitend materiele schade",2,"Personenauto","Fiets","Los voorwerp","Kruispunt, 3 takken",50,"Niet brandend","Daglicht","Droog",\N,\N,"Daniël Goedkoopstraat","Amsterdam","Amsterdam","Noord-Holland",false,52.334527,4.922759,"material damage only","4","clear",false,1,"GM0363"
"20230064545",2023,"Uitsluitend materiele schade",2,"Bromfiets","e-bike","Frontaal","Rechte weg",50,"Niet brandend","Daglicht","Droog",\N,"600623070","FIETSPAD","Arnhem","Arnhem","Gelderland",false,51.947341,5.869531,"material damage only","4","clear",false,1,"GM0202"
"20240128194",2024,"Uitsluitend materiele schade",2,"Personenauto","e-bike","Onbekend","Kruispunt, 4 takken",50,"Niet brandend","Daglicht","Droog",\N,\N,"Voorstraat","Gramsbergen","Hardenberg","Overijssel",false,52.609664,6.668541,"material damage only","4","clear",false,1,"GM0160"
"20230048125",2023,"Letsel",2,"Personenauto","Fiets","Frontaal","Rechte weg",30,"Niet brandend","Daglicht","Droog",\N,"512340065","B.W. ter Kuilestraat","Enschede","Enschede","Overijssel",false,52.212018,6.869681,"injury","2","clear",false,1,"GM0153"
"20230053939",2023,"Uitsluitend materiele schade",1,"Fiets",\N,"Eenzijdig","Rechte weg",100,"Niet brandend","Daglicht","Droog",\N,"600135018","Helvoirtseweg","Vught","Vught","Noord-Brabant",false,51.636897,5.2492,"material damage only","4","clear",false,1,"GM0865"
"20230064572",2023,"Letsel",2,"Personenauto","e-bike","Flank","Kruispunt, 3 takken",50,"Niet brandend","Daglicht","Droog",\N,\N,"A Maria v Schurmansngl","Franeker","Waadhoeke","Friesland",false,53.183001,5.551291,"injury","2","clear",false,1,"GM1949"
"20230066570",2023,"Uitsluitend materiele schade",2,"Personenauto","Fiets","Flank","Rechte weg",50,"Niet brandend","Daglicht","Droog",\N,"243376061","Michiel de Ruijtertunnel","Amsterdam","Amsterdam","Noord-Holland",false,52.379573,4.900903,"material damage only","4","clear",false,1,"GM0363"
"20230066580",2023,"Letsel",1,"Fiets",\N,"Eenzijdig","Rechte weg",30,"Niet brandend","Daglicht","Droog",\N,"600894012","Kanaalweg","Utrecht","Utrecht","Utrecht",false,52.092205,5.083602,"injury","2","clear",false,1,"GM0344"
"20230039392",2023,"Uitsluitend materiele schade",2,"Personenauto","e-bike","Frontaal","Kruispunt, 3 takken",50,"Niet brandend","Daglicht","Droog",\N,\N,"Dwarskleiweg","Rotterdam","Rotterdam","Zuid-Holland",false,51.941836,4.46034,"material damage only","4","clear",false,1,"GM0599"
"20230039984",2023,"Letsel",4,"Personenauto","Fiets","Onbekend","Rechte weg",30,"Niet brandend","Daglicht","Droog",\N,"163306078","Neherkade","'s-Gravenhage","'s-Gravenhage","Zuid-Holland",false,52.061996,4.317722,"injury","2","clear",false,1,"GM0518"
"20230049906",2023,"Uitsluitend materiele schade",1,"Fiets",\N,"Onbekend","Rechte weg",50,"Niet brandend","Daglicht","Droog",\N,"600434396","Hobbemastraat","'s-Gravenhage","'s-Gravenhage","Zuid-Holland",false,52.067445,4.29889,"material damage only","4","clear",false,1,"GM0518"
"20230050455",2023,"Letsel",2,"Fiets","Fiets","Onbekend","Bocht",50,"Niet brandend","Daglicht","Droog",\N,"600640645","Fietspad Duinweg","Noordwijk","Noordwijk","Zuid-Holland",false,52.254777,4.450056,"injury","2","clear",false,1,"GM0575"
"20230050465",2023,"Letsel",3,"Personenauto","Fiets","Onbekend","Kruispunt, 4 takken",50,"Niet brandend","Daglicht","Droog",\N,\N,"Witteweg","Aalsmeer","Aalsmeer","Noord-Holland",false,52.260636,4.764459,"injury","2","clear",false,1,"GM0358"
"20230051051",2023,"Letsel",1,"Fiets",\N,"Eenzijdig","Rotonde",80,"Niet brandend","Daglicht","Droog",\N,"600908512","Zuidelijke Randweg","Moerdijk","Moerdijk","Noord-Brabant",false,51.671497,4.596416,"injury","2","clear",false,1,"GM1709"
"20230061847",2023,"Letsel",1,"Fiets",\N,"Eenzijdig",\N,\N,"Niet brandend","Daglicht","Droog","Tunnel","171318005","Raaphorstlaan","Wassenaar","Wassenaar","Zuid-Holland",false,52.11554,4.379793,"injury","2","clear",false,1,"GM0629"
"20230065462",2023,"Letsel",2,"Fiets","Personenauto","Flank","Kruispunt, 4 takken",80,"Niet brandend","Daglicht","Droog",\N,\N,"Maasdijk","Appeltern","West Maas en Waal","Gelderland",false,51.834259,5.576522,"injury","2","clear",false,1,"GM0668"
"20230065810",2023,"Uitsluitend materiele schade",2,"Personenauto","e-bike","Los voorwerp","Kruispunt, 4 takken",50,\N,"Schemer","Droog",\N,\N,"Varsseveldseweg","Doetinchem","Doetinchem","Gelderland",false,51.967766,6.317821,"material damage only","4","clear",false,1,"GM0222"
"20240133610",2024,"Letsel",2,"Personenauto","Fiets","Flank","Kruispunt, 4 takken",50,"Niet brandend","Daglicht","Droog",\N,\N,"Nieuwe Duinweg","'s-Gravenhage","'s-Gravenhage","Zuid-Holland",false,52.107532,4.289241,"injury","2","clear",false,1,"GM0518"
"20230040567",2023,"Letsel",1,"Fiets",\N,"Eenzijdig","Rechte weg",30,"Niet brandend","Daglicht","Droog",\N,"174337059","Noordeinde","Katwijk","Katwijk","Zuid-Holland",false,52.203805,4.398034,"injury","2","clear",false,1,"GM0537"
"20230045837",2023,"Letsel",2,"Personenauto","Fiets","Los voorwerp","Kruispunt, 4 takken",70,"Niet brandend","Daglicht","Droog",\N,\N,"Zuidelijke Kanaaldijk","Den Ham","Twenterand","Overijssel",false,52.443846,6.529859,"injury","2","clear",false,1,"GM1700"
"20230046431",2023,"Letsel",2,"Personenauto","Fiets","Flank","Rechte weg",80,"Niet brandend","Daglicht","Droog",\N,"326294001","Cuneraweg","Rhenen","Rhenen","Utrecht",false,52.012159,5.512954,"injury","2","clear",false,1,"GM0340"
"20230056886",2023,"Uitsluitend materiele schade",2,"Personenauto","Fiets","Onbekend","Rechte weg",50,"Niet brandend","Daglicht","Droog",\N,"600538122","Haaksbergerstraat","Enschede","Enschede","Overijssel",false,52.20534,6.857068,"material damage only","4","clear",false,1,"GM0153"
"20230065502",2023,"Letsel",1,"Fiets",\N,"Eenzijdig","Kruispunt, 3 takken",50,"Brandend","Duisternis","Droog",\N,"514342014","Kortenaerstraat","Enschede","Enschede","Overijssel",false,52.220566,6.884202,"injury","2","clear",false,1,"GM0153"
"20240129854",2024,"Uitsluitend materiele schade",2,"Bestelauto","e-bike","Flank","Kruispunt, 3 takken",30,"Niet brandend","Daglicht","Droog",\N,\N,"Lindenlaan","Soest","Soest","Utrecht",false,52.184784,5.298564,"material damage only","4","clear",false,1,"GM0342"
"20230047635",2023,"Uitsluitend materiele schade",2,"Fiets","Personenauto","Flank","Rotonde",50,"Niet brandend","Daglicht","Regen",\N,\N,"Euroweg","Amersfoort","Amersfoort","Utrecht",false,52.19467,5.408446,"material damage only","4","rain",false,1,"GM0307"
"20230049397",2023,"Uitsluitend materiele schade",2,"Personenauto","Fiets","Flank","Kruispunt, 3 takken",30,"Niet brandend","Daglicht","Droog",\N,\N,"Dedemsvaartweg","'s-Gravenhage","'s-Gravenhage","Zuid-Holland",false,52.046316,4.269472,"material damage only","4","clear",false,1,"GM0518"
"20230049399",2023,"Letsel",2,"Personenauto","Fiets","Flank","Rechte weg",50,"Niet brandend","Daglicht","Droog",\N,\N,"Diepenbrockstraat","Amsterdam","Amsterdam","Noord-Holland",false,52.346339,4.88116,"injury","2","clear",false,1,"GM0363"
"20230055764",2023,"Letsel",2,"Fiets","Los voorwerp","Los voorwerp","Rechte weg",30,"Niet aanwezig","Duisternis","Droog",\N,"366560121","Groningerstraatweg","Leeuwarden","Leeuwarden","Friesland",false,53.20952,5.807845,"injury","2","clear",false,1,"GM0080"
"20230038949",2023,"Uitsluitend materiele schade",2,"Personenauto","e-bike","Onbekend","Kruispunt, 3 takken",50,"Niet aanwezig","Daglicht","Regen",\N,\N,"Zand- en Waterweg","Naaldwijk","Westland","Zuid-Holland",false,51.998098,4.195126,"material damage only","4","rain",false,1,"GM1783"
"20230042378",2023,"Uitsluitend materiele schade",2,"Personenauto","Fiets","Flank","Rotonde",70,"Niet brandend","Daglicht","Droog",\N,\N,"Steeg","Schijndel","Meierijstad","Noord-Brabant",false,51.624567,5.439426,"material damage only","4","clear",false,1,"GM1948"
"20230044725",2023,"Uitsluitend materiele schade",2,"Personenauto","Fiets","Flank","Rechte weg",30,"Niet brandend","Daglicht","Droog",\N,\N,"Musketiersveld","Apeldoorn","Apeldoorn","Gelderland",false,52.18759,6.001272,"material damage only","4","clear",false,1,"GM0200"
"20230055230",2023,"Letsel",2,"Personenauto","Fiets","Flank","Kruispunt, 3 takken",30,"Niet brandend","Daglicht","Harde windstoten/Regen",\N,\N,"Dokter van de Veldestr","Hoogeveen","Hoogeveen","Drenthe",false,52.721793,6.481447,"injury","2","unknown",false,1,"GM0118"
"20240131843",2024,"Letsel",2,"Personenauto","Fiets","Flank","Rechte weg",60,"Niet brandend","Daglicht","Droog",\N,\N,"Liniepad","Vijfhuizen","Haarlemmermeer","Noord-Holland",false,52.346256,4.671737,"injury","2","clear",false,1,"GM0394"
"20240132385",2024,"Letsel",2,"Personenauto","Fiets","Flank","Rechte weg",30,"Niet brandend","Daglicht","Droog","Parkeervoorziening","600977099","Spoorsingel","Beverwijk","Beverwijk","Noord-Holland",true,52.483856,4.666873,"injury","2","clear",false,1,"GM0375"
"20240132389",2024,"Letsel",2,"Bromfiets","Fiets","Onbekend","Bocht",60,"Niet aanwezig","Duisternis","Droog",\N,"600403426","Weereweg","Lutjewinkel","Hollands Kroon","Noord-Holland",false,52.775114,4.868392,"injury","2","clear",false,1,"GM1911"
"20240131742",2024,"Letsel",2,"Fiets","Personenauto","Flank","Kruispunt, 4 takken",50,"Niet brandend","Daglicht","Droog",\N,\N,"Torenplein","Schagen","Schagen","Noord-Holland",false,52.785237,4.797654,"injury","2","clear",false,1,"GM0441"
"20240131749",2024,"Letsel",2,"Snorfiets","Fiets","Flank","Kruispunt, 3 takken",50,"Niet brandend","Daglicht","Droog","Brug/viaduct",\N,"Middenweg","Heerhugowaard","Dijk en Waard","Noord-Holland",false,52.650633,4.810096,"injury","2","clear",false,1,"GM1980"
"20240132676",2024,"Letsel",2,"Fiets","Bromfiets","Flank","Kruispunt, 3 takken",50,"Brandend","Schemer","Droog",\N,\N,"Pasteurstraat","Leiden","Leiden","Zuid-Holland",false,52.168551,4.493105,"injury","2","clear",false,1,"GM0546"
"20240132741",2024,"Uitsluitend materiele schade",2,"Personenauto","Fiets","Flank","Kruispunt, 3 takken",30,"Niet brandend","Daglicht","Droog",\N,\N,"Jan van Nassaustraat","'s-Gravenhage","'s-Gravenhage","Zuid-Holland",false,52.087234,4.318952,"material damage only","4","clear",false,1,"GM0518"
"20240132927",2024,"Letsel",1,"Fiets",\N,"Onbekend","Rechte weg",30,"Niet brandend","Daglicht","Droog",\N,\N,"Hooikade","Delft","Delft","Zuid-Holland",false,52.004837,4.359341,"injury","2","clear",false,1,"GM0503"
"20220207137",2022,"Dodelijk",2,"Personenauto","Fiets","Flank","Kruispunt, 4 takken",50,"Brandend","Duisternis","Droog",\N,\N,"Heideweg","Volendam","Edam-Volendam","Noord-Holland",true,52.493764,5.056735,"fatal","1","clear",false,1,"GM0385"
"20220214353",2022,"Dodelijk",2,"Personenauto","Fiets","Flank","Kruispunt, 4 takken",50,"Brandend","Duisternis","Droog","Bus-/Tramhalte","600104902","Prinses Beatrixlaan","Delft","Delft","Zuid-Holland",false,52.015433,4.335587,"fatal","1","clear",false,1,"GM0503"
"20220215812",2022,"Dodelijk",2,"Personenauto","Fiets","Flank","Kruispunt, 4 takken",30,"Niet brandend","Daglicht","Droog",\N,\N,"Rembrandtlaan","Voorburg","Leidschendam-Voorburg","Zuid-Holland",false,52.078395,4.370205,"fatal","1","clear",false,1,"GM1916"
"20220207324",2022,"Letsel",2,"Personenauto","Fiets","Flank","Kruispunt, 3 takken",50,"Niet brandend","Daglicht","Droog",\N,\N,"Amstel","Heerhugowaard","Dijk en Waard","Noord-Holland",false,52.656414,4.821464,"injury","2","clear",false,1,"GM1980"
"20220225208",2022,"Uitsluitend materiele schade",2,"Personenauto","Fiets","Flank","Rotonde",\N,"Brandend","Duisternis","Droog",\N,\N,"Doornboslaan","Breda","Breda","Noord-Brabant",false,51.600141,4.790748,"material damage only","4","clear",false,1,"GM0758"
"20220221702",2022,"Uitsluitend materiele schade",2,"Bromfiets","Fiets","Flank","Kruispunt, 4 takken",\N,"Brandend","Duisternis","Droog",\N,\N,"Oostdijk","Hellevoetsluis","Voorne aan Zee","Zuid-Holland",true,51.836348,4.147351,"material damage only","4","clear",false,1,"GM1992"
"20220224449",2022,"Uitsluitend materiele schade",2,"Personenauto","Fiets","Onbekend",\N,30,\N,"Daglicht",\N,\N,"245209068","Crocusstraat","Dongen","Dongen","Noord-Brabant",false,51.629769,4.921245,"material damage only","4","unknown",false,1,"GM0766"
"20220228886",2022,"Uitsluitend materiele schade",2,"Bromfiets","Fiets","Flank","Kruispunt, 4 takken",50,"Brandend","Schemer","Regen",\N,\N,"Pettelaarseweg","'s-Hertogenbosch","'s-Hertogenbosch","Noord-Brabant",false,51.685241,5.308779,"material damage only","4","rain",false,1,"GM0796"
"20220229536",2022,"Uitsluitend materiele schade",2,"Personenauto","Fiets","Frontaal","Kruispunt, 4 takken",\N,"Niet brandend","Daglicht","Droog",\N,\N,"Bruistensingel","'s-Hertogenbosch","'s-Hertogenbosch","Noord-Brabant",false,51.708368,5.319277,"material damage only","4","clear",false,1,"GM0796"
"20220219506",2022,"Letsel",2,"Personenauto","Fiets","Flank","Kruispunt, 4 takken",30,"Niet brandend","Daglicht","Regen",\N,\N,"Tiengemetensingel","Rotterdam","Rotterdam","Zuid-Holland",false,51.872753,4.473859,"injury","2","rain",false,1,"GM0599"
"20220223617",2022,"Letsel",1,"e-bike",\N,"Eenzijdig","Rotonde",50,"Niet brandend","Daglicht","Droog",\N,\N,"Vrijgang","Vlissingen","Vlissingen","Zeeland",false,51.444724,3.574151,"injury","2","clear",false,1,"GM0718"
"20220228186",2022,"Uitsluitend materiele schade",2,"e-bike","e-bike","Onbekend","Rotonde",\N,"Niet brandend","Daglicht","Droog",\N,\N,"Aartshertogenlaan","'s-Hertogenbosch","'s-Hertogenbosch","Noord-Brabant",false,51.699174,5.312203,"material damage only","4","clear",false,1,"GM0796"
"20220202350",2022,"Uitsluitend materiele schade",2,"Personenauto","Fiets","Flank","Kruispunt, 3 takken",30,"Niet brandend","Daglicht","Droog",\N,\N,"Molenstraat","Soest","Soest","Utrecht",false,52.178036,5.30536,"material damage only","4","clear",false,1,"GM0342"
"20220207491",2022,"Letsel",2,"Fiets","Fiets","Onbekend","Rechte weg",30,"Brandend","Duisternis","Regen",\N,"207376179","Grote Markt","Haarlem","Haarlem","Noord-Holland",false,52.381458,4.635259,"injury","2","rain",false,1,"GM0392"
"20220214596",2022,"Letsel",2,"Personenauto","Fiets","Flank","Rechte weg",30,"Niet brandend","Daglicht","Droog",\N,"154302008","Sterrenoord","'s-Gravenhage","'s-Gravenhage","Zuid-Holland",false,52.042928,4.257581,"injury","2","clear",false,1,"GM0518"
"20220228220",2022,"Uitsluitend materiele schade",2,"Personenauto","Fiets","Flank","Kruispunt, 4 takken",50,"Brandend","Duisternis","Droog",\N,\N,"Kempenweg","Oirschot","Oirschot","Noord-Brabant",false,51.500801,5.31604,"material damage only","4","clear",false,1,"GM0823"
"20221216852",2022,"Uitsluitend materiele schade",2,"Personenauto","Fiets","Kop/staart","Kruispunt, 3 takken",\N,"Niet brandend","Daglicht",\N,\N,\N,"Hazenkampseweg","Nijmegen","Nijmegen","Gelderland",false,51.828179,5.855478,"material damage only","4","unknown",false,1,"GM0268"
"20220205467",2022,"Uitsluitend materiele schade",2,"Personenauto","Fiets","Onbekend","Rechte weg",30,"Brandend","Duisternis","Regen",\N,\N,"Abelenlaan","Zeewolde","Zeewolde","Flevoland",false,52.324565,5.548223,"material damage only","4","rain",false,1,"GM0050"
"20220207493",2022,"Letsel",2,"e-bike","e-bike","Kop/staart","Rechte weg",60,"Niet brandend","Daglicht","Droog",\N,"236461003","Moerbeek","'t Veld","Hollands Kroon","Noord-Holland",false,52.762967,4.84842,"injury","2","clear",false,1,"GM1911"
"20220211747",2022,"Uitsluitend materiele schade",2,"Personenauto","Fiets","Geparkeerd voertuig","Bocht",30,"Niet aanwezig","Daglicht","Regen","Parkeervoorziening","237370011","Sophialaan","Amsterdam","Amsterdam","Noord-Holland",false,52.352553,4.859128,"material damage only","4","rain",false,1,"GM0363"
"20220224585",2022,"Letsel",2,"Personenauto","Fiets","Flank","Kruispunt, 4 takken",80,"Niet brandend","Daglicht",\N,\N,\N,"Vijf Eikenweg","Oosterhout","Oosterhout","Noord-Brabant",false,51.612464,4.88614,"injury","2","unknown",false,1,"GM0826"
"20220224626",2022,"Uitsluitend materiele schade",3,"Bestelauto","Fiets","Flank","Kruispunt, 3 takken",50,"Niet brandend","Daglicht","Droog",\N,\N,"Hoge Hilleweg","Burgh-Haamstede","Schouwen-Duiveland","Zeeland",false,51.675455,3.708753,"material damage only","4","clear",false,1,"GM1676"
"20220230774",2022,"Uitsluitend materiele schade",2,"Bestelauto","Fiets","Onbekend","Rechte weg",50,"Niet brandend","Daglicht","Droog","Spoorwegovergang","600565129","Prinses Ireneweg","Bunde","Meerssen","Limburg",false,50.891672,5.741281,"material damage only","4","clear",false,1,"GM0938"
"20220202489",2022,"Uitsluitend materiele schade",2,"Fiets","Bestelauto","Onbekend","Rechte weg",30,"Niet brandend","Daglicht","Droog",\N,"265313094","Brusselplein","Utrecht","Utrecht","Utrecht",false,52.097549,5.063909,"material damage only","4","clear",false,1,"GM0344"
"20220215367",2022,"Letsel",2,"Personenauto","Fiets","Flank","Kruispunt, 3 takken",50,"Niet brandend","Daglicht","Droog",\N,\N,"Zonweg","'s-Gravenhage","'s-Gravenhage","Zuid-Holland",false,52.066713,4.340184,"injury","2","clear",false,1,"GM0518"
"20220216837",2022,"Letsel",1,"Fiets",\N,"Eenzijdig","Rechte weg",\N,"Brandend","Schemer","Droog",\N,"164307161","Johanna Westerdijkplein","'s-Gravenhage","'s-Gravenhage","Zuid-Holland",false,52.067947,4.322621,"injury","2","clear",false,1,"GM0518"
"20220217525",2022,"Letsel",1,"Fiets",\N,"Eenzijdig","Rechte weg",30,"Niet brandend","Daglicht","Droog",\N,"600371810","Bakker Korffstraat","Leiden","Leiden","Zuid-Holland",false,52.169978,4.491625,"injury","2","clear",false,1,"GM0546"
"20220111708",2022,"Dodelijk",2,"Personenauto","Fiets","Flank","Kruispunt, 3 takken",60,"Niet brandend","Daglicht","Droog",\N,\N,"Vliertwijksestraat","Rosmalen","'s-Hertogenbosch","Noord-Brabant",false,51.723234,5.397265,"fatal","1","clear",false,1,"GM0796"
"20220113554",2022,"Dodelijk",2,"Fiets","Bestelauto","Frontaal","Bocht",60,"Niet brandend","Daglicht","Droog",\N,"417104001","Station","Vlodrop","Roerdalen","Limburg",false,51.154533,6.158942,"fatal","1","clear",false,1,"GM1669"
"20220210374",2022,"Letsel",2,"Snorfiets","Fiets","Flank","Kruispunt, 4 takken",50,"Brandend","Duisternis","Droog",\N,\N,"Buitensingel","Amsterdam-Duivendrecht","Ouder-Amstel","Noord-Holland",false,52.321766,4.915948,"injury","2","clear",false,1,"GM0437"
"20220215420",2022,"Letsel",1,"e-bike",\N,"Eenzijdig",\N,\N,\N,"Schemer",\N,\N,\N,"Sammersweg","Rijswijk","Rijswijk","Zuid-Holland",false,52.042358,4.295107,"injury","2","unknown",false,1,\N
"20220226373",2022,"Uitsluitend materiele schade",3,"Fiets","Fiets","Onbekend","Rechte weg",50,"Niet brandend","Daglicht","Droog",\N,"207172045","Wernhoutseweg","Wernhout","Zundert","Noord-Brabant",false,51.461767,4.650801,"material damage only","4","clear",false,1,"GM0879"
"20220199164",2022,"Letsel",1,"Fiets",\N,"Eenzijdig",\N,30,\N,"Duisternis",\N,\N,"600249534","van Galenstraat","Borne","Borne","Overijssel",false,52.29081,6.757325,"injury","2","unknown",false,1,"GM0147"
"20220201250",2022,"Uitsluitend materiele schade",2,"Personenauto","Fiets","Flank","Kruispunt, 3 takken",50,"Brandend","Duisternis","Regen",\N,\N,"Honigkamp","Arnhem","Arnhem","Gelderland",false,51.979349,5.949179,"material damage only","4","rain",false,1,"GM0202"
"20220205918",2022,"Letsel",3,"Fiets","Fiets","Los voorwerp","Rechte weg",50,"Niet brandend","Daglicht","Droog",\N,"600630502","Koedijkerstraat","Alkmaar","Alkmaar","Noord-Holland",false,52.638476,4.754875,"injury","2","clear",false,1,"GM0361"
"20220205953",2022,"Letsel",2,"Personenauto","Fiets","Flank","Kruispunt, 3 takken",50,"Brandend","Duisternis","Droog",\N,\N,"Sophiaweg","Zandvoort","Zandvoort","Noord-Holland",false,52.373135,4.539773,"injury","2","clear",false,1,"GM0473"
"20220206857",2022,"Uitsluitend materiele schade",2,"Personenauto","e-bike","Flank","Rechte weg",50,"Niet brandend","Daglicht","Droog",\N,"210364020","Kruisweg","Cruquius","Haarlemmermeer","Noord-Holland",false,52.325787,4.65553,"material damage only","4","clear",false,1,"GM0394"
"20220210500",2022,"Uitsluitend materiele schade",2,"Bromfiets","Fiets","Frontaal","Rechte weg",30,"Niet brandend","Daglicht","Droog","Tunnel","233367006","Johan Huizingalaan","Amsterdam","Amsterdam","Noord-Holland",false,52.342604,4.827696,"material damage only","4","clear",false,1,"GM0363"
"20220214800",2022,"Uitsluitend materiele schade",2,"Snorfiets","Fiets","Flank","Kruispunt, 4 takken",50,"Niet brandend","Daglicht","Droog",\N,\N,"Tollenaersingel","Leiderdorp","Leiderdorp","Zuid-Holland",false,52.154528,4.524738,"material damage only","4","clear",false,1,"GM0547"
"20220223994",2022,"Uitsluitend materiele schade",2,"Personenauto","Fiets","Kop/staart","Rechte weg",30,"Niet brandend","Daglicht","Regen",\N,"600535834","Hertogenlaan","Oosterhout","Oosterhout","Noord-Brabant",false,51.636685,4.858167,"material damage only","4","rain",false,1,"GM0826"
"20220215553",2022,"Letsel",1,"e-bike",\N,"Eenzijdig","Bocht",30,"Niet brandend","Daglicht","Droog","Tunnel","171311077","Via Donizetti","Voorburg","Leidschendam-Voorburg","Zuid-Holland",false,52.087816,4.376917,"injury","2","clear",false,1,"GM1916"
"20220222035",2022,"Letsel",2,"Personenauto","Fiets","Flank","Kruispunt, 4 takken",50,"Niet brandend","Daglicht","Droog",\N,\N,"Burg Van Haarenlaan","Schiedam","Schiedam","Zuid-Holland",false,51.924221,4.39467,"injury","2","clear",false,1,"GM0606"
"20220225749",2022,"Uitsluitend materiele schade",2,"Personenauto","Fiets","Flank","Kruispunt, 4 takken",30,"Niet brandend","Daglicht","Droog",\N,\N,"Pomonalaan","Bergen op Zoom","Bergen op Zoom","Noord-Brabant",false,51.506679,4.284404,"material damage only","4","clear",false,1,"GM0748"
"20220202743",2022,"Letsel",1,"Fiets",\N,"Eenzijdig",\N,30,\N,"Daglicht",\N,\N,"274310005","Zonstraat","Utrecht","Utrecht","Utrecht",false,52.085483,5.130363,"injury","2","unknown",false,1,"GM0344"
"20220216377",2022,"Uitsluitend materiele schade",2,"Personenauto","e-bike","Kop/staart","Rechte weg",50,"Niet brandend","Daglicht","Droog",\N,"158307079","Dierenselaan","'s-Gravenhage","'s-Gravenhage","Zuid-Holland",false,52.066169,4.283558,"material damage only","4","clear",false,1,"GM0518"