"accident_id","year","severity_raw","party_count","party1_type","party2_type","accident_type","road_situation","speed_limit_kmh","road_lighting","light_condition_label","weather_raw","infra_type","road_segment_id","street_name","place_name","gemeente_name_raw","province","alcohol_indicated","latitude","longitude","severity_label","severity_code","weather_label","built_up_area","cyclists_involved","gemeente_code"
"20230014080",2023,"Letsel",2,"Bromfiets","Fiets","Frontaal","Rechte weg",50,"Brandend","Schemer","Regen","Brug/viaduct","600501257","Berencamperweg","Nijkerk","Nijkerk","Gelderland",false,52.260141,5.471995,"injury","2","rain",false,1,"GM0267"
"20230016963",2023,"Uitsluitend materiele schade",2,"Bestelauto","Fiets","Onbekend","Kruispunt, 4 takken",30,"Niet brandend","Daglicht","Droog",\N,\N,"Franciscanenstraat","Assendelft","Zaanstad","Noord-Holland",false,52.472027,4.750375,"material damage only","4","clear",false,1,"GM0479"
"20230026170",2023,"Letsel",2,"Bestelauto","Fiets","Eenzijdig","Rechte weg",50,"Niet brandend","Daglicht","Droog",\N,"173283003","Kandelaarweg","Rotterdam","Rotterdam","Zuid-Holland",false,51.957839,4.396764,"injury","2","clear",false,1,"GM0599"
"20230026711",2023,"Uitsluitend materiele schade",2,"Personenauto","Fiets","Flank","Kruispunt, 3 takken",30,"Niet brandend","Daglicht","Droog",\N,\N,"Nachtegaal","Etten-Leur","Etten-Leur","Noord-Brabant",false,51.573707,4.651915,"material damage only","4","clear",false,1,"GM0777"
"20230033218",2023,"Letsel",1,"Fiets",\N,"Eenzijdig","Rechte weg",60,"Niet brandend","Daglicht","Droog",\N,"308226014","Zandstraat","Rosmalen","'s-Hertogenbosch","Noord-Brabant",false,51.708831,5.375239,"injury","2","clear",false,1,"GM0796"
"20230067477",2023,"Uitsluitend materiele schade",2,"Personenauto","Fiets","Kop/staart","Rechte weg",50,"Niet brandend","Daglicht","Droog",\N,"238372086","Kinkerstraat","Amsterdam","Amsterdam","Noord-Holland",false,52.364467,4.860593,"material damage only","4","clear",false,1,"GM0363"
"20230077264",2023,"Letsel",3,"Fiets","Fiets","Onbekend","Rechte weg",50,"Niet brandend","Daglicht","Droog",\N,\N,"1e C Huygensstr","Amsterdam","Amsterdam","Noord-Holland",false,52.365026,4.873846,"injury","2","clear",false,1,"GM0363"
"20230015866",2023,"Uitsluitend materiele schade",2,"Personenauto","Fiets","Onbekend","Kruispunt, 3 takken",50,"Niet brandend","Schemer","Regen/Sneeuw/Hagel",\N,\N,"Rotsoord","Utrecht","Utrecht","Utrecht",false,52.072968,5.120751,"material damage only","4","unknown",false,1,"GM0344"
"20230018752",2023,"Uitsluitend materiele schade",2,"Personenauto","Fiets","Frontaal","Kruispunt, 4 takken",50,"Niet brandend","Schemer","Droog",\N,\N,"Operetteweg","Almere","Almere","Flevoland",false,52.365148,5.186156,"material damage only","4","clear",false,1,"GM0034"
"20230022151",2023,"Letsel",1,"Fiets",\N,"Eenzijdig","Rechte weg",30,"Brandend","Duisternis","Droog",\N,"209306008","J H v S v Nesplnts","Boskoop","Alphen aan den Rijn","Zuid-Holland",false,52.06442,4.651598,"injury","2","clear",false,1,"GM0484"
"20230031375",2023,"Letsel",2,"Personenauto","Fiets","Onbekend","Kruispunt, 4 takken",50,"Niet brandend","Daglicht","Droog",\N,\N,"Sint Luciastraat","Weert","Weert","Limburg",false,51.258957,5.689521,"injury","2","clear",false,1,"GM0988"
"20230067738",2023,"Uitsluitend materiele schade",2,"Personenauto","Fiets","Flank","Rotonde",50,"Niet brandend","Daglicht","Droog",\N,\N,"Hindersteinlaan","Vleuten","Utrecht","Utrecht",false,52.103448,5.021582,"material damage only","4","clear",false,1,"GM0344"
"20230069814",2023,"Letsel",1,"Fiets",\N,"Eenzijdig","Kruispunt, 4 takken",50,"Niet brandend","Daglicht","Droog",\N,\N,"Loosduinsekade","'s-Gravenhage","'s-Gravenhage","Zuid-Holland",false,52.072786,4.292027,"injury","2","clear",false,1,"GM0518"
"20230078723",2023,"Uitsluitend materiele schade",2,"Fiets","Personenauto","Onbekend","Kruispunt, 4 takken",50,"Niet brandend","Daglicht","Droog",\N,\N,"Bilderdijkstraat","Amsterdam","Amsterdam","Noord-Holland",false,52.367206,4.872138,"material damage only","4","clear",false,1,"GM0363"
"20230022194",2023,"Uitsluitend materiele schade",2,"Bromfiets","Fiets","Frontaal","Rechte weg",\N,"Brandend","Duisternis","Droog",\N,"225285018","Tentweg","Stolwijk","Krimpenerwaard","Zuid-Holland",false,51.971582,4.772412,"material damage only","4","clear",false,1,"GM1931"
"20240027314",2024,"Letsel",3,"Fiets","Fiets","Frontaal","Kruispunt, 4 takken",50,"Niet aanwezig","Daglicht","Droog",\N,\N,"Foarwei","Kollumersweach","Noardeast-Fryslân","Friesland",false,53.263167,6.084688,"injury","2","clear",false,1,"GM1970"
"20230031980",2023,"Uitsluitend materiele schade",1,"Fiets",\N,"Onbekend","Rechte weg",80,"Niet brandend","Daglicht","Droog",\N,"400093003","Kluisweg","Posterholt","Roerdalen","Limburg",false,51.109441,6.031571,"material damage only","4","clear",false,1,"GM1669"
"20240029906",2024,"Letsel",1,"Fiets",\N,"Onbekend","Bocht",50,"Niet brandend","Daglicht","Regen",\N,"172299059","Bitterzoetpad","'s-Gravenhage","'s-Gravenhage","Zuid-Holland",false,52.032866,4.383017,"injury","2","rain",false,1,"GM0518"
"20240030176",2024,"Letsel",2,"Fiets","Scootmobiel","Geparkeerd voertuig","Kruispunt, 4 takken",50,"Niet brandend","Daglicht","Droog",\N,\N,"Wijndaelersingel","'s-Gravenhage","'s-Gravenhage","Zuid-Holland",false,52.057171,4.226454,"injury","2","clear",false,1,"GM0518"
"20230013617",2023,"Letsel",3,"Fiets","Personenauto","Onbekend","Kruispunt, 3 takken",50,"Niet brandend","Daglicht","Droog",\N,\N,"Knapheideweg","Groesbeek","Berg en Dal","Gelderland",false,51.772521,5.927722,"injury","2","clear",false,1,"GM1945"
"20230016483",2023,"Uitsluitend materiele schade",2,"Personenauto","Fiets","Onbekend","Rotonde",50,"Niet brandend","Daglicht","Droog",\N,\N,"Gijsbrecht van Amstelstr","Hilversum","Hilversum","Noord-Holland",false,52.22086,5.151499,"material damage only","4","clear",false,1,"GM0402"
"20230069061",2023,"Letsel",2,"Fiets","Fiets","Onbekend","Rechte weg",30,"Niet brandend","Daglicht","Droog",\N,"600564645","FIETSPAD","Bergschenhoek","Lansingerland","Zuid-Holland",false,51.979384,4.529163,"injury","2","clear",false,1,"GM1621"
"20230078929",2023,"Letsel",2,"Bromfiets","Fiets","Flank","Rechte weg",50,"Niet brandend","Daglicht","Droog",\N,"170312044","Appelgaarde","Voorburg","Leidschendam-Voorburg","Zuid-Holland",false,52.090102,4.371587,"injury","2","clear",false,1,"GM1916"
"20230018837",2023,"Uitsluitend materiele schade",2,"Personenauto","Fiets","Flank","Kruispunt, 3 takken",30,"Niet brandend","Daglicht","Droog",\N,\N,"Aakplein","Utrecht","Utrecht","Utrecht",false,52.098585,5.082056,"material damage only","4","clear",false,1,"GM0344"
"20230018841",2023,"Uitsluitend materiele schade",2,"Snorfiets","Fiets","Kop/staart","Kruispunt, 3 takken",50,"Niet brandend","Daglicht","Droog",\N,\N,"Romeinse Muntenlaan","Utrecht","Utrecht","Utrecht",false,52.08505,5.077002,"material damage only","4","clear",false,1,"GM0344"
"20240026509",2024,"Uitsluitend materiele schade",2,"Personenauto","Fiets","Flank","Kruispunt, 4 takken",30,"Niet brandend","Daglicht","Regen",\N,\N,"Vredeveldseweg","Assen","Assen","Drenthe",false,52.990895,6.577267,"material damage only","4","rain",false,1,"GM0106"
"20230021141",2023,"Letsel",1,"Fiets",\N,"Eenzijdig","Bocht",15,"Niet brandend","Duisternis","Droog",\N,"213290010","Oosteinde","Moordrecht","Zuidplas","Zuid-Holland",false,51.994963,4.684489,"injury","2","clear",false,1,"GM1892"
"20230021147",2023,"Letsel",1,"Fiets",\N,"Eenzijdig","Rechte weg",50,"Brandend","Duisternis","Droog",\N,"600719898","Wateringseweg","Delft","Delft","Zuid-Holland",false,52.020176,4.349116,"injury","2","clear",false,1,"GM0503"
"20230035007",2023,"Uitsluitend materiele schade",2,"Personenauto","Fiets","Geparkeerd voertuig","Rechte weg",60,"Niet brandend","Daglicht","Droog",\N,"352369014","Vuurkuilweg","Hulshorst","Nunspeet","Gelderland",false,52.348804,5.703409,"material damage only","4","clear",false,1,"GM0302"
"20240029996",2024,"Letsel",2,"Bromfiets","Fiets","Flank","Kruispunt, 3 takken",30,"Niet brandend","Daglicht","Regen",\N,\N,"Nieuwe Hemweg","Amsterdam","Amsterdam","Noord-Holland",false,52.399902,4.85153,"injury","2","rain",false,1,"GM0363"
"20240032069",2024,"Letsel",2,"Fiets","Personenauto","Flank","Rotonde",50,"Niet brandend","Daglicht","Droog",\N,\N,"Groeninx van Zoelenlaan","Rotterdam","Rotterdam","Zuid-Holland",false,51.885886,4.54391,"injury","2","clear",false,1,"GM0599"
"20230079103",2023,"Uitsluitend materiele schade",2,"Bromfiets","Fiets","Kop/staart","Rechte weg",30,"Niet brandend","Daglicht","Droog",\N,"600731474","Kangoeroepad","Zoetermeer","Zoetermeer","Zuid-Holland",false,52.061425,4.506086,"material damage only","4","clear",false,1,"GM0637"
"20230079176",2023,"Uitsluitend materiele schade",2,"Fiets","Fiets","Flank","Kruispunt, 3 takken",50,"Niet brandend","Daglicht","Regen",\N,\N,"Stadhuisplein","Eindhoven","Eindhoven","Noord-Brabant",false,51.435482,5.479512,"material damage only","4","rain",false,1,"GM0772"
"20230076261",2023,"Letsel",3,"Fiets","Fiets","Kop/staart","Rechte weg",\N,"Niet aanwezig","Daglicht","Droog",\N,"600415976","Gedempte Oude Gracht","Haarlem","Haarlem","Noord-Holland",false,52.378616,4.634789,"injury","2","clear",false,1,"GM0392"
"20230070383",2023,"Letsel",2,"Personenauto","Fiets","Flank","Kruispunt, 4 takken",50,"Niet brandend","Daglicht","Droog",\N,\N,"Beversestraat","Cuijk","Land van Cuijk","Noord-Brabant",false,51.724188,5.867912,"injury","2","clear",false,1,"GM1982"
"20230070746",2023,"Uitsluitend materiele schade",2,"Fiets","Personenauto","Flank","Kruispunt, 3 takken",30,"Niet brandend","Daglicht","Droog",\N,\N,"Winde","Geldrop","Geldrop-Mierlo","Noord-Brabant",false,51.433416,5.564786,"material damage only","4","clear",false,1,"GM1771"
"20230023424",2023,"Letsel",2,"Personenauto","e-bike","Frontaal","Rotonde",30,"Niet brandend","Daglicht","Regen",\N,\N,"Toneellaan","Zoetermeer","Zoetermeer","Zuid-Holland",false,52.070213,4.500104,"injury","2","rain",false,1,"GM0637"
"20230023431",2023,"Letsel",2,"Bestelauto","Fiets","Geparkeerd voertuig","Rechte weg",50,"Niet brandend","Daglicht","Droog",\N,\N,"Sarphatistraat","Amsterdam","Amsterdam","Noord-Holland",false,52.360668,4.905311,"injury","2","clear",false,1,"GM0363"
"20230076756",2023,"Uitsluitend materiele schade",2,"Personenauto","Fiets","Flank","Kruispunt, 3 takken",60,"Niet brandend","Daglicht","Droog",\N,\N,"H.P. Olivierweg","Giessenburg","Molenlanden","Zuid-Holland",false,51.844712,4.876351,"material damage only","4","clear",false,1,"GM1978"
"20230020657",2023,"Letsel",2,"Personenauto","Fiets","Flank","Rotonde",50,"Niet brandend","Daglicht","Droog",\N,\N,"Schepenlaan","Amsterdam","Amsterdam","Noord-Holland",false,52.405361,4.917409,"injury","2","clear",false,1,"GM0363"
"20240030945",2024,"Letsel",2,"Personenauto","Fiets","Flank","Kruispunt, 4 takken",50,"Niet brandend","Daglicht","Droog",\N,\N,"César Francklaan","Heemstede","Heemstede","Noord-Holland",false,52.354012,4.632549,"injury","2","clear",false,1,"GM0397"
"20230070799",2023,"Uitsluitend materiele schade",2,"Fiets","Personenauto","Flank","Kruispunt, 4 takken",60,"Niet brandend","Daglicht","Droog",\N,\N,"Boxtelseweg","Vught","Vught","Noord-Brabant",false,51.650191,5.304568,"material damage only","4","clear",false,1,"GM0865"
"20230071452",2023,"Letsel",3,"Fiets","Bromfiets","Flank","Kruispunt, 3 takken",50,"Niet brandend","Daglicht","Droog",\N,\N,"Doornboslaan","Breda","Breda","Noord-Brabant",false,51.594448,4.791011,"injury","2","clear",false,1,"GM0758"
"20230072586",2023,"Uitsluitend materiele schade",2,"Personenauto","Fiets","Frontaal","Rechte weg",80,"Niet aanwezig","Daglicht","Droog",\N,"434289019","Kruisbergseweg","Zelhem","Bronckhorst","Gelderland",false,51.988797,6.295476,"material damage only","4","clear",false,1,"GM1876"
"20230017216",2023,"Uitsluitend materiele schade",2,"Personenauto","Fiets","Flank","Rotonde",50,"Niet brandend","Daglicht","Droog",\N,\N,"Middenweg","Heerhugowaard","Dijk en Waard","Noord-Holland",false,52.676751,4.849198,"material damage only","4","clear",false,1,"GM1980"
"20230022921",2023,"Letsel",2,"Bestelauto","e-bike","Los voorwerp","Kruispunt, 4 takken",50,"Niet brandend","Daglicht","Droog",\N,\N,"Edisonstraat","'s-Gravenhage","'s-Gravenhage","Zuid-Holland",false,52.076568,4.271399,"injury","2","clear",false,1,"GM0518"
"20230076902",2023,"Letsel",2,"Fiets","Personenauto","Frontaal","Kruispunt, 4 takken",30,"Niet brandend","Daglicht","Droog","Brug/viaduct",\N,"Noordsingel","Rotterdam","Rotterdam","Zuid-Holland",false,51.929812,4.480011,"injury","2","clear",false,1,"GM0599"
"20230076906",2023,"Uitsluitend materiele schade",2,"Motor","Fiets","Onbekend","Bocht",50,"Brandend","Duisternis","Droog",\N,\N,"Jagtlustkade","Sassenheim","Teylingen","Zuid-Holland",false,52.213776,4.504973,"material damage only","4","clear",false,1,"GM1525"
"20230076925",2023,"Letsel",2,"Fiets","Personenauto","Frontaal","Rotonde",50,"Niet brandend","Daglicht","Droog",\N,\N,"Segbroeklaan","'s-Gravenhage","'s-Gravenhage","Zuid-Holland",false,52.077518,4.254562,"injury","2","clear",false,1,"GM0518"
"20230078939",2023,"Letsel",2,"Fiets","Personenauto","Flank","Kruispunt, 3 takken",50,"Niet brandend","Daglicht","Droog",\N,\N,"Maarten Lutherweg","Amstelveen","Amstelveen","Noord-Holland",false,52.290715,4.861666,"injury","2","clear",false,1,"GM0362"
"20230022388",2023,"Uitsluitend materiele schade",2,"Personenauto","Fiets","Flank","Kruispunt, 3 takken",80,"Niet brandend","Daglicht","Mist",\N,\N,"Koninginneweg","Bodegraven","Bodegraven-Reeuwijk","Zuid-Holland",false,52.087556,4.756394,"material damage only","4","fog",false,1,"GM1901"
"20240025883",2024,"Letsel",2,"Personenauto","Fiets","Flank","Kruispunt, 4 takken",50,"Niet brandend","Daglicht","Droog",\N,\N,"Verlengde Parkweg","Ede","Ede","Gelderland",false,52.027209,5.659467,"injury","2","clear",false,1,"GM0228"
"20230017833",2023,"Letsel",2,"Personenauto","Fiets","Onbekend","Rechte weg",50,"Niet brandend","Daglicht","Droog",\N,"210417023","Heereweg","Castricum","Castricum","Noord-Holland",false,52.567594,4.65397,"injury","2","clear",false,1,"GM0383"
"20230022422",2023,"Letsel",1,"Fiets",\N,"Eenzijdig","Bocht",50,"Niet brandend","Daglicht","Droog",\N,"600194802","Duinschooten","Noordwijk","Noordwijk","Zuid-Holland",false,52.283994,4.503418,"injury","2","clear",false,1,"GM0575"
"20240027265",2024,"Letsel",2,"Fiets",\N,"Flank","Kruispunt, 4 takken",50,"Niet brandend","Daglicht","Droog",\N,\N,"Europaweg","Groningen","Groningen","Groningen",false,53.208722,6.592979,"injury","2","clear",false,1,"GM0014"
"20230026466",2023,"Letsel",2,"Personenauto","Fiets","Onbekend","Kruispunt, 4 takken",30,"Niet brandend","Daglicht","Sneeuw/Hagel",\N,\N,"Meidoornsingel","Rotterdam","Rotterdam","Zuid-Holland",false,51.953949,4.468339,"injury","2","unknown",false,1,"GM0599"
"20230028215",2023,"Uitsluitend materiele schade",2,"Personenauto","Fiets","Flank","Kruispunt, 4 takken",30,"Niet brandend","Daglicht","Droog",\N,\N,"Sint Pieterspark","Tilburg","Tilburg","Noord-Brabant",false,51.570935,5.087599,"material damage only","4","clear",false,1,"GM0855"
"20240029078",2024,"Uitsluitend materiele schade",2,"Fiets","Voetganger","Flank","Kruispunt, 4 takken",50,"Niet brandend","Daglicht","Droog",\N,\N,"Metamorfosenallee","Arnhem","Arnhem","Gelderland",false,51.954683,5.852667,"material damage only","4","clear",false,1,"GM0202"
"20230073953",2023,"Letsel",1,"Fiets",\N,"Eenzijdig","Bocht",60,"Niet brandend","Daglicht","Droog",\N,"600670726","Telgterweg","Ermelo","Ermelo","Gelderland",false,52.296888,5.594976,"injury","2","clear",false,1,"GM0233"
"20230074144",2023,"Letsel",2,"Snorfiets","Fiets","Flank","Kruispunt, 4 takken",50,"Niet aanwezig","Daglicht","Droog",\N,\N,"Glindweg","Hierden","Harderwijk","Gelderland",false,52.352427,5.649038,"injury","2","clear",false,1,"GM0243"
"20240031835",2024,"Letsel",2,"Personenauto","Fiets","Flank","Kruispunt, 4 takken",50,"Niet brandend","Daglicht","Droog",\N,\N,"Groene Kruisstraat","Spijkenisse","Nissewaard","Zuid-Holland",false,51.847773,4.325099,"injury","2","clear",false,1,"GM1930"
"20230076565",2023,"Uitsluitend materiele schade",2,"Snorfiets","Fiets","Kop/staart","Rechte weg",30,"Niet brandend","Daglicht","Droog",\N,"210388120","Velserbroekse Dreef","Velserbroek","Velsen","Noord-Holland",false,52.434969,4.658593,"material damage only","4","clear",false,1,"GM0453"
"20230029396",2023,"Letsel",2,"Personenauto","Fiets","Frontaal","Kruispunt, 4 takken",50,"Niet aanwezig","Daglicht","Droog",\N,\N,"Geersbroekseweg","Ulvenhout","Breda","Noord-Brabant",false,51.550388,4.816227,"injury","2","clear",false,1,"GM0758"
"20230074596",2023,"Uitsluitend materiele schade",2,"Motor","Fiets","Flank","Kruispunt, 4 takken",30,"Brandend","Duisternis","Droog",\N,\N,"Jan van Galenstraat","Amsterdam","Amsterdam","Noord-Holland",false,52.372737,4.84874,"material damage only","4","clear",false,1,"GM0363"
"20230077084",2023,"Letsel",2,"Bromfiets","Fiets","Kop/staart","Rechte weg",30,"Brandend","Schemer","Droog",\N,"600719740","v Linden vd Heuvellsngl","Vlaardingen","Vlaardingen","Zuid-Holland",false,51.921853,4.353474,"injury","2","clear",false,1,"GM0622"
"20230078293",2023,"Letsel",3,"Fiets","Fiets","Onbekend","Rechte weg",50,"Niet brandend","Daglicht","Droog",\N,"159308066","Loosduinsekade","'s-Gravenhage","'s-Gravenhage","Zuid-Holland",false,52.072354,4.290124,"injury","2","clear",false,1,"GM0518"
"20230020831",2023,"Uitsluitend materiele schade",2,"Personenauto","Fiets","Flank","Kruispunt, 3 takken",30,"Niet brandend","Daglicht","Droog",\N,"600910865","De Flinesstraat","Amsterdam-Duivendrecht","Ouder-Amstel","Noord-Holland",false,52.325416,4.925739,"material damage only","4","clear",false,1,"GM0437"
"20230021965",2023,"Letsel",2,"Personenauto","Fiets","Flank","Kruispunt, 4 takken",30,"Brandend","Schemer","Mist",\N,\N,"Sixlaan","Voorschoten","Voorschoten","Zuid-Holland",false,52.122777,4.437467,"injury","2","fog",false,1,"GM0626"
"20230058939",2023,"Letsel",2,"Fiets","Fiets","Flank","Rechte weg",80,"Niet brandend","Daglicht","Droog",\N,"600398232","Rijwielpad Zuidduinen","Katwijk","Katwijk","Zuid-Holland",false,52.190633,4.381864,"injury","2","clear",false,1,"GM0537"
"20240033413",2024,"Uitsluitend materiele schade",2,"Fiets","Personenauto","Flank","Rotonde",30,"Niet brandend","Daglicht","Regen",\N,\N,"Klokkenlaan","'s-Hertogenbosch","'s-Hertogenbosch","Noord-Brabant",false,51.710896,5.311916,"material damage only","4","rain",false,1,"GM0796"
"20240042545",2024,"Letsel",2,"Personenauto","Fiets","Los voorwerp","Kruispunt, 4 takken",50,"Niet brandend","Daglicht","Regen",\N,\N,"Schönberglaan","Capelle aan den IJssel","Capelle aan den IJssel","Zuid-Holland",false,51.923196,4.572191,"injury","2","rain",false,1,"GM0502"
"20240041273",2024,"Uitsluitend materiele schade",2,"Snorfiets","Fiets","Flank","Kruispunt, 3 takken",30,"Niet brandend","Daglicht","Droog",\N,\N,"Pieter Calandlaan","Amsterdam","Amsterdam","Noord-Holland",false,52.350383,4.790322,"material damage only","4","clear",false,1,"GM0363"
"20240047770",2024,"Uitsluitend materiele schade",2,"Snorfiets","Fiets","Flank","Bocht",50,"Niet brandend","Daglicht","Droog",\N,"600503565","FIETSPAD","Lelystad","Lelystad","Flevoland",false,52.506111,5.472577,"material damage only","4","clear",false,1,"GM0995"
"20240072226",2024,"Letsel",1,"Fiets",\N,"Eenzijdig","Rechte weg",50,"Niet brandend","Daglicht","Droog",\N,"600204358","Oosthaven","Gouda","Gouda","Zuid-Holland",false,52.009933,4.711109,"injury","2","clear",false,1,"GM0513"
"20240075208",2024,"Letsel",2,"Personenauto","Fiets","Onbekend","Bocht",30,"Niet brandend","Daglicht","Droog",\N,\N,"Leeuwenstraat","Renkum","Renkum","Gelderland",false,51.971604,5.727079,"injury","2","clear",false,1,"GM0274"
"20240051526",2024,"Letsel",2,"Fiets","Personenauto","Flank","Rotonde",50,"Niet brandend","Daglicht","Droog",\N,\N,"Oosttangent","Heerhugowaard","Dijk en Waard","Noord-Holland",false,52.662623,4.850367,"injury","2","clear",false,1,"GM1980"
"20240036608",2024,"Uitsluitend materiele schade",2,"Fiets","Personenauto","Flank","Kruispunt, 3 takken",30,"Niet brandend","Daglicht","Droog",\N,\N,"Keucheniusstraat","Hoogezand","Midden-Groningen","Groningen",false,53.15154,6.746101,"material damage only","4","clear",false,1,"GM1952"
"20240040528",2024,"Letsel",2,"Fiets","Overig vast object","Vast voorwerp","Rotonde",50,"Niet brandend","Daglicht","Droog",\N,\N,"FIETSPAD","Voorhout","Teylingen","Zuid-Holland",false,52.231368,4.494007,"injury","2","clear",false,1,"GM1525"
"20240050896",2024,"Letsel",1,"Fiets",\N,"Eenzijdig","Rechte weg",50,"Brandend","Duisternis","Droog",\N,"233389130","A F d Savornin Lohmanstr","Zaandam","Zaanstad","Noord-Holland",false,52.440479,4.827446,"injury","2","clear",false,1,"GM0479"
"20240072297",2024,"Uitsluitend materiele schade",2,"Personenauto","Fiets","Frontaal","Rotonde",50,"Niet brandend","Daglicht","Droog",\N,\N,"Soestdijkseplein","'s-Gravenhage","'s-Gravenhage","Zuid-Holland",false,52.061812,4.282637,"material damage only","4","clear",false,1,"GM0518"
"20240040574",2024,"Letsel",1,"Fiets",\N,"Onbekend",\N,30,\N,"Duisternis",\N,\N,"600371910","Ockenrode","Leiderdorp","Leiderdorp","Zuid-Holland",false,52.154298,4.521909,"injury","2","unknown",false,1,"GM0547"
"20240072347",2024,"Letsel",2,"Fiets","Fiets","Frontaal","Rechte weg",30,"Brandend","Duisternis","Droog",\N,\N,"Boomgaardlaan","Leiderdorp","Leiderdorp","Zuid-Holland",false,52.149064,4.530398,"injury","2","clear",false,1,"GM0547"
"20240051611",2024,"Letsel",2,"Personenauto","Fiets","Flank","Kruispunt, 4 takken",50,"Niet brandend","Daglicht","Droog",\N,\N,"De Droogmakerij","Heiloo","Heiloo","Noord-Holland",false,52.592226,4.74497,"injury","2","clear",false,1,"GM0399"
"20240077115",2024,"Letsel",1,"Fiets",\N,"Onbekend",\N,50,\N,"Daglicht",\N,\N,"206377011","Zijlweg","Haarlem","Haarlem","Noord-Holland",false,52.384747,4.625884,"injury","2","unknown",false,1,"GM0392"
"20240079170",2024,"Letsel",1,"Fiets",\N,"Onbekend","Rechte weg",30,"Niet brandend","Daglicht","Droog",\N,"147290105","Verhagenplein","Naaldwijk","Westland","Zuid-Holland",false,51.991439,4.207328,"injury","2","clear",false,1,"GM1783"
"20240081505",2024,"Letsel",2,"Bromfiets","Fiets","Flank","Kruispunt, 4 takken",50,"Niet brandend","Daglicht","Droog",\N,\N,"Berkelseweg","Bergschenhoek","Lansingerland","Zuid-Holland",false,51.989753,4.500089,"injury","2","clear",false,1,"GM1621"
"20240081506",2024,"Letsel",1,"Fiets",\N,"Eenzijdig","Rotonde",30,"Niet brandend","Daglicht","Droog",\N,\N,"Industrieweg","Vlaardingen","Vlaardingen","Zuid-Holland",false,51.903427,4.322349,"injury","2","clear",false,1,"GM0622"
"20240041489",2024,"Letsel",1,"Fiets",\N,"Flank","Rechte weg",\N,"Niet brandend","Daglicht","Droog",\N,"198342037","Hoofdweg","Abbenes","Haarlemmermeer","Noord-Holland",false,52.227722,4.574913,"injury","2","clear",false,1,"GM0394"
"20240042774",2024,"Letsel",1,"Fiets",\N,"Onbekend","Rotonde",50,"Brandend","Duisternis","Droog",\N,\N,"Westelijke Randweg","Lisse","Lisse","Zuid-Holland",false,52.264288,4.551772,"injury","2","clear",false,1,"GM0553"
"20240033085",2024,"Letsel",2,"Personenauto","Fiets","Flank","Rechte weg",50,"Niet brandend","Daglicht","Droog",\N,"600723508","Delftsestraatweg","Pijnacker","Pijnacker-Nootdorp","Zuid-Holland",false,52.015615,4.417276,"injury","2","clear",false,1,"GM1926"
"20240036832",2024,"Letsel",2,"Personenauto","Fiets","Flank","Kruispunt, 4 takken",60,"Niet brandend","Daglicht","Droog",\N,\N,"Zwolseweg","Laag Zuthem","Raalte","Overijssel",false,52.468576,6.201314,"injury","2","clear",false,1,"GM0177"
"20240042170",2024,"Letsel",2,"Brommobiel","Fiets","Frontaal","Rechte weg",\N,"Niet brandend","Daglicht","Droog",\N,"267236002","Lange Pad","Genderen","Altena","Noord-Brabant",false,51.754246,5.081591,"injury","2","clear",false,1,"GM1959"
"20240071860",2024,"Letsel",2,"Bestelauto","Fiets","Flank","Rechte weg",30,"Niet brandend","Daglicht","Droog",\N,"181263024","Charloisse Lagedijk","Rotterdam","Rotterdam","Zuid-Holland",false,51.868695,4.456732,"injury","2","clear",false,1,"GM0599"
"20240036865",2024,"Letsel",2,"Personenauto","Fiets","Onbekend","Kruispunt, 3 takken",50,"Niet brandend","Daglicht","Droog",\N,\N,"Laan Corpus den Hoorn","Groningen","Groningen","Groningen",false,53.192741,6.56241,"injury","2","clear",false,1,"GM0014"
"20240037805",2024,"Uitsluitend materiele schade",2,"Personenauto","Fiets","Flank","Kruispunt, 3 takken",50,"Niet brandend","Daglicht","Droog",\N,\N,"Zuideinde","Oostzaan","Oostzaan","Noord-Holland",false,52.437218,4.877266,"material damage only","4","clear",false,1,"GM0431"
"20240051134",2024,"Letsel",2,"Fiets","Fiets","Flank","Rechte weg",50,"Niet brandend","Daglicht","Droog",\N,"600601184","Paxlaan","Hoofddorp","Haarlemmermeer","Noord-Holland",false,52.308919,4.68091,"injury","2","clear",false,1,"GM0394"
"20240072787",2024,"Letsel",2,"Personenauto","Fiets","Flank","Kruispunt, 4 takken",50,"Niet brandend","Daglicht","Droog",\N,\N,"Verlengde van Meeuwenstr","Rosmalen","'s-Hertogenbosch","Noord-Brabant",false,51.717211,5.367119,"injury","2","clear",false,1,"GM0796"
"20240036908",2024,"Letsel",2,"Fiets","Fiets","Flank","Rotonde",50,"Niet brandend","Daglicht","Droog",\N,\N,"Koningin Wilhelminastr","Holten","Rijssen-Holten","Overijssel",false,52.277913,6.41781,"injury","2","clear",false,1,"GM1742"
"20240076631",2024,"Letsel",1,"Fiets",\N,"Onbekend","Rechte weg",30,"Brandend","Duisternis","Droog",\N,"466567012","Populierenlaan","Groningen","Groningen","Groningen",false,53.23411,6.557886,"injury","2","clear",false,1,"GM0014"
"20240078754",2024,"Letsel",1,"Fiets",\N,"Eenzijdig","Rechte weg",30,\N,"Duisternis",\N,\N,"186328099","Kort Rapenburg","Leiden","Leiden","Zuid-Holland",false,52.160839,4.485264,"injury","2","unknown",false,1,"GM0546"
"20240033867",2024,"Letsel",2,"Personenauto","Fiets","Flank","Rotonde",50,"Niet brandend","Daglicht","Droog",\N,\N,"Broekweg","Veldhoven","Veldhoven","Noord-Brabant",false,51.419572,5.418848,"injury","2","clear",false,1,"GM0861"
"20240038561",2024,"Uitsluitend materiele schade",2,"Fiets","Voetganger","Voetganger","Rechte weg",50,"Niet brandend","Daglicht","Droog",\N,"601003120","Zijlsingel","Haarlem","Haarlem","Noord-Holland",false,52.383046,4.628951,"material damage only","4","clear",false,1,"GM0392"