"accident_id","year","severity_raw","party_count","party1_type","party2_type","accident_type","road_situation","speed_limit_kmh","road_lighting","light_condition_label","weather_raw","infra_type","road_segment_id","street_name","place_name","gemeente_name_raw","province","alcohol_indicated","latitude","longitude","severity_label","severity_code","weather_label","built_up_area","cyclists_involved","gemeente_code"
"20240040871",2024,"Uitsluitend materiele schade",2,"Personenauto","Fiets","Kop/staart","Rechte weg",30,"Niet brandend","Daglicht","Droog",\N,"200335009","Koppoellaan","Rijpwetering","Kaag en Braassem","Zuid-Holland",false,52.195258,4.583561,"material damage only","4","clear",false,1,"GM1884"
"20240051211",2024,"Letsel",1,"Fiets",\N,"Onbekend","Kruispunt, 3 takken",30,"Niet brandend","Daglicht","Droog",\N,"245490015","Dam","Westerland","Hollands Kroon","Noord-Holland",false,52.893553,4.910792,"injury","2","clear",false,1,"GM1911"
"20240078768",2024,"Letsel",1,"Fiets",\N,"Flank","Rechte weg",30,"Niet brandend","Daglicht","Droog",\N,"152291012","Broekpolderlaan","Honselersdijk","Westland","Zuid-Holland",false,51.993508,4.239237,"injury","2","clear",false,1,"GM1783"
"20240050616",2024,"Letsel",2,"Bestelauto","Fiets","Flank","Bocht",50,"Niet brandend","Daglicht","Droog",\N,\N,"Badhuiskade","'s-Gravenhage","'s-Gravenhage","Zuid-Holland",false,52.108295,4.277006,"injury","2","clear",false,1,"GM0518"
"20240051277",2024,"Letsel",2,"Personenauto","Fiets","Flank","Kruispunt, 4 takken",50,"Niet brandend","Daglicht","Droog",\N,\N,"Pannekeetweg","Heerhugowaard","Dijk en Waard","Noord-Holland",false,52.696357,4.828831,"injury","2","clear",false,1,"GM1980"
"20240040958",2024,"Letsel",2,"Fiets","Overig vast object","Vast voorwerp","Bocht",50,"Brandend","Schemer","Droog","Brug/viaduct","600457352","Hommeldijk","Haarlem","Haarlem","Noord-Holland",false,52.344555,4.650524,"injury","2","clear",false,1,"GM0392"
"20240051314",2024,"Uitsluitend materiele schade",2,\N,"Fiets","Flank","Rotonde",50,"Niet brandend","Daglicht","Droog",\N,\N,"Dirk Camphuysenstraat","Heerhugowaard","Dijk en Waard","Noord-Holland",false,52.665884,4.827044,"material damage only","4","clear",false,1,"GM1980"
"20240033991",2024,"Uitsluitend materiele schade",2,"Personenauto","Fiets","Flank","Rotonde",50,"Niet brandend","Daglicht","Regen",\N,\N,"FIETSPAD","Venray","Venray","Limburg",false,51.531811,5.971973,"material damage only","4","rain",false,1,"GM0984"
"20240041789",2024,"Uitsluitend materiele schade",2,"Personenauto","Fiets","Flank","Kruispunt, 3 takken",30,"Niet brandend","Daglicht","Regen",\N,\N,"Emmastraat","Goes","Goes","Zeeland",false,51.500227,3.893075,"material damage only","4","rain",false,1,"GM0664"
"20240038076",2024,"Letsel",2,"Bromfiets","Fiets","Frontaal","Rechte weg",30,"Niet brandend","Daglicht","Droog",\N,"600746213","Parallelweg","Beverwijk","Beverwijk","Noord-Holland",false,52.480791,4.669846,"injury","2","clear",false,1,"GM0375"
"20240050742",2024,"Uitsluitend materiele schade",2,"Fiets","Personenauto","Kop/staart","Rechte weg",30,"Brandend","Duisternis","Droog",\N,"239363085","Uilenstede","Amstelveen","Amstelveen","Noord-Holland",false,52.320803,4.871151,"material damage only","4","clear",false,1,"GM0362"
"20230099192",2023,"Uitsluitend materiele schade",3,"Personenauto","Fiets","Onbekend","Rechte weg",50,"Niet brandend","Daglicht","Droog",\N,"400047009","Hereweg","Landgraaf","Landgraaf","Limburg",false,50.903259,6.031748,"material damage only","4","clear",false,1,"GM0882"
"20230099766",2023,"Letsel",2,"Fiets","Fiets","Flank","Rechte weg",30,"Brandend","Duisternis","Regen",\N,"332163020","Hulst","Geldrop","Geldrop-Mierlo","Noord-Brabant",false,51.425293,5.547465,"injury","2","rain",false,1,"GM1771"
"20230086387",2023,"Letsel",2,"Bromfiets","Fiets","Flank","Kruispunt, 4 takken",30,"Brandend","Duisternis","Droog",\N,\N,"Weteringstraat","Amsterdam","Amsterdam","Noord-Holland",false,52.360946,4.888606,"injury","2","clear",false,1,"GM0363"
"20230091106",2023,"Uitsluitend materiele schade",2,"Snorfiets","Fiets","Frontaal","Rechte weg",50,"Niet aanwezig","Duisternis","Droog",\N,"335167004","Vamweg","Mierlo","Geldrop-Mierlo","Noord-Brabant",false,51.445236,5.569225,"material damage only","4","clear",false,1,"GM1771"
"20230094577",2023,"Letsel",2,"Fiets","Fiets","Frontaal","Rechte weg",50,"Brandend","Schemer","Regen","Brug/viaduct","600489262","Handelsweg","Meppel","Meppel","Drenthe",false,52.694816,6.173495,"injury","2","rain",false,1,"GM0119"
"20230095754",2023,"Letsel",1,"Fiets",\N,"Eenzijdig","Rechte weg",60,"Niet brandend","Daglicht","Droog",\N,"600218917","Lekdijk West","Wijk bij Duurstede","Wijk bij Duurstede","Utrecht",false,51.969889,5.27103,"injury","2","clear",false,1,"GM0352"
"20230101246",2023,"Letsel",3,"Fiets","Fiets","Flank","Rechte weg",\N,"Niet brandend","Daglicht","Droog",\N,"161308079","Prinsegracht","'s-Gravenhage","'s-Gravenhage","Zuid-Holland",false,52.073679,4.304228,"injury","2","clear",false,1,"GM0518"
"20230102070",2023,"Uitsluitend materiele schade",2,"Personenauto","Fiets","Flank","Kruispunt, 4 takken",30,"Niet brandend","Daglicht","Droog",\N,\N,"Tomatenstraat","Naaldwijk","Westland","Zuid-Holland",false,51.989167,4.210266,"material damage only","4","clear",false,1,"GM1783"
"20230102540",2023,"Letsel",2,"Fiets","Fiets","Flank","Rechte weg",80,"Brandend","Duisternis","Droog",\N,"600652166","Woudseweg","Schipluiden","Midden-Delfland","Zuid-Holland",false,51.992902,4.298126,"injury","2","clear",false,1,"GM1842"
"20230080010",2023,"Letsel",2,"Bromfiets","Fiets","Flank","Rechte weg",50,"Niet brandend","Daglicht","Droog",\N,"600400226","Rijksstraatweg","Ridderkerk","Ridderkerk","Zuid-Holland",false,51.867414,4.555058,"injury","2","clear",false,1,"GM0597"
"20230081161",2023,"Letsel",2,"Scootmobiel","Fiets","Onbekend","Kruispunt, 4 takken",50,"Niet brandend","Daglicht","Droog",\N,\N,"Enk","Rotterdam","Rotterdam","Zuid-Holland",false,51.880532,4.506838,"injury","2","clear",false,1,"GM0599"
"20230083528",2023,"Uitsluitend materiele schade",2,"Fiets","Fiets","Onbekend","Rechte weg",30,"Niet aanwezig","Duisternis","Harde windstoten/Regen",\N,"312501005","Oosterdijk","Hindeloopen","Súdwest-Fryslân","Friesland",false,52.942089,5.407289,"material damage only","4","unknown",false,1,"GM1900"
"20230092322",2023,"Letsel",2,"Personenauto","Fiets","Flank","Bocht",50,"Niet brandend","Daglicht","Droog",\N,\N,"Broekhin Noord","Roermond","Roermond","Limburg",false,51.212357,6.016263,"injury","2","clear",false,1,"GM0957"
"20230096920",2023,"Letsel",2,"Fiets",\N,"Eenzijdig","Bocht",50,"Brandend","Duisternis","Mist",\N,"239309077","Hollandbaan","Woerden","Woerden","Utrecht",false,52.079598,4.871273,"injury","2","fog",false,1,"GM0632"
"20230106158",2023,"Uitsluitend materiele schade",2,"Personenauto","Fiets","Onbekend","Rechte weg",50,"Brandend","Duisternis","Droog",\N,"375283096","Hollandweg","Arnhem","Arnhem","Gelderland",false,51.962519,5.863393,"material damage only","4","clear",false,1,"GM0202"
"20230091770",2023,"Uitsluitend materiele schade",2,"Bromfiets","Fiets","Frontaal","Rechte weg",50,"Niet brandend","Daglicht","Regen",\N,"600703672","Rijksweg","Dorst","Oosterhout","Noord-Brabant",false,51.590321,4.85238,"material damage only","4","rain",false,1,"GM0826"
"20230095253",2023,"Uitsluitend materiele schade",2,"Personenauto","e-bike","Flank","Rotonde",50,"Niet brandend","Daglicht","Regen",\N,\N,"Hertog Aalbrechtweg","Alkmaar","Alkmaar","Noord-Holland",false,52.642378,4.763385,"material damage only","4","rain",false,1,"GM0361"
"20230096405",2023,"Uitsluitend materiele schade",2,"Personenauto","Fiets","Onbekend","Kruispunt, 3 takken",30,"Brandend","Schemer","Droog",\N,\N,"Heumenseboslaan","Vleuten","Utrecht","Utrecht",false,52.093904,5.018984,"material damage only","4","clear",false,1,"GM0344"
"20230099879",2023,"Uitsluitend materiele schade",2,"Personenauto","Fiets","Flank","Rotonde",50,"Niet brandend","Daglicht","Droog",\N,\N,"Helftheuvelweg","'s-Hertogenbosch","'s-Hertogenbosch","Noord-Brabant",false,51.697277,5.266649,"material damage only","4","clear",false,1,"GM0796"
"20230100629",2023,"Uitsluitend materiele schade",2,"Personenauto","Fiets","Flank","Kruispunt, 4 takken",80,"Niet brandend","Daglicht","Droog",\N,\N,"WASPIK 35","Waspik","Waalwijk","Noord-Brabant",false,51.692445,4.948353,"material damage only","4","clear",false,1,"GM0867"
"20230105535",2023,"Uitsluitend materiele schade",2,"Fiets","Fiets","Frontaal","Rechte weg",30,"Niet brandend","Schemer","Regen",\N,"407403079","Deventerstraatweg","Zwolle","Zwolle","Overijssel",false,52.500665,6.105831,"material damage only","4","rain",false,1,"GM0193"
"20230107041",2023,"Uitsluitend materiele schade",2,"Personenauto","Fiets","Frontaal","Kruispunt, 4 takken",30,"Niet brandend","Daglicht","Droog",\N,\N,"Marijkelaan","Melick","Roerdalen","Limburg",false,51.16104,6.010079,"material damage only","4","clear",false,1,"GM1669"
"20230083009",2023,"Letsel",2,"Bestelauto","Fiets","Flank","Kruispunt, 4 takken",30,"Niet brandend","Daglicht","Regen",\N,\N,"Borgweg","Uithuizen","Het Hogeland","Groningen",false,53.406656,6.681697,"injury","2","rain",false,1,"GM1966"
"20230087053",2023,"Letsel",2,"Vrachtauto","Fiets","Flank","Rotonde",50,"Niet brandend","Daglicht","Regen",\N,\N,"Leeweg","Noordwijkerhout","Noordwijk","Zuid-Holland",false,52.249496,4.485001,"injury","2","rain",false,1,"GM0575"
"20230091791",2023,"Uitsluitend materiele schade",2,"Personenauto","Fiets","Flank","Kruispunt, 4 takken",50,"Niet brandend","Daglicht","Droog",\N,\N,"Vondelstraat","'s-Hertogenbosch","'s-Hertogenbosch","Noord-Brabant",false,51.685154,5.324809,"material damage only","4","clear",false,1,"GM0796"
"20230095283",2023,"Letsel",2,"Personenauto","Fiets","Flank","Kruispunt, 4 takken",50,"Niet brandend","Daglicht","Droog",\N,\N,"Westerlaan","Beverwijk","Beverwijk","Noord-Holland",false,52.495538,4.655282,"injury","2","clear",false,1,"GM0375"
"20230098201",2023,"Letsel",2,"Personenauto","Fiets","Flank","Kruispunt, 3 takken",50,"Niet brandend","Daglicht","Droog",\N,\N,"Italiëlaan","Beverwijk","Beverwijk","Noord-Holland",false,52.491414,4.674769,"injury","2","clear",false,1,"GM0375"
"20230099731",2023,"Uitsluitend materiele schade",2,"Personenauto","Fiets","Flank","Kruispunt, 4 takken",50,"Brandend","Duisternis","Regen",\N,\N,"Fransebaan","Eindhoven","Eindhoven","Noord-Brabant",false,51.478867,5.44743,"material damage only","4","rain",false,1,"GM0772"
"20230100667",2023,"Letsel",1,"Fiets",\N,"Eenzijdig","Rechte weg",50,"Niet brandend","Daglicht","Droog","Spoorwegovergang","347174003","Engelseweg","Helmond","Helmond","Noord-Brabant",false,51.474096,5.659577,"injury","2","clear",false,1,"GM0794"
"20230101350",2023,"Letsel",2,"Personenauto","Fiets","Frontaal","Kruispunt, 4 takken",50,"Brandend","Duisternis","Regen",\N,\N,"Van Maanenkade","'s-Gravenhage","'s-Gravenhage","Zuid-Holland",false,52.072366,4.324375,"injury","2","rain",false,1,"GM0518"
"20230080095",2023,"Uitsluitend materiele schade",2,"Bestelauto","Fiets","Flank","Rechte weg",50,"Niet brandend","Daglicht","Droog",\N,"600971781","Eindhovenseweg","Valkenswaard","Valkenswaard","Noord-Brabant",false,51.359868,5.462504,"material damage only","4","clear",false,1,"GM0858"
"20230102261",2023,"Letsel",3,"Personenauto","Fiets","Onbekend","Kruispunt, 4 takken",50,"Niet brandend","Daglicht","Droog",\N,\N,"Zijlsingel","Leiden","Leiden","Zuid-Holland",false,52.158312,4.504648,"injury","2","clear",false,1,"GM0546"
"20230083122",2023,"Letsel",2,"Personenauto","Fiets","Flank","Rechte weg",30,"Niet brandend","Daglicht","Droog",\N,"382416021","Burg van Engelenweg","IJsselmuiden","Kampen","Overijssel",false,52.560572,5.924374,"injury","2","clear",false,1,"GM0166"
"20230089514",2023,"Uitsluitend materiele schade",2,"Bromfiets","e-bike","Flank","Rotonde",50,"Niet brandend","Daglicht","Droog",\N,\N,"Smeetslandseweg","Rotterdam","Rotterdam","Zuid-Holland",false,51.886528,4.529336,"material damage only","4","clear",false,1,"GM0599"
"20230094227",2023,"Uitsluitend materiele schade",4,"Fiets","Fiets","Flank","Kruispunt, 4 takken",50,"Brandend","Duisternis","Droog",\N,\N,"Hoogsestraat","Valburg","Overbetuwe","Gelderland",true,51.9128,5.780775,"material damage only","4","clear",false,1,"GM1734"
"20230095374",2023,"Uitsluitend materiele schade",2,"e-bike","Personenauto","Flank","Kruispunt, 4 takken",50,"Niet brandend","Daglicht","Droog",\N,\N,"Waterloolaan","Driehuis NH","Velsen","Noord-Holland",false,52.451146,4.633646,"material damage only","4","clear",false,1,"GM0453"
"20230095404",2023,"Letsel",2,"Bromfiets","Fiets","Flank","Rechte weg",80,"Niet brandend","Daglicht","Regen",\N,"600675178","Randweg","Enkhuizen","Enkhuizen","Noord-Holland",false,52.70451,5.274289,"injury","2","rain",false,1,"GM0388"
"20230101846",2023,"Letsel",2,"Personenauto","Fiets","Onbekend","Kruispunt, 4 takken",50,"Niet brandend","Daglicht","Regen",\N,\N,"Schenkkade","'s-Gravenhage","'s-Gravenhage","Zuid-Holland",false,52.080875,4.343559,"injury","2","rain",false,1,"GM0518"
"20230091950",2023,"Uitsluitend materiele schade",1,"Fiets",\N,"Onbekend","Rechte weg",50,"Niet brandend","Daglicht","Droog",\N,"335207001","Udenseweg","Veghel","Meierijstad","Noord-Brabant",false,51.623734,5.571146,"material damage only","4","clear",false,1,"GM1948"
"20230091955",2023,"Uitsluitend materiele schade",2,"Bromfiets","Fiets","Flank","Kruispunt, 4 takken",30,"Niet brandend","Daglicht","Droog",\N,\N,"Korte Geere","Middelburg","Middelburg","Zeeland",true,51.497551,3.610478,"material damage only","4","clear",false,1,\N
"20230095435",2023,"Uitsluitend materiele schade",2,"Personenauto","Fiets","Flank","Rotonde",50,"Niet brandend","Daglicht","Droog",\N,\N,"van Lennepweg","Zandvoort","Zandvoort","Noord-Holland",false,52.379001,4.535186,"material damage only","4","clear",false,1,"GM0473"
"20230096573",2023,"Uitsluitend materiele schade",2,"Personenauto","Fiets","Flank","Rechte weg",30,"Niet brandend","Daglicht","Regen",\N,"320341009","Groenallee","Nijkerk","Nijkerk","Gelderland",false,52.226121,5.46536,"material damage only","4","rain",false,1,"GM0267"
"20230105700",2023,"Letsel",2,"Personenauto","Fiets","Flank","Kruispunt, 4 takken",50,"Niet brandend","Daglicht","Regen",\N,\N,"Jupiterstraat","Borne","Borne","Overijssel",false,52.295596,6.755384,"injury","2","rain",false,1,"GM0147"
"20230082626",2023,"Uitsluitend materiele schade",2,"Personenauto","Fiets","Flank","Kruispunt, 3 takken",30,"Niet brandend","Daglicht","Droog",\N,\N,"Wilgenlaan","Arnhem","Arnhem","Gelderland",false,51.969805,5.902527,"material damage only","4","clear",false,1,"GM0202"
"20230084921",2023,"Uitsluitend materiele schade",2,"Personenauto","Fiets","Flank","Kruispunt, 3 takken",50,"Brandend","Daglicht","Regen",\N,\N,"Hofstraat","Doetinchem","Doetinchem","Gelderland",false,51.96788,6.2877,"material damage only","4","rain",false,1,"GM0222"
"20230089594",2023,"Letsel",2,"Personenauto","Fiets","Flank","Kruispunt, 3 takken",50,"Brandend","Duisternis","Droog",\N,\N,"Admiraalsplein","Dordrecht","Dordrecht","Zuid-Holland",false,51.792156,4.654959,"injury","2","clear",false,1,"GM0505"
"20230082060",2023,"Uitsluitend materiele schade",2,"Fiets","Overig vast object","Vast voorwerp","Rechte weg",50,"Brandend","Duisternis","Droog",\N,"354124124","Driesveldlaan","Weert","Weert","Limburg",false,51.250959,5.704106,"material damage only","4","clear",false,1,"GM0988"
"20230089060",2023,"Letsel",2,"Fiets","Scootmobiel","Flank","Rechte weg",30,"Niet brandend","Daglicht","Droog",\N,"600714475","Loosduinsekade","'s-Gravenhage","'s-Gravenhage","Zuid-Holland",false,52.063292,4.261405,"injury","2","clear",false,1,"GM0518"
"20230090227",2023,"Letsel",2,"Bromfiets","Fiets","Eenzijdig","Rotonde",50,"Niet brandend","Daglicht","Regen",\N,\N,"Stevenshofdreef","Leiden","Leiden","Zuid-Holland",false,52.156183,4.449473,"injury","2","rain",false,1,"GM0546"
"20230098972",2023,"Uitsluitend materiele schade",3,"Personenauto","Fiets","Onbekend","Kruispunt, 4 takken",\N,"Niet brandend","Daglicht","Droog",\N,\N,"Hollandse Kamp","Herpen","Oss","Noord-Brabant",false,51.776597,5.635225,"material damage only","4","clear",false,1,"GM0828"
"20230102864",2023,"Letsel",2,"Fiets","Fiets","Flank","Rechte weg",50,"Brandend","Duisternis","Regen",\N,\N,"Papsouwselaan","Delft","Delft","Zuid-Holland",false,51.99946,4.354804,"injury","2","rain",false,1,"GM0503"
"20230080882",2023,"Letsel",2,"Personenauto","Fiets","Flank","Kruispunt, 3 takken",50,"Niet brandend","Daglicht","Droog",\N,\N,"De Veldoven","Hendrik-Ido-Ambacht","Hendrik-Ido-Ambacht","Zuid-Holland",false,51.838447,4.620273,"injury","2","clear",false,1,"GM0531"
"20230094360",2023,"Letsel",2,"Fiets","Personenauto","Frontaal","Kruispunt, 3 takken",60,"Niet brandend","Daglicht","Droog",\N,\N,"Frankhuisweg","Zwolle","Zwolle","Overijssel",false,52.518516,6.06515,"injury","2","clear",false,1,"GM0193"
"20230096670",2023,"Uitsluitend materiele schade",2,"Personenauto","Fiets","Onbekend","Rotonde",50,"Brandend","Duisternis","Droog",\N,\N,"De Boei","Emmeloord","Noordoostpolder","Flevoland",false,52.711986,5.759351,"material damage only","4","clear",false,1,"GM0171"
"20230079763",2023,"Letsel",2,"Fiets","Bromfiets","Frontaal","Rechte weg",30,"Niet brandend","Daglicht","Droog",\N,"600491306","Terbregseweg","Rotterdam","Rotterdam","Zuid-Holland",false,51.946009,4.527158,"injury","2","clear",false,1,"GM0599"
"20230087930",2023,"Uitsluitend materiele schade",2,"Personenauto","Fiets","Onbekend","Rechte weg",50,"Niet brandend","Daglicht","Droog",\N,"600747326","Kruisweg","Hoofddorp","Haarlemmermeer","Noord-Holland",false,52.307609,4.68926,"material damage only","4","clear",false,1,"GM0394"
"20230099070",2023,"Uitsluitend materiele schade",2,"Personenauto","Fiets","Frontaal","Kruispunt, 3 takken",30,"Niet brandend","Daglicht","Droog",\N,\N,"Tamboerijn","Etten-Leur","Etten-Leur","Noord-Brabant",false,51.559677,4.62935,"material damage only","4","clear",false,1,"GM0777"
"20230102930",2023,"Uitsluitend materiele schade",2,"Personenauto","Fiets","Flank","Rotonde",30,"Niet brandend","Daglicht","Droog/Mist",\N,\N,"Oranjelaan","Zoeterwoude","Zoeterwoude","Zuid-Holland",false,52.143432,4.52582,"material damage only","4","unknown",false,1,"GM0638"
"20230092143",2023,"Uitsluitend materiele schade",2,"e-bike","Personenauto","Flank","Kruispunt, 4 takken",30,"Brandend","Schemer","Regen",\N,\N,"Oerlesestraat","Tilburg","Tilburg","Noord-Brabant",false,51.547139,5.077745,"material damage only","4","rain",false,1,"GM0855"
"20230092734",2023,"Uitsluitend materiele schade",2,"Fiets","Los voorwerp","Los voorwerp","Rechte weg",15,"Niet aanwezig","Daglicht","Droog",\N,"381051003","Schurenbergsvoetpad","Hoensbroek","Heerlen","Limburg",false,50.919719,5.899595,"material damage only","4","clear",false,1,"GM0917"
"20230095618",2023,"Uitsluitend materiele schade",1,"Fiets",\N,"Onbekend","Kruispunt, 4 takken",30,"Niet brandend","Daglicht","Droog",\N,\N,"Runmolenstraat","Almere","Almere","Flevoland",false,52.397558,5.268456,"material damage only","4","clear",false,1,"GM0034"
"20230103993",2023,"Letsel",1,"Fiets",\N,"Eenzijdig","Kruispunt, 3 takken",50,"Niet brandend","Daglicht","Droog",\N,\N,"S.L. Louwesstraat","Enschede","Enschede","Overijssel",false,52.206055,6.86405,"injury","2","clear",false,1,"GM0153"
"20230088029",2023,"Letsel",2,"Personenauto","Fiets","Flank","Kruispunt, 4 takken",50,"Brandend","Duisternis","Droog",\N,\N,"Australiëlaan","Purmerend","Purmerend","Noord-Holland",false,52.495711,4.93989,"injury","2","clear",false,1,"GM0439"
"20230097947",2023,"Uitsluitend materiele schade",2,"Personenauto","Fiets","Frontaal","Rechte weg",30,"Brandend","Duisternis","Droog",\N,"600363181","Reguliersgracht","Amsterdam","Amsterdam","Noord-Holland",false,52.364109,4.89609,"material damage only","4","clear",false,1,"GM0363"
"20220000979",2022,"Uitsluitend materiele schade",2,"Personenauto","Fiets","Flank","Kruispunt, 3 takken",50,"Brandend","Duisternis","Regen",\N,\N,"Paterswoldseweg","Groningen","Groningen","Groningen",false,53.212068,6.555549,"material damage only","4","rain",false,1,"GM0014"
"20220006773",2022,"Uitsluitend materiele schade",2,"Personenauto","Fiets","Flank","Kruispunt, 4 takken",30,"Niet brandend","Daglicht","Droog",\N,\N,"Grotestraat","Tubbergen","Tubbergen","Overijssel",false,52.409086,6.781463,"material damage only","4","clear",false,1,"GM0183"
"20220006001",2022,"Uitsluitend materiele schade",2,"Fiets","Personenauto","Flank","Rechte weg",30,"Brandend","Daglicht","Regen",\N,"391342010","Sluisoordlaan","Apeldoorn","Apeldoorn","Gelderland",false,52.228873,5.987143,"material damage only","4","rain",false,1,"GM0200"
"20220121842",2022,"Uitsluitend materiele schade",2,"Personenauto","e-bike","Flank","Kruispunt, 4 takken",50,"Brandend","Daglicht","Droog",\N,\N,"Haringvliet","Hoofddorp","Haarlemmermeer","Noord-Holland",false,52.312442,4.641163,"material damage only","4","clear",false,1,"GM0394"
"20220130818",2022,"Uitsluitend materiele schade",2,"Personenauto","Fiets","Flank","Kruispunt, 4 takken",50,"Niet brandend","Daglicht","Droog",\N,\N,"Rompertdreef","'s-Hertogenbosch","'s-Hertogenbosch","Noord-Brabant",false,51.712902,5.31723,"material damage only","4","clear",false,1,"GM0796"
"20220125499",2022,"Letsel",2,"Personenauto","e-bike","Flank","Kruispunt, 4 takken",50,"Niet brandend","Daglicht","Droog",\N,\N,"Prinses Marie Louiselaan","Leidschendam","Leidschendam-Voorburg","Zuid-Holland",false,52.097911,4.398199,"injury","2","clear",false,1,"GM1916"
"20220131454",2022,"Uitsluitend materiele schade",2,"Personenauto","Fiets","Flank","Rotonde",50,"Niet brandend","Daglicht","Droog",\N,\N,"Emopad","Geldrop","Geldrop-Mierlo","Noord-Brabant",false,51.415363,5.551095,"material damage only","4","clear",false,1,"GM1771"
"20220131845",2022,"Uitsluitend materiele schade",2,"Bestelauto","Fiets","Frontaal","Rotonde",50,"Niet brandend","Daglicht","Droog",\N,\N,"Schoolstraat","Someren","Someren","Noord-Brabant",false,51.39385,5.71985,"material damage only","4","clear",false,1,"GM0847"
"20220076168",2022,"Letsel",2,"Personenauto","Fiets","Flank","Rotonde",50,"Niet aanwezig","Daglicht","Droog",\N,\N,"Sprielderweg","Putten","Putten","Gelderland",false,52.25046,5.607365,"injury","2","clear",false,1,"GM0273"
"20220103318",2022,"Uitsluitend materiele schade",2,"Personenauto","e-bike","Flank","Kruispunt, 4 takken",30,"Niet brandend","Daglicht","Droog",\N,\N,"Minervalaan","Amsterdam","Amsterdam","Noord-Holland",false,52.341708,4.872848,"material damage only","4","clear",false,1,"GM0363"
"20240003993",2024,"Letsel",2,"Fiets","Fiets","Onbekend","Bocht",30,"Niet brandend","Daglicht","Droog",\N,"600581183","Borgweg","Schipborg","Aa en Hunze","Drenthe",false,53.079693,6.670376,"injury","2","clear",false,1,"GM1680"
"20220063382",2022,"Letsel",2,"Personenauto","e-bike","Onbekend","Kruispunt, 4 takken",50,"Brandend","Duisternis","Droog",\N,\N,"Aletta Jacobsstraat","Spijkenisse","Nissewaard","Zuid-Holland",false,51.838638,4.356186,"injury","2","clear",false,1,"GM1930"
"20220076579",2022,"Uitsluitend materiele schade",2,"Personenauto","Fiets","Frontaal","Kruispunt, 3 takken",30,"Niet brandend","Daglicht","Droog",\N,\N,"Prins Alexanderweg","Huis ter Heide","Zeist","Utrecht",false,52.111348,5.254922,"material damage only","4","clear",false,1,"GM0355"
"20220090400",2022,"Letsel",2,"Fiets","Bromfiets","Flank","Kruispunt, 3 takken",30,\N,"Daglicht",\N,\N,\N,"Oude Oostrumseweg","Venray","Venray","Limburg",false,51.522941,5.98264,"injury","2","unknown",false,1,"GM0984"
"20220092617",2022,"Letsel",2,"Vrachtauto","Fiets","Flank","Kruispunt, 3 takken",50,"Niet aanwezig","Daglicht","Droog",\N,\N,"Damsterdiep","Groningen","Groningen","Groningen",false,53.225626,6.593125,"injury","2","clear",false,1,"GM0014"
"20220028850",2022,"Uitsluitend materiele schade",2,"Personenauto","e-bike","Flank","Kruispunt, 4 takken",50,"Niet brandend","Daglicht","Droog",\N,\N,"Dr Poletlaan","Eindhoven","Eindhoven","Noord-Brabant",false,51.460257,5.452127,"material damage only","4","clear",false,1,"GM0772"
"20220031481",2022,"Uitsluitend materiele schade",2,"Personenauto","Fiets","Flank","Kruispunt, 4 takken",50,"Niet aanwezig","Duisternis","Droog",\N,\N,"Burg. van Grunsvenplein","Heerlen","Heerlen","Limburg",false,50.885926,5.972004,"material damage only","4","clear",false,1,"GM0917"
"20220039241",2022,"Uitsluitend materiele schade",2,"Bromfiets","Fiets","Kop/staart","Rechte weg",50,"Brandend","Duisternis","Droog",\N,"319179005","Science Park Eindhoven","Son en Breugel","Son en Breugel","Noord-Brabant",false,51.499464,5.458675,"material damage only","4","clear",false,1,"GM0848"
"20220056375",2022,"Uitsluitend materiele schade",2,"Personenauto","Fiets","Onbekend","Kruispunt, 4 takken",30,"Niet brandend","Daglicht",\N,\N,\N,"Debussystraat","Leiden","Leiden","Zuid-Holland",false,52.146866,4.470807,"material damage only","4","unknown",false,1,"GM0546"
"20220076724",2022,"Letsel",2,"Fiets","Personenauto","Flank","Kruispunt, 4 takken",50,"Niet brandend","Daglicht","Regen",\N,\N,"24 Oktoberplein","Utrecht","Utrecht","Utrecht",false,52.080936,5.090074,"injury","2","rain",false,1,"GM0344"
"20220077199",2022,"Letsel",2,"e-bike","Personenauto","Flank","Rechte weg",80,"Niet brandend","Daglicht","Droog",\N,"600946752","Woudenbergseweg","Zeist","Zeist","Utrecht",false,52.089058,5.28982,"injury","2","clear",false,1,"GM0355"
"20220079007",2022,"Uitsluitend materiele schade",2,"Bromfiets","Fiets","Onbekend","Rechte weg",50,"Niet brandend","Daglicht","Droog",\N,"227434027","Herenweg","Alkmaar","Alkmaar","Noord-Holland",false,52.640848,4.777037,"material damage only","4","clear",false,1,"GM0361"
"20220089906",2022,"Uitsluitend materiele schade",2,"Personenauto","Fiets","Frontaal","Rechte weg",30,"Niet brandend","Daglicht","Droog",\N,"320174013","Oostergostraat","Eindhoven","Eindhoven","Noord-Brabant",false,51.476513,5.460183,"material damage only","4","clear",false,1,"GM0772"
"20220089933",2022,"Uitsluitend materiele schade",2,"Snorfiets","Fiets","Flank","Kruispunt, 4 takken",\N,"Brandend","Duisternis","Droog",\N,\N,"Solmsweg","Eindhoven","Eindhoven","Noord-Brabant",false,51.430738,5.462681,"material damage only","4","clear",false,1,"GM0772"