"accident_id","year","severity_raw","party_count","party1_type","party2_type","accident_type","road_situation","speed_limit_kmh","road_lighting","light_condition_label","weather_raw","infra_type","road_segment_id","street_name","place_name","gemeente_name_raw","province","alcohol_indicated","latitude","longitude","severity_label","severity_code","weather_label","built_up_area","cyclists_involved","gemeente_code"
"20220092688",2022,"Letsel",2,"Personenauto","Fiets","Flank","Kruispunt, 3 takken",30,"Niet brandend","Daglicht","Droog",\N,\N,"Fregatstraat","Veendam","Veendam","Groningen",false,53.102863,6.859072,"injury","2","clear",false,1,"GM0047"
"20220035531",2022,"Letsel",1,"e-bike",\N,"Eenzijdig",\N,30,\N,"Daglicht",\N,\N,"223434023","Drechterwaard","Alkmaar","Alkmaar","Noord-Holland",false,52.641526,4.749945,"injury","2","unknown",false,1,"GM0361"
"20220076870",2022,"Uitsluitend materiele schade",2,"Personenauto","Fiets","Flank","Kruispunt, 4 takken",30,"Niet brandend","Daglicht","Droog",\N,\N,"Potgieterlaan","Hilversum","Hilversum","Noord-Holland",false,52.219343,5.160285,"material damage only","4","clear",false,1,"GM0402"
"20220109225",2022,"Uitsluitend materiele schade",2,"Bestelauto","Fiets","Onbekend",\N,30,\N,"Daglicht",\N,\N,"225197071","Ginnekenweg","Breda","Breda","Noord-Brabant",false,51.577226,4.780709,"material damage only","4","unknown",false,1,"GM0758"
"20220019841",2022,"Uitsluitend materiele schade",2,"Bromfiets","Fiets","Flank","Rechte weg",\N,"Niet brandend","Daglicht",\N,\N,"185351001","Schulpweg","Noordwijkerhout","Noordwijk","Zuid-Holland",false,52.264677,4.475201,"material damage only","4","unknown",false,1,"GM0575"
"20220037621",2022,"Letsel",2,"Personenauto","Fiets","Flank","Rechte weg",50,"Niet brandend","Daglicht","Droog",\N,"107177015","A58","Kapelle","Kapelle","Zeeland",false,51.476491,3.934026,"injury","2","clear",false,1,"GM0678"
"20220047892",2022,"Uitsluitend materiele schade",2,"Personenauto","e-bike","Flank","Rotonde",80,"Niet brandend","Daglicht","Droog",\N,\N,"Tatelaarweg","Didam","Montferland","Gelderland",false,51.93852,6.12111,"material damage only","4","clear",false,1,"GM1955"
"20220052403",2022,"Uitsluitend materiele schade",2,"e-bike","Personenauto","Flank","Kruispunt, 4 takken",50,"Niet brandend","Daglicht","Droog",\N,\N,"Venenlaan","Hoorn","Hoorn","Noord-Holland",false,52.643829,5.073715,"material damage only","4","clear",false,1,"GM0405"
"20220053842",2022,"Letsel",2,"Fiets","Fiets","Flank","Kruispunt, 4 takken",30,"Niet brandend","Daglicht","Droog","Brug/viaduct",\N,"Ridderstraat","Alkmaar","Alkmaar","Noord-Holland",false,52.629447,4.746901,"injury","2","clear",false,1,"GM0361"
"20220065418",2022,"Uitsluitend materiele schade",2,"Bromfiets","Fiets","Flank","Rechte weg",50,"Niet brandend","Daglicht","Droog",\N,"101182126","Westwal","Goes","Goes","Zeeland",false,51.50266,3.888035,"material damage only","4","clear",false,1,"GM0664"
"20220079914",2022,"Uitsluitend materiele schade",2,"Fiets","Voetganger","Voetganger","Rechte weg",\N,"Niet brandend","Daglicht","Droog",\N,"224491025","Schoolweg","Julianadorp","Den Helder","Noord-Holland",false,52.897554,4.75323,"material damage only","4","clear",false,1,"GM0400"
"20220110749",2022,"Letsel",2,"Personenauto","Fiets","Flank","Kruispunt, 4 takken",50,"Brandend","Schemer","Droog",\N,\N,"Ringbaan-West","Tilburg","Tilburg","Noord-Brabant",false,51.556334,5.063986,"injury","2","clear",false,1,"GM0855"
"20220035625",2022,"Letsel",3,"Personenauto","Fiets","Kop/staart","Rechte weg",50,"Brandend","Duisternis","Harde windstoten",\N,"600446790","Duinroosweg","Callantsoog","Schagen","Noord-Holland",true,52.837696,4.699976,"injury","2","unknown",false,1,"GM0441"
"20220055298",2022,"Uitsluitend materiele schade",2,"Personenauto","Fiets","Onbekend",\N,30,\N,"Daglicht",\N,\N,"600437972","Teugel","Weert","Weert","Limburg",false,51.268582,5.708361,"material damage only","4","unknown",false,1,"GM0988"
"20220062413",2022,"Letsel",3,"Personenauto","e-bike","Geparkeerd voertuig","Rechte weg",30,"Brandend","Duisternis","Droog","Parkeervoorziening","185275035","Binnenrotte","Rotterdam","Rotterdam","Zuid-Holland",false,51.924354,4.482312,"injury","2","clear",false,1,"GM0599"
"20220070164",2022,"Uitsluitend materiele schade",2,"Motor","Fiets","Frontaal","Rotonde",50,"Niet brandend","Daglicht","Droog",\N,\N,"Burg Höppenerlaan","Roermond","Roermond","Limburg",false,51.185946,5.980854,"material damage only","4","clear",false,1,"GM0957"
"20220112448",2022,"Letsel",2,"Bestelauto","Fiets","Flank","Rechte weg",80,"Niet aanwezig","Daglicht","Droog",\N,"299188001","Oude Grintweg","Oirschot","Oirschot","Noord-Brabant",false,51.531343,5.313079,"injury","2","clear",false,1,"GM0823"
"20220009733",2022,"Uitsluitend materiele schade",2,"Snorfiets","e-bike","Flank","Rechte weg",50,"Niet brandend","Daglicht","Droog",\N,"600548016","Boompjesgoed","Veenendaal","Veenendaal","Utrecht",false,52.022968,5.557846,"material damage only","4","clear",false,1,"GM0345"
"20220013805",2022,"Uitsluitend materiele schade",2,"Bestelauto","Fiets","Flank","Kruispunt, 3 takken",30,"Niet brandend","Daglicht","Droog",\N,\N,"Zesstedenweg","Grootebroek","Stede Broec","Noord-Holland",false,52.697423,5.231353,"material damage only","4","clear",false,1,"GM0532"
"20220037804",2022,"Uitsluitend materiele schade",2,"Personenauto","Fiets","Flank","Rotonde",50,"Niet brandend","Schemer","Droog",\N,\N,"Marshallweg","Rotterdam","Rotterdam","Zuid-Holland",false,51.9588,4.544495,"material damage only","4","clear",false,1,"GM0599"
"20220050932",2022,"Letsel",2,"Personenauto","Fiets","Flank","Kruispunt, 4 takken",30,"Niet brandend","Daglicht","Droog",\N,\N,"Rotterdamweg","Almere","Almere","Flevoland",false,52.36157,5.20514,"injury","2","clear",false,1,"GM0034"
"20220071862",2022,"Uitsluitend materiele schade",2,"Fiets","Personenauto","Flank","Kruispunt, 4 takken",50,"Brandend","Duisternis","Droog",\N,\N,"Van Iddekingeweg","Groningen","Groningen","Groningen",false,53.199012,6.579492,"material damage only","4","clear",false,1,"GM0014"
"20220079360",2022,"Letsel",2,"Personenauto","e-bike","Flank","Rotonde",\N,"Niet brandend","Daglicht","Droog",\N,\N,"De Weel","Hoorn","Hoorn","Noord-Holland",false,52.638813,5.034147,"injury","2","clear",false,1,"GM0405"
"20220017434",2022,"Uitsluitend materiele schade",2,"Personenauto","Fiets","Kop/staart","Kruispunt, 4 takken",50,"Niet brandend","Daglicht","Droog",\N,\N,"Floralaan","Oegstgeest","Oegstgeest","Zuid-Holland",false,52.18742,4.47152,"material damage only","4","clear",false,1,"GM0579"
"20220017522",2022,"Uitsluitend materiele schade",3,"Personenauto","Fiets","Onbekend","Kruispunt, 3 takken",50,"Brandend","Duisternis",\N,\N,\N,"Plaswijckweg","Gouda","Gouda","Zuid-Holland",false,52.032043,4.701678,"material damage only","4","unknown",false,1,"GM0513"
"20220041745",2022,"Uitsluitend materiele schade",2,"Personenauto","Fiets","Flank","Kruispunt, 4 takken",30,"Niet brandend","Daglicht","Droog",\N,\N,"Prins Bernhardlaan","Joure","De Fryske Marren","Friesland",false,52.960508,5.796441,"material damage only","4","clear",false,1,"GM1940"
"20220055502",2022,"Uitsluitend materiele schade",2,"Fiets","Personenauto","Flank","Kruispunt, 4 takken",50,"Brandend","Duisternis","Droog",\N,\N,"Lijnbaansgracht","Amsterdam","Amsterdam","Noord-Holland",false,52.373967,4.877066,"material damage only","4","clear",false,1,"GM0363"
"20220062589",2022,"Letsel",2,"Fiets","Fiets","Frontaal","Rechte weg",\N,"Brandend","Duisternis","Droog",\N,"210250051","Steenstraat","Dordrecht","Dordrecht","Zuid-Holland",false,51.814616,4.669067,"injury","2","clear",false,1,"GM0505"
"20220065718",2022,"Uitsluitend materiele schade",1,"Fiets",\N,"Onbekend","Kruispunt, 4 takken",\N,"Niet brandend","Daglicht","Droog",\N,\N,"Hagelkruisstraat","Tilburg","Tilburg","Noord-Brabant",false,51.559477,5.068048,"material damage only","4","clear",false,1,"GM0855"
"20220067339",2022,"Uitsluitend materiele schade",2,"Personenauto","Fiets","Los voorwerp","Kruispunt, 4 takken",30,"Niet aanwezig","Daglicht","Droog",\N,\N,"van Cuijkstraat","Valkenswaard","Valkenswaard","Noord-Brabant",false,51.353623,5.471161,"material damage only","4","clear",false,1,"GM0858"
"20220104942",2022,"Letsel",2,"Trein/tram","Fiets","Flank","Kruispunt, 4 takken",50,"Niet brandend","Daglicht","Droog",\N,\N,"Oranjepolderhof","'s-Gravenhage","'s-Gravenhage","Zuid-Holland",false,52.056196,4.404484,"injury","2","clear",false,1,"GM0518"
"20220105086",2022,"Uitsluitend materiele schade",2,"Personenauto","Fiets","Flank","Rechte weg",30,"Niet brandend","Daglicht","Droog",\N,\N,"Laan Hofrust","Rijswijk","Rijswijk","Zuid-Holland",false,52.057622,4.337009,"material damage only","4","clear",false,1,\N
"20220105403",2022,"Uitsluitend materiele schade",2,"Bestelauto","Fiets","Flank","Bocht",50,"Niet brandend","Daglicht","Droog",\N,"600379388","Hobbemaplein","'s-Gravenhage","'s-Gravenhage","Zuid-Holland",false,52.06676,4.29646,"material damage only","4","clear",false,1,"GM0518"
"20220025727",2022,"Letsel",2,"Fiets","Overig vast object","Vast voorwerp","Rechte weg",30,"Niet brandend","Daglicht","Droog",\N,"65182095","Kleverskerkseweg","Middelburg","Middelburg","Zeeland",false,51.498255,3.628448,"injury","2","clear",false,1,\N
"20220034102",2022,"Letsel",2,"Vrachtauto","Fiets","Onbekend","Kruispunt, 3 takken",50,"Niet brandend","Daglicht","Droog",\N,\N,"Tubantiasingel","Enschede","Enschede","Overijssel",false,52.225602,6.87937,"injury","2","clear",false,1,"GM0153"
"20220054112",2022,"Letsel",2,"Fiets","Fiets","Onbekend","Bocht",50,"Brandend","Duisternis","Droog",\N,"600408309","Houtmankade","Amsterdam","Amsterdam","Noord-Holland",false,52.385988,4.882707,"injury","2","clear",false,1,"GM0363"
"20220065741",2022,"Uitsluitend materiele schade",2,"Fiets","Personenauto","Flank","Kruispunt, 3 takken",50,"Niet brandend","Daglicht","Droog",\N,\N,"Wildertstraat","Oud Gastel","Halderberge","Noord-Brabant",false,51.589457,4.507938,"material damage only","4","clear",false,1,"GM1655"
"20220079532",2022,"Letsel",2,"Personenauto","Fiets","Flank","Rechte weg",60,"Niet brandend","Daglicht","Droog",\N,"216411018","Uitgeesterweg","Uitgeest","Uitgeest","Noord-Holland",false,52.535609,4.695976,"injury","2","clear",false,1,"GM0450"
"20220081208",2022,"Letsel",2,"Personenauto","Fiets","Flank","Kruispunt, 3 takken",30,"Niet brandend","Daglicht","Droog",\N,\N,"Klaprozenweg","Amsterdam","Amsterdam","Noord-Holland",false,52.399835,4.904115,"injury","2","clear",false,1,"GM0363"
"20220084075",2022,"Uitsluitend materiele schade",2,"Personenauto","Fiets","Los voorwerp","Rotonde",50,"Niet brandend","Daglicht","Droog",\N,\N,"Buytenparklaan","Zoetermeer","Zoetermeer","Zuid-Holland",false,52.067829,4.458439,"material damage only","4","clear",false,1,"GM0637"
"20220094430",2022,"Uitsluitend materiele schade",2,"Personenauto","Fiets","Flank","Kruispunt, 3 takken",50,"Brandend","Duisternis","Droog",\N,\N,"IJpenbroekweg","Nijmegen","Nijmegen","Gelderland",false,51.834061,5.797592,"material damage only","4","clear",false,1,"GM0268"
"20220105149",2022,"Letsel",1,"Fiets",\N,"Eenzijdig",\N,30,\N,"Daglicht",\N,\N,"167295076","Spoorsingel","Delft","Delft","Zuid-Holland",false,52.014552,4.350015,"injury","2","unknown",false,1,"GM0503"
"20220105917",2022,"Letsel",1,"e-bike",\N,"Eenzijdig","Bocht",\N,"Niet brandend","Daglicht","Droog",\N,"600450124","Rijwielpad Vlaggeduin","Katwijk","Katwijk","Zuid-Holland",false,52.195958,4.400727,"injury","2","clear",false,1,"GM0537"
"20220043551",2022,"Uitsluitend materiele schade",2,"Personenauto","Fiets","Flank","Rechte weg",30,"Niet brandend","Daglicht","Droog",\N,"475343023","Oude Haaksbergerweg","Goor","Hof van Twente","Overijssel",false,52.229728,6.600596,"material damage only","4","clear",false,1,"GM1735"
"20220083269",2022,"Uitsluitend materiele schade",2,"Snorfiets","Fiets","Flank","Kruispunt, 3 takken",30,"Niet brandend","Daglicht","Droog",\N,\N,"Zeeweg","Katwijk","Katwijk","Zuid-Holland",false,52.198951,4.417496,"material damage only","4","clear",false,1,"GM0537"
"20220106733",2022,"Uitsluitend materiele schade",3,"Fiets","Fiets","Onbekend","Rechte weg",50,"Niet brandend","Daglicht","Droog",\N,"600360288","Kouwenaardseweg","Hoogvliet Rotterdam","Rotterdam","Zuid-Holland",false,51.860096,4.364892,"material damage only","4","clear",false,1,"GM0599"
"20220094903",2022,"Letsel",3,"Landbouwvoertuig","Fiets","Onbekend","Rechte weg",50,"Niet brandend","Daglicht","Droog",\N,"477383007","Westeinde","Vriezenveen","Twenterand","Overijssel",false,52.409422,6.617246,"injury","2","clear",false,1,"GM1700"
"20220043705",2022,"Uitsluitend materiele schade",2,"Bestelauto","e-bike","Flank","Kruispunt, 4 takken",30,"Niet brandend","Daglicht","Droog",\N,\N,"Paalweg","Heino","Raalte","Overijssel",false,52.435008,6.236638,"material damage only","4","clear",false,1,"GM0177"
"20220051209",2022,"Uitsluitend materiele schade",2,"Personenauto","Fiets","Flank","Kruispunt, 4 takken",50,"Niet brandend","Daglicht",\N,\N,\N,"Zuidwijkring","Heerhugowaard","Dijk en Waard","Noord-Holland",false,52.649637,4.82532,"material damage only","4","unknown",false,1,"GM1980"
"20220054372",2022,"Uitsluitend materiele schade",2,"Personenauto","Fiets","Frontaal","Kruispunt, 3 takken",30,"Niet brandend","Duisternis","Droog",\N,\N,"Barbara Strozzilaan","Amsterdam","Amsterdam","Noord-Holland",false,52.336074,4.887113,"material damage only","4","clear",false,1,"GM0363"
"20220055682",2022,"Uitsluitend materiele schade",2,"Personenauto","Fiets","Onbekend","Kruispunt, 4 takken",50,"Brandend","Duisternis","Droog",\N,\N,"Weesperstraat","Amsterdam","Amsterdam","Noord-Holland",false,52.361286,4.90799,"material damage only","4","clear",false,1,"GM0363"
"20220058719",2022,"Letsel",1,"Fiets",\N,"Eenzijdig",\N,30,\N,"Daglicht",\N,\N,"219322003","Stationsweg","Aarlanderveen","Alphen aan den Rijn","Zuid-Holland",false,52.139716,4.727519,"injury","2","unknown",false,1,"GM0484"
"20220084166",2022,"Letsel",3,"Scootmobiel","Fiets","Onbekend","Bocht",15,"Niet brandend","Daglicht","Droog",\N,"165291073","Strawinskylaan","Delft","Delft","Zuid-Holland",false,51.993738,4.335241,"injury","2","clear",false,1,"GM0503"
"20220084167",2022,"Letsel",1,"e-bike",\N,"Eenzijdig","Kruispunt, 4 takken",\N,"Niet brandend","Daglicht","Droog",\N,\N,"Hoflaan","'s-Gravenzande","Westland","Zuid-Holland",false,52.005453,4.169352,"injury","2","clear",false,1,"GM1783"
"20220084223",2022,"Letsel",1,"Fiets",\N,"Eenzijdig",\N,50,\N,"Daglicht",\N,\N,"160310005","Zoutmanstraat","'s-Gravenhage","'s-Gravenhage","Zuid-Holland",false,52.08148,4.29567,"injury","2","unknown",false,1,"GM0518"
"20220045756",2022,"Uitsluitend materiele schade",1,"Fiets",\N,"Flank","Rechte weg",50,"Niet brandend","Daglicht","Droog",\N,\N,"Enschedesestraat","Hengelo","Hengelo (O)","Overijssel",false,52.253052,6.818335,"material damage only","4","clear",false,1,\N
"20220054482",2022,"Letsel",2,"Snorfiets","Fiets","Flank","Kruispunt, 4 takken",50,"Brandend","Duisternis","Droog",\N,\N,"Piet Heinkade","Amsterdam","Amsterdam","Noord-Holland",false,52.376799,4.918466,"injury","2","clear",false,1,"GM0363"
"20220082498",2022,"Letsel",2,"Bestelauto","Fiets","Flank","Kruispunt, 4 takken",50,"Niet brandend","Daglicht","Droog",\N,\N,"Waldeck Pyrmontkade","'s-Gravenhage","'s-Gravenhage","Zuid-Holland",false,52.08446,4.284334,"injury","2","clear",false,1,"GM0518"
"20220097399",2022,"Letsel",2,"Snorfiets","Fiets","Frontaal","Rechte weg",30,"Niet brandend","Daglicht","Droog",\N,"600832000","Griftdijk","Nijmegen","Nijmegen","Gelderland",true,51.875292,5.850562,"injury","2","clear",false,1,"GM0268"
"20220073562",2022,"Uitsluitend materiele schade",2,"Personenauto","Fiets","Flank","Kruispunt, 3 takken",30,"Niet brandend","Daglicht","Droog",\N,\N,"Terborgseweg","Doetinchem","Doetinchem","Gelderland",false,51.959562,6.295437,"material damage only","4","clear",false,1,"GM0222"
"20220034709",2022,"Letsel",2,"Personenauto","e-bike","Flank","Kruispunt, 3 takken",30,"Niet brandend","Daglicht","Droog",\N,\N,"Laarderweg","Eemnes","Eemnes","Utrecht",false,52.253037,5.262772,"injury","2","clear",false,1,"GM0317"
"20220099278",2022,"Uitsluitend materiele schade",2,"Personenauto","Fiets","Flank","Kruispunt, 3 takken",30,"Brandend","Schemer","Droog",\N,\N,"Wijde Begijnestraat","Utrecht","Utrecht","Utrecht",false,52.096245,5.121904,"material damage only","4","clear",false,1,"GM0344"
"20220099354",2022,"Uitsluitend materiele schade",2,"Snorfiets","Fiets","Flank","Kruispunt, 4 takken",\N,"Niet brandend","Daglicht","Droog",\N,\N,"Schapenkamp","Hilversum","Hilversum","Noord-Holland",false,52.226003,5.179947,"material damage only","4","clear",false,1,"GM0402"
"20220101146",2022,"Letsel",1,"Fiets",\N,"Eenzijdig","Rechte weg",30,"Brandend","Duisternis","Droog",\N,"225490009","Zuiderhaaks","Julianadorp","Den Helder","Noord-Holland",false,52.890941,4.755808,"injury","2","clear",false,1,"GM0400"
"20220101491",2022,"Letsel",3,"e-bike","Voetganger","Voetganger","Kruispunt, 4 takken",50,"Niet brandend","Daglicht","Droog",\N,\N,"Leidsevaart","Haarlem","Haarlem","Noord-Holland",false,52.37787,4.624385,"injury","2","clear",false,1,"GM0392"
"20220101838",2022,"Letsel",2,"Personenauto","e-bike","Flank","Rotonde",50,"Niet brandend","Daglicht","Regen",\N,\N,"Guisweg","Koog aan de Zaan","Zaanstad","Noord-Holland",false,52.462432,4.795859,"injury","2","rain",false,1,"GM0479"
"20220101849",2022,"Letsel",3,"Personenauto","Fiets","Onbekend","Bocht",50,"Niet brandend","Daglicht","Droog",\N,"600547075","Kruisweg","Schiphol-Rijk","Haarlemmermeer","Noord-Holland",false,52.278425,4.743373,"injury","2","clear",false,1,"GM0394"
"20220102754",2022,"Letsel",2,"Personenauto","Fiets","Flank","Kruispunt, 4 takken",30,"Niet brandend","Daglicht","Droog",\N,\N,"Lodewijk van Deysselstr","Amsterdam","Amsterdam","Noord-Holland",false,52.377102,4.819361,"injury","2","clear",false,1,"GM0363"
"20220102825",2022,"Letsel",2,"Fiets","Fiets","Flank","Kruispunt, 4 takken",30,"Niet brandend","Daglicht","Droog",\N,\N,"Laurierstraat","Amsterdam","Amsterdam","Noord-Holland",false,52.371748,4.879153,"injury","2","clear",false,1,"GM0363"
"20220021036",2022,"Letsel",2,"Personenauto","Fiets","Flank","Kruispunt, 4 takken",50,"Brandend","Duisternis",\N,\N,\N,"Grote Markt","Schiedam","Schiedam","Zuid-Holland",false,51.918133,4.398596,"injury","2","unknown",false,1,"GM0606"
"20220045877",2022,"Letsel",2,"Personenauto","Fiets","Flank","Kruispunt, 4 takken",60,"Niet brandend","Daglicht","Droog",\N,\N,"Hessenweg","Ede","Ede","Gelderland",false,52.049124,5.708546,"injury","2","clear",false,1,"GM0228"
"20220051675",2022,"Uitsluitend materiele schade",2,"Bus","e-bike","Flank","Kruispunt, 3 takken",50,"Niet brandend","Schemer","Droog",\N,\N,"De Weer","Zaandam","Zaanstad","Noord-Holland",false,52.453902,4.838942,"material damage only","4","clear",false,1,"GM0479"
"20220087021",2022,"Uitsluitend materiele schade",2,"Fiets","Fiets","Flank","Kruispunt, 3 takken",50,"Niet brandend","Daglicht","Droog",\N,\N,"EMERTUNNEL","Breda","Breda","Noord-Brabant",false,51.599107,4.749505,"material damage only","4","clear",false,1,"GM0758"
"20220099710",2022,"Letsel",2,"Bromfiets","Fiets","Onbekend","Rechte weg",\N,"Niet brandend","Daglicht",\N,\N,"600515965","Noordstedeweg","Nieuwegein","Nieuwegein","Utrecht",false,52.031255,5.075916,"injury","2","unknown",false,1,"GM0356"
"20220101570",2022,"Letsel",2,"Personenauto","Fiets","Flank","Kruispunt, 3 takken",50,"Niet brandend","Daglicht","Droog",\N,\N,"Van Merlenlaan","Heemstede","Heemstede","Noord-Holland",false,52.348457,4.610007,"injury","2","clear",false,1,"GM0397"
"20220102369",2022,"Uitsluitend materiele schade",2,"Personenauto","Fiets","Flank","Kruispunt, 3 takken",50,"Niet brandend","Daglicht","Droog",\N,\N,"Meer en Vaart","Amsterdam","Amsterdam","Noord-Holland",false,52.35657,4.809059,"material damage only","4","clear",false,1,"GM0363"
"20220102580",2022,"Letsel",2,"Bromfiets","Fiets","Flank","Kruispunt, 4 takken",50,"Niet brandend","Daglicht","Droog",\N,\N,"1e C Huygensstr","Amsterdam","Amsterdam","Noord-Holland",false,52.361876,4.875808,"injury","2","clear",false,1,"GM0363"
"20220102585",2022,"Letsel",2,"Bromfiets","Fiets","Frontaal","Rechte weg",30,"Brandend","Duisternis","Droog","Tunnel","263360016","Stationsplein","Weesp","Amsterdam","Noord-Holland",false,52.311264,5.044563,"injury","2","clear",false,1,"GM0363"
"20220102630",2022,"Letsel",2,"Fiets","Fiets","Flank","Kruispunt, 3 takken",\N,"Niet brandend","Daglicht","Droog",\N,\N,"Buiksloterdijk","Amsterdam","Amsterdam","Noord-Holland",false,52.396372,4.923326,"injury","2","clear",false,1,"GM0363"
"20220102887",2022,"Uitsluitend materiele schade",2,"Personenauto","Fiets","Flank","Kruispunt, 4 takken",50,"Niet brandend","Daglicht","Droog",\N,\N,"Jan van Galenstraat","Amsterdam","Amsterdam","Noord-Holland",false,52.374693,4.858493,"material damage only","4","clear",false,1,"GM0363"
"20220103184",2022,"Uitsluitend materiele schade",2,"Personenauto","Fiets","Flank","Kruispunt, 4 takken",50,"Brandend","Duisternis","Droog",\N,\N,"Wibautstraat","Amsterdam","Amsterdam","Noord-Holland",false,52.356403,4.910977,"material damage only","4","clear",false,1,"GM0363"
"20220104290",2022,"Letsel",1,"Fiets",\N,"Eenzijdig","Rechte weg",30,"Niet brandend","Daglicht","Droog",\N,"173336049","Boulevard","Katwijk","Katwijk","Zuid-Holland",false,52.196677,4.386363,"injury","2","clear",false,1,"GM0537"
"20220104314",2022,"Letsel",3,"Personenauto","Fiets","Onbekend","Rechte weg",50,"Niet brandend","Daglicht","Droog",\N,"600106124","Duinstraat","'s-Gravenhage","'s-Gravenhage","Zuid-Holland",false,52.101592,4.275154,"injury","2","clear",false,1,"GM0518"
"20220067951",2022,"Uitsluitend materiele schade",2,"Personenauto","Fiets","Flank","Kruispunt, 3 takken",50,"Niet brandend","Daglicht","Droog",\N,\N,"Nachtegaallaan","Helmond","Helmond","Noord-Brabant",false,51.497103,5.665889,"material damage only","4","clear",false,1,"GM0794"
"20220072980",2022,"Uitsluitend materiele schade",2,"Personenauto","Fiets","Geparkeerd voertuig","Bocht",15,"Niet brandend","Daglicht","Droog","Parkeervoorziening","390335041","Kayersdijk","Apeldoorn","Apeldoorn","Gelderland",false,52.19579,5.978145,"material damage only","4","clear",false,1,"GM0200"
"20220101316",2022,"Uitsluitend materiele schade",2,"Fiets","Personenauto","Flank","Bocht",30,"Niet brandend","Daglicht","Droog",\N,"600750522","Spaarndammerweg","Halfweg","Haarlemmermeer","Noord-Holland",false,52.387091,4.74418,"material damage only","4","clear",false,1,"GM0394"
"20220102668",2022,"Uitsluitend materiele schade",2,"Personenauto","Fiets","Flank","Kruispunt, 4 takken",50,"Niet brandend","Daglicht","Droog",\N,\N,"Maxwellstraat","Amsterdam","Amsterdam","Noord-Holland",false,52.345025,4.933172,"material damage only","4","clear",false,1,"GM0363"
"20220102948",2022,"Letsel",3,"Personenauto","Fiets","Onbekend","Kruispunt, 4 takken",50,"Niet brandend","Daglicht","Droog",\N,\N,"Kruislaan","Amsterdam","Amsterdam","Noord-Holland",false,52.348521,4.941766,"injury","2","clear",false,1,"GM0363"
"20220033218",2022,"Uitsluitend materiele schade",2,"Bromfiets","Fiets","Flank","Kruispunt, 3 takken",\N,"Niet brandend","Daglicht","Droog",\N,\N,"Boulevard 1945","Enschede","Enschede","Overijssel",false,52.217095,6.900472,"material damage only","4","clear",false,1,"GM0153"
"20220038872",2022,"Uitsluitend materiele schade",2,"Personenauto","e-bike","Flank","Kruispunt, 3 takken",60,"Niet brandend","Daglicht","Droog",\N,\N,"Hendrik Jan IJpenbergln","Elsendorp","Gemert-Bakel","Noord-Brabant",false,51.567515,5.77545,"material damage only","4","clear",false,1,"GM1652"
"20220040961",2022,"Uitsluitend materiele schade",2,"Bromfiets","Fiets","Flank","Rechte weg",30,"Brandend","Schemer","Droog",\N,\N,"Zuiderpoort","Assen","Assen","Drenthe",false,52.999333,6.513468,"material damage only","4","clear",false,1,"GM0106"
"20220053401",2022,"Letsel",2,"Personenauto","Fiets","Flank","Kruispunt, 4 takken",50,"Niet brandend","Daglicht","Droog",\N,\N,"Marijkelaan","Bergen (NH)","Bergen (NH)","Noord-Holland",false,52.670041,4.709439,"injury","2","clear",false,1,\N
"20220063227",2022,"Letsel",2,"Fiets","Snorfiets","Frontaal","Rechte weg",\N,"Niet brandend","Daglicht","Droog",\N,"600710886","Rijksstraatweg","Hellevoetsluis","Voorne aan Zee","Zuid-Holland",false,51.837289,4.133565,"injury","2","clear",false,1,"GM1992"
"20220103018",2022,"Letsel",2,"Personenauto","Fiets","Flank","Kruispunt, 4 takken",50,"Niet brandend","Daglicht","Droog",\N,\N,"Molenvlietweg","Aalsmeer","Aalsmeer","Noord-Holland",false,52.265404,4.778205,"injury","2","clear",false,1,"GM0358"
"20220107636",2022,"Letsel",3,"Snorfiets","Fiets","Frontaal","Bocht",\N,"Niet brandend","Daglicht","Droog",\N,"600558859","FIETSPAD","Rotterdam","Rotterdam","Zuid-Holland",false,51.947821,4.566378,"injury","2","clear",false,1,"GM0599"
"20220111122",2022,"Letsel",2,"Fiets","Overig vast object","Vast voorwerp","Rechte weg",50,"Niet brandend","Daglicht","Droog",\N,"600163900","Bosscheweg","Den Dungen","Sint-Michielsgestel","Noord-Brabant",false,51.669704,5.362133,"injury","2","clear",false,1,"GM0845"
"20220075090",2022,"Letsel",2,"Fiets","Fiets","Flank","Rechte weg",60,"Niet brandend","Daglicht","Droog",\N,"395289002","Bandijk","Lathum","Zevenaar","Gelderland",false,51.988975,6.015348,"injury","2","clear",false,1,"GM0299"
"20220075849",2022,"Uitsluitend materiele schade",2,"Bromfiets","e-bike","Flank","Rechte weg",30,"Niet brandend","Daglicht","Droog",\N,"600588513","FIETSPAD","Zwolle","Zwolle","Overijssel",false,52.517671,6.07939,"material damage only","4","clear",false,1,"GM0193"
"20220046163",2022,"Uitsluitend materiele schade",2,"Personenauto","Fiets","Flank","Kruispunt, 3 takken",50,"Niet brandend","Daglicht","Droog",\N,\N,"De Bovenkruier","Apeldoorn","Apeldoorn","Gelderland",false,52.2335,5.986918,"material damage only","4","clear",false,1,"GM0200"
"20220053488",2022,"Uitsluitend materiele schade",2,"Personenauto","Fiets","Flank","Kruispunt, 4 takken",50,"Niet brandend","Daglicht","Droog",\N,"210392031","Rijksweg","Santpoort-Noord","Velsen","Noord-Holland",false,52.451772,4.654518,"material damage only","4","clear",false,1,"GM0453"