"accident_id","year","severity_raw","party_count","party1_type","party2_type","accident_type","road_situation","speed_limit_kmh","road_lighting","light_condition_label","weather_raw","infra_type","road_segment_id","street_name","place_name","gemeente_name_raw","province","alcohol_indicated","latitude","longitude","severity_label","severity_code","weather_label","built_up_area","cyclists_involved","gemeente_code"
"20220056241",2022,"Uitsluitend materiele schade",5,"Personenauto","Fiets","Vast voorwerp","Rechte weg",50,"Brandend","Duisternis","Droog",\N,"206337063","Alkemadelaan","Roelofarendsveen","Kaag en Braassem","Zuid-Holland",false,52.204025,4.631158,"material damage only","4","clear",false,1,"GM1884"
"20220056304",2022,"Letsel",2,"Fiets","Fiets","Kop/staart","Rechte weg",50,"Niet brandend","Daglicht",\N,\N,"165312042","Bezuidenhoutseweg","'s-Gravenhage","'s-Gravenhage","Zuid-Holland",false,52.088778,4.33661,"injury","2","unknown",false,1,"GM0518"
"20220060226",2022,"Letsel",2,"Fiets","Fiets","Flank","Rechte weg",50,"Brandend","Schemer","Regen",\N,"163312086","Wassenaarseweg","'s-Gravenhage","'s-Gravenhage","Zuid-Holland",false,52.091679,4.317699,"injury","2","rain",false,1,"GM0518"
"20220111451",2022,"Uitsluitend materiele schade",1,"Fiets",\N,"Onbekend",\N,60,"Niet brandend","Daglicht",\N,\N,"297180017","Hekdam","Oirschot","Oirschot","Noord-Brabant",false,51.500186,5.29552,"material damage only","4","unknown",false,1,"GM0823"
"20220113019",2022,"Uitsluitend materiele schade",2,"Vrachtauto","Fiets","Onbekend","Kruispunt, 4 takken",\N,"Niet brandend","Daglicht","Droog",\N,\N,"Dr. Nolenslaan","Sittard","Sittard-Geleen","Limburg",false,51.018749,5.865609,"material damage only","4","clear",false,1,"GM1883"
"20220046272",2022,"Uitsluitend materiele schade",2,"Fiets","Fiets","Flank","Rechte weg",30,"Niet brandend","Daglicht","Droog",\N,\N,"Michelangelostraat","Lent","Nijmegen","Gelderland",false,51.866165,5.849508,"material damage only","4","clear",false,1,"GM0268"
"20220050543",2022,"Uitsluitend materiele schade",2,"Personenauto","Fiets","Flank","Rotonde",50,"Niet brandend","Daglicht","Droog",\N,\N,"Nagelerweg","Emmeloord","Noordoostpolder","Flevoland",false,52.700993,5.756927,"material damage only","4","clear",false,1,"GM0171"
"20230000570",2023,"Uitsluitend materiele schade",2,"Fiets","e-bike","Flank","Kruispunt, 4 takken",30,"Niet brandend","Daglicht","Droog",\N,\N,"Jansbuitensingel","Arnhem","Arnhem","Gelderland",false,51.984413,5.905995,"material damage only","4","clear",false,1,"GM0202"
"20230000928",2023,"Uitsluitend materiele schade",2,"Fiets","Lichtmast","Vast voorwerp","Rechte weg",30,"Niet brandend","Daglicht","Droog","Tankstation","456426036","De Prunus","Dedemsvaart","Hardenberg","Overijssel",false,52.602389,6.471272,"material damage only","4","clear",false,1,"GM0160"
"20230001717",2023,"Letsel",2,"Personenauto","Fiets","Flank","Kruispunt, 4 takken",50,"Niet brandend","Daglicht","Droog",\N,\N,"Landschaplaan","Emmen","Emmen","Drenthe",false,52.779239,6.919931,"injury","2","clear",false,1,"GM0114"
"20230002625",2023,"Uitsluitend materiele schade",2,"Personenauto","Fiets","Flank","Rechte weg",50,"Niet brandend","Daglicht","Droog",\N,"600794714","Zevenhuizerstraat","Hoogland","Amersfoort","Utrecht",false,52.193402,5.381372,"material damage only","4","clear",false,1,"GM0307"
"20230104634",2023,"Uitsluitend materiele schade",2,"Personenauto","Fiets","Onbekend",\N,50,\N,"Daglicht",\N,\N,"468561050","Hereweg","Groningen","Groningen","Groningen",false,53.208181,6.572701,"material damage only","4","unknown",false,1,"GM0014"
"20230000946",2023,"Letsel",2,"Personenauto","Fiets","Frontaal","Kruispunt, 4 takken",30,"Brandend","Duisternis","Droog",\N,\N,"Meeuwerderweg","Groningen","Groningen","Groningen",false,53.210337,6.579847,"injury","2","clear",false,1,"GM0014"
"20230008060",2023,"Letsel",3,"Personenauto","Fiets","Onbekend","Rechte weg",60,"Niet aanwezig","Daglicht","Droog",\N,"600708507","Ringdijk","Scharendijke","Schouwen-Duiveland","Zeeland",false,51.721136,3.871243,"injury","2","clear",false,1,"GM1676"
"20230010680",2023,"Letsel",2,"Personenauto","e-bike","Frontaal","Rotonde",50,"Brandend","Duisternis","Droog",\N,\N,"Maatlanden","Roden","Noordenveld","Drenthe",false,53.140872,6.411314,"injury","2","clear",false,1,"GM1699"
"20230084161",2023,"Letsel",1,"Fiets",\N,"Eenzijdig",\N,\N,\N,"Daglicht",\N,\N,"229451002","Voorburggracht","Oudkarspel","Dijk en Waard","Noord-Holland",false,52.719582,4.79596,"injury","2","unknown",false,1,"GM1980"
"20230011135",2023,"Letsel",2,"Personenauto","Fiets","Flank","Kruispunt, 4 takken",50,"Brandend","Duisternis","Droog",\N,\N,"Twekkelerweg","Hengelo","Hengelo (O)","Overijssel",false,52.25108,6.800697,"injury","2","clear",false,1,\N
"20230011374",2023,"Letsel",2,"Personenauto","Fiets","Flank","Kruispunt, 3 takken",50,"Brandend","Duisternis","Droog",\N,\N,"Hoge Dries","Apeldoorn","Apeldoorn","Gelderland",false,52.204436,5.958313,"injury","2","clear",false,1,"GM0200"
"20230011398",2023,"Uitsluitend materiele schade",2,"Personenauto","Fiets","Flank","Kruispunt, 4 takken",30,"Niet brandend","Daglicht","Regen",\N,\N,"Zaaierstraat","Enschede","Enschede","Overijssel",false,52.210774,6.866723,"material damage only","4","rain",false,1,"GM0153"
"20230013470",2023,"Uitsluitend materiele schade",1,"Fiets",\N,"Onbekend",\N,50,\N,"Daglicht",\N,\N,\N,"J.C. Kapteynlaan","Groningen","Groningen","Groningen",false,53.229596,6.567469,"material damage only","4","unknown",false,1,"GM0014"
"20230000460",2023,"Uitsluitend materiele schade",2,"Bromfiets","Fiets","Flank","Rechte weg",50,"Niet brandend","Daglicht","Regen",\N,"347300050","Waterloweg","Ede","Ede","Gelderland",false,52.042323,5.661251,"material damage only","4","rain",false,1,"GM0228"
"20230000785",2023,"Letsel",2,"Fiets","Personenauto","Kop/staart","Rechte weg",30,"Brandend","Duisternis","Droog",\N,"291249031","Boschstraat","Zaltbommel","Zaltbommel","Gelderland",false,51.810712,5.250971,"injury","2","clear",false,1,"GM0297"
"20230009979",2023,"Uitsluitend materiele schade",2,"Fiets","Personenauto","Flank","Kruispunt, 4 takken",30,"Niet brandend","Schemer","Droog",\N,\N,"Molenkrite","Sneek","Súdwest-Fryslân","Friesland",false,53.01972,5.65029,"material damage only","4","clear",false,1,"GM1900"
"20230001549",2023,"Letsel",1,"Fiets",\N,"Eenzijdig","Rechte weg",30,"Niet brandend","Daglicht","Droog",\N,"600973324","Brailleweg","Groningen","Groningen","Groningen",false,53.201369,6.564263,"injury","2","clear",false,1,"GM0014"
"20230005292",2023,"Letsel",2,"Bestelauto","Fiets","Eenzijdig","Rechte weg",60,"Niet brandend","Daglicht","Droog",\N,"204276009","IJsseldijk-West","Ouderkerk aan den IJssel","Krimpenerwaard","Zuid-Holland",false,51.931556,4.622313,"injury","2","clear",false,1,"GM1931"
"20230005555",2023,"Letsel",2,"Fiets","Overig vast object","Vast voorwerp","Rechte weg",50,"Niet brandend","Daglicht","Droog",\N,"600584685","Ammunitiehaven","'s-Gravenhage","'s-Gravenhage","Zuid-Holland",false,52.077256,4.320731,"injury","2","clear",false,1,"GM0518"
"20230003858",2023,"Letsel",2,"Fiets","Fiets","Frontaal","Bocht",50,"Niet aanwezig","Daglicht","Regen",\N,"600768179","Gein-Noord","Abcoude","De Ronde Venen","Utrecht",false,52.276525,4.997219,"injury","2","rain",false,1,"GM0736"
"20230005865",2023,"Letsel",1,"Fiets",\N,"Eenzijdig","Kruispunt, 3 takken",30,"Niet brandend","Daglicht","Droog",\N,\N,"Jan Sweelincklaan","Oegstgeest","Oegstgeest","Zuid-Holland",false,52.191984,4.47288,"injury","2","clear",false,1,"GM0579"
"20230005123",2023,"Letsel",2,"Fiets","Fiets","Onbekend","Rechte weg",50,"Niet brandend","Daglicht","Droog",\N,"215296009","Abel Tasmanlaan","Gouda","Gouda","Zuid-Holland",false,52.022594,4.700394,"injury","2","clear",false,1,"GM0513"
"20230007080",2023,"Uitsluitend materiele schade",3,"Personenauto","Fiets","Los voorwerp","Rechte weg",50,"Niet brandend","Daglicht","Droog",\N,"166272083","Gedempte Biersloot","Vlaardingen","Vlaardingen","Zuid-Holland",false,51.911885,4.342539,"material damage only","4","clear",false,1,"GM0622"
"20230007185",2023,"Letsel",2,"Personenauto","Fiets","Flank","Rotonde",50,"Niet brandend","Daglicht","Droog",\N,\N,"van de Mortelstraat","Noordwijk","Noordwijk","Zuid-Holland",false,52.240996,4.446315,"injury","2","clear",false,1,"GM0575"
"20230075081",2023,"Dodelijk",1,"e-bike",\N,"Eenzijdig","Rechte weg",60,"Niet brandend","Daglicht","Droog",\N,"240432011","Schermerdijk","Ursem","Alkmaar","Noord-Holland",false,52.6336,4.878889,"fatal","1","clear",false,1,"GM0361"
"20230069194",2023,"Letsel",1,"Fiets",\N,"Eenzijdig",\N,60,\N,"Daglicht",\N,\N,"600737061","Groenwegh","Hoogmade","Kaag en Braassem","Zuid-Holland",false,52.160163,4.586516,"injury","2","unknown",false,1,"GM1884"
"20230004926",2023,"Letsel",1,"Fiets",\N,"Eenzijdig","Kruispunt, 3 takken",30,"Niet brandend","Daglicht","Droog",\N,\N,"Korftlaan","Delft","Pijnacker-Nootdorp","Zuid-Holland",false,52.021342,4.387984,"injury","2","clear",false,1,"GM1926"
"20230069717",2023,"Uitsluitend materiele schade",2,"Bromfiets","Fiets","Onbekend",\N,\N,\N,"Daglicht",\N,\N,"169276031","Laan van Bol'Es","Schiedam","Schiedam","Zuid-Holland",false,51.928492,4.369929,"material damage only","4","unknown",false,1,"GM0606"
"20230005461",2023,"Letsel",2,"Bestelauto","Fiets","Flank","Kruispunt, 4 takken",50,"Brandend","Duisternis","Droog",\N,\N,"Fruitweg","'s-Gravenhage","'s-Gravenhage","Zuid-Holland",false,52.061525,4.30812,"injury","2","clear",false,1,"GM0518"
"20230005463",2023,"Letsel",2,"Fiets","Fiets","Kop/staart","Rechte weg",30,"Brandend","Daglicht","Droog",\N,"188329020","Willem de Zwijgerlaan","Leiden","Leiden","Zuid-Holland",false,52.167712,4.502162,"injury","2","clear",false,1,"GM0546"
"20230005719",2023,"Uitsluitend materiele schade",2,"Personenauto","Fiets","Flank","Kruispunt, 4 takken",30,"Niet brandend","Daglicht","Droog",\N,\N,"Schouwburgstraat","'s-Gravenhage","'s-Gravenhage","Zuid-Holland",false,52.082406,4.315624,"material damage only","4","clear",false,1,"GM0518"
"20230005721",2023,"Letsel",2,"Personenauto","Fiets","Onbekend","Rotonde",50,"Niet brandend","Daglicht","Droog",\N,\N,"Burg Bruins Slotsingel","Alphen aan den Rijn","Alphen aan den Rijn","Zuid-Holland",false,52.145883,4.655318,"injury","2","clear",false,1,"GM0484"
"20230008149",2023,"Letsel",2,"Personenauto","Fiets","Onbekend","Kruispunt, 3 takken",50,"Niet brandend","Daglicht","Droog",\N,\N,"De Meeren","Zevenbergen","Moerdijk","Noord-Brabant",false,51.645901,4.598193,"injury","2","clear",false,1,"GM1709"
"20230009830",2023,"Letsel",2,\N,"Fiets","Eenzijdig","Bocht",50,"Niet brandend","Schemer","Droog",\N,"600359942","Schuitendiep","Groningen","Groningen","Groningen",false,53.218612,6.572944,"injury","2","clear",false,1,"GM0014"
"20230036392",2023,"Letsel",1,"Fiets",\N,"Eenzijdig",\N,30,\N,"Daglicht",\N,\N,"212403004","van Riemsdijklaan","Beverwijk","Beverwijk","Noord-Holland",false,52.500702,4.666274,"injury","2","unknown",false,1,"GM0375"
"20230010228",2023,"Letsel",2,"Motor","Fiets","Flank","Kruispunt, 3 takken",50,"Brandend","Schemer","Droog",\N,\N,"Looweg","Coevorden","Coevorden","Drenthe",false,52.66905,6.737309,"injury","2","clear",false,1,"GM0109"
"20230009905",2023,"Letsel",2,"Personenauto","Fiets","Flank","Rotonde",50,"Niet brandend","Daglicht","Regen",\N,\N,"Mr Harm Smeengelaan","Hoogeveen","Hoogeveen","Drenthe",false,52.725678,6.467588,"injury","2","rain",false,1,"GM0118"
"20230011456",2023,"Uitsluitend materiele schade",2,"Fiets","Personenauto","Flank","Kruispunt, 4 takken",50,"Brandend","Schemer","Regen",\N,\N,"PARKJE LUGTIGHEID","Nijmegen","Nijmegen","Gelderland",false,51.841241,5.834274,"material damage only","4","rain",false,1,"GM0268"
"20230010108",2023,"Letsel",2,"Personenauto","Fiets","Flank","Kruispunt, 4 takken",50,"Niet brandend","Daglicht","Droog",\N,\N,"Brandemeer","Leeuwarden","Leeuwarden","Friesland",false,53.215062,5.797915,"injury","2","clear",false,1,"GM0080"
"20230012634",2023,"Uitsluitend materiele schade",2,"Bestelauto","Fiets","Flank","Rotonde",50,"Niet brandend","Schemer","Droog",\N,\N,"Schuttevaerkade","Zwolle","Zwolle","Overijssel",false,52.516268,6.093189,"material damage only","4","clear",false,1,"GM0193"
"20230012655",2023,"Letsel",2,"Personenauto","Fiets","Flank","Rechte weg",30,"Niet brandend","Daglicht","Droog",\N,"515341081","Getfertweg","Enschede","Enschede","Overijssel",false,52.215008,6.889934,"injury","2","clear",false,1,"GM0153"
"20230012797",2023,"Uitsluitend materiele schade",2,"Fiets","Fiets","Frontaal","Rechte weg",30,"Brandend","Duisternis","Regen",\N,"600500810","Rietmeen","Harderwijk","Harderwijk","Gelderland",false,52.332742,5.60409,"material damage only","4","rain",false,1,"GM0243"
"20230012182",2023,"Letsel",2,"Personenauto","Fiets","Frontaal","Kruispunt, 3 takken",50,"Brandend","Schemer","Regen",\N,\N,"Vriezenveenseweg","Vroomshoop","Twenterand","Overijssel",false,52.453446,6.574605,"injury","2","rain",false,1,"GM1700"
"20230012306",2023,"Uitsluitend materiele schade",2,"Fiets","Bestelauto","Flank","Rotonde",50,"Niet brandend","Daglicht","Droog",\N,\N,"Bouwheerstraat","Barneveld","Barneveld","Gelderland",false,52.137688,5.582038,"material damage only","4","clear",false,1,"GM0203"
"20240077350",2024,"Dodelijk",2,"Fiets","Voetganger","Voetganger","Rechte weg",30,"Niet brandend","Daglicht","Droog",\N,"600917173","Neckerstraat","Wijdewormer","Wormerland","Noord-Holland",false,52.509787,4.926264,"fatal","1","clear",false,1,"GM0880"
"20240084091",2024,"Uitsluitend materiele schade",2,"Personenauto","Fiets","Flank","Kruispunt, 4 takken",30,"Brandend","Schemer","Droog",\N,\N,"Kruisstraat","Oss","Oss","Noord-Brabant",false,51.763584,5.51882,"material damage only","4","clear",false,1,"GM0828"
"20240092021",2024,"Dodelijk",1,"Fiets",\N,"Onbekend","Bocht",50,"Niet brandend","Daglicht","Droog",\N,"600811606","Schansoord","Erp","Meierijstad","Noord-Brabant",false,51.60189,5.600764,"fatal","1","clear",false,1,"GM1948"
"20230037271",2023,"Letsel",2,"Personenauto","Fiets","Flank","Rotonde",50,"Niet brandend","Daglicht","Droog",\N,\N,"Hildo Kropstraat","Nieuwegein","Nieuwegein","Utrecht",false,52.033068,5.086353,"injury","2","clear",false,1,"GM0356"
"20240036117",2024,"Letsel",2,"Fiets","Personenauto","Flank","Kruispunt, 4 takken",30,"Niet brandend","Daglicht","Droog",\N,\N,"Wethouder Nijhuisstraat","Enschede","Enschede","Overijssel",false,52.218041,6.863452,"injury","2","clear",false,1,"GM0153"
"20240037483",2024,"Letsel",2,"Personenauto","Fiets","Onbekend","Bocht",80,"Niet brandend","Daglicht","Droog",\N,"600559532","FIETSPAD","Staphorst","Staphorst","Overijssel",false,52.676261,6.203226,"injury","2","clear",false,1,"GM0180"
"20240024259",2024,"Uitsluitend materiele schade",2,"Personenauto","Fiets","Flank","Kruispunt, 3 takken",30,"Niet brandend","Daglicht","Droog",\N,\N,"Rijksweg","Cadier en Keer","Eijsden-Margraten","Limburg",false,50.826333,5.767939,"material damage only","4","clear",false,1,"GM1903"
"20240019788",2024,"Letsel",1,"Fiets",\N,"Onbekend",\N,50,\N,"Daglicht",\N,\N,"281342115","Simon Stevinweg","Hilversum","Hilversum","Noord-Holland",false,52.231013,5.179668,"injury","2","unknown",false,1,"GM0402"
"20240000045",2024,"Uitsluitend materiele schade",2,"Fiets","Personenauto","Kop/staart","Kruispunt, 4 takken",50,"Niet brandend","Daglicht","Regen",\N,\N,"Korenbrugstraat","Gorinchem","Gorinchem","Zuid-Holland",false,51.832241,4.97805,"material damage only","4","rain",false,1,"GM0512"
"20240006724",2024,"Letsel",1,"Fiets",\N,"Onbekend",\N,30,\N,"Schemer",\N,\N,"333298030","Prins Bernhardlaan","Veenendaal","Veenendaal","Utrecht",false,52.030152,5.560279,"injury","2","unknown",false,1,"GM0345"
"20240035630",2024,"Uitsluitend materiele schade",2,"Fiets","Fiets","Los voorwerp","Rechte weg",60,"Niet brandend","Daglicht","Droog",\N,"600969900","Eibergsestraat","Haaksbergen","Haaksbergen","Overijssel",false,52.147178,6.708387,"material damage only","4","clear",false,1,"GM0158"
"20240043232",2024,"Letsel",2,"Fiets","Voetganger","Voetganger","Kruispunt, 4 takken",50,"Niet brandend","Daglicht","Regen",\N,\N,"Bergsingel","Rotterdam","Rotterdam","Zuid-Holland",false,51.932762,4.472334,"injury","2","rain",false,1,"GM0599"
"20240022185",2024,"Letsel",3,"Personenauto","Fiets","Flank","Kruispunt, 4 takken",50,"Niet brandend","Daglicht","Droog",\N,\N,"Mandenmaker","Hellevoetsluis","Voorne aan Zee","Zuid-Holland",false,51.833203,4.166097,"injury","2","clear",false,1,"GM1992"
"20240032362",2024,"Letsel",2,"Fiets","Personenauto","Flank","Rotonde",50,"Niet brandend","Daglicht","Droog",\N,\N,"Schiedamseweg","Vlaardingen","Vlaardingen","Zuid-Holland",false,51.909369,4.35255,"injury","2","clear",false,1,"GM0622"
"20240032921",2024,"Letsel",2,"Personenauto","Fiets","Flank","Rotonde",50,"Niet brandend","Daglicht","Droog",\N,\N,"President Rooseveltweg","Rotterdam","Rotterdam","Zuid-Holland",false,51.956575,4.531862,"injury","2","clear",false,1,"GM0599"
"20240034594",2024,"Letsel",2,"Fiets","Personenauto","Onbekend","Rechte weg",50,"Niet brandend","Daglicht","Droog",\N,"374070020","Industriestraat","Sittard","Sittard-Geleen","Limburg",false,51.001467,5.844734,"injury","2","clear",false,1,"GM1883"
"20240037602",2024,"Letsel",2,"Personenauto","Fiets","Kop/staart","Rechte weg",50,"Niet aanwezig","Daglicht","Droog",\N,"306321011","Laan 1914","Amersfoort","Amersfoort","Utrecht",false,52.134979,5.366161,"injury","2","clear",false,1,"GM0307"
"20240038700",2024,"Letsel",2,"Personenauto","Fiets","Flank","Kruispunt, 4 takken",50,"Niet brandend","Daglicht","Droog",\N,\N,"Beefland","De Meern","Utrecht","Utrecht",false,52.080254,5.049904,"injury","2","clear",false,1,"GM0344"
"20240006844",2024,"Uitsluitend materiele schade",2,"Fiets","Bestelauto","Flank","Rotonde",50,"Niet brandend","Daglicht","Droog",\N,\N,"Soestdijkerstraatweg","Hilversum","Hilversum","Noord-Holland",false,52.212835,5.197593,"material damage only","4","clear",false,1,"GM0402"
"20230004314",2023,"Letsel",2,"Personenauto","Fiets","Flank","Kruispunt, 3 takken",30,"Niet brandend","Daglicht","Droog",\N,\N,"Kerkweg","Heemskerk","Heemskerk","Noord-Holland",false,52.510856,4.668499,"injury","2","clear",false,1,"GM0396"
"20240035998",2024,"Letsel",2,"Fiets","Overig vast object","Vast voorwerp","Rechte weg",30,"Niet brandend","Daglicht","Droog",\N,"461589015","Braaksterlaan","Winsum","Het Hogeland","Groningen",false,53.334871,6.526017,"injury","2","clear",false,1,"GM1966"
"20240020004",2024,"Uitsluitend materiele schade",2,"e-bike","Overig vast object","Vast voorwerp","Kruispunt, 3 takken",50,"Brandend","Duisternis","Droog",\N,\N,"Arend Noorduijnstraat","Nijmegen","Nijmegen","Gelderland",false,51.839908,5.854081,"material damage only","4","clear",false,1,"GM0268"
"20240019857",2024,"Letsel",2,"Fiets","Voetganger","Onbekend","Rechte weg",60,"Niet brandend","Daglicht","Droog",\N,"317335019","Fliersteeg","Nijkerk","Nijkerk","Gelderland",false,52.203596,5.450119,"injury","2","clear",false,1,"GM0267"
"20240020019",2024,"Uitsluitend materiele schade",2,"Fiets","Personenauto","Frontaal","Rechte weg",50,"Niet brandend","Daglicht",\N,\N,\N,"Streekweg","Nijmegen","Nijmegen","Gelderland",false,51.820274,5.783546,"material damage only","4","unknown",false,1,"GM0268"
"20240012764",2024,"Letsel",3,\N,"Fiets","Vast voorwerp","Rechte weg",50,"Niet brandend","Daglicht","Droog",\N,"231308016","Stichtse hof","Nieuwerbrug aan den Rijn","Bodegraven-Reeuwijk","Zuid-Holland",false,52.077322,4.814687,"injury","2","clear",false,1,"GM1901"
"20240020827",2024,"Uitsluitend materiele schade",2,"Personenauto","Fiets","Onbekend","Kruispunt, 4 takken",30,"Niet aanwezig","Daglicht","Droog",\N,\N,"Uiterwaardenstraat","Amsterdam","Amsterdam","Noord-Holland",false,52.342805,4.906539,"material damage only","4","clear",false,1,"GM0363"
"20240025846",2024,"Letsel",1,"Fiets",\N,"Eenzijdig","Rechte weg",30,"Brandend","Duisternis","Droog",\N,\N,"Kluiverboom","Groningen","Groningen","Groningen",false,53.236468,6.607116,"injury","2","clear",false,1,"GM0014"
"20240032868",2024,"Letsel",1,"Fiets",\N,"Onbekend","Rechte weg",30,"Niet brandend","Daglicht","Regen",\N,"178336014","Rijnstraat","Katwijk","Katwijk","Zuid-Holland",false,52.196,4.425154,"injury","2","rain",false,1,"GM0537"
"20240036248",2024,"Uitsluitend materiele schade",2,"Bromfiets","Fiets","Onbekend","Rechte weg",30,"Brandend","Duisternis","Droog",\N,"468563147","Gedempte Zuiderdiep","Groningen","Groningen","Groningen",false,53.215672,6.570643,"material damage only","4","clear",false,1,"GM0014"
"20240036350",2024,"Uitsluitend materiele schade",2,"Fiets","Fiets","Frontaal","Rotonde",50,"Niet brandend","Daglicht","Droog",\N,\N,"FIETSPAD","Wageningen","Wageningen","Gelderland",false,51.969704,5.654696,"material damage only","4","clear",false,1,"GM0289"
"20240039861",2024,"Letsel",1,"Fiets",\N,"Eenzijdig","Rechte weg",50,"Brandend","Duisternis","Droog",\N,\N,"Rembrandtweg","Amstelveen","Amstelveen","Noord-Holland",false,52.303644,4.860787,"injury","2","clear",false,1,"GM0362"
"20240043174",2024,"Letsel",2,"Bestelauto","Fiets","Onbekend","Rechte weg",30,"Niet brandend","Daglicht","Droog",\N,"185277076","Zwart Janstraat","Rotterdam","Rotterdam","Zuid-Holland",false,51.932848,4.47947,"injury","2","clear",false,1,"GM0599"
"20220159953",2022,"Uitsluitend materiele schade",2,"Bestelauto","Fiets","Onbekend",\N,60,\N,"Daglicht",\N,\N,"600789966","Postelseweg","Eersel","Eersel","Noord-Brabant",false,51.363213,5.304219,"material damage only","4","unknown",false,1,"GM0770"
"20220173198",2022,"Uitsluitend materiele schade",2,"Fiets","Bromfiets","Flank","Kruispunt, 3 takken",30,"Niet brandend","Daglicht","Regen",\N,\N,"Dorpsstr vo Steenstr","De Bilt","De Bilt","Utrecht",false,52.103895,5.18108,"material damage only","4","rain",false,1,"GM0310"
"20220138827",2022,"Uitsluitend materiele schade",1,"Fiets",\N,"Kop/staart","Rechte weg",60,"Niet brandend","Daglicht","Droog",\N,"600686124","Lange Dreef","Vianen","Vijfheerenlanden","Utrecht",false,51.98463,5.108303,"material damage only","4","clear",false,1,"GM1961"
"20220141981",2022,"Uitsluitend materiele schade",2,"Fiets","Fiets","Flank","Rechte weg",30,"Niet brandend","Daglicht","Droog",\N,"239373052","Bellamyplein","Amsterdam","Amsterdam","Noord-Holland",false,52.36794,4.867345,"material damage only","4","clear",false,1,"GM0363"
"20220149331",2022,"Uitsluitend materiele schade",2,"Personenauto","Fiets","Kop/staart","Kruispunt, 4 takken",30,"Niet aanwezig","Daglicht","Droog",\N,\N,"De Leest","Veghel","Meierijstad","Noord-Brabant",false,51.610721,5.539271,"material damage only","4","clear",false,1,"GM1948"
"20220151565",2022,"Uitsluitend materiele schade",2,"Fiets","Fiets","Kop/staart","Rechte weg",80,"Niet brandend","Daglicht","Droog",\N,\N,"Rijksweg","Gulpen","Gulpen-Wittem","Limburg",false,50.810741,5.876453,"material damage only","4","clear",false,1,"GM1729"
"20220188386",2022,"Uitsluitend materiele schade",2,"Personenauto","Fiets","Onbekend","Rechte weg",30,\N,"Daglicht",\N,\N,"324165083","Geldropseweg","Eindhoven","Eindhoven","Noord-Brabant",false,51.433337,5.489186,"material damage only","4","unknown",false,1,"GM0772"
"20220195233",2022,"Letsel",1,"Fiets",\N,"Eenzijdig",\N,\N,\N,"Duisternis",\N,\N,"600860268","Broeklanderdijk","Raalte","Raalte","Overijssel",false,52.3784,6.259281,"injury","2","unknown",false,1,"GM0177"
"20220118100",2022,"Uitsluitend materiele schade",2,"Personenauto","Fiets","Flank","Rechte weg",30,"Niet brandend","Daglicht","Droog",\N,"600378420","'t Fort","Elst","Overbetuwe","Gelderland",false,51.917851,5.845008,"material damage only","4","clear",false,1,"GM1734"
"20220124499",2022,"Letsel",1,"Fiets",\N,"Eenzijdig",\N,30,\N,"Duisternis",\N,\N,\N,"Prinsessekade","Leiden","Leiden","Zuid-Holland",false,52.160966,4.485328,"injury","2","unknown",false,1,"GM0546"
"20220130745",2022,"Uitsluitend materiele schade",2,"Fiets","Fiets","Flank","Rechte weg",\N,"Niet brandend","Daglicht","Droog",\N,"600499695","Veldm Montgomerylaan","Eindhoven","Eindhoven","Noord-Brabant",false,51.451872,5.478105,"material damage only","4","clear",false,1,"GM0772"
"20220143450",2022,"Letsel",3,"Bromfiets","Fiets","Onbekend","Rechte weg",15,"Niet brandend","Daglicht","Droog",\N,"168295184","Markt","Delft","Delft","Zuid-Holland",false,52.011741,4.358616,"injury","2","clear",false,1,"GM0503"
"20220149387",2022,"Uitsluitend materiele schade",2,"Fiets","Bestelauto","Flank","Rechte weg",30,"Niet brandend","Daglicht","Droog",\N,"301223029","Palmboomstraat","'s-Hertogenbosch","'s-Hertogenbosch","Noord-Brabant",false,51.69358,5.32769,"material damage only","4","clear",false,1,"GM0796"
"20220150590",2022,"Uitsluitend materiele schade",2,"Personenauto","e-bike","Flank","Kruispunt, 4 takken",50,"Niet brandend","Daglicht","Droog",\N,\N,"Dr. Nolenslaan","Sittard","Sittard-Geleen","Limburg",false,51.018668,5.864914,"material damage only","4","clear",false,1,"GM1883"
"20220162608",2022,"Uitsluitend materiele schade",3,"Personenauto","Fiets","Onbekend","Kruispunt, 4 takken",50,"Niet brandend","Daglicht","Regen",\N,\N,"Boterdiep","Groningen","Groningen","Groningen",false,53.226908,6.561511,"material damage only","4","rain",false,1,"GM0014"
"20220177789",2022,"Uitsluitend materiele schade",1,"Fiets",\N,"Onbekend","Rechte weg",\N,"Niet brandend","Daglicht","Droog",\N,"600922405","Reigerpad","Diemen","Diemen","Noord-Holland",false,52.334527,4.947873,"material damage only","4","clear",false,1,"GM0384"
"20220184837",2022,"Uitsluitend materiele schade",2,"Personenauto","Fiets","Geparkeerd voertuig","Kruispunt, 3 takken",50,"Niet brandend","Daglicht","Droog","Parkeervoorziening",\N,"Overhage","Hoogvliet Rotterdam","Rotterdam","Zuid-Holland",false,51.865672,4.353032,"material damage only","4","clear",false,1,"GM0599"
"20220122000",2022,"Letsel",2,"Fiets","Personenauto","Flank","Kruispunt, 3 takken",30,"Niet brandend","Daglicht","Droog",\N,\N,"Lieveweid","Midwoud","Medemblik","Noord-Holland",true,52.717844,5.073966,"injury","2","clear",false,1,"GM0420"
"20220140621",2022,"Letsel",3,"Personenauto","Fiets","Onbekend","Kruispunt, 3 takken",30,"Niet brandend","Daglicht","Droog",\N,\N,"Groenelaan","Blokker","Hoorn","Noord-Holland",false,52.663373,5.093853,"injury","2","clear",false,1,"GM0405"