"accident_id","year","severity_raw","party_count","party1_type","party2_type","accident_type","road_situation","speed_limit_kmh","road_lighting","light_condition_label","weather_raw","infra_type","road_segment_id","street_name","place_name","gemeente_name_raw","province","alcohol_indicated","latitude","longitude","severity_label","severity_code","weather_label","built_up_area","cyclists_involved","gemeente_code"
"20220168622",2022,"Letsel",2,"Personenauto","e-bike","Flank","Kruispunt, 3 takken",50,"Niet brandend","Daglicht","Droog",\N,\N,"Groenestraat","Haalderen","Lingewaard","Gelderland",false,51.881124,5.935354,"injury","2","clear",false,1,"GM1705"
"20220169705",2022,"Letsel",2,"Personenauto","Fiets","Flank","Kruispunt, 4 takken",30,"Niet brandend","Daglicht","Droog",\N,\N,"De Hagen","Rijssen","Rijssen-Holten","Overijssel",false,52.307959,6.524126,"injury","2","clear",false,1,"GM1742"
"20220144749",2022,"Letsel",2,"Personenauto","Fiets","Flank","Kruispunt, 3 takken",30,"Niet brandend","Daglicht","Droog",\N,\N,"Koningin Wilhelminastr","Nootdorp","Pijnacker-Nootdorp","Zuid-Holland",false,52.043495,4.393755,"injury","2","clear",false,1,"GM1926"
"20220154956",2022,"Letsel",2,"Personenauto","e-bike","Flank","Kruispunt, 3 takken",30,"Niet brandend","Daglicht","Droog",\N,\N,"Het Arsenaal","Den Helder","Den Helder","Noord-Holland",false,52.950282,4.771058,"injury","2","clear",false,1,"GM0400"
"20220161428",2022,"Uitsluitend materiele schade",2,"Personenauto","Fiets","Flank","Kruispunt, 3 takken",50,"Niet brandend","Daglicht","Droog",\N,\N,"Stationsweg","Leeuwarden","Leeuwarden","Friesland",false,53.196842,5.793413,"material damage only","4","clear",false,1,"GM0080"
"20220168640",2022,"Letsel",2,"Bestelauto","Fiets","Geparkeerd voertuig","Rechte weg",50,"Niet brandend","Daglicht","Droog",\N,"504349005","Steenrietweg","Hengelo","Hengelo (O)","Overijssel",false,52.249635,6.812038,"injury","2","clear",false,1,\N
"20220173466",2022,"Uitsluitend materiele schade",2,"Personenauto","Fiets","Flank","Kruispunt, 4 takken",30,"Niet brandend","Daglicht","Droog",\N,\N,"Musicalkade","Utrecht","Utrecht","Utrecht",false,52.105244,5.043874,"material damage only","4","clear",false,1,"GM0344"
"20220174888",2022,"Uitsluitend materiele schade",3,"Snorfiets","Fiets","Onbekend","Rechte weg",30,"Niet aanwezig","Daglicht","Droog",\N,"600402243","Stationsplein","Haarlem","Haarlem","Noord-Holland",false,52.387282,4.637803,"material damage only","4","clear",false,1,"GM0392"
"20220180408",2022,"Letsel",2,"Personenauto","Fiets","Flank","Kruispunt, 4 takken",30,"Niet brandend","Daglicht","Droog",\N,\N,"Bleijenburg","De Lier","Westland","Zuid-Holland",false,51.97731,4.252434,"injury","2","clear",false,1,"GM1783"
"20220184090",2022,"Uitsluitend materiele schade",2,"Personenauto","Fiets","Onbekend","Rotonde",50,"Niet brandend","Daglicht","Droog",\N,\N,"Mozartlaan","Maassluis","Maassluis","Zuid-Holland",false,51.926723,4.246045,"material damage only","4","clear",false,1,"GM0556"
"20220119288",2022,"Letsel",2,"Snorfiets","Fiets","Frontaal","Rechte weg",30,"Brandend","Duisternis","Droog",\N,"348292054","Bovenbuurtweg","Bennekom","Ede","Gelderland",true,52.006207,5.664487,"injury","2","clear",false,1,"GM0228"
"20220126016",2022,"Letsel",1,"Fiets",\N,"Eenzijdig","Rechte weg",\N,"Brandend","Duisternis","Droog",\N,"600728113","Sylviusweg","Leiden","Leiden","Zuid-Holland",false,52.167481,4.467222,"injury","2","clear",false,1,"GM0546"
"20220131095",2022,"Uitsluitend materiele schade",1,"Fiets",\N,"Onbekend","Rechte weg",30,"Niet brandend","Daglicht","Droog",\N,"340202032","Den Uil","Erp","Meierijstad","Noord-Brabant",false,51.598675,5.610445,"material damage only","4","clear",false,1,"GM1948"
"20220135218",2022,"Uitsluitend materiele schade",2,"Bestelauto","Fiets","Flank","Rotonde",50,"Niet brandend","Daglicht","Droog",\N,\N,"Lekkumerweg","Leeuwarden","Leeuwarden","Friesland",false,53.214784,5.813163,"material damage only","4","clear",false,1,"GM0080"
"20220155013",2022,"Letsel",2,"Fiets","Personenauto","Flank","Kruispunt, 3 takken",15,"Niet brandend","Daglicht","Droog",\N,\N,"Nollenweg","Egmond aan Zee","Bergen (NH)","Noord-Holland",false,52.621794,4.63725,"injury","2","clear",false,1,\N
"20220167432",2022,"Uitsluitend materiele schade",2,"Personenauto","Fiets","Flank","Rotonde",50,"Niet brandend","Daglicht","Droog",\N,\N,"Huijghenslaan","Arnhem","Arnhem","Gelderland",false,51.992528,5.93212,"material damage only","4","clear",false,1,"GM0202"
"20220186170",2022,"Uitsluitend materiele schade",2,"Personenauto","Fiets","Onbekend",\N,30,\N,"Daglicht",\N,\N,"207195082","Guido Gezellelaan","Etten-Leur","Etten-Leur","Noord-Brabant",false,51.568303,4.645374,"material damage only","4","unknown",false,1,"GM0777"
"20220198471",2022,"Uitsluitend materiele schade",2,"Personenauto","Fiets","Flank","Kruispunt, 3 takken",50,"Niet brandend","Daglicht","Regen",\N,\N,"Keulse Slag","Arnhem","Arnhem","Gelderland",false,51.978894,5.956832,"material damage only","4","rain",false,1,"GM0202"
"20220198507",2022,"Letsel",2,"Bus","e-bike","Geparkeerd voertuig","Rechte weg",50,"Niet brandend","Daglicht","Droog",\N,"379288007","Utrechtsestraat","Arnhem","Arnhem","Gelderland",false,51.98434,5.895178,"injury","2","clear",false,1,"GM0202"
"20220144929",2022,"Letsel",1,"Fiets",\N,"Eenzijdig","Rechte weg",30,"Brandend","Duisternis","Droog",\N,"187327136","Hoogstraat","Leiden","Leiden","Zuid-Holland",false,52.159346,4.491224,"injury","2","clear",false,1,"GM0546"
"20220149665",2022,"Uitsluitend materiele schade",2,"e-bike","Fiets","Frontaal","Kruispunt, 3 takken",\N,"Niet brandend","Daglicht","Droog",\N,\N,"Wethouder van Wellaan","Helmond","Helmond","Noord-Brabant",false,51.478687,5.679809,"material damage only","4","clear",false,1,"GM0794"
"20220155075",2022,"Letsel",2,"Fiets","Overig vast object","Vast voorwerp","Rechte weg",80,"Brandend","Schemer","Droog",\N,"245462002","Westfriesedijk","Winkel","Hollands Kroon","Noord-Holland",false,52.765202,4.90887,"injury","2","clear",false,1,"GM1911"
"20220158903",2022,"Uitsluitend materiele schade",2,"Fiets","Fiets","Kop/staart","Kruispunt, 4 takken",50,"Brandend","Duisternis","Droog",\N,\N,"Spoorlaan","Tilburg","Tilburg","Noord-Brabant",false,51.559402,5.091474,"material damage only","4","clear",false,1,"GM0855"
"20220168814",2022,"Uitsluitend materiele schade",2,"Personenauto","Fiets","Flank","Kruispunt, 3 takken",60,"Niet brandend","Daglicht","Droog",\N,\N,"Voombeltweg","Daarle","Hellendoorn","Overijssel",false,52.414849,6.5207,"material damage only","4","clear",false,1,"GM0163"
"20220179966",2022,"Uitsluitend materiele schade",2,"Fiets","Snorfiets","Flank","Rechte weg",50,"Niet brandend","Daglicht","Droog",\N,"182345046","Clusiusweg","Noordwijk","Noordwijk","Zuid-Holland",false,52.240485,4.454945,"material damage only","4","clear",false,1,"GM0575"
"20220183282",2022,"Letsel",2,"e-bike","Snorfiets","Flank","Rechte weg",\N,"Niet brandend","Daglicht","Droog",\N,"600678214","Boezemlaan","Rotterdam","Rotterdam","Zuid-Holland",false,51.938977,4.496285,"injury","2","clear",false,1,"GM0599"
"20220197326",2022,"Uitsluitend materiele schade",2,"Bus","Fiets","Flank","Rechte weg",50,"Niet brandend","Daglicht","Droog",\N,"499353003","Woolderesweg","Hengelo","Hengelo (O)","Overijssel",false,52.270958,6.773591,"material damage only","4","clear",false,1,\N
"20220195614",2022,"Uitsluitend materiele schade",3,"Personenauto","Fiets","Onbekend","Kruispunt, 4 takken",50,"Brandend","Duisternis","Regen",\N,\N,"Waliënsestraat","Winterswijk","Winterswijk","Gelderland",false,51.97483,6.72243,"material damage only","4","rain",false,1,"GM0294"
"20220118591",2022,"Letsel",2,"e-bike","Dier","Dier","Rechte weg",50,"Niet brandend","Daglicht","Droog",\N,"485375078","Sluitersveldssingel","Almelo","Almelo","Overijssel",false,52.369497,6.680034,"injury","2","clear",false,1,"GM0141"
"20220119393",2022,"Letsel",2,"Fiets","Los voorwerp","Los voorwerp","Rechte weg",60,"Niet brandend","Duisternis","Droog",\N,\N,"Weerselosestraat","Borne","Borne","Overijssel",false,52.303701,6.761167,"injury","2","clear",false,1,"GM0147"
"20220122433",2022,"Letsel",2,"Personenauto","Fiets","Frontaal","Rechte weg",50,"Niet brandend","Daglicht","Droog",\N,"600742650","Prinsen Bolwerk","Haarlem","Haarlem","Noord-Holland",false,52.387282,4.645211,"injury","2","clear",false,1,"GM0392"
"20220125000",2022,"Letsel",2,"Fiets","Overig vast object","Vast voorwerp","Bocht",30,"Niet brandend","Daglicht","Droog",\N,"600553869","Papsouwselaan","Delft","Delft","Zuid-Holland",false,52.000941,4.354295,"injury","2","clear",false,1,"GM0503"
"20220144962",2022,"Letsel",2,"Personenauto","Fiets","Flank","Rotonde",50,"Niet brandend","Daglicht","Droog",\N,\N,"De la Reyweg","'s-Gravenhage","'s-Gravenhage","Zuid-Holland",false,52.067136,4.287115,"injury","2","clear",false,1,"GM0518"
"20220187474",2022,"Letsel",2,"Personenauto","Fiets","Frontaal","Bocht",50,"Niet aanwezig","Daglicht","Droog",\N,"158173002","Vossenweg","Hoogerheide","Woensdrecht","Noord-Brabant",false,51.463512,4.300951,"injury","2","clear",false,1,"GM0873"
"20220195924",2022,"Letsel",2,"Personenauto","Fiets","Kop/staart","Kruispunt, 3 takken",50,"Niet brandend","Daglicht","Droog",\N,\N,"Achterste Wei","Harderwijk","Harderwijk","Gelderland",false,52.336552,5.607154,"injury","2","clear",false,1,"GM0243"
"20220125070",2022,"Letsel",3,"Personenauto","Fiets","Flank","Rechte weg",50,"Niet brandend","Daglicht","Droog",\N,"600180521","Brahmslaan","Leiden","Leiden","Zuid-Holland",false,52.143791,4.470488,"injury","2","clear",false,1,"GM0546"
"20220137367",2022,"Letsel",3,"Bromfiets","Fiets","Flank","Kruispunt, 3 takken",30,"Brandend","Duisternis","Droog",\N,\N,"Burg van Suchtelenstraat","Beuningen Gld","Beuningen","Gelderland",false,51.854271,5.774922,"injury","2","clear",false,1,"GM0209"
"20220156737",2022,"Letsel",2,"Fiets","Fiets","Onbekend","Rechte weg",50,"Niet brandend","Daglicht","Droog",\N,"151305111","Pisuissestraat","'s-Gravenhage","'s-Gravenhage","Zuid-Holland",false,52.054868,4.232183,"injury","2","clear",false,1,"GM0518"
"20220160489",2022,"Uitsluitend materiele schade",3,"Bestelauto","Fiets","Onbekend","Bocht",30,"Niet brandend","Daglicht","Droog",\N,"371037021","Cauberg","Valkenburg","Valkenburg aan de Geul","Limburg",false,50.860979,5.82359,"material damage only","4","clear",false,1,"GM0994"
"20220161912",2022,"Letsel",2,"Personenauto","Fiets","Flank","Kruispunt, 4 takken",70,"Niet brandend","Daglicht","Droog",\N,\N,"Parklaan","Franeker","Waadhoeke","Friesland",false,53.186998,5.530438,"injury","2","clear",false,1,"GM1949"
"20220170082",2022,"Letsel",3,"Personenauto","Fiets","Los voorwerp","Rechte weg",50,"Niet brandend","Daglicht","Droog",\N,"311332123","Het Masker","Amersfoort","Amersfoort","Utrecht",false,52.185977,5.395029,"injury","2","clear",false,1,"GM0307"
"20220172720",2022,"Letsel",1,"e-bike",\N,"Eenzijdig","Rechte weg",30,"Niet brandend","Daglicht","Droog",\N,"239311013","Jan Steenstraat","Woerden","Woerden","Utrecht",false,52.090054,4.871574,"injury","2","clear",false,1,"GM0632"
"20220173887",2022,"Letsel",2,"Personenauto","e-bike","Geparkeerd voertuig","Rechte weg",30,"Brandend","Duisternis","Droog",\N,"600578116","Dammersboog","Velserbroek","Velsen","Noord-Holland",false,52.43006,4.666228,"injury","2","clear",false,1,"GM0453"
"20220180733",2022,"Letsel",2,"Personenauto","Fiets","Flank","Kruispunt, 3 takken",50,"Niet brandend","Daglicht","Droog",\N,\N,"Nieboerweg","'s-Gravenhage","'s-Gravenhage","Zuid-Holland",false,52.091176,4.2649,"injury","2","clear",false,1,"GM0518"
"20220194769",2022,"Letsel",2,"Bestelauto","e-bike","Eenzijdig","Bocht",60,"Brandend","Schemer","Mist",\N,"506351026","Drieneresweg","Hengelo","Hengelo (O)","Overijssel",false,52.258722,6.830214,"injury","2","fog",false,1,\N
"20220188795",2022,"Letsel",2,"Bestelauto","Fiets","Flank","Rechte weg",50,"Niet brandend","Daglicht","Droog",\N,"297212031","Laagstraat","Vught","Vught","Noord-Brabant",false,51.644969,5.295576,"injury","2","clear",false,1,"GM0865"
"20220190477",2022,"Uitsluitend materiele schade",2,"Fiets","Overig vast object","Vast voorwerp","Bocht",50,"Niet brandend","Daglicht","Droog",\N,"353032019","Maasboulevard","Maastricht","Maastricht","Limburg",false,50.837109,5.694934,"material damage only","4","clear",false,1,"GM0935"
"20220121134",2022,"Uitsluitend materiele schade",2,"Personenauto","Fiets","Onbekend","Rechte weg",30,"Niet brandend","Daglicht","Droog",\N,"600777182","Oudenoord","Utrecht","Utrecht","Utrecht",false,52.096859,5.113257,"material damage only","4","clear",false,1,"GM0344"
"20220142647",2022,"Uitsluitend materiele schade",2,"Fiets","e-bike","Frontaal","Bocht",\N,"Niet brandend","Daglicht","Droog",\N,"600508437","Eisenhowerlaan","Alphen aan den Rijn","Alphen aan den Rijn","Zuid-Holland",false,52.146106,4.658078,"material damage only","4","clear",false,1,"GM0484"
"20220148661",2022,"Letsel",2,"Personenauto","Fiets","Flank","Kruispunt, 4 takken",50,"Niet brandend","Daglicht","Droog",\N,\N,"Dongenseweg","Tilburg","Tilburg","Noord-Brabant",false,51.583449,5.041391,"injury","2","clear",false,1,"GM0855"
"20220155363",2022,"Uitsluitend materiele schade",2,"Personenauto","Fiets","Flank","Kruispunt, 3 takken",50,"Niet brandend","Daglicht","Droog",\N,\N,"Groenelaan","Amstelveen","Amstelveen","Noord-Holland",false,52.289188,4.867743,"material damage only","4","clear",false,1,"GM0362"
"20220162005",2022,"Letsel",2,"Personenauto","Fiets","Onbekend","Kruispunt, 3 takken",\N,"Niet brandend","Daglicht","Droog",\N,\N,"Bloemstraat","Groningen","Groningen","Groningen",false,53.223712,6.569593,"injury","2","clear",false,1,"GM0014"
"20220165061",2022,"Letsel",2,"Fiets","Personenauto","Flank","Kruispunt, 4 takken",80,"Niet brandend","Daglicht","Droog",\N,\N,"Ootmarsumsedijk","Weerselo","Dinkelland","Overijssel",false,52.336159,6.912032,"injury","2","clear",false,1,"GM1774"
"20220167891",2022,"Uitsluitend materiele schade",2,"Personenauto","Fiets","Flank","Rechte weg",50,"Niet brandend","Daglicht","Droog",\N,"345298027","Keesomstraat","Ede","Ede","Gelderland",false,52.02902,5.646713,"material damage only","4","clear",false,1,"GM0228"
"20220189083",2022,"Uitsluitend materiele schade",2,"Bestelauto","Fiets","Onbekend","Rotonde",50,"Niet brandend","Daglicht","Droog",\N,\N,"Bundersweg","Veghel","Meierijstad","Noord-Brabant",false,51.623085,5.557052,"material damage only","4","clear",false,1,"GM1948"
"20220118864",2022,"Letsel",2,"Bromfiets","Fiets","Flank","Rechte weg",50,"Niet brandend","Daglicht","Droog",\N,"600702296","Karstraat","Huissen","Lingewaard","Gelderland",false,51.915601,5.924053,"injury","2","clear",false,1,"GM1705"
"20220126396",2022,"Letsel",3,"Personenauto","Fiets","Los voorwerp","Rotonde",50,"Niet brandend","Daglicht","Droog",\N,\N,"Zeestraat","Noordwijk","Noordwijk","Zuid-Holland",false,52.236728,4.443826,"injury","2","clear",false,1,"GM0575"
"20220136502",2022,"Uitsluitend materiele schade",1,"Fiets",\N,"Onbekend","Rechte weg",50,"Niet brandend","Daglicht","Droog",\N,"461395010","Molenstraat","Den Ham","Twenterand","Overijssel",false,52.464153,6.499185,"material damage only","4","clear",false,1,"GM1700"
"20220142815",2022,"Letsel",2,"Personenauto","Fiets","Geparkeerd voertuig","Rechte weg",50,"Niet brandend","Daglicht","Droog",\N,"158314073","Frederik Hendriklaan","'s-Gravenhage","'s-Gravenhage","Zuid-Holland",false,52.097597,4.279797,"injury","2","clear",false,1,"GM0518"
"20220146171",2022,"Letsel",1,"Fiets",\N,"Eenzijdig",\N,30,\N,"Daglicht",\N,\N,\N,"Holysingel","Vlaardingen","Vlaardingen","Zuid-Holland",false,51.924372,4.345854,"injury","2","unknown",false,1,"GM0622"
"20220149985",2022,"Letsel",2,"Fiets","Fiets","Onbekend","Rechte weg",30,"Niet brandend","Daglicht","Droog",\N,"365170090","Tasveld","Deurne","Deurne","Noord-Brabant",false,51.45525,5.787228,"injury","2","clear",false,1,"GM0762"
"20220156816",2022,"Letsel",1,"Fiets",\N,"Eenzijdig","Rechte weg",50,"Niet brandend","Daglicht","Droog",\N,"189312004","Aziëweg","Zoeterwoude","Zoeterwoude","Zuid-Holland",false,52.093137,4.505085,"injury","2","clear",false,1,"GM0638"
"20220186735",2022,"Uitsluitend materiele schade",2,"Personenauto","Fiets","Onbekend",\N,30,\N,"Daglicht",\N,\N,"600773743","Stationsstraat","Tilburg","Tilburg","Noord-Brabant",false,51.560141,5.083182,"material damage only","4","unknown",false,1,"GM0855"
"20220190919",2022,"Uitsluitend materiele schade",1,"Fiets",\N,"Frontaal","Rechte weg",30,"Brandend","Duisternis","Droog",\N,"415146022","Broeklaan","Tegelen","Venlo","Limburg",false,51.345531,6.147629,"material damage only","4","clear",false,1,"GM0983"
"20220118896",2022,"Uitsluitend materiele schade",2,"Personenauto","e-bike","Flank","Rechte weg",50,"Niet brandend","Daglicht","Droog",\N,\N,"IJssellaan","Arnhem","Arnhem","Gelderland",false,51.983524,5.946949,"material damage only","4","clear",false,1,"GM0202"
"20220142919",2022,"Letsel",2,"Personenauto","Fiets","Onbekend",\N,30,\N,"Daglicht",\N,\N,"600718909","Wenckebachstraat","'s-Gravenhage","'s-Gravenhage","Zuid-Holland",false,52.062351,4.332315,"injury","2","unknown",false,1,"GM0518"
"20220154235",2022,"Letsel",2,"Snorfiets","Fiets","Flank","Kruispunt, 4 takken",50,"Niet brandend","Daglicht","Droog",\N,\N,"Parklaan","Krommenie","Zaanstad","Noord-Holland",false,52.502834,4.767543,"injury","2","clear",false,1,"GM0479"
"20220175440",2022,"Uitsluitend materiele schade",2,"Bestelauto","Fiets","Los voorwerp","Rechte weg",30,"Niet brandend","Daglicht","Droog",\N,"601001074","Karel van Manderstraat","Alkmaar","Alkmaar","Noord-Holland",false,52.625394,4.75879,"material damage only","4","clear",false,1,"GM0361"
"20220187940",2022,"Uitsluitend materiele schade",2,"Personenauto","Fiets","Onbekend","Rechte weg",50,"Niet brandend","Daglicht","Droog",\N,"328203003","Kennedylaan","Veghel","Meierijstad","Noord-Brabant",false,51.605809,5.523905,"material damage only","4","clear",false,1,"GM1948"
"20220192680",2022,"Uitsluitend materiele schade",2,"Bestelauto","Fiets","Flank","Rotonde",30,"Niet brandend","Daglicht","Droog",\N,\N,"Schutstraat","Hoogeveen","Hoogeveen","Drenthe",false,52.718851,6.463062,"material damage only","4","clear",false,1,"GM0118"
"20220122863",2022,"Uitsluitend materiele schade",2,"e-bike","Personenauto","Flank","Kruispunt, 4 takken",50,"Niet brandend","Daglicht","Droog",\N,"282438006","Hemmerbuurt","Hem","Drechterland","Noord-Holland",false,52.661618,5.189691,"material damage only","4","clear",false,1,"GM0498"
"20220136642",2022,"Letsel",2,"Personenauto","Fiets","Frontaal","Bocht",80,"Niet brandend","Daglicht","Droog",\N,\N,"Otterloseweg","Ugchelen","Apeldoorn","Gelderland",false,52.149698,5.885374,"injury","2","clear",false,1,"GM0200"
"20220141563",2022,"Uitsluitend materiele schade",3,"Bromfiets","Fiets","Los voorwerp","Rechte weg",30,"Brandend","Duisternis","Droog",\N,"600762037","Elandsgracht","Amsterdam","Amsterdam","Noord-Holland",false,52.368535,4.87724,"material damage only","4","clear",false,1,"GM0363"
"20220169273",2022,"Letsel",2,"e-bike","e-bike","Flank","Kruispunt, 4 takken",60,"Niet brandend","Daglicht","Droog",\N,\N,"Kanaal Zuid","Loenen","Apeldoorn","Gelderland",false,52.139918,6.040419,"injury","2","clear",false,1,"GM0200"
"20220174301",2022,"Uitsluitend materiele schade",2,"Personenauto","Fiets","Flank","Kruispunt, 3 takken",50,"Niet brandend","Daglicht","Droog",\N,\N,"Lijndenweg","Beverwijk","Beverwijk","Noord-Holland",false,52.474637,4.657561,"material damage only","4","clear",false,1,"GM0375"
"20220196195",2022,"Letsel",3,"Personenauto","e-bike","Onbekend","Kruispunt, 4 takken",30,"Niet brandend","Daglicht","Droog",\N,\N,"Julianalaan","Heerde","Heerde","Gelderland",false,52.390864,6.039802,"injury","2","clear",false,1,"GM0246"
"20220196201",2022,"Uitsluitend materiele schade",2,"Fiets","Personenauto","Flank","Rechte weg",50,"Niet brandend","Daglicht","Droog",\N,"600145641","Randweg","Arnhem","Arnhem","Gelderland",false,51.945115,5.863981,"material damage only","4","clear",false,1,"GM0202"
"20220121480",2022,"Letsel",2,"Personenauto","Fiets","Flank","Kruispunt, 3 takken",50,"Niet brandend","Daglicht","Droog",\N,\N,"Diamantweg","Alkmaar","Alkmaar","Noord-Holland",false,52.609278,4.757042,"injury","2","clear",false,1,"GM0361"
"20220126499",2022,"Letsel",1,"Fiets",\N,"Eenzijdig","Rechte weg",\N,"Brandend","Duisternis","Droog",\N,"156311066","Mary Brückel-Beitenpad","'s-Gravenhage","'s-Gravenhage","Zuid-Holland",false,52.085991,4.27143,"injury","2","clear",false,1,"GM0518"
"20220133082",2022,"Uitsluitend materiele schade",3,"Fiets","Bestelauto","Geparkeerd voertuig","Rechte weg",50,"Niet brandend","Daglicht","Droog","Parkeervoorziening","600163341","Heerderdwarsstraat","Maastricht","Maastricht","Limburg",false,50.845062,5.715305,"material damage only","4","clear",false,1,"GM0935"
"20220141712",2022,"Uitsluitend materiele schade",2,"Bromfiets","Fiets","Flank","Kruispunt, 3 takken",50,"Niet brandend","Daglicht","Droog",\N,\N,"Westel Merwedekanaaldijk","Amsterdam","Amsterdam","Noord-Holland",false,52.356692,4.964052,"material damage only","4","clear",false,1,"GM0363"
"20220140228",2022,"Letsel",2,"Personenauto","Fiets","Kop/staart","Rechte weg",50,"Niet brandend","Daglicht",\N,\N,"213406182","Maerelaan","Heemskerk","Heemskerk","Noord-Holland",false,52.513114,4.679331,"injury","2","unknown",false,1,"GM0396"
"20220146373",2022,"Uitsluitend materiele schade",2,"Personenauto","Fiets","Flank","Rechte weg",60,"Niet brandend","Daglicht","Droog",\N,"152247001","Zuidoordsedijk","Zuidland","Nissewaard","Zuid-Holland",false,51.796103,4.248707,"material damage only","4","clear",false,1,"GM1930"
"20220154598",2022,"Uitsluitend materiele schade",1,"Fiets",\N,"Geparkeerd voertuig","Rechte weg",\N,"Niet brandend","Daglicht","Droog","Parkeervoorziening","600753088","Badweg","De Koog","Texel","Noord-Holland",false,53.101014,4.758812,"material damage only","4","clear",false,1,"GM0448"
"20220155723",2022,"Letsel",2,"Fiets","Personenauto","Kop/staart","Rechte weg",50,"Niet brandend","Daglicht","Droog",\N,"240369047","Beethovenstraat","Amsterdam","Amsterdam","Noord-Holland",false,52.350014,4.878362,"injury","2","clear",false,1,"GM0363"
"20220120360",2022,"Uitsluitend materiele schade",2,"Bromfiets","Fiets","Frontaal","Rechte weg",30,"Niet brandend","Daglicht","Regen",\N,"600651000","Brailledreef","Utrecht","Utrecht","Utrecht",false,52.108647,5.112991,"material damage only","4","rain",false,1,"GM0344"
"20220126584",2022,"Uitsluitend materiele schade",2,"Personenauto","Fiets","Flank","Kruispunt, 4 takken",30,"Niet brandend","Daglicht","Droog",\N,\N,"Zaanstraat","'s-Gravenhage","'s-Gravenhage","Zuid-Holland",false,52.075337,4.327759,"material damage only","4","clear",false,1,"GM0518"
"20220130556",2022,"Letsel",2,"Personenauto","Fiets","Frontaal","Kruispunt, 4 takken",50,"Niet brandend","Daglicht","Droog",\N,\N,"Groot Loo","Hilvarenbeek","Hilvarenbeek","Noord-Brabant",false,51.486911,5.129105,"injury","2","clear",false,1,"GM0798"
"20220135886",2022,"Uitsluitend materiele schade",2,"Personenauto","Fiets","Flank","Kruispunt, 3 takken",50,"Niet brandend","Daglicht","Droog",\N,\N,"Ravelijn","Nijkerk","Nijkerk","Gelderland",false,52.213966,5.473883,"material damage only","4","clear",false,1,"GM0267"
"20220141819",2022,"Uitsluitend materiele schade",2,"Snorfiets","Fiets","Onbekend","Rechte weg",30,"Brandend","Duisternis","Droog",\N,"250361092","Bijlmerplein","Amsterdam","Amsterdam","Noord-Holland",false,52.314811,4.953702,"material damage only","4","clear",false,1,"GM0363"
"20220146411",2022,"Uitsluitend materiele schade",2,"Personenauto","Fiets","Flank","Kruispunt, 4 takken",50,"Niet brandend","Daglicht","Droog",\N,\N,"Putselaan","Rotterdam","Rotterdam","Zuid-Holland",false,51.897293,4.495589,"material damage only","4","clear",false,1,"GM0599"
"20240088681",2024,"Letsel",1,"Fiets",\N,"Onbekend","Kruispunt, 4 takken",30,"Niet brandend","Daglicht","Droog",\N,\N,"Kanaalstraat","Waddinxveen","Waddinxveen","Zuid-Holland",false,52.043895,4.653846,"injury","2","clear",false,1,"GM0627"
"20240092749",2024,"Letsel",2,"Fiets","Voetganger","Flank","Rechte weg",50,"Niet brandend","Daglicht","Droog",\N,"601123881","Geenhovensedreef","Valkenswaard","Valkenswaard","Noord-Brabant",false,51.358945,5.448179,"injury","2","clear",false,1,"GM0858"
"20240094544",2024,"Letsel",2,"Fiets","Los voorwerp","Los voorwerp","Rechte weg",60,"Brandend","Duisternis","Droog",\N,"391356014","Deventerstraat","Vaassen","Epe","Gelderland",false,52.291698,5.983024,"injury","2","clear",false,1,"GM0232"
"20240097353",2024,"Letsel",1,"Fiets",\N,"Onbekend",\N,50,\N,"Duisternis",\N,\N,"600917893","Valkenboslaan","'s-Gravenhage","'s-Gravenhage","Zuid-Holland",false,52.069147,4.275869,"injury","2","unknown",false,1,"GM0518"
"20240083558",2024,"Uitsluitend materiele schade",2,"Fiets","Overig wegmeubilair","Vast voorwerp","Rechte weg",30,"Brandend","Schemer","Droog",\N,"86140007","Molendijk","Hoek","Terneuzen","Zeeland",false,51.310675,3.781946,"material damage only","4","clear",false,1,"GM0715"
"20240093420",2024,"Letsel",1,"Fiets",\N,"Onbekend","Rechte weg",50,"Brandend","Duisternis","Droog",\N,"371254017","Graafseweg","Nijmegen","Nijmegen","Gelderland",false,51.834035,5.838576,"injury","2","clear",false,1,"GM0268"
"20240101472",2024,"Dodelijk",1,"Fiets",\N,"Flank","Rechte weg",30,"Niet brandend","Daglicht","Droog",\N,"386215035","Bereklauw","Boxmeer","Land van Cuijk","Noord-Brabant",false,51.65894,5.941141,"fatal","1","clear",false,1,"GM1982"
"20240050260",2024,"Dodelijk",2,"Lichtmast","Fiets","Vast voorwerp","Rechte weg",30,"Brandend","Duisternis","Droog",\N,"600760373","IJsbaanpad","Amsterdam","Amsterdam","Noord-Holland",false,52.341268,4.855634,"fatal","1","clear",false,1,"GM0363"
"20240073909",2024,"Uitsluitend materiele schade",2,\N,"Fiets","Flank","Rechte weg",30,\N,"Daglicht","Droog",\N,"600790141","Zandzuigerstraat","'s-Hertogenbosch","'s-Hertogenbosch","Noord-Brabant",false,51.701214,5.311535,"material damage only","4","clear",false,1,"GM0796"
"20240075601",2024,"Letsel",1,"Fiets",\N,"Eenzijdig","Rechte weg",50,"Niet brandend","Daglicht","Droog",\N,"600843371","Sluisoordlaan","Apeldoorn","Apeldoorn","Gelderland",false,52.225029,5.982554,"injury","2","clear",false,1,"GM0200"