"accident_id","year","severity_raw","party_count","party1_type","party2_type","accident_type","road_situation","speed_limit_kmh","road_lighting","light_condition_label","weather_raw","infra_type","road_segment_id","street_name","place_name","gemeente_name_raw","province","alcohol_indicated","latitude","longitude","severity_label","severity_code","weather_label","built_up_area","cyclists_involved","gemeente_code"
"20230049605",2023,"Letsel",1,"Fiets",\N,"Eenzijdig","Rechte weg",50,"Niet brandend","Daglicht","Droog",\N,"600473194","Rijswijkseweg","'s-Gravenhage","'s-Gravenhage","Zuid-Holland",false,52.063378,4.331678,"injury","2","clear",false,1,"GM0518"
"20230051318",2023,"Uitsluitend materiele schade",2,"Fiets","Personenauto","Flank","Kruispunt, 4 takken",30,"Niet brandend","Daglicht","Droog",\N,\N,"Frieslandlaan","Vlaardingen","Vlaardingen","Zuid-Holland",false,51.941442,4.350431,"material damage only","4","clear",false,1,"GM0622"
"20230058200",2023,"Letsel",1,"Fiets",\N,"Eenzijdig","Rechte weg",50,"Brandend","Duisternis","Droog",\N,"187325141","Lammenschansweg","Leiden","Leiden","Zuid-Holland",false,52.149481,4.494045,"injury","2","clear",false,1,"GM0546"
"20230063043",2023,"Uitsluitend materiele schade",2,"Personenauto","Fiets","Flank","Kruispunt, 3 takken",30,"Niet brandend","Daglicht","Droog",\N,\N,"Rector Beversstraat","Gemert","Gemert-Bakel","Noord-Brabant",false,51.561046,5.689102,"material damage only","4","clear",false,1,"GM1652"
"20230042592",2023,"Uitsluitend materiele schade",2,"Snorfiets","Fiets","Flank","Kruispunt, 4 takken",50,"Niet brandend","Daglicht","Droog",\N,\N,"Beemdstraat","Eindhoven","Eindhoven","Noord-Brabant",false,51.428894,5.447824,"material damage only","4","clear",false,1,"GM0772"
"20230042610",2023,"Letsel",3,"Personenauto","Fiets","Geparkeerd voertuig","Bocht",30,"Niet brandend","Daglicht","Droog","Parkeervoorziening","600697677","17 Septemberplein","Son en Breugel","Son en Breugel","Noord-Brabant",false,51.51167,5.490141,"injury","2","clear",false,1,"GM0848"
"20230061589",2023,"Uitsluitend materiele schade",2,"Fiets","Snorfiets","Flank","Rechte weg",30,"Niet brandend","Daglicht","Droog","Brug/viaduct","600697116","FIETSPAD","Rotterdam","Rotterdam","Zuid-Holland",true,51.909488,4.485431,"material damage only","4","clear",false,1,"GM0599"
"20230062653",2023,"Uitsluitend materiele schade",2,"Fiets","Fiets","Flank","Kruispunt, 4 takken",30,"Niet brandend","Daglicht","Droog",\N,\N,"Karel de Grotelaan","Eindhoven","Eindhoven","Noord-Brabant",false,51.433324,5.467141,"material damage only","4","clear",false,1,"GM0772"
"20230040319",2023,"Letsel",2,"Fiets","Fiets","Onbekend","Rechte weg",60,"Niet brandend","Daglicht","Droog",\N,"204332001","Aderweg","Roelofarendsveen","Kaag en Braassem","Zuid-Holland",false,52.178491,4.61619,"injury","2","clear",false,1,"GM1884"
"20230061052",2023,"Letsel",1,"Fiets",\N,"Eenzijdig","Rechte weg",50,"Niet brandend","Daglicht","Droog",\N,\N,"Hoogeveenseweg Zuid","Zoetermeer","Zoetermeer","Zuid-Holland",false,52.057742,4.437135,"injury","2","clear",false,1,"GM0637"
"20230061079",2023,"Letsel",2,"Bromfiets","Fiets","Flank","Kruispunt, 3 takken",50,"Niet brandend","Daglicht","Droog",\N,\N,"Van de Spiegelstraat","Delft","Delft","Zuid-Holland",false,52.008901,4.351874,"injury","2","clear",false,1,"GM0503"
"20230061613",2023,"Letsel",4,"Bestelauto","Fiets","Eenzijdig","Rechte weg",60,"Niet aanwezig","Daglicht","Droog",\N,"193315004","Noordpolder","Benthuizen","Alphen aan den Rijn","Zuid-Holland",false,52.104365,4.542488,"injury","2","clear",false,1,"GM0484"
"20240133183",2024,"Letsel",2,"Fiets","Overig vast object","Vast voorwerp","Kruispunt, 3 takken",15,"Niet brandend","Daglicht","Droog",\N,\N,"Prins Bernhardstraat","Koudekerk aan den Rijn","Alphen aan den Rijn","Zuid-Holland",false,52.13308,4.59876,"injury","2","clear",false,1,"GM0484"
"20230040383",2023,"Uitsluitend materiele schade",2,"Bromfiets","e-bike","Onbekend","Kruispunt, 4 takken",50,"Niet brandend","Daglicht","Droog",\N,\N,"Bos en Lommerweg","Amsterdam","Amsterdam","Noord-Holland",false,52.378186,4.847595,"material damage only","4","clear",false,1,"GM0363"
"20230065283",2023,"Uitsluitend materiele schade",1,"Fiets",\N,"Onbekend","Rechte weg",\N,"Niet brandend","Daglicht","Droog",\N,"417430001","Oude Rijksweg","Rouveen","Staphorst","Overijssel",false,52.619127,6.184619,"material damage only","4","clear",false,1,"GM0180"
"20230040417",2023,"Letsel",2,"e-bike","Fiets","Frontaal","Kruispunt, 4 takken",30,"Niet aanwezig","Daglicht","Droog","Brug/viaduct",\N,"0069 BRUG","Amsterdam","Amsterdam","Noord-Holland",false,52.362564,4.887892,"injury","2","clear",false,1,"GM0363"
"20230043313",2023,"Uitsluitend materiele schade",2,"Personenauto","Fiets","Flank","Kruispunt, 4 takken",70,"Niet brandend","Daglicht","Droog",\N,\N,"Leostraat","Eindhoven","Eindhoven","Noord-Brabant",false,51.424169,5.492406,"material damage only","4","clear",false,1,"GM0772"
"20230045645",2023,"Letsel",1,"Fiets",\N,"Eenzijdig","Bocht",60,"Niet brandend","Daglicht","Droog",\N,"344275001","Dalwagen","Dodewaard","Neder-Betuwe","Gelderland",false,51.927045,5.648437,"injury","2","clear",false,1,"GM1740"
"20230045651",2023,"Letsel",1,"e-bike",\N,"Eenzijdig","Rechte weg",80,"Niet brandend","Daglicht","Droog",\N,"600614939","Meezendreef","Kesteren","Neder-Betuwe","Gelderland",false,51.923878,5.570631,"injury","2","clear",false,1,"GM1740"
"20230049743",2023,"Letsel",2,"Fiets","Scootmobiel","Flank","Rechte weg",50,"Niet brandend","Daglicht","Droog",\N,"600599416","Ridder van Catsweg","Gouda","Gouda","Zuid-Holland",false,52.030122,4.705503,"injury","2","clear",false,1,"GM0513"
"20230056713",2023,"Uitsluitend materiele schade",2,"Snorfiets","Fiets","Flank","Rechte weg",30,"Niet brandend","Daglicht","Droog",\N,"408400133","Nieuwe Deventerweg","Zwolle","Zwolle","Overijssel",false,52.487683,6.111644,"material damage only","4","clear",false,1,"GM0193"
"20230063741",2023,"Letsel",2,"Personenauto","Fiets","Flank","Kruispunt, 4 takken",70,"Niet brandend","Daglicht","Droog",\N,\N,"Nieuwe Kadijk","Breda","Breda","Noord-Brabant",false,51.601329,4.785852,"injury","2","clear",false,1,"GM0758"
"20240129392",2024,"Letsel",2,"Personenauto","Fiets","Flank","Kruispunt, 4 takken",50,"Niet brandend","Daglicht","Droog",\N,\N,"Diamantweg","Utrecht","Utrecht","Utrecht",false,52.073195,5.118882,"injury","2","clear",false,1,"GM0344"
"20240129928",2024,"Uitsluitend materiele schade",1,"Fiets",\N,"Onbekend","Rechte weg",\N,"Niet brandend","Daglicht","Droog",\N,"295379009","Derkinderenpad","Almere","Almere","Flevoland",false,52.395719,5.283966,"material damage only","4","clear",false,1,"GM0034"
"20230041594",2023,"Uitsluitend materiele schade",2,"Fiets","Fiets","Flank","Rotonde",30,"Niet brandend","Daglicht","Droog",\N,\N,"Mgr.Wilmerstraat","Boxtel","Boxtel","Noord-Brabant",false,51.592061,5.325517,"material damage only","4","clear",false,1,"GM0757"
"20230050918",2023,"Uitsluitend materiele schade",2,"Vrachtauto","Fiets","Onbekend","Kruispunt, 4 takken",50,"Niet brandend","Daglicht","Droog",\N,\N,"Bisschop Bekkerslaan","Eindhoven","Eindhoven","Noord-Brabant",false,51.476183,5.479683,"material damage only","4","clear",false,1,"GM0772"
"20230053865",2023,"Uitsluitend materiele schade",2,"Personenauto","Fiets","Flank","Rechte weg",30,"Niet brandend","Daglicht","Droog",\N,"313166018","Grasvink","Eindhoven","Eindhoven","Noord-Brabant",false,51.439976,5.411312,"material damage only","4","clear",false,1,"GM0772"
"20230054436",2023,"Letsel",3,"Personenauto","Fiets","Frontaal","Bocht",50,"Brandend","Duisternis","Droog",\N,\N,"Onzelievevrouwestraat","Weert","Weert","Limburg",true,51.249986,5.71822,"injury","2","clear",false,1,"GM0988"
"20230058637",2023,"Letsel",1,"Fiets",\N,"Eenzijdig","Rechte weg",30,"Brandend","Duisternis","Droog",\N,"165304121","Herenstraat","Rijswijk","Rijswijk","Zuid-Holland",false,52.055233,4.332655,"injury","2","clear",false,1,\N
"20230060670",2023,"Letsel",2,"Motor","Fiets","Frontaal","Rechte weg",50,"Niet brandend","Daglicht","Droog",\N,\N,"Korvelseweg","Tilburg","Tilburg","Noord-Brabant",false,51.549972,5.069256,"injury","2","clear",false,1,"GM0855"
"20240127255",2024,"Uitsluitend materiele schade",1,"Fiets",\N,"Kop/staart","Rechte weg",\N,"Niet brandend","Daglicht","Droog",\N,"450425003","Langewijk","Dedemsvaart","Hardenberg","Overijssel",false,52.600727,6.433979,"material damage only","4","clear",false,1,"GM0160"
"20230038175",2023,"Letsel",2,"Fiets","Fiets","Frontaal","Rechte weg",50,"Niet brandend","Daglicht","Droog",\N,"266434033","Venenlaan","Hoorn","Hoorn","Noord-Holland",false,52.642825,5.068589,"injury","2","clear",false,1,"GM0405"
"20230038182",2023,"Letsel",2,"Bromfiets","Fiets","Flank","Kruispunt, 4 takken",50,"Niet brandend","Daglicht","Droog",\N,\N,"Oude Kanaaldijk","Alkmaar","Alkmaar","Noord-Holland",false,52.649049,4.743677,"injury","2","clear",false,1,"GM0361"
"20230042189",2023,"Letsel",2,"Personenauto","e-bike","Flank","Rotonde",60,"Niet brandend","Daglicht","Droog",\N,\N,"ABT VAN ENGELENLAAN","Haarsteeg","Heusden","Noord-Brabant",false,51.703288,5.186462,"injury","2","clear",false,1,"GM0797"
"20230060691",2023,"Uitsluitend materiele schade",2,"Personenauto","Fiets","Kop/staart","Kruispunt, 3 takken",50,"Niet brandend","Daglicht","Droog",\N,\N,"Grevelingenweg","Dordrecht","Dordrecht","Zuid-Holland",false,51.81566,4.722262,"material damage only","4","clear",false,1,"GM0505"
"20240128071",2024,"Letsel",2,"Bromfiets","Fiets","Flank","Kruispunt, 3 takken",50,"Niet brandend","Daglicht","Droog",\N,\N,"Graafsepad","Nijmegen","Nijmegen","Gelderland",false,51.827758,5.822469,"injury","2","clear",false,1,"GM0268"
"20230038228",2023,"Letsel",2,"Bus","Fiets","Flank","Kruispunt, 4 takken",50,"Niet brandend","Daglicht","Droog",\N,\N,"Schipholweg","Haarlem","Haarlem","Noord-Holland",false,52.370191,4.649042,"injury","2","clear",false,1,"GM0392"
"20230050432",2023,"Letsel",1,"Fiets",\N,"Eenzijdig","Rechte weg",30,"Niet brandend","Daglicht","Droog",\N,"218301024","Raadhuisweg","Reeuwijk","Bodegraven-Reeuwijk","Zuid-Holland",false,52.044906,4.722389,"injury","2","clear",false,1,"GM1901"
"20230060760",2023,"Uitsluitend materiele schade",2,"Personenauto","Fiets","Flank","Rechte weg",50,"Niet brandend","Daglicht","Droog",\N,\N,"Spuiboulevard","Dordrecht","Dordrecht","Zuid-Holland",false,51.811978,4.662274,"material damage only","4","clear",false,1,"GM0505"
"20240127698",2024,"Uitsluitend materiele schade",2,"Personenauto","Fiets","Flank","Kruispunt, 3 takken",50,"Niet brandend","Daglicht","Droog",\N,\N,"Topaasstraat","Groningen","Groningen","Groningen",false,53.229377,6.524018,"material damage only","4","clear",false,1,"GM0014"
"20230065755",2023,"Letsel",2,"Personenauto","Fiets","Flank","Kruispunt, 3 takken",50,"Niet brandend","Daglicht","Droog",\N,\N,"Lauwers","Drachten","Smallingerland","Friesland",false,53.093012,6.066113,"injury","2","clear",false,1,"GM0090"
"20230066215",2023,"Uitsluitend materiele schade",2,"Personenauto","Fiets","Flank","Rotonde",50,"Niet brandend","Duisternis","Regen",\N,\N,"Ypesteinerlaan","Heiloo","Heiloo","Noord-Holland",false,52.587931,4.702708,"material damage only","4","rain",false,1,"GM0399"
"20240128400",2024,"Letsel",2,"Personenauto","Fiets","Onbekend","Rechte weg",30,"Niet brandend","Daglicht","Droog",\N,"388287029","Kinderkamp","Arnhem","Arnhem","Gelderland",false,51.981505,5.962325,"injury","2","clear",false,1,"GM0202"
"20230066568",2023,"Letsel",2,"Personenauto","Fiets","Flank","Rotonde",50,"Niet brandend","Daglicht","Droog",\N,\N,"Jan Ligthartstraat","Heemskerk","Heemskerk","Noord-Holland",true,52.504886,4.666489,"injury","2","clear",false,1,"GM0396"
"20230053412",2023,"Uitsluitend materiele schade",2,"Bestelauto","Fiets","Flank","Kruispunt, 3 takken",30,"Niet brandend","Daglicht","Droog",\N,\N,"Stationsplein","Roosendaal","Roosendaal","Noord-Brabant",false,51.539334,4.459675,"material damage only","4","clear",false,1,"GM1674"
"20230053956",2023,"Uitsluitend materiele schade",2,"Personenauto","Fiets","Flank","Kruispunt, 4 takken",30,"Niet brandend","Daglicht","Droog",\N,\N,"Aeneaslaan","Eindhoven","Eindhoven","Noord-Brabant",false,51.460415,5.494523,"material damage only","4","clear",false,1,"GM0772"
"20230055100",2023,"Uitsluitend materiele schade",2,"Personenauto","Fiets","Flank","Kruispunt, 4 takken",50,"Niet brandend","Daglicht","Droog",\N,\N,"Eems","Veendam","Veendam","Groningen",false,53.094413,6.856317,"material damage only","4","clear",false,1,"GM0047"
"20230055693",2023,"Letsel",2,"Fiets","Personenauto","Flank","Rotonde",50,"Niet brandend","Daglicht","Droog",\N,\N,"Sorghvlietlaan","Veendam","Veendam","Groningen",false,53.106205,6.87012,"injury","2","clear",false,1,"GM0047"
"20230065473",2023,"Uitsluitend materiele schade",2,"Personenauto","Fiets","Flank","Kruispunt, 4 takken",50,"Niet brandend","Daglicht","Droog",\N,\N,"Stationsstraat","Apeldoorn","Apeldoorn","Gelderland",false,52.216318,5.96477,"material damage only","4","clear",false,1,"GM0200"
"20230066272",2023,"Letsel",2,"e-bike","Overig vast object","Vast voorwerp","Rotonde",30,"Niet brandend","Daglicht","Droog",\N,\N,"Zijde","Boskoop","Alphen aan den Rijn","Zuid-Holland",false,52.074612,4.654036,"injury","2","clear",false,1,"GM0484"
"20230040565",2023,"Uitsluitend materiele schade",2,"Personenauto","Fiets","Flank","Rechte weg",30,"Niet brandend","Daglicht","Droog",\N,"600763521","Prins Hendrikkade","Amsterdam","Amsterdam","Noord-Holland",false,52.374232,4.90505,"material damage only","4","clear",false,1,"GM0363"
"20230041147",2023,"Uitsluitend materiele schade",2,"Personenauto","Fiets","Flank","Kruispunt, 4 takken",30,"Niet brandend","Daglicht","Droog",\N,\N,"Stationsstraat","Swalmen","Roermond","Limburg",false,51.233004,6.037149,"material damage only","4","clear",false,1,"GM0957"
"20230056314",2023,"Uitsluitend materiele schade",2,"Bromfiets","Fiets","Frontaal","Kruispunt, 4 takken",30,"Niet brandend","Daglicht","Droog",\N,\N,"Veerallee","Zwolle","Zwolle","Overijssel",false,52.507736,6.081536,"material damage only","4","clear",false,1,"GM0193"
"20230050522",2023,"Letsel",2,"Personenauto","Fiets","Onbekend","Kruispunt, 4 takken",50,"Niet brandend","Daglicht","Droog",\N,\N,"Escamplaan","'s-Gravenhage","'s-Gravenhage","Zuid-Holland",false,52.043647,4.241959,"injury","2","clear",false,1,"GM0518"
"20230066167",2023,"Letsel",2,"Personenauto","e-bike","Flank","Rotonde",50,"Niet brandend","Daglicht","Droog",\N,\N,"Amerlandseweg","Breukelen","Stichtse Vecht","Utrecht",false,52.170849,4.99364,"injury","2","clear",false,1,"GM1904"
"20240130755",2024,"Letsel",3,"Fiets","Fiets","Flank","Rechte weg",60,"Niet aanwezig","Daglicht","Droog",\N,\N,"Plaggenweg","Holten","Rijssen-Holten","Overijssel",false,52.318033,6.460564,"injury","2","clear",false,1,"GM1742"
"20230040664",2023,"Letsel",2,"Snorfiets","Fiets","Flank","Rechte weg",50,"Niet aanwezig","Daglicht","Droog",\N,"213329002","Langeraarseweg","Ter Aar","Nieuwkoop","Zuid-Holland",false,52.168365,4.683929,"injury","2","clear",false,1,"GM0569"
"20230045310",2023,"Uitsluitend materiele schade",2,"Bromfiets","Fiets","Flank","Rechte weg",30,"Niet brandend","Daglicht","Regen",\N,"374256106","Tunnelweg","Nijmegen","Nijmegen","Gelderland",false,51.843801,5.856649,"material damage only","4","rain",false,1,"GM0268"
"20230047064",2023,"Uitsluitend materiele schade",2,"Bromfiets","Fiets","Onbekend","Rechte weg",50,"Niet brandend","Daglicht","Droog",\N,"600742556","Cruquiusdijk","Cruquius","Haarlemmermeer","Noord-Holland",false,52.339112,4.644031,"material damage only","4","clear",false,1,"GM0394"
"20230047648",2023,"Letsel",2,"Personenauto","Fiets","Flank","Kruispunt, 3 takken",50,"Niet brandend","Daglicht","Droog",\N,\N,"Sweder van Zuylenweg","Utrecht","Utrecht","Utrecht",false,52.109872,5.091742,"injury","2","clear",false,1,"GM0344"
"20230056967",2023,"Uitsluitend materiele schade",2,"Bromfiets","Fiets","Flank","Rechte weg",60,"Niet brandend","Daglicht","Droog",\N,"292250015","MARTINUS NIJHOFBRUG","Zaltbommel","Zaltbommel","Gelderland",false,51.816598,5.260184,"material damage only","4","clear",false,1,"GM0297"
"20230043002",2023,"Letsel",3,"Bromfiets","Fiets","Onbekend","Rechte weg",30,"Niet brandend","Daglicht","Droog",\N,"324172063","Mercuriuslaan","Eindhoven","Eindhoven","Noord-Brabant",false,51.466565,5.490299,"injury","2","clear",false,1,"GM0772"
"20240131652",2024,"Uitsluitend materiele schade",2,"Motor","Fiets","Onbekend","Rechte weg",30,"Niet brandend","Daglicht","Droog",\N,"240372150","1e C Huygensstr","Amsterdam","Amsterdam","Noord-Holland",false,52.364907,4.874225,"material damage only","4","clear",false,1,"GM0363"
"20240132022",2024,"Letsel",1,"Fiets",\N,"Flank","Kruispunt, 3 takken",50,"Brandend","Duisternis","Droog",\N,\N,"Stationsstraat","Wormerveer","Zaanstad","Noord-Holland",false,52.48975,4.793371,"injury","2","clear",false,1,"GM0479"
"20240132133",2024,"Letsel",3,"Bestelauto","Fiets","Flank","Kruispunt, 3 takken",30,"Niet aanwezig","Daglicht","Droog",\N,\N,"Oranjestraat","Monnickendam","Waterland","Noord-Holland",false,52.455136,5.033197,"injury","2","clear",false,1,"GM0852"
"20240132928",2024,"Letsel",1,"Fiets",\N,"Onbekend","Bocht",30,"Brandend","Duisternis","Droog",\N,"221310051","Stationsweg","Bodegraven","Bodegraven-Reeuwijk","Zuid-Holland",false,52.082234,4.744784,"injury","2","clear",false,1,"GM1901"
"20240133413",2024,"Letsel",2,"Fiets","Voetganger","Voetganger","Rechte weg",30,"Niet brandend","Daglicht","Droog",\N,"168294119","Nieuwstraat","Delft","Delft","Zuid-Holland",false,52.011398,4.35693,"injury","2","clear",false,1,"GM0503"
"20230039588",2023,"Uitsluitend materiele schade",3,"Bus","Fiets","Flank","Rotonde",50,"Niet brandend","Daglicht","Droog",\N,\N,"Van der Hooplaan","Amstelveen","Amstelveen","Noord-Holland",false,52.290572,4.854461,"material damage only","4","clear",false,1,"GM0362"
"20230041889",2023,"Uitsluitend materiele schade",2,"Fiets","Fiets","Frontaal","Rechte weg",50,"Niet brandend","Daglicht","Droog",\N,"600672656","Locatellistraat","Eindhoven","Eindhoven","Noord-Brabant",false,51.416242,5.450389,"material damage only","4","clear",false,1,"GM0772"
"20230045968",2023,"Uitsluitend materiele schade",2,"Fiets","Fiets","Flank","Kruispunt, 4 takken",30,"Niet brandend","Daglicht","Droog",\N,\N,"Korenstraat","Apeldoorn","Apeldoorn","Gelderland",false,52.21439,5.959946,"material damage only","4","clear",false,1,"GM0200"
"20230045977",2023,"Uitsluitend materiele schade",2,"Personenauto","Fiets","Flank","Kruispunt, 4 takken",30,"Niet brandend","Daglicht","Droog",\N,\N,"Karpergracht","Beuningen Gld","Beuningen","Gelderland",false,51.847379,5.766521,"material damage only","4","clear",false,1,"GM0209"
"20220203851",2022,"Uitsluitend materiele schade",2,"Bromfiets","e-bike","Onbekend","Rechte weg",30,"Niet brandend","Daglicht","Droog",\N,"269298006","Prof. Dr. Hesselaan","Nieuwegein","Nieuwegein","Utrecht",false,52.032966,5.088935,"material damage only","4","clear",false,1,"GM0356"
"20220014791",2022,"Dodelijk",2,"Personenauto","e-bike","Flank","Kruispunt, 3 takken",50,"Niet brandend","Daglicht","Droog",\N,\N,"Cruquiusweg","Heemstede","Heemstede","Noord-Holland",false,52.345788,4.624185,"fatal","1","clear",false,1,"GM0397"
"20220213374",2022,"Dodelijk",1,"e-bike",\N,"Eenzijdig","Rechte weg",60,"Brandend","Daglicht","Droog",\N,"600732566","Weipoortseweg","Zoeterwoude","Zoeterwoude","Zuid-Holland",false,52.113552,4.523022,"fatal","1","clear",false,1,"GM0638"
"20220207311",2022,"Letsel",3,"Personenauto","Fiets","Onbekend","Rechte weg",30,"Niet brandend","Daglicht","Droog",\N,"213345007","Leimuiderdijk","Burgerveen","Haarlemmermeer","Noord-Holland",false,52.242773,4.691457,"injury","2","clear",false,1,"GM0394"
"20220208133",2022,"Uitsluitend materiele schade",2,"Bromfiets","e-bike","Flank","Kruispunt, 4 takken",50,"Brandend","Duisternis","Droog",\N,\N,"Wageweg","Alkmaar","Alkmaar","Noord-Holland",false,52.63071,4.75519,"material damage only","4","clear",false,1,"GM0361"
"20220221624",2022,"Uitsluitend materiele schade",2,"Personenauto","Fiets","Flank","Rotonde",50,"Brandend","Duisternis","Droog",\N,\N,"Slotlaan","Capelle aan den IJssel","Capelle aan den IJssel","Zuid-Holland",false,51.924782,4.581693,"material damage only","4","clear",false,1,"GM0502"
"20220222308",2022,"Uitsluitend materiele schade",2,"Fiets","Personenauto","Flank","Kruispunt, 4 takken",30,"Niet brandend","Schemer","Droog",\N,\N,"Grindweg","Rotterdam","Rotterdam","Zuid-Holland",false,51.958978,4.494718,"material damage only","4","clear",false,1,"GM0599"
"20220223478",2022,"Uitsluitend materiele schade",2,"Personenauto","Fiets","Flank","Rotonde",50,"Niet brandend","Daglicht","Droog",\N,\N,"Sint Antoniusstraat","Oosterhout","Oosterhout","Noord-Brabant",false,51.640211,4.868911,"material damage only","4","clear",false,1,"GM0826"
"20220210935",2022,"Letsel",2,"Personenauto","Fiets","Flank","Kruispunt, 3 takken",50,"Niet brandend","Daglicht","Droog",\N,\N,"Admiraal Helfrichstraat","Amsterdam","Amsterdam","Noord-Holland",false,52.371189,4.845009,"injury","2","clear",false,1,"GM0363"
"20220213631",2022,"Letsel",1,"Fiets",\N,"Eenzijdig","Bocht",30,"Niet brandend","Daglicht","Droog",\N,"600716486","Schaapweg","Rijswijk","Rijswijk","Zuid-Holland",false,52.038675,4.299103,"injury","2","clear",false,1,\N
"20220218047",2022,"Letsel",1,"Fiets",\N,"Eenzijdig",\N,50,\N,"Duisternis",\N,\N,"175305022","Zoetermeerse Rijweg","'s-Gravenhage","'s-Gravenhage","Zuid-Holland",false,52.059308,4.408489,"injury","2","unknown",false,1,"GM0518"
"20220218082",2022,"Letsel",2,"Personenauto","e-bike","Flank","Rechte weg",60,"Niet brandend","Daglicht","Droog",\N,"600557310","Paul Captijnlaan","Poeldijk","Westland","Zuid-Holland",false,52.029009,4.230487,"injury","2","clear",false,1,"GM1783"
"20220228862",2022,"Uitsluitend materiele schade",2,"Personenauto","Fiets","Onbekend","Rechte weg",30,"Brandend","Duisternis","Droog",\N,\N,"Postelstraat","Someren","Someren","Noord-Brabant",false,51.385857,5.712898,"material damage only","4","clear",false,1,"GM0847"
"20220051093",2022,"Dodelijk",2,"Personenauto","Fiets","Flank","Rechte weg",50,"Brandend","Duisternis","Droog",\N,\N,"Asterstraat","Hilversum","Hilversum","Noord-Holland",false,52.211216,5.164785,"fatal","1","clear",false,1,"GM0402"
"20220213683",2022,"Letsel",2,"Personenauto","Fiets","Onbekend","Kruispunt, 4 takken",\N,\N,"Daglicht",\N,\N,\N,"Jacoba van Beierenlaan","Delft","Delft","Zuid-Holland",false,52.003066,4.352145,"injury","2","unknown",false,1,"GM0503"
"20220219526",2022,"Uitsluitend materiele schade",2,"Fiets","Personenauto","Onbekend","Kruispunt, 3 takken",50,"Niet brandend","Daglicht","Droog",\N,\N,"Mallegout","Brielle","Voorne aan Zee","Zuid-Holland",false,51.891348,4.164048,"material damage only","4","clear",false,1,"GM1992"
"20220224507",2022,"Letsel",2,"Personenauto","e-bike","Flank","Kruispunt, 4 takken",30,"Niet brandend","Daglicht","Droog",\N,\N,"Kesterenlaan","Breda","Breda","Noord-Brabant",false,51.610179,4.72449,"injury","2","clear",false,1,"GM0758"
"20220224530",2022,"Letsel",2,"Personenauto","Fiets","Flank","Kruispunt, 4 takken",30,"Niet brandend","Daglicht","Droog",\N,\N,"Lage Witsiebaan","Tilburg","Tilburg","Noord-Brabant",false,51.573067,5.061806,"injury","2","clear",false,1,"GM0855"
"20220231502",2022,"Uitsluitend materiele schade",2,"Personenauto","Fiets","Onbekend","Rotonde",50,"Brandend","Duisternis","Regen",\N,\N,"Nieuwe Maasheseweg","Venray","Venray","Limburg",false,51.532159,5.984281,"material damage only","4","rain",false,1,"GM0984"
"20220210999",2022,"Letsel",2,"Bromfiets","Fiets","Frontaal","Rechte weg",\N,"Niet brandend","Daglicht","Droog",\N,\N,"De Boelelaan","Amsterdam","Amsterdam","Noord-Holland",false,52.334929,4.878848,"injury","2","clear",false,1,"GM0363"
"20220217409",2022,"Letsel",2,"Fiets","e-bike","Onbekend","Rechte weg",15,"Niet brandend","Daglicht","Droog","Brug/viaduct","179291001","Oude Leedeweg","Pijnacker","Pijnacker-Nootdorp","Zuid-Holland",false,51.997572,4.440444,"injury","2","clear",false,1,"GM1926"
"20220219570",2022,"Uitsluitend materiele schade",2,"Personenauto","Fiets","Flank","Kruispunt, 3 takken",50,"Niet brandend","Daglicht","Droog",\N,\N,"Koperstraat","Rotterdam","Rotterdam","Zuid-Holland",false,51.950163,4.551691,"material damage only","4","clear",false,1,"GM0599"
"20220220359",2022,"Uitsluitend materiele schade",2,"Fiets","Personenauto","Flank","Rechte weg",50,"Niet brandend","Daglicht","Droog",\N,"208245135","Karel Doormanweg","Dordrecht","Dordrecht","Zuid-Holland",false,51.793534,4.655348,"material damage only","4","clear",false,1,"GM0505"
"20220203276",2022,"Letsel",3,"Fiets","Personenauto","Onbekend","Rotonde",50,"Niet brandend","Daglicht","Droog",\N,\N,"Baronieweg","IJsselstein","IJsselstein","Utrecht",false,52.014676,5.048603,"injury","2","clear",false,1,"GM0353"
"20220213785",2022,"Letsel",2,"Personenauto","Fiets","Flank","Kruispunt, 4 takken",50,"Brandend","Duisternis","Droog",\N,\N,"Kranenburgweg","'s-Gravenhage","'s-Gravenhage","Zuid-Holland",false,52.092102,4.265462,"injury","2","clear",false,1,"GM0518"
"20220223777",2022,"Uitsluitend materiele schade",2,"Snorfiets","Fiets","Onbekend","Rechte weg",\N,"Niet brandend","Daglicht","Droog",\N,"264194051","Academiepad","Tilburg","Tilburg","Noord-Brabant",false,51.563712,5.056938,"material damage only","4","clear",false,1,"GM0855"
"20220199107",2022,"Letsel",3,"Personenauto","Fiets","Los voorwerp","Rechte weg",60,"Niet aanwezig","Schemer","Droog",\N,"600859360","Zwolseweg","Heino","Raalte","Overijssel",false,52.441049,6.23412,"injury","2","clear",false,1,"GM0177"
"20220207551",2022,"Letsel",2,"Personenauto","Fiets","Flank","Kruispunt, 4 takken",50,"Niet brandend","Daglicht","Droog",\N,\N,"De Factorij","Zwaag","Hoorn","Noord-Holland",false,52.6678,5.062367,"injury","2","clear",false,1,"GM0405"
"20220210333",2022,"Letsel",2,"Motor","Fiets","Onbekend","Rechte weg",50,"Brandend","Duisternis","Regen",\N,"241370109","Albert Cuypstraat","Amsterdam","Amsterdam","Noord-Holland",false,52.354586,4.887708,"injury","2","rain",false,1,"GM0363"
"20220218700",2022,"Uitsluitend materiele schade",2,"Personenauto","Fiets","Frontaal","Bocht",30,"Niet brandend","Schemer","Regen",\N,"227252027","Valkweg","Sliedrecht","Sliedrecht","Zuid-Holland",false,51.824644,4.787537,"material damage only","4","rain",false,1,"GM0610"