"accident_id","year","severity_raw","party_count","party1_type","party2_type","accident_type","road_situation","speed_limit_kmh","road_lighting","light_condition_label","weather_raw","infra_type","road_segment_id","street_name","place_name","gemeente_name_raw","province","alcohol_indicated","latitude","longitude","severity_label","severity_code","weather_label","built_up_area","cyclists_involved","gemeente_code"
"20230107084",2023,"Letsel",2,"Bromfiets","Fiets","Onbekend","Kruispunt, 4 takken",50,"Niet brandend","Daglicht","Droog",\N,\N,"Kapteynweg","Dordrecht","Dordrecht","Zuid-Holland",false,51.790144,4.678369,"injury","2","clear",false,1,"GM0505"
"20230085353",2023,"Uitsluitend materiele schade",2,"Personenauto","Fiets","Kop/staart","Rechte weg",30,"Brandend","Daglicht","Regen",\N,"348284060","Bevrijdingsstraat","Wageningen","Wageningen","Gelderland",false,51.967964,5.667553,"material damage only","4","rain",false,1,"GM0289"
"20230085372",2023,"Letsel",2,"Personenauto","Fiets","Geparkeerd voertuig","Rechte weg",50,"Niet brandend","Daglicht","Droog","Parkeervoorziening","455374006","de Joncheerelaan","Nijverdal","Hellendoorn","Overijssel",false,52.368314,6.453137,"injury","2","clear",false,1,"GM0163"
"20230089449",2023,"Letsel",1,"Fiets",\N,"Eenzijdig","Rechte weg",50,"Niet brandend","Daglicht","Regen",\N,"148291205","Pijle Tuinenweg","Naaldwijk","Westland","Zuid-Holland",false,51.994809,4.215108,"injury","2","rain",false,1,"GM1783"
"20230100422",2023,"Letsel",2,"Personenauto","Fiets","Flank","Rotonde",30,"Niet brandend","Daglicht","Droog",\N,\N,"Montpellierlaan","Eindhoven","Eindhoven","Noord-Brabant",false,51.478538,5.447197,"injury","2","clear",false,1,"GM0772"
"20230101036",2023,"Uitsluitend materiele schade",2,"Personenauto","Fiets","Flank","Kruispunt, 4 takken",50,"Brandend","Duisternis","Droog",\N,\N,"Oostplein","Rotterdam","Rotterdam","Zuid-Holland",false,51.922818,4.49662,"material damage only","4","clear",false,1,"GM0599"
"20230103161",2023,"Uitsluitend materiele schade",1,"Fiets",\N,"Eenzijdig","Rechte weg",50,"Niet brandend","Daglicht","Droog",\N,"213250033","Oranjelaan","Dordrecht","Dordrecht","Zuid-Holland",false,51.815286,4.687536,"material damage only","4","clear",false,1,"GM0505"
"20230081311",2023,"Uitsluitend materiele schade",2,"Fiets","Personenauto","Flank","Rotonde",50,"Niet brandend","Daglicht","Droog",\N,\N,"Grondmolen","Halsteren","Bergen op Zoom","Noord-Brabant",false,51.535591,4.283176,"material damage only","4","clear",false,1,"GM0748"
"20230084255",2023,"Uitsluitend materiele schade",2,"Personenauto","e-bike","Flank","Kruispunt, 3 takken",50,"Niet brandend","Daglicht","Droog",\N,\N,"Ducaatstraat","Zaandam","Zaanstad","Noord-Holland",false,52.428391,4.799187,"material damage only","4","clear",false,1,"GM0479"
"20230088913",2023,"Letsel",3,"Vrachtauto","Fiets","Eenzijdig","Rotonde",50,"Niet brandend","Daglicht","Regen",\N,\N,"Landscheiding Zuid","Bergschenhoek","Lansingerland","Zuid-Holland",false,51.989433,4.478996,"injury","2","rain",false,1,"GM1621"
"20230090065",2023,"Uitsluitend materiele schade",2,"Fiets","Bromfiets","Kop/staart","Rechte weg",50,"Brandend","Duisternis","Droog",\N,"144299016","Molenweg","Monster","Westland","Zuid-Holland",false,52.030188,4.178081,"material damage only","4","clear",false,1,"GM1783"
"20230091287",2023,"Uitsluitend materiele schade",2,"Personenauto","Fiets","Onbekend","Kruispunt, 4 takken",50,"Niet brandend","Daglicht","Droog",\N,\N,"Bazuinstraat","Maastricht","Maastricht","Limburg",false,50.856371,5.670341,"material damage only","4","clear",false,1,"GM0935"
"20230093632",2023,"Letsel",1,"Fiets",\N,"Eenzijdig","Rechte weg",60,"Niet brandend","Daglicht","Droog",\N,"445351001","Dorperdijk","Holten","Rijssen-Holten","Overijssel",false,52.264895,6.382481,"injury","2","clear",false,1,"GM1742"
"20230096491",2023,"Letsel",2,"Bromfiets","Fiets","Flank","Kruispunt, 3 takken",50,"Niet brandend","Daglicht","Droog",\N,\N,"Waterhoenlaan","Vinkeveen","De Ronde Venen","Utrecht",false,52.211779,4.921525,"injury","2","clear",false,1,"GM0736"
"20230097653",2023,"Letsel",2,"Fiets","Personenauto","Kop/staart","Kruispunt, 3 takken",50,"Niet brandend","Daglicht","Regen",\N,\N,"Büllerlaan","Beverwijk","Beverwijk","Noord-Holland",false,52.493492,4.660923,"injury","2","rain",false,1,"GM0375"
"20230102254",2023,"Uitsluitend materiele schade",2,"Personenauto","Fiets","Flank","Kruispunt, 3 takken",30,"Niet brandend","Daglicht","Droog",\N,\N,"Bentelostraat","'s-Gravenhage","'s-Gravenhage","Zuid-Holland",false,52.045603,4.274885,"material damage only","4","clear",false,1,"GM0518"
"20230103760",2023,"Uitsluitend materiele schade",2,"Personenauto","Fiets","Flank","Kruispunt, 3 takken",30,"Niet brandend","Daglicht","Mist",\N,\N,"Boezemsingel","Rotterdam","Rotterdam","Zuid-Holland",false,51.930164,4.491795,"material damage only","4","fog",false,1,"GM0599"
"20230105956",2023,"Letsel",2,"Personenauto","e-bike","Flank","Rotonde",50,"Niet brandend","Daglicht","Regen",\N,\N,"Proosdijerveldweg","Ede","Ede","Gelderland",false,52.040549,5.654745,"injury","2","rain",false,1,"GM0228"
"20230086026",2023,"Letsel",2,"Bromfiets","Fiets","Flank",\N,30,"Niet brandend","Daglicht","Droog","Tunnel","382286070","Airborneplein","Arnhem","Arnhem","Gelderland",false,51.978256,5.914362,"injury","2","clear",false,1,"GM0202"
"20230093069",2023,"Letsel",2,"Personenauto","Fiets","Flank","Kruispunt, 4 takken",50,"Niet brandend","Daglicht","Droog",\N,\N,"Stationsstraat","Hardenberg","Hardenberg","Overijssel",false,52.574366,6.624277,"injury","2","clear",false,1,"GM0160"
"20230102282",2023,"Uitsluitend materiele schade",3,"Personenauto","Fiets","Onbekend","Rechte weg",50,"Brandend","Duisternis","Droog",\N,"173311035","Damlaan","Leidschendam","Leidschendam-Voorburg","Zuid-Holland",false,52.083216,4.393943,"material damage only","4","clear",false,1,"GM1916"
"20230087190",2023,"Letsel",2,"Personenauto","Fiets","Eenzijdig","Kruispunt, 4 takken",50,"Brandend","Duisternis","Regen",\N,\N,"Waterlooplein","Amsterdam","Amsterdam","Noord-Holland",false,52.3679,4.903383,"injury","2","rain",false,1,"GM0363"
"20230093676",2023,"Letsel",2,"Fiets","Personenauto","Frontaal","Kruispunt, 4 takken",50,"Niet brandend","Daglicht","Droog",\N,\N,"Oude Bennekomseweg","Ede","Ede","Gelderland",false,52.025701,5.671573,"injury","2","clear",false,1,"GM0228"
"20230102776",2023,"Letsel",2,"Fiets","Snorfiets","Flank","Rechte weg",30,"Niet brandend","Daglicht","Droog",\N,"600434239","Gravenstraat","'s-Gravenhage","'s-Gravenhage","Zuid-Holland",false,52.078876,4.310364,"injury","2","clear",false,1,"GM0518"
"20230084380",2023,"Letsel",2,"Bromfiets","Fiets","Frontaal","Rechte weg",50,"Niet brandend","Daglicht","Droog",\N,"601067351","Stadsring","Amersfoort","Amersfoort","Utrecht",false,52.153102,5.392315,"injury","2","clear",false,1,"GM0307"
"20230090798",2023,"Uitsluitend materiele schade",2,"Personenauto","Fiets","Flank","Kruispunt, 4 takken",50,"Brandend","Duisternis","Droog",\N,\N,"Akkerstraat","Vlijmen","Heusden","Noord-Brabant",false,51.696727,5.21876,"material damage only","4","clear",false,1,"GM0797"
"20230092002",2023,"Uitsluitend materiele schade",2,"Bromfiets","Fiets","Flank","Kruispunt, 3 takken",50,"Niet brandend","Daglicht","Droog",\N,\N,"Bosscheweg","Berkel-Enschot","Tilburg","Noord-Brabant",false,51.586836,5.1609,"material damage only","4","clear",false,1,"GM0855"
"20230095455",2023,"Uitsluitend materiele schade",2,"Bromfiets","Fiets","Frontaal","Rechte weg",50,"Niet brandend","Daglicht","Harde windstoten/Regen",\N,"600532843","Westerterpweg","Slootdorp","Hollands Kroon","Noord-Holland",false,52.844136,4.994407,"material damage only","4","unknown",false,1,"GM1911"
"20230098381",2023,"Letsel",3,"Personenauto","Fiets","Onbekend","Rechte weg",50,"Brandend","Duisternis","Droog",\N,"222431112","Kennemerstraatweg","Alkmaar","Alkmaar","Noord-Holland",true,52.626904,4.739623,"injury","2","clear",false,1,"GM0361"
"20230102358",2023,"Letsel",2,"Personenauto","Fiets","Frontaal","Rechte weg",30,"Niet brandend","Daglicht","Droog",\N,"210320099","Hooftstraat","Alphen aan den Rijn","Alphen aan den Rijn","Zuid-Holland",false,52.130472,4.663684,"injury","2","clear",false,1,"GM0484"
"20230102824",2023,"Uitsluitend materiele schade",2,"Fiets","Fiets","Frontaal","Bocht",\N,"Niet brandend","Daglicht","Droog",\N,"600167218","Handweg","Amstelveen","Amstelveen","Noord-Holland",false,52.298283,4.845307,"material damage only","4","clear",false,1,"GM0362"
"20230106065",2023,"Uitsluitend materiele schade",2,"Snorfiets","Fiets","Onbekend","Kruispunt, 3 takken",30,"Niet brandend","Daglicht","Droog",\N,"380283135","Dotterlaan","Arnhem","Arnhem","Gelderland",false,51.965294,5.902447,"material damage only","4","clear",false,1,"GM0202"
"20230082047",2023,"Uitsluitend materiele schade",2,"Fiets","Vrachtauto","Voetganger","Rechte weg",80,"Niet brandend","Daglicht","Droog",\N,\N,"Roggelsedijk","Meijel","Peel en Maas","Limburg",false,51.316361,5.886525,"material damage only","4","clear",false,1,"GM1894"
"20230085538",2023,"Letsel",2,"Personenauto","e-bike","Flank","Kruispunt, 3 takken",50,"Brandend","Duisternis","Droog",\N,\N,"Blaloweg","Zwolle","Zwolle","Overijssel",false,52.518127,6.081105,"injury","2","clear",false,1,"GM0193"
"20230086680",2023,"Letsel",2,"Fiets","Fiets","Onbekend","Bocht",50,"Brandend","Duisternis","Droog",\N,\N,"FIETSPAD","'s-Gravenhage","'s-Gravenhage","Zuid-Holland",false,52.05179,4.229871,"injury","2","clear",false,1,"GM0518"
"20230086691",2023,"Uitsluitend materiele schade",2,"Personenauto","Fiets","Flank","Kruispunt, 3 takken",50,"Niet brandend","Daglicht","Droog",\N,\N,"Doorzwin","Julianadorp","Den Helder","Noord-Holland",false,52.88783,4.750377,"material damage only","4","clear",false,1,"GM0400"
"20230090846",2023,"Uitsluitend materiele schade",3,"Personenauto","Fiets","Onbekend","Rechte weg",50,"Brandend","Duisternis","Droog",\N,"600844866","Spoorsingel","Heerlen","Heerlen","Limburg",false,50.890143,5.981916,"material damage only","4","clear",false,1,"GM0917"
"20230097235",2023,"Letsel",2,"e-bike","Personenauto","Frontaal","Kruispunt, 3 takken",30,"Niet brandend","Daglicht","Regen",\N,\N,"Jane Addamslaan","Amstelveen","Amstelveen","Noord-Holland",false,52.280315,4.82228,"injury","2","rain",false,1,"GM0362"
"20230101961",2023,"Letsel",1,"Fiets",\N,"Eenzijdig","Rechte weg",30,"Niet brandend","Daglicht",\N,"Brug/viaduct",\N,"REMBRANDTBRUG","Leiden","Leiden","Zuid-Holland",false,52.160843,4.482188,"injury","2","unknown",false,1,"GM0546"
"20230086160",2023,"Letsel",2,"Personenauto","Fiets","Flank","Rechte weg",50,"Niet brandend","Daglicht","Droog",\N,\N,"Spijkerhofweg","Nijmegen","Nijmegen","Gelderland",false,51.825098,5.793117,"injury","2","clear",false,1,"GM0268"
"20230092653",2023,"Letsel",2,"Fiets",\N,"Eenzijdig","Rechte weg",30,"Brandend","Duisternis","Droog",\N,"298221002","Parade","'s-Hertogenbosch","'s-Hertogenbosch","Noord-Brabant",false,51.686881,5.30792,"injury","2","clear",false,1,"GM0796"
"20230102007",2023,"Letsel",1,"Fiets",\N,"Eenzijdig","Rechte weg",30,"Niet brandend","Duisternis","Droog",\N,"601045916","Kruithuispad","Delft","Delft","Zuid-Holland",false,51.990512,4.36425,"injury","2","clear",false,1,"GM0503"
"20230085042",2023,"Uitsluitend materiele schade",2,"Personenauto","Fiets","Geparkeerd voertuig","Rechte weg",30,"Brandend","Schemer","Regen",\N,"600375913","Willem Arntszkade","Utrecht","Utrecht","Utrecht",false,52.103448,5.123264,"material damage only","4","rain",false,1,"GM0344"
"20230103960",2023,"Uitsluitend materiele schade",2,"Fiets","Personenauto","Flank","Rechte weg",30,"Niet brandend","Daglicht","Droog",\N,"343366053","Nassaulaan","Harderwijk","Harderwijk","Gelderland",false,52.335022,5.632822,"material damage only","4","clear",false,1,"GM0243"
"20230080389",2023,"Letsel",2,"Personenauto","Fiets","Flank","Kruispunt, 3 takken",50,"Niet brandend","Daglicht","Droog",\N,\N,"Oosteinde","Heinenoord","Hoeksche Waard","Zuid-Holland",false,51.824742,4.486467,"injury","2","clear",false,1,"GM1963"
"20230082157",2023,"Letsel",2,"Personenauto","Fiets","Flank","Kruispunt, 3 takken",50,"Niet brandend","Daglicht","Droog",\N,\N,"Tichelbeekstraat","Heerlen","Heerlen","Limburg",false,50.870384,5.966912,"injury","2","clear",false,1,"GM0917"
"20230102971",2023,"Uitsluitend materiele schade",2,"e-bike","e-bike","Onbekend","Kruispunt, 4 takken",50,\N,"Daglicht","Droog",\N,\N,"Ruyschstraat","Amsterdam","Amsterdam","Noord-Holland",false,52.35749,4.910003,"material damage only","4","clear",false,1,"GM0363"
"20230080428",2023,"Uitsluitend materiele schade",2,"Personenauto","Fiets","Onbekend","Kruispunt, 4 takken",30,"Niet brandend","Daglicht","Regen",\N,\N,"Heischeutstraat","Oss","Oss","Noord-Brabant",false,51.759323,5.506946,"material damage only","4","rain",false,1,"GM0828"
"20230082792",2023,"Uitsluitend materiele schade",2,"Personenauto","Fiets","Flank","Kruispunt, 4 takken",50,"Niet brandend","Daglicht","Droog",\N,\N,"Holterweg","Deventer","Deventer","Overijssel",false,52.248765,6.212752,"material damage only","4","clear",false,1,"GM0150"
"20230086842",2023,"Letsel",2,"Personenauto","Fiets","Flank","Rechte weg",50,"Niet brandend","Daglicht","Droog",\N,\N,"Hertenrade","'s-Gravenhage","'s-Gravenhage","Zuid-Holland",false,52.04522,4.263706,"injury","2","clear",false,1,"GM0518"
"20230089193",2023,"Letsel",2,"Personenauto","Fiets","Onbekend","Rotonde",30,"Brandend","Duisternis","Droog",\N,\N,"Nancy Zeelenbergsingel","Rotterdam","Rotterdam","Zuid-Holland",false,51.937891,4.539678,"injury","2","clear",false,1,"GM0599"
"20230089786",2023,"Letsel",2,"Personenauto","Fiets","Flank","Rotonde",30,"Niet brandend","Daglicht","Droog",\N,\N,"Slotermeer","Zoetermeer","Zoetermeer","Zuid-Holland",false,52.054416,4.526549,"injury","2","clear",false,1,"GM0637"
"20230095045",2023,"Uitsluitend materiele schade",2,"Personenauto","e-bike","Flank","Rotonde",50,"Niet brandend","Daglicht","Regen",\N,\N,"Europalaan","Stadskanaal","Stadskanaal","Groningen",false,52.989341,6.95631,"material damage only","4","rain",false,1,"GM0037"
"20230089807",2023,"Uitsluitend materiele schade",2,"Fiets","Fiets","Flank","Kruispunt, 4 takken",30,"Brandend","Duisternis","Droog",\N,\N,"Zeugstraat","Gouda","Gouda","Zuid-Holland",false,52.012043,4.712279,"material damage only","4","clear",false,1,"GM0513"
"20230104070",2023,"Letsel",2,"Personenauto","Fiets","Frontaal","Kruispunt, 4 takken",50,"Brandend","Duisternis","Droog",\N,\N,"Prins Hendrikstraat","Nijmegen","Nijmegen","Gelderland",true,51.843215,5.868687,"injury","2","clear",false,1,"GM0268"
"20230081694",2023,"Uitsluitend materiele schade",2,"Personenauto","Fiets","Flank","Rotonde",50,"Niet brandend","Daglicht","Droog",\N,\N,"Maastrichterweg","Meerssen","Meerssen","Limburg",false,50.889224,5.741838,"material damage only","4","clear",false,1,"GM0938"
"20230086922",2023,"Letsel",2,"Personenauto","e-bike","Onbekend","Kruispunt, 3 takken",50,"Niet brandend","Daglicht","Droog",\N,\N,"Oorberlaan","'s-Gravenhage","'s-Gravenhage","Zuid-Holland",false,52.038224,4.209111,"injury","2","clear",false,1,"GM0518"
"20230088697",2023,"Letsel",2,"Personenauto","Fiets","Voetganger","Kruispunt, 4 takken",80,"Niet brandend","Daglicht","Droog",\N,\N,"Middenweg","Noordeloos","Molenlanden","Zuid-Holland",false,51.899165,4.955265,"injury","2","clear",false,1,"GM1978"
"20220013472",2022,"Letsel",2,"Personenauto","e-bike","Flank","Rotonde",50,"Niet brandend","Daglicht",\N,\N,\N,"De Zevenhoeven","Heemskerk","Heemskerk","Noord-Holland",false,52.510801,4.687347,"injury","2","unknown",false,1,"GM0396"
"20220001965",2022,"Uitsluitend materiele schade",2,"Snorfiets","e-bike","Frontaal","Rechte weg",50,"Brandend","Schemer","Droog",\N,\N,"Plataanstraat","Leeuwarden","Leeuwarden","Friesland",false,53.206864,5.820085,"material damage only","4","clear",false,1,"GM0080"
"20220003906",2022,"Uitsluitend materiele schade",2,"Fiets","Personenauto","Flank","Kruispunt, 4 takken",50,"Niet brandend","Daglicht","Droog",\N,\N,"Amsterdamseweg","Arnhem","Arnhem","Gelderland",false,51.988989,5.891509,"material damage only","4","clear",false,1,"GM0202"
"20220007630",2022,"Letsel",2,"Fiets","Fiets","Flank","Rechte weg",50,"Niet brandend","Daglicht","Droog",\N,"600843273","Lange Amerikaweg","Apeldoorn","Apeldoorn","Gelderland",false,52.179164,5.983886,"injury","2","clear",false,1,"GM0200"
"20220007606",2022,"Uitsluitend materiele schade",2,"Fiets","Fiets","Flank","Rechte weg",60,"Niet brandend","Daglicht","Droog",\N,"384352001","Elburgerweg","Wenum Wiesel","Apeldoorn","Gelderland",false,52.270528,5.93484,"material damage only","4","clear",false,1,"GM0200"
"20220113602",2022,"Letsel",1,"Fiets",\N,"Eenzijdig","Rotonde",50,"Niet brandend","Daglicht","Droog",\N,\N,"Oranjelaan","Roermond","Roermond","Limburg",false,51.192903,6.003429,"injury","2","clear",false,1,"GM0957"
"20220117804",2022,"Uitsluitend materiele schade",2,"Personenauto","Fiets","Flank","Rotonde",50,"Niet brandend","Daglicht","Droog",\N,\N,"Valkseweg","Barneveld","Barneveld","Gelderland",false,52.133231,5.603674,"material damage only","4","clear",false,1,"GM0203"
"20220127575",2022,"Uitsluitend materiele schade",2,"Trein/tram","Fiets","Flank","Kruispunt, 4 takken",50,"Niet brandend","Daglicht","Droog",\N,\N,"Dordtsestraatweg","Rotterdam","Rotterdam","Zuid-Holland",false,51.882447,4.503982,"material damage only","4","clear",false,1,"GM0599"
"20220115582",2022,"Letsel",2,"Personenauto","Fiets","Onbekend","Kruispunt, 3 takken",30,"Niet brandend","Daglicht","Droog",\N,\N,"Wergeasterdyk","Leeuwarden","Leeuwarden","Friesland",false,53.168756,5.806301,"injury","2","clear",false,1,"GM0080"
"20240002290",2024,"Uitsluitend materiele schade",2,"Personenauto","Fiets","Flank","Kruispunt, 4 takken",50,"Niet brandend","Daglicht","Droog",\N,\N,"Gerard Doustraat","Venlo","Venlo","Limburg",false,51.379431,6.183009,"material damage only","4","clear",false,1,"GM0983"
"20240004161",2024,"Uitsluitend materiele schade",2,"Fiets","Personenauto","Flank","Rotonde",50,"Niet brandend","Daglicht","Droog",\N,\N,"Nordlaan","Velp","Rheden","Gelderland",false,51.996034,5.963008,"material damage only","4","clear",false,1,"GM0275"
"20220068116",2022,"Letsel",2,"Personenauto","Fiets","Frontaal","Rechte weg",30,"Niet brandend","Daglicht","Droog",\N,"343173057","Dr. Dreeslaan","Helmond","Helmond","Noord-Brabant",false,51.467817,5.629275,"injury","2","clear",false,1,"GM0794"
"20220078170",2022,"Uitsluitend materiele schade",2,"Personenauto","Fiets","Onbekend","Rechte weg",50,"Brandend","Duisternis","Droog",\N,\N,"Westplein","Utrecht","Utrecht","Utrecht",false,52.092257,5.104675,"material damage only","4","clear",false,1,"GM0344"
"20220085951",2022,"Letsel",2,"Personenauto","Fiets","Voetganger","Kruispunt, 4 takken",50,"Brandend","Daglicht","Droog",\N,\N,"Jadestraat","Bleiswijk","Lansingerland","Zuid-Holland",false,52.041952,4.539667,"injury","2","clear",false,1,"GM1621"
"20220089847",2022,"Uitsluitend materiele schade",2,"Personenauto","Fiets","Flank","Rotonde",50,"Niet brandend","Daglicht","Droog",\N,\N,"Stationsstraat","Best","Best","Noord-Brabant",false,51.503985,5.395022,"material damage only","4","clear",false,1,"GM0753"
"20220094704",2022,"Uitsluitend materiele schade",2,"Personenauto","Fiets","Flank","Kruispunt, 3 takken",50,"Niet brandend","Daglicht","Droog",\N,\N,"Kanaalstraat","Nijmegen","Nijmegen","Gelderland",false,51.851361,5.83338,"material damage only","4","clear",false,1,"GM0268"
"20220046341",2022,"Uitsluitend materiele schade",3,"Snorfiets","Fiets","Onbekend","Rechte weg",80,"Niet brandend","Daglicht","Droog",\N,\N,"Barneveldsestraat","Scherpenzeel","Scherpenzeel","Gelderland",false,52.098092,5.513739,"material damage only","4","clear",false,1,"GM0279"
"20220050545",2022,"Uitsluitend materiele schade",2,"Personenauto","Fiets","Frontaal","Bocht",30,"Niet brandend","Daglicht","Droog",\N,"261310105","Rijksstraatweg","De Meern","Utrecht","Utrecht",false,52.083478,5.032157,"material damage only","4","clear",false,1,"GM0344"
"20220052119",2022,"Uitsluitend materiele schade",2,"Personenauto","Fiets","Flank","Kruispunt, 3 takken",50,"Niet brandend","Daglicht","Droog",\N,\N,"Henri Dunantstraat","Purmerend","Purmerend","Noord-Holland",false,52.509501,4.967656,"material damage only","4","clear",false,1,"GM0439"
"20220068245",2022,"Letsel",2,"Snorfiets","Fiets","Onbekend","Kruispunt, 3 takken",\N,"Niet brandend","Daglicht","Droog",\N,\N,"Hervensebaan","'s-Hertogenbosch","'s-Hertogenbosch","Noord-Brabant",false,51.702794,5.322791,"injury","2","clear",false,1,"GM0796"
"20220080642",2022,"Uitsluitend materiele schade",2,"e-bike","Bromfiets","Flank","Kruispunt, 3 takken",50,"Niet brandend","Daglicht","Droog",\N,\N,"Nassaukade","Amsterdam","Amsterdam","Noord-Holland",false,52.36565,4.878439,"material damage only","4","clear",false,1,"GM0363"
"20220089218",2022,"Uitsluitend materiele schade",2,"Personenauto","Fiets","Onbekend","Rechte weg",50,"Niet brandend","Daglicht","Regen",\N,"304200005","Lierenbout","Boxtel","Boxtel","Noord-Brabant",false,51.590615,5.345915,"material damage only","4","rain",false,1,"GM0757"
"20220090455",2022,"Uitsluitend materiele schade",2,"Personenauto","Fiets","Onbekend",\N,50,\N,"Daglicht",\N,\N,"407179019","Boerenovenweg","Tienray","Horst aan de Maas","Limburg",false,51.491533,6.089564,"material damage only","4","unknown",false,1,"GM1507"
"20220013235",2022,"Uitsluitend materiele schade",2,"Bestelauto","Fiets","Onbekend","Rechte weg",30,"Niet brandend","Schemer","Droog",\N,"212414031","Pr Frederik Hendrikstr","Castricum","Castricum","Noord-Holland",false,52.551658,4.666847,"material damage only","4","clear",false,1,"GM0383"
"20220033654",2022,"Letsel",2,"e-bike","Personenauto","Kop/staart","Rechte weg",30,"Brandend","Schemer",\N,\N,"324309066","Dorpsstraat","Scherpenzeel","Scherpenzeel","Gelderland",false,52.079468,5.490349,"injury","2","unknown",false,1,"GM0279"
"20220046456",2022,"Uitsluitend materiele schade",2,"Bestelauto","Fiets","Flank","Bocht",30,"Niet brandend","Daglicht","Droog",\N,"515341128","Koningsplein","Enschede","Enschede","Overijssel",false,52.21771,6.893328,"material damage only","4","clear",false,1,"GM0153"
"20220053696",2022,"Letsel",2,"Personenauto","Fiets","Flank","Rechte weg",30,"Niet brandend","Daglicht","Droog",\N,"229469015","Abeelstraat","Schagen","Schagen","Noord-Holland",false,52.797738,4.794049,"injury","2","clear",false,1,"GM0441"
"20220056462",2022,"Letsel",2,"Fiets","Fiets","Onbekend","Kruispunt, 4 takken",\N,"Niet brandend","Daglicht","Droog",\N,\N,"Weidedreef","Rijswijk","Rijswijk","Zuid-Holland",false,52.025862,4.320544,"injury","2","clear",false,1,\N
"20220062228",2022,"Uitsluitend materiele schade",2,"Snorfiets","Fiets","Frontaal","Rechte weg",50,"Niet brandend","Daglicht","Droog",\N,\N,"Nassauweg","Dordrecht","Dordrecht","Zuid-Holland",false,51.804653,4.668849,"material damage only","4","clear",false,1,"GM0505"
"20220108724",2022,"Uitsluitend materiele schade",5,"e-bike","Fiets","Los voorwerp","Rechte weg",30,"Niet brandend","Daglicht","Droog",\N,"600710560","Korteweegje","Dirksland","Goeree-Overflakkee","Zuid-Holland",false,51.747903,4.108928,"material damage only","4","clear",false,1,"GM1924"
"20220109672",2022,"Letsel",3,"Fiets","Bestelauto","Los voorwerp","Kruispunt, 4 takken",\N,"Niet brandend","Daglicht","Regen",\N,\N,"Industrieweg","Zevenbergen","Moerdijk","Noord-Brabant",false,51.640583,4.613839,"injury","2","rain",false,1,"GM1709"
"20220016701",2022,"Uitsluitend materiele schade",2,"Motor","Fiets","Flank","Kruispunt, 3 takken",50,"Niet brandend","Daglicht","Droog",\N,\N,"Voorlandpad","Amsterdam","Amsterdam","Noord-Holland",false,52.341303,4.950974,"material damage only","4","clear",false,1,"GM0363"
"20220055235",2022,"Uitsluitend materiele schade",2,"Bromfiets","Fiets","Los voorwerp","Rechte weg",50,"Niet brandend","Daglicht","Droog",\N,"600382609","Prins Hendrikkade","Amsterdam","Amsterdam","Noord-Holland",false,52.372728,4.907855,"material damage only","4","clear",false,1,"GM0363"
"20220058186",2022,"Letsel",2,"Personenauto","e-bike","Flank","Rechte weg",30,"Niet brandend","Daglicht","Droog",\N,"600372983","Ruimtebaan","Zoetermeer","Zoetermeer","Zuid-Holland",false,52.071163,4.519544,"injury","2","clear",false,1,"GM0637"
"20220065435",2022,"Uitsluitend materiele schade",2,"Personenauto","Fiets","Frontaal","Rechte weg",30,\N,"Daglicht","Droog",\N,"94145001","Stuvesande","Terneuzen","Terneuzen","Zeeland",false,51.33571,3.839207,"material damage only","4","clear",false,1,"GM0715"
"20220078391",2022,"Letsel",2,"Fiets","Personenauto","Frontaal","Kruispunt, 4 takken",50,"Niet brandend","Daglicht","Droog",\N,\N,"Westerweg","Heiloo","Heiloo","Noord-Holland",false,52.601525,4.69984,"injury","2","clear",false,1,"GM0399"
"20220079195",2022,"Letsel",2,"Personenauto","Fiets","Frontaal","Kruispunt, 4 takken",80,"Niet brandend","Daglicht","Droog",\N,"600763748","Waardweg","Slootdorp","Hollands Kroon","Noord-Holland",false,52.831479,4.899241,"injury","2","clear",false,1,"GM1911"
"20220082835",2022,"Letsel",1,"Fiets",\N,"Eenzijdig","Rechte weg",60,"Niet brandend","Daglicht","Droog",\N,"600746587","Kerkweg","Lekkerkerk","Krimpenerwaard","Zuid-Holland",false,51.923996,4.686258,"injury","2","clear",false,1,"GM1931"
"20220086223",2022,"Letsel",2,"Bestelauto","e-bike","Flank","Rotonde",50,"Niet brandend","Daglicht","Droog",\N,\N,"Raadhuislaan","Mijnsheerenland","Hoeksche Waard","Zuid-Holland",false,51.80088,4.479086,"injury","2","clear",false,1,"GM1963"
"20220111339",2022,"Letsel",3,"Personenauto","Fiets","Onbekend","Bocht",60,"Niet brandend","Daglicht","Droog",\N,"395196006","Broek","Holthees","Land van Cuijk","Noord-Brabant",false,51.572336,6.006094,"injury","2","clear",false,1,"GM1982"
"20220039692",2022,"Letsel",1,"Fiets",\N,"Eenzijdig",\N,50,\N,"Duisternis",\N,\N,"392166076","Nusseleinstraat","America","Horst aan de Maas","Limburg",false,51.4365,5.980862,"injury","2","unknown",false,1,"GM1507"
"20220056702",2022,"Uitsluitend materiele schade",3,"Personenauto","Fiets","Onbekend","Rotonde",50,"Niet brandend","Daglicht","Droog",\N,\N,"Darwinweg","Leiden","Leiden","Zuid-Holland",false,52.165482,4.47358,"material damage only","4","clear",false,1,"GM0546"