"accident_id","year","severity_raw","party_count","party1_type","party2_type","accident_type","road_situation","speed_limit_kmh","road_lighting","light_condition_label","weather_raw","infra_type","road_segment_id","street_name","place_name","gemeente_name_raw","province","alcohol_indicated","latitude","longitude","severity_label","severity_code","weather_label","built_up_area","cyclists_involved","gemeente_code"
"20230034478",2023,"Letsel",1,"Fiets",\N,"Eenzijdig",\N,\N,\N,"Daglicht",\N,\N,"464360003","Oranjestraat","Rijssen","Rijssen-Holten","Overijssel",false,52.306711,6.523817,"injury","2","unknown",false,1,"GM1742"
"20230001569",2023,"Letsel",2,"Personenauto","Fiets","Flank","Kruispunt, 4 takken",50,"Niet brandend","Schemer","Droog",\N,\N,"Mr. P.J. Troelstraweg","Leeuwarden","Leeuwarden","Friesland",false,53.211852,5.782054,"injury","2","clear",false,1,"GM0080"
"20230002393",2023,"Letsel",2,"Personenauto","Fiets","Flank","Kruispunt, 3 takken",50,"Brandend","Duisternis","Regen",\N,\N,"Kanaal Noord","Apeldoorn","Apeldoorn","Gelderland",false,52.211893,5.975217,"injury","2","rain",false,1,"GM0200"
"20230002925",2023,"Letsel",2,"Fiets","Personenauto","Geparkeerd voertuig","Rechte weg",30,"Niet brandend","Daglicht","Droog",\N,"208382088","Planetenlaan","Haarlem","Haarlem","Noord-Holland",false,52.406992,4.643402,"injury","2","clear",false,1,"GM0392"
"20230004612",2023,"Letsel",2,"Personenauto","Fiets","Frontaal","Kruispunt, 4 takken",50,"Brandend","Duisternis","Droog",\N,\N,"Van Hallstraat","Amsterdam","Amsterdam","Noord-Holland",false,52.385262,4.869612,"injury","2","clear",false,1,"GM0363"
"20230001625",2023,"Letsel",2,"Personenauto","Fiets","Flank","Bocht",50,"Niet brandend","Daglicht","Droog",\N,\N,"Atoomweg","Groningen","Groningen","Groningen",false,53.215831,6.538678,"injury","2","clear",false,1,"GM0014"
"20230003882",2023,"Uitsluitend materiele schade",2,"Personenauto","Fiets","Flank","Kruispunt, 4 takken",50,"Niet brandend","Daglicht","Droog",\N,\N,"Molenstraat","Veenendaal","Veenendaal","Utrecht",false,52.026032,5.549624,"material damage only","4","clear",false,1,"GM0345"
"20230006128",2023,"Uitsluitend materiele schade",2,"Personenauto","e-bike","Onbekend","Kruispunt, 4 takken",50,"Niet brandend","Daglicht","Regen",\N,\N,"Havikslaan","Amsterdam","Amsterdam","Noord-Holland",false,52.38484,4.917269,"material damage only","4","rain",false,1,"GM0363"
"20230003754",2023,"Letsel",2,"Fiets","Bromfiets","Flank","Rechte weg",30,"Niet brandend","Daglicht","Droog","Tunnel","600774051","Nedereindseweg","Nieuwegein","Nieuwegein","Utrecht",false,52.038951,5.078772,"injury","2","clear",false,1,"GM0356"
"20230007374",2023,"Uitsluitend materiele schade",2,"Personenauto","Fiets","Onbekend","Bocht",50,"Niet brandend","Daglicht","Droog",\N,"600974776","Lageweg","Terheijden","Drimmelen","Noord-Brabant",false,51.653248,4.744588,"material damage only","4","clear",false,1,"GM1719"
"20230003012",2023,"Letsel",1,"Fiets",\N,"Eenzijdig","Rechte weg",50,"Brandend","Duisternis","Droog",\N,\N,"Middenweg","Heerhugowaard","Dijk en Waard","Noord-Holland",false,52.676679,4.84918,"injury","2","clear",false,1,"GM1980"
"20230078105",2023,"Letsel",3,"Fiets","Fiets","Onbekend",\N,50,\N,"Daglicht",\N,\N,"158298117","Oosteinde","Wateringen","Westland","Zuid-Holland",false,52.025888,4.283217,"injury","2","unknown",false,1,"GM1783"
"20230002590",2023,"Letsel",2,"Personenauto","Fiets","Flank","Rechte weg",50,"Niet brandend","Daglicht","Sneeuw/Hagel",\N,"231439005","J.J.P. Oudweg","Heerhugowaard","Dijk en Waard","Noord-Holland",false,52.66246,4.809962,"injury","2","unknown",false,1,"GM1980"
"20230007456",2023,"Uitsluitend materiele schade",2,"Snorfiets","Fiets","Kop/staart","Rechte weg",50,"Niet brandend","Daglicht","Droog",\N,"600566500","Professor Holstlaan","Eindhoven","Eindhoven","Noord-Brabant",false,51.413224,5.464192,"material damage only","4","clear",false,1,"GM0772"
"20230048439",2023,"Letsel",2,"Fiets","Fiets","Onbekend",\N,\N,\N,"Daglicht",\N,\N,"483366055","Bornerbroeksestraat","Almelo","Almelo","Overijssel",false,52.332793,6.656576,"injury","2","unknown",false,1,"GM0141"
"20230052730",2023,"Letsel",1,"Fiets",\N,"Eenzijdig",\N,50,\N,"Duisternis",\N,\N,"600111865","Burg van Walsumweg","Rotterdam","Rotterdam","Zuid-Holland",false,51.921534,4.493785,"injury","2","unknown",false,1,"GM0599"
"20230111828",2023,"Letsel",1,"Fiets",\N,"Eenzijdig",\N,50,\N,"Daglicht",\N,\N,"233389129","A F d Savornin Lohmanstr","Zaandam","Zaanstad","Noord-Holland",false,52.440104,4.82785,"injury","2","unknown",false,1,"GM0479"
"20230095127",2023,"Dodelijk",1,"Fiets",\N,"Eenzijdig","Rechte weg",80,"Niet aanwezig","Duisternis","Droog",\N,"458551004","Groningerweg","Peize","Noordenveld","Drenthe",false,53.164142,6.496131,"fatal","1","clear",false,1,"GM1699"
"20230011094",2023,"Letsel",2,"Personenauto","Fiets","Geparkeerd voertuig","Kruispunt, 3 takken",50,"Niet brandend","Daglicht","Droog","Parkeervoorziening",\N,"Edisonlaan","Apeldoorn","Apeldoorn","Gelderland",false,52.230109,5.960744,"injury","2","clear",false,1,"GM0200"
"20230012422",2023,"Letsel",2,"Personenauto","Fiets","Onbekend","Kruispunt, 3 takken",50,"Niet brandend","Daglicht","Droog",\N,\N,"Brittanniëlaan","Hengelo","Hengelo (O)","Overijssel",false,52.292862,6.776754,"injury","2","clear",false,1,\N
"20230012199",2023,"Uitsluitend materiele schade",2,"Personenauto","Fiets","Flank","Kruispunt, 4 takken",50,"Niet brandend","Daglicht","Droog",\N,\N,"Archipelstraat","Nijmegen","Nijmegen","Gelderland",false,51.834457,5.86947,"material damage only","4","clear",false,1,"GM0268"
"20230053258",2023,"Letsel",1,"Fiets",\N,"Eenzijdig",\N,30,\N,"Daglicht",\N,\N,\N,"Kamerikstraat","Tilburg","Tilburg","Noord-Brabant",false,51.580044,4.995549,"injury","2","unknown",false,1,"GM0855"
"20240011650",2024,"Uitsluitend materiele schade",3,"Personenauto","Fiets","Frontaal","Kruispunt, 4 takken",50,"Niet brandend","Daglicht","Regen",\N,\N,"Schouwinkstraat","Enschede","Enschede","Overijssel",false,52.228623,6.903957,"material damage only","4","rain",false,1,"GM0153"
"20240037586",2024,"Dodelijk",2,"Fiets","Fiets","Frontaal","Rechte weg",50,"Niet aanwezig","Daglicht","Droog",\N,"600682471","Biltstraat","Utrecht","Utrecht","Utrecht",false,52.095667,5.140379,"fatal","1","clear",false,1,"GM0344"
"20240038657",2024,"Uitsluitend materiele schade",2,"Personenauto","Fiets","Flank","Kruispunt, 3 takken",50,"Niet brandend","Daglicht","Droog",\N,\N,"Overste den Oudenlaan","Utrecht","Utrecht","Utrecht",false,52.078924,5.103149,"material damage only","4","clear",false,1,"GM0344"
"20240021083",2024,"Uitsluitend materiele schade",2,"Fiets","Personenauto","Flank","Rotonde",60,"Niet brandend","Daglicht","Droog",\N,\N,"Galgeweg","Naaldwijk","Westland","Zuid-Holland",false,51.97871,4.210785,"material damage only","4","clear",false,1,"GM1783"
"20240024373",2024,"Uitsluitend materiele schade",2,"Personenauto","Fiets","Flank","Rotonde",50,"Niet brandend","Daglicht","Droog",\N,\N,"Rimburgerweg","Brunssum","Brunssum","Limburg",false,50.940136,5.986628,"material damage only","4","clear",false,1,"GM0899"
"20240009090",2024,"Uitsluitend materiele schade",2,"Personenauto","e-bike","Flank","Kruispunt, 3 takken",50,"Niet brandend","Daglicht","Droog",\N,\N,"Hillegondastraat","Klazienaveen","Emmen","Drenthe",false,52.723547,6.979367,"material damage only","4","clear",false,1,"GM0114"
"20240019797",2024,"Letsel",2,"Personenauto","Fiets","Flank","Rotonde",50,"Niet aanwezig","Daglicht","Droog",\N,\N,"Meppelerweg","Steenwijk","Steenwijkerland","Overijssel",false,52.785829,6.130675,"injury","2","clear",false,1,"GM1708"
"20240018743",2024,"Letsel",3,"Fiets","Voetganger","Voetganger","Rechte weg",50,"Niet brandend","Daglicht","Droog",\N,"600448113","Rosalind Franklinpad","Haarlem","Haarlem","Noord-Holland",false,52.365192,4.655227,"injury","2","clear",false,1,"GM0392"
"20240020668",2024,"Letsel",2,"Fiets","Fiets","Flank","Kruispunt, 4 takken",30,"Niet brandend","Daglicht","Droog",\N,\N,"Zilvermeeuwlaan","Leidschendam","Leidschendam-Voorburg","Zuid-Holland",false,52.09493,4.388942,"injury","2","clear",false,1,"GM1916"
"20240020567",2024,"Uitsluitend materiele schade",2,"Personenauto","Fiets","Flank","Kruispunt, 3 takken",50,"Niet brandend","Daglicht","Droog",\N,\N,"Oetgensdwarsstraat","Amsterdam","Amsterdam","Noord-Holland",false,52.355423,4.91127,"material damage only","4","clear",false,1,"GM0363"
"20240037344",2024,"Letsel",2,"Bromfiets","Fiets","Frontaal","Rechte weg",30,"Brandend","Duisternis","Droog",\N,"600870541","Hoendiep","Groningen","Groningen","Groningen",false,53.214799,6.549114,"injury","2","clear",false,1,"GM0014"
"20240000177",2024,"Uitsluitend materiele schade",2,"Personenauto","Fiets","Flank","Kruispunt, 3 takken",50,"Brandend","Duisternis","Regen",\N,\N,"Groenezoom","Rotterdam","Rotterdam","Zuid-Holland",false,51.883607,4.505285,"material damage only","4","rain",false,1,"GM0599"
"20240036224",2024,"Uitsluitend materiele schade",2,"Personenauto","Fiets","Onbekend","Kruispunt, 3 takken",30,"Niet brandend","Daglicht","Droog",\N,\N,"Kerspellaan","Emmen","Emmen","Drenthe",false,52.780785,6.933514,"material damage only","4","clear",false,1,"GM0114"
"20240035645",2024,"Uitsluitend materiele schade",2,"Fiets","Fiets","Frontaal","Rechte weg",\N,"Brandend","Schemer","Droog",\N,"520368002","Oldenzaalsestraat","Rossum","Dinkelland","Overijssel",false,52.335909,6.93306,"material damage only","4","clear",false,1,"GM1774"
"20240035096",2024,"Uitsluitend materiele schade",2,"Personenauto","Fiets","Flank","Kruispunt, 4 takken",50,"Niet brandend","Daglicht","Droog",\N,\N,"Tramstraat","Dongen","Dongen","Noord-Brabant",false,51.624715,4.936613,"material damage only","4","clear",false,1,"GM0766"
"20240035176",2024,"Letsel",2,"Personenauto","Fiets","Flank","Rotonde",50,"Niet brandend","Daglicht","Regen",\N,\N,"Einsteinstraat","Landgraaf","Landgraaf","Limburg",false,50.886538,6.0144,"injury","2","rain",false,1,"GM0882"
"20240004514",2024,"Letsel",2,"Personenauto","Fiets","Flank","Rotonde",30,\N,"Daglicht","Regen/Sneeuw/Hagel",\N,\N,"Boerendiep","Stadskanaal","Stadskanaal","Groningen",false,52.991859,6.949029,"injury","2","unknown",false,1,"GM0037"
"20240032918",2024,"Letsel",1,"Fiets",\N,"Onbekend","Kruispunt, 4 takken",30,"Brandend","Duisternis","Droog",\N,\N,"Tasmanstraat","'s-Gravenhage","'s-Gravenhage","Zuid-Holland",false,52.082908,4.290366,"injury","2","clear",false,1,"GM0518"
"20240017509",2024,"Uitsluitend materiele schade",2,"Personenauto","Fiets","Frontaal","Rechte weg",80,"Niet aanwezig","Duisternis","Droog",\N,"600634130","Van Heemstraweg","Puiflijk","Druten","Gelderland",false,51.88183,5.570491,"material damage only","4","clear",false,1,"GM0225"
"20240020132",2024,"Letsel",1,"Fiets",\N,"Onbekend","Bocht",50,"Brandend","Duisternis","Regen",\N,"600724918","Oude Zeeweg","Noordwijk","Noordwijk","Zuid-Holland",false,52.240268,4.432563,"injury","2","rain",false,1,"GM0575"
"20230004330",2023,"Letsel",1,"Fiets",\N,"Eenzijdig","Rechte weg",60,"Niet brandend","Daglicht","Droog",\N,"217459001","Grote Sloot","Burgerbrug","Schagen","Noord-Holland",false,52.759108,4.711171,"injury","2","clear",false,1,"GM0441"
"20240017562",2024,"Letsel",2,\N,"Fiets","Onbekend","Rotonde",50,"Niet brandend","Daglicht","Droog",\N,\N,"Zaagmolenpad","Doetinchem","Doetinchem","Gelderland",false,51.969665,6.272978,"injury","2","clear",false,1,"GM0222"
"20240022317",2024,"Letsel",2,"Fiets","Personenauto","Flank","Rechte weg",30,"Niet brandend","Daglicht","Droog","Tankstation","600634398","Gordelweg","Rotterdam","Rotterdam","Zuid-Holland",false,51.939302,4.468816,"injury","2","clear",false,1,"GM0599"
"20240020364",2024,"Letsel",2,"Personenauto","Fiets","Frontaal","Kruispunt, 3 takken",30,"Niet brandend","Daglicht","Droog",\N,\N,"Oostenburgervoorstraat","Amsterdam","Amsterdam","Noord-Holland",false,52.368814,4.921959,"injury","2","clear",false,1,"GM0363"
"20240020648",2024,"Uitsluitend materiele schade",2,"Bromfiets","e-bike","Flank","Kruispunt, 4 takken",50,"Niet brandend","Daglicht","Droog",\N,\N,"Hof van Delftlaan","Delft","Delft","Zuid-Holland",false,52.011871,4.347429,"material damage only","4","clear",false,1,"GM0503"
"20240020954",2024,"Uitsluitend materiele schade",2,"Motor","Fiets","Flank","Kruispunt, 4 takken",30,"Brandend","Duisternis","Droog",\N,\N,"Marnixstraat","Amsterdam","Amsterdam","Noord-Holland",false,52.365132,4.880281,"material damage only","4","clear",false,1,"GM0363"
"20240032646",2024,"Uitsluitend materiele schade",2,"Fiets","Voetganger","Voetganger","Rechte weg",30,"Niet brandend","Daglicht","Droog",\N,"173337009","Boulevard","Katwijk","Katwijk","Zuid-Holland",false,52.203821,4.392989,"material damage only","4","clear",false,1,"GM0537"
"20240036276",2024,"Uitsluitend materiele schade",2,"Bromfiets","Fiets","Flank","Rechte weg",30,"Niet aanwezig","Daglicht","Droog",\N,"468563009","Oosterstraat","Groningen","Groningen","Groningen",false,53.216402,6.570624,"material damage only","4","clear",false,1,"GM0014"
"20220168327",2022,"Letsel",2,"Personenauto","Fiets","Flank","Kruispunt, 4 takken",50,"Niet brandend","Daglicht","Droog",\N,\N,"Hasselterdijk","Genemuiden","Zwartewaterland","Overijssel",false,52.623697,6.048042,"injury","2","clear",false,1,"GM1896"
"20220178313",2022,"Uitsluitend materiele schade",2,"Personenauto","Fiets","Flank","Kruispunt, 4 takken",50,"Brandend","Duisternis","Droog",\N,\N,"Stadhouderskade","Amsterdam","Amsterdam","Noord-Holland",false,52.363096,4.880151,"material damage only","4","clear",false,1,"GM0363"
"20220178324",2022,"Uitsluitend materiele schade",2,"Personenauto","Fiets","Onbekend","Kruispunt, 4 takken",50,"Niet brandend","Daglicht","Droog",\N,\N,"Osdorper Ban","Amsterdam","Amsterdam","Noord-Holland",false,52.361115,4.794972,"material damage only","4","clear",false,1,"GM0363"
"20220180826",2022,"Letsel",2,"Bestelauto","Fiets","Flank","Kruispunt, 4 takken",50,"Niet brandend","Daglicht","Droog",\N,\N,"Troelstrakade","'s-Gravenhage","'s-Gravenhage","Zuid-Holland",false,52.058879,4.292856,"injury","2","clear",false,1,"GM0518"
"20220188457",2022,"Uitsluitend materiele schade",2,"Fiets","Fiets","Onbekend","Rechte weg",30,"Niet brandend","Daglicht","Regen",\N,"346174036","Houtse Parallelweg","Helmond","Helmond","Noord-Brabant",false,51.472454,5.649965,"material damage only","4","rain",false,1,"GM0794"
"20220138818",2022,"Uitsluitend materiele schade",2,"Personenauto","Fiets","Flank","Kruispunt, 4 takken",30,"Niet brandend","Daglicht","Droog",\N,\N,"Beeldentuinlaan","Vleuten","Utrecht","Utrecht",false,52.091269,5.009325,"material damage only","4","clear",false,1,"GM0344"
"20220177731",2022,"Letsel",2,"Bromfiets","Fiets","Flank","Rechte weg",50,"Niet brandend","Schemer","Droog",\N,"600122548","Haarlemmerweg","Amsterdam","Amsterdam","Noord-Holland",false,52.384991,4.847473,"injury","2","clear",false,1,"GM0363"
"20220178958",2022,"Uitsluitend materiele schade",2,"Bromfiets","Fiets","Flank","Rechte weg",50,"Niet brandend","Daglicht","Droog",\N,"600718357","Minckelersstraat","'s-Gravenhage","'s-Gravenhage","Zuid-Holland",false,52.061652,4.329029,"material damage only","4","clear",false,1,"GM0518"
"20220181452",2022,"Letsel",3,"Personenauto","Fiets","Los voorwerp","Rechte weg",50,"Niet brandend","Daglicht","Droog",\N,"215294017","Wachtelstraat","Gouda","Gouda","Zuid-Holland",false,52.010277,4.700901,"injury","2","clear",false,1,"GM0513"
"20220181489",2022,"Uitsluitend materiele schade",3,"Personenauto","Fiets","Los voorwerp","Rechte weg",50,"Niet brandend","Daglicht","Droog",\N,\N,"Westlandseweg","Vlaardingen","Vlaardingen","Zuid-Holland",false,51.916866,4.331963,"material damage only","4","clear",false,1,"GM0622"
"20220188377",2022,"Uitsluitend materiele schade",2,"Personenauto","Fiets","Flank","Rechte weg",50,"Niet brandend","Daglicht","Droog",\N,"600795006","Willem de Zwijgerweg","Best","Best","Noord-Brabant",false,51.501795,5.389525,"material damage only","4","clear",false,1,"GM0753"
"20220124566",2022,"Letsel",1,"Fiets",\N,"Eenzijdig",\N,50,\N,"Daglicht",\N,\N,"600415385","Nieuwkoopseweg","Pijnacker","Pijnacker-Nootdorp","Zuid-Holland",false,52.034801,4.42794,"injury","2","unknown",false,1,"GM1926"
"20220125813",2022,"Uitsluitend materiele schade",2,"Bromfiets","Fiets","Frontaal","Bocht",30,"Niet brandend","Daglicht","Droog","Tunnel",\N,"Viaductweg","'s-Gravenhage","'s-Gravenhage","Zuid-Holland",false,52.060587,4.308629,"material damage only","4","clear",false,1,"GM0518"
"20220129118",2022,"Letsel",2,"Fiets",\N,"Eenzijdig","Kruispunt, 3 takken",50,"Niet brandend","Daglicht","Droog",\N,"179183033","Bergrand","Roosendaal","Roosendaal","Noord-Brabant",false,51.512884,4.44908,"injury","2","clear",false,1,"GM1674"
"20220131976",2022,"Uitsluitend materiele schade",3,"e-bike","Fiets","Onbekend","Rechte weg",50,"Niet brandend","Daglicht","Droog","Brug/viaduct",\N,"Kanaalweg","Vught","Vught","Noord-Brabant",false,51.671821,5.283419,"material damage only","4","clear",false,1,"GM0865"
"20220140481",2022,"Letsel",2,"Bestelauto","Fiets","Flank","Kruispunt, 4 takken",50,"Niet brandend","Daglicht","Droog",\N,\N,"KLEINE HOUTBRUG","Haarlem","Haarlem","Noord-Holland",false,52.375762,4.635066,"injury","2","clear",false,1,"GM0392"
"20220154825",2022,"Letsel",1,"Fiets",\N,"Eenzijdig","Rechte weg",60,"Niet brandend","Daglicht","Droog",\N,\N,"NIEUWE PURMERLANDERRIJWEG","Purmerland","Landsmeer","Noord-Holland",false,52.481471,4.925897,"injury","2","clear",false,1,"GM0415"
"20220157112",2022,"Letsel",2,"Personenauto","Fiets","Flank","Rechte weg",50,"Niet brandend","Daglicht","Droog",\N,"600513149","Rijndijk","Hazerswoude-Rijndijk","Alphen aan den Rijn","Zuid-Holland",false,52.131011,4.594391,"injury","2","clear",false,1,"GM0484"
"20220174747",2022,"Letsel",2,"Personenauto","Fiets","Frontaal","Rechte weg",50,"Niet brandend","Daglicht","Droog",\N,\N,"Emmalaan","Den Burg","Texel","Noord-Holland",false,53.051421,4.801628,"injury","2","clear",false,1,"GM0448"
"20220179701",2022,"Uitsluitend materiele schade",2,"Personenauto","Fiets","Flank","Rotonde",50,"Niet brandend","Daglicht","Regen",\N,\N,"Kruisbroekweg","Naaldwijk","Westland","Zuid-Holland",false,51.988841,4.206933,"material damage only","4","rain",false,1,"GM1783"
"20220130857",2022,"Uitsluitend materiele schade",2,"Personenauto","Fiets","Flank","Kruispunt, 4 takken",30,"Niet brandend","Daglicht","Droog",\N,\N,"Scheldehof","Veghel","Meierijstad","Noord-Brabant",false,51.608792,5.544387,"material damage only","4","clear",false,1,"GM1948"
"20220143523",2022,"Letsel",1,"Fiets",\N,"Eenzijdig","Rotonde",50,"Niet brandend","Daglicht","Droog",\N,\N,"van Panhuysstraat","Noordwijk","Noordwijk","Zuid-Holland",false,52.244201,4.441327,"injury","2","clear",false,1,"GM0575"
"20220146589",2022,"Letsel",2,"Bromfiets","Fiets","Frontaal","Rechte weg",\N,"Niet brandend","Daglicht","Droog",\N,"600119695","N3","Papendrecht","Papendrecht","Zuid-Holland",false,51.836067,4.710377,"injury","2","clear",false,1,"GM0590"
"20220152920",2022,"Uitsluitend materiele schade",2,"Personenauto","Fiets","Flank","Rotonde",50,"Niet brandend","Daglicht","Droog",\N,\N,"Basseltlaan","Twello","Voorst","Gelderland",false,52.241572,6.104621,"material damage only","4","clear",false,1,"GM0285"
"20220177855",2022,"Uitsluitend materiele schade",3,"Personenauto","Fiets","Los voorwerp","Kruispunt, 4 takken",50,"Niet brandend","Daglicht","Droog",\N,\N,"Burgemeester Stramanweg","Amsterdam","Amsterdam","Noord-Holland",false,52.311859,4.936425,"material damage only","4","clear",false,1,"GM0363"
"20220179136",2022,"Letsel",1,"Fiets",\N,"Eenzijdig",\N,\N,\N,"Duisternis",\N,\N,"164307159","Rijswijkseweg","'s-Gravenhage","'s-Gravenhage","Zuid-Holland",false,52.067583,4.328231,"injury","2","unknown",false,1,"GM0518"
"20220197622",2022,"Letsel",3,"Motor","Fiets","Onbekend","Kruispunt, 4 takken",70,"Niet brandend","Daglicht","Droog",\N,"600852574","Oldeneelallee","Zwolle","Zwolle","Overijssel",true,52.483028,6.107666,"injury","2","clear",false,1,"GM0193"
"20220123377",2022,"Uitsluitend materiele schade",2,"Snorfiets","Fiets","Flank","Kruispunt, 4 takken",50,"Niet brandend","Daglicht","Droog",\N,\N,"Van Baerlestraat","Amsterdam","Amsterdam","Noord-Holland",false,52.359439,4.87763,"material damage only","4","clear",false,1,"GM0363"
"20220135138",2022,"Letsel",2,"Bestelauto","Fiets","Frontaal","Kruispunt, 3 takken",30,"Niet aanwezig","Daglicht","Droog",\N,\N,"Foarwei","Aldwâld","Noardeast-Fryslân","Friesland",false,53.279747,6.114597,"injury","2","clear",false,1,"GM1970"
"20220150755",2022,"Uitsluitend materiele schade",2,"Personenauto","e-bike","Flank","Kruispunt, 4 takken",30,"Niet brandend","Daglicht","Droog",\N,\N,"Verlengde Wilhelminastr","Hoensbroek","Heerlen","Limburg",false,50.925627,5.939647,"material damage only","4","clear",false,1,"GM0917"
"20220177935",2022,"Letsel",2,"Personenauto","e-bike","Geparkeerd voertuig","Rechte weg",30,"Niet brandend","Daglicht","Droog","Parkeervoorziening","238359117","Rembrandtweg","Amstelveen","Amstelveen","Noord-Holland",false,52.30605,4.862498,"injury","2","clear",false,1,"GM0362"
"20220177939",2022,"Letsel",2,"e-bike","Snorfiets","Onbekend","Rechte weg",50,"Niet brandend","Daglicht","Droog","Brug/viaduct","600665049","Prins Hendrikkade","Amsterdam","Amsterdam","Noord-Holland",false,52.378719,4.896075,"injury","2","clear",false,1,"GM0363"
"20220178686",2022,"Letsel",1,"Fiets",\N,"Eenzijdig",\N,60,\N,"Daglicht",\N,\N,"190357001","Vogelaardreef","Noordwijk","Noordwijk","Zuid-Holland",false,52.293459,4.513962,"injury","2","unknown",false,1,"GM0575"
"20220183140",2022,"Uitsluitend materiele schade",1,"Fiets",\N,"Eenzijdig","Kruispunt, 3 takken",\N,"Niet aanwezig","Daglicht","Droog",\N,\N,"Stadspolderring","Dordrecht","Dordrecht","Zuid-Holland",false,51.798881,4.720327,"material damage only","4","clear",false,1,"GM0505"
"20220197955",2022,"Uitsluitend materiele schade",2,"Personenauto","Fiets","Flank","Rotonde",\N,"Brandend","Duisternis","Droog",\N,\N,"Holzenboschlaan","Voorthuizen","Barneveld","Gelderland",false,52.178266,5.597455,"material damage only","4","clear",false,1,"GM0203"
"20220118317",2022,"Uitsluitend materiele schade",2,"Bestelauto","e-bike","Flank","Rechte weg",30,"Niet brandend","Daglicht","Droog",\N,"348292028","Commandeursweg","Bennekom","Ede","Gelderland",false,52.001905,5.670299,"material damage only","4","clear",false,1,"GM0228"
"20220135226",2022,"Letsel",2,"Bestelauto","Fiets","Flank","Kruispunt, 4 takken",80,"Niet brandend","Daglicht","Droog",\N,\N,"IJpeijsingel","Ryptsjerk","Tytsjerksteradiel","Friesland",false,53.22164,5.909619,"injury","2","clear",false,1,"GM0737"
"20220137135",2022,"Uitsluitend materiele schade",1,"Fiets",\N,"Voetganger","Rechte weg",30,"Niet brandend","Daglicht","Droog",\N,"600834310","Vrouwe Udasingel","Lent","Nijmegen","Gelderland",false,51.870144,5.870517,"material damage only","4","clear",false,1,"GM0268"
"20220145811",2022,"Letsel",2,"Snorfiets","Fiets","Flank","Rechte weg",30,"Niet brandend","Daglicht","Droog",\N,"182286020","PROVINCIALEWEG","Berkel en Rodenrijs","Lansingerland","Zuid-Holland",false,51.973767,4.459762,"injury","2","clear",false,1,"GM1621"
"20220161536",2022,"Letsel",2,"Personenauto","Fiets","Flank","Rechte weg",50,"Niet brandend","Daglicht","Droog",\N,"600838080","Burgemeester Falkenaweg","Heerenveen","Heerenveen","Friesland",false,52.946862,5.939,"injury","2","clear",false,1,"GM0074"
"20220168701",2022,"Letsel",2,"Personenauto","Fiets","Frontaal","Kruispunt, 4 takken",50,"Niet brandend","Daglicht","Droog",\N,\N,"Wiekslagen","Almelo","Almelo","Overijssel",false,52.335803,6.647926,"injury","2","clear",false,1,"GM0141"
"20220181126",2022,"Letsel",2,"Personenauto","Fiets","Flank","Bocht",50,"Niet brandend","Daglicht",\N,\N,"600971465","Jagersbos","Zoetermeer","Zoetermeer","Zuid-Holland",false,52.060121,4.471003,"injury","2","unknown",false,1,"GM0637"
"20220198416",2022,"Letsel",2,"Personenauto","Fiets","Flank","Kruispunt, 4 takken",30,"Niet aanwezig","Daglicht","Droog",\N,\N,"Jan Vermeerstraat","Zutphen","Zutphen","Gelderland",false,52.137441,6.210237,"injury","2","clear",false,1,"GM0301"
"20220198427",2022,"Letsel",2,"Bromfiets","Fiets","Flank","Kruispunt, 4 takken",50,"Niet brandend","Daglicht","Droog",\N,\N,"Stationsweg","Ede","Ede","Gelderland",false,52.036942,5.669057,"injury","2","clear",false,1,"GM0228"
"20220123553",2022,"Uitsluitend materiele schade",2,"Fiets","Fiets","Onbekend","Kruispunt, 4 takken",50,"Brandend","Duisternis","Droog",\N,\N,"Marnixstraat","Amsterdam","Amsterdam","Noord-Holland",false,52.368706,4.877971,"material damage only","4","clear",false,1,"GM0363"
"20220126082",2022,"Letsel",2,"Fiets","Fiets","Onbekend","Rechte weg",60,"Niet aanwezig","Daglicht",\N,\N,"600732173","Oosteinde","Warmond","Teylingen","Zuid-Holland",false,52.207305,4.511006,"injury","2","unknown",false,1,"GM1525"
"20220143706",2022,"Uitsluitend materiele schade",2,"Snorfiets","Fiets","Flank","Rechte weg",50,"Brandend","Schemer","Droog",\N,"600718405","Van Maanenkade","'s-Gravenhage","'s-Gravenhage","Zuid-Holland",false,52.071889,4.325454,"material damage only","4","clear",false,1,"GM0518"
"20220143713",2022,"Letsel",2,"Personenauto","e-bike","Eenzijdig","Rechte weg",30,"Niet brandend","Daglicht","Droog",\N,"187327184","Korevaarstraat","Leiden","Leiden","Zuid-Holland",false,52.156331,4.493101,"injury","2","clear",false,1,"GM0546"
"20220149619",2022,"Uitsluitend materiele schade",2,"Fiets","Personenauto","Frontaal","Rechte weg",50,"Niet brandend","Daglicht","Droog",\N,"303228038","Burgemeester Burgerslaan","Rosmalen","'s-Hertogenbosch","Noord-Brabant",false,51.716867,5.341754,"material damage only","4","clear",false,1,"GM0796"
"20220150884",2022,"Uitsluitend materiele schade",2,"e-bike","Personenauto","Onbekend",\N,30,\N,"Daglicht",\N,\N,"361044032","Charles Eijckstraat","Meerssen","Meerssen","Limburg",false,50.888936,5.749999,"material damage only","4","unknown",false,1,"GM0938"
"20220156501",2022,"Letsel",3,"Bestelauto","Fiets","Onbekend","Rechte weg",\N,"Niet brandend","Daglicht","Droog",\N,"217294095","Muilenpoort","Gouda","Gouda","Zuid-Holland",false,52.010347,4.714254,"injury","2","clear",false,1,"GM0513"