"accident_id","year","severity_raw","party_count","party1_type","party2_type","accident_type","road_situation","speed_limit_kmh","road_lighting","light_condition_label","weather_raw","infra_type","road_segment_id","street_name","place_name","gemeente_name_raw","province","alcohol_indicated","latitude","longitude","severity_label","severity_code","weather_label","built_up_area","cyclists_involved","gemeente_code"
"20220158823",2022,"Uitsluitend materiele schade",3,"Bestelauto","Fiets","Onbekend","Kruispunt, 4 takken",30,"Brandend","Duisternis","Droog",\N,\N,"Julianapark","Tilburg","Tilburg","Noord-Brabant",false,51.57581,5.084989,"material damage only","4","clear",false,1,"GM0855"
"20220160320",2022,"Letsel",3,"Fiets","Fiets","Los voorwerp","Rechte weg",60,"Niet brandend","Daglicht","Droog",\N,"600791445","van Coehoornweg","Oirschot","Oirschot","Noord-Brabant",false,51.549019,5.331773,"injury","2","clear",false,1,"GM0823"
"20220175012",2022,"Letsel",3,"Snorfiets","Fiets","Vast voorwerp","Kruispunt, 4 takken",\N,"Niet brandend","Daglicht","Droog",\N,\N,"Van Oostsanenkade","Alkmaar","Alkmaar","Noord-Holland",false,52.637542,4.733806,"injury","2","clear",false,1,"GM0361"
"20220149685",2022,"Uitsluitend materiele schade",2,"Personenauto","Fiets","Flank","Rotonde",50,"Niet brandend","Daglicht","Droog",\N,\N,"Kasteellaan","Eindhoven","Eindhoven","Noord-Brabant",false,51.426969,5.442562,"material damage only","4","clear",false,1,"GM0772"
"20220172612",2022,"Uitsluitend materiele schade",2,"Personenauto","e-bike","Flank","Rotonde",50,"Niet brandend","Daglicht","Droog",\N,\N,"Groenekanseweg","De Bilt","De Bilt","Utrecht",false,52.115807,5.176491,"material damage only","4","clear",false,1,"GM0310"
"20220179984",2022,"Letsel",2,"Personenauto","Fiets","Geparkeerd voertuig","Rechte weg",50,"Brandend","Duisternis","Droog",\N,"600105600","Prinsegracht","'s-Gravenhage","'s-Gravenhage","Zuid-Holland",false,52.072835,4.301286,"injury","2","clear",false,1,"GM0518"
"20220181195",2022,"Letsel",2,"Bromfiets","Fiets","Onbekend","Rechte weg",\N,"Niet brandend","Daglicht","Droog",\N,"600513149","Rijndijk","Hazerswoude-Rijndijk","Alphen aan den Rijn","Zuid-Holland",false,52.131011,4.594391,"injury","2","clear",false,1,"GM0484"
"20220183379",2022,"Letsel",2,"Fiets","Fiets","Los voorwerp","Rechte weg",50,"Niet brandend","Daglicht","Droog","Tunnel",\N,"Dirk van der Kooijweg","Rotterdam","Rotterdam","Zuid-Holland",false,51.95431,4.520574,"injury","2","clear",false,1,"GM0599"
"20220184259",2022,"Letsel",2,"Fiets","Voetganger","Voetganger","Rechte weg",50,"Niet brandend","Schemer","Droog",\N,"187276008","Vredenoordplein","Rotterdam","Rotterdam","Zuid-Holland",false,51.927212,4.499317,"injury","2","clear",false,1,"GM0599"
"20220194078",2022,"Letsel",2,"Bromfiets","Fiets","Onbekend","Rotonde",50,"Brandend","Duisternis","Droog",\N,\N,"Eems","Drachten","Smallingerland","Friesland",false,53.102684,6.075612,"injury","2","clear",false,1,"GM0090"
"20220115379",2022,"Letsel",1,"Fiets",\N,"Geparkeerd voertuig","Kruispunt, 3 takken",30,"Niet brandend","Daglicht","Droog","Parkeervoorziening",\N,"Rijksweg","Groningen","Groningen","Groningen",false,53.226542,6.599402,"injury","2","clear",false,1,"GM0014"
"20220136352",2022,"Uitsluitend materiele schade",2,"Personenauto","e-bike","Flank","Kruispunt, 4 takken",30,"Niet brandend","Daglicht","Droog",\N,\N,"Primulastraat","Zwolle","Zwolle","Overijssel",false,52.503158,6.1155,"material damage only","4","clear",false,1,"GM0193"
"20220140990",2022,"Letsel",2,"Personenauto","Fiets","Flank","Kruispunt, 3 takken",30,"Brandend","Duisternis","Droog",\N,\N,"Korte Rozengracht","Zaandam","Zaanstad","Noord-Holland",false,52.437597,4.816847,"injury","2","clear",false,1,"GM0479"
"20220141034",2022,"Uitsluitend materiele schade",2,"Bromfiets","Fiets","Frontaal","Rechte weg",\N,"Brandend","Duisternis","Droog",\N,\N,"Gerard Brandtweg","Enkhuizen","Enkhuizen","Noord-Holland",false,52.707769,5.274216,"material damage only","4","clear",false,1,"GM0388"
"20220149792",2022,"Uitsluitend materiele schade",2,"Personenauto","Fiets","Flank","Rechte weg",30,"Niet brandend","Daglicht","Regen",\N,"317175008","Ambachtsweg","Eindhoven","Eindhoven","Noord-Brabant",false,51.478867,5.439545,"material damage only","4","rain",false,1,"GM0772"
"20220153164",2022,"Uitsluitend materiele schade",2,"e-bike","e-bike","Flank","Kruispunt, 4 takken",30,"Niet brandend","Daglicht","Droog",\N,\N,"Koning Stadhouderlaan","Apeldoorn","Apeldoorn","Gelderland",false,52.205591,5.95788,"material damage only","4","clear",false,1,"GM0200"
"20220183431",2022,"Uitsluitend materiele schade",2,"Bromfiets","Fiets","Frontaal","Rechte weg",60,"Brandend","Daglicht","Droog",\N,"140264007","Rijksstraatweg","Vierpolders","Voorne aan Zee","Zuid-Holland",false,51.871603,4.156636,"material damage only","4","clear",false,1,"GM1992"
"20220194421",2022,"Letsel",2,"Personenauto","e-bike","Kop/staart","Rechte weg",60,"Niet aanwezig","Duisternis","Mist",\N,"331514007","Westerskatting","Oudega","Súdwest-Fryslân","Friesland",false,53.006095,5.549386,"injury","2","fog",false,1,"GM1900"
"20220188530",2022,"Uitsluitend materiele schade",2,"Personenauto","Fiets","Onbekend","Kruispunt, 3 takken",50,"Niet brandend","Daglicht","Regen",\N,\N,"Van Galenweg","Cuijk","Land van Cuijk","Noord-Brabant",false,51.72537,5.865253,"material damage only","4","rain",false,1,"GM1982"
"20220189115",2022,"Uitsluitend materiele schade",2,"Fiets","Bestelauto","Flank","Rechte weg",30,"Niet brandend","Daglicht","Droog",\N,"600811114","Heikantstraat","Budel","Cranendonck","Noord-Brabant",false,51.262445,5.591475,"material damage only","4","clear",false,1,"GM1706"
"20220118686",2022,"Uitsluitend materiele schade",2,"Personenauto","Fiets","Flank","Kruispunt, 4 takken",30,"Niet brandend","Daglicht","Droog",\N,\N,"Spijkerstraat","Arnhem","Arnhem","Gelderland",false,51.983389,5.922075,"material damage only","4","clear",false,1,"GM0202"
"20220118778",2022,"Letsel",3,"Personenauto","Fiets","Frontaal","Rechte weg",50,"Niet brandend","Daglicht","Droog",\N,"340358004","Dokter van Dalelaan","Ermelo","Ermelo","Gelderland",false,52.300031,5.614053,"injury","2","clear",false,1,"GM0233"
"20220119618",2022,"Letsel",2,"e-bike","e-bike","Kop/staart","Rechte weg",30,"Niet brandend","Daglicht","Droog",\N,"600772292","Busbaan Oudenrijn","De Meern","Utrecht","Utrecht",false,52.079761,5.054781,"injury","2","clear",false,1,"GM0344"
"20220137360",2022,"Uitsluitend materiele schade",2,"Fiets","Fiets","Frontaal","Bocht",80,"Niet brandend","Daglicht","Droog",\N,\N,"Graafseweg","Wijchen","Wijchen","Gelderland",false,51.803525,5.755749,"material damage only","4","clear",false,1,"GM0296"
"20220142560",2022,"Uitsluitend materiele schade",3,"Personenauto","Fiets","Flank","Kruispunt, 4 takken",50,"Niet brandend","Daglicht","Droog",\N,\N,"Frans Halsstraat","Amsterdam","Amsterdam","Noord-Holland",false,52.356885,4.888762,"material damage only","4","clear",false,1,"GM0363"
"20220146997",2022,"Letsel",2,"Snorfiets","Fiets","Kop/staart","Rechte weg",60,"Niet aanwezig","Daglicht","Droog",\N,"284179023","Wilhelminadijk","Haghorst","Hilvarenbeek","Noord-Brabant",false,51.498126,5.217426,"injury","2","clear",false,1,"GM0798"
"20220185264",2022,"Letsel",2,"Bromfiets","Fiets","Frontaal","Bocht",30,"Brandend","Duisternis","Droog",\N,"600693956","Rivierweg","Rhoon","Albrandswaard","Zuid-Holland",false,51.856129,4.433972,"injury","2","clear",false,1,"GM0613"
"20220188606",2022,"Uitsluitend materiele schade",3,"Personenauto","Fiets","Flank","Rechte weg",30,"Niet brandend","Daglicht","Droog",\N,"600799703","Nieuwe Waalreseweg","Valkenswaard","Valkenswaard","Noord-Brabant",false,51.359367,5.448066,"material damage only","4","clear",false,1,"GM0858"
"20220189142",2022,"Letsel",2,"Personenauto","Fiets","Flank","Kruispunt, 3 takken",30,"Niet brandend","Daglicht",\N,\N,\N,"van Speijkstraat","Veghel","Meierijstad","Noord-Brabant",false,51.612359,5.553888,"injury","2","unknown",false,1,"GM1948"
"20240000258",2024,"Letsel",2,"Personenauto","Fiets","Onbekend","Rechte weg",50,"Niet brandend","Daglicht","Droog",\N,"148189108","Schietbaan","Tholen","Tholen","Zeeland",false,51.536566,4.225147,"injury","2","clear",false,1,"GM0716"
"20220144000",2022,"Letsel",2,"e-bike","Fiets","Onbekend","Rechte weg",\N,"Niet brandend","Daglicht","Droog",\N,"157304077","Loevesteinlaan","'s-Gravenhage","'s-Gravenhage","Zuid-Holland",false,52.052517,4.278776,"injury","2","clear",false,1,"GM0518"
"20220147119",2022,"Letsel",1,"Fiets",\N,"Eenzijdig",\N,30,\N,"Daglicht",\N,\N,"71193052","Kanaalweg W.Z.","Veere","Veere","Zeeland",false,51.545528,3.666352,"injury","2","unknown",false,1,"GM0717"
"20220175350",2022,"Letsel",2,"Personenauto","Fiets","Flank","Rotonde",50,"Niet brandend","Daglicht",\N,\N,\N,"Zuidtangent","Heerhugowaard","Dijk en Waard","Noord-Holland",false,52.659429,4.837331,"injury","2","unknown",false,1,"GM1980"
"20220175360",2022,"Letsel",2,"Personenauto","e-bike","Onbekend","Kruispunt, 3 takken",30,"Niet brandend","Daglicht","Droog",\N,\N,"Berlagelaan","Haarlem","Haarlem","Noord-Holland",false,52.380546,4.661094,"injury","2","clear",false,1,"GM0392"
"20220183665",2022,"Letsel",1,"Fiets",\N,"Eenzijdig","Kruispunt, 3 takken",30,"Niet brandend","Daglicht","Droog",\N,\N,"Berlagestraat","Rotterdam","Rotterdam","Zuid-Holland",false,51.944156,4.549343,"injury","2","clear",false,1,"GM0599"
"20220190560",2022,"Uitsluitend materiele schade",3,"Personenauto","Fiets","Onbekend","Kruispunt, 4 takken",60,"Niet brandend","Daglicht","Droog",\N,\N,"De Lanck","Swalmen","Roermond","Limburg",false,51.23093,6.07878,"material damage only","4","clear",false,1,"GM0957"
"20220136503",2022,"Letsel",3,"Fiets","Personenauto","Onbekend","Rechte weg",50,"Niet brandend","Daglicht","Droog",\N,\N,"Spieghelstraat","Harderwijk","Harderwijk","Gelderland",false,52.340439,5.635344,"injury","2","clear",false,1,"GM0243"
"20220152395",2022,"Letsel",2,"Bromfiets","e-bike","Frontaal","Bocht",60,"Niet brandend","Daglicht","Droog",\N,"402493004","Stellingenweg","Nijeholtpade","Weststellingwerf","Friesland",false,52.908102,6.077853,"injury","2","clear",false,1,"GM0098"
"20220155482",2022,"Letsel",2,"Bestelauto","Fiets","Flank","Kruispunt, 4 takken",30,"Niet brandend","Daglicht","Droog",\N,\N,"Kantershof","Amsterdam","Amsterdam","Noord-Holland",false,52.318014,4.988558,"injury","2","clear",false,1,"GM0363"
"20220162082",2022,"Letsel",3,"Personenauto","Fiets","Onbekend","Bocht",50,"Niet brandend","Daglicht","Droog",\N,\N,"Hantumerweg","Dokkum","Noardeast-Fryslân","Friesland",false,53.329631,5.999059,"injury","2","clear",false,1,"GM1970"
"20220190443",2022,"Letsel",2,"Personenauto","e-bike","Flank","Rotonde",50,"Niet brandend","Daglicht","Droog",\N,\N,"Roersingel","Roermond","Roermond","Limburg",false,51.19329,5.983557,"injury","2","clear",false,1,"GM0957"
"20220121227",2022,"Letsel",2,"Personenauto","e-bike","Flank","Kruispunt, 4 takken",\N,"Niet brandend","Daglicht","Droog",\N,\N,"IJsselveld","Montfoort","Montfoort","Utrecht",false,52.048816,4.943267,"injury","2","clear",false,1,"GM0335"
"20220124052",2022,"Uitsluitend materiele schade",2,"Personenauto","Fiets","Flank","Kruispunt, 3 takken",50,"Niet brandend","Daglicht","Droog",\N,\N,"Osdorpplein","Amsterdam","Amsterdam","Noord-Holland",false,52.359797,4.803197,"material damage only","4","clear",false,1,"GM0363"
"20220137492",2022,"Letsel",1,"Fiets",\N,"Eenzijdig","Bocht",50,"Niet brandend","Daglicht","Droog",\N,"600938553","Lemelerweg","Lemele","Ommen","Overijssel",false,52.475887,6.426837,"injury","2","clear",false,1,"GM0175"
"20220144202",2022,"Uitsluitend materiele schade",2,"Bromfiets","Fiets","Onbekend","Rechte weg",30,"Niet brandend","Daglicht","Droog",\N,"180341006","Herenweg","Noordwijk","Noordwijk","Zuid-Holland",false,52.223345,4.442131,"material damage only","4","clear",false,1,"GM0575"
"20220151301",2022,"Uitsluitend materiele schade",3,"Personenauto","e-bike","Flank","Rechte weg",30,"Niet brandend","Daglicht","Droog",\N,"391021013","Vijlenberg","Vijlen","Vaals","Limburg",false,50.7873,5.963364,"material damage only","4","clear",false,1,"GM0981"
"20220160710",2022,"Uitsluitend materiele schade",2,"Personenauto","Fiets","Frontaal","Kruispunt, 3 takken",30,"Niet brandend","Daglicht","Droog",\N,\N,"Scottstraat","Heerlen","Heerlen","Limburg",false,50.919803,5.950234,"material damage only","4","clear",false,1,"GM0917"
"20220184606",2022,"Letsel",2,"Snorfiets","Fiets","Flank","Rechte weg",80,"Niet brandend","Daglicht","Droog",\N,"600945024","RYKSWG","Hendrik-Ido-Ambacht","Ridderkerk","Zuid-Holland",false,51.855432,4.645167,"injury","2","clear",false,1,"GM0597"
"20220186782",2022,"Uitsluitend materiele schade",2,"Personenauto","Fiets","Flank","Kruispunt, 3 takken",50,"Niet brandend","Daglicht","Droog",\N,\N,"Floris V-laan","Waalwijk","Waalwijk","Noord-Brabant",false,51.683507,5.056299,"material damage only","4","clear",false,1,"GM0867"
"20220157892",2022,"Letsel",2,"Personenauto","Fiets","Flank","Rechte weg",50,"Niet brandend","Daglicht","Droog",\N,"184275088","Karel Doormanstraat","Rotterdam","Rotterdam","Zuid-Holland",false,51.922815,4.473523,"injury","2","clear",false,1,"GM0599"
"20220196214",2022,"Uitsluitend materiele schade",2,"Fiets","Fiets","Flank","Rechte weg",50,"Niet brandend","Daglicht","Droog",\N,"518362013","Hengelosestraat","Oldenzaal","Oldenzaal","Overijssel",false,52.309611,6.920304,"material damage only","4","clear",false,1,"GM0173"
"20220146341",2022,"Uitsluitend materiele schade",2,"Bestelauto","e-bike","Flank","Kruispunt, 3 takken",50,"Niet brandend","Daglicht","Droog",\N,\N,"Lucie Vuylstekeweg","Rotterdam","Rotterdam","Zuid-Holland",false,51.932642,4.532911,"material damage only","4","clear",false,1,"GM0599"
"20220175596",2022,"Letsel",2,"Fiets","Los voorwerp","Los voorwerp","Rechte weg",50,"Niet aanwezig","Duisternis","Droog",\N,"600646450","Jaagweg","Ilpendam","Waterland","Noord-Holland",false,52.473912,4.94749,"injury","2","clear",false,1,"GM0852"
"20220192768",2022,"Letsel",2,"Personenauto","Fiets","Geparkeerd voertuig","Kruispunt, 4 takken",50,"Niet brandend","Daglicht","Droog","Parkeervoorziening",\N,"Driebondsweg","Groningen","Groningen","Groningen",false,53.224731,6.614348,"injury","2","clear",false,1,"GM0014"
"20220193636",2022,"Letsel",1,"Fiets",\N,"Eenzijdig","Rechte weg",30,"Niet brandend","Daglicht","Droog",\N,"600152022","Weg der Verenigde Naties","Groningen","Groningen","Groningen",false,53.209495,6.582926,"injury","2","clear",false,1,"GM0014"
"20220141752",2022,"Letsel",2,"Bromfiets","Fiets","Flank","Kruispunt, 4 takken",50,"Niet brandend","Daglicht","Droog",\N,\N,"Tweede Boerhaavestraat","Amsterdam","Amsterdam","Noord-Holland",false,52.358663,4.909718,"injury","2","clear",false,1,"GM0363"
"20220141810",2022,"Letsel",2,"Trein/tram","Fiets","Flank","Rotonde",50,"Niet brandend","Daglicht","Droog",\N,\N,"Hugo de Grootplein","Amsterdam","Amsterdam","Noord-Holland",false,52.374514,4.872659,"injury","2","clear",false,1,"GM0363"
"20220157010",2022,"Letsel",2,"Fiets","Scootmobiel","Flank","Kruispunt, 4 takken",\N,"Niet brandend","Daglicht","Droog",\N,\N,"Europaweg","Zoetermeer","Zoetermeer","Zuid-Holland",false,52.064484,4.494018,"injury","2","clear",false,1,"GM0637"
"20220174467",2022,"Letsel",2,"Personenauto","Fiets","Flank","Rechte weg",60,"Niet brandend","Daglicht","Droog",\N,"600764628","Middenweg","Middenbeemster","Purmerend","Noord-Holland",false,52.571816,4.927106,"injury","2","clear",false,1,"GM0439"
"20220193680",2022,"Letsel",2,"Personenauto","Fiets","Geparkeerd voertuig","Rechte weg",30,"Brandend","Duisternis","Droog",\N,"471559008","De Savornin Lohmanlaan","Groningen","Groningen","Groningen",false,53.19741,6.592425,"injury","2","clear",false,1,"GM0014"
"20220198518",2022,"Letsel",2,"Personenauto","Fiets","Flank","Kruispunt, 4 takken",30,"Niet brandend","Daglicht","Droog",\N,\N,"Stationsstraat","Apeldoorn","Apeldoorn","Gelderland",false,52.216318,5.96477,"injury","2","clear",false,1,"GM0200"
"20220125710",2022,"Uitsluitend materiele schade",2,"Bromfiets","Fiets","Kop/staart","Rechte weg",30,"Niet brandend","Daglicht","Droog",\N,"174338054","Boulevard","Katwijk","Katwijk","Zuid-Holland",false,52.207197,4.396013,"material damage only","4","clear",false,1,"GM0537"
"20240082834",2024,"Letsel",2,\N,"Fiets","Flank","Rechte weg",80,"Niet brandend","Daglicht","Droog",\N,\N,"Luikerweg","Valkenswaard","Valkenswaard","Noord-Brabant",false,51.309833,5.424386,"injury","2","clear",false,1,"GM0858"
"20240084175",2024,"Uitsluitend materiele schade",2,"Personenauto","Fiets","Flank","Kruispunt, 4 takken",30,"Niet brandend","Daglicht","Droog",\N,\N,"Hoofdstraat","Epe","Epe","Gelderland",false,52.346182,5.983968,"material damage only","4","clear",false,1,"GM0232"
"20240091230",2024,"Letsel",2,"Personenauto","Fiets","Flank","Kruispunt, 4 takken",60,"Niet brandend","Daglicht","Droog",\N,\N,"Riddershofpad","Berkel-Enschot","Tilburg","Noord-Brabant",false,51.592507,5.129729,"injury","2","clear",false,1,"GM0855"
"20240091966",2024,"Uitsluitend materiele schade",2,"Personenauto","Fiets","Frontaal","Rechte weg",30,"Niet brandend","Daglicht","Droog",\N,"420151009","Stalbergweg","Venlo","Venlo","Limburg",false,51.366847,6.181793,"material damage only","4","clear",false,1,"GM0983"
"20240092753",2024,"Uitsluitend materiele schade",2,"Fiets","Personenauto","Flank","Kruispunt, 4 takken",50,"Niet brandend","Daglicht","Droog",\N,\N,"Zevenhontseweg","'s-Hertogenbosch","'s-Hertogenbosch","Noord-Brabant",false,51.708588,5.313844,"material damage only","4","clear",false,1,"GM0796"
"20240097424",2024,"Letsel",2,"Fiets",\N,"Onbekend","Rechte weg",50,"Niet brandend","Daglicht","Droog","Tunnel","600742310","Dreef","Waddinxveen","Waddinxveen","Zuid-Holland",false,52.036143,4.650324,"injury","2","clear",false,1,"GM0627"
"20240098140",2024,"Letsel",2,"Personenauto","Fiets","Flank","Rotonde",50,"Niet brandend","Daglicht","Droog",\N,\N,"Mgr Bekkerslaan","Rijswijk","Rijswijk","Zuid-Holland",false,52.030906,4.304931,"injury","2","clear",false,1,\N
"20240046617",2024,"Uitsluitend materiele schade",1,"Fiets",\N,"Frontaal","Rechte weg",30,"Niet aanwezig","Daglicht","Droog",\N,"600221730","Zuiderpad","Dedemsvaart","Hardenberg","Overijssel",false,52.590242,6.451737,"material damage only","4","clear",false,1,"GM0160"
"20240048357",2024,"Letsel",2,"Fiets","Personenauto","Flank","Kruispunt, 3 takken",50,"Niet brandend","Daglicht","Droog",\N,"328298025","Slaperdijk","Overberg","Utrechtse Heuvelrug","Utrecht",false,52.031423,5.522251,"injury","2","clear",false,1,"GM1581"
"20240078440",2024,"Letsel",2,"Personenauto","Fiets","Flank","Kruispunt, 4 takken",60,"Niet aanwezig","Daglicht","Droog",\N,\N,"Scheidingsweg","Lievelde","Oost Gelre","Gelderland",false,52.023328,6.608279,"injury","2","clear",false,1,"GM1586"
"20240084219",2024,"Uitsluitend materiele schade",2,"Personenauto","Fiets","Onbekend","Rechte weg",30,"Niet brandend","Daglicht","Droog",\N,"600880373","Het Plein","Hengelo","Hengelo (O)","Overijssel",false,52.287334,6.767658,"material damage only","4","clear",false,1,\N
"20240090008",2024,"Uitsluitend materiele schade",2,"Snorfiets","Fiets","Onbekend","Rechte weg",60,"Niet aanwezig","Daglicht","Droog",\N,"600749133","Zeedijk","Dordrecht","Dordrecht","Zuid-Holland",false,51.782536,4.737919,"material damage only","4","clear",false,1,"GM0505"
"20240093731",2024,"Letsel",2,"Personenauto","Fiets","Frontaal","Kruispunt, 3 takken",30,"Niet brandend","Daglicht","Regen",\N,\N,"Park de Kotten","Enschede","Enschede","Overijssel",false,52.233799,6.882899,"injury","2","rain",false,1,"GM0153"
"20240094564",2024,"Uitsluitend materiele schade",2,"Personenauto","Fiets","Flank","Rechte weg",50,"Niet brandend","Daglicht","Droog",\N,\N,"Beethovenlaan","Hengelo","Hengelo (O)","Overijssel",false,52.266891,6.80952,"material damage only","4","clear",false,1,\N
"20240097382",2024,"Uitsluitend materiele schade",2,"Fiets","Personenauto","Flank","Kruispunt, 4 takken",30,"Niet brandend","Daglicht","Droog",\N,\N,"IJburglaan","Amsterdam","Amsterdam","Noord-Holland",false,52.355296,4.995332,"material damage only","4","clear",false,1,"GM0363"
"20240097418",2024,"Letsel",2,"Fiets","Fiets","Flank","Rechte weg",30,"Niet brandend","Daglicht","Droog",\N,"176338043","Groen van Prinstererweg","Katwijk","Katwijk","Zuid-Holland",false,52.207117,4.411617,"injury","2","clear",false,1,"GM0537"
"20240101278",2024,"Letsel",2,"Bestelauto","Fiets","Onbekend","Kruispunt, 3 takken",50,"Niet brandend","Daglicht","Droog",\N,\N,"John F. Kennedyweg","Rotterdam","Rotterdam","Zuid-Holland",false,51.896182,4.540009,"injury","2","clear",false,1,"GM0599"
"20240101291",2024,"Letsel",2,"Fiets","Personenauto","Onbekend","Rechte weg",50,"Niet brandend","Daglicht","Droog",\N,"187312001","Geerweg","Zoeterwoude","Zoeterwoude","Zuid-Holland",true,52.091587,4.498278,"injury","2","clear",false,1,"GM0638"
"20240086804",2024,"Uitsluitend materiele schade",2,"Personenauto","Fiets","Onbekend","Rechte weg",50,"Niet brandend","Daglicht","Droog",\N,"600577796","Marnixlaan","Utrecht","Utrecht","Utrecht",false,52.109453,5.099097,"material damage only","4","clear",false,1,"GM0344"
"20240088765",2024,"Uitsluitend materiele schade",2,"Fiets","Bromfiets","Flank","Rechte weg",30,"Niet brandend","Daglicht","Droog",\N,"243368002","Victorieplein","Amsterdam","Amsterdam","Noord-Holland",false,52.34654,4.902737,"material damage only","4","clear",false,1,"GM0363"
"20240090707",2024,"Uitsluitend materiele schade",2,"Fiets","Fiets","Frontaal","Kruispunt, 3 takken",30,"Niet brandend","Daglicht","Droog",\N,\N,"Schuiffelstraat","Middelburg","Middelburg","Zeeland",false,51.498268,3.608644,"material damage only","4","clear",false,1,\N
"20240092620",2024,"Uitsluitend materiele schade",2,"Fiets","Bromfiets","Flank","Kruispunt, 3 takken",30,"Niet brandend","Daglicht","Droog",\N,\N,"Cherubinilaan","Eindhoven","Eindhoven","Noord-Brabant",false,51.429031,5.452785,"material damage only","4","clear",false,1,"GM0772"
"20240093794",2024,"Letsel",2,"Personenauto","Fiets","Flank","Kruispunt, 4 takken",30,"Niet brandend","Daglicht","Droog",\N,\N,"J.J. van Deinselaan","Enschede","Enschede","Overijssel",false,52.208133,6.910547,"injury","2","clear",false,1,"GM0153"
"20240094617",2024,"Letsel",2,"Fiets","Fiets","Flank","Rechte weg",60,"Niet aanwezig","Daglicht","Droog",\N,"460459024","Brandligtsdijk","Stuifzand","Hoogeveen","Drenthe",false,52.743789,6.508001,"injury","2","clear",false,1,"GM0118"
"20240098211",2024,"Letsel",2,"Fiets","Fiets","Flank","Rechte weg",50,"Niet brandend","Daglicht","Droog",\N,"155302051","Hengelolaan","'s-Gravenhage","'s-Gravenhage","Zuid-Holland",false,52.046319,4.265806,"injury","2","clear",false,1,"GM0518"
"20240046046",2024,"Uitsluitend materiele schade",2,"Bestelauto","Fiets","Onbekend","Kruispunt, 3 takken",50,"Niet brandend","Daglicht","Regen",\N,\N,"Brugstraat","Schoonoord","Coevorden","Drenthe",false,52.844119,6.752024,"material damage only","4","rain",false,1,"GM0109"
"20240050294",2024,"Letsel",2,"Personenauto","Fiets","Frontaal","Rechte weg",50,"Niet brandend","Daglicht","Droog",\N,"191324137","Hoge Rijndijk","Zoeterwoude","Zoeterwoude","Zuid-Holland",false,52.146964,4.522932,"injury","2","clear",false,1,"GM0638"
"20240070773",2024,"Letsel",1,"Fiets",\N,"Eenzijdig","Kruispunt, 3 takken",30,"Niet brandend","Daglicht","Droog",\N,\N,"ir. P. Kosterlaan","Rotterdam","Rotterdam","Zuid-Holland",false,51.940492,4.49783,"injury","2","clear",false,1,"GM0599"
"20240081639",2024,"Letsel",2,"Personenauto","Fiets","Flank","Kruispunt, 4 takken",50,"Niet brandend","Daglicht","Droog",\N,\N,"Strausslaan","Barendrecht","Barendrecht","Zuid-Holland",false,51.847951,4.525087,"injury","2","clear",false,1,"GM0489"
"20240086841",2024,"Letsel",2,"Bestelauto","Fiets","Flank","Kruispunt, 4 takken",50,"Niet brandend","Daglicht","Droog",\N,\N,"Anemoonstraat","Amersfoort","Amersfoort","Utrecht",false,52.160391,5.362739,"injury","2","clear",false,1,"GM0307"
"20240088142",2024,"Uitsluitend materiele schade",2,"Fiets","Fiets","Onbekend","Kruispunt, 4 takken",30,"Niet brandend","Daglicht","Droog",\N,\N,"Bilderdijkstraat","'s-Gravenhage","'s-Gravenhage","Zuid-Holland",false,52.080334,4.301703,"material damage only","4","clear",false,1,"GM0518"
"20240088147",2024,"Letsel",3,"Fiets","Voetganger","Voetganger","Kruispunt, 4 takken",50,"Niet brandend","Daglicht","Droog",\N,\N,"Raadhuisstraat","Alphen aan den Rijn","Alphen aan den Rijn","Zuid-Holland",false,52.128801,4.663306,"injury","2","clear",false,1,"GM0484"
"20240088800",2024,"Letsel",2,"Personenauto","Fiets","Flank","Kruispunt, 4 takken",50,"Niet brandend","Daglicht","Droog",\N,\N,"Molenweg","Monster","Westland","Zuid-Holland",false,52.030004,4.178402,"injury","2","clear",false,1,"GM1783"
"20240092451",2024,"Uitsluitend materiele schade",2,"Personenauto","Fiets","Frontaal","Rechte weg",50,"Niet brandend","Daglicht","Droog",\N,"297223039","Halvemaanstraat","'s-Hertogenbosch","'s-Hertogenbosch","Noord-Brabant",false,51.692842,5.298075,"material damage only","4","clear",false,1,"GM0796"
"20240095128",2024,"Letsel",3,"Fiets","Personenauto","Flank","Kruispunt, 3 takken",80,"Niet brandend","Daglicht","Droog",\N,\N,"Kanaalweg","Schoonebeek","Emmen","Drenthe",false,52.682497,6.870993,"injury","2","clear",false,1,"GM0114"
"20240095145",2024,"Letsel",2,"Personenauto","e-bike","Onbekend","Kruispunt, 4 takken",50,"Niet brandend","Daglicht","Droog",\N,\N,"Selma Lagerlöflaan","Assen","Assen","Drenthe",false,53.000075,6.547537,"injury","2","clear",false,1,"GM0106"
"20240098246",2024,"Letsel",2,"Fiets","Personenauto","Flank","Rechte weg",50,"Niet brandend","Daglicht","Droog",\N,"600892012","Klapwijkseweg","Pijnacker","Pijnacker-Nootdorp","Zuid-Holland",false,52.005756,4.447695,"injury","2","clear",false,1,"GM1926"
"20240098247",2024,"Letsel",2,"Bromfiets","Fiets","Flank","Kruispunt, 4 takken",30,"Niet brandend","Daglicht","Droog",\N,\N,"Stadionweg","Amsterdam","Amsterdam","Noord-Holland",false,52.348621,4.882882,"injury","2","clear",false,1,"GM0363"
"20240098251",2024,"Letsel",1,"Fiets",\N,"Onbekend","Rechte weg",50,"Brandend","Duisternis","Droog",\N,"600726011","Noordwijkerweg","Rijnsburg","Katwijk","Zuid-Holland",false,52.201552,4.446001,"injury","2","clear",false,1,"GM0537"