"accident_id","year","severity_raw","party_count","party1_type","party2_type","accident_type","road_situation","speed_limit_kmh","road_lighting","light_condition_label","weather_raw","infra_type","road_segment_id","street_name","place_name","gemeente_name_raw","province","alcohol_indicated","latitude","longitude","severity_label","severity_code","weather_label","built_up_area","cyclists_involved","gemeente_code"
"20240041141",2024,"Uitsluitend materiele schade",1,"e-bike",\N,"Onbekend","Bocht",50,"Niet brandend","Daglicht","Regen",\N,"216424023","Heerenweg","Heiloo","Heiloo","Noord-Holland",false,52.598324,4.700484,"material damage only","4","rain",false,1,"GM0399"
"20240045411",2024,"Uitsluitend materiele schade",2,"Personenauto","Fiets","Onbekend","Kruispunt, 4 takken",50,"Niet brandend","Daglicht","Droog",\N,\N,"Oude Vlijmenseweg","'s-Hertogenbosch","'s-Hertogenbosch","Noord-Brabant",false,51.689711,5.276656,"material damage only","4","clear",false,1,"GM0796"
"20240049688",2024,"Letsel",2,"Fiets","Personenauto","Flank","Kruispunt, 3 takken",50,"Niet brandend","Daglicht","Regen",\N,\N,"Graaf Willem de Rijkeln","Leidschendam","Leidschendam-Voorburg","Zuid-Holland",false,52.096557,4.392865,"injury","2","rain",false,1,"GM1916"
"20240049703",2024,"Letsel",2,"Fiets","Los voorwerp","Los voorwerp","Rechte weg",50,"Niet brandend","Daglicht","Droog",\N,"164310120","Bezuidenhoutseweg","'s-Gravenhage","'s-Gravenhage","Zuid-Holland",false,52.082257,4.322555,"injury","2","clear",false,1,"GM0518"
"20240073986",2024,"Uitsluitend materiele schade",2,"Fiets","Fiets","Kop/staart","Kruispunt, 3 takken",50,"Niet brandend","Daglicht","Droog",\N,\N,"Veerstraat","Boxmeer","Land van Cuijk","Noord-Brabant",false,51.648559,5.951776,"material damage only","4","clear",false,1,"GM1982"
"20240082367",2024,"Uitsluitend materiele schade",2,"Personenauto","e-bike","Flank","Kruispunt, 4 takken",30,"Niet brandend","Daglicht","Droog",\N,\N,"Fransebaan","Eindhoven","Eindhoven","Noord-Brabant",false,51.48837,5.439206,"material damage only","4","clear",false,1,"GM0772"
"20240088176",2024,"Letsel",2,"Fiets","Fiets","Flank","Rechte weg",30,"Niet brandend","Daglicht","Droog",\N,"156315104","Strandweg","'s-Gravenhage","'s-Gravenhage","Zuid-Holland",false,52.10751,4.271626,"injury","2","clear",false,1,"GM0518"
"20240096244",2024,"Letsel",2,"Vrachtauto","Fiets","Onbekend","Rechte weg",30,"Niet brandend","Daglicht","Droog",\N,"246342003","Achterbos","Vinkeveen","De Ronde Venen","Utrecht",false,52.226161,4.923971,"injury","2","clear",false,1,"GM0736"
"20240074018",2024,"Letsel",2,"Fiets","Overig vast object","Vast voorwerp","Rechte weg",30,"Niet brandend","Daglicht","Droog",\N,"600707655","Arendstraat","'s-Heer Arendskerke","Goes","Zeeland",false,51.498414,3.813507,"injury","2","clear",false,1,"GM0664"
"20240074029",2024,"Letsel",2,"Bestelauto","Fiets","Flank","Kruispunt, 4 takken",30,"Niet brandend","Daglicht","Droog",\N,\N,"Renseweg","De Mortel","Gemert-Bakel","Noord-Brabant",false,51.540192,5.708818,"injury","2","clear",false,1,"GM1652"
"20240074691",2024,"Letsel",2,"Personenauto","e-bike","Flank","Kruispunt, 4 takken",60,"Niet brandend","Daglicht","Droog",\N,\N,"Leijester Hegedyk","Alde Leie","Leeuwarden","Friesland",false,53.278896,5.721988,"injury","2","clear",false,1,"GM0080"
"20240075718",2024,"Uitsluitend materiele schade",2,"Personenauto","e-bike","Flank","Kruispunt, 4 takken",50,"Niet brandend","Daglicht","Droog",\N,\N,"De Vogelweide","Almelo","Almelo","Overijssel",false,52.338459,6.637057,"material damage only","4","clear",false,1,"GM0141"
"20240086911",2024,"Letsel",2,"Personenauto","Fiets","Flank","Kruispunt, 4 takken",50,"Niet brandend","Daglicht","Droog",\N,\N,"Provincialeweg","Zaandam","Zaanstad","Noord-Holland",false,52.43221,4.821914,"injury","2","clear",false,1,"GM0479"
"20240090210",2024,"Letsel",2,"Fiets","Fiets","Onbekend",\N,30,\N,"Daglicht",\N,\N,"601037333","Noorder Parallelweg","Waalwijk","Waalwijk","Noord-Brabant",false,51.685549,5.073019,"injury","2","unknown",false,1,"GM0867"
"20240092957",2024,"Letsel",2,"Personenauto","Fiets","Flank","Rechte weg",60,"Niet brandend","Daglicht","Droog",\N,"276226002","Bredenkampweg","Elshout","Heusden","Noord-Brabant",false,51.70621,5.148499,"injury","2","clear",false,1,"GM0797"
"20240095724",2024,"Letsel",1,"Fiets",\N,"Onbekend","Rechte weg",30,"Brandend","Duisternis","Droog",\N,"207391008","Driehuizerkerkweg","Driehuis NH","Velsen","Noord-Holland",false,52.446589,4.634995,"injury","2","clear",false,1,"GM0453"
"20240049162",2024,"Uitsluitend materiele schade",2,"Fiets","Fiets","Flank","Kruispunt, 3 takken",30,"Niet brandend","Daglicht","Droog",\N,\N,"Stationsstraat","Apeldoorn","Apeldoorn","Gelderland",false,52.210544,5.968071,"material damage only","4","clear",false,1,"GM0200"
"20240073430",2024,"Letsel",2,"Fiets","Fiets","Frontaal","Bocht",80,"Niet brandend","Daglicht","Droog",\N,"600993925","FIETSPAD","Hoek","Terneuzen","Zeeland",false,51.330581,3.79736,"injury","2","clear",false,1,"GM0715"
"20240083072",2024,"Uitsluitend materiele schade",2,"Personenauto","Fiets","Onbekend","Rotonde",100,"Niet brandend","Daglicht","Droog",\N,\N,"Lange Blokweg","Zierikzee","Schouwen-Duiveland","Zeeland",false,51.655424,3.92128,"material damage only","4","clear",false,1,"GM1676"
"20240086988",2024,"Letsel",1,"Fiets",\N,"Onbekend",\N,30,\N,"Duisternis",\N,\N,\N,"Leeuwenstraat","Hilversum","Hilversum","Noord-Holland",false,52.225882,5.177509,"injury","2","unknown",false,1,"GM0402"
"20240096914",2024,"Uitsluitend materiele schade",2,"Fiets","Voetganger","Kop/staart","Rechte weg",30,"Niet brandend","Daglicht","Droog",\N,\N,"Parallelweg","Duiven","Duiven","Gelderland",false,51.945287,6.008988,"material damage only","4","clear",false,1,"GM0226"
"20240098645",2024,"Uitsluitend materiele schade",2,"Snorfiets","Fiets","Flank","Rechte weg",\N,"Niet brandend","Daglicht","Droog",\N,"243375112","Prins Hendrikkade","Amsterdam","Amsterdam","Noord-Holland",false,52.376728,4.899354,"material damage only","4","clear",false,1,"GM0363"
"20240049814",2024,"Uitsluitend materiele schade",2,"Personenauto","Fiets","Onbekend","Rechte weg",80,"Niet aanwezig","Daglicht","Droog",\N,"212318103","Oostkanaalweg","Aarlanderveen","Alphen aan den Rijn","Zuid-Holland",false,52.118824,4.675896,"material damage only","4","clear",false,1,"GM0484"
"20240049821",2024,"Uitsluitend materiele schade",2,"Personenauto","Fiets","Flank","Kruispunt, 4 takken",50,"Niet brandend","Daglicht","Droog",\N,\N,"Nieuwe Beestenmarkt","Leiden","Leiden","Zuid-Holland",false,52.163732,4.486191,"material damage only","4","clear",false,1,"GM0546"
"20240074743",2024,"Letsel",2,"Personenauto","Fiets","Onbekend","Kruispunt, 4 takken",30,"Niet brandend","Daglicht","Regen",\N,\N,"Zaagmuldersweg","Groningen","Groningen","Groningen",false,53.228463,6.576531,"injury","2","rain",false,1,"GM0014"
"20240077451",2024,"Letsel",2,"Snorfiets","Fiets","Frontaal","Kruispunt, 4 takken",50,"Niet brandend","Daglicht","Droog",\N,\N,"Dorpsstraat","Bunnik","Bunnik","Utrecht",false,52.067274,5.200835,"injury","2","clear",false,1,"GM0312"
"20240083130",2024,"Uitsluitend materiele schade",2,"Personenauto","Fiets","Flank","Kruispunt, 3 takken",50,"Niet brandend","Daglicht","Droog",\N,\N,"Badhuisstraat","Vlissingen","Vlissingen","Zeeland",false,51.446838,3.568484,"material damage only","4","clear",false,1,"GM0718"
"20240087023",2024,"Letsel",1,"Fiets",\N,"Onbekend","Kruispunt, 3 takken",50,"Niet brandend","Daglicht","Regen",\N,\N,"Vlielantweg","Santpoort-Noord","Velsen","Noord-Holland",false,52.428822,4.645357,"injury","2","rain",false,1,"GM0453"
"20240050522",2024,"Letsel",2,"Fiets","Voetganger","Voetganger","Rechte weg",50,"Niet brandend","Daglicht","Droog",\N,"155309054","Goudsbloemlaan","'s-Gravenhage","'s-Gravenhage","Zuid-Holland",false,52.076836,4.25828,"injury","2","clear",false,1,"GM0518"
"20240070986",2024,"Letsel",2,"Bestelauto","Fiets","Onbekend","Rechte weg",30,"Niet brandend","Daglicht","Droog",\N,"214248009","Reeweg Oost","Dordrecht","Dordrecht","Zuid-Holland",false,51.803607,4.693045,"injury","2","clear",false,1,"GM0505"
"20240074154",2024,"Letsel",2,"Fiets","Fiets","Frontaal","Rechte weg",60,"Niet aanwezig","Daglicht","Regen",\N,"387219005","ZITTERSTEEG","Boxmeer","Land van Cuijk","Noord-Brabant",false,51.679687,5.950913,"injury","2","rain",false,1,"GM1982"
"20240093660",2024,"Letsel",2,"Personenauto","Fiets","Flank","Kruispunt, 4 takken",50,"Niet brandend","Daglicht","Droog",\N,\N,"Rodijksweg","Deventer","Deventer","Overijssel",false,52.249764,6.2341,"injury","2","clear",false,1,"GM0150"
"20240094872",2024,"Uitsluitend materiele schade",2,"Fiets","Fiets","Frontaal","Bocht",50,"Niet brandend","Daglicht","Regen",\N,"517362075","Vondellaan","Oldenzaal","Oldenzaal","Overijssel",false,52.308797,6.908722,"material damage only","4","rain",false,1,"GM0173"
"20240096419",2024,"Letsel",5,"Fiets","Snorfiets","Frontaal","Rechte weg",\N,"Niet aanwezig","Duisternis","Droog",\N,"275349002","Franse Kampweg","Bussum","Gooise Meren","Noord-Holland",false,52.259735,5.138175,"injury","2","clear",false,1,"GM1942"
"20240045016",2024,"Uitsluitend materiele schade",2,"Personenauto","Fiets","Onbekend","Kruispunt, 3 takken",50,"Niet brandend","Daglicht","Droog",\N,\N,"MAASBRACHT 43","Maasbracht","Maasgouw","Limburg",false,51.148253,5.898555,"material damage only","4","clear",false,1,"GM1641"
"20240049908",2024,"Letsel",2,"Personenauto","Fiets","Flank","Kruispunt, 3 takken",50,"Niet brandend","Daglicht","Droog",\N,\N,"Stadhoudersplantsoen","'s-Gravenhage","'s-Gravenhage","Zuid-Holland",false,52.086496,4.278688,"injury","2","clear",false,1,"GM0518"
"20240049911",2024,"Uitsluitend materiele schade",2,"Fiets","Voetganger","Kop/staart","Rechte weg",\N,"Niet brandend","Daglicht","Droog",\N,"600248349","Peter Postbaan","Amstelveen","Amstelveen","Noord-Holland",false,52.287075,4.856904,"material damage only","4","clear",false,1,"GM0362"
"20240073542",2024,"Uitsluitend materiele schade",2,"Fiets","Personenauto","Flank","Kruispunt, 3 takken",50,"Niet brandend","Daglicht","Droog",\N,\N,"Kade","Steenbergen","Steenbergen","Noord-Brabant",false,51.586413,4.314293,"material damage only","4","clear",false,1,"GM0851"
"20240077527",2024,"Letsel",1,"Fiets",\N,"Onbekend",\N,50,\N,"Daglicht",\N,\N,"600503460","FIETSPAD","Lelystad","Lelystad","Flevoland",false,52.498967,5.470968,"injury","2","unknown",false,1,"GM0995"
"20240077533",2024,"Letsel",1,"Fiets",\N,"Frontaal","Rechte weg",30,"Niet brandend","Daglicht","Droog",\N,"281314031","Dorpsstr vo Steenstr","De Bilt","De Bilt","Utrecht",false,52.103993,5.181575,"injury","2","clear",false,1,"GM0310"
"20240098950",2024,"Letsel",2,"Personenauto","Fiets","Flank","Kruispunt, 4 takken",30,"Niet brandend","Daglicht","Droog",\N,\N,"Populierenlaan","Uitgeest","Uitgeest","Noord-Holland",false,52.531674,4.711641,"injury","2","clear",false,1,"GM0450"
"20240048678",2024,"Uitsluitend materiele schade",2,"Bromfiets","Fiets","Kop/staart","Rechte weg",30,"Niet brandend","Daglicht","Droog",\N,\N,"Westsingel","Amersfoort","Amersfoort","Utrecht",false,52.156022,5.386017,"material damage only","4","clear",false,1,"GM0307"
"20240049948",2024,"Letsel",2,"Fiets","Personenauto","Flank","Kruispunt, 4 takken",50,"Brandend","Schemer","Droog",\N,\N,"Laan van Meerdervoort","'s-Gravenhage","'s-Gravenhage","Zuid-Holland",false,52.066502,4.243898,"injury","2","clear",false,1,"GM0518"
"20240070411",2024,"Letsel",2,"Personenauto","Fiets","Voetganger","Rechte weg",50,"Niet brandend","Daglicht","Droog",\N,"600389762","Winston Churchilllaan","Spijkenisse","Nissewaard","Zuid-Holland",false,51.85451,4.316665,"injury","2","clear",false,1,"GM1930"
"20240071056",2024,"Uitsluitend materiele schade",2,"Bromfiets","Fiets","Frontaal","Rechte weg",15,"Niet brandend","Daglicht","Droog",\N,\N,"Kolfstraat","Dordrecht","Dordrecht","Zuid-Holland",false,51.814407,4.668607,"material damage only","4","clear",false,1,"GM0505"
"20240080656",2024,"Uitsluitend materiele schade",2,"Personenauto","Fiets","Onbekend","Rechte weg",30,"Niet brandend","Daglicht","Regen",\N,"156187029","Nijverheidsweg","Halsteren","Bergen op Zoom","Noord-Brabant",false,51.528153,4.278175,"material damage only","4","rain",false,1,"GM0748"
"20240099390",2024,"Uitsluitend materiele schade",2,"Fiets","Bestelauto","Flank","Rechte weg",30,"Brandend","Schemer","Droog",\N,"600751904","Stationslaan","Breda","Breda","Noord-Brabant",false,51.596606,4.779476,"material damage only","4","clear",false,1,"GM0758"
"20240049996",2024,"Letsel",2,"Bromfiets","Fiets","Flank","Kruispunt, 3 takken",50,"Niet brandend","Daglicht","Droog",\N,\N,"Groeneweg","Zoetermeer","Zoetermeer","Zuid-Holland",false,52.045032,4.491605,"injury","2","clear",false,1,"GM0637"
"20240077265",2024,"Letsel",2,"Personenauto","e-bike","Flank","Kruispunt, 3 takken",50,"Niet brandend","Daglicht","Droog",\N,\N,"Hasselaarsweg","Heerhugowaard","Dijk en Waard","Noord-Holland",false,52.69727,4.850871,"injury","2","clear",false,1,"GM1980"
"20240081933",2024,"Letsel",1,"Fiets",\N,"Onbekend","Rechte weg",50,"Niet brandend","Daglicht","Droog",\N,"600737575","Meerlaan","Hillegom","Hillegom","Zuid-Holland",false,52.289656,4.590966,"injury","2","clear",false,1,"GM0534"
"20240086512",2024,"Letsel",2,"Scootmobiel","Fiets","Onbekend","Kruispunt, 4 takken",50,"Niet brandend","Daglicht","Droog",\N,\N,"Wielingenstraat","Purmerend","Purmerend","Noord-Holland",false,52.503725,4.955305,"injury","2","clear",false,1,"GM0439"
"20240086517",2024,"Uitsluitend materiele schade",3,"Personenauto","Fiets","Kop/staart","Rechte weg",50,"Niet brandend","Daglicht","Droog",\N,\N,"Westdijk","Zuidschermer","Alkmaar","Noord-Holland",false,52.570281,4.747092,"material damage only","4","clear",false,1,"GM0361"
"20240088485",2024,"Letsel",1,"Fiets",\N,"Flank","Rechte weg",30,"Niet brandend","Daglicht","Droog",\N,"600390641","Kaapstraat","'s-Gravenhage","'s-Gravenhage","Zuid-Holland",false,52.062465,4.296034,"injury","2","clear",false,1,"GM0518"
"20240099771",2024,"Uitsluitend materiele schade",2,"Vrachtauto","Fiets","Onbekend","Kruispunt, 4 takken",50,"Brandend","Daglicht","Regen",\N,\N,"Westersingel","Rotterdam","Rotterdam","Zuid-Holland",false,51.911609,4.477195,"material damage only","4","rain",false,1,"GM0599"
"20240100467",2024,"Letsel",1,"Fiets",\N,"Flank","Rotonde",50,"Niet brandend","Daglicht","Droog",\N,\N,"Kruisbroekweg","Naaldwijk","Westland","Zuid-Holland",false,51.988841,4.206933,"injury","2","clear",false,1,"GM1783"
"20240085232",2024,"Uitsluitend materiele schade",2,"Personenauto","Fiets","Frontaal","Rotonde",30,"Niet brandend","Daglicht","Droog",\N,\N,"Schepenenlaan","Zwolle","Zwolle","Overijssel",false,52.486561,6.118236,"material damage only","4","clear",false,1,"GM0193"
"20240087878",2024,"Letsel",2,"Fiets","Voetganger","Voetganger","Rechte weg",30,"Brandend","Duisternis","Droog",\N,"600363097","Nieuwezijds Voorburgwal","Amsterdam","Amsterdam","Noord-Holland",false,52.376904,4.894559,"injury","2","clear",false,1,"GM0363"
"20240100600",2024,"Uitsluitend materiele schade",2,"Personenauto","Fiets","Flank","Bocht",30,"Niet brandend","Daglicht","Regen",\N,"183264014","Zierikzeestraat","Rotterdam","Rotterdam","Zuid-Holland",false,51.876088,4.465975,"material damage only","4","rain",false,1,"GM0599"
"20240101200",2024,"Uitsluitend materiele schade",2,"Personenauto","Fiets","Flank","Kruispunt, 3 takken",30,"Niet brandend","Daglicht","Regen",\N,\N,"Nieuwkoopseweg","Pijnacker","Pijnacker-Nootdorp","Zuid-Holland",false,52.028649,4.434132,"material damage only","4","rain",false,1,"GM1926"
"20240102383",2024,"Letsel",2,"Personenauto","Fiets","Flank","Kruispunt, 4 takken",50,"Niet brandend","Daglicht","Droog",\N,\N,"Adrianusplein","Sint-Michielsgestel","Sint-Michielsgestel","Noord-Brabant",false,51.637565,5.349815,"injury","2","clear",false,1,"GM0845"
"20240050046",2024,"Letsel",2,"Fiets","Lichtmast","Vast voorwerp","Rechte weg",15,"Brandend","Schemer","Droog",\N,"187327141","Breestraat","Leiden","Leiden","Zuid-Holland",false,52.156538,4.492673,"injury","2","clear",false,1,"GM0546"
"20240071207",2024,"Uitsluitend materiele schade",2,"Personenauto","Fiets","Flank","Rotonde",50,"Niet brandend","Daglicht","Droog",\N,\N,"Goudenregenlaan","Ridderkerk","Ridderkerk","Zuid-Holland",false,51.87143,4.583764,"material damage only","4","clear",false,1,"GM0597"
"20240077676",2024,"Uitsluitend materiele schade",2,"Fiets","Personenauto","Onbekend","Rechte weg",30,"Niet brandend","Daglicht","Droog",\N,"309324040","Arnhemseweg","Amersfoort","Amersfoort","Utrecht",false,52.148416,5.387451,"material damage only","4","clear",false,1,"GM0307"
"20240087925",2024,"Letsel",1,"Fiets",\N,"Eenzijdig","Kruispunt, 4 takken",30,"Niet brandend","Daglicht","Droog",\N,\N,"Chasséstraat","Amsterdam","Amsterdam","Noord-Holland",false,52.371231,4.861022,"injury","2","clear",false,1,"GM0363"
"20240089218",2024,"Letsel",1,"Fiets",\N,"Onbekend","Kruispunt, 4 takken",50,"Niet brandend","Daglicht","Droog",\N,\N,"Middenduinerweg","Santpoort-Noord","Velsen","Noord-Holland",false,52.428761,4.637371,"injury","2","clear",false,1,"GM0453"
"20240096053",2024,"Uitsluitend materiele schade",2,"Bestelauto","Fiets","Flank","Kruispunt, 4 takken",50,"Niet brandend","Daglicht","Droog",\N,\N,"Kroostweg-Noord","Zeist","Zeist","Utrecht",false,52.093234,5.215077,"material damage only","4","clear",false,1,"GM0355"
"20240096623",2024,"Letsel",2,"Bromfiets","Fiets","Onbekend","Kruispunt, 4 takken",30,"Niet brandend","Daglicht","Regen",\N,\N,"Bovenbuurtweg","Ede","Ede","Gelderland",false,52.022369,5.660413,"injury","2","rain",false,1,"GM0228"
"20240100666",2024,"Uitsluitend materiele schade",2,"Personenauto","Fiets","Onbekend","Rechte weg",30,"Niet brandend","Daglicht","Droog",\N,"144297041","Bach","Monster","Westland","Zuid-Holland",false,52.02193,4.180933,"material damage only","4","clear",false,1,"GM1783"
"20240045829",2024,"Uitsluitend materiele schade",2,"Fiets","Personenauto","Onbekend","Kruispunt, 4 takken",30,"Niet brandend","Daglicht","Droog",\N,\N,"Newtonstraat","Nijmegen","Nijmegen","Gelderland",false,51.81108,5.842977,"material damage only","4","clear",false,1,"GM0268"
"20240048215",2024,"Uitsluitend materiele schade",2,"Personenauto","Fiets","Flank","Kruispunt, 4 takken",30,"Niet brandend","Daglicht","Droog",\N,\N,"Frankrijkkade","Almere","Almere","Flevoland",false,52.344479,5.146772,"material damage only","4","clear",false,1,"GM0034"
"20240078350",2024,"Uitsluitend materiele schade",2,"Personenauto","Fiets","Frontaal","Rechte weg",50,"Niet brandend","Daglicht","Droog",\N,"600781660","Jan van der Heijdenstr","Hilversum","Hilversum","Noord-Holland",false,52.233524,5.18912,"material damage only","4","clear",false,1,"GM0402"
"20240046534",2024,"Uitsluitend materiele schade",2,"Personenauto","Fiets","Flank","Rotonde",50,"Niet brandend","Daglicht","Droog",\N,\N,"Bastionstraat","Zwolle","Zwolle","Overijssel",false,52.524139,6.064304,"material damage only","4","clear",false,1,"GM0193"
"20240070622",2024,"Letsel",2,"Fiets","Vrachtauto","Flank","Kruispunt, 4 takken",50,"Niet brandend","Daglicht","Droog",\N,"600163521","Locomotiefboulevard","Tilburg","Tilburg","Noord-Brabant",false,51.560404,5.090122,"injury","2","clear",false,1,"GM0855"
"20240074425",2024,"Uitsluitend materiele schade",2,\N,"Fiets","Flank","Rechte weg",60,"Niet brandend","Daglicht","Droog",\N,"386025003","Capucijnenweg","Wittem","Gulpen-Wittem","Limburg",false,50.803993,5.931801,"material damage only","4","clear",false,1,"GM1729"
"20240075072",2024,"Uitsluitend materiele schade",2,"Fiets",\N,"Onbekend","Kruispunt, 4 takken",30,"Niet brandend","Daglicht","Droog",\N,\N,"Voorstraat","Hardenberg","Hardenberg","Overijssel",false,52.575312,6.61535,"material damage only","4","clear",false,1,"GM0160"
"20240087349",2024,"Uitsluitend materiele schade",2,"Fiets","Personenauto","Flank","Rechte weg",50,"Niet brandend","Daglicht","Droog",\N,"600781118","Emmastraat","Hilversum","Hilversum","Noord-Holland",false,52.220926,5.179606,"material damage only","4","clear",false,1,"GM0402"
"20240088663",2024,"Uitsluitend materiele schade",2,"Personenauto","Fiets","Flank","Rotonde",50,"Niet brandend","Daglicht","Droog",\N,\N,"Olof Palmelaan","Zoetermeer","Zoetermeer","Zuid-Holland",false,52.054115,4.526123,"material damage only","4","clear",false,1,"GM0637"
"20240090605",2024,"Letsel",1,"Fiets",\N,"Onbekend",\N,30,\N,"Daglicht",\N,\N,"156274012","Maria Rutgersstraat","Maassluis","Maassluis","Zuid-Holland",false,51.920777,4.273836,"injury","2","unknown",false,1,"GM0556"
"20240044354",2024,"Uitsluitend materiele schade",2,"Personenauto","Fiets","Flank","Kruispunt, 4 takken",50,"Niet brandend","Daglicht","Regen",\N,\N,"Hoofdstraat","Kerkrade","Kerkrade","Limburg",false,50.864769,6.065508,"material damage only","4","rain",false,1,"GM0928"
"20240050180",2024,"Uitsluitend materiele schade",2,"Personenauto","Fiets","Flank","Rechte weg",50,"Niet brandend","Daglicht","Droog",\N,\N,"Nassaupark","Lisse","Lisse","Zuid-Holland",false,52.260854,4.562991,"material damage only","4","clear",false,1,"GM0553"
"20240078433",2024,"Letsel",2,"Personenauto","Fiets","Flank","Rechte weg",30,"Niet brandend","Daglicht","Droog",\N,"286337016","Hilversumsestraatweg","Baarn","Baarn","Utrecht",false,52.205061,5.223661,"injury","2","clear",false,1,"GM0308"
"20230050052",2023,"Letsel",1,"Fiets",\N,"Eenzijdig","Rotonde",50,"Niet brandend","Daglicht","Droog",\N,\N,"Riouwstraat","'s-Gravenhage","'s-Gravenhage","Zuid-Holland",false,52.09305,4.30277,"injury","2","clear",false,1,"GM0518"
"20230055899",2023,"Letsel",2,"Personenauto","Fiets","Onbekend","Kruispunt, 3 takken",30,"Niet brandend","Daglicht","Droog",\N,\N,"Bernhardlaan","Wolvega","Weststellingwerf","Friesland",false,52.872018,5.996845,"injury","2","clear",false,1,"GM0098"
"20230060883",2023,"Uitsluitend materiele schade",1,"Fiets",\N,"Eenzijdig","Kruispunt, 3 takken",50,"Niet brandend","Daglicht","Regen",\N,\N,"Woudspolderstraat","Rotterdam","Rotterdam","Zuid-Holland",false,51.894788,4.517304,"material damage only","4","rain",false,1,"GM0599"
"20230037881",2023,"Letsel",2,"Personenauto","Fiets","Flank","Kruispunt, 4 takken",30,"Niet brandend","Daglicht","Droog",\N,\N,"Ruijtersstraat","Ursem","Koggenland","Noord-Holland",false,52.624105,4.892293,"injury","2","clear",false,1,"GM1598"
"20230046597",2023,"Letsel",2,"Fiets","Fiets","Onbekend","Rechte weg",50,"Brandend","Daglicht","Droog",\N,"206393003","Zeeweg","IJmuiden","Velsen","Noord-Holland",false,52.456034,4.627504,"injury","2","clear",false,1,"GM0453"
"20230050104",2023,"Uitsluitend materiele schade",3,"Fiets","Fiets","Frontaal","Rotonde",50,"Niet brandend","Daglicht","Droog",\N,\N,"Groenelaan","Amstelveen","Amstelveen","Noord-Holland",false,52.293753,4.871406,"material damage only","4","clear",false,1,"GM0362"
"20230054183",2023,"Uitsluitend materiele schade",2,"Bestelauto","Fiets","Flank","Rechte weg",50,"Niet brandend","Daglicht","Regen",\N,"354124091","Wilhelminasingel","Weert","Weert","Limburg",false,51.250999,5.704811,"material damage only","4","rain",false,1,"GM0988"
"20230062303",2023,"Uitsluitend materiele schade",2,"Personenauto","Fiets","Flank","Kruispunt, 4 takken",50,"Niet brandend","Daglicht","Droog",\N,\N,"Schijndelseweg","Sint-Michielsgestel","Sint-Michielsgestel","Noord-Brabant",false,51.637954,5.357796,"material damage only","4","clear",false,1,"GM0845"
"20230047227",2023,"Uitsluitend materiele schade",2,"Personenauto","Fiets","Onbekend","Rechte weg",30,"Niet brandend","Daglicht","Droog",\N,"600381989","Rijnstraat","Woerden","Woerden","Utrecht",false,52.085469,4.88657,"material damage only","4","clear",false,1,"GM0632"
"20230049566",2023,"Letsel",2,"Personenauto","Fiets","Flank","Kruispunt, 4 takken",30,"Niet brandend","Daglicht","Droog",\N,\N,"Hof van Wieligh","Nootdorp","Pijnacker-Nootdorp","Zuid-Holland",false,52.046004,4.413185,"injury","2","clear",false,1,"GM1926"
"20230053052",2023,"Uitsluitend materiele schade",2,"Personenauto","Fiets","Frontaal","Kruispunt, 3 takken",50,"Niet brandend","Daglicht","Droog",\N,\N,"Beethovenlaan","Waalwijk","Waalwijk","Noord-Brabant",false,51.681091,5.060468,"material damage only","4","clear",false,1,"GM0867"
"20230055978",2023,"Uitsluitend materiele schade",2,"Personenauto","Fiets","Flank","Bocht",30,"Niet brandend","Daglicht","Droog",\N,\N,"Zuiderkerkstraat","Zaandam","Zaanstad","Noord-Holland",false,52.439993,4.827814,"material damage only","4","clear",false,1,"GM0479"
"20230059514",2023,"Uitsluitend materiele schade",2,"Fiets","Fiets","Flank","Kruispunt, 3 takken",50,"Niet brandend","Daglicht","Droog",\N,\N,"Schalkwijkerstraat","Haarlem","Haarlem","Noord-Holland",false,52.371504,4.641335,"material damage only","4","clear",false,1,"GM0392"
"20230037938",2023,"Letsel",2,"Personenauto","Fiets","Flank","Kruispunt, 3 takken",50,"Niet brandend","Daglicht","Droog","Tankstation",\N,"Laan der Nederlanden","Beverwijk","Beverwijk","Noord-Holland",false,52.492281,4.672622,"injury","2","clear",false,1,"GM0375"
"20230055981",2023,"Letsel",2,"Fiets","Fiets","Flank","Rechte weg",30,"Niet brandend","Daglicht","Droog",\N,"250405051","Wagenweg","Purmerend","Purmerend","Noord-Holland",false,52.509858,4.95279,"injury","2","clear",false,1,"GM0439"
"20230058466",2023,"Uitsluitend materiele schade",2,"Personenauto","Fiets","Flank","Rotonde",50,"Niet brandend","Daglicht","Droog",\N,\N,"Geestersingel","Alkmaar","Alkmaar","Noord-Holland",false,52.634237,4.740434,"material damage only","4","clear",false,1,"GM0361"
"20230060002",2023,"Uitsluitend materiele schade",2,"Personenauto","Fiets","Flank","Kruispunt, 4 takken",50,"Niet brandend","Daglicht","Droog",\N,\N,"De Flinesstraat","Amsterdam-Duivendrecht","Ouder-Amstel","Noord-Holland",false,52.326518,4.928939,"material damage only","4","clear",false,1,"GM0437"
"20230047300",2023,"Uitsluitend materiele schade",2,"Personenauto","Fiets","Flank","Kruispunt, 3 takken",50,"Niet brandend","Daglicht","Droog",\N,\N,"Fazantenkamp","Maarssen","Stichtse Vecht","Utrecht",false,52.131049,5.021324,"material damage only","4","clear",false,1,"GM1904"