"accident_id","year","severity_raw","party_count","party1_type","party2_type","accident_type","road_situation","speed_limit_kmh","road_lighting","light_condition_label","weather_raw","infra_type","road_segment_id","street_name","place_name","gemeente_name_raw","province","alcohol_indicated","latitude","longitude","severity_label","severity_code","weather_label","built_up_area","cyclists_involved","gemeente_code"
"20230050800",2023,"Letsel",3,"Fiets","Fiets","Voetganger","Rechte weg",50,"Niet brandend","Daglicht","Droog",\N,"231467066","Molenstraat","Schagen","Schagen","Noord-Holland",false,52.787919,4.803114,"injury","2","clear",false,1,"GM0441"
"20230053700",2023,"Uitsluitend materiele schade",2,"Fiets","Fiets","Flank","Kruispunt, 4 takken",50,"Niet brandend","Daglicht","Droog",\N,\N,"Hennekuilstraat","Born","Sittard-Geleen","Limburg",false,51.029913,5.803942,"material damage only","4","clear",false,1,"GM1883"
"20230057727",2023,"Uitsluitend materiele schade",2,"Bromfiets","Fiets","Flank","Rechte weg",80,"Niet aanwezig","Daglicht","Droog",\N,"600948843","Otterloseweg","Ugchelen","Apeldoorn","Gelderland",false,52.153506,5.888809,"material damage only","4","clear",false,1,"GM0200"
"20230060047",2023,"Uitsluitend materiele schade",2,"Personenauto","e-bike","Flank","Kruispunt, 4 takken",30,"Niet brandend","Daglicht","Droog",\N,\N,"Noorderkerksteeg","Hoorn","Hoorn","Noord-Holland",false,52.643349,5.054412,"material damage only","4","clear",false,1,"GM0405"
"20230061017",2023,"Letsel",2,"Fiets","Personenauto","Flank","Rotonde",50,"Niet brandend","Daglicht","Droog",\N,\N,"Prinses Julianaweg","Dordrecht","Dordrecht","Zuid-Holland",false,51.799226,4.666109,"injury","2","clear",false,1,"GM0505"
"20230062830",2023,"Uitsluitend materiele schade",2,"Bromfiets","Fiets","Voetganger","Rechte weg",30,"Niet brandend","Daglicht","Droog",\N,"600171828","Grote Gracht","Maastricht","Maastricht","Limburg",false,50.850176,5.68626,"material damage only","4","clear",false,1,"GM0935"
"20230063342",2023,"Uitsluitend materiele schade",2,"Personenauto","Fiets","Onbekend","Rotonde",50,"Niet brandend","Daglicht","Regen",\N,\N,"Suikerpeerstraat","Eindhoven","Eindhoven","Noord-Brabant",false,51.475803,5.492956,"material damage only","4","rain",false,1,"GM0772"
"20240132619",2024,"Letsel",2,"Snorfiets","Fiets","Kop/staart","Rechte weg",50,"Niet brandend","Daglicht","Droog",\N,"600545878","Leidseweg","Voorschoten","Voorschoten","Zuid-Holland",false,52.130499,4.454823,"injury","2","clear",false,1,"GM0626"
"20230039771",2023,"Letsel",2,"Bromfiets","Fiets","Flank","Rechte weg",50,"Niet brandend","Daglicht","Droog",\N,"163307098","Waldorpstraat","'s-Gravenhage","'s-Gravenhage","Zuid-Holland",false,52.067869,4.320952,"injury","2","clear",false,1,"GM0518"
"20230042623",2023,"Uitsluitend materiele schade",3,"Bestelauto","Fiets","Onbekend","Rechte weg",30,"Niet brandend","Daglicht","Droog",\N,"102182078","Voorstad","Goes","Goes","Zeeland",false,51.501157,3.893323,"material damage only","4","clear",false,1,"GM0664"
"20230046153",2023,"Letsel",3,"Snorfiets","e-bike","Onbekend","Kruispunt, 3 takken",30,"Niet brandend","Daglicht","Droog",\N,\N,"Wegastraat","Zuidhorn","Westerkwartier","Groningen",false,53.246657,6.413978,"injury","2","clear",false,1,"GM1969"
"20230046160",2023,"Letsel",1,"Fiets",\N,"Eenzijdig","Rechte weg",30,"Niet brandend","Daglicht","Regen",\N,"404540035","Oudeweg","Drachten","Smallingerland","Friesland",false,53.114359,6.09323,"injury","2","rain",false,1,"GM0090"
"20230049671",2023,"Letsel",3,"Fiets","Fiets","Flank","Rechte weg",50,"Niet aanwezig","Daglicht","Droog",\N,"600728000","Godfried Bomanspad","Zoetermeer","Zoetermeer","Zuid-Holland",false,52.062826,4.474087,"injury","2","clear",false,1,"GM0637"
"20230051400",2023,"Letsel",3,"Fiets","Fiets","Onbekend","Rechte weg",30,"Niet brandend","Daglicht","Droog",\N,"365170051","Sint Jozefstraat","Deurne","Deurne","Noord-Brabant",false,51.453185,5.783746,"injury","2","clear",false,1,"GM0762"
"20230056630",2023,"Uitsluitend materiele schade",2,"Personenauto","Fiets","Flank","Kruispunt, 4 takken",50,"Niet brandend","Daglicht","Droog",\N,\N,"Watervalweg","Hierden","Harderwijk","Gelderland",false,52.34862,5.695039,"material damage only","4","clear",false,1,"GM0243"
"20230058022",2023,"Letsel",2,"Personenauto","Fiets","Geparkeerd voertuig","Bocht",30,"Niet brandend","Daglicht","Regen","Parkeervoorziening","336320079","Buru","Barneveld","Barneveld","Gelderland",false,52.128384,5.583688,"injury","2","rain",false,1,"GM0203"
"20230061072",2023,"Letsel",2,"Bromfiets","Fiets","Flank","Kruispunt, 4 takken",50,"Niet brandend","Daglicht","Droog",\N,\N,"Nieuwe Gouwe O.Z.","Gouda","Gouda","Zuid-Holland",false,52.015262,4.693538,"injury","2","clear",false,1,"GM0513"
"20240133063",2024,"Letsel",2,"Fiets","Fiets","Flank","Kruispunt, 4 takken",50,"Niet brandend","Schemer","Droog",\N,\N,"Javastraat","'s-Gravenhage","'s-Gravenhage","Zuid-Holland",false,52.089845,4.31231,"injury","2","clear",false,1,"GM0518"
"20240133193",2024,"Letsel",2,"Fiets","Voetganger","Voetganger","Rechte weg",50,"Niet brandend","Daglicht","Droog",\N,"168296088","Nieuwe Plantage","Delft","Delft","Zuid-Holland",false,52.018221,4.355224,"injury","2","clear",false,1,"GM0503"
"20230047965",2023,"Uitsluitend materiele schade",2,"Fiets","Fiets","Flank","Kruispunt, 4 takken",50,"Niet brandend","Daglicht","Droog",\N,\N,"WILLEM ALEXANDERBRUG","Zaandam","Zaanstad","Noord-Holland",false,52.457737,4.811253,"material damage only","4","clear",false,1,"GM0479"
"20230058578",2023,"Uitsluitend materiele schade",2,"Personenauto","Fiets","Kop/staart","Rechte weg",50,"Niet brandend","Daglicht","Droog",\N,"262498010","Havenweg","Den Oever","Hollands Kroon","Noord-Holland",false,52.931549,5.034387,"material damage only","4","clear",false,1,"GM1911"
"20230061103",2023,"Letsel",2,"Personenauto","Fiets","Flank","Kruispunt, 4 takken",50,"Brandend","Duisternis","Regen",\N,\N,"Platinaweg","'s-Gravenhage","'s-Gravenhage","Zuid-Holland",false,52.052006,4.254186,"injury","2","rain",false,1,"GM0518"
"20240129243",2024,"Uitsluitend materiele schade",2,"Personenauto","Fiets","Flank","Kruispunt, 3 takken",50,"Niet brandend","Daglicht","Droog",\N,\N,"De Schepel","Dronten","Dronten","Flevoland",false,52.513749,5.701313,"material damage only","4","clear",false,1,"GM0303"
"20230041555",2023,"Uitsluitend materiele schade",2,"Personenauto","Fiets","Flank","Kruispunt, 4 takken",30,"Niet brandend","Daglicht","Droog",\N,\N,"Pastoor de Kroonstraat","'s-Hertogenbosch","'s-Hertogenbosch","Noord-Brabant",false,51.691592,5.30278,"material damage only","4","clear",false,1,"GM0796"
"20230046843",2023,"Letsel",2,"Personenauto","Fiets","Flank","Kruispunt, 3 takken",50,"Niet brandend","Daglicht","Droog",\N,\N,"Rhônedreef","Utrecht","Utrecht","Utrecht",false,52.11184,5.113554,"injury","2","clear",false,1,"GM0344"
"20230058919",2023,"Letsel",1,"Fiets",\N,"Eenzijdig","Kruispunt, 4 takken",50,"Niet brandend","Daglicht","Droog",\N,\N,"Uranusstraat","'s-Gravenhage","'s-Gravenhage","Zuid-Holland",false,52.068094,4.33784,"injury","2","clear",false,1,"GM0518"
"20230061703",2023,"Uitsluitend materiele schade",2,"Personenauto","Fiets","Flank","Kruispunt, 3 takken",30,"Niet brandend","Daglicht","Regen",\N,\N,"Bosrode","Leiden","Leiden","Zuid-Holland",false,52.172828,4.500575,"material damage only","4","rain",false,1,"GM0546"
"20230064886",2023,"Letsel",2,"Personenauto","Fiets","Flank","Rechte weg",30,"Niet brandend","Daglicht","Droog",\N,"600844384","Schrijnwerkershorst","Apeldoorn","Apeldoorn","Gelderland",false,52.206704,5.990266,"injury","2","clear",false,1,"GM0200"
"20240129937",2024,"Uitsluitend materiele schade",2,"Bestelauto","Fiets","Onbekend","Kruispunt, 3 takken",30,"Niet brandend","Daglicht","Droog",\N,\N,"Koningsplein","Arnhem","Arnhem","Gelderland",false,51.98036,5.913971,"material damage only","4","clear",false,1,"GM0202"
"20230039862",2023,"Uitsluitend materiele schade",2,"Bromfiets","Fiets","Flank","Rechte weg",30,"Niet brandend","Daglicht","Droog",\N,"600749257","Voorwillenseweg","Gouda","Gouda","Zuid-Holland",false,52.015045,4.724571,"material damage only","4","clear",false,1,"GM0513"
"20230043344",2023,"Uitsluitend materiele schade",2,"Personenauto","Fiets","Onbekend","Kruispunt, 3 takken",50,"Niet brandend","Daglicht","Regen",\N,\N,"Dalderhaag","Sittard","Sittard-Geleen","Limburg",false,51.022889,5.863609,"material damage only","4","rain",false,1,"GM1883"
"20230049238",2023,"Letsel",1,"Fiets",\N,"Eenzijdig","Rechte weg",60,"Niet brandend","Daglicht","Droog",\N,\N,"Provincialeweg West","Haastrecht","Krimpenerwaard","Zuid-Holland",false,52.006382,4.725854,"injury","2","clear",false,1,"GM1931"
"20230049781",2023,"Uitsluitend materiele schade",2,"Personenauto","Fiets","Onbekend","Rechte weg",50,"Brandend","Duisternis","Droog",\N,"600124451","Amstel","Amsterdam","Amsterdam","Noord-Holland",false,52.36704,4.894682,"material damage only","4","clear",false,1,"GM0363"
"20230059318",2023,"Uitsluitend materiele schade",2,"Personenauto","Fiets","Flank","Kruispunt, 3 takken",60,"Niet brandend","Daglicht","Droog",\N,\N,"Schilderweg","Oudeschild","Texel","Noord-Holland",false,53.044883,4.829083,"material damage only","4","clear",false,1,"GM0448"
"20230065367",2023,"Uitsluitend materiele schade",2,"Fiets","Voetganger","Voetganger","Rechte weg",30,"Niet brandend","Daglicht","Regen",\N,"380282158","Kronenburgpassage","Arnhem","Arnhem","Gelderland",false,51.959315,5.896414,"material damage only","4","rain",false,1,"GM0202"
"20240127199",2024,"Uitsluitend materiele schade",2,"Fiets","Fiets","Flank","Kruispunt, 4 takken",50,"Niet brandend","Daglicht","Droog",\N,\N,"Elzenlaan","Arnhem","Arnhem","Gelderland",false,51.962799,5.896326,"material damage only","4","clear",false,1,"GM0202"
"20230038750",2023,"Letsel",2,"Personenauto","Fiets","Geparkeerd voertuig","Rechte weg",30,"Niet brandend","Daglicht","Regen",\N,"216294200","Sint Mariewal","Gouda","Gouda","Zuid-Holland",false,52.01067,4.703327,"injury","2","rain",false,1,"GM0513"
"20230043969",2023,"Letsel",2,"Personenauto","Fiets","Flank","Kruispunt, 4 takken",50,"Niet brandend","Daglicht","Droog",\N,\N,"Nijenoertweg","Leek","Westerkwartier","Groningen",false,53.163243,6.375865,"injury","2","clear",false,1,"GM1969"
"20230054473",2023,"Uitsluitend materiele schade",2,"Personenauto","Fiets","Los voorwerp","Rotonde",50,"Niet brandend","Daglicht","Droog",\N,\N,"Kastanjeweg","Uden","Maashorst","Noord-Brabant",false,51.65965,5.617815,"material damage only","4","clear",false,1,"GM1991"
"20230055621",2023,"Letsel",2,"Fiets","Personenauto","Flank","Kruispunt, 3 takken",30,"Niet brandend","Daglicht","Droog",\N,\N,"Kostersgang","Groningen","Groningen","Groningen",false,53.216512,6.574285,"injury","2","clear",false,1,"GM0014"
"20230059782",2023,"Letsel",2,"e-bike","Voetganger","Voetganger","Rechte weg",15,"Niet aanwezig","Duisternis","Droog",\N,"261481068","A.C. de Graafstraat","Wieringerwerf","Hollands Kroon","Noord-Holland",false,52.855981,5.027187,"injury","2","clear",false,1,"GM1911"
"20230059785",2023,"Uitsluitend materiele schade",2,"Fiets","Personenauto","Flank","Kruispunt, 4 takken",50,"Niet brandend","Daglicht","Droog",\N,\N,"Marnixstraat","Amsterdam","Amsterdam","Noord-Holland",false,52.368706,4.877971,"material damage only","4","clear",false,1,"GM0363"
"20240132291",2024,"Letsel",2,"Bestelauto","Fiets","Frontaal","Kruispunt, 3 takken",30,"Brandend","Schemer","Regen",\N,\N,"Ds Martin Luther Kingweg","Zaandam","Zaanstad","Noord-Holland",false,52.434314,4.844618,"injury","2","rain",false,1,"GM0479"
"20230065584",2023,"Letsel",2,"Bestelauto","Fiets","Eenzijdig","Rechte weg",30,"Niet brandend","Daglicht","Droog",\N,"600816795","Droevendaalsesteeg","Wageningen","Wageningen","Gelderland",false,51.98603,5.663642,"injury","2","clear",false,1,"GM0289"
"20230066184",2023,"Uitsluitend materiele schade",2,"Personenauto","Fiets","Flank","Kruispunt, 4 takken",50,"Niet brandend","Daglicht","Droog",\N,\N,"Frankenslag","'s-Gravenhage","'s-Gravenhage","Zuid-Holland",false,52.093728,4.273542,"material damage only","4","clear",false,1,"GM0518"
"20230066195",2023,"Letsel",2,"Personenauto","e-bike","Flank","Kruispunt, 4 takken",50,"Niet brandend","Daglicht","Droog",\N,\N,"Kerklaan","Sassenheim","Teylingen","Zuid-Holland",false,52.225935,4.527263,"injury","2","clear",false,1,"GM1525"
"20230040507",2023,"Letsel",1,"Fiets",\N,"Eenzijdig","Rechte weg",50,"Niet brandend","Daglicht","Droog",\N,"600716591","Ver-Huëllweg","'s-Gravenhage","'s-Gravenhage","Zuid-Holland",false,52.097201,4.299928,"injury","2","clear",false,1,"GM0518"
"20230052163",2023,"Letsel",1,"Fiets",\N,"Eenzijdig","Rechte weg",30,"Niet brandend","Daglicht","Droog",\N,"600399427","Noord Havendijk","Goedereede","Goeree-Overflakkee","Zuid-Holland",false,51.823185,3.99692,"injury","2","clear",false,1,"GM1924"
"20230060755",2023,"Letsel",2,"Fiets","Fiets","Onbekend","Kruispunt, 4 takken",30,"Niet brandend","Daglicht","Droog",\N,\N,"Kerkstraat","Nieuw-Beijerland","Hoeksche Waard","Zuid-Holland",false,51.811221,4.339295,"injury","2","clear",false,1,"GM1963"
"20230038843",2023,"Uitsluitend materiele schade",2,"Personenauto","Fiets","Flank","Kruispunt, 3 takken",30,"Niet brandend","Daglicht","Droog",\N,\N,"Laakkade","'s-Gravenhage","'s-Gravenhage","Zuid-Holland",false,52.066224,4.329138,"material damage only","4","clear",false,1,"GM0518"
"20230041119",2023,"Letsel",2,"Motor","Fiets","Flank","Kruispunt, 3 takken",50,"Niet brandend","Daglicht","Droog",\N,\N,"Minervum","Breda","Breda","Noord-Brabant",false,51.587488,4.826667,"injury","2","clear",false,1,"GM0758"
"20230042264",2023,"Uitsluitend materiele schade",3,"Personenauto","Fiets","Vast voorwerp","Rechte weg",30,"Brandend","Schemer","Droog",\N,"190268031","Donkerslootstraat","Rotterdam","Rotterdam","Zuid-Holland",false,51.89434,4.516023,"material damage only","4","clear",false,1,"GM0599"
"20230045186",2023,"Uitsluitend materiele schade",2,"Personenauto","Fiets","Geparkeerd voertuig","Rechte weg",50,"Brandend","Duisternis","Droog",\N,"514345040","Deurningerstraat","Enschede","Enschede","Overijssel",false,52.231866,6.887917,"material damage only","4","clear",false,1,"GM0153"
"20230061818",2023,"Letsel",2,"Personenauto","Fiets","Flank","Kruispunt, 3 takken",50,"Niet brandend","Daglicht","Droog",\N,\N,"Troelstrakade","'s-Gravenhage","'s-Gravenhage","Zuid-Holland",false,52.055264,4.307282,"injury","2","clear",false,1,"GM0518"
"20230065031",2023,"Uitsluitend materiele schade",2,"Bestelauto","Fiets","Flank","Kruispunt, 3 takken",30,"Niet brandend","Daglicht","Droog",\N,\N,"Oldenkottebrink","Enschede","Enschede","Overijssel",false,52.186185,6.881853,"material damage only","4","clear",false,1,"GM0153"
"20240128848",2024,"Letsel",2,"Personenauto","Fiets","Flank","Kruispunt, 4 takken",50,"Niet brandend","Daglicht","Droog",\N,\N,"FIETSPAD","Leeuwarden","Leeuwarden","Friesland",false,53.214818,5.780716,"injury","2","clear",false,1,"GM0080"
"20230040021",2023,"Uitsluitend materiele schade",2,"Personenauto","Fiets","Kop/staart","Rechte weg",60,"Niet brandend","Daglicht","Droog",\N,"600242815","Steinsedijk","Haastrecht","Krimpenerwaard","Zuid-Holland",false,52.002813,4.758551,"material damage only","4","clear",false,1,"GM1931"
"20230048184",2023,"Uitsluitend materiele schade",2,"Fiets","Personenauto","Onbekend","Kruispunt, 3 takken",30,"Niet brandend","Daglicht","Droog",\N,\N,"Ubbergseweg","Nijmegen","Nijmegen","Gelderland",false,51.840723,5.892053,"material damage only","4","clear",false,1,"GM0268"
"20230048188",2023,"Uitsluitend materiele schade",2,"Personenauto","Fiets","Flank","Kruispunt, 3 takken",50,"Niet brandend","Daglicht","Droog",\N,\N,"Amersfoortsestraatweg","Naarden","Gooise Meren","Noord-Holland",false,52.2868,5.174074,"material damage only","4","clear",false,1,"GM1942"
"20230049357",2023,"Letsel",2,"Fiets","Fiets","Onbekend","Bocht",60,"Niet brandend","Daglicht","Droog",\N,"600728022","Meer- en Geerweg","Leidschendam","Leidschendam-Voorburg","Zuid-Holland",false,52.089612,4.465279,"injury","2","clear",false,1,"GM1916"
"20230049377",2023,"Letsel",2,"Fiets","Overig vast object","Vast voorwerp","Rechte weg",30,"Niet brandend","Daglicht","Droog",\N,"202321086","Hoogewaard","Koudekerk aan den Rijn","Alphen aan den Rijn","Zuid-Holland",false,52.130338,4.606465,"injury","2","clear",false,1,"GM0484"
"20230050488",2023,"Uitsluitend materiele schade",2,"Personenauto","Fiets","Frontaal","Kruispunt, 3 takken",30,"Niet brandend","Daglicht","Droog",\N,\N,"Admiraal Helfrichsingel","Rijswijk","Rijswijk","Zuid-Holland",false,52.033622,4.320338,"material damage only","4","clear",false,1,\N
"20230055146",2023,"Uitsluitend materiele schade",2,"Personenauto","Fiets","Flank","Rotonde",50,"Niet brandend","Daglicht","Droog",\N,\N,"Emmerikseweg","Zutphen","Zutphen","Gelderland",false,52.127564,6.200389,"material damage only","4","clear",false,1,"GM0301"
"20240128315",2024,"Uitsluitend materiele schade",2,"Fiets","Personenauto","Onbekend","Kruispunt, 3 takken",50,"Niet brandend","Daglicht","Droog",\N,\N,"Einsteinstraat","Harderwijk","Harderwijk","Gelderland",true,52.359464,5.638307,"material damage only","4","clear",false,1,"GM0243"
"20240128588",2024,"Uitsluitend materiele schade",3,"Personenauto","Fiets","Onbekend","Kruispunt, 4 takken",30,"Niet brandend","Daglicht","Droog",\N,\N,"Zwartwatersweg","Assen","Assen","Drenthe",false,53.006892,6.558388,"material damage only","4","clear",false,1,"GM0106"
"20230040030",2023,"Letsel",1,"Fiets",\N,"Eenzijdig","Rechte weg",30,"Niet brandend","Daglicht","Droog","Brug/viaduct","191340058","Anne Frankhove","Sassenheim","Teylingen","Zuid-Holland",false,52.217857,4.520306,"injury","2","clear",false,1,"GM1525"
"20230042346",2023,"Letsel",2,"Personenauto","Fiets","Geparkeerd voertuig","Rechte weg",30,"Niet brandend","Daglicht","Droog","Parkeervoorziening","311180028","Karel Doormanlaan","Best","Best","Noord-Brabant",false,51.499964,5.397267,"injury","2","clear",false,1,"GM0753"
"20230049402",2023,"Letsel",2,"Personenauto","Fiets","Flank","Rechte weg",50,"Niet brandend","Daglicht","Droog",\N,"157309092","Fahrenheitstraat","'s-Gravenhage","'s-Gravenhage","Zuid-Holland",false,52.074309,4.273667,"injury","2","clear",false,1,"GM0518"
"20230056336",2023,"Uitsluitend materiele schade",2,"Personenauto","e-bike","Onbekend","Kruispunt, 3 takken",50,"Niet brandend","Daglicht","Droog",\N,\N,"Wesselseweg","Kootwijkerbroek","Barneveld","Gelderland",false,52.151228,5.656641,"material damage only","4","clear",false,1,"GM0203"
"20230037782",2023,"Uitsluitend materiele schade",2,"Snorfiets","Fiets","Flank","Kruispunt, 4 takken",50,"Niet brandend","Daglicht","Droog",\N,\N,"Terpwal","Nieuwegein","Nieuwegein","Utrecht",false,52.027135,5.093859,"material damage only","4","clear",false,1,"GM0356"
"20230038377",2023,"Uitsluitend materiele schade",3,"Personenauto","Fiets","Onbekend","Kruispunt, 4 takken",50,"Niet brandend","Daglicht","Droog",\N,\N,"Keizersweg","Wezep","Oldebroek","Gelderland",false,52.460253,6.007977,"material damage only","4","clear",false,1,"GM0269"
"20230038925",2023,"Letsel",2,"Personenauto","Fiets","Flank","Kruispunt, 3 takken",50,"Niet brandend","Daglicht","Droog",\N,\N,"Adriaan Pauwstraat","Delft","Delft","Zuid-Holland",false,52.008027,4.34991,"injury","2","clear",false,1,"GM0503"
"20230039517",2023,"Letsel",2,"Fiets","Fiets","Onbekend","Rechte weg",50,"Niet brandend","Daglicht","Droog",\N,"600737575","Meerlaan","Hillegom","Hillegom","Zuid-Holland",false,52.289656,4.590966,"injury","2","clear",false,1,"GM0534"
"20240130781",2024,"Letsel",2,"Fiets","Voetganger","Voetganger","Rechte weg",50,"Niet brandend","Daglicht","Droog",\N,"253357015","Reigersbos","Amsterdam","Amsterdam","Noord-Holland",false,52.296545,4.975713,"injury","2","clear",false,1,"GM0363"
"20240131300",2024,"Uitsluitend materiele schade",2,"Fiets","Personenauto","Flank","Rotonde",30,"Niet aanwezig","Daglicht","Droog",\N,\N,"Saendelverlaan","Assendelft","Zaanstad","Noord-Holland",false,52.491783,4.753899,"material damage only","4","clear",false,1,"GM0479"
"20240131537",2024,"Letsel",2,"Fiets","Personenauto","Frontaal","Kruispunt, 3 takken",50,"Niet brandend","Daglicht","Regen",\N,\N,"Softwareweg","Amsterdam","Amsterdam","Noord-Holland",false,52.408501,4.885133,"injury","2","rain",false,1,"GM0363"
"20240131614",2024,"Uitsluitend materiele schade",2,"Personenauto","e-bike","Onbekend","Rechte weg",30,"Niet brandend","Daglicht","Droog",\N,"248359034","Hoogoorddreef","Amsterdam","Amsterdam","Noord-Holland",false,52.306831,4.939723,"material damage only","4","clear",false,1,"GM0363"
"20240132515",2024,"Uitsluitend materiele schade",1,"Fiets",\N,"Onbekend","Rechte weg",50,"Brandend","Duisternis","Droog",\N,"188328002","Oude Herengracht","Leiden","Leiden","Zuid-Holland",false,52.161942,4.500528,"material damage only","4","clear",false,1,"GM0546"
"20240132571",2024,"Letsel",1,"Fiets",\N,"Onbekend","Rechte weg",50,"Brandend","Duisternis","Droog",\N,\N,"Lage Rijndijk","Leiden","Leiden","Zuid-Holland",false,52.161784,4.506173,"injury","2","clear",false,1,"GM0546"
"20230040101",2023,"Uitsluitend materiele schade",2,"Personenauto","Fiets","Flank","Kruispunt, 4 takken",50,"Niet brandend","Daglicht","Droog",\N,\N,"Zetterij","Amstelveen","Amstelveen","Noord-Holland",false,52.289012,4.837686,"material damage only","4","clear",false,1,"GM0362"
"20240131675",2024,"Letsel",2,"Personenauto","Fiets","Flank","Kruispunt, 4 takken",50,"Niet brandend","Daglicht","Droog",\N,\N,"Leidsevaart","Haarlem","Haarlem","Noord-Holland",false,52.382384,4.628604,"injury","2","clear",false,1,"GM0392"
"20240132747",2024,"Letsel",1,"Fiets",\N,"Eenzijdig","Bocht",30,"Niet aanwezig","Daglicht","Droog",\N,"214281003","Graafkade","Berkenwoude","Krimpenerwaard","Zuid-Holland",false,51.950653,4.688114,"injury","2","clear",false,1,"GM1931"
"20240133450",2024,"Letsel",2,"Fiets","Personenauto","Flank","Kruispunt, 4 takken",30,"Niet brandend","Daglicht","Droog",\N,\N,"Parklaan","Pijnacker","Pijnacker-Nootdorp","Zuid-Holland",false,52.007805,4.451861,"injury","2","clear",false,1,"GM1926"
"20230048358",2023,"Letsel",2,"Personenauto","e-bike","Onbekend","Rotonde",50,"Niet brandend","Daglicht","Droog",\N,\N,"Prins Bernhardstraat","Vianen","Vijfheerenlanden","Utrecht",false,51.989116,5.091156,"injury","2","clear",false,1,"GM1961"
"20220223130",2022,"Letsel",2,"Personenauto","Fiets","Flank","Rotonde",50,"Niet brandend","Daglicht","Droog",\N,\N,"Westlandseweg","Maassluis","Maassluis","Zuid-Holland",false,51.939022,4.23319,"injury","2","clear",false,1,"GM0556"
"20220232085",2022,"Uitsluitend materiele schade",3,"Personenauto","Fiets","Onbekend","Kruispunt, 4 takken",30,"Brandend","Schemer","Droog",\N,\N,"Van Alphenstraat","Heerlen","Heerlen","Limburg",false,50.883906,5.994128,"material damage only","4","clear",false,1,"GM0917"
"20220210879",2022,"Letsel",1,"Fiets",\N,"Eenzijdig","Rechte weg",30,"Brandend","Schemer","Droog",\N,"243375016","Oudezijds Voorburgwal","Amsterdam","Amsterdam","Noord-Holland",false,52.375002,4.899918,"injury","2","clear",false,1,"GM0363"
"20220230589",2022,"Letsel",2,"Personenauto","e-bike","Flank","Kruispunt, 4 takken",50,"Niet brandend","Daglicht","Regen",\N,\N,"Groenstraat","Geleen","Sittard-Geleen","Limburg",false,50.973459,5.826891,"injury","2","rain",false,1,"GM1883"
"20220208198",2022,"Letsel",2,"Fiets","Overig vast object","Vast voorwerp","Bocht",50,"Niet brandend","Daglicht","Droog",\N,"222431034","Kennemersingel","Alkmaar","Alkmaar","Noord-Holland",false,52.629457,4.740751,"injury","2","clear",false,1,"GM0361"
"20220213641",2022,"Letsel",1,"Fiets",\N,"Eenzijdig","Rechte weg",30,"Niet brandend","Daglicht","Droog",\N,"600436208","Mercuriusweg","Delft","Delft","Zuid-Holland",false,51.999666,4.355911,"injury","2","clear",false,1,"GM0503"
"20220227169",2022,"Uitsluitend materiele schade",2,"Personenauto","e-bike","Flank","Kruispunt, 4 takken",30,"Brandend","Schemer","Droog",\N,\N,"Twijnsterhof","Helmond","Helmond","Noord-Brabant",false,51.476784,5.703068,"material damage only","4","clear",false,1,"GM0794"
"20220199647",2022,"Letsel",2,"Personenauto","e-bike","Flank","Rotonde",50,"Niet brandend","Daglicht","Droog",\N,\N,"Josef Haydnlaan","Hengelo","Hengelo (O)","Overijssel",false,52.269993,6.817988,"injury","2","clear",false,1,\N
"20220201011",2022,"Letsel",2,"Personenauto","e-bike","Flank","Kruispunt, 4 takken",50,"Brandend","Duisternis","Regen",\N,\N,"Esrein","Hengelo","Hengelo (O)","Overijssel",false,52.257046,6.790817,"injury","2","rain",false,1,\N
"20220210956",2022,"Letsel",2,"e-bike","Voetganger","Voetganger","Rechte weg",30,"Niet brandend","Daglicht","Droog",\N,"262359054","Achtergracht","Weesp","Amsterdam","Noord-Holland",false,52.307249,5.03914,"injury","2","clear",false,1,"GM0363"
"20220210957",2022,"Letsel",2,"Fiets","e-bike","Kop/staart","Kruispunt, 4 takken",30,"Brandend","Duisternis","Droog",\N,\N,"Willem Schoutenstraat","Amsterdam","Amsterdam","Noord-Holland",false,52.367163,4.852306,"injury","2","clear",false,1,"GM0363"
"20220211647",2022,"Uitsluitend materiele schade",2,"Bromfiets","Fiets","Flank","Kruispunt, 4 takken",50,"Niet brandend","Daglicht","Droog",\N,\N,"Olympiaplein","Amsterdam","Amsterdam","Noord-Holland",false,52.346512,4.868177,"material damage only","4","clear",false,1,"GM0363"
"20220219524",2022,"Uitsluitend materiele schade",2,"Personenauto","Fiets","Flank","Rechte weg",50,"Niet brandend","Daglicht","Droog",\N,"187276049","Goudse Rijweg","Rotterdam","Rotterdam","Zuid-Holland",false,51.928788,4.499402,"material damage only","4","clear",false,1,"GM0599"
"20220229583",2022,"Uitsluitend materiele schade",2,"Personenauto","Fiets","Onbekend","Rechte weg",50,"Niet brandend","Daglicht","Droog",\N,"301220026","Pettelaarseweg","'s-Hertogenbosch","'s-Hertogenbosch","Noord-Brabant",false,51.679117,5.324877,"material damage only","4","clear",false,1,"GM0796"
"20220231506",2022,"Uitsluitend materiele schade",2,"Personenauto","Fiets","Flank","Rotonde",50,"Brandend","Duisternis","Droog",\N,\N,"Vastenavondkampstraat","Venlo","Venlo","Limburg",false,51.370448,6.143244,"material damage only","4","clear",false,1,"GM0983"