"accident_id","year","severity_raw","party_count","party1_type","party2_type","accident_type","road_situation","speed_limit_kmh","road_lighting","light_condition_label","weather_raw","infra_type","road_segment_id","street_name","place_name","gemeente_name_raw","province","alcohol_indicated","latitude","longitude","severity_label","severity_code","weather_label","built_up_area","cyclists_involved","gemeente_code"
"20220215284",2022,"Uitsluitend materiele schade",2,"Personenauto","Fiets","Flank","Kruispunt, 4 takken",50,"Niet brandend","Daglicht","Droog",\N,\N,"Eisenhowerlaan","Alphen aan den Rijn","Alphen aan den Rijn","Zuid-Holland",false,52.146003,4.658396,"material damage only","4","clear",false,1,"GM0484"
"20220221764",2022,"Letsel",2,"Personenauto","Fiets","Flank","Rechte weg",60,"Niet brandend","Daglicht","Droog",\N,\N,"Molendijk","Oudenhoorn","Voorne aan Zee","Zuid-Holland",false,51.831324,4.187993,"injury","2","clear",false,1,"GM1992"
"20220225450",2022,"Uitsluitend materiele schade",3,"Fiets","Fiets","Onbekend","Rechte weg",50,"Niet brandend","Daglicht","Droog",\N,"268192038","Piusstraat","Tilburg","Tilburg","Noord-Brabant",false,51.553509,5.090112,"material damage only","4","clear",false,1,"GM0855"
"20220227356",2022,"Uitsluitend materiele schade",2,"Personenauto","Fiets","Frontaal","Rechte weg",30,"Niet brandend","Daglicht","Droog",\N,"347176148","Marktstraat","Helmond","Helmond","Noord-Brabant",false,51.481454,5.657643,"material damage only","4","clear",false,1,"GM0794"
"20220091377",2022,"Dodelijk",3,"Landbouwvoertuig","e-bike","Frontaal","Bocht",60,"Niet aanwezig","Daglicht","Droog",\N,"600282486","Meinweg","Herkenbosch","Roerdalen","Limburg",false,51.168354,6.120818,"fatal","1","clear",false,1,"GM1669"
"20220208361",2022,"Uitsluitend materiele schade",2,"Bestelauto","Fiets","Flank","Kruispunt, 4 takken",50,"Brandend","Schemer","Droog",\N,\N,"Kernweg","Hoorn","Hoorn","Noord-Holland",false,52.644592,5.0971,"material damage only","4","clear",false,1,"GM0405"
"20220211056",2022,"Uitsluitend materiele schade",2,"Personenauto","Fiets","Frontaal","Rechte weg",30,"Brandend","Duisternis","Droog",\N,"600363203","Kloveniersburgwal","Amsterdam","Amsterdam","Noord-Holland",false,52.370048,4.897538,"material damage only","4","clear",false,1,"GM0363"
"20220216101",2022,"Letsel",1,"Fiets",\N,"Eenzijdig","Rechte weg",30,"Niet brandend","Daglicht","Droog",\N,"168300023","Anthony Fokkersingel","'s-Gravenhage","'s-Gravenhage","Zuid-Holland",false,52.038004,4.358518,"injury","2","clear",false,1,"GM0518"
"20220232311",2022,"Uitsluitend materiele schade",2,"Personenauto","Fiets","Onbekend","Rechte weg",50,"Niet brandend","Daglicht","Droog",\N,"357034111","Akersteenweg","Maastricht","Maastricht","Limburg",false,50.843615,5.725835,"material damage only","4","clear",false,1,"GM0935"
"20220232325",2022,"Letsel",3,"Personenauto","e-bike","Onbekend","Rotonde",50,"Niet brandend","Daglicht","Droog",\N,\N,"Gaiaboulevard","Kerkrade","Kerkrade","Limburg",false,50.867918,6.043145,"injury","2","clear",false,1,"GM0928"
"20220218582",2022,"Letsel",2,"Personenauto","e-bike","Flank","Rechte weg",50,"Brandend","Duisternis","Droog",\N,"192261107","1e Barendrechtseweg","Barendrecht","Barendrecht","Zuid-Holland",true,51.860982,4.536277,"injury","2","clear",false,1,"GM0489"
"20220224645",2022,"Uitsluitend materiele schade",2,"Fiets","Bromfiets","Kop/staart","Rechte weg",50,"Niet brandend","Daglicht","Droog",\N,"271195014","Kapitein Hatterasstraat","Tilburg","Tilburg","Noord-Brabant",false,51.569409,5.110319,"material damage only","4","clear",false,1,"GM0855"
"20220229725",2022,"Uitsluitend materiele schade",2,"Fiets","e-bike","Frontaal","Rechte weg",50,"Brandend","Duisternis","Regen",\N,"600136676","Dr Cuyperslaan","Eindhoven","Eindhoven","Noord-Brabant",false,51.460029,5.470548,"material damage only","4","rain",false,1,"GM0772"
"20220215424",2022,"Letsel",3,"Vrachtauto","Fiets","Onbekend","Rechte weg",30,"Brandend","Schemer","Droog",\N,"209319103","Zuidpoolsingel","Alphen aan den Rijn","Alphen aan den Rijn","Zuid-Holland",false,52.124811,4.655264,"injury","2","clear",false,1,"GM0484"
"20220220508",2022,"Letsel",2,"Personenauto","e-bike","Frontaal","Rotonde",50,"Niet brandend","Daglicht","Droog",\N,\N,"Mozartlaan","Maassluis","Maassluis","Zuid-Holland",false,51.926723,4.246045,"injury","2","clear",false,1,"GM0556"
"20220207663",2022,"Uitsluitend materiele schade",2,"Personenauto","Fiets","Onbekend","Kruispunt, 3 takken",50,"Niet brandend","Daglicht","Regen",\N,\N,"Dokter Bolkesteinstraat","Hoofddorp","Haarlemmermeer","Noord-Holland",false,52.305815,4.698122,"material damage only","4","rain",false,1,"GM0394"
"20220215491",2022,"Letsel",2,"Fiets","Fiets","Flank","Kruispunt, 4 takken",30,"Niet brandend","Daglicht","Droog","Brug/viaduct",\N,"RIJNBRUG","Leiden","Leiden","Zuid-Holland",false,52.156171,4.500004,"injury","2","clear",false,1,"GM0546"
"20220231741",2022,"Uitsluitend materiele schade",3,"Bromfiets","Fiets","Frontaal","Kruispunt, 3 takken",50,"Niet brandend","Daglicht","Droog",\N,\N,"Franciscus Romanusweg","Maastricht","Maastricht","Limburg",false,50.851909,5.697964,"material damage only","4","clear",false,1,"GM0935"
"20220204224",2022,"Uitsluitend materiele schade",2,"Personenauto","Fiets","Flank","Rotonde",30,"Brandend","Schemer","Regen",\N,\N,"Darthuizerberg","Amersfoort","Amersfoort","Utrecht",false,52.194887,5.409422,"material damage only","4","rain",false,1,"GM0307"
"20220211910",2022,"Uitsluitend materiele schade",2,"Personenauto","Fiets","Flank","Rechte weg",50,"Brandend","Duisternis","Droog",\N,"600762712","Stadhouderskade","Amsterdam","Amsterdam","Noord-Holland",false,52.35839,4.889431,"material damage only","4","clear",false,1,"GM0363"
"20220216256",2022,"Letsel",2,"Personenauto","e-bike","Flank","Bocht",50,"Niet brandend","Daglicht","Droog",\N,"161293001","Veenakkerweg","Den Hoorn","Midden-Delfland","Zuid-Holland",false,52.006125,4.303288,"injury","2","clear",false,1,"GM1842"
"20220216266",2022,"Letsel",3,"Personenauto","Fiets","Onbekend","Rechte weg",50,"Niet brandend","Schemer","Droog",\N,"191307031","Spruitkoolakker","Zoetermeer","Zoetermeer","Zuid-Holland",false,52.06717,4.523824,"injury","2","clear",false,1,"GM0637"
"20220216949",2022,"Letsel",1,"Fiets",\N,"Eenzijdig","Rechte weg",30,"Brandend","Duisternis","Mist","Brug/viaduct","601024088","Nieuwe Zeeweg","Noordwijk","Noordwijk","Zuid-Holland",false,52.238712,4.441932,"injury","2","fog",false,1,"GM0575"
"20220228469",2022,"Letsel",2,"Bromfiets","Fiets","Eenzijdig","Rotonde",\N,"Brandend","Schemer","Regen",\N,\N,"Maaspoortweg","'s-Hertogenbosch","'s-Hertogenbosch","Noord-Brabant",false,51.726156,5.298581,"injury","2","rain",false,1,"GM0796"
"20220203545",2022,"Uitsluitend materiele schade",2,"Fiets","Fiets","Flank","Rechte weg",80,"Niet brandend","Daglicht","Droog",\N,\N,"Woudenbergseweg","Austerlitz","Zeist","Utrecht",false,52.087968,5.303376,"material damage only","4","clear",false,1,"GM0355"
"20220141006",2022,"Dodelijk",2,"Snorfiets","Fiets","Flank","Rechte weg",30,"Niet brandend","Daglicht","Droog",\N,"226536032","Nikadel","De Koog","Texel","Noord-Holland",false,53.098247,4.764392,"fatal","1","clear",false,1,"GM0448"
"20220213088",2022,"Letsel",3,"Personenauto","Fiets","Onbekend","Kruispunt, 3 takken",50,"Niet brandend","Daglicht","Droog",\N,\N,"Pletterijstraat","'s-Gravenhage","'s-Gravenhage","Zuid-Holland",false,52.075477,4.323297,"injury","2","clear",false,1,"GM0518"
"20220224845",2022,"Letsel",2,"Fiets","Personenauto","Flank","Kruispunt, 4 takken",50,"Niet brandend","Daglicht","Droog",\N,\N,"van Steenbergenlaan","Terneuzen","Terneuzen","Zeeland",false,51.334605,3.834384,"injury","2","clear",false,1,"GM0715"
"20220226524",2022,"Uitsluitend materiele schade",2,"Fiets","Fiets","Onbekend","Rechte weg",\N,"Brandend","Duisternis","Mist",\N,\N,"Schroeweg","Middelburg","Middelburg","Zeeland",false,51.490598,3.618684,"material damage only","4","fog",false,1,\N
"20220231067",2022,"Uitsluitend materiele schade",2,"Personenauto","e-bike","Onbekend","Kruispunt, 4 takken",70,\N,"Duisternis","Droog",\N,\N,"Ringbaan Noord","Weert","Weert","Limburg",false,51.269877,5.717397,"material damage only","4","clear",false,1,"GM0988"
"20220202752",2022,"Letsel",2,"Fiets","Fiets","Los voorwerp","Kruispunt, 4 takken",30,"Niet brandend","Daglicht","Droog",\N,"338439074","De Noord","Urk","Urk","Flevoland",false,52.664062,5.600456,"injury","2","clear",false,1,"GM0184"
"20220205005",2022,"Letsel",2,"Personenauto","Fiets","Flank","Rotonde",50,"Niet brandend","Daglicht","Droog",\N,\N,"Sluyterslaan","Nieuwegein","Nieuwegein","Utrecht",false,52.029715,5.084402,"injury","2","clear",false,1,"GM0356"
"20220208645",2022,"Letsel",2,"Bromfiets","Fiets","Flank","Kruispunt, 3 takken",\N,"Brandend","Duisternis","Droog",\N,"600755780","Dr. Jan Mulderstraat","Zaandijk","Zaanstad","Noord-Holland",false,52.470564,4.803744,"injury","2","clear",false,1,"GM0479"
"20220214060",2022,"Letsel",2,"Fiets","Fiets","Onbekend","Kruispunt, 3 takken",50,"Niet brandend","Daglicht","Droog",\N,\N,"Van Alkemadelaan","'s-Gravenhage","'s-Gravenhage","Zuid-Holland",false,52.103401,4.318093,"injury","2","clear",false,1,"GM0518"
"20220225802",2022,"Uitsluitend materiele schade",2,"Personenauto","Fiets","Flank","Kruispunt, 4 takken",50,"Brandend","Duisternis","Droog",\N,\N,"Industrieweg","Waalwijk","Waalwijk","Noord-Brabant",false,51.697173,5.061809,"material damage only","4","clear",false,1,"GM0867"
"20220199358",2022,"Uitsluitend materiele schade",2,"Personenauto","e-bike","Flank","Rotonde",50,"Brandend","Duisternis","Regen",\N,\N,"Ambachtstraat","Almelo","Almelo","Overijssel",false,52.33243,6.656186,"material damage only","4","rain",false,1,"GM0141"
"20220213270",2022,"Letsel",1,"Fiets",\N,"Eenzijdig",\N,30,\N,"Daglicht",\N,\N,"162310213","Buitenhof","'s-Gravenhage","'s-Gravenhage","Zuid-Holland",false,52.079461,4.310592,"injury","2","unknown",false,1,"GM0518"
"20220224980",2022,"Uitsluitend materiele schade",2,"Personenauto","Fiets","Flank","Kruispunt, 4 takken",50,"Niet brandend","Daglicht","Droog",\N,\N,"Parallelweg","Goirle","Goirle","Noord-Brabant",false,51.516439,5.054878,"material damage only","4","clear",false,1,"GM0785"
"20220203648",2022,"Letsel",2,"Personenauto","Fiets","Kop/staart","Rechte weg",50,"Brandend","Duisternis","Droog",\N,"270294054","Jutphasestraatweg","Nieuwegein","Nieuwegein","Utrecht",false,52.013112,5.097523,"injury","2","clear",false,1,"GM0356"
"20220211369",2022,"Letsel",3,"Fiets","Overig wegmeubilair","Vast voorwerp","Rechte weg",50,"Niet brandend","Daglicht","Droog",\N,"240363029","Van Boshuizenstraat","Amsterdam","Amsterdam","Noord-Holland",false,52.324858,4.881144,"injury","2","clear",false,1,"GM0363"
"20220213328",2022,"Letsel",2,"Bromfiets","Fiets","Flank","Rechte weg",30,"Niet brandend","Daglicht","Droog",\N,"600715655","Zuiderparklaan","'s-Gravenhage","'s-Gravenhage","Zuid-Holland",false,52.063525,4.280983,"injury","2","clear",false,1,"GM0518"
"20220213368",2022,"Letsel",2,"Fiets","Fiets","Onbekend","Rechte weg",50,"Brandend","Duisternis","Droog",\N,"600268003","Voorweg","Noorden","Nieuwkoop","Zuid-Holland",false,52.165454,4.840221,"injury","2","clear",false,1,"GM0569"
"20220214161",2022,"Letsel",2,"Fiets","Fiets","Onbekend","Rechte weg",30,"Niet brandend","Daglicht","Droog","Brug/viaduct","600744033","Middelweg","Moordrecht","Zuidplas","Zuid-Holland",false,51.988444,4.666802,"injury","2","clear",false,1,"GM1892"
"20220214992",2022,"Letsel",2,"Personenauto","Fiets","Flank","Kruispunt, 3 takken",50,"Niet brandend","Daglicht","Droog",\N,\N,"Nathaliegang","Zoetermeer","Zoetermeer","Zuid-Holland",false,52.044712,4.480314,"injury","2","clear",false,1,"GM0637"
"20220215741",2022,"Letsel",2,"Fiets","Personenauto","Flank","Kruispunt, 3 takken",50,"Niet brandend","Daglicht","Droog",\N,\N,"Pasteurstraat","Leiden","Leiden","Zuid-Holland",false,52.168617,4.492881,"injury","2","clear",false,1,"GM0546"
"20220217151",2022,"Letsel",1,"Fiets",\N,"Eenzijdig","Rechte weg",30,"Brandend","Duisternis","Droog",\N,"187350107","Victoriberg","Noordwijkerhout","Noordwijk","Zuid-Holland",false,52.263137,4.490753,"injury","2","clear",false,1,"GM0575"
"20220231274",2022,"Letsel",1,"Fiets",\N,"Eenzijdig","Rotonde",50,"Niet brandend","Daglicht","Droog",\N,\N,"Tongerseweg","Maastricht","Maastricht","Limburg",false,50.844763,5.681896,"injury","2","clear",false,1,"GM0935"
"20220220833",2022,"Uitsluitend materiele schade",2,"Bromfiets","Fiets","Onbekend","Rechte weg",\N,"Brandend","Duisternis","Droog",\N,"600651999","André van der Louwbrug","Rotterdam","Rotterdam","Zuid-Holland",false,51.917228,4.491402,"material damage only","4","clear",false,1,"GM0599"
"20220224227",2022,"Uitsluitend materiele schade",2,"Motor","Fiets","Flank","Kruispunt, 4 takken",30,"Niet brandend","Daglicht","Droog",\N,\N,"Westmede","Middelburg","Middelburg","Zeeland",false,51.487712,3.627788,"material damage only","4","clear",false,1,\N
"20220229416",2022,"Uitsluitend materiele schade",2,"Personenauto","Fiets","Flank","Kruispunt, 4 takken",50,"Niet brandend","Daglicht","Droog",\N,\N,"Hoge Brake","Nuenen","Nuenen, Gerwen en Nederwetten","Noord-Brabant",false,51.464588,5.547118,"material damage only","4","clear",false,1,"GM0820"
"20220207277",2022,"Uitsluitend materiele schade",2,"Fiets","Fiets","Onbekend","Kruispunt, 4 takken",50,"Brandend","Daglicht","Regen",\N,\N,"Merensstraat","Hoorn","Hoorn","Noord-Holland",false,52.64497,5.058611,"material damage only","4","rain",false,1,"GM0405"
"20240135178",2024,"Letsel",2,"Personenauto","Fiets","Flank","Kruispunt, 4 takken",50,"Niet brandend","Daglicht","Droog",\N,\N,"Rembrandtlaan","Sliedrecht","Sliedrecht","Zuid-Holland",false,51.818898,4.784182,"injury","2","clear",false,1,"GM0610"
"20240138308",2024,"Uitsluitend materiele schade",2,"Personenauto","Fiets","Flank","Rechte weg",50,"Niet brandend","Daglicht","Droog",\N,"600850782","Willemsvaart","Zwolle","Zwolle","Overijssel",false,52.505111,6.075995,"material damage only","4","clear",false,1,"GM0193"
"20240144286",2024,"Letsel",1,"Fiets",\N,"Onbekend",\N,50,\N,"Duisternis",\N,\N,"163307110","Johanna Westerdijkplein","'s-Gravenhage","'s-Gravenhage","Zuid-Holland",false,52.068229,4.322303,"injury","2","unknown",false,1,"GM0518"
"20240133958",2024,"Letsel",2,"Personenauto","Fiets","Flank","Kruispunt, 4 takken",60,"Niet brandend","Daglicht","Regen",\N,\N,"Soestdijksekade","'s-Gravenhage","'s-Gravenhage","Zuid-Holland",false,52.061632,4.2834,"injury","2","rain",false,1,"GM0518"
"20240142640",2024,"Uitsluitend materiele schade",2,"Fiets","Personenauto","Onbekend","Rechte weg",50,"Niet brandend","Daglicht","Droog",\N,"600790325","Steenhoffstraat","Soest","Soest","Utrecht",false,52.18083,5.30467,"material damage only","4","clear",false,1,"GM0342"
"20240143707",2024,"Letsel",2,"Fiets","Personenauto","Flank","Bocht",50,"Niet brandend","Daglicht","Droog",\N,\N,"Wassenaarsestraat","'s-Gravenhage","'s-Gravenhage","Zuid-Holland",false,52.108442,4.27682,"injury","2","clear",false,1,"GM0518"
"20240143710",2024,"Letsel",1,"Fiets",\N,"Onbekend","Bocht",30,"Niet brandend","Daglicht","Droog",\N,"601016141","Laan van Meerdervoort","'s-Gravenhage","'s-Gravenhage","Zuid-Holland",false,52.078605,4.276429,"injury","2","clear",false,1,"GM0518"
"20240134599",2024,"Letsel",2,"Personenauto","Fiets","Onbekend","Kruispunt, 4 takken",30,"Niet brandend","Daglicht","Droog",\N,\N,"Waalstraat","Vlaardingen","Vlaardingen","Zuid-Holland",false,51.908959,4.339916,"injury","2","clear",false,1,"GM0622"
"20240137780",2024,"Uitsluitend materiele schade",2,"Fiets","Personenauto","Onbekend","Kruispunt, 3 takken",30,"Brandend","Duisternis","Droog",\N,\N,"Ribbiusstraat","Lieshout","Laarbeek","Noord-Brabant",false,51.519398,5.604209,"material damage only","4","clear",false,1,"GM1659"
"20240143768",2024,"Uitsluitend materiele schade",2,\N,"Fiets","Onbekend","Kruispunt, 4 takken",50,"Niet brandend","Daglicht","Droog",\N,\N,"Osdorperweg","Amsterdam","Amsterdam","Noord-Holland",false,52.359657,4.788339,"material damage only","4","clear",false,1,"GM0363"
"20240144361",2024,"Uitsluitend materiele schade",1,"Fiets",\N,"Onbekend","Kruispunt, 4 takken",30,"Brandend","Schemer","Droog",\N,\N,"Kinderen van Versteegpln","Zoetermeer","Zoetermeer","Zuid-Holland",false,52.049077,4.477452,"material damage only","4","clear",false,1,"GM0637"
"20240135893",2024,"Letsel",2,"Personenauto","Fiets","Flank","Rotonde",50,"Brandend","Duisternis","Regen",\N,"600737483","Couwenhoekseweg","Capelle aan den IJssel","Capelle aan den IJssel","Zuid-Holland",false,51.931778,4.598124,"injury","2","rain",false,1,"GM0502"
"20240141403",2024,"Letsel",2,"Personenauto","Fiets","Flank","Kruispunt, 4 takken",80,"Niet brandend","Schemer","Regen",\N,\N,"HENGELO-WEST 28","Hengelo","Hengelo (O)","Overijssel",false,52.265562,6.74944,"injury","2","rain",false,1,\N
"20240139121",2024,"Letsel",2,"Fiets",\N,"Onbekend","Bocht",\N,"Niet aanwezig","Daglicht","Droog",\N,"600887905","Boôvenen","Weiteveen","Emmen","Drenthe",false,52.658917,6.992943,"injury","2","clear",false,1,"GM0114"
"20240143833",2024,"Letsel",2,"Fiets","Personenauto","Eenzijdig","Rechte weg",30,"Niet brandend","Daglicht","Droog",\N,"600552565","FIETSPAD","Bodegraven","Bodegraven-Reeuwijk","Zuid-Holland",false,52.082335,4.776056,"injury","2","clear",false,1,"GM1901"
"20240144437",2024,"Letsel",2,"Fiets","Fiets","Flank","Rechte weg",30,"Niet brandend","Daglicht","Droog",\N,"240374053","Bloemstraat","Amsterdam","Amsterdam","Noord-Holland",false,52.373986,4.880569,"injury","2","clear",false,1,"GM0363"
"20240150315",2024,"Letsel",1,"Fiets",\N,"Onbekend",\N,50,\N,"Duisternis",\N,\N,\N,"FIETSPAD","Velsen-Noord","Velsen","Noord-Holland",false,52.478321,4.643888,"injury","2","unknown",false,1,"GM0453"
"20240135355",2024,"Letsel",2,"Fiets","Personenauto","Geparkeerd voertuig","Rechte weg",30,"Niet brandend","Daglicht","Droog",\N,"601225820","Groene Hilledijk","Rotterdam","Rotterdam","Zuid-Holland",false,51.892108,4.508786,"injury","2","clear",false,1,"GM0599"
"20240135403",2024,"Uitsluitend materiele schade",2,"Personenauto","Fiets","Flank","Rotonde",50,"Brandend","Duisternis","Droog",\N,\N,"Piet Heinstraat","Goes","Goes","Zeeland",false,51.500368,3.888687,"material damage only","4","clear",false,1,"GM0664"
"20240150987",2024,"Letsel",2,"Personenauto","Fiets","Flank","Rechte weg",50,"Brandend","Duisternis","Regen",\N,"601023774","Burgemeester Kuntzelaan","Barneveld","Barneveld","Gelderland",false,52.13825,5.590262,"injury","2","rain",false,1,"GM0203"
"20240149442",2024,"Letsel",2,"Bestelauto","Fiets","Frontaal","Kruispunt, 3 takken",50,"Brandend","Duisternis","Regen",\N,\N,"Provincialeweg","Kornhorn","Westerkwartier","Groningen",false,53.182633,6.246421,"injury","2","rain",false,1,"GM1969"
"20240137355",2024,"Uitsluitend materiele schade",2,"Bestelauto","Fiets","Flank","Kruispunt, 4 takken",30,"Niet brandend","Daglicht","Droog",\N,\N,"Lage Witsiebaan","Tilburg","Tilburg","Noord-Brabant",false,51.573067,5.061806,"material damage only","4","clear",false,1,"GM0855"
"20240138660",2024,"Uitsluitend materiele schade",2,"Personenauto","Fiets","Onbekend","Kruispunt, 4 takken",30,"Niet brandend","Daglicht","Droog",\N,\N,"Mettingenlaan","Raalte","Raalte","Overijssel",false,52.387137,6.280236,"material damage only","4","clear",false,1,"GM0177"
"20240147954",2024,"Uitsluitend materiele schade",2,"Personenauto","Fiets","Flank","Rotonde",50,\N,"Daglicht","Droog",\N,\N,"De Dom","Veldhoven","Veldhoven","Noord-Brabant",false,51.422004,5.392765,"material damage only","4","clear",false,1,"GM0861"
"20240145190",2024,"Uitsluitend materiele schade",2,"Fiets","Personenauto","Onbekend","Rotonde",50,"Brandend","Duisternis","Droog",\N,\N,"Krispijnseweg","Dordrecht","Dordrecht","Zuid-Holland",false,51.799297,4.666158,"material damage only","4","clear",false,1,"GM0505"
"20240145332",2024,"Letsel",2,"Personenauto","Fiets","Flank","Kruispunt, 4 takken",50,"Niet aanwezig","Daglicht","Droog",\N,\N,"Hudsonstraat","Rotterdam","Rotterdam","Zuid-Holland",false,51.911245,4.435427,"injury","2","clear",false,1,"GM0599"
"20240143531",2024,"Letsel",2,"Fiets","Snorfiets","Onbekend","Rechte weg",50,"Niet brandend","Daglicht","Droog","Brug/viaduct","600724387","Sandtlaan","Katwijk","Katwijk","Zuid-Holland",false,52.190554,4.428461,"injury","2","clear",false,1,"GM0537"
"20240147961",2024,"Letsel",2,"Personenauto","Fiets","Flank","Kruispunt, 4 takken",30,"Niet brandend","Daglicht","Droog",\N,\N,"van Duerenlaan","Uden","Maashorst","Noord-Brabant",false,51.663858,5.640414,"injury","2","clear",false,1,"GM1991"
"20240136835",2024,"Uitsluitend materiele schade",2,"Personenauto","Fiets","Onbekend","Rechte weg",50,"Niet brandend","Daglicht","Droog",\N,"600791954","Afrikalaan","'s-Hertogenbosch","'s-Hertogenbosch","Noord-Brabant",false,51.706492,5.336419,"material damage only","4","clear",false,1,"GM0796"
"20240138755",2024,"Uitsluitend materiele schade",2,"Personenauto","Fiets","Flank","Kruispunt, 4 takken",50,"Niet brandend","Daglicht","Droog",\N,\N,"Obrechtstraat","Nijmegen","Nijmegen","Gelderland",false,51.835361,5.874335,"material damage only","4","clear",false,1,"GM0268"
"20240146345",2024,"Uitsluitend materiele schade",2,"Personenauto","Fiets","Onbekend","Rechte weg",50,"Niet brandend","Daglicht","Droog",\N,"189267206","Groene Hilledijk","Rotterdam","Rotterdam","Zuid-Holland",false,51.89173,4.508789,"material damage only","4","clear",false,1,"GM0599"
"20240133792",2024,"Letsel",2,"Fiets","Personenauto","Onbekend","Kruispunt, 3 takken",50,"Niet brandend","Daglicht","Droog",\N,\N,"President Kennedylaan","Oegstgeest","Oegstgeest","Zuid-Holland",false,52.186156,4.487771,"injury","2","clear",false,1,"GM0579"
"20240136879",2024,"Letsel",2,"Bestelauto","Fiets","Flank","Kruispunt, 3 takken",50,"Niet brandend","Daglicht","Droog",\N,\N,"Hemelsley","Sittard","Sittard-Geleen","Limburg",false,51.006619,5.87287,"injury","2","clear",false,1,"GM1883"
"20240137528",2024,"Uitsluitend materiele schade",2,"Personenauto","Fiets","Onbekend","Rechte weg",60,"Niet aanwezig","Daglicht","Droog",\N,"314187008","Sint-Oedenrodeseweg","Best","Best","Noord-Brabant",false,51.534456,5.421243,"material damage only","4","clear",false,1,"GM0753"
"20240144165",2024,"Letsel",2,"Personenauto","Fiets","Los voorwerp","Rotonde",50,"Brandend","Schemer","Droog",\N,\N,"Sportlaan","Amstelveen","Amstelveen","Noord-Holland",false,52.290798,4.854714,"injury","2","clear",false,1,"GM0362"
"20240146130",2024,"Letsel",2,"Personenauto","Fiets","Onbekend","Kruispunt, 3 takken",30,"Niet brandend","Daglicht","Regen",\N,\N,"Tolweg","Hellevoetsluis","Voorne aan Zee","Zuid-Holland",false,51.835313,4.145362,"injury","2","rain",false,1,"GM1992"
"20240146934",2024,"Uitsluitend materiele schade",2,"Personenauto","Fiets","Onbekend","Rechte weg",30,"Niet brandend","Daglicht","Regen",\N,"353173185","Deltaweg","Helmond","Helmond","Noord-Brabant",false,51.470919,5.700897,"material damage only","4","rain",false,1,"GM0794"
"20240147168",2024,"Uitsluitend materiele schade",2,"Personenauto","Fiets","Flank","Kruispunt, 4 takken",50,"Brandend","Schemer","Droog",\N,\N,"Adelbert van Scharnlaan","Maastricht","Maastricht","Limburg",false,50.845475,5.719032,"material damage only","4","clear",false,1,"GM0935"
"20240136301",2024,"Letsel",2,"Personenauto","e-bike","Flank","Kruispunt, 4 takken",30,"Niet brandend","Daglicht","Droog",\N,\N,"Venbroekstraat","Nieuwkuijk","Heusden","Noord-Brabant",false,51.692428,5.186773,"injury","2","clear",false,1,"GM0797"
"20240146954",2024,"Uitsluitend materiele schade",2,"Personenauto","Fiets","Onbekend","Rotonde",50,"Brandend","Duisternis","Regen",\N,\N,"Schijndelseweg","Boxtel","Boxtel","Noord-Brabant",false,51.591753,5.329862,"material damage only","4","rain",false,1,"GM0757"
"20240147081",2024,"Letsel",2,"Bestelauto","Fiets","Flank","Rechte weg",30,"Niet aanwezig","Daglicht","Droog",\N,"344216009","Vaarzenhof","Uden","Maashorst","Noord-Brabant",false,51.661317,5.638393,"injury","2","clear",false,1,"GM1991"
"20240149683",2024,"Letsel",1,"Fiets",\N,"Onbekend","Rechte weg",30,"Brandend","Schemer","Droog",\N,"382288192","Ir J P van Muijlwijkstr","Arnhem","Arnhem","Gelderland",false,51.984324,5.915132,"injury","2","clear",false,1,"GM0202"
"20240149687",2024,"Letsel",2,"Personenauto","Fiets","Flank","Rotonde",50,"Brandend","Duisternis","Droog",\N,\N,"Achterstraat","Bennekom","Ede","Gelderland",false,51.994813,5.66857,"injury","2","clear",false,1,"GM0228"
"20240147094",2024,"Uitsluitend materiele schade",2,"Personenauto","Fiets","Onbekend","Rotonde",50,"Brandend","Schemer","Droog",\N,\N,"Halvemaanstraat","Eindhoven","Eindhoven","Noord-Brabant",false,51.449847,5.449412,"material damage only","4","clear",false,1,"GM0772"
"20240149698",2024,"Letsel",2,"Fiets","Personenauto","Flank","Kruispunt, 3 takken",60,"Brandend","Duisternis","Droog",\N,\N,"Tragelweg","Lobith","Zevenaar","Gelderland",false,51.857886,6.111049,"injury","2","clear",false,1,"GM0299"
"20240135727",2024,"Letsel",2,"Fiets","Personenauto","Flank","Rotonde",50,"Niet brandend","Daglicht","Droog",\N,\N,"van Hogendorplaan","Vlaardingen","Vlaardingen","Zuid-Holland",false,51.911208,4.361009,"injury","2","clear",false,1,"GM0622"
"20240136387",2024,"Uitsluitend materiele schade",2,"Personenauto","Fiets","Flank","Rotonde",50,"Niet brandend","Schemer","Droog",\N,\N,"Rompertsebaan","'s-Hertogenbosch","'s-Hertogenbosch","Noord-Brabant",false,51.710595,5.312039,"material damage only","4","clear",false,1,"GM0796"
"20240149151",2024,"Letsel",2,"Fiets","Fiets","Flank","Bocht",30,"Brandend","Duisternis","Regen","Parkeervoorziening",\N,"Wooldstraat","Winterswijk","Winterswijk","Gelderland",false,51.971699,6.719737,"injury","2","rain",false,1,"GM0294"
"20240149288",2024,"Dodelijk",2,"Fiets","Voetganger","Voetganger","Kruispunt, 3 takken",50,"Brandend","Duisternis","Droog",\N,\N,"Oude Brinkweg","Haren Gn","Groningen","Groningen",false,53.173983,6.608832,"fatal","1","clear",false,1,"GM0014"
"20240149308",2024,"Letsel",1,"Fiets",\N,"Onbekend",\N,\N,\N,"Daglicht",\N,\N,"459368014","RIJNSESTRAAT","Zuna","Wierden","Overijssel",false,52.342641,6.486834,"injury","2","unknown",false,1,"GM0189"
"20240152241",2024,"Letsel",2,"Fiets","Bromfiets","Flank","Kruispunt, 4 takken",50,"Brandend","Duisternis","Regen",\N,\N,"FIETSPAD","Zoetermeer","Zoetermeer","Zuid-Holland",false,52.063608,4.490428,"injury","2","rain",false,1,"GM0637"