"accident_id","year","severity_raw","party_count","party1_type","party2_type","accident_type","road_situation","speed_limit_kmh","road_lighting","light_condition_label","weather_raw","infra_type","road_segment_id","street_name","place_name","gemeente_name_raw","province","alcohol_indicated","latitude","longitude","severity_label","severity_code","weather_label","built_up_area","cyclists_involved","gemeente_code"
"20240155062",2024,"Uitsluitend materiele schade",2,"Personenauto","Fiets","Frontaal","Rotonde",50,"Niet brandend","Daglicht","Droog",\N,\N,"Geerlaan","Ridderkerk","Ridderkerk","Zuid-Holland",false,51.864748,4.59611,"material damage only","4","clear",false,1,"GM0597"
"20240000825",2024,"Letsel",2,"Personenauto","Fiets","Flank","Rotonde",50,"Niet brandend","Daglicht","Droog",\N,\N,"Plantageweg","Alblasserdam","Alblasserdam","Zuid-Holland",false,51.865738,4.664154,"injury","2","clear",false,1,"GM0482"
"20240003193",2024,"Letsel",2,"Personenauto","Fiets","Onbekend","Kruispunt, 3 takken",50,"Niet brandend","Daglicht","Droog",\N,\N,"Euregioweg","Heerlen","Heerlen","Limburg",false,50.903222,5.969789,"injury","2","clear",false,1,"GM0917"
"20240007654",2024,"Uitsluitend materiele schade",2,"Fiets","Personenauto","Flank","Rotonde",50,"Niet brandend","Daglicht","Droog",\N,\N,"Wassenaarseweg","Leiden","Leiden","Zuid-Holland",false,52.170612,4.479147,"material damage only","4","clear",false,1,"GM0546"
"20240008289",2024,"Letsel",2,"Personenauto","Fiets","Flank","Kruispunt, 4 takken",30,"Niet aanwezig","Daglicht","Droog",\N,\N,"Klaas Katerstraat","Zaandam","Zaanstad","Noord-Holland",false,52.440768,4.828898,"injury","2","clear",false,1,"GM0479"
"20240008528",2024,"Letsel",2,"Bestelauto","Fiets","Los voorwerp","Rotonde",50,"Brandend","Duisternis","Regen",\N,\N,"Burg Kasteleinweg","Aalsmeer","Aalsmeer","Noord-Holland",false,52.271775,4.752201,"injury","2","rain",false,1,"GM0358"
"20240009985",2024,"Uitsluitend materiele schade",2,"Personenauto","Fiets","Onbekend",\N,50,\N,"Duisternis",\N,\N,"600687943","Marskant","Hengelo","Hengelo (O)","Overijssel",false,52.264579,6.789437,"material damage only","4","unknown",false,1,\N
"20240155522",2024,"Letsel",2,"Personenauto","Fiets","Flank","Kruispunt, 3 takken",30,"Niet brandend","Daglicht","Droog",\N,\N,"Scheepmakershaven","Oud-Beijerland","Hoeksche Waard","Zuid-Holland",false,51.826945,4.413275,"injury","2","clear",false,1,"GM1963"
"20240001197",2024,"Uitsluitend materiele schade",2,"Snorfiets","Fiets","Flank","Rotonde",30,"Niet brandend","Daglicht","Droog",\N,\N,"Marshallweg","Rotterdam","Rotterdam","Zuid-Holland",false,51.958695,4.544271,"material damage only","4","clear",false,1,"GM0599"
"20240001200",2024,"Letsel",2,"Fiets","Snorfiets","Flank","Rechte weg",15,"Niet brandend","Daglicht","Droog",\N,\N,"Stoelendans","Capelle aan den IJssel","Capelle aan den IJssel","Zuid-Holland",false,51.947108,4.572391,"injury","2","clear",false,1,"GM0502"
"20240021155",2024,"Letsel",2,"Fiets","Fiets","Kop/staart","Rechte weg, gescheiden rijbanen",30,"Niet brandend","Daglicht","Droog",\N,"600389603","Admiraal De Ruijterweg","Amsterdam","Amsterdam","Noord-Holland",false,52.371467,4.860413,"injury","2","clear",false,1,"GM0363"
"20240005531",2024,"Letsel",2,"Personenauto","Fiets","Flank","Kruispunt, 4 takken",30,"Niet brandend","Schemer","Droog",\N,\N,"Zuiderweg","Hilversum","Hilversum","Noord-Holland",false,52.227031,5.182936,"injury","2","clear",false,1,"GM0402"
"20240007595",2024,"Letsel",2,"Personenauto","Fiets","Flank","Kruispunt, 3 takken",50,"Niet brandend","Daglicht","Droog",\N,\N,"Medemblikstraat","'s-Gravenhage","'s-Gravenhage","Zuid-Holland",false,52.065358,4.266791,"injury","2","clear",false,1,"GM0518"
"20240007952",2024,"Uitsluitend materiele schade",2,"Personenauto","Fiets","Flank","Rechte weg",30,"Niet brandend","Daglicht","Droog",\N,"238373021","Van Kinsbergenstraat","Amsterdam","Amsterdam","Noord-Holland",false,52.368719,4.859728,"material damage only","4","clear",false,1,"GM0363"
"20240022126",2024,"Letsel",2,"Personenauto","Fiets","Onbekend","Rechte weg",30,"Niet brandend","Daglicht","Droog",\N,"600705140","Schelpweg","Domburg","Veere","Zeeland",false,51.55679,3.478969,"injury","2","clear",false,1,"GM0717"
"20240023573",2024,"Letsel",1,"Fiets",\N,"Onbekend","Rechte weg",\N,"Brandend","Duisternis","Droog",\N,"169292043","Rotterdamseweg","Delft","Delft","Zuid-Holland",false,52.002249,4.36645,"injury","2","clear",false,1,"GM0503"
"20230107658",2023,"Letsel",2,"Personenauto","Fiets","Onbekend","Kruispunt, 4 takken",50,"Niet brandend","Daglicht","Regen",\N,\N,"Holstraat","Margraten","Eijsden-Margraten","Limburg",false,50.821869,5.826619,"injury","2","rain",false,1,"GM1903"
"20230108260",2023,"Letsel",2,"Personenauto","Fiets","Flank","Kruispunt, 4 takken",50,"Brandend","Schemer","Regen",\N,\N,"Burg van der Willigenln","Hoofddorp","Haarlemmermeer","Noord-Holland",false,52.300003,4.698062,"injury","2","rain",false,1,"GM0394"
"20240002536",2024,"Uitsluitend materiele schade",2,"Fiets","Personenauto","Flank","Rotonde",50,"Niet brandend","Daglicht","Droog",\N,\N,"Santheuvel-west","Mierlo","Geldrop-Mierlo","Noord-Brabant",false,51.440697,5.606663,"material damage only","4","clear",false,1,"GM1771"
"20240010138",2024,"Letsel",2,"Personenauto","Fiets","Flank","Kruispunt, 3 takken",50,"Niet brandend","Daglicht","Droog",\N,"600667453","Gildenlaan","Apeldoorn","Apeldoorn","Gelderland",false,52.195424,6.009136,"injury","2","clear",false,1,"GM0200"
"20240012602",2024,"Letsel",1,"Fiets",\N,"Frontaal","Rechte weg",50,"Brandend","Duisternis","Regen",\N,"600712310","Geestweg","Naaldwijk","Westland","Zuid-Holland",false,51.9945,4.203479,"injury","2","rain",false,1,"GM1783"
"20240023986",2024,"Letsel",2,"Fiets","Personenauto","Flank","Kruispunt, 4 takken",30,"Niet brandend","Daglicht","Droog",\N,\N,"Van Ostadestraat","Geleen","Sittard-Geleen","Limburg",false,50.958475,5.824356,"injury","2","clear",false,1,"GM1883"
"20240024162",2024,"Letsel",2,"Fiets","Personenauto","Flank","Kruispunt, 3 takken",30,"Niet brandend","Daglicht","Regen",\N,\N,"Ripskant","Gemert","Gemert-Bakel","Noord-Brabant",false,51.55792,5.698025,"injury","2","rain",false,1,"GM1652"
"20240010651",2024,"Uitsluitend materiele schade",2,"Personenauto","Fiets","Onbekend","Rechte weg",50,"Brandend","Duisternis","Regen",\N,"250391001","Kanaaldijk","Landsmeer","Landsmeer","Noord-Holland",false,52.437272,4.950494,"material damage only","4","rain",false,1,"GM0415"
"20240011448",2024,"Uitsluitend materiele schade",2,"Bestelauto","Fiets","Flank","Kruispunt, 4 takken",50,"Niet brandend","Daglicht","Droog",\N,\N,"Industrielaan","Veenendaal","Veenendaal","Utrecht",false,52.018256,5.555407,"material damage only","4","clear",false,1,"GM0345"
"20240017945",2024,"Letsel",2,"e-bike","Fiets","Frontaal","Bocht",50,"Niet brandend","Daglicht","Droog","Tunnel","600593876","Parallelweg","Winterswijk","Winterswijk","Gelderland",false,51.967825,6.712306,"injury","2","clear",false,1,"GM0294"
"20230108328",2023,"Letsel",2,"Bestelauto","Fiets","Onbekend","Rotonde",50,"Niet brandend","Daglicht","Droog",\N,\N,"Mercuriusweg","Wormer","Wormerland","Noord-Holland",false,52.492109,4.80231,"injury","2","clear",false,1,"GM0880"
"20240006349",2024,"Uitsluitend materiele schade",2,"Personenauto","Fiets","Los voorwerp","Kruispunt, 3 takken",30,"Niet brandend","Daglicht","Droog",\N,\N,"Prinses Irene-brigade wg","Wormerveer","Zaanstad","Noord-Holland",false,52.484982,4.806791,"material damage only","4","clear",false,1,"GM0479"
"20240010675",2024,"Uitsluitend materiele schade",2,"Personenauto","Fiets","Flank","Kruispunt, 4 takken",50,"Niet brandend","Daglicht","Droog",\N,\N,"Plesmanweg","Beverwijk","Beverwijk","Noord-Holland",false,52.497807,4.664454,"material damage only","4","clear",false,1,"GM0375"
"20240012084",2024,"Letsel",1,"Fiets",\N,"Onbekend","Rechte weg",30,"Niet brandend","Daglicht","Droog",\N,"600913224","Marnixstraat","Amsterdam","Amsterdam","Noord-Holland",false,52.366909,4.879429,"injury","2","clear",false,1,"GM0363"
"20240012654",2024,"Letsel",2,"Fiets","Fiets","Onbekend","Rechte weg",50,"Brandend","Schemer","Regen",\N,"600124800","Piet Heinkade","Amsterdam","Amsterdam","Noord-Holland",false,52.377255,4.914537,"injury","2","rain",false,1,"GM0363"
"20240018284",2024,"Letsel",2,"Personenauto","Fiets","Flank","Kruispunt, 4 takken",30,"Niet brandend","Daglicht","Droog",\N,\N,"Lijzijde","Groningen","Groningen","Groningen",false,53.237304,6.62533,"injury","2","clear",false,1,"GM0014"
"20240018617",2024,"Uitsluitend materiele schade",2,"Fiets","Personenauto","Los voorwerp","Kruispunt, 4 takken",30,"Niet brandend","Daglicht","Droog",\N,\N,"Volendammerpad","Edam","Edam-Volendam","Noord-Holland",false,52.510019,5.049459,"material damage only","4","clear",false,1,"GM0385"
"20240151909",2024,"Letsel",1,"Fiets",\N,"Onbekend","Rechte weg",50,"Niet brandend","Daglicht","Droog",\N,"601046207","Papsouwselaan","Delft","Delft","Zuid-Holland",false,51.999873,4.354241,"injury","2","clear",false,1,"GM0503"
"20230111313",2023,"Uitsluitend materiele schade",2,"Personenauto","Fiets","Flank","Kruispunt, 4 takken",50,"Brandend","Duisternis","Droog",\N,\N,"Laan van Rome","Alkmaar","Alkmaar","Noord-Holland",false,52.669789,4.762219,"material damage only","4","clear",false,1,"GM0361"
"20240009483",2024,"Uitsluitend materiele schade",2,"Personenauto","Fiets","Flank","Kruispunt, 4 takken",30,"Niet brandend","Daglicht","Regen",\N,\N,"Vondellaan","Harderwijk","Harderwijk","Gelderland",false,52.345715,5.644745,"material damage only","4","rain",false,1,"GM0243"
"20230109597",2023,"Uitsluitend materiele schade",2,"Personenauto","Fiets","Onbekend","Kruispunt, 4 takken",50,"Niet brandend","Daglicht","Regen",\N,\N,"Spoorstraat","Prinsenbeek","Breda","Noord-Brabant",false,51.598677,4.724282,"material damage only","4","rain",false,1,"GM0758"
"20240156799",2024,"Letsel",2,"Fiets","Personenauto","Flank","Kruispunt, 4 takken",30,"Niet brandend","Daglicht","Droog",\N,\N,"Ankersweg","Buchten","Sittard-Geleen","Limburg",false,51.04186,5.814694,"injury","2","clear",false,1,"GM1883"
"20240154564",2024,"Uitsluitend materiele schade",2,"Personenauto","Fiets","Flank","Rechte weg",50,"Niet brandend","Daglicht",\N,\N,"231264017","Kamperfoelie","Brandwijk","Molenlanden","Zuid-Holland",false,51.878719,4.819543,"material damage only","4","unknown",false,1,"GM1978"
"20230108432",2023,"Letsel",1,"Fiets",\N,"Eenzijdig","Rechte weg",30,"Brandend","Duisternis","Droog",\N,"600613216","FIETSPAD","Amersfoort","Amersfoort","Utrecht",false,52.193557,5.403491,"injury","2","clear",false,1,"GM0307"
"20230109016",2023,"Uitsluitend materiele schade",2,\N,"Fiets","Geparkeerd voertuig","Rechte weg",30,"Brandend","Duisternis","Droog",\N,"317311001","Parallelweg","Woudenberg","Woudenberg","Utrecht",false,52.089569,5.442231,"material damage only","4","clear",false,1,"GM0351"
"20240013494",2024,"Uitsluitend materiele schade",2,"Fiets","Scootmobiel","Frontaal","Bocht",30,"Niet brandend","Daglicht","Droog",\N,"249371030","Kramatweg","Amsterdam","Amsterdam","Noord-Holland",false,52.361307,4.945557,"material damage only","4","clear",false,1,"GM0363"
"20240013978",2024,"Uitsluitend materiele schade",2,"Vrachtauto","Fiets","Kop/staart","Rechte weg",30,"Niet brandend","Daglicht","Droog",\N,"187268041","Putsebocht","Rotterdam","Rotterdam","Zuid-Holland",false,51.89439,4.497823,"material damage only","4","clear",false,1,"GM0599"
"20240014886",2024,"Uitsluitend materiele schade",2,"Personenauto","Fiets","Onbekend","Rechte weg",30,"Niet brandend","Daglicht","Droog",\N,"248208094","Looiersplein","Dongen","Dongen","Noord-Brabant",false,51.625972,4.943502,"material damage only","4","clear",false,1,"GM0766"
"20240015421",2024,"Letsel",2,"Fiets","Personenauto","Flank","Rechte weg",50,"Niet brandend","Daglicht","Droog",\N,\N,"Henri Eversstraat","Rotterdam","Rotterdam","Zuid-Holland",false,51.944699,4.553321,"injury","2","clear",false,1,"GM0599"
"20230110850",2023,"Uitsluitend materiele schade",3,"Fiets","Personenauto","Onbekend","Rotonde",50,"Brandend","Schemer","Regen",\N,\N,"Land van Ravensteinstr","Uden","Maashorst","Noord-Brabant",false,51.660377,5.616586,"material damage only","4","rain",false,1,"GM1991"
"20240014396",2024,"Letsel",2,"Personenauto","Fiets","Frontaal","Kruispunt, 4 takken",30,"Brandend","Schemer","Droog",\N,\N,"Hillewerfweg","Kapelle","Kapelle","Zeeland",false,51.490239,3.961531,"injury","2","clear",false,1,"GM0678"
"20240152061",2024,"Letsel",2,"Fiets","Personenauto","Flank","Rechte weg",50,"Brandend","Schemer","Regen",\N,"217293128","Fluwelensingel","Gouda","Gouda","Zuid-Holland",false,52.007362,4.71693,"injury","2","rain",false,1,"GM0513"
"20230108517",2023,"Uitsluitend materiele schade",2,"Bestelauto","Fiets","Flank","Kruispunt, 3 takken",30,"Niet brandend","Daglicht","Regen",\N,\N,"Evertsenstraat","Amersfoort","Amersfoort","Utrecht",false,52.163777,5.397492,"material damage only","4","rain",false,1,"GM0307"
"20240016045",2024,"Uitsluitend materiele schade",1,"Fiets",\N,"Onbekend",\N,30,\N,"Daglicht",\N,\N,"363035017","Oude Akerstraat","Bemelen","Eijsden-Margraten","Limburg",false,50.84801,5.767061,"material damage only","4","unknown",false,1,"GM1903"
"20240016399",2024,"Uitsluitend materiele schade",2,"Personenauto","Fiets","Kop/staart","Rechte weg",50,"Niet brandend","Daglicht","Droog",\N,"291151044","Oude Provincialeweg","Hapert","Bladel","Noord-Brabant",false,51.370506,5.258591,"material damage only","4","clear",false,1,"GM1728"
"20240017085",2024,"Uitsluitend materiele schade",2,"Bestelauto","Fiets","Onbekend","Rechte weg",60,"Niet aanwezig","Daglicht","Droog",\N,"279268002","Dr. A. Kuyperweg","Beesd","West Betuwe","Gelderland",false,51.897293,5.167118,"material damage only","4","clear",false,1,"GM1960"
"20240153418",2024,"Letsel",2,"Personenauto","Fiets","Flank","Rotonde",50,"Niet brandend","Daglicht","Regen",\N,\N,"Prinses Beatrixstraat","Castricum","Castricum","Noord-Holland",false,52.549798,4.669394,"injury","2","rain",false,1,"GM0383"
"20240157577",2024,"Uitsluitend materiele schade",2,"Personenauto","Fiets","Flank","Rechte weg",60,"Niet brandend","Daglicht","Droog",\N,"459368014","RIJNSESTRAAT","Zuna","Wierden","Overijssel",false,52.342641,6.486834,"material damage only","4","clear",false,1,"GM0189"
"20240005336",2024,"Letsel",2,"Personenauto","Fiets","Flank","Kruispunt, 4 takken",30,"Niet brandend","Daglicht","Regen",\N,\N,"Bornberg","Amersfoort","Amersfoort","Utrecht",false,52.192657,5.412678,"injury","2","rain",false,1,"GM0307"
"20240016097",2024,"Letsel",2,"Personenauto","Fiets","Onbekend","Rechte weg",50,"Brandend","Duisternis","Droog",\N,"305211007","Nieuwstraat","Sint-Michielsgestel","Sint-Michielsgestel","Noord-Brabant",false,51.641154,5.352464,"injury","2","clear",false,1,"GM0845"
"20240018341",2024,"Letsel",2,"Personenauto","Fiets","Flank","Kruispunt, 3 takken",60,"Niet brandend","Daglicht","Droog",\N,\N,"It Oast","Augustinusga","Achtkarspelen","Friesland",false,53.222089,6.175024,"injury","2","clear",false,1,"GM0059"
"20230111552",2023,"Letsel",2,"Personenauto","Fiets","Flank","Kruispunt, 3 takken",50,"Niet brandend","Daglicht","Droog",\N,\N,"Duinweg","Schoorl","Bergen (NH)","Noord-Holland",false,52.695641,4.696406,"injury","2","clear",false,1,\N
"20240156367",2024,"Uitsluitend materiele schade",3,"Personenauto","Fiets","Flank","Rechte weg",30,"Brandend","Schemer","Droog",\N,"600899597","Vijfkamplaan","Eindhoven","Eindhoven","Noord-Brabant",false,51.475187,5.456515,"material damage only","4","clear",false,1,"GM0772"
"20240012372",2024,"Letsel",2,"Fiets","Personenauto","Flank","Kruispunt, 4 takken",50,"Brandend","Duisternis","Droog",\N,\N,"Zuidpoldersingel","Delfgauw","Pijnacker-Nootdorp","Zuid-Holland",false,51.998176,4.397392,"injury","2","clear",false,1,"GM1926"
"20240018730",2024,"Uitsluitend materiele schade",2,"Personenauto","Fiets","Flank","Kruispunt, 4 takken",50,"Niet brandend","Daglicht","Droog",\N,\N,"Hoofdweg","Hoofddorp","Haarlemmermeer","Noord-Holland",false,52.307302,4.695565,"material damage only","4","clear",false,1,"GM0394"
"20240019089",2024,"Uitsluitend materiele schade",2,"Personenauto","Fiets","Kop/staart","Rechte weg",50,"Brandend","Duisternis","Droog",\N,"600777301","Oud-Loosdrechtsedijk","Loosdrecht","Wijdemeren","Noord-Holland",false,52.2052,5.127582,"material damage only","4","clear",false,1,"GM1696"
"20240021696",2024,"Uitsluitend materiele schade",2,"Personenauto","Fiets","Flank","Kruispunt, 4 takken",50,"Niet brandend","Daglicht","Droog",\N,\N,"Stationsplein","Heerhugowaard","Dijk en Waard","Noord-Holland",false,52.668229,4.821988,"material damage only","4","clear",false,1,"GM1980"
"20240022615",2024,"Letsel",2,"Bestelauto","Fiets","Flank","Bocht",15,"Niet brandend","Schemer","Droog",\N,"221253037","Craijensteijn","Sliedrecht","Sliedrecht","Zuid-Holland",false,51.827714,4.747688,"injury","2","clear",false,1,"GM0610"
"20240000326",2024,"Letsel",1,"Fiets",\N,"Onbekend","Rechte weg",30,"Niet brandend","Daglicht","Droog",\N,"600707901","Koninginnelaan","Terneuzen","Terneuzen","Zeeland",false,51.334499,3.841573,"injury","2","clear",false,1,"GM0715"
"20240024146",2024,"Uitsluitend materiele schade",2,"Personenauto","Fiets","Onbekend","Rechte weg",50,"Niet brandend","Daglicht","Droog",\N,"305139041","Kennedylaan","Bergeijk","Bergeijk","Noord-Brabant",false,51.315705,5.352932,"material damage only","4","clear",false,1,"GM1724"
"20240153556",2024,"Letsel",2,"Personenauto","Fiets","Flank",\N,30,"Niet brandend","Daglicht","Droog",\N,"218424016","Kennemerstraatweg","Heiloo","Heiloo","Noord-Holland",false,52.59647,4.708521,"injury","2","clear",false,1,"GM0399"
"20230108086",2023,"Uitsluitend materiele schade",2,"Personenauto","Fiets","Flank","Kruispunt, 3 takken",50,"Niet brandend","Daglicht","Droog",\N,\N,"Frankenburgsingel","Hoofddorp","Haarlemmermeer","Noord-Holland",false,52.304149,4.661799,"material damage only","4","clear",false,1,"GM0394"
"20230109831",2023,"Letsel",1,"Fiets",\N,"Eenzijdig","Rechte weg",30,"Brandend","Daglicht","Droog",\N,"304212001","Nieuwstraat","Sint-Michielsgestel","Sint-Michielsgestel","Noord-Brabant",false,51.6451,5.352095,"injury","2","clear",false,1,"GM0845"
"20230067513",2023,"Uitsluitend materiele schade",2,"Personenauto","Fiets","Flank","Rechte weg",30,"Brandend","Duisternis","Droog",\N,"242370096","Eerste Jan Steenstraat","Amsterdam","Amsterdam","Noord-Holland",false,52.354275,4.89217,"material damage only","4","clear",false,1,"GM0363"
"20230067764",2023,"Uitsluitend materiele schade",2,"Personenauto","Fiets","Flank","Kruispunt, 4 takken",50,"Niet brandend","Daglicht","Droog",\N,\N,"Lijsterbesstraat","Enkhuizen","Enkhuizen","Noord-Holland",false,52.708574,5.278065,"material damage only","4","clear",false,1,"GM0388"
"20230013948",2023,"Uitsluitend materiele schade",2,"Snorfiets","Fiets","Kop/staart","Rechte weg",50,"Niet brandend","Daglicht","Droog",\N,"388331051","Arnhemseweg","Apeldoorn","Apeldoorn","Gelderland",false,52.175933,5.962007,"material damage only","4","clear",false,1,"GM0200"
"20230016249",2023,"Uitsluitend materiele schade",2,"Personenauto","Fiets","Flank","Kruispunt, 3 takken",50,"Niet aanwezig","Daglicht","Droog",\N,\N,"Middenweg","Nederhorst den Berg","Wijdemeren","Noord-Holland",false,52.248749,5.053497,"material damage only","4","clear",false,1,"GM1696"
"20240029471",2024,"Letsel",2,"Bromfiets","Fiets","Flank","Rechte weg",50,"Niet aanwezig","Daglicht","Regen",\N,"209321069","Prinses Irenelaan","Alphen aan den Rijn","Alphen aan den Rijn","Zuid-Holland",false,52.134453,4.654194,"injury","2","rain",false,1,"GM0484"
"20230036680",2023,"Uitsluitend materiele schade",2,"Motor","Fiets","Flank","Rechte weg",50,"Niet brandend","Daglicht","Droog",\N,"208360038","Fanny Blankers-Koenlaan","Hoofddorp","Haarlemmermeer","Noord-Holland",false,52.307394,4.640171,"material damage only","4","clear",false,1,"GM0394"
"20230067829",2023,"Letsel",2,"Personenauto","e-bike","Flank","Kruispunt, 3 takken",50,"Niet brandend","Daglicht","Droog",\N,\N,"Weg over Anna's Hoeve","Laren","Laren","Noord-Holland",false,52.220486,5.221032,"injury","2","clear",false,1,\N
"20230012848",2023,"Uitsluitend materiele schade",2,"Fiets","Personenauto","Flank","Rotonde",50,"Niet brandend","Daglicht","Droog",\N,\N,"Jan Th. Tooroplaan","Ede","Ede","Gelderland",false,52.024756,5.659834,"material damage only","4","clear",false,1,"GM0228"
"20230018574",2023,"Uitsluitend materiele schade",2,"Personenauto","Fiets","Onbekend","Rotonde",50,"Niet brandend","Daglicht","Droog",\N,\N,"Stormhoek","Zaandam","Zaanstad","Noord-Holland",false,52.427216,4.821276,"material damage only","4","clear",false,1,"GM0479"
"20230018603",2023,"Uitsluitend materiele schade",2,"Fiets","Bromfiets","Kop/staart","Rechte weg",50,"Niet brandend","Daglicht","Droog",\N,"600674686","FIETSPAD","Den Helder","Den Helder","Noord-Holland",false,52.939201,4.748101,"material damage only","4","clear",false,1,"GM0400"
"20240027848",2024,"Letsel",2,"Fiets","Personenauto","Flank","Rotonde",50,"Niet brandend","Daglicht","Droog",\N,\N,"Europaweg","Haarlem","Haarlem","Noord-Holland",false,52.355631,4.653109,"injury","2","clear",false,1,"GM0392"
"20240029618",2024,"Letsel",2,"Fiets","Bestelauto","Flank","Kruispunt, 4 takken",30,"Niet brandend","Daglicht","Regen",\N,\N,"Burgemeester Eliasstraat","Amsterdam","Amsterdam","Noord-Holland",false,52.380688,4.826887,"injury","2","rain",false,1,"GM0363"
"20230033655",2023,"Uitsluitend materiele schade",2,"Fiets","Personenauto","Flank","Rotonde",50,"Niet brandend","Daglicht","Droog",\N,\N,"Hertogsingel","Maastricht","Maastricht","Limburg",false,50.844877,5.681088,"material damage only","4","clear",false,1,"GM0935"
"20240030115",2024,"Letsel",2,"Personenauto","Fiets","Onbekend","Rechte weg",50,"Niet brandend","Daglicht","Droog",\N,"600371712","Toussaintkade","Leiden","Leiden","Zuid-Holland",false,52.155438,4.475531,"injury","2","clear",false,1,"GM0546"
"20240026090",2024,"Uitsluitend materiele schade",2,"Personenauto","e-bike","Flank","Rechte weg",30,"Niet brandend","Daglicht","Droog",\N,"600881360","Beckumerstraat","Enschede","Enschede","Overijssel",false,52.204184,6.790771,"material damage only","4","clear",false,1,"GM0153"
"20230016874",2023,"Letsel",2,"Personenauto","Fiets","Geparkeerd voertuig","Rechte weg",30,"Brandend","Duisternis","Droog",\N,"227366014","Pa Verkuijllaan","Badhoevedorp","Haarlemmermeer","Noord-Holland",false,52.336724,4.781349,"injury","2","clear",false,1,"GM0394"
"20230019793",2023,"Letsel",4,"Personenauto","Fiets","Onbekend","Rechte weg",60,"Niet brandend","Daglicht","Droog",\N,\N,"Oude Zeeweg","Nunspeet","Nunspeet","Gelderland",false,52.389774,5.768535,"injury","2","clear",false,1,"GM0302"
"20230023782",2023,"Letsel",2,"Fiets","Fiets","Flank","Rechte weg",30,"Niet brandend","Daglicht","Droog",\N,"600622237","Zuidwal","Delft","Delft","Zuid-Holland",false,52.005852,4.36121,"injury","2","clear",false,1,"GM0503"
"20240027861",2024,"Letsel",1,"Fiets",\N,"Eenzijdig","Rechte weg",30,"Niet brandend","Daglicht","Droog","Brug/viaduct","600659720","FIETSPAD","Nieuw-Vennep","Haarlemmermeer","Noord-Holland",false,52.27228,4.619364,"injury","2","clear",false,1,"GM0394"
"20230030127",2023,"Letsel",2,"Fiets","Fiets","Onbekend","Rechte weg",50,"Brandend","Duisternis","Droog",\N,"180346088","Quarles van Uffordstraat","Noordwijk","Noordwijk","Zuid-Holland",false,52.244985,4.439791,"injury","2","clear",false,1,"GM0575"
"20240030118",2024,"Letsel",1,"Fiets",\N,"Onbekend","Rechte weg",30,"Brandend","Duisternis","Regen",\N,"162309053","Grote Marktstraat","'s-Gravenhage","'s-Gravenhage","Zuid-Holland",false,52.076585,4.312075,"injury","2","rain",false,1,"GM0518"
"20230067060",2023,"Uitsluitend materiele schade",2,"Personenauto","Fiets","Flank","Kruispunt, 3 takken",50,"Niet brandend","Daglicht","Droog",\N,\N,"Klimopweg","Amsterdam","Amsterdam","Noord-Holland",false,52.39974,4.909188,"material damage only","4","clear",false,1,"GM0363"
"20230067077",2023,"Letsel",2,"Snorfiets","Fiets","Flank","Kruispunt, 4 takken",50,"Niet brandend","Daglicht","Droog",\N,\N,"De Glazenmaker","Koog aan de Zaan","Zaanstad","Noord-Holland",false,52.461474,4.802594,"injury","2","clear",false,1,"GM0479"
"20240030466",2024,"Uitsluitend materiele schade",1,"Fiets",\N,"Onbekend","Rechte weg",50,"Niet brandend","Daglicht",\N,\N,"600488496","Oranjeboomstraat","Leiden","Leiden","Zuid-Holland",false,52.154399,4.494798,"material damage only","4","unknown",false,1,"GM0546"
"20230067892",2023,"Uitsluitend materiele schade",2,"Personenauto","Fiets","Flank","Rechte weg",30,"Brandend","Duisternis","Droog",\N,"272312055","Lange Viestraat","Utrecht","Utrecht","Utrecht",false,52.093247,5.115667,"material damage only","4","clear",false,1,"GM0344"
"20230075570",2023,"Letsel",2,"Bestelauto","Fiets","Frontaal","Rechte weg",30,"Niet brandend","Daglicht","Droog",\N,"231527014","Duykerdam","Den Burg","Texel","Noord-Holland",false,53.058421,4.804925,"injury","2","clear",false,1,"GM0448"
"20240025741",2024,"Letsel",2,"Personenauto","Fiets","Flank","Kruispunt, 4 takken",50,"Niet brandend","Daglicht","Droog",\N,\N,"Gronausestraat","Enschede","Enschede","Overijssel",false,52.215243,6.974256,"injury","2","clear",false,1,"GM0153"
"20230014050",2023,"Letsel",2,"Personenauto","e-bike","Flank","Kruispunt, 3 takken",60,"Niet aanwezig","Daglicht","Droog",\N,\N,"Meijerinkstraat","Eefde","Lochem","Gelderland",false,52.164526,6.216877,"injury","2","clear",false,1,"GM0262"
"20230016373",2023,"Uitsluitend materiele schade",2,"Personenauto","Fiets","Onbekend","Kruispunt, 3 takken",30,"Niet brandend","Daglicht","Droog",\N,\N,"Stationsplein","Driebergen-Rijsenburg","Utrechtse Heuvelrug","Utrecht",false,52.064928,5.261429,"material damage only","4","clear",false,1,"GM1581"
"20230025012",2023,"Letsel",3,"Personenauto","e-bike","Vast voorwerp","Kruispunt, 3 takken",50,"Niet aanwezig","Daglicht","Droog",\N,\N,"Standerdmolen","Puttershoek","Hoeksche Waard","Zuid-Holland",false,51.800902,4.563777,"injury","2","clear",false,1,"GM1963"