"accident_id","year","severity_raw","party_count","party1_type","party2_type","accident_type","road_situation","speed_limit_kmh","road_lighting","light_condition_label","weather_raw","infra_type","road_segment_id","street_name","place_name","gemeente_name_raw","province","alcohol_indicated","latitude","longitude","severity_label","severity_code","weather_label","built_up_area","cyclists_involved","gemeente_code"
"20240035424",2024,"Letsel",2,"Bestelauto","Fiets","Flank","Kruispunt, 3 takken",50,"Niet brandend","Daglicht","Droog",\N,\N,"Oenerweg","Epe","Epe","Gelderland",false,52.346241,5.999403,"injury","2","clear",false,1,"GM0232"
"20240040229",2024,"Letsel",2,"Personenauto","Fiets","Frontaal","Kruispunt, 4 takken",30,"Niet brandend","Daglicht","Droog",\N,\N,"Gv Juliana v Stolbergln","Leidschendam","Leidschendam-Voorburg","Zuid-Holland",false,52.096896,4.404338,"injury","2","clear",false,1,"GM1916"
"20240037951",2024,"Uitsluitend materiele schade",1,"Fiets",\N,"Onbekend","Rechte weg",\N,"Niet brandend","Daglicht","Droog",\N,"285309001","Brugakker","Zeist","Zeist","Utrecht",false,52.082564,5.212169,"material damage only","4","clear",false,1,"GM0355"
"20240040242",2024,"Uitsluitend materiele schade",2,"Personenauto","Fiets","Flank","Kruispunt, 3 takken",30,"Niet brandend","Daglicht","Regen",\N,\N,"Os en Paardenlaan","Leiden","Leiden","Zuid-Holland",false,52.163337,4.504713,"material damage only","4","rain",false,1,"GM0546"
"20240048187",2024,"Letsel",1,"Fiets",\N,"Onbekend",\N,50,\N,"Daglicht",\N,\N,"600922983","Van Sijpesteijntunnel","Utrecht","Utrecht","Utrecht",false,52.091711,5.10878,"injury","2","unknown",false,1,"GM0344"
"20240050614",2024,"Uitsluitend materiele schade",2,"Personenauto","Fiets","Frontaal","Rechte weg",50,"Niet brandend","Daglicht","Droog",\N,"161310101","Vondelstraat","'s-Gravenhage","'s-Gravenhage","Zuid-Holland",false,52.080346,4.301361,"material damage only","4","clear",false,1,"GM0518"
"20240050638",2024,"Letsel",2,"Fiets","Personenauto","Geparkeerd voertuig","Rechte weg",30,"Brandend","Duisternis","Droog",\N,"176324027","Fabritiuslaan","Wassenaar","Wassenaar","Zuid-Holland",false,52.143528,4.409664,"injury","2","clear",false,1,"GM0629"
"20240078821",2024,"Letsel",1,"Fiets",\N,"Onbekend","Rechte weg",30,"Niet brandend","Daglicht","Regen",\N,"600446428","Haringkade","'s-Gravenhage","'s-Gravenhage","Zuid-Holland",false,52.102331,4.291639,"injury","2","rain",false,1,"GM0518"
"20240076770",2024,"Letsel",1,"Fiets",\N,"Eenzijdig","Rechte weg",30,"Niet brandend","Daglicht","Droog",\N,\N,"Zuidtangent","Heerhugowaard","Dijk en Waard","Noord-Holland",false,52.661073,4.835263,"injury","2","clear",false,1,"GM1980"
"20240033334",2024,"Letsel",2,"Personenauto","Fiets","Onbekend","Bocht",30,"Niet brandend","Daglicht","Regen",\N,"600374248","Anjerstraat","Beek en Donk","Laarbeek","Noord-Brabant",false,51.527559,5.636772,"injury","2","rain",false,1,"GM1659"
"20240081213",2024,"Letsel",1,"Fiets",\N,"Onbekend",\N,50,\N,"Daglicht",\N,\N,"601041650","Teylingerdreef","Voorhout","Teylingen","Zuid-Holland",false,52.219077,4.495607,"injury","2","unknown",false,1,"GM1525"
"20240033996",2024,"Uitsluitend materiele schade",1,"Fiets",\N,"Onbekend","Bocht",30,"Niet brandend","Daglicht","Droog",\N,"311158001","Dreefpad","Veldhoven","Veldhoven","Noord-Brabant",false,51.402888,5.399261,"material damage only","4","clear",false,1,"GM0861"
"20230091048",2023,"Uitsluitend materiele schade",2,"Fiets","Fiets","Onbekend","Rechte weg",60,"Niet brandend","Daglicht","Droog",\N,"600806074","Opwettenseweg","Nuenen","Nuenen, Gerwen en Nederwetten","Noord-Brabant",false,51.460168,5.529595,"material damage only","4","clear",false,1,"GM0820"
"20230094549",2023,"Uitsluitend materiele schade",2,"Fiets","Bestelauto","Flank","Rechte weg",80,"Niet brandend","Daglicht","Droog",\N,"428347001","Spitdijk","Deventer","Deventer","Overijssel",false,52.249449,6.259939,"material damage only","4","clear",false,1,"GM0150"
"20230098647",2023,"Uitsluitend materiele schade",1,"Fiets",\N,"Frontaal","Rechte weg",50,"Niet brandend","Daglicht","Droog",\N,"326164095","Hugo van der Goeslaan","Eindhoven","Eindhoven","Noord-Brabant",false,51.431265,5.502871,"material damage only","4","clear",false,1,"GM0772"
"20230099979",2023,"Letsel",2,"Fiets","Fiets","Onbekend","Rechte weg",50,"Niet brandend","Daglicht","Droog","Brug/viaduct","600569942","FIETSPAD","Maastricht","Maastricht","Limburg",false,50.841301,5.70146,"injury","2","clear",false,1,"GM0935"
"20230081133",2023,"Letsel",1,"Fiets",\N,"Eenzijdig","Rechte weg",30,"Niet brandend","Daglicht","Droog",\N,"275176026","Diessenseweg","Hilvarenbeek","Hilvarenbeek","Noord-Brabant",false,51.484289,5.137601,"injury","2","clear",false,1,"GM0798"
"20230081134",2023,"Letsel",2,"Bromfiets","Fiets","Flank","Rotonde",50,"Niet brandend","Daglicht","Droog",\N,\N,"Strijenstraat","Oosterhout","Oosterhout","Noord-Brabant",false,51.647847,4.860335,"injury","2","clear",false,1,"GM0826"
"20230086365",2023,"Letsel",1,"e-bike",\N,"Eenzijdig","Bocht",100,"Niet brandend","Daglicht","Droog",\N,"162306179","Parallelweg","'s-Gravenhage","'s-Gravenhage","Zuid-Holland",false,52.064142,4.312228,"injury","2","clear",false,1,"GM0518"
"20230091085",2023,"Uitsluitend materiele schade",2,"Personenauto","e-bike","Flank","Rotonde",50,"Niet brandend","Daglicht","Droog",\N,\N,"Sloterbeekstraat","Venlo","Venlo","Limburg",false,51.364953,6.167997,"material damage only","4","clear",false,1,"GM0983"
"20230100012",2023,"Uitsluitend materiele schade",2,"Personenauto","Fiets","Flank","Kruispunt, 4 takken",50,"Niet brandend","Daglicht","Droog",\N,\N,"Dr Berlagelaan","Eindhoven","Eindhoven","Noord-Brabant",false,51.463907,5.459571,"material damage only","4","clear",false,1,"GM0772"
"20230096345",2023,"Uitsluitend materiele schade",2,"Vrachtauto","Fiets","Kop/staart","Rechte weg",60,"Brandend","Duisternis","Droog",\N,"238297123","Hekendorperweg","Oudewater","Oudewater","Utrecht",false,52.024553,4.864907,"material damage only","4","clear",false,1,"GM0589"
"20230103060",2023,"Letsel",2,"Personenauto","Fiets","Flank","Kruispunt, 4 takken",50,"Brandend","Duisternis","Droog",\N,\N,"Cornelis Lelylaan","Amsterdam","Amsterdam","Noord-Holland",false,52.357805,4.8186,"injury","2","clear",false,1,"GM0363"
"20230103061",2023,"Letsel",2,"Personenauto","Fiets","Flank","Rotonde",50,"Brandend","Schemer","Regen",\N,\N,"Lange Voort","Oegstgeest","Oegstgeest","Zuid-Holland",false,52.183533,4.485017,"injury","2","rain",false,1,"GM0579"
"20230105483",2023,"Letsel",2,"Personenauto","e-bike","Flank","Kruispunt, 4 takken",30,"Niet brandend","Daglicht","Regen",\N,\N,"Beethovenlaan","Hengelo","Hengelo (O)","Overijssel",false,52.266922,6.809641,"injury","2","rain",false,1,\N
"20230106583",2023,"Letsel",2,"Fiets","Dier","Dier","Rechte weg",\N,"Brandend","Duisternis","Droog",\N,"600740303","Burgemeester Jansenlaan","Zwijndrecht","Zwijndrecht","Zuid-Holland",false,51.821672,4.639023,"injury","2","clear",false,1,"GM0642"
"20230081214",2023,"Uitsluitend materiele schade",2,"Fiets","Fiets","Kop/staart","Kruispunt, 3 takken",30,"Niet brandend","Daglicht","Droog",\N,\N,"Rechterstraat","Boxtel","Boxtel","Noord-Brabant",false,51.587689,5.327306,"material damage only","4","clear",false,1,"GM0757"
"20230084709",2023,"Letsel",2,"Personenauto","Fiets","Flank","Kruispunt, 4 takken",30,"Brandend","Schemer","Droog",\N,\N,"Daalsesingel","Utrecht","Utrecht","Utrecht",true,52.092932,5.111327,"injury","2","clear",false,1,"GM0344"
"20230089943",2023,"Letsel",1,"Fiets",\N,"Eenzijdig","Rechte weg",30,"Brandend","Duisternis","Regen",\N,"187327109","Breestraat","Leiden","Leiden","Zuid-Holland",false,52.158152,4.490381,"injury","2","rain",false,1,"GM0546"
"20230091753",2023,"Uitsluitend materiele schade",2,"Personenauto","Fiets","Flank","Rechte weg",30,"Niet brandend","Daglicht","Droog",\N,"600792253","Munselse Hoeve","Boxtel","Boxtel","Noord-Brabant",false,51.593471,5.338465,"material damage only","4","clear",false,1,"GM0757"
"20230094083",2023,"Uitsluitend materiele schade",2,"Personenauto","Fiets","Flank","Rotonde",50,"Niet brandend","Daglicht","Droog",\N,\N,"Jachtlaan","Apeldoorn","Apeldoorn","Gelderland",false,52.204482,5.941489,"material damage only","4","clear",false,1,"GM0200"
"20230094678",2023,"Letsel",2,"Personenauto","Fiets","Frontaal","Kruispunt, 4 takken",30,"Niet aanwezig","Daglicht","Droog",\N,\N,"Laan van Angerenstein","Arnhem","Arnhem","Gelderland",false,51.992055,5.93749,"injury","2","clear",false,1,"GM0202"
"20230096967",2023,"Uitsluitend materiele schade",2,"Personenauto","Fiets","Flank","Kruispunt, 4 takken",50,"Niet brandend","Daglicht","Droog",\N,\N,"Jan van Galenstraat","Amsterdam","Amsterdam","Noord-Holland",false,52.37312,4.834775,"material damage only","4","clear",false,1,"GM0363"
"20230097538",2023,"Uitsluitend materiele schade",2,"e-bike","Voetganger","Voetganger","Kruispunt, 3 takken",30,"Brandend","Schemer","Droog",\N,\N,"Leidseplein","Amsterdam","Amsterdam","Noord-Holland",false,52.363443,4.881418,"material damage only","4","clear",false,1,"GM0363"
"20230105225",2023,"Uitsluitend materiele schade",2,"Fiets","Personenauto","Flank","Rotonde",30,"Brandend","Duisternis","Droog",\N,\N,"Stationslaan","Harderwijk","Harderwijk","Gelderland",false,52.341163,5.62008,"material damage only","4","clear",false,1,"GM0243"
"20230079470",2023,"Uitsluitend materiele schade",2,"Bestelauto","Fiets","Frontaal","Kruispunt, 3 takken",60,"Niet brandend","Daglicht","Droog",\N,\N,"Vinkelsestraat","Vinkel","Bernheze","Noord-Brabant",false,51.708736,5.500749,"material damage only","4","clear",false,1,"GM1721"
"20230082998",2023,"Letsel",2,"Motor","Fiets","Flank","Kruispunt, 4 takken",60,"Niet brandend","Daglicht","Droog",\N,\N,"Hagenweg","Dalfsen","Dalfsen","Overijssel",false,52.468598,6.201294,"injury","2","clear",false,1,"GM0148"
"20230084755",2023,"Letsel",2,"Bestelauto","Fiets","Eenzijdig","Rechte weg",60,"Niet brandend","Daglicht","Droog",\N,"241308029","Kromwijkerdijk","Woerden","Woerden","Utrecht",false,52.073769,4.892989,"injury","2","clear",false,1,"GM0632"
"20230083614",2023,"Letsel",2,"Personenauto","Fiets","Flank","Kruispunt, 3 takken",50,"Niet brandend","Daglicht","Droog",\N,\N,"Nieuweweg","Oostwold","Oldambt","Groningen",false,53.176405,7.061205,"injury","2","clear",false,1,"GM1895"
"20230084780",2023,"Uitsluitend materiele schade",2,"Personenauto","e-bike","Flank","Rotonde",50,"Niet brandend","Daglicht","Droog",\N,\N,"Eemlaan","Zwolle","Zwolle","Overijssel",false,52.529132,6.100218,"material damage only","4","clear",false,1,"GM0193"
"20230091832",2023,"Uitsluitend materiele schade",1,"Fiets",\N,"Onbekend","Rechte weg",50,"Niet brandend","Daglicht","Droog",\N,"600508121","Wollenbergstraat","Waalre","Waalre","Noord-Brabant",false,51.384629,5.448593,"material damage only","4","clear",false,1,"GM0866"
"20230097640",2023,"Letsel",2,"Personenauto","e-bike","Flank","Rotonde",50,"Niet aanwezig","Daglicht","Droog",\N,\N,"Hoornseweg","Wognum","Medemblik","Noord-Holland",false,52.680972,5.031449,"injury","2","clear",false,1,"GM0420"
"20230098215",2023,"Letsel",2,"Personenauto","Fiets","Flank","Bocht",30,"Niet brandend","Daglicht","Droog",\N,"222431028","Kennemerstraatweg","Alkmaar","Alkmaar","Noord-Holland",false,52.629132,4.742206,"injury","2","clear",false,1,"GM0361"
"20230105311",2023,"Letsel",1,"Fiets",\N,"Eenzijdig","Rechte weg",50,"Niet brandend","Schemer","Droog",\N,"600856569","Herman Boerhaavelaan","Deventer","Deventer","Overijssel",false,52.266673,6.171808,"injury","2","clear",false,1,"GM0150"
"20230093040",2023,"Uitsluitend materiele schade",2,"Fiets","Bestelauto","Flank","Kruispunt, 3 takken",50,"Niet brandend","Daglicht","Droog",\N,\N,"Willemsplein","Arnhem","Arnhem","Gelderland",false,51.983977,5.905783,"material damage only","4","clear",false,1,"GM0202"
"20230095367",2023,"Letsel",2,"Bromfiets","Fiets","Flank","Kruispunt, 4 takken",50,"Brandend","Duisternis","Droog",\N,\N,"Leidsevaart","Haarlem","Haarlem","Noord-Holland",false,52.37787,4.624385,"injury","2","clear",false,1,"GM0392"
"20230096514",2023,"Uitsluitend materiele schade",3,"Personenauto","e-bike","Onbekend","Kruispunt, 4 takken",30,"Niet brandend","Daglicht",\N,\N,\N,"Bavoortseweg","Leusden","Leusden","Utrecht",false,52.12602,5.413137,"material damage only","4","unknown",false,1,"GM0327"
"20230096520",2023,"Uitsluitend materiele schade",2,"Personenauto","Fiets","Flank","Kruispunt, 4 takken",50,"Brandend","Duisternis","Regen",\N,\N,"Beatrixpad","Almere","Almere","Flevoland",false,52.3721,5.206246,"material damage only","4","rain",false,1,"GM0034"
"20230107181",2023,"Letsel",2,"Personenauto","Fiets","Flank","Kruispunt, 4 takken",50,"Niet brandend","Daglicht","Droog",\N,\N,"Middelsluissedijk WZ","Numansdorp","Hoeksche Waard","Zuid-Holland",false,51.740732,4.439881,"injury","2","clear",false,1,"GM1963"
"20230094247",2023,"Uitsluitend materiele schade",2,"Personenauto","Fiets","Flank","Kruispunt, 3 takken",50,"Niet aanwezig","Daglicht","Droog",\N,\N,"Emmerikseweg","Zutphen","Zutphen","Gelderland",false,52.123351,6.19916,"material damage only","4","clear",false,1,"GM0301"
"20230106382",2023,"Letsel",2,"Fiets","Personenauto","Frontaal","Kruispunt, 3 takken",50,"Brandend","Duisternis","Droog",\N,\N,"Walenburgerweg","Rotterdam","Rotterdam","Zuid-Holland",false,51.929011,4.467085,"injury","2","clear",false,1,"GM0599"
"20230083771",2023,"Letsel",5,\N,"Fiets","Eenzijdig","Rechte weg",60,"Niet aanwezig","Daglicht","Droog",\N,"497586010","Stadsweg","Wirdum","Eemsdelta","Groningen",false,53.315632,6.800279,"injury","2","clear",false,1,"GM1979"
"20230086655",2023,"Letsel",1,"Fiets",\N,"Eenzijdig","Rechte weg",\N,"Brandend","Duisternis","Droog",\N,"168306009","Westeinde","Voorburg","Leidschendam-Voorburg","Zuid-Holland",false,52.064654,4.3588,"injury","2","clear",false,1,"GM1916"
"20230098952",2023,"Uitsluitend materiele schade",2,"Personenauto","Fiets","Flank","Kruispunt, 3 takken",50,"Niet brandend","Daglicht","Regen",\N,\N,"Oxfordstraat","Sittard","Sittard-Geleen","Limburg",false,50.996645,5.896044,"material damage only","4","rain",false,1,"GM1883"
"20230081457",2023,"Letsel",1,"Fiets",\N,"Eenzijdig","Rotonde",30,"Niet brandend","Daglicht","Droog",\N,\N,"Achterberghstraat","Boxtel","Boxtel","Noord-Brabant",false,51.596112,5.316318,"injury","2","clear",false,1,"GM0757"
"20230092602",2023,"Letsel",2,"Personenauto","Fiets","Onbekend","Kruispunt, 3 takken",50,"Niet brandend","Daglicht","Droog",\N,\N,"van der Helmstraat","Eindhoven","Eindhoven","Noord-Brabant",false,51.459598,5.464831,"injury","2","clear",false,1,"GM0772"
"20230093764",2023,"Letsel",2,"Fiets","Fiets","Frontaal","Rotonde",30,"Niet brandend","Daglicht","Droog",\N,\N,"De Wittenhagen","Harderwijk","Harderwijk","Gelderland",false,52.336136,5.63496,"injury","2","clear",false,1,"GM0243"
"20230096052",2023,"Uitsluitend materiele schade",2,"Fiets","Fiets","Frontaal","Rechte weg",30,"Niet brandend","Daglicht","Droog",\N,"353409073","Krabbelaarspad","Dronten","Dronten","Flevoland",false,52.529196,5.707525,"material damage only","4","clear",false,1,"GM0303"
"20230103889",2023,"Letsel",2,"Personenauto","Fiets","Frontaal","Kruispunt, 4 takken",30,"Niet brandend","Schemer","Droog",\N,\N,"Elkingeslag","Emmen","Emmen","Drenthe",false,52.782458,6.931008,"injury","2","clear",false,1,"GM0114"
"20230087917",2023,"Uitsluitend materiele schade",2,"Motor","Fiets","Flank","Kruispunt, 4 takken",50,"Niet brandend","Daglicht","Droog",\N,\N,"Ceintuurbaan","Amsterdam","Amsterdam","Noord-Holland",false,52.352234,4.886287,"material damage only","4","clear",false,1,"GM0363"
"20230093216",2023,"Letsel",2,"Fiets","Fiets","Kop/staart","Rechte weg",50,"Brandend","Duisternis","Droog",\N,"600611293","Korreweg","Groningen","Groningen","Groningen",false,53.228107,6.564132,"injury","2","clear",false,1,"GM0014"
"20230093807",2023,"Uitsluitend materiele schade",2,"Bestelauto","Fiets","Flank","Rotonde",50,"Niet brandend","Schemer","Regen",\N,\N,"Van Coesfeldstraat","Arnhem","Arnhem","Gelderland",false,51.993638,5.928106,"material damage only","4","rain",false,1,"GM0202"
"20230097259",2023,"Letsel",2,"Personenauto","Fiets","Flank","Kruispunt, 4 takken",80,"Niet brandend","Daglicht","Droog",\N,\N,"Hartweg","Zijdewind","Hollands Kroon","Noord-Holland",false,52.743951,4.83983,"injury","2","clear",false,1,"GM1911"
"20230097853",2023,"Uitsluitend materiele schade",2,"Personenauto","Fiets","Flank","Kruispunt, 3 takken",50,"Niet brandend","Daglicht","Droog",\N,\N,"Stationsweg","Alkmaar","Alkmaar","Noord-Holland",false,52.63777,4.745665,"material damage only","4","clear",false,1,"GM0361"
"20230101995",2023,"Letsel",2,"Fiets","Fiets","Onbekend","Rechte weg",50,"Brandend","Schemer","Regen",\N,"158309071","Beeklaan","'s-Gravenhage","'s-Gravenhage","Zuid-Holland",false,52.074546,4.280814,"injury","2","rain",false,1,"GM0518"
"20230102870",2023,"Letsel",3,"Bromfiets","Fiets","Kop/staart","Rechte weg",30,"Niet brandend","Daglicht","Droog",\N,"182328046","Haagse Schouwweg","Leiden","Leiden","Zuid-Holland",false,52.164008,4.456788,"injury","2","clear",false,1,"GM0546"
"20230085034",2023,"Uitsluitend materiele schade",2,"Personenauto","Fiets","Flank","Rotonde",30,"Niet brandend","Daglicht","Regen",\N,\N,"Philosofenallee","Zwolle","Zwolle","Overijssel",false,52.514534,6.108982,"material damage only","4","rain",false,1,"GM0193"
"20230087943",2023,"Letsel",2,"Personenauto","Fiets","Flank","Kruispunt, 4 takken",30,"Brandend","Duisternis","Droog",\N,\N,"Velserweg","Amsterdam","Amsterdam","Noord-Holland",false,52.386232,4.845302,"injury","2","clear",false,1,"GM0363"
"20230097298",2023,"Uitsluitend materiele schade",2,"Bromfiets","Fiets","Flank","Kruispunt, 4 takken",50,"Niet brandend","Daglicht","Regen",\N,\N,"0259 BRUG","Amsterdam","Amsterdam","Noord-Holland",false,52.365528,4.910933,"material damage only","4","rain",false,1,"GM0363"
"20230102450",2023,"Letsel",1,"Fiets",\N,"Eenzijdig","Rechte weg",30,"Brandend","Schemer","Droog",\N,\N,"Hofstraat","Hillegom","Hillegom","Zuid-Holland",false,52.292412,4.578646,"injury","2","clear",false,1,"GM0534"
"20230087965",2023,"Uitsluitend materiele schade",3,"Fiets","Personenauto","Onbekend","Rechte weg",50,"Niet brandend","Daglicht","Droog",\N,"242369049","Ferdinand Bolstraat","Amsterdam","Amsterdam","Noord-Holland",false,52.351235,4.891403,"material damage only","4","clear",false,1,"GM0363"
"20230087996",2023,"Uitsluitend materiele schade",2,"Personenauto","Fiets","Flank","Kruispunt, 4 takken",50,"Niet brandend","Daglicht","Regen",\N,\N,"Zandvoortselaan","Heemstede","Heemstede","Noord-Holland",false,52.358879,4.616543,"material damage only","4","rain",false,1,"GM0397"
"20230092703",2023,"Letsel",2,"Fiets","Fiets","Onbekend","Rechte weg",50,"Niet brandend","Daglicht","Droog",\N,"344233039","Hofse Hoeve","Schaijk","Maashorst","Noord-Brabant",false,51.740103,5.63662,"injury","2","clear",false,1,"GM1991"
"20230095629",2023,"Uitsluitend materiele schade",2,"Personenauto","Fiets","Flank","Rotonde",50,"Brandend","Duisternis","Regen",\N,\N,"Molenvlietbaan","Woerden","Woerden","Utrecht",false,52.081508,4.868192,"material damage only","4","rain",false,1,"GM0632"
"20230096203",2023,"Letsel",2,"Personenauto","Fiets","Flank","Kruispunt, 4 takken",50,"Niet brandend","Daglicht","Regen",\N,\N,"Biltse Rading","De Bilt","De Bilt","Utrecht",false,52.111173,5.173097,"injury","2","rain",false,1,"GM0310"
"20230083406",2023,"Uitsluitend materiele schade",2,"Bromfiets","e-bike","Flank","Kruispunt, 3 takken",30,"Niet brandend","Daglicht","Droog",\N,\N,"Peizerweg","Groningen","Groningen","Groningen",false,53.212039,6.555424,"material damage only","4","clear",false,1,"GM0014"
"20230086887",2023,"Letsel",2,"Fiets","Fiets","Frontaal","Rechte weg",\N,"Brandend","Duisternis","Droog",\N,"171310061","Veurselaan","Voorburg","Leidschendam-Voorburg","Zuid-Holland",false,52.081136,4.379609,"injury","2","clear",false,1,"GM1916"
"20230094506",2023,"Uitsluitend materiele schade",2,"Personenauto","Fiets","Flank","Rotonde",50,"Niet aanwezig","Daglicht","Regen",\N,\N,"Arnhemsestraatweg","Velp","Rheden","Gelderland",false,51.996133,5.963162,"material damage only","4","rain",false,1,"GM0275"
"20230082305",2023,"Uitsluitend materiele schade",2,"Bestelauto","Fiets","Flank","Kruispunt, 4 takken",50,"Niet brandend","Daglicht","Droog",\N,\N,"Groot Bollerweg","Venlo","Venlo","Limburg",false,51.381541,6.140974,"material damage only","4","clear",false,1,"GM0983"
"20230088109",2023,"Letsel",2,"Personenauto","Fiets","Flank","Kruispunt, 3 takken",50,"Niet brandend","Daglicht","Droog",\N,\N,"De Cuserstraat","Amsterdam","Amsterdam","Noord-Holland",false,52.323572,4.857737,"injury","2","clear",false,1,"GM0363"
"20220004211",2022,"Letsel",1,"Fiets",\N,"Eenzijdig","Kruispunt, 3 takken",50,"Niet brandend","Daglicht",\N,\N,\N,"Debbeshoek","Ulft","Oude IJsselstreek","Gelderland",false,51.892184,6.377959,"injury","2","unknown",false,1,"GM1509"
"20230062209",2023,"Uitsluitend materiele schade",3,"Fiets","Fiets","Onbekend","Rechte weg",50,"Niet brandend","Daglicht","Droog",\N,"367055079","Kloostersteeg","Beek","Beek","Limburg",false,50.937581,5.793216,"material damage only","4","clear",false,1,\N
"20220005443",2022,"Letsel",2,"Fiets","Overig vast object","Vast voorwerp","Rechte weg",15,"Niet brandend","Daglicht","Droog",\N,"339362021","Zwartepad","Harderwijk","Harderwijk","Gelderland",false,52.318814,5.602044,"injury","2","clear",false,1,"GM0243"
"20220126628",2022,"Letsel",2,"Fiets","Personenauto","Flank","Kruispunt, 4 takken",50,"Niet brandend","Daglicht","Regen",\N,\N,"Aïdaschouw","Zoetermeer","Zoetermeer","Zuid-Holland",false,52.065428,4.490641,"injury","2","rain",false,1,"GM0637"
"20220099925",2022,"Letsel",2,"Bromfiets","Fiets","Frontaal","Rotonde",\N,"Niet brandend","Daglicht","Droog",\N,\N,"Leyenseweg","Bilthoven","De Bilt","Utrecht",false,52.128733,5.191644,"injury","2","clear",false,1,"GM0310"
"20220009022",2022,"Uitsluitend materiele schade",2,"Personenauto","Fiets","Onbekend","Kruispunt, 4 takken",30,"Niet brandend","Daglicht","Droog",\N,\N,"Bartokweg","Almere","Almere","Flevoland",false,52.366842,5.189685,"material damage only","4","clear",false,1,"GM0034"
"20230000628",2023,"Dodelijk",1,"Fiets",\N,"Eenzijdig",\N,50,\N,"Duisternis",\N,\N,"600965613","De Ruyterlaan","Enschede","Enschede","Overijssel",false,52.222307,6.887395,"fatal","1","unknown",false,1,"GM0153"
"20220081353",2022,"Uitsluitend materiele schade",2,"Personenauto","Fiets","Kop/staart","Rechte weg",50,"Brandend","Duisternis","Droog","Bus-/Tramhalte","240368098","Stadionweg","Amsterdam","Amsterdam","Noord-Holland",false,52.346825,4.874,"material damage only","4","clear",false,1,"GM0363"
"20220083582",2022,"Letsel",2,"Fiets","Overig vast object","Vast voorwerp","Kruispunt, 4 takken",50,"Niet brandend","Daglicht","Droog",\N,\N,"Laan van Hoornwijck","'s-Gravenhage","'s-Gravenhage","Zuid-Holland",false,52.042416,4.364576,"injury","2","clear",false,1,"GM0518"
"20220085955",2022,"Uitsluitend materiele schade",2,"Bestelauto","Fiets","Onbekend","Kruispunt, 4 takken",50,"Niet brandend","Daglicht","Droog",\N,\N,"Oostmolenwerf","Rotterdam","Rotterdam","Zuid-Holland",false,51.922394,4.496954,"material damage only","4","clear",false,1,"GM0599"
"20220044721",2022,"Letsel",2,"Fiets","Fiets","Kop/staart","Rechte weg",50,"Niet aanwezig","Daglicht","Droog",\N,"412396004","Aalvangersweg","Zwolle","Zwolle","Overijssel",false,52.468445,6.14248,"injury","2","clear",false,1,"GM0193"
"20220071556",2022,"Letsel",2,"Fiets","Fiets","Flank","Bocht",60,"Niet aanwezig","Duisternis","Droog",\N,"600857405","Abbendijk","Nijeberkoop","Ooststellingwerf","Friesland",false,52.957811,6.208639,"injury","2","clear",false,1,"GM0085"
"20220080607",2022,"Uitsluitend materiele schade",2,"Personenauto","Fiets","Flank","Rechte weg",30,"Niet brandend","Daglicht","Droog",\N,"244368047","Hunzestraat","Amsterdam","Amsterdam","Noord-Holland",false,52.344335,4.904904,"material damage only","4","clear",false,1,"GM0363"
"20220080636",2022,"Letsel",1,"Fiets",\N,"Eenzijdig",\N,30,\N,"Daglicht",\N,\N,"600389667","Parnassusweg","Amsterdam","Amsterdam","Noord-Holland",false,52.343145,4.867851,"injury","2","unknown",false,1,"GM0363"
"20220089196",2022,"Uitsluitend materiele schade",2,"Personenauto","Fiets","Flank","Kruispunt, 4 takken",30,"Niet brandend","Daglicht","Droog",\N,\N,"Aartshertogenlaan","'s-Hertogenbosch","'s-Hertogenbosch","Noord-Brabant",false,51.699234,5.305225,"material damage only","4","clear",false,1,"GM0796"
"20220089265",2022,"Uitsluitend materiele schade",2,"Fiets","Bromfiets","Kop/staart","Rechte weg",30,"Niet brandend","Daglicht","Droog",\N,"600896294","Kasteel-Traverse","Helmond","Helmond","Noord-Brabant",false,51.477501,5.659857,"material damage only","4","clear",false,1,"GM0794"
"20220093392",2022,"Uitsluitend materiele schade",1,"Fiets",\N,"Flank","Kruispunt, 3 takken",30,"Brandend","Schemer","Droog",\N,\N,"Johan Winklerwei","Leeuwarden","Leeuwarden","Friesland",false,53.207598,5.767291,"material damage only","4","clear",false,1,"GM0080"
"20220053695",2022,"Letsel",1,"e-bike",\N,"Eenzijdig","Rechte weg",50,"Niet brandend","Daglicht","Droog",\N,"206372053","Heemsteedse Dreef","Heemstede","Heemstede","Noord-Holland",false,52.361059,4.62511,"injury","2","clear",false,1,"GM0397"
"20220059347",2022,"Letsel",2,"Personenauto","Fiets","Geparkeerd voertuig","Rechte weg",50,"Brandend","Duisternis","Droog",\N,"187325190","Lammenschansweg","Leiden","Leiden","Zuid-Holland",false,52.150844,4.494238,"injury","2","clear",false,1,"GM0546"
"20220062230",2022,"Letsel",2,"Personenauto","Fiets","Flank","Rechte weg",30,"Niet brandend","Daglicht","Droog",\N,"600537224","Blokweerweg","Alblasserdam","Alblasserdam","Zuid-Holland",false,51.86727,4.655152,"injury","2","clear",false,1,"GM0482"
"20220063452",2022,"Letsel",2,"Personenauto","Fiets","Flank","Kruispunt, 3 takken",30,"Niet brandend","Daglicht","Droog",\N,\N,"Heemstdonk","Spijkenisse","Nissewaard","Zuid-Holland",false,51.828068,4.328286,"injury","2","clear",false,1,"GM1930"
"20220081492",2022,"Uitsluitend materiele schade",2,"Bestelauto","Fiets","Kop/staart","Rechte weg",50,"Niet brandend","Daglicht","Droog",\N,"242374047","Rokin","Amsterdam","Amsterdam","Noord-Holland",false,52.3721,4.893306,"material damage only","4","clear",false,1,"GM0363"