"accident_id","year","severity_raw","party_count","party1_type","party2_type","accident_type","road_situation","speed_limit_kmh","road_lighting","light_condition_label","weather_raw","infra_type","road_segment_id","street_name","place_name","gemeente_name_raw","province","alcohol_indicated","latitude","longitude","severity_label","severity_code","weather_label","built_up_area","cyclists_involved","gemeente_code"
"20220089500",2022,"Letsel",2,"Fiets","Scootmobiel","Kop/staart","Rechte weg",30,"Niet brandend","Daglicht","Droog",\N,"600894743","Kooikersweg","'s-Hertogenbosch","'s-Hertogenbosch","Noord-Brabant",false,51.693407,5.27564,"injury","2","clear",false,1,"GM0796"
"20220089504",2022,"Uitsluitend materiele schade",2,"Personenauto","Fiets","Flank","Rotonde",50,"Niet brandend","Daglicht","Droog",\N,\N,"Losplaats","Uden","Maashorst","Noord-Brabant",false,51.65499,5.627486,"material damage only","4","clear",false,1,"GM1991"
"20220025013",2022,"Uitsluitend materiele schade",3,"Personenauto","e-bike","Los voorwerp","Kruispunt, 4 takken",30,\N,"Daglicht",\N,\N,\N,"Evertsenstraat","Goes","Goes","Zeeland",false,51.505421,3.880047,"material damage only","4","unknown",false,1,"GM0664"
"20220070000",2022,"Uitsluitend materiele schade",2,"Personenauto","e-bike","Flank","Bocht",70,"Niet brandend","Daglicht","Droog",\N,"600845694","Imstenraderweg","Heerlen","Heerlen","Limburg",false,50.85158,5.986687,"material damage only","4","clear",false,1,"GM0917"
"20220089761",2022,"Letsel",2,"Fiets","Fiets","Onbekend","Rechte weg",60,"Niet brandend","Daglicht","Droog",\N,"289136004","Witrijt","Bergeijk","Bergeijk","Noord-Brabant",false,51.305374,5.242159,"injury","2","clear",false,1,"GM1724"
"20220110253",2022,"Letsel",3,"Bromfiets","Fiets","Frontaal","Bocht",\N,"Niet brandend","Daglicht","Droog",\N,\N,"Troelstrastraat","Tilburg","Tilburg","Noord-Brabant",false,51.565367,5.051789,"injury","2","clear",false,1,"GM0855"
"20220111558",2022,"Uitsluitend materiele schade",3,"Personenauto","Fiets","Los voorwerp","Rechte weg",80,"Niet brandend","Daglicht","Droog",\N,"600597833","Lieshoutseweg","Nuenen","Nuenen, Gerwen en Nederwetten","Noord-Brabant",false,51.496165,5.569646,"material damage only","4","clear",false,1,"GM0820"
"20220077928",2022,"Letsel",2,"Personenauto","e-bike","Onbekend","Kruispunt, 4 takken",50,"Niet brandend","Daglicht",\N,\N,\N,"Noordersluis","Utrecht","Utrecht","Utrecht",false,52.055021,5.108299,"injury","2","unknown",false,1,"GM0344"
"20220080934",2022,"Uitsluitend materiele schade",2,"Bestelauto","Fiets","Flank","Rechte weg",30,"Niet brandend","Daglicht","Droog",\N,"600390152","Sint Antoniesbreestraat","Amsterdam","Amsterdam","Noord-Holland",false,52.369861,4.900797,"material damage only","4","clear",false,1,"GM0363"
"20220082929",2022,"Letsel",1,"Fiets",\N,"Eenzijdig","Rechte weg",50,\N,"Daglicht","Droog",\N,"600387513","Gooimeerlaan","Leiden","Leiden","Zuid-Holland",false,52.180009,4.497891,"injury","2","clear",false,1,"GM0546"
"20220112356",2022,"Uitsluitend materiele schade",2,"Personenauto","Fiets","Flank","Kruispunt, 3 takken",30,"Niet brandend","Daglicht","Droog",\N,\N,"Nieuwe Sliffertsestraat","Eindhoven","Eindhoven","Noord-Brabant",false,51.43814,5.42086,"material damage only","4","clear",false,1,"GM0772"
"20220020258",2022,"Letsel",2,"Bromfiets","Fiets","Frontaal","Rechte weg",50,"Niet brandend","Daglicht",\N,\N,"600944823","Heereweg","Lisse","Lisse","Zuid-Holland",true,52.253618,4.547853,"injury","2","unknown",false,1,"GM0553"
"20220033994",2022,"Letsel",3,"Personenauto","Fiets","Onbekend","Kruispunt, 4 takken",30,"Niet brandend","Daglicht","Droog",\N,\N,"De Ruyterlaan","Enschede","Enschede","Overijssel",false,52.22021,6.88765,"injury","2","clear",false,1,"GM0153"
"20220113738",2022,"Uitsluitend materiele schade",2,"Personenauto","Fiets","Flank","Kruispunt, 3 takken",50,"Niet brandend","Daglicht","Droog",\N,\N,"Graafschap Hornelaan","Weert","Weert","Limburg",false,51.251709,5.714341,"material damage only","4","clear",false,1,"GM0988"
"20220113822",2022,"Uitsluitend materiele schade",2,"Bromfiets","Fiets","Frontaal","Rechte weg",50,"Brandend","Duisternis","Droog",\N,"354035135","Stationsplein","Maastricht","Maastricht","Limburg",false,50.849366,5.705382,"material damage only","4","clear",false,1,"GM0935"
"20220059563",2022,"Letsel",3,"Personenauto","e-bike","Onbekend",\N,\N,\N,"Daglicht","Droog",\N,\N,"Treslonglaan","'s-Gravenhage","'s-Gravenhage","Zuid-Holland",false,52.02564,4.290792,"injury","2","clear",false,1,"GM0518"
"20220088059",2022,"Letsel",2,"Personenauto","Fiets","Flank","Kruispunt, 4 takken",50,"Niet brandend","Daglicht","Droog",\N,\N,"Clingeweg","Hulst","Hulst","Zeeland",false,51.277598,4.066068,"injury","2","clear",false,1,"GM0677"
"20220043458",2022,"Letsel",2,"e-bike","Fiets","Flank","Kruispunt, 4 takken",50,"Niet brandend","Daglicht","Droog",\N,\N,"Kuipersdijk","Enschede","Enschede","Overijssel",false,52.209423,6.8947,"injury","2","clear",false,1,"GM0153"
"20220055514",2022,"Uitsluitend materiele schade",2,"Personenauto","Fiets","Flank","Kruispunt, 3 takken",15,"Niet brandend","Daglicht","Droog",\N,\N,"President Allendelaan","Amsterdam","Amsterdam","Noord-Holland",false,52.370293,4.817315,"material damage only","4","clear",false,1,"GM0363"
"20220105161",2022,"Letsel",2,"e-bike","Voetganger","Voetganger","Rechte weg",30,"Niet brandend","Daglicht","Droog",\N,"162308022","Zuidwal","'s-Gravenhage","'s-Gravenhage","Zuid-Holland",false,52.071808,4.310766,"injury","2","clear",false,1,"GM0518"
"20220105307",2022,"Uitsluitend materiele schade",3,"Personenauto","Fiets","Onbekend","Rechte weg",30,"Niet brandend","Daglicht","Droog",\N,"210322077","Jan Nieuwenhuijzenstraat","Alphen aan den Rijn","Alphen aan den Rijn","Zuid-Holland",false,52.137078,4.658131,"material damage only","4","clear",false,1,"GM0484"
"20220105467",2022,"Uitsluitend materiele schade",2,"Bromfiets","Fiets","Flank","Kruispunt, 3 takken",15,"Niet brandend","Daglicht","Droog",\N,\N,"Sint Jorispad","Delft","Delft","Zuid-Holland",false,52.024059,4.363787,"material damage only","4","clear",false,1,"GM0503"
"20220106024",2022,"Letsel",2,"Fiets","Fiets","Frontaal","Rechte weg",30,"Niet brandend","Daglicht","Droog",\N,"169293121","Rotterdamseweg","Delft","Delft","Zuid-Holland",false,52.004062,4.364747,"injury","2","clear",false,1,"GM0503"
"20220014257",2022,"Letsel",2,"Personenauto","Fiets","Frontaal","Kruispunt, 4 takken",50,"Brandend","Duisternis","Droog",\N,\N,"Jonkheer Geverslaan","Heemskerk","Heemskerk","Noord-Holland",false,52.512926,4.662787,"injury","2","clear",false,1,"GM0396"
"20220017925",2022,"Uitsluitend materiele schade",2,"Personenauto","Fiets","Flank","Rotonde",50,"Niet brandend","Daglicht","Droog",\N,\N,"Potgieterlaan","Voorburg","Leidschendam-Voorburg","Zuid-Holland",false,52.07479,4.350317,"material damage only","4","clear",false,1,"GM1916"
"20220018011",2022,"Uitsluitend materiele schade",2,"Bromfiets","e-bike","Frontaal","Rechte weg",30,"Niet brandend","Daglicht",\N,\N,"600716910","Erasmusweg","'s-Gravenhage","'s-Gravenhage","Zuid-Holland",false,52.054428,4.307394,"material damage only","4","unknown",false,1,"GM0518"
"20220032420",2022,"Uitsluitend materiele schade",2,"Personenauto","Fiets","Flank","Kruispunt, 4 takken",50,"Brandend","Duisternis","Droog",\N,\N,"Zaagmuldersweg","Groningen","Groningen","Groningen",false,53.220602,6.583369,"material damage only","4","clear",false,1,"GM0014"
"20220057133",2022,"Uitsluitend materiele schade",2,"e-bike","Personenauto","Flank","Kruispunt, 4 takken",50,"Niet brandend","Daglicht",\N,\N,\N,"Kastanjekade","Leiden","Leiden","Zuid-Holland",false,52.148806,4.487069,"material damage only","4","unknown",false,1,"GM0546"
"20220082295",2022,"Letsel",2,"Personenauto","Fiets","Flank","Rechte weg",30,"Niet brandend","Daglicht","Droog",\N,"208338058","Praam","Oude Wetering","Kaag en Braassem","Zuid-Holland",false,52.209901,4.64394,"injury","2","clear",false,1,"GM1884"
"20220095567",2022,"Uitsluitend materiele schade",2,"Bestelauto","Fiets","Geparkeerd voertuig","Rechte weg",30,"Niet brandend","Daglicht","Droog","Parkeervoorziening","600430077","Van Riemsdijkplein","Almelo","Almelo","Overijssel",false,52.338072,6.650443,"material damage only","4","clear",false,1,"GM0141"
"20220036504",2022,"Uitsluitend materiele schade",2,"Personenauto","Fiets","Flank","Rotonde",30,"Niet brandend","Daglicht","Droog",\N,\N,"Noorderkeerkring","Alphen aan den Rijn","Alphen aan den Rijn","Zuid-Holland",false,52.123537,4.651266,"material damage only","4","clear",false,1,"GM0484"
"20220097352",2022,"Letsel",2,"Fiets","Personenauto","Flank","Kruispunt, 4 takken",50,"Brandend","Duisternis","Droog",\N,\N,"Haanschotenstraat","Barneveld","Barneveld","Gelderland",true,52.137534,5.584702,"injury","2","clear",false,1,"GM0203"
"20220018369",2022,"Letsel",2,"Personenauto","Fiets","Frontaal","Rechte weg",50,"Niet brandend","Daglicht","Droog",\N,"156307007","Soestdijksekade","'s-Gravenhage","'s-Gravenhage","Zuid-Holland",false,52.06479,4.271375,"injury","2","clear",false,1,"GM0518"
"20220030354",2022,"Letsel",1,"Fiets",\N,"Eenzijdig","Rechte weg",50,"Niet brandend","Daglicht","Droog",\N,"406040067","Hertogenlaan","Kerkrade","Kerkrade","Limburg",false,50.868701,6.069663,"injury","2","clear",false,1,"GM0928"
"20220042059",2022,"Uitsluitend materiele schade",2,"Personenauto","e-bike","Onbekend","Rotonde",30,"Niet brandend","Daglicht","Droog",\N,\N,"Zuiderdwarsvaart","Drachten","Smallingerland","Friesland",false,53.107035,6.108679,"material damage only","4","clear",false,1,"GM0090"
"20220055765",2022,"Uitsluitend materiele schade",2,"Bestelauto","Fiets","Flank","Kruispunt, 4 takken",50,"Niet brandend","Daglicht","Droog",\N,\N,"Frederiksplein","Amsterdam","Amsterdam","Noord-Holland",false,52.359653,4.898963,"material damage only","4","clear",false,1,"GM0363"
"20220101365",2022,"Letsel",2,"Fiets","Personenauto","Onbekend","Rechte weg",50,"Niet brandend","Daglicht","Regen",\N,"212406014","Mozartstraat","Heemskerk","Heemskerk","Noord-Holland",false,52.515778,4.669146,"injury","2","rain",false,1,"GM0396"
"20220073558",2022,"Letsel",2,"Fiets","Personenauto","Onbekend","Rotonde",50,"Niet brandend","Daglicht","Regen",\N,\N,"Marialaan","Nijmegen","Nijmegen","Gelderland",false,51.84541,5.839725,"injury","2","rain",false,1,"GM0268"
"20220057537",2022,"Uitsluitend materiele schade",1,"Fiets",\N,"Onbekend","Rechte weg",30,"Niet brandend","Daglicht","Droog",\N,"212322012","Sportlaan","Alphen aan den Rijn","Alphen aan den Rijn","Zuid-Holland",false,52.13449,4.674521,"material damage only","4","clear",false,1,"GM0484"
"20220059883",2022,"Uitsluitend materiele schade",2,"Personenauto","e-bike","Flank","Kruispunt, 4 takken",30,"Niet brandend","Daglicht","Droog",\N,\N,"Korte Mare","Leiden","Leiden","Zuid-Holland",false,52.162406,4.490154,"material damage only","4","clear",false,1,"GM0546"
"20220098739",2022,"Uitsluitend materiele schade",3,"Fiets","Fiets","Frontaal","Rechte weg",15,"Niet brandend","Daglicht","Droog",\N,"600597159","Baronieweg","IJsselstein","IJsselstein","Utrecht",false,52.015531,5.036141,"material damage only","4","clear",false,1,"GM0353"
"20220099909",2022,"Uitsluitend materiele schade",2,"Personenauto","Fiets","Flank","Kruispunt, 3 takken",80,"Niet aanwezig","Daglicht","Droog",\N,"600799573","Nijkerkerpad","Zeewolde","Zeewolde","Flevoland",false,52.292085,5.456024,"material damage only","4","clear",false,1,"GM0050"
"20220101108",2022,"Letsel",2,"Personenauto","Fiets","Kop/staart","Rechte weg",50,"Niet brandend","Daglicht","Droog",\N,"291447024","De Bouw","Bovenkarspel","Stede Broec","Noord-Holland",false,52.700405,5.2477,"injury","2","clear",false,1,"GM0532"
"20220044035",2022,"Uitsluitend materiele schade",1,"Fiets",\N,"Kop/staart","Rechte weg",30,"Niet aanwezig","Daglicht",\N,\N,"478393002","Sluiskade NZ","Westerhaar-Vriezenveensewijk","Twenterand","Overijssel",false,52.451453,6.626222,"material damage only","4","unknown",false,1,"GM1700"
"20220064665",2022,"Uitsluitend materiele schade",2,"Fiets","Personenauto","Onbekend","Rechte weg",60,"Brandend","Duisternis","Regen",\N,"178218002","Stadsedijk","Oudemolen","Moerdijk","Noord-Brabant",true,51.665493,4.441001,"material damage only","4","rain",false,1,"GM1709"
"20220100503",2022,"Uitsluitend materiele schade",2,"Fiets","Personenauto","Flank","Kruispunt, 3 takken",50,"Niet brandend","Daglicht","Droog",\N,\N,"Burg D Kooimanweg","Purmerend","Purmerend","Noord-Holland",false,52.508807,4.957044,"material damage only","4","clear",false,1,"GM0439"
"20220101930",2022,"Letsel",2,"Fiets","Personenauto","Flank","Rechte weg",50,"Niet brandend","Daglicht","Droog",\N,"221492012","Van Foreestweg","Julianadorp","Den Helder","Noord-Holland",false,52.900012,4.729193,"injury","2","clear",false,1,"GM0400"
"20220073842",2022,"Uitsluitend materiele schade",2,"Scootmobiel","Fiets","Flank","Kruispunt, 4 takken",50,"Niet brandend","Daglicht","Droog",\N,\N,"Landbouwstraat","Winterswijk","Winterswijk","Gelderland",false,51.969653,6.713025,"material damage only","4","clear",false,1,"GM0294"
"20220075317",2022,"Uitsluitend materiele schade",2,"Snorfiets","Fiets","Frontaal","Rotonde",30,"Brandend","Duisternis","Droog",\N,\N,"Oranjesingel","Nijmegen","Nijmegen","Gelderland",false,51.842234,5.860433,"material damage only","4","clear",false,1,"GM0268"
"20220059039",2022,"Letsel",1,"Fiets",\N,"Eenzijdig","Rechte weg",50,"Niet brandend","Daglicht",\N,\N,"156314019","Dr. Lelykade","'s-Gravenhage","'s-Gravenhage","Zuid-Holland",false,52.097602,4.269604,"injury","2","unknown",false,1,"GM0518"
"20220059058",2022,"Letsel",3,"Fiets","Fiets","Onbekend","Rechte weg",50,"Niet brandend","Daglicht","Droog",\N,\N,"Bossenwaard","Zoetermeer","Zoetermeer","Zuid-Holland",false,52.056385,4.467981,"injury","2","clear",false,1,"GM0637"
"20220064847",2022,"Uitsluitend materiele schade",3,"Personenauto","Fiets","Flank","Kruispunt, 3 takken",50,"Brandend","Daglicht","Droog",\N,\N,"Draaiboom","Breda","Breda","Noord-Brabant",false,51.585122,4.819793,"material damage only","4","clear",false,1,"GM0758"
"20220101292",2022,"Letsel",1,"Fiets",\N,"Eenzijdig","Rotonde",50,"Niet brandend","Daglicht","Droog",\N,\N,"Oostergouw","Hoorn","Hoorn","Noord-Holland",false,52.660247,5.069896,"injury","2","clear",false,1,"GM0405"
"20220101671",2022,"Uitsluitend materiele schade",2,"Personenauto","e-bike","Flank","Kruispunt, 4 takken",50,"Niet brandend","Daglicht","Droog",\N,\N,"Poortwachter","Hoorn","Hoorn","Noord-Holland",false,52.656628,5.056314,"material damage only","4","clear",false,1,"GM0405"
"20220102722",2022,"Uitsluitend materiele schade",2,"Fiets","Fiets","Onbekend","Kruispunt, 4 takken",50,"Brandend","Duisternis","Droog",\N,\N,"1e C Huygensstr","Amsterdam","Amsterdam","Noord-Holland",false,52.360095,4.877092,"material damage only","4","clear",false,1,"GM0363"
"20220107283",2022,"Letsel",1,"Fiets",\N,"Eenzijdig","Rechte weg",30,"Niet brandend","Daglicht","Droog","Bus-/Tramhalte","213253095","P.C. Hooftlaan","Papendrecht","Papendrecht","Zuid-Holland",false,51.827415,4.684305,"injury","2","clear",false,1,"GM0590"
"20220108583",2022,"Letsel",3,"Fiets","Snorfiets","Frontaal","Rechte weg",\N,"Brandend","Duisternis","Droog",\N,"600697156","Vd Duijn van Maasdamweg","Rotterdam","Rotterdam","Zuid-Holland",false,51.947046,4.446533,"injury","2","clear",false,1,"GM0599"
"20220050341",2022,"Uitsluitend materiele schade",2,"Snorfiets","Fiets","Frontaal","Rechte weg",\N,"Niet brandend","Daglicht","Droog",\N,"600286542","Spoorbaanpad","Almere","Almere","Flevoland",false,52.376476,5.244054,"material damage only","4","clear",false,1,"GM0034"
"20220071298",2022,"Letsel",2,"Bromfiets","Fiets","Kop/staart","Rechte weg",30,"Niet brandend","Daglicht","Droog",\N,"600623268","Maria Montessoriweg","Assen","Assen","Drenthe",false,53.002544,6.524462,"injury","2","clear",false,1,"GM0106"
"20220075071",2022,"Letsel",2,"Personenauto","Fiets","Flank","Kruispunt, 4 takken",50,"Niet brandend","Daglicht","Droog",\N,\N,"Koningin Wilhelminastr","Wehl","Doetinchem","Gelderland",false,51.961236,6.209027,"injury","2","clear",false,1,"GM0222"
"20220050417",2022,"Uitsluitend materiele schade",2,"Personenauto","Fiets","Flank","Kruispunt, 4 takken",30,"Niet brandend","Daglicht","Droog",\N,\N,"Beneluxlaan","Almere","Almere","Flevoland",false,52.348039,5.148855,"material damage only","4","clear",false,1,"GM0034"
"20220057916",2022,"Letsel",2,"Fiets","Fiets","Frontaal","Rechte weg",15,"Niet brandend","Daglicht","Droog",\N,"166293088","Buitenwatersloot","Delft","Delft","Zuid-Holland",false,52.003656,4.342889,"injury","2","clear",false,1,"GM0503"
"20220112139",2022,"Uitsluitend materiele schade",2,"Personenauto","Fiets","Flank","Kruispunt, 4 takken",50,"Niet brandend","Daglicht","Droog",\N,\N,"Galliërsweg","Oss","Oss","Noord-Brabant",false,51.757241,5.55973,"material damage only","4","clear",false,1,"GM0828"
"20220075529",2022,"Uitsluitend materiele schade",2,"Fiets","Personenauto","Onbekend","Rechte weg",50,\N,"Daglicht",\N,\N,"600835380","Onderlangs","Arnhem","Arnhem","Gelderland",false,51.983931,5.884488,"material damage only","4","unknown",false,1,"GM0202"
"20220052015",2022,"Uitsluitend materiele schade",2,"Fiets","Personenauto","Flank","Rotonde",50,"Niet brandend","Daglicht","Droog",\N,\N,"Twiskeweg","Zaandam","Zaanstad","Noord-Holland",false,52.441053,4.842164,"material damage only","4","clear",false,1,"GM0479"
"20220052068",2022,"Uitsluitend materiele schade",2,"Personenauto","Fiets","Flank","Kruispunt, 4 takken",30,\N,"Daglicht","Droog",\N,\N,"Zuidwijkring","Heerhugowaard","Dijk en Waard","Noord-Holland",false,52.647854,4.821981,"material damage only","4","clear",false,1,"GM1980"
"20220055109",2022,"Uitsluitend materiele schade",2,"Personenauto","Fiets","Onbekend","Rechte weg",50,"Niet brandend","Daglicht","Droog",\N,"600766980","Werengouw","Amsterdam","Amsterdam","Noord-Holland",false,52.388818,4.956151,"material damage only","4","clear",false,1,"GM0363"
"20230000941",2023,"Uitsluitend materiele schade",2,"Personenauto","Fiets","Kop/staart","Kruispunt, 3 takken",30,"Niet brandend","Daglicht","Droog",\N,\N,"Zuid-Peterstraat","Arnhem","Arnhem","Gelderland",false,51.98658,5.914227,"material damage only","4","clear",false,1,"GM0202"
"20230001289",2023,"Uitsluitend materiele schade",2,"Personenauto","Fiets","Flank","Kruispunt, 3 takken",30,"Niet brandend","Daglicht","Droog",\N,\N,"Europalaan","Winterswijk","Winterswijk","Gelderland",false,51.969884,6.709279,"material damage only","4","clear",false,1,"GM0294"
"20230002155",2023,"Letsel",2,"Fiets","Fiets","Flank","Kruispunt, 4 takken",50,"Niet brandend","Daglicht","Droog",\N,\N,"Diepegracht","Harderwijk","Harderwijk","Gelderland",false,52.345996,5.617121,"injury","2","clear",false,1,"GM0243"
"20230033331",2023,"Letsel",2,"Personenauto","Fiets","Onbekend",\N,30,\N,"Daglicht",\N,\N,\N,"Hoefstraat","Tilburg","Tilburg","Noord-Brabant",false,51.572227,5.089872,"injury","2","unknown",false,1,"GM0855"
"20230104879",2023,"Letsel",2,"Fiets","Bestelauto","Eenzijdig",\N,50,\N,"Duisternis",\N,\N,\N,"Burg v Roijenstr Oost","Hoogezand","Midden-Groningen","Groningen",false,53.157452,6.7546,"injury","2","unknown",false,1,"GM1952"
"20230010544",2023,"Letsel",2,"Bromfiets","Fiets","Onbekend","Bocht",30,"Niet brandend","Daglicht","Droog",\N,"600885242","Spehornerbrink","Emmen","Emmen","Drenthe",false,52.760378,6.892421,"injury","2","clear",false,1,"GM0114"
"20230104988",2023,"Uitsluitend materiele schade",2,"Personenauto","Fiets","Onbekend",\N,\N,\N,"Daglicht",\N,\N,"388344015","Anklaarseweg","Apeldoorn","Apeldoorn","Gelderland",false,52.235019,5.964362,"material damage only","4","unknown",false,1,"GM0200"
"20230113544",2023,"Letsel",1,"Fiets",\N,"Eenzijdig",\N,60,\N,"Daglicht",\N,\N,"196328105","Zuidzijderweg","Oud Ade","Kaag en Braassem","Zuid-Holland",false,52.166922,4.560956,"injury","2","unknown",false,1,"GM1884"
"20230002242",2023,"Uitsluitend materiele schade",2,"Personenauto","Fiets","Frontaal","Rechte weg",50,"Brandend","Duisternis","Droog",\N,"600577464","Hengelder","Zevenaar","Zevenaar","Gelderland",false,51.927454,6.100133,"material damage only","4","clear",false,1,"GM0299"
"20230011494",2023,"Uitsluitend materiele schade",2,"Personenauto","Fiets","Flank","Kruispunt, 3 takken",50,"Brandend","Duisternis","Droog",\N,\N,"Hogestraat","Dieren","Rheden","Gelderland",false,52.040519,6.104026,"material damage only","4","clear",false,1,"GM0275"
"20230033776",2023,"Uitsluitend materiele schade",2,"Fiets","Personenauto","Onbekend",\N,50,\N,"Daglicht",\N,\N,"268194041","Besterdring","Tilburg","Tilburg","Noord-Brabant",false,51.564083,5.090648,"material damage only","4","unknown",false,1,"GM0855"
"20230105107",2023,"Letsel",1,"Fiets",\N,"Eenzijdig",\N,80,\N,"Duisternis",\N,\N,"600681354","Den Elterweg","Zutphen","Zutphen","Gelderland",false,52.132552,6.219696,"injury","2","unknown",false,1,"GM0301"
"20230000742",2023,"Letsel",2,"Personenauto","e-bike","Flank","Rotonde",50,"Niet brandend","Daglicht","Droog",\N,\N,"Fazantlaan","Ermelo","Ermelo","Gelderland",false,52.313142,5.626974,"injury","2","clear",false,1,"GM0233"
"20230024102",2023,"Letsel",2,"Fiets","Voetganger","Voetganger",\N,\N,\N,"Daglicht",\N,\N,"600724340","Oostlaan","Pijnacker","Pijnacker-Nootdorp","Zuid-Holland",false,52.019583,4.432555,"injury","2","unknown",false,1,"GM1926"
"20230009262",2023,"Uitsluitend materiele schade",2,"Fiets","Fiets","Flank","Rechte weg",30,"Niet brandend","Daglicht","Droog",\N,"600900927","Maasoeverpad","'s-Hertogenbosch","'s-Hertogenbosch","Noord-Brabant",false,51.718916,5.292985,"material damage only","4","clear",false,1,"GM0796"
"20230013800",2023,"Uitsluitend materiele schade",2,"Fiets","Fiets","Onbekend",\N,50,\N,"Daglicht",\N,\N,"535487015","Hooiland","Ter Apel","Westerwolde","Groningen",false,52.869989,7.061196,"material damage only","4","unknown",false,1,"GM1950"
"20230110180",2023,"Uitsluitend materiele schade",1,"Fiets",\N,"Onbekend",\N,50,\N,"Duisternis",\N,\N,"600661691","Huijbergseweg","Hoogerheide","Woensdrecht","Noord-Brabant",false,51.424352,4.351999,"material damage only","4","unknown",false,1,"GM0873"
"20230001202",2023,"Uitsluitend materiele schade",2,"Personenauto","Fiets","Frontaal","Rotonde",50,\N,"Daglicht","Regen",\N,\N,"Rondweg","Wezep","Oldebroek","Gelderland",false,52.466394,5.989706,"material damage only","4","rain",false,1,"GM0269"
"20230003639",2023,"Uitsluitend materiele schade",2,"Personenauto","Fiets","Kop/staart","Kruispunt, 4 takken",30,"Niet brandend","Daglicht","Regen",\N,\N,"Normandiëplein","Emmeloord","Noordoostpolder","Flevoland",false,52.711169,5.738732,"material damage only","4","rain",false,1,"GM0171"
"20230007122",2023,"Letsel",2,"Personenauto","Fiets","Los voorwerp","Kruispunt, 3 takken",50,"Niet brandend","Daglicht","Droog",\N,\N,"Marrewijklaan","Spijkenisse","Nissewaard","Zuid-Holland",false,51.847695,4.328434,"injury","2","clear",false,1,"GM1930"
"20230003937",2023,"Letsel",2,"Vrachtauto","e-bike","Flank","Kruispunt, 4 takken",50,"Niet brandend","Daglicht","Droog",\N,\N,"Middenweg","Amsterdam","Amsterdam","Noord-Holland",false,52.350905,4.935384,"injury","2","clear",false,1,"GM0363"
"20230004096",2023,"Letsel",2,"Personenauto","Fiets","Flank","Kruispunt, 3 takken",50,"Niet brandend","Daglicht","Droog",\N,\N,"Stadionplein","Amsterdam","Amsterdam","Noord-Holland",false,52.343115,4.857421,"injury","2","clear",false,1,"GM0363"
"20230000215",2023,"Letsel",2,"Personenauto","Fiets","Onbekend","Kruispunt, 3 takken",30,"Niet brandend","Daglicht","Droog",\N,\N,"Brinklaan","Groningen","Groningen","Groningen",false,53.199504,6.581745,"injury","2","clear",false,1,"GM0014"
"20230004951",2023,"Letsel",2,"Personenauto","Fiets","Flank","Rechte weg",50,"Niet brandend","Daglicht","Droog",\N,"171308005","Vlietwijck","Voorburg","Leidschendam-Voorburg","Zuid-Holland",false,52.072526,4.375054,"injury","2","clear",false,1,"GM1916"
"20230007654",2023,"Letsel",2,"Personenauto","Fiets","Flank","Kruispunt, 3 takken",50,"Brandend","Schemer","Regen",\N,\N,"Maastrichtseweg","'s-Hertogenbosch","'s-Hertogenbosch","Noord-Brabant",false,51.687531,5.325718,"injury","2","rain",false,1,"GM0796"
"20230008610",2023,"Uitsluitend materiele schade",2,"Bromfiets","Fiets","Flank","Kruispunt, 3 takken",30,"Niet brandend","Daglicht","Droog",\N,\N,"Lindenkruis","Maastricht","Maastricht","Limburg",false,50.853544,5.684489,"material damage only","4","clear",false,1,"GM0935"
"20230080866",2023,"Dodelijk",3,\N,"Fiets","Eenzijdig","Kruispunt, 4 takken",60,"Niet aanwezig","Daglicht","Droog",\N,\N,"Fressevenweg","Bergeijk","Bergeijk","Noord-Brabant",true,51.318315,5.381682,"fatal","1","clear",false,1,"GM1724"
"20230005192",2023,"Letsel",2,"Fiets","Fiets","Onbekend","Rechte weg",50,"Brandend","Duisternis","Droog",\N,"190328041","Lage Rijndijk","Leiden","Leiden","Zuid-Holland",false,52.161497,4.512563,"injury","2","clear",false,1,"GM0546"
"20230007572",2023,"Uitsluitend materiele schade",2,"Fiets","Personenauto","Geparkeerd voertuig","Rechte weg",30,"Niet brandend","Daglicht","Droog",\N,"385214045","Jan van de Capellestraat","Boxmeer","Land van Cuijk","Noord-Brabant",false,51.651149,5.934928,"material damage only","4","clear",false,1,"GM1982"
"20230009052",2023,"Uitsluitend materiele schade",2,"Personenauto","e-bike","Flank","Kruispunt, 3 takken",30,"Niet brandend","Daglicht","Regen",\N,\N,"Hoge Weerd","Maastricht","Maastricht","Limburg",false,50.824249,5.704005,"material damage only","4","rain",false,1,"GM0935"
"20230009999",2023,"Uitsluitend materiele schade",2,"Personenauto","Fiets","Flank","Kruispunt, 4 takken",50,"Niet brandend","Daglicht","Droog",\N,\N,"W.A. Scholtenstraat","Assen","Assen","Drenthe",false,53.000946,6.570927,"material damage only","4","clear",false,1,"GM0106"
"20230007734",2023,"Uitsluitend materiele schade",2,"Personenauto","Fiets","Flank","Kruispunt, 4 takken",30,"Niet brandend","Daglicht","Droog",\N,\N,"Broekstraat","Oirschot","Oirschot","Noord-Brabant",false,51.518662,5.271541,"material damage only","4","clear",false,1,"GM0823"