"accident_id","year","severity_raw","party_count","party1_type","party2_type","accident_type","road_situation","speed_limit_kmh","road_lighting","light_condition_label","weather_raw","infra_type","road_segment_id","street_name","place_name","gemeente_name_raw","province","alcohol_indicated","latitude","longitude","severity_label","severity_code","weather_label","built_up_area","cyclists_involved","gemeente_code"
"20230061220",2023,"Uitsluitend materiele schade",2,"e-bike","e-bike","Frontaal","Rotonde",30,"Brandend","Duisternis","Droog",\N,\N,"Belgischeplein","'s-Gravenhage","'s-Gravenhage","Zuid-Holland",false,52.109648,4.291133,"material damage only","4","clear",false,1,"GM0518"
"20240127423",2024,"Uitsluitend materiele schade",2,"Fiets","Personenauto","Onbekend",\N,\N,\N,"Daglicht",\N,\N,"357285028","Utrechtseweg","Renkum","Renkum","Gelderland",false,51.973106,5.735528,"material damage only","4","unknown",false,1,"GM0274"
"20230065741",2023,"Letsel",2,"Fiets","Bestelauto","Flank","Kruispunt, 4 takken",50,\N,"Daglicht","Regen",\N,\N,"Oosterhamriklaan","Groningen","Groningen","Groningen",false,53.234149,6.576584,"injury","2","rain",false,1,"GM0014"
"20230066367",2023,"Letsel",1,"Fiets",\N,"Eenzijdig","Rechte weg",15,"Niet brandend","Daglicht","Droog",\N,\N,"Veenkamp","Nootdorp","Pijnacker-Nootdorp","Zuid-Holland",false,52.050548,4.400267,"injury","2","clear",false,1,"GM1926"
"20230040513",2023,"Letsel",2,"Personenauto","Fiets","Flank","Kruispunt, 4 takken",30,"Niet brandend","Daglicht","Droog",\N,\N,"Woudenbergstraat","'s-Gravenhage","'s-Gravenhage","Zuid-Holland",false,52.058714,4.276495,"injury","2","clear",false,1,"GM0518"
"20230049849",2023,"Uitsluitend materiele schade",2,"Vrachtauto","Fiets","Flank","Bocht",30,"Niet brandend","Daglicht","Droog",\N,"239373042","Bilderdijkstraat","Amsterdam","Amsterdam","Noord-Holland",false,52.365942,4.873024,"material damage only","4","clear",false,1,"GM0363"
"20230050412",2023,"Letsel",2,"Bromfiets","Fiets","Flank","Rechte weg",50,"Niet aanwezig","Daglicht","Droog",\N,"600583098","Kelbergenpad","Amsterdam","Amsterdam","Noord-Holland",false,52.313112,4.972504,"injury","2","clear",false,1,"GM0363"
"20230052170",2023,"Letsel",2,"Fiets","Fiets","Frontaal","Rechte weg",50,"Niet aanwezig","Duisternis","Droog",\N,"600656095","Parallelweg","Hellevoetsluis","Voorne aan Zee","Zuid-Holland",false,51.858168,4.158988,"injury","2","clear",false,1,"GM1992"
"20230059399",2023,"Letsel",2,"Bestelauto","Fiets","Flank","Kruispunt, 4 takken",50,"Niet brandend","Daglicht","Droog",\N,\N,"Dr. Leijdsstraat","Haarlem","Haarlem","Noord-Holland",false,52.396336,4.641642,"injury","2","clear",false,1,"GM0392"
"20240127994",2024,"Letsel",2,"Personenauto","Fiets","Flank","Rechte weg",30,"Niet brandend","Daglicht","Droog",\N,\N,"Arnhemseweg","Apeldoorn","Apeldoorn","Gelderland",false,52.184593,5.962162,"injury","2","clear",false,1,"GM0200"
"20240128261",2024,"Uitsluitend materiele schade",2,"Personenauto","Fiets","Flank","Kruispunt, 4 takken",30,"Niet brandend","Daglicht","Droog",\N,\N,"Nijverheidsweg","Nunspeet","Nunspeet","Gelderland",false,52.371502,5.782118,"material damage only","4","clear",false,1,"GM0302"
"20230066054",2023,"Letsel",2,"Fiets","Fiets","Kop/staart","Rechte weg",50,"Niet brandend","Daglicht","Droog",\N,\N,"Lammenschansweg","Leiden","Leiden","Zuid-Holland",false,52.147759,4.49181,"injury","2","clear",false,1,"GM0546"
"20230038242",2023,"Letsel",2,"Motor","Fiets","Flank","Kruispunt, 4 takken",60,"Niet brandend","Daglicht","Droog",\N,\N,"Breudijk","Harmelen","Woerden","Utrecht",false,52.107008,4.972857,"injury","2","clear",false,1,"GM0632"
"20230038844",2023,"Letsel",2,"Fiets","Personenauto","Onbekend","Kruispunt, 4 takken",50,"Niet brandend","Daglicht","Regen",\N,\N,"Verdistraat","'s-Gravenhage","'s-Gravenhage","Zuid-Holland",false,52.065806,4.24419,"injury","2","rain",false,1,"GM0518"
"20230041106",2023,"Uitsluitend materiele schade",2,"Personenauto","Fiets","Frontaal","Kruispunt, 4 takken",30,"Niet brandend","Daglicht","Regen",\N,\N,"Kilsdonk","Oosterhout","Oosterhout","Noord-Brabant",false,51.65895,4.86338,"material damage only","4","rain",false,1,"GM0826"
"20230048765",2023,"Letsel",2,"Personenauto","Fiets","Flank","Kruispunt, 4 takken",50,"Niet brandend","Daglicht","Droog",\N,\N,"Noordlandselaan","'s-Gravenzande","Westland","Zuid-Holland",false,51.99556,4.135949,"injury","2","clear",false,1,"GM1783"
"20230049328",2023,"Letsel",2,"Fiets","Fiets","Flank","Rechte weg",30,"Niet brandend","Daglicht","Droog",\N,"600597319","Binnensluis","Katwijk","Katwijk","Zuid-Holland",false,52.207905,4.406182,"injury","2","clear",false,1,"GM0537"
"20230049902",2023,"Letsel",2,"Fiets","Bromfiets","Flank","Rechte weg",30,"Niet brandend","Daglicht","Droog",\N,"157304073","Loevesteinlaan","'s-Gravenhage","'s-Gravenhage","Zuid-Holland",false,52.054339,4.277099,"injury","2","clear",false,1,"GM0518"
"20230061819",2023,"Letsel",2,"Fiets","Fiets","Flank","Rechte weg",30,"Niet brandend","Daglicht","Droog",\N,"600360726","Rochussenstraat","Rotterdam","Rotterdam","Zuid-Holland",false,51.912553,4.46608,"injury","2","clear",false,1,"GM0599"
"20230065000",2023,"Letsel",2,"Personenauto","Fiets","Flank","Kruispunt, 4 takken",50,"Niet brandend","Daglicht","Droog",\N,\N,"Leestenseweg","Zutphen","Zutphen","Gelderland",false,52.127409,6.236156,"injury","2","clear",false,1,"GM0301"
"20240127906",2024,"Letsel",2,"Fiets","Personenauto","Flank","Kruispunt, 4 takken",50,"Niet brandend","Daglicht","Droog",\N,\N,"Havezathenallee","Zwolle","Zwolle","Overijssel",false,52.533668,6.043399,"injury","2","clear",false,1,"GM0193"
"20230039421",2023,"Letsel",2,"Personenauto","Fiets","Flank","Kruispunt, 4 takken",50,"Niet brandend","Daglicht","Droog",\N,\N,"Marijkesingel","Barendrecht","Barendrecht","Zuid-Holland",false,51.851558,4.549368,"injury","2","clear",false,1,"GM0489"
"20230048826",2023,"Uitsluitend materiele schade",2,"Bromfiets","Fiets","Flank","Kruispunt, 4 takken",30,"Niet brandend","Daglicht","Droog",\N,\N,"Van Baerlestraat","Amsterdam","Amsterdam","Noord-Holland",false,52.359439,4.87763,"material damage only","4","clear",false,1,"GM0363"
"20230054582",2023,"Letsel",2,"Fiets","Voetganger","Voetganger","Rechte weg",50,"Niet brandend","Daglicht","Droog",\N,"600685642","Nijnselseweg","Sint-Oedenrode","Meierijstad","Noord-Brabant",false,51.557771,5.470497,"injury","2","clear",false,1,"GM1948"
"20230055158",2023,"Letsel",2,"Personenauto","Fiets","Flank","Kruispunt, 4 takken",30,"Niet brandend","Daglicht","Droog",\N,\N,"Oosterbrugstraat","Genemuiden","Zwartewaterland","Overijssel",false,52.625549,6.045658,"injury","2","clear",false,1,"GM1896"
"20230038348",2023,"Letsel",1,"Fiets",\N,"Eenzijdig","Rechte weg",50,"Niet brandend","Daglicht","Droog",\N,"206409001","Castricummerpad","Heemskerk","Heemskerk","Noord-Holland",false,52.529648,4.629289,"injury","2","clear",false,1,"GM0396"
"20230038892",2023,"Uitsluitend materiele schade",2,"Fiets","Fiets","Flank","Kruispunt, 3 takken",15,"Niet brandend","Daglicht","Droog","Brug/viaduct",\N,"Regge","Rotterdam","Rotterdam","Zuid-Holland",false,51.96308,4.566904,"material damage only","4","clear",false,1,"GM0599"
"20230060872",2023,"Uitsluitend materiele schade",2,"Personenauto","Fiets","Flank","Kruispunt, 4 takken",30,"Niet brandend","Daglicht","Droog",\N,\N,"Stalkaarsen","Gorinchem","Gorinchem","Zuid-Holland",false,51.842324,4.96534,"material damage only","4","clear",false,1,"GM0512"
"20240130157",2024,"Letsel",2,"Fiets","Fiets","Frontaal","Kruispunt, 4 takken",30,"Niet brandend","Daglicht","Droog",\N,\N,"Amersfoortsestraat","Soesterberg","Soest","Utrecht",false,52.119914,5.277081,"injury","2","clear",false,1,"GM0342"
"20240130854",2024,"Letsel",2,"Personenauto","Fiets","Onbekend","Kruispunt, 3 takken",50,"Niet brandend","Daglicht","Droog",\N,\N,"Jan Verfailleweg","Den Helder","Den Helder","Noord-Holland",false,52.94386,4.738241,"injury","2","clear",false,1,"GM0400"
"20240131180",2024,"Letsel",2,"Fiets","Personenauto","Flank","Kruispunt, 4 takken",30,"Brandend","Duisternis","Regen",\N,\N,"NIEUWE KALFJESLAAN","Amsterdam","Amsterdam","Noord-Holland",false,52.321658,4.857337,"injury","2","rain",false,1,"GM0363"
"20230048281",2023,"Letsel",1,"Fiets",\N,"Eenzijdig","Rechte weg",30,"Niet brandend","Daglicht","Regen",\N,"406422029","Buiten de Enkpoort","Hasselt","Zwartewaterland","Overijssel",false,52.588309,6.09584,"injury","2","rain",false,1,"GM1896"
"20230061928",2023,"Letsel",1,"Fiets",\N,"Eenzijdig","Rechte weg",30,"Niet brandend","Daglicht","Droog",\N,"159318057","Groningsestraat","'s-Gravenhage","'s-Gravenhage","Zuid-Holland",false,52.11401,4.291743,"injury","2","clear",false,1,"GM0518"
"20240131526",2024,"Letsel",2,"Fiets","Personenauto","Flank","Kruispunt, 4 takken",30,"Niet brandend","Daglicht","Droog",\N,\N,"Gedempte Schalk Burgergr","Haarlem","Haarlem","Noord-Holland",false,52.394089,4.647692,"injury","2","clear",false,1,"GM0392"
"20240132516",2024,"Letsel",1,"Fiets",\N,"Onbekend","Kruispunt, 4 takken",30,"Brandend","Duisternis","Regen",\N,\N,"Melchior Treublaan","Leiden","Leiden","Zuid-Holland",false,52.145283,4.498451,"injury","2","rain",false,1,"GM0546"
"20230037792",2023,"Letsel",2,"Bromfiets","Fiets","Flank","Kruispunt, 4 takken",30,"Niet brandend","Daglicht","Droog",\N,\N,"Wijk 6","Urk","Urk","Flevoland",false,52.661684,5.600458,"injury","2","clear",false,1,"GM0184"
"20230040134",2023,"Letsel",2,"Bromfiets","Fiets","Flank","Rechte weg",50,"Niet brandend","Daglicht","Droog",\N,"184334064","Dorpsstraat","Oegstgeest","Oegstgeest","Zuid-Holland",false,52.191158,4.467579,"injury","2","clear",false,1,"GM0579"
"20230050605",2023,"Letsel",1,"Fiets",\N,"Eenzijdig","Rechte weg",50,"Niet brandend","Schemer","Droog",\N,"601015424","Zwarte Pad","'s-Gravenhage","'s-Gravenhage","Zuid-Holland",false,52.118889,4.292354,"injury","2","clear",false,1,"GM0518"
"20230050620",2023,"Letsel",2,"Personenauto","Fiets","Flank","Kruispunt, 3 takken",50,"Niet brandend","Daglicht","Droog",\N,\N,"Caan van Necklaan","Rijswijk","Rijswijk","Zuid-Holland",false,52.05928,4.335779,"injury","2","clear",false,1,\N
"20230052350",2023,"Letsel",2,"Personenauto","Fiets","Eenzijdig","Kruispunt, 4 takken",30,"Niet brandend","Daglicht","Droog",\N,\N,"Lange Brugstraat","Etten-Leur","Etten-Leur","Noord-Brabant",false,51.587026,4.662322,"injury","2","clear",false,1,"GM0777"
"20230054706",2023,"Letsel",2,"Personenauto","Fiets","Flank","Rotonde",50,"Niet brandend","Daglicht","Droog",\N,\N,"'t Dorp","Heesch","Bernheze","Noord-Brabant",false,51.736262,5.535063,"injury","2","clear",false,1,"GM1721"
"20240131731",2024,"Letsel",2,"Personenauto","Fiets","Flank","Rotonde",50,"Niet brandend","Daglicht","Droog",\N,\N,"Krijterslaan","Blokker","Hoorn","Noord-Holland",false,52.660401,5.070128,"injury","2","clear",false,1,"GM0405"
"20240132690",2024,"Letsel",1,"Fiets",\N,"Frontaal","Rechte weg",50,"Niet brandend","Daglicht","Droog",\N,\N,"Leidsevaart","Noordwijkerhout","Noordwijk","Zuid-Holland",false,52.244834,4.49571,"injury","2","clear",false,1,"GM0575"
"20240133027",2024,"Letsel",2,"Bromfiets","Fiets","Flank","Rechte weg",\N,"Niet brandend","Daglicht","Droog",\N,"188306034","Lissenvaart","Zoetermeer","Zoetermeer","Zuid-Holland",false,52.065649,4.501022,"injury","2","clear",false,1,"GM0637"
"20240133694",2024,"Letsel",2,"Fiets","Personenauto","Flank","Kruispunt, 4 takken",50,"Niet brandend","Daglicht","Droog",\N,\N,"Kiekendiefstraat","'s-Gravenhage","'s-Gravenhage","Zuid-Holland",false,52.051159,4.385131,"injury","2","clear",false,1,"GM0518"
"20220199563",2022,"Uitsluitend materiele schade",3,"Fiets","Fiets","Los voorwerp","Rechte weg",\N,"Niet brandend","Daglicht","Regen",\N,"600570195","Rijksweg","Malden","Heumen","Gelderland",false,51.781928,5.851912,"material damage only","4","rain",false,1,"GM0252"
"20220203112",2022,"Uitsluitend materiele schade",3,"Bromfiets","Fiets","Onbekend","Rechte weg",30,"Niet brandend","Daglicht","Droog",\N,"268297051","Herenstraat","Nieuwegein","Nieuwegein","Utrecht",false,52.03057,5.089208,"material damage only","4","clear",false,1,"GM0356"
"20220212204",2022,"Uitsluitend materiele schade",2,"Personenauto","Fiets","Flank","Kruispunt, 4 takken",50,"Brandend","Duisternis","Droog",\N,\N,"Haagbeuklaan","Amstelveen","Amstelveen","Noord-Holland",false,52.293939,4.850075,"material damage only","4","clear",false,1,"GM0362"
"20220215881",2022,"Letsel",2,"Personenauto","Fiets","Flank","Kruispunt, 4 takken",50,"Niet brandend","Daglicht","Droog",\N,\N,"Houtrustweg","'s-Gravenhage","'s-Gravenhage","Zuid-Holland",false,52.091183,4.265257,"injury","2","clear",false,1,"GM0518"
"20220220211",2022,"Uitsluitend materiele schade",2,"Personenauto","Fiets","Onbekend","Rechte weg",50,"Niet brandend","Daglicht","Droog",\N,"600725705","Van Aerssenlaan","Rotterdam","Rotterdam","Zuid-Holland",false,51.925398,4.454414,"material damage only","4","clear",false,1,"GM0599"
"20220198861",2022,"Uitsluitend materiele schade",3,"Personenauto","Fiets","Onbekend","Rechte weg",80,"Brandend","Duisternis","Droog","Spoorwegovergang","431419092","Westeinde","Nieuwleusen","Dalfsen","Overijssel",false,52.570679,6.284931,"material damage only","4","clear",false,1,"GM0148"
"20220211589",2022,"Uitsluitend materiele schade",2,"Personenauto","Fiets","Flank","Kruispunt, 4 takken",50,"Niet brandend","Daglicht","Droog",\N,\N,"Dolingadreef","Amsterdam","Amsterdam","Noord-Holland",false,52.322387,4.94556,"material damage only","4","clear",false,1,"GM0363"
"20220214483",2022,"Letsel",2,"Bestelauto","e-bike","Flank","Bocht",50,"Niet brandend","Daglicht","Regen",\N,\N,"Dorpsstraat","Oegstgeest","Oegstgeest","Zuid-Holland",false,52.190574,4.467451,"injury","2","rain",false,1,"GM0579"
"20220218051",2022,"Uitsluitend materiele schade",2,"Personenauto","Fiets","Flank","Rechte weg",30,"Niet brandend","Daglicht","Droog",\N,"600379194","Daguerrestraat","'s-Gravenhage","'s-Gravenhage","Zuid-Holland",false,52.077326,4.280858,"material damage only","4","clear",false,1,"GM0518"
"20220225260",2022,"Uitsluitend materiele schade",2,"Personenauto","Fiets","Frontaal","Rechte weg",60,"Niet brandend","Daglicht","Droog",\N,"149162001","Westelijke Spuikanaalweg","Rilland","Reimerswaal","Zeeland",false,51.403803,4.234443,"material damage only","4","clear",false,1,"GM0703"
"20220198959",2022,"Uitsluitend materiele schade",3,"Personenauto","Fiets","Los voorwerp","Kruispunt, 4 takken",30,"Niet brandend","Daglicht","Droog",\N,\N,"Vulcaanstraat","Terborg","Oude IJsselstreek","Gelderland",false,51.920485,6.350619,"material damage only","4","clear",false,1,"GM1509"
"20220162383",2022,"Dodelijk",2,"Personenauto","e-bike","Onbekend",\N,30,\N,"Duisternis","Droog",\N,\N,"Zuidwesthoekweg","Sneek","Súdwest-Fryslân","Friesland",false,53.026549,5.640389,"fatal","1","clear",false,1,"GM1900"
"20220222374",2022,"Uitsluitend materiele schade",3,"Personenauto","e-bike","Onbekend","Kruispunt, 4 takken",50,"Niet brandend","Daglicht","Droog",\N,\N,"Rembrandtlaan","Sliedrecht","Sliedrecht","Zuid-Holland",false,51.817325,4.788927,"material damage only","4","clear",false,1,"GM0610"
"20220227309",2022,"Letsel",1,"Fiets",\N,"Eenzijdig","Rechte weg",15,"Brandend","Duisternis","Droog",\N,"600941793","Kruisstraat","Eindhoven","Eindhoven","Noord-Brabant",false,51.448064,5.475269,"injury","2","clear",false,1,"GM0772"
"20220199716",2022,"Letsel",2,"Personenauto","Fiets","Flank","Kruispunt, 3 takken",30,"Niet brandend","Daglicht","Droog",\N,\N,"Jan Jansweg","Wierden","Wierden","Overijssel",false,52.359956,6.581515,"injury","2","clear",false,1,"GM0189"
"20220220351",2022,"Letsel",1,"Fiets",\N,"Eenzijdig","Rotonde",50,"Niet brandend","Daglicht","Droog",\N,\N,"Abraham van Stolkweg","Rotterdam","Rotterdam","Zuid-Holland",false,51.927683,4.439179,"injury","2","clear",false,1,"GM0599"
"20220221035",2022,"Letsel",2,"Personenauto","e-bike","Frontaal","Kruispunt, 4 takken",30,"Niet brandend","Schemer","Regen",\N,\N,"1e Pijnackerstraat","Rotterdam","Rotterdam","Zuid-Holland",false,51.933344,4.480825,"injury","2","rain",false,1,"GM0599"
"20220228936",2022,"Uitsluitend materiele schade",2,"Personenauto","Fiets","Flank","Rechte weg",50,"Brandend","Duisternis","Regen",\N,"325167064","Tongelresestraat","Eindhoven","Eindhoven","Noord-Brabant",false,51.44212,5.500134,"material damage only","4","rain",false,1,"GM0772"
"20220202464",2022,"Letsel",1,"Fiets",\N,"Eenzijdig",\N,70,\N,"Daglicht",\N,\N,"600488287","Kustendreef","Lelystad","Lelystad","Flevoland",false,52.511649,5.482087,"injury","2","unknown",false,1,"GM0995"
"20220210109",2022,"Uitsluitend materiele schade",2,"Personenauto","Fiets","Onbekend","Kruispunt, 4 takken",50,"Brandend","Duisternis","Droog",\N,\N,"Van Woustraat","Amsterdam","Amsterdam","Noord-Holland",false,52.354724,4.901245,"material damage only","4","clear",false,1,"GM0363"
"20220211714",2022,"Letsel",2,"Personenauto","e-bike","Flank","Kruispunt, 4 takken",50,"Brandend","Duisternis","Droog",\N,\N,"Haarlemmerweg","Amsterdam","Amsterdam","Noord-Holland",false,52.384904,4.847585,"injury","2","clear",false,1,"GM0363"
"20220215316",2022,"Uitsluitend materiele schade",2,"Personenauto","Fiets","Onbekend","Kruispunt, 4 takken",30,"Niet brandend","Daglicht","Droog",\N,\N,"Fourieweg","Gouda","Gouda","Zuid-Holland",false,52.009565,4.720883,"material damage only","4","clear",false,1,"GM0513"
"20220218237",2022,"Letsel",2,"Personenauto","Fiets","Frontaal","Kruispunt, 4 takken",50,"Brandend","Duisternis","Regen",\N,\N,"Geestweg","Naaldwijk","Westland","Zuid-Holland",false,51.994506,4.203455,"injury","2","rain",false,1,"GM1783"
"20220218350",2022,"Letsel",2,"Personenauto","Fiets","Frontaal","Kruispunt, 4 takken",50,"Niet brandend","Schemer","Droog",\N,\N,"Wittenburgerweg","Wassenaar","Wassenaar","Zuid-Holland",false,52.117996,4.367331,"injury","2","clear",false,1,"GM0629"
"20220223769",2022,"Uitsluitend materiele schade",2,"Personenauto","Fiets","Flank","Kruispunt, 4 takken",50,"Niet brandend","Daglicht","Droog",\N,\N,"Groenstraat","Tilburg","Tilburg","Noord-Brabant",false,51.546124,5.084303,"material damage only","4","clear",false,1,"GM0855"
"20220199789",2022,"Uitsluitend materiele schade",3,"Personenauto","Fiets","Onbekend","Rotonde",50,"Niet brandend","Daglicht","Droog",\N,\N,"Klaphekweg","Ede","Ede","Gelderland",false,52.037337,5.651116,"material damage only","4","clear",false,1,"GM0228"
"20220200463",2022,"Letsel",2,"e-bike","Personenauto","Kop/staart","Rechte weg",80,"Brandend","Duisternis","Droog",\N,"600862656","Gaanderenseweg","Doetinchem","Doetinchem","Gelderland",false,51.941394,6.316172,"injury","2","clear",false,1,"GM0222"
"20220204803",2022,"Letsel",2,"Personenauto","Fiets","Flank","Kruispunt, 3 takken",30,"Niet brandend","Daglicht","Droog",\N,\N,"Sierduif","Nieuwegein","Nieuwegein","Utrecht",false,52.024498,5.075448,"injury","2","clear",false,1,"GM0356"
"20220221114",2022,"Letsel",2,"Personenauto","Fiets","Flank","Kruispunt, 3 takken",50,"Niet brandend","Daglicht","Regen",\N,\N,"Johann Sebastian Bachstr","Ridderkerk","Ridderkerk","Zuid-Holland",false,51.886941,4.600667,"injury","2","rain",false,1,"GM0597"
"20220221152",2022,"Letsel",2,"e-bike","Personenauto","Flank","Kruispunt, 4 takken",50,"Niet brandend","Daglicht","Droog",\N,\N,"Oranjelaan","Dordrecht","Dordrecht","Zuid-Holland",false,51.8114,4.68201,"injury","2","clear",false,1,"GM0505"
"20220224643",2022,"Letsel",1,"Fiets",\N,"Eenzijdig","Rechte weg",30,"Niet brandend","Daglicht","Droog",\N,"72182089","Nieuwlandseweg","Arnemuiden","Middelburg","Zeeland",false,51.498148,3.67985,"injury","2","clear",false,1,\N
"20220228300",2022,"Uitsluitend materiele schade",2,"Personenauto","Fiets","Flank","Kruispunt, 3 takken",50,"Brandend","Duisternis","Droog",\N,\N,"Corsica","Veghel","Meierijstad","Noord-Brabant",false,51.598417,5.520451,"material damage only","4","clear",false,1,"GM1948"
"20220199836",2022,"Letsel",2,"Bus","Fiets","Flank","Kruispunt, 4 takken",30,"Brandend","Duisternis","Droog",\N,\N,"Rijksweg","Duiven","Duiven","Gelderland",false,51.948714,6.029605,"injury","2","clear",false,1,"GM0226"
"20220213858",2022,"Letsel",2,"Personenauto","Fiets","Flank","Kruispunt, 4 takken",50,"Niet brandend","Daglicht","Droog",\N,\N,"Herenstraat","Wateringen","Westland","Zuid-Holland",false,52.023621,4.274585,"injury","2","clear",false,1,"GM1783"
"20220227587",2022,"Uitsluitend materiele schade",2,"Fiets","Boom","Vast voorwerp","Rechte weg",30,"Niet brandend","Daglicht","Droog",\N,"600810274","Nieuwendijk","Heeze","Heeze-Leende","Noord-Brabant",false,51.374874,5.580079,"material damage only","4","clear",false,1,"GM1658"
"20220224803",2022,"Letsel",2,"Personenauto","Fiets","Onbekend","Kruispunt, 4 takken",50,"Brandend","Duisternis","Regen",\N,\N,"Claudius Prinsenlaan","Breda","Breda","Noord-Brabant",false,51.580219,4.804749,"injury","2","rain",false,1,"GM0758"
"20220229181",2022,"Uitsluitend materiele schade",2,"Bestelauto","Fiets","Flank","Kruispunt, 3 takken",50,"Niet brandend","Daglicht","Droog",\N,\N,"Jozef Eliasweg","Eindhoven","Eindhoven","Noord-Brabant",false,51.438944,5.465566,"material damage only","4","clear",false,1,"GM0772"
"20220206123",2022,"Uitsluitend materiele schade",2,"Bestelauto","Fiets","Flank","Rotonde",50,"Niet brandend","Daglicht","Droog",\N,\N,"Frankenburgsingel","Hoofddorp","Haarlemmermeer","Noord-Holland",true,52.305391,4.661751,"material damage only","4","clear",false,1,"GM0394"
"20220216305",2022,"Letsel",3,"Bestelauto","Fiets","Onbekend","Rechte weg",30,"Niet brandend","Daglicht","Droog",\N,\N,"Grote Achterweg","Naaldwijk","Westland","Zuid-Holland",false,52.007643,4.200036,"injury","2","clear",false,1,"GM1783"
"20220203555",2022,"Letsel",2,"Personenauto","Fiets","Onbekend","Rotonde",50,"Niet brandend","Daglicht","Regen",\N,\N,"FIETSPAD","Almere","Almere","Flevoland",false,52.374605,5.237418,"injury","2","rain",false,1,"GM0034"
"20220208660",2022,"Letsel",3,"Bromfiets","Fiets","Onbekend","Rechte weg",30,"Brandend","Duisternis","Droog",\N,"600743470","Banckspolder","Hoofddorp","Haarlemmermeer","Noord-Holland",false,52.318966,4.650591,"injury","2","clear",false,1,"GM0394"
"20220213257",2022,"Letsel",1,"Fiets",\N,"Eenzijdig","Kruispunt, 4 takken",30,"Niet brandend","Daglicht","Droog",\N,\N,"Wijkerlaan","Voorburg","Leidschendam-Voorburg","Zuid-Holland",false,52.074076,4.375931,"injury","2","clear",false,1,"GM1916"
"20220226540",2022,"Letsel",2,"Fiets","Fiets","Frontaal","Rechte weg",70,"Brandend","Duisternis","Droog",\N,"600387518","Ettensebaan","Breda","Breda","Noord-Brabant",false,51.578397,4.72009,"injury","2","clear",false,1,"GM0758"
"20220200715",2022,"Uitsluitend materiele schade",2,"Fiets","Fiets","Frontaal","Kruispunt, 3 takken",30,"Niet brandend","Daglicht","Droog",\N,\N,"Lingeweg","Tiel","Tiel","Gelderland",false,51.894879,5.403341,"material damage only","4","clear",false,1,"GM0281"
"20220216408",2022,"Letsel",1,"Fiets",\N,"Eenzijdig","Kruispunt, 3 takken",30,"Brandend","Schemer","Droog","Brug/viaduct","185326135","Rijn en Schiekade","Leiden","Leiden","Zuid-Holland",false,52.155801,4.480947,"injury","2","clear",false,1,"GM0546"
"20220232671",2022,"Uitsluitend materiele schade",2,"Personenauto","Fiets","Frontaal","Rechte weg",50,"Niet brandend","Daglicht","Droog",\N,\N,"Keulsebaan","Roermond","Roermond","Limburg",false,51.168021,6.04187,"material damage only","4","clear",false,1,"GM0957"
"20220217142",2022,"Letsel",2,"Fiets","Bromfiets","Flank","Rechte weg",30,"Niet brandend","Daglicht","Droog",\N,"171295049","Olof Palmestraat","Delft","Delft","Zuid-Holland",false,52.011817,4.380464,"injury","2","clear",false,1,"GM0503"
"20220200810",2022,"Uitsluitend materiele schade",2,"Personenauto","Fiets","Frontaal","Kruispunt, 3 takken",50,"Brandend","Duisternis","Regen",\N,\N,"Laan van Borgele","Deventer","Deventer","Overijssel",false,52.266681,6.153978,"material damage only","4","rain",false,1,"GM0150"
"20220201523",2022,"Uitsluitend materiele schade",2,"Personenauto","Fiets","Onbekend","Kruispunt, 3 takken",30,"Niet brandend","Daglicht","Regen",\N,\N,"Schapendijk","Rijssen","Rijssen-Holten","Overijssel",false,52.303029,6.535463,"material damage only","4","rain",false,1,"GM1742"
"20220207959",2022,"Letsel",2,"Personenauto","Fiets","Flank","Kruispunt, 4 takken",50,"Niet brandend","Daglicht","Droog",\N,\N,"Oostergouw","Zwaag","Hoorn","Noord-Holland",false,52.662735,5.064802,"injury","2","clear",false,1,"GM0405"
"20220212091",2022,"Uitsluitend materiele schade",2,"Fiets","Bestelauto","Flank","Kruispunt, 4 takken",50,"Brandend","Duisternis","Droog",\N,\N,"Overtoom","Amsterdam","Amsterdam","Noord-Holland",false,52.362838,4.875332,"material damage only","4","clear",false,1,"GM0363"
"20220201542",2022,"Uitsluitend materiele schade",2,"Bromfiets","Fiets","Frontaal","Rechte weg",\N,"Brandend","Duisternis","Droog",\N,"369253047","Graafsepad","Nijmegen","Nijmegen","Gelderland",true,51.827451,5.821354,"material damage only","4","clear",false,1,"GM0268"
"20220202927",2022,"Uitsluitend materiele schade",2,"e-bike","Fiets","Flank","Rechte weg",30,"Niet brandend","Daglicht","Regen",\N,"600248172","Bergsmapad","Almere","Almere","Flevoland",false,52.356722,5.218473,"material damage only","4","rain",false,1,"GM0034"
"20220202951",2022,"Letsel",2,"Snorfiets","Fiets","Frontaal","Bocht",50,"Niet brandend","Daglicht","Regen",\N,"600793780","Amersfoortseweg","Bunschoten-Spakenburg","Bunschoten","Utrecht",false,52.225255,5.369402,"injury","2","rain",false,1,"GM0313"
"20220217201",2022,"Letsel",1,"Fiets",\N,"Eenzijdig","Bocht",50,"Brandend","Duisternis","Droog","Tunnel",\N,"Haagweg","Leiden","Leiden","Zuid-Holland",false,52.151158,4.464723,"injury","2","clear",false,1,"GM0546"
"20220217869",2022,"Letsel",2,"Fiets","Overig vast object","Vast voorwerp","Rechte weg",50,"Brandend","Duisternis","Regen",\N,"183327064","Doctor Lelylaan","Leiden","Leiden","Zuid-Holland",false,52.157662,4.466387,"injury","2","rain",false,1,"GM0546"
"20220219292",2022,"Letsel",1,"Fiets",\N,"Eenzijdig","Rechte weg",30,"Niet brandend","Daglicht","Droog",\N,"210250040","Bagijnhof","Dordrecht","Dordrecht","Zuid-Holland",false,51.813238,4.666567,"injury","2","clear",false,1,"GM0505"
"20220220825",2022,"Uitsluitend materiele schade",2,"Personenauto","Fiets","Onbekend","Kruispunt, 3 takken",50,"Niet brandend","Daglicht","Droog",\N,\N,"Oldegaarde","Rotterdam","Rotterdam","Zuid-Holland",true,51.878018,4.494632,"material damage only","4","clear",false,1,"GM0599"