"accident_id","year","severity_raw","party_count","party1_type","party2_type","accident_type","road_situation","speed_limit_kmh","road_lighting","light_condition_label","weather_raw","infra_type","road_segment_id","street_name","place_name","gemeente_name_raw","province","alcohol_indicated","latitude","longitude","severity_label","severity_code","weather_label","built_up_area","cyclists_involved","gemeente_code"
"20230091922",2023,"Uitsluitend materiele schade",2,"Personenauto","Fiets","Flank","Rotonde",50,"Brandend","Schemer","Droog",\N,\N,"Reeshofweg","Tilburg","Tilburg","Noord-Brabant",false,51.575916,4.993257,"material damage only","4","clear",false,1,"GM0855"
"20230097705",2023,"Letsel",2,"Fiets","Personenauto","Flank","Kruispunt, 4 takken",30,"Niet brandend","Daglicht","Droog",\N,\N,"Molenwerf","Amsterdam","Amsterdam","Noord-Holland",false,52.385941,4.845648,"injury","2","clear",false,1,"GM0363"
"20230106013",2023,"Uitsluitend materiele schade",2,"Fiets","Personenauto","Onbekend","Rechte weg",50,"Niet brandend","Daglicht","Droog",\N,"348301096","Kuiperplein","Ede","Ede","Gelderland",false,52.044784,5.668873,"material damage only","4","clear",false,1,"GM0228"
"20230081975",2023,"Uitsluitend materiele schade",2,"Personenauto","Fiets","Frontaal","Kruispunt, 4 takken",50,"Niet brandend","Daglicht","Droog",\N,\N,"Rijksweg Noord","Echt","Echt-Susteren","Limburg",false,51.103995,5.887782,"material damage only","4","clear",false,1,"GM1711"
"20230103822",2023,"Uitsluitend materiele schade",2,"Personenauto","Fiets","Onbekend","Rotonde",50,"Niet brandend","Daglicht","Mist",\N,"601068088","Randweg","Arnhem","Arnhem","Gelderland",false,51.949643,5.871296,"material damage only","4","fog",false,1,"GM0202"
"20230106042",2023,"Letsel",2,"Fiets","Fiets","Frontaal","Rechte weg",30,"Brandend","Duisternis","Regen",\N,\N,"Bankastraat","Hengelo","Hengelo (O)","Overijssel",false,52.270068,6.784933,"injury","2","rain",false,1,\N
"20230082037",2023,"Letsel",2,"Personenauto","e-bike","Flank","Kruispunt, 3 takken",50,"Niet brandend","Daglicht","Droog",\N,\N,"Malvabeemd","Maastricht","Maastricht","Limburg",false,50.824226,5.712232,"injury","2","clear",false,1,"GM0935"
"20230089001",2023,"Letsel",2,"Fiets","Fiets","Flank","Kruispunt, 3 takken",30,"Niet brandend","Daglicht","Droog",\N,\N,"Hoefkade","'s-Gravenhage","'s-Gravenhage","Zuid-Holland",false,52.070262,4.317655,"injury","2","clear",false,1,"GM0518"
"20230082068",2023,"Letsel",2,"Personenauto","Fiets","Onbekend","Rotonde",50,"Niet aanwezig","Daglicht","Droog",\N,\N,"Business Park Stein","Elsloo","Stein","Limburg",false,50.951907,5.780021,"injury","2","clear",false,1,\N
"20230084406",2023,"Uitsluitend materiele schade",2,"Bromfiets","Fiets","Flank","Kruispunt, 4 takken",50,"Niet brandend","Daglicht","Regen",\N,\N,"Chopinpad","Almere","Almere","Flevoland",false,52.367531,5.191113,"material damage only","4","rain",false,1,"GM0034"
"20230086119",2023,"Letsel",2,"Bestelauto","Fiets","Geparkeerd voertuig",\N,50,"Niet brandend","Daglicht","Droog","Parkeervoorziening","601056370","Kalfstermansweide","Holten","Rijssen-Holten","Overijssel",false,52.282946,6.422803,"injury","2","clear",false,1,"GM1742"
"20230087860",2023,"Letsel",2,"Personenauto","Fiets","Flank","Kruispunt, 3 takken",50,"Niet brandend","Daglicht","Regen",\N,\N,"Werengouw","Amsterdam","Amsterdam","Noord-Holland",true,52.395998,4.942052,"injury","2","rain",false,1,"GM0363"
"20230093193",2023,"Letsel",2,"Fiets","Fiets","Onbekend","Rechte weg",30,"Niet brandend","Daglicht","Droog",\N,"600864402","Balkerweg","Witharen","Ommen","Overijssel",false,52.561724,6.39586,"injury","2","clear",false,1,"GM0175"
"20230094337",2023,"Letsel",2,"Bromfiets","Fiets","Frontaal","Kruispunt, 4 takken",30,"Niet brandend","Daglicht","Droog",\N,\N,"Stationsplein","Nijmegen","Nijmegen","Gelderland",false,51.842104,5.853763,"injury","2","clear",false,1,"GM0268"
"20230103895",2023,"Letsel",2,"Personenauto","Fiets","Flank","Kruispunt, 3 takken",30,"Niet brandend","Daglicht","Droog",\N,\N,"Mosselsepad","Otterlo","Ede","Gelderland",false,52.100934,5.770928,"injury","2","clear",false,1,"GM0228"
"20230092067",2023,"Uitsluitend materiele schade",2,"Personenauto","Fiets","Flank","Kruispunt, 4 takken",50,"Niet brandend","Daglicht","Droog",\N,\N,"Bredaseweg","Tilburg","Tilburg","Noord-Brabant",false,51.556887,5.055266,"material damage only","4","clear",false,1,"GM0855"
"20230096109",2023,"Uitsluitend materiele schade",3,"Snorfiets","Fiets","Onbekend","Rechte weg",\N,"Niet brandend","Daglicht","Droog",\N,"600383321","Vondellaan","Utrecht","Utrecht","Utrecht",false,52.079072,5.117732,"material damage only","4","clear",false,1,"GM0344"
"20230102891",2023,"Letsel",2,"Fiets","Fiets","Kop/staart","Rechte weg",30,"Niet brandend","Daglicht","Droog",\N,"157309089","Fahrenheitstraat","'s-Gravenhage","'s-Gravenhage","Zuid-Holland",false,52.075877,4.2721,"injury","2","clear",false,1,"GM0518"
"20230089104",2023,"Letsel",2,"Personenauto","Fiets","Flank","Rechte weg",50,"Niet brandend","Daglicht","Droog",\N,"226283006","Schoonouwenseweg","Stolwijk","Krimpenerwaard","Zuid-Holland",false,51.963709,4.793586,"injury","2","clear",false,1,"GM1931"
"20230084506",2023,"Uitsluitend materiele schade",2,"Personenauto","Fiets","Frontaal","Rotonde",50,"Niet aanwezig","Daglicht","Droog",\N,\N,"Gelderseweg","Zeewolde","Zeewolde","Flevoland",false,52.336989,5.533117,"material damage only","4","clear",false,1,"GM0050"
"20230092147",2023,"Uitsluitend materiele schade",3,"Personenauto","Fiets","Onbekend","Rechte weg",50,"Brandend","Daglicht","Regen",\N,\N,"Oostsingel","Venray","Venray","Limburg",false,51.524918,5.984629,"material damage only","4","rain",false,1,"GM0984"
"20230097338",2023,"Letsel",2,"Personenauto","Fiets","Flank","Rechte weg",50,"Brandend","Schemer","Regen",\N,"223426005","Toermalijnstraat","Alkmaar","Alkmaar","Noord-Holland",false,52.605009,4.74535,"injury","2","rain",false,1,"GM0361"
"20230089204",2023,"Letsel",2,"Bromfiets","e-bike","Flank","Kruispunt, 3 takken",50,"Niet brandend","Daglicht","Droog",\N,\N,"Nieuwelaan","'s-Gravenzande","Westland","Zuid-Holland",false,51.985559,4.165251,"injury","2","clear",false,1,"GM1783"
"20230090980",2023,"Uitsluitend materiele schade",2,"Personenauto","Fiets","Onbekend","Kruispunt, 3 takken",50,\N,"Daglicht",\N,\N,\N,"Frans den Hollanderlaan","Goes","Goes","Zeeland",false,51.499134,3.890266,"material damage only","4","unknown",false,1,"GM0664"
"20230096799",2023,"Letsel",2,"Personenauto","e-bike","Flank","Kruispunt, 4 takken",30,"Niet brandend","Daglicht","Droog",\N,\N,"Johannes Vermeerstraat","Lichtenvoorde","Oost Gelre","Gelderland",false,51.9899,6.576882,"injury","2","clear",false,1,"GM1586"
"20230089811",2023,"Uitsluitend materiele schade",1,"Fiets",\N,"Voetganger","Rechte weg",30,"Niet brandend","Daglicht","Droog",\N,"210287002","Schielands Hoge Zeedk W","Moordrecht","Zuidplas","Zuid-Holland",false,51.979931,4.666221,"material damage only","4","clear",false,1,"GM1892"
"20230086335",2023,"Uitsluitend materiele schade",3,"Personenauto","Fiets","Los voorwerp","Kruispunt, 4 takken",50,"Niet brandend","Daglicht","Droog",\N,\N,"Mauritskade","Amsterdam","Amsterdam","Noord-Holland",false,52.360108,4.908776,"material damage only","4","clear",false,1,"GM0363"
"20230089268",2023,"Uitsluitend materiele schade",2,"Personenauto","Fiets","Flank","Kruispunt, 4 takken",50,"Niet brandend","Daglicht","Regen",\N,\N,"Meierijstraat","Rotterdam","Rotterdam","Zuid-Holland",false,51.886909,4.492012,"material damage only","4","rain",false,1,"GM0599"
"20230000216",2023,"Letsel",2,"Personenauto","Fiets","Flank","Kruispunt, 3 takken",60,"Niet aanwezig","Daglicht","Droog",\N,\N,"JOHANNAHOEVE","Steenenkamer","Voorst","Gelderland",false,52.239416,6.142684,"injury","2","clear",false,1,"GM0285"
"20220002453",2022,"Uitsluitend materiele schade",2,"Personenauto","Fiets","Flank","Rechte weg",50,"Niet brandend","Daglicht","Droog",\N,\N,"Foarwei","Damwâld","Dantumadiel","Friesland",false,53.29009,5.995099,"material damage only","4","clear",false,1,"GM1891"
"20240003961",2024,"Letsel",2,"Personenauto","Fiets","Frontaal","Kruispunt, 4 takken",50,"Brandend","Duisternis","Droog",\N,\N,"MAAGDENBRUG","Groningen","Groningen","Groningen",false,53.221878,6.568329,"injury","2","clear",false,1,"GM0014"
"20220130235",2022,"Uitsluitend materiele schade",3,"Personenauto","Fiets","Onbekend","Kruispunt, 3 takken",50,"Niet brandend","Daglicht","Droog",\N,\N,"Scholtensboslaan","Roosendaal","Roosendaal","Noord-Brabant",false,51.528397,4.461519,"material damage only","4","clear",false,1,"GM1674"
"20220131396",2022,"Uitsluitend materiele schade",2,"Personenauto","Fiets","Flank","Kruispunt, 3 takken",60,"Niet brandend","Daglicht","Droog",\N,\N,"Oude Lieshoutseweg","Sint-Oedenrode","Meierijstad","Noord-Brabant",false,51.551609,5.480007,"material damage only","4","clear",false,1,"GM1948"
"20230001627",2023,"Letsel",1,"Fiets",\N,"Eenzijdig",\N,50,\N,"Daglicht",\N,\N,\N,"Burgemeester Falkenaweg","Heerenveen","Heerenveen","Friesland",false,52.950299,5.934675,"injury","2","unknown",false,1,"GM0074"
"20220068164",2022,"Dodelijk",2,"Personenauto","e-bike","Kop/staart","Kruispunt, 4 takken",50,"Brandend","Duisternis","Droog",\N,\N,"Aldetiendstraat","Uden","Maashorst","Noord-Brabant",false,51.661749,5.615535,"fatal","1","clear",false,1,"GM1991"
"20240004031",2024,"Uitsluitend materiele schade",2,"Bromfiets","Fiets","Flank","Kruispunt, 4 takken",50,"Niet brandend","Daglicht","Droog",\N,\N,"Peizerweg","Groningen","Groningen","Groningen",false,53.212039,6.555424,"material damage only","4","clear",false,1,"GM0014"
"20240002279",2024,"Uitsluitend materiele schade",2,"Personenauto","Fiets","Onbekend","Kruispunt, 4 takken",50,"Niet brandend","Daglicht","Droog",\N,\N,"Grasdreef","Eindhoven","Eindhoven","Noord-Brabant",false,51.435737,5.415525,"material damage only","4","clear",false,1,"GM0772"
"20220076201",2022,"Uitsluitend materiele schade",2,"Personenauto","Fiets","Onbekend","Rechte weg",50,"Niet brandend","Daglicht","Droog",\N,"600375218","Rietstraat","Almelo","Almelo","Overijssel",false,52.349013,6.668219,"material damage only","4","clear",false,1,"GM0141"
"20220076574",2022,"Uitsluitend materiele schade",2,"Personenauto","Fiets","Flank","Kruispunt, 4 takken",30,"Niet brandend","Daglicht","Regen",\N,\N,"H Kuipers-Rietbergstr","Almere","Almere","Flevoland",false,52.37908,5.240261,"material damage only","4","rain",false,1,"GM0034"
"20220087459",2022,"Uitsluitend materiele schade",2,"Vrachtauto","Fiets","Flank","Kruispunt, 3 takken",50,"Niet brandend","Daglicht","Regen",\N,\N,"Kloosterplein","Breda","Breda","Noord-Brabant",false,51.587823,4.780675,"material damage only","4","rain",false,1,"GM0758"
"20220090983",2022,"Uitsluitend materiele schade",2,"Personenauto","Fiets","Flank","Kruispunt, 4 takken",30,"Niet brandend","Daglicht","Droog",\N,\N,"Rijksweg","Wittem","Gulpen-Wittem","Limburg",false,50.811034,5.917493,"material damage only","4","clear",false,1,"GM1729"
"20220069866",2022,"Uitsluitend materiele schade",2,"Snorfiets","Fiets","Flank","Kruispunt, 4 takken",50,"Niet brandend","Daglicht","Droog",\N,\N,"Beukenberg","Oirsbeek","Beekdaelen","Limburg",false,50.958918,5.90817,"material damage only","4","clear",false,1,"GM1954"
"20220076144",2022,"Letsel",3,"Personenauto","e-bike","Los voorwerp","Rechte weg",60,"Niet brandend","Daglicht","Droog",\N,"600875582","Maarsevonder","Groenlo","Oost Gelre","Gelderland",false,52.045464,6.62624,"injury","2","clear",false,1,"GM1586"
"20220082621",2022,"Uitsluitend materiele schade",2,"Snorfiets","Fiets","Voetganger","Rechte weg",30,"Niet brandend","Daglicht","Droog",\N,"171308009","Wijkerlaan","Voorburg","Leidschendam-Voorburg","Zuid-Holland",false,52.073735,4.376336,"material damage only","4","clear",false,1,"GM1916"
"20220104037",2022,"Letsel",1,"Fiets",\N,"Eenzijdig","Rechte weg",\N,"Niet brandend","Daglicht","Droog",\N,"185305059","Panamapad","Zoetermeer","Zoetermeer","Zuid-Holland",false,52.061575,4.476775,"injury","2","clear",false,1,"GM0637"
"20220031599",2022,"Uitsluitend materiele schade",2,"Personenauto","Fiets","Onbekend",\N,50,\N,"Daglicht",\N,\N,"399048102","Beethovensingel","Landgraaf","Landgraaf","Limburg",false,50.905079,6.021754,"material damage only","4","unknown",false,1,"GM0882"
"20220037478",2022,"Letsel",2,"Personenauto","Fiets","Flank","Kruispunt, 4 takken",30,"Brandend","Duisternis","Droog",\N,\N,"Vredenoordkade","Rotterdam","Rotterdam","Zuid-Holland",false,51.926213,4.497922,"injury","2","clear",false,1,"GM0599"
"20220047833",2022,"Letsel",2,"Fiets","Overig vast object","Vast voorwerp","Rechte weg",30,"Niet brandend","Daglicht","Droog",\N,\N,"Loolaan","Doetinchem","Doetinchem","Gelderland",false,51.972396,6.2858,"injury","2","clear",false,1,"GM0222"
"20220056536",2022,"Letsel",2,"Bromfiets","Fiets","Onbekend","Rechte weg",50,"Niet brandend","Schemer","Droog",\N,"152307093","Laan van Meerdervoort","'s-Gravenhage","'s-Gravenhage","Zuid-Holland",false,52.065891,4.241826,"injury","2","clear",false,1,"GM0518"
"20220092760",2022,"Letsel",3,"Fiets","Fiets","Flank","Rechte weg",\N,"Niet brandend","Daglicht","Droog",\N,"600870124","Wilgenpad","Groningen","Groningen","Groningen",false,53.233484,6.546198,"injury","2","clear",false,1,"GM0014"
"20220053773",2022,"Letsel",2,"e-bike","Voetganger","Voetganger","Rechte weg",50,"Niet brandend","Daglicht","Droog",\N,"204371004","Zandvoortselaan","Heemstede","Heemstede","Noord-Holland",false,52.358992,4.614822,"injury","2","clear",false,1,"GM0397"
"20220090631",2022,"Uitsluitend materiele schade",2,"Personenauto","e-bike","Flank","Kruispunt, 4 takken",\N,"Niet brandend","Daglicht","Droog",\N,\N,"Frankenstraat","Maastricht","Maastricht","Limburg",false,50.851998,5.718126,"material damage only","4","clear",false,1,"GM0935"
"20220111936",2022,"Letsel",2,"Personenauto","Fiets","Flank","Rechte weg",30,"Niet brandend","Daglicht","Droog",\N,"390209008","Grotestraat","Sambeek","Land van Cuijk","Noord-Brabant",false,51.629092,5.972248,"injury","2","clear",false,1,"GM1982"
"20220017307",2022,"Letsel",1,"Fiets",\N,"Eenzijdig","Rechte weg",50,"Niet brandend","Daglicht","Droog",\N,"170290044","Rotterdamseweg","Delft","Delft","Zuid-Holland",false,51.990192,4.374103,"injury","2","clear",false,1,"GM0503"
"20220056905",2022,"Letsel",2,"Snorfiets","Fiets","Frontaal","Rechte weg",60,"Niet brandend","Daglicht","Droog",\N,"600733853","Zilkerduinweg","De Zilk","Noordwijk","Zuid-Holland",false,52.2986,4.533947,"injury","2","clear",false,1,"GM0575"
"20220059547",2022,"Letsel",2,"Personenauto","Fiets","Onbekend","Rotonde",50,"Niet brandend","Daglicht","Droog",\N,\N,"Soestdijkseplein","'s-Gravenhage","'s-Gravenhage","Zuid-Holland",false,52.061901,4.283344,"injury","2","clear",false,1,"GM0518"
"20220080117",2022,"Uitsluitend materiele schade",2,"Bromfiets","Fiets","Frontaal","Rechte weg",\N,"Niet brandend","Daglicht","Droog","Tunnel","600622622","Rekerdijk","Alkmaar","Alkmaar","Noord-Holland",false,52.646868,4.753036,"material damage only","4","clear",false,1,"GM0361"
"20220082974",2022,"Letsel",2,"Bromfiets","Fiets","Onbekend","Kruispunt, 4 takken",50,"Niet brandend","Daglicht","Droog",\N,\N,"Vollevensstraat","'s-Gravenhage","'s-Gravenhage","Zuid-Holland",false,52.061504,4.305995,"injury","2","clear",false,1,"GM0518"
"20220104580",2022,"Letsel",3,"Fiets","Fiets","Onbekend","Rechte weg",60,"Niet brandend","Daglicht","Droog",\N,"205315001","Dijkgraafweg","Hazerswoude-Dorp","Alphen aan den Rijn","Zuid-Holland",false,52.101102,4.62597,"injury","2","clear",false,1,"GM0484"
"20220062647",2022,"Letsel",1,"Fiets",\N,"Eenzijdig",\N,30,\N,"Duisternis",\N,\N,"186278001","Zwaanshals","Rotterdam","Rotterdam","Zuid-Holland",false,51.93729,4.486528,"injury","2","unknown",false,1,"GM0599"
"20220084029",2022,"Letsel",1,"Fiets",\N,"Eenzijdig","Kruispunt, 3 takken",30,"Niet brandend","Daglicht","Droog",\N,\N,"Van der Endetuinen","Delft","Delft","Zuid-Holland",false,52.009143,4.324009,"injury","2","clear",false,1,"GM0503"
"20220094269",2022,"Uitsluitend materiele schade",3,"Fiets","e-bike","Onbekend","Rechte weg",\N,"Niet brandend","Daglicht","Droog",\N,"371334005","Rijksweg A1","Ugchelen","Apeldoorn","Gelderland",false,52.186295,5.876288,"material damage only","4","clear",false,1,"GM0200"
"20220104830",2022,"Uitsluitend materiele schade",3,"Personenauto","Fiets","Flank","Rechte weg",30,"Niet brandend","Daglicht","Droog",\N,"600105726","Loosduinseweg","'s-Gravenhage","'s-Gravenhage","Zuid-Holland",false,52.070342,4.282104,"material damage only","4","clear",false,1,"GM0518"
"20220105278",2022,"Letsel",2,"Bromfiets","Fiets","Onbekend","Rechte weg",30,"Niet brandend","Daglicht","Regen",\N,"600671444","Raamweg","'s-Gravenhage","'s-Gravenhage","Zuid-Holland",false,52.093013,4.310282,"injury","2","rain",false,1,"GM0518"
"20220017810",2022,"Uitsluitend materiele schade",2,"Bromfiets","Fiets","Flank","Kruispunt, 3 takken",30,"Brandend","Duisternis","Droog",\N,\N,"Noordeindeplein","Leiden","Leiden","Zuid-Holland",false,52.160014,4.48115,"material damage only","4","clear",false,1,"GM0546"
"20220070342",2022,"Letsel",2,"Personenauto","Fiets","Flank","Rechte weg",30,"Niet brandend","Daglicht",\N,\N,"367055009","van Sonsbeecklaan","Beek","Beek","Limburg",false,50.94045,5.797033,"injury","2","unknown",false,1,\N
"20220082113",2022,"Letsel",1,"Fiets",\N,"Eenzijdig","Rechte weg",30,"Niet brandend","Daglicht","Regen","Brug/viaduct","175314001","Bouwlustweg","Leidschendam","Leidschendam-Voorburg","Zuid-Holland",false,52.101833,4.404198,"injury","2","rain",false,1,"GM1916"
"20220017881",2022,"Letsel",1,"Fiets",\N,"Eenzijdig","Kruispunt, 3 takken",\N,"Niet brandend","Daglicht","Droog",\N,"600398186","F1 ZUID","Ter Heijde","Westland","Zuid-Holland",false,52.030221,4.17058,"injury","2","clear",false,1,"GM1783"
"20220062760",2022,"Uitsluitend materiele schade",2,"Bestelauto","Fiets","Frontaal","Rechte weg",50,"Niet brandend","Daglicht","Droog","Spoorwegovergang","600741214","Mijlweg","Dordrecht","Dordrecht","Zuid-Holland",false,51.802458,4.647208,"material damage only","4","clear",false,1,"GM0505"
"20220081275",2022,"Letsel",2,"Bromfiets","Fiets","Kop/staart","Rechte weg",50,"Niet brandend","Daglicht","Droog",\N,"243374287","Kloveniersburgwal","Amsterdam","Amsterdam","Noord-Holland",true,52.371288,4.899309,"injury","2","clear",false,1,"GM0363"
"20220082283",2022,"Letsel",1,"Fiets",\N,"Eenzijdig","Rechte weg",50,"Niet brandend","Daglicht","Droog",\N,"600915878","Pierre van Hauwelaan","Delft","Delft","Zuid-Holland",false,51.996226,4.348976,"injury","2","clear",false,1,"GM0503"
"20220107003",2022,"Letsel",2,"Bromfiets","e-bike","Frontaal","Rechte weg",50,"Niet brandend","Daglicht","Droog",\N,"600361113","Coolsingel","Rotterdam","Rotterdam","Zuid-Holland",false,51.919709,4.480203,"injury","2","clear",false,1,"GM0599"
"20220107257",2022,"Uitsluitend materiele schade",3,"Personenauto","Fiets","Onbekend","Kruispunt, 4 takken",30,"Niet brandend","Daglicht","Droog",\N,\N,"Agaatlaan","Rhoon","Albrandswaard","Zuid-Holland",false,51.854966,4.472139,"material damage only","4","clear",false,1,"GM0613"
"20220038139",2022,"Letsel",2,"Personenauto","Fiets","Flank","Bocht",30,"Niet brandend","Daglicht","Droog",\N,"227197004","Franklin Rooseveltlaan","Breda","Breda","Noord-Brabant",false,51.576397,4.789895,"injury","2","clear",false,1,"GM0758"
"20220083358",2022,"Letsel",2,"Personenauto","Fiets","Flank","Rotonde",50,"Niet brandend","Daglicht","Droog",\N,\N,"Meerzichtlaan","Zoetermeer","Zoetermeer","Zuid-Holland",false,52.057064,4.464007,"injury","2","clear",false,1,"GM0637"
"20220097897",2022,"Letsel",2,"Personenauto","Fiets","Flank","Rotonde",50,"Niet brandend","Daglicht","Droog",\N,\N,"Jan Blankenweg","Vianen","Vijfheerenlanden","Utrecht",false,51.992683,5.098181,"injury","2","clear",false,1,"GM1961"
"20220049985",2022,"Letsel",2,"Bus","Fiets","Flank","Kruispunt, 4 takken",50,"Niet brandend","Daglicht","Droog",\N,\N,"Industrielaan","Veenendaal","Veenendaal","Utrecht",false,52.018395,5.555029,"injury","2","clear",false,1,"GM0345"
"20220097199",2022,"Letsel",3,"Fiets","Fiets","Kop/staart","Rechte weg",60,"Niet aanwezig","Daglicht","Droog",\N,"382377001","Zuidweg","Epe","Epe","Gelderland",false,52.389399,5.937966,"injury","2","clear",false,1,"GM0232"
"20220098035",2022,"Uitsluitend materiele schade",2,"Personenauto","Fiets","Onbekend","Kruispunt, 3 takken",50,"Niet brandend","Daglicht","Droog",\N,\N,"Stichtseweg","Blaricum","Blaricum","Noord-Holland",false,52.288152,5.278111,"material damage only","4","clear",false,1,"GM0376"
"20220054594",2022,"Uitsluitend materiele schade",2,"Personenauto","Fiets","Flank","Kruispunt, 4 takken",50,"Brandend","Duisternis","Droog",\N,\N,"Stadhouderskade","Amsterdam","Amsterdam","Noord-Holland",false,52.358057,4.890995,"material damage only","4","clear",false,1,"GM0363"
"20220061585",2022,"Uitsluitend materiele schade",2,"Personenauto","Fiets","Flank","Kruispunt, 4 takken",30,"Niet brandend","Daglicht","Droog",\N,\N,"Ooltgensplaatweg","Rotterdam","Rotterdam","Zuid-Holland",false,51.873868,4.476548,"material damage only","4","clear",false,1,"GM0599"
"20220069262",2022,"Uitsluitend materiele schade",2,"Personenauto","Fiets","Onbekend",\N,50,\N,"Daglicht",\N,\N,"600844849","Schaesbergerweg","Heerlen","Heerlen","Limburg",false,50.890445,5.98661,"material damage only","4","unknown",false,1,"GM0917"
"20220070975",2022,"Letsel",2,"Fiets","Personenauto","Geparkeerd voertuig","Rechte weg",50,"Niet brandend","Daglicht","Droog","Parkeervoorziening","466559049","Overwinningsplein","Groningen","Groningen","Groningen",false,53.197839,6.56045,"injury","2","clear",false,1,"GM0014"
"20220098694",2022,"Letsel",2,"Fiets","Fiets","Flank","Kruispunt, 4 takken",50,"Niet brandend","Daglicht","Droog",\N,\N,"Ramstraat","Utrecht","Utrecht","Utrecht",false,52.09421,5.138552,"injury","2","clear",false,1,"GM0344"
"20220101816",2022,"Uitsluitend materiele schade",2,"Fiets","Personenauto","Frontaal","Rechte weg",50,"Niet brandend","Daglicht","Droog",\N,"600482601","Gedempte Gracht","Schagen","Schagen","Noord-Holland",false,52.787156,4.799487,"material damage only","4","clear",false,1,"GM0441"
"20220102572",2022,"Letsel",2,"Bromfiets","Fiets","Frontaal","Rechte weg",50,"Niet brandend","Daglicht","Droog",\N,"237374075","Jan van Galenstraat","Amsterdam","Amsterdam","Noord-Holland",false,52.373846,4.853733,"injury","2","clear",false,1,"GM0363"
"20220023844",2022,"Letsel",2,"Bromfiets","Fiets","Frontaal","Kruispunt, 3 takken",\N,"Niet brandend","Schemer","Regen",\N,\N,"Abram van Rijckevorselwg","Rotterdam","Rotterdam","Zuid-Holland",false,51.915512,4.52325,"injury","2","rain",false,1,"GM0599"
"20220101252",2022,"Letsel",2,"Fiets","Personenauto","Flank","Kruispunt, 4 takken",50,"Niet brandend","Daglicht","Regen",\N,\N,"Stationsplein","Heerhugowaard","Dijk en Waard","Noord-Holland",false,52.66855,4.822354,"injury","2","rain",false,1,"GM1980"
"20220102339",2022,"Uitsluitend materiele schade",2,"Personenauto","Fiets","Geparkeerd voertuig","Rechte weg",50,"Niet brandend","Daglicht","Droog","Parkeervoorziening","240368040","Beethovenstraat","Amsterdam","Amsterdam","Noord-Holland",false,52.343391,4.877112,"material damage only","4","clear",false,1,"GM0363"
"20220075315",2022,"Letsel",2,"Fiets","Fiets","Frontaal","Rotonde",\N,"Niet brandend","Daglicht","Droog",\N,\N,"FIETSPAD","Wezep","Oldebroek","Gelderland",false,52.466323,5.989799,"injury","2","clear",false,1,"GM0269"
"20220033097",2022,"Uitsluitend materiele schade",2,"Landbouwvoertuig","e-bike","Flank","Kruispunt, 4 takken",80,"Niet brandend","Daglicht","Regen",\N,\N,"Prinsenweg","Nijkerk","Nijkerk","Gelderland",false,52.201392,5.607857,"material damage only","4","rain",false,1,"GM0267"
"20220072983",2022,"Letsel",2,"Personenauto","e-bike","Flank","Kruispunt, 3 takken",30,"Niet brandend","Daglicht","Droog",\N,\N,"Brahmsstraat","Culemborg","Culemborg","Gelderland",false,51.951294,5.236219,"injury","2","clear",false,1,"GM0216"
"20220085896",2022,"Uitsluitend materiele schade",2,"Personenauto","Fiets","Flank","Kruispunt, 3 takken",50,"Niet brandend","Daglicht",\N,\N,\N,"Pascalstraat","Oud-Beijerland","Hoeksche Waard","Zuid-Holland",false,51.826988,4.432395,"material damage only","4","unknown",false,1,"GM1963"
"20220101665",2022,"Letsel",2,"Personenauto","e-bike","Flank","Kruispunt, 4 takken",50,"Niet aanwezig","Daglicht","Droog",\N,\N,"Oostergouw","Venhuizen","Drechterland","Noord-Holland",false,52.677594,5.232992,"injury","2","clear",false,1,"GM0498"
"20220106468",2022,"Uitsluitend materiele schade",2,"Personenauto","Fiets","Flank","Rechte weg",30,"Niet brandend","Daglicht","Droog",\N,"600393695","Parkweg","Schiedam","Schiedam","Zuid-Holland",false,51.924444,4.394914,"material damage only","4","clear",false,1,"GM0606"
"20220073904",2022,"Uitsluitend materiele schade",3,"Fiets",\N,"Vast voorwerp","Rechte weg",50,"Niet brandend","Daglicht","Droog",\N,"600575453","Parkweg","Arnhem","Arnhem","Gelderland",false,51.995247,5.897049,"material damage only","4","clear",false,1,"GM0202"
"20220015544",2022,"Uitsluitend materiele schade",2,"Personenauto","Fiets","Flank","Kruispunt, 3 takken",30,"Niet brandend","Daglicht","Droog",\N,\N,"Boris Pasternakstraat","Amsterdam","Amsterdam","Noord-Holland",false,52.317548,4.943656,"material damage only","4","clear",false,1,"GM0363"
"20220028550",2022,"Uitsluitend materiele schade",2,"Personenauto","Fiets","Flank","Rechte weg",50,"Niet brandend","Daglicht",\N,\N,"340215034","St. Janstraat","Uden","Maashorst","Noord-Brabant",false,51.65758,5.609661,"material damage only","4","unknown",false,1,"GM1991"
"20220040903",2022,"Uitsluitend materiele schade",2,"Personenauto","e-bike","Flank","Kruispunt, 3 takken",60,"Niet brandend","Daglicht","Droog",\N,\N,"Leegeweg","Groningen","Groningen","Groningen",false,53.228774,6.500133,"material damage only","4","clear",false,1,"GM0014"
"20220109920",2022,"Uitsluitend materiele schade",2,"Personenauto","Fiets","Flank","Kruispunt, 4 takken",\N,"Niet brandend","Daglicht","Droog",\N,\N,"Middelstraat","Ossendrecht","Woensdrecht","Noord-Brabant",false,51.390714,4.360089,"material damage only","4","clear",false,1,"GM0873"