"accident_id","year","severity_raw","party_count","party1_type","party2_type","accident_type","road_situation","speed_limit_kmh","road_lighting","light_condition_label","weather_raw","infra_type","road_segment_id","street_name","place_name","gemeente_name_raw","province","alcohol_indicated","latitude","longitude","severity_label","severity_code","weather_label","built_up_area","cyclists_involved","gemeente_code"
"20220056300",2022,"Letsel",2,"e-bike","Fiets","Onbekend","Rechte weg",50,"Niet brandend","Daglicht",\N,\N,"162306057","Vaillantlaan","'s-Gravenhage","'s-Gravenhage","Zuid-Holland",false,52.064275,4.309926,"injury","2","unknown",false,1,"GM0518"
"20220063268",2022,"Letsel",2,"Personenauto","Fiets","Flank","Kruispunt, 4 takken",50,"Niet brandend","Daglicht","Droog",\N,\N,"Antoniuslaan","Hendrik-Ido-Ambacht","Hendrik-Ido-Ambacht","Zuid-Holland",false,51.84143,4.638855,"injury","2","clear",false,1,"GM0531"
"20220112383",2022,"Uitsluitend materiele schade",3,"Snorfiets","Fiets","Los voorwerp","Rechte weg",30,"Niet brandend","Daglicht","Droog",\N,"600138507","Nieuwe Hescheweg","Oss","Oss","Noord-Brabant",false,51.759023,5.531451,"material damage only","4","clear",false,1,"GM0828"
"20220113357",2022,"Uitsluitend materiele schade",2,"Personenauto","e-bike","Flank","Rechte weg",50,"Niet brandend","Daglicht","Droog",\N,"600842304","Spoorstraat","Gennep","Gennep","Limburg",false,51.695716,5.972473,"material damage only","4","clear",false,1,"GM0907"
"20220075919",2022,"Uitsluitend materiele schade",2,"Personenauto","Fiets","Flank","Kruispunt, 4 takken",30,"Brandend","Duisternis","Droog",\N,\N,"van Schevichavenstraat","Nijmegen","Nijmegen","Gelderland",false,51.843616,5.8655,"material damage only","4","clear",false,1,"GM0268"
"20220046284",2022,"Letsel",2,"Fiets","Personenauto","Flank","Kruispunt, 3 takken",50,"Niet aanwezig","Daglicht","Droog",\N,\N,"Roggestraat","Den Ham","Twenterand","Overijssel",false,52.465334,6.495701,"injury","2","clear",false,1,"GM1700"
"20220050542",2022,"Uitsluitend materiele schade",2,"Bestelauto","Fiets","Onbekend","Rotonde",50,"Niet brandend","Daglicht","Droog",\N,\N,"Stationsplein","Lelystad","Lelystad","Flevoland",false,52.507276,5.472397,"material damage only","4","clear",false,1,"GM0995"
"20220053574",2022,"Letsel",3,"Fiets","Fiets","Frontaal","Rechte weg",60,"Niet aanwezig","Duisternis",\N,\N,"600758688","Oosterenderweg","De Waal","Texel","Noord-Holland",false,53.07219,4.828552,"injury","2","unknown",false,1,"GM0448"
"20220053582",2022,"Uitsluitend materiele schade",2,"Fiets","Bromfiets","Flank","Rechte weg",50,"Niet brandend","Daglicht","Droog",\N,"600921434","Lisserpad","Nieuw-Vennep","Haarlemmermeer","Noord-Holland",false,52.255454,4.58408,"material damage only","4","clear",false,1,"GM0394"
"20230112628",2023,"Letsel",1,"Fiets",\N,"Eenzijdig",\N,\N,\N,"Duisternis",\N,\N,"169294084","Ezelsveldlaan","Delft","Delft","Zuid-Holland",false,52.009679,4.367305,"injury","2","unknown",false,1,"GM0503"
"20230007684",2023,"Letsel",1,"Fiets",\N,"Eenzijdig",\N,\N,\N,"Daglicht",\N,\N,"361202004","Klotweg","Landhorst","Land van Cuijk","Noord-Brabant",false,51.600452,5.763982,"injury","2","unknown",false,1,"GM1982"
"20230003586",2023,"Dodelijk",2,"Bestelauto","e-bike","Flank","Rotonde",50,"Niet brandend","Daglicht","Droog",\N,\N,"Oostelijke Randweg","Bunschoten-Spakenburg","Bunschoten","Utrecht",false,52.237064,5.377853,"fatal","1","clear",false,1,"GM0313"
"20230000336",2023,"Letsel",3,"Bestelauto","Fiets","Onbekend","Rechte weg",50,"Niet brandend","Daglicht","Regen",\N,\N,"Meerweg","Haren Gn","Groningen","Groningen",false,53.167754,6.590796,"injury","2","rain",false,1,"GM0014"
"20230010278",2023,"Letsel",2,"Personenauto","Fiets","Flank","Rechte weg",50,"Brandend","Duisternis","Droog",\N,\N,"Abel Tasmanstraat","Emmen","Emmen","Drenthe",false,52.756945,6.913131,"injury","2","clear",false,1,"GM0114"
"20230080229",2023,"Letsel",2,"Personenauto","Fiets","Onbekend",\N,30,\N,"Daglicht",\N,\N,"600372142","Noorderstraat","Krimpen aan den IJssel","Krimpen aan den IJssel","Zuid-Holland",false,51.915297,4.58188,"injury","2","unknown",false,1,"GM0542"
"20230062905",2023,"Uitsluitend materiele schade",1,"Fiets",\N,"Onbekend",\N,50,\N,"Daglicht",\N,\N,\N,"Kerkradersteenweg","Kerkrade","Kerkrade","Limburg",false,50.868046,6.051208,"material damage only","4","unknown",false,1,"GM0928"
"20230008591",2023,"Uitsluitend materiele schade",2,"Personenauto","Fiets","Onbekend","Rotonde",50,"Brandend","Duisternis","Droog",\N,\N,"Spoorsingel","Heerlen","Heerlen","Limburg",false,50.890155,5.983509,"material damage only","4","clear",false,1,"GM0917"
"20230000907",2023,"Uitsluitend materiele schade",3,"Fiets","Fiets","Flank","Kruispunt, 3 takken",30,"Niet brandend","Daglicht","Regen",\N,\N,"Dennenbosweg","Hengelo","Hengelo (O)","Overijssel",false,52.268202,6.79168,"material damage only","4","rain",false,1,\N
"20230005315",2023,"Letsel",2,"Fiets","Fiets","Onbekend","Rechte weg",60,"Niet brandend","Daglicht","Droog",\N,\N,"O Landscheiding","Ouderkerk aan den IJssel","Krimpenerwaard","Zuid-Holland",false,51.957937,4.679084,"injury","2","clear",false,1,"GM1931"
"20230005563",2023,"Letsel",2,"Personenauto","Fiets","Flank","Rotonde",50,"Niet brandend","Daglicht","Regen",\N,\N,"Melis Stokelaan","'s-Gravenhage","'s-Gravenhage","Zuid-Holland",false,52.052494,4.291401,"injury","2","rain",false,1,"GM0518"
"20230031347",2023,"Letsel",1,"Fiets",\N,"Eenzijdig",\N,50,\N,"Daglicht",\N,\N,"379124034","Belenbroeklaan","Heythuysen","Leudal","Limburg",false,51.249433,5.884664,"injury","2","unknown",false,1,"GM1640"
"20230077535",2023,"Letsel",1,"Fiets",\N,"Eenzijdig",\N,50,\N,"Daglicht",\N,\N,"160305010","Troelstrakade","'s-Gravenhage","'s-Gravenhage","Zuid-Holland",false,52.05784,4.297279,"injury","2","unknown",false,1,"GM0518"
"20230003941",2023,"Uitsluitend materiele schade",2,"Vrachtauto","Fiets","Geparkeerd voertuig","Rechte weg",30,"Niet brandend","Daglicht","Droog",\N,"235369016","Rijswijkstraat","Amsterdam","Amsterdam","Noord-Holland",false,52.35007,4.84114,"material damage only","4","clear",false,1,"GM0363"
"20230007075",2023,"Letsel",2,"Personenauto","Fiets","Geparkeerd voertuig","Rechte weg",30,"Niet brandend","Daglicht","Droog",\N,"600372841","Emmastraat","Rozenburg","Rotterdam","Zuid-Holland",false,51.905851,4.244689,"injury","2","clear",false,1,"GM0599"
"20230047349",2023,"Uitsluitend materiele schade",2,"Personenauto","Fiets","Onbekend",\N,\N,\N,"Daglicht",\N,\N,"285350016","Naarderstraat","Laren","Laren","Noord-Holland",false,52.26563,5.210812,"material damage only","4","unknown",false,1,\N
"20230007650",2023,"Uitsluitend materiele schade",2,"Personenauto","Fiets","Flank","Rotonde",50,"Niet brandend","Daglicht","Droog",\N,\N,"Nieuwendijk","Geldrop","Geldrop-Mierlo","Noord-Brabant",false,51.422726,5.556653,"material damage only","4","clear",false,1,"GM1771"
"20230084525",2023,"Dodelijk",1,"Fiets",\N,"Eenzijdig","Kruispunt, 4 takken",50,"Brandend","Duisternis","Regen",\N,\N,"Generaal Van Heutszlaan","Apeldoorn","Apeldoorn","Gelderland",false,52.217011,5.968264,"fatal","1","rain",false,1,"GM0200"
"20230008167",2023,"Letsel",2,"Personenauto","Fiets","Flank","Rotonde",50,"Niet brandend","Daglicht","Droog",\N,\N,"Akkerweg","Moergestel","Oisterwijk","Noord-Brabant",false,51.546339,5.173843,"injury","2","clear",false,1,"GM0824"
"20230009902",2023,"Letsel",3,"Personenauto","Fiets","Flank","Kruispunt, 4 takken",50,"Niet brandend","Daglicht","Droog",\N,\N,"Zuiderlaan","Meppel","Meppel","Drenthe",false,52.690549,6.185098,"injury","2","clear",false,1,"GM0119"
"20230010501",2023,"Letsel",2,"Bestelauto","Fiets","Eenzijdig","Kruispunt, 3 takken",30,"Niet brandend","Daglicht","Droog",\N,\N,"Dennenweg","Assen","Assen","Drenthe",false,52.982975,6.568251,"injury","2","clear",false,1,"GM0106"
"20230011058",2023,"Letsel",1,"Fiets",\N,"Eenzijdig","Rechte weg",30,"Niet brandend","Daglicht","Droog",\N,"516385012","Laagsestraat","Oud Ootmarsum","Dinkelland","Overijssel",false,52.415955,6.905479,"injury","2","clear",false,1,"GM1774"
"20230011804",2023,"Letsel",2,"Trekker","Fiets","Flank","Rotonde",50,"Niet brandend","Schemer","Droog",\N,\N,"Dr. Willem Dreeslaan","Barneveld","Barneveld","Gelderland",false,52.133548,5.603523,"injury","2","clear",false,1,"GM0203"
"20230006607",2023,"Uitsluitend materiele schade",2,"Personenauto","Fiets","Flank","Kruispunt, 4 takken",50,"Niet brandend","Daglicht","Regen",\N,\N,"Gerrit Jan Mulderstraat","Rotterdam","Rotterdam","Zuid-Holland",false,51.916516,4.451594,"material damage only","4","rain",false,1,"GM0599"
"20230004210",2023,"Uitsluitend materiele schade",2,"Personenauto","Fiets","Flank","Kruispunt, 3 takken",50,"Niet brandend","Daglicht","Droog",\N,\N,"Zuidermolenweg","Amsterdam","Amsterdam","Noord-Holland",false,52.360114,4.78141,"material damage only","4","clear",false,1,"GM0363"
"20240036058",2024,"Uitsluitend materiele schade",2,"Bestelauto","Fiets","Onbekend","Kruispunt, 4 takken",30,"Niet brandend","Daglicht","Droog",\N,\N,"Stationsweg","Heino","Raalte","Overijssel",false,52.429704,6.226651,"material damage only","4","clear",false,1,"GM0177"
"20240006588",2024,"Uitsluitend materiele schade",2,"Personenauto","Fiets","Flank","Kruispunt, 4 takken",30,"Niet brandend","Daglicht","Droog",\N,\N,"Parnassialaan","Lelystad","Lelystad","Flevoland",false,52.488749,5.447388,"material damage only","4","clear",false,1,"GM0995"
"20240037593",2024,"Uitsluitend materiele schade",2,"Personenauto","Fiets","Flank","Rechte weg",50,"Niet brandend","Daglicht","Droog",\N,"226366014","Sloterweg","Badhoevedorp","Haarlemmermeer","Noord-Holland",false,52.3367,4.777355,"material damage only","4","clear",false,1,"GM0394"
"20240020269",2024,"Letsel",1,"Fiets",\N,"Eenzijdig",\N,30,\N,"Duisternis",\N,\N,"164309189","Pletterijstraat","'s-Gravenhage","'s-Gravenhage","Zuid-Holland",false,52.07406,4.325684,"injury","2","unknown",false,1,"GM0518"
"20240020377",2024,"Letsel",2,\N,"Fiets","Onbekend","Kruispunt, 3 takken",30,"Niet brandend","Daglicht","Droog",\N,\N,"Raadhuisplein","Nieuwerkerk aan den IJssel","Zuidplas","Zuid-Holland",false,51.967655,4.617258,"injury","2","clear",false,1,"GM1892"
"20240009097",2024,"Letsel",2,"Bromfiets","Fiets","Flank","Kruispunt, 4 takken",50,"Niet brandend","Daglicht","Regen",\N,\N,"Van Ketwich Verschuurln","Groningen","Groningen","Groningen",false,53.1933,6.574768,"injury","2","rain",false,1,"GM0014"
"20240043076",2024,"Uitsluitend materiele schade",2,"Fiets","Personenauto","Flank","Kruispunt, 4 takken",50,"Niet brandend","Daglicht","Droog",\N,\N,"Merelstraat","Zwijndrecht","Zwijndrecht","Zuid-Holland",false,51.814801,4.617343,"material damage only","4","clear",false,1,"GM0642"
"20240043102",2024,"Letsel",1,"Fiets",\N,"Onbekend","Rechte weg",30,"Niet brandend","Daglicht","Droog",\N,"151306025","Denijsstraat","'s-Gravenhage","'s-Gravenhage","Zuid-Holland",false,52.060896,4.234644,"injury","2","clear",false,1,"GM0518"
"20240039380",2024,"Letsel",2,"Bestelauto","Fiets","Onbekend","Rechte weg",50,"Niet brandend","Daglicht","Droog",\N,"600846195","Deventerstraat","Apeldoorn","Apeldoorn","Gelderland",false,52.223661,6.008018,"injury","2","clear",false,1,"GM0200"
"20240039664",2024,"Letsel",1,"Fiets",\N,"Onbekend","Rechte weg",60,"Niet brandend","Daglicht","Droog",\N,"600728022","Meer- en Geerweg","Leidschendam","Leidschendam-Voorburg","Zuid-Holland",false,52.089612,4.465279,"injury","2","clear",false,1,"GM1916"
"20240039729",2024,"Letsel",3,"Fiets","Motor","Flank","Kruispunt, 4 takken",30,"Niet brandend","Daglicht","Droog",\N,\N,"Slotermeerlaan","Amsterdam","Amsterdam","Noord-Holland",false,52.374033,4.818434,"injury","2","clear",false,1,"GM0363"
"20240020991",2024,"Letsel",2,"Personenauto","Fiets","Frontaal","Rechte weg",50,"Niet brandend","Daglicht","Droog",\N,"156301065","Melis Stokelaan","'s-Gravenhage","'s-Gravenhage","Zuid-Holland",false,52.042491,4.272666,"injury","2","clear",false,1,"GM0518"
"20240022222",2024,"Uitsluitend materiele schade",2,"Snorfiets","Fiets","Onbekend","Rechte weg",30,"Brandend","Duisternis","Droog",\N,"268193044","Heuvelring","Tilburg","Tilburg","Noord-Brabant",false,51.556802,5.091185,"material damage only","4","clear",false,1,"GM0855"
"20240027977",2024,"Letsel",2,"Personenauto","Fiets","Flank","Rechte weg",30,"Niet brandend","Daglicht","Droog",\N,"600186032","Stationsweg","Purmerend","Purmerend","Noord-Holland",false,52.505367,4.954958,"injury","2","clear",false,1,"GM0439"
"20240038721",2024,"Letsel",2,"Fiets","Personenauto","Frontaal","Rotonde",50,"Niet brandend","Daglicht","Droog",\N,\N,"Gooilandweg","Huizen","Huizen","Noord-Holland",false,52.292784,5.24483,"injury","2","clear",false,1,"GM0406"
"20240006849",2024,"Uitsluitend materiele schade",2,"Personenauto","Fiets","Frontaal","Rechte weg",30,"Niet brandend","Daglicht","Droog",\N,"600884681","Het Bijvank","Enschede","Enschede","Overijssel",false,52.194312,6.869673,"material damage only","4","clear",false,1,"GM0153"
"20240035945",2024,"Letsel",2,"Personenauto","Fiets","Flank","Kruispunt, 4 takken",60,"Niet aanwezig","Daglicht","Droog",\N,\N,"Oude Postweg","Rottum","De Fryske Marren","Friesland",false,52.932753,5.886168,"injury","2","clear",false,1,"GM1940"
"20240035988",2024,"Letsel",2,"Personenauto","Fiets","Flank","Rotonde",50,"Niet brandend","Daglicht","Droog",\N,\N,"K R Poststraat","Heerenveen","Heerenveen","Friesland",false,52.962811,5.924689,"injury","2","clear",false,1,"GM0074"
"20240034700",2024,"Letsel",2,"Fiets","Bromfiets","Frontaal","Bocht",50,"Niet brandend","Daglicht","Droog","Tunnel","601033513","FIETSPAD","Roermond","Roermond","Limburg",false,51.197662,5.985202,"injury","2","clear",false,1,"GM0957"
"20240017542",2024,"Letsel",2,"Personenauto","Fiets","Flank","Kruispunt, 4 takken",30,"Brandend","Schemer","Regen",\N,\N,"Tulpstraat","Malden","Heumen","Gelderland",false,51.78429,5.853574,"injury","2","rain",false,1,"GM0252"
"20240020202",2024,"Uitsluitend materiele schade",2,"Personenauto","Fiets","Flank","Rechte weg",50,"Brandend","Duisternis","Droog",\N,"160307025","Ruijsdaelstraat","'s-Gravenhage","'s-Gravenhage","Zuid-Holland",false,52.067688,4.298173,"material damage only","4","clear",false,1,"GM0518"
"20240020580",2024,"Letsel",2,"Fiets","Voetganger","Voetganger","Rechte weg",30,"Niet brandend","Daglicht","Droog",\N,"600515747","FIETSPAD","Nieuwerkerk aan den IJssel","Zuidplas","Zuid-Holland",false,51.961042,4.618529,"injury","2","clear",false,1,"GM1892"
"20240006948",2024,"Uitsluitend materiele schade",2,"Personenauto","Fiets","Vast voorwerp","Kruispunt, 4 takken",50,"Brandend","Duisternis","Droog",\N,\N,"Reviusstraat","Hengelo","Hengelo (O)","Overijssel",false,52.259224,6.815017,"material damage only","4","clear",false,1,\N
"20240020236",2024,"Uitsluitend materiele schade",2,"Bestelauto","Fiets","Onbekend","Rechte weg",30,"Brandend","Duisternis","Droog",\N,"206330044","Tjalk","Woubrugge","Kaag en Braassem","Zuid-Holland",false,52.173181,4.631088,"material damage only","4","clear",false,1,"GM1884"
"20240020632",2024,"Uitsluitend materiele schade",2,"Personenauto","Fiets","Flank","Kruispunt, 3 takken",50,"Niet brandend","Daglicht","Droog",\N,\N,"Groenteweg","'s-Gravenhage","'s-Gravenhage","Zuid-Holland",false,52.061073,4.308092,"material damage only","4","clear",false,1,"GM0518"
"20240008047",2024,"Letsel",2,"Fiets","Voetganger","Voetganger","Kruispunt, 4 takken",30,"Niet brandend","Daglicht","Droog",\N,\N,"Marnixstraat","Amsterdam","Amsterdam","Noord-Holland",false,52.373995,4.876267,"injury","2","clear",false,1,"GM0363"
"20240039898",2024,"Uitsluitend materiele schade",2,"Personenauto","Fiets","Kop/staart","Rechte weg",30,"Brandend","Duisternis","Droog",\N,"243370001","Van Woustraat","Amsterdam","Amsterdam","Noord-Holland",false,52.355791,4.900474,"material damage only","4","clear",false,1,"GM0363"
"20240043002",2024,"Uitsluitend materiele schade",2,"Personenauto","Fiets","Flank","Kruispunt, 4 takken",50,"Niet brandend","Daglicht","Droog",\N,\N,"Dorpsstraat","Hekelingen","Nissewaard","Zuid-Holland",false,51.823977,4.336403,"material damage only","4","clear",false,1,"GM1930"
"20220157020",2022,"Letsel",2,"e-bike","Overig vast object","Vast voorwerp","Rotonde",50,"Niet brandend","Daglicht","Droog",\N,\N,"Oudeweg","Nootdorp","Pijnacker-Nootdorp","Zuid-Holland",false,52.037379,4.403296,"injury","2","clear",false,1,"GM1926"
"20220158060",2022,"Letsel",2,"Personenauto","e-bike","Los voorwerp","Rotonde",50,"Niet brandend","Daglicht","Droog",\N,\N,"Rotterdamseweg","Vlaardingen","Vlaardingen","Zuid-Holland",false,51.916251,4.358662,"injury","2","clear",false,1,"GM0622"
"20220161002",2022,"Uitsluitend materiele schade",2,"Bromfiets","Fiets","Onbekend","Rechte weg",30,"Niet brandend","Daglicht","Droog",\N,"600896759","Valeriusstraat","Leeuwarden","Leeuwarden","Friesland",false,53.205677,5.776388,"material damage only","4","clear",false,1,"GM0080"
"20220176781",2022,"Uitsluitend materiele schade",2,"Personenauto","Fiets","Flank","Kruispunt, 4 takken",50,"Niet brandend","Daglicht","Droog",\N,\N,"Churchill-laan","Amsterdam","Amsterdam","Noord-Holland",false,52.346954,4.891111,"material damage only","4","clear",false,1,"GM0363"
"20220181407",2022,"Uitsluitend materiele schade",2,"Fiets","Fiets","Frontaal","Rechte weg",30,"Niet brandend","Daglicht","Droog",\N,"208302037","Prinses Beatrixlaan","Waddinxveen","Waddinxveen","Zuid-Holland",false,52.047809,4.6511,"material damage only","4","clear",false,1,"GM0627"
"20220181409",2022,"Uitsluitend materiele schade",2,"Bestelauto","Fiets","Frontaal","Kruispunt, 3 takken",50,"Niet brandend","Daglicht","Droog",\N,\N,"Hazelaarstraat","'s-Gravenhage","'s-Gravenhage","Zuid-Holland",false,52.073617,4.266802,"material damage only","4","clear",false,1,"GM0518"
"20220181419",2022,"Uitsluitend materiele schade",1,"Fiets",\N,"Geparkeerd voertuig","Kruispunt, 4 takken",50,"Niet brandend","Daglicht",\N,"Parkeervoorziening",\N,"Wassenaarseweg","'s-Gravenhage","'s-Gravenhage","Zuid-Holland",false,52.092328,4.31939,"material damage only","4","unknown",false,1,"GM0518"
"20220183773",2022,"Uitsluitend materiele schade",2,"Personenauto","e-bike","Flank","Kruispunt, 4 takken",50,"Niet brandend","Daglicht","Droog",\N,\N,"Mathenesserplein","Rotterdam","Rotterdam","Zuid-Holland",false,51.916374,4.446238,"material damage only","4","clear",false,1,"GM0599"
"20220186980",2022,"Letsel",2,"Fiets","Overig vast object","Vast voorwerp","Rechte weg",30,"Niet brandend","Daglicht","Droog",\N,"71193055","Kanaalweg W.Z.","Veere","Veere","Zeeland",false,51.545119,3.666889,"injury","2","clear",false,1,"GM0717"
"20220116257",2022,"Uitsluitend materiele schade",2,"e-bike","Fiets","Onbekend","Kruispunt, 4 takken",50,"Niet brandend","Daglicht","Droog",\N,\N,"Frankeneng","Ede","Ede","Gelderland",false,52.032217,5.646578,"material damage only","4","clear",false,1,"GM0228"
"20220135908",2022,"Letsel",2,"Fiets","Fiets","Onbekend",\N,\N,\N,"Duisternis",\N,\N,\N,"HENGELO 30","Hengelo","Hengelo (O)","Overijssel",false,52.287264,6.771581,"injury","2","unknown",false,1,\N
"20220150493",2022,"Uitsluitend materiele schade",2,"Snorfiets","Fiets","Onbekend","Kruispunt, 3 takken",30,"Niet brandend","Daglicht","Droog",\N,\N,"Bloemenweg","Maastricht","Maastricht","Limburg",false,50.845212,5.707355,"material damage only","4","clear",false,1,"GM0935"
"20220160034",2022,"Uitsluitend materiele schade",2,"Bromfiets","Fiets","Flank","Kruispunt, 4 takken",50,"Niet brandend","Daglicht","Droog",\N,\N,"Geldropseweg","Eindhoven","Eindhoven","Noord-Brabant",false,51.434622,5.486118,"material damage only","4","clear",false,1,"GM0772"
"20220162540",2022,"Uitsluitend materiele schade",2,"Personenauto","e-bike","Flank","Kruispunt, 4 takken",50,"Niet brandend","Daglicht","Regen",\N,\N,"Westelijke Doorsnee NZ","Emmer-Compascuum","Emmen","Drenthe",false,52.795408,7.045033,"material damage only","4","rain",false,1,"GM0114"
"20220178397",2022,"Letsel",2,"e-bike",\N,"Eenzijdig","Rechte weg",50,"Niet brandend","Daglicht","Droog",\N,"156279036","Prinses Beatrixlaan","Maasland","Midden-Delfland","Zuid-Holland",false,51.939383,4.272181,"injury","2","clear",false,1,"GM1842"
"20220178973",2022,"Letsel",1,"Fiets",\N,"Eenzijdig","Rechte weg",30,"Brandend","Duisternis","Droog",\N,"183302094","Houtsingel","Zoetermeer","Zoetermeer","Zuid-Holland",false,52.047179,4.46672,"injury","2","clear",false,1,"GM0637"
"20220134994",2022,"Letsel",3,"Fiets","e-bike","Flank","Bocht",30,\N,"Daglicht","Droog",\N,"600876496","Groningerstraat","Midlaren","Tynaarlo","Drenthe",false,53.108986,6.680756,"injury","2","clear",false,1,"GM1730"
"20220135971",2022,"Uitsluitend materiele schade",2,"Personenauto","Fiets","Flank","Kruispunt, 3 takken",60,"Niet brandend","Daglicht","Droog",\N,\N,"Grote Bavenkelsweg","Almelo","Almelo","Overijssel",false,52.326977,6.695094,"material damage only","4","clear",false,1,"GM0141"
"20220137856",2022,"Uitsluitend materiele schade",2,"Personenauto","Fiets","Flank","Rechte weg",80,"Niet brandend","Daglicht","Droog",\N,"600932987","Muntweg","Emmeloord","Noordoostpolder","Flevoland",false,52.725518,5.764524,"material damage only","4","clear",false,1,"GM0171"
"20220123284",2022,"Uitsluitend materiele schade",2,"Fiets","Fiets","Onbekend","Kruispunt, 4 takken",\N,"Niet brandend","Daglicht","Droog",\N,\N,"Cosmariumstraat","Amsterdam","Amsterdam","Noord-Holland",false,52.420439,4.899745,"material damage only","4","clear",false,1,"GM0363"
"20220126733",2022,"Letsel",3,"Fiets","e-bike","Onbekend","Rechte weg",30,"Niet brandend","Daglicht","Droog",\N,"600388391","Rijswijkseweg","'s-Gravenhage","'s-Gravenhage","Zuid-Holland",false,52.069432,4.326779,"injury","2","clear",false,1,"GM0518"
"20220138921",2022,"Letsel",2,"Personenauto","Fiets","Geparkeerd voertuig","Rechte weg",30,"Niet brandend","Daglicht","Droog","Parkeervoorziening","267303112","Pieter Aertsenhage","Nieuwegein","Nieuwegein","Utrecht",false,52.052305,5.074646,"injury","2","clear",false,1,"GM0356"
"20220147909",2022,"Letsel",3,"e-bike","e-bike","Frontaal","Bocht",60,"Niet brandend","Daglicht","Droog",\N,\N,"Gareelweg","Bergen op Zoom","Bergen op Zoom","Noord-Brabant",false,51.502863,4.32775,"injury","2","clear",false,1,"GM0748"
"20220149464",2022,"Uitsluitend materiele schade",2,"Personenauto","Fiets","Flank","Rotonde",50,"Niet brandend","Daglicht","Droog",\N,\N,"Lipsstraat","Drunen","Heusden","Noord-Brabant",false,51.686729,5.146034,"material damage only","4","clear",false,1,"GM0797"
"20220172239",2022,"Uitsluitend materiele schade",2,"Personenauto","Fiets","Frontaal","Rechte weg",30,"Niet brandend","Daglicht","Droog",\N,\N,"Hospitaaldreef","Almere","Almere","Flevoland",false,52.370561,5.224607,"material damage only","4","clear",false,1,"GM0034"
"20220197455",2022,"Letsel",2,"Personenauto","Fiets","Flank","Kruispunt, 4 takken",50,"Niet brandend","Daglicht","Regen",\N,\N,"Schoolstraat","Silvolde","Oude IJsselstreek","Gelderland",false,51.913487,6.386858,"injury","2","rain",false,1,"GM1509"
"20220118264",2022,"Uitsluitend materiele schade",1,"Fiets",\N,"Onbekend","Bocht",60,"Niet aanwezig","Daglicht","Droog",\N,"389293026","Beekhuizenseweg","Rozendaal","Rozendaal","Gelderland",false,52.010498,5.971283,"material damage only","4","clear",false,1,"GM0277"
"20220137961",2022,"Letsel",2,"Fiets",\N,"Eenzijdig","Rechte weg",30,"Niet brandend","Daglicht","Droog",\N,"240310122","Nieuwe Markt","Woerden","Woerden","Utrecht",false,52.086523,4.881101,"injury","2","clear",false,1,"GM0632"
"20220144819",2022,"Letsel",1,"e-bike",\N,"Eenzijdig",\N,\N,\N,"Daglicht",\N,\N,\N,"Koepeltjespad","Zoetermeer","Zoetermeer","Zuid-Holland",false,52.049947,4.455723,"injury","2","unknown",false,1,"GM0637"
"20220157308",2022,"Uitsluitend materiele schade",2,"Fiets","Fiets","Flank","Kruispunt, 4 takken",\N,"Niet brandend","Daglicht","Droog",\N,\N,"Guido Gezelleweg","Rotterdam","Rotterdam","Zuid-Holland",false,51.876747,4.517263,"material damage only","4","clear",false,1,"GM0599"
"20220160224",2022,"Uitsluitend materiele schade",2,"Personenauto","Fiets","Frontaal","Kruispunt, 3 takken",50,"Niet brandend","Daglicht","Droog",\N,\N,"Hertog Janplein","Erp","Meierijstad","Noord-Brabant",false,51.600685,5.605983,"material damage only","4","clear",false,1,"GM1948"
"20220172309",2022,"Uitsluitend materiele schade",2,"Personenauto","Fiets","Flank","Kruispunt, 4 takken",50,"Niet brandend","Daglicht","Droog",\N,\N,"Larikslaan","Leusden","Leusden","Utrecht",false,52.140327,5.419947,"material damage only","4","clear",false,1,"GM0327"
"20220178257",2022,"Uitsluitend materiele schade",2,"e-bike",\N,"Frontaal","Kruispunt, 4 takken",50,"Brandend","Duisternis","Droog",\N,\N,"0137 BRUG","Amsterdam","Amsterdam","Noord-Holland",false,52.354609,4.887024,"material damage only","4","clear",false,1,"GM0363"
"20220123494",2022,"Uitsluitend materiele schade",2,"Fiets","Fiets","Kop/staart","Rechte weg",50,"Niet brandend","Daglicht","Regen",\N,"242368070","Churchill-laan","Amsterdam","Amsterdam","Noord-Holland",false,52.346628,4.897542,"material damage only","4","rain",false,1,"GM0363"
"20220128365",2022,"Letsel",2,"Bromfiets","Fiets","Frontaal","Rechte weg",30,"Niet brandend","Daglicht","Droog",\N,"600414788","Rijnstraat","Barendrecht","Barendrecht","Zuid-Holland",false,51.856965,4.537958,"injury","2","clear",false,1,"GM0489"
"20220138042",2022,"Uitsluitend materiele schade",2,"Bromfiets","Fiets","Eenzijdig","Rotonde",50,"Brandend","Duisternis","Droog",\N,\N,"Vreelandseweg","Hilversum","Hilversum","Noord-Holland",false,52.220598,5.151399,"material damage only","4","clear",false,1,"GM0402"
"20220140717",2022,"Letsel",1,"Fiets",\N,"Eenzijdig","Rechte weg",50,"Brandend","Duisternis","Droog",\N,"249450039","Herenweg","Hoogwoud","Opmeer","Noord-Holland",false,52.713803,4.942368,"injury","2","clear",false,1,"GM0432"
"20220144836",2022,"Letsel",2,"Fiets","Fiets","Onbekend",\N,\N,\N,"Duisternis",\N,\N,"600741521","Lindenlaantje","Waddinxveen","Waddinxveen","Zuid-Holland",false,52.063039,4.638828,"injury","2","unknown",false,1,"GM0627"
"20220179328",2022,"Letsel",2,"Fiets","Fiets","Frontaal","Rechte weg",30,"Niet brandend","Daglicht","Droog",\N,"188324005","Roomburgerpad","Leiden","Leiden","Zuid-Holland",false,52.145016,4.500916,"injury","2","clear",false,1,"GM0546"