"accident_id","year","severity_raw","party_count","party1_type","party2_type","accident_type","road_situation","speed_limit_kmh","road_lighting","light_condition_label","weather_raw","infra_type","road_segment_id","street_name","place_name","gemeente_name_raw","province","alcohol_indicated","latitude","longitude","severity_label","severity_code","weather_label","built_up_area","cyclists_involved","gemeente_code"
"20220179831",2022,"Letsel",2,"Fiets","Voetganger","Voetganger","Rechte weg",30,"Niet brandend","Daglicht","Droog",\N,"189305007","Gaardedreef","Zoetermeer","Zoetermeer","Zuid-Holland",false,52.059882,4.511238,"injury","2","clear",false,1,"GM0637"
"20220180492",2022,"Letsel",3,"Fiets","Overig wegmeubilair","Vast voorwerp","Rechte weg",50,"Niet aanwezig","Daglicht","Droog",\N,"159312004","Jacob Catslaan","'s-Gravenhage","'s-Gravenhage","Zuid-Holland",false,52.088607,4.29189,"injury","2","clear",false,1,"GM0518"
"20220181116",2022,"Letsel",1,"Fiets",\N,"Eenzijdig","Rechte weg",50,"Niet brandend","Daglicht",\N,\N,"600944733","'s-Gravendamseweg","Noordwijkerhout","Noordwijk","Zuid-Holland",false,52.248689,4.487855,"injury","2","unknown",false,1,"GM0575"
"20220181121",2022,"Letsel",1,"Fiets",\N,"Eenzijdig","Rechte weg",\N,"Niet brandend","Daglicht","Droog",\N,"180321015","Oranjewatering","Voorschoten","Voorschoten","Zuid-Holland",false,52.132348,4.443087,"injury","2","clear",false,1,"GM0626"
"20220187290",2022,"Letsel",2,"Personenauto","Fiets","Onbekend",\N,\N,\N,"Daglicht",\N,\N,\N,"Antwerpsestraatweg","Bergen op Zoom","Bergen op Zoom","Noord-Brabant",false,51.468361,4.306427,"injury","2","unknown",false,1,"GM0748"
"20220198472",2022,"Uitsluitend materiele schade",2,"Personenauto","Fiets","Frontaal","Kruispunt, 4 takken",50,"Brandend","Schemer","Droog",\N,\N,"Bocholtsestraatweg","Aalten","Aalten","Gelderland",false,51.920084,6.580947,"material damage only","4","clear",false,1,"GM0197"
"20220127128",2022,"Letsel",2,"Fiets","Fiets","Onbekend","Rechte weg",\N,"Niet brandend","Daglicht","Droog",\N,"600589676","Tjalklaan","Rotterdam","Rotterdam","Zuid-Holland",false,51.918301,4.424848,"injury","2","clear",false,1,"GM0599"
"20220128401",2022,"Letsel",2,"Personenauto","Fiets","Flank","Kruispunt, 3 takken",50,"Niet brandend","Daglicht",\N,\N,\N,"Jadestraat","Bleiswijk","Lansingerland","Zuid-Holland",false,52.04262,4.541059,"injury","2","unknown",false,1,"GM1621"
"20220129621",2022,"Uitsluitend materiele schade",2,"Fiets","Personenauto","Flank","Rotonde",50,"Niet brandend","Daglicht","Droog",\N,\N,"Burg. Vogelslaan","Oisterwijk","Oisterwijk","Noord-Brabant",false,51.571932,5.182771,"material damage only","4","clear",false,1,"GM0824"
"20220138089",2022,"Uitsluitend materiele schade",2,"Bestelauto","Fiets","Flank","Kruispunt, 4 takken",50,"Niet brandend","Daglicht","Droog",\N,\N,"Vondellaan","Utrecht","Utrecht","Utrecht",false,52.078098,5.115416,"material damage only","4","clear",false,1,"GM0344"
"20220138115",2022,"Letsel",3,"Personenauto","Fiets","Onbekend","Rotonde",50,"Brandend","Schemer","Droog",\N,\N,"Dalweg","Soest","Soest","Utrecht",false,52.171222,5.283642,"injury","2","clear",false,1,"GM0342"
"20220144937",2022,"Letsel",1,"Fiets",\N,"Eenzijdig","Rechte weg",50,"Niet brandend","Daglicht","Droog",\N,"183332043","Geversstraat","Oegstgeest","Oegstgeest","Zuid-Holland",false,52.178431,4.465674,"injury","2","clear",false,1,"GM0579"
"20220120994",2022,"Letsel",2,"Motor","Fiets","Onbekend","Rechte weg",50,"Niet brandend","Daglicht","Droog",\N,"265335008","Veendijk","Loosdrecht","Wijdemeren","Noord-Holland",false,52.203183,5.064505,"injury","2","clear",false,1,"GM1696"
"20220155128",2022,"Letsel",2,"Fiets","Fiets","Flank","Kruispunt, 3 takken",\N,"Niet brandend","Daglicht","Droog",\N,\N,"Nieuweweg","Haarlem","Haarlem","Noord-Holland",false,52.371092,4.671179,"injury","2","clear",false,1,"GM0392"
"20220168915",2022,"Uitsluitend materiele schade",2,"Fiets","Fiets","Kop/staart","Rechte weg",60,"Niet brandend","Daglicht","Droog",\N,"466398002","Geerdijk","Den Ham","Twenterand","Overijssel",false,52.474282,6.54153,"material damage only","4","clear",false,1,"GM1700"
"20220179972",2022,"Letsel",3,"Fiets","Fiets","Kop/staart","Kruispunt, 3 takken",30,"Brandend","Daglicht","Droog",\N,\N,"Reigersbergenweg","'s-Gravenhage","'s-Gravenhage","Zuid-Holland",false,52.089996,4.353618,"injury","2","clear",false,1,"GM0518"
"20220185134",2022,"Letsel",2,"Bromfiets","Fiets","Frontaal","Rechte weg",\N,"Niet aanwezig","Schemer","Droog",\N,"600287557","Deltapad","Vlaardingen","Vlaardingen","Zuid-Holland",true,51.90129,4.298188,"injury","2","clear",false,1,"GM0622"
"20220195870",2022,"Uitsluitend materiele schade",2,"Personenauto","Fiets","Flank","Rotonde",50,"Niet brandend","Daglicht","Droog",\N,\N,"Steenweg","Zaltbommel","Zaltbommel","Gelderland",false,51.808265,5.241419,"material damage only","4","clear",false,1,"GM0297"
"20220194237",2022,"Uitsluitend materiele schade",3,"Bromfiets","Fiets","Onbekend","Rechte weg",50,"Niet brandend","Daglicht","Droog",\N,"428547025","Wendtsteinweg","Marum","Westerkwartier","Groningen",false,53.146303,6.27301,"material damage only","4","clear",false,1,"GM1969"
"20220122502",2022,"Letsel",2,"Personenauto","e-bike","Flank","Rechte weg",30,"Niet brandend","Daglicht","Droog",\N,"267450016","Cornelis Haringhuizenln","Midwoud","Medemblik","Noord-Holland",false,52.716481,5.075336,"injury","2","clear",false,1,"GM0420"
"20220146029",2022,"Uitsluitend materiele schade",2,"Motor","Fiets","Flank","Kruispunt, 3 takken",80,"Brandend","Schemer","Droog",\N,\N,"Kweldamweg","Molenaarsgraaf","Molenlanden","Zuid-Holland",false,51.872317,4.853362,"material damage only","4","clear",false,1,"GM1978"
"20220173812",2022,"Letsel",1,"Fiets",\N,"Eenzijdig",\N,30,\N,"Daglicht",\N,\N,"213403070","Luxemburglaan","Heemskerk","Heemskerk","Noord-Holland",false,52.50054,4.680473,"injury","2","unknown",false,1,"GM0396"
"20220184295",2022,"Letsel",2,"Bestelauto","e-bike","Flank","Bocht",30,"Niet brandend","Daglicht","Droog",\N,\N,"Geldersedijk","Dirksland","Goeree-Overflakkee","Zuid-Holland",false,51.747783,4.105241,"injury","2","clear",false,1,"GM1924"
"20220194090",2022,"Letsel",2,"Personenauto","Fiets","Flank","Kruispunt, 4 takken",50,"Niet brandend","Daglicht","Droog",\N,\N,"Westpoortboulevard","Groningen","Groningen","Groningen",false,53.208477,6.470467,"injury","2","clear",false,1,"GM0014"
"20220188930",2022,"Uitsluitend materiele schade",2,"Personenauto","Fiets","Flank","Kruispunt, 4 takken",50,"Niet brandend","Daglicht","Regen",\N,\N,"Knolgroenveld","Berghem","Oss","Noord-Brabant",false,51.765629,5.574164,"material damage only","4","rain",false,1,"GM0828"
"20220119670",2022,"Uitsluitend materiele schade",2,"Bromfiets","Fiets","Flank","Rechte weg",50,"Niet brandend","Daglicht","Droog",\N,"311328048","Liendertseweg","Amersfoort","Amersfoort","Utrecht",false,52.167269,5.40108,"material damage only","4","clear",false,1,"GM0307"
"20220125196",2022,"Letsel",1,"Fiets",\N,"Eenzijdig","Rechte weg",30,"Niet brandend","Daglicht","Droog",\N,"600714836","Kranenburgweg","'s-Gravenhage","'s-Gravenhage","Zuid-Holland",false,52.090493,4.267401,"injury","2","clear",false,1,"GM0518"
"20220126301",2022,"Letsel",1,"Fiets",\N,"Eenzijdig",\N,50,\N,"Daglicht",\N,\N,"600106351","NOORDELIJKE RANDWEG","Voorburg","Leidschendam-Voorburg","Zuid-Holland",false,52.079784,4.385497,"injury","2","unknown",false,1,"GM1916"
"20220142549",2022,"Uitsluitend materiele schade",2,"Fiets","Fiets","Flank","Rechte weg",50,"Brandend","Duisternis","Droog","Tunnel","600381176","Weesperzijde","Amsterdam","Amsterdam","Noord-Holland",false,52.357338,4.906681,"material damage only","4","clear",false,1,"GM0363"
"20220175260",2022,"Letsel",1,"e-bike",\N,"Eenzijdig",\N,50,\N,"Daglicht","Regen",\N,\N,"Middenweg","Heerhugowaard","Dijk en Waard","Noord-Holland",false,52.661969,4.830912,"injury","2","rain",false,1,"GM1980"
"20220175312",2022,"Letsel",1,"Fiets",\N,"Eenzijdig","Rechte weg",50,"Niet brandend","Daglicht","Droog",\N,"600524235","Soomerwegh","Castricum","Castricum","Noord-Holland",false,52.55442,4.675883,"injury","2","clear",false,1,"GM0383"
"20220181318",2022,"Letsel",1,"Fiets",\N,"Eenzijdig","Rechte weg",\N,"Niet brandend","Daglicht","Droog",\N,"600611131","Ridder van Catsweg","Gouda","Gouda","Zuid-Holland",false,52.024528,4.70737,"injury","2","clear",false,1,"GM0513"
"20220181323",2022,"Letsel",2,"Fiets","Overig vast object","Vast voorwerp","Bocht",30,"Niet brandend","Daglicht",\N,\N,"600919389","Steltloperstraat","Delft","Delft","Zuid-Holland",false,51.982133,4.357422,"injury","2","unknown",false,1,"GM0503"
"20220187638",2022,"Uitsluitend materiele schade",2,"Personenauto","Fiets","Onbekend","Rechte weg",30,"Niet brandend","Daglicht","Droog",\N,"600799316","Fransebaan","Eindhoven","Eindhoven","Noord-Brabant",false,51.487974,5.438782,"material damage only","4","clear",false,1,"GM0772"
"20220190192",2022,"Uitsluitend materiele schade",2,"Personenauto","Fiets","Flank","Rotonde",50,"Niet brandend","Daglicht","Droog",\N,\N,"Broekhin Zuid","Roermond","Roermond","Limburg",false,51.205771,6.008237,"material damage only","4","clear",false,1,"GM0957"
"20220122688",2022,"Letsel",2,"Snorfiets","Fiets","Onbekend","Kruispunt, 4 takken",\N,"Niet brandend","Daglicht","Droog",\N,\N,"Merwedestraat","IJmuiden","Velsen","Noord-Holland",false,52.457947,4.61573,"injury","2","clear",false,1,"GM0453"
"20220136494",2022,"Uitsluitend materiele schade",2,"Personenauto","e-bike","Flank","Kruispunt, 4 takken",30,"Niet brandend","Daglicht","Droog",\N,\N,"Astaweg","Wenum Wiesel","Apeldoorn","Gelderland",false,52.2571,5.965212,"material damage only","4","clear",false,1,"GM0200"
"20220153258",2022,"Uitsluitend materiele schade",2,"Snorfiets","e-bike","Flank","Rotonde",30,"Niet brandend","Daglicht","Droog",\N,\N,"Houtmarkt","Deventer","Deventer","Overijssel",false,52.252263,6.16436,"material damage only","4","clear",false,1,"GM0150"
"20220181396",2022,"Letsel",2,"Fiets","Personenauto","Flank","Rotonde",50,"Niet brandend","Daglicht","Droog",\N,\N,"Jacoba van Beierenweg","Voorhout","Teylingen","Zuid-Holland",false,52.224312,4.486499,"injury","2","clear",false,1,"GM1525"
"20220183599",2022,"Uitsluitend materiele schade",2,"Personenauto","Fiets","Frontaal","Rechte weg",50,"Niet brandend","Daglicht","Droog",\N,"195279075","Prins Alexanderlaan","Rotterdam","Rotterdam","Zuid-Holland",false,51.94168,4.555363,"material damage only","4","clear",false,1,"GM0599"
"20220136549",2022,"Letsel",2,"e-bike","e-bike","Onbekend","Rotonde",60,"Niet brandend","Daglicht","Droog",\N,\N,"Denekamperstraat","Beuningen","Losser","Overijssel",false,52.360711,6.987637,"injury","2","clear",false,1,"GM0168"
"20220146167",2022,"Uitsluitend materiele schade",2,"Personenauto","Fiets","Kop/staart","Rechte weg",50,"Niet brandend","Daglicht","Regen",\N,"183274127","1e Middellandstraat","Rotterdam","Rotterdam","Zuid-Holland",false,51.91936,4.465063,"material damage only","4","rain",false,1,"GM0599"
"20220151227",2022,"Uitsluitend materiele schade",2,"Fiets","Personenauto","Flank","Kruispunt, 4 takken",50,"Niet brandend","Daglicht","Droog",\N,\N,"Humcoverstraat","Meerssen","Meerssen","Limburg",false,50.889455,5.757549,"material damage only","4","clear",false,1,"GM0938"
"20220160647",2022,"Uitsluitend materiele schade",3,"Personenauto","e-bike","Onbekend","Rechte weg",60,"Niet brandend","Daglicht","Droog",\N,"600851975","Stanleyweg","Venlo","Venlo","Limburg",false,51.401714,6.084399,"material damage only","4","clear",false,1,"GM0983"
"20220190732",2022,"Uitsluitend materiele schade",2,"Snorfiets","Fiets","Flank","Rechte weg",\N,"Niet brandend","Daglicht","Mist",\N,"600676232","Rijksweg Noord","Swalmen","Roermond","Limburg",false,51.23972,6.046426,"material damage only","4","fog",false,1,"GM0957"
"20220135610",2022,"Uitsluitend materiele schade",2,"Personenauto","Fiets","Flank","Kruispunt, 3 takken",80,"Niet brandend","Daglicht","Droog",\N,\N,"Drutenseweg","Wijchen","Wijchen","Gelderland",false,51.778102,5.74024,"material damage only","4","clear",false,1,"GM0296"
"20220144174",2022,"Letsel",1,"Fiets",\N,"Eenzijdig","Bocht",50,"Brandend","Duisternis","Droog","Bus-/Tramhalte","600518234","Hoofdstraat","Sassenheim","Teylingen","Zuid-Holland",false,52.215707,4.503581,"injury","2","clear",false,1,"GM1525"
"20220152482",2022,"Uitsluitend materiele schade",2,"Personenauto","Fiets","Flank","Kruispunt, 3 takken",50,"Niet brandend","Daglicht","Droog",\N,\N,"Industrieweg","Zutphen","Zutphen","Gelderland",false,52.154656,6.205228,"material damage only","4","clear",false,1,"GM0301"
"20220153343",2022,"Letsel",2,"Personenauto","Fiets","Onbekend","Kruispunt, 3 takken",80,"Niet brandend","Daglicht","Droog",\N,\N,"Lageweg","Dreumel","West Maas en Waal","Gelderland",false,51.861896,5.44525,"injury","2","clear",false,1,"GM0668"
"20220157870",2022,"Uitsluitend materiele schade",2,"Snorfiets","Fiets","Frontaal","Kruispunt, 4 takken",50,"Niet brandend","Daglicht","Droog",\N,\N,"Kleidijk","Rhoon","Albrandswaard","Zuid-Holland",false,51.860841,4.432504,"material damage only","4","clear",false,1,"GM0613"
"20220184602",2022,"Letsel",4,"Fiets","Personenauto","Vast voorwerp","Rechte weg",50,"Niet brandend","Daglicht","Droog",\N,"171274054","Burg Van Haarenlaan","Schiedam","Schiedam","Zuid-Holland",false,51.91993,4.382436,"injury","2","clear",false,1,"GM0606"
"20220187832",2022,"Uitsluitend materiele schade",2,"Fiets","Personenauto","Onbekend","Kruispunt, 4 takken",70,"Niet brandend","Daglicht","Droog",\N,\N,"Onze Lieve Vrouwestraat","Eindhoven","Eindhoven","Noord-Brabant",false,51.452666,5.489603,"material damage only","4","clear",false,1,"GM0772"
"20220192667",2022,"Uitsluitend materiele schade",2,"Personenauto","Fiets","Frontaal","Kruispunt, 4 takken",50,"Niet brandend","Daglicht","Regen",\N,\N,"Paterswoldseweg","Groningen","Groningen","Groningen",false,53.201716,6.559617,"material damage only","4","rain",false,1,"GM0014"
"20220124080",2022,"Uitsluitend materiele schade",2,"Personenauto","Fiets","Flank","Bocht",30,"Niet brandend","Daglicht","Droog",\N,"600761709","Jan van Galenstraat","Amsterdam","Amsterdam","Noord-Holland",false,52.376195,4.867659,"material damage only","4","clear",false,1,"GM0363"
"20220138604",2022,"Uitsluitend materiele schade",1,"Fiets",\N,"Eenzijdig","Rotonde",50,"Brandend","Duisternis","Droog",\N,\N,"Sportlaan","Zeewolde","Zeewolde","Flevoland",false,52.340443,5.524108,"material damage only","4","clear",false,1,"GM0050"
"20220142949",2022,"Letsel",1,"e-bike",\N,"Eenzijdig","Rechte weg",60,"Brandend","Duisternis","Droog",\N,"144293015","Poelkade","'s-Gravenzande","Westland","Zuid-Holland",false,52.000865,4.183208,"injury","2","clear",false,1,"GM1783"
"20220147370",2022,"Uitsluitend materiele schade",2,"Personenauto","Fiets","Flank","Rotonde",50,"Niet brandend","Daglicht","Droog",\N,\N,"Crullaan","Made","Drimmelen","Noord-Brabant",false,51.672342,4.795197,"material damage only","4","clear",false,1,"GM1719"
"20220152565",2022,"Uitsluitend materiele schade",2,"Snorfiets","Fiets","Flank","Rotonde",50,"Niet brandend","Daglicht","Droog",\N,\N,"van Voorststraat","Huissen","Lingewaard","Gelderland",false,51.938331,5.939206,"material damage only","4","clear",false,1,"GM1705"
"20220156904",2022,"Uitsluitend materiele schade",2,"Personenauto","e-bike","Onbekend","Rotonde",50,"Niet brandend","Daglicht","Droog",\N,\N,"Laan van Nieuw Oosteinde","Voorburg","Leidschendam-Voorburg","Zuid-Holland",false,52.074917,4.350153,"material damage only","4","clear",false,1,"GM1916"
"20220162238",2022,"Uitsluitend materiele schade",2,"Personenauto","Fiets","Flank","Kruispunt, 4 takken",50,"Niet brandend","Daglicht","Droog",\N,\N,"Overcingellaan","Assen","Assen","Drenthe",false,52.986873,6.568353,"material damage only","4","clear",false,1,"GM0106"
"20220186875",2022,"Letsel",2,"Personenauto","Fiets","Flank","Rotonde",50,"Niet brandend","Daglicht","Droog",\N,\N,"Ln der Verenigde Naties","Middelburg","Middelburg","Zeeland",false,51.505484,3.598636,"injury","2","clear",false,1,\N
"20220121493",2022,"Uitsluitend materiele schade",3,"Bromfiets","Fiets","Onbekend","Kruispunt, 3 takken",30,"Niet brandend","Daglicht","Droog",\N,\N,"Bovenlandsestraat","Purmerend","Purmerend","Noord-Holland",false,52.496762,4.963135,"material damage only","4","clear",false,1,"GM0439"
"20220125535",2022,"Letsel",2,"Fiets",\N,"Eenzijdig","Rechte weg",50,"Niet brandend","Daglicht","Droog","Tunnel","600372469","Buitenkerk","Bodegraven","Bodegraven-Reeuwijk","Zuid-Holland",false,52.089189,4.740131,"injury","2","clear",false,1,"GM1901"
"20220135802",2022,"Uitsluitend materiele schade",2,"Fiets","Fiets","Frontaal","Rechte weg",30,"Brandend","Duisternis","Droog",\N,"453389012","Ommerweg","Hellendoorn","Hellendoorn","Overijssel",false,52.431941,6.44041,"material damage only","4","clear",false,1,"GM0163"
"20220138652",2022,"Uitsluitend materiele schade",1,"Fiets",\N,"Voetganger","Rechte weg",30,"Niet brandend","Daglicht","Droog",\N,"281341049","Groest","Hilversum","Hilversum","Noord-Holland",false,52.224674,5.177498,"material damage only","4","clear",false,1,"GM0402"
"20220145431",2022,"Letsel",3,"Personenauto","Fiets","Frontaal","Rotonde",50,"Niet brandend","Daglicht","Droog",\N,\N,"Laan van Welhorst","Hendrik-Ido-Ambacht","Hendrik-Ido-Ambacht","Zuid-Holland",false,51.83316,4.649836,"injury","2","clear",false,1,"GM0531"
"20220155658",2022,"Letsel",2,"Fiets","Fiets","Onbekend","Bocht",\N,"Niet brandend","Daglicht","Droog",\N,"239371014","Vondelpark","Amsterdam","Amsterdam","Noord-Holland",false,52.35688,4.869023,"injury","2","clear",false,1,"GM0363"
"20220186922",2022,"Uitsluitend materiele schade",2,"Motor","Fiets","Flank","Rechte weg",60,"Niet brandend","Daglicht","Droog",\N,\N,"Groenstraat","Esbeek","Hilvarenbeek","Noord-Brabant",false,51.462225,5.1478,"material damage only","4","clear",false,1,"GM0798"
"20220188092",2022,"Uitsluitend materiele schade",2,"Personenauto","Fiets","Frontaal","Rotonde",50,"Niet brandend","Daglicht","Droog",\N,\N,"Willem de Zwijgerweg","Best","Best","Noord-Brabant",false,51.502939,5.392804,"material damage only","4","clear",false,1,"GM0753"
"20220192940",2022,"Letsel",2,"Personenauto","Fiets","Flank","Kruispunt, 4 takken",50,"Niet brandend","Daglicht","Droog",\N,\N,"Blankenslaan-Oost","Hoogeveen","Hoogeveen","Drenthe",false,52.729206,6.477336,"injury","2","clear",false,1,"GM0118"
"20220196483",2022,"Uitsluitend materiele schade",2,"Personenauto","e-bike","Flank","Kruispunt, 3 takken",30,"Niet brandend","Daglicht","Droog",\N,\N,"Hoge Dijkje","Nijverdal","Hellendoorn","Overijssel",false,52.361631,6.472337,"material damage only","4","clear",false,1,"GM0163"
"20220197350",2022,"Uitsluitend materiele schade",2,"Personenauto","Fiets","Flank","Kruispunt, 4 takken",80,"Niet brandend","Daglicht","Droog",\N,\N,"Twistweg","Den Ham","Twenterand","Overijssel",false,52.447498,6.522186,"material damage only","4","clear",false,1,"GM1700"
"20220122974",2022,"Letsel",3,"Personenauto","Fiets","Onbekend","Rechte weg",50,"Niet brandend","Daglicht","Droog",\N,"600740911","Middenduinerweg","Santpoort-Zuid","Velsen","Noord-Holland",false,52.428556,4.627834,"injury","2","clear",false,1,"GM0453"
"20220151459",2022,"Letsel",3,"Fiets","Fiets","Los voorwerp","Rechte weg",50,"Niet brandend","Daglicht","Droog",\N,"600213352","Houtstraat","Echt","Echt-Susteren","Limburg",false,51.095939,5.893061,"injury","2","clear",false,1,"GM1711"
"20220152640",2022,"Uitsluitend materiele schade",1,"Fiets",\N,"Onbekend","Rechte weg",30,"Brandend","Schemer","Droog",\N,"600647856","Witte Paarden","Witte Paarden","Steenwijkerland","Overijssel",false,52.809005,6.078173,"material damage only","4","clear",false,1,"GM1708"
"20220160894",2022,"Uitsluitend materiele schade",1,"Fiets",\N,"Onbekend","Rechte weg",50,"Niet brandend","Daglicht","Droog",\N,"600842138","Roermondseweg","Haelen","Leudal","Limburg",false,51.229981,5.963517,"material damage only","4","clear",false,1,"GM1640"
"20220169415",2022,"Uitsluitend materiele schade",2,"Personenauto","e-bike","Flank","Rechte weg",50,"Brandend","Duisternis","Droog",\N,"600840326","Lange Water","Arnhem","Arnhem","Gelderland",false,51.989046,5.950995,"material damage only","4","clear",false,1,"GM0202"
"20220174387",2022,"Letsel",2,"Bromfiets","Fiets","Flank","Kruispunt, 4 takken",50,"Niet brandend","Daglicht","Droog",\N,\N,"Soendaplein","Haarlem","Haarlem","Noord-Holland",false,52.398076,4.643352,"injury","2","clear",false,1,"GM0392"
"20220198019",2022,"Letsel",2,"Personenauto","Fiets","Flank","Kruispunt, 4 takken",60,"Niet brandend","Schemer","Droog",\N,\N,"Den Kaat","Balkbrug","Hardenberg","Overijssel",false,52.616616,6.408315,"injury","2","clear",false,1,"GM0160"
"20220116068",2022,"Uitsluitend materiele schade",2,"Snorfiets","Fiets","Frontaal","Rechte weg",30,"Niet brandend","Daglicht","Droog",\N,"382279027","Parkdreef","Huissen","Lingewaard","Gelderland",false,51.946756,5.917336,"material damage only","4","clear",false,1,"GM1705"
"20220124231",2022,"Uitsluitend materiele schade",2,"Bestelauto","Fiets","Onbekend","Rotonde",50,"Niet brandend","Daglicht","Droog",\N,\N,"Amstelslag","Amstelveen","Amstelveen","Noord-Holland",false,52.296076,4.892745,"material damage only","4","clear",false,1,"GM0362"
"20220146432",2022,"Letsel",2,"Bestelauto","e-bike","Kop/staart","Rechte weg",30,"Niet brandend","Daglicht","Droog",\N,"251254079","Voermanstraat","Gorinchem","Gorinchem","Zuid-Holland",false,51.83392,4.959772,"injury","2","clear",false,1,"GM0512"
"20240083503",2024,"Dodelijk",3,"Fiets","Bestelauto","Flank","Kruispunt, 4 takken",30,"Niet brandend","Daglicht","Droog",\N,\N,"Lisztgaarde","Oss","Oss","Noord-Brabant",true,51.754792,5.518796,"fatal","1","clear",false,1,"GM0828"
"20240083512",2024,"Letsel",3,"Personenauto","Fiets","Flank","Kruispunt, 3 takken",50,"Brandend","Schemer","Droog",\N,\N,"Gasthuisring","Tilburg","Tilburg","Noord-Brabant",false,51.562017,5.077449,"injury","2","clear",false,1,"GM0855"
"20240088674",2024,"Letsel",1,"Fiets",\N,"Onbekend","Kruispunt, 4 takken",50,"Niet brandend","Daglicht","Droog",\N,\N,"Colijnplein","'s-Gravenhage","'s-Gravenhage","Zuid-Holland",false,52.066502,4.247671,"injury","2","clear",false,1,"GM0518"
"20240088699",2024,"Letsel",1,"Fiets",\N,"Onbekend","Rechte weg",50,"Niet brandend","Daglicht","Droog",\N,"600713123","Loosduinse Hoofdstraat","'s-Gravenhage","'s-Gravenhage","Zuid-Holland",false,52.052237,4.231016,"injury","2","clear",false,1,"GM0518"
"20240092161",2024,"Uitsluitend materiele schade",2,"Personenauto","Fiets","Los voorwerp","Rotonde",30,"Niet brandend","Daglicht","Droog",\N,\N,"Broekweg","Veldhoven","Veldhoven","Noord-Brabant",false,51.419572,5.418848,"material damage only","4","clear",false,1,"GM0861"
"20240092326",2024,"Uitsluitend materiele schade",2,"Personenauto","Fiets","Flank","Rotonde",50,"Niet brandend","Daglicht","Regen",\N,\N,"Bergerstraat","Maastricht","Maastricht","Limburg",false,50.851438,5.731342,"material damage only","4","rain",false,1,"GM0935"
"20240097554",2024,"Uitsluitend materiele schade",2,"Personenauto","Fiets","Frontaal","Rechte weg",30,"Niet brandend","Daglicht","Droog",\N,"238367004","Fred. Roeskestraat","Amsterdam","Amsterdam","Noord-Holland",false,52.340568,4.865277,"material damage only","4","clear",false,1,"GM0363"
"20240046598",2024,"Letsel",1,"Fiets",\N,"Onbekend","Kruispunt, 3 takken",60,"Niet brandend","Daglicht","Droog",\N,"481346003","Veldhuisweg","Ambt Delden","Hof van Twente","Overijssel",false,52.23778,6.640942,"injury","2","clear",false,1,"GM1735"
"20240086097",2024,"Uitsluitend materiele schade",2,"Personenauto","Fiets","Flank","Kruispunt, 4 takken",30,"Niet brandend","Daglicht","Droog",\N,\N,"Maasstraat","Heemskerk","Heemskerk","Noord-Holland",false,52.495912,4.677842,"material damage only","4","clear",false,1,"GM0396"
"20240088048",2024,"Uitsluitend materiele schade",2,"Bestelauto","e-bike","Flank","Kruispunt, 4 takken",50,"Niet brandend","Daglicht","Droog",\N,\N,"Oude Haagweg","'s-Gravenhage","'s-Gravenhage","Zuid-Holland",false,52.0555,4.241955,"material damage only","4","clear",false,1,"GM0518"
"20240092558",2024,"Uitsluitend materiele schade",2,"Personenauto","e-bike","Flank","Rotonde",50,"Niet brandend","Daglicht","Droog",\N,\N,"Schandelerboord","Heerlen","Heerlen","Limburg",false,50.890259,5.983827,"material damage only","4","clear",false,1,"GM0917"
"20240092584",2024,"Uitsluitend materiele schade",2,"Personenauto","Fiets","Onbekend","Kruispunt, 4 takken",30,"Niet brandend","Daglicht","Droog",\N,\N,"Beukenlaan","Eindhoven","Eindhoven","Noord-Brabant",false,51.448023,5.451648,"material damage only","4","clear",false,1,"GM0772"
"20240092817",2024,"Uitsluitend materiele schade",2,"Personenauto","Fiets","Onbekend","Kruispunt, 4 takken",50,"Niet brandend","Daglicht","Droog",\N,\N,"Edisonweg","Veghel","Meierijstad","Noord-Brabant",false,51.615667,5.508424,"material damage only","4","clear",false,1,"GM1948"
"20240097580",2024,"Letsel",2,"Fiets","Overig vast object","Vast voorwerp","Rechte weg",50,"Niet brandend","Daglicht","Droog",\N,"210311012","Rijneveld","Boskoop","Alphen aan den Rijn","Zuid-Holland",false,52.085583,4.671485,"injury","2","clear",false,1,"GM0484"
"20240098174",2024,"Uitsluitend materiele schade",2,"Fiets","Personenauto","Flank","Kruispunt, 4 takken",30,"Brandend","Duisternis","Droog",\N,\N,"Kromme Waal","Amsterdam","Amsterdam","Noord-Holland",false,52.375311,4.902923,"material damage only","4","clear",false,1,"GM0363"
"20240101292",2024,"Letsel",1,"Fiets",\N,"Onbekend","Rechte weg",50,"Brandend","Duisternis","Droog","Tunnel","600596458","Kesterse Wei","Naaldwijk","Westland","Zuid-Holland",false,51.971671,4.21501,"injury","2","clear",false,1,"GM1783"
"20240045324",2024,"Letsel",2,"Personenauto","Fiets","Frontaal","Kruispunt, 3 takken",50,"Niet brandend","Daglicht","Droog",\N,\N,"Rosmolenplein","Tilburg","Tilburg","Noord-Brabant",false,51.568272,5.096563,"injury","2","clear",false,1,"GM0855"
"20240073248",2024,"Letsel",2,"Fiets","Personenauto","Flank","Kruispunt, 3 takken",30,"Niet brandend","Daglicht","Droog",\N,\N,"Veldweg","Best","Best","Noord-Brabant",false,51.509061,5.379985,"injury","2","clear",false,1,"GM0753"