"accident_id","year","severity_raw","party_count","party1_type","party2_type","accident_type","road_situation","speed_limit_kmh","road_lighting","light_condition_label","weather_raw","infra_type","road_segment_id","street_name","place_name","gemeente_name_raw","province","alcohol_indicated","latitude","longitude","severity_label","severity_code","weather_label","built_up_area","cyclists_involved","gemeente_code"
"20240086817",2024,"Uitsluitend materiele schade",3,"Fiets","Fiets","Onbekend","Rechte weg",60,"Niet aanwezig","Daglicht","Droog",\N,"348429001","Ketelmeerweg","Nagele","Noordoostpolder","Flevoland",false,52.621082,5.686879,"material damage only","4","clear",false,1,"GM0171"
"20240093156",2024,"Letsel",1,"Fiets",\N,"Eenzijdig","Rechte weg",30,"Niet brandend","Daglicht","Droog",\N,"486548003","Tjalk","Kropswolde","Midden-Groningen","Groningen",false,53.149386,6.71013,"injury","2","clear",false,1,"GM1952"
"20240094590",2024,"Dodelijk",2,"Personenauto","Fiets","Onbekend","Kruispunt, 4 takken",60,"Niet brandend","Daglicht","Droog",\N,\N,"Heerderweg","Epe","Epe","Gelderland",false,52.357563,5.995648,"fatal","1","clear",false,1,"GM0232"
"20240098228",2024,"Letsel",2,"Personenauto","Fiets","Frontaal","Kruispunt, 3 takken",30,"Niet brandend","Daglicht","Regen",\N,\N,"Petronella Voûtestraat","Rijswijk","Rijswijk","Zuid-Holland",false,52.02665,4.313743,"injury","2","rain",false,1,\N
"20240046026",2024,"Uitsluitend materiele schade",2,"Personenauto","Fiets","Onbekend","Kruispunt, 3 takken",30,"Niet brandend","Daglicht","Droog",\N,\N,"Koggelaan","Zwolle","Zwolle","Overijssel",false,52.503209,6.084752,"material damage only","4","clear",false,1,"GM0193"
"20240049677",2024,"Letsel",1,"Fiets",\N,"Eenzijdig","Kruispunt, 4 takken",30,"Niet brandend","Daglicht","Droog",\N,\N,"Abel Tasmanstraat","Maasdijk","Westland","Zuid-Holland",false,51.958642,4.215559,"injury","2","clear",false,1,"GM1783"
"20240081644",2024,"Letsel",2,"Personenauto","Fiets","Onbekend","Rotonde",50,"Niet brandend","Daglicht","Droog",\N,\N,"Sir Winston Churchillln","Rijswijk","Rijswijk","Zuid-Holland",false,52.031144,4.304512,"injury","2","clear",false,1,\N
"20240088807",2024,"Uitsluitend materiele schade",2,"Personenauto","Fiets","Onbekend","Kruispunt, 3 takken",30,"Niet brandend","Daglicht","Droog",\N,\N,"Hoofdweg","Amsterdam","Amsterdam","Noord-Holland",false,52.375832,4.847381,"material damage only","4","clear",false,1,"GM0363"
"20240093816",2024,"Letsel",2,"Fiets","Personenauto","Flank","Rotonde",50,"Niet brandend","Schemer","Droog",\N,\N,"Holterstraatweg","Rijssen","Rijssen-Holten","Overijssel",false,52.308734,6.511835,"injury","2","clear",false,1,"GM1742"
"20240046725",2024,"Letsel",1,"Fiets",\N,"Onbekend","Rechte weg",15,"Niet brandend","Daglicht","Droog",\N,"600835896","Miggelenbergweg","Hoenderloo","Apeldoorn","Gelderland",false,52.127904,5.902522,"injury","2","clear",false,1,"GM0200"
"20240083011",2024,"Uitsluitend materiele schade",2,"Personenauto","Fiets","Flank","Kruispunt, 4 takken",50,"Niet brandend","Daglicht","Droog",\N,\N,"President Kennedylaan","Roosendaal","Roosendaal","Noord-Brabant",false,51.51928,4.457866,"material damage only","4","clear",false,1,"GM1674"
"20240084353",2024,"Letsel",2,"Personenauto","Fiets","Flank","Kruispunt, 3 takken",60,"Niet brandend","Daglicht","Droog",\N,\N,"Rhienderensestraat","Hall","Brummen","Gelderland",false,52.105239,6.086751,"injury","2","clear",false,1,"GM0213"
"20240089484",2024,"Letsel",2,"Fiets","Fiets","Flank","Kruispunt, 4 takken",50,"Niet brandend","Daglicht","Droog",\N,\N,"Westvlietweg","'s-Gravenhage","'s-Gravenhage","Zuid-Holland",false,52.072815,4.377716,"injury","2","clear",false,1,"GM0518"
"20240096237",2024,"Uitsluitend materiele schade",2,"Personenauto","Fiets","Flank","Kruispunt, 3 takken",30,"Niet brandend","Daglicht","Droog",\N,\N,"Dolderseweg","Den Dolder","Zeist","Utrecht",false,52.148016,5.238032,"material damage only","4","clear",false,1,"GM0355"
"20240096253",2024,"Uitsluitend materiele schade",1,"Fiets",\N,"Onbekend","Rotonde",30,"Niet brandend","Daglicht","Droog",\N,\N,"Melkweg","Bilthoven","De Bilt","Utrecht",false,52.12229,5.188212,"material damage only","4","clear",false,1,"GM0310"
"20240094715",2024,"Letsel",1,"Fiets",\N,"Onbekend",\N,50,\N,"Daglicht",\N,\N,\N,"De Rietlanden","Giethoorn","Steenwijkerland","Overijssel",false,52.720565,6.040045,"injury","2","unknown",false,1,"GM1708"
"20240046156",2024,"Letsel",2,"Personenauto","Fiets","Flank","Kruispunt, 4 takken",30,"Niet brandend","Daglicht","Droog",\N,\N,"Entinge","Zuidlaren","Tynaarlo","Drenthe",false,53.074648,6.700528,"injury","2","clear",false,1,"GM1730"
"20240070291",2024,"Uitsluitend materiele schade",2,"Fiets","Personenauto","Flank","Rechte weg",30,"Niet brandend","Daglicht","Droog",\N,"237225072","Haven","Geertruidenberg","Geertruidenberg","Noord-Brabant",false,51.701756,4.862205,"material damage only","4","clear",false,1,"GM0779"
"20240074732",2024,"Uitsluitend materiele schade",1,"Fiets",\N,"Onbekend",\N,\N,\N,"Daglicht",\N,\N,"378414064","Bereklauw","Kampen","Kampen","Overijssel",false,52.553053,5.896169,"material damage only","4","unknown",false,1,"GM0166"
"20240082432",2024,"Uitsluitend materiele schade",2,"Personenauto","Fiets","Flank","Rechte weg",30,"Niet brandend","Daglicht","Droog",\N,"396110021","Gebroek","Roermond","Roermond","Limburg",false,51.188097,6.002864,"material damage only","4","clear",false,1,"GM0957"
"20240088925",2024,"Letsel",2,"Personenauto","Fiets","Flank","Kruispunt, 4 takken",30,"Niet brandend","Daglicht","Droog",\N,\N,"Kastrupstraat","Amsterdam","Amsterdam","Noord-Holland",false,52.390915,4.835754,"injury","2","clear",false,1,"GM0363"
"20240093030",2024,"Uitsluitend materiele schade",2,"Personenauto","Fiets","Onbekend","Rechte weg",60,"Niet aanwezig","Daglicht",\N,\N,"400092004","Kluisweg","Posterholt","Roerdalen","Limburg",false,51.103229,6.034923,"material damage only","4","unknown",false,1,"GM1669"
"20240094786",2024,"Uitsluitend materiele schade",2,"Fiets","Personenauto","Flank","Rechte weg",50,"Niet aanwezig","Daglicht","Droog",\N,\N,"Landbouwstraat","Winterswijk","Winterswijk","Gelderland",false,51.969653,6.713025,"material damage only","4","clear",false,1,"GM0294"
"20240101922",2024,"Uitsluitend materiele schade",2,"Bestelauto","Fiets","Onbekend","Kruispunt, 3 takken",30,"Brandend","Duisternis","Droog",\N,\N,"Henseniusstraat","Venray","Venray","Limburg",false,51.523166,5.974765,"material damage only","4","clear",false,1,"GM0984"
"20240044624",2024,"Uitsluitend materiele schade",2,"Fiets","Fiets","Onbekend","Rechte weg",30,"Niet brandend","Daglicht","Droog",\N,"600807887","Spoorven","Veghel","Meierijstad","Noord-Brabant",false,51.627708,5.550389,"material damage only","4","clear",false,1,"GM1948"
"20240045541",2024,"Uitsluitend materiele schade",2,"Fiets","Voetganger","Voetganger","Rechte weg",50,\N,"Daglicht","Droog",\N,"600655142","'s-Gravenpolderseweg","Goes","Goes","Zeeland",false,51.483114,3.9029,"material damage only","4","clear",false,1,"GM0664"
"20240050472",2024,"Letsel",2,"Fiets","Overig vast object","Vast voorwerp","Rechte weg",30,"Niet brandend","Daglicht","Droog",\N,"600395844","Kalvermarkt","'s-Gravenhage","'s-Gravenhage","Zuid-Holland",false,52.078061,4.316755,"injury","2","clear",false,1,"GM0518"
"20240074765",2024,"Letsel",2,"Personenauto","Fiets","Los voorwerp","Kruispunt, 3 takken",30,"Niet brandend","Daglicht","Regen",\N,\N,"Schoolstraat","Vlagtwedde","Westerwolde","Groningen",false,53.026596,7.108,"injury","2","rain",false,1,"GM1950"
"20240085055",2024,"Letsel",2,"Personenauto","Fiets","Frontaal","Kruispunt, 3 takken",60,"Niet brandend","Daglicht","Regen",\N,\N,"Viaductweg","Bruchem","Zaltbommel","Gelderland",false,51.78486,5.247947,"injury","2","rain",false,1,"GM0297"
"20240043397",2024,"Letsel",1,"Fiets",\N,"Onbekend","Kruispunt, 3 takken",50,"Niet brandend","Daglicht","Droog",\N,\N,"Het Kleine Loo","'s-Gravenhage","'s-Gravenhage","Zuid-Holland",false,52.094222,4.363058,"injury","2","clear",false,1,"GM0518"
"20240044037",2024,"Letsel",2,"Fiets",\N,"Kop/staart","Kruispunt, 4 takken",\N,"Niet brandend","Daglicht","Droog",\N,\N,"Oploseweg","De Rips","Gemert-Bakel","Noord-Brabant",false,51.557871,5.813033,"injury","2","clear",false,1,"GM1652"
"20240046865",2024,"Letsel",2,"Personenauto","Fiets","Flank","Kruispunt, 4 takken",50,"Niet brandend","Daglicht","Droog",\N,\N,"Mooienhof","Enschede","Enschede","Overijssel",false,52.216366,6.895923,"injury","2","clear",false,1,"GM0153"
"20240049875",2024,"Letsel",2,"Fiets","Fiets","Flank","Kruispunt, 4 takken",30,"Niet brandend","Daglicht","Droog",\N,\N,"Roepie Kruizestraat","Amsterdam","Amsterdam","Noord-Holland",false,52.373939,4.967982,"injury","2","clear",false,1,"GM0363"
"20240079307",2024,"Letsel",2,"Fiets","Overig vast object","Vast voorwerp","Rechte weg",\N,"Brandend","Duisternis","Droog",\N,"600223953","Waarderweg","Haarlem","Haarlem","Noord-Holland",false,52.386494,4.665262,"injury","2","clear",false,1,"GM0392"
"20240090918",2024,"Letsel",2,"Snorfiets","Fiets","Frontaal","Kruispunt, 4 takken",30,"Niet brandend","Daglicht","Droog",\N,\N,"Bunzingpad","Bergschenhoek","Lansingerland","Zuid-Holland",false,51.974381,4.496498,"injury","2","clear",false,1,"GM1621"
"20240094844",2024,"Letsel",2,"Snorfiets","Fiets","Flank","Kruispunt, 3 takken",30,"Niet brandend","Daglicht","Droog",\N,\N,"Burg Seinenstraat","Aduard","Westerkwartier","Groningen",false,53.255918,6.459939,"injury","2","clear",false,1,"GM1969"
"20240098790",2024,"Letsel",2,"Fiets","Fiets","Flank","Kruispunt, 4 takken",50,"Niet brandend","Daglicht","Droog",\N,\N,"Asserweg","Hoofddorp","Haarlemmermeer","Noord-Holland",false,52.306381,4.673312,"injury","2","clear",false,1,"GM0394"
"20240099123",2024,"Uitsluitend materiele schade",2,"Snorfiets","Fiets","Onbekend","Rechte weg",30,"Niet brandend","Daglicht","Droog",\N,"244376004","IJplein","Amsterdam","Amsterdam","Noord-Holland",false,52.382136,4.90928,"material damage only","4","clear",false,1,"GM0363"
"20240080794",2024,"Uitsluitend materiele schade",1,"Fiets",\N,"Onbekend","Rechte weg",30,"Niet brandend","Daglicht","Droog",\N,"181290032","Hofpleinpad","Berkel en Rodenrijs","Lansingerland","Zuid-Holland",false,51.993771,4.452163,"material damage only","4","clear",false,1,"GM1621"
"20240098956",2024,"Letsel",2,"Personenauto","Fiets","Frontaal","Kruispunt, 4 takken",50,"Brandend","Duisternis","Regen",\N,\N,"Jan Gijzenkade","Haarlem","Haarlem","Noord-Holland",false,52.405952,4.656347,"injury","2","rain",false,1,"GM0392"
"20240099073",2024,"Letsel",1,"Fiets",\N,"Onbekend",\N,30,\N,"Daglicht",\N,\N,\N,"De Vriesplein","Purmerend","Purmerend","Noord-Holland",false,52.512491,4.960996,"injury","2","unknown",false,1,"GM0439"
"20240099591",2024,"Letsel",2,"Fiets","Personenauto","Flank","Rechte weg",50,"Niet brandend","Daglicht","Droog",\N,"259215068","Hilsestraat","Kaatsheuvel","Loon op Zand","Noord-Brabant",false,51.657351,5.021646,"injury","2","clear",false,1,"GM0809"
"20240099832",2024,"Letsel",2,"Personenauto","Fiets","Flank","Kruispunt, 3 takken",50,"Niet brandend","Daglicht","Droog",\N,\N,"Bergstoep","Rotterdam","Rotterdam","Zuid-Holland",false,51.873946,4.540816,"injury","2","clear",false,1,"GM0599"
"20240082592",2024,"Uitsluitend materiele schade",2,"Personenauto","Fiets","Flank","Kruispunt, 4 takken",30,"Niet brandend","Daglicht","Droog",\N,\N,"Heistraat","Helmond","Helmond","Noord-Brabant",false,51.48372,5.664196,"material damage only","4","clear",false,1,"GM0794"
"20240083915",2024,"Letsel",2,"Personenauto","Fiets","Flank","Kruispunt, 4 takken",30,"Niet brandend","Daglicht","Droog",\N,"600710002","Absdaalseweg","Hulst","Hulst","Zeeland",false,51.276205,4.050274,"injury","2","clear",false,1,"GM0677"
"20240087147",2024,"Letsel",2,"Fiets","Los voorwerp","Vast voorwerp","Rechte weg",50,"Brandend","Duisternis","Droog",\N,"600762197","Oostdam","Woerden","Woerden","Utrecht",false,52.0869,4.890524,"injury","2","clear",false,1,"GM0632"
"20240088413",2024,"Letsel",2,"Fiets","Personenauto","Onbekend","Rotonde",60,"Niet brandend","Daglicht","Droog",\N,\N,"Provincialeweg","Hazerswoude-Dorp","Alphen aan den Rijn","Zuid-Holland",false,52.078013,4.587952,"injury","2","clear",false,1,"GM0484"
"20240088441",2024,"Uitsluitend materiele schade",2,"Bromfiets","Fiets","Onbekend","Kruispunt, 4 takken",30,"Niet brandend","Daglicht","Droog","Brug/viaduct",\N,"Sloterkade","Amsterdam","Amsterdam","Noord-Holland",false,52.350953,4.852016,"material damage only","4","clear",false,1,"GM0363"
"20240099614",2024,"Uitsluitend materiele schade",2,"Bromfiets","Fiets","Frontaal","Kruispunt, 4 takken",50,"Niet brandend","Daglicht","Droog",\N,\N,"Groene Kruisstraat","Spijkenisse","Nissewaard","Zuid-Holland",false,51.848754,4.324341,"material damage only","4","clear",false,1,"GM1930"
"20240100179",2024,"Letsel",2,"Personenauto","Fiets","Flank","Kruispunt, 3 takken",50,"Niet brandend","Daglicht","Droog",\N,\N,"Burgemeester Doumaweg","Zwijndrecht","Zwijndrecht","Zuid-Holland",false,51.812206,4.634206,"injury","2","clear",false,1,"GM0642"
"20240100198",2024,"Letsel",2,"Personenauto","Fiets","Frontaal","Kruispunt, 4 takken",50,"Niet brandend","Daglicht","Droog",\N,\N,"Treublaan","'s-Gravenhage","'s-Gravenhage","Zuid-Holland",false,52.065881,4.244458,"injury","2","clear",false,1,"GM0518"
"20240100301",2024,"Letsel",2,"Fiets","Personenauto","Flank","Rechte weg",50,"Niet brandend","Daglicht","Droog",\N,"187274119","Oostplein","Rotterdam","Rotterdam","Zuid-Holland",false,51.922523,4.497048,"injury","2","clear",false,1,"GM0599"
"20240048726",2024,"Uitsluitend materiele schade",2,"Personenauto","Fiets","Flank","Kruispunt, 4 takken",50,"Niet brandend","Daglicht","Droog",\N,\N,"Laan van Kuipershof","Apeldoorn","Apeldoorn","Gelderland",false,52.193612,5.983546,"material damage only","4","clear",false,1,"GM0200"
"20240079416",2024,"Uitsluitend materiele schade",2,"Fiets","Personenauto","Flank","Kruispunt, 4 takken",50,\N,"Daglicht",\N,\N,\N,"Mauritskade","Amsterdam","Amsterdam","Noord-Holland",false,52.360108,4.908776,"material damage only","4","unknown",false,1,"GM0363"
"20240088484",2024,"Letsel",2,"Fiets","Overig vast object","Vast voorwerp","Rechte weg",50,"Brandend","Duisternis","Droog",\N,"600681623","Monsterseweg","'s-Gravenhage","'s-Gravenhage","Zuid-Holland",false,52.048508,4.220966,"injury","2","clear",false,1,"GM0518"
"20240091697",2024,"Letsel",2,"Bromfiets","Fiets","Onbekend","Kruispunt, 4 takken",\N,"Niet brandend","Daglicht","Droog",\N,\N,"Vlaardingerdijk","Schiedam","Schiedam","Zuid-Holland",false,51.909548,4.374529,"injury","2","clear",false,1,"GM0606"
"20240070496",2024,"Uitsluitend materiele schade",1,"Fiets",\N,"Onbekend","Rechte weg",30,"Niet brandend","Daglicht","Droog",\N,\N,"Hoogeinde","Waalwijk","Waalwijk","Noord-Brabant",false,51.694218,5.100059,"material damage only","4","clear",false,1,"GM0867"
"20240071133",2024,"Letsel",2,"Fiets","Fiets","Flank","Kruispunt, 4 takken",30,"Niet brandend","Daglicht","Droog",\N,\N,"Viandenstraat","'s-Gravenhage","'s-Gravenhage","Zuid-Holland",false,52.052029,4.236801,"injury","2","clear",false,1,"GM0518"
"20240089169",2024,"Letsel",3,\N,"Fiets","Onbekend","Rotonde",50,"Niet brandend","Daglicht","Droog",\N,\N,"Saskia van Uylenburgweg","Amstelveen","Amstelveen","Noord-Holland",false,52.316301,4.872573,"injury","2","clear",false,1,"GM0362"
"20240091770",2024,"Uitsluitend materiele schade",2,"Bestelauto","e-bike","Flank","Kruispunt, 4 takken",50,"Niet brandend","Daglicht","Droog",\N,\N,"Stationsstraat","Helmond","Helmond","Noord-Brabant",false,51.474436,5.661223,"material damage only","4","clear",false,1,"GM0794"
"20240070548",2024,"Uitsluitend materiele schade",2,"Personenauto","Fiets","Flank","Kruispunt, 3 takken",50,"Niet brandend","Daglicht","Droog",\N,\N,"Berkdijksestraat","Tilburg","Tilburg","Noord-Brabant",false,51.548421,5.065534,"material damage only","4","clear",false,1,"GM0855"
"20240085917",2024,"Letsel",2,"Fiets","Fiets","Frontaal","Bocht",60,\N,"Daglicht","Droog",\N,"412585010","Sylsterwei","Ingwierrum","Noardeast-Fryslân","Friesland",false,53.318174,6.158147,"injury","2","clear",false,1,"GM1970"
"20240087904",2024,"Letsel",2,"Bestelauto","Fiets","Flank","Rechte weg",\N,"Niet brandend","Daglicht","Droog",\N,"193309046","Prins Bernhardstraat","Benthuizen","Alphen aan den Rijn","Zuid-Holland",false,52.076379,4.539194,"injury","2","clear",false,1,"GM0484"
"20240100961",2024,"Letsel",1,"Fiets",\N,"Flank","Kruispunt, 4 takken",30,"Niet brandend","Schemer","Droog",\N,\N,"Pretorialaan","Rotterdam","Rotterdam","Zuid-Holland",false,51.900164,4.498861,"injury","2","clear",false,1,"GM0599"
"20240102721",2024,"Uitsluitend materiele schade",1,"Fiets",\N,"Eenzijdig","Kruispunt, 4 takken",30,"Niet brandend","Daglicht","Regen",\N,\N,"Schout Kellenerstraat","Roermond","Roermond","Limburg",false,51.200279,6.014899,"material damage only","4","rain",false,1,"GM0957"
"20240043627",2024,"Uitsluitend materiele schade",2,"Personenauto","Fiets","Onbekend","Kruispunt, 3 takken",50,"Niet aanwezig","Daglicht","Droog",\N,\N,"Schoorstraat","Baexem","Leudal","Limburg",false,51.237773,5.872952,"material damage only","4","clear",false,1,"GM1640"
"20240050100",2024,"Letsel",1,"Fiets",\N,"Onbekend","Rechte weg",60,"Niet brandend","Daglicht","Droog",\N,"178300006","Balijpad","Nootdorp","Pijnacker-Nootdorp","Zuid-Holland",false,52.038236,4.426236,"injury","2","clear",false,1,"GM1926"
"20240070577",2024,"Letsel",1,"Fiets",\N,"Onbekend",\N,30,\N,"Daglicht",\N,\N,"600387557","Spaarnwoudelaan","Tilburg","Tilburg","Noord-Brabant",false,51.580863,4.982027,"injury","2","unknown",false,1,"GM0855"
"20240078345",2024,"Letsel",2,"Bromfiets","Fiets","Frontaal","Kruispunt, 3 takken",50,"Niet brandend","Daglicht","Droog","Tunnel",\N,"Eempad","Zwolle","Zwolle","Overijssel",false,52.527738,6.094033,"injury","2","clear",false,1,"GM0193"
"20240082052",2024,"Letsel",2,"Bromfiets","Fiets","Frontaal","Bocht",30,"Brandend","Duisternis","Droog",\N,"600731062","Hallenweg","Leiden","Leiden","Zuid-Holland",false,52.171512,4.497068,"injury","2","clear",false,1,"GM0546"
"20240082071",2024,"Letsel",2,\N,"Fiets","Flank","Kruispunt, 3 takken",30,"Niet brandend","Daglicht","Droog",\N,\N,"Gildepad","Delfgauw","Pijnacker-Nootdorp","Zuid-Holland",false,52.002138,4.399006,"injury","2","clear",false,1,"GM1926"
"20240083400",2024,"Uitsluitend materiele schade",2,"Fiets","Fiets","Frontaal","Kruispunt, 4 takken",30,"Brandend","Duisternis","Droog",\N,\N,"Past Vullinghsplein","Grubbenvorst","Horst aan de Maas","Limburg",false,51.419584,6.147448,"material damage only","4","clear",false,1,"GM1507"
"20240087335",2024,"Uitsluitend materiele schade",2,"Bestelauto","Fiets","Flank","Kruispunt, 4 takken",30,"Niet brandend","Daglicht","Droog",\N,\N,"Donkeregaarde","Nieuwegein","Nieuwegein","Utrecht",false,52.03085,5.069225,"material damage only","4","clear",false,1,"GM0356"
"20240103402",2024,"Uitsluitend materiele schade",2,"Personenauto","Fiets","Flank","Rotonde",50,"Brandend","Duisternis","Regen",\N,\N,"Hemelsley","Sittard","Sittard-Geleen","Limburg",false,50.997157,5.885609,"material damage only","4","rain",false,1,"GM1883"
"20240050157",2024,"Letsel",1,"Fiets",\N,"Eenzijdig","Rechte weg",\N,"Brandend","Duisternis","Droog",\N,"600712093","Zwartendijk","Monster","Westland","Zuid-Holland",false,52.016207,4.191119,"injury","2","clear",false,1,"GM1783"
"20240077773",2024,"Uitsluitend materiele schade",2,"Snorfiets","Fiets","Flank","Rechte weg",50,"Niet brandend","Daglicht","Droog",\N,"281315025","Looydijk","De Bilt","De Bilt","Utrecht",false,52.10867,5.1831,"material damage only","4","clear",false,1,"GM0310"
"20240086005",2024,"Letsel",2,"Personenauto","Fiets","Onbekend","Rotonde",50,"Niet brandend","Daglicht","Droog",\N,\N,"Notaris Mulderstraat","Hoogeveen","Hoogeveen","Drenthe",true,52.721003,6.481383,"injury","2","clear",false,1,"GM0118"
"20240048275",2024,"Uitsluitend materiele schade",2,"Fiets","Personenauto","Flank","Kruispunt, 3 takken",50,"Niet brandend","Daglicht","Droog",\N,\N,"Frans Halslaan","Loosdrecht","Wijdemeren","Noord-Holland",false,52.207588,5.137094,"material damage only","4","clear",false,1,"GM1696"
"20240071303",2024,"Letsel",2,"Personenauto","Fiets","Flank","Rechte weg",30,"Niet brandend","Daglicht","Droog",\N,"188328101","Herensingel","Leiden","Leiden","Zuid-Holland",false,52.163391,4.502338,"injury","2","clear",false,1,"GM0546"
"20240074466",2024,"Uitsluitend materiele schade",2,"Fiets","Snorfiets","Flank","Kruispunt, 3 takken",30,"Brandend","Daglicht","Droog",\N,\N,"Lardinoisstraat","Eindhoven","Eindhoven","Noord-Brabant",false,51.443536,5.475694,"material damage only","4","clear",false,1,"GM0772"
"20240082137",2024,"Letsel",2,"Personenauto","Fiets","Onbekend","Rechte weg",50,"Niet brandend","Daglicht","Droog",\N,"176337136","Zeeweg","Katwijk","Katwijk","Zuid-Holland",false,52.200718,4.412373,"injury","2","clear",false,1,"GM0537"
"20240082143",2024,"Uitsluitend materiele schade",1,"Fiets",\N,"Onbekend","Rechte weg",30,"Niet brandend","Daglicht","Droog",\N,"600378864","Hengelolaan","'s-Gravenhage","'s-Gravenhage","Zuid-Holland",false,52.047887,4.268152,"material damage only","4","clear",false,1,"GM0518"
"20230050648",2023,"Letsel",1,"Fiets",\N,"Eenzijdig","Kruispunt, 4 takken",30,"Brandend","Duisternis","Droog",\N,\N,"Kranenburgweg","'s-Gravenhage","'s-Gravenhage","Zuid-Holland",false,52.091994,4.265291,"injury","2","clear",false,1,"GM0518"
"20230054124",2023,"Letsel",1,"Fiets",\N,"Eenzijdig","Rechte weg",60,"Niet brandend","Daglicht","Droog",\N,"389020001","PANNISBERGWEG","Vaals","Vaals","Limburg",false,50.783507,5.955173,"injury","2","clear",false,1,"GM0981"
"20230055280",2023,"Letsel",3,"Fiets","Fiets","Kop/staart","Rechte weg",60,"Niet aanwezig","Daglicht","Droog",\N,"460605002","M D Teenstraweg","Den Andel","Het Hogeland","Groningen",false,53.406488,6.529978,"injury","2","clear",false,1,"GM1966"
"20230057082",2023,"Uitsluitend materiele schade",2,"Personenauto","Fiets","Flank","Rechte weg",50,"Niet brandend","Daglicht","Droog",\N,"600695345","Stationsstraat","Steenwijk","Steenwijkerland","Overijssel",false,52.790241,6.121276,"material damage only","4","clear",false,1,"GM1708"
"20230062687",2023,"Uitsluitend materiele schade",2,"Personenauto","Fiets","Onbekend","Kruispunt, 3 takken",70,"Niet brandend","Daglicht","Droog",\N,\N,"Slakweg","Maastricht","Maastricht","Limburg",false,50.81593,5.725729,"material damage only","4","clear",false,1,"GM0935"
"20230040172",2023,"Letsel",2,"Personenauto","e-bike","Flank","Kruispunt, 4 takken",50,"Niet brandend","Daglicht","Droog",\N,\N,"Steenvoordelaan","Rijswijk","Rijswijk","Zuid-Holland",false,52.039525,4.314531,"injury","2","clear",false,1,\N
"20230046025",2023,"Letsel",2,"Personenauto","Fiets","Flank","Rotonde",80,"Niet brandend","Daglicht","Droog",\N,\N,"Rondweg Zuid","Ruurlo","Berkelland","Gelderland",false,52.080129,6.44582,"injury","2","clear",false,1,"GM1859"
"20230053015",2023,"Letsel",2,\N,"Fiets","Eenzijdig","Kruispunt, 4 takken",80,"Niet brandend","Daglicht","Droog",\N,\N,"Hoekeindseweg","Bergschenhoek","Lansingerland","Zuid-Holland",false,51.993763,4.521503,"injury","2","clear",false,1,"GM1621"
"20230058411",2023,"Uitsluitend materiele schade",2,"Bromfiets","Fiets","Frontaal","Rechte weg",60,"Niet brandend","Daglicht","Droog",\N,"148296006","Nieuweweg","Honselersdijk","Westland","Zuid-Holland",false,52.017747,4.21354,"material damage only","4","clear",false,1,"GM1783"
"20230062423",2023,"Uitsluitend materiele schade",2,"Personenauto","e-bike","Flank","Rotonde",30,\N,"Daglicht","Droog",\N,\N,"Locht","Veldhoven","Veldhoven","Noord-Brabant",false,51.401107,5.394823,"material damage only","4","clear",false,1,"GM0861"
"20230062727",2023,"Uitsluitend materiele schade",2,"Personenauto","Fiets","Flank","Kruispunt, 3 takken",30,"Niet brandend","Daglicht","Regen",\N,\N,"Hyacinthlaan","Valkenswaard","Valkenswaard","Noord-Brabant",false,51.347774,5.432552,"material damage only","4","rain",false,1,"GM0858"
"20230063867",2023,"Letsel",2,"Personenauto","Fiets","Flank","Kruispunt, 4 takken",50,"Niet brandend","Daglicht",\N,\N,\N,"Troelstralaan","Hoogezand","Midden-Groningen","Groningen",false,53.155536,6.75475,"injury","2","unknown",false,1,"GM1952"
"20230042519",2023,"Uitsluitend materiele schade",2,"Personenauto","e-bike","Flank","Rotonde",80,"Niet brandend","Daglicht","Droog",\N,\N,"Westelijke Kanaalweg","Sluiskil","Terneuzen","Zeeland",false,51.294964,3.833287,"material damage only","4","clear",false,1,"GM0715"
"20230051295",2023,"Letsel",3,"Personenauto","Fiets","Onbekend","Kruispunt, 4 takken",50,"Niet brandend","Daglicht","Droog",\N,\N,"Vondelstraat","Vlaardingen","Vlaardingen","Zuid-Holland",false,51.910842,4.337764,"injury","2","clear",false,1,"GM0622"
"20230051301",2023,"Uitsluitend materiele schade",2,"Bromfiets","Fiets","Frontaal","Kruispunt, 4 takken",50,"Niet brandend","Daglicht","Droog",\N,\N,"Singel","Dordrecht","Dordrecht","Zuid-Holland",false,51.809766,4.662743,"material damage only","4","clear",false,1,"GM0505"
"20230052480",2023,"Letsel",2,"Personenauto","Fiets","Flank","Rechte weg",50,"Niet brandend","Daglicht","Droog",\N,"178272039","Schiedamseweg","Rotterdam","Rotterdam","Zuid-Holland",false,51.912326,4.4357,"injury","2","clear",false,1,"GM0599"
"20230054197",2023,"Uitsluitend materiele schade",2,"Personenauto","Fiets","Flank","Kruispunt, 3 takken",30,"Niet brandend","Daglicht","Regen",\N,\N,"Vrijthof","Maastricht","Maastricht","Limburg",false,50.849802,5.689074,"material damage only","4","rain",false,1,"GM0935"
"20230057472",2023,"Uitsluitend materiele schade",2,"Personenauto","Fiets","Flank","Kruispunt, 3 takken",50,"Niet brandend","Daglicht","Droog",\N,\N,"Markt","Ommen","Ommen","Overijssel",false,52.517641,6.423823,"material damage only","4","clear",false,1,"GM0175"
"20230059124",2023,"Uitsluitend materiele schade",2,"Personenauto","Fiets","Frontaal","Rechte weg",30,"Niet brandend","Daglicht","Droog",\N,"235390019","Spaansgroenstraat","Zaandam","Zaanstad","Noord-Holland",false,52.444702,4.838339,"material damage only","4","clear",false,1,"GM0479"