"accident_id","year","severity_raw","party_count","party1_type","party2_type","accident_type","road_situation","speed_limit_kmh","road_lighting","light_condition_label","weather_raw","infra_type","road_segment_id","street_name","place_name","gemeente_name_raw","province","alcohol_indicated","latitude","longitude","severity_label","severity_code","weather_label","built_up_area","cyclists_involved","gemeente_code"
"20240130935",2024,"Uitsluitend materiele schade",2,"Fiets","Personenauto","Flank","Rotonde",30,"Niet brandend","Daglicht","Droog",\N,\N,"Burg Hoffscholteweg","Aalsmeer","Aalsmeer","Noord-Holland",false,52.267944,4.756206,"material damage only","4","clear",false,1,"GM0358"
"20230043749",2023,"Uitsluitend materiele schade",2,"Personenauto","Fiets","Flank","Kruispunt, 3 takken",50,"Niet aanwezig","Daglicht","Droog",\N,\N,"Geneindestraat","Valkenburg","Valkenburg aan de Geul","Limburg",false,50.866767,5.832558,"material damage only","4","clear",false,1,"GM0994"
"20230049070",2023,"Letsel",2,"Fiets","Bromfiets","Flank","Kruispunt, 4 takken",50,"Niet brandend","Daglicht","Droog",\N,\N,"Noorddammerlaan","Amstelveen","Amstelveen","Noord-Holland",false,52.292256,4.840133,"injury","2","clear",false,1,"GM0362"
"20230050743",2023,"Letsel",2,"Personenauto","e-bike","Flank","Kruispunt, 4 takken",50,"Brandend","Duisternis","Droog",\N,\N,"FIETSPAD","Amsterdam","Amsterdam","Noord-Holland",false,52.378192,4.905185,"injury","2","clear",false,1,"GM0363"
"20230051913",2023,"Letsel",2,"Fiets","Personenauto","Flank","Rechte weg",50,"Niet brandend","Daglicht","Droog",\N,\N,"Galvanistraat","Rotterdam","Rotterdam","Zuid-Holland",false,51.911989,4.432927,"injury","2","clear",false,1,"GM0599"
"20230063595",2023,"Uitsluitend materiele schade",2,"Bromfiets","Fiets","Frontaal","Rechte weg",\N,"Niet brandend","Daglicht","Droog",\N,"407193002","Moleneind","Well L","Bergen (L)","Limburg",false,51.557314,6.094002,"material damage only","4","clear",false,1,\N
"20230064293",2023,"Uitsluitend materiele schade",2,"Bus","Fiets","Flank","Kruispunt, 4 takken",30,"Niet brandend","Daglicht","Droog",\N,\N,"Noorderbaan","Enschede","Enschede","Overijssel",false,52.231452,6.894942,"material damage only","4","clear",false,1,"GM0153"
"20230037990",2023,"Letsel",2,"Bestelauto","Fiets","Eenzijdig","Kruispunt, 4 takken",30,"Niet brandend","Daglicht","Regen",\N,\N,"Robertskruid","Zeewolde","Zeewolde","Flevoland",false,52.329518,5.540957,"injury","2","rain",false,1,"GM0050"
"20230038567",2023,"Letsel",1,"Fiets",\N,"Eenzijdig","Rechte weg",30,"Brandend","Duisternis","Droog",\N,"168289089","Hagedissingel","Delft","Delft","Zuid-Holland",false,51.984904,4.361123,"injury","2","clear",false,1,"GM0503"
"20230039145",2023,"Letsel",2,"Bestelauto","Fiets","Vast voorwerp","Kruispunt, 3 takken",50,"Niet brandend","Daglicht","Droog",\N,\N,"Paardenwater","Gorinchem","Gorinchem","Zuid-Holland",false,51.835404,4.97714,"injury","2","clear",false,1,"GM0512"
"20230040303",2023,"Letsel",2,"Fiets","Fiets","Onbekend","Kruispunt, 3 takken",50,"Brandend","Schemer","Droog",\N,\N,"Pioenweg","'s-Gravenhage","'s-Gravenhage","Zuid-Holland",false,52.069218,4.250685,"injury","2","clear",false,1,"GM0518"
"20230044378",2023,"Letsel",2,"Fiets","Fiets","Onbekend","Rechte weg",60,"Niet aanwezig","Daglicht","Droog",\N,"481309006","Landweerdijk","Eibergen","Berkelland","Gelderland",false,52.074662,6.648475,"injury","2","clear",false,1,"GM1859"
"20230047889",2023,"Uitsluitend materiele schade",2,"Snorfiets","Fiets","Onbekend","Rechte weg",50,"Niet brandend","Daglicht","Droog",\N,"194374065","Zandvoortselaan","Zandvoort","Zandvoort","Noord-Holland",true,52.369198,4.539367,"material damage only","4","clear",false,1,"GM0473"
"20230049667",2023,"Letsel",2,"Fiets","Fiets","Kop/staart","Bocht",\N,"Niet brandend","Daglicht","Droog",\N,"155299027","Erasmusweg","'s-Gravenhage","'s-Gravenhage","Zuid-Holland",false,52.029945,4.259059,"injury","2","clear",false,1,"GM0518"
"20230050191",2023,"Letsel",2,"Fiets","Fiets","Onbekend","Rechte weg",30,"Niet brandend","Daglicht","Droog",\N,"190306127","Akkerpad","Zoetermeer","Zoetermeer","Zuid-Holland",false,52.064099,4.518695,"injury","2","clear",false,1,"GM0637"
"20230057744",2023,"Letsel",1,"Fiets",\N,"Eenzijdig","Rechte weg",60,"Niet aanwezig","Daglicht","Regen",\N,"282237001","Slijkwellsedijk","Well","Maasdriel","Gelderland",false,51.755889,5.190644,"injury","2","rain",false,1,"GM0263"
"20230061043",2023,"Letsel",2,"Bestelauto","Fiets","Eenzijdig","Rechte weg",50,"Niet brandend","Daglicht","Droog",\N,"207321011","Magazijnweg","Alphen aan den Rijn","Alphen aan den Rijn","Zuid-Holland",false,52.131592,4.638488,"injury","2","clear",false,1,"GM0484"
"20230062841",2023,"Uitsluitend materiele schade",2,"Bestelauto","Fiets","Flank","Kruispunt, 3 takken",50,"Niet brandend","Daglicht","Droog",\N,\N,"Walramstraat","Sittard","Sittard-Geleen","Limburg",false,51.000592,5.865376,"material damage only","4","clear",false,1,"GM1883"
"20230063073",2023,"Uitsluitend materiele schade",2,"Fiets","Personenauto","Flank","Kruispunt, 4 takken",30,"Niet brandend","Daglicht","Droog",\N,\N,"Helvoirtseweg","Vught","Vught","Noord-Brabant",false,51.653806,5.281956,"material damage only","4","clear",false,1,"GM0865"
"20230063632",2023,"Letsel",2,"Personenauto","Fiets","Flank","Kruispunt, 3 takken",60,"Niet brandend","Daglicht","Droog",\N,\N,"Vaathoekweg","Borssele","Borsele","Zeeland",false,51.444925,3.754644,"injury","2","clear",false,1,"GM0654"
"20230064743",2023,"Uitsluitend materiele schade",2,"Personenauto","Fiets","Onbekend","Kruispunt, 4 takken",80,"Niet brandend","Daglicht","Droog",\N,\N,"Hoge Kornseweg","Buren","Buren","Gelderland",false,51.908977,5.351763,"material damage only","4","clear",false,1,"GM0214"
"20230042637",2023,"Uitsluitend materiele schade",2,"Fiets","Bromfiets","Frontaal","Rechte weg",60,"Niet brandend","Daglicht","Droog",\N,"600968105","de Oude Baan","Leende","Heeze-Leende","Noord-Brabant",false,51.357078,5.506514,"material damage only","4","clear",false,1,"GM1658"
"20230046757",2023,"Letsel",2,"Fiets","Fiets","Frontaal","Rechte weg",\N,"Niet aanwezig","Daglicht","Droog",\N,"600788126","Meentweg","Eemnes","Eemnes","Utrecht",false,52.274599,5.276076,"injury","2","clear",false,1,"GM0317"
"20230058245",2023,"Uitsluitend materiele schade",2,"Bromfiets","e-bike","Flank","Kruispunt, 3 takken",\N,"Niet brandend","Daglicht","Droog",\N,\N,"Osdorpplein","Amsterdam","Amsterdam","Noord-Holland",false,52.360502,4.806866,"material damage only","4","clear",false,1,"GM0363"
"20230059616",2023,"Uitsluitend materiele schade",2,"Personenauto","Fiets","Flank","Kruispunt, 4 takken",30,"Brandend","Duisternis","Droog",\N,\N,"Nieuwebrugsteeg","Amsterdam","Amsterdam","Noord-Holland",false,52.376712,4.899098,"material damage only","4","clear",false,1,"GM0363"
"20240133323",2024,"Uitsluitend materiele schade",2,"Personenauto","Fiets","Frontaal","Kruispunt, 4 takken",30,"Niet aanwezig","Daglicht","Droog",\N,\N,"Burg Van Leeuwenlaan","Amsterdam","Amsterdam","Noord-Holland",false,52.374691,4.812008,"material damage only","4","clear",false,1,"GM0363"
"20230038049",2023,"Uitsluitend materiele schade",2,"Personenauto","e-bike","Flank","Rotonde",50,"Niet brandend","Daglicht","Droog",\N,\N,"Burg Lommenstraat","Castricum","Castricum","Noord-Holland",false,52.551262,4.663612,"material damage only","4","clear",false,1,"GM0383"
"20230039205",2023,"Letsel",2,"Personenauto","Fiets","Flank","Kruispunt, 4 takken",50,"Niet brandend","Daglicht","Droog",\N,\N,"Ary van der Spuyweg","'s-Gravenhage","'s-Gravenhage","Zuid-Holland",false,52.089811,4.294164,"injury","2","clear",false,1,"GM0518"
"20230046214",2023,"Letsel",3,"Trekker","Fiets","Eenzijdig","Rechte weg",30,"Niet brandend","Daglicht","Droog",\N,"464449003","Riegshoogtendijk","Hollandscheveld","Hoogeveen","Drenthe",false,52.70714,6.534056,"injury","2","clear",false,1,"GM0118"
"20230052632",2023,"Uitsluitend materiele schade",2,"Bromfiets","Fiets","Frontaal","Kruispunt, 4 takken",50,"Niet brandend","Daglicht","Droog",\N,\N,"Gordelweg","Rotterdam","Rotterdam","Zuid-Holland",false,51.940479,4.479417,"material damage only","4","clear",false,1,"GM0599"
"20230058576",2023,"Letsel",2,"Fiets","Fiets","Flank","Kruispunt, 4 takken",30,"Niet brandend","Daglicht","Droog",\N,\N,"Riviervismarkt","'s-Gravenhage","'s-Gravenhage","Zuid-Holland",false,52.076771,4.306469,"injury","2","clear",false,1,"GM0518"
"20230061655",2023,"Letsel",2,"Personenauto","Fiets","Flank","Kruispunt, 3 takken",50,"Niet brandend","Daglicht","Regen",\N,\N,"Stadhouderslaan","'s-Gravenhage","'s-Gravenhage","Zuid-Holland",false,52.089613,4.279034,"injury","2","rain",false,1,"GM0518"
"20230065271",2023,"Uitsluitend materiele schade",2,"Fiets","Bestelauto","Flank","Kruispunt, 4 takken",30,"Niet brandend","Daglicht","Droog",\N,\N,"Wederiklaan","Kampen","Kampen","Overijssel",false,52.552832,5.899663,"material damage only","4","clear",false,1,"GM0166"
"20230048619",2023,"Letsel",2,"Bromfiets","Fiets","Flank","Rechte weg",30,"Niet brandend","Daglicht","Droog",\N,"188329013","Willem de Zwijgerlaan","Leiden","Leiden","Zuid-Holland",false,52.167761,4.501406,"injury","2","clear",false,1,"GM0546"
"20240130234",2024,"Letsel",2,"Personenauto","Fiets","Flank","Kruispunt, 4 takken",50,"Brandend","Duisternis","Droog",\N,\N,"Radiumweg","Amersfoort","Amersfoort","Utrecht",false,52.164943,5.358108,"injury","2","clear",false,1,"GM0307"
"20230039289",2023,"Letsel",1,"Fiets",\N,"Eenzijdig","Rotonde",50,"Niet brandend","Daglicht","Droog",\N,\N,"Prinsesselaan","Sommelsdijk","Goeree-Overflakkee","Zuid-Holland",false,51.75515,4.157613,"injury","2","clear",false,1,"GM1924"
"20230056743",2023,"Letsel",2,"Fiets","Fiets","Frontaal","Rechte weg",60,"Niet aanwezig","Duisternis","Droog",\N,"600881450","Gravenallee","Saasveld","Dinkelland","Overijssel",false,52.327849,6.793315,"injury","2","clear",false,1,"GM1774"
"20230061708",2023,"Letsel",2,"Snorfiets","Fiets","Flank","Kruispunt, 4 takken",50,"Brandend","Duisternis","Droog",\N,\N,"Gooimeerlaan","Leiden","Leiden","Zuid-Holland",false,52.176897,4.497077,"injury","2","clear",false,1,"GM0546"
"20240130560",2024,"Uitsluitend materiele schade",1,"Fiets",\N,"Onbekend","Kruispunt, 4 takken",50,"Niet brandend","Daglicht","Droog",\N,\N,"Rembrandtlaan","Almelo","Almelo","Overijssel",false,52.345801,6.642603,"material damage only","4","clear",false,1,"GM0141"
"20240130718",2024,"Dodelijk",2,"Bestelauto","Fiets","Flank","Kruispunt, 3 takken",50,"Niet brandend","Daglicht","Regen",\N,\N,"Havenafweg","Wageningen","Wageningen","Gelderland",false,51.963303,5.659427,"fatal","1","rain",false,1,"GM0289"
"20240127514",2024,"Uitsluitend materiele schade",2,"Personenauto","Fiets","Flank","Kruispunt, 4 takken",30,"Niet brandend","Daglicht","Droog",\N,\N,"Koemstraat","Lichtenvoorde","Oost Gelre","Gelderland",false,51.986274,6.569488,"material damage only","4","clear",false,1,"GM1586"
"20230044559",2023,"Uitsluitend materiele schade",2,"Bromfiets","Fiets","Flank","Kruispunt, 3 takken",30,"Niet brandend","Daglicht","Droog",\N,\N,"Herestraat","Groningen","Groningen","Groningen",false,53.215189,6.568681,"material damage only","4","clear",false,1,"GM0014"
"20230045720",2023,"Uitsluitend materiele schade",2,"Bestelauto","Fiets","Kop/staart","Rechte weg",50,"Niet brandend","Daglicht","Droog",\N,"389290001","Hoofdstraat","Velp","Rheden","Gelderland",false,51.995835,5.969924,"material damage only","4","clear",false,1,"GM0275"
"20230049823",2023,"Uitsluitend materiele schade",3,"Bestelauto","Fiets","Onbekend","Rechte weg",30,"Niet brandend","Daglicht","Droog",\N,"166292109","Molensingel","Delft","Delft","Zuid-Holland",false,52.001152,4.338084,"material damage only","4","clear",false,1,"GM0503"
"20230055054",2023,"Uitsluitend materiele schade",2,"Personenauto","Fiets","Onbekend","Kruispunt, 3 takken",50,"Niet brandend","Daglicht","Regen",\N,\N,"Harenbergweg","Zutphen","Zutphen","Gelderland",false,52.129026,6.209234,"material damage only","4","rain",false,1,"GM0301"
"20230055620",2023,"Uitsluitend materiele schade",2,"Personenauto","Fiets","Frontaal","Rechte weg",30,"Niet brandend","Daglicht","Droog",\N,"393585058","Strobosserweg","Dokkum","Noardeast-Fryslân","Friesland",false,53.321029,6.011833,"material damage only","4","clear",false,1,"GM1970"
"20230059008",2023,"Letsel",1,"Fiets",\N,"Eenzijdig","Rechte weg",30,"Niet brandend","Daglicht","Droog",\N,"175307091","Veenweg","'s-Gravenhage","'s-Gravenhage","Zuid-Holland",false,52.06609,4.405147,"injury","2","clear",false,1,"GM0518"
"20240133135",2024,"Letsel",2,"Personenauto","Fiets","Onbekend","Kruispunt, 4 takken",50,"Brandend","Duisternis","Droog",\N,\N,"Elandstraat","'s-Gravenhage","'s-Gravenhage","Zuid-Holland",false,52.078574,4.292358,"injury","2","clear",false,1,"GM0518"
"20230050420",2023,"Uitsluitend materiele schade",2,"Personenauto","Fiets","Onbekend","Kruispunt, 3 takken",30,"Niet brandend","Daglicht","Droog",\N,\N,"Kaardesteeg","Leiden","Leiden","Zuid-Holland",false,52.155486,4.494641,"material damage only","4","clear",false,1,"GM0546"
"20230052193",2023,"Uitsluitend materiele schade",2,"Personenauto","Fiets","Flank","Rotonde",50,"Niet brandend","Daglicht","Droog",\N,\N,"Groeninx van Zoelenlaan","Rotterdam","Rotterdam","Zuid-Holland",false,51.885992,4.5429,"material damage only","4","clear",false,1,"GM0599"
"20230053911",2023,"Uitsluitend materiele schade",2,"e-bike","Personenauto","Flank","Rotonde",50,"Niet brandend","Daglicht","Droog",\N,\N,"Populierlaan","Veghel","Meierijstad","Noord-Brabant",false,51.625581,5.547095,"material damage only","4","clear",false,1,"GM1948"
"20230056235",2023,"Uitsluitend materiele schade",2,"Fiets","Fiets","Frontaal","Kruispunt, 4 takken",15,"Niet brandend","Daglicht","Droog",\N,\N,"De Heldinnenlaan","Utrecht","Utrecht","Utrecht",false,52.121989,5.021628,"material damage only","4","clear",false,1,"GM0344"
"20230061786",2023,"Letsel",2,"Bestelauto","Fiets","Flank","Kruispunt, 4 takken",50,"Niet brandend","Daglicht","Droog",\N,\N,"Kempstraat","'s-Gravenhage","'s-Gravenhage","Zuid-Holland",false,52.063744,4.289787,"injury","2","clear",false,1,"GM0518"
"20230049344",2023,"Letsel",3,"Personenauto","Fiets","Flank","Kruispunt, 3 takken",50,"Niet brandend","Daglicht","Droog",\N,\N,"Heereweg","Lisse","Lisse","Zuid-Holland",false,52.26616,4.559122,"injury","2","clear",false,1,"GM0553"
"20230065649",2023,"Uitsluitend materiele schade",2,"Personenauto","Fiets","Onbekend","Kruispunt, 4 takken",50,"Niet brandend","Daglicht","Droog",\N,\N,"Schaarsdijkweg","Tiel","Tiel","Gelderland",false,51.875592,5.400959,"material damage only","4","clear",false,1,"GM0281"
"20230066621",2023,"Uitsluitend materiele schade",3,"e-bike","Personenauto","Flank","Rechte weg",50,"Niet brandend","Daglicht","Droog",\N,"600622766","Hagenweg","Vianen","Vijfheerenlanden","Utrecht",false,51.989787,5.106048,"material damage only","4","clear",false,1,"GM1961"
"20240128674",2024,"Uitsluitend materiele schade",2,"Bestelauto","Fiets","Flank","Kruispunt, 4 takken",50,"Niet brandend","Schemer","Droog/Mist",\N,\N,"Oosterhamriklaan","Groningen","Groningen","Groningen",false,53.234149,6.576584,"material damage only","4","unknown",false,1,"GM0014"
"20240128686",2024,"Letsel",2,"Personenauto","Fiets","Flank","Kruispunt, 4 takken",50,"Niet brandend","Daglicht","Droog",\N,\N,"Antwerpenweg","Groningen","Groningen","Groningen",false,53.200815,6.599814,"injury","2","clear",false,1,"GM0014"
"20240128687",2024,"Letsel",2,"Snorfiets","Fiets","Flank","Kruispunt, 3 takken",50,"Niet brandend","Daglicht","Droog",\N,\N,"FIETSPAD","Emmen","Emmen","Drenthe",false,52.767103,6.89603,"injury","2","clear",false,1,"GM0114"
"20240129059",2024,"Uitsluitend materiele schade",2,"Snorfiets","Fiets","Onbekend","Bocht",50,"Niet brandend","Daglicht","Regen",\N,"600703547","Stationslaan","Lelystad","Lelystad","Flevoland",false,52.510273,5.472656,"material damage only","4","rain",false,1,"GM0995"
"20230041167",2023,"Uitsluitend materiele schade",3,"Bestelauto","Fiets","Onbekend","Rechte weg",60,"Niet aanwezig","Daglicht","Regen",\N,"600940412","Rijksweg A58","Oirschot","Oirschot","Noord-Brabant",false,51.492818,5.327022,"material damage only","4","rain",false,1,"GM0823"
"20230044084",2023,"Uitsluitend materiele schade",2,"Personenauto","Fiets","Flank","Kruispunt, 4 takken",30,"Niet brandend","Daglicht","Droog",\N,\N,"Koningsweg","Puiflijk","Druten","Gelderland",false,51.880929,5.595392,"material damage only","4","clear",false,1,"GM0225"
"20230046433",2023,"Uitsluitend materiele schade",2,"Personenauto","Fiets","Flank","Kruispunt, 4 takken",30,"Niet brandend","Daglicht","Droog",\N,\N,"Purpervlinderstraat","Utrecht","Utrecht","Utrecht",false,52.092006,5.051339,"material damage only","4","clear",false,1,"GM0344"
"20230048819",2023,"Letsel",2,"Bromfiets","Fiets","Flank","Kruispunt, 4 takken",30,"Brandend","Duisternis","Droog",\N,\N,"Paviljoensgracht","'s-Gravenhage","'s-Gravenhage","Zuid-Holland",false,52.074596,4.3107,"injury","2","clear",false,1,"GM0518"
"20230055154",2023,"Uitsluitend materiele schade",2,"Bromfiets","Fiets","Flank","Rechte weg",50,"Niet brandend","Daglicht","Droog",\N,"600835838","Kronenburgsingel","Arnhem","Arnhem","Gelderland",false,51.959775,5.892608,"material damage only","4","clear",false,1,"GM0202"
"20230065685",2023,"Letsel",2,"Personenauto","Fiets","Flank","Kruispunt, 4 takken",60,"Niet brandend","Daglicht","Regen",\N,\N,"ZUIDELIJKE KANAALDIJK","Daarle","Hellendoorn","Overijssel",false,52.434006,6.505191,"injury","2","rain",false,1,"GM0163"
"20230038885",2023,"Letsel",2,"Bromfiets","Fiets","Onbekend","Rechte weg",30,"Niet brandend","Daglicht","Droog",\N,"186328099","Kort Rapenburg","Leiden","Leiden","Zuid-Holland",false,52.160839,4.485264,"injury","2","clear",false,1,"GM0546"
"20230044128",2023,"Letsel",2,"Personenauto","Fiets","Frontaal","Kruispunt, 4 takken",30,"Niet brandend","Daglicht","Droog",\N,\N,"Witterweg","Bovensmilde","Midden-Drenthe","Drenthe",false,52.975719,6.47755,"injury","2","clear",false,1,"GM1731"
"20230044130",2023,"Uitsluitend materiele schade",2,"Personenauto","Fiets","Frontaal","Rotonde",50,"Niet brandend","Daglicht","Droog",\N,\N,"Splitting","Drachten","Smallingerland","Friesland",false,53.106007,6.120747,"material damage only","4","clear",false,1,"GM0090"
"20230045852",2023,"Letsel",2,"Fiets","Fiets","Onbekend","Rechte weg",50,"Brandend","Duisternis","Droog",\N,"384244018","Nieuweweg","Groesbeek","Berg en Dal","Gelderland",false,51.786694,5.925865,"injury","2","clear",false,1,"GM1945"
"20230049964",2023,"Letsel",2,"Personenauto","Fiets","Geparkeerd voertuig","Rechte weg",30,"Niet brandend","Daglicht","Droog","Parkeervoorziening","157298191","Vliethof","Wateringen","Westland","Zuid-Holland",false,52.025288,4.275474,"injury","2","clear",false,1,"GM1783"
"20230054022",2023,"Uitsluitend materiele schade",2,"Personenauto","Fiets","Flank","Kruispunt, 4 takken",80,"Niet brandend","Daglicht","Droog",\N,\N,"Kruisstraat","Schimmert","Beekdaelen","Limburg",false,50.90605,5.813464,"material damage only","4","clear",false,1,"GM1954"
"20230055754",2023,"Letsel",2,"Fiets","Bestelauto","Eenzijdig","Kruispunt, 3 takken",30,"Niet brandend","Daglicht","Droog",\N,\N,"Dwarsdiep","Nieuw-Buinen","Borger-Odoorn","Drenthe",false,52.974722,6.95587,"injury","2","clear",false,1,"GM1681"
"20240128501",2024,"Uitsluitend materiele schade",2,"Fiets","Voetganger","Voetganger","Rechte weg",50,"Niet brandend","Daglicht","Droog",\N,"468562122","Hereweg","Groningen","Groningen","Groningen",false,53.211441,6.570939,"material damage only","4","clear",false,1,"GM0014"
"20230038353",2023,"Uitsluitend materiele schade",2,"Personenauto","Fiets","Flank","Rotonde",30,"Niet brandend","Daglicht","Droog",\N,\N,"Zwolsestraat","Raalte","Raalte","Overijssel",false,52.39291,6.268178,"material damage only","4","clear",false,1,"GM0177"
"20230043567",2023,"Uitsluitend materiele schade",3,"Personenauto","Fiets","Onbekend","Rechte weg",30,"Niet brandend","Daglicht","Droog",\N,"601030292","Moutzhofweg","Venlo","Venlo","Limburg",false,51.360914,6.129819,"material damage only","4","clear",false,1,"GM0983"
"20230047662",2023,"Letsel",2,"Fiets",\N,"Eenzijdig","Rechte weg",80,"Niet brandend","Daglicht","Droog",\N,"600122772","Westerweg","Heerhugowaard","Dijk en Waard","Noord-Holland",false,52.669067,4.816202,"injury","2","clear",false,1,"GM1980"
"20230056957",2023,"Letsel",2,"Fiets","Fiets","Flank","Kruispunt, 4 takken",30,"Niet brandend","Daglicht","Droog",\N,\N,"Busbaan Expo","Hengelo","Hengelo (O)","Overijssel",false,52.281756,6.765923,"injury","2","clear",false,1,\N
"20240130199",2024,"Uitsluitend materiele schade",2,"Personenauto","Fiets","Flank","Rotonde",50,"Niet brandend","Daglicht","Regen",\N,\N,"Dijnselburgerlaan","Zeist","Zeist","Utrecht",false,52.102923,5.240261,"material damage only","4","rain",false,1,"GM0355"
"20240132485",2024,"Uitsluitend materiele schade",2,"Bromfiets","Fiets","Onbekend","Kruispunt, 4 takken",\N,"Niet brandend","Daglicht","Regen",\N,\N,"Groene Kruisweg","Rhoon","Albrandswaard","Zuid-Holland",false,51.858612,4.418263,"material damage only","4","rain",false,1,"GM0613"
"20240132572",2024,"Uitsluitend materiele schade",2,"Bestelauto","Fiets","Flank","Rotonde",50,"Niet aanwezig","Daglicht","Droog",\N,\N,"Laan van de Glazen Stad","Naaldwijk","Westland","Zuid-Holland",false,51.991018,4.218247,"material damage only","4","clear",false,1,"GM1783"
"20230042408",2023,"Letsel",2,"Personenauto","Fiets","Flank","Rotonde",50,"Niet aanwezig","Daglicht","Droog",\N,\N,"Nieuwe Waalreseweg","Valkenswaard","Valkenswaard","Noord-Brabant",false,51.352755,5.451966,"injury","2","clear",false,1,"GM0858"
"20230044767",2023,"Uitsluitend materiele schade",2,"Bestelauto","Fiets","Onbekend","Rotonde",\N,"Niet brandend","Daglicht","Droog",\N,\N,"Brédyk","Stiens","Leeuwarden","Friesland",false,53.257002,5.758876,"material damage only","4","clear",false,1,"GM0080"
"20230048907",2023,"Uitsluitend materiele schade",2,"Personenauto","Fiets","Flank","Kruispunt, 3 takken",50,"Niet brandend","Daglicht","Droog",\N,\N,"Wethouder Van Essenweg","Amsterdam","Amsterdam","Noord-Holland",false,52.394874,4.768963,"material damage only","4","clear",false,1,"GM0363"
"20230054104",2023,"Uitsluitend materiele schade",2,"Personenauto","e-bike","Flank","Kruispunt, 3 takken",50,"Niet brandend","Daglicht","Droog",\N,\N,"de Klerklaan","Eindhoven","Eindhoven","Noord-Brabant",false,51.464999,5.458483,"material damage only","4","clear",false,1,"GM0772"
"20240131574",2024,"Uitsluitend materiele schade",3,"Personenauto","Fiets","Kop/staart","Rechte weg",30,"Niet brandend","Duisternis","Regen",\N,"246377001","Gedempt Hamerkanaal","Amsterdam","Amsterdam","Noord-Holland",true,52.384412,4.924511,"material damage only","4","rain",false,1,"GM0363"
"20240132244",2024,"Letsel",2,"Fiets","Fiets","Frontaal","Kruispunt, 3 takken",30,"Niet brandend","Daglicht","Droog",\N,\N,"Loudelsweg","Bergen (NH)","Bergen (NH)","Noord-Holland",false,52.665352,4.701704,"injury","2","clear",false,1,\N
"20240133737",2024,"Letsel",2,"Fiets",\N,"Onbekend",\N,\N,\N,"Daglicht",\N,\N,"245372027","Roetersstraat","Amsterdam","Amsterdam","Noord-Holland",false,52.363904,4.910874,"injury","2","unknown",false,1,"GM0363"
"20230038450",2023,"Letsel",2,"Bestelauto","Fiets","Flank","Kruispunt, 3 takken",50,"Niet brandend","Daglicht","Droog",\N,\N,"Heijermansstraat","Zaandam","Zaanstad","Noord-Holland",false,52.452446,4.82437,"injury","2","clear",false,1,"GM0479"
"20230039006",2023,"Letsel",2,"Fiets","Fiets","Onbekend","Rechte weg",\N,"Niet brandend","Daglicht","Droog",\N,"173311038","Prins Bernhardlaan","Leidschendam","Leidschendam-Voorburg","Zuid-Holland",false,52.086946,4.391488,"injury","2","clear",false,1,"GM1916"
"20230047728",2023,"Uitsluitend materiele schade",2,"Personenauto","Fiets","Flank","Rechte weg",50,"Niet brandend","Daglicht","Droog",\N,"194375025","van Lennepweg","Zandvoort","Zandvoort","Noord-Holland",false,52.375652,4.540769,"material damage only","4","clear",false,1,"GM0473"
"20220204587",2022,"Uitsluitend materiele schade",3,"Bestelauto","Fiets","Los voorwerp","Rechte weg",50,"Niet brandend","Daglicht","Mist",\N,"321403029","Tjalk 14","Lelystad","Lelystad","Flevoland",false,52.502504,5.472135,"material damage only","4","fog",false,1,"GM0995"
"20220213570",2022,"Letsel",2,"Fiets","Overig vast object","Vast voorwerp","Rechte weg",50,"Brandend","Duisternis","Droog",\N,\N,"Aan 't Verlaat","Delft","Delft","Zuid-Holland",false,52.019199,4.361838,"injury","2","clear",false,1,"GM0503"
"20220213601",2022,"Letsel",1,"e-bike",\N,"Eenzijdig","Kruispunt, 4 takken",30,"Brandend","Duisternis","Droog",\N,\N,"Zandslootkade","Sassenheim","Teylingen","Zuid-Holland",false,52.223447,4.512842,"injury","2","clear",false,1,"GM1525"
"20220044632",2022,"Dodelijk",2,"Bus","e-bike","Flank","Kruispunt, 3 takken",80,"Niet brandend","Daglicht","Droog",\N,\N,"Ellermansweg","Overdinkel","Losser","Overijssel",false,52.250185,7.020292,"fatal","1","clear",false,1,"GM0168"
"20220207361",2022,"Letsel",2,"Fiets","Personenauto","Geparkeerd voertuig","Rechte weg",30,"Niet brandend","Daglicht","Droog","Parkeervoorziening","221429051","Wendelaarstraat","Alkmaar","Alkmaar","Noord-Holland",false,52.619999,4.736879,"injury","2","clear",false,1,"GM0361"
"20220208190",2022,"Uitsluitend materiele schade",2,"Personenauto","e-bike","Flank","Rotonde",70,"Niet brandend","Daglicht","Droog",\N,\N,"Guisweg","Koog aan de Zaan","Zaanstad","Noord-Holland",false,52.462606,4.796286,"material damage only","4","clear",false,1,"GM0479"
"20220212284",2022,"Uitsluitend materiele schade",2,"Motor","Fiets","Flank","Kruispunt, 4 takken",50,"Brandend","Duisternis","Regen",\N,\N,"Reguliersdwarsstraat","Amsterdam","Amsterdam","Noord-Holland",false,52.366082,4.893225,"material damage only","4","rain",false,1,"GM0363"
"20220202289",2022,"Letsel",2,"Personenauto","Fiets","Flank","Kruispunt, 4 takken",50,"Brandend","Duisternis",\N,\N,\N,"Harmen Visserplein","Emmeloord","Noordoostpolder","Flevoland",false,52.710424,5.7477,"injury","2","unknown",false,1,"GM0171"
"20220222380",2022,"Uitsluitend materiele schade",2,"Fiets","Personenauto","Flank","Rotonde",50,"Brandend","Duisternis","Droog",\N,\N,"Groenezoom","Dordrecht","Dordrecht","Zuid-Holland",false,51.803814,4.706438,"material damage only","4","clear",false,1,"GM0505"