"accident_id","year","severity_raw","party_count","party1_type","party2_type","accident_type","road_situation","speed_limit_kmh","road_lighting","light_condition_label","weather_raw","infra_type","road_segment_id","street_name","place_name","gemeente_name_raw","province","alcohol_indicated","latitude","longitude","severity_label","severity_code","weather_label","built_up_area","cyclists_involved","gemeente_code"
"20220199699",2022,"Uitsluitend materiele schade",2,"Personenauto","Fiets","Frontaal","Rechte weg",50,"Niet brandend","Daglicht","Droog",\N,"343299019","Frankeneng","Ede","Ede","Gelderland",false,52.034262,5.6321,"material damage only","4","clear",false,1,"GM0228"
"20220203968",2022,"Uitsluitend materiele schade",2,"Personenauto","Fiets","Flank","Kruispunt, 4 takken",30,"Niet brandend","Daglicht","Droog",\N,\N,"Randhoeve","Houten","Houten","Utrecht",false,52.039069,5.163851,"material damage only","4","clear",false,1,"GM0321"
"20220214584",2022,"Letsel",2,"Fiets","Voetganger","Voetganger","Rechte weg",30,"Niet brandend","Daglicht","Regen",\N,\N,"Nieuwe Beestenmarkt","Leiden","Leiden","Zuid-Holland",false,52.163732,4.486191,"injury","2","rain",false,1,"GM0546"
"20220220353",2022,"Uitsluitend materiele schade",1,"Fiets",\N,"Frontaal","Bocht",50,"Niet brandend","Daglicht","Droog",\N,\N,"Vondellaan","Ridderkerk","Ridderkerk","Zuid-Holland",false,51.865991,4.604255,"material damage only","4","clear",false,1,"GM0597"
"20220223644",2022,"Uitsluitend materiele schade",2,"Fiets","Personenauto","Flank","Kruispunt, 4 takken",50,"Brandend","Duisternis","Droog",\N,\N,"Korvelplein","Tilburg","Tilburg","Noord-Brabant",false,51.549047,5.069614,"material damage only","4","clear",false,1,"GM0855"
"20220226221",2022,"Uitsluitend materiele schade",2,"Personenauto","Fiets","Voetganger","Rechte weg",30,"Niet brandend","Daglicht","Droog",\N,\N,"Kloosterstraat","Roosendaal","Roosendaal","Noord-Brabant",false,51.535933,4.460673,"material damage only","4","clear",false,1,"GM1674"
"20220211702",2022,"Uitsluitend materiele schade",3,"Personenauto","e-bike","Onbekend","Kruispunt, 4 takken",50,"Brandend","Duisternis","Droog",\N,\N,"Jan Pieter Heijestraat","Amsterdam","Amsterdam","Noord-Holland",false,52.36041,4.865483,"material damage only","4","clear",false,1,"GM0363"
"20220219612",2022,"Uitsluitend materiele schade",2,"Bromfiets","Fiets","Onbekend",\N,50,\N,"Duisternis",\N,\N,"173272122","Burg Knappertlaan","Schiedam","Schiedam","Zuid-Holland",false,51.911335,4.392655,"material damage only","4","unknown",false,1,"GM0606"
"20220215382",2022,"Uitsluitend materiele schade",2,"Snorfiets","Fiets","Frontaal","Rechte weg",50,"Niet brandend","Daglicht","Regen",\N,"600890984","De la Reyweg","'s-Gravenhage","'s-Gravenhage","Zuid-Holland",false,52.064988,4.288758,"material damage only","4","rain",false,1,"GM0518"
"20220216122",2022,"Letsel",2,"Personenauto","e-bike","Flank","Rechte weg",50,"Niet brandend","Daglicht","Regen",\N,"201269001","Noord","Krimpen aan de Lek","Krimpenerwaard","Zuid-Holland",false,51.899447,4.598046,"injury","2","rain",false,1,"GM1931"
"20220229716",2022,"Uitsluitend materiele schade",3,"Personenauto","Fiets","Onbekend","Rechte weg",50,"Niet brandend","Daglicht","Droog",\N,"318168149","Zwaanstraat","Eindhoven","Eindhoven","Noord-Brabant",false,51.448812,5.451671,"material damage only","4","clear",false,1,"GM0772"
"20220210399",2022,"Uitsluitend materiele schade",2,"Personenauto","Fiets","Onbekend","Kruispunt, 4 takken",50,"Niet brandend","Daglicht","Regen",\N,\N,"Statenjachtstraat","Amsterdam","Amsterdam","Noord-Holland",false,52.406437,4.915748,"material damage only","4","rain",false,1,"GM0363"
"20220224746",2022,"Uitsluitend materiele schade",2,"Snorfiets","Fiets","Onbekend",\N,30,\N,"Daglicht",\N,\N,"96140049","Sloelaan","Terneuzen","Terneuzen","Zeeland",false,51.313202,3.855527,"material damage only","4","unknown",false,1,"GM0715"
"20220232421",2022,"Uitsluitend materiele schade",2,"Personenauto","e-bike","Eenzijdig","Bocht",50,"Niet brandend","Daglicht","Droog",\N,"600158743","Schiffelderstraat","Simpelveld","Simpelveld","Limburg",false,50.834026,5.985782,"material damage only","4","clear",false,1,"GM0965"
"20220199896",2022,"Letsel",2,"Personenauto","Fiets","Flank","Kruispunt, 4 takken",50,"Niet brandend","Daglicht","Droog",\N,\N,"Binnenhof","Almelo","Almelo","Overijssel",false,52.378698,6.676741,"injury","2","clear",false,1,"GM0141"
"20220206549",2022,"Uitsluitend materiele schade",2,"Fiets","e-bike","Flank","Kruispunt, 4 takken",\N,"Niet brandend","Daglicht","Droog",\N,\N,"Kanaaldijk","Alkmaar","Alkmaar","Noord-Holland",false,52.650167,4.745398,"material damage only","4","clear",false,1,"GM0361"
"20220211864",2022,"Letsel",1,"e-bike",\N,"Eenzijdig","Rechte weg",50,"Brandend","Duisternis","Droog",\N,"245372100","Mauritskade","Amsterdam","Amsterdam","Noord-Holland",false,52.361309,4.914626,"injury","2","clear",false,1,"GM0363"
"20220229133",2022,"Uitsluitend materiele schade",2,"Bestelauto","e-bike","Flank","Kruispunt, 3 takken",50,"Niet brandend","Daglicht","Droog",\N,\N,"Pomphoekweg","'s-Hertogenbosch","'s-Hertogenbosch","Noord-Brabant",false,51.700879,5.275427,"material damage only","4","clear",false,1,"GM0796"
"20220219781",2022,"Letsel",2,"e-bike","Overig vast object","Vast voorwerp","Rechte weg",50,"Niet brandend","Daglicht","Droog","Bus-/Tramhalte","600728384","Straatweg","Rotterdam","Rotterdam","Zuid-Holland",false,51.942903,4.481442,"injury","2","clear",false,1,"GM0599"
"20220206056",2022,"Letsel",3,"Bromfiets","Fiets","Onbekend","Kruispunt, 3 takken",\N,"Niet brandend","Daglicht","Droog",\N,"600423584","Heemradenpad","Heerhugowaard","Dijk en Waard","Noord-Holland",false,52.677297,4.837903,"injury","2","clear",false,1,"GM1980"
"20220213105",2022,"Letsel",3,"Personenauto","Fiets","Frontaal","Rechte weg",15,"Brandend","Duisternis","Regen",\N,"188329096","Soestdijkkade","Leiden","Leiden","Zuid-Holland",false,52.166454,4.501445,"injury","2","rain",false,1,"GM0546"
"20220228507",2022,"Uitsluitend materiele schade",2,"Personenauto","e-bike","Flank","Kruispunt, 3 takken",30,"Niet brandend","Daglicht","Regen",\N,\N,"Nieuwe Waalreseweg","Valkenswaard","Valkenswaard","Noord-Brabant",false,51.359716,5.448018,"material damage only","4","rain",false,1,"GM0858"
"20220231831",2022,"Uitsluitend materiele schade",2,"Personenauto","Fiets","Flank","Kruispunt, 3 takken",50,"Niet brandend","Daglicht","Droog",\N,\N,"Oeslingerbaan","Maastricht","Maastricht","Limburg",false,50.833225,5.702276,"material damage only","4","clear",false,1,"GM0935"
"20220201350",2022,"Uitsluitend materiele schade",2,"Fiets","Personenauto","Flank","Rotonde",50,"Niet brandend","Daglicht","Droog",\N,\N,"Utrechtseweg","Arnhem","Arnhem","Gelderland",false,51.987067,5.865245,"material damage only","4","clear",false,1,"GM0202"
"20220203578",2022,"Letsel",1,"Fiets",\N,"Eenzijdig","Rechte weg",50,"Brandend","Duisternis","Regen",\N,"278342004","Laan van Vogelenzang","Hilversum","Hilversum","Noord-Holland",false,52.229977,5.160121,"injury","2","rain",false,1,"GM0402"
"20220206172",2022,"Uitsluitend materiele schade",3,"Fiets","Fiets","Onbekend","Rechte weg",50,"Niet brandend","Daglicht","Droog",\N,"600541387","Rijksstraatweg","Haarlem","Haarlem","Noord-Holland",false,52.403404,4.64724,"material damage only","4","clear",false,1,"GM0392"
"20220219013",2022,"Uitsluitend materiele schade",2,"Fiets","Overig vast object","Vast voorwerp","Rechte weg",50,"Brandend","Schemer","Droog",\N,"185280009","Straatweg","Rotterdam","Rotterdam","Zuid-Holland",false,51.947661,4.485394,"material damage only","4","clear",false,1,"GM0599"
"20220228522",2022,"Uitsluitend materiele schade",2,"Personenauto","Fiets","Flank","Kruispunt, 4 takken",30,"Niet brandend","Daglicht","Droog",\N,\N,"Gasthuisstraat","Schijndel","Meierijstad","Noord-Brabant",false,51.62948,5.41773,"material damage only","4","clear",false,1,"GM1948"
"20220231135",2022,"Letsel",2,"Personenauto","Fiets","Flank","Kruispunt, 3 takken",80,"Niet aanwezig","Daglicht","Droog",\N,\N,"Chemelot 17-weg","Geleen","Sittard-Geleen","Limburg",false,50.974232,5.791492,"injury","2","clear",false,1,"GM1883"
"20220214126",2022,"Letsel",2,"e-bike","Overig vast object","Vast voorwerp","Rechte weg",50,"Brandend","Duisternis","Droog",\N,"193330009","Torenwacht","Leiderdorp","Leiderdorp","Zuid-Holland",false,52.171107,4.534695,"injury","2","clear",false,1,"GM0547"
"20220221472",2022,"Letsel",2,"Personenauto","Fiets","Frontaal","Kruispunt, 3 takken",50,"Niet brandend","Daglicht","Droog",\N,\N,"Boezembocht","Rotterdam","Rotterdam","Zuid-Holland",false,51.941238,4.493403,"injury","2","clear",false,1,"GM0599"
"20220222126",2022,"Letsel",3,"Personenauto","Fiets","Onbekend","Kruispunt, 4 takken",50,"Brandend","Duisternis","Droog",\N,\N,"Rigolettostraat","Spijkenisse","Nissewaard","Zuid-Holland",false,51.836707,4.317013,"injury","2","clear",false,1,"GM1930"
"20220229357",2022,"Uitsluitend materiele schade",3,"Personenauto","Fiets","Onbekend","Rechte weg",30,"Niet brandend","Daglicht","Droog",\N,"600804744","Kanaaldijk-Noord","Eindhoven","Eindhoven","Noord-Brabant",false,51.43462,5.508411,"material damage only","4","clear",false,1,"GM0772"
"20220200808",2022,"Uitsluitend materiele schade",2,"Personenauto","Fiets","Flank","Rotonde",50,"Niet brandend","Schemer","Droog",\N,\N,"Newtonweg","Harderwijk","Harderwijk","Gelderland",false,52.349078,5.632781,"material damage only","4","clear",false,1,"GM0243"
"20220217852",2022,"Letsel",2,"Fiets","Overig vast object","Vast voorwerp","Rechte weg",30,"Brandend","Duisternis","Droog",\N,"156315046","Vissershavenweg","'s-Gravenhage","'s-Gravenhage","Zuid-Holland",false,52.101804,4.268159,"injury","2","clear",false,1,"GM0518"
"20220230377",2022,"Uitsluitend materiele schade",2,"Bromfiets","e-bike","Frontaal","Rechte weg",50,"Niet brandend","Daglicht","Droog",\N,"600848526","Sint Wirosingel","Roermond","Roermond","Limburg",false,51.195634,6.027648,"material damage only","4","clear",false,1,"GM0957"
"20220207219",2022,"Uitsluitend materiele schade",4,"Fiets","Fiets","Flank","Rechte weg",\N,"Niet aanwezig","Daglicht","Droog",\N,"600545514","Zeeweg","Overveen","Bloemendaal","Noord-Holland",false,52.403992,4.552323,"material damage only","4","clear",false,1,"GM0377"
"20220227994",2022,"Letsel",1,"Fiets",\N,"Eenzijdig","Kruispunt, 3 takken",\N,"Brandend","Duisternis","Droog",\N,\N,"FIETSPAD","Geldrop","Geldrop-Mierlo","Noord-Brabant",false,51.424811,5.544792,"injury","2","clear",false,1,"GM1771"
"20220232064",2022,"Uitsluitend materiele schade",2,"Bestelauto","Fiets","Frontaal",\N,30,"Niet brandend","Daglicht",\N,\N,"354126075","Kasteelsingel","Weert","Weert","Limburg",false,51.256351,5.707985,"material damage only","4","unknown",false,1,"GM0988"
"20220200227",2022,"Letsel",2,"Personenauto","e-bike","Frontaal","Kruispunt, 4 takken",50,"Brandend","Duisternis","Regen",\N,\N,"Midzomerweg","Enschede","Enschede","Overijssel",true,52.224917,6.94525,"injury","2","rain",false,1,"GM0153"
"20220204549",2022,"Uitsluitend materiele schade",2,"Personenauto","Fiets","Flank","Kruispunt, 4 takken",30,"Niet brandend","Daglicht","Droog",\N,\N,"Amstelland","Emmeloord","Noordoostpolder","Flevoland",false,52.718972,5.730158,"material damage only","4","clear",false,1,"GM0171"
"20220214257",2022,"Letsel",1,"e-bike",\N,"Eenzijdig","Rechte weg",50,"Brandend","Duisternis","Droog",\N,"600737575","Meerlaan","Hillegom","Hillegom","Zuid-Holland",false,52.289656,4.590966,"injury","2","clear",false,1,"GM0534"
"20220215810",2022,"Uitsluitend materiele schade",2,"Bromfiets","Fiets","Eenzijdig","Kruispunt, 3 takken",\N,"Niet brandend","Daglicht","Regen",\N,\N,"Prinses Mariannelaan","Voorburg","Leidschendam-Voorburg","Zuid-Holland",false,52.065317,4.354746,"material damage only","4","rain",false,1,"GM1916"
"20220216588",2022,"Letsel",2,"Personenauto","Fiets","Flank","Kruispunt, 4 takken",50,"Niet brandend","Daglicht","Droog",\N,\N,"Cornelis Schuytlaan","Leiden","Leiden","Zuid-Holland",false,52.149715,4.474085,"injury","2","clear",false,1,"GM0546"
"20240133930",2024,"Letsel",2,"Personenauto","Fiets","Flank","Kruispunt, 4 takken",50,"Niet aanwezig","Daglicht","Droog",\N,\N,"Nieuwe Duinweg","'s-Gravenhage","'s-Gravenhage","Zuid-Holland",false,52.107612,4.289326,"injury","2","clear",false,1,"GM0518"
"20240142598",2024,"Uitsluitend materiele schade",2,"Personenauto","Fiets","Onbekend","Rotonde",30,"Brandend","Schemer","Droog",\N,\N,"Verlengde Raadhuislaan","Grootebroek","Stede Broec","Noord-Holland",false,52.697937,5.21799,"material damage only","4","clear",false,1,"GM0532"
"20240136470",2024,"Uitsluitend materiele schade",2,"Personenauto","Fiets","Kop/staart","Rechte weg",50,"Niet brandend","Daglicht","Droog",\N,"418150065","Emmastraat","Venlo","Venlo","Limburg",false,51.36205,6.166523,"material damage only","4","clear",false,1,"GM0983"
"20240143714",2024,"Uitsluitend materiele schade",2,"Bromfiets","Fiets","Frontaal","Kruispunt, 4 takken",50,"Niet brandend","Daglicht","Droog",\N,\N,"Julianastraat","Moerkapelle","Zuidplas","Zuid-Holland",false,52.042745,4.578299,"material damage only","4","clear",false,1,"GM1892"
"20240143738",2024,"Uitsluitend materiele schade",2,"Personenauto","Fiets","Flank","Kruispunt, 3 takken",30,"Niet brandend","Daglicht","Droog",\N,\N,"Rooseveltlaan","Delft","Delft","Zuid-Holland",false,51.988409,4.349275,"material damage only","4","clear",false,1,"GM0503"
"20240133994",2024,"Letsel",1,"Fiets",\N,"Eenzijdig",\N,50,\N,"Schemer","Regen",\N,"169319004","Stoeplaan","Wassenaar","Wassenaar","Zuid-Holland",false,52.120543,4.363836,"injury","2","rain",false,1,"GM0629"
"20240135869",2024,"Letsel",3,"Fiets","Trekker","Flank","Kruispunt, 4 takken",50,"Brandend","Duisternis","Droog",\N,\N,"Rivium Boulevard","Capelle aan den IJssel","Capelle aan den IJssel","Zuid-Holland",false,51.90792,4.546195,"injury","2","clear",false,1,"GM0502"
"20240142220",2024,"Letsel",2,"Bromfiets","Fiets","Flank","Kruispunt, 3 takken",50,"Brandend","Duisternis","Droog",\N,\N,"Vondelstraat","Alkmaar","Alkmaar","Noord-Holland",false,52.618902,4.745685,"injury","2","clear",false,1,"GM0361"
"20240142702",2024,"Letsel",2,"Fiets","Personenauto","Frontaal","Kruispunt, 3 takken",30,"Niet brandend","Schemer","Droog",\N,\N,"Reigerskamp","Maarssen","Stichtse Vecht","Utrecht",false,52.135475,5.017156,"injury","2","clear",false,1,"GM1904"
"20240148459",2024,"Uitsluitend materiele schade",1,"Fiets",\N,"Onbekend","Kruispunt, 3 takken",50,"Niet brandend","Daglicht","Regen",\N,\N,"Nico Bolkesteinlaan","Deventer","Deventer","Overijssel",false,52.261386,6.203715,"material damage only","4","rain",false,1,"GM0150"
"20240135292",2024,"Letsel",1,"Fiets",\N,"Onbekend",\N,50,\N,"Duisternis",\N,\N,"600990643","Schouwburgring","Tilburg","Tilburg","Noord-Brabant",false,51.554777,5.081448,"injury","2","unknown",false,1,"GM0855"
"20240140070",2024,"Uitsluitend materiele schade",2,"Personenauto","Fiets","Flank","Kruispunt, 4 takken",30,"Niet brandend","Daglicht","Droog",\N,\N,"Louis Armstronglaan","Utrecht","Utrecht","Utrecht",false,52.100364,5.050746,"material damage only","4","clear",false,1,"GM0344"
"20240141049",2024,"Letsel",3,\N,"Fiets","Dier","Rechte weg",30,"Niet brandend","Daglicht","Regen",\N,"601125284","Burgemeester Prinslaan","Ede","Ede","Gelderland",false,52.039204,5.677044,"injury","2","rain",false,1,"GM0228"
"20240150294",2024,"Uitsluitend materiele schade",2,"Bromfiets","Fiets","Frontaal","Rechte weg",50,"Niet brandend","Daglicht","Regen",\N,"600640472","Zwaagmergouw","Hoorn","Hoorn","Noord-Holland",false,52.654117,5.06409,"material damage only","4","rain",false,1,"GM0405"
"20240142320",2024,"Letsel",2,"e-bike",\N,"Flank","Kruispunt, 4 takken",30,"Niet brandend","Daglicht","Droog",\N,\N,"Lange Nieuwstraat","IJmuiden","Velsen","Noord-Holland",false,52.459147,4.622967,"injury","2","clear",false,1,"GM0453"
"20240142326",2024,"Uitsluitend materiele schade",2,"Bromfiets","Fiets","Flank","Kruispunt, 3 takken",30,"Brandend","Daglicht","Droog",\N,\N,"Nieuwendamstraat","Zaandam","Zaanstad","Noord-Holland",false,52.448212,4.807035,"material damage only","4","clear",false,1,"GM0479"
"20240141532",2024,"Uitsluitend materiele schade",2,"Snorfiets","Fiets","Frontaal","Rechte weg",30,"Niet brandend","Daglicht","Droog",\N,"600759656","Bos en Lommerweg","Amsterdam","Amsterdam","Noord-Holland",false,52.378612,4.849674,"material damage only","4","clear",false,1,"GM0363"
"20240141919",2024,"Uitsluitend materiele schade",2,"Personenauto","Fiets","Frontaal","Rechte weg",30,"Brandend","Duisternis","Droog",\N,"241372026","Prinsengracht","Amsterdam","Amsterdam","Noord-Holland",false,52.363334,4.886686,"material damage only","4","clear",false,1,"GM0363"
"20240150908",2024,"Uitsluitend materiele schade",2,"Fiets","Personenauto","Flank","Rotonde",50,"Brandend","Schemer","Regen",\N,\N,"Leyenseweg","Bilthoven","De Bilt","Utrecht",false,52.128494,5.19194,"material damage only","4","rain",false,1,"GM0310"
"20240149094",2024,"Letsel",2,"Fiets","Onbekend voertuig i.g.v. doorrijder","Onbekend","Rotonde",50,"Niet brandend","Daglicht","Droog",\N,\N,"Hogestraat","Dinxperlo","Aalten","Gelderland",false,51.863667,6.48797,"injury","2","clear",false,1,"GM0197"
"20240149160",2024,"Letsel",1,"Fiets",\N,"Onbekend","Rechte weg",50,"Brandend","Duisternis","Regen",\N,\N,"Dries","Groesbeek","Berg en Dal","Gelderland",false,51.787496,5.924669,"injury","2","rain",false,1,"GM1945"
"20240142443",2024,"Letsel",2,"Bestelauto","Fiets","Flank","Kruispunt, 4 takken",50,"Brandend","Duisternis","Droog",\N,\N,"Gildestraat","Heerhugowaard","Dijk en Waard","Noord-Holland",true,52.669235,4.819006,"injury","2","clear",false,1,"GM1980"
"20240142957",2024,"Letsel",2,"Personenauto","Fiets","Geparkeerd voertuig","Rechte weg",30,"Brandend","Duisternis","Droog",\N,"210402115","Maerten v Heemskerckstr","Heemskerk","Heemskerk","Noord-Holland",false,52.499123,4.658545,"injury","2","clear",false,1,"GM0396"
"20240143462",2024,"Letsel",2,"Personenauto","Fiets","Geparkeerd voertuig","Rechte weg",\N,"Brandend","Schemer","Droog",\N,"227275003","Dijklaan","Bergambacht","Krimpenerwaard","Zuid-Holland",false,51.925231,4.785478,"injury","2","clear",false,1,"GM1931"
"20240144005",2024,"Letsel",2,"Bestelauto","e-bike","Flank","Kruispunt, 3 takken",50,"Brandend","Duisternis","Regen",\N,\N,"Mangaanstraat","'s-Gravenhage","'s-Gravenhage","Zuid-Holland",false,52.049948,4.251144,"injury","2","rain",false,1,"GM0518"
"20240136160",2024,"Uitsluitend materiele schade",2,"Vrachtauto","Fiets","Flank","Kruispunt, 4 takken",30,"Niet brandend","Daglicht","Droog",\N,\N,"Maastrichterweg","Landgraaf","Landgraaf","Limburg",false,50.912358,6.055409,"material damage only","4","clear",false,1,"GM0882"
"20240148189",2024,"Letsel",2,"Fiets","Personenauto","Onbekend","Rotonde",\N,"Niet brandend","Daglicht","Droog",\N,\N,"Brugstraat","Mierlo","Geldrop-Mierlo","Noord-Brabant",false,51.447757,5.626862,"injury","2","clear",false,1,"GM1771"
"20240134906",2024,"Uitsluitend materiele schade",1,"Fiets",\N,"Onbekend","Rechte weg",30,"Niet brandend","Daglicht","Droog",\N,"283198029","Joannes Lenartzstraat","Oisterwijk","Oisterwijk","Noord-Brabant",false,51.582442,5.199334,"material damage only","4","clear",false,1,"GM0824"
"20240145790",2024,"Letsel",1,"Fiets",\N,"Onbekend",\N,30,\N,"Daglicht",\N,\N,"177259113","Tijsjesdijk","Rhoon","Albrandswaard","Zuid-Holland",false,51.85462,4.429079,"injury","2","unknown",false,1,"GM0613"
"20240145813",2024,"Uitsluitend materiele schade",3,"Personenauto","Fiets","Flank","Kruispunt, 4 takken",50,"Brandend","Duisternis","Droog",\N,\N,"Weissenbruchlaan","Rotterdam","Rotterdam","Zuid-Holland",false,51.955602,4.49422,"material damage only","4","clear",false,1,"GM0599"
"20240134345",2024,"Letsel",2,"Personenauto","Fiets","Flank","Kruispunt, 4 takken",60,"Niet brandend","Daglicht","Droog",\N,\N,"Kerkhovensestraat","Oisterwijk","Oisterwijk","Noord-Brabant",false,51.59362,5.192551,"injury","2","clear",false,1,"GM0824"
"20240134348",2024,"Letsel",2,"Personenauto","Fiets","Flank","Rotonde",\N,"Niet brandend","Daglicht","Droog",\N,\N,"Parklaan","Zwijndrecht","Zwijndrecht","Zuid-Holland",false,51.816598,4.626017,"injury","2","clear",false,1,"GM0642"
"20240142557",2024,"Letsel",2,"Personenauto","e-bike","Flank","Rotonde",50,"Niet brandend","Daglicht","Sneeuw/Hagel",\N,\N,"Burg J N Stuifbergenlaan","Grootebroek","Stede Broec","Noord-Holland",false,52.692116,5.23302,"injury","2","unknown",false,1,"GM0532"
"20240145267",2024,"Uitsluitend materiele schade",2,"Personenauto","Fiets","Onbekend","Rotonde",50,"Niet brandend","Daglicht","Droog",\N,\N,"Raadhuisstraat","Hoogerheide","Woensdrecht","Noord-Brabant",false,51.42263,4.323228,"material damage only","4","clear",false,1,"GM0873"
"20240145459",2024,"Uitsluitend materiele schade",2,"Fiets","Dier","Dier","Rechte weg",30,"Niet brandend","Daglicht","Droog",\N,"224197080","Roland Holststraat","Breda","Breda","Noord-Brabant",false,51.576107,4.76745,"material damage only","4","clear",false,1,"GM0758"
"20240145740",2024,"Letsel",2,"Fiets","Personenauto","Flank","Kruispunt, 4 takken",50,"Brandend","Duisternis","Regen",\N,\N,"1e Middellandstraat","Rotterdam","Rotterdam","Zuid-Holland",false,51.919082,4.463025,"injury","2","rain",false,1,"GM0599"
"20240137537",2024,"Uitsluitend materiele schade",2,"Personenauto","Fiets","Flank","Rotonde",50,"Niet aanwezig","Daglicht","Regen",\N,\N,"Kortfoortstraat","Oss","Oss","Noord-Brabant",false,51.76092,5.521217,"material damage only","4","rain",false,1,"GM0828"
"20240138785",2024,"Letsel",2,"Fiets","Fiets","Onbekend","Rechte weg",50,"Niet brandend","Daglicht","Droog",\N,"600878644","Stationsstraat","Winterswijk","Winterswijk","Gelderland",false,51.968138,6.715453,"injury","2","clear",false,1,"GM0294"
"20240146806",2024,"Letsel",2,"e-bike","e-bike","Flank","Kruispunt, 4 takken",50,"Niet brandend","Daglicht","Droog",\N,\N,"Johannes Poststraat","Oss","Oss","Noord-Brabant",false,51.770223,5.544032,"injury","2","clear",false,1,"GM0828"
"20240136918",2024,"Uitsluitend materiele schade",2,"Personenauto","Fiets","Flank","Kruispunt, 3 takken",50,"Brandend","Schemer","Droog",\N,\N,"Ekkersrijt","Son en Breugel","Son en Breugel","Noord-Brabant",false,51.501176,5.484215,"material damage only","4","clear",false,1,"GM0848"
"20240144211",2024,"Letsel",2,"Fiets","Bromfiets","Frontaal","Kruispunt, 4 takken",50,"Brandend","Schemer","Droog","Brug/viaduct",\N,"Zijldijk","Leiderdorp","Leiderdorp","Zuid-Holland",false,52.161179,4.515301,"injury","2","clear",false,1,"GM0547"
"20240146287",2024,"Letsel",2,"Personenauto","Fiets","Flank","Kruispunt, 4 takken",50,"Niet brandend","Daglicht","Droog",\N,\N,"Erasmusweg","'s-Gravenhage","'s-Gravenhage","Zuid-Holland",false,52.051951,4.303359,"injury","2","clear",false,1,"GM0518"
"20240147476",2024,"Letsel",2,"Fiets","Personenauto","Frontaal","Kruispunt, 4 takken",50,"Brandend","Schemer","Droog",\N,\N,"Australiëweg","Hulst","Hulst","Zeeland",false,51.271669,4.034765,"injury","2","clear",false,1,"GM0677"
"20240137599",2024,"Uitsluitend materiele schade",2,"Personenauto","Fiets","Flank","Kruispunt, 3 takken",50,"Niet brandend","Daglicht","Regen",\N,\N,"Daviottenweg","'s-Hertogenbosch","'s-Hertogenbosch","Noord-Brabant",false,51.697697,5.282022,"material damage only","4","rain",false,1,"GM0796"
"20240146879",2024,"Letsel",2,"Personenauto","Fiets","Onbekend","Kruispunt, 4 takken",30,"Niet brandend","Daglicht","Droog",\N,\N,"Schoolstraat","Roermond","Roermond","Limburg",false,51.194524,5.99132,"injury","2","clear",false,1,"GM0957"
"20240149867",2024,"Letsel",2,"Bestelauto","Fiets","Frontaal","Kruispunt, 4 takken",30,"Niet aanwezig","Daglicht","Regen",\N,\N,"Amelterhout","Assen","Assen","Drenthe",false,52.998232,6.583618,"injury","2","rain",false,1,"GM0106"
"20240148879",2024,"Uitsluitend materiele schade",2,"Personenauto","Fiets","Flank","Kruispunt, 4 takken",50,"Brandend","Duisternis","Regen","Tunnel",\N,"Sonsbeeksingel","Arnhem","Arnhem","Gelderland",false,51.985707,5.910604,"material damage only","4","rain",false,1,"GM0202"
"20240148903",2024,"Letsel",1,"e-bike",\N,"Eenzijdig","Rotonde",50,"Niet brandend","Daglicht","Droog",\N,\N,"Putterweg","Ermelo","Ermelo","Gelderland",false,52.293384,5.629036,"injury","2","clear",false,1,"GM0233"
"20240133898",2024,"Letsel",2,"Fiets","Fiets","Eenzijdig","Rechte weg",50,"Niet brandend","Daglicht","Droog",\N,\N,"Händellaan","'s-Gravenhage","'s-Gravenhage","Zuid-Holland",false,52.065498,4.240506,"injury","2","clear",false,1,"GM0518"
"20240137654",2024,"Uitsluitend materiele schade",2,"Personenauto","Fiets","Flank","Kruispunt, 3 takken",50,"Niet brandend","Schemer","Regen",\N,\N,"Ledeboerstraat","Tilburg","Tilburg","Noord-Brabant",false,51.581263,5.064741,"material damage only","4","rain",false,1,"GM0855"
"20240001618",2024,"Uitsluitend materiele schade",2,"Personenauto","Fiets","Flank","Kruispunt, 3 takken",30,"Brandend","Duisternis","Droog",\N,\N,"Walenburgerweg","Rotterdam","Rotterdam","Zuid-Holland",false,51.929011,4.467085,"material damage only","4","clear",false,1,"GM0599"
"20240008215",2024,"Letsel",1,"Fiets",\N,"Onbekend",\N,\N,\N,"Duisternis",\N,\N,"600722358","Florijnstraat","Delfgauw","Pijnacker-Nootdorp","Zuid-Holland",false,52.005042,4.392833,"injury","2","unknown",false,1,"GM1926"
"20240152900",2024,"Uitsluitend materiele schade",2,"Personenauto","Fiets","Frontaal","Kruispunt, 3 takken",30,"Niet brandend","Schemer","Regen",\N,\N,"Willem de Zwijgerlaan","Amsterdam","Amsterdam","Noord-Holland",false,52.382453,4.856968,"material damage only","4","rain",false,1,"GM0363"
"20240157700",2024,"Letsel",2,"Brommobiel","Fiets","Flank","Kruispunt, 4 takken",30,"Niet brandend","Daglicht","Regen",\N,\N,"Stadionweg","Amsterdam","Amsterdam","Noord-Holland",false,52.348006,4.881664,"injury","2","rain",false,1,"GM0363"
"20240157718",2024,"Letsel",1,"Fiets",\N,"Onbekend","Rechte weg",30,"Niet brandend","Daglicht","Droog",\N,"600389237","Hooftskade","'s-Gravenhage","'s-Gravenhage","Zuid-Holland",false,52.070878,4.308784,"injury","2","clear",false,1,"GM0518"
"20240017017",2024,"Letsel",2,"Personenauto","Fiets","Flank","Kruispunt, 3 takken",50,"Niet brandend","Daglicht","Regen",\N,\N,"Weidelaan","Raalte","Raalte","Overijssel",false,52.392576,6.286378,"injury","2","rain",false,1,"GM0177"