"accident_id","year","severity_raw","party_count","party1_type","party2_type","accident_type","road_situation","speed_limit_kmh","road_lighting","light_condition_label","weather_raw","infra_type","road_segment_id","street_name","place_name","gemeente_name_raw","province","alcohol_indicated","latitude","longitude","severity_label","severity_code","weather_label","built_up_area","cyclists_involved","gemeente_code"
"20240151620",2024,"Uitsluitend materiele schade",2,"Fiets","Personenauto","Frontaal","Kruispunt, 4 takken",50,"Niet brandend","Daglicht","Regen",\N,\N,"Gasthuislaan","Amersfoort","Amersfoort","Utrecht",false,52.146136,5.396987,"material damage only","4","rain",false,1,"GM0307"
"20240154226",2024,"Uitsluitend materiele schade",2,\N,"Fiets","Onbekend","Rechte weg",50,"Brandend","Duisternis","Regen",\N,"600726391","Kleiweg","Rotterdam","Rotterdam","Zuid-Holland",false,51.942087,4.460867,"material damage only","4","rain",false,1,"GM0599"
"20240007718",2024,"Letsel",2,"Personenauto","Fiets","Flank","Kruispunt, 4 takken",50,"Niet brandend","Daglicht","Droog",\N,\N,"Prinsessegracht","'s-Gravenhage","'s-Gravenhage","Zuid-Holland",false,52.081229,4.320182,"injury","2","clear",false,1,"GM0518"
"20240021573",2024,"Uitsluitend materiele schade",2,"Fiets","Personenauto","Onbekend",\N,50,\N,"Schemer",\N,\N,\N,"Middelweg","Hoorn","Hoorn","Noord-Holland",false,52.643026,5.031115,"material damage only","4","unknown",false,1,"GM0405"
"20240152336",2024,"Letsel",1,"Fiets",\N,"Onbekend","Rechte weg",50,"Niet brandend","Daglicht","Droog",\N,"222311127","Nieuwe Markt","Bodegraven","Bodegraven-Reeuwijk","Zuid-Holland",false,52.086759,4.74641,"injury","2","clear",false,1,"GM1901"
"20240007722",2024,"Letsel",1,"Fiets",\N,"Flank","Kruispunt, 3 takken",50,"Niet brandend","Daglicht","Droog",\N,\N,"Supernovaweg","'s-Gravenhage","'s-Gravenhage","Zuid-Holland",false,52.072442,4.334233,"injury","2","clear",false,1,"GM0518"
"20240022027",2024,"Letsel",2,"Personenauto","Fiets","Onbekend","Kruispunt, 3 takken",50,"Niet brandend","Daglicht","Regen",\N,\N,"Blaaksedijk Oost","Heinenoord","Hoeksche Waard","Zuid-Holland",false,51.811242,4.520482,"injury","2","rain",false,1,"GM1963"
"20240001524",2024,"Uitsluitend materiele schade",3,"Personenauto","e-bike","Onbekend","Kruispunt, 4 takken",30,"Niet brandend","Daglicht","Droog",\N,\N,"Piersonstraat","Schiedam","Schiedam","Zuid-Holland",false,51.922345,4.391601,"material damage only","4","clear",false,1,"GM0606"
"20240001787",2024,"Letsel",3,"Bestelauto","Fiets","Flank","Kruispunt, 4 takken",50,"Niet brandend","Daglicht","Droog",\N,\N,"Hart van Brabantlaan","Tilburg","Tilburg","Noord-Brabant",false,51.560378,5.074014,"injury","2","clear",false,1,"GM0855"
"20240003814",2024,"Letsel",2,"Personenauto","Fiets","Flank","Kruispunt, 4 takken",30,"Niet brandend","Daglicht","Droog",\N,\N,"Hooiweg","Eelde","Tynaarlo","Drenthe",false,53.135942,6.562575,"injury","2","clear",false,1,"GM1730"
"20240008181",2024,"Letsel",1,"Fiets",\N,"Onbekend","Rechte weg",30,"Niet brandend","Daglicht","Droog",\N,"154312010","Voornsestraat","'s-Gravenhage","'s-Gravenhage","Zuid-Holland",false,52.088706,4.25693,"injury","2","clear",false,1,"GM0518"
"20240010597",2024,"Letsel",2,"Fiets","Personenauto","Flank","Kruispunt, 4 takken",50,"Niet brandend","Daglicht","Droog",\N,\N,"Spinozaweg","Utrecht","Utrecht","Utrecht",false,52.094794,5.08538,"injury","2","clear",false,1,"GM0344"
"20240011995",2024,"Letsel",2,"Fiets","Overig vast object","Vast voorwerp","Rechte weg",50,"Niet brandend","Daglicht","Droog",\N,"162298004","Dr H.J. van Mooklaan","Rijswijk","Rijswijk","Zuid-Holland",false,52.028361,4.313272,"injury","2","clear",false,1,\N
"20240012585",2024,"Letsel",2,"Fiets","Fiets","Frontaal","Rechte weg",30,"Niet brandend","Daglicht","Droog",\N,\N,"Groenesteeg","Leiden","Leiden","Zuid-Holland",false,52.158383,4.495974,"injury","2","clear",false,1,"GM0546"
"20240012595",2024,"Letsel",1,"Fiets",\N,"Onbekend","Kruispunt, 4 takken",50,"Niet brandend","Daglicht","Droog",\N,\N,"Kanaaldijk","Waddinxveen","Waddinxveen","Zuid-Holland",false,52.039497,4.652817,"injury","2","clear",false,1,"GM0627"
"20240023950",2024,"Uitsluitend materiele schade",2,"Bestelauto","Fiets","Flank","Kruispunt, 4 takken",50,"Niet brandend","Daglicht","Droog",\N,\N,"Oostenakkerstraat","Oss","Oss","Noord-Brabant",false,51.756637,5.496112,"material damage only","4","clear",false,1,"GM0828"
"20230107674",2023,"Letsel",2,"Personenauto","Fiets","Flank","Kruispunt, 3 takken",50,"Brandend","Duisternis","Regen",\N,\N,"West-Varkenoordseweg","Rotterdam","Rotterdam","Zuid-Holland",false,51.88734,4.522259,"injury","2","rain",false,1,"GM0599"
"20240003849",2024,"Uitsluitend materiele schade",2,"Personenauto","Fiets","Flank","Kruispunt, 4 takken",30,"Niet brandend","Daglicht","Droog",\N,\N,"Jan Ligthartstraat","Kampen","Kampen","Overijssel",false,52.550953,5.909279,"material damage only","4","clear",false,1,"GM0166"
"20240008733",2024,"Letsel",2,"Personenauto","Fiets","Flank","Kruispunt, 3 takken",50,"Niet brandend","Daglicht","Regen",\N,\N,"Westelijke Esweg","Hengelo","Hengelo (O)","Overijssel",false,52.283086,6.827507,"injury","2","rain",false,1,\N
"20240025255",2024,"Uitsluitend materiele schade",2,"Personenauto","Fiets","Flank","Rechte weg",60,"Niet brandend","Daglicht","Droog",\N,"214178003","Breedschotsestraat","Rijsbergen","Zundert","Noord-Brabant",false,51.489985,4.702646,"material damage only","4","clear",false,1,"GM0879"
"20240021804",2024,"Letsel",12,"Motor","Fiets","Voetganger","Rechte weg",30,"Niet brandend","Daglicht","Droog","Parkeervoorziening","253404003","John F. Kennedyplein","Purmerend","Purmerend","Noord-Holland",false,52.508709,4.968865,"injury","2","clear",false,1,"GM0439"
"20240152498",2024,"Letsel",2,"Fiets","Bromfiets","Flank","Kruispunt, 4 takken",30,"Niet brandend","Daglicht","Droog",\N,\N,"Rhijngeesterstraatweg","Oegstgeest","Oegstgeest","Zuid-Holland",false,52.186379,4.466032,"injury","2","clear",false,1,"GM0579"
"20230110103",2023,"Uitsluitend materiele schade",2,"Fiets","Personenauto","Flank","Rechte weg",50,"Brandend","Duisternis","Regen",\N,"600752591","Kloosterplein","Breda","Breda","Noord-Brabant",false,51.587899,4.781697,"material damage only","4","rain",false,1,"GM0758"
"20230111285",2023,"Letsel",2,"Fiets","Fiets","Frontaal","Kruispunt, 4 takken",30,"Brandend","Duisternis","Regen",\N,\N,"Kruislaan","Amsterdam","Amsterdam","Noord-Holland",false,52.354204,4.951003,"injury","2","rain",false,1,"GM0363"
"20240002214",2024,"Uitsluitend materiele schade",2,"Personenauto","Fiets","Flank","Kruispunt, 4 takken",30,"Niet brandend","Daglicht","Droog",\N,\N,"Brussellaan","Eindhoven","Eindhoven","Noord-Brabant",false,51.480307,5.484792,"material damage only","4","clear",false,1,"GM0772"
"20240005130",2024,"Uitsluitend materiele schade",2,"Snorfiets","Fiets","Flank","Kruispunt, 4 takken",30,"Niet brandend","Daglicht","Droog",\N,\N,"Plataanlaan","Groningen","Groningen","Groningen",false,53.234376,6.528009,"material damage only","4","clear",false,1,"GM0014"
"20240017695",2024,"Letsel",2,"e-bike","Personenauto","Flank","Rotonde",50,"Niet aanwezig","Daglicht","Droog",\N,\N,"Deventerstraat","Vaassen","Epe","Gelderland",false,52.290112,5.974472,"injury","2","clear",false,1,"GM0232"
"20240002228",2024,"Uitsluitend materiele schade",2,"Personenauto","Fiets","Flank","Kruispunt, 4 takken",30,"Niet brandend","Schemer","Droog",\N,\N,"Mercuriuslaan","Eindhoven","Eindhoven","Noord-Brabant",false,51.467257,5.490366,"material damage only","4","clear",false,1,"GM0772"
"20240006395",2024,"Letsel",2,"Personenauto","Fiets","Flank","Kruispunt, 4 takken",30,"Niet brandend","Daglicht","Droog",\N,\N,"Zonnegloren","Heerhugowaard","Dijk en Waard","Noord-Holland",false,52.647652,4.804565,"injury","2","clear",false,1,"GM1980"
"20240012133",2024,"Uitsluitend materiele schade",2,"Fiets","Personenauto","Flank","Kruispunt, 3 takken",30,"Niet brandend","Daglicht","Droog",\N,\N,"Zamenhofstraat","Amsterdam","Amsterdam","Noord-Holland",false,52.387919,4.928327,"material damage only","4","clear",false,1,"GM0363"
"20240013416",2024,"Letsel",2,"Motor","Fiets","Flank","Rotonde",30,"Niet brandend","Daglicht","Droog",\N,\N,"Vogellaan","Boskoop","Alphen aan den Rijn","Zuid-Holland",true,52.067689,4.640288,"injury","2","clear",false,1,"GM0484"
"20240013579",2024,"Letsel",3,\N,"Fiets","Dier","Rechte weg",30,"Niet brandend","Daglicht","Droog",\N,"600758929","Nachtwachtlaan","Amsterdam","Amsterdam","Noord-Holland",false,52.362295,4.842953,"injury","2","clear",false,1,"GM0363"
"20240004693",2024,"Uitsluitend materiele schade",2,"Fiets","Personenauto","Flank","Rechte weg",50,"Brandend","Duisternis","Droog",\N,"515344041","Lasondersingel","Enschede","Enschede","Overijssel",false,52.227835,6.893434,"material damage only","4","clear",false,1,"GM0153"
"20240012156",2024,"Uitsluitend materiele schade",2,"Fiets","Personenauto","Onbekend","Rechte weg",30,"Niet brandend","Daglicht","Droog",\N,"600362796","Apollolaan","Amsterdam","Amsterdam","Noord-Holland",false,52.350423,4.880213,"material damage only","4","clear",false,1,"GM0363"
"20240023604",2024,"Uitsluitend materiele schade",2,"Personenauto","Fiets","Flank","Kruispunt, 3 takken",50,"Niet brandend","Daglicht","Droog",\N,\N,"Ahoypad","Rotterdam","Rotterdam","Zuid-Holland",false,51.87932,4.497083,"material damage only","4","clear",false,1,"GM0599"
"20240013463",2024,"Letsel",1,"Fiets",\N,"Eenzijdig","Rechte weg",50,"Niet brandend","Daglicht","Droog",\N,"600691391","Europaweg","Zoetermeer","Zoetermeer","Zuid-Holland",false,52.063674,4.490699,"injury","2","clear",false,1,"GM0637"
"20240013779",2024,"Uitsluitend materiele schade",2,"Personenauto","Fiets","Onbekend","Kruispunt, 4 takken",70,"Niet brandend","Daglicht","Regen",\N,\N,"Piuslaan","Eindhoven","Eindhoven","Noord-Brabant",false,51.424244,5.49299,"material damage only","4","rain",false,1,"GM0772"
"20240152636",2024,"Letsel",2,"Fiets","Fiets","Onbekend","Kruispunt, 4 takken",30,"Brandend","Daglicht","Regen",\N,\N,"Staalmeesterslaan","Amsterdam","Amsterdam","Noord-Holland",false,52.369351,4.845073,"injury","2","rain",false,1,"GM0363"
"20240155294",2024,"Letsel",2,"Fiets","Overig vast object","Vast voorwerp","Rechte weg",30,"Brandend","Duisternis","Droog",\N,"600635836","Zoetermeerse laan","Bleiswijk","Lansingerland","Zuid-Holland",false,52.040589,4.53635,"injury","2","clear",false,1,"GM1621"
"20240012974",2024,"Letsel",1,"Fiets",\N,"Eenzijdig","Rechte weg",50,"Niet brandend","Daglicht","Droog",\N,"600410774","Kruisherenweg","Leiden","Leiden","Zuid-Holland",false,52.132734,4.492473,"injury","2","clear",false,1,"GM0546"
"20240013659",2024,"Uitsluitend materiele schade",3,"Bromfiets","Fiets","Flank","Rechte weg",30,"Brandend","Duisternis","Droog",\N,"245371092","Eerste Oosterparkstraat","Amsterdam","Amsterdam","Noord-Holland",false,52.356817,4.912611,"material damage only","4","clear",false,1,"GM0363"
"20240015959",2024,"Uitsluitend materiele schade",2,"Snorfiets","Fiets","Onbekend","Kruispunt, 4 takken",30,"Niet brandend","Daglicht","Droog",\N,\N,"Gildelaan","Eindhoven","Eindhoven","Noord-Brabant",false,51.4477,5.475409,"material damage only","4","clear",false,1,"GM0772"
"20230109041",2023,"Uitsluitend materiele schade",2,"Fiets","Fiets","Flank","Rechte weg",30,"Niet aanwezig","Daglicht","Droog",\N,"302348009","Eemdijk","Eemdijk","Bunschoten","Utrecht",false,52.257034,5.332424,"material damage only","4","clear",false,1,"GM0313"
"20240005899",2024,"Letsel",2,"Fiets","Personenauto","Flank","Rechte weg",50,"Brandend","Duisternis","Droog",\N,"600794714","Zevenhuizerstraat","Hoogland","Amersfoort","Utrecht",false,52.193402,5.381372,"injury","2","clear",false,1,"GM0307"
"20240007045",2024,"Letsel",1,"Fiets",\N,"Onbekend","Rechte weg",30,"Niet brandend","Daglicht","Regen","Brug/viaduct","217294109","Karnemelksloot","Gouda","Gouda","Zuid-Holland",false,52.013119,4.715683,"injury","2","rain",false,1,"GM0513"
"20240011144",2024,"Letsel",2,"Personenauto","Fiets","Flank","Kruispunt, 3 takken",30,"Niet brandend","Daglicht","Droog",\N,\N,"Oorsprongweg","Schoorl","Bergen (NH)","Noord-Holland",false,52.715228,4.67733,"injury","2","clear",false,1,\N
"20240013863",2024,"Uitsluitend materiele schade",6,"Fiets","Fiets","Vast voorwerp","Rechte weg",30,"Niet brandend","Daglicht","Droog",\N,"600663105","Vlaardingsedijk","Maassluis","Maassluis","Zuid-Holland",false,51.909201,4.269301,"material damage only","4","clear",false,1,"GM0556"
"20240016188",2024,"Uitsluitend materiele schade",2,"Fiets","Personenauto","Flank","Kruispunt, 4 takken",50,"Niet brandend","Daglicht","Droog",\N,\N,"John F Kennedylaan","Eindhoven","Eindhoven","Noord-Brabant",false,51.445016,5.480467,"material damage only","4","clear",false,1,"GM0772"
"20240153367",2024,"Letsel",2,"Fiets","Fiets","Flank","Rechte weg",50,"Brandend","Duisternis","Droog",\N,"261360066","Casparuslaan","Weesp","Amsterdam","Noord-Holland",false,52.30924,5.035015,"injury","2","clear",false,1,"GM0363"
"20230108526",2023,"Uitsluitend materiele schade",2,"Personenauto","Fiets","Flank","Kruispunt, 4 takken",50,"Niet brandend","Daglicht","Droog",\N,\N,"Eikenlaan","Zeewolde","Zeewolde","Flevoland",false,52.327962,5.539205,"material damage only","4","clear",false,1,"GM0050"
"20240156920",2024,"Letsel",2,"Personenauto","Fiets","Flank","Kruispunt, 4 takken",50,"Brandend","Duisternis","Droog",\N,\N,"Anthony Fokkerweg","Eindhoven","Eindhoven","Noord-Brabant",false,51.473781,5.442237,"injury","2","clear",false,1,"GM0772"
"20240012290",2024,"Letsel",2,"Fiets","Bromfiets","Onbekend","Rechte weg",50,"Brandend","Duisternis","Regen",\N,"159306058","Kempstraat","'s-Gravenhage","'s-Gravenhage","Zuid-Holland",false,52.06476,4.292295,"injury","2","rain",false,1,"GM0518"
"20240016223",2024,"Uitsluitend materiele schade",2,"Personenauto","Fiets","Frontaal","Rechte weg",30,"Brandend","Duisternis","Droog",\N,"316206106","Hoofdstraat","Schijndel","Meierijstad","Noord-Brabant",false,51.619164,5.43338,"material damage only","4","clear",false,1,"GM1948"
"20240016381",2024,"Uitsluitend materiele schade",2,"Personenauto","Fiets","Frontaal","Kruispunt, 4 takken",50,"Niet brandend","Daglicht","Droog",\N,\N,"Europalaan","Eindhoven","Eindhoven","Noord-Brabant",false,51.457212,5.477312,"material damage only","4","clear",false,1,"GM0772"
"20240016847",2024,"Uitsluitend materiele schade",2,"Personenauto","Fiets","Flank","Kruispunt, 4 takken",50,"Niet brandend","Daglicht","Droog",\N,\N,"Oldenbarnevelderweg","Barneveld","Barneveld","Gelderland",false,52.140995,5.572904,"material damage only","4","clear",false,1,"GM0203"
"20240016851",2024,"Uitsluitend materiele schade",2,"Personenauto","Fiets","Flank","Rotonde",50,"Niet brandend","Daglicht","Droog",\N,\N,"Leeghwaterlaan","Deventer","Deventer","Overijssel",false,52.263988,6.219036,"material damage only","4","clear",false,1,"GM0150"
"20230108545",2023,"Uitsluitend materiele schade",2,"Personenauto","Fiets","Onbekend","Bocht",50,"Niet brandend","Daglicht","Droog",\N,"363449011","Ecopark","Emmeloord","Noordoostpolder","Flevoland",false,52.708754,5.784169,"material damage only","4","clear",false,1,"GM0171"
"20240011744",2024,"Letsel",2,"Personenauto","Fiets","Flank","Rotonde",50,"Niet brandend","Daglicht","Droog",\N,\N,"Giorgio Vasaristraat","Lent","Nijmegen","Gelderland",false,51.868007,5.852216,"injury","2","clear",false,1,"GM0268"
"20240014783",2024,"Uitsluitend materiele schade",2,"Bromfiets","Fiets","Onbekend","Rechte weg",30,"Niet brandend","Daglicht","Droog",\N,"601100372","Spoorstraat","Oost-Souburg","Vlissingen","Zeeland",false,51.466177,3.596158,"material damage only","4","clear",false,1,"GM0718"
"20240016414",2024,"Uitsluitend materiele schade",3,"Fiets","Fiets","Vast voorwerp","Rechte weg",30,"Niet brandend","Daglicht","Droog",\N,"328184022","Eind","Son en Breugel","Son en Breugel","Noord-Brabant",false,51.518186,5.519151,"material damage only","4","clear",false,1,"GM0848"
"20240016672",2024,"Uitsluitend materiele schade",2,"Bromfiets","Fiets","Flank","Kruispunt, 3 takken",50,"Niet brandend","Daglicht","Droog",\N,\N,"Bennekomseweg","Wageningen","Wageningen","Gelderland",false,51.987706,5.678626,"material damage only","4","clear",false,1,"GM0289"
"20240016877",2024,"Letsel",2,"Fiets","Fiets","Flank","Rotonde",50,"Niet brandend","Daglicht","Droog",\N,\N,"Hollandseweg","Wageningen","Wageningen","Gelderland",false,51.97974,5.68013,"injury","2","clear",false,1,"GM0289"
"20240019015",2024,"Letsel",2,"Bestelauto","Fiets","Flank","Kruispunt, 4 takken",50,"Niet brandend","Daglicht","Droog",\N,\N,"Nijverheidsweg","Haarlem","Haarlem","Noord-Holland",false,52.385434,4.660852,"injury","2","clear",false,1,"GM0392"
"20240152135",2024,"Letsel",1,"Fiets",\N,"Eenzijdig","Rechte weg",30,"Niet brandend","Daglicht","Droog",\N,"176337068","Admiraal de Ruijterlaan","Katwijk","Katwijk","Zuid-Holland",false,52.203595,4.411128,"injury","2","clear",false,1,"GM0537"
"20240155132",2024,"Uitsluitend materiele schade",3,"Fiets","Personenauto","Flank","Rechte weg",60,"Brandend","Duisternis","Droog",\N,"194359006","Hoogduinweg","De Zilk","Noordwijk","Zuid-Holland",true,52.301281,4.541131,"material damage only","4","clear",false,1,"GM0575"
"20240012350",2024,"Letsel",2,"Fiets","Los voorwerp","Los voorwerp","Rechte weg",50,"Brandend","Duisternis","Regen","Bus-/Tramhalte","142293141","Koningin Julianaweg","'s-Gravenzande","Westland","Zuid-Holland",false,52.002898,4.170754,"injury","2","rain",false,1,"GM1783"
"20240015725",2024,"Uitsluitend materiele schade",2,"Personenauto","Fiets","Flank","Kruispunt, 4 takken",30,"Niet brandend","Daglicht","Droog",\N,\N,"Sint Gerlachstraat","Valkenburg","Valkenburg aan de Geul","Limburg",false,50.872463,5.795226,"material damage only","4","clear",false,1,"GM0994"
"20240019065",2024,"Letsel",2,"Personenauto","Fiets","Flank","Kruispunt, 4 takken",50,"Niet brandend","Daglicht","Droog",\N,\N,"Provincialeweg","Zaandam","Zaanstad","Noord-Holland",false,52.437237,4.815828,"injury","2","clear",false,1,"GM0479"
"20230108642",2023,"Uitsluitend materiele schade",2,"Personenauto","Fiets","Flank","Rechte weg",30,"Niet brandend","Daglicht","Droog",\N,"291359024","Zuiderzee","Huizen","Huizen","Noord-Holland",false,52.307404,5.249867,"material damage only","4","clear",false,1,"GM0406"
"20230112782",2023,"Uitsluitend materiele schade",2,"Personenauto","Fiets","Onbekend","Kruispunt, 4 takken",30,"Niet brandend","Daglicht","Regen",\N,\N,"Middenstede","'s-Gravenhage","'s-Gravenhage","Zuid-Holland",false,52.041232,4.261946,"material damage only","4","rain",false,1,"GM0518"
"20240022519",2024,"Letsel",2,"Personenauto","Fiets","Flank","Kruispunt, 4 takken",50,"Niet brandend","Daglicht",\N,\N,"600909746","Schulpweg","Rotterdam","Rotterdam","Zuid-Holland",false,51.876862,4.456744,"injury","2","unknown",false,1,"GM0599"
"20240024834",2024,"Letsel",2,"Personenauto","Fiets","Frontaal","Rechte weg",30,"Niet brandend","Daglicht","Droog",\N,"377241005","Beukenlaan","Molenhoek","Mook en Middelaar","Limburg",false,51.773639,5.879776,"injury","2","clear",false,1,"GM0944"
"20230112815",2023,"Letsel",1,"Fiets",\N,"Eenzijdig","Rechte weg",30,"Niet brandend","Daglicht","Droog",\N,"162309142","Dagelijkse Groenmarkt","'s-Gravenhage","'s-Gravenhage","Zuid-Holland",false,52.077728,4.308595,"injury","2","clear",false,1,"GM0518"
"20240027567",2024,"Letsel",2,"Bromfiets","Fiets","Flank","Rechte weg",50,"Niet brandend","Daglicht","Droog",\N,"600454484","Aweg","Groningen","Groningen","Groningen",false,53.215546,6.554495,"injury","2","clear",false,1,"GM0014"
"20230030027",2023,"Letsel",1,"Fiets",\N,"Eenzijdig","Rechte weg",30,"Niet brandend","Daglicht","Droog",\N,"169293082","Kanaalweg","Delft","Delft","Zuid-Holland",false,52.006275,4.363071,"injury","2","clear",false,1,"GM0503"
"20230032830",2023,"Uitsluitend materiele schade",2,"Personenauto","Fiets","Onbekend","Kruispunt, 4 takken",30,"Niet brandend","Daglicht","Droog",\N,\N,"Heidestraat","Geleen","Sittard-Geleen","Limburg",false,50.977697,5.819318,"material damage only","4","clear",false,1,"GM1883"
"20230033290",2023,"Uitsluitend materiele schade",2,"Personenauto","Fiets","Flank","Rotonde",50,"Niet brandend","Daglicht","Regen",\N,\N,"Kruisstraat","Tegelen","Venlo","Limburg",false,51.337101,6.131163,"material damage only","4","rain",false,1,"GM0983"
"20230036119",2023,"Uitsluitend materiele schade",2,"Personenauto","Fiets","Kop/staart","Rechte weg",30,"Niet brandend","Daglicht","Droog",\N,"600926021","Aweg","Groningen","Groningen","Groningen",false,53.216032,6.556165,"material damage only","4","clear",false,1,"GM0014"
"20230066856",2023,"Letsel",2,"Personenauto","Fiets","Flank","Kruispunt, 3 takken",50,"Niet brandend","Daglicht","Droog",\N,\N,"Aristoteleslaan","Huizen","Huizen","Noord-Holland",false,52.299709,5.282306,"injury","2","clear",false,1,"GM0406"
"20240030405",2024,"Letsel",2,"Fiets","Voetganger","Voetganger","Rechte weg",60,"Niet aanwezig","Daglicht","Droog",\N,"600180141","Middenweg","Lisse","Lisse","Zuid-Holland",false,52.236049,4.554246,"injury","2","clear",false,1,"GM0553"
"20230069164",2023,"Letsel",2,"Fiets","Bestelauto","Flank","Bocht",50,"Niet brandend","Daglicht","Droog",\N,"186342086","Componistenlaan","Voorhout","Teylingen","Zuid-Holland",false,52.227423,4.483854,"injury","2","clear",false,1,"GM1525"
"20230027161",2023,"Letsel",2,"Fiets","Fiets","Onbekend","Rechte weg",50,"Niet brandend","Daglicht","Droog",\N,\N,"Dirigentenlaan","Tilburg","Tilburg","Noord-Brabant",false,51.586254,5.078963,"injury","2","clear",false,1,"GM0855"
"20230032867",2023,"Uitsluitend materiele schade",2,"Personenauto","Fiets","Flank","Kruispunt, 4 takken",60,"Niet brandend","Daglicht","Droog",\N,\N,"Lage Heide","Eersel","Eersel","Noord-Brabant",false,51.341124,5.337373,"material damage only","4","clear",false,1,"GM0770"
"20230033088",2023,"Uitsluitend materiele schade",2,"Fiets","Personenauto","Onbekend","Bocht",80,"Brandend","Duisternis","Droog",\N,"374155002","Heitrak","Neerkant","Deurne","Noord-Brabant",false,51.387538,5.854053,"material damage only","4","clear",false,1,"GM0762"
"20240029604",2024,"Uitsluitend materiele schade",2,"Fiets","Fiets","Flank","Kruispunt, 4 takken",30,"Niet brandend","Daglicht","Regen",\N,\N,"Haarlemmerweg","Amsterdam","Amsterdam","Noord-Holland",false,52.384262,4.803077,"material damage only","4","rain",false,1,"GM0363"
"20230033343",2023,"Letsel",2,"Personenauto","e-bike","Flank","Rotonde",50,"Niet brandend","Daglicht","Droog",\N,\N,"Molenstraat","Venlo","Venlo","Limburg",false,51.37717,6.180119,"injury","2","clear",false,1,"GM0983"
"20230034714",2023,"Letsel",2,"Fiets","Fiets","Flank","Rechte weg",30,"Niet brandend","Daglicht","Droog",\N,"513468017","Hoofdstraat","Emmen","Emmen","Drenthe",false,52.78471,6.895516,"injury","2","clear",false,1,"GM0114"
"20230069196",2023,"Letsel",2,"Snorfiets","Fiets","Kop/staart","Kruispunt, 3 takken",30,"Niet brandend","Daglicht","Droog","Brug/viaduct",\N,"Westvlietweg","'s-Gravenhage","'s-Gravenhage","Zuid-Holland",false,52.070027,4.379413,"injury","2","clear",false,1,"GM0518"
"20230016867",2023,"Uitsluitend materiele schade",2,"Personenauto","Fiets","Flank","Rotonde",50,"Niet brandend","Daglicht","Regen",\N,\N,"Westerhoutplein","Beverwijk","Beverwijk","Noord-Holland",false,52.484567,4.6431,"material damage only","4","rain",false,1,"GM0375"
"20230017422",2023,"Uitsluitend materiele schade",1,"Fiets",\N,"Onbekend","Rechte weg",50,"Niet brandend","Daglicht","Droog",\N,"600893942","De Weel","Hoorn","Hoorn","Noord-Holland",false,52.643288,5.048231,"material damage only","4","clear",false,1,"GM0405"
"20230021454",2023,"Uitsluitend materiele schade",2,"Fiets","Personenauto","Flank","Rotonde",50,"Niet brandend","Schemer","Droog",\N,\N,"Rooseveltstraat","Leiden","Leiden","Zuid-Holland",false,52.147833,4.481089,"material damage only","4","clear",false,1,"GM0546"
"20230069242",2023,"Letsel",1,"Fiets",\N,"Eenzijdig","Rechte weg",30,"Niet brandend","Daglicht","Droog",\N,"600442984","Leidsevaart","Voorhout","Teylingen","Zuid-Holland",false,52.220189,4.476749,"injury","2","clear",false,1,"GM1525"
"20230074605",2023,"Uitsluitend materiele schade",1,"Fiets",\N,"Flank","Rotonde",\N,"Niet brandend","Daglicht","Droog",\N,\N,"Vlaardingenlaan","Amsterdam","Amsterdam","Noord-Holland",false,52.346995,4.839324,"material damage only","4","clear",false,1,"GM0363"
"20230074614",2023,"Uitsluitend materiele schade",2,"Personenauto","Fiets","Flank","Kruispunt, 3 takken",50,"Niet brandend","Daglicht","Droog",\N,\N,"Maarten Lutherweg","Amstelveen","Amstelveen","Noord-Holland",false,52.290637,4.861597,"material damage only","4","clear",false,1,"GM0362"
"20230074629",2023,"Letsel",2,"Fiets","Personenauto","Geparkeerd voertuig","Rechte weg",30,"Brandend","Duisternis","Droog",\N,"243370057","Van Ostadestraat","Amsterdam","Amsterdam","Noord-Holland",false,52.353091,4.898026,"injury","2","clear",false,1,"GM0363"
"20230023767",2023,"Letsel",2,"Fiets","Fiets","Onbekend","Rechte weg",15,"Niet brandend","Daglicht","Droog",\N,"166305030","Leeuwendaallaan","Rijswijk","Rijswijk","Zuid-Holland",false,52.057644,4.34137,"injury","2","clear",false,1,\N
"20230027808",2023,"Uitsluitend materiele schade",3,"Fiets","Fiets","Onbekend","Rechte weg",50,"Niet brandend","Daglicht","Droog",\N,"226195022","Ginnekenweg","Breda","Breda","Noord-Brabant",false,51.56806,4.784303,"material damage only","4","clear",false,1,"GM0758"
"20240029577",2024,"Uitsluitend materiele schade",2,"Personenauto","Fiets","Flank","Kruispunt, 4 takken",50,"Niet brandend","Daglicht","Droog",\N,\N,"Pieter Calandlaan","Amsterdam","Amsterdam","Noord-Holland",false,52.356179,4.825212,"material damage only","4","clear",false,1,"GM0363"
"20230035219",2023,"Uitsluitend materiele schade",2,"Bestelauto","Fiets","Onbekend","Kruispunt, 4 takken",30,"Niet brandend","Daglicht","Droog",\N,\N,"Stationsdwarsweg","Rijssen","Rijssen-Holten","Overijssel",false,52.311225,6.520159,"material damage only","4","clear",false,1,"GM1742"
"20230075659",2023,"Uitsluitend materiele schade",2,"Personenauto","Fiets","Frontaal","Rechte weg",30,"Niet brandend","Daglicht","Regen",\N,"600798456","Domstraat","Amersfoort","Amersfoort","Utrecht",false,52.200333,5.433796,"material damage only","4","rain",false,1,"GM0307"