"accident_id","year","severity_raw","party_count","party1_type","party2_type","accident_type","road_situation","speed_limit_kmh","road_lighting","light_condition_label","weather_raw","infra_type","road_segment_id","street_name","place_name","gemeente_name_raw","province","alcohol_indicated","latitude","longitude","severity_label","severity_code","weather_label","built_up_area","cyclists_involved","gemeente_code"
"20230075928",2023,"Letsel",1,"Fiets",\N,"Eenzijdig","Rechte weg",30,"Niet aanwezig","Daglicht","Regen",\N,"600388487","Frieseweg","Alkmaar","Alkmaar","Noord-Holland",false,52.634399,4.75605,"injury","2","rain",false,1,"GM0361"
"20230020976",2023,"Uitsluitend materiele schade",2,"Motor","Fiets","Frontaal","Rechte weg",30,"Brandend","Duisternis","Droog",\N,"242369050","Ferdinand Bolstraat","Amsterdam","Amsterdam","Noord-Holland",false,52.351761,4.891355,"material damage only","4","clear",false,1,"GM0363"
"20230022070",2023,"Letsel",2,"Fiets","Fiets","Frontaal","Rechte weg",30,"Brandend","Duisternis","Droog",\N,"600719348","Westlandseweg","Delft","Delft","Zuid-Holland",false,52.000055,4.345753,"injury","2","clear",false,1,"GM0503"
"20230030147",2023,"Uitsluitend materiele schade",2,"Personenauto","Fiets","Flank","Kruispunt, 3 takken",30,"Niet brandend","Daglicht","Droog",\N,\N,"Irenestraat","Groot-Ammers","Molenlanden","Zuid-Holland",false,51.923548,4.827275,"material damage only","4","clear",false,1,"GM1978"
"20230067924",2023,"Letsel",1,"Fiets",\N,"Eenzijdig","Rechte weg",30,\N,"Daglicht","Droog",\N,"207376194","Drossestraat","Haarlem","Haarlem","Noord-Holland",false,52.381558,4.630579,"injury","2","clear",false,1,"GM0392"
"20230067930",2023,"Letsel",2,"Personenauto","Fiets","Flank","Kruispunt, 4 takken",30,"Niet brandend","Daglicht","Droog",\N,\N,"Westerduinweg","Bentveld","Zandvoort","Noord-Holland",false,52.366432,4.570549,"injury","2","clear",false,1,"GM0473"
"20230076333",2023,"Letsel",1,"Fiets",\N,"Eenzijdig","Rechte weg",50,"Niet brandend","Daglicht","Droog",\N,"600158607","Australiëlaan","Purmerend","Purmerend","Noord-Holland",false,52.495788,4.936895,"injury","2","clear",false,1,"GM0439"
"20230077142",2023,"Letsel",2,"Personenauto","Fiets","Flank","Rotonde",50,"Niet brandend","Daglicht","Droog",\N,\N,"Burg Van Haarenlaan","Schiedam","Schiedam","Zuid-Holland",false,51.921441,4.385909,"injury","2","clear",false,1,"GM0606"
"20240026482",2024,"Uitsluitend materiele schade",2,"Personenauto","Fiets","Flank","Kruispunt, 3 takken",30,"Niet brandend","Daglicht","Droog",\N,\N,"Petrus Paulus Rubensstr","Apeldoorn","Apeldoorn","Gelderland",false,52.20009,5.940664,"material damage only","4","clear",false,1,"GM0200"
"20230019875",2023,"Letsel",2,"Personenauto","Fiets","Geparkeerd voertuig","Rechte weg",30,"Niet aanwezig","Daglicht","Regen","Parkeervoorziening",\N,"Wiekslag","Amersfoort","Amersfoort","Utrecht",false,52.160394,5.410826,"injury","2","rain",false,1,"GM0307"
"20230021016",2023,"Letsel",2,"Personenauto","Fiets","Onbekend","Kruispunt, 4 takken",50,"Niet brandend","Daglicht","Droog",\N,\N,"Ypenburgse Boslaan","'s-Gravenhage","'s-Gravenhage","Zuid-Holland",false,52.042883,4.364431,"injury","2","clear",false,1,"GM0518"
"20230028450",2023,"Uitsluitend materiele schade",3,"Personenauto","Fiets","Onbekend","Rechte weg",50,"Brandend","Duisternis","Regen",\N,"167261013","Heekstraat","Hoogvliet Rotterdam","Rotterdam","Zuid-Holland",false,51.859228,4.355156,"material damage only","4","rain",false,1,"GM0599"
"20230030758",2023,"Uitsluitend materiele schade",2,"Personenauto","Fiets","Kop/staart","Bocht",30,"Niet brandend","Daglicht","Droog",\N,"318177075","Roubaixlaan","Eindhoven","Eindhoven","Noord-Brabant",false,51.486706,5.450083,"material damage only","4","clear",false,1,"GM0772"
"20230034456",2023,"Letsel",2,"Personenauto","Fiets","Geparkeerd voertuig","Rechte weg",30,"Niet brandend","Daglicht","Droog",\N,"415455008","Merelstraat","Nijeveen","Meppel","Drenthe",false,52.735961,6.166234,"injury","2","clear",false,1,"GM0119"
"20230077354",2023,"Letsel",2,"Personenauto","Fiets","Flank","Kruispunt, 3 takken",50,"Niet brandend","Daglicht","Droog",\N,\N,"Opstalweg","Naaldwijk","Westland","Zuid-Holland",false,51.996776,4.197447,"injury","2","clear",false,1,"GM1783"
"20230077669",2023,"Letsel",3,"Motor","Fiets","Flank","Rechte weg",50,"Brandend","Duisternis","Droog",\N,"237376097","Bos en Lommerweg","Amsterdam","Amsterdam","Noord-Holland",true,52.381252,4.85541,"injury","2","clear",false,1,"GM0363"
"20230014710",2023,"Uitsluitend materiele schade",2,"Personenauto","Fiets","Flank","Kruispunt, 4 takken",30,"Niet brandend","Daglicht","Droog",\N,\N,"Grote Poortstraat","Harderwijk","Harderwijk","Gelderland",false,52.349698,5.623077,"material damage only","4","clear",false,1,"GM0243"
"20230018721",2023,"Uitsluitend materiele schade",2,"Snorfiets","Fiets","Flank","Rechte weg",30,"Niet brandend","Daglicht","Droog",\N,"600371117","Saturnusstraat","Hilversum","Hilversum","Noord-Holland",false,52.22933,5.198509,"material damage only","4","clear",false,1,"GM0402"
"20230022713",2023,"Letsel",2,"Bestelauto","Fiets","Eenzijdig","Rechte weg",30,"Niet brandend","Daglicht","Droog",\N,"202313005","Voorweg","Hazerswoude-Dorp","Alphen aan den Rijn","Zuid-Holland",false,52.092769,4.609599,"injury","2","clear",false,1,"GM0484"
"20230023905",2023,"Uitsluitend materiele schade",1,"Fiets",\N,"Eenzijdig","Rechte weg",30,"Brandend","Schemer","Droog",\N,"600389601","Willem de Zwijgerlaan","Amsterdam","Amsterdam","Noord-Holland",false,52.370986,4.862768,"material damage only","4","clear",false,1,"GM0363"
"20240027646",2024,"Letsel",2,"Fiets","Fiets","Onbekend","Rechte weg",\N,"Niet aanwezig","Duisternis","Droog",\N,"250394007","Jaagweg","Ilpendam","Waterland","Noord-Holland",false,52.460408,4.950604,"injury","2","clear",false,1,"GM0852"
"20230069375",2023,"Uitsluitend materiele schade",3,"Fiets","Bromfiets","Onbekend","Kruispunt, 3 takken",30,"Niet brandend","Daglicht","Droog",\N,\N,"De Brauwweg","Schiedam","Schiedam","Zuid-Holland",false,51.92746,4.405441,"material damage only","4","clear",false,1,"GM0606"
"20230069830",2023,"Letsel",2,"Personenauto","Fiets","Flank","Kruispunt, 4 takken",50,"Niet brandend","Daglicht","Droog",\N,\N,"Chico Mendesring","Dordrecht","Dordrecht","Zuid-Holland",false,51.810209,4.712815,"injury","2","clear",false,1,"GM0505"
"20240026484",2024,"Uitsluitend materiele schade",2,"Personenauto","Fiets","Flank","Rechte weg",50,"Brandend","Schemer","Droog",\N,"600637530","Randweg","Arnhem","Arnhem","Gelderland",false,51.950531,5.873301,"material damage only","4","clear",false,1,"GM0202"
"20230021088",2023,"Letsel",2,"Fiets","Overig vast object","Vast voorwerp","Rechte weg",50,"Niet brandend","Daglicht","Droog/Harde windstoten",\N,\N,"Westelijke Randweg","Lisse","Lisse","Zuid-Holland",false,52.264272,4.551277,"injury","2","unknown",false,1,"GM0553"
"20230024519",2023,"Uitsluitend materiele schade",2,"Fiets","Fiets","Onbekend","Rechte weg",\N,"Brandend","Duisternis","Droog",\N,"600463319","Oude Haarlemmerstraatweg","Halfweg","Haarlemmermeer","Noord-Holland",false,52.386217,4.735953,"material damage only","4","clear",false,1,"GM0394"
"20230025104",2023,"Letsel",2,"Personenauto","Fiets","Flank","Rotonde",50,"Niet brandend","Daglicht","Droog",\N,\N,"Vlietlaan","Ridderkerk","Ridderkerk","Zuid-Holland",false,51.867536,4.606525,"injury","2","clear",false,1,"GM0597"
"20230025106",2023,"Uitsluitend materiele schade",2,"Personenauto","Fiets","Flank","Rechte weg",30,"Brandend","Duisternis","Regen",\N,"185267036","Ebenhaëzerstraat","Rotterdam","Rotterdam","Zuid-Holland",false,51.889442,4.480591,"material damage only","4","rain",false,1,"GM0599"
"20230029111",2023,"Letsel",2,"Bromfiets","Fiets","Flank","Kruispunt, 3 takken",50,"Brandend","Duisternis","Droog",\N,\N,"Ringdijk","Rotterdam","Rotterdam","Zuid-Holland",false,51.952733,4.476528,"injury","2","clear",false,1,"GM0599"
"20230068318",2023,"Letsel",2,"Motor","Fiets","Flank","Rotonde",50,"Brandend","Duisternis","Droog",\N,\N,"Slachthuisstraat","'s-Gravenhage","'s-Gravenhage","Zuid-Holland",false,52.064838,4.323189,"injury","2","clear",false,1,"GM0518"
"20240031239",2024,"Letsel",2,\N,"Fiets","Flank","Kruispunt, 3 takken",30,"Brandend","Duisternis","Regen",\N,\N,"Westerkade","Amsterdam","Amsterdam","Noord-Holland",false,52.377557,4.878515,"injury","2","rain",false,1,"GM0363"
"20230069410",2023,"Letsel",2,"Personenauto","Fiets","Onbekend","Kruispunt, 4 takken",80,"Niet brandend","Daglicht","Droog",\N,\N,"Goudseweg","Haastrecht","Krimpenerwaard","Zuid-Holland",false,52.001405,4.7272,"injury","2","clear",false,1,"GM1931"
"20230075294",2023,"Letsel",2,"Personenauto","Fiets","Flank","Kruispunt, 4 takken",50,"Brandend","Duisternis","Droog",\N,\N,"Geestersingel","Alkmaar","Alkmaar","Noord-Holland",false,52.634272,4.741562,"injury","2","clear",false,1,"GM0361"
"20230074033",2023,"Letsel",2,"Personenauto","Fiets","Flank","Rechte weg",30,"Niet brandend","Daglicht","Droog",\N,"385242037","Dorpsstraat","Groesbeek","Berg en Dal","Gelderland",false,51.777138,5.932554,"injury","2","clear",false,1,"GM1945"
"20240026115",2024,"Uitsluitend materiele schade",2,"Personenauto","Fiets","Onbekend",\N,30,\N,"Daglicht",\N,\N,"412621073","Karrepad","Schiermonnikoog","Schiermonnikoog","Friesland",false,53.482338,6.158047,"material damage only","4","unknown",false,1,"GM0088"
"20230019989",2023,"Uitsluitend materiele schade",2,"Fiets","Fiets","Onbekend","Bocht",50,"Niet brandend","Daglicht","Regen",\N,"414405005","Herfterlaan","Zwolle","Zwolle","Overijssel",false,52.508558,6.155422,"material damage only","4","rain",false,1,"GM0193"
"20230020563",2023,"Uitsluitend materiele schade",3,"Personenauto","Fiets","Frontaal","Rechte weg",30,"Niet brandend","Daglicht","Droog",\N,"600363086","Singel","Amsterdam","Amsterdam","Noord-Holland",false,52.377585,4.892331,"material damage only","4","clear",false,1,"GM0363"
"20240026763",2024,"Uitsluitend materiele schade",2,"Personenauto","Fiets","Flank","Rechte weg",30,"Niet brandend","Daglicht","Droog",\N,"409407029","Stadionplein","Zwolle","Zwolle","Overijssel",false,52.518538,6.121718,"material damage only","4","clear",false,1,"GM0193"
"20230023957",2023,"Letsel",3,"Bestelauto","Fiets","Eenzijdig","Rechte weg",30,"Niet brandend","Daglicht","Droog",\N,"223335079","Dorpsstraat","Nieuwveen","Nieuwkoop","Zuid-Holland",false,52.198266,4.757457,"injury","2","clear",false,1,"GM0569"
"20230025693",2023,"Letsel",2,"Personenauto","Fiets","Flank","Kruispunt, 4 takken",50,"Niet brandend","Daglicht","Droog",\N,\N,"Reijerweg","Ridderkerk","Ridderkerk","Zuid-Holland",false,51.884842,4.605024,"injury","2","clear",false,1,"GM0597"
"20230027423",2023,"Letsel",2,"Personenauto","Fiets","Flank","Rechte weg",30,"Niet brandend","Daglicht","Droog",\N,"225197015","Baronielaan","Breda","Breda","Noord-Brabant",false,51.575672,4.776844,"injury","2","clear",false,1,"GM0758"
"20230036957",2023,"Uitsluitend materiele schade",2,"Scootmobiel","Fiets","Flank","Kruispunt, 3 takken",30,"Niet brandend","Daglicht","Droog",\N,\N,"Hondsrug","Utrecht","Utrecht","Utrecht",false,52.064485,5.137361,"material damage only","4","clear",false,1,"GM0344"
"20230079016",2023,"Uitsluitend materiele schade",2,"Bromfiets","Fiets","Frontaal","Kruispunt, 4 takken",\N,"Niet brandend","Daglicht","Droog",\N,\N,"Westvlietweg","'s-Gravenhage","'s-Gravenhage","Zuid-Holland",false,52.070027,4.379413,"material damage only","4","clear",false,1,"GM0518"
"20230015405",2023,"Uitsluitend materiele schade",2,"Personenauto","Fiets","Flank","Kruispunt, 4 takken",50,"Niet brandend","Daglicht","Droog",\N,\N,"Boerendijk","Woerden","Woerden","Utrecht",false,52.080778,4.877706,"material damage only","4","clear",false,1,"GM0632"
"20230015969",2023,"Uitsluitend materiele schade",2,"Personenauto","Fiets","Frontaal","Kruispunt, 4 takken",50,"Niet brandend","Daglicht","Droog",\N,\N,"Stationsweg","Baarn","Baarn","Utrecht",false,52.208257,5.285246,"material damage only","4","clear",false,1,"GM0308"
"20230015973",2023,"Uitsluitend materiele schade",2,"Personenauto","Fiets","Flank","Kruispunt, 3 takken",50,"Niet brandend","Daglicht","Droog",\N,\N,"Melkpad","Hilversum","Hilversum","Noord-Holland",false,52.227444,5.173451,"material damage only","4","clear",false,1,"GM0402"
"20230017115",2023,"Uitsluitend materiele schade",2,"Personenauto","Fiets","Frontaal","Kruispunt, 4 takken",50,"Brandend","Duisternis","Droog",\N,\N,"Basiusstraat","Heerhugowaard","Dijk en Waard","Noord-Holland",false,52.669834,4.840553,"material damage only","4","clear",false,1,"GM1980"
"20230020012",2023,"Letsel",3,"Fiets","Fiets","Dier","Rechte weg",60,"Niet aanwezig","Daglicht","Droog",\N,"530385001","Elsweg","Lattrop-Breklenkamp","Dinkelland","Overijssel",false,52.413298,7.008387,"injury","2","clear",false,1,"GM1774"
"20230022819",2023,"Uitsluitend materiele schade",2,"Personenauto","Fiets","Flank","Kruispunt, 3 takken",50,"Niet brandend","Daglicht","Droog",\N,\N,"Changiweg","Amsterdam","Amsterdam","Noord-Holland",false,52.388559,4.842433,"material damage only","4","clear",false,1,"GM0363"
"20230024014",2023,"Letsel",2,"Personenauto","Fiets","Frontaal","Rotonde",50,"Niet brandend","Daglicht","Droog",\N,\N,"President Kennedylaan","Alphen aan den Rijn","Alphen aan den Rijn","Zuid-Holland",false,52.145021,4.676909,"injury","2","clear",false,1,"GM0484"
"20230028011",2023,"Uitsluitend materiele schade",2,"Personenauto","Fiets","Flank","Rechte weg",50,"Niet brandend","Daglicht","Regen",\N,"218206061","Westerhagelaan","Breda","Breda","Noord-Brabant",false,51.617402,4.725215,"material damage only","4","rain",false,1,"GM0758"
"20240028775",2024,"Uitsluitend materiele schade",2,"Personenauto","Fiets","Flank","Bocht",80,"Niet brandend","Daglicht","Regen",\N,"338323001","Wesselseweg","Barneveld","Barneveld","Gelderland",false,52.144717,5.601448,"material damage only","4","rain",false,1,"GM0203"
"20230034226",2023,"Uitsluitend materiele schade",2,"Personenauto","Fiets","Flank","Kruispunt, 4 takken",50,"Niet brandend","Daglicht","Droog",\N,\N,"Boermarkeweg","Emmen","Emmen","Drenthe",false,52.780476,6.910222,"material damage only","4","clear",false,1,"GM0114"
"20230074491",2023,"Uitsluitend materiele schade",2,"e-bike","Personenauto","Onbekend","Rotonde",50,"Niet brandend","Daglicht","Droog",\N,\N,"Sweelincklaan","Nieuwegein","Nieuwegein","Utrecht",false,52.042636,5.093362,"material damage only","4","clear",false,1,"GM0356"
"20230079231",2023,"Uitsluitend materiele schade",2,"Fiets","Scootmobiel","Frontaal","Rotonde",30,"Niet brandend","Daglicht","Droog",\N,\N,"Alard Duhamelstraat","Breda","Breda","Noord-Brabant",false,51.606095,4.790624,"material damage only","4","clear",false,1,"GM0758"
"20240030715",2024,"Uitsluitend materiele schade",2,"Fiets","Motor","Flank","Rotonde",50,"Niet brandend","Daglicht","Droog",\N,\N,"Van Oldenbarneveldweg","Castricum","Castricum","Noord-Holland",false,52.561657,4.654397,"material damage only","4","clear",false,1,"GM0383"
"20230077174",2023,"Letsel",2,"Personenauto","Fiets","Flank","Kruispunt, 3 takken",50,"Niet brandend","Daglicht","Droog",\N,\N,"Wallendreef","Zoetermeer","Zoetermeer","Zuid-Holland",false,52.07326,4.509729,"injury","2","clear",false,1,"GM0637"
"20240030785",2024,"Letsel",2,"Personenauto","Fiets","Frontaal","Kruispunt, 3 takken",60,"Niet brandend","Daglicht","Droog",\N,\N,"Pannekeetweg","Heerhugowaard","Dijk en Waard","Noord-Holland",false,52.696357,4.828831,"injury","2","clear",false,1,"GM1980"
"20230025783",2023,"Letsel",1,"Fiets",\N,"Eenzijdig","Rechte weg",50,"Niet brandend","Daglicht","Droog",\N,"168259048","Horsweg","Hoogvliet Rotterdam","Rotterdam","Zuid-Holland",false,51.852652,4.358687,"injury","2","clear",false,1,"GM0599"
"20230069145",2023,"Letsel",2,"Bestelauto","Fiets","Eenzijdig","Kruispunt, 4 takken",30,"Niet brandend","Daglicht","Droog",\N,\N,"Hugo de Grootlaan","Dordrecht","Dordrecht","Zuid-Holland",false,51.8062,4.659598,"injury","2","clear",false,1,"GM0505"
"20230071607",2023,"Uitsluitend materiele schade",2,"Personenauto","Fiets","Flank","Rechte weg",30,"Niet brandend","Daglicht","Droog",\N,"352191034","Heijtsveld","Gemert","Gemert-Bakel","Noord-Brabant",false,51.550163,5.695464,"material damage only","4","clear",false,1,"GM1652"
"20230014303",2023,"Letsel",2,"e-bike","Personenauto","Flank","Kruispunt, 4 takken",50,"Niet brandend","Daglicht","Droog",\N,\N,"Dr. Willem Dreeslaan","Barneveld","Barneveld","Gelderland",false,52.138776,5.599589,"injury","2","clear",false,1,"GM0203"
"20230022883",2023,"Uitsluitend materiele schade",2,"Personenauto","Fiets","Onbekend","Rechte weg",30,"Brandend","Duisternis","Droog",\N,\N,"Reguliersdwarsstraat","Amsterdam","Amsterdam","Noord-Holland",false,52.366082,4.893225,"material damage only","4","clear",false,1,"GM0363"
"20230022886",2023,"Uitsluitend materiele schade",2,"Fiets","Personenauto","Flank","Rechte weg",30,"Niet brandend","Daglicht","Droog",\N,"244367011","Uiterwaardenstraat","Amsterdam","Amsterdam","Noord-Holland",false,52.342781,4.903995,"material damage only","4","clear",false,1,"GM0363"
"20230030419",2023,"Uitsluitend materiele schade",2,"Fiets","Personenauto","Flank","Rotonde",50,"Brandend","Schemer","Regen",\N,\N,"Gerbrandylaan","Oss","Oss","Noord-Brabant",false,51.75639,5.510898,"material damage only","4","rain",false,1,"GM0828"
"20230035541",2023,"Letsel",2,"Bromfiets","Fiets","Flank","Bocht",50,"Niet brandend","Daglicht","Droog",\N,"373254043","Groenestraat","Nijmegen","Nijmegen","Gelderland",false,51.830819,5.852582,"injury","2","clear",false,1,"GM0268"
"20230069542",2023,"Letsel",1,"Fiets",\N,"Eenzijdig","Rechte weg",50,"Brandend","Schemer","Droog",\N,"600914598","Oude Haagweg","'s-Gravenhage","'s-Gravenhage","Zuid-Holland",false,52.058196,4.250335,"injury","2","clear",false,1,"GM0518"
"20230072178",2023,"Letsel",2,"Fiets","Snorfiets","Flank","Kruispunt, 4 takken",50,"Niet brandend","Daglicht","Droog",\N,\N,"FIETSPAD","Leeuwarden","Leeuwarden","Friesland",false,53.182849,5.829893,"injury","2","clear",false,1,"GM0080"
"20230077956",2023,"Uitsluitend materiele schade",2,"Brommobiel","Fiets","Flank","Rechte weg",50,"Niet brandend","Daglicht","Droog",\N,"229371105","Wolbrantskerkweg","Amsterdam","Amsterdam","Noord-Holland",false,52.356362,4.79769,"material damage only","4","clear",false,1,"GM0363"
"20240026152",2024,"Letsel",1,"Fiets",\N,"Onbekend","Rechte weg",50,"Brandend","Schemer","Droog",\N,"408344033","Piet Heinstraat","Twello","Voorst","Gelderland",false,52.233623,6.105501,"injury","2","clear",false,1,"GM0285"
"20230023468",2023,"Letsel",1,"Fiets",\N,"Eenzijdig","Rechte weg",50,"Niet brandend","Daglicht","Droog",\N,"600729353","Dr. J. W. Paltelaan","Zoetermeer","Zoetermeer","Zuid-Holland",false,52.050644,4.490257,"injury","2","clear",false,1,"GM0637"
"20240030914",2024,"Uitsluitend materiele schade",2,"Personenauto","Fiets","Onbekend","Kruispunt, 4 takken",50,"Niet brandend","Daglicht","Droog",\N,\N,"Pieter Calandlaan","Amsterdam","Amsterdam","Noord-Holland",false,52.350787,4.793093,"material damage only","4","clear",false,1,"GM0363"
"20230071675",2023,"Uitsluitend materiele schade",2,"Personenauto","Fiets","Flank","Kruispunt, 3 takken",50,"Niet brandend","Daglicht","Droog",\N,\N,"Henri Dunantstraat","Venray","Venray","Limburg",false,51.523722,5.991024,"material damage only","4","clear",false,1,"GM0984"
"20230074279",2023,"Letsel",2,"Fiets","Bromfiets","Frontaal","Bocht",30,"Niet brandend","Daglicht","Droog",\N,"525341095","Gronausestraat","Enschede","Enschede","Overijssel",false,52.215816,6.964455,"injury","2","clear",false,1,"GM0153"
"20230074907",2023,"Uitsluitend materiele schade",4,"Personenauto","Fiets","Kop/staart","Rechte weg",50,"Niet brandend","Daglicht","Droog",\N,"285321011","Soestdijkseweg Noord","Bilthoven","De Bilt","Utrecht",false,52.134298,5.208651,"material damage only","4","clear",false,1,"GM0310"
"20230016716",2023,"Uitsluitend materiele schade",2,"Personenauto","Fiets","Flank","Rechte weg",50,"Niet brandend","Daglicht","Droog",\N,\N,"Utrechtseweg","Zeist","Zeist","Utrecht",false,52.097705,5.212813,"material damage only","4","clear",false,1,"GM0355"
"20240028359",2024,"Uitsluitend materiele schade",2,"Personenauto","Fiets","Flank","Rechte weg",50,"Niet aanwezig","Daglicht","Regen",\N,"600380953","Plantsoen","Woerden","Woerden","Utrecht",false,52.086729,4.88757,"material damage only","4","rain",false,1,"GM0632"
"20240030333",2024,"Letsel",2,"Fiets","Voetganger","Voetganger","Rechte weg",30,"Niet brandend","Daglicht","Droog",\N,"157309007","Weimarstraat","'s-Gravenhage","'s-Gravenhage","Zuid-Holland",false,52.074719,4.279022,"injury","2","clear",false,1,"GM0518"
"20230073511",2023,"Letsel",2,"Personenauto","Fiets","Flank","Rotonde",50,"Niet brandend","Daglicht","Droog",\N,\N,"Zijderupsvlinderlaan","Culemborg","Culemborg","Gelderland",false,51.943761,5.201205,"injury","2","clear",false,1,"GM0216"
"20230075376",2023,"Letsel",2,"Personenauto","Fiets","Onbekend","Kruispunt, 3 takken",30,"Niet brandend","Daglicht","Droog",\N,\N,"Van Ghentlaan","Hilversum","Hilversum","Noord-Holland",false,52.208856,5.142346,"injury","2","clear",false,1,"GM0402"
"20230013877",2023,"Letsel",2,"Personenauto","Fiets","Flank","Kruispunt, 3 takken",30,"Niet brandend","Daglicht","Droog",\N,\N,"Smidswegje","Dalfsen","Dalfsen","Overijssel",false,52.505759,6.262325,"injury","2","clear",false,1,"GM0148"
"20230015034",2023,"Uitsluitend materiele schade",1,"Fiets",\N,"Voetganger","Rechte weg",30,"Niet brandend","Daglicht","Droog",\N,"600360202","Noordersingel","Leeuwarden","Leeuwarden","Friesland",false,53.20578,5.792158,"material damage only","4","clear",false,1,"GM0080"
"20230020230",2023,"Letsel",2,"Fiets","Personenauto","Flank","Kruispunt, 4 takken",50,"Brandend","Duisternis","Droog",\N,\N,"Europaplein","Amsterdam","Amsterdam","Noord-Holland",false,52.342122,4.892548,"injury","2","clear",false,1,"GM0363"
"20230028803",2023,"Uitsluitend materiele schade",2,"Personenauto","Fiets","Flank","Kruispunt, 4 takken",50,"Niet brandend","Daglicht","Droog",\N,\N,"Drielindendreef","Breda","Breda","Noord-Brabant",false,51.587043,4.713195,"material damage only","4","clear",false,1,"GM0758"
"20230074349",2023,"Uitsluitend materiele schade",3,"Fiets","Personenauto","Flank","Kruispunt, 4 takken",50,"Niet brandend","Daglicht","Droog",\N,\N,"Burg Raveslootsingel","Almelo","Almelo","Overijssel",false,52.350498,6.659793,"material damage only","4","clear",false,1,"GM0141"
"20230076812",2023,"Uitsluitend materiele schade",2,"Personenauto","Fiets","Flank","Rotonde",50,"Niet brandend","Daglicht","Droog",\N,\N,"Oranjestraat","Schiedam","Schiedam","Zuid-Holland",false,51.912427,4.399261,"material damage only","4","clear",false,1,"GM0606"
"20230077079",2023,"Letsel",2,"Personenauto","e-bike","Flank","Kruispunt, 4 takken",50,"Niet brandend","Daglicht","Droog",\N,\N,"G.J. de Jonghweg","Rotterdam","Rotterdam","Zuid-Holland",false,51.910319,4.460059,"injury","2","clear",false,1,"GM0599"
"20240031807",2024,"Letsel",2,"Fiets","Personenauto","Flank","Kruispunt, 3 takken",50,"Niet brandend","Daglicht","Droog",\N,\N,"Leo Lashleylaan","Rotterdam","Rotterdam","Zuid-Holland",false,51.884279,4.501752,"injury","2","clear",false,1,"GM0599"
"20230077625",2023,"Letsel",1,"Fiets",\N,"Eenzijdig","Rechte weg",50,"Niet brandend","Daglicht","Droog",\N,"159311017","Jacob Catslaan","'s-Gravenhage","'s-Gravenhage","Zuid-Holland",false,52.087149,4.289106,"injury","2","clear",false,1,"GM0518"
"20230078111",2023,"Letsel",1,"Fiets",\N,"Eenzijdig","Rechte weg",30,"Niet brandend","Daglicht","Droog",\N,"143300001","Molenslag","Monster","Westland","Zuid-Holland",false,52.031869,4.175493,"injury","2","clear",false,1,"GM1783"
"20240025904",2024,"Uitsluitend materiele schade",2,"Personenauto","Fiets","Frontaal","Bocht",50,"Niet brandend","Daglicht","Droog",\N,"601134958","J.D. van Leeuwenstraat","Tiel","Tiel","Gelderland",false,51.891485,5.428144,"material damage only","4","clear",false,1,"GM0281"
"20230023046",2023,"Uitsluitend materiele schade",3,"Fiets","Fiets","Onbekend","Rechte weg",\N,"Brandend","Duisternis","Droog",\N,"600763073","Stadhouderskade","Amsterdam","Amsterdam","Noord-Holland",false,52.358698,4.90376,"material damage only","4","clear",false,1,"GM0363"
"20230077255",2023,"Letsel",2,"Personenauto","Fiets","Onbekend","Kruispunt, 3 takken",30,"Niet brandend","Daglicht","Droog",\N,\N,"Maasweg","Oostvoorne","Voorne aan Zee","Zuid-Holland",false,51.922867,4.125995,"injury","2","clear",false,1,"GM1992"
"20230089655",2023,"Uitsluitend materiele schade",2,"Fiets","Personenauto","Flank","Kruispunt, 4 takken",50,"Niet brandend","Daglicht","Regen",\N,\N,"Hildebrandstraat","'s-Gravenhage","'s-Gravenhage","Zuid-Holland",false,52.05574,4.311784,"material damage only","4","rain",false,1,"GM0518"
"20230093042",2023,"Letsel",2,"Fiets","Fiets","Onbekend","Rechte weg",80,"Niet aanwezig","Daglicht","Droog/Harde windstoten",\N,"487283006","Misterweg","Winterswijk","Winterswijk","Gelderland",false,51.961444,6.688688,"injury","2","unknown",false,1,"GM0294"
"20230039878",2023,"Uitsluitend materiele schade",2,"Personenauto","Fiets","Frontaal","Rechte weg",30,"Niet brandend","Daglicht","Droog","Brug/viaduct","169307082","Kerkstraat","Voorburg","Leidschendam-Voorburg","Zuid-Holland",false,52.066474,4.365868,"material damage only","4","clear",false,1,"GM1916"
"20240050801",2024,"Uitsluitend materiele schade",2,"Personenauto","Fiets","Flank","Kruispunt, 4 takken",30,"Brandend","Duisternis","Droog",\N,\N,"Marnixstraat","Amsterdam","Amsterdam","Noord-Holland",true,52.372255,4.875844,"material damage only","4","clear",false,1,"GM0363"
"20240072170",2024,"Letsel",2,"Fiets","Personenauto","Onbekend","Kruispunt, 4 takken",50,"Brandend","Duisternis","Droog",\N,\N,"Schiedamsedijk","Vlaardingen","Vlaardingen","Zuid-Holland",false,51.909123,4.365454,"injury","2","clear",false,1,"GM0622"
"20240040456",2024,"Letsel",1,"Fiets",\N,"Onbekend","Kruispunt, 3 takken",50,"Niet brandend","Daglicht","Droog",\N,\N,"De Savornin Lohmanlaan","'s-Gravenhage","'s-Gravenhage","Zuid-Holland",false,52.070678,4.242503,"injury","2","clear",false,1,"GM0518"