"accident_id","year","severity_raw","party_count","party1_type","party2_type","accident_type","road_situation","speed_limit_kmh","road_lighting","light_condition_label","weather_raw","infra_type","road_segment_id","street_name","place_name","gemeente_name_raw","province","alcohol_indicated","latitude","longitude","severity_label","severity_code","weather_label","built_up_area","cyclists_involved","gemeente_code"
"20240050851",2024,"Letsel",1,"Fiets",\N,"Eenzijdig","Rechte weg",30,"Niet brandend","Daglicht","Droog",\N,"237369011","Zeilstraat","Amsterdam","Amsterdam","Noord-Holland",false,52.350814,4.853841,"injury","2","clear",false,1,"GM0363"
"20240051475",2024,"Letsel",2,"Fiets","Fiets","Flank","Rechte weg",50,"Brandend","Duisternis","Droog",\N,"601219120","Kanaalkade","Alkmaar","Alkmaar","Noord-Holland",false,52.633885,4.747741,"injury","2","clear",false,1,"GM0361"
"20240041937",2024,"Letsel",2,"Fiets","Voetganger","Voetganger","Rechte weg",30,"Niet aanwezig","Duisternis","Droog",\N,"61177036","Vlissings Jaagpad","Middelburg","Middelburg","Zeeland",false,51.484578,3.603966,"injury","2","clear",false,1,\N
"20240051501",2024,"Uitsluitend materiele schade",2,"Bromfiets","Fiets","Flank","Kruispunt, 4 takken",30,"Niet brandend","Daglicht","Droog",\N,\N,"Carry Pothuisstraat","Hoofddorp","Haarlemmermeer","Noord-Holland",false,52.297653,4.665674,"material damage only","4","clear",false,1,"GM0394"
"20240033548",2024,"Uitsluitend materiele schade",2,"Personenauto","Fiets","Onbekend","Rotonde",50,"Niet brandend","Daglicht","Droog",\N,\N,"Industrieterr Panningen","Panningen","Peel en Maas","Limburg",false,51.333959,5.975257,"material damage only","4","clear",false,1,"GM1894"
"20240039035",2024,"Uitsluitend materiele schade",1,"Fiets",\N,"Flank","Kruispunt, 4 takken",50,"Niet brandend","Daglicht","Droog",\N,\N,"Dorpsstraat","Rheden","Rheden","Gelderland",false,52.007345,6.04093,"material damage only","4","clear",false,1,"GM0275"
"20240077033",2024,"Letsel",2,"Fiets","Fiets","Frontaal","Rechte weg",50,"Niet brandend","Daglicht","Droog",\N,"208374031","Schalkwijkerstraat","Haarlem","Haarlem","Noord-Holland",false,52.372632,4.642682,"injury","2","clear",false,1,"GM0392"
"20240041381",2024,"Letsel",2,"Bromfiets","Fiets","Flank","Rechte weg",30,"Niet brandend","Daglicht","Droog",\N,"210398152","Wijckermolen","Beverwijk","Beverwijk","Noord-Holland",false,52.479164,4.656214,"injury","2","clear",false,1,"GM0375"
"20240051592",2024,"Letsel",2,"Personenauto","Fiets","Flank","Rechte weg",60,"Niet aanwezig","Daglicht","Droog",\N,"220446004","Westfriesedijk","Warmenhuizen","Schagen","Noord-Holland",false,52.693117,4.726996,"injury","2","clear",false,1,"GM0441"
"20240042712",2024,"Letsel",2,"Fiets","Voetganger","Voetganger","Rechte weg",30,"Niet brandend","Daglicht","Droog",\N,"187271008","Lodewijk Pincoffsweg","Rotterdam","Rotterdam","Zuid-Holland",false,51.907784,4.49992,"injury","2","clear",false,1,"GM0599"
"20240042120",2024,"Letsel",1,"Fiets",\N,"Eenzijdig","Rechte weg",50,"Niet brandend","Daglicht","Droog",\N,"60181028","Koudekerkseweg","Middelburg","Middelburg","Zeeland",false,51.489239,3.592857,"injury","2","clear",false,1,\N
"20240071785",2024,"Uitsluitend materiele schade",2,"Personenauto","Fiets","Flank","Kruispunt, 4 takken",50,"Niet brandend","Daglicht","Droog",\N,\N,"Slinge","Rotterdam","Rotterdam","Zuid-Holland",false,51.874823,4.500228,"material damage only","4","clear",false,1,"GM0599"
"20240037748",2024,"Uitsluitend materiele schade",2,"Motor","Fiets","Onbekend","Rechte weg",60,"Niet brandend","Daglicht","Droog",\N,"247280003","Lekdijk","Tienhoven aan de Lek","Vijfheerenlanden","Utrecht",false,51.955086,4.93721,"material damage only","4","clear",false,1,"GM1961"
"20240037751",2024,"Uitsluitend materiele schade",2,"Personenauto","Fiets","Flank","Kruispunt, 3 takken",30,"Niet brandend","Daglicht","Droog",\N,\N,"Torenlaan","Blaricum","Blaricum","Noord-Holland",false,52.268216,5.23587,"material damage only","4","clear",false,1,"GM0376"
"20240040046",2024,"Uitsluitend materiele schade",2,"Bromfiets","Fiets","Flank","Kruispunt, 4 takken",50,"Niet brandend","Daglicht","Droog",\N,\N,"Prinses Mariannelaan","Voorburg","Leidschendam-Voorburg","Zuid-Holland",false,52.05961,4.344491,"material damage only","4","clear",false,1,"GM1916"
"20240176103",2024,"Letsel",2,"Personenauto","Fiets","Flank","Rotonde",50,"Niet brandend","Daglicht","Droog",\N,\N,"Koningin Wilhelminalaan","Schalkhaar","Deventer","Overijssel",false,52.26708,6.184913,"injury","2","clear",false,1,"GM0150"
"20240041555",2024,"Uitsluitend materiele schade",2,"Personenauto","Fiets","Flank","Kruispunt, 3 takken",50,\N,"Daglicht","Droog",\N,\N,"Torenstraat","Dongen","Dongen","Noord-Brabant",false,51.623919,4.940495,"material damage only","4","clear",false,1,"GM0766"
"20240035339",2024,"Uitsluitend materiele schade",2,"Personenauto","Fiets","Flank","Kruispunt, 3 takken",50,"Niet brandend","Daglicht","Droog",\N,\N,"Spaansland","Enschede","Enschede","Overijssel",false,52.206322,6.89176,"material damage only","4","clear",false,1,"GM0153"
"20240037806",2024,"Letsel",2,"Bromfiets","Fiets","Los voorwerp","Rechte weg",\N,"Niet brandend","Daglicht","Droog",\N,"208374087","Buitenrustlaan","Haarlem","Haarlem","Noord-Holland",false,52.371653,4.639344,"injury","2","clear",false,1,"GM0392"
"20240040148",2024,"Letsel",1,"Fiets",\N,"Onbekend","Rechte weg",15,"Niet brandend","Daglicht","Droog",\N,"600718372","Slachthuisstraat","'s-Gravenhage","'s-Gravenhage","Zuid-Holland",false,52.064872,4.323133,"injury","2","clear",false,1,"GM0518"
"20240080587",2024,"Uitsluitend materiele schade",2,"Personenauto","Fiets","Flank","Kruispunt, 4 takken",50,"Niet brandend","Daglicht","Droog",\N,\N,"Pleinweg","Rotterdam","Rotterdam","Zuid-Holland",false,51.891722,4.478821,"material damage only","4","clear",false,1,"GM0599"
"20240038503",2024,"Uitsluitend materiele schade",2,"Fiets","Bromfiets","Frontaal","Rechte weg",30,"Niet brandend","Daglicht","Droog",\N,"600587662","Daalmeerpad","Sint Pancras","Dijk en Waard","Noord-Holland",false,52.66679,4.778623,"material damage only","4","clear",false,1,"GM1980"
"20240038506",2024,"Letsel",2,"Personenauto","Fiets","Flank","Rechte weg",70,"Niet brandend","Daglicht","Droog",\N,"204395009","Kanaaldijk","IJmuiden","Velsen","Noord-Holland",false,52.463539,4.6202,"injury","2","clear",false,1,"GM0453"
"20240041628",2024,"Uitsluitend materiele schade",2,"Fiets","Personenauto","Flank","Rechte weg",30,"Niet brandend","Daglicht","Droog",\N,"140163006","Hoofdweg","Rilland","Reimerswaal","Zeeland",false,51.418994,4.172943,"material damage only","4","clear",false,1,"GM0703"
"20240047498",2024,"Uitsluitend materiele schade",2,"Fiets","Personenauto","Flank","Kruispunt, 3 takken",30,"Niet aanwezig","Daglicht","Droog",\N,\N,"Rogier vd Weijdenstr","Coevorden","Coevorden","Drenthe",false,52.667401,6.753559,"material damage only","4","clear",false,1,"GM0109"
"20240081067",2024,"Letsel",2,"Personenauto","Fiets","Onbekend","Kruispunt, 4 takken",30,"Niet brandend","Daglicht","Droog",\N,\N,"Vliehors","Nootdorp","Pijnacker-Nootdorp","Zuid-Holland",false,52.042221,4.376727,"injury","2","clear",false,1,"GM1926"
"20240042340",2024,"Letsel",2,"Personenauto","Fiets","Flank","Rechte weg",50,"Niet brandend","Daglicht","Droog",\N,"600524767","P C Boutenssingel","Capelle aan den IJssel","Capelle aan den IJssel","Zuid-Holland",false,51.923166,4.574791,"injury","2","clear",false,1,"GM0502"
"20240048178",2024,"Uitsluitend materiele schade",2,"Personenauto","Fiets","Flank","Bocht",50,"Niet brandend","Daglicht","Regen",\N,"600786508","Hefbrugweg","Almere","Almere","Flevoland",false,52.402571,5.243104,"material damage only","4","rain",false,1,"GM0034"
"20240036974",2024,"Letsel",1,"Fiets",\N,"Onbekend",\N,50,\N,"Daglicht",\N,\N,\N,"Heyendaalseweg","Nijmegen","Nijmegen","Gelderland",false,51.829424,5.870193,"injury","2","unknown",false,1,"GM0268"
"20240036982",2024,"Letsel",2,"Personenauto","Fiets","Flank","Rotonde",50,"Niet brandend","Daglicht","Droog",\N,\N,"Folgeralaan","Drachten","Smallingerland","Friesland",false,53.125384,6.088709,"injury","2","clear",false,1,"GM0090"
"20240040259",2024,"Uitsluitend materiele schade",2,"Personenauto","Fiets","Flank","Kruispunt, 4 takken",50,"Niet brandend","Daglicht","Droog",\N,\N,"Hazelaarplein","Pijnacker","Pijnacker-Nootdorp","Zuid-Holland",false,52.019477,4.427407,"material damage only","4","clear",false,1,"GM1926"
"20240050643",2024,"Letsel",2,"Fiets","Overig vast object","Vast voorwerp","Rechte weg",60,"Brandend","Duisternis","Droog",\N,"600713038","Veilingweg","De Lier","Westland","Zuid-Holland",false,51.979879,4.238933,"injury","2","clear",false,1,"GM1783"
"20240176368",2024,"Letsel",2,"Personenauto","Fiets","Onbekend","Kruispunt, 4 takken",50,"Niet brandend","Daglicht","Droog",\N,\N,"De Germaan","Oostrum","Venray","Limburg",false,51.523531,6.009141,"injury","2","clear",false,1,"GM0984"
"20240072924",2024,"Uitsluitend materiele schade",2,"Personenauto","Fiets","Onbekend","Rechte weg",100,"Niet brandend","Daglicht","Regen",\N,\N,"Europaweg","Venlo","Venlo","Limburg",false,51.393442,6.115411,"material damage only","4","rain",false,1,"GM0983"
"20240037043",2024,"Letsel",1,"Fiets",\N,"Onbekend","Bocht",30,"Niet brandend","Daglicht","Droog",\N,"533474011","Spoel","Emmer-Compascuum","Emmen","Drenthe",false,52.81181,7.043922,"injury","2","clear",false,1,"GM0114"
"20240044867",2024,"Uitsluitend materiele schade",1,"Fiets",\N,"Onbekend",\N,50,\N,"Daglicht",\N,\N,"225199065","Eindstraat","Breda","Breda","Noord-Brabant",false,51.5866,4.776111,"material damage only","4","unknown",false,1,"GM0758"
"20240051357",2024,"Letsel",1,"Fiets",\N,"Onbekend","Bocht",50,"Niet brandend","Daglicht","Droog",\N,"600576432","Oosterstraat","Benningbroek","Medemblik","Noord-Holland",false,52.702017,5.029021,"injury","2","clear",false,1,"GM0420"
"20240076841",2024,"Letsel",1,"Fiets",\N,"Onbekend",\N,50,\N,"Daglicht",\N,\N,\N,"FIETSPAD","Noord-Scharwoude","Dijk en Waard","Noord-Holland",false,52.700058,4.818578,"injury","2","unknown",false,1,"GM1980"
"20240078912",2024,"Uitsluitend materiele schade",2,"Bestelauto","Fiets","Flank","Kruispunt, 4 takken",70,"Niet brandend","Daglicht","Droog",\N,\N,"Basisweg","Amsterdam","Amsterdam","Noord-Holland",false,52.391136,4.819327,"material damage only","4","clear",false,1,"GM0363"
"20240080165",2024,"Letsel",1,"Fiets",\N,"Onbekend","Rechte weg",30,"Niet brandend","Daglicht","Droog",\N,"222428042","Smaragdweg","Alkmaar","Alkmaar","Noord-Holland",false,52.613919,4.743284,"injury","2","clear",false,1,"GM0361"
"20240038053",2024,"Uitsluitend materiele schade",2,"Personenauto","Fiets","Flank","Rotonde",50,"Niet brandend","Daglicht","Droog",\N,\N,"Prins Clauslaan","Veenendaal","Veenendaal","Utrecht",false,52.023286,5.563107,"material damage only","4","clear",false,1,"GM0345"
"20230093955",2023,"Letsel",2,"Personenauto","Fiets","Flank","Kruispunt, 4 takken",30,"Brandend","Schemer","Droog",\N,\N,"Framaheerd","Groningen","Groningen","Groningen",false,53.243818,6.586328,"injury","2","clear",false,1,"GM0014"
"20230097452",2023,"Letsel",2,"Personenauto","Fiets","Flank","Rechte weg",30,"Niet brandend","Daglicht","Droog",\N,"600759040","Panneroodstraat","Zaandam","Zaanstad","Noord-Holland",false,52.44503,4.836928,"injury","2","clear",false,1,"GM0479"
"20230099302",2023,"Uitsluitend materiele schade",2,"Personenauto","Fiets","Flank","Rechte weg",50,"Brandend","Duisternis","Regen",\N,"600690782","Cereslaan","Heesch","Bernheze","Noord-Brabant",false,51.734093,5.509364,"material damage only","4","rain",false,1,"GM1721"
"20230103010",2023,"Uitsluitend materiele schade",3,"Personenauto","Fiets","Onbekend","Kruispunt, 4 takken",30,\N,"Daglicht","Droog",\N,\N,"Andries Copierstraat","Amsterdam","Amsterdam","Noord-Holland",false,52.367147,4.836482,"material damage only","4","clear",false,1,"GM0363"
"20230100018",2023,"Uitsluitend materiele schade",2,"Personenauto","Fiets","Flank","Rotonde",50,"Brandend","Duisternis","Regen",\N,\N,"Oude Schijndelseweg","Boxtel","Boxtel","Noord-Brabant",false,51.593215,5.339751,"material damage only","4","rain",false,1,"GM0757"
"20230100568",2023,"Letsel",2,"Personenauto","Fiets","Flank","Bocht",50,"Niet brandend","Daglicht","Droog",\N,"600694049","Wandelboslaan","Tilburg","Tilburg","Noord-Brabant",false,51.567863,5.044107,"injury","2","clear",false,1,"GM0855"
"20230102058",2023,"Letsel",2,"Bromfiets","Fiets","Flank","Kruispunt, 4 takken",50,"Niet brandend","Daglicht","Droog",\N,\N,"Darwinweg","Leiden","Leiden","Zuid-Holland",false,52.165482,4.47358,"injury","2","clear",false,1,"GM0546"
"20230100286",2023,"Letsel",2,"Fiets","Personenauto","Flank","Kruispunt, 3 takken",50,"Brandend","Duisternis","Droog",\N,\N,"Veldhovenring","Tilburg","Tilburg","Noord-Brabant",false,51.567815,5.085751,"injury","2","clear",false,1,"GM0855"
"20230086432",2023,"Uitsluitend materiele schade",1,"Fiets",\N,"Voetganger","Kruispunt, 4 takken",\N,"Niet brandend","Daglicht","Regen",\N,\N,"Beethovenstraat","Amsterdam","Amsterdam","Noord-Holland",false,52.336709,4.877118,"material damage only","4","rain",false,1,"GM0363"
"20230094088",2023,"Uitsluitend materiele schade",2,"Fiets","Personenauto","Flank","Kruispunt, 4 takken",30,"Brandend","Schemer","Droog",\N,\N,"Burg Matsersingel","Arnhem","Arnhem","Gelderland",false,51.951709,5.874167,"material damage only","4","clear",false,1,"GM0202"
"20230094681",2023,"Letsel",2,"Personenauto","Fiets","Flank","Rechte weg",\N,"Niet brandend","Daglicht","Droog",\N,"345295031","Willy Brandtlaan","Ede","Ede","Gelderland",false,52.01728,5.64639,"injury","2","clear",false,1,"GM0228"
"20230102144",2023,"Letsel",2,"Personenauto","Fiets","Geparkeerd voertuig","Rechte weg",30,"Brandend","Duisternis","Regen",\N,"600255336","Sirtemastraat","'s-Gravenhage","'s-Gravenhage","Zuid-Holland",false,52.074947,4.298132,"injury","2","rain",false,1,"GM0518"
"20230082444",2023,"Letsel",2,"Fiets","Fiets","Onbekend","Rechte weg",50,"Niet brandend","Daglicht","Droog",\N,"600494724","Babberichseweg","Zevenaar","Zevenaar","Gelderland",false,51.916477,6.093477,"injury","2","clear",false,1,"GM0299"
"20230084772",2023,"Uitsluitend materiele schade",2,"Personenauto","Fiets","Flank","Kruispunt, 3 takken",30,"Niet brandend","Daglicht","Droog",\N,\N,"Jan van der Heijdenstr","Hilversum","Hilversum","Noord-Holland",false,52.222245,5.193654,"material damage only","4","clear",false,1,"GM0402"
"20230100656",2023,"Uitsluitend materiele schade",2,"Personenauto","Fiets","Frontaal","Kruispunt, 3 takken",30,"Brandend","Duisternis","Regen",\N,\N,"Appelgaard","Sint Agatha","Land van Cuijk","Noord-Brabant",false,51.712611,5.911746,"material damage only","4","rain",false,1,"GM1982"
"20230088280",2023,"Uitsluitend materiele schade",2,"Fiets","Personenauto","Flank","Kruispunt, 4 takken",50,"Brandend","Duisternis","Droog",\N,\N,"Spaarndamseweg","Haarlem","Haarlem","Noord-Holland",false,52.404135,4.655654,"material damage only","4","clear",false,1,"GM0392"
"20230095906",2023,"Letsel",2,"Bromfiets","Fiets","Eenzijdig","Kruispunt, 3 takken",50,"Niet brandend","Daglicht","Droog",\N,\N,"Verlaat","Veenendaal","Veenendaal","Utrecht",false,52.027782,5.560502,"injury","2","clear",false,1,"GM0345"
"20230101771",2023,"Letsel",4,"Personenauto","Fiets","Los voorwerp","Kruispunt, 4 takken",50,"Niet brandend","Daglicht","Regen",\N,\N,"Stieltjesstraat","Rotterdam","Rotterdam","Zuid-Holland",false,51.912105,4.498796,"injury","2","rain",false,1,"GM0599"
"20230103723",2023,"Uitsluitend materiele schade",2,"Snorfiets","Fiets","Flank","Kruispunt, 4 takken",30,"Niet brandend","Daglicht","Droog",\N,\N,"Horváthweg","Rotterdam","Rotterdam","Zuid-Holland",false,51.920251,4.428763,"material damage only","4","clear",false,1,"GM0599"
"20230083659",2023,"Letsel",2,"Personenauto","Fiets","Onbekend","Kruispunt, 4 takken",50,"Niet brandend","Daglicht","Regen",\N,\N,"Parkweg","Groningen","Groningen","Groningen",false,53.206735,6.558308,"injury","2","rain",false,1,"GM0014"
"20230088323",2023,"Letsel",1,"Fiets",\N,"Eenzijdig","Rechte weg",50,"Brandend","Duisternis","Regen",\N,"224431108","Bierkade","Alkmaar","Alkmaar","Noord-Holland",false,52.629161,4.755372,"injury","2","rain",false,1,"GM0361"
"20230089492",2023,"Uitsluitend materiele schade",2,"Personenauto","Fiets","Flank","Rotonde",60,"Niet brandend","Daglicht","Regen",\N,\N,"Zwarteweg","Noordwijk","Noordwijk","Zuid-Holland",false,52.221669,4.439966,"material damage only","4","rain",false,1,"GM0575"
"20230091871",2023,"Letsel",2,"Personenauto","Fiets","Onbekend","Kruispunt, 3 takken",50,"Niet brandend","Daglicht","Droog",\N,\N,"Heerbaan","Breda","Breda","Noord-Brabant",false,51.581766,4.806405,"injury","2","clear",false,1,"GM0758"
"20230097077",2023,"Letsel",2,"Personenauto","Fiets","Flank","Kruispunt, 3 takken",50,"Niet brandend","Daglicht","Droog",\N,\N,"Purmerweg","Purmerend","Purmerend","Noord-Holland",false,52.503968,4.964254,"injury","2","clear",false,1,"GM0439"
"20230098864",2023,"Uitsluitend materiele schade",2,"Bromfiets","Fiets","Frontaal","Rechte weg",50,"Brandend","Duisternis","Regen",\N,"600695207","De Run","Veldhoven","Veldhoven","Noord-Brabant",false,51.408756,5.416514,"material damage only","4","rain",false,1,"GM0861"
"20230101833",2023,"Letsel",2,"Bromfiets","Fiets","Frontaal","Rechte weg",30,"Niet brandend","Daglicht","Regen",\N,"600679711","Colosseumweg","Rotterdam","Rotterdam","Zuid-Holland",false,51.892093,4.519698,"injury","2","rain",false,1,"GM0599"
"20230107149",2023,"Letsel",2,"Personenauto","Fiets","Geparkeerd voertuig","Rechte weg",30,"Niet brandend","Daglicht","Droog",\N,"387149004","Pastoor Vullinghsstraat","Grashoek","Peel en Maas","Limburg",false,51.360135,5.94358,"injury","2","clear",false,1,"GM1894"
"20230095375",2023,"Uitsluitend materiele schade",2,"Personenauto","Fiets","Onbekend","Kruispunt, 3 takken",80,"Brandend","Duisternis","Regen",\N,\N,"Guldemondweg","Den Helder","Den Helder","Noord-Holland",false,52.932622,4.785361,"material damage only","4","rain",false,1,"GM0400"
"20230087785",2023,"Letsel",1,"Fiets",\N,"Eenzijdig","Rotonde",30,"Brandend","Duisternis","Regen",\N,\N,"Postjesweg","Amsterdam","Amsterdam","Noord-Holland",false,52.3642,4.84431,"injury","2","rain",false,1,"GM0363"
"20230093127",2023,"Letsel",2,"Personenauto","Fiets","Frontaal","Bocht",30,"Niet brandend","Daglicht","Droog",\N,"601113078","Kerkstraat","Losser","Losser","Overijssel",false,52.263234,7.004991,"injury","2","clear",false,1,"GM0168"
"20230096000",2023,"Letsel",1,"Fiets",\N,"Eenzijdig","Rechte weg",30,"Brandend","Daglicht","Mist",\N,"266311128","Derde Oosterparklaan","Utrecht","Utrecht","Utrecht",false,52.088352,5.07126,"injury","2","fog",false,1,"GM0344"
"20230107206",2023,"Uitsluitend materiele schade",2,"Bromfiets","Fiets","Flank","Kruispunt, 4 takken",30,"Brandend","Duisternis","Regen",\N,\N,"Van Oldenbarneveltstraat","Rotterdam","Rotterdam","Zuid-Holland",false,51.919393,4.475351,"material damage only","4","rain",false,1,"GM0599"
"20230083767",2023,"Uitsluitend materiele schade",2,"Personenauto","Fiets","Geparkeerd voertuig","Rechte weg",30,"Niet brandend","Daglicht","Droog",\N,\N,"Pelsterdwarsstraat","Groningen","Groningen","Groningen",false,53.217017,6.566122,"material damage only","4","clear",false,1,"GM0014"
"20230084355",2023,"Uitsluitend materiele schade",2,"Fiets","Personenauto","Frontaal","Kruispunt, 4 takken",50,"Niet brandend","Daglicht","Droog",\N,\N,"Baarnsche dijk","Baarn","Baarn","Utrecht",false,52.216755,5.304631,"material damage only","4","clear",false,1,"GM0308"
"20230087825",2023,"Uitsluitend materiele schade",2,"Motor","Fiets","Kop/staart","Rechte weg",50,"Niet aanwezig","Daglicht","Droog",\N,"600762037","Elandsgracht","Amsterdam","Amsterdam","Noord-Holland",false,52.368535,4.87724,"material damage only","4","clear",false,1,"GM0363"
"20230097172",2023,"Uitsluitend materiele schade",3,"Personenauto","Fiets","Onbekend","Rotonde",50,"Niet brandend","Daglicht","Regen",\N,\N,"Burgemeester Röellstraat","Amsterdam","Amsterdam","Noord-Holland",false,52.376662,4.808385,"material damage only","4","rain",false,1,"GM0363"
"20230101539",2023,"Uitsluitend materiele schade",2,"Bromfiets","Fiets","Frontaal","Bocht",50,"Niet brandend","Daglicht","Droog",\N,"600552438","Groendalseweg","Bleiswijk","Lansingerland","Zuid-Holland",false,52.02476,4.50669,"material damage only","4","clear",false,1,"GM1621"
"20230102364",2023,"Letsel",1,"Fiets",\N,"Eenzijdig",\N,60,\N,"Daglicht",\N,\N,"600957903","Randweg","Noordwijk","Noordwijk","Zuid-Holland",false,52.27352,4.47132,"injury","2","unknown",false,1,"GM0575"
"20230081473",2023,"Uitsluitend materiele schade",2,"Fiets","Fiets","Frontaal","Rechte weg",50,"Brandend","Duisternis","Droog",\N,"600377984","Spoorlaan","Tilburg","Tilburg","Noord-Brabant",false,51.560008,5.09836,"material damage only","4","clear",false,1,"GM0855"
"20230091444",2023,"Uitsluitend materiele schade",2,"Personenauto","Fiets","Flank","Kruispunt, 3 takken",30,"Niet brandend","Daglicht","Droog",\N,\N,"Triangeldreef","Etten-Leur","Etten-Leur","Noord-Brabant",false,51.564176,4.627105,"material damage only","4","clear",false,1,"GM0777"
"20230096059",2023,"Uitsluitend materiele schade",2,"Personenauto","Fiets","Flank","Kruispunt, 4 takken",50,"Niet brandend","Daglicht","Droog",\N,\N,"Henri Dunantlaan","Nieuwegein","Nieuwegein","Utrecht",false,52.008714,5.093022,"material damage only","4","clear",false,1,"GM0356"
"20230098997",2023,"Uitsluitend materiele schade",3,"Personenauto","Fiets","Onbekend","Rotonde",30,"Niet brandend","Daglicht","Droog",\N,\N,"Barbarastraat","Geleen","Sittard-Geleen","Limburg",false,50.954512,5.834062,"material damage only","4","clear",false,1,"GM1883"
"20230101562",2023,"Letsel",2,"Fiets","Fiets","Frontaal","Bocht",30,"Niet brandend","Daglicht","Regen",\N,\N,"Coenecoopbocht","Gouda","Gouda","Zuid-Holland",false,52.024146,4.670222,"injury","2","rain",false,1,"GM0513"
"20230101979",2023,"Letsel",3,"Fiets","Trein/tram","Onbekend","Kruispunt, 4 takken",\N,"Niet brandend","Daglicht","Droog","Spoorwegovergang",\N,"Kikkerstraat","'s-Gravenhage","'s-Gravenhage","Zuid-Holland",false,52.07427,4.318593,"injury","2","clear",false,1,"GM0518"
"20230082675",2023,"Uitsluitend materiele schade",2,"Personenauto","Fiets","Kop/staart","Rechte weg",50,"Niet brandend","Daglicht","Droog",\N,"373254044","Groenestraat","Nijmegen","Nijmegen","Gelderland",false,51.831115,5.850132,"material damage only","4","clear",false,1,"GM0268"
"20230087320",2023,"Uitsluitend materiele schade",2,"Bestelauto","Fiets","Flank","Rotonde",50,"Niet brandend","Daglicht","Droog",\N,\N,"Verspronckweg","Haarlem","Haarlem","Noord-Holland",false,52.396792,4.627173,"material damage only","4","clear",false,1,"GM0392"
"20230093804",2023,"Letsel",2,"Personenauto","Fiets","Frontaal","Kruispunt, 4 takken",60,"Niet brandend","Daglicht","Droog",\N,\N,"Maneweg","Dalfsen","Dalfsen","Overijssel",false,52.52421,6.343881,"injury","2","clear",false,1,"GM0148"
"20230096110",2023,"Uitsluitend materiele schade",3,"Personenauto","Fiets","Onbekend","Rotonde",50,"Brandend","Duisternis","Regen",\N,\N,"Diependaalselaan","Hilversum","Hilversum","Noord-Holland",false,52.214252,5.151982,"material damage only","4","rain",false,1,"GM0402"
"20230102881",2023,"Letsel",2,"Bestelauto","Fiets","Eenzijdig","Kruispunt, 4 takken",50,"Niet brandend","Daglicht","Droog","Tunnel",\N,"Zuidelijke Dwarsweg","Waddinxveen","Waddinxveen","Zuid-Holland",false,52.021822,4.648362,"injury","2","clear",false,1,"GM0627"
"20230081521",2023,"Letsel",3,"Bromfiets","Fiets","Onbekend","Rechte weg",50,"Niet brandend","Daglicht","Droog",\N,"600606650","Abraham van Stolkweg","Rotterdam","Rotterdam","Zuid-Holland",false,51.922195,4.437832,"injury","2","clear",false,1,"GM0599"
"20230087947",2023,"Letsel",2,"Personenauto","Fiets","Onbekend","Kruispunt, 4 takken",50,"Brandend","Duisternis","Droog","Tunnel",\N,"De Ruijterkade","Amsterdam","Amsterdam","Noord-Holland",false,52.378155,4.905166,"injury","2","clear",false,1,"GM0363"
"20230089111",2023,"Uitsluitend materiele schade",1,"Fiets",\N,"Voetganger","Rechte weg",50,"Niet brandend","Daglicht","Droog",\N,"164303048","Burgemeester Elsenlaan","Rijswijk","Rijswijk","Zuid-Holland",false,52.049701,4.329811,"material damage only","4","clear",false,1,\N
"20230089112",2023,"Letsel",2,"Fiets",\N,"Eenzijdig","Kruispunt, 3 takken",50,"Niet brandend","Daglicht","Droog",\N,\N,"Galileïlaan","Dordrecht","Dordrecht","Zuid-Holland",false,51.788778,4.676023,"injury","2","clear",false,1,"GM0505"
"20230092667",2023,"Uitsluitend materiele schade",2,"Personenauto","Fiets","Flank","Kruispunt, 4 takken",30,"Niet brandend","Daglicht","Droog",\N,\N,"Sporenring","Goirle","Goirle","Noord-Brabant",false,51.529561,5.067754,"material damage only","4","clear",false,1,"GM0785"
"20230086237",2023,"Uitsluitend materiele schade",2,"Bestelauto","Fiets","Flank","Rechte weg",80,"Brandend","Duisternis","Regen",\N,"371427021","Frieseweg","Kampen","Kampen","Overijssel",false,52.607927,5.847463,"material damage only","4","rain",false,1,"GM0166"
"20230087372",2023,"Uitsluitend materiele schade",2,"Personenauto","Fiets","Flank","Rotonde",50,"Niet brandend","Daglicht","Droog",\N,\N,"Oosttangent","Heerhugowaard","Dijk en Waard","Noord-Holland",false,52.662682,4.850292,"material damage only","4","clear",false,1,"GM1980"
"20230089150",2023,"Letsel",2,"Fiets","Fiets","Frontaal","Rechte weg",30,"Niet brandend","Daglicht","Droog",\N,"600909885","Schiedamsedijk","Rotterdam","Rotterdam","Zuid-Holland",false,51.914574,4.482071,"injury","2","clear",false,1,"GM0599"
"20230089731",2023,"Letsel",3,"Fiets","Personenauto","Onbekend","Kruispunt, 4 takken",50,"Niet brandend","Daglicht","Droog",\N,"155300036","Melis Stokelaan","'s-Gravenhage","'s-Gravenhage","Zuid-Holland",false,52.038124,4.264454,"injury","2","clear",false,1,"GM0518"
"20230090317",2023,"Uitsluitend materiele schade",2,"Bestelauto","Fiets","Flank","Kruispunt, 4 takken",30,"Niet brandend","Daglicht","Droog",\N,\N,"Willemstraat","Ridderkerk","Ridderkerk","Zuid-Holland",false,51.880265,4.601792,"material damage only","4","clear",false,1,"GM0597"
"20230090953",2023,"Letsel",2,"Fiets","Fiets","Onbekend","Rechte weg",50,"Niet brandend","Daglicht","Droog",\N,"354033059","John F Kennedysingel","Maastricht","Maastricht","Limburg",false,50.840322,5.706261,"injury","2","clear",false,1,"GM0935"