"accident_id","year","severity_raw","party_count","party1_type","party2_type","accident_type","road_situation","speed_limit_kmh","road_lighting","light_condition_label","weather_raw","infra_type","road_segment_id","street_name","place_name","gemeente_name_raw","province","alcohol_indicated","latitude","longitude","severity_label","severity_code","weather_label","built_up_area","cyclists_involved","gemeente_code"
"20220198219",2022,"Letsel",2,"Personenauto","e-bike","Flank","Kruispunt, 3 takken",50,"Niet brandend","Daglicht",\N,\N,\N,"Weth E van Dronkelaarpln","Almelo","Almelo","Overijssel",false,52.350282,6.669276,"injury","2","unknown",false,1,"GM0141"
"20220142231",2022,"Letsel",3,"Personenauto","Fiets","Onbekend","Rechte weg",50,"Niet brandend","Duisternis","Droog",\N,"247360042","Burgemeester Stramanweg","Amsterdam","Amsterdam","Noord-Holland",false,52.310718,4.932422,"injury","2","clear",false,1,"GM0363"
"20220143635",2022,"Letsel",2,"Fiets","Personenauto","Onbekend","Kruispunt, 3 takken",50,"Niet brandend","Daglicht",\N,\N,\N,"Van Geenstraat","'s-Gravenhage","'s-Gravenhage","Zuid-Holland",false,52.073268,4.293102,"injury","2","unknown",false,1,"GM0518"
"20220153812",2022,"Uitsluitend materiele schade",3,"Bestelauto","Fiets","Flank","Kruispunt, 3 takken",30,"Niet brandend","Daglicht","Droog",\N,\N,"Oranjelaan","Driebergen-Rijsenburg","Utrechtse Heuvelrug","Utrecht",false,52.052777,5.288753,"material damage only","4","clear",false,1,"GM1581"
"20220161552",2022,"Uitsluitend materiele schade",2,"Personenauto","Fiets","Flank","Rechte weg",30,"Niet brandend","Daglicht","Droog",\N,"467514059","Nieuwe Huizen","Assen","Assen","Drenthe",false,52.995685,6.563586,"material damage only","4","clear",false,1,"GM0106"
"20220168690",2022,"Letsel",2,"Personenauto","Fiets","Flank","Kruispunt, 3 takken",50,"Niet brandend","Daglicht","Droog",\N,\N,"Diepenveenseweg","Deventer","Deventer","Overijssel",false,52.262728,6.156659,"injury","2","clear",false,1,"GM0150"
"20220124919",2022,"Letsel",1,"Fiets",\N,"Eenzijdig","Rechte weg",50,"Niet brandend","Daglicht","Droog",\N,"189330088","Condorhorst","Leiden","Leiden","Zuid-Holland",false,52.172917,4.502934,"injury","2","clear",false,1,"GM0546"
"20220142300",2022,"Letsel",2,"Personenauto","Fiets","Flank","Rechte weg",50,"Niet brandend","Daglicht","Droog",\N,"600639141","Machineweg","Aalsmeer","Aalsmeer","Noord-Holland",false,52.276718,4.790603,"injury","2","clear",false,1,"GM0358"
"20220163120",2022,"Uitsluitend materiele schade",3,"Snorfiets","Fiets","Kop/staart","Rechte weg",30,"Niet brandend","Daglicht","Droog",\N,"600850780","Willemsvaart","Zwolle","Zwolle","Overijssel",false,52.506446,6.079355,"material damage only","4","clear",false,1,"GM0193"
"20220135296",2022,"Letsel",1,"Fiets",\N,"Eenzijdig","Rechte weg",50,"Niet brandend","Daglicht","Droog",\N,"531354009","Willibrordlaan","Losser","Losser","Overijssel",false,52.271041,7.012999,"injury","2","clear",false,1,"GM0168"
"20220149729",2022,"Letsel",4,"Bromfiets","Fiets","Onbekend","Rechte weg",30,"Niet brandend","Daglicht","Droog",\N,"344133002","Randweg-Oost","Budel","Cranendonck","Noord-Brabant",false,51.289991,5.631138,"injury","2","clear",false,1,"GM1706"
"20220153916",2022,"Letsel",2,"Personenauto","Fiets","Flank","Kruispunt, 3 takken",50,"Niet brandend","Daglicht","Droog",\N,\N,"Oranjestraat","Woerden","Woerden","Utrecht",false,52.084204,4.882769,"injury","2","clear",false,1,"GM0632"
"20220168924",2022,"Letsel",2,"Personenauto","Fiets","Geparkeerd voertuig","Rechte weg",30,"Niet brandend","Daglicht","Droog","Parkeervoorziening","519363098","Vestingstraat","Oldenzaal","Oldenzaal","Overijssel",false,52.313746,6.925991,"injury","2","clear",false,1,"GM0173"
"20220173799",2022,"Uitsluitend materiele schade",3,"Fiets","Fiets","Kop/staart","Rechte weg",50,"Brandend","Duisternis","Droog",\N,"600113863","Zandvoortselaan","Heemstede","Heemstede","Noord-Holland",false,52.359506,4.610233,"material damage only","4","clear",false,1,"GM0397"
"20220175121",2022,"Letsel",2,"Fiets","Fiets","Onbekend","Rechte weg",50,"Niet brandend","Daglicht","Droog",\N,"600744496","Leonard Springerlaan","Haarlem","Haarlem","Noord-Holland",false,52.375049,4.659793,"injury","2","clear",false,1,"GM0392"
"20220180597",2022,"Letsel",1,"Fiets",\N,"Eenzijdig","Kruispunt, 4 takken",50,"Niet brandend","Daglicht","Droog",\N,\N,"Zegwaartseweg","Benthuizen","Alphen aan den Rijn","Zuid-Holland",false,52.074591,4.53535,"injury","2","clear",false,1,"GM0484"
"20220184277",2022,"Uitsluitend materiele schade",2,"Vrachtauto","e-bike","Flank","Rotonde",50,"Niet brandend","Daglicht","Droog",\N,\N,"Gordelweg","Rotterdam","Rotterdam","Zuid-Holland",false,51.939204,4.469993,"material damage only","4","clear",false,1,"GM0599"
"20220118651",2022,"Letsel",1,"Fiets",\N,"Eenzijdig","Rechte weg",30,"Niet aanwezig","Daglicht","Droog",\N,"373289035","van Limburg Stirumweg","Oosterbeek","Renkum","Gelderland",false,51.994667,5.851519,"injury","2","clear",false,1,"GM0274"
"20220135372",2022,"Uitsluitend materiele schade",2,"Fiets","Bromfiets","Frontaal","Kruispunt, 4 takken",30,"Niet brandend","Daglicht","Droog",\N,\N,"Lipperkerkstraat","Enschede","Enschede","Overijssel",false,52.220809,6.905962,"material damage only","4","clear",false,1,"GM0153"
"20220175189",2022,"Letsel",1,"Fiets",\N,"Eenzijdig","Rechte weg",50,"Niet brandend","Daglicht","Droog",\N,"203377079","Korte Zijlweg","Overveen","Bloemendaal","Noord-Holland",false,52.386752,4.606916,"injury","2","clear",false,1,"GM0377"
"20220188579",2022,"Uitsluitend materiele schade",2,"Personenauto","Fiets","Flank","Kruispunt, 3 takken",50,"Niet brandend","Daglicht","Droog",\N,\N,"Vimmerik","Nieuwkuijk","Heusden","Noord-Brabant",false,51.697265,5.171821,"material damage only","4","clear",false,1,"GM0797"
"20220188584",2022,"Uitsluitend materiele schade",2,"Snorfiets","Fiets","Onbekend","Rechte weg",\N,"Niet brandend","Daglicht","Droog",\N,"313169021","Zandoever","Eindhoven","Eindhoven","Noord-Brabant",false,51.449864,5.411996,"material damage only","4","clear",false,1,"GM0772"
"20220122668",2022,"Letsel",2,"Personenauto","Fiets","Flank","Kruispunt, 4 takken",50,"Niet brandend","Daglicht","Droog",\N,\N,"Bronsteeweg","Heemstede","Heemstede","Noord-Holland",false,52.357495,4.622334,"injury","2","clear",false,1,"GM0397"
"20220151121",2022,"Letsel",2,"Fiets","Fiets","Frontaal","Bocht",80,"Niet brandend","Daglicht","Droog",\N,"376112030","Bosstraat","Grathem","Leudal","Limburg",false,51.195725,5.864314,"injury","2","clear",false,1,"GM1640"
"20220164657",2022,"Letsel",1,"Fiets",\N,"Eenzijdig",\N,30,\N,"Duisternis",\N,\N,"459376092","Kruidenlaan","Nijverdal","Hellendoorn","Overijssel",false,52.376432,6.484374,"injury","2","unknown",false,1,"GM0163"
"20220173944",2022,"Letsel",3,"Bestelauto","Fiets","Onbekend","Rechte weg",30,"Niet brandend","Daglicht","Droog",\N,"600736568","Vogelenzangseweg","Vogelenzang","Bloemendaal","Noord-Holland",false,52.321059,4.577164,"injury","2","clear",false,1,"GM0377"
"20220175317",2022,"Letsel",2,"e-bike","Personenauto","Flank","Kruispunt, 3 takken",60,"Niet brandend","Daglicht","Droog",\N,\N,"Vaartdijk","Assendelft","Zaanstad","Noord-Holland",false,52.464673,4.764486,"injury","2","clear",false,1,"GM0479"
"20220183529",2022,"Letsel",2,"Bromfiets","Fiets","Kop/staart","Rechte weg",30,"Niet brandend","Daglicht","Droog",\N,"600585258","FIETSPAD","Rotterdam","Rotterdam","Zuid-Holland",false,51.923396,4.454993,"injury","2","clear",false,1,"GM0599"
"20220145205",2022,"Letsel",3,"Personenauto","Fiets","Onbekend","Rechte weg",30,"Niet brandend","Daglicht","Droog",\N,"600723618","Zeewinde","Katwijk","Katwijk","Zuid-Holland",false,52.18934,4.413156,"injury","2","clear",false,1,"GM0537"
"20220146107",2022,"Uitsluitend materiele schade",2,"Personenauto","Fiets","Flank","Rotonde",50,"Niet brandend","Daglicht","Droog",\N,\N,"Amnesty Internationalln","Hellevoetsluis","Voorne aan Zee","Zuid-Holland",false,51.834248,4.131644,"material damage only","4","clear",false,1,"GM1992"
"20220146110",2022,"Uitsluitend materiele schade",2,"Trekker","Fiets","Flank","Rechte weg",50,"Niet brandend","Daglicht","Droog",\N,\N,"Mollenburgseweg","Gorinchem","Gorinchem","Zuid-Holland",false,51.838059,4.963527,"material damage only","4","clear",false,1,"GM0512"
"20220147081",2022,"Uitsluitend materiele schade",2,"Fiets","Scootmobiel","Onbekend",\N,30,\N,"Daglicht",\N,\N,"236212007","De Braak","Oosterhout","Oosterhout","Noord-Brabant",false,51.643153,4.858108,"material damage only","4","unknown",false,1,"GM0826"
"20220154073",2022,"Uitsluitend materiele schade",2,"Personenauto","Fiets","Flank","Kruispunt, 4 takken",50,"Niet brandend","Daglicht","Droog",\N,\N,"Staringlaan","Hilversum","Hilversum","Noord-Holland",false,52.217713,5.157735,"material damage only","4","clear",false,1,"GM0402"
"20220159277",2022,"Uitsluitend materiele schade",2,"Personenauto","Fiets","Flank","Rotonde",50,"Niet brandend","Daglicht","Droog",\N,\N,"Terwellegang","Goes","Goes","Zeeland",false,51.496497,3.889157,"material damage only","4","clear",false,1,"GM0664"
"20220191673",2022,"Letsel",2,"Personenauto","Fiets","Flank","Kruispunt, 4 takken",30,"Niet brandend","Daglicht","Droog",\N,\N,"Gysbert Japicxlaan","Bolsward","Súdwest-Fryslân","Friesland",false,53.063354,5.520147,"injury","2","clear",false,1,"GM1900"
"20220191679",2022,"Letsel",2,"Personenauto","Fiets","Geparkeerd voertuig","Bocht",30,"Niet brandend","Daglicht","Droog",\N,"491442001","Jeanne de Witstraat","Coevorden","Coevorden","Drenthe",false,52.670544,6.730871,"injury","2","clear",false,1,"GM0109"
"20220117292",2022,"Letsel",2,"Fiets","Motor","Kop/staart","Bocht",50,"Niet brandend","Daglicht","Droog",\N,"477420016","Witte de Withstraat","Hardenberg","Hardenberg","Overijssel",false,52.573916,6.622735,"injury","2","clear",false,1,"GM0160"
"20220123996",2022,"Uitsluitend materiele schade",2,"Personenauto","Fiets","Flank","Bocht",30,"Brandend","Duisternis","Droog",\N,\N,"Muntplein","Amsterdam","Amsterdam","Noord-Holland",false,52.367452,4.893602,"material damage only","4","clear",false,1,"GM0363"
"20220131623",2022,"Uitsluitend materiele schade",2,"Bestelauto","Fiets","Onbekend","Kruispunt, 3 takken",50,"Niet brandend","Daglicht","Droog",\N,\N,"Brabantlaan","Son en Breugel","Son en Breugel","Noord-Brabant",false,51.523546,5.482746,"material damage only","4","clear",false,1,"GM0848"
"20220156819",2022,"Letsel",2,"Bromfiets","e-bike","Flank","Rechte weg",50,"Niet aanwezig","Daglicht","Droog",\N,"600730378","Haarlemmerweg","Leiden","Leiden","Zuid-Holland",false,52.174267,4.48997,"injury","2","clear",false,1,"GM0546"
"20220187752",2022,"Uitsluitend materiele schade",2,"Bromfiets","Fiets","Frontaal","Rechte weg",30,"Niet brandend","Daglicht","Droog",\N,"334163058","Heuvel","Geldrop","Geldrop-Mierlo","Noord-Brabant",false,51.422729,5.560238,"material damage only","4","clear",false,1,"GM1771"
"20220192136",2022,"Letsel",2,"Personenauto","e-bike","Flank","Kruispunt, 4 takken",30,"Niet brandend","Daglicht","Regen",\N,\N,"Herenwal","Heerenveen","Heerenveen","Friesland",false,52.959633,5.921074,"injury","2","rain",false,1,"GM0074"
"20220131632",2022,"Uitsluitend materiele schade",2,"Fiets","Fiets","Frontaal","Rechte weg",60,"Brandend","Duisternis","Droog",\N,"600787099","Molenweg","Hoogeloon","Bladel","Noord-Brabant",false,51.390392,5.276141,"material damage only","4","clear",false,1,"GM1728"
"20220136583",2022,"Letsel",1,"Fiets",\N,"Eenzijdig","Kruispunt, 3 takken",60,"Niet brandend","Daglicht","Regen",\N,\N,"Nieuwe Wetering","Zwolle","Zwolle","Overijssel",false,52.557977,6.070525,"injury","2","rain",false,1,"GM0193"
"20220136611",2022,"Letsel",2,"Personenauto","Fiets","Flank","Kruispunt, 3 takken",30,"Niet brandend","Daglicht","Droog",\N,\N,"Van Grotenhuysstraat","Doesburg","Doesburg","Gelderland",false,52.017801,6.140847,"injury","2","clear",false,1,"GM0221"
"20220141461",2022,"Uitsluitend materiele schade",3,"Fiets","Fiets","Onbekend","Rechte weg",15,"Brandend","Schemer","Droog",\N,"251363107","Develstein","Amsterdam","Amsterdam","Noord-Holland",false,52.322658,4.956384,"material damage only","4","clear",false,1,"GM0363"
"20220154292",2022,"Uitsluitend materiele schade",2,"Personenauto","Fiets","Flank","Kruispunt, 4 takken",30,"Niet brandend","Daglicht","Droog",\N,\N,"Kanaalschans","Purmerend","Purmerend","Noord-Holland",false,52.510653,4.943857,"material damage only","4","clear",false,1,"GM0439"
"20220175435",2022,"Letsel",2,"Fiets","Fiets","Los voorwerp","Rechte weg",\N,"Niet aanwezig","Duisternis","Droog",\N,"219439018","Kogendijk","Bergen (NH)","Bergen (NH)","Noord-Holland",false,52.664322,4.715803,"injury","2","clear",false,1,\N
"20220191515",2022,"Uitsluitend materiele schade",2,"Personenauto","Fiets","Flank","Kruispunt, 4 takken",30,"Niet brandend","Daglicht","Droog",\N,\N,"Stationsweg","Leeuwarden","Leeuwarden","Friesland",false,53.196842,5.793413,"material damage only","4","clear",false,1,"GM0080"
"20220115662",2022,"Letsel",3,"Personenauto","Fiets","Onbekend","Kruispunt, 4 takken",60,"Niet aanwezig","Daglicht","Droog",\N,\N,"Elleboogsvaart","Haulerwijk","Ooststellingwerf","Friesland",false,53.047738,6.356569,"injury","2","clear",false,1,"GM0085"
"20220174257",2022,"Letsel",2,"Bromfiets","e-bike","Frontaal","Rechte weg",50,"Niet brandend","Daglicht","Droog",\N,"600770722","Hoornseweg","Wognum","Medemblik","Noord-Holland",false,52.676234,5.031632,"injury","2","clear",false,1,"GM0420"
"20220193889",2022,"Uitsluitend materiele schade",2,"Personenauto","Fiets","Flank","Kruispunt, 4 takken",50,"Niet brandend","Daglicht","Droog",\N,\N,"Oostersluisweg","Groningen","Groningen","Groningen",false,53.226323,6.594606,"material damage only","4","clear",false,1,"GM0014"
"20220125516",2022,"Letsel",1,"Fiets",\N,"Eenzijdig","Rechte weg",\N,"Niet brandend","Daglicht","Droog",\N,"600957377","Snieppad","Waddinxveen","Waddinxveen","Zuid-Holland",false,52.039754,4.650144,"injury","2","clear",false,1,"GM0627"
"20220126522",2022,"Uitsluitend materiele schade",2,"Bromfiets","Fiets","Flank","Rechte weg",50,"Niet brandend","Daglicht","Droog",\N,"187327110","Breestraat","Leiden","Leiden","Zuid-Holland",false,52.157725,4.490921,"material damage only","4","clear",false,1,"GM0546"
"20220128838",2022,"Letsel",3,"Snorfiets","Fiets","Flank","Kruispunt, 4 takken",\N,"Niet brandend","Daglicht","Droog",\N,\N,"Riedermorgen","Barendrecht","Barendrecht","Zuid-Holland",false,51.855344,4.493671,"injury","2","clear",false,1,"GM0489"
"20220136706",2022,"Uitsluitend materiele schade",2,"Personenauto","Fiets","Onbekend","Kruispunt, 3 takken",30,"Niet brandend","Daglicht","Droog",\N,\N,"Hollewand","Hattem","Hattem","Gelderland",false,52.476774,6.063713,"material damage only","4","clear",false,1,"GM0244"
"20220137636",2022,"Letsel",2,"Personenauto","Fiets","Flank","Rotonde",50,"Niet brandend","Daglicht","Droog",\N,\N,"Mercuriusstraat","Doetinchem","Doetinchem","Gelderland",false,51.965728,6.269516,"injury","2","clear",false,1,"GM0222"
"20220141713",2022,"Letsel",2,"Bestelauto","Fiets","Flank","Rechte weg",50,"Niet brandend","Daglicht","Droog",\N,"600992229","Osdorpplein","Amsterdam","Amsterdam","Noord-Holland",false,52.359357,4.803101,"injury","2","clear",false,1,"GM0363"
"20220193616",2022,"Letsel",2,"Personenauto","Fiets","Frontaal","Kruispunt, 4 takken",50,"Niet brandend","Daglicht","Droog",\N,\N,"J. Kuntzelstraat","Klazienaveen","Emmen","Drenthe",false,52.724241,7.008388,"injury","2","clear",false,1,"GM0114"
"20220196373",2022,"Letsel",3,"Personenauto","Fiets","Geparkeerd voertuig","Rechte weg",30,"Niet brandend","Daglicht","Droog","Parkeervoorziening",\N,"Stroinksbleekweg","Enschede","Enschede","Overijssel",false,52.232364,6.89437,"injury","2","clear",false,1,"GM0153"
"20220119023",2022,"Letsel",2,"Personenauto","Fiets","Flank","Rechte weg",30,"Niet brandend","Daglicht","Droog",\N,"506351091","P.C. Hooftlaan","Hengelo","Hengelo (O)","Overijssel",false,52.261408,6.825938,"injury","2","clear",false,1,\N
"20220130521",2022,"Uitsluitend materiele schade",1,"e-bike",\N,"Eenzijdig","Rechte weg",\N,"Niet brandend","Daglicht","Droog",\N,"600727484","A-B pad","Roosendaal","Roosendaal","Noord-Brabant",false,51.525903,4.484636,"material damage only","4","clear",false,1,"GM1674"
"20220152630",2022,"Letsel",2,"Personenauto","Fiets","Onbekend","Kruispunt, 3 takken",30,"Niet brandend","Daglicht","Droog",\N,\N,"Brugstraat","Tiel","Tiel","Gelderland",false,51.88397,5.430597,"injury","2","clear",false,1,"GM0281"
"20220153460",2022,"Letsel",2,"Bromfiets","e-bike","Frontaal","Rechte weg",30,"Niet brandend","Daglicht","Droog",\N,"600921518","Enschedesestraat","Hengelo","Hengelo (O)","Overijssel",false,52.258369,6.807914,"injury","2","clear",false,1,\N
"20220174395",2022,"Letsel",1,"e-bike",\N,"Eenzijdig",\N,50,\N,"Daglicht",\N,\N,"600624206","Noorder IJ- en Zeedijk","Zaandam","Zaanstad","Noord-Holland",false,52.428209,4.855764,"injury","2","unknown",false,1,"GM0479"
"20220174475",2022,"Letsel",3,"Personenauto","Fiets","Onbekend","Rechte weg",50,"Niet brandend","Daglicht","Droog",\N,"600753042","Middenweg","Den Helder","Den Helder","Noord-Holland",false,52.957138,4.759495,"injury","2","clear",false,1,"GM0400"
"20220193822",2022,"Letsel",2,"Personenauto","Fiets","Flank","Kruispunt, 4 takken",30,"Niet brandend","Daglicht","Droog",\N,\N,"Prins Bernhardsingel","Meppel","Meppel","Drenthe",false,52.691183,6.18665,"injury","2","clear",false,1,"GM0119"
"20220123030",2022,"Letsel",3,"Personenauto","e-bike","Onbekend","Rechte weg",50,"Niet brandend","Daglicht","Droog",\N,"219415003","Startingerweg","Akersloot","Castricum","Noord-Holland",false,52.554882,4.723929,"injury","2","clear",false,1,"GM0383"
"20220143197",2022,"Uitsluitend materiele schade",2,"Personenauto","Fiets","Onbekend","Rechte weg",50,"Niet brandend","Daglicht","Droog",\N,"160306062","De Heemstraat","'s-Gravenhage","'s-Gravenhage","Zuid-Holland",false,52.063668,4.300792,"material damage only","4","clear",false,1,"GM0518"
"20220144512",2022,"Uitsluitend materiele schade",2,"Personenauto","Fiets","Flank","Rotonde",50,"Niet brandend","Daglicht","Droog",\N,\N,"Adriaan Pauwstraat","Wassenaar","Wassenaar","Zuid-Holland",false,52.14344,4.399871,"material damage only","4","clear",false,1,"GM0629"
"20220150473",2022,"Letsel",2,"Fiets","Bestelauto","Onbekend","Kruispunt, 3 takken",80,"Niet brandend","Daglicht","Droog",\N,\N,"Vossenberg","Mariahout","Laarbeek","Noord-Brabant",false,51.548835,5.546576,"injury","2","clear",false,1,"GM1659"
"20220152687",2022,"Letsel",1,"Fiets",\N,"Eenzijdig","Rechte weg",30,"Niet brandend","Daglicht","Droog",\N,"348288028","Mansholtlaan","Wageningen","Wageningen","Gelderland",false,51.985967,5.671241,"injury","2","clear",false,1,"GM0289"
"20240086716",2024,"Uitsluitend materiele schade",3,"Motor","Fiets","Flank","Kruispunt, 3 takken",50,"Niet brandend","Daglicht","Droog",\N,\N,"Weth D M Plompstraat","Utrecht","Utrecht","Utrecht",false,52.112244,5.080038,"material damage only","4","clear",false,1,"GM0344"
"20240089350",2024,"Letsel",1,"Fiets",\N,"Onbekend","Rechte weg",\N,"Niet brandend","Daglicht","Droog",\N,"209442001","Blijdensteinsweg","Schoorl","Bergen (NH)","Noord-Holland",false,52.679588,4.642647,"injury","2","clear",false,1,\N
"20240090625",2024,"Uitsluitend materiele schade",2,"Personenauto","Fiets","Onbekend","Rechte weg",30,"Brandend","Duisternis","Droog",\N,"600360776","Kruisplein","Rotterdam","Rotterdam","Zuid-Holland",false,51.921185,4.471545,"material damage only","4","clear",false,1,"GM0599"
"20240096094",2024,"Uitsluitend materiele schade",2,"Personenauto","Fiets","Flank","Kruispunt, 3 takken",30,"Niet brandend","Daglicht","Droog",\N,\N,"2e Hogeweg","Zeist","Zeist","Utrecht",false,52.083659,5.244523,"material damage only","4","clear",false,1,"GM0355"
"20240044412",2024,"Uitsluitend materiele schade",2,"Personenauto","Fiets","Frontaal","Kruispunt, 3 takken",30,"Niet brandend","Daglicht","Droog",\N,\N,"Cornelis Oomestraat","Raamsdonk","Geertruidenberg","Noord-Brabant",false,51.686517,4.909087,"material damage only","4","clear",false,1,"GM0779"
"20240044413",2024,"Uitsluitend materiele schade",2,"Bromfiets","Fiets","Flank","Rechte weg",50,"Niet brandend","Daglicht","Regen",\N,"600503445","FIETSPAD","Maastricht","Maastricht","Limburg",false,50.84147,5.701593,"material damage only","4","rain",false,1,"GM0935"
"20240045305",2024,"Uitsluitend materiele schade",2,"Personenauto","Fiets","Flank","Rotonde",50,"Niet brandend","Daglicht","Droog",\N,\N,"FIETSPAD","Roermond","Roermond","Limburg",false,51.184385,6.000758,"material damage only","4","clear",false,1,"GM0957"
"20240045968",2024,"Letsel",2,"Personenauto","Fiets","Kop/staart","Rechte weg",30,"Niet brandend","Daglicht","Droog",\N,"600885442","Blekerstraat","Enschede","Enschede","Overijssel",false,52.215758,6.887901,"injury","2","clear",false,1,"GM0153"
"20240079671",2024,"Letsel",1,"Fiets",\N,"Eenzijdig","Rechte weg",\N,"Brandend","Duisternis","Droog",\N,"240372081","Stadhouderskade","Amsterdam","Amsterdam","Noord-Holland",false,52.362108,4.880986,"injury","2","clear",false,1,"GM0363"
"20240092203",2024,"Letsel",2,"Snorfiets","Fiets","Flank","Rotonde",50,"Niet brandend","Daglicht","Droog",\N,\N,"Populierlaan","Veghel","Meierijstad","Noord-Brabant",false,51.61819,5.551874,"injury","2","clear",false,1,"GM1948"
"20240093424",2024,"Uitsluitend materiele schade",2,"Personenauto","Fiets","Flank","Rechte weg",50,"Brandend","Duisternis","Droog",\N,\N,"METEREN 30A","Meteren","West Betuwe","Gelderland",false,51.857543,5.280042,"material damage only","4","clear",false,1,"GM1960"
"20240094148",2024,"Letsel",2,"Personenauto","Fiets","Flank","Kruispunt, 4 takken",30,"Niet brandend","Daglicht","Droog",\N,\N,"Hooiweg","Eelde","Tynaarlo","Drenthe",false,53.135942,6.562575,"injury","2","clear",false,1,"GM1730"
"20240096725",2024,"Letsel",2,"Bestelauto","Fiets","Onbekend","Kruispunt, 4 takken",60,"Niet aanwezig","Daglicht","Regen",\N,\N,"Zuidereind","Baarn","Baarn","Utrecht",false,52.218649,5.309951,"injury","2","rain",false,1,"GM0308"
"20240073893",2024,"Letsel",2,"Fiets","Personenauto","Flank","Kruispunt, 3 takken",50,"Niet brandend","Daglicht","Droog",\N,\N,"Burg Frans Cortenraadstr","Gronsveld","Eijsden-Margraten","Limburg",false,50.812485,5.720718,"injury","2","clear",false,1,"GM1903"
"20240084253",2024,"Letsel",2,"Fiets","Fiets","Flank","Rechte weg",50,"Niet aanwezig","Daglicht","Droog","Tunnel","600528859","FIETSPAD","Leeuwarden","Leeuwarden","Friesland",false,53.183054,5.819551,"injury","2","clear",false,1,"GM0080"
"20240084828",2024,"Letsel",2,"Bromfiets","Fiets","Los voorwerp","Rechte weg",50,"Niet brandend","Daglicht","Droog",\N,"322340057","Frieswijkstraat","Nijkerk","Nijkerk","Gelderland",false,52.218414,5.481141,"injury","2","clear",false,1,"GM0267"
"20240094193",2024,"Letsel",2,"Fiets","Fiets","Onbekend","Rechte weg",30,"Niet brandend","Daglicht","Droog",\N,"434283092","Emmastraat","Doetinchem","Doetinchem","Gelderland",false,51.959757,6.29737,"injury","2","clear",false,1,"GM0222"
"20240097521",2024,"Letsel",2,"Fiets","Personenauto","Geparkeerd voertuig","Rechte weg",50,"Niet brandend","Daglicht","Droog",\N,"222310011","Wilhelminastraat","Bodegraven","Bodegraven-Reeuwijk","Zuid-Holland",false,52.083656,4.749787,"injury","2","clear",false,1,"GM1901"
"20240097992",2024,"Letsel",1,"Fiets",\N,"Onbekend","Rechte weg",30,"Niet aanwezig","Daglicht","Regen",\N,"185329092","Bargelaan","Leiden","Leiden","Zuid-Holland",false,52.165652,4.479913,"injury","2","rain",false,1,"GM0546"
"20240086179",2024,"Letsel",2,"Fiets","Bus","Voetganger","Kruispunt, 4 takken",30,"Niet brandend","Daglicht","Droog",\N,\N,"Voorstraat","Utrecht","Utrecht","Utrecht",false,52.093593,5.118758,"injury","2","clear",false,1,"GM0344"
"20240093501",2024,"Letsel",2,"Fiets","Fiets","Flank","Kruispunt, 4 takken",30,"Niet brandend","Daglicht","Droog",\N,"600992177","Stationsstraat","Raalte","Raalte","Overijssel",false,52.390417,6.279162,"injury","2","clear",false,1,"GM0177"
"20240098552",2024,"Uitsluitend materiele schade",2,"Personenauto","Fiets","Flank","Kruispunt, 4 takken",60,"Niet brandend","Daglicht","Droog","Brug/viaduct",\N,"KERKEBRUG","Middenbeemster","Purmerend","Noord-Holland",false,52.571169,4.991719,"material damage only","4","clear",false,1,"GM0439"
"20240075676",2024,"Uitsluitend materiele schade",2,"Personenauto","Fiets","Flank","Kruispunt, 4 takken",70,"Niet brandend","Daglicht","Droog",\N,\N,"Berkenhovestraat","Aalten","Aalten","Gelderland",false,51.932304,6.577273,"material damage only","4","clear",false,1,"GM0197"
"20240079794",2024,"Uitsluitend materiele schade",2,"Fiets","Personenauto","Flank","Rotonde",30,"Niet brandend","Daglicht","Droog",\N,\N,"Johan Huizingalaan","Amsterdam","Amsterdam","Noord-Holland",false,52.362693,4.827164,"material damage only","4","clear",false,1,"GM0363"
"20240084341",2024,"Letsel",2,"Fiets","Los voorwerp","Los voorwerp","Rechte weg",60,"Niet brandend","Daglicht","Droog",\N,\N,"Oostindie","Zevenhuizen","Westerkwartier","Groningen",false,53.128478,6.368262,"injury","2","clear",false,1,"GM1969"
"20240089496",2024,"Uitsluitend materiele schade",2,"Fiets","Fiets","Onbekend","Rechte weg",\N,"Niet brandend","Daglicht","Droog",\N,"224432202","Nieuwe Schermerweg","Alkmaar","Alkmaar","Noord-Holland",false,52.630708,4.759073,"material damage only","4","clear",false,1,"GM0361"
"20240095196",2024,"Letsel",2,"Bromfiets","Fiets","Frontaal","Rechte weg",30,"Niet brandend","Daglicht","Droog",\N,\N,"Hoendiep","Groningen","Groningen","Groningen",false,53.214247,6.546344,"injury","2","clear",false,1,"GM0014"
"20240050384",2024,"Letsel",1,"Fiets",\N,"Onbekend","Bocht",50,"Niet brandend","Daglicht","Droog","Brug/viaduct","600241644","Koepeltjespad","Zoetermeer","Zoetermeer","Zuid-Holland",false,52.050015,4.456948,"injury","2","clear",false,1,"GM0637"
"20240078018",2024,"Letsel",2,"Personenauto","Fiets","Frontaal","Rechte weg",50,"Niet brandend","Daglicht","Regen",\N,"600518388","Achthoevenweg","Staphorst","Staphorst","Overijssel",false,52.63641,6.209463,"injury","2","rain",false,1,"GM0180"