"accident_id","year","severity_raw","party_count","party1_type","party2_type","accident_type","road_situation","speed_limit_kmh","road_lighting","light_condition_label","weather_raw","infra_type","road_segment_id","street_name","place_name","gemeente_name_raw","province","alcohol_indicated","latitude","longitude","severity_label","severity_code","weather_label","built_up_area","cyclists_involved","gemeente_code"
"20240079245",2024,"Letsel",2,"Fiets","Fiets","Flank","Rechte weg",15,"Niet brandend","Daglicht","Regen",\N,"190307069","Koeienweide","Zoetermeer","Zoetermeer","Zuid-Holland",false,52.071325,4.51363,"injury","2","rain",false,1,"GM0637"
"20240098118",2024,"Uitsluitend materiele schade",2,"Personenauto","Fiets","Flank","Kruispunt, 4 takken",50,"Brandend","Daglicht","Regen",\N,\N,"Stationsplein","Leiden","Leiden","Zuid-Holland",false,52.165537,4.482967,"material damage only","4","rain",false,1,"GM0546"
"20240098334",2024,"Uitsluitend materiele schade",2,"Fiets","Bestelauto","Flank","Kruispunt, 3 takken",30,"Niet brandend","Daglicht","Droog",\N,\N,"Leeuwendalersweg","Amsterdam","Amsterdam","Noord-Holland",false,52.380281,4.851122,"material damage only","4","clear",false,1,"GM0363"
"20240043316",2024,"Uitsluitend materiele schade",2,"Fiets","Personenauto","Flank","Kruispunt, 4 takken",50,"Brandend","Duisternis","Regen",\N,\N,"Generaal Spoorlaan","Rijswijk","Rijswijk","Zuid-Holland",false,52.04727,4.329589,"material damage only","4","rain",false,1,\N
"20240048528",2024,"Uitsluitend materiele schade",2,"Bromfiets","Fiets","Frontaal","Rechte weg",\N,"Brandend","Duisternis","Droog",\N,"329315001","Scherpenzeelseweg","Barneveld","Barneveld","Gelderland",false,52.110465,5.530625,"material damage only","4","clear",false,1,"GM0203"
"20240071569",2024,"Letsel",2,"Fiets","Overig vast object","Onbekend","Rotonde",50,"Niet brandend","Daglicht","Droog",\N,\N,"Kruisbroekweg","Naaldwijk","Westland","Zuid-Holland",false,51.988662,4.20632,"injury","2","clear",false,1,"GM1783"
"20240071586",2024,"Letsel",3,"Fiets","Fiets","Flank","Kruispunt, 3 takken",50,"Niet brandend","Daglicht","Droog",\N,\N,"Zegwaartseweg","Zoetermeer","Zoetermeer","Zuid-Holland",false,52.050843,4.507819,"injury","2","clear",false,1,"GM0637"
"20240083759",2024,"Letsel",2,"Bromfiets","Fiets","Flank","Rechte weg",\N,"Niet brandend","Daglicht","Droog",\N,"294232042","Treurenburg","'s-Hertogenbosch","'s-Hertogenbosch","Noord-Brabant",false,51.733799,5.273829,"injury","2","clear",false,1,"GM0796"
"20240089575",2024,"Uitsluitend materiele schade",2,"Personenauto","Fiets","Flank","Rechte weg",50,"Niet brandend","Daglicht","Droog",\N,"600748254","Bennebroekerweg","Rijsenhout","Haarlemmermeer","Noord-Holland",false,52.265096,4.700609,"material damage only","4","clear",false,1,"GM0394"
"20240091509",2024,"Uitsluitend materiele schade",1,"Fiets",\N,"Onbekend","Rechte weg",30,"Niet brandend","Daglicht","Droog",\N,"600923072","Damseweg","Molenaarsgraaf","Molenlanden","Zuid-Holland",false,51.87513,4.852151,"material damage only","4","clear",false,1,"GM1978"
"20240093286",2024,"Uitsluitend materiele schade",2,"Personenauto","Fiets","Flank","Bocht",50,"Niet brandend","Daglicht","Droog",\N,"601192680","Pythagorasstraat","Apeldoorn","Apeldoorn","Gelderland",false,52.228292,5.987105,"material damage only","4","clear",false,1,"GM0200"
"20240095247",2024,"Letsel",2,"Fiets","e-bike","Flank","Kruispunt, 4 takken",30,"Niet brandend","Daglicht","Regen",\N,\N,"Bloemersmaborg","Groningen","Groningen","Groningen",false,53.19684,6.593587,"injury","2","rain",false,1,"GM0014"
"20240043357",2024,"Letsel",2,"Personenauto","Fiets","Flank","Kruispunt, 4 takken",50,"Brandend","Duisternis","Droog",\N,\N,"Westlandseweg","Delft","Delft","Zuid-Holland",false,52.00236,4.353371,"injury","2","clear",false,1,"GM0503"
"20240046832",2024,"Dodelijk",2,"Fiets","Fiets","Flank","Kruispunt, 4 takken",60,"Niet brandend","Daglicht","Droog",\N,\N,"Arnhemse Karweg","Putten","Putten","Gelderland",false,52.242907,5.646935,"fatal","1","clear",false,1,"GM0273"
"20240091567",2024,"Uitsluitend materiele schade",2,"Personenauto","Fiets","Flank","Rechte weg",30,"Niet brandend","Daglicht","Droog",\N,"600491308","Rozenlaan","Rotterdam","Rotterdam","Zuid-Holland",false,51.943662,4.472404,"material damage only","4","clear",false,1,"GM0599"
"20240093625",2024,"Letsel",2,"Bromfiets","Fiets","Onbekend","Rechte weg",30,\N,"Daglicht","Droog",\N,"419445006","Ezingerweg","Meppel","Meppel","Drenthe",false,52.692416,6.199077,"injury","2","clear",false,1,"GM0119"
"20240101964",2024,"Uitsluitend materiele schade",2,"Fiets","Personenauto","Flank","Rechte weg",50,"Niet brandend","Daglicht","Droog",\N,"600827180","Sint Jozefstraat","Deurne","Deurne","Noord-Brabant",false,51.447735,5.788815,"material damage only","4","clear",false,1,"GM0762"
"20240043401",2024,"Letsel",1,"Fiets",\N,"Onbekend","Rechte weg",50,"Niet brandend","Daglicht","Regen",\N,"600188497","Spui","'s-Gravenhage","'s-Gravenhage","Zuid-Holland",false,52.078052,4.314447,"injury","2","rain",false,1,"GM0518"
"20240085085",2024,"Uitsluitend materiele schade",2,"Personenauto","Fiets","Onbekend","Rechte weg",30,"Niet brandend","Daglicht","Droog",\N,"387342030","Koninginnelaan","Apeldoorn","Apeldoorn","Gelderland",false,52.22671,5.957286,"material damage only","4","clear",false,1,"GM0200"
"20240095842",2024,"Uitsluitend materiele schade",3,"Personenauto","Fiets","Flank","Kruispunt, 4 takken",30,"Niet brandend","Daglicht",\N,\N,\N,"Leliestraat","Hoorn","Hoorn","Noord-Holland",false,52.642967,5.057255,"material damage only","4","unknown",false,1,"GM0405"
"20240049271",2024,"Uitsluitend materiele schade",2,"Personenauto","Fiets","Flank","Rechte weg",30,"Niet brandend","Daglicht","Droog",\N,"281331016","Vuursche Dreef","Hollandsche Rading","De Bilt","Utrecht",false,52.178136,5.179658,"material damage only","4","clear",false,1,"GM0310"
"20240049920",2024,"Uitsluitend materiele schade",2,"Fiets","Fiets","Flank","Rechte weg",30,"Niet brandend","Daglicht","Droog",\N,"187327110","Breestraat","Leiden","Leiden","Zuid-Holland",false,52.157725,4.490921,"material damage only","4","clear",false,1,"GM0546"
"20240086404",2024,"Letsel",2,"Personenauto","Fiets","Flank","Kruispunt, 4 takken",60,"Niet aanwezig","Daglicht","Droog",\N,\N,"Noordermaatweg","Heemskerk","Heemskerk","Noord-Holland",false,52.529062,4.652162,"injury","2","clear",false,1,"GM0396"
"20240087109",2024,"Letsel",2,"Fiets","Bestelauto","Flank","Rechte weg",60,"Niet brandend","Daglicht","Droog",\N,"600605368","Asschatterweg","Leusden","Leusden","Utrecht",false,52.124992,5.473034,"injury","2","clear",false,1,"GM0327"
"20240099192",2024,"Letsel",2,"Bus","Fiets","Geparkeerd voertuig","Rechte weg",30,"Niet brandend","Daglicht","Regen","Bus-/Tramhalte","207381041","Junoplantsoen","Haarlem","Haarlem","Noord-Holland",false,52.403054,4.638094,"injury","2","rain",false,1,"GM0392"
"20240099334",2024,"Letsel",2,"Snorfiets","Fiets","Onbekend","Rotonde",50,"Niet brandend","Daglicht","Droog",\N,\N,"Vondelweg","Rotterdam","Rotterdam","Zuid-Holland",false,51.926196,4.489092,"injury","2","clear",false,1,"GM0599"
"20240099701",2024,"Letsel",2,"Motor","Fiets","Onbekend","Kruispunt, 4 takken",60,"Niet brandend","Daglicht","Droog",\N,\N,"Harreweg","Schiedam","Schiedam","Zuid-Holland",false,51.95235,4.369936,"injury","2","clear",false,1,"GM0606"
"20240049283",2024,"Letsel",2,"Personenauto","Fiets","Frontaal","Kruispunt, 3 takken",50,"Niet aanwezig","Daglicht","Droog",\N,\N,"Loenerdrift","Loenen","Apeldoorn","Gelderland",false,52.114322,6.020452,"injury","2","clear",false,1,"GM0200"
"20240049967",2024,"Uitsluitend materiele schade",2,"Personenauto","Fiets","Flank","Kruispunt, 3 takken",30,"Niet brandend","Daglicht","Droog",\N,\N,"Henry Dunantweg","Alphen aan den Rijn","Alphen aan den Rijn","Zuid-Holland",false,52.144542,4.661767,"material damage only","4","clear",false,1,"GM0484"
"20240074877",2024,"Uitsluitend materiele schade",2,"Fiets","Fiets","Flank","Kruispunt, 3 takken",30,"Niet brandend","Daglicht","Regen",\N,\N,"Vossenkamp","Winschoten","Oldambt","Groningen",false,53.157106,7.026391,"material damage only","4","rain",false,1,"GM1895"
"20240078202",2024,"Letsel",2,"Fiets","Personenauto","Frontaal","Kruispunt, 4 takken",50,"Niet brandend","Daglicht","Droog",\N,"501351009","Nieuwstraat","Hengelo","Hengelo (O)","Overijssel",false,52.262667,6.793226,"injury","2","clear",false,1,\N
"20240079376",2024,"Uitsluitend materiele schade",2,"Personenauto","Fiets","Flank","Kruispunt, 4 takken",50,"Niet brandend","Daglicht","Droog",\N,\N,"Notweg","Amsterdam","Amsterdam","Noord-Holland",false,52.362475,4.801831,"material damage only","4","clear",false,1,"GM0363"
"20240089090",2024,"Uitsluitend materiele schade",1,"Fiets",\N,"Frontaal","Rechte weg",30,"Niet aanwezig","Daglicht","Droog",\N,"250361035","Bijlmerplein","Amsterdam","Amsterdam","Noord-Holland",false,52.314448,4.955066,"material damage only","4","clear",false,1,"GM0363"
"20240048730",2024,"Uitsluitend materiele schade",2,"Bromfiets","Fiets","Onbekend","Rechte weg",50,"Brandend","Schemer","Droog","Spoorwegovergang","377283017","Batavierenweg","Arnhem","Arnhem","Gelderland",false,51.9667,5.880026,"material damage only","4","clear",false,1,"GM0202"
"20240070469",2024,"Letsel",2,"Motor","Fiets","Flank","Kruispunt, 3 takken",80,"Niet brandend","Daglicht","Droog",\N,\N,"Zoutelandseweg","Biggekerke","Veere","Zeeland",false,51.50402,3.505073,"injury","2","clear",false,1,"GM0717"
"20240077606",2024,"Letsel",2,"Personenauto","Fiets","Flank","Kruispunt, 4 takken",50,"Niet brandend","Daglicht","Regen",\N,\N,"Diamantweg","Utrecht","Utrecht","Utrecht",false,52.073195,5.118882,"injury","2","rain",false,1,"GM0344"
"20240081932",2024,"Letsel",2,"Personenauto","Fiets","Flank","Rechte weg",50,"Niet brandend","Daglicht","Droog",\N,"189274068","Voorschoterlaan","Rotterdam","Rotterdam","Zuid-Holland",false,51.922645,4.511784,"injury","2","clear",false,1,"GM0599"
"20240083298",2024,"Uitsluitend materiele schade",2,"Personenauto","Fiets","Flank","Kruispunt, 4 takken",30,"Niet brandend","Daglicht","Droog",\N,\N,"Deltaweg","Helmond","Helmond","Noord-Brabant",false,51.470905,5.7017,"material damage only","4","clear",false,1,"GM0794"
"20230176295",2023,"Letsel",2,"Personenauto","Fiets","Flank","Rotonde",\N,\N,"Daglicht",\N,\N,\N,"Churchilllaan","Purmerend","Purmerend","Noord-Holland",false,52.506849,4.966976,"injury","2","unknown",false,1,"GM0439"
"20240090423",2024,"Letsel",2,"Fiets","Fiets","Flank","Rechte weg",60,"Niet aanwezig","Daglicht","Droog",\N,"92205004","West-Zeedijk","Colijnsplaat","Noord-Beveland","Zeeland",false,51.602067,3.81947,"injury","2","clear",false,1,"GM1695"
"20240096524",2024,"Uitsluitend materiele schade",2,"Motor","Fiets","Flank","Kruispunt, 4 takken",50,"Niet brandend","Daglicht","Regen",\N,\N,"Graafseweg","Nijmegen","Nijmegen","Gelderland",false,51.834789,5.84052,"material damage only","4","rain",false,1,"GM0268"
"20240100562",2024,"Letsel",1,"e-bike",\N,"Onbekend","Rotonde",50,"Niet brandend","Daglicht","Droog",\N,\N,"FIETSPAD","Maassluis","Maassluis","Zuid-Holland",false,51.919506,4.25958,"injury","2","clear",false,1,"GM0556"
"20240100590",2024,"Letsel",1,"Fiets",\N,"Onbekend","Rechte weg",30,"Niet brandend","Daglicht","Droog",\N,\N,"Forensenweg","Delft","Delft","Zuid-Holland",false,51.991524,4.362923,"injury","2","clear",false,1,"GM0503"
"20240044183",2024,"Letsel",1,"Fiets",\N,"Onbekend","Rechte weg",30,"Niet brandend","Daglicht","Droog",\N,"375222075","Beerseweg","Haps","Land van Cuijk","Noord-Brabant",false,51.690091,5.860886,"injury","2","clear",false,1,"GM1982"
"20240045756",2024,"Uitsluitend materiele schade",2,"Personenauto","Fiets","Voetganger","Kruispunt, 3 takken",50,"Niet brandend","Daglicht","Droog",\N,\N,"Hovenierstraat","Arnhem","Arnhem","Gelderland",false,51.985712,5.917827,"material damage only","4","clear",false,1,"GM0202"
"20240049379",2024,"Uitsluitend materiele schade",2,"Personenauto","Fiets","Flank","Kruispunt, 3 takken",80,"Niet brandend","Daglicht","Droog",\N,\N,"Utrechtseweg","De Bilt","De Bilt","Utrecht",false,52.101071,5.205592,"material damage only","4","clear",false,1,"GM0310"
"20240073684",2024,"Letsel",1,"Fiets",\N,"Onbekend",\N,60,\N,"Duisternis",\N,\N,"339212003","Dorshout","Uden","Maashorst","Noord-Brabant",false,51.641844,5.606472,"injury","2","unknown",false,1,"GM1991"
"20240075971",2024,"Letsel",2,"Personenauto","Fiets","Flank","Rechte weg",30,"Niet brandend","Daglicht","Droog",\N,"600651645","Marderleane","Rijs","De Fryske Marren","Friesland",false,52.861959,5.500561,"injury","2","clear",false,1,"GM1940"
"20240084012",2024,"Letsel",2,"Fiets","Bromfiets","Frontaal","Rechte weg",30,"Brandend","Duisternis","Regen",\N,"352034017","Sint Pieterstraat","Maastricht","Maastricht","Limburg",false,50.844618,5.69161,"injury","2","rain",false,1,"GM0935"
"20240085224",2024,"Letsel",2,"Fiets","Overig vast object","Vast voorwerp","Rechte weg",30,"Niet brandend","Daglicht","Droog",\N,"366377051","Groen van Prinstererstr","Nunspeet","Nunspeet","Gelderland",false,52.38487,5.799705,"injury","2","clear",false,1,"GM0302"
"20240085882",2024,"Uitsluitend materiele schade",2,"Personenauto","Fiets","Onbekend","Kruispunt, 3 takken",50,"Niet brandend","Daglicht","Droog",\N,\N,"Eikesingel","Drachten","Smallingerland","Friesland",false,53.095473,6.091168,"material damage only","4","clear",false,1,"GM0090"
"20240089820",2024,"Letsel",2,"Fiets","Fiets","Kop/staart","Rechte weg",50,"Brandend","Duisternis","Droog",\N,"182272083","Nieuwe Binnenweg","Rotterdam","Rotterdam","Zuid-Holland",false,51.913473,4.461821,"injury","2","clear",false,1,"GM0599"
"20240091763",2024,"Uitsluitend materiele schade",1,"Fiets",\N,"Onbekend","Kruispunt, 4 takken",50,"Niet brandend","Daglicht","Droog",\N,\N,"Nieuwe Waalreseweg","Valkenswaard","Valkenswaard","Noord-Brabant",false,51.359046,5.448229,"material damage only","4","clear",false,1,"GM0858"
"20240102292",2024,"Letsel",2,"Fiets","Fiets","Flank","Kruispunt, 3 takken",30,"Niet brandend","Daglicht","Droog",\N,\N,"Bankastraat","Maastricht","Maastricht","Limburg",false,50.842666,5.669721,"injury","2","clear",false,1,"GM0935"
"20240102305",2024,"Uitsluitend materiele schade",2,"Personenauto","Fiets","Onbekend","Rechte weg",30,"Niet brandend","Daglicht","Droog",\N,"298224020","Aartshertogenlaan","'s-Hertogenbosch","'s-Hertogenbosch","Noord-Brabant",false,51.699286,5.306112,"material damage only","4","clear",false,1,"GM0796"
"20240043587",2024,"Uitsluitend materiele schade",2,"Personenauto","Fiets","Flank","Rotonde",50,"Niet brandend","Daglicht","Droog",\N,\N,"Lipsstraat","Drunen","Heusden","Noord-Brabant",false,51.686729,5.146034,"material damage only","4","clear",false,1,"GM0797"
"20240046424",2024,"Letsel",2,"Snorfiets","Fiets","Onbekend","Rechte weg",30,"Niet brandend","Daglicht","Droog",\N,"601189790","Drapeniersdonk","Apeldoorn","Apeldoorn","Gelderland",false,52.203027,6.002096,"injury","2","clear",false,1,"GM0200"
"20240070530",2024,"Letsel",2,"Personenauto","e-bike","Flank","Kruispunt, 3 takken",50,"Niet brandend","Daglicht","Droog",\N,\N,"Burgstraat","Giessen","Altena","Noord-Brabant",false,51.789289,5.030086,"injury","2","clear",false,1,"GM1959"
"20240084040",2024,"Uitsluitend materiele schade",2,"Bestelauto","Fiets","Onbekend",\N,30,\N,"Daglicht",\N,\N,\N,"Binnenvaartweg","Terneuzen","Terneuzen","Zeeland",false,51.335561,3.821333,"material damage only","4","unknown",false,1,"GM0715"
"20240084619",2024,"Letsel",2,"Personenauto","Fiets","Flank","Rotonde",30,"Niet brandend","Daglicht","Droog",\N,\N,"Rijksweg","Duiven","Duiven","Gelderland",false,51.951413,6.018935,"injury","2","clear",false,1,"GM0226"
"20240087911",2024,"Letsel",1,"Fiets",\N,"Onbekend","Rechte weg",30,"Niet brandend","Daglicht","Droog",\N,"600720758","Aan 't Verlaat","Delft","Delft","Zuid-Holland",false,52.020179,4.364083,"injury","2","clear",false,1,"GM0503"
"20240090529",2024,"Letsel",3,"Personenauto","Fiets","Flank","Rechte weg",\N,"Niet brandend","Daglicht","Regen",\N,"266197005","Ringbaan-Noord","Tilburg","Tilburg","Noord-Brabant",false,51.576054,5.072554,"injury","2","rain",false,1,"GM0855"
"20240101598",2024,"Uitsluitend materiele schade",2,"Personenauto","Fiets","Flank","Rechte weg",80,"Niet brandend","Daglicht","Droog","Tankstation",\N,"Maaseikerweg","Roosteren","Echt-Susteren","Limburg",false,51.081962,5.811568,"material damage only","4","clear",false,1,"GM1711"
"20240102428",2024,"Uitsluitend materiele schade",1,"Fiets",\N,"Onbekend","Rechte weg",50,"Brandend","Schemer","Regen",\N,"388052038","Klimopstraat","Heerlen","Heerlen","Limburg",false,50.923199,5.948423,"material damage only","4","rain",false,1,"GM0917"
"20240048200",2024,"Letsel",2,"Personenauto","Fiets","Onbekend","Kruispunt, 4 takken",30,"Niet brandend","Daglicht","Droog","Brug/viaduct",\N,"Ingrid Bergmanstraat","Almere","Almere","Flevoland",false,52.368895,5.233615,"injury","2","clear",false,1,"GM0034"
"20240049507",2024,"Uitsluitend materiele schade",2,"Personenauto","Fiets","Frontaal","Kruispunt, 3 takken",50,"Niet brandend","Daglicht","Droog",\N,\N,"Burg Raveslootsingel","Almelo","Almelo","Overijssel",false,52.355095,6.658214,"material damage only","4","clear",false,1,"GM0141"
"20240073176",2024,"Letsel",2,"Fiets","Personenauto","Flank","Bocht",30,"Niet brandend","Daglicht","Droog",\N,"601188478","Heggeranklaan","Eindhoven","Eindhoven","Noord-Brabant",false,51.423305,5.494512,"injury","2","clear",false,1,"GM0772"
"20240079622",2024,"Letsel",2,"Fiets","Overig vast object","Vast voorwerp","Rechte weg",\N,"Niet brandend","Daglicht","Droog",\N,"600415976","Gedempte Oude Gracht","Haarlem","Haarlem","Noord-Holland",false,52.378616,4.634789,"injury","2","clear",false,1,"GM0392"
"20230049528",2023,"Letsel",2,"Bestelauto","Fiets","Flank","Rotonde",50,"Niet brandend","Daglicht","Droog",\N,\N,"De la Reyweg","'s-Gravenhage","'s-Gravenhage","Zuid-Holland",false,52.06704,4.286896,"injury","2","clear",false,1,"GM0518"
"20230058684",2023,"Letsel",2,"Personenauto","Fiets","Flank","Rechte weg",50,"Niet brandend","Daglicht","Droog",\N,"600713764","Albardastraat","'s-Gravenhage","'s-Gravenhage","Zuid-Holland",false,52.061417,4.247488,"injury","2","clear",false,1,"GM0518"
"20230059026",2023,"Letsel",2,"Fiets","Fiets","Onbekend","Rechte weg",50,"Brandend","Duisternis","Droog",\N,\N,"Conradkade","'s-Gravenhage","'s-Gravenhage","Zuid-Holland",false,52.081365,4.281781,"injury","2","clear",false,1,"GM0518"
"20230046012",2023,"Letsel",3,"Personenauto","Fiets","Los voorwerp","Rechte weg",30,"Niet brandend","Daglicht","Droog",\N,"401397027","Dorpsweg","Hattem","Hattem","Gelderland",false,52.47501,6.061712,"injury","2","clear",false,1,"GM0244"
"20230047173",2023,"Uitsluitend materiele schade",2,"Personenauto","Fiets","Los voorwerp","Kruispunt, 3 takken",50,"Niet brandend","Daglicht","Droog",\N,\N,"Eerste Hoefweg","de Hoef","De Ronde Venen","Utrecht",false,52.209493,4.814267,"material damage only","4","clear",false,1,"GM0736"
"20230052441",2023,"Letsel",2,"Personenauto","Fiets","Flank","Rotonde",50,"Niet brandend","Daglicht","Droog",\N,\N,"Deltalaan","Sliedrecht","Sliedrecht","Zuid-Holland",false,51.825003,4.772811,"injury","2","clear",false,1,"GM0610"
"20230054173",2023,"Letsel",2,"Bestelauto","Fiets","Flank","Rechte weg",60,"Niet aanwezig","Daglicht","Droog",\N,"600220288","Bloemerstraat","Nederweert","Nederweert","Limburg",true,51.315139,5.735428,"injury","2","clear",false,1,"GM0946"
"20230062397",2023,"Uitsluitend materiele schade",2,"Personenauto","Fiets","Onbekend","Rotonde",50,"Niet brandend","Daglicht","Droog",\N,\N,"Raadhuisstraat","Panningen","Peel en Maas","Limburg",false,51.323913,5.977674,"material damage only","4","clear",false,1,"GM1894"
"20230040806",2023,"Uitsluitend materiele schade",2,"Bestelauto","Fiets","Flank","Rechte weg",50,"Niet aanwezig","Daglicht","Droog",\N,"397038112","Heerlenersteenweg","Kerkrade","Kerkrade","Limburg",false,50.86113,6.012039,"material damage only","4","clear",false,1,"GM0928"
"20230045456",2023,"Letsel",2,"Fiets","Fiets","Flank","Kruispunt, 4 takken",50,"Niet brandend","Daglicht","Droog",\N,\N,"von Bönninghausenstraat","Borne","Borne","Overijssel",false,52.303562,6.752548,"injury","2","clear",false,1,"GM0147"
"20230049037",2023,"Letsel",1,"Fiets",\N,"Eenzijdig","Rechte weg",50,"Niet brandend","Daglicht","Droog",\N,"153311013","Cort van der Lindenpad","'s-Gravenhage","'s-Gravenhage","Zuid-Holland",false,52.085235,4.247115,"injury","2","clear",false,1,"GM0518"
"20230051877",2023,"Letsel",2,"Personenauto","Fiets","Flank","Kruispunt, 3 takken",50,"Niet brandend","Daglicht","Droog",\N,\N,"Edisonweg","Alblasserdam","Alblasserdam","Zuid-Holland",false,51.858386,4.667497,"injury","2","clear",false,1,"GM0482"
"20230053045",2023,"Uitsluitend materiele schade",3,"Fiets","Personenauto","Kop/staart","Kruispunt, 3 takken",80,"Niet brandend","Daglicht","Droog",\N,\N,"Plukmadeseweg","Made","Drimmelen","Noord-Brabant",false,51.685663,4.814106,"material damage only","4","clear",false,1,"GM1719"
"20230057679",2023,"Letsel",3,"Personenauto","Fiets","Onbekend","Rotonde",50,"Niet brandend","Daglicht","Regen",\N,\N,"Wilnisse Zijweg","Mijdrecht","De Ronde Venen","Utrecht",false,52.201702,4.886798,"injury","2","rain",false,1,"GM0736"
"20230058451",2023,"Letsel",2,"Personenauto","Fiets","Flank","Rechte weg",15,"Niet brandend","Daglicht","Droog",\N,"600581780","Papsouwselaan","Delft","Delft","Zuid-Holland",false,51.998557,4.354613,"injury","2","clear",false,1,"GM0503"
"20230062448",2023,"Uitsluitend materiele schade",1,"e-bike",\N,"Eenzijdig","Rechte weg",50,"Niet brandend","Daglicht","Droog",\N,"376042008","Hekerbiltjensweg","Klimmen","Voerendaal","Limburg",false,50.88224,5.866202,"material damage only","4","clear",false,1,"GM0986"
"20230043126",2023,"Letsel",2,"Bromfiets","Fiets","Flank","Rotonde",50,"Niet brandend","Daglicht","Droog",\N,\N,"Jaagpad","Barendrecht","Barendrecht","Zuid-Holland",false,51.852931,4.536168,"injury","2","clear",false,1,"GM0489"
"20230049041",2023,"Uitsluitend materiele schade",2,"Personenauto","e-bike","Flank","Kruispunt, 3 takken",30,"Niet brandend","Daglicht","Droog",\N,\N,"FIETSPAD","Zoetermeer","Zoetermeer","Zuid-Holland",false,52.066548,4.477297,"material damage only","4","clear",false,1,"GM0637"
"20230051316",2023,"Uitsluitend materiele schade",2,"Bromfiets","Fiets","Frontaal","Rechte weg",50,"Niet brandend","Daglicht",\N,\N,"600529847","FIETSPAD","Drunen","Heusden","Noord-Brabant",false,51.690801,5.112747,"material damage only","4","unknown",false,1,"GM0797"
"20230057354",2023,"Letsel",2,\N,"Fiets","Eenzijdig","Kruispunt, 4 takken",50,"Niet brandend","Daglicht","Droog",\N,\N,"Van Lochemstraat","Enschede","Enschede","Overijssel",false,52.222903,6.899383,"injury","2","clear",false,1,"GM0153"
"20230057522",2023,"Letsel",2,"Personenauto","Fiets","Onbekend","Kruispunt, 4 takken",50,"Niet brandend","Daglicht","Droog",\N,\N,"Prins Hendrikstraat","Nijmegen","Nijmegen","Gelderland",false,51.843113,5.868786,"injury","2","clear",false,1,"GM0268"
"20230058187",2023,"Letsel",1,"Fiets",\N,"Eenzijdig","Rechte weg",60,"Niet brandend","Daglicht","Droog",\N,"600474619","Kooltuinweg","Valkenburg","Katwijk","Zuid-Holland",false,52.181778,4.423418,"injury","2","clear",false,1,"GM0537"
"20230058188",2023,"Letsel",1,"Fiets",\N,"Eenzijdig","Rechte weg",50,"Niet brandend","Daglicht","Droog",\N,"179334142","Boslaan","Rijnsburg","Katwijk","Zuid-Holland",false,52.191166,4.432481,"injury","2","clear",false,1,"GM0537"
"20240131595",2024,"Letsel",2,"Bestelauto","Fiets","Flank","Rechte weg",50,"Niet brandend","Daglicht","Droog",\N,\N,"Europaplein","Amsterdam","Amsterdam","Noord-Holland",false,52.341884,4.892197,"injury","2","clear",false,1,"GM0363"
"20230039134",2023,"Letsel",1,"Fiets",\N,"Eenzijdig","Rechte weg",30,"Niet aanwezig","Duisternis","Droog",\N,"600382033","Voorhofdreef","Delft","Delft","Zuid-Holland",false,51.993692,4.356217,"injury","2","clear",false,1,"GM0503"
"20230040280",2023,"Letsel",1,"Fiets",\N,"Eenzijdig","Rechte weg",30,"Brandend","Duisternis","Droog",\N,"600711821","Emmaplein","Monster","Westland","Zuid-Holland",false,52.020619,4.1678,"injury","2","clear",false,1,"GM1783"
"20230046703",2023,"Letsel",2,"Fiets","Fiets","Onbekend","Rechte weg",50,"Niet brandend","Daglicht","Droog",\N,"600652271","Stationsstraat","Veenendaal","Veenendaal","Utrecht",false,52.035922,5.564754,"injury","2","clear",false,1,"GM0345"
"20230048544",2023,"Letsel",1,"Fiets",\N,"Eenzijdig","Rechte weg",50,"Niet brandend","Daglicht","Droog",\N,"170320023","Groot Haesebroekseweg","Wassenaar","Wassenaar","Zuid-Holland",false,52.128432,4.37107,"injury","2","clear",false,1,"GM0629"
"20230051947",2023,"Letsel",2,"Personenauto","Fiets","Flank","Rotonde",50,"Brandend","Duisternis","Droog",\N,\N,"Hofplein","Rotterdam","Rotterdam","Zuid-Holland",false,51.924367,4.477011,"injury","2","clear",false,1,"GM0599"
"20230049109",2023,"Letsel",2,"Fiets","Fiets","Flank","Rechte weg",50,"Niet brandend","Daglicht","Droog","Brug/viaduct","600407826","Beethovenstraat","Amsterdam","Amsterdam","Noord-Holland",false,52.344422,4.876614,"injury","2","clear",false,1,"GM0363"
"20230050817",2023,"Letsel",4,"Fiets","Fiets","Onbekend","Rechte weg",30,"Niet brandend","Daglicht","Droog",\N,"234369067","Heemstedestraat","Amsterdam","Amsterdam","Noord-Holland",false,52.351491,4.838709,"injury","2","clear",false,1,"GM0363"
"20230051411",2023,"Letsel",2,"Personenauto","Fiets","Flank","Kruispunt, 3 takken",80,"Niet brandend","Daglicht","Droog",\N,\N,"Steenakker","Oploo","Land van Cuijk","Noord-Brabant",false,51.612307,5.866749,"injury","2","clear",false,1,"GM1982"
"20230058856",2023,"Letsel",2,"Snorfiets","Fiets","Frontaal","Bocht",30,"Niet brandend","Daglicht","Droog",\N,"163296027","Noordhoornseweg","Den Hoorn","Midden-Delfland","Zuid-Holland",false,52.018957,4.319915,"injury","2","clear",false,1,"GM1842"
"20240133178",2024,"Letsel",2,"Personenauto","Fiets","Flank","Kruispunt, 4 takken",30,"Niet brandend","Daglicht","Droog",\N,\N,"Houtrustweg","'s-Gravenhage","'s-Gravenhage","Zuid-Holland",false,52.091081,4.265014,"injury","2","clear",false,1,"GM0518"
"20230038068",2023,"Letsel",2,"Personenauto","Fiets","Onbekend","Rotonde",50,"Niet brandend","Daglicht","Droog",\N,\N,"Deltaweg","Hoofddorp","Haarlemmermeer","Noord-Holland",false,52.309021,4.63659,"injury","2","clear",false,1,"GM0394"