"accident_id","year","severity_raw","party_count","party1_type","party2_type","accident_type","road_situation","speed_limit_kmh","road_lighting","light_condition_label","weather_raw","infra_type","road_segment_id","street_name","place_name","gemeente_name_raw","province","alcohol_indicated","latitude","longitude","severity_label","severity_code","weather_label","built_up_area","cyclists_involved","gemeente_code"
"20230052605",2023,"Letsel",2,"Motor","Fiets","Flank","Rechte weg",50,"Niet brandend","Daglicht","Droog",\N,"600722808","Delftweg","Rotterdam","Rotterdam","Zuid-Holland",false,51.95218,4.406795,"injury","2","clear",false,1,"GM0599"
"20230054947",2023,"Uitsluitend materiele schade",2,"Fiets","Personenauto","Flank","Rechte weg",30,"Niet brandend","Daglicht","Droog",\N,"378414062","Bereklauw","Kampen","Kampen","Overijssel",false,52.55318,5.895244,"material damage only","4","clear",false,1,"GM0166"
"20230058277",2023,"Letsel",1,"Fiets",\N,"Eenzijdig","Kruispunt, 3 takken",50,"Niet brandend","Daglicht","Droog",\N,\N,"Telderskade","Leiden","Leiden","Zuid-Holland",false,52.151145,4.482507,"injury","2","clear",false,1,"GM0546"
"20230058890",2023,"Letsel",2,"Bestelauto","Fiets","Flank","Kruispunt, 4 takken",50,"Niet brandend","Daglicht","Droog",\N,\N,"Hengelolaan","'s-Gravenhage","'s-Gravenhage","Zuid-Holland",false,52.051451,4.276607,"injury","2","clear",false,1,"GM0518"
"20230064413",2023,"Uitsluitend materiele schade",2,"Bromfiets","Fiets","Onbekend","Rechte weg",50,"Niet brandend","Daglicht","Regen",\N,"462564012","Metaallaan","Groningen","Groningen","Groningen",false,53.22172,6.532172,"material damage only","4","rain",false,1,"GM0014"
"20230065288",2023,"Letsel",2,"Personenauto","Fiets","Frontaal","Kruispunt, 3 takken",50,"Niet brandend","Daglicht","Droog",\N,\N,"Mr. P.J. Oudsingel","Arnhem","Arnhem","Gelderland",false,51.942677,5.892085,"injury","2","clear",false,1,"GM0202"
"20240129031",2024,"Letsel",1,"Fiets",\N,"Onbekend",\N,80,\N,"Daglicht",\N,\N,"305601004","Kunneweg","Hoorn","Terschelling","Friesland",false,53.392159,5.354101,"injury","2","unknown",false,1,"GM0093"
"20240129118",2024,"Uitsluitend materiele schade",2,"Personenauto","Fiets","Kop/staart","Rechte weg",30,"Niet brandend","Daglicht","Droog",\N,"271317040","Rio Negrodreef","Utrecht","Utrecht","Utrecht",false,52.117992,5.103264,"material damage only","4","clear",false,1,"GM0344"
"20240129158",2024,"Uitsluitend materiele schade",2,"Personenauto","Fiets","Flank","Rotonde",50,"Niet brandend","Daglicht","Droog",\N,\N,"De West","Dronten","Dronten","Flevoland",false,52.523926,5.713496,"material damage only","4","clear",false,1,"GM0303"
"20240129234",2024,"Uitsluitend materiele schade",1,"Fiets",\N,"Flank","Rechte weg",50,"Niet brandend","Daglicht","Droog",\N,"284342080","Kamerlingh Onnesweg","Hilversum","Hilversum","Noord-Holland",false,52.22983,5.200623,"material damage only","4","clear",false,1,"GM0402"
"20230038105",2023,"Uitsluitend materiele schade",2,"Personenauto","e-bike","Flank","Rotonde",50,"Niet brandend","Daglicht","Droog",\N,\N,"Kennemerstraatweg","Heiloo","Heiloo","Noord-Holland",false,52.588157,4.702512,"material damage only","4","clear",false,1,"GM0399"
"20230038674",2023,"Letsel",3,"Fiets","Fiets","Vast voorwerp","Kruispunt, 4 takken",50,"Niet brandend","Daglicht","Droog",\N,\N,"Rivierdijk","Sliedrecht","Sliedrecht","Zuid-Holland",false,51.822282,4.804608,"injury","2","clear",false,1,"GM0610"
"20230058328",2023,"Letsel",2,"Fiets","Bromfiets","Frontaal","Rotonde",50,"Niet brandend","Daglicht","Droog",\N,\N,"Amsteldijk","Amsterdam","Amsterdam","Noord-Holland",false,52.324416,4.894521,"injury","2","clear",false,1,"GM0363"
"20230058917",2023,"Letsel",3,"Fiets","Fiets","Onbekend","Rechte weg",\N,"Niet brandend","Daglicht","Droog",\N,"600415976","Gedempte Oude Gracht","Haarlem","Haarlem","Noord-Holland",false,52.378616,4.634789,"injury","2","clear",false,1,"GM0392"
"20240130557",2024,"Letsel",2,"Personenauto","Fiets","Flank","Rotonde",50,"Niet brandend","Daglicht",\N,\N,\N,"Zandlaan","Ede","Ede","Gelderland",false,52.019297,5.67204,"injury","2","unknown",false,1,"GM0228"
"20230048062",2023,"Letsel",3,"Fiets","Personenauto","Onbekend","Rechte weg",50,"Niet aanwezig","Daglicht","Droog",\N,"281343074","Simon Stevinweg","Hilversum","Hilversum","Noord-Holland",false,52.232912,5.181483,"injury","2","clear",false,1,"GM0402"
"20230048688",2023,"Letsel",2,"Fiets","Personenauto","Flank","Kruispunt, 4 takken",30,"Niet brandend","Daglicht","Droog",\N,\N,"Sinte Barbara's tuin","Rijnsburg","Katwijk","Zuid-Holland",false,52.188362,4.440681,"injury","2","clear",false,1,"GM0537"
"20230050940",2023,"Uitsluitend materiele schade",2,"Personenauto","Fiets","Flank","Kruispunt, 4 takken",50,"Niet brandend","Daglicht","Droog",\N,\N,"Vonderweg","Eindhoven","Eindhoven","Noord-Brabant",false,51.441496,5.469586,"material damage only","4","clear",false,1,"GM0772"
"20230054435",2023,"Letsel",2,"Bestelauto","Fiets","Flank","Rechte weg",50,"Niet brandend","Daglicht","Droog",\N,"600170314","Frans Strouxstraat","Stramproy","Weert","Limburg",false,51.192801,5.724624,"injury","2","clear",false,1,"GM0988"
"20230055580",2023,"Uitsluitend materiele schade",2,"Fiets","Bromfiets","Frontaal","Rechte weg",30,"Niet brandend","Daglicht","Droog",\N,"317554009","Harlingerstraatweg","Midlum","Harlingen","Friesland",false,53.182048,5.447215,"material damage only","4","clear",false,1,"GM0072"
"20230064106",2023,"Uitsluitend materiele schade",2,"Personenauto","e-bike","Flank","Kruispunt, 3 takken",30,"Niet brandend","Daglicht","Regen",\N,\N,"Gronausestraat","Enschede","Enschede","Overijssel",false,52.215469,6.97094,"material damage only","4","rain",false,1,"GM0153"
"20230037592",2023,"Letsel",2,"Personenauto","e-bike","Flank","Kruispunt, 4 takken",50,"Niet brandend","Daglicht","Droog",\N,\N,"Lucas Sinckstraat","Zwaag","Hoorn","Noord-Holland",false,52.671945,5.090565,"injury","2","clear",false,1,"GM0405"
"20230039335",2023,"Letsel",3,"Personenauto","Fiets","Onbekend","Kruispunt, 3 takken",50,"Niet brandend","Daglicht","Droog",\N,\N,"Gildeweg","Schiedam","Schiedam","Zuid-Holland",false,51.941007,4.368701,"injury","2","clear",false,1,"GM0606"
"20230039918",2023,"Uitsluitend materiele schade",1,"Fiets",\N,"Eenzijdig","Rechte weg",30,"Niet brandend","Daglicht","Droog",\N,"600768635","IJburglaan","Amsterdam","Amsterdam","Noord-Holland",false,52.361947,4.982822,"material damage only","4","clear",false,1,"GM0363"
"20230043382",2023,"Uitsluitend materiele schade",2,"Personenauto","Fiets","Flank","Kruispunt, 3 takken",60,"Niet brandend","Daglicht","Droog","Tunnel",\N,"Bergerweg","Urmond","Stein","Limburg",false,51.004879,5.771919,"material damage only","4","clear",false,1,\N
"20230049827",2023,"Uitsluitend materiele schade",3,"Personenauto","Fiets","Onbekend","Kruispunt, 4 takken",50,"Niet brandend","Daglicht","Droog",\N,\N,"Dobbelaan","Leidschendam","Leidschendam-Voorburg","Zuid-Holland",false,52.093445,4.391028,"material damage only","4","clear",false,1,"GM1916"
"20230053312",2023,"Uitsluitend materiele schade",2,"Bromfiets","Fiets","Flank","Rechte weg",50,"Brandend","Schemer","Droog",\N,"223210007","Bredaseweg","Terheijden","Drimmelen","Noord-Brabant",false,51.635138,4.764594,"material damage only","4","clear",false,1,"GM1719"
"20230056779",2023,"Uitsluitend materiele schade",2,"e-bike","Personenauto","Flank","Kruispunt, 3 takken",30,"Niet brandend","Daglicht","Droog",\N,\N,"Looydijk","De Bilt","De Bilt","Utrecht",false,52.107485,5.18776,"material damage only","4","clear",false,1,"GM0310"
"20230061228",2023,"Letsel",4,"Bromfiets","Fiets","Onbekend","Rechte weg",50,"Niet brandend","Daglicht","Droog",\N,"168292192","Mercuriuspad","Delft","Delft","Zuid-Holland",false,52.000337,4.358598,"injury","2","clear",false,1,"GM0503"
"20240133643",2024,"Letsel",2,"Fiets","Personenauto","Flank","Kruispunt, 4 takken",50,"Niet brandend","Daglicht","Droog",\N,\N,"FIETSPAD","Delft","Delft","Zuid-Holland",false,52.00064,4.348809,"injury","2","clear",false,1,"GM0503"
"20230065378",2023,"Letsel",1,"e-bike",\N,"Eenzijdig","Kruispunt, 3 takken",50,"Niet aanwezig","Daglicht","Droog",\N,\N,"FIETSPAD","Duiven","Duiven","Gelderland",false,51.975986,6.000403,"injury","2","clear",false,1,"GM0226"
"20230038218",2023,"Uitsluitend materiele schade",2,"Personenauto","e-bike","Flank","Kruispunt, 4 takken",50,"Niet brandend","Daglicht","Droog",\N,\N,"Maanlander","Amersfoort","Amersfoort","Utrecht",false,52.196166,5.388926,"material damage only","4","clear",false,1,"GM0307"
"20230040493",2023,"Letsel",3,"Personenauto","Fiets","Onbekend","Rechte weg",50,"Brandend","Duisternis","Droog",\N,"232371085","Cornelis Lelylaan","Amsterdam","Amsterdam","Noord-Holland",false,52.357696,4.825668,"injury","2","clear",false,1,"GM0363"
"20230042210",2023,"Letsel",2,"Fiets",\N,"Eenzijdig","Rechte weg",\N,\N,"Daglicht",\N,\N,"294232042","Treurenburg","'s-Hertogenbosch","'s-Hertogenbosch","Noord-Brabant",false,51.733799,5.273829,"injury","2","unknown",false,1,"GM0796"
"20230043394",2023,"Uitsluitend materiele schade",2,"Personenauto","Fiets","Flank","Kruispunt, 4 takken",50,"Niet brandend","Daglicht","Droog",\N,\N,"Arnoldenstraat","Stein","Stein","Limburg",false,50.961803,5.773411,"material damage only","4","clear",false,1,\N
"20230046926",2023,"Letsel",2,"Fiets","Overig vast object","Vast voorwerp","Bocht",30,"Niet brandend","Daglicht","Droog",\N,"206429042","Boulevard Ir de Vassy","Egmond aan Zee","Bergen (NH)","Noord-Holland",false,52.620018,4.622381,"injury","2","clear",false,1,\N
"20230048739",2023,"Uitsluitend materiele schade",2,"Bestelauto","Fiets","Flank","Kruispunt, 3 takken",30,"Niet brandend","Daglicht","Droog",\N,\N,"Nieuwe Keizersgracht","Amsterdam","Amsterdam","Noord-Holland",false,52.365048,4.910315,"material damage only","4","clear",false,1,"GM0363"
"20230056836",2023,"Letsel",3,"Personenauto","Fiets","Onbekend","Kruispunt, 4 takken",30,"Niet brandend","Daglicht","Droog",\N,\N,"Meppelerstraatweg","Zwolle","Zwolle","Overijssel",false,52.52278,6.115878,"injury","2","clear",false,1,"GM0193"
"20230059819",2023,"Uitsluitend materiele schade",2,"Personenauto","Fiets","Flank","Rotonde",30,"Niet brandend","Daglicht","Droog",\N,\N,"Veldbloemenweg","Zaandam","Zaanstad","Noord-Holland",false,52.457917,4.818312,"material damage only","4","clear",false,1,"GM0479"
"20230064990",2023,"Uitsluitend materiele schade",2,"Fiets","Personenauto","Flank","Kruispunt, 3 takken",50,"Niet aanwezig","Daglicht","Droog",\N,\N,"St. Vitusholt","Winschoten","Oldambt","Groningen",false,53.145147,7.023484,"material damage only","4","clear",false,1,"GM1895"
"20230065444",2023,"Letsel",3,"Personenauto","Fiets","Onbekend","Kruispunt, 3 takken",60,"Niet brandend","Daglicht","Droog",\N,\N,"Uilenburgsestraat","Heteren","Overbetuwe","Gelderland",false,51.952713,5.77272,"injury","2","clear",false,1,"GM1734"
"20240128409",2024,"Letsel",1,"Fiets",\N,"Onbekend","Rechte weg",50,"Niet brandend","Daglicht","Droog",\N,"420323129","Rijkenhage","Zutphen","Zutphen","Gelderland",false,52.142787,6.197283,"injury","2","clear",false,1,"GM0301"
"20240128426",2024,"Uitsluitend materiele schade",2,"Personenauto","Fiets","Flank","Kruispunt, 3 takken",50,"Niet brandend","Daglicht","Droog",\N,\N,"Wilmersdorf","Apeldoorn","Apeldoorn","Gelderland",false,52.182357,5.993838,"material damage only","4","clear",false,1,"GM0200"
"20240128676",2024,"Letsel",2,"Personenauto","Fiets","Flank","Rechte weg",50,"Niet brandend","Daglicht","Droog",\N,"455452040","Schutstraat","Hoogeveen","Hoogeveen","Drenthe",false,52.719391,6.466801,"injury","2","clear",false,1,"GM0118"
"20230040011",2023,"Uitsluitend materiele schade",2,"Personenauto","Fiets","Onbekend","Kruispunt, 4 takken",30,"Niet brandend","Daglicht","Droog",\N,\N,"Burg Kolfschotenlaan","Leidschendam","Leidschendam-Voorburg","Zuid-Holland",false,52.09352,4.391133,"material damage only","4","clear",false,1,"GM1916"
"20230044665",2023,"Letsel",2,"Personenauto","Fiets","Flank","Kruispunt, 4 takken",50,"Niet brandend","Daglicht","Droog",\N,\N,"Linnaeusplein","Groningen","Groningen","Groningen",false,53.223168,6.583114,"injury","2","clear",false,1,"GM0014"
"20230051678",2023,"Uitsluitend materiele schade",2,"Bromfiets","Fiets","Flank","Kruispunt, 3 takken",50,"Niet brandend","Daglicht","Droog",\N,\N,"Van Beethovenlaan","Roosendaal","Roosendaal","Noord-Brabant",false,51.536985,4.469573,"material damage only","4","clear",false,1,"GM1674"
"20240128320",2024,"Uitsluitend materiele schade",2,"Fiets","Personenauto","Flank","Kruispunt, 3 takken",30,"Niet brandend","Daglicht","Droog",\N,\N,"Schoutenveld","Apeldoorn","Apeldoorn","Gelderland",false,52.192451,5.99171,"material damage only","4","clear",false,1,"GM0200"
"20240129997",2024,"Letsel",2,"Personenauto","Fiets","Flank","Rechte weg",50,"Niet brandend","Daglicht","Droog",\N,\N,"De Monding","Veenendaal","Veenendaal","Utrecht",true,52.02284,5.526982,"injury","2","clear",false,1,"GM0345"
"20230043529",2023,"Uitsluitend materiele schade",2,"Personenauto","Fiets","Flank","Rotonde",50,"Niet brandend","Daglicht","Droog",\N,\N,"Sint Joosterweg","Maasbracht","Maasgouw","Limburg",false,51.14279,5.89314,"material damage only","4","clear",false,1,"GM1641"
"20230045857",2023,"Uitsluitend materiele schade",2,"Personenauto","e-bike","Kop/staart","Kruispunt, 4 takken",60,"Niet brandend","Daglicht","Droog",\N,\N,"Wieselse Enkweg","Wenum Wiesel","Apeldoorn","Gelderland",false,52.249202,5.942895,"material damage only","4","clear",false,1,"GM0200"
"20230050547",2023,"Letsel",3,"Personenauto","Fiets","Vast voorwerp","Rechte weg",30,"Niet brandend","Daglicht","Droog",\N,"600734392","Spekkelaan","Lisse","Lisse","Zuid-Holland",true,52.258324,4.542328,"injury","2","clear",false,1,"GM0553"
"20230037753",2023,"Uitsluitend materiele schade",2,"Personenauto","Fiets","Flank","Rotonde",30,"Niet brandend","Daglicht","Droog",\N,\N,"Beukenlaan","Heerhugowaard","Dijk en Waard","Noord-Holland",false,52.663051,4.850284,"material damage only","4","clear",false,1,"GM1980"
"20230038376",2023,"Letsel",3,"Fiets","Fiets","Onbekend","Rechte weg",30,"Niet brandend","Daglicht","Droog",\N,\N,"Harmenjansweg","Haarlem","Haarlem","Noord-Holland",false,52.385246,4.648283,"injury","2","clear",false,1,"GM0392"
"20230047078",2023,"Letsel",2,"Bestelauto","Fiets","Onbekend","Rechte weg",30,"Niet brandend","Daglicht","Droog",\N,"308348011","Westdijk","Bunschoten-Spakenburg","Bunschoten","Utrecht",false,52.256219,5.376673,"injury","2","clear",false,1,"GM0313"
"20230049988",2023,"Letsel",2,"Personenauto","Fiets","Flank","Bocht",30,"Niet brandend","Daglicht","Droog",\N,"600210074","Delftselaan","'s-Gravenhage","'s-Gravenhage","Zuid-Holland",false,52.069416,4.296324,"injury","2","clear",false,1,"GM0518"
"20230049995",2023,"Letsel",2,"Bromfiets","Fiets","Flank","Kruispunt, 4 takken",50,"Niet brandend","Daglicht","Droog",\N,\N,"Burg Van Leeuwenlaan","Amsterdam","Amsterdam","Noord-Holland",false,52.376192,4.812375,"injury","2","clear",false,1,"GM0363"
"20230051726",2023,"Letsel",2,"Bromfiets","Fiets","Flank","Rotonde",30,"Niet brandend","Daglicht","Droog",\N,\N,"Stadionlaan","Rotterdam","Rotterdam","Zuid-Holland",false,51.894055,4.528868,"injury","2","clear",false,1,"GM0599"
"20230056982",2023,"Uitsluitend materiele schade",2,"Personenauto","Fiets","Flank","Kruispunt, 3 takken",30,"Niet brandend","Daglicht","Droog",\N,\N,"Meerveldstraat","Almere","Almere","Flevoland",false,52.344281,5.205654,"material damage only","4","clear",false,1,"GM0034"
"20240130062",2024,"Uitsluitend materiele schade",2,"Personenauto","Fiets","Flank","Rotonde",50,"Niet brandend","Schemer","Droog",\N,\N,"Staringstraat","Hengelo","Hengelo (O)","Overijssel",false,52.261903,6.823137,"material damage only","4","clear",false,1,\N
"20240130910",2024,"Uitsluitend materiele schade",2,"Fiets","Fiets","Onbekend","Rechte weg",30,"Niet brandend","Daglicht","Droog",\N,"233376129","Cornelis de Grootpad","Amsterdam","Amsterdam","Noord-Holland",false,52.382518,4.825636,"material damage only","4","clear",false,1,"GM0363"
"20230038419",2023,"Letsel",2,"Snorfiets","Fiets","Flank","Rechte weg",30,"Niet brandend","Daglicht","Droog",\N,"600424141","Somapad","Ede","Ede","Gelderland",false,52.031974,5.656545,"injury","2","clear",false,1,"GM0228"
"20230046532",2023,"Uitsluitend materiele schade",2,"Personenauto","Fiets","Onbekend","Rotonde",50,"Niet brandend","Daglicht","Droog",\N,\N,"Frankenburgsingel","Hoofddorp","Haarlemmermeer","Noord-Holland",false,52.305391,4.661751,"material damage only","4","clear",false,1,"GM0394"
"20240131726",2024,"Letsel",2,"Fiets","Personenauto","Flank","Rotonde",50,"Niet brandend","Daglicht","Droog",\N,\N,"Leenderbos","Hoofddorp","Haarlemmermeer","Noord-Holland",false,52.307392,4.654741,"injury","2","clear",false,1,"GM0394"
"20240132597",2024,"Letsel",1,"Fiets",\N,"Flank","Rechte weg",50,"Brandend","Duisternis","Droog",\N,"601240266","Spoorstraat","Gouda","Gouda","Zuid-Holland",false,52.016248,4.709582,"injury","2","clear",false,1,"GM0513"
"20240131958",2024,"Letsel",1,"Fiets",\N,"Onbekend","Rechte weg",50,"Brandend","Duisternis","Droog",\N,"600752485","Waddenzeestraat","Den Helder","Den Helder","Noord-Holland",false,52.94263,4.750116,"injury","2","clear",false,1,"GM0400"
"20240133696",2024,"Letsel",2,"Snorfiets","e-bike","Frontaal","Kruispunt, 4 takken",50,"Niet brandend","Duisternis","Droog",\N,\N,"Ypenburgse Boslaan","'s-Gravenhage","'s-Gravenhage","Zuid-Holland",false,52.052655,4.383556,"injury","2","clear",false,1,"GM0518"
"20240133707",2024,"Uitsluitend materiele schade",2,"Personenauto","Fiets","Onbekend","Rotonde",50,"Niet brandend","Daglicht","Droog",\N,\N,"Papsouwselaan","Delft","Delft","Zuid-Holland",false,51.99737,4.355017,"material damage only","4","clear",false,1,"GM0503"
"20240133750",2024,"Letsel",1,"Fiets",\N,"Onbekend","Rechte weg",15,"Niet brandend","Daglicht","Droog",\N,"187327109","Breestraat","Leiden","Leiden","Zuid-Holland",false,52.158152,4.490381,"injury","2","clear",false,1,"GM0546"
"20230039594",2023,"Letsel",2,"Bromfiets","Fiets","Flank","Kruispunt, 3 takken",50,"Niet brandend","Daglicht","Droog",\N,\N,"Schipholweg","Leiden","Leiden","Zuid-Holland",false,52.170013,4.489147,"injury","2","clear",false,1,"GM0546"
"20230040151",2023,"Letsel",2,"Bromfiets","Fiets","Flank","Rechte weg",80,"Niet brandend","Daglicht","Droog",\N,"600667109","Provincialeweg","Amsterdam","Amsterdam","Noord-Holland",false,52.304972,5.011843,"injury","2","clear",false,1,"GM0363"
"20230048356",2023,"Uitsluitend materiele schade",2,"Personenauto","Fiets","Flank","Kruispunt, 3 takken",50,"Niet brandend","Daglicht","Droog",\N,\N,"IJpenbroekweg","Nijmegen","Nijmegen","Gelderland",false,51.834061,5.797592,"material damage only","4","clear",false,1,"GM0268"
"20220198784",2022,"Letsel",2,"Personenauto","Fiets","Flank","Kruispunt, 3 takken",50,"Niet brandend","Daglicht","Droog",\N,\N,"Drususstraat","Nijmegen","Nijmegen","Gelderland",false,51.833763,5.892889,"injury","2","clear",false,1,"GM0268"
"20220206789",2022,"Dodelijk",2,"Bromfiets","e-bike","Flank","Kruispunt, 4 takken",\N,"Niet aanwezig","Daglicht","Droog",\N,\N,"Bus en Dam","Assendelft","Zaanstad","Noord-Holland",false,52.501432,4.741038,"fatal","1","clear",false,1,"GM0479"
"20220220933",2022,"Uitsluitend materiele schade",2,"Personenauto","Fiets","Flank","Rotonde",50,"Brandend","Duisternis","Droog",\N,\N,"Westlandseweg","Maassluis","Maassluis","Zuid-Holland",false,51.926884,4.246704,"material damage only","4","clear",false,1,"GM0556"
"20220207356",2022,"Uitsluitend materiele schade",2,"Fiets","Bus","Flank","Kruispunt, 4 takken",50,"Niet brandend","Daglicht","Droog",\N,\N,"Dorpsstraat","Zwaag","Hoorn","Noord-Holland",false,52.664886,5.063465,"material damage only","4","clear",false,1,"GM0405"
"20220215217",2022,"Letsel",2,"Personenauto","Fiets","Frontaal","Rotonde",50,"Brandend","Duisternis","Droog",\N,\N,"Weeresteinstraat","Hillegom","Hillegom","Zuid-Holland",false,52.295847,4.579242,"injury","2","clear",false,1,"GM0534"
"20220224458",2022,"Uitsluitend materiele schade",2,"Bromfiets","Fiets","Flank","Rechte weg",30,"Brandend","Schemer","Droog",\N,\N,"Bouwlingplein","Oosterhout","Oosterhout","Noord-Brabant",false,51.643017,4.854112,"material damage only","4","clear",false,1,"GM0826"
"20220230612",2022,"Uitsluitend materiele schade",3,"Personenauto","Fiets","Flank","Rotonde",50,"Niet brandend","Daglicht","Regen",\N,\N,"Kerkeveldlaan","Roermond","Roermond","Limburg",false,51.192104,6.01326,"material damage only","4","rain",false,1,"GM0957"
"20220211631",2022,"Uitsluitend materiele schade",2,"Bestelauto","Fiets","Flank","Rechte weg",50,"Niet brandend","Daglicht","Droog",\N,\N,"Stadionweg","Amsterdam","Amsterdam","Noord-Holland",false,52.348777,4.883225,"material damage only","4","clear",false,1,"GM0363"
"20220214515",2022,"Letsel",2,"Fiets",\N,"Eenzijdig","Rechte weg",\N,"Niet brandend","Daglicht","Droog",\N,\N,"Galgeweg","Naaldwijk","Westland","Zuid-Holland",false,51.983079,4.206347,"injury","2","clear",false,1,"GM1783"
"20220217374",2022,"Uitsluitend materiele schade",2,"Personenauto","Fiets","Kop/staart","Rechte weg",50,"Niet brandend","Daglicht","Droog",\N,"156314019","Dr. Lelykade","'s-Gravenhage","'s-Gravenhage","Zuid-Holland",false,52.097602,4.269604,"material damage only","4","clear",false,1,"GM0518"
"20220228162",2022,"Letsel",2,"Personenauto","Fiets","Geparkeerd voertuig","Rechte weg",30,"Niet brandend","Daglicht","Droog",\N,"347173029","Kanaalboulevard","Helmond","Helmond","Noord-Brabant",false,51.470849,5.659683,"injury","2","clear",false,1,"GM0794"
"20220231499",2022,"Uitsluitend materiele schade",2,"Personenauto","Fiets","Flank","Kruispunt, 3 takken",30,"Brandend","Duisternis","Droog",\N,\N,"Sint Lucassingel","Maastricht","Maastricht","Limburg",false,50.856132,5.668914,"material damage only","4","clear",false,1,"GM0935"
"20220213736",2022,"Uitsluitend materiele schade",1,"Fiets",\N,"Onbekend","Rechte weg",30,"Brandend","Duisternis","Regen",\N,"600107752","Bezuidenhoutseweg","'s-Gravenhage","'s-Gravenhage","Zuid-Holland",false,52.091098,4.342217,"material damage only","4","rain",false,1,"GM0518"
"20220214592",2022,"Letsel",1,"Fiets",\N,"Eenzijdig",\N,30,\N,"Daglicht",\N,\N,"165302064","Karel Doormanlaan","Rijswijk","Rijswijk","Zuid-Holland",false,52.045329,4.331907,"injury","2","unknown",false,1,\N
"20220221034",2022,"Letsel",2,"Personenauto","Fiets","Flank","Rechte weg",50,"Brandend","Duisternis","Droog",\N,\N,"Vierhavensstraat","Rotterdam","Rotterdam","Zuid-Holland",false,51.910539,4.433976,"injury","2","clear",false,1,"GM0599"
"20220229614",2022,"Uitsluitend materiele schade",2,"Personenauto","Fiets","Onbekend",\N,30,\N,"Daglicht",\N,\N,"323173080","Winston Churchilllaan","Eindhoven","Eindhoven","Noord-Brabant",false,51.467689,5.483527,"material damage only","4","unknown",false,1,"GM0772"
"20220232258",2022,"Uitsluitend materiele schade",1,"Fiets",\N,"Onbekend","Rotonde",50,"Brandend","Schemer","Regen",\N,\N,"Dorpstraat","Maastricht","Maastricht","Limburg",false,50.837089,5.726054,"material damage only","4","rain",false,1,"GM0935"
"20220207501",2022,"Letsel",2,"Personenauto","Fiets","Flank","Kruispunt, 4 takken",60,"Niet brandend","Daglicht","Droog",\N,\N,"Zeeweg","Sint Maartensvlotbrug","Schagen","Noord-Holland",false,52.786581,4.706835,"injury","2","clear",false,1,"GM0441"
"20220219623",2022,"Letsel",2,"Fiets","Fiets","Onbekend","Rechte weg",30,"Brandend","Duisternis",\N,"Brug/viaduct","250258015","RYKSWG","Gorinchem","Gorinchem","Zuid-Holland",false,51.856925,4.955686,"injury","2","unknown",false,1,"GM0512"
"20220227436",2022,"Letsel",2,"Bromfiets","e-bike","Flank","Kruispunt, 4 takken",50,"Niet brandend","Daglicht","Droog",\N,\N,"Verdilaan","Heesch","Bernheze","Noord-Brabant",false,51.732075,5.5382,"injury","2","clear",false,1,"GM1721"
"20220200440",2022,"Uitsluitend materiele schade",2,"Personenauto","Fiets","Flank","Kruispunt, 4 takken",50,"Niet brandend","Daglicht","Droog",\N,\N,"Rijlaan","Groesbeek","Berg en Dal","Gelderland",false,51.774416,5.928305,"material damage only","4","clear",false,1,"GM1945"
"20220097755",2022,"Dodelijk",2,"Personenauto","Fiets","Frontaal","Rechte weg",80,"Niet brandend","Daglicht","Droog",\N,\N,"Fliertweg","Wilp","Voorst","Gelderland",false,52.214574,6.125197,"fatal","1","clear",false,1,"GM0285"
"20220212445",2022,"Letsel",3,"Bestelauto","Fiets","Onbekend","Kruispunt, 4 takken",30,"Niet brandend","Daglicht","Droog",\N,\N,"Cornelis Schuytstraat","Amsterdam","Amsterdam","Noord-Holland",false,52.353709,4.872394,"injury","2","clear",false,1,"GM0363"
"20220232359",2022,"Uitsluitend materiele schade",2,"Personenauto","Fiets","Flank","Rechte weg",50,"Niet brandend","Schemer","Droog",\N,"386041023","Hogeweg","Voerendaal","Voerendaal","Limburg",false,50.876142,5.933073,"material damage only","4","clear",false,1,"GM0986"
"20220199145",2022,"Uitsluitend materiele schade",3,"Personenauto","Fiets","Onbekend","Kruispunt, 4 takken",50,"Niet brandend","Daglicht","Droog",\N,\N,"Robert Stolzstraat","Hengelo","Hengelo (O)","Overijssel",false,52.285579,6.827779,"material damage only","4","clear",false,1,\N
"20220210396",2022,"Letsel",1,"Fiets",\N,"Eenzijdig",\N,50,\N,"Daglicht",\N,\N,"244369068","Amsteldijk","Amsterdam","Amsterdam","Noord-Holland",false,52.349044,4.910082,"injury","2","unknown",false,1,"GM0363"
"20220211825",2022,"Uitsluitend materiele schade",2,"Personenauto","Fiets","Flank","Kruispunt, 4 takken",50,"Brandend","Duisternis","Regen",\N,\N,"Admiraal De Ruijterweg","Amsterdam","Amsterdam","Noord-Holland",false,52.382524,4.851347,"material damage only","4","rain",false,1,"GM0363"
"20220202604",2022,"Uitsluitend materiele schade",3,"Personenauto","Fiets","Onbekend","Kruispunt, 4 takken",50,"Niet brandend","Daglicht","Regen",\N,\N,"Parkwijklaan","Almere","Almere","Flevoland",false,52.374663,5.240002,"material damage only","4","rain",false,1,"GM0034"
"20220209269",2022,"Uitsluitend materiele schade",2,"Personenauto","Fiets","Flank","Kruispunt, 3 takken",50,"Brandend","Schemer","Regen",\N,\N,"Sluispolderweg","Zaandam","Zaanstad","Noord-Holland",false,52.428247,4.856336,"material damage only","4","rain",false,1,"GM0479"