"accident_id","year","severity_raw","party_count","party1_type","party2_type","accident_type","road_situation","speed_limit_kmh","road_lighting","light_condition_label","weather_raw","infra_type","road_segment_id","street_name","place_name","gemeente_name_raw","province","alcohol_indicated","latitude","longitude","severity_label","severity_code","weather_label","built_up_area","cyclists_involved","gemeente_code"
"20220210453",2022,"Letsel",2,"Fiets","Fiets","Flank","Rechte weg",\N,"Niet brandend","Daglicht","Droog",\N,"601019409","Stadhouderskade","Amsterdam","Amsterdam","Noord-Holland",false,52.35802,4.891438,"injury","2","clear",false,1,"GM0363"
"20220219722",2022,"Letsel",2,"Bromfiets","Fiets","Flank","Kruispunt, 4 takken",30,"Brandend","Schemer","Regen",\N,\N,"Ringdijk","Ridderkerk","Ridderkerk","Zuid-Holland",false,51.884704,4.615642,"injury","2","rain",false,1,"GM0597"
"20220223939",2022,"Letsel",2,"Personenauto","Fiets","Geparkeerd voertuig","Rechte weg",30,"Niet brandend","Daglicht","Droog","Parkeervoorziening",\N,"De Spinne","Goes","Goes","Zeeland",false,51.513893,3.87914,"injury","2","clear",false,1,"GM0664"
"20220214820",2022,"Uitsluitend materiele schade",2,"Personenauto","e-bike","Onbekend","Rotonde",50,"Niet brandend","Schemer","Droog",\N,\N,"Frederik van Eedenplein","Hazerswoude-Rijndijk","Alphen aan den Rijn","Zuid-Holland",false,52.129068,4.588022,"material damage only","4","clear",false,1,"GM0484"
"20220229192",2022,"Letsel",2,"Fiets","Fiets","Onbekend","Rechte weg",50,"Niet brandend","Daglicht","Droog",\N,"600817094","Floreffestraat","Helmond","Helmond","Noord-Brabant",false,51.47393,5.661206,"injury","2","clear",false,1,"GM0794"
"20220231036",2022,"Uitsluitend materiele schade",2,"Personenauto","e-bike","Flank","Rotonde",50,"Niet brandend","Daglicht","Droog",\N,\N,"Rijksstraatweg","Lomm","Venlo","Limburg",false,51.448144,6.17415,"material damage only","4","clear",false,1,"GM0983"
"20220217686",2022,"Letsel",2,"Fiets","Fiets","Onbekend","Rechte weg",30,"Brandend","Duisternis","Sneeuw/Hagel",\N,"163312080","Mauvestraat","'s-Gravenhage","'s-Gravenhage","Zuid-Holland",false,52.090575,4.319977,"injury","2","unknown",false,1,"GM0518"
"20220219831",2022,"Letsel",2,"Bromfiets","Fiets","Frontaal","Rechte weg",50,"Niet brandend","Daglicht","Droog",\N,"198279018","Capelseweg","Capelle aan den IJssel","Capelle aan den IJssel","Zuid-Holland",false,51.941758,4.574766,"injury","2","clear",false,1,"GM0502"
"20220162284",2022,"Dodelijk",2,"Personenauto","Fiets","Frontaal","Kruispunt, 3 takken",60,"Brandend","Schemer","Droog",\N,\N,"Roordaweg","Niebert","Westerkwartier","Groningen",false,53.174949,6.331301,"fatal","1","clear",false,1,"GM1969"
"20220207897",2022,"Letsel",2,"Bestelauto","Fiets","Flank","Kruispunt, 4 takken",50,"Niet brandend","Daglicht","Droog",\N,\N,"Butter","Obdam","Koggenland","Noord-Holland",false,52.672505,4.893003,"injury","2","clear",false,1,"GM1598"
"20220213276",2022,"Letsel",2,"Trekker","Fiets","Geparkeerd voertuig","Rechte weg",50,"Niet brandend","Daglicht","Regen",\N,"157315085","Duinstraat","'s-Gravenhage","'s-Gravenhage","Zuid-Holland",false,52.101622,4.275972,"injury","2","rain",false,1,"GM0518"
"20220219996",2022,"Uitsluitend materiele schade",2,"Snorfiets","e-bike","Frontaal","Rechte weg",30,"Niet brandend","Daglicht","Droog",\N,"600727752","Coolsingel","Rotterdam","Rotterdam","Zuid-Holland",false,51.92307,4.478354,"material damage only","4","clear",false,1,"GM0599"
"20220224134",2022,"Letsel",2,"Fiets","Fiets","Flank","Rechte weg",50,"Niet brandend","Daglicht","Droog",\N,"244201009","Statenlaan","Rijen","Gilze en Rijen","Noord-Brabant",false,51.597117,4.91429,"injury","2","clear",false,1,"GM0784"
"20220231938",2022,"Uitsluitend materiele schade",2,"Personenauto","Fiets","Los voorwerp","Kruispunt, 3 takken",50,"Niet brandend","Daglicht","Droog",\N,\N,"Prins Hendrikstraat","Eijsden","Eijsden-Margraten","Limburg",false,50.772824,5.709649,"material damage only","4","clear",false,1,"GM1903"
"20220203653",2022,"Uitsluitend materiele schade",2,"Personenauto","Fiets","Onbekend","Rotonde",30,"Niet brandend","Daglicht","Droog",\N,\N,"Leyenseweg","Bilthoven","De Bilt","Utrecht",false,52.128733,5.191644,"material damage only","4","clear",false,1,"GM0310"
"20220205118",2022,"Letsel",2,"Personenauto","Fiets","Flank","Kruispunt, 4 takken",30,"Niet brandend","Daglicht","Droog",\N,\N,"Aleida van Culemborgstr","IJsselstein","IJsselstein","Utrecht",false,52.016872,5.043439,"injury","2","clear",false,1,"GM0353"
"20220207027",2022,"Uitsluitend materiele schade",2,"Bromfiets","Fiets","Flank","Rechte weg",50,"Niet brandend","Daglicht","Droog",\N,"231393021","Leliestraat","Koog aan de Zaan","Zaanstad","Noord-Holland",false,52.457708,4.809026,"material damage only","4","clear",false,1,"GM0479"
"20220209496",2022,"Uitsluitend materiele schade",2,"Snorfiets","Fiets","Onbekend","Kruispunt, 4 takken",50,"Brandend","Duisternis","Droog",\N,\N,"Koestraat","Purmerend","Purmerend","Noord-Holland",false,52.507683,4.947754,"material damage only","4","clear",false,1,"GM0439"
"20220214970",2022,"Letsel",2,"e-bike","Trekker met oplegger","Frontaal","Bocht",60,"Niet brandend","Daglicht","Droog",\N,"203268003","Middelland","Krimpen aan de Lek","Krimpenerwaard","Zuid-Holland",false,51.894177,4.618241,"injury","2","clear",false,1,"GM1931"
"20220216473",2022,"Letsel",1,"Fiets",\N,"Eenzijdig","Kruispunt, 4 takken",50,"Brandend","Schemer","Droog",\N,\N,"Gentseweg","Gouda","Gouda","Zuid-Holland",false,52.019995,4.690061,"injury","2","clear",false,1,"GM0513"
"20220219208",2022,"Uitsluitend materiele schade",2,"Personenauto","Fiets","Flank","Rotonde",50,"Niet brandend","Daglicht","Droog",\N,\N,"President Rooseveltweg","Rotterdam","Rotterdam","Zuid-Holland",false,51.956692,4.532592,"material damage only","4","clear",false,1,"GM0599"
"20220226683",2022,"Uitsluitend materiele schade",2,"Fiets","Vrachtauto","Flank","Bocht",50,"Niet brandend","Daglicht","Regen",\N,"266222060","Wilhelminastraat","Waalwijk","Waalwijk","Noord-Brabant",false,51.687959,5.0699,"material damage only","4","rain",false,1,"GM0867"
"20220231983",2022,"Uitsluitend materiele schade",2,"Fiets","e-bike","Frontaal","Rechte weg",80,"Niet brandend","Schemer","Droog",\N,"600826483","Kekelenpad","Beek","Beek","Limburg",false,50.931053,5.780374,"material damage only","4","clear",false,1,\N
"20220200114",2022,"Uitsluitend materiele schade",2,"Personenauto","e-bike","Flank","Kruispunt, 4 takken",50,"Brandend","Duisternis","Regen",\N,\N,"Methen","Zevenaar","Zevenaar","Gelderland",false,51.927336,6.055934,"material damage only","4","rain",false,1,"GM0299"
"20220207972",2022,"Letsel",2,"Fiets","Fiets","Onbekend","Rechte weg",50,"Niet brandend","Daglicht","Droog",\N,"600699588","Havinghastraat","Alkmaar","Alkmaar","Noord-Holland",false,52.648859,4.740347,"injury","2","clear",false,1,"GM0361"
"20220217192",2022,"Letsel",1,"Fiets",\N,"Eenzijdig","Rechte weg",30,"Brandend","Schemer","Regen",\N,"180334049","Sandtlaan","Rijnsburg","Katwijk","Zuid-Holland",false,52.189223,4.439845,"injury","2","rain",false,1,"GM0537"
"20220217197",2022,"Letsel",1,"e-bike",\N,"Eenzijdig","Kruispunt, 4 takken",\N,"Niet brandend","Daglicht","Droog",\N,\N,"Van Zeggelenlaan","'s-Gravenhage","'s-Gravenhage","Zuid-Holland",false,52.056541,4.315762,"injury","2","clear",false,1,"GM0518"
"20220200206",2022,"Uitsluitend materiele schade",2,"Personenauto","Fiets","Flank","Kruispunt, 3 takken",50,"Niet aanwezig","Daglicht","Droog",\N,\N,"Dr Albert Schweitzerlaan","Hardenberg","Hardenberg","Overijssel",false,52.578125,6.634714,"material damage only","4","clear",false,1,"GM0160"
"20220205226",2022,"Letsel",2,"Snorfiets","e-bike","Frontaal","Rechte weg",\N,"Brandend","Duisternis","Droog",\N,\N,"Heemskinderenstraat","Amersfoort","Amersfoort","Utrecht",false,52.17095,5.39008,"injury","2","clear",false,1,"GM0307"
"20220208071",2022,"Uitsluitend materiele schade",3,"Fiets","Personenauto","Onbekend","Rechte weg",30,"Niet brandend","Daglicht","Droog",\N,"600738729","Zandvoortselaan","Heemstede","Heemstede","Noord-Holland",false,52.359843,4.604637,"material damage only","4","clear",false,1,"GM0397"
"20220211482",2022,"Letsel",2,"Snorfiets","Fiets","Flank","Kruispunt, 3 takken",50,"Niet brandend","Daglicht","Regen",\N,\N,"Ranonkelkade","Amsterdam","Amsterdam","Noord-Holland",false,52.38601,4.907562,"injury","2","rain",false,1,"GM0363"
"20220217954",2022,"Letsel",2,"Personenauto","Fiets","Flank","Rotonde",50,"Niet brandend","Daglicht","Regen",\N,\N,"Sylviusweg","Leiden","Leiden","Zuid-Holland",false,52.167252,4.467306,"injury","2","rain",false,1,"GM0546"
"20220219323",2022,"Uitsluitend materiele schade",2,"Fiets","Bestelauto","Los voorwerp","Kruispunt, 3 takken",50,"Niet brandend","Daglicht","Droog",\N,\N,"De Rik","Brielle","Voorne aan Zee","Zuid-Holland",false,51.896644,4.159715,"material damage only","4","clear",false,1,"GM1992"
"20240136410",2024,"Letsel",2,"Fiets","Personenauto","Flank","Rechte weg",30,"Niet brandend","Daglicht","Droog",\N,"335163008","Sluisstraat","Geldrop","Geldrop-Mierlo","Noord-Brabant",false,51.422701,5.571054,"injury","2","clear",false,1,"GM1771"
"20240138304",2024,"Uitsluitend materiele schade",2,"Personenauto","Fiets","Kop/staart","Rechte weg",30,"Niet brandend","Daglicht","Droog",\N,"393344042","Nijbroekseweg","Apeldoorn","Apeldoorn","Gelderland",false,52.235409,5.998582,"material damage only","4","clear",false,1,"GM0200"
"20240140627",2024,"Uitsluitend materiele schade",2,"Fiets","Personenauto","Onbekend","Rotonde",50,"Niet brandend","Daglicht","Droog",\N,\N,"Energieweg","Doetinchem","Doetinchem","Gelderland",false,51.96933,6.273197,"material damage only","4","clear",false,1,"GM0222"
"20240144918",2024,"Uitsluitend materiele schade",2,"Bromfiets","Fiets","Flank","Kruispunt, 4 takken",50,"Niet brandend","Daglicht","Droog",\N,\N,"Biezeveld","Rotterdam","Rotterdam","Zuid-Holland",false,51.873367,4.481863,"material damage only","4","clear",false,1,"GM0599"
"20240139707",2024,"Uitsluitend materiele schade",2,"Fiets","Bromfiets","Flank","Kruispunt, 3 takken",60,"Brandend","Schemer","Droog","Brug/viaduct",\N,"Hoendiep","Enumatil","Westerkwartier","Groningen",false,53.210755,6.434882,"material damage only","4","clear",false,1,"GM1969"
"20240139736",2024,"Letsel",2,"Personenauto","Fiets","Kop/staart","Rechte weg",30,\N,"Duisternis","Droog",\N,"466564011","Kleine Rozenstraat","Groningen","Groningen","Groningen",false,53.223058,6.559728,"injury","2","clear",false,1,"GM0014"
"20240144304",2024,"Letsel",2,"Personenauto","Fiets","Flank","Kruispunt, 4 takken",30,"Brandend","Duisternis","Droog",\N,\N,"Postjeskade","Amsterdam","Amsterdam","Noord-Holland",false,52.363404,4.853368,"injury","2","clear",false,1,"GM0363"
"20240135846",2024,"Uitsluitend materiele schade",2,"Personenauto","Fiets","Los voorwerp","Rotonde",50,"Niet aanwezig","Daglicht","Regen",\N,\N,"Giessenbaan","Rotterdam","Rotterdam","Zuid-Holland",false,51.930543,4.434464,"material damage only","4","rain",false,1,"GM0599"
"20240137109",2024,"Uitsluitend materiele schade",2,"Personenauto","Fiets","Frontaal","Rechte weg",30,"Niet brandend","Daglicht","Regen",\N,"355124142","Graafschap Hornelaan","Weert","Weert","Limburg",false,51.251442,5.714184,"material damage only","4","rain",false,1,"GM0988"
"20240142194",2024,"Uitsluitend materiele schade",2,"Bromfiets","Fiets","Onbekend","Kruispunt, 4 takken",30,"Niet brandend","Daglicht","Droog",\N,\N,"Zomervaart","Haarlem","Haarlem","Noord-Holland",false,52.374513,4.657355,"material damage only","4","clear",false,1,"GM0392"
"20240144336",2024,"Letsel",1,"Fiets",\N,"Onbekend","Rechte weg",50,"Niet brandend","Daglicht","Regen",\N,"600712830","Poeldijksepad","Honselersdijk","Westland","Zuid-Holland",false,52.010583,4.227951,"injury","2","rain",false,1,"GM1783"
"20240144372",2024,"Letsel",3,"Personenauto","Fiets","Los voorwerp","Kruispunt, 4 takken",30,"Niet brandend","Daglicht","Droog",\N,\N,"Haarlemmerstraat","Amsterdam","Amsterdam","Noord-Holland",true,52.38054,4.89101,"injury","2","clear",false,1,"GM0363"
"20240135296",2024,"Letsel",2,"Personenauto","Fiets","Los voorwerp","Kruispunt, 3 takken",30,"Niet brandend","Daglicht","Droog",\N,\N,"Wilhelminastraat","Sint Jansteen","Hulst","Zeeland",false,51.261344,4.051963,"injury","2","clear",false,1,"GM0677"
"20240144453",2024,"Letsel",2,"Personenauto","Fiets","Flank","Kruispunt, 4 takken",50,"Niet brandend","Daglicht","Regen",\N,\N,"Grote Heistraat","Wernhout","Zundert","Noord-Brabant",false,51.459445,4.641323,"injury","2","rain",false,1,"GM0879"
"20240136603",2024,"Letsel",2,"Personenauto","Fiets","Onbekend","Rotonde",50,"Niet brandend","Daglicht","Droog",\N,\N,"Adelbert van Scharnlaan","Maastricht","Maastricht","Limburg",false,50.845503,5.718749,"injury","2","clear",false,1,"GM0935"
"20240138538",2024,"Uitsluitend materiele schade",2,"Fiets","Personenauto","Flank","Rotonde",50,"Niet brandend","Daglicht","Droog",\N,\N,"Duistervoordseweg","Twello","Voorst","Gelderland",false,52.232381,6.094149,"material damage only","4","clear",false,1,"GM0285"
"20240139159",2024,"Letsel",2,"Fiets","Personenauto","Onbekend","Kruispunt, 4 takken",50,"Niet brandend","Daglicht","Droog",\N,\N,"Zuiderkruisweg","Leeuwarden","Leeuwarden","Friesland",false,53.194831,5.845121,"injury","2","clear",false,1,"GM0080"
"20240136023",2024,"Letsel",3,"Personenauto","Fiets","Vast voorwerp","Rechte weg",50,"Brandend","Duisternis","Droog",\N,"184277008","Zaagmolenstraat","Rotterdam","Rotterdam","Zuid-Holland",true,51.93539,4.47836,"injury","2","clear",false,1,"GM0599"
"20240141917",2024,"Uitsluitend materiele schade",2,"Personenauto","Fiets","Flank","Rechte weg",30,"Niet brandend","Daglicht","Droog",\N,"245372028","Roetersstraat","Amsterdam","Amsterdam","Noord-Holland",false,52.363431,4.910707,"material damage only","4","clear",false,1,"GM0363"
"20240142378",2024,"Letsel",1,"Fiets",\N,"Onbekend","Rechte weg",50,"Brandend","Duisternis","Droog","Tunnel","600746156","Spieringweg","Vijfhuizen","Haarlemmermeer","Noord-Holland",false,52.347754,4.673894,"injury","2","clear",false,1,"GM0394"
"20240136694",2024,"Uitsluitend materiele schade",2,"Bestelauto","Fiets","Flank","Rechte weg",50,"Niet brandend","Daglicht","Droog",\N,"600790942","Nieuwstraat","Eersel","Eersel","Noord-Brabant",false,51.363725,5.318344,"material damage only","4","clear",false,1,"GM0770"
"20240137305",2024,"Uitsluitend materiele schade",2,"Personenauto","Fiets","Frontaal","Kruispunt, 4 takken",50,"Niet brandend","Daglicht","Droog",\N,\N,"Navolaan","Heerlen","Heerlen","Limburg",false,50.918403,5.959242,"material damage only","4","clear",false,1,"GM0917"
"20240141195",2024,"Letsel",1,"Fiets",\N,"Onbekend","Rechte weg",\N,"Niet brandend","Duisternis","Regen",\N,"601061147","Stroeërweg","Stroe","Barneveld","Gelderland",false,52.176368,5.673722,"injury","2","rain",false,1,"GM0203"
"20240142886",2024,"Letsel",2,"Snorfiets","Fiets","Onbekend","Bocht",50,"Niet brandend","Daglicht","Droog",\N,"225435001","Burgpoelwaard","Alkmaar","Alkmaar","Noord-Holland",false,52.644442,4.762659,"injury","2","clear",false,1,"GM0361"
"20240149281",2024,"Letsel",2,"Fiets","Personenauto","Frontaal","Kruispunt, 4 takken",50,"Brandend","Schemer","Droog",\N,\N,"van Rosenburgweg","Nijmegen","Nijmegen","Gelderland",false,51.820505,5.78311,"injury","2","clear",false,1,"GM0268"
"20240141247",2024,"Uitsluitend materiele schade",2,"Fiets","Fiets","Onbekend","Kruispunt, 3 takken",50,"Niet brandend","Daglicht","Droog",\N,\N,"Blaloweg","Zwolle","Zwolle","Overijssel",false,52.518035,6.081267,"material damage only","4","clear",false,1,"GM0193"
"20240142936",2024,"Uitsluitend materiele schade",2,"Personenauto","Fiets","Frontaal","Kruispunt, 3 takken",50,"Niet brandend","Daglicht","Droog",\N,\N,"Geesterweg","Uitgeest","Uitgeest","Noord-Holland",false,52.537063,4.715539,"material damage only","4","clear",false,1,"GM0450"
"20240151162",2024,"Letsel",3,"Fiets","Fiets","Kop/staart","Rechte weg",30,"Brandend","Duisternis","Droog",\N,"600695062","W Frederik Hermansstr","Utrecht","Utrecht","Utrecht",true,52.099392,5.049518,"injury","2","clear",false,1,"GM0344"
"20240151194",2024,"Letsel",2,"Personenauto","Fiets","Flank","Kruispunt, 3 takken",50,"Niet brandend","Daglicht","Droog",\N,\N,"Woudweg","Klarenbeek","Apeldoorn","Gelderland",false,52.16404,6.055457,"injury","2","clear",false,1,"GM0200"
"20240135495",2024,"Letsel",2,"Fiets","Voetganger","Voetganger","Rechte weg",50,"Brandend","Daglicht","Droog",\N,"167260016","Baarsweg","Hoogvliet Rotterdam","Rotterdam","Zuid-Holland",false,51.857976,4.351809,"injury","2","clear",false,1,"GM0599"
"20240142073",2024,"Uitsluitend materiele schade",2,"Personenauto","Fiets","Flank","Rechte weg",50,"Niet brandend","Daglicht","Droog",\N,"223432140","Kwakelkade","Alkmaar","Alkmaar","Noord-Holland",false,52.633916,4.752237,"material damage only","4","clear",false,1,"GM0361"
"20240134292",2024,"Uitsluitend materiele schade",2,"Bromfiets","Fiets","Frontaal","Rechte weg",50,"Brandend","Duisternis","Droog",\N,"600621017","Korteweegje","Dirksland","Goeree-Overflakkee","Zuid-Holland",false,51.748702,4.115007,"material damage only","4","clear",false,1,"GM1924"
"20240137433",2024,"Uitsluitend materiele schade",2,"Personenauto","e-bike","Flank","Kruispunt, 4 takken",30,"Niet brandend","Daglicht","Droog",\N,\N,"Karel Mollenstraat Zuid","Valkenswaard","Valkenswaard","Noord-Brabant",false,51.353306,5.462181,"material damage only","4","clear",false,1,"GM0858"
"20240138713",2024,"Letsel",2,"Bromfiets","Fiets","Onbekend","Rechte weg",80,"Niet brandend","Daglicht","Droog",\N,"600615651","Oldenzaalsestraat","Losser","Losser","Overijssel",false,52.280994,6.966104,"injury","2","clear",false,1,"GM0168"
"20240142549",2024,"Letsel",3,"Fiets","Fiets","Flank","Kruispunt, 4 takken",50,"Niet brandend","Daglicht","Droog",\N,\N,"A F d Savornin Lohmanstr","Zaandam","Zaanstad","Noord-Holland",false,52.440859,4.826661,"injury","2","clear",false,1,"GM0479"
"20240143545",2024,"Letsel",2,"Personenauto","e-bike","Flank","Kruispunt, 4 takken",30,"Niet brandend","Daglicht","Droog",\N,\N,"Tintlaan","Zoetermeer","Zoetermeer","Zuid-Holland",false,52.043225,4.486442,"injury","2","clear",false,1,"GM0637"
"20240144138",2024,"Letsel",2,"e-bike","Trein/tram","Flank","Kruispunt, 4 takken",50,"Niet brandend","Daglicht","Droog",\N,\N,"Havannasingel","'s-Gravenhage","'s-Gravenhage","Zuid-Holland",false,52.03437,4.284289,"injury","2","clear",false,1,"GM0518"
"20240143647",2024,"Letsel",2,"Bromfiets","Fiets","Flank","Rechte weg",30,"Brandend","Duisternis","Droog",\N,"600915915","Rijksstraatweg","Wassenaar","Wassenaar","Zuid-Holland",false,52.115684,4.374335,"injury","2","clear",false,1,"GM0629"
"20240150440",2024,"Uitsluitend materiele schade",2,"Fiets","Fiets","Onbekend","Rechte weg",30,\N,"Daglicht","Regen",\N,"600756610","Nes","Schagen","Schagen","Noord-Holland",false,52.79378,4.807135,"material damage only","4","rain",false,1,"GM0441"
"20240149649",2024,"Uitsluitend materiele schade",2,"Personenauto","Fiets","Onbekend","Bocht",50,"Niet brandend","Daglicht","Regen",\N,\N,"Schoolstraat","Veendam","Veendam","Groningen",false,53.098385,6.872375,"material damage only","4","rain",false,1,"GM0047"
"20240149729",2024,"Letsel",2,"Bestelauto","Fiets","Onbekend","Kruispunt, 3 takken",30,"Brandend","Duisternis","Droog",\N,\N,"Jan Topweg","Nunspeet","Nunspeet","Gelderland",false,52.373029,5.770136,"injury","2","clear",false,1,"GM0302"
"20240136995",2024,"Letsel",2,"Personenauto","Fiets","Frontaal","Kruispunt, 4 takken",60,"Niet brandend","Daglicht","Droog",\N,\N,"Den Engelsman","Maarheeze","Cranendonck","Noord-Brabant",false,51.305754,5.635963,"injury","2","clear",false,1,"GM1706"
"20240138269",2024,"Letsel",2,"Personenauto","Fiets","Flank","Rechte weg",30,"Niet brandend","Daglicht",\N,\N,"528363026","Dorpstraat","de Lutte","Losser","Overijssel",false,52.314657,6.988754,"injury","2","unknown",false,1,"GM0168"
"20240147450",2024,"Uitsluitend materiele schade",2,"Personenauto","Fiets","Flank","Kruispunt, 4 takken",30,"Brandend","Schemer","Droog",\N,\N,"Verlengde Wilhelminastr","Hoensbroek","Heerlen","Limburg",false,50.925627,5.939647,"material damage only","4","clear",false,1,"GM0917"
"20240147455",2024,"Uitsluitend materiele schade",2,"Personenauto","Fiets","Flank","Rotonde",50,"Brandend","Daglicht","Regen",\N,\N,"Rompertsebaan","'s-Hertogenbosch","'s-Hertogenbosch","Noord-Brabant",false,51.699371,5.312038,"material damage only","4","rain",false,1,"GM0796"
"20240147573",2024,"Uitsluitend materiele schade",2,"Personenauto","Fiets","Flank","Kruispunt, 3 takken",50,"Brandend","Schemer","Droog",\N,\N,"Frederik van Eedenstraat","Venlo","Venlo","Limburg",false,51.367423,6.140352,"material damage only","4","clear",false,1,"GM0983"
"20240001626",2024,"Letsel",2,"Personenauto","Fiets","Onbekend","Kruispunt, 3 takken",50,"Brandend","Schemer","Droog",\N,\N,"Peppelweg","Rotterdam","Rotterdam","Zuid-Holland",false,51.956655,4.47816,"injury","2","clear",false,1,"GM0599"
"20240007640",2024,"Letsel",1,"Fiets",\N,"Frontaal","Kruispunt, 3 takken",50,"Niet brandend","Daglicht","Droog",\N,\N,"Ambachtstraat","Moerkapelle","Zuidplas","Zuid-Holland",false,52.040094,4.583025,"injury","2","clear",false,1,"GM1892"
"20230108098",2023,"Letsel",2,"Personenauto","Fiets","Flank","Rechte weg",50,"Brandend","Duisternis","Droog",\N,\N,"Liornestraat","Hoorn","Hoorn","Noord-Holland",false,52.650186,5.067205,"injury","2","clear",false,1,"GM0405"
"20240155850",2024,"Uitsluitend materiele schade",3,"Personenauto","Fiets","Flank","Rechte weg",60,"Niet brandend","Schemer","Droog",\N,"149189014","Eendrachtsweg","Tholen","Tholen","Zeeland",false,51.537374,4.230419,"material damage only","4","clear",false,1,"GM0716"
"20230112848",2023,"Letsel",2,"Personenauto","Fiets","Geparkeerd voertuig","Rechte weg",30,"Brandend","Schemer","Droog","Parkeervoorziening","600915437","Oosteinde","Voorburg","Leidschendam-Voorburg","Zuid-Holland",false,52.078209,4.382572,"injury","2","clear",false,1,"GM1916"
"20240003178",2024,"Uitsluitend materiele schade",2,"Trekker","Fiets","Onbekend","Bocht",50,"Niet brandend","Daglicht","Droog",\N,"600963433","van Salmstraat","Boxtel","Boxtel","Noord-Brabant",false,51.580655,5.32128,"material damage only","4","clear",false,1,"GM0757"
"20240007892",2024,"Uitsluitend materiele schade",2,"Personenauto","Fiets","Onbekend","Rechte weg",30,"Niet brandend","Daglicht","Droog",\N,"240374009","Rozengracht","Amsterdam","Amsterdam","Noord-Holland",false,52.373248,4.880083,"material damage only","4","clear",false,1,"GM0363"
"20240008532",2024,"Uitsluitend materiele schade",2,"Personenauto","Fiets","Flank","Rotonde",30,"Niet brandend","Daglicht","Droog",\N,\N,"Franklinstraat","Zoetermeer","Zoetermeer","Zuid-Holland",false,52.057269,4.519876,"material damage only","4","clear",false,1,"GM0637"
"20240008535",2024,"Letsel",2,"Fiets","Personenauto","Onbekend","Kruispunt, 3 takken",50,"Niet brandend","Daglicht",\N,\N,\N,"Oudevaart","Warmenhuizen","Schagen","Noord-Holland",false,52.715906,4.726688,"injury","2","unknown",false,1,"GM0441"
"20240011858",2024,"Letsel",2,"Personenauto","Fiets","Flank","Kruispunt, 4 takken",30,"Niet brandend","Daglicht","Regen",\N,\N,"Vrijheidslaan","Nijkerk","Nijkerk","Gelderland",false,52.225403,5.483258,"injury","2","rain",false,1,"GM0267"
"20240011311",2024,"Uitsluitend materiele schade",2,"Onbekend voertuig i.g.v. doorrijder","Fiets","Flank","Rotonde",50,"Niet brandend","Daglicht","Droog",\N,\N,"Marknesserweg","Emmeloord","Noordoostpolder","Flevoland",false,52.710604,5.764185,"material damage only","4","clear",false,1,"GM0171"
"20240151679",2024,"Uitsluitend materiele schade",2,"Fiets","Personenauto","Flank","Bocht",50,"Brandend","Duisternis","Regen",\N,"266312078","Romestraat","Utrecht","Utrecht","Utrecht",false,52.094812,5.068583,"material damage only","4","rain",false,1,"GM0344"
"20240154280",2024,"Letsel",2,"e-bike","Bromfiets","Flank","Kruispunt, 3 takken",50,"Brandend","Duisternis","Droog",\N,\N,"Prinses Mariannelaan","Voorburg","Leidschendam-Voorburg","Zuid-Holland",false,52.062689,4.349607,"injury","2","clear",false,1,"GM1916"
"20240000929",2024,"Uitsluitend materiele schade",1,"Fiets",\N,"Eenzijdig","Kruispunt, 3 takken",50,"Niet brandend","Daglicht","Sneeuw/Hagel",\N,\N,"Mr Sprenger van Eykstr","Waalwijk","Waalwijk","Noord-Brabant",false,51.688209,5.08147,"material damage only","4","unknown",false,1,"GM0867"
"20240003271",2024,"Letsel",3,"Personenauto","Fiets","Onbekend","Kruispunt, 3 takken",50,"Niet brandend","Daglicht","Droog",\N,\N,"Huizingalaan","Eindhoven","Eindhoven","Noord-Brabant",false,51.482422,5.454377,"injury","2","clear",false,1,"GM0772"
"20240010058",2024,"Letsel",1,"Fiets",\N,"Onbekend","Rechte weg",50,"Niet brandend","Daglicht","Droog",\N,"600567366","Cranenburgsestraat","Groesbeek","Berg en Dal","Gelderland",false,51.781185,5.942564,"injury","2","clear",false,1,"GM1945"
"20240011913",2024,"Uitsluitend materiele schade",3,"Fiets","Personenauto","Flank","Kruispunt, 4 takken",50,"Brandend","Duisternis","Regen",\N,\N,"BLARICUM 8","Huizen","Huizen","Noord-Holland",false,52.268116,5.20336,"material damage only","4","rain",false,1,"GM0406"
"20240022128",2024,"Letsel",1,"Fiets",\N,"Onbekend","Rechte weg",50,"Niet brandend","Daglicht","Droog",\N,"270243001","Maasdijk","Veen","Altena","Noord-Brabant",false,51.782174,5.105183,"injury","2","clear",false,1,"GM1959"
"20230108790",2023,"Uitsluitend materiele schade",2,"Personenauto","Fiets","Flank","Kruispunt, 3 takken",30,"Niet brandend","Daglicht","Regen",\N,\N,"Prinsenstraat","Hilversum","Hilversum","Noord-Holland",false,52.220483,5.171875,"material damage only","4","rain",false,1,"GM0402"
"20230113570",2023,"Uitsluitend materiele schade",2,"Fiets","Fiets","Onbekend","Rechte weg",30,"Niet brandend","Daglicht","Droog",\N,"171294033","Nassauplein","Delft","Delft","Zuid-Holland",false,52.0071,4.379926,"material damage only","4","clear",false,1,"GM0503"
"20240002869",2024,"Letsel",2,"Personenauto","Fiets","Flank","Kruispunt, 4 takken",30,\N,"Daglicht","Harde windstoten/Regen",\N,\N,"Universiteitssingel","Maastricht","Maastricht","Limburg",false,50.838412,5.716293,"injury","2","unknown",false,1,"GM0935"