"accident_id","year","severity_raw","party_count","party1_type","party2_type","accident_type","road_situation","speed_limit_kmh","road_lighting","light_condition_label","weather_raw","infra_type","road_segment_id","street_name","place_name","gemeente_name_raw","province","alcohol_indicated","latitude","longitude","severity_label","severity_code","weather_label","built_up_area","cyclists_involved","gemeente_code"
"20240002873",2024,"Uitsluitend materiele schade",2,"Personenauto","Fiets","Onbekend","Kruispunt, 3 takken",50,"Niet brandend","Daglicht","Sneeuw/Hagel",\N,\N,"Palemigerboord","Heerlen","Heerlen","Limburg",false,50.902592,5.971742,"material damage only","4","unknown",false,1,"GM0917"
"20240023281",2024,"Letsel",2,"Fiets","Fiets","Onbekend","Rechte weg",50,"Niet brandend","Daglicht","Droog",\N,"600737014","Brandingdijk","Rotterdam","Rotterdam","Zuid-Holland",false,51.987115,4.595396,"injury","2","clear",false,1,"GM0599"
"20240153067",2024,"Uitsluitend materiele schade",2,"Fiets","Vrachtauto","Flank","Kruispunt, 4 takken",\N,"Brandend","Daglicht","Droog",\N,\N,"Delflandlaan","Amsterdam","Amsterdam","Noord-Holland",false,52.351639,4.840765,"material damage only","4","clear",false,1,"GM0363"
"20240023693",2024,"Letsel",2,"Personenauto","Fiets","Onbekend","Kruispunt, 4 takken",30,"Niet brandend","Daglicht","Regen",\N,\N,"Korte Mare","Leiden","Leiden","Zuid-Holland",false,52.162406,4.490154,"injury","2","rain",false,1,"GM0546"
"20240023923",2024,"Letsel",2,"Personenauto","Fiets","Onbekend","Kruispunt, 4 takken",30,"Niet brandend","Daglicht","Droog",\N,\N,"Achilleslaan","Roermond","Roermond","Limburg",false,51.195186,6.008407,"injury","2","clear",false,1,"GM0957"
"20240002156",2024,"Letsel",2,"Motor","Fiets","Flank","Kruispunt, 3 takken",50,"Niet brandend","Daglicht","Droog",\N,\N,"Vlierdenseweg","Deurne","Deurne","Noord-Brabant",false,51.456257,5.783976,"injury","2","clear",false,1,"GM0762"
"20240002975",2024,"Letsel",2,"Personenauto","Fiets","Flank","Kruispunt, 4 takken",50,"Brandend","Duisternis","Droog",\N,\N,"Cypresstraat","'s-Hertogenbosch","'s-Hertogenbosch","Noord-Brabant",false,51.693293,5.323365,"injury","2","clear",false,1,"GM0796"
"20240005649",2024,"Uitsluitend materiele schade",2,"Personenauto","Fiets","Flank","Kruispunt, 4 takken",30,"Niet brandend","Daglicht","Droog",\N,\N,"Rembrandtlaan","Veenendaal","Veenendaal","Utrecht",false,52.021606,5.545624,"material damage only","4","clear",false,1,"GM0345"
"20240021810",2024,"Letsel",2,"Fiets","Personenauto","Flank","Kruispunt, 4 takken",30,"Brandend","Duisternis","Droog",\N,\N,"Stadhouderskade","Amsterdam","Amsterdam","Noord-Holland",false,52.360559,4.885947,"injury","2","clear",false,1,"GM0363"
"20230111853",2023,"Letsel",2,"Fiets","Personenauto","Flank","Kruispunt, 3 takken",50,"Brandend","Duisternis","Regen",\N,\N,"Claes Teenxstraat","Edam","Edam-Volendam","Noord-Holland",false,52.506081,5.052439,"injury","2","rain",false,1,"GM0385"
"20240156737",2024,"Uitsluitend materiele schade",2,"Fiets","Personenauto","Frontaal","Rechte weg",30,"Niet brandend","Daglicht","Regen",\N,\N,"Taborstraat","Eindhoven","Eindhoven","Noord-Brabant",false,51.471373,5.481961,"material damage only","4","rain",false,1,"GM0772"
"20240003423",2024,"Letsel",2,"Personenauto","Fiets","Flank","Rotonde",50,"Niet brandend","Daglicht","Regen",\N,\N,"FIETSPAD","Nijkerk","Nijkerk","Gelderland",false,52.211142,5.487534,"injury","2","rain",false,1,"GM0267"
"20240151882",2024,"Letsel",1,"Fiets",\N,"Eenzijdig","Kruispunt, 4 takken",50,"Brandend","Duisternis","Droog",\N,\N,"Oude Telgterweg","Ermelo","Ermelo","Gelderland",false,52.293678,5.611092,"injury","2","clear",false,1,"GM0233"
"20240153833",2024,"Uitsluitend materiele schade",2,"Snorfiets","Fiets","Onbekend","Rechte weg",50,"Brandend","Duisternis","Droog",\N,"600693865","Julianapark","Tilburg","Tilburg","Noord-Brabant",false,51.575865,5.08407,"material damage only","4","clear",false,1,"GM0855"
"20240154883",2024,"Letsel",3,"Vrachtauto","Fiets","Onbekend","Rechte weg",50,"Niet brandend","Daglicht","Regen",\N,"190265049","Molenvliet","Rotterdam","Rotterdam","Zuid-Holland",false,51.879334,4.521442,"injury","2","rain",false,1,"GM0599"
"20230108366",2023,"Uitsluitend materiele schade",3,"Fiets","Personenauto","Onbekend","Kruispunt, 3 takken",30,"Brandend","Duisternis","Droog",\N,\N,"Godfried Bomansstraat","Almere","Almere","Flevoland",false,52.356182,5.186104,"material damage only","4","clear",false,1,"GM0034"
"20230108390",2023,"Letsel",2,"Bromfiets","Fiets","Flank","Bocht",50,"Brandend","Schemer","Droog",\N,"600485856","Vlietweg","Haarlem","Haarlem","Noord-Holland",false,52.423607,4.648412,"injury","2","clear",false,1,"GM0392"
"20230110743",2023,"Letsel",2,"Bromfiets","Fiets","Frontaal","Rechte weg",50,"Niet aanwezig","Duisternis","Regen",\N,"600678151","Postweg","Poortvliet","Tholen","Zeeland",false,51.540875,4.146183,"injury","2","rain",false,1,"GM0716"
"20230111904",2023,"Letsel",2,"Fiets","Fiets","Flank","Kruispunt, 3 takken",30,"Brandend","Duisternis","Droog",\N,\N,"Brantasgracht","Amsterdam","Amsterdam","Noord-Holland",false,52.379309,4.925394,"injury","2","clear",false,1,"GM0363"
"20240002259",2024,"Letsel",2,"Bestelauto","Fiets","Onbekend","Kruispunt, 4 takken",80,"Brandend","Duisternis","Droog",\N,\N,"Mathijseind","Bakel","Gemert-Bakel","Noord-Brabant",false,51.492959,5.716703,"injury","2","clear",false,1,"GM1652"
"20240002641",2024,"Uitsluitend materiele schade",2,"Bestelauto","Fiets","Onbekend","Rotonde",50,"Niet brandend","Daglicht","Droog",\N,\N,"Kasteellaan","Eindhoven","Eindhoven","Noord-Brabant",false,51.426983,5.442375,"material damage only","4","clear",false,1,"GM0772"
"20240013914",2024,"Letsel",1,"Fiets",\N,"Eenzijdig","Bocht",50,"Niet brandend","Daglicht","Droog",\N,"202273055","Esdoornlaan","Krimpen aan den IJssel","Krimpen aan den IJssel","Zuid-Holland",false,51.915566,4.605463,"injury","2","clear",false,1,"GM0542"
"20240004691",2024,"Letsel",2,"Personenauto","Fiets","Flank","Kruispunt, 4 takken",50,"Niet brandend","Daglicht","Droog",\N,\N,"Nieuwe weg","Veenoord","Emmen","Drenthe",false,52.711031,6.845168,"injury","2","clear",false,1,"GM0114"
"20240009903",2024,"Uitsluitend materiele schade",2,"Personenauto","Fiets","Onbekend","Kruispunt, 4 takken",50,"Niet brandend","Schemer","Regen",\N,\N,"Newtonstraat","Nijmegen","Nijmegen","Gelderland",false,51.810061,5.842529,"material damage only","4","rain",false,1,"GM0268"
"20240012149",2024,"Letsel",2,"Personenauto","Fiets","Flank","Rechte weg",30,"Niet brandend","Daglicht","Droog","Parkeervoorziening","141292054","Eikenlaan","'s-Gravenzande","Westland","Zuid-Holland",false,51.996522,4.163928,"injury","2","clear",false,1,"GM1783"
"20240013782",2024,"Uitsluitend materiele schade",2,"Personenauto","Fiets","Flank","Rechte weg",30,"Niet brandend","Daglicht","Droog",\N,"267198025","Franz Lisztstraat","Tilburg","Tilburg","Noord-Brabant",false,51.58284,5.080146,"material damage only","4","clear",false,1,"GM0855"
"20240013957",2024,"Uitsluitend materiele schade",2,"Personenauto","Fiets","Flank","Rechte weg",30,"Niet brandend","Daglicht","Droog",\N,"227204046","David 't Kindtstraat","Breda","Breda","Noord-Brabant",false,51.608466,4.793006,"material damage only","4","clear",false,1,"GM0758"
"20230110218",2023,"Uitsluitend materiele schade",2,"Personenauto","Fiets","Onbekend","Rotonde",50,"Brandend","Schemer","Droog",\N,\N,"Julianastraat","Hoeven","Halderberge","Noord-Brabant",false,51.579369,4.579289,"material damage only","4","clear",false,1,"GM1655"
"20230110827",2023,"Uitsluitend materiele schade",2,"Personenauto","Fiets","Flank","Kruispunt, 4 takken",50,"Brandend","Duisternis","Droog",\N,\N,"Academiesingel","Breda","Breda","Noord-Brabant",false,51.593027,4.77957,"material damage only","4","clear",false,1,"GM0758"
"20240157439",2024,"Letsel",2,"e-bike","Voetganger","Voetganger","Rechte weg",50,"Brandend","Duisternis","Droog",\N,"600621078","FIETSPAD","Breda","Breda","Noord-Brabant",false,51.597442,4.747579,"injury","2","clear",false,1,"GM0758"
"20240003101",2024,"Letsel",2,"Fiets","Bus","Flank","Rotonde",50,"Niet brandend","Daglicht","Droog",\N,\N,"Violierstraat","Uden","Maashorst","Noord-Brabant",false,51.660904,5.626498,"injury","2","clear",false,1,"GM1991"
"20240023332",2024,"Letsel",2,"Fiets","Overig vast object","Vast voorwerp","Bocht",30,"Niet brandend","Daglicht","Droog",\N,"600395841","Kalvermarkt","'s-Gravenhage","'s-Gravenhage","Zuid-Holland",false,52.078214,4.316661,"injury","2","clear",false,1,"GM0518"
"20240014678",2024,"Letsel",2,"Personenauto","Fiets","Frontaal","Rechte weg",30,"Niet brandend","Duisternis","Droog",\N,"206258024","Kerkstraat","Hendrik-Ido-Ambacht","Hendrik-Ido-Ambacht","Zuid-Holland",false,51.849698,4.637541,"injury","2","clear",false,1,"GM0531"
"20240152642",2024,"Uitsluitend materiele schade",2,"Snorfiets","Fiets","Flank","Kruispunt, 4 takken",50,"Brandend","Schemer","Droog",\N,\N,"Victoriapad","Delft","Delft","Zuid-Holland",false,51.986359,4.351583,"material damage only","4","clear",false,1,"GM0503"
"20240155305",2024,"Uitsluitend materiele schade",1,"Fiets",\N,"Onbekend","Rechte weg",30,"Niet brandend","Daglicht","Harde windstoten",\N,"600606251","Generaal Eisenhowerplein","Rijswijk","Rijswijk","Zuid-Holland",false,52.037343,4.321277,"material damage only","4","unknown",false,1,\N
"20240014073",2024,"Letsel",2,"Fiets","Fiets","Kop/staart","Rechte weg",50,"Brandend","Duisternis","Regen",\N,"600792316","Balkweg","'s-Hertogenbosch","'s-Hertogenbosch","Noord-Brabant",false,51.708146,5.338273,"injury","2","rain",false,1,"GM0796"
"20240014716",2024,"Letsel",2,"Fiets","Fiets","Onbekend","Kruispunt, 3 takken",60,"Niet aanwezig","Daglicht","Droog",\N,\N,"Oudendijk","Standdaarbuiten","Moerdijk","Noord-Brabant",false,51.624285,4.50789,"injury","2","clear",false,1,"GM1709"
"20240017068",2024,"Uitsluitend materiele schade",2,"Personenauto","Fiets","Onbekend","Kruispunt, 4 takken",50,\N,"Daglicht","Regen",\N,\N,"Deventerstraat","Apeldoorn","Apeldoorn","Gelderland",false,52.216858,5.96984,"material damage only","4","rain",false,1,"GM0200"
"20240011730",2024,"Uitsluitend materiele schade",1,"Fiets",\N,"Onbekend","Kruispunt, 4 takken",50,"Niet brandend","Daglicht","Droog",\N,\N,"Sportlaan","Vianen","Vijfheerenlanden","Utrecht",false,51.981986,5.098588,"material damage only","4","clear",false,1,"GM1961"
"20240012275",2024,"Letsel",1,"Fiets",\N,"Onbekend",\N,30,\N,"Daglicht",\N,\N,"160300096","Lange Dreef","Rijswijk","Rijswijk","Zuid-Holland",false,52.034552,4.297943,"injury","2","unknown",false,1,\N
"20240014589",2024,"Uitsluitend materiele schade",2,"Fiets","Personenauto","Flank","Kruispunt, 4 takken",50,"Brandend","Duisternis","Droog",\N,\N,"Leuvenaarstraat","Breda","Breda","Noord-Brabant",false,51.587748,4.765152,"material damage only","4","clear",false,1,"GM0758"
"20240014938",2024,"Uitsluitend materiele schade",2,"Personenauto","Fiets","Onbekend",\N,\N,\N,"Daglicht",\N,\N,"235200002","Broekstraat","Dorst","Oosterhout","Noord-Brabant",false,51.591559,4.848781,"material damage only","4","unknown",false,1,"GM0826"
"20240153392",2024,"Uitsluitend materiele schade",2,"Personenauto","Fiets","Flank","Kruispunt, 4 takken",30,"Niet brandend","Daglicht","Droog",\N,\N,"Elandsgracht","Amsterdam","Amsterdam","Noord-Holland",false,52.368816,4.878134,"material damage only","4","clear",false,1,"GM0363"
"20240154714",2024,"Uitsluitend materiele schade",2,"Personenauto","Fiets","Flank","Kruispunt, 4 takken",50,"Brandend","Duisternis","Droog","Brug/viaduct",\N,"Aelbrechtskade","Rotterdam","Rotterdam","Zuid-Holland",false,51.909893,4.450087,"material damage only","4","clear",false,1,"GM0599"
"20240155898",2024,"Uitsluitend materiele schade",2,"Personenauto","Fiets","Flank","Rotonde",50,"Brandend","Duisternis","Droog",\N,\N,"Heemweg","Veldhoven","Veldhoven","Noord-Brabant",false,51.418343,5.40984,"material damage only","4","clear",false,1,"GM0861"
"20240016108",2024,"Uitsluitend materiele schade",2,"Personenauto","Fiets","Onbekend","Rotonde",50,"Niet brandend","Daglicht","Regen",\N,\N,"Kard. de Jongstraat","Valkenswaard","Valkenswaard","Noord-Brabant",false,51.352898,5.451712,"material damage only","4","rain",false,1,"GM0858"
"20240016455",2024,"Letsel",2,"Personenauto","Fiets","Flank","Rotonde",50,"Niet brandend","Daglicht","Droog",\N,\N,"Gulberg","Nuenen","Nuenen, Gerwen en Nederwetten","Noord-Brabant",false,51.444953,5.556397,"injury","2","clear",false,1,"GM0820"
"20240152125",2024,"Letsel",1,"Fiets",\N,"Onbekend","Rechte weg",30,"Niet brandend","Daglicht","Regen",\N,"168294123","Peperstraat","Delft","Delft","Zuid-Holland",false,52.010336,4.35768,"injury","2","rain",false,1,"GM0503"
"20240018712",2024,"Letsel",2,"Bromfiets","Fiets","Flank","Kruispunt, 3 takken",30,"Niet brandend","Daglicht","Droog",\N,\N,"Westzijde","Zaandam","Zaanstad","Noord-Holland",false,52.440309,4.823145,"injury","2","clear",false,1,"GM0479"
"20240152158",2024,"Letsel",2,"Bromfiets","Fiets","Onbekend","Rechte weg",50,"Brandend","Duisternis","Droog",\N,"198354005","Leidsestraat","Hillegom","Hillegom","Zuid-Holland",false,52.281559,4.572536,"injury","2","clear",false,1,"GM0534"
"20240152178",2024,"Letsel",1,"Fiets",\N,"Onbekend","Kruispunt, 4 takken",50,"Niet brandend","Daglicht","Droog",\N,\N,"Hengelolaan","'s-Gravenhage","'s-Gravenhage","Zuid-Holland",false,52.041649,4.257474,"injury","2","clear",false,1,"GM0518"
"20230109802",2023,"Uitsluitend materiele schade",2,"Personenauto","Fiets","Flank","Kruispunt, 4 takken",30,"Brandend","Daglicht","Droog",\N,\N,"Beukenlaan","Eindhoven","Eindhoven","Noord-Brabant",false,51.448367,5.452531,"material damage only","4","clear",false,1,"GM0772"
"20240155505",2024,"Letsel",2,"Personenauto","Fiets","Onbekend","Rechte weg",30,"Niet brandend","Daglicht","Droog",\N,"191342028","Hoofdstraat","Sassenheim","Teylingen","Zuid-Holland",false,52.225273,4.520482,"injury","2","clear",false,1,"GM1525"
"20240155819",2024,"Uitsluitend materiele schade",2,"Fiets","Personenauto","Flank","Rechte weg",15,"Niet brandend","Daglicht","Droog",\N,"601115980","Mauritshof","Koningsbosch","Echt-Susteren","Limburg",false,51.052312,5.954335,"material damage only","4","clear",false,1,"GM1711"
"20240152214",2024,"Letsel",1,"Fiets",\N,"Onbekend","Rechte weg",\N,\N,"Daglicht",\N,\N,"600913362","Pomonalaan","'s-Gravenhage","'s-Gravenhage","Zuid-Holland",false,52.071771,4.25818,"injury","2","unknown",false,1,"GM0518"
"20230112246",2023,"Letsel",2,"Personenauto","Fiets","Flank","Rotonde",50,"Brandend","Duisternis","Droog",\N,\N,"Laan der Continenten","Alphen aan den Rijn","Alphen aan den Rijn","Zuid-Holland",false,52.126539,4.652812,"injury","2","clear",false,1,"GM0484"
"20230112806",2023,"Uitsluitend materiele schade",2,"Bestelauto","Fiets","Onbekend","Rechte weg",30,"Niet brandend","Daglicht","Droog",\N,"173301022","Maria van Oosterwijckstr","Nootdorp","Pijnacker-Nootdorp","Zuid-Holland",false,52.042815,4.39325,"material damage only","4","clear",false,1,"GM1926"
"20230023673",2023,"Letsel",2,"Bromfiets","Fiets","Flank","Rechte weg",50,"Brandend","Schemer","Mist",\N,\N,"Kranenburgweg","'s-Gravenhage","'s-Gravenhage","Zuid-Holland",false,52.090628,4.267229,"injury","2","fog",false,1,"GM0518"
"20230032845",2023,"Uitsluitend materiele schade",2,"Personenauto","Fiets","Onbekend","Rechte weg",30,"Niet brandend","Daglicht","Droog",\N,"340169036","Doornweg","Helmond","Helmond","Noord-Brabant",false,51.451984,5.607301,"material damage only","4","clear",false,1,"GM0794"
"20230035104",2023,"Letsel",2,"Personenauto","Fiets","Frontaal","Rotonde",50,"Niet brandend","Daglicht","Droog",\N,\N,"Zuiderdwarsvaart","Drachten","Smallingerland","Friesland",false,53.103747,6.109059,"injury","2","clear",false,1,"GM0090"
"20230067511",2023,"Letsel",1,"Fiets",\N,"Eenzijdig","Rechte weg",50,"Niet brandend","Daglicht","Droog",\N,"232342001","Amsteldijk-Zuid","Uithoorn","Uithoorn","Noord-Holland",false,52.229542,4.821803,"injury","2","clear",false,1,"GM0451"
"20230067756",2023,"Letsel",2,"Fiets","Bromfiets","Frontaal","Rechte weg",30,"Brandend","Duisternis","Droog",\N,"215405084","Tolweg","Uitgeest","Uitgeest","Noord-Holland",false,52.513232,4.695889,"injury","2","clear",false,1,"GM0450"
"20230068786",2023,"Uitsluitend materiele schade",2,"Personenauto","e-bike","Flank","Kruispunt, 4 takken",50,"Niet brandend","Daglicht","Droog",\N,\N,"Groen van Prinstererweg","Dordrecht","Dordrecht","Zuid-Holland",false,51.787373,4.663862,"material damage only","4","clear",false,1,"GM0505"
"20230017377",2023,"Uitsluitend materiele schade",2,"Personenauto","Fiets","Flank","Kruispunt, 4 takken",50,"Brandend","Duisternis","Droog",\N,\N,"Spaarneweg","Hoorn","Hoorn","Noord-Holland",false,52.6558,5.085774,"material damage only","4","clear",false,1,"GM0405"
"20240026571",2024,"Uitsluitend materiele schade",2,"Personenauto","Fiets","Flank","Rotonde",50,"Niet brandend","Daglicht","Regen",\N,\N,"de Meren","Wijchen","Wijchen","Gelderland",false,51.793869,5.734702,"material damage only","4","rain",false,1,"GM0296"
"20240026660",2024,"Uitsluitend materiele schade",2,"Personenauto","Fiets","Flank","Rotonde",80,"Niet brandend","Daglicht","Regen",\N,\N,"Babberichseweg","Zevenaar","Zevenaar","Gelderland",false,51.915209,6.094373,"material damage only","4","rain",false,1,"GM0299"
"20230021987",2023,"Uitsluitend materiele schade",2,"Personenauto","Fiets","Flank","Kruispunt, 4 takken",50,"Niet brandend","Daglicht","Droog",\N,\N,"Goudenregensingel","Pijnacker","Pijnacker-Nootdorp","Zuid-Holland",false,52.020777,4.42837,"material damage only","4","clear",false,1,"GM1926"
"20230029488",2023,"Uitsluitend materiele schade",2,"Personenauto","Fiets","Flank","Rechte weg",60,"Niet brandend","Daglicht","Droog",\N,"188346011","'s-Gravendamseweg","Voorhout","Teylingen","Zuid-Holland",false,52.24213,4.499797,"material damage only","4","clear",false,1,"GM1525"
"20240029938",2024,"Uitsluitend materiele schade",2,"Personenauto","Fiets","Eenzijdig","Rechte weg",50,"Brandend","Duisternis","Droog",\N,\N,"Tristanstraat","Gouda","Gouda","Zuid-Holland",false,52.017552,4.722821,"material damage only","4","clear",false,1,"GM0513"
"20230072302",2023,"Uitsluitend materiele schade",2,"Personenauto","Fiets","Flank","Rotonde",50,"Niet brandend","Daglicht","Droog",\N,\N,"Ferdinand Bolstraat","Enschede","Enschede","Overijssel",false,52.205653,6.859672,"material damage only","4","clear",false,1,"GM0153"
"20230020914",2023,"Uitsluitend materiele schade",2,"Bromfiets","Fiets","Flank","Rechte weg",30,"Brandend","Schemer","Droog",\N,"600381733","Nieuwezijds Voorburgwal","Amsterdam","Amsterdam","Noord-Holland",false,52.371659,4.890754,"material damage only","4","clear",false,1,"GM0363"
"20230021467",2023,"Uitsluitend materiele schade",2,"Personenauto","Fiets","Onbekend","Rotonde",50,"Brandend","Duisternis","Droog",\N,\N,"Beresteinlaan","'s-Gravenhage","'s-Gravenhage","Zuid-Holland",false,52.040638,4.256086,"material damage only","4","clear",false,1,"GM0518"
"20240027241",2024,"Uitsluitend materiele schade",2,"Personenauto","e-bike","Flank","Kruispunt, 3 takken",30,"Niet brandend","Daglicht","Droog",\N,\N,"Akkerwinde","Grootegast","Westerkwartier","Groningen",false,53.212357,6.268501,"material damage only","4","clear",false,1,"GM1969"
"20230026599",2023,"Uitsluitend materiele schade",2,"Personenauto","Fiets","Onbekend","Rechte weg",30,"Brandend","Daglicht","Regen",\N,\N,"Burgemeester Brokxlaan","Tilburg","Tilburg","Noord-Brabant",false,51.561955,5.078867,"material damage only","4","rain",false,1,"GM0855"
"20230032570",2023,"Uitsluitend materiele schade",2,"Fiets","Bestelauto","Flank","Rotonde",30,"Niet brandend","Daglicht","Droog",\N,\N,"Limburglaan","Weert","Weert","Limburg",false,51.253494,5.720174,"material damage only","4","clear",false,1,"GM0988"
"20230033391",2023,"Uitsluitend materiele schade",1,"Fiets",\N,"Onbekend","Rechte weg",30,"Brandend","Daglicht","Droog",\N,"335164045","Mierloseweg","Geldrop","Geldrop-Mierlo","Noord-Brabant",false,51.427469,5.567806,"material damage only","4","clear",false,1,"GM1771"
"20230034368",2023,"Uitsluitend materiele schade",2,"Personenauto","Fiets","Flank","Kruispunt, 3 takken",30,"Niet brandend","Daglicht","Droog",\N,\N,"Moriaanstraat","Apeldoorn","Apeldoorn","Gelderland",false,52.216093,5.973446,"material damage only","4","clear",false,1,"GM0200"
"20230014009",2023,"Letsel",2,"Bestelauto","Fiets","Eenzijdig","Kruispunt, 4 takken",60,"Niet brandend","Daglicht","Droog",\N,\N,"Oude Nijkerkerweg","Putten","Putten","Gelderland",false,52.239419,5.582488,"injury","2","clear",false,1,"GM0273"
"20230022067",2023,"Letsel",1,"Fiets",\N,"Eenzijdig","Rechte weg",30,"Niet brandend","Daglicht","Droog",\N,"160316001","Ypersestraat","'s-Gravenhage","'s-Gravenhage","Zuid-Holland",false,52.108624,4.293573,"injury","2","clear",false,1,"GM0518"
"20230067210",2023,"Letsel",2,"Bromfiets","e-bike","Flank","Kruispunt, 3 takken",50,"Niet brandend","Daglicht","Droog",\N,\N,"Nachtwachtlaan","Amsterdam","Amsterdam","Noord-Holland",false,52.359372,4.843125,"injury","2","clear",false,1,"GM0363"
"20230015234",2023,"Letsel",2,"Personenauto","Fiets","Flank","Kruispunt, 4 takken",50,"Niet brandend","Daglicht","Droog",\N,\N,"Haydnstraat","Leeuwarden","Leeuwarden","Friesland",false,53.210012,5.779377,"injury","2","clear",false,1,"GM0080"
"20230015800",2023,"Letsel",2,"Personenauto","Fiets","Flank","Rotonde",50,"Brandend","Schemer","Droog",\N,\N,"Vermeerstraat","Amersfoort","Amersfoort","Utrecht",false,52.145199,5.391132,"injury","2","clear",false,1,"GM0307"
"20230021521",2023,"Uitsluitend materiele schade",2,"Personenauto","Fiets","Frontaal","Kruispunt, 4 takken",50,"Niet brandend","Daglicht","Droog",\N,\N,"De Sitterlaan","Leiden","Leiden","Zuid-Holland",false,52.147428,4.492628,"material damage only","4","clear",false,1,"GM0546"
"20230027838",2023,"Uitsluitend materiele schade",2,"Personenauto","Fiets","Flank","Kruispunt, 3 takken",30,"Niet brandend","Daglicht","Droog",\N,\N,"Hoflaan","Tilburg","Tilburg","Noord-Brabant",false,51.577706,5.036007,"material damage only","4","clear",false,1,"GM0855"
"20230068216",2023,"Letsel",1,"Fiets",\N,"Eenzijdig","Rechte weg",50,"Niet brandend","Daglicht","Droog",\N,"207263023","Rijnstraat","Alblasserdam","Alblasserdam","Zuid-Holland",false,51.871894,4.643815,"injury","2","clear",false,1,"GM0482"
"20230069312",2023,"Uitsluitend materiele schade",2,"Personenauto","Fiets","Flank","Kruispunt, 4 takken",50,"Brandend","Duisternis","Droog",\N,\N,"Soestdijksekade","'s-Gravenhage","'s-Gravenhage","Zuid-Holland",false,52.061186,4.282792,"material damage only","4","clear",false,1,"GM0518"
"20230076991",2023,"Letsel",2,"Fiets","Fiets","Flank","Rechte weg",50,"Niet brandend","Daglicht","Droog",\N,"174292036","Zuideindseweg","Delfgauw","Pijnacker-Nootdorp","Zuid-Holland",false,51.998113,4.403348,"injury","2","clear",false,1,"GM1926"
"20230019283",2023,"Uitsluitend materiele schade",2,"Fiets","Personenauto","Flank","Kruispunt, 4 takken",50,"Niet brandend","Daglicht","Droog",\N,\N,"Evenaar","Almere","Almere","Flevoland",false,52.392995,5.28237,"material damage only","4","clear",false,1,"GM0034"
"20230022661",2023,"Letsel",2,"Personenauto","Fiets","Flank","Rechte weg",50,"Niet brandend","Daglicht","Regen",\N,"600749273","Zwarteweg","Gouda","Gouda","Zuid-Holland",false,52.017967,4.722577,"injury","2","rain",false,1,"GM0513"
"20240029591",2024,"Letsel",1,"Fiets",\N,"Onbekend","Bocht",15,"Brandend","Duisternis","Droog","Brug/viaduct","600204712","KAZERNEBRUG","Gouda","Gouda","Zuid-Holland",false,52.01505,4.711253,"injury","2","clear",false,1,"GM0513"
"20230034472",2023,"Letsel",2,"Personenauto","Fiets","Flank","Kruispunt, 3 takken",50,"Niet brandend","Daglicht","Droog",\N,\N,"Hegewei","Hemelum","Súdwest-Fryslân","Friesland",false,52.881589,5.45978,"injury","2","clear",false,1,"GM1900"
"20230036289",2023,"Uitsluitend materiele schade",2,"Bromfiets","Fiets","Flank","Rechte weg",50,"Niet brandend","Daglicht","Droog",\N,"233389106","Nicolaasstraat","Zaandam","Zaanstad","Noord-Holland",false,52.438545,4.824876,"material damage only","4","clear",false,1,"GM0479"
"20240031993",2024,"Letsel",2,"Personenauto","Fiets","Onbekend","Kruispunt, 4 takken",50,"Niet brandend","Daglicht","Droog",\N,\N,"Laan van Walburg","Zwijndrecht","Zwijndrecht","Zuid-Holland",false,51.821776,4.647371,"injury","2","clear",false,1,"GM0642"
"20230077516",2023,"Uitsluitend materiele schade",2,"Personenauto","Fiets","Onbekend","Kruispunt, 4 takken",30,"Niet brandend","Daglicht","Droog",\N,\N,"Da Costaplein","Voorburg","Leidschendam-Voorburg","Zuid-Holland",false,52.069845,4.360156,"material damage only","4","clear",false,1,"GM1916"
"20230015316",2023,"Letsel",1,"Fiets",\N,"Eenzijdig","Rechte weg",50,"Niet brandend","Daglicht","Droog",\N,"295449057","Kastanjelaan","Enkhuizen","Enkhuizen","Noord-Holland",false,52.709048,5.277937,"injury","2","clear",false,1,"GM0388"
"20230016996",2023,"Letsel",1,"Fiets",\N,"Eenzijdig","Rechte weg",50,"Brandend","Duisternis","Droog",\N,"205378035","Julianalaan","Haarlem","Haarlem","Noord-Holland",false,52.387114,4.620522,"injury","2","clear",false,1,"GM0392"
"20230022724",2023,"Letsel",2,"Fiets","Fiets","Onbekend","Rechte weg",30,"Brandend","Duisternis","Droog",\N,"600959637","Mercurius","Katwijk","Katwijk","Zuid-Holland",false,52.209314,4.422539,"injury","2","clear",false,1,"GM0537"
"20230033254",2023,"Letsel",2,"Personenauto","Fiets","Flank","Rotonde",50,"Niet brandend","Daglicht",\N,\N,\N,"Het Ven","Veghel","Meierijstad","Noord-Brabant",false,51.63256,5.547969,"injury","2","unknown",false,1,"GM1948"
"20240029692",2024,"Letsel",2,"Snorfiets","Fiets","Kop/staart","Rechte weg",30,"Brandend","Duisternis","Droog",\N,"600720383","Westvest","Delft","Delft","Zuid-Holland",false,52.009227,4.356032,"injury","2","clear",false,1,"GM0503"
"20230034124",2023,"Uitsluitend materiele schade",2,"Bestelauto","Fiets","Frontaal","Kruispunt, 4 takken",50,"Niet brandend","Daglicht","Droog",\N,\N,"De Werf","Almelo","Almelo","Overijssel",false,52.355079,6.660966,"material damage only","4","clear",false,1,"GM0141"
"20230035822",2023,"Uitsluitend materiele schade",2,"Fiets","Fiets","Onbekend","Rechte weg",\N,"Brandend","Duisternis","Droog",\N,"449393004","Lemelerweg","Lemele","Ommen","Overijssel",false,52.453007,6.416285,"material damage only","4","clear",false,1,"GM0175"