"accident_id","year","severity_raw","party_count","party1_type","party2_type","accident_type","road_situation","speed_limit_kmh","road_lighting","light_condition_label","weather_raw","infra_type","road_segment_id","street_name","place_name","gemeente_name_raw","province","alcohol_indicated","latitude","longitude","severity_label","severity_code","weather_label","built_up_area","cyclists_involved","gemeente_code"
"20230068623",2023,"Letsel",2,"Fiets","Bromfiets","Onbekend","Rechte weg",80,"Niet brandend","Daglicht","Droog",\N,"600692914","FIETSPAD","Voorschoten","Voorschoten","Zuid-Holland",false,52.134787,4.466415,"injury","2","clear",false,1,"GM0626"
"20230078350",2023,"Letsel",2,"Bromfiets","Fiets","Frontaal","Rechte weg",50,"Brandend","Duisternis","Droog",\N,"600507095","Goeverneurlaan","'s-Gravenhage","'s-Gravenhage","Zuid-Holland",false,52.057227,4.318413,"injury","2","clear",false,1,"GM0518"
"20230075162",2023,"Letsel",2,"Bromfiets","e-bike","Flank","Kruispunt, 3 takken",50,"Niet brandend","Daglicht","Droog",\N,\N,"Stationsstraat","Amersfoort","Amersfoort","Utrecht",false,52.153628,5.378451,"injury","2","clear",false,1,"GM0307"
"20230034174",2023,"Uitsluitend materiele schade",2,"Personenauto","Fiets","Flank","Kruispunt, 3 takken",30,"Niet brandend","Daglicht","Droog",\N,\N,"Slathstraat","Epe","Epe","Gelderland",false,52.351333,5.988873,"material damage only","4","clear",false,1,"GM0232"
"20230036349",2023,"Uitsluitend materiele schade",2,"Personenauto","Fiets","Flank","Kruispunt, 4 takken",30,"Niet brandend","Daglicht","Droog",\N,\N,"d'Yserinckweg","Vijfhuizen","Haarlemmermeer","Noord-Holland",false,52.352847,4.679411,"material damage only","4","clear",false,1,"GM0394"
"20230036910",2023,"Letsel",2,"Fiets","Fiets","Onbekend","Rechte weg",15,"Niet brandend","Daglicht","Droog",\N,"231525035","Haffelderweg","Den Burg","Texel","Noord-Holland",false,53.050129,4.802511,"injury","2","clear",false,1,"GM0448"
"20230073368",2023,"Uitsluitend materiele schade",2,"Fiets",\N,"Flank","Kruispunt, 3 takken",50,"Niet brandend","Daglicht","Droog",\N,\N,"Kennedyweg","Wageningen","Wageningen","Gelderland",false,51.97741,5.663332,"material damage only","4","clear",false,1,"GM0289"
"20230013616",2023,"Uitsluitend materiele schade",2,"Personenauto","Fiets","Frontaal","Kruispunt, 3 takken",50,"Niet brandend","Daglicht","Droog",\N,\N,"de Matenstraat","Oldenzaal","Oldenzaal","Overijssel",false,52.307601,6.915068,"material damage only","4","clear",false,1,"GM0173"
"20230017053",2023,"Letsel",2,"Fiets","Personenauto","Flank","Kruispunt, 3 takken",50,"Brandend","Duisternis","Droog",\N,\N,"Maasweg","Hoorn","Hoorn","Noord-Holland",false,52.654483,5.087921,"injury","2","clear",false,1,"GM0405"
"20230021124",2023,"Letsel",1,"Fiets",\N,"Eenzijdig","Rechte weg",30,"Brandend","Duisternis","Droog",\N,\N,"Buitenhof","'s-Gravenhage","'s-Gravenhage","Zuid-Holland",false,52.078485,4.310177,"injury","2","clear",false,1,"GM0518"
"20230022787",2023,"Uitsluitend materiele schade",2,"Snorfiets","Fiets","Flank","Kruispunt, 4 takken",30,"Niet brandend","Daglicht","Droog",\N,\N,"William Boothlaan","Amstelveen","Amstelveen","Noord-Holland",false,52.293469,4.857681,"material damage only","4","clear",false,1,"GM0362"
"20230027406",2023,"Uitsluitend materiele schade",2,"Bestelauto","Fiets","Flank","Kruispunt, 3 takken",50,"Niet brandend","Daglicht","Droog",\N,\N,"Heilaarstraat","Breda","Breda","Noord-Brabant",false,51.580074,4.736813,"material damage only","4","clear",false,1,"GM0758"
"20230027987",2023,"Letsel",2,"Fiets","Overig vast object","Vast voorwerp","Rechte weg",30,"Niet aanwezig","Daglicht","Droog",\N,"241180002","Putvenweg","Chaam","Alphen-Chaam","Noord-Brabant",false,51.499369,4.894408,"injury","2","clear",false,1,"GM1723"
"20240029773",2024,"Uitsluitend materiele schade",2,"Personenauto","Fiets","Flank","Rotonde",30,"Niet brandend","Daglicht","Regen",\N,\N,"Soestdijksekade","'s-Gravenhage","'s-Gravenhage","Zuid-Holland",false,52.061632,4.2834,"material damage only","4","rain",false,1,"GM0518"
"20230074246",2023,"Letsel",3,"Personenauto","Fiets","Onbekend","Rechte weg",50,"Brandend","Duisternis","Droog",\N,"507341027","Auke Vleerstraat","Enschede","Enschede","Overijssel",false,52.217569,6.835742,"injury","2","clear",false,1,"GM0153"
"20230078987",2023,"Letsel",2,"Fiets","Fiets","Frontaal","Rechte weg",30,"Niet brandend","Daglicht","Droog",\N,"600745903","President Kennedylaan","Alphen aan den Rijn","Alphen aan den Rijn","Zuid-Holland",false,52.13639,4.670844,"injury","2","clear",false,1,"GM0484"
"20230018833",2023,"Letsel",2,"Personenauto","Fiets","Frontaal","Kruispunt, 4 takken",50,"Niet brandend","Daglicht","Droog",\N,\N,"Vicuslaan","De Meern","Utrecht","Utrecht",false,52.085201,5.044895,"injury","2","clear",false,1,"GM0344"
"20240030811",2024,"Uitsluitend materiele schade",2,"Personenauto","Fiets","Flank","Kruispunt, 4 takken",30,"Brandend","Duisternis","Droog",\N,\N,"SLOTERMEER 4","Amsterdam","Amsterdam","Noord-Holland",false,52.378141,4.843748,"material damage only","4","clear",false,1,"GM0363"
"20230070943",2023,"Uitsluitend materiele schade",2,"Personenauto","Fiets","Flank","Rechte weg",50,"Niet aanwezig","Daglicht","Droog",\N,"600551786","Rijksweg Zuid","Echt","Echt-Susteren","Limburg",false,51.090692,5.880671,"material damage only","4","clear",false,1,"GM1711"
"20240026225",2024,"Letsel",2,"Fiets","Fiets","Flank","Rechte weg",30,"Niet brandend","Daglicht","Droog",\N,"483373060","Vissedijk","Almelo","Almelo","Overijssel",false,52.363905,6.661577,"injury","2","clear",false,1,"GM0141"
"20230027489",2023,"Uitsluitend materiele schade",2,"Bromfiets","Fiets","Flank","Kruispunt, 3 takken",30,"Niet brandend","Daglicht","Droog",\N,\N,"Reitse Hoevenstraat","Tilburg","Tilburg","Noord-Brabant",false,51.56866,5.062524,"material damage only","4","clear",false,1,"GM0855"
"20230028064",2023,"Uitsluitend materiele schade",2,"Bromfiets","Fiets","Flank","Kruispunt, 3 takken",50,"Niet brandend","Daglicht","Droog",\N,\N,"Overschiese Dorpsstraat","Rotterdam","Rotterdam","Zuid-Holland",false,51.939957,4.421593,"material damage only","4","clear",false,1,"GM0599"
"20240028781",2024,"Uitsluitend materiele schade",2,"Personenauto","Fiets","Flank","Rotonde",50,"Brandend","Duisternis","Regen",\N,\N,"Verkeersweg","Harderwijk","Harderwijk","Gelderland",false,52.349072,5.632257,"material damage only","4","rain",false,1,"GM0243"
"20230070973",2023,"Uitsluitend materiele schade",1,"Fiets",\N,"Onbekend",\N,\N,\N,"Daglicht",\N,\N,"95235020","Kuijerdamseweg","Scharendijke","Schouwen-Duiveland","Zeeland",false,51.738014,3.83346,"material damage only","4","unknown",false,1,"GM1676"
"20230017189",2023,"Letsel",2,"Personenauto","e-bike","Flank","Rotonde",30,"Niet brandend","Daglicht","Droog",\N,\N,"Veldbloemenweg","Zaandam","Zaanstad","Noord-Holland",false,52.457917,4.818312,"injury","2","clear",false,1,"GM0479"
"20230024666",2023,"Uitsluitend materiele schade",2,"Bromfiets","Fiets","Flank","Rechte weg",50,"Brandend","Duisternis","Droog",\N,\N,"Admiraal De Ruijterweg","Amsterdam","Amsterdam","Noord-Holland",false,52.370918,4.863892,"material damage only","4","clear",false,1,"GM0363"
"20230024689",2023,"Uitsluitend materiele schade",2,"Personenauto","Fiets","Geparkeerd voertuig","Rechte weg",30,"Niet brandend","Daglicht","Droog",\N,"243371029","Reguliersgracht","Amsterdam","Amsterdam","Noord-Holland",false,52.360653,4.895982,"material damage only","4","clear",false,1,"GM0363"
"20230035989",2023,"Uitsluitend materiele schade",2,"Fiets","Fiets","Onbekend","Bocht",60,"Niet brandend","Daglicht","Droog",\N,"600214108","Engelskamp","Geesteren","Berkelland","Gelderland",false,52.149934,6.522734,"material damage only","4","clear",false,1,"GM1859"
"20240031077",2024,"Uitsluitend materiele schade",2,"Bromfiets","Fiets","Flank","Rechte weg",\N,"Niet brandend","Daglicht","Regen",\N,"600407556","Julianaplein","Amsterdam","Amsterdam","Noord-Holland",false,52.347174,4.919093,"material damage only","4","rain",false,1,"GM0363"
"20230072566",2023,"Letsel",2,"Fiets","Overig vast object","Vast voorwerp","Rechte weg",60,"Niet aanwezig","Duisternis","Droog/Mist",\N,"393570027","SINTRALE AS","De Falom","Dantumadiel","Friesland",false,53.264054,6.014262,"injury","2","unknown",false,1,"GM1891"
"20230015530",2023,"Uitsluitend materiele schade",2,"Fiets","Fiets","Flank","Kruispunt, 4 takken",30,"Brandend","Duisternis","Droog",\N,\N,"Dommel","Wijk bij Duurstede","Wijk bij Duurstede","Utrecht",false,51.97383,5.323286,"material damage only","4","clear",false,1,"GM0352"
"20230022915",2023,"Letsel",2,"Personenauto","Fiets","Flank","Kruispunt, 3 takken",30,"Niet brandend","Daglicht","Regen",\N,\N,"Hugo de Grootstraat","Delft","Delft","Zuid-Holland",false,52.009389,4.352996,"injury","2","rain",false,1,"GM0503"
"20230024732",2023,"Letsel",2,"Snorfiets","Fiets","Flank","Kruispunt, 4 takken",50,"Brandend","Duisternis","Droog",\N,\N,"Vrijheidslaan","Amsterdam","Amsterdam","Noord-Holland",false,52.346344,4.904947,"injury","2","clear",false,1,"GM0363"
"20230070050",2023,"Uitsluitend materiele schade",2,"Personenauto","Fiets","Flank","Rechte weg",50,"Niet aanwezig","Daglicht","Droog",\N,\N,"Ammunitiehaven","'s-Gravenhage","'s-Gravenhage","Zuid-Holland",false,52.077453,4.320957,"material damage only","4","clear",false,1,"GM0518"
"20230030485",2023,"Uitsluitend materiele schade",2,"Personenauto","Fiets","Onbekend","Rotonde",50,"Niet brandend","Daglicht","Regen",\N,\N,"Kooikersweg","'s-Hertogenbosch","'s-Hertogenbosch","Noord-Brabant",false,51.697516,5.266674,"material damage only","4","rain",false,1,"GM0796"
"20230032167",2023,"Uitsluitend materiele schade",2,"Personenauto","Fiets","Frontaal","Rechte weg",50,"Niet brandend","Daglicht","Regen",\N,\N,"Kapittellaan","Maastricht","Maastricht","Limburg",false,50.831753,5.707678,"material damage only","4","rain",false,1,"GM0935"
"20230013821",2023,"Uitsluitend materiele schade",2,"Personenauto","Fiets","Flank","Kruispunt, 4 takken",50,"Niet brandend","Daglicht","Droog",\N,\N,"Hogeweg","Velp","Rheden","Gelderland",false,52.002096,5.981682,"material damage only","4","clear",false,1,"GM0275"
"20230015007",2023,"Uitsluitend materiele schade",1,"Fiets",\N,"Onbekend","Rechte weg",30,"Niet brandend","Daglicht","Droog",\N,"353481037","Verlaet","Lemmer","De Fryske Marren","Friesland",false,52.853712,5.708646,"material damage only","4","clear",false,1,"GM1940"
"20230016168",2023,"Letsel",2,"Fiets","Fiets","Flank","Bocht",50,"Niet brandend","Daglicht","Droog",\N,"600250016","Jan Ruijspad","Woerden","Woerden","Utrecht",false,52.084808,4.895419,"injury","2","clear",false,1,"GM0632"
"20230022972",2023,"Letsel",2,"Fiets","Overig vast object","Vast voorwerp","Kruispunt, 3 takken",50,"Niet brandend","Daglicht","Droog",\N,\N,"Gang","Wassenaar","Wassenaar","Zuid-Holland",false,52.143893,4.391331,"injury","2","clear",false,1,"GM0629"
"20230027033",2023,"Uitsluitend materiele schade",3,"Personenauto","Fiets","Frontaal","Kruispunt, 3 takken",50,"Niet brandend","Daglicht","Droog",\N,\N,"Zandstraat","Hulst","Hulst","Zeeland",false,51.288016,4.056385,"material damage only","4","clear",false,1,"GM0677"
"20230029364",2023,"Letsel",2,"Personenauto","Fiets","Frontaal","Rechte weg",50,"Niet brandend","Daglicht","Droog",\N,"600234172","Laan op Zuid","Rotterdam","Rotterdam","Zuid-Holland",false,51.901657,4.509552,"injury","2","clear",false,1,"GM0599"
"20230071757",2023,"Letsel",2,"Personenauto","Fiets","Flank","Kruispunt, 4 takken",\N,"Niet brandend","Daglicht","Droog",\N,\N,"Heerstraat","Reuver","Beesel","Limburg",false,51.278522,6.072959,"injury","2","clear",false,1,"GM0889"
"20230073962",2023,"Uitsluitend materiele schade",2,"Personenauto","Fiets","Flank","Rechte weg",30,"Niet brandend","Daglicht","Droog",\N,"378414062","Bereklauw","Kampen","Kampen","Overijssel",false,52.55318,5.895244,"material damage only","4","clear",false,1,"GM0166"
"20230075644",2023,"Letsel",2,"Fiets","Personenauto","Flank","Rechte weg",50,"Niet brandend","Daglicht","Droog",\N,"600791767","Doornseweg","Langbroek","Wijk bij Duurstede","Utrecht",false,52.015304,5.331364,"injury","2","clear",false,1,"GM0352"
"20230018456",2023,"Letsel",2,"Fiets","Fiets","Frontaal","Rechte weg",\N,"Niet brandend","Daglicht","Droog",\N,"600794679","Kattenbroekerweg","Amersfoort","Amersfoort","Utrecht",false,52.169215,5.38286,"injury","2","clear",false,1,"GM0307"
"20230024214",2023,"Uitsluitend materiele schade",3,"Fiets","Fiets","Flank","Kruispunt, 4 takken",50,"Brandend","Duisternis","Droog",\N,\N,"Wibautstraat","Amsterdam","Amsterdam","Noord-Holland",true,52.35353,4.912708,"material damage only","4","clear",false,1,"GM0363"
"20240028377",2024,"Uitsluitend materiele schade",2,"Fiets","Personenauto","Frontaal","Kruispunt, 3 takken",30,"Niet brandend","Daglicht","Regen",\N,\N,"Marnixlaan","Utrecht","Utrecht","Utrecht",false,52.107705,5.096123,"material damage only","4","rain",false,1,"GM0344"
"20230078114",2023,"Letsel",1,"Fiets",\N,"Eenzijdig","Rechte weg",50,"Brandend","Schemer","Droog",\N,"600287200","Middel Broekweg","Honselersdijk","Westland","Zuid-Holland",false,51.995768,4.22764,"injury","2","clear",false,1,"GM1783"
"20230018506",2023,"Letsel",2,"Personenauto","Fiets","Flank","Kruispunt, 3 takken",50,"Niet brandend","Daglicht","Droog",\N,\N,"Oosterweg","Heerhugowaard","Dijk en Waard","Noord-Holland",false,52.659752,4.855048,"injury","2","clear",false,1,"GM1980"
"20230004500",2023,"Letsel",2,"Fiets","Fiets","Voetganger","Rechte weg",\N,\N,"Daglicht","Regen","Tunnel","600752219","Saendelverlaan","Krommenie","Zaanstad","Noord-Holland",false,52.497133,4.75536,"injury","2","rain",false,1,"GM0479"
"20230096085",2023,"Letsel",2,"Bestelauto","Fiets","Eenzijdig","Rechte weg",50,"Niet brandend","Daglicht","Droog",\N,"269315083","Royaards van den Hamkade","Utrecht","Utrecht","Utrecht",false,52.10634,5.094699,"injury","2","clear",false,1,"GM0344"
"20240041233",2024,"Uitsluitend materiele schade",2,"Personenauto","Fiets","Flank","Rotonde",30,"Niet brandend","Daglicht","Droog",\N,\N,"Fortuinweg","Zaandijk","Zaanstad","Noord-Holland",false,52.469664,4.797406,"material damage only","4","clear",false,1,"GM0479"
"20240041847",2024,"Letsel",2,"Fiets","Bus","Onbekend","Rechte weg",30,"Niet brandend","Daglicht","Droog",\N,"157180054","Grote Markt","Bergen op Zoom","Bergen op Zoom","Noord-Brabant",false,51.494393,4.2867,"injury","2","clear",false,1,"GM0748"
"20240080228",2024,"Letsel",2,"Personenauto","Fiets","Flank","Kruispunt, 4 takken",50,"Niet brandend","Daglicht","Droog",\N,\N,"Papiermakerstraat","Wormer","Wormerland","Noord-Holland",false,52.490594,4.810086,"injury","2","clear",false,1,"GM0880"
"20240076959",2024,"Letsel",2,"Personenauto","Fiets","Flank","Kruispunt, 3 takken",50,"Niet brandend","Daglicht","Droog",\N,\N,"Kolfbaan","Hoorn","Hoorn","Noord-Holland",false,52.654689,5.044203,"injury","2","clear",false,1,"GM0405"
"20240071609",2024,"Uitsluitend materiele schade",2,"Fiets","Personenauto","Flank","Rechte weg",50,"Niet brandend","Daglicht","Droog",\N,"151304041","Loosduinse Hoofdstraat","'s-Gravenhage","'s-Gravenhage","Zuid-Holland",false,52.053011,4.233702,"material damage only","4","clear",false,1,"GM0518"
"20240071631",2024,"Letsel",2,"Personenauto","Fiets","Flank","Kruispunt, 3 takken",50,"Niet brandend","Daglicht","Droog",\N,\N,"Robijnhorst","'s-Gravenhage","'s-Gravenhage","Zuid-Holland",false,52.091803,4.352119,"injury","2","clear",false,1,"GM0518"
"20240047204",2024,"Uitsluitend materiele schade",1,"Fiets",\N,"Onbekend","Bocht",30,"Niet brandend","Daglicht","Droog",\N,"406409065","Dobbe","Zwolle","Zwolle","Overijssel",false,52.528916,6.101863,"material damage only","4","clear",false,1,"GM0193"
"20240072301",2024,"Letsel",2,"Personenauto","Fiets","Onbekend","Kruispunt, 4 takken",50,"Niet brandend","Daglicht","Droog",\N,\N,"G J van den Boogerdweg","Brielle","Voorne aan Zee","Zuid-Holland",false,51.897453,4.159736,"injury","2","clear",false,1,"GM1992"
"20240079109",2024,"Letsel",1,"Fiets",\N,"Eenzijdig","Rechte weg",50,"Niet brandend","Daglicht","Droog",\N,"155299027","Erasmusweg","'s-Gravenhage","'s-Gravenhage","Zuid-Holland",false,52.029945,4.259059,"injury","2","clear",false,1,"GM0518"
"20240080347",2024,"Uitsluitend materiele schade",2,"Fiets","Fiets","Frontaal","Rechte weg",50,"Niet brandend","Daglicht","Droog",\N,"600990620","Stadhuisplein","Tilburg","Tilburg","Noord-Brabant",false,51.554312,5.087003,"material damage only","4","clear",false,1,"GM0855"
"20240050946",2024,"Letsel",1,"Fiets",\N,"Onbekend","Rechte weg",30,"Niet brandend","Daglicht","Regen",\N,"253404126","Rudolf Garrelsstraat","Purmerend","Purmerend","Noord-Holland",false,52.50581,4.973727,"injury","2","rain",false,1,"GM0439"
"20240036718",2024,"Uitsluitend materiele schade",2,"Personenauto","e-bike","Flank","Rotonde",50,"Niet brandend","Daglicht","Droog",\N,\N,"Europalaan","Hengelo","Hengelo (O)","Overijssel",false,52.280652,6.779191,"material damage only","4","clear",false,1,\N
"20240047273",2024,"Letsel",2,"Personenauto","e-bike","Frontaal","Rotonde",50,"Niet brandend","Daglicht","Droog",\N,\N,"Maatlanden","Roden","Noordenveld","Drenthe",false,53.137345,6.4134,"injury","2","clear",false,1,"GM1699"
"20240072370",2024,"Uitsluitend materiele schade",2,"Personenauto","Fiets","Flank","Kruispunt, 4 takken",50,"Niet brandend","Daglicht","Droog",\N,\N,"Prins Bernhardlaan","Voorburg","Leidschendam-Voorburg","Zuid-Holland",false,52.068951,4.356768,"material damage only","4","clear",false,1,"GM1916"
"20240041484",2024,"Uitsluitend materiele schade",2,"Personenauto","Fiets","Flank","Kruispunt, 4 takken",30,"Niet brandend","Daglicht","Droog",\N,\N,"Max Havelaarstraat","Zaandam","Zaanstad","Noord-Holland",false,52.4447,4.803792,"material damage only","4","clear",false,1,"GM0479"
"20240051034",2024,"Letsel",2,"Personenauto","e-bike","Frontaal","Kruispunt, 4 takken",70,"Niet brandend","Daglicht","Droog",\N,\N,"Westelijke Randweg","Haarlem","Haarlem","Noord-Holland",false,52.363724,4.609652,"injury","2","clear",false,1,"GM0392"
"20240071787",2024,"Letsel",2,"Fiets","Fiets","Frontaal","Rechte weg",50,"Niet brandend","Daglicht","Droog",\N,"600671856","Leidsestraatweg","'s-Gravenhage","'s-Gravenhage","Zuid-Holland",false,52.0976,4.345625,"injury","2","clear",false,1,"GM0518"
"20240072427",2024,"Letsel",2,"Fiets","Personenauto","Onbekend","Rotonde",50,"Niet brandend","Daglicht","Droog",\N,\N,"Dr. J.M. den Uylsingel","Alphen aan den Rijn","Alphen aan den Rijn","Zuid-Holland",false,52.128691,4.65404,"injury","2","clear",false,1,"GM0484"
"20240080465",2024,"Letsel",2,"Scootmobiel","Fiets","Flank","Rechte weg",\N,"Niet brandend","Daglicht","Droog",\N,"174266001","Streefwaalseweg","Pernis Rotterdam","Rotterdam","Zuid-Holland",false,51.88448,4.399373,"injury","2","clear",false,1,"GM0599"
"20240033760",2024,"Letsel",2,"Bromfiets","Fiets","Onbekend","Bocht",30,"Niet brandend","Daglicht","Droog",\N,"600171811","Helmstraat","Maastricht","Maastricht","Limburg",false,50.849944,5.689065,"injury","2","clear",false,1,"GM0935"
"20240176256",2024,"Letsel",2,"Personenauto","Fiets","Flank","Rechte weg",50,"Brandend","Schemer","Droog",\N,"372062075","Rijksweg Noord","Geleen","Sittard-Geleen","Limburg",false,50.971974,5.8333,"injury","2","clear",false,1,"GM1883"
"20240040879",2024,"Letsel",2,"Snorfiets","Fiets","Flank","Rotonde",50,"Niet brandend","Daglicht","Droog",\N,\N,"Schokkerweg","'s-Gravenhage","'s-Gravenhage","Zuid-Holland",false,52.099874,4.272363,"injury","2","clear",false,1,"GM0518"
"20240048158",2024,"Uitsluitend materiele schade",2,"Personenauto","Fiets","Kop/staart","Rechte weg",30,"Niet brandend","Daglicht","Droog",\N,"268312157","Bonistraat","Utrecht","Utrecht","Utrecht",false,52.093387,5.083683,"material damage only","4","clear",false,1,"GM0344"
"20240037935",2024,"Uitsluitend materiele schade",1,"Fiets",\N,"Eenzijdig","Rechte weg",50,"Niet brandend","Daglicht","Droog",\N,"206371042","César Francklaan","Heemstede","Heemstede","Noord-Holland",false,52.358644,4.625278,"material damage only","4","clear",false,1,"GM0397"
"20240040889",2024,"Letsel",1,"Fiets",\N,"Eenzijdig",\N,80,\N,"Daglicht",\N,\N,"600398236","Rijwielpad Coepelduynen","Noordwijk","Noordwijk","Zuid-Holland",false,52.22583,4.415114,"injury","2","unknown",false,1,"GM0575"
"20240072029",2024,"Letsel",2,"Fiets","Voetganger","Voetganger","Rechte weg",50,"Niet brandend","Daglicht","Droog",\N,"175310008","Oostvlietweg","Leidschendam","Leidschendam-Voorburg","Zuid-Holland",false,52.083764,4.403414,"injury","2","clear",false,1,"GM1916"
"20240080082",2024,"Letsel",1,"Fiets",\N,"Onbekend","Rechte weg",50,"Niet brandend","Daglicht","Droog",\N,\N,"de Hulk","Hoorn","Hoorn","Noord-Holland",false,52.633253,5.017413,"injury","2","clear",false,1,"GM0405"
"20240044803",2024,"Uitsluitend materiele schade",2,"Personenauto","Fiets","Flank","Rotonde",50,"Niet brandend","Daglicht","Regen",\N,\N,"Anconalaan","Eindhoven","Eindhoven","Noord-Brabant",false,51.486461,5.495915,"material damage only","4","rain",false,1,"GM0772"
"20240078895",2024,"Letsel",1,"Fiets",\N,"Eenzijdig","Rechte weg",50,"Brandend","Duisternis","Droog",\N,"601233284","Zeeweg","Katwijk","Katwijk","Zuid-Holland",false,52.2031,4.404123,"injury","2","clear",false,1,"GM0537"
"20240176470",2024,"Letsel",3,"Personenauto","Fiets","Flank","Rechte weg",30,"Niet brandend","Daglicht","Droog",\N,"600635349","Van Weerden Poelmanweg","Soest","Soest","Utrecht",false,52.141099,5.294319,"injury","2","clear",false,1,"GM0342"
"20240033370",2024,"Uitsluitend materiele schade",2,"Fiets","Overig vast object","Vast voorwerp","Rechte weg",50,"Brandend","Duisternis","Droog",\N,"601168813","Losplaats","Uden","Maashorst","Noord-Brabant",false,51.655151,5.622664,"material damage only","4","clear",false,1,"GM1991"
"20240033997",2024,"Uitsluitend materiele schade",2,"Personenauto","Fiets","Frontaal","Kruispunt, 3 takken",30,"Niet brandend","Daglicht","Droog",\N,\N,"Fabrieksstraat","Budel","Cranendonck","Noord-Brabant",false,51.263483,5.578945,"material damage only","4","clear",false,1,"GM1706"
"20240037079",2024,"Letsel",2,"Motor","Fiets","Onbekend","Rechte weg",50,"Niet brandend","Daglicht","Droog",\N,"388325001","Arnhemseweg","Beekbergen","Apeldoorn","Gelderland",false,52.147157,5.961443,"injury","2","clear",false,1,"GM0200"
"20230100867",2023,"Letsel",3,"Personenauto","Fiets","Kop/staart","Rechte weg",80,\N,"Daglicht","Droog",\N,\N,"Langereweg","Born","Sittard-Geleen","Limburg",false,51.035235,5.839838,"injury","2","clear",false,1,"GM1883"
"20230103001",2023,"Uitsluitend materiele schade",2,"Personenauto","Fiets","Flank","Kruispunt, 4 takken",50,"Niet brandend","Daglicht","Regen",\N,\N,"Maxwellstraat","Amsterdam","Amsterdam","Noord-Holland",false,52.344377,4.934419,"material damage only","4","rain",false,1,"GM0363"
"20230106932",2023,"Letsel",2,"Bromfiets","Fiets","Flank","Kruispunt, 3 takken",50,"Niet brandend","Schemer","Regen",\N,\N,"Nieuwe Wetering","Hoogvliet Rotterdam","Rotterdam","Zuid-Holland",false,51.863378,4.376048,"injury","2","rain",false,1,"GM0599"
"20230079951",2023,"Uitsluitend materiele schade",3,"Fiets","Fiets","Onbekend","Rechte weg",50,"Brandend","Duisternis","Droog",\N,"600412998","Nelson Mandelapark","Eindhoven","Eindhoven","Noord-Brabant",false,51.424534,5.435434,"material damage only","4","clear",false,1,"GM0772"
"20230088718",2023,"Letsel",2,"Fiets","Snorfiets","Flank","Kruispunt, 3 takken",30,"Niet brandend","Daglicht","Droog",\N,\N,"FIETSPAD","Sliedrecht","Sliedrecht","Zuid-Holland",false,51.828688,4.764213,"injury","2","clear",false,1,"GM0610"
"20230090491",2023,"Letsel",2,"Personenauto","Fiets","Flank","Rechte weg",50,"Niet brandend","Daglicht","Droog",\N,"181300006","Katwijkerlaan","Pijnacker","Pijnacker-Nootdorp","Zuid-Holland",false,52.03677,4.460718,"injury","2","clear",false,1,"GM1926"
"20230092879",2023,"Letsel",2,"Fiets","Fiets","Onbekend","Rechte weg",30,"Brandend","Schemer","Regen",\N,"395545003","Kommisjewei","Nijega","Smallingerland","Friesland",false,53.140366,6.029285,"injury","2","rain",false,1,"GM0090"
"20230097465",2023,"Uitsluitend materiele schade",2,"Bromfiets","Fiets","Flank","Kruispunt, 3 takken",50,"Brandend","Duisternis","Droog",\N,\N,"Raamsingel","Haarlem","Haarlem","Noord-Holland",false,52.37676,4.626967,"material damage only","4","clear",false,1,"GM0392"
"20230098069",2023,"Uitsluitend materiele schade",2,"Personenauto","Fiets","Flank","Kruispunt, 4 takken",50,"Brandend","Schemer","Droog",\N,\N,"Laan der Nederlanden","Beverwijk","Beverwijk","Noord-Holland",false,52.497771,4.664913,"material damage only","4","clear",false,1,"GM0375"
"20230098089",2023,"Letsel",2,"Fiets","Fiets","Onbekend","Rechte weg",50,"Niet brandend","Daglicht","Droog",\N,"600506783","Liornestraat","Hoorn","Hoorn","Noord-Holland",false,52.6467,5.068462,"injury","2","clear",false,1,"GM0405"
"20230099270",2023,"Letsel",2,"Personenauto","Fiets","Flank","Kruispunt, 3 takken",50,"Niet brandend","Daglicht","Droog",\N,\N,"Smokkelhoekweg","Kapelle","Kapelle","Zeeland",false,51.467638,3.968873,"injury","2","clear",false,1,"GM0678"
"20230099360",2023,"Uitsluitend materiele schade",2,"Personenauto","Fiets","Flank","Rotonde",50,"Niet brandend","Daglicht","Droog",\N,\N,"Keizersweerd","Zevenbergen","Moerdijk","Noord-Brabant",false,51.647173,4.586235,"material damage only","4","clear",false,1,"GM1709"
"20230100890",2023,"Uitsluitend materiele schade",2,"Personenauto","Fiets","Flank","Kruispunt, 3 takken",60,"Brandend","Schemer","Droog",\N,\N,"Plukmadeseweg","Made","Drimmelen","Noord-Brabant",false,51.68571,4.814225,"material damage only","4","clear",false,1,"GM1719"
"20230104918",2023,"Letsel",3,"Personenauto","Fiets","Los voorwerp","Rotonde",30,"Niet brandend","Daglicht","Droog",\N,\N,"Overstesingel","Drachten","Smallingerland","Friesland",false,53.094012,6.069706,"injury","2","clear",false,1,"GM0090"
"20230084680",2023,"Letsel",2,"Personenauto","Fiets","Flank","Rotonde",50,"Niet brandend","Daglicht","Droog",\N,\N,"Baron van Sternbachlaan","Nijverdal","Hellendoorn","Overijssel",false,52.374852,6.472931,"injury","2","clear",false,1,"GM0163"