"accident_id","year","severity_raw","party_count","party1_type","party2_type","accident_type","road_situation","speed_limit_kmh","road_lighting","light_condition_label","weather_raw","infra_type","road_segment_id","street_name","place_name","gemeente_name_raw","province","alcohol_indicated","latitude","longitude","severity_label","severity_code","weather_label","built_up_area","cyclists_involved","gemeente_code"
"20220083033",2022,"Uitsluitend materiele schade",1,"Fiets",\N,"Onbekend",\N,15,\N,"Daglicht",\N,\N,"600733189","Winkelhof","Leiderdorp","Leiderdorp","Zuid-Holland",false,52.16197,4.532116,"material damage only","4","unknown",false,1,"GM0547"
"20220087966",2022,"Letsel",1,"Fiets",\N,"Eenzijdig","Bocht",30,"Niet brandend","Daglicht","Droog",\N,"123131021","Leharstraat","Hulst","Hulst","Zeeland",false,51.272787,4.052473,"injury","2","clear",false,1,"GM0677"
"20220113668",2022,"Uitsluitend materiele schade",2,"Personenauto","Fiets","Kop/staart","Rechte weg",60,"Niet brandend","Daglicht","Droog",\N,"392166029","Hofweg","America","Horst aan de Maas","Limburg",false,51.441879,5.997916,"material damage only","4","clear",false,1,"GM1507"
"20220114047",2022,"Uitsluitend materiele schade",2,"Personenauto","e-bike","Flank","Kruispunt, 4 takken",50,"Niet brandend","Daglicht","Droog",\N,\N,"Carl Smulderssingel","Maastricht","Maastricht","Limburg",false,50.860751,5.676777,"material damage only","4","clear",false,1,"GM0935"
"20220050953",2022,"Uitsluitend materiele schade",2,"Bromfiets","Fiets","Flank","Kruispunt, 3 takken",50,"Brandend","Duisternis","Droog",\N,\N,"Kruisstraat","Utrecht","Utrecht","Utrecht",false,52.095233,5.130877,"material damage only","4","clear",false,1,"GM0344"
"20220060990",2022,"Letsel",2,"Fiets","Overig vast object","Vast voorwerp","Rechte weg",50,"Niet brandend","Daglicht","Droog",\N,"600688244","Molenlaan","Rotterdam","Rotterdam","Zuid-Holland",false,51.95589,4.51715,"injury","2","clear",false,1,"GM0599"
"20220085327",2022,"Letsel",2,"Personenauto","e-bike","Flank","Kruispunt, 4 takken",30,"Niet brandend","Daglicht","Droog",\N,\N,"De Brauwweg","Schiedam","Schiedam","Zuid-Holland",false,51.927442,4.404505,"injury","2","clear",false,1,"GM0606"
"20220091399",2022,"Uitsluitend materiele schade",2,"Personenauto","Fiets","Flank","Rechte weg",50,"Niet brandend","Daglicht","Droog",\N,"600184049","Peter Huyssenslaan","Maastricht","Maastricht","Limburg",false,50.860817,5.674732,"material damage only","4","clear",false,1,"GM0935"
"20220091428",2022,"Uitsluitend materiele schade",2,"Personenauto","Fiets","Flank","Rechte weg",30,"Niet brandend","Daglicht","Regen",\N,"404038035","Franckstraat","Kerkrade","Kerkrade","Limburg",false,50.861091,6.06168,"material damage only","4","rain",false,1,"GM0928"
"20220094193",2022,"Uitsluitend materiele schade",2,"Personenauto","e-bike","Flank","Rechte weg",50,"Niet brandend","Daglicht","Droog",\N,"515345039","Deurningerstraat","Enschede","Enschede","Overijssel",false,52.231183,6.888471,"material damage only","4","clear",false,1,"GM0153"
"20220104826",2022,"Uitsluitend materiele schade",2,"Personenauto","Fiets","Kop/staart","Rechte weg",30,"Niet brandend","Daglicht","Droog",\N,"188328144","Herensingel","Leiden","Leiden","Zuid-Holland",false,52.16358,4.501339,"material damage only","4","clear",false,1,"GM0546"
"20220036038",2022,"Uitsluitend materiele schade",2,"Personenauto","Fiets","Frontaal","Rotonde",50,"Brandend","Duisternis","Regen",\N,\N,"Ookmeerweg","Amsterdam","Amsterdam","Noord-Holland",false,52.357275,4.777291,"material damage only","4","rain",false,1,"GM0363"
"20220043454",2022,"Uitsluitend materiele schade",2,"Personenauto","Fiets","Flank","Rechte weg",50,"Niet brandend","Daglicht","Droog",\N,"515338070","Zuiderbaan","Enschede","Enschede","Overijssel",false,52.202731,6.890545,"material damage only","4","clear",false,1,"GM0153"
"20220045391",2022,"Uitsluitend materiele schade",2,"Bromfiets","Fiets","Frontaal","Rechte weg",50,"Brandend","Duisternis","Droog",\N,"600152118","Deldenerstraat","Hengelo","Hengelo (O)","Overijssel",false,52.266109,6.755392,"material damage only","4","clear",false,1,\N
"20220055516",2022,"Letsel",2,"Personenauto","Fiets","Flank","Kruispunt, 3 takken",50,"Niet brandend","Daglicht","Droog",\N,\N,"Elpermeer","Amsterdam","Amsterdam","Noord-Holland",false,52.401383,4.946839,"injury","2","clear",false,1,"GM0363"
"20220057040",2022,"Letsel",2,"Fiets","Personenauto","Flank","Kruispunt, 3 takken",50,"Niet brandend","Daglicht","Droog",\N,\N,"Lindelaan","Rijswijk","Rijswijk","Zuid-Holland",false,52.055456,4.338957,"injury","2","clear",false,1,\N
"20220080232",2022,"Uitsluitend materiele schade",2,"Snorfiets","Fiets","Frontaal","Rechte weg",50,"Niet brandend","Daglicht",\N,\N,"600615866","Vondelstraat","Alkmaar","Alkmaar","Noord-Holland",false,52.615749,4.741889,"material damage only","4","unknown",false,1,"GM0361"
"20220088114",2022,"Uitsluitend materiele schade",2,"Personenauto","Fiets","Flank","Kruispunt, 4 takken",50,"Niet brandend","Daglicht","Droog",\N,\N,"Ginnekenweg","Breda","Breda","Noord-Brabant",false,51.568893,4.784135,"material damage only","4","clear",false,1,"GM0758"
"20220088141",2022,"Uitsluitend materiele schade",2,"Fiets","Los voorwerp","Los voorwerp","Rechte weg",15,"Brandend","Duisternis","Droog",\N,"225199057","Ginnekenstraat","Breda","Breda","Noord-Brabant",false,51.58467,4.776873,"material damage only","4","clear",false,1,"GM0758"
"20220105459",2022,"Uitsluitend materiele schade",1,"e-bike",\N,"Onbekend","Kruispunt, 4 takken",30,"Niet brandend","Daglicht","Droog",\N,\N,"Oude Delft","Delft","Delft","Zuid-Holland",false,52.005915,4.360626,"material damage only","4","clear",false,1,"GM0503"
"20220105469",2022,"Uitsluitend materiele schade",2,"Snorfiets","Fiets","Flank","Kruispunt, 4 takken",50,"Niet brandend","Daglicht","Droog",\N,\N,"VIADUCT CALAND VAILL","'s-Gravenhage","'s-Gravenhage","Zuid-Holland",false,52.063842,4.31213,"material damage only","4","clear",false,1,"GM0518"
"20220096388",2022,"Letsel",2,"Fiets","Snorfiets","Flank","Rechte weg",30,"Brandend","Duisternis","Droog",\N,"463361081","Dannenberg","Rijssen","Rijssen-Holten","Overijssel",false,52.311448,6.511736,"injury","2","clear",false,1,"GM1742"
"20220010127",2022,"Uitsluitend materiele schade",2,"Personenauto","Fiets","Flank","Kruispunt, 4 takken",30,"Niet brandend","Daglicht","Droog",\N,\N,"Zandvoortweg","Baarn","Baarn","Utrecht",false,52.218563,5.282634,"material damage only","4","clear",false,1,"GM0308"
"20220020503",2022,"Letsel",2,"Fiets","Fiets","Onbekend","Kruispunt, 4 takken",\N,"Niet brandend","Daglicht","Droog",\N,\N,"Noordsingel","Leidschendam","Leidschendam-Voorburg","Zuid-Holland",false,52.088394,4.387787,"injury","2","clear",false,1,"GM1916"
"20220049849",2022,"Uitsluitend materiele schade",2,"Snorfiets","Fiets","Flank","Kruispunt, 4 takken",30,"Niet aanwezig","Daglicht","Droog",\N,"600785180","Ingrid Bergmanstraat","Almere","Almere","Flevoland",false,52.36888,5.233633,"material damage only","4","clear",false,1,"GM0034"
"20220067489",2022,"Uitsluitend materiele schade",2,"Personenauto","Fiets","Flank","Rotonde",50,"Niet brandend","Daglicht","Droog",\N,\N,"Empelseweg","'s-Hertogenbosch","'s-Hertogenbosch","Noord-Brabant",false,51.728454,5.330891,"material damage only","4","clear",false,1,"GM0796"
"20220083318",2022,"Letsel",2,"Personenauto","Fiets","Flank","Kruispunt, 4 takken",50,"Niet brandend","Daglicht","Droog",\N,\N,"Bloemendaalseweg","Gouda","Gouda","Zuid-Holland",false,52.02361,4.707367,"injury","2","clear",false,1,"GM0513"
"20220095691",2022,"Uitsluitend materiele schade",2,"Bestelauto","e-bike","Flank","Kruispunt, 4 takken",50,"Niet brandend","Daglicht","Droog",\N,\N,"Brugsteeg","Tricht","West Betuwe","Gelderland",false,51.915732,5.251386,"material damage only","4","clear",false,1,"GM1960"
"20220096961",2022,"Letsel",2,"Fiets","Bromfiets","Frontaal","Bocht",30,"Niet brandend","Daglicht","Droog",\N,"403404128","Willemsvaart","Zwolle","Zwolle","Overijssel",false,52.503158,6.07276,"injury","2","clear",false,1,"GM0193"
"20220096994",2022,"Uitsluitend materiele schade",1,"Fiets",\N,"Kop/staart","Rechte weg",15,"Brandend","Duisternis","Droog",\N,"418285004","Nieuw Wehlseweg","Wehl","Doetinchem","Gelderland",false,51.969091,6.176456,"material damage only","4","clear",false,1,"GM0222"
"20220036449",2022,"Letsel",1,"Fiets",\N,"Eenzijdig","Rechte weg",30,"Brandend","Duisternis","Droog",\N,"169310004","Monseigneur van Steelaan","Voorburg","Leidschendam-Voorburg","Zuid-Holland",false,52.081189,4.364985,"injury","2","clear",false,1,"GM1916"
"20220097941",2022,"Letsel",2,"Personenauto","e-bike","Los voorwerp","Kruispunt, 4 takken",50,"Niet brandend","Daglicht","Droog",\N,\N,"Landschapsbaan","Vleuten","Utrecht","Utrecht",false,52.090796,5.013902,"injury","2","clear",false,1,"GM0344"
"20220098469",2022,"Letsel",2,"Fiets","Fiets","Kop/staart","Rechte weg",50,"Niet brandend","Daglicht","Droog",\N,"273344021","Kerklaan","Kortenhoef","Wijdemeren","Noord-Holland",false,52.238603,5.120213,"injury","2","clear",false,1,"GM1696"
"20220014529",2022,"Letsel",2,"Fiets","Personenauto","Flank","Rotonde",50,"Brandend","Schemer",\N,\N,\N,"Vermiljoenweg","Zaandam","Zaanstad","Noord-Holland",false,52.441781,4.832473,"injury","2","unknown",false,1,"GM0479"
"20220030276",2022,"Letsel",1,"Fiets",\N,"Eenzijdig","Rotonde",50,"Niet brandend","Schemer","Mist",\N,\N,"Aramislaan","Maastricht","Maastricht","Limburg",false,50.839233,5.66816,"injury","2","fog",false,1,"GM0935"
"20220067681",2022,"Uitsluitend materiele schade",2,"Bromfiets","Fiets","Flank","Rechte weg",\N,"Niet brandend","Daglicht","Droog",\N,"600512379","Beeksedijk","Gemert","Gemert-Bakel","Noord-Brabant",false,51.545251,5.67573,"material damage only","4","clear",false,1,"GM1652"
"20220083391",2022,"Letsel",2,"Personenauto","Fiets","Flank","Rotonde",50,"Niet brandend","Daglicht","Droog",\N,\N,"Kleyn Proffijtlaan","Oegstgeest","Oegstgeest","Zuid-Holland",false,52.192679,4.475179,"injury","2","clear",false,1,"GM0579"
"20220088419",2022,"Letsel",2,"Personenauto","Fiets","Flank","Rechte weg",30,"Niet brandend","Daglicht",\N,\N,"224200060","Markendaalseweg","Breda","Breda","Noord-Brabant",false,51.587856,4.77141,"injury","2","unknown",false,1,"GM0758"
"20220096836",2022,"Uitsluitend materiele schade",2,"Personenauto","e-bike","Flank","Rechte weg",50,"Niet brandend","Daglicht","Droog",\N,"600537137","Ootmarsumseweg","Albergen","Tubbergen","Overijssel",false,52.373305,6.761295,"material damage only","4","clear",false,1,"GM0183"
"20220099562",2022,"Uitsluitend materiele schade",2,"Personenauto","Fiets","Flank","Kruispunt, 4 takken",30,"Niet brandend","Daglicht","Droog",\N,\N,"Bosdrift","Hilversum","Hilversum","Noord-Holland",false,52.211133,5.163588,"material damage only","4","clear",false,1,"GM0402"
"20220102048",2022,"Uitsluitend materiele schade",2,"Fiets","Personenauto","Flank","Kruispunt, 4 takken",50,"Brandend","Duisternis","Droog",\N,\N,"Orteliusstraat","Amsterdam","Amsterdam","Noord-Holland",false,52.369868,4.849298,"material damage only","4","clear",false,1,"GM0363"
"20220036676",2022,"Letsel",1,"Fiets",\N,"Eenzijdig",\N,50,\N,"Duisternis",\N,\N,"600714411","Heulweg","Kwintsheul","Westland","Zuid-Holland",false,52.017875,4.259477,"injury","2","unknown",false,1,"GM1783"
"20220061592",2022,"Uitsluitend materiele schade",2,"Personenauto","Fiets","Flank","Rechte weg",50,"Niet brandend","Daglicht","Droog",\N,"209245026","Abel Tasmanstraat","Dordrecht","Dordrecht","Zuid-Holland",false,51.790559,4.656544,"material damage only","4","clear",false,1,"GM0505"
"20220084423",2022,"Uitsluitend materiele schade",2,"Personenauto","Fiets","Flank","Kruispunt, 4 takken",50,"Brandend","Schemer","Droog",\N,\N,"Zuidplein","Rotterdam","Rotterdam","Zuid-Holland",false,51.889346,4.488383,"material damage only","4","clear",false,1,"GM0599"
"20220073681",2022,"Uitsluitend materiele schade",2,"Personenauto","e-bike","Flank","Kruispunt, 3 takken",50,"Niet brandend","Daglicht","Droog",\N,\N,"Polstraat","Aalten","Aalten","Gelderland",false,51.925752,6.586145,"material damage only","4","clear",false,1,"GM0197"
"20220010719",2022,"Uitsluitend materiele schade",2,"Personenauto","Fiets","Flank","Rechte weg",80,"Niet brandend","Daglicht","Droog",\N,\N,"Sterkenburgerlaan","Doorn","Utrechtse Heuvelrug","Utrecht",false,52.041152,5.307342,"material damage only","4","clear",false,1,"GM1581"
"20220023843",2022,"Letsel",2,"Personenauto","Fiets","Flank","Kruispunt, 3 takken",50,"Brandend","Schemer","Regen",\N,\N,"Hazelaarweg","Rotterdam","Rotterdam","Zuid-Holland",false,51.970188,4.48475,"injury","2","rain",false,1,"GM0599"
"20220050148",2022,"Uitsluitend materiele schade",2,"Personenauto","Fiets","Onbekend","Kruispunt, 4 takken",30,"Brandend","Schemer","Droog",\N,\N,"Middendreef","Lelystad","Lelystad","Flevoland",false,52.497298,5.474542,"material damage only","4","clear",false,1,"GM0995"
"20220099931",2022,"Uitsluitend materiele schade",2,"Personenauto","Fiets","Flank","Kruispunt, 4 takken",30,"Niet brandend","Daglicht","Regen",\N,\N,"MEERNBRUG","De Meern","Utrecht","Utrecht",false,52.082993,5.036932,"material damage only","4","rain",false,1,"GM0344"
"20220102345",2022,"Uitsluitend materiele schade",2,"Snorfiets","Fiets","Frontaal","Rechte weg",50,"Niet brandend","Daglicht","Droog",\N,"600628105","Ruys de Beerenbrouckstr","Amsterdam","Amsterdam","Noord-Holland",false,52.382482,4.802896,"material damage only","4","clear",false,1,"GM0363"
"20220106078",2022,"Letsel",3,"Fiets","e-bike","Onbekend","Rechte weg",50,"Niet brandend","Duisternis","Droog",\N,"157309118","Valkenboslaan","'s-Gravenhage","'s-Gravenhage","Zuid-Holland",false,52.075276,4.275323,"injury","2","clear",false,1,"GM0518"
"20220106130",2022,"Letsel",2,"Personenauto","Fiets","Flank","Kruispunt, 4 takken",50,"Brandend","Duisternis","Droog",\N,\N,"Losplaats","Katwijk","Katwijk","Zuid-Holland",false,52.189859,4.424098,"injury","2","clear",false,1,"GM0537"
"20220073826",2022,"Uitsluitend materiele schade",2,"Personenauto","Fiets","Flank","Kruispunt, 4 takken",50,"Niet brandend","Daglicht","Droog",\N,\N,"Randweg","Arnhem","Arnhem","Gelderland",false,51.94787,5.867859,"material damage only","4","clear",false,1,"GM0202"
"20220030941",2022,"Uitsluitend materiele schade",2,"Personenauto","Fiets","Flank","Kruispunt, 3 takken",30,"Niet brandend","Schemer","Droog",\N,\N,"Postweg","Born","Sittard-Geleen","Limburg",false,51.034415,5.810665,"material damage only","4","clear",false,1,"GM1883"
"20220034836",2022,"Uitsluitend materiele schade",2,"Trekker","Fiets","Onbekend","Rechte weg",\N,\N,"Daglicht","Droog",\N,"270309016","Van Bijnkershoeklaan","Utrecht","Utrecht","Utrecht",false,52.079838,5.096223,"material damage only","4","clear",false,1,"GM0344"
"20220054795",2022,"Uitsluitend materiele schade",2,"Bromfiets","Fiets","Flank","Kruispunt, 4 takken",50,"Brandend","Duisternis","Droog",\N,\N,"Stadhouderskade","Amsterdam","Amsterdam","Noord-Holland",false,52.357803,4.899292,"material damage only","4","clear",false,1,"GM0363"
"20220060163",2022,"Letsel",2,"Personenauto","Fiets","Onbekend","Rotonde",50,"Brandend","Duisternis","Droog",\N,\N,"Meerlaan","Hillegom","Hillegom","Zuid-Holland",false,52.290148,4.589526,"injury","2","clear",false,1,"GM0534"
"20220064800",2022,"Uitsluitend materiele schade",2,"Fiets","Personenauto","Onbekend","Kruispunt, 3 takken",50,"Niet brandend","Daglicht","Droog",\N,\N,"Tilburgseweg","Breda","Breda","Noord-Brabant",false,51.594967,4.809818,"material damage only","4","clear",false,1,"GM0758"
"20220102962",2022,"Uitsluitend materiele schade",2,"Personenauto","Fiets","Flank","Kruispunt, 3 takken",50,"Niet brandend","Daglicht","Droog",\N,\N,"IJweg","Nieuw-Vennep","Haarlemmermeer","Noord-Holland",false,52.272822,4.605983,"material damage only","4","clear",false,1,"GM0394"
"20220107538",2022,"Uitsluitend materiele schade",2,"Fiets","Personenauto","Flank","Kruispunt, 4 takken",50,"Niet brandend","Daglicht","Droog",\N,\N,"Hoogstad","Vlaardingen","Vlaardingen","Zuid-Holland",false,51.916341,4.334485,"material damage only","4","clear",false,1,"GM0622"
"20220107548",2022,"Letsel",3,"Personenauto","Fiets","Onbekend","Rechte weg",30,"Niet brandend","Daglicht","Droog",\N,"174271012","Willemskade","Schiedam","Schiedam","Zuid-Holland",false,51.908725,4.402987,"injury","2","clear",false,1,"GM0606"
"20220107594",2022,"Letsel",2,"Personenauto","e-bike","Flank","Kruispunt, 3 takken",50,"Niet brandend","Daglicht","Droog",\N,\N,"Matlingeweg","Schiedam","Schiedam","Zuid-Holland",false,51.938116,4.411464,"injury","2","clear",false,1,"GM0606"
"20220074508",2022,"Uitsluitend materiele schade",2,"Bromfiets","Fiets","Onbekend","Kruispunt, 4 takken",\N,"Niet brandend","Daglicht","Droog",\N,\N,"Hengelosestraat","Enschede","Enschede","Overijssel",false,52.238338,6.850316,"material damage only","4","clear",false,1,"GM0153"
"20220046140",2022,"Letsel",2,"Personenauto","Fiets","Flank","Rechte weg",30,"Niet brandend","Daglicht","Droog",\N,"404408080","Mozartlaan","Zwolle","Zwolle","Overijssel",false,52.522965,6.082801,"injury","2","clear",false,1,"GM0193"
"20220047484",2022,"Letsel",2,"Personenauto","e-bike","Frontaal","Kruispunt, 4 takken",50,"Niet brandend","Daglicht","Droog",\N,\N,"Stationsstraat","Twello","Voorst","Gelderland",false,52.24066,6.09934,"injury","2","clear",false,1,"GM0285"
"20220015749",2022,"Uitsluitend materiele schade",2,"Bestelauto","Fiets","Frontaal","Bocht",50,"Niet aanwezig","Daglicht","Droog",\N,\N,"De Parelvisserslaan","Amstelveen","Amstelveen","Noord-Holland",false,52.301533,4.873162,"material damage only","4","clear",false,1,"GM0362"
"20220015809",2022,"Letsel",2,"Snorfiets","e-bike","Eenzijdig","Kruispunt, 4 takken",50,"Brandend","Duisternis","Droog",\N,\N,"Pieter Langendijkstraat","Amsterdam","Amsterdam","Noord-Holland",false,52.360061,4.861496,"injury","2","clear",false,1,"GM0363"
"20220024071",2022,"Letsel",2,"Bromfiets","Fiets","Onbekend","Rechte weg",30,"Niet brandend","Daglicht","Droog",\N,"600737915","Oosterparkweg","Ridderkerk","Ridderkerk","Zuid-Holland",false,51.860106,4.607866,"injury","2","clear",false,1,"GM0597"
"20220024102",2022,"Letsel",2,"Personenauto","Fiets","Frontaal","Rechte weg",30,"Brandend","Duisternis",\N,\N,"215246048","Rechte Zandweg","Dordrecht","Dordrecht","Zuid-Holland",false,51.796282,4.705786,"injury","2","unknown",false,1,"GM0505"
"20220052004",2022,"Letsel",2,"Personenauto","e-bike","Flank","Rotonde",50,"Niet brandend","Daglicht","Droog",\N,\N,"Oosttangent","Heerhugowaard","Dijk en Waard","Noord-Holland",false,52.662961,4.850737,"injury","2","clear",false,1,"GM1980"
"20220055017",2022,"Uitsluitend materiele schade",2,"e-bike","Fiets","Frontaal","Rechte weg",50,"Niet aanwezig","Daglicht","Droog","Tunnel","249369041","Kruislaan","Amsterdam","Amsterdam","Noord-Holland",false,52.348781,4.941881,"material damage only","4","clear",false,1,"GM0363"
"20220109467",2022,"Letsel",1,"Fiets",\N,"Eenzijdig",\N,60,\N,"Duisternis",\N,\N,\N,"Oude Zeedijk","Axel","Terneuzen","Zeeland",false,51.290401,3.951836,"injury","2","unknown",false,1,"GM0715"
"20220111501",2022,"Uitsluitend materiele schade",2,"Fiets","Fiets","Onbekend","Rechte weg",60,"Niet brandend","Daglicht","Droog",\N,"600458567","Rouwven","Wintelre","Eersel","Noord-Brabant",false,51.456229,5.314158,"material damage only","4","clear",false,1,"GM0770"
"20220112934",2022,"Letsel",1,"Fiets",\N,"Eenzijdig","Rotonde",50,"Niet brandend","Daglicht","Droog",\N,\N,"Grachtstraat","Voerendaal","Voerendaal","Limburg",false,50.875884,5.94462,"injury","2","clear",false,1,"GM0986"
"20220113060",2022,"Letsel",2,"e-bike","Landbouwvoertuig","Geparkeerd voertuig","Kruispunt, 3 takken",50,"Niet brandend","Daglicht","Droog",\N,\N,"Spurkt","Venray","Venray","Limburg",false,51.547755,5.969729,"injury","2","clear",false,1,"GM0984"
"20220113598",2022,"Letsel",2,"Bestelauto","Fiets","Flank","Kruispunt, 4 takken",50,"Niet brandend","Daglicht","Regen",\N,\N,"Scalahof","Schinnen","Beekdaelen","Limburg",false,50.942291,5.887618,"injury","2","rain",false,1,"GM1954"
"20220042621",2022,"Letsel",1,"Fiets",\N,"Eenzijdig","Rechte weg",30,"Brandend","Duisternis","Harde windstoten",\N,"520364077","Molenstraat","Oldenzaal","Oldenzaal","Overijssel",false,52.316311,6.932955,"injury","2","unknown",false,1,"GM0173"
"20230001336",2023,"Letsel",2,"Fiets","Personenauto","Kop/staart","Rechte weg",60,"Brandend","Duisternis","Droog",\N,"600613191","Windmolenweg","Enschede","Enschede","Overijssel",false,52.216882,6.820524,"injury","2","clear",false,1,"GM0153"
"20230050661",2023,"Letsel",1,"Fiets",\N,"Eenzijdig",\N,50,\N,"Daglicht",\N,\N,"600379487","Javastraat","'s-Gravenhage","'s-Gravenhage","Zuid-Holland",false,52.087572,4.302489,"injury","2","unknown",false,1,"GM0518"
"20230062523",2023,"Uitsluitend materiele schade",1,"Fiets",\N,"Onbekend",\N,50,\N,"Daglicht",\N,\N,"317148032","Tienendreef","Valkenswaard","Valkenswaard","Noord-Brabant",false,51.356253,5.444495,"material damage only","4","unknown",false,1,"GM0858"
"20230001049",2023,"Uitsluitend materiele schade",2,"Fiets","Personenauto","Frontaal","Kruispunt, 3 takken",30,"Niet brandend","Daglicht","Droog",\N,\N,"Sportstraat","Wageningen","Wageningen","Gelderland",false,51.973103,5.668578,"material damage only","4","clear",false,1,"GM0289"
"20230002780",2023,"Uitsluitend materiele schade",2,"Snorfiets","Fiets","Flank","Kruispunt, 4 takken",30,"Niet brandend","Daglicht","Droog",\N,\N,"Panneroodstraat","Zaandam","Zaanstad","Noord-Holland",false,52.445501,4.839417,"material damage only","4","clear",false,1,"GM0479"
"20230008650",2023,"Uitsluitend materiele schade",2,"Personenauto","Fiets","Flank","Kruispunt, 4 takken",50,"Brandend","Duisternis","Droog",\N,\N,"Hoogbrugplein","Maastricht","Maastricht","Limburg",false,50.847255,5.702886,"material damage only","4","clear",false,1,"GM0935"
"20230009253",2023,"Letsel",2,"Personenauto","Fiets","Flank","Kruispunt, 3 takken",50,"Niet brandend","Daglicht","Droog",\N,"600139091","Stationsweg","Eindhoven","Eindhoven","Noord-Brabant",false,51.442335,5.48504,"injury","2","clear",false,1,"GM0772"
"20230009424",2023,"Letsel",2,"Fiets","Bestelauto","Flank","Kruispunt, 3 takken",80,"Niet brandend","Daglicht","Droog",\N,\N,"Walk","Heythuysen","Leudal","Limburg",false,51.256422,5.911583,"injury","2","clear",false,1,"GM1640"
"20230008553",2023,"Uitsluitend materiele schade",2,"Personenauto","Fiets","Onbekend",\N,50,\N,"Duisternis",\N,\N,"394036027","Imstenrade","Heerlen","Heerlen","Limburg",false,50.851911,5.986411,"material damage only","4","unknown",false,1,"GM0917"
"20230000246",2023,"Uitsluitend materiele schade",2,"Personenauto","Fiets","Flank","Kruispunt, 3 takken",30,"Niet brandend","Daglicht","Droog",\N,\N,"Voor de Kijkuit","Tiel","Tiel","Gelderland",false,51.889239,5.431921,"material damage only","4","clear",false,1,"GM0281"
"20230001147",2023,"Uitsluitend materiele schade",2,"Personenauto","Fiets","Flank","Rechte weg",30,"Niet brandend","Daglicht","Sneeuw/Hagel",\N,"286280097","Bikolaan","Culemborg","Culemborg","Gelderland",false,51.951868,5.216448,"material damage only","4","unknown",false,1,"GM0216"
"20230004523",2023,"Letsel",3,"Bromfiets","Fiets","Onbekend","Rotonde",\N,"Brandend","Daglicht","Droog",\N,\N,"Burgemeester Röellstraat","Amsterdam","Amsterdam","Noord-Holland",false,52.375714,4.818472,"injury","2","clear",false,1,"GM0363"
"20230004525",2023,"Letsel",2,"Fiets","Fiets","Flank","Rechte weg",50,"Niet brandend","Daglicht","Droog",\N,"600601494","Rijksstraatweg","Haarlem","Haarlem","Noord-Holland",false,52.409576,4.650996,"injury","2","clear",false,1,"GM0392"
"20230052002",2023,"Dodelijk",2,"Personenauto","Fiets","Kop/staart","Rechte weg",50,"Niet brandend","Daglicht","Droog",\N,"222194006","Burgemeester de Manlaan","Breda","Breda","Noord-Brabant",false,51.563479,4.760813,"fatal","1","clear",false,1,"GM0758"
"20230046342",2023,"Uitsluitend materiele schade",1,"Fiets",\N,"Onbekend",\N,\N,\N,"Duisternis",\N,\N,"268296009","Doorslag","Nieuwegein","Nieuwegein","Utrecht",false,52.023156,5.081896,"material damage only","4","unknown",false,1,"GM0356"
"20230001207",2023,"Uitsluitend materiele schade",2,"Personenauto","Fiets","Frontaal","Rechte weg",50,"Niet brandend","Daglicht","Droog",\N,"463359011","Wijnand Zeeuwstraat","Rijssen","Rijssen-Holten","Overijssel",false,52.301322,6.515921,"material damage only","4","clear",false,1,"GM1742"
"20230001539",2023,"Letsel",2,"Bromfiets","Fiets","Onbekend","Rechte weg",50,"Niet brandend","Daglicht","Droog","Brug/viaduct","466561002","Parkweg","Groningen","Groningen","Groningen",false,53.207465,6.561498,"injury","2","clear",false,1,"GM0014"
"20230003991",2023,"Uitsluitend materiele schade",3,"Personenauto","Fiets","Onbekend","Kruispunt, 4 takken",50,"Brandend","Duisternis","Sneeuw/Hagel",\N,\N,"Amsterdamseweg","Amstelveen","Amstelveen","Noord-Holland",false,52.31736,4.857115,"material damage only","4","unknown",false,1,"GM0362"
"20230002914",2023,"Uitsluitend materiele schade",2,"Personenauto","e-bike","Flank","Rotonde",50,"Niet brandend","Daglicht","Droog",\N,\N,"De Omloop","Heiloo","Heiloo","Noord-Holland",false,52.606629,4.688673,"material damage only","4","clear",false,1,"GM0399"
"20230003307",2023,"Letsel",2,"e-bike","Personenauto","Flank","Rotonde",50,"Niet brandend","Daglicht","Regen",\N,\N,"De Baandert","Heemskerk","Heemskerk","Noord-Holland",false,52.514047,4.682328,"injury","2","rain",false,1,"GM0396"
"20230009414",2023,"Uitsluitend materiele schade",2,"Personenauto","Fiets","Onbekend",\N,\N,\N,"Daglicht",\N,\N,"392045065","Spoorsingel","Heerlen","Heerlen","Limburg",false,50.89249,5.973178,"material damage only","4","unknown",false,1,"GM0917"
"20230003885",2023,"Letsel",3,"Fiets",\N,"Eenzijdig","Rechte weg",50,"Brandend","Duisternis","Droog",\N,"600775730","Oud-Loosdrechtsedijk","Loosdrecht","Wijdemeren","Noord-Holland",false,52.207084,5.094352,"injury","2","clear",false,1,"GM1696"
"20230005356",2023,"Letsel",1,"e-bike",\N,"Eenzijdig","Kruispunt, 4 takken",50,"Brandend","Duisternis","Droog",\N,\N,"Plein 1813","'s-Gravenhage","'s-Gravenhage","Zuid-Holland",false,52.085913,4.304952,"injury","2","clear",false,1,"GM0518"