"accident_id","year","severity_raw","party_count","party1_type","party2_type","accident_type","road_situation","speed_limit_kmh","road_lighting","light_condition_label","weather_raw","infra_type","road_segment_id","street_name","place_name","gemeente_name_raw","province","alcohol_indicated","latitude","longitude","severity_label","severity_code","weather_label","built_up_area","cyclists_involved","gemeente_code"
"20220122752",2022,"Letsel",2,"Fiets","Personenauto","Flank","Kruispunt, 3 takken",60,"Niet brandend","Daglicht","Droog",\N,\N,"Rijksweg","Limmen","Castricum","Noord-Holland",false,52.562351,4.689866,"injury","2","clear",false,1,"GM0383"
"20220130100",2022,"Uitsluitend materiele schade",2,"Personenauto","Fiets","Flank","Kruispunt, 4 takken",50,"Niet brandend","Daglicht","Droog",\N,\N,"Reeshofdijk","Tilburg","Tilburg","Noord-Brabant",false,51.572968,5.019875,"material damage only","4","clear",false,1,"GM0855"
"20220131466",2022,"Uitsluitend materiele schade",2,"Bestelauto","Fiets","Onbekend","Kruispunt, 4 takken",50,"Niet brandend","Daglicht","Droog",\N,\N,"Europalaan","Eindhoven","Eindhoven","Noord-Brabant",false,51.45728,5.48288,"material damage only","4","clear",false,1,"GM0772"
"20220183652",2022,"Uitsluitend materiele schade",2,"Personenauto","e-bike","Onbekend","Rotonde",50,"Niet brandend","Daglicht","Droog",\N,\N,"Veren Ambachtseweg","Ridderkerk","Ridderkerk","Zuid-Holland",false,51.85925,4.560463,"material damage only","4","clear",false,1,"GM0597"
"20220183664",2022,"Uitsluitend materiele schade",2,"Fiets","Fiets","Voetganger","Rechte weg",30,"Niet brandend","Daglicht","Droog",\N,"600729897","Prins Hendrikkade","Rotterdam","Rotterdam","Zuid-Holland",false,51.914858,4.499646,"material damage only","4","clear",false,1,"GM0599"
"20220184447",2022,"Letsel",2,"Personenauto","Fiets","Flank","Rotonde",50,"Niet brandend","Daglicht","Droog",\N,\N,"Kouwenaardseweg","Hoogvliet Rotterdam","Rotterdam","Zuid-Holland",false,51.862291,4.366317,"injury","2","clear",false,1,"GM0599"
"20220123997",2022,"Uitsluitend materiele schade",3,"Snorfiets","Fiets","Onbekend","Rechte weg",30,"Niet brandend","Daglicht","Droog",\N,"600381723","Gerard Doustraat","Amsterdam","Amsterdam","Noord-Holland",false,52.355649,4.891494,"material damage only","4","clear",false,1,"GM0363"
"20220126372",2022,"Letsel",2,"Snorfiets","Fiets","Flank","Kruispunt, 4 takken",50,"Niet brandend","Daglicht",\N,\N,\N,"Wassenaarseweg","'s-Gravenhage","'s-Gravenhage","Zuid-Holland",false,52.090174,4.31329,"injury","2","unknown",false,1,"GM0518"
"20220136520",2022,"Uitsluitend materiele schade",2,"Personenauto","e-bike","Onbekend","Kruispunt, 3 takken",60,"Niet brandend","Daglicht","Droog",\N,\N,"Veenweg","Bathmen","Deventer","Overijssel",false,52.253938,6.354254,"material damage only","4","clear",false,1,"GM0150"
"20220162069",2022,"Letsel",3,"Personenauto","Fiets","Geparkeerd voertuig",\N,30,"Niet brandend","Daglicht","Droog","Parkeervoorziening","520513005","Gandhiplein","Stadskanaal","Stadskanaal","Groningen",false,52.988068,6.956838,"injury","2","clear",false,1,"GM0037"
"20220167911",2022,"Letsel",2,"Fiets","Overig vast object","Vast voorwerp","Rechte weg",30,"Brandend","Duisternis","Droog",\N,"425327005","Kapperallee","Eefde","Lochem","Gelderland",false,52.159584,6.234193,"injury","2","clear",false,1,"GM0262"
"20220169221",2022,"Letsel",2,"Snorfiets","e-bike","Flank","Kruispunt, 4 takken",50,"Niet brandend","Daglicht","Droog",\N,\N,"Kuipersdijk","Enschede","Enschede","Overijssel",false,52.209407,6.894738,"injury","2","clear",false,1,"GM0153"
"20220186655",2022,"Letsel",3,"Bestelauto","Fiets","Onbekend","Rechte weg",50,"Niet brandend","Daglicht","Droog",\N,"223210007","Bredaseweg","Terheijden","Drimmelen","Noord-Brabant",false,51.635138,4.764594,"injury","2","clear",false,1,"GM1719"
"20220187773",2022,"Uitsluitend materiele schade",2,"Personenauto","e-bike","Flank","Rotonde",50,"Niet brandend","Daglicht","Droog",\N,\N,"'t Dorp","Heesch","Bernheze","Noord-Brabant",false,51.736262,5.535063,"material damage only","4","clear",false,1,"GM1721"
"20220190689",2022,"Uitsluitend materiele schade",2,"Fiets","Fiets","Frontaal","Rechte weg",30,"Niet brandend","Daglicht","Droog",\N,\N,"Tongersestraat","Maastricht","Maastricht","Limburg",false,50.846481,5.687324,"material damage only","4","clear",false,1,"GM0935"
"20220124033",2022,"Uitsluitend materiele schade",2,"Personenauto","Fiets","Flank","Kruispunt, 4 takken",50,"Niet brandend","Daglicht",\N,\N,\N,"Oranje-Vrijstaatkade","Amsterdam","Amsterdam","Noord-Holland",false,52.355856,4.928001,"material damage only","4","unknown",false,1,"GM0363"
"20220125421",2022,"Letsel",2,"Personenauto","Fiets","Kop/staart","Rechte weg",50,"Niet brandend","Daglicht","Droog",\N,"190309010","Lijnbaan","Zoetermeer","Zoetermeer","Zuid-Holland",false,52.07686,4.513612,"injury","2","clear",false,1,"GM0637"
"20220138537",2022,"Letsel",2,"Landbouwvoertuig","Fiets","Flank","Rechte weg",60,"Niet brandend","Daglicht","Droog",\N,"321319004","Asschatterweg","Leusden","Leusden","Utrecht",false,52.127383,5.468818,"injury","2","clear",false,1,"GM0327"
"20220141504",2022,"Letsel",1,"Fiets",\N,"Eenzijdig",\N,30,\N,"Daglicht",\N,\N,"600362909","Quellijnstraat","Amsterdam","Amsterdam","Noord-Holland",false,52.356946,4.887824,"injury","2","unknown",false,1,"GM0363"
"20220155585",2022,"Uitsluitend materiele schade",2,"Personenauto","e-bike","Flank","Kruispunt, 4 takken",50,"Brandend","Duisternis","Droog",\N,\N,"Reitzstraat","Amsterdam","Amsterdam","Noord-Holland",false,52.353722,4.919237,"material damage only","4","clear",false,1,"GM0363"
"20220118955",2022,"Uitsluitend materiele schade",2,"Personenauto","Fiets","Flank","Rechte weg",30,"Niet brandend","Daglicht","Droog",\N,\N,"Sweerts de Landasstraat","Arnhem","Arnhem","Gelderland",false,51.986188,5.901834,"material damage only","4","clear",false,1,"GM0202"
"20220126455",2022,"Uitsluitend materiele schade",1,"Fiets",\N,"Flank","Kruispunt, 4 takken",50,"Niet brandend","Daglicht","Droog",\N,\N,"Groot Hertoginnelaan","'s-Gravenhage","'s-Gravenhage","Zuid-Holland",false,52.085224,4.287243,"material damage only","4","clear",false,1,"GM0518"
"20220131740",2022,"Uitsluitend materiele schade",2,"Snorfiets","Fiets","Flank","Kruispunt, 3 takken",\N,"Niet brandend","Daglicht","Droog",\N,\N,"Kruisstraat","Eindhoven","Eindhoven","Noord-Brabant",false,51.44577,5.475127,"material damage only","4","clear",false,1,"GM0772"
"20220135722",2022,"Uitsluitend materiele schade",2,"Snorfiets","Fiets","Flank","Kruispunt, 3 takken",50,"Niet brandend","Daglicht","Droog",\N,\N,"Jan van der Heydenstraat","Wijchen","Wijchen","Gelderland",false,51.813518,5.75316,"material damage only","4","clear",false,1,"GM0296"
"20220155596",2022,"Letsel",2,"Personenauto","e-bike","Flank","Kruispunt, 4 takken",50,"Niet brandend","Daglicht","Droog",\N,\N,"Welnastraat","Amsterdam","Amsterdam","Noord-Holland",false,52.339495,4.920378,"injury","2","clear",false,1,"GM0363"
"20220160781",2022,"Uitsluitend materiele schade",2,"Personenauto","Fiets","Flank","Kruispunt, 4 takken",30,"Niet brandend","Daglicht","Droog",\N,\N,"Aalbekerweg","Hulsberg","Beekdaelen","Limburg",false,50.900765,5.852348,"material damage only","4","clear",false,1,"GM1954"
"20220171660",2022,"Uitsluitend materiele schade",2,"Personenauto","e-bike","Flank","Kruispunt, 4 takken",50,"Niet brandend","Daglicht","Droog",\N,\N,"Watersteeg","Amersfoort","Amersfoort","Utrecht",false,52.200712,5.374608,"material damage only","4","clear",false,1,"GM0307"
"20220174263",2022,"Uitsluitend materiele schade",1,"Fiets",\N,"Flank","Rechte weg",50,"Niet brandend","Daglicht","Droog",\N,\N,"Fluytstraat","Den Helder","Den Helder","Noord-Holland",false,52.935624,4.744391,"material damage only","4","clear",false,1,"GM0400"
"20220193191",2022,"Letsel",2,"Personenauto","Fiets","Flank","Kruispunt, 3 takken",50,"Niet brandend","Daglicht","Droog",\N,\N,"Westerstraat","Ruinen","De Wolden","Drenthe",false,52.763747,6.355019,"injury","2","clear",false,1,"GM1690"
"20220134634",2022,"Letsel",2,"Fiets","Fiets","Onbekend","Rechte weg",30,"Brandend","Duisternis","Droog","Bus-/Tramhalte","523461002","Klazienaveensestraat","Nieuw-Dordrecht","Emmen","Drenthe",false,52.751808,6.965729,"injury","2","clear",false,1,"GM0114"
"20220140093",2022,"Uitsluitend materiele schade",1,"e-bike",\N,"Onbekend",\N,50,\N,"Daglicht",\N,\N,"233392100","Heijermansstraat","Zaandam","Zaanstad","Noord-Holland",false,52.452963,4.82352,"material damage only","4","unknown",false,1,"GM0479"
"20220147503",2022,"Uitsluitend materiele schade",2,"Fiets","Personenauto","Geparkeerd voertuig","Kruispunt, 4 takken",30,"Niet brandend","Daglicht","Droog","Parkeervoorziening",\N,"Voorstraat","Klundert","Moerdijk","Noord-Brabant",false,51.66237,4.534501,"material damage only","4","clear",false,1,"GM1709"
"20220150268",2022,"Letsel",4,"Personenauto","Fiets","Los voorwerp","Kruispunt, 3 takken",50,"Niet aanwezig","Daglicht","Regen",\N,\N,"Geer","Veldhoven","Veldhoven","Noord-Brabant",false,51.421426,5.403499,"injury","2","rain",false,1,"GM0861"
"20220155647",2022,"Uitsluitend materiele schade",2,"Fiets","Fiets","Flank","Rechte weg",30,"Niet brandend","Daglicht",\N,\N,"600363073","Spuistraat","Amsterdam","Amsterdam","Noord-Holland",false,52.370701,4.889176,"material damage only","4","unknown",false,1,"GM0363"
"20220192734",2022,"Letsel",2,"e-bike","e-bike","Kop/staart","Rechte weg",60,"Niet brandend","Schemer","Droog",\N,"600870313","Schoonhovenweg","Hollandscheveld","Hoogeveen","Drenthe",false,52.69872,6.543812,"injury","2","clear",false,1,"GM0118"
"20220192748",2022,"Letsel",2,"Personenauto","e-bike","Flank","Kruispunt, 3 takken",50,"Niet brandend","Daglicht","Regen",\N,\N,"De Krumpel","Schoonebeek","Emmen","Drenthe",false,52.666065,6.87923,"injury","2","rain",false,1,"GM0114"
"20220162402",2022,"Letsel",1,"Fiets",\N,"Eenzijdig","Rechte weg",30,"Niet brandend","Daglicht","Droog",\N,"600402883","Stationsweg","Groningen","Groningen","Groningen",true,53.211805,6.563561,"injury","2","clear",false,1,"GM0014"
"20220197082",2022,"Letsel",2,"Fiets","Boom","Vast voorwerp","Bocht",30,"Niet aanwezig","Daglicht","Droog",\N,"451413001","Zuidelijke Dwarsweg","Arriën","Ommen","Overijssel",false,52.547152,6.435048,"injury","2","clear",false,1,"GM0175"
"20220197674",2022,"Uitsluitend materiele schade",2,"Personenauto","Fiets","Flank","Kruispunt, 4 takken",30,"Brandend","Duisternis","Droog",\N,\N,"Lange Haeg","Ermelo","Ermelo","Gelderland",false,52.300041,5.597396,"material damage only","4","clear",false,1,"GM0233"
"20220198191",2022,"Letsel",3,"Personenauto","Fiets","Onbekend","Rotonde",50,"Niet brandend","Daglicht","Regen",\N,\N,"Liemersallee","Westervoort","Westervoort","Gelderland",false,51.961444,5.98017,"injury","2","rain",false,1,"GM0293"
"20220121714",2022,"Uitsluitend materiele schade",2,"Personenauto","Fiets","Onbekend",\N,50,\N,"Daglicht",\N,\N,"213406182","Maerelaan","Heemskerk","Heemskerk","Noord-Holland",false,52.513114,4.679331,"material damage only","4","unknown",false,1,"GM0396"
"20220122998",2022,"Letsel",2,"Fiets","Voetganger","Voetganger","Kruispunt, 4 takken",30,"Niet brandend","Daglicht","Droog",\N,\N,"Het Rietland","Marken","Waterland","Noord-Holland",false,52.456891,5.104657,"injury","2","clear",false,1,"GM0852"
"20220124203",2022,"Uitsluitend materiele schade",2,"Bestelauto","Fiets","Onbekend","Rechte weg",30,"Niet brandend","Daglicht",\N,\N,"241376118","Lijnbaansgracht","Amsterdam","Amsterdam","Noord-Holland",false,52.379996,4.880796,"material damage only","4","unknown",false,1,"GM0363"
"20220140331",2022,"Letsel",2,"Bromfiets","Fiets","Flank","Kruispunt, 3 takken",30,"Niet brandend","Daglicht","Droog",\N,\N,"Breedweer","Koog aan de Zaan","Zaanstad","Noord-Holland",false,52.455755,4.807602,"injury","2","clear",false,1,"GM0479"
"20240086740",2024,"Uitsluitend materiele schade",2,"Personenauto","Fiets","Flank","Rechte weg",50,"Niet brandend","Daglicht","Droog",\N,\N,"Zeeweg","Overveen","Bloemendaal","Noord-Holland",false,52.403721,4.548349,"material damage only","4","clear",false,1,"GM0377"
"20240093704",2024,"Letsel",2,"Personenauto","Fiets","Flank","Kruispunt, 4 takken",30,"Niet brandend","Daglicht","Droog",\N,\N,"Mounewei","Twijzel","Achtkarspelen","Friesland",false,53.231633,6.090149,"injury","2","clear",false,1,"GM0059"
"20240097299",2024,"Uitsluitend materiele schade",1,"Fiets",\N,"Frontaal","Rechte weg",30,"Niet brandend","Daglicht","Droog",\N,"243375112","Prins Hendrikkade","Amsterdam","Amsterdam","Noord-Holland",false,52.376728,4.899354,"material damage only","4","clear",false,1,"GM0363"
"20240098162",2024,"Uitsluitend materiele schade",3,"Personenauto","Fiets","Flank","Kruispunt, 4 takken",50,"Brandend","Duisternis","Regen",\N,\N,"Kleveringweg","Delft","Delft","Zuid-Holland",false,52.027912,4.363615,"material damage only","4","rain",false,1,"GM0503"
"20240043774",2024,"Uitsluitend materiele schade",2,"Personenauto","Fiets","Flank","Kruispunt, 4 takken",30,"Niet brandend","Daglicht","Droog",\N,\N,"Renseweg","De Mortel","Gemert-Bakel","Noord-Brabant",false,51.540192,5.708818,"material damage only","4","clear",false,1,"GM1652"
"20240083533",2024,"Letsel",2,"Landbouwvoertuig","Fiets","Frontaal","Rechte weg",60,"Niet brandend","Daglicht","Droog",\N,"401180003","Castenrayseweg","Castenray","Venray","Limburg",false,51.497433,6.044482,"injury","2","clear",false,1,"GM0984"
"20240084221",2024,"Uitsluitend materiele schade",2,"Fiets","Fiets","Flank","Bocht",30,"Niet brandend","Daglicht","Droog",\N,"319330012","Kantemarsweg","Hoevelaken","Nijkerk","Gelderland",false,52.176767,5.458386,"material damage only","4","clear",false,1,"GM0267"
"20240086757",2024,"Letsel",1,"Fiets",\N,"Eenzijdig","Rechte weg",30,"Niet brandend","Duisternis","Droog",\N,"600773554","Zeedijk","Edam","Edam-Volendam","Noord-Holland",false,52.514007,5.077146,"injury","2","clear",false,1,"GM0385"
"20240093097",2024,"Uitsluitend materiele schade",2,"Personenauto","e-bike","Flank","Kruispunt, 4 takken",50,"Niet brandend","Daglicht","Droog",\N,\N,"Ruitenberglaan","Arnhem","Arnhem","Gelderland",false,51.989484,5.950028,"material damage only","4","clear",false,1,"GM0202"
"20240094161",2024,"Uitsluitend materiele schade",2,"Bestelauto","e-bike","Flank","Rotonde",30,"Niet brandend","Daglicht","Droog",\N,\N,"Havezathenallee","Zwolle","Zwolle","Overijssel",false,52.538942,6.040385,"material damage only","4","clear",false,1,"GM0193"
"20240098186",2024,"Dodelijk",2,"Personenauto","Fiets","Flank","Kruispunt, 4 takken",80,"Brandend","Duisternis","Droog",\N,\N,"FIETSPAD","Oudkarspel","Dijk en Waard","Noord-Holland",false,52.719067,4.774125,"fatal","1","clear",false,1,"GM1980"
"20240098453",2024,"Uitsluitend materiele schade",2,"Bestelauto","Fiets","Flank","Rotonde",50,"Niet brandend","Daglicht","Regen",\N,\N,"Nieuwe Leeuwarderweg","Amsterdam","Amsterdam","Noord-Holland",false,52.397384,4.925981,"material damage only","4","rain",false,1,"GM0363"
"20240101305",2024,"Uitsluitend materiele schade",2,"Fiets","Bromfiets","Onbekend","Rechte weg",50,"Niet brandend","Daglicht","Droog",\N,"189268132","Beijerlandselaan","Rotterdam","Rotterdam","Zuid-Holland",false,51.895158,4.510357,"material damage only","4","clear",false,1,"GM0599"
"20240101489",2024,"Letsel",1,"Fiets",\N,"Onbekend","Rechte weg",30,"Niet brandend","Daglicht","Droog",\N,"360162006","Marialaan","Ommel","Asten","Noord-Brabant",false,51.419648,5.749449,"injury","2","clear",false,1,"GM0743"
"20240049000",2024,"Letsel",2,"Personenauto","e-bike","Flank","Kruispunt, 4 takken",30,"Niet brandend","Daglicht","Droog",\N,\N,"Madridweg","Almere","Almere","Flevoland",false,52.395264,5.277841,"injury","2","clear",false,1,"GM0034"
"20240074548",2024,"Letsel",2,"Fiets","Overig vast object","Vast voorwerp","Rechte weg",30,"Brandend","Daglicht","Droog","Tunnel","322168153","Kruisstraattunnel","Eindhoven","Eindhoven","Noord-Brabant",false,51.44446,5.475259,"injury","2","clear",false,1,"GM0772"
"20240079710",2024,"Uitsluitend materiele schade",2,"Bromfiets","Fiets","Flank","Kruispunt, 3 takken",30,"Niet brandend","Daglicht","Droog",\N,\N,"Stadhouderskade","Amsterdam","Amsterdam","Noord-Holland",false,52.357914,4.892821,"material damage only","4","clear",false,1,"GM0363"
"20240098206",2024,"Letsel",2,"Fiets","Snorfiets","Frontaal","Rechte weg",50,"Niet brandend","Daglicht","Droog",\N,"208375143","Langebrug","Haarlem","Haarlem","Noord-Holland",false,52.376885,4.640205,"injury","2","clear",false,1,"GM0392"
"20240044470",2024,"Letsel",2,"Personenauto","Fiets","Onbekend","Rotonde",50,"Niet brandend","Daglicht","Droog",\N,\N,"FIETSPAD","Etten-Leur","Etten-Leur","Noord-Brabant",false,51.568655,4.650065,"injury","2","clear",false,1,"GM0777"
"20240046680",2024,"Uitsluitend materiele schade",2,"Fiets","Personenauto","Flank","Kruispunt, 4 takken",50,"Niet brandend","Daglicht","Droog",\N,\N,"Castorweg","Hengelo","Hengelo (O)","Overijssel",false,52.276342,6.804062,"material damage only","4","clear",false,1,\N
"20240071468",2024,"Uitsluitend materiele schade",2,"Personenauto","Fiets","Flank","Kruispunt, 3 takken",50,"Niet brandend","Daglicht","Droog",\N,\N,"Kilweg","Barendrecht","Barendrecht","Zuid-Holland",false,51.843828,4.520132,"material damage only","4","clear",false,1,"GM0489"
"20240077937",2024,"Letsel",2,"Bromfiets","Fiets","Flank","Kruispunt, 4 takken",50,"Niet brandend","Daglicht","Droog",\N,\N,"Catharijnesingel","Utrecht","Utrecht","Utrecht",false,52.080341,5.121845,"injury","2","clear",false,1,"GM0344"
"20240078533",2024,"Letsel",1,"Fiets",\N,"Onbekend","Rechte weg",50,"Brandend","Duisternis","Droog",\N,"600901097","Laan van Europa","'s-Gravenhage","'s-Gravenhage","Zuid-Holland",false,52.085602,4.31637,"injury","2","clear",false,1,"GM0518"
"20240083620",2024,"Uitsluitend materiele schade",2,"Fiets","Fiets","Flank","Rechte weg",50,"Niet brandend","Daglicht","Droog",\N,"179188081","Jeroen Boschstraat","Roosendaal","Roosendaal","Noord-Brabant",false,51.532174,4.444337,"material damage only","4","clear",false,1,"GM1674"
"20240088832",2024,"Letsel",2,"Bromfiets","Fiets","Onbekend","Rechte weg",60,"Brandend","Duisternis","Droog",\N,\N,"Keukenhof","Lisse","Lisse","Zuid-Holland",false,52.267689,4.543498,"injury","2","clear",false,1,"GM0553"
"20240091396",2024,"Letsel",2,"Fiets","Personenauto","Onbekend","Kruispunt, 4 takken",30,"Niet brandend","Daglicht","Droog",\N,\N,"Gravinnelaan","Oud-Beijerland","Hoeksche Waard","Zuid-Holland",false,51.824776,4.420598,"injury","2","clear",false,1,"GM1963"
"20240093175",2024,"Letsel",1,"Fiets",\N,"Onbekend","Rechte weg",30,"Niet aanwezig","Daglicht","Droog",\N,"601028860","Bosweg","Voorst","Oude IJsselstreek","Gelderland",false,51.87442,6.396738,"injury","2","clear",false,1,"GM1509"
"20240094205",2024,"Letsel",2,"Fiets","Personenauto","Flank","Rotonde",50,"Niet brandend","Daglicht","Droog",\N,\N,"Julianastraat","Leeuwarden","Leeuwarden","Friesland",false,53.200825,5.81705,"injury","2","clear",false,1,"GM0080"
"20240098009",2024,"Letsel",1,"Fiets",\N,"Eenzijdig","Rechte weg",50,"Brandend","Schemer","Droog",\N,"600716554","Lijnbaan","'s-Gravenhage","'s-Gravenhage","Zuid-Holland",false,52.073224,4.29902,"injury","2","clear",false,1,"GM0518"
"20240048467",2024,"Uitsluitend materiele schade",2,"Fiets",\N,"Flank","Rotonde",30,"Niet brandend","Daglicht","Droog",\N,\N,"Herenstraat","Bussum","Gooise Meren","Noord-Holland",false,52.273285,5.16285,"material damage only","4","clear",false,1,"GM1942"
"20240050370",2024,"Uitsluitend materiele schade",2,"Fiets","Personenauto","Flank","Rotonde",30,"Niet brandend","Daglicht","Droog",\N,\N,"Baden Powellweg","Amsterdam","Amsterdam","Noord-Holland",false,52.3476,4.798355,"material damage only","4","clear",false,1,"GM0363"
"20240074643",2024,"Uitsluitend materiele schade",2,"Personenauto","Fiets","Onbekend","Rechte weg",30,"Niet brandend","Daglicht","Droog",\N,"391369081","Parkweg","Epe","Epe","Gelderland",false,52.348219,5.986636,"material damage only","4","clear",false,1,"GM0232"
"20240094699",2024,"Uitsluitend materiele schade",2,"Fiets","Fiets","Flank","Kruispunt, 3 takken",50,"Niet brandend","Daglicht","Droog",\N,\N,"Archipelstraat","Nijmegen","Nijmegen","Gelderland",false,51.834801,5.859325,"material damage only","4","clear",false,1,"GM0268"
"20240096840",2024,"Uitsluitend materiele schade",2,"Personenauto","Fiets","Frontaal","Kruispunt, 4 takken",30,"Niet brandend","Daglicht","Droog",\N,\N,"Prismastraat","Almere","Almere","Flevoland",false,52.39579,5.293919,"material damage only","4","clear",false,1,"GM0034"
"20240043910",2024,"Uitsluitend materiele schade",2,"Bestelauto","Fiets","Onbekend","Rechte weg",\N,"Niet brandend","Daglicht","Droog",\N,"350173014","Lage Dijk","Helmond","Helmond","Noord-Brabant",false,51.470612,5.67839,"material damage only","4","clear",false,1,"GM0794"
"20240044574",2024,"Letsel",1,"Fiets",\N,"Onbekend",\N,60,\N,"Daglicht",\N,\N,"600769930","Reuselpad","Tilburg","Tilburg","Noord-Brabant",false,51.54938,5.033601,"injury","2","unknown",false,1,"GM0855"
"20240046769",2024,"Letsel",2,"Fiets","Fiets","Frontaal","Bocht",\N,"Niet aanwezig","Duisternis","Droog",\N,"510372029","Eertmansweg","Weerselo","Dinkelland","Overijssel",false,52.354591,6.859685,"injury","2","clear",false,1,"GM1774"
"20240087587",2024,"Uitsluitend materiele schade",2,"Trekker","Fiets","Flank","Kruispunt, 4 takken",50,"Niet brandend","Daglicht","Droog",\N,\N,"Dr. C. Lelyweg","Arnhem","Arnhem","Gelderland",false,51.971618,5.935281,"material damage only","4","clear",false,1,"GM0202"
"20240089542",2024,"Letsel",2,"Personenauto","Fiets","Flank","Kruispunt, 4 takken",30,"Niet brandend","Daglicht","Droog",\N,\N,"Koekoeksbloem","Opmeer","Opmeer","Noord-Holland",false,52.706922,4.935541,"injury","2","clear",false,1,"GM0432"
"20240091479",2024,"Letsel",2,"Personenauto","Fiets","Flank","Kruispunt, 3 takken",30,"Brandend","Schemer","Droog",\N,\N,"Hooghout","Breda","Breda","Noord-Brabant",false,51.587965,4.797763,"injury","2","clear",false,1,"GM0758"
"20240092730",2024,"Uitsluitend materiele schade",2,"Snorfiets","Fiets","Flank","Rechte weg",30,"Niet brandend","Daglicht","Droog",\N,"384056003","Parallelstraat","Amstenrade","Beekdaelen","Limburg",false,50.942975,5.92026,"material damage only","4","clear",false,1,"GM1954"
"20240094717",2024,"Letsel",2,"Personenauto","Fiets","Onbekend","Rotonde",50,"Niet brandend","Daglicht","Droog",\N,\N,"Zeelandsingel","Arnhem","Arnhem","Gelderland",false,51.950357,5.872278,"injury","2","clear",false,1,"GM0202"
"20240096273",2024,"Letsel",2,"e-bike",\N,"Flank","Kruispunt, 3 takken",50,"Niet brandend","Daglicht","Droog",\N,\N,"Westplein","Utrecht","Utrecht","Utrecht",false,52.08979,5.104913,"injury","2","clear",false,1,"GM0344"
"20240074050",2024,"Uitsluitend materiele schade",2,"Fiets","Bromfiets","Frontaal","Rechte weg",30,"Niet brandend","Daglicht","Droog",\N,"600789976","Duizelseweg","Eersel","Eersel","Noord-Brabant",false,51.360324,5.305583,"material damage only","4","clear",false,1,"GM0770"
"20240095259",2024,"Uitsluitend materiele schade",2,"Personenauto","Fiets","Flank","Kruispunt, 4 takken",30,"Niet brandend","Daglicht","Droog",\N,\N,"Hoornweg","Marum","Westerkwartier","Groningen",false,53.14313,6.259668,"material damage only","4","clear",false,1,"GM1969"
"20240102139",2024,"Letsel",2,"Fiets","Overig vast object","Vast voorwerp","Rechte weg",30,"Niet brandend","Daglicht","Droog",\N,"274222057","Deken Coppensstraat","Drunen","Heusden","Noord-Brabant",false,51.688969,5.12947,"injury","2","clear",false,1,"GM0797"
"20240049809",2024,"Letsel",1,"Fiets",\N,"Onbekend","Rechte weg",50,"Brandend","Duisternis","Regen",\N,"600188497","Spui","'s-Gravenhage","'s-Gravenhage","Zuid-Holland",false,52.078052,4.314447,"injury","2","rain",false,1,"GM0518"
"20240049837",2024,"Letsel",1,"Fiets",\N,"Onbekend",\N,30,\N,"Daglicht",\N,\N,"187326178","Steenschuur","Leiden","Leiden","Zuid-Holland",false,52.156177,4.492583,"injury","2","unknown",false,1,"GM0546"
"20240074775",2024,"Letsel",3,"Personenauto","Fiets","Frontaal","Bocht",60,"Brandend","Duisternis","Droog",\N,"600461878","Hoogeveenseweg","Pesse","Hoogeveen","Drenthe",true,52.765249,6.453133,"injury","2","clear",false,1,"GM0118"
"20240079280",2024,"Uitsluitend materiele schade",1,"Fiets",\N,"Onbekend","Bocht",50,"Brandend","Duisternis","Droog",\N,\N,"Noorddammerweg","Amstelveen","Amstelveen","Noord-Holland",false,52.290344,4.831984,"material damage only","4","clear",false,1,"GM0362"
"20240095804",2024,"Letsel",1,"Fiets",\N,"Onbekend","Rechte weg",50,"Niet brandend","Daglicht","Droog",\N,"209383062","Vergierdeweg","Haarlem","Haarlem","Noord-Holland",false,52.413624,4.651382,"injury","2","clear",false,1,"GM0392"
"20240102167",2024,"Letsel",2,"Personenauto","Fiets","Onbekend","Kruispunt, 4 takken",50,"Niet brandend","Daglicht","Droog",\N,\N,"De Speldenmaker","Veldhoven","Veldhoven","Noord-Brabant",false,51.415477,5.38565,"injury","2","clear",false,1,"GM0861"
"20240070362",2024,"Uitsluitend materiele schade",2,"Bromfiets","Fiets","Flank","Kruispunt, 3 takken",30,"Niet brandend","Daglicht","Droog",\N,\N,"Torenweg","Middelburg","Middelburg","Zeeland",false,51.483689,3.623991,"material damage only","4","clear",false,1,\N
"20240086371",2024,"Uitsluitend materiele schade",2,"Personenauto","Fiets","Kop/staart","Rechte weg",50,"Niet brandend","Daglicht","Droog",\N,"226366010","Sloterweg","Badhoevedorp","Haarlemmermeer","Noord-Holland",false,52.335055,4.774987,"material damage only","4","clear",false,1,"GM0394"
"20240050564",2024,"Uitsluitend materiele schade",2,"Snorfiets","Fiets","Frontaal","Rechte weg",50,"Niet brandend","Daglicht","Droog",\N,"186327191","Noordeinde","Leiden","Leiden","Zuid-Holland",false,52.160064,4.48184,"material damage only","4","clear",false,1,"GM0546"
"20240079353",2024,"Letsel",3,"Fiets",\N,"Los voorwerp","Rechte weg",30,"Niet brandend","Daglicht","Droog",\N,"221504008","Badhuisstraat","Huisduinen","Den Helder","Noord-Holland",false,52.953235,4.726642,"injury","2","clear",false,1,"GM0400"
"20240094898",2024,"Letsel",1,"Fiets",\N,"Kop/staart","Rechte weg",50,"Niet brandend","Daglicht","Droog",\N,"482370051","Nieuwstraat","Almelo","Almelo","Overijssel",false,52.34849,6.651426,"injury","2","clear",false,1,"GM0141"