"accident_id","year","severity_raw","party_count","party1_type","party2_type","accident_type","road_situation","speed_limit_kmh","road_lighting","light_condition_label","weather_raw","infra_type","road_segment_id","street_name","place_name","gemeente_name_raw","province","alcohol_indicated","latitude","longitude","severity_label","severity_code","weather_label","built_up_area","cyclists_involved","gemeente_code"
"20240096447",2024,"Uitsluitend materiele schade",2,"Personenauto","Fiets","Kop/staart","Rechte weg",50,"Niet brandend","Daglicht","Regen",\N,"276309119","Adriaen van Ostadelaan","Utrecht","Utrecht","Utrecht",false,52.082615,5.140461,"material damage only","4","rain",false,1,"GM0344"
"20240098815",2024,"Uitsluitend materiele schade",2,"Bestelauto","Fiets","Flank","Kruispunt, 4 takken",50,"Niet brandend","Daglicht","Droog",\N,\N,"Treubweg","Diemen","Diemen","Noord-Holland",false,52.332508,4.97391,"material damage only","4","clear",false,1,"GM0384"
"20240049965",2024,"Letsel",2,"Personenauto","Fiets","Flank","Kruispunt, 3 takken",60,"Niet brandend","Daglicht","Droog",\N,\N,"Westeinde","Noordwijkerhout","Noordwijk","Zuid-Holland",false,52.262428,4.478514,"injury","2","clear",false,1,"GM0575"
"20240070413",2024,"Letsel",2,"Bromfiets","Fiets","Flank","Kruispunt, 4 takken",30,"Niet brandend","Daglicht","Droog",\N,\N,"Dordwijklaan","Dordrecht","Dordrecht","Zuid-Holland",false,51.797468,4.687127,"injury","2","clear",false,1,"GM0505"
"20240083229",2024,"Letsel",2,"Fiets","Fiets","Frontaal","Bocht",30,"Niet brandend","Daglicht","Droog","Brug/viaduct","600974730","Kanaaldijk Hulsterbroek","Nuenen","Nuenen, Gerwen en Nederwetten","Noord-Brabant",false,51.437234,5.554912,"injury","2","clear",false,1,"GM0820"
"20240085828",2024,"Letsel",2,"Personenauto","Fiets","Flank","Kruispunt, 4 takken",50,"Niet brandend","Daglicht","Droog",\N,\N,"Noordeinde","Zevenaar","Zevenaar","Gelderland",false,51.933344,6.074461,"injury","2","clear",false,1,"GM0299"
"20240100677",2024,"Letsel",2,"Personenauto","Fiets","Kop/staart","Rechte weg",60,"Niet aanwezig","Schemer","Droog",\N,"141223002","Zuiderlandsezeedijk","Oude-Tonge","Goeree-Overflakkee","Zuid-Holland",false,51.688398,4.174511,"injury","2","clear",false,1,"GM1924"
"20240100998",2024,"Letsel",2,"Personenauto","Fiets","Onbekend","Kruispunt, 3 takken",50,"Niet aanwezig","Daglicht","Regen",\N,\N,"Hugo de Grootlaan","Zoetermeer","Zoetermeer","Zuid-Holland",false,52.070119,4.526891,"injury","2","rain",false,1,"GM0637"
"20240074264",2024,"Uitsluitend materiele schade",2,"Fiets","Personenauto","Onbekend","Rechte weg",30,"Niet brandend","Daglicht","Droog",\N,"405131027","Heerstraat","Reuver","Beesel","Limburg",true,51.279035,6.072073,"material damage only","4","clear",false,1,"GM0889"
"20240077276",2024,"Letsel",2,"Personenauto","Fiets","Flank","Rotonde",50,"Niet brandend","Daglicht","Droog",\N,\N,"FIETSPAD","Koog aan de Zaan","Zaanstad","Noord-Holland",false,52.45672,4.798138,"injury","2","clear",false,1,"GM0479"
"20240086513",2024,"Letsel",2,"Voetganger","Fiets","Dier","Rechte weg",60,"Niet brandend","Daglicht","Droog",\N,"232456001","Waarlandsweg","Waarland","Schagen","Noord-Holland",false,52.73789,4.812254,"injury","2","clear",false,1,"GM0441"
"20240087197",2024,"Uitsluitend materiele schade",2,"Personenauto","Fiets","Flank","Rechte weg",30,"Niet brandend","Daglicht",\N,\N,"193375016","Swaluëstraat","Zandvoort","Zandvoort","Noord-Holland",false,52.373742,4.530321,"material damage only","4","unknown",false,1,"GM0473"
"20240087215",2024,"Uitsluitend materiele schade",2,"Fiets","Fiets","Frontaal","Rechte weg",\N,"Niet brandend","Daglicht","Droog/Harde windstoten",\N,"600600145","Ruimteweg","Maarssen","Stichtse Vecht","Utrecht",false,52.124666,5.038739,"material damage only","4","unknown",false,1,"GM1904"
"20240088455",2024,"Letsel",2,"Fiets","Fiets","Onbekend","Rechte weg",30,"Niet brandend","Daglicht","Droog",\N,"155313105","Kranenburgweg","'s-Gravenhage","'s-Gravenhage","Zuid-Holland",false,52.095005,4.261791,"injury","2","clear",false,1,"GM0518"
"20240090406",2024,"Letsel",2,"Fiets","Fiets","Frontaal","Bocht",50,"Niet brandend","Daglicht","Droog",\N,"600737990","Atolpad","Capelle aan den IJssel","Capelle aan den IJssel","Zuid-Holland",false,51.936999,4.604384,"injury","2","clear",false,1,"GM0502"
"20240091069",2024,"Letsel",2,"Personenauto","Fiets","Flank","Bocht",30,"Niet brandend","Daglicht","Droog",\N,"600974566","Spuiplein","Middelharnis","Goeree-Overflakkee","Zuid-Holland",false,51.76026,4.165172,"injury","2","clear",false,1,"GM1924"
"20240094968",2024,"Uitsluitend materiele schade",2,"Fiets","Personenauto","Onbekend","Rotonde",50,"Niet brandend","Daglicht","Regen",\N,\N,"Albert Cuyplaan","Haaksbergen","Haaksbergen","Overijssel",false,52.161287,6.732312,"material damage only","4","rain",false,1,"GM0158"
"20240094972",2024,"Letsel",2,"Snorfiets","Fiets","Onbekend","Rechte weg",50,"Brandend","Schemer","Droog",\N,\N,"Graafseweg","Nijmegen","Nijmegen","Gelderland",false,51.838156,5.849609,"injury","2","clear",false,1,"GM0268"
"20240096530",2024,"Uitsluitend materiele schade",2,"Bromfiets","Fiets","Onbekend","Rechte weg",50,"Niet brandend","Daglicht","Droog",\N,\N,"Meloenstraat","Nijmegen","Nijmegen","Gelderland",false,51.842766,5.831392,"material damage only","4","clear",false,1,"GM0268"
"20240099414",2024,"Letsel",2,"Personenauto","Fiets","Frontaal","Kruispunt, 3 takken",30,"Niet brandend","Daglicht","Droog",\N,\N,"Zonnebloemstraat","Papendrecht","Papendrecht","Zuid-Holland",false,51.832859,4.695495,"injury","2","clear",false,1,"GM0590"
"20240099540",2024,"Uitsluitend materiele schade",1,"Fiets",\N,"Onbekend","Rechte weg",60,"Niet brandend","Daglicht","Droog",\N,"57139001","Goedleven","Waterlandkerkje","Sluis","Zeeland",false,51.300336,3.578913,"material damage only","4","clear",false,1,"GM1714"
"20240100359",2024,"Letsel",4,"Snorfiets","Fiets","Flank","Rechte weg",50,"Niet brandend","Daglicht","Droog",\N,\N,"Vrederustlaan","'s-Gravenhage","'s-Gravenhage","Zuid-Holland",false,52.043752,4.261137,"injury","2","clear",false,1,"GM0518"
"20240043542",2024,"Letsel",2,"Bestelauto","Fiets","Flank","Rechte weg",50,"Niet brandend","Daglicht","Droog",\N,"162306085","Parallelweg","'s-Gravenhage","'s-Gravenhage","Zuid-Holland",false,52.063577,4.311629,"injury","2","clear",false,1,"GM0518"
"20240078247",2024,"Letsel",1,"Fiets",\N,"Eenzijdig","Rechte weg",30,"Niet brandend","Daglicht","Droog",\N,"285366062","Kimwierde","Almere","Almere","Flevoland",false,52.335541,5.207398,"injury","2","clear",false,1,"GM0034"
"20240082675",2024,"Uitsluitend materiele schade",2,"Personenauto","Fiets","Flank","Kruispunt, 4 takken",50,"Niet brandend","Daglicht","Droog",\N,\N,"Kanaaldijk N.O.","Helmond","Helmond","Noord-Brabant",false,51.485506,5.652142,"material damage only","4","clear",false,1,"GM0794"
"20240090450",2024,"Letsel",2,"Personenauto","Fiets","Flank","Kruispunt, 4 takken",50,"Niet brandend","Daglicht","Droog",\N,\N,"Brederopad","Schiedam","Schiedam","Zuid-Holland",false,51.937576,4.366056,"injury","2","clear",false,1,"GM0606"
"20240096574",2024,"Letsel",2,"Fiets","Fiets","Flank","Kruispunt, 3 takken",30,"Niet brandend","Daglicht","Droog",\N,\N,"Keerkring","Amersfoort","Amersfoort","Utrecht",false,52.163497,5.38465,"injury","2","clear",false,1,"GM0307"
"20240097163",2024,"Letsel",2,"Fiets","e-bike","Onbekend","Kruispunt, 3 takken",30,"Niet brandend","Daglicht","Droog",\N,\N,"Keulsekade","Utrecht","Utrecht","Utrecht",false,52.095015,5.080342,"injury","2","clear",false,1,"GM0344"
"20240100256",2024,"Letsel",2,"Personenauto","Fiets","Onbekend","Rechte weg",50,"Niet brandend","Daglicht","Droog",\N,"600171391","Motorstraat","Rotterdam","Rotterdam","Zuid-Holland",false,51.88791,4.495116,"injury","2","clear",false,1,"GM0599"
"20240100609",2024,"Uitsluitend materiele schade",2,"Personenauto","Fiets","Flank","Kruispunt, 4 takken",50,"Niet brandend","Daglicht","Droog",\N,\N,"Valutapad","'s-Gravenhage","'s-Gravenhage","Zuid-Holland",false,52.053353,4.379952,"material damage only","4","clear",false,1,"GM0518"
"20240101376",2024,"Letsel",4,"Fiets","Fiets","Flank","Rechte weg",50,"Niet brandend","Daglicht","Droog",\N,"147291112","Prins Hendrikstraat","Naaldwijk","Westland","Zuid-Holland",true,51.992402,4.207435,"injury","2","clear",false,1,"GM1783"
"20240102283",2024,"Uitsluitend materiele schade",2,"Personenauto","Fiets","Flank","Rechte weg",30,"Niet brandend","Daglicht","Droog",\N,"357035002","Bemelerweg","Maastricht","Maastricht","Limburg",false,50.847253,5.728497,"material damage only","4","clear",false,1,"GM0935"
"20240047065",2024,"Uitsluitend materiele schade",2,"Personenauto","Fiets","Flank","Kruispunt, 4 takken",50,"Niet brandend","Daglicht","Droog",\N,\N,"Wiedenbroeksingel","Haaksbergen","Haaksbergen","Overijssel",false,52.16382,6.743302,"material damage only","4","clear",false,1,"GM0158"
"20240079523",2024,"Letsel",2,"Fiets","Fiets","Frontaal","Kruispunt, 4 takken",30,"Niet brandend","Daglicht","Droog",\N,\N,"Laan van Straatsburg","Alkmaar","Alkmaar","Noord-Holland",false,52.653393,4.758435,"injury","2","clear",false,1,"GM0361"
"20240084030",2024,"Letsel",2,"Fiets","Personenauto","Flank","Kruispunt, 4 takken",50,"Niet brandend","Daglicht","Droog",\N,\N,"Akerstraat","Maastricht","Maastricht","Limburg",false,50.847315,5.703452,"injury","2","clear",false,1,"GM0935"
"20240091809",2024,"Uitsluitend materiele schade",2,"Personenauto","Fiets","Flank","Rechte weg",50,"Niet brandend","Daglicht","Droog",\N,"600702008","FIETSPAD","Heerlen","Heerlen","Limburg",false,50.897121,5.948176,"material damage only","4","clear",false,1,"GM0917"
"20240102424",2024,"Uitsluitend materiele schade",2,"Personenauto","Fiets","Flank","Kruispunt, 4 takken",30,"Brandend","Schemer","Droog",\N,\N,"Groote Wielenlaan","Rosmalen","'s-Hertogenbosch","Noord-Brabant",false,51.73138,5.357736,"material damage only","4","clear",false,1,"GM0796"
"20240082066",2024,"Letsel",3,"Fiets","Fiets","Onbekend","Rechte weg",50,"Niet brandend","Daglicht","Regen","Brug/viaduct","600691863","Groene Kruisweg","Hoogvliet Rotterdam","Rotterdam","Zuid-Holland",false,51.85993,4.341126,"injury","2","rain",false,1,"GM0599"
"20240086636",2024,"Uitsluitend materiele schade",2,"Snorfiets","Fiets","Frontaal","Bocht",60,"Brandend","Duisternis","Droog",\N,"600204669","Zwaagdijk","Zwaagdijk-Oost","Medemblik","Noord-Holland",false,52.691656,5.099292,"material damage only","4","clear",false,1,"GM0420"
"20240088592",2024,"Letsel",1,"Fiets",\N,"Eenzijdig","Rechte weg",50,"Niet brandend","Daglicht","Droog",\N,"600900790","Olympiaweg","Hillegom","Hillegom","Zuid-Holland",false,52.286283,4.58591,"injury","2","clear",false,1,"GM0534"
"20240086020",2024,"Letsel",2,"Fiets","Fiets","Frontaal","Kruispunt, 3 takken",30,"Niet brandend","Daglicht","Droog",\N,\N,"Leliesingel","Groningen","Groningen","Groningen",false,53.220343,6.555707,"injury","2","clear",false,1,"GM0014"
"20240087988",2024,"Letsel",1,"Fiets",\N,"Eenzijdig","Rechte weg",50,"Niet brandend","Daglicht","Droog",\N,"226325035","Achterweg","Nieuwkoop","Nieuwkoop","Zuid-Holland",false,52.151241,4.778408,"injury","2","clear",false,1,"GM0569"
"20240089287",2024,"Uitsluitend materiele schade",2,"Fiets","Fiets","Frontaal","Kruispunt, 3 takken",30,"Niet aanwezig","Daglicht","Droog",\N,\N,"Westel Merwedekanaaldijk","Amsterdam","Amsterdam","Noord-Holland",false,52.355976,4.968178,"material damage only","4","clear",false,1,"GM0363"
"20240090579",2024,"Letsel",2,"Fiets","Fiets","Onbekend","Rechte weg",\N,"Niet brandend","Daglicht","Droog",\N,"268189053","Silvrettapad","Tilburg","Tilburg","Noord-Brabant",false,51.539468,5.089833,"injury","2","clear",false,1,"GM0855"
"20240079632",2024,"Letsel",2,"Fiets","Voetganger","Voetganger","Rechte weg",30,"Niet brandend","Daglicht","Droog",\N,"600394357","Linnaeusstraat","Amsterdam","Amsterdam","Noord-Holland",false,52.357483,4.927,"injury","2","clear",false,1,"GM0363"
"20240081509",2024,"Letsel",1,"Fiets",\N,"Eenzijdig","Rechte weg",50,"Niet brandend","Daglicht","Regen","Tunnel","600680997","Rijswijkseweg","'s-Gravenhage","'s-Gravenhage","Zuid-Holland",false,52.063013,4.331624,"injury","2","rain",false,1,"GM0518"
"20230049525",2023,"Letsel",2,"Bromfiets","Fiets","Onbekend","Kruispunt, 4 takken",30,"Niet brandend","Daglicht","Droog",\N,\N,"Kempstraat","'s-Gravenhage","'s-Gravenhage","Zuid-Holland",false,52.065271,4.293475,"injury","2","clear",false,1,"GM0518"
"20230053578",2023,"Uitsluitend materiele schade",2,"Personenauto","Fiets","Onbekend","Rotonde",50,"Niet brandend","Daglicht","Droog",\N,\N,"Baarlosestraat","Venlo","Venlo","Limburg",false,51.360195,6.140869,"material damage only","4","clear",false,1,"GM0983"
"20230057270",2023,"Uitsluitend materiele schade",1,"e-bike",\N,"Eenzijdig","Rotonde",30,"Niet brandend","Daglicht","Droog",\N,\N,"Zwolseweg","Deventer","Deventer","Overijssel",false,52.2673,6.143188,"material damage only","4","clear",false,1,"GM0150"
"20230057420",2023,"Uitsluitend materiele schade",2,"Personenauto","Fiets","Kop/staart","Rechte weg",30,"Niet brandend","Daglicht","Droog",\N,"286378040","Noorderplassenweg","Almere","Almere","Flevoland",false,52.391079,5.216312,"material damage only","4","clear",false,1,"GM0034"
"20230058362",2023,"Uitsluitend materiele schade",1,"Fiets",\N,"Onbekend","Rechte weg",100,"Brandend","Duisternis","Droog",\N,"171294079","Rijksweg A13","Delft","Delft","Zuid-Holland",false,52.005433,4.384544,"material damage only","4","clear",false,1,"GM0503"
"20230062064",2023,"Uitsluitend materiele schade",2,"Personenauto","Fiets","Onbekend","Rotonde",50,"Niet brandend","Daglicht","Droog",\N,\N,"Kasteellaan","Eindhoven","Eindhoven","Noord-Brabant",false,51.426983,5.442375,"material damage only","4","clear",false,1,"GM0772"
"20230062393",2023,"Uitsluitend materiele schade",2,"Fiets","Personenauto","Frontaal","Bocht",60,"Niet brandend","Daglicht","Droog",\N,"334171017","Pastoorsmast","Nuenen","Nuenen, Gerwen en Nederwetten","Noord-Brabant",false,51.462206,5.563795,"material damage only","4","clear",false,1,"GM0820"
"20230041332",2023,"Letsel",3,"Snorfiets","Fiets","Onbekend","Kruispunt, 4 takken",50,"Niet brandend","Daglicht","Regen",\N,\N,"Michiel de Ruijterstraat","Bergen op Zoom","Bergen op Zoom","Noord-Brabant",false,51.475872,4.302444,"injury","2","rain",false,1,"GM0748"
"20230046027",2023,"Letsel",2,"Personenauto","Fiets","Flank","Kruispunt, 3 takken",50,"Niet aanwezig","Daglicht","Droog",\N,\N,"Thorbeckesingel","Zutphen","Zutphen","Gelderland",false,52.130341,6.203316,"injury","2","clear",false,1,"GM0301"
"20230046618",2023,"Uitsluitend materiele schade",2,"Bromfiets","Fiets","Flank","Rechte weg",60,"Niet brandend","Daglicht","Droog",\N,"193378014","Boulevard Barnaart","Zandvoort","Zandvoort","Noord-Holland",false,52.387105,4.534694,"material damage only","4","clear",false,1,"GM0473"
"20230047176",2023,"Letsel",1,"Fiets",\N,"Eenzijdig","Rechte weg",50,"Niet brandend","Daglicht","Droog",\N,"600487900","FIETSPAD","Julianadorp","Den Helder","Noord-Holland",false,52.891821,4.745904,"injury","2","clear",false,1,"GM0400"
"20230048974",2023,"Uitsluitend materiele schade",2,"Bromfiets","Fiets","Onbekend","Kruispunt, 4 takken",30,"Niet brandend","Daglicht","Droog",\N,\N,"Papsouwselaan","Delft","Delft","Zuid-Holland",false,52.000404,4.354526,"material damage only","4","clear",false,1,"GM0503"
"20230053008",2023,"Letsel",2,"Personenauto","Fiets","Flank","Rechte weg",50,"Niet brandend","Daglicht","Droog",\N,"189259068","Aalborg","Barendrecht","Barendrecht","Zuid-Holland",false,51.851004,4.511465,"injury","2","clear",false,1,"GM0489"
"20230057177",2023,"Uitsluitend materiele schade",2,"Fiets","Bromfiets","Flank","Rechte weg",50,"Brandend","Duisternis","Droog",\N,"600608450","Nassausingel","Nijmegen","Nijmegen","Gelderland",false,51.843309,5.858746,"material damage only","4","clear",false,1,"GM0268"
"20230057452",2023,"Uitsluitend materiele schade",2,"Personenauto","Fiets","Flank","Bocht",30,"Niet brandend","Daglicht","Droog",\N,"600398993","Ir J P van Muijlwijkstr","Arnhem","Arnhem","Gelderland",false,51.983857,5.913497,"material damage only","4","clear",false,1,"GM0202"
"20230059064",2023,"Letsel",2,"Fiets","Fiets","Flank","Kruispunt, 3 takken",30,"Niet brandend","Daglicht","Droog","Tunnel",\N,"Provinciale weg N206","Katwijk","Katwijk","Zuid-Holland",false,52.190586,4.419598,"injury","2","clear",false,1,"GM0537"
"20230062401",2023,"Uitsluitend materiele schade",2,"Bestelauto","Fiets","Onbekend","Rotonde",50,"Niet brandend","Daglicht","Droog",\N,\N,"FIETSPAD","Heerlen","Heerlen","Limburg",false,50.859569,6.007728,"material damage only","4","clear",false,1,"GM0917"
"20230062569",2023,"Letsel",2,"Personenauto","Fiets","Flank","Kruispunt, 4 takken",30,"Brandend","Schemer","Regen",\N,\N,"Fransebaan","Eindhoven","Eindhoven","Noord-Brabant",false,51.490918,5.44769,"injury","2","rain",false,1,"GM0772"
"20230040235",2023,"Letsel",2,"Fiets","Fiets","Frontaal","Rechte weg",60,"Brandend","Duisternis","Droog",\N,"190337003","Herenweg","Warmond","Teylingen","Zuid-Holland",false,52.206096,4.51,"injury","2","clear",false,1,"GM1525"
"20230058756",2023,"Uitsluitend materiele schade",3,"Personenauto","Fiets","Onbekend","Rechte weg",30,"Niet brandend","Daglicht","Droog",\N,"162304108","Van Koetsveldstraat","'s-Gravenhage","'s-Gravenhage","Zuid-Holland",false,52.055403,4.314221,"material damage only","4","clear",false,1,"GM0518"
"20230059953",2023,"Letsel",1,"Fiets",\N,"Eenzijdig","Rechte weg",50,"Brandend","Duisternis","Droog",\N,"600394290","Ceintuurbaan","Amsterdam","Amsterdam","Noord-Holland",false,52.352716,4.890112,"injury","2","clear",false,1,"GM0363"
"20230062336",2023,"Uitsluitend materiele schade",2,"Personenauto","Fiets","Flank","Rotonde",30,"Niet brandend","Daglicht","Droog",\N,\N,"Merumerkerkweg","Herten","Roermond","Limburg",false,51.179522,5.961918,"material damage only","4","clear",false,1,"GM0957"
"20230062431",2023,"Letsel",2,"Personenauto","Fiets","Flank","Kruispunt, 4 takken",30,"Niet aanwezig","Daglicht","Droog",\N,\N,"Troelstradreef","'s-Hertogenbosch","'s-Hertogenbosch","Noord-Brabant",false,51.730751,5.298736,"injury","2","clear",false,1,"GM0796"
"20230050165",2023,"Letsel",1,"Fiets",\N,"Eenzijdig","Rechte weg",\N,"Brandend","Duisternis","Droog",\N,"600499930","Hoge Rijndijk","Leiden","Leiden","Zuid-Holland",false,52.152147,4.520663,"injury","2","clear",false,1,"GM0546"
"20230051916",2023,"Letsel",3,"Fiets","Personenauto","Los voorwerp","Rechte weg",50,"Brandend","Daglicht","Droog",\N,"222253132","Deltalaan","Sliedrecht","Sliedrecht","Zuid-Holland",true,51.82607,4.755276,"injury","2","clear",false,1,"GM0610"
"20230059562",2023,"Letsel",2,"Snorfiets","Fiets","Flank","Kruispunt, 4 takken",50,"Niet brandend","Daglicht","Droog",\N,\N,"Waterhoenpad","Diemen","Diemen","Noord-Holland",false,52.327549,4.954744,"injury","2","clear",false,1,"GM0384"
"20230063294",2023,"Uitsluitend materiele schade",2,"Personenauto","Fiets","Flank","Kruispunt, 3 takken",30,"Niet brandend","Daglicht","Droog",\N,\N,"Keverberg","Eindhoven","Eindhoven","Noord-Brabant",false,51.415767,5.441071,"material damage only","4","clear",false,1,"GM0772"
"20230040293",2023,"Letsel",2,"Personenauto","Fiets","Flank","Kruispunt, 4 takken",50,"Brandend","Duisternis","Droog",\N,\N,"Dotterbloemstraat","Amsterdam","Amsterdam","Noord-Holland",false,52.398146,4.912843,"injury","2","clear",false,1,"GM0363"
"20230044967",2023,"Uitsluitend materiele schade",2,"Personenauto","Fiets","Flank","Rechte weg",50,"Niet brandend","Daglicht","Droog","Tankstation","455373019","Smidsweg","Nijverdal","Hellendoorn","Overijssel",false,52.364166,6.454842,"material damage only","4","clear",false,1,"GM0163"
"20230049648",2023,"Uitsluitend materiele schade",2,"Bestelauto","Fiets","Los voorwerp","Kruispunt, 4 takken",50,"Niet brandend","Daglicht","Droog",\N,\N,"Vaartdreef","Zoetermeer","Zoetermeer","Zuid-Holland",false,52.064841,4.502969,"material damage only","4","clear",false,1,"GM0637"
"20230054862",2023,"Uitsluitend materiele schade",2,"Personenauto","Fiets","Frontaal","Kruispunt, 3 takken",50,"Brandend","Duisternis","Droog",\N,\N,"Noordeinde","Meppel","Meppel","Drenthe",false,52.701849,6.185621,"material damage only","4","clear",false,1,"GM0119"
"20230056038",2023,"Letsel",2,"Personenauto","Fiets","Flank","Kruispunt, 4 takken",30,"Niet brandend","Daglicht","Droog",\N,\N,"Spaansevaartstraat","Haarlem","Haarlem","Noord-Holland",false,52.396028,4.646501,"injury","2","clear",false,1,"GM0392"
"20230058207",2023,"Letsel",2,"Fiets",\N,"Eenzijdig","Bocht",30,"Brandend","Duisternis","Droog",\N,"157316149","Seinpostduin","'s-Gravenhage","'s-Gravenhage","Zuid-Holland",false,52.108721,4.275626,"injury","2","clear",false,1,"GM0518"
"20230058491",2023,"Letsel",2,"Bestelauto","Fiets","Eenzijdig","Kruispunt, 3 takken",30,"Niet brandend","Daglicht","Droog",\N,\N,"Stationsweg","Venhuizen","Drechterland","Noord-Holland",false,52.668735,5.215293,"injury","2","clear",false,1,"GM0498"
"20230058817",2023,"Letsel",2,"Fiets","Fiets","Flank","Rechte weg",30,"Niet brandend","Daglicht","Droog",\N,"220294072","Voorwillenseweg","Gouda","Gouda","Zuid-Holland",false,52.013375,4.738701,"injury","2","clear",false,1,"GM0513"
"20230061030",2023,"Letsel",2,"Personenauto","Fiets","Frontaal","Kruispunt, 3 takken",50,"Niet brandend","Daglicht","Droog",\N,\N,"Molstraat","Rotterdam","Rotterdam","Zuid-Holland",false,51.918651,4.486431,"injury","2","clear",false,1,"GM0599"
"20230049670",2023,"Letsel",1,"Fiets",\N,"Eenzijdig","Rechte weg",50,"Niet brandend","Daglicht","Droog",\N,"600379210","Stadhouderslaan","'s-Gravenhage","'s-Gravenhage","Zuid-Holland",false,52.089585,4.279425,"injury","2","clear",false,1,"GM0518"
"20230051391",2023,"Letsel",2,"Fiets","Fiets","Kop/staart","Kruispunt, 3 takken",50,"Niet brandend","Daglicht","Droog",\N,\N,"Roentgenstraat","Rotterdam","Rotterdam","Zuid-Holland",false,51.911495,4.501324,"injury","2","clear",false,1,"GM0599"
"20230058258",2023,"Letsel",2,"Motor","Fiets","Flank","Rechte weg",50,"Niet brandend","Daglicht","Droog",\N,"214298028","Pijnboomweg","Gouda","Gouda","Zuid-Holland",false,52.029223,4.693171,"injury","2","clear",false,1,"GM0513"
"20230064372",2023,"Letsel",2,"Bromfiets","Fiets","Frontaal","Rechte weg",60,"Niet aanwezig","Duisternis","Droog",\N,"525350001","Lossersestraat","Enschede","Enschede","Overijssel",false,52.256098,6.965226,"injury","2","clear",false,1,"GM0153"
"20230039780",2023,"Uitsluitend materiele schade",2,"Fiets","Fiets","Flank","Rechte weg",50,"Niet brandend","Daglicht","Droog",\N,"600701476","Laan vd Helende Meesters","Amstelveen","Amstelveen","Noord-Holland",false,52.293221,4.872247,"material damage only","4","clear",false,1,"GM0362"
"20230046216",2023,"Letsel",1,"Fiets",\N,"Eenzijdig","Rechte weg",50,"Niet brandend","Daglicht","Droog",\N,"467562007","Stationsstraat","Groningen","Groningen","Groningen",false,53.21372,6.562485,"injury","2","clear",false,1,"GM0014"
"20240130946",2024,"Letsel",2,"Fiets","Personenauto","Flank","Kruispunt, 4 takken",30,"Niet aanwezig","Daglicht","Regen",\N,\N,"Drechterwaard","Alkmaar","Alkmaar","Noord-Holland",false,52.641688,4.75558,"injury","2","rain",false,1,"GM0361"
"20240129229",2024,"Letsel",2,"Personenauto","Fiets","Flank","Kruispunt, 4 takken",\N,"Niet brandend","Daglicht","Droog",\N,\N,"'t Goylaan","Utrecht","Utrecht","Utrecht",false,52.065844,5.121681,"injury","2","clear",false,1,"GM0344"
"20230044487",2023,"Uitsluitend materiele schade",2,"Fiets","Fiets","Frontaal","Rechte weg",80,"Niet aanwezig","Duisternis","Droog",\N,"338323001","Wesselseweg","Barneveld","Barneveld","Gelderland",false,52.144717,5.601448,"material damage only","4","clear",false,1,"GM0203"
"20230049180",2023,"Letsel",2,"Fiets","Fiets","Onbekend","Kruispunt, 3 takken",50,"Niet brandend","Daglicht","Droog",\N,\N,"Dr. Lelykade","'s-Gravenhage","'s-Gravenhage","Zuid-Holland",false,52.097391,4.269316,"injury","2","clear",false,1,"GM0518"
"20230053831",2023,"Uitsluitend materiele schade",2,"Bromfiets","Fiets","Flank","Kruispunt, 4 takken",\N,"Niet brandend","Daglicht","Droog",\N,\N,"Anthony Fokkerweg","Eindhoven","Eindhoven","Noord-Brabant",false,51.463915,5.418531,"material damage only","4","clear",false,1,"GM0772"
"20230058331",2023,"Letsel",1,"Fiets",\N,"Eenzijdig","Rotonde",50,"Niet brandend","Daglicht","Droog",\N,\N,"Franklin D. Rooseveltln","Rijswijk","Rijswijk","Zuid-Holland",false,52.03922,4.300144,"injury","2","clear",false,1,\N
"20230064076",2023,"Uitsluitend materiele schade",1,"Fiets",\N,"Onbekend","Rechte weg",\N,"Niet aanwezig","Daglicht","Regen",\N,"600916778","Kerkstraat","Putten","Putten","Gelderland",false,52.257686,5.607227,"material damage only","4","rain",false,1,"GM0273"
"20230064889",2023,"Letsel",3,"Personenauto","Fiets","Onbekend","Kruispunt, 4 takken",50,"Niet brandend","Daglicht","Droog",\N,\N,"Provincialeweg","Adorp","Het Hogeland","Groningen",false,53.277902,6.534431,"injury","2","clear",false,1,"GM1966"
"20240129703",2024,"Uitsluitend materiele schade",2,"Fiets","Personenauto","Onbekend","Rotonde",50,"Brandend","Duisternis","Mist",\N,\N,"Industrieweg","Nijmegen","Nijmegen","Gelderland",false,51.850141,5.832065,"material damage only","4","fog",false,1,"GM0268"
"20230038142",2023,"Uitsluitend materiele schade",2,"Personenauto","Fiets","Flank","Rotonde",50,"Niet brandend","Daglicht","Droog",\N,\N,"Heerenweg","Heiloo","Heiloo","Noord-Holland",false,52.600072,4.703308,"material damage only","4","clear",false,1,"GM0399"
"20230045079",2023,"Letsel",2,"Personenauto","Fiets","Flank","Rechte weg",50,"Niet brandend","Daglicht","Droog",\N,"468516033","Groningerstraat","Assen","Assen","Drenthe",false,53.006627,6.567199,"injury","2","clear",false,1,"GM0106"
"20230058950",2023,"Letsel",2,"Fiets","Bestelauto","Onbekend","Kruispunt, 4 takken",50,"Niet brandend","Daglicht","Droog",\N,\N,"Melis Stokelaan","'s-Gravenhage","'s-Gravenhage","Zuid-Holland",false,52.036662,4.261771,"injury","2","clear",false,1,"GM0518"
"20230060683",2023,"Uitsluitend materiele schade",2,"Motor","Fiets","Flank","Rechte weg",50,"Niet brandend","Daglicht","Droog",\N,"600727713","Eendrachtsplein","Rotterdam","Rotterdam","Zuid-Holland",false,51.9167,4.472963,"material damage only","4","clear",false,1,"GM0599"