"accident_id","year","severity_raw","party_count","party1_type","party2_type","accident_type","road_situation","speed_limit_kmh","road_lighting","light_condition_label","weather_raw","infra_type","road_segment_id","street_name","place_name","gemeente_name_raw","province","alcohol_indicated","latitude","longitude","severity_label","severity_code","weather_label","built_up_area","cyclists_involved","gemeente_code"
"20230063771",2023,"Uitsluitend materiele schade",2,"Personenauto","Fiets","Flank","Kruispunt, 4 takken",30,"Niet brandend","Daglicht","Droog",\N,\N,"Trouwlaan","Tilburg","Tilburg","Noord-Brabant",false,51.54519,5.077547,"material damage only","4","clear",false,1,"GM0855"
"20240129972",2024,"Uitsluitend materiele schade",2,"Bromfiets","Fiets","Flank","Kruispunt, 4 takken",50,"Brandend","Duisternis","Droog",\N,\N,"Gieskesstraat","Hengelo","Hengelo (O)","Overijssel",false,52.260652,6.79383,"material damage only","4","clear",false,1,\N
"20240133589",2024,"Letsel",2,"Personenauto","Fiets","Frontaal","Rotonde",50,"Niet brandend","Daglicht","Regen",\N,"600911169","Papsouwselaan","Delft","Delft","Zuid-Holland",false,51.999934,4.354679,"injury","2","rain",false,1,"GM0503"
"20230043972",2023,"Letsel",2,"Personenauto","Fiets","Flank","Rotonde",50,"Niet brandend","Daglicht","Droog",\N,\N,"Laan Corpus den Hoorn","Groningen","Groningen","Groningen",false,53.197915,6.546847,"injury","2","clear",false,1,"GM0014"
"20230049270",2023,"Letsel",2,"Personenauto","Fiets","Flank","Kruispunt, 4 takken",50,"Niet brandend","Daglicht","Droog",\N,\N,"Houtrustweg","'s-Gravenhage","'s-Gravenhage","Zuid-Holland",false,52.091183,4.265257,"injury","2","clear",false,1,"GM0518"
"20230049814",2023,"Letsel",2,"Fiets","Personenauto","Flank","Kruispunt, 3 takken",50,"Niet brandend","Daglicht","Droog",\N,\N,"Middenweg","Amsterdam","Amsterdam","Noord-Holland",false,52.354478,4.929414,"injury","2","clear",false,1,"GM0363"
"20230054457",2023,"Uitsluitend materiele schade",2,"Personenauto","Fiets","Flank","Rechte weg",50,"Niet brandend","Daglicht","Droog",\N,\N,"Maastrichterweg","Valkenswaard","Valkenswaard","Noord-Brabant",false,51.346989,5.45761,"material damage only","4","clear",false,1,"GM0858"
"20240127409",2024,"Uitsluitend materiele schade",2,"Personenauto","e-bike","Flank","Kruispunt, 3 takken",30,"Niet brandend","Daglicht","Droog",\N,\N,"Reigersweg","Apeldoorn","Apeldoorn","Gelderland",false,52.205706,5.97559,"material damage only","4","clear",false,1,"GM0200"
"20230039922",2023,"Uitsluitend materiele schade",2,"Personenauto","Fiets","Frontaal","Kruispunt, 4 takken",50,"Niet brandend","Daglicht","Droog",\N,\N,"Houtmankade","Amsterdam","Amsterdam","Noord-Holland",false,52.386386,4.882956,"material damage only","4","clear",false,1,"GM0363"
"20230050428",2023,"Letsel",1,"Fiets",\N,"Eenzijdig","Rechte weg",60,"Niet brandend","Daglicht","Droog",\N,"180340004","Herenweg","Noordwijk","Noordwijk","Zuid-Holland",false,52.218738,4.438885,"injury","2","clear",false,1,"GM0575"
"20230056837",2023,"Uitsluitend materiele schade",2,"Personenauto","Fiets","Flank","Kruispunt, 3 takken",50,"Niet brandend","Daglicht","Droog",\N,\N,"Wilmersdorf","Apeldoorn","Apeldoorn","Gelderland",false,52.188505,5.987501,"material damage only","4","clear",false,1,"GM0200"
"20230060733",2023,"Uitsluitend materiele schade",2,"Bromfiets","Fiets","Onbekend","Rotonde",50,"Brandend","Duisternis","Droog",\N,\N,"FIETSPAD","Sprang-Capelle","Waalwijk","Noord-Brabant",false,51.671019,5.0532,"material damage only","4","clear",false,1,"GM0867"
"20230064988",2023,"Uitsluitend materiele schade",2,"Personenauto","Fiets","Onbekend","Rotonde",30,"Niet brandend","Daglicht","Droog",\N,\N,"Predikbroedersweg","Tiel","Tiel","Gelderland",false,51.896936,5.43,"material damage only","4","clear",false,1,"GM0281"
"20230065426",2023,"Letsel",2,"Personenauto","Fiets","Flank","Kruispunt, 3 takken",50,"Niet brandend","Daglicht","Regen",\N,\N,"P.C. Hooftlaan","Hengelo","Hengelo (O)","Overijssel",false,52.264113,6.812146,"injury","2","rain",false,1,\N
"20240128255",2024,"Letsel",2,"Personenauto","Fiets","Onbekend","Kruispunt, 4 takken",50,"Niet brandend","Daglicht","Regen",\N,\N,"Kapitein Grantstraat","Emmen","Emmen","Drenthe",false,52.768417,6.91935,"injury","2","rain",false,1,"GM0114"
"20230065769",2023,"Letsel",2,"Bromfiets","Fiets","Flank","Rechte weg",80,"Niet aanwezig","Duisternis","Droog",\N,"411279130","Doetinchemseweg","Didam","Montferland","Gelderland",false,51.945136,6.122238,"injury","2","clear",false,1,"GM1955"
"20230038244",2023,"Letsel",2,"Bromfiets","Fiets","Frontaal","Rechte weg",30,"Brandend","Duisternis","Droog",\N,"330293021","Rondweg-west","Veenendaal","Veenendaal","Utrecht",false,52.011258,5.53586,"injury","2","clear",false,1,"GM0345"
"20230041108",2023,"Uitsluitend materiele schade",2,"Personenauto","Fiets","Flank","Kruispunt, 3 takken",30,"Niet brandend","Daglicht","Droog",\N,\N,"Pastoor van Besouwplein","Boxtel","Boxtel","Noord-Brabant",false,51.591173,5.333414,"material damage only","4","clear",false,1,"GM0757"
"20230046975",2023,"Uitsluitend materiele schade",1,"Fiets",\N,"Flank","Rechte weg",60,"Niet aanwezig","Daglicht","Droog",\N,\N,"Middenvliet","Julianadorp","Den Helder","Noord-Holland",false,52.915302,4.728355,"material damage only","4","clear",false,1,"GM0400"
"20230048777",2023,"Letsel",1,"Fiets",\N,"Eenzijdig","Rechte weg",30,"Niet brandend","Daglicht","Droog",\N,"179332036","Hoofdstraat","Valkenburg","Katwijk","Zuid-Holland",false,52.179205,4.435569,"injury","2","clear",false,1,"GM0537"
"20230049882",2023,"Uitsluitend materiele schade",2,"Personenauto","Fiets","Flank","Kruispunt, 4 takken",30,"Niet brandend","Daglicht","Droog",\N,\N,"Boerenstraat","'s-Gravenhage","'s-Gravenhage","Zuid-Holland",false,52.06499,4.297213,"material damage only","4","clear",false,1,"GM0518"
"20230039418",2023,"Letsel",2,"Fiets","Overig wegmeubilair","Vast voorwerp","Rechte weg",30,"Niet brandend","Daglicht","Droog",\N,"600634412","FIETSPAD","Rotterdam","Rotterdam","Zuid-Holland",false,51.885138,4.545208,"injury","2","clear",false,1,"GM0599"
"20230042311",2023,"Uitsluitend materiele schade",3,"Personenauto","Fiets","Flank","Rechte weg",50,"Niet brandend","Daglicht","Droog",\N,"600800540","Kastanjelaan","Eindhoven","Eindhoven","Noord-Brabant",false,51.444166,5.458627,"material damage only","4","clear",false,1,"GM0772"
"20230045825",2023,"Letsel",2,"Fiets",\N,"Eenzijdig","Rechte weg",50,"Niet brandend","Daglicht","Droog",\N,"377288004","Utrechtseweg","Arnhem","Arnhem","Gelderland",false,51.983568,5.881537,"injury","2","clear",false,1,"GM0202"
"20230045846",2023,"Uitsluitend materiele schade",2,"Personenauto","Fiets","Flank","Kruispunt, 4 takken",30,"Niet brandend","Daglicht","Droog",\N,\N,"Flevoweg","Kampen","Kampen","Overijssel",false,52.558657,5.911,"material damage only","4","clear",false,1,"GM0166"
"20230048197",2023,"Letsel",2,"Bromfiets","Fiets","Flank","Kruispunt, 4 takken",30,"Niet brandend","Daglicht","Droog",\N,\N,"Bongerdstraat","Almere","Almere","Flevoland",false,52.374486,5.237417,"injury","2","clear",false,1,"GM0034"
"20230060816",2023,"Letsel",2,"Bromfiets","Fiets","Flank","Rechte weg",50,"Niet brandend","Daglicht","Droog",\N,"600580489","Groene Kruisweg","Rhoon","Albrandswaard","Zuid-Holland",false,51.858982,4.419366,"injury","2","clear",false,1,"GM0613"
"20240128174",2024,"Letsel",2,"Fiets","Overig vast object","Vast voorwerp","Bocht",30,"Niet brandend","Daglicht","Droog",\N,"397279033","Meidoornlaan","Duiven","Duiven","Gelderland",false,51.944539,6.025034,"injury","2","clear",false,1,"GM0226"
"20240128339",2024,"Letsel",3,"Fiets","Fiets","Kop/staart","Rechte weg",50,"Niet brandend","Daglicht","Regen",\N,"463388005","Hellendoornseweg","Daarle","Hellendoorn","Overijssel",false,52.432901,6.522813,"injury","2","rain",false,1,"GM0163"
"20240129431",2024,"Uitsluitend materiele schade",2,"Personenauto","e-bike","Flank","Kruispunt, 4 takken",50,"Niet brandend","Daglicht","Droog",\N,\N,"Koninginneweg","Kortenhoef","Wijdemeren","Noord-Holland",false,52.248708,5.120663,"material damage only","4","clear",false,1,"GM1696"
"20240129880",2024,"Letsel",2,"Personenauto","Fiets","Flank","Rotonde",50,"Niet brandend","Daglicht","Regen",\N,\N,"Oostranddreef","Lelystad","Lelystad","Flevoland",true,52.485149,5.492769,"injury","2","rain",false,1,"GM0995"
"20230045885",2023,"Uitsluitend materiele schade",2,"Fiets","Fiets","Frontaal","Rechte weg",30,"Niet brandend","Daglicht","Droog",\N,\N,"Waalbandijk","Zaltbommel","Zaltbommel","Gelderland",false,51.814108,5.256105,"material damage only","4","clear",false,1,"GM0297"
"20230047048",2023,"Uitsluitend materiele schade",2,"Personenauto","Fiets","Flank","Kruispunt, 4 takken",50,"Niet brandend","Daglicht","Droog",\N,\N,"Graaf Janstraat","Beverwijk","Beverwijk","Noord-Holland",false,52.482394,4.662377,"material damage only","4","clear",false,1,"GM0375"
"20230060843",2023,"Uitsluitend materiele schade",2,"Fiets","Personenauto","Flank","Kruispunt, 3 takken",30,"Niet brandend","Daglicht","Droog",\N,\N,"Mecklenburgplein","Rotterdam","Rotterdam","Zuid-Holland",false,51.929588,4.511905,"material damage only","4","clear",false,1,"GM0599"
"20230066345",2023,"Letsel",1,"Fiets",\N,"Eenzijdig","Rechte weg",30,"Niet brandend","Daglicht","Regen",\N,"170320013","Groot Haesebroekseweg","Wassenaar","Wassenaar","Zuid-Holland",false,52.126267,4.368207,"injury","2","rain",false,1,"GM0629"
"20240130454",2024,"Letsel",2,"Fiets","Fiets","Flank","Kruispunt, 3 takken",50,"Niet brandend","Daglicht","Droog",\N,\N,"Parkweg","Enschede","Enschede","Overijssel",false,52.220239,6.868122,"injury","2","clear",false,1,"GM0153"
"20240130764",2024,"Uitsluitend materiele schade",2,"Fiets",\N,"Onbekend","Kruispunt, 3 takken",30,"Niet brandend","Daglicht","Regen",\N,\N,"Vogelweg","Alkmaar","Alkmaar","Noord-Holland",false,52.65912,4.765501,"material damage only","4","rain",false,1,"GM0361"
"20230041816",2023,"Uitsluitend materiele schade",2,"Personenauto","Fiets","Flank","Kruispunt, 3 takken",30,"Niet brandend","Daglicht","Droog",\N,\N,"Zaventemstraat","Breda","Breda","Noord-Brabant",false,51.609413,4.789794,"material damage only","4","clear",false,1,"GM0758"
"20230051730",2023,"Letsel",3,"Fiets","Fiets","Frontaal","Bocht",50,"Niet brandend","Daglicht","Droog",\N,"600914164","Spoorlaan","Tilburg","Tilburg","Noord-Brabant",false,51.559666,5.095463,"injury","2","clear",false,1,"GM0855"
"20230053496",2023,"Uitsluitend materiele schade",2,"Personenauto","Fiets","Onbekend","Rotonde",50,"Niet brandend","Daglicht","Droog",\N,\N,"Jacob van Campenweg","Rotterdam","Rotterdam","Zuid-Holland",false,51.938252,4.53953,"material damage only","4","clear",false,1,"GM0599"
"20240130797",2024,"Letsel",2,\N,"Fiets","Flank","Kruispunt, 3 takken",50,"Niet brandend","Daglicht","Regen",\N,\N,"Velserduinweg","IJmuiden","Velsen","Noord-Holland",false,52.458827,4.620144,"injury","2","rain",false,1,"GM0453"
"20240131249",2024,"Uitsluitend materiele schade",2,"Personenauto","Fiets","Flank","Rotonde",30,"Brandend","Duisternis","Droog",\N,\N,"J. de Koostraat","Amsterdam","Amsterdam","Noord-Holland",false,52.353616,4.809684,"material damage only","4","clear",false,1,"GM0363"
"20230038957",2023,"Letsel",2,"Fiets","Fiets","Flank","Kruispunt, 4 takken",50,"Niet brandend","Daglicht","Regen",\N,\N,"Westzeedijk","Rotterdam","Rotterdam","Zuid-Holland",false,51.905447,4.459796,"injury","2","rain",false,1,"GM0599"
"20230043606",2023,"Uitsluitend materiele schade",2,"Fiets","Personenauto","Flank","Rotonde",50,"Niet brandend","Daglicht","Droog",\N,\N,"Burg Gommansstraat","Venlo","Venlo","Limburg",false,51.37123,6.153641,"material damage only","4","clear",false,1,"GM0983"
"20230051787",2023,"Letsel",1,"Fiets",\N,"Eenzijdig","Rechte weg",50,"Niet brandend","Daglicht","Droog",\N,"600711038","Muiderslotpad","Hellevoetsluis","Voorne aan Zee","Zuid-Holland",false,51.835478,4.145336,"injury","2","clear",false,1,"GM1992"
"20240131466",2024,"Uitsluitend materiele schade",1,"e-bike",\N,"Onbekend","Kruispunt, 4 takken",50,"Brandend","Duisternis","Regen",\N,\N,"Bangert","Blokker","Hoorn","Noord-Holland",false,52.668888,5.092241,"material damage only","4","rain",false,1,"GM0405"
"20240131591",2024,"Uitsluitend materiele schade",2,"Personenauto","Fiets","Flank","Rechte weg",30,"Niet brandend","Daglicht","Droog",\N,\N,"Claus van Amsbergstraat","Amsterdam","Amsterdam","Noord-Holland",false,52.318636,4.958885,"material damage only","4","clear",false,1,"GM0363"
"20240131638",2024,"Letsel",2,"Vrachtauto","Fiets","Flank","Bocht",30,"Niet brandend","Daglicht","Droog",\N,"600893612","Weteringschans","Amsterdam","Amsterdam","Noord-Holland",false,52.35997,4.889289,"injury","2","clear",false,1,"GM0363"
"20240133730",2024,"Letsel",1,"Fiets",\N,"Kop/staart",\N,50,"Niet brandend","Daglicht","Droog",\N,"600556312","Grote Woerdlaan","Naaldwijk","Westland","Zuid-Holland",false,52.006468,4.202848,"injury","2","clear",false,1,"GM1783"
"20230041278",2023,"Letsel",2,"Personenauto","e-bike","Flank","Kruispunt, 4 takken",50,"Niet brandend","Daglicht","Droog",\N,\N,"Liesselseweg","Deurne","Deurne","Noord-Brabant",false,51.451884,5.7978,"injury","2","clear",false,1,"GM0762"
"20220289063",2022,"Uitsluitend materiele schade",2,"Fiets","Bus","Flank","Kruispunt, 3 takken",50,"Brandend","Daglicht","Regen",\N,\N,"Holiday Avenue","Schiphol","Haarlemmermeer","Noord-Holland",false,52.322717,4.766796,"material damage only","4","rain",false,1,"GM0394"
"20220203119",2022,"Uitsluitend materiele schade",2,"Personenauto","Fiets","Flank","Kruispunt, 4 takken",50,"Brandend","Duisternis","Droog",\N,\N,"Baronieweg","IJsselstein","IJsselstein","Utrecht",false,52.01514,5.039644,"material damage only","4","clear",false,1,"GM0353"
"20220224443",2022,"Uitsluitend materiele schade",2,"Personenauto","Fiets","Onbekend",\N,60,\N,"Daglicht",\N,\N,"237181016","Ulicotenseweg","Chaam","Alphen-Chaam","Noord-Brabant",false,51.502891,4.862524,"material damage only","4","unknown",false,1,"GM1723"
"20220204632",2022,"Uitsluitend materiele schade",2,"Bestelauto","Fiets","Flank","Kruispunt, 4 takken",30,"Niet brandend","Daglicht","Droog",\N,\N,"Prof. Ritzema Boslaan","Utrecht","Utrecht","Utrecht",false,52.106232,5.125125,"material damage only","4","clear",false,1,"GM0344"
"20220209009",2022,"Letsel",3,"Motor","Fiets","Onbekend","Kruispunt, 4 takken",50,"Niet brandend","Daglicht","Droog",\N,\N,"Kleine Houtstraat","Haarlem","Haarlem","Noord-Holland",false,52.376072,4.635167,"injury","2","clear",false,1,"GM0392"
"20220212288",2022,"Letsel",2,"Fiets","Overig wegmeubilair","Vast voorwerp","Rechte weg",50,"Brandend","Duisternis","Droog","Brug/viaduct","600637644","Spaklerweg","Amsterdam","Amsterdam","Noord-Holland",false,52.33342,4.922568,"injury","2","clear",false,1,"GM0363"
"20220216639",2022,"Letsel",2,"Fiets","Fiets","Onbekend","Rechte weg",30,"Brandend","Duisternis","Droog",\N,"600214552","Noordeinde","'s-Gravenhage","'s-Gravenhage","Zuid-Holland",false,52.081813,4.306342,"injury","2","clear",false,1,"GM0518"
"20220227063",2022,"Letsel",2,"Personenauto","Fiets","Flank","Kruispunt, 4 takken",30,"Brandend","Duisternis","Regen",\N,\N,"Rembrandtplein","Eindhoven","Eindhoven","Noord-Brabant",true,51.438628,5.502952,"injury","2","rain",false,1,"GM0772"
"20220228870",2022,"Letsel",2,"Personenauto","e-bike","Flank","Rotonde",50,"Brandend","Schemer","Droog",\N,\N,"Houtenhoekweg","Deurne","Deurne","Noord-Brabant",false,51.466549,5.787753,"injury","2","clear",false,1,"GM0762"
"20220229553",2022,"Letsel",2,"Fiets","Fiets","Flank","Kruispunt, 4 takken",60,"Niet brandend","Daglicht","Droog",\N,\N,"Kokmeeuwenweg","Heusden","Asten","Noord-Brabant",false,51.337765,5.775798,"injury","2","clear",false,1,"GM0743"
"20220230633",2022,"Uitsluitend materiele schade",2,"Personenauto","Fiets","Flank","Kruispunt, 3 takken",50,"Niet brandend","Daglicht","Droog",\N,\N,"Burg Frans Cortenraadstr","Gronsveld","Eijsden-Margraten","Limburg",false,50.812485,5.720718,"material damage only","4","clear",false,1,"GM1903"
"20220231426",2022,"Uitsluitend materiele schade",1,"e-bike",\N,"Eenzijdig","Bocht",30,"Niet brandend","Daglicht","Droog",\N,"361051026","Snijdersberg","Geulle","Meerssen","Limburg",false,50.922776,5.752282,"material damage only","4","clear",false,1,"GM0938"
"20220209822",2022,"Letsel",2,"Personenauto","Fiets","Flank","Rechte weg",50,"Brandend","Schemer","Regen",\N,\N,"Waddenzeestraat","Den Helder","Den Helder","Noord-Holland",false,52.941661,4.769141,"injury","2","rain",false,1,"GM0400"
"20220218106",2022,"Letsel",2,"Fiets","Overig vast object","Vast voorwerp","Rechte weg",15,"Brandend","Duisternis","Regen",\N,"216293149","Scheltemastraat","Gouda","Gouda","Zuid-Holland",false,52.007912,4.703025,"injury","2","rain",false,1,"GM0513"
"20220218128",2022,"Letsel",3,"Fiets","Fiets","Flank","Rechte weg",\N,"Niet brandend","Daglicht","Regen",\N,"600914967","Abtspoelweg","Oegstgeest","Oegstgeest","Zuid-Holland",false,52.184921,4.486245,"injury","2","rain",false,1,"GM0579"
"20220221019",2022,"Letsel",2,"Fiets","Fiets","Onbekend","Rechte weg",50,"Niet brandend","Daglicht","Droog",\N,\N,"Groeninx van Zoelenlaan","Rotterdam","Rotterdam","Zuid-Holland",false,51.885817,4.545145,"injury","2","clear",false,1,"GM0599"
"20220224491",2022,"Uitsluitend materiele schade",3,"Personenauto","Fiets","Onbekend","Rotonde",50,"Niet brandend","Daglicht","Droog",\N,\N,"Van Beethovenlaan","Roosendaal","Roosendaal","Noord-Brabant",false,51.535665,4.465613,"material damage only","4","clear",false,1,"GM1674"
"20220202343",2022,"Letsel",2,"e-bike","Fiets","Flank","Rechte weg",30,"Niet brandend","Daglicht","Droog",\N,"308331032","De Vier Akkers","Hoogland","Amersfoort","Utrecht",false,52.17945,5.372914,"injury","2","clear",false,1,"GM0307"
"20220204737",2022,"Uitsluitend materiele schade",1,"Fiets",\N,"Onbekend","Rechte weg",30,"Brandend","Duisternis","Droog",\N,"600972385","Zeeduinweg","Almere","Almere","Flevoland",false,52.339894,5.136941,"material damage only","4","clear",false,1,"GM0034"
"20220211684",2022,"Uitsluitend materiele schade",2,"Fiets","Bromfiets","Frontaal","Kruispunt, 4 takken",50,"Niet brandend","Daglicht","Droog",\N,\N,"Piet Wiedijkstraat","Amsterdam","Amsterdam","Noord-Holland",false,52.355349,4.816188,"material damage only","4","clear",false,1,"GM0363"
"20220213729",2022,"Uitsluitend materiele schade",2,"Fiets","Fiets","Frontaal","Rechte weg",60,"Niet brandend","Daglicht","Droog",\N,"216324015","Oostkanaalweg","Aarlanderveen","Alphen aan den Rijn","Zuid-Holland",false,52.143661,4.705989,"material damage only","4","clear",false,1,"GM0484"
"20220219551",2022,"Letsel",2,"Bestelauto","e-bike","Flank","Kruispunt, 3 takken",50,"Niet brandend","Daglicht","Droog",\N,\N,"Bramengaarde","Hendrik-Ido-Ambacht","Hendrik-Ido-Ambacht","Zuid-Holland",false,51.837808,4.645242,"injury","2","clear",false,1,"GM0531"
"20220219557",2022,"Uitsluitend materiele schade",2,"Bromfiets","Fiets","Kop/staart","Kruispunt, 4 takken",30,"Niet aanwezig","Daglicht","Droog",\N,\N,"LOMBARDIJEPAD","Rotterdam","Rotterdam","Zuid-Holland",false,51.869128,4.502057,"material damage only","4","clear",false,1,"GM0599"
"20220229672",2022,"Uitsluitend materiele schade",2,"Personenauto","Fiets","Flank","Kruispunt, 4 takken",50,"Niet brandend","Daglicht","Droog",\N,"600807071","Arnold Pootlaan","Nuenen","Nuenen, Gerwen en Nederwetten","Noord-Brabant",false,51.460271,5.543873,"material damage only","4","clear",false,1,"GM0820"
"20220204048",2022,"Letsel",2,"Fiets","Fiets","Frontaal","Rechte weg",\N,"Niet brandend","Daglicht","Droog",\N,"600595422","Europaweg","Vleuten","Utrecht","Utrecht",false,52.097513,5.016385,"injury","2","clear",false,1,"GM0344"
"20220097660",2022,"Dodelijk",3,"Fiets","Landbouwvoertuig","Flank","Rechte weg",60,"Niet aanwezig","Daglicht","Droog",\N,"600809936","Rijnbandijk","Kesteren","Neder-Betuwe","Gelderland",false,51.938804,5.579901,"fatal","1","clear",false,1,"GM1740"
"20220207577",2022,"Uitsluitend materiele schade",2,"Personenauto","Fiets","Flank","Kruispunt, 3 takken",50,"Niet brandend","Daglicht","Droog",\N,\N,"Floris van Adrichemlaan","Haarlem","Haarlem","Noord-Holland",false,52.364491,4.658142,"material damage only","4","clear",false,1,"GM0392"
"20220214649",2022,"Letsel",2,"Fiets","Fiets","Onbekend","Rotonde",\N,"Niet brandend","Daglicht","Droog",\N,\N,"Hillinenweg","Hillegom","Hillegom","Zuid-Holland",false,52.285459,4.585203,"injury","2","clear",false,1,"GM0534"
"20220218542",2022,"Uitsluitend materiele schade",2,"Personenauto","Fiets","Flank","Kruispunt, 3 takken",50,"Niet brandend","Daglicht","Droog",\N,\N,"Noorderstraat","Krimpen aan den IJssel","Krimpen aan den IJssel","Zuid-Holland",false,51.915508,4.582251,"material damage only","4","clear",false,1,"GM0542"
"20220219671",2022,"Uitsluitend materiele schade",1,"Fiets",\N,"Kop/staart","Rechte weg",\N,"Niet brandend","Daglicht","Droog",\N,"600520614","Bosdreef","Rotterdam","Rotterdam","Zuid-Holland",false,51.943711,4.508375,"material damage only","4","clear",false,1,"GM0599"
"20220230849",2022,"Letsel",3,"Landbouwvoertuig","Fiets","Onbekend","Bocht",60,"Niet aanwezig","Daglicht","Droog",\N,"390020001","Groenenweg","Vijlen","Vaals","Limburg",false,50.781113,5.960302,"injury","2","clear",false,1,"GM0981"
"20220230857",2022,"Uitsluitend materiele schade",2,"Personenauto","Fiets","Voetganger","Kruispunt, 3 takken",30,"Niet brandend","Daglicht","Droog",\N,\N,"Nieuw-Eyckholt","Heerlen","Heerlen","Limburg",false,50.88152,5.960987,"material damage only","4","clear",false,1,"GM0917"
"20220204079",2022,"Uitsluitend materiele schade",2,"Personenauto","Fiets","Flank","Kruispunt, 4 takken",50,"Niet brandend","Daglicht","Droog",\N,\N,"Burgemeester Verderlaan","Utrecht","Utrecht","Utrecht",false,52.085498,5.068587,"material damage only","4","clear",false,1,"GM0344"
"20220212702",2022,"Letsel",1,"Fiets",\N,"Eenzijdig","Rechte weg",30,\N,"Duisternis",\N,\N,"186323018","Vrouwenweg","Leiden","Leiden","Zuid-Holland",false,52.136282,4.4909,"injury","2","unknown",false,1,"GM0546"
"20220216905",2022,"Letsel",1,"e-bike",\N,"Eenzijdig","Bocht",50,"Brandend","Duisternis","Droog","Bus-/Tramhalte","600915878","Pierre van Hauwelaan","Delft","Delft","Zuid-Holland",false,51.996226,4.348976,"injury","2","clear",false,1,"GM0503"
"20220227522",2022,"Uitsluitend materiele schade",2,"Bromfiets","e-bike","Frontaal","Rechte weg",15,"Brandend","Duisternis","Droog",\N,"322166109","Ten Hagestraat","Eindhoven","Eindhoven","Noord-Brabant",false,51.437876,5.480806,"material damage only","4","clear",false,1,"GM0772"
"20220229114",2022,"Letsel",2,"Fiets","Fiets","Frontaal","Rechte weg",50,"Niet brandend","Daglicht","Droog",\N,"600784650","Hennen Weide","'s-Hertogenbosch","'s-Hertogenbosch","Noord-Brabant",false,51.728388,5.241962,"injury","2","clear",false,1,"GM0796"
"20220200534",2022,"Letsel",3,"Fiets","Bestelauto","Eenzijdig","Bocht",60,"Brandend","Duisternis","Droog",\N,"504367005","Gunnerstraat","Saasveld","Dinkelland","Overijssel",false,52.337249,6.821247,"injury","2","clear",false,1,"GM1774"
"20220230981",2022,"Uitsluitend materiele schade",2,"Bromfiets","Fiets","Flank","Rechte weg",50,"Niet brandend","Daglicht","Droog",\N,"402134012","Schijfweg-Zuid","Kessel","Peel en Maas","Limburg",false,51.293274,6.051136,"material damage only","4","clear",false,1,"GM1894"
"20220199222",2022,"Uitsluitend materiele schade",2,"Bromfiets","Fiets","Frontaal","Rechte weg",80,"Niet brandend","Daglicht","Droog",\N,\N,"Graaf Reinaldweg","Haaften","West Betuwe","Gelderland",false,51.829081,5.20444,"material damage only","4","clear",false,1,"GM1960"
"20220137304",2022,"Dodelijk",2,"Personenauto","Fiets","Onbekend","Rechte weg",80,"Niet aanwezig","Daglicht","Droog",\N,"600598854","Kamperstraatweg","Kamperveen","Kampen","Overijssel",false,52.497113,5.96062,"fatal","1","clear",false,1,"GM0166"
"20220226447",2022,"Uitsluitend materiele schade",3,"Bestelauto","Fiets","Flank","Kruispunt, 4 takken",50,"Niet brandend","Daglicht","Regen",\N,\N,"Bastionweg","Bergen op Zoom","Bergen op Zoom","Noord-Brabant",false,51.507632,4.303723,"material damage only","4","rain",false,1,"GM0748"
"20220211930",2022,"Uitsluitend materiele schade",2,"Personenauto","Fiets","Flank","Rotonde",\N,"Niet brandend","Daglicht","Droog",\N,\N,"Zuiderzeeweg","Amsterdam","Amsterdam","Noord-Holland",false,52.382771,4.970694,"material damage only","4","clear",false,1,"GM0363"
"20220217017",2022,"Letsel",2,"Personenauto","Fiets","Frontaal","Kruispunt, 4 takken",30,"Niet brandend","Daglicht","Droog",\N,\N,"Limaweg","Waddinxveen","Waddinxveen","Zuid-Holland",false,52.040267,4.648076,"injury","2","clear",false,1,"GM0627"
"20220205044",2022,"Uitsluitend materiele schade",2,"Personenauto","Fiets","Onbekend","Rotonde",50,"Niet brandend","Daglicht","Regen",\N,\N,"Ceintuurbaan","Bussum","Gooise Meren","Noord-Holland",false,52.269049,5.18107,"material damage only","4","rain",false,1,"GM1942"
"20220153434",2022,"Dodelijk",2,"Personenauto","e-bike","Onbekend","Kruispunt, 4 takken",80,"Niet brandend","Daglicht","Droog",\N,\N,"Voltherbroekweg","Agelo","Dinkelland","Overijssel",false,52.3791,6.89965,"fatal","1","clear",false,1,"GM1774"
"20220203586",2022,"Uitsluitend materiele schade",2,"Personenauto","Fiets","Onbekend","Kruispunt, 4 takken",50,"Niet aanwezig","Daglicht","Droog",\N,\N,"Chopinpad","Almere","Almere","Flevoland",false,52.367531,5.191113,"material damage only","4","clear",false,1,"GM0034"
"20220206983",2022,"Letsel",2,"Personenauto","Fiets","Flank","Rotonde",50,"Brandend","Schemer","Regen",\N,\N,"Zwemmerslaan","Haarlem","Haarlem","Noord-Holland",false,52.353505,4.644658,"injury","2","rain",false,1,"GM0392"
"20220208692",2022,"Letsel",3,"Personenauto","Fiets","Onbekend","Kruispunt, 3 takken",50,"Brandend","Schemer","Regen",\N,\N,"Kuenenplein","Beverwijk","Beverwijk","Noord-Holland",false,52.492838,4.656055,"injury","2","rain",false,1,"GM0375"
"20220211319",2022,"Uitsluitend materiele schade",2,"Personenauto","Fiets","Flank","Kruispunt, 3 takken",50,"Niet brandend","Daglicht","Droog",\N,\N,"Frederik Hendrikplnts","Amsterdam","Amsterdam","Noord-Holland",false,52.378725,4.875607,"material damage only","4","clear",false,1,"GM0363"
"20220222775",2022,"Letsel",3,"Personenauto","Fiets","Onbekend","Kruispunt, 4 takken",50,"Brandend","Duisternis","Regen",\N,\N,"Nieuwe Binnenweg","Rotterdam","Rotterdam","Zuid-Holland",false,51.913824,4.463863,"injury","2","rain",false,1,"GM0599"