"accident_id","year","severity_raw","party_count","party1_type","party2_type","accident_type","road_situation","speed_limit_kmh","road_lighting","light_condition_label","weather_raw","infra_type","road_segment_id","street_name","place_name","gemeente_name_raw","province","alcohol_indicated","latitude","longitude","severity_label","severity_code","weather_label","built_up_area","cyclists_involved","gemeente_code"
"20230072471",2023,"Letsel",2,"Personenauto","Fiets","Frontaal","Bocht",30,"Niet brandend","Daglicht","Droog",\N,"344518034","Jasker","Sneek","Súdwest-Fryslân","Friesland",false,53.020256,5.645015,"injury","2","clear",false,1,"GM1900"
"20230074749",2023,"Uitsluitend materiele schade",2,"Personenauto","Fiets","Flank","Kruispunt, 4 takken",50,"Niet brandend","Daglicht","Droog",\N,\N,"Blaricummertollaan","Laren","Laren","Noord-Holland",false,52.254913,5.240981,"material damage only","4","clear",false,1,\N
"20230018453",2023,"Letsel",2,"Fiets","Bromfiets","Frontaal","Rechte weg",30,"Niet brandend","Daglicht","Droog",\N,"212372016","Vijfhuizerdijk","Vijfhuizen","Haarlemmermeer","Noord-Holland",false,52.359437,4.675952,"injury","2","clear",false,1,"GM0394"
"20230023019",2023,"Letsel",2,"Personenauto","Fiets","Flank","Kruispunt, 4 takken",30,\N,"Daglicht","Droog",\N,\N,"Jacob Obrechtstraat","Amsterdam","Amsterdam","Noord-Holland",false,52.353382,4.877252,"injury","2","clear",false,1,"GM0363"
"20240028834",2024,"Letsel",2,"Bromfiets","Fiets","Onbekend","Rechte weg",30,"Niet brandend","Daglicht","Droog",\N,"265312046","Kamilleweg","Utrecht","Utrecht","Utrecht",false,52.092181,5.066068,"injury","2","clear",false,1,"GM0344"
"20230076127",2023,"Uitsluitend materiele schade",2,"Personenauto","Fiets","Flank","Kruispunt, 3 takken",50,"Niet brandend","Daglicht","Droog",\N,\N,"Winthontlaan","Utrecht","Utrecht","Utrecht",false,52.057969,5.109925,"material damage only","4","clear",false,1,"GM0344"
"20230077408",2023,"Uitsluitend materiele schade",3,"Fiets","Bestelauto","Flank","Kruispunt, 4 takken",50,"Niet brandend","Daglicht","Droog",\N,\N,"Groene Hilledijk","Rotterdam","Rotterdam","Zuid-Holland",false,51.889845,4.507777,"material damage only","4","clear",false,1,"GM0599"
"20230077980",2023,"Letsel",2,"Personenauto","Fiets","Frontaal","Kruispunt, 4 takken",30,"Niet brandend","Daglicht","Droog",\N,\N,"Damlaan","Leidschendam","Leidschendam-Voorburg","Zuid-Holland",false,52.082944,4.394413,"injury","2","clear",false,1,"GM1916"
"20230078128",2023,"Letsel",1,"Fiets",\N,"Eenzijdig","Kruispunt, 4 takken",30,"Niet brandend","Daglicht","Regen",\N,\N,"Hoofdstraat","Hillegom","Hillegom","Zuid-Holland",false,52.291429,4.578648,"injury","2","rain",false,1,"GM0534"
"20230078165",2023,"Letsel",1,"Fiets",\N,"Eenzijdig","Kruispunt, 4 takken",30,"Niet brandend","Daglicht","Regen",\N,\N,"Sneephof","'s-Gravenhage","'s-Gravenhage","Zuid-Holland",false,52.064994,4.405647,"injury","2","rain",false,1,"GM0518"
"20230017345",2023,"Uitsluitend materiele schade",2,"Personenauto","Fiets","Flank","Rotonde",50,"Niet brandend","Daglicht","Droog",\N,\N,"Hertog Aalbrechtweg","Alkmaar","Alkmaar","Noord-Holland",false,52.642378,4.763385,"material damage only","4","clear",false,1,"GM0361"
"20240038093",2024,"Letsel",2,"Personenauto","Fiets","Flank","Rotonde",50,"Niet brandend","Daglicht","Droog",\N,\N,"De Zevenhoeven","Heemskerk","Heemskerk","Noord-Holland",false,52.516328,4.687996,"injury","2","clear",false,1,"GM0396"
"20240078980",2024,"Letsel",1,"Fiets",\N,"Onbekend","Rechte weg",50,"Niet brandend","Daglicht","Harde windstoten",\N,"600105450","Groot Hertoginnelaan","'s-Gravenhage","'s-Gravenhage","Zuid-Holland",false,52.08258,4.277246,"injury","2","unknown",false,1,"GM0518"
"20240033502",2024,"Letsel",3,"Fiets","Overig vast object","Vast voorwerp","Rechte weg",30,"Niet brandend","Duisternis",\N,\N,"301223066","Ptr van den Elsenstraat","'s-Hertogenbosch","'s-Hertogenbosch","Noord-Brabant",false,51.696749,5.32735,"injury","2","unknown",false,1,"GM0796"
"20240037209",2024,"Letsel",2,"Personenauto","Fiets","Flank","Kruispunt, 3 takken",30,"Niet brandend","Schemer","Droog",\N,\N,"Hoekenburg","Ede","Ede","Gelderland",false,52.047095,5.646242,"injury","2","clear",false,1,"GM0228"
"20240037212",2024,"Uitsluitend materiele schade",2,"Personenauto","Fiets","Flank","Kruispunt, 3 takken",50,"Niet brandend","Daglicht","Droog",\N,\N,"Rembrandtlaan","Zwolle","Zwolle","Overijssel",false,52.517707,6.093017,"material damage only","4","clear",false,1,"GM0193"
"20240071616",2024,"Letsel",1,"Fiets",\N,"Eenzijdig","Rechte weg",50,"Niet brandend","Daglicht","Droog",\N,"600728726","Poelgeesterweg","Oegstgeest","Oegstgeest","Zuid-Holland",false,52.179334,4.47922,"injury","2","clear",false,1,"GM0579"
"20240039038",2024,"Letsel",2,"Bestelauto","Fiets","Flank","Kruispunt, 4 takken",50,"Niet brandend","Daglicht","Droog",\N,\N,"Bolderweg","Almere","Almere","Flevoland",false,52.407778,5.260231,"injury","2","clear",false,1,"GM0034"
"20240077037",2024,"Letsel",1,"Fiets",\N,"Onbekend","Rechte weg",50,"Niet brandend","Daglicht","Droog",\N,"206377080","Zijlweg","Haarlem","Haarlem","Noord-Holland",false,52.385415,4.623831,"injury","2","clear",false,1,"GM0392"
"20240047859",2024,"Letsel",2,"Personenauto","Fiets","Flank","Rotonde",50,"Niet brandend","Daglicht","Droog",\N,\N,"Rondweg","Mijdrecht","De Ronde Venen","Utrecht",false,52.212741,4.869204,"injury","2","clear",false,1,"GM0736"
"20240079137",2024,"Uitsluitend materiele schade",2,"Motor","Fiets","Flank","Kruispunt, 3 takken",30,"Niet brandend","Daglicht","Droog",\N,\N,"Sloterkade","Amsterdam","Amsterdam","Noord-Holland",false,52.353395,4.852845,"material damage only","4","clear",false,1,"GM0363"
"20240036707",2024,"Letsel",2,"Personenauto","Fiets","Onbekend","Rechte weg",30,"Niet brandend","Daglicht","Droog",\N,"377255046","Daalseweg","Nijmegen","Nijmegen","Gelderland",false,51.836893,5.87727,"injury","2","clear",false,1,"GM0268"
"20240050991",2024,"Letsel",2,"Fiets","Overig vast object","Vast voorwerp","Rechte weg",50,"Brandend","Duisternis","Droog",\N,\N,"Koedijkerstraat","Alkmaar","Alkmaar","Noord-Holland",false,52.639903,4.758078,"injury","2","clear",false,1,"GM0361"
"20240051607",2024,"Letsel",2,"Fiets","Fiets","Frontaal","Rechte weg",60,"Niet brandend","Daglicht","Droog",\N,"245461001","Westfriesedijk","Winkel","Hollands Kroon","Noord-Holland",false,52.762659,4.913095,"injury","2","clear",false,1,"GM1911"
"20240051638",2024,"Letsel",1,"Fiets",\N,"Eenzijdig","Rechte weg",30,"Brandend","Duisternis","Droog",\N,"600999367","Achtergeest","Alkmaar","Alkmaar","Noord-Holland",false,52.655032,4.790464,"injury","2","clear",false,1,"GM0361"
"20240051642",2024,"Letsel",2,"Fiets","Fiets","Frontaal","Rechte weg",30,"Niet brandend","Daglicht","Droog","Brug/viaduct","600743557","Schipholweg","Haarlem","Haarlem","Noord-Holland",false,52.370073,4.651552,"injury","2","clear",false,1,"GM0392"
"20240051647",2024,"Letsel",1,"Fiets",\N,"Onbekend",\N,50,\N,"Daglicht",\N,\N,"210399071","Koningstraat","Beverwijk","Beverwijk","Noord-Holland",false,52.482203,4.656373,"injury","2","unknown",false,1,"GM0375"
"20240079191",2024,"Uitsluitend materiele schade",3,"Overig wegmeubilair","Fiets","Flank","Kruispunt, 4 takken",\N,"Niet brandend","Daglicht","Droog",\N,\N,"Maldenhof","Amsterdam","Amsterdam","Noord-Holland",false,52.306012,4.969802,"material damage only","4","clear",false,1,"GM0363"
"20240033045",2024,"Letsel",1,"Fiets",\N,"Onbekend","Rechte weg",50,"Niet brandend","Daglicht","Droog",\N,\N,"Spui","'s-Gravenhage","'s-Gravenhage","Zuid-Holland",false,52.07751,4.314939,"injury","2","clear",false,1,"GM0518"
"20240033646",2024,"Letsel",2,"Bromfiets","Fiets","Flank","Kruispunt, 4 takken",30,"Niet brandend","Daglicht","Droog",\N,\N,"Orthenseweg","'s-Hertogenbosch","'s-Hertogenbosch","Noord-Brabant",false,51.697856,5.3032,"injury","2","clear",false,1,"GM0796"
"20240038356",2024,"Letsel",2,"Fiets","Fiets","Eenzijdig","Bocht",30,"Niet brandend","Daglicht","Droog",\N,\N,"Nederlandlaan","Haarlem","Haarlem","Noord-Holland",false,52.366118,4.643794,"injury","2","clear",false,1,"GM0392"
"20240033072",2024,"Letsel",2,"Fiets","Personenauto","Onbekend","Kruispunt, 4 takken",30,"Niet brandend","Daglicht","Regen",\N,\N,"Ezelsveldlaan","Delft","Delft","Zuid-Holland",false,52.010253,4.36881,"injury","2","rain",false,1,"GM0503"
"20240071816",2024,"Letsel",2,"Personenauto","Fiets","Geparkeerd voertuig","Rechte weg",50,"Niet brandend","Daglicht","Droog",\N,"600104795","Schiedamseweg","Rotterdam","Rotterdam","Zuid-Holland",false,51.911682,4.438476,"injury","2","clear",false,1,"GM0599"
"20240072475",2024,"Letsel",2,"Fiets","Fiets","Frontaal","Bocht",30,"Niet brandend","Daglicht","Droog",\N,"182325118","Ietje Kooistrapad","Leiden","Leiden","Zuid-Holland",false,52.150077,4.45451,"injury","2","clear",false,1,"GM0546"
"20240176102",2024,"Letsel",1,"Fiets",\N,"Onbekend",\N,50,\N,"Schemer",\N,\N,"600569961","Heulweg","Kwintsheul","Westland","Zuid-Holland",false,52.017397,4.258482,"injury","2","unknown",false,1,"GM1783"
"20240042184",2024,"Uitsluitend materiele schade",3,"Bromfiets","Fiets","Frontaal","Rechte weg",50,"Niet aanwezig","Daglicht","Droog",\N,"600578986","Rijksweg","Udenhout","Tilburg","Noord-Brabant",false,51.595849,5.17644,"material damage only","4","clear",false,1,"GM0855"
"20240042832",2024,"Letsel",1,"Fiets",\N,"Onbekend","Rechte weg",30,"Niet brandend","Daglicht","Droog",\N,"228262001","Graafdijk-west","Molenaarsgraaf","Molenlanden","Zuid-Holland",false,51.871948,4.804047,"injury","2","clear",false,1,"GM1978"
"20240048103",2024,"Letsel",2,"Motor","Fiets","Flank","Rechte weg",30,"Niet brandend","Daglicht","Droog",\N,"208377148","Koudenhorn","Haarlem","Haarlem","Noord-Holland",false,52.382662,4.642252,"injury","2","clear",false,1,"GM0392"
"20240072820",2024,"Uitsluitend materiele schade",2,"Bestelauto","Fiets","Onbekend","Bocht",50,"Niet brandend","Daglicht","Regen",\N,"198191059","Vijverstraat","St. Willebrord","Rucphen","Noord-Brabant",false,51.550171,4.585715,"material damage only","4","rain",false,1,"GM0840"
"20240079986",2024,"Uitsluitend materiele schade",2,"Personenauto","Fiets","Flank","Kruispunt, 4 takken",50,\N,"Daglicht","Droog",\N,\N,"Kanaalweg","Warmenhuizen","Schagen","Noord-Holland",false,52.707672,4.719233,"material damage only","4","clear",false,1,"GM0441"
"20240040210",2024,"Letsel",2,"Bestelauto","Fiets","Flank","Kruispunt, 4 takken",30,"Niet brandend","Daglicht","Regen",\N,\N,"Stompwijkseweg","Leidschendam","Leidschendam-Voorburg","Zuid-Holland",false,52.095006,4.447156,"injury","2","rain",false,1,"GM1916"
"20240081088",2024,"Letsel",2,"Fiets","Fiets","Flank","Kruispunt, 3 takken",50,"Niet brandend","Daglicht","Droog",\N,\N,"Noordpolderstraat","'s-Gravenhage","'s-Gravenhage","Zuid-Holland",false,52.064428,4.336923,"injury","2","clear",false,1,"GM0518"
"20240080065",2024,"Letsel",2,"Fiets","Voetganger","Flank","Rechte weg",60,"Niet brandend","Daglicht","Droog",\N,"220495013","Zanddijk","Den Helder","Den Helder","Noord-Holland",false,52.923361,4.720851,"injury","2","clear",false,1,"GM0400"
"20240050657",2024,"Uitsluitend materiele schade",2,"Personenauto","Fiets","Flank","Kruispunt, 4 takken",30,"Niet brandend","Daglicht","Droog",\N,\N,"Datheenstraat","'s-Gravenhage","'s-Gravenhage","Zuid-Holland",false,52.094176,4.267255,"material damage only","4","clear",false,1,"GM0518"
"20240072947",2024,"Uitsluitend materiele schade",2,"Fiets","Personenauto","Onbekend","Rechte weg",30,"Niet brandend","Daglicht","Droog",\N,"320170046","Barrierweg","Eindhoven","Eindhoven","Noord-Brabant",false,51.45923,5.462042,"material damage only","4","clear",false,1,"GM0772"
"20240038016",2024,"Letsel",1,"e-bike",\N,"Eenzijdig","Rechte weg",50,"Niet aanwezig","Daglicht","Droog",\N,"601055693","FIETSPAD","Oudeschild","Texel","Noord-Holland",false,53.034182,4.84694,"injury","2","clear",false,1,"GM0448"
"20240050757",2024,"Uitsluitend materiele schade",2,"Personenauto","Fiets","Flank","Kruispunt, 4 takken",30,"Niet brandend","Daglicht","Droog",\N,\N,"Skager Rak","Zaandam","Zaanstad","Noord-Holland",false,52.434402,4.832891,"material damage only","4","clear",false,1,"GM0479"
"20230095718",2023,"Uitsluitend materiele schade",2,"Fiets","Bromfiets","Frontaal","Rechte weg",30,"Brandend","Duisternis","Droog",\N,"269311116","Haroekoeplein","Utrecht","Utrecht","Utrecht",false,52.091566,5.091392,"material damage only","4","clear",false,1,"GM0344"
"20230100512",2023,"Uitsluitend materiele schade",3,\N,"Fiets","Onbekend","Rechte weg",80,"Niet brandend","Daglicht","Regen",\N,"600479376","Kaldenbroek","Grubbenvorst","Horst aan de Maas","Limburg",false,51.434454,6.143069,"material damage only","4","rain",false,1,"GM1507"
"20230090490",2023,"Letsel",1,"Fiets",\N,"Eenzijdig","Bocht",30,"Brandend","Duisternis","Regen",\N,"209321002","Louise de Colignystraat","Alphen aan den Rijn","Alphen aan den Rijn","Zuid-Holland",false,52.134087,4.655088,"injury","2","rain",false,1,"GM0484"
"20230090504",2023,"Letsel",2,"Personenauto","Fiets","Frontaal","Kruispunt, 4 takken",30,"Brandend","Duisternis","Droog",\N,\N,"Vosholstraat","Ter Aar","Nieuwkoop","Zuid-Holland",false,52.16649,4.707861,"injury","2","clear",false,1,"GM0569"
"20230098671",2023,"Uitsluitend materiele schade",2,"Personenauto","Fiets","Flank","Rechte weg",50,"Niet brandend","Schemer","Droog",\N,"334238027","Koolzaadweg","Berghem","Oss","Noord-Brabant",false,51.763185,5.567093,"material damage only","4","clear",false,1,"GM0828"
"20230083501",2023,"Letsel",2,"Personenauto","Fiets","Flank","Rechte weg",50,"Niet brandend","Daglicht","Droog",\N,"467567053","Floresstraat","Groningen","Groningen","Groningen",false,53.2332,6.564645,"injury","2","clear",false,1,"GM0014"
"20230084115",2023,"Letsel",2,"Bestelauto","Fiets","Eenzijdig","Rechte weg",30,"Niet brandend","Daglicht","Droog",\N,"600379864","Ign. Bispincklaan","Bloemendaal","Bloemendaal","Noord-Holland",false,52.400514,4.620297,"injury","2","clear",false,1,"GM0377"
"20230086405",2023,"Letsel",2,"Bromfiets","Fiets","Eenzijdig","Rechte weg",30,"Niet brandend","Daglicht","Droog",\N,\N,"Lammenschansweg","Leiden","Leiden","Zuid-Holland",false,52.149498,4.493461,"injury","2","clear",false,1,"GM0546"
"20230092883",2023,"Uitsluitend materiele schade",2,"Personenauto","Fiets","Flank","Rechte weg",50,"Niet brandend","Daglicht","Droog",\N,"466565037","Nieuwe Ebbingestraat","Groningen","Groningen","Groningen",false,53.225364,6.561763,"material damage only","4","clear",false,1,"GM0014"
"20230095222",2023,"Letsel",2,"Personenauto","Fiets","Flank","Kruispunt, 4 takken",50,"Brandend","Duisternis","Droog",\N,\N,"MAAGDENBRUG","Groningen","Groningen","Groningen",true,53.221878,6.568329,"injury","2","clear",false,1,"GM0014"
"20230100309",2023,"Uitsluitend materiele schade",2,"Bestelauto","Fiets","Flank","Kruispunt, 3 takken",80,"Niet brandend","Daglicht","Regen",\N,\N,"Buitenhaven","Terneuzen","Terneuzen","Zeeland",false,51.325495,3.815813,"material damage only","4","rain",false,1,"GM0715"
"20230101303",2023,"Letsel",2,"Fiets","Fiets","Flank","Kruispunt, 3 takken",30,"Niet brandend","Daglicht","Droog","Tunnel","180336001","Snijderstraat","Katwijk","Katwijk","Zuid-Holland",false,52.200584,4.438677,"injury","2","clear",false,1,"GM0537"
"20230085850",2023,"Letsel",2,"Personenauto","e-bike","Flank","Kruispunt, 4 takken",50,"Niet brandend","Daglicht","Droog",\N,\N,"Dahliastraat","Veenendaal","Veenendaal","Utrecht",false,52.030233,5.54413,"injury","2","clear",false,1,"GM0345"
"20230092950",2023,"Letsel",2,"Personenauto","Fiets","Geparkeerd voertuig","Kruispunt, 3 takken",30,"Niet brandend","Daglicht","Droog","Parkeervoorziening",\N,"Hearewei","Workum","Súdwest-Fryslân","Friesland",false,52.976911,5.445505,"injury","2","clear",false,1,"GM1900"
"20230099554",2023,"Uitsluitend materiele schade",3,"Snorfiets","Fiets","Onbekend","Rechte weg",30,"Brandend","Schemer","Droog",\N,"255199053","Langendijk","Tilburg","Tilburg","Noord-Brabant",false,51.58615,4.995564,"material damage only","4","clear",false,1,"GM0855"
"20230102154",2023,"Uitsluitend materiele schade",2,"Personenauto","e-bike","Onbekend","Kruispunt, 4 takken",50,"Brandend","Duisternis","Droog",\N,\N,"Volendamlaan","'s-Gravenhage","'s-Gravenhage","Zuid-Holland",false,52.062607,4.259999,"material damage only","4","clear",false,1,"GM0518"
"20230104421",2023,"Uitsluitend materiele schade",2,"Personenauto","Fiets","Onbekend","Kruispunt, 3 takken",50,"Brandend","Duisternis","Droog",\N,\N,"Crocusstraat","Groningen","Groningen","Groningen",false,53.227377,6.59089,"material damage only","4","clear",false,1,"GM0014"
"20230079487",2023,"Letsel",3,"Personenauto","Fiets","Frontaal","Rechte weg",30,"Niet brandend","Daglicht","Droog",\N,"114174001","Nieuwe Schoorseweg","Schore","Kapelle","Zeeland",false,51.465619,3.988919,"injury","2","clear",false,1,"GM0678"
"20230081218",2023,"Letsel",3,"Personenauto","Fiets","Flank","Kruispunt, 4 takken",30,"Niet brandend","Daglicht","Droog",\N,\N,"Pastoor Elsenstraat","Helmond","Helmond","Noord-Brabant",true,51.466882,5.635666,"injury","2","clear",false,1,"GM0794"
"20230089967",2023,"Uitsluitend materiele schade",2,"Fiets","Personenauto","Flank","Kruispunt, 3 takken",50,"Niet brandend","Daglicht","Droog",\N,\N,"De Cordesstraat","Hoek van Holland","Rotterdam","Zuid-Holland",false,51.980109,4.13123,"material damage only","4","clear",false,1,"GM0599"
"20230090599",2023,"Letsel",2,"Bromfiets","Fiets","Frontaal","Rechte weg",30,"Niet brandend","Daglicht","Droog",\N,"600377383","Bruistensingel","'s-Hertogenbosch","'s-Hertogenbosch","Noord-Brabant",false,51.713127,5.327932,"injury","2","clear",false,1,"GM0796"
"20230092974",2023,"Uitsluitend materiele schade",2,"Bromfiets","Fiets","Kop/staart","Rechte weg",80,"Niet aanwezig","Daglicht","Droog",\N,"600953817","Europaweg","Apeldoorn","Apeldoorn","Gelderland",false,52.191408,5.930504,"material damage only","4","clear",false,1,"GM0200"
"20230095264",2023,"Letsel",2,"Personenauto","Fiets","Flank","Kruispunt, 3 takken",50,"Niet brandend","Daglicht","Droog",\N,\N,"Strausslaan","Nieuw-Vennep","Haarlemmermeer","Noord-Holland",false,52.271999,4.620057,"injury","2","clear",false,1,"GM0394"
"20230095269",2023,"Uitsluitend materiele schade",2,"Personenauto","Fiets","Geparkeerd voertuig","Rechte weg",50,"Brandend","Schemer","Regen",\N,"222432105","Geestersingel","Alkmaar","Alkmaar","Noord-Holland",false,52.634468,4.742207,"material damage only","4","rain",false,1,"GM0361"
"20230095864",2023,"Uitsluitend materiele schade",2,"Bromfiets","Fiets","Flank","Kruispunt, 4 takken",50,"Niet brandend","Daglicht","Droog",\N,\N,"Centrumboulevard","Utrecht","Utrecht","Utrecht",false,52.09572,5.06571,"material damage only","4","clear",false,1,"GM0344"
"20230098191",2023,"Uitsluitend materiele schade",2,"Personenauto","Fiets","Flank","Rotonde",30,"Niet brandend","Schemer",\N,\N,\N,"Waddenzeestraat","Den Helder","Den Helder","Noord-Holland",false,52.943852,4.746847,"material damage only","4","unknown",false,1,"GM0400"
"20230100681",2023,"Uitsluitend materiele schade",2,"Personenauto","Fiets","Flank","Kruispunt, 4 takken",30,"Brandend","Schemer","Droog",\N,\N,"Weg door de Rijpel","Helmond","Helmond","Noord-Brabant",false,51.478411,5.693304,"material damage only","4","clear",false,1,"GM0794"
"20230104798",2023,"Letsel",3,"Snorfiets","Fiets","Onbekend","Kruispunt, 3 takken",30,"Brandend","Duisternis","Regen",\N,\N,"Florakade","Groningen","Groningen","Groningen",false,53.227113,6.59066,"injury","2","rain",false,1,"GM0014"
"20230087077",2023,"Letsel",2,"Fiets","Bestelauto","Eenzijdig","Rechte weg",50,"Niet brandend","Daglicht","Regen",\N,"600495542","Erasmusweg","'s-Gravenhage","'s-Gravenhage","Zuid-Holland",false,52.043685,4.286686,"injury","2","rain",false,1,"GM0518"
"20230087677",2023,"Letsel",2,"Personenauto","Fiets","Flank","Rechte weg",50,"Niet brandend","Daglicht","Droog",\N,"239368105","Parnassusweg","Amsterdam","Amsterdam","Noord-Holland",false,52.345431,4.867442,"injury","2","clear",false,1,"GM0363"
"20230094724",2023,"Letsel",2,"Bestelauto","Fiets","Onbekend","Rotonde",50,"Niet brandend","Daglicht","Droog",\N,\N,"Marijkeweg","Wageningen","Wageningen","Gelderland",false,51.969637,5.654763,"injury","2","clear",false,1,"GM0289"
"20230098234",2023,"Letsel",2,"Personenauto","Fiets","Kop/staart","Rechte weg",30,"Niet brandend","Daglicht","Sneeuw/Hagel",\N,"221416040","Dorpsstraat","Akersloot","Castricum","Noord-Holland",false,52.559174,4.73373,"injury","2","unknown",false,1,"GM0383"
"20230084252",2023,"Uitsluitend materiele schade",2,"Trekker met oplegger","Fiets","Flank","Rechte weg",50,"Niet brandend","Daglicht","Droog",\N,\N,"WILLEM ALEXANDERBRUG","Zaandam","Zaanstad","Noord-Holland",false,52.457737,4.811253,"material damage only","4","clear",false,1,"GM0479"
"20230090053",2023,"Uitsluitend materiele schade",2,"Snorfiets","Fiets","Flank","Kruispunt, 3 takken",30,"Brandend","Schemer","Regen",\N,\N,"Groot Haesebroekseweg","Wassenaar","Wassenaar","Zuid-Holland",false,52.131812,4.382145,"material damage only","4","rain",false,1,"GM0629"
"20230100187",2023,"Letsel",2,"Bestelauto","e-bike","Eenzijdig","Kruispunt, 3 takken",50,"Niet brandend","Schemer","Regen",\N,"600524156","Rutger van Herpenstraat","Boekel","Boekel","Noord-Brabant",false,51.602834,5.676068,"injury","2","rain",false,1,"GM0755"
"20230101061",2023,"Letsel",2,"Fiets",\N,"Eenzijdig","Kruispunt, 4 takken",50,"Niet brandend","Daglicht","Droog",\N,\N,"Voorwillenseweg","Gouda","Gouda","Zuid-Holland",false,52.01488,4.72346,"injury","2","clear",false,1,"GM0513"
"20230083105",2023,"Letsel",2,"Personenauto","Fiets","Flank","Rotonde",50,"Niet brandend","Daglicht","Regen",\N,\N,"Josef Haydnlaan","Hengelo","Hengelo (O)","Overijssel",false,52.26983,6.818225,"injury","2","rain",false,1,\N
"20230092497",2023,"Uitsluitend materiele schade",2,"Personenauto","Fiets","Flank","Kruispunt, 4 takken",30,"Niet brandend","Daglicht","Regen",\N,\N,"Besterdring","Tilburg","Tilburg","Noord-Brabant",false,51.562803,5.090997,"material damage only","4","rain",false,1,"GM0855"
"20230093662",2023,"Uitsluitend materiele schade",3,"Fiets","Fiets","Frontaal","Rechte weg",30,"Niet brandend","Daglicht","Droog",\N,"408538045","Ureterpvallaat","Drachten","Smallingerland","Friesland",false,53.10625,6.124805,"material damage only","4","clear",false,1,"GM0090"
"20230094223",2023,"Uitsluitend materiele schade",2,"Personenauto","Fiets","Flank","Kruispunt, 3 takken",30,"Niet brandend","Daglicht","Regen",\N,\N,"Borniastraat","Leeuwarden","Leeuwarden","Friesland",false,53.190953,5.797845,"material damage only","4","rain",false,1,"GM0080"
"20230100487",2023,"Uitsluitend materiele schade",2,"Personenauto","Fiets","Flank","Rotonde",50,"Brandend","Duisternis","Droog",\N,\N,"Heerbaan","Breda","Breda","Noord-Brabant",false,51.588841,4.820646,"material damage only","4","clear",false,1,"GM0758"
"20230080772",2023,"Uitsluitend materiele schade",2,"Personenauto","Fiets","Flank","Kruispunt, 4 takken",60,"Niet brandend","Daglicht","Droog",\N,\N,"Eftelingsestraat","Kaatsheuvel","Loon op Zand","Noord-Brabant",false,51.647016,5.03273,"material damage only","4","clear",false,1,"GM0809"
"20230086056",2023,"Uitsluitend materiele schade",1,"Fiets",\N,"Onbekend","Rechte weg",50,"Niet brandend","Daglicht","Regen",\N,"334297063","Kleine Beer","Veenendaal","Veenendaal","Utrecht",false,52.028196,5.56465,"material damage only","4","rain",false,1,"GM0345"
"20230097166",2023,"Uitsluitend materiele schade",2,"Personenauto","Fiets","Flank","Kruispunt, 4 takken",50,"Brandend","Duisternis","Regen",\N,\N,"Vagerveld","Nieuw-Vennep","Haarlemmermeer","Noord-Holland",false,52.260218,4.622013,"material damage only","4","rain",false,1,"GM0394"
"20230090800",2023,"Uitsluitend materiele schade",2,"Fiets","Fiets","Frontaal","Rechte weg",50,"Niet aanwezig","Daglicht","Droog",\N,"601034285","Molenbeekpad","Roosendaal","Roosendaal","Noord-Brabant",false,51.50463,4.452384,"material damage only","4","clear",false,1,"GM1674"
"20230096035",2023,"Letsel",2,"Fiets",\N,"Eenzijdig","Kruispunt, 4 takken",50,"Niet brandend","Daglicht","Droog",\N,\N,"Stuartweg","Vianen","Vijfheerenlanden","Utrecht",false,51.990188,5.102967,"injury","2","clear",false,1,"GM1961"
"20230098392",2023,"Uitsluitend materiele schade",2,"Personenauto","Fiets","Flank","Kruispunt, 3 takken",50,"Niet brandend","Daglicht","Droog",\N,\N,"Lodderdijk","Gemert","Gemert-Bakel","Noord-Brabant",false,51.560164,5.698062,"material damage only","4","clear",false,1,"GM1652"
"20230106843",2023,"Uitsluitend materiele schade",2,"Bromfiets","Fiets","Frontaal","Rechte weg",30,"Brandend","Duisternis","Regen",\N,\N,"Borgharenweg","Maastricht","Maastricht","Limburg",false,50.860307,5.70034,"material damage only","4","rain",false,1,"GM0935"
"20230096652",2023,"Uitsluitend materiele schade",2,"Bromfiets","Fiets","Frontaal","Rechte weg",\N,"Brandend","Daglicht","Droog",\N,"279369014","Spoorbaanpad","Almere","Almere","Flevoland",false,52.351852,5.159782,"material damage only","4","clear",false,1,"GM0034"
"20230103882",2023,"Uitsluitend materiele schade",2,"Fiets","Personenauto","Flank","Kruispunt, 3 takken",50,"Niet brandend","Daglicht","Droog",\N,\N,"Het Loo","Almelo","Almelo","Overijssel",false,52.377205,6.678464,"material damage only","4","clear",false,1,"GM0141"
"20230087308",2023,"Letsel",2,"Fiets","Overig vast object","Vast voorwerp","Rechte weg",30,"Brandend","Duisternis","Droog",\N,"600380226","Haltestraat","Zandvoort","Zandvoort","Noord-Holland",false,52.37255,4.530203,"injury","2","clear",false,1,"GM0473"
"20230087896",2023,"Letsel",2,"Personenauto","Fiets","Onbekend","Kruispunt, 4 takken",50,"Niet brandend","Daglicht","Droog",\N,\N,"Richard Holkade","Haarlem","Haarlem","Noord-Holland",false,52.375968,4.652206,"injury","2","clear",false,1,"GM0392"
"20230088504",2023,"Letsel",2,"Personenauto","Fiets","Flank","Kruispunt, 3 takken",30,"Niet brandend","Daglicht","Droog",\N,\N,"W. Vrijlandtstraat","Oud-Beijerland","Hoeksche Waard","Zuid-Holland",false,51.820043,4.404128,"injury","2","clear",false,1,"GM1963"