"accident_id","year","severity_raw","party_count","party1_type","party2_type","accident_type","road_situation","speed_limit_kmh","road_lighting","light_condition_label","weather_raw","infra_type","road_segment_id","street_name","place_name","gemeente_name_raw","province","alcohol_indicated","latitude","longitude","severity_label","severity_code","weather_label","built_up_area","cyclists_involved","gemeente_code"
"20230098472",2023,"Uitsluitend materiele schade",2,"Bestelauto","Fiets","Flank","Kruispunt, 3 takken",50,"Niet brandend","Daglicht","Droog",\N,\N,"Elftweg","Grave","Land van Cuijk","Noord-Brabant",false,51.757023,5.736446,"material damage only","4","clear",false,1,"GM1982"
"20230086194",2023,"Uitsluitend materiele schade",2,"Fiets","Fiets","Frontaal","Rechte weg",60,"Niet aanwezig","Daglicht","Droog",\N,\N,"FIETSPAD","Borculo","Berkelland","Gelderland",false,52.11559,6.537036,"material damage only","4","clear",false,1,"GM1859"
"20230094411",2023,"Uitsluitend materiele schade",2,"Personenauto","Fiets","Flank","Kruispunt, 3 takken",30,"Niet brandend","Daglicht","Droog",\N,\N,"Houtduif","Ommen","Ommen","Overijssel",false,52.523166,6.411853,"material damage only","4","clear",false,1,"GM0175"
"20230103977",2023,"Uitsluitend materiele schade",2,"Personenauto","Fiets","Flank","Rechte weg",50,"Brandend","Duisternis","Sneeuw/Hagel",\N,"464395004","Vroomshoopseweg","Den Ham","Twenterand","Overijssel",false,52.463139,6.524373,"material damage only","4","unknown",false,1,"GM1700"
"20230090323",2023,"Letsel",2,"Fiets","Fiets","Onbekend","Rechte weg",15,"Niet brandend","Daglicht","Droog",\N,"600728594","Abdissenpad","Zoetermeer","Zoetermeer","Zuid-Holland",false,52.05788,4.480741,"injury","2","clear",false,1,"GM0637"
"20230090967",2023,"Letsel",1,"Fiets",\N,"Eenzijdig","Rechte weg",50,"Brandend","Duisternis","Droog",\N,"216202042","Julianalaan","Prinsenbeek","Breda","Noord-Brabant",false,51.600572,4.713983,"injury","2","clear",false,1,"GM0758"
"20230094443",2023,"Uitsluitend materiele schade",2,"Bestelauto","Fiets","Flank","Kruispunt, 4 takken",30,"Niet brandend","Daglicht","Droog",\N,\N,"Stationsplein","Doetinchem","Doetinchem","Gelderland",false,51.958887,6.29435,"material damage only","4","clear",false,1,"GM0222"
"20230096741",2023,"Uitsluitend materiele schade",2,"Fiets","Personenauto","Flank","Rotonde",50,"Brandend","Duisternis","Regen/Sneeuw/Hagel",\N,\N,"F.A. Molijnlaan","Nunspeet","Nunspeet","Gelderland",false,52.383573,5.786852,"material damage only","4","unknown",false,1,"GM0302"
"20230103452",2023,"Uitsluitend materiele schade",2,"Bromfiets","Fiets","Onbekend","Kruispunt, 4 takken",30,"Niet brandend","Daglicht","Harde windstoten/Regen",\N,\N,"Schiestraat","Rotterdam","Rotterdam","Zuid-Holland",false,51.925862,4.476504,"material damage only","4","unknown",false,1,"GM0599"
"20230081022",2023,"Uitsluitend materiele schade",2,"Snorfiets","Fiets","Frontaal","Kruispunt, 3 takken",\N,"Brandend","Schemer","Droog",\N,\N,"Heer Bokelweg","Rotterdam","Rotterdam","Zuid-Holland",false,51.927684,4.479186,"material damage only","4","clear",false,1,"GM0599"
"20230082786",2023,"Letsel",2,"Bus","Fiets","Flank","Kruispunt, 4 takken",80,"Brandend","Duisternis","Droog",\N,\N,"Needseweg","Eibergen","Berkelland","Gelderland",false,52.112958,6.644755,"injury","2","clear",false,1,"GM1859"
"20230086852",2023,"Letsel",2,"Personenauto","Fiets","Flank","Rechte weg",50,\N,"Daglicht",\N,\N,"215293030","Reigerstraat","Gouda","Gouda","Zuid-Holland",false,52.008694,4.697382,"injury","2","unknown",false,1,"GM0513"
"20230088023",2023,"Letsel",2,"Personenauto","Fiets","Flank","Kruispunt, 4 takken",50,"Brandend","Duisternis","Regen",\N,\N,"Amerikaweg","Haarlem","Haarlem","Noord-Holland",false,52.364338,4.654614,"injury","2","rain",false,1,"GM0392"
"20230088024",2023,"Letsel",2,"Personenauto","Fiets","Flank","Rechte weg",50,"Niet brandend","Daglicht","Droog",\N,\N,"Hardwareweg","Amsterdam","Amsterdam","Noord-Holland",true,52.413192,4.878272,"injury","2","clear",false,1,"GM0363"
"20230088032",2023,"Uitsluitend materiele schade",2,"Personenauto","e-bike","Flank","Kruispunt, 4 takken",30,"Niet brandend","Daglicht","Droog",\N,\N,"Boterbloem","Zwaag","Hoorn","Noord-Holland",false,52.665287,5.051657,"material damage only","4","clear",false,1,"GM0405"
"20230093897",2023,"Uitsluitend materiele schade",2,"Personenauto","Fiets","Flank","Rotonde",50,"Niet brandend","Daglicht","Droog",\N,\N,"Bergenweg","Groningen","Groningen","Groningen",false,53.214209,6.602444,"material damage only","4","clear",false,1,"GM0014"
"20230079877",2023,"Uitsluitend materiele schade",2,"Fiets","Bestelauto","Onbekend","Rotonde",50,"Niet aanwezig","Daglicht","Droog",\N,\N,"Tilburgseweg","Sprang-Capelle","Waalwijk","Noord-Brabant",false,51.670966,5.052915,"material damage only","4","clear",false,1,"GM0867"
"20230081048",2023,"Letsel",2,"Fiets","Personenauto","Flank","Rechte weg",30,"Niet brandend","Daglicht","Droog",\N,"318156051","De Bleeck","Waalre","Waalre","Noord-Brabant",false,51.393634,5.445243,"injury","2","clear",false,1,"GM0866"
"20230083399",2023,"Uitsluitend materiele schade",2,"Fiets",\N,"Flank","Kruispunt, 4 takken",30,"Niet brandend","Daglicht","Droog",\N,\N,"Sleutelbloemstraat","Apeldoorn","Apeldoorn","Gelderland",false,52.230631,5.977479,"material damage only","4","clear",false,1,"GM0200"
"20230088045",2023,"Uitsluitend materiele schade",2,"Personenauto","Fiets","Flank","Kruispunt, 3 takken",50,"Brandend","Duisternis","Droog",\N,\N,"Johan Huizingalaan","Amsterdam","Amsterdam","Noord-Holland",false,52.362693,4.827164,"material damage only","4","clear",false,1,"GM0363"
"20230092218",2023,"Uitsluitend materiele schade",2,"Personenauto","e-bike","Onbekend","Kruispunt, 4 takken",50,"Brandend","Schemer","Droog",\N,\N,"Zuivelweg","Leunen","Venray","Limburg",false,51.513744,5.980596,"material damage only","4","clear",false,1,"GM0984"
"20230093919",2023,"Uitsluitend materiele schade",2,"Personenauto","Fiets","Flank","Kruispunt, 3 takken",\N,"Brandend","Duisternis","Regen",\N,\N,"Oostzeestraat","Kampen","Kampen","Overijssel",false,52.559555,5.907909,"material damage only","4","rain",false,1,"GM0166"
"20220001249",2022,"Letsel",2,"Fiets","Fiets","Frontaal","Rechte weg",30,"Brandend","Schemer","Droog","Tunnel","600402889","Stationsplein","Groningen","Groningen","Groningen",false,53.211127,6.562968,"injury","2","clear",false,1,"GM0014"
"20230004336",2023,"Uitsluitend materiele schade",2,"Fiets","Bromfiets","Frontaal","Kruispunt, 3 takken",50,"Niet aanwezig","Daglicht","Droog",\N,\N,"Meer en Vaart","Amsterdam","Amsterdam","Noord-Holland",false,52.35664,4.809429,"material damage only","4","clear",false,1,"GM0363"
"20220002261",2022,"Letsel",1,"Fiets",\N,"Eenzijdig","Rechte weg",30,"Brandend","Duisternis","Droog",\N,"364503014","Hollandiastraat","Scharsterbrug","De Fryske Marren","Friesland",false,52.953137,5.790347,"injury","2","clear",false,1,"GM1940"
"20220007588",2022,"Uitsluitend materiele schade",2,"Personenauto","Fiets","Flank","Kruispunt, 3 takken",50,"Niet brandend","Schemer","Regen",\N,\N,"Rottumerooglaan","Enschede","Enschede","Overijssel",false,52.20267,6.890103,"material damage only","4","rain",false,1,"GM0153"
"20220008862",2022,"Uitsluitend materiele schade",2,"Personenauto","Fiets","Flank","Kruispunt, 4 takken",60,"Niet brandend","Daglicht","Droog",\N,\N,"Maarsbergseweg","Woudenberg","Woudenberg","Utrecht",false,52.071141,5.409329,"material damage only","4","clear",false,1,"GM0351"
"20220131835",2022,"Uitsluitend materiele schade",2,"Personenauto","Fiets","Flank","Kruispunt, 4 takken",50,"Niet brandend","Daglicht","Droog",\N,\N,"Spoorlaan","Oss","Oss","Noord-Brabant",false,51.766664,5.545656,"material damage only","4","clear",false,1,"GM0828"
"20220119610",2022,"Uitsluitend materiele schade",2,"Personenauto","Fiets","Onbekend","Kruispunt, 4 takken",50,"Niet brandend","Daglicht","Droog",\N,\N,"Racinelaan","Utrecht","Utrecht","Utrecht",false,52.090355,5.083162,"material damage only","4","clear",false,1,"GM0344"
"20220121434",2022,"Uitsluitend materiele schade",2,"Fiets","Fiets","Flank","Rotonde",\N,"Niet brandend","Daglicht","Droog",\N,\N,"De Weel","Hoorn","Hoorn","Noord-Holland",false,52.638609,5.0337,"material damage only","4","clear",false,1,"GM0405"
"20220123999",2022,"Uitsluitend materiele schade",2,"Personenauto","Fiets","Flank","Rotonde",\N,"Niet brandend","Daglicht","Droog",\N,\N,"Keizer Karelweg","Amstelveen","Amstelveen","Noord-Holland",false,52.299741,4.855332,"material damage only","4","clear",false,1,"GM0362"
"20220063358",2022,"Letsel",2,"Bestelauto","Fiets","Flank","Bocht",50,"Niet brandend","Daglicht","Droog",\N,"191259049","Hoefslag","Barendrecht","Barendrecht","Zuid-Holland",false,51.853234,4.530039,"injury","2","clear",false,1,"GM0489"
"20220066588",2022,"Letsel",2,"Fiets","Overig vast object","Vast voorwerp","Rechte weg",30,"Brandend","Duisternis","Droog","Tunnel","600167426","Gebont","Uden","Maashorst","Noord-Brabant",false,51.644939,5.615373,"injury","2","clear",false,1,"GM1991"
"20220089367",2022,"Letsel",3,"Motor","Fiets","Onbekend","Kruispunt, 3 takken",80,"Niet brandend","Daglicht","Droog",\N,\N,"Eindhovensedijk","Oirschot","Oirschot","Noord-Brabant",false,51.494576,5.330701,"injury","2","clear",false,1,"GM0823"
"20220090968",2022,"Uitsluitend materiele schade",3,"Vrachtauto","Fiets","Los voorwerp","Rechte weg",50,"Niet brandend","Daglicht","Droog",\N,"370028001","Rijksweg","Margraten","Eijsden-Margraten","Limburg",false,50.818779,5.820576,"material damage only","4","clear",false,1,"GM1903"
"20220093264",2022,"Letsel",2,"Bestelauto","e-bike","Flank","Kruispunt, 4 takken",50,"Niet brandend","Daglicht","Droog",\N,\N,"Groeneveld","Meppel","Meppel","Drenthe",false,52.698571,6.175792,"injury","2","clear",false,1,"GM0119"
"20220047682",2022,"Letsel",2,"Personenauto","Fiets","Flank","Kruispunt, 4 takken",\N,"Niet brandend","Daglicht","Droog",\N,\N,"van Coeverdenstraat","Goor","Hof van Twente","Overijssel",false,52.239348,6.592347,"injury","2","clear",false,1,"GM1735"
"20220082668",2022,"Letsel",2,"Personenauto","Fiets","Kop/staart","Rechte weg",50,"Niet brandend","Daglicht","Droog",\N,"166290019","Van der Slootsingel","Delft","Delft","Zuid-Holland",false,51.989821,4.341109,"injury","2","clear",false,1,"GM0503"
"20220013123",2022,"Uitsluitend materiele schade",2,"Bus","e-bike","Flank","Kruispunt, 3 takken",30,"Niet brandend","Daglicht","Droog",\N,\N,"Oosteinde","Berkhout","Koggenland","Noord-Holland",false,52.640586,5.001438,"material damage only","4","clear",false,1,"GM1598"
"20220052272",2022,"Uitsluitend materiele schade",3,"Personenauto","Fiets","Flank","Rotonde",50,"Niet brandend","Daglicht","Droog",\N,\N,"Ridder Arnoudlaan","Heemskerk","Heemskerk","Noord-Holland",false,52.512662,4.668226,"material damage only","4","clear",false,1,"GM0396"
"20220056450",2022,"Letsel",1,"e-bike",\N,"Eenzijdig","Rechte weg",30,"Brandend","Duisternis","Droog",\N,"600723987","Zeeweg","Katwijk","Katwijk","Zuid-Holland",false,52.198454,4.417862,"injury","2","clear",false,1,"GM0537"
"20220056461",2022,"Letsel",3,"Snorfiets","e-bike","Onbekend","Rechte weg",30,"Niet brandend","Daglicht","Droog",\N,"600738037","Iersestraat","Nieuwerkerk aan den IJssel","Zuidplas","Zuid-Holland",false,51.96275,4.602207,"injury","2","clear",false,1,"GM1892"
"20220063534",2022,"Letsel",2,"Fiets","Voetganger","Voetganger","Rechte weg",30,"Niet brandend","Daglicht",\N,\N,"600361417","Bergse Dorpsstraat","Rotterdam","Rotterdam","Zuid-Holland",false,51.957904,4.494506,"injury","2","unknown",false,1,"GM0599"
"20220069933",2022,"Uitsluitend materiele schade",2,"Bestelauto","Fiets","Onbekend","Kruispunt, 3 takken",30,"Niet brandend","Daglicht","Droog",\N,\N,"Pastoor de Grootstraat","Kerkrade","Kerkrade","Limburg",false,50.871362,6.068315,"material damage only","4","clear",false,1,"GM0928"
"20220076843",2022,"Uitsluitend materiele schade",2,"Personenauto","Fiets","Flank","Kruispunt, 4 takken",30,"Niet brandend","Daglicht","Droog",\N,\N,"HERENBRUG","Utrecht","Utrecht","Utrecht",false,52.090028,5.127386,"material damage only","4","clear",false,1,"GM0344"
"20220082742",2022,"Letsel",2,"Personenauto","Fiets","Flank","Kruispunt, 4 takken",50,"Niet brandend","Daglicht","Droog",\N,\N,"Waldeck Pyrmontkade","'s-Gravenhage","'s-Gravenhage","Zuid-Holland",false,52.076744,4.294602,"injury","2","clear",false,1,"GM0518"
"20220089495",2022,"Letsel",2,"Bestelauto","e-bike","Flank","Rechte weg",30,"Niet brandend","Daglicht","Droog",\N,"299149038","Nieuwstraat","Eersel","Eersel","Noord-Brabant",false,51.360733,5.309458,"injury","2","clear",false,1,"GM0770"
"20220031672",2022,"Uitsluitend materiele schade",2,"Personenauto","Fiets","Flank","Kruispunt, 4 takken",30,"Brandend","Duisternis","Droog",\N,\N,"Looiwinkelstraat","Spaubeek","Beek","Limburg",false,50.942588,5.834701,"material damage only","4","clear",false,1,\N
"20220047874",2022,"Letsel",2,"Vrachtauto","Fiets","Flank","Kruispunt, 4 takken",50,"Niet brandend","Daglicht","Droog",\N,\N,"Ravelijn","Nijkerk","Nijkerk","Gelderland",false,52.213966,5.473883,"injury","2","clear",false,1,"GM0267"
"20220052407",2022,"Letsel",1,"Fiets",\N,"Eenzijdig","Bocht",50,"Brandend","Duisternis","Droog",\N,"600737118","Zwaluwenweg","Aerdenhout","Bloemendaal","Noord-Holland",false,52.355204,4.581584,"injury","2","clear",false,1,"GM0377"
"20220084971",2022,"Uitsluitend materiele schade",2,"Personenauto","Fiets","Flank","Rechte weg",50,"Niet brandend","Daglicht",\N,\N,"600892450","Walenburgerweg","Rotterdam","Rotterdam","Zuid-Holland",false,51.926426,4.462571,"material damage only","4","unknown",false,1,"GM0599"
"20220043132",2022,"Uitsluitend materiele schade",2,"Snorfiets","Fiets","Frontaal","Rechte weg",15,"Niet brandend","Daglicht","Droog",\N,"375280107","Oostburgwal","Arnhem","Arnhem","Gelderland",false,51.948842,5.866571,"material damage only","4","clear",false,1,"GM0202"
"20220046630",2022,"Letsel",2,"e-bike","Fiets","Frontaal","Kruispunt, 3 takken",50,"Niet aanwezig","Daglicht","Droog",\N,\N,"Voortsweg","Mander","Tubbergen","Overijssel",false,52.435371,6.811613,"injury","2","clear",false,1,"GM0183"
"20220059422",2022,"Letsel",1,"e-bike",\N,"Eenzijdig","Rechte weg",50,"Brandend","Duisternis","Droog",\N,"600724839","Sandtlaan","Rijnsburg","Katwijk","Zuid-Holland",false,52.1893,4.435523,"injury","2","clear",false,1,"GM0537"
"20220067077",2022,"Uitsluitend materiele schade",2,"Personenauto","Fiets","Flank","Rotonde",50,"Niet brandend","Daglicht","Droog",\N,\N,"Onze Lieve Vrouwedijk","Waalre","Waalre","Noord-Brabant",false,51.39351,5.442182,"material damage only","4","clear",false,1,"GM0866"
"20220077501",2022,"Uitsluitend materiele schade",2,"Personenauto","Fiets","Onbekend","Rechte weg",50,"Niet brandend","Daglicht","Droog",\N,"600780757","Amersfoortsestraatweg","Naarden","Gooise Meren","Noord-Holland",false,52.290916,5.168719,"material damage only","4","clear",false,1,"GM1942"
"20220079954",2022,"Letsel",1,"Fiets",\N,"Eenzijdig","Kruispunt, 3 takken",50,"Niet brandend","Daglicht","Droog",\N,\N,"Duinlustweg","Overveen","Bloemendaal","Noord-Holland",false,52.383074,4.592076,"injury","2","clear",false,1,"GM0377"
"20220112438",2022,"Letsel",2,\N,"Fiets","Eenzijdig","Rechte weg",30,"Niet brandend","Daglicht","Regen",\N,"311162047","Het Struweel","Veldhoven","Veldhoven","Noord-Brabant",false,51.420618,5.397776,"injury","2","rain",false,1,"GM0861"
"20220020149",2022,"Letsel",2,"Personenauto","e-bike","Flank","Kruispunt, 3 takken",50,"Niet brandend","Daglicht","Regen",\N,\N,"Madesteinweg","'s-Gravenhage","'s-Gravenhage","Zuid-Holland",false,52.041783,4.23196,"injury","2","rain",false,1,"GM0518"
"20220029381",2022,"Letsel",2,"Fiets","Fiets","Onbekend","Rechte weg",50,"Brandend","Duisternis","Droog",\N,"320147031","Valkenierstraat","Valkenswaard","Valkenswaard","Noord-Brabant",false,51.354885,5.465378,"injury","2","clear",false,1,"GM0858"
"20220035881",2022,"Uitsluitend materiele schade",2,"Personenauto","Fiets","Flank",\N,50,"Niet brandend","Daglicht","Droog",\N,"231353040","Jane Addamslaan","Amstelveen","Amstelveen","Noord-Holland",false,52.277103,4.813923,"material damage only","4","clear",false,1,"GM0362"
"20220052592",2022,"Uitsluitend materiele schade",2,"Fiets","Fiets","Frontaal","Rechte weg",30,"Niet brandend","Daglicht","Droog",\N,"600755777","Dr. Jan Mulderstraat","Zaandijk","Zaanstad","Noord-Holland",false,52.470381,4.802443,"material damage only","4","clear",false,1,"GM0479"
"20220058357",2022,"Letsel",3,"Bromfiets","Fiets","Flank","Rechte weg",30,"Brandend","Duisternis",\N,\N,"158310134","Conradkade","'s-Gravenhage","'s-Gravenhage","Zuid-Holland",false,52.081145,4.282398,"injury","2","unknown",false,1,"GM0518"
"20220070209",2022,"Uitsluitend materiele schade",2,"Personenauto","e-bike","Flank","Rotonde",50,"Niet brandend","Daglicht","Droog",\N,\N,"FIETSPAD","Leunen","Venray","Limburg",false,51.515779,5.9811,"material damage only","4","clear",false,1,"GM0984"
"20220094064",2022,"Uitsluitend materiele schade",2,"Fiets","Bromfiets","Flank","Rechte weg",50,"Niet brandend","Daglicht","Droog",\N,"379267057","Cuperstraat","Bemmel","Lingewaard","Gelderland",false,51.891335,5.894034,"material damage only","4","clear",false,1,"GM1705"
"20220113890",2022,"Uitsluitend materiele schade",2,"Personenauto","e-bike","Flank","Bocht",60,"Niet brandend","Daglicht","Droog",\N,"600529421","Meerssenhovenweg","Meerssen","Meerssen","Limburg",false,50.890814,5.725426,"material damage only","4","clear",false,1,"GM0938"
"20220114392",2022,"Letsel",2,"Bus","Fiets","Frontaal","Rechte weg",50,"Niet brandend","Daglicht","Droog","Bus-/Tramhalte","600870526","Peizerweg","Groningen","Groningen","Groningen",false,53.212053,6.555487,"injury","2","clear",false,1,"GM0014"
"20220020335",2022,"Letsel",2,"Personenauto","Fiets","Onbekend","Kruispunt, 3 takken",50,"Niet brandend","Daglicht","Droog",\N,\N,"Natalstraat","'s-Gravenhage","'s-Gravenhage","Zuid-Holland",false,52.066182,4.287866,"injury","2","clear",false,1,"GM0518"
"20220020373",2022,"Uitsluitend materiele schade",2,"Bestelauto","Fiets","Flank","Kruispunt, 4 takken",30,\N,"Daglicht",\N,\N,"185302043","Pln vd Verenigde Naties","Zoetermeer","Zoetermeer","Zuid-Holland",false,52.04614,4.47629,"material damage only","4","unknown",false,1,"GM0637"
"20220079453",2022,"Uitsluitend materiele schade",2,"Bestelauto","Fiets","Flank","Rechte weg",50,"Niet brandend","Daglicht","Droog",\N,"216427038","De Omloop","Heiloo","Heiloo","Noord-Holland",false,52.611242,4.696228,"material damage only","4","clear",false,1,"GM0399"
"20220083039",2022,"Letsel",3,"Fiets","Fiets","Onbekend","Rechte weg",50,"Niet brandend","Daglicht","Droog","Bus-/Tramhalte","157314071","Frankenslag","'s-Gravenhage","'s-Gravenhage","Zuid-Holland",false,52.097326,4.277595,"injury","2","clear",false,1,"GM0518"
"20220104653",2022,"Letsel",2,"Bromfiets","Fiets","Frontaal","Rechte weg",50,"Niet brandend","Daglicht","Droog",\N,\N,"Van der Burghweg","Delft","Delft","Zuid-Holland",false,51.997755,4.379942,"injury","2","clear",false,1,"GM0503"
"20220036072",2022,"Letsel",2,"Bromfiets","Fiets","Flank","Kruispunt, 4 takken",50,"Niet brandend","Daglicht","Droog",\N,\N,"Osdorper Ban","Amsterdam","Amsterdam","Noord-Holland",false,52.363294,4.805317,"injury","2","clear",false,1,"GM0363"
"20220041784",2022,"Uitsluitend materiele schade",1,"Fiets",\N,"Onbekend","Kruispunt, 3 takken",30,"Niet aanwezig","Daglicht","Droog",\N,\N,"Wouter van Doeverenplein","Groningen","Groningen","Groningen",false,53.227044,6.571071,"material damage only","4","clear",false,1,"GM0014"
"20220055564",2022,"Uitsluitend materiele schade",2,"e-bike","Personenauto","Flank","Kruispunt, 4 takken",50,"Niet brandend","Daglicht","Droog",\N,\N,"Cornelis Lelylaan","Amsterdam","Amsterdam","Noord-Holland",false,52.356411,4.809379,"material damage only","4","clear",false,1,"GM0363"
"20220086533",2022,"Letsel",2,"Personenauto","e-bike","Flank","Kruispunt, 3 takken",80,"Niet brandend","Daglicht","Droog",\N,\N,"Oud Pernisseweg","Pernis Rotterdam","Rotterdam","Zuid-Holland",false,51.880651,4.389314,"injury","2","clear",false,1,"GM0599"
"20220095883",2022,"Uitsluitend materiele schade",2,"Fiets","Scootmobiel","Flank","Rotonde",50,"Niet brandend","Daglicht",\N,\N,\N,"Barneveldseweg","Lunteren","Ede","Gelderland",false,52.095169,5.616532,"material damage only","4","unknown",false,1,"GM0228"
"20220096274",2022,"Uitsluitend materiele schade",2,"Personenauto","e-bike","Flank","Kruispunt, 3 takken",50,"Niet brandend","Daglicht","Droog",\N,\N,"Bagijnendijkje","Elburg","Elburg","Gelderland",false,52.44382,5.825911,"material damage only","4","clear",false,1,"GM0230"
"20220041928",2022,"Letsel",2,"Personenauto","e-bike","Flank","Kruispunt, 3 takken",80,"Niet brandend","Daglicht","Droog",\N,\N,"Koailoane","Damwâld","Dantumadiel","Friesland",false,53.305324,5.994617,"injury","2","clear",false,1,"GM1891"
"20220045523",2022,"Letsel",2,"Personenauto","Fiets","Flank","Kruispunt, 3 takken",30,"Niet brandend","Daglicht","Droog",\N,\N,"Ovidiuslaan","Arnhem","Arnhem","Gelderland",false,51.952206,5.845832,"injury","2","clear",false,1,"GM0202"
"20220047055",2022,"Uitsluitend materiele schade",2,"Fiets","Fiets","Onbekend","Kruispunt, 3 takken",50,"Niet brandend","Daglicht","Droog",\N,\N,"Graafseweg","Nijmegen","Nijmegen","Gelderland",false,51.836483,5.845409,"material damage only","4","clear",false,1,"GM0268"
"20220057255",2022,"Letsel",2,"Bromfiets","Fiets","Flank","Kruispunt, 3 takken",\N,"Niet brandend","Daglicht","Droog",\N,\N,"Vissendreef","Zoetermeer","Zoetermeer","Zuid-Holland",false,52.064045,4.508376,"injury","2","clear",false,1,"GM0637"
"20220065918",2022,"Letsel",2,"Bus","Fiets","Flank","Rechte weg",50,"Niet brandend","Daglicht","Droog",\N,"101182093","Piet Heinstraat","Goes","Goes","Zeeland",false,51.501235,3.888027,"injury","2","clear",false,1,"GM0664"
"20220098300",2022,"Uitsluitend materiele schade",2,"Personenauto","e-bike","Flank","Kruispunt, 4 takken",30,"Niet brandend","Daglicht","Droog",\N,\N,"Zuiderzeelaan","Lelystad","Lelystad","Flevoland",false,52.522605,5.47948,"material damage only","4","clear",false,1,"GM0995"
"20220018226",2022,"Letsel",2,"Fiets","Fiets","Onbekend","Rechte weg",\N,"Niet aanwezig","Daglicht","Droog",\N,"148292060","Dijkweg","Naaldwijk","Westland","Zuid-Holland",false,51.997901,4.212864,"injury","2","clear",false,1,"GM1783"
"20220030215",2022,"Uitsluitend materiele schade",2,"Personenauto","e-bike","Onbekend","Kruispunt, 3 takken",50,\N,"Daglicht","Droog",\N,\N,"Kitskensdal","Roermond","Roermond","Limburg",false,51.171777,6.001925,"material damage only","4","clear",false,1,"GM0957"
"20220047099",2022,"Uitsluitend materiele schade",2,"Personenauto","e-bike","Flank","Kruispunt, 3 takken",30,"Niet brandend","Daglicht","Droog",\N,\N,"Hobbemastraat","Hengelo","Hengelo (O)","Overijssel",false,52.27742,6.785313,"material damage only","4","clear",false,1,\N
"20220057309",2022,"Uitsluitend materiele schade",2,"Personenauto","Fiets","Onbekend",\N,30,\N,"Duisternis",\N,\N,"162305003","Van Zeggelenlaan","'s-Gravenhage","'s-Gravenhage","Zuid-Holland",false,52.057731,4.314566,"material damage only","4","unknown",false,1,"GM0518"
"20220072196",2022,"Uitsluitend materiele schade",2,"Personenauto","Fiets","Flank","Rechte weg",30,"Niet brandend","Daglicht","Droog",\N,"511464002","Holtingerbrink","Emmen","Emmen","Drenthe",false,52.767072,6.879482,"material damage only","4","clear",false,1,"GM0114"
"20220084226",2022,"Letsel",2,"Fiets","Los voorwerp","Los voorwerp","Rechte weg",30,"Niet brandend","Daglicht","Droog",\N,"168294123","Peperstraat","Delft","Delft","Zuid-Holland",false,52.010336,4.35768,"injury","2","clear",false,1,"GM0503"
"20220098818",2022,"Uitsluitend materiele schade",1,"Fiets",\N,"Onbekend","Rechte weg",50,"Niet brandend","Daglicht","Droog",\N,"279339039","Bosdrift","Hilversum","Hilversum","Noord-Holland",false,52.216475,5.166039,"material damage only","4","clear",false,1,"GM0402"
"20220010441",2022,"Uitsluitend materiele schade",2,"Personenauto","Fiets","Frontaal","Bocht",50,"Brandend","Schemer","Droog",\N,"298326008","Soesterbergsestraat","Soest","Soest","Utrecht",false,52.158788,5.307185,"material damage only","4","clear",false,1,"GM0342"
"20220026141",2022,"Uitsluitend materiele schade",2,"Personenauto","Fiets","Frontaal","Rechte weg",50,"Brandend","Duisternis","Droog",\N,\N,"Korte Raamstraat","Breda","Breda","Noord-Brabant",false,51.579952,4.800125,"material damage only","4","clear",false,1,"GM0758"
"20220043821",2022,"Uitsluitend materiele schade",2,"Personenauto","Fiets","Flank","Kruispunt, 3 takken",50,"Niet aanwezig","Daglicht","Droog",\N,\N,"Burg Matsersingel","Arnhem","Arnhem","Gelderland",false,51.955314,5.893159,"material damage only","4","clear",false,1,"GM0202"
"20220088430",2022,"Letsel",2,"Personenauto","Fiets","Flank","Rechte weg",80,"Niet brandend","Daglicht","Droog",\N,"248213008","Klein Dongenseweg","Dongen","Dongen","Noord-Brabant",false,51.644848,4.946628,"injury","2","clear",false,1,"GM0766"
"20220096640",2022,"Uitsluitend materiele schade",2,"Personenauto","Fiets","Flank","Rechte weg",50,"Niet brandend","Daglicht","Droog",\N,"600858027","Graaf Ottosingel","Zutphen","Zutphen","Gelderland",false,52.139554,6.204539,"material damage only","4","clear",false,1,"GM0301"
"20220099202",2022,"Uitsluitend materiele schade",2,"Bromfiets","Fiets","Flank","Kruispunt, 4 takken",\N,"Brandend","Duisternis","Droog",\N,\N,"FIETSPAD","Houten","Houten","Utrecht",false,52.033376,5.160108,"material damage only","4","clear",false,1,"GM0321"
"20220099493",2022,"Letsel",2,"Fiets","Fiets","Onbekend","Rechte weg",80,"Brandend","Duisternis","Droog",\N,"600953183","Biltsestraatweg","Utrecht","Utrecht","Utrecht",false,52.098243,5.155239,"injury","2","clear",false,1,"GM0344"
"20220102137",2022,"Uitsluitend materiele schade",2,"Personenauto","Fiets","Flank","Kruispunt, 3 takken",50,"Brandend","Duisternis","Droog",\N,\N,"Amsteldijk","Amsterdam","Amsterdam","Noord-Holland",false,52.358603,4.903843,"material damage only","4","clear",false,1,"GM0363"
"20220083485",2022,"Letsel",2,"Personenauto","Fiets","Flank","Rechte weg",30,"Niet brandend","Daglicht","Droog",\N,"187343086","Narcis","Voorhout","Teylingen","Zuid-Holland",false,52.231007,4.489429,"injury","2","clear",false,1,"GM1525"