"accident_id","year","severity_raw","party_count","party1_type","party2_type","accident_type","road_situation","speed_limit_kmh","road_lighting","light_condition_label","weather_raw","infra_type","road_segment_id","street_name","place_name","gemeente_name_raw","province","alcohol_indicated","latitude","longitude","severity_label","severity_code","weather_label","built_up_area","cyclists_involved","gemeente_code"
"20220162283",2022,"Letsel",2,"Fiets","Fiets","Onbekend","Rechte weg",30,"Brandend","Duisternis","Droog",\N,"600873258","Rijksstraatweg","Haren Gn","Groningen","Groningen",false,53.176006,6.600178,"injury","2","clear",false,1,"GM0014"
"20220192596",2022,"Letsel",2,"Fiets","Fiets","Onbekend","Rechte weg",60,"Niet aanwezig","Daglicht","Droog",\N,"471501001","WEG LANGS DIANAHEIDE","Ekehaar","Aa en Hunze","Drenthe",false,52.934588,6.586999,"injury","2","clear",false,1,"GM1680"
"20220115697",2022,"Uitsluitend materiele schade",2,"Personenauto","Fiets","Flank","Kruispunt, 4 takken",50,"Niet brandend","Daglicht","Droog",\N,\N,"Zuiderplein","Leeuwarden","Leeuwarden","Friesland",false,53.197278,5.796699,"material damage only","4","clear",false,1,"GM0080"
"20220115720",2022,"Letsel",2,"Bestelauto","e-bike","Flank","Bocht",30,"Niet brandend","Daglicht","Droog",\N,"490548003","Tiros","Hoogezand","Midden-Groningen","Groningen",false,53.149832,6.73574,"injury","2","clear",false,1,"GM1952"
"20220124143",2022,"Uitsluitend materiele schade",3,"Bestelauto","Fiets","Los voorwerp","Kruispunt, 4 takken",50,"Niet brandend","Daglicht","Droog",\N,\N,"Prins Hendrikkade","Amsterdam","Amsterdam","Noord-Holland",false,52.370942,4.91307,"material damage only","4","clear",false,1,"GM0363"
"20220126532",2022,"Letsel",1,"e-bike",\N,"Eenzijdig","Kruispunt, 4 takken",50,"Brandend","Schemer","Regen","Bus-/Tramhalte",\N,"Schaapweg","Rijswijk","Rijswijk","Zuid-Holland",false,52.038626,4.299159,"injury","2","rain",false,1,\N
"20220131793",2022,"Letsel",2,"Bestelauto","Fiets","Flank","Kruispunt, 4 takken",60,"Niet brandend","Daglicht","Droog",\N,\N,"De Biezen","Aarle-Rixtel","Laarbeek","Noord-Brabant",false,51.539608,5.664687,"injury","2","clear",false,1,"GM1659"
"20220149048",2022,"Uitsluitend materiele schade",2,"Snorfiets","Fiets","Onbekend",\N,\N,\N,"Daglicht",\N,\N,"332172115","Hongermanpad","Nuenen","Nuenen, Gerwen en Nederwetten","Noord-Brabant",false,51.465631,5.547301,"material damage only","4","unknown",false,1,"GM0820"
"20220151410",2022,"Uitsluitend materiele schade",2,"Personenauto","Fiets","Flank","Kruispunt, 4 takken",60,"Niet brandend","Daglicht","Droog",\N,\N,"Hofstraat","Wittem","Gulpen-Wittem","Limburg",false,50.808622,5.967772,"material damage only","4","clear",false,1,"GM1729"
"20220169371",2022,"Uitsluitend materiele schade",2,"Bromfiets","Fiets","Frontaal","Bocht",100,"Niet aanwezig","Daglicht","Regen",\N,"600142196","Neerbosscheweg","Nijmegen","Nijmegen","Gelderland",false,51.843141,5.776474,"material damage only","4","rain",false,1,"GM0268"
"20220171712",2022,"Letsel",2,"Personenauto","Fiets","Flank","Kruispunt, 4 takken",30,"Niet brandend","Daglicht","Droog",\N,\N,"Parkzichtlaan","Utrecht","Utrecht","Utrecht",false,52.093589,5.038455,"injury","2","clear",false,1,"GM0344"
"20220171787",2022,"Uitsluitend materiele schade",2,"e-bike","Brommobiel","Kop/staart","Kruispunt, 3 takken",50,"Niet brandend","Daglicht","Droog",\N,\N,"Patrimoniumstraat","Driebergen-Rijsenburg","Utrechtse Heuvelrug","Utrecht",false,52.063508,5.276239,"material damage only","4","clear",false,1,"GM1581"
"20220173097",2022,"Letsel",3,"Personenauto","Fiets","Onbekend","Kruispunt, 3 takken",30,"Brandend","Duisternis","Droog",\N,\N,"Jutfaseweg","Utrecht","Utrecht","Utrecht",false,52.076249,5.120624,"injury","2","clear",false,1,"GM0344"
"20220196460",2022,"Letsel",2,"Bromfiets","Fiets","Eenzijdig","Bocht",30,"Brandend","Daglicht","Droog","Tunnel",\N,"FIETSPAD","Oldenzaal","Oldenzaal","Overijssel",false,52.301717,6.899079,"injury","2","clear",false,1,"GM0173"
"20220122991",2022,"Letsel",2,"Personenauto","e-bike","Kop/staart","Rechte weg",60,"Niet brandend","Daglicht","Droog",\N,"220493025","Zanddijk","Julianadorp","Den Helder","Noord-Holland",false,52.911714,4.719284,"injury","2","clear",false,1,"GM0400"
"20220127927",2022,"Uitsluitend materiele schade",2,"Fiets","Fiets","Onbekend","Rechte weg",30,"Brandend","Duisternis","Droog",\N,"181273061","Heemraadssingel","Rotterdam","Rotterdam","Zuid-Holland",false,51.915388,4.454324,"material damage only","4","clear",false,1,"GM0599"
"20220134712",2022,"Uitsluitend materiele schade",2,"Bestelauto","Fiets","Frontaal","Bocht",30,"Niet brandend","Daglicht","Droog",\N,"406540016","Kleinzand","Drachten","Smallingerland","Friesland",false,53.118059,6.110397,"material damage only","4","clear",false,1,"GM0090"
"20220134732",2022,"Letsel",1,"Fiets",\N,"Eenzijdig","Rechte weg",30,"Niet aanwezig","Duisternis","Droog",\N,\N,"Hoornsediep","Groningen","Groningen","Groningen",false,53.20332,6.562948,"injury","2","clear",false,1,"GM0014"
"20220153486",2022,"Uitsluitend materiele schade",2,"Bestelauto","Fiets","Onbekend","Rechte weg",30,"Niet aanwezig","Daglicht","Droog","Brug/viaduct",\N,"Nieuwe Kade","Arnhem","Arnhem","Gelderland",false,51.971745,5.920536,"material damage only","4","clear",false,1,"GM0202"
"20220159771",2022,"Uitsluitend materiele schade",2,"Personenauto","Fiets","Flank","Kruispunt, 3 takken",30,"Niet brandend","Daglicht","Droog",\N,\N,"Glorieuxlaan","Eindhoven","Eindhoven","Noord-Brabant",false,51.43136,5.496545,"material damage only","4","clear",false,1,"GM0772"
"20220197104",2022,"Letsel",2,"Personenauto","Fiets","Flank","Rotonde",50,"Niet brandend","Daglicht","Droog",\N,\N,"Daalhuizerweg","Velp","Rheden","Gelderland",false,51.996272,5.962915,"injury","2","clear",false,1,"GM0275"
"20220197409",2022,"Uitsluitend materiele schade",2,"Fiets","Fiets","Onbekend","Kruispunt, 3 takken",\N,"Niet brandend","Daglicht","Droog",\N,\N,"Máximastraat","Nijverdal","Hellendoorn","Overijssel",false,52.364433,6.462982,"material damage only","4","clear",false,1,"GM0163"
"20220127953",2022,"Letsel",2,"Fiets",\N,"Eenzijdig","Kruispunt, 3 takken",30,"Niet brandend","Daglicht","Droog",\N,\N,"Gruttostraat","Rotterdam","Rotterdam","Zuid-Holland",false,51.889161,4.468096,"injury","2","clear",false,1,"GM0599"
"20240082174",2024,"Letsel",1,"Fiets",\N,"Onbekend","Rechte weg",50,"Niet brandend","Daglicht","Droog",\N,"600743340","Hoorn","Alphen aan den Rijn","Alphen aan den Rijn","Zuid-Holland",false,52.141853,4.653722,"injury","2","clear",false,1,"GM0484"
"20240086050",2024,"Letsel",2,"Personenauto","Fiets","Frontaal","Rotonde",50,"Niet brandend","Daglicht","Droog",\N,\N,"Bakboordswal","Groningen","Groningen","Groningen",false,53.23562,6.627621,"injury","2","clear",false,1,"GM0014"
"20240088032",2024,"Uitsluitend materiele schade",2,"Personenauto","Fiets","Onbekend","Rechte weg",30,"Niet brandend","Daglicht","Droog",\N,"201358088","Cruquius","Hillegom","Hillegom","Zuid-Holland",false,52.296964,4.59497,"material damage only","4","clear",false,1,"GM0534"
"20240089332",2024,"Uitsluitend materiele schade",2,"Fiets","Fiets","Flank","Kruispunt, 4 takken",30,"Niet brandend","Daglicht","Droog",\N,\N,"Groen van Prinstererlaan","'s-Gravenhage","'s-Gravenhage","Zuid-Holland",false,52.06303,4.245521,"material damage only","4","clear",false,1,"GM0518"
"20240095544",2024,"Letsel",2,"Fiets","Personenauto","Onbekend","Kruispunt, 4 takken",50,"Niet brandend","Daglicht","Droog",\N,\N,"Petrus Planciusstraat","Den Helder","Den Helder","Noord-Holland",false,52.95966,4.749802,"injury","2","clear",false,1,"GM0400"
"20240075559",2024,"Letsel",2,"Personenauto","Fiets","Frontaal","Kruispunt, 3 takken",15,"Niet aanwezig","Daglicht","Droog",\N,\N,"Kerkstraat","Uithuizen","Het Hogeland","Groningen",false,53.407518,6.674312,"injury","2","clear",false,1,"GM1966"
"20240089381",2024,"Uitsluitend materiele schade",2,"Fiets","Personenauto","Flank","Kruispunt, 4 takken",30,"Niet brandend","Daglicht","Droog",\N,\N,"Zeemanlaan","Leiden","Leiden","Zuid-Holland",false,52.149411,4.494225,"material damage only","4","clear",false,1,"GM0546"
"20240090678",2024,"Letsel",1,"Fiets",\N,"Onbekend","Rechte weg",50,"Niet brandend","Daglicht","Droog",\N,"600729099","André van der Louwbrug","Rotterdam","Rotterdam","Zuid-Holland",false,51.91881,4.48928,"injury","2","clear",false,1,"GM0599"
"20240091975",2024,"Letsel",2,"Bromfiets","Fiets","Flank","Kruispunt, 4 takken",30,"Niet brandend","Daglicht","Droog",\N,\N,"Hoogstraat","Vught","Vught","Noord-Brabant",false,51.650707,5.296589,"injury","2","clear",false,1,"GM0865"
"20240092060",2024,"Uitsluitend materiele schade",1,"Fiets",\N,"Onbekend",\N,\N,\N,"Daglicht",\N,\N,"386038001","Winthagen","Voerendaal","Voerendaal","Limburg",false,50.862697,5.931499,"material damage only","4","unknown",false,1,"GM0986"
"20240041049",2024,"Uitsluitend materiele schade",2,"Bestelauto","Fiets","Flank","Kruispunt, 3 takken",30,"Niet brandend","Daglicht","Droog",\N,\N,"Pretoriusstraat","Amsterdam","Amsterdam","Noord-Holland",false,52.355545,4.924356,"material damage only","4","clear",false,1,"GM0363"
"20240071381",2024,"Letsel",1,"Fiets",\N,"Onbekend","Rechte weg",60,"Niet aanwezig","Daglicht","Droog",\N,"202269001","Molendijk","Krimpen aan de Lek","Krimpenerwaard","Zuid-Holland",false,51.896415,4.606696,"injury","2","clear",false,1,"GM1931"
"20240081595",2024,"Uitsluitend materiele schade",2,"Personenauto","Fiets","Flank","Bocht",50,"Niet brandend","Daglicht","Droog",\N,"211243086","Kometenlaan","Dordrecht","Dordrecht","Zuid-Holland",false,51.784884,4.672013,"material damage only","4","clear",false,1,"GM0505"
"20240087489",2024,"Letsel",2,"Bestelauto","Fiets","Flank","Kruispunt, 4 takken",50,"Niet brandend","Daglicht","Droog",\N,\N,"Laan van Chartroise","Utrecht","Utrecht","Utrecht",false,52.108778,5.098053,"injury","2","clear",false,1,"GM0344"
"20240092136",2024,"Letsel",2,"Fiets",\N,"Onbekend","Rechte weg",30,"Niet brandend","Daglicht","Regen",\N,"321177061","Victor Hugolaan","Eindhoven","Eindhoven","Noord-Brabant",false,51.488555,5.4689,"injury","2","rain",false,1,"GM0772"
"20240092255",2024,"Uitsluitend materiele schade",2,"Snorfiets","Fiets","Kop/staart","Rechte weg",30,"Brandend","Daglicht","Droog",\N,"600615812","Scharnerweg","Maastricht","Maastricht","Limburg",false,50.848182,5.709719,"material damage only","4","clear",false,1,"GM0935"
"20240095103",2024,"Letsel",2,"Bestelauto","Fiets","Flank","Kruispunt, 3 takken",30,"Niet brandend","Daglicht","Droog",\N,\N,"Houtsingel","Leek","Westerkwartier","Groningen",false,53.14696,6.373241,"injury","2","clear",false,1,"GM1969"
"20240097534",2024,"Letsel",1,"Fiets",\N,"Onbekend","Rechte weg",80,"Niet brandend","Daglicht","Droog",\N,"600723384","Rijwielpad Noordduinen","Katwijk","Katwijk","Zuid-Holland",false,52.215583,4.405402,"injury","2","clear",false,1,"GM0537"
"20240097628",2024,"Uitsluitend materiele schade",2,"Personenauto","Fiets","Flank","Kruispunt, 4 takken",50,"Niet brandend","Daglicht","Regen",\N,\N,"Waldorpstraat","'s-Gravenhage","'s-Gravenhage","Zuid-Holland",false,52.063426,4.313322,"material damage only","4","rain",false,1,"GM0518"
"20240097769",2024,"Letsel",1,"Fiets",\N,"Onbekend","Rotonde",50,"Niet brandend","Daglicht","Regen",\N,\N,"Leidseweg","Voorschoten","Voorschoten","Zuid-Holland",false,52.127062,4.448981,"injury","2","rain",false,1,"GM0626"
"20240098508",2024,"Letsel",2,"Fiets","Fiets","Frontaal","Rechte weg",30,"Brandend","Duisternis","Regen",\N,\N,"Jozef Israëlskade","Amsterdam","Amsterdam","Noord-Holland",false,52.350027,4.909504,"injury","2","rain",false,1,"GM0363"
"20240077939",2024,"Uitsluitend materiele schade",2,"Snorfiets","Fiets","Flank","Kruispunt, 4 takken",30,"Niet brandend","Daglicht","Droog",\N,\N,"Purcellstraat","Almere","Almere","Flevoland",false,52.368581,5.198906,"material damage only","4","clear",false,1,"GM0034"
"20240082310",2024,"Uitsluitend materiele schade",3,"Personenauto","Fiets","Flank","Kruispunt, 4 takken",50,"Niet brandend","Daglicht","Regen",\N,\N,"Louis van der Maesenstr","Valkenburg","Valkenburg aan de Geul","Limburg",false,50.866307,5.833834,"material damage only","4","rain",false,1,"GM0994"
"20240089458",2024,"Uitsluitend materiele schade",2,"Personenauto","Fiets","Kop/staart","Rechte weg",30,"Niet brandend","Daglicht","Droog",\N,"600898854","Veenkade","'s-Gravenhage","'s-Gravenhage","Zuid-Holland",false,52.076824,4.295316,"material damage only","4","clear",false,1,"GM0518"
"20240048432",2024,"Uitsluitend materiele schade",2,"Personenauto","Fiets","Flank","Rechte weg",30,"Niet brandend","Daglicht","Regen","Spoorwegovergang",\N,"Bataviaweg","Lelystad","Lelystad","Flevoland",false,52.523753,5.44262,"material damage only","4","rain",false,1,"GM0995"
"20240049071",2024,"Letsel",3,"Trekker","Fiets","Flank","Rotonde",50,"Niet brandend","Daglicht","Droog",\N,\N,"Morsweg","Rijssen","Rijssen-Holten","Overijssel",false,52.315242,6.514038,"injury","2","clear",false,1,"GM1742"
"20240078557",2024,"Letsel",2,"Personenauto","Fiets","Flank","Rotonde",30,"Niet brandend","Daglicht","Droog",\N,\N,"Van der Hagenstraat","Zoetermeer","Zoetermeer","Zuid-Holland",false,52.053444,4.514655,"injury","2","clear",false,1,"GM0637"
"20240086236",2024,"Uitsluitend materiele schade",2,"Personenauto","Fiets","Flank","Kruispunt, 4 takken",30,"Brandend","Schemer",\N,\N,\N,"Constantiastraat","Hilversum","Hilversum","Noord-Holland",false,52.215831,5.165736,"material damage only","4","unknown",false,1,"GM0402"
"20240087537",2024,"Letsel",2,"Personenauto","Fiets","Onbekend","Rotonde",50,"Niet brandend","Daglicht","Droog",\N,\N,"Pannekoekendijk","Zwolle","Zwolle","Overijssel",false,52.516091,6.088767,"injury","2","clear",false,1,"GM0193"
"20240044576",2024,"Letsel",2,"Personenauto","Fiets","Flank","Rotonde",50,"Niet brandend","Daglicht","Droog",\N,\N,"In de Wieën","Venray","Venray","Limburg",false,51.515673,5.980493,"injury","2","clear",false,1,"GM0984"
"20240046751",2024,"Uitsluitend materiele schade",2,"Personenauto","Fiets","Onbekend","Kruispunt, 4 takken",30,"Niet brandend","Daglicht","Regen",\N,\N,"Goudplevier","IJsselmuiden","Kampen","Overijssel",false,52.5638,5.941311,"material damage only","4","rain",false,1,"GM0166"
"20240048492",2024,"Uitsluitend materiele schade",2,"Personenauto","Fiets","Flank","Kruispunt, 4 takken",30,"Niet brandend","Daglicht","Droog",\N,\N,"Harlingensingel","Almere","Almere","Flevoland",false,52.373035,5.207444,"material damage only","4","clear",false,1,"GM0034"
"20240050383",2024,"Uitsluitend materiele schade",2,"Snorfiets","Fiets","Flank","Kruispunt, 4 takken",30,"Brandend","Schemer","Droog",\N,\N,"0024 BRUG","Amsterdam","Amsterdam","Noord-Holland",false,52.372256,4.88731,"material damage only","4","clear",false,1,"GM0363"
"20240086929",2024,"Letsel",2,"Personenauto","e-bike","Flank","Kruispunt, 4 takken",50,"Niet brandend","Daglicht","Droog",\N,\N,"Parkzichtlaan","Utrecht","Utrecht","Utrecht",false,52.093611,5.038528,"injury","2","clear",false,1,"GM0344"
"20240093247",2024,"Uitsluitend materiele schade",2,"Fiets","Bestelauto","Onbekend","Rechte weg",50,"Niet brandend","Daglicht","Regen",\N,\N,"Martinusweg","Twello","Voorst","Gelderland",false,52.228062,6.092594,"material damage only","4","rain",false,1,"GM0285"
"20240094730",2024,"Uitsluitend materiele schade",2,"Personenauto","Fiets","Kop/staart","Rechte weg",60,"Niet brandend","Daglicht","Droog",\N,"601106627","Wolfkaterweg","Hengelo","Hengelo (O)","Overijssel",false,52.216407,6.740914,"material damage only","4","clear",false,1,\N
"20240096283",2024,"Uitsluitend materiele schade",2,"Fiets","Personenauto","Flank","Kruispunt, 4 takken",50,"Niet brandend","Daglicht","Droog",\N,\N,"Robertskruid","Zeewolde","Zeewolde","Flevoland",false,52.329518,5.540957,"material damage only","4","clear",false,1,"GM0050"
"20240043952",2024,"Uitsluitend materiele schade",2,"Personenauto","Fiets","Frontaal","Kruispunt, 4 takken",30,"Niet brandend","Daglicht","Droog",\N,\N,"Ir Em Mélottestraat","Vaals","Vaals","Limburg",false,50.774341,6.016769,"material damage only","4","clear",false,1,"GM0981"
"20240046152",2024,"Uitsluitend materiele schade",3,"Fiets","Fiets","Flank","Rechte weg",30,"Niet brandend","Daglicht","Regen",\N,"320339026","Cornelis van Ramshorstln","Nijkerk","Nijkerk","Gelderland",false,52.214408,5.468053,"material damage only","4","rain",false,1,"GM0267"
"20240046816",2024,"Uitsluitend materiele schade",2,"Personenauto","Fiets","Flank","Rotonde",50,"Niet brandend","Daglicht","Droog",\N,\N,"Oude Zevenaarseweg","Arnhem","Arnhem","Gelderland",false,51.978404,5.93988,"material damage only","4","clear",false,1,"GM0202"
"20240085641",2024,"Uitsluitend materiele schade",2,"Personenauto","Fiets","Flank","Kruispunt, 4 takken",50,"Niet brandend","Daglicht","Droog",\N,\N,"Merwedelaan","Zwolle","Zwolle","Overijssel",false,52.530748,6.103111,"material damage only","4","clear",false,1,"GM0193"
"20240087639",2024,"Uitsluitend materiele schade",2,"Fiets","Personenauto","Flank","Rechte weg",30,"Niet brandend","Daglicht","Droog",\N,"382254002","Rijksstraatweg","Beek","Berg en Dal","Gelderland",false,51.832374,5.915897,"material damage only","4","clear",false,1,"GM1945"
"20240089576",2024,"Uitsluitend materiele schade",2,"Personenauto","Fiets","Kop/staart","Rechte weg",50,"Niet brandend","Daglicht","Droog",\N,"220431039","Westerweg","Alkmaar","Alkmaar","Noord-Holland",false,52.627025,4.729881,"material damage only","4","clear",false,1,"GM0361"
"20240091524",2024,"Uitsluitend materiele schade",2,"Snorfiets","Fiets","Frontaal","Bocht",50,"Niet brandend","Daglicht","Droog",\N,"223199142","Nieuwe Haagdijk","Breda","Breda","Noord-Brabant",false,51.586304,4.764645,"material damage only","4","clear",false,1,"GM0758"
"20240093599",2024,"Uitsluitend materiele schade",2,"Personenauto","Fiets","Frontaal","Kruispunt, 3 takken",30,"Niet brandend","Daglicht","Droog",\N,\N,"Napjusstraat","Sneek","Súdwest-Fryslân","Friesland",false,53.040858,5.659278,"material damage only","4","clear",false,1,"GM1900"
"20240095762",2024,"Letsel",2,"Fiets","Fiets","Frontaal","Rechte weg",\N,"Niet brandend","Daglicht","Droog",\N,"304326011","Barchman Wuytierslaan","Amersfoort","Amersfoort","Utrecht",false,52.157113,5.346597,"injury","2","clear",false,1,"GM0307"
"20240101919",2024,"Uitsluitend materiele schade",2,"Bestelauto","Fiets","Flank","Kruispunt, 4 takken",50,"Niet aanwezig","Daglicht","Droog",\N,\N,"Mauritsstraat","Eindhoven","Eindhoven","Noord-Brabant",false,51.434708,5.472207,"material damage only","4","clear",false,1,"GM0772"
"20240046187",2024,"Letsel",2,"Fiets","Personenauto","Flank","Rotonde",30,"Niet brandend","Daglicht","Regen",\N,\N,"Deventerweg","Harderwijk","Harderwijk","Gelderland",false,52.338642,5.632369,"injury","2","rain",false,1,"GM0243"
"20240087013",2024,"Letsel",2,"Personenauto","Fiets","Eenzijdig","Rechte weg",50,"Niet brandend","Daglicht","Droog",\N,"600783353","Soestdijkseweg Noord","Bilthoven","De Bilt","Utrecht",false,52.140987,5.214013,"injury","2","clear",false,1,"GM0310"
"20240088969",2024,"Letsel",1,"Fiets",\N,"Onbekend","Rechte weg",30,"Niet brandend","Daglicht","Droog",\N,\N,"Danny Kayelaan","Zoetermeer","Zoetermeer","Zuid-Holland",false,52.046423,4.47427,"injury","2","clear",false,1,"GM0637"
"20240089626",2024,"Uitsluitend materiele schade",2,"Personenauto","Fiets","Flank","Rechte weg",30,"Niet brandend","Daglicht","Droog",\N,"237371059","Derde Kostverlorenkade","Amsterdam","Amsterdam","Noord-Holland",false,52.359801,4.856767,"material damage only","4","clear",false,1,"GM0363"
"20240098684",2024,"Uitsluitend materiele schade",2,"Fiets","Personenauto","Flank","Rechte weg",50,"Niet brandend","Daglicht","Droog",\N,"238359096","Jhr H A v Karnebeekln","Amstelveen","Amstelveen","Noord-Holland",false,52.304653,4.860171,"material damage only","4","clear",false,1,"GM0362"
"20240046227",2024,"Uitsluitend materiele schade",2,"Personenauto","Fiets","Flank","Rotonde",50,"Niet brandend","Daglicht","Regen",\N,\N,"J.C. Kapteynlaan","Groningen","Groningen","Groningen",false,53.229596,6.567469,"material damage only","4","rain",false,1,"GM0014"
"20240073529",2024,"Letsel",2,"Personenauto","Fiets","Flank","Rotonde",50,"Niet brandend","Daglicht","Droog",\N,\N,"Nuenenseweg","Geldrop","Geldrop-Mierlo","Noord-Brabant",false,51.437859,5.564838,"injury","2","clear",false,1,"GM1771"
"20240075827",2024,"Uitsluitend materiele schade",2,"Bestelauto","Fiets","Flank","Rotonde",50,"Niet brandend","Daglicht","Droog",\N,\N,"Broekhoekweg","Losser","Losser","Overijssel",false,52.26232,6.994603,"material damage only","4","clear",false,1,"GM0168"
"20240082520",2024,"Letsel",2,"Personenauto","Fiets","Flank","Rechte weg",30,"Niet brandend","Daglicht","Droog",\N,"600181701","Pastoor van Winkelstraat","Schaijk","Maashorst","Noord-Brabant",false,51.7463,5.633423,"injury","2","clear",false,1,"GM1991"
"20240087055",2024,"Uitsluitend materiele schade",2,"Personenauto","Fiets","Flank","Kruispunt, 4 takken",30,"Niet brandend","Daglicht","Regen",\N,\N,"Atlantischestraat","Emmeloord","Noordoostpolder","Flevoland",false,52.712334,5.732912,"material damage only","4","rain",false,1,"GM0171"
"20240096991",2024,"Letsel",2,"Onbekend voertuig i.g.v. doorrijder","e-bike","Onbekend","Kruispunt, 3 takken",50,"Niet brandend","Daglicht","Droog","Spoorwegovergang",\N,"Parallelweg SS","Hengelo","Hengelo (O)","Overijssel",false,52.255724,6.809245,"injury","2","clear",false,1,\N
"20240071036",2024,"Letsel",2,"Fiets","Overig vast object","Onbekend","Rechte weg",30,"Niet brandend","Daglicht","Droog","Brug/viaduct","600283661","Woudweg","Schiedam","Schiedam","Zuid-Holland",false,51.947389,4.355303,"injury","2","clear",false,1,"GM0606"
"20240082553",2024,"Uitsluitend materiele schade",2,"Fiets","Personenauto","Flank","Kruispunt, 3 takken",30,"Niet brandend","Daglicht","Droog",\N,\N,"van Riebeeckstraat","Helmond","Helmond","Noord-Brabant",false,51.474764,5.688526,"material damage only","4","clear",false,1,"GM0794"
"20240085786",2024,"Letsel",1,"Fiets",\N,"Onbekend","Bocht",15,"Niet brandend","Daglicht","Droog",\N,"600825450","Vijverlaan","Otterlo","Ede","Gelderland",false,52.094006,5.775429,"injury","2","clear",false,1,"GM0228"
"20240046934",2024,"Letsel",2,"Fiets","Fiets","Flank","Kruispunt, 3 takken",30,"Niet brandend","Daglicht","Droog",\N,\N,"Voermanstraat","Groningen","Groningen","Groningen",false,53.227889,6.538853,"injury","2","clear",false,1,"GM0014"
"20240049962",2024,"Uitsluitend materiele schade",2,"Fiets","Bromfiets","Flank","Rechte weg",30,"Niet brandend","Daglicht","Droog",\N,"210320086","Van Boetzelaerstraat","Alphen aan den Rijn","Alphen aan den Rijn","Zuid-Holland",false,52.128809,4.664043,"material damage only","4","clear",false,1,"GM0484"
"20240079402",2024,"Uitsluitend materiele schade",2,"Personenauto","Fiets","Flank","Kruispunt, 4 takken",30,"Niet brandend","Daglicht","Regen",\N,\N,"Insulindeweg","Amsterdam","Amsterdam","Noord-Holland",false,52.361189,4.936457,"material damage only","4","rain",false,1,"GM0363"
"20240080806",2024,"Uitsluitend materiele schade",2,"Personenauto","Fiets","Flank","Kruispunt, 4 takken",50,"Niet brandend","Daglicht","Regen",\N,"600718707","Westlandseweg","Vlaardingen","Vlaardingen","Zuid-Holland",false,51.915789,4.336053,"material damage only","4","rain",false,1,"GM0622"
"20240083892",2024,"Uitsluitend materiele schade",2,"Fiets","Personenauto","Flank","Kruispunt, 4 takken",50,"Niet brandend","Daglicht","Droog",\N,\N,"Akerstraat-Noord","Hoensbroek","Brunssum","Limburg",false,50.928579,5.938644,"material damage only","4","clear",false,1,"GM0899"
"20240088430",2024,"Uitsluitend materiele schade",2,"Fiets","Bestelauto","Flank","Rotonde",30,"Niet brandend","Daglicht","Droog",\N,\N,"Okeghemstraat","Amsterdam","Amsterdam","Noord-Holland",false,52.351386,4.863018,"material damage only","4","clear",false,1,"GM0363"
"20240089113",2024,"Letsel",2,"Fiets","Personenauto","Flank","Rechte weg",50,"Niet brandend","Daglicht","Droog",\N,"170310051","Sint Martinuslaan","Voorburg","Leidschendam-Voorburg","Zuid-Holland",false,52.080855,4.367806,"injury","2","clear",false,1,"GM1916"
"20240100017",2024,"Letsel",2,"Personenauto","Fiets","Onbekend","Kruispunt, 4 takken",50,"Niet brandend","Daglicht","Droog",\N,\N,"Rodenrijseweg","Berkel en Rodenrijs","Lansingerland","Zuid-Holland",false,51.977378,4.46062,"injury","2","clear",false,1,"GM1621"
"20240100176",2024,"Uitsluitend materiele schade",2,"e-bike",\N,"Frontaal","Kruispunt, 4 takken",30,"Niet brandend","Daglicht","Droog",\N,\N,"Veenweg","'s-Gravenhage","'s-Gravenhage","Zuid-Holland",false,52.055573,4.396264,"material damage only","4","clear",false,1,"GM0518"
"20240101018",2024,"Uitsluitend materiele schade",2,"Personenauto","Fiets","Flank","Kruispunt, 4 takken",50,"Niet brandend","Daglicht","Droog",\N,\N,"De Heemstraat","'s-Gravenhage","'s-Gravenhage","Zuid-Holland",false,52.066904,4.29762,"material damage only","4","clear",false,1,"GM0518"
"20240072762",2024,"Uitsluitend materiele schade",2,"Fiets","Voetganger","Frontaal","Kruispunt, 3 takken",60,"Niet brandend","Daglicht","Droog",\N,\N,"Dommelsvoort","Beers NB","Land van Cuijk","Noord-Brabant",false,51.734306,5.834393,"material damage only","4","clear",false,1,"GM1982"
"20240072768",2024,"Letsel",1,"Fiets",\N,"Onbekend",\N,15,\N,"Daglicht",\N,\N,"600160602","Klauwenweg","Elsloo","Stein","Limburg",false,50.968476,5.737026,"injury","2","unknown",false,1,\N
"20240081955",2024,"Letsel",3,"Fiets","Fiets","Onbekend","Kruispunt, 3 takken",60,"Niet brandend","Daglicht","Droog",\N,\N,"Burgemeester Crezéelaan","De Lier","Westland","Zuid-Holland",false,51.972338,4.251752,"injury","2","clear",false,1,"GM1783"
"20240090435",2024,"Letsel",2,"Brommobiel","Fiets","Kop/staart","Rechte weg",30,"Brandend","Duisternis","Droog","Brug/viaduct","187274037","WILLEMSBRUG","Rotterdam","Rotterdam","Zuid-Holland",false,51.917002,4.495951,"injury","2","clear",false,1,"GM0599"
"20240094995",2024,"Letsel",2,"Bromfiets","Fiets","Frontaal","Bocht",50,"Niet brandend","Daglicht","Droog",\N,\N,"Asserwijk","Assen","Assen","Drenthe",false,52.998703,6.531403,"injury","2","clear",false,1,"GM0106"