"accident_id","year","severity_raw","party_count","party1_type","party2_type","accident_type","road_situation","speed_limit_kmh","road_lighting","light_condition_label","weather_raw","infra_type","road_segment_id","street_name","place_name","gemeente_name_raw","province","alcohol_indicated","latitude","longitude","severity_label","severity_code","weather_label","built_up_area","cyclists_involved","gemeente_code"
"20240100584",2024,"Uitsluitend materiele schade",3,"Personenauto","Fiets","Flank","Rechte weg",50,"Brandend","Duisternis","Droog",\N,"600731029","Klokpoort","Leiden","Leiden","Zuid-Holland",true,52.162338,4.497925,"material damage only","4","clear",false,1,"GM0546"
"20240083981",2024,"Uitsluitend materiele schade",2,"Fiets","Personenauto","Flank","Rechte weg",50,"Niet brandend","Daglicht","Droog",\N,"600838153","Eperweg","Mechelen","Gulpen-Wittem","Limburg",false,50.791627,5.917985,"material damage only","4","clear",false,1,"GM1729"
"20240089175",2024,"Letsel",2,"Snorfiets","Fiets","Flank","Rechte weg",30,"Niet brandend","Daglicht","Droog",\N,"600573842","Meppelweg","'s-Gravenhage","'s-Gravenhage","Zuid-Holland",false,52.047117,4.257366,"injury","2","clear",false,1,"GM0518"
"20240089188",2024,"Uitsluitend materiele schade",2,"Personenauto","Fiets","Flank","Rechte weg",15,"Niet brandend","Daglicht","Droog",\N,"140293062","Sweelincklaan","'s-Gravenzande","Westland","Zuid-Holland",false,52.001969,4.153769,"material damage only","4","clear",false,1,"GM1783"
"20240102227",2024,"Uitsluitend materiele schade",2,"Personenauto","Fiets","Onbekend","Rotonde",50,"Niet brandend","Daglicht","Droog",\N,\N,"Kantstraat","Landgraaf","Landgraaf","Limburg",false,50.913294,6.039913,"material damage only","4","clear",false,1,"GM0882"
"20240102391",2024,"Uitsluitend materiele schade",2,"Bestelauto","Fiets","Flank","Rotonde",50,"Niet brandend","Schemer","Droog",\N,\N,"Dorpsstraat","Oeffelt","Land van Cuijk","Noord-Brabant",false,51.695957,5.933978,"material damage only","4","clear",false,1,"GM1982"
"20240103004",2024,"Uitsluitend materiele schade",2,"Personenauto","Fiets","Onbekend","Rechte weg",30,"Niet brandend","Daglicht","Droog",\N,\N,"Sint Servatiusstraat","Heeswijk-Dinther","Bernheze","Noord-Brabant",false,51.649065,5.474877,"material damage only","4","clear",false,1,"GM1721"
"20240046430",2024,"Uitsluitend materiele schade",2,\N,"Fiets","Flank","Rechte weg",30,"Niet brandend","Daglicht","Droog",\N,"600841669","2e Wormenseweg","Apeldoorn","Apeldoorn","Gelderland",false,52.20735,5.970275,"material damage only","4","clear",false,1,"GM0200"
"20240049424",2024,"Uitsluitend materiele schade",2,"Scootmobiel","e-bike","Kop/staart","Kruispunt, 4 takken",30,"Niet brandend","Daglicht","Droog",\N,\N,"Storminkstraat","Deventer","Deventer","Overijssel",false,52.251594,6.191478,"material damage only","4","clear",false,1,"GM0150"
"20240084021",2024,"Uitsluitend materiele schade",2,"Motor","Fiets","Flank","Kruispunt, 3 takken",30,"Niet brandend","Daglicht","Droog",\N,\N,"Kard van Rossumplein","Maastricht","Maastricht","Limburg",false,50.841107,5.709262,"material damage only","4","clear",false,1,"GM0935"
"20240084042",2024,"Uitsluitend materiele schade",2,"Personenauto","Fiets","Flank","Kruispunt, 3 takken",30,"Niet brandend","Daglicht","Droog",\N,\N,"Alberdingk Thijmlaan","Eindhoven","Eindhoven","Noord-Brabant",false,51.424141,5.479189,"material damage only","4","clear",false,1,"GM0772"
"20240088544",2024,"Letsel",2,"Personenauto","Fiets","Onbekend","Rechte weg",30,"Niet brandend","Daglicht","Droog",\N,"600744127","Prins Bernhardlaan","Alphen aan den Rijn","Alphen aan den Rijn","Zuid-Holland",false,52.126036,4.658697,"injury","2","clear",false,1,"GM0484"
"20240048202",2024,"Letsel",2,"Personenauto","Fiets","Flank","Kruispunt, 4 takken",30,"Niet brandend","Daglicht","Droog",\N,\N,"Monarchvlinderlaan","Utrecht","Utrecht","Utrecht",false,52.08979,5.051435,"injury","2","clear",false,1,"GM0344"
"20240048207",2024,"Uitsluitend materiele schade",2,"Personenauto","e-bike","Frontaal","Rechte weg",30,"Niet brandend","Daglicht","Droog",\N,"277357081","Kolonel Verveerstraat","Naarden","Gooise Meren","Noord-Holland",false,52.299614,5.14825,"material damage only","4","clear",false,1,"GM1942"
"20240074388",2024,"Letsel",2,"Fiets","Fiets","Flank","Kruispunt, 4 takken",60,"Niet brandend","Daglicht","Droog",\N,"600759261","Hoevestraat","Oosterhout","Oosterhout","Noord-Brabant",false,51.60723,4.860842,"injury","2","clear",false,1,"GM0826"
"20240083403",2024,"Letsel",2,"Snorfiets","Fiets","Flank","Rechte weg",50,"Niet brandend","Daglicht","Droog",\N,"371060058","Rijksweg Zuid","Geleen","Sittard-Geleen","Limburg",false,50.963806,5.82342,"injury","2","clear",false,1,"GM1883"
"20240096649",2024,"Letsel",2,"Fiets","Fiets","Kop/staart","Rechte weg",50,"Niet brandend","Daglicht","Droog",\N,"268298133","Noordstedeweg","Nieuwegein","Nieuwegein","Utrecht",false,52.029112,5.085796,"injury","2","clear",false,1,"GM0356"
"20240087341",2024,"Letsel",2,"Personenauto","e-bike","Flank","Rotonde",30,"Niet brandend","Daglicht","Droog",\N,\N,"Oude Arnhemseweg","Zeist","Zeist","Utrecht",false,52.099203,5.221146,"injury","2","clear",false,1,"GM0355"
"20240089291",2024,"Letsel",2,"Fiets","Fiets","Onbekend","Rechte weg",30,"Niet brandend","Daglicht","Droog",\N,"241368045","Diepenbrockstraat","Amsterdam","Amsterdam","Noord-Holland",false,52.346089,4.881472,"injury","2","clear",false,1,"GM0363"
"20240089940",2024,"Uitsluitend materiele schade",2,"Personenauto","Fiets","Frontaal","Rechte weg",30,"Niet brandend","Daglicht","Droog",\N,\N,"S Mesdag-v Houtenstr","Spijkenisse","Nissewaard","Zuid-Holland",false,51.835628,4.365163,"material damage only","4","clear",false,1,"GM1930"
"20240045922",2024,"Uitsluitend materiele schade",1,"Fiets",\N,"Los voorwerp","Rechte weg",30,"Niet brandend","Daglicht","Droog",\N,"470560009","Helperpark","Groningen","Groningen","Groningen",false,53.202652,6.590994,"material damage only","4","clear",false,1,"GM0014"
"20240077816",2024,"Letsel",3,"Fiets","Voetganger","Flank","Rechte weg",\N,"Niet brandend","Daglicht","Droog",\N,"600526472","FIETSPAD","Huizen","Huizen","Noord-Holland",false,52.290115,5.257224,"injury","2","clear",false,1,"GM0406"
"20230055294",2023,"Letsel",2,"Bestelauto","Fiets","Eenzijdig","Rechte weg",50,"Niet brandend","Daglicht","Droog",\N,"460559141","Peizerweg","Groningen","Groningen","Groningen",false,53.198546,6.515851,"injury","2","clear",false,1,"GM0014"
"20230057164",2023,"Uitsluitend materiele schade",2,"Personenauto","Fiets","Flank","Bocht",30,"Niet brandend","Daglicht","Droog",\N,"514339033","Burg Van Veenlaan","Enschede","Enschede","Overijssel",false,52.205732,6.880272,"material damage only","4","clear",false,1,"GM0153"
"20230061425",2023,"Letsel",2,"Fiets","e-bike","Onbekend","Kruispunt, 4 takken",30,"Niet brandend","Daglicht","Droog",\N,\N,"Boerhaavelaan","Zoetermeer","Zoetermeer","Zuid-Holland",false,52.05498,4.481083,"injury","2","clear",false,1,"GM0637"
"20230065543",2023,"Uitsluitend materiele schade",2,"Personenauto","Fiets","Flank","Kruispunt, 3 takken",30,"Niet brandend","Daglicht","Droog",\N,\N,"Manegeweg","Vaassen","Epe","Gelderland",false,52.28321,5.968319,"material damage only","4","clear",false,1,"GM0232"
"20230040756",2023,"Letsel",2,"Personenauto","Fiets","Onbekend","Rechte weg",30,"Niet brandend","Daglicht","Droog",\N,"165311035","Bezuidenhoutseweg","'s-Gravenhage","'s-Gravenhage","Zuid-Holland",false,52.085963,4.331388,"injury","2","clear",false,1,"GM0518"
"20230045437",2023,"Uitsluitend materiele schade",2,"Personenauto","Fiets","Flank","Kruispunt, 3 takken",50,"Niet brandend","Daglicht","Droog",\N,\N,"Oude Klapstraat","Wijchen","Wijchen","Gelderland",false,51.80842,5.720537,"material damage only","4","clear",false,1,"GM0296"
"20230050697",2023,"Letsel",1,"Fiets",\N,"Eenzijdig","Rechte weg",50,"Brandend","Schemer","Droog",\N,"210320099","Hooftstraat","Alphen aan den Rijn","Alphen aan den Rijn","Zuid-Holland",false,52.130472,4.663684,"injury","2","clear",false,1,"GM0484"
"20230053017",2023,"Letsel",2,"Personenauto","Fiets","Flank","Kruispunt, 3 takken",50,"Niet brandend","Daglicht","Droog",\N,\N,"SCHROEBRUG","Middelburg","Middelburg","Zeeland",false,51.493862,3.613703,"injury","2","clear",false,1,\N
"20230057629",2023,"Uitsluitend materiele schade",2,"Personenauto","Fiets","Flank","Kruispunt, 4 takken",70,"Niet brandend","Daglicht","Droog",\N,\N,"Rondweg-Noord","Amersfoort","Amersfoort","Utrecht",false,52.195057,5.387162,"material damage only","4","clear",false,1,"GM0307"
"20230057870",2023,"Letsel",2,"Personenauto","Fiets","Flank","Kruispunt, 4 takken",30,"Niet brandend","Daglicht","Droog",\N,"601059173","Van Randwijcklaan","Amersfoort","Amersfoort","Utrecht",false,52.1612,5.399576,"injury","2","clear",false,1,"GM0307"
"20230059924",2023,"Letsel",2,"Personenauto","Fiets","Frontaal","Kruispunt, 3 takken",30,"Niet brandend","Daglicht","Droog",\N,"241425008","Westeinde","Schermerhorn","Alkmaar","Noord-Holland",false,52.601464,4.88241,"injury","2","clear",false,1,"GM0361"
"20230062100",2023,"Uitsluitend materiele schade",2,"Bromfiets","Fiets","Onbekend","Rechte weg",30,"Niet aanwezig","Daglicht","Droog",\N,"600809190","Bosscheweg","Erp","Meierijstad","Noord-Brabant",false,51.588658,5.569886,"material damage only","4","clear",false,1,"GM1948"
"20230062537",2023,"Uitsluitend materiele schade",2,"Snorfiets","Fiets","Flank","Kruispunt, 4 takken",50,"Niet brandend","Daglicht","Droog",\N,\N,"Daniël Stalpaertstraat","Eindhoven","Eindhoven","Noord-Brabant",false,51.462407,5.455373,"material damage only","4","clear",false,1,"GM0772"
"20230062737",2023,"Uitsluitend materiele schade",1,"Fiets",\N,"Flank","Rechte weg",30,"Niet brandend","Daglicht","Droog",\N,"340137014","Stationsstraat","Maarheeze","Cranendonck","Noord-Brabant",false,51.30981,5.609262,"material damage only","4","clear",false,1,"GM1706"
"20230064234",2023,"Letsel",2,"Fiets","Overig vast object","Vast voorwerp","Rechte weg",30,"Niet brandend","Daglicht","Droog",\N,"492351005","Greekerinckskamp","Delden","Hof van Twente","Overijssel",false,52.261477,6.722418,"injury","2","clear",false,1,"GM1735"
"20230041363",2023,"Letsel",2,"Bromfiets","Fiets","Flank","Rechte weg",60,"Niet brandend","Daglicht","Droog",\N,\N,"Burg van Nispenstraat","Beek en Donk","Laarbeek","Noord-Brabant",false,51.529271,5.642001,"injury","2","clear",false,1,"GM1659"
"20230043094",2023,"Letsel",2,"Personenauto","Fiets","Onbekend","Kruispunt, 4 takken",50,"Niet brandend","Daglicht","Droog",\N,\N,"Slinge","Rotterdam","Rotterdam","Zuid-Holland",false,51.873466,4.482888,"injury","2","clear",false,1,"GM0599"
"20230044881",2023,"Letsel",2,"Personenauto","e-bike","Flank","Kruispunt, 3 takken",80,"Niet brandend","Schemer","Droog",\N,\N,"Rijksstraatweg","Noardburgum","Tytsjerksteradiel","Friesland",false,53.224314,6.041959,"injury","2","clear",false,1,"GM0737"
"20230046068",2023,"Letsel",2,"Fiets","Personenauto","Flank","Kruispunt, 3 takken",50,"Niet brandend","Daglicht","Droog",\N,\N,"Friesestraatweg","Groningen","Groningen","Groningen",false,53.214777,6.549808,"injury","2","clear",false,1,"GM0014"
"20230046656",2023,"Uitsluitend materiele schade",2,"Personenauto","Fiets","Geparkeerd voertuig","Rechte weg",30,"Niet brandend","Daglicht","Droog",\N,"600380109","Wijk aan Zeeërweg","IJmuiden","Velsen","Noord-Holland",false,52.461918,4.611499,"material damage only","4","clear",false,1,"GM0453"
"20230063007",2023,"Letsel",2,"Personenauto","Fiets","Frontaal","Bocht",30,"Niet aanwezig","Daglicht","Droog",\N,"359027010","Eckelraderweg","Gronsveld","Eijsden-Margraten","Limburg",false,50.810244,5.741978,"injury","2","clear",false,1,"GM1903"
"20230064664",2023,"Uitsluitend materiele schade",2,"Fiets","Personenauto","Kop/staart","Rechte weg",30,"Niet brandend","Daglicht","Droog",\N,\N,"Oranjeweg","Hollum","Ameland","Friesland",false,53.441495,5.637466,"material damage only","4","clear",false,1,"GM0060"
"20230043133",2023,"Letsel",2,"Bus","Fiets","Flank","Kruispunt, 4 takken",100,"Niet brandend","Daglicht","Droog",\N,\N,"RIJKSWEG","Den Bommel","Goeree-Overflakkee","Zuid-Holland",false,51.699691,4.292446,"injury","2","clear",false,1,"GM1924"
"20230043761",2023,"Uitsluitend materiele schade",2,"Personenauto","Fiets","Onbekend","Rotonde",50,"Niet brandend","Daglicht","Droog",\N,\N,"Overloonseweg","Venray","Venray","Limburg",false,51.53457,5.966387,"material damage only","4","clear",false,1,"GM0984"
"20230046672",2023,"Uitsluitend materiele schade",1,"Fiets",\N,"Eenzijdig","Rechte weg",80,"Niet brandend","Duisternis","Droog",\N,"281342027","Naarderstraat","Hilversum","Hilversum","Noord-Holland",false,52.229979,5.176067,"material damage only","4","clear",false,1,"GM0402"
"20230047250",2023,"Letsel",1,"Fiets",\N,"Eenzijdig","Bocht",60,"Niet aanwezig","Daglicht","Droog",\N,"349442046","Havik","Tollebeek","Noordoostpolder","Flevoland",false,52.676544,5.675647,"injury","2","clear",false,1,"GM0171"
"20230056012",2023,"Letsel",2,"Personenauto","Fiets","Flank","Rechte weg",50,"Niet brandend","Daglicht","Droog",\N,"600227373","Trijntje Kemp-Haanstraat","Beverwijk","Beverwijk","Noord-Holland",false,52.48612,4.65689,"injury","2","clear",false,1,"GM0375"
"20230058470",2023,"Uitsluitend materiele schade",2,"Personenauto","Fiets","Flank","Rotonde",50,"Niet brandend","Daglicht","Droog",\N,\N,"Zuiderweg","Schagen","Schagen","Noord-Holland",false,52.783065,4.808875,"material damage only","4","clear",false,1,"GM0441"
"20230059536",2023,"Uitsluitend materiele schade",2,"e-bike","Fiets","Flank","Kruispunt, 3 takken",50,"Niet brandend","Daglicht","Droog",\N,\N,"Olympiaplein","Amsterdam","Amsterdam","Noord-Holland",false,52.346513,4.867068,"material damage only","4","clear",false,1,"GM0363"
"20230060495",2023,"Uitsluitend materiele schade",2,"Bromfiets","Fiets","Flank","Kruispunt, 4 takken",50,"Brandend","Duisternis","Droog",\N,\N,"Claudius Prinsenlaan","Breda","Breda","Noord-Brabant",false,51.586072,4.796211,"material damage only","4","clear",false,1,"GM0758"
"20230037996",2023,"Letsel",2,"Personenauto","e-bike","Onbekend","Rotonde",50,"Niet brandend","Daglicht","Droog",\N,\N,"Julianalaan","Overveen","Bloemendaal","Noord-Holland",false,52.390103,4.620931,"injury","2","clear",false,1,"GM0377"
"20230049080",2023,"Letsel",1,"Fiets",\N,"Eenzijdig","Rechte weg",30,"Niet brandend","Daglicht","Droog",\N,"191327038","Van der Marckstraat","Leiderdorp","Leiderdorp","Zuid-Holland",false,52.160125,4.522939,"injury","2","clear",false,1,"GM0547"
"20230050784",2023,"Letsel",2,"Motor","Fiets","Kop/staart","Rechte weg",30,"Niet brandend","Daglicht","Droog",\N,\N,"Meer en Vaart","Amsterdam","Amsterdam","Noord-Holland",false,52.360631,4.807168,"injury","2","clear",false,1,"GM0363"
"20240132633",2024,"Letsel",2,"Personenauto","Fiets","Flank","Kruispunt, 3 takken",50,"Niet brandend","Daglicht","Droog",\N,\N,"Koningin Julianaweg","'s-Gravenzande","Westland","Zuid-Holland",false,51.996133,4.172392,"injury","2","clear",false,1,"GM1783"
"20230040337",2023,"Uitsluitend materiele schade",2,"Personenauto","e-bike","Flank","Kruispunt, 3 takken",50,"Niet brandend","Daglicht","Droog",\N,\N,"Columbusstraat","'s-Gravenhage","'s-Gravenhage","Zuid-Holland",false,52.076994,4.275989,"material damage only","4","clear",false,1,"GM0518"
"20230047925",2023,"Letsel",2,"Bromfiets","Fiets","Frontaal","Kruispunt, 4 takken",50,"Niet brandend","Daglicht","Droog",\N,\N,"Schipholweg","Haarlem","Haarlem","Noord-Holland",false,52.370014,4.644637,"injury","2","clear",false,1,"GM0392"
"20230052594",2023,"Letsel",2,"Personenauto","Fiets","Flank","Kruispunt, 3 takken",50,"Niet brandend","Daglicht","Droog",\N,\N,"Dorpsstraat","Hellevoetsluis","Voorne aan Zee","Zuid-Holland",false,51.855214,4.142697,"injury","2","clear",false,1,"GM1992"
"20230058557",2023,"Letsel",1,"Fiets",\N,"Eenzijdig","Rechte weg",30,"Niet brandend","Daglicht","Droog",\N,\N,"Schuttersveld","Leiden","Leiden","Zuid-Holland",false,52.165478,4.486254,"injury","2","clear",false,1,"GM0546"
"20240133314",2024,"Letsel",2,"Personenauto","Fiets","Frontaal","Rotonde",50,"Niet brandend","Daglicht","Droog",\N,\N,"Valkenboslaan","'s-Gravenhage","'s-Gravenhage","Zuid-Holland",false,52.07234,4.275406,"injury","2","clear",false,1,"GM0518"
"20230045020",2023,"Letsel",2,"Bestelauto","Fiets","Flank","Rotonde",50,"Niet brandend","Daglicht","Droog","Bus-/Tramhalte",\N,"ZUIDLAREN","Zuidlaren","Tynaarlo","Drenthe",false,53.085922,6.654534,"injury","2","clear",false,1,"GM1730"
"20230050853",2023,"Letsel",2,"Personenauto","Fiets","Geparkeerd voertuig","Rechte weg",50,"Niet brandend","Daglicht","Droog","Parkeervoorziening","600910375","Nieuwendammerdijk","Amsterdam","Amsterdam","Noord-Holland",false,52.391445,4.92906,"injury","2","clear",false,1,"GM0363"
"20230051437",2023,"Letsel",2,"Personenauto","Fiets","Flank","Rechte weg",30,"Niet brandend","Daglicht","Droog",\N,\N,"Afrikalaan","Son en Breugel","Son en Breugel","Noord-Brabant",false,51.521838,5.486147,"injury","2","clear",false,1,"GM0848"
"20230037497",2023,"Uitsluitend materiele schade",2,"Personenauto","e-bike","Flank","Rotonde",50,"Niet brandend","Daglicht","Droog",\N,\N,"Heijermansstraat","Zaandam","Zaanstad","Noord-Holland",false,52.457717,4.818021,"material damage only","4","clear",false,1,"GM0479"
"20230044488",2023,"Uitsluitend materiele schade",2,"Personenauto","Fiets","Flank","Kruispunt, 4 takken",50,"Brandend","Duisternis","Droog",\N,\N,"Sluisoordlaan","Apeldoorn","Apeldoorn","Gelderland",false,52.227983,5.985836,"material damage only","4","clear",false,1,"GM0200"
"20230050321",2023,"Letsel",2,"Fiets","Overig vast object","Vast voorwerp","Rechte weg",30,"Niet brandend","Daglicht","Droog","Brug/viaduct","186315002","Dr. Kortmannstraat","Zoeterwoude","Zoeterwoude","Zuid-Holland",false,52.107618,4.490821,"injury","2","clear",false,1,"GM0638"
"20240129393",2024,"Letsel",2,"Fiets","Bromfiets","Flank","Kruispunt, 4 takken",30,"Brandend","Duisternis","Droog",\N,\N,"Dragonderweg","Veenendaal","Veenendaal","Utrecht",false,52.013981,5.586754,"injury","2","clear",false,1,"GM0345"
"20230045694",2023,"Letsel",2,"Fiets","Voetganger","Voetganger","Rechte weg",50,"Niet brandend","Daglicht","Droog",\N,"600828559","Seelbeeckweg","Doorwerth","Renkum","Gelderland",false,51.977569,5.806641,"injury","2","clear",false,1,"GM0274"
"20230048676",2023,"Letsel",2,"Personenauto","Fiets","Onbekend","Kruispunt, 4 takken",50,"Niet brandend","Daglicht","Droog",\N,\N,"Koningin Marialaan","'s-Gravenhage","'s-Gravenhage","Zuid-Holland",false,52.084682,4.333643,"injury","2","clear",false,1,"GM0518"
"20230053849",2023,"Letsel",2,"Personenauto","Fiets","Flank","Rechte weg",80,"Niet brandend","Daglicht","Droog",\N,"600598353","Kathagen","Nuth","Beekdaelen","Limburg",false,50.927924,5.893583,"injury","2","clear",false,1,"GM1954"
"20230058650",2023,"Uitsluitend materiele schade",2,"Personenauto","Fiets","Flank","Kruispunt, 4 takken",50,"Niet brandend","Daglicht","Droog",\N,\N,"Escamplaan","'s-Gravenhage","'s-Gravenhage","Zuid-Holland",false,52.062558,4.271103,"material damage only","4","clear",false,1,"GM0518"
"20230060664",2023,"Letsel",2,"Personenauto","Fiets","Flank","Kruispunt, 4 takken",30,"Niet aanwezig","Daglicht","Droog",\N,\N,"Burgemeester Panislaan","Berkel-Enschot","Tilburg","Noord-Brabant",false,51.578408,5.138618,"injury","2","clear",false,1,"GM0855"
"20230061167",2023,"Letsel",2,"Snorfiets","Fiets","Flank","Kruispunt, 3 takken",50,"Niet brandend","Daglicht","Droog",\N,\N,"Kruiswater","Zoetermeer","Zoetermeer","Zuid-Holland",true,52.055079,4.473818,"injury","2","clear",false,1,"GM0637"
"20240129848",2024,"Uitsluitend materiele schade",1,"Fiets",\N,"Onbekend","Rechte weg",60,"Niet brandend","Daglicht","Droog",\N,"260274002","Middelkoop","Leerbroek","Vijfheerenlanden","Utrecht",false,51.924327,5.046902,"material damage only","4","clear",false,1,"GM1961"
"20240133571",2024,"Letsel",2,"Fiets","Personenauto","Flank","Kruispunt, 4 takken",50,"Niet brandend","Daglicht","Droog",\N,\N,"Zuideinde","Amsterdam","Amsterdam","Noord-Holland",false,52.420673,4.892386,"injury","2","clear",false,1,"GM0363"
"20240127277",2024,"Uitsluitend materiele schade",2,"Personenauto","Fiets","Onbekend","Kruispunt, 3 takken",50,"Niet brandend","Daglicht","Droog",\N,\N,"de Vosholen","Sappemeer","Midden-Groningen","Groningen",false,53.153606,6.770698,"material damage only","4","clear",false,1,"GM1952"
"20240127512",2024,"Uitsluitend materiele schade",2,"Personenauto","Fiets","Flank","Kruispunt, 3 takken",60,"Brandend","Duisternis","Droog",\N,\N,"Kruisdijk","Aalten","Aalten","Gelderland",false,51.888008,6.542636,"material damage only","4","clear",false,1,"GM0197"
"20230045725",2023,"Uitsluitend materiele schade",2,"Personenauto","Fiets","Flank","Rotonde",50,"Niet brandend","Daglicht","Droog",\N,\N,"Meppelerweg","Steenwijk","Steenwijkerland","Overijssel",true,52.785829,6.130675,"material damage only","4","clear",false,1,"GM1708"
"20230059013",2023,"Uitsluitend materiele schade",2,"Motor","Fiets","Flank","Kruispunt, 4 takken",\N,"Niet brandend","Daglicht","Droog",\N,\N,"Spui","'s-Gravenhage","'s-Gravenhage","Zuid-Holland",false,52.07607,4.317721,"material damage only","4","clear",false,1,"GM0518"
"20230066009",2023,"Letsel",2,"Fiets","Fiets","Onbekend","Kruispunt, 3 takken",50,"Niet brandend","Daglicht","Droog",\N,\N,"Molengat","Urk","Urk","Flevoland",false,52.655175,5.616764,"injury","2","clear",false,1,"GM0184"
"20230046924",2023,"Letsel",2,"Bromfiets","Fiets","Onbekend","Kruispunt, 4 takken",50,"Niet brandend","Daglicht","Droog",\N,\N,"J.J. Slauerhoffstraat","Almere","Almere","Flevoland",false,52.356684,5.181176,"injury","2","clear",false,1,"GM0034"
"20230064967",2023,"Uitsluitend materiele schade",2,"Personenauto","Fiets","Flank","Rotonde",50,"Niet brandend","Daglicht","Droog",\N,\N,"Rauwenhoflaan","Tiel","Tiel","Gelderland",false,51.888928,5.409772,"material damage only","4","clear",false,1,"GM0281"
"20240127342",2024,"Letsel",2,"Personenauto","Fiets","Flank","Kruispunt, 4 takken",50,"Niet brandend","Daglicht","Droog",\N,\N,"Broekerheide","Almelo","Almelo","Overijssel",false,52.330606,6.646519,"injury","2","clear",false,1,"GM0141"
"20240127987",2024,"Letsel",2,"Personenauto","Fiets","Onbekend","Kruispunt, 4 takken",50,"Niet brandend","Daglicht","Droog",\N,\N,"J.P. Coenstraat","Arnhem","Arnhem","Gelderland",false,51.979122,5.928921,"injury","2","clear",false,1,"GM0202"
"20230065608",2023,"Uitsluitend materiele schade",2,"Personenauto","Fiets","Flank","Rechte weg",30,"Niet brandend","Daglicht","Droog",\N,"497553005","Slochterstraat","Sappemeer","Midden-Groningen","Groningen",false,53.167803,6.789364,"material damage only","4","clear",false,1,"GM1952"
"20230042854",2023,"Letsel",2,"Personenauto","Fiets","Flank","Rechte weg",70,"Niet brandend","Daglicht","Droog",\N,\N,"Structuurweg","Schijndel","Meierijstad","Noord-Brabant",false,51.62489,5.439164,"injury","2","clear",false,1,"GM1948"
"20230044615",2023,"Uitsluitend materiele schade",2,"Personenauto","Fiets","Flank","Kruispunt, 4 takken",50,"Niet brandend","Daglicht","Droog",\N,\N,"Haaksbergerstraat","Enschede","Enschede","Overijssel",false,52.214424,6.887772,"material damage only","4","clear",false,1,"GM0153"
"20230047573",2023,"Uitsluitend materiele schade",1,"Fiets",\N,"Onbekend","Rotonde",50,"Niet brandend","Daglicht","Droog",\N,\N,"Brinklaan","Bussum","Gooise Meren","Noord-Holland",false,52.277057,5.162915,"material damage only","4","clear",false,1,"GM1942"
"20230053396",2023,"Uitsluitend materiele schade",2,"Personenauto","Fiets","Flank","Rotonde",50,"Niet brandend","Daglicht","Droog",\N,\N,"Dongewijkdreef","Tilburg","Tilburg","Noord-Brabant",false,51.578521,4.993395,"material damage only","4","clear",false,1,"GM0855"
"20230060786",2023,"Uitsluitend materiele schade",1,"Fiets",\N,"Voetganger","Rechte weg",30,"Niet brandend","Daglicht","Droog",\N,"31156049","Boulevard de Wielingen","Cadzand","Sluis","Zeeland",false,51.378246,3.388724,"material damage only","4","clear",false,1,"GM1714"
"20230065477",2023,"Uitsluitend materiele schade",2,"Personenauto","Fiets","Frontaal","Kruispunt, 4 takken",50,"Niet brandend","Daglicht","Droog",\N,\N,"Stadsrondweg-Oost","Sneek","Súdwest-Fryslân","Friesland",false,53.023483,5.678045,"material damage only","4","clear",false,1,"GM1900"
"20240132339",2024,"Uitsluitend materiele schade",2,"Personenauto","Fiets","Frontaal","Rotonde",50,"Niet aanwezig","Daglicht","Droog",\N,\N,"Zuidtangent","Heerhugowaard","Dijk en Waard","Noord-Holland",false,52.665627,4.827039,"material damage only","4","clear",false,1,"GM1980"
"20230045222",2023,"Uitsluitend materiele schade",3,"Personenauto","Fiets","Flank","Kruispunt, 3 takken",60,"Niet brandend","Daglicht","Droog","Tunnel",\N,"Kanaalweg-West","Bergentheim","Hardenberg","Overijssel",false,52.531311,6.624768,"material damage only","4","clear",false,1,"GM0160"
"20230049368",2023,"Uitsluitend materiele schade",2,"Fiets","Voetganger","Voetganger","Rechte weg",15,"Niet brandend","Daglicht","Droog",\N,"600448870","Kanaalstraat","Lisse","Lisse","Zuid-Holland",false,52.260237,4.556106,"material damage only","4","clear",false,1,"GM0553"
"20230050520",2023,"Letsel",2,"Fiets","Fiets","Onbekend","Rechte weg",50,"Brandend","Schemer","Droog",\N,"154312042","Breezandstraat","'s-Gravenhage","'s-Gravenhage","Zuid-Holland",false,52.088315,4.255976,"injury","2","clear",false,1,"GM0518"
"20230055142",2023,"Uitsluitend materiele schade",2,"Bromfiets","Fiets","Flank","Kruispunt, 4 takken",30,"Niet brandend","Daglicht","Droog",\N,\N,"Fetterstraat","Zutphen","Zutphen","Gelderland",false,52.129689,6.222597,"material damage only","4","clear",false,1,"GM0301"
"20230056326",2023,"Uitsluitend materiele schade",2,"Personenauto","Fiets","Flank","Kruispunt, 4 takken",30,"Niet brandend","Daglicht","Droog",\N,\N,"Houtzagerssteeg","Kampen","Kampen","Overijssel",false,52.559509,5.914767,"material damage only","4","clear",false,1,"GM0166"
"20230060802",2023,"Letsel",2,"Personenauto","e-bike","Flank","Kruispunt, 4 takken",100,"Niet brandend","Daglicht","Droog",\N,\N,"Rijksweg A4/A58","Bergen op Zoom","Bergen op Zoom","Noord-Brabant",false,51.479701,4.315804,"injury","2","clear",false,1,"GM0748"