"accident_id","year","severity_raw","party_count","party1_type","party2_type","accident_type","road_situation","speed_limit_kmh","road_lighting","light_condition_label","weather_raw","infra_type","road_segment_id","street_name","place_name","gemeente_name_raw","province","alcohol_indicated","latitude","longitude","severity_label","severity_code","weather_label","built_up_area","cyclists_involved","gemeente_code"
"20230061306",2023,"Uitsluitend materiele schade",2,"Bromfiets","Fiets","Flank","Kruispunt, 3 takken",30,"Niet brandend","Daglicht","Droog",\N,\N,"Kerkweg","Schiedam","Schiedam","Zuid-Holland",false,51.937909,4.37927,"material damage only","4","clear",false,1,"GM0606"
"20230061860",2023,"Letsel",2,"Fiets","Fiets","Flank","Rechte weg",50,"Brandend","Duisternis","Droog",\N,"169290028","Schieweg","Delft","Delft","Zuid-Holland",false,51.993147,4.367222,"injury","2","clear",false,1,"GM0503"
"20230039470",2023,"Letsel",3,"Personenauto","Fiets","Geparkeerd voertuig","Rechte weg",30,"Niet brandend","Daglicht","Droog","Parkeervoorziening","169291002","Schieweg","Delft","Delft","Zuid-Holland",false,51.994908,4.367959,"injury","2","clear",false,1,"GM0503"
"20230039475",2023,"Letsel",2,"Personenauto","Fiets","Flank","Bocht",50,"Niet brandend","Daglicht","Droog",\N,"205261029","Oostmolendijk","Ridderkerk","Ridderkerk","Zuid-Holland",false,51.863595,4.633601,"injury","2","clear",false,1,"GM0597"
"20230045862",2023,"Letsel",2,"Fiets",\N,"Eenzijdig","Kruispunt, 4 takken",50,"Niet brandend","Daglicht","Droog",\N,\N,"Kleine Gelkingestraat","Groningen","Groningen","Groningen",false,53.215598,6.569799,"injury","2","clear",false,1,"GM0014"
"20230047634",2023,"Uitsluitend materiele schade",2,"Personenauto","Fiets","Kop/staart","Rechte weg",30,"Niet brandend","Daglicht","Droog",\N,"231467011","Stationsweg","Schagen","Schagen","Noord-Holland",false,52.788271,4.804411,"material damage only","4","clear",false,1,"GM0441"
"20230049413",2023,"Letsel",2,"Personenauto","Fiets","Flank","Bocht",30,"Niet brandend","Daglicht","Droog",\N,"166290088","Beethovenlaan","Delft","Delft","Zuid-Holland",false,51.989884,4.339549,"injury","2","clear",false,1,"GM0503"
"20230049959",2023,"Letsel",2,"Personenauto","Fiets","Flank","Kruispunt, 3 takken",50,"Niet brandend","Daglicht","Droog",\N,\N,"Raamweg","'s-Gravenhage","'s-Gravenhage","Zuid-Holland",false,52.096482,4.307105,"injury","2","clear",false,1,"GM0518"
"20230049962",2023,"Letsel",2,"Bromfiets","e-bike","Flank","Kruispunt, 3 takken",30,"Niet brandend","Daglicht","Droog",\N,\N,"Chet Bakerstraat","Amsterdam","Amsterdam","Noord-Holland",false,52.344648,4.827431,"injury","2","clear",false,1,"GM0363"
"20240129759",2024,"Uitsluitend materiele schade",2,"Bestelauto","Fiets","Flank","Rotonde",50,"Niet brandend","Daglicht","Droog",\N,\N,"Kolbaanweg","Ermelo","Ermelo","Gelderland",false,52.306283,5.606227,"material damage only","4","clear",false,1,"GM0233"
"20240129770",2024,"Uitsluitend materiele schade",2,"Fiets","Fiets","Flank","Kruispunt, 4 takken",30,"Niet brandend","Schemer","Droog",\N,\N,"Tadamastraat","Zutphen","Zutphen","Gelderland",false,52.137332,6.202068,"material damage only","4","clear",false,1,"GM0301"
"20240129776",2024,"Uitsluitend materiele schade",2,"Bromfiets","Fiets","Voetganger","Kruispunt, 4 takken",30,"Niet brandend","Daglicht","Droog",\N,\N,"Händelstraat","Almere","Almere","Flevoland",false,52.367576,5.201416,"material damage only","4","clear",false,1,"GM0034"
"20240131124",2024,"Letsel",2,"Bestelauto","Fiets","Flank","Kruispunt, 4 takken",50,"Niet brandend","Daglicht","Droog",\N,\N,"Noorder IJ- en Zeedijk","Zaandam","Zaanstad","Noord-Holland",false,52.428347,4.856395,"injury","2","clear",false,1,"GM0479"
"20230038361",2023,"Uitsluitend materiele schade",3,"Fiets","Fiets","Flank","Bocht",\N,"Niet brandend","Daglicht","Droog",\N,"318404106","Gondel 17","Lelystad","Lelystad","Flevoland",false,52.507385,5.453358,"material damage only","4","clear",false,1,"GM0995"
"20230039486",2023,"Letsel",2,"Personenauto","Fiets","Geparkeerd voertuig","Rechte weg",30,"Niet brandend","Daglicht","Droog",\N,"167263060","Oude Wal","Hoogvliet Rotterdam","Rotterdam","Zuid-Holland",false,51.870771,4.353977,"injury","2","clear",false,1,"GM0599"
"20230042359",2023,"Letsel",2,"Bromfiets","Fiets","Flank","Kruispunt, 3 takken",30,"Niet brandend","Daglicht","Droog",\N,\N,"Houtkaai","Middelburg","Middelburg","Zeeland",false,51.497305,3.616023,"injury","2","clear",false,1,\N
"20230042377",2023,"Uitsluitend materiele schade",2,"Personenauto","Fiets","Voetganger","Kruispunt, 4 takken",50,"Niet brandend","Daglicht","Droog",\N,\N,"Zwijnsbergenstraat","Breda","Breda","Noord-Brabant",false,51.573449,4.806483,"material damage only","4","clear",false,1,"GM0758"
"20230056377",2023,"Letsel",4,"Fiets","Fiets","Onbekend","Kruispunt, 4 takken",30,"Niet brandend","Daglicht","Droog",\N,\N,"Tjalk 32","Lelystad","Lelystad","Flevoland",false,52.499639,5.466211,"injury","2","clear",false,1,"GM0995"
"20240131299",2024,"Uitsluitend materiele schade",1,"Fiets",\N,"Voetganger","Kruispunt, 4 takken",30,"Niet brandend","Daglicht","Droog",\N,\N,"Burg Rendorpstraat","Amsterdam","Amsterdam","Noord-Holland",false,52.374852,4.827476,"material damage only","4","clear",false,1,"GM0363"
"20240131422",2024,"Uitsluitend materiele schade",2,"Personenauto","e-bike","Flank","Rotonde",30,"Niet brandend","Daglicht","Droog",\N,\N,"Plesmanlaan","Amsterdam","Amsterdam","Noord-Holland",false,52.350759,4.81086,"material damage only","4","clear",false,1,"GM0363"
"20240131693",2024,"Uitsluitend materiele schade",2,"Fiets","Personenauto","Onbekend","Rechte weg",50,"Brandend","Duisternis","Droog",\N,"600760529","Sluispolderweg","Zaandam","Zaanstad","Noord-Holland",false,52.427694,4.856579,"material damage only","4","clear",false,1,"GM0479"
"20230040687",2023,"Letsel",1,"Fiets",\N,"Eenzijdig","Bocht",30,"Niet aanwezig","Daglicht","Droog",\N,\N,"Churchilllaan","Leiden","Leiden","Zuid-Holland",false,52.154865,4.471918,"injury","2","clear",false,1,"GM0546"
"20230050602",2023,"Uitsluitend materiele schade",1,"Fiets",\N,"Flank","Rechte weg",50,"Niet brandend","Daglicht","Droog",\N,"600714468","Leyweg","'s-Gravenhage","'s-Gravenhage","Zuid-Holland",false,52.060625,4.262376,"material damage only","4","clear",false,1,"GM0518"
"20230052960",2023,"Uitsluitend materiele schade",3,"Trein/tram","Fiets","Onbekend","Rechte weg",50,"Niet brandend","Daglicht","Droog",\N,"186277111","Crooswijksestraat","Rotterdam","Rotterdam","Zuid-Holland",false,51.932827,4.493393,"material damage only","4","clear",false,1,"GM0599"
"20230054682",2023,"Letsel",2,"Vrachtauto","e-bike","Flank","Kruispunt, 3 takken",60,"Niet brandend","Daglicht","Droog",\N,\N,"Mispelhoefstraat","Eindhoven","Eindhoven","Noord-Brabant",false,51.467696,5.406482,"injury","2","clear",false,1,"GM0772"
"20240131563",2024,"Uitsluitend materiele schade",2,"Personenauto","Fiets","Onbekend","Rechte weg",30,"Niet brandend","Daglicht","Droog",\N,"600362905","Van Baerlestraat","Amsterdam","Amsterdam","Noord-Holland",false,52.354014,4.881561,"material damage only","4","clear",false,1,"GM0363"
"20240131735",2024,"Letsel",2,"Fiets","Personenauto","Flank","Kruispunt, 4 takken",50,"Niet brandend","Daglicht","Droog",\N,\N,"Zwarteweg","Aerdenhout","Bloemendaal","Noord-Holland",false,52.362837,4.585772,"injury","2","clear",false,1,"GM0377"
"20240132812",2024,"Letsel",2,"Fiets","Fiets","Onbekend","Rechte weg",30,"Niet brandend","Daglicht","Droog",\N,"600898317","Mgr. Nolenslaan","'s-Gravenhage","'s-Gravenhage","Zuid-Holland",false,52.063786,4.246987,"injury","2","clear",false,1,"GM0518"
"20240132138",2024,"Letsel",2,"Fiets","Fiets","Frontaal","Rechte weg",50,"Niet brandend","Daglicht","Droog",\N,\N,"Keern","Hoorn","Hoorn","Noord-Holland",false,52.649124,5.0463,"injury","2","clear",false,1,"GM0405"
"20240132155",2024,"Letsel",1,"Fiets",\N,"Onbekend","Rechte weg",50,"Brandend","Duisternis","Droog",\N,"263437073","Keern","Hoorn","Hoorn","Noord-Holland",false,52.652397,5.045041,"injury","2","clear",false,1,"GM0405"
"20240132208",2024,"Uitsluitend materiele schade",1,"Fiets",\N,"Onbekend",\N,\N,\N,"Daglicht",\N,\N,"222430060","Blekerskade","Alkmaar","Alkmaar","Noord-Holland",false,52.624665,4.742804,"material damage only","4","unknown",false,1,"GM0361"
"20230037843",2023,"Uitsluitend materiele schade",2,"Bestelauto","Fiets","Flank","Kruispunt, 4 takken",50,"Niet brandend","Daglicht","Droog",\N,\N,"Waddenweg","Hoofddorp","Haarlemmermeer","Noord-Holland",false,52.317191,4.648117,"material damage only","4","clear",false,1,"GM0394"
"20230040157",2023,"Uitsluitend materiele schade",2,"Fiets","Fiets","Kop/staart","Rechte weg",50,"Niet brandend","Daglicht","Droog",\N,"165306092","Rijswijkseweg","'s-Gravenhage","'s-Gravenhage","Zuid-Holland",false,52.063049,4.331724,"material damage only","4","clear",false,1,"GM0518"
"20220229481",2022,"Uitsluitend materiele schade",2,"Personenauto","Fiets","Flank","Rotonde",50,"Niet brandend","Daglicht","Regen",\N,\N,"Kruisstraat","Oss","Oss","Noord-Brabant",false,51.763243,5.518759,"material damage only","4","rain",false,1,"GM0828"
"20220205269",2022,"Letsel",2,"Fiets","Overig vast object","Vast voorwerp","Rechte weg",30,"Niet brandend","Daglicht","Droog",\N,\N,"Zuid-Hollandweg","Leerdam","Vijfheerenlanden","Utrecht",false,51.893996,5.087463,"injury","2","clear",false,1,"GM1961"
"20220211569",2022,"Uitsluitend materiele schade",3,"Personenauto","Fiets","Flank","Kruispunt, 4 takken",50,"Brandend","Duisternis","Regen",\N,\N,"Statenjachtstraat","Amsterdam","Amsterdam","Noord-Holland",false,52.406437,4.915748,"material damage only","4","rain",false,1,"GM0363"
"20220214461",2022,"Letsel",2,"Fiets","Fiets","Flank","Kruispunt, 4 takken",50,"Niet brandend","Daglicht","Droog",\N,\N,"De Sitterlaan","Leiden","Leiden","Zuid-Holland",false,52.147526,4.492716,"injury","2","clear",false,1,"GM0546"
"20220220909",2022,"Uitsluitend materiele schade",2,"Personenauto","Fiets","Onbekend","Rechte weg",30,"Niet brandend","Daglicht","Droog",\N,"187276022","Vredenoordkade","Rotterdam","Rotterdam","Zuid-Holland",false,51.927746,4.498048,"material damage only","4","clear",false,1,"GM0599"
"20220228070",2022,"Letsel",2,"Personenauto","Fiets","Flank","Kruispunt, 3 takken",50,"Niet brandend","Daglicht","Droog",\N,\N,"Van Ruusbroecstraat","Nuenen","Nuenen, Gerwen en Nederwetten","Noord-Brabant",false,51.475913,5.542486,"injury","2","clear",false,1,"GM0820"
"20220228072",2022,"Letsel",2,"Snorfiets","Fiets","Onbekend","Bocht",30,"Niet brandend","Duisternis","Droog",\N,"299149008","Bisschop Rythoviusweg","Eersel","Eersel","Noord-Brabant",false,51.362984,5.314834,"injury","2","clear",false,1,"GM0770"
"20220221873",2022,"Dodelijk",2,"Personenauto","Fiets","Flank","Bocht",50,"Niet brandend","Daglicht","Droog",\N,"199281144","Hobo","Capelle aan den IJssel","Capelle aan den IJssel","Zuid-Holland",false,51.952461,4.581675,"fatal","1","clear",false,1,"GM0502"
"20220212250",2022,"Uitsluitend materiele schade",2,"e-bike","Personenauto","Flank","Kruispunt, 4 takken",30,"Brandend","Daglicht","Regen",\N,\N,"Ouderkerkerlaan","Amstelveen","Amstelveen","Noord-Holland",false,52.29795,4.862881,"material damage only","4","rain",false,1,"GM0362"
"20220215181",2022,"Uitsluitend materiele schade",2,"Personenauto","Fiets","Frontaal","Kruispunt, 4 takken",50,"Niet brandend","Daglicht","Droog",\N,\N,"Van Rijswijckschans","Zoetermeer","Zoetermeer","Zuid-Holland",false,52.071373,4.527958,"material damage only","4","clear",false,1,"GM0637"
"20220220283",2022,"Letsel",1,"Fiets",\N,"Eenzijdig",\N,\N,\N,"Duisternis",\N,\N,"600970454","Burg De Vries Broekmanln","Oud-Beijerland","Hoeksche Waard","Zuid-Holland",false,51.826201,4.419705,"injury","2","unknown",false,1,"GM1963"
"20220198986",2022,"Uitsluitend materiele schade",1,"Fiets",\N,"Onbekend","Rechte weg",50,"Niet brandend","Daglicht","Droog",\N,"600874123","Akeleistraat","Wierden","Wierden","Overijssel",false,52.356832,6.600495,"material damage only","4","clear",false,1,"GM0189"
"20220205356",2022,"Letsel",2,"Fiets","Dier","Dier","Kruispunt, 3 takken",30,"Niet brandend","Daglicht","Droog",\N,\N,"Ravenlaan","Blaricum","Blaricum","Noord-Holland",false,52.289008,5.277096,"injury","2","clear",false,1,"GM0376"
"20220231834",2022,"Dodelijk",2,"Personenauto","Fiets","Onbekend","Rotonde",50,\N,"Daglicht",\N,\N,\N,"Malbergsingel","Maastricht","Maastricht","Limburg",false,50.857823,5.662422,"fatal","1","unknown",false,1,"GM0935"
"20220213705",2022,"Letsel",2,"Personenauto","Fiets","Flank","Kruispunt, 4 takken",50,"Brandend","Duisternis","Droog",\N,\N,"Binckhorstlaan","'s-Gravenhage","'s-Gravenhage","Zuid-Holland",false,52.075453,4.329671,"injury","2","clear",false,1,"GM0518"
"20220205409",2022,"Letsel",2,"Personenauto","Fiets","Flank","Kruispunt, 4 takken",30,"Niet brandend","Daglicht","Regen",\N,\N,"Barneveldsestraat","Renswoude","Renswoude","Utrecht",false,52.075182,5.538037,"injury","2","rain",false,1,"GM0339"
"20220218148",2022,"Letsel",2,"Bestelauto","Fiets","Flank","Rotonde",50,"Niet brandend","Daglicht","Droog",\N,\N,"Ehrenfestweg","Leiden","Leiden","Zuid-Holland",false,52.166826,4.459974,"injury","2","clear",false,1,"GM0546"
"20220226236",2022,"Letsel",3,"Personenauto","Fiets","Onbekend",\N,30,"Niet brandend","Schemer","Droog",\N,"65181017","Roozenburglaan","Middelburg","Middelburg","Zeeland",false,51.491243,3.628759,"injury","2","clear",false,1,\N
"20220228939",2022,"Uitsluitend materiele schade",2,"Personenauto","Fiets","Flank","Kruispunt, 4 takken",50,"Niet brandend","Daglicht","Droog",\N,\N,"Boutenslaan","Eindhoven","Eindhoven","Noord-Brabant",false,51.424033,5.485336,"material damage only","4","clear",false,1,"GM0772"
"20220207523",2022,"Letsel",1,"Fiets",\N,"Eenzijdig","Rechte weg",30,"Brandend","Duisternis","Regen",\N,"600522663","Noorderkade","Alkmaar","Alkmaar","Noord-Holland",false,52.642433,4.745819,"injury","2","rain",false,1,"GM0361"
"20220209954",2022,"Letsel",2,"Personenauto","Fiets","Flank","Kruispunt, 4 takken",50,"Niet brandend","Daglicht","Regen",\N,\N,"Kleverlaan","Haarlem","Haarlem","Noord-Holland",false,52.397507,4.625939,"injury","2","rain",false,1,"GM0392"
"20220216102",2022,"Uitsluitend materiele schade",2,"Personenauto","Fiets","Flank","Kruispunt, 4 takken",50,"Niet brandend","Daglicht","Droog",\N,\N,"Kanaalpark","Leiden","Leiden","Zuid-Holland",false,52.14407,4.496301,"material damage only","4","clear",false,1,"GM0546"
"20220218231",2022,"Uitsluitend materiele schade",2,"Personenauto","e-bike","Onbekend","Kruispunt, 4 takken",50,"Brandend","Duisternis","Droog",\N,\N,"Hambroeklaan","Leiden","Leiden","Zuid-Holland",false,52.161821,4.506145,"material damage only","4","clear",false,1,"GM0546"
"20220220371",2022,"Letsel",2,"Bestelauto","Fiets","Flank","Rotonde",50,"Niet brandend","Daglicht","Droog",\N,\N,"Burg Meineszplein","Rotterdam","Rotterdam","Zuid-Holland",false,51.919852,4.449039,"injury","2","clear",false,1,"GM0599"
"20220230802",2022,"Letsel",3,"Vrachtauto","Fiets","Onbekend","Rechte weg",60,"Niet brandend","Daglicht","Droog",\N,"600217461","Molendijk","Stevensweert","Maasgouw","Limburg",false,51.120779,5.839532,"injury","2","clear",false,1,"GM1641"
"20220202498",2022,"Letsel",1,"Fiets",\N,"Eenzijdig",\N,80,\N,"Daglicht",\N,\N,\N,"Doornseweg","Leusden","Leusden","Utrecht",false,52.105849,5.361739,"injury","2","unknown",false,1,"GM0327"
"20220202501",2022,"Uitsluitend materiele schade",2,"Personenauto","Fiets","Flank","Kruispunt, 3 takken",60,"Niet aanwezig","Daglicht","Droog",\N,\N,"Kanaaldijk Zuid","Schalkwijk","Houten","Utrecht",false,52.002516,5.187562,"material damage only","4","clear",false,1,"GM0321"
"20220211089",2022,"Uitsluitend materiele schade",2,"Bromfiets","Fiets","Flank","Rechte weg",50,"Niet brandend","Daglicht","Droog",\N,"238375016","Willem de Zwijgerlaan","Amsterdam","Amsterdam","Noord-Holland",false,52.376206,4.862672,"material damage only","4","clear",false,1,"GM0363"
"20220215369",2022,"Letsel",2,"e-bike","Fiets","Onbekend","Rechte weg",50,"Brandend","Duisternis","Regen",\N,"600731557","Lage Rijndijk","Leiden","Leiden","Zuid-Holland",false,52.161721,4.508221,"injury","2","rain",false,1,"GM0546"
"20220200492",2022,"Letsel",1,"Fiets",\N,"Eenzijdig","Rechte weg",\N,"Brandend","Duisternis","Mist",\N,\N,"Koningstraat","Druten","Druten","Gelderland",false,51.883142,5.614346,"injury","2","fog",false,1,"GM0225"
"20220211798",2022,"Uitsluitend materiele schade",2,"Bestelauto","Fiets","Onbekend","Kruispunt, 4 takken",50,"Niet brandend","Daglicht","Droog",\N,\N,"Postjesweg","Amsterdam","Amsterdam","Noord-Holland",false,52.364209,4.853336,"material damage only","4","clear",false,1,"GM0363"
"20220128661",2022,"Dodelijk",2,"Fiets","Personenauto","Onbekend","Rechte weg",60,"Niet brandend","Daglicht","Droog",\N,"600743111","Lekdijk","Nieuw-Lekkerland","Molenlanden","Zuid-Holland",false,51.887691,4.661717,"fatal","1","clear",false,1,"GM1978"
"20220212808",2022,"Uitsluitend materiele schade",2,"Fiets","Personenauto","Onbekend","Rechte weg",30,"Niet brandend","Daglicht","Droog",\N,"600721701","IJsvogellaan","Leidschendam","Leidschendam-Voorburg","Zuid-Holland",false,52.089511,4.377565,"material damage only","4","clear",false,1,"GM1916"
"20220229140",2022,"Uitsluitend materiele schade",2,"Personenauto","Fiets","Flank","Kruispunt, 3 takken",50,"Niet brandend","Daglicht","Droog",\N,\N,"Witte de Withstraat","Geldrop","Geldrop-Mierlo","Noord-Brabant",false,51.422997,5.572936,"material damage only","4","clear",false,1,"GM1771"
"20220202652",2022,"Letsel",3,"Personenauto","Fiets","Onbekend","Rechte weg",50,"Brandend","Duisternis","Droog",\N,"600282054","Koningin Wilhelminalaan","Utrecht","Utrecht","Utrecht",false,52.076788,5.107632,"injury","2","clear",false,1,"GM0344"
"20220203451",2022,"Letsel",2,"e-bike",\N,"Eenzijdig","Rechte weg",30,"Niet brandend","Daglicht","Droog",\N,"260316025","Haarrijnse Rading","Vleuten","Utrecht","Utrecht",false,52.107622,5.026096,"injury","2","clear",false,1,"GM0344"
"20220206864",2022,"Uitsluitend materiele schade",2,"Snorfiets","Fiets","Flank","Kruispunt, 3 takken",50,"Niet brandend","Daglicht","Droog",\N,\N,"Spaarne","Haarlem","Haarlem","Noord-Holland",false,52.3779,4.637923,"material damage only","4","clear",false,1,"GM0392"
"20220207712",2022,"Letsel",2,"Personenauto","Fiets","Flank","Rotonde",50,"Brandend","Duisternis","Regen",\N,\N,"Laan van Tata","Alkmaar","Alkmaar","Noord-Holland",false,52.665578,4.771554,"injury","2","rain",false,1,"GM0361"
"20220211227",2022,"Uitsluitend materiele schade",2,"Personenauto","Fiets","Frontaal","Kruispunt, 4 takken",30,"Brandend","Duisternis","Regen",\N,\N,"Hemonystraat","Amsterdam","Amsterdam","Noord-Holland",false,52.357864,4.901955,"material damage only","4","rain",false,1,"GM0363"
"20220214805",2022,"Uitsluitend materiele schade",2,"Personenauto","Fiets","Flank","Kruispunt, 3 takken",50,"Niet brandend","Daglicht","Droog",\N,\N,"Ieplaan","'s-Gravenhage","'s-Gravenhage","Zuid-Holland",false,52.083085,4.271712,"material damage only","4","clear",false,1,"GM0518"
"20220214807",2022,"Uitsluitend materiele schade",2,"Personenauto","Fiets","Onbekend",\N,30,\N,"Daglicht",\N,\N,"153286084","Koningin Julianalaan","De Lier","Westland","Zuid-Holland",false,51.973133,4.250863,"material damage only","4","unknown",false,1,"GM1783"
"20220229169",2022,"Uitsluitend materiele schade",2,"Personenauto","Fiets","Flank","Kruispunt, 3 takken",50,"Niet brandend","Daglicht","Regen",\N,\N,"Bruistensingel","'s-Hertogenbosch","'s-Hertogenbosch","Noord-Brabant",false,51.708351,5.319662,"material damage only","4","rain",false,1,"GM0796"
"20220199250",2022,"Letsel",1,"Fiets",\N,"Eenzijdig","Bocht",30,"Brandend","Duisternis","Droog",\N,"324271014","Achterstraat","Echteld","Neder-Betuwe","Gelderland",false,51.909567,5.496269,"injury","2","clear",false,1,"GM1740"
"20220217652",2022,"Letsel",2,"Personenauto","Fiets","Frontaal","Bocht",30,"Niet brandend","Daglicht","Droog",\N,"165307013","Stuwstraat","'s-Gravenhage","'s-Gravenhage","Zuid-Holland",false,52.065277,4.334114,"injury","2","clear",false,1,"GM0518"
"20220226587",2022,"Letsel",3,"Fiets","Fiets","Onbekend","Rechte weg",60,"Niet brandend","Daglicht","Droog",\N,"76145003","Havenstraat","Biervliet","Terneuzen","Zeeland",false,51.336776,3.720366,"injury","2","clear",false,1,"GM0715"
"20220231093",2022,"Uitsluitend materiele schade",2,"Personenauto","Fiets","Flank","Rotonde",50,"Niet brandend","Daglicht","Regen",\N,\N,"Noordsingel","Venray","Venray","Limburg",false,51.532056,5.97839,"material damage only","4","rain",false,1,"GM0984"
"20220202784",2022,"Uitsluitend materiele schade",2,"Fiets","Voetganger","Voetganger","Kruispunt, 4 takken",30,"Brandend","Duisternis","Droog",\N,\N,"Prins Hendriklaan","Utrecht","Utrecht","Utrecht",false,52.086171,5.144469,"material damage only","4","clear",false,1,"GM0344"
"20220208734",2022,"Uitsluitend materiele schade",2,"Fiets","Personenauto","Eenzijdig","Rotonde",50,"Niet brandend","Daglicht","Droog",\N,\N,"Kerklaan","Heemstede","Heemstede","Noord-Holland",false,52.351861,4.611787,"material damage only","4","clear",false,1,"GM0397"
"20220211997",2022,"Uitsluitend materiele schade",2,"Fiets","Vrachtauto","Kop/staart","Bocht",50,"Niet brandend","Daglicht","Droog",\N,"600535107","Verbindingsdam","Amsterdam","Amsterdam","Noord-Holland",false,52.376587,4.937184,"material damage only","4","clear",false,1,"GM0363"
"20220222109",2022,"Uitsluitend materiele schade",2,"Personenauto","Fiets","Flank","Kruispunt, 3 takken",50,"Niet brandend","Daglicht","Droog",\N,\N,"Herman Gorterplaats","Capelle aan den IJssel","Capelle aan den IJssel","Zuid-Holland",false,51.926591,4.576781,"material damage only","4","clear",false,1,"GM0502"
"20220227799",2022,"Uitsluitend materiele schade",2,"Fiets","Trekker","Onbekend","Kruispunt, 3 takken",50,"Niet brandend","Daglicht","Droog",\N,\N,"Grasdreef","Eindhoven","Eindhoven","Noord-Brabant",false,51.433361,5.419141,"material damage only","4","clear",false,1,"GM0772"
"20220203652",2022,"Uitsluitend materiele schade",3,"Personenauto","Fiets","Onbekend","Rechte weg",30,"Niet brandend","Daglicht","Droog",\N,"297338014","Hoofdstraat","Baarn","Baarn","Utrecht",false,52.212806,5.296187,"material damage only","4","clear",false,1,"GM0308"
"20220169117",2022,"Dodelijk",2,"Motor","Fiets","Flank","Kruispunt, 3 takken",80,"Niet aanwezig","Duisternis","Droog",\N,\N,"Koelertsweg","Markelo","Hof van Twente","Overijssel",false,52.256683,6.525941,"fatal","1","clear",false,1,"GM1735"
"20220207025",2022,"Letsel",2,"Personenauto","Fiets","Flank","Kruispunt, 4 takken",50,"Niet brandend","Schemer","Droog",\N,\N,"Leidsevaartweg","Heemstede","Heemstede","Noord-Holland",false,52.359582,4.607629,"injury","2","clear",false,1,"GM0397"
"20220208752",2022,"Uitsluitend materiele schade",2,"Personenauto","Fiets","Onbekend","Rotonde",80,"Brandend","Duisternis","Regen",\N,\N,"Cornelis Blaauboerlaan","Schagen","Schagen","Noord-Holland",false,52.797159,4.809391,"material damage only","4","rain",false,1,"GM0441"
"20220229361",2022,"Letsel",2,"Personenauto","Fiets","Flank","Rotonde",50,"Brandend","Duisternis","Regen",\N,\N,"Nachtegaallaan","Helmond","Helmond","Noord-Brabant",false,51.490568,5.666143,"injury","2","rain",false,1,"GM0794"
"20220215014",2022,"Uitsluitend materiele schade",2,"Bromfiets","Fiets","Flank","Rechte weg",50,"Brandend","Duisternis","Droog",\N,\N,"Geregracht","Leiden","Leiden","Zuid-Holland",false,52.154113,4.494565,"material damage only","4","clear",false,1,"GM0546"
"20220206422",2022,"Letsel",2,"Fiets","Personenauto","Onbekend","Rotonde",50,"Niet brandend","Daglicht","Droog",\N,\N,"Compagniesingel","Medemblik","Medemblik","Noord-Holland",false,52.766825,5.104169,"injury","2","clear",false,1,"GM0420"
"20220214204",2022,"Uitsluitend materiele schade",2,"Bromfiets","Fiets","Flank","Kruispunt, 3 takken",30,"Brandend","Schemer","Droog",\N,\N,"Huijgensstraat","'s-Gravenhage","'s-Gravenhage","Zuid-Holland",false,52.073212,4.319804,"material damage only","4","clear",false,1,"GM0518"
"20220228714",2022,"Uitsluitend materiele schade",2,"Personenauto","Fiets","Onbekend","Kruispunt, 3 takken",30,"Niet brandend","Daglicht","Droog",\N,\N,"Zomerstraat","Lith","Oss","Noord-Brabant",false,51.810523,5.427443,"material damage only","4","clear",false,1,"GM0828"
"20220199531",2022,"Uitsluitend materiele schade",2,"Personenauto","Fiets","Onbekend","Rechte weg",50,"Niet brandend","Daglicht","Regen",\N,\N,"Wilhelmina Druckerstraat","Apeldoorn","Apeldoorn","Gelderland",false,52.209484,5.956892,"material damage only","4","rain",false,1,"GM0200"
"20220209665",2022,"Uitsluitend materiele schade",2,"Personenauto","e-bike","Flank","Kruispunt, 4 takken",30,"Niet brandend","Daglicht","Regen",\N,\N,"Leidsevaart","Haarlem","Haarlem","Noord-Holland",false,52.36585,4.613356,"material damage only","4","rain",false,1,"GM0392"
"20240138328",2024,"Uitsluitend materiele schade",1,"Fiets",\N,"Onbekend","Rechte weg",60,"Niet brandend","Daglicht","Droog",\N,"473277031","Barloseweg","Aalten","Aalten","Gelderland",false,51.932169,6.576099,"material damage only","4","clear",false,1,"GM0197"
"20240137067",2024,"Letsel",2,"Personenauto","Fiets","Flank","Rechte weg",60,"Niet brandend","Daglicht","Droog",\N,"600810701","Vaarleseweg","Helmond","Helmond","Noord-Brabant",false,51.459311,5.587562,"injury","2","clear",false,1,"GM0794"
"20240137744",2024,"Uitsluitend materiele schade",1,"Fiets",\N,"Onbekend",\N,\N,\N,"Daglicht",\N,\N,"299224101","Rompertsebaan","'s-Hertogenbosch","'s-Hertogenbosch","Noord-Brabant",false,51.699258,5.311896,"material damage only","4","unknown",false,1,"GM0796"
"20240139655",2024,"Letsel",2,"Personenauto","Fiets","Flank","Rechte weg",\N,"Niet brandend","Daglicht","Droog","Parkeervoorziening","601084078","Sinnebuorren","Joure","De Fryske Marren","Friesland",false,52.967462,5.797641,"injury","2","clear",false,1,"GM1940"
"20240141737",2024,"Uitsluitend materiele schade",2,"Bromfiets","Fiets","Flank","Kruispunt, 3 takken",30,"Niet brandend","Daglicht","Droog",\N,\N,"FIETSPAD","Krommenie","Zaanstad","Noord-Holland",false,52.498549,4.755655,"material damage only","4","clear",false,1,"GM0479"