"accident_id","year","severity_raw","party_count","party1_type","party2_type","accident_type","road_situation","speed_limit_kmh","road_lighting","light_condition_label","weather_raw","infra_type","road_segment_id","street_name","place_name","gemeente_name_raw","province","alcohol_indicated","latitude","longitude","severity_label","severity_code","weather_label","built_up_area","cyclists_involved","gemeente_code"
"20240142150",2024,"Uitsluitend materiele schade",2,"Fiets","Motor","Flank","Kruispunt, 3 takken",30,"Brandend","Duisternis","Droog",\N,\N,"Stadhouderskade","Amsterdam","Amsterdam","Noord-Holland",false,52.361687,4.882272,"material damage only","4","clear",false,1,"GM0363"
"20240143720",2024,"Uitsluitend materiele schade",2,"Personenauto","Fiets","Onbekend",\N,30,\N,"Duisternis",\N,\N,\N,"Van Woustraat","Amsterdam","Amsterdam","Noord-Holland",false,52.352668,4.902859,"material damage only","4","unknown",false,1,"GM0363"
"20240139029",2024,"Letsel",2,"Fiets",\N,"Onbekend","Kruispunt, 3 takken",30,"Niet brandend","Daglicht","Droog",\N,\N,"Vierhouterweg","Elspeet","Nunspeet","Gelderland",false,52.291316,5.789266,"injury","2","clear",false,1,"GM0302"
"20240139046",2024,"Letsel",2,"Fiets","Trein/tram","Flank","Rechte weg",50,"Niet brandend","Daglicht","Regen",\N,"600870067","Friesestraatweg","Groningen","Groningen","Groningen",false,53.219528,6.541935,"injury","2","rain",false,1,"GM0014"
"20240144345",2024,"Letsel",2,"Fiets","Fiets","Frontaal","Bocht",50,"Brandend","Duisternis","Droog",\N,"186323018","Vrouwenweg","Leiden","Leiden","Zuid-Holland",false,52.136282,4.4909,"injury","2","clear",false,1,"GM0546"
"20240140468",2024,"Uitsluitend materiele schade",2,"Personenauto","Fiets","Flank","Kruispunt, 3 takken",30,"Brandend","Duisternis","Regen",\N,\N,"Nijenoord","Utrecht","Utrecht","Utrecht",false,52.102802,5.10611,"material damage only","4","rain",false,1,"GM0344"
"20240141822",2024,"Uitsluitend materiele schade",2,"Bromfiets","Fiets","Frontaal","Rechte weg",50,"Brandend","Duisternis","Droog",\N,"600494776","De Weer","Zaandam","Zaanstad","Noord-Holland",false,52.446721,4.83998,"material damage only","4","clear",false,1,"GM0479"
"20240143234",2024,"Uitsluitend materiele schade",2,"Personenauto","Fiets","Flank","Rotonde",50,"Niet brandend","Daglicht","Droog",\N,\N,"President Kennedylaan","Alphen aan den Rijn","Alphen aan den Rijn","Zuid-Holland",false,52.148546,4.678058,"material damage only","4","clear",false,1,"GM0484"
"20240143813",2024,"Letsel",1,"Fiets",\N,"Onbekend","Rotonde",50,"Niet brandend","Daglicht","Droog",\N,\N,"Fruitweg","'s-Gravenhage","'s-Gravenhage","Zuid-Holland",false,52.058936,4.306552,"injury","2","clear",false,1,"GM0518"
"20240134065",2024,"Letsel",1,"Fiets",\N,"Onbekend","Bocht",50,"Niet aanwezig","Daglicht","Droog",\N,"232306033","Molendijk","Nieuwerbrug aan den Rijn","Bodegraven-Reeuwijk","Zuid-Holland",false,52.071386,4.825197,"injury","2","clear",false,1,"GM1901"
"20240140111",2024,"Letsel",2,"Personenauto","Fiets","Flank","Kruispunt, 4 takken",50,"Niet brandend","Daglicht","Droog",\N,\N,"Eykmanlaan","Utrecht","Utrecht","Utrecht",false,52.109481,5.137271,"injury","2","clear",false,1,"GM0344"
"20240144427",2024,"Letsel",2,"Personenauto","Fiets","Onbekend","Kruispunt, 3 takken",50,"Brandend","Duisternis","Regen",\N,\N,"Galantstraat","Amsterdam","Amsterdam","Noord-Holland",false,52.323564,4.97709,"injury","2","rain",false,1,"GM0363"
"20240150020",2024,"Letsel",2,"Personenauto","Fiets","Flank","Kruispunt, 3 takken",30,"Brandend","Duisternis","Droog",\N,\N,"Westermarwei","Joure","De Fryske Marren","Friesland",false,52.963502,5.809537,"injury","2","clear",false,1,"GM1940"
"20240136019",2024,"Letsel",2,"Personenauto","Fiets","Kop/staart","Kruispunt, 3 takken",50,"Niet brandend","Daglicht","Droog",\N,\N,"Mathenesserdijk","Rotterdam","Rotterdam","Zuid-Holland",false,51.914241,4.433875,"injury","2","clear",false,1,"GM0599"
"20240137295",2024,"Letsel",2,"Fiets","Dier","Dier","Rechte weg",30,"Niet brandend","Daglicht","Droog",\N,"377024004","Pesaken","Gulpen","Gulpen-Wittem","Limburg",false,50.799172,5.869485,"injury","2","clear",false,1,"GM1729"
"20240137917",2024,"Uitsluitend materiele schade",2,"Bestelauto","Fiets","Flank","Rotonde",50,"Niet brandend","Daglicht","Droog",\N,\N,"Noordikslaan","Almelo","Almelo","Overijssel",false,52.368426,6.661087,"material damage only","4","clear",false,1,"GM0141"
"20240142857",2024,"Letsel",1,"Fiets",\N,"Eenzijdig","Rechte weg",30,"Niet brandend","Schemer","Droog",\N,"600922725","Nauertogt","Broek op Langedijk","Dijk en Waard","Noord-Holland",false,52.677378,4.783088,"injury","2","clear",false,1,"GM1980"
"20240149553",2024,"Uitsluitend materiele schade",2,"Personenauto","Fiets","Frontaal","Rotonde",50,"Niet brandend","Daglicht","Droog",\N,\N,"FIETSPAD","Delden","Hof van Twente","Overijssel",false,52.256356,6.701562,"material damage only","4","clear",false,1,"GM1735"
"20240134191",2024,"Uitsluitend materiele schade",2,"Fiets","Personenauto","Flank","Rechte weg",80,"Niet brandend","Schemer","Droog",\N,"245206006","Vierbundersweg","Dongen","Dongen","Noord-Brabant",false,51.61687,4.919766,"material damage only","4","clear",false,1,"GM0766"
"20240137974",2024,"Letsel",2,"Fiets","Fiets","Flank","Kruispunt, 4 takken",\N,"Niet brandend","Daglicht","Droog",\N,\N,"Arduinlaan","Groningen","Groningen","Groningen",false,53.221062,6.528614,"injury","2","clear",false,1,"GM0014"
"20240137975",2024,"Letsel",2,"Fiets","Fiets","Kop/staart","Rechte weg",60,"Niet aanwezig","Daglicht","Droog",\N,"422275001","Doetinchemseweg","Loerbeek","Montferland","Gelderland",false,51.928435,6.209381,"injury","2","clear",false,1,"GM1955"
"20240143941",2024,"Letsel",2,"e-bike","Snorfiets","Flank","Kruispunt, 4 takken",50,"Niet brandend","Daglicht",\N,\N,\N,"Schenkkade","'s-Gravenhage","'s-Gravenhage","Zuid-Holland",false,52.084077,4.34862,"injury","2","unknown",false,1,"GM0518"
"20240143956",2024,"Uitsluitend materiele schade",2,"Snorfiets","Fiets","Flank","Rechte weg",30,"Niet brandend","Daglicht","Regen",\N,"600105644","Van Musschenbroekstraat","'s-Gravenhage","'s-Gravenhage","Zuid-Holland",false,52.064665,4.329359,"material damage only","4","rain",false,1,"GM0518"
"20240136117",2024,"Uitsluitend materiele schade",2,"Personenauto","Fiets","Flank","Rotonde",50,"Niet brandend","Daglicht","Droog",\N,\N,"Anconalaan","Eindhoven","Eindhoven","Noord-Brabant",false,51.486461,5.495915,"material damage only","4","clear",false,1,"GM0772"
"20240144606",2024,"Letsel",2,"Personenauto","Fiets","Flank","Kruispunt, 4 takken",50,"Niet brandend","Daglicht","Mist",\N,\N,"Benedenveer","Sliedrecht","Sliedrecht","Zuid-Holland",false,51.828206,4.744088,"injury","2","fog",false,1,"GM0610"
"20240139296",2024,"Letsel",2,"Fiets","Voetganger","Onbekend","Rechte weg",30,"Niet brandend","Daglicht","Droog",\N,"600279391","HONDSRUGTUNNEL","Emmen","Emmen","Drenthe",false,52.783211,6.892109,"injury","2","clear",false,1,"GM0114"
"20240142064",2024,"Letsel",2,"Fiets","Bromfiets","Frontaal","Rechte weg",30,"Brandend","Duisternis","Droog",\N,"600765307","Meidoornpad","Duivendrecht","Ouder-Amstel","Noord-Holland",false,52.326463,4.94045,"injury","2","clear",false,1,"GM0437"
"20240142510",2024,"Letsel",2,"Personenauto","Fiets","Onbekend","Kruispunt, 4 takken",50,"Brandend","Duisternis","Droog",\N,\N,"Tempeliersstraat","Haarlem","Haarlem","Noord-Holland",false,52.375885,4.627042,"injury","2","clear",false,1,"GM0392"
"20240142978",2024,"Letsel",2,"Fiets","Fiets","Frontaal","Rechte weg",50,"Niet brandend","Schemer","Regen",\N,"600587725","Markerwaardweg","Venhuizen","Drechterland","Noord-Holland",false,52.67144,5.205387,"injury","2","rain",false,1,"GM0498"
"20240145964",2024,"Letsel",2,"e-bike","Voetganger","Voetganger","Bocht",30,"Niet brandend","Daglicht","Droog",\N,"185278038","Soetendaalsekade","Rotterdam","Rotterdam","Zuid-Holland",false,51.939086,4.48529,"injury","2","clear",false,1,"GM0599"
"20240146116",2024,"Uitsluitend materiele schade",2,"Bestelauto","Fiets","Onbekend","Kruispunt, 3 takken",50,"Niet brandend","Daglicht","Regen",\N,\N,"Geerlaan","Ridderkerk","Ridderkerk","Zuid-Holland",false,51.852201,4.592086,"material damage only","4","rain",false,1,"GM0597"
"20240146905",2024,"Uitsluitend materiele schade",2,"Fiets","Personenauto","Flank","Bocht",50,"Brandend","Duisternis","Droog",\N,\N,"Venloseweg","Tegelen","Venlo","Limburg",false,51.353993,6.152508,"material damage only","4","clear",false,1,"GM0983"
"20240147348",2024,"Letsel",2,"Personenauto","Fiets","Frontaal","Rechte weg",50,"Niet brandend","Daglicht","Regen",\N,"390185029","Langeweg","Venray","Venray","Limburg",false,51.524297,5.970181,"injury","2","rain",false,1,"GM0984"
"20240135048",2024,"Uitsluitend materiele schade",2,"Fiets","Personenauto","Flank","Rotonde",50,"Niet brandend","Daglicht","Droog",\N,\N,"Berlagestraat","Rotterdam","Rotterdam","Zuid-Holland",false,51.940092,4.551072,"material damage only","4","clear",false,1,"GM0599"
"20240138181",2024,"Letsel",2,"Fiets","Fiets","Flank","Rechte weg",50,"Niet brandend","Daglicht","Droog",\N,"517345049","Kotkampweg","Enschede","Enschede","Overijssel",false,52.233162,6.909232,"injury","2","clear",false,1,"GM0153"
"20240144806",2024,"Letsel",2,"Fiets","Personenauto","Voetganger","Kruispunt, 4 takken",30,"Niet brandend","Daglicht","Droog","Parkeervoorziening",\N,"Billitonstraat","Dordrecht","Dordrecht","Zuid-Holland",false,51.810321,4.684058,"injury","2","clear",false,1,"GM0505"
"20240146067",2024,"Uitsluitend materiele schade",2,"Fiets","Personenauto","Voetganger","Rechte weg",30,"Niet brandend","Daglicht","Droog",\N,"600372046","Van Ruysdaelstraat","Hardinxveld-Giessendam","Hardinxveld-Giessendam","Zuid-Holland",false,51.824019,4.885599,"material damage only","4","clear",false,1,"GM0523"
"20240150409",2024,"Letsel",2,"Fiets","Personenauto","Frontaal","Kruispunt, 4 takken",50,"Niet brandend","Daglicht","Harde windstoten",\N,\N,"Europaweg","Haarlem","Haarlem","Noord-Holland",false,52.360327,4.651971,"injury","2","unknown",false,1,"GM0392"
"20240150415",2024,"Uitsluitend materiele schade",2,"Personenauto","Fiets","Los voorwerp","Kruispunt, 4 takken",30,"Niet brandend","Daglicht","Harde windstoten/Regen",\N,\N,"Muiderwaard","Alkmaar","Alkmaar","Noord-Holland",false,52.646283,4.753495,"material damage only","4","unknown",false,1,"GM0361"
"20240144220",2024,"Letsel",2,"Personenauto","Fiets","Onbekend","Kruispunt, 4 takken",30,"Niet brandend","Daglicht","Droog",\N,\N,"Henry Dunantstraat","Bergambacht","Krimpenerwaard","Zuid-Holland",true,51.93472,4.788415,"injury","2","clear",false,1,"GM1931"
"20240136367",2024,"Letsel",2,"Personenauto","Fiets","Flank","Rechte weg",50,"Niet brandend","Schemer","Droog",\N,"600808320","Bogardeind","Geldrop","Geldrop-Mierlo","Noord-Brabant",false,51.408915,5.559882,"injury","2","clear",false,1,"GM1771"
"20240001588",2024,"Uitsluitend materiele schade",2,"Bestelauto","Fiets","Onbekend","Rotonde",50,"Niet brandend","Daglicht","Droog",\N,\N,"Houtstraat","Rotterdam","Rotterdam","Zuid-Holland",false,51.927896,4.43917,"material damage only","4","clear",false,1,"GM0599"
"20240007476",2024,"Uitsluitend materiele schade",2,"Personenauto","Fiets","Flank","Kruispunt, 4 takken",50,"Brandend","Duisternis","Droog",\N,\N,"Fruitweg","'s-Gravenhage","'s-Gravenhage","Zuid-Holland",false,52.06152,4.30799,"material damage only","4","clear",false,1,"GM0518"
"20240007633",2024,"Letsel",1,"Fiets",\N,"Eenzijdig","Bocht",30,"Brandend","Duisternis","Droog",\N,"208339023","Watergang","Oude Wetering","Kaag en Braassem","Zuid-Holland",false,52.21229,4.644723,"injury","2","clear",false,1,"GM1884"
"20240007811",2024,"Letsel",2,"Bus","Fiets","Flank","Rechte weg",30,"Niet brandend","Daglicht","Sneeuw/Hagel",\N,"601019409","Stadhouderskade","Amsterdam","Amsterdam","Noord-Holland",false,52.35802,4.891438,"injury","2","unknown",false,1,"GM0363"
"20230111052",2023,"Letsel",2,"Personenauto","Fiets","Flank","Kruispunt, 4 takken",50,"Niet brandend","Daglicht","Droog",\N,"160306083","Kaapseplein","'s-Gravenhage","'s-Gravenhage","Zuid-Holland",false,52.061079,4.297694,"injury","2","clear",false,1,"GM0518"
"20230111630",2023,"Letsel",5,"Bestelauto","Fiets","Eenzijdig","Rechte weg",50,"Niet brandend","Daglicht","Droog",\N,"600740686","Heemsteedse Dreef","Heemstede","Heemstede","Noord-Holland",false,52.349332,4.624251,"injury","2","clear",false,1,"GM0397"
"20240156003",2024,"Letsel",2,"Personenauto","Fiets","Onbekend","Kruispunt, 4 takken",50,"Niet brandend","Daglicht","Droog",\N,\N,"Euregioweg","Heerlen","Heerlen","Limburg",false,50.85758,6.000456,"injury","2","clear",false,1,"GM0917"
"20240001194",2024,"Uitsluitend materiele schade",2,"Personenauto","Fiets","Flank","Kruispunt, 4 takken",50,"Niet brandend","Daglicht","Regen",\N,"211243109","Copernicusweg","Dordrecht","Dordrecht","Zuid-Holland",false,51.783973,4.67797,"material damage only","4","rain",false,1,"GM0505"
"20240003226",2024,"Uitsluitend materiele schade",2,"Personenauto","Fiets","Flank","Kruispunt, 3 takken",30,"Niet brandend","Daglicht","Droog",\N,\N,"Heuvelstraat","Veghel","Meierijstad","Noord-Brabant",false,51.614552,5.550739,"material damage only","4","clear",false,1,"GM1948"
"20240007689",2024,"Uitsluitend materiele schade",2,"Bestelauto","Fiets","Onbekend","Kruispunt, 3 takken",30,"Niet brandend","Schemer","Droog",\N,\N,"Dunantstraat","Zoetermeer","Zoetermeer","Zuid-Holland",false,52.057332,4.486293,"material damage only","4","clear",false,1,"GM0637"
"20240010005",2024,"Uitsluitend materiele schade",2,"Personenauto","Fiets","Flank","Rotonde",50,"Brandend","Schemer","Regen",\N,\N,"Nieuwe Drulseweg","Groesbeek","Berg en Dal","Gelderland",false,51.773305,5.947,"material damage only","4","rain",false,1,"GM1945"
"20240011292",2024,"Letsel",2,"Personenauto","Fiets","Flank","Kruispunt, 4 takken",50,"Niet brandend","Daglicht","Droog",\N,\N,"Koewijzend","Blokker","Hoorn","Noord-Holland",false,52.663179,5.075838,"injury","2","clear",false,1,"GM0405"
"20240021534",2024,"Uitsluitend materiele schade",2,"Personenauto","Fiets","Flank","Kruispunt, 4 takken",50,"Niet brandend","Daglicht","Droog",\N,\N,"Kievitlaan","Schagen","Schagen","Noord-Holland",false,52.784457,4.790042,"material damage only","4","clear",false,1,"GM0441"
"20230108169",2023,"Uitsluitend materiele schade",2,"Fiets","Scootmobiel","Frontaal","Rechte weg",30,"Niet brandend","Daglicht","Droog",\N,"229439083","Twuyverweg","Sint Pancras","Dijk en Waard","Noord-Holland",false,52.665105,4.794673,"material damage only","4","clear",false,1,"GM1980"
"20230112944",2023,"Letsel",4,"Personenauto","Fiets","Flank","Kruispunt, 3 takken",50,"Niet brandend","Daglicht","Regen",\N,\N,"Edisonstraat","Zoetermeer","Zoetermeer","Zuid-Holland",false,52.063479,4.52442,"injury","2","rain",false,1,"GM0637"
"20240010107",2024,"Letsel",2,"Personenauto","Fiets","Frontaal","Rotonde",50,"Brandend","Duisternis","Regen",\N,\N,"Molenstraat","Ede","Ede","Gelderland",false,52.04672,5.666985,"injury","2","rain",false,1,"GM0228"
"20240022878",2024,"Letsel",2,"Fiets","Personenauto","Flank","Kruispunt, 4 takken",50,"Brandend","Duisternis","Droog",\N,\N,"Chico Mendesring","Dordrecht","Dordrecht","Zuid-Holland",false,51.803044,4.711276,"injury","2","clear",false,1,"GM0505"
"20240023152",2024,"Letsel",2,"Personenauto","Fiets","Flank","Kruispunt, 4 takken",50,"Niet brandend","Daglicht","Droog",\N,\N,"Nassaustraat","Lisse","Lisse","Zuid-Holland",false,52.261647,4.560605,"injury","2","clear",false,1,"GM0553"
"20240154394",2024,"Letsel",2,"e-bike","Voetganger","Voetganger","Rechte weg",50,"Niet brandend","Daglicht","Droog",\N,"600434768","Laan van Bol'Es","Schiedam","Schiedam","Zuid-Holland",false,51.92842,4.369013,"injury","2","clear",false,1,"GM0606"
"20240155204",2024,"Letsel",2,"Personenauto","Fiets","Frontaal","Rechte weg",50,"Niet aanwezig","Daglicht","Regen","Parkeervoorziening","162307163","Hoefkade","'s-Gravenhage","'s-Gravenhage","Zuid-Holland",false,52.067657,4.312008,"injury","2","rain",false,1,"GM0518"
"20240001530",2024,"Letsel",2,"Personenauto","Fiets","Flank","Kruispunt, 4 takken",50,"Niet brandend","Daglicht","Droog",\N,\N,"Entrepotstraat","Rotterdam","Rotterdam","Zuid-Holland",false,51.911569,4.497817,"injury","2","clear",false,1,"GM0599"
"20240155407",2024,"Letsel",2,"Personenauto","Fiets","Flank","Kruispunt, 4 takken",50,"Brandend","Duisternis","Droog",\N,\N,"Vierlinghlaan","Leiden","Leiden","Zuid-Holland",false,52.160694,4.463149,"injury","2","clear",false,1,"GM0546"
"20230112449",2023,"Letsel",1,"Fiets",\N,"Eenzijdig","Rechte weg",50,"Niet brandend","Daglicht","Droog",\N,"601024135","Duinweg","Noordwijk","Noordwijk","Zuid-Holland",false,52.254735,4.453025,"injury","2","clear",false,1,"GM0575"
"20240005615",2024,"Uitsluitend materiele schade",2,"Fiets","Fiets","Frontaal","Rechte weg",30,"Brandend","Duisternis","Regen",\N,"600574993","FIETSPAD","Alkmaar","Alkmaar","Noord-Holland",false,52.63251,4.75466,"material damage only","4","rain",false,1,"GM0361"
"20240006296",2024,"Uitsluitend materiele schade",1,"Fiets",\N,"Flank","Kruispunt, 4 takken",50,"Brandend","Duisternis","Droog",\N,\N,"Laan van Kanaän","Beverwijk","Beverwijk","Noord-Holland",false,52.492263,4.655012,"material damage only","4","clear",false,1,"GM0375"
"20240017646",2024,"Uitsluitend materiele schade",2,"Personenauto","Fiets","Flank","Kruispunt, 3 takken",30,"Niet brandend","Daglicht","Droog",\N,\N,"De Ontvangst","Apeldoorn","Apeldoorn","Gelderland",false,52.218311,6.004508,"material damage only","4","clear",false,1,"GM0200"
"20240013265",2024,"Letsel",2,"Bus","Fiets","Onbekend","Kruispunt, 4 takken",50,"Niet brandend","Daglicht","Droog",\N,\N,"Blekerssingel","Gouda","Gouda","Zuid-Holland",false,52.015587,4.709925,"injury","2","clear",false,1,"GM0513"
"20240013440",2024,"Uitsluitend materiele schade",2,"Personenauto","Fiets","Flank","Kruispunt, 4 takken",30,"Niet brandend","Daglicht","Droog",\N,\N,"Schaarbeekstraat","Amsterdam","Amsterdam","Noord-Holland",false,52.342954,4.811386,"material damage only","4","clear",false,1,"GM0363"
"20230111963",2023,"Uitsluitend materiele schade",2,"Bromfiets","Fiets","Voetganger","Rechte weg",30,"Brandend","Duisternis","Regen",\N,"241372099","Weteringschans","Amsterdam","Amsterdam","Noord-Holland",false,52.361325,4.88681,"material damage only","4","rain",false,1,"GM0363"
"20240157391",2024,"Letsel",2,"Bus","Fiets","Flank","Rechte weg",50,"Niet brandend","Daglicht","Droog",\N,"180188142","Hendrik Gerard Dirckxstr","Roosendaal","Roosendaal","Noord-Brabant",false,51.532764,4.452745,"injury","2","clear",false,1,"GM1674"
"20240003095",2024,"Uitsluitend materiele schade",1,"Fiets",\N,"Onbekend","Bocht",50,"Niet brandend","Daglicht","Droog",\N,"303210070","Esscheweg","Sint-Michielsgestel","Sint-Michielsgestel","Noord-Brabant",false,51.635553,5.343069,"material damage only","4","clear",false,1,"GM0845"
"20240003542",2024,"Uitsluitend materiele schade",2,"Personenauto","Fiets","Flank","Rotonde",30,"Brandend","Schemer","Regen",\N,\N,"Burg Bramerstraat","Hardenberg","Hardenberg","Overijssel",false,52.576346,6.622328,"material damage only","4","rain",false,1,"GM0160"
"20240006443",2024,"Uitsluitend materiele schade",2,"Personenauto","Fiets","Flank","Kruispunt, 3 takken",50,"Niet brandend","Daglicht","Droog",\N,\N,"Wageweg","Alkmaar","Alkmaar","Noord-Holland",false,52.63071,4.75519,"material damage only","4","clear",false,1,"GM0361"
"20240011547",2024,"Letsel",2,"Personenauto","Fiets","Geparkeerd voertuig","Rechte weg",30,"Niet brandend","Daglicht","Droog",\N,"514341001","Meijersbergstraat","Enschede","Enschede","Overijssel",false,52.214504,6.884064,"injury","2","clear",false,1,"GM0153"
"20240012170",2024,"Uitsluitend materiele schade",2,"Fiets","Fiets","Flank","Kruispunt, 4 takken",30,"Niet brandend","Daglicht","Droog",\N,\N,"Morsstraat","Leiden","Leiden","Zuid-Holland",false,52.161936,4.48359,"material damage only","4","clear",false,1,"GM0546"
"20240013291",2024,"Letsel",2,"Fiets","Personenauto","Frontaal","Kruispunt, 4 takken",50,"Niet brandend","Daglicht","Droog",\N,\N,"Oorberlaan","'s-Gravenhage","Westland","Zuid-Holland",false,52.034106,4.21237,"injury","2","clear",false,1,"GM1783"
"20240013449",2024,"Letsel",1,"Fiets",\N,"Onbekend","Kruispunt, 4 takken",50,"Niet brandend","Daglicht","Droog",\N,\N,"Vliestroom","Alphen aan den Rijn","Alphen aan den Rijn","Zuid-Holland",false,52.14865,4.658392,"injury","2","clear",false,1,"GM0484"
"20240153280",2024,"Uitsluitend materiele schade",2,"Fiets","Overig vast object","Eenzijdig","Rotonde",50,"Niet brandend","Daglicht","Droog",\N,\N,"Nicolaas Beetslaan","Driehuis NH","Velsen","Noord-Holland",false,52.445647,4.638826,"material damage only","4","clear",false,1,"GM0453"
"20230112602",2023,"Letsel",3,"Fiets","Fiets","Onbekend","Rechte weg",50,"Brandend","Schemer","Droog",\N,"600627879","Prinses Beatrixlaan","Delft","Delft","Zuid-Holland",false,52.012826,4.338369,"injury","2","clear",false,1,"GM0503"
"20240010333",2024,"Uitsluitend materiele schade",2,"Bromfiets","Fiets","Frontaal","Kruispunt, 4 takken",30,"Niet brandend","Daglicht","Droog",\N,\N,"Hoendiepskade","Groningen","Groningen","Groningen",false,53.216388,6.557524,"material damage only","4","clear",false,1,"GM0014"
"20240011612",2024,"Letsel",2,"Personenauto","Fiets","Onbekend","Rechte weg",50,"Niet brandend","Daglicht","Droog",\N,"600761472","Boerendijk","Woerden","Woerden","Utrecht",false,52.084514,4.874697,"injury","2","clear",false,1,"GM0632"
"20240015794",2024,"Uitsluitend materiele schade",2,"Personenauto","e-bike","Flank","Rotonde",50,"Niet brandend","Daglicht","Regen",\N,\N,"Schalkskampweg","Oss","Oss","Noord-Brabant",false,51.775163,5.50755,"material damage only","4","rain",false,1,"GM0828"
"20240154611",2024,"Letsel",1,"Fiets",\N,"Flank","Rechte weg",50,"Niet brandend","Schemer","Droog",\N,"158306150","Soestdijksekade","'s-Gravenhage","'s-Gravenhage","Zuid-Holland",false,52.061155,4.281331,"injury","2","clear",false,1,"GM0518"
"20240010836",2024,"Uitsluitend materiele schade",2,"Fiets","Snorfiets","Flank","Rechte weg",30,"Niet brandend","Daglicht","Droog",\N,\N,"Meerndijk","De Meern","Utrecht","Utrecht",false,52.081855,5.036542,"material damage only","4","clear",false,1,"GM0344"
"20240016573",2024,"Uitsluitend materiele schade",2,"Personenauto","Fiets","Onbekend","Kruispunt, 3 takken",30,"Niet brandend","Daglicht","Droog",\N,\N,"Hoogmeer","Wijchen","Wijchen","Gelderland",false,51.799914,5.725175,"material damage only","4","clear",false,1,"GM0296"
"20230109686",2023,"Letsel",2,"Personenauto","Fiets","Onbekend",\N,50,\N,"Schemer",\N,\N,"130217005","Stenenpad","Bruinisse","Schouwen-Duiveland","Zeeland",false,51.660076,4.092246,"injury","2","unknown",false,1,"GM1676"
"20230111459",2023,"Letsel",2,"Personenauto","Fiets","Flank","Kruispunt, 3 takken",30,"Niet brandend","Daglicht","Droog",\N,\N,"Vuurbaak","Limmen","Castricum","Noord-Holland",false,52.57198,4.695976,"injury","2","clear",false,1,"GM0383"
"20240014258",2024,"Uitsluitend materiele schade",1,"Fiets",\N,"Onbekend",\N,\N,\N,"Daglicht",\N,\N,"206223028","Binnenmoerdijkse Baan","Moerdijk","Moerdijk","Noord-Brabant",false,51.693036,4.641559,"material damage only","4","unknown",false,1,"GM1709"
"20240018036",2024,"Uitsluitend materiele schade",2,"Personenauto","Fiets","Onbekend","Kruispunt, 4 takken",50,"Niet brandend","Daglicht","Droog",\N,\N,"Tunnelweg","Culemborg","Culemborg","Gelderland",false,51.949004,5.224005,"material damage only","4","clear",false,1,"GM0216"
"20240154049",2024,"Letsel",2,"Fiets","Personenauto","Onbekend","Rechte weg",50,"Brandend","Duisternis","Regen",\N,\N,"Weth. Van der Veldenweg","Numansdorp","Hoeksche Waard","Zuid-Holland",false,51.730075,4.440332,"injury","2","rain",false,1,"GM1963"
"20230111507",2023,"Letsel",1,"Fiets",\N,"Eenzijdig","Rechte weg",\N,"Niet brandend","Daglicht","Droog",\N,"600752334","Zeswielen","Alkmaar","Alkmaar","Noord-Holland",false,52.640036,4.758206,"injury","2","clear",false,1,"GM0361"
"20230112093",2023,"Letsel",2,"Personenauto","e-bike","Flank","Rotonde",50,"Niet brandend","Daglicht","Droog",\N,\N,"Nieuwe Steen","Hoorn","Hoorn","Noord-Holland",false,52.654777,5.062821,"injury","2","clear",false,1,"GM0405"
"20240012307",2024,"Uitsluitend materiele schade",2,"Personenauto","Fiets","Flank","Kruispunt, 4 takken",30,"Niet brandend","Daglicht","Droog",\N,\N,"Westeinde","Amsterdam","Amsterdam","Noord-Holland",false,52.359408,4.898596,"material damage only","4","clear",false,1,"GM0363"
"20240012310",2024,"Uitsluitend materiele schade",2,"Personenauto","Fiets","Flank","Bocht",30,"Niet brandend","Daglicht","Droog",\N,\N,"Museumplein","Amsterdam","Amsterdam","Noord-Holland",false,52.356936,4.882719,"material damage only","4","clear",false,1,"GM0363"
"20240016466",2024,"Uitsluitend materiele schade",2,"Personenauto","Fiets","Flank","Rotonde",50,"Niet brandend","Daglicht","Droog",\N,\N,"John F. Kennedybaan","Oss","Oss","Noord-Brabant",false,51.775061,5.507777,"material damage only","4","clear",false,1,"GM0828"
"20240154753",2024,"Letsel",1,"Fiets",\N,"Onbekend","Rechte weg",30,"Niet brandend","Daglicht","Droog",\N,"600724827","Van Wassenaerlaantje","Voorschoten","Voorschoten","Zuid-Holland",false,52.127259,4.435837,"injury","2","clear",false,1,"GM0626"
"20240155127",2024,"Letsel",1,"Fiets",\N,"Onbekend","Rechte weg",30,"Niet brandend","Daglicht","Droog",\N,"600514664","FIETSPAD","Leidschendam","Leidschendam-Voorburg","Zuid-Holland",false,52.092528,4.375736,"injury","2","clear",false,1,"GM1916"
"20230109156",2023,"Letsel",2,"Personenauto","Fiets","Voetganger","Rotonde",50,"Niet brandend","Daglicht","Droog",\N,\N,"Clarissenhof","Vianen","Vijfheerenlanden","Utrecht",false,51.983217,5.088621,"injury","2","clear",false,1,"GM1961"
"20240155342",2024,"Letsel",2,"Personenauto","Fiets","Frontaal","Rechte weg",30,"Brandend","Schemer","Droog",\N,"157303106","Kloosterveenstraat","'s-Gravenhage","'s-Gravenhage","Zuid-Holland",false,52.04823,4.275669,"injury","2","clear",false,1,"GM0518"
"20230112742",2023,"Letsel",2,"Personenauto","Fiets","Onbekend","Kruispunt, 4 takken",50,"Brandend","Duisternis","Regen",\N,\N,"Laan van Nootdorp","'s-Gravenhage","'s-Gravenhage","Zuid-Holland",false,52.051227,4.38476,"injury","2","rain",false,1,"GM0518"