"accident_id","year","severity_raw","party_count","party1_type","party2_type","accident_type","road_situation","speed_limit_kmh","road_lighting","light_condition_label","weather_raw","infra_type","road_segment_id","street_name","place_name","gemeente_name_raw","province","alcohol_indicated","latitude","longitude","severity_label","severity_code","weather_label","built_up_area","cyclists_involved","gemeente_code"
"20230029109",2023,"Uitsluitend materiele schade",2,"Personenauto","Fiets","Flank","Rechte weg",60,"Niet brandend","Daglicht","Droog",\N,"601003170","Bovenstraat","Hoeven","Halderberge","Noord-Brabant",false,51.568129,4.566138,"material damage only","4","clear",false,1,"GM1655"
"20230046969",2023,"Uitsluitend materiele schade",2,"Snorfiets","Fiets","Flank","Kruispunt, 4 takken",50,"Niet brandend","Daglicht","Droog",\N,\N,"Cascadepad","Almere","Almere","Flevoland",false,52.34919,5.156674,"material damage only","4","clear",false,1,"GM0034"
"20230112376",2023,"Letsel",2,"Fiets","Fiets","Onbekend","Rechte weg",30,"Niet brandend","Daglicht","Droog",\N,"601012813","Westvlietweg","'s-Gravenhage","'s-Gravenhage","Zuid-Holland",false,52.070038,4.372872,"injury","2","clear",false,1,"GM0518"
"20240080222",2024,"Letsel",2,"Fiets","Fiets","Frontaal","Rechte weg",80,"Niet aanwezig","Duisternis","Droog",\N,"271435013","Lageweg","Schellinkhout","Drechterland","Noord-Holland",false,52.648893,5.111587,"injury","2","clear",false,1,"GM0498"
"20240036479",2024,"Uitsluitend materiele schade",2,"Personenauto","Fiets","Flank","Kruispunt, 3 takken",50,"Niet brandend","Daglicht","Droog",\N,\N,"Meijhorst","Nijmegen","Nijmegen","Gelderland",false,51.813949,5.796438,"material damage only","4","clear",false,1,"GM0268"
"20240038907",2024,"Letsel",2,"Motor","Fiets","Los voorwerp","Rotonde",50,"Niet brandend","Daglicht","Droog",\N,\N,"Baronieweg","IJsselstein","IJsselstein","Utrecht",false,52.014694,5.049486,"injury","2","clear",false,1,"GM0353"
"20240041878",2024,"Uitsluitend materiele schade",2,"Bestelauto","Fiets","Frontaal","Bocht",50,"Niet brandend","Daglicht","Droog",\N,"601113030","Willem Buytewechstraat","Rotterdam","Rotterdam","Zuid-Holland",false,51.90659,4.457411,"material damage only","4","clear",false,1,"GM0599"
"20240037195",2024,"Letsel",2,"Bromfiets","Fiets","Flank","Rechte weg",30,"Niet brandend","Daglicht","Droog",\N,\N,"Raadhuisplein","Stadskanaal","Stadskanaal","Groningen",false,52.989616,6.95422,"injury","2","clear",false,1,"GM0037"
"20240037219",2024,"Letsel",2,"Personenauto","Fiets","Flank","Kruispunt, 4 takken",30,"Niet brandend","Daglicht","Droog",\N,\N,"Rengerspad","Leeuwarden","Leeuwarden","Friesland",false,53.215081,5.792771,"injury","2","clear",false,1,"GM0080"
"20240041303",2024,"Uitsluitend materiele schade",2,"Personenauto","Fiets","Onbekend",\N,30,\N,"Daglicht",\N,\N,\N,"Oude Slotstraat","Schagen","Schagen","Noord-Holland",false,52.78525,4.799914,"material damage only","4","unknown",false,1,"GM0441"
"20240051532",2024,"Letsel",2,"Personenauto","Fiets","Flank","Kruispunt, 3 takken",50,"Niet brandend","Daglicht","Droog",\N,\N,"Baljuwslaan","Haarlem","Haarlem","Noord-Holland",false,52.388265,4.640586,"injury","2","clear",false,1,"GM0392"
"20240037289",2024,"Letsel",2,"Fiets","Los voorwerp","Los voorwerp","Rechte weg",30,"Brandend","Duisternis","Droog",\N,"467563099","Oude Kijk in 't Jatstr","Groningen","Groningen","Groningen",false,53.218423,6.562728,"injury","2","clear",false,1,"GM0014"
"20240081441",2024,"Letsel",2,"Personenauto","Fiets","Flank","Rechte weg",30,"Niet brandend","Daglicht","Droog",\N,"193304036","Sumatra","Zoetermeer","Zoetermeer","Zuid-Holland",false,52.054649,4.537933,"injury","2","clear",false,1,"GM0637"
"20240033017",2024,"Uitsluitend materiele schade",2,"Snorfiets","Fiets","Frontaal","Rechte weg",50,"Brandend","Duisternis","Droog",\N,"151302015","Madesteinweg","'s-Gravenhage","'s-Gravenhage","Zuid-Holland",false,52.043252,4.230173,"material damage only","4","clear",false,1,"GM0518"
"20240079184",2024,"Uitsluitend materiele schade",2,"Personenauto","Fiets","Onbekend","Kruispunt, 4 takken",30,"Brandend","Duisternis","Droog",\N,\N,"Ceintuurbaan","Amsterdam","Amsterdam","Noord-Holland",false,52.354795,4.901193,"material damage only","4","clear",false,1,"GM0363"
"20240040641",2024,"Uitsluitend materiele schade",2,"Personenauto","Fiets","Flank","Kruispunt, 4 takken",30,"Niet brandend","Daglicht","Droog",\N,\N,"Beethovenstraat","Amsterdam","Amsterdam","Noord-Holland",false,52.344929,4.876663,"material damage only","4","clear",false,1,"GM0363"
"20240072419",2024,"Letsel",2,"e-bike","Overig vast object","Onbekend","Rechte weg",15,"Niet brandend","Daglicht","Droog",\N,"600421858","Laan van Nieuw-O-Indië","'s-Gravenhage","'s-Gravenhage","Zuid-Holland",false,52.082403,4.34145,"injury","2","clear",false,1,"GM0518"
"20240079197",2024,"Letsel",1,"Fiets",\N,"Eenzijdig","Rechte weg",30,"Niet brandend","Daglicht","Regen",\N,"600934741","Rijnstraat","'s-Gravenhage","'s-Gravenhage","Zuid-Holland",false,52.080003,4.323853,"injury","2","rain",false,1,"GM0518"
"20240034360",2024,"Letsel",2,"Personenauto","Fiets","Geparkeerd voertuig","Rechte weg",50,"Brandend","Duisternis","Droog","Tunnel","600799916","Vredeoord","Eindhoven","Eindhoven","Noord-Brabant",false,51.457031,5.449017,"injury","2","clear",false,1,"GM0772"
"20240037758",2024,"Uitsluitend materiele schade",2,"Bromfiets","Fiets","Flank","Kruispunt, 4 takken",50,"Niet brandend","Daglicht","Droog",\N,\N,"Frankestraat","Haarlem","Haarlem","Noord-Holland",false,52.378794,4.63448,"material damage only","4","clear",false,1,"GM0392"
"20240076576",2024,"Letsel",2,"Personenauto","Fiets","Flank","Rechte weg",50,"Niet brandend","Daglicht","Droog",\N,"406538021","Middelwyk","Drachten","Smallingerland","Friesland",false,53.109356,6.109786,"injury","2","clear",false,1,"GM0090"
"20240077239",2024,"Letsel",1,"Fiets",\N,"Eenzijdig","Kruispunt, 4 takken",50,"Niet brandend","Daglicht","Droog",\N,\N,"Kerkstraat","Wormerveer","Zaanstad","Noord-Holland",false,52.496098,4.783792,"injury","2","clear",false,1,"GM0479"
"20240042230",2024,"Letsel",2,"Personenauto","Fiets","Flank","Rotonde",50,"Niet brandend","Daglicht","Droog",\N,\N,"Beethovenlaan","Raamsdonksveer","Geertruidenberg","Noord-Brabant",false,51.689211,4.877025,"injury","2","clear",false,1,"GM0779"
"20240078690",2024,"Uitsluitend materiele schade",2,"Personenauto","Fiets","Kop/staart","Rechte weg",50,"Niet brandend","Daglicht","Droog",\N,"230352007","Hornweg","Aalsmeer","Aalsmeer","Noord-Holland",false,52.274589,4.805012,"material damage only","4","clear",false,1,"GM0358"
"20240078691",2024,"Uitsluitend materiele schade",2,"Personenauto","Fiets","Flank","Rotonde",30,"Niet brandend","Daglicht","Droog",\N,\N,"Potgieterlaan","Uithoorn","Uithoorn","Noord-Holland",false,52.24353,4.824312,"material damage only","4","clear",false,1,"GM0451"
"20240033203",2024,"Letsel",2,"Personenauto","Fiets","Los voorwerp","Kruispunt, 4 takken",50,"Niet brandend","Daglicht","Droog",\N,\N,"Voorwillenseweg","Gouda","Gouda","Zuid-Holland",false,52.01488,4.72346,"injury","2","clear",false,1,"GM0513"
"20240071948",2024,"Letsel",1,"Fiets",\N,"Onbekend","Rechte weg",60,"Niet brandend","Schemer","Droog/Mist",\N,"600998930","Nieuweweg","Zoeterwoude","Zoeterwoude","Zuid-Holland",false,52.119146,4.514305,"injury","2","unknown",false,1,"GM0638"
"20240040853",2024,"Letsel",3,"Fiets","Voetganger","Voetganger","Rechte weg",30,"Niet brandend","Daglicht","Droog",\N,"162309011","Wagenstraat","'s-Gravenhage","'s-Gravenhage","Zuid-Holland",false,52.075283,4.313688,"injury","2","clear",false,1,"GM0518"
"20240047520",2024,"Letsel",3,"Personenauto","Fiets","Los voorwerp","Kruispunt, 3 takken",50,"Niet brandend","Daglicht","Droog",\N,\N,"Woortmansdijk","Westerbroek","Midden-Groningen","Groningen",false,53.18904,6.644124,"injury","2","clear",false,1,"GM1952"
"20240040266",2024,"Letsel",2,"Fiets","Personenauto","Flank","Rechte weg",50,"Niet brandend","Daglicht","Droog",\N,"601091520","Röntgenlaan","Zoetermeer","Zoetermeer","Zuid-Holland",false,52.043884,4.472177,"injury","2","clear",false,1,"GM0637"
"20240040951",2024,"Uitsluitend materiele schade",2,"Personenauto","Fiets","Onbekend","Kruispunt, 4 takken",30,"Brandend","Duisternis","Droog",\N,\N,"EENHOORNSLUIS 0313","Amsterdam","Amsterdam","Noord-Holland",false,52.381372,4.889511,"material damage only","4","clear",false,1,"GM0363"
"20240041767",2024,"Uitsluitend materiele schade",2,"Personenauto","Fiets","Onbekend","Kruispunt, 3 takken",50,"Niet brandend","Daglicht","Droog",\N,\N,"Industrieweg","Vlissingen","Vlissingen","Zeeland",false,51.450332,3.581114,"material damage only","4","clear",false,1,"GM0718"
"20240072080",2024,"Letsel",2,"Personenauto","Fiets","Frontaal","Rechte weg",30,"Niet brandend","Daglicht","Droog",\N,"220295050","Goudvlinderstraat","Gouda","Gouda","Zuid-Holland",false,52.01678,4.733697,"injury","2","clear",false,1,"GM0513"
"20240078868",2024,"Letsel",2,"Fiets","Bestelauto","Flank","Rotonde",50,"Niet brandend","Daglicht","Droog",\N,\N,"Anemonenweg","Wassenaar","Wassenaar","Zuid-Holland",false,52.142729,4.413894,"injury","2","clear",false,1,"GM0629"
"20240076814",2024,"Letsel",2,"Motor","Fiets","Frontaal","Kruispunt, 3 takken",50,"Niet aanwezig","Daglicht","Droog",\N,\N,"Heemraad Witweg","Oostwoud","Medemblik","Noord-Holland",false,52.708298,5.097786,"injury","2","clear",false,1,"GM0420"
"20230104650",2023,"Uitsluitend materiele schade",2,"Personenauto","Fiets","Flank","Kruispunt, 3 takken",50,"Niet brandend","Daglicht","Regen",\N,\N,"Vrydemalaan","Groningen","Groningen","Groningen",false,53.22571,6.570135,"material damage only","4","rain",false,1,"GM0014"
"20230081136",2023,"Uitsluitend materiele schade",2,"Bestelauto","Fiets","Kop/staart","Rechte weg",50,"Niet brandend","Daglicht","Droog",\N,\N,"Petrus Loosjesstraat","Tilburg","Tilburg","Noord-Brabant",false,51.574041,5.096203,"material damage only","4","clear",false,1,"GM0855"
"20230086367",2023,"Letsel",2,"Fiets",\N,"Eenzijdig",\N,\N,"Niet aanwezig","Daglicht","Droog",\N,"600718836","Heuvelring","Rijswijk","Rijswijk","Zuid-Holland",false,52.030963,4.334431,"injury","2","clear",false,1,\N
"20230088142",2023,"Uitsluitend materiele schade",2,"Personenauto","Fiets","Flank","Kruispunt, 3 takken",50,"Niet brandend","Daglicht","Regen",\N,\N,"Van Diemenstraat","Amsterdam","Amsterdam","Noord-Holland",false,52.389915,4.88907,"material damage only","4","rain",false,1,"GM0363"
"20230089316",2023,"Letsel",3,"Personenauto","Fiets","Onbekend","Rotonde",50,"Niet brandend","Daglicht","Regen",\N,\N,"Rodenrijseweg","Berkel en Rodenrijs","Lansingerland","Zuid-Holland",false,51.991292,4.473153,"injury","2","rain",false,1,"GM1621"
"20230100256",2023,"Uitsluitend materiele schade",2,"Bestelauto","Fiets","Onbekend","Kruispunt, 4 takken",30,"Niet brandend","Duisternis","Droog",\N,\N,"Willem Prinzenstraat","Helmond","Helmond","Noord-Brabant",false,51.484411,5.669892,"material damage only","4","clear",false,1,"GM0794"
"20230104266",2023,"Uitsluitend materiele schade",2,"Personenauto","Fiets","Flank","Rechte weg",50,"Niet brandend","Schemer","Regen/Sneeuw/Hagel",\N,\N,"Bosch van Rosenthalstr","Groningen","Groningen","Groningen",false,53.198308,6.5768,"material damage only","4","unknown",false,1,"GM0014"
"20230104904",2023,"Uitsluitend materiele schade",2,"Personenauto","Fiets","Onbekend","Rechte weg",50,"Brandend","Duisternis","Droog",\N,"362560088","Valeriusstraat","Leeuwarden","Leeuwarden","Friesland",false,53.207766,5.77792,"material damage only","4","clear",false,1,"GM0080"
"20230079430",2023,"Uitsluitend materiele schade",2,"Scootmobiel","Fiets","Flank","Kruispunt, 4 takken",50,"Niet aanwezig","Daglicht","Droog",\N,\N,"Nieuwe Haagdijk","Breda","Breda","Noord-Brabant",false,51.586826,4.765536,"material damage only","4","clear",false,1,"GM0758"
"20230094031",2023,"Uitsluitend materiele schade",2,"Personenauto","Fiets","Frontaal","Kruispunt, 3 takken",50,"Niet brandend","Daglicht","Droog",\N,\N,"Campherbeeklaan","Zwolle","Zwolle","Overijssel",false,52.527171,6.133075,"material damage only","4","clear",false,1,"GM0193"
"20230100291",2023,"Letsel",2,"Fiets",\N,"Eenzijdig","Rechte weg",50,"Niet brandend","Daglicht","Regen",\N,"337176002","Gerwenseweg","Helmond","Helmond","Noord-Brabant",false,51.484695,5.589237,"injury","2","rain",false,1,"GM0794"
"20230100299",2023,"Uitsluitend materiele schade",2,"Personenauto","Fiets","Flank","Kruispunt, 4 takken",50,"Niet brandend","Daglicht","Regen",\N,\N,"John F Kennedysingel","Maastricht","Maastricht","Limburg",false,50.841176,5.714355,"material damage only","4","rain",false,1,"GM0935"
"20230102555",2023,"Uitsluitend materiele schade",2,"Personenauto","Fiets","Flank","Rechte weg",30,"Brandend","Duisternis","Droog","Brug/viaduct",\N,"HAVERBRUG","Delft","Delft","Zuid-Holland",false,52.009945,4.35713,"material damage only","4","clear",false,1,"GM0503"
"20230085339",2023,"Letsel",3,"Personenauto","Fiets","Onbekend","Rechte weg",60,"Niet aanwezig","Daglicht","Droog",\N,"496320004","Niekerkerweg","Haaksbergen","Haaksbergen","Overijssel",false,52.120805,6.754763,"injury","2","clear",false,1,"GM0158"
"20230090616",2023,"Uitsluitend materiele schade",2,"Personenauto","Fiets","Onbekend","Kruispunt, 3 takken",50,"Niet brandend","Daglicht","Droog",\N,\N,"de Klerklaan","Eindhoven","Eindhoven","Noord-Brabant",false,51.464999,5.458483,"material damage only","4","clear",false,1,"GM0772"
"20230091204",2023,"Letsel",2,"Personenauto","Fiets","Onbekend","Kruispunt, 4 takken",30,"Niet brandend","Daglicht","Droog",\N,\N,"Hoge Brake","Nuenen","Nuenen, Gerwen en Nederwetten","Noord-Brabant",false,51.464606,5.547027,"injury","2","clear",false,1,"GM0820"
"20230102169",2023,"Letsel",4,"Fiets","Personenauto","Onbekend","Bocht",30,"Niet brandend","Daglicht","Droog",\N,"167288105","Indiastraat","Delft","Delft","Zuid-Holland",true,51.980396,4.350081,"injury","2","clear",false,1,"GM0503"
"20230085955",2023,"Letsel",2,"Fiets","Fiets","Frontaal","Rechte weg",60,"Niet brandend","Daglicht","Droog",\N,"600703698","Postweg","Lunteren","Ede","Gelderland",false,52.086624,5.604833,"injury","2","clear",false,1,"GM0228"
"20230101051",2023,"Uitsluitend materiele schade",2,"Personenauto","Fiets","Flank","Kruispunt, 4 takken",50,"Niet brandend","Daglicht","Regen",\N,\N,"Cornusbaan","Capelle aan den IJssel","Capelle aan den IJssel","Zuid-Holland",false,51.961161,4.582577,"material damage only","4","rain",false,1,"GM0502"
"20230102198",2023,"Letsel",1,"Fiets",\N,"Eenzijdig","Rechte weg",50,"Brandend","Duisternis","Droog",\N,"187303017","Eerste Stationsstraat","Zoetermeer","Zoetermeer","Zuid-Holland",false,52.051458,4.496317,"injury","2","clear",false,1,"GM0637"
"20230105323",2023,"Uitsluitend materiele schade",2,"Personenauto","Fiets","Flank","Kruispunt, 3 takken",30,"Niet brandend","Daglicht","Droog",\N,\N,"Lemelerweg","Luttenberg","Raalte","Overijssel",false,52.405748,6.366424,"material damage only","4","clear",false,1,"GM0177"
"20230090062",2023,"Letsel",2,"Personenauto","Fiets","Onbekend","Kruispunt, 4 takken",30,\N,"Daglicht","Regen",\N,\N,"Gebroken Meeldijk","Barendrecht","Barendrecht","Zuid-Holland",false,51.851059,4.547673,"injury","2","rain",false,1,"GM0489"
"20230095916",2023,"Letsel",2,"Fiets","Voetganger","Voetganger","Rechte weg",\N,"Niet brandend","Daglicht",\N,\N,"288348085","Zevenend","Laren","Laren","Noord-Holland",false,52.253797,5.227589,"injury","2","unknown",false,1,\N
"20230105085",2023,"Uitsluitend materiele schade",2,"Personenauto","Fiets","Flank","Kruispunt, 3 takken",50,"Brandend","Duisternis",\N,\N,\N,"de Horsterkamp","Vorden","Bronckhorst","Gelderland",false,52.097782,6.312551,"material damage only","4","unknown",false,1,"GM1876"
"20230079613",2023,"Letsel",2,"Fiets","Personenauto","Eenzijdig","Kruispunt, 3 takken",50,"Niet brandend","Daglicht","Droog",\N,\N,"Blijdorplaan","Rotterdam","Rotterdam","Zuid-Holland",false,51.92731,4.441033,"injury","2","clear",false,1,"GM0599"
"20230083103",2023,"Uitsluitend materiele schade",2,"Personenauto","Fiets","Kop/staart","Rechte weg",60,"Niet brandend","Daglicht","Droog",\N,"309260001","Zijvelingsestraat","Zennewijnen","Tiel","Gelderland",false,51.856408,5.388431,"material damage only","4","clear",false,1,"GM0281"
"20230083121",2023,"Uitsluitend materiele schade",1,"Fiets",\N,"Kop/staart","Rechte weg",30,"Niet brandend","Daglicht","Regen","Bus-/Tramhalte","392343107","Gavottestraat","Apeldoorn","Apeldoorn","Gelderland",false,52.232169,5.991141,"material damage only","4","rain",false,1,"GM0200"
"20230090079",2023,"Uitsluitend materiele schade",2,"Personenauto","Fiets","Flank","Rechte weg",50,"Niet brandend","Daglicht","Droog",\N,"600714866","Westduinweg","'s-Gravenhage","'s-Gravenhage","Zuid-Holland",false,52.092238,4.265906,"material damage only","4","clear",false,1,"GM0518"
"20230081391",2023,"Letsel",2,"e-bike","Scootmobiel","Flank","Kruispunt, 4 takken",50,"Niet brandend","Daglicht","Droog",\N,\N,"Meerheide","Eersel","Eersel","Noord-Brabant",false,51.374459,5.313806,"injury","2","clear",false,1,"GM0770"
"20230092523",2023,"Letsel",2,"Personenauto","Fiets","Flank","Kruispunt, 4 takken",50,"Brandend","Duisternis","Droog",\N,\N,"Delpratsingel","Breda","Breda","Noord-Brabant",false,51.592986,4.779785,"injury","2","clear",false,1,"GM0758"
"20230084941",2023,"Uitsluitend materiele schade",2,"Personenauto","Fiets","Flank","Kruispunt, 4 takken",50,"Niet brandend","Daglicht","Regen",\N,\N,"Zelhemseweg","Doetinchem","Doetinchem","Gelderland",false,51.972118,6.322595,"material damage only","4","rain",false,1,"GM0222"
"20230089608",2023,"Letsel",2,"Fiets","Fiets","Onbekend","Rechte weg",60,"Niet aanwezig","Duisternis","Mist",\N,"228300003","Hoogeind","Driebruggen","Bodegraven-Reeuwijk","Zuid-Holland",false,52.033491,4.79917,"injury","2","fog",false,1,"GM1901"
"20230090177",2023,"Letsel",1,"Fiets",\N,"Eenzijdig","Kruispunt, 3 takken",50,"Niet brandend","Daglicht","Regen",\N,\N,"Viaductweg","Noordwijkerhout","Noordwijk","Zuid-Holland",false,52.260903,4.491931,"injury","2","rain",false,1,"GM0575"
"20230091407",2023,"Letsel",2,"Personenauto","Fiets","Onbekend","Kruispunt, 3 takken",50,"Niet brandend","Daglicht","Droog",\N,\N,"Dommelbergenweg","Oosterhout","Oosterhout","Noord-Brabant",false,51.65989,4.861777,"injury","2","clear",false,1,"GM0826"
"20230096597",2023,"Letsel",2,"Personenauto","Fiets","Flank","Rotonde",50,"Niet brandend","Daglicht","Droog",\N,\N,"Wilhelminalaan","Beuningen Gld","Beuningen","Gelderland",false,51.861594,5.769383,"injury","2","clear",false,1,"GM0209"
"20230103852",2023,"Uitsluitend materiele schade",2,"Personenauto","Fiets","Flank","Kruispunt, 3 takken",50,"Brandend","Duisternis","Droog",\N,\N,"Raalterweg","Deventer","Deventer","Overijssel",false,52.264848,6.176406,"material damage only","4","clear",false,1,"GM0150"
"20230106418",2023,"Uitsluitend materiele schade",2,"Personenauto","Fiets","Frontaal","Bocht",30,"Brandend","Duisternis","Regen",\N,"353035116","Graanmarkt","Maastricht","Maastricht","Limburg",false,50.847164,5.695081,"material damage only","4","rain",false,1,"GM0935"
"20230085547",2023,"Letsel",2,"Personenauto","Fiets","Flank","Kruispunt, 3 takken",50,"Niet brandend","Daglicht","Regen",\N,\N,"Broekheurne-ring","Enschede","Enschede","Overijssel",false,52.190613,6.882814,"injury","2","rain",false,1,"GM0153"
"20230087259",2023,"Uitsluitend materiele schade",2,"Personenauto","Fiets","Flank","Rechte weg",30,"Niet brandend","Daglicht","Droog",\N,"229375007","Jan Springerhof","Amsterdam","Amsterdam","Noord-Holland",false,52.377737,4.795418,"material damage only","4","clear",false,1,"GM0363"
"20230107334",2023,"Letsel",2,"Personenauto","Fiets","Flank","Kruispunt, 3 takken",30,"Niet brandend","Daglicht","Droog",\N,\N,"Olympiaweg","Sommelsdijk","Goeree-Overflakkee","Zuid-Holland",false,51.751912,4.155619,"injury","2","clear",false,1,"GM1924"
"20230093250",2023,"Uitsluitend materiele schade",2,"Personenauto","Fiets","Flank","Kruispunt, 4 takken",50,"Brandend","Duisternis","Regen",\N,\N,"Koning Stadhouderlaan","Apeldoorn","Apeldoorn","Gelderland",false,52.209187,5.957305,"material damage only","4","rain",false,1,"GM0200"
"20230094403",2023,"Letsel",2,"Fiets","Overig vast object","Vast voorwerp","Rotonde",50,"Niet brandend","Daglicht","Droog",\N,\N,"Daalhuizerweg","Velp","Rheden","Gelderland",false,51.999579,5.961884,"injury","2","clear",false,1,"GM0275"
"20230097883",2023,"Uitsluitend materiele schade",2,"Fiets","Bromfiets","Frontaal","Bocht",50,"Niet brandend","Daglicht","Harde windstoten/Regen",\N,"600893069","Bestevaerstraat","Alkmaar","Alkmaar","Noord-Holland",false,52.617602,4.760118,"material damage only","4","unknown",false,1,"GM0361"
"20230102454",2023,"Uitsluitend materiele schade",2,"Personenauto","Fiets","Flank","Kruispunt, 4 takken",50,"Niet brandend","Daglicht","Droog",\N,\N,"Sir Winston Churchillln","Rijswijk","Rijswijk","Zuid-Holland",false,52.032309,4.309988,"material damage only","4","clear",false,1,\N
"20230080384",2023,"Uitsluitend materiele schade",3,"Personenauto","Fiets","Onbekend","Kruispunt, 3 takken",50,"Niet brandend","Daglicht","Regen",\N,\N,"Joannes Zwijsenlaan","Oss","Oss","Noord-Brabant",false,51.754339,5.520112,"material damage only","4","rain",false,1,"GM0828"
"20230085659",2023,"Uitsluitend materiele schade",2,"Personenauto","Fiets","Flank","Kruispunt, 3 takken",50,"Niet brandend","Daglicht","Droog",\N,\N,"Leidekkersdreef","Apeldoorn","Apeldoorn","Gelderland",false,52.195101,5.987985,"material damage only","4","clear",false,1,"GM0200"
"20230087365",2023,"Letsel",2,"Bromfiets","Fiets","Flank","Rechte weg",50,"Brandend","Duisternis","Droog",\N,\N,"Zeswielen","Alkmaar","Alkmaar","Noord-Holland",false,52.640062,4.75826,"injury","2","clear",false,1,"GM0361"
"20230104016",2023,"Letsel",1,"Fiets",\N,"Eenzijdig","Rechte weg",50,"Brandend","Schemer","Droog",\N,"505351033","P.C. Hooftlaan","Hengelo","Hengelo (O)","Overijssel",false,52.262054,6.82062,"injury","2","clear",false,1,\N
"20230096780",2023,"Uitsluitend materiele schade",2,"Bestelauto","Fiets","Flank","Rechte weg",30,"Brandend","Schemer","Regen",\N,"297336059","Lepelaarstraat","Baarn","Baarn","Utrecht",false,52.200486,5.296826,"material damage only","4","rain",false,1,"GM0308"
"20230097948",2023,"Uitsluitend materiele schade",2,"Bromfiets","Fiets","Flank","Kruispunt, 3 takken",50,"Brandend","Duisternis","Droog",\N,\N,"Prins Hendrikkade","Amsterdam","Amsterdam","Noord-Holland",false,52.376884,4.898492,"material damage only","4","clear",false,1,"GM0363"
"20230097955",2023,"Letsel",2,"Personenauto","Fiets","Flank","Kruispunt, 4 takken",30,"Niet brandend","Daglicht","Harde windstoten/Regen",\N,\N,"Sterrenpad","Haarlem","Haarlem","Noord-Holland",false,52.39264,4.623871,"injury","2","unknown",false,1,"GM0392"
"20230089797",2023,"Uitsluitend materiele schade",2,"Personenauto","Fiets","Flank","Rotonde",50,"Niet brandend","Daglicht","Regen",\N,\N,"Warande","Rotterdam","Rotterdam","Zuid-Holland",false,51.926089,4.489183,"material damage only","4","rain",false,1,"GM0599"
"20230085173",2023,"Uitsluitend materiele schade",2,"Personenauto","Fiets","Flank","Rechte weg",50,"Niet brandend","Daglicht","Regen",\N,"407403034","Deventerstraatweg","Zwolle","Zwolle","Overijssel",false,52.501082,6.10449,"material damage only","4","rain",false,1,"GM0193"
"20230062259",2023,"Uitsluitend materiele schade",2,"Personenauto","Fiets","Flank","Kruispunt, 4 takken",60,"Niet brandend","Daglicht",\N,\N,\N,"Roomweg","Grashoek","Peel en Maas","Limburg",false,51.372889,5.960589,"material damage only","4","unknown",false,1,"GM1894"
"20230062270",2023,"Letsel",2,"Bestelauto","Fiets","Flank","Rotonde",50,"Niet brandend","Daglicht","Droog",\N,\N,"Molenbossen","Venlo","Venlo","Limburg",false,51.36268,6.147852,"injury","2","clear",false,1,"GM0983"
"20220008390",2022,"Letsel",2,"Fiets","Fiets","Frontaal","Kruispunt, 3 takken",50,"Brandend","Duisternis","Droog",\N,\N,"Panoven","IJsselstein","IJsselstein","Utrecht",false,52.017235,5.055576,"injury","2","clear",false,1,"GM0353"
"20220004817",2022,"Uitsluitend materiele schade",2,"Personenauto","Fiets","Flank","Kruispunt, 4 takken",60,"Niet aanwezig","Daglicht","Droog",\N,\N,"Bijsterhuizenstraat","Beuningen Gld","Beuningen","Gelderland",false,51.840533,5.771799,"material damage only","4","clear",false,1,"GM0209"
"20220047503",2022,"Letsel",2,"Bestelauto","e-bike","Flank","Kruispunt, 4 takken",80,"Brandend","Duisternis","Droog",\N,\N,"Oliemolenstraat","Oldenzaal","Oldenzaal","Overijssel",false,52.328618,6.932981,"injury","2","clear",false,1,"GM0173"
"20220128343",2022,"Uitsluitend materiele schade",2,"Personenauto","Fiets","Flank","Rotonde",50,"Niet brandend","Daglicht","Droog",\N,\N,"Veerweg","Papendrecht","Papendrecht","Zuid-Holland",false,51.835433,4.692088,"material damage only","4","clear",false,1,"GM0590"
"20220107035",2022,"Letsel",2,"Bromfiets","Fiets","Flank","Kruispunt, 4 takken",50,"Niet brandend","Daglicht","Droog",\N,\N,"Spirea","Dordrecht","Dordrecht","Zuid-Holland",false,51.792616,4.669125,"injury","2","clear",false,1,"GM0505"
"20220089144",2022,"Letsel",2,"Personenauto","Fiets","Frontaal","Kruispunt, 4 takken",50,"Niet brandend","Daglicht","Droog",\N,\N,"Hortsedijk","Helmond","Helmond","Noord-Brabant",false,51.475773,5.632004,"injury","2","clear",false,1,"GM0794"
"20220126712",2022,"Uitsluitend materiele schade",2,"Personenauto","Fiets","Flank","Kruispunt, 4 takken",50,"Niet brandend","Daglicht","Droog",\N,\N,"Rouwkooplaan","Voorschoten","Voorschoten","Zuid-Holland",false,52.11963,4.439264,"material damage only","4","clear",false,1,"GM0626"
"20220104847",2022,"Letsel",2,"Personenauto","e-bike","Flank","Kruispunt, 4 takken",60,"Niet brandend","Daglicht","Droog",\N,\N,"Hoenkoopse Rijweg","Haastrecht","Krimpenerwaard","Zuid-Holland",false,52.012437,4.806517,"injury","2","clear",false,1,"GM1931"
"20220076182",2022,"Uitsluitend materiele schade",2,"Personenauto","e-bike","Flank","Kruispunt, 4 takken",30,"Niet brandend","Daglicht","Droog",\N,\N,"Schoolstraat","Heerde","Heerde","Gelderland",false,52.387494,6.038338,"material damage only","4","clear",false,1,"GM0246"
"20220089839",2022,"Uitsluitend materiele schade",1,"Fiets",\N,"Onbekend","Rotonde",\N,"Niet brandend","Daglicht","Droog",\N,\N,"Maastrichterweg","Valkenswaard","Valkenswaard","Noord-Brabant",false,51.339748,5.45835,"material damage only","4","clear",false,1,"GM0858"