"accident_id","year","severity_raw","party_count","party1_type","party2_type","accident_type","road_situation","speed_limit_kmh","road_lighting","light_condition_label","weather_raw","infra_type","road_segment_id","street_name","place_name","gemeente_name_raw","province","alcohol_indicated","latitude","longitude","severity_label","severity_code","weather_label","built_up_area","cyclists_involved","gemeente_code"
"20220016403",2022,"Uitsluitend materiele schade",2,"Personenauto","e-bike","Flank","Kruispunt, 4 takken",50,"Brandend","Duisternis","Droog",\N,\N,"Burgemeester Röellstraat","Amsterdam","Amsterdam","Noord-Holland",false,52.374489,4.827328,"material damage only","4","clear",false,1,"GM0363"
"20220065245",2022,"Letsel",2,"Bromfiets","Fiets","Frontaal","Bocht",60,"Niet brandend","Daglicht","Droog","Tunnel","265207015","Heideweg","Loon op Zand","Loon op Zand","Noord-Brabant",false,51.620318,5.065772,"injury","2","clear",false,1,"GM0809"
"20220086064",2022,"Letsel",2,"Personenauto","e-bike","Flank","Kruispunt, 4 takken",30,"Niet brandend","Daglicht","Droog",\N,\N,"Krommeweg","Hendrik-Ido-Ambacht","Hendrik-Ido-Ambacht","Zuid-Holland",false,51.827911,4.634678,"injury","2","clear",false,1,"GM0531"
"20220089293",2022,"Uitsluitend materiele schade",2,"e-bike","Personenauto","Flank","Kruispunt, 3 takken",50,"Niet brandend","Daglicht","Droog",\N,\N,"Dunantweg","Deurne","Deurne","Noord-Brabant",false,51.467361,5.787196,"material damage only","4","clear",false,1,"GM0762"
"20220089598",2022,"Uitsluitend materiele schade",2,"Personenauto","Fiets","Flank","Kruispunt, 4 takken",50,"Niet brandend","Daglicht","Droog",\N,\N,"Paul Krügerlaan","Eindhoven","Eindhoven","Noord-Brabant",false,51.440096,5.507823,"material damage only","4","clear",false,1,"GM0772"
"20220089890",2022,"Letsel",2,"Personenauto","Fiets","Flank","Rechte weg",50,"Niet brandend","Daglicht","Droog",\N,\N,"Maassingel","Deurne","Deurne","Noord-Brabant",false,51.457415,5.795331,"injury","2","clear",false,1,"GM0762"
"20220090432",2022,"Uitsluitend materiele schade",2,"Personenauto","Fiets","Eenzijdig","Kruispunt, 3 takken",50,"Niet brandend","Daglicht","Droog",\N,\N,"Wolfsdriesweg","Berg en Terblijt","Valkenburg aan de Geul","Limburg",false,50.867245,5.790916,"material damage only","4","clear",false,1,"GM0994"
"20220103458",2022,"Uitsluitend materiele schade",2,"Personenauto","e-bike","Flank","Kruispunt, 4 takken",50,"Niet brandend","Daglicht","Droog",\N,\N,"Copernicuslaan","'s-Gravenhage","'s-Gravenhage","Zuid-Holland",false,52.074017,4.269786,"material damage only","4","clear",false,1,"GM0518"
"20220104039",2022,"Letsel",3,"e-bike","Trekker","Flank","Rotonde",50,"Niet brandend","Daglicht","Droog",\N,\N,"Oostkanaalweg","Ter Aar","Nieuwkoop","Zuid-Holland",false,52.165519,4.710648,"injury","2","clear",false,1,"GM0569"
"20220039300",2022,"Letsel",2,"Personenauto","Fiets","Geparkeerd voertuig","Rechte weg",50,"Niet brandend","Daglicht","Droog","Parkeervoorziening","303224070","Pastoor van Thiellaan","Rosmalen","'s-Hertogenbosch","Noord-Brabant",false,51.699948,5.340773,"injury","2","clear",false,1,"GM0796"
"20220052208",2022,"Uitsluitend materiele schade",2,"Personenauto","Fiets","Onbekend","Rechte weg",50,"Niet brandend","Daglicht","Droog","Bus-/Tramhalte","213359018","Paxlaan","Hoofddorp","Haarlemmermeer","Noord-Holland",false,52.302107,4.681679,"material damage only","4","clear",false,1,"GM0394"
"20220069986",2022,"Uitsluitend materiele schade",2,"Personenauto","Fiets","Onbekend",\N,50,\N,"Daglicht",\N,\N,\N,"Vierpaardjes","Venlo","Venlo","Limburg",false,51.359044,6.177962,"material damage only","4","unknown",false,1,"GM0983"
"20220076840",2022,"Uitsluitend materiele schade",2,"Fiets","Fiets","Flank","Kruispunt, 4 takken",15,"Niet brandend","Daglicht","Droog",\N,\N,"Laan naar Emiclaer","Amersfoort","Amersfoort","Utrecht",false,52.187122,5.401786,"material damage only","4","clear",false,1,"GM0307"
"20220081504",2022,"Uitsluitend materiele schade",2,"Personenauto","Fiets","Flank","Kruispunt, 3 takken",50,"Brandend","Duisternis","Droog",\N,\N,"De Clercqstraat","Amsterdam","Amsterdam","Noord-Holland",false,52.369996,4.86632,"material damage only","4","clear",false,1,"GM0363"
"20220086138",2022,"Uitsluitend materiele schade",2,"Bromfiets","Fiets","Onbekend","Rechte weg",50,"Niet brandend","Daglicht","Droog",\N,"187265021","Oldegaarde","Rotterdam","Rotterdam","Zuid-Holland",false,51.878803,4.496669,"material damage only","4","clear",false,1,"GM0599"
"20220091123",2022,"Uitsluitend materiele schade",2,"Personenauto","Fiets","Flank","Kruispunt, 4 takken",30,"Niet brandend","Daglicht","Droog",\N,\N,"Valderenstraat","Geleen","Sittard-Geleen","Limburg",false,50.980558,5.819058,"material damage only","4","clear",false,1,"GM1883"
"20220091125",2022,"Letsel",2,"Fiets","Personenauto","Frontaal","Kruispunt, 4 takken",50,"Niet brandend","Daglicht","Droog",\N,\N,"Planetenhof","Maastricht","Maastricht","Limburg",false,50.843566,5.662516,"injury","2","clear",false,1,"GM0935"
"20220109586",2022,"Letsel",1,"Fiets",\N,"Eenzijdig",\N,30,\N,"Schemer",\N,\N,\N,"Koestraat","Tilburg","Tilburg","Noord-Brabant",false,51.562225,5.092971,"injury","2","unknown",false,1,"GM0855"
"20220039546",2022,"Letsel",3,"Dier","e-bike","Dier","Rechte weg",80,"Niet aanwezig","Daglicht","Droog",\N,"373074006","Limbrichterweg","Born","Sittard-Geleen","Limburg",false,51.02765,5.843157,"injury","2","clear",false,1,"GM1883"
"20220062371",2022,"Letsel",2,"Bromfiets","Fiets","Frontaal","Kruispunt, 4 takken",50,"Brandend","Duisternis","Droog",\N,\N,"Zuidendijk","Dordrecht","Dordrecht","Zuid-Holland",true,51.784097,4.68812,"injury","2","clear",false,1,"GM0505"
"20220090690",2022,"Letsel",2,"Vrachtauto","e-bike","Onbekend","Rotonde",30,"Niet brandend","Daglicht","Droog",\N,"363061136","Heerstraat Centrum","Stein","Stein","Limburg",false,50.967506,5.764823,"injury","2","clear",false,1,\N
"20220016744",2022,"Letsel",2,"Bromfiets","e-bike","Flank","Kruispunt, 4 takken",30,"Brandend","Duisternis","Droog",\N,\N,"Schokkerjachtdijk","Amsterdam","Amsterdam","Noord-Holland",false,52.36088,4.985028,"injury","2","clear",false,1,"GM0363"
"20220046723",2022,"Uitsluitend materiele schade",2,"Personenauto","Fiets","Flank","Kruispunt, 3 takken",50,"Niet brandend","Daglicht","Droog",\N,\N,"Winterswijkseweg","Groenlo","Oost Gelre","Gelderland",false,52.036589,6.623116,"material damage only","4","clear",false,1,"GM1586"
"20220053880",2022,"Letsel",2,"Personenauto","Fiets","Flank","Kruispunt, 4 takken",30,"Niet brandend","Daglicht","Droog",\N,\N,"Eksterlaan","Haarlem","Haarlem","Noord-Holland",false,52.413906,4.656741,"injury","2","clear",false,1,"GM0392"
"20220055306",2022,"Letsel",1,"Fiets",\N,"Eenzijdig","Rechte weg",30,"Niet brandend","Daglicht","Droog",\N,"600582913","Jodenbreestraat","Amsterdam","Amsterdam","Noord-Holland",false,52.368553,4.903994,"injury","2","clear",false,1,"GM0363"
"20220059427",2022,"Letsel",2,"Personenauto","Fiets","Flank","Kruispunt, 4 takken",50,"Brandend","Duisternis","Droog",\N,\N,"Laan van Ouderzorg","Leiderdorp","Leiderdorp","Zuid-Holland",false,52.156458,4.522498,"injury","2","clear",false,1,"GM0547"
"20220059498",2022,"Letsel",3,"Fiets","Voetganger","Voetganger","Rechte weg",30,"Brandend","Duisternis","Regen",\N,\N,"Prins Bernhardlaan","Delft","Delft","Zuid-Holland",false,52.003572,4.370987,"injury","2","rain",false,1,"GM0503"
"20220062415",2022,"Uitsluitend materiele schade",2,"Bromfiets","Fiets","Kop/staart","Rechte weg",50,"Brandend","Duisternis","Droog",\N,"600239054","Karel Doormanstraat","Rotterdam","Rotterdam","Zuid-Holland",false,51.918517,4.476148,"material damage only","4","clear",false,1,"GM0599"
"20220087875",2022,"Letsel",2,"Personenauto","Fiets","Frontaal","Kruispunt, 3 takken",50,"Niet brandend","Daglicht","Droog",\N,\N,"Tilburgseweg","Breda","Breda","Noord-Brabant",false,51.593343,4.825678,"injury","2","clear",false,1,"GM0758"
"20220083949",2022,"Uitsluitend materiele schade",2,"Personenauto","Fiets","Onbekend","Rechte weg",30,\N,"Daglicht",\N,\N,"600547575","Laan van Nieuw-O-Indië","'s-Gravenhage","'s-Gravenhage","Zuid-Holland",false,52.085179,4.338107,"material damage only","4","unknown",false,1,"GM0518"
"20220093029",2022,"Uitsluitend materiele schade",2,"Personenauto","Fiets","Flank","Kruispunt, 4 takken",30,"Niet brandend","Daglicht","Droog",\N,\N,"Hoekselaan","Stadskanaal","Stadskanaal","Groningen",false,52.993789,6.957364,"material damage only","4","clear",false,1,"GM0037"
"20220113678",2022,"Letsel",2,"Landbouwvoertuig","Fiets","Frontaal","Rechte weg",60,"Niet aanwezig","Daglicht","Droog",\N,"600852429","Sevenumseweg","Grubbenvorst","Horst aan de Maas","Limburg",false,51.42012,6.091942,"injury","2","clear",false,1,"GM1507"
"20220104564",2022,"Letsel",2,"Bestelauto","Fiets","Geparkeerd voertuig","Rechte weg",50,"Niet brandend","Daglicht","Droog","Parkeervoorziening","159307182","Steijnlaan","'s-Gravenhage","'s-Gravenhage","Zuid-Holland",false,52.068056,4.288376,"injury","2","clear",false,1,"GM0518"
"20220037898",2022,"Uitsluitend materiele schade",3,"Personenauto","Fiets","Los voorwerp","Kruispunt, 4 takken",30,"Brandend","Duisternis","Regen",\N,\N,"Middellandplein","Rotterdam","Rotterdam","Zuid-Holland",false,51.917727,4.459403,"material damage only","4","rain",false,1,"GM0599"
"20220037903",2022,"Uitsluitend materiele schade",2,"Personenauto","Fiets","Flank","Kruispunt, 4 takken",50,"Brandend","Duisternis","Regen",\N,\N,"Schieweg","Rotterdam","Rotterdam","Zuid-Holland",false,51.931038,4.469606,"material damage only","4","rain",false,1,"GM0599"
"20220083098",2022,"Letsel",2,"Fiets","Voetganger","Voetganger","Rechte weg",30,"Niet brandend","Daglicht","Droog",\N,"173336048","Boulevard","Katwijk","Katwijk","Zuid-Holland",false,52.197405,4.387047,"injury","2","clear",false,1,"GM0537"
"20220088074",2022,"Letsel",2,"Fiets","Personenauto","Flank","Kruispunt, 4 takken",50,"Niet brandend","Daglicht","Droog",\N,\N,"Zalmweg","Raamsdonksveer","Geertruidenberg","Noord-Brabant",false,51.707447,4.877878,"injury","2","clear",false,1,"GM0779"
"20220088087",2022,"Uitsluitend materiele schade",2,"Personenauto","Fiets","Flank","Kruispunt, 3 takken",50,"Niet brandend","Daglicht","Droog",\N,\N,"Chopinlaan","Terneuzen","Terneuzen","Zeeland",false,51.320474,3.849075,"material damage only","4","clear",false,1,"GM0715"
"20220109747",2022,"Letsel",2,"Personenauto","Fiets","Onbekend",\N,\N,\N,"Duisternis",\N,\N,\N,"Oranjestraat","Tilburg","Tilburg","Noord-Brabant",false,51.554936,5.089228,"injury","2","unknown",false,1,"GM0855"
"20220105083",2022,"Letsel",2,"Personenauto","Fiets","Flank","Rotonde",30,"Niet brandend","Daglicht",\N,\N,\N,"Europa","Naaldwijk","Westland","Zuid-Holland",false,51.992904,4.228081,"injury","2","unknown",false,1,"GM1783"
"20220105894",2022,"Letsel",2,"Bromfiets","Fiets","Frontaal","Kruispunt, 3 takken",30,"Niet brandend","Daglicht","Droog",\N,\N,"2e Loosterweg","Hillegom","Hillegom","Zuid-Holland",true,52.298334,4.563843,"injury","2","clear",false,1,"GM0534"
"20220009970",2022,"Letsel",2,"Personenauto","e-bike","Flank","Rechte weg",50,"Niet brandend","Daglicht","Droog",\N,"600493809","Aimé Bonnastraat","Vianen","Vijfheerenlanden","Utrecht",false,51.990971,5.094803,"injury","2","clear",false,1,"GM1961"
"20220049772",2022,"Uitsluitend materiele schade",2,"Personenauto","Fiets","Flank","Kruispunt, 4 takken",30,"Niet brandend","Daglicht","Droog",\N,\N,"Amsterdamweg","Almere","Almere","Flevoland",false,52.36899,5.206538,"material damage only","4","clear",false,1,"GM0034"
"20220065837",2022,"Uitsluitend materiele schade",2,"Personenauto","Fiets","Flank","Kruispunt, 4 takken",30,"Niet brandend","Daglicht","Droog",\N,\N,"Von Weberstraat","Tilburg","Tilburg","Noord-Brabant",false,51.580087,5.083915,"material damage only","4","clear",false,1,"GM0855"
"20220092509",2022,"Letsel",1,"Fiets",\N,"Eenzijdig","Rechte weg",50,"Niet brandend","Daglicht","Droog",\N,"600871034","Emmasingel","Groningen","Groningen","Groningen",false,53.21225,6.561538,"injury","2","clear",false,1,"GM0014"
"20220105678",2022,"Letsel",2,"Bromfiets","Fiets","Frontaal","Rechte weg",50,"Niet brandend","Daglicht","Droog",\N,"600371813","Haarlemmerweg","Leiden","Leiden","Zuid-Holland",false,52.171113,4.490043,"injury","2","clear",false,1,"GM0546"
"20220106021",2022,"Letsel",2,"Personenauto","Fiets","Geparkeerd voertuig","Rechte weg",30,"Niet brandend","Daglicht","Droog","Parkeervoorziening","173312039","Burgemeester Keijzerlaan","Leidschendam","Leidschendam-Voorburg","Zuid-Holland",false,52.089862,4.389349,"injury","2","clear",false,1,"GM1916"
"20220106047",2022,"Letsel",2,"Personenauto","Fiets","Flank","Kruispunt, 4 takken",30,"Niet brandend","Daglicht","Droog",\N,\N,"FIETSPAD","Moerkapelle","Zuidplas","Zuid-Holland",false,52.062805,4.590189,"injury","2","clear",false,1,"GM1892"
"20220010048",2022,"Uitsluitend materiele schade",2,"Bestelauto","Fiets","Frontaal","Kruispunt, 4 takken",50,"Niet brandend","Daglicht","Droog",\N,\N,"de Kruipin","Kamerik","Woerden","Utrecht",false,52.096251,4.894112,"material damage only","4","clear",false,1,"GM0632"
"20220043543",2022,"Letsel",1,"Fiets",\N,"Eenzijdig","Rechte weg",30,"Brandend","Duisternis","Droog",\N,"475344060","Lindelaan","Goor","Hof van Twente","Overijssel",false,52.232167,6.596179,"injury","2","clear",false,1,"GM1735"
"20220052875",2022,"Letsel",2,"Fiets","Overig vast object","Vast voorwerp","Rotonde",50,"Niet brandend","Daglicht","Droog",\N,\N,"Valkenburgerlaan","Heemstede","Heemstede","Noord-Holland",false,52.343193,4.620556,"injury","2","clear",false,1,"GM0397"
"20220094894",2022,"Letsel",2,"Fiets","Dier","Dier","Rechte weg",60,"Niet aanwezig","Daglicht","Droog",\N,"471270003","Dinxperlosestraatweg","Aalten","Aalten","Gelderland",false,51.903458,6.564643,"injury","2","clear",false,1,"GM0197"
"20220040276",2022,"Letsel",2,"Bromfiets","Fiets","Onbekend","Bocht",30,"Niet brandend","Daglicht",\N,"Tunnel","466562059","Emmaviaduct","Groningen","Groningen","Groningen",false,53.207789,6.56178,"injury","2","unknown",false,1,"GM0014"
"20220018500",2022,"Letsel",2,"Fiets","Fiets","Flank","Kruispunt, 3 takken",30,"Brandend","Duisternis",\N,\N,\N,"van Alkemadestraat","De Lier","Westland","Zuid-Holland",false,51.976635,4.237731,"injury","2","unknown",false,1,"GM1783"
"20220036553",2022,"Letsel",1,"Fiets",\N,"Eenzijdig",\N,\N,\N,"Daglicht",\N,\N,\N,"Rijswijkseweg","'s-Gravenhage","'s-Gravenhage","Zuid-Holland",false,52.059592,4.335032,"injury","2","unknown",false,1,"GM0518"
"20220047156",2022,"Uitsluitend materiele schade",2,"Personenauto","Fiets","Flank","Kruispunt, 4 takken",30,"Niet brandend","Daglicht","Droog",\N,"383287038","Kastanjelaan","Arnhem","Arnhem","Gelderland",false,51.981966,5.919196,"material damage only","4","clear",false,1,"GM0202"
"20220061527",2022,"Uitsluitend materiele schade",1,"Fiets",\N,"Flank","Rechte weg",50,"Niet brandend","Daglicht","Droog",\N,"188298009","Groendalseweg","Bleiswijk","Lansingerland","Zuid-Holland",false,52.026748,4.503499,"material damage only","4","clear",false,1,"GM1621"
"20220066053",2022,"Uitsluitend materiele schade",2,"Personenauto","e-bike","Onbekend","Kruispunt, 4 takken",50,"Niet brandend","Daglicht","Droog",\N,\N,"Oosterhoutseweg","Teteringen","Breda","Noord-Brabant",false,51.610322,4.821937,"material damage only","4","clear",false,1,"GM0758"
"20220085651",2022,"Letsel",1,"Fiets",\N,"Eenzijdig",\N,50,\N,"Daglicht",\N,\N,"184278091","Bergweg","Rotterdam","Rotterdam","Zuid-Holland",false,51.936453,4.477157,"injury","2","unknown",false,1,"GM0599"
"20220086785",2022,"Letsel",2,"e-bike","Personenauto","Flank","Kruispunt, 4 takken",50,"Niet brandend","Daglicht","Droog",\N,\N,"van Heeswijkstraat","Kaatsheuvel","Loon op Zand","Noord-Brabant",false,51.655566,5.05261,"injury","2","clear",false,1,"GM0809"
"20220102052",2022,"Uitsluitend materiele schade",2,"Personenauto","Fiets","Flank","Kruispunt, 4 takken",50,"Niet brandend","Daglicht","Droog",\N,\N,"Jan van Galenstraat","Amsterdam","Amsterdam","Noord-Holland",false,52.372932,4.849956,"material damage only","4","clear",false,1,"GM0363"
"20220102135",2022,"Uitsluitend materiele schade",2,"Fiets","Personenauto","Flank","Rechte weg",\N,"Niet brandend","Daglicht",\N,\N,"600563547","Nassaukade","Amsterdam","Amsterdam","Noord-Holland",false,52.366707,4.877254,"material damage only","4","unknown",false,1,"GM0363"
"20220059915",2022,"Uitsluitend materiele schade",2,"Personenauto","Fiets","Flank","Kruispunt, 3 takken",50,"Niet brandend","Daglicht","Droog",\N,\N,"Het Kleine Loo","'s-Gravenhage","'s-Gravenhage","Zuid-Holland",false,52.094253,4.363435,"material damage only","4","clear",false,1,"GM0518"
"20220088447",2022,"Uitsluitend materiele schade",2,"Personenauto","Fiets","Flank","Kruispunt, 3 takken",50,"Niet brandend","Daglicht","Droog",\N,\N,"Bisschop Zwijsenstraat","Tilburg","Tilburg","Noord-Brabant",false,51.554129,5.085835,"material damage only","4","clear",false,1,"GM0855"
"20220101518",2022,"Uitsluitend materiele schade",2,"Bromfiets","Fiets","Flank","Kruispunt, 3 takken",50,"Niet brandend","Daglicht","Droog",\N,\N,"Ruysdaelkade","Alkmaar","Alkmaar","Noord-Holland",false,52.635825,4.731231,"material damage only","4","clear",false,1,"GM0361"
"20220103641",2022,"Letsel",1,"Fiets",\N,"Eenzijdig","Kruispunt, 3 takken",30,"Niet brandend","Daglicht","Droog",\N,\N,"Prinsessegracht","'s-Gravenhage","'s-Gravenhage","Zuid-Holland",false,52.085482,4.315407,"injury","2","clear",false,1,"GM0518"
"20220032943",2022,"Uitsluitend materiele schade",2,"Personenauto","Fiets","Flank","Kruispunt, 4 takken",50,"Niet brandend","Daglicht","Droog",\N,\N,"Griekenlandlaan","Oldenzaal","Oldenzaal","Overijssel",false,52.318866,6.911189,"material damage only","4","clear",false,1,"GM0173"
"20220034814",2022,"Uitsluitend materiele schade",2,"Personenauto","Fiets","Flank","Rechte weg",30,"Brandend","Duisternis","Droog",\N,"270311053","Kanaalstraat","Utrecht","Utrecht","Utrecht",false,52.091534,5.102672,"material damage only","4","clear",false,1,"GM0344"
"20220042224",2022,"Letsel",2,"Personenauto","Fiets","Geparkeerd voertuig","Rechte weg",30,"Brandend","Schemer","Droog","Parkeervoorziening","406539029","Dwarswyk","Drachten","Smallingerland","Friesland",false,53.11053,6.11108,"injury","2","clear",false,1,"GM0090"
"20220071141",2022,"Uitsluitend materiele schade",2,"Personenauto","Fiets","Flank","Kruispunt, 4 takken",50,"Niet brandend","Daglicht","Droog",\N,\N,"Nijenoertweg","Leek","Westerkwartier","Groningen",false,53.163346,6.375823,"material damage only","4","clear",false,1,"GM1969"
"20220100955",2022,"Letsel",3,"Personenauto","Fiets","Flank","Rechte weg",50,"Niet brandend","Daglicht","Droog","Tunnel","600755317","Touwslagersweg","Den Helder","Den Helder","Noord-Holland",false,52.913263,4.793141,"injury","2","clear",false,1,"GM0400"
"20220106184",2022,"Letsel",3,"Fiets","e-bike","Onbekend","Rechte weg",15,"Niet brandend","Daglicht","Droog",\N,"170308079","Westvlietweg","'s-Gravenhage","'s-Gravenhage","Zuid-Holland",false,52.070213,4.37301,"injury","2","clear",false,1,"GM0518"
"20220106217",2022,"Uitsluitend materiele schade",3,"Snorfiets","Fiets","Kop/staart","Rechte weg",60,"Niet brandend","Daglicht","Droog",\N,"148295003","Bospolder","Honselersdijk","Westland","Zuid-Holland",false,52.012915,4.209638,"material damage only","4","clear",false,1,"GM1783"
"20220074397",2022,"Uitsluitend materiele schade",2,"Fiets","Personenauto","Flank","Rechte weg",30,"Niet brandend","Daglicht","Droog",\N,"600815670","Ir. Lelystraat","Ede","Ede","Gelderland",false,52.029002,5.647009,"material damage only","4","clear",false,1,"GM0228"
"20220064757",2022,"Uitsluitend materiele schade",2,"Bromfiets","Fiets","Flank","Rechte weg",50,"Niet brandend","Daglicht","Droog",\N,\N,"Delpratsingel","Breda","Breda","Noord-Brabant",false,51.592986,4.779785,"material damage only","4","clear",false,1,"GM0758"
"20220071159",2022,"Uitsluitend materiele schade",2,"e-bike","Fiets","Flank","Kruispunt, 3 takken",30,"Niet brandend","Daglicht","Droog",\N,\N,"E A Borgerstraat","Joure","De Fryske Marren","Friesland",false,52.96693,5.803416,"material damage only","4","clear",false,1,"GM1940"
"20220102726",2022,"Uitsluitend materiele schade",2,"Personenauto","Fiets","Flank","Kruispunt, 4 takken",50,"Niet brandend","Daglicht","Droog",\N,\N,"Marnixstraat","Amsterdam","Amsterdam","Noord-Holland",false,52.373995,4.876267,"material damage only","4","clear",false,1,"GM0363"
"20220108107",2022,"Letsel",1,"Fiets",\N,"Eenzijdig","Rechte weg",50,"Niet brandend","Daglicht","Droog",\N,\N,"Gordelweg","Rotterdam","Rotterdam","Zuid-Holland",false,51.940157,4.476291,"injury","2","clear",false,1,"GM0599"
"20220075365",2022,"Letsel",2,"Fiets","Personenauto","Flank","Rotonde",50,"Niet aanwezig","Daglicht",\N,\N,\N,"Heelsumseweg","Bennekom","Ede","Gelderland",false,51.996495,5.67681,"injury","2","unknown",false,1,"GM0228"
"20220011883",2022,"Letsel",1,"Fiets",\N,"Eenzijdig","Rechte weg",50,"Niet brandend","Daglicht","Droog","Brug/viaduct","233389049","Peperstraat","Zaandam","Zaanstad","Noord-Holland",false,52.440613,4.825927,"injury","2","clear",false,1,"GM0479"
"20220023988",2022,"Uitsluitend materiele schade",2,"Fiets","Snorfiets","Frontaal","Rechte weg",50,"Niet brandend","Daglicht","Droog",\N,\N,"Beneluxlaan","Zwijndrecht","Zwijndrecht","Zuid-Holland",false,51.822429,4.656208,"material damage only","4","clear",false,1,"GM0642"
"20220033220",2022,"Uitsluitend materiele schade",2,"Personenauto","e-bike","Flank","Kruispunt, 3 takken",50,"Brandend","Duisternis","Regen",\N,\N,"Knoopshöfte","Almelo","Almelo","Overijssel",false,52.350399,6.658037,"material damage only","4","rain",false,1,"GM0141"
"20220042421",2022,"Letsel",2,"Personenauto","Fiets","Geparkeerd voertuig","Rechte weg",30,"Niet brandend","Daglicht","Droog","Parkeervoorziening","467517041","Paganinilaan","Assen","Assen","Drenthe",false,53.008814,6.56364,"injury","2","clear",false,1,"GM0106"
"20220063223",2022,"Letsel",1,"Fiets",\N,"Eenzijdig","Rechte weg",60,"Niet aanwezig","Daglicht","Droog",\N,"151263001","Wieldijk","Heenvliet","Nissewaard","Zuid-Holland",false,51.870136,4.239866,"injury","2","clear",false,1,"GM1930"
"20220064959",2022,"Uitsluitend materiele schade",2,"Personenauto","Fiets","Flank","Rotonde",\N,"Niet brandend","Daglicht","Droog",\N,\N,"Pastoor Jutenlaan","Bergen op Zoom","Bergen op Zoom","Noord-Brabant",false,51.489102,4.297676,"material damage only","4","clear",false,1,"GM0748"
"20220015775",2022,"Letsel",1,"e-bike",\N,"Eenzijdig","Rechte weg",50,"Niet brandend","Daglicht","Droog",\N,"600421950","Amstelstraat","Amsterdam","Amsterdam","Noord-Holland",false,52.366205,4.898848,"injury","2","clear",false,1,"GM0363"
"20220033307",2022,"Letsel",2,"Bus","Fiets","Flank","Kruispunt, 4 takken",50,"Niet brandend","Daglicht","Droog",\N,"390333047","Rijnstraat","Apeldoorn","Apeldoorn","Gelderland",false,52.187359,5.973185,"injury","2","clear",false,1,"GM0200"
"20220038975",2022,"Uitsluitend materiele schade",2,"Fiets","Personenauto","Flank","Rotonde",30,"Niet brandend","Daglicht","Regen",\N,\N,"Molenstraat","Vught","Vught","Noord-Brabant",false,51.646215,5.286323,"material damage only","4","rain",false,1,"GM0865"
"20220038991",2022,"Uitsluitend materiele schade",1,"Fiets",\N,"Flank","Rechte weg",30,"Brandend","Duisternis","Droog",\N,"300200027","van der Voortweg","Boxtel","Boxtel","Noord-Brabant",false,51.592952,5.319689,"material damage only","4","clear",false,1,"GM0757"
"20220065041",2022,"Uitsluitend materiele schade",2,"Personenauto","e-bike","Flank","Rotonde",50,"Niet brandend","Daglicht","Droog",\N,\N,"M.A.de Ruijterlaan","Goes","Goes","Zeeland",false,51.498641,3.886395,"material damage only","4","clear",false,1,"GM0664"
"20220111318",2022,"Uitsluitend materiele schade",2,"Personenauto","Fiets","Geparkeerd voertuig","Rechte weg",30,"Niet brandend","Daglicht","Droog","Parkeervoorziening","333163061","Heuvel","Geldrop","Geldrop-Mierlo","Noord-Brabant",false,51.422631,5.558993,"material damage only","4","clear",false,1,"GM1771"
"20220113173",2022,"Letsel",1,"Fiets",\N,"Eenzijdig","Rechte weg",50,"Niet brandend","Daglicht","Droog",\N,"410214008","Gochsedijk","Siebengewald","Bergen (L)","Limburg",false,51.650157,6.116157,"injury","2","clear",false,1,\N
"20220113223",2022,"Uitsluitend materiele schade",1,"Fiets",\N,"Onbekend",\N,50,\N,"Daglicht",\N,\N,"600913129","Zwartbroekplein","Roermond","Roermond","Limburg",false,51.18945,5.988707,"material damage only","4","unknown",false,1,"GM0957"
"20220113565",2022,"Uitsluitend materiele schade",3,"Fiets","Fiets","Onbekend","Kruispunt, 3 takken",50,"Niet brandend","Daglicht","Droog",\N,\N,"Broekhem","Valkenburg","Valkenburg aan de Geul","Limburg",false,50.871473,5.816032,"material damage only","4","clear",false,1,"GM0994"
"20220075977",2022,"Letsel",2,"Personenauto","Fiets","Frontaal","Kruispunt, 4 takken",50,"Brandend","Duisternis","Droog",\N,\N,"de Génestetlaan","Nijmegen","Nijmegen","Gelderland",false,51.835891,5.849352,"injury","2","clear",false,1,"GM0268"
"20220012712",2022,"Letsel",2,"Personenauto","Fiets","Flank","Kruispunt, 4 takken",50,"Niet brandend","Daglicht","Droog",\N,\N,"Waddenzeestraat","Den Helder","Den Helder","Noord-Holland",false,52.940984,4.756116,"injury","2","clear",false,1,"GM0400"
"20220015933",2022,"Uitsluitend materiele schade",3,"Bromfiets","Fiets","Frontaal","Rechte weg",30,"Niet brandend","Daglicht","Droog",\N,"251371006","Valentijnkade","Amsterdam","Amsterdam","Noord-Holland",false,52.358392,4.954545,"material damage only","4","clear",false,1,"GM0363"
"20220022156",2022,"Uitsluitend materiele schade",2,"Personenauto","e-bike","Flank","Kruispunt, 3 takken",30,"Niet brandend","Daglicht","Mist",\N,\N,"Sint Jorisweg","Dordrecht","Dordrecht","Zuid-Holland",false,51.81407,4.675079,"material damage only","4","fog",false,1,"GM0505"
"20220027198",2022,"Uitsluitend materiele schade",2,"Personenauto","Fiets","Geparkeerd voertuig","Rechte weg",30,"Niet brandend","Daglicht","Droog","Parkeervoorziening","311160041","Mira","Veldhoven","Veldhoven","Noord-Brabant",false,51.411672,5.39777,"material damage only","4","clear",false,1,"GM0861"