"accident_id","year","severity_raw","party_count","party1_type","party2_type","accident_type","road_situation","speed_limit_kmh","road_lighting","light_condition_label","weather_raw","infra_type","road_segment_id","street_name","place_name","gemeente_name_raw","province","alcohol_indicated","latitude","longitude","severity_label","severity_code","weather_label","built_up_area","cyclists_involved","gemeente_code"
"20220197728",2022,"Uitsluitend materiele schade",2,"Personenauto","Fiets","Flank","Kruispunt, 4 takken",80,"Niet brandend","Daglicht","Regen",\N,\N,"Provincialeweg N320","Culemborg","Culemborg","Gelderland",false,51.945272,5.240875,"material damage only","4","rain",false,1,"GM0216"
"20220178672",2022,"Letsel",2,"Fiets","Fiets","Onbekend","Rechte weg",50,\N,"Daglicht","Droog",\N,"174310043","Damstraat","Leidschendam","Leidschendam-Voorburg","Zuid-Holland",false,52.080472,4.397905,"injury","2","clear",false,1,"GM1916"
"20220197895",2022,"Uitsluitend materiele schade",2,"Personenauto","Fiets","Geparkeerd voertuig","Rechte weg",30,\N,"Daglicht",\N,"Parkeervoorziening","395334003","Turfstekershoeve","Apeldoorn","Apeldoorn","Gelderland",false,52.191351,6.010469,"material damage only","4","unknown",false,1,"GM0200"
"20220198225",2022,"Uitsluitend materiele schade",2,"Fiets","Personenauto","Onbekend",\N,50,\N,"Duisternis",\N,\N,"600149503","Holterweg","Deventer","Deventer","Overijssel",false,52.249331,6.206341,"material damage only","4","unknown",false,1,"GM0150"
"20220120772",2022,"Uitsluitend materiele schade",2,"Bromfiets","Fiets","Flank","Rechte weg",50,"Niet brandend","Daglicht","Droog",\N,"301299004","Driebergsestraatweg","Doorn","Utrechtse Heuvelrug","Utrecht",false,52.035743,5.326445,"material damage only","4","clear",false,1,"GM1581"
"20220131086",2022,"Uitsluitend materiele schade",2,"Personenauto","Fiets","Flank","Kruispunt, 4 takken",30,"Brandend","Schemer","Droog",\N,\N,"Vestdijk","Eindhoven","Eindhoven","Noord-Brabant",false,51.43812,5.48223,"material damage only","4","clear",false,1,"GM0772"
"20220138053",2022,"Letsel",2,"Bestelauto","Fiets","Flank","Kruispunt, 4 takken",30,"Niet brandend","Daglicht","Droog",\N,\N,"Daalsesingel","Utrecht","Utrecht","Utrecht",false,52.09415,5.110117,"injury","2","clear",false,1,"GM0344"
"20220139129",2022,"Letsel",1,"Fiets",\N,"Eenzijdig","Rechte weg",60,"Niet brandend","Daglicht","Droog",\N,\N,"Deltaweg","Hoofddorp","Haarlemmermeer","Noord-Holland",false,52.303792,4.629491,"injury","2","clear",false,1,"GM0394"
"20220157424",2022,"Uitsluitend materiele schade",1,"e-bike",\N,"Eenzijdig","Rechte weg",30,"Niet brandend","Daglicht","Droog",\N,"600192929","Meulenbroek","Bleskensgraaf ca","Molenlanden","Zuid-Holland",false,51.871381,4.784036,"material damage only","4","clear",false,1,"GM1978"
"20220168788",2022,"Uitsluitend materiele schade",2,"Personenauto","Fiets","Onbekend","Rotonde",50,"Niet brandend","Daglicht","Droog",\N,\N,"Vlierstraat","Enschede","Enschede","Overijssel",false,52.197854,6.896253,"material damage only","4","clear",false,1,"GM0153"
"20220178287",2022,"Uitsluitend materiele schade",2,"e-bike","Personenauto","Flank","Rechte weg",50,"Niet brandend","Daglicht","Regen",\N,"238356016","Sportlaan","Amstelveen","Amstelveen","Noord-Holland",false,52.290683,4.860754,"material damage only","4","rain",false,1,"GM0362"
"20220179845",2022,"Letsel",1,"e-bike",\N,"Eenzijdig","Kruispunt, 3 takken",30,"Niet brandend","Daglicht","Droog",\N,\N,"Breezandstraat","'s-Gravenhage","'s-Gravenhage","Zuid-Holland",false,52.088181,4.256256,"injury","2","clear",false,1,"GM0518"
"20220198765",2022,"Letsel",1,"Fiets",\N,"Eenzijdig","Bocht",30,"Niet brandend","Daglicht","Droog",\N,"373255033","Graafseweg","Nijmegen","Nijmegen","Gelderland",false,51.837081,5.846501,"injury","2","clear",false,1,"GM0268"
"20220118476",2022,"Letsel",1,"Fiets",\N,"Eenzijdig","Kruispunt, 4 takken",30,"Niet brandend","Daglicht","Droog",\N,\N,"Kleine Parallelweg","Winterswijk","Winterswijk","Gelderland",false,51.967662,6.716123,"injury","2","clear",false,1,"GM0294"
"20220136155",2022,"Letsel",2,"Bestelauto","e-bike","Flank","Kruispunt, 3 takken",50,"Niet brandend","Daglicht","Droog",\N,\N,"Welsummerweg","Dalfsen","Dalfsen","Overijssel",false,52.511252,6.275429,"injury","2","clear",false,1,"GM0148"
"20220144903",2022,"Letsel",2,"Fiets","Fiets","Flank","Rechte weg",30,"Brandend","Duisternis","Droog",\N,"171289027","Rotterdamseweg","Delft","Delft","Zuid-Holland",false,51.983977,4.378149,"injury","2","clear",false,1,"GM0503"
"20220173648",2022,"Uitsluitend materiele schade",2,"Personenauto","e-bike","Flank","Rechte weg",50,"Niet brandend","Daglicht","Droog",\N,\N,"Hertog Aalbrechtweg","Alkmaar","Alkmaar","Noord-Holland",false,52.642378,4.763385,"material damage only","4","clear",false,1,"GM0361"
"20220116984",2022,"Uitsluitend materiele schade",2,"Personenauto","Fiets","Frontaal","Rechte weg",30,"Niet brandend","Daglicht","Droog",\N,"393344067","Distelvlinderlaan","Apeldoorn","Apeldoorn","Gelderland",false,52.236393,5.995875,"material damage only","4","clear",false,1,"GM0200"
"20220144966",2022,"Uitsluitend materiele schade",2,"Personenauto","e-bike","Frontaal","Rechte weg",50,"Niet aanwezig","Daglicht","Droog","Brug/viaduct","213294009","Nieuwe Broekweg","Gouda","Gouda","Zuid-Holland",false,52.009512,4.688187,"material damage only","4","clear",false,1,"GM0513"
"20220156551",2022,"Letsel",2,"Personenauto","e-bike","Flank","Kruispunt, 4 takken",50,"Niet brandend","Daglicht","Droog",\N,\N,"Leidseweg","Leiden","Leiden","Zuid-Holland",false,52.149971,4.463172,"injury","2","clear",false,1,"GM0546"
"20220172548",2022,"Uitsluitend materiele schade",2,"Personenauto","Fiets","Flank","Kruispunt, 4 takken",50,"Niet brandend","Daglicht","Regen",\N,\N,"Ronde Erf","Veenendaal","Veenendaal","Utrecht",false,52.03297,5.569356,"material damage only","4","rain",false,1,"GM0345"
"20220172603",2022,"Uitsluitend materiele schade",2,"Bestelauto","Fiets","Flank","Kruispunt, 3 takken",50,"Niet brandend","Daglicht",\N,\N,\N,"Lange Dreef","Veenendaal","Veenendaal","Utrecht",false,52.036807,5.567608,"material damage only","4","unknown",false,1,"GM0345"
"20220195855",2022,"Uitsluitend materiele schade",2,"Personenauto","Fiets","Flank",\N,50,"Brandend","Duisternis","Droog",\N,"394335137","Gildenlaan","Apeldoorn","Apeldoorn","Gelderland",false,52.196429,6.005499,"material damage only","4","clear",false,1,"GM0200"
"20220123705",2022,"Uitsluitend materiele schade",1,"Fiets",\N,"Onbekend","Rechte weg",30,"Niet brandend","Daglicht","Regen",\N,"240371098","Van Baerlestraat","Amsterdam","Amsterdam","Noord-Holland",false,52.359774,4.877448,"material damage only","4","rain",false,1,"GM0363"
"20220137277",2022,"Letsel",2,"Personenauto","Fiets","Los voorwerp","Kruispunt, 4 takken",50,"Niet brandend","Daglicht","Regen",\N,\N,"Hoenderparkweg","Apeldoorn","Apeldoorn","Gelderland",false,52.192181,5.954977,"injury","2","rain",false,1,"GM0200"
"20220142504",2022,"Uitsluitend materiele schade",3,"Personenauto","Fiets","Onbekend","Kruispunt, 4 takken",50,"Niet brandend","Daglicht","Droog",\N,\N,"Javastraat","Amsterdam","Amsterdam","Noord-Holland",false,52.363304,4.930508,"material damage only","4","clear",false,1,"GM0363"
"20220163743",2022,"Uitsluitend materiele schade",2,"Trekker","Fiets","Flank","Rotonde",50,"Niet brandend","Daglicht","Droog",\N,\N,"Westkanaaldijk","Nijmegen","Nijmegen","Gelderland",false,51.855028,5.821533,"material damage only","4","clear",false,1,"GM0268"
"20220181307",2022,"Uitsluitend materiele schade",2,"Fiets","Fiets","Flank","Rechte weg",50,"Brandend","Daglicht",\N,"Tunnel","188324023","Kanaalweg","Leiden","Leiden","Zuid-Holland",false,52.145528,4.500523,"material damage only","4","unknown",false,1,"GM0546"
"20220186449",2022,"Letsel",2,"Personenauto","Fiets","Kop/staart","Rechte weg",30,"Niet brandend","Daglicht","Droog",\N,"600126376","Lage Witsiebaan","Tilburg","Tilburg","Noord-Brabant",false,51.576766,5.039281,"injury","2","clear",false,1,"GM0855"
"20220189097",2022,"Letsel",2,"e-bike","Fiets","Onbekend","Rechte weg",50,"Brandend","Duisternis","Droog",\N,"600799372","Steeg","Schijndel","Meierijstad","Noord-Brabant",false,51.624347,5.439253,"injury","2","clear",false,1,"GM1948"
"20220122599",2022,"Uitsluitend materiele schade",2,"Personenauto","Fiets","Geparkeerd voertuig","Rechte weg",30,"Niet brandend","Daglicht","Droog","Parkeervoorziening","600743684","Rijksstraatweg","Haarlem","Haarlem","Noord-Holland",false,52.417585,4.648468,"material damage only","4","clear",false,1,"GM0392"
"20220126306",2022,"Letsel",2,"Snorfiets","Fiets","Onbekend",\N,50,\N,"Daglicht",\N,\N,"600379080","Van Boetzelaerlaan","'s-Gravenhage","'s-Gravenhage","Zuid-Holland",false,52.086173,4.273514,"injury","2","unknown",false,1,"GM0518"
"20220145091",2022,"Uitsluitend materiele schade",2,"Personenauto","Fiets","Geparkeerd voertuig","Rechte weg",30,"Niet brandend","Daglicht","Droog","Parkeervoorziening","174337178","Tramstraat","Katwijk","Katwijk","Zuid-Holland",false,52.204042,4.400236,"material damage only","4","clear",false,1,"GM0537"
"20220149907",2022,"Letsel",1,"e-bike",\N,"Eenzijdig","Rechte weg",30,"Niet brandend","Daglicht","Droog",\N,"600787865","Weidonklaan","'s-Hertogenbosch","'s-Hertogenbosch","Noord-Brabant",false,51.68735,5.275851,"injury","2","clear",false,1,"GM0796"
"20220155325",2022,"Uitsluitend materiele schade",2,"Fiets","Fiets","Flank","Kruispunt, 4 takken",\N,"Niet brandend","Daglicht","Droog",\N,\N,"Christoffel Plantijngr","Amsterdam","Amsterdam","Noord-Holland",false,52.359377,4.819098,"material damage only","4","clear",false,1,"GM0363"
"20220180732",2022,"Letsel",2,"e-bike","Personenauto","Onbekend","Rotonde",50,"Niet brandend","Daglicht",\N,\N,\N,"Nieuwe Zeeweg","Noordwijk","Noordwijk","Zuid-Holland",false,52.236843,4.443633,"injury","2","unknown",false,1,"GM0575"
"20220181338",2022,"Letsel",2,"Personenauto","Fiets","Onbekend","Kruispunt, 4 takken",50,"Niet brandend","Daglicht","Droog",\N,\N,"Loevesteinlaan","'s-Gravenhage","'s-Gravenhage","Zuid-Holland",false,52.056077,4.275767,"injury","2","clear",false,1,"GM0518"
"20220185240",2022,"Letsel",2,"Personenauto","Fiets","Flank","Kruispunt, 3 takken",50,"Brandend","Duisternis","Droog",\N,\N,"Korte Singelstraat","Schiedam","Schiedam","Zuid-Holland",false,51.915736,4.402658,"injury","2","clear",false,1,"GM0606"
"20220185242",2022,"Letsel",2,"e-bike","Fiets","Frontaal","Bocht",30,"Niet brandend","Daglicht","Droog","Tunnel","600927049","Sportpad","Schiedam","Schiedam","Zuid-Holland",false,51.919577,4.375814,"injury","2","clear",false,1,"GM0606"
"20220188811",2022,"Uitsluitend materiele schade",2,"Fiets","Fiets","Flank","Kruispunt, 3 takken",50,"Niet brandend","Daglicht","Droog",\N,\N,"De Run","Veldhoven","Veldhoven","Noord-Brabant",false,51.411081,5.428742,"material damage only","4","clear",false,1,"GM0861"
"20220117276",2022,"Uitsluitend materiele schade",1,"Fiets",\N,"Flank","Rechte weg",\N,"Niet brandend","Daglicht","Droog",\N,"600538099","Proosdijerveldweg","Ede","Ede","Gelderland",false,52.050479,5.649447,"material damage only","4","clear",false,1,"GM0228"
"20220125218",2022,"Letsel",2,"Personenauto","e-bike","Flank","Kruispunt, 4 takken",50,"Niet brandend","Daglicht","Droog",\N,\N,"Loosduinsekade","'s-Gravenhage","'s-Gravenhage","Zuid-Holland",false,52.070582,4.284377,"injury","2","clear",false,1,"GM0518"
"20220131515",2022,"Uitsluitend materiele schade",2,"Personenauto","Fiets","Onbekend","Rechte weg",50,"Niet brandend","Daglicht",\N,\N,"331206084","Aa-Veste","Veghel","Meierijstad","Noord-Brabant",false,51.616283,5.541081,"material damage only","4","unknown",false,1,"GM1948"
"20220142714",2022,"Uitsluitend materiele schade",1,"Fiets",\N,"Eenzijdig","Rechte weg",30,"Niet brandend","Daglicht","Droog",\N,"600378844","Hanenburglaan","'s-Gravenhage","'s-Gravenhage","Zuid-Holland",false,52.07872,4.263124,"material damage only","4","clear",false,1,"GM0518"
"20220144001",2022,"Letsel",1,"e-bike",\N,"Eenzijdig","Kruispunt, 4 takken",50,"Niet brandend","Daglicht","Droog",\N,\N,"Burgemeester Banninglaan","Leidschendam","Leidschendam-Voorburg","Zuid-Holland",false,52.091287,4.383582,"injury","2","clear",false,1,"GM1916"
"20220159288",2022,"Letsel",2,"Personenauto","Fiets","Geparkeerd voertuig","Rechte weg",50,"Niet brandend","Daglicht","Regen","Parkeervoorziening","200213018","Kerkhofweg","Zevenbergen","Moerdijk","Noord-Brabant",false,51.64508,4.59887,"injury","2","rain",false,1,"GM1709"
"20220169100",2022,"Uitsluitend materiele schade",2,"Personenauto","e-bike","Flank","Kruispunt, 4 takken",60,"Niet brandend","Daglicht","Regen",\N,\N,"Schoolstraat","Nijkerkerveen","Nijkerk","Gelderland",false,52.187406,5.493098,"material damage only","4","rain",false,1,"GM0267"
"20220169130",2022,"Uitsluitend materiele schade",2,"Fiets","Personenauto","Onbekend","Rotonde",50,"Niet brandend","Daglicht","Droog",\N,\N,"Frankhuizerallee","Zwolle","Zwolle","Overijssel",false,52.52382,6.063973,"material damage only","4","clear",false,1,"GM0193"
"20220170755",2022,"Letsel",1,"Fiets",\N,"Eenzijdig",\N,30,\N,"Daglicht",\N,\N,"600375868","Voorstraat","Utrecht","Utrecht","Utrecht",false,52.09514,5.122078,"injury","2","unknown",false,1,"GM0344"
"20220172777",2022,"Uitsluitend materiele schade",2,"Bromfiets","Fiets","Flank","Kruispunt, 4 takken",50,"Niet brandend","Daglicht","Droog",\N,\N,"Koningsweg","Utrecht","Utrecht","Utrecht",false,52.076554,5.135263,"material damage only","4","clear",false,1,"GM0344"
"20220132826",2022,"Uitsluitend materiele schade",2,"Personenauto","e-bike","Flank","Rechte weg",50,"Niet brandend","Daglicht","Droog",\N,"346033045","Herculeshof","Maastricht","Maastricht","Limburg",false,50.839065,5.65072,"material damage only","4","clear",false,1,"GM0935"
"20220183680",2022,"Uitsluitend materiele schade",2,"Personenauto","Fiets","Flank","Kruispunt, 4 takken",50,"Niet brandend","Daglicht","Droog",\N,\N,"Mariniersweg","Rotterdam","Rotterdam","Zuid-Holland",false,51.924223,4.488638,"material damage only","4","clear",false,1,"GM0599"
"20220190153",2022,"Uitsluitend materiele schade",2,"Personenauto","Fiets","Flank","Kruispunt, 4 takken",30,"Niet brandend","Daglicht","Droog",\N,\N,"Engerstraat","Tegelen","Venlo","Limburg",false,51.341362,6.134842,"material damage only","4","clear",false,1,"GM0983"
"20220192253",2022,"Uitsluitend materiele schade",2,"Fiets","Fiets","Frontaal","Rechte weg",30,"Niet aanwezig","Daglicht","Droog",\N,"600486214","Bunnemaheerd","Groningen","Groningen","Groningen",false,53.248355,6.587527,"material damage only","4","clear",false,1,"GM0014"
"20220125387",2022,"Letsel",2,"Fiets","Dier","Dier","Rechte weg",80,"Niet brandend","Daglicht","Droog",\N,"196329003","Boskade","Hoogmade","Kaag en Braassem","Zuid-Holland",false,52.165561,4.563947,"injury","2","clear",false,1,"GM1884"
"20220131637",2022,"Uitsluitend materiele schade",3,"Fiets","Fiets","Frontaal","Rechte weg",\N,"Niet brandend","Daglicht","Droog",\N,"295180003","Kanaaldijk Zuid","Oirschot","Oirschot","Noord-Brabant",false,51.499205,5.289112,"material damage only","4","clear",false,1,"GM0823"
"20220135621",2022,"Uitsluitend materiele schade",2,"Fiets","Personenauto","Geparkeerd voertuig","Rechte weg",30,"Niet brandend","Daglicht","Droog","Parkeervoorziening","600380800","Markt","Zevenaar","Zevenaar","Gelderland",false,51.926151,6.075268,"material damage only","4","clear",false,1,"GM0299"
"20220137515",2022,"Letsel",3,"Personenauto","Fiets","Flank","Rotonde",50,"Niet brandend","Daglicht","Droog",\N,\N,"Parallelweg","Borne","Borne","Overijssel",false,52.29779,6.750138,"injury","2","clear",false,1,"GM0147"
"20220139885",2022,"Letsel",2,"Fiets","e-bike","Flank","Kruispunt, 4 takken",50,"Niet brandend","Daglicht","Droog","Spoorwegovergang",\N,"Ruiterweg","Castricum","Castricum","Noord-Holland",false,52.55221,4.658498,"injury","2","clear",false,1,"GM0383"
"20220145335",2022,"Letsel",1,"Fiets",\N,"Eenzijdig","Rotonde",30,"Niet brandend","Daglicht","Droog",\N,\N,"Haagse Schouwweg","Leiden","Leiden","Zuid-Holland",false,52.159253,4.450317,"injury","2","clear",false,1,"GM0546"
"20220152461",2022,"Letsel",2,"Personenauto","Fiets","Geparkeerd voertuig","Rechte weg",50,"Niet brandend","Daglicht","Droog","Parkeervoorziening","482370030","Nieuwstraat","Almelo","Almelo","Overijssel",false,52.349616,6.652735,"injury","2","clear",false,1,"GM0141"
"20220156843",2022,"Letsel",2,"Personenauto","e-bike","Onbekend","Kruispunt, 4 takken",50,"Niet brandend","Daglicht","Droog",\N,\N,"Mient","'s-Gravenhage","'s-Gravenhage","Zuid-Holland",false,52.069868,4.268506,"injury","2","clear",false,1,"GM0518"
"20220168032",2022,"Uitsluitend materiele schade",2,"Personenauto","Fiets","Flank","Rechte weg",30,"Niet brandend","Daglicht","Regen",\N,"521342022","De Sleutelkamp","Enschede","Enschede","Overijssel",false,52.219178,6.934218,"material damage only","4","rain",false,1,"GM0153"
"20220186742",2022,"Uitsluitend materiele schade",2,"Snorfiets","Fiets","Flank","Kruispunt, 3 takken",50,"Niet brandend","Daglicht","Droog",\N,\N,"Waalstraat","Tilburg","Tilburg","Noord-Brabant",false,51.576571,5.076806,"material damage only","4","clear",false,1,"GM0855"
"20220191761",2022,"Uitsluitend materiele schade",2,\N,"Fiets","Flank","Rechte weg",50,"Brandend","Daglicht","Droog",\N,"600601140","Peizerweg","Groningen","Groningen","Groningen",false,53.210118,6.549409,"material damage only","4","clear",false,1,"GM0014"
"20220192176",2022,"Uitsluitend materiele schade",2,"Personenauto","Fiets","Onbekend","Kruispunt, 4 takken",\N,"Brandend","Duisternis","Droog",\N,\N,"Elzenlaan","Groningen","Groningen","Groningen",false,53.232225,6.549401,"material damage only","4","clear",false,1,"GM0014"
"20220120062",2022,"Uitsluitend materiele schade",2,"Personenauto","e-bike","Onbekend","Rechte weg",30,"Niet brandend","Daglicht","Droog",\N,"600786960","Schipbeek","Huizen","Huizen","Noord-Holland",false,52.30443,5.256977,"material damage only","4","clear",false,1,"GM0406"
"20220124083",2022,"Uitsluitend materiele schade",2,"Bromfiets","Fiets","Onbekend","Bocht",50,\N,"Daglicht",\N,\N,"244379011","Papaverweg","Amsterdam","Amsterdam","Noord-Holland",false,52.39535,4.909554,"material damage only","4","unknown",false,1,"GM0363"
"20220136634",2022,"Uitsluitend materiele schade",2,"Bus","Fiets","Flank","Kruispunt, 4 takken",\N,"Niet brandend","Daglicht",\N,\N,\N,"Hoogstraat","Zwolle","Zwolle","Overijssel",false,52.512222,6.08669,"material damage only","4","unknown",false,1,"GM0193"
"20220142995",2022,"Uitsluitend materiele schade",2,"Fiets","Overig vast object","Vast voorwerp","Rechte weg",30,"Brandend","Duisternis","Droog",\N,"600941821","Goudenregensingel","Pijnacker","Pijnacker-Nootdorp","Zuid-Holland",false,52.021118,4.429679,"material damage only","4","clear",false,1,"GM1926"
"20220151312",2022,"Letsel",2,"Personenauto","Fiets","Flank","Kruispunt, 4 takken",\N,"Niet brandend","Daglicht","Droog",\N,\N,"Frankenstraat","Maastricht","Maastricht","Limburg",false,50.851998,5.718126,"injury","2","clear",false,1,"GM0935"
"20220155603",2022,"Uitsluitend materiele schade",2,"Personenauto","Fiets","Frontaal","Kruispunt, 4 takken",30,"Brandend","Schemer","Droog",\N,\N,"Houtkopersdwarsstraat","Amsterdam","Amsterdam","Noord-Holland",false,52.369019,4.902388,"material damage only","4","clear",false,1,"GM0363"
"20220155625",2022,"Letsel",2,"Bromfiets","Fiets","Flank","Kruispunt, 4 takken",50,"Niet brandend","Daglicht","Droog",\N,\N,"Parnassusweg","Amsterdam","Amsterdam","Noord-Holland",false,52.335164,4.869122,"injury","2","clear",false,1,"GM0363"
"20220173020",2022,"Uitsluitend materiele schade",2,"Motor","Fiets","Flank","Rotonde",50,"Niet brandend","Daglicht",\N,\N,\N,"Dukaton","Mijdrecht","De Ronde Venen","Utrecht",false,52.212882,4.868799,"material damage only","4","unknown",false,1,"GM0736"
"20220186841",2022,"Uitsluitend materiele schade",2,"Personenauto","e-bike","Flank","Kruispunt, 4 takken",50,"Niet brandend","Daglicht","Droog",\N,\N,"van Hertumweg","Goes","Goes","Zeeland",false,51.4955,3.88927,"material damage only","4","clear",false,1,"GM0664"
"20220187953",2022,"Letsel",3,"Bestelauto","Fiets","Onbekend","Bocht",30,"Niet brandend","Daglicht","Droog",\N,\N,"Waardstraat","Helmond","Helmond","Noord-Brabant",false,51.482938,5.654211,"injury","2","clear",false,1,"GM0794"
"20220192065",2022,"Uitsluitend materiele schade",2,"Personenauto","Fiets","Flank","Kruispunt, 4 takken",50,"Brandend","Duisternis","Droog",\N,\N,"Schuilenburg","Leeuwarden","Leeuwarden","Friesland",false,53.213874,5.841273,"material damage only","4","clear",false,1,"GM0080"
"20220193599",2022,"Uitsluitend materiele schade",2,"Personenauto","Fiets","Flank","Kruispunt, 4 takken",50,"Niet brandend","Daglicht","Droog",\N,\N,"Groningerstraatweg","Leeuwarden","Leeuwarden","Friesland",false,53.210342,5.809846,"material damage only","4","clear",false,1,"GM0080"
"20220152598",2022,"Letsel",1,"Fiets",\N,"Eenzijdig",\N,30,\N,"Duisternis",\N,\N,"400470030","Gelderingen","Steenwijkerwold","Steenwijkerland","Overijssel",false,52.801584,6.058546,"injury","2","unknown",false,1,"GM1708"
"20220168188",2022,"Letsel",2,"Bromfiets","Fiets","Frontaal","Bocht",50,"Niet brandend","Daglicht","Droog",\N,"600694517","Ootmarsumsestraat","Rossum","Dinkelland","Overijssel",false,52.363264,6.915426,"injury","2","clear",false,1,"GM1774"
"20220173114",2022,"Letsel",2,"Personenauto","Fiets","Geparkeerd voertuig","Rechte weg",30,"Niet brandend","Daglicht","Regen",\N,"295340042","Acacialaan","Baarn","Baarn","Utrecht",false,52.217721,5.282827,"injury","2","rain",false,1,"GM0308"
"20220196613",2022,"Uitsluitend materiele schade",1,"Fiets",\N,"Onbekend","Rechte weg",50,"Niet aanwezig","Daglicht","Droog",\N,"600608234","Groenewoudseweg","Nijmegen","Nijmegen","Gelderland",false,51.829863,5.865009,"material damage only","4","clear",false,1,"GM0268"
"20220115842",2022,"Uitsluitend materiele schade",2,"Snorfiets","Fiets","Flank","Kruispunt, 3 takken",50,"Niet brandend","Daglicht","Droog",\N,\N,"Lebuïnuslaan","Deventer","Deventer","Overijssel",false,52.270571,6.158619,"material damage only","4","clear",false,1,"GM0150"
"20220124195",2022,"Uitsluitend materiele schade",2,"Motor","Fiets","Flank","Kruispunt, 3 takken",50,"Niet brandend","Daglicht","Droog",\N,\N,"Sarphatistraat","Amsterdam","Amsterdam","Noord-Holland",false,52.360668,4.905311,"material damage only","4","clear",false,1,"GM0363"
"20220133146",2022,"Uitsluitend materiele schade",2,"Personenauto","e-bike","Flank","Kruispunt, 4 takken",50,"Niet brandend","Daglicht","Droog",\N,\N,"Eisterweg","Heerlen","Heerlen","Limburg",false,50.853697,5.991967,"material damage only","4","clear",false,1,"GM0917"
"20220133150",2022,"Uitsluitend materiele schade",2,"Fiets","Personenauto","Flank","Rotonde",50,"Brandend","Schemer","Droog",\N,\N,"Wijngracht","Kerkrade","Kerkrade","Limburg",false,50.868011,6.058932,"material damage only","4","clear",false,1,"GM0928"
"20220149051",2022,"Uitsluitend materiele schade",3,"Fiets","Fiets","Onbekend","Rechte weg",50,"Niet brandend","Daglicht","Droog",\N,"305181005","Oirschotseweg","Best","Best","Noord-Brabant",false,51.505957,5.355659,"material damage only","4","clear",false,1,"GM0753"
"20220168304",2022,"Letsel",2,"Bestelauto","Fiets","Frontaal","Rotonde",50,"Niet brandend","Daglicht","Droog",\N,\N,"Baron van Sternbachlaan","Nijverdal","Hellendoorn","Overijssel",false,52.374852,6.472931,"injury","2","clear",false,1,"GM0163"
"20220169423",2022,"Letsel",2,"Bestelauto","Fiets","Onbekend","Kruispunt, 3 takken",60,"Niet brandend","Daglicht","Droog",\N,\N,"Merelweg","Epse","Lochem","Gelderland",false,52.216517,6.219718,"injury","2","clear",false,1,"GM0262"
"20220175661",2022,"Letsel",2,"e-bike","Overig wegmeubilair","Vast voorwerp","Kruispunt, 4 takken",50,"Niet brandend","Daglicht","Droog",\N,\N,"Westtangent","Heerhugowaard","Dijk en Waard","Noord-Holland",false,52.667015,4.824156,"injury","2","clear",false,1,"GM1980"
"20220193966",2022,"Uitsluitend materiele schade",2,"Personenauto","Fiets","Flank","Kruispunt, 4 takken",50,"Brandend","Duisternis","Regen",\N,\N,"Helper Weststraat","Groningen","Groningen","Groningen",false,53.198017,6.575693,"material damage only","4","rain",false,1,"GM0014"
"20220196989",2022,"Uitsluitend materiele schade",2,"Bestelauto","Fiets","Frontaal","Rechte weg",30,"Niet aanwezig","Daglicht","Droog",\N,"373265016","Colmarstraat","Nijmegen","Nijmegen","Gelderland",false,51.880009,5.844316,"material damage only","4","clear",false,1,"GM0268"
"20220197101",2022,"Letsel",3,"Bromfiets","Fiets","Onbekend","Rechte weg",50,"Brandend","Duisternis","Droog",\N,"530353032","Oldenzaalsestraat","Losser","Losser","Overijssel",false,52.265558,6.999147,"injury","2","clear",false,1,"GM0168"
"20220123010",2022,"Uitsluitend materiele schade",2,"Personenauto","Fiets","Geparkeerd voertuig","Rechte weg",50,"Niet brandend","Daglicht","Droog","Parkeervoorziening","235483065","Molengang","Anna Paulowna","Hollands Kroon","Noord-Holland",false,52.861174,4.832225,"material damage only","4","clear",false,1,"GM1911"
"20220123018",2022,"Uitsluitend materiele schade",2,"Personenauto","e-bike","Flank","Rotonde",50,"Niet brandend","Daglicht","Droog",\N,\N,"Kanaalweg","Beverwijk","Beverwijk","Noord-Holland",false,52.473547,4.672403,"material damage only","4","clear",false,1,"GM0375"
"20240084737",2024,"Letsel",2,"Personenauto","Fiets","Flank","Rechte weg",50,"Niet brandend","Daglicht","Droog",\N,"346300136","Rozenplein","Ede","Ede","Gelderland",false,52.038393,5.65587,"injury","2","clear",false,1,"GM0228"
"20240086736",2024,"Uitsluitend materiele schade",2,"Personenauto","Fiets","Frontaal","Rechte weg",60,"Niet brandend","Daglicht","Droog",\N,"211419002","Heereweg","Castricum","Castricum","Noord-Holland",false,52.571253,4.658519,"material damage only","4","clear",false,1,"GM0383"
"20240093346",2024,"Uitsluitend materiele schade",2,"Personenauto","Fiets","Flank","Kruispunt, 3 takken",50,"Niet brandend","Daglicht","Droog",\N,\N,"Oostermoer","Assen","Assen","Drenthe",false,53.004276,6.548515,"material damage only","4","clear",false,1,"GM0106"
"20240094514",2024,"Uitsluitend materiele schade",1,"Fiets",\N,"Flank","Rechte weg",30,"Niet brandend","Daglicht","Droog",\N,"477592023","Oude Gang","Middelstum","Eemsdelta","Groningen",false,53.346485,6.643638,"material damage only","4","clear",false,1,"GM1979"