"accident_id","year","severity_raw","party_count","party1_type","party2_type","accident_type","road_situation","speed_limit_kmh","road_lighting","light_condition_label","weather_raw","infra_type","road_segment_id","street_name","place_name","gemeente_name_raw","province","alcohol_indicated","latitude","longitude","severity_label","severity_code","weather_label","built_up_area","cyclists_involved","gemeente_code"
"20240098435",2024,"Uitsluitend materiele schade",3,"Lichtmast","Fiets","Flank","Kruispunt, 3 takken",30,"Brandend","Duisternis","Droog",\N,\N,"Hugo de Vrieslaan","Amsterdam","Amsterdam","Noord-Holland",false,52.345728,4.920287,"material damage only","4","clear",false,1,"GM0363"
"20240040996",2024,"Uitsluitend materiele schade",1,"Fiets",\N,"Onbekend","Kruispunt, 4 takken",30,"Niet brandend","Daglicht","Regen",\N,\N,"Poortwachter","Amstelveen","Amstelveen","Noord-Holland",false,52.283,4.846139,"material damage only","4","rain",false,1,"GM0362"
"20240081553",2024,"Letsel",1,"e-bike",\N,"Onbekend","Rechte weg",50,"Niet brandend","Daglicht","Droog",\N,\N,"Zeeweg","Katwijk","Katwijk","Zuid-Holland",false,52.200258,4.41382,"injury","2","clear",false,1,"GM0537"
"20240086102",2024,"Uitsluitend materiele schade",2,"Bromfiets","Fiets","Frontaal","Rechte weg",30,"Niet brandend","Daglicht","Droog",\N,\N,"Croesestraat","Utrecht","Utrecht","Utrecht",false,52.077852,5.115331,"material damage only","4","clear",false,1,"GM0344"
"20240089382",2024,"Letsel",2,"Bromfiets","Fiets","Flank","Rechte weg",50,"Niet brandend","Daglicht","Droog",\N,"163309235","Wagenstraat","'s-Gravenhage","'s-Gravenhage","Zuid-Holland",false,52.074356,4.315632,"injury","2","clear",false,1,"GM0518"
"20240095567",2024,"Letsel",2,"Fiets","Fiets","Flank","Kruispunt, 4 takken",50,"Brandend","Duisternis","Regen",\N,\N,"Burg van der Willigenln","Hoofddorp","Haarlemmermeer","Noord-Holland",false,52.300003,4.698062,"injury","2","rain",false,1,"GM0394"
"20240041053",2024,"Letsel",2,"Fiets","Voetganger","Voetganger","Rechte weg",30,"Niet brandend","Daglicht","Droog",\N,"600754972","Plesmanlaan","Amsterdam","Amsterdam","Noord-Holland",false,52.346027,4.796282,"injury","2","clear",false,1,"GM0363"
"20240073250",2024,"Uitsluitend materiele schade",2,"Personenauto","Fiets","Flank","Rotonde",30,"Niet brandend","Daglicht","Regen",\N,\N,"Campenhoefdreef","Tilburg","Tilburg","Noord-Brabant",false,51.577817,5.001508,"material damage only","4","rain",false,1,"GM0855"
"20240092833",2024,"Uitsluitend materiele schade",2,"Fiets","Fiets","Kop/staart","Rechte weg",50,"Niet brandend","Daglicht","Droog",\N,"600809778","Mierloseweg","Geldrop","Geldrop-Mierlo","Noord-Brabant",false,51.429162,5.572058,"material damage only","4","clear",false,1,"GM1771"
"20240097523",2024,"Letsel",2,"Fiets","Bromfiets","Flank","Bocht",50,"Niet aanwezig","Daglicht","Droog",\N,"199284069","Weidezoompad","Nieuwerkerk aan den IJssel","Zuidplas","Zuid-Holland",false,51.965725,4.589039,"injury","2","clear",false,1,"GM1892"
"20240084882",2024,"Letsel",2,"Fiets","Fiets","Onbekend","Rechte weg",\N,"Niet brandend","Schemer","Droog",\N,"336354001","Oude Telgterweg","Ermelo","Ermelo","Gelderland",false,52.284165,5.586948,"injury","2","clear",false,1,"GM0233"
"20240085537",2024,"Letsel",2,"Fiets","Fiets","Onbekend",\N,50,\N,"Daglicht",\N,\N,\N,"IJpenbroekweg","Nijmegen","Nijmegen","Gelderland",false,51.827745,5.792812,"injury","2","unknown",false,1,"GM0268"
"20240092286",2024,"Uitsluitend materiele schade",2,"Personenauto","Fiets","Onbekend","Rotonde",30,"Niet brandend","Daglicht","Droog",\N,\N,"WILHELMINAPLEIN","Heeze","Heeze-Leende","Noord-Brabant",false,51.376811,5.577653,"material damage only","4","clear",false,1,"GM1658"
"20240092438",2024,"Uitsluitend materiele schade",2,"Personenauto","Fiets","Flank","Kruispunt, 4 takken",50,"Niet brandend","Daglicht","Regen",\N,\N,"Sint Wirosingel","Roermond","Roermond","Limburg",false,51.176019,6.010655,"material damage only","4","rain",false,1,"GM0957"
"20240093499",2024,"Letsel",1,"Fiets",\N,"Onbekend","Rechte weg",50,"Brandend","Duisternis","Droog",\N,\N,"Nieuwe Ebbingestraat","Groningen","Groningen","Groningen",false,53.226081,6.56123,"injury","2","clear",false,1,"GM0014"
"20240094657",2024,"Uitsluitend materiele schade",2,"Personenauto","Fiets","Frontaal","Rechte weg",30,"Niet brandend","Daglicht","Droog",\N,"420351021","Oerdijk","Schalkhaar","Deventer","Overijssel",false,52.265905,6.199397,"material damage only","4","clear",false,1,"GM0150"
"20240097662",2024,"Letsel",2,"Fiets","Personenauto","Frontaal","Rechte weg",30,"Niet brandend","Daglicht","Droog",\N,"177335053","Parnassia","Katwijk","Katwijk","Zuid-Holland",false,52.192271,4.417375,"injury","2","clear",false,1,"GM0537"
"20240045405",2024,"Letsel",2,"Bestelauto","Fiets","Flank","Kruispunt, 4 takken",50,"Niet brandend","Daglicht","Droog",\N,\N,"Muntelbolwerk","'s-Hertogenbosch","'s-Hertogenbosch","Noord-Brabant",false,51.69157,5.317436,"injury","2","clear",false,1,"GM0796"
"20240082353",2024,"Uitsluitend materiele schade",2,"Personenauto","Fiets","Flank","Kruispunt, 3 takken",50,"Niet brandend","Daglicht","Droog",\N,\N,"Hoofdstraat","Landgraaf","Landgraaf","Limburg",false,50.890155,6.014693,"material damage only","4","clear",false,1,"GM0882"
"20240095167",2024,"Uitsluitend materiele schade",2,"Personenauto","Fiets","Frontaal","Rechte weg",50,"Niet brandend","Daglicht","Droog",\N,"600815960","Worp Tjaardastraat","Sneek","Súdwest-Fryslân","Friesland",false,53.037116,5.650488,"material damage only","4","clear",false,1,"GM1900"
"20240046121",2024,"Uitsluitend materiele schade",3,"Personenauto","Fiets","Los voorwerp","Rechte weg",30,"Niet brandend","Daglicht","Droog",\N,"286282003","Veerweg","Culemborg","Culemborg","Gelderland",false,51.960763,5.219628,"material damage only","4","clear",false,1,"GM0216"
"20240082386",2024,"Letsel",2,"Personenauto","e-bike","Onbekend","Kruispunt, 3 takken",50,"Niet brandend","Daglicht","Regen",\N,\N,"Bataweg","Best","Best","Noord-Brabant",false,51.490988,5.390145,"injury","2","rain",false,1,"GM0753"
"20240048538",2024,"Letsel",2,"Fiets","Personenauto","Flank","Rechte weg",60,"Niet brandend","Daglicht","Droog",\N,"308320040","Dodeweg-West","Amersfoort","Amersfoort","Utrecht",false,52.131113,5.374905,"injury","2","clear",false,1,"GM0307"
"20240049149",2024,"Letsel",2,"Fiets","Personenauto","Onbekend","Bocht",50,"Niet brandend","Daglicht","Droog",\N,\N,"Afinkstraat","Enschede","Enschede","Overijssel",false,52.217088,6.836785,"injury","2","clear",false,1,"GM0153"
"20240081786",2024,"Letsel",2,"Personenauto","Fiets","Onbekend","Kruispunt, 4 takken",50,"Niet brandend","Daglicht","Droog",\N,\N,"Voorhofdreef","Delft","Delft","Zuid-Holland",false,51.994723,4.355813,"injury","2","clear",false,1,"GM0503"
"20240093302",2024,"Uitsluitend materiele schade",2,"Fiets","Fiets","Flank","Rechte weg",30,"Niet brandend","Daglicht","Droog",\N,"526340017","Ouverturestraat","Enschede","Enschede","Overijssel",false,52.209687,6.973835,"material damage only","4","clear",false,1,"GM0153"
"20240093307",2024,"Letsel",2,"Bestelauto","Fiets","Flank","Kruispunt, 4 takken",60,"Niet brandend","Daglicht","Droog",\N,\N,"Rollecate","Punthorst","Staphorst","Overijssel",false,52.590664,6.24698,"injury","2","clear",false,1,"GM0180"
"20240089633",2024,"Letsel",1,"Fiets",\N,"Onbekend",\N,\N,\N,"Daglicht",\N,\N,"234374076","Jan Evertsenstraat","Amsterdam","Amsterdam","Noord-Holland",false,52.370457,4.831638,"injury","2","unknown",false,1,"GM0363"
"20240089649",2024,"Dodelijk",2,"Fiets","Dier","Onbekend","Rechte weg",30,"Niet brandend","Daglicht","Droog",\N,"600763387","Amsteldijk","Amsterdam","Amsterdam","Noord-Holland",false,52.338216,4.906683,"fatal","1","clear",false,1,"GM0363"
"20240101936",2024,"Uitsluitend materiele schade",3,"Personenauto","Fiets","Flank","Rechte weg",30,"Niet brandend","Daglicht","Droog","Bus-/Tramhalte","293223037","Boschmeersingel","'s-Hertogenbosch","'s-Hertogenbosch","Noord-Brabant",false,51.692253,5.271644,"material damage only","4","clear",false,1,"GM0796"
"20240103095",2024,"Letsel",2,"Fiets","Motor","Flank","Bocht",60,"Niet brandend","Daglicht","Droog",\N,"328173002","Boord","Nuenen","Nuenen, Gerwen en Nederwetten","Noord-Brabant",false,51.470499,5.525181,"injury","2","clear",false,1,"GM0820"
"20240072633",2024,"Uitsluitend materiele schade",1,"Fiets",\N,"Onbekend","Kruispunt, 4 takken",50,"Niet brandend","Daglicht","Droog",\N,\N,"Philitelaan","Eindhoven","Eindhoven","Noord-Brabant",false,51.445115,5.462724,"material damage only","4","clear",false,1,"GM0772"
"20240085077",2024,"Letsel",2,"Bromfiets","Fiets","Onbekend","Rechte weg",30,"Niet aanwezig","Daglicht","Droog",\N,\N,"Veerstraat","Wageningen","Wageningen","Gelderland",false,51.966424,5.668714,"injury","2","clear",false,1,"GM0289"
"20240089003",2024,"Uitsluitend materiele schade",2,"Personenauto","Fiets","Flank","Kruispunt, 4 takken",30,"Niet brandend","Daglicht","Droog",\N,\N,"KEIZERSBRUG 0286","Amsterdam","Amsterdam","Noord-Holland",false,52.37129,4.903758,"material damage only","4","clear",false,1,"GM0363"
"20240091602",2024,"Letsel",2,"Personenauto","Fiets","Flank","Rechte weg",\N,"Niet brandend","Daglicht","Droog",\N,"600379567","Wolterbeekstraat","'s-Gravenhage","'s-Gravenhage","Zuid-Holland",false,52.069511,4.318468,"injury","2","clear",false,1,"GM0518"
"20240096988",2024,"Uitsluitend materiele schade",2,"Personenauto","Fiets","Flank","Rechte weg",30,"Niet brandend","Daglicht","Droog",\N,"600396072","Harsseveldhoek","Enschede","Enschede","Overijssel",false,52.190583,6.855584,"material damage only","4","clear",false,1,"GM0153"
"20240046916",2024,"Uitsluitend materiele schade",2,"Personenauto","Fiets","Flank","Rotonde",50,"Niet brandend","Daglicht","Regen",\N,\N,"Kerklaan","Rozendaal","Rozendaal","Gelderland",false,52.006899,5.959721,"material damage only","4","rain",false,1,"GM0277"
"20240089052",2024,"Letsel",1,"Fiets",\N,"Onbekend","Bocht",30,"Niet brandend","Daglicht","Droog",\N,"165306022","Trekweg","'s-Gravenhage","'s-Gravenhage","Zuid-Holland",false,52.063891,4.337579,"injury","2","clear",false,1,"GM0518"
"20240099818",2024,"Letsel",2,"Personenauto","Fiets","Onbekend","Kruispunt, 3 takken",30,"Niet brandend","Daglicht","Regen",\N,\N,"Van Leeuwenhoekhof","Rotterdam","Rotterdam","Zuid-Holland",false,51.945755,4.446221,"injury","2","rain",false,1,"GM0599"
"20240045653",2024,"Letsel",2,"Fiets","Dier","Dier","Rechte weg",30,"Niet brandend","Daglicht","Droog",\N,"600538134","Wekeromseweg","Ede","Ede","Gelderland",false,52.077048,5.693164,"injury","2","clear",false,1,"GM0228"
"20240049959",2024,"Letsel",2,"Fiets","Bromfiets","Flank","Kruispunt, 4 takken",30,"Brandend","Duisternis","Droog",\N,\N,"Heereweg","Lisse","Lisse","Zuid-Holland",false,52.260728,4.554866,"injury","2","clear",false,1,"GM0553"
"20240072726",2024,"Dodelijk",2,"Fiets","Boom","Vast voorwerp","Bocht",30,"Niet aanwezig","Daglicht","Droog",\N,"362029005","Eckelraderweg","Cadier en Keer","Eijsden-Margraten","Limburg",false,50.824066,5.76305,"fatal","1","clear",false,1,"GM1903"
"20240085825",2024,"Letsel",2,"Personenauto","Fiets","Onbekend","Kruispunt, 3 takken",30,"Niet brandend","Daglicht","Droog",\N,\N,"Vaartweg","Steggerda","Weststellingwerf","Friesland",false,52.856907,6.074062,"injury","2","clear",false,1,"GM0098"
"20240086446",2024,"Letsel",2,"Fiets",\N,"Flank","Rechte weg",60,"Niet brandend","Daglicht",\N,\N,"600767687","Koningin Julianalaan","Hippolytushoef","Hollands Kroon","Noord-Holland",false,52.90085,4.966976,"injury","2","unknown",false,1,"GM1911"
"20240098997",2024,"Letsel",2,"Snorfiets","Fiets","Flank","Rechte weg",30,"Niet brandend","Daglicht","Regen",\N,"600543336","Hoornselaan","Purmerend","Purmerend","Noord-Holland",false,52.511381,4.951821,"injury","2","rain",false,1,"GM0439"
"20240048732",2024,"Uitsluitend materiele schade",2,"Personenauto","Fiets","Flank","Kruispunt, 3 takken",60,"Niet brandend","Daglicht","Droog",\N,\N,"Zalnéweg","Zwolle","Zwolle","Overijssel",false,52.496199,6.140236,"material damage only","4","clear",false,1,"GM0193"
"20240049975",2024,"Uitsluitend materiele schade",2,"Fiets","Fiets","Flank","Bocht",50,"Niet brandend","Daglicht","Droog",\N,"600379388","Hobbemaplein","'s-Gravenhage","'s-Gravenhage","Zuid-Holland",false,52.06676,4.29646,"material damage only","4","clear",false,1,"GM0518"
"20240085187",2024,"Uitsluitend materiele schade",2,"Fiets","Overig vast object","Vast voorwerp","Rechte weg",30,"Niet brandend","Daglicht","Droog",\N,"339358056","Groene Haeg","Ermelo","Ermelo","Gelderland",false,52.300202,5.604786,"material damage only","4","clear",false,1,"GM0233"
"20240091073",2024,"Letsel",2,"Fiets","Fiets","Flank","Rechte weg",50,"Niet brandend","Daglicht","Droog",\N,"63179116","Oude Vlissingseweg","Middelburg","Middelburg","Zeeland",false,51.486043,3.611022,"injury","2","clear",false,1,\N
"20240095994",2024,"Uitsluitend materiele schade",2,"Personenauto","Fiets","Flank","Rotonde",50,"Niet brandend","Daglicht","Droog",\N,\N,"Koningin Julianastraat","Emmeloord","Noordoostpolder","Flevoland",false,52.711438,5.750006,"material damage only","4","clear",false,1,"GM0171"
"20240100216",2024,"Letsel",2,"Personenauto","Fiets","Flank","Rotonde",50,"Niet brandend","Daglicht","Droog",\N,\N,"Kapershoekseweg","Hoogvliet Rotterdam","Rotterdam","Zuid-Holland",false,51.862212,4.366377,"injury","2","clear",false,1,"GM0599"
"20240100332",2024,"Letsel",2,"Fiets","Personenauto","Flank","Rotonde",50,"Niet brandend","Daglicht","Droog",\N,\N,"Leidsestraat","Hillegom","Hillegom","Zuid-Holland",false,52.289109,4.57707,"injury","2","clear",false,1,"GM0534"
"20240100349",2024,"Letsel",2,"Personenauto","Fiets","Flank","Rechte weg",30,"Niet brandend","Daglicht","Droog",\N,"219295088","Middenwillenseweg","Gouda","Gouda","Zuid-Holland",false,52.016204,4.730921,"injury","2","clear",false,1,"GM0513"
"20240045753",2024,"Uitsluitend materiele schade",2,"Personenauto","Fiets","Flank","Kruispunt, 3 takken",60,"Niet brandend","Daglicht","Droog",\N,\N,"Beentjesweg","Terwolde","Voorst","Gelderland",false,52.260629,6.059562,"material damage only","4","clear",false,1,"GM0285"
"20240087242",2024,"Uitsluitend materiele schade",2,"Personenauto","Fiets","Flank","Rechte weg",30,"Niet brandend","Daglicht","Droog",\N,\N,"Patrimoniumlaan","Veenendaal","Veenendaal","Utrecht",false,52.020057,5.541602,"material damage only","4","clear",false,1,"GM0345"
"20240096007",2024,"Letsel",2,"Fiets","Fiets","Onbekend","Rechte weg",50,"Niet brandend","Daglicht","Droog",\N,"600777727","Rijksweg","Naarden","Gooise Meren","Noord-Holland",false,52.306571,5.132987,"injury","2","clear",false,1,"GM1942"
"20240096557",2024,"Letsel",3,"Fiets","Personenauto","Frontaal","Kruispunt, 3 takken",30,"Brandend","Schemer","Droog",\N,\N,"Salland","Utrecht","Utrecht","Utrecht",false,52.064412,5.136422,"injury","2","clear",false,1,"GM0344"
"20240102664",2024,"Uitsluitend materiele schade",2,"Bromfiets","Fiets","Flank","Rechte weg",50,"Niet brandend","Daglicht","Droog",\N,"190201045","Beatrixlaan","Oudenbosch","Halderberge","Noord-Brabant",false,51.592867,4.528396,"material damage only","4","clear",false,1,"GM1655"
"20240102675",2024,"Letsel",2,"Personenauto","Fiets","Onbekend",\N,50,\N,"Daglicht",\N,\N,\N,"Dijksterhuisstraat","Tilburg","Tilburg","Noord-Brabant",false,51.568348,5.102701,"injury","2","unknown",false,1,"GM0855"
"20240044242",2024,"Uitsluitend materiele schade",2,"Personenauto","Fiets","Flank","Kruispunt, 4 takken",50,"Brandend","Duisternis","Regen",\N,\N,"Renier Nafzgerstraat","Maastricht","Maastricht","Limburg",false,50.8406,5.706357,"material damage only","4","rain",false,1,"GM0935"
"20240047078",2024,"Uitsluitend materiele schade",2,"Fiets","Bestelauto","Flank","Rotonde",50,"Niet brandend","Daglicht","Droog",\N,\N,"Rooseveltweg","Wageningen","Wageningen","Gelderland",false,51.97673,5.661076,"material damage only","4","clear",false,1,"GM0289"
"20240048793",2024,"Uitsluitend materiele schade",2,"Bromfiets","Fiets","Frontaal","Kruispunt, 4 takken",50,"Niet brandend","Daglicht","Droog",\N,\N,"Oldenzaalsestraat","Enschede","Enschede","Overijssel",false,52.223678,6.899073,"material damage only","4","clear",false,1,"GM0153"
"20240075426",2024,"Uitsluitend materiele schade",2,"Personenauto","Fiets","Flank","Rechte weg",30,"Niet brandend","Daglicht","Regen",\N,"600515374","Broeksingel","Malden","Heumen","Gelderland",false,51.780072,5.852769,"material damage only","4","rain",false,1,"GM0252"
"20240087910",2024,"Uitsluitend materiele schade",2,"Personenauto","Fiets","Frontaal","Kruispunt, 3 takken",30,"Brandend","Duisternis","Droog",\N,\N,"Choorstraat","Monster","Westland","Zuid-Holland",false,52.021943,4.175478,"material damage only","4","clear",false,1,"GM1783"
"20240101146",2024,"Letsel",1,"Fiets",\N,"Onbekend","Rechte weg",15,"Niet brandend","Schemer","Droog",\N,"600742276","Parklaan","Waddinxveen","Waddinxveen","Zuid-Holland",false,52.029751,4.643541,"injury","2","clear",false,1,"GM0627"
"20240048230",2024,"Uitsluitend materiele schade",2,"Bestelauto","e-bike","Flank","Kruispunt, 4 takken",50,"Niet brandend","Daglicht","Droog",\N,\N,"Blokhoeve","Nieuwegein","Nieuwegein","Utrecht",false,52.046868,5.089734,"material damage only","4","clear",false,1,"GM0356"
"20240078331",2024,"Dodelijk",2,"Fiets","Fiets","Frontaal","Bocht",50,"Niet brandend","Daglicht","Droog",\N,"600514000","FIETSPAD","Houten","Houten","Utrecht",false,52.036772,5.154466,"fatal","1","clear",false,1,"GM0321"
"20240089922",2024,"Uitsluitend materiele schade",2,"Personenauto","Fiets","Flank","Kruispunt, 4 takken",30,"Niet brandend","Daglicht","Droog",\N,\N,"Grevelingenstraat","Zierikzee","Schouwen-Duiveland","Zeeland",false,51.648998,3.906425,"material damage only","4","clear",false,1,"GM1676"
"20240091188",2024,"Letsel",2,"Fiets","Boom","Vast voorwerp","Rechte weg",60,"Niet aanwezig","Duisternis","Droog",\N,"600705345","Vroonweg","Biggekerke","Veere","Zeeland",false,51.487501,3.51345,"injury","2","clear",false,1,"GM0717"
"20240101460",2024,"Letsel",1,"Fiets",\N,"Onbekend","Rechte weg",50,"Niet brandend","Daglicht","Droog",\N,"384210006","Kleine Broekstraat","Boxmeer","Land van Cuijk","Noord-Brabant",false,51.638139,5.928649,"injury","2","clear",false,1,"GM1982"
"20240103048",2024,"Uitsluitend materiele schade",2,"Fiets","Personenauto","Flank","Kruispunt, 4 takken",30,"Niet brandend","Daglicht","Regen",\N,\N,"Van Vurenstraat","Made","Drimmelen","Noord-Brabant",false,51.672091,4.787357,"material damage only","4","rain",false,1,"GM1719"
"20240045895",2024,"Letsel",2,"Fiets","Fiets","Frontaal","Bocht",80,"Niet brandend","Duisternis","Droog",\N,"431580012","Waardweg","Grijpskerk","Westerkwartier","Groningen",false,53.288274,6.300322,"injury","2","clear",false,1,"GM1969"
"20240046510",2024,"Letsel",3,"Personenauto","Fiets","Flank","Kruispunt, 3 takken",60,"Niet brandend","Daglicht","Regen",\N,\N,"Leemweg","Terschuur","Barneveld","Gelderland",false,52.1657,5.527046,"injury","2","rain",false,1,"GM0203"
"20240074452",2024,"Uitsluitend materiele schade",2,"Snorfiets","Fiets","Onbekend","Kruispunt, 3 takken",15,"Brandend","Schemer","Droog",\N,\N,"Haverberg","Roosendaal","Roosendaal","Noord-Brabant",false,51.515746,4.434839,"material damage only","4","clear",false,1,"GM1674"
"20240076120",2024,"Letsel",2,"Bestelauto","Fiets","Flank","Kruispunt, 3 takken",30,"Niet brandend","Daglicht","Droog",\N,\N,"Nieuwediep","Huissen","Lingewaard","Gelderland",false,51.9218,5.927284,"injury","2","clear",false,1,"GM1705"
"20240088639",2024,"Letsel",1,"Fiets",\N,"Onbekend",\N,50,\N,"Daglicht",\N,\N,"601243824","Veenweidepad","Gouda","Gouda","Zuid-Holland",false,52.004776,4.713669,"injury","2","unknown",false,1,"GM0513"
"20240049526",2024,"Letsel",2,"Snorfiets","Fiets","Frontaal","Rechte weg",30,"Brandend","Duisternis","Droog",\N,"267313024","Vleutenseweg","Utrecht","Utrecht","Utrecht",false,52.097478,5.080743,"injury","2","clear",false,1,"GM0344"
"20240049556",2024,"Letsel",2,"Bestelauto","Fiets","Onbekend","Rechte weg",50,"Niet brandend","Daglicht","Droog",\N,"600881875","Sloetsweg","Hengelo","Hengelo (O)","Overijssel",false,52.273301,6.803545,"injury","2","clear",false,1,\N
"20230051234",2023,"Uitsluitend materiele schade",2,"Bromfiets","Fiets","Flank","Rechte weg",30,"Brandend","Daglicht","Droog",\N,"600839544","Beugenseweg","Boxmeer","Land van Cuijk","Noord-Brabant",false,51.659076,5.941944,"material damage only","4","clear",false,1,"GM1982"
"20230058363",2023,"Letsel",2,"Personenauto","Fiets","Flank","Rechte weg",50,\N,"Daglicht","Droog",\N,"235280015","Rotterdamseweg","Schoonhoven","Krimpenerwaard","Zuid-Holland",false,51.948194,4.843587,"injury","2","clear",false,1,"GM1931"
"20230047773",2023,"Letsel",2,"Fiets","Fiets","Flank","Kruispunt, 4 takken",50,"Niet brandend","Daglicht","Droog",\N,\N,"Jan Campertstraat","Haarlem","Haarlem","Noord-Holland",false,52.419272,4.648093,"injury","2","clear",false,1,"GM0392"
"20230053624",2023,"Uitsluitend materiele schade",2,"Personenauto","Fiets","Flank","Kruispunt, 4 takken",50,"Niet brandend","Daglicht","Droog",\N,\N,"Populierenstraat","Nederweert","Nederweert","Limburg",false,51.280149,5.749337,"material damage only","4","clear",false,1,"GM0946"
"20230062427",2023,"Uitsluitend materiele schade",2,"Personenauto","Fiets","Flank","Kruispunt, 3 takken",30,"Niet brandend","Daglicht","Droog",\N,\N,"Bomansplaats","Eindhoven","Eindhoven","Noord-Brabant",false,51.429843,5.484878,"material damage only","4","clear",false,1,"GM0772"
"20240128650",2024,"Uitsluitend materiele schade",3,"Bestelauto","Fiets","Onbekend","Rechte weg",60,"Niet aanwezig","Daglicht","Droog",\N,"392573002","Haadwei","De Falom","Dantumadiel","Friesland",false,53.263955,6.008218,"material damage only","4","clear",false,1,"GM1891"
"20240128651",2024,"Letsel",2,"Snorfiets","Fiets","Flank","Kruispunt, 3 takken",30,"Niet brandend","Daglicht","Droog/Mist",\N,\N,"Bloemstraat","Groningen","Groningen","Groningen",false,53.223712,6.569593,"injury","2","unknown",false,1,"GM0014"
"20230063531",2023,"Letsel",2,"Fiets","Personenauto","Flank","Kruispunt, 3 takken",50,\N,"Duisternis","Regen",\N,\N,"Westerparklaan","Breda","Breda","Noord-Brabant",false,51.582688,4.742744,"injury","2","rain",false,1,"GM0758"
"20230037343",2023,"Letsel",1,"Fiets",\N,"Eenzijdig","Rechte weg",80,"Niet brandend","Daglicht","Droog",\N,"600508628","Austerlitzseweg","Austerlitz","Zeist","Utrecht",false,52.084025,5.304742,"injury","2","clear",false,1,"GM0355"
"20230045480",2023,"Uitsluitend materiele schade",2,"Fiets","Personenauto","Flank","Rotonde",50,"Niet brandend","Daglicht","Droog",\N,\N,"Siersteenlaan","Groningen","Groningen","Groningen",false,53.22538,6.526311,"material damage only","4","clear",false,1,"GM0014"
"20230049029",2023,"Uitsluitend materiele schade",2,"Fiets","Personenauto","Flank","Kruispunt, 4 takken",50,"Niet brandend","Daglicht","Droog",\N,\N,"Machiel Vrijenhoeklaan","'s-Gravenhage","'s-Gravenhage","Zuid-Holland",false,52.066279,4.224058,"material damage only","4","clear",false,1,"GM0518"
"20230060451",2023,"Uitsluitend materiele schade",1,"Fiets",\N,"Onbekend","Rechte weg",\N,"Niet brandend","Daglicht","Droog",\N,"215248033","Chico Mendesring","Dordrecht","Dordrecht","Zuid-Holland",false,51.806436,4.706003,"material damage only","4","clear",false,1,"GM0505"
"20230063000",2023,"Letsel",2,"Fiets","Bestelauto","Eenzijdig","Rechte weg",50,"Brandend","Duisternis","Droog",\N,"389050052","Ganzeweide","Heerlen","Heerlen","Limburg",false,50.91672,5.951227,"injury","2","clear",false,1,"GM0917"
"20230037957",2023,"Letsel",1,"e-bike",\N,"Eenzijdig","Kruispunt, 4 takken",50,"Niet brandend","Daglicht","Droog",\N,\N,"Wognumsebuurt","Alkmaar","Alkmaar","Noord-Holland",false,52.637679,4.733939,"injury","2","clear",false,1,"GM0361"
"20230047836",2023,"Letsel",2,"e-bike","Personenauto","Flank","Kruispunt, 4 takken",50,"Niet brandend","Daglicht","Droog",\N,\N,"Noordersluisweg","Velsen-Noord","Velsen","Noord-Holland",false,52.470136,4.63511,"injury","2","clear",false,1,"GM0453"
"20230048494",2023,"Letsel",2,"Personenauto","Fiets","Geparkeerd voertuig","Rechte weg",80,"Niet brandend","Daglicht","Droog","Parkeervoorziening","600530524","Groene Kruisweg","Spijkenisse","Nissewaard","Zuid-Holland",false,51.853,4.321954,"injury","2","clear",false,1,"GM1930"
"20230057510",2023,"Letsel",2,"Fiets","Fiets","Onbekend","Kruispunt, 4 takken",50,"Niet brandend","Daglicht","Droog",\N,\N,"Spuistraat","Bunschoten-Spakenburg","Bunschoten","Utrecht",false,52.250243,5.376841,"injury","2","clear",false,1,"GM0313"
"20230060978",2023,"Uitsluitend materiele schade",2,"Personenauto","Fiets","Flank","Kruispunt, 4 takken",30,"Niet brandend","Daglicht","Droog",\N,\N,"Loeffstraat","Schiedam","Schiedam","Zuid-Holland",false,51.92047,4.387876,"material damage only","4","clear",false,1,"GM0606"
"20230061531",2023,"Letsel",2,"Fiets","Fiets","Frontaal","Rotonde",\N,"Brandend","Duisternis","Droog",\N,\N,"Noorderkeerkring","Alphen aan den Rijn","Alphen aan den Rijn","Zuid-Holland",false,52.123832,4.654854,"injury","2","clear",false,1,"GM0484"
"20230062794",2023,"Letsel",2,"e-bike","e-bike","Flank","Kruispunt, 4 takken",30,"Niet brandend","Daglicht","Droog",\N,\N,"Oude Vlissingseweg","Middelburg","Middelburg","Zeeland",false,51.483388,3.611505,"injury","2","clear",false,1,\N
"20230040283",2023,"Letsel",1,"e-bike",\N,"Eenzijdig","Kruispunt, 4 takken",50,"Niet brandend","Daglicht","Droog",\N,\N,"Aaltje Noordewierstraat","'s-Gravenhage","'s-Gravenhage","Zuid-Holland",false,52.062308,4.230304,"injury","2","clear",false,1,"GM0518"
"20230046124",2023,"Letsel",3,"Fiets","Fiets","Onbekend","Rechte weg",50,"Brandend","Duisternis","Droog",\N,"468562069","Hereweg","Groningen","Groningen","Groningen",false,53.209581,6.571946,"injury","2","clear",false,1,"GM0014"
"20230053703",2023,"Uitsluitend materiele schade",2,"Fiets","Fiets","Kop/staart","Rechte weg",\N,"Niet brandend","Daglicht","Droog",\N,"415145022","Kaldenkerkerweg","Tegelen","Venlo","Limburg",false,51.339794,6.147376,"material damage only","4","clear",false,1,"GM0983"
"20230056607",2023,"Letsel",2,"Personenauto","Fiets","Flank","Kruispunt, 4 takken",30,"Niet brandend","Daglicht","Droog",\N,\N,"Parkstraat","Arnhem","Arnhem","Gelderland",false,51.981332,5.919448,"injury","2","clear",false,1,"GM0202"