"accident_id","year","severity_raw","party_count","party1_type","party2_type","accident_type","road_situation","speed_limit_kmh","road_lighting","light_condition_label","weather_raw","infra_type","road_segment_id","street_name","place_name","gemeente_name_raw","province","alcohol_indicated","latitude","longitude","severity_label","severity_code","weather_label","built_up_area","cyclists_involved","gemeente_code"
"20240127085",2024,"Letsel",2,"Personenauto","Fiets","Flank","Kruispunt, 4 takken",30,"Brandend","Duisternis","Droog",\N,\N,"BOTERINGEBRUG","Groningen","Groningen","Groningen",false,53.221475,6.562599,"injury","2","clear",false,1,"GM0014"
"20240132454",2024,"Uitsluitend materiele schade",2,"Personenauto","Fiets","Flank","Rotonde",50,"Niet brandend","Daglicht","Regen",\N,\N,"Bredewater","Zoetermeer","Zoetermeer","Zuid-Holland",false,52.054667,4.475836,"material damage only","4","rain",false,1,"GM0637"
"20230064770",2023,"Uitsluitend materiele schade",2,"Personenauto","Fiets","Onbekend","Kruispunt, 4 takken",60,"Niet brandend","Daglicht","Droog",\N,\N,"Nieuwe Zuiderlingedijk","Heukelum","West Betuwe","Gelderland",false,51.867184,5.089882,"material damage only","4","clear",false,1,"GM1960"
"20240132648",2024,"Letsel",3,\N,"Fiets","Dier","Rechte weg",30,"Niet brandend","Daglicht","Droog",\N,"173336027","Berkheidestraat","Katwijk","Katwijk","Zuid-Holland",false,52.197547,4.39223,"injury","2","clear",false,1,"GM0537"
"20230040332",2023,"Letsel",1,"Fiets",\N,"Eenzijdig","Rechte weg",30,"Niet brandend","Daglicht","Droog",\N,"149307032","Hoek van Hollandlaan","'s-Gravenhage","'s-Gravenhage","Zuid-Holland",false,52.065329,4.219342,"injury","2","clear",false,1,"GM0518"
"20230040339",2023,"Letsel",2,"Bestelauto","Fiets","Flank","Kruispunt, 4 takken",50,"Brandend","Duisternis","Droog",\N,\N,"Johan de Wittlaan","'s-Gravenhage","'s-Gravenhage","Zuid-Holland",false,52.095644,4.286395,"injury","2","clear",false,1,"GM0518"
"20230046758",2023,"Letsel",3,"Fiets","Fiets","Onbekend","Rechte weg",\N,"Niet aanwezig","Daglicht","Droog",\N,"294324001","Dolderseweg","Soest","Soest","Utrecht",false,52.152458,5.278103,"injury","2","clear",false,1,"GM0342"
"20230052009",2023,"Uitsluitend materiele schade",2,"Personenauto","Fiets","Onbekend","Kruispunt, 4 takken",60,"Niet brandend","Daglicht","Droog",\N,\N,"Rijsbergsebaan","Breda","Breda","Noord-Brabant",false,51.531749,4.754463,"material damage only","4","clear",false,1,"GM0758"
"20230052011",2023,"Uitsluitend materiele schade",2,"Personenauto","Fiets","Flank","Rotonde",60,"Niet brandend","Daglicht","Droog",\N,\N,"Boonevlietweg","Langerak","Molenlanden","Zuid-Holland",false,51.923354,4.914562,"material damage only","4","clear",false,1,"GM1978"
"20230053182",2023,"Letsel",2,"Personenauto","e-bike","Onbekend","Kruispunt, 4 takken",50,"Niet aanwezig","Daglicht","Droog",\N,\N,"Aanstede","Teteringen","Breda","Noord-Brabant",false,51.604322,4.816282,"injury","2","clear",false,1,"GM0758"
"20230054897",2023,"Uitsluitend materiele schade",3,"Snorfiets","Fiets","Kop/staart","Rechte weg",30,"Brandend","Schemer","Regen","Bus-/Tramhalte","516340080","Kuipersdijk","Enschede","Enschede","Overijssel",false,52.208349,6.895457,"material damage only","4","rain",false,1,"GM0153"
"20230062880",2023,"Uitsluitend materiele schade",2,"Personenauto","Fiets","Frontaal","Kruispunt, 4 takken",30,"Niet brandend","Daglicht","Droog",\N,\N,"Grote Gracht","Maastricht","Maastricht","Limburg",false,50.850626,5.687222,"material damage only","4","clear",false,1,"GM0935"
"20240133179",2024,"Letsel",1,"Fiets",\N,"Eenzijdig","Rechte weg",50,"Niet brandend","Daglicht","Droog",\N,"151304089","Tramstraat","'s-Gravenhage","'s-Gravenhage","Zuid-Holland",false,52.053876,4.235563,"injury","2","clear",false,1,"GM0518"
"20230038054",2023,"Letsel",2,"Personenauto","Fiets","Flank","Kruispunt, 3 takken",50,"Niet brandend","Daglicht","Droog",\N,\N,"Zwaagdijk","Zwaagdijk-Oost","Medemblik","Noord-Holland",false,52.698209,5.116287,"injury","2","clear",false,1,"GM0420"
"20230038664",2023,"Uitsluitend materiele schade",2,"Personenauto","Fiets","Onbekend","Rotonde",50,"Niet brandend","Daglicht","Regen",\N,\N,"Eulerlaan","Dordrecht","Dordrecht","Zuid-Holland",false,51.78264,4.676201,"material damage only","4","rain",false,1,"GM0505"
"20230049166",2023,"Letsel",2,"Personenauto","Fiets","Onbekend","Rechte weg",30,"Brandend","Duisternis","Droog",\N,"212341031","Dorpsstraat","Leimuiden","Kaag en Braassem","Zuid-Holland",false,52.223366,4.672393,"injury","2","clear",false,1,"GM1884"
"20230050298",2023,"Letsel",2,"Bromfiets","Fiets","Onbekend","Rechte weg",50,"Niet brandend","Daglicht","Droog",\N,"188306117","Waterleliepad","Zoetermeer","Zoetermeer","Zuid-Holland",false,52.065004,4.500777,"injury","2","clear",false,1,"GM0637"
"20230051431",2023,"Uitsluitend materiele schade",2,"Personenauto","Fiets","Onbekend","Kruispunt, 3 takken",50,"Niet brandend","Daglicht","Droog",\N,\N,"Brouwerijstraat","Oostburg","Sluis","Zeeland",false,51.327326,3.491095,"material damage only","4","clear",false,1,"GM1714"
"20230058303",2023,"Uitsluitend materiele schade",2,"Personenauto","Fiets","Kop/staart","Rechte weg",50,"Niet brandend","Daglicht","Droog",\N,"242374168","Rokin","Amsterdam","Amsterdam","Noord-Holland",false,52.372481,4.893037,"material damage only","4","clear",false,1,"GM0363"
"20230063703",2023,"Letsel",2,"Personenauto","Fiets","Onbekend","Kruispunt, 4 takken",50,\N,"Daglicht",\N,\N,\N,"Albert Joachimikade","Goes","Goes","Zeeland",false,51.510219,3.893393,"injury","2","unknown",false,1,"GM0664"
"20230064059",2023,"Letsel",2,"Bestelauto","Fiets","Eenzijdig","Bocht",50,"Niet brandend","Daglicht","Droog",\N,"405405237","Burg van Roijensingel","Zwolle","Zwolle","Overijssel",false,52.508281,6.090805,"injury","2","clear",false,1,"GM0193"
"20230037524",2023,"Uitsluitend materiele schade",2,"Vrachtauto","Fiets","Onbekend","Rechte weg",50,"Niet brandend","Daglicht","Droog",\N,"241407002","Kanaaldijk","Wijdewormer","Wormerland","Noord-Holland",false,52.517361,4.904131,"material damage only","4","clear",false,1,"GM0880"
"20230038094",2023,"Uitsluitend materiele schade",2,"Bromfiets","Fiets","Frontaal","Kruispunt, 4 takken",30,"Niet brandend","Daglicht","Droog",\N,\N,"Nieuwe Crailoseweg","Hilversum","Hilversum","Noord-Holland",false,52.244166,5.169698,"material damage only","4","clear",false,1,"GM0402"
"20230052075",2023,"Letsel",2,"Fiets","Overig vast object","Vast voorwerp","Bocht",50,"Niet brandend","Daglicht","Droog",\N,"600720198","van Hogendorplaan","Vlaardingen","Vlaardingen","Zuid-Holland",false,51.911456,4.36123,"injury","2","clear",false,1,"GM0622"
"20230053807",2023,"Uitsluitend materiele schade",2,"Personenauto","Fiets","Flank","Rotonde",50,"Niet brandend","Daglicht","Droog",\N,\N,"Akerstraat","Heerlen","Heerlen","Limburg",false,50.878226,5.987185,"material damage only","4","clear",false,1,"GM0917"
"20230054965",2023,"Letsel",1,"Fiets",\N,"Eenzijdig","Rechte weg",15,"Niet aanwezig","Daglicht","Droog",\N,"600869556","Beerzerweg","Beerze","Ommen","Overijssel",false,52.513533,6.521041,"injury","2","clear",false,1,"GM0175"
"20230065334",2023,"Letsel",2,"Personenauto","Fiets","Flank","Kruispunt, 4 takken",50,"Niet brandend","Daglicht","Droog",\N,\N,"Noordelijke Esweg","Hengelo","Hengelo (O)","Overijssel",false,52.285027,6.843999,"injury","2","clear",false,1,\N
"20240129680",2024,"Uitsluitend materiele schade",2,"Snorfiets","Fiets","Frontaal","Rechte weg",50,"Niet brandend","Daglicht","Droog",\N,"388338032","Nieuwendijk","Apeldoorn","Apeldoorn","Gelderland",false,52.209558,5.963756,"material damage only","4","clear",false,1,"GM0200"
"20230040431",2023,"Letsel",2,"Personenauto","Fiets","Flank","Kruispunt, 3 takken",30,"Niet brandend","Daglicht","Regen",\N,\N,"Van Aalstlaan","Zoetermeer","Zoetermeer","Zuid-Holland",false,52.057573,4.509386,"injury","2","rain",false,1,"GM0637"
"20230042160",2023,"Letsel",2,"Motor","Fiets","Flank","Kruispunt, 4 takken",60,"Niet brandend","Daglicht","Droog",\N,\N,"Kooipad","Bleiswijk","Lansingerland","Zuid-Holland",false,52.00719,4.547363,"injury","2","clear",false,1,"GM1621"
"20230065352",2023,"Letsel",1,"Fiets",\N,"Eenzijdig","Kruispunt, 3 takken",60,"Niet brandend","Daglicht","Droog",\N,\N,"OTTERSHEUVEL","Heesselt","West Betuwe","Gelderland",false,51.811575,5.358884,"injury","2","clear",false,1,"GM1960"
"20240130704",2024,"Uitsluitend materiele schade",2,"Bromfiets","Fiets","Frontaal","Kruispunt, 4 takken",30,"Niet brandend","Daglicht","Droog","Tunnel",\N,"Hertog Eduardplein","Lent","Nijmegen","Gelderland",false,51.862043,5.861589,"material damage only","4","clear",false,1,"GM0268"
"20230038767",2023,"Letsel",2,"e-bike","e-bike","Flank","Kruispunt, 3 takken",50,"Niet brandend","Daglicht","Droog",\N,\N,"Wilsveen","Leidschendam","Leidschendam-Voorburg","Zuid-Holland",false,52.072458,4.412503,"injury","2","clear",false,1,"GM1916"
"20230041057",2023,"Uitsluitend materiele schade",2,"Fiets","Fiets","Frontaal","Rechte weg",50,"Niet brandend","Daglicht","Droog",\N,"600858398","Lingsforterweg","Arcen","Venlo","Limburg",false,51.474139,6.2016,"material damage only","4","clear",false,1,"GM0983"
"20230043960",2023,"Letsel",2,"Personenauto","Fiets","Flank","Rechte weg",60,"Niet aanwezig","Daglicht","Droog",\N,"443460001","Gijsselterweg","Ruinen","De Wolden","Drenthe",false,52.754937,6.380461,"injury","2","clear",false,1,"GM1690"
"20230050391",2023,"Letsel",3,"Bromfiets","Fiets","Voetganger","Kruispunt, 4 takken",50,"Niet brandend","Daglicht","Droog",\N,\N,"Houtlaan","Wassenaar","Wassenaar","Zuid-Holland",false,52.117569,4.377272,"injury","2","clear",false,1,"GM0629"
"20230061206",2023,"Letsel",2,"Personenauto","Fiets","Geparkeerd voertuig","Rechte weg",30,"Niet brandend","Daglicht","Droog","Parkeervoorziening","210321064","Hooftstraat","Alphen aan den Rijn","Alphen aan den Rijn","Zuid-Holland",false,52.133008,4.663731,"injury","2","clear",false,1,"GM0484"
"20230061218",2023,"Letsel",2,"Fiets","Overig vast object","Vast voorwerp","Rotonde",50,"Niet brandend","Daglicht","Droog",\N,\N,"Koningin Julianaweg","'s-Gravenzande","Westland","Zuid-Holland",false,52.001959,4.171564,"injury","2","clear",false,1,"GM1783"
"20230065413",2023,"Uitsluitend materiele schade",2,"Personenauto","Fiets","Flank","Rotonde",50,"Niet brandend","Daglicht","Droog",\N,\N,"Paterswoldseweg","Groningen","Groningen","Groningen",false,53.189829,6.550012,"material damage only","4","clear",false,1,"GM0014"
"20240127200",2024,"Uitsluitend materiele schade",1,"Fiets",\N,"Onbekend","Rechte weg",60,"Niet brandend","Daglicht","Droog",\N,"601169647","Waaldijk","Vuren","West Betuwe","Gelderland",false,51.82126,5.049552,"material damage only","4","clear",false,1,"GM1960"
"20240127217",2024,"Uitsluitend materiele schade",2,"e-bike","Personenauto","Flank","Kruispunt, 4 takken",50,"Niet brandend","Daglicht","Droog",\N,\N,"van Miereveltplantsoen","Leeuwarden","Leeuwarden","Friesland",false,53.186448,5.793458,"material damage only","4","clear",false,1,"GM0080"
"20230066196",2023,"Letsel",3,"Fiets","Fiets","Flank","Rechte weg",15,"Niet brandend","Daglicht","Droog",\N,"161308122","Prinsegracht","'s-Gravenhage","'s-Gravenhage","Zuid-Holland",false,52.073191,4.302827,"injury","2","clear",false,1,"GM0518"
"20230038234",2023,"Letsel",3,"Personenauto","Fiets","Onbekend","Kruispunt, 4 takken",60,"Niet brandend","Daglicht","Droog",\N,\N,"Mariahoeveweg","Muiden","Gooise Meren","Noord-Holland",false,52.325802,5.061827,"injury","2","clear",false,1,"GM1942"
"20230040525",2023,"Letsel",2,"Personenauto","e-bike","Flank","Kruispunt, 3 takken",50,"Niet brandend","Daglicht","Droog",\N,\N,"Schaapweg","Rijswijk","Rijswijk","Zuid-Holland",false,52.036958,4.301691,"injury","2","clear",false,1,\N
"20230060748",2023,"Uitsluitend materiele schade",3,"Personenauto","Fiets","Onbekend","Kruispunt, 4 takken",30,"Niet brandend","Daglicht","Droog",\N,\N,"Nispensestraat","Roosendaal","Roosendaal","Noord-Brabant",false,51.530565,4.459191,"material damage only","4","clear",false,1,"GM1674"
"20230061258",2023,"Letsel",1,"Fiets",\N,"Eenzijdig","Rechte weg",30,"Niet brandend","Daglicht","Droog",\N,"180294145","Duikersloot","Pijnacker","Pijnacker-Nootdorp","Zuid-Holland",false,52.009136,4.444924,"injury","2","clear",false,1,"GM1926"
"20230061777",2023,"Uitsluitend materiele schade",2,"Fiets","Personenauto","Kop/staart","Rechte weg",50,"Niet brandend","Daglicht","Droog",\N,"184277038","Bergweg","Rotterdam","Rotterdam","Zuid-Holland",false,51.933234,4.472946,"material damage only","4","clear",false,1,"GM0599"
"20240127893",2024,"Uitsluitend materiele schade",2,"Personenauto","Fiets","Flank","Rechte weg",30,"Niet brandend","Daglicht","Droog",\N,"601129454","Stobbelaan","Vroomshoop","Twenterand","Overijssel",false,52.458605,6.568044,"material damage only","4","clear",false,1,"GM1700"
"20230040540",2023,"Uitsluitend materiele schade",2,"Personenauto","Fiets","Flank","Rotonde",50,"Niet aanwezig","Daglicht","Droog",\N,\N,"Sandifortdreef","Leiden","Leiden","Zuid-Holland",false,52.168553,4.477472,"material damage only","4","clear",false,1,"GM0546"
"20230050477",2023,"Letsel",2,"Fiets","Overig vast object","Vast voorwerp","Rechte weg",30,"Brandend","Duisternis","Droog",\N,"188328100","Herensingel","Leiden","Leiden","Zuid-Holland",false,52.16336,4.503368,"injury","2","clear",false,1,"GM0546"
"20230052213",2023,"Letsel",2,"Fiets","Fiets","Kop/staart","Rechte weg",50,"Niet brandend","Daglicht","Droog",\N,"600558866","Westblaak","Rotterdam","Rotterdam","Zuid-Holland",false,51.91717,4.47888,"injury","2","clear",false,1,"GM0599"
"20240127790",2024,"Letsel",2,"Personenauto","Fiets","Flank","Kruispunt, 4 takken",50,"Niet brandend","Daglicht","Droog",\N,\N,"Bedrijfsweg","Vriezenveen","Twenterand","Overijssel",false,52.412561,6.5998,"injury","2","clear",false,1,"GM1700"
"20240128300",2024,"Uitsluitend materiele schade",2,"Bromfiets","Fiets","Flank","Bocht",30,"Niet brandend","Daglicht","Droog",\N,"393341065","Kalmoesstraat","Apeldoorn","Apeldoorn","Gelderland",false,52.221082,5.99585,"material damage only","4","clear",false,1,"GM0200"
"20240132327",2024,"Letsel",2,"Personenauto","Fiets","Flank","Rotonde",50,"Niet brandend","Daglicht","Droog",\N,\N,"Gerrit van Assendelftstr","Heemskerk","Heemskerk","Noord-Holland",false,52.506163,4.677736,"injury","2","clear",false,1,"GM0396"
"20230038309",2023,"Uitsluitend materiele schade",2,"Fiets","Fiets","Kop/staart","Rechte weg",30,"Niet brandend","Daglicht","Droog",\N,"267300119","Batauweg","Nieuwegein","Nieuwegein","Utrecht",false,52.04251,5.076252,"material damage only","4","clear",false,1,"GM0356"
"20230049375",2023,"Letsel",3,"Bromfiets","Fiets","Flank","Rechte weg",50,"Niet brandend","Daglicht","Droog",\N,"600105726","Loosduinseweg","'s-Gravenhage","'s-Gravenhage","Zuid-Holland",false,52.070342,4.282104,"injury","2","clear",false,1,"GM0518"
"20240128713",2024,"Uitsluitend materiele schade",2,"Personenauto","Fiets","Frontaal","Kruispunt, 4 takken",30,"Brandend","Duisternis","Droog",\N,\N,"Herebinnensingel","Groningen","Groningen","Groningen",false,53.214988,6.572319,"material damage only","4","clear",false,1,"GM0014"
"20240129429",2024,"Uitsluitend materiele schade",3,"Fiets","Fiets","Frontaal","Rechte weg",50,"Niet brandend","Daglicht","Droog",\N,"600515965","Noordstedeweg","Nieuwegein","Nieuwegein","Utrecht",false,52.031255,5.075916,"material damage only","4","clear",false,1,"GM0356"
"20240129862",2024,"Letsel",2,"Fiets","Personenauto","Frontaal","Rotonde",60,\N,"Schemer","Droog",\N,\N,"Provincialeweg Zuna","Zuna","Wierden","Overijssel",false,52.332394,6.497391,"injury","2","clear",false,1,"GM0189"
"20230042345",2023,"Letsel",2,"Personenauto","Fiets","Flank","Rechte weg",30,"Niet brandend","Daglicht","Droog",\N,"64180040","Girsesland","Middelburg","Middelburg","Zeeland",false,51.489069,3.623371,"injury","2","clear",false,1,\N
"20230042934",2023,"Letsel",2,"Personenauto","Fiets","Frontaal","Rechte weg",50,"Niet brandend","Daglicht","Droog",\N,"300180014","Koolmond","Oirschot","Oirschot","Noord-Brabant",true,51.500272,5.317295,"injury","2","clear",false,1,"GM0823"
"20230044126",2023,"Letsel",2,"Fiets","Overig vast object","Vast voorwerp","Kruispunt, 3 takken",30,"Niet brandend","Daglicht","Droog",\N,"492350038","Vossenbrinkweg","Delden","Hof van Twente","Overijssel",false,52.257022,6.720484,"injury","2","clear",false,1,"GM1735"
"20230047623",2023,"Letsel",2,"Fiets","Fiets","Flank","Kruispunt, 4 takken",50,"Niet brandend","Daglicht","Droog",\N,\N,"Prinses Beatrixplein","Haarlem","Haarlem","Noord-Holland",false,52.378893,4.660659,"injury","2","clear",false,1,"GM0392"
"20230055174",2023,"Letsel",2,"Personenauto","Fiets","Flank","Kruispunt, 4 takken",70,"Niet brandend","Daglicht","Droog",\N,\N,"RONDWEG","Lemmer","De Fryske Marren","Friesland",false,52.848555,5.713481,"injury","2","clear",false,1,"GM1940"
"20230055761",2023,"Letsel",2,"Fiets","Fiets","Frontaal","Rechte weg",50,"Niet brandend","Duisternis","Droog",\N,"600539248","Vondellaan","Haren Gn","Groningen","Groningen",false,53.170718,6.592419,"injury","2","clear",false,1,"GM0014"
"20240130735",2024,"Letsel",2,"Personenauto","Fiets","Flank","Rechte weg",50,\N,"Schemer","Droog",\N,"313266056","Rivierenlandlaan","Tiel","Tiel","Gelderland",false,51.889006,5.409933,"injury","2","clear",false,1,"GM0281"
"20230038384",2023,"Uitsluitend materiele schade",3,"Bromfiets","Fiets","Kop/staart","Kruispunt, 4 takken",50,"Niet brandend","Daglicht","Droog",\N,\N,"Koningin Wilhelminalaan","Utrecht","Utrecht","Utrecht",false,52.076196,5.105227,"material damage only","4","clear",false,1,"GM0344"
"20230045323",2023,"Letsel",3,"Personenauto","Fiets","Geparkeerd voertuig","Rechte weg",30,"Niet brandend","Daglicht","Droog",\N,"600887249","Molenkampstraat","Oldenzaal","Oldenzaal","Overijssel",false,52.314136,6.933663,"injury","2","clear",false,1,"GM0173"
"20230047096",2023,"Uitsluitend materiele schade",2,"Fiets","Fiets","Kop/staart","Kruispunt, 3 takken",50,"Niet brandend","Daglicht","Droog",\N,\N,"Echobos","Almere","Almere","Flevoland",false,52.333299,5.251312,"material damage only","4","clear",false,1,"GM0034"
"20240130796",2024,"Uitsluitend materiele schade",2,"Fiets","Personenauto","Flank","Kruispunt, 4 takken",30,"Niet brandend","Daglicht","Regen",\N,\N,"Dorpsstraat","Noord-Scharwoude","Dijk en Waard","Noord-Holland",false,52.703076,4.811231,"material damage only","4","rain",false,1,"GM1980"
"20240130892",2024,"Letsel",2,"Personenauto","Fiets","Flank","Rechte weg",60,"Niet brandend","Daglicht","Droog",\N,"222439020","Kogendijk","Alkmaar","Alkmaar","Noord-Holland",false,52.661521,4.743208,"injury","2","clear",false,1,"GM0361"
"20240131448",2024,"Letsel",2,"Personenauto","Fiets","Flank","Rotonde",50,"Niet brandend","Daglicht","Droog",\N,\N,"Middenweg","Heerhugowaard","Dijk en Waard","Noord-Holland",false,52.676751,4.849198,"injury","2","clear",false,1,"GM1980"
"20240131531",2024,"Letsel",2,"Fiets","Fiets","Frontaal","Bocht",30,"Niet brandend","Daglicht","Droog",\N,\N,"Korte Papaverweg","Amsterdam","Amsterdam","Noord-Holland",false,52.394497,4.911664,"injury","2","clear",false,1,"GM0363"
"20240131630",2024,"Letsel",2,"Personenauto","Fiets","Los voorwerp","Kruispunt, 4 takken",30,"Niet brandend","Daglicht","Droog",\N,\N,"De Flinesstraat","Amsterdam-Duivendrecht","Ouder-Amstel","Noord-Holland",false,52.326518,4.928939,"injury","2","clear",false,1,"GM0437"
"20240132561",2024,"Letsel",2,"Personenauto","Fiets","Frontaal","Rechte weg",50,"Niet brandend","Daglicht","Droog",\N,"163304012","Van Vlotenstraat","'s-Gravenhage","'s-Gravenhage","Zuid-Holland",false,52.054526,4.318423,"injury","2","clear",false,1,"GM0518"
"20230044769",2023,"Letsel",2,"Bestelauto","Fiets","Frontaal","Kruispunt, 4 takken",30,"Niet brandend","Daglicht","Droog",\N,\N,"Grundellaan","Hengelo","Hengelo (O)","Overijssel",false,52.261392,6.805699,"injury","2","clear",false,1,\N
"20230054103",2023,"Letsel",2,"Personenauto","Fiets","Onbekend","Rotonde",50,"Niet brandend","Daglicht","Droog",\N,\N,"Kooikersweg","'s-Hertogenbosch","'s-Hertogenbosch","Noord-Brabant",false,51.691947,5.279282,"injury","2","clear",false,1,"GM0796"
"20240131968",2024,"Uitsluitend materiele schade",2,"Bestelauto","Fiets","Flank","Kruispunt, 4 takken",30,"Brandend","Duisternis","Droog",\N,\N,"Haagbeukweg","Almere","Almere","Flevoland",false,52.37637,5.242837,"material damage only","4","clear",false,1,"GM0034"
"20240132160",2024,"Letsel",2,"Fiets","Fiets","Flank","Rechte weg",50,"Niet aanwezig","Daglicht","Droog",\N,"601165138","Burg J N Stuifbergenlaan","Grootebroek","Stede Broec","Noord-Holland",false,52.696088,5.232704,"injury","2","clear",false,1,"GM0532"
"20240132946",2024,"Dodelijk",2,"Personenauto","Fiets","Flank","Rotonde",50,"Niet aanwezig","Daglicht","Droog",\N,\N,"Noordweg","Wateringen","Westland","Zuid-Holland",false,52.0292,4.270882,"fatal","1","clear",false,1,"GM1783"
"20240133020",2024,"Letsel",2,"Trein/tram","Fiets","Flank","Rechte weg",50,"Niet brandend","Daglicht","Droog",\N,\N,"Burgemeester Banninglaan","Leidschendam","Leidschendam-Voorburg","Zuid-Holland",false,52.091843,4.382734,"injury","2","clear",false,1,"GM1916"
"20230048328",2023,"Uitsluitend materiele schade",2,"Fiets","Personenauto","Flank","Rotonde",50,"Niet brandend","Daglicht","Droog",\N,\N,"Huissensestraat","Arnhem","Arnhem","Gelderland",false,51.961717,5.92126,"material damage only","4","clear",false,1,"GM0202"
"20220213613",2022,"Letsel",2,"Fiets","Fiets","Flank","Rechte weg",50,"Niet brandend","Daglicht","Droog",\N,"159316022","Nieuwe Duinweg","'s-Gravenhage","'s-Gravenhage","Zuid-Holland",false,52.10594,4.287336,"injury","2","clear",false,1,"GM0518"
"20220215149",2022,"Letsel",1,"Fiets",\N,"Eenzijdig",\N,50,\N,"Daglicht",\N,\N,"600715107","Dorpskade","Wateringen","Westland","Zuid-Holland",false,52.022813,4.273475,"injury","2","unknown",false,1,"GM1783"
"20220222302",2022,"Letsel",2,"Bromfiets","Fiets","Flank","Kruispunt, 3 takken",\N,"Niet brandend","Daglicht","Droog",\N,\N,"Maasboulevard","Rotterdam","Rotterdam","Zuid-Holland",false,51.915842,4.518559,"injury","2","clear",false,1,"GM0599"
"20220209804",2022,"Letsel",2,"Fiets","Fiets","Kop/staart","Rechte weg",50,"Niet brandend","Daglicht","Droog",\N,\N,"Bovenweg","Sint Pancras","Dijk en Waard","Noord-Holland",false,52.651087,4.778818,"injury","2","clear",false,1,"GM1980"
"20220212252",2022,"Uitsluitend materiele schade",2,"Personenauto","Fiets","Flank","Bocht",30,"Brandend","Duisternis","Mist",\N,"241372029","Lijnbaansgracht","Amsterdam","Amsterdam","Noord-Holland",false,52.362626,4.885133,"material damage only","4","fog",false,1,"GM0363"
"20220213628",2022,"Uitsluitend materiele schade",2,"Bromfiets","Fiets","Frontaal","Rechte weg",\N,"Niet brandend","Daglicht","Droog",\N,"167292008","Componistenpad","Delft","Delft","Zuid-Holland",false,51.999568,4.347471,"material damage only","4","clear",false,1,"GM0503"
"20220203193",2022,"Uitsluitend materiele schade",1,"Fiets",\N,"Onbekend","Rechte weg",\N,"Niet brandend","Daglicht","Droog",\N,"600694765","Noordstedeweg","Nieuwegein","Nieuwegein","Utrecht",false,52.030409,5.080218,"material damage only","4","clear",false,1,"GM0356"
"20220208270",2022,"Letsel",2,"Fiets","Bromfiets","Flank","Kruispunt, 3 takken",\N,"Brandend","Duisternis","Droog",\N,\N,"Borghesepark","Purmerend","Purmerend","Noord-Holland",false,52.499341,4.944067,"injury","2","clear",false,1,"GM0439"
"20220209835",2022,"Letsel",2,"Personenauto","Fiets","Onbekend","Rechte weg",50,"Brandend","Schemer","Regen",\N,"231401087","Waterzolder","Wormer","Wormerland","Noord-Holland",false,52.492259,4.812354,"injury","2","rain",false,1,"GM0880"
"20220214520",2022,"Letsel",2,"Personenauto","Fiets","Flank","Kruispunt, 3 takken",30,"Niet aanwezig","Daglicht","Droog",\N,\N,"Italiëlaan","Zoetermeer","Zoetermeer","Zuid-Holland",false,52.061861,4.498342,"injury","2","clear",false,1,"GM0637"
"20220209853",2022,"Letsel",2,"Personenauto","Fiets","Flank","Rechte weg",30,"Niet brandend","Daglicht","Droog",\N,"216448008","Huismansweg","Schoorl","Bergen (NH)","Noord-Holland",false,52.706303,4.694479,"injury","2","clear",false,1,\N
"20220214593",2022,"Letsel",1,"e-bike",\N,"Eenzijdig",\N,30,"Niet brandend","Daglicht","Droog",\N,\N,"Harstenhoekweg","'s-Gravenhage","'s-Gravenhage","Zuid-Holland",false,52.113071,4.292868,"injury","2","clear",false,1,"GM0518"
"20220215286",2022,"Letsel",2,"Personenauto","Fiets","Flank","Kruispunt, 4 takken",30,"Niet brandend","Daglicht","Droog",\N,\N,"Achtmanstraat","Delfgauw","Pijnacker-Nootdorp","Zuid-Holland",false,51.999693,4.397591,"injury","2","clear",false,1,"GM1926"
"20220215293",2022,"Letsel",3,"Personenauto","Fiets","Onbekend","Kruispunt, 4 takken",50,"Niet brandend","Daglicht","Droog",\N,\N,"Koppelstokstraat","'s-Gravenhage","'s-Gravenhage","Zuid-Holland",false,52.09532,4.267651,"injury","2","clear",false,1,"GM0518"
"20220216033",2022,"Letsel",2,"Personenauto","Fiets","Flank","Rechte weg",30,"Niet brandend","Daglicht","Droog",\N,"163308037","Naaldwijksestraat","'s-Gravenhage","'s-Gravenhage","Zuid-Holland",false,52.069739,4.317291,"injury","2","clear",false,1,"GM0518"
"20220216727",2022,"Uitsluitend materiele schade",1,"Fiets",\N,"Onbekend","Rechte weg",30,"Brandend","Schemer","Droog",\N,"159306028","Schalk Burgerstraat","'s-Gravenhage","'s-Gravenhage","Zuid-Holland",false,52.0622,4.293455,"material damage only","4","clear",false,1,"GM0518"
"20220223728",2022,"Uitsluitend materiele schade",2,"Personenauto","Fiets","Flank","Kruispunt, 3 takken",50,"Niet brandend","Daglicht","Droog",\N,\N,"Lange Parkstraat","Bergen op Zoom","Bergen op Zoom","Noord-Brabant",false,51.49715,4.295114,"material damage only","4","clear",false,1,"GM0748"
"20220204017",2022,"Uitsluitend materiele schade",2,"Personenauto","Fiets","Flank","Kruispunt, 4 takken",50,"Niet brandend","Daglicht","Droog",\N,\N,"Neuweg","Hilversum","Hilversum","Noord-Holland",false,52.215926,5.171737,"material damage only","4","clear",false,1,"GM0402"
"20220087748",2022,"Dodelijk",2,"Personenauto","e-bike","Flank","Kruispunt, 4 takken",80,"Niet brandend","Daglicht","Regen",\N,\N,"Klappenberg","Etten-Leur","Etten-Leur","Noord-Brabant",false,51.546677,4.673335,"fatal","1","rain",false,1,"GM0777"