"accident_id","year","severity_raw","party_count","party1_type","party2_type","accident_type","road_situation","speed_limit_kmh","road_lighting","light_condition_label","weather_raw","infra_type","road_segment_id","street_name","place_name","gemeente_name_raw","province","alcohol_indicated","latitude","longitude","severity_label","severity_code","weather_label","built_up_area","cyclists_involved","gemeente_code"
"20220209949",2022,"Letsel",1,"Fiets",\N,"Eenzijdig","Rechte weg",30,"Niet brandend","Daglicht","Droog",\N,"216447018","Duinweg","Schoorl","Bergen (NH)","Noord-Holland",false,52.699457,4.694096,"injury","2","clear",false,1,\N
"20220210111",2022,"Letsel",1,"Fiets",\N,"Eenzijdig","Rechte weg",30,"Brandend","Duisternis","Droog",\N,"242373181","Herengracht","Amsterdam","Amsterdam","Noord-Holland",false,52.365189,4.891523,"injury","2","clear",false,1,"GM0363"
"20220222479",2022,"Uitsluitend materiele schade",2,"Personenauto","Fiets","Onbekend","Rechte weg",50,"Niet brandend","Daglicht","Droog",\N,"178277082","Baanweg","Rotterdam","Rotterdam","Zuid-Holland",false,51.935315,4.429632,"material damage only","4","clear",false,1,"GM0599"
"20220228255",2022,"Uitsluitend materiele schade",2,"Personenauto","e-bike","Flank","Kruispunt, 4 takken",30,"Niet brandend","Daglicht","Regen",\N,\N,"Kleefsestraat","Uden","Maashorst","Noord-Brabant",false,51.668098,5.621194,"material damage only","4","rain",false,1,"GM1991"
"20220209202",2022,"Letsel",2,"Fiets","Overig vast object","Vast voorwerp","Rechte weg",50,"Niet brandend","Daglicht","Droog",\N,"200368011","Vogelenzangseweg","Vogelenzang","Bloemendaal","Noord-Holland",false,52.342748,4.585503,"injury","2","clear",false,1,"GM0377"
"20220232367",2022,"Uitsluitend materiele schade",2,"Personenauto","Fiets","Flank","Kruispunt, 4 takken",50,"Niet brandend","Schemer","Droog",\N,\N,"Voltastraat","Venlo","Venlo","Limburg",false,51.38332,6.139255,"material damage only","4","clear",false,1,"GM0983"
"20220205572",2022,"Uitsluitend materiele schade",2,"Personenauto","Fiets","Flank","Kruispunt, 4 takken",50,"Niet aanwezig","Schemer","Droog",\N,\N,"Platolaan","Utrecht","Utrecht","Utrecht",false,52.082767,5.156032,"material damage only","4","clear",false,1,"GM0344"
"20220208443",2022,"Uitsluitend materiele schade",2,"Personenauto","Fiets","Flank","Kruispunt, 3 takken",50,"Niet brandend","Daglicht","Regen",\N,\N,"Puikman","Castricum","Castricum","Noord-Holland",false,52.54335,4.660348,"material damage only","4","rain",false,1,"GM0383"
"20220224736",2022,"Uitsluitend materiele schade",2,"Bromfiets","Fiets","Flank","Kruispunt, 3 takken",30,"Niet brandend","Daglicht","Droog",\N,\N,"Reeshofdijk","Tilburg","Tilburg","Noord-Brabant",false,51.573193,5.019154,"material damage only","4","clear",false,1,"GM0855"
"20220216226",2022,"Letsel",2,"Fiets","Fiets","Flank","Kruispunt, 4 takken",50,"Niet brandend","Daglicht","Regen",\N,\N,"Steenschuur","Leiden","Leiden","Zuid-Holland",false,52.156358,4.493026,"injury","2","rain",false,1,"GM0546"
"20220227597",2022,"Letsel",1,"Fiets",\N,"Eenzijdig","Rechte weg",50,"Niet brandend","Daglicht","Droog",\N,\N,"Estafettelaan","Eindhoven","Eindhoven","Noord-Brabant",false,51.471775,5.45304,"injury","2","clear",false,1,"GM0772"
"20220229151",2022,"Letsel",2,"Fiets","e-bike","Flank","Kruispunt, 3 takken",60,"Brandend","Schemer","Regen",\N,\N,"Heiderschoor","Mierlo","Geldrop-Mierlo","Noord-Brabant",false,51.448819,5.582698,"injury","2","rain",false,1,"GM1771"
"20220136664",2022,"Dodelijk",2,"Bestelauto","Fiets","Flank","Kruispunt, 4 takken",60,"Niet aanwezig","Daglicht","Droog",\N,\N,"Feithenhofsweg","Oldebroek","Oldebroek","Gelderland",false,52.434281,5.897588,"fatal","1","clear",false,1,"GM0269"
"20220229868",2022,"Letsel",1,"Fiets",\N,"Eenzijdig",\N,30,\N,"Daglicht",\N,\N,"346210002","Kloosterstraat","Volkel","Maashorst","Noord-Brabant",false,51.638198,5.655176,"injury","2","unknown",false,1,"GM1991"
"20220150172",2022,"Dodelijk",2,"Personenauto","Fiets","Flank","Kruispunt, 4 takken",\N,"Niet aanwezig","Daglicht","Droog",\N,\N,"Heescheweg","Heeswijk-Dinther","Bernheze","Noord-Brabant",false,51.690518,5.479628,"fatal","1","clear",false,1,"GM1721"
"20220206883",2022,"Letsel",2,"e-bike","e-bike","Onbekend",\N,50,\N,"Daglicht",\N,\N,"222436026","Ohmstraat","Alkmaar","Alkmaar","Noord-Holland",false,52.649653,4.738751,"injury","2","unknown",false,1,"GM0361"
"20220227666",2022,"Uitsluitend materiele schade",2,"Personenauto","Fiets","Flank","Kruispunt, 4 takken",60,"Brandend","Schemer","Droog",\N,\N,"Zwembadweg","Schijndel","Meierijstad","Noord-Brabant",false,51.634394,5.424962,"material damage only","4","clear",false,1,"GM1948"
"20220206147",2022,"Letsel",2,"Bestelauto","e-bike","Flank","Kruispunt, 3 takken",50,"Brandend","Duisternis","Regen",\N,\N,"Dorpsstraat","Obdam","Koggenland","Noord-Holland",false,52.676776,4.909337,"injury","2","rain",false,1,"GM1598"
"20220208668",2022,"Letsel",2,"Personenauto","Fiets","Onbekend","Kruispunt, 4 takken",50,"Niet brandend","Daglicht","Droog",\N,\N,"Orionweg","Haarlem","Haarlem","Noord-Holland",false,52.406217,4.636984,"injury","2","clear",false,1,"GM0392"
"20220229264",2022,"Uitsluitend materiele schade",2,"Personenauto","Fiets","Flank","Rotonde",50,"Niet brandend","Daglicht","Droog",\N,\N,"Raadhuislaan","Oss","Oss","Noord-Brabant",false,51.765696,5.526617,"material damage only","4","clear",false,1,"GM0828"
"20220231869",2022,"Letsel",2,"Personenauto","e-bike","Flank","Rechte weg",30,"Niet brandend","Daglicht","Droog",\N,"402050044","Maastrichterlaan","Landgraaf","Landgraaf","Limburg",false,50.913099,6.043514,"injury","2","clear",false,1,"GM0882"
"20220199369",2022,"Letsel",2,"Fiets","Fiets","Frontaal","Rechte weg",60,"Niet aanwezig","Daglicht","Droog",\N,"464338006","Brandveenweg","Markelo","Hof van Twente","Overijssel",false,52.204792,6.515709,"injury","2","clear",false,1,"GM1735"
"20220205071",2022,"Uitsluitend materiele schade",2,"Personenauto","Fiets","Flank","Kruispunt, 4 takken",50,"Brandend","Schemer","Droog",\N,\N,"Beatrixweg","Kortenhoef","Wijdemeren","Noord-Holland",false,52.239709,5.116331,"material damage only","4","clear",false,1,"GM1696"
"20220216405",2022,"Letsel",2,"Fiets","Bromfiets","Onbekend","Kruispunt, 4 takken",50,"Niet brandend","Daglicht","Droog",\N,\N,"Wassenaarseweg","Leiden","Leiden","Zuid-Holland",false,52.170042,4.477408,"injury","2","clear",false,1,"GM0546"
"20220201471",2022,"Uitsluitend materiele schade",2,"Snorfiets","Fiets","Frontaal","Rechte weg",\N,"Brandend","Duisternis","Regen",\N,\N,"Storminkstraat","Deventer","Deventer","Overijssel",false,52.251594,6.191478,"material damage only","4","rain",false,1,"GM0150"
"20220207949",2022,"Uitsluitend materiele schade",2,"Personenauto","Fiets","Flank","Kruispunt, 4 takken",50,"Brandend","Duisternis","Regen",\N,\N,"Marsmanplein","Haarlem","Haarlem","Noord-Holland",false,52.416539,4.648981,"material damage only","4","rain",false,1,"GM0392"
"20220214139",2022,"Letsel",1,"e-bike",\N,"Eenzijdig","Rechte weg",30,"Niet brandend","Daglicht","Droog",\N,\N,"Ireneboulevard","Delft","Delft","Zuid-Holland",false,52.00462,4.358902,"injury","2","clear",false,1,"GM0503"
"20220217120",2022,"Letsel",1,"Fiets",\N,"Eenzijdig","Bocht",\N,"Brandend","Duisternis","Droog",\N,"600555224","Boegpad","Gouda","Gouda","Zuid-Holland",false,52.034037,4.71545,"injury","2","clear",false,1,"GM0513"
"20220202887",2022,"Uitsluitend materiele schade",2,"Fiets","Fiets","Flank","Rechte weg",30,"Niet brandend","Daglicht","Droog",\N,\N,"Ledig Erf","Utrecht","Utrecht","Utrecht",false,52.080952,5.123968,"material damage only","4","clear",false,1,"GM0344"
"20220209574",2022,"Uitsluitend materiele schade",2,"Fiets","Personenauto","Frontaal","Kruispunt, 3 takken",50,"Niet brandend","Daglicht","Droog",\N,\N,"Kastanjelaan","Bennebroek","Bloemendaal","Noord-Holland",false,52.326283,4.590311,"material damage only","4","clear",false,1,"GM0377"
"20220210745",2022,"Letsel",2,"Fiets","Fiets","Frontaal","Kruispunt, 4 takken",30,"Brandend","Duisternis","Droog",\N,\N,"Nieuwmarkt","Amsterdam","Amsterdam","Noord-Holland",false,52.373024,4.90026,"injury","2","clear",false,1,"GM0363"
"20220211435",2022,"Letsel",1,"Fiets",\N,"Eenzijdig","Rechte weg",50,"Niet brandend","Daglicht","Droog",\N,"600362335","Laan van Vlaanderen","Amsterdam","Amsterdam","Noord-Holland",false,52.348993,4.816091,"injury","2","clear",false,1,"GM0363"
"20220215028",2022,"Letsel",3,"e-bike","Fiets","Frontaal","Rechte weg",30,"Niet brandend","Daglicht","Droog",\N,"600105556","Conradkade","'s-Gravenhage","'s-Gravenhage","Zuid-Holland",false,52.0782,4.287543,"injury","2","clear",false,1,"GM0518"
"20220228658",2022,"Uitsluitend materiele schade",2,"Personenauto","Fiets","Flank","Rechte weg",50,"Niet brandend","Daglicht","Droog",\N,"317165025","Hastelweg","Eindhoven","Eindhoven","Noord-Brabant",false,51.435846,5.443398,"material damage only","4","clear",false,1,"GM0772"
"20220208063",2022,"Uitsluitend materiele schade",2,"Personenauto","Fiets","Flank","Kruispunt, 4 takken",50,"Niet brandend","Daglicht","Regen",\N,\N,"IJweg","Hoofddorp","Haarlemmermeer","Noord-Holland",false,52.321801,4.674878,"material damage only","4","rain",false,1,"GM0394"
"20220208890",2022,"Letsel",2,"Personenauto","Fiets","Onbekend","Rotonde",30,"Niet brandend","Daglicht","Droog",\N,\N,"Raadhuislaan","Grootebroek","Stede Broec","Noord-Holland",false,52.697844,5.217976,"injury","2","clear",false,1,"GM0532"
"20220210765",2022,"Letsel",2,"Fiets","Fiets","Frontaal","Rechte weg",30,"Brandend","Duisternis","Droog",\N,"600408557","Termini","Amsterdam","Amsterdam","Noord-Holland",false,52.402497,4.931802,"injury","2","clear",false,1,"GM0363"
"20220213445",2022,"Letsel",1,"Fiets",\N,"Eenzijdig",\N,50,\N,"Duisternis",\N,\N,"160310051","Elandstraat","'s-Gravenhage","'s-Gravenhage","Zuid-Holland",false,52.079091,4.29341,"injury","2","unknown",false,1,"GM0518"
"20220215782",2022,"Letsel",2,"Personenauto","Fiets","Frontaal","Kruispunt, 3 takken",30,"Niet brandend","Daglicht","Droog",\N,\N,"Boulevard","Katwijk","Katwijk","Zuid-Holland",false,52.206321,4.395297,"injury","2","clear",false,1,"GM0537"
"20220217230",2022,"Letsel",2,"Bromfiets","Fiets","Onbekend","Kruispunt, 4 takken",50,"Brandend","Duisternis","Regen",\N,\N,"Monseigneur van Steelaan","Voorburg","Leidschendam-Voorburg","Zuid-Holland",false,52.085068,4.371149,"injury","2","rain",false,1,"GM1916"
"20220227997",2022,"Letsel",2,"Motor","Fiets","Flank","Rechte weg",50,"Niet brandend","Duisternis",\N,\N,"600803109","Aalsterweg","Eindhoven","Eindhoven","Noord-Brabant",false,51.424055,5.485718,"injury","2","unknown",false,1,"GM0772"
"20220212167",2022,"Letsel",2,"Fiets","Fiets","Onbekend","Rechte weg",30,"Brandend","Schemer","Droog",\N,"600362946","Prinsengracht","Amsterdam","Amsterdam","Noord-Holland",false,52.376935,4.884864,"injury","2","clear",false,1,"GM0363"
"20220215135",2022,"Uitsluitend materiele schade",2,"Personenauto","Fiets","Flank","Rotonde",30,"Niet brandend","Daglicht","Droog",\N,\N,"Nootdorpseweg","Pijnacker","Pijnacker-Nootdorp","Zuid-Holland",false,52.018602,4.427911,"material damage only","4","clear",false,1,"GM1926"
"20220222249",2022,"Uitsluitend materiele schade",2,"Bestelauto","Fiets","Onbekend",\N,\N,\N,"Schemer",\N,\N,"600503179","Oostplein","Rotterdam","Rotterdam","Zuid-Holland",false,51.923738,4.495697,"material damage only","4","unknown",false,1,"GM0599"
"20240139958",2024,"Letsel",2,"Bestelauto","Fiets","Frontaal","Rechte weg",60,"Niet brandend","Daglicht","Droog",\N,"600779226","Waalseweg","Tull en 't Waal","Houten","Utrecht",false,51.99417,5.157235,"injury","2","clear",false,1,"GM0321"
"20240140160",2024,"Letsel",2,"Personenauto","Fiets","Flank","Rechte weg",50,"Niet brandend","Schemer","Droog",\N,\N,"Haaksepad","Harderwijk","Harderwijk","Gelderland",false,52.34678,5.624516,"injury","2","clear",false,1,"GM0243"
"20240141692",2024,"Letsel",2,"Personenauto","Fiets","Flank","Rotonde",50,"Brandend","Duisternis","Droog",\N,\N,"Dr. H.G. Scholtenstraat","Zaandam","Zaanstad","Noord-Holland",false,52.45812,4.818001,"injury","2","clear",false,1,"GM0479"
"20240142627",2024,"Letsel",2,"Bestelauto","Fiets","Flank","Rechte weg",50,"Niet brandend","Daglicht","Regen",\N,"268313021","Cartesiusweg","Utrecht","Utrecht","Utrecht",false,52.101742,5.087258,"injury","2","rain",false,1,"GM0344"
"20240138989",2024,"Letsel",2,"Personenauto","Fiets","Onbekend","Rechte weg",15,"Niet brandend","Daglicht","Droog",\N,"416349094","Brinkgreverweg","Deventer","Deventer","Overijssel",false,52.257679,6.166076,"injury","2","clear",false,1,"GM0150"
"20240140410",2024,"Letsel",2,"Fiets","Personenauto","Flank","Kruispunt, 4 takken",50,"Niet brandend","Daglicht","Droog",\N,\N,"'t Goeie Spoor","Veenendaal","Veenendaal","Utrecht",false,52.020358,5.550329,"injury","2","clear",false,1,"GM0345"
"20240141312",2024,"Uitsluitend materiele schade",2,"Snorfiets","Fiets","Onbekend","Kruispunt, 3 takken",30,"Niet brandend","Daglicht","Droog",\N,\N,"Reggelaan","Zwolle","Zwolle","Overijssel",false,52.531431,6.110838,"material damage only","4","clear",false,1,"GM0193"
"20240143706",2024,"Uitsluitend materiele schade",2,"Personenauto","Fiets","Flank","Rechte weg",50,"Niet brandend","Duisternis","Droog",\N,"164307009","Rijswijkseweg","'s-Gravenhage","'s-Gravenhage","Zuid-Holland",false,52.068449,4.327373,"material damage only","4","clear",false,1,"GM0518"
"20240143733",2024,"Uitsluitend materiele schade",2,"Personenauto","Fiets","Flank","Kruispunt, 4 takken",50,"Niet brandend","Daglicht","Droog",\N,\N,"Jacoba van Beierenlaan","Delft","Delft","Zuid-Holland",false,52.003066,4.352145,"material damage only","4","clear",false,1,"GM0503"
"20240140458",2024,"Uitsluitend materiele schade",2,"Bus","Fiets","Flank","Rotonde",30,"Niet aanwezig","Daglicht","Droog",\N,\N,"Urkerweg","Urk","Urk","Flevoland",false,52.66072,5.603782,"material damage only","4","clear",false,1,"GM0184"
"20240148464",2024,"Uitsluitend materiele schade",2,"Personenauto","Fiets","Flank","Kruispunt, 3 takken",50,"Brandend","Duisternis","Regen",\N,"600922069","Hengelosestraat","Enschede","Enschede","Overijssel",false,52.223442,6.887474,"material damage only","4","rain",false,1,"GM0153"
"20240140748",2024,"Letsel",1,"Fiets",\N,"Onbekend",\N,60,\N,"Duisternis",\N,\N,"328299001","Slaperdijk","Overberg","Utrechtse Heuvelrug","Utrecht",false,52.037599,5.526821,"injury","2","unknown",false,1,"GM1581"
"20240134680",2024,"Letsel",2,"Fiets","Personenauto","Los voorwerp","Kruispunt, 4 takken",50,"Niet brandend","Daglicht","Regen",\N,\N,"Kralingse Kerklaan","Rotterdam","Rotterdam","Zuid-Holland",false,51.921763,4.540281,"injury","2","rain",false,1,"GM0599"
"20240137199",2024,"Uitsluitend materiele schade",2,"Personenauto","Fiets","Flank","Kruispunt, 4 takken",30,"Niet brandend","Daglicht","Droog",\N,\N,"Brederostraat","Oss","Oss","Noord-Brabant",false,51.755213,5.510203,"material damage only","4","clear",false,1,"GM0828"
"20240134129",2024,"Uitsluitend materiele schade",2,"Personenauto","Fiets","Flank","Kruispunt, 4 takken",30,"Brandend","Duisternis","Droog",\N,\N,"Van Hogendorpstraat","Amsterdam","Amsterdam","Noord-Holland",false,52.382528,4.870647,"material damage only","4","clear",false,1,"GM0363"
"20240137247",2024,"Uitsluitend materiele schade",1,"Fiets",\N,"Onbekend","Rechte weg",30,"Niet brandend","Daglicht","Droog",\N,"600925874","Oude Spoorbaan","Valkenswaard","Valkenswaard","Noord-Brabant",false,51.362581,5.462696,"material damage only","4","clear",false,1,"GM0858"
"20240137875",2024,"Uitsluitend materiele schade",2,"Fiets","Personenauto","Onbekend",\N,30,\N,"Daglicht",\N,\N,"406406189","Thorbeckegracht","Zwolle","Zwolle","Overijssel",false,52.514711,6.09698,"material damage only","4","unknown",false,1,"GM0193"
"20240141877",2024,"Letsel",2,"Fiets","Overig vast object","Vast voorwerp","Rechte weg",30,"Niet brandend","Daglicht","Droog",\N,"231467042","Kogerlaan","Schagen","Schagen","Noord-Holland",false,52.788144,4.810338,"injury","2","clear",false,1,"GM0441"
"20240143861",2024,"Letsel",2,"Personenauto","Fiets","Frontaal",\N,50,"Niet brandend","Daglicht","Droog",\N,"155299027","Erasmusweg","'s-Gravenhage","'s-Gravenhage","Zuid-Holland",false,52.029945,4.259059,"injury","2","clear",false,1,"GM0518"
"20240143871",2024,"Letsel",2,"Personenauto","Fiets","Flank","Kruispunt, 3 takken",60,"Brandend","Schemer","Droog",\N,\N,"Duinweg","Noordwijk","Noordwijk","Zuid-Holland",false,52.269513,4.467563,"injury","2","clear",false,1,"GM0575"
"20240150738",2024,"Letsel",2,"Fiets","Snorfiets","Kop/staart","Rechte weg",30,"Niet aanwezig","Daglicht","Droog",\N,"309325017","Stadsring","Amersfoort","Amersfoort","Utrecht",false,52.15327,5.385651,"injury","2","clear",false,1,"GM0307"
"20240139184",2024,"Uitsluitend materiele schade",2,"Bestelauto","Fiets","Onbekend","Kruispunt, 4 takken",50,"Brandend","Schemer","Droog",\N,\N,"Duivenveld","Emmen","Emmen","Drenthe",false,52.749384,6.878945,"material damage only","4","clear",false,1,"GM0114"
"20240140872",2024,"Letsel",2,"Personenauto","Fiets","Flank","Rotonde",50,"Brandend","Duisternis","Droog",\N,\N,"Heyendaalseweg","Nijmegen","Nijmegen","Gelderland",false,51.829731,5.870186,"injury","2","clear",false,1,"GM0268"
"20240149550",2024,"Letsel",2,"Fiets","Fiets","Flank","Kruispunt, 4 takken",50,"Brandend","Duisternis","Droog",\N,\N,"Wilhelmina Druckerstraat","Apeldoorn","Apeldoorn","Gelderland",false,52.209484,5.956892,"injury","2","clear",false,1,"GM0200"
"20240143946",2024,"Letsel",2,"Fiets","Snorfiets","Flank","Rechte weg",30,"Niet brandend","Daglicht","Mist",\N,"600488773","Sir Winston Churchillln","Rijswijk","Rijswijk","Zuid-Holland",false,52.044035,4.33133,"injury","2","fog",false,1,\N
"20240134823",2024,"Uitsluitend materiele schade",2,"Personenauto","Fiets","Onbekend","Rechte weg",30,"Niet brandend","Daglicht","Droog",\N,"179278075","Overschiese Kleiweg","Rotterdam","Rotterdam","Zuid-Holland",false,51.938272,4.442138,"material damage only","4","clear",false,1,"GM0599"
"20240138003",2024,"Letsel",2,"Fiets","Personenauto","Flank","Rechte weg",50,"Niet brandend","Daglicht","Droog",\N,"527343001","Kerkstraat","Enschede","Enschede","Overijssel",false,52.223411,6.975995,"injury","2","clear",false,1,"GM0153"
"20240138006",2024,"Letsel",2,"Fiets","Fiets","Onbekend","Kruispunt, 3 takken",60,"Niet brandend","Daglicht","Droog",\N,\N,"Nieuwe Voorthuizerweg","Nijkerk","Nijkerk","Gelderland",false,52.207428,5.530322,"injury","2","clear",false,1,"GM0267"
"20240142004",2024,"Letsel",2,"Personenauto","Fiets","Flank","Kruispunt, 4 takken",50,"Niet brandend","Daglicht","Droog",\N,\N,"Koningin Julianaweg","Zaandam","Zaanstad","Noord-Holland",false,52.4528,4.824338,"injury","2","clear",false,1,"GM0479"
"20240142470",2024,"Letsel",2,"Personenauto","Fiets","Frontaal","Rotonde",50,"Niet brandend","Daglicht","Droog",\N,\N,"Dijkgraaf de Ruiterlaan","Volendam","Edam-Volendam","Noord-Holland",false,52.507781,5.071088,"injury","2","clear",false,1,"GM0385"
"20240151138",2024,"Uitsluitend materiele schade",2,"Personenauto","Fiets","Los voorwerp","Rotonde",50,"Niet brandend","Daglicht","Droog",\N,\N,"Deurningerstraat","Hengelo","Hengelo (O)","Overijssel",false,52.287762,6.820343,"material damage only","4","clear",false,1,\N
"20240147915",2024,"Uitsluitend materiele schade",2,"Personenauto","Fiets","Flank","Rotonde",50,"Niet brandend","Daglicht","Regen",\N,\N,"De Dom","Veldhoven","Veldhoven","Noord-Brabant",false,51.421886,5.392705,"material damage only","4","rain",false,1,"GM0861"
"20240138677",2024,"Uitsluitend materiele schade",2,"Bromfiets","Fiets","Flank","Kruispunt, 4 takken",50,"Niet brandend","Daglicht","Droog",\N,\N,"Burg v D tot Medlerstr","Duiven","Duiven","Gelderland",false,51.947194,6.011809,"material damage only","4","clear",false,1,"GM0226"
"20240139310",2024,"Uitsluitend materiele schade",2,"Fiets","Personenauto","Flank","Kruispunt, 3 takken",50,"Niet brandend","Daglicht","Regen",\N,\N,"Stadsweg","Groningen","Groningen","Groningen",false,53.228942,6.593275,"material damage only","4","rain",false,1,"GM0014"
"20240135548",2024,"Uitsluitend materiele schade",2,"Fiets","Personenauto","Frontaal","Kruispunt, 4 takken",30,"Brandend","Duisternis","Regen",\N,\N,"Franz Lisztstraat","Tilburg","Tilburg","Noord-Brabant",false,51.582312,5.082617,"material damage only","4","rain",false,1,"GM0855"
"20240136184",2024,"Letsel",2,"Fiets","Fiets","Flank","Rechte weg",50,"Niet brandend","Daglicht","Droog",\N,"351195007","Boekelseweg","Gemert","Gemert-Bakel","Noord-Brabant",false,51.569804,5.68836,"injury","2","clear",false,1,"GM1652"
"20240138731",2024,"Uitsluitend materiele schade",1,"Fiets",\N,"Onbekend","Rechte weg",50,"Niet brandend","Daglicht","Droog",\N,"390290054","Hoofdstraat","Velp","Rheden","Gelderland",false,51.995939,5.974512,"material damage only","4","clear",false,1,"GM0275"
"20240148050",2024,"Uitsluitend materiele schade",1,"Fiets",\N,"Onbekend","Rechte weg",30,"Niet brandend","Daglicht","Droog",\N,"318147060","Kard. de Jongstraat","Valkenswaard","Valkenswaard","Noord-Brabant",false,51.352436,5.447939,"material damage only","4","clear",false,1,"GM0858"
"20240145828",2024,"Letsel",2,"Bromfiets","Fiets","Flank","Kruispunt, 3 takken",30,"Niet brandend","Daglicht","Droog","Tunnel",\N,"Parallelweg","Sliedrecht","Sliedrecht","Zuid-Holland",false,51.830852,4.74576,"injury","2","clear",false,1,"GM0610"
"20240138111",2024,"Uitsluitend materiele schade",2,"Personenauto","Fiets","Flank","Rotonde",50,"Niet brandend","Daglicht","Droog",\N,\N,"Molenweg","Heino","Raalte","Overijssel",false,52.44367,6.230032,"material damage only","4","clear",false,1,"GM0177"
"20240142573",2024,"Letsel",2,"Personenauto","Fiets","Flank","Kruispunt, 4 takken",60,"Niet aanwezig","Daglicht","Droog",\N,\N,"Dorpsweg","Oudendijk","Koggenland","Noord-Holland",false,52.601682,5.003195,"injury","2","clear",false,1,"GM1598"
"20240145622",2024,"Letsel",1,"Fiets",\N,"Onbekend",\N,\N,\N,"Daglicht",\N,\N,"176273006","Schiedamseweg Beneden","Rotterdam","Rotterdam","Zuid-Holland",false,51.914264,4.419604,"injury","2","unknown",false,1,"GM0599"
"20240145861",2024,"Letsel",2,"Personenauto","Fiets","Flank","Kruispunt, 3 takken",30,"Brandend","Daglicht","Droog",\N,\N,"Torenstraat","Dordrecht","Dordrecht","Zuid-Holland",false,51.817676,4.673949,"injury","2","clear",false,1,"GM0505"
"20240134384",2024,"Uitsluitend materiele schade",2,"Bestelauto","Fiets","Onbekend",\N,30,\N,"Daglicht",\N,\N,\N,"HAAGPOORTBRUG","Breda","Breda","Noord-Brabant",false,51.585647,4.763194,"material damage only","4","unknown",false,1,"GM0758"
"20240137524",2024,"Uitsluitend materiele schade",2,"Personenauto","Fiets","Frontaal","Kruispunt, 4 takken",30,"Niet brandend","Daglicht","Droog",\N,\N,"Cortenbachstraat","Gemert","Gemert-Bakel","Noord-Brabant",true,51.555566,5.686398,"material damage only","4","clear",false,1,"GM1652"
"20240146134",2024,"Letsel",2,"Fiets","Bestelauto","Flank","Kruispunt, 3 takken",30,"Brandend","Duisternis","Droog",\N,\N,"Cymbelkruid","Rotterdam","Rotterdam","Zuid-Holland",false,51.958465,4.553369,"injury","2","clear",false,1,"GM0599"
"20240136904",2024,"Uitsluitend materiele schade",2,"Bromfiets","Fiets","Onbekend","Rechte weg",30,"Niet brandend","Daglicht","Droog",\N,"600790114","Orthenseweg","'s-Hertogenbosch","'s-Hertogenbosch","Noord-Brabant",false,51.699611,5.304018,"material damage only","4","clear",false,1,"GM0796"
"20240138833",2024,"Letsel",2,"Personenauto","Fiets","Flank","Kruispunt, 3 takken",50,"Brandend","Schemer","Droog",\N,\N,"Stoomtram","Doetinchem","Doetinchem","Gelderland",false,51.968756,6.286063,"injury","2","clear",false,1,"GM0222"
"20240146061",2024,"Uitsluitend materiele schade",2,"Personenauto","Fiets","Flank","Kruispunt, 4 takken",30,"Niet brandend","Daglicht","Droog",\N,\N,"Willemstraat","Ridderkerk","Ridderkerk","Zuid-Holland",false,51.880265,4.601792,"material damage only","4","clear",false,1,"GM0597"
"20240146327",2024,"Letsel",2,"Snorfiets","Fiets","Flank","Rechte weg",30,"Niet brandend","Daglicht","Droog",\N,"600912695","Scheveningseweg","'s-Gravenhage","'s-Gravenhage","Zuid-Holland",false,52.087086,4.299643,"injury","2","clear",false,1,"GM0518"
"20240135685",2024,"Uitsluitend materiele schade",2,"Personenauto","Fiets","Flank","Rechte weg",30,"Niet brandend","Daglicht","Droog",\N,"600729884","Louis Pregerkade","Rotterdam","Rotterdam","Zuid-Holland",false,51.909832,4.496597,"material damage only","4","clear",false,1,"GM0599"
"20240135705",2024,"Letsel",2,"Fiets","Overig vast object","Vast voorwerp","Bocht",30,"Niet brandend","Daglicht","Droog",\N,"600741216","Bilderdijkstraat","Zwijndrecht","Zwijndrecht","Zuid-Holland",false,51.811057,4.642889,"injury","2","clear",false,1,"GM0642"
"20240137587",2024,"Letsel",2,"Personenauto","Fiets","Onbekend","Rotonde",50,"Niet brandend","Daglicht","Droog",\N,\N,"Frans Erenslaan","Geleen","Sittard-Geleen","Limburg",false,50.960156,5.833293,"injury","2","clear",false,1,"GM1883"
"20240147270",2024,"Uitsluitend materiele schade",2,"Personenauto","Fiets","Onbekend","Rechte weg",50,"Brandend","Duisternis","Droog",\N,"329240087","Berghemseweg","Oss","Oss","Noord-Brabant",false,51.769807,5.530937,"material damage only","4","clear",false,1,"GM0828"
"20240149724",2024,"Uitsluitend materiele schade",2,"Fiets","Fiets","Flank","Rechte weg",50,"Niet brandend","Daglicht","Droog",\N,"477420113","Witte de Withstraat","Hardenberg","Hardenberg","Overijssel",false,52.573876,6.621796,"material damage only","4","clear",false,1,"GM0160"
"20240151087",2024,"Uitsluitend materiele schade",2,"Fiets","Personenauto","Flank","Kruispunt, 4 takken",50,"Niet brandend","Daglicht","Harde windstoten",\N,\N,"Beethovenstraat","Zutphen","Zutphen","Gelderland",false,52.131909,6.197136,"material damage only","4","unknown",false,1,"GM0301"
"20240137013",2024,"Uitsluitend materiele schade",2,"Personenauto","Fiets","Kop/staart","Kruispunt, 3 takken",30,"Niet brandend","Daglicht","Droog",\N,\N,"Gen van der Duynlaan","Eindhoven","Eindhoven","Noord-Brabant",false,51.458152,5.482756,"material damage only","4","clear",false,1,"GM0772"