"accident_id","year","severity_raw","party_count","party1_type","party2_type","accident_type","road_situation","speed_limit_kmh","road_lighting","light_condition_label","weather_raw","infra_type","road_segment_id","street_name","place_name","gemeente_name_raw","province","alcohol_indicated","latitude","longitude","severity_label","severity_code","weather_label","built_up_area","cyclists_involved","gemeente_code"
"20240139504",2024,"Uitsluitend materiele schade",2,"Fiets","Fiets","Flank","Rechte weg",30,"Brandend","Duisternis","Droog",\N,"346520045","Lemmerweg","Sneek","Súdwest-Fryslân","Friesland",false,53.028136,5.657438,"material damage only","4","clear",false,1,"GM1900"
"20240010376",2024,"Uitsluitend materiele schade",2,"Snorfiets","Fiets","Frontaal","Kruispunt, 4 takken",30,"Niet brandend","Daglicht","Droog",\N,\N,"Vismarkt","Groningen","Groningen","Groningen",false,53.217837,6.566102,"material damage only","4","clear",false,1,"GM0014"
"20230109888",2023,"Uitsluitend materiele schade",2,"Snorfiets","Fiets","Frontaal","Rechte weg",30,"Brandend","Duisternis","Droog",\N,\N,"Marconilaan","Eindhoven","Eindhoven","Noord-Brabant",false,51.451362,5.463026,"material damage only","4","clear",false,1,"GM0772"
"20240002379",2024,"Uitsluitend materiele schade",2,"Personenauto","Fiets","Flank","Rotonde",50,"Niet brandend","Daglicht","Droog",\N,\N,"Leunseweg","Leunen","Venray","Limburg",false,51.515909,5.980617,"material damage only","4","clear",false,1,"GM0984"
"20240008557",2024,"Letsel",2,"Personenauto","Fiets","Flank","Kruispunt, 4 takken",50,"Brandend","Duisternis","Droog",\N,\N,"Thorbeckelaan","'s-Gravenhage","'s-Gravenhage","Zuid-Holland",false,52.067296,4.246544,"injury","2","clear",false,1,"GM0518"
"20230108744",2023,"Uitsluitend materiele schade",2,"Personenauto","Fiets","Flank","Kruispunt, 3 takken",50,"Niet brandend","Daglicht","Droog",\N,\N,"Spoorlaan","Bilthoven","De Bilt","Utrecht",false,52.126109,5.196939,"material damage only","4","clear",false,1,"GM0310"
"20240157754",2024,"Uitsluitend materiele schade",2,"Personenauto","Fiets","Flank","Kruispunt, 3 takken",50,"Niet brandend","Daglicht","Droog",\N,\N,"Charles Vosstraat","Sittard","Sittard-Geleen","Limburg",false,51.000984,5.877468,"material damage only","4","clear",false,1,"GM1883"
"20240001999",2024,"Uitsluitend materiele schade",2,"Personenauto","Fiets","Frontaal","Bocht",15,"Niet brandend","Daglicht","Regen",\N,"416146002","Drunselhof","Tegelen","Venlo","Limburg",false,51.347706,6.152007,"material damage only","4","rain",false,1,"GM0983"
"20240006168",2024,"Uitsluitend materiele schade",2,"Personenauto","Fiets","Flank","Rechte weg",50,"Niet brandend","Duisternis","Droog",\N,"223432101","Marktstraat","Alkmaar","Alkmaar","Noord-Holland",false,52.632283,4.749536,"material damage only","4","clear",false,1,"GM0361"
"20240008571",2024,"Letsel",2,"Bestelauto","Fiets","Kop/staart","Rechte weg",60,"Brandend","Duisternis","Droog",\N,"157280001","Molenweg","Maasland","Midden-Delfland","Zuid-Holland",false,51.948075,4.276564,"injury","2","clear",false,1,"GM1842"
"20240010006",2024,"Uitsluitend materiele schade",2,"Personenauto","Fiets","Flank","Bocht",50,"Niet brandend","Daglicht","Droog",\N,"373254053","da Costastraat","Nijmegen","Nijmegen","Gelderland",false,51.833205,5.847462,"material damage only","4","clear",false,1,"GM0268"
"20240157147",2024,"Uitsluitend materiele schade",2,"Personenauto","Fiets","Flank","Rotonde",50,"Niet brandend","Daglicht","Regen",\N,\N,"Heivelden-Zuid","Best","Best","Noord-Brabant",false,51.50382,5.378261,"material damage only","4","rain",false,1,"GM0753"
"20240001447",2024,"Uitsluitend materiele schade",2,"Bromfiets","Fiets","Flank","Kruispunt, 4 takken",\N,"Niet brandend","Daglicht","Droog",\N,\N,"Beukenstraat","Tilburg","Tilburg","Noord-Brabant",false,51.560269,5.068075,"material damage only","4","clear",false,1,"GM0855"
"20240004971",2024,"Uitsluitend materiele schade",2,"Fiets","Personenauto","Flank","Rechte weg",50,"Brandend","Duisternis","Regen",\N,\N,"Nudestraat","Wageningen","Wageningen","Gelderland",false,51.96393,5.660277,"material damage only","4","rain",false,1,"GM0289"
"20240006185",2024,"Uitsluitend materiele schade",2,"Personenauto","Fiets","Flank","Rechte weg",50,"Brandend","Schemer","Droog",\N,"600769889","Kerkstraat","Wognum","Medemblik","Noord-Holland",false,52.688639,5.017331,"material damage only","4","clear",false,1,"GM0420"
"20240007972",2024,"Letsel",2,"Fiets","Voetganger","Voetganger","Rechte weg",50,"Niet brandend","Daglicht","Droog",\N,"600731117","Veerpolderpad","Warmond","Teylingen","Zuid-Holland",false,52.186471,4.498049,"injury","2","clear",false,1,"GM1525"
"20240010055",2024,"Letsel",2,"Personenauto","Fiets","Flank","Kruispunt, 3 takken",50,"Niet brandend","Daglicht","Droog",\N,\N,"Burg Knopperslaan","Meppel","Meppel","Drenthe",false,52.698755,6.19707,"injury","2","clear",false,1,"GM0119"
"20240154325",2024,"Letsel",1,"Fiets",\N,"Onbekend","Rechte weg",30,"Brandend","Duisternis","Droog",\N,"600495712","Prinses Beatrixlaan","Delft","Delft","Zuid-Holland",false,52.004875,4.346605,"injury","2","clear",false,1,"GM0503"
"20230107617",2023,"Letsel",2,"Personenauto","Fiets","Flank","Kruispunt, 4 takken",50,"Niet brandend","Daglicht","Droog",\N,\N,"Slinge","Rotterdam","Rotterdam","Zuid-Holland",false,51.873458,4.488812,"injury","2","clear",false,1,"GM0599"
"20240155651",2024,"Uitsluitend materiele schade",2,"Personenauto","Fiets","Flank","Rechte weg",50,"Niet brandend","Daglicht","Regen",\N,"321165045","Hoogstraat","Eindhoven","Eindhoven","Noord-Brabant",false,51.432614,5.470583,"material damage only","4","rain",false,1,"GM0772"
"20240009699",2024,"Uitsluitend materiele schade",2,"Personenauto","Fiets","Onbekend","Kruispunt, 3 takken",50,"Niet brandend","Daglicht","Regen",\N,\N,"Raadhuisstraat","Losser","Losser","Overijssel",false,52.261742,7.005587,"material damage only","4","rain",false,1,"GM0168"
"20240022890",2024,"Letsel",2,"e-bike","Lichtmast","Eenzijdig","Kruispunt, 3 takken",30,"Niet brandend","Daglicht","Regen",\N,\N,"Laan van Hoornwijck","'s-Gravenhage","'s-Gravenhage","Zuid-Holland",false,52.040657,4.368613,"injury","2","rain",false,1,"GM0518"
"20240022952",2024,"Letsel",2,"Personenauto","Fiets","Flank","Kruispunt, 3 takken",50,"Niet brandend","Daglicht","Droog",\N,\N,"Laagjes","Rotterdam","Rotterdam","Zuid-Holland",false,51.883967,4.522194,"injury","2","clear",false,1,"GM0599"
"20240151789",2024,"Letsel",2,"Personenauto","Fiets","Flank","Rechte weg",50,"Niet brandend","Daglicht","Regen",\N,"600831396","Rijksweg-Zuid","Elst","Overbetuwe","Gelderland",false,51.910398,5.84095,"injury","2","rain",false,1,"GM1734"
"20240155933",2024,"Uitsluitend materiele schade",2,"Personenauto","Fiets","Onbekend","Rotonde",50,"Niet brandend","Daglicht","Droog",\N,\N,"Mercuriuslaan","Eindhoven","Eindhoven","Noord-Brabant",false,51.475416,5.493093,"material damage only","4","clear",false,1,"GM0772"
"20240001536",2024,"Letsel",1,"Fiets",\N,"Eenzijdig","Rechte weg",30,"Brandend","Duisternis","Droog",\N,\N,"Linker Rottekade","Rotterdam","Rotterdam","Zuid-Holland",false,51.930051,4.486422,"injury","2","clear",false,1,"GM0599"
"20240002530",2024,"Uitsluitend materiele schade",3,"Trekker","Fiets","Onbekend","Kruispunt, 4 takken",50,"Niet brandend","Daglicht","Droog",\N,\N,"Schandeloseweg","Velden","Venlo","Limburg",false,51.414436,6.165858,"material damage only","4","clear",false,1,"GM0983"
"20240002905",2024,"Uitsluitend materiele schade",2,"Fiets","Voetganger","Voetganger","Rechte weg",50,"Niet brandend","Daglicht","Droog",\N,"600960459","Kraanvogellaan","'s-Hertogenbosch","'s-Hertogenbosch","Noord-Brabant",false,51.719372,5.258885,"material damage only","4","clear",false,1,"GM0796"
"20240005603",2024,"Uitsluitend materiele schade",2,"Fiets","Fiets","Flank","Kruispunt, 3 takken",30,"Brandend","Duisternis","Droog",\N,\N,"Geraniumstraat","Utrecht","Utrecht","Utrecht",false,52.103705,5.091054,"material damage only","4","clear",false,1,"GM0344"
"20240009367",2024,"Letsel",2,"Personenauto","Fiets","Flank","Rechte weg",30,"Niet brandend","Schemer","Regen",\N,\N,"Poolster","Klazienaveen","Emmen","Drenthe",false,52.730302,6.990978,"injury","2","rain",false,1,"GM0114"
"20240023956",2024,"Uitsluitend materiele schade",2,"Personenauto","Fiets","Onbekend","Kruispunt, 4 takken",50,"Niet brandend","Daglicht","Droog",\N,\N,"Wesselmanlaan","Helmond","Helmond","Noord-Brabant",false,51.480918,5.64523,"material damage only","4","clear",false,1,"GM0794"
"20230108342",2023,"Letsel",1,"Fiets",\N,"Eenzijdig","Rechte weg",30,"Brandend","Duisternis","Droog",\N,"208377146","Harmenjansweg","Haarlem","Haarlem","Noord-Holland",false,52.383165,4.643316,"injury","2","clear",false,1,"GM0392"
"20230112466",2023,"Letsel",1,"Fiets",\N,"Eenzijdig","Rechte weg",50,"Niet brandend","Daglicht","Droog",\N,"600714850","Houtrustweg","'s-Gravenhage","'s-Gravenhage","Zuid-Holland",false,52.09035,4.265828,"injury","2","clear",false,1,"GM0518"
"20230113049",2023,"Letsel",2,"Vrachtauto","Fiets","Eenzijdig","Bocht",50,\N,"Daglicht","Droog",\N,"187307086","Hitchcockstrook","Zoetermeer","Zoetermeer","Zuid-Holland",false,52.070116,4.491135,"injury","2","clear",false,1,"GM0637"
"20240010686",2024,"Uitsluitend materiele schade",2,"Bestelauto","Fiets","Flank","Kruispunt, 3 takken",50,"Brandend","Duisternis","Regen",\N,\N,"Laakboulevard","Amersfoort","Amersfoort","Utrecht",false,52.194407,5.432653,"material damage only","4","rain",false,1,"GM0307"
"20240017784",2024,"Letsel",2,"Bestelauto","Fiets","Flank","Rechte weg",30,"Niet brandend","Daglicht","Droog",\N,"391568004","Oastein","Feanwâlden","Dantumadiel","Friesland",false,53.242183,5.996857,"injury","2","clear",false,1,"GM1891"
"20240018065",2024,"Letsel",2,"Personenauto","Fiets","Flank","Kruispunt, 4 takken",80,"Niet aanwezig","Daglicht","Droog",\N,\N,"Glanerbruggeweg","Enschede","Enschede","Overijssel",false,52.248233,6.930467,"injury","2","clear",false,1,"GM0153"
"20240018597",2024,"Uitsluitend materiele schade",2,"Personenauto","Fiets","Flank","Kruispunt, 4 takken",30,"Niet brandend","Daglicht","Droog",\N,\N,"Molenvaart","Anna Paulowna","Hollands Kroon","Noord-Holland",false,52.866923,4.819571,"material damage only","4","clear",false,1,"GM1911"
"20240018801",2024,"Letsel",2,"Fiets","Fiets","Frontaal","Bocht",30,"Niet brandend","Daglicht","Regen",\N,"224430056","Brederostraat","Alkmaar","Alkmaar","Noord-Holland",false,52.62516,4.75355,"injury","2","rain",false,1,"GM0361"
"20240153835",2024,"Letsel",2,"Bromfiets","Fiets","Flank","Rechte weg",100,"Brandend","Duisternis","Droog","Brug/viaduct","600548886","Grote Beer","Alblasserdam","Alblasserdam","Zuid-Holland",false,51.857223,4.660873,"injury","2","clear",false,1,"GM0482"
"20230110737",2023,"Uitsluitend materiele schade",2,"Personenauto","Fiets","Flank","Kruispunt, 3 takken",50,"Brandend","Duisternis","Regen",\N,\N,"Kard van Rossumplein","'s-Hertogenbosch","'s-Hertogenbosch","Noord-Brabant",false,51.691222,5.307547,"material damage only","4","rain",false,1,"GM0796"
"20240011515",2024,"Uitsluitend materiele schade",2,"Personenauto","Fiets","Flank","Rechte weg",50,"Niet brandend","Daglicht","Droog",\N,"600794219","Nijverheidsweg-Noord","Amersfoort","Amersfoort","Utrecht",false,52.163448,5.37446,"material damage only","4","clear",false,1,"GM0307"
"20240012891",2024,"Uitsluitend materiele schade",2,"Personenauto","Fiets","Flank","Rechte weg",30,"Niet brandend","Daglicht","Droog",\N,"600362832","Bloemgracht","Amsterdam","Amsterdam","Noord-Holland",false,52.374206,4.878141,"material damage only","4","clear",false,1,"GM0363"
"20240018623",2024,"Letsel",2,"Bestelauto","Fiets","Flank","Rechte weg",30,"Niet brandend","Daglicht","Droog",\N,"270307003","Marco Pololaan","Utrecht","Utrecht","Utrecht",false,52.069603,5.096927,"injury","2","clear",false,1,"GM0344"
"20240019322",2024,"Uitsluitend materiele schade",2,"Personenauto","Fiets","Flank","Kruispunt, 4 takken",50,"Niet brandend","Daglicht","Droog",\N,\N,"Hindersteinlaan","Vleuten","Utrecht","Utrecht",false,52.103493,5.021674,"material damage only","4","clear",false,1,"GM0344"
"20240019335",2024,"Uitsluitend materiele schade",2,"Bromfiets","Fiets","Onbekend","Rechte weg",30,"Niet brandend","Daglicht","Regen",\N,"333298030","Prins Bernhardlaan","Veenendaal","Veenendaal","Utrecht",false,52.030152,5.560279,"material damage only","4","rain",false,1,"GM0345"
"20240021195",2024,"Uitsluitend materiele schade",2,"Personenauto","Fiets","Flank","Kruispunt, 3 takken",50,"Niet brandend","Daglicht","Droog",\N,\N,"Ockenburghstraat","'s-Gravenhage","'s-Gravenhage","Zuid-Holland",false,52.059688,4.225708,"material damage only","4","clear",false,1,"GM0518"
"20240021199",2024,"Uitsluitend materiele schade",2,"Personenauto","Fiets","Flank","Kruispunt, 4 takken",30,"Niet brandend","Daglicht","Droog",\N,\N,"Osdorpplein","Amsterdam","Amsterdam","Noord-Holland",false,52.359797,4.803197,"material damage only","4","clear",false,1,"GM0363"
"20240155274",2024,"Letsel",2,"Fiets","Overig vast object","Vast voorwerp","Bocht",50,"Brandend","Duisternis","Droog",\N,"601233276","Zeeweg","Katwijk","Katwijk","Zuid-Holland",false,52.202521,4.406671,"injury","2","clear",false,1,"GM0537"
"20240002652",2024,"Uitsluitend materiele schade",2,"Bestelauto","Fiets","Flank","Rotonde",50,"Brandend","Duisternis","Droog",\N,\N,"Tempellaan","Eindhoven","Eindhoven","Noord-Brabant",false,51.48652,5.494855,"material damage only","4","clear",false,1,"GM0772"
"20240022807",2024,"Letsel",2,"Personenauto","Fiets","Onbekend","Rotonde",50,"Niet brandend","Daglicht","Droog",\N,\N,"Bachlaan","Barendrecht","Barendrecht","Zuid-Holland",false,51.85386,4.521146,"injury","2","clear",false,1,"GM0489"
"20230113171",2023,"Letsel",2,"Vrachtauto","Fiets","Eenzijdig","Bocht",50,"Brandend","Schemer","Regen",\N,\N,"Westkanaalweg","Ter Aar","Nieuwkoop","Zuid-Holland",false,52.18266,4.72729,"injury","2","rain",false,1,"GM0569"
"20240015014",2024,"Uitsluitend materiele schade",2,"Personenauto","Fiets","Flank","Kruispunt, 3 takken",50,"Niet brandend","Daglicht","Droog",\N,\N,"Dordtselaan","Rotterdam","Rotterdam","Zuid-Holland",false,51.889529,4.49391,"material damage only","4","clear",false,1,"GM0599"
"20230113190",2023,"Letsel",2,"Fiets","Personenauto","Flank","Rotonde",50,"Niet brandend","Daglicht","Droog",\N,\N,"Troubadourweg","Alphen aan den Rijn","Alphen aan den Rijn","Zuid-Holland",false,52.145293,4.676628,"injury","2","clear",false,1,"GM0484"
"20240010825",2024,"Letsel",2,"Snorfiets","Fiets","Frontaal","Rechte weg",50,"Niet aanwezig","Duisternis","Droog","Tunnel","600286519","Spoorbaanpad","Almere","Almere","Flevoland",false,52.37468,5.216933,"injury","2","clear",false,1,"GM0034"
"20240011146",2024,"Uitsluitend materiele schade",2,"Personenauto","Fiets","Flank","Kruispunt, 3 takken",30,"Niet brandend","Daglicht","Droog",\N,\N,"Mariënstein","Heiloo","Heiloo","Noord-Holland",false,52.601909,4.691492,"material damage only","4","clear",false,1,"GM0399"
"20240015278",2024,"Letsel",2,"Fiets","Voetganger","Flank","Rechte weg",\N,"Niet brandend","Duisternis","Droog",\N,"184275137","Coolsingel","Rotterdam","Rotterdam","Zuid-Holland",false,51.921921,4.478953,"injury","2","clear",false,1,"GM0599"
"20240011711",2024,"Letsel",1,"Fiets",\N,"Onbekend",\N,50,\N,"Daglicht",\N,\N,"265317005","Isotopenweg","Utrecht","Utrecht","Utrecht",false,52.115279,5.067611,"injury","2","unknown",false,1,"GM0344"
"20240015873",2024,"Letsel",1,"Fiets",\N,"Onbekend","Rechte weg",30,"Brandend","Duisternis","Regen",\N,"320147209","Hoogstraat","Valkenswaard","Valkenswaard","Noord-Brabant",false,51.353968,5.462491,"injury","2","rain",false,1,"GM0858"
"20240017091",2024,"Uitsluitend materiele schade",2,"Personenauto","Fiets","Flank","Kruispunt, 4 takken",60,"Niet brandend","Daglicht","Droog",\N,\N,"Bornsesteeg","Wageningen","Wageningen","Gelderland",false,51.991462,5.656897,"material damage only","4","clear",false,1,"GM0289"
"20240016641",2024,"Uitsluitend materiele schade",2,"Personenauto","Fiets","Onbekend","Kruispunt, 4 takken",50,"Niet brandend","Daglicht","Droog",\N,\N,"Europaweg","Apeldoorn","Apeldoorn","Gelderland",false,52.201614,5.949386,"material damage only","4","clear",false,1,"GM0200"
"20240018563",2024,"Uitsluitend materiele schade",2,"Personenauto","Fiets","Flank","Kruispunt, 4 takken",50,"Niet brandend","Daglicht","Droog",\N,\N,"Industrieweg","Wormerveer","Zaanstad","Noord-Holland",false,52.511741,4.780678,"material damage only","4","clear",false,1,"GM0479"
"20240015937",2024,"Uitsluitend materiele schade",2,"Personenauto","Fiets","Flank","Rotonde",30,"Niet brandend","Daglicht","Regen",\N,\N,"Marktstraat","Uden","Maashorst","Noord-Brabant",false,51.657884,5.611528,"material damage only","4","rain",false,1,"GM1991"
"20240021674",2024,"Uitsluitend materiele schade",2,"Bestelauto","Fiets","Flank","Rechte weg",30,"Niet brandend","Daglicht","Regen",\N,"600758946","Staalmeesterslaan","Amsterdam","Amsterdam","Noord-Holland",false,52.367726,4.84432,"material damage only","4","rain",false,1,"GM0363"
"20240021695",2024,"Letsel",1,"Fiets",\N,"Flank","Kruispunt, 3 takken",50,"Niet brandend","Daglicht","Droog",\N,\N,"Vondelstraat","Alkmaar","Alkmaar","Noord-Holland",false,52.618234,4.744522,"injury","2","clear",false,1,"GM0361"
"20240000318",2024,"Uitsluitend materiele schade",2,"Personenauto","Fiets","Flank","Rotonde",50,"Brandend","Duisternis","Droog",\N,\N,"Claudius Prinsenlaan","Breda","Breda","Noord-Brabant",false,51.581331,4.804093,"material damage only","4","clear",false,1,"GM0758"
"20240021525",2024,"Uitsluitend materiele schade",2,"Bromfiets","Fiets","Flank","Kruispunt, 4 takken",30,"Brandend","Duisternis","Regen",\N,\N,"Ceintuurbaan","Amsterdam","Amsterdam","Noord-Holland",true,52.354867,4.901141,"material damage only","4","rain",false,1,"GM0363"
"20240021705",2024,"Letsel",1,"Fiets",\N,"Eenzijdig","Rechte weg",30,"Niet brandend","Daglicht","Droog",\N,"600764423","Spaklerweg","Amsterdam","Amsterdam","Noord-Holland",false,52.342192,4.918928,"injury","2","clear",false,1,"GM0363"
"20240025067",2024,"Letsel",2,"Bromfiets","Fiets","Frontaal","Kruispunt, 4 takken",50,"Niet brandend","Daglicht","Droog",\N,\N,"Markt","Maastricht","Maastricht","Limburg",false,50.851128,5.692031,"injury","2","clear",false,1,"GM0935"
"20230109239",2023,"Uitsluitend materiele schade",2,"Personenauto","e-bike","Kop/staart","Kruispunt, 4 takken",30,"Niet brandend","Daglicht","Droog",\N,\N,"Randhoeve","Houten","Houten","Utrecht",false,52.039069,5.163851,"material damage only","4","clear",false,1,"GM0321"
"20230024256",2023,"Uitsluitend materiele schade",1,"Fiets",\N,"Onbekend","Rechte weg",30,"Niet brandend","Daglicht","Droog",\N,"600124244","Herengracht","Amsterdam","Amsterdam","Noord-Holland",false,52.365128,4.89442,"material damage only","4","clear",false,1,"GM0363"
"20230028265",2023,"Letsel",2,"Bromfiets","e-bike","Flank","Kruispunt, 4 takken",50,"Brandend","Duisternis","Droog",\N,\N,"Rozenlaan","Spijkenisse","Nissewaard","Zuid-Holland",false,51.853716,4.32522,"injury","2","clear",false,1,"GM1930"
"20230030019",2023,"Letsel",1,"Fiets",\N,"Eenzijdig","Rechte weg",30,"Brandend","Schemer","Droog",\N,"167303084","Laan van Hoornwijck","Rijswijk","Rijswijk","Zuid-Holland",false,52.047347,4.349211,"injury","2","clear",false,1,\N
"20230030029",2023,"Letsel",2,"Bromfiets","Fiets","Flank","Rechte weg",\N,"Niet aanwezig","Schemer","Regen",\N,"169278047","Royaardsplein","Schiedam","Schiedam","Zuid-Holland",false,51.938154,4.368094,"injury","2","rain",false,1,"GM0606"
"20230033044",2023,"Uitsluitend materiele schade",2,"Personenauto","Fiets","Flank","Rechte weg",\N,"Brandend","Duisternis","Droog",\N,"357017009","Rijksweg","Eijsden","Eijsden-Margraten","Limburg",false,50.768712,5.722377,"material damage only","4","clear",false,1,"GM1903"
"20230036087",2023,"Letsel",1,"Fiets",\N,"Eenzijdig","Rechte weg",30,"Niet aanwezig","Daglicht","Droog",\N,"455374020","Koersendijk","Nijverdal","Hellendoorn","Overijssel",false,52.36975,6.458992,"injury","2","clear",false,1,"GM0163"
"20230069589",2023,"Letsel",2,"Fiets","Overig vast object","Vast voorwerp","Rechte weg",50,"Niet brandend","Daglicht","Droog",\N,"149283098","Maasdijk","Maasdijk","Westland","Zuid-Holland",false,51.956154,4.221464,"injury","2","clear",false,1,"GM1783"
"20240026292",2024,"Letsel",2,"Motor","Fiets","Flank","Rechte weg",60,"Niet brandend","Daglicht","Droog",\N,"397398004","Zuiderzeestraatweg","Hattem","Hattem","Gelderland",false,52.481312,6.030677,"injury","2","clear",false,1,"GM0244"
"20240027427",2024,"Letsel",2,"Fiets","Lichtmast","Vast voorwerp","Rechte weg",30,"Brandend","Duisternis","Regen",\N,"468563147","Gedempte Zuiderdiep","Groningen","Groningen","Groningen",false,53.215672,6.570643,"injury","2","rain",false,1,"GM0014"
"20240028852",2024,"Letsel",2,"Fiets","Voetganger","Voetganger","Rechte weg",30,"Niet brandend","Daglicht","Droog",\N,\N,"Enschedesestraat","Hengelo","Hengelo (O)","Overijssel",false,52.263092,6.799372,"injury","2","clear",false,1,\N
"20240028918",2024,"Letsel",2,"Fiets","Voetganger","Voetganger","Rechte weg",\N,"Niet brandend","Daglicht","Droog",\N,"272311046","Vredenburg","Utrecht","Utrecht","Utrecht",false,52.09183,5.115226,"injury","2","clear",false,1,"GM0344"
"20230016866",2023,"Letsel",1,"Fiets",\N,"Eenzijdig","Rechte weg",30,"Niet brandend","Daglicht","Droog",\N,"235436004","West-Frieslandsingel","Heerhugowaard","Dijk en Waard","Noord-Holland",false,52.651874,4.835315,"injury","2","clear",false,1,"GM1980"
"20230019770",2023,"Uitsluitend materiele schade",2,"Personenauto","e-bike","Flank","Kruispunt, 3 takken",50,"Niet brandend","Daglicht","Regen",\N,\N,"Sleutelbloemstraat","Apeldoorn","Apeldoorn","Gelderland",false,52.230631,5.977479,"material damage only","4","rain",false,1,"GM0200"
"20240026734",2024,"Uitsluitend materiele schade",2,"Bromfiets","Fiets","Flank","Kruispunt, 4 takken",50,"Brandend","Duisternis","Regen",\N,\N,"Halstraat","Apeldoorn","Apeldoorn","Gelderland",true,52.216252,5.972564,"material damage only","4","rain",false,1,"GM0200"
"20230022568",2023,"Letsel",2,"Personenauto","Fiets","Flank","Kruispunt, 4 takken",50,"Niet brandend","Daglicht","Droog",\N,\N,"Melis Stokelaan","'s-Gravenhage","'s-Gravenhage","Zuid-Holland",false,52.048597,4.283937,"injury","2","clear",false,1,"GM0518"
"20240027362",2024,"Letsel",2,"e-bike","Voetganger","Voetganger","Rechte weg",30,"Niet brandend","Daglicht","Droog",\N,"346520141","Singel","Sneek","Súdwest-Fryslân","Friesland",false,53.03046,5.662002,"injury","2","clear",false,1,"GM1900"
"20230025512",2023,"Uitsluitend materiele schade",3,"Bestelauto","Fiets","Onbekend",\N,50,"Niet brandend","Daglicht","Regen",\N,"177253034","Laurens Jzn Costerstraat","Oud-Beijerland","Hoeksche Waard","Zuid-Holland",false,51.824301,4.428496,"material damage only","4","rain",false,1,"GM1963"
"20230031779",2023,"Uitsluitend materiele schade",2,"Bromfiets","Fiets","Flank","Rechte weg",30,"Brandend","Duisternis","Droog",\N,"601003490","Boschstraat","Maastricht","Maastricht","Limburg",false,50.85696,5.69015,"material damage only","4","clear",false,1,"GM0935"
"20240029517",2024,"Letsel",2,"Bromfiets","Fiets","Flank","Rechte weg",30,"Niet brandend","Daglicht","Droog",\N,"249363023","Dolingadreef","Amsterdam","Amsterdam","Noord-Holland",false,52.323403,4.944388,"injury","2","clear",false,1,"GM0363"
"20230036736",2023,"Uitsluitend materiele schade",2,"Personenauto","Fiets","Onbekend","Rotonde",50,"Niet brandend","Daglicht","Droog",\N,\N,"Noorderinslag","Leusden","Leusden","Utrecht",false,52.132357,5.437519,"material damage only","4","clear",false,1,"GM0327"
"20230014599",2023,"Letsel",2,"Bestelauto","Fiets","Eenzijdig","Kruispunt, 4 takken",30,"Niet brandend","Daglicht","Droog",\N,\N,"Hoofdstraat","Apeldoorn","Apeldoorn","Gelderland",false,52.211288,5.966237,"injury","2","clear",false,1,"GM0200"
"20230027208",2023,"Uitsluitend materiele schade",2,"Personenauto","Fiets","Flank","Kruispunt, 4 takken",50,"Niet brandend","Daglicht","Droog",\N,\N,"Emmikhovensestraat","Waalwijk","Waalwijk","Noord-Brabant",false,51.69082,5.06135,"material damage only","4","clear",false,1,"GM0867"
"20230031831",2023,"Uitsluitend materiele schade",2,"Fiets","Personenauto","Flank","Kruispunt, 3 takken",50,"Niet brandend","Daglicht","Droog",\N,\N,"Venrayseweg","Venlo","Venlo","Limburg",false,51.37791,6.156225,"material damage only","4","clear",false,1,"GM0983"
"20230036230",2023,"Letsel",1,"Fiets",\N,"Eenzijdig","Rechte weg",50,"Brandend","Duisternis","Droog",\N,"476549002","Westerveen","Haren Gn","Groningen","Groningen",false,53.152072,6.630581,"injury","2","clear",false,1,"GM0014"
"20230075397",2023,"Letsel",1,"Fiets",\N,"Eenzijdig","Rechte weg",30,"Brandend","Duisternis","Droog",\N,"215384070","Ringweg","Spaarndam","Haarlemmermeer","Noord-Holland",false,52.414421,4.694647,"injury","2","clear",false,1,"GM0394"
"20240025373",2024,"Uitsluitend materiele schade",2,"Personenauto","Fiets","Onbekend","Rotonde",50,"Niet brandend","Daglicht","Droog",\N,\N,"Loevensteinlaan","Oosterhout","Oosterhout","Noord-Brabant",false,51.632492,4.869916,"material damage only","4","clear",false,1,"GM0826"
"20230076028",2023,"Letsel",3,"Fiets","Overig wegmeubilair","Vast voorwerp","Rechte weg",50,"Niet brandend","Daglicht","Droog",\N,"309327157","Kleine Koppel","Amersfoort","Amersfoort","Utrecht",false,52.160279,5.382675,"injury","2","clear",false,1,"GM0307"
"20240025738",2024,"Letsel",2,"Personenauto","Fiets","Flank","Rechte weg",50,"Niet brandend","Daglicht","Droog",\N,"600885717","Wethouder Beversstraat","Enschede","Enschede","Overijssel",false,52.206803,6.894259,"injury","2","clear",false,1,"GM0153"
"20230069731",2023,"Letsel",2,"Fiets","Overig vast object","Vast voorwerp","Rechte weg",30,"Niet brandend","Daglicht","Droog",\N,"222308072","Grutto","Bodegraven","Bodegraven-Reeuwijk","Zuid-Holland",false,52.074708,4.748961,"injury","2","clear",false,1,"GM1901"
"20230014073",2023,"Letsel",2,"Personenauto","Fiets","Flank","Rotonde",50,"Niet brandend","Daglicht","Droog",\N,\N,"Ooststeeg","Wageningen","Wageningen","Gelderland",false,51.976472,5.661202,"injury","2","clear",false,1,"GM0289"
"20230023221",2023,"Uitsluitend materiele schade",3,"Bromfiets","Fiets","Onbekend","Kruispunt, 4 takken",30,"Niet brandend","Daglicht","Droog",\N,\N,"Linnaeusstraat","Amsterdam","Amsterdam","Noord-Holland",false,52.357254,4.927156,"material damage only","4","clear",false,1,"GM0363"