"accident_id","year","severity_raw","party_count","party1_type","party2_type","accident_type","road_situation","speed_limit_kmh","road_lighting","light_condition_label","weather_raw","infra_type","road_segment_id","street_name","place_name","gemeente_name_raw","province","alcohol_indicated","latitude","longitude","severity_label","severity_code","weather_label","built_up_area","cyclists_involved","gemeente_code"
"20220084015",2022,"Letsel",1,"Fiets",\N,"Eenzijdig",\N,50,\N,"Daglicht",\N,\N,"600531520","Prinses Beatrixlaan","Rijswijk","Rijswijk","Zuid-Holland",false,52.017458,4.33352,"injury","2","unknown",false,1,\N
"20220094284",2022,"Letsel",2,"Fiets","Voetganger","Voetganger","Rechte weg",30,"Brandend","Duisternis","Droog",\N,"407403076","Assendorperstraat","Zwolle","Zwolle","Overijssel",false,52.503165,6.105398,"injury","2","clear",false,1,"GM0193"
"20220105654",2022,"Letsel",1,"Fiets",\N,"Eenzijdig","Kruispunt, 4 takken",\N,"Niet brandend","Daglicht","Harde windstoten",\N,\N,"Alexanderstraat","'s-Gravenhage","'s-Gravenhage","Zuid-Holland",false,52.084524,4.306573,"injury","2","unknown",false,1,"GM0518"
"20220105800",2022,"Letsel",2,"Fiets","Fiets","Flank","Rechte weg",50,"Brandend","Duisternis","Droog",\N,"600387513","Gooimeerlaan","Leiden","Leiden","Zuid-Holland",false,52.180009,4.497891,"injury","2","clear",false,1,"GM0546"
"20220055520",2022,"Uitsluitend materiele schade",2,"Fiets","Personenauto","Frontaal","Rechte weg",50,"Niet brandend","Daglicht","Droog",\N,\N,"Werengouw","Amsterdam","Amsterdam","Noord-Holland",false,52.391846,4.953968,"material damage only","4","clear",false,1,"GM0363"
"20220080236",2022,"Letsel",1,"e-bike",\N,"Eenzijdig",\N,50,\N,"Daglicht",\N,\N,"208349002","'t Kabel","Nieuw-Vennep","Haarlemmermeer","Noord-Holland",false,52.257841,4.646758,"injury","2","unknown",false,1,"GM0394"
"20220105176",2022,"Letsel",1,"Fiets",\N,"Eenzijdig","Rechte weg",50,"Niet brandend","Daglicht","Droog",\N,"161309057","Kerkplein","'s-Gravenhage","'s-Gravenhage","Zuid-Holland",false,52.077725,4.307758,"injury","2","clear",false,1,"GM0518"
"20220025853",2022,"Uitsluitend materiele schade",3,"Bestelauto","Fiets","Flank","Kruispunt, 4 takken",50,"Brandend","Duisternis","Droog",\N,\N,"Snellenweer","Werkendam","Altena","Noord-Brabant",false,51.805875,4.896264,"material damage only","4","clear",false,1,"GM1959"
"20220055636",2022,"Uitsluitend materiele schade",2,"Personenauto","Fiets","Onbekend","Kruispunt, 4 takken",50,"Niet brandend","Daglicht","Droog",\N,\N,"Nolensstraat","Amsterdam","Amsterdam","Noord-Holland",false,52.37541,4.800183,"material damage only","4","clear",false,1,"GM0363"
"20220061214",2022,"Letsel",4,"Fiets","Fiets","Onbekend","Rechte weg",50,"Niet brandend","Daglicht","Droog",\N,"188283020","Molenlaan","Rotterdam","Rotterdam","Zuid-Holland",false,51.958356,4.506164,"injury","2","clear",false,1,"GM0599"
"20220064182",2022,"Uitsluitend materiele schade",3,"Personenauto","e-bike","Geparkeerd voertuig","Rechte weg",30,"Niet brandend","Daglicht","Droog","Parkeervoorziening","180188079","Vughtstraat","Roosendaal","Roosendaal","Noord-Brabant",false,51.535035,4.456443,"material damage only","4","clear",false,1,"GM1674"
"20220109308",2022,"Uitsluitend materiele schade",2,"Bromfiets","Fiets","Frontaal",\N,80,\N,"Daglicht","Droog",\N,"600707401","Herbert H. Dowweg","Hoek","Terneuzen","Zeeland",false,51.33881,3.786976,"material damage only","4","clear",false,1,"GM0715"
"20220030358",2022,"Uitsluitend materiele schade",1,"Fiets",\N,"Onbekend","Rechte weg",50,"Niet brandend","Daglicht",\N,\N,"398038005","Spekhofstraat","Kerkrade","Kerkrade","Limburg",false,50.85895,6.017209,"material damage only","4","unknown",false,1,"GM0928"
"20220061458",2022,"Letsel",2,"Personenauto","Fiets","Flank","Kruispunt, 4 takken",50,"Brandend","Duisternis","Droog",\N,"185275167","Pompenburg","Rotterdam","Rotterdam","Zuid-Holland",false,51.926223,4.483791,"injury","2","clear",false,1,"GM0599"
"20220061538",2022,"Uitsluitend materiele schade",2,"Bromfiets","Fiets","Kop/staart","Rechte weg",50,"Niet brandend","Daglicht","Droog",\N,"192269010","Van Brienenoord","Rotterdam","Rotterdam","Zuid-Holland",false,51.899266,4.535944,"material damage only","4","clear",false,1,"GM0599"
"20220070840",2022,"Letsel",2,"Personenauto","Fiets","Flank","Kruispunt, 4 takken",80,"Niet brandend","Daglicht",\N,\N,\N,"Oude Provincialeweg","Hooghalen","Midden-Drenthe","Drenthe",false,52.906865,6.539284,"injury","2","unknown",false,1,"GM1731"
"20220100649",2022,"Uitsluitend materiele schade",2,"Personenauto","e-bike","Flank","Kruispunt, 4 takken",50,"Niet brandend","Daglicht","Droog",\N,\N,"Voorstraat","Egmond aan Zee","Bergen (NH)","Noord-Holland",false,52.619252,4.63763,"material damage only","4","clear",false,1,\N
"20220100977",2022,"Letsel",3,"Trekker","e-bike","Flank","Kruispunt, 4 takken",50,"Niet brandend","Daglicht","Droog",\N,\N,"Kennemerstraatweg","Heiloo","Heiloo","Noord-Holland",false,52.598536,4.709069,"injury","2","clear",false,1,"GM0399"
"20220047268",2022,"Letsel",3,"Fiets","Fiets","Onbekend","Rechte weg",80,"Brandend","Duisternis","Droog",\N,"476381030","Aadorpweg","Vriezenveen","Twenterand","Overijssel",false,52.394561,6.612694,"injury","2","clear",false,1,"GM1700"
"20220050129",2022,"Letsel",1,"Fiets",\N,"Eenzijdig","Rechte weg",30,"Niet brandend","Daglicht","Droog",\N,"292358035","Zwin","Huizen","Huizen","Noord-Holland",false,52.301674,5.259591,"injury","2","clear",false,1,"GM0406"
"20220067740",2022,"Uitsluitend materiele schade",2,"Personenauto","Fiets","Flank","Rechte weg",50,"Niet brandend","Daglicht","Droog",\N,"600811538","Randweg-Oost","Budel","Cranendonck","Noord-Brabant",false,51.262741,5.599518,"material damage only","4","clear",false,1,"GM1706"
"20220067792",2022,"Letsel",2,"Personenauto","Fiets","Flank","Kruispunt, 3 takken",50,"Niet brandend","Daglicht","Droog",\N,\N,"Nieuwveld","Helmond","Helmond","Noord-Brabant",false,51.494194,5.666494,"injury","2","clear",false,1,"GM0794"
"20220084411",2022,"Uitsluitend materiele schade",2,"Personenauto","Fiets","Onbekend","Rechte weg",\N,\N,"Daglicht",\N,\N,"210250018","Wijnstraat","Dordrecht","Dordrecht","Zuid-Holland",false,51.815632,4.667633,"material damage only","4","unknown",false,1,"GM0505"
"20220099029",2022,"Uitsluitend materiele schade",2,"Fiets","Personenauto","Flank","Kruispunt, 3 takken",50,"Niet brandend","Daglicht","Droog",\N,\N,"Rhônedreef","Utrecht","Utrecht","Utrecht",false,52.111902,5.113653,"material damage only","4","clear",false,1,"GM0344"
"20220099891",2022,"Uitsluitend materiele schade",2,"Personenauto","Fiets","Frontaal","Kruispunt, 3 takken",50,"Niet brandend","Daglicht","Droog",\N,\N,"Kamp 41","Lelystad","Lelystad","Flevoland",false,52.502363,5.489311,"material damage only","4","clear",false,1,"GM0995"
"20220099894",2022,"Letsel",3,"Personenauto","Fiets","Onbekend","Rechte weg",30,"Niet brandend","Daglicht",\N,\N,"295332018","Koninginnelaan","Soest","Soest","Utrecht",false,52.186702,5.281182,"injury","2","unknown",false,1,"GM0342"
"20220021065",2022,"Letsel",1,"Fiets",\N,"Eenzijdig","Rechte weg",50,"Niet brandend","Duisternis","Droog",\N,"189273009","Maasboulevard","Rotterdam","Rotterdam","Zuid-Holland",false,51.915891,4.515301,"injury","2","clear",false,1,"GM0599"
"20220036872",2022,"Letsel",2,"Personenauto","e-bike","Flank","Kruispunt, 3 takken",50,"Brandend","Duisternis","Droog",\N,\N,"Melis Stokelaan","'s-Gravenhage","'s-Gravenhage","Zuid-Holland",false,52.044322,4.276274,"injury","2","clear",false,1,"GM0518"
"20220038610",2022,"Uitsluitend materiele schade",2,"Personenauto","Fiets","Flank","Rotonde",50,"Brandend","Schemer","Droog",\N,\N,"Lage Witsiebaan","Tilburg","Tilburg","Noord-Brabant",false,51.573067,5.06206,"material damage only","4","clear",false,1,"GM0855"
"20220057625",2022,"Letsel",3,"Fiets","Overig vast object","Vast voorwerp","Bocht",30,"Niet brandend","Daglicht","Droog",\N,\N,"Lindelaan","Rijswijk","Rijswijk","Zuid-Holland",false,52.051715,4.33615,"injury","2","clear",false,1,\N
"20220058895",2022,"Letsel",2,"Bromfiets","e-bike","Flank","Rechte weg",30,"Niet brandend","Daglicht","Droog",\N,"600719448","Delftweg","Rijswijk","Rijswijk","Zuid-Holland",false,52.046081,4.343866,"injury","2","clear",false,1,\N
"20220067884",2022,"Uitsluitend materiele schade",2,"Personenauto","Fiets","Onbekend","Kruispunt, 4 takken",50,"Niet brandend","Daglicht","Droog",\N,\N,"Wethouder van Eschstraat","Oss","Oss","Noord-Brabant",false,51.763334,5.528952,"material damage only","4","clear",false,1,"GM0828"
"20220102349",2022,"Uitsluitend materiele schade",1,"Fiets",\N,"Onbekend","Kruispunt, 4 takken",50,"Brandend","Duisternis","Regen",\N,\N,"WIEGBRUG 0173","Amsterdam","Amsterdam","Noord-Holland",false,52.370093,4.865333,"material damage only","4","rain",false,1,"GM0363"
"20220103167",2022,"Uitsluitend materiele schade",1,"e-bike",\N,"Voetganger","Rechte weg",50,"Niet brandend","Daglicht","Droog",\N,"250372026","Flevopark","Amsterdam","Amsterdam","Noord-Holland",false,52.362456,4.951078,"material damage only","4","clear",false,1,"GM0363"
"20220105980",2022,"Letsel",1,"Fiets",\N,"Eenzijdig","Rechte weg",30,"Niet brandend","Daglicht","Droog",\N,"213269045","Koninginneweg","Lekkerkerk","Krimpenerwaard","Zuid-Holland",false,51.899153,4.686974,"injury","2","clear",false,1,"GM1931"
"20220019057",2022,"Uitsluitend materiele schade",2,"Snorfiets","Fiets","Flank","Kruispunt, 4 takken",30,"Brandend","Duisternis",\N,\N,\N,"Boekhorststraat","'s-Gravenhage","'s-Gravenhage","Zuid-Holland",false,52.07403,4.309596,"material damage only","4","unknown",false,1,"GM0518"
"20220034879",2022,"Letsel",2,"Bromfiets","Fiets","Flank","Rechte weg",\N,"Brandend","Schemer","Droog",\N,"600232496","Westrumspad","Houten","Houten","Utrecht",false,52.013704,5.188376,"injury","2","clear",false,1,"GM0321"
"20220055867",2022,"Letsel",2,"Fiets","Fiets","Onbekend","Rechte weg",60,"Brandend","Duisternis","Droog",\N,"188346011","'s-Gravendamseweg","Voorhout","Teylingen","Zuid-Holland",false,52.24213,4.499797,"injury","2","clear",false,1,"GM1525"
"20220061813",2022,"Uitsluitend materiele schade",2,"Personenauto","Fiets","Flank","Kruispunt, 3 takken",50,"Brandend","Daglicht","Droog",\N,\N,"Kesterenstraat","Rotterdam","Rotterdam","Zuid-Holland",false,51.891213,4.460048,"material damage only","4","clear",false,1,"GM0599"
"20220067949",2022,"Letsel",2,"Personenauto","Fiets","Frontaal","Bocht",30,"Niet brandend","Daglicht","Droog",\N,"342177054","Rode Beemden","Helmond","Helmond","Noord-Brabant",false,51.486838,5.625969,"injury","2","clear",false,1,"GM0794"
"20220101966",2022,"Letsel",3,"e-bike","Personenauto","Onbekend","Kruispunt, 3 takken",50,"Niet brandend","Daglicht","Droog",\N,\N,"Zuidpolderlaan","Edam","Edam-Volendam","Noord-Holland",false,52.50831,5.059387,"injury","2","clear",false,1,"GM0385"
"20220106228",2022,"Letsel",1,"Fiets",\N,"Eenzijdig","Rechte weg",30,\N,"Daglicht",\N,\N,"161308046","Hobbemastraat","'s-Gravenhage","'s-Gravenhage","Zuid-Holland",false,52.070289,4.307118,"injury","2","unknown",false,1,"GM0518"
"20220108580",2022,"Letsel",2,"Personenauto","Fiets","Flank","Kruispunt, 3 takken",50,"Niet brandend","Daglicht","Droog",\N,\N,"Willem Ruyslaan","Rotterdam","Rotterdam","Zuid-Holland",false,51.924671,4.507747,"injury","2","clear",false,1,"GM0599"
"20220028464",2022,"Uitsluitend materiele schade",2,"Scootmobiel","Fiets","Frontaal","Rotonde",50,"Niet brandend","Daglicht","Droog",\N,\N,"Aartshertogenlaan","'s-Hertogenbosch","'s-Hertogenbosch","Noord-Brabant",false,51.69906,5.310127,"material damage only","4","clear",false,1,"GM0796"
"20220048781",2022,"Uitsluitend materiele schade",2,"Personenauto","Fiets","Kop/staart","Rechte weg",50,"Brandend","Duisternis","Droog",\N,"341439072","Vlaak","Urk","Urk","Flevoland",false,52.666489,5.619174,"material damage only","4","clear",false,1,"GM0184"
"20220054888",2022,"Letsel",2,"Personenauto","Fiets","Flank","Kruispunt, 4 takken",50,"Niet brandend","Daglicht","Droog",\N,\N,"Bartholomeus Ruloffsstr","Amsterdam","Amsterdam","Noord-Holland",false,52.351748,4.879729,"injury","2","clear",false,1,"GM0363"
"20220108609",2022,"Letsel",2,"Personenauto","Fiets","Flank","Kruispunt, 4 takken",50,"Niet brandend","Daglicht","Droog",\N,\N,"Schollevaarse Dreef","Capelle aan den IJssel","Capelle aan den IJssel","Zuid-Holland",false,51.961063,4.58269,"injury","2","clear",false,1,"GM0502"
"20220075084",2022,"Letsel",3,"Personenauto","Fiets","Flank","Kruispunt, 3 takken",\N,"Niet brandend","Daglicht","Droog",\N,\N,"Jansbuitensingel","Arnhem","Arnhem","Gelderland",false,51.984413,5.905995,"injury","2","clear",false,1,"GM0202"
"20220033303",2022,"Uitsluitend materiele schade",2,"Personenauto","Fiets","Kop/staart","Rechte weg",30,"Niet brandend","Daglicht",\N,\N,"422325043","Weg naar Laren","Zutphen","Zutphen","Gelderland",false,52.150471,6.21273,"material damage only","4","unknown",false,1,"GM0301"
"20220054967",2022,"Uitsluitend materiele schade",2,"Bestelauto","Fiets","Voetganger","Kruispunt, 4 takken",30,"Niet brandend","Daglicht","Droog",\N,\N,"Bosboom Toussaintstraat","Amsterdam","Amsterdam","Noord-Holland",false,52.365308,4.875181,"material damage only","4","clear",false,1,"GM0363"
"20220057907",2022,"Uitsluitend materiele schade",2,"Personenauto","Fiets","Flank","Rechte weg",15,"Niet brandend","Daglicht","Droog",\N,"600379250","Loevesteinlaan","'s-Gravenhage","'s-Gravenhage","Zuid-Holland",false,52.043354,4.292659,"material damage only","4","clear",false,1,"GM0518"
"20220065108",2022,"Uitsluitend materiele schade",2,"Personenauto","Fiets","Onbekend",\N,\N,\N,"Daglicht",\N,\N,"600503407","FIETSPAD","Middelburg","Middelburg","Zeeland",false,51.482061,3.624734,"material damage only","4","unknown",false,1,\N
"20220075608",2022,"Uitsluitend materiele schade",2,"Bromfiets","Fiets","Flank","Kruispunt, 4 takken",50,"Niet brandend","Daglicht","Regen",\N,\N,"Kottendijk","Enschede","Enschede","Overijssel",false,52.227932,6.88844,"material damage only","4","rain",false,1,"GM0153"
"20220046281",2022,"Letsel",2,"e-bike","Personenauto","Flank","Kruispunt, 3 takken",50,"Niet brandend","Daglicht","Droog",\N,\N,"Nieuwediep","Huissen","Lingewaard","Gelderland",false,51.9218,5.927284,"injury","2","clear",false,1,"GM1705"
"20220050520",2022,"Letsel",2,"Bromfiets","Fiets","Onbekend","Rechte weg",30,"Niet brandend","Daglicht","Droog",\N,"290375115","Onder de berken","Almere","Almere","Flevoland",false,52.376091,5.241601,"injury","2","clear",false,1,"GM0034"
"20230002142",2023,"Letsel",2,"Personenauto","Fiets","Flank","Kruispunt, 3 takken",50,"Niet brandend","Daglicht","Droog",\N,\N,"Bachstraat","Tiel","Tiel","Gelderland",false,51.887459,5.413601,"injury","2","clear",false,1,"GM0281"
"20230044489",2023,"Letsel",2,"Fiets","Fiets","Onbekend",\N,60,\N,"Duisternis",\N,\N,\N,"Goorsestraat","Haaksbergen","Haaksbergen","Overijssel",false,52.177273,6.700223,"injury","2","unknown",false,1,"GM0158"
"20230008513",2023,"Uitsluitend materiele schade",2,"Personenauto","Fiets","Frontaal","Rechte weg",30,"Niet brandend","Daglicht","Droog",\N,"115253012","Doelweg","Goedereede","Goeree-Overflakkee","Zuid-Holland",false,51.819046,3.978448,"material damage only","4","clear",false,1,"GM1924"
"20230057980",2023,"Letsel",1,"Fiets",\N,"Eenzijdig",\N,30,\N,"Duisternis",\N,\N,"455426067","Julianastraat","Dedemsvaart","Hardenberg","Overijssel",false,52.600459,6.458259,"injury","2","unknown",false,1,"GM0160"
"20230092313",2023,"Uitsluitend materiele schade",2,"Personenauto","Fiets","Onbekend",\N,30,\N,"Duisternis",\N,\N,"600715457","Canadalaan","Bergen op Zoom","Bergen op Zoom","Noord-Brabant",false,51.486931,4.298588,"material damage only","4","unknown",false,1,"GM0748"
"20230104807",2023,"Letsel",1,"Fiets",\N,"Eenzijdig",\N,50,\N,"Duisternis",\N,\N,"600871804","Vrydemalaan","Groningen","Groningen","Groningen",false,53.226147,6.570746,"injury","2","unknown",false,1,"GM0014"
"20230010349",2023,"Letsel",2,"Personenauto","Fiets","Flank","Kruispunt, 4 takken",50,"Niet brandend","Daglicht","Droog","Tunnel",\N,"Woortmansdijk","Westerbroek","Midden-Groningen","Groningen",false,53.197336,6.666378,"injury","2","clear",false,1,"GM1952"
"20230000385",2023,"Uitsluitend materiele schade",3,"Personenauto","Fiets","Onbekend","Rechte weg",30,\N,"Daglicht","Droog",\N,"390335004","1e Wormenseweg","Apeldoorn","Apeldoorn","Gelderland",false,52.197552,5.974751,"material damage only","4","clear",false,1,"GM0200"
"20230011642",2023,"Uitsluitend materiele schade",2,"Personenauto","Fiets","Flank","Kruispunt, 3 takken",50,"Brandend","Duisternis","Droog",\N,\N,"van Rosenburgweg","Nijmegen","Nijmegen","Gelderland",false,51.821943,5.789249,"material damage only","4","clear",false,1,"GM0268"
"20230000740",2023,"Letsel",2,"Personenauto","Fiets","Flank","Kruispunt, 3 takken",50,"Niet brandend","Daglicht","Droog",\N,\N,"Eendrachtstraat","Hengelo","Hengelo (O)","Overijssel",false,52.26003,6.779513,"injury","2","clear",false,1,\N
"20230011989",2023,"Uitsluitend materiele schade",2,"Personenauto","Fiets","Flank","Kruispunt, 3 takken",30,"Brandend","Duisternis","Droog",\N,\N,"Verlengde Maanderweg","Ede","Ede","Gelderland",false,52.032912,5.656941,"material damage only","4","clear",false,1,"GM0228"
"20230000458",2023,"Letsel",2,"Bus","Fiets","Flank","Kruispunt, 3 takken",50,"Brandend","Schemer","Regen/Sneeuw/Hagel",\N,\N,"Stationsstraat","Haaksbergen","Haaksbergen","Overijssel",false,52.158197,6.738049,"injury","2","unknown",false,1,"GM0158"
"20230000765",2023,"Letsel",3,"Personenauto","e-bike","Voetganger","Rechte weg",30,"Niet aanwezig","Daglicht","Droog",\N,"600888699","Technicumstraat","Musselkanaal","Stadskanaal","Groningen",false,52.931795,7.013578,"injury","2","clear",false,1,"GM0037"
"20230009039",2023,"Uitsluitend materiele schade",2,"Personenauto","Fiets","Onbekend","Rotonde",50,"Niet brandend","Daglicht","Droog",\N,\N,"Shakespearelaan","Venlo","Venlo","Limburg",false,51.370576,6.135903,"material damage only","4","clear",false,1,"GM0983"
"20230042922",2023,"Dodelijk",2,"Personenauto","Fiets","Onbekend","Kruispunt, 3 takken",50,"Niet brandend","Daglicht","Droog",\N,\N,"Johan Peijnenburgweg","Geldrop","Geldrop-Mierlo","Noord-Brabant",false,51.42483,5.563428,"fatal","1","clear",false,1,"GM1771"
"20230110053",2023,"Uitsluitend materiele schade",2,"Personenauto","Fiets","Onbekend",\N,30,\N,"Duisternis",\N,\N,\N,"Reitse Hoevenstraat","Tilburg","Tilburg","Noord-Brabant",false,51.571327,5.061588,"material damage only","4","unknown",false,1,"GM0855"
"20230001522",2023,"Letsel",2,"Fiets","Personenauto","Geparkeerd voertuig","Kruispunt, 4 takken",30,"Niet brandend","Daglicht","Droog","Parkeervoorziening",\N,"Noordkade","Drachten","Smallingerland","Friesland",false,53.107084,6.106228,"injury","2","clear",false,1,"GM0090"
"20230059593",2023,"Letsel",1,"Fiets",\N,"Eenzijdig",\N,50,\N,"Duisternis",\N,\N,"600757409","Burg. Lovinkstraat","Breezand","Hollands Kroon","Noord-Holland",false,52.896902,4.811125,"injury","2","unknown",false,1,"GM1911"
"20230059826",2023,"Uitsluitend materiele schade",2,"Bestelauto","Fiets","Onbekend",\N,\N,\N,"Daglicht",\N,\N,"241377143","Haarlemmerplein","Amsterdam","Amsterdam","Noord-Holland",false,52.385132,4.882978,"material damage only","4","unknown",false,1,"GM0363"
"20230004360",2023,"Letsel",2,"Personenauto","Fiets","Flank","Kruispunt, 3 takken",50,"Niet brandend","Daglicht","Droog",\N,\N,"Glipper Dreef","Heemstede","Heemstede","Noord-Holland",false,52.338864,4.620779,"injury","2","clear",false,1,"GM0397"
"20230018761",2023,"Letsel",1,"Fiets",\N,"Eenzijdig",\N,\N,\N,"Daglicht",\N,\N,"296302016","Oranjelaan","Driebergen-Rijsenburg","Utrechtse Heuvelrug","Utrecht",false,52.051151,5.287586,"injury","2","unknown",false,1,"GM1581"
"20230000892",2023,"Letsel",2,"Fiets","Bestelauto","Flank","Kruispunt, 3 takken",50,"Niet brandend","Daglicht","Regen",\N,\N,"Dijkstraat","Bemmel","Lingewaard","Gelderland",false,51.894934,5.908688,"injury","2","rain",false,1,"GM1705"
"20230001997",2023,"Uitsluitend materiele schade",1,"Fiets",\N,"Flank","Kruispunt, 4 takken",50,"Brandend","Duisternis","Droog",\N,\N,"Rembrandtlaan","Enschede","Enschede","Overijssel",false,52.215793,6.859238,"material damage only","4","clear",false,1,"GM0153"
"20230002423",2023,"Letsel",2,"Personenauto","Fiets","Flank","Rotonde",80,"Brandend","Schemer",\N,\N,\N,"Liemersweg","Doetinchem","Doetinchem","Gelderland",false,51.968676,6.259424,"injury","2","unknown",false,1,"GM0222"
"20230006084",2023,"Uitsluitend materiele schade",2,"Bromfiets","Fiets","Flank","Rechte weg",30,"Niet brandend","Daglicht","Droog",\N,"246366022","Spaklerweg","Amsterdam","Amsterdam","Noord-Holland",false,52.334476,4.922935,"material damage only","4","clear",false,1,"GM0363"
"20230006626",2023,"Uitsluitend materiele schade",2,"Personenauto","Fiets","Flank","Kruispunt, 4 takken",50,\N,"Daglicht","Droog",\N,\N,"Graaf Florisstraat","Rotterdam","Rotterdam","Zuid-Holland",false,51.919464,4.457394,"material damage only","4","clear",false,1,"GM0599"
"20230009530",2023,"Letsel",1,"Fiets",\N,"Eenzijdig",\N,30,\N,"Daglicht",\N,\N,\N,"Wagenweg","Huissen","Lingewaard","Gelderland",false,51.945553,5.925094,"injury","2","unknown",false,1,"GM1705"
"20230102142",2023,"Uitsluitend materiele schade",1,"Fiets",\N,"Onbekend",\N,50,\N,"Schemer",\N,\N,"159307182","Steijnlaan","'s-Gravenhage","'s-Gravenhage","Zuid-Holland",false,52.068056,4.288376,"material damage only","4","unknown",false,1,"GM0518"
"20230012349",2023,"Letsel",2,"Fiets","Overig vast object","Vast voorwerp","Rechte weg",50,"Brandend","Daglicht","Droog",\N,"600832047","Rijksweg-Zuid","Elst","Overbetuwe","Gelderland",false,51.917296,5.848039,"injury","2","clear",false,1,"GM1734"
"20230003349",2023,"Letsel",2,"e-bike","Personenauto","Flank","Kruispunt, 4 takken",30,"Niet brandend","Daglicht","Droog",\N,\N,"De Reede","Urk","Urk","Flevoland",false,52.662356,5.608419,"injury","2","clear",false,1,"GM0184"
"20230039860",2023,"Letsel",1,"Fiets",\N,"Eenzijdig",\N,30,\N,"Daglicht",\N,\N,\N,"Prinses Beatrixlaan","Waddinxveen","Waddinxveen","Zuid-Holland",false,52.046646,4.651654,"injury","2","unknown",false,1,"GM0627"
"20230001689",2023,"Uitsluitend materiele schade",2,"Personenauto","Fiets","Flank","Kruispunt, 3 takken",60,"Brandend","Schemer","Regen",\N,\N,"Deurze","Deurze","Aa en Hunze","Drenthe",false,52.989229,6.610274,"material damage only","4","rain",false,1,"GM1680"
"20230002504",2023,"Letsel",2,"Personenauto","Fiets","Voetganger","Kruispunt, 4 takken",50,"Niet brandend","Daglicht","Droog",\N,\N,"Sonsbeeksingel","Arnhem","Arnhem","Gelderland",false,51.985321,5.919999,"injury","2","clear",false,1,"GM0202"
"20230003739",2023,"Letsel",2,"Fiets","Motor","Flank","Rechte weg",50,"Niet brandend","Daglicht","Droog",\N,"311323057","Gasthuislaan","Amersfoort","Amersfoort","Utrecht",false,52.14572,5.395068,"injury","2","clear",false,1,"GM0307"
"20230004086",2023,"Uitsluitend materiele schade",2,"Personenauto","Fiets","Flank","Kruispunt, 3 takken",30,"Brandend","Duisternis","Droog",\N,\N,"1e Van der Helststraat","Amsterdam","Amsterdam","Noord-Holland",false,52.357828,4.892801,"material damage only","4","clear",false,1,"GM0363"
"20230004451",2023,"Letsel",2,"Bestelauto","Fiets","Flank","Kruispunt, 4 takken",50,"Niet brandend","Daglicht","Regen",\N,\N,"0116 BRUG","Amsterdam","Amsterdam","Noord-Holland",false,52.352305,4.886289,"injury","2","rain",false,1,"GM0363"
"20230004908",2023,"Uitsluitend materiele schade",3,"Personenauto","Fiets","Onbekend","Rechte weg",30,"Brandend","Duisternis","Regen",\N,"223432273","Dijk","Alkmaar","Alkmaar","Noord-Holland",false,52.632239,4.751713,"material damage only","4","rain",false,1,"GM0361"
"20230006429",2023,"Uitsluitend materiele schade",2,"Personenauto","Fiets","Flank","Rechte weg",50,"Niet brandend","Daglicht","Regen",\N,"600213762","Nieuwland Parc","Papendrecht","Papendrecht","Zuid-Holland",false,51.841699,4.680289,"material damage only","4","rain",false,1,"GM0590"
"20230043241",2023,"Letsel",1,"Fiets",\N,"Eenzijdig",\N,80,\N,"Daglicht",\N,\N,"600944027","Rondweg Sluiskil","Sluiskil","Terneuzen","Zeeland",false,51.276822,3.827047,"injury","2","unknown",false,1,"GM0715"
"20230005669",2023,"Letsel",2,"Fiets","Overig vast object","Vast voorwerp","Rechte weg",50,"Niet brandend","Daglicht","Droog",\N,"600514818","Burgemeester Jamessingel","Gouda","Gouda","Zuid-Holland",false,52.018356,4.701469,"injury","2","clear",false,1,"GM0513"
"20230091207",2023,"Uitsluitend materiele schade",2,"Bestelauto","Fiets","Onbekend",\N,50,\N,"Daglicht",\N,\N,"92123012","Graafjansdijk B","Westdorpe","Terneuzen","Zeeland",false,51.23627,3.837756,"material damage only","4","unknown",false,1,"GM0715"
"20230004968",2023,"Letsel",2,"Personenauto","e-bike","Flank","Kruispunt, 3 takken",30,"Niet brandend","Daglicht","Regen",\N,\N,"Jan Luykenlaan","'s-Gravenhage","'s-Gravenhage","Zuid-Holland",false,52.052264,4.296685,"injury","2","rain",false,1,"GM0518"
"20230005206",2023,"Letsel",2,"Personenauto","Fiets","Flank","Rotonde",50,"Niet brandend","Daglicht","Droog",\N,\N,"Duinweg","Noordwijk","Noordwijk","Zuid-Holland",false,52.244053,4.44097,"injury","2","clear",false,1,"GM0575"
"20230005478",2023,"Letsel",1,"Fiets",\N,"Eenzijdig","Rotonde",30,"Niet brandend","Daglicht","Regen",\N,\N,"Grote Woerdlaan","Naaldwijk","Westland","Zuid-Holland",false,52.00136,4.207248,"injury","2","rain",false,1,"GM1783"
"20230006242",2023,"Letsel",3,"Personenauto","Fiets","Los voorwerp","Kruispunt, 4 takken",30,"Niet brandend","Daglicht","Droog",\N,\N,"Traviataweg","Hoogvliet Rotterdam","Rotterdam","Zuid-Holland",false,51.869857,4.357212,"injury","2","clear",false,1,"GM0599"
"20230009534",2023,"Letsel",2,"Fiets","Overig vast object","Vast voorwerp","Rechte weg",60,"Niet brandend","Daglicht","Droog",\N,"365281001","Boltweg","Driel","Overbetuwe","Gelderland",false,51.953025,5.794546,"injury","2","clear",false,1,"GM1734"
"20230009669",2023,"Uitsluitend materiele schade",2,"Personenauto","e-bike","Flank","Kruispunt, 4 takken",30,"Niet brandend","Daglicht","Droog",\N,\N,"Haerstraat","Oldenzaal","Oldenzaal","Overijssel",false,52.307368,6.932964,"material damage only","4","clear",false,1,"GM0173"