"accident_id","year","severity_raw","party_count","party1_type","party2_type","accident_type","road_situation","speed_limit_kmh","road_lighting","light_condition_label","weather_raw","infra_type","road_segment_id","street_name","place_name","gemeente_name_raw","province","alcohol_indicated","latitude","longitude","severity_label","severity_code","weather_label","built_up_area","cyclists_involved","gemeente_code"
"20230086531",2023,"Uitsluitend materiele schade",1,"Fiets",\N,"Onbekend",\N,50,\N,"Daglicht",\N,\N,"197301024","Moerkapelse Zijde","Moerkapelle","Zuidplas","Zuid-Holland",false,52.042608,4.572988,"material damage only","4","unknown",false,1,"GM1892"
"20230005498",2023,"Letsel",2,"Fiets","Overig vast object","Vast voorwerp","Kruispunt, 3 takken",50,"Brandend","Duisternis","Droog",\N,\N,"Valeriusstraat","'s-Gravenhage","'s-Gravenhage","Zuid-Holland",false,52.08398,4.279605,"injury","2","clear",false,1,"GM0518"
"20230006565",2023,"Letsel",2,\N,"Fiets","Eenzijdig","Kruispunt, 4 takken",50,"Brandend","Duisternis","Regen",\N,\N,"Groeninx van Zoelenlaan","Rotterdam","Rotterdam","Zuid-Holland",false,51.884762,4.558049,"injury","2","rain",false,1,"GM0599"
"20230008229",2023,"Letsel",2,"Bestelauto","Fiets","Geparkeerd voertuig","Rechte weg",80,"Niet brandend","Daglicht","Sneeuw/Hagel",\N,"267204001","Udenhoutseweg","Tilburg","Tilburg","Noord-Brabant",false,51.610902,5.087306,"injury","2","unknown",false,1,"GM0855"
"20230009910",2023,"Uitsluitend materiele schade",2,"Personenauto","e-bike","Flank","Rotonde",80,"Niet brandend","Daglicht","Droog/Harde windstoten",\N,\N,"Lauwersmeerweg","Buitenpost","Achtkarspelen","Friesland",false,53.242451,6.156195,"material damage only","4","unknown",false,1,"GM0059"
"20230012744",2023,"Uitsluitend materiele schade",2,"Fiets","Personenauto","Flank","Kruispunt, 4 takken",30,"Niet brandend","Daglicht","Droog",\N,\N,"Koning Lodewijklaan","Apeldoorn","Apeldoorn","Gelderland",false,52.219123,5.946422,"material damage only","4","clear",false,1,"GM0200"
"20240012849",2024,"Letsel",2,"Fiets","Voetganger","Voetganger","Rechte weg",30,"Niet brandend","Daglicht","Regen",\N,"233376152","Burg De Vlugtlaan","Amsterdam","Amsterdam","Noord-Holland",false,52.380713,4.825541,"injury","2","rain",false,1,"GM0363"
"20230037266",2023,"Uitsluitend materiele schade",2,"Personenauto","Fiets","Flank","Kruispunt, 4 takken",30,"Niet brandend","Daglicht","Regen",\N,\N,"Meentweg","Huizen","Huizen","Noord-Holland",false,52.298543,5.240789,"material damage only","4","rain",false,1,"GM0406"
"20240037533",2024,"Uitsluitend materiele schade",3,"Fiets","Personenauto","Flank","Rotonde",30,"Niet brandend","Daglicht","Droog",\N,\N,"Ceintuurbaan","Bussum","Gooise Meren","Noord-Holland",false,52.267251,5.168948,"material damage only","4","clear",false,1,"GM1942"
"20240037540",2024,"Uitsluitend materiele schade",2,"Personenauto","Fiets","Flank","Kruispunt, 4 takken",50,"Niet brandend","Daglicht","Droog",\N,\N,"Kruisweg","Hoofddorp","Haarlemmermeer","Noord-Holland",false,52.299878,4.703448,"material damage only","4","clear",false,1,"GM0394"
"20240017415",2024,"Letsel",2,"Fiets","Fiets","Onbekend","Rechte weg",50,"Niet brandend","Daglicht","Droog","Tunnel","460360021","Holterstraatweg","Rijssen","Rijssen-Holten","Overijssel",false,52.304338,6.494736,"injury","2","clear",false,1,"GM1742"
"20240009064",2024,"Letsel",2,"Personenauto","Fiets","Flank","Kruispunt, 4 takken",30,"Niet brandend","Daglicht","Regen",\N,\N,"Eskesstraat","Kollum","Noardeast-Fryslân","Friesland",false,53.27638,6.149981,"injury","2","rain",false,1,"GM1970"
"20240020263",2024,"Letsel",2,"Fiets","Fiets","Onbekend","Rotonde",30,"Niet aanwezig","Daglicht",\N,\N,\N,"Baden Powellweg","Amsterdam","Amsterdam","Noord-Holland",false,52.3476,4.798355,"injury","2","unknown",false,1,"GM0363"
"20240020378",2024,"Letsel",2,"Bestelauto","Fiets","Flank","Kruispunt, 4 takken",50,"Niet brandend","Daglicht","Droog",\N,\N,"Prins Bernhardlaan","Voorburg","Leidschendam-Voorburg","Zuid-Holland",false,52.068773,4.356343,"injury","2","clear",false,1,"GM1916"
"20240039520",2024,"Letsel",2,"Bromfiets","Fiets","Frontaal","Rechte weg",30,"Niet brandend","Daglicht","Droog",\N,"600535069","FIETSPAD","Amsterdam","Amsterdam","Noord-Holland",false,52.333728,4.891792,"injury","2","clear",false,1,"GM0363"
"20240035209",2024,"Letsel",3,"Fiets","Personenauto","Flank","Kruispunt, 4 takken",50,"Niet brandend","Daglicht","Droog",\N,\N,"Heuvelstraat","Breda","Breda","Noord-Brabant",false,51.574465,4.746196,"injury","2","clear",false,1,"GM0758"
"20240021023",2024,"Letsel",1,"Fiets",\N,"Onbekend",\N,30,\N,"Daglicht",\N,\N,"162310173","Kneuterdijk","'s-Gravenhage","'s-Gravenhage","Zuid-Holland",false,52.08032,4.309631,"injury","2","unknown",false,1,"GM0518"
"20240022208",2024,"Uitsluitend materiele schade",2,"Personenauto","Fiets","Onbekend","Kruispunt, 3 takken",80,"Niet brandend","Daglicht","Droog",\N,\N,"Bredaseweg","Tilburg","Tilburg","Noord-Brabant",false,51.560606,5.023893,"material damage only","4","clear",false,1,"GM0855"
"20240039927",2024,"Uitsluitend materiele schade",2,"Fiets","Voetganger","Voetganger","Rechte weg",30,"Niet brandend","Daglicht","Droog",\N,"600193594","Rokin","Amsterdam","Amsterdam","Noord-Holland",false,52.371471,4.893141,"material damage only","4","clear",false,1,"GM0363"
"20240027954",2024,"Letsel",2,"Personenauto","Fiets","Flank","Kruispunt, 3 takken",50,"Niet brandend","Daglicht","Droog",\N,\N,"Geldelozepad","Medemblik","Medemblik","Noord-Holland",false,52.768527,5.108824,"injury","2","clear",false,1,"GM0420"
"20240031767",2024,"Uitsluitend materiele schade",2,"Personenauto","Fiets","Flank","Rotonde",50,"Niet brandend","Daglicht","Droog",\N,\N,"Planetenplein","Spijkenisse","Nissewaard","Zuid-Holland",false,51.841829,4.33054,"material damage only","4","clear",false,1,"GM1930"
"20240038718",2024,"Letsel",1,"Fiets",\N,"Eenzijdig","Rechte weg",50,"Niet brandend","Daglicht","Droog",\N,"600763346","Breeveld","Woerden","Woerden","Utrecht",false,52.104931,4.929488,"injury","2","clear",false,1,"GM0632"
"20240004539",2024,"Letsel",2,"Fiets","Fiets","Frontaal","Rechte weg",80,"Brandend","Duisternis","Droog",\N,"600696159","Ommerweg","Hellendoorn","Hellendoorn","Overijssel",false,52.418774,6.442323,"injury","2","clear",false,1,"GM0163"
"20240009256",2024,"Letsel",2,"Personenauto","Fiets","Flank","Kruispunt, 3 takken",50,"Niet brandend","Daglicht","Regen",\N,\N,"Kwikkelstraat","Dinxperlo","Aalten","Gelderland",false,51.859766,6.491208,"injury","2","rain",false,1,"GM0197"
"20240009282",2024,"Letsel",2,"Personenauto","Fiets","Flank","Rechte weg",30,"Niet brandend","Daglicht","Regen",\N,"415350049","Diepenveenseweg","Deventer","Deventer","Overijssel",false,52.262445,6.156762,"injury","2","rain",false,1,"GM0150"
"20240039716",2024,"Letsel",1,"Fiets",\N,"Onbekend","Bocht",50,"Niet brandend","Daglicht","Droog",\N,"600915096","Meerzichtlaan","Zoetermeer","Zoetermeer","Zuid-Holland",false,52.058898,4.464408,"injury","2","clear",false,1,"GM0637"
"20240035958",2024,"Uitsluitend materiele schade",2,"Personenauto","Fiets","Flank","Kruispunt, 3 takken",50,"Niet brandend","Daglicht","Droog",\N,\N,"Trommelaarshoeve","Apeldoorn","Apeldoorn","Gelderland",false,52.192265,6.003917,"material damage only","4","clear",false,1,"GM0200"
"20240034894",2024,"Uitsluitend materiele schade",3,"Bromfiets","Fiets","Flank","Rechte weg",50,"Brandend","Duisternis","Regen",\N,"322167153","Vestdijk","Eindhoven","Eindhoven","Noord-Brabant",true,51.441364,5.47858,"material damage only","4","rain",false,1,"GM0772"
"20240020000",2024,"Uitsluitend materiele schade",2,"Bromfiets","Fiets","Frontaal","Rechte weg",60,"Niet brandend","Daglicht","Droog",\N,"600795317","Zevenhuizerstraat","Bunschoten-Spakenburg","Bunschoten","Utrecht",false,52.229709,5.391333,"material damage only","4","clear",false,1,"GM0313"
"20240009311",2024,"Letsel",2,"Fiets","Fiets","Onbekend","Kruispunt, 4 takken",15,"Niet brandend","Daglicht","Droog",\N,\N,"Jeruzalemweg","Nijverdal","Hellendoorn","Overijssel",false,52.376877,6.477959,"injury","2","clear",false,1,"GM0163"
"20240017346",2024,"Letsel",2,"Personenauto","Fiets","Flank","Kruispunt, 4 takken",30,"Brandend","Schemer","Droog",\N,\N,"Dorpsweg","Hattem","Hattem","Gelderland",false,52.475001,6.065415,"injury","2","clear",false,1,"GM0244"
"20240019697",2024,"Letsel",2,"Landbouwvoertuig","Fiets","Flank","Rotonde",50,"Niet brandend","Daglicht","Droog",\N,\N,"Rondweg de Kolk","Nunspeet","Nunspeet","Gelderland",false,52.39316,5.798598,"injury","2","clear",false,1,"GM0302"
"20240020793",2024,"Letsel",2,"Bromfiets","Fiets","Frontaal","Kruispunt, 4 takken",30,"Niet brandend","Daglicht","Droog",\N,\N,"Damlaan","Leiden","Leiden","Zuid-Holland",false,52.157546,4.467024,"injury","2","clear",false,1,"GM0546"
"20240019909",2024,"Letsel",2,"Fiets","Fiets","Onbekend","Rechte weg",80,"Niet brandend","Daglicht","Droog",\N,"600948631","Rijksweg","Malden","Heumen","Gelderland",false,51.796137,5.848773,"injury","2","clear",false,1,"GM0252"
"20240020224",2024,"Letsel",2,"Snorfiets","Fiets","Frontaal","Rechte weg",50,"Niet brandend","Daglicht","Droog",\N,"600668809","Bodegraafsestraatweg","Gouda","Gouda","Zuid-Holland",false,52.029699,4.71956,"injury","2","clear",false,1,"GM0513"
"20240020818",2024,"Letsel",2,"Fiets","Personenauto","Onbekend","Rechte weg",50,"Niet brandend","Daglicht","Droog",\N,"600736022","Herenweg","Moerkapelle","Zuidplas","Zuid-Holland",false,52.056762,4.575589,"injury","2","clear",false,1,"GM1892"
"20240026953",2024,"Uitsluitend materiele schade",2,"Fiets","Overig wegmeubilair","Flank","Rotonde",50,"Niet brandend","Daglicht","Droog",\N,\N,"Draaiomsdreef","Warnsveld","Zutphen","Gelderland",false,52.136573,6.222287,"material damage only","4","clear",false,1,"GM0301"
"20240032430",2024,"Letsel",2,"Personenauto","Fiets","Flank","Kruispunt, 4 takken",50,"Niet brandend","Daglicht","Droog",\N,\N,"Gorsstraat","Spijkenisse","Nissewaard","Zuid-Holland",false,51.849951,4.332939,"injury","2","clear",false,1,"GM1930"
"20240032272",2024,"Letsel",1,"Fiets",\N,"Eenzijdig","Rechte weg",50,"Brandend","Schemer","Droog",\N,"156297022","Heulweg","Wateringen","Westland","Zuid-Holland",false,52.02286,4.271641,"injury","2","clear",false,1,"GM1783"
"20240032274",2024,"Letsel",1,"Fiets",\N,"Onbekend","Rechte weg",50,"Niet brandend","Daglicht","Droog",\N,"600670274","President Kennedylaan","Alphen aan den Rijn","Alphen aan den Rijn","Zuid-Holland",false,52.14428,4.676211,"injury","2","clear",false,1,"GM0484"
"20240032844",2024,"Letsel",2,"Fiets","Overig vast object","Vast voorwerp","Rechte weg",30,"Brandend","Duisternis","Regen",\N,"197328008","van Klaverweijdeweg","Hoogmade","Kaag en Braassem","Zuid-Holland",false,52.166048,4.570634,"injury","2","rain",false,1,"GM1884"
"20240012714",2024,"Uitsluitend materiele schade",2,"Personenauto","Fiets","Onbekend","Kruispunt, 3 takken",15,"Niet brandend","Daglicht","Droog",\N,\N,"Naritaweg","Amsterdam","Amsterdam","Noord-Holland",false,52.387849,4.832403,"material damage only","4","clear",false,1,"GM0363"
"20240035079",2024,"Letsel",2,"Bestelauto","Fiets","Flank","Kruispunt, 4 takken",60,"Niet brandend","Daglicht","Regen",\N,\N,"Prinsenbosch","Gilze","Gilze en Rijen","Noord-Brabant",false,51.533929,4.903745,"injury","2","rain",false,1,"GM0784"
"20240043059",2024,"Letsel",2,"Personenauto","Fiets","Frontaal","Kruispunt, 3 takken",30,"Niet brandend","Daglicht","Droog",\N,\N,"Schoepstraat","Rotterdam","Rotterdam","Zuid-Holland",false,51.887634,4.49962,"injury","2","clear",false,1,"GM0599"
"20220162418",2022,"Letsel",2,"Personenauto","e-bike","Flank","Kruispunt, 3 takken",30,"Niet brandend","Daglicht","Droog",\N,\N,"Lageweg","Burgum","Tytsjerksteradiel","Friesland",false,53.191547,5.990569,"injury","2","clear",false,1,"GM0737"
"20220177683",2022,"Uitsluitend materiele schade",2,"Personenauto","Fiets","Flank","Rechte weg",30,"Brandend","Duisternis","Droog",\N,"600762052","De Clercqstraat","Amsterdam","Amsterdam","Noord-Holland",false,52.371626,4.873245,"material damage only","4","clear",false,1,"GM0363"
"20220179555",2022,"Letsel",2,"Personenauto","Fiets","Flank","Rotonde",50,"Niet brandend","Daglicht","Droog",\N,\N,"Van Duivenvoordelaan","Wassenaar","Wassenaar","Zuid-Holland",false,52.147999,4.40738,"injury","2","clear",false,1,"GM0629"
"20220180802",2022,"Letsel",3,"Bromfiets","Fiets","Onbekend","Kruispunt, 4 takken",50,"Niet brandend","Daglicht","Droog",\N,\N,"Bilderdijkstraat","'s-Gravenhage","'s-Gravenhage","Zuid-Holland",false,52.081975,4.300034,"injury","2","clear",false,1,"GM0518"
"20220180804",2022,"Letsel",2,"Fiets","Fiets","Flank","Rechte weg",50,"Niet brandend","Daglicht",\N,\N,"185327100","Haagweg","Leiden","Leiden","Zuid-Holland",false,52.159446,4.477666,"injury","2","unknown",false,1,"GM0546"
"20220116268",2022,"Uitsluitend materiele schade",2,"Fiets","Personenauto","Geparkeerd voertuig","Rechte weg",50,"Niet brandend","Daglicht","Droog","Parkeervoorziening","390264092","Julianastraat","Gendt","Lingewaard","Gelderland",false,51.878047,5.969978,"material damage only","4","clear",false,1,"GM1705"
"20220134932",2022,"Uitsluitend materiele schade",2,"Fiets","Personenauto","Onbekend","Kruispunt, 4 takken",30,\N,"Daglicht","Droog","Brug/viaduct",\N,"HILLEGONDABRUG","Klazienaveen","Emmen","Drenthe",false,52.72503,6.979574,"material damage only","4","clear",false,1,"GM0114"
"20220134939",2022,"Uitsluitend materiele schade",2,"Personenauto","Fiets","Frontaal","Rechte weg",30,"Niet brandend","Daglicht","Droog",\N,"519514056","Hemenweg","Stadskanaal","Stadskanaal","Groningen",false,52.991487,6.949429,"material damage only","4","clear",false,1,"GM0037"
"20220136917",2022,"Letsel",2,"Fiets","Overig vast object","Vast voorwerp","Rechte weg",50,"Niet brandend","Daglicht","Droog",\N,"509370006","Gunnerstraat","Weerselo","Dinkelland","Overijssel",false,52.347768,6.852258,"injury","2","clear",false,1,"GM1774"
"20220154815",2022,"Letsel",1,"e-bike",\N,"Eenzijdig","Rechte weg",30,"Niet brandend","Daglicht","Droog",\N,"206429100","Boulevard Zuid","Egmond aan Zee","Bergen (NH)","Noord-Holland",false,52.61713,4.620978,"injury","2","clear",false,1,\N
"20220156007",2022,"Uitsluitend materiele schade",2,"Fiets","Personenauto","Frontaal","Kruispunt, 3 takken",50,"Niet brandend","Daglicht","Droog",\N,\N,"Burg Martenssingel","Gouda","Gouda","Zuid-Holland",false,52.014294,4.721102,"material damage only","4","clear",false,1,"GM0513"
"20220177400",2022,"Uitsluitend materiele schade",2,"Personenauto","Fiets","Kop/staart","Kruispunt, 3 takken",50,"Brandend","Duisternis","Droog",\N,\N,"Rokin","Amsterdam","Amsterdam","Noord-Holland",false,52.369446,4.892137,"material damage only","4","clear",false,1,"GM0363"
"20220188385",2022,"Letsel",2,"Bestelauto","Fiets","Flank","Rotonde",50,"Niet brandend","Daglicht","Droog",\N,\N,"Markt","Bladel","Bladel","Noord-Brabant",false,51.365824,5.214387,"injury","2","clear",false,1,"GM1728"
"20220123191",2022,"Letsel",2,"Fiets","Voetganger","Voetganger","Rechte weg",30,"Niet brandend","Daglicht","Droog",\N,"242372034","Keizersgracht","Amsterdam","Amsterdam","Noord-Holland",false,52.36389,4.890777,"injury","2","clear",false,1,"GM0363"
"20220140462",2022,"Letsel",1,"Fiets",\N,"Eenzijdig","Kruispunt, 3 takken",30,"Niet brandend","Daglicht","Droog",\N,\N,"Breelaan","Bergen (NH)","Bergen (NH)","Noord-Holland",false,52.674383,4.695296,"injury","2","clear",false,1,\N
"20220160087",2022,"Uitsluitend materiele schade",2,"Personenauto","Fiets","Flank","Rotonde",30,"Niet brandend","Daglicht","Droog",\N,\N,"Berghemseweg","Oss","Oss","Noord-Brabant",false,51.769918,5.532857,"material damage only","4","clear",false,1,"GM0828"
"20220179706",2022,"Letsel",2,"Fiets","Voetganger","Voetganger","Kruispunt, 4 takken",50,"Niet brandend","Daglicht","Droog",\N,\N,"Boekhorststraat","'s-Gravenhage","'s-Gravenhage","Zuid-Holland",false,52.07403,4.309596,"injury","2","clear",false,1,"GM0518"
"20220187164",2022,"Uitsluitend materiele schade",2,"Bestelauto","Fiets","Los voorwerp","Rechte weg",50,"Niet brandend","Daglicht","Regen",\N,"179187012","Hulsdonksestraat","Roosendaal","Roosendaal","Noord-Brabant",false,51.529816,4.446916,"material damage only","4","rain",false,1,"GM1674"
"20220123245",2022,"Uitsluitend materiele schade",2,"Bestelauto","Fiets","Flank","Kruispunt, 3 takken",30,"Niet brandend","Daglicht","Regen",\N,\N,"Ookmeerweg","Amsterdam","Amsterdam","Noord-Holland",false,52.365416,4.800242,"material damage only","4","rain",false,1,"GM0363"
"20220123325",2022,"Letsel",2,"Personenauto","Fiets","Flank","Rotonde",50,"Brandend","Daglicht","Droog",\N,\N,"Burgemeester Röellstraat","Amsterdam","Amsterdam","Noord-Holland",false,52.375522,4.819675,"injury","2","clear",false,1,"GM0363"
"20220130852",2022,"Uitsluitend materiele schade",2,"Personenauto","Fiets","Frontaal","Kruispunt, 4 takken",30,"Niet brandend","Daglicht","Regen",\N,\N,"Middegaal","Veghel","Meierijstad","Noord-Brabant",false,51.624388,5.538778,"material damage only","4","rain",false,1,"GM1948"
"20220132034",2022,"Uitsluitend materiele schade",2,"Personenauto","e-bike","Flank","Kruispunt, 3 takken",50,"Niet brandend","Daglicht","Droog",\N,\N,"Gevart van Doernestraat","Deurne","Deurne","Noord-Brabant",false,51.467948,5.793351,"material damage only","4","clear",false,1,"GM0762"
"20220143516",2022,"Letsel",2,"Personenauto","e-bike","Flank","Rotonde",\N,"Niet brandend","Daglicht","Droog",\N,\N,"Garbialaan","Hillegom","Hillegom","Zuid-Holland",false,52.287423,4.579092,"injury","2","clear",false,1,"GM0534"
"20220153671",2022,"Letsel",2,"Personenauto","Fiets","Flank","Bocht",30,"Niet brandend","Daglicht","Droog",\N,\N,"Nieuweweg","Tienhoven","Stichtse Vecht","Utrecht",false,52.172907,5.078813,"injury","2","clear",false,1,"GM1904"
"20220160167",2022,"Uitsluitend materiele schade",2,"Personenauto","Fiets","Flank","Rechte weg",30,"Niet brandend","Daglicht","Droog",\N,"323165096","Htg Hendrik v Brabantpln","Eindhoven","Eindhoven","Noord-Brabant",false,51.432733,5.485898,"material damage only","4","clear",false,1,"GM0772"
"20220162628",2022,"Uitsluitend materiele schade",2,"Fiets","Fiets","Flank","Kruispunt, 3 takken",30,"Niet aanwezig","Daglicht",\N,\N,\N,"Loefzijde","Groningen","Groningen","Groningen",false,53.237524,6.616581,"material damage only","4","unknown",false,1,"GM0014"
"20220180316",2022,"Letsel",2,"Fiets","e-bike","Flank","Rechte weg",\N,"Niet brandend","Daglicht","Droog",\N,"600727365","Simon Stevinpad","Leiden","Leiden","Zuid-Holland",false,52.15987,4.464392,"injury","2","clear",false,1,"GM0546"
"20220124721",2022,"Letsel",2,"Fiets","Overig vast object","Vast voorwerp","Bocht",50,"Niet brandend","Daglicht","Droog",\N,"600737575","Meerlaan","Hillegom","Hillegom","Zuid-Holland",false,52.289656,4.590966,"injury","2","clear",false,1,"GM0534"
"20220130989",2022,"Letsel",2,"Personenauto","e-bike","Geparkeerd voertuig","Rechte weg",50,"Niet brandend","Daglicht","Droog","Parkeervoorziening","305210013","De Beemden","Sint-Michielsgestel","Sint-Michielsgestel","Noord-Brabant",false,51.638168,5.35545,"injury","2","clear",false,1,"GM0845"
"20220138946",2022,"Uitsluitend materiele schade",2,"Personenauto","Fiets","Flank","Rechte weg",30,"Niet brandend","Daglicht","Droog",\N,"600382434","Herenstraat","Hilversum","Hilversum","Noord-Holland",false,52.223873,5.17307,"material damage only","4","clear",false,1,"GM0402"
"20220162675",2022,"Letsel",2,"Fiets","Bestelauto","Onbekend","Kruispunt, 4 takken",50,"Niet brandend","Daglicht","Droog",\N,\N,"Verlengde Hereweg","Groningen","Groningen","Groningen",false,53.200369,6.578309,"injury","2","clear",false,1,"GM0014"
"20220173469",2022,"Letsel",2,"Personenauto","e-bike","Flank","Rechte weg",50,"Niet brandend","Daglicht","Droog",\N,\N,"Zonnehof","Amersfoort","Amersfoort","Utrecht",false,52.152758,5.383074,"injury","2","clear",false,1,"GM0307"
"20220179830",2022,"Letsel",3,"Personenauto","Fiets","Onbekend","Rechte weg",70,"Niet brandend","Daglicht",\N,\N,\N,"Klaproos","Hazerswoude-Dorp","Alphen aan den Rijn","Zuid-Holland",false,52.09122,4.589981,"injury","2","unknown",false,1,"GM0484"
"20220187247",2022,"Uitsluitend materiele schade",2,"Bromfiets","Fiets","Flank","Kruispunt, 4 takken",30,"Niet brandend","Daglicht","Droog",\N,\N,"Hoofdstraat","Raamsdonksveer","Geertruidenberg","Noord-Brabant",false,51.696138,4.874457,"material damage only","4","clear",false,1,"GM0779"
"20220197989",2022,"Uitsluitend materiele schade",2,"Personenauto","Fiets","Flank","Kruispunt, 4 takken",30,"Niet brandend","Daglicht","Droog",\N,\N,"Schrijnwerkershorst","Apeldoorn","Apeldoorn","Gelderland",false,52.206714,5.98991,"material damage only","4","clear",false,1,"GM0200"
"20220144864",2022,"Letsel",2,"Personenauto","Fiets","Kop/staart","Bocht",50,"Niet brandend","Daglicht","Regen",\N,"600901203","Vreeswijkstraat","'s-Gravenhage","'s-Gravenhage","Zuid-Holland",false,52.057211,4.275035,"injury","2","rain",false,1,"GM0518"
"20220146746",2022,"Letsel",3,"Personenauto","e-bike","Geparkeerd voertuig","Rechte weg",50,"Niet brandend","Daglicht","Droog","Parkeervoorziening","209248021","Bosboom-Toussaintstraat","Dordrecht","Dordrecht","Zuid-Holland",false,51.802689,4.659877,"injury","2","clear",false,1,"GM0505"
"20220160253",2022,"Letsel",1,"Fiets",\N,"Eenzijdig","Rotonde",50,"Niet brandend","Daglicht","Droog",\N,\N,"Prins Bernhardstraat","Asten","Asten","Noord-Brabant",false,51.408824,5.747309,"injury","2","clear",false,1,"GM0743"
"20220183206",2022,"Uitsluitend materiele schade",2,"Personenauto","Fiets","Onbekend","Kruispunt, 4 takken",50,"Niet brandend","Daglicht","Droog",\N,\N,"G.K. van Hogendorpweg","Rotterdam","Rotterdam","Zuid-Holland",false,51.948959,4.46028,"material damage only","4","clear",false,1,"GM0599"
"20220116873",2022,"Uitsluitend materiele schade",2,"Fiets","Bestelauto","Flank","Rotonde",50,"Niet brandend","Daglicht","Regen",\N,\N,"Ossenweerdstraat","Deventer","Deventer","Overijssel",false,52.258,6.149033,"material damage only","4","rain",false,1,"GM0150"
"20220126092",2022,"Letsel",2,"Fiets","Fiets","Onbekend","Rechte weg",50,"Niet brandend","Daglicht","Droog",\N,\N,"Elandstraat","'s-Gravenhage","'s-Gravenhage","Zuid-Holland",false,52.080514,4.296732,"injury","2","clear",false,1,"GM0518"
"20220142297",2022,"Uitsluitend materiele schade",2,"Bromfiets","Fiets","Flank","Kruispunt, 4 takken",50,"Niet brandend","Daglicht","Droog",\N,\N,"Sarphatistraat","Amsterdam","Amsterdam","Noord-Holland",false,52.361158,4.907891,"material damage only","4","clear",false,1,"GM0363"
"20220169905",2022,"Letsel",2,"Personenauto","Fiets","Flank","Kruispunt, 4 takken",\N,"Niet brandend","Daglicht","Droog",\N,\N,"Vlierstraat","Enschede","Enschede","Overijssel",false,52.196988,6.888957,"injury","2","clear",false,1,"GM0153"
"20220179368",2022,"Letsel",2,"Fiets","Voetganger","Voetganger","Rechte weg",50,"Niet brandend","Daglicht","Droog",\N,"194303085","Nieuwe Hoefweg","Bleiswijk","Lansingerland","Zuid-Holland",false,52.056041,4.551439,"injury","2","clear",false,1,"GM1621"
"20220179941",2022,"Letsel",2,"Personenauto","Fiets","Flank","Kruispunt, 4 takken",\N,"Niet brandend","Daglicht","Droog",\N,\N,"Koningin Julianalaan","Katwijk","Katwijk","Zuid-Holland",false,52.197174,4.412275,"injury","2","clear",false,1,"GM0537"
"20220197305",2022,"Uitsluitend materiele schade",2,"Personenauto","Fiets","Flank","Rotonde",50,"Brandend","Duisternis","Regen",\N,\N,"Stationslaan","Harderwijk","Harderwijk","Gelderland",false,52.341163,5.62008,"material damage only","4","rain",false,1,"GM0243"
"20220195468",2022,"Letsel",1,"Fiets",\N,"Eenzijdig",\N,80,\N,"Daglicht",\N,\N,"461365008","Provincialeweg Zuna","Zuna","Wierden","Overijssel",false,52.325985,6.499088,"injury","2","unknown",false,1,"GM0189"
"20220119377",2022,"Uitsluitend materiele schade",1,"e-bike",\N,"Voetganger","Rechte weg",50,"Niet brandend","Daglicht","Droog",\N,"600789711","Hondstraat","Velddriel","Maasdriel","Gelderland",false,51.77253,5.300097,"material damage only","4","clear",false,1,"GM0263"
"20220121000",2022,"Uitsluitend materiele schade",2,"Personenauto","Fiets","Onbekend","Kruispunt, 4 takken",50,"Niet brandend","Daglicht","Droog",\N,\N,"Urkerweg","Urk","Urk","Flevoland",false,52.660726,5.603601,"material damage only","4","clear",false,1,"GM0184"
"20220135332",2022,"Uitsluitend materiele schade",2,"Personenauto","Fiets","Eenzijdig","Rechte weg",50,"Niet brandend","Daglicht","Droog",\N,\N,"Laan van Westroijen","Tiel","Tiel","Gelderland",false,51.89643,5.417186,"material damage only","4","clear",false,1,"GM0281"
"20220144964",2022,"Uitsluitend materiele schade",1,"Fiets",\N,"Onbekend","Rechte weg",30,"Niet brandend","Daglicht","Droog",\N,"173324097","Achterweg","Wassenaar","Wassenaar","Zuid-Holland",false,52.14485,4.393436,"material damage only","4","clear",false,1,"GM0629"
"20220146000",2022,"Letsel",2,"Personenauto","Fiets","Flank","Kruispunt, 3 takken",30,"Niet brandend","Daglicht","Droog",\N,\N,"Barkasstraat","Rotterdam","Rotterdam","Zuid-Holland",false,51.916298,4.425934,"injury","2","clear",false,1,"GM0599"
"20220179971",2022,"Letsel",1,"Fiets",\N,"Eenzijdig","Kruispunt, 4 takken",30,"Niet brandend","Daglicht","Droog",\N,\N,"Van Heuven Goedhartstr","Reeuwijk","Bodegraven-Reeuwijk","Zuid-Holland",false,52.045921,4.721627,"injury","2","clear",false,1,"GM1901"
"20220184269",2022,"Letsel",2,"Personenauto","Fiets","Flank","Rechte weg",50,"Niet brandend","Daglicht","Droog",\N,"200262001","Burg de Zeeuwstraat","Ridderkerk","Ridderkerk","Zuid-Holland",false,51.865759,4.594689,"injury","2","clear",false,1,"GM0597"
"20220195981",2022,"Uitsluitend materiele schade",3,"Personenauto","Fiets","Flank","Rotonde",50,"Niet brandend","Daglicht","Droog",\N,\N,"Emmerikseweg","Zutphen","Zutphen","Gelderland",false,52.127942,6.200473,"material damage only","4","clear",false,1,"GM0301"
"20220115322",2022,"Uitsluitend materiele schade",3,"Bestelauto","e-bike","Onbekend","Rechte weg",50,"Niet brandend","Daglicht","Droog",\N,\N,"Menno van Coehoornstraat","Leeuwarden","Leeuwarden","Friesland",false,53.202581,5.808931,"material damage only","4","clear",false,1,"GM0080"
"20220118659",2022,"Uitsluitend materiele schade",2,"Personenauto","Fiets","Onbekend","Rotonde",50,"Niet brandend","Daglicht","Droog",\N,\N,"Parallelweg","Winterswijk","Winterswijk","Gelderland",false,51.966068,6.715178,"material damage only","4","clear",false,1,"GM0294"