"accident_id","year","severity_raw","party_count","party1_type","party2_type","accident_type","road_situation","speed_limit_kmh","road_lighting","light_condition_label","weather_raw","infra_type","road_segment_id","street_name","place_name","gemeente_name_raw","province","alcohol_indicated","latitude","longitude","severity_label","severity_code","weather_label","built_up_area","cyclists_involved","gemeente_code"
"20220121028",2022,"Letsel",2,"Bromfiets","Fiets","Onbekend","Rechte weg",50,"Brandend","Duisternis","Droog",\N,"600787983","Damhertlaan","Driebergen-Rijsenburg","Utrechtse Heuvelrug","Utrecht",false,52.051233,5.273454,"injury","2","clear",false,1,"GM1581"
"20220155145",2022,"Letsel",2,"Motor","Fiets","Flank","Rechte weg",50,"Niet brandend","Daglicht","Droog",\N,"600952554","Zeeweg","Overveen","Bloemendaal","Noord-Holland",false,52.403977,4.550099,"injury","2","clear",false,1,"GM0377"
"20220155274",2022,"Uitsluitend materiele schade",2,"Bromfiets","e-bike","Frontaal","Rechte weg",50,"Brandend","Duisternis","Droog",\N,"600362512","Sloterdijkerweg","Amsterdam","Amsterdam","Noord-Holland",false,52.388734,4.849943,"material damage only","4","clear",false,1,"GM0363"
"20220180666",2022,"Letsel",1,"Fiets",\N,"Eenzijdig","Rechte weg",\N,"Niet brandend","Daglicht","Droog",\N,"190307072","Tochtpad","Zoetermeer","Zoetermeer","Zuid-Holland",false,52.067881,4.516316,"injury","2","clear",false,1,"GM0637"
"20220180699",2022,"Letsel",2,"e-bike","Fiets","Onbekend","Rechte weg",30,"Niet brandend","Daglicht","Droog",\N,"155311015","Laan van Poot","'s-Gravenhage","'s-Gravenhage","Zuid-Holland",false,52.083619,4.259652,"injury","2","clear",false,1,"GM0518"
"20220185208",2022,"Letsel",2,"Personenauto","Fiets","Flank","Kruispunt, 4 takken",50,"Brandend","Duisternis","Droog",\N,\N,"Churchillweg","Schiedam","Schiedam","Zuid-Holland",false,51.929187,4.375527,"injury","2","clear",false,1,"GM0606"
"20220194172",2022,"Letsel",2,"Fiets","e-bike","Flank","Kruispunt, 3 takken",30,"Brandend","Daglicht","Droog",\N,\N,"Oostergoo","Assen","Assen","Drenthe",false,52.986552,6.531837,"injury","2","clear",false,1,"GM0106"
"20220115449",2022,"Letsel",2,"Fiets","Fiets","Frontaal","Rechte weg",30,"Niet brandend","Daglicht","Droog",\N,"600829233","Folsingadyk","Leeuwarden","Leeuwarden","Friesland",false,53.182576,5.8264,"injury","2","clear",false,1,"GM0080"
"20220126299",2022,"Uitsluitend materiele schade",2,"Bromfiets","e-bike","Frontaal","Rechte weg",50,"Niet brandend","Daglicht","Droog",\N,"600442988","van Berckelweg","Noordwijk","Noordwijk","Zuid-Holland",false,52.228563,4.467174,"material damage only","4","clear",false,1,"GM0575"
"20220132660",2022,"Letsel",2,"Bestelauto","e-bike","Onbekend","Kruispunt, 4 takken",50,"Niet brandend","Daglicht","Droog",\N,\N,"GRONSVELD 56","Maastricht","Maastricht","Limburg",false,50.815181,5.722671,"injury","2","clear",false,1,"GM0935"
"20220134184",2022,"Uitsluitend materiele schade",2,"Personenauto","Fiets","Los voorwerp","Rechte weg",100,"Niet aanwezig","Daglicht","Droog",\N,"600457573","Rijksweg A7","Leek","Westerkwartier","Groningen",false,53.180793,6.367623,"material damage only","4","clear",false,1,"GM1969"
"20220138297",2022,"Letsel",2,"Snorfiets","Fiets","Frontaal","Kruispunt, 3 takken",\N,"Niet brandend","Daglicht","Droog",\N,\N,"Nederlandlaan","IJsselstein","IJsselstein","Utrecht",false,52.021099,5.055075,"injury","2","clear",false,1,"GM0353"
"20220149834",2022,"Uitsluitend materiele schade",2,"Personenauto","Fiets","Onbekend","Kruispunt, 3 takken",30,"Niet brandend","Daglicht","Droog",\N,\N,"Jacob Oppenheimstraat","Eindhoven","Eindhoven","Noord-Brabant",false,51.442031,5.443645,"material damage only","4","clear",false,1,"GM0772"
"20220184397",2022,"Letsel",2,"Personenauto","Fiets","Frontaal","Bocht",30,"Niet brandend","Daglicht","Droog",\N,"133274078","Dorpsplein","Oostvoorne","Voorne aan Zee","Zuid-Holland",true,51.915516,4.102878,"injury","2","clear",false,1,"GM1992"
"20220184437",2022,"Letsel",2,"Bestelauto","Fiets","Flank","Kruispunt, 3 takken",50,"Niet brandend","Daglicht","Droog",\N,\N,"Colosseumweg","Rotterdam","Rotterdam","Zuid-Holland",false,51.899763,4.510935,"injury","2","clear",false,1,"GM0599"
"20220187626",2022,"Uitsluitend materiele schade",2,"Personenauto","Fiets","Frontaal","Kruispunt, 3 takken",\N,"Brandend","Schemer","Droog",\N,\N,"Spinding","Cuijk","Land van Cuijk","Noord-Brabant",false,51.731217,5.865491,"material damage only","4","clear",false,1,"GM1982"
"20220190758",2022,"Uitsluitend materiele schade",2,"Personenauto","Fiets","Flank","Rotonde",50,"Niet brandend","Daglicht","Droog",\N,\N,"Oeslingerbaan","Maastricht","Maastricht","Limburg",false,50.832009,5.707922,"material damage only","4","clear",false,1,"GM0935"
"20220117179",2022,"Letsel",2,"Fiets","Fiets","Onbekend","Rechte weg",\N,"Niet brandend","Daglicht","Droog",\N,"600511592","Haaksbergerstraat","Enschede","Enschede","Overijssel",false,52.205477,6.856887,"injury","2","clear",false,1,"GM0153"
"20220123931",2022,"Uitsluitend materiele schade",2,"e-bike","Fiets","Flank","Kruispunt, 4 takken",\N,"Niet brandend","Daglicht",\N,\N,\N,"Baden Powellweg","Amsterdam","Amsterdam","Noord-Holland",false,52.350703,4.794012,"material damage only","4","unknown",false,1,"GM0363"
"20220131455",2022,"Uitsluitend materiele schade",2,"Snorfiets","Fiets","Flank","Kruispunt, 3 takken",\N,"Niet brandend","Daglicht","Droog",\N,\N,"Euterpehof","Oss","Oss","Noord-Brabant",false,51.759968,5.519419,"material damage only","4","clear",false,1,"GM0828"
"20220134233",2022,"Letsel",2,"Personenauto","e-bike","Frontaal","Kruispunt, 4 takken",\N,"Niet brandend","Daglicht","Droog",\N,\N,"Provincialeweg","Opende","Westerkwartier","Groningen",false,53.174674,6.191594,"injury","2","clear",false,1,"GM1969"
"20220145213",2022,"Letsel",1,"Fiets",\N,"Eenzijdig","Rechte weg",\N,"Niet brandend","Daglicht","Droog",\N,\N,"Strandweg","'s-Gravenhage","'s-Gravenhage","Zuid-Holland",false,52.10306,4.265626,"injury","2","clear",false,1,"GM0518"
"20220149924",2022,"Letsel",2,"Personenauto","Fiets","Onbekend","Rotonde",50,"Niet brandend","Daglicht","Droog",\N,\N,"Groote Wielenlaan","Rosmalen","'s-Hertogenbosch","Noord-Brabant",false,51.730393,5.34672,"injury","2","clear",false,1,"GM0796"
"20220155423",2022,"Uitsluitend materiele schade",2,"Bromfiets","Fiets","Flank","Kruispunt, 4 takken",50,"Niet brandend","Daglicht","Droog",\N,\N,"Borchlandweg","Amsterdam-Duivendrecht","Ouder-Amstel","Noord-Holland",false,52.317121,4.931948,"material damage only","4","clear",false,1,"GM0437"
"20220156757",2022,"Letsel",1,"Fiets",\N,"Eenzijdig","Rechte weg",50,"Brandend","Duisternis","Droog",\N,"600646931","Thorbeckelaan","'s-Gravenhage","'s-Gravenhage","Zuid-Holland",false,52.063241,4.258363,"injury","2","clear",false,1,"GM0518"
"20220169098",2022,"Letsel",3,"Personenauto","Fiets","Onbekend",\N,30,"Niet brandend","Schemer","Droog",\N,\N,"Klaas de Rookstraat","Hengelo","Hengelo (O)","Overijssel",false,52.282074,6.822838,"injury","2","clear",false,1,\N
"20220191551",2022,"Letsel",1,"Fiets",\N,"Eenzijdig","Kruispunt, 4 takken",50,"Niet aanwezig","Daglicht","Regen",\N,\N,"Guyotplein","Groningen","Groningen","Groningen",false,53.221945,6.561948,"injury","2","rain",false,1,"GM0014"
"20220117407",2022,"Letsel",1,"Fiets",\N,"Eenzijdig",\N,30,\N,"Daglicht",\N,\N,"600249533","van Galenstraat","Borne","Borne","Overijssel",false,52.291498,6.756962,"injury","2","unknown",false,1,"GM0147"
"20220130224",2022,"Uitsluitend materiele schade",2,"Bus","Fiets","Flank","Kruispunt, 4 takken",\N,"Niet brandend","Daglicht","Droog","Bus-/Tramhalte",\N,"Tol","Werkendam","Altena","Noord-Brabant",false,51.800965,4.927364,"material damage only","4","clear",false,1,"GM1959"
"20220135563",2022,"Letsel",3,"Personenauto","Fiets","Onbekend","Kruispunt, 3 takken",50,"Niet brandend","Daglicht","Droog",\N,\N,"Harenbergweg","Zutphen","Zutphen","Gelderland",false,52.126145,6.209983,"injury","2","clear",false,1,"GM0301"
"20220136533",2022,"Letsel",2,"Fiets","Fiets","Eenzijdig","Rechte weg",50,"Niet brandend","Duisternis","Droog",\N,"600958999","Drienerbrakenweg","Enschede","Enschede","Overijssel",false,52.247604,6.837376,"injury","2","clear",false,1,"GM0153"
"20220155455",2022,"Uitsluitend materiele schade",2,"Fiets","Fiets","Onbekend","Rechte weg",30,"Niet brandend","Daglicht","Droog",\N,"600893630","Weteringschans","Amsterdam","Amsterdam","Noord-Holland",false,52.359493,4.893756,"material damage only","4","clear",false,1,"GM0363"
"20220162132",2022,"Letsel",3,"e-bike","e-bike","Onbekend","Rechte weg",60,"Niet aanwezig","Daglicht","Droog",\N,"513570006","Stolderijweg","Wagenborgen","Eemsdelta","Groningen",false,53.243856,6.917827,"injury","2","clear",false,1,"GM1979"
"20220175419",2022,"Letsel",1,"e-bike",\N,"Eenzijdig","Rechte weg",50,"Niet brandend","Daglicht","Droog",\N,"600655357","Schoterweg","Haarlem","Haarlem","Noord-Holland",false,52.391312,4.64069,"injury","2","clear",false,1,"GM0392"
"20220190929",2022,"Letsel",2,"e-bike","Bromfiets","Flank","Rechte weg",30,"Brandend","Duisternis","Droog",\N,"600855707","Watermunt","Tegelen","Venlo","Limburg",false,51.350399,6.139866,"injury","2","clear",false,1,"GM0983"
"20220144183",2022,"Letsel",1,"Fiets",\N,"Eenzijdig",\N,30,\N,"Daglicht",\N,\N,"600475044","Haarlemmerstraatweg","Oegstgeest","Oegstgeest","Zuid-Holland",false,52.196549,4.471504,"injury","2","unknown",false,1,"GM0579"
"20220187884",2022,"Letsel",1,"Fiets",\N,"Eenzijdig","Bocht",30,"Niet brandend","Daglicht","Droog",\N,"318205106","Wijbosscheweg","Schijndel","Meierijstad","Noord-Brabant",false,51.615722,5.448906,"injury","2","clear",false,1,"GM1948"
"20220191607",2022,"Letsel",2,"Personenauto","Fiets","Frontaal","Rechte weg",50,"Niet brandend","Daglicht","Droog",\N,\N,"Eikenlaan","Groningen","Groningen","Groningen",false,53.233159,6.554857,"injury","2","clear",false,1,"GM0014"
"20220191633",2022,"Letsel",2,"Personenauto","Fiets","Flank","Kruispunt, 4 takken",50,"Niet brandend","Daglicht","Droog",\N,\N,"Korteleegte","Veendam","Veendam","Groningen",false,53.105315,6.866176,"injury","2","clear",false,1,"GM0047"
"20220192827",2022,"Letsel",2,"Personenauto","e-bike","Flank","Kruispunt, 4 takken",80,"Niet brandend","Daglicht","Droog",\N,\N,"Hoofdstraat","Midwolde","Westerkwartier","Groningen",false,53.178108,6.381454,"injury","2","clear",false,1,"GM1969"
"20220193720",2022,"Letsel",2,"Personenauto","Fiets","Geparkeerd voertuig","Kruispunt, 4 takken",50,"Niet brandend","Daglicht","Droog","Parkeervoorziening",\N,"Voorstraat","Kollum","Noardeast-Fryslân","Friesland",false,53.280313,6.154158,"injury","2","clear",false,1,"GM1970"
"20220174256",2022,"Letsel",3,"Personenauto","e-bike","Onbekend","Kruispunt, 4 takken",50,"Niet brandend","Daglicht","Droog",\N,\N,"Keern","Hoorn","Hoorn","Noord-Holland",false,52.656174,5.043692,"injury","2","clear",false,1,"GM0405"
"20220192350",2022,"Letsel",2,"Personenauto","e-bike","Flank","Kruispunt, 4 takken",30,"Niet brandend","Daglicht","Droog",\N,\N,"Flevostraat","Lemmer","De Fryske Marren","Friesland",false,52.847036,5.708012,"injury","2","clear",false,1,"GM1940"
"20220133097",2022,"Letsel",2,"Bromfiets","Fiets","Onbekend","Kruispunt, 4 takken",\N,"Niet brandend","Daglicht","Droog",\N,\N,"Hasselt","Velden","Venlo","Limburg",false,51.426562,6.168779,"injury","2","clear",false,1,"GM0983"
"20220143040",2022,"Letsel",2,"Fiets","Fiets","Onbekend","Rechte weg",30,"Niet brandend","Daglicht","Droog","Tunnel","179296002","Klapwijkseweg","Pijnacker","Pijnacker-Nootdorp","Zuid-Holland",false,52.018733,4.438553,"injury","2","clear",false,1,"GM1926"
"20220166630",2022,"Letsel",2,"Personenauto","Fiets","Flank","Kruispunt, 3 takken",50,"Niet brandend","Daglicht","Droog",\N,\N,"Stationsstraat","Zetten","Overbetuwe","Gelderland",false,51.922271,5.722757,"injury","2","clear",false,1,"GM1734"
"20220174321",2022,"Letsel",1,"Fiets",\N,"Eenzijdig","Rechte weg",30,"Niet brandend","Daglicht","Regen","Tunnel",\N,"Bergerweg","Alkmaar","Alkmaar","Noord-Holland",false,52.641997,4.724204,"injury","2","rain",false,1,"GM0361"
"20220116036",2022,"Uitsluitend materiele schade",2,"Personenauto","Fiets","Flank","Kruispunt, 4 takken",50,"Niet brandend","Daglicht",\N,\N,\N,"Johannes Sinthenstraat","Deventer","Deventer","Overijssel",false,52.264111,6.143575,"material damage only","4","unknown",false,1,"GM0150"
"20220121635",2022,"Letsel",3,"Fiets","Fiets","Onbekend","Rechte weg",50,"Niet brandend","Daglicht","Regen",\N,"205372058","Johan de Wittlaan","Haarlem","Haarlem","Noord-Holland",false,52.361778,4.61881,"injury","2","rain",false,1,"GM0392"
"20220126550",2022,"Letsel",2,"Fiets","Fiets","Onbekend","Rechte weg",50,"Niet brandend","Daglicht","Droog",\N,"169310104","Monseigneur van Steelaan","Voorburg","Leidschendam-Voorburg","Zuid-Holland",false,52.081805,4.365581,"injury","2","clear",false,1,"GM1916"
"20220136787",2022,"Uitsluitend materiele schade",2,"Personenauto","e-bike","Flank","Kruispunt, 4 takken",50,"Niet brandend","Daglicht","Droog",\N,\N,"Valeriuslaan","Dieren","Rheden","Gelderland",false,52.050863,6.095996,"material damage only","4","clear",false,1,"GM0275"
"20220138717",2022,"Letsel",1,"Fiets",\N,"Eenzijdig","Rechte weg",50,"Niet brandend","Daglicht","Droog",\N,\N,"Panweg","Zeist","Zeist","Utrecht",false,52.102721,5.24,"injury","2","clear",false,1,"GM0355"
"20220140180",2022,"Uitsluitend materiele schade",2,"Personenauto","Fiets","Onbekend",\N,30,\N,"Daglicht",\N,\N,\N,"G.F. La Croixstraat","Assendelft","Zaanstad","Noord-Holland",false,52.491364,4.74497,"material damage only","4","unknown",false,1,"GM0479"
"20220140232",2022,"Uitsluitend materiele schade",2,"Personenauto","Fiets","Flank","Rotonde",50,\N,"Daglicht","Droog",\N,\N,"Westelijke Randweg","Broek op Langedijk","Dijk en Waard","Noord-Holland",false,52.679049,4.796738,"material damage only","4","clear",false,1,"GM1980"
"20220155710",2022,"Letsel",2,"Personenauto","Fiets","Flank","Kruispunt, 4 takken",50,"Niet brandend","Daglicht","Droog",\N,\N,"Jacob Obrechtstraat","Amsterdam","Amsterdam","Noord-Holland",false,52.354739,4.876312,"injury","2","clear",false,1,"GM0363"
"20220188099",2022,"Letsel",3,"Personenauto","e-bike","Onbekend","Rechte weg",50,"Niet brandend","Daglicht","Droog",\N,"600642045","Udenseweg","Veghel","Meierijstad","Noord-Brabant",false,51.623794,5.57108,"injury","2","clear",false,1,"GM1948"
"20220197586",2022,"Uitsluitend materiele schade",2,"Personenauto","Fiets","Flank","Rechte weg",50,"Niet brandend","Daglicht","Droog",\N,"385289037","Velperweg","Arnhem","Arnhem","Gelderland",false,51.989837,5.938434,"material damage only","4","clear",false,1,"GM0202"
"20220146401",2022,"Letsel",2,"Fiets","Fiets","Frontaal","Kruispunt, 3 takken",30,"Niet brandend","Daglicht","Droog",\N,\N,"Waldeck-Pyrmontlaan","Rotterdam","Rotterdam","Zuid-Holland",false,51.927739,4.512622,"injury","2","clear",false,1,"GM0599"
"20220149157",2022,"Letsel",2,"e-bike","Personenauto","Flank","Bocht",30,"Niet brandend","Daglicht","Droog",\N,"600809059","Molenstraat","Geldrop","Geldrop-Mierlo","Noord-Brabant",false,51.421983,5.56379,"injury","2","clear",false,1,"GM1771"
"20240082813",2024,"Uitsluitend materiele schade",2,"Personenauto","Fiets","Flank","Kruispunt, 4 takken",50,"Niet brandend","Daglicht","Regen",\N,\N,"Nassaustraat","Roermond","Roermond","Limburg",false,51.190631,6.002588,"material damage only","4","rain",false,1,"GM0957"
"20240086055",2024,"Letsel",2,"Personenauto","Fiets","Flank","Kruispunt, 4 takken",50,"Niet brandend","Daglicht","Droog",\N,\N,"Het Haagje","Hoogeveen","Hoogeveen","Drenthe",false,52.721034,6.487258,"injury","2","clear",false,1,"GM0118"
"20240089336",2024,"Letsel",2,"Personenauto","Fiets","Frontaal","Kruispunt, 4 takken",30,"Niet brandend","Daglicht","Droog",\N,\N,"Gildeweg","Nootdorp","Pijnacker-Nootdorp","Zuid-Holland",false,52.051894,4.408314,"injury","2","clear",false,1,"GM1926"
"20240091235",2024,"Letsel",2,"Bromfiets","Fiets","Flank","Kruispunt, 3 takken",50,"Niet brandend","Daglicht","Droog",\N,\N,"FIETSPAD","Tilburg","Tilburg","Noord-Brabant",false,51.560555,5.023875,"injury","2","clear",false,1,"GM0855"
"20240091238",2024,"Letsel",2,"Personenauto","Fiets","Onbekend",\N,\N,\N,"Daglicht",\N,\N,"181213006","Oudemolensedijk","Fijnaart","Moerdijk","Noord-Brabant",false,51.645521,4.457304,"injury","2","unknown",false,1,"GM1709"
"20240092031",2024,"Uitsluitend materiele schade",2,"Personenauto","Fiets","Flank","Kruispunt, 3 takken",30,"Niet brandend","Daglicht","Droog",\N,\N,"Dijk","Montfort","Roerdalen","Limburg",false,51.127476,5.946709,"material damage only","4","clear",false,1,"GM1669"
"20240081564",2024,"Uitsluitend materiele schade",2,"Personenauto","Fiets","Frontaal","Rechte weg",50,"Niet brandend","Daglicht","Droog",\N,"600371568","Bethlehemplein","Dordrecht","Dordrecht","Zuid-Holland",false,51.812556,4.665487,"material damage only","4","clear",false,1,"GM0505"
"20240092555",2024,"Uitsluitend materiele schade",2,"Fiets","Fiets","Flank","Kruispunt, 4 takken",30,"Niet brandend","Daglicht","Droog",\N,\N,"Kerkradersteenweg","Kerkrade","Kerkrade","Limburg",false,50.868708,6.054507,"material damage only","4","clear",false,1,"GM0928"
"20240097749",2024,"Letsel",2,"Bromfiets","Fiets","Frontaal","Rechte weg",30,"Niet brandend","Daglicht","Droog",\N,\N,"Zwammerdamstraat","Zoetermeer","Zoetermeer","Zuid-Holland",false,52.062647,4.532389,"injury","2","clear",false,1,"GM0637"
"20240098165",2024,"Letsel",2,"Personenauto","Fiets","Flank","Kruispunt, 4 takken",50,"Brandend","Duisternis","Regen",\N,\N,"Prins van Lignestraat","Voorburg","Leidschendam-Voorburg","Zuid-Holland",false,52.072048,4.35278,"injury","2","rain",false,1,"GM1916"
"20240092850",2024,"Letsel",2,"Personenauto","Fiets","Flank","Rotonde",50,"Niet brandend","Daglicht","Droog",\N,\N,"Lagelandstraat","'s-Hertogenbosch","'s-Hertogenbosch","Noord-Brabant",false,51.69053,5.324787,"injury","2","clear",false,1,"GM0796"
"20240071427",2024,"Letsel",2,"Bestelauto","Fiets","Flank","Kruispunt, 4 takken",30,"Niet brandend","Daglicht","Droog",\N,\N,"Veenmos","Reeuwijk","Bodegraven-Reeuwijk","Zuid-Holland",false,52.050491,4.728924,"injury","2","clear",false,1,"GM1901"
"20240088132",2024,"Uitsluitend materiele schade",2,"Personenauto","Fiets","Flank","Rechte weg",50,"Niet brandend","Daglicht","Droog",\N,"600752031","Mijnsherenweg","Kudelstaart","Aalsmeer","Noord-Holland",false,52.242052,4.762994,"material damage only","4","clear",false,1,"GM0358"
"20240093186",2024,"Uitsluitend materiele schade",2,"Personenauto","Fiets","Onbekend",\N,\N,\N,"Daglicht",\N,\N,"277249001","Waalbandijk","Nieuwaal","Zaltbommel","Gelderland",false,51.809808,5.162203,"material damage only","4","unknown",false,1,"GM0297"
"20240044530",2024,"Uitsluitend materiele schade",2,"Bestelauto","Fiets","Flank","Rotonde",50,"Niet brandend","Daglicht","Droog",\N,\N,"Nassaulaan","Rijen","Gilze en Rijen","Noord-Brabant",false,51.588041,4.903375,"material damage only","4","clear",false,1,"GM0784"
"20240050341",2024,"Letsel",2,"Fiets","Fiets","Onbekend","Rechte weg",50,"Niet brandend","Daglicht","Droog",\N,"600107146","Rijswijkseweg","'s-Gravenhage","'s-Gravenhage","Zuid-Holland",false,52.06175,4.333201,"injury","2","clear",false,1,"GM0518"
"20240085567",2024,"Uitsluitend materiele schade",2,"Fiets","Fiets","Onbekend","Rechte weg",\N,"Niet brandend","Daglicht","Droog",\N,"387317011","Arnhemseweg","Beekbergen","Apeldoorn","Gelderland",false,52.121453,5.955586,"material damage only","4","clear",false,1,"GM0200"
"20240088846",2024,"Letsel",2,"Personenauto","Fiets","Frontaal","Kruispunt, 3 takken",30,"Niet brandend","Daglicht","Droog",\N,\N,"Zijdeweg","Wassenaar","Wassenaar","Zuid-Holland",false,52.113536,4.347718,"injury","2","clear",false,1,"GM0629"
"20240090775",2024,"Uitsluitend materiele schade",2,"Personenauto","e-bike","Flank","Kruispunt, 3 takken",80,"Niet brandend","Daglicht","Droog",\N,\N,"Waterstraat","Diessen","Hilvarenbeek","Noord-Brabant",false,51.469819,5.164991,"material damage only","4","clear",false,1,"GM0798"
"20240093540",2024,"Letsel",1,"Fiets",\N,"Onbekend","Rechte weg",60,"Niet aanwezig","Duisternis","Droog",\N,"450444002","Hoogeveenseweg","Zuidwolde","De Wolden","Drenthe",false,52.683841,6.429792,"injury","2","clear",false,1,"GM1690"
"20240098081",2024,"Letsel",2,"Personenauto","Fiets","Flank","Kruispunt, 4 takken",50,"Niet brandend","Daglicht","Regen",\N,\N,"Heulweg","Kwintsheul","Westland","Zuid-Holland",false,52.016781,4.257127,"injury","2","rain",false,1,"GM1783"
"20240043933",2024,"Uitsluitend materiele schade",2,"Personenauto","Fiets","Frontaal","Bocht",30,"Niet brandend","Daglicht","Droog",\N,"304199043","De Linnenbleker","Boxtel","Boxtel","Noord-Brabant",false,51.586002,5.347089,"material damage only","4","clear",false,1,"GM0757"
"20240070851",2024,"Uitsluitend materiele schade",2,"Bestelauto","Fiets","Flank","Rechte weg",30,"Niet brandend","Daglicht","Droog",\N,"200280087","Nabucco","Capelle aan den IJssel","Capelle aan den IJssel","Zuid-Holland",false,51.949306,4.588635,"material damage only","4","clear",false,1,"GM0502"
"20240079236",2024,"Letsel",1,"Fiets",\N,"Onbekend","Rechte weg",\N,"Niet brandend","Daglicht","Droog",\N,"600722051","Vlietweg","Leidschendam","Leidschendam-Voorburg","Zuid-Holland",false,52.076791,4.38735,"injury","2","clear",false,1,"GM1916"
"20240079246",2024,"Letsel",2,"Fiets","Fiets","Flank","Kruispunt, 4 takken",50,"Niet brandend","Daglicht","Regen",\N,\N,"Goudenregenplein","'s-Gravenhage","'s-Gravenhage","Zuid-Holland",false,52.076558,4.263939,"injury","2","rain",false,1,"GM0518"
"20240085589",2024,"Letsel",1,"Fiets",\N,"Onbekend","Rechte weg",30,"Niet brandend","Daglicht","Regen",\N,"600855813","Singelstraat","Deventer","Deventer","Overijssel",false,52.255867,6.159729,"injury","2","rain",false,1,"GM0150"
"20240091480",2024,"Letsel",1,"Fiets",\N,"Kop/staart","Rechte weg",30,"Niet brandend","Daglicht","Droog",\N,"197284023","Lauwersmeer","Rotterdam","Rotterdam","Zuid-Holland",false,51.965842,4.572856,"injury","2","clear",false,1,"GM0599"
"20240050431",2024,"Letsel",2,"Bromfiets","Fiets","Flank","Kruispunt, 4 takken",30,"Brandend","Duisternis",\N,\N,\N,"0049 BRUG","Amsterdam","Amsterdam","Noord-Holland",false,52.372342,4.885156,"injury","2","unknown",false,1,"GM0363"
"20240074058",2024,"Letsel",2,"Fiets","Overig vast object","Vast voorwerp","Bocht",60,"Niet brandend","Daglicht","Droog",\N,"601105436","Maasweg","Blitterswijck","Venray","Limburg",false,51.537101,6.114072,"injury","2","clear",false,1,"GM0984"
"20240084993",2024,"Letsel",2,"Personenauto","Fiets","Frontaal","Kruispunt, 3 takken",30,"Niet brandend","Daglicht","Droog",\N,\N,"Bartókstraat","Elst","Overbetuwe","Gelderland",false,51.925442,5.847219,"injury","2","clear",false,1,"GM1734"
"20240089571",2024,"Uitsluitend materiele schade",2,"Fiets","Bromfiets","Onbekend","Rechte weg",15,"Niet brandend","Daglicht","Droog",\N,\N,"Alexander Dumaslaan","Amsterdam","Amsterdam","Noord-Holland",true,52.3239,4.943713,"material damage only","4","clear",false,1,"GM0363"
"20240089596",2024,"Letsel",2,"Bromfiets","Fiets","Onbekend","Bocht",50,"Niet brandend","Daglicht","Droog",\N,\N,"Koopvaarder","Hoorn","Hoorn","Noord-Holland",false,52.656956,5.060739,"injury","2","clear",false,1,"GM0405"
"20240093032",2024,"Letsel",2,"Bromfiets","Fiets","Frontaal","Kruispunt, 4 takken",\N,"Niet brandend","Daglicht","Droog",\N,\N,"Heistraat","Helmond","Helmond","Noord-Brabant",false,51.482497,5.658447,"injury","2","clear",false,1,"GM0794"
"20240094770",2024,"Letsel",1,"Fiets",\N,"Onbekend","Rechte weg",30,"Niet brandend","Daglicht","Droog",\N,"400409098","Belvédèrelaan","Zwolle","Zwolle","Overijssel",false,52.529199,6.05246,"injury","2","clear",false,1,"GM0193"
"20240101893",2024,"Uitsluitend materiele schade",2,"Personenauto","Fiets","Onbekend","Rechte weg",50,"Niet brandend","Daglicht","Droog",\N,"600949538","Maastrichterlaan","Vaals","Vaals","Limburg",false,50.775022,6.011621,"material damage only","4","clear",false,1,"GM0981"
"20240101910",2024,"Uitsluitend materiele schade",2,"Fiets","Personenauto","Flank","Rotonde",50,"Niet brandend","Daglicht","Droog",\N,\N,"Geer","Veldhoven","Veldhoven","Noord-Brabant",false,51.422063,5.405202,"material damage only","4","clear",false,1,"GM0861"
"20240070970",2024,"Letsel",2,"Fiets","Bromfiets","Kop/staart","Kruispunt, 3 takken",30,"Niet brandend","Daglicht","Droog",\N,\N,"Morssingel","Leiden","Leiden","Zuid-Holland",false,52.163564,4.479814,"injury","2","clear",false,1,"GM0546"
"20240077426",2024,"Uitsluitend materiele schade",2,"Personenauto","Fiets","Flank","Kruispunt, 3 takken",50,"Niet brandend","Daglicht","Droog",\N,\N,"Evenaar","Almere","Almere","Flevoland",false,52.398081,5.29272,"material damage only","4","clear",false,1,"GM0034"
"20240083111",2024,"Uitsluitend materiele schade",2,"Bromfiets","Fiets","Flank","Rechte weg",30,"Niet brandend","Daglicht","Droog",\N,\N,"Grote Kerkstraat","Venlo","Venlo","Limburg",false,51.370286,6.170778,"material damage only","4","clear",false,1,"GM0983"
"20240085048",2024,"Uitsluitend materiele schade",2,"Personenauto","Fiets","Flank","Kruispunt, 3 takken",50,"Niet brandend","Daglicht","Droog",\N,\N,"Parallelweg-Noord","Zetten","Overbetuwe","Gelderland",false,51.919817,5.724218,"material damage only","4","clear",false,1,"GM1734"
"20240085673",2024,"Letsel",2,"Personenauto","Fiets","Frontaal","Kruispunt, 4 takken",30,"Niet brandend","Daglicht","Droog",\N,\N,"Nijenstede","Hardenberg","Hardenberg","Overijssel",false,52.574324,6.624328,"injury","2","clear",false,1,"GM0160"
"20240102768",2024,"Uitsluitend materiele schade",2,"Personenauto","Fiets","Onbekend",\N,50,\N,"Daglicht",\N,\N,"266191131","Korvelseweg","Tilburg","Tilburg","Noord-Brabant",false,51.551137,5.074484,"material damage only","4","unknown",false,1,"GM0855"
"20240044679",2024,"Uitsluitend materiele schade",2,"Personenauto","Fiets","Flank","Kruispunt, 4 takken",30,"Niet brandend","Daglicht","Regen",\N,\N,"Zuid Willemsvaart","'s-Hertogenbosch","'s-Hertogenbosch","Noord-Brabant",false,51.693311,5.303764,"material damage only","4","rain",false,1,"GM0796"