"accident_id","year","severity_raw","party_count","party1_type","party2_type","accident_type","road_situation","speed_limit_kmh","road_lighting","light_condition_label","weather_raw","infra_type","road_segment_id","street_name","place_name","gemeente_name_raw","province","alcohol_indicated","latitude","longitude","severity_label","severity_code","weather_label","built_up_area","cyclists_involved","gemeente_code"
"20230059406",2023,"Uitsluitend materiele schade",3,"Fiets","Fiets","Onbekend","Rechte weg",50,"Niet brandend","Daglicht","Droog",\N,"600917156","Zandvoortselaan","Heemstede","Heemstede","Noord-Holland",false,52.360052,4.604706,"material damage only","4","clear",false,1,"GM0397"
"20230061779",2023,"Letsel",1,"Fiets",\N,"Eenzijdig",\N,30,"Niet brandend","Daglicht","Droog",\N,"175254033","Vierwiekenplein","Oud-Beijerland","Hoeksche Waard","Zuid-Holland",false,51.828097,4.410262,"injury","2","clear",false,1,"GM1963"
"20230064568",2023,"Letsel",3,"Personenauto","Fiets","Los voorwerp","Kruispunt, 4 takken",60,"Niet aanwezig","Daglicht","Regen",\N,\N,"BOKKEBUNSTWEG","Dwingeloo","Westerveld","Drenthe",false,52.825512,6.375878,"injury","2","rain",false,1,"GM1701"
"20230064986",2023,"Uitsluitend materiele schade",2,"e-bike","e-bike","Frontaal","Rechte weg",30,"Niet aanwezig","Daglicht","Droog",\N,"516342080","Langestraat","Enschede","Enschede","Overijssel",false,52.219428,6.896061,"material damage only","4","clear",false,1,"GM0153"
"20240127707",2024,"Uitsluitend materiele schade",2,"Snorfiets","Fiets","Onbekend","Rechte weg",50,"Niet brandend","Daglicht","Droog",\N,"389288031","De Straatweiden","Velp","Rheden","Gelderland",false,51.987,5.967362,"material damage only","4","clear",false,1,"GM0275"
"20230066064",2023,"Letsel",3,"Bromfiets","Fiets","Frontaal","Bocht",30,"Niet brandend","Daglicht","Droog",\N,"600209237","Ypenburgbocht","Leiden","Leiden","Zuid-Holland",false,52.170074,4.48911,"injury","2","clear",false,1,"GM0546"
"20230049331",2023,"Letsel",2,"Fiets","Fiets","Kop/staart","Kruispunt, 4 takken",15,"Niet brandend","Daglicht","Droog",\N,\N,"Ary van der Spuyweg","'s-Gravenhage","'s-Gravenhage","Zuid-Holland",false,52.089698,4.293938,"injury","2","clear",false,1,"GM0518"
"20230065803",2023,"Letsel",2,"Bestelauto","Fiets","Eenzijdig","Kruispunt, 3 takken",30,"Niet brandend","Daglicht","Droog",\N,\N,"Korte Dreef","Haren Gn","Groningen","Groningen",false,53.17256,6.598569,"injury","2","clear",false,1,"GM0014"
"20230047018",2023,"Letsel",1,"Fiets",\N,"Eenzijdig","Rechte weg",30,"Niet brandend","Daglicht","Droog",\N,"226428007","Zeglis","Alkmaar","Alkmaar","Noord-Holland",false,52.617056,4.767765,"injury","2","clear",false,1,"GM0361"
"20230048202",2023,"Letsel",2,"Personenauto","Fiets","Flank","Kruispunt, 4 takken",50,"Niet brandend","Daglicht","Droog",\N,\N,"Weg door Zuid-Salland","Deventer","Deventer","Overijssel",false,52.253843,6.199507,"injury","2","clear",false,1,"GM0150"
"20240128335",2024,"Uitsluitend materiele schade",2,"Personenauto","Fiets","Kop/staart","Kruispunt, 4 takken",80,"Brandend","Duisternis","Droog",\N,\N,"Ravenweg","Stroe","Barneveld","Gelderland",false,52.176167,5.694058,"material damage only","4","clear",false,1,"GM0203"
"20240128703",2024,"Uitsluitend materiele schade",2,"Personenauto","Fiets","Frontaal","Kruispunt, 3 takken",30,"Niet brandend","Daglicht","Droog",\N,\N,"'t Oost","Oosterwolde","Ooststellingwerf","Friesland",false,52.99337,6.294088,"material damage only","4","clear",false,1,"GM0085"
"20240129615",2024,"Letsel",2,"Personenauto","Fiets","Flank","Kruispunt, 3 takken",50,"Niet brandend","Daglicht","Droog",\N,\N,"Kerkstraat","Soest","Soest","Utrecht",false,52.168174,5.309801,"injury","2","clear",false,1,"GM0342"
"20230050543",2023,"Uitsluitend materiele schade",2,"Fiets","Fiets","Flank","Kruispunt, 4 takken",50,"Niet brandend","Daglicht","Droog",\N,\N,"Plesmanlaan","Leiden","Leiden","Zuid-Holland",false,52.165309,4.45983,"material damage only","4","clear",false,1,"GM0546"
"20230051104",2023,"Letsel",3,"Personenauto","Fiets","Onbekend","Kruispunt, 4 takken",30,"Niet brandend","Daglicht","Droog",\N,\N,"Ring","Zuidland","Nissewaard","Zuid-Holland",false,51.822777,4.26169,"injury","2","clear",false,1,"GM1930"
"20230051106",2023,"Letsel",2,"Bestelauto","Fiets","Eenzijdig","Kruispunt, 4 takken",30,"Niet brandend","Daglicht","Droog",\N,\N,"Scheepmakershaven","Oud-Beijerland","Hoeksche Waard","Zuid-Holland",false,51.826765,4.414222,"injury","2","clear",false,1,"GM1963"
"20240130628",2024,"Uitsluitend materiele schade",1,"Fiets",\N,"Onbekend","Rechte weg",50,"Niet brandend","Daglicht","Droog",\N,"600835358","Burg Matsersingel","Arnhem","Arnhem","Gelderland",false,51.951478,5.886379,"material damage only","4","clear",false,1,"GM0202"
"20240131148",2024,"Letsel",2,"Personenauto","Fiets","Flank","Kruispunt, 3 takken",50,"Niet brandend","Daglicht","Droog",\N,\N,"Ambachtsring","Heemskerk","Heemskerk","Noord-Holland",false,52.500154,4.652513,"injury","2","clear",false,1,"GM0396"
"20230044735",2023,"Letsel",2,"Snorfiets","Fiets","Flank","Rechte weg",50,"Niet aanwezig","Daglicht","Droog",\N,"466563008","Westersingel","Groningen","Groningen","Groningen",false,53.217764,6.556577,"injury","2","clear",false,1,"GM0014"
"20230052925",2023,"Uitsluitend materiele schade",2,"Personenauto","Fiets","Frontaal","Rechte weg",50,"Niet brandend","Daglicht","Regen",\N,"600725599","Schulpweg","Rotterdam","Rotterdam","Zuid-Holland",false,51.874912,4.456042,"material damage only","4","rain",false,1,"GM0599"
"20230056985",2023,"Uitsluitend materiele schade",2,"Personenauto","Fiets","Flank","Kruispunt, 4 takken",30,"Niet brandend","Daglicht","Droog",\N,\N,"Josine Reulingstraat","Apeldoorn","Apeldoorn","Gelderland",false,52.214698,5.992985,"material damage only","4","clear",false,1,"GM0200"
"20240128958",2024,"Uitsluitend materiele schade",2,"Personenauto","Fiets","Frontaal","Kruispunt, 4 takken",30,"Niet brandend","Daglicht","Droog",\N,\N,"Jukwerderweg","Appingedam","Eemsdelta","Groningen",false,53.322804,6.851355,"material damage only","4","clear",false,1,"GM1979"
"20240130201",2024,"Uitsluitend materiele schade",3,"Fiets","Personenauto","Flank","Kruispunt, 4 takken",30,"Niet brandend","Daglicht","Droog",\N,\N,"Globeplein","Almere","Almere","Flevoland",false,52.394394,5.280728,"material damage only","4","clear",false,1,"GM0034"
"20240132471",2024,"Letsel",1,"Fiets",\N,"Onbekend","Rechte weg",50,"Niet brandend","Daglicht","Regen",\N,"185325017","Rooseveltstraat","Leiden","Leiden","Zuid-Holland",false,52.145606,4.481346,"injury","2","rain",false,1,"GM0546"
"20240132522",2024,"Uitsluitend materiele schade",2,"Fiets","Fiets","Frontaal","Rechte weg",50,"Niet brandend","Daglicht","Regen",\N,"160310053","Crispijnstraat","'s-Gravenhage","'s-Gravenhage","Zuid-Holland",false,52.07795,4.294348,"material damage only","4","rain",false,1,"GM0518"
"20230039524",2023,"Uitsluitend materiele schade",2,"Personenauto","Fiets","Flank","Kruispunt, 4 takken",50,"Niet brandend","Daglicht","Droog",\N,\N,"Stadionweg","Amsterdam","Amsterdam","Noord-Holland",false,52.348777,4.883225,"material damage only","4","clear",false,1,"GM0363"
"20230039538",2023,"Letsel",2,"Fiets","Fiets","Onbekend","Rechte weg",30,"Brandend","Duisternis","Droog",\N,"166304042","Nassaukade","Rijswijk","Rijswijk","Zuid-Holland",false,52.053252,4.343219,"injury","2","clear",false,1,\N
"20230050617",2023,"Uitsluitend materiele schade",2,"Personenauto","Fiets","Flank","Rechte weg",50,"Niet brandend","Daglicht","Droog",\N,\N,"Coenderstraat","Delft","Delft","Zuid-Holland",false,52.005867,4.355796,"material damage only","4","clear",false,1,"GM0503"
"20230055846",2023,"Uitsluitend materiele schade",2,"Personenauto","Fiets","Frontaal","Bocht",30,"Niet brandend","Daglicht","Droog",\N,\N,"Ter Huivra","Joure","De Fryske Marren","Friesland",false,52.964272,5.80006,"material damage only","4","clear",false,1,"GM1940"
"20240132757",2024,"Letsel",2,"Fiets","Personenauto","Flank","Rechte weg",50,"Niet brandend","Daglicht","Droog",\N,"601178677","Elandstraat","'s-Gravenhage","'s-Gravenhage","Zuid-Holland",false,52.080058,4.295752,"injury","2","clear",false,1,"GM0518"
"20240133029",2024,"Letsel",1,"Fiets",\N,"Eenzijdig","Rechte weg",50,"Niet brandend","Daglicht","Droog",\N,"161309122","Jan Hendrikstraat","'s-Gravenhage","'s-Gravenhage","Zuid-Holland",false,52.07623,4.30689,"injury","2","clear",false,1,"GM0518"
"20240133419",2024,"Letsel",2,"Personenauto","Fiets","Flank","Rotonde",50,"Niet brandend","Daglicht","Droog",\N,\N,"Mozartlaan","Voorschoten","Voorschoten","Zuid-Holland",false,52.134303,4.454145,"injury","2","clear",false,1,"GM0626"
"20230044217",2023,"Uitsluitend materiele schade",2,"Personenauto","Fiets","Flank","Kruispunt, 4 takken",50,"Niet brandend","Daglicht","Droog",\N,\N,"Molenstraat-Centrum","Apeldoorn","Apeldoorn","Gelderland",false,52.211557,5.967706,"material damage only","4","clear",false,1,"GM0200"
"20220210887",2022,"Letsel",2,"Personenauto","Fiets","Flank","Rechte weg",50,"Niet brandend","Daglicht","Droog",\N,\N,"Slauerhofflaan","Uithoorn","Uithoorn","Noord-Holland",false,52.245461,4.832367,"injury","2","clear",false,1,"GM0451"
"20220212229",2022,"Uitsluitend materiele schade",2,"Personenauto","Fiets","Frontaal","Kruispunt, 4 takken",30,"Niet brandend","Daglicht","Droog",\N,\N,"Comeniusstraat","Amsterdam","Amsterdam","Noord-Holland",false,52.359215,4.828559,"material damage only","4","clear",false,1,"GM0363"
"20220213597",2022,"Letsel",2,"Fiets","Fiets","Flank","Rechte weg",30,"Niet brandend","Daglicht","Droog",\N,"178336054","Noordwijkerweg","Katwijk","Katwijk","Zuid-Holland",false,52.197473,4.426088,"injury","2","clear",false,1,"GM0537"
"20220214467",2022,"Uitsluitend materiele schade",2,"Snorfiets","Fiets","Flank","Kruispunt, 3 takken",50,"Brandend","Schemer","Droog",\N,\N,"Hoefkade","'s-Gravenhage","'s-Gravenhage","Zuid-Holland",false,52.070262,4.317655,"material damage only","4","clear",false,1,"GM0518"
"20220225254",2022,"Letsel",2,"Personenauto","Fiets","Flank","Rechte weg",50,"Niet brandend","Daglicht","Droog",\N,"201194011","Nijverheidsweg","Etten-Leur","Etten-Leur","Noord-Brabant",false,51.562879,4.605204,"injury","2","clear",false,1,"GM0777"
"20220211603",2022,"Letsel",2,"Fiets","Overig vast object","Vast voorwerp","Rotonde",\N,"Brandend","Duisternis","Regen",\N,\N,"Amsterdamseweg","Amstelveen","Amstelveen","Noord-Holland",false,52.315362,4.85652,"injury","2","rain",false,1,"GM0362"
"20220213630",2022,"Letsel",2,"Motor","Fiets","Flank","Rechte weg",50,"Niet brandend","Daglicht","Droog",\N,"214298066","Hugo de Vrieslaan","Gouda","Gouda","Zuid-Holland",false,52.030722,4.693396,"injury","2","clear",false,1,"GM0513"
"20220210974",2022,"Uitsluitend materiele schade",2,"Personenauto","Fiets","Geparkeerd voertuig","Rechte weg",30,"Niet brandend","Daglicht","Droog","Parkeervoorziening","600768226","Karspeldreef","Amsterdam","Amsterdam","Noord-Holland",false,52.315867,4.97787,"material damage only","4","clear",false,1,"GM0363"
"20220217395",2022,"Uitsluitend materiele schade",2,"Fiets","Personenauto","Flank","Rotonde",50,"Niet brandend","Daglicht","Droog",\N,\N,"Apeldoornselaan","'s-Gravenhage","'s-Gravenhage","Zuid-Holland",false,52.066464,4.281661,"material damage only","4","clear",false,1,"GM0518"
"20220219494",2022,"Letsel",2,"Personenauto","Fiets","Onbekend","Rotonde",30,"Niet brandend","Daglicht","Droog",\N,\N,"Biezenlaan","Rhoon","Albrandswaard","Zuid-Holland",false,51.856896,4.474207,"injury","2","clear",false,1,"GM0613"
"20220221027",2022,"Letsel",3,"Fiets","Fiets","Onbekend","Rechte weg",50,"Niet brandend","Daglicht","Droog",\N,"170271029","Karel Doormanweg","Schiedam","Schiedam","Zuid-Holland",false,51.906727,4.372574,"injury","2","clear",false,1,"GM0606"
"20220227267",2022,"Uitsluitend materiele schade",2,"Bestelauto","e-bike","Flank","Kruispunt, 3 takken",30,"Brandend","Duisternis","Regen",\N,\N,"Ackersdijckstraat","'s-Hertogenbosch","'s-Hertogenbosch","Noord-Brabant",false,51.699529,5.305632,"material damage only","4","rain",false,1,"GM0796"
"20220228188",2022,"Letsel",2,"Fiets","Personenauto","Onbekend","Kruispunt, 4 takken",50,"Brandend","Duisternis","Droog",\N,\N,"Vonderweg","Eindhoven","Eindhoven","Noord-Brabant",false,51.441496,5.469586,"injury","2","clear",false,1,"GM0772"
"20220232250",2022,"Uitsluitend materiele schade",2,"Personenauto","Fiets","Flank","Rechte weg",50,"Brandend","Duisternis","Droog",\N,"371061006","Rijksweg Zuid","Geleen","Sittard-Geleen","Limburg",false,50.96479,5.824674,"material damage only","4","clear",false,1,"GM1883"
"20220215292",2022,"Letsel",1,"e-bike",\N,"Eenzijdig","Rechte weg",30,"Niet brandend","Daglicht","Droog",\N,"600715303","Valkenbosplein","'s-Gravenhage","'s-Gravenhage","Zuid-Holland",false,52.078631,4.275894,"injury","2","clear",false,1,"GM0518"
"20220229650",2022,"Letsel",2,"Personenauto","Fiets","Flank","Kruispunt, 4 takken",50,"Niet brandend","Daglicht","Droog",\N,\N,"Liesselseweg","Deurne","Deurne","Noord-Brabant",false,51.450075,5.799155,"injury","2","clear",false,1,"GM0762"
"20220227446",2022,"Uitsluitend materiele schade",2,"Personenauto","Fiets","Flank","Rotonde",50,"Niet brandend","Schemer","Droog",\N,\N,"Europastraat","Deurne","Deurne","Noord-Brabant",false,51.462687,5.798726,"material damage only","4","clear",false,1,"GM0762"
"20220231590",2022,"Uitsluitend materiele schade",1,"Fiets",\N,"Eenzijdig","Rechte weg",30,"Niet brandend","Daglicht","Droog",\N,"379051019","Dorpstraat","Nuth","Beekdaelen","Limburg",false,50.917924,5.883094,"material damage only","4","clear",false,1,"GM1954"
"20220215364",2022,"Letsel",1,"Fiets",\N,"Eenzijdig",\N,30,"Brandend","Duisternis","Droog",\N,\N,"Vreugdeweg","Katwijk","Katwijk","Zuid-Holland",false,52.201974,4.417273,"injury","2","clear",false,1,"GM0537"
"20220217496",2022,"Letsel",1,"Fiets",\N,"Eenzijdig","Rechte weg",30,"Niet brandend","Daglicht","Droog",\N,"161303002","Zijpendalstraat","'s-Gravenhage","'s-Gravenhage","Zuid-Holland",false,52.050742,4.303937,"injury","2","clear",false,1,"GM0518"
"20220227488",2022,"Letsel",3,"Fiets","Fiets","Onbekend",\N,30,\N,"Daglicht",\N,\N,"600797368","Volmolen","Riethoven","Bergeijk","Noord-Brabant",false,51.381344,5.420404,"injury","2","unknown",false,1,"GM1724"
"20220200476",2022,"Uitsluitend materiele schade",2,"Personenauto","Fiets","Flank","Rotonde",50,"Niet brandend","Daglicht","Droog",\N,\N,"Garderenseweg","Putten","Putten","Gelderland",false,52.257763,5.610251,"material damage only","4","clear",false,1,"GM0273"
"20220203363",2022,"Letsel",2,"Fiets","e-bike","Frontaal","Kruispunt, 4 takken",\N,"Niet brandend","Daglicht","Droog",\N,\N,"Kruisboog","Houten","Houten","Utrecht",false,52.028734,5.18042,"injury","2","clear",false,1,"GM0321"
"20220112375",2022,"Dodelijk",2,"Personenauto","e-bike","Kop/staart","Rechte weg",60,"Niet brandend","Daglicht","Droog",\N,"600809851","Hoogstraat","Uden","Maashorst","Noord-Brabant",false,51.648894,5.580434,"fatal","1","clear",false,1,"GM1991"
"20220211796",2022,"Uitsluitend materiele schade",2,"Fiets","Personenauto","Flank","Kruispunt, 4 takken",50,"Brandend","Duisternis","Droog",\N,\N,"President Kennedylaan","Amsterdam","Amsterdam","Noord-Holland",false,52.340457,4.901565,"material damage only","4","clear",false,1,"GM0363"
"20220216182",2022,"Letsel",1,"Fiets",\N,"Eenzijdig","Rechte weg",30,"Niet brandend","Daglicht","Droog",\N,"600956249","Herenweg","Rijnsaterwoude","Kaag en Braassem","Zuid-Holland",false,52.191239,4.673381,"injury","2","clear",false,1,"GM1884"
"20220230874",2022,"Uitsluitend materiele schade",2,"Personenauto","Fiets","Geparkeerd voertuig","Rechte weg",50,"Niet brandend","Daglicht","Droog","Parkeervoorziening","600821156","Onzelievevrouwestraat","Weert","Weert","Limburg",false,51.248927,5.715038,"material damage only","4","clear",false,1,"GM0988"
"20220210476",2022,"Uitsluitend materiele schade",2,"Bus","Fiets","Flank","Kruispunt, 4 takken",50,"Niet brandend","Daglicht","Droog",\N,\N,"Van Beuningenplein","Amsterdam","Amsterdam","Noord-Holland",false,52.381278,4.869508,"material damage only","4","clear",false,1,"GM0363"
"20220214770",2022,"Letsel",1,"e-bike",\N,"Eenzijdig","Kruispunt, 4 takken",\N,"Niet brandend","Daglicht","Droog",\N,"600723979","Roversbrugpad","Katwijk","Katwijk","Zuid-Holland",false,52.199127,4.420467,"injury","2","clear",false,1,"GM0537"
"20220203449",2022,"Uitsluitend materiele schade",2,"Personenauto","Fiets","Frontaal","Rotonde",50,"Niet brandend","Daglicht","Droog",\N,\N,"Beek en Daalselaan","Soest","Soest","Utrecht",false,52.187316,5.292278,"material damage only","4","clear",false,1,"GM0342"
"20220204225",2022,"Letsel",2,"Personenauto","Fiets","Geparkeerd voertuig","Rechte weg",30,"Brandend","Duisternis","Droog","Parkeervoorziening","600808810","De Palmen Grift","Veenendaal","Veenendaal","Utrecht",false,52.021551,5.560343,"injury","2","clear",false,1,"GM0345"
"20220214809",2022,"Letsel",2,"Fiets","Fiets","Onbekend","Rechte weg",30,"Niet brandend","Daglicht","Droog",\N,"208301071","Marktstraat","Waddinxveen","Waddinxveen","Zuid-Holland",false,52.041992,4.650469,"injury","2","clear",false,1,"GM0627"
"20220231006",2022,"Letsel",2,"Personenauto","e-bike","Flank","Rotonde",50,"Niet brandend","Daglicht","Regen",\N,\N,"Molenweg","Maasbracht","Maasgouw","Limburg",false,51.142967,5.892972,"injury","2","rain",false,1,"GM1641"
"20220202705",2022,"Letsel",2,"Bromfiets","Fiets","Frontaal","Rechte weg",80,"Niet aanwezig","Duisternis","Droog",\N,"359453020","Banterweg","Emmeloord","Noordoostpolder","Flevoland",false,52.726961,5.753531,"injury","2","clear",false,1,"GM0171"
"20220214859",2022,"Letsel",1,"Fiets",\N,"Eenzijdig","Rechte weg",30,"Niet brandend","Daglicht","Droog",\N,"600715129","Herenstraat","Wateringen","Westland","Zuid-Holland",false,52.024516,4.278744,"injury","2","clear",false,1,"GM1783"
"20220228477",2022,"Uitsluitend materiele schade",2,"Personenauto","Fiets","Flank","Kruispunt, 3 takken",30,"Niet aanwezig","Duisternis","Droog",\N,\N,"De Fuik","'s-Hertogenbosch","'s-Hertogenbosch","Noord-Brabant",false,51.692746,5.277501,"material damage only","4","clear",false,1,"GM0796"
"20220205022",2022,"Uitsluitend materiele schade",2,"Personenauto","Fiets","Flank","Kruispunt, 3 takken",50,"Niet brandend","Daglicht","Droog",\N,\N,"Richterslaan","Nieuwegein","Nieuwegein","Utrecht",false,52.033466,5.084439,"material damage only","4","clear",false,1,"GM0356"
"20220208670",2022,"Uitsluitend materiele schade",2,"Bromfiets","Fiets","Flank","Kruispunt, 3 takken",30,"Niet brandend","Daglicht","Regen",\N,\N,"Bovenweg","Sint Pancras","Dijk en Waard","Noord-Holland",false,52.652321,4.779751,"material damage only","4","rain",false,1,"GM1980"
"20220214036",2022,"Letsel",2,"Personenauto","Fiets","Flank","Kruispunt, 3 takken",\N,"Niet brandend","Daglicht","Regen",\N,\N,"Van der Hagenstraat","Zoetermeer","Zoetermeer","Zuid-Holland",false,52.051753,4.518451,"injury","2","rain",false,1,"GM0637"
"20220214075",2022,"Uitsluitend materiele schade",2,"Fiets","Trein/tram","Flank","Rechte weg",50,"Niet brandend","Daglicht","Droog",\N,"600105519","Waldeck Pyrmontkade","'s-Gravenhage","'s-Gravenhage","Zuid-Holland",false,52.084727,4.283956,"material damage only","4","clear",false,1,"GM0518"
"20220219969",2022,"Uitsluitend materiele schade",2,"Personenauto","Fiets","Flank","Rechte weg",50,"Brandend","Duisternis","Droog",\N,"600904428","Spaanseweg","Rotterdam","Rotterdam","Zuid-Holland",false,51.918571,4.42865,"material damage only","4","clear",false,1,"GM0599"
"20220213286",2022,"Letsel",1,"Fiets",\N,"Eenzijdig","Rechte weg",50,"Niet brandend","Daglicht","Droog",\N,"159307067","Steijnlaan","'s-Gravenhage","'s-Gravenhage","Zuid-Holland",false,52.068479,4.289515,"injury","2","clear",false,1,"GM0518"
"20220214939",2022,"Letsel",2,"Fiets","Scootmobiel","Flank","Rechte weg",50,"Niet brandend","Daglicht","Droog",\N,"600735739","Wilhelminalaan","Hillegom","Hillegom","Zuid-Holland",false,52.296255,4.56453,"injury","2","clear",false,1,"GM0534"
"20220215653",2022,"Letsel",2,"Bromfiets","Fiets","Onbekend","Rechte weg",50,"Brandend","Duisternis","Droog",\N,"600107134","Prinsegracht","'s-Gravenhage","'s-Gravenhage","Zuid-Holland",false,52.073695,4.303753,"injury","2","clear",false,1,"GM0518"
"20220232626",2022,"Letsel",2,"Personenauto","e-bike","Flank","Kruispunt, 4 takken",50,"Niet brandend","Daglicht","Droog",\N,\N,"Hendriklaan","Roermond","Roermond","Limburg",false,51.185864,6.00089,"injury","2","clear",false,1,"GM0957"
"20220199385",2022,"Uitsluitend materiele schade",2,"Personenauto","Fiets","Flank","Kruispunt, 4 takken",80,"Niet brandend","Daglicht","Droog",\N,\N,"Achterveldseweg","Barneveld","Barneveld","Gelderland",false,52.132181,5.558719,"material damage only","4","clear",false,1,"GM0203"
"20220201473",2022,"Uitsluitend materiele schade",2,"Personenauto","Fiets","Flank","Kruispunt, 4 takken",80,"Brandend","Duisternis","Regen",\N,\N,"Bergweg","Neede","Berkelland","Gelderland",false,52.13838,6.600174,"material damage only","4","rain",false,1,"GM1859"
"20220231214",2022,"Uitsluitend materiele schade",2,"Bestelauto","Fiets","Flank","Kruispunt, 3 takken",50,"Niet brandend","Daglicht","Regen",\N,\N,"Broeklaan","Tegelen","Venlo","Limburg",false,51.348391,6.144525,"material damage only","4","rain",false,1,"GM0983"
"20220209578",2022,"Letsel",2,"e-bike","Personenauto","Eenzijdig","Rotonde",50,"Niet brandend","Daglicht","Droog",\N,\N,"Geestersingel","Alkmaar","Alkmaar","Noord-Holland",false,52.634272,4.741562,"injury","2","clear",false,1,"GM0361"
"20220215745",2022,"Letsel",1,"Fiets",\N,"Eenzijdig","Bocht",30,"Niet aanwezig","Daglicht","Droog",\N,"600420088","Hoonaardpad","Vlist","Krimpenerwaard","Zuid-Holland",false,51.992548,4.810998,"injury","2","clear",false,1,"GM1931"
"20220202910",2022,"Uitsluitend materiele schade",2,"Personenauto","Fiets","Onbekend","Rechte weg",30,"Niet brandend","Daglicht","Droog",\N,"600364535","Magelhaenstraat","Amersfoort","Amersfoort","Utrecht",false,52.161196,5.401436,"material damage only","4","clear",false,1,"GM0307"
"20220203799",2022,"Letsel",2,"Bromfiets","Fiets","Flank","Rechte weg",50,"Brandend","Duisternis","Droog",\N,"600559924","Vleutenseweg","Utrecht","Utrecht","Utrecht",false,52.097502,5.079199,"injury","2","clear",false,1,"GM0344"
"20220208103",2022,"Letsel",2,"Personenauto","Fiets","Flank","Rotonde",50,"Niet brandend","Daglicht","Droog",\N,\N,"Waterloolaan","Driehuis NH","Velsen","Noord-Holland",false,52.451146,4.633646,"injury","2","clear",false,1,"GM0453"
"20220215111",2022,"Uitsluitend materiele schade",2,"Fiets","Bestelauto","Onbekend","Rechte weg",50,"Brandend","Schemer","Droog",\N,"174309075","Nieuwstraat","Leidschendam","Leidschendam-Voorburg","Zuid-Holland",false,52.078536,4.397917,"material damage only","4","clear",false,1,"GM1916"
"20220217271",2022,"Letsel",1,"Fiets",\N,"Eenzijdig","Rechte weg",30,"Niet brandend","Daglicht","Droog",\N,"600718809","Van Foreestweg","Delft","Delft","Zuid-Holland",false,52.013098,4.337537,"injury","2","clear",false,1,"GM0503"
"20220217958",2022,"Letsel",2,"Bestelauto","Fiets","Onbekend","Rotonde",50,"Brandend","Schemer","Droog",\N,\N,"De la Reyweg","'s-Gravenhage","'s-Gravenhage","Zuid-Holland",false,52.067136,4.287115,"injury","2","clear",false,1,"GM0518"
"20240139559",2024,"Letsel",2,"Fiets","Personenauto","Kop/staart","Rechte weg",50,"Niet brandend","Daglicht","Droog",\N,"529488024","Markeweg","Ter Apel","Westerwolde","Groningen",false,52.873737,7.02037,"injury","2","clear",false,1,"GM1950"
"20240139783",2024,"Uitsluitend materiele schade",2,"Personenauto","Fiets","Onbekend","Rechte weg",50,"Brandend","Duisternis","Droog",\N,"271313097","Oudenoord","Utrecht","Utrecht","Utrecht",false,52.100244,5.108759,"material damage only","4","clear",false,1,"GM0344"
"20240140154",2024,"Uitsluitend materiele schade",2,"Fiets","Personenauto","Flank","Rechte weg",50,"Brandend","Daglicht","Droog",\N,"330293023","Rondweg-west","Veenendaal","Veenendaal","Utrecht",false,52.010598,5.535845,"material damage only","4","clear",false,1,"GM0345"
"20240140641",2024,"Uitsluitend materiele schade",1,"Fiets",\N,"Onbekend","Rotonde",\N,"Niet aanwezig","Daglicht","Sneeuw/Hagel",\N,\N,"Stichtseweg","Blaricum","Blaricum","Noord-Holland",false,52.285204,5.273283,"material damage only","4","unknown",false,1,"GM0376"
"20240143129",2024,"Letsel",2,"Fiets","Fiets","Onbekend","Rechte weg",50,"Niet brandend","Daglicht","Droog",\N,"600681632","Westduinweg","'s-Gravenhage","'s-Gravenhage","Zuid-Holland",false,52.096113,4.270025,"injury","2","clear",false,1,"GM0518"
"20240145052",2024,"Uitsluitend materiele schade",2,"Personenauto","Fiets","Flank","Rotonde",50,"Niet brandend","Daglicht","Droog",\N,\N,"Slaghekstraat","Rotterdam","Rotterdam","Zuid-Holland",false,51.897649,4.510643,"material damage only","4","clear",false,1,"GM0599"
"20240140185",2024,"Letsel",2,"Personenauto","Fiets","Onbekend","Rotonde",50,"Niet brandend","Daglicht","Droog",\N,"600794703","Jonkvrouw Foeytweg","Amersfoort","Amersfoort","Utrecht",false,52.193592,5.385085,"injury","2","clear",false,1,"GM0307"
"20240140649",2024,"Uitsluitend materiele schade",2,"Personenauto","Fiets","Flank","Kruispunt, 4 takken",30,"Niet brandend","Daglicht","Droog",\N,\N,"Dr. P.J.H. Cuypersplein","Hilversum","Hilversum","Noord-Holland",false,52.234933,5.18716,"material damage only","4","clear",false,1,"GM0402"
"20240143172",2024,"Uitsluitend materiele schade",1,"Fiets",\N,"Onbekend","Rechte weg",50,"Brandend","Duisternis","Droog",\N,\N,"Vrijenbanselaan","Rijswijk","Rijswijk","Zuid-Holland",false,52.026889,4.35182,"material damage only","4","clear",false,1,\N
"20240133990",2024,"Uitsluitend materiele schade",2,"Personenauto","Fiets","Flank","Rotonde",50,"Niet brandend","Daglicht","Regen",\N,\N,"Sumatra","Zoetermeer","Zoetermeer","Zuid-Holland",false,52.057945,4.542084,"material damage only","4","rain",false,1,"GM0637"
"20240134618",2024,"Letsel",2,"Personenauto","Fiets","Frontaal","Rechte weg",50,"Niet brandend","Daglicht","Droog",\N,"600376997","Konijnenberg","Breda","Breda","Noord-Brabant",false,51.603699,4.770205,"injury","2","clear",false,1,"GM0758"