"accident_id","year","severity_raw","party_count","party1_type","party2_type","accident_type","road_situation","speed_limit_kmh","road_lighting","light_condition_label","weather_raw","infra_type","road_segment_id","street_name","place_name","gemeente_name_raw","province","alcohol_indicated","latitude","longitude","severity_label","severity_code","weather_label","built_up_area","cyclists_involved","gemeente_code"
"20240030383",2024,"Letsel",2,"Personenauto","Fiets","Flank","Rechte weg",50,"Niet brandend","Daglicht","Regen",\N,"600445935","Geversstraat","Oegstgeest","Oegstgeest","Zuid-Holland",false,52.176539,4.468404,"injury","2","rain",false,1,"GM0579"
"20230066994",2023,"Uitsluitend materiele schade",2,"Personenauto","Fiets","Flank","Kruispunt, 3 takken",50,"Niet brandend","Daglicht","Droog",\N,\N,"Van Gentstraat","Amsterdam","Amsterdam","Noord-Holland",false,52.382874,4.850801,"material damage only","4","clear",false,1,"GM0363"
"20230068108",2023,"Letsel",2,"Personenauto","Fiets","Flank","Kruispunt, 4 takken",50,"Niet brandend","Daglicht","Droog",\N,\N,"Broersvest","Schiedam","Schiedam","Zuid-Holland",false,51.915251,4.402192,"injury","2","clear",false,1,"GM0606"
"20230068427",2023,"Letsel",3,"Bromfiets","Fiets","Onbekend","Rechte weg",50,"Brandend","Duisternis","Droog",\N,"600448361","2e Poellaan","Lisse","Lisse","Zuid-Holland",false,52.243758,4.541748,"injury","2","clear",false,1,"GM0553"
"20230015739",2023,"Letsel",2,"Fiets","Fiets","Onbekend","Bocht",50,"Brandend","Duisternis","Droog",\N,"231309013","Weijland","Nieuwerbrug aan den Rijn","Bodegraven-Reeuwijk","Zuid-Holland",false,52.078741,4.813172,"injury","2","clear",false,1,"GM1901"
"20230024315",2023,"Letsel",2,"Bromfiets","Fiets","Onbekend","Rechte weg",30,"Niet brandend","Daglicht","Droog",\N,"231396082","Lagedijk","Zaandijk","Zaanstad","Noord-Holland",false,52.472459,4.81226,"injury","2","clear",false,1,"GM0479"
"20240029111",2024,"Uitsluitend materiele schade",2,"Personenauto","Fiets","Onbekend","Kruispunt, 4 takken",30,"Niet brandend","Daglicht","Droog",\N,\N,"Buxtehudestraat","Zwolle","Zwolle","Overijssel",false,52.527055,6.08641,"material damage only","4","clear",false,1,"GM0193"
"20230034769",2023,"Uitsluitend materiele schade",2,"Personenauto","Fiets","Los voorwerp","Kruispunt, 3 takken",30,"Niet brandend","Daglicht","Droog",\N,\N,"Kerkenstraat","Silvolde","Oude IJsselstreek","Gelderland",false,51.909717,6.381346,"material damage only","4","clear",false,1,"GM1509"
"20230067020",2023,"Letsel",2,"Fiets","Personenauto","Flank","Rotonde",50,"Niet brandend","Daglicht","Droog",\N,\N,"Koningsweg","Soest","Soest","Utrecht",false,52.169897,5.284664,"injury","2","clear",false,1,"GM0342"
"20230067360",2023,"Letsel",2,"Motor","Fiets","Flank","Rechte weg",70,"Niet brandend","Daglicht","Droog",\N,\N,"Fortdiemerdammerweg","Diemen","Diemen","Noord-Holland",false,52.335374,5.004762,"injury","2","clear",false,1,"GM0384"
"20230024959",2023,"Uitsluitend materiele schade",2,"Personenauto","Fiets","Onbekend","Rechte weg",30,"Niet brandend","Daglicht","Droog",\N,"600718619","Theemsweg","Spijkenisse","Nissewaard","Zuid-Holland",false,51.84838,4.341141,"material damage only","4","clear",false,1,"GM1930"
"20230030132",2023,"Letsel",2,"Personenauto","e-bike","Onbekend","Rotonde",50,"Niet brandend","Daglicht","Regen",\N,\N,"Rijnzichtweg","Oegstgeest","Oegstgeest","Zuid-Holland",false,52.179891,4.464578,"injury","2","rain",false,1,"GM0579"
"20230067204",2023,"Uitsluitend materiele schade",2,"Personenauto","Fiets","Flank","Kruispunt, 4 takken",50,"Niet brandend","Daglicht","Droog",\N,\N,"Theemsdreef","Utrecht","Utrecht","Utrecht",false,52.115112,5.111971,"material damage only","4","clear",false,1,"GM0344"
"20230022094",2023,"Uitsluitend materiele schade",2,"Personenauto","Fiets","Onbekend","Rechte weg",30,"Niet brandend","Daglicht","Droog",\N,"157303130","Leyweg","'s-Gravenhage","'s-Gravenhage","Zuid-Holland",false,52.050554,4.27358,"material damage only","4","clear",false,1,"GM0518"
"20230022636",2023,"Uitsluitend materiele schade",2,"Personenauto","Fiets","Flank","Rechte weg",50,"Niet brandend","Daglicht","Regen",\N,"600105516","Waldeck Pyrmontkade","'s-Gravenhage","'s-Gravenhage","Zuid-Holland",false,52.084165,4.284714,"material damage only","4","rain",false,1,"GM0518"
"20230028986",2023,"Uitsluitend materiele schade",2,"Fiets","Personenauto","Flank","Rotonde",50,"Niet brandend","Daglicht","Droog",\N,\N,"Postelse Hoeflaan","Tilburg","Tilburg","Noord-Brabant",false,51.573134,5.059079,"material damage only","4","clear",false,1,"GM0855"
"20240029559",2024,"Uitsluitend materiele schade",2,"Snorfiets","Fiets","Frontaal","Rechte weg",30,"Niet brandend","Daglicht","Droog",\N,"601104072","Meer en Vaart","Amsterdam","Amsterdam","Noord-Holland",false,52.358286,4.808131,"material damage only","4","clear",false,1,"GM0363"
"20230036252",2023,"Letsel",2,"Fiets","Fiets","Frontaal","Rechte weg",50,"Niet brandend","Daglicht","Droog",\N,\N,"Statenweg","Emmen","Emmen","Drenthe",false,52.779415,6.922768,"injury","2","clear",false,1,"GM0114"
"20240030472",2024,"Uitsluitend materiele schade",2,"Brommobiel","Fiets","Kop/staart","Kruispunt, 3 takken",30,"Niet brandend","Daglicht","Droog",\N,\N,"Brink","Amstelveen","Amstelveen","Noord-Holland",false,52.280567,4.850752,"material damage only","4","clear",false,1,"GM0362"
"20230067657",2023,"Letsel",2,"Fiets","Fiets","Frontaal","Rechte weg",30,"Niet brandend","Daglicht","Droog",\N,"600224217","Hommeldijk","Haarlem","Haarlem","Noord-Holland",false,52.342888,4.649676,"injury","2","clear",false,1,"GM0392"
"20230076373",2023,"Uitsluitend materiele schade",2,"Fiets","Fiets","Frontaal","Bocht",30,"Niet brandend","Daglicht","Droog","Spoorwegovergang","217453001","Westfriesedijk","Warmenhuizen","Schagen","Noord-Holland",false,52.721003,4.705148,"material damage only","4","clear",false,1,"GM0441"
"20240025381",2024,"Uitsluitend materiele schade",2,"Bromfiets","Fiets","Frontaal","Rechte weg",50,"Niet aanwezig","Duisternis","Droog",\N,"600805727","De Amert","Veghel","Meierijstad","Noord-Brabant",false,51.624589,5.516577,"material damage only","4","clear",false,1,"GM1948"
"20230077124",2023,"Letsel",1,"e-bike",\N,"Eenzijdig","Rotonde",15,"Niet brandend","Daglicht","Droog",\N,\N,"Rooseveltstraat","Leiden","Leiden","Zuid-Holland",false,52.148027,4.481087,"injury","2","clear",false,1,"GM0546"
"20230026140",2023,"Letsel",2,"Personenauto","Fiets","Flank","Kruispunt, 4 takken",30,"Niet brandend","Daglicht","Regen",\N,\N,"Dresselhuysstraat","Rotterdam","Rotterdam","Zuid-Holland",false,51.929493,4.460599,"injury","2","rain",false,1,"GM0599"
"20240027644",2024,"Uitsluitend materiele schade",2,"Personenauto","Fiets","Flank","Rotonde",50,"Niet brandend","Daglicht","Droog",\N,\N,"Brinklaan","Bussum","Gooise Meren","Noord-Holland",false,52.270915,5.162888,"material damage only","4","clear",false,1,"GM1942"
"20230029029",2023,"Letsel",2,"Personenauto","Fiets","Flank","Kruispunt, 4 takken",50,"Niet brandend","Daglicht","Droog",\N,\N,"Dahlialaan","Yerseke","Reimerswaal","Zeeland",false,51.490346,4.04589,"injury","2","clear",false,1,"GM0703"
"20230033769",2023,"Letsel",3,"Fiets","Fiets","Onbekend","Rechte weg",30,"Niet brandend","Daglicht","Droog",\N,\N,"Baron van der Aaweg","'s-Hertogenbosch","'s-Hertogenbosch","Noord-Brabant",false,51.737386,5.226784,"injury","2","clear",false,1,"GM0796"
"20230068573",2023,"Letsel",2,"Fiets","Personenauto","Flank","Rotonde",50,"Brandend","Duisternis","Droog",\N,\N,"Klapwijkseweg","Pijnacker","Pijnacker-Nootdorp","Zuid-Holland",true,52.006555,4.446936,"injury","2","clear",false,1,"GM1926"
"20230014691",2023,"Letsel",2,"Fiets","Fiets","Onbekend","Kruispunt, 3 takken",30,"Niet brandend","Daglicht","Droog",\N,\N,"Zuiderval","Enschede","Enschede","Overijssel",false,52.214092,6.887599,"injury","2","clear",false,1,"GM0153"
"20230014715",2023,"Uitsluitend materiele schade",2,"Personenauto","Fiets","Flank","Kruispunt, 3 takken",50,"Niet brandend","Daglicht","Droog",\N,\N,"Veenweg","Deventer","Deventer","Overijssel",false,52.25509,6.171105,"material damage only","4","clear",false,1,"GM0150"
"20230018149",2023,"Letsel",1,"Fiets",\N,"Eenzijdig","Kruispunt, 3 takken",50,"Niet brandend","Daglicht","Droog",\N,\N,"Weelenpad","Bovenkarspel","Stede Broec","Noord-Holland",false,52.716222,5.249537,"injury","2","clear",false,1,"GM0532"
"20230023890",2023,"Uitsluitend materiele schade",2,"Fiets","Fiets","Flank","Kruispunt, 4 takken",50,"Niet brandend","Daglicht","Droog",\N,\N,"Ommedijkseweg","Leiden","Leiden","Zuid-Holland",false,52.158699,4.449272,"material damage only","4","clear",false,1,"GM0546"
"20230029060",2023,"Uitsluitend materiele schade",2,"Personenauto","Fiets","Onbekend","Kruispunt, 3 takken",50,"Niet brandend","Daglicht","Droog",\N,\N,"Warandelaan","Oosterhout","Oosterhout","Noord-Brabant",false,51.632636,4.855351,"material damage only","4","clear",false,1,"GM0826"
"20230033277",2023,"Uitsluitend materiele schade",2,"Personenauto","Fiets","Flank","Rechte weg",50,"Niet brandend","Daglicht","Droog",\N,"600845712","Akerstraat","Heerlen","Heerlen","Limburg",false,50.879502,5.986173,"material damage only","4","clear",false,1,"GM0917"
"20230034146",2023,"Letsel",2,"Personenauto","Fiets","Flank","Kruispunt, 4 takken",50,"Niet brandend","Daglicht","Regen",\N,\N,"Leestenseweg","Zutphen","Zutphen","Gelderland",false,52.127409,6.236156,"injury","2","rain",false,1,"GM0301"
"20230078566",2023,"Letsel",1,"Fiets",\N,"Eenzijdig","Rechte weg",50,"Niet brandend","Daglicht","Droog",\N,\N,"Singel","'s-Gravenhage","'s-Gravenhage","Zuid-Holland",false,52.034914,4.354521,"injury","2","clear",false,1,"GM0518"
"20240025386",2024,"Letsel",2,"Fiets","Fiets","Onbekend","Rechte weg",50,"Niet brandend","Daglicht","Droog",\N,"296222142","Christiaan Huygensweg","'s-Hertogenbosch","'s-Hertogenbosch","Noord-Brabant",false,51.691721,5.292511,"injury","2","clear",false,1,"GM0796"
"20230013596",2023,"Uitsluitend materiele schade",2,"Fiets","Voetganger","Voetganger","Rechte weg",50,"Niet brandend","Daglicht","Droog",\N,"600870953","Sportlaan","Groningen","Groningen","Groningen",false,53.192581,6.558126,"material damage only","4","clear",false,1,"GM0014"
"20230023914",2023,"Letsel",1,"Fiets",\N,"Eenzijdig","Bocht",15,"Niet brandend","Daglicht","Droog",\N,"183331011","Rhijngeesterstraatweg","Oegstgeest","Oegstgeest","Zuid-Holland",false,52.178205,4.463458,"injury","2","clear",false,1,"GM0579"
"20240028272",2024,"Letsel",1,"Fiets",\N,"Eenzijdig","Rechte weg",30,"Niet brandend","Daglicht","Droog",\N,"600669283","Oranjelaan","Castricum","Castricum","Noord-Holland",false,52.554936,4.670588,"injury","2","clear",false,1,"GM0383"
"20230030850",2023,"Uitsluitend materiele schade",2,"Personenauto","Fiets","Flank","Kruispunt, 3 takken",50,"Niet brandend","Daglicht","Regen",\N,\N,"St Antoniusweg","Best","Best","Noord-Brabant",false,51.511375,5.376893,"material damage only","4","rain",false,1,"GM0753"
"20230034175",2023,"Uitsluitend materiele schade",2,"Personenauto","Fiets","Flank","Rechte weg",50,"Niet brandend","Daglicht","Droog",\N,"499351067","Krabbenbosweg","Hengelo","Hengelo (O)","Overijssel",false,52.260874,6.776151,"material damage only","4","clear",false,1,\N
"20230075171",2023,"Uitsluitend materiele schade",2,"Personenauto","Fiets","Flank","Kruispunt, 4 takken",50,"Niet brandend","Daglicht","Droog",\N,\N,"Urkerweg","Emmeloord","Noordoostpolder","Flevoland",false,52.706071,5.737457,"material damage only","4","clear",false,1,"GM0171"
"20230073235",2023,"Letsel",1,"Fiets",\N,"Eenzijdig","Kruispunt, 4 takken",30,"Brandend","Schemer","Regen",\N,\N,"Nieuwstraat","Dinxperlo","Aalten","Gelderland",false,51.860838,6.4824,"injury","2","rain",false,1,"GM0197"
"20230014198",2023,"Letsel",3,"Bestelauto","Fiets","Onbekend","Kruispunt, 4 takken",50,"Niet brandend","Daglicht","Droog",\N,\N,"Emmawijk","Zwolle","Zwolle","Overijssel",false,52.510145,6.088099,"injury","2","clear",false,1,"GM0193"
"20230022241",2023,"Letsel",3,"Fiets","Scootmobiel","Flank","Kruispunt, 4 takken",30,"Niet brandend","Daglicht","Regen",\N,\N,"VIADUCT CALAND VAILL","'s-Gravenhage","'s-Gravenhage","Zuid-Holland",false,52.06342,4.313132,"injury","2","rain",false,1,"GM0518"
"20230025704",2023,"Letsel",2,"Personenauto","Fiets","Flank","Rotonde",50,"Niet brandend","Daglicht","Droog",\N,\N,"FIETSPAD","Berkel en Rodenrijs","Lansingerland","Zuid-Holland",false,51.989733,4.478805,"injury","2","clear",false,1,"GM1621"
"20230030884",2023,"Uitsluitend materiele schade",2,"Personenauto","e-bike","Flank","Kruispunt, 3 takken",30,"Niet brandend","Daglicht","Droog",\N,\N,"Zevenhontseweg","'s-Hertogenbosch","'s-Hertogenbosch","Noord-Brabant",false,51.708487,5.319346,"material damage only","4","clear",false,1,"GM0796"
"20230073124",2023,"Letsel",2,"Fiets","Fiets","Flank",\N,30,"Niet brandend","Daglicht","Droog",\N,"377255008","Rembrandtstraat","Nijmegen","Nijmegen","Gelderland",false,51.838613,5.876722,"injury","2","clear",false,1,"GM0268"
"20230073400",2023,"Letsel",1,"Fiets",\N,"Eenzijdig","Rotonde",50,"Niet brandend","Daglicht","Droog",\N,\N,"Westermeenweg","Harderwijk","Harderwijk","Gelderland",false,52.332035,5.610225,"injury","2","clear",false,1,"GM0243"
"20230073897",2023,"Letsel",2,"Bus","Fiets","Flank","Kruispunt, 4 takken",50,"Niet brandend","Daglicht","Droog",\N,\N,"Händellaan","Zwolle","Zwolle","Overijssel",false,52.524545,6.082527,"injury","2","clear",false,1,"GM0193"
"20230074256",2023,"Uitsluitend materiele schade",2,"Personenauto","Fiets","Kop/staart","Kruispunt, 4 takken",50,"Niet brandend","Daglicht","Droog",\N,\N,"Van Uvenweg","Wageningen","Wageningen","Gelderland",false,51.975291,5.668036,"material damage only","4","clear",false,1,"GM0289"
"20230079023",2023,"Letsel",2,"Fiets","Personenauto","Onbekend","Kruispunt, 3 takken",50,"Niet brandend","Daglicht","Droog",\N,\N,"Willem III straat","'s-Gravenhage","'s-Gravenhage","Zuid-Holland",false,52.051614,4.235766,"injury","2","clear",false,1,"GM0518"
"20230021132",2023,"Letsel",2,"Personenauto","Fiets","Flank","Rotonde",50,"Niet brandend","Daglicht","Droog",\N,\N,"Groen van Prinstererlaan","'s-Gravenhage","'s-Gravenhage","Zuid-Holland",false,52.061207,4.246395,"injury","2","clear",false,1,"GM0518"
"20230022263",2023,"Uitsluitend materiele schade",3,"Fiets","Fiets","Onbekend","Bocht",30,"Niet brandend","Daglicht","Droog",\N,"176331004","1e Mientlaan","Katwijk","Katwijk","Zuid-Holland",false,52.177335,4.413708,"material damage only","4","clear",false,1,"GM0537"
"20230023385",2023,"Uitsluitend materiele schade",2,"Personenauto","e-bike","Flank","Rotonde",50,"Niet brandend","Daglicht","Droog",\N,\N,"Burgerweeshuispad","Amsterdam","Amsterdam","Noord-Holland",false,52.341118,4.853703,"material damage only","4","clear",false,1,"GM0363"
"20230030345",2023,"Uitsluitend materiele schade",2,"Personenauto","Fiets","Flank","Rechte weg",50,"Niet brandend","Daglicht","Droog",\N,"399040060","Tunnelweg","Landgraaf","Landgraaf","Limburg",false,50.87197,6.023806,"material damage only","4","clear",false,1,"GM0882"
"20230034231",2023,"Uitsluitend materiele schade",2,"Bestelauto","Fiets","Flank","Kruispunt, 3 takken",50,"Niet brandend","Daglicht","Droog",\N,\N,"Eendenparkweg","Ermelo","Ermelo","Gelderland",false,52.320709,5.628814,"material damage only","4","clear",false,1,"GM0233"
"20230077167",2023,"Uitsluitend materiele schade",2,"Bestelauto","Fiets","Onbekend","Rechte weg",50,"Niet brandend","Daglicht","Droog",\N,"600761190","Reinier Claeszenstraat","Amsterdam","Amsterdam","Noord-Holland",false,52.374638,4.861804,"material damage only","4","clear",false,1,"GM0363"
"20230014275",2023,"Uitsluitend materiele schade",2,"Personenauto","e-bike","Flank","Rotonde",50,"Niet brandend","Daglicht","Droog",\N,\N,"Ceintuurbaan","Deventer","Deventer","Overijssel",false,52.262977,6.163027,"material damage only","4","clear",false,1,"GM0150"
"20230016006",2023,"Letsel",2,"Fiets","Voetganger","Voetganger","Rechte weg",50,"Brandend","Schemer","Droog",\N,"280298209","Smidsgilde","Houten","Houten","Utrecht",false,52.033556,5.173336,"injury","2","clear",false,1,"GM0321"
"20230024017",2023,"Uitsluitend materiele schade",1,"Fiets",\N,"Onbekend","Rechte weg",15,"Niet brandend","Daglicht","Regen",\N,"600412029","Lutherse Burgwal","'s-Gravenhage","'s-Gravenhage","Zuid-Holland",false,52.074705,4.310353,"material damage only","4","rain",false,1,"GM0518"
"20240028888",2024,"Uitsluitend materiele schade",2,"Bromfiets","Fiets","Onbekend","Kruispunt, 3 takken",30,"Niet brandend","Daglicht","Droog","Tunnel",\N,"Sonsbeeksingel","Arnhem","Arnhem","Gelderland",false,51.985506,5.920294,"material damage only","4","clear",false,1,"GM0202"
"20230037040",2023,"Uitsluitend materiele schade",2,"Personenauto","Fiets","Onbekend","Kruispunt, 4 takken",50,"Niet aanwezig","Daglicht","Droog",\N,\N,"Valkendreef","Lelystad","Lelystad","Flevoland",false,52.492618,5.48117,"material damage only","4","clear",false,1,"GM0995"
"20230026956",2023,"Uitsluitend materiele schade",2,"Personenauto","Fiets","Flank","Rechte weg",50,"Brandend","Duisternis","Droog",\N,"223210012","Bredaseweg","Terheijden","Drimmelen","Noord-Brabant",false,51.635995,4.765828,"material damage only","4","clear",false,1,"GM1719"
"20230070188",2023,"Letsel",2,"Personenauto","Fiets","Flank","Kruispunt, 4 takken",50,"Niet brandend","Daglicht","Regen",\N,\N,"Huygensweg","Veghel","Meierijstad","Noord-Brabant",false,51.615846,5.512456,"injury","2","rain",false,1,"GM1948"
"20230072150",2023,"Letsel",2,"Personenauto","Fiets","Flank","Rechte weg",50,"Niet brandend","Daglicht","Droog",\N,"600601741","Kanaaldijk","IJmuiden","Velsen","Noord-Holland",false,52.463338,4.61296,"injury","2","clear",false,1,"GM0453"
"20230013184",2023,"Uitsluitend materiele schade",2,"Personenauto","e-bike","Flank","Kruispunt, 4 takken",50,"Niet brandend","Daglicht","Droog",\N,\N,"Kuipwal","Harderwijk","Harderwijk","Gelderland",false,52.349664,5.623152,"material damage only","4","clear",false,1,"GM0243"
"20230021252",2023,"Letsel",2,"Personenauto","Fiets","Flank","Kruispunt, 3 takken",50,"Brandend","Schemer","Droog",\N,\N,"Duinwetering","Noordwijk","Noordwijk","Zuid-Holland",false,52.245341,4.452934,"injury","2","clear",false,1,"GM0575"
"20230023488",2023,"Letsel",2,"Personenauto","Fiets","Flank","Rotonde",50,"Niet brandend","Daglicht","Droog",\N,\N,"Rijnsburgerweg","Leiden","Leiden","Zuid-Holland",false,52.170453,4.479621,"injury","2","clear",false,1,"GM0546"
"20230024704",2023,"Letsel",1,"Fiets",\N,"Eenzijdig","Rechte weg",30,"Brandend","Duisternis","Droog",\N,"600362934","Keizersgracht","Amsterdam","Amsterdam","Noord-Holland",false,52.371365,4.884491,"injury","2","clear",false,1,"GM0363"
"20230035564",2023,"Uitsluitend materiele schade",2,"Personenauto","Fiets","Onbekend","Kruispunt, 4 takken",80,"Niet aanwezig","Daglicht","Droog",\N,\N,"Hearewei","Pietersbierum","Waadhoeke","Friesland",false,53.206352,5.46012,"material damage only","4","clear",false,1,"GM1949"
"20230071487",2023,"Letsel",2,"Fiets","Overig wegmeubilair","Vast voorwerp","Kruispunt, 4 takken",50,"Niet brandend","Daglicht","Droog",\N,\N,"Pettelaarseweg","'s-Hertogenbosch","'s-Hertogenbosch","Noord-Brabant",false,51.685005,5.308965,"injury","2","clear",false,1,"GM0796"
"20230076924",2023,"Uitsluitend materiele schade",2,"Fiets","Snorfiets","Kop/staart","Rechte weg",50,"Niet brandend","Daglicht","Droog",\N,"601033046","Ir H.A. Haitsmapad","Rijswijk","Rijswijk","Zuid-Holland",false,52.028847,4.324449,"material damage only","4","clear",false,1,\N
"20230078938",2023,"Letsel",2,"Personenauto","Fiets","Flank","Kruispunt, 4 takken",50,"Niet brandend","Daglicht","Droog",\N,\N,"Buitenveldertselaan","Amsterdam","Amsterdam","Noord-Holland",false,52.327703,4.869051,"injury","2","clear",false,1,"GM0363"
"20230078945",2023,"Letsel",3,"Fiets","Fiets","Los voorwerp","Rechte weg",15,"Niet brandend","Daglicht","Regen",\N,"189330074","Havikpad","Leiden","Leiden","Zuid-Holland",false,52.172306,4.502829,"injury","2","rain",false,1,"GM0546"
"20240025331",2024,"Letsel",2,"Personenauto","Fiets","Flank","Rechte weg",50,"Niet brandend","Daglicht","Droog",\N,"600485226","Mispelhoefstraat","Eindhoven","Eindhoven","Noord-Brabant",false,51.474962,5.41664,"injury","2","clear",false,1,"GM0772"
"20230014366",2023,"Letsel",2,"Bromfiets","Fiets","Frontaal","Rechte weg",30,"Niet brandend","Daglicht","Droog",\N,"466563048","Munnekeholm","Groningen","Groningen","Groningen",false,53.21554,6.561881,"injury","2","clear",false,1,"GM0014"
"20230019597",2023,"Uitsluitend materiele schade",2,"Personenauto","Fiets","Flank","Rechte weg",50,"Niet brandend","Daglicht","Droog",\N,"342299006","Frankeneng","Ede","Ede","Gelderland",false,52.034219,5.627934,"material damage only","4","clear",false,1,"GM0228"
"20230024136",2023,"Letsel",2,"Personenauto","Fiets","Flank","Kruispunt, 4 takken",50,"Niet aanwezig","Daglicht","Droog",\N,\N,"Scheldestraat","Amsterdam","Amsterdam","Noord-Holland",false,52.346359,4.89103,"injury","2","clear",false,1,"GM0363"
"20230031059",2023,"Uitsluitend materiele schade",2,"Personenauto","Fiets","Flank","Rotonde",30,"Niet brandend","Daglicht","Droog",\N,\N,"Martinilaan","Vught","Vught","Noord-Brabant",false,51.64907,5.282797,"material damage only","4","clear",false,1,"GM0865"
"20230036052",2023,"Letsel",2,"Bestelauto","Fiets","Flank","Kruispunt, 3 takken",60,"Niet brandend","Daglicht","Droog",\N,\N,"Kooisloot","Bantega","De Fryske Marren","Friesland",false,52.831991,5.806593,"injury","2","clear",false,1,"GM1940"
"20240031008",2024,"Uitsluitend materiele schade",2,"Personenauto","Fiets","Flank","Kruispunt, 3 takken",50,"Niet brandend","Daglicht","Droog",\N,\N,"Ypesteinerlaan","Heiloo","Heiloo","Noord-Holland",false,52.5905,4.710912,"material damage only","4","clear",false,1,"GM0399"
"20230072948",2023,"Letsel",1,"Fiets",\N,"Eenzijdig","Rechte weg",60,"Niet brandend","Daglicht","Droog",\N,"474418019","Oude Rheezerweg","Hardenberg","Hardenberg","Overijssel",false,52.565062,6.599867,"injury","2","clear",false,1,"GM0160"
"20230073191",2023,"Uitsluitend materiele schade",2,"Bestelauto","Fiets","Frontaal","Kruispunt, 3 takken",30,"Niet brandend","Daglicht","Regen",\N,\N,"Meteoorstraat","Groningen","Groningen","Groningen",false,53.234107,6.53776,"material damage only","4","rain",false,1,"GM0014"
"20230074733",2023,"Letsel",2,"Fiets","Fiets","Frontaal","Bocht",30,"Niet brandend","Daglicht","Droog",\N,"600487452","FIETSPAD","Nieuw-Vennep","Haarlemmermeer","Noord-Holland",false,52.27599,4.611864,"injury","2","clear",false,1,"GM0394"
"20230078044",2023,"Letsel",2,"Fiets","Bromfiets","Flank","Kruispunt, 4 takken",30,"Niet brandend","Daglicht","Regen",\N,\N,"Churchilllaan","Leiden","Leiden","Zuid-Holland",false,52.145651,4.475483,"injury","2","rain",false,1,"GM0546"
"20230013288",2023,"Uitsluitend materiele schade",2,"Personenauto","Fiets","Flank","Kruispunt, 4 takken",50,"Niet brandend","Daglicht","Sneeuw/Hagel",\N,\N,"Sonsbeeksingel","Arnhem","Arnhem","Gelderland",false,51.985707,5.910604,"material damage only","4","unknown",false,1,"GM0202"
"20230017278",2023,"Uitsluitend materiele schade",2,"Fiets","Bestelauto","Frontaal","Rechte weg",50,"Niet brandend","Daglicht","Droog",\N,"600767563","Oudelandsdijkje","Purmerend","Purmerend","Noord-Holland",false,52.497165,4.963623,"material damage only","4","clear",false,1,"GM0439"
"20230022436",2023,"Letsel",2,"Fiets","Fiets","Onbekend","Rechte weg",30,"Brandend","Duisternis","Droog",\N,"167306046","Prinses Mariannelaan","Voorburg","Leidschendam-Voorburg","Zuid-Holland",false,52.062251,4.348673,"injury","2","clear",false,1,"GM1916"
"20230066673",2023,"Uitsluitend materiele schade",2,"Personenauto","e-bike","Flank","Kruispunt, 4 takken",50,"Niet brandend","Daglicht","Droog",\N,\N,"Kruisweg","Haarlem","Haarlem","Noord-Holland",false,52.38606,4.636356,"material damage only","4","clear",false,1,"GM0392"
"20230072294",2023,"Letsel",2,"Motor","e-bike","Flank","Kruispunt, 3 takken",60,"Niet brandend","Daglicht","Droog",\N,\N,"Bruinvisweg","Beltrum","Berkelland","Gelderland",false,52.053544,6.604892,"injury","2","clear",false,1,"GM1859"
"20230017310",2023,"Uitsluitend materiele schade",2,"Personenauto","Fiets","Flank","Kruispunt, 4 takken",50,"Niet brandend","Daglicht","Droog","Spoorwegovergang",\N,"Korte Industrieweg","Assendelft","Zaanstad","Noord-Holland",false,52.494036,4.765525,"material damage only","4","clear",false,1,"GM0479"
"20230017329",2023,"Uitsluitend materiele schade",2,"Personenauto","e-bike","Los voorwerp","Kruispunt, 3 takken",50,"Niet brandend","Daglicht","Droog",\N,\N,"Linnaeusstraat","IJmuiden","Velsen","Noord-Holland",false,52.455592,4.601765,"material damage only","4","clear",false,1,"GM0453"
"20240027777",2024,"Uitsluitend materiele schade",2,"Fiets","Bromfiets","Frontaal","Bocht",30,"Niet brandend","Daglicht","Droog",\N,"600616822","FIETSPAD","Hoofddorp","Haarlemmermeer","Noord-Holland",false,52.298549,4.678135,"material damage only","4","clear",false,1,"GM0394"
"20240031627",2024,"Dodelijk",2,"Personenauto","e-bike","Flank","Kruispunt, 4 takken",80,"Niet brandend","Daglicht","Droog",\N,\N,"Groene Kruisweg","Spijkenisse","Nissewaard","Zuid-Holland",false,51.852801,4.321228,"fatal","1","clear",false,1,"GM1930"
"20230077554",2023,"Letsel",2,"Fiets","Overig vast object","Vast voorwerp","Rechte weg",30,"Niet brandend","Daglicht","Droog",\N,"600379557","De Genestetlaan","'s-Gravenhage","'s-Gravenhage","Zuid-Holland",false,52.059531,4.320567,"injury","2","clear",false,1,"GM0518"
"20230077739",2023,"Letsel",1,"Fiets",\N,"Eenzijdig","Rechte weg",50,"Niet brandend","Daglicht","Droog",\N,"154285004","Burgerdijkseweg","De Lier","Westland","Zuid-Holland",false,51.968205,4.257403,"injury","2","clear",false,1,"GM1783"
"20230077782",2023,"Letsel",1,"Fiets",\N,"Eenzijdig","Rechte weg",30,"Niet brandend","Daglicht","Droog",\N,"600731579","Willem de Zwijgerlaan","Leiden","Leiden","Zuid-Holland",false,52.167895,4.504092,"injury","2","clear",false,1,"GM0546"
"20230017369",2023,"Uitsluitend materiele schade",2,"Personenauto","Fiets","Flank","Kruispunt, 4 takken",30,"Niet brandend","Daglicht","Droog",\N,\N,"Muiderbos","Hoofddorp","Haarlemmermeer","Noord-Holland",false,52.313966,4.658518,"material damage only","4","clear",false,1,"GM0394"