"accident_id","year","severity_raw","party_count","party1_type","party2_type","accident_type","road_situation","speed_limit_kmh","road_lighting","light_condition_label","weather_raw","infra_type","road_segment_id","street_name","place_name","gemeente_name_raw","province","alcohol_indicated","latitude","longitude","severity_label","severity_code","weather_label","built_up_area","cyclists_involved","gemeente_code"
"20230020838",2023,"Uitsluitend materiele schade",2,"Fiets","Personenauto","Flank","Kruispunt, 3 takken",50,"Niet brandend","Daglicht","Droog",\N,\N,"Madame Curiestraat","Kudelstaart","Aalsmeer","Noord-Holland",false,52.238814,4.750878,"material damage only","4","clear",false,1,"GM0358"
"20230021938",2023,"Letsel",2,"Personenauto","e-bike","Flank","Kruispunt, 3 takken",50,"Niet brandend","Daglicht","Droog",\N,\N,"Laan van Nootdorp","'s-Gravenhage","'s-Gravenhage","Zuid-Holland",false,52.052476,4.38403,"injury","2","clear",false,1,"GM0518"
"20230067189",2023,"Letsel",2,"Fiets","Fiets","Kop/staart","Kruispunt, 3 takken",50,"Niet brandend","Daglicht","Droog",\N,\N,"Leidsevaart","Haarlem","Haarlem","Noord-Holland",false,52.374153,4.621013,"injury","2","clear",false,1,"GM0392"
"20230010642",2023,"Uitsluitend materiele schade",3,"Personenauto","Fiets","Onbekend","Kruispunt, 4 takken",50,"Brandend","Duisternis","Droog",\N,\N,"Huizumerlaan","Leeuwarden","Leeuwarden","Friesland",false,53.192694,5.807345,"material damage only","4","clear",false,1,"GM0080"
"20230101016",2023,"Uitsluitend materiele schade",2,"Fiets","Personenauto","Flank","Rechte weg",50,"Niet brandend","Daglicht","Droog",\N,"136256089","Amnesty Internationalln","Hellevoetsluis","Voorne aan Zee","Zuid-Holland",false,51.834068,4.131374,"material damage only","4","clear",false,1,"GM1992"
"20240040419",2024,"Letsel",2,"Personenauto","Fiets","Onbekend","Rotonde",50,"Niet brandend","Daglicht","Regen",\N,\N,"Burg Bruins Slotsingel","Alphen aan den Rijn","Alphen aan den Rijn","Zuid-Holland",false,52.14578,4.654696,"injury","2","rain",false,1,"GM0484"
"20240050805",2024,"Uitsluitend materiele schade",2,"Fiets","Fiets","Onbekend","Kruispunt, 4 takken",30,"Niet brandend","Daglicht","Droog",\N,\N,"Radioweg","Amsterdam","Amsterdam","Noord-Holland",false,52.346989,4.950027,"material damage only","4","clear",false,1,"GM0363"
"20240072169",2024,"Letsel",2,"Fiets","Overig vast object","Vast voorwerp","Rechte weg",30,"Brandend","Duisternis","Droog",\N,"600389026","Buurtweg","Wassenaar","Wassenaar","Zuid-Holland",false,52.109529,4.340695,"injury","2","clear",false,1,"GM0629"
"20240032156",2024,"Letsel",1,"Fiets",\N,"Onbekend","Rechte weg",50,"Niet brandend","Daglicht","Droog",\N,"192329108","Buitenhoflaan","Leiderdorp","Leiderdorp","Zuid-Holland",false,52.167667,4.528,"injury","2","clear",false,1,"GM0547"
"20240047138",2024,"Uitsluitend materiele schade",2,"Bestelauto","Fiets","Flank","Kruispunt, 4 takken",50,"Niet brandend","Daglicht","Droog",\N,\N,"Curieweg","Zwolle","Zwolle","Overijssel",false,52.49727,6.130729,"material damage only","4","clear",false,1,"GM0193"
"20240076310",2024,"Letsel",2,"Fiets","Fiets","Flank","Bocht",30,"Niet brandend","Daglicht","Droog",\N,\N,"Laan van de Marel","Emmen","Emmen","Drenthe",false,52.790675,6.935188,"injury","2","clear",false,1,"GM0114"
"20240034167",2024,"Uitsluitend materiele schade",2,"Personenauto","Fiets","Flank","Rotonde",30,"Niet aanwezig","Daglicht","Droog",\N,\N,"Doelenstraat","Hilvarenbeek","Hilvarenbeek","Noord-Brabant",false,51.486789,5.137666,"material damage only","4","clear",false,1,"GM0798"
"20240071650",2024,"Letsel",1,"Fiets",\N,"Eenzijdig","Rechte weg",30,"Niet brandend","Daglicht","Droog",\N,"153310034","Fuutpad","'s-Gravenhage","'s-Gravenhage","Zuid-Holland",false,52.08046,4.24415,"injury","2","clear",false,1,"GM0518"
"20240032254",2024,"Letsel",2,\N,"Fiets","Onbekend","Rechte weg",\N,"Niet brandend","Daglicht","Droog",\N,"181273102","Vierambachtsstraat","Rotterdam","Rotterdam","Zuid-Holland",false,51.916556,4.451915,"injury","2","clear",false,1,"GM0599"
"20240034226",2024,"Uitsluitend materiele schade",2,"Personenauto","Fiets","Los voorwerp","Kruispunt, 4 takken",50,"Niet brandend","Daglicht","Regen",\N,\N,"Helvoirtseweg","Vught","Vught","Noord-Brabant",false,51.655715,5.286915,"material damage only","4","rain",false,1,"GM0865"
"20240039088",2024,"Letsel",2,"Bromfiets","Fiets","Frontaal","Bocht",80,"Niet brandend","Daglicht","Droog",\N,"600503889","Bloklaan","Loosdrecht","Wijdemeren","Noord-Holland",false,52.20033,5.048949,"injury","2","clear",false,1,"GM1696"
"20240072328",2024,"Letsel",2,"Personenauto","Fiets","Geparkeerd voertuig","Rechte weg",30,"Niet brandend","Daglicht","Droog",\N,"600719521","Theresiastraat","'s-Gravenhage","'s-Gravenhage","Zuid-Holland",false,52.08646,4.337609,"injury","2","clear",false,1,"GM0518"
"20240079154",2024,"Uitsluitend materiele schade",2,"Snorfiets","Fiets","Kop/staart","Rechte weg",50,"Niet brandend","Daglicht","Droog",\N,"158302027","Leyweg","'s-Gravenhage","'s-Gravenhage","Zuid-Holland",false,52.043625,4.282767,"material damage only","4","clear",false,1,"GM0518"
"20240042116",2024,"Letsel",2,"Personenauto","Fiets","Flank","Rechte weg",80,"Niet brandend","Daglicht","Droog",\N,\N,"Valkenisseweg","Biggekerke","Veere","Zeeland",false,51.496781,3.520107,"injury","2","clear",false,1,"GM0717"
"20240047323",2024,"Letsel",2,"Personenauto","Fiets","Flank","Rechte weg",50,"Niet brandend","Daglicht","Droog",\N,"468563163","Damsterdiep","Groningen","Groningen","Groningen",false,53.217184,6.575577,"injury","2","clear",false,1,"GM0014"
"20240047334",2024,"Letsel",1,"Fiets",\N,"Eenzijdig","Rotonde",50,"Niet brandend","Daglicht","Droog",\N,"600638385","Nobelrotonde","Assen","Assen","Drenthe",false,52.999673,6.550713,"injury","2","clear",false,1,"GM0106"
"20240040063",2024,"Letsel",2,"Personenauto","Fiets","Flank","Rechte weg",50,"Niet brandend","Daglicht","Regen",\N,"600732643","Narcissenlaan","Sassenheim","Teylingen","Zuid-Holland",false,52.220279,4.518012,"injury","2","rain",false,1,"GM1525"
"20240040702",2024,"Letsel",2,"Bromfiets","Fiets","Flank","Rechte weg",50,"Niet brandend","Daglicht","Droog",\N,"207337066","Langeweg","Roelofarendsveen","Kaag en Braassem","Zuid-Holland",false,52.202952,4.634501,"injury","2","clear",false,1,"GM1884"
"20240047381",2024,"Uitsluitend materiele schade",2,\N,"Fiets","Flank","Kruispunt, 3 takken",50,"Niet brandend","Daglicht","Droog",\N,\N,"OOSTERWIJK","Emmen","Emmen","Drenthe",false,52.754584,6.927442,"material damage only","4","clear",false,1,"GM0114"
"20240176178",2024,"Dodelijk",1,"Fiets",\N,"Onbekend","Rechte weg",60,\N,"Duisternis",\N,\N,"600865208","Koopsdijk","Lochem","Lochem","Gelderland",false,52.147103,6.412416,"fatal","1","unknown",false,1,"GM0262"
"20240040778",2024,"Uitsluitend materiele schade",2,"Personenauto","Fiets","Flank","Kruispunt, 3 takken",50,"Niet brandend","Schemer","Droog",\N,\N,"Zandeveltweg","'s-Gravenzande","Westland","Zuid-Holland",false,52.004261,4.156726,"material damage only","4","clear",false,1,"GM1783"
"20240040794",2024,"Letsel",2,"Bromfiets","Fiets","Flank","Kruispunt, 3 takken",30,"Niet brandend","Daglicht","Droog",\N,\N,"Oosterheemplein","Zoetermeer","Zoetermeer","Zuid-Holland",false,52.06135,4.540548,"injury","2","clear",false,1,"GM0637"
"20240071926",2024,"Letsel",1,"Fiets",\N,"Onbekend","Rechte weg",30,"Niet brandend","Daglicht","Droog",\N,"600714850","Houtrustweg","'s-Gravenhage","'s-Gravenhage","Zuid-Holland",false,52.09035,4.265828,"injury","2","clear",false,1,"GM0518"
"20240040178",2024,"Letsel",2,"Fiets",\N,"Eenzijdig","Kruispunt, 4 takken",\N,"Niet brandend","Daglicht","Droog",\N,\N,"Klaverveld","'s-Gravenhage","'s-Gravenhage","Zuid-Holland",false,52.068636,4.405555,"injury","2","clear",false,1,"GM0518"
"20240044733",2024,"Uitsluitend materiele schade",2,"Fiets","Fiets","Flank","Rechte weg",\N,"Niet brandend","Daglicht","Droog",\N,"177184041","Heulberg","Roosendaal","Roosendaal","Noord-Brabant",false,51.51395,4.435179,"material damage only","4","clear",false,1,"GM1674"
"20240051225",2024,"Letsel",2,"Fiets","Overig vast object","Vast voorwerp","Rechte weg",50,"Brandend","Duisternis","Droog",\N,"600523220","FIETSPAD","Wormerveer","Zaanstad","Noord-Holland",false,52.500457,4.792767,"injury","2","clear",false,1,"GM0479"
"20240033262",2024,"Uitsluitend materiele schade",2,"Personenauto","Fiets","Flank","Rechte weg",50,"Niet brandend","Daglicht","Regen",\N,\N,"Nelson Mandela-laan","'s-Hertogenbosch","'s-Hertogenbosch","Noord-Brabant",false,51.702021,5.295781,"material damage only","4","rain",false,1,"GM0796"
"20240035522",2024,"Letsel",2,"Fiets","Fiets","Kop/staart","Rechte weg",50,"Niet brandend","Daglicht","Droog",\N,"467567076","Oosterhamriklaan","Groningen","Groningen","Groningen",false,53.236575,6.568588,"injury","2","clear",false,1,"GM0014"
"20240042436",2024,"Letsel",1,"Fiets",\N,"Onbekend","Rechte weg",60,"Niet aanwezig","Daglicht","Droog",\N,"231266001","Kerkweg","Brandwijk","Molenlanden","Zuid-Holland",false,51.884061,4.817887,"injury","2","clear",false,1,"GM1978"
"20240037102",2024,"Letsel",1,"Fiets",\N,"Onbekend","Rechte weg",60,"Niet aanwezig","Daglicht","Droog",\N,"600871149","Landsweg","Diffelen","Hardenberg","Overijssel",false,52.536551,6.548779,"injury","2","clear",false,1,"GM0160"
"20230100513",2023,"Uitsluitend materiele schade",3,"Personenauto","Fiets","Onbekend","Rechte weg",50,"Niet brandend","Daglicht","Regen",\N,"369059005","Rijksweg Zuid","Geleen","Sittard-Geleen","Limburg",false,50.95516,5.812651,"material damage only","4","rain",false,1,"GM1883"
"20230079959",2023,"Uitsluitend materiele schade",2,"Personenauto","e-bike","Flank","Kruispunt, 4 takken",50,"Niet brandend","Daglicht","Droog",\N,\N,"Mecklenburgstraat","Eindhoven","Eindhoven","Noord-Brabant",false,51.435275,5.471395,"material damage only","4","clear",false,1,"GM0772"
"20230088738",2023,"Uitsluitend materiele schade",3,"Bromfiets","Fiets","Onbekend","Rechte weg",30,"Niet brandend","Daglicht","Droog",\N,"600517001","Spinozaweg","Rotterdam","Rotterdam","Zuid-Holland",false,51.876823,4.518765,"material damage only","4","clear",false,1,"GM0599"
"20230094004",2023,"Letsel",3,"Personenauto","Fiets","Onbekend","Kruispunt, 4 takken",60,"Niet brandend","Daglicht","Droog",\N,\N,"Meerboomweg","Hollandscheveld","Hoogeveen","Drenthe",false,52.717575,6.571556,"injury","2","clear",false,1,"GM0118"
"20230098673",2023,"Letsel",2,"Personenauto","Fiets","Flank","Kruispunt, 4 takken",30,"Niet brandend","Schemer","Droog",\N,\N,"Westweg","Krabbendijke","Reimerswaal","Zeeland",false,51.431975,4.106334,"injury","2","clear",false,1,"GM0703"
"20230099455",2023,"Letsel",2,"Personenauto","Fiets","Flank","Kruispunt, 4 takken",30,"Niet brandend","Daglicht","Droog",\N,"312161051","Ceciliastraat","Veldhoven","Veldhoven","Noord-Brabant",false,51.414393,5.403508,"injury","2","clear",false,1,"GM0861"
"20230099478",2023,"Uitsluitend materiele schade",3,"Fiets","Fiets","Onbekend","Rechte weg",\N,"Niet brandend","Daglicht","Droog",\N,"206196055","Parklaan","Etten-Leur","Etten-Leur","Noord-Brabant",false,51.569049,4.64082,"material damage only","4","clear",false,1,"GM0777"
"20230099607",2023,"Uitsluitend materiele schade",2,"Personenauto","Fiets","Flank","Rotonde",30,"Brandend","Duisternis","Droog",\N,\N,"'t Dorp","Heesch","Bernheze","Noord-Brabant",false,51.736262,5.535063,"material damage only","4","clear",false,1,"GM1721"
"20230104493",2023,"Uitsluitend materiele schade",2,"Personenauto","Fiets","Flank","Kruispunt, 3 takken",50,"Brandend","Schemer","Regen",\N,\N,"Veldlaan","Emmen","Emmen","Drenthe",false,52.78044,6.930382,"material damage only","4","rain",false,1,"GM0114"
"20230083523",2023,"Uitsluitend materiele schade",2,"Personenauto","Fiets","Onbekend","Bocht",30,"Niet brandend","Daglicht","Droog",\N,"518452019","Heidewal","Erica","Emmen","Drenthe",false,52.712248,6.928882,"material damage only","4","clear",false,1,"GM0114"
"20230088182",2023,"Uitsluitend materiele schade",2,"Personenauto","Fiets","Flank","Kruispunt, 4 takken",50,"Brandend","Duisternis","Droog",\N,\N,"Weesperstraat","Amsterdam","Amsterdam","Noord-Holland",false,52.361214,4.907855,"material damage only","4","clear",false,1,"GM0363"
"20230090549",2023,"Letsel",2,"Fiets","e-bike","Flank","Kruispunt, 4 takken",30,"Niet brandend","Daglicht","Regen",\N,\N,"Leyweg","'s-Gravenhage","'s-Gravenhage","Zuid-Holland",false,52.042353,4.284139,"injury","2","rain",false,1,"GM0518"
"20230094646",2023,"Uitsluitend materiele schade",2,"Personenauto","Fiets","Onbekend","Rechte weg",50,"Brandend","Duisternis","Regen",\N,\N,"De Stroekeld","Rijssen","Rijssen-Holten","Overijssel",false,52.310416,6.500188,"material damage only","4","rain",false,1,"GM1742"
"20230097529",2023,"Uitsluitend materiele schade",2,"Personenauto","Fiets","Flank","Kruispunt, 3 takken",50,"Niet brandend","Daglicht","Droog",\N,\N,"A. Hofmanweg","Haarlem","Haarlem","Noord-Holland",false,52.38908,4.669501,"material damage only","4","clear",false,1,"GM0392"
"20230101294",2023,"Uitsluitend materiele schade",2,"Personenauto","Fiets","Flank","Kruispunt, 4 takken",50,"Niet brandend","Daglicht","Droog",\N,\N,"Schoemakerstraat","Delft","Delft","Zuid-Holland",false,52.000799,4.37767,"material damage only","4","clear",false,1,"GM0503"
"20230102099",2023,"Uitsluitend materiele schade",2,"Personenauto","Fiets","Flank","Rechte weg",30,"Niet brandend","Daglicht","Droog",\N,"161309076","Westeinde","'s-Gravenhage","'s-Gravenhage","Zuid-Holland",false,52.076621,4.305147,"material damage only","4","clear",false,1,"GM0518"
"20230102104",2023,"Letsel",2,"Personenauto","Fiets","Flank","Kruispunt, 4 takken",30,"Niet brandend","Daglicht","Droog",\N,\N,"Menno ter Braaklaan","Delft","Delft","Zuid-Holland",false,51.994643,4.355412,"injury","2","clear",false,1,"GM0503"
"20230103615",2023,"Uitsluitend materiele schade",2,"Bromfiets","Fiets","Frontaal","Kruispunt, 4 takken",50,"Brandend","Duisternis","Regen",\N,\N,"Rozenlaan","Rotterdam","Rotterdam","Zuid-Holland",false,51.942829,4.471109,"material damage only","4","rain",false,1,"GM0599"
"20230104710",2023,"Letsel",2,"Personenauto","Fiets","Flank","Kruispunt, 4 takken",50,"Brandend","Duisternis","Regen",\N,\N,"Elzenstraat","Leeuwarden","Leeuwarden","Friesland",false,53.213572,5.818134,"injury","2","rain",false,1,"GM0080"
"20230106993",2023,"Uitsluitend materiele schade",2,"Personenauto","Fiets","Flank","Kruispunt, 3 takken",50,"Niet brandend","Daglicht","Droog",\N,\N,"Cypresbaan","Capelle aan den IJssel","Capelle aan den IJssel","Zuid-Holland",false,51.955075,4.573051,"material damage only","4","clear",false,1,"GM0502"
"20230091153",2023,"Uitsluitend materiele schade",2,"Personenauto","Fiets","Frontaal","Kruispunt, 4 takken",30,"Brandend","Duisternis","Droog",\N,\N,"Herpenstraat","Uden","Maashorst","Noord-Brabant",false,51.664803,5.616443,"material damage only","4","clear",false,1,"GM1991"
"20230098141",2023,"Letsel",2,"Personenauto","Fiets","Flank","Kruispunt, 3 takken",50,"Niet brandend","Daglicht","Droog",\N,\N,"Menno Simonszplein","Haarlem","Haarlem","Noord-Holland",false,52.378606,4.618817,"injury","2","clear",false,1,"GM0392"
"20230104422",2023,"Uitsluitend materiele schade",1,"Fiets",\N,"Flank","Kruispunt, 4 takken",30,"Niet brandend","Daglicht","Droog",\N,\N,"Ubbo Emmiussingel","Groningen","Groningen","Groningen",false,53.21288,6.565713,"material damage only","4","clear",false,1,"GM0014"
"20230090005",2023,"Letsel",2,"Fiets","Overig vast object","Vast voorwerp","Rechte weg",30,"Niet brandend","Daglicht","Droog",\N,"180253017","Goidschalxoordsedijk","Heinenoord","Hoeksche Waard","Zuid-Holland",false,51.82781,4.454005,"injury","2","clear",false,1,"GM1963"
"20230101015",2023,"Letsel",2,"Fiets","Personenauto","Flank","Rechte weg",30,"Niet brandend","Daglicht","Droog",\N,"204250036","Begoniastraat","Zwijndrecht","Zwijndrecht","Zuid-Holland",false,51.813807,4.624765,"injury","2","clear",false,1,"GM0642"
"20230101360",2023,"Letsel",2,"Personenauto","Fiets","Flank","Rotonde",50,"Niet brandend","Daglicht","Droog",\N,\N,"PAPENDRECHT 1","Papendrecht","Papendrecht","Zuid-Holland",false,51.831036,4.707413,"injury","2","clear",false,1,"GM0590"
"20230082459",2023,"Uitsluitend materiele schade",2,"Fiets","Fiets","Flank","Kruispunt, 3 takken",30,"Niet brandend","Daglicht","Droog",\N,\N,"Meester van Coothlaan","Wijchen","Wijchen","Gelderland",false,51.805645,5.730699,"material damage only","4","clear",false,1,"GM0296"
"20230083061",2023,"Uitsluitend materiele schade",3,"Personenauto","Fiets","Onbekend","Rechte weg",50,"Niet brandend","Daglicht","Droog",\N,"460564045","Siersteenlaan","Groningen","Groningen","Groningen",false,53.222281,6.516009,"material damage only","4","clear",false,1,"GM0014"
"20230090643",2023,"Letsel",3,"Personenauto","Fiets","Onbekend","Kruispunt, 3 takken",50,"Niet brandend","Daglicht","Droog",\N,\N,"Pijnsweg","Heerlen","Heerlen","Limburg",false,50.878512,5.968166,"injury","2","clear",false,1,"GM0917"
"20230094165",2023,"Uitsluitend materiele schade",2,"Personenauto","Fiets","Flank","Kruispunt, 4 takken",30,"Niet brandend","Daglicht","Droog",\N,\N,"Margijnenenk","Deventer","Deventer","Overijssel",false,52.270006,6.164868,"material damage only","4","clear",false,1,"GM0150"
"20230096457",2023,"Letsel",2,"Personenauto","Fiets","Flank","Kruispunt, 4 takken",50,"Niet brandend","Daglicht","Droog",\N,\N,"Orinocodreef","Utrecht","Utrecht","Utrecht",false,52.121283,5.093128,"injury","2","clear",false,1,"GM0344"
"20230099945",2023,"Letsel",3,"Fiets","Fiets","Los voorwerp","Bocht",\N,"Niet aanwezig","Daglicht","Droog",\N,"600709020","Vogelzangspad","Goes","Goes","Zeeland",false,51.50026,3.908453,"injury","2","clear",false,1,"GM0664"
"20230106677",2023,"Letsel",2,"Personenauto","Fiets","Flank","Kruispunt, 4 takken",30,"Brandend","Duisternis","Regen",\N,\N,"Talmaweg","Dordrecht","Dordrecht","Zuid-Holland",false,51.792236,4.667969,"injury","2","rain",false,1,"GM0505"
"20230080749",2023,"Uitsluitend materiele schade",2,"Fiets","Fiets","Frontaal","Rechte weg",30,"Niet brandend","Daglicht","Droog",\N,\N,"Nieuwe Inslag","Breda","Breda","Noord-Brabant",false,51.581879,4.806549,"material damage only","4","clear",false,1,"GM0758"
"20230094793",2023,"Letsel",3,"Bromfiets","Fiets","Flank","Rechte weg",50,"Brandend","Duisternis","Regen",\N,"347298006","Kerkweg","Ede","Ede","Gelderland",true,52.02914,5.658936,"injury","2","rain",false,1,"GM0228"
"20230101850",2023,"Uitsluitend materiele schade",2,"Fiets","Personenauto","Flank","Rotonde",50,"Niet brandend","Daglicht","Regen",\N,\N,"Kruisbroekweg","Naaldwijk","Westland","Zuid-Holland",false,51.988841,4.206933,"material damage only","4","rain",false,1,"GM1783"
"20230106361",2023,"Uitsluitend materiele schade",2,"Personenauto","Fiets","Onbekend","Kruispunt, 3 takken",50,"Brandend","Duisternis","Regen",\N,\N,"Koningshoek","Maassluis","Maassluis","Zuid-Holland",false,51.927191,4.235484,"material damage only","4","rain",false,1,"GM0556"
"20230096577",2023,"Uitsluitend materiele schade",1,"Fiets",\N,"Eenzijdig","Rotonde",30,"Niet brandend","Daglicht","Droog",\N,\N,"Europa-allee","Kampen","Kampen","Overijssel",false,52.55071,5.912725,"material damage only","4","clear",false,1,"GM0166"
"20230106396",2023,"Uitsluitend materiele schade",2,"Personenauto","Fiets","Flank","Kruispunt, 4 takken",30,"Niet brandend","Schemer","Droog",\N,\N,"Laurentiusstraat","Beek","Beek","Limburg",false,50.949823,5.811876,"material damage only","4","clear",false,1,\N
"20230079683",2023,"Letsel",2,"Fiets","Personenauto","Flank","Rechte weg",60,"Niet aanwezig","Daglicht","Droog",\N,"363213001","Wethouder Lindersstraat","Wilbertoord","Land van Cuijk","Noord-Brabant",false,51.646822,5.778086,"injury","2","clear",false,1,"GM1982"
"20230081422",2023,"Letsel",2,"Bestelauto","Fiets","Onbekend","Kruispunt, 4 takken",50,"Niet brandend","Daglicht","Droog",\N,\N,"Roer","Rotterdam","Rotterdam","Zuid-Holland",false,51.958762,4.561464,"injury","2","clear",false,1,"GM0599"
"20230086652",2023,"Uitsluitend materiele schade",3,"Bromfiets","Fiets","Frontaal","Rechte weg",\N,"Niet brandend","Daglicht","Droog",\N,"243375022","Stationsplein","Amsterdam","Amsterdam","Noord-Holland",false,52.377243,4.902803,"material damage only","4","clear",false,1,"GM0363"
"20230084970",2023,"Uitsluitend materiele schade",1,"Fiets",\N,"Onbekend","Rechte weg",30,"Niet brandend","Daglicht","Droog",\N,"366377050","Van Hallstraat","Nunspeet","Nunspeet","Gelderland",false,52.38347,5.805364,"material damage only","4","clear",false,1,"GM0302"
"20230093762",2023,"Uitsluitend materiele schade",2,"Bestelauto","Fiets","Frontaal","Kruispunt, 3 takken",30,"Brandend","Duisternis","Regen",\N,\N,"Weurtseweg","Nijmegen","Nijmegen","Gelderland",false,51.849708,5.849324,"material damage only","4","rain",false,1,"GM0268"
"20230106479",2023,"Uitsluitend materiele schade",2,"Personenauto","Fiets","Flank","Kruispunt, 3 takken",50,"Brandend","Duisternis","Regen",\N,\N,"Karel van Egmondstraat","Venlo","Venlo","Limburg",false,51.368809,6.189791,"material damage only","4","rain",false,1,"GM0983"
"20230081514",2023,"Uitsluitend materiele schade",1,"Fiets",\N,"Onbekend","Rechte weg",50,"Niet brandend","Daglicht","Droog",\N,"600541457","FIETSPAD","Goes","Goes","Zeeland",false,51.498287,3.904965,"material damage only","4","clear",false,1,"GM0664"
"20230082113",2023,"Uitsluitend materiele schade",2,"Personenauto","Fiets","Flank","Rechte weg",50,"Niet brandend","Daglicht","Droog",\N,\N,"Ariënsstraat","Tegelen","Venlo","Limburg",false,51.351748,6.149178,"material damage only","4","clear",false,1,"GM0983"
"20230091474",2023,"Uitsluitend materiele schade",1,"e-bike",\N,"Eenzijdig","Bocht",30,"Niet brandend","Daglicht","Regen","Tunnel","322163001","Boutenslaan","Eindhoven","Eindhoven","Noord-Brabant",false,51.424443,5.481734,"material damage only","4","rain",false,1,"GM0772"
"20230103945",2023,"Uitsluitend materiele schade",2,"Bromfiets","Fiets","Onbekend","Rechte weg",50,"Niet brandend","Daglicht","Droog",\N,"462565004","Platinalaan","Groningen","Groningen","Groningen",false,53.224596,6.529977,"material damage only","4","clear",false,1,"GM0014"
"20230080924",2023,"Uitsluitend materiele schade",2,"Personenauto","Fiets","Flank","Kruispunt, 4 takken",70,"Niet brandend","Daglicht","Droog",\N,\N,"Leostraat","Eindhoven","Eindhoven","Noord-Brabant",false,51.424169,5.492406,"material damage only","4","clear",false,1,"GM0772"
"20230080927",2023,"Letsel",2,"Personenauto","e-bike","Flank","Rechte weg",30,"Niet brandend","Daglicht","Droog",\N,"600800686","Dommelpark","Sint-Oedenrode","Meierijstad","Noord-Brabant",false,51.567072,5.458199,"injury","2","clear",false,1,"GM1948"
"20230083862",2023,"Letsel",3,"Personenauto","Fiets","Onbekend","Rechte weg",50,"Niet brandend","Daglicht","Droog",\N,\N,"Hoeksterpad","Leeuwarden","Leeuwarden","Friesland",false,53.205554,5.801133,"injury","2","clear",false,1,"GM0080"
"20230097880",2023,"Uitsluitend materiele schade",2,"Fiets","Personenauto","Flank","Kruispunt, 4 takken",50,"Niet brandend","Daglicht","Droog",\N,\N,"President Allendelaan","Amsterdam","Amsterdam","Noord-Holland",false,52.370293,4.817315,"material damage only","4","clear",false,1,"GM0363"
"20230102922",2023,"Letsel",2,"Personenauto","Fiets","Flank","Kruispunt, 3 takken",50,"Brandend","Duisternis","Regen",\N,\N,"Pijle Tuinenweg","Naaldwijk","Westland","Zuid-Holland",false,51.995371,4.214558,"injury","2","rain",false,1,"GM1783"
"20230107366",2023,"Uitsluitend materiele schade",2,"Bromfiets","Fiets","Flank","Kruispunt, 3 takken",50,"Niet brandend","Daglicht","Droog",\N,\N,"Hillevliet","Rotterdam","Rotterdam","Zuid-Holland",false,51.897627,4.501808,"material damage only","4","clear",false,1,"GM0599"
"20230081564",2023,"Letsel",2,"Fiets","Personenauto","Flank","Kruispunt, 4 takken",50,"Niet brandend","Daglicht","Droog",\N,\N,"Koudekerkseweg","Middelburg","Middelburg","Zeeland",false,51.492584,3.601192,"injury","2","clear",false,1,\N
"20230102957",2023,"Uitsluitend materiele schade",3,"Personenauto","Fiets","Onbekend","Rotonde",50,"Brandend","Duisternis","Regen",\N,\N,"Johan van Hasseltweg","Amsterdam","Amsterdam","Noord-Holland",false,52.387348,4.924493,"material damage only","4","rain",false,1,"GM0363"
"20230080439",2023,"Uitsluitend materiele schade",2,"Personenauto","Fiets","Geparkeerd voertuig","Rechte weg",30,"Niet brandend","Daglicht","Droog",\N,"163256035","Saturnusstraat","Spijkenisse","Nissewaard","Zuid-Holland",false,51.838436,4.327075,"material damage only","4","clear",false,1,"GM1930"
"20230081604",2023,"Uitsluitend materiele schade",2,"Fiets","Fiets","Flank","Kruispunt, 4 takken",50,"Niet brandend","Daglicht",\N,\N,\N,"De Harendonkweg","'s-Hertogenbosch","'s-Hertogenbosch","Noord-Brabant",false,51.711602,5.324265,"material damage only","4","unknown",false,1,"GM0796"
"20230085680",2023,"Letsel",2,"Personenauto","Fiets","Voetganger","Rechte weg",60,"Brandend","Duisternis","Regen",\N,"600835396","Deelenseweg","Arnhem","Arnhem","Gelderland",false,52.032203,5.888769,"injury","2","rain",false,1,"GM0202"
"20230086250",2023,"Uitsluitend materiele schade",2,"Personenauto","Fiets","Onbekend","Rechte weg",50,"Brandend","Duisternis","Regen",\N,"519362027","Hengelosestraat","Oldenzaal","Oldenzaal","Overijssel",false,52.31035,6.922539,"material damage only","4","rain",false,1,"GM0173"
"20230081663",2023,"Letsel",2,"Personenauto","Fiets","Flank","Kruispunt, 4 takken",60,"Niet brandend","Daglicht","Droog",\N,\N,"Bommelskoussedijk","Klaaswaal","Hoeksche Waard","Zuid-Holland",false,51.75992,4.444412,"injury","2","clear",false,1,"GM1963"
"20230085140",2023,"Letsel",2,"Fiets","Fiets","Eenzijdig","Bocht",50,"Niet brandend","Daglicht",\N,\N,"600907014","Haagsteeg","Wageningen","Wageningen","Gelderland",false,51.970442,5.654717,"injury","2","unknown",false,1,"GM0289"
"20230084033",2023,"Uitsluitend materiele schade",2,"Fiets","Motor","Frontaal","Rechte weg",50,"Niet brandend","Daglicht","Droog",\N,"600766628","Oostdijk","Zuidoostbeemster","Purmerend","Noord-Holland",false,52.515161,4.950238,"material damage only","4","clear",false,1,"GM0439"
"20230088114",2023,"Uitsluitend materiele schade",2,"Personenauto","Fiets","Flank","Rotonde",50,"Niet brandend","Daglicht","Regen",\N,\N,"Herenweg","Heemstede","Heemstede","Noord-Holland",false,52.351747,4.611403,"material damage only","4","rain",false,1,"GM0397"