"accident_id","year","severity_raw","party_count","party1_type","party2_type","accident_type","road_situation","speed_limit_kmh","road_lighting","light_condition_label","weather_raw","infra_type","road_segment_id","street_name","place_name","gemeente_name_raw","province","alcohol_indicated","latitude","longitude","severity_label","severity_code","weather_label","built_up_area","cyclists_involved","gemeente_code"
"20230089845",2023,"Letsel",2,"Fiets",\N,"Eenzijdig","Rechte weg",60,"Niet brandend","Daglicht","Regen",\N,"600925136","Emmastraat","Monster","Westland","Zuid-Holland",false,52.020519,4.175918,"injury","2","rain",false,1,"GM1783"
"20230062172",2023,"Uitsluitend materiele schade",2,"Fiets","Voetganger","Voetganger","Rechte weg",30,"Niet brandend","Daglicht","Droog",\N,"326163008","St Petrus Canisiuslaan","Eindhoven","Eindhoven","Noord-Brabant",false,51.426028,5.507974,"material damage only","4","clear",false,1,"GM0772"
"20220007197",2022,"Letsel",2,"Personenauto","e-bike","Flank","Kruispunt, 4 takken",50,"Niet brandend","Daglicht","Droog",\N,\N,"Beethovenlaan","Hengelo","Hengelo (O)","Overijssel",false,52.266868,6.809674,"injury","2","clear",false,1,\N
"20220007633",2022,"Uitsluitend materiele schade",2,"Motor","Fiets","Flank","Rechte weg",60,"Niet brandend","Duisternis","Droog",\N,"337304002","Nieuweweg","Ederveen","Ede","Gelderland",false,52.060189,5.589614,"material damage only","4","clear",false,1,"GM0228"
"20220005804",2022,"Uitsluitend materiele schade",2,"Personenauto","Fiets","Los voorwerp","Rotonde",50,"Niet aanwezig","Daglicht","Mist",\N,\N,"Holzenboschlaan","Voorthuizen","Barneveld","Gelderland",false,52.178327,5.597532,"material damage only","4","fog",false,1,"GM0203"
"20220097721",2022,"Uitsluitend materiele schade",3,"Personenauto","Fiets","Onbekend","Rotonde",50,"Niet aanwezig","Daglicht","Droog",\N,\N,"Bellefleurstraat","Nijmegen","Nijmegen","Gelderland",false,51.881403,5.841072,"material damage only","4","clear",false,1,"GM0268"
"20220129548",2022,"Letsel",3,"Personenauto","Fiets","Onbekend","Kruispunt, 4 takken",60,"Niet brandend","Daglicht","Droog",\N,\N,"Nassauweg","'s-Heerenhoek","Borsele","Zeeland",false,51.461239,3.775308,"injury","2","clear",false,1,"GM0654"
"20220102588",2022,"Uitsluitend materiele schade",2,"Bromfiets","Fiets","Flank","Kruispunt, 4 takken",50,"Niet brandend","Daglicht","Droog",\N,\N,"Stationsstraat","Amstelveen","Amstelveen","Noord-Holland",false,52.301494,4.847766,"material damage only","4","clear",false,1,"GM0362"
"20220131797",2022,"Uitsluitend materiele schade",2,"Personenauto","Fiets","Flank","Kruispunt, 3 takken",50,"Niet brandend","Daglicht","Droog",\N,\N,"Kasteleinenkampweg","'s-Hertogenbosch","'s-Hertogenbosch","Noord-Brabant",false,51.704255,5.269458,"material damage only","4","clear",false,1,"GM0796"
"20220119802",2022,"Uitsluitend materiele schade",2,"Personenauto","Fiets","Flank","Kruispunt, 4 takken",50,"Niet brandend","Daglicht","Droog",\N,\N,"Oud Blaricumerweg","Naarden","Gooise Meren","Noord-Holland",false,52.283946,5.181869,"material damage only","4","clear",false,1,"GM1942"
"20220099545",2022,"Letsel",1,"e-bike",\N,"Eenzijdig","Kruispunt, 4 takken",30,"Niet brandend","Daglicht","Droog",\N,\N,"Haarrijnse Rading","Vleuten","Utrecht","Utrecht",false,52.100708,5.023823,"injury","2","clear",false,1,"GM0344"
"20220122934",2022,"Letsel",3,"Fiets","Fiets","Onbekend","Kruispunt, 4 takken",50,"Niet brandend","Daglicht","Droog",\N,\N,"Middenweg","Den Helder","Den Helder","Noord-Holland",false,52.952885,4.750099,"injury","2","clear",false,1,"GM0400"
"20230003706",2023,"Letsel",1,"Fiets",\N,"Eenzijdig",\N,50,\N,"Daglicht",\N,\N,"600939053","Kennedylaan","Utrecht","Utrecht","Utrecht",false,52.080229,5.084308,"injury","2","unknown",false,1,"GM0344"
"20230004928",2023,"Letsel",1,"Fiets",\N,"Eenzijdig",\N,50,\N,"Duisternis",\N,\N,"191330021","Oude Spoorbaan","Leiderdorp","Leiderdorp","Zuid-Holland",false,52.172578,4.525628,"injury","2","unknown",false,1,"GM0547"
"20220062089",2022,"Uitsluitend materiele schade",2,"Personenauto","Fiets","Flank","Rechte weg",50,"Niet brandend","Daglicht","Droog",\N,"600503179","Oostplein","Rotterdam","Rotterdam","Zuid-Holland",false,51.923738,4.495697,"material damage only","4","clear",false,1,"GM0599"
"20220063390",2022,"Letsel",2,"Personenauto","Fiets","Flank","Kruispunt, 4 takken",50,"Niet brandend","Daglicht","Droog",\N,\N,"Ambachtsezoom","Hendrik-Ido-Ambacht","Hendrik-Ido-Ambacht","Zuid-Holland",false,51.830494,4.635637,"injury","2","clear",false,1,"GM0531"
"20220044740",2022,"Uitsluitend materiele schade",2,"Bestelauto","Fiets","Flank","Rotonde",50,"Niet brandend","Schemer",\N,\N,\N,"Vrouwe Udasingel","Lent","Nijmegen","Gelderland",false,51.87053,5.871788,"material damage only","4","unknown",false,1,"GM0268"
"20220065246",2022,"Letsel",2,"Fiets","e-bike","Flank","Kruispunt, 3 takken",60,"Niet brandend","Daglicht","Droog",\N,\N,"Rijksweg","Oosterland","Schouwen-Duiveland","Zeeland",false,51.657247,4.042934,"injury","2","clear",false,1,"GM1676"
"20220079010",2022,"Uitsluitend materiele schade",2,"Personenauto","Fiets","Flank","Rechte weg",50,"Niet brandend","Daglicht","Droog",\N,"198348015","Lisserdijk","Lisserbroek","Haarlemmermeer","Noord-Holland",false,52.254889,4.569273,"material damage only","4","clear",false,1,"GM0394"
"20220080670",2022,"Letsel",2,"Personenauto","Fiets","Flank","Kruispunt, 3 takken",50,"Brandend","Duisternis","Regen",\N,\N,"Overtoom","Amsterdam","Amsterdam","Noord-Holland",false,52.363621,4.878777,"injury","2","rain",false,1,"GM0363"
"20220087557",2022,"Uitsluitend materiele schade",2,"Personenauto","Fiets","Flank","Kruispunt, 3 takken",60,"Niet brandend","Daglicht",\N,\N,\N,"Hulster Nieuwlanddijk","Hulst","Hulst","Zeeland",false,51.290661,4.031712,"material damage only","4","unknown",false,1,"GM0677"
"20220053761",2022,"Uitsluitend materiele schade",2,"Personenauto","Fiets","Flank","Rotonde",50,"Niet brandend","Daglicht","Droog",\N,\N,"Poelenburg","Zaandam","Zaanstad","Noord-Holland",false,52.43514,4.854513,"material damage only","4","clear",false,1,"GM0479"
"20220060598",2022,"Letsel",2,"Personenauto","Fiets","Onbekend","Kruispunt, 3 takken",30,"Brandend","Duisternis","Droog",\N,\N,"Parallelweg","Alblasserdam","Alblasserdam","Zuid-Holland",false,51.869634,4.657109,"injury","2","clear",false,1,"GM0482"
"20220062222",2022,"Letsel",2,"Personenauto","Fiets","Flank","Rotonde",50,"Niet brandend","Daglicht","Droog",\N,\N,"Rembrandtstraat","Oud-Beijerland","Hoeksche Waard","Zuid-Holland",false,51.815419,4.414342,"injury","2","clear",false,1,"GM1963"
"20220069916",2022,"Uitsluitend materiele schade",2,"Fiets","Bestelauto","Onbekend",\N,30,\N,"Duisternis",\N,\N,"420151041","Burg Conraetzstraat","Venlo","Venlo","Limburg",false,51.367692,6.178071,"material damage only","4","unknown",false,1,"GM0983"
"20220071618",2022,"Letsel",2,"Personenauto","Fiets","Frontaal","Kruispunt, 3 takken",30,"Niet aanwezig","Daglicht","Droog",\N,\N,"Snellingerdijk","Oosterwolde","Ooststellingwerf","Friesland",false,52.983546,6.292783,"injury","2","clear",false,1,"GM0085"
"20220076562",2022,"Letsel",2,"Personenauto","Fiets","Flank","Kruispunt, 4 takken",50,"Niet brandend","Daglicht","Regen",\N,\N,"Ringweg-Koppel","Amersfoort","Amersfoort","Utrecht",false,52.16751,5.389774,"injury","2","rain",false,1,"GM0307"
"20220080718",2022,"Uitsluitend materiele schade",2,"Fiets","Fiets","Flank","Rechte weg",30,"Niet brandend","Daglicht","Droog",\N,"600417858","Rozengracht","Amsterdam","Amsterdam","Noord-Holland",false,52.37239,4.876637,"material damage only","4","clear",false,1,"GM0363"
"20220081467",2022,"Letsel",2,"Fiets","Personenauto","Kop/staart","Kruispunt, 4 takken",50,"Niet brandend","Daglicht","Droog",\N,\N,"Stadionweg","Amsterdam","Amsterdam","Noord-Holland",false,52.345904,4.863182,"injury","2","clear",false,1,"GM0363"
"20220084795",2022,"Uitsluitend materiele schade",2,"Personenauto","Fiets","Flank","Kruispunt, 3 takken",50,"Niet brandend","Daglicht","Droog",\N,\N,"Oudedijk","Rotterdam","Rotterdam","Zuid-Holland",false,51.927975,4.508283,"material damage only","4","clear",false,1,"GM0599"
"20220087721",2022,"Uitsluitend materiele schade",2,"Personenauto","Fiets","Flank","Kruispunt, 4 takken",60,"Niet brandend","Daglicht","Regen",\N,\N,"Bernhardstraat","Rucphen","Rucphen","Noord-Brabant",false,51.535125,4.549169,"material damage only","4","rain",false,1,"GM0840"
"20220108312",2022,"Uitsluitend materiele schade",2,"Personenauto","Fiets","Los voorwerp",\N,30,"Niet brandend","Daglicht","Regen",\N,"162272105","dr. Wiardi Beckmansingel","Vlaardingen","Vlaardingen","Zuid-Holland",false,51.909157,4.316673,"material damage only","4","rain",false,1,"GM0622"
"20220109620",2022,"Letsel",2,"Personenauto","Fiets","Flank","Kruispunt, 4 takken",60,"Niet brandend","Daglicht","Droog",\N,\N,"Ulicotenseweg","Chaam","Alphen-Chaam","Noord-Brabant",false,51.491816,4.861632,"injury","2","clear",false,1,"GM1723"
"20220035569",2022,"Uitsluitend materiele schade",2,"Personenauto","Fiets","Flank","Kruispunt, 4 takken",50,"Brandend","Duisternis","Droog",\N,\N,"Westerdijk","Hoorn","Hoorn","Noord-Holland",false,52.63772,5.057806,"material damage only","4","clear",false,1,"GM0405"
"20220041441",2022,"Letsel",2,"Fiets","Fiets","Onbekend","Rechte weg",50,"Brandend","Duisternis","Droog","Tunnel","392488040","Om den Noort","Wolvega","Weststellingwerf","Friesland",false,52.883424,6.001664,"injury","2","clear",false,1,"GM0098"
"20220065438",2022,"Letsel",2,"Personenauto","Fiets","Flank","Rotonde",50,"Niet brandend","Daglicht","Droog",\N,"600684033","Hofdreef","Zundert","Zundert","Noord-Brabant",false,51.476349,4.66963,"injury","2","clear",false,1,"GM0879"
"20220070097",2022,"Letsel",2,"Fiets",\N,"Eenzijdig","Bocht",50,"Niet brandend","Daglicht","Droog",\N,"600566511","Maasbrachterweg","Echt","Echt-Susteren","Limburg",false,51.116568,5.872547,"injury","2","clear",false,1,"GM1711"
"20220081637",2022,"Letsel",2,"Personenauto","Fiets","Flank","Kruispunt, 4 takken",50,"Niet brandend","Daglicht","Droog",\N,\N,"Lammenschansweg","Leiden","Leiden","Zuid-Holland",false,52.145271,4.489578,"injury","2","clear",false,1,"GM0546"
"20220089772",2022,"Letsel",2,"Personenauto","e-bike","Flank","Kruispunt, 3 takken",50,"Niet brandend","Daglicht","Droog",\N,\N,"Rooijakker","Erp","Meierijstad","Noord-Brabant",false,51.597448,5.609452,"injury","2","clear",false,1,"GM1948"
"20220089995",2022,"Letsel",2,"Personenauto","Fiets","Onbekend","Kruispunt, 4 takken",80,"Brandend","Schemer","Droog",\N,\N,"Schalkertweg","Deurne","Deurne","Noord-Brabant",false,51.469457,5.784048,"injury","2","clear",false,1,"GM0762"
"20220016827",2022,"Uitsluitend materiele schade",2,"Bestelauto","e-bike","Frontaal","Kruispunt, 3 takken",50,"Niet brandend","Daglicht","Droog",\N,\N,"Hamerstraat","Amsterdam","Amsterdam","Noord-Holland",false,52.386077,4.921796,"material damage only","4","clear",false,1,"GM0363"
"20220020068",2022,"Letsel",1,"Fiets",\N,"Eenzijdig","Bocht",50,"Niet brandend","Daglicht","Droog",\N,"182306025","Voorweg","Zoetermeer","Zoetermeer","Zuid-Holland",false,52.06327,4.461107,"injury","2","clear",false,1,"GM0637"
"20220039644",2022,"Uitsluitend materiele schade",1,"e-bike",\N,"Onbekend","Kruispunt, 4 takken",50,"Niet brandend","Daglicht","Droog",\N,\N,"Meerssenerweg","Maastricht","Maastricht","Limburg",false,50.859573,5.709546,"material damage only","4","clear",false,1,"GM0935"
"20220055273",2022,"Uitsluitend materiele schade",2,"Personenauto","Fiets","Flank","Kruispunt, 4 takken",50,"Niet brandend","Daglicht",\N,\N,\N,"Zeeburgerdijk","Amsterdam","Amsterdam","Noord-Holland",false,52.366146,4.939609,"material damage only","4","unknown",false,1,"GM0363"
"20220062474",2022,"Letsel",2,"Personenauto","Fiets","Flank","Kruispunt, 4 takken",50,"Niet brandend","Daglicht","Droog",\N,\N,"Rusthoflaan","Rotterdam","Rotterdam","Zuid-Holland",false,51.934377,4.498018,"injury","2","clear",false,1,"GM0599"
"20220068439",2022,"Uitsluitend materiele schade",2,"Personenauto","Fiets","Onbekend","Rotonde",50,"Niet brandend","Daglicht","Regen",\N,\N,"Raadhuisstraat","Venray","Venray","Limburg",false,51.531953,5.978663,"material damage only","4","rain",false,1,"GM0984"
"20220112807",2022,"Letsel",1,"Fiets",\N,"Eenzijdig",\N,80,\N,"Daglicht",\N,\N,\N,"Hengeland","Afferden L","Bergen (L)","Limburg",false,51.642837,5.999948,"injury","2","unknown",false,1,\N
"20220037788",2022,"Letsel",3,"Bestelauto","Fiets","Onbekend","Rechte weg",50,"Niet brandend","Daglicht",\N,\N,"165273086","Hoogstad","Vlaardingen","Vlaardingen","Zuid-Holland",false,51.916554,4.334661,"injury","2","unknown",false,1,"GM0622"
"20220058316",2022,"Letsel",1,"Fiets",\N,"Eenzijdig","Kruispunt, 4 takken",30,"Brandend","Duisternis","Droog",\N,\N,"Sint Jorisweg","Delft","Delft","Zuid-Holland",false,52.019146,4.361708,"injury","2","clear",false,1,"GM0503"
"20220068540",2022,"Uitsluitend materiele schade",2,"Personenauto","Fiets","Flank","Rotonde",50,"Niet brandend","Daglicht","Droog",\N,\N,"rotonde Maagdenberg","Venlo","Venlo","Limburg",false,51.360055,6.179887,"material damage only","4","clear",false,1,"GM0983"
"20220071896",2022,"Uitsluitend materiele schade",2,"Personenauto","Fiets","Frontaal","Rechte weg",30,"Niet brandend","Daglicht","Droog",\N,"464567043","Elzenlaan","Groningen","Groningen","Groningen",false,53.236668,6.547098,"material damage only","4","clear",false,1,"GM0014"
"20220078575",2022,"Letsel",2,"Personenauto","Fiets","Frontaal","Rechte weg",30,"Niet brandend","Daglicht",\N,\N,"208375028","Slachthuisstraat","Haarlem","Haarlem","Noord-Holland",false,52.37368,4.645314,"injury","2","unknown",false,1,"GM0392"
"20220081045",2022,"Uitsluitend materiele schade",2,"Personenauto","Fiets","Flank","Rotonde",80,"Niet brandend","Daglicht","Droog",\N,\N,"Dammerweg","Weesp","Amsterdam","Noord-Holland",false,52.290717,5.076231,"material damage only","4","clear",false,1,"GM0363"
"20220093037",2022,"Uitsluitend materiele schade",2,"Fiets","e-bike","Flank","Rechte weg",50,"Niet brandend","Daglicht","Droog",\N,"600256946","De Haar","Assen","Assen","Drenthe",false,52.966599,6.534321,"material damage only","4","clear",false,1,"GM0106"
"20220114262",2022,"Letsel",2,"e-bike","Bromfiets","Flank","Rechte weg",50,"Niet brandend","Daglicht","Droog",\N,"600888259","Brugstraat","Klazienaveen","Emmen","Drenthe",false,52.728629,6.985886,"injury","2","clear",false,1,"GM0114"
"20220063893",2022,"Letsel",2,"Bus","Fiets","Onbekend","Rechte weg",50,"Niet aanwezig","Daglicht",\N,\N,\N,"Kloosterplein","Breda","Breda","Noord-Brabant",false,51.587776,4.780775,"injury","2","unknown",false,1,"GM0758"
"20220083035",2022,"Letsel",1,"e-bike",\N,"Eenzijdig","Kruispunt, 4 takken",30,"Niet brandend","Daglicht","Droog",\N,\N,"Prinses Margrietlaan","Voorburg","Leidschendam-Voorburg","Zuid-Holland",false,52.077928,4.370822,"injury","2","clear",false,1,"GM1916"
"20220093065",2022,"Uitsluitend materiele schade",2,"Bromfiets","Fiets","Frontaal","Bocht",30,"Niet brandend","Daglicht",\N,"Brug/viaduct","600152290","Europaweg","Groningen","Groningen","Groningen",false,53.20493,6.618495,"material damage only","4","unknown",false,1,"GM0014"
"20220104808",2022,"Letsel",2,"Snorfiets","Fiets","Frontaal","Rechte weg",\N,"Niet brandend","Daglicht","Droog",\N,"600675831","Haagweg","Rijswijk","Rijswijk","Zuid-Holland",false,52.056559,4.338315,"injury","2","clear",false,1,\N
"20220020420",2022,"Letsel",1,"Fiets",\N,"Eenzijdig","Rechte weg",30,"Niet brandend","Daglicht","Droog",\N,"191342097","Hoofdstraat","Sassenheim","Teylingen","Zuid-Holland",false,52.227125,4.523373,"injury","2","clear",false,1,"GM1525"
"20220038005",2022,"Letsel",2,"Bromfiets","e-bike","Frontaal","Rechte weg",50,"Brandend","Duisternis","Regen",\N,"600909924","Maasboulevard","Rotterdam","Rotterdam","Zuid-Holland",false,51.91846,4.493175,"injury","2","rain",false,1,"GM0599"
"20220059659",2022,"Letsel",2,"Personenauto","e-bike","Flank","Rotonde",50,"Niet brandend","Daglicht","Droog",\N,\N,"Olympiarotonde","Gouda","Gouda","Zuid-Holland",false,52.022544,4.717975,"injury","2","clear",false,1,"GM0513"
"20220095228",2022,"Uitsluitend materiele schade",2,"Fiets","Personenauto","Onbekend","Kruispunt, 4 takken",60,"Niet brandend","Daglicht","Droog",\N,\N,"Herikeresweg","Markelo","Hof van Twente","Overijssel",false,52.242463,6.50946,"material damage only","4","clear",false,1,"GM1735"
"20220054278",2022,"Letsel",1,"Fiets",\N,"Eenzijdig","Rechte weg",30,"Niet brandend","Schemer","Droog",\N,"230355005","Kerkweg","Aalsmeer","Aalsmeer","Noord-Holland",false,52.284078,4.802541,"injury","2","clear",false,1,"GM0358"
"20220082296",2022,"Uitsluitend materiele schade",2,"Personenauto","Fiets","Onbekend","Kruispunt, 3 takken",30,"Niet brandend","Daglicht","Droog",\N,\N,"Laakkade","'s-Gravenhage","'s-Gravenhage","Zuid-Holland",false,52.057003,4.311989,"material damage only","4","clear",false,1,"GM0518"
"20220085418",2022,"Letsel",2,"Personenauto","Fiets","Frontaal","Kruispunt, 4 takken",60,"Niet brandend","Daglicht","Droog",\N,\N,"Oostveenseweg","Schipluiden","Midden-Delfland","Zuid-Holland",false,51.9549,4.350711,"injury","2","clear",false,1,"GM1842"
"20220032492",2022,"Letsel",2,"Bromfiets","Fiets","Flank","Rechte weg",50,"Brandend","Duisternis","Droog",\N,"468563096","Damsterdiep","Groningen","Groningen","Groningen",false,53.21755,6.57574,"injury","2","clear",false,1,"GM0014"
"20220041994",2022,"Letsel",1,"Fiets",\N,"Eenzijdig","Rechte weg",30,"Niet brandend","Daglicht","Droog",\N,"600902010","Straatweg","Lemmer","De Fryske Marren","Friesland",false,52.849818,5.714419,"injury","2","clear",false,1,"GM1940"
"20220043721",2022,"Uitsluitend materiele schade",2,"Personenauto","e-bike","Flank","Kruispunt, 3 takken",60,"Niet brandend","Daglicht","Droog",\N,\N,"Brinkerweg","Emst","Epe","Gelderland",false,52.318995,5.99338,"material damage only","4","clear",false,1,"GM0232"
"20220047065",2022,"Letsel",2,"Bestelauto","Fiets","Frontaal","Kruispunt, 3 takken",80,"Niet brandend","Daglicht","Droog",\N,\N,"Zweekhorstweg","Zevenaar","Zevenaar","Gelderland",false,51.962885,6.085237,"injury","2","clear",false,1,"GM0299"
"20220094585",2022,"Uitsluitend materiele schade",2,"e-bike","Fiets","Frontaal","Bocht",50,"Niet brandend","Daglicht","Droog",\N,"376383014","Hertog Karelweg","'t Harde","Elburg","Gelderland",false,52.414995,5.878542,"material damage only","4","clear",false,1,"GM0230"
"20220042099",2022,"Letsel",2,"e-bike","Scootmobiel","Flank","Kruispunt, 3 takken",30,"Niet brandend","Daglicht","Droog",\N,\N,"Flevostraat","Lemmer","De Fryske Marren","Friesland",false,52.846737,5.707848,"injury","2","clear",false,1,"GM1940"
"20220043893",2022,"Uitsluitend materiele schade",2,"Personenauto","e-bike","Flank","Rotonde",\N,"Niet brandend","Daglicht","Droog",\N,\N,"Apollolaan","Almelo","Almelo","Overijssel",false,52.357297,6.646601,"material damage only","4","clear",false,1,"GM0141"
"20220045662",2022,"Uitsluitend materiele schade",2,"Bestelauto","Fiets","Flank","Kruispunt, 4 takken",50,"Niet brandend","Daglicht","Droog",\N,\N,"Sluiskade Noordzijde","Almelo","Almelo","Overijssel",false,52.362273,6.668132,"material damage only","4","clear",false,1,"GM0141"
"20220086842",2022,"Letsel",2,"Personenauto","Fiets","Frontaal","Kruispunt, 4 takken",30,"Niet brandend","Daglicht","Droog",\N,\N,"Stompe Torenlaan","Woensdrecht","Woensdrecht","Noord-Brabant",false,51.429719,4.300897,"injury","2","clear",false,1,"GM0873"
"20220097989",2022,"Uitsluitend materiele schade",2,"Snorfiets","Fiets","Frontaal","Kruispunt, 4 takken",30,"Niet brandend","Daglicht","Droog","Brug/viaduct",\N,"De Veste 17","Lelystad","Lelystad","Flevoland",false,52.518442,5.476479,"material damage only","4","clear",false,1,"GM0995"
"20220098908",2022,"Uitsluitend materiele schade",1,"Fiets",\N,"Onbekend","Rechte weg",60,"Niet aanwezig","Daglicht","Droog",\N,"600798464","Nijkerkerpad","Zeewolde","Zeewolde","Flevoland",false,52.321776,5.429461,"material damage only","4","clear",false,1,"GM0050"
"20220073578",2022,"Uitsluitend materiele schade",2,"Fiets","Fiets","Frontaal","Rechte weg",30,"Niet brandend","Daglicht",\N,\N,"343367066","P.C. Hooftplein","Harderwijk","Harderwijk","Gelderland",false,52.343074,5.635962,"material damage only","4","unknown",false,1,"GM0243"
"20220036741",2022,"Uitsluitend materiele schade",2,"Bromfiets","Fiets","Kop/staart","Rechte weg",30,"Niet brandend","Daglicht","Droog","Tunnel",\N,"Oude Kustlijn","'s-Gravenhage","'s-Gravenhage","Zuid-Holland",false,52.040538,4.368448,"material damage only","4","clear",false,1,"GM0518"
"20220038547",2022,"Uitsluitend materiele schade",2,"Personenauto","e-bike","Frontaal","Kruispunt, 3 takken",30,"Niet brandend","Daglicht","Droog",\N,\N,"Kuilenven","Goirle","Goirle","Noord-Brabant",false,51.524246,5.056419,"material damage only","4","clear",false,1,"GM0785"
"20220050118",2022,"Uitsluitend materiele schade",2,"Bestelauto","Fiets","Onbekend","Rechte weg",30,"Niet brandend","Daglicht","Droog",\N,"288369048","De Steiger","Almere","Almere","Flevoland",false,52.34962,5.227628,"material damage only","4","clear",false,1,"GM0034"
"20220059887",2022,"Letsel",2,"Bromfiets","Fiets","Flank","Kruispunt, 3 takken",30,"Niet brandend","Daglicht","Droog",\N,\N,"Westduinweg","'s-Gravenhage","'s-Gravenhage","Zuid-Holland",false,52.09344,4.267742,"injury","2","clear",false,1,"GM0518"
"20220059890",2022,"Letsel",2,"Personenauto","Fiets","Flank","Kruispunt, 3 takken",50,"Niet brandend","Daglicht","Droog",\N,"600714835","Kranenburgweg","'s-Gravenhage","'s-Gravenhage","Zuid-Holland",false,52.090284,4.267631,"injury","2","clear",false,1,"GM0518"
"20220059907",2022,"Letsel",2,"Personenauto","Fiets","Flank","Kruispunt, 4 takken",50,"Brandend","Duisternis","Droog",\N,\N,"Cartesiusstraat","'s-Gravenhage","'s-Gravenhage","Zuid-Holland",true,52.070945,4.275585,"injury","2","clear",false,1,"GM0518"
"20220059909",2022,"Uitsluitend materiele schade",2,"Bromfiets","Fiets","Onbekend","Bocht",30,"Brandend","Schemer","Droog",\N,"170307015","Nieuweveensepad","'s-Gravenhage","'s-Gravenhage","Zuid-Holland",true,52.063962,4.370182,"material damage only","4","clear",false,1,"GM0518"
"20220104141",2022,"Uitsluitend materiele schade",1,"Fiets",\N,"Onbekend","Bocht",\N,"Niet brandend","Daglicht","Droog",\N,"600569842","Verbeekstraat","Leiden","Leiden","Zuid-Holland",false,52.163765,4.464036,"material damage only","4","clear",false,1,"GM0546"
"20220040659",2022,"Letsel",2,"Fiets","Voetganger","Voetganger","Kruispunt, 3 takken",50,"Brandend","Duisternis","Droog",\N,\N,"Westersingel","Leeuwarden","Leeuwarden","Friesland",false,53.200455,5.788089,"injury","2","clear",false,1,"GM0080"
"20220055824",2022,"Letsel",2,"Personenauto","e-bike","Frontaal","Kruispunt, 3 takken",50,"Niet brandend","Daglicht","Droog",\N,\N,"Middenweg","Amsterdam","Amsterdam","Noord-Holland",false,52.35414,4.929936,"injury","2","clear",false,1,"GM0363"
"20220055847",2022,"Uitsluitend materiele schade",2,"Personenauto","Fiets","Onbekend","Rotonde",50,"Niet aanwezig","Daglicht","Droog",\N,\N,"Burgemeester Röellstraat","Amsterdam","Amsterdam","Noord-Holland",false,52.375927,4.818413,"material damage only","4","clear",false,1,"GM0363"
"20220066177",2022,"Uitsluitend materiele schade",2,"Personenauto","Fiets","Onbekend","Kruispunt, 4 takken",50,"Brandend","Duisternis","Droog",\N,\N,"Guido Gezellestraat","Terneuzen","Terneuzen","Zeeland",false,51.31896,3.844017,"material damage only","4","clear",false,1,"GM0715"
"20220067816",2022,"Letsel",3,"Fiets","Fiets","Onbekend","Rechte weg",50,"Niet brandend","Daglicht","Droog",\N,"600455774","Vlijmenseweg","'s-Hertogenbosch","'s-Hertogenbosch","Noord-Brabant",false,51.68939,5.266355,"injury","2","clear",false,1,"GM0796"
"20220099400",2022,"Letsel",2,"Bromfiets","Fiets","Frontaal","Rechte weg",50,"Niet brandend","Daglicht","Droog",\N,"286320009","Julianalaan","Bilthoven","De Bilt","Utrecht",false,52.133026,5.218202,"injury","2","clear",false,1,"GM0310"
"20220103199",2022,"Uitsluitend materiele schade",2,"Personenauto","e-bike","Flank","Kruispunt, 4 takken",50,\N,"Daglicht","Droog",\N,\N,"Nassaukade","Amsterdam","Amsterdam","Noord-Holland",false,52.377883,4.877277,"material damage only","4","clear",false,1,"GM0363"
"20220105757",2022,"Letsel",2,"Personenauto","Fiets","Flank","Rechte weg",50,"Niet brandend","Daglicht","Droog",\N,"600712048","Madeweg","Monster","Westland","Zuid-Holland",false,52.03137,4.188526,"injury","2","clear",false,1,"GM1783"
"20220044215",2022,"Uitsluitend materiele schade",2,"Personenauto","Fiets","Flank","Kruispunt, 4 takken",30,"Brandend","Schemer","Droog",\N,\N,"Stationsweg","Emst","Epe","Gelderland",false,52.314551,5.974812,"material damage only","4","clear",false,1,"GM0232"
"20220060153",2022,"Uitsluitend materiele schade",2,"Bestelauto","Fiets","Voetganger","Kruispunt, 3 takken",50,"Niet brandend","Daglicht","Droog",\N,\N,"Zeestraat","'s-Gravenhage","'s-Gravenhage","Zuid-Holland",false,52.083999,4.303939,"material damage only","4","clear",false,1,"GM0518"
"20220101341",2022,"Uitsluitend materiele schade",1,"Fiets",\N,"Onbekend","Kruispunt, 3 takken",30,"Niet brandend","Daglicht","Droog",\N,\N,"Middelweg","Uitgeest","Uitgeest","Noord-Holland",false,52.520949,4.707285,"material damage only","4","clear",false,1,"GM0450"
"20220101995",2022,"Uitsluitend materiele schade",2,"Bromfiets","Fiets","Frontaal","Rechte weg",50,"Niet brandend","Daglicht",\N,\N,"600502351","Langevliet","Julianadorp","Den Helder","Noord-Holland",false,52.907556,4.752951,"material damage only","4","unknown",false,1,"GM0400"
"20220103845",2022,"Letsel",1,"Fiets",\N,"Eenzijdig","Rechte weg",30,"Niet brandend","Daglicht","Droog",\N,"150305019","Landréstraat","'s-Gravenhage","'s-Gravenhage","Zuid-Holland",false,52.059085,4.227188,"injury","2","clear",false,1,"GM0518"
"20220104325",2022,"Letsel",2,"Snorfiets","Fiets","Frontaal","Rechte weg",\N,"Niet brandend","Daglicht","Droog",\N,\N,"Vijf Meilaan","Leiden","Leiden","Zuid-Holland",false,52.147585,4.477222,"injury","2","clear",false,1,"GM0546"