"accident_id","year","severity_raw","party_count","party1_type","party2_type","accident_type","road_situation","speed_limit_kmh","road_lighting","light_condition_label","weather_raw","infra_type","road_segment_id","street_name","place_name","gemeente_name_raw","province","alcohol_indicated","latitude","longitude","severity_label","severity_code","weather_label","built_up_area","cyclists_involved","gemeente_code"
"20220035174",2022,"Uitsluitend materiele schade",2,"Personenauto","Fiets","Geparkeerd voertuig","Kruispunt, 4 takken",30,"Niet brandend","Daglicht","Droog","Parkeervoorziening",\N,"Frank Sinatraplein","Beverwijk","Beverwijk","Noord-Holland",false,52.495733,4.663871,"material damage only","4","clear",false,1,"GM0375"
"20220056113",2022,"Letsel",2,"Personenauto","Fiets","Flank","Rotonde",50,"Niet brandend","Daglicht",\N,\N,\N,"Binkhorst","Alphen aan den Rijn","Alphen aan den Rijn","Zuid-Holland",false,52.150949,4.662893,"injury","2","unknown",false,1,"GM0484"
"20220059134",2022,"Letsel",2,"Bus","Fiets","Flank","Rechte weg",50,"Niet brandend","Daglicht",\N,\N,\N,"Sportlaan","'s-Gravenhage","'s-Gravenhage","Zuid-Holland",false,52.080318,4.260251,"injury","2","unknown",false,1,"GM0518"
"20220108143",2022,"Letsel",2,"Bromfiets","Fiets","Flank","Rechte weg",30,"Niet brandend","Daglicht","Droog",\N,"189277004","Kralingse Plaslaan","Rotterdam","Rotterdam","Zuid-Holland",false,51.931918,4.508115,"injury","2","clear",false,1,"GM0599"
"20220109980",2022,"Uitsluitend materiele schade",2,"Bestelauto","Fiets","Flank","Rechte weg",50,"Niet brandend","Daglicht","Droog",\N,"227192022","Dorpstraat","Ulvenhout","Breda","Noord-Brabant",false,51.553424,4.795525,"material damage only","4","clear",false,1,"GM0758"
"20220075679",2022,"Letsel",2,"Fiets","Personenauto","Flank","Kruispunt, 3 takken",30,"Niet brandend","Daglicht","Droog",\N,\N,"Burg van Weliestraat","Borculo","Berkelland","Gelderland",false,52.114365,6.519432,"injury","2","clear",false,1,"GM1859"
"20220037105",2022,"Letsel",2,"Personenauto","e-bike","Flank","Kruispunt, 4 takken",30,"Niet brandend","Daglicht",\N,\N,\N,"Koningin Julianalaan","Katwijk","Katwijk","Zuid-Holland",false,52.200931,4.416298,"injury","2","unknown",false,1,"GM0537"
"20220037111",2022,"Letsel",2,"Fiets","Fiets","Flank","Kruispunt, 4 takken",60,"Niet brandend","Daglicht","Droog","Brug/viaduct",\N,"Kniplaan","Leidschendam","Leidschendam-Voorburg","Zuid-Holland",false,52.106364,4.435558,"injury","2","clear",false,1,"GM1916"
"20220047591",2022,"Uitsluitend materiele schade",2,"Fiets","Fiets","Flank","Kruispunt, 3 takken",50,"Niet brandend","Daglicht",\N,\N,\N,"Kalanderstraat","Rijssen","Rijssen-Holten","Overijssel",false,52.32283,6.502354,"material damage only","4","unknown",false,1,"GM1742"
"20220048936",2022,"Uitsluitend materiele schade",2,"Vrachtauto","Fiets","Flank","Kruispunt, 4 takken",30,"Niet brandend","Daglicht","Droog",\N,"600920582","Vredenburg","Utrecht","Utrecht","Utrecht",false,52.092856,5.111452,"material damage only","4","clear",false,1,"GM0344"
"20220051998",2022,"Uitsluitend materiele schade",2,"Fiets","Personenauto","Flank","Kruispunt, 3 takken",50,"Niet brandend","Daglicht","Droog",\N,\N,"Dinkelweg","Hoorn","Hoorn","Noord-Holland",false,52.656265,5.095462,"material damage only","4","clear",false,1,"GM0405"
"20220056303",2022,"Letsel",2,"Personenauto","Fiets","Flank","Kruispunt, 4 takken",30,"Niet brandend","Daglicht","Droog",\N,\N,"Thorbeckestraat","Leiden","Leiden","Zuid-Holland",false,52.150112,4.497419,"injury","2","clear",false,1,"GM0546"
"20220066542",2022,"Uitsluitend materiele schade",2,"Personenauto","Fiets","Flank","Kruispunt, 3 takken",50,"Niet brandend","Daglicht","Droog",\N,\N,"Hortsedijk","Helmond","Helmond","Noord-Brabant",false,51.474567,5.633346,"material damage only","4","clear",false,1,"GM0794"
"20220112619",2022,"Letsel",1,"Fiets",\N,"Eenzijdig",\N,50,\N,"Daglicht",\N,\N,"355035034","Heerderweg","Maastricht","Maastricht","Limburg",false,50.847035,5.707124,"injury","2","unknown",false,1,"GM0935"
"20220074109",2022,"Letsel",2,"Bromfiets","e-bike","Onbekend","Rechte weg",50,"Niet brandend","Daglicht","Droog",\N,"373288105","Utrechtseweg","Oosterbeek","Renkum","Gelderland",false,51.986648,5.848437,"injury","2","clear",false,1,"GM0274"
"20220022124",2022,"Uitsluitend materiele schade",2,"Personenauto","Fiets","Onbekend","Kruispunt, 4 takken",50,"Brandend","Duisternis","Droog",\N,\N,"Prins Alexanderlaan","Rotterdam","Rotterdam","Zuid-Holland",false,51.948979,4.552168,"material damage only","4","clear",false,1,"GM0599"
"20220050510",2022,"Uitsluitend materiele schade",2,"Personenauto","Fiets","Flank","Kruispunt, 4 takken",30,"Niet brandend","Daglicht","Droog",\N,\N,"J.J. Slauerhoffstraat","Almere","Almere","Flevoland",false,52.356684,5.181176,"material damage only","4","clear",false,1,"GM0034"
"20230079625",2023,"Uitsluitend materiele schade",2,"Personenauto","Fiets","Onbekend",\N,\N,\N,"Daglicht",\N,\N,"242250062","Kruisstraat","Werkendam","Altena","Noord-Brabant",false,51.814076,4.896865,"material damage only","4","unknown",false,1,"GM1959"
"20230000319",2023,"Letsel",1,"Fiets",\N,"Eenzijdig","Rechte weg",50,"Niet brandend","Daglicht","Droog",\N,"466562047","Eeldersingel","Groningen","Groningen","Groningen",false,53.213041,6.557319,"injury","2","clear",false,1,"GM0014"
"20230010557",2023,"Uitsluitend materiele schade",2,"Personenauto","e-bike","Flank","Rotonde",50,"Brandend","Duisternis","Regen",\N,\N,"Noorderweg","Leeuwarden","Leeuwarden","Friesland",false,53.205569,5.800305,"material damage only","4","rain",false,1,"GM0080"
"20230050840",2023,"Letsel",1,"Fiets",\N,"Eenzijdig",\N,50,\N,"Daglicht",\N,\N,"162310036","Parkstraat","'s-Gravenhage","'s-Gravenhage","Zuid-Holland",false,52.081968,4.309142,"injury","2","unknown",false,1,"GM0518"
"20230058175",2023,"Letsel",1,"Fiets",\N,"Eenzijdig",\N,\N,\N,"Schemer",\N,\N,"600442984","Leidsevaart","Voorhout","Teylingen","Zuid-Holland",false,52.220189,4.476749,"injury","2","unknown",false,1,"GM1525"
"20230000683",2023,"Uitsluitend materiele schade",2,"Fiets","Fiets","Flank","Rechte weg",50,"Niet brandend","Daglicht","Droog",\N,"390344027","Anklaarseweg","Apeldoorn","Apeldoorn","Gelderland",false,52.235218,5.977241,"material damage only","4","clear",false,1,"GM0200"
"20230002254",2023,"Letsel",2,"Personenauto","e-bike","Flank","Kruispunt, 3 takken",50,"Niet brandend","Daglicht","Droog",\N,\N,"Groen van Prinstererstr","Arnhem","Arnhem","Gelderland",false,51.979087,5.924723,"injury","2","clear",false,1,"GM0202"
"20230011242",2023,"Uitsluitend materiele schade",2,"Personenauto","Fiets","Flank","Kruispunt, 3 takken",50,"Niet brandend","Daglicht","Droog",\N,\N,"Frieslandsingel","Arnhem","Arnhem","Gelderland",false,51.950891,5.904961,"material damage only","4","clear",false,1,"GM0202"
"20230011553",2023,"Uitsluitend materiele schade",3,"Personenauto","Fiets","Onbekend","Rotonde",50,"Niet brandend","Daglicht","Droog",\N,\N,"Sportboulevard","Hardenberg","Hardenberg","Overijssel",false,52.570523,6.630386,"material damage only","4","clear",false,1,"GM0160"
"20230001463",2023,"Letsel",2,"Fiets","Fiets","Onbekend","Rechte weg",80,"Niet brandend","Daglicht","Droog",\N,"537501008","Beetserweg","Sellingen","Westerwolde","Groningen",false,52.933422,7.082824,"injury","2","clear",false,1,"GM1950"
"20230011697",2023,"Uitsluitend materiele schade",2,"Personenauto","Fiets","Flank","Kruispunt, 4 takken",50,"Brandend","Duisternis","Droog",\N,\N,"Oslostraat","Hengelo","Hengelo (O)","Overijssel",false,52.294749,6.797859,"material damage only","4","clear",false,1,\N
"20230011959",2023,"Uitsluitend materiele schade",2,"Personenauto","Fiets","Flank","Kruispunt, 4 takken",50,"Brandend","Duisternis","Droog",\N,\N,"Dubbelinckhoek","Enschede","Enschede","Overijssel",false,52.196237,6.859853,"material damage only","4","clear",false,1,"GM0153"
"20230037368",2023,"Dodelijk",2,"e-bike","e-bike","Kop/staart","Kruispunt, 3 takken",30,"Niet brandend","Daglicht","Droog",\N,\N,"Heemradenlaan","IJsselstein","IJsselstein","Utrecht",false,52.018771,5.030456,"fatal","1","clear",false,1,"GM0353"
"20230000476",2023,"Letsel",2,"Fiets","Personenauto","Flank","Kruispunt, 4 takken",30,"Niet brandend","Daglicht","Droog",\N,\N,"De Keerkring","Apeldoorn","Apeldoorn","Gelderland",false,52.217243,6.006471,"injury","2","clear",false,1,"GM0200"
"20230001483",2023,"Letsel",2,"Personenauto","Fiets","Flank","Rechte weg",50,"Niet brandend","Daglicht","Droog",\N,"535540013","Hoofdweg","Blijham","Westerwolde","Groningen",false,53.107403,7.073244,"injury","2","clear",false,1,"GM1950"
"20230001498",2023,"Letsel",2,"Fiets",\N,"Eenzijdig","Rechte weg",30,"Niet aanwezig","Daglicht","Droog",\N,"600359792","Torenstraat","Groningen","Groningen","Groningen",false,53.214894,6.56297,"injury","2","clear",false,1,"GM0014"
"20230009632",2023,"Uitsluitend materiele schade",2,"Bromfiets","Fiets","Onbekend","Rechte weg",30,"Niet brandend","Daglicht","Droog",\N,"405538013","Torenstraat","Drachten","Smallingerland","Friesland",false,53.107241,6.100865,"material damage only","4","clear",false,1,"GM0090"
"20230012536",2023,"Uitsluitend materiele schade",2,"Personenauto","Fiets","Flank","Kruispunt, 3 takken",50,"Niet brandend","Daglicht","Droog",\N,\N,"Dorpsstraat","Otterlo","Ede","Gelderland",false,52.101456,5.771764,"material damage only","4","clear",false,1,"GM0228"
"20230004165",2023,"Uitsluitend materiele schade",2,"Personenauto","Fiets","Geparkeerd voertuig","Rechte weg",30,"Brandend","Duisternis","Droog",\N,"235369014","Voorburgstraat","Amsterdam","Amsterdam","Noord-Holland",false,52.348556,4.84277,"material damage only","4","clear",false,1,"GM0363"
"20230051590",2023,"Uitsluitend materiele schade",2,"Fiets","Fiets","Onbekend",\N,50,\N,"Duisternis",\N,\N,"600918801","Belcrumweg","Breda","Breda","Noord-Brabant",false,51.597188,4.77059,"material damage only","4","unknown",false,1,"GM0758"
"20230102211",2023,"Letsel",1,"Fiets",\N,"Eenzijdig",\N,\N,\N,"Duisternis",\N,\N,"600727960","Kerkenbos","Zoetermeer","Zoetermeer","Zuid-Holland",false,52.057352,4.473297,"injury","2","unknown",false,1,"GM0637"
"20230002956",2023,"Uitsluitend materiele schade",2,"Bestelauto","Fiets","Flank","Kruispunt, 3 takken",50,"Brandend","Duisternis","Regen",\N,\N,"Omloop","Utrecht","Utrecht","Utrecht",false,52.105449,5.105777,"material damage only","4","rain",false,1,"GM0344"
"20230004052",2023,"Uitsluitend materiele schade",2,"Personenauto","Fiets","Flank","Kruispunt, 3 takken",50,\N,"Daglicht","Regen","Brug/viaduct",\N,"Amsteldijk Noord","Amstelveen","Amstelveen","Noord-Holland",false,52.30939,4.905321,"material damage only","4","rain",false,1,"GM0362"
"20230005369",2023,"Letsel",2,"Personenauto","Fiets","Onbekend","Kruispunt, 4 takken",30,"Niet brandend","Daglicht","Droog",\N,\N,"Mient","'s-Gravenhage","'s-Gravenhage","Zuid-Holland",false,52.07149,4.272359,"injury","2","clear",false,1,"GM0518"
"20230019267",2023,"Letsel",1,"Fiets",\N,"Eenzijdig",\N,50,\N,"Daglicht",\N,\N,"457376014","Collenstaartweg","Nijverdal","Hellendoorn","Overijssel",false,52.377916,6.471885,"injury","2","unknown",false,1,"GM0163"
"20230025417",2023,"Uitsluitend materiele schade",2,"Personenauto","Fiets","Onbekend",\N,50,\N,"Daglicht",\N,\N,"199281076","Posthoorn","Capelle aan den IJssel","Capelle aan den IJssel","Zuid-Holland",false,51.951167,4.581673,"material damage only","4","unknown",false,1,"GM0502"
"20230077751",2023,"Letsel",1,"Fiets",\N,"Eenzijdig",\N,30,\N,"Duisternis",\N,\N,\N,"Brusselselaan","'s-Gravenhage","'s-Gravenhage","Zuid-Holland",false,52.107439,4.291967,"injury","2","unknown",false,1,"GM0518"
"20230007744",2023,"Letsel",2,"Fiets","Fiets","Flank","Kruispunt, 3 takken",50,"Brandend","Schemer","Sneeuw/Hagel",\N,\N,"Winston Churchilllaan","Eindhoven","Eindhoven","Noord-Brabant",false,51.467247,5.478305,"injury","2","unknown",false,1,"GM0772"
"20230008891",2023,"Uitsluitend materiele schade",1,"Fiets",\N,"Onbekend","Kruispunt, 3 takken",30,"Niet aanwezig","Daglicht","Regen",\N,\N,"Verdilaan","Heesch","Bernheze","Noord-Brabant",false,51.73192,5.537517,"material damage only","4","rain",false,1,"GM1721"
"20230028488",2023,"Uitsluitend materiele schade",2,"Scootmobiel","Fiets","Onbekend",\N,50,\N,"Daglicht",\N,\N,"600701058","Burg Stulemeijerlaan","Bergen op Zoom","Bergen op Zoom","Noord-Brabant",false,51.497437,4.28337,"material damage only","4","unknown",false,1,"GM0748"
"20230007738",2023,"Letsel",3,"Personenauto","Fiets","Onbekend","Kruispunt, 4 takken",30,"Niet brandend","Daglicht","Regen",\N,\N,"Dahliastraat","Rosmalen","'s-Hertogenbosch","Noord-Brabant",false,51.715704,5.359709,"injury","2","rain",false,1,"GM0796"
"20230006038",2023,"Letsel",8,"Personenauto","Fiets","Onbekend","Rechte weg",50,"Niet brandend","Daglicht","Droog",\N,"600562644","Dedemsvaartweg","'s-Gravenhage","'s-Gravenhage","Zuid-Holland",false,52.053351,4.258197,"injury","2","clear",false,1,"GM0518"
"20230011056",2023,"Uitsluitend materiele schade",2,"Snorfiets","Fiets","Frontaal","Rechte weg",50,"Niet brandend","Daglicht","Droog",\N,"390340028","Sluisoordlaan","Apeldoorn","Apeldoorn","Gelderland",false,52.22077,5.974693,"material damage only","4","clear",false,1,"GM0200"
"20230100706",2023,"Dodelijk",2,"Personenauto","Fiets","Frontaal","Rechte weg",60,"Niet brandend","Daglicht","Droog",\N,"350242012","Maasdijk","Neerloon","Oss","Noord-Brabant",true,51.785245,5.68958,"fatal","1","clear",false,1,"GM0828"
"20230010658",2023,"Uitsluitend materiele schade",2,"Personenauto","Fiets","Flank","Kruispunt, 3 takken",50,"Brandend","Duisternis","Droog",\N,\N,"Molenstraat","Marum","Westerkwartier","Groningen",false,53.145767,6.271327,"material damage only","4","clear",false,1,"GM1969"
"20230011039",2023,"Uitsluitend materiele schade",2,"Personenauto","Fiets","Flank","Kruispunt, 4 takken",30,"Niet brandend","Daglicht","Droog",\N,\N,"Bredasingel","Arnhem","Arnhem","Gelderland",false,51.949831,5.863072,"material damage only","4","clear",false,1,"GM0202"
"20230037196",2023,"Uitsluitend materiele schade",2,"e-bike","Personenauto","Flank","Kruispunt, 3 takken",50,"Niet brandend","Daglicht","Droog",\N,\N,"Parkrijklaan","Assendelft","Zaanstad","Noord-Holland",false,52.485236,4.745444,"material damage only","4","clear",false,1,"GM0479"
"20240079524",2024,"Dodelijk",2,"Personenauto","Fiets","Frontaal","Kruispunt, 4 takken",80,"Niet brandend","Daglicht","Droog",\N,\N,"FIETSPAD","Hem","Drechterland","Noord-Holland",false,52.662948,5.149204,"fatal","1","clear",false,1,"GM0498"
"20240037488",2024,"Uitsluitend materiele schade",2,"Fiets","Voetganger","Voetganger","Rechte weg",30,"Niet brandend","Daglicht","Droog",\N,"600359837","Bedumerstraat","Groningen","Groningen","Groningen",false,53.229758,6.560278,"material damage only","4","clear",false,1,"GM0014"
"20240038655",2024,"Letsel",2,"Bestelauto","Fiets","Flank","Rotonde",50,"Niet brandend","Daglicht","Droog",\N,\N,"de Kronkels","Bunschoten-Spakenburg","Bunschoten","Utrecht",false,52.233992,5.367692,"injury","2","clear",false,1,"GM0313"
"20240022234",2024,"Uitsluitend materiele schade",2,"Bestelauto","Fiets","Onbekend","Rotonde",50,"Niet brandend","Daglicht","Droog",\N,\N,"Johan de Wittstraat","Dordrecht","Dordrecht","Zuid-Holland",false,51.811228,4.668231,"material damage only","4","clear",false,1,"GM0505"
"20240018782",2024,"Uitsluitend materiele schade",2,"Personenauto","Fiets","Flank","Kruispunt, 4 takken",30,"Niet brandend","Daglicht","Droog",\N,\N,"Jan Rijksenstraat","Almere","Almere","Flevoland",false,52.404653,5.293914,"material damage only","4","clear",false,1,"GM0034"
"20240019937",2024,"Letsel",2,"Personenauto","Fiets","Flank","Kruispunt, 3 takken",50,"Niet brandend","Daglicht","Droog",\N,\N,"Deurningerstraat","Hengelo","Hengelo (O)","Overijssel",false,52.269363,6.801807,"injury","2","clear",false,1,\N
"20240020274",2024,"Uitsluitend materiele schade",2,"Fiets","Personenauto","Flank","Kruispunt, 4 takken",50,"Brandend","Schemer","Droog",\N,\N,"Melis Stokelaan","'s-Gravenhage","'s-Gravenhage","Zuid-Holland",false,52.036662,4.261771,"material damage only","4","clear",false,1,"GM0518"
"20240020398",2024,"Letsel",2,"Fiets","Lichtmast","Vast voorwerp","Rechte weg",50,"Niet brandend","Daglicht","Droog",\N,\N,"Flevoweg","Leiden","Leiden","Zuid-Holland",false,52.17411,4.498848,"injury","2","clear",false,1,"GM0546"
"20240020403",2024,"Letsel",3,\N,"Fiets","Onbekend","Rechte weg",60,"Niet aanwezig","Daglicht","Droog",\N,"200335001","Ripselaan","Rijpwetering","Kaag en Braassem","Zuid-Holland",false,52.196736,4.591221,"injury","2","clear",false,1,"GM1884"
"20240020695",2024,"Uitsluitend materiele schade",2,"Fiets","Personenauto","Flank","Kruispunt, 4 takken",50,"Brandend","Duisternis","Regen",\N,\N,"Weimarstraat","'s-Gravenhage","'s-Gravenhage","Zuid-Holland",false,52.074095,4.277886,"material damage only","4","rain",false,1,"GM0518"
"20240039607",2024,"Letsel",1,"Fiets",\N,"Onbekend","Rechte weg",60,"Niet brandend","Daglicht","Droog",\N,"600784008","Zuiderdijk","Venhuizen","Drechterland","Noord-Holland",false,52.65529,5.232067,"injury","2","clear",false,1,"GM0498"
"20240039659",2024,"Uitsluitend materiele schade",2,"Bromfiets","Fiets","Flank","Kruispunt, 4 takken",30,"Niet aanwezig","Daglicht","Regen",\N,\N,"Engelsestraat","Delft","Delft","Zuid-Holland",false,52.000693,4.359751,"material damage only","4","rain",false,1,"GM0503"
"20240035200",2024,"Uitsluitend materiele schade",2,"Personenauto","Fiets","Flank","Kruispunt, 3 takken",50,"Niet brandend","Daglicht","Droog",\N,\N,"Hoogpoort","Weert","Weert","Limburg",false,51.257158,5.706867,"material damage only","4","clear",false,1,"GM0988"
"20240043217",2024,"Letsel",3,"Personenauto","Fiets","Onbekend","Rechte weg",50,"Niet brandend","Daglicht","Droog",\N,"600361078","Pleinweg","Rotterdam","Rotterdam","Zuid-Holland",true,51.890738,4.483686,"injury","2","clear",false,1,"GM0599"
"20240021114",2024,"Letsel",2,"Bromfiets","Fiets","Flank","Rechte weg",30,"Niet brandend","Daglicht","Droog",\N,"185328110","Stationsplein","Leiden","Leiden","Zuid-Holland",false,52.163642,4.480094,"injury","2","clear",false,1,"GM0546"
"20240024304",2024,"Dodelijk",2,"Vrachtauto","Fiets","Flank","Kruispunt, 3 takken",50,"Niet brandend","Daglicht","Droog",\N,\N,"Koolhaasstraat","Sittard","Sittard-Geleen","Limburg",false,51.014941,5.866729,"fatal","1","clear",false,1,"GM1883"
"20240024185",2024,"Uitsluitend materiele schade",2,"Personenauto","Fiets","Los voorwerp","Kruispunt, 3 takken",60,"Niet brandend","Daglicht","Regen",\N,\N,"Heikantstraat","Budel","Cranendonck","Noord-Brabant",false,51.264059,5.593581,"material damage only","4","rain",false,1,"GM1706"
"20240006834",2024,"Letsel",2,"Fiets","Overig vast object","Vast voorwerp","Kruispunt, 3 takken",30,"Niet brandend","Daglicht","Droog",\N,"601029828","Kokermolen","Houten","Houten","Utrecht",false,52.028548,5.178642,"injury","2","clear",false,1,"GM0321"
"20240028003",2024,"Uitsluitend materiele schade",2,\N,"Fiets","Flank","Rechte weg",50,"Niet brandend","Daglicht","Droog",\N,"218349006","Aalsmeerderdijk","Rijsenhout","Haarlemmermeer","Noord-Holland",false,52.258445,4.71904,"material damage only","4","clear",false,1,"GM0394"
"20240025810",2024,"Letsel",2,"Personenauto","Fiets","Kop/staart","Rechte weg",30,"Niet aanwezig","Daglicht","Droog",\N,"600386282","Noordkade","Drachten","Smallingerland","Friesland",false,53.106988,6.103912,"injury","2","clear",false,1,"GM0090"
"20240039693",2024,"Letsel",1,"Fiets",\N,"Eenzijdig","Rechte weg",50,"Niet brandend","Daglicht","Droog",\N,"600917311","Carel van Bylandtlaan","'s-Gravenhage","'s-Gravenhage","Zuid-Holland",false,52.093162,4.312173,"injury","2","clear",false,1,"GM0518"
"20240039700",2024,"Letsel",2,"Fiets","Fiets","Flank","Bocht",30,"Niet brandend","Daglicht","Droog",\N,"162286025","Burg van Gentsingel","Schipluiden","Midden-Delfland","Zuid-Holland",false,51.973319,4.314335,"injury","2","clear",false,1,"GM1842"
"20240039703",2024,"Letsel",1,"Fiets",\N,"Eenzijdig","Rechte weg",30,"Niet brandend","Daglicht","Droog",\N,"600242278","Westvlietweg","'s-Gravenhage","'s-Gravenhage","Zuid-Holland",false,52.056729,4.348766,"injury","2","clear",false,1,"GM0518"
"20240039713",2024,"Letsel",3,"Bromfiets","Fiets","Flank","Rechte weg",30,"Brandend","Duisternis","Droog",\N,"237376097","Bos en Lommerweg","Amsterdam","Amsterdam","Noord-Holland",true,52.381252,4.85541,"injury","2","clear",false,1,"GM0363"
"20240035897",2024,"Letsel",2,"Fiets","Bestelauto","Flank","Rotonde",80,"Niet brandend","Daglicht","Droog",\N,\N,"Hans de Jongwei","Gorredijk","Opsterland","Friesland",false,52.997091,6.057869,"injury","2","clear",false,1,"GM0086"
"20240035935",2024,"Letsel",2,"Personenauto","Fiets","Flank","Kruispunt, 3 takken",50,"Niet brandend","Daglicht","Droog","Tunnel",\N,"Veenweg","Deventer","Deventer","Overijssel",false,52.25509,6.171105,"injury","2","clear",false,1,"GM0150"
"20240035952",2024,"Uitsluitend materiele schade",1,"Fiets",\N,"Flank","Kruispunt, 4 takken",50,"Niet brandend","Daglicht","Droog",\N,\N,"FIETSPAD","Apeldoorn","Apeldoorn","Gelderland",false,52.219888,5.999532,"material damage only","4","clear",false,1,"GM0200"
"20240006926",2024,"Uitsluitend materiele schade",2,"Personenauto","Fiets","Flank","Rechte weg",50,"Niet brandend","Daglicht","Droog",\N,"600522915","Steenstraat","Arnhem","Arnhem","Gelderland",false,51.985021,5.921377,"material damage only","4","clear",false,1,"GM0202"
"20240020964",2024,"Letsel",3,"Fiets","Bromfiets","Flank","Kruispunt, 4 takken",30,"Brandend","Duisternis","Droog",\N,\N,"Onderlangs","Amsterdam","Amsterdam","Noord-Holland",false,52.33824,4.94344,"injury","2","clear",false,1,"GM0363"
"20240034476",2024,"Uitsluitend materiele schade",2,"Fiets","Personenauto","Frontaal","Kruispunt, 4 takken",80,"Brandend","Duisternis","Regen",\N,"285150041","Europalaan","Bladel","Bladel","Noord-Brabant",true,51.365272,5.214839,"material damage only","4","rain",false,1,"GM1728"
"20240036026",2024,"Uitsluitend materiele schade",2,"Personenauto","Fiets","Onbekend","Kruispunt, 3 takken",50,"Niet brandend","Daglicht","Droog",\N,\N,"De Magnolia","Dedemsvaart","Hardenberg","Overijssel",false,52.606423,6.469383,"material damage only","4","clear",false,1,"GM0160"
"20240005715",2024,"Letsel",2,"Fiets","Personenauto","Flank","Rotonde",50,"Brandend","Duisternis","Regen",\N,\N,"Verspronckweg","Haarlem","Haarlem","Noord-Holland",false,52.396881,4.627199,"injury","2","rain",false,1,"GM0392"
"20240028264",2024,"Letsel",4,"Bromfiets","Fiets","Kop/staart","Rechte weg",30,"Niet aanwezig","Daglicht","Droog","Tunnel","600465250","Zwanebloemkade","Zaandam","Zaanstad","Noord-Holland",false,52.45704,4.828122,"injury","2","clear",false,1,"GM0479"
"20220174538",2022,"Letsel",2,"Bestelauto","Fiets","Flank","Kruispunt, 3 takken",50,"Niet brandend","Daglicht","Droog",\N,\N,"Ramplaan","Haarlem","Haarlem","Noord-Holland",false,52.385466,4.604689,"injury","2","clear",false,1,"GM0392"
"20220178001",2022,"Letsel",2,"Snorfiets","Fiets","Frontaal","Rechte weg",30,"Brandend","Duisternis","Regen",\N,"600913716","2e C Huygensstr","Amsterdam","Amsterdam","Noord-Holland",false,52.36182,4.873893,"injury","2","rain",false,1,"GM0363"
"20220125741",2022,"Letsel",2,"Personenauto","Fiets","Geparkeerd voertuig","Rechte weg",50,"Niet brandend","Daglicht","Droog",\N,"157313074","Prins Mauritslaan","'s-Gravenhage","'s-Gravenhage","Zuid-Holland",false,52.094292,4.278919,"injury","2","clear",false,1,"GM0518"
"20220125789",2022,"Letsel",1,"Fiets",\N,"Eenzijdig",\N,50,\N,"Daglicht",\N,\N,"600718984","Bezuidenhoutseweg","'s-Gravenhage","'s-Gravenhage","Zuid-Holland",false,52.087916,4.335002,"injury","2","unknown",false,1,"GM0518"
"20220131915",2022,"Uitsluitend materiele schade",3,"Brommobiel","Fiets","Onbekend","Rechte weg",50,"Niet brandend","Daglicht","Droog",\N,"296222142","Christiaan Huygensweg","'s-Hertogenbosch","'s-Hertogenbosch","Noord-Brabant",false,51.691721,5.292511,"material damage only","4","clear",false,1,"GM0796"
"20220149332",2022,"Uitsluitend materiele schade",2,"Bestelauto","Fiets","Onbekend","Rechte weg",50,"Niet brandend","Daglicht","Droog",\N,"600808551","Busselbundersweg","Veghel","Meierijstad","Noord-Brabant",false,51.62488,5.557301,"material damage only","4","clear",false,1,"GM1948"
"20220177066",2022,"Uitsluitend materiele schade",2,"Fiets","Fiets","Flank","Kruispunt, 4 takken",30,"Brandend","Duisternis","Droog",\N,\N,"Distelvlinderpad","Aalsmeer","Aalsmeer","Noord-Holland",false,52.282646,4.803843,"material damage only","4","clear",false,1,"GM0358"
"20220180194",2022,"Letsel",1,"Fiets",\N,"Eenzijdig",\N,50,\N,"Duisternis",\N,\N,\N,"Koningin Julianaweg","'s-Gravenzande","Westland","Zuid-Holland",false,51.995073,4.171343,"injury","2","unknown",false,1,"GM1783"
"20220188351",2022,"Letsel",1,"Fiets",\N,"Eenzijdig","Rechte weg",\N,"Niet aanwezig","Daglicht","Droog",\N,\N,"Paardensteeg","'s-Hertogenbosch","'s-Hertogenbosch","Noord-Brabant",false,51.668416,5.300464,"injury","2","clear",false,1,"GM0796"
"20220195205",2022,"Letsel",2,"Personenauto","Fiets","Flank","Kruispunt, 4 takken",50,"Niet brandend","Daglicht","Droog",\N,\N,"Stins","Almelo","Almelo","Overijssel",false,52.379086,6.67567,"injury","2","clear",false,1,"GM0141"
"20220114853",2022,"Letsel",2,"Fiets","Fiets","Onbekend","Rechte weg",\N,"Niet brandend","Daglicht","Droog",\N,"600980121","Hearewei","Sexbierum","Waadhoeke","Friesland",false,53.221752,5.486594,"injury","2","clear",false,1,"GM1949"
"20220177834",2022,"Letsel",2,"Fiets","Fiets","Onbekend","Rechte weg",30,"Niet brandend","Daglicht","Droog",\N,\N,"Museumplein","Amsterdam","Amsterdam","Noord-Holland",false,52.356936,4.882719,"injury","2","clear",false,1,"GM0363"
"20220180953",2022,"Uitsluitend materiele schade",3,"Personenauto","Fiets","Onbekend","Rechte weg",50,"Niet brandend","Daglicht","Droog",\N,\N,"Ververstraat","'s-Gravenhage","'s-Gravenhage","Zuid-Holland",false,52.075197,4.319753,"material damage only","4","clear",false,1,"GM0518"
"20220144693",2022,"Letsel",2,"Fiets","Bestelauto","Flank","Kruispunt, 4 takken",50,"Niet brandend","Daglicht","Droog",\N,\N,"Lagosweg","Delft","Delft","Zuid-Holland",false,51.984382,4.338798,"injury","2","clear",false,1,"GM0503"