"accident_id","year","severity_raw","party_count","party1_type","party2_type","accident_type","road_situation","speed_limit_kmh","road_lighting","light_condition_label","weather_raw","infra_type","road_segment_id","street_name","place_name","gemeente_name_raw","province","alcohol_indicated","latitude","longitude","severity_label","severity_code","weather_label","built_up_area","cyclists_involved","gemeente_code"
"20220168613",2022,"Uitsluitend materiele schade",2,"Personenauto","Fiets","Flank","Kruispunt, 3 takken",50,"Niet brandend","Daglicht","Droog",\N,\N,"Weg door Jonkerbos","Nijmegen","Nijmegen","Gelderland",false,51.813327,5.828312,"material damage only","4","clear",false,1,"GM0268"
"20220178604",2022,"Letsel",2,"Bromfiets","Fiets","Flank","Rechte weg",30,"Niet brandend","Daglicht","Droog",\N,"181331018","Rhijnhofweg","Oegstgeest","Oegstgeest","Zuid-Holland",false,52.175197,4.450531,"injury","2","clear",false,1,"GM0579"
"20220184005",2022,"Uitsluitend materiele schade",3,"Personenauto","Fiets","Los voorwerp","Kruispunt, 3 takken",30,"Niet brandend","Daglicht",\N,\N,\N,"Kralingseweg","Rotterdam","Rotterdam","Zuid-Holland",false,51.929204,4.545746,"material damage only","4","unknown",false,1,"GM0599"
"20220197475",2022,"Letsel",1,"e-bike",\N,"Geparkeerd voertuig","Rechte weg",15,"Brandend","Duisternis","Droog","Parkeervoorziening","600882941","Colosseum","Enschede","Enschede","Overijssel",false,52.238855,6.835859,"injury","2","clear",false,1,"GM0153"
"20220140657",2022,"Letsel",2,"Bromfiets","Fiets","Flank","Rechte weg",30,"Niet brandend","Daglicht","Droog",\N,"281445065","Nieuweweg","Hoogkarspel","Drechterland","Noord-Holland",false,52.691108,5.178145,"injury","2","clear",false,1,"GM0498"
"20220140692",2022,"Letsel",1,"Fiets",\N,"Eenzijdig","Rechte weg",30,"Niet brandend","Daglicht","Droog",\N,"600568310","Purmersteenweg","Purmerend","Purmerend","Noord-Holland",false,52.507088,4.954252,"injury","2","clear",false,1,"GM0439"
"20220157295",2022,"Letsel",1,"Fiets",\N,"Eenzijdig","Rechte weg",50,"Niet brandend","Daglicht","Droog",\N,"600503119","Verbindingsweg","Ridderkerk","Ridderkerk","Zuid-Holland",false,51.866535,4.573435,"injury","2","clear",false,1,"GM0597"
"20220168663",2022,"Letsel",2,"Personenauto","Fiets","Flank","Rechte weg",30,"Niet brandend","Daglicht","Droog",\N,"399376005","Bonenburgerlaan","Heerde","Heerde","Gelderland",false,52.37926,6.043628,"injury","2","clear",false,1,"GM0246"
"20220169753",2022,"Uitsluitend materiele schade",2,"Fiets","Personenauto","Flank","Rechte weg",50,"Niet brandend","Daglicht","Droog",\N,"388289007","Waterstraat","Velp","Rheden","Gelderland",false,51.988653,5.962089,"material damage only","4","clear",false,1,"GM0275"
"20220178196",2022,"Letsel",1,"Fiets",\N,"Eenzijdig","Rechte weg",50,"Niet brandend","Daglicht","Droog",\N,"237374081","Jan Evertsenstraat","Amsterdam","Amsterdam","Noord-Holland",false,52.37044,4.852876,"injury","2","clear",false,1,"GM0363"
"20220198246",2022,"Uitsluitend materiele schade",2,"Fiets","Fiets","Frontaal","Rechte weg",30,"Niet aanwezig","Daglicht","Droog",\N,"600375332","Venninkweg","Deventer","Deventer","Overijssel",false,52.24411,6.223439,"material damage only","4","clear",false,1,"GM0150"
"20220129493",2022,"Uitsluitend materiele schade",3,"Personenauto","Fiets","Onbekend","Rotonde",50,"Niet brandend","Daglicht","Droog",\N,\N,"Terwellegang","Goes","Goes","Zeeland",false,51.498536,3.886516,"material damage only","4","clear",false,1,"GM0664"
"20220138014",2022,"Uitsluitend materiele schade",2,"Personenauto","Fiets","Flank","Kruispunt, 3 takken",50,"Niet brandend","Daglicht","Droog",\N,\N,"Rhônedreef","Utrecht","Utrecht","Utrecht",false,52.111902,5.113653,"material damage only","4","clear",false,1,"GM0344"
"20220138028",2022,"Uitsluitend materiele schade",3,"Fiets","Fiets","Onbekend","Rotonde",\N,"Niet brandend","Daglicht","Droog",\N,\N,"Nachtegaallaan","Bilthoven","De Bilt","Utrecht",false,52.12904,5.2048,"material damage only","4","clear",false,1,"GM0310"
"20220139017",2022,"Uitsluitend materiele schade",2,"Personenauto","Fiets","Flank","Kruispunt, 4 takken",30,"Niet aanwezig","Daglicht","Droog",\N,\N,"Faunastraat","Wormer","Wormerland","Noord-Holland",false,52.49891,4.811906,"material damage only","4","clear",false,1,"GM0880"
"20220155018",2022,"Letsel",2,"Personenauto","Fiets","Flank","Bocht",50,"Niet brandend","Daglicht","Droog",\N,"600769548","Venneweg","Berkhout","Koggenland","Noord-Holland",false,52.630764,5.008931,"injury","2","clear",false,1,"GM1598"
"20220161521",2022,"Letsel",2,"Personenauto","Fiets","Geparkeerd voertuig","Rechte weg",15,"Niet brandend","Daglicht",\N,"Parkeervoorziening","600879417","Gorecht-Oost","Hoogezand","Midden-Groningen","Groningen",false,53.156247,6.757346,"injury","2","unknown",false,1,"GM1952"
"20220161589",2022,"Letsel",2,"Fiets","Personenauto","Flank","Kruispunt, 4 takken",30,"Niet brandend","Daglicht","Droog",\N,\N,"Abe Lenstra boulevard","Heerenveen","Heerenveen","Friesland",false,52.95954,5.933426,"injury","2","clear",false,1,"GM0074"
"20220168706",2022,"Uitsluitend materiele schade",2,"Fiets","Bestelauto","Flank","Kruispunt, 4 takken",30,"Niet brandend","Daglicht","Droog",\N,\N,"Havendam","Harderwijk","Harderwijk","Gelderland",false,52.350796,5.624072,"material damage only","4","clear",false,1,"GM0243"
"20220181118",2022,"Letsel",2,"Personenauto","Fiets","Frontaal","Kruispunt, 3 takken",50,"Niet brandend","Daglicht","Droog",\N,\N,"Hugo de Grootlaan","Zoetermeer","Zoetermeer","Zuid-Holland",false,52.070119,4.526891,"injury","2","clear",false,1,"GM0637"
"20220183249",2022,"Uitsluitend materiele schade",2,"Personenauto","Fiets","Flank","Rotonde",50,"Niet brandend","Daglicht","Droog",\N,\N,"Gordelweg","Rotterdam","Rotterdam","Zuid-Holland",false,51.939317,4.469973,"material damage only","4","clear",false,1,"GM0599"
"20220115201",2022,"Letsel",2,"Personenauto","Fiets","Flank","Kruispunt, 3 takken",50,"Niet brandend","Daglicht","Droog",\N,\N,"Handelsweg","Hoogezand","Midden-Groningen","Groningen",false,53.166316,6.727012,"injury","2","clear",false,1,"GM1952"
"20220150934",2022,"Uitsluitend materiele schade",2,"Personenauto","Fiets","Flank","Rotonde",50,"Niet brandend","Daglicht","Droog",\N,\N,"Leunseweg","Venray","Venray","Limburg",false,51.51907,5.978971,"material damage only","4","clear",false,1,"GM0984"
"20220178866",2022,"Letsel",3,"Personenauto","Fiets","Onbekend","Kruispunt, 4 takken",50,"Niet brandend","Daglicht","Droog",\N,\N,"Hoefkade","'s-Gravenhage","'s-Gravenhage","Zuid-Holland",false,52.065193,4.306663,"injury","2","clear",false,1,"GM0518"
"20220179384",2022,"Uitsluitend materiele schade",2,"Personenauto","Fiets","Flank","Rotonde",50,"Niet brandend","Daglicht","Droog",\N,\N,"Noordweg","'s-Gravenhage","'s-Gravenhage","Zuid-Holland",false,52.037502,4.287412,"material damage only","4","clear",false,1,"GM0518"
"20220181186",2022,"Letsel",2,"Bestelauto","Fiets","Flank","Kruispunt, 3 takken",50,"Niet brandend","Daglicht","Droog",\N,\N,"Oosterkerkstraat","Leiden","Leiden","Zuid-Holland",false,52.158642,4.503146,"injury","2","clear",false,1,"GM0546"
"20220197327",2022,"Uitsluitend materiele schade",2,"Personenauto","Fiets","Flank","Rotonde",50,"Brandend","Duisternis","Droog",\N,\N,"Koninginneweg","Hoevelaken","Nijkerk","Gelderland",false,52.173688,5.445346,"material damage only","4","clear",false,1,"GM0267"
"20220195818",2022,"Letsel",2,"Snorfiets","Fiets","Frontaal","Rechte weg",\N,"Niet brandend","Daglicht","Droog",\N,\N,"Helhoek","Groessen","Duiven","Gelderland",false,51.93413,6.04087,"injury","2","clear",false,1,"GM0226"
"20220115240",2022,"Letsel",2,"Fiets",\N,"Eenzijdig","Bocht",30,"Niet brandend","Daglicht","Droog",\N,"406538028","De Klim","Drachten","Smallingerland","Friesland",false,53.106094,6.110592,"injury","2","clear",false,1,"GM0090"
"20220129874",2022,"Letsel",2,"Bestelauto","Fiets","Flank","Rechte weg",60,"Niet aanwezig","Daglicht","Droog",\N,"600708956","Langeweg","Axel","Terneuzen","Zeeland",false,51.253679,3.915167,"injury","2","clear",false,1,"GM0715"
"20220136293",2022,"Uitsluitend materiele schade",2,"Personenauto","Fiets","Flank","Kruispunt, 3 takken",50,"Niet brandend","Daglicht","Droog",\N,\N,"'t Holland","Duiven","Duiven","Gelderland",false,51.94224,6.023447,"material damage only","4","clear",false,1,"GM0226"
"20220140950",2022,"Letsel",2,"Bromfiets","Fiets","Flank","Rechte weg",\N,\N,"Daglicht",\N,\N,"600695798","Zuidtangent","Heerhugowaard","Dijk en Waard","Noord-Holland",false,52.669607,4.818107,"injury","2","unknown",false,1,"GM1980"
"20220179449",2022,"Letsel",1,"Fiets",\N,"Eenzijdig","Rechte weg",30,"Niet brandend","Daglicht","Droog",\N,"600760026","Cellebroedersstraat","Schoonhoven","Krimpenerwaard","Zuid-Holland",false,51.946822,4.85895,"injury","2","clear",false,1,"GM1931"
"20220179991",2022,"Letsel",1,"Fiets",\N,"Eenzijdig","Bocht",50,"Niet brandend","Daglicht","Regen",\N,"170295062","Bieslandsekade","Delft","Delft","Zuid-Holland",false,52.013481,4.368886,"injury","2","rain",false,1,"GM0503"
"20220181212",2022,"Uitsluitend materiele schade",2,"Personenauto","Fiets","Onbekend",\N,60,\N,"Daglicht",\N,\N,"600731647","Stationslaan","Sassenheim","Teylingen","Zuid-Holland",false,52.213256,4.509753,"material damage only","4","unknown",false,1,"GM1525"
"20220196008",2022,"Uitsluitend materiele schade",2,"Personenauto","e-bike","Flank","Kruispunt, 3 takken",50,"Niet brandend","Daglicht","Droog",\N,\N,"Nieuwe Havenweg","Arnhem","Arnhem","Gelderland",false,51.971475,5.933834,"material damage only","4","clear",false,1,"GM0202"
"20220117013",2022,"Uitsluitend materiele schade",2,"e-bike","Personenauto","Flank","Rotonde",50,"Niet brandend","Daglicht","Droog",\N,\N,"Mastenbroekerallee","Zwolle","Zwolle","Overijssel",false,52.538837,6.055047,"material damage only","4","clear",false,1,"GM0193"
"20220169013",2022,"Uitsluitend materiele schade",2,"Personenauto","Fiets","Onbekend","Kruispunt, 3 takken",\N,"Niet brandend","Daglicht","Droog",\N,\N,"De Posten","Enschede","Enschede","Overijssel",false,52.188944,6.883653,"material damage only","4","clear",false,1,"GM0153"
"20220181238",2022,"Letsel",2,"Fiets","Fiets","Flank","Rechte weg",50,"Niet brandend","Daglicht","Droog",\N,\N,"Oostduinlaan","'s-Gravenhage","'s-Gravenhage","Zuid-Holland",false,52.098976,4.311249,"injury","2","clear",false,1,"GM0518"
"20220186386",2022,"Uitsluitend materiele schade",2,"Personenauto","Fiets","Onbekend","Kruispunt, 4 takken",30,"Niet brandend","Daglicht","Droog",\N,\N,"Van Heelulaan","Bergen op Zoom","Bergen op Zoom","Noord-Brabant",false,51.485886,4.299943,"material damage only","4","clear",false,1,"GM0748"
"20220139517",2022,"Letsel",2,"Bromfiets","Fiets","Onbekend","Rechte weg",50,"Niet brandend","Daglicht","Droog",\N,"600740844","Zijlvest","Haarlem","Haarlem","Noord-Holland",false,52.382846,4.629682,"injury","2","clear",false,1,"GM0392"
"20220141126",2022,"Letsel",2,"Fiets",\N,"Eenzijdig","Kruispunt, 3 takken",30,"Brandend","Duisternis",\N,\N,\N,"Jansweg","Haarlem","Haarlem","Noord-Holland",false,52.387294,4.639961,"injury","2","unknown",false,1,"GM0392"
"20220146093",2022,"Uitsluitend materiele schade",2,"Bromfiets","Fiets","Frontaal","Rotonde",30,"Niet brandend","Daglicht","Droog",\N,\N,"Binnenbaan","Rhoon","Albrandswaard","Zuid-Holland",false,51.859236,4.433404,"material damage only","4","clear",false,1,"GM0613"
"20220167801",2022,"Letsel",2,"Personenauto","Fiets","Flank","Rechte weg",80,"Niet brandend","Daglicht","Droog",\N,"513359002","Hengelosestraat","Deurningen","Oldenzaal","Overijssel",false,52.295809,6.882331,"injury","2","clear",false,1,"GM0173"
"20220180742",2022,"Letsel",2,"Personenauto","Fiets","Flank","Kruispunt, 4 takken",50,"Niet brandend","Daglicht","Droog",\N,\N,"Ankerstraat","'s-Gravenhage","'s-Gravenhage","Zuid-Holland",false,52.107422,4.277249,"injury","2","clear",false,1,"GM0518"
"20220194961",2022,"Uitsluitend materiele schade",2,"Fiets","e-bike","Flank","Kruispunt, 4 takken",30,"Niet brandend","Daglicht","Regen",\N,\N,"Zuiderhagen","Enschede","Enschede","Overijssel",false,52.219379,6.893863,"material damage only","4","rain",false,1,"GM0153"
"20220126319",2022,"Uitsluitend materiele schade",2,"Snorfiets","Fiets","Flank","Kruispunt, 4 takken",50,"Niet brandend","Daglicht","Droog","Brug/viaduct",\N,"Watersteeg","Leiden","Leiden","Zuid-Holland",false,52.15649,4.495023,"material damage only","4","clear",false,1,"GM0546"
"20220142644",2022,"Uitsluitend materiele schade",2,"Fiets","e-bike","Flank","Kruispunt, 4 takken",\N,"Niet brandend","Daglicht","Droog","Brug/viaduct",\N,"Zuideinde","Delft","Delft","Zuid-Holland",false,52.001448,4.363314,"material damage only","4","clear",false,1,"GM0503"
"20220152337",2022,"Letsel",2,"Personenauto","e-bike","Flank","Kruispunt, 4 takken",50,"Niet brandend","Daglicht","Droog",\N,\N,"Lübeckweg","Groningen","Groningen","Groningen",false,53.215429,6.593611,"injury","2","clear",false,1,"GM0014"
"20220153223",2022,"Letsel",2,"Snorfiets","Fiets","Flank","Rechte weg",30,"Niet brandend","Daglicht","Droog",\N,"600659100","Zwarteweg","Nijmegen","Nijmegen","Gelderland",false,51.882965,5.864042,"injury","2","clear",false,1,"GM0268"
"20220154049",2022,"Letsel",4,"Fiets","Snorfiets","Onbekend","Kruispunt, 4 takken",30,"Niet brandend","Daglicht","Droog",\N,\N,"Charlotte van Pallandtln","Almere","Almere","Flevoland",false,52.374824,5.257081,"injury","2","clear",false,1,"GM0034"
"20220189028",2022,"Uitsluitend materiele schade",2,"Fiets","Bromfiets","Flank","Rotonde",50,"Niet brandend","Daglicht","Droog",\N,\N,"Grootschoterweg","Budel","Cranendonck","Noord-Brabant",false,51.263282,5.572202,"material damage only","4","clear",false,1,"GM1706"
"20220189239",2022,"Uitsluitend materiele schade",2,"Personenauto","Fiets","Flank","Kruispunt, 3 takken",50,"Niet brandend","Daglicht","Droog",\N,\N,"Landweerstraat-Noord","Oss","Oss","Noord-Brabant",false,51.769928,5.547935,"material damage only","4","clear",false,1,"GM0828"
"20220189240",2022,"Uitsluitend materiele schade",2,"Personenauto","Fiets","Frontaal","Kruispunt, 4 takken",80,"Niet brandend","Daglicht","Droog",\N,\N,"Frankenbeemdweg","Oss","Oss","Noord-Brabant",false,51.781676,5.502907,"material damage only","4","clear",false,1,"GM0828"
"20220190999",2022,"Letsel",2,"Bestelauto","Fiets","Frontaal","Kruispunt, 4 takken",50,"Niet brandend","Daglicht","Droog",\N,\N,"Magnesiumstraat","Nederweert","Nederweert","Limburg",false,51.276149,5.746427,"injury","2","clear",false,1,"GM0946"
"20220122782",2022,"Letsel",1,"Fiets",\N,"Eenzijdig","Rechte weg",50,"Brandend","Duisternis","Droog",\N,"206376066","Leidsevaart","Haarlem","Haarlem","Noord-Holland",false,52.379614,4.625995,"injury","2","clear",false,1,"GM0392"
"20220125299",2022,"Uitsluitend materiele schade",2,"Motor","Fiets","Flank","Kruispunt, 4 takken",50,"Niet brandend","Daglicht","Droog",\N,\N,"Nieuwe Beestenmarkt","Leiden","Leiden","Zuid-Holland",false,52.163732,4.486191,"material damage only","4","clear",false,1,"GM0546"
"20220141341",2022,"Uitsluitend materiele schade",2,"Personenauto","Fiets","Flank","Bocht",30,"Brandend","Duisternis","Droog",\N,\N,"M.Nijhoffstraat","Weesp","Amsterdam","Noord-Holland",false,52.312372,5.038406,"material damage only","4","clear",false,1,"GM0363"
"20220145265",2022,"Letsel",1,"Fiets",\N,"Eenzijdig","Rechte weg",60,"Niet aanwezig","Daglicht",\N,\N,"199331009","Hoogmadeseweg","Hoogmade","Kaag en Braassem","Zuid-Holland",false,52.178555,4.586811,"injury","2","unknown",false,1,"GM1884"
"20220154096",2022,"Letsel",1,"Fiets",\N,"Eenzijdig","Rechte weg",50,"Niet brandend","Daglicht","Droog",\N,"252352110","Meerlandenweg","Abcoude","De Ronde Venen","Utrecht",false,52.274143,4.968815,"injury","2","clear",false,1,"GM0736"
"20220190389",2022,"Letsel",2,"Fiets","Personenauto","Flank","Kruispunt, 4 takken",80,"Niet brandend","Daglicht","Droog",\N,\N,"De Flammert","Bergen L","Bergen (L)","Limburg",false,51.610804,6.036208,"injury","2","clear",false,1,\N
"20220190928",2022,"Uitsluitend materiele schade",4,"Personenauto","Fiets","Onbekend","Rechte weg",50,"Niet brandend","Daglicht","Droog",\N,"373105001","Akker","Thorn","Maasgouw","Limburg",false,51.163702,5.841121,"material damage only","4","clear",false,1,"GM1641"
"20220191079",2022,"Letsel",2,"Personenauto","Fiets","Flank","Kruispunt, 3 takken",50,"Niet brandend","Daglicht","Droog",\N,\N,"Ulingsheide","Tegelen","Venlo","Limburg",false,51.334854,6.166163,"injury","2","clear",false,1,"GM0983"
"20220192626",2022,"Uitsluitend materiele schade",2,"Personenauto","Fiets","Flank","Kruispunt, 4 takken",30,"Niet brandend","Daglicht","Droog",\N,\N,"Houtweg","Emmen","Emmen","Drenthe",false,52.792236,6.939463,"material damage only","4","clear",false,1,"GM0114"
"20220135622",2022,"Uitsluitend materiele schade",2,"Personenauto","Fiets","Flank","Rotonde",50,"Niet brandend","Daglicht","Droog",\N,\N,"Anemonenstraat","Duiven","Duiven","Gelderland",false,51.949121,6.017076,"material damage only","4","clear",false,1,"GM0226"
"20220186789",2022,"Letsel",2,"Bestelauto","e-bike","Flank","Bocht",30,"Niet brandend","Daglicht","Droog",\N,"53175006","Verdilaan","Vlissingen","Vlissingen","Zeeland",false,51.46444,3.544735,"injury","2","clear",false,1,"GM0718"
"20220191156",2022,"Uitsluitend materiele schade",2,"Personenauto","Fiets","Flank","Rotonde",\N,"Niet brandend","Daglicht","Droog",\N,\N,"Spoorsingel","Heerlen","Heerlen","Limburg",false,50.891897,5.975649,"material damage only","4","clear",false,1,"GM0917"
"20220191502",2022,"Letsel",2,"Personenauto","e-bike","Flank","Bocht",30,"Brandend","Duisternis","Regen",\N,\N,"FIETSPAD","Assen","Assen","Drenthe",false,52.991786,6.569855,"injury","2","rain",false,1,"GM0106"
"20220193269",2022,"Letsel",2,"Personenauto","Fiets","Flank","Kruispunt, 4 takken",50,"Niet brandend","Daglicht","Droog","Brug/viaduct",\N,"Poelweg","Grijpskerk","Westerkwartier","Groningen",false,53.248583,6.31052,"injury","2","clear",false,1,"GM1969"
"20220115669",2022,"Letsel",2,"Personenauto","e-bike","Flank","Kruispunt, 3 takken",50,"Niet brandend","Daglicht","Droog",\N,\N,"Groningerweg","Groningen","Groningen","Groningen",false,53.243343,6.571588,"injury","2","clear",false,1,"GM0014"
"20220120092",2022,"Uitsluitend materiele schade",2,"Bus","Fiets","Onbekend","Kruispunt, 4 takken",50,"Niet brandend","Daglicht","Droog",\N,"600551017","Natalie Woodpad","Almere","Almere","Flevoland",false,52.370349,5.238212,"material damage only","4","clear",false,1,"GM0034"
"20220122896",2022,"Uitsluitend materiele schade",2,"Personenauto","e-bike","Flank","Kruispunt, 4 takken",50,"Niet brandend","Daglicht","Droog",\N,\N,"De Glazenmaker","Koog aan de Zaan","Zaanstad","Noord-Holland",false,52.461201,4.796995,"material damage only","4","clear",false,1,"GM0479"
"20220142948",2022,"Letsel",1,"Fiets",\N,"Eenzijdig",\N,50,\N,"Duisternis",\N,\N,\N,"Parklaan","Sassenheim","Teylingen","Zuid-Holland",false,52.227953,4.529744,"injury","2","unknown",false,1,"GM1525"
"20220152502",2022,"Letsel",2,"Personenauto","Fiets","Flank","Kruispunt, 4 takken",50,"Niet brandend","Daglicht","Droog",\N,\N,"Buurserstraat","Enschede","Enschede","Overijssel",false,52.188481,6.888485,"injury","2","clear",false,1,"GM0153"
"20220168068",2022,"Letsel",3,"Personenauto","Fiets","Geparkeerd voertuig","Rechte weg",50,"Niet brandend","Daglicht","Droog","Parkeervoorziening","505340009","Marssteden","Enschede","Enschede","Overijssel",false,52.20929,6.821281,"injury","2","clear",false,1,"GM0153"
"20220171612",2022,"Uitsluitend materiele schade",2,"Personenauto","Fiets","Onbekend",\N,30,\N,"Daglicht",\N,\N,"315293046","Vijverlaan","Leersum","Utrechtse Heuvelrug","Utrecht",false,52.008233,5.424333,"material damage only","4","unknown",false,1,"GM1581"
"20220193334",2022,"Letsel",2,"Fiets","Overig vast object","Vast voorwerp","Kruispunt, 4 takken",50,"Niet brandend","Daglicht","Droog",\N,\N,"Bernoulliplein","Groningen","Groningen","Groningen",false,53.228664,6.565417,"injury","2","clear",false,1,"GM0014"
"20220128825",2022,"Uitsluitend materiele schade",2,"Personenauto","Fiets","Flank","Bocht",50,"Brandend","Duisternis","Droog",\N,"600111815","Hofplein","Rotterdam","Rotterdam","Zuid-Holland",false,51.924562,4.477068,"material damage only","4","clear",false,1,"GM0599"
"20220171798",2022,"Letsel",4,"Fiets","Fiets","Vast voorwerp","Rechte weg",60,"Niet brandend","Daglicht","Droog",\N,"256343007","Rijksstraatweg","Baambrugge","De Ronde Venen","Utrecht",false,52.232144,4.99561,"injury","2","clear",false,1,"GM0736"
"20220196489",2022,"Uitsluitend materiele schade",2,"Personenauto","Fiets","Kop/staart","Rechte weg",30,"Niet brandend","Daglicht","Regen",\N,"383288073","Steenstraat","Arnhem","Arnhem","Gelderland",false,51.984324,5.919192,"material damage only","4","rain",false,1,"GM0202"
"20220124187",2022,"Uitsluitend materiele schade",1,"Fiets",\N,"Onbekend","Rechte weg",50,"Niet brandend","Daglicht","Droog",\N,"239363085","Uilenstede","Amstelveen","Amstelveen","Noord-Holland",false,52.320803,4.871151,"material damage only","4","clear",false,1,"GM0362"
"20220150290",2022,"Letsel",2,"Fiets","Personenauto","Flank","Kruispunt, 4 takken",30,"Niet brandend","Daglicht","Droog",\N,\N,"Houtwal","Gemert","Gemert-Bakel","Noord-Brabant",false,51.558268,5.704418,"injury","2","clear",false,1,"GM1652"
"20220151476",2022,"Uitsluitend materiele schade",2,"Fiets","Overig vast object","Vast voorwerp","Kruispunt, 4 takken",30,"Brandend","Duisternis","Droog",\N,\N,"Wilhelminasingel","Maastricht","Maastricht","Limburg",false,50.849616,5.701827,"material damage only","4","clear",false,1,"GM0935"
"20220166738",2022,"Uitsluitend materiele schade",3,"Personenauto","e-bike","Onbekend","Rechte weg",30,"Niet brandend","Daglicht","Droog",\N,"600658735","FIETSPAD","Zwolle","Zwolle","Overijssel",false,52.526739,6.045485,"material damage only","4","clear",false,1,"GM0193"
"20220198204",2022,"Uitsluitend materiele schade",3,"Personenauto","Fiets","Onbekend","Rechte weg",15,"Niet brandend","Schemer","Droog",\N,"600948959","Nijmeegsebaan","Groesbeek","Berg en Dal","Gelderland",false,51.794747,5.908876,"material damage only","4","clear",false,1,"GM1945"
"20220125715",2022,"Uitsluitend materiele schade",3,"Bromfiets","Fiets","Onbekend",\N,30,"Niet brandend","Daglicht","Droog",\N,"158309122","Weimarstraat","'s-Gravenhage","'s-Gravenhage","Zuid-Holland",false,52.077347,4.284027,"material damage only","4","clear",false,1,"GM0518"
"20220150472",2022,"Uitsluitend materiele schade",2,"Personenauto","Fiets","Flank","Kruispunt, 3 takken",50,"Niet brandend","Daglicht","Droog",\N,\N,"Boostenweg","Eindhoven","Eindhoven","Noord-Brabant",false,51.46689,5.466598,"material damage only","4","clear",false,1,"GM0772"
"20220151535",2022,"Letsel",2,"Personenauto","Fiets","Flank","Kruispunt, 3 takken",30,"Niet brandend","Daglicht","Droog",\N,\N,"Hammerstraat","Herkenbosch","Roerdalen","Limburg",false,51.151124,6.054379,"injury","2","clear",false,1,"GM1669"
"20240082175",2024,"Uitsluitend materiele schade",2,"Personenauto","Fiets","Los voorwerp","Rotonde",30,"Niet brandend","Daglicht","Droog",\N,\N,"Broekweg","Ouddorp","Goeree-Overflakkee","Zuid-Holland",false,51.807037,3.939816,"material damage only","4","clear",false,1,"GM1924"
"20240093056",2024,"Letsel",2,"Bestelauto","Fiets","Onbekend","Rechte weg",50,"Niet brandend","Daglicht","Droog",\N,"600686550","Kempenweg","Oirschot","Oirschot","Noord-Brabant",true,51.49919,5.31646,"injury","2","clear",false,1,"GM0823"
"20240093714",2024,"Uitsluitend materiele schade",2,"Personenauto","Fiets","Onbekend","Bocht",30,"Niet brandend","Daglicht","Droog",\N,"421351002","Vosmanskamp","Schalkhaar","Deventer","Overijssel",false,52.268597,6.202003,"material damage only","4","clear",false,1,"GM0150"
"20240071360",2024,"Uitsluitend materiele schade",2,"Fiets","Snorfiets","Frontaal","Rechte weg",30,"Brandend","Schemer","Droog","Brug/viaduct","600729098","André van der Louwbrug","Rotterdam","Rotterdam","Zuid-Holland",false,51.917863,4.490606,"material damage only","4","clear",false,1,"GM0599"
"20240092001",2024,"Letsel",1,"Fiets",\N,"Onbekend",\N,\N,\N,"Daglicht",\N,\N,"352035047","Markt","Maastricht","Maastricht","Limburg",false,50.850907,5.691033,"injury","2","unknown",false,1,"GM0935"
"20240092074",2024,"Uitsluitend materiele schade",1,"Fiets",\N,"Onbekend","Bocht",80,"Niet brandend","Daglicht","Droog",\N,"356188001","Nachtegaallaan","De Mortel","Gemert-Bakel","Noord-Brabant",false,51.536421,5.726186,"material damage only","4","clear",false,1,"GM1652"
"20240095584",2024,"Uitsluitend materiele schade",2,"Fiets","Personenauto","Flank","Rotonde",50,"Niet brandend","Daglicht","Droog",\N,\N,"Eemlaan","Amersfoort","Amersfoort","Utrecht",false,52.158864,5.380369,"material damage only","4","clear",false,1,"GM0307"
"20240098175",2024,"Uitsluitend materiele schade",2,"Personenauto","Fiets","Onbekend","Kruispunt, 3 takken",30,"Niet brandend","Daglicht","Droog",\N,\N,"Scheltuslaan","Voorburg","Leidschendam-Voorburg","Zuid-Holland",false,52.079312,4.366533,"material damage only","4","clear",false,1,"GM1916"
"20240098194",2024,"Uitsluitend materiele schade",2,"Fiets","Personenauto","Los voorwerp","Rechte weg",30,\N,"Daglicht","Droog",\N,"156308014","Vlierboomstraat","'s-Gravenhage","'s-Gravenhage","Zuid-Holland",false,52.071861,4.264985,"material damage only","4","clear",false,1,"GM0518"
"20240041035",2024,"Letsel",2,"Personenauto","Fiets","Flank","Rotonde",50,"Niet brandend","Daglicht","Droog",\N,\N,"Purmerweg","Purmerend","Purmerend","Noord-Holland",false,52.504207,4.963645,"injury","2","clear",false,1,"GM0439"
"20240050269",2024,"Uitsluitend materiele schade",2,"Fiets","Fiets","Kop/staart","Kruispunt, 4 takken",30,"Niet brandend","Daglicht","Droog",\N,\N,"Abcouderpad","Amsterdam","Amsterdam","Noord-Holland",false,52.312239,4.952798,"material damage only","4","clear",false,1,"GM0363"
"20240079714",2024,"Letsel",2,"Bestelauto","Fiets","Geparkeerd voertuig","Rechte weg",60,"Niet brandend","Daglicht","Droog",\N,"198349078","Hillegommerdijk","Lisserbroek","Haarlemmermeer","Noord-Holland",false,52.266599,4.56862,"injury","2","clear",false,1,"GM0394"
"20240081597",2024,"Dodelijk",3,"Fiets","Fiets","Kop/staart","Rechte weg",30,"Niet brandend","Daglicht","Droog",\N,"600747253","Oostkanaalweg","Aarlanderveen","Alphen aan den Rijn","Zuid-Holland",false,52.139485,4.697765,"fatal","1","clear",false,1,"GM0484"