"accident_id","year","severity_raw","party_count","party1_type","party2_type","accident_type","road_situation","speed_limit_kmh","road_lighting","light_condition_label","weather_raw","infra_type","road_segment_id","street_name","place_name","gemeente_name_raw","province","alcohol_indicated","latitude","longitude","severity_label","severity_code","weather_label","built_up_area","cyclists_involved","gemeente_code"
"20230057495",2023,"Letsel",2,"Personenauto","e-bike","Onbekend","Rotonde",50,"Brandend","Duisternis","Droog",\N,\N,"Hulsbroek","Groesbeek","Berg en Dal","Gelderland",false,51.773517,5.947121,"injury","2","clear",false,1,"GM1945"
"20230060465",2023,"Letsel",2,"Personenauto","Fiets","Flank","Kruispunt, 3 takken",50,"Niet brandend","Daglicht","Droog",\N,\N,"Melkweg","Bleskensgraaf ca","Molenlanden","Zuid-Holland",false,51.868293,4.789287,"injury","2","clear",false,1,"GM1978"
"20230064269",2023,"Letsel",2,"Fiets","Fiets","Frontaal","Bocht",30,"Niet aanwezig","Daglicht","Droog",\N,"328528029","Groot Kerkhof","Bolsward","Súdwest-Fryslân","Friesland",false,53.06511,5.526666,"injury","2","clear",false,1,"GM1900"
"20230043142",2023,"Letsel",2,"Personenauto","Fiets","Flank","Kruispunt, 4 takken",50,"Niet brandend","Daglicht","Droog",\N,\N,"Hoofdweg","Rotterdam","Rotterdam","Zuid-Holland",false,51.949347,4.553251,"injury","2","clear",false,1,"GM0599"
"20230045483",2023,"Letsel",2,"Personenauto","Fiets","Flank","Rotonde",30,"Niet brandend","Daglicht","Droog",\N,\N,"Zaagmolenpad","Doetinchem","Doetinchem","Gelderland",false,51.969388,6.273698,"injury","2","clear",false,1,"GM0222"
"20230049046",2023,"Letsel",2,"Bromfiets","Fiets","Flank","Rechte weg",30,"Niet brandend","Daglicht","Droog",\N,"187328137","Langegracht","Leiden","Leiden","Zuid-Holland",false,52.163563,4.49065,"injury","2","clear",false,1,"GM0546"
"20230050753",2023,"Letsel",2,"Bromfiets","Fiets","Flank","Kruispunt, 4 takken",\N,"Niet brandend","Daglicht","Droog",\N,\N,"EENHOORNSLUIS 0313","Amsterdam","Amsterdam","Noord-Holland",false,52.381372,4.889511,"injury","2","clear",false,1,"GM0363"
"20230052526",2023,"Uitsluitend materiele schade",2,"Personenauto","Fiets","Flank","Rotonde",30,"Niet brandend","Daglicht","Regen",\N,\N,"Postelse Hoeflaan","Tilburg","Tilburg","Noord-Brabant",false,51.57316,5.058891,"material damage only","4","rain",false,1,"GM0855"
"20230055419",2023,"Letsel",2,"Personenauto","Fiets","Flank","Kruispunt, 3 takken",30,"Niet brandend","Daglicht","Droog",\N,\N,"Matsloot","Matsloot","Noordenveld","Drenthe",false,53.183837,6.466374,"injury","2","clear",false,1,"GM1699"
"20230058773",2023,"Uitsluitend materiele schade",2,"Personenauto","Fiets","Onbekend","Kruispunt, 3 takken",50,\N,"Daglicht","Regen",\N,\N,"Weesperstraat","Diemen","Diemen","Noord-Holland",false,52.335521,4.967363,"material damage only","4","rain",false,1,"GM0384"
"20230064737",2023,"Uitsluitend materiele schade",2,"Personenauto","Fiets","Flank","Kruispunt, 4 takken",30,"Niet brandend","Daglicht","Droog",\N,\N,"Voortsweg","Enschede","Enschede","Overijssel",false,52.249818,6.911263,"material damage only","4","clear",false,1,"GM0153"
"20230042590",2023,"Letsel",1,"Fiets",\N,"Eenzijdig",\N,60,"Brandend","Schemer","Droog",\N,"100120004","Overslagseweg","Overslag","Terneuzen","Zeeland",false,51.220003,3.892036,"injury","2","clear",false,1,"GM0715"
"20230044945",2023,"Letsel",2,"Motor","Fiets","Onbekend","Rechte weg",30,"Niet aanwezig","Daglicht","Droog",\N,"429312019","Beeklaan","Wichmond","Bronckhorst","Gelderland",false,52.089687,6.259606,"injury","2","clear",false,1,"GM1876"
"20230047905",2023,"Letsel",2,"Personenauto","Fiets","Flank","Kruispunt, 4 takken",50,"Niet brandend","Daglicht","Droog",\N,\N,"Voorweg","Callantsoog","Schagen","Noord-Holland",false,52.859679,4.720667,"injury","2","clear",false,1,"GM0441"
"20230047906",2023,"Uitsluitend materiele schade",2,"Fiets","Fiets","Flank","Kruispunt, 3 takken",30,"Niet brandend","Daglicht","Droog",\N,\N,"Karel Doormanweg","Den Helder","Den Helder","Noord-Holland",false,52.929367,4.786634,"material damage only","4","clear",false,1,"GM0400"
"20230053147",2023,"Uitsluitend materiele schade",2,"Personenauto","Fiets","Flank","Kruispunt, 4 takken",50,"Niet brandend","Daglicht","Droog",\N,\N,"Academiesingel","Breda","Breda","Noord-Brabant",false,51.593004,4.779663,"material damage only","4","clear",false,1,"GM0758"
"20230056030",2023,"Letsel",2,"Fiets","Overig vast object","Vast voorwerp","Rechte weg",30,"Niet brandend","Daglicht","Droog",\N,"600745152","Lakenburg","Hoofddorp","Haarlemmermeer","Noord-Holland",false,52.302252,4.663203,"injury","2","clear",false,1,"GM0394"
"20230039754",2023,"Uitsluitend materiele schade",2,"Personenauto","Fiets","Onbekend","Rechte weg",50,"Brandend","Duisternis","Droog",\N,"162307163","Hoefkade","'s-Gravenhage","'s-Gravenhage","Zuid-Holland",false,52.067657,4.312008,"material damage only","4","clear",false,1,"GM0518"
"20230047344",2023,"Uitsluitend materiele schade",2,"Personenauto","Fiets","Flank","Rotonde",50,"Niet brandend","Daglicht","Droog",\N,\N,"Laan van Archeologie","Beverwijk","Beverwijk","Noord-Holland",false,52.487995,4.681018,"material damage only","4","clear",false,1,"GM0375"
"20230058246",2023,"Letsel",1,"e-bike",\N,"Eenzijdig","Rechte weg",15,"Niet brandend","Daglicht","Regen",\N,"159307182","Steijnlaan","'s-Gravenhage","'s-Gravenhage","Zuid-Holland",false,52.068056,4.288376,"injury","2","rain",false,1,"GM0518"
"20230064809",2023,"Letsel",2,"Personenauto","Fiets","Onbekend","Rechte weg",30,"Niet brandend","Daglicht","Droog",\N,"502338014","Beckumerstraat","Enschede","Enschede","Overijssel",false,52.203955,6.798662,"injury","2","clear",false,1,"GM0153"
"20230060129",2023,"Letsel",2,"Fiets","Voetganger","Voetganger","Rechte weg",50,"Niet brandend","Daglicht","Droog",\N,"600729105","Burg van Walsumweg","Rotterdam","Rotterdam","Zuid-Holland",false,51.920394,4.491347,"injury","2","clear",false,1,"GM0599"
"20230061117",2023,"Letsel",2,"Fiets","Fiets","Flank","Rechte weg",50,"Niet brandend","Daglicht","Droog",\N,"601059406","Achterzeedijk","Barendrecht","Barendrecht","Zuid-Holland",false,51.83493,4.542735,"injury","2","clear",false,1,"GM0489"
"20230063409",2023,"Uitsluitend materiele schade",2,"Personenauto","Fiets","Frontaal","Rotonde",50,"Niet brandend","Daglicht","Droog",\N,\N,"Nachtegaallaan","Helmond","Helmond","Noord-Brabant",false,51.490862,5.666015,"material damage only","4","clear",false,1,"GM0794"
"20230064846",2023,"Letsel",2,"Personenauto","Fiets","Flank","Bocht",30,"Niet brandend","Daglicht","Droog",\N,"502332003","Haaksbergerstraat","Enschede","Enschede","Overijssel",false,52.178907,6.794105,"injury","2","clear",false,1,"GM0153"
"20240129232",2024,"Uitsluitend materiele schade",2,"Motor","Fiets","Flank","Bocht",50,"Brandend","Duisternis","Droog",\N,\N,"Middenweg","Lelystad","Lelystad","Flevoland",false,52.50621,5.473989,"material damage only","4","clear",false,1,"GM0995"
"20230039812",2023,"Uitsluitend materiele schade",2,"Personenauto","Fiets","Flank","Kruispunt, 3 takken",50,"Niet brandend","Daglicht","Droog",\N,\N,"J.C. de Rijpstraat","Leiden","Leiden","Zuid-Holland",false,52.159759,4.511475,"material damage only","4","clear",false,1,"GM0546"
"20230064865",2023,"Uitsluitend materiele schade",2,"Personenauto","Fiets","Flank","Kruispunt, 4 takken",50,"Niet brandend","Daglicht","Droog",\N,\N,"Venuslaan","Groningen","Groningen","Groningen",false,53.231568,6.54073,"material damage only","4","clear",false,1,"GM0014"
"20240129467",2024,"Letsel",1,"Fiets",\N,"Onbekend",\N,30,\N,"Daglicht",\N,\N,"601077815","Anton Mauvestraat","Woerden","Woerden","Utrecht",false,52.088318,4.86972,"injury","2","unknown",false,1,"GM0632"
"20230037566",2023,"Uitsluitend materiele schade",2,"Personenauto","Fiets","Flank","Rotonde",50,"Niet brandend","Daglicht","Droog",\N,\N,"De Nieuwe Poort","Amersfoort","Amersfoort","Utrecht",false,52.158691,5.379528,"material damage only","4","clear",false,1,"GM0307"
"20230047433",2023,"Uitsluitend materiele schade",2,"Snorfiets","Fiets","Flank","Kruispunt, 4 takken",50,"Niet brandend","Daglicht","Droog",\N,\N,"Kebajastraat","Almere","Almere","Flevoland",false,52.405228,5.308958,"material damage only","4","clear",false,1,"GM0034"
"20230049806",2023,"Letsel",1,"Fiets",\N,"Eenzijdig","Rechte weg",50,"Niet brandend","Daglicht","Droog",\N,"600714509","Goudenregenstraat","'s-Gravenhage","'s-Gravenhage","Zuid-Holland",false,52.078567,4.261938,"injury","2","clear",false,1,"GM0518"
"20230050352",2023,"Letsel",2,"Fiets","Fiets","Onbekend","Rechte weg",\N,"Niet aanwezig","Daglicht","Droog",\N,"180300001","Kwakelpad","Pijnacker","Pijnacker-Nootdorp","Zuid-Holland",false,52.038995,4.445582,"injury","2","clear",false,1,"GM1926"
"20230053870",2023,"Letsel",2,"Bestelauto","Fiets","Onbekend","Kruispunt, 3 takken",60,"Niet brandend","Daglicht","Droog",\N,\N,"Vestingstraat","Oudheusden","Heusden","Noord-Brabant",false,51.724302,5.130276,"injury","2","clear",false,1,"GM0797"
"20230056751",2023,"Letsel",2,"Bromfiets","Fiets","Onbekend","Rechte weg",30,"Niet brandend","Daglicht","Droog",\N,"386338025","Asselsestraat","Apeldoorn","Apeldoorn","Gelderland",false,52.209302,5.944356,"injury","2","clear",false,1,"GM0200"
"20230058955",2023,"Letsel",1,"Fiets",\N,"Eenzijdig","Rechte weg",30,"Brandend","Duisternis","Regen",\N,"186328090","Nieuwe Beestenmarkt","Leiden","Leiden","Zuid-Holland",false,52.163185,4.486036,"injury","2","rain",false,1,"GM0546"
"20230059747",2023,"Letsel",2,"Personenauto","Fiets","Geparkeerd voertuig","Rechte weg",15,"Niet brandend","Daglicht","Droog","Parkeervoorziening","209401128","Plantage","Beverwijk","Beverwijk","Noord-Holland",false,52.491697,4.645975,"injury","2","clear",false,1,"GM0375"
"20230060651",2023,"Uitsluitend materiele schade",3,"Personenauto","Fiets","Onbekend","Rechte weg",50,"Niet brandend","Daglicht","Droog",\N,"600377073","Antwerpenstraat","Breda","Breda","Noord-Brabant",false,51.605398,4.788721,"material damage only","4","clear",false,1,"GM0758"
"20230042776",2023,"Letsel",2,"Personenauto","Fiets","Frontaal","Kruispunt, 3 takken",60,"Niet brandend","Daglicht","Regen",\N,\N,"Dreefken","Lamswaarde","Hulst","Zeeland",false,51.348202,4.048426,"injury","2","rain",false,1,"GM0677"
"20230047476",2023,"Uitsluitend materiele schade",2,"Personenauto","Fiets","Flank","Kruispunt, 3 takken",60,"Niet brandend","Daglicht","Droog",\N,\N,"Luchthavenweg","Den Helder","Den Helder","Noord-Holland",false,52.919913,4.791892,"material damage only","4","clear",false,1,"GM0400"
"20240133071",2024,"Letsel",1,"Fiets",\N,"Onbekend","Rechte weg",30,"Brandend","Schemer","Droog",\N,"168306009","Westeinde","Voorburg","Leidschendam-Voorburg","Zuid-Holland",false,52.064654,4.3588,"injury","2","clear",false,1,"GM1916"
"20240132318",2024,"Letsel",2,"Fiets","Bromfiets","Flank","Kruispunt, 4 takken",50,\N,"Daglicht","Droog",\N,\N,"Provincialeweg","Hoorn","Hoorn","Noord-Holland",false,52.647689,5.0473,"injury","2","clear",false,1,"GM0405"
"20230041061",2023,"Uitsluitend materiele schade",1,"Fiets",\N,"Los voorwerp","Rechte weg",80,"Niet brandend","Daglicht","Droog",\N,"600828903","Houtsberg","Leveroy","Nederweert","Limburg",false,51.246819,5.813913,"material damage only","4","clear",false,1,"GM0946"
"20230041648",2023,"Uitsluitend materiele schade",2,"Bestelauto","Fiets","Onbekend","Kruispunt, 4 takken",50,"Niet brandend","Daglicht","Droog",\N,\N,"Mozartlaan","Waalwijk","Waalwijk","Noord-Brabant",false,51.679114,5.068565,"material damage only","4","clear",false,1,"GM0867"
"20230042238",2023,"Letsel",2,"Bromfiets","Fiets","Frontaal","Rotonde",50,"Niet brandend","Daglicht","Droog",\N,\N,"Rhoonse Baan","Rhoon","Albrandswaard","Zuid-Holland",false,51.860197,4.472094,"injury","2","clear",false,1,"GM0613"
"20230042826",2023,"Letsel",2,"Bromfiets","Fiets","Flank","Rechte weg",50,"Niet brandend","Daglicht","Droog",\N,"600718055","Hekelingseweg","Spijkenisse","Nissewaard","Zuid-Holland",false,51.835272,4.333056,"injury","2","clear",false,1,"GM1930"
"20230046933",2023,"Letsel",2,"Personenauto","Fiets","Geparkeerd voertuig","Rechte weg",50,"Niet brandend","Daglicht","Droog","Parkeervoorziening","264434162","Veemarkt","Hoorn","Hoorn","Noord-Holland",false,52.643918,5.053515,"injury","2","clear",false,1,"GM0405"
"20230061240",2023,"Letsel",2,"Fiets","Fiets","Kop/staart","Kruispunt, 4 takken",60,"Niet brandend","Daglicht","Droog",\N,\N,"Hoogweg","De Lier","Westland","Zuid-Holland",false,51.964571,4.248275,"injury","2","clear",false,1,"GM1783"
"20230061803",2023,"Letsel",2,"Personenauto","Fiets","Flank","Kruispunt, 3 takken",50,"Niet brandend","Daglicht","Droog",\N,\N,"Sint Aagtenstraat","Leiden","Leiden","Zuid-Holland",false,52.163534,4.486125,"injury","2","clear",false,1,"GM0546"
"20230066409",2023,"Uitsluitend materiele schade",2,"Fiets","Fiets","Frontaal","Rechte weg",80,"Niet aanwezig","Duisternis","Droog",\N,"600671565","Pontweg","Den Burg","Texel","Noord-Holland",false,53.06654,4.774852,"material damage only","4","clear",false,1,"GM0448"
"20230043448",2023,"Letsel",2,"Fiets","Fiets","Frontaal","Kruispunt, 3 takken",30,"Niet brandend","Daglicht","Droog",\N,\N,"Looierstraat","Gulpen","Gulpen-Wittem","Limburg",false,50.816619,5.892944,"injury","2","clear",false,1,"GM1729"
"20230050456",2023,"Letsel",2,"Personenauto","Fiets","Frontaal","Kruispunt, 3 takken",50,"Niet brandend","Daglicht","Droog",\N,\N,"Rotterdamseweg","Delft","Delft","Zuid-Holland",false,51.986832,4.376522,"injury","2","clear",false,1,"GM0503"
"20230059864",2023,"Letsel",3,"Personenauto","Fiets","Flank","Kruispunt, 4 takken",50,"Niet brandend","Daglicht","Droog",\N,\N,"Wijkermeerweg","Beverwijk","Beverwijk","Noord-Holland",false,52.474633,4.670455,"injury","2","clear",false,1,"GM0375"
"20230066255",2023,"Letsel",2,"Fiets","Fiets","Kop/staart","Rechte weg",30,"Niet brandend","Daglicht","Droog",\N,"601017893","Albatrospad","Amsterdam","Amsterdam","Noord-Holland",false,52.387937,4.922635,"injury","2","clear",false,1,"GM0363"
"20240128653",2024,"Letsel",2,"Fiets","Fiets","Flank","Kruispunt, 4 takken",50,"Niet brandend","Daglicht","Droog",\N,\N,"FIETSPAD","Hoogeveen","Hoogeveen","Drenthe",false,52.719738,6.501718,"injury","2","clear",false,1,"GM0118"
"20240128852",2024,"Uitsluitend materiele schade",2,"Personenauto","Fiets","Flank","Rechte weg",30,"Niet brandend","Daglicht","Regen",\N,"419448112","Talmastraat","Meppel","Meppel","Drenthe",false,52.704293,6.194004,"material damage only","4","rain",false,1,"GM0119"
"20230038283",2023,"Letsel",2,"Personenauto","Fiets","Kop/staart","Kruispunt, 4 takken",30,"Niet brandend","Daglicht","Droog",\N,\N,"Sint Nicolaashoofd","Bunschoten-Spakenburg","Bunschoten","Utrecht",false,52.233766,5.366629,"injury","2","clear",false,1,"GM0313"
"20230040015",2023,"Uitsluitend materiele schade",2,"Personenauto","Fiets","Flank","Rechte weg",30,"Niet brandend","Daglicht","Droog",\N,"600719400","Kappeyne vd Coppellostr","Delft","Delft","Zuid-Holland",false,52.013438,4.342119,"material damage only","4","clear",false,1,"GM0503"
"20230045251",2023,"Letsel",2,"Fiets","Voetganger","Voetganger","Rechte weg",30,"Niet brandend","Daglicht","Droog",\N,"425327002","Kapperallee","Eefde","Lochem","Gelderland",false,52.157083,6.234995,"injury","2","clear",false,1,"GM0262"
"20230047012",2023,"Uitsluitend materiele schade",1,"Fiets",\N,"Eenzijdig","Rechte weg",50,"Niet brandend","Daglicht","Droog",\N,"600909415","Spoorbaanpad","Almere","Almere","Flevoland",false,52.375131,5.219881,"material damage only","4","clear",false,1,"GM0034"
"20230043519",2023,"Uitsluitend materiele schade",3,"Fiets","Personenauto","Los voorwerp","Rechte weg",80,"Niet brandend","Daglicht","Droog",\N,"418158008","Rijksweg","Velden","Venlo","Limburg",false,51.400046,6.17036,"material damage only","4","clear",false,1,"GM0983"
"20230044689",2023,"Letsel",3,"Fiets","Fiets","Onbekend","Rechte weg",30,"Niet brandend","Daglicht","Droog",\N,"600912460","Keesomstraat","Ede","Ede","Gelderland",false,52.031957,5.646557,"injury","2","clear",false,1,"GM0228"
"20230049396",2023,"Letsel",4,"Personenauto","Fiets","Onbekend","Rechte weg",50,"Niet brandend","Daglicht","Droog",\N,"238368049","Marathonweg","Amsterdam","Amsterdam","Noord-Holland",false,52.346801,4.864998,"injury","2","clear",false,1,"GM0363"
"20230049406",2023,"Letsel",1,"Fiets",\N,"Eenzijdig","Kruispunt, 4 takken",30,"Niet brandend","Daglicht","Droog",\N,\N,"Brasserhoutweg","'s-Gravenhage","'s-Gravenhage","Zuid-Holland",false,52.034978,4.379396,"injury","2","clear",false,1,"GM0518"
"20230066515",2023,"Letsel",2,"Fiets","Personenauto","Geparkeerd voertuig","Bocht",30,"Brandend","Schemer","Droog",\N,\N,"Midden Duin en Daalseweg","Bloemendaal","Bloemendaal","Noord-Holland",false,52.411019,4.60879,"injury","2","clear",false,1,"GM0377"
"20240129526",2024,"Uitsluitend materiele schade",2,\N,"Fiets","Flank","Kruispunt, 4 takken",30,"Niet brandend","Daglicht","Regen",\N,\N,"Utrechtse Heuvelrug","Vleuten","Utrecht","Utrecht",false,52.099381,5.007893,"material damage only","4","rain",false,1,"GM0344"
"20240129641",2024,"Uitsluitend materiele schade",2,"Fiets","Fiets","Frontaal","Rechte weg",\N,"Brandend","Duisternis","Droog",\N,"600685135","Churchilllaan","Utrecht","Utrecht","Utrecht",false,52.073751,5.095414,"material damage only","4","clear",false,1,"GM0344"
"20230038934",2023,"Letsel",1,"Fiets",\N,"Eenzijdig","Kruispunt, 4 takken",30,"Niet brandend","Daglicht","Droog",\N,\N,"Schuttersveld","Leiden","Leiden","Zuid-Holland",false,52.166961,4.484338,"injury","2","clear",false,1,"GM0546"
"20230039506",2023,"Letsel",3,"Personenauto","Fiets","Onbekend","Kruispunt, 4 takken",50,"Niet brandend","Daglicht","Droog",\N,\N,"Koninginneweg","Ridderkerk","Ridderkerk","Zuid-Holland",false,51.873085,4.597501,"injury","2","clear",false,1,"GM0597"
"20230040098",2023,"Letsel",2,"Personenauto","Fiets","Flank","Kruispunt, 3 takken",30,"Niet brandend","Daglicht","Droog",\N,\N,"Kranenburgweg","'s-Gravenhage","'s-Gravenhage","Zuid-Holland",false,52.090628,4.267229,"injury","2","clear",false,1,"GM0518"
"20230042977",2023,"Uitsluitend materiele schade",2,"Bestelauto","Fiets","Los voorwerp","Kruispunt, 3 takken",50,"Niet brandend","Daglicht","Droog",\N,\N,"Nijverheidsweg","Halsteren","Bergen op Zoom","Noord-Brabant",false,51.528612,4.278534,"material damage only","4","clear",false,1,"GM0748"
"20230050582",2023,"Letsel",1,"Fiets",\N,"Eenzijdig","Rechte weg",50,"Niet brandend","Daglicht","Droog",\N,"245387039","van Beekstraat","Landsmeer","Landsmeer","Noord-Holland",false,52.429436,4.916817,"injury","2","clear",false,1,"GM0415"
"20230050588",2023,"Letsel",2,"Personenauto","Fiets","Kop/staart","Kruispunt, 3 takken",50,"Niet brandend","Daglicht","Droog",\N,\N,"Boulevard","Katwijk","Katwijk","Zuid-Holland",false,52.202132,4.391739,"injury","2","clear",false,1,"GM0537"
"20230054651",2023,"Uitsluitend materiele schade",3,"Bromfiets","Fiets","Onbekend","Rechte weg",\N,"Niet brandend","Daglicht","Droog","Tankstation","405158007","Eindhovenseweg","Venlo","Venlo","Limburg",false,51.399984,6.074802,"material damage only","4","clear",false,1,"GM0983"
"20230061387",2023,"Letsel",2,"Fiets","Fiets","Onbekend","Rechte weg",50,"Niet brandend","Daglicht","Droog",\N,"156246013","Langeweg","Goudswaard","Hoeksche Waard","Zuid-Holland",false,51.788634,4.27904,"injury","2","clear",false,1,"GM1963"
"20230061404",2023,"Letsel",1,"Fiets",\N,"Eenzijdig","Rechte weg",60,"Niet brandend","Daglicht","Droog",\N,"600724902","Zwarteweg","Noordwijk","Noordwijk","Zuid-Holland",false,52.220394,4.436508,"injury","2","clear",false,1,"GM0575"
"20230040702",2023,"Letsel",1,"Fiets",\N,"Eenzijdig","Rechte weg",30,"Niet brandend","Daglicht","Droog",\N,"205268044","Bilderdijkstraat","Krimpen aan de Lek","Krimpenerwaard","Zuid-Holland",false,51.893701,4.631419,"injury","2","clear",false,1,"GM1931"
"20230049489",2023,"Uitsluitend materiele schade",2,"Bestelauto","Fiets","Kop/staart","Rechte weg",50,"Niet brandend","Daglicht","Droog",\N,"600575017","Loevesteinlaan","'s-Gravenhage","'s-Gravenhage","Zuid-Holland",false,52.05161,4.280477,"material damage only","4","clear",false,1,"GM0518"
"20240132596",2024,"Letsel",2,"e-bike","Onbekend voertuig i.g.v. doorrijder","Frontaal","Rechte weg",50,"Niet brandend","Daglicht","Droog",\N,\N,"Goudse Houtsingel","Gouda","Gouda","Zuid-Holland",false,52.026297,4.718047,"injury","2","clear",false,1,"GM0513"
"20240132817",2024,"Letsel",1,"e-bike",\N,"Eenzijdig","Kruispunt, 3 takken",30,"Brandend","Schemer","Droog",\N,\N,"Van Vollenhovenplein","Leiden","Leiden","Zuid-Holland",false,52.149516,4.509883,"injury","2","clear",false,1,"GM0546"
"20240132059",2024,"Uitsluitend materiele schade",2,"Personenauto","Fiets","Kop/staart","Rechte weg",30,"Niet brandend","Daglicht","Droog",\N,"233391053","Konijnenpad","Zaandam","Zaanstad","Noord-Holland",true,52.447009,4.823608,"material damage only","4","clear",false,1,"GM0479"
"20240132955",2024,"Letsel",1,"Fiets",\N,"Onbekend","Rechte weg",30,"Niet brandend","Daglicht","Droog",\N,"600730344","Zoeterwoudsesingel","Leiden","Leiden","Zuid-Holland",false,52.15327,4.491753,"injury","2","clear",false,1,"GM0546"
"20230040732",2023,"Letsel",1,"Fiets",\N,"Eenzijdig","Rechte weg",50,"Niet brandend","Daglicht","Droog",\N,"600572842","Ruys de Beerenbrouckstr","Delft","Delft","Zuid-Holland",false,52.013535,4.343387,"injury","2","clear",false,1,"GM0503"
"20220224378",2022,"Letsel",2,"Personenauto","Fiets","Flank","Rotonde",50,"Niet brandend","Daglicht","Droog",\N,\N,"President Rooseveltlaan","Vlissingen","Vlissingen","Zeeland",false,51.454715,3.583009,"injury","2","clear",false,1,"GM0718"
"20220203817",2022,"Letsel",2,"Fiets",\N,"Eenzijdig","Rechte weg",30,"Niet brandend","Daglicht","Droog",\N,"336297042","Spitsbergenweg","Veenendaal","Veenendaal","Utrecht",false,52.026818,5.585552,"injury","2","clear",false,1,"GM0345"
"20220205285",2022,"Uitsluitend materiele schade",2,"Personenauto","Fiets","Flank","Rechte weg",80,"Brandend","Schemer","Droog",\N,"600786786","Dolderseweg","Huis ter Heide","Zeist","Utrecht",false,52.116439,5.257651,"material damage only","4","clear",false,1,"GM0355"
"20220210884",2022,"Uitsluitend materiele schade",2,"Bromfiets","Fiets","Onbekend","Bocht",50,"Niet aanwezig","Daglicht","Regen",\N,\N,"Kolkweg","Oostzaan","Oostzaan","Noord-Holland",false,52.431797,4.863246,"material damage only","4","rain",false,1,"GM0431"
"20220215142",2022,"Uitsluitend materiele schade",2,"e-bike","Personenauto","Flank","Kruispunt, 4 takken",50,"Niet brandend","Daglicht","Regen",\N,\N,"Zuiderparklaan","'s-Gravenhage","'s-Gravenhage","Zuid-Holland",false,52.065482,4.279063,"material damage only","4","rain",false,1,"GM0518"
"20220213623",2022,"Letsel",2,"Fiets","Overig vast object","Vast voorwerp","Bocht",50,"Niet brandend","Daglicht","Droog",\N,"227277072","Henry Dunantstraat","Bergambacht","Krimpenerwaard","Zuid-Holland",false,51.934336,4.788403,"injury","2","clear",false,1,"GM1931"
"20220213624",2022,"Letsel",2,"Fiets",\N,"Eenzijdig","Rechte weg",30,"Niet brandend","Daglicht","Droog","Brug/viaduct","144295032","Rijnsburgerweg","Naaldwijk","Westland","Zuid-Holland",false,52.009993,4.186092,"injury","2","clear",false,1,"GM1783"
"20220215928",2022,"Letsel",2,"Personenauto","Fiets","Flank","Kruispunt, 4 takken",50,"Brandend","Duisternis","Droog",\N,\N,"Dierenselaan","'s-Gravenhage","'s-Gravenhage","Zuid-Holland",true,52.06672,4.284853,"injury","2","clear",false,1,"GM0518"
"20220220960",2022,"Uitsluitend materiele schade",2,"Bestelauto","Fiets","Frontaal","Kruispunt, 4 takken",\N,"Brandend","Duisternis","Regen",\N,\N,"Talmaweg","Dordrecht","Dordrecht","Zuid-Holland",false,51.792171,4.668903,"material damage only","4","rain",false,1,"GM0505"
"20220215251",2022,"Uitsluitend materiele schade",2,"Personenauto","Fiets","Flank","Rechte weg",30,"Niet brandend","Daglicht","Droog",\N,"186326017","Witte Singel","Leiden","Leiden","Zuid-Holland",false,52.155819,4.483014,"material damage only","4","clear",false,1,"GM0546"
"20220215976",2022,"Uitsluitend materiele schade",2,"Personenauto","e-bike","Flank","Kruispunt, 4 takken",50,"Brandend","Duisternis","Droog",\N,\N,"Watervlierstraat","'s-Gravenhage","'s-Gravenhage","Zuid-Holland",false,52.067797,4.272494,"material damage only","4","clear",false,1,"GM0518"
"20220222388",2022,"Uitsluitend materiele schade",2,"Fiets","Trekker","Flank","Kruispunt, 4 takken",\N,"Niet brandend","Daglicht","Regen",\N,\N,"Oostplein","Rotterdam","Rotterdam","Zuid-Holland",false,51.923876,4.496049,"material damage only","4","rain",false,1,"GM0599"
"20220212334",2022,"Uitsluitend materiele schade",2,"Personenauto","e-bike","Flank","Rechte weg",50,"Brandend","Duisternis","Droog",\N,"600916466","Van Baerlestraat","Amsterdam","Amsterdam","Noord-Holland",false,52.357208,4.879348,"material damage only","4","clear",false,1,"GM0363"
"20220216057",2022,"Uitsluitend materiele schade",1,"Fiets",\N,"Eenzijdig","Rechte weg",\N,"Niet brandend","Daglicht","Droog",\N,"204284072","Raadhuisplein","Nieuwerkerk aan den IJssel","Zuidplas","Zuid-Holland",false,51.966879,4.616422,"material damage only","4","clear",false,1,"GM1892"
"20220220335",2022,"Letsel",2,"Personenauto","Fiets","Onbekend","Rechte weg",30,"Niet aanwezig","Daglicht",\N,\N,"600731846","Oude Plantagedreef","Rotterdam","Rotterdam","Zuid-Holland",false,51.91451,4.517996,"injury","2","unknown",false,1,"GM0599"
"20220228960",2022,"Letsel",1,"Fiets",\N,"Eenzijdig","Kruispunt, 4 takken",50,"Brandend","Schemer","Regen",\N,\N,"Grasbeemd","Helmond","Helmond","Noord-Brabant",false,51.46173,5.692489,"injury","2","rain",false,1,"GM0794"
"20220217482",2022,"Letsel",2,"Personenauto","Fiets","Flank","Kruispunt, 4 takken",30,"Niet brandend","Daglicht","Droog",\N,\N,"Rijnstraat","Katwijk","Katwijk","Zuid-Holland",false,52.191821,4.423852,"injury","2","clear",false,1,"GM0537"
"20220223744",2022,"Uitsluitend materiele schade",2,"Fiets","Personenauto","Flank","Rotonde",30,"Brandend","Duisternis","Droog",\N,\N,"Donkerstraat","Etten-Leur","Etten-Leur","Noord-Brabant",false,51.587605,4.667821,"material damage only","4","clear",false,1,"GM0777"
"20220203337",2022,"Letsel",2,"Bestelauto","Fiets","Frontaal","Rotonde",50,"Niet brandend","Daglicht","Droog",\N,\N,"Prinses Julianastraat","Vianen","Vijfheerenlanden","Utrecht",false,51.989274,5.091558,"injury","2","clear",false,1,"GM1961"