"accident_id","year","severity_raw","party_count","party1_type","party2_type","accident_type","road_situation","speed_limit_kmh","road_lighting","light_condition_label","weather_raw","infra_type","road_segment_id","street_name","place_name","gemeente_name_raw","province","alcohol_indicated","latitude","longitude","severity_label","severity_code","weather_label","built_up_area","cyclists_involved","gemeente_code"
"20220216836",2022,"Letsel",2,"Bestelauto","Fiets","Flank","Bocht",30,"Niet brandend","Daglicht","Droog",\N,"201321021","Dorpsstraat","Koudekerk aan den Rijn","Alphen aan den Rijn","Zuid-Holland",false,52.132267,4.592662,"injury","2","clear",false,1,"GM0484"
"20220217493",2022,"Letsel",1,"Fiets",\N,"Eenzijdig","Rechte weg",30,"Brandend","Duisternis","Droog","Brug/viaduct",\N,"MORSPOORTBRUG","Leiden","Leiden","Zuid-Holland",false,52.162056,4.481981,"injury","2","clear",false,1,"GM0546"
"20220221122",2022,"Letsel",2,"Personenauto","Fiets","Flank","Kruispunt, 3 takken",30,"Niet brandend","Daglicht","Droog",\N,\N,"H.A. Maaskantstraat","Rotterdam","Rotterdam","Zuid-Holland",false,51.904677,4.501962,"injury","2","clear",false,1,"GM0599"
"20220229735",2022,"Uitsluitend materiele schade",2,"Personenauto","Fiets","Flank","Rechte weg",30,"Brandend","Duisternis","Droog",\N,"317178042","Argentanlaan","Eindhoven","Eindhoven","Noord-Brabant",false,51.490745,5.444889,"material damage only","4","clear",false,1,"GM0772"
"20220232370",2022,"Uitsluitend materiele schade",2,"Personenauto","e-bike","Flank","Bocht",50,"Brandend","Duisternis","Droog",\N,"353124061","Louis Regoutstraat","Weert","Weert","Limburg",false,51.24816,5.702207,"material damage only","4","clear",false,1,"GM0988"
"20220211153",2022,"Uitsluitend materiele schade",2,"Bestelauto","Fiets","Frontaal","Kruispunt, 4 takken",50,"Niet brandend","Daglicht","Droog",\N,\N,"Marnixstraat","Amsterdam","Amsterdam","Noord-Holland",false,52.368706,4.877971,"material damage only","4","clear",false,1,"GM0363"
"20220232396",2022,"Uitsluitend materiele schade",2,"Bromfiets","e-bike","Flank","Rechte weg",50,"Brandend","Schemer","Droog",\N,"600820416","Limburglaan","Maastricht","Maastricht","Limburg",false,50.839528,5.702958,"material damage only","4","clear",false,1,"GM0935"
"20220199884",2022,"Uitsluitend materiele schade",2,"Personenauto","Fiets","Flank","Kruispunt, 4 takken",30,"Niet brandend","Daglicht","Droog",\N,\N,"Mooienhof","Enschede","Enschede","Overijssel",false,52.216721,6.899972,"material damage only","4","clear",false,1,"GM0153"
"20220203412",2022,"Uitsluitend materiele schade",2,"Personenauto","e-bike","Flank","Kruispunt, 3 takken",50,"Niet brandend","Schemer",\N,\N,\N,"Kloosterlaan","Hilversum","Hilversum","Noord-Holland",false,52.218768,5.138497,"material damage only","4","unknown",false,1,"GM0402"
"20220213914",2022,"Uitsluitend materiele schade",2,"Personenauto","Fiets","Flank","Kruispunt, 4 takken",50,"Niet brandend","Daglicht","Droog",\N,\N,"Diamantlaan","Leiden","Leiden","Zuid-Holland",false,52.156286,4.465483,"material damage only","4","clear",false,1,"GM0546"
"20220222582",2022,"Letsel",2,"Bromfiets","Fiets","Flank","Kruispunt, 4 takken",50,"Niet brandend","Daglicht","Regen",\N,\N,"Amnesty Internationalln","Hellevoetsluis","Voorne aan Zee","Zuid-Holland",false,51.834152,4.131697,"injury","2","rain",false,1,"GM1992"
"20220199238",2022,"Uitsluitend materiele schade",2,"Personenauto","Fiets","Onbekend","Kruispunt, 4 takken",30,"Niet brandend","Daglicht","Droog",\N,\N,"Oude Wehlseweg","Doetinchem","Doetinchem","Gelderland",false,51.955262,6.272306,"material damage only","4","clear",false,1,"GM0222"
"20220201294",2022,"Letsel",3,"Personenauto","Fiets","Onbekend","Bocht",30,"Niet brandend","Daglicht","Regen","Spoorwegovergang","600155660","Zwarte Bergweg","Lieren","Apeldoorn","Gelderland",false,52.162877,5.984376,"injury","2","rain",false,1,"GM0200"
"20220211222",2022,"Uitsluitend materiele schade",2,"Personenauto","Fiets","Flank","Kruispunt, 3 takken",50,"Brandend","Duisternis","Droog",\N,\N,"Wibautstraat","Amsterdam","Amsterdam","Noord-Holland",false,52.350549,4.915523,"material damage only","4","clear",false,1,"GM0363"
"20220218933",2022,"Uitsluitend materiele schade",3,"Personenauto","Fiets","Vast voorwerp","Kruispunt, 3 takken",50,"Niet brandend","Daglicht","Droog",\N,\N,"Plataanlaan","Hellevoetsluis","Voorne aan Zee","Zuid-Holland",false,51.827976,4.145307,"material damage only","4","clear",false,1,"GM1992"
"20220221272",2022,"Uitsluitend materiele schade",2,"Personenauto","Fiets","Flank","Kruispunt, 3 takken",\N,"Brandend","Schemer","Regen",\N,\N,"Jan Olieslagersweg","Rotterdam","Rotterdam","Zuid-Holland",false,51.873293,4.453456,"material damage only","4","rain",false,1,"GM0599"
"20220206129",2022,"Letsel",2,"Bromfiets","Fiets","Onbekend","Kruispunt, 4 takken",30,"Niet brandend","Daglicht","Droog","Brug/viaduct",\N,"Oude Kanaaldijk","Alkmaar","Alkmaar","Noord-Holland",false,52.649049,4.743677,"injury","2","clear",false,1,"GM0361"
"20220213131",2022,"Letsel",2,"Bestelauto","e-bike","Flank","Rechte weg",50,"Niet brandend","Daglicht","Droog",\N,"600435056","Laan van Zuid Hoorn","Rijswijk","Rijswijk","Zuid-Holland",false,52.049579,4.349855,"injury","2","clear",false,1,\N
"20220224004",2022,"Uitsluitend materiele schade",2,"Personenauto","Fiets","Flank","Kruispunt, 3 takken",30,"Niet brandend","Daglicht","Droog",\N,\N,"Boomstraat","Tilburg","Tilburg","Noord-Brabant",false,51.559124,5.071701,"material damage only","4","clear",false,1,"GM0855"
"20220207890",2022,"Uitsluitend materiele schade",2,"Fiets","Fiets","Frontaal","Rechte weg",30,"Brandend","Duisternis","Regen",\N,"223432087","Gedempte Nieuwesloot","Alkmaar","Alkmaar","Noord-Holland",false,52.632897,4.745667,"material damage only","4","rain",false,1,"GM0361"
"20220216401",2022,"Letsel",2,"Motor","Fiets","Flank","Kruispunt, 4 takken",50,"Brandend","Duisternis","Droog",\N,\N,"Kaardesteeg","Leiden","Leiden","Zuid-Holland",false,52.155486,4.494641,"injury","2","clear",false,1,"GM0546"
"20220216432",2022,"Letsel",2,"Bromfiets","Fiets","Flank","Kruispunt, 4 takken",50,"Brandend","Duisternis","Regen",\N,\N,"Nieuwe Molstraat","'s-Gravenhage","'s-Gravenhage","Zuid-Holland",false,52.073966,4.312549,"injury","2","rain",false,1,"GM0518"
"20220203647",2022,"Uitsluitend materiele schade",2,"Personenauto","Fiets","Onbekend","Rechte weg",60,"Niet aanwezig","Daglicht","Droog",\N,"316294009","Scherpenzeelseweg","Leersum","Utrechtse Heuvelrug","Utrecht",false,52.012997,5.434669,"material damage only","4","clear",false,1,"GM1581"
"20220206312",2022,"Letsel",2,"e-bike","Los voorwerp","Los voorwerp","Rechte weg",30,"Brandend","Duisternis","Regen",\N,\N,"Terborchlaan","Alkmaar","Alkmaar","Noord-Holland",false,52.632617,4.719592,"injury","2","rain",false,1,"GM0361"
"20220207902",2022,"Uitsluitend materiele schade",2,"Bestelauto","Fiets","Onbekend","Rotonde",50,"Brandend","Duisternis","Regen",\N,\N,"Geestersingel","Alkmaar","Alkmaar","Noord-Holland",false,52.634237,4.740434,"material damage only","4","rain",false,1,"GM0361"
"20220217817",2022,"Letsel",3,"Personenauto","e-bike","Onbekend","Rechte weg",50,"Niet brandend","Daglicht","Droog",\N,"191343073","Teijlingerlaan","Sassenheim","Teylingen","Zuid-Holland",false,52.230939,4.521088,"injury","2","clear",false,1,"GM1525"
"20220219211",2022,"Letsel",2,"Personenauto","e-bike","Kop/staart","Rechte weg",60,"Niet brandend","Daglicht","Droog",\N,"600901764","Langeweg","Nieuw-Beijerland","Hoeksche Waard","Zuid-Holland",false,51.817445,4.415232,"injury","2","clear",false,1,"GM1963"
"20220207213",2022,"Letsel",2,"Personenauto","Fiets","Frontaal","Rechte weg",30,"Brandend","Daglicht","Droog",\N,"210398059","Meester van Lingenlaan","Beverwijk","Beverwijk","Noord-Holland",false,52.480361,4.654029,"injury","2","clear",false,1,"GM0375"
"20220208819",2022,"Letsel",2,"Personenauto","e-bike","Flank","Rotonde",50,"Brandend","Duisternis","Droog",\N,\N,"Jonkheer Geverslaan","Heemskerk","Heemskerk","Noord-Holland",false,52.51432,4.666144,"injury","2","clear",false,1,"GM0396"
"20220220779",2022,"Uitsluitend materiele schade",2,"Bromfiets","Fiets","Onbekend","Rotonde",50,"Brandend","Duisternis","Droog",\N,\N,"Schildmos","Bergschenhoek","Lansingerland","Zuid-Holland",false,51.993464,4.493321,"material damage only","4","clear",false,1,"GM1621"
"20220225924",2022,"Uitsluitend materiele schade",2,"Personenauto","Fiets","Flank","Kruispunt, 4 takken",30,"Niet brandend","Daglicht","Regen",\N,\N,"Barkstraat","Tilburg","Tilburg","Noord-Brabant",false,51.552551,5.09337,"material damage only","4","rain",false,1,"GM0855"
"20220229384",2022,"Letsel",2,"Personenauto","Fiets","Flank","Kruispunt, 4 takken",30,"Niet brandend","Daglicht","Droog",\N,\N,"Erasmusstraat","'s-Hertogenbosch","'s-Hertogenbosch","Noord-Brabant",false,51.685278,5.324007,"injury","2","clear",false,1,"GM0796"
"20220196465",2022,"Dodelijk",2,"e-bike","Personenauto","Onbekend","Kruispunt, 3 takken",30,"Niet brandend","Daglicht","Droog",\N,\N,"Primulastraat","Eibergen","Berkelland","Gelderland",false,52.096451,6.638972,"fatal","1","clear",false,1,"GM1859"
"20220221544",2022,"Letsel",2,"Bromfiets","e-bike","Frontaal","Rechte weg",30,"Brandend","Duisternis","Regen",\N,"187260044","Voordijk","Barendrecht","Barendrecht","Zuid-Holland",false,51.856251,4.503358,"injury","2","rain",false,1,"GM0489"
"20220228725",2022,"Uitsluitend materiele schade",2,"Personenauto","e-bike","Flank","Bocht",50,"Brandend","Duisternis","Droog",\N,"600565605","Vlierdenseweg","Deurne","Deurne","Noord-Brabant",false,51.456597,5.784257,"material damage only","4","clear",false,1,"GM0762"
"20220200215",2022,"Uitsluitend materiele schade",2,"e-bike","Personenauto","Flank","Rechte weg",30,"Niet brandend","Daglicht","Regen",\N,"600810921","Burgemeester Kuntzelaan","Barneveld","Barneveld","Gelderland",false,52.138344,5.590162,"material damage only","4","rain",false,1,"GM0203"
"20220203790",2022,"Uitsluitend materiele schade",2,"Personenauto","Fiets","Flank","Rotonde",50,"Niet brandend","Daglicht","Droog",\N,\N,"Gelderseweg","Zeewolde","Zeewolde","Flevoland",false,52.337084,5.533668,"material damage only","4","clear",false,1,"GM0050"
"20220206557",2022,"Letsel",2,"Personenauto","Fiets","Flank","Rotonde",50,"Niet brandend","Daglicht","Droog",\N,\N,"MINISTER VAN HOUTENLAAN","Driehuis NH","Velsen","Noord-Holland",false,52.451265,4.633427,"injury","2","clear",false,1,"GM0453"
"20220210798",2022,"Letsel",2,"Fiets","Fiets","Frontaal","Kruispunt, 4 takken",\N,"Niet brandend","Daglicht","Droog",\N,\N,"Parnassusweg","Amsterdam","Amsterdam","Noord-Holland",false,52.340709,4.868352,"injury","2","clear",false,1,"GM0363"
"20220214247",2022,"Uitsluitend materiele schade",2,"Fiets","Personenauto","Flank","Kruispunt, 4 takken",50,"Niet brandend","Daglicht","Droog",\N,\N,"Vinkenweg","Rijnsburg","Katwijk","Zuid-Holland",false,52.20004,4.452137,"material damage only","4","clear",false,1,"GM0537"
"20240135163",2024,"Uitsluitend materiele schade",2,"Personenauto","Fiets","Onbekend","Rotonde",30,"Niet brandend","Daglicht","Droog",\N,\N,"Concordiaweg","Gorinchem","Gorinchem","Zuid-Holland",false,51.835812,4.976875,"material damage only","4","clear",false,1,"GM0512"
"20240133954",2024,"Letsel",1,"Fiets",\N,"Onbekend","Rotonde",30,"Niet brandend","Daglicht","Droog",\N,\N,"Jacoba van Beierenweg","Voorhout","Teylingen","Zuid-Holland",false,52.22939,4.490162,"injury","2","clear",false,1,"GM1525"
"20240138354",2024,"Uitsluitend materiele schade",2,"Personenauto","Fiets","Flank","Rotonde",50,"Niet brandend","Schemer","Droog",\N,\N,"Koersendijk","Nijverdal","Hellendoorn","Overijssel",false,52.37038,6.464853,"material damage only","4","clear",false,1,"GM0163"
"20240139973",2024,"Uitsluitend materiele schade",1,"Fiets",\N,"Frontaal","Kruispunt, 4 takken",\N,"Niet brandend","Daglicht","Droog",\N,\N,"Natalie Woodpad","Almere","Almere","Flevoland",false,52.368732,5.233255,"material damage only","4","clear",false,1,"GM0034"
"20240140661",2024,"Uitsluitend materiele schade",2,"Personenauto","Fiets","Flank","Rotonde",50,"Brandend","Duisternis","Regen",\N,\N,"Scheltussingel","Amersfoort","Amersfoort","Utrecht",false,52.159072,5.397564,"material damage only","4","rain",false,1,"GM0307"
"20240141337",2024,"Letsel",2,"Personenauto","Fiets","Flank","Kruispunt, 4 takken",50,"Niet brandend","Daglicht","Droog",\N,\N,"Paul Krugerstraat","Arnhem","Arnhem","Gelderland",false,51.987753,5.908696,"injury","2","clear",false,1,"GM0202"
"20240143176",2024,"Letsel",2,"Personenauto","Fiets","Flank","Rechte weg",30,"Niet brandend","Daglicht","Regen",\N,"159306031","Schalk Burgerstraat","'s-Gravenhage","'s-Gravenhage","Zuid-Holland",false,52.063985,4.293475,"injury","2","rain",false,1,"GM0518"
"20240144322",2024,"Letsel",1,"Fiets",\N,"Flank","Bocht",50,"Brandend","Duisternis","Harde windstoten/Regen",\N,"151295001","Mariëndijk","Honselersdijk","Westland","Zuid-Holland",false,52.010822,4.235407,"injury","2","unknown",false,1,"GM1783"
"20240147631",2024,"Letsel",2,"Personenauto","Fiets","Flank","Rotonde",50,"Brandend","Duisternis","Droog",\N,\N,"Gentelaan","Maastricht","Maastricht","Limburg",false,50.855357,5.666239,"injury","2","clear",false,1,"GM0935"
"20240148323",2024,"Letsel",2,"Fiets","Fiets","Onbekend","Rechte weg",30,"Niet brandend","Daglicht","Droog",\N,"366561070","Azaleastraat","Leeuwarden","Leeuwarden","Friesland",false,53.211106,5.809767,"injury","2","clear",false,1,"GM0080"
"20240139884",2024,"Letsel",2,"Bromfiets","Fiets","Onbekend","Rechte weg",50,"Brandend","Schemer","Droog","Tunnel","600781150","Stationstunnel","Hilversum","Hilversum","Noord-Holland",false,52.226598,5.181496,"injury","2","clear",false,1,"GM0402"
"20240139886",2024,"Letsel",2,"Fiets","Fiets","Flank","Kruispunt, 3 takken",50,"Niet brandend","Daglicht","Droog",\N,\N,"Hellingbaan","Leerdam","Vijfheerenlanden","Utrecht",false,51.891576,5.079371,"injury","2","clear",false,1,"GM1961"
"20240140707",2024,"Uitsluitend materiele schade",2,"Personenauto","Fiets","Onbekend","Rotonde",50,"Brandend","Duisternis",\N,\N,\N,"Ceintuurbaan","Deventer","Deventer","Overijssel",false,52.267208,6.14384,"material damage only","4","unknown",false,1,"GM0150"
"20240140740",2024,"Uitsluitend materiele schade",2,"Personenauto","Fiets","Flank","Kruispunt, 3 takken",50,"Niet brandend","Daglicht","Regen",\N,\N,"Robert Kochlaan","Deventer","Deventer","Overijssel",false,52.263654,6.172042,"material damage only","4","rain",false,1,"GM0150"
"20240141796",2024,"Uitsluitend materiele schade",2,"Fiets","Personenauto","Flank","Kruispunt, 3 takken",30,"Niet brandend","Daglicht","Regen",\N,\N,"Amberlaan","Amstelveen","Amstelveen","Noord-Holland",false,52.290939,4.850424,"material damage only","4","rain",false,1,"GM0362"
"20240135938",2024,"Uitsluitend materiele schade",2,"Personenauto","Fiets","Onbekend","Kruispunt, 3 takken",15,"Niet brandend","Daglicht","Droog",\N,\N,"Galileïlaan","Dordrecht","Dordrecht","Zuid-Holland",false,51.784396,4.677222,"material damage only","4","clear",false,1,"GM0505"
"20240137192",2024,"Letsel",3,"Fiets",\N,"Vast voorwerp","Rechte weg",30,"Niet brandend","Daglicht","Droog",\N,"360163004","Kloosterstraat","Ommel","Asten","Noord-Brabant",false,51.424465,5.749153,"injury","2","clear",false,1,"GM0743"
"20240150335",2024,"Letsel",2,"Personenauto","Fiets","Flank","Rechte weg",50,"Niet brandend","Daglicht","Droog",\N,"216406016","Breekamplaan","Uitgeest","Uitgeest","Noord-Holland",false,52.515764,4.702051,"injury","2","clear",false,1,"GM0450"
"20240137892",2024,"Uitsluitend materiele schade",2,"Personenauto","Fiets","Frontaal","Kruispunt, 3 takken",30,"Niet brandend","Daglicht","Droog",\N,\N,"1e Vetkampdwarsstraat","Deventer","Deventer","Overijssel",false,52.258378,6.17258,"material damage only","4","clear",false,1,"GM0150"
"20240139156",2024,"Uitsluitend materiele schade",2,"Personenauto","Fiets","Onbekend",\N,30,\N,"Daglicht",\N,\N,\N,"Kerkstraat","Hoogezand","Midden-Groningen","Groningen",false,53.159291,6.756115,"material damage only","4","unknown",false,1,"GM1952"
"20240148785",2024,"Uitsluitend materiele schade",2,"Motor","Fiets","Onbekend","Kruispunt, 3 takken",50,"Brandend","Duisternis","Droog",\N,"405405013","Burg van Roijensingel","Zwolle","Zwolle","Overijssel",false,52.509036,6.093851,"material damage only","4","clear",false,1,"GM0193"
"20240149086",2024,"Uitsluitend materiele schade",2,"Personenauto","Fiets","Frontaal","Bocht",30,"Niet brandend","Daglicht","Droog",\N,"381282010","Orionsingel","Arnhem","Arnhem","Gelderland",false,51.960273,5.904578,"material damage only","4","clear",false,1,"GM0202"
"20240149349",2024,"Uitsluitend materiele schade",2,"e-bike","e-bike","Flank","Kruispunt, 4 takken",50,"Brandend","Schemer","Regen",\N,\N,"Metamorfosenallee","Arnhem","Arnhem","Gelderland",false,51.955039,5.852321,"material damage only","4","rain",false,1,"GM0202"
"20240151385",2024,"Letsel",3,"Personenauto","Fiets","Flank","Kruispunt, 4 takken",30,"Niet brandend","Daglicht","Droog",\N,\N,"Rembrandtlaan","Veenendaal","Veenendaal","Utrecht",false,52.021606,5.545624,"injury","2","clear",false,1,"GM0345"
"20240139266",2024,"Uitsluitend materiele schade",2,"Personenauto","Fiets","Onbekend","Kruispunt, 3 takken",50,"Niet brandend","Schemer","Droog",\N,\N,"Leonard Springerlaan","Meppel","Meppel","Drenthe",false,52.691251,6.19675,"material damage only","4","clear",false,1,"GM0119"
"20240147838",2024,"Uitsluitend materiele schade",2,"Snorfiets","Fiets","Frontaal","Rechte weg",\N,"Brandend","Daglicht","Droog",\N,"600377132","Deurneseweg","Helmond","Helmond","Noord-Brabant",false,51.474663,5.680837,"material damage only","4","clear",false,1,"GM0794"
"20240135564",2024,"Letsel",2,"Personenauto","Fiets","Onbekend","Rechte weg",50,"Niet brandend","Daglicht","Droog",\N,"600121259","Deltalaan","Sliedrecht","Sliedrecht","Zuid-Holland",false,51.82541,4.770533,"injury","2","clear",false,1,"GM0610"
"20240137458",2024,"Letsel",2,"Personenauto","Fiets","Flank","Kruispunt, 4 takken",50,"Niet brandend","Daglicht","Droog",\N,\N,"Vogelsbleek","Weert","Weert","Limburg",false,51.254128,5.70962,"injury","2","clear",false,1,"GM0988"
"20240148122",2024,"Uitsluitend materiele schade",2,"Personenauto","Fiets","Flank","Kruispunt, 3 takken",50,"Brandend","Duisternis","Regen",\N,\N,"Stalenbrug","Bergen op Zoom","Bergen op Zoom","Noord-Brabant",false,51.483683,4.296114,"material damage only","4","rain",false,1,"GM0748"
"20240138759",2024,"Letsel",3,"Personenauto","Fiets","Vast voorwerp","Kruispunt, 4 takken",50,"Brandend","Duisternis","Droog",\N,\N,"Hooilanden","Barneveld","Barneveld","Gelderland",false,52.13472,5.603404,"injury","2","clear",false,1,"GM0203"
"20240143048",2024,"Letsel",2,"Fiets","Personenauto","Flank","Rechte weg, gescheiden rijbanen",50,"Niet brandend","Daglicht","Droog",\N,"600419117","Prinses Mariannelaan","Voorburg","Leidschendam-Voorburg","Zuid-Holland",false,52.059971,4.344785,"injury","2","clear",false,1,"GM1916"
"20240145968",2024,"Letsel",2,"Personenauto","Fiets","Flank","Rechte weg",50,"Brandend","Schemer","Droog",\N,\N,"Amnesty Internationalln","Hellevoetsluis","Voorne aan Zee","Zuid-Holland",false,51.834409,4.135627,"injury","2","clear",false,1,"GM1992"
"20240146462",2024,"Uitsluitend materiele schade",2,"Personenauto","Fiets","Onbekend",\N,\N,\N,"Daglicht","Droog",\N,\N,"Bergerweg","Sittard","Sittard-Geleen","Limburg",false,50.9979,5.856159,"material damage only","4","clear",false,1,"GM1883"
"20230000175",2023,"Letsel",2,"Personenauto","Fiets","Flank","Kruispunt, 4 takken",50,"Niet brandend","Daglicht","Droog",\N,\N,"Brandemeer","Leeuwarden","Leeuwarden","Friesland",false,53.215062,5.797915,"injury","2","clear",false,1,"GM0080"
"20240135001",2024,"Dodelijk",1,"Fiets",\N,"Onbekend","Bocht",50,"Niet brandend","Daglicht","Droog",\N,"601024495","Heukelomseweg","Heukelom","Oisterwijk","Noord-Brabant",false,51.576719,5.161778,"fatal","1","clear",false,1,"GM0824"
"20240145904",2024,"Letsel",2,"Bromfiets","Fiets","Onbekend","Rechte weg",50,"Niet brandend","Daglicht","Droog",\N,\N,"FIETSPAD","Maassluis","Maassluis","Zuid-Holland",false,51.937421,4.233725,"injury","2","clear",false,1,"GM0556"
"20240146400",2024,"Uitsluitend materiele schade",2,"Personenauto","Fiets","Onbekend","Rechte weg",80,"Niet brandend","Daglicht","Droog",\N,"366170110","Liesselseweg","Deurne","Deurne","Noord-Brabant",false,51.453559,5.796963,"material damage only","4","clear",false,1,"GM0762"
"20240137575",2024,"Letsel",2,"Fiets","Bromfiets","Flank","Rechte weg",30,"Niet brandend","Daglicht","Droog","Tunnel",\N,"Bitswijk","Uden","Maashorst","Noord-Brabant",false,51.672017,5.605698,"injury","2","clear",false,1,"GM1991"
"20240144188",2024,"Letsel",2,"Fiets","Personenauto","Flank","Kruispunt, 4 takken",50,"Brandend","Schemer","Regen",\N,\N,"Groot Hertoginnelaan","'s-Gravenhage","'s-Gravenhage","Zuid-Holland",false,52.085111,4.293181,"injury","2","rain",false,1,"GM0518"
"20240146951",2024,"Uitsluitend materiele schade",2,"Personenauto","Fiets","Onbekend","Kruispunt, 4 takken",50,"Niet brandend","Daglicht","Droog",\N,\N,"HEERLEN ZUID","Heerlen","Heerlen","Limburg",false,50.867436,5.980842,"material damage only","4","clear",false,1,"GM0917"
"20240147086",2024,"Uitsluitend materiele schade",2,"Fiets","Bestelauto","Onbekend",\N,30,\N,"Daglicht",\N,\N,\N,"Tuinderspad","Bergen op Zoom","Bergen op Zoom","Noord-Brabant",false,51.50186,4.285742,"material damage only","4","unknown",false,1,"GM0748"
"20240135058",2024,"Uitsluitend materiele schade",2,"Bromfiets","Fiets","Onbekend",\N,50,\N,"Duisternis",\N,\N,"266191130","Korvelseweg","Tilburg","Tilburg","Noord-Brabant",false,51.551379,5.075596,"material damage only","4","unknown",false,1,"GM0855"
"20240136325",2024,"Uitsluitend materiele schade",2,"Bromfiets","Fiets","Onbekend","Kruispunt, 3 takken",30,"Niet brandend","Daglicht","Droog",\N,\N,"FIETSPAD","Veldhoven","Veldhoven","Noord-Brabant",false,51.421931,5.427663,"material damage only","4","clear",false,1,"GM0861"
"20240148906",2024,"Uitsluitend materiele schade",2,"Personenauto","Fiets","Flank","Rechte weg",30,"Niet brandend","Daglicht","Regen",\N,"600364070","Gasthuisstraat","Groenlo","Oost Gelre","Gelderland",false,52.041609,6.619663,"material damage only","4","rain",false,1,"GM1586"
"20240134483",2024,"Uitsluitend materiele schade",2,"Personenauto","Fiets","Flank","Rotonde",50,"Niet brandend","Daglicht","Regen",\N,\N,"Industrieweg","Vlissingen","Vlissingen","Zeeland",false,51.454563,3.583207,"material damage only","4","rain",false,1,"GM0718"
"20240004835",2024,"Uitsluitend materiele schade",2,"Personenauto","Fiets","Flank","Rotonde",50,"Niet brandend","Daglicht","Droog",\N,\N,"Mozartlaan","Zwolle","Zwolle","Overijssel",false,52.521578,6.083403,"material damage only","4","clear",false,1,"GM0193"
"20240009924",2024,"Letsel",2,"Personenauto","Fiets","Frontaal","Bocht",30,"Niet brandend","Daglicht","Droog",\N,"600378527","Oliemolenwal","Tiel","Tiel","Gelderland",false,51.888738,5.436997,"injury","2","clear",false,1,"GM0281"
"20240003198",2024,"Letsel",2,"Fiets","Personenauto","Geparkeerd voertuig","Rechte weg",30,"Niet brandend","Daglicht","Droog",\N,"296213014","Spoorlaan","Vught","Vught","Noord-Brabant",false,51.650807,5.29302,"injury","2","clear",false,1,"GM0865"
"20240007506",2024,"Letsel",2,"Personenauto","Fiets","Flank","Rotonde",50,"Niet brandend","Daglicht","Regen",\N,\N,"Verspycklaan","Naaldwijk","Westland","Zuid-Holland",false,51.997963,4.210138,"injury","2","rain",false,1,"GM1783"
"20240007867",2024,"Letsel",2,"Personenauto","Fiets","Flank","Kruispunt, 4 takken",50,"Brandend","Duisternis","Droog",\N,\N,"Ockenburghstraat","'s-Gravenhage","'s-Gravenhage","Zuid-Holland",false,52.05731,4.226902,"injury","2","clear",false,1,"GM0518"
"20240011828",2024,"Letsel",2,"Personenauto","Fiets","Flank","Rotonde",50,"Niet brandend","Daglicht","Droog",\N,\N,"De Haar","Huizen","Huizen","Noord-Holland",false,52.298019,5.249238,"injury","2","clear",false,1,"GM0406"
"20240017246",2024,"Letsel",2,"Fiets","Fiets","Onbekend","Rechte weg",30,"Niet brandend","Daglicht","Droog",\N,"600359925","Lijnbaanstraat","Groningen","Groningen","Groningen",false,53.216818,6.576338,"injury","2","clear",false,1,"GM0014"
"20240001170",2024,"Letsel",3,"Fiets","Personenauto","Onbekend","Kruispunt, 4 takken",50,"Brandend","Duisternis","Regen",\N,\N,"Kreekhuizenlaan","Rotterdam","Rotterdam","Zuid-Holland",true,51.883821,4.538391,"injury","2","rain",false,1,"GM0599"
"20240012483",2024,"Letsel",2,"Personenauto","Fiets","Flank","Kruispunt, 4 takken",30,"Niet brandend","Schemer","Regen",\N,\N,"Abdis Kerstinastraat","'s-Gravenhage","'s-Gravenhage","Zuid-Holland",false,52.030727,4.246799,"injury","2","rain",false,1,"GM0518"
"20240012485",2024,"Uitsluitend materiele schade",2,"Personenauto","Fiets","Frontaal","Kruispunt, 4 takken",30,"Niet brandend","Daglicht","Regen",\N,\N,"Latherusstraat","Amsterdam","Amsterdam","Noord-Holland",false,52.392686,4.914479,"material damage only","4","rain",false,1,"GM0363"
"20230109358",2023,"Letsel",2,"Personenauto","Fiets","Flank","Kruispunt, 3 takken",50,"Niet brandend","Daglicht","Droog",\N,\N,"Lijsterbes","Haaksbergen","Haaksbergen","Overijssel",false,52.166887,6.747893,"injury","2","clear",false,1,"GM0158"
"20240010976",2024,"Uitsluitend materiele schade",2,"Personenauto","Fiets","Flank","Kruispunt, 3 takken",50,"Niet brandend","Daglicht","Regen",\N,\N,"Giek","Zeewolde","Zeewolde","Flevoland",false,52.336065,5.52465,"material damage only","4","rain",false,1,"GM0050"
"20240011324",2024,"Letsel",2,"Personenauto","Fiets","Los voorwerp","Rotonde",50,"Niet brandend","Daglicht","Droog",\N,\N,"Schepenensingel","IJsselstein","IJsselstein","Utrecht",false,52.015669,5.032416,"injury","2","clear",false,1,"GM0353"
"20240012518",2024,"Letsel",2,"Bestelauto","Fiets","Frontaal","Rechte weg",30,"Niet brandend","Schemer","Droog",\N,"169293134","Achterom","Delft","Delft","Zuid-Holland",false,52.006757,4.361989,"injury","2","clear",false,1,"GM0503"
"20240022105",2024,"Letsel",2,"Personenauto","Fiets","Onbekend","Kruispunt, 4 takken",50,"Niet brandend","Daglicht","Droog",\N,\N,"Stationssingel","Rotterdam","Rotterdam","Zuid-Holland",false,51.926468,4.463243,"injury","2","clear",false,1,"GM0599"