"accident_id","year","severity_raw","party_count","party1_type","party2_type","accident_type","road_situation","speed_limit_kmh","road_lighting","light_condition_label","weather_raw","infra_type","road_segment_id","street_name","place_name","gemeente_name_raw","province","alcohol_indicated","latitude","longitude","severity_label","severity_code","weather_label","built_up_area","cyclists_involved","gemeente_code"
"20220114396",2022,"Letsel",2,"Personenauto","Fiets","Flank","Rechte weg",50,"Niet brandend","Daglicht","Droog",\N,"600860428","Kruisweg","Marum","Westerkwartier","Groningen",false,53.148285,6.277462,"injury","2","clear",false,1,"GM1969"
"20220032217",2022,"Uitsluitend materiele schade",2,"Personenauto","Fiets","Flank","Kruispunt, 3 takken",50,"Niet brandend","Daglicht","Regen",\N,\N,"Boslaan","Emmen","Emmen","Drenthe",false,52.790513,6.917875,"material damage only","4","rain",false,1,"GM0114"
"20220062593",2022,"Letsel",3,"Personenauto","Fiets","Onbekend","Rotonde",50,"Niet brandend","Daglicht","Regen",\N,\N,"Bovendijk","Rotterdam","Rotterdam","Zuid-Holland",false,51.955014,4.456766,"injury","2","rain",false,1,"GM0599"
"20220104662",2022,"Letsel",2,"Fiets","Fiets","Frontaal","Rechte weg",30,"Brandend","Duisternis","Droog",\N,"600414230","Mekelweg","Delft","Delft","Zuid-Holland",false,51.990155,4.381041,"injury","2","clear",false,1,"GM0503"
"20220104729",2022,"Letsel",1,"Fiets",\N,"Eenzijdig","Rechte weg",50,"Brandend","Duisternis","Droog",\N,"600393337","Lammermarkt","Leiden","Leiden","Zuid-Holland",false,52.163715,4.488625,"injury","2","clear",false,1,"GM0546"
"20220104842",2022,"Letsel",2,"Personenauto","Fiets","Kop/staart","Rechte weg",50,"Niet brandend","Daglicht",\N,\N,"191340037","Van Alkemadelaan","Sassenheim","Teylingen","Zuid-Holland",false,52.218159,4.517926,"injury","2","unknown",false,1,"GM1525"
"20220020441",2022,"Uitsluitend materiele schade",2,"Fiets","Fiets","Flank","Kruispunt, 3 takken",30,"Niet brandend","Daglicht","Droog",\N,\N,"Markt","Delft","Delft","Zuid-Holland",false,52.010916,4.358432,"material damage only","4","clear",false,1,"GM0503"
"20220049767",2022,"Uitsluitend materiele schade",2,"Fiets","Fiets","Flank","Kruispunt, 3 takken",50,"Niet brandend","Daglicht","Droog",\N,\N,"Sportlaan","Bunnik","Bunnik","Utrecht",false,52.068067,5.208587,"material damage only","4","clear",false,1,"GM0312"
"20220052798",2022,"Letsel",2,"e-bike","Overig vast object","Vast voorwerp","Kruispunt, 4 takken",50,"Brandend","Duisternis","Droog",\N,\N,"Sportlaan","Schagen","Schagen","Noord-Holland",false,52.793411,4.789169,"injury","2","clear",false,1,"GM0441"
"20220058545",2022,"Letsel",2,"Personenauto","Fiets","Frontaal","Kruispunt, 4 takken",30,"Niet brandend","Daglicht","Droog",\N,\N,"Vliehors","Nootdorp","Pijnacker-Nootdorp","Zuid-Holland",false,52.042221,4.376727,"injury","2","clear",false,1,"GM1926"
"20220082227",2022,"Letsel",1,"e-bike",\N,"Eenzijdig","Kruispunt, 3 takken",\N,"Niet brandend","Daglicht",\N,\N,\N,"Clusiushof","Hillegom","Hillegom","Zuid-Holland",false,52.286865,4.576843,"injury","2","unknown",false,1,"GM0534"
"20220083152",2022,"Letsel",2,"Snorfiets","e-bike","Flank","Kruispunt, 3 takken",\N,"Niet brandend","Daglicht","Droog",\N,\N,"FIETSPAD","Bleiswijk","Lansingerland","Zuid-Holland",false,52.032397,4.557297,"injury","2","clear",false,1,"GM1621"
"20220105178",2022,"Letsel",2,"Personenauto","Fiets","Flank","Kruispunt, 3 takken",30,"Niet brandend","Daglicht","Droog",\N,\N,"Raaigras","Bodegraven","Bodegraven-Reeuwijk","Zuid-Holland",false,52.075507,4.754655,"injury","2","clear",false,1,"GM1901"
"20220105470",2022,"Letsel",1,"Fiets",\N,"Eenzijdig",\N,50,\N,"Duisternis",\N,\N,"198355003","Leidsestraat","Hillegom","Hillegom","Zuid-Holland",false,52.284949,4.573742,"injury","2","unknown",false,1,"GM0534"
"20220105959",2022,"Letsel",2,"Fiets","Fiets","Onbekend","Rechte weg",15,"Niet brandend","Daglicht","Droog",\N,"600960074","Westveensekade","Woerdense Verlaat","Nieuwkoop","Zuid-Holland",false,52.158491,4.865868,"injury","2","clear",false,1,"GM0569"
"20220036096",2022,"Uitsluitend materiele schade",1,"Fiets",\N,"Voetganger","Rechte weg",30,"Brandend","Duisternis","Droog",\N,"239370071","Willemsparkweg","Amsterdam","Amsterdam","Noord-Holland",false,52.356542,4.872648,"material damage only","4","clear",false,1,"GM0363"
"20220072130",2022,"Letsel",2,"e-bike","Fiets","Onbekend","Rechte weg",50,"Niet brandend","Daglicht","Droog",\N,\N,"Parkweg","Groningen","Groningen","Groningen",false,53.206978,6.559243,"injury","2","clear",false,1,"GM0014"
"20220088281",2022,"Letsel",2,"Personenauto","Fiets","Flank","Kruispunt, 4 takken",50,"Brandend","Schemer","Droog",\N,\N,"Concordiastraat","Breda","Breda","Noord-Brabant",false,51.584475,4.774506,"injury","2","clear",false,1,"GM0758"
"20220094556",2022,"Uitsluitend materiele schade",2,"Personenauto","e-bike","Flank","Kruispunt, 4 takken",50,"Niet brandend","Daglicht","Droog",\N,\N,"Soeteman","Almelo","Almelo","Overijssel",false,52.335366,6.636615,"material damage only","4","clear",false,1,"GM0141"
"20220094948",2022,"Uitsluitend materiele schade",2,"Personenauto","e-bike","Flank","Rotonde",50,"Niet brandend","Daglicht","Droog",\N,\N,"Jan Weitkamplaan","Hardenberg","Hardenberg","Overijssel",false,52.570533,6.630759,"material damage only","4","clear",false,1,"GM0160"
"20220014456",2022,"Letsel",2,"Personenauto","Fiets","Flank","Rechte weg",50,"Niet brandend","Daglicht","Droog",\N,"600608164","Plesmanweg","Heemskerk","Heemskerk","Noord-Holland",false,52.500441,4.66971,"injury","2","clear",false,1,"GM0396"
"20220041968",2022,"Letsel",2,"e-bike","Personenauto","Kop/staart","Kruispunt, 3 takken",30,"Niet brandend","Daglicht","Droog",\N,\N,"Emmalaan","Haren Gn","Groningen","Groningen",false,53.168378,6.598048,"injury","2","clear",false,1,"GM0014"
"20220109319",2022,"Uitsluitend materiele schade",2,"Personenauto","Fiets","Flank","Rotonde",50,"Niet brandend","Daglicht","Droog",\N,\N,"Taxandriaweg","Waalwijk","Waalwijk","Noord-Brabant",false,51.692145,5.070042,"material damage only","4","clear",false,1,"GM0867"
"20220030384",2022,"Uitsluitend materiele schade",2,"Fiets","Personenauto","Flank","Rotonde",50,"Niet brandend","Daglicht","Droog",\N,\N,"Marconilaan","Weert","Weert","Limburg",false,51.272031,5.731412,"material damage only","4","clear",false,1,"GM0988"
"20220038249",2022,"Uitsluitend materiele schade",2,"Personenauto","Fiets","Flank","Rechte weg",50,"Niet brandend","Daglicht",\N,\N,"260244013","Parallelweg","Giessen","Altena","Noord-Brabant",false,51.789535,5.030013,"material damage only","4","unknown",false,1,"GM1959"
"20220066035",2022,"Letsel",2,"Personenauto","Fiets","Flank","Kruispunt, 3 takken",60,"Niet brandend","Daglicht","Droog",\N,\N,"Oude Bredasebaan","Chaam","Alphen-Chaam","Noord-Brabant",false,51.501614,4.826568,"injury","2","clear",false,1,"GM1723"
"20220069209",2022,"Letsel",1,"Fiets",\N,"Eenzijdig","Rechte weg",50,"Niet brandend","Daglicht","Droog","Brug/viaduct","600569942","FIETSPAD","Maastricht","Maastricht","Limburg",false,50.841301,5.70146,"injury","2","clear",false,1,"GM0935"
"20220096240",2022,"Uitsluitend materiele schade",2,"Fiets","Fiets","Kop/staart","Rechte weg",80,"Niet aanwezig","Daglicht","Droog",\N,"600475668","Doetinchemseweg","Zelhem","Bronckhorst","Gelderland",false,51.980179,6.332833,"material damage only","4","clear",false,1,"GM1876"
"20220097108",2022,"Uitsluitend materiele schade",2,"Personenauto","e-bike","Flank","Rotonde",50,"Niet brandend","Daglicht","Droog",\N,\N,"Veenderweg","Ede","Ede","Gelderland",false,52.042935,5.661085,"material damage only","4","clear",false,1,"GM0228"
"20220099877",2022,"Letsel",2,"Bromfiets","Fiets","Frontaal","Rechte weg",30,"Niet brandend","Daglicht","Droog",\N,"600177821","Beusichemsetuin","Houten","Houten","Utrecht",false,52.021297,5.186917,"injury","2","clear",false,1,"GM0321"
"20220101366",2022,"Letsel",2,"Bromfiets","Fiets","Flank","Kruispunt, 3 takken",\N,"Niet brandend","Daglicht","Regen",\N,\N,"Hoornselaan","Purmerend","Purmerend","Noord-Holland",false,52.511127,4.951691,"injury","2","rain",false,1,"GM0439"
"20220018531",2022,"Uitsluitend materiele schade",2,"Bromfiets","Fiets","Onbekend","Kruispunt, 3 takken",30,"Niet brandend","Daglicht","Droog",\N,\N,"Paul Gabriëlstraat","'s-Gravenhage","'s-Gravenhage","Zuid-Holland",false,52.094672,4.327904,"material damage only","4","clear",false,1,"GM0518"
"20220061545",2022,"Letsel",2,"Personenauto","Fiets","Onbekend","Kruispunt, 3 takken",30,"Niet brandend","Daglicht","Droog",\N,\N,"Kleine Haarsekade","Gorinchem","Gorinchem","Zuid-Holland",false,51.839938,4.970482,"injury","2","clear",false,1,"GM0512"
"20220098243",2022,"Uitsluitend materiele schade",2,"Personenauto","Fiets","Frontaal","Rechte weg",30,"Brandend","Duisternis","Droog",\N,"312326080","De Sneeuwuil","Amersfoort","Amersfoort","Utrecht",false,52.158731,5.40891,"material damage only","4","clear",false,1,"GM0307"
"20220101501",2022,"Uitsluitend materiele schade",3,"Personenauto","Fiets","Onbekend","Rechte weg",30,\N,"Daglicht",\N,\N,"239547009","Roggeslootweg","De Cocksdorp","Texel","Noord-Holland",false,53.151756,4.858871,"material damage only","4","unknown",false,1,"GM0448"
"20220103594",2022,"Uitsluitend materiele schade",2,"Bus","Fiets","Onbekend","Rotonde",\N,"Niet brandend","Daglicht","Droog",\N,\N,"Hallenweg","Leiden","Leiden","Zuid-Holland",false,52.171412,4.49742,"material damage only","4","clear",false,1,"GM0546"
"20220014789",2022,"Uitsluitend materiele schade",2,"Personenauto","Fiets","Frontaal","Kruispunt, 4 takken",30,"Niet brandend","Daglicht",\N,\N,\N,"Ramen","Alkmaar","Alkmaar","Noord-Holland",false,52.632397,4.749187,"material damage only","4","unknown",false,1,"GM0361"
"20220026445",2022,"Letsel",2,"Personenauto","Fiets","Flank","Rotonde",50,"Niet brandend","Schemer","Droog",\N,\N,"Marconistraat","Goes","Goes","Zeeland",false,51.498805,3.879716,"injury","2","clear",false,1,"GM0664"
"20220028171",2022,"Uitsluitend materiele schade",2,"Personenauto","Fiets","Flank","Kruispunt, 4 takken",30,"Brandend","Duisternis",\N,\N,\N,"Lidwinastraat","Vught","Vught","Noord-Brabant",false,51.644808,5.286392,"material damage only","4","unknown",false,1,"GM0865"
"20220040661",2022,"Uitsluitend materiele schade",2,"Personenauto","Fiets","Flank","Kruispunt, 3 takken",50,"Niet brandend","Daglicht","Droog",\N,\N,"Laan van de Vrijheid","Groningen","Groningen","Groningen",false,53.198712,6.557334,"material damage only","4","clear",false,1,"GM0014"
"20220055827",2022,"Letsel",2,"Snorfiets","Fiets","Onbekend","Kruispunt, 3 takken",50,"Niet brandend","Schemer","Droog",\N,\N,"Korte Leidsedwarsstraat","Amsterdam","Amsterdam","Noord-Holland",true,52.365554,4.881441,"injury","2","clear",false,1,"GM0363"
"20220100896",2022,"Letsel",3,"Fiets","Snorfiets","Flank","Bocht",50,"Niet brandend","Daglicht","Droog","Brug/viaduct","214377036","Haarlemmerstraatweg","Halfweg","Haarlemmermeer","Noord-Holland",false,52.383545,4.689884,"injury","2","clear",false,1,"GM0394"
"20220101222",2022,"Uitsluitend materiele schade",2,"Personenauto","Fiets","Frontaal","Kruispunt, 3 takken",30,"Niet brandend","Daglicht","Droog",\N,\N,"Nieuwe Gouw","Kwadijk","Edam-Volendam","Noord-Holland",false,52.524699,4.990117,"material damage only","4","clear",false,1,"GM0385"
"20220102338",2022,"Letsel",3,"Fiets","Voetganger","Voetganger","Rechte weg",15,"Niet brandend","Daglicht","Droog",\N,"600363075","Singel","Amsterdam","Amsterdam","Noord-Holland",false,52.371829,4.888119,"injury","2","clear",false,1,"GM0363"
"20220105999",2022,"Letsel",2,"e-bike","Fiets","Frontaal","Bocht",50,"Niet brandend","Daglicht","Droog",\N,"600113277","Noordeinde","Boskoop","Alphen aan den Rijn","Zuid-Holland",false,52.068021,4.638001,"injury","2","clear",false,1,"GM0484"
"20220038773",2022,"Uitsluitend materiele schade",2,"Personenauto","Fiets","Onbekend","Kruispunt, 3 takken",50,"Brandend","Duisternis","Droog",\N,\N,"Korvelplein","Tilburg","Tilburg","Noord-Brabant",false,51.549145,5.068341,"material damage only","4","clear",false,1,"GM0855"
"20220102745",2022,"Letsel",2,"Fiets","Fiets","Flank","Kruispunt, 4 takken",30,"Niet brandend","Daglicht","Droog",\N,\N,"Gerard Doustraat","Amsterdam","Amsterdam","Noord-Holland",false,52.355436,4.890422,"injury","2","clear",false,1,"GM0363"
"20220015454",2022,"Uitsluitend materiele schade",2,"Fiets","Personenauto","Flank","Rotonde",50,"Niet brandend","Daglicht","Droog",\N,\N,"Jan Tooropstraat","Amsterdam","Amsterdam","Noord-Holland",false,52.369563,4.837193,"material damage only","4","clear",false,1,"GM0363"
"20220057846",2022,"Letsel",2,"Fiets","Overig vast object","Vast voorwerp","Rotonde",\N,"Brandend","Duisternis","Droog",\N,\N,"Hoorneslaan","Katwijk","Katwijk","Zuid-Holland",false,52.203303,4.428216,"injury","2","clear",false,1,"GM0537"
"20220059149",2022,"Letsel",3,"Fiets","Fiets","Frontaal","Rechte weg",30,"Niet brandend","Daglicht","Droog","Tunnel","180295089","KLAPROOSTUNNEL","Pijnacker","Pijnacker-Nootdorp","Zuid-Holland",false,52.013295,4.44238,"injury","2","clear",false,1,"GM1926"
"20220067984",2022,"Letsel",2,"Fiets","Fiets","Flank","Kruispunt, 4 takken",\N,"Niet brandend","Daglicht","Droog",\N,\N,"Loopsteegje","Sint-Michielsgestel","Sint-Michielsgestel","Noord-Brabant",false,51.653106,5.360807,"injury","2","clear",false,1,"GM0845"
"20240004174",2024,"Uitsluitend materiele schade",2,"Personenauto","Fiets","Flank","Rotonde",30,"Niet brandend","Daglicht","Droog",\N,\N,"Deldensestraat","Borne","Borne","Overijssel",false,52.297507,6.750125,"material damage only","4","clear",false,1,"GM0147"
"20220108417",2022,"Uitsluitend materiele schade",1,"Fiets",\N,"Onbekend","Rechte weg",\N,"Niet brandend","Daglicht","Droog",\N,"600517439","Rosestraat","Rotterdam","Rotterdam","Zuid-Holland",false,51.907112,4.507115,"material damage only","4","clear",false,1,"GM0599"
"20220074676",2022,"Letsel",2,"e-bike","Fiets","Flank","Kruispunt, 4 takken",\N,"Niet brandend","Daglicht","Droog",\N,\N,"Hoofdstraat","Epe","Epe","Gelderland",false,52.353776,5.98849,"injury","2","clear",false,1,"GM0232"
"20220075100",2022,"Uitsluitend materiele schade",2,"Personenauto","Fiets","Flank","Kruispunt, 3 takken",30,"Niet brandend","Daglicht","Droog",\N,\N,"Stationsstraat","Ermelo","Ermelo","Gelderland",false,52.300369,5.626583,"material damage only","4","clear",false,1,"GM0233"
"20220022057",2022,"Letsel",2,"Personenauto","Fiets","Onbekend","Kruispunt, 4 takken",15,"Niet brandend","Daglicht","Mist",\N,\N,"Stationsweg","Heenvliet","Nissewaard","Zuid-Holland",false,51.858676,4.24183,"injury","2","fog",false,1,"GM1930"
"20220031125",2022,"Uitsluitend materiele schade",2,"Personenauto","Fiets","Flank","Kruispunt, 3 takken",50,"Niet brandend","Daglicht","Droog",\N,\N,"VENLO-ZUID 16","Tegelen","Venlo","Limburg",false,51.354228,6.152108,"material damage only","4","clear",false,1,"GM0983"
"20220035265",2022,"Uitsluitend materiele schade",2,"Personenauto","Fiets","Onbekend",\N,50,\N,"Schemer",\N,\N,"600370748","Orionweg","Haarlem","Haarlem","Noord-Holland",false,52.404599,4.640077,"material damage only","4","unknown",false,1,"GM0392"
"20220047524",2022,"Uitsluitend materiele schade",2,"Personenauto","Fiets","Onbekend","Rechte weg",50,"Niet brandend","Daglicht","Droog",\N,"600623098","Apeldoornseweg","Arnhem","Arnhem","Gelderland",false,51.99132,5.908569,"material damage only","4","clear",false,1,"GM0202"
"20220063273",2022,"Uitsluitend materiele schade",3,"Bestelauto","Fiets","Onbekend","Kruispunt, 3 takken",50,"Niet brandend","Daglicht","Droog",\N,\N,"Roelantweg","Rotterdam","Rotterdam","Zuid-Holland",false,51.898689,4.554917,"material damage only","4","clear",false,1,"GM0599"
"20220066504",2022,"Uitsluitend materiele schade",2,"Fiets","Personenauto","Flank","Rechte weg",50,"Brandend","Duisternis","Regen","Brug/viaduct","301222089","Merwedelaan","'s-Hertogenbosch","'s-Hertogenbosch","Noord-Brabant",false,51.689554,5.324937,"material damage only","4","rain",false,1,"GM0796"
"20220068056",2022,"Uitsluitend materiele schade",2,"Personenauto","Fiets","Flank","Rechte weg",50,"Niet brandend","Daglicht","Droog",\N,\N,"Lubberstraat","Oirschot","Oirschot","Noord-Brabant",false,51.513671,5.277065,"material damage only","4","clear",false,1,"GM0823"
"20220111433",2022,"Uitsluitend materiele schade",2,"Snorfiets","Fiets","Flank","Kruispunt, 4 takken",50,"Niet brandend","Daglicht","Droog",\N,\N,"Piuslaan","Eindhoven","Eindhoven","Noord-Brabant",false,51.427283,5.499279,"material damage only","4","clear",false,1,"GM0772"
"20220113013",2022,"Letsel",2,"Personenauto","Fiets","Flank","Kruispunt, 3 takken",50,"Niet brandend","Daglicht","Droog",\N,\N,"Tunnelstraat","Geleen","Sittard-Geleen","Limburg",false,50.9751,5.82257,"injury","2","clear",false,1,"GM1883"
"20220113392",2022,"Letsel",1,"Fiets",\N,"Eenzijdig","Rechte weg",\N,"Niet brandend","Daglicht","Droog","Brug/viaduct","600643136","Eindhovenseweg","Venlo","Venlo","Limburg",false,51.368846,6.161287,"injury","2","clear",false,1,"GM0983"
"20220113542",2022,"Uitsluitend materiele schade",2,"Scootmobiel","Fiets","Flank","Kruispunt, 4 takken",30,"Niet brandend","Daglicht","Droog",\N,\N,"Markt","Meerssen","Meerssen","Limburg",false,50.883163,5.754806,"material damage only","4","clear",false,1,"GM0938"
"20220031390",2022,"Uitsluitend materiele schade",2,"Personenauto","Fiets","Frontaal","Rechte weg",30,"Brandend","Duisternis","Droog",\N,"601033879","Olieslagersstraat","Roermond","Roermond","Limburg",false,51.18401,6.006531,"material damage only","4","clear",false,1,"GM0957"
"20220037175",2022,"Letsel",2,"Bestelauto","Fiets","Onbekend","Rechte weg",30,"Niet brandend","Daglicht",\N,\N,"192341012","Platanenlaan","Sassenheim","Teylingen","Zuid-Holland",false,52.224085,4.530157,"injury","2","unknown",false,1,"GM1525"
"20220052065",2022,"Letsel",2,"Bestelauto","Fiets","Flank","Rotonde",50,"Niet aanwezig","Daglicht","Droog",\N,\N,"De Weel","Hoorn","Hoorn","Noord-Holland",false,52.638582,5.033619,"injury","2","clear",false,1,"GM0405"
"20230087823",2023,"Uitsluitend materiele schade",4,"Fiets","Fiets","Onbekend",\N,30,\N,"Duisternis",\N,\N,\N,"0025 BRUG","Amsterdam","Amsterdam","Noord-Holland",true,52.370288,4.886637,"material damage only","4","unknown",false,1,"GM0363"
"20230001290",2023,"Letsel",1,"Fiets",\N,"Eenzijdig","Rechte weg",50,"Brandend","Duisternis","Droog",\N,"467563066","Herestraat","Groningen","Groningen","Groningen",false,53.216399,6.567867,"injury","2","clear",false,1,"GM0014"
"20230022228",2023,"Letsel",1,"Fiets",\N,"Eenzijdig",\N,50,\N,"Daglicht",\N,\N,"600283924","Waldorpstraat","'s-Gravenhage","'s-Gravenhage","Zuid-Holland",false,52.060282,4.310623,"injury","2","unknown",false,1,"GM0518"
"20230000647",2023,"Uitsluitend materiele schade",2,"Personenauto","Fiets","Flank","Rotonde",50,"Brandend","Duisternis","Droog",\N,\N,"Laan van Borgele","Deventer","Deventer","Overijssel",false,52.270902,6.155303,"material damage only","4","clear",false,1,"GM0150"
"20230002701",2023,"Letsel",2,"Fiets","Personenauto","Flank","Rechte weg",50,"Niet brandend","Daglicht","Droog",\N,"270437031","Maasweg","Hoorn","Hoorn","Noord-Holland",false,52.65581,5.094463,"injury","2","clear",false,1,"GM0405"
"20230007984",2023,"Uitsluitend materiele schade",2,"Snorfiets","Fiets","Onbekend",\N,50,\N,"Daglicht",\N,\N,"268193055","Heuvel","Tilburg","Tilburg","Noord-Brabant",false,51.557214,5.092239,"material damage only","4","unknown",false,1,"GM0855"
"20230001416",2023,"Letsel",2,"Fiets","Personenauto","Frontaal","Kruispunt, 4 takken",30,"Niet brandend","Daglicht","Droog",\N,\N,"Blauwgras","Heerenveen","Heerenveen","Friesland",false,52.9553,5.917661,"injury","2","clear",false,1,"GM0074"
"20230002732",2023,"Letsel",2,"Bestelauto","Fiets","Flank","Rechte weg",30,"Niet brandend","Daglicht","Droog",\N,"600751603","Zijperstraat","Alkmaar","Alkmaar","Noord-Holland",false,52.638759,4.751193,"injury","2","clear",false,1,"GM0361"
"20230011223",2023,"Uitsluitend materiele schade",2,"Personenauto","Fiets","Flank","Kruispunt, 3 takken",50,"Brandend","Duisternis","Regen",\N,\N,"Magnoliahof","Barneveld","Barneveld","Gelderland",false,52.139502,5.582589,"material damage only","4","rain",false,1,"GM0203"
"20230011227",2023,"Uitsluitend materiele schade",2,"Bestelauto","Fiets","Flank","Kruispunt, 3 takken",50,"Brandend","Duisternis","Regen",\N,\N,"Virulyweg","Almelo","Almelo","Overijssel",false,52.37578,6.648903,"material damage only","4","rain",false,1,"GM0141"
"20230011649",2023,"Uitsluitend materiele schade",2,"Personenauto","e-bike","Flank","Kruispunt, 4 takken",30,"Niet brandend","Daglicht",\N,\N,\N,"Operadreef","Harderwijk","Harderwijk","Gelderland",false,52.326448,5.610897,"material damage only","4","unknown",false,1,"GM0243"
"20230058548",2023,"Letsel",1,"Fiets",\N,"Eenzijdig",\N,\N,\N,"Daglicht",\N,\N,"214308002","Spoelwijkschedijk","Boskoop","Alphen aan den Rijn","Zuid-Holland",false,52.075144,4.687505,"injury","2","unknown",false,1,"GM0484"
"20230008667",2023,"Letsel",1,"Fiets",\N,"Eenzijdig","Kruispunt, 4 takken",30,"Niet brandend","Daglicht","Regen",\N,\N,"Zakstraat","Maastricht","Maastricht","Limburg",false,50.849573,5.679934,"injury","2","rain",false,1,"GM0935"
"20230000461",2023,"Uitsluitend materiele schade",2,"Personenauto","e-bike","Flank","Kruispunt, 4 takken",30,"Niet brandend","Daglicht","Droog",\N,\N,"Esrein","Hengelo","Hengelo (O)","Overijssel",false,52.256999,6.790101,"material damage only","4","clear",false,1,\N
"20230003381",2023,"Letsel",1,"Fiets",\N,"Eenzijdig","Rechte weg",50,"Niet brandend","Daglicht","Droog",\N,"600751022","Kanaaldijk","Alkmaar","Alkmaar","Noord-Holland",false,52.65082,4.744729,"injury","2","clear",false,1,"GM0361"
"20230001939",2023,"Letsel",2,"Personenauto","Fiets","Flank","Kruispunt, 3 takken",60,"Niet aanwezig","Daglicht","Droog",\N,\N,"Hölterhofweg","Enschede","Enschede","Overijssel",false,52.199151,6.926688,"injury","2","clear",false,1,"GM0153"
"20230002402",2023,"Uitsluitend materiele schade",2,"Personenauto","Fiets","Flank","Rechte weg",50,"Niet brandend","Daglicht","Regen",\N,"345297007","Lorentzstraat","Ede","Ede","Gelderland",false,52.030678,5.644416,"material damage only","4","rain",false,1,"GM0228"
"20230004803",2023,"Uitsluitend materiele schade",2,"Personenauto","Fiets","Frontaal","Bocht",30,"Niet brandend","Daglicht","Droog",\N,"600425784","Richard Holkade","Haarlem","Haarlem","Noord-Holland",false,52.37161,4.652888,"material damage only","4","clear",false,1,"GM0392"
"20230000064",2023,"Letsel",2,"Fiets",\N,"Eenzijdig","Kruispunt, 3 takken",30,"Niet aanwezig","Daglicht","Droog","Brug/viaduct",\N,"Oude-Molenstraat","Assen","Assen","Drenthe",false,52.998791,6.562582,"injury","2","clear",false,1,"GM0106"
"20230010164",2023,"Letsel",1,"Fiets",\N,"Eenzijdig","Kruispunt, 3 takken",15,"Niet aanwezig","Daglicht","Droog",\N,\N,"Verlengde Lodewijkstraat","Groningen","Groningen","Groningen",false,53.207971,6.579402,"injury","2","clear",false,1,"GM0014"
"20230003310",2023,"Letsel",3,"Bromfiets","Fiets","Los voorwerp","Rechte weg",50,"Niet brandend","Daglicht","Droog",\N,"600436182","Middenweg","Heerhugowaard","Dijk en Waard","Noord-Holland",false,52.668654,4.843518,"injury","2","clear",false,1,"GM1980"
"20230004386",2023,"Letsel",2,"Fiets","Personenauto","Flank","Kruispunt, 4 takken",50,"Niet brandend","Daglicht","Regen",\N,\N,"Vondelstraat","Alkmaar","Alkmaar","Noord-Holland",false,52.616519,4.742333,"injury","2","rain",false,1,"GM0361"
"20230065479",2023,"Dodelijk",2,"Fiets","Personenauto","Flank","Kruispunt, 4 takken",60,"Niet brandend","Daglicht","Droog",\N,\N,"Langedijk","Hall","Brummen","Gelderland",false,52.117545,6.068012,"fatal","1","clear",false,1,"GM0213"
"20230042669",2023,"Uitsluitend materiele schade",2,"Personenauto","Fiets","Onbekend",\N,\N,\N,"Daglicht",\N,\N,"177266015","Waalhavenweg","Rotterdam","Rotterdam","Zuid-Holland",false,51.885739,4.426604,"material damage only","4","unknown",false,1,"GM0599"
"20230005106",2023,"Letsel",2,"Bromfiets","Fiets","Frontaal","Rechte weg",30,"Niet brandend","Daglicht","Droog",\N,"183328090","Jan Paetsplein","Leiden","Leiden","Zuid-Holland",false,52.163258,4.460675,"injury","2","clear",false,1,"GM0546"
"20230007028",2023,"Uitsluitend materiele schade",2,"Fiets","Personenauto","Flank","Kruispunt, 4 takken",50,"Niet brandend","Daglicht","Droog",\N,\N,"Rotterdamseweg","Zwijndrecht","Zwijndrecht","Zuid-Holland",false,51.818269,4.656346,"material damage only","4","clear",false,1,"GM0642"
"20230071400",2023,"Dodelijk",3,"Landbouwvoertuig","Fiets","Onbekend","Rechte weg",60,"Niet aanwezig","Daglicht","Droog",\N,"92194014","Oost-Bermweg","Kortgene","Noord-Beveland","Zeeland",false,51.556322,3.826992,"fatal","1","clear",false,1,"GM1695"
"20230000048",2023,"Uitsluitend materiele schade",2,"Bromfiets","Fiets","Frontaal","Kruispunt, 4 takken",30,"Brandend","Duisternis","Droog",\N,\N,"Kronenburgersingel","Nijmegen","Nijmegen","Gelderland",false,51.844188,5.857947,"material damage only","4","clear",false,1,"GM0268"
"20230005904",2023,"Letsel",2,"Personenauto","Fiets","Frontaal","Rechte weg",\N,\N,"Daglicht","Sneeuw/Hagel",\N,"192328041","Lijnbaan","Leiderdorp","Leiderdorp","Zuid-Holland",false,52.163245,4.525836,"injury","2","unknown",false,1,"GM0547"
"20230006163",2023,"Letsel",2,"Fiets","Voetganger","Voetganger","Rechte weg",30,"Niet brandend","Daglicht","Droog",\N,"137291007","Dokter Kniplaan","Hoek van Holland","Rotterdam","Zuid-Holland",false,51.993121,4.1338,"injury","2","clear",false,1,"GM0599"
"20230002545",2023,"Letsel",1,"Fiets",\N,"Eenzijdig","Rechte weg",30,"Niet brandend","Daglicht","Droog",\N,"600768006","Botterstraat","Purmerend","Purmerend","Noord-Holland",false,52.511346,4.971516,"injury","2","clear",false,1,"GM0439"
"20230002563",2023,"Uitsluitend materiele schade",2,"Personenauto","Fiets","Flank","Kruispunt, 4 takken",50,\N,"Daglicht",\N,\N,\N,"Beethovenlaan","Schagen","Schagen","Noord-Holland",false,52.789581,4.795428,"material damage only","4","unknown",false,1,"GM0441"
"20230005667",2023,"Letsel",1,"Fiets",\N,"Eenzijdig","Rotonde",50,"Niet brandend","Daglicht","Droog",\N,\N,"Overgauwseweg","Pijnacker","Pijnacker-Nootdorp","Zuid-Holland",false,52.016582,4.421708,"injury","2","clear",false,1,"GM1926"