"accident_id","year","severity_raw","party_count","party1_type","party2_type","accident_type","road_situation","speed_limit_kmh","road_lighting","light_condition_label","weather_raw","infra_type","road_segment_id","street_name","place_name","gemeente_name_raw","province","alcohol_indicated","latitude","longitude","severity_label","severity_code","weather_label","built_up_area","cyclists_involved","gemeente_code"
"20240088933",2024,"Letsel",1,"Fiets",\N,"Onbekend","Kruispunt, 3 takken",30,"Niet brandend","Daglicht",\N,\N,\N,"Jacques Urlusstraat","'s-Gravenhage","'s-Gravenhage","Zuid-Holland",false,52.061887,4.234807,"injury","2","unknown",false,1,"GM0518"
"20240090872",2024,"Uitsluitend materiele schade",2,"Personenauto","Fiets","Flank","Kruispunt, 3 takken",50,"Niet brandend","Daglicht","Droog",\N,\N,"Spoorlaan","Tilburg","Tilburg","Noord-Brabant",false,51.560009,5.078372,"material damage only","4","clear",false,1,"GM0855"
"20240093940",2024,"Letsel",2,"Personenauto","Fiets","Flank","Rotonde",50,"Niet brandend","Daglicht","Droog",\N,\N,"Zandlaan","Ede","Ede","Gelderland",false,52.019297,5.67204,"injury","2","clear",false,1,"GM0228"
"20240081820",2024,"Uitsluitend materiele schade",2,"Fiets","Personenauto","Flank","Rechte weg",50,"Niet brandend","Daglicht","Droog","Bus-/Tramhalte","601193044","Vrijheidslaan","Leiden","Leiden","Zuid-Holland",false,52.147984,4.481275,"material damage only","4","clear",false,1,"GM0546"
"20240087039",2024,"Letsel",2,"Personenauto","Fiets","Geparkeerd voertuig","Rechte weg",30,"Brandend","Duisternis","Regen",\N,"601002559","Raamsingel","Haarlem","Haarlem","Noord-Holland",false,52.376754,4.62731,"injury","2","rain",false,1,"GM0392"
"20240098699",2024,"Letsel",2,"Fiets","Voetganger","Voetganger","Rechte weg",30,"Niet brandend","Daglicht","Droog",\N,"241369036","Hobbemakade","Amsterdam","Amsterdam","Noord-Holland",false,52.350579,4.885496,"injury","2","clear",false,1,"GM0363"
"20240101746",2024,"Uitsluitend materiele schade",2,"Personenauto","Fiets","Flank","Kruispunt, 3 takken",30,"Niet brandend","Daglicht","Regen",\N,\N,"Torenallee","Eindhoven","Eindhoven","Noord-Brabant",false,51.448176,5.452891,"material damage only","4","rain",false,1,"GM0772"
"20240091573",2024,"Letsel",3,"Personenauto","Fiets","Frontaal","Kruispunt, 4 takken",15,"Niet brandend","Daglicht","Droog",\N,\N,"Zwaluwenburg","Dordrecht","Dordrecht","Zuid-Holland",false,51.777486,4.67166,"injury","2","clear",false,1,"GM0505"
"20240091604",2024,"Uitsluitend materiele schade",2,"Personenauto","Fiets","Frontaal","Rechte weg",60,"Niet brandend","Daglicht","Droog",\N,"288205004","Roonsestraat","Haaren","Oisterwijk","Noord-Brabant",false,51.611904,5.236251,"material damage only","4","clear",false,1,"GM0824"
"20240095351",2024,"Letsel",1,"Fiets",\N,"Eenzijdig","Rechte weg",50,"Niet brandend","Daglicht","Droog",\N,"210399070","Koningstraat","Beverwijk","Beverwijk","Noord-Holland",false,52.482849,4.656761,"injury","2","clear",false,1,"GM0375"
"20240048645",2024,"Uitsluitend materiele schade",2,"Personenauto","Fiets","Frontaal","Kruispunt, 4 takken",30,"Niet brandend","Daglicht","Droog",\N,\N,"Kruisbergseweg","Wijchen","Wijchen","Gelderland",false,51.813803,5.73495,"material damage only","4","clear",false,1,"GM0296"
"20240081900",2024,"Letsel",2,"Personenauto","Fiets","Flank","Rechte weg",60,"Niet brandend","Daglicht","Droog",\N,\N,"Gaagweg","Schipluiden","Midden-Delfland","Zuid-Holland",false,51.965324,4.302924,"injury","2","clear",false,1,"GM1842"
"20240083197",2024,"Letsel",2,"Fiets","Scootmobiel","Flank","Rechte weg",80,"Niet brandend","Daglicht","Droog",\N,"365109006","Sniekstraat","Haler","Leudal","Limburg",false,51.180067,5.782941,"injury","2","clear",false,1,"GM1640"
"20240086419",2024,"Letsel",2,"Fiets","Voetganger","Onbekend",\N,\N,\N,"Daglicht",\N,\N,"255402079","Westerweg","Purmerend","Purmerend","Noord-Holland",false,52.500229,4.988701,"injury","2","unknown",false,1,"GM0439"
"20240099071",2024,"Letsel",3,"Fiets","Personenauto","Flank","Rotonde",30,"Brandend","Duisternis","Droog",\N,\N,"Vlaardingenlaan","Amsterdam","Amsterdam","Noord-Holland",false,52.34684,4.846117,"injury","2","clear",false,1,"GM0363"
"20240099461",2024,"Letsel",2,"Fiets","Bromfiets","Onbekend","Bocht",30,"Niet brandend","Daglicht","Droog",\N,"600732995","Korenmolenweg","Bleiswijk","Lansingerland","Zuid-Holland",false,52.016775,4.539097,"injury","2","clear",false,1,"GM1621"
"20240072716",2024,"Uitsluitend materiele schade",2,"Personenauto","Fiets","Onbekend","Rechte weg",30,"Niet brandend","Daglicht","Droog",\N,"319146111","Maastrichterweg","Valkenswaard","Valkenswaard","Noord-Brabant",false,51.348824,5.45838,"material damage only","4","clear",false,1,"GM0858"
"20240085149",2024,"Uitsluitend materiele schade",1,"Fiets",\N,"Onbekend",\N,60,\N,"Daglicht",\N,\N,"429347006","Woertmansweg","Bathmen","Deventer","Overijssel",false,52.245722,6.265669,"material damage only","4","unknown",false,1,"GM0150"
"20240089763",2024,"Letsel",2,"Personenauto","Fiets","Kop/staart","Rechte weg",60,"Niet aanwezig","Daglicht","Droog",\N,\N,"Heimolen","Bergen op Zoom","Bergen op Zoom","Noord-Brabant",false,51.468805,4.318127,"injury","2","clear",false,1,"GM0748"
"20240091662",2024,"Uitsluitend materiele schade",2,"Fiets","Voetganger","Voetganger","Rechte weg",30,"Niet brandend","Daglicht","Droog",\N,"600730683","Hillevliet","Rotterdam","Rotterdam","Zuid-Holland",false,51.897399,4.502153,"material damage only","4","clear",false,1,"GM0599"
"20240099612",2024,"Letsel",2,"Bromfiets","Fiets","Frontaal","Rechte weg",30,"Brandend","Duisternis","Droog",\N,"600572583","Hoevenseweg","Etten-Leur","Etten-Leur","Noord-Brabant",false,51.575408,4.613916,"injury","2","clear",false,1,"GM0777"
"20240099760",2024,"Uitsluitend materiele schade",2,"Personenauto","Fiets","Flank","Rechte weg",50,"Brandend","Duisternis","Regen","Brug/viaduct","600729098","André van der Louwbrug","Rotterdam","Rotterdam","Zuid-Holland",false,51.917863,4.490606,"material damage only","4","rain",false,1,"GM0599"
"20240095964",2024,"Letsel",2,"Personenauto","e-bike","Flank","Kruispunt, 4 takken",50,"Niet brandend","Daglicht","Droog","Brug/viaduct",\N,"Kanaalschans","Purmerend","Purmerend","Noord-Holland",false,52.510738,4.943974,"injury","2","clear",false,1,"GM0439"
"20240099675",2024,"Uitsluitend materiele schade",2,"Bestelauto","Fiets","Flank","Rotonde",50,"Niet brandend","Daglicht","Droog",\N,\N,"Dierensteinweg","Barendrecht","Barendrecht","Zuid-Holland",false,51.862716,4.540543,"material damage only","4","clear",false,1,"GM0489"
"20240100215",2024,"Letsel",1,"Fiets",\N,"Onbekend","Rechte weg",60,"Niet brandend","Daglicht","Droog",\N,"255269011","Bazeldijk","Hoogblokland","Molenlanden","Zuid-Holland",false,51.90024,4.994561,"injury","2","clear",false,1,"GM1978"
"20240048764",2024,"Uitsluitend materiele schade",2,"Personenauto","Fiets","Flank","Rotonde",50,"Niet brandend","Daglicht","Droog",\N,\N,"Meppelerweg","Steenwijk","Steenwijkerland","Overijssel",false,52.785829,6.130675,"material damage only","4","clear",false,1,"GM1708"
"20240074296",2024,"Uitsluitend materiele schade",2,"Personenauto","Fiets","Flank","Kruispunt, 4 takken",30,"Niet brandend","Daglicht","Droog",\N,\N,"Tuinzigtlaan","Breda","Breda","Noord-Brabant",false,51.588242,4.750168,"material damage only","4","clear",false,1,"GM0758"
"20240078244",2024,"Letsel",2,"Personenauto","Fiets","Flank","Kruispunt, 4 takken",60,"Niet brandend","Daglicht","Droog",\N,\N,"Raadhuislaan","Vreeland","Stichtse Vecht","Utrecht",false,52.228751,5.038159,"injury","2","clear",false,1,"GM1904"
"20240084610",2024,"Uitsluitend materiele schade",2,\N,"Fiets","Frontaal","Kruispunt, 3 takken",30,"Niet aanwezig","Daglicht","Droog",\N,\N,"Spechtlaan","Ede","Ede","Gelderland",false,52.039877,5.658555,"material damage only","4","clear",false,1,"GM0228"
"20240100601",2024,"Uitsluitend materiele schade",2,"Personenauto","Fiets","Flank","Kruispunt, 3 takken",30,"Niet brandend","Daglicht","Droog",\N,\N,"Sint-Andriesstraat","Rotterdam","Rotterdam","Zuid-Holland",false,51.895184,4.497855,"material damage only","4","clear",false,1,"GM0599"
"20240049432",2024,"Letsel",1,"Fiets",\N,"Onbekend","Rechte weg",50,"Brandend","Duisternis","Droog",\N,"237337090","Ambachtsherensingel","Mijdrecht","De Ronde Venen","Utrecht",false,52.207428,4.86002,"injury","2","clear",false,1,"GM0736"
"20240075417",2024,"Letsel",2,"Fiets","Overig vast object","Vast voorwerp","Rechte weg",50,"Brandend","Duisternis","Droog","Tunnel","600655404","Stationsweg","Groningen","Groningen","Groningen",false,53.211965,6.569727,"injury","2","clear",false,1,"GM0014"
"20240076018",2024,"Uitsluitend materiele schade",2,"Personenauto","Fiets","Flank","Kruispunt, 4 takken",30,"Niet brandend","Daglicht","Droog",\N,\N,"Vitringasingel","Harderwijk","Harderwijk","Gelderland",false,52.347227,5.617831,"material damage only","4","clear",false,1,"GM0243"
"20240080947",2024,"Letsel",1,"Fiets",\N,"Eenzijdig","Rechte weg",60,"Niet brandend","Daglicht","Droog",\N,"190315002","Weipoortseweg","Zoeterwoude","Zoeterwoude","Zuid-Holland",false,52.10521,4.517223,"injury","2","clear",false,1,"GM0638"
"20240085939",2024,"Uitsluitend materiele schade",2,"Personenauto","Fiets","Onbekend","Kruispunt, 4 takken",50,"Niet brandend","Daglicht","Droog",\N,\N,"Wilhelminastraat","Hoogeveen","Hoogeveen","Drenthe",false,52.725992,6.481992,"material damage only","4","clear",false,1,"GM0118"
"20240103041",2024,"Uitsluitend materiele schade",2,"Personenauto","Fiets","Onbekend","Rechte weg",50,"Niet brandend","Daglicht","Regen",\N,"601086761","Tilburgseweg","Goirle","Goirle","Noord-Brabant",false,51.531543,5.063644,"material damage only","4","rain",false,1,"GM0785"
"20240077713",2024,"Letsel",2,"Personenauto","Fiets","Flank","Rechte weg",30,"Niet brandend","Daglicht","Droog",\N,"497359014","Grotestraat","Borne","Borne","Overijssel",false,52.297611,6.760723,"injury","2","clear",false,1,"GM0147"
"20240050163",2024,"Letsel",2,"Personenauto","Fiets","Frontaal","Rechte weg",30,"Niet brandend","Daglicht","Droog",\N,"176307010","Kuifeendstraat","'s-Gravenhage","'s-Gravenhage","Zuid-Holland",false,52.068703,4.412254,"injury","2","clear",false,1,"GM0518"
"20240076114",2024,"Uitsluitend materiele schade",2,"Fiets","Fiets","Kop/staart","Rechte weg",50,"Niet brandend","Daglicht","Droog",\N,"600508773","FIETSPAD","Arnhem","Arnhem","Gelderland",false,51.978086,5.915337,"material damage only","4","clear",false,1,"GM0202"
"20240088626",2024,"Letsel",1,"Fiets",\N,"Onbekend","Rechte weg",50,"Niet brandend","Daglicht","Droog","Spoorwegovergang","166317003","Buurtweg","Wassenaar","Wassenaar","Zuid-Holland",false,52.112318,4.344895,"injury","2","clear",false,1,"GM0629"
"20240045243",2024,"Uitsluitend materiele schade",2,"Personenauto","Fiets","Onbekend","Rotonde",50,"Niet brandend","Daglicht","Droog",\N,\N,"Heemweg","Veldhoven","Veldhoven","Noord-Brabant",false,51.424014,5.404066,"material damage only","4","clear",false,1,"GM0861"
"20240078404",2024,"Uitsluitend materiele schade",2,"Fiets","Bromfiets","Frontaal","Kruispunt, 4 takken",30,"Niet brandend","Schemer","Droog",\N,\N,"Sweelinckstraat","Utrecht","Utrecht","Utrecht",false,52.095339,5.13287,"material damage only","4","clear",false,1,"GM0344"
"20230059025",2023,"Letsel",1,"e-bike",\N,"Eenzijdig","Rechte weg",30,"Niet brandend","Daglicht","Regen","Tunnel","600156297","Oostkadepad","Lekkerkerk","Krimpenerwaard","Zuid-Holland",false,51.928835,4.741971,"injury","2","rain",false,1,"GM1931"
"20230062065",2023,"Uitsluitend materiele schade",2,"Personenauto","Fiets","Onbekend","Kruispunt, 4 takken",50,"Niet brandend","Daglicht","Droog",\N,\N,"Demystraat","Geleen","Sittard-Geleen","Limburg",false,50.985246,5.842634,"material damage only","4","clear",false,1,"GM1883"
"20230037863",2023,"Uitsluitend materiele schade",2,"Bestelauto","Fiets","Flank","Kruispunt, 3 takken",30,"Niet brandend","Daglicht","Droog",\N,\N,"Amersfoortsestraatweg","Naarden","Gooise Meren","Noord-Holland",false,52.285005,5.176862,"material damage only","4","clear",false,1,"GM1942"
"20230041324",2023,"Uitsluitend materiele schade",2,"Personenauto","Fiets","Flank","Kruispunt, 3 takken",30,"Niet brandend","Daglicht","Droog",\N,\N,"Burg dvd Schuerenln","Oosterhout","Oosterhout","Noord-Brabant",false,51.623746,4.84487,"material damage only","4","clear",false,1,"GM0826"
"20230048427",2023,"Letsel",2,"Personenauto","Fiets","Onbekend","Rotonde",50,"Niet brandend","Daglicht","Droog",\N,\N,"Verlegde Laarderweg","Eemnes","Eemnes","Utrecht",false,52.254238,5.245059,"injury","2","clear",false,1,"GM0317"
"20230050671",2023,"Uitsluitend materiele schade",1,"Fiets",\N,"Eenzijdig","Kruispunt, 4 takken",30,"Niet brandend","Daglicht","Droog",\N,\N,"Groenhovenweg","Gouda","Gouda","Zuid-Holland",false,52.025262,4.690495,"material damage only","4","clear",false,1,"GM0513"
"20230059465",2023,"Letsel",2,"Personenauto","Fiets","Onbekend","Rechte weg",30,"Niet brandend","Daglicht","Droog",\N,\N,"Waddendijk","Amsterdam","Amsterdam","Noord-Holland",false,52.393588,4.930445,"injury","2","clear",false,1,"GM0363"
"20240128820",2024,"Uitsluitend materiele schade",2,"Personenauto","Fiets","Frontaal","Kruispunt, 4 takken",30,"Niet brandend","Daglicht","Droog",\N,\N,"Westerplantage","Leeuwarden","Leeuwarden","Friesland",false,53.201795,5.788979,"material damage only","4","clear",false,1,"GM0080"
"20230065094",2023,"Uitsluitend materiele schade",2,"Bromfiets","Fiets","Flank","Rechte weg",30,"Niet brandend","Daglicht","Droog",\N,"600509754","Ruurloseweg","Borculo","Berkelland","Gelderland",false,52.108534,6.513856,"material damage only","4","clear",false,1,"GM1859"
"20230046047",2023,"Uitsluitend materiele schade",3,"Fiets","Fiets","Flank","Rechte weg",\N,"Niet brandend","Daglicht","Droog","Tunnel","600424141","Somapad","Ede","Ede","Gelderland",false,52.031974,5.656545,"material damage only","4","clear",false,1,"GM0228"
"20230037379",2023,"Letsel",2,"Personenauto","Fiets","Onbekend","Kruispunt, 3 takken",50,"Niet brandend","Daglicht","Droog",\N,\N,"Einsteinstraat","Veenendaal","Veenendaal","Utrecht",false,52.036969,5.568935,"injury","2","clear",false,1,"GM0345"
"20230043729",2023,"Letsel",2,"Snorfiets","Fiets","Frontaal","Bocht",\N,"Niet brandend","Daglicht","Droog",\N,"391045018","Parallelweg","Heerlen","Heerlen","Limburg",true,50.891075,5.965367,"injury","2","clear",false,1,"GM0917"
"20230049064",2023,"Uitsluitend materiele schade",2,"Bestelauto","Fiets","Flank","Kruispunt, 4 takken",50,"Niet brandend","Daglicht","Droog",\N,\N,"Gooiseweg","Amsterdam","Amsterdam","Noord-Holland",false,52.348538,4.920834,"material damage only","4","clear",false,1,"GM0363"
"20230060000",2023,"Uitsluitend materiele schade",2,"Bestelauto","Fiets","Frontaal","Rotonde",\N,"Niet brandend","Daglicht","Droog",\N,\N,"J.F. Berghoefplantsoen","Amsterdam","Amsterdam","Noord-Holland",true,52.373803,4.820672,"material damage only","4","clear",false,1,"GM0363"
"20230063923",2023,"Uitsluitend materiele schade",2,"Personenauto","Fiets","Flank","Rechte weg",30,"Niet brandend","Daglicht","Regen",\N,"477301092","Buitenschans","Groenlo","Oost Gelre","Gelderland",false,52.040188,6.609282,"material damage only","4","rain",false,1,"GM1586"
"20230038563",2023,"Letsel",2,"Fiets","Fiets","Frontaal","Kruispunt, 3 takken",30,"Niet brandend","Daglicht","Droog",\N,\N,"Cornelis de Wittstraat","Dordrecht","Dordrecht","Zuid-Holland",false,51.811689,4.67105,"injury","2","clear",false,1,"GM0505"
"20230044959",2023,"Letsel",2,"Personenauto","Fiets","Flank","Kruispunt, 3 takken",50,"Niet aanwezig","Daglicht","Droog",\N,\N,"Koggelaan","Zwolle","Zwolle","Overijssel",false,52.503209,6.084752,"injury","2","clear",false,1,"GM0193"
"20230058833",2023,"Letsel",2,"Fiets","Overig vast object","Vast voorwerp","Rechte weg",30,"Niet brandend","Daglicht","Droog",\N,"600477789","Parallelweg","Nieuwerbrug aan den Rijn","Bodegraven-Reeuwijk","Zuid-Holland",false,52.06479,4.788196,"injury","2","clear",false,1,"GM1901"
"20230060050",2023,"Letsel",2,"Personenauto","Fiets","Kop/staart","Rechte weg",50,"Niet brandend","Daglicht","Droog","Brug/viaduct","207377042","NASSAUBRUG","Haarlem","Haarlem","Noord-Holland",false,52.385188,4.634103,"injury","2","clear",false,1,"GM0392"
"20230062843",2023,"Uitsluitend materiele schade",2,"Bromfiets","Fiets","Onbekend","Rotonde",30,"Niet brandend","Daglicht","Droog",\N,\N,"Osseweg","Heesch","Bernheze","Noord-Brabant",false,51.740192,5.534015,"material damage only","4","clear",false,1,"GM1721"
"20230063621",2023,"Letsel",2,"Bromfiets","Fiets","Frontaal","Rechte weg",80,"Niet brandend","Daglicht","Droog",\N,"600618154","Hustenweg","Maren-Kessel","Oss","Noord-Brabant",false,51.760482,5.366033,"injury","2","clear",false,1,"GM0828"
"20240132646",2024,"Letsel",2,"Personenauto","Fiets","Flank","Rechte weg",60,"Niet brandend","Daglicht","Droog",\N,"188343015","Jacoba van Beierenweg","Voorhout","Teylingen","Zuid-Holland",false,52.234735,4.500296,"injury","2","clear",false,1,"GM1525"
"20230038618",2023,"Letsel",2,"Fiets","Fiets","Flank","Kruispunt, 3 takken",50,"Niet brandend","Daglicht","Droog",\N,\N,"Vondelingenweg","Vondelingenplaat Rotterdam","Rotterdam","Zuid-Holland",false,51.87619,4.333528,"injury","2","clear",false,1,"GM0599"
"20230038627",2023,"Uitsluitend materiele schade",2,"Fiets","Personenauto","Frontaal","Rechte weg",50,"Niet brandend","Daglicht","Regen",\N,"163256046","Ristervoorde","Spijkenisse","Nissewaard","Zuid-Holland",false,51.837149,4.321681,"material damage only","4","rain",false,1,"GM1930"
"20230039170",2023,"Letsel",2,"Personenauto","Fiets","Flank","Kruispunt, 4 takken",50,"Niet brandend","Daglicht","Droog",\N,\N,"FIETSPAD","Rotterdam","Rotterdam","Zuid-Holland",false,51.979579,4.586094,"injury","2","clear",false,1,"GM0599"
"20230058273",2023,"Letsel",2,"Personenauto","Fiets","Flank","Kruispunt, 4 takken",50,"Niet brandend","Daglicht","Droog",\N,\N,"Handelsweg","Alphen aan den Rijn","Alphen aan den Rijn","Zuid-Holland",false,52.130607,4.639063,"injury","2","clear",false,1,"GM0484"
"20230058525",2023,"Uitsluitend materiele schade",2,"Personenauto","Fiets","Frontaal","Rechte weg",30,"Niet brandend","Daglicht","Droog",\N,"245377010","Bankwerkerij","Amsterdam","Amsterdam","Noord-Holland",false,52.383793,4.917171,"material damage only","4","clear",false,1,"GM0363"
"20230062887",2023,"Letsel",2,"Personenauto","Fiets","Frontaal","Rotonde",50,"Niet brandend","Daglicht",\N,\N,\N,"M.A.de Ruijterlaan","Goes","Goes","Zeeland",false,51.498641,3.886395,"injury","2","unknown",false,1,"GM0664"
"20240133277",2024,"Uitsluitend materiele schade",2,"Fiets","Personenauto","Flank","Rotonde",50,"Niet aanwezig","Daglicht","Droog",\N,\N,"Sportlaan","Amstelveen","Amstelveen","Noord-Holland",false,52.290798,4.854714,"material damage only","4","clear",false,1,"GM0362"
"20230038058",2023,"Uitsluitend materiele schade",2,"Fiets","Voetganger","Voetganger","Rotonde",50,"Niet brandend","Daglicht","Droog",\N,\N,"Briandlaan","Haarlem","Haarlem","Noord-Holland",false,52.357594,4.657225,"material damage only","4","clear",false,1,"GM0392"
"20230045617",2023,"Letsel",2,"Personenauto","Fiets","Flank","Rechte weg",50,"Niet brandend","Daglicht","Droog",\N,"504353063","Beethovenlaan","Hengelo","Hengelo (O)","Overijssel",false,52.268837,6.808767,"injury","2","clear",false,1,\N
"20230049171",2023,"Letsel",1,"Fiets",\N,"Eenzijdig","Rechte weg",\N,"Brandend","Duisternis","Droog",\N,"237366014","De Boelelaan","Amsterdam","Amsterdam","Noord-Holland",false,52.335115,4.857546,"injury","2","clear",false,1,"GM0363"
"20230054348",2023,"Uitsluitend materiele schade",2,"Personenauto","Fiets","Flank","Kruispunt, 4 takken",30,"Niet brandend","Daglicht","Droog",\N,\N,"Nieuwlandsestraat","Geijsteren","Venray","Limburg",false,51.550904,6.050421,"material damage only","4","clear",false,1,"GM0984"
"20230064835",2023,"Letsel",3,"Personenauto","Fiets","Onbekend","Rechte weg",60,"Niet aanwezig","Daglicht","Droog",\N,"600888823","Beuningerstraat","de Lutte","Losser","Overijssel",false,52.31933,6.997424,"injury","2","clear",false,1,"GM0168"
"20230064837",2023,"Uitsluitend materiele schade",2,"Personenauto","Fiets","Onbekend","Kruispunt, 4 takken",50,"Niet brandend","Daglicht",\N,\N,\N,"Beulakerweg","Giethoorn","Steenwijkerland","Overijssel",false,52.723561,6.077488,"material damage only","4","unknown",false,1,"GM1708"
"20240129020",2024,"Letsel",2,"Fiets","Fiets","Frontaal","Rechte weg",50,"Niet brandend","Daglicht","Droog",\N,"600607730","Pleiadenlaan","Groningen","Groningen","Groningen",false,53.227314,6.535194,"injury","2","clear",false,1,"GM0014"
"20230045039",2023,"Letsel",3,\N,"Fiets","Eenzijdig","Kruispunt, 3 takken",60,"Niet brandend","Daglicht","Droog",\N,\N,"Kijkveld","Lunteren","Ede","Gelderland",false,52.107365,5.623512,"injury","2","clear",false,1,"GM0228"
"20230049186",2023,"Uitsluitend materiele schade",2,"Personenauto","Fiets","Geparkeerd voertuig","Rechte weg",30,"Brandend","Duisternis","Droog",\N,"215292040","Jacob van Lennepkade","Gouda","Gouda","Zuid-Holland",false,52.004821,4.698385,"material damage only","4","clear",false,1,"GM0513"
"20230049207",2023,"Uitsluitend materiele schade",2,"Bestelauto","Fiets","Flank","Kruispunt, 4 takken",50,"Niet brandend","Daglicht","Droog",\N,\N,"Floraweg","Amsterdam","Amsterdam","Noord-Holland",false,52.399972,4.910446,"material damage only","4","clear",false,1,"GM0363"
"20230049758",2023,"Letsel",1,"Fiets",\N,"Eenzijdig","Rechte weg",50,"Brandend","Duisternis","Droog",\N,"158307081","Dierenselaan","'s-Gravenhage","'s-Gravenhage","Zuid-Holland",false,52.066759,4.285421,"injury","2","clear",false,1,"GM0518"
"20230050316",2023,"Uitsluitend materiele schade",2,"Personenauto","Fiets","Flank","Rotonde",50,"Niet brandend","Daglicht","Droog",\N,\N,"Sportlaan","'s-Gravenhage","'s-Gravenhage","Zuid-Holland",false,52.072386,4.2411,"material damage only","4","clear",false,1,"GM0518"
"20230051490",2023,"Uitsluitend materiele schade",2,"Fiets","Snorfiets","Flank","Rechte weg",50,"Niet brandend","Daglicht","Droog",\N,\N,"Esdonk","Oosterhout","Oosterhout","Noord-Brabant",false,51.656613,4.865343,"material damage only","4","clear",false,1,"GM0826"
"20230055560",2023,"Letsel",2,"Personenauto","Fiets","Geparkeerd voertuig","Rechte weg",30,"Brandend","Duisternis","Regen",\N,"391484018","H.W.Mesdagstraat","Wolvega","Weststellingwerf","Friesland",false,52.868227,5.996647,"injury","2","rain",false,1,"GM0098"
"20240130117",2024,"Letsel",2,"Personenauto","Fiets","Onbekend","Kruispunt, 4 takken",50,"Niet brandend","Daglicht","Droog",\N,\N,"Catharijnesingel","Utrecht","Utrecht","Utrecht",false,52.089268,5.114738,"injury","2","clear",false,1,"GM0344"
"20230038122",2023,"Letsel",2,"Bromfiets","Fiets","Frontaal","Rechte weg",\N,"Niet brandend","Daglicht","Droog",\N,"282314015","Soestdijkseweg Zuid","De Bilt","De Bilt","Utrecht",false,52.106206,5.186913,"injury","2","clear",false,1,"GM0310"
"20230060667",2023,"Letsel",2,"Fiets","Personenauto","Frontaal","Rotonde",50,"Brandend","Duisternis","Droog",\N,\N,"Burg Meineszplein","Rotterdam","Rotterdam","Zuid-Holland",false,51.919539,4.448721,"injury","2","clear",false,1,"GM0599"
"20230065348",2023,"Letsel",2,\N,"Fiets","Eenzijdig","Rechte weg",30,"Niet brandend","Daglicht","Droog",\N,\N,"Mr. P.J. Troelstralaan","Assen","Assen","Drenthe",false,52.995979,6.550867,"injury","2","clear",false,1,"GM0106"
"20240133597",2024,"Letsel",1,"Fiets",\N,"Onbekend",\N,50,\N,"Duisternis","Droog",\N,"165302045","Handelskade","Rijswijk","Rijswijk","Zuid-Holland",false,52.045234,4.337097,"injury","2","clear",false,1,\N
"20230039905",2023,"Letsel",2,"Personenauto","Fiets","Flank","Rechte weg",50,"Niet brandend","Daglicht","Droog",\N,"151294100","Endeldijk","Honselersdijk","Westland","Zuid-Holland",false,52.009491,4.231318,"injury","2","clear",false,1,"GM1783"
"20240133126",2024,"Letsel",2,"Snorfiets","Fiets","Onbekend","Kruispunt, 4 takken",30,"Niet brandend","Daglicht","Droog",\N,\N,"Mient","'s-Gravenhage","'s-Gravenhage","Zuid-Holland",false,52.066454,4.256383,"injury","2","clear",false,1,"GM0518"
"20230066189",2023,"Uitsluitend materiele schade",2,"Personenauto","Fiets","Flank","Rechte weg",30,"Niet brandend","Daglicht","Droog",\N,"241374098","Keizersgracht","Amsterdam","Amsterdam","Noord-Holland",false,52.373138,4.88521,"material damage only","4","clear",false,1,"GM0363"
"20230048109",2023,"Letsel",2,"Fiets","Voetganger","Voetganger","Kruispunt, 4 takken",50,"Niet brandend","Daglicht","Droog",\N,\N,"Neptunusplein","Amersfoort","Amersfoort","Utrecht",false,52.162084,5.400668,"injury","2","clear",false,1,"GM0307"
"20230059415",2023,"Letsel",2,"Bromfiets","Fiets","Flank","Kruispunt, 4 takken",50,"Niet brandend","Daglicht","Droog",\N,\N,"FIETSPAD","Amsterdam","Amsterdam","Noord-Holland",false,52.409973,4.920273,"injury","2","clear",false,1,"GM0363"
"20230059830",2023,"Letsel",2,"Fiets","Personenauto","Flank","Kruispunt, 4 takken",50,"Niet brandend","Daglicht","Droog",\N,\N,"Kanaalkade","Warmenhuizen","Schagen","Noord-Holland",false,52.707588,4.718928,"injury","2","clear",false,1,"GM0441"
"20240127688",2024,"Uitsluitend materiele schade",2,"Personenauto","Fiets","Kop/staart","Kruispunt, 4 takken",30,"Niet brandend","Daglicht","Droog",\N,\N,"Herman Heijermansstraat","Goor","Hof van Twente","Overijssel",false,52.234434,6.5829,"material damage only","4","clear",false,1,"GM1735"
"20230066406",2023,"Uitsluitend materiele schade",2,"Personenauto","Fiets","Flank","Kruispunt, 4 takken",50,"Niet brandend","Daglicht","Droog",\N,\N,"Coentunnelcircuit","Amsterdam","Amsterdam","Noord-Holland",false,52.416087,4.873542,"material damage only","4","clear",false,1,"GM0363"
"20230048780",2023,"Letsel",3,"Personenauto","Fiets","Onbekend","Rechte weg",60,"Niet brandend","Daglicht","Droog",\N,"217321005","Achtermiddenweg","Aarlanderveen","Alphen aan den Rijn","Zuid-Holland",false,52.134169,4.715229,"injury","2","clear",false,1,"GM0484"
"20230066458",2023,"Letsel",2,"Fiets","Fiets","Frontaal","Rechte weg",50,"Niet brandend","Daglicht","Droog",\N,"291314018","Huis ter Heideweg","Zeist","Zeist","Utrecht",false,52.104486,5.255467,"injury","2","clear",false,1,"GM0355"