"accident_id","year","severity_raw","party_count","party1_type","party2_type","accident_type","road_situation","speed_limit_kmh","road_lighting","light_condition_label","weather_raw","infra_type","road_segment_id","street_name","place_name","gemeente_name_raw","province","alcohol_indicated","latitude","longitude","severity_label","severity_code","weather_label","built_up_area","cyclists_involved","gemeente_code"
"20230041728",2023,"Uitsluitend materiele schade",2,"e-bike","Voetganger","Voetganger","Rechte weg",15,"Niet aanwezig","Daglicht","Droog",\N,"341215082","Sacramentsweg","Uden","Maashorst","Noord-Brabant",false,51.657594,5.615803,"material damage only","4","clear",false,1,"GM1991"
"20230042291",2023,"Letsel",2,"Fiets","Personenauto","Flank","Kruispunt, 4 takken",50,"Niet brandend","Daglicht","Droog",\N,"600988968","Merwedestraat","Dordrecht","Dordrecht","Zuid-Holland",false,51.818734,4.694843,"injury","2","clear",false,1,"GM0505"
"20230049373",2023,"Letsel",2,"Personenauto","Fiets","Flank","Rechte weg",50,"Niet brandend","Daglicht","Droog",\N,"600716918","Fruitweg","'s-Gravenhage","'s-Gravenhage","Zuid-Holland",false,52.058013,4.305297,"injury","2","clear",false,1,"GM0518"
"20230052255",2023,"Uitsluitend materiele schade",2,"Personenauto","Fiets","Onbekend","Rechte weg",80,"Niet brandend","Daglicht","Droog",\N,"60194002","Wilgenhoekweg","Serooskerke","Veere","Zeeland",false,51.548902,3.591509,"material damage only","4","clear",false,1,"GM0717"
"20240129751",2024,"Uitsluitend materiele schade",2,"Personenauto","Fiets","Flank","Kruispunt, 3 takken",50,"Niet brandend","Schemer","Mist",\N,\N,"Rumpsterweg","Bunnik","Bunnik","Utrecht",false,52.060766,5.214205,"material damage only","4","fog",false,1,"GM0312"
"20230041173",2023,"Uitsluitend materiele schade",2,"Bestelauto","Fiets","Flank","Kruispunt, 3 takken",30,"Niet brandend","Daglicht","Regen",\N,\N,"Patio","Veghel","Meierijstad","Noord-Brabant",false,51.616032,5.543773,"material damage only","4","rain",false,1,"GM1948"
"20230049969",2023,"Uitsluitend materiele schade",2,"Personenauto","Fiets","Frontaal","Rechte weg",50,"Niet aanwezig","Daglicht","Droog",\N,"600381838","Wittenburgergracht","Amsterdam","Amsterdam","Noord-Holland",false,52.370054,4.918363,"material damage only","4","clear",false,1,"GM0363"
"20230055182",2023,"Letsel",2,"Personenauto","Fiets","Flank","Kruispunt, 4 takken",50,"Niet brandend","Daglicht","Droog",\N,\N,"Broekfinne","De Wilgen","Smallingerland","Friesland",false,53.097791,6.041728,"injury","2","clear",false,1,"GM0090"
"20240128451",2024,"Letsel",2,"Fiets","Personenauto","Kop/staart","Rechte weg",30,"Niet brandend","Daglicht","Droog",\N,"343367002","Vondellaan","Harderwijk","Harderwijk","Gelderland",false,52.34325,5.631446,"injury","2","clear",false,1,"GM0243"
"20240128621",2024,"Letsel",2,"Personenauto","Fiets","Frontaal","Bocht",30,"Niet brandend","Daglicht","Droog",\N,"601021755","Noordbroeksterstraat","Sappemeer","Midden-Groningen","Groningen",false,53.165444,6.807916,"injury","2","clear",false,1,"GM1952"
"20240129767",2024,"Letsel",2,"Fiets","Bromfiets","Flank","Rechte weg",50,"Niet brandend","Daglicht","Droog",\N,"282297031","Binnenweg","Houten","Houten","Utrecht",false,52.029186,5.184213,"injury","2","clear",false,1,"GM0321"
"20240131096",2024,"Uitsluitend materiele schade",2,"Snorfiets","Fiets","Flank","Kruispunt, 4 takken",50,"Niet brandend","Daglicht","Droog",\N,\N,"Loenermark","Amsterdam","Amsterdam","Noord-Holland",false,52.400517,4.933173,"material damage only","4","clear",false,1,"GM0363"
"20230040069",2023,"Letsel",2,"Fiets","Fiets","Onbekend","Bocht",50,"Niet brandend","Daglicht","Droog",\N,"151304091","Loosduinse Hoofdstraat","'s-Gravenhage","'s-Gravenhage","Zuid-Holland",false,52.05346,4.235646,"injury","2","clear",false,1,"GM0518"
"20230047095",2023,"Letsel",2,"Fiets","Bromfiets","Flank","Kruispunt, 4 takken",50,"Niet brandend","Daglicht","Droog",\N,\N,"Reina Prinsen Geerligsdr","Hoofddorp","Haarlemmermeer","Noord-Holland",false,52.298781,4.667322,"injury","2","clear",false,1,"GM0394"
"20240130925",2024,"Letsel",1,"Fiets",\N,"Flank","Rechte weg",30,"Niet brandend","Daglicht","Droog",\N,"600362707","Apollolaan","Amsterdam","Amsterdam","Noord-Holland",false,52.350614,4.868826,"injury","2","clear",false,1,"GM0363"
"20230051198",2023,"Letsel",2,"Snorfiets","Fiets","Frontaal","Bocht",30,"Niet brandend","Daglicht","Droog","Tunnel","601020774","Steenstraat","Eindhoven","Eindhoven","Noord-Brabant",false,51.44546,5.463887,"injury","2","clear",false,1,"GM0772"
"20240132074",2024,"Letsel",1,"Fiets",\N,"Onbekend","Kruispunt, 4 takken",30,"Niet brandend","Daglicht","Droog",\N,\N,"Generaal Joubertstraat","Haarlem","Haarlem","Noord-Holland",false,52.392137,4.640719,"injury","2","clear",false,1,"GM0392"
"20240132169",2024,"Letsel",2,"Bestelauto","Fiets","Geparkeerd voertuig","Rechte weg",50,"Niet brandend","Daglicht","Regen",\N,"600743642","Rijksstraatweg","Haarlem","Haarlem","Noord-Holland",false,52.40621,4.649111,"injury","2","rain",false,1,"GM0392"
"20230038443",2023,"Letsel",1,"Fiets",\N,"Eenzijdig","Rechte weg",\N,"Niet brandend","Daglicht","Droog",\N,"330298038","Langelaar","Veenendaal","Veenendaal","Utrecht",false,52.033034,5.53666,"injury","2","clear",false,1,"GM0345"
"20230042454",2023,"Uitsluitend materiele schade",2,"Snorfiets","Fiets","Onbekend","Rechte weg",50,"Niet brandend","Daglicht","Droog","Brug/viaduct","238210051","Tilburgseweg","Oosterhout","Oosterhout","Noord-Brabant",false,51.634059,4.869371,"material damage only","4","clear",false,1,"GM0826"
"20230043029",2023,"Letsel",2,"Snorfiets","e-bike","Flank","Kruispunt, 4 takken",30,"Niet brandend","Daglicht","Droog",\N,\N,"Hultensepad","Tilburg","Tilburg","Noord-Brabant",false,51.5795,4.996362,"injury","2","clear",false,1,"GM0855"
"20230047151",2023,"Uitsluitend materiele schade",1,"Fiets",\N,"Voetganger","Rechte weg",30,"Brandend","Duisternis","Droog",\N,"206375009","Wilsonsplein","Haarlem","Haarlem","Noord-Holland",false,52.377461,4.627405,"material damage only","4","clear",false,1,"GM0392"
"20220226070",2022,"Letsel",2,"Personenauto","Fiets","Flank","Kruispunt, 4 takken",50,"Niet brandend","Daglicht","Regen",\N,\N,"Vriesdongen","Breda","Breda","Noord-Brabant",false,51.573188,4.767757,"injury","2","rain",false,1,"GM0758"
"20220210893",2022,"Letsel",1,"Fiets",\N,"Eenzijdig","Rechte weg",30,\N,"Daglicht","Regen",\N,"243373151","Rembrandtplein","Amsterdam","Amsterdam","Noord-Holland",false,52.365805,4.896733,"injury","2","rain",false,1,"GM0363"
"20220213600",2022,"Uitsluitend materiele schade",2,"Fiets","Bestelauto","Flank","Kruispunt, 4 takken",50,"Niet brandend","Daglicht","Droog",\N,\N,"Waldorpstraat","'s-Gravenhage","'s-Gravenhage","Zuid-Holland",false,52.056215,4.311359,"material damage only","4","clear",false,1,"GM0518"
"20220216645",2022,"Letsel",2,"Personenauto","Fiets","Flank","Kruispunt, 4 takken",50,"Brandend","Duisternis","Droog","Brug/viaduct",\N,"Neherkade","'s-Gravenhage","'s-Gravenhage","Zuid-Holland",false,52.067476,4.328789,"injury","2","clear",false,1,"GM0518"
"20220229558",2022,"Uitsluitend materiele schade",2,"Personenauto","Fiets","Flank","Rotonde",30,"Niet brandend","Daglicht","Droog",\N,"290172007","Doornboomstraat","Oost West en Middelbeers","Oirschot","Noord-Brabant",false,51.465888,5.249958,"material damage only","4","clear",false,1,"GM0823"
"20220205370",2022,"Letsel",2,"Motor","Fiets","Flank","Rechte weg",50,"Niet brandend","Daglicht","Regen",\N,"282316029","Groenekanseweg","De Bilt","De Bilt","Utrecht",false,52.113792,5.185407,"injury","2","rain",false,1,"GM0310"
"20220205379",2022,"Letsel",2,"Fiets",\N,"Eenzijdig","Rechte weg",30,"Brandend","Duisternis","Droog",\N,"271314043","Lagenoord","Utrecht","Utrecht","Utrecht",false,52.104163,5.110317,"injury","2","clear",false,1,"GM0344"
"20220232099",2022,"Dodelijk",3,"Fiets","Bus","Onbekend","Kruispunt, 3 takken",50,\N,"Daglicht","Mist",\N,\N,"Spechtstraat","Tegelen","Venlo","Limburg",false,51.335386,6.157624,"fatal","1","fog",false,1,"GM0983"
"20220208238",2022,"Uitsluitend materiele schade",1,"Fiets",\N,"Onbekend","Rechte weg",50,"Niet brandend","Daglicht","Droog",\N,"211402120","Laan der Nederlanden","Beverwijk","Beverwijk","Noord-Holland",false,52.497081,4.665741,"material damage only","4","clear",false,1,"GM0375"
"20220211620",2022,"Letsel",2,"Motor","Fiets","Flank","Kruispunt, 4 takken",50,"Brandend","Duisternis","Droog",\N,\N,"Hobbemakade","Amsterdam","Amsterdam","Noord-Holland",false,52.355706,4.886316,"injury","2","clear",false,1,"GM0363"
"20220213666",2022,"Letsel",1,"Fiets",\N,"Eenzijdig","Rechte weg",30,"Niet brandend","Daglicht","Droog",\N,"180332036","Valkenburgerweg","Oegstgeest","Oegstgeest","Zuid-Holland",false,52.181519,4.438553,"injury","2","clear",false,1,"GM0579"
"20220203984",2022,"Uitsluitend materiele schade",2,"Personenauto","Fiets","Flank","Kruispunt, 4 takken",30,"Niet brandend","Daglicht","Regen",\N,\N,"Trompetstraat","Amersfoort","Amersfoort","Utrecht",false,52.178188,5.403796,"material damage only","4","rain",false,1,"GM0307"
"20220206563",2022,"Uitsluitend materiele schade",3,"Personenauto","Fiets","Los voorwerp","Kruispunt, 3 takken",30,"Brandend","Duisternis","Droog",\N,\N,"Raadhuisstraat","Heemstede","Heemstede","Noord-Holland",false,52.349781,4.621206,"material damage only","4","clear",false,1,"GM0397"
"20220210988",2022,"Letsel",2,"Personenauto","Fiets","Flank","Bocht",15,"Brandend","Duisternis","Droog",\N,"245372067","Sarphatistraat","Amsterdam","Amsterdam","Noord-Holland",false,52.362285,4.913571,"injury","2","clear",false,1,"GM0363"
"20220213735",2022,"Letsel",1,"Fiets",\N,"Eenzijdig",\N,50,\N,"Duisternis",\N,\N,"184327081","Doctor Lelylaan","Leiden","Leiden","Zuid-Holland",false,52.157386,4.467092,"injury","2","unknown",false,1,"GM0546"
"20220216059",2022,"Uitsluitend materiele schade",2,"Snorfiets","Fiets","Flank","Kruispunt, 4 takken",50,"Brandend","Duisternis","Regen",\N,\N,"Noordweg","'s-Gravenhage","'s-Gravenhage","Zuid-Holland",false,52.035239,4.28333,"material damage only","4","rain",false,1,"GM0518"
"20220217419",2022,"Letsel",1,"Fiets",\N,"Eenzijdig","Rechte weg",50,"Niet aanwezig","Daglicht","Sneeuw/Hagel",\N,"600213375","Papedijk","'s-Gravenzande","Westland","Zuid-Holland",false,51.979335,4.179103,"injury","2","unknown",false,1,"GM1783"
"20220227407",2022,"Letsel",4,"Bestelauto","Fiets","Onbekend","Kruispunt, 3 takken",30,"Niet brandend","Daglicht","Droog",\N,\N,"Molenstraat","Helmond","Helmond","Noord-Brabant",false,51.478656,5.661167,"injury","2","clear",false,1,"GM0794"
"20220202381",2022,"Uitsluitend materiele schade",2,"e-bike","Personenauto","Flank","Rotonde",50,"Niet brandend","Daglicht","Droog",\N,\N,"Westsingel","Bunschoten-Spakenburg","Bunschoten","Utrecht",false,52.240484,5.366859,"material damage only","4","clear",false,1,"GM0313"
"20220208364",2022,"Uitsluitend materiele schade",2,"Personenauto","Fiets","Flank","Kruispunt, 3 takken",50,"Brandend","Duisternis","Droog",\N,\N,"Amethyst","Hoorn","Hoorn","Noord-Holland",false,52.656139,5.069505,"material damage only","4","clear",false,1,"GM0405"
"20220211051",2022,"Uitsluitend materiele schade",2,"Bromfiets","Fiets","Onbekend","Kruispunt, 4 takken",50,"Niet brandend","Daglicht","Droog",\N,\N,"Tasmanstraat","Amsterdam","Amsterdam","Noord-Holland",false,52.390922,4.884209,"material damage only","4","clear",false,1,"GM0363"
"20220211739",2022,"Uitsluitend materiele schade",2,"Personenauto","Fiets","Flank","Kruispunt, 4 takken",50,"Brandend","Duisternis","Regen",\N,\N,"Burgemeester Eliasstraat","Amsterdam","Amsterdam","Noord-Holland",false,52.380688,4.826887,"material damage only","4","rain",false,1,"GM0363"
"20220216088",2022,"Letsel",2,"Bromfiets","Fiets","Flank","Rechte weg",15,"Brandend","Duisternis","Droog",\N,"162305150","Waldorpstraat","'s-Gravenhage","'s-Gravenhage","Zuid-Holland",false,52.056827,4.309635,"injury","2","clear",false,1,"GM0518"
"20220221075",2022,"Letsel",2,"Personenauto","Fiets","Onbekend","Rotonde",50,"Niet brandend","Daglicht","Droog",\N,\N,"Populierenlaan","Ridderkerk","Ridderkerk","Zuid-Holland",false,51.873269,4.586765,"injury","2","clear",false,1,"GM0597"
"20220228983",2022,"Uitsluitend materiele schade",2,"Personenauto","Fiets","Flank","Kruispunt, 3 takken",\N,"Brandend","Duisternis","Droog",\N,\N,"Nieuwstraat","Best","Best","Noord-Brabant",false,51.515347,5.39912,"material damage only","4","clear",false,1,"GM0753"
"20220212462",2022,"Letsel",2,"Bus","e-bike","Flank","Kruispunt, 4 takken",50,"Niet brandend","Daglicht","Droog",\N,\N,"Prins Hendrikkade","Amsterdam","Amsterdam","Noord-Holland",true,52.373648,4.906007,"injury","2","clear",false,1,"GM0363"
"20220221860",2022,"Letsel",2,"Personenauto","Fiets","Frontaal","Rechte weg",30,"Niet brandend","Daglicht","Droog",\N,"173272053","Schoolstraat","Schiedam","Schiedam","Zuid-Holland",false,51.910641,4.398877,"injury","2","clear",false,1,"GM0606"
"20220202555",2022,"Uitsluitend materiele schade",2,"Personenauto","Fiets","Flank","Kruispunt, 4 takken",50,"Niet brandend","Daglicht","Regen",\N,\N,"Loevenhoutsedijk","Utrecht","Utrecht","Utrecht",false,52.108613,5.112519,"material damage only","4","rain",false,1,"GM0344"
"20220212692",2022,"Letsel",2,"Personenauto","e-bike","Flank","Kruispunt, 3 takken",50,"Niet brandend","Daglicht","Droog",\N,\N,"Bovenkerkseweg","Stolwijk","Krimpenerwaard","Zuid-Holland",false,51.97253,4.773093,"injury","2","clear",false,1,"GM1931"
"20220217536",2022,"Letsel",2,"Personenauto","Fiets","Onbekend","Kruispunt, 4 takken",30,"Niet brandend","Daglicht",\N,\N,\N,"Populierenstraat","'s-Gravenzande","Westland","Zuid-Holland",false,51.998431,4.167041,"injury","2","unknown",false,1,"GM1783"
"20220222547",2022,"Uitsluitend materiele schade",2,"Personenauto","Fiets","Flank","Rechte weg",50,"Brandend","Duisternis","Droog",\N,"600742964","Karel Doormanweg","Dordrecht","Dordrecht","Zuid-Holland",false,51.794969,4.656984,"material damage only","4","clear",false,1,"GM0505"
"20220224713",2022,"Letsel",2,"Personenauto","Fiets","Flank","Kruispunt, 4 takken",30,"Niet brandend","Daglicht","Droog",\N,\N,"Matterhornstraat","Tilburg","Tilburg","Noord-Brabant",false,51.540334,5.085236,"injury","2","clear",false,1,"GM0855"
"20220226363",2022,"Uitsluitend materiele schade",2,"Personenauto","Fiets","Frontaal",\N,30,"Niet brandend","Daglicht","Regen",\N,"191200017","Ste Bernaertsstraat","Oudenbosch","Halderberge","Noord-Brabant",false,51.588645,4.533744,"material damage only","4","rain",false,1,"GM1655"
"20220133257",2022,"Dodelijk",2,"Fiets","Bus","Flank","Rechte weg",80,"Niet brandend","Daglicht","Droog",\N,\N,"Napoleonsweg","Horn","Leudal","Limburg",false,51.210929,5.915911,"fatal","1","clear",false,1,"GM1640"
"20220210472",2022,"Uitsluitend materiele schade",2,"Snorfiets","Fiets","Kop/staart","Kruispunt, 4 takken",\N,"Niet brandend","Daglicht","Regen",\N,\N,"Lunenburg","Amstelveen","Amstelveen","Noord-Holland",false,52.277154,4.813743,"material damage only","4","rain",false,1,"GM0362"
"20220214765",2022,"Letsel",1,"Fiets",\N,"Eenzijdig",\N,50,\N,"Daglicht",\N,\N,"600723904","Westlaan","Pijnacker","Pijnacker-Nootdorp","Zuid-Holland",false,52.017607,4.424768,"injury","2","unknown",false,1,"GM1926"
"20220214776",2022,"Letsel",1,"e-bike",\N,"Eenzijdig","Rechte weg",50,"Brandend","Duisternis","Droog",\N,\N,"van Berckelweg","Noordwijk","Noordwijk","Zuid-Holland",false,52.23058,4.464375,"injury","2","clear",false,1,"GM0575"
"20220215482",2022,"Uitsluitend materiele schade",2,"Personenauto","Fiets","Flank","Kruispunt, 3 takken",50,"Niet brandend","Daglicht","Droog",\N,\N,"Voorhoflaan","Leiderdorp","Leiderdorp","Zuid-Holland",false,52.161327,4.535318,"material damage only","4","clear",false,1,"GM0547"
"20220229834",2022,"Uitsluitend materiele schade",2,"Personenauto","Fiets","Onbekend","Rechte weg",50,"Niet brandend","Daglicht","Regen",\N,"600507398","Sint Teunislaan","'s-Hertogenbosch","'s-Hertogenbosch","Noord-Brabant",false,51.710572,5.310682,"material damage only","4","rain",false,1,"GM0796"
"20220202632",2022,"Uitsluitend materiele schade",2,"Personenauto","e-bike","Onbekend","Rechte weg",50,"Niet brandend","Daglicht","Droog",\N,"306325019","Barchman Wuytierslaan","Amersfoort","Amersfoort","Utrecht",true,52.152646,5.365653,"material damage only","4","clear",false,1,"GM0307"
"20220207741",2022,"Uitsluitend materiele schade",2,"Personenauto","Fiets","Los voorwerp","Rechte weg",50,"Niet brandend","Daglicht","Droog",\N,"234444031","Kamerlingh Onnesweg","Heerhugowaard","Dijk en Waard","Noord-Holland",false,52.685267,4.827266,"material damage only","4","clear",false,1,"GM1980"
"20220214796",2022,"Letsel",2,"Personenauto","Fiets","Flank","Rechte weg",50,"Niet brandend","Daglicht","Droog",\N,"601015093","Zuidplaslaan","Waddinxveen","Waddinxveen","Zuid-Holland",false,52.036869,4.635667,"injury","2","clear",false,1,"GM0627"
"20220221276",2022,"Letsel",2,"Personenauto","Fiets","Flank","Kruispunt, 4 takken",30,\N,"Daglicht","Droog",\N,\N,"Johann Sebastian Bachstr","Ridderkerk","Ridderkerk","Zuid-Holland",false,51.886075,4.602878,"injury","2","clear",false,1,"GM0597"
"20220231787",2022,"Uitsluitend materiele schade",2,"Personenauto","Fiets","Flank","Kruispunt, 3 takken",50,"Brandend","Duisternis","Droog",\N,\N,"Unolaan","Heerlen","Heerlen","Limburg",false,50.918815,5.964565,"material damage only","4","clear",false,1,"GM0917"
"20220199972",2022,"Uitsluitend materiele schade",2,"Personenauto","e-bike","Kop/staart","Rechte weg",50,"Brandend","Duisternis","Droog",\N,"454380084","Ommerweg","Hellendoorn","Hellendoorn","Overijssel",false,52.396107,6.446015,"material damage only","4","clear",false,1,"GM0163"
"20220210553",2022,"Uitsluitend materiele schade",2,"Personenauto","Fiets","Flank","Rotonde",50,"Niet brandend","Daglicht","Regen",\N,\N,"Oostoever","Amsterdam","Amsterdam","Noord-Holland",false,52.370325,4.830819,"material damage only","4","rain",false,1,"GM0363"
"20220218989",2022,"Uitsluitend materiele schade",3,"Personenauto","Fiets","Onbekend","Rechte weg",50,"Brandend","Duisternis","Droog",\N,"184275053","Schiestraat","Rotterdam","Rotterdam","Zuid-Holland",false,51.925676,4.475659,"material damage only","4","clear",false,1,"GM0599"
"20220207817",2022,"Uitsluitend materiele schade",3,"Personenauto","Fiets","Flank","Kruispunt, 4 takken",30,"Niet brandend","Daglicht","Droog",\N,\N,"Molenstraat","Den Helder","Den Helder","Noord-Holland",false,52.960436,4.766173,"material damage only","4","clear",false,1,"GM0400"
"20220210563",2022,"Uitsluitend materiele schade",3,"Bromfiets","e-bike","Onbekend","Rechte weg",30,"Brandend","Schemer","Droog",\N,"600408985","Slotermeerlaan","Amsterdam","Amsterdam","Noord-Holland",false,52.37404,4.818393,"material damage only","4","clear",false,1,"GM0363"
"20220214889",2022,"Letsel",2,"Personenauto","Fiets","Flank","Kruispunt, 4 takken",30,"Niet brandend","Daglicht","Droog",\N,\N,"M A de Ruijterstr","De Lier","Westland","Zuid-Holland",false,51.975594,4.253839,"injury","2","clear",false,1,"GM1783"
"20220214890",2022,"Letsel",1,"Fiets",\N,"Eenzijdig","Rechte weg",50,"Niet brandend","Daglicht","Droog",\N,"207283003","Lageweg","Ouderkerk aan den IJssel","Krimpenerwaard","Zuid-Holland",false,51.963739,4.639721,"injury","2","clear",false,1,"GM1931"
"20220203610",2022,"Uitsluitend materiele schade",2,"Snorfiets","Fiets","Flank","Kruispunt, 3 takken",30,"Niet brandend","Schemer","Droog",\N,\N,"Kleine Spui","Amersfoort","Amersfoort","Utrecht",false,52.158,5.386311,"material damage only","4","clear",false,1,"GM0307"
"20220204389",2022,"Letsel",2,"Bestelauto","Fiets","Frontaal","Kruispunt, 3 takken",50,"Niet brandend","Schemer","Droog",\N,\N,"Kopakker","Biddinghuizen","Dronten","Flevoland",false,52.453665,5.686154,"injury","2","clear",false,1,"GM0303"
"20220206255",2022,"Letsel",1,"e-bike",\N,"Eenzijdig","Kruispunt, 4 takken",30,"Niet brandend","Daglicht","Droog",\N,\N,"Gorslaan","Purmerend","Purmerend","Noord-Holland",false,52.499863,4.958987,"injury","2","clear",false,1,"GM0439"
"20220214096",2022,"Letsel",2,"Fiets","Fiets","Onbekend","Rechte weg",15,"Niet brandend","Daglicht","Droog",\N,"155289003","Noord-Lierweg","De Lier","Westland","Zuid-Holland",false,51.985739,4.265055,"injury","2","clear",false,1,"GM1783"
"20220207024",2022,"Letsel",2,"e-bike","Personenauto","Geparkeerd voertuig","Rechte weg",30,"Brandend","Duisternis","Droog",\N,"600744537","Vondelweg","Haarlem","Haarlem","Noord-Holland",true,52.420094,4.655247,"injury","2","clear",false,1,"GM0392"
"20220207052",2022,"Uitsluitend materiele schade",2,"Personenauto","Fiets","Frontaal","Rotonde",50,"Niet brandend","Daglicht","Droog",\N,\N,"Dulleweg","Broek op Langedijk","Dijk en Waard","Noord-Holland",false,52.678917,4.796359,"material damage only","4","clear",false,1,"GM1980"
"20220213344",2022,"Letsel",2,"Personenauto","Fiets","Flank","Rechte weg",30,"Niet brandend","Daglicht","Droog",\N,"138294005","'t Louwtje","'s-Gravenzande","Westland","Zuid-Holland",false,52.004038,4.138515,"injury","2","clear",false,1,"GM1783"
"20220217811",2022,"Letsel",2,"Bromfiets","Fiets","Flank","Kruispunt, 4 takken",30,"Brandend","Duisternis","Regen",\N,\N,"Floresstraat","Oegstgeest","Oegstgeest","Zuid-Holland",false,52.178923,4.451971,"injury","2","rain",false,1,"GM0579"
"20220231965",2022,"Uitsluitend materiele schade",2,"Personenauto","Fiets","Onbekend","Rechte weg",50,"Niet brandend","Daglicht","Regen",\N,"418150067","Emmastraat","Venlo","Venlo","Limburg",false,51.362843,6.167009,"material damage only","4","rain",false,1,"GM0983"
"20220203715",2022,"Uitsluitend materiele schade",2,"Bromfiets","Fiets","Frontaal","Rechte weg",30,"Brandend","Duisternis","Droog",\N,\N,"Roerstraat","Utrecht","Utrecht","Utrecht",false,52.071473,5.113916,"material damage only","4","clear",false,1,"GM0344"
"20220208834",2022,"Letsel",2,"Personenauto","Fiets","Flank","Rechte weg",50,"Niet brandend","Daglicht","Regen",\N,"210399113","Baanstraat","Beverwijk","Beverwijk","Noord-Holland",false,52.485365,4.655943,"injury","2","rain",false,1,"GM0375"
"20220212103",2022,"Letsel",2,"Personenauto","Fiets","Flank","Rotonde",50,"Niet brandend","Schemer","Droog",\N,\N,"Jan Evertsenstraat","Amsterdam","Amsterdam","Noord-Holland",false,52.371076,4.856224,"injury","2","clear",false,1,"GM0363"
"20220222163",2022,"Letsel",2,"Snorfiets","Fiets","Flank","Bocht",50,"Brandend","Duisternis","Droog",\N,"600746543","Burgemeester Keijzerweg","Papendrecht","Papendrecht","Zuid-Holland",false,51.836634,4.689378,"injury","2","clear",false,1,"GM0590"
"20220222174",2022,"Letsel",3,"Personenauto","e-bike","Vast voorwerp","Rotonde",50,"Niet brandend","Daglicht","Droog",\N,\N,"Hugo de Grootlaan","Dordrecht","Dordrecht","Zuid-Holland",false,51.805416,4.656585,"injury","2","clear",false,1,"GM0505"
"20220229376",2022,"Uitsluitend materiele schade",2,"e-bike","Personenauto","Flank","Kruispunt, 4 takken",50,"Niet brandend","Daglicht","Regen",\N,\N,"de Raadstraat","Geldrop","Geldrop-Mierlo","Noord-Brabant",false,51.421999,5.566647,"material damage only","4","rain",false,1,"GM1771"
"20220204490",2022,"Letsel",2,"Personenauto","Fiets","Flank","Kruispunt, 3 takken",30,"Niet brandend","Daglicht","Droog",\N,\N,"Madridweg","Almere","Almere","Flevoland",false,52.395408,5.279489,"injury","2","clear",false,1,"GM0034"
"20220215078",2022,"Letsel",2,"Fiets","Fiets","Frontaal","Rechte weg",30,"Brandend","Duisternis","Droog",\N,"158309079","Weimarstraat","'s-Gravenhage","'s-Gravenhage","Zuid-Holland",false,52.077969,4.285188,"injury","2","clear",false,1,"GM0518"
"20220217220",2022,"Letsel",2,"Fiets","Fiets","Onbekend","Kruispunt, 3 takken",\N,"Niet brandend","Daglicht","Droog",\N,\N,"Europaweg","De Lier","Westland","Zuid-Holland",false,51.980873,4.25375,"injury","2","clear",false,1,"GM1783"
"20220224307",2022,"Uitsluitend materiele schade",2,"Fiets","Bestelauto","Kop/staart","Rechte weg",30,"Niet brandend","Daglicht","Droog",\N,"265186077","Tilburgseweg","Goirle","Goirle","Noord-Brabant",false,51.525086,5.064773,"material damage only","4","clear",false,1,"GM0785"
"20220226752",2022,"Letsel",1,"Fiets",\N,"Eenzijdig",\N,60,\N,"Duisternis",\N,\N,"600680588","Julianaweg","Nieuwdorp","Borsele","Zeeland",false,51.46673,3.76159,"injury","2","unknown",false,1,"GM0654"
"20220230477",2022,"Uitsluitend materiele schade",3,"Personenauto","Fiets","Flank","Rotonde",50,"Niet brandend","Daglicht","Droog",\N,\N,"Olmstraat","Echt","Echt-Susteren","Limburg",false,51.107398,5.87197,"material damage only","4","clear",false,1,"GM1711"
"20220200209",2022,"Letsel",3,"Personenauto","e-bike","Onbekend","Rechte weg",30,"Niet brandend","Daglicht","Droog",\N,"600831393","Griend","Elst","Overbetuwe","Gelderland",false,51.911362,5.841538,"injury","2","clear",false,1,"GM1734"
"20220201604",2022,"Letsel",3,"Personenauto","Fiets","Onbekend","Kruispunt, 3 takken",30,"Brandend","Duisternis","Droog",\N,\N,"Achterstraat","Bennekom","Ede","Gelderland",false,51.998868,5.665889,"injury","2","clear",false,1,"GM0228"
"20220206548",2022,"Uitsluitend materiele schade",3,"Fiets","Bromfiets","Onbekend","Rechte weg",15,"Brandend","Duisternis","Droog",\N,"234439103","Middenwaard","Heerhugowaard","Dijk en Waard","Noord-Holland",false,52.66294,4.828748,"material damage only","4","clear",false,1,"GM1980"
"20220208108",2022,"Letsel",2,"Personenauto","Fiets","Flank","Kruispunt, 4 takken",30,"Niet brandend","Daglicht","Droog",\N,\N,"Jan Campertstraat","Haarlem","Haarlem","Noord-Holland",false,52.419272,4.648093,"injury","2","clear",false,1,"GM0392"
"20220208896",2022,"Letsel",3,"Personenauto","Fiets","Frontaal","Kruispunt, 3 takken",30,"Brandend","Duisternis","Mist",\N,\N,"Overtoom","Westzaan","Zaanstad","Noord-Holland",true,52.439974,4.755143,"injury","2","fog",false,1,"GM0479"
"20220213553",2022,"Letsel",2,"Personenauto","e-bike","Flank","Rechte weg",30,"Niet brandend","Daglicht","Droog",\N,"158313097","Eisenhowerlaan","'s-Gravenhage","'s-Gravenhage","Zuid-Holland",false,52.094341,4.28269,"injury","2","clear",false,1,"GM0518"
"20240138317",2024,"Letsel",1,"Fiets",\N,"Onbekend","Rechte weg",30,"Brandend","Duisternis","Droog",\N,"498499035","Kruisstraat","Borger","Borger-Odoorn","Drenthe",false,52.925664,6.789627,"injury","2","clear",false,1,"GM1681"