"accident_id","year","severity_raw","party_count","party1_type","party2_type","accident_type","road_situation","speed_limit_kmh","road_lighting","light_condition_label","weather_raw","infra_type","road_segment_id","street_name","place_name","gemeente_name_raw","province","alcohol_indicated","latitude","longitude","severity_label","severity_code","weather_label","built_up_area","cyclists_involved","gemeente_code"
"20240139962",2024,"Letsel",2,"Personenauto","Fiets","Frontaal","Kruispunt, 4 takken",50,"Niet brandend","Daglicht","Regen",\N,\N,"Bisschopsweg","Baarn","Baarn","Utrecht",false,52.21447,5.301881,"injury","2","rain",false,1,"GM0308"
"20240140139",2024,"Uitsluitend materiele schade",2,"Personenauto","Fiets","Flank","Kruispunt, 3 takken",30,"Brandend","Duisternis","Droog",\N,\N,"Pieter de Hooghstraat","Maarssen","Stichtse Vecht","Utrecht",false,52.14206,5.039847,"material damage only","4","clear",false,1,"GM1904"
"20240143144",2024,"Letsel",2,"Personenauto","Fiets","Flank","Kruispunt, 4 takken",15,"Niet brandend","Daglicht","Droog",\N,\N,"Voorhaven","Den Hoorn","Midden-Delfland","Zuid-Holland",false,51.998724,4.332949,"injury","2","clear",false,1,"GM1842"
"20240143698",2024,"Letsel",2,"Personenauto","Fiets","Flank","Kruispunt, 4 takken",50,"Niet brandend","Daglicht","Droog",\N,\N,"Statenlaan","'s-Gravenhage","'s-Gravenhage","Zuid-Holland",false,52.096786,4.270422,"injury","2","clear",false,1,"GM0518"
"20240144255",2024,"Letsel",2,"Personenauto","Fiets","Flank","Rotonde",50,"Niet brandend","Daglicht","Regen",\N,\N,"de Star","Leidschendam","Leidschendam-Voorburg","Zuid-Holland",false,52.078701,4.404618,"injury","2","rain",false,1,"GM1916"
"20240138981",2024,"Uitsluitend materiele schade",2,"Personenauto","Fiets","Flank","Rotonde",50,"Niet brandend","Daglicht","Droog",\N,\N,"Zonnedauw","Drachten","Smallingerland","Friesland",false,53.106157,6.124991,"material damage only","4","clear",false,1,"GM0090"
"20240143177",2024,"Letsel",2,"Snorfiets","Fiets","Flank","Kruispunt, 4 takken",50,"Niet brandend","Daglicht","Droog",\N,\N,"Lange Houtwegpad","'s-Gravenhage","'s-Gravenhage","Zuid-Holland",false,52.05501,4.254461,"injury","2","clear",false,1,"GM0518"
"20240135241",2024,"Uitsluitend materiele schade",2,"Bromfiets","Fiets","Frontaal","Rechte weg",50,"Niet aanwezig","Daglicht","Droog",\N,"165276012","Anna Paulownalaan","Vlaardingen","Vlaardingen","Zuid-Holland",false,51.926787,4.340599,"material damage only","4","clear",false,1,"GM0622"
"20240135866",2024,"Uitsluitend materiele schade",2,"Bromfiets","Fiets","Flank","Kruispunt, 4 takken",\N,"Niet brandend","Daglicht","Droog",\N,\N,"Amberhof","Rhoon","Albrandswaard","Zuid-Holland",false,51.853365,4.481849,"material damage only","4","clear",false,1,"GM0613"
"20240144406",2024,"Letsel",2,"Boom","Fiets","Vast voorwerp","Rechte weg",\N,"Brandend","Duisternis","Droog",\N,"236357046","Keizer Karelweg","Amstelveen","Amstelveen","Noord-Holland",false,52.297111,4.849071,"injury","2","clear",false,1,"GM0362"
"20240149912",2024,"Uitsluitend materiele schade",2,"Personenauto","Fiets","Flank","Bocht",50,"Brandend","Duisternis","Droog",\N,"366560121","Groningerstraatweg","Leeuwarden","Leeuwarden","Friesland",false,53.20952,5.807845,"material damage only","4","clear",false,1,"GM0080"
"20240134130",2024,"Letsel",2,"Fiets","Personenauto","Onbekend","Kruispunt, 4 takken",50,"Brandend","Duisternis","Droog",\N,"600743231","Noorderkeerkring","Alphen aan den Rijn","Alphen aan den Rijn","Zuid-Holland",false,52.123378,4.652472,"injury","2","clear",false,1,"GM0484"
"20240140812",2024,"Uitsluitend materiele schade",2,"Personenauto","Fiets","Flank","Rotonde",50,"Niet brandend","Daglicht","Regen",\N,\N,"Gildemeesterdreef","Dronten","Dronten","Flevoland",false,52.532134,5.69232,"material damage only","4","rain",false,1,"GM0303"
"20240150808",2024,"Uitsluitend materiele schade",2,"Personenauto","Fiets","Onbekend","Rechte weg",50,"Niet brandend","Daglicht","Droog",\N,"500350048","Lansinkweg","Hengelo","Hengelo (O)","Overijssel",false,52.257255,6.782659,"material damage only","4","clear",false,1,\N
"20240140581",2024,"Uitsluitend materiele schade",2,"Personenauto","Fiets","Flank","Kruispunt, 3 takken",50,"Niet brandend","Daglicht","Droog",\N,\N,"Isotopenweg","Utrecht","Utrecht","Utrecht",false,52.11925,5.060133,"material damage only","4","clear",false,1,"GM0344"
"20240140586",2024,"Letsel",3,"Bestelauto","Fiets","Onbekend",\N,\N,\N,"Daglicht",\N,\N,"268310070","Beethovenlaan","Utrecht","Utrecht","Utrecht",false,52.086078,5.088445,"injury","2","unknown",false,1,"GM0344"
"20240149632",2024,"Letsel",2,"Personenauto","Fiets","Frontaal","Kruispunt, 4 takken",30,"Brandend","Duisternis","Droog",\N,\N,"Vechtstraat","Hattem","Hattem","Gelderland",false,52.477304,6.056226,"injury","2","clear",false,1,"GM0244"
"20240142896",2024,"Letsel",2,"Personenauto","Fiets","Flank","Kruispunt, 4 takken",50,"Niet brandend","Daglicht","Droog",\N,\N,"Zeeweg","IJmuiden","Velsen","Noord-Holland",false,52.459076,4.625939,"injury","2","clear",false,1,"GM0453"
"20240149238",2024,"Uitsluitend materiele schade",2,"Fiets","Personenauto","Onbekend","Bocht",50,"Brandend","Duisternis","Regen",\N,"391337053","Molenmakershoek","Apeldoorn","Apeldoorn","Gelderland",false,52.206786,5.981357,"material damage only","4","rain",false,1,"GM0200"
"20240149414",2024,"Uitsluitend materiele schade",2,"Personenauto","Fiets","Onbekend","Kruispunt, 3 takken",80,"Niet brandend","Daglicht","Regen",\N,\N,"Kanaalweg","Spankeren","Rheden","Gelderland",false,52.066902,6.095873,"material damage only","4","rain",false,1,"GM0275"
"20240150757",2024,"Letsel",2,"Bus","Fiets","Onbekend","Rechte weg",30,"Niet aanwezig","Daglicht","Droog",\N,"308332020","Zevenhuizerstraat","Hoogland","Amersfoort","Utrecht",false,52.183438,5.37351,"injury","2","clear",false,1,"GM0307"
"20240150772",2024,"Uitsluitend materiele schade",2,"Personenauto","Fiets","Kop/staart","Rechte weg",30,"Niet brandend","Daglicht",\N,\N,"600460019","Catharijnesingel","Utrecht","Utrecht","Utrecht",false,52.087429,5.116497,"material damage only","4","unknown",false,1,"GM0344"
"20240151185",2024,"Letsel",1,"Fiets",\N,"Onbekend","Rechte weg",30,"Niet brandend","Duisternis","Regen",\N,"473289114","Lievelderweg","Lichtenvoorde","Oost Gelre","Gelderland",false,51.987329,6.574286,"injury","2","rain",false,1,"GM1586"
"20240151274",2024,"Letsel",2,"Personenauto","Fiets","Onbekend",\N,\N,\N,"Daglicht",\N,\N,"272307020","Waalstraat","Utrecht","Utrecht","Utrecht",false,52.073554,5.117633,"injury","2","unknown",false,1,"GM0344"
"20240145093",2024,"Letsel",2,"Personenauto","Fiets","Flank","Kruispunt, 4 takken",50,"Brandend","Schemer","Droog",\N,\N,"Brandingdijk","Rotterdam","Rotterdam","Zuid-Holland",false,51.987994,4.598267,"injury","2","clear",false,1,"GM0599"
"20240143049",2024,"Letsel",1,"Fiets",\N,"Onbekend","Rechte weg",30,"Niet brandend","Daglicht","Droog",\N,"168308038","Goeverneurkade","Voorburg","Leidschendam-Voorburg","Zuid-Holland",false,52.073432,4.353966,"injury","2","clear",false,1,"GM1916"
"20240148296",2024,"Uitsluitend materiele schade",2,"Personenauto","Fiets","Frontaal","Rotonde",50,"Niet brandend","Daglicht","Droog",\N,\N,"STATE-AS","Sneek","Súdwest-Fryslân","Friesland",false,53.034663,5.626576,"material damage only","4","clear",false,1,"GM1900"
"20240150413",2024,"Letsel",2,"Personenauto","Fiets","Onbekend","Kruispunt, 3 takken",50,"Niet brandend","Schemer","Harde windstoten/Regen",\N,\N,"Maasweg","Hoorn","Hoorn","Noord-Holland",false,52.654483,5.087921,"injury","2","unknown",false,1,"GM0405"
"20240150484",2024,"Uitsluitend materiele schade",2,"Fiets","Personenauto","Onbekend","Rotonde",50,"Brandend","Duisternis","Droog",\N,\N,"Valutaboulevard","Amersfoort","Amersfoort","Utrecht",false,52.188739,5.4152,"material damage only","4","clear",false,1,"GM0307"
"20240149849",2024,"Uitsluitend materiele schade",2,"Fiets","Bestelauto","Flank","Rechte weg",50,"Brandend","Duisternis","Droog",\N,\N,"Boterdiep","Groningen","Groningen","Groningen",false,53.223058,6.565744,"material damage only","4","clear",false,1,"GM0014"
"20240149066",2024,"Uitsluitend materiele schade",2,"Bestelauto","Fiets","Flank","Kruispunt, 4 takken",50,"Niet brandend","Daglicht","Droog",\N,\N,"Smetiusstraat","Nijmegen","Nijmegen","Gelderland",false,51.843956,5.858268,"material damage only","4","clear",false,1,"GM0268"
"20240000643",2024,"Letsel",2,"Personenauto","Fiets","Flank","Kruispunt, 3 takken",50,"Brandend","Duisternis","Droog",\N,\N,"Franselaan","Rotterdam","Rotterdam","Zuid-Holland",false,51.91712,4.422615,"injury","2","clear",false,1,"GM0599"
"20240001911",2024,"Letsel",2,"Personenauto","Fiets","Flank","Kruispunt, 4 takken",50,"Niet brandend","Daglicht","Droog",\N,\N,"Pop Dijkemaweg","Groningen","Groningen","Groningen",false,53.226053,6.597136,"injury","2","clear",false,1,"GM0014"
"20240002693",2024,"Uitsluitend materiele schade",2,"Personenauto","Fiets","Flank","Rotonde",30,"Niet brandend","Daglicht","Droog",\N,\N,"Molenstraat","Venlo","Venlo","Limburg",false,51.37717,6.180119,"material damage only","4","clear",false,1,"GM0983"
"20240002716",2024,"Uitsluitend materiele schade",2,"Personenauto","Fiets","Flank","Kruispunt, 4 takken",30,"Brandend","Duisternis","Droog",\N,\N,"Palmboomstraat","'s-Hertogenbosch","'s-Hertogenbosch","Noord-Brabant",false,51.69234,5.323852,"material damage only","4","clear",false,1,"GM0796"
"20240004837",2024,"Uitsluitend materiele schade",2,"Personenauto","Fiets","Flank","Rotonde",50,"Brandend","Duisternis","Droog",\N,\N,"Groene Zoomweg","Harderwijk","Harderwijk","Gelderland",false,52.325955,5.616689,"material damage only","4","clear",false,1,"GM0243"
"20240005374",2024,"Letsel",2,"Personenauto","Fiets","Frontaal","Kruispunt, 4 takken",50,"Niet brandend","Daglicht","Droog",\N,\N,"Teylerstraat","Haarlem","Haarlem","Noord-Holland",false,52.380081,4.646048,"injury","2","clear",false,1,"GM0392"
"20230112254",2023,"Letsel",2,"Personenauto","Fiets","Flank","Rotonde",50,"Niet brandend","Daglicht","Droog",\N,\N,"Parkweg","Voorburg","Leidschendam-Voorburg","Zuid-Holland",false,52.075969,4.373873,"injury","2","clear",false,1,"GM1916"
"20240157741",2024,"Letsel",1,"Fiets",\N,"Onbekend",\N,\N,\N,"Duisternis",\N,\N,"167306013","Prinses Mariannelaan","Voorburg","Leidschendam-Voorburg","Zuid-Holland",false,52.063782,4.35187,"injury","2","unknown",false,1,"GM1916"
"20240003180",2024,"Uitsluitend materiele schade",2,"Personenauto","Fiets","Flank","Rechte weg",50,"Niet brandend","Daglicht","Regen",\N,"600497567","Eykereind","Bergeijk","Bergeijk","Noord-Brabant",false,51.323248,5.374608,"material damage only","4","rain",false,1,"GM1724"
"20240012456",2024,"Uitsluitend materiele schade",2,"Fiets","Personenauto","Flank","Kruispunt, 3 takken",30,"Niet brandend","Daglicht","Droog",\N,\N,"Kooilaan","Leiden","Leiden","Zuid-Holland",false,52.166188,4.506612,"material damage only","4","clear",false,1,"GM0546"
"20230112867",2023,"Letsel",1,"Fiets",\N,"Eenzijdig","Rotonde",50,"Brandend","Duisternis","Regen",\N,\N,"Wassenaarseweg","Leiden","Leiden","Zuid-Holland",false,52.170488,4.479213,"injury","2","rain",false,1,"GM0546"
"20240019259",2024,"Uitsluitend materiele schade",2,"Personenauto","Fiets","Flank","Kruispunt, 4 takken",30,"Niet brandend","Daglicht","Droog",\N,\N,"Cypergrasweg","Almere","Almere","Flevoland",false,52.383748,5.203162,"material damage only","4","clear",false,1,"GM0034"
"20240021333",2024,"Uitsluitend materiele schade",2,"Personenauto","Fiets","Flank","Rechte weg",30,"Niet brandend","Daglicht","Droog",\N,"600893527","Ookmeerweg","Amsterdam","Amsterdam","Noord-Holland",false,52.366041,4.802842,"material damage only","4","clear",false,1,"GM0363"
"20240021546",2024,"Letsel",2,"Fiets","Fiets","Flank","Rechte weg",30,"Niet brandend","Daglicht","Droog",\N,"238374043","De Clercqstraat","Amsterdam","Amsterdam","Noord-Holland",false,52.369951,4.865786,"injury","2","clear",false,1,"GM0363"
"20240152338",2024,"Letsel",2,"Personenauto","Fiets","Flank","Rechte weg",30,"Brandend","Duisternis","Droog",\N,\N,"Beneluxlaan","Beverwijk","Beverwijk","Noord-Holland",false,52.49443,4.675562,"injury","2","clear",false,1,"GM0375"
"20240152352",2024,"Uitsluitend materiele schade",1,"Fiets",\N,"Flank","Bocht",50,"Niet brandend","Daglicht","Regen",\N,"237359128","Galerij","Amstelveen","Amstelveen","Noord-Holland",false,52.304113,4.859143,"material damage only","4","rain",false,1,"GM0362"
"20240154977",2024,"Letsel",2,"Personenauto","Fiets","Flank","Kruispunt, 4 takken",30,"Niet aanwezig","Schemer","Regen",\N,\N,"Voorstraat","Dordrecht","Dordrecht","Zuid-Holland",false,51.814121,4.665413,"injury","2","rain",false,1,"GM0505"
"20240007603",2024,"Uitsluitend materiele schade",2,"Personenauto","Fiets","Onbekend",\N,30,\N,"Duisternis",\N,\N,"216295030","KLEIWEGBRUG","Gouda","Gouda","Zuid-Holland",false,52.015453,4.709577,"material damage only","4","unknown",false,1,"GM0513"
"20240007951",2024,"Uitsluitend materiele schade",2,"Snorfiets","Fiets","Flank","Kruispunt, 4 takken",30,"Niet brandend","Daglicht","Regen",\N,\N,"Meer en Vaart","Amsterdam","Amsterdam","Noord-Holland",false,52.360514,4.806922,"material damage only","4","rain",false,1,"GM0363"
"20240008612",2024,"Uitsluitend materiele schade",2,"Fiets","Bestelauto","Onbekend","Kruispunt, 4 takken",30,"Niet brandend","Daglicht","Droog",\N,\N,"Prinses Beatrixlaan","'s-Gravenhage","'s-Gravenhage","Zuid-Holland",false,52.07989,4.334693,"material damage only","4","clear",false,1,"GM0518"
"20240022053",2024,"Uitsluitend materiele schade",2,"Bromfiets","Fiets","Onbekend","Kruispunt, 4 takken",30,"Niet brandend","Daglicht","Droog",\N,\N,"Stationsweg","Zwijndrecht","Zwijndrecht","Zuid-Holland",false,51.816381,4.64048,"material damage only","4","clear",false,1,"GM0642"
"20240022749",2024,"Letsel",2,"Personenauto","Fiets","Flank","Kruispunt, 3 takken",50,"Niet brandend","Daglicht","Droog",\N,\N,"Valeriusstraat","Schiedam","Schiedam","Zuid-Holland",false,51.928668,4.372896,"injury","2","clear",false,1,"GM0606"
"20230107631",2023,"Letsel",2,"Personenauto","Fiets","Flank","Rotonde",50,"Niet brandend","Daglicht","Droog",\N,\N,"Eulerlaan","Dordrecht","Dordrecht","Zuid-Holland",false,51.78264,4.676201,"injury","2","clear",false,1,"GM0505"
"20240157187",2024,"Letsel",2,"Personenauto","Fiets","Flank","Rechte weg",50,"Brandend","Duisternis","Regen",\N,\N,"Wenckenbachstraat","Eindhoven","Eindhoven","Noord-Brabant",false,51.453273,5.462981,"injury","2","rain",false,1,"GM0772"
"20240005541",2024,"Uitsluitend materiele schade",2,"Bestelauto","Fiets","Onbekend","Rotonde",50,"Niet brandend","Daglicht","Regen",\N,\N,"De Limiet","Vianen","Vijfheerenlanden","Utrecht",false,51.980058,5.095102,"material damage only","4","rain",false,1,"GM1961"
"20240011971",2024,"Letsel",2,"Personenauto","Fiets","Flank","Kruispunt, 4 takken",50,"Niet brandend","Daglicht","Droog",\N,\N,"Raadhuisstraat","Losser","Losser","Overijssel",false,52.261536,7.005287,"injury","2","clear",false,1,"GM0168"
"20240023291",2024,"Uitsluitend materiele schade",2,"Personenauto","Fiets","Flank","Rechte weg",50,"Niet brandend","Daglicht","Droog",\N,\N,"Chico Mendesring","Dordrecht","Dordrecht","Zuid-Holland",false,51.810209,4.712815,"material damage only","4","clear",false,1,"GM0505"
"20240023560",2024,"Letsel",2,"Fiets","Personenauto","Flank","Rechte weg",50,"Niet brandend","Daglicht","Droog",\N,"154301023","Hengelolaan","'s-Gravenhage","'s-Gravenhage","Zuid-Holland",false,52.041303,4.256867,"injury","2","clear",false,1,"GM0518"
"20240154870",2024,"Letsel",2,"Fiets","Personenauto","Flank","Kruispunt, 4 takken",50,"Brandend","Duisternis","Droog",\N,"600463048","Zuidpoldersingel","Delfgauw","Pijnacker-Nootdorp","Zuid-Holland",false,52.000133,4.39312,"injury","2","clear",false,1,"GM1926"
"20240005034",2024,"Letsel",2,"Fiets","Overig vast object","Vast voorwerp","Rechte weg",30,"Niet brandend","Schemer",\N,\N,"600204517","EENDRACHTSBRUG","Groningen","Groningen","Groningen",false,53.213934,6.555839,"injury","2","unknown",false,1,"GM0014"
"20240008204",2024,"Letsel",2,"Bromfiets","Fiets","Onbekend","Rechte weg",30,"Brandend","Duisternis","Droog",\N,"146297010","Poeldijkseweg","Monster","Westland","Zuid-Holland",false,52.023373,4.196539,"injury","2","clear",false,1,"GM1783"
"20240011058",2024,"Uitsluitend materiele schade",2,"Personenauto","Fiets","Flank","Kruispunt, 4 takken",50,"Niet brandend","Daglicht","Regen",\N,\N,"Europalaan","Emmeloord","Noordoostpolder","Flevoland",false,52.711001,5.735606,"material damage only","4","rain",false,1,"GM0171"
"20240023908",2024,"Uitsluitend materiele schade",2,"Personenauto","Fiets","Flank","Rechte weg",30,"Niet brandend","Daglicht","Droog",\N,"320165021","Hertog Jan I Laan","Eindhoven","Eindhoven","Noord-Brabant",false,51.433421,5.46353,"material damage only","4","clear",false,1,"GM0772"
"20240024094",2024,"Uitsluitend materiele schade",2,"Snorfiets","Fiets","Onbekend","Rechte weg",50,"Brandend","Daglicht","Regen","Tunnel","600531728","Oranjelaan","Roermond","Roermond","Limburg",false,51.192676,6.004071,"material damage only","4","rain",false,1,"GM0957"
"20230108310",2023,"Letsel",1,"Fiets",\N,"Eenzijdig","Bocht",30,"Niet brandend","Daglicht","Droog","Brug/viaduct",\N,"Rosenholmpad","Hoofddorp","Haarlemmermeer","Noord-Holland",false,52.310135,4.679228,"injury","2","clear",false,1,"GM0394"
"20230112448",2023,"Letsel",1,"Fiets",\N,"Eenzijdig","Rotonde",50,"Niet brandend","Schemer",\N,\N,\N,"Weteringkade","Noordwijk","Noordwijk","Zuid-Holland",false,52.240936,4.445947,"injury","2","unknown",false,1,"GM0575"
"20230110696",2023,"Letsel",2,"Fiets","Personenauto","Geparkeerd voertuig","Rechte weg",60,"Niet aanwezig","Duisternis","Droog",\N,"234197005","Dorstseweg","Bavel","Breda","Noord-Brabant",false,51.579883,4.844805,"injury","2","clear",false,1,"GM0758"
"20230112483",2023,"Uitsluitend materiele schade",2,"Personenauto","Fiets","Flank","Kruispunt, 4 takken",50,"Niet brandend","Daglicht","Droog",\N,\N,"Hofdijck","Oegstgeest","Oegstgeest","Zuid-Holland",false,52.180193,4.480387,"material damage only","4","clear",false,1,"GM0579"
"20240010198",2024,"Letsel",2,"Personenauto","Fiets","Onbekend","Kruispunt, 4 takken",30,"Niet brandend","Daglicht","Droog",\N,\N,"ten Hooringerlaan","Oosterwolde","Ooststellingwerf","Friesland",false,52.989277,6.28868,"injury","2","clear",false,1,"GM0085"
"20230108938",2023,"Letsel",2,"Personenauto","Fiets","Flank","Kruispunt, 4 takken",50,"Niet brandend","Schemer","Regen",\N,\N,"Everard Meijsterlaan","Utrecht","Utrecht","Utrecht",false,52.087343,5.08327,"injury","2","rain",false,1,"GM0344"
"20240155258",2024,"Letsel",2,"Fiets","Lichtmast","Vast voorwerp","Rechte weg",\N,"Brandend","Duisternis","Mist/Regen",\N,"199319019","Gemeneweg","Hazerswoude-Rijndijk","Alphen aan den Rijn","Zuid-Holland",false,52.123363,4.584041,"injury","2","unknown",false,1,"GM0484"
"20230109549",2023,"Letsel",1,"Fiets",\N,"Eenzijdig","Kruispunt, 4 takken",30,"Niet brandend","Daglicht","Droog",\N,\N,"Hinthamerstraat","'s-Hertogenbosch","'s-Hertogenbosch","Noord-Brabant",false,51.688589,5.314775,"injury","2","clear",false,1,"GM0796"
"20230111317",2023,"Letsel",2,"Bromfiets","Fiets","Flank","Kruispunt, 4 takken",50,"Brandend","Duisternis","Regen",\N,\N,"Rozenburglaan","Amsterdam","Amsterdam","Noord-Holland",false,52.338442,4.940515,"injury","2","rain",false,1,"GM0363"
"20240002231",2024,"Uitsluitend materiele schade",1,"Fiets",\N,"Eenzijdig","Rechte weg",50,"Niet brandend","Duisternis","Droog/Mist",\N,"379068024","Burg. Coendersstraat","Sittard","Sittard-Geleen","Limburg",false,50.998789,5.879177,"material damage only","4","unknown",false,1,"GM1883"
"20240003493",2024,"Uitsluitend materiele schade",2,"Personenauto","Fiets","Flank","Kruispunt, 4 takken",50,"Niet brandend","Schemer","Droog",\N,\N,"St. Teunismolenweg","Nijmegen","Nijmegen","Gelderland",false,51.822879,5.810405,"material damage only","4","clear",false,1,"GM0268"
"20240021164",2024,"Letsel",2,"Personenauto","Fiets","Flank","Rechte weg",50,"Brandend","Duisternis","Droog",\N,\N,"Sportlaan","Gouda","Gouda","Zuid-Holland",false,52.007957,4.723984,"injury","2","clear",false,1,"GM0513"
"20240004675",2024,"Letsel",1,"Fiets",\N,"Onbekend","Rechte weg",30,"Brandend","Duisternis","Regen",\N,"500350036","Christiaan Huygenslaan","Hengelo","Hengelo (O)","Overijssel",false,52.254245,6.782237,"injury","2","rain",false,1,\N
"20240005189",2024,"Uitsluitend materiele schade",2,"Fiets","Personenauto","Frontaal","Kruispunt, 3 takken",30,"Niet brandend","Daglicht","Droog",\N,\N,"Koopmansplein","Ten Boer","Groningen","Groningen",false,53.276991,6.696617,"material damage only","4","clear",false,1,"GM0014"
"20240012177",2024,"Uitsluitend materiele schade",2,"Personenauto","Fiets","Kop/staart","Rechte weg",30,"Niet brandend","Daglicht","Droog",\N,"240375031","Marnixstraat","Amsterdam","Amsterdam","Noord-Holland",false,52.376974,4.878129,"material damage only","4","clear",false,1,"GM0363"
"20240023650",2024,"Letsel",2,"Fiets",\N,"Flank","Rechte weg",30,"Niet brandend","Daglicht","Droog",\N,"228301005","Kerkweg","Driebruggen","Bodegraven-Reeuwijk","Zuid-Holland",false,52.043723,4.796563,"injury","2","clear",false,1,"GM1901"
"20230112591",2023,"Letsel",1,"Fiets",\N,"Eenzijdig","Rechte weg",50,"Brandend","Duisternis","Droog",\N,"600503681","Stationsweg","Lisse","Lisse","Zuid-Holland",false,52.274031,4.538159,"injury","2","clear",false,1,"GM0553"
"20240011627",2024,"Letsel",2,"Personenauto","Fiets","Flank","Kruispunt, 3 takken",50,"Niet brandend","Daglicht","Droog",\N,\N,"Looydijk","De Bilt","De Bilt","Utrecht",false,52.10746,5.18786,"injury","2","clear",false,1,"GM0310"
"20240154891",2024,"Letsel",1,"Fiets",\N,"Onbekend",\N,60,\N,"Duisternis",\N,\N,"144293008","Baakwoning","Naaldwijk","Westland","Zuid-Holland",false,52.004853,4.183188,"injury","2","unknown",false,1,"GM1783"
"20240156894",2024,"Uitsluitend materiele schade",2,"Fiets","Personenauto","Flank","Kruispunt, 4 takken",30,"Brandend","Duisternis","Droog",\N,\N,"Planetenlaan","Eindhoven","Eindhoven","Noord-Brabant",false,51.47175,5.492447,"material damage only","4","clear",false,1,"GM0772"
"20240005252",2024,"Letsel",2,"Personenauto","Fiets","Flank","Kruispunt, 3 takken",60,"Brandend","Duisternis","Droog",\N,\N,"Borgsloot","Groningen","Groningen","Groningen",true,53.23137,6.635629,"injury","2","clear",false,1,"GM0014"
"20240010819",2024,"Uitsluitend materiele schade",2,"Personenauto","Fiets","Flank","Rotonde",50,"Niet brandend","Daglicht","Harde windstoten/Regen",\N,\N,"Laan 1954","De Meern","Utrecht","Utrecht",false,52.078124,5.034689,"material damage only","4","unknown",false,1,"GM0344"
"20240013021",2024,"Letsel",2,"Fiets","Voetganger","Voetganger","Kruispunt, 3 takken",50,"Brandend","Duisternis","Droog",\N,\N,"Prins Hendrikkade","Amsterdam","Amsterdam","Noord-Holland",false,52.376884,4.898492,"injury","2","clear",false,1,"GM0363"
"20240016034",2024,"Letsel",2,"Personenauto","Fiets","Flank","Rotonde",50,"Niet brandend","Daglicht","Droog",\N,\N,"Zuidsingel","Venray","Venray","Limburg",false,51.519278,5.979096,"injury","2","clear",false,1,"GM0984"
"20230109693",2023,"Letsel",2,"Fiets","Bestelauto","Eenzijdig","Rechte weg",30,"Niet brandend","Daglicht","Droog",\N,"318204045","Europalaan","Schijndel","Meierijstad","Noord-Brabant",false,51.60943,5.446538,"injury","2","clear",false,1,"GM1948"
"20240014931",2024,"Letsel",2,"Fiets","Bestelauto","Flank","Rechte weg",30,"Niet brandend","Daglicht","Regen",\N,"264184034","Weth de Brouwerstraat","Goirle","Goirle","Noord-Brabant",false,51.518317,5.058792,"injury","2","rain",false,1,"GM0785"
"20240016057",2024,"Uitsluitend materiele schade",2,"Fiets","Fiets","Kop/staart","Rechte weg",30,"Niet brandend","Daglicht","Droog",\N,"344183010","Kerkstraat","Aarle-Rixtel","Laarbeek","Noord-Brabant",false,51.512901,5.63491,"material damage only","4","clear",false,1,"GM1659"
"20240016875",2024,"Letsel",2,"Bestelauto","Fiets","Flank","Rotonde",50,"Niet brandend","Daglicht","Droog",\N,\N,"Ludgerstraat","Aalten","Aalten","Gelderland",false,51.92185,6.581081,"injury","2","clear",false,1,"GM0197"
"20240017820",2024,"Uitsluitend materiele schade",3,"Bromfiets","Fiets","Flank","Bocht",\N,"Brandend","Duisternis","Droog",\N,"374257074","Snelbinder","Nijmegen","Nijmegen","Gelderland",false,51.848601,5.855019,"material damage only","4","clear",false,1,"GM0268"
"20240018209",2024,"Letsel",2,"Personenauto","Fiets","Flank","Kruispunt, 4 takken",50,"Niet brandend","Daglicht","Droog",\N,\N,"Swingmastate","Leeuwarden","Leeuwarden","Friesland",false,53.204997,5.844568,"injury","2","clear",false,1,"GM0080"
"20240152723",2024,"Letsel",2,"Personenauto","Fiets","Flank","Kruispunt, 4 takken",50,"Niet brandend","Schemer","Droog",\N,\N,"Dorpsstraat","Zwaag","Hoorn","Noord-Holland",false,52.67273,5.088854,"injury","2","clear",false,1,"GM0405"
"20230112677",2023,"Letsel",2,"Bestelauto","e-bike","Flank","Kruispunt, 4 takken",50,"Niet brandend","Daglicht","Droog",\N,\N,"Spoorsingel","Delft","Delft","Zuid-Holland",false,52.010116,4.35452,"injury","2","clear",false,1,"GM0503"
"20240013109",2024,"Letsel",2,"Bromfiets","Fiets","Kop/staart","Rechte weg",30,"Niet brandend","Daglicht","Droog",\N,"600763955","Weesperzijde","Amsterdam","Amsterdam","Noord-Holland",true,52.347399,4.913702,"injury","2","clear",false,1,"GM0363"
"20240018330",2024,"Letsel",2,"Personenauto","Fiets","Frontaal","Kruispunt, 4 takken",60,"Niet aanwezig","Daglicht","Droog",\N,\N,"Sopsum","Achlum","Waadhoeke","Friesland",false,53.163879,5.485889,"injury","2","clear",false,1,"GM1949"
"20240021250",2024,"Letsel",1,"Fiets",\N,"Onbekend","Rechte weg",30,"Niet brandend","Daglicht","Droog",\N,"600208338","Karel Lotsylaan","Zaandam","Zaanstad","Noord-Holland",false,52.45492,4.827478,"injury","2","clear",false,1,"GM0479"
"20240155485",2024,"Letsel",2,"Fiets","Fiets","Flank","Kruispunt, 4 takken",30,"Niet brandend","Daglicht","Droog",\N,\N,"Agnietenstraat","Gouda","Gouda","Zuid-Holland",false,52.014178,4.710907,"injury","2","clear",false,1,"GM0513"
"20240012359",2024,"Uitsluitend materiele schade",2,"Personenauto","Fiets","Flank","Rotonde",30,"Niet brandend","Daglicht","Droog",\N,\N,"Hendrik Jacobszstraat","Amsterdam","Amsterdam","Noord-Holland",false,52.35077,4.860935,"material damage only","4","clear",false,1,"GM0363"