"accident_id","year","severity_raw","party_count","party1_type","party2_type","accident_type","road_situation","speed_limit_kmh","road_lighting","light_condition_label","weather_raw","infra_type","road_segment_id","street_name","place_name","gemeente_name_raw","province","alcohol_indicated","latitude","longitude","severity_label","severity_code","weather_label","built_up_area","cyclists_involved","gemeente_code"
"20240022092",2024,"Uitsluitend materiele schade",1,"Fiets",\N,"Onbekend","Rechte weg",80,"Niet brandend","Daglicht","Droog",\N,\N,"Raadhuislaan","Spijkenisse","Nissewaard","Zuid-Holland",false,51.84774,4.328741,"material damage only","4","clear",false,1,"GM1930"
"20230108037",2023,"Uitsluitend materiele schade",2,"Personenauto","Fiets","Flank","Kruispunt, 3 takken",50,"Niet brandend","Duisternis","Droog",\N,\N,"Adriaan de Jongestraat","Haarlem","Haarlem","Noord-Holland",false,52.373486,4.620206,"material damage only","4","clear",false,1,"GM0392"
"20240155349",2024,"Letsel",2,"Personenauto","Fiets","Onbekend","Rotonde",50,"Niet brandend","Daglicht","Regen",\N,\N,"Zand- en Waterweg","Naaldwijk","Westland","Zuid-Holland",false,52.001373,4.206755,"injury","2","rain",false,1,"GM1783"
"20230112774",2023,"Letsel",2,"Personenauto","Fiets","Flank","Kruispunt, 3 takken",50,"Brandend","Duisternis","Regen",\N,\N,"Windmolen","Wateringen","Westland","Zuid-Holland",false,52.020625,4.277946,"injury","2","rain",false,1,"GM1783"
"20230112775",2023,"Letsel",1,"Fiets",\N,"Eenzijdig","Bocht",30,"Brandend","Duisternis","Droog",\N,"158317062","Berkenbosch Blokstraat","'s-Gravenhage","'s-Gravenhage","Zuid-Holland",false,52.110208,4.283894,"injury","2","clear",false,1,"GM0518"
"20240157699",2024,"Letsel",1,"Fiets",\N,"Onbekend","Rechte weg",50,"Niet brandend","Daglicht","Droog",\N,"600971541","Goudenregenplein","'s-Gravenhage","'s-Gravenhage","Zuid-Holland",false,52.076399,4.263502,"injury","2","clear",false,1,"GM0518"
"20240013162",2024,"Letsel",1,"Fiets",\N,"Onbekend","Bocht",50,"Niet brandend","Daglicht","Droog",\N,"600454372","Pieter Kuijtpad","Wassenaar","Wassenaar","Zuid-Holland",false,52.115048,4.337843,"injury","2","clear",false,1,"GM0629"
"20240022649",2024,"Uitsluitend materiele schade",2,"Snorfiets","Fiets","Kop/staart","Rechte weg",50,"Niet brandend","Daglicht","Regen",\N,"601046688","Blaak","Rotterdam","Rotterdam","Zuid-Holland",false,51.91812,4.482823,"material damage only","4","rain",false,1,"GM0599"
"20230035149",2023,"Letsel",2,"Personenauto","Fiets","Flank","Kruispunt, 4 takken",80,"Niet brandend","Daglicht","Droog",\N,\N,"Boswinkelsweg","Markelo","Hof van Twente","Overijssel",false,52.21867,6.614497,"injury","2","clear",false,1,"GM1735"
"20230067150",2023,"Letsel",2,"Fiets","Fiets","Flank","Bocht",\N,"Niet brandend","Daglicht","Droog",\N,"262311137","Het Lint- Hoge Woerd","De Meern","Utrecht","Utrecht",false,52.086436,5.040465,"injury","2","clear",false,1,"GM0344"
"20230014574",2023,"Letsel",2,"Fiets","Personenauto","Flank","Kruispunt, 4 takken",80,"Niet brandend","Daglicht","Droog",\N,\N,"Prinsenstraat","Breedenbroek","Oude IJsselstreek","Gelderland",false,51.881168,6.455263,"injury","2","clear",false,1,"GM1509"
"20230023115",2023,"Uitsluitend materiele schade",2,"Motor","Fiets","Flank","Rechte weg",50,"Niet brandend","Daglicht","Droog",\N,\N,"Cas Oorthuyskade","Amsterdam","Amsterdam","Noord-Holland",false,52.360126,4.98894,"material damage only","4","clear",false,1,"GM0363"
"20230024338",2023,"Uitsluitend materiele schade",3,"Fiets","Personenauto","Onbekend","Rechte weg",50,"Niet brandend","Daglicht","Regen","Tankstation","600362518","Stadionplein","Amsterdam","Amsterdam","Noord-Holland",false,52.342843,4.857439,"material damage only","4","rain",false,1,"GM0363"
"20230026621",2023,"Uitsluitend materiele schade",2,"Personenauto","Fiets","Flank","Kruispunt, 3 takken",30,"Niet brandend","Daglicht","Droog",\N,\N,"Margrietstraat","Breda","Breda","Noord-Brabant",false,51.581173,4.770248,"material damage only","4","clear",false,1,"GM0758"
"20230027190",2023,"Letsel",2,"Fiets","Overig vast object","Vast voorwerp","Rechte weg",50,"Brandend","Duisternis","Droog",\N,"229199040","Bijster","Breda","Breda","Noord-Brabant",false,51.584535,4.803316,"injury","2","clear",false,1,"GM0758"
"20240028417",2024,"Uitsluitend materiele schade",2,"Fiets","Personenauto","Flank","Kruispunt, 3 takken",80,"Niet brandend","Daglicht","Droog",\N,\N,"Drontermeerdijk","Dronten","Dronten","Flevoland",false,52.521662,5.855221,"material damage only","4","clear",false,1,"GM0303"
"20230028905",2023,"Uitsluitend materiele schade",3,"Fiets","Fiets","Flank","Kruispunt, 4 takken",30,"Niet brandend","Daglicht","Droog",\N,\N,"Karel Doormanstraat","Rotterdam","Rotterdam","Zuid-Holland",true,51.922155,4.473877,"material damage only","4","clear",false,1,"GM0599"
"20230034342",2023,"Letsel",2,"Personenauto","Fiets","Flank","Rechte weg",30,"Niet brandend","Daglicht","Droog",\N,"473559011","Rouaanstraat","Groningen","Groningen","Groningen",false,53.197621,6.610131,"injury","2","clear",false,1,"GM0014"
"20230034740",2023,"Letsel",2,"Fiets","Fiets","Frontaal","Rechte weg",50,"Niet aanwezig","Daglicht","Droog",\N,"600553763","FIETSPAD","Heerde","Heerde","Gelderland",false,52.385613,6.032952,"injury","2","clear",false,1,"GM0246"
"20230036745",2023,"Uitsluitend materiele schade",2,"Bromfiets","Fiets","Flank","Rechte weg",50,"Brandend","Duisternis","Droog",\N,"237374086","Jan Evertsenstraat","Amsterdam","Amsterdam","Noord-Holland",false,52.37046,4.852423,"material damage only","4","clear",false,1,"GM0363"
"20240030414",2024,"Letsel",2,"Personenauto","Fiets","Flank","Kruispunt, 4 takken",30,"Niet brandend","Daglicht",\N,\N,\N,"Sterrenlaan","Alphen aan den Rijn","Alphen aan den Rijn","Zuid-Holland",false,52.143367,4.662288,"injury","2","unknown",false,1,"GM0484"
"20230069676",2023,"Letsel",2,"Motor","Fiets","Flank","Kruispunt, 4 takken",50,"Niet brandend","Daglicht","Droog",\N,\N,"Anna Bijnslaan","'s-Gravenhage","'s-Gravenhage","Zuid-Holland",false,52.052487,4.302725,"injury","2","clear",false,1,"GM0518"
"20230074005",2023,"Letsel",3,"Bromfiets","Fiets","Onbekend","Rechte weg",60,"Niet brandend","Daglicht","Droog",\N,"446327001","Elsmans Schaddenweg","Lochem","Lochem","Gelderland",false,52.15422,6.38936,"injury","2","clear",false,1,"GM0262"
"20230027816",2023,"Uitsluitend materiele schade",2,"Fiets","Fiets","Flank","Bocht",30,"Niet aanwezig","Daglicht","Droog",\N,"158177019","Parallelweg","Bergen op Zoom","Bergen op Zoom","Noord-Brabant",false,51.484234,4.2961,"material damage only","4","clear",false,1,"GM0748"
"20230023190",2023,"Uitsluitend materiele schade",2,"Personenauto","Fiets","Flank","Rechte weg",50,"Niet brandend","Daglicht","Droog",\N,"600123996","Amstel","Amsterdam","Amsterdam","Noord-Holland",false,52.366584,4.899999,"material damage only","4","clear",false,1,"GM0363"
"20230023802",2023,"Letsel",2,"Bromfiets","Fiets","Flank","Rechte weg",30,"Niet brandend","Daglicht","Droog",\N,"600378942","Menninckstraat","'s-Gravenhage","'s-Gravenhage","Zuid-Holland",false,52.093261,4.266269,"injury","2","clear",false,1,"GM0518"
"20230030158",2023,"Uitsluitend materiele schade",2,"Bromfiets","Fiets","Flank","Kruispunt, 3 takken",50,"Niet brandend","Daglicht","Droog",\N,\N,"Stationsweg","'s-Gravenhage","'s-Gravenhage","Zuid-Holland",false,52.070326,4.321664,"material damage only","4","clear",false,1,"GM0518"
"20230067244",2023,"Uitsluitend materiele schade",1,"Fiets",\N,"Eenzijdig","Rechte weg",50,"Brandend","Duisternis","Regen",\N,"600362902","Govert Flinckstraat","Amsterdam","Amsterdam","Noord-Holland",false,52.354109,4.887727,"material damage only","4","rain",false,1,"GM0363"
"20230068550",2023,"Letsel",2,"Fiets","Fiets","Onbekend","Rechte weg",50,"Brandend","Duisternis","Regen",\N,"161306025","Parallelweg","'s-Gravenhage","'s-Gravenhage","Zuid-Holland",false,52.061641,4.304979,"injury","2","rain",false,1,"GM0518"
"20230069733",2023,"Uitsluitend materiele schade",3,"Fiets","Personenauto","Onbekend","Rechte weg",50,"Niet brandend","Daglicht","Droog",\N,"181272041","Nieuwe Binnenweg","Rotterdam","Rotterdam","Zuid-Holland",false,51.912827,4.458092,"material damage only","4","clear",false,1,"GM0599"
"20230076416",2023,"Uitsluitend materiele schade",1,"Fiets",\N,"Onbekend","Rechte weg",\N,"Niet brandend","Daglicht","Droog",\N,"231389082","Ebbehout","Zaandam","Zaanstad","Noord-Holland",false,52.438088,4.812469,"material damage only","4","clear",false,1,"GM0479"
"20230015252",2023,"Letsel",2,"Fiets","Fiets","Frontaal","Kruispunt, 4 takken",30,"Niet brandend","Daglicht","Droog",\N,\N,"Emmalaan","Zuidhorn","Westerkwartier","Groningen",false,53.244675,6.414831,"injury","2","clear",false,1,"GM1969"
"20240026751",2024,"Uitsluitend materiele schade",1,"Fiets",\N,"Onbekend","Kruispunt, 3 takken",30,"Niet brandend","Daglicht","Droog",\N,\N,"Veldbloemenlaan","Arnhem","Arnhem","Gelderland",false,51.966045,5.906667,"material damage only","4","clear",false,1,"GM0202"
"20230022686",2023,"Letsel",1,"Fiets",\N,"Eenzijdig",\N,50,\N,"Daglicht",\N,\N,"161308045","Hobbemastraat","'s-Gravenhage","'s-Gravenhage","Zuid-Holland",false,52.070498,4.307652,"injury","2","unknown",false,1,"GM0518"
"20230067697",2023,"Letsel",2,"Bus","e-bike","Flank","Kruispunt, 4 takken",50,"Niet brandend","Daglicht","Droog",\N,\N,"Vleutenseweg","Utrecht","Utrecht","Utrecht",false,52.096978,5.083505,"injury","2","clear",false,1,"GM0344"
"20230069322",2023,"Uitsluitend materiele schade",2,"Personenauto","Fiets","Flank","Kruispunt, 4 takken",30,"Niet brandend","Daglicht","Droog",\N,\N,"Aagje Dekenlaan","'s-Gravenhage","'s-Gravenhage","Zuid-Holland",false,52.049464,4.295448,"material damage only","4","clear",false,1,"GM0518"
"20230077454",2023,"Letsel",1,"Fiets",\N,"Eenzijdig","Rechte weg",50,"Niet brandend","Daglicht","Droog",\N,"157316093","Jurriaan Kokstraat","'s-Gravenhage","'s-Gravenhage","Zuid-Holland",false,52.105205,4.27716,"injury","2","clear",false,1,"GM0518"
"20230013561",2023,"Uitsluitend materiele schade",1,"Fiets",\N,"Onbekend","Rechte weg",\N,"Brandend","Schemer","Regen",\N,"340367120","Westeinde","Harderwijk","Harderwijk","Gelderland",false,52.342943,5.613764,"material damage only","4","rain",false,1,"GM0243"
"20230027333",2023,"Uitsluitend materiele schade",2,"Personenauto","Fiets","Flank","Kruispunt, 4 takken",50,"Brandend","Duisternis","Droog",\N,\N,"Ringbaan-Oost","Tilburg","Tilburg","Noord-Brabant",false,51.560926,5.103602,"material damage only","4","clear",false,1,"GM0855"
"20230034900",2023,"Letsel",2,"Personenauto","Fiets","Flank","Rechte weg",50,"Niet brandend","Daglicht","Droog",\N,"600843274","Lange Amerikaweg","Apeldoorn","Apeldoorn","Gelderland",false,52.180044,5.986375,"injury","2","clear",false,1,"GM0200"
"20230068015",2023,"Uitsluitend materiele schade",2,"Personenauto","Fiets","Flank","Kruispunt, 4 takken",80,"Niet brandend","Daglicht","Droog",\N,\N,"Oude Bunnikseweg","De Bilt","De Bilt","Utrecht",false,52.100805,5.18477,"material damage only","4","clear",false,1,"GM0310"
"20240032078",2024,"Letsel",2,"Personenauto","Fiets","Flank","Kruispunt, 4 takken",30,"Niet brandend","Daglicht","Droog",\N,\N,"Suezkade","'s-Gravenhage","'s-Gravenhage","Zuid-Holland",false,52.081768,4.276737,"injury","2","clear",false,1,"GM0518"
"20230068607",2023,"Letsel",2,"Bestelauto","Fiets","Flank","Kruispunt, 4 takken",30,"Niet brandend","Daglicht","Droog",\N,\N,"Schuddebeursstraat","Zoetermeer","Zoetermeer","Zuid-Holland",false,52.060261,4.537421,"injury","2","clear",false,1,"GM0637"
"20230078220",2023,"Uitsluitend materiele schade",3,"Fiets","Fiets","Onbekend","Rechte weg",\N,"Brandend","Duisternis","Regen",\N,"237370068","Vondelpark","Amsterdam","Amsterdam","Noord-Holland",false,52.355246,4.859329,"material damage only","4","rain",false,1,"GM0363"
"20230078741",2023,"Letsel",3,"Fiets","Personenauto","Geparkeerd voertuig","Rechte weg",30,"Niet brandend","Daglicht","Droog","Parkeervoorziening","600748775","Kerkweg","Ter Aar","Nieuwkoop","Zuid-Holland",false,52.165685,4.717771,"injury","2","clear",false,1,"GM0569"
"20230074867",2023,"Letsel",2,"Personenauto","Fiets","Los voorwerp","Kruispunt, 4 takken",30,"Niet brandend","Daglicht","Droog",\N,\N,"Statensingel","IJsselstein","IJsselstein","Utrecht",false,52.008778,5.037326,"injury","2","clear",false,1,"GM0353"
"20230074893",2023,"Letsel",2,"Fiets","Fiets","Onbekend","Rechte weg",30,"Brandend","Duisternis","Droog",\N,"214383011","Spaarndammerdijk","Spaarndam","Haarlemmermeer","Noord-Holland",false,52.412807,4.682895,"injury","2","clear",false,1,"GM0394"
"20230013587",2023,"Uitsluitend materiele schade",2,"Personenauto","Fiets","Flank","Rotonde",50,"Niet brandend","Daglicht","Droog",\N,\N,"Haarstraat","Rijssen","Rijssen-Holten","Overijssel",false,52.308893,6.511648,"material damage only","4","clear",false,1,"GM1742"
"20230017019",2023,"Letsel",2,"Fiets","Personenauto","Flank","Rotonde",50,"Brandend","Schemer","Regen",\N,\N,"Jan van Kuikweg","Heemskerk","Heemskerk","Noord-Holland",false,52.506294,4.67784,"injury","2","rain",false,1,"GM0396"
"20230022186",2023,"Letsel",2,"Personenauto","e-bike","Flank","Kruispunt, 4 takken",50,"Niet brandend","Daglicht","Droog",\N,\N,"Floresstraat","Oegstgeest","Oegstgeest","Zuid-Holland",false,52.178923,4.451971,"injury","2","clear",false,1,"GM0579"
"20230025125",2023,"Letsel",2,"Personenauto","Fiets","Flank","Rotonde",50,"Niet brandend","Daglicht","Droog",\N,\N,"Mozartlaan","Maassluis","Maassluis","Zuid-Holland",false,51.926723,4.246045,"injury","2","clear",false,1,"GM0556"
"20240030131",2024,"Letsel",1,"Fiets",\N,"Onbekend","Rechte weg",30,"Niet brandend","Daglicht","Droog",\N,"215294047","Prins Hendrikstraat","Gouda","Gouda","Zuid-Holland",false,52.010698,4.702076,"injury","2","clear",false,1,"GM0513"
"20230036895",2023,"Letsel",2,"Bromfiets","Fiets","Onbekend","Rechte weg",30,"Brandend","Duisternis","Droog",\N,"284318024","Soestdijkseweg Zuid","Bilthoven","De Bilt","Utrecht",false,52.121776,5.198621,"injury","2","clear",false,1,"GM0310"
"20230075706",2023,"Letsel",3,"Personenauto","Fiets","Onbekend","Rechte weg",30,"Niet brandend","Daglicht","Droog",\N,\N,"Zangvogelweg","Amersfoort","Amersfoort","Utrecht",false,52.160981,5.407091,"injury","2","clear",false,1,"GM0307"
"20230021671",2023,"Uitsluitend materiele schade",2,"Fiets","Bus","Flank","Rotonde",50,"Niet brandend","Daglicht","Droog",\N,\N,"Rijnsburgerweg","Leiden","Leiden","Zuid-Holland",false,52.170491,4.479708,"material damage only","4","clear",false,1,"GM0546"
"20240029909",2024,"Uitsluitend materiele schade",2,"Fiets","Fiets","Onbekend","Rechte weg",30,"Niet brandend","Daglicht","Droog",\N,"238370046","Valeriusplein","Amsterdam","Amsterdam","Noord-Holland",false,52.352996,4.86354,"material damage only","4","clear",false,1,"GM0363"
"20230069878",2023,"Letsel",1,"Fiets",\N,"Eenzijdig","Bocht",30,"Niet brandend","Daglicht","Droog","Brug/viaduct","185305109","Overwest","Zoetermeer","Zoetermeer","Zuid-Holland",false,52.060623,4.483191,"injury","2","clear",false,1,"GM0637"
"20230015415",2023,"Uitsluitend materiele schade",2,"Personenauto","Fiets","Flank","Rotonde",50,"Niet brandend","Daglicht","Droog",\N,\N,"Zuiderzee","Huizen","Huizen","Noord-Holland",false,52.300047,5.244404,"material damage only","4","clear",false,1,"GM0406"
"20230032022",2023,"Uitsluitend materiele schade",2,"Personenauto","Fiets","Flank","Kruispunt, 4 takken",50,"Brandend","Duisternis","Droog",\N,\N,"Oude Roderweg","Heerlen","Heerlen","Limburg",false,50.855567,5.995937,"material damage only","4","clear",false,1,"GM0917"
"20230069086",2023,"Letsel",2,"Personenauto","Fiets","Flank","Kruispunt, 3 takken",30,"Niet brandend","Daglicht","Droog",\N,\N,"Houtschans","Leiderdorp","Leiderdorp","Zuid-Holland",false,52.164713,4.526887,"injury","2","clear",false,1,"GM0547"
"20240030716",2024,"Uitsluitend materiele schade",2,"Fiets","Personenauto","Flank","Kruispunt, 4 takken",50,"Niet brandend","Daglicht","Droog",\N,\N,"Purmersteenweg","Purmerend","Purmerend","Noord-Holland",false,52.507213,4.954398,"material damage only","4","clear",false,1,"GM0439"
"20230077256",2023,"Uitsluitend materiele schade",2,"Trein/tram","Fiets","Flank","Kruispunt, 4 takken",50,"Niet brandend","Daglicht","Droog",\N,\N,"Rozenlaan","Rotterdam","Rotterdam","Zuid-Holland",false,51.945304,4.474295,"material damage only","4","clear",false,1,"GM0599"
"20230077257",2023,"Letsel",2,"Personenauto","Fiets","Flank","Rotonde",50,"Niet brandend","Daglicht","Droog",\N,\N,"Tobias Asserlaan","Bergschenhoek","Lansingerland","Zuid-Holland",false,51.982986,4.491444,"injury","2","clear",false,1,"GM1621"
"20230070754",2023,"Letsel",2,"Personenauto","Fiets","Frontaal","Kruispunt, 4 takken",50,"Niet brandend","Daglicht","Droog",\N,\N,"Neringweg","Oostburg","Sluis","Zeeland",false,51.334121,3.500873,"injury","2","clear",false,1,"GM1714"
"20230016561",2023,"Letsel",2,"Personenauto","Fiets","Onbekend","Kruispunt, 3 takken",30,"Niet brandend","Daglicht","Droog",\N,\N,"Van Zijstweg","Utrecht","Utrecht","Utrecht",false,52.084878,5.108514,"injury","2","clear",false,1,"GM0344"
"20230028622",2023,"Uitsluitend materiele schade",2,"Personenauto","Fiets","Kop/staart","Kruispunt, 4 takken",30,"Niet brandend","Daglicht","Droog",\N,\N,"Plantageweg","Alblasserdam","Alblasserdam","Zuid-Holland",false,51.861592,4.660091,"material damage only","4","clear",false,1,"GM0482"
"20230036478",2023,"Uitsluitend materiele schade",2,"Fiets","Fiets","Frontaal","Bocht",30,"Niet brandend","Daglicht","Droog",\N,"356451067","Achterhoekpad","Emmeloord","Noordoostpolder","Flevoland",false,52.716435,5.734485,"material damage only","4","clear",false,1,"GM0171"
"20230037042",2023,"Uitsluitend materiele schade",3,"Fiets","Personenauto","Onbekend","Rechte weg",50,"Niet aanwezig","Daglicht","Droog",\N,"232436040","Steigerdijk","Heerhugowaard","Dijk en Waard","Noord-Holland",false,52.648204,4.81641,"material damage only","4","clear",false,1,"GM1980"
"20240030767",2024,"Letsel",2,"Trein/tram","Fiets","Flank","Kruispunt, 4 takken",50,"Brandend","Duisternis","Droog",\N,\N,"Sarphatistraat","Amsterdam","Amsterdam","Noord-Holland",false,52.360188,4.903316,"injury","2","clear",false,1,"GM0363"
"20230078539",2023,"Letsel",2,"Personenauto","Fiets","Flank","Kruispunt, 4 takken",50,"Niet brandend","Daglicht","Droog","Brug/viaduct",\N,"Omloop","Boskoop","Alphen aan den Rijn","Zuid-Holland",false,52.070098,4.685564,"injury","2","clear",false,1,"GM0484"
"20240030980",2024,"Letsel",2,"Personenauto","Fiets","Flank","Rechte weg",30,"Niet brandend","Daglicht","Regen",\N,"226432059","Herenweg","Oudorp","Alkmaar","Noord-Holland",false,52.633658,4.774082,"injury","2","rain",false,1,"GM0361"
"20240025534",2024,"Uitsluitend materiele schade",2,"Personenauto","Fiets","Flank","Rechte weg",50,"Niet brandend","Daglicht","Droog",\N,"508346036","Hengelosestraat","Enschede","Enschede","Overijssel",false,52.239241,6.846727,"material damage only","4","clear",false,1,"GM0153"
"20230071612",2023,"Uitsluitend materiele schade",3,"Personenauto","Fiets","Onbekend","Kruispunt, 4 takken",50,"Niet brandend","Daglicht","Regen",\N,\N,"Plataanstraat","Venray","Venray","Limburg",false,51.518231,5.982484,"material damage only","4","rain",false,1,"GM0984"
"20230035069",2023,"Uitsluitend materiele schade",2,"Motor","Fiets","Frontaal","Kruispunt, 3 takken",60,"Niet brandend","Daglicht","Droog",\N,\N,"Loksheuvelseweg","Overasselt","Heumen","Gelderland",false,51.773972,5.807923,"material damage only","4","clear",false,1,"GM0252"
"20230036503",2023,"Uitsluitend materiele schade",2,"Personenauto","Fiets","Flank","Kruispunt, 4 takken",50,"Brandend","Duisternis","Droog",\N,\N,"Van Woustraat","Amsterdam","Amsterdam","Noord-Holland",false,52.35671,4.89977,"material damage only","4","clear",false,1,"GM0363"
"20230070460",2023,"Uitsluitend materiele schade",2,"e-bike","e-bike","Kop/staart","Kruispunt, 3 takken",30,"Niet brandend","Daglicht","Droog",\N,\N,"Tuinstraat","Tilburg","Tilburg","Noord-Brabant",false,51.55786,5.090541,"material damage only","4","clear",false,1,"GM0855"
"20230072165",2023,"Uitsluitend materiele schade",2,"Personenauto","Fiets","Kop/staart","Rechte weg",50,"Niet brandend","Daglicht","Droog",\N,"458452014","Tamboerlaan","Hoogeveen","Hoogeveen","Drenthe",false,52.716657,6.486335,"material damage only","4","clear",false,1,"GM0118"
"20230077942",2023,"Uitsluitend materiele schade",3,"Personenauto","Fiets","Onbekend","Kruispunt, 4 takken",50,"Niet brandend","Daglicht","Droog",\N,"600407396","Scheldestraat","Amsterdam","Amsterdam","Noord-Holland",false,52.347883,4.891224,"material damage only","4","clear",false,1,"GM0363"
"20230014944",2023,"Uitsluitend materiele schade",2,"Fiets","Personenauto","Flank","Rechte weg",50,"Niet brandend","Daglicht","Droog",\N,\N,"Nieuwekade","Leeuwarden","Leeuwarden","Friesland",false,53.202973,5.803121,"material damage only","4","clear",false,1,"GM0080"
"20230024123",2023,"Letsel",3,"Personenauto","Fiets","Onbekend","Kruispunt, 4 takken",50,"Niet aanwezig","Daglicht","Droog",\N,\N,"Hoofdweg","Hoofddorp","Haarlemmermeer","Noord-Holland",false,52.308977,4.697974,"injury","2","clear",false,1,"GM0394"
"20230029277",2023,"Letsel",2,"Personenauto","Fiets","Flank","Kruispunt, 3 takken",50,"Niet brandend","Daglicht","Droog",\N,\N,"Koopvaardijstraat","Tilburg","Tilburg","Noord-Brabant",false,51.553337,5.089983,"injury","2","clear",false,1,"GM0855"
"20230077868",2023,"Letsel",1,"Fiets",\N,"Eenzijdig","Bocht",60,"Niet brandend","Daglicht","Regen",\N,"600546227","FIETSPAD","Warmond","Teylingen","Zuid-Holland",false,52.215097,4.515353,"injury","2","rain",false,1,"GM1525"
"20230021853",2023,"Letsel",2,"Personenauto","Fiets","Flank","Rotonde",50,"Niet brandend","Daglicht","Droog",\N,\N,"Potgieterlaan","Voorburg","Leidschendam-Voorburg","Zuid-Holland",false,52.074837,4.350433,"injury","2","clear",false,1,"GM1916"
"20230024773",2023,"Letsel",2,"Fiets","Fiets","Frontaal","Rechte weg",50,"Brandend","Duisternis","Droog",\N,"600597402","Sint Maartensweg","Sint Maartensbrug","Schagen","Noord-Holland",false,52.782538,4.720095,"injury","2","clear",false,1,"GM0441"
"20230071513",2023,"Letsel",2,"Personenauto","Fiets","Onbekend","Kruispunt, 4 takken",60,"Niet brandend","Daglicht","Droog",\N,\N,"RAAMSDONK 34","Raamsdonksveer","Geertruidenberg","Noord-Brabant",false,51.683981,4.877544,"injury","2","clear",false,1,"GM0779"
"20230074304",2023,"Letsel",2,"Fiets","Fiets","Kop/staart","Rechte weg",50,"Niet brandend","Daglicht","Droog",\N,"600549311","FIETSPAD","Zaltbommel","Zaltbommel","Gelderland",false,51.796717,5.243466,"injury","2","clear",false,1,"GM0297"
"20230013257",2023,"Uitsluitend materiele schade",2,"Personenauto","e-bike","Flank","Rotonde",50,"Niet brandend","Daglicht","Regen",\N,\N,"Bornsestraat","Hengelo","Hengelo (O)","Overijssel",false,52.280452,6.778997,"material damage only","4","rain",false,1,\N
"20230020197",2023,"Letsel",1,"Fiets",\N,"Eenzijdig","Rechte weg",50,"Brandend","Duisternis","Droog",\N,\N,"Lammenschansplein","Leiden","Leiden","Zuid-Holland",false,52.141512,4.486392,"injury","2","clear",false,1,"GM0546"
"20230021326",2023,"Letsel",2,"Personenauto","Fiets","Flank","Rotonde",50,"Niet brandend","Daglicht","Regen",\N,\N,"Plesmanweg","'s-Gravenhage","'s-Gravenhage","Zuid-Holland",false,52.09946,4.301171,"injury","2","rain",false,1,"GM0518"
"20230071746",2023,"Letsel",2,"Fiets","Personenauto","Flank","Kruispunt, 4 takken",50,"Niet brandend","Daglicht","Regen",\N,\N,"Beethovenlaan","Drunen","Heusden","Noord-Brabant",false,51.680065,5.14559,"injury","2","rain",false,1,"GM0797"
"20230072482",2023,"Uitsluitend materiele schade",2,"Trekker","Fiets","Flank","Kruispunt, 4 takken",50,"Niet brandend","Daglicht","Droog",\N,\N,"Quickbornlaan","Epe","Epe","Gelderland",false,52.350426,5.981593,"material damage only","4","clear",false,1,"GM0232"
"20230076299",2023,"Letsel",2,"Personenauto","Fiets","Flank","Kruispunt, 3 takken",30,"Niet brandend","Daglicht","Droog",\N,\N,"Amazonedreef","Utrecht","Utrecht","Utrecht",false,52.120452,5.099136,"injury","2","clear",false,1,"GM0344"
"20230076411",2023,"Letsel",1,"Fiets",\N,"Eenzijdig","Kruispunt, 4 takken",30,"Niet brandend","Duisternis","Droog",\N,\N,"WAGENAARSBRUG","Alkmaar","Alkmaar","Noord-Holland",false,52.631026,4.743428,"injury","2","clear",false,1,"GM0361"
"20230076467",2023,"Uitsluitend materiele schade",2,"Personenauto","Fiets","Flank","Kruispunt, 4 takken",50,"Niet brandend","Daglicht","Droog",\N,\N,"Gijsbrecht van Amstelstr","Hilversum","Hilversum","Noord-Holland",false,52.220042,5.152342,"material damage only","4","clear",false,1,"GM0402"
"20230076476",2023,"Uitsluitend materiele schade",2,"Personenauto","Fiets","Onbekend","Kruispunt, 4 takken",50,"Niet brandend","Daglicht","Droog",\N,\N,"César Franckstraat","Almelo","Almelo","Overijssel",false,52.361561,6.645092,"material damage only","4","clear",false,1,"GM0141"
"20240026555",2024,"Uitsluitend materiele schade",2,"Personenauto","Fiets","Flank","Kruispunt, 3 takken",60,"Niet brandend","Daglicht","Regen",\N,\N,"Paltheweg","Nieuwleusen","Dalfsen","Overijssel",false,52.591453,6.291623,"material damage only","4","rain",false,1,"GM0148"
"20230023608",2023,"Letsel",1,"Fiets",\N,"Eenzijdig","Kruispunt, 4 takken",30,"Niet brandend","Daglicht","Droog",\N,\N,"Bloemendaalseweg","Gouda","Gouda","Zuid-Holland",false,52.027793,4.701621,"injury","2","clear",false,1,"GM0513"
"20230026518",2023,"Uitsluitend materiele schade",2,"Personenauto","Fiets","Flank","Kruispunt, 4 takken",50,"Niet brandend","Duisternis","Droog",\N,\N,"Pleinweg","Rotterdam","Rotterdam","Zuid-Holland",false,51.889548,4.488536,"material damage only","4","clear",false,1,"GM0599"
"20230029985",2023,"Uitsluitend materiele schade",2,"Bromfiets","Fiets","Onbekend","Rechte weg",\N,"Niet brandend","Daglicht","Droog",\N,"600911167","Papsouwselaan","Delft","Delft","Zuid-Holland",false,52.001001,4.354188,"material damage only","4","clear",false,1,"GM0503"
"20230075782",2023,"Letsel",2,"Personenauto","e-bike","Flank","Kruispunt, 3 takken",50,"Niet brandend","Daglicht","Droog",\N,\N,"Zonnebloemlaan","Aerdenhout","Bloemendaal","Noord-Holland",false,52.36011,4.602918,"injury","2","clear",false,1,"GM0377"