"accident_id","year","severity_raw","party_count","party1_type","party2_type","accident_type","road_situation","speed_limit_kmh","road_lighting","light_condition_label","weather_raw","infra_type","road_segment_id","street_name","place_name","gemeente_name_raw","province","alcohol_indicated","latitude","longitude","severity_label","severity_code","weather_label","built_up_area","cyclists_involved","gemeente_code"
"20230077506",2023,"Letsel",2,"Fiets","Fiets","Flank","Kruispunt, 3 takken",60,"Niet brandend","Daglicht","Droog",\N,\N,"Dorpsstraat","Berkenwoude","Krimpenerwaard","Zuid-Holland",false,51.94455,4.710096,"injury","2","clear",false,1,"GM1931"
"20230077913",2023,"Uitsluitend materiele schade",2,"Snorfiets","Fiets","Frontaal","Kruispunt, 3 takken",30,"Niet brandend","Daglicht","Droog",\N,\N,"Nieuwe Duinweg","Katwijk","Katwijk","Zuid-Holland",false,52.194922,4.418785,"material damage only","4","clear",false,1,"GM0537"
"20230021378",2023,"Uitsluitend materiele schade",2,"Personenauto","Fiets","Onbekend","Rechte weg",30,"Niet brandend","Daglicht","Regen",\N,"600379377","Fischerstraat","'s-Gravenhage","'s-Gravenhage","Zuid-Holland",false,52.063766,4.297506,"material damage only","4","rain",false,1,"GM0518"
"20230067604",2023,"Letsel",2,"Bromfiets","Fiets","Flank","Rechte weg",30,"Niet brandend","Daglicht","Droog",\N,"274312118","Biltstraat","Utrecht","Utrecht","Utrecht",false,52.095358,5.132022,"injury","2","clear",false,1,"GM0344"
"20230024052",2023,"Letsel",1,"Fiets",\N,"Eenzijdig","Rechte weg",50,"Niet brandend","Daglicht","Droog",\N,"157309140","Edisonstraat","'s-Gravenhage","'s-Gravenhage","Zuid-Holland",false,52.076125,4.274168,"injury","2","clear",false,1,"GM0518"
"20240081259",2024,"Letsel",2,"Personenauto","Fiets","Onbekend","Kruispunt, 3 takken",30,"Niet brandend","Daglicht","Droog",\N,\N,"Assumburg","Alphen aan den Rijn","Alphen aan den Rijn","Zuid-Holland",false,52.149091,4.67556,"injury","2","clear",false,1,"GM0484"
"20240041851",2024,"Uitsluitend materiele schade",3,"Bestelauto","Fiets","Flank","Kruispunt, 3 takken",50,\N,"Daglicht","Droog",\N,\N,"Abram van Rijckevorselwg","Capelle aan den IJssel","Capelle aan den IJssel","Zuid-Holland",false,51.93814,4.592037,"material damage only","4","clear",false,1,"GM0502"
"20240051414",2024,"Letsel",2,\N,"Fiets","Flank","Kruispunt, 4 takken",30,"Niet brandend","Daglicht","Droog",\N,\N,"Vespuccistraat","Amsterdam","Amsterdam","Noord-Holland",false,52.373349,4.852408,"injury","2","clear",false,1,"GM0363"
"20240040462",2024,"Letsel",1,"Fiets",\N,"Onbekend","Rechte weg",50,\N,"Daglicht",\N,\N,"154295076","Fuut","Kwintsheul","Westland","Zuid-Holland",false,52.012365,4.255268,"injury","2","unknown",false,1,"GM1783"
"20240041908",2024,"Letsel",2,"Fiets","Fiets","Flank","Bocht",50,"Niet aanwezig","Daglicht","Droog",\N,"600534031","Polredijk","Veere","Veere","Zeeland",false,51.55765,3.64724,"injury","2","clear",false,1,"GM0717"
"20240047746",2024,"Letsel",2,"Fiets","Fiets","Geparkeerd voertuig","Rechte weg",30,"Niet brandend","Daglicht","Droog",\N,"600516683","Burg D Kooimanweg","Purmerend","Purmerend","Noord-Holland",false,52.514484,4.956816,"injury","2","clear",false,1,"GM0439"
"20240047176",2024,"Uitsluitend materiele schade",2,"Fiets","Fiets","Flank","Rechte weg",30,"Niet brandend","Daglicht","Droog",\N,"408406023","Tesselschadestraat","Zwolle","Zwolle","Overijssel",false,52.516545,6.114174,"material damage only","4","clear",false,1,"GM0193"
"20240050866",2024,"Letsel",2,"Fiets","Overig vast object","Vast voorwerp","Bocht",30,"Brandend","Duisternis","Droog",\N,"278454019","Slotlaan","Wervershoof","Medemblik","Noord-Holland",false,52.734266,5.153199,"injury","2","clear",false,1,"GM0420"
"20240050880",2024,"Uitsluitend materiele schade",2,"Fiets",\N,"Flank","Kruispunt, 4 takken",30,"Niet brandend","Daglicht","Droog",\N,\N,"Nagtzaamstraat","Haarlem","Haarlem","Noord-Holland",false,52.380244,4.651411,"material damage only","4","clear",false,1,"GM0392"
"20240072279",2024,"Letsel",2,"Bestelauto","Fiets","Onbekend","Rechte weg",30,"Niet brandend","Daglicht","Droog",\N,"600112790","Herenweg","Warmond","Teylingen","Zuid-Holland",false,52.19442,4.49899,"injury","2","clear",false,1,"GM1525"
"20240076342",2024,"Letsel",2,"Fiets","Motor","Flank","Rechte weg",80,"Niet brandend","Daglicht","Droog",\N,"540522026","Weenderstraat","Vlagtwedde","Westerwolde","Groningen",false,53.021435,7.110164,"injury","2","clear",false,1,"GM1950"
"20240032226",2024,"Letsel",2,"Bromfiets","Fiets","Flank","Kruispunt, 4 takken",50,"Niet brandend","Daglicht","Droog",\N,\N,"Hordenpad","Hellevoetsluis","Voorne aan Zee","Zuid-Holland",false,51.836974,4.14326,"injury","2","clear",false,1,"GM1992"
"20240040532",2024,"Letsel",1,"Fiets",\N,"Onbekend","Rechte weg",60,"Niet brandend","Daglicht","Droog",\N,"185346005","Leeweg","Noordwijkerhout","Noordwijk","Zuid-Holland",false,52.2459,4.479794,"injury","2","clear",false,1,"GM0575"
"20240040556",2024,"Letsel",2,"Fiets","Voetganger","Voetganger","Rechte weg",30,"Niet brandend","Daglicht","Droog",\N,"600378853","De Gaarde","'s-Gravenhage","'s-Gravenhage","Zuid-Holland",false,52.036954,4.26775,"injury","2","clear",false,1,"GM0518"
"20240077105",2024,"Letsel",1,"Fiets",\N,"Onbekend","Rechte weg",30,"Niet brandend","Daglicht","Droog",\N,"273311045","Oudegracht","Utrecht","Utrecht","Utrecht",false,52.091836,5.118661,"injury","2","clear",false,1,"GM0344"
"20240038399",2024,"Letsel",2,"Motor","Fiets","Flank","Kruispunt, 4 takken",30,"Niet brandend","Daglicht","Droog",\N,\N,"Voorburggracht","Zuid-Scharwoude","Dijk en Waard","Noord-Holland",false,52.688298,4.808802,"injury","2","clear",false,1,"GM1980"
"20240041498",2024,"Letsel",1,"Fiets",\N,"Onbekend",\N,30,\N,"Duisternis",\N,\N,"600380217","Badhuisplein","Zandvoort","Zandvoort","Noord-Holland",false,52.372512,4.526172,"injury","2","unknown",false,1,"GM0473"
"20240048019",2024,"Uitsluitend materiele schade",2,"Fiets","Personenauto","Los voorwerp","Kruispunt, 4 takken",30,"Niet brandend","Daglicht","Droog",\N,\N,"Amsterdamweg","Almere","Almere","Flevoland",false,52.36899,5.206538,"material damage only","4","clear",false,1,"GM0034"
"20240036834",2024,"Letsel",1,"Fiets",\N,"Eenzijdig","Kruispunt, 4 takken",60,"Niet brandend","Daglicht","Droog",\N,\N,"Bornsestraat","Ambt Delden","Hof van Twente","Overijssel",false,52.281035,6.728408,"injury","2","clear",false,1,"GM1735"
"20240072504",2024,"Uitsluitend materiele schade",2,"Fiets","Overig vast object","Vast voorwerp","Rechte weg",30,"Niet brandend","Daglicht","Droog",\N,"398170011","St. Jansstraat","Meterik","Horst aan de Maas","Limburg",false,51.455603,6.026798,"material damage only","4","clear",false,1,"GM1507"
"20240033142",2024,"Uitsluitend materiele schade",2,"Brommobiel","Fiets","Flank","Rechte weg",30,"Brandend","Daglicht","Regen",\N,"191280032","Terbregseweg","Rotterdam","Rotterdam","Zuid-Holland",false,51.947908,4.526553,"material damage only","4","rain",false,1,"GM0599"
"20240048070",2024,"Uitsluitend materiele schade",2,"Personenauto","Fiets","Flank","Kruispunt, 4 takken",30,"Niet aanwezig","Daglicht","Regen",\N,\N,"Middachtenlaan","Almere","Almere","Flevoland",false,52.391963,5.272446,"material damage only","4","rain",false,1,"GM0034"
"20240079947",2024,"Letsel",2,"Fiets","Overig vast object","Vast voorwerp","Rechte weg",50,"Niet brandend","Daglicht","Droog",\N,"239478063","Molenweg","Wieringerwaard","Hollands Kroon","Noord-Holland",false,52.839827,4.861194,"injury","2","clear",false,1,"GM1911"
"20240176232",2024,"Uitsluitend materiele schade",2,"Personenauto","Fiets","Flank","Kruispunt, 3 takken",50,\N,"Schemer",\N,\N,\N,"Keern","Zwaag","Hoorn","Noord-Holland",false,52.664468,5.040427,"material damage only","4","unknown",false,1,"GM0405"
"20240033823",2024,"Uitsluitend materiele schade",3,"Personenauto","Fiets","Vast voorwerp","Rechte weg",30,"Brandend","Duisternis","Droog",\N,"356156025","Cipres","Someren","Someren","Noord-Brabant",false,51.39235,5.7201,"material damage only","4","clear",false,1,"GM0847"
"20240176250",2024,"Letsel",2,"Personenauto","Fiets","Flank","Rotonde",50,"Niet brandend","Daglicht","Regen",\N,\N,"Heinsbergerweg","Posterholt","Roerdalen","Limburg",false,51.117977,6.037242,"injury","2","rain",false,1,"GM1669"
"20240051262",2024,"Uitsluitend materiele schade",2,"Personenauto","Fiets","Kop/staart","Rechte weg",30,"Brandend","Duisternis","Droog",\N,"241372099","Weteringschans","Amsterdam","Amsterdam","Noord-Holland",false,52.361325,4.88681,"material damage only","4","clear",false,1,"GM0363"
"20240081133",2024,"Letsel",2,"Personenauto","Fiets","Onbekend","Rotonde",50,\N,"Daglicht",\N,\N,\N,"Michelangelostraat","Rotterdam","Rotterdam","Zuid-Holland",false,51.934997,4.553235,"injury","2","unknown",false,1,"GM0599"
"20240033300",2024,"Uitsluitend materiele schade",2,"Personenauto","Fiets","Flank","Rotonde",50,"Niet brandend","Daglicht","Regen",\N,\N,"Terhoevenderweg","Heerlen","Heerlen","Limburg",false,50.89723,5.947836,"material damage only","4","rain",false,1,"GM0917"
"20240037005",2024,"Uitsluitend materiele schade",2,"Personenauto","Fiets","Onbekend","Kruispunt, 4 takken",50,"Niet brandend","Daglicht","Droog",\N,\N,"Julianalaan","Hengelo","Hengelo (O)","Overijssel",false,52.260785,6.78139,"material damage only","4","clear",false,1,\N
"20240038628",2024,"Letsel",3,"Fiets",\N,"Vast voorwerp","Rechte weg",30,"Niet brandend","Daglicht",\N,\N,\N,"De Gekroonde El","Amersfoort","Amersfoort","Utrecht",false,52.195857,5.381527,"injury","2","unknown",false,1,"GM0307"
"20240040299",2024,"Letsel",1,"Fiets",\N,"Eenzijdig","Rechte weg",30,"Niet aanwezig","Daglicht","Droog",\N,"600595515","Fietspad Langeveld","Noordwijk","Noordwijk","Zuid-Holland",false,52.28591,4.48835,"injury","2","clear",false,1,"GM0575"
"20240047589",2024,"Letsel",2,"Bromfiets","Fiets","Frontaal","Bocht",50,"Niet aanwezig","Daglicht","Droog",\N,"600532400","Bedumerweg","Sint Annen","Groningen","Groningen",false,53.300873,6.657005,"injury","2","clear",false,1,"GM0014"
"20240072071",2024,"Letsel",2,"Personenauto","Fiets","Flank","Rotonde",50,\N,"Daglicht","Droog",\N,\N,"Heulweg","Wateringen","Westland","Zuid-Holland",false,52.023263,4.273185,"injury","2","clear",false,1,"GM1783"
"20240076766",2024,"Uitsluitend materiele schade",2,"Personenauto","e-bike","Flank","Kruispunt, 4 takken",50,"Niet brandend","Daglicht","Droog",\N,\N,"Kroostweg","Zeist","Zeist","Utrecht",false,52.08759,5.227515,"material damage only","4","clear",false,1,"GM0355"
"20240081154",2024,"Letsel",2,"Personenauto","Fiets","Flank","Kruispunt, 4 takken",50,"Niet brandend","Daglicht","Droog",\N,\N,"Haagse Schouwweg","Leiden","Leiden","Zuid-Holland",false,52.158796,4.449657,"injury","2","clear",false,1,"GM0546"
"20240033341",2024,"Uitsluitend materiele schade",2,"Bestelauto","Fiets","Flank","Kruispunt, 3 takken",50,"Niet brandend","Daglicht","Droog",\N,\N,"De Schakel","Eindhoven","Eindhoven","Noord-Brabant",false,51.470081,5.413281,"material damage only","4","clear",false,1,"GM0772"
"20230092834",2023,"Uitsluitend materiele schade",3,"Personenauto","Fiets","Onbekend","Kruispunt, 4 takken",50,"Niet brandend","Daglicht","Droog",\N,\N,"Noordbargerstraat","Emmen","Emmen","Drenthe",false,52.775348,6.892768,"material damage only","4","clear",false,1,"GM0114"
"20230096272",2023,"Letsel",3,"Bromfiets","Fiets","Frontaal","Rechte weg",50,"Brandend","Duisternis","Droog",\N,"272303024","De Liesbosch","Nieuwegein","Nieuwegein","Utrecht",true,52.053996,5.111453,"injury","2","clear",false,1,"GM0356"
"20230099566",2023,"Uitsluitend materiele schade",2,"Bestelauto","Fiets","Flank","Rotonde",50,"Niet brandend","Daglicht","Regen",\N,\N,"Louise de Colignylaan","Goes","Goes","Zeeland",false,51.509244,3.902221,"material damage only","4","rain",false,1,"GM0664"
"20230079956",2023,"Letsel",3,"Personenauto","Fiets","Onbekend","Kruispunt, 4 takken",50,"Niet brandend","Daglicht","Droog",\N,\N,"Nieuwemeer","Rotterdam","Rotterdam","Zuid-Holland",false,51.964545,4.573602,"injury","2","clear",false,1,"GM0599"
"20230086356",2023,"Uitsluitend materiele schade",2,"Fiets","Scootmobiel","Frontaal","Rechte weg",50,"Niet brandend","Daglicht","Droog",\N,"600379496","Parallelweg","'s-Gravenhage","'s-Gravenhage","Zuid-Holland",false,52.06319,4.311257,"material damage only","4","clear",false,1,"GM0518"
"20230086952",2023,"Letsel",1,"Fiets",\N,"Eenzijdig","Rechte weg",30,"Brandend","Schemer","Droog",\N,"217478021","Van Brederodestraat","Callantsoog","Schagen","Noord-Holland",false,52.836293,4.702405,"injury","2","clear",false,1,"GM0441"
"20230103021",2023,"Letsel",2,"Fiets","Personenauto","Flank","Kruispunt, 4 takken",30,"Brandend","Duisternis","Regen",\N,\N,"Vigelandstraat","'s-Gravenhage","'s-Gravenhage","Zuid-Holland",false,52.030076,4.282125,"injury","2","rain",false,1,"GM0518"
"20230082368",2023,"Letsel",2,"Personenauto","Fiets","Kop/staart","Kruispunt, 3 takken",30,"Niet aanwezig","Daglicht","Droog",\N,\N,"Christiaan Sterckstraat","Maastricht","Maastricht","Limburg",false,50.855168,5.669557,"injury","2","clear",false,1,"GM0935"
"20230082950",2023,"Uitsluitend materiele schade",2,"Personenauto","Fiets","Flank","Kruispunt, 4 takken",50,"Niet brandend","Daglicht","Droog",\N,\N,"Gazellestraat","Apeldoorn","Apeldoorn","Gelderland",false,52.232479,5.956993,"material damage only","4","clear",false,1,"GM0200"
"20230087555",2023,"Letsel",2,"Fiets","Fiets","Frontaal","Rechte weg",\N,"Niet brandend","Daglicht","Droog",\N,"231377026","Brettenpad","Amsterdam","Amsterdam","Noord-Holland",false,52.386453,4.810065,"injury","2","clear",false,1,"GM0363"
"20230099651",2023,"Uitsluitend materiele schade",2,"Personenauto","Fiets","Flank","Rotonde",50,"Niet brandend","Daglicht","Droog",\N,\N,"Koninginnelaan","Roermond","Roermond","Limburg",false,51.184273,6.000799,"material damage only","4","clear",false,1,"GM0957"
"20230105795",2023,"Letsel",2,"Personenauto","Fiets","Flank","Kruispunt, 3 takken",50,"Brandend","Duisternis","Regen",\N,\N,"Klokkengat","Aalten","Aalten","Gelderland",false,51.929394,6.581887,"injury","2","rain",false,1,"GM0197"
"20230079446",2023,"Uitsluitend materiele schade",2,"Personenauto","Fiets","Flank","Rotonde",50,"Niet brandend","Daglicht","Droog",\N,\N,"Juliana de Lannoylaan","Waalre","Waalre","Noord-Brabant",false,51.40062,5.465272,"material damage only","4","clear",false,1,"GM0866"
"20230085287",2023,"Uitsluitend materiele schade",3,"Personenauto","Fiets","Flank","Kruispunt, 4 takken",50,"Niet brandend","Daglicht","Droog",\N,\N,"Rio Negrodreef","Utrecht","Utrecht","Utrecht",false,52.118811,5.104838,"material damage only","4","clear",false,1,"GM0344"
"20230089962",2023,"Uitsluitend materiele schade",2,"Fiets","Fiets","Onbekend","Rotonde",30,"Niet brandend","Daglicht","Droog",\N,\N,"Graaf Florisrotonde","Gouda","Gouda","Zuid-Holland",false,52.018713,4.71946,"material damage only","4","clear",false,1,"GM0513"
"20230094064",2023,"Uitsluitend materiele schade",2,"Snorfiets","Fiets","Kop/staart","Rechte weg",50,"Brandend","Duisternis","Regen",\N,"600810921","Burgemeester Kuntzelaan","Barneveld","Barneveld","Gelderland",false,52.138344,5.590162,"material damage only","4","rain",false,1,"GM0203"
"20230102137",2023,"Letsel",3,"Bromfiets","Fiets","Onbekend","Kruispunt, 4 takken",30,"Niet brandend","Daglicht","Droog",\N,\N,"Raoul Wallenbergstraat","'s-Gravenhage","'s-Gravenhage","Zuid-Holland",false,52.059612,4.263231,"injury","2","clear",false,1,"GM0518"
"20230103657",2023,"Letsel",2,"Personenauto","Fiets","Flank","Rotonde",50,"Niet brandend","Daglicht","Droog",\N,\N,"Sweelincklaan","Barendrecht","Barendrecht","Zuid-Holland",false,51.848358,4.520286,"injury","2","clear",false,1,"GM0489"
"20230080052",2023,"Uitsluitend materiele schade",2,"Personenauto","Fiets","Flank","Kruispunt, 4 takken",50,"Niet brandend","Daglicht","Droog",\N,\N,"Wethouder Ebbenlaan","Helmond","Helmond","Noord-Brabant",false,51.484063,5.675763,"material damage only","4","clear",false,1,"GM0794"
"20230086495",2023,"Letsel",2,"Fiets","Bestelauto","Flank","Kruispunt, 3 takken",50,"Niet brandend","Daglicht","Droog",\N,\N,"Voorthuizenstraat","'s-Gravenhage","'s-Gravenhage","Zuid-Holland",false,52.065903,4.280861,"injury","2","clear",false,1,"GM0518"
"20230089419",2023,"Letsel",2,"Fiets","e-bike","Frontaal","Kruispunt, 4 takken",30,"Niet brandend","Daglicht","Droog",\N,\N,"Eisenhowerlaan","Alphen aan den Rijn","Alphen aan den Rijn","Zuid-Holland",false,52.146069,4.658014,"injury","2","clear",false,1,"GM0484"
"20230096997",2023,"Letsel",2,"Fiets","Voetganger","Voetganger","Kruispunt, 4 takken",30,"Niet brandend","Daglicht","Regen",\N,\N,"Andries Copierstraat","Amsterdam","Amsterdam","Noord-Holland",false,52.367147,4.836482,"injury","2","rain",false,1,"GM0363"
"20230097016",2023,"Letsel",2,"Personenauto","Fiets","Frontaal","Rechte weg",30,"Niet brandend","Daglicht","Droog",\N,"600747326","Kruisweg","Hoofddorp","Haarlemmermeer","Noord-Holland",false,52.307609,4.68926,"injury","2","clear",false,1,"GM0394"
"20230083624",2023,"Uitsluitend materiele schade",1,"Fiets",\N,"Kop/staart","Rechte weg",30,"Niet brandend","Daglicht","Regen",\N,"466565036","Nieuwe Ebbingestraat","Groningen","Groningen","Groningen",false,53.224672,6.562468,"material damage only","4","rain",false,1,"GM0014"
"20230098223",2023,"Letsel",2,"Personenauto","Fiets","Onbekend","Rotonde",50,"Brandend","Duisternis","Droog",\N,\N,"FIETSPAD","Heemskerk","Heemskerk","Noord-Holland",false,52.501184,4.656254,"injury","2","clear",false,1,"GM0396"
"20230099941",2023,"Uitsluitend materiele schade",2,"Personenauto","Fiets","Flank","Rotonde",50,"Brandend","Duisternis","Droog",\N,\N,"Burg Freijterslaan","Roosendaal","Roosendaal","Noord-Brabant",false,51.532994,4.446956,"material damage only","4","clear",false,1,"GM1674"
"20230100144",2023,"Uitsluitend materiele schade",2,"Bromfiets","Fiets","Frontaal","Rechte weg",30,"Niet brandend","Daglicht","Regen",\N,"600941791","Kruisstraat","Eindhoven","Eindhoven","Noord-Brabant",false,51.449512,5.473964,"material damage only","4","rain",false,1,"GM0772"
"20230103185",2023,"Letsel",2,"Personenauto","Fiets","Flank","Kruispunt, 3 takken",50,"Niet brandend","Daglicht","Droog",\N,\N,"Bilderdijkstraat","Zwijndrecht","Zwijndrecht","Zuid-Holland",false,51.810318,4.644651,"injury","2","clear",false,1,"GM0642"
"20230105596",2023,"Letsel",2,"Fiets","Fiets","Frontaal","Rechte weg",50,"Brandend","Duisternis","Droog",\N,"511342023","Hendrik ter Kuilestraat","Enschede","Enschede","Overijssel",false,52.220554,6.865432,"injury","2","clear",false,1,"GM0153"
"20230080708",2023,"Letsel",2,"Landbouwvoertuig","Fiets","Flank","Kruispunt, 4 takken",60,"Niet brandend","Daglicht","Droog",\N,\N,"Sambeeksedijk","Sint Anthonis","Land van Cuijk","Noord-Brabant",false,51.619182,5.899579,"injury","2","clear",false,1,"GM1982"
"20230083065",2023,"Uitsluitend materiele schade",2,"Snorfiets","Fiets","Kop/staart","Bocht",30,"Niet brandend","Daglicht","Droog",\N,"600842397","Zuidelijke Parallelweg","Westervoort","Westervoort","Gelderland",false,51.959865,5.973135,"material damage only","4","clear",false,1,"GM0293"
"20230098269",2023,"Letsel",1,"Fiets",\N,"Geparkeerd voertuig","Rechte weg",30,"Brandend","Duisternis","Regen","Parkeervoorziening","600759727","Klipperstraat","Zaandam","Zaanstad","Noord-Holland",false,52.442587,4.850302,"injury","2","rain",false,1,"GM0479"
"20230100727",2023,"Uitsluitend materiele schade",2,"Fiets","Fiets","Voetganger","Rechte weg",\N,"Niet brandend","Daglicht","Droog",\N,"600814164","Dijkstraat","Beek en Donk","Laarbeek","Noord-Brabant",true,51.530235,5.64098,"material damage only","4","clear",false,1,"GM1659"
"20230081337",2023,"Letsel",2,"Bestelauto","Fiets","Flank","Kruispunt, 4 takken",50,"Brandend","Duisternis","Droog",\N,\N,"Frederik van Eedenstraat","Terneuzen","Terneuzen","Zeeland",false,51.32508,3.841007,"injury","2","clear",false,1,"GM0715"
"20230087153",2023,"Letsel",1,"Fiets",\N,"Eenzijdig","Rechte weg",30,"Niet brandend","Duisternis","Harde windstoten",\N,"601016004","Scheveningseweg","'s-Gravenhage","'s-Gravenhage","Zuid-Holland",false,52.091576,4.291962,"injury","2","unknown",false,1,"GM0518"
"20230088937",2023,"Letsel",2,"e-bike","e-bike","Frontaal","Rotonde",30,"Niet brandend","Daglicht","Droog",\N,\N,"Nootdorpseweg","Pijnacker","Pijnacker-Nootdorp","Zuid-Holland",false,52.018602,4.427911,"injury","2","clear",false,1,"GM1926"
"20230102295",2023,"Letsel",2,"Fiets","Bromfiets","Kop/staart","Rechte weg",50,"Niet brandend","Daglicht","Droog",\N,"167292074","Componistenpad","Delft","Delft","Zuid-Holland",false,51.997625,4.348072,"injury","2","clear",false,1,"GM0503"
"20230084326",2023,"Letsel",2,"Personenauto","Fiets","Flank","Rotonde",50,"Brandend","Duisternis","Droog",\N,\N,"Van Boetzelaerlaan","Hoogland","Amersfoort","Utrecht",false,52.181681,5.371803,"injury","2","clear",false,1,"GM0307"
"20230088395",2023,"Letsel",2,"Personenauto","Fiets","Flank","Kruispunt, 4 takken",50,"Niet brandend","Daglicht","Droog",\N,\N,"Valckenisseweg","Rilland","Reimerswaal","Zeeland",false,51.415917,4.183128,"injury","2","clear",false,1,"GM0703"
"20230088958",2023,"Uitsluitend materiele schade",2,"Bestelauto","Fiets","Flank","Kruispunt, 4 takken",30,"Niet brandend","Daglicht","Droog",\N,\N,"Prins Bernhardstraat","Arkel","Molenlanden","Zuid-Holland",false,51.865169,4.998472,"material damage only","4","clear",false,1,"GM1978"
"20230094843",2023,"Letsel",2,"Personenauto","Fiets","Flank","Kruispunt, 4 takken",30,"Niet brandend","Daglicht","Droog",\N,\N,"Pleijendal","Dalfsen","Dalfsen","Overijssel",false,52.506757,6.258708,"injury","2","clear",false,1,"GM0148"
"20230081413",2023,"Letsel",2,"Personenauto","Fiets","Frontaal","Kruispunt, 4 takken",50,"Niet brandend","Daglicht","Regen",\N,\N,"Schroeweg","Middelburg","Middelburg","Zeeland",false,51.48409,3.625057,"injury","2","rain",false,1,\N
"20230090172",2023,"Letsel",2,"Bromfiets","Fiets","Frontaal","Bocht",50,"Brandend","Duisternis","Droog",\N,"161304076","Hildebrandplein","'s-Gravenhage","'s-Gravenhage","Zuid-Holland",false,52.054997,4.308773,"injury","2","clear",false,1,"GM0518"
"20230096028",2023,"Uitsluitend materiele schade",2,"Personenauto","Fiets","Frontaal","Kruispunt, 4 takken",30,"Brandend","Schemer","Regen",\N,\N,"Kanaalstraat","Utrecht","Utrecht","Utrecht",false,52.091618,5.103642,"material damage only","4","rain",false,1,"GM0344"
"20230101943",2023,"Letsel",2,"Personenauto","e-bike","Flank","Rechte weg",80,"Brandend","Duisternis","Regen",\N,\N,"Breekade","Krimpen aan de Lek","Krimpenerwaard","Zuid-Holland",false,51.900249,4.641522,"injury","2","rain",false,1,"GM1931"
"20230086687",2023,"Letsel",1,"Fiets",\N,"Eenzijdig","Rechte weg",30,"Brandend","Schemer","Droog",\N,"600105413","Laan van Meerdervoort","'s-Gravenhage","'s-Gravenhage","Zuid-Holland",false,52.070943,4.25537,"injury","2","clear",false,1,"GM0518"
"20230086710",2023,"Letsel",2,"e-bike","e-bike","Flank","Kruispunt, 3 takken",15,"Niet brandend","Daglicht","Droog",\N,\N,"FIETSPAD","Zoetermeer","Zoetermeer","Zuid-Holland",false,52.073222,4.505498,"injury","2","clear",false,1,"GM0637"
"20230102394",2023,"Letsel",2,"Personenauto","Fiets","Flank","Rotonde",50,"Niet brandend","Daglicht","Droog",\N,\N,"Olof Palmelaan","Zoetermeer","Zoetermeer","Zuid-Holland",false,52.05521,4.548057,"injury","2","clear",false,1,"GM0637"
"20230107461",2023,"Uitsluitend materiele schade",2,"Personenauto","Fiets","Flank","Rotonde",50,"Brandend","Schemer","Regen",\N,\N,"Vastenavondkampstraat","Venlo","Venlo","Limburg",false,51.370448,6.143244,"material damage only","4","rain",false,1,"GM0983"
"20230080324",2023,"Letsel",2,"Motor","Fiets","Flank","Rechte weg",60,"Niet brandend","Daglicht","Droog",\N,"137228002","Battenoordsedijk","Nieuwe-Tonge","Goeree-Overflakkee","Zuid-Holland",false,51.708104,4.146933,"injury","2","clear",false,1,"GM1924"
"20230086719",2023,"Uitsluitend materiele schade",2,"Bromfiets","Fiets","Flank","Kruispunt, 4 takken",30,"Brandend","Duisternis","Droog",\N,"160309041","Noordwal","'s-Gravenhage","'s-Gravenhage","Zuid-Holland",false,52.077523,4.297755,"material damage only","4","clear",false,1,"GM0518"
"20230087921",2023,"Letsel",2,"Personenauto","Fiets","Flank","Kruispunt, 4 takken",30,"Niet brandend","Daglicht","Droog",\N,\N,"Fuchsiastraat","Badhoevedorp","Haarlemmermeer","Noord-Holland",false,52.345923,4.770261,"injury","2","clear",false,1,"GM0394"
"20230090884",2023,"Letsel",2,"Personenauto","Fiets","Frontaal","Kruispunt, 4 takken",50,"Niet brandend","Daglicht","Droog",\N,\N,"Bruistensingel","'s-Hertogenbosch","'s-Hertogenbosch","Noord-Brabant",false,51.701575,5.319006,"injury","2","clear",false,1,"GM0796"
"20230092650",2023,"Letsel",3,"Bromfiets","Fiets","Flank","Kruispunt, 3 takken",30,"Niet brandend","Daglicht","Droog",\N,\N,"Florastraat","Bergen op Zoom","Bergen op Zoom","Noord-Brabant",false,51.502931,4.279479,"injury","2","clear",false,1,"GM0748"
"20230092654",2023,"Letsel",2,"Personenauto","Fiets","Flank","Kruispunt, 4 takken",50,"Niet brandend","Daglicht","Droog",\N,\N,"Wolfskamerweg","Vught","Vught","Noord-Brabant",false,51.643257,5.290009,"injury","2","clear",false,1,"GM0865"
"20230096697",2023,"Uitsluitend materiele schade",2,"Personenauto","Fiets","Flank","Kruispunt, 4 takken",50,"Brandend","Duisternis","Droog",\N,\N,"Jan Vermeerstraat","Zutphen","Zutphen","Gelderland",false,52.137441,6.210237,"material damage only","4","clear",false,1,"GM0301"
"20230087358",2023,"Letsel",2,"e-bike","e-bike","Frontaal","Bocht",30,"Niet brandend","Daglicht","Droog",\N,"600993087","Prinses Irenestraat","Amsterdam","Amsterdam","Noord-Holland",false,52.341233,4.881518,"injury","2","clear",false,1,"GM0363"
"20230087954",2023,"Letsel",2,"Personenauto","Fiets","Flank","Kruispunt, 4 takken",50,"Brandend","Duisternis","Regen",\N,\N,"Kastrupstraat","Amsterdam","Amsterdam","Noord-Holland",false,52.390915,4.835754,"injury","2","rain",false,1,"GM0363"
"20230087377",2023,"Letsel",2,"Personenauto","Fiets","Flank","Kruispunt, 4 takken",30,"Niet brandend","Daglicht","Droog",\N,"217426039","De Wildtlaan","Heiloo","Heiloo","Noord-Holland",false,52.604378,4.70162,"injury","2","clear",false,1,"GM0399"
"20230089146",2023,"Uitsluitend materiele schade",2,"Bestelauto","Fiets","Flank","Kruispunt, 4 takken",50,"Niet brandend","Daglicht","Droog",\N,\N,"Bergsingel","Rotterdam","Rotterdam","Zuid-Holland",false,51.93523,4.470285,"material damage only","4","clear",false,1,"GM0599"