"accident_id","year","severity_raw","party_count","party1_type","party2_type","accident_type","road_situation","speed_limit_kmh","road_lighting","light_condition_label","weather_raw","infra_type","road_segment_id","street_name","place_name","gemeente_name_raw","province","alcohol_indicated","latitude","longitude","severity_label","severity_code","weather_label","built_up_area","cyclists_involved","gemeente_code"
"20230097348",2023,"Letsel",2,"Personenauto","Fiets","Flank","Kruispunt, 4 takken",50,"Niet brandend","Daglicht","Droog",\N,\N,"F.C. Dondersstraat","Amsterdam","Amsterdam","Noord-Holland",false,52.347263,4.929813,"injury","2","clear",false,1,"GM0363"
"20230102948",2023,"Uitsluitend materiele schade",2,"Bestelauto","Fiets","Flank","Rotonde",50,"Brandend","Schemer","Droog",\N,\N,"Groen van Prinstererlaan","'s-Gravenhage","'s-Gravenhage","Zuid-Holland",false,52.061231,4.24647,"material damage only","4","clear",false,1,"GM0518"
"20230103449",2023,"Uitsluitend materiele schade",2,"Personenauto","Fiets","Flank","Rotonde",50,"Niet brandend","Daglicht","Droog",\N,\N,"Boterdorpseweg","Bergschenhoek","Lansingerland","Zuid-Holland",false,51.989411,4.47944,"material damage only","4","clear",false,1,"GM1621"
"20230092768",2023,"Letsel",2,"Fiets","Personenauto","Flank","Kruispunt, 4 takken",50,"Niet brandend","Daglicht","Regen",\N,\N,"Nieuwe Zuidbeekseweg","Vlissingen","Vlissingen","Zeeland",false,51.465351,3.568966,"injury","2","rain",false,1,"GM0718"
"20230088064",2023,"Uitsluitend materiele schade",2,"Fiets","Bromfiets","Frontaal","Rechte weg",30,"Niet brandend","Schemer","Droog","Tunnel","600522120","FIETSPAD","Amsterdam","Amsterdam","Noord-Holland",false,52.317474,4.942066,"material damage only","4","clear",false,1,"GM0363"
"20230091017",2023,"Uitsluitend materiele schade",2,"Fiets","Bromfiets","Frontaal","Rechte weg",30,"Niet brandend","Daglicht","Regen",\N,"294227003","Maasoeverpad","'s-Hertogenbosch","'s-Hertogenbosch","Noord-Brabant",false,51.714422,5.270574,"material damage only","4","rain",false,1,"GM0796"
"20220000918",2022,"Uitsluitend materiele schade",2,"Fiets","Snorfiets","Flank","Rechte weg",30,"Niet brandend","Daglicht","Droog",\N,"600500742","Hereweg","Groningen","Groningen","Groningen",false,53.209196,6.572317,"material damage only","4","clear",false,1,"GM0014"
"20220000661",2022,"Letsel",2,"Personenauto","Fiets","Flank","Kruispunt, 4 takken",50,"Niet brandend","Daglicht","Droog",\N,\N,"Wolfsbosstraat","Hoogeveen","Hoogeveen","Drenthe",false,52.717098,6.492896,"injury","2","clear",false,1,"GM0118"
"20220002177",2022,"Uitsluitend materiele schade",2,"Bromfiets","Fiets","Frontaal","Rechte weg",30,"Niet brandend","Daglicht",\N,\N,"467563087","Folkingestraat","Groningen","Groningen","Groningen",false,53.216017,6.564506,"material damage only","4","unknown",false,1,"GM0014"
"20220002408",2022,"Uitsluitend materiele schade",2,"Fiets","Bromfiets","Flank","Rechte weg",30,"Brandend","Duisternis","Droog",\N,"600416858","Gedempte Zuiderdiep","Groningen","Groningen","Groningen",false,53.214452,6.564479,"material damage only","4","clear",false,1,"GM0014"
"20240001064",2024,"Uitsluitend materiele schade",2,"Personenauto","Fiets","Onbekend","Kruispunt, 4 takken",50,"Niet brandend","Daglicht","Droog",\N,\N,"Laan van Mertersem","Breda","Breda","Noord-Brabant",false,51.576907,4.750423,"material damage only","4","clear",false,1,"GM0758"
"20230000849",2023,"Letsel",2,"Fiets","Fiets","Onbekend","Rechte weg",60,"Niet aanwezig","Daglicht","Droog",\N,"375501002","Vogelzangweg","Rottum","De Fryske Marren","Friesland",false,52.947484,5.888376,"injury","2","clear",false,1,"GM1940"
"20240003470",2024,"Uitsluitend materiele schade",3,"Personenauto","Fiets","Onbekend","Kruispunt, 3 takken",30,"Niet brandend","Daglicht","Droog",\N,\N,"Wheemerstraat","Neede","Berkelland","Gelderland",false,52.132586,6.616855,"material damage only","4","clear",false,1,"GM1859"
"20220071496",2022,"Uitsluitend materiele schade",2,"Snorfiets","Fiets","Flank","Kruispunt, 3 takken",30,"Brandend","Duisternis","Droog",\N,\N,"Herestraat","Groningen","Groningen","Groningen",false,53.215189,6.568681,"material damage only","4","clear",false,1,"GM0014"
"20220081394",2022,"Letsel",3,"Personenauto","Fiets","Voetganger","Kruispunt, 3 takken",50,"Niet brandend","Daglicht","Droog",\N,\N,"Damrak","Amsterdam","Amsterdam","Noord-Holland",false,52.375749,4.896583,"injury","2","clear",false,1,"GM0363"
"20220090361",2022,"Uitsluitend materiele schade",2,"Bromfiets","Fiets","Onbekend",\N,50,\N,"Daglicht",\N,\N,"357033057","Demertstraat","Maastricht","Maastricht","Limburg",false,50.8378,5.72237,"material damage only","4","unknown",false,1,"GM0935"
"20220035418",2022,"Letsel",2,"Personenauto","Fiets","Flank","Kruispunt, 4 takken",50,"Niet brandend","Daglicht","Droog",\N,\N,"Westtangent","Heerhugowaard","Dijk en Waard","Noord-Holland",false,52.675653,4.839373,"injury","2","clear",false,1,"GM1980"
"20220056402",2022,"Letsel",2,"Personenauto","Fiets","Flank","Kruispunt, 4 takken",50,"Niet brandend","Daglicht","Droog",\N,\N,"Loosduinsekade","'s-Gravenhage","'s-Gravenhage","Zuid-Holland",false,52.073844,4.296764,"injury","2","clear",false,1,"GM0518"
"20220063394",2022,"Letsel",3,"Personenauto","Fiets","Los voorwerp","Rechte weg",50,"Niet brandend","Daglicht","Droog",\N,\N,"Ketensedijk","Capelle aan den IJssel","Capelle aan den IJssel","Zuid-Holland",false,51.923827,4.58204,"injury","2","clear",false,1,"GM0502"
"20220080612",2022,"Uitsluitend materiele schade",2,"Personenauto","Fiets","Flank","Kruispunt, 4 takken",30,"Niet aanwezig","Duisternis",\N,\N,\N,"0116 BRUG","Amsterdam","Amsterdam","Noord-Holland",false,52.352294,4.886776,"material damage only","4","unknown",false,1,"GM0363"
"20220104527",2022,"Letsel",1,"Fiets",\N,"Eenzijdig","Kruispunt, 3 takken",30,"Niet brandend","Daglicht","Droog",\N,\N,"van Ruysdaellaan","Leidschendam","Leidschendam-Voorburg","Zuid-Holland",false,52.088923,4.391122,"injury","2","clear",false,1,"GM1916"
"20220016579",2022,"Uitsluitend materiele schade",2,"Personenauto","Fiets","Flank","Kruispunt, 4 takken",50,"Niet brandend","Daglicht",\N,\N,\N,"Valentijnkade","Amsterdam","Amsterdam","Noord-Holland",false,52.35858,4.941011,"material damage only","4","unknown",false,1,"GM0363"
"20220041358",2022,"Uitsluitend materiele schade",2,"Fiets","Bromfiets","Flank","Kruispunt, 4 takken",\N,"Niet brandend","Daglicht","Droog",\N,\N,"Rumptigerpad","Meppel","Meppel","Drenthe",false,52.693645,6.204961,"material damage only","4","clear",false,1,"GM0119"
"20220056532",2022,"Letsel",2,"Fiets",\N,"Eenzijdig","Rechte weg",50,"Niet brandend","Daglicht","Droog",\N,"600105486","Dierenselaan","'s-Gravenhage","'s-Gravenhage","Zuid-Holland",false,52.066576,4.284371,"injury","2","clear",false,1,"GM0518"
"20220062291",2022,"Letsel",2,"Personenauto","Fiets","Flank","Kruispunt, 4 takken",50,"Niet brandend","Daglicht","Droog",\N,\N,"Stadhoudersweg","Rotterdam","Rotterdam","Zuid-Holland",false,51.930252,4.458195,"injury","2","clear",false,1,"GM0599"
"20220090520",2022,"Uitsluitend materiele schade",2,"Personenauto","Fiets","Flank","Kruispunt, 3 takken",30,"Niet brandend","Daglicht","Droog",\N,\N,"Vijverlaan","Horst","Horst aan de Maas","Limburg",false,51.455532,6.050834,"material damage only","4","clear",false,1,"GM1507"
"20220041480",2022,"Letsel",2,"Fiets","e-bike","Frontaal","Rechte weg",50,"Niet brandend","Daglicht","Droog",\N,"452503001","Veenhoopsweg","Smilde","Midden-Drenthe","Drenthe",false,52.950399,6.446668,"injury","2","clear",false,1,"GM1731"
"20220047879",2022,"Letsel",3,"Personenauto","Fiets","Onbekend","Rechte weg",50,"Niet brandend","Daglicht","Droog",\N,"505335012","Haaksbergerstraat","Enschede","Enschede","Overijssel",false,52.189429,6.818412,"injury","2","clear",false,1,"GM0153"
"20220068356",2022,"Uitsluitend materiele schade",2,"Bestelauto","Fiets","Frontaal","Kruispunt, 4 takken",30,"Niet brandend","Daglicht","Droog",\N,\N,"Steenovenstraat","Uden","Maashorst","Noord-Brabant",false,51.668176,5.616794,"material damage only","4","clear",false,1,"GM1991"
"20220020031",2022,"Uitsluitend materiele schade",2,"Bestelauto","Fiets","Onbekend","Rechte weg",50,"Brandend","Schemer","Droog",\N,"179320054","Rouboslaan","Voorschoten","Voorschoten","Zuid-Holland",false,52.124807,4.433499,"material damage only","4","clear",false,1,"GM0626"
"20220053881",2022,"Letsel",2,"Personenauto","Fiets","Frontaal","Kruispunt, 4 takken",50,"Niet brandend","Daglicht","Droog",\N,\N,"Symon Claeszstraat","Zaandam","Zaanstad","Noord-Holland",false,52.441446,4.828135,"injury","2","clear",false,1,"GM0479"
"20220079309",2022,"Letsel",2,"Personenauto","Fiets","Onbekend","Rotonde",50,"Niet brandend","Daglicht","Droog",\N,\N,"Laan van Broekpolder","Beverwijk","Beverwijk","Noord-Holland",false,52.487626,4.681145,"injury","2","clear",false,1,"GM0375"
"20220111836",2022,"Uitsluitend materiele schade",1,"Fiets",\N,"Onbekend","Kruispunt, 3 takken",30,"Niet brandend","Daglicht","Droog",\N,\N,"Maassingel","Deurne","Deurne","Noord-Brabant",false,51.457618,5.7966,"material damage only","4","clear",false,1,"GM0762"
"20220112046",2022,"Letsel",3,"Bromfiets","Fiets","Frontaal","Rechte weg",30,"Niet aanwezig","Daglicht","Droog",\N,"600575042","Bruistensingel","'s-Hertogenbosch","'s-Hertogenbosch","Noord-Brabant",false,51.709863,5.321499,"injury","2","clear",false,1,"GM0796"
"20220013863",2022,"Uitsluitend materiele schade",2,"Personenauto","Fiets","Flank","Rotonde",50,"Niet brandend","Schemer",\N,\N,\N,"Deltaweg","Hoofddorp","Haarlemmermeer","Noord-Holland",false,52.303792,4.629491,"material damage only","4","unknown",false,1,"GM0394"
"20220025526",2022,"Letsel",2,"Bromfiets","Fiets","Onbekend","Rechte weg",50,"Niet brandend","Daglicht","Droog",\N,"175182001","Huijbergseweg","Roosendaal","Roosendaal","Noord-Brabant",false,51.51008,4.422273,"injury","2","clear",false,1,"GM1674"
"20220035793",2022,"Uitsluitend materiele schade",2,"Personenauto","Fiets","Flank","Kruispunt, 4 takken",50,"Niet brandend","Daglicht","Droog",\N,\N,"Radarweg","Amsterdam","Amsterdam","Noord-Holland",false,52.391478,4.836294,"material damage only","4","clear",false,1,"GM0363"
"20220037815",2022,"Letsel",2,"Personenauto","e-bike","Flank","Kruispunt, 3 takken",50,"Niet brandend","Daglicht","Droog",\N,\N,"Rembrandtstraat","Oud-Beijerland","Hoeksche Waard","Zuid-Holland",false,51.816819,4.403013,"injury","2","clear",false,1,"GM1963"
"20220048028",2022,"Uitsluitend materiele schade",2,"Personenauto","Fiets","Flank","Kruispunt, 3 takken",30,"Niet brandend","Daglicht","Droog",\N,\N,"Brinkstraat","Putten","Putten","Gelderland",false,52.262374,5.610056,"material damage only","4","clear",false,1,"GM0273"
"20220079404",2022,"Letsel",2,"Personenauto","Fiets","Flank","Rechte weg",50,"Niet brandend","Daglicht","Droog",\N,"206370045","Johan Wagenaarlaan","Heemstede","Heemstede","Noord-Holland",false,52.35182,4.627415,"injury","2","clear",false,1,"GM0397"
"20220081059",2022,"Uitsluitend materiele schade",2,"Personenauto","Fiets","Flank","Kruispunt, 3 takken",50,"Niet brandend","Daglicht","Droog",\N,\N,"Salamander","Amstelveen","Amstelveen","Noord-Holland",false,52.290001,4.831489,"material damage only","4","clear",false,1,"GM0362"
"20220058449",2022,"Letsel",1,"e-bike",\N,"Eenzijdig","Rotonde",50,"Niet brandend","Daglicht","Droog",\N,\N,"Slotermeer","Zoetermeer","Zoetermeer","Zuid-Holland",false,52.054416,4.526549,"injury","2","clear",false,1,"GM0637"
"20220058470",2022,"Uitsluitend materiele schade",2,"Fiets","Overig vast object","Vast voorwerp","Rechte weg",50,"Niet brandend","Daglicht","Droog",\N,"600372732","Bernhardlaan","Nieuwkoop","Nieuwkoop","Zuid-Holland",false,52.156951,4.782738,"material damage only","4","clear",false,1,"GM0569"
"20220109691",2022,"Uitsluitend materiele schade",1,"e-bike",\N,"Onbekend",\N,50,\N,"Daglicht",\N,\N,"222197119","Dr. Struyckenstraat","Breda","Breda","Noord-Brabant",false,51.576772,4.754429,"material damage only","4","unknown",false,1,"GM0758"
"20220045348",2022,"Letsel",2,"e-bike","e-bike","Flank","Rotonde",50,"Niet brandend","Daglicht","Droog",\N,\N,"Industrieweg","Putten","Putten","Gelderland",false,52.264579,5.581852,"injury","2","clear",false,1,"GM0273"
"20220051089",2022,"Uitsluitend materiele schade",2,"Personenauto","Fiets","Onbekend","Rotonde",50,"Niet brandend","Daglicht","Droog",\N,\N,"Urkerweg","Urk","Urk","Flevoland",false,52.659892,5.607662,"material damage only","4","clear",false,1,"GM0184"
"20220088134",2022,"Letsel",1,"Fiets",\N,"Eenzijdig","Rechte weg",60,"Niet brandend","Daglicht","Droog",\N,"162182002","Bergsebaan","Bergen op Zoom","Bergen op Zoom","Noord-Brabant",false,51.506046,4.324951,"injury","2","clear",false,1,"GM0748"
"20220106053",2022,"Uitsluitend materiele schade",2,"e-bike","Personenauto","Frontaal","Kruispunt, 4 takken",50,"Niet aanwezig","Daglicht","Droog",\N,\N,"Zwaardslootseweg","Zoetermeer","Zoetermeer","Zuid-Holland",false,52.06877,4.484943,"material damage only","4","clear",false,1,"GM0637"
"20220094765",2022,"Uitsluitend materiele schade",2,"Personenauto","Fiets","Kop/staart","Rechte weg",50,"Niet brandend","Daglicht","Droog",\N,"600797055","Wadenoijenlaan","Tiel","Tiel","Gelderland",false,51.878145,5.414916,"material damage only","4","clear",false,1,"GM0281"
"20220096272",2022,"Uitsluitend materiele schade",2,"Personenauto","Fiets","Flank","Rechte weg",30,"Brandend","Daglicht","Droog",\N,"499359018","Lover","Borne","Borne","Overijssel",false,52.296669,6.777138,"material damage only","4","clear",false,1,"GM0147"
"20220061238",2022,"Uitsluitend materiele schade",2,"Personenauto","Fiets","Flank","Kruispunt, 3 takken",50,"Niet brandend","Daglicht","Droog",\N,\N,"Maasweg","Maassluis","Maassluis","Zuid-Holland",false,51.919059,4.246861,"material damage only","4","clear",false,1,"GM0556"
"20220095242",2022,"Uitsluitend materiele schade",2,"Snorfiets","Fiets","Onbekend","Rotonde",50,"Niet brandend","Daglicht",\N,\N,\N,"Teersmortelweg","Wijchen","Wijchen","Gelderland",false,51.810701,5.729999,"material damage only","4","unknown",false,1,"GM0296"
"20220097493",2022,"Letsel",2,"Fiets","Fiets","Flank","Kruispunt, 3 takken",50,"Niet brandend","Daglicht","Droog",\N,\N,"St. Annastraat","Nijmegen","Nijmegen","Gelderland",false,51.83324,5.858843,"injury","2","clear",false,1,"GM0268"
"20220051264",2022,"Letsel",2,"Personenauto","e-bike","Flank","Kruispunt, 4 takken",50,"Niet brandend","Daglicht","Droog",\N,\N,"JULIANABRUG","Zaandijk","Zaanstad","Noord-Holland",false,52.471641,4.811366,"injury","2","clear",false,1,"GM0479"
"20220058706",2022,"Letsel",1,"Fiets",\N,"Eenzijdig",\N,30,\N,"Duisternis",\N,\N,"600371789","Oude Singel","Leiden","Leiden","Zuid-Holland",false,52.162757,4.489184,"injury","2","unknown",false,1,"GM0546"
"20220081304",2022,"Uitsluitend materiele schade",2,"Personenauto","Fiets","Flank","Kruispunt, 4 takken",50,"Niet brandend","Daglicht","Droog",\N,\N,"Radarweg","Amsterdam","Amsterdam","Noord-Holland",false,52.385902,4.835362,"material damage only","4","clear",false,1,"GM0363"
"20220084168",2022,"Letsel",2,"Fiets","Fiets","Onbekend","Rechte weg",50,"Brandend","Duisternis","Droog",\N,"183325080","Haagweg","Leiden","Leiden","Zuid-Holland",false,52.152877,4.468137,"injury","2","clear",false,1,"GM0546"
"20220095070",2022,"Letsel",2,"Personenauto","Fiets","Onbekend","Kruispunt, 3 takken",50,"Niet brandend","Daglicht","Droog",\N,"474344011","Iependijk","Goor","Hof van Twente","Overijssel",false,52.234139,6.592115,"injury","2","clear",false,1,"GM1735"
"20220096464",2022,"Letsel",2,"Motor","Fiets","Frontaal","Kruispunt, 3 takken",50,"Niet aanwezig","Daglicht","Droog",\N,\N,"Ravenhorsterweg","Winterswijk","Winterswijk","Gelderland",false,51.982845,6.713448,"injury","2","clear",false,1,"GM0294"
"20220053118",2022,"Letsel",2,"Personenauto","Fiets","Frontaal","Kruispunt, 4 takken",30,"Niet brandend","Daglicht","Droog",\N,\N,"Spaanse Ruiterpad","Nieuw-Vennep","Haarlemmermeer","Noord-Holland",false,52.259254,4.633913,"injury","2","clear",false,1,"GM0394"
"20220057371",2022,"Letsel",3,"Personenauto","Fiets","Onbekend","Rechte weg",50,"Niet brandend","Daglicht","Droog",\N,"600154435","Westpark","Boskoop","Alphen aan den Rijn","Zuid-Holland",false,52.075428,4.632284,"injury","2","clear",false,1,"GM0484"
"20220064385",2022,"Uitsluitend materiele schade",3,"Personenauto","e-bike","Flank","Kruispunt, 3 takken",50,"Niet brandend","Daglicht","Droog",\N,\N,"Emmikhovensestraat","Waalwijk","Waalwijk","Noord-Brabant",false,51.692118,5.060189,"material damage only","4","clear",false,1,"GM0867"
"20220083383",2022,"Letsel",1,"Fiets",\N,"Eenzijdig",\N,60,\N,"Daglicht",\N,\N,"160284011","Gaagweg","Schipluiden","Midden-Delfland","Zuid-Holland",false,51.970119,4.304925,"injury","2","unknown",false,1,"GM1842"
"20220084240",2022,"Letsel",2,"Fiets","Voetganger","Voetganger","Rechte weg",30,"Niet brandend","Daglicht","Droog",\N,"151304009","Willem III straat","'s-Gravenhage","'s-Gravenhage","Zuid-Holland",false,52.052127,4.235329,"injury","2","clear",false,1,"GM0518"
"20220088378",2022,"Letsel",2,"Personenauto","e-bike","Flank","Kruispunt, 4 takken",60,"Niet brandend","Daglicht","Droog",\N,\N,"Nieuwe Kraaijertsedijk","Lewedorp","Borsele","Zeeland",false,51.492457,3.752532,"injury","2","clear",false,1,"GM0654"
"20220096225",2022,"Letsel",1,"Fiets",\N,"Eenzijdig",\N,\N,\N,"Daglicht",\N,\N,\N,"Enkweg","Epe","Epe","Gelderland",false,52.344195,5.976662,"injury","2","unknown",false,1,"GM0232"
"20220101031",2022,"Letsel",2,"Personenauto","Fiets","Flank","Kruispunt, 4 takken",80,"Niet brandend","Daglicht","Droog",\N,\N,"Nieuwe Bennebroekerweg","Nieuw-Vennep","Haarlemmermeer","Noord-Holland",false,52.283591,4.662142,"injury","2","clear",false,1,"GM0394"
"20220014751",2022,"Letsel",2,"Personenauto","Fiets","Flank","Kruispunt, 4 takken",30,"Niet brandend","Daglicht","Droog",\N,\N,"Prins Bernhardlaan","Haarlem","Haarlem","Noord-Holland",false,52.371717,4.655219,"injury","2","clear",false,1,"GM0392"
"20220067736",2022,"Letsel",3,"Bromfiets","Fiets","Onbekend","Kruispunt, 3 takken",\N,"Niet brandend","Daglicht","Droog",\N,\N,"Hintham","Rosmalen","'s-Hertogenbosch","Noord-Brabant",false,51.701495,5.349432,"injury","2","clear",false,1,"GM0796"
"20220074252",2022,"Uitsluitend materiele schade",1,"Fiets",\N,"Onbekend","Rechte weg",60,"Niet aanwezig","Daglicht","Droog",\N,"277267002","Lingedijk","Rhenoy","West Betuwe","Gelderland",false,51.892139,5.154585,"material damage only","4","clear",false,1,"GM1960"
"20220028165",2022,"Uitsluitend materiele schade",2,"Personenauto","e-bike","Flank","Rechte weg",30,"Niet brandend","Daglicht","Droog",\N,\N,"Larenweg","'s-Hertogenbosch","'s-Hertogenbosch","Noord-Brabant",false,51.733383,5.282967,"material damage only","4","clear",false,1,"GM0796"
"20220038677",2022,"Letsel",2,"e-bike","Personenauto","Flank","Kruispunt, 4 takken",50,"Niet brandend","Daglicht",\N,\N,\N,"Kloosterweg","Kapelle","Kapelle","Zeeland",false,51.468283,3.968689,"injury","2","unknown",false,1,"GM0678"
"20220063123",2022,"Uitsluitend materiele schade",2,"Personenauto","Fiets","Flank","Rotonde",30,"Niet brandend","Daglicht","Droog",\N,\N,"Groenezoom","Dordrecht","Dordrecht","Zuid-Holland",false,51.803722,4.706355,"material damage only","4","clear",false,1,"GM0505"
"20220101567",2022,"Letsel",2,"Fiets","Boom","Vast voorwerp","Bocht",50,"Niet brandend","Daglicht","Harde windstoten",\N,\N,"Johan van Vlietstraat","Haarlem","Haarlem","Noord-Holland",false,52.387027,4.630231,"injury","2","unknown",false,1,"GM0392"
"20220102586",2022,"Uitsluitend materiele schade",2,"Motor","Fiets","Onbekend","Kruispunt, 4 takken",50,"Brandend","Daglicht","Droog",\N,\N,"Rhijnestein","Amsterdam","Amsterdam","Noord-Holland",false,52.329843,4.885649,"material damage only","4","clear",false,1,"GM0363"
"20220105560",2022,"Uitsluitend materiele schade",2,"Personenauto","Fiets","Flank","Kruispunt, 3 takken",50,"Niet brandend","Daglicht","Droog",\N,\N,"Prins Bernhardlaan","Alphen aan den Rijn","Alphen aan den Rijn","Zuid-Holland",false,52.135486,4.656323,"material damage only","4","clear",false,1,"GM0484"
"20220034864",2022,"Letsel",2,"e-bike","Personenauto","Flank","Rechte weg",30,"Niet brandend","Daglicht","Droog",\N,"600792406","Remus","Wijk bij Duurstede","Wijk bij Duurstede","Utrecht",false,51.981319,5.337593,"injury","2","clear",false,1,"GM0352"
"20220040842",2022,"Letsel",2,"Bromfiets","e-bike","Onbekend","Kruispunt, 4 takken",30,"Niet brandend","Daglicht","Droog",\N,\N,"Oude-Hoofdvaartsweg","Assen","Assen","Drenthe",false,52.997673,6.532522,"injury","2","clear",false,1,"GM0106"
"20220060136",2022,"Uitsluitend materiele schade",2,"Personenauto","e-bike","Flank","Kruispunt, 3 takken",60,"Niet brandend","Daglicht","Droog",\N,\N,"Westkanaalweg","Ter Aar","Nieuwkoop","Zuid-Holland",false,52.183299,4.72823,"material damage only","4","clear",false,1,"GM0569"
"20220101968",2022,"Letsel",2,"Personenauto","e-bike","Flank","Rechte weg",50,"Niet brandend","Daglicht","Droog",\N,\N,"Havenstraat","Schagen","Schagen","Noord-Holland",false,52.789842,4.790181,"injury","2","clear",false,1,"GM0441"
"20220103906",2022,"Uitsluitend materiele schade",1,"Fiets",\N,"Onbekend","Rechte weg",50,"Niet brandend","Daglicht","Droog",\N,"191326122","Hoge Rijndijk","Leiden","Leiden","Zuid-Holland",false,52.154105,4.518875,"material damage only","4","clear",false,1,"GM0546"
"20220108355",2022,"Uitsluitend materiele schade",2,"Personenauto","Fiets","Flank","Kruispunt, 3 takken",30,"Niet brandend","Daglicht","Droog",\N,\N,"Het Hoge Land","Berkel en Rodenrijs","Lansingerland","Zuid-Holland",false,51.998501,4.476335,"material damage only","4","clear",false,1,"GM1621"
"20220074507",2022,"Uitsluitend materiele schade",2,"Personenauto","Fiets","Flank","Kruispunt, 4 takken",30,"Niet brandend","Daglicht",\N,\N,\N,"Zeelandsingel","Arnhem","Arnhem","Gelderland",false,51.948458,5.868677,"material damage only","4","unknown",false,1,"GM0202"
"20220075636",2022,"Uitsluitend materiele schade",2,"Bromfiets","Fiets","Onbekend","Kruispunt, 3 takken",\N,"Brandend","Duisternis","Droog",\N,\N,"Rozenstraat","Nijmegen","Nijmegen","Gelderland",false,51.836546,5.845674,"material damage only","4","clear",false,1,"GM0268"
"20220033166",2022,"Uitsluitend materiele schade",2,"Personenauto","Fiets","Onbekend","Kruispunt, 4 takken",30,"Brandend","Duisternis","Droog",\N,\N,"Buitengasthuisstraat","Zwolle","Zwolle","Overijssel",false,52.516484,6.076311,"material damage only","4","clear",false,1,"GM0193"
"20220037001",2022,"Letsel",1,"Fiets",\N,"Eenzijdig",\N,50,\N,"Duisternis",\N,\N,"161306103","Wouwermanstraat","'s-Gravenhage","'s-Gravenhage","Zuid-Holland",false,52.06462,4.30667,"injury","2","unknown",false,1,"GM0518"
"20220103012",2022,"Letsel",2,"Snorfiets","Fiets","Flank","Kruispunt, 4 takken",50,"Niet brandend","Daglicht",\N,\N,\N,"Willem de Zwijgerlaan","Amsterdam","Amsterdam","Noord-Holland",false,52.37087,4.863335,"injury","2","unknown",false,1,"GM0363"
"20220103062",2022,"Uitsluitend materiele schade",2,"Bestelauto","Fiets","Flank","Kruispunt, 4 takken",50,"Niet brandend","Daglicht",\N,\N,\N,"Nassaukade","Amsterdam","Amsterdam","Noord-Holland",false,52.366092,4.877867,"material damage only","4","unknown",false,1,"GM0363"
"20220110179",2022,"Letsel",2,"Personenauto","e-bike","Flank","Kruispunt, 4 takken",\N,"Niet brandend","Daglicht","Droog",\N,\N,"Axelsestraat","Terneuzen","Terneuzen","Zeeland",false,51.333822,3.830395,"injury","2","clear",false,1,"GM0715"
"20220059199",2022,"Letsel",2,"Bestelauto","Fiets","Flank","Kruispunt, 3 takken",30,"Niet brandend","Daglicht","Droog",\N,\N,"Prinses Irenestraat","'s-Gravenhage","'s-Gravenhage","Zuid-Holland",false,52.083169,4.325314,"injury","2","clear",false,1,"GM0518"
"20220112820",2022,"Letsel",2,"e-bike","Fiets","Flank","Kruispunt, 4 takken",50,"Niet brandend","Daglicht","Droog",\N,\N,"Willem v Gelre-Gulikstr","Sittard","Sittard-Geleen","Limburg",false,50.999943,5.896227,"injury","2","clear",false,1,"GM1883"
"20220112883",2022,"Uitsluitend materiele schade",2,"Bromfiets","Fiets","Frontaal","Rechte weg",50,"Niet aanwezig","Daglicht","Droog",\N,"600839428","Allée","Hoensbroek","Heerlen","Limburg",false,50.934314,5.929897,"material damage only","4","clear",false,1,"GM0917"
"20220113018",2022,"Letsel",1,"Fiets",\N,"Eenzijdig","Rechte weg",50,"Niet brandend","Daglicht","Droog",\N,"600171654","Bosscherweg","Maastricht","Maastricht","Limburg",false,50.865599,5.68604,"injury","2","clear",false,1,"GM0935"
"20220113607",2022,"Uitsluitend materiele schade",2,"Fiets","Personenauto","Flank","Kruispunt, 3 takken",50,"Niet brandend","Daglicht","Droog",\N,\N,"Prins Willem Alexanderln","Bunde","Meerssen","Limburg",false,50.889933,5.739334,"material damage only","4","clear",false,1,"GM0938"
"20220074714",2022,"Uitsluitend materiele schade",2,"Personenauto","Fiets","Los voorwerp","Rechte weg",50,"Niet brandend","Daglicht","Regen",\N,\N,"Elferinksweg","Enschede","Enschede","Overijssel",false,52.214848,6.868534,"material damage only","4","rain",false,1,"GM0153"
"20220075535",2022,"Letsel",2,"Bestelauto","e-bike","Flank","Kruispunt, 4 takken",50,"Niet brandend","Daglicht","Droog",\N,\N,"PARKJE LUGTIGHEID","Nijmegen","Nijmegen","Gelderland",false,51.841241,5.834274,"injury","2","clear",false,1,"GM0268"
"20220037160",2022,"Letsel",1,"Fiets",\N,"Eenzijdig","Kruispunt, 3 takken",50,"Niet brandend","Daglicht","Droog",\N,\N,"Leeghwaterplein","'s-Gravenhage","'s-Gravenhage","Zuid-Holland",false,52.06752,4.320185,"injury","2","clear",false,1,"GM0518"
"20220055155",2022,"Letsel",2,"Personenauto","Fiets","Flank","Kruispunt, 3 takken",50,"Niet brandend","Daglicht","Droog",\N,\N,"Raasdorperweg","Amsterdam","Amsterdam","Noord-Holland",false,52.376992,4.766694,"injury","2","clear",false,1,"GM0363"
"20230109204",2023,"Uitsluitend materiele schade",2,"Brommobiel","Fiets","Onbekend",\N,30,\N,"Daglicht",\N,\N,\N,"Varsseveldseweg","Lichtenvoorde","Oost Gelre","Gelderland",false,51.986502,6.560451,"material damage only","4","unknown",false,1,"GM1586"