"accident_id","year","severity_raw","party_count","party1_type","party2_type","accident_type","road_situation","speed_limit_kmh","road_lighting","light_condition_label","weather_raw","infra_type","road_segment_id","street_name","place_name","gemeente_name_raw","province","alcohol_indicated","latitude","longitude","severity_label","severity_code","weather_label","built_up_area","cyclists_involved","gemeente_code"
"20230051865",2023,"Uitsluitend materiele schade",2,"Personenauto","e-bike","Flank","Rotonde",30,"Niet brandend","Daglicht","Droog",\N,\N,"Blauwpoortsweg","Meliskerke","Veere","Zeeland",false,51.512848,3.511076,"material damage only","4","clear",false,1,"GM0717"
"20230055339",2023,"Letsel",2,"Personenauto","Fiets","Flank","Kruispunt, 4 takken",50,"Niet brandend","Daglicht","Droog",\N,\N,"Oudewerfslaan","Winschoten","Oldambt","Groningen",false,53.147,7.031707,"injury","2","clear",false,1,"GM1895"
"20230057127",2023,"Uitsluitend materiele schade",2,"Fiets","Personenauto","Kop/staart","Rechte weg",30,"Niet brandend","Daglicht","Droog",\N,"600961268","Boulevard 1945","Enschede","Enschede","Overijssel",false,52.217945,6.893801,"material damage only","4","clear",false,1,"GM0153"
"20230059088",2023,"Letsel",1,"e-bike",\N,"Eenzijdig","Kruispunt, 4 takken",50,"Niet brandend","Daglicht","Droog",\N,\N,"Erasmusweg","'s-Gravenhage","'s-Gravenhage","Zuid-Holland",false,52.042475,4.283741,"injury","2","clear",false,1,"GM0518"
"20230063231",2023,"Uitsluitend materiele schade",2,"Personenauto","Fiets","Frontaal","Kruispunt, 3 takken",30,"Niet brandend","Daglicht",\N,\N,\N,"Markt","Groede","Sluis","Zeeland",false,51.379033,3.507322,"material damage only","4","unknown",false,1,"GM1714"
"20230040780",2023,"Letsel",3,"Fiets","Fiets","Onbekend","Rechte weg",\N,"Niet brandend","Daglicht","Droog",\N,"240366072","Beethovenstraat","Amsterdam","Amsterdam","Noord-Holland",false,52.336719,4.877261,"injury","2","clear",false,1,"GM0363"
"20230042510",2023,"Letsel",1,"Fiets",\N,"Eenzijdig","Rechte weg",50,"Niet brandend","Daglicht","Droog",\N,"167273008","Westlandseweg","Vlaardingen","Vlaardingen","Zuid-Holland",false,51.914864,4.349681,"injury","2","clear",false,1,"GM0622"
"20230051287",2023,"Uitsluitend materiele schade",2,"Personenauto","Fiets","Onbekend","Kruispunt, 3 takken",50,"Niet brandend","Daglicht","Droog",\N,\N,"Baandervrouwenlaan","Boxtel","Boxtel","Noord-Brabant",false,51.605282,5.32085,"material damage only","4","clear",false,1,"GM0757"
"20230058749",2023,"Letsel",2,"Personenauto","Fiets","Kop/staart","Rechte weg",50,"Niet brandend","Daglicht","Droog",\N,"186341075","Herenstraat","Voorhout","Teylingen","Zuid-Holland",false,52.221733,4.482259,"injury","2","clear",false,1,"GM1525"
"20230061521",2023,"Letsel",2,"Bromfiets","Fiets","Kop/staart","Rechte weg",15,"Niet brandend","Daglicht","Droog",\N,"600666523","Laan van Wateringse Veld","'s-Gravenhage","'s-Gravenhage","Zuid-Holland",false,52.023385,4.293755,"injury","2","clear",false,1,"GM0518"
"20230043764",2023,"Uitsluitend materiele schade",2,"Fiets","Fiets","Onbekend","Rechte weg",30,"Brandend","Duisternis","Droog",\N,"365559106","Tuinen","Leeuwarden","Leeuwarden","Friesland",false,53.203414,5.801184,"material damage only","4","clear",false,1,"GM0080"
"20230050759",2023,"Letsel",2,"Fiets","Fiets","Flank","Rechte weg",30,"Niet brandend","Daglicht","Droog",\N,\N,"Lekstraat","'s-Gravenhage","'s-Gravenhage","Zuid-Holland",false,52.077008,4.32836,"injury","2","clear",false,1,"GM0518"
"20230052512",2023,"Letsel",2,"e-bike","Bromfiets","Flank","Kruispunt, 3 takken",30,"Niet brandend","Daglicht","Droog",\N,\N,"FIETSPAD","Dordrecht","Dordrecht","Zuid-Holland",false,51.783153,4.667553,"injury","2","clear",false,1,"GM0505"
"20230053677",2023,"Uitsluitend materiele schade",2,"Fiets","Personenauto","Flank","Rechte weg",30,"Niet brandend","Daglicht","Droog",\N,"404040010","Erensteinerstraat","Kerkrade","Kerkrade","Limburg",false,50.871481,6.060423,"material damage only","4","clear",false,1,"GM0928"
"20230063295",2023,"Letsel",1,"Fiets",\N,"Eenzijdig",\N,60,\N,"Daglicht",\N,\N,"98194007","1e Deltaweg","Kats","Noord-Beveland","Zeeland",false,51.550404,3.861966,"injury","2","unknown",false,1,"GM1695"
"20230064723",2023,"Uitsluitend materiele schade",2,"Snorfiets","Fiets","Flank","Rechte weg",30,"Brandend","Duisternis","Droog","Brug/viaduct","600667663","Nieuwe Plein","Arnhem","Arnhem","Gelderland",false,51.978962,5.90025,"material damage only","4","clear",false,1,"GM0202"
"20240131939",2024,"Uitsluitend materiele schade",2,"Bestelauto","Fiets","Flank","Rotonde",50,"Niet brandend","Daglicht","Droog",\N,\N,"Dr. H.G. Scholtenstraat","Zaandam","Zaanstad","Noord-Holland",false,52.458113,4.817885,"material damage only","4","clear",false,1,"GM0479"
"20230044936",2023,"Letsel",2,"Personenauto","Fiets","Flank","Kruispunt, 4 takken",60,"Niet brandend","Daglicht","Droog",\N,\N,"Usselerveenweg","Enschede","Enschede","Overijssel",false,52.190782,6.836729,"injury","2","clear",false,1,"GM0153"
"20230064334",2023,"Uitsluitend materiele schade",2,"Fiets","Dier","Dier","Rechte weg",30,"Niet brandend","Daglicht","Droog",\N,"442595040","Valge","Leens","Het Hogeland","Groningen",false,53.360792,6.381033,"material damage only","4","clear",false,1,"GM1966"
"20230043227",2023,"Uitsluitend materiele schade",2,"Personenauto","Fiets","Frontaal","Kruispunt, 4 takken",50,"Niet brandend","Daglicht","Droog",\N,\N,"Korte Hoefstraat","Tilburg","Tilburg","Noord-Brabant",false,51.574245,5.083584,"material damage only","4","clear",false,1,"GM0855"
"20230045002",2023,"Letsel",2,"Fiets","Bromfiets","Flank","Rechte weg",80,"Niet aanwezig","Daglicht","Droog",\N,\N,"Ir. Molsweg","Arnhem","Arnhem","Gelderland",false,51.955564,5.931145,"injury","2","clear",false,1,"GM0202"
"20230047950",2023,"Uitsluitend materiele schade",2,"Personenauto","Fiets","Flank","Rechte weg",30,"Niet brandend","Daglicht","Droog",\N,"601017573","Koedijkerstraat","Alkmaar","Alkmaar","Noord-Holland",false,52.639914,4.756619,"material damage only","4","clear",false,1,"GM0361"
"20230056073",2023,"Letsel",2,"Personenauto","Fiets","Los voorwerp","Kruispunt, 3 takken",50,"Niet brandend","Daglicht","Droog",\N,\N,"Langerhuizenweg","Huizen","Huizen","Noord-Holland",false,52.294854,5.207079,"injury","2","clear",false,1,"GM0406"
"20230061078",2023,"Letsel",1,"Fiets",\N,"Eenzijdig","Rechte weg",15,"Niet brandend","Daglicht","Droog",\N,\N,"Zwaardslootseweg","Zoetermeer","Zoetermeer","Zuid-Holland",false,52.065221,4.490295,"injury","2","clear",false,1,"GM0637"
"20230063121",2023,"Letsel",2,"Personenauto","Fiets","Flank","Kruispunt, 4 takken",50,"Niet brandend","Daglicht","Droog",\N,\N,"Heistraat","Sprang-Capelle","Waalwijk","Noord-Brabant",true,51.675675,5.002508,"injury","2","clear",false,1,"GM0867"
"20230064797",2023,"Letsel",2,"Motor","Fiets","Frontaal","Bocht",50,"Niet aanwezig","Daglicht","Droog",\N,"600875525","Duinweg","Midlaren","Tynaarlo","Drenthe",false,53.109677,6.656939,"injury","2","clear",false,1,"GM1730"
"20230038639",2023,"Letsel",2,"Bromfiets","Fiets","Flank","Kruispunt, 4 takken",50,"Niet brandend","Daglicht","Droog",\N,\N,"Moerweg","'s-Gravenhage","'s-Gravenhage","Zuid-Holland",false,52.058765,4.292936,"injury","2","clear",false,1,"GM0518"
"20230042676",2023,"Letsel",2,"Personenauto","Fiets","Flank","Rechte weg",50,"Brandend","Duisternis","Droog",\N,"321180012","Ekkersrijt","Son en Breugel","Son en Breugel","Noord-Brabant",false,51.502705,5.466528,"injury","2","clear",false,1,"GM0848"
"20240129294",2024,"Uitsluitend materiele schade",2,"Bestelauto","Fiets","Flank","Kruispunt, 4 takken",50,"Brandend","Duisternis","Droog",\N,\N,"Vleutenseweg","Utrecht","Utrecht","Utrecht",false,52.09513,5.085224,"material damage only","4","clear",false,1,"GM0344"
"20240129312",2024,"Uitsluitend materiele schade",2,"Bromfiets","Fiets","Kop/staart","Rechte weg",30,"Niet brandend","Daglicht","Droog",\N,"600797241","Databankweg","Amersfoort","Amersfoort","Utrecht",false,52.181412,5.415855,"material damage only","4","clear",false,1,"GM0307"
"20230052085",2023,"Uitsluitend materiele schade",2,"Fiets","Personenauto","Kop/staart","Rechte weg",50,"Brandend","Duisternis","Droog",\N,"600727002","Nieuwe Binnenweg","Rotterdam","Rotterdam","Zuid-Holland",false,51.914396,4.465636,"material damage only","4","clear",false,1,"GM0599"
"20230037563",2023,"Uitsluitend materiele schade",2,"Personenauto","Fiets","Flank","Kruispunt, 4 takken",30,"Niet brandend","Daglicht","Droog",\N,\N,"Westerweg","Limmen","Castricum","Noord-Holland",false,52.564526,4.689793,"material damage only","4","clear",false,1,"GM0383"
"20230043945",2023,"Uitsluitend materiele schade",2,"Personenauto","Fiets","Flank","Kruispunt, 4 takken",30,"Niet brandend","Daglicht","Droog",\N,\N,"KATTENBRUG","Groningen","Groningen","Groningen",false,53.217505,6.573259,"material damage only","4","clear",false,1,"GM0014"
"20230049225",2023,"Letsel",2,"Personenauto","e-bike","Flank","Rechte weg",30,"Niet brandend","Daglicht","Droog",\N,"189306002","Weteringdreef","Zoetermeer","Zoetermeer","Zuid-Holland",false,52.064963,4.506744,"injury","2","clear",false,1,"GM0637"
"20230049789",2023,"Uitsluitend materiele schade",2,"Personenauto","Fiets","Onbekend","Kruispunt, 4 takken",30,"Niet brandend","Daglicht","Droog",\N,\N,"Noordeloosstraat","Zoetermeer","Zoetermeer","Zuid-Holland",false,52.067788,4.541428,"material damage only","4","clear",false,1,"GM0637"
"20230050928",2023,"Uitsluitend materiele schade",2,"Fiets","Personenauto","Flank","Rechte weg",60,"Niet brandend","Daglicht","Droog",\N,"266198073","Stokhasseltlaan","Tilburg","Tilburg","Noord-Brabant",false,51.582708,5.076262,"material damage only","4","clear",false,1,"GM0855"
"20230061718",2023,"Letsel",3,"Fiets","Fiets","Frontaal","Bocht",30,"Niet brandend","Daglicht","Droog","Tunnel","600283886","Rotterdamseweg","Krimpen aan den IJssel","Krimpen aan den IJssel","Zuid-Holland",false,51.913192,4.58633,"injury","2","clear",false,1,"GM0542"
"20240130696",2024,"Letsel",2,"Fiets","Fiets","Frontaal","Rechte weg",50,"Brandend","Duisternis","Droog",\N,"505348008","Parallelweg SS","Hengelo","Hengelo (O)","Overijssel",false,52.248555,6.820665,"injury","2","clear",false,1,\N
"20230038744",2023,"Uitsluitend materiele schade",2,"Personenauto","Fiets","Frontaal","Kruispunt, 3 takken",30,"Niet brandend","Daglicht","Droog",\N,\N,"Kranenburgstraat","Dordrecht","Dordrecht","Zuid-Holland",false,51.792223,4.662829,"material damage only","4","clear",false,1,"GM0505"
"20230040489",2023,"Uitsluitend materiele schade",2,"Fiets","Fiets","Flank","Kruispunt, 3 takken",50,"Niet brandend","Daglicht","Droog",\N,"600185453","Marie Koenenhove","Zoetermeer","Zoetermeer","Zuid-Holland",false,52.066862,4.487693,"material damage only","4","clear",false,1,"GM0637"
"20230041031",2023,"Uitsluitend materiele schade",2,"Fiets","Fiets","Kop/staart","Rechte weg",\N,"Niet brandend","Daglicht","Droog",\N,"369172055","Wittedijk","Deurne","Deurne","Noord-Brabant",false,51.463631,5.819235,"material damage only","4","clear",false,1,"GM0762"
"20230042775",2023,"Letsel",2,"Personenauto","Fiets","Frontaal","Kruispunt, 4 takken",50,"Niet brandend","Daglicht","Droog",\N,\N,"Botlekweg","Botlek Rotterdam","Rotterdam","Zuid-Holland",false,51.883341,4.260483,"injury","2","clear",false,1,"GM0599"
"20230043980",2023,"Uitsluitend materiele schade",1,"Fiets",\N,"Eenzijdig","Rechte weg",\N,"Brandend","Duisternis","Droog",\N,"600515988","Hatertseweg","Nijmegen","Nijmegen","Gelderland",false,51.824462,5.852704,"material damage only","4","clear",false,1,"GM0268"
"20230046905",2023,"Letsel",2,"Personenauto","Fiets","Flank","Kruispunt, 3 takken",30,"Niet brandend","Daglicht","Droog",\N,\N,"1e Polderweg","Utrecht","Utrecht","Utrecht",false,52.119981,5.086012,"injury","2","clear",false,1,"GM0344"
"20230052155",2023,"Letsel",1,"Fiets",\N,"Eenzijdig","Rechte weg",50,"Niet brandend","Daglicht","Droog",\N,"225251073","P.C. Hooftlaan","Sliedrecht","Sliedrecht","Zuid-Holland",false,51.819098,4.777814,"injury","2","clear",false,1,"GM0610"
"20230056793",2023,"Letsel",2,"Fiets","Fiets","Kop/staart","Rechte weg",50,"Niet brandend","Daglicht","Droog",\N,"349288002","Grintweg","Wageningen","Wageningen","Gelderland",false,51.986199,5.677182,"injury","2","clear",false,1,"GM0289"
"20230060692",2023,"Letsel",3,"Bromfiets","Fiets","Onbekend","Rechte weg",30,"Niet brandend","Daglicht","Droog",\N,"601113929","Oudedijk","Rotterdam","Rotterdam","Zuid-Holland",false,51.92727,4.509862,"injury","2","clear",false,1,"GM0599"
"20230064146",2023,"Letsel",2,"Fiets","Fiets","Onbekend","Kruispunt, 3 takken",30,"Niet brandend","Daglicht","Droog",\N,\N,"Grote Markt","Groningen","Groningen","Groningen",false,53.219026,6.567102,"injury","2","clear",false,1,"GM0014"
"20230065403",2023,"Uitsluitend materiele schade",2,"Personenauto","Fiets","Flank","Kruispunt, 3 takken",80,"Niet brandend","Daglicht","Droog",\N,\N,"Rietgraaf","Nijmegen","Nijmegen","Gelderland",false,51.892655,5.837064,"material damage only","4","clear",false,1,"GM0268"
"20230066021",2023,"Letsel",2,"Bromfiets","Fiets","Frontaal","Rechte weg",\N,"Brandend","Schemer","Regen",\N,"600522977","FIETSPAD","Amsterdam","Amsterdam","Noord-Holland",false,52.388473,4.961292,"injury","2","rain",false,1,"GM0363"
"20230038224",2023,"Letsel",2,"Personenauto","Fiets","Frontaal","Rechte weg",50,"Niet brandend","Daglicht","Droog",\N,"315294039","Rijksstraatweg","Leersum","Utrechtse Heuvelrug","Utrecht",false,52.012127,5.4287,"injury","2","clear",false,1,"GM1581"
"20230047525",2023,"Letsel",2,"Personenauto","Fiets","Flank","Kruispunt, 3 takken",50,"Niet brandend","Daglicht","Droog","Tankstation",\N,"Breitnerlaan","Nieuwegein","Nieuwegein","Utrecht",false,52.033624,5.083601,"injury","2","clear",false,1,"GM0356"
"20230048744",2023,"Letsel",2,"Personenauto","Fiets","Flank","Kruispunt, 4 takken",50,"Niet brandend","Daglicht","Droog",\N,\N,"Bleiswijksepad","Zoetermeer","Zoetermeer","Zuid-Holland",false,52.047419,4.491893,"injury","2","clear",false,1,"GM0637"
"20230050446",2023,"Uitsluitend materiele schade",3,"Personenauto","Fiets","Onbekend","Kruispunt, 4 takken",50,"Niet brandend","Daglicht","Droog",\N,\N,"Stadhouderskade","Amsterdam","Amsterdam","Noord-Holland",false,52.358719,4.903881,"material damage only","4","clear",false,1,"GM0363"
"20230052779",2023,"Uitsluitend materiele schade",2,"e-bike","Bestelauto","Flank","Rotonde",50,"Niet brandend","Daglicht","Droog",\N,\N,"Eikenlaan","Spijkenisse","Nissewaard","Zuid-Holland",false,51.84185,4.331052,"material damage only","4","clear",false,1,"GM1930"
"20240127675",2024,"Letsel",3,"Fiets","Fiets","Flank","Rechte weg",30,"Niet brandend","Daglicht","Droog",\N,"440391011","Kerkstraat","Lemelerveld","Dalfsen","Overijssel",false,52.444824,6.352377,"injury","2","clear",false,1,"GM0148"
"20240128246",2024,"Letsel",2,"Bestelauto","Fiets","Onbekend","Rechte weg",30,"Brandend","Duisternis","Regen",\N,\N,"Sonsbeekweg","Arnhem","Arnhem","Gelderland",false,51.986635,5.905915,"injury","2","rain",false,1,"GM0202"
"20230066424",2023,"Uitsluitend materiele schade",2,"Fiets","Personenauto","Onbekend","Rechte weg",50,"Niet brandend","Daglicht","Droog",\N,"232391013","Westzijde","Zaandam","Zaanstad","Noord-Holland",false,52.447444,4.819291,"material damage only","4","clear",false,1,"GM0479"
"20230041098",2023,"Uitsluitend materiele schade",3,"Fiets","Fiets","Frontaal","Rechte weg",15,"Niet brandend","Daglicht","Regen",\N,"600906620","Glazenapstraat","Tegelen","Venlo","Limburg",false,51.333701,6.151492,"material damage only","4","rain",false,1,"GM0983"
"20230043431",2023,"Uitsluitend materiele schade",2,"Fiets","Personenauto","Flank","Rotonde",50,"Niet brandend","Daglicht","Droog",\N,\N,"Pepijnstraat","Venlo","Venlo","Limburg",false,51.367177,6.15108,"material damage only","4","clear",false,1,"GM0983"
"20230045796",2023,"Letsel",2,"Bestelauto","Fiets","Eenzijdig","Kruispunt, 4 takken",30,"Niet brandend","Daglicht","Droog",\N,\N,"Rondeboslaan","Farmsum","Eemsdelta","Groningen",false,53.319577,6.92496,"injury","2","clear",false,1,"GM1979"
"20230048168",2023,"Uitsluitend materiele schade",2,"Personenauto","Fiets","Flank","Kruispunt, 4 takken",50,"Niet brandend","Daglicht","Droog",\N,\N,"Het Hout","Houten","Houten","Utrecht",false,52.021175,5.167691,"material damage only","4","clear",false,1,"GM0321"
"20230061278",2023,"Letsel",2,"Fiets","Fiets","Onbekend","Rechte weg",50,"Brandend","Duisternis","Regen",\N,"158317211","Badhuisweg","'s-Gravenhage","'s-Gravenhage","Zuid-Holland",false,52.111331,4.285037,"injury","2","rain",false,1,"GM0518"
"20230041731",2023,"Letsel",3,"Fiets","Fiets","Onbekend","Rechte weg",50,"Niet brandend","Daglicht","Droog","Brug/viaduct","600891925","Brugweg","Zwijndrecht","Zwijndrecht","Zuid-Holland",false,51.812887,4.643373,"injury","2","clear",false,1,"GM0642"
"20230047001",2023,"Uitsluitend materiele schade",2,"Personenauto","Fiets","Flank","Kruispunt, 4 takken",50,"Niet brandend","Daglicht","Droog",\N,\N,"Constant Erzeijstraat","Utrecht","Utrecht","Utrecht",false,52.066403,5.119856,"material damage only","4","clear",false,1,"GM0344"
"20230048216",2023,"Uitsluitend materiele schade",2,"Personenauto","e-bike","Flank","Rechte weg",30,"Niet brandend","Daglicht","Droog",\N,"281371077","Jacob van Maerlantstraat","Almere","Almere","Flevoland",false,52.3607,5.177628,"material damage only","4","clear",false,1,"GM0034"
"20230060352",2023,"Uitsluitend materiele schade",2,"Personenauto","Fiets","Flank","Kruispunt, 3 takken",50,"Niet brandend","Daglicht","Droog",\N,\N,"Ringbaan-West","Tilburg","Tilburg","Noord-Brabant",false,51.554699,5.063247,"material damage only","4","clear",false,1,"GM0855"
"20230061862",2023,"Uitsluitend materiele schade",2,"Bromfiets","Fiets","Onbekend","Rechte weg",30,"Niet brandend","Daglicht","Droog",\N,"187328067","Lange Mare","Leiden","Leiden","Zuid-Holland",false,52.161259,4.49042,"material damage only","4","clear",false,1,"GM0546"
"20240128706",2024,"Uitsluitend materiele schade",2,"Personenauto","Fiets","Flank","Kruispunt, 4 takken",50,"Niet brandend","Daglicht","Droog",\N,\N,"Violenstraat","Groningen","Groningen","Groningen",false,53.224027,6.559435,"material damage only","4","clear",false,1,"GM0014"
"20230056939",2023,"Uitsluitend materiele schade",2,"Personenauto","Fiets","Onbekend","Rechte weg",50,"Niet brandend","Daglicht","Droog",\N,"600960339","Mooienhof","Enschede","Enschede","Overijssel",false,52.216452,6.900264,"material damage only","4","clear",false,1,"GM0153"
"20230066534",2023,"Letsel",2,"Personenauto","e-bike","Flank","Kruispunt, 4 takken",50,"Niet brandend","Daglicht","Droog",\N,\N,"Molenvaart","Anna Paulowna","Hollands Kroon","Noord-Holland",false,52.866923,4.819571,"injury","2","clear",false,1,"GM1911"
"20230037767",2023,"Letsel",2,"Fiets","Vrachtauto","Eenzijdig","Kruispunt, 3 takken",50,"Niet brandend","Daglicht","Droog",\N,\N,"Alkmaarseweg","Beverwijk","Beverwijk","Noord-Holland",false,52.489438,4.660112,"injury","2","clear",false,1,"GM0375"
"20230037770",2023,"Letsel",2,"Personenauto","Fiets","Flank","Kruispunt, 3 takken",50,"Niet brandend","Daglicht","Droog",\N,\N,"Biesheuvelstraat","Hoofddorp","Haarlemmermeer","Noord-Holland",false,52.303002,4.630868,"injury","2","clear",false,1,"GM0394"
"20230040080",2023,"Letsel",2,"Fiets","Bromfiets","Flank","Rechte weg",50,"Niet brandend","Daglicht","Droog",\N,\N,"Lammenschansweg","Leiden","Leiden","Zuid-Holland",false,52.147551,4.492179,"injury","2","clear",false,1,"GM0546"
"20230046514",2023,"Letsel",2,"Personenauto","Fiets","Flank","Rotonde",50,"Niet brandend","Daglicht","Droog",\N,\N,"Zuidtangent","Heerhugowaard","Dijk en Waard","Noord-Holland",false,52.665571,4.826949,"injury","2","clear",false,1,"GM1980"
"20230049992",2023,"Uitsluitend materiele schade",2,"Personenauto","e-bike","Onbekend","Kruispunt, 4 takken",50,"Niet brandend","Daglicht","Droog",\N,\N,"Appelstraat","'s-Gravenhage","'s-Gravenhage","Zuid-Holland",false,52.064786,4.252925,"material damage only","4","clear",false,1,"GM0518"
"20230056397",2023,"Uitsluitend materiele schade",2,"Personenauto","Fiets","Onbekend","Bocht",50,"Niet brandend","Daglicht","Droog",\N,"600157748","Singel","'t Harde","Elburg","Gelderland",false,52.414396,5.88235,"material damage only","4","clear",false,1,"GM0230"
"20240130490",2024,"Letsel",2,"Fiets","Fiets","Onbekend","Rechte weg",30,"Brandend","Duisternis","Droog",\N,\N,"Kettingbrugweg","Hengelo","Hengelo (O)","Overijssel",false,52.247945,6.821609,"injury","2","clear",false,1,\N
"20240131223",2024,"Letsel",2,"Personenauto","Fiets","Flank","Kruispunt, 3 takken",30,"Niet brandend","Daglicht","Droog",\N,\N,"Stadionkade","Amsterdam","Amsterdam","Noord-Holland",false,52.343873,4.865885,"injury","2","clear",false,1,"GM0363"
"20240131535",2024,"Letsel",1,"Fiets",\N,"Onbekend","Rechte weg",30,"Niet brandend","Daglicht","Droog",\N,"600221925","Zuidtakpad","Nieuw-Vennep","Haarlemmermeer","Noord-Holland",false,52.283643,4.640439,"injury","2","clear",false,1,"GM0394"
"20230038390",2023,"Uitsluitend materiele schade",2,"Personenauto","Fiets","Flank","Rotonde",50,"Niet brandend","Daglicht","Droog",\N,\N,"Marco Pololaan","Utrecht","Utrecht","Utrecht",false,52.072801,5.093984,"material damage only","4","clear",false,1,"GM0344"
"20230045936",2023,"Letsel",2,"Personenauto","Fiets","Flank","Rechte weg",80,"Niet brandend","Daglicht","Droog",\N,\N,"Zuiderzeestraatweg","Hattem","Hattem","Gelderland",true,52.494716,6.051695,"injury","2","clear",false,1,"GM0244"
"20230052365",2023,"Letsel",2,"Fiets",\N,"Eenzijdig","Rechte weg",30,"Niet brandend","Daglicht","Droog",\N,"190276024","Plaszoom","Rotterdam","Rotterdam","Zuid-Holland",false,51.932757,4.522241,"injury","2","clear",false,1,"GM0599"
"20240131877",2024,"Letsel",2,"Fiets","Overig vast object","Vast voorwerp","Rechte weg",30,"Brandend","Duisternis","Droog",\N,"209383068","Jan Gijzenkade","Haarlem","Haarlem","Noord-Holland",false,52.412475,4.647517,"injury","2","clear",false,1,"GM0392"
"20240132142",2024,"Letsel",2,"Personenauto","Fiets","Flank","Rechte weg",30,"Niet brandend","Daglicht","Droog",\N,"320402016","Tjalk 32","Lelystad","Lelystad","Flevoland",false,52.499654,5.466599,"injury","2","clear",false,1,"GM0995"
"20240132179",2024,"Letsel",2,"Fiets","Fiets","Frontaal","Rechte weg",60,"Niet brandend","Daglicht","Droog",\N,"224533001","Ruijslaan","De Koog","Texel","Noord-Holland",false,53.088072,4.755194,"injury","2","clear",false,1,"GM0448"
"20240132195",2024,"Letsel",2,"Bestelauto","Fiets","Flank","Kruispunt, 3 takken",50,"Niet brandend","Daglicht","Droog",\N,\N,"Unjerpad","Zwaag","Hoorn","Noord-Holland",false,52.670889,5.082538,"injury","2","clear",false,1,"GM0405"
"20240133411",2024,"Uitsluitend materiele schade",2,"Fiets","Personenauto","Flank","Kruispunt, 4 takken",30,"Niet brandend","Daglicht","Droog",\N,\N,"Steenwijklaan","'s-Gravenhage","'s-Gravenhage","Zuid-Holland",false,52.042904,4.279796,"material damage only","4","clear",false,1,"GM0518"
"20230046562",2023,"Letsel",1,"Fiets",\N,"Eenzijdig","Rechte weg",50,"Niet brandend","Daglicht","Droog",\N,"256471040","Breestraat","Middenmeer","Hollands Kroon","Noord-Holland",false,52.806515,4.99427,"injury","2","clear",false,1,"GM1911"
"20230047169",2023,"Letsel",2,"Personenauto","Fiets","Flank","Rotonde",50,"Niet brandend","Daglicht","Droog",\N,\N,"Noordweg","Wormer","Wormerland","Noord-Holland",false,52.498637,4.80086,"injury","2","clear",false,1,"GM0880"
"20230047752",2023,"Uitsluitend materiele schade",2,"Personenauto","Fiets","Flank","Kruispunt, 4 takken",30,"Niet brandend","Daglicht","Droog",\N,\N,"Florastraat","Wormer","Wormerland","Noord-Holland",false,52.497985,4.808498,"material damage only","4","clear",false,1,"GM0880"
"20220228742",2022,"Uitsluitend materiele schade",2,"Personenauto","Fiets","Flank","Kruispunt, 4 takken",50,"Brandend","Duisternis","Droog",\N,\N,"Frontstraat","Uden","Maashorst","Noord-Brabant",false,51.652465,5.647668,"material damage only","4","clear",false,1,"GM1991"
"20220210894",2022,"Letsel",2,"Bestelauto","Fiets","Flank","Rechte weg",50,"Niet brandend","Daglicht","Droog",\N,"600362639","Brederodestraat","Amsterdam","Amsterdam","Noord-Holland",false,52.360708,4.86196,"injury","2","clear",false,1,"GM0363"
"20220212226",2022,"Letsel",2,"Bromfiets","Fiets","Flank","Rechte weg",50,"Brandend","Duisternis","Droog",\N,\N,"Linnaeusstraat","Amsterdam","Amsterdam","Noord-Holland",false,52.361956,4.924057,"injury","2","clear",false,1,"GM0363"
"20220228064",2022,"Uitsluitend materiele schade",2,"Personenauto","Fiets","Flank","Kruispunt, 4 takken",50,"Brandend","Duisternis","Droog",\N,\N,"Vonderweg","Eindhoven","Eindhoven","Noord-Brabant",false,51.438796,5.469037,"material damage only","4","clear",false,1,"GM0772"
"20220289082",2022,"Letsel",2,"Fiets","Personenauto","Flank","Kruispunt, 4 takken",80,"Niet brandend","Daglicht","Droog",\N,\N,"Bospad","Havelte","Westerveld","Drenthe",false,52.763522,6.232681,"injury","2","clear",false,1,"GM1701"
"20220199614",2022,"Uitsluitend materiele schade",3,"Personenauto","Fiets","Los voorwerp","Kruispunt, 4 takken",50,"Brandend","Duisternis","Droog",\N,\N,"De Nieuwe Haven","Hardenberg","Hardenberg","Overijssel",false,52.558758,6.628686,"material damage only","4","clear",false,1,"GM0160"
"20220203159",2022,"Letsel",2,"Fiets","Fiets","Kop/staart","Bocht",30,"Niet brandend","Daglicht","Droog",\N,"323405055","Atol","Lelystad","Lelystad","Flevoland",false,52.513353,5.4887,"injury","2","clear",false,1,"GM0995"
"20220222349",2022,"Letsel",1,"Fiets",\N,"Eenzijdig",\N,50,\N,"Duisternis",\N,\N,"186271045","Posthumalaan","Rotterdam","Rotterdam","Zuid-Holland",false,51.906733,4.492657,"injury","2","unknown",false,1,"GM0599"
"20220214556",2022,"Letsel",1,"Fiets",\N,"Eenzijdig","Rechte weg",\N,"Niet brandend","Daglicht","Droog",\N,"150303022","Mick Clavanpad","'s-Gravenhage","'s-Gravenhage","Zuid-Holland",false,52.047178,4.22829,"injury","2","clear",false,1,"GM0518"
"20220222373",2022,"Uitsluitend materiele schade",2,"Bromfiets","Fiets","Flank","Rotonde",30,"Brandend","Duisternis","Droog",\N,\N,"Olympiaweg","Rotterdam","Rotterdam","Zuid-Holland",false,51.886804,4.529485,"material damage only","4","clear",false,1,"GM0599"