"accident_id","year","severity_raw","party_count","party1_type","party2_type","accident_type","road_situation","speed_limit_kmh","road_lighting","light_condition_label","weather_raw","infra_type","road_segment_id","street_name","place_name","gemeente_name_raw","province","alcohol_indicated","latitude","longitude","severity_label","severity_code","weather_label","built_up_area","cyclists_involved","gemeente_code"
"20240023978",2024,"Uitsluitend materiele schade",2,"Personenauto","Fiets","Flank","Kruispunt, 4 takken",30,"Niet brandend","Daglicht","Droog",\N,\N,"Burg. Lemmensstraat","Geleen","Sittard-Geleen","Limburg",false,50.979016,5.815724,"material damage only","4","clear",false,1,"GM1883"
"20240153105",2024,"Letsel",2,"Fiets","Fiets","Flank","Rechte weg",30,"Brandend","Duisternis","Droog",\N,"600389462","Johannes Vermeerplein","Amsterdam","Amsterdam","Noord-Holland",false,52.355731,4.883757,"injury","2","clear",false,1,"GM0363"
"20230107713",2023,"Letsel",2,"Personenauto","Fiets","Onbekend","Kruispunt, 3 takken",50,"Niet brandend","Daglicht","Droog",\N,\N,"Nobelstraat","Brielle","Voorne aan Zee","Zuid-Holland",false,51.900063,4.162127,"injury","2","clear",false,1,"GM1992"
"20240006330",2024,"Uitsluitend materiele schade",2,"Bromfiets","Fiets","Flank","Rotonde",50,"Brandend","Duisternis","Regen",\N,\N,"Emmastraat","Hilversum","Hilversum","Noord-Holland",false,52.222009,5.178241,"material damage only","4","rain",false,1,"GM0402"
"20240017854",2024,"Letsel",1,"Fiets",\N,"Onbekend","Rechte weg",30,"Brandend","Duisternis","Droog",\N,"600359944","Nieuwe Sint Jansstraat","Groningen","Groningen","Groningen",false,53.220298,6.572825,"injury","2","clear",false,1,"GM0014"
"20240017970",2024,"Uitsluitend materiele schade",2,"Fiets","Personenauto","Frontaal","Kruispunt, 3 takken",30,"Niet brandend","Daglicht","Droog",\N,\N,"Sint Jorisstraat","Kampen","Kampen","Overijssel",false,52.561449,5.903455,"material damage only","4","clear",false,1,"GM0166"
"20240157327",2024,"Letsel",2,"Personenauto","Fiets","Flank","Kruispunt, 4 takken",30,"Brandend","Duisternis",\N,\N,\N,"Willem Prinzenstraat","Helmond","Helmond","Noord-Brabant",false,51.484411,5.669892,"injury","2","unknown",false,1,"GM0794"
"20240010222",2024,"Uitsluitend materiele schade",1,"Fiets",\N,"Onbekend",\N,\N,\N,"Daglicht",\N,\N,\N,"Haulstersingel","Scharsterbrug","De Fryske Marren","Friesland",false,52.952796,5.791218,"material damage only","4","unknown",false,1,"GM1940"
"20240010657",2024,"Letsel",2,"Bestelauto","Fiets","Flank","Kruispunt, 4 takken",50,"Niet brandend","Daglicht","Droog",\N,\N,"Vlasakkerweg","Amersfoort","Amersfoort","Utrecht",false,52.153549,5.378854,"injury","2","clear",false,1,"GM0307"
"20240017702",2024,"Uitsluitend materiele schade",2,"Personenauto","Fiets","Onbekend","Kruispunt, 3 takken",30,"Niet brandend","Daglicht","Droog",\N,\N,"Nieuwstraat","Nijverdal","Hellendoorn","Overijssel",false,52.370209,6.454998,"material damage only","4","clear",false,1,"GM0163"
"20240018956",2024,"Uitsluitend materiele schade",2,"Bromfiets","Fiets","Flank","Rechte weg",50,"Niet brandend","Daglicht","Droog",\N,\N,"Florijn","Hoorn","Hoorn","Noord-Holland",false,52.64904,5.089637,"material damage only","4","clear",false,1,"GM0405"
"20240152524",2024,"Uitsluitend materiele schade",2,"Personenauto","Fiets","Flank","Rotonde",50,"Brandend","Duisternis","Droog",\N,\N,"Waddenweg","Hoofddorp","Haarlemmermeer","Noord-Holland",false,52.319246,4.651275,"material damage only","4","clear",false,1,"GM0394"
"20230108948",2023,"Uitsluitend materiele schade",2,"Personenauto","Fiets","Los voorwerp","Rechte weg",50,"Niet brandend","Daglicht","Droog",\N,\N,"Lambertus Hortensiuslaan","Hilversum","Hilversum","Noord-Holland",false,52.22304,5.158945,"material damage only","4","clear",false,1,"GM0402"
"20240003051",2024,"Uitsluitend materiele schade",2,"Snorfiets","Fiets","Flank","Kruispunt, 4 takken",30,"Brandend","Duisternis","Droog",\N,\N,"Markt","Venlo","Venlo","Limburg",false,51.370562,6.169408,"material damage only","4","clear",false,1,"GM0983"
"20240011527",2024,"Letsel",2,"Personenauto","Fiets","Flank","Rechte weg",30,"Brandend","Duisternis","Droog",\N,"243336011","Dr. J. Severijnplantsoen","Wilnis","De Ronde Venen","Utrecht",false,52.199763,4.898527,"injury","2","clear",false,1,"GM0736"
"20240018976",2024,"Letsel",2,"Fiets","Overig vast object","Vast voorwerp","Rechte weg",30,"Niet brandend","Daglicht","Droog",\N,\N,"Lageweg","Schellinkhout","Drechterland","Noord-Holland",false,52.647055,5.102061,"injury","2","clear",false,1,"GM0498"
"20240021205",2024,"Letsel",1,"Fiets",\N,"Frontaal","Kruispunt, 3 takken",30,"Niet brandend","Daglicht","Droog",\N,\N,"Havenstraat","Delft","Delft","Zuid-Holland",false,52.009166,4.354568,"injury","2","clear",false,1,"GM0503"
"20240025091",2024,"Uitsluitend materiele schade",2,"Personenauto","Fiets","Onbekend","Kruispunt, 4 takken",30,"Niet brandend","Daglicht","Regen",\N,\N,"Heiligenberg","Cuijk","Land van Cuijk","Noord-Brabant",false,51.731079,5.869051,"material damage only","4","rain",false,1,"GM1982"
"20240013244",2024,"Letsel",2,"Fiets","Fiets","Onbekend","Rechte weg",30,"Niet brandend","Daglicht","Droog",\N,\N,"Hoofdstraat","Sassenheim","Teylingen","Zuid-Holland",false,52.217748,4.507797,"injury","2","clear",false,1,"GM1525"
"20230111348",2023,"Letsel",1,"Fiets",\N,"Eenzijdig","Rechte weg",30,"Niet brandend","Daglicht","Droog",\N,"600750148","Kogendijk","Bergen (NH)","Bergen (NH)","Noord-Holland",false,52.66354,4.732304,"injury","2","clear",false,1,\N
"20240009880",2024,"Letsel",2,"Personenauto","Fiets","Flank","Rotonde",50,"Niet brandend","Daglicht","Regen",\N,\N,"Hoeksterpoort","Leeuwarden","Leeuwarden","Friesland",false,53.207196,5.802711,"injury","2","rain",false,1,"GM0080"
"20240012161",2024,"Uitsluitend materiele schade",2,"Personenauto","Fiets","Flank","Kruispunt, 3 takken",50,"Brandend","Schemer","Droog",\N,\N,"De la Reyweg","'s-Gravenhage","'s-Gravenhage","Zuid-Holland",false,52.059841,4.292583,"material damage only","4","clear",false,1,"GM0518"
"20240023061",2024,"Uitsluitend materiele schade",2,"Personenauto","Fiets","Flank","Kruispunt, 4 takken",50,"Niet brandend","Daglicht","Droog",\N,\N,"van Barbansonstraat","Voorburg","Leidschendam-Voorburg","Zuid-Holland",false,52.074419,4.348186,"material damage only","4","clear",false,1,"GM1916"
"20240013645",2024,"Letsel",2,"Motor","Fiets","Flank","Rechte weg",50,"Niet brandend","Daglicht","Regen",\N,\N,"Wandelweg","Wormerveer","Zaanstad","Noord-Holland",false,52.484793,4.806311,"injury","2","rain",false,1,"GM0479"
"20240013994",2024,"Letsel",2,"Personenauto","Fiets","Flank","Kruispunt, 4 takken",30,"Niet brandend","Daglicht","Droog",\N,\N,"Lienderweg","Asten","Asten","Noord-Brabant",false,51.406644,5.75294,"injury","2","clear",false,1,"GM0743"
"20240015789",2024,"Uitsluitend materiele schade",2,"Personenauto","Fiets","Flank","Rechte weg",50,"Brandend","Duisternis","Regen",\N,"600856033","Antoniuslaan","Venlo","Venlo","Limburg",false,51.366265,6.154023,"material damage only","4","rain",false,1,"GM0983"
"20240007051",2024,"Letsel",2,"Bestelauto","Fiets","Frontaal","Kruispunt, 4 takken",30,"Brandend","Duisternis","Regen",\N,\N,"Parsstraat","Katwijk","Katwijk","Zuid-Holland",false,52.204614,4.424756,"injury","2","rain",false,1,"GM0537"
"20240013699",2024,"Uitsluitend materiele schade",2,"Personenauto","Fiets","Flank","Kruispunt, 4 takken",30,"Niet brandend","Daglicht","Droog",\N,\N,"LANGEVIELEBUITBRUG","Middelburg","Middelburg","Zeeland",false,51.495376,3.605947,"material damage only","4","clear",false,1,\N
"20240014914",2024,"Uitsluitend materiele schade",2,"Bestelauto","Fiets","Flank","Rechte weg",30,"Niet brandend","Daglicht","Droog",\N,"600385768","Segeersstraat","Middelburg","Middelburg","Zeeland",false,51.497976,3.615964,"material damage only","4","clear",false,1,\N
"20230109076",2023,"Uitsluitend materiele schade",2,"Personenauto","Fiets","Onbekend","Rotonde",60,"Brandend","Duisternis","Regen",\N,"600777018","Berchmansweg","Vianen","Vijfheerenlanden","Utrecht",false,51.989005,5.112278,"material damage only","4","rain",false,1,"GM1961"
"20240014415",2024,"Uitsluitend materiele schade",2,"Personenauto","Fiets","Flank","Kruispunt, 4 takken",30,"Brandend","Duisternis","Droog",\N,\N,"Ruilstraat","Rotterdam","Rotterdam","Zuid-Holland",false,51.910919,4.451866,"material damage only","4","clear",false,1,"GM0599"
"20240015658",2024,"Letsel",2,"Personenauto","Fiets","Flank","Rechte weg",50,"Niet brandend","Schemer","Droog",\N,"389223016","Brabantweg","Gennep","Gennep","Limburg",false,51.693514,5.963818,"injury","2","clear",false,1,"GM0907"
"20240016078",2024,"Letsel",2,"Personenauto","Fiets","Flank","Kruispunt, 3 takken",50,"Niet brandend","Daglicht","Droog",\N,\N,"Driesveldlaan","Weert","Weert","Limburg",false,51.251187,5.704411,"injury","2","clear",false,1,"GM0988"
"20240016389",2024,"Letsel",2,"Personenauto","Fiets","Onbekend","Kruispunt, 4 takken",50,"Brandend","Duisternis","Regen",\N,\N,"Hoogstraat","Landgraaf","Landgraaf","Limburg",false,50.91197,6.035125,"injury","2","rain",false,1,"GM0882"
"20240016632",2024,"Uitsluitend materiele schade",2,"Fiets","Fiets","Onbekend","Kruispunt, 4 takken",30,"Niet brandend","Daglicht","Droog",\N,\N,"Burg Schullstraat","Tiel","Tiel","Gelderland",false,51.882626,5.420341,"material damage only","4","clear",false,1,"GM0281"
"20240018104",2024,"Letsel",2,"Personenauto","Fiets","Flank","Kruispunt, 3 takken",30,"Brandend","Daglicht","Droog",\N,\N,"de Kaap","Leek","Westerkwartier","Groningen",false,53.142031,6.374879,"injury","2","clear",false,1,"GM1969"
"20240153398",2024,"Uitsluitend materiele schade",2,"Personenauto","Fiets","Flank","Rechte weg",30,"Brandend","Schemer","Droog",\N,"600381722","Govert Flinckstraat","Amsterdam","Amsterdam","Noord-Holland",false,52.354797,4.891882,"material damage only","4","clear",false,1,"GM0363"
"20240011776",2024,"Uitsluitend materiele schade",2,"Bestelauto","Fiets","Flank","Kruispunt, 4 takken",50,"Niet brandend","Daglicht","Droog",\N,\N,"St. Annastraat","Nijmegen","Nijmegen","Gelderland",false,51.830437,5.858179,"material damage only","4","clear",false,1,"GM0268"
"20240012337",2024,"Uitsluitend materiele schade",2,"Personenauto","Fiets","Onbekend","Rechte weg",\N,"Niet brandend","Daglicht","Droog",\N,"159308051","Monstersestraat","'s-Gravenhage","'s-Gravenhage","Zuid-Holland",false,52.071295,4.292847,"material damage only","4","clear",false,1,"GM0518"
"20240157611",2024,"Letsel",2,"Personenauto","Fiets","Flank","Kruispunt, 4 takken",50,"Niet brandend","Daglicht","Droog",\N,\N,"Meentgoorn","Assen","Assen","Drenthe",false,53.015232,6.590001,"injury","2","clear",false,1,"GM0106"
"20240013128",2024,"Letsel",2,"Personenauto","Fiets","Flank","Kruispunt, 4 takken",30,"Brandend","Duisternis","Regen",\N,\N,"Geldersekade","Amsterdam","Amsterdam","Noord-Holland",false,52.376094,4.902803,"injury","2","rain",false,1,"GM0363"
"20240016294",2024,"Uitsluitend materiele schade",2,"Personenauto","Fiets","Flank","Rotonde",50,"Niet brandend","Daglicht","Droog",\N,\N,"In de Cramer","Heerlen","Heerlen","Limburg",false,50.893031,5.960109,"material damage only","4","clear",false,1,"GM0917"
"20240016703",2024,"Uitsluitend materiele schade",2,"Personenauto","Fiets","Flank","Kruispunt, 3 takken",50,"Brandend","Duisternis","Regen",\N,\N,"Oostriklaan","Deventer","Deventer","Overijssel",false,52.248783,6.215227,"material damage only","4","rain",false,1,"GM0150"
"20240007181",2024,"Uitsluitend materiele schade",2,"Trein/tram","Fiets","Flank","Kruispunt, 4 takken",50,"Niet brandend","Daglicht","Droog",\N,"600105506","Loosduinseweg","'s-Gravenhage","'s-Gravenhage","Zuid-Holland",false,52.071364,4.286603,"material damage only","4","clear",false,1,"GM0518"
"20240021325",2024,"Letsel",2,"Snorfiets","Fiets","Onbekend","Rechte weg",30,"Brandend","Duisternis","Droog",\N,"245371027","Eerste Oosterparkstraat","Amsterdam","Amsterdam","Noord-Holland",false,52.357819,4.916572,"injury","2","clear",false,1,"GM0363"
"20240024929",2024,"Uitsluitend materiele schade",2,"Personenauto","Fiets","Flank","Kruispunt, 4 takken",50,"Niet brandend","Daglicht","Droog",\N,\N,"Wegedoornpage","Breda","Breda","Noord-Brabant",false,51.588303,4.750008,"material damage only","4","clear",false,1,"GM0758"
"20240152197",2024,"Uitsluitend materiele schade",2,"Fiets","Personenauto","Flank","Rotonde",50,"Brandend","Duisternis","Droog",\N,\N,"Mr G G v Prinstererln","Amstelveen","Amstelveen","Noord-Holland",false,52.305797,4.862049,"material damage only","4","clear",false,1,"GM0362"
"20240155142",2024,"Letsel",2,"Personenauto","Fiets","Flank","Kruispunt, 4 takken",30,"Niet brandend","Daglicht","Regen",\N,\N,"Zegwaartseweg","Zoetermeer","Zoetermeer","Zuid-Holland",false,52.058871,4.517133,"injury","2","rain",false,1,"GM0637"
"20230111044",2023,"Letsel",2,"Fiets","Personenauto","Flank","Rechte weg",50,"Brandend","Duisternis","Droog",\N,\N,"Gildenburg","Gouda","Gouda","Zuid-Holland",false,52.032035,4.701768,"injury","2","clear",false,1,"GM0513"
"20230023653",2023,"Letsel",2,"Personenauto","Fiets","Flank","Rechte weg",50,"Niet brandend","Daglicht","Droog",\N,"215293030","Reigerstraat","Gouda","Gouda","Zuid-Holland",false,52.008694,4.697382,"injury","2","clear",false,1,"GM0513"
"20230025443",2023,"Letsel",3,"Fiets","Fiets","Onbekend","Rechte weg",50,"Niet brandend","Schemer","Droog",\N,"600678218","Terbregseweg","Rotterdam","Rotterdam","Zuid-Holland",false,51.948837,4.52594,"injury","2","clear",false,1,"GM0599"
"20230032306",2023,"Uitsluitend materiele schade",2,"Personenauto","Fiets","Flank","Kruispunt, 3 takken",30,"Niet brandend","Daglicht","Droog",\N,\N,"Kerkstraat","Born","Sittard-Geleen","Limburg",false,51.031954,5.809268,"material damage only","4","clear",false,1,"GM1883"
"20240030018",2024,"Letsel",2,"Personenauto","Fiets","Flank","Kruispunt, 4 takken",30,"Niet brandend","Daglicht","Droog",\N,\N,"Veenkade","'s-Gravenhage","'s-Gravenhage","Zuid-Holland",false,52.07747,4.296847,"injury","2","clear",false,1,"GM0518"
"20240030354",2024,"Uitsluitend materiele schade",2,"Personenauto","Fiets","Flank","Kruispunt, 3 takken",30,"Niet brandend","Daglicht","Regen",\N,\N,"Antwerpenstraat","Haarlem","Haarlem","Noord-Holland",false,52.359114,4.647778,"material damage only","4","rain",false,1,"GM0392"
"20230066865",2023,"Letsel",2,"Personenauto","Fiets","Flank","Kruispunt, 4 takken",30,"Niet brandend","Daglicht","Droog",\N,\N,"Hoogegeest","Akersloot","Castricum","Noord-Holland",false,52.565847,4.734004,"injury","2","clear",false,1,"GM0383"
"20230068385",2023,"Uitsluitend materiele schade",2,"Fiets","Personenauto","Flank","Rechte weg",50,"Niet brandend","Daglicht","Droog",\N,"181272041","Nieuwe Binnenweg","Rotterdam","Rotterdam","Zuid-Holland",false,51.912827,4.458092,"material damage only","4","clear",false,1,"GM0599"
"20230069180",2023,"Letsel",2,\N,"e-bike","Eenzijdig","Rechte weg",30,"Niet brandend","Daglicht","Droog",\N,"190307072","Tochtpad","Zoetermeer","Zoetermeer","Zuid-Holland",false,52.067881,4.516316,"injury","2","clear",false,1,"GM0637"
"20230015680",2023,"Uitsluitend materiele schade",2,"Fiets","Fiets","Flank","Kruispunt, 4 takken",50,"Brandend","Duisternis","Regen",\N,\N,"Baden-Powellweg","Utrecht","Utrecht","Utrecht",false,52.078057,5.121677,"material damage only","4","rain",false,1,"GM0344"
"20230016800",2023,"Letsel",2,"Snorfiets","Fiets","Frontaal","Rechte weg",50,"Niet brandend","Daglicht","Droog/Harde windstoten",\N,"600135749","Groningerstraat","Amersfoort","Amersfoort","Utrecht",false,52.158343,5.377381,"injury","2","unknown",false,1,"GM0307"
"20230022534",2023,"Letsel",2,"Fiets","Bus","Flank","Kruispunt, 4 takken",50,"Niet brandend","Daglicht","Droog",\N,\N,"Boslaan","'s-Gravenhage","'s-Gravenhage","Zuid-Holland",false,52.083908,4.326324,"injury","2","clear",false,1,"GM0518"
"20230035617",2023,"Uitsluitend materiele schade",2,"Fiets","Fiets","Frontaal","Rechte weg",30,"Brandend","Duisternis","Droog",\N,"600873637","Duinkerkenstraat","Groningen","Groningen","Groningen",false,53.196998,6.617656,"material damage only","4","clear",false,1,"GM0014"
"20230036695",2023,"Letsel",2,"Personenauto","Fiets","Eenzijdig","Kruispunt, 4 takken",50,"Niet brandend","Daglicht","Droog",\N,\N,"Jan van Schaffelaarplnts","Amsterdam","Amsterdam","Noord-Holland",false,52.378295,4.842302,"injury","2","clear",false,1,"GM0363"
"20230069190",2023,"Letsel",2,"Fiets","Overig vast object","Vast voorwerp","Rechte weg",\N,"Niet brandend","Daglicht","Droog",\N,"182302034","Ebbehout","Zoetermeer","Zoetermeer","Zuid-Holland",false,52.046491,4.459982,"injury","2","clear",false,1,"GM0637"
"20230069641",2023,"Letsel",2,"Personenauto","Fiets","Kop/staart","Kruispunt, 4 takken",30,"Niet brandend","Daglicht","Droog",\N,\N,"Nassaustraat","Lisse","Lisse","Zuid-Holland",false,52.261647,4.560605,"injury","2","clear",false,1,"GM0553"
"20230023738",2023,"Letsel",2,"Personenauto","e-bike","Flank","Rotonde",50,"Niet brandend","Daglicht","Droog",\N,\N,"Willem de Zwijgerlaan","Zoetermeer","Zoetermeer","Zuid-Holland",false,52.055989,4.490376,"injury","2","clear",false,1,"GM0637"
"20230031784",2023,"Uitsluitend materiele schade",2,"Personenauto","Fiets","Flank","Rotonde",50,"Brandend","Duisternis","Droog",\N,\N,"Burg van Rijnsingel","Venlo","Venlo","Limburg",false,51.366087,6.172464,"material damage only","4","clear",false,1,"GM0983"
"20230067034",2023,"Uitsluitend materiele schade",2,"Personenauto","Fiets","Onbekend","Kruispunt, 4 takken",50,"Niet brandend","Daglicht","Droog",\N,\N,"Valeriusstraat","Amsterdam","Amsterdam","Noord-Holland",false,52.354219,4.868983,"material damage only","4","clear",false,1,"GM0363"
"20230074015",2023,"Letsel",2,"Fiets","Fiets","Onbekend","Rechte weg",50,\N,"Daglicht","Droog",\N,"600499402","Kazernestraat","Deventer","Deventer","Overijssel",false,52.252267,6.166882,"injury","2","clear",false,1,"GM0150"
"20230015195",2023,"Letsel",1,"Fiets",\N,"Eenzijdig","Kruispunt, 4 takken",30,"Niet brandend","Daglicht","Regen",\N,\N,"POELEBRUG","Groningen","Groningen","Groningen",false,53.218441,6.573073,"injury","2","rain",false,1,"GM0014"
"20240026464",2024,"Uitsluitend materiele schade",2,"Fiets","Fiets","Flank","Rechte weg",30,"Brandend","Duisternis","Droog",\N,"462558006","Bruilweering","Groningen","Groningen","Groningen",false,53.19372,6.533721,"material damage only","4","clear",false,1,"GM0014"
"20230023175",2023,"Letsel",3,"Personenauto","Fiets","Onbekend","Rechte weg",50,"Niet brandend","Daglicht","Droog",\N,"600715681","De la Reyweg","'s-Gravenhage","'s-Gravenhage","Zuid-Holland",false,52.068259,4.28579,"injury","2","clear",false,1,"GM0518"
"20230030685",2023,"Uitsluitend materiele schade",2,"Fiets","Personenauto","Flank","Kruispunt, 4 takken",15,"Brandend","Duisternis","Sneeuw/Hagel",\N,\N,"Kruisstraat","Eindhoven","Eindhoven","Noord-Brabant",false,51.445385,5.475031,"material damage only","4","unknown",false,1,"GM0772"
"20230075834",2023,"Uitsluitend materiele schade",2,"Personenauto","Fiets","Flank","Kruispunt, 4 takken",30,"Niet brandend","Daglicht","Droog",\N,\N,"Wold 10","Lelystad","Lelystad","Flevoland",false,52.506322,5.481284,"material damage only","4","clear",false,1,"GM0995"
"20230013483",2023,"Uitsluitend materiele schade",2,"Personenauto","Fiets","Onbekend","Rechte weg",30,"Niet brandend","Daglicht","Droog",\N,"600830178","Graaf van Rechterenweg","Oosterbeek","Renkum","Gelderland",false,51.994937,5.833941,"material damage only","4","clear",false,1,"GM0274"
"20230014055",2023,"Letsel",2,"Fiets","Boom","Vast voorwerp","Bocht",50,"Niet brandend","Daglicht","Droog",\N,"391295005","Bovenallee","Velp","Rheden","Gelderland",false,52.014689,5.982721,"injury","2","clear",false,1,"GM0275"
"20230017504",2023,"Uitsluitend materiele schade",2,"Personenauto","Fiets","Flank","Rotonde",50,"Niet brandend","Daglicht","Droog",\N,\N,"Kastanjelaan","Enkhuizen","Enkhuizen","Noord-Holland",false,52.707661,5.278369,"material damage only","4","clear",false,1,"GM0388"
"20230020419",2023,"Letsel",2,"Bromfiets","Fiets","Flank","Kruispunt, 3 takken",50,"Niet brandend","Daglicht","Droog",\N,\N,"Zeeburgerdijk","Amsterdam","Amsterdam","Noord-Holland",false,52.366172,4.946398,"injury","2","clear",false,1,"GM0363"
"20230023217",2023,"Uitsluitend materiele schade",2,"Personenauto","Fiets","Voetganger","Kruispunt, 4 takken",50,"Niet brandend","Daglicht","Droog",\N,\N,"Van Hogendorpstraat","Amsterdam","Amsterdam","Noord-Holland",false,52.382528,4.870647,"material damage only","4","clear",false,1,"GM0363"
"20230028432",2023,"Uitsluitend materiele schade",2,"Personenauto","Fiets","Flank","Kruispunt, 4 takken",30,"Niet brandend","Daglicht","Droog",\N,\N,"Irislaan","Vlissingen","Vlissingen","Zeeland",false,51.455609,3.576587,"material damage only","4","clear",false,1,"GM0718"
"20240029676",2024,"Uitsluitend materiele schade",2,"Scootmobiel","Fiets","Kop/staart","Rechte weg",30,"Niet brandend","Daglicht","Droog",\N,"601017056","Langs de Raephorst","Voorschoten","Voorschoten","Zuid-Holland",false,52.11733,4.421654,"material damage only","4","clear",false,1,"GM0626"
"20230022679",2023,"Letsel",2,"e-bike","e-bike","Frontaal","Rotonde",50,"Niet brandend","Daglicht","Droog",\N,\N,"Biltlaan","Katwijk","Katwijk","Zuid-Holland",false,52.202152,4.417461,"injury","2","clear",false,1,"GM0537"
"20240027397",2024,"Letsel",1,"Fiets",\N,"Onbekend","Kruispunt, 3 takken",30,"Niet brandend","Daglicht","Droog",\N,\N,"Aukebaes","Joure","De Fryske Marren","Friesland",false,52.968554,5.800058,"injury","2","clear",false,1,"GM1940"
"20230068251",2023,"Uitsluitend materiele schade",2,"Personenauto","Fiets","Onbekend","Kruispunt, 4 takken",30,"Niet brandend","Daglicht","Droog",\N,\N,"Abraham van Stolkweg","Rotterdam","Rotterdam","Zuid-Holland",false,51.925288,4.43741,"material damage only","4","clear",false,1,"GM0599"
"20240031994",2024,"Letsel",2,"Personenauto","Fiets","Onbekend","Rechte weg",30,"Niet brandend","Daglicht","Droog","Parkeervoorziening","600173376","Markt van Matena","Papendrecht","Papendrecht","Zuid-Holland",false,51.832665,4.732081,"injury","2","clear",false,1,"GM0590"
"20230015320",2023,"Uitsluitend materiele schade",2,"Bestelauto","Fiets","Flank","Rotonde",50,"Niet brandend","Daglicht","Droog",\N,\N,"Weverij","Veenendaal","Veenendaal","Utrecht",false,52.029386,5.552825,"material damage only","4","clear",false,1,"GM0345"
"20230019909",2023,"Uitsluitend materiele schade",2,"Personenauto","Fiets","Flank","Rechte weg",30,"Niet brandend","Daglicht","Droog",\N,"600257536","Spelbergsweg","Enschede","Enschede","Overijssel",false,52.21525,6.8975,"material damage only","4","clear",false,1,"GM0153"
"20230022161",2023,"Uitsluitend materiele schade",2,"Vrachtauto","Fiets","Flank","Kruispunt, 4 takken",30,"Niet brandend","Daglicht","Droog",\N,\N,"Eerste Stationsstraat","Zoetermeer","Zoetermeer","Zuid-Holland",false,52.051986,4.496884,"material damage only","4","clear",false,1,"GM0637"
"20230024493",2023,"Uitsluitend materiele schade",2,"Personenauto","e-bike","Flank","Kruispunt, 3 takken",50,"Niet brandend","Daglicht","Droog",\N,\N,"Ruyghweg","Den Helder","Den Helder","Noord-Holland",false,52.952486,4.773433,"material damage only","4","clear",false,1,"GM0400"
"20230034498",2023,"Letsel",2,"Personenauto","Fiets","Flank","Rechte weg",30,"Niet brandend","Daglicht","Droog",\N,"390557017","G.W. Navislaan","Burgum","Tytsjerksteradiel","Friesland",false,53.191991,5.988105,"injury","2","clear",false,1,"GM0737"
"20230035361",2023,"Uitsluitend materiele schade",2,"Personenauto","Fiets","Flank","Rotonde",50,"Niet brandend","Daglicht","Droog",\N,\N,"Hichtumerweg","Bolsward","Súdwest-Fryslân","Friesland",false,53.07414,5.522722,"material damage only","4","clear",false,1,"GM1900"
"20230068994",2023,"Letsel",2,"Fiets","Fiets","Onbekend","Rechte weg",30,"Brandend","Duisternis","Droog",\N,"169292043","Rotterdamseweg","Delft","Delft","Zuid-Holland",false,52.002249,4.36645,"injury","2","clear",false,1,"GM0503"
"20230014161",2023,"Letsel",2,"Personenauto","Fiets","Flank","Rotonde",50,"Niet brandend","Daglicht","Droog",\N,\N,"Friesestraatweg","Groningen","Groningen","Groningen",false,53.214777,6.549808,"injury","2","clear",false,1,"GM0014"
"20230014744",2023,"Letsel",2,"Fiets","Bromfiets","Onbekend","Kruispunt, 3 takken",50,"Niet brandend","Daglicht",\N,\N,\N,"Oude Terborgseweg","Doetinchem","Doetinchem","Gelderland",false,51.946344,6.310793,"injury","2","unknown",false,1,"GM0222"
"20230025107",2023,"Uitsluitend materiele schade",2,"Fiets","Fiets","Onbekend","Rechte weg",\N,"Brandend","Duisternis","Droog",\N,"193267032","Klein Nieuwland","Rotterdam","Rotterdam","Zuid-Holland",false,51.887364,4.54222,"material damage only","4","clear",false,1,"GM0599"
"20230030276",2023,"Letsel",2,"Vrachtauto","Fiets","Flank","Kruispunt, 4 takken",50,"Niet aanwezig","Daglicht","Droog",\N,\N,"Achtseweg Noord","Eindhoven","Eindhoven","Noord-Brabant",false,51.474493,5.415133,"injury","2","clear",false,1,"GM0772"
"20230030835",2023,"Uitsluitend materiele schade",2,"Personenauto","Fiets","Onbekend","Kruispunt, 4 takken",50,"Niet brandend","Daglicht","Harde windstoten",\N,\N,"Parallelweg","Oss","Oss","Noord-Brabant",false,51.76582,5.541789,"material damage only","4","unknown",false,1,"GM0828"
"20240029977",2024,"Letsel",2,"Personenauto","Fiets","Flank","Rechte weg",30,"Niet brandend","Daglicht","Droog",\N,"173337009","Boulevard","Katwijk","Katwijk","Zuid-Holland",false,52.203821,4.392989,"injury","2","clear",false,1,"GM0537"
"20240030179",2024,"Letsel",2,"Personenauto","Fiets","Flank","Kruispunt, 4 takken",30,"Niet brandend","Daglicht","Droog","Brug/viaduct",\N,"Julianastraat","Leiden","Leiden","Zuid-Holland",false,52.163687,4.500747,"injury","2","clear",false,1,"GM0546"
"20230072818",2023,"Letsel",2,"Personenauto","Fiets","Onbekend","Kruispunt, 4 takken",50,"Niet brandend","Daglicht","Droog",\N,\N,"Krabbenbosweg","Hengelo","Hengelo (O)","Overijssel",false,52.260614,6.77529,"injury","2","clear",false,1,\N
"20230014780",2023,"Uitsluitend materiele schade",2,"Snorfiets","Fiets","Frontaal","Rechte weg",50,"Niet brandend","Daglicht","Droog",\N,"600685443","Doetinchemseweg","Terborg","Oude IJsselstreek","Gelderland",false,51.921414,6.361224,"material damage only","4","clear",false,1,"GM1509"