"accident_id","year","severity_raw","party_count","party1_type","party2_type","accident_type","road_situation","speed_limit_kmh","road_lighting","light_condition_label","weather_raw","infra_type","road_segment_id","street_name","place_name","gemeente_name_raw","province","alcohol_indicated","latitude","longitude","severity_label","severity_code","weather_label","built_up_area","cyclists_involved","gemeente_code"
"20230019993",2023,"Uitsluitend materiele schade",2,"Personenauto","Fiets","Kop/staart","Bocht",50,"Niet brandend","Daglicht","Droog",\N,"346296049","Rembrandtlaan","Ede","Ede","Gelderland",false,52.021606,5.651941,"material damage only","4","clear",false,1,"GM0228"
"20230020561",2023,"Uitsluitend materiele schade",2,"Personenauto","Fiets","Flank","Kruispunt, 4 takken",50,"Brandend","Duisternis","Droog",\N,\N,"Raadhuisstraat","Amsterdam","Amsterdam","Noord-Holland",false,52.373439,4.887425,"material damage only","4","clear",false,1,"GM0363"
"20230031441",2023,"Uitsluitend materiele schade",2,"Bestelauto","Fiets","Flank","Kruispunt, 3 takken",50,"Brandend","Daglicht","Regen",\N,\N,"Lijsterweg","Velden","Venlo","Limburg",false,51.396461,6.164572,"material damage only","4","rain",false,1,"GM0983"
"20240030062",2024,"Letsel",2,"Fiets","Fiets","Onbekend","Rechte weg",60,"Niet aanwezig","Daglicht","Droog",\N,"177315006","Veurseweg","Voorschoten","Voorschoten","Zuid-Holland",false,52.106306,4.423432,"injury","2","clear",false,1,"GM0626"
"20230068705",2023,"Uitsluitend materiele schade",2,"Personenauto","Fiets","Flank","Rechte weg",30,"Niet brandend","Daglicht","Droog",\N,"185275076","Meent","Rotterdam","Rotterdam","Zuid-Holland",false,51.923536,4.485279,"material damage only","4","clear",false,1,"GM0599"
"20230069448",2023,"Letsel",2,"Fiets","Fiets","Onbekend","Kruispunt, 3 takken",50,"Niet brandend","Daglicht","Droog",\N,\N,"Palestrinaweg","'s-Gravenhage","'s-Gravenhage","Zuid-Holland",false,52.062464,4.236514,"injury","2","clear",false,1,"GM0518"
"20230069869",2023,"Uitsluitend materiele schade",2,"Personenauto","e-bike","Flank","Kruispunt, 4 takken",50,"Niet brandend","Daglicht","Droog",\N,\N,"Parkweg","Schiedam","Schiedam","Zuid-Holland",false,51.924034,4.394854,"material damage only","4","clear",false,1,"GM0606"
"20230073907",2023,"Letsel",2,"Personenauto","Fiets","Flank","Rechte weg",30,"Niet brandend","Daglicht","Droog",\N,"600795098","Beemdkroon","Tiel","Tiel","Gelderland",false,51.869108,5.389912,"injury","2","clear",false,1,"GM0281"
"20230078982",2023,"Letsel",2,"Personenauto","Fiets","Flank","Rotonde",50,"Niet brandend","Daglicht","Droog",\N,\N,"Vijf Meilaan","Leiden","Leiden","Zuid-Holland",false,52.147659,4.477211,"injury","2","clear",false,1,"GM0546"
"20230079030",2023,"Uitsluitend materiele schade",2,"Personenauto","Fiets","Flank","Rechte weg",50,"Brandend","Schemer","Droog",\N,"142297160","Herenstraat","Monster","Westland","Zuid-Holland",false,52.020729,4.169261,"material damage only","4","clear",false,1,"GM1783"
"20230014802",2023,"Letsel",2,"Personenauto","Fiets","Frontaal","Kruispunt, 4 takken",30,"Brandend","Duisternis","Droog",\N,\N,"Hoogstraat","Dokkum","Noardeast-Fryslân","Friesland",false,53.325108,5.998092,"injury","2","clear",false,1,"GM1970"
"20230019448",2023,"Letsel",2,"e-bike","Fiets","Flank","Kruispunt, 4 takken",15,"Niet brandend","Daglicht","Droog",\N,\N,"Catharijnesingel","Utrecht","Utrecht","Utrecht",false,52.09251,5.111505,"injury","2","clear",false,1,"GM0344"
"20230023361",2023,"Uitsluitend materiele schade",2,"e-bike","Personenauto","Flank","Rotonde",50,"Niet brandend","Daglicht","Regen",\N,\N,"Oosteinderweg","Aalsmeer","Aalsmeer","Noord-Holland",false,52.269349,4.754819,"material damage only","4","rain",false,1,"GM0358"
"20230031461",2023,"Uitsluitend materiele schade",2,"Personenauto","Fiets","Flank","Kruispunt, 3 takken",30,"Brandend","Duisternis","Regen",\N,\N,"Via Timmers","Sittard","Sittard-Geleen","Limburg",false,50.98729,5.850404,"material damage only","4","rain",false,1,"GM1883"
"20230036453",2023,"Uitsluitend materiele schade",2,"Personenauto","Fiets","Onbekend","Kruispunt, 3 takken",50,"Niet brandend","Daglicht","Droog",\N,\N,"Edisonstraat","Volendam","Edam-Volendam","Noord-Holland",false,52.504747,5.078828,"material damage only","4","clear",false,1,"GM0385"
"20230077304",2023,"Letsel",1,"Fiets",\N,"Eenzijdig","Kruispunt, 4 takken",30,"Niet brandend","Daglicht","Droog",\N,\N,"Pruimendijk","Ridderkerk","Ridderkerk","Zuid-Holland",false,51.85133,4.601928,"injury","2","clear",false,1,"GM0597"
"20230077310",2023,"Letsel",2,"Bromfiets","Fiets","Onbekend","Rechte weg",50,"Brandend","Duisternis","Droog","Bus-/Tramhalte","600734195","Duikerstraat","Rotterdam","Rotterdam","Zuid-Holland",false,51.944562,4.546239,"injury","2","clear",false,1,"GM0599"
"20230070917",2023,"Uitsluitend materiele schade",2,"Personenauto","Fiets","Flank","Kruispunt, 4 takken",60,"Niet brandend","Daglicht","Regen",\N,\N,"Albertlaan","Sterksel","Heeze-Leende","Noord-Brabant",false,51.354008,5.604309,"material damage only","4","rain",false,1,"GM1658"
"20230024638",2023,"Letsel",1,"Fiets",\N,"Eenzijdig","Kruispunt, 4 takken",50,"Niet brandend","Daglicht","Regen",\N,\N,"Dam","Amsterdam","Amsterdam","Noord-Holland",false,52.373242,4.893216,"injury","2","rain",false,1,"GM0363"
"20240028889",2024,"Uitsluitend materiele schade",2,"Personenauto","Fiets","Onbekend","Rechte weg",50,"Niet brandend","Daglicht","Droog",\N,"600885802","Deurningerstraat","Enschede","Enschede","Overijssel",false,52.224898,6.891494,"material damage only","4","clear",false,1,"GM0153"
"20230035487",2023,"Letsel",2,"Personenauto","Fiets","Frontaal","Kruispunt, 3 takken",30,"Niet brandend","Daglicht","Droog",\N,\N,"Voorstreek","Leeuwarden","Leeuwarden","Friesland",false,53.202764,5.799997,"injury","2","clear",false,1,"GM0080"
"20240031811",2024,"Letsel",3,"Personenauto","Fiets","Flank","Kruispunt, 3 takken",30,"Niet brandend","Daglicht","Regen",\N,\N,"Rolklaver","Rotterdam","Rotterdam","Zuid-Holland",false,51.963434,4.532977,"injury","2","rain",false,1,"GM0599"
"20240031012",2024,"Uitsluitend materiele schade",2,"Personenauto","Fiets","Flank","Kruispunt, 3 takken",30,"Niet brandend","Daglicht","Droog",\N,\N,"Bernard Shawsingel","Amsterdam","Amsterdam","Noord-Holland",false,52.318861,4.947354,"material damage only","4","clear",false,1,"GM0363"
"20230013717",2023,"Uitsluitend materiele schade",2,"Personenauto","Fiets","Onbekend","Kruispunt, 3 takken",30,"Niet brandend","Daglicht","Droog",\N,\N,"Julius Röntgenlaan","Dieren","Rheden","Gelderland",false,52.05086,6.091981,"material damage only","4","clear",false,1,"GM0275"
"20230016611",2023,"Uitsluitend materiele schade",2,"Bestelauto","Fiets","Flank","Kruispunt, 4 takken",50,"Niet brandend","Daglicht","Droog",\N,\N,"Einsteindreef","Utrecht","Utrecht","Utrecht",false,52.119135,5.112913,"material damage only","4","clear",false,1,"GM0344"
"20230021777",2023,"Uitsluitend materiele schade",2,"Personenauto","Fiets","Los voorwerp","Kruispunt, 3 takken",50,"Niet brandend","Duisternis","Droog",\N,\N,"Nathaliegang","Zoetermeer","Zoetermeer","Zuid-Holland",false,52.044712,4.480314,"material damage only","4","clear",false,1,"GM0637"
"20240027723",2024,"Letsel",2,"Personenauto","Fiets","Flank","Rotonde",50,"Niet brandend","Daglicht","Droog",\N,\N,"Ambachtsweg","Velserbroek","Velsen","Noord-Holland",false,52.436907,4.655378,"injury","2","clear",false,1,"GM0453"
"20230075308",2023,"Uitsluitend materiele schade",2,"Personenauto","Fiets","Frontaal","Rotonde",30,"Brandend","Daglicht","Droog",\N,\N,"Kerklaan","Heemstede","Heemstede","Noord-Holland",false,52.351861,4.611787,"material damage only","4","clear",false,1,"GM0397"
"20230078038",2023,"Letsel",2,"Bromfiets","Fiets","Flank","Kruispunt, 4 takken",30,"Brandend","Duisternis","Droog",\N,\N,"Hoornbruglaan","Rijswijk","Rijswijk","Zuid-Holland",false,52.053037,4.341903,"injury","2","clear",false,1,\N
"20230021249",2023,"Letsel",2,"Personenauto","e-bike","Flank","Kruispunt, 4 takken",50,"Brandend","Duisternis","Regen",\N,\N,"Oosteinde","'s-Gravenhage","'s-Gravenhage","Zuid-Holland",false,52.027404,4.28942,"injury","2","rain",false,1,"GM0518"
"20230070045",2023,"Letsel",2,"Fiets","Fiets","Flank","Kruispunt, 3 takken",50,"Niet aanwezig","Daglicht","Droog",\N,\N,"Oud-Rozenburglaan","'s-Gravenhage","'s-Gravenhage","Zuid-Holland",false,52.05873,4.251141,"injury","2","clear",false,1,"GM0518"
"20240031058",2024,"Letsel",2,"Personenauto","Fiets","Frontaal","Bocht",30,"Niet brandend","Daglicht","Droog",\N,"230443041","Klaversloot","Broek op Langedijk","Dijk en Waard","Noord-Holland",false,52.68116,4.796177,"injury","2","clear",false,1,"GM1980"
"20230072855",2023,"Uitsluitend materiele schade",2,"Personenauto","Fiets","Flank","Rotonde",50,"Niet brandend","Schemer","Mist",\N,\N,"Jan Brugmanstraat","Zutphen","Zutphen","Gelderland",false,52.127355,6.221191,"material damage only","4","fog",false,1,"GM0301"
"20230073325",2023,"Letsel",2,"Personenauto","e-bike","Flank","Kruispunt, 4 takken",50,"Brandend","Schemer","Droog",\N,\N,"Stadionplein","Emmen","Emmen","Drenthe",false,52.774091,6.943544,"injury","2","clear",false,1,"GM0114"
"20230013239",2023,"Uitsluitend materiele schade",2,"Personenauto","Fiets","Frontaal","Kruispunt, 3 takken",30,"Niet brandend","Daglicht","Droog",\N,\N,"Javastraat","Hengelo","Hengelo (O)","Overijssel",false,52.266525,6.78642,"material damage only","4","clear",false,1,\N
"20230018390",2023,"Letsel",2,"e-bike","Voetganger","Voetganger","Rechte weg",30,"Niet brandend","Daglicht","Droog",\N,"233389037","Westzijde","Zaandam","Zaanstad","Noord-Holland",false,52.440602,4.822963,"injury","2","clear",false,1,"GM0479"
"20230021266",2023,"Letsel",1,"Fiets",\N,"Eenzijdig","Rechte weg",50,"Niet brandend","Daglicht","Droog",\N,"162312035","Javastraat","'s-Gravenhage","'s-Gravenhage","Zuid-Holland",false,52.089534,4.311255,"injury","2","clear",false,1,"GM0518"
"20230021293",2023,"Letsel",2,"Fiets","Bestelauto","Eenzijdig","Rechte weg",30,"Brandend","Duisternis","Regen",\N,"210322027","Jan Nieuwenhuijzenstraat","Alphen aan den Rijn","Alphen aan den Rijn","Zuid-Holland",false,52.137352,4.660919,"injury","2","rain",false,1,"GM0484"
"20230022943",2023,"Uitsluitend materiele schade",1,"Fiets",\N,"Onbekend","Rechte weg",50,"Brandend","Duisternis","Droog",\N,"162310096","Lange Voorhout","'s-Gravenhage","'s-Gravenhage","Zuid-Holland",false,52.081788,4.310024,"material damage only","4","clear",false,1,"GM0518"
"20230022963",2023,"Letsel",2,"Fiets","Fiets","Onbekend","Rechte weg",30,"Niet brandend","Daglicht","Droog",\N,"225291025","Bredeweg","Haastrecht","Krimpenerwaard","Zuid-Holland",false,51.999561,4.775747,"injury","2","clear",false,1,"GM1931"
"20230025865",2023,"Letsel",2,"Personenauto","Fiets","Flank","Kruispunt, 4 takken",50,"Niet brandend","Daglicht","Droog",\N,\N,"Groene Kruisweg","Spijkenisse","Nissewaard","Zuid-Holland",false,51.854734,4.328848,"injury","2","clear",false,1,"GM1930"
"20230029331",2023,"Letsel",2,"Personenauto","e-bike","Flank","Kruispunt, 3 takken",30,"Niet brandend","Daglicht","Droog",\N,\N,"Paets van Troostwijkstr","'s-Gravenhage","'s-Gravenhage","Zuid-Holland",false,52.055868,4.32477,"injury","2","clear",false,1,"GM0518"
"20240031072",2024,"Letsel",3,"Bromfiets","Fiets","Onbekend","Kruispunt, 4 takken",30,"Niet brandend","Daglicht","Droog",\N,\N,"De Ruijterkade","Amsterdam","Amsterdam","Noord-Holland",false,52.378204,4.906442,"injury","2","clear",false,1,"GM0363"
"20230073767",2023,"Uitsluitend materiele schade",2,"Bestelauto","Fiets","Flank","Bocht",50,"Niet aanwezig","Daglicht","Droog",\N,\N,"Frieseweg","IJsselmuiden","Kampen","Overijssel",false,52.566018,5.920505,"material damage only","4","clear",false,1,"GM0166"
"20240026443",2024,"Uitsluitend materiele schade",2,"Personenauto","Fiets","Flank","Kruispunt, 3 takken",30,"Niet brandend","Schemer","Regen",\N,\N,"Looxmastraat","Sneek","Súdwest-Fryslân","Friesland",false,53.03462,5.660383,"material damage only","4","rain",false,1,"GM1900"
"20230024186",2023,"Uitsluitend materiele schade",2,"Bromfiets","Fiets","Flank","Kruispunt, 3 takken",30,"Niet brandend","Daglicht","Regen",\N,\N,"Klokbaai","Zaandam","Zaanstad","Noord-Holland",false,52.443796,4.819063,"material damage only","4","rain",false,1,"GM0479"
"20230031634",2023,"Uitsluitend materiele schade",2,"Personenauto","Fiets","Onbekend","Kruispunt, 4 takken",30,"Brandend","Schemer","Droog",\N,\N,"Oude Oostrumseweg","Venray","Venray","Limburg",false,51.523173,5.984555,"material damage only","4","clear",false,1,"GM0984"
"20240031192",2024,"Uitsluitend materiele schade",2,"Bromfiets","Fiets","Onbekend","Bocht",30,"Brandend","Duisternis","Regen",\N,"245375024","De Ruijterkade","Amsterdam","Amsterdam","Noord-Holland",false,52.377618,4.907622,"material damage only","4","rain",false,1,"GM0363"
"20230072466",2023,"Uitsluitend materiele schade",3,"Fiets","Scootmobiel","Los voorwerp","Kruispunt, 4 takken",15,"Niet brandend","Daglicht","Droog",\N,\N,"Prins Bernhardstraat","Almelo","Almelo","Overijssel",false,52.3606,6.66226,"material damage only","4","clear",false,1,"GM0141"
"20230073954",2023,"Uitsluitend materiele schade",2,"Personenauto","Fiets","Geparkeerd voertuig","Rechte weg",30,"Niet brandend","Daglicht","Droog",\N,"600884570","Ommelanderwijk","Veendam","Veendam","Groningen",false,53.093809,6.897234,"material damage only","4","clear",false,1,"GM0047"
"20230076304",2023,"Uitsluitend materiele schade",2,"Bus","Fiets","Onbekend","Kruispunt, 3 takken",50,"Niet brandend","Daglicht","Droog",\N,\N,"Frederikspark","Haarlem","Haarlem","Noord-Holland",false,52.374184,4.630541,"material damage only","4","clear",false,1,"GM0392"
"20240025441",2024,"Letsel",1,"Fiets",\N,"Onbekend","Rechte weg",60,"Brandend","Duisternis","Droog",\N,"248198010","De Uitvang","Rijen","Gilze en Rijen","Noord-Brabant",false,51.580794,4.946676,"injury","2","clear",false,1,"GM0784"
"20230019053",2023,"Letsel",2,"Motor","Fiets","Flank","Rechte weg",50,"Niet brandend","Daglicht","Regen",\N,"272312204","Weerdsingel W.Z.","Utrecht","Utrecht","Utrecht",false,52.096486,5.112478,"injury","2","rain",false,1,"GM0344"
"20230021927",2023,"Uitsluitend materiele schade",2,"Personenauto","Fiets","Flank","Kruispunt, 3 takken",50,"Niet brandend","Daglicht","Droog",\N,\N,"de Voscuyl","Oegstgeest","Oegstgeest","Zuid-Holland",false,52.183573,4.465962,"material damage only","4","clear",false,1,"GM0579"
"20230029992",2023,"Uitsluitend materiele schade",2,"Personenauto","Fiets","Los voorwerp","Kruispunt, 4 takken",50,"Niet brandend","Daglicht","Droog",\N,\N,"'s-Gravendijkwal","Rotterdam","Rotterdam","Zuid-Holland",false,51.918952,4.46332,"material damage only","4","clear",false,1,"GM0599"
"20230077725",2023,"Letsel",1,"Fiets",\N,"Eenzijdig","Rechte weg",50,"Niet brandend","Daglicht","Droog",\N,"600975949","Churchilllaan","Leiden","Leiden","Zuid-Holland",false,52.151311,4.473914,"injury","2","clear",false,1,"GM0546"
"20230023611",2023,"Uitsluitend materiele schade",2,"Personenauto","Fiets","Geparkeerd voertuig","Rechte weg",30,"Niet brandend","Duisternis","Droog",\N,"167291065","Roland Holstlaan","Delft","Delft","Zuid-Holland",false,51.995193,4.353838,"material damage only","4","clear",false,1,"GM0503"
"20230059583",2023,"Uitsluitend materiele schade",2,"Snorfiets","Fiets","Onbekend","Rechte weg",30,"Brandend","Duisternis","Regen",\N,"600749764","Hoeksteen","Hoofddorp","Haarlemmermeer","Noord-Holland",false,52.289055,4.726586,"material damage only","4","rain",false,1,"GM0394"
"20240037130",2024,"Uitsluitend materiele schade",2,"Fiets","Fiets","Flank","Kruispunt, 3 takken",30,"Niet brandend","Daglicht","Droog",\N,\N,"G.J. van Heekstraat","Enschede","Enschede","Overijssel",false,52.229395,6.859193,"material damage only","4","clear",false,1,"GM0153"
"20240081314",2024,"Letsel",2,"Fiets","Fiets","Kop/staart","Rechte weg",50,"Niet aanwezig","Daglicht","Droog",\N,"600107902","Burg Knappertlaan","Schiedam","Schiedam","Zuid-Holland",false,51.912037,4.39539,"injury","2","clear",false,1,"GM0606"
"20240176526",2024,"Letsel",2,"Fiets","Personenauto","Flank","Kruispunt, 3 takken",60,"Brandend","Duisternis","Droog",\N,\N,"Toekanweg","Schiphol","Haarlemmermeer","Noord-Holland",false,52.295761,4.738649,"injury","2","clear",false,1,"GM0394"
"20240040482",2024,"Letsel",2,"Personenauto","Fiets","Frontaal","Kruispunt, 4 takken",30,"Niet brandend","Daglicht","Droog",\N,\N,"Robertaland","'s-Gravenhage","'s-Gravenhage","Zuid-Holland",false,52.097827,4.361689,"injury","2","clear",false,1,"GM0518"
"20240050892",2024,"Letsel",2,"Fiets","Los voorwerp","Los voorwerp","Bocht",30,"Niet brandend","Daglicht","Droog",\N,"209373090","Drielandenhoek","Haarlem","Haarlem","Noord-Holland",false,52.364026,4.648221,"injury","2","clear",false,1,"GM0392"
"20240071602",2024,"Letsel",2,"Fiets","Fiets","Kop/staart","Rechte weg",50,"Niet brandend","Daglicht","Droog",\N,"190327051","Van der Valk Boumanweg","Leiderdorp","Leiderdorp","Zuid-Holland",false,52.159532,4.517282,"injury","2","clear",false,1,"GM0547"
"20240081374",2024,"Uitsluitend materiele schade",2,"Personenauto","Fiets","Onbekend","Rechte weg",50,"Niet brandend","Daglicht","Droog",\N,"600390533","Paviljoensgracht","'s-Gravenhage","'s-Gravenhage","Zuid-Holland",false,52.073276,4.313722,"material damage only","4","clear",false,1,"GM0518"
"20240037251",2024,"Letsel",2,"Personenauto","Fiets","Flank","Kruispunt, 3 takken",50,"Niet brandend","Daglicht","Droog",\N,\N,"Vrydemalaan","Groningen","Groningen","Groningen",false,53.22571,6.570135,"injury","2","clear",false,1,"GM0014"
"20240077024",2024,"Uitsluitend materiele schade",2,"Fiets","Fiets","Flank","Rechte weg",30,"Niet brandend","Daglicht","Droog",\N,"600777072","Verlengde Hoogravenseweg","Utrecht","Utrecht","Utrecht",false,52.059881,5.112893,"material damage only","4","clear",false,1,"GM0344"
"20240039089",2024,"Uitsluitend materiele schade",2,"Fiets","Personenauto","Flank","Rotonde",50,"Niet brandend","Daglicht","Droog",\N,\N,"Laan van Duurzaamheid","Amersfoort","Amersfoort","Utrecht",false,52.202252,5.385127,"material damage only","4","clear",false,1,"GM0307"
"20240047231",2024,"Letsel",3,"Personenauto","Fiets","Flank","Kruispunt, 4 takken",30,"Niet brandend","Daglicht","Droog",\N,\N,"Burg Kerssemakersstraat","Raalte","Raalte","Overijssel",false,52.387306,6.266547,"injury","2","clear",false,1,"GM0177"
"20240076401",2024,"Uitsluitend materiele schade",1,"Fiets",\N,"Onbekend","Rechte weg",30,"Brandend","Duisternis","Droog",\N,"361613087","Kardinaal de Jongweg","Nes","Ameland","Friesland",false,53.446318,5.778067,"material damage only","4","clear",false,1,"GM0060"
"20240081471",2024,"Letsel",6,"Snorfiets","Fiets","Frontaal","Rechte weg",30,"Brandend","Duisternis","Regen",\N,"168306062","Westvlietweg","'s-Gravenhage","'s-Gravenhage","Zuid-Holland",true,52.063328,4.360921,"injury","2","rain",false,1,"GM0518"
"20240036696",2024,"Uitsluitend materiele schade",1,"Fiets",\N,"Voetganger","Rechte weg",30,"Niet brandend","Daglicht","Droog",\N,"382284058","Visserslaan","Arnhem","Arnhem","Gelderland",false,51.966272,5.916499,"material damage only","4","clear",false,1,"GM0202"
"20240040000",2024,"Letsel",2,"Fiets","Overig vast object","Vast voorwerp","Rechte weg",30,"Niet brandend","Daglicht","Droog","Brug/viaduct","600906867","Europaweg","Zoeterwoude","Zoeterwoude","Zuid-Holland",false,52.129549,4.496452,"injury","2","clear",false,1,"GM0638"
"20240042063",2024,"Uitsluitend materiele schade",2,"Fiets","Fiets","Onbekend",\N,60,\N,"Daglicht",\N,\N,"258222001","Winterdijk","Sprang-Capelle","Waalwijk","Noord-Brabant",false,51.68988,5.0194,"material damage only","4","unknown",false,1,"GM0867"
"20240077123",2024,"Uitsluitend materiele schade",2,\N,"Fiets","Frontaal","Bocht",50,"Niet aanwezig","Daglicht","Droog",\N,"242305003","Haardijk","Linschoten","Montfoort","Utrecht",false,52.058101,4.894427,"material damage only","4","clear",false,1,"GM0335"
"20240038331",2024,"Uitsluitend materiele schade",2,"Personenauto","Fiets","Onbekend","Rechte weg",50,"Brandend","Duisternis","Droog",\N,"600919571","Winthontlaan","Utrecht","Utrecht","Utrecht",false,52.061533,5.107666,"material damage only","4","clear",false,1,"GM0344"
"20240051032",2024,"Uitsluitend materiele schade",2,"Personenauto","Fiets","Flank","Kruispunt, 4 takken",30,"Niet brandend","Daglicht","Droog",\N,\N,"Meer en Vaart","Amsterdam","Amsterdam","Noord-Holland",false,52.35657,4.809059,"material damage only","4","clear",false,1,"GM0363"
"20240071778",2024,"Letsel",2,"Personenauto","Fiets","Frontaal","Rechte weg",50,"Niet brandend","Daglicht","Droog",\N,"160307031","Kempstraat","'s-Gravenhage","'s-Gravenhage","Zuid-Holland",false,52.065928,4.295016,"injury","2","clear",false,1,"GM0518"
"20240071806",2024,"Uitsluitend materiele schade",1,"Fiets",\N,"Onbekend","Rechte weg",30,"Niet brandend","Daglicht","Droog",\N,"209322066","Pieter Floriszstraat","Alphen aan den Rijn","Alphen aan den Rijn","Zuid-Holland",false,52.13801,4.656051,"material damage only","4","clear",false,1,"GM0484"
"20240071829",2024,"Dodelijk",2,"Fiets","Fiets","Flank","Kruispunt, 4 takken",15,"Niet aanwezig","Daglicht","Droog",\N,\N,"Prattenburg","Dordrecht","Dordrecht","Zuid-Holland",false,51.777259,4.677224,"fatal","1","clear",false,1,"GM0505"
"20240051120",2024,"Letsel",2,"Personenauto","Fiets","Flank","Kruispunt, 4 takken",80,"Brandend","Duisternis","Droog",\N,\N,"Drechterlandseweg","Lutjebroek","Stede Broec","Noord-Holland",true,52.702592,5.194072,"injury","2","clear",false,1,"GM0532"
"20240035323",2024,"Uitsluitend materiele schade",2,"Bromfiets","Fiets","Flank","Kruispunt, 4 takken",30,"Niet brandend","Daglicht","Droog",\N,\N,"Brinkstraat","Hengelo","Hengelo (O)","Overijssel",false,52.264626,6.792595,"material damage only","4","clear",false,1,\N
"20240076597",2024,"Uitsluitend materiele schade",1,"Fiets",\N,"Onbekend",\N,\N,\N,"Daglicht",\N,\N,"600861923","Slenkenweg","de Wijk","De Wolden","Drenthe",false,52.680364,6.299541,"material damage only","4","unknown",false,1,"GM1690"
"20240040162",2024,"Letsel",2,"Fiets","Personenauto","Onbekend","Rechte weg",50,"Niet brandend","Daglicht","Droog",\N,"174310086","Oostvlietweg","Leidschendam","Leidschendam-Voorburg","Zuid-Holland",false,52.082391,4.402282,"injury","2","clear",false,1,"GM1916"
"20240079980",2024,"Letsel",1,"Fiets",\N,"Onbekend","Rechte weg",60,"Brandend","Duisternis","Droog",\N,"601093084","Rijperweg","Middenbeemster","Purmerend","Noord-Holland",false,52.543843,4.932116,"injury","2","clear",false,1,"GM0439"
"20240081052",2024,"Letsel",2,"Personenauto","Fiets","Frontaal","Rechte weg",50,"Niet brandend","Daglicht","Droog",\N,"600678218","Terbregseweg","Rotterdam","Rotterdam","Zuid-Holland",false,51.948837,4.52594,"injury","2","clear",false,1,"GM0599"
"20240047502",2024,"Letsel",2,"Personenauto","Fiets","Onbekend","Kruispunt, 4 takken",50,"Niet aanwezig","Daglicht","Droog",\N,\N,"Oude Weg","Ter Apel","Westerwolde","Groningen",false,52.876683,7.066996,"injury","2","clear",false,1,"GM1950"
"20240035454",2024,"Uitsluitend materiele schade",2,"Personenauto","Fiets","Kop/staart","Kruispunt, 3 takken",50,"Niet brandend","Daglicht","Droog",\N,\N,"Hengelosestraat","Enschede","Enschede","Overijssel",false,52.225817,6.881488,"material damage only","4","clear",false,1,"GM0153"
"20240038597",2024,"Uitsluitend materiele schade",2,"Fiets","Snorfiets","Kop/staart","Rechte weg",30,"Niet brandend","Daglicht","Droog",\N,"357450017","Hoefbladstraat","Emmeloord","Noordoostpolder","Flevoland",false,52.715102,5.743555,"material damage only","4","clear",false,1,"GM0171"
"20240040907",2024,"Letsel",1,"Fiets",\N,"Flank","Bocht",50,"Niet brandend","Daglicht","Droog",\N,"229351009","Japanlaan","Aalsmeer","Aalsmeer","Noord-Holland",false,52.267813,4.795326,"injury","2","clear",false,1,"GM0358"
"20240076737",2024,"Letsel",2,"Bromfiets","Fiets","Frontaal","Rechte weg",30,"Niet brandend","Daglicht","Droog",\N,\N,"Boomgaardweg","Almere","Almere","Flevoland",false,52.374176,5.237396,"injury","2","clear",false,1,"GM0034"
"20240038610",2024,"Letsel",2,"Fiets","Voetganger","Eenzijdig","Rechte weg",\N,"Niet brandend","Daglicht","Droog",\N,"239336051","Herenweg","Wilnis","De Ronde Venen","Utrecht",false,52.198249,4.879581,"injury","2","clear",false,1,"GM0736"
"20240050667",2024,"Letsel",1,"Fiets",\N,"Onbekend","Kruispunt, 4 takken",30,"Niet brandend","Daglicht","Droog",\N,\N,"Karel Doormanstraat","Alphen aan den Rijn","Alphen aan den Rijn","Zuid-Holland",false,52.137065,4.65768,"injury","2","clear",false,1,"GM0484"
"20240078860",2024,"Letsel",2,"Fiets","Voetganger","Voetganger","Kruispunt, 3 takken",50,"Niet brandend","Daglicht","Droog",\N,\N,"Oostkade","Zoetermeer","Zoetermeer","Zuid-Holland",false,52.066997,4.546491,"injury","2","clear",false,1,"GM0637"
"20240037046",2024,"Uitsluitend materiele schade",2,"Personenauto","Fiets","Kop/staart","Kruispunt, 4 takken",30,"Niet brandend","Daglicht","Droog",\N,\N,"Warnsveldseweg","Zutphen","Zutphen","Gelderland",false,52.141775,6.209607,"material damage only","4","clear",false,1,"GM0301"
"20240050735",2024,"Uitsluitend materiele schade",2,"Motor","Fiets","Onbekend","Kruispunt, 4 takken",30,"Niet brandend","Daglicht","Droog",\N,\N,"Sloterkade","Amsterdam","Amsterdam","Noord-Holland",false,52.350953,4.852016,"material damage only","4","clear",false,1,"GM0363"
"20240072124",2024,"Letsel",3,"Personenauto","Fiets","Flank","Kruispunt, 4 takken",30,"Niet brandend","Daglicht","Droog",\N,\N,"Bas Jungeriusstraat","Rotterdam","Rotterdam","Zuid-Holland",true,51.891606,4.482407,"injury","2","clear",false,1,"GM0599"
"20240033364",2024,"Uitsluitend materiele schade",2,"Fiets","Fiets","Kop/staart","Rechte weg",30,"Niet brandend","Daglicht","Droog",\N,"390108054","Offerkamp","Herten","Roermond","Limburg",false,51.17831,5.966253,"material damage only","4","clear",false,1,"GM0957"
"20240033992",2024,"Uitsluitend materiele schade",2,"Personenauto","e-bike","Onbekend","Rotonde",50,"Brandend","Duisternis","Droog",\N,\N,"Oostsingel","Venray","Venray","Limburg",false,51.529023,5.983185,"material damage only","4","clear",false,1,"GM0984"
"20240041185",2024,"Uitsluitend materiele schade",2,"Fiets","Fiets","Flank","Rechte weg",30,"Niet aanwezig","Daglicht","Droog",\N,"252358098","Holendrechtplein","Amsterdam","Amsterdam","Noord-Holland",false,52.299951,4.963065,"material damage only","4","clear",false,1,"GM0363"