"accident_id","year","severity_raw","party_count","party1_type","party2_type","accident_type","road_situation","speed_limit_kmh","road_lighting","light_condition_label","weather_raw","infra_type","road_segment_id","street_name","place_name","gemeente_name_raw","province","alcohol_indicated","latitude","longitude","severity_label","severity_code","weather_label","built_up_area","cyclists_involved","gemeente_code"
"20230105120",2023,"Uitsluitend materiele schade",2,"Personenauto","Fiets","Flank","Kruispunt, 4 takken",30,"Brandend","Duisternis","Droog",\N,\N,"Jan Vermeerstraat","Zutphen","Zutphen","Gelderland",false,52.137441,6.210237,"material damage only","4","clear",false,1,"GM0301"
"20230086381",2023,"Letsel",1,"Fiets",\N,"Eenzijdig","Rechte weg",30,"Niet brandend","Daglicht","Droog",\N,"209307011","Julianastraat","Boskoop","Alphen aan den Rijn","Zuid-Holland",false,52.069526,4.657187,"injury","2","clear",false,1,"GM0484"
"20230086954",2023,"Letsel",2,"Snorfiets","Fiets","Flank","Rechte weg",30,"Niet brandend","Schemer","Regen",\N,"600724767","Klapwijkseweg","Pijnacker","Pijnacker-Nootdorp","Zuid-Holland",false,52.020895,4.437675,"injury","2","rain",false,1,"GM1926"
"20230089302",2023,"Letsel",1,"Fiets",\N,"Eenzijdig","Rechte weg",50,"Brandend","Duisternis","Regen",\N,\N,"Goudenregenplein","'s-Gravenhage","'s-Gravenhage","Zuid-Holland",false,52.076558,4.263939,"injury","2","rain",false,1,"GM0518"
"20230094597",2023,"Uitsluitend materiele schade",3,"Snorfiets","Fiets","Onbekend","Kruispunt, 3 takken",\N,"Niet brandend","Daglicht","Droog",\N,\N,"Brinkgreverweg","Deventer","Deventer","Overijssel",false,52.255484,6.163278,"material damage only","4","clear",false,1,"GM0150"
"20230099799",2023,"Uitsluitend materiele schade",1,"Fiets",\N,"Flank","Rotonde",50,"Niet brandend","Daglicht","Droog",\N,\N,"Zeis","'s-Hertogenbosch","'s-Hertogenbosch","Noord-Brabant",false,51.728679,5.330814,"material damage only","4","clear",false,1,"GM0796"
"20230102078",2023,"Letsel",3,"Fiets","Fiets","Onbekend","Rechte weg",50,"Brandend","Duisternis","Droog",\N,"177335064","Louise de Colignylaan","Katwijk","Katwijk","Zuid-Holland",false,52.196847,4.416745,"injury","2","clear",false,1,"GM0537"
"20230083508",2023,"Letsel",2,"Personenauto","Fiets","Flank","Rechte weg",30,"Niet brandend","Daglicht","Regen",\N,\N,"Fongersplaats","Groningen","Groningen","Groningen",false,53.207566,6.572863,"injury","2","rain",false,1,"GM0014"
"20230088751",2023,"Uitsluitend materiele schade",2,"Personenauto","Fiets","Flank","Kruispunt, 4 takken",50,"Niet brandend","Daglicht","Regen",\N,\N,"Vossenburg","Barendrecht","Barendrecht","Zuid-Holland",false,51.861693,4.503371,"material damage only","4","rain",false,1,"GM0489"
"20230089353",2023,"Letsel",2,"Personenauto","Fiets","Flank","Rechte weg",30,"Niet brandend","Daglicht","Regen",\N,"189325041","Burggravenlaan","Leiden","Leiden","Zuid-Holland",false,52.150276,4.503966,"injury","2","rain",false,1,"GM0546"
"20230091715",2023,"Uitsluitend materiele schade",2,"Personenauto","Fiets","Flank","Kruispunt, 4 takken",30,"Brandend","Duisternis","Droog",\N,\N,"Vlinderlaan","Rosmalen","'s-Hertogenbosch","Noord-Brabant",false,51.733338,5.366014,"material damage only","4","clear",false,1,"GM0796"
"20230104392",2023,"Letsel",2,"Fiets","Fiets","Onbekend","Rechte weg",50,"Niet brandend","Schemer","Droog",\N,"361558078","Tesselschadestraat","Leeuwarden","Leeuwarden","Friesland",false,53.199556,5.776391,"injury","2","clear",false,1,"GM0080"
"20230104960",2023,"Uitsluitend materiele schade",2,"Personenauto","Fiets","Flank","Kruispunt, 3 takken",80,"Brandend","Duisternis","Droog/Mist",\N,\N,"Kanonsdijk","Zutphen","Zutphen","Gelderland",false,52.140889,6.184667,"material damage only","4","unknown",false,1,"GM0301"
"20230084738",2023,"Uitsluitend materiele schade",2,"Bestelauto","e-bike","Flank","Kruispunt, 3 takken",30,"Niet brandend","Daglicht","Droog",\N,\N,"Klooienberglaan","Zwolle","Zwolle","Overijssel",false,52.521275,6.078945,"material damage only","4","clear",false,1,"GM0193"
"20230090565",2023,"Uitsluitend materiele schade",2,"Snorfiets","Fiets","Flank","Kruispunt, 4 takken",30,"Brandend","Duisternis","Regen","Brug/viaduct",\N,"Langegracht","Leiden","Leiden","Zuid-Holland",false,52.162591,4.500539,"material damage only","4","rain",false,1,"GM0546"
"20230098140",2023,"Letsel",1,"Fiets",\N,"Eenzijdig","Rechte weg",50,"Brandend","Duisternis","Droog",\N,"221399001","Communicatieweg West","Assendelft","Zaanstad","Noord-Holland",false,52.480472,4.738648,"injury","2","clear",false,1,"GM0479"
"20230102594",2023,"Letsel",3,"Personenauto","Fiets","Flank","Kruispunt, 4 takken",50,"Niet brandend","Daglicht","Droog",\N,\N,"Westduinweg","'s-Gravenhage","'s-Gravenhage","Zuid-Holland",false,52.091999,4.265638,"injury","2","clear",false,1,"GM0518"
"20230103642",2023,"Letsel",1,"Fiets",\N,"Eenzijdig",\N,50,"Niet brandend","Daglicht",\N,"Brug/viaduct","194290011","PEKHUISBRUG","Bleiswijk","Lansingerland","Zuid-Holland",false,51.990786,4.546449,"injury","2","unknown",false,1,"GM1621"
"20230085916",2023,"Uitsluitend materiele schade",2,"Personenauto","Fiets","Flank","Kruispunt, 3 takken",30,"Niet brandend","Daglicht","Droog",\N,\N,"Dr. Willem Dreeslaan","Barneveld","Barneveld","Gelderland",false,52.13873,5.599695,"material damage only","4","clear",false,1,"GM0203"
"20230089979",2023,"Letsel",1,"Fiets",\N,"Eenzijdig","Rechte weg",50,"Brandend","Duisternis","Droog",\N,"600726580","Weddeloop","Voorschoten","Voorschoten","Zuid-Holland",false,52.137154,4.455451,"injury","2","clear",false,1,"GM0626"
"20230099722",2023,"Uitsluitend materiele schade",3,"Personenauto","Fiets","Onbekend","Rotonde",50,"Niet brandend","Daglicht","Droog",\N,\N,"Pastoor Kikkenweg","Cadier en Keer","Eijsden-Margraten","Limburg",false,50.831041,5.757804,"material damage only","4","clear",false,1,"GM1903"
"20230080086",2023,"Uitsluitend materiele schade",2,"Personenauto","Fiets","Flank","Rechte weg",30,"Niet brandend","Daglicht","Droog",\N,"314164049","Sint Severinuslaan","Veldhoven","Veldhoven","Noord-Brabant",false,51.426613,5.418026,"material damage only","4","clear",false,1,"GM0861"
"20230083077",2023,"Uitsluitend materiele schade",3,"Snorfiets","Fiets","Onbekend","Rechte weg",50,"Niet brandend","Daglicht","Regen",\N,"600567646","Windmolenweg","Enschede","Enschede","Overijssel",false,52.217602,6.830957,"material damage only","4","rain",false,1,"GM0153"
"20230086547",2023,"Letsel",2,"Bromfiets","Fiets","Kop/staart","Rechte weg",15,"Niet brandend","Daglicht","Droog",\N,"164300070","Lange Kleiweg","Rijswijk","Rijswijk","Zuid-Holland",false,52.032368,4.332211,"injury","2","clear",false,1,\N
"20230101438",2023,"Uitsluitend materiele schade",2,"Personenauto","Fiets","Flank","Kruispunt, 4 takken",50,"Niet brandend","Daglicht","Droog",\N,\N,"'s-Gravendijkwal","Rotterdam","Rotterdam","Zuid-Holland",false,51.911509,4.463626,"material damage only","4","clear",false,1,"GM0599"
"20230101439",2023,"Letsel",2,"Personenauto","Fiets","Flank","Kruispunt, 4 takken",30,"Niet brandend","Daglicht","Droog",\N,\N,"Noorderparklaan","Bergschenhoek","Lansingerland","Zuid-Holland",false,51.990201,4.487592,"injury","2","clear",false,1,"GM1621"
"20230081942",2023,"Letsel",2,"Personenauto","e-bike","Frontaal","Rotonde",50,"Niet brandend","Daglicht","Droog",\N,\N,"Terra nigrastraat","Maastricht","Maastricht","Limburg",false,50.851471,5.662568,"injury","2","clear",false,1,"GM0935"
"20230087170",2023,"Uitsluitend materiele schade",2,"Personenauto","Fiets","Los voorwerp","Rotonde",50,"Niet brandend","Daglicht","Droog",\N,\N,"Dorpsstraat","Assendelft","Zaanstad","Noord-Holland",false,52.483092,4.752746,"material damage only","4","clear",false,1,"GM0479"
"20230096549",2023,"Uitsluitend materiele schade",1,"Fiets",\N,"Onbekend","Bocht",50,"Niet brandend","Daglicht","Droog",\N,"277340087","Zeverijnstraat","Hilversum","Hilversum","Noord-Holland",false,52.218696,5.14932,"material damage only","4","clear",false,1,"GM0402"
"20230101479",2023,"Uitsluitend materiele schade",2,"Personenauto","Fiets","Flank","Kruispunt, 4 takken",50,"Niet brandend","Daglicht","Regen",\N,\N,"Plesmanlaan","Leiden","Leiden","Zuid-Holland",false,52.164874,4.459585,"material damage only","4","rain",false,1,"GM0546"
"20230093133",2023,"Letsel",2,"Personenauto","Fiets","Flank","Rechte weg",50,"Niet brandend","Daglicht","Droog",\N,\N,"De Stroekeld","Rijssen","Rijssen-Holten","Overijssel",false,52.310416,6.500188,"injury","2","clear",false,1,"GM1742"
"20230101883",2023,"Letsel",2,"Personenauto","Fiets","Frontaal","Rechte weg",30,"Brandend","Duisternis","Regen",\N,"143299037","Molenstraat","Monster","Westland","Zuid-Holland",false,52.02922,4.177537,"injury","2","rain",false,1,"GM1783"
"20230102317",2023,"Letsel",2,"Fiets","Fiets","Frontaal","Rechte weg",30,"Brandend","Schemer","Droog",\N,"600581775","Schoemakerstraat","Delft","Delft","Zuid-Holland",false,51.993882,4.382984,"injury","2","clear",false,1,"GM0503"
"20230106020",2023,"Letsel",2,"Personenauto","Fiets","Flank","Kruispunt, 4 takken",50,"Brandend","Schemer","Regen",\N,\N,"Boerhaavelaan","Hengelo","Hengelo (O)","Overijssel",false,52.264632,6.774371,"injury","2","rain",false,1,\N
"20230106397",2023,"Uitsluitend materiele schade",2,"Personenauto","Fiets","Onbekend","Kruispunt, 4 takken",50,\N,"Daglicht",\N,\N,\N,"Kruisstraat","Nederweert-Eind","Nederweert","Limburg",false,51.279387,5.778038,"material damage only","4","unknown",false,1,"GM0946"
"20230083206",2023,"Uitsluitend materiele schade",2,"Personenauto","Fiets","Onbekend","Bocht",30,"Niet brandend","Daglicht","Droog",\N,"388338110","Brinklaan","Apeldoorn","Apeldoorn","Gelderland",false,52.211688,5.961435,"material damage only","4","clear",false,1,"GM0200"
"20230084351",2023,"Letsel",2,"Fiets","Fiets","Onbekend","Rechte weg",30,"Brandend","Duisternis","Droog",\N,\N,"Rietzangerstraat","Amersfoort","Amersfoort","Utrecht",false,52.168415,5.40226,"injury","2","clear",false,1,"GM0307"
"20230089579",2023,"Letsel",3,"Personenauto","Fiets","Flank","Rotonde",50,"Niet brandend","Daglicht","Droog",\N,\N,"Beresteinlaan","'s-Gravenhage","'s-Gravenhage","Zuid-Holland",false,52.040828,4.255797,"injury","2","clear",false,1,"GM0518"
"20230090187",2023,"Letsel",2,"Personenauto","Fiets","Flank","Kruispunt, 4 takken",30,"Niet brandend","Daglicht","Droog",\N,\N,"Lage Woerd","Naaldwijk","Westland","Zuid-Holland",false,51.997486,4.203454,"injury","2","clear",false,1,"GM1783"
"20230097196",2023,"Letsel",2,"Personenauto","Fiets","Flank","Kruispunt, 3 takken",50,"Niet brandend","Daglicht","Regen",\N,\N,"Dr. H. Colijnstraat","Amsterdam","Amsterdam","Noord-Holland",false,52.382385,4.806462,"injury","2","rain",false,1,"GM0363"
"20230103307",2023,"Uitsluitend materiele schade",2,"Bestelauto","Fiets","Flank","Rechte weg",50,"Niet brandend","Daglicht","Droog",\N,"173284023","Kandelaarweg","Rotterdam","Rotterdam","Zuid-Holland",false,51.961475,4.393859,"material damage only","4","clear",false,1,"GM0599"
"20230079696",2023,"Letsel",2,"Personenauto","Fiets","Onbekend","Kruispunt, 4 takken",60,"Niet brandend","Daglicht","Droog",\N,\N,"Oude Rielsebaan","Tilburg","Tilburg","Noord-Brabant",false,51.552378,5.007017,"injury","2","clear",false,1,"GM0855"
"20230080881",2023,"Uitsluitend materiele schade",2,"Personenauto","Fiets","Frontaal","Rechte weg",30,"Brandend","Schemer","Droog",\N,"180188137","Vughtstraat","Roosendaal","Roosendaal","Noord-Brabant",false,51.535056,4.454379,"material damage only","4","clear",false,1,"GM1674"
"20230082642",2023,"Uitsluitend materiele schade",2,"Bestelauto","Fiets","Frontaal","Kruispunt, 3 takken",60,"Niet aanwezig","Daglicht","Droog",\N,\N,"Bollertweg","Gelselaar","Berkelland","Gelderland",false,52.171807,6.519277,"material damage only","4","clear",false,1,"GM1859"
"20230097827",2023,"Letsel",2,"Personenauto","Fiets","Geparkeerd voertuig","Rechte weg",50,"Brandend","Duisternis","Droog","Parkeervoorziening","241377173","Planciusstraat","Amsterdam","Amsterdam","Noord-Holland",false,52.387728,4.885528,"injury","2","clear",false,1,"GM0363"
"20230097829",2023,"Letsel",2,"Trekker met oplegger","Fiets","Flank","Rechte weg",50,"Niet brandend","Daglicht","Droog",\N,"600389409","Ceintuurbaan","Amsterdam","Amsterdam","Noord-Holland",false,52.354557,4.900125,"injury","2","clear",false,1,"GM0363"
"20230098406",2023,"Uitsluitend materiele schade",2,"Fiets","Personenauto","Geparkeerd voertuig","Rechte weg",30,"Niet aanwezig","Daglicht","Droog",\N,"600802543","Lichtplein","Eindhoven","Eindhoven","Noord-Brabant",false,51.439188,5.474767,"material damage only","4","clear",false,1,"GM0772"
"20230080323",2023,"Uitsluitend materiele schade",1,"Fiets",\N,"Voetganger","Rechte weg",15,"Niet brandend","Daglicht","Droog",\N,"600162280","Lardinoisstraat","Eindhoven","Eindhoven","Noord-Brabant",false,51.443052,5.475847,"material damage only","4","clear",false,1,"GM0772"
"20230082694",2023,"Letsel",2,"Bromfiets","Fiets","Onbekend","Rechte weg",30,"Niet brandend","Daglicht","Droog",\N,\N,"Rijksstraatweg","Teuge","Voorst","Gelderland",false,52.237213,6.057496,"injury","2","clear",false,1,"GM0285"
"20230086736",2023,"Uitsluitend materiele schade",2,"Bromfiets","Fiets","Flank","Kruispunt, 4 takken",50,"Brandend","Duisternis","Droog","Brug/viaduct",\N,"Hoogstraat","Leiden","Leiden","Zuid-Holland",false,52.159074,4.491055,"material damage only","4","clear",false,1,"GM0546"
"20230087889",2023,"Letsel",1,"Fiets",\N,"Eenzijdig","Bocht",50,"Niet aanwezig","Daglicht","Droog",\N,"222431031","Kennemerstraatweg","Alkmaar","Alkmaar","Noord-Holland",false,52.627765,4.740619,"injury","2","clear",false,1,"GM0361"
"20230093779",2023,"Uitsluitend materiele schade",2,"Personenauto","Fiets","Onbekend","Kruispunt, 4 takken",50,"Brandend","Duisternis","Droog",\N,\N,"De Vogelweide","Almelo","Almelo","Overijssel",false,52.338459,6.637057,"material damage only","4","clear",false,1,"GM0141"
"20230097840",2023,"Letsel",2,"Bromfiets","Fiets","Frontaal","Bocht",30,"Brandend","Duisternis","Droog",\N,"601000998","Laan van Troyes","Alkmaar","Alkmaar","Noord-Holland",false,52.655369,4.758979,"injury","2","clear",false,1,"GM0361"
"20230099043",2023,"Uitsluitend materiele schade",2,"Personenauto","e-bike","Flank","Kruispunt, 3 takken",60,"Niet brandend","Daglicht","Droog",\N,\N,"Lage Randweg","Uden","Maashorst","Noord-Brabant",false,51.637371,5.613304,"material damage only","4","clear",false,1,"GM1991"
"20230089105",2023,"Uitsluitend materiele schade",1,"Fiets",\N,"Flank","Rechte weg",30,"Brandend","Duisternis","Droog",\N,"171261012","Hoogvlietsekerkweg","Hoogvliet Rotterdam","Rotterdam","Zuid-Holland",false,51.861824,4.38304,"material damage only","4","clear",false,1,"GM0599"
"20230091517",2023,"Uitsluitend materiele schade",2,"Personenauto","Fiets","Flank","Kruispunt, 3 takken",50,"Niet brandend","Daglicht","Droog",\N,\N,"Dr. Hub van Doorneweg","Tilburg","Tilburg","Noord-Brabant",false,51.543419,5.057333,"material damage only","4","clear",false,1,"GM0855"
"20230098483",2023,"Uitsluitend materiele schade",2,"Personenauto","Fiets","Flank","Rechte weg",50,"Niet brandend","Daglicht","Droog",\N,"205196102","Markt","Etten-Leur","Etten-Leur","Noord-Brabant",false,51.569623,4.635928,"material damage only","4","clear",false,1,"GM0777"
"20230081592",2023,"Letsel",2,"Personenauto","Fiets","Kop/staart","Rechte weg",30,"Niet brandend","Daglicht","Droog",\N,"330204008","Rembrandtlaan","Veghel","Meierijstad","Noord-Brabant",false,51.608849,5.533711,"injury","2","clear",false,1,"GM1948"
"20230094447",2023,"Letsel",1,"Fiets",\N,"Eenzijdig","Rechte weg",50,"Brandend","Duisternis","Droog",\N,\N,"Telgterweg","Ermelo","Ermelo","Gelderland",false,52.297152,5.608529,"injury","2","clear",false,1,"GM0233"
"20230097340",2023,"Uitsluitend materiele schade",2,"Personenauto","Fiets","Flank","Kruispunt, 3 takken",50,"Brandend","Duisternis","Droog",\N,\N,"IJburglaan","Amsterdam","Amsterdam","Noord-Holland",false,52.359489,4.987427,"material damage only","4","clear",false,1,"GM0363"
"20230086844",2023,"Letsel",2,"Fiets","Voetganger","Voetganger","Rechte weg",\N,"Niet brandend","Daglicht","Droog",\N,"175323040","Deijlerweg","Wassenaar","Wassenaar","Zuid-Holland",false,52.140514,4.407124,"injury","2","clear",false,1,"GM0629"
"20230081644",2023,"Uitsluitend materiele schade",1,"Fiets",\N,"Eenzijdig","Bocht",50,"Niet brandend","Daglicht","Droog",\N,"157174009","Fianestraat","Bergen op Zoom","Bergen op Zoom","Noord-Brabant",false,51.468952,4.292897,"material damage only","4","clear",false,1,"GM0748"
"20230083404",2023,"Letsel",2,"Fiets","Fiets","Onbekend","Rechte weg",30,"Brandend","Duisternis","Droog",\N,"520363062","Bisschopstraat","Oldenzaal","Oldenzaal","Overijssel",false,52.315049,6.930311,"injury","2","clear",false,1,"GM0173"
"20230089793",2023,"Letsel",2,"Personenauto","Fiets","Flank","Kruispunt, 4 takken",50,"Niet brandend","Daglicht","Regen",\N,\N,"Edisonstraat","Oud-Beijerland","Hoeksche Waard","Zuid-Holland",false,51.825125,4.430543,"injury","2","rain",false,1,"GM1963"
"20230093945",2023,"Letsel",2,"Bestelauto","Fiets","Eenzijdig","Rotonde",50,"Niet brandend","Daglicht","Regen",\N,\N,"Akeleistraat","Wierden","Wierden","Overijssel",false,52.356808,6.600492,"injury","2","rain",false,1,"GM0189"
"20230084624",2023,"Letsel",2,"Bestelauto","Fiets","Eenzijdig","Kruispunt, 4 takken",30,"Niet brandend","Daglicht","Droog",\N,\N,"Da Costalaan","Hilversum","Hilversum","Noord-Holland",false,52.220027,5.157439,"injury","2","clear",false,1,"GM0402"
"20230084629",2023,"Letsel",2,"Personenauto","Fiets","Onbekend","Kruispunt, 4 takken",50,"Niet brandend","Daglicht","Droog",\N,\N,"Eerste Stegge","Ootmarsum","Dinkelland","Overijssel",false,52.409376,6.911991,"injury","2","clear",false,1,"GM1774"
"20230086910",2023,"Letsel",2,"Snorfiets","Fiets","Kop/staart","Rechte weg",30,"Brandend","Duisternis","Regen",\N,"165306022","Trekweg","'s-Gravenhage","'s-Gravenhage","Zuid-Holland",false,52.063891,4.337579,"injury","2","rain",false,1,"GM0518"
"20230086921",2023,"Letsel",3,"Fiets","Fiets","Frontaal","Rechte weg",30,"Niet brandend","Daglicht","Droog",\N,\N,"Vestingpad","Zoetermeer","Zoetermeer","Zuid-Holland",false,52.072291,4.52874,"injury","2","clear",false,1,"GM0637"
"20230087493",2023,"Uitsluitend materiele schade",2,"Fiets","Personenauto","Onbekend","Kruispunt, 4 takken",50,"Brandend","Duisternis","Regen",\N,\N,"Nieuwe Weteringstraat","Amsterdam","Amsterdam","Noord-Holland",false,52.360589,4.890895,"material damage only","4","rain",false,1,"GM0363"
"20220004490",2022,"Uitsluitend materiele schade",2,"Personenauto","Fiets","Flank","Rechte weg",50,"Brandend","Duisternis","Droog",\N,"515339134","Wethouder Beversstraat","Enschede","Enschede","Overijssel",false,52.206484,6.892156,"material damage only","4","clear",false,1,"GM0153"
"20220007744",2022,"Uitsluitend materiele schade",2,"Personenauto","Fiets","Flank","Kruispunt, 4 takken",50,"Brandend","Duisternis","Droog",\N,\N,"Zwanenveld","Nijmegen","Nijmegen","Gelderland",false,51.823176,5.793686,"material damage only","4","clear",false,1,"GM0268"
"20220008089",2022,"Letsel",2,"Personenauto","Fiets","Flank","Rotonde",50,"Niet brandend","Daglicht","Regen",\N,\N,"Haspelstraat","Zevenaar","Zevenaar","Gelderland",false,51.931181,6.07667,"injury","2","rain",false,1,"GM0299"
"20220130414",2022,"Letsel",2,"Personenauto","e-bike","Flank","Kruispunt, 4 takken",80,"Niet brandend","Daglicht",\N,\N,\N,"Kurenpolderweg","Hank","Altena","Noord-Brabant",false,51.725593,4.898597,"injury","2","unknown",false,1,"GM1959"
"20220109499",2022,"Uitsluitend materiele schade",2,"Personenauto","Fiets","Onbekend","Kruispunt, 4 takken",50,"Brandend","Duisternis","Regen",\N,\N,"Koudekerkseweg","Vlissingen","Vlissingen","Zeeland",false,51.458126,3.560127,"material damage only","4","rain",false,1,"GM0718"
"20220111232",2022,"Uitsluitend materiele schade",3,"Personenauto","Fiets","Los voorwerp","Rotonde",50,"Niet brandend","Daglicht","Droog",\N,\N,"Midbuulweg","Budel","Cranendonck","Noord-Brabant",false,51.263314,5.572446,"material damage only","4","clear",false,1,"GM1706"
"20220126036",2022,"Letsel",2,"Fiets",\N,"Eenzijdig","Kruispunt, 3 takken",\N,"Niet brandend","Daglicht","Droog",\N,\N,"Parklaan","Alphen aan den Rijn","Alphen aan den Rijn","Zuid-Holland",false,52.131199,4.657265,"injury","2","clear",false,1,"GM0484"
"20220063374",2022,"Letsel",2,"Personenauto","Fiets","Flank","Kruispunt, 4 takken",50,"Niet brandend","Daglicht","Droog",\N,\N,"Marathonweg","Vlaardingen","Vlaardingen","Zuid-Holland",false,51.913082,4.327782,"injury","2","clear",false,1,"GM0622"
"20220127529",2022,"Letsel",2,"Personenauto","Fiets","Flank","Kruispunt, 4 takken",50,"Niet brandend","Daglicht","Droog",\N,\N,"Marnixlaan","Vlaardingen","Vlaardingen","Zuid-Holland",false,51.908973,4.324999,"injury","2","clear",false,1,"GM0622"
"20220104643",2022,"Letsel",2,"Personenauto","Fiets","Frontaal","Rotonde",50,"Niet brandend","Daglicht","Droog",\N,\N,"Groenoord","Alphen aan den Rijn","Alphen aan den Rijn","Zuid-Holland",false,52.14484,4.653784,"injury","2","clear",false,1,"GM0484"
"20220123142",2022,"Uitsluitend materiele schade",2,"Personenauto","Fiets","Flank","Kruispunt, 4 takken",50,"Niet brandend","Daglicht","Droog",\N,\N,"Valentijnkade","Amsterdam","Amsterdam","Noord-Holland",false,52.358405,4.944924,"material damage only","4","clear",false,1,"GM0363"
"20240003981",2024,"Uitsluitend materiele schade",2,"Personenauto","Fiets","Frontaal","Rotonde",30,"Brandend","Duisternis","Droog",\N,\N,"Wipstrikkerallee","Zwolle","Zwolle","Overijssel",false,52.514147,6.109898,"material damage only","4","clear",false,1,"GM0193"
"20220078896",2022,"Letsel",3,"Fiets","Fiets","Onbekend","Rechte weg",30,"Niet aanwezig","Daglicht","Droog",\N,"600757973","Zuidwijkring","Heerhugowaard","Dijk en Waard","Noord-Holland",false,52.652083,4.821756,"injury","2","clear",false,1,"GM1980"
"20220085968",2022,"Letsel",2,"e-bike","Personenauto","Flank","Kruispunt, 4 takken",50,"Niet aanwezig","Daglicht","Droog",\N,\N,"Maasstadweg","Rotterdam","Rotterdam","Zuid-Holland",false,51.880225,4.535431,"injury","2","clear",false,1,"GM0599"
"20220089532",2022,"Uitsluitend materiele schade",2,"Snorfiets","Fiets","Flank","Kruispunt, 4 takken",30,"Niet brandend","Daglicht","Droog",\N,\N,"PSV-laan","Eindhoven","Eindhoven","Noord-Brabant",false,51.445095,5.463418,"material damage only","4","clear",false,1,"GM0772"
"20220090986",2022,"Letsel",2,"Fiets","Los voorwerp","Los voorwerp","Rechte weg",50,\N,"Daglicht","Droog",\N,"390026004","Rijksweg","Wittem","Gulpen-Wittem","Limburg",false,50.806227,5.957756,"injury","2","clear",false,1,"GM1729"
"20220039258",2022,"Uitsluitend materiele schade",2,"Bromfiets","e-bike","Frontaal","Rechte weg",30,"Brandend","Duisternis","Droog",\N,"600790105","Orthenseweg","'s-Hertogenbosch","'s-Hertogenbosch","Noord-Brabant",false,51.698199,5.304267,"material damage only","4","clear",false,1,"GM0796"
"20220078217",2022,"Uitsluitend materiele schade",2,"Fiets","Fiets","Flank","Kruispunt, 3 takken",50,"Niet brandend","Daglicht","Droog",\N,\N,"Floridadreef","Utrecht","Utrecht","Utrecht",false,52.126343,5.095016,"material damage only","4","clear",false,1,"GM0344"
"20220079802",2022,"Letsel",3,"Fiets","Fiets","Onbekend","Rechte weg",30,"Niet brandend","Daglicht","Droog",\N,"200373022","Bentveldsweg","Aerdenhout","Bloemendaal","Noord-Holland",false,52.367676,4.580145,"injury","2","clear",false,1,"GM0377"
"20220086033",2022,"Letsel",2,"Personenauto","Fiets","Flank","Rechte weg",50,"Niet brandend","Daglicht","Droog",\N,"600909845","Vasteland","Rotterdam","Rotterdam","Zuid-Holland",false,51.911612,4.47748,"injury","2","clear",false,1,"GM0599"
"20220089445",2022,"Letsel",3,"Personenauto","e-bike","Onbekend","Rechte weg",50,"Niet brandend","Daglicht",\N,\N,"365172142","Helmondseweg","Deurne","Deurne","Noord-Brabant",false,51.462579,5.786283,"injury","2","unknown",false,1,"GM0762"
"20220090462",2022,"Uitsluitend materiele schade",2,"Personenauto","Fiets","Flank","Kruispunt, 4 takken",30,"Brandend","Duisternis","Droog",\N,\N,"Burg Coenegrachtstraat","Venlo","Venlo","Limburg",false,51.373798,6.141265,"material damage only","4","clear",false,1,"GM0983"
"20220091049",2022,"Uitsluitend materiele schade",2,"Personenauto","Fiets","Flank","Kruispunt, 4 takken",50,"Niet brandend","Daglicht","Droog",\N,\N,"Sint Wirosingel","Roermond","Roermond","Limburg",false,51.175982,6.010379,"material damage only","4","clear",false,1,"GM0957"
"20220103464",2022,"Uitsluitend materiele schade",2,"e-bike","Overig vast object","Vast voorwerp","Rotonde",50,"Brandend","Duisternis","Droog",\N,\N,"FIETSPAD","'s-Gravenzande","Westland","Zuid-Holland",false,51.988472,4.184763,"material damage only","4","clear",false,1,"GM1783"
"20220104535",2022,"Uitsluitend materiele schade",2,"e-bike","Personenauto","Flank","Kruispunt, 3 takken",50,"Niet brandend","Daglicht","Droog",\N,\N,"Beeklaan","'s-Gravenhage","'s-Gravenhage","Zuid-Holland",false,52.074821,4.28057,"material damage only","4","clear",false,1,"GM0518"
"20220031622",2022,"Uitsluitend materiele schade",2,"Personenauto","Fiets","Flank","Rechte weg",60,"Niet brandend","Daglicht","Droog",\N,"600696280","Melickerweg","Herkenbosch","Roerdalen","Limburg",false,51.15676,6.051011,"material damage only","4","clear",false,1,"GM1669"
"20220046454",2022,"Letsel",2,"Vrachtauto","Fiets","Flank","Rotonde",50,"Niet brandend","Daglicht","Regen",\N,\N,"FIETSPAD","Babberich","Zevenaar","Gelderland",false,51.909456,6.106368,"injury","2","rain",false,1,"GM0299"
"20220047826",2022,"Uitsluitend materiele schade",2,"Fiets","Personenauto","Flank","Kruispunt, 3 takken",30,"Niet brandend","Daglicht","Droog",\N,\N,"Kievit","Raalte","Raalte","Overijssel",false,52.393655,6.292798,"material damage only","4","clear",false,1,"GM0177"
"20220078278",2022,"Uitsluitend materiele schade",2,"Personenauto","Fiets","Flank","Rotonde",50,"Niet brandend","Daglicht","Droog",\N,\N,"Ransuil","Urk","Urk","Flevoland",false,52.658233,5.631619,"material damage only","4","clear",false,1,"GM0184"
"20220089453",2022,"Letsel",2,"e-bike","Fiets","Frontaal","Rechte weg",80,"Niet aanwezig","Duisternis","Droog",\N,"600654281","Hoevensebaan","Milheeze","Gemert-Bakel","Noord-Brabant",false,51.501452,5.788375,"injury","2","clear",false,1,"GM1652"