"accident_id","year","severity_raw","party_count","party1_type","party2_type","accident_type","road_situation","speed_limit_kmh","road_lighting","light_condition_label","weather_raw","infra_type","road_segment_id","street_name","place_name","gemeente_name_raw","province","alcohol_indicated","latitude","longitude","severity_label","severity_code","weather_label","built_up_area","cyclists_involved","gemeente_code"
"20220090610",2022,"Uitsluitend materiele schade",2,"Fiets","Scootmobiel","Frontaal","Kruispunt, 4 takken",30,"Niet brandend","Daglicht","Droog",\N,\N,"van Vogelsanckstraat","Venlo","Venlo","Limburg",false,51.358116,6.180016,"material damage only","4","clear",false,1,"GM0983"
"20220091135",2022,"Uitsluitend materiele schade",2,"Fiets","Personenauto","Flank","Kruispunt, 3 takken",50,"Niet brandend","Daglicht","Droog",\N,\N,"Van Plettenbergweg","Wittem","Gulpen-Wittem","Limburg",false,50.813834,5.911722,"material damage only","4","clear",false,1,"GM1729"
"20220108479",2022,"Uitsluitend materiele schade",2,"Snorfiets","Fiets","Frontaal","Kruispunt, 3 takken",50,"Brandend","Duisternis","Regen",\N,\N,"Karel Doormanstraat","Rotterdam","Rotterdam","Zuid-Holland",false,51.922155,4.473877,"material damage only","4","rain",false,1,"GM0599"
"20220013330",2022,"Letsel",4,"Fiets","Personenauto","Onbekend","Kruispunt, 3 takken",50,"Niet aanwezig","Daglicht","Droog",\N,\N,"J.J.P. Oudweg","Heerhugowaard","Dijk en Waard","Noord-Holland",false,52.663068,4.810413,"injury","2","clear",false,1,"GM1980"
"20220059406",2022,"Letsel",1,"Fiets",\N,"Eenzijdig","Rechte weg",30,"Niet brandend","Daglicht","Droog",\N,"195315008","Noordpolder","Benthuizen","Alphen aan den Rijn","Zuid-Holland",false,52.103738,4.54939,"injury","2","clear",false,1,"GM0484"
"20220077045",2022,"Uitsluitend materiele schade",2,"Personenauto","e-bike","Onbekend","Kruispunt, 4 takken",\N,"Niet brandend","Daglicht","Droog",\N,\N,"Palingweg","Almere","Almere","Flevoland",false,52.389702,5.236536,"material damage only","4","clear",false,1,"GM0034"
"20220077864",2022,"Letsel",2,"Fiets","Personenauto","Flank","Kruispunt, 4 takken",30,"Niet brandend","Daglicht","Droog",\N,\N,"Parkzichtlaan","Utrecht","Utrecht","Utrecht",false,52.093611,5.038528,"injury","2","clear",false,1,"GM0344"
"20220022864",2022,"Letsel",1,"Fiets",\N,"Eenzijdig",\N,\N,\N,"Schemer",\N,\N,"600646901","Koddeweg","Hoogvliet Rotterdam","Rotterdam","Zuid-Holland",false,51.863386,4.37686,"injury","2","unknown",false,1,"GM0599"
"20220047934",2022,"Uitsluitend materiele schade",2,"Personenauto","Fiets","Flank","Rotonde",50,"Niet brandend","Daglicht","Droog",\N,\N,"Stationslaan","Wijchen","Wijchen","Gelderland",false,51.810961,5.742455,"material damage only","4","clear",false,1,"GM0296"
"20220049465",2022,"Letsel",2,"Fiets","Overig vast object","Vast voorwerp","Rechte weg",50,"Niet brandend","Daglicht","Droog",\N,"269311108","Laan van Nieuw-Guinea","Utrecht","Utrecht","Utrecht",false,52.090616,5.091581,"injury","2","clear",false,1,"GM0344"
"20220052572",2022,"Letsel",2,"Fiets","Fiets","Frontaal","Rechte weg",\N,"Niet brandend","Daglicht","Droog",\N,"600500704","Gedempte Herensingel","Haarlem","Haarlem","Noord-Holland",false,52.380163,4.646572,"injury","2","clear",false,1,"GM0392"
"20220053852",2022,"Letsel",2,"Fiets","Fiets","Onbekend","Rechte weg",15,"Brandend","Duisternis","Droog",\N,"225437108","Deurlooplein","Alkmaar","Alkmaar","Noord-Holland",false,52.653622,4.759184,"injury","2","clear",false,1,"GM0361"
"20220082904",2022,"Letsel",1,"Fiets",\N,"Eenzijdig","Rechte weg",\N,"Niet brandend","Daglicht","Droog",\N,"600278639","Bloemerd","Leiderdorp","Leiderdorp","Zuid-Holland",false,52.171375,4.540789,"injury","2","clear",false,1,"GM0547"
"20220083854",2022,"Uitsluitend materiele schade",2,"Personenauto","Fiets","Onbekend",\N,30,\N,"Duisternis",\N,\N,"187327109","Breestraat","Leiden","Leiden","Zuid-Holland",false,52.158152,4.490381,"material damage only","4","unknown",false,1,"GM0546"
"20220059545",2022,"Letsel",2,"Bestelauto","Fiets","Flank","Rechte weg",50,"Niet brandend","Daglicht","Droog",\N,"201321052","Rijndijk","Hazerswoude-Rijndijk","Alphen aan den Rijn","Zuid-Holland",false,52.130382,4.600935,"injury","2","clear",false,1,"GM0484"
"20220081070",2022,"Uitsluitend materiele schade",2,"Personenauto","Fiets","Flank","Rechte weg",50,"Niet brandend","Daglicht","Droog",\N,"600124188","Keizersgracht","Amsterdam","Amsterdam","Noord-Holland",false,52.363801,4.894121,"material damage only","4","clear",false,1,"GM0363"
"20220083972",2022,"Letsel",1,"Fiets",\N,"Eenzijdig","Bocht",50,"Niet brandend","Daglicht","Droog",\N,"168291194","Voorhofdreef","Delft","Delft","Zuid-Holland",false,51.996536,4.354776,"injury","2","clear",false,1,"GM0503"
"20220091388",2022,"Uitsluitend materiele schade",2,"Snorfiets","e-bike","Flank","Rechte weg",50,"Niet brandend","Daglicht","Droog",\N,"420148042","Kaldenkerkerweg","Venlo","Venlo","Limburg",false,51.354793,6.180873,"material damage only","4","clear",false,1,"GM0983"
"20220113810",2022,"Uitsluitend materiele schade",2,"Bromfiets","e-bike","Flank","Rechte weg",50,"Niet brandend","Daglicht","Droog",\N,\N,"Sint Wirosingel","Roermond","Roermond","Limburg",false,51.208898,6.018619,"material damage only","4","clear",false,1,"GM0957"
"20220017633",2022,"Letsel",2,"Bromfiets","Fiets","Onbekend","Kruispunt, 3 takken",50,"Niet brandend","Daglicht",\N,\N,\N,"Duinweg","Noordwijk","Noordwijk","Zuid-Holland",false,52.242506,4.439179,"injury","2","unknown",false,1,"GM0575"
"20220055472",2022,"Uitsluitend materiele schade",2,"Bestelauto","Fiets","Kop/staart","Rechte weg",30,"Niet brandend","Daglicht","Droog",\N,"244370006","Van Woustraat","Amsterdam","Amsterdam","Noord-Holland",false,52.352412,4.902937,"material damage only","4","clear",false,1,"GM0363"
"20220070323",2022,"Letsel",2,"Snorfiets","Fiets","Flank","Kruispunt, 4 takken",50,"Niet brandend","Daglicht","Droog",\N,\N,"Heugemerweg","Maastricht","Maastricht","Limburg",false,50.846049,5.705983,"injury","2","clear",false,1,"GM0935"
"20220083992",2022,"Letsel",2,"Personenauto","Fiets","Flank","Kruispunt, 3 takken",50,"Niet brandend","Daglicht","Droog",\N,\N,"Groenepad","Kwintsheul","Westland","Zuid-Holland",false,52.028023,4.257869,"injury","2","clear",false,1,"GM1783"
"20220088013",2022,"Letsel",1,"Fiets",\N,"Eenzijdig",\N,30,"Niet aanwezig","Daglicht","Droog",\N,"600182662","Boulevard de Wielingen","Cadzand","Sluis","Zeeland",false,51.38178,3.397078,"injury","2","clear",false,1,"GM1714"
"20220104896",2022,"Letsel",2,"e-bike","Personenauto","Geparkeerd voertuig","Rechte weg",50,"Niet brandend","Daglicht","Droog",\N,"186324011","Lammenschansweg","Leiden","Leiden","Zuid-Holland",false,52.143674,4.488131,"injury","2","clear",false,1,"GM0546"
"20220043460",2022,"Uitsluitend materiele schade",2,"Bestelauto","Fiets","Onbekend","Rotonde",30,"Niet brandend","Daglicht","Droog",\N,\N,"Goudplevier","IJsselmuiden","Kampen","Overijssel",false,52.563409,5.940645,"material damage only","4","clear",false,1,"GM0166"
"20220048162",2022,"Uitsluitend materiele schade",2,"Scootmobiel","Fiets","Flank","Kruispunt, 4 takken",\N,"Niet brandend","Daglicht","Droog",\N,"600696637","Nieuwe Deventerweg","Raalte","Raalte","Overijssel",false,52.396809,6.265464,"material damage only","4","clear",false,1,"GM0177"
"20220059677",2022,"Uitsluitend materiele schade",2,"Fiets","Fiets","Frontaal","Rechte weg",30,"Niet brandend","Daglicht","Droog",\N,"236281001","Adam van Vianenstraat","Schoonhoven","Krimpenerwaard","Zuid-Holland",false,51.952378,4.850021,"material damage only","4","clear",false,1,"GM1931"
"20220070358",2022,"Letsel",2,"Bestelauto","Fiets","Flank","Kruispunt, 4 takken",50,"Niet brandend","Daglicht","Droog",\N,\N,"Gewantmakersdreef","Maastricht","Maastricht","Limburg",false,50.844866,5.661199,"injury","2","clear",false,1,"GM0935"
"20220084064",2022,"Uitsluitend materiele schade",2,"Bromfiets","Fiets","Flank","Rechte weg",30,"Brandend","Duisternis","Droog",\N,"186327071","Noordeinde","Leiden","Leiden","Zuid-Holland",false,52.160223,4.484113,"material damage only","4","clear",false,1,"GM0546"
"20220084065",2022,"Letsel",2,"Personenauto","e-bike","Flank","Rechte weg",50,"Niet brandend","Daglicht","Droog",\N,"600713340","Veilingweg","De Lier","Westland","Zuid-Holland",false,51.980649,4.243388,"injury","2","clear",false,1,"GM1783"
"20220105699",2022,"Uitsluitend materiele schade",2,"Bromfiets","Fiets","Flank","Rechte weg",50,"Niet brandend","Daglicht","Droog",\N,"169319021","Buurtweg","Wassenaar","Wassenaar","Zuid-Holland",false,52.121547,4.361208,"material damage only","4","clear",false,1,"GM0629"
"20220105970",2022,"Letsel",3,"Personenauto","Fiets","Onbekend","Rechte weg",30,"Niet brandend","Daglicht","Droog",\N,"159299023","Limastraat","'s-Gravenhage","'s-Gravenhage","Zuid-Holland",false,52.031568,4.287604,"injury","2","clear",false,1,"GM0518"
"20220014222",2022,"Letsel",2,"Bromfiets","e-bike","Flank","Kruispunt, 4 takken",30,"Niet brandend","Daglicht","Droog","Spoorwegovergang",\N,"Provincialeweg","Krommenie","Zaanstad","Noord-Holland",false,52.494198,4.765523,"injury","2","clear",false,1,"GM0479"
"20220052929",2022,"Letsel",4,"Fiets","Bestelauto","Flank","Kruispunt, 3 takken",60,"Niet aanwezig","Daglicht","Droog",\N,\N,"WIJDEWORMER 3","Wijdewormer","Wormerland","Noord-Holland",false,52.497141,4.895648,"injury","2","clear",false,1,"GM0880"
"20220068975",2022,"Uitsluitend materiele schade",2,"Fiets","Fiets","Flank","Rechte weg",50,"Niet aanwezig","Schemer","Droog",\N,"399040018","Tunnelweg","Kerkrade","Kerkrade","Limburg",false,50.871086,6.025161,"material damage only","4","clear",false,1,"GM0928"
"20220070577",2022,"Uitsluitend materiele schade",1,"Fiets",\N,"Frontaal","Bocht",30,"Brandend","Duisternis","Droog",\N,"380505040","Barten","Heerenveen","Heerenveen","Friesland",false,52.959555,5.911775,"material damage only","4","clear",false,1,"GM0074"
"20220107039",2022,"Uitsluitend materiele schade",2,"Personenauto","Fiets","Flank","Kruispunt, 3 takken",50,"Niet brandend","Daglicht","Droog",\N,\N,"Beukelsweg","Rotterdam","Rotterdam","Zuid-Holland",false,51.920821,4.440618,"material damage only","4","clear",false,1,"GM0599"
"20220107710",2022,"Uitsluitend materiele schade",2,"Bromfiets","Fiets","Onbekend","Kruispunt, 3 takken",30,"Niet aanwezig","Daglicht","Droog",\N,\N,"Heemraadssingel","Rotterdam","Rotterdam","Zuid-Holland",false,51.913933,4.455966,"material damage only","4","clear",false,1,"GM0599"
"20220097237",2022,"Letsel",2,"Personenauto","Fiets","Flank","Rechte weg",80,"Niet brandend","Daglicht","Droog",\N,"381290027","Apeldoornseweg","Arnhem","Arnhem","Gelderland",false,51.994755,5.910779,"injury","2","clear",false,1,"GM0202"
"20220014489",2022,"Letsel",3,"Bestelauto","e-bike","Geparkeerd voertuig","Rechte weg",50,"Niet brandend","Daglicht","Droog","Parkeervoorziening","225435013","Winkelwaard","Alkmaar","Alkmaar","Noord-Holland",false,52.645265,4.759644,"injury","2","clear",false,1,"GM0361"
"20220026042",2022,"Uitsluitend materiele schade",2,"Personenauto","e-bike","Flank","Kruispunt, 3 takken",30,"Niet brandend","Daglicht","Droog",\N,\N,"Deilstraat","Tilburg","Tilburg","Noord-Brabant",false,51.579311,5.019109,"material damage only","4","clear",false,1,"GM0855"
"20220032487",2022,"Letsel",2,"Bestelauto","Fiets","Flank","Kruispunt, 3 takken",30,"Brandend","Duisternis","Regen",\N,\N,"Oudestraat","Assen","Assen","Drenthe",false,52.996097,6.563587,"injury","2","rain",false,1,"GM0106"
"20220043676",2022,"Uitsluitend materiele schade",2,"Personenauto","Fiets","Flank","Kruispunt, 3 takken",50,"Niet brandend","Daglicht","Droog",\N,"600487199","Westelijke Esweg","Hengelo","Hengelo (O)","Overijssel",false,52.283074,6.827441,"material damage only","4","clear",false,1,\N
"20220082318",2022,"Uitsluitend materiele schade",2,"Fiets","Personenauto","Frontaal","Kruispunt, 4 takken",50,"Niet brandend","Daglicht","Droog",\N,\N,"Schedeldoekshaven","'s-Gravenhage","'s-Gravenhage","Zuid-Holland",false,52.079043,4.323294,"material damage only","4","clear",false,1,"GM0518"
"20220097062",2022,"Letsel",2,"Personenauto","Fiets","Flank","Kruispunt, 4 takken",50,"Niet brandend","Daglicht",\N,\N,\N,"Oldenzaalsestraat","Enschede","Enschede","Overijssel",false,52.219503,6.900054,"injury","2","unknown",false,1,"GM0153"
"20220097646",2022,"Uitsluitend materiele schade",2,"Personenauto","Fiets","Frontaal","Kruispunt, 3 takken",30,"Niet brandend","Daglicht","Droog",\N,\N,"Vrij Nederlandstraat","Arnhem","Arnhem","Gelderland",false,51.983331,5.938282,"material damage only","4","clear",false,1,"GM0202"
"20220097656",2022,"Letsel",2,"Personenauto","Fiets","Flank","Rotonde",50,"Niet brandend","Daglicht","Droog",\N,\N,"Voorthuizerstraat","Putten","Putten","Gelderland",false,52.255647,5.608251,"injury","2","clear",false,1,"GM0273"
"20220054543",2022,"Uitsluitend materiele schade",3,"Bestelauto","e-bike","Los voorwerp","Rechte weg",50,"Niet brandend","Daglicht","Regen",\N,"600403714","Coentunnelcircuit","Amsterdam","Amsterdam","Noord-Holland",false,52.420864,4.875653,"material damage only","4","rain",false,1,"GM0363"
"20220058821",2022,"Letsel",2,"Personenauto","Fiets","Flank","Kruispunt, 3 takken",50,"Brandend","Duisternis","Droog",\N,\N,"Hoefkade","'s-Gravenhage","'s-Gravenhage","Zuid-Holland",false,52.069556,4.316082,"injury","2","clear",false,1,"GM0518"
"20220083451",2022,"Letsel",3,"e-bike","e-bike","Onbekend","Rechte weg",50,"Niet brandend","Daglicht","Droog",\N,\N,"Vlielandsestraat","'s-Gravenhage","'s-Gravenhage","Zuid-Holland",false,52.089712,4.261616,"injury","2","clear",false,1,"GM0518"
"20220095853",2022,"Letsel",2,"e-bike","Bromfiets","Frontaal","Rechte weg",30,"Niet brandend","Daglicht","Droog",\N,"517341092","Boulevard 1945","Enschede","Enschede","Overijssel",false,52.216406,6.902988,"injury","2","clear",false,1,"GM0153"
"20220038553",2022,"Uitsluitend materiele schade",2,"Personenauto","Fiets","Flank","Rotonde",50,"Niet brandend","Daglicht","Droog",\N,\N,"Torenstraat","Oosterhout","Oosterhout","Noord-Brabant",false,51.64758,4.860492,"material damage only","4","clear",false,1,"GM0826"
"20220058844",2022,"Letsel",1,"Fiets",\N,"Eenzijdig","Rechte weg",50,"Niet brandend","Daglicht","Droog",\N,"600379567","Wolterbeekstraat","'s-Gravenhage","'s-Gravenhage","Zuid-Holland",false,52.069511,4.318468,"injury","2","clear",false,1,"GM0518"
"20220059916",2022,"Uitsluitend materiele schade",2,"Bromfiets","Fiets","Onbekend",\N,\N,\N,"Daglicht",\N,\N,\N,"Parmentierweg","Leiden","Leiden","Zuid-Holland",false,52.1678,4.487715,"material damage only","4","unknown",false,1,"GM0546"
"20220070972",2022,"Letsel",2,"Personenauto","Fiets","Flank","Kruispunt, 3 takken",50,"Niet brandend","Daglicht","Droog",\N,\N,"Oosterveldweg","Farmsum","Eemsdelta","Groningen",false,53.326891,6.927753,"injury","2","clear",false,1,"GM1979"
"20220083454",2022,"Letsel",1,"Fiets",\N,"Eenzijdig",\N,50,\N,"Daglicht",\N,\N,"600421851","Schedeldoekshaven","'s-Gravenhage","'s-Gravenhage","Zuid-Holland",false,52.078878,4.322878,"injury","2","unknown",false,1,"GM0518"
"20220098674",2022,"Letsel",3,"e-bike","e-bike","Kop/staart","Rechte weg",50,"Niet brandend","Daglicht","Droog",\N,"600791306","Cotherweg","Langbroek","Wijk bij Duurstede","Utrecht",false,52.005002,5.318299,"injury","2","clear",false,1,"GM0352"
"20220102567",2022,"Letsel",2,"Personenauto","Fiets","Flank","Rotonde",50,"Niet brandend","Daglicht","Droog",\N,\N,"Postjesweg","Amsterdam","Amsterdam","Noord-Holland",false,52.364189,4.843967,"injury","2","clear",false,1,"GM0363"
"20220103109",2022,"Uitsluitend materiele schade",2,"Bestelauto","Fiets","Flank","Rotonde",50,"Niet brandend","Daglicht","Droog",\N,\N,"KRONENBURG","Amstelveen","Amstelveen","Noord-Holland",false,52.315961,4.870328,"material damage only","4","clear",false,1,"GM0362"
"20220073702",2022,"Uitsluitend materiele schade",2,"Personenauto","e-bike","Flank","Kruispunt, 3 takken",50,"Niet brandend","Daglicht","Regen",\N,\N,"Ommerkanaal Oost","Ommen","Ommen","Overijssel",false,52.533515,6.411639,"material damage only","4","rain",false,1,"GM0175"
"20220030696",2022,"Letsel",2,"Personenauto","Fiets","Frontaal","Rotonde",50,"Niet brandend","Daglicht","Droog",\N,\N,"Sint Josephstraat","Meerssen","Meerssen","Limburg",false,50.887108,5.740548,"injury","2","clear",false,1,"GM0938"
"20220071101",2022,"Uitsluitend materiele schade",2,"Personenauto","Fiets","Flank","Kruispunt, 4 takken",50,"Niet brandend","Daglicht","Regen",\N,\N,"Eelderstraat","Groningen","Groningen","Groningen",false,53.213224,6.556988,"material damage only","4","rain",false,1,"GM0014"
"20220087027",2022,"Uitsluitend materiele schade",2,"Personenauto","e-bike","Onbekend",\N,50,\N,"Daglicht",\N,\N,"267195025","Veldhovenring","Tilburg","Tilburg","Noord-Brabant",false,51.567752,5.084917,"material damage only","4","unknown",false,1,"GM0855"
"20220101574",2022,"Letsel",2,"Bromfiets","Fiets","Onbekend","Rechte weg",50,"Brandend","Duisternis","Droog",\N,\N,"Grote Beer","Hoorn","Hoorn","Noord-Holland",true,52.639161,5.035603,"injury","2","clear",false,1,"GM0405"
"20220103776",2022,"Letsel",2,"Bromfiets","Fiets","Kop/staart","Rechte weg",30,"Niet brandend","Daglicht","Droog",\N,"156313114","Westduinweg","'s-Gravenhage","'s-Gravenhage","Zuid-Holland",false,52.094493,4.268494,"injury","2","clear",false,1,"GM0518"
"20220018894",2022,"Letsel",2,"Bestelauto","Fiets","Flank","Rechte weg",50,"Brandend","Schemer","Droog",\N,"600717384","Stieltjesstraat","'s-Gravenhage","'s-Gravenhage","Zuid-Holland",false,52.05957,4.314896,"injury","2","clear",false,1,"GM0518"
"20220036964",2022,"Letsel",2,"Bromfiets","Fiets","Flank","Kruispunt, 3 takken",50,"Brandend","Schemer","Droog",\N,\N,"Wijngaardenlaan","Voorschoten","Voorschoten","Zuid-Holland",false,52.125245,4.443227,"injury","2","clear",false,1,"GM0626"
"20220038717",2022,"Uitsluitend materiele schade",2,"Personenauto","Fiets","Flank","Kruispunt, 4 takken",30,"Niet brandend","Daglicht","Regen",\N,\N,"Tuinzigtlaan","Breda","Breda","Noord-Brabant",false,51.588314,4.750144,"material damage only","4","rain",false,1,"GM0758"
"20220040829",2022,"Letsel",2,"Personenauto","Fiets","Flank","Kruispunt, 4 takken",30,"Niet brandend","Daglicht","Droog",\N,\N,"FIETSPAD","Meppel","Meppel","Drenthe",false,52.691812,6.184435,"injury","2","clear",false,1,"GM0119"
"20220066231",2022,"Uitsluitend materiele schade",2,"Fiets","Snorfiets","Flank","Kruispunt, 3 takken",\N,"Niet brandend","Daglicht",\N,\N,\N,"Lardinoisstraat","Eindhoven","Eindhoven","Noord-Brabant",false,51.443536,5.475694,"material damage only","4","unknown",false,1,"GM0772"
"20220102452",2022,"Uitsluitend materiele schade",2,"Personenauto","Fiets","Flank","Kruispunt, 3 takken",50,"Niet brandend","Daglicht","Droog",\N,\N,"Rembrandtweg","Amstelveen","Amstelveen","Noord-Holland",false,52.305599,4.862237,"material damage only","4","clear",false,1,"GM0362"
"20220019204",2022,"Uitsluitend materiele schade",2,\N,"Fiets","Flank","Kruispunt, 4 takken",50,"Brandend","Duisternis","Droog",\N,\N,"Bezuidenhoutseweg","'s-Gravenhage","'s-Gravenhage","Zuid-Holland",false,52.091118,4.34265,"material damage only","4","clear",false,1,"GM0518"
"20220061894",2022,"Uitsluitend materiele schade",2,"Personenauto","Fiets","Onbekend","Kruispunt, 3 takken",50,"Niet brandend","Daglicht","Droog",\N,\N,"Colijnstraat","Dordrecht","Dordrecht","Zuid-Holland",false,51.79247,4.665572,"material damage only","4","clear",false,1,"GM0505"
"20220103023",2022,"Uitsluitend materiele schade",2,"Bestelauto","Fiets","Flank","Kruispunt, 4 takken",50,"Niet brandend","Daglicht","Droog",\N,\N,"Kleine Wittenburgerstr","Amsterdam","Amsterdam","Noord-Holland",false,52.36973,4.919267,"material damage only","4","clear",false,1,"GM0363"
"20220074552",2022,"Uitsluitend materiele schade",2,"Onbekend voertuig i.g.v. doorrijder","Fiets","Los voorwerp","Rotonde",50,"Niet brandend","Daglicht","Droog",\N,\N,"Bisschop Hamerstraat","Nijmegen","Nijmegen","Gelderland",false,51.842561,5.86023,"material damage only","4","clear",false,1,"GM0268"
"20220021933",2022,"Letsel",2,"Personenauto","e-bike","Onbekend",\N,\N,\N,"Daglicht",\N,\N,"168276003","Zwanensingel","Vlaardingen","Vlaardingen","Zuid-Holland",false,51.927027,4.35925,"injury","2","unknown",false,1,"GM0622"
"20220026780",2022,"Letsel",2,"Personenauto","Fiets","Flank","Rotonde",50,"Niet brandend","Daglicht","Droog",\N,\N,"Fruitlaan","Goes","Goes","Zeeland",false,51.495777,3.889763,"injury","2","clear",false,1,"GM0664"
"20220041061",2022,"Letsel",2,"Personenauto","Fiets","Frontaal","Rechte weg",30,"Niet brandend","Daglicht","Droog","Bus-/Tramhalte","600208457","Zernikelaan","Groningen","Groningen","Groningen",false,53.241535,6.533713,"injury","2","clear",false,1,"GM0014"
"20220051920",2022,"Letsel",2,"Fiets","Personenauto","Flank","Rotonde",60,"Niet brandend","Daglicht","Droog",\N,\N,"Veilingweg","Bovenkarspel","Stede Broec","Noord-Holland",false,52.7078,5.249918,"injury","2","clear",false,1,"GM0532"
"20220059172",2022,"Uitsluitend materiele schade",2,"Fiets","Personenauto","Flank","Kruispunt, 3 takken",50,"Niet brandend","Daglicht","Droog",\N,\N,"Uranusstraat","'s-Gravenhage","'s-Gravenhage","Zuid-Holland",false,52.068094,4.33784,"material damage only","4","clear",false,1,"GM0518"
"20220113612",2022,"Uitsluitend materiele schade",2,"Snorfiets","Fiets","Flank","Kruispunt, 3 takken",\N,"Niet brandend","Daglicht","Regen",\N,\N,"St. Servatiusweg","Venray","Venray","Limburg",false,51.526631,5.991505,"material damage only","4","rain",false,1,"GM0984"
"20220012705",2022,"Letsel",2,"Personenauto","Fiets","Flank","Rotonde",50,"Niet brandend","Daglicht","Droog",\N,\N,"Larixplantsoen","Heerhugowaard","Dijk en Waard","Noord-Holland",false,52.659154,4.842096,"injury","2","clear",false,1,"GM1980"
"20220022173",2022,"Uitsluitend materiele schade",2,"Personenauto","Fiets","Onbekend","Rotonde",50,"Niet brandend","Daglicht","Droog",\N,\N,"Molenlaan","Rotterdam","Rotterdam","Zuid-Holland",false,51.959548,4.503703,"material damage only","4","clear",false,1,"GM0599"
"20220049055",2022,"Uitsluitend materiele schade",2,"Personenauto","e-bike","Flank","Kruispunt, 4 takken",50,"Niet brandend","Daglicht","Droog",\N,\N,"Oud-Wulvenplantsoen","Utrecht","Utrecht","Utrecht",false,52.066023,5.121772,"material damage only","4","clear",false,1,"GM0344"
"20220052016",2022,"Letsel",3,"Personenauto","Fiets","Onbekend","Rechte weg",50,"Niet brandend","Daglicht","Droog",\N,"600370279","Willem de Zwijgerlaan","Alkmaar","Alkmaar","Noord-Holland",false,52.622997,4.74374,"injury","2","clear",false,1,"GM0361"
"20220053541",2022,"Uitsluitend materiele schade",3,"Bestelauto","e-bike","Geparkeerd voertuig","Rechte weg",30,"Niet brandend","Daglicht","Droog","Parkeervoorziening","216425007","De Capel-acker","Heiloo","Heiloo","Noord-Holland",false,52.598994,4.696634,"material damage only","4","clear",false,1,"GM0399"
"20230003139",2023,"Uitsluitend materiele schade",2,"Bromfiets","Fiets","Kop/staart","Kruispunt, 3 takken",80,"Niet brandend","Daglicht","Droog",\N,\N,"Weg van Ongenade","Espel","Noordoostpolder","Flevoland",false,52.724298,5.690924,"material damage only","4","clear",false,1,"GM0171"
"20230075193",2023,"Uitsluitend materiele schade",2,"Bromfiets","Fiets","Onbekend",\N,50,\N,"Daglicht",\N,\N,\N,"Provincialeweg","Hoorn","Hoorn","Noord-Holland",false,52.650095,5.055688,"material damage only","4","unknown",false,1,"GM0405"
"20230000957",2023,"Uitsluitend materiele schade",2,"Personenauto","Fiets","Flank","Kruispunt, 4 takken",30,"Brandend","Duisternis","Droog",\N,\N,"Zwanenveld","Nijmegen","Nijmegen","Gelderland",false,51.821763,5.794193,"material damage only","4","clear",false,1,"GM0268"
"20230000648",2023,"Letsel",2,"Fiets","Fiets","Flank","Kruispunt, 4 takken",30,"Niet brandend","Daglicht","Droog",\N,\N,"Smithuisstraat","Ootmarsum","Dinkelland","Overijssel",false,52.408749,6.902314,"injury","2","clear",false,1,"GM1774"
"20230002204",2023,"Uitsluitend materiele schade",2,"Personenauto","Fiets","Flank","Kruispunt, 4 takken",30,"Niet brandend","Daglicht","Droog",\N,\N,"Oranjestraat","Wehl","Doetinchem","Gelderland",false,51.960666,6.213325,"material damage only","4","clear",false,1,"GM0222"
"20230113560",2023,"Letsel",1,"Fiets",\N,"Eenzijdig",\N,50,\N,"Duisternis",\N,\N,"159307089","Paul Krugerlaan","'s-Gravenhage","'s-Gravenhage","Zuid-Holland",false,52.068781,4.289494,"injury","2","unknown",false,1,"GM0518"
"20230058424",2023,"Uitsluitend materiele schade",1,"Fiets",\N,"Onbekend",\N,50,\N,"Daglicht",\N,\N,"600201571","Escamplaan","'s-Gravenhage","'s-Gravenhage","Zuid-Holland",false,52.064802,4.27724,"material damage only","4","unknown",false,1,"GM0518"
"20230062818",2023,"Letsel",2,"Bestelauto","Fiets","Onbekend",\N,60,\N,"Daglicht",\N,\N,"601023445","Clarapolderweg","Philippine","Terneuzen","Zeeland",false,51.279801,3.696789,"injury","2","unknown",false,1,"GM0715"
"20230000226",2023,"Uitsluitend materiele schade",1,"Fiets",\N,"Onbekend","Rechte weg",50,"Niet brandend","Daglicht","Droog",\N,"516338033","Kuipersdijk","Enschede","Enschede","Overijssel",false,52.202337,6.894435,"material damage only","4","clear",false,1,"GM0153"
"20230100499",2023,"Letsel",1,"Fiets",\N,"Eenzijdig",\N,50,\N,"Schemer",\N,\N,"600191449","Lous van Beusekomlaan","Breda","Breda","Noord-Brabant",false,51.596053,4.789886,"injury","2","unknown",false,1,"GM0758"
"20230011983",2023,"Uitsluitend materiele schade",1,"Fiets",\N,"Onbekend","Rechte weg",50,"Brandend","Duisternis","Droog",\N,\N,"De Vergt","Waardenburg","West Betuwe","Gelderland",false,51.832561,5.260814,"material damage only","4","clear",false,1,"GM1960"
"20230008918",2023,"Uitsluitend materiele schade",2,"Personenauto","Fiets","Flank","Rechte weg",30,"Niet brandend","Daglicht","Regen",\N,"601019080","Karel Martelweg","Eindhoven","Eindhoven","Noord-Brabant",false,51.435855,5.461025,"material damage only","4","rain",false,1,"GM0772"
"20230009146",2023,"Uitsluitend materiele schade",2,"Personenauto","Fiets","Flank","Kruispunt, 4 takken",50,"Niet brandend","Daglicht","Droog",\N,\N,"Floralaan West","Eindhoven","Eindhoven","Noord-Brabant",false,51.415886,5.491651,"material damage only","4","clear",false,1,"GM0772"