"accident_id","year","severity_raw","party_count","party1_type","party2_type","accident_type","road_situation","speed_limit_kmh","road_lighting","light_condition_label","weather_raw","infra_type","road_segment_id","street_name","place_name","gemeente_name_raw","province","alcohol_indicated","latitude","longitude","severity_label","severity_code","weather_label","built_up_area","cyclists_involved","gemeente_code"
"20230009252",2023,"Uitsluitend materiele schade",2,"Personenauto","Fiets","Flank","Kruispunt, 4 takken",50,"Niet brandend","Daglicht","Sneeuw/Hagel",\N,\N,"Boschdijk","Eindhoven","Eindhoven","Noord-Brabant",false,51.444442,5.472096,"material damage only","4","unknown",false,1,"GM0772"
"20230001532",2023,"Letsel",2,"Fiets","Fiets","Kop/staart","Rechte weg",30,"Niet brandend","Daglicht","Droog",\N,"385499016","Industrieweg","Heerenveen","Heerenveen","Friesland",false,52.934343,5.945703,"injury","2","clear",false,1,"GM0074"
"20230002895",2023,"Letsel",1,"Fiets",\N,"Eenzijdig","Rechte weg",50,"Brandend","Schemer","Droog",\N,"221433059","Bergerweg","Alkmaar","Alkmaar","Noord-Holland",false,52.636048,4.737077,"injury","2","clear",false,1,"GM0361"
"20230003458",2023,"Letsel",2,"Fiets","Fiets","Onbekend","Rechte weg",30,"Niet brandend","Daglicht","Regen",\N,\N,"Hof ter Weydeweg","Utrecht","Utrecht","Utrecht",false,52.100658,5.042743,"injury","2","rain",false,1,"GM0344"
"20230003850",2023,"Letsel",2,"Fiets","Bestelauto","Eenzijdig","Kruispunt, 4 takken",50,"Niet brandend","Daglicht","Droog",\N,\N,"Wisentweg","Dronten","Dronten","Flevoland",false,52.529385,5.693525,"injury","2","clear",false,1,"GM0303"
"20230004607",2023,"Letsel",2,"Fiets","Bromfiets","Flank","Kruispunt, 4 takken",30,"Niet brandend","Duisternis","Droog",\N,\N,"Borchlandweg","Amsterdam-Duivendrecht","Ouder-Amstel","Noord-Holland",false,52.317121,4.931948,"injury","2","clear",false,1,"GM0437"
"20230004623",2023,"Letsel",2,"Personenauto","e-bike","Flank","Kruispunt, 4 takken",50,"Brandend","Schemer","Droog","Spoorwegovergang",\N,"Rijksstraatweg","Haarlem","Haarlem","Noord-Holland",true,52.401432,4.645271,"injury","2","clear",false,1,"GM0392"
"20230006635",2023,"Uitsluitend materiele schade",2,"Bestelauto","Fiets","Flank","Kruispunt, 3 takken",50,"Niet brandend","Daglicht","Regen",\N,\N,"Schiedamse Vest","Rotterdam","Rotterdam","Zuid-Holland",false,51.915633,4.479882,"material damage only","4","rain",false,1,"GM0599"
"20230014547",2023,"Uitsluitend materiele schade",2,"Personenauto","Fiets","Onbekend",\N,50,\N,"Daglicht",\N,\N,"376272023","Lingestraat","Elst","Overbetuwe","Gelderland",false,51.914813,5.871094,"material damage only","4","unknown",false,1,"GM1734"
"20230065866",2023,"Dodelijk",2,"Fiets","Overig vast object","Vast voorwerp","Rechte weg",30,"Niet brandend","Daglicht","Droog",\N,"247413013","Rijperweg","Middenbeemster","Purmerend","Noord-Holland",false,52.544004,4.93141,"fatal","1","clear",false,1,"GM0439"
"20230066685",2023,"Dodelijk",2,"Fiets","Trein/tram","Frontaal","Kruispunt, 4 takken",30,"Niet brandend","Daglicht","Droog","Spoorwegovergang",\N,"Bloemendaalseweg","Overveen","Bloemendaal","Noord-Holland",false,52.390383,4.609195,"fatal","1","clear",false,1,"GM0377"
"20230001639",2023,"Letsel",2,"Personenauto","e-bike","Flank","Kruispunt, 4 takken",80,"Brandend","Daglicht","Regen",\N,\N,"FIETSPAD","Groningen","Groningen","Groningen",false,53.242744,6.493752,"injury","2","rain",false,1,"GM0014"
"20230007137",2023,"Uitsluitend materiele schade",2,"Personenauto","Fiets","Kop/staart","Rechte weg",50,"Niet brandend","Daglicht","Droog",\N,"188269075","Polderlaan","Rotterdam","Rotterdam","Zuid-Holland",false,51.896494,4.508278,"material damage only","4","clear",false,1,"GM0599"
"20230073088",2023,"Letsel",1,"Fiets",\N,"Eenzijdig",\N,\N,\N,"Daglicht",\N,\N,"600170533","Koggepad","Harderwijk","Harderwijk","Gelderland",false,52.343559,5.60941,"injury","2","unknown",false,1,"GM0243"
"20230004082",2023,"Uitsluitend materiele schade",2,"Motor","Fiets","Flank","Kruispunt, 4 takken",50,"Brandend","Duisternis","Droog",\N,\N,"Korte 's-Gravesandestr","Amsterdam","Amsterdam","Noord-Holland",false,52.362512,4.9147,"material damage only","4","clear",false,1,"GM0363"
"20230006401",2023,"Letsel",2,"Personenauto","e-bike","Flank","Rotonde",50,"Niet brandend","Daglicht","Droog",\N,\N,"Parkweg","Papendrecht","Papendrecht","Zuid-Holland",false,51.83086,4.707832,"injury","2","clear",false,1,"GM0590"
"20230007743",2023,"Letsel",2,"Fiets","Fiets","Frontaal","Rechte weg",50,"Brandend","Duisternis","Droog",\N,"312163069","Heemweg","Veldhoven","Veldhoven","Noord-Brabant",false,51.42318,5.404568,"injury","2","clear",false,1,"GM0861"
"20230074648",2023,"Dodelijk",2,"Bromfiets","Fiets","Frontaal","Rechte weg",30,"Niet brandend","Daglicht","Droog","Tunnel","600574720","FIETSPAD","Amstelveen","Amstelveen","Noord-Holland",false,52.286867,4.842859,"fatal","1","clear",false,1,"GM0362"
"20230007432",2023,"Letsel",2,"Personenauto","Fiets","Flank","Rotonde",50,"Niet brandend","Daglicht","Regen",\N,\N,"Tempellaan","Eindhoven","Eindhoven","Noord-Brabant",false,51.48652,5.494855,"injury","2","rain",false,1,"GM0772"
"20230079272",2023,"Dodelijk",2,"Personenauto","Fiets","Flank","Kruispunt, 4 takken",50,"Niet aanwezig","Daglicht","Droog",\N,\N,"Ringdijk Noord","Cadzand","Sluis","Zeeland",false,51.371182,3.411735,"fatal","1","clear",false,1,"GM1714"
"20230005456",2023,"Letsel",3,"Personenauto","Fiets","Geparkeerd voertuig","Rechte weg",50,"Niet brandend","Daglicht","Droog",\N,"157302037","Melis Stokelaan","'s-Gravenhage","'s-Gravenhage","Zuid-Holland",false,52.045078,4.277835,"injury","2","clear",false,1,"GM0518"
"20230006475",2023,"Letsel",2,"Personenauto","Fiets","Flank","Kruispunt, 4 takken",50,"Niet brandend","Daglicht","Droog",\N,\N,"Burg L F de Montignyln","Rotterdam","Rotterdam","Zuid-Holland",false,51.957921,4.501167,"injury","2","clear",false,1,"GM0599"
"20230008360",2023,"Letsel",2,"Fiets","Fiets","Onbekend","Rechte weg",30,"Niet brandend","Daglicht","Droog",\N,"208200072","Spinaker","Etten-Leur","Etten-Leur","Noord-Brabant",false,51.588134,4.653652,"injury","2","clear",false,1,"GM0777"
"20230006821",2023,"Letsel",1,"Fiets",\N,"Eenzijdig","Rechte weg",\N,"Niet brandend","Daglicht","Droog",\N,"193261014","Dierensteinweg","Barendrecht","Barendrecht","Zuid-Holland",false,51.86264,4.540497,"injury","2","clear",false,1,"GM0489"
"20230007868",2023,"Letsel",2,"Fiets","Overig vast object","Vast voorwerp","Rechte weg",30,"Niet brandend","Daglicht","Droog",\N,"291147004","Dalem","Hapert","Bladel","Noord-Brabant",false,51.352182,5.258678,"injury","2","clear",false,1,"GM1728"
"20230010257",2023,"Letsel",2,"Personenauto","Fiets","Frontaal","Rechte weg",50,"Niet brandend","Daglicht","Droog","Brug/viaduct",\N,"Worp Tjaardastraat","Sneek","Súdwest-Fryslân","Friesland",false,53.03969,5.65562,"injury","2","clear",false,1,"GM1900"
"20230091058",2023,"Dodelijk",2,"e-bike","Fiets","Kop/staart","Rechte weg",30,"Niet aanwezig","Duisternis","Droog",\N,"600654806","Ringbaan Oost","Goes","Goes","Zeeland",false,51.509622,3.891886,"fatal","1","clear",false,1,"GM0664"
"20230078972",2023,"Letsel",1,"Fiets",\N,"Eenzijdig",\N,50,\N,"Daglicht",\N,\N,"217295089","Blekerssingel","Gouda","Gouda","Zuid-Holland",false,52.01484,4.71196,"injury","2","unknown",false,1,"GM0513"
"20230012291",2023,"Letsel",2,"Personenauto","e-bike","Flank","Kruispunt, 3 takken",50,"Niet brandend","Daglicht","Droog",\N,\N,"S.L. Louwesstraat","Enschede","Enschede","Overijssel",false,52.206186,6.863988,"injury","2","clear",false,1,"GM0153"
"20230061822",2023,"Letsel",2,"Personenauto","Fiets","Onbekend",\N,50,\N,"Daglicht",\N,\N,"600750328","fietspad Baanhoek","Dordrecht","Dordrecht","Zuid-Holland",false,51.814567,4.735008,"injury","2","unknown",false,1,"GM0505"
"20240012796",2024,"Letsel",2,"Fiets","Fiets","Flank","Rechte weg",15,"Niet brandend","Daglicht","Droog",\N,"600742323","Eikenlaan","Waddinxveen","Waddinxveen","Zuid-Holland",false,52.043579,4.649002,"injury","2","clear",false,1,"GM0627"
"20240032620",2024,"Letsel",1,"Fiets",\N,"Onbekend","Rechte weg",50,"Niet brandend","Daglicht","Droog",\N,"601189433","Prinses Mariannelaan","Voorburg","Leidschendam-Voorburg","Zuid-Holland",false,52.065643,4.355236,"injury","2","clear",false,1,"GM1916"
"20240037565",2024,"Uitsluitend materiele schade",2,"Bromfiets","e-bike","Onbekend","Kruispunt, 3 takken",50,"Niet brandend","Daglicht","Droog",\N,\N,"Musholmpad","Hoofddorp","Haarlemmermeer","Noord-Holland",false,52.315196,4.67416,"material damage only","4","clear",false,1,"GM0394"
"20240021135",2024,"Letsel",1,"Fiets",\N,"Flank","Rechte weg",30,"Brandend","Duisternis","Droog",\N,"600741494","Zuidplaslaan","Waddinxveen","Waddinxveen","Zuid-Holland",false,52.041396,4.639977,"injury","2","clear",false,1,"GM0627"
"20240019778",2024,"Letsel",2,"Personenauto","Fiets","Flank","Kruispunt, 4 takken",30,"Niet brandend","Daglicht","Droog",\N,\N,"Wilhelminastraat","Dedemsvaart","Hardenberg","Overijssel",false,52.602597,6.455129,"injury","2","clear",false,1,"GM0160"
"20240078752",2024,"Letsel",2,"Personenauto","Fiets","Onbekend","Kruispunt, 4 takken",30,"Niet brandend","Daglicht","Droog",\N,\N,"Lauraplein","Alphen aan den Rijn","Alphen aan den Rijn","Zuid-Holland",false,52.12866,4.668519,"injury","2","clear",false,1,"GM0484"
"20240006691",2024,"Letsel",2,"Fiets","Fiets","Flank","Kruispunt, 4 takken",30,"Niet brandend","Daglicht","Droog",\N,\N,"Molenstraat","Soest","Soest","Utrecht",false,52.176438,5.300923,"injury","2","clear",false,1,"GM0342"
"20240020967",2024,"Uitsluitend materiele schade",2,"Personenauto","Fiets","Flank","Kruispunt, 4 takken",30,"Niet brandend","Daglicht","Droog",\N,\N,"Madurolaan","'s-Gravenhage","'s-Gravenhage","Zuid-Holland",false,52.041854,4.366292,"material damage only","4","clear",false,1,"GM0518"
"20240034406",2024,"Uitsluitend materiele schade",3,"Fiets","Fiets","Onbekend","Kruispunt, 4 takken",30,"Niet brandend","Daglicht","Droog",\N,\N,"Backer en Ruebweg","Breda","Breda","Noord-Brabant",false,51.600142,4.748989,"material damage only","4","clear",false,1,"GM0758"
"20240035128",2024,"Letsel",1,"Fiets",\N,"Onbekend","Kruispunt, 3 takken",30,"Niet brandend","Daglicht","Droog",\N,\N,"Nassaulaan","Vlijmen","Heusden","Noord-Brabant",false,51.691746,5.198157,"injury","2","clear",false,1,"GM0797"
"20240035289",2024,"Letsel",1,"Fiets",\N,"Kop/staart","Rechte weg",60,"Niet aanwezig","Daglicht","Droog",\N,"454494001","Leemdijk","Hijken","Midden-Drenthe","Drenthe",false,52.906808,6.475617,"injury","2","clear",false,1,"GM1731"
"20240004471",2024,"Letsel",2,"Personenauto","Fiets","Flank","Kruispunt, 4 takken",50,"Niet brandend","Daglicht","Droog",\N,\N,"Homberg","Wijchen","Wijchen","Gelderland",false,51.812058,5.720045,"injury","2","clear",false,1,"GM0296"
"20240021051",2024,"Letsel",2,"Fiets","Fiets","Frontaal","Rechte weg",50,"Niet brandend","Daglicht","Droog",\N,"600454372","Pieter Kuijtpad","Wassenaar","Wassenaar","Zuid-Holland",false,52.115048,4.337843,"injury","2","clear",false,1,"GM0629"
"20240027983",2024,"Letsel",1,"Fiets",\N,"Onbekend",\N,30,\N,"Daglicht",\N,\N,"209397017","Uitweg","Velsen-Noord","Velsen","Noord-Holland",false,52.474285,4.647357,"injury","2","unknown",false,1,"GM0453"
"20240037620",2024,"Uitsluitend materiele schade",2,"Snorfiets","Fiets","Onbekend","Rechte weg",30,"Niet brandend","Daglicht","Droog",\N,"309331022","Pottenbakkerlaan","Hoogland","Amersfoort","Utrecht",false,52.181693,5.383061,"material damage only","4","clear",false,1,"GM0307"
"20240039225",2024,"Uitsluitend materiele schade",2,"Personenauto","Fiets","Onbekend","Rechte weg",60,"Niet brandend","Daglicht","Droog",\N,\N,"Rijksweg","Ambt Delden","Hof van Twente","Overijssel",false,52.255105,6.664199,"material damage only","4","clear",false,1,"GM1735"
"20240035854",2024,"Uitsluitend materiele schade",2,"Snorfiets","Fiets","Flank","Kruispunt, 4 takken",50,"Niet brandend","Daglicht","Droog",\N,\N,"Zuiderval","Enschede","Enschede","Overijssel",false,52.214056,6.887644,"material damage only","4","clear",false,1,"GM0153"
"20240035874",2024,"Uitsluitend materiele schade",2,"Personenauto","Fiets","Flank","Rotonde",30,"Brandend","Schemer","Droog",\N,\N,"Noorderdwarsvaart","Drachten","Smallingerland","Friesland",false,53.107226,6.108661,"material damage only","4","clear",false,1,"GM0090"
"20240035987",2024,"Letsel",2,"Bromfiets","Fiets","Flank","Kruispunt, 4 takken",50,"Niet brandend","Daglicht","Droog",\N,"600210674","MUSEUMEILAND","Groningen","Groningen","Groningen",false,53.211985,6.565788,"injury","2","clear",false,1,"GM0014"
"20240039436",2024,"Uitsluitend materiele schade",2,"Fiets","Personenauto","Onbekend",\N,30,\N,"Daglicht",\N,\N,"600410815","Stationsstraat","Apeldoorn","Apeldoorn","Gelderland",false,52.21378,5.96668,"material damage only","4","unknown",false,1,"GM0200"
"20240020606",2024,"Uitsluitend materiele schade",2,"Personenauto","Fiets","Frontaal","Rechte weg",30,"Niet brandend","Daglicht","Droog",\N,"165288010","Lesothostraat","Delft","Delft","Zuid-Holland",false,51.980593,4.336776,"material damage only","4","clear",false,1,"GM0503"
"20240006924",2024,"Letsel",2,"Personenauto","Fiets","Flank","Rotonde",50,"Niet brandend","Daglicht","Droog",\N,\N,"Brinklaan","Bussum","Gooise Meren","Noord-Holland",false,52.27733,5.162746,"injury","2","clear",false,1,"GM1942"
"20240028030",2024,"Letsel",2,"Personenauto","e-bike","Flank","Kruispunt, 4 takken",30,"Niet brandend","Daglicht","Droog",\N,\N,"Hoofdweg","Nieuw-Vennep","Haarlemmermeer","Noord-Holland",false,52.285292,4.663274,"injury","2","clear",false,1,"GM0394"
"20240020820",2024,"Letsel",2,"Bestelauto","Fiets","Flank","Rotonde",50,"Niet brandend","Daglicht","Droog",\N,\N,"Stephensonstraat","Zoetermeer","Zoetermeer","Zuid-Holland",false,52.061335,4.529184,"injury","2","clear",false,1,"GM0637"
"20240035223",2024,"Letsel",2,"Fiets","Overig vast object","Vast voorwerp","Rechte weg",50,"Niet brandend","Daglicht","Droog",\N,\N,"Palemigerboord","Heerlen","Heerlen","Limburg",false,50.90265,5.971972,"injury","2","clear",false,1,"GM0917"
"20240032560",2024,"Letsel",2,"Personenauto","Fiets","Flank","Kruispunt, 4 takken",50,"Niet brandend","Daglicht","Droog",\N,\N,"Convivastraat","'s-Gravenhage","'s-Gravenhage","Zuid-Holland",false,52.060825,4.326124,"injury","2","clear",false,1,"GM0518"
"20240036361",2024,"Letsel",2,"Personenauto","Fiets","Geparkeerd voertuig","Rechte weg",30,"Niet brandend","Daglicht","Droog",\N,"315553038","Midlumerlaan","Harlingen","Harlingen","Friesland",false,53.17991,5.42953,"injury","2","clear",false,1,"GM0072"
"20240039892",2024,"Uitsluitend materiele schade",2,"Personenauto","Fiets","Frontaal","Kruispunt, 4 takken",30,"Niet brandend","Daglicht","Droog",\N,\N,"Nassaukade","Amsterdam","Amsterdam","Noord-Holland",false,52.378578,4.877629,"material damage only","4","clear",false,1,"GM0363"
"20220160976",2022,"Letsel",2,"Personenauto","Fiets","Onbekend","Kruispunt, 3 takken",30,"Niet brandend","Daglicht","Droog",\N,\N,"Dorpsstraat","Haskerdijken","Heerenveen","Friesland",false,52.9928,5.881989,"injury","2","clear",false,1,"GM0074"
"20220177988",2022,"Uitsluitend materiele schade",2,"Snorfiets","Fiets","Flank","Kruispunt, 4 takken",\N,"Niet brandend","Daglicht","Droog",\N,\N,"Meibergpad","Amsterdam","Amsterdam","Noord-Holland",false,52.298385,4.964272,"material damage only","4","clear",false,1,"GM0363"
"20220178309",2022,"Uitsluitend materiele schade",2,"Snorfiets","Fiets","Onbekend","Rechte weg",30,"Brandend","Duisternis","Regen",\N,"601010381","Zijdelweg","Amstelveen","Amstelveen","Noord-Holland",false,52.256458,4.826648,"material damage only","4","rain",false,1,"GM0362"
"20220180132",2022,"Uitsluitend materiele schade",2,"Personenauto","Fiets","Frontaal","Kruispunt, 3 takken",50,"Niet brandend","Daglicht","Droog",\N,\N,"Thorbeckelaan","Gouda","Gouda","Zuid-Holland",false,52.022424,4.715,"material damage only","4","clear",false,1,"GM0513"
"20220181415",2022,"Letsel",2,"Personenauto","Fiets","Onbekend","Rotonde",50,"Niet brandend","Daglicht","Droog",\N,\N,"Martinus Nijhofflaan","Delft","Delft","Zuid-Holland",false,51.997105,4.354467,"injury","2","clear",false,1,"GM0503"
"20220140408",2022,"Letsel",2,"Personenauto","Fiets","Flank","Kruispunt, 3 takken",50,"Niet brandend","Daglicht","Droog",\N,\N,"SCHALKWIJKERBRUG","Haarlem","Haarlem","Noord-Holland",false,52.376312,4.642665,"injury","2","clear",false,1,"GM0392"
"20220143364",2022,"Letsel",1,"Fiets",\N,"Eenzijdig","Rechte weg",15,"Brandend","Duisternis","Droog",\N,"206337103","Langeweg","Roelofarendsveen","Kaag en Braassem","Zuid-Holland",false,52.202828,4.6332,"injury","2","clear",false,1,"GM1884"
"20220145619",2022,"Uitsluitend materiele schade",2,"Personenauto","Fiets","Flank","Kruispunt, 3 takken",50,"Niet brandend","Daglicht","Droog",\N,\N,"Lorentzweg","Rotterdam","Rotterdam","Zuid-Holland",false,51.963355,4.533977,"material damage only","4","clear",false,1,"GM0599"
"20220160079",2022,"Uitsluitend materiele schade",2,"Personenauto","Fiets","Flank","Rotonde",50,"Niet brandend","Daglicht","Droog",\N,\N,"Euterpelaan","Oss","Oss","Noord-Brabant",false,51.756256,5.511307,"material damage only","4","clear",false,1,"GM0828"
"20220161099",2022,"Uitsluitend materiele schade",2,"Personenauto","Fiets","Onbekend","Kruispunt, 3 takken",30,"Niet brandend","Daglicht","Droog",\N,\N,"Tecla Hesselsstraat","Bolsward","Súdwest-Fryslân","Friesland",false,53.062377,5.537612,"material damage only","4","clear",false,1,"GM1900"
"20220167013",2022,"Uitsluitend materiele schade",2,"Personenauto","Fiets","Flank","Kruispunt, 3 takken",50,"Brandend","Duisternis","Droog",\N,\N,"Ootmarsumsestraat","Almelo","Almelo","Overijssel",false,52.364309,6.668294,"material damage only","4","clear",false,1,"GM0141"
"20220177447",2022,"Uitsluitend materiele schade",2,"Fiets","Trein/tram","Flank","Rechte weg",50,"Niet brandend","Daglicht","Droog",\N,"600758418","Arlandaweg","Amsterdam","Amsterdam","Noord-Holland",false,52.385904,4.83508,"material damage only","4","clear",false,1,"GM0363"
"20220178019",2022,"Letsel",2,"Personenauto","Fiets","Flank","Kruispunt, 4 takken",50,"Niet brandend","Daglicht","Droog",\N,\N,"Hobbemastraat","Amsterdam","Amsterdam","Noord-Holland",false,52.361621,4.882329,"injury","2","clear",false,1,"GM0363"
"20220188392",2022,"Letsel",2,"Bestelauto","Fiets","Flank","Bocht",30,"Brandend","Duisternis","Regen",\N,"305212018","Ambachtsweg","Sint-Michielsgestel","Sint-Michielsgestel","Noord-Brabant",false,51.646399,5.35753,"injury","2","rain",false,1,"GM0845"
"20220119184",2022,"Letsel",2,"Fiets","Fiets","Kop/staart","Rechte weg",50,"Niet brandend","Daglicht","Droog",\N,"519344049","Hoge Boekelerweg","Enschede","Enschede","Overijssel",false,52.227463,6.919052,"injury","2","clear",false,1,"GM0153"
"20220119189",2022,"Uitsluitend materiele schade",2,"Personenauto","Fiets","Flank","Rotonde",80,"Niet brandend","Daglicht","Droog",\N,\N,"Marijkeweg","Wageningen","Wageningen","Gelderland",false,51.969678,5.654901,"material damage only","4","clear",false,1,"GM0289"
"20220133270",2022,"Letsel",3,"e-bike","Bestelauto","Onbekend","Rechte weg",60,"Niet brandend","Daglicht","Droog",\N,"392192002","Spurkt","Venray","Venray","Limburg",false,51.553184,5.984007,"injury","2","clear",false,1,"GM0984"
"20220134999",2022,"Uitsluitend materiele schade",2,"Personenauto","Fiets","Flank","Rechte weg",50,"Niet brandend","Daglicht","Droog",\N,"416446007","Badweg","Meppel","Meppel","Drenthe",false,52.692217,6.178668,"material damage only","4","clear",false,1,"GM0119"
"20220142036",2022,"Letsel",2,"Fiets","Voetganger","Voetganger","Rechte weg",50,"Niet brandend","Daglicht","Droog",\N,"600763109","Prins Hendrikkade","Amsterdam","Amsterdam","Noord-Holland",false,52.378785,4.896177,"injury","2","clear",false,1,"GM0363"
"20220149342",2022,"Uitsluitend materiele schade",2,"e-bike","Personenauto","Kop/staart","Rechte weg",30,"Niet brandend","Daglicht","Droog",\N,"358158065","Heerbaan","Asten","Asten","Noord-Brabant",false,51.402834,5.737331,"material damage only","4","clear",false,1,"GM0743"
"20220179705",2022,"Letsel",1,"e-bike",\N,"Eenzijdig","Rechte weg",30,"Niet brandend","Daglicht","Droog",\N,"600188497","Spui","'s-Gravenhage","'s-Gravenhage","Zuid-Holland",false,52.078052,4.314447,"injury","2","clear",false,1,"GM0518"
"20220184788",2022,"Letsel",2,"Bromfiets","Fiets","Flank","Kruispunt, 4 takken",50,"Niet brandend","Daglicht","Droog",\N,\N,"Wolphaertsbocht","Rotterdam","Rotterdam","Zuid-Holland",false,51.892271,4.471038,"injury","2","clear",false,1,"GM0599"
"20220184852",2022,"Letsel",2,"Fiets","Dier","Dier","Rechte weg",30,"Brandend","Duisternis","Droog",\N,"600419477","Virginia Gaaipad","Rotterdam","Rotterdam","Zuid-Holland",false,51.883696,4.481419,"injury","2","clear",false,1,"GM0599"
"20220118244",2022,"Letsel",2,"Fiets","Overig vast object","Vast voorwerp","Rechte weg",30,"Niet brandend","Daglicht","Droog",\N,"341369044","Strandboulevard West","Harderwijk","Harderwijk","Gelderland",false,52.351112,5.61634,"injury","2","clear",false,1,"GM0243"
"20220142161",2022,"Letsel",2,"Fiets","Fiets","Onbekend","Rechte weg",\N,"Niet brandend","Daglicht","Droog",\N,"242373219","Spui","Amsterdam","Amsterdam","Noord-Holland",false,52.368961,4.889938,"injury","2","clear",false,1,"GM0363"
"20220167222",2022,"Letsel",1,"Fiets",\N,"Eenzijdig","Rechte weg",60,"Brandend","Duisternis","Droog",\N,"354264019","van Heemstraweg","Winssen","Beuningen","Gelderland",false,51.876109,5.716438,"injury","2","clear",false,1,"GM0209"
"20220180992",2022,"Letsel",2,"Personenauto","e-bike","Flank","Kruispunt, 4 takken",50,"Niet brandend","Daglicht","Regen",\N,\N,"Buziaulaan","Rijswijk","Rijswijk","Zuid-Holland",false,52.038012,4.317913,"injury","2","rain",false,1,\N
"20220187183",2022,"Letsel",2,"Personenauto","e-bike","Flank","Kruispunt, 4 takken",50,"Niet brandend","Daglicht","Droog",\N,\N,"Beatrixpark","Etten-Leur","Etten-Leur","Noord-Brabant",false,51.570829,4.648317,"injury","2","clear",false,1,"GM0777"
"20220197769",2022,"Uitsluitend materiele schade",2,"Bromfiets","Fiets","Kop/staart","Rechte weg",\N,"Niet brandend","Daglicht","Droog","Brug/viaduct","600686026","Graafsepad","Nijmegen","Nijmegen","Gelderland",false,51.825936,5.807232,"material damage only","4","clear",false,1,"GM0268"
"20220178692",2022,"Uitsluitend materiele schade",2,"Personenauto","Fiets","Onbekend","Kruispunt, 3 takken",30,"Niet brandend","Daglicht","Droog",\N,\N,"Nathaliegang","Zoetermeer","Zoetermeer","Zuid-Holland",false,52.04187,4.474501,"material damage only","4","clear",false,1,"GM0637"
"20220131060",2022,"Letsel",2,"Fiets","Personenauto","Flank","Kruispunt, 4 takken",80,"Niet brandend","Daglicht","Droog",\N,\N,"Megensebaan","Oss","Oss","Noord-Brabant",false,51.779553,5.553025,"injury","2","clear",false,1,"GM0828"
"20220142254",2022,"Letsel",2,"Personenauto","Fiets","Flank","Kruispunt, 4 takken",50,"Niet brandend","Daglicht","Droog",\N,\N,"Keizer Karelweg","Amstelveen","Amstelveen","Noord-Holland",false,52.311067,4.856721,"injury","2","clear",false,1,"GM0362"
"20220144840",2022,"Letsel",1,"Fiets",\N,"Eenzijdig","Kruispunt, 3 takken",\N,"Niet brandend","Daglicht","Droog",\N,\N,"Hildebrandstraat","'s-Gravenhage","'s-Gravenhage","Zuid-Holland",false,52.05574,4.311784,"injury","2","clear",false,1,"GM0518"
"20220149606",2022,"Uitsluitend materiele schade",2,"Fiets","Bestelauto","Flank","Kruispunt, 3 takken",50,"Niet brandend","Daglicht","Droog",\N,\N,"Langendijk","Eindhoven","Eindhoven","Noord-Brabant",false,51.428675,5.432553,"material damage only","4","clear",false,1,"GM0772"
"20220169825",2022,"Uitsluitend materiele schade",2,"Fiets","Fiets","Frontaal","Bocht",50,"Niet brandend","Daglicht","Droog",\N,"600489655","Van 't Hoffstraat","Nijkerk","Nijkerk","Gelderland",false,52.214365,5.472909,"material damage only","4","clear",false,1,"GM0267"
"20220174969",2022,"Letsel",2,"Fiets","Boom","Vast voorwerp","Rechte weg",30,"Brandend","Duisternis","Droog",\N,"210429093","Rustenburg","Egmond aan den Hoef","Bergen (NH)","Noord-Holland",false,52.618935,4.650587,"injury","2","clear",false,1,\N
"20220181123",2022,"Letsel",2,"Personenauto","Fiets","Geparkeerd voertuig","Rechte weg",30,"Niet brandend","Daglicht","Droog",\N,"165306065","Ketelstraat","'s-Gravenhage","'s-Gravenhage","Zuid-Holland",false,52.062798,4.33766,"injury","2","clear",false,1,"GM0518"
"20220198411",2022,"Uitsluitend materiele schade",2,"Personenauto","Fiets","Onbekend","Rotonde",50,"Brandend","Duisternis","Regen",\N,\N,"FIETSPAD","Nunspeet","Nunspeet","Gelderland",false,52.383077,5.788616,"material damage only","4","rain",false,1,"GM0302"
"20220120922",2022,"Uitsluitend materiele schade",2,"Personenauto","Fiets","Kop/staart","Rechte weg",50,"Niet brandend","Daglicht","Droog",\N,"358448027","Bouwerskamp","Emmeloord","Noordoostpolder","Flevoland",false,52.706505,5.749751,"material damage only","4","clear",false,1,"GM0171"
"20220127033",2022,"Letsel",1,"Fiets",\N,"Eenzijdig","Rechte weg",50,"Niet brandend","Duisternis","Droog",\N,"185278118","Bergweg","Rotterdam","Rotterdam","Zuid-Holland",false,51.93977,4.479199,"injury","2","clear",false,1,"GM0599"
"20220129739",2022,"Uitsluitend materiele schade",2,"Personenauto","Fiets","Flank","Kruispunt, 4 takken",30,"Niet brandend","Daglicht","Droog",\N,\N,"Beukenstraat","Tilburg","Tilburg","Noord-Brabant",false,51.559368,5.068035,"material damage only","4","clear",false,1,"GM0855"
"20220137186",2022,"Letsel",2,"Fiets","Fiets","Flank","Rechte weg",\N,"Niet brandend","Daglicht","Droog",\N,"600914997","Stationsplein","Enschede","Enschede","Overijssel",false,52.222523,6.891743,"injury","2","clear",false,1,"GM0153"
"20220142337",2022,"Letsel",2,"Bromfiets","Fiets","Flank","Kruispunt, 4 takken",50,"Brandend","Duisternis","Droog",\N,\N,"Gillis van Ledenberchstr","Amsterdam","Amsterdam","Noord-Holland",false,52.376558,4.87209,"injury","2","clear",false,1,"GM0363"
"20220169899",2022,"Letsel",2,"Personenauto","Fiets","Flank","Rechte weg",50,"Niet brandend","Daglicht","Regen",\N,"374252065","Kapittelweg","Nijmegen","Nijmegen","Gelderland",false,51.826176,5.858756,"injury","2","rain",false,1,"GM0268"