"accident_id","year","severity_raw","party_count","party1_type","party2_type","accident_type","road_situation","speed_limit_kmh","road_lighting","light_condition_label","weather_raw","infra_type","road_segment_id","street_name","place_name","gemeente_name_raw","province","alcohol_indicated","latitude","longitude","severity_label","severity_code","weather_label","built_up_area","cyclists_involved","gemeente_code"
"20220184171",2022,"Letsel",2,"Personenauto","Fiets","Frontaal","Bocht",50,"Niet brandend","Daglicht","Droog",\N,\N,"Italiaansestraat","Rotterdam","Rotterdam","Zuid-Holland",false,51.917246,4.421141,"injury","2","clear",false,1,"GM0599"
"20220197209",2022,"Letsel",1,"e-bike",\N,"Eenzijdig","Rotonde",50,"Niet brandend","Daglicht","Droog",\N,\N,"Valkseweg","Barneveld","Barneveld","Gelderland",false,52.133263,5.602842,"injury","2","clear",false,1,"GM0203"
"20220115301",2022,"Uitsluitend materiele schade",4,"Personenauto","Fiets","Los voorwerp","Kruispunt, 4 takken",30,"Niet brandend","Daglicht","Droog",\N,\N,"Slochterstraat","Sappemeer","Midden-Groningen","Groningen",false,53.169016,6.789161,"material damage only","4","clear",false,1,"GM1952"
"20220128504",2022,"Uitsluitend materiele schade",2,"Personenauto","Fiets","Flank","Rotonde",50,"Niet brandend","Daglicht","Droog",\N,\N,"Westlandseweg","Maassluis","Maassluis","Zuid-Holland",false,51.925347,4.250107,"material damage only","4","clear",false,1,"GM0556"
"20220143828",2022,"Letsel",1,"Fiets",\N,"Eenzijdig","Rechte weg",30,"Niet brandend","Daglicht","Droog",\N,"190328041","Lage Rijndijk","Leiden","Leiden","Zuid-Holland",false,52.161497,4.512563,"injury","2","clear",false,1,"GM0546"
"20220156553",2022,"Letsel",1,"Fiets",\N,"Eenzijdig","Rechte weg",30,\N,"Daglicht","Droog",\N,"189325053","Kanaalweg","Leiden","Leiden","Zuid-Holland",false,52.149919,4.510154,"injury","2","clear",false,1,"GM0546"
"20220159014",2022,"Uitsluitend materiele schade",2,"Motor","Fiets","Flank","Kruispunt, 3 takken",60,"Niet aanwezig","Daglicht","Droog",\N,\N,"Sint Janskerke","Zoutelande","Veere","Zeeland",false,51.510734,3.496931,"material damage only","4","clear",false,1,"GM0717"
"20220167564",2022,"Letsel",1,"e-bike",\N,"Eenzijdig","Rechte weg",30,"Brandend","Duisternis","Droog",\N,"402409040","Twistvlietweg","Zwolle","Zwolle","Overijssel",false,52.526605,6.067811,"injury","2","clear",false,1,"GM0193"
"20220180656",2022,"Uitsluitend materiele schade",2,"Personenauto","Fiets","Flank","Kruispunt, 3 takken",50,"Brandend","Duisternis","Regen",\N,\N,"Uranusstraat","'s-Gravenhage","'s-Gravenhage","Zuid-Holland",false,52.068094,4.33784,"material damage only","4","rain",false,1,"GM0518"
"20220119612",2022,"Letsel",2,"Fiets","Fiets","Flank","Kruispunt, 3 takken",30,"Brandend","Duisternis","Droog",\N,\N,"Banckertstraat","Amersfoort","Amersfoort","Utrecht",false,52.162365,5.394694,"injury","2","clear",false,1,"GM0307"
"20220123739",2022,"Uitsluitend materiele schade",2,"Personenauto","Fiets","Flank","Kruispunt, 4 takken",30,"Niet brandend","Daglicht","Droog",\N,\N,"Da Costakade","Amsterdam","Amsterdam","Noord-Holland",false,52.371224,4.87173,"material damage only","4","clear",false,1,"GM0363"
"20220123743",2022,"Uitsluitend materiele schade",2,"Fiets","Fiets","Flank","Rechte weg",\N,"Niet brandend","Daglicht","Droog",\N,"250361096","Abcouderpad","Amsterdam","Amsterdam","Noord-Holland",false,52.315345,4.950516,"material damage only","4","clear",false,1,"GM0363"
"20220137266",2022,"Uitsluitend materiele schade",2,"Personenauto","e-bike","Flank","Kruispunt, 3 takken",\N,"Niet brandend","Daglicht","Droog",\N,\N,"Enkalaan","Ede","Ede","Gelderland",false,52.023301,5.67192,"material damage only","4","clear",false,1,"GM0228"
"20220142507",2022,"Uitsluitend materiele schade",2,"Personenauto","Fiets","Onbekend","Kruispunt, 4 takken",50,"Niet brandend","Daglicht","Droog",\N,\N,"Valkenburgerstraat","Amsterdam","Amsterdam","Noord-Holland",false,52.368507,4.904094,"material damage only","4","clear",false,1,"GM0363"
"20220156650",2022,"Letsel",2,"Personenauto","e-bike","Flank","Kruispunt, 4 takken",\N,"Niet brandend","Daglicht","Droog",\N,\N,"Spectrumsingel","Zoetermeer","Zoetermeer","Zuid-Holland",false,52.038483,4.485445,"injury","2","clear",false,1,"GM0637"
"20220189126",2022,"Uitsluitend materiele schade",3,"Personenauto","Fiets","Onbekend","Kruispunt, 3 takken",30,"Niet brandend","Daglicht","Droog",\N,\N,"Parklaan","Eindhoven","Eindhoven","Noord-Brabant",false,51.441579,5.487208,"material damage only","4","clear",false,1,"GM0772"
"20220126273",2022,"Letsel",1,"Fiets",\N,"Eenzijdig",\N,50,\N,"Daglicht",\N,\N,"600912754","Prinses Beatrixlaan","'s-Gravenhage","'s-Gravenhage","Zuid-Holland",false,52.080889,4.333776,"injury","2","unknown",false,1,"GM0518"
"20220137302",2022,"Uitsluitend materiele schade",2,"Bromfiets","Fiets","Kop/staart","Rechte weg",\N,"Niet brandend","Daglicht","Droog",\N,"601036271","Kuipersdijk","Enschede","Enschede","Overijssel",false,52.206856,6.895495,"material damage only","4","clear",false,1,"GM0153"
"20220155305",2022,"Uitsluitend materiele schade",2,"Personenauto","Fiets","Flank","Kruispunt, 3 takken",30,"Niet brandend","Duisternis","Droog",\N,\N,"Vondelstraat","Amsterdam","Amsterdam","Noord-Holland",false,52.362818,4.879905,"material damage only","4","clear",false,1,"GM0363"
"20220161920",2022,"Letsel",2,"Personenauto","Fiets","Flank","Kruispunt, 3 takken",50,\N,"Daglicht","Droog",\N,\N,"Burg van Heusdenweg","West-Terschelling","Terschelling","Friesland",false,53.363139,5.216915,"injury","2","clear",false,1,"GM0093"
"20220175314",2022,"Uitsluitend materiele schade",2,"Personenauto","Fiets","Frontaal","Kruispunt, 3 takken",30,"Niet brandend","Daglicht","Droog",\N,\N,"Westerdijk","Hoorn","Hoorn","Noord-Holland",false,52.638117,5.057288,"material damage only","4","clear",false,1,"GM0405"
"20220186524",2022,"Uitsluitend materiele schade",3,"Personenauto","e-bike","Flank","Kruispunt, 4 takken",50,"Brandend","Duisternis","Droog",\N,\N,"Nieuwe Vlissingseweg","Middelburg","Middelburg","Zeeland",false,51.493563,3.607017,"material damage only","4","clear",false,1,\N
"20220188788",2022,"Uitsluitend materiele schade",3,"e-bike","e-bike","Onbekend","Rechte weg",50,"Niet brandend","Daglicht","Droog",\N,"345173027","Houtse Parallelweg","Helmond","Helmond","Noord-Brabant",false,51.470138,5.640545,"material damage only","4","clear",false,1,"GM0794"
"20220190736",2022,"Uitsluitend materiele schade",2,"e-bike","Fiets","Frontaal","Rechte weg",30,"Niet brandend","Daglicht","Droog",\N,"600255268","Brusselsestraat","Maastricht","Maastricht","Limburg",false,50.849603,5.680927,"material damage only","4","clear",false,1,"GM0935"
"20220128660",2022,"Letsel",2,"Fiets","Overig vast object","Vast voorwerp",\N,30,"Niet aanwezig","Daglicht","Regen","Brug/viaduct","600710507","West Havendijk","Dirksland","Goeree-Overflakkee","Zuid-Holland",false,51.761327,4.105754,"injury","2","rain",false,1,"GM1924"
"20220137388",2022,"Letsel",2,"Personenauto","Fiets","Kop/staart","Rechte weg",50,"Niet brandend","Daglicht","Droog",\N,\N,"Ewijkseweg","Overasselt","Heumen","Gelderland",false,51.765967,5.778566,"injury","2","clear",false,1,"GM0252"
"20220149935",2022,"Uitsluitend materiele schade",2,"Bestelauto","Fiets","Flank","Kruispunt, 4 takken",50,\N,"Daglicht","Droog",\N,\N,"Spurkstraat","Den Dungen","Sint-Michielsgestel","Noord-Brabant",false,51.658921,5.378916,"material damage only","4","clear",false,1,"GM0845"
"20220183594",2022,"Letsel",2,"Personenauto","Fiets","Flank","Kruispunt, 4 takken",50,"Niet brandend","Daglicht","Droog",\N,\N,"Guido Gezelleweg","Rotterdam","Rotterdam","Zuid-Holland",false,51.874438,4.523326,"injury","2","clear",false,1,"GM0599"
"20220184448",2022,"Letsel",1,"Fiets",\N,"Eenzijdig","Bocht",50,"Niet brandend","Daglicht","Droog",\N,"178261010","Stationsstraat","Rhoon","Albrandswaard","Zuid-Holland",false,51.863821,4.430684,"injury","2","clear",false,1,"GM0613"
"20220189225",2022,"Letsel",1,"Fiets",\N,"Eenzijdig",\N,60,\N,"Duisternis",\N,\N,"338166010","Patrijslaan","Mierlo","Geldrop-Mierlo","Noord-Brabant",false,51.438382,5.591155,"injury","2","unknown",false,1,"GM1771"
"20220124027",2022,"Uitsluitend materiele schade",2,"Bromfiets","Fiets","Flank","Kruispunt, 4 takken",50,"Niet brandend","Daglicht",\N,\N,\N,"Hobbemakade","Amsterdam","Amsterdam","Noord-Holland",false,52.354612,4.886395,"material damage only","4","unknown",false,1,"GM0363"
"20220136543",2022,"Uitsluitend materiele schade",2,"Bromfiets","Fiets","Flank","Kruispunt, 4 takken",50,"Brandend","Duisternis","Droog",\N,\N,"Rijksweg-Zuid","Elst","Overbetuwe","Gelderland",false,51.914721,5.844922,"material damage only","4","clear",false,1,"GM1734"
"20220145258",2022,"Letsel",2,"Personenauto","Fiets","Flank","Rechte weg",50,"Niet brandend","Daglicht","Droog",\N,"160317046","Zwolsestraat","'s-Gravenhage","'s-Gravenhage","Zuid-Holland",false,52.113135,4.292908,"injury","2","clear",false,1,"GM0518"
"20220148669",2022,"Uitsluitend materiele schade",2,"Fiets","Fiets","Flank","Kruispunt, 4 takken",50,"Niet brandend","Daglicht","Droog",\N,\N,"Laarstraat","Tilburg","Tilburg","Noord-Brabant",false,51.548317,5.067006,"material damage only","4","clear",false,1,"GM0855"
"20220155462",2022,"Letsel",2,"Personenauto","Fiets","Flank","Rechte weg",50,"Niet brandend","Daglicht","Droog",\N,"232375020","Slotermeerlaan","Amsterdam","Amsterdam","Noord-Holland",false,52.376683,4.819781,"injury","2","clear",false,1,"GM0363"
"20220190441",2022,"Uitsluitend materiele schade",2,"Personenauto","Fiets","Onbekend",\N,\N,\N,"Daglicht",\N,\N,\N,"Achter Spitsbergen","Sittard","Sittard-Geleen","Limburg",false,51.001191,5.88807,"material damage only","4","unknown",false,1,"GM1883"
"20220190698",2022,"Letsel",2,"Motor","Fiets","Kop/staart","Rechte weg",50,"Niet brandend","Daglicht","Droog",\N,"600856464","Broekhuizerweg","Lottum","Horst aan de Maas","Limburg",false,51.466533,6.164573,"injury","2","clear",false,1,"GM1507"
"20220130265",2022,"Letsel",2,"Snorfiets","Fiets","Onbekend","Rechte weg",50,"Niet brandend","Daglicht","Droog",\N,"600707704","Kennedylaan","Terneuzen","Terneuzen","Zeeland",false,51.333693,3.826873,"injury","2","clear",false,1,"GM0715"
"20220138525",2022,"Letsel",3,"Personenauto","Fiets","Onbekend","Rechte weg",50,"Niet brandend","Daglicht","Regen",\N,"260325001","Zandpad","Maarssen","Stichtse Vecht","Utrecht",false,52.154548,5.029801,"injury","2","rain",false,1,"GM1904"
"20220139908",2022,"Letsel",1,"Fiets",\N,"Eenzijdig","Kruispunt, 4 takken",50,"Niet brandend","Daglicht","Droog",\N,\N,"Scheldestraat","IJmuiden","Velsen","Noord-Holland",false,52.457325,4.610999,"injury","2","clear",false,1,"GM0453"
"20220166248",2022,"Letsel",2,"e-bike","e-bike","Kop/staart","Kruispunt, 3 takken",30,"Niet brandend","Daglicht","Droog",\N,\N,"Plechelmusstraat","de Lutte","Losser","Overijssel",false,52.314892,6.987346,"injury","2","clear",false,1,"GM0168"
"20220169236",2022,"Uitsluitend materiele schade",2,"Fiets",\N,"Flank","Kruispunt, 4 takken",30,"Niet brandend","Daglicht","Droog",\N,\N,"Bisschop Willebrandlaan","Zwolle","Zwolle","Overijssel",false,52.518747,6.103188,"material damage only","4","clear",false,1,"GM0193"
"20220191954",2022,"Letsel",2,"Fiets","Fiets","Frontaal","Rechte weg",50,"Niet brandend","Daglicht","Droog",\N,"600598936","Midslander Hoofdweg","Midsland","Terschelling","Friesland",false,53.381094,5.288463,"injury","2","clear",false,1,"GM0093"
"20220144212",2022,"Letsel",2,"Bestelauto","Fiets","Onbekend","Kruispunt, 3 takken",30,"Niet brandend","Daglicht","Droog",\N,\N,"Leidseweg","Voorschoten","Voorschoten","Zuid-Holland",false,52.128788,4.452069,"injury","2","clear",false,1,"GM0626"
"20220193164",2022,"Uitsluitend materiele schade",2,"Personenauto","Fiets","Flank","Kruispunt, 3 takken",30,"Niet brandend","Daglicht","Droog",\N,\N,"Harlingerstraatweg","Midlum","Harlingen","Friesland",false,53.182062,5.448592,"material damage only","4","clear",false,1,"GM0072"
"20220193200",2022,"Uitsluitend materiele schade",2,"Personenauto","e-bike","Frontaal","Kruispunt, 3 takken",60,"Niet brandend","Daglicht","Droog",\N,\N,"Borgercompagniesterweg","Borgercompagnie","Midden-Groningen","Groningen",false,53.13881,6.803017,"material damage only","4","clear",false,1,"GM1952"
"20220193573",2022,"Letsel",2,"Snorfiets","Fiets","Flank","Kruispunt, 3 takken",50,"Niet brandend","Daglicht","Droog",\N,\N,"Herman Colleniusstraat","Groningen","Groningen","Groningen",false,53.215013,6.552051,"injury","2","clear",false,1,"GM0014"
"20220125557",2022,"Letsel",1,"Fiets",\N,"Eenzijdig","Rechte weg",30,"Niet brandend","Daglicht","Droog",\N,\N,"Hildo Kroplaan","'s-Gravenhage","'s-Gravenhage","Zuid-Holland",false,52.055865,4.251252,"injury","2","clear",false,1,"GM0518"
"20220169351",2022,"Letsel",2,"Personenauto","Fiets","Flank","Kruispunt, 4 takken",30,"Niet brandend","Daglicht","Droog",\N,\N,"Markeloseweg","Rijssen","Rijssen-Holten","Overijssel",false,52.298496,6.525677,"injury","2","clear",false,1,"GM1742"
"20220174379",2022,"Letsel",1,"Fiets",\N,"Eenzijdig","Rechte weg",50,"Niet brandend","Daglicht","Droog",\N,"600498263","Middenweg","Den Helder","Den Helder","Noord-Holland",false,52.95737,4.75957,"injury","2","clear",false,1,"GM0400"
"20220196609",2022,"Uitsluitend materiele schade",2,"Fiets","Fiets","Onbekend","Rechte weg",50,"Niet brandend","Daglicht","Droog",\N,"503338036","Beckumerstraat","Enschede","Enschede","Overijssel",false,52.20405,6.799714,"material damage only","4","clear",false,1,"GM0153"
"20220197070",2022,"Uitsluitend materiele schade",2,"Personenauto","Fiets","Flank","Kruispunt, 4 takken",30,"Niet brandend","Daglicht","Droog",\N,\N,"Stationsstraat","Wamel","West Maas en Waal","Gelderland",false,51.878659,5.462101,"material damage only","4","clear",false,1,"GM0668"
"20220124173",2022,"Letsel",2,"Personenauto","Fiets","Frontaal","Rechte weg",30,"Niet brandend","Daglicht","Droog",\N,"250367040","Onderlangs","Amsterdam","Amsterdam","Noord-Holland",false,52.339503,4.948183,"injury","2","clear",false,1,"GM0363"
"20220128848",2022,"Uitsluitend materiele schade",2,"Personenauto","Fiets","Flank","Kruispunt, 4 takken",30,"Niet aanwezig","Daglicht","Droog",\N,\N,"Zusterhuis","Gorinchem","Gorinchem","Zuid-Holland",false,51.829281,4.972417,"material damage only","4","clear",false,1,"GM0512"
"20220128858",2022,"Letsel",3,"Personenauto","Fiets","Onbekend","Kruispunt, 4 takken",50,"Niet brandend","Daglicht","Droog",\N,\N,"van Beethovensingel","Vlaardingen","Vlaardingen","Zuid-Holland",false,51.901458,4.338234,"injury","2","clear",false,1,"GM0622"
"20220154558",2022,"Letsel",1,"Fiets",\N,"Eenzijdig",\N,30,\N,"Daglicht",\N,\N,"203373014","Oosterduinweg","Aerdenhout","Bloemendaal","Noord-Holland",false,52.367025,4.603622,"injury","2","unknown",false,1,"GM0377"
"20220119095",2022,"Letsel",2,"Snorfiets","e-bike","Flank","Rechte weg",30,"Niet aanwezig","Daglicht","Droog",\N,\N,"Deventerstraat","Apeldoorn","Apeldoorn","Gelderland",false,52.216858,5.96984,"injury","2","clear",false,1,"GM0200"
"20220121669",2022,"Letsel",2,"Fiets",\N,"Eenzijdig","Rechte weg",60,"Niet brandend","Daglicht","Droog",\N,"244400005","Zuiderweg","Wijdewormer","Wormerland","Noord-Holland",false,52.493775,4.913531,"injury","2","clear",false,1,"GM0880"
"20240000291",2024,"Uitsluitend materiele schade",2,"Personenauto","Fiets","Flank","Kruispunt, 4 takken",30,"Niet aanwezig","Daglicht","Droog",\N,\N,"van Marxhemstraat","Rucphen","Rucphen","Noord-Brabant",false,51.534599,4.558223,"material damage only","4","clear",false,1,"GM0840"
"20220128917",2022,"Letsel",2,"Personenauto","Fiets","Flank","Rechte weg",30,"Brandend","Schemer","Droog",\N,"179272070","Blokmakersstraat","Rotterdam","Rotterdam","Zuid-Holland",false,51.910823,4.439037,"injury","2","clear",false,1,"GM0599"
"20220143219",2022,"Letsel",1,"Fiets",\N,"Geparkeerd voertuig","Rechte weg",50,"Niet brandend","Daglicht","Droog","Parkeervoorziening","196347016","Uitermeer","Lisse","Lisse","Zuid-Holland",false,52.249772,4.55929,"injury","2","clear",false,1,"GM0553"
"20220145547",2022,"Uitsluitend materiele schade",2,"Bromfiets","Fiets","Kop/staart","Kruispunt, 4 takken",\N,"Niet brandend","Daglicht","Droog",\N,\N,"Oude Binnenweg","Rotterdam","Rotterdam","Zuid-Holland",false,51.9171,4.473015,"material damage only","4","clear",false,1,"GM0599"
"20240087415",2024,"Dodelijk",2,"Personenauto","Fiets","Flank","Kruispunt, 4 takken",50,"Niet brandend","Daglicht","Droog",\N,\N,"Fliertweg","Wilp","Voorst","Gelderland",false,52.216787,6.116393,"fatal","1","clear",false,1,"GM0285"
"20240090006",2024,"Uitsluitend materiele schade",2,"Fiets","Fiets","Onbekend","Rechte weg",50,"Niet brandend","Daglicht","Droog",\N,"200258003","Rijksstraatweg","Ridderkerk","Ridderkerk","Zuid-Holland",false,51.85089,4.595179,"material damage only","4","clear",false,1,"GM0597"
"20240097431",2024,"Letsel",1,"Fiets",\N,"Onbekend","Rechte weg",50,"Niet brandend","Daglicht","Droog",\N,"600659376","FIETSPAD","Zoetermeer","Zoetermeer","Zuid-Holland",false,52.054493,4.485188,"injury","2","clear",false,1,"GM0637"
"20240097688",2024,"Dodelijk",2,"Vrachtauto","Fiets","Flank","Rotonde",50,"Niet brandend","Daglicht","Droog",\N,\N,"Koningin Máximalaan","De Kwakel","Uithoorn","Noord-Holland",false,52.245883,4.807986,"fatal","1","clear",false,1,"GM0451"
"20240070694",2024,"Letsel",2,"Fiets","Bromfiets","Kop/staart","Rechte weg",60,"Niet brandend","Daglicht","Droog",\N,"243227001","Maasweg","Raamsdonk","Geertruidenberg","Noord-Brabant",false,51.711639,4.912687,"injury","2","clear",false,1,"GM0779"
"20240086073",2024,"Letsel",2,"Bromfiets","Fiets","Frontaal","Kruispunt, 3 takken",30,"Niet brandend","Daglicht","Droog",\N,\N,"Smetanalaan","Assen","Assen","Drenthe",false,53.010115,6.568522,"injury","2","clear",false,1,"GM0106"
"20240092207",2024,"Letsel",1,"Fiets",\N,"Eenzijdig","Rechte weg",60,"Niet brandend","Daglicht","Droog",\N,"385018012","Camerig","Vijlen","Vaals","Limburg",false,50.772722,5.925642,"injury","2","clear",false,1,"GM0981"
"20240049010",2024,"Letsel",2,"Personenauto","Fiets","Flank","Kruispunt, 4 takken",30,"Niet brandend","Daglicht","Droog",\N,\N,"Pastoriestraat","Oldenzaal","Oldenzaal","Overijssel",false,52.311389,6.928845,"injury","2","clear",false,1,"GM0173"
"20240071423",2024,"Uitsluitend materiele schade",2,"Fiets","Fiets","Kop/staart","Rechte weg",80,"Niet brandend","Daglicht","Droog",\N,"600398232","Rijwielpad Zuidduinen","Katwijk","Katwijk","Zuid-Holland",false,52.190633,4.381864,"material damage only","4","clear",false,1,"GM0537"
"20240078511",2024,"Uitsluitend materiele schade",2,"Fiets","Fiets","Onbekend","Kruispunt, 4 takken",50,\N,"Daglicht",\N,\N,\N,"Vaillantlaan","'s-Gravenhage","'s-Gravenhage","Zuid-Holland",false,52.065094,4.30643,"material damage only","4","unknown",false,1,"GM0518"
"20240083561",2024,"Uitsluitend materiele schade",2,"e-bike","Fiets","Flank","Rechte weg",\N,"Niet brandend","Daglicht","Droog",\N,"601020691","Zwaanstraat","Eindhoven","Eindhoven","Noord-Brabant",false,51.451075,5.448547,"material damage only","4","clear",false,1,"GM0772"
"20240088088",2024,"Letsel",2,"Fiets","Overig vast object","Vast voorwerp","Rotonde",50,"Niet brandend","Daglicht","Droog",\N,\N,"Oudelandstraat","'s-Gravenzande","Westland","Zuid-Holland",false,52.002054,4.17127,"injury","2","clear",false,1,"GM1783"
"20240089404",2024,"Letsel",2,"Fiets","Bromfiets","Frontaal","Rechte weg",50,"Niet brandend","Daglicht","Droog",\N,"600714708","Overtoomsepad","Honselersdijk","Westland","Zuid-Holland",false,51.997224,4.26829,"injury","2","clear",false,1,"GM1783"
"20240093464",2024,"Uitsluitend materiele schade",2,"Snorfiets","Fiets","Onbekend","Rechte weg",50,"Niet brandend","Daglicht","Droog",\N,\N,"Arnhemse Allee","Rozendaal","Rozendaal","Gelderland",false,52.008178,5.956529,"material damage only","4","clear",false,1,"GM0277"
"20240093780",2024,"Uitsluitend materiele schade",2,"Fiets","e-bike","Flank","Kruispunt, 3 takken",50,"Niet brandend","Daglicht","Droog",\N,\N,"Kerkpad","Nunspeet","Nunspeet","Gelderland",false,52.376578,5.782169,"material damage only","4","clear",false,1,"GM0302"
"20240096157",2024,"Uitsluitend materiele schade",2,"Personenauto","Fiets","Flank","Kruispunt, 4 takken",30,"Niet brandend","Daglicht","Droog",\N,\N,"Zuiderweg","Hilversum","Hilversum","Noord-Holland",false,52.227031,5.182936,"material damage only","4","clear",false,1,"GM0402"
"20240071426",2024,"Letsel",1,"Fiets",\N,"Onbekend","Rechte weg",50,"Niet brandend","Daglicht","Droog",\N,"190282029","Terbregseweg","Rotterdam","Rotterdam","Zuid-Holland",false,51.954447,4.520596,"injury","2","clear",false,1,"GM0599"
"20240087526",2024,"Letsel",2,"Snorfiets","Fiets","Flank","Kruispunt, 4 takken",30,"Brandend","Duisternis","Droog",\N,\N,"Cella Gallia","Houten","Houten","Utrecht",false,52.016521,5.177765,"injury","2","clear",false,1,"GM0321"
"20240090724",2024,"Uitsluitend materiele schade",2,"Personenauto","Fiets","Flank","Rotonde",50,"Brandend","Schemer","Regen",\N,\N,"Eikenlaan","Spijkenisse","Nissewaard","Zuid-Holland",false,51.84185,4.331052,"material damage only","4","rain",false,1,"GM1930"
"20240093827",2024,"Uitsluitend materiele schade",2,"Personenauto","Fiets","Frontaal","Kruispunt, 3 takken",30,"Niet brandend","Daglicht","Droog",\N,\N,"Karel Doormanstraat","Leeuwarden","Leeuwarden","Friesland",false,53.204105,5.80546,"material damage only","4","clear",false,1,"GM0080"
"20240094641",2024,"Letsel",2,"Fiets","Fiets","Flank","Kruispunt, 3 takken",30,"Niet brandend","Daglicht","Droog",\N,\N,"Renssenstraat","Arnhem","Arnhem","Gelderland",false,51.984781,5.898025,"injury","2","clear",false,1,"GM0202"
"20240096801",2024,"Uitsluitend materiele schade",2,"Bestelauto","Fiets","Flank","Kruispunt, 3 takken",50,"Niet brandend","Daglicht","Regen",\N,\N,"De Wittenhagen","Harderwijk","Harderwijk","Gelderland",false,52.336436,5.635605,"material damage only","4","rain",false,1,"GM0243"
"20240097824",2024,"Letsel",2,"Fiets","Fiets","Onbekend","Bocht",50,"Niet brandend","Daglicht","Droog",\N,"600716837","Noordhoornseweg","Den Hoorn","Midden-Delfland","Zuid-Holland",false,52.01508,4.311771,"injury","2","clear",false,1,"GM1842"
"20240098264",2024,"Letsel",2,"Personenauto","Fiets","Flank","Rechte weg",50,"Niet brandend","Daglicht","Droog",\N,"600542140","Middel Broekweg","Naaldwijk","Westland","Zuid-Holland",false,51.990593,4.216469,"injury","2","clear",false,1,"GM1783"
"20240046078",2024,"Letsel",2,"Bestelauto","Fiets","Onbekend","Rechte weg",50,"Niet brandend","Daglicht","Droog",\N,"600868905","Rozenburglaan","Groningen","Groningen","Groningen",false,53.196515,6.528011,"injury","2","clear",false,1,"GM0014"
"20240049081",2024,"Letsel",1,"Fiets",\N,"Eenzijdig","Rechte weg",30,"Niet brandend","Daglicht","Droog",\N,"600145695","Flevoweg","Kampen","Kampen","Overijssel",false,52.55477,5.881821,"injury","2","clear",false,1,"GM0166"
"20240050351",2024,"Letsel",2,"Personenauto","Fiets","Onbekend","Rechte weg",30,"Niet aanwezig","Daglicht","Droog",\N,"236279088","Voorhaven","Schoonhoven","Krimpenerwaard","Zuid-Holland",false,51.943289,4.850202,"injury","2","clear",false,1,"GM1931"
"20240070826",2024,"Uitsluitend materiele schade",2,"Personenauto","Fiets","Flank","Kruispunt, 3 takken",50,"Niet brandend","Daglicht","Droog",\N,\N,"Korte Hoogstraat","Rotterdam","Rotterdam","Zuid-Holland",false,51.91836,4.482161,"material damage only","4","clear",false,1,"GM0599"
"20240074661",2024,"Letsel",2,"Vrachtauto","Fiets","Onbekend","Kruispunt, 3 takken",30,"Niet brandend","Daglicht","Droog",\N,\N,"Gedempte Singel","Assen","Assen","Drenthe",false,52.995274,6.563579,"injury","2","clear",false,1,"GM0106"
"20240084332",2024,"Uitsluitend materiele schade",2,"Personenauto","Fiets","Onbekend","Kruispunt, 3 takken",50,"Niet brandend","Daglicht","Droog",\N,\N,"Printer","Coevorden","Coevorden","Drenthe",false,52.664599,6.724556,"material damage only","4","clear",false,1,"GM0109"
"20240089508",2024,"Letsel",2,"Bromfiets","Fiets","Frontaal","Rechte weg",30,"Niet brandend","Daglicht","Droog",\N,"250361035","Bijlmerplein","Amsterdam","Amsterdam","Noord-Holland",true,52.314448,4.955066,"injury","2","clear",false,1,"GM0363"
"20240074670",2024,"Letsel",2,"Bestelauto","e-bike","Flank","Rotonde",50,"Niet brandend","Daglicht","Droog",\N,\N,"Ossenweerdstraat","Deventer","Deventer","Overijssel",false,52.258,6.149033,"injury","2","clear",false,1,"GM0150"
"20240075706",2024,"Letsel",2,"Personenauto","Fiets","Flank","Kruispunt, 4 takken",50,"Niet brandend","Daglicht","Droog",\N,\N,"Slotlaan","Ede","Ede","Gelderland",false,52.044971,5.64796,"injury","2","clear",false,1,"GM0228"
"20240081751",2024,"Letsel",1,"Fiets",\N,"Onbekend","Rechte weg",\N,"Niet brandend","Daglicht","Droog",\N,"183332043","Geversstraat","Oegstgeest","Oegstgeest","Zuid-Holland",false,52.178431,4.465674,"injury","2","clear",false,1,"GM0579"
"20240096869",2024,"Uitsluitend materiele schade",2,"Personenauto","Fiets","Flank","Rechte weg",30,"Niet brandend","Daglicht","Droog",\N,\N,"Mecklenburglaan","Apeldoorn","Apeldoorn","Gelderland",false,52.230028,5.950902,"material damage only","4","clear",false,1,"GM0200"
"20240098635",2024,"Letsel",2,"Bestelauto","Fiets","Flank","Rotonde",50,"Niet brandend","Daglicht","Droog",\N,\N,"Ruiterweg","Castricum","Castricum","Noord-Holland",false,52.55221,4.658498,"injury","2","clear",false,1,"GM0383"
"20240072572",2024,"Uitsluitend materiele schade",2,"Motor","Fiets","Flank","Kruispunt, 3 takken",50,"Niet brandend","Daglicht","Droog",\N,\N,"Willemstraat","Eindhoven","Eindhoven","Noord-Brabant",false,51.438953,5.465434,"material damage only","4","clear",false,1,"GM0772"
"20240089598",2024,"Letsel",2,"Fiets",\N,"Flank","Kruispunt, 3 takken",30,"Niet brandend","Daglicht","Droog",\N,\N,"Varnebroek","Alkmaar","Alkmaar","Noord-Holland",false,52.629314,4.740934,"injury","2","clear",false,1,"GM0361"
"20240089605",2024,"Letsel",2,"Bromfiets","Fiets","Flank","Rechte weg",30,"Brandend","Duisternis","Droog",\N,"237364038","Amstelveenseweg","Amsterdam","Amsterdam","Noord-Holland",false,52.327818,4.857481,"injury","2","clear",false,1,"GM0363"
"20240043346",2024,"Uitsluitend materiele schade",2,"Personenauto","Fiets","Onbekend","Rechte weg",30,"Brandend","Duisternis","Droog",\N,"600729847","Putselaan","Rotterdam","Rotterdam","Zuid-Holland",false,51.897881,4.496839,"material damage only","4","clear",false,1,"GM0599"