"accident_id","year","severity_raw","party_count","party1_type","party2_type","accident_type","road_situation","speed_limit_kmh","road_lighting","light_condition_label","weather_raw","infra_type","road_segment_id","street_name","place_name","gemeente_name_raw","province","alcohol_indicated","latitude","longitude","severity_label","severity_code","weather_label","built_up_area","cyclists_involved","gemeente_code"
"20220203755",2022,"Letsel",1,"Fiets",\N,"Eenzijdig",\N,50,\N,"Duisternis",\N,\N,"600793677","Emmalaan","Amersfoort","Amersfoort","Utrecht",false,52.145845,5.368068,"injury","2","unknown",false,1,"GM0307"
"20220214208",2022,"Letsel",2,"e-bike","Fiets","Onbekend","Rechte weg",\N,"Niet brandend","Daglicht","Droog",\N,"149288048","Vlietpad","Naaldwijk","Westland","Zuid-Holland",false,51.981105,4.218039,"injury","2","clear",false,1,"GM1783"
"20220206529",2022,"Uitsluitend materiele schade",2,"Fiets","Fiets","Onbekend","Rechte weg",\N,"Niet brandend","Daglicht","Droog",\N,"263435020","Berkhouterweg","Hoorn","Hoorn","Noord-Holland",false,52.647216,5.045035,"material damage only","4","clear",false,1,"GM0405"
"20220216585",2022,"Letsel",2,"Personenauto","Fiets","Frontaal","Kruispunt, 4 takken",50,"Niet brandend","Daglicht","Droog",\N,\N,"Oostkanaalweg","Aarlanderveen","Alphen aan den Rijn","Zuid-Holland",false,52.142171,4.703389,"injury","2","clear",false,1,"GM0484"
"20220223027",2022,"Uitsluitend materiele schade",2,"Personenauto","Fiets","Onbekend","Rechte weg",30,"Niet brandend","Daglicht","Droog",\N,"212244053","Halleyweg","Dordrecht","Dordrecht","Zuid-Holland",false,51.786595,4.678337,"material damage only","4","clear",false,1,"GM0505"
"20240139660",2024,"Letsel",1,"Fiets",\N,"Onbekend","Rechte weg",50,"Niet brandend","Daglicht","Regen",\N,"600872401","Europaweg-Noord","Assen","Assen","Drenthe",false,53.006806,6.585682,"injury","2","rain",false,1,"GM0106"
"20240141276",2024,"Letsel",2,"Fiets","Personenauto","Flank","Rotonde",50,"Niet brandend","Daglicht","Droog",\N,\N,"Utrechtseweg","Heelsum","Renkum","Gelderland",false,51.982286,5.762164,"injury","2","clear",false,1,"GM0274"
"20240145005",2024,"Letsel",2,"Personenauto","Fiets","Flank","Kruispunt, 4 takken",50,"Niet brandend","Daglicht","Droog",\N,\N,"Groen van Prinstererstr","Vlaardingen","Vlaardingen","Zuid-Holland",false,51.912094,4.342768,"injury","2","clear",false,1,"GM0622"
"20240147621",2024,"Uitsluitend materiele schade",3,"Personenauto","Fiets","Los voorwerp","Kruispunt, 4 takken",50,"Brandend","Duisternis","Droog","Tunnel",\N,"Nieuwe Borgharenweg","Maastricht","Maastricht","Limburg",false,50.860502,5.7005,"material damage only","4","clear",false,1,"GM0935"
"20240148373",2024,"Uitsluitend materiele schade",2,"Fiets","Overig vast object","Vast voorwerp","Rechte weg",30,"Niet brandend","Schemer","Regen",\N,"520513017","Raadhuisplein","Stadskanaal","Stadskanaal","Groningen",false,52.989442,6.953927,"material damage only","4","rain",false,1,"GM0037"
"20240134611",2024,"Letsel",2,"Fiets","Fiets","Flank","Rechte weg",30,"Niet brandend","Daglicht","Droog",\N,\N,"Binnenweg","Melissant","Goeree-Overflakkee","Zuid-Holland",false,51.771171,4.067557,"injury","2","clear",false,1,"GM1924"
"20240139770",2024,"Uitsluitend materiele schade",2,"Fiets","Fiets","Frontaal","Rechte weg",30,"Brandend","Duisternis","Regen",\N,"600375843","Twijnstraat","Utrecht","Utrecht","Utrecht",false,52.082053,5.123785,"material damage only","4","rain",false,1,"GM0344"
"20240140031",2024,"Letsel",2,"Snorfiets","Fiets","Frontaal","Bocht",30,"Brandend","Duisternis","Droog",\N,"325404071","Rozengaard 13","Lelystad","Lelystad","Flevoland",false,52.508548,5.504952,"injury","2","clear",false,1,"GM0995"
"20240141372",2024,"Letsel",2,"Personenauto","Fiets","Frontaal","Kruispunt, 4 takken",50,"Niet brandend","Daglicht","Droog",\N,\N,"Elsenerstraat","Rijssen","Rijssen-Holten","Overijssel",false,52.303992,6.522007,"injury","2","clear",false,1,"GM1742"
"20240142209",2024,"Uitsluitend materiele schade",2,"Personenauto","Fiets","Onbekend","Rechte weg",80,"Brandend","Schemer","Regen",\N,"254479039","Westerterpweg","Slootdorp","Hollands Kroon","Noord-Holland",false,52.844074,4.994201,"material damage only","4","rain",false,1,"GM1911"
"20240144362",2024,"Letsel",2,"Fiets","Los voorwerp","Los voorwerp","Rechte weg",30,"Brandend","Duisternis","Droog",\N,"184327096","Morsweg","Leiden","Leiden","Zuid-Holland",false,52.159612,4.473825,"injury","2","clear",false,1,"GM0546"
"20240139074",2024,"Uitsluitend materiele schade",2,"Bromfiets","Fiets","Flank","Kruispunt, 4 takken",50,"Brandend","Duisternis","Regen",\N,\N,"Metamorfosenallee","Arnhem","Arnhem","Gelderland",false,51.954068,5.846579,"material damage only","4","rain",false,1,"GM0202"
"20240141051",2024,"Letsel",2,"Fiets","Overig vast object","Onbekend","Kruispunt, 4 takken",80,"Brandend","Duisternis","Regen",\N,\N,"Weteringsewal","Zetten","Overbetuwe","Gelderland",false,51.936201,5.716315,"injury","2","rain",false,1,"GM1734"
"20240137209",2024,"Uitsluitend materiele schade",3,"Personenauto","Fiets","Onbekend","Kruispunt, 3 takken",50,"Niet brandend","Daglicht","Droog",\N,\N,"Nieuwe Maasheseweg","Venray","Venray","Limburg",false,51.53313,5.984284,"material damage only","4","clear",false,1,"GM0984"
"20240143837",2024,"Letsel",2,"Fiets","Personenauto","Flank","Rechte weg",30,"Brandend","Schemer","Droog",\N,\N,"Oosterschelde","Zoetermeer","Zoetermeer","Zuid-Holland",false,52.058179,4.542162,"injury","2","clear",false,1,"GM0637"
"20240150300",2024,"Letsel",2,"Personenauto","Fiets","Onbekend",\N,30,\N,"Daglicht",\N,\N,\N,"Essenlaan","Schagen","Schagen","Noord-Holland",false,52.798435,4.796296,"injury","2","unknown",false,1,"GM0441"
"20240137240",2024,"Uitsluitend materiele schade",2,"Personenauto","Fiets","Flank","Kruispunt, 4 takken",50,"Niet brandend","Daglicht","Droog",\N,\N,"Dorpsstraat","St. Willebrord","Rucphen","Noord-Brabant",false,51.545053,4.592129,"material damage only","4","clear",false,1,"GM0840"
"20240139164",2024,"Letsel",1,"Fiets",\N,"Kop/staart","Kruispunt, 3 takken",50,"Brandend","Duisternis","Droog",\N,\N,"Kloostermanswijk WZ","Klazienaveen","Emmen","Drenthe",false,52.718854,7.005376,"injury","2","clear",false,1,"GM0114"
"20240142344",2024,"Letsel",1,"Fiets",\N,"Onbekend","Rechte weg",50,"Niet aanwezig","Daglicht","Regen",\N,"231396087","Guisweg","Zaandijk","Zaanstad","Noord-Holland",false,52.47113,4.807352,"injury","2","rain",false,1,"GM0479"
"20240150476",2024,"Uitsluitend materiele schade",2,"Snorfiets","Fiets","Flank","Kruispunt, 4 takken",50,\N,"Daglicht","Droog",\N,\N,"CS-BRUG","Almere","Almere","Flevoland",false,52.375596,5.222836,"material damage only","4","clear",false,1,"GM0034"
"20240150897",2024,"Uitsluitend materiele schade",2,"Personenauto","Fiets","Onbekend","Kruispunt, 4 takken",30,"Niet brandend","Daglicht","Droog",\N,\N,"FIETSPAD","Doetinchem","Doetinchem","Gelderland",false,51.952042,6.281377,"material damage only","4","clear",false,1,"GM0222"
"20240134776",2024,"Uitsluitend materiele schade",2,"Personenauto","Fiets","Flank","Rotonde",30,"Niet brandend","Daglicht","Droog",\N,\N,"Dongewijkdreef","Tilburg","Tilburg","Noord-Brabant",false,51.578967,4.993412,"material damage only","4","clear",false,1,"GM0855"
"20240137299",2024,"Letsel",2,"Personenauto","Fiets","Flank","Kruispunt, 4 takken",60,"Niet brandend","Daglicht","Droog",\N,\N,"Schinkelsweg","Ospel","Nederweert","Limburg",false,51.309254,5.790282,"injury","2","clear",false,1,"GM0946"
"20240137903",2024,"Letsel",2,"Fiets",\N,"Onbekend","Kruispunt, 3 takken",\N,"Niet brandend","Daglicht","Droog",\N,\N,"Drachtsterweg","Leeuwarden","Leeuwarden","Friesland",false,53.189268,5.81645,"injury","2","clear",false,1,"GM0080"
"20240140874",2024,"Uitsluitend materiele schade",2,"Personenauto","Fiets","Flank","Kruispunt, 3 takken",30,"Brandend","Duisternis","Droog",\N,\N,"Stationsplein","Arnhem","Arnhem","Gelderland",false,51.983427,5.901263,"material damage only","4","clear",false,1,"GM0202"
"20240134278",2024,"Letsel",2,"Fiets","Personenauto","Flank","Rotonde",50,"Niet brandend","Daglicht","Droog",\N,\N,"Fruitlaan","Goes","Goes","Zeeland",false,51.495777,3.889763,"injury","2","clear",false,1,"GM0664"
"20240145059",2024,"Uitsluitend materiele schade",2,"Personenauto","Fiets","Flank","Kruispunt, 4 takken",50,"Niet brandend","Daglicht","Droog",\N,\N,"'s-Gravelandseweg","Schiedam","Schiedam","Zuid-Holland",false,51.923178,4.402915,"material damage only","4","clear",false,1,"GM0606"
"20240135526",2024,"Uitsluitend materiele schade",2,"Personenauto","Fiets","Frontaal","Kruispunt, 3 takken",30,"Niet brandend","Daglicht","Droog",\N,\N,"Dahliastraat","St. Willebrord","Rucphen","Noord-Brabant",true,51.548635,4.587712,"material damage only","4","clear",false,1,"GM0840"
"20240145118",2024,"Letsel",2,"Fiets","Fiets","Onbekend",\N,\N,\N,"Daglicht",\N,\N,"226198062","Generaal Maczekstraat","Breda","Breda","Noord-Brabant",false,51.580124,4.7871,"injury","2","unknown",false,1,"GM0758"
"20240145131",2024,"Letsel",3,"Fiets",\N,"Onbekend","Rechte weg",30,"Niet brandend","Daglicht","Droog",\N,"188289024","Oosteindseweg","Bergschenhoek","Lansingerland","Zuid-Holland",false,51.990103,4.504742,"injury","2","clear",false,1,"GM1621"
"20240145616",2024,"Letsel",1,"Fiets",\N,"Onbekend","Rechte weg",50,"Niet brandend","Daglicht","Droog",\N,"600361114","Blaak","Rotterdam","Rotterdam","Zuid-Holland",false,51.918793,4.485457,"injury","2","clear",false,1,"GM0599"
"20240133765",2024,"Uitsluitend materiele schade",2,"Fiets","Personenauto","Flank","Bocht",50,"Niet brandend","Daglicht","Droog",\N,"227378018","Tijnmuiden","Amsterdam","Amsterdam","Noord-Holland",false,52.390072,4.780427,"material damage only","4","clear",false,1,"GM0363"
"20240143082",2024,"Letsel",2,"Personenauto","Fiets","Flank","Rechte weg",50,"Niet brandend","Daglicht","Droog",\N,"215298062","Ridder van Catsweg","Gouda","Gouda","Zuid-Holland",false,52.031612,4.699009,"injury","2","clear",false,1,"GM0513"
"20240144751",2024,"Letsel",1,"Fiets",\N,"Onbekend","Kruispunt, 4 takken",50,"Brandend","Duisternis","Droog",\N,\N,"Bentinckplein","Rotterdam","Rotterdam","Zuid-Holland",false,51.92657,4.461831,"injury","2","clear",false,1,"GM0599"
"20240146280",2024,"Letsel",2,"Personenauto","Fiets","Flank","Kruispunt, 4 takken",30,"Niet brandend","Daglicht","Droog",\N,\N,"Frederik Hendriklaan","'s-Gravenhage","'s-Gravenhage","Zuid-Holland",false,52.090793,4.274347,"injury","2","clear",false,1,"GM0518"
"20240135639",2024,"Uitsluitend materiele schade",2,"Bestelauto","Fiets","Frontaal","Kruispunt, 3 takken",30,"Niet brandend","Daglicht","Droog",\N,\N,"Schepenstraat","Vlaardingen","Vlaardingen","Zuid-Holland",false,51.911118,4.339888,"material damage only","4","clear",false,1,"GM0622"
"20240136928",2024,"Uitsluitend materiele schade",2,"Bromfiets","Fiets","Flank","Kruispunt, 3 takken",50,"Niet brandend","Daglicht","Droog",\N,\N,"Parklaan","'s-Hertogenbosch","'s-Hertogenbosch","Noord-Brabant",false,51.683593,5.295555,"material damage only","4","clear",false,1,"GM0796"
"20240137558",2024,"Uitsluitend materiele schade",2,"Personenauto","Fiets","Flank","Rotonde",50,"Brandend","Schemer","Regen",\N,\N,"Liessentstraat","Uden","Maashorst","Noord-Brabant",false,51.652009,5.642952,"material damage only","4","rain",false,1,"GM1991"
"20240146527",2024,"Uitsluitend materiele schade",1,"Fiets",\N,"Onbekend","Rechte weg",30,"Brandend","Schemer","Regen",\N,\N,"Zwaenenstede","'s-Hertogenbosch","'s-Hertogenbosch","Noord-Brabant",false,51.720179,5.251953,"material damage only","4","rain",false,1,"GM0796"
"20240149671",2024,"Uitsluitend materiele schade",2,"Bromfiets","Fiets","Flank","Rechte weg",30,"Niet brandend","Daglicht","Droog",\N,"349286004","Nobelweg","Wageningen","Wageningen","Gelderland",false,51.979228,5.676798,"material damage only","4","clear",false,1,"GM0289"
"20240149879",2024,"Uitsluitend materiele schade",2,"Bestelauto","Fiets","Onbekend","Rotonde",50,"Niet brandend","Daglicht","Droog",\N,\N,"Heer Ivostraatje","Leeuwarden","Leeuwarden","Friesland",false,53.203427,5.791276,"material damage only","4","clear",false,1,"GM0080"
"20240147156",2024,"Uitsluitend materiele schade",2,"Personenauto","Fiets","Flank","Kruispunt, 3 takken",50,"Brandend","Duisternis","Regen",\N,\N,"Vijfkamplaan","Eindhoven","Eindhoven","Noord-Brabant",false,51.478066,5.454194,"material damage only","4","rain",false,1,"GM0772"
"20240001005",2024,"Letsel",2,"Personenauto","Fiets","Frontaal","Rechte weg",50,"Brandend","Schemer","Droog",\N,"181191003","Borchwerf","Roosendaal","Roosendaal","Noord-Brabant",false,51.548757,4.462399,"injury","2","clear",false,1,"GM1674"
"20240011814",2024,"Uitsluitend materiele schade",2,"Bestelauto","Fiets","Flank","Kruispunt, 4 takken",30,"Niet brandend","Daglicht","Droog",\N,\N,"Distelweg","Almere","Almere","Flevoland",false,52.382317,5.20577,"material damage only","4","clear",false,1,"GM0034"
"20240013221",2024,"Letsel",2,"Fiets","Fiets","Frontaal","Rechte weg",30,"Brandend","Duisternis","Droog",\N,"600890940","Weimarstraat","'s-Gravenhage","'s-Gravenhage","Zuid-Holland",true,52.080246,4.289514,"injury","2","clear",false,1,"GM0518"
"20240153592",2024,"Letsel",2,"Personenauto","e-bike","Flank","Rotonde",50,"Brandend","Duisternis","Droog",\N,\N,"Nieuwe Steen","Hoorn","Hoorn","Noord-Holland",false,52.654777,5.062821,"injury","2","clear",false,1,"GM0405"
"20230112285",2023,"Letsel",1,"Fiets",\N,"Eenzijdig","Rechte weg",15,"Brandend","Duisternis","Regen",\N,"600721623","Bieslandsepad","Delft","Delft","Zuid-Holland",false,52.018108,4.376628,"injury","2","rain",false,1,"GM0503"
"20240001419",2024,"Letsel",2,"Personenauto","Fiets","Flank","Kruispunt, 4 takken",30,"Brandend","Duisternis","Regen",\N,\N,"Koenraad van Zwabenstr","Rotterdam","Rotterdam","Zuid-Holland",false,51.898515,4.545607,"injury","2","rain",false,1,"GM0599"
"20240007687",2024,"Letsel",1,"Fiets",\N,"Onbekend","Rechte weg",30,"Niet brandend","Daglicht","Droog",\N,"180320054","Louise de Colignylaan","Voorschoten","Voorschoten","Zuid-Holland",false,52.128579,4.442919,"injury","2","clear",false,1,"GM0626"
"20240021368",2024,"Uitsluitend materiele schade",2,"Motor","Fiets","Flank","Kruispunt, 4 takken",\N,"Niet brandend","Daglicht","Droog",\N,\N,"Westpoortweg","Amsterdam","Amsterdam","Noord-Holland",false,52.397868,4.794482,"material damage only","4","clear",false,1,"GM0363"
"20230110553",2023,"Letsel",2,"Personenauto","Fiets","Flank","Kruispunt, 4 takken",50,"Niet brandend","Daglicht","Droog",\N,\N,"Jacob van Ruysdaelpad","'s-Hertogenbosch","'s-Hertogenbosch","Noord-Brabant",false,51.699819,5.312094,"injury","2","clear",false,1,"GM0796"
"20240001237",2024,"Uitsluitend materiele schade",3,"Personenauto","Fiets","Onbekend","Rechte weg",30,"Niet brandend","Daglicht","Droog",\N,\N,"Geelkruid","Rotterdam","Rotterdam","Zuid-Holland",false,51.959308,4.55861,"material damage only","4","clear",false,1,"GM0599"
"20240008362",2024,"Letsel",2,"Snorfiets","Fiets","Frontaal","Kruispunt, 3 takken",30,"Niet brandend","Daglicht","Droog",\N,\N,"Olympiaweg","Alkmaar","Alkmaar","Noord-Holland",false,52.636027,4.713623,"injury","2","clear",false,1,"GM0361"
"20240153698",2024,"Uitsluitend materiele schade",2,"Fiets","Fiets","Onbekend","Kruispunt, 4 takken",30,"Niet brandend","Daglicht","Droog",\N,\N,"Kometenlaan","Oosterhout","Oosterhout","Noord-Brabant",false,51.656299,4.867822,"material damage only","4","clear",false,1,"GM0826"
"20240001499",2024,"Letsel",1,"Fiets",\N,"Flank","Rotonde",50,"Brandend","Duisternis","Harde windstoten/Regen",\N,\N,"Thoelaverweg","Brielle","Voorne aan Zee","Zuid-Holland",false,51.900447,4.169321,"injury","2","unknown",false,1,"GM1992"
"20240002473",2024,"Uitsluitend materiele schade",2,"Personenauto","Fiets","Flank","Kruispunt, 3 takken",30,"Brandend","Duisternis","Droog",\N,\N,"Van Riebeeckstraat","Roermond","Roermond","Limburg",false,51.175549,6.012228,"material damage only","4","clear",false,1,"GM0957"
"20240007981",2024,"Letsel",1,"Fiets",\N,"Onbekend","Kruispunt, 4 takken",50,"Niet brandend","Duisternis","Regen",\N,\N,"Laan van Meerdervoort","'s-Gravenhage","'s-Gravenhage","Zuid-Holland",false,52.075627,4.268795,"injury","2","rain",false,1,"GM0518"
"20240010533",2024,"Letsel",2,"Bestelauto","Fiets","Flank","Rechte weg",50,"Niet brandend","Daglicht","Droog",\N,"210371017","Stresemannlaan","Haarlem","Haarlem","Noord-Holland",false,52.357511,4.659427,"injury","2","clear",false,1,"GM0392"
"20240154356",2024,"Letsel",2,"Personenauto","Fiets","Flank","Kruispunt, 4 takken",50,"Niet brandend","Schemer","Regen",\N,\N,"Populierenlaan","Krimpen aan den IJssel","Krimpen aan den IJssel","Zuid-Holland",false,51.914887,4.616127,"injury","2","rain",false,1,"GM0542"
"20240012600",2024,"Letsel",2,"Bromfiets","Fiets","Onbekend","Rechte weg",50,"Brandend","Duisternis","Regen",\N,"600717898","Ammunitiehaven","'s-Gravenhage","'s-Gravenhage","Zuid-Holland",false,52.078047,4.322191,"injury","2","rain",false,1,"GM0518"
"20240023896",2024,"Uitsluitend materiele schade",1,"Fiets",\N,"Onbekend","Rechte weg",50,\N,"Daglicht",\N,"Tunnel","600570729","Heerlenseweg","Landgraaf","Landgraaf","Limburg",false,50.893248,5.999583,"material damage only","4","unknown",false,1,"GM0882"
"20240023948",2024,"Uitsluitend materiele schade",2,"Personenauto","Fiets","Onbekend","Kruispunt, 4 takken",30,"Niet brandend","Daglicht","Droog",\N,\N,"Van Hogendorplaan","Oss","Oss","Noord-Brabant",false,51.753143,5.498576,"material damage only","4","clear",false,1,"GM0828"
"20240024161",2024,"Uitsluitend materiele schade",2,"Personenauto","Fiets","Flank","Kruispunt, 4 takken",30,"Niet brandend","Daglicht","Droog",\N,\N,"Margrietlaan","Heeze","Heeze-Leende","Noord-Brabant",false,51.385816,5.570947,"material damage only","4","clear",false,1,"GM1658"
"20240153113",2024,"Letsel",2,"Fiets","Bromfiets","Flank","Rechte weg",50,"Niet aanwezig","Schemer","Droog",\N,"600765263","Hoogoorddreef","Amsterdam","Amsterdam","Noord-Holland",false,52.306663,4.936112,"injury","2","clear",false,1,"GM0363"
"20230107681",2023,"Letsel",1,"Fiets",\N,"Eenzijdig","Rotonde",50,"Brandend","Duisternis","Droog",\N,\N,"Stoep van Ceelen","Gorinchem","Gorinchem","Zuid-Holland",false,51.835594,4.97716,"injury","2","clear",false,1,"GM0512"
"20230108879",2023,"Uitsluitend materiele schade",2,"Bestelauto","Fiets","Flank","Kruispunt, 4 takken",30,"Niet brandend","Daglicht","Droog",\N,\N,"Poldermolenweg","Almere","Almere","Flevoland",false,52.400038,5.270169,"material damage only","4","clear",false,1,"GM0034"
"20230112457",2023,"Letsel",2,"Fiets","Bestelauto","Flank","Kruispunt, 4 takken",50,"Niet brandend","Daglicht","Droog",\N,\N,"Troelstrakade","'s-Gravenhage","'s-Gravenhage","Zuid-Holland",false,52.056672,4.302174,"injury","2","clear",false,1,"GM0518"
"20240008476",2024,"Letsel",1,"Fiets",\N,"Onbekend","Rechte weg",15,"Brandend","Schemer","Sneeuw/Hagel",\N,"167291066","Troelstralaan","Delft","Delft","Zuid-Holland",false,51.997716,4.351441,"injury","2","unknown",false,1,"GM0503"
"20240011466",2024,"Letsel",1,"Fiets",\N,"Eenzijdig","Rechte weg",30,"Brandend","Duisternis","Regen",\N,\N,"Zevenhuizerstraat","Hoogland","Amersfoort","Utrecht",false,52.192268,5.380826,"injury","2","rain",false,1,"GM0307"
"20230110107",2023,"Uitsluitend materiele schade",3,"Fiets","Personenauto","Onbekend","Kruispunt, 4 takken",60,"Niet brandend","Schemer","Droog","Tunnel",\N,"Langeweg","Kapelle","Kapelle","Zeeland",false,51.463771,3.97341,"material damage only","4","clear",false,1,"GM0678"
"20230111860",2023,"Uitsluitend materiele schade",2,"Fiets","Fiets","Flank","Kruispunt, 4 takken",50,"Niet brandend","Daglicht","Droog",\N,\N,"Dapperstraat","Amsterdam","Amsterdam","Noord-Holland",false,52.36267,4.927485,"material damage only","4","clear",false,1,"GM0363"
"20240005670",2024,"Uitsluitend materiele schade",2,"Fiets","Personenauto","Flank","Kruispunt, 4 takken",50,"Niet brandend","Daglicht","Droog",\N,\N,"Westtangent","Heerhugowaard","Dijk en Waard","Noord-Holland",false,52.668935,4.827335,"material damage only","4","clear",false,1,"GM1980"
"20240011469",2024,"Letsel",2,"Personenauto","Fiets","Geparkeerd voertuig","Rechte weg",50,"Niet brandend","Daglicht","Droog",\N,\N,"Juliëttestraat","Amersfoort","Amersfoort","Utrecht",false,52.154201,5.409844,"injury","2","clear",false,1,"GM0307"
"20240012072",2024,"Letsel",3,"Fiets","Fiets","Flank","Rechte weg",50,"Niet brandend","Daglicht","Droog/Harde windstoten",\N,"217295047","Graaf Florisweg","Gouda","Gouda","Zuid-Holland",false,52.018355,4.717398,"injury","2","unknown",false,1,"GM0513"
"20240018177",2024,"Letsel",1,"Fiets",\N,"Onbekend","Rechte weg",80,"Niet brandend","Daglicht","Droog",\N,"483501005","Schoonloërstraat","Grolloo","Aa en Hunze","Drenthe",false,52.935879,6.675326,"injury","2","clear",false,1,"GM1680"
"20240151892",2024,"Letsel",2,"Overig wegmeubilair","Fiets","Eenzijdig","Kruispunt, 4 takken",30,"Brandend","Duisternis","Droog",\N,\N,"Oosterpark","Amsterdam","Amsterdam","Noord-Holland",false,52.358029,4.917419,"injury","2","clear",false,1,"GM0363"
"20230108371",2023,"Letsel",2,"Personenauto","Fiets","Frontaal","Kruispunt, 4 takken",50,"Niet brandend","Daglicht","Droog",\N,\N,"IJweg","Nieuw-Vennep","Haarlemmermeer","Noord-Holland",false,52.281964,4.619009,"injury","2","clear",false,1,"GM0394"
"20240155425",2024,"Uitsluitend materiele schade",2,"Personenauto","Fiets","Onbekend","Rotonde",50,"Brandend","Schemer","Mist",\N,\N,"Vlietlaan","Ridderkerk","Ridderkerk","Zuid-Holland",false,51.866144,4.621192,"material damage only","4","fog",false,1,"GM0597"
"20230110141",2023,"Uitsluitend materiele schade",2,"Personenauto","Fiets","Flank","Kruispunt, 3 takken",50,"Niet brandend","Schemer","Regen",\N,\N,"Westerhagelaan","Breda","Breda","Noord-Brabant",false,51.62033,4.7386,"material damage only","4","rain",false,1,"GM0758"
"20230113081",2023,"Uitsluitend materiele schade",2,"Fiets","Personenauto","Geparkeerd voertuig","Rechte weg",30,"Brandend","Duisternis","Droog",\N,"188350059","Schippersvaartweg","Noordwijkerhout","Noordwijk","Zuid-Holland",false,52.260428,4.500406,"material damage only","4","clear",false,1,"GM0575"
"20240004630",2024,"Uitsluitend materiele schade",2,"Personenauto","Fiets","Flank","Rotonde",50,"Niet brandend","Daglicht","Droog",\N,\N,"Mastenbroekerallee","Zwolle","Zwolle","Overijssel",false,52.538837,6.055047,"material damage only","4","clear",false,1,"GM0193"
"20240006384",2024,"Uitsluitend materiele schade",2,"Personenauto","Fiets","Frontaal","Kruispunt, 4 takken",50,"Niet brandend","Daglicht","Droog",\N,\N,"Rekerdijk","Alkmaar","Alkmaar","Noord-Holland",false,52.640113,4.758014,"material damage only","4","clear",false,1,"GM0361"
"20230111340",2023,"Uitsluitend materiele schade",2,"Personenauto","Fiets","Kop/staart","Rechte weg",30,"Brandend","Schemer","Droog",\N,"236369037","Heemstedestraat","Amsterdam","Amsterdam","Noord-Holland",false,52.351589,4.846789,"material damage only","4","clear",false,1,"GM0363"
"20240006428",2024,"Letsel",2,"Personenauto","Fiets","Onbekend","Rotonde",50,"Niet brandend","Daglicht","Droog",\N,\N,"Jura","Assendelft","Zaanstad","Noord-Holland",false,52.491934,4.754156,"injury","2","clear",false,1,"GM0479"
"20240006450",2024,"Letsel",2,"Bromfiets","Fiets","Frontaal","Rechte weg",50,"Brandend","Schemer","Droog",\N,\N,"Waarderweg","Haarlem","Haarlem","Noord-Holland",false,52.390467,4.662238,"injury","2","clear",false,1,"GM0392"
"20240023661",2024,"Letsel",2,"Personenauto","e-bike","Flank","Kruispunt, 4 takken",50,"Brandend","Duisternis","Droog",\N,\N,"Badhuiskade","'s-Gravenhage","'s-Gravenhage","Zuid-Holland",false,52.108508,4.276995,"injury","2","clear",false,1,"GM0518"
"20240013626",2024,"Letsel",2,"Personenauto","Fiets","Onbekend","Kruispunt, 4 takken",15,"Niet brandend","Daglicht","Droog",\N,\N,"Sarah Vaughanstraat","Amsterdam","Amsterdam","Noord-Holland",false,52.343325,4.822198,"injury","2","clear",false,1,"GM0363"
"20230108451",2023,"Uitsluitend materiele schade",2,"Fiets","Bestelauto","Flank","Kruispunt, 4 takken",50,\N,"Daglicht","Droog",\N,\N,"Rosmolenstraat","Almere","Almere","Flevoland",false,52.398456,5.270533,"material damage only","4","clear",false,1,"GM0034"
"20230109019",2023,"Uitsluitend materiele schade",2,"Personenauto","Fiets","Flank","Rotonde",50,"Niet brandend","Daglicht","Mist",\N,\N,"Trumanlaan","Utrecht","Utrecht","Utrecht",false,52.073276,5.093893,"material damage only","4","fog",false,1,"GM0344"
"20230111389",2023,"Uitsluitend materiele schade",2,"Vrachtauto","Fiets","Geparkeerd voertuig","Rechte weg",30,"Niet brandend","Daglicht","Droog",\N,"247373026","Czaar Peterstraat","Amsterdam","Amsterdam","Noord-Holland",false,52.368882,4.927449,"material damage only","4","clear",false,1,"GM0363"
"20240023440",2024,"Dodelijk",2,"Onbekend voertuig i.g.v. doorrijder","Fiets","Flank","Kruispunt, 3 takken",50,"Niet brandend","Daglicht","Droog",\N,\N,"Oudelandselaan","Berkel en Rodenrijs","Lansingerland","Zuid-Holland",false,51.997418,4.474,"fatal","1","clear",false,1,"GM1621"
"20240013661",2024,"Letsel",1,"Fiets",\N,"Onbekend","Rechte weg",50,"Niet brandend","Daglicht","Regen",\N,"600774307","Westerblokker","Blokker","Hoorn","Noord-Holland",false,52.657272,5.077654,"injury","2","rain",false,1,"GM0405"
"20240152667",2024,"Letsel",2,"Fiets","Voetganger","Voetganger","Rechte weg",30,"Brandend","Schemer","Droog",\N,"187304030","Julianalaan","Zoetermeer","Zoetermeer","Zuid-Holland",false,52.053872,4.498284,"injury","2","clear",false,1,"GM0637"
"20240154621",2024,"Letsel",1,"Fiets",\N,"Onbekend","Rechte weg",50,"Brandend","Duisternis","Droog",\N,"600732933","Boszoom","Rotterdam","Rotterdam","Zuid-Holland",false,51.938084,4.530332,"injury","2","clear",false,1,"GM0599"
"20240155458",2024,"Uitsluitend materiele schade",2,"Bromfiets","Fiets","Frontaal","Rechte weg",50,"Brandend","Duisternis","Droog",\N,"185269043","Brede Hilledijk","Rotterdam","Rotterdam","Zuid-Holland",true,51.900081,4.484648,"material damage only","4","clear",false,1,"GM0599"
"20240005280",2024,"Letsel",2,"Personenauto","Fiets","Flank","Rechte weg",15,"Niet brandend","Daglicht","Droog",\N,\N,"Rembrandtplein","Hoogezand","Midden-Groningen","Groningen",false,53.165561,6.769466,"injury","2","clear",false,1,"GM1952"