"accident_id","year","severity_raw","party_count","party1_type","party2_type","accident_type","road_situation","speed_limit_kmh","road_lighting","light_condition_label","weather_raw","infra_type","road_segment_id","street_name","place_name","gemeente_name_raw","province","alcohol_indicated","latitude","longitude","severity_label","severity_code","weather_label","built_up_area","cyclists_involved","gemeente_code"
"20230085944",2023,"Letsel",3,"Personenauto","Fiets","Onbekend","Rechte weg",30,"Niet brandend","Daglicht","Droog",\N,"260321024","Duivenkamp","Maarssen","Stichtse Vecht","Utrecht",false,52.133118,5.028528,"injury","2","clear",false,1,"GM1904"
"20230089462",2023,"Uitsluitend materiele schade",2,"Bestelauto","Fiets","Flank","Kruispunt, 3 takken",50,"Niet brandend","Daglicht","Droog",\N,"179346087","Huis ter Duinstraat","Noordwijk","Noordwijk","Zuid-Holland",false,52.24186,4.433139,"material damage only","4","clear",false,1,"GM0575"
"20230086562",2023,"Letsel",2,"Personenauto","Fiets","Flank","Kruispunt, 3 takken",30,"Niet brandend","Daglicht","Droog",\N,\N,"Tomatenstraat","Leiden","Leiden","Zuid-Holland",false,52.145179,4.486056,"injury","2","clear",false,1,"GM0546"
"20230098252",2023,"Letsel",2,"Bromfiets","Fiets","Onbekend","Kruispunt, 4 takken",30,"Brandend","Schemer","Regen",\N,\N,"Breestraat","Beverwijk","Beverwijk","Noord-Holland",false,52.483903,4.661179,"injury","2","rain",false,1,"GM0375"
"20230079605",2023,"Uitsluitend materiele schade",2,"Personenauto","Fiets","Onbekend","Kruispunt, 4 takken",30,"Niet brandend","Daglicht","Droog",\N,\N,"Abdijstraat","Heeswijk-Dinther","Bernheze","Noord-Brabant",false,51.65318,5.468903,"material damage only","4","clear",false,1,"GM1721"
"20230092483",2023,"Letsel",1,"e-bike",\N,"Eenzijdig","Rechte weg",60,"Brandend","Duisternis","Droog",\N,"207178006","Heischoorstraat","Klein Zundert","Zundert","Noord-Brabant",false,51.485808,4.652045,"injury","2","clear",false,1,"GM0879"
"20230093670",2023,"Letsel",2,"Personenauto","Fiets","Flank","Rotonde",50,"Brandend","Schemer","Regen",\N,\N,"Verkeersweg","Harderwijk","Harderwijk","Gelderland",false,52.345538,5.626247,"injury","2","rain",false,1,"GM0243"
"20230101096",2023,"Uitsluitend materiele schade",2,"Fiets","Personenauto","Flank","Rechte weg",50,"Niet brandend","Daglicht","Regen",\N,"600724866","Lijnbaanstraat","Katwijk","Katwijk","Zuid-Holland",false,52.200731,4.435663,"material damage only","4","rain",false,1,"GM0537"
"20230101862",2023,"Letsel",2,"Personenauto","Fiets","Flank","Kruispunt, 3 takken",30,"Niet brandend","Daglicht","Droog",\N,\N,"Jacob van der Doesstraat","'s-Gravenhage","'s-Gravenhage","Zuid-Holland",false,52.08215,4.299252,"injury","2","clear",false,1,"GM0518"
"20230083165",2023,"Uitsluitend materiele schade",2,"Bestelauto","Fiets","Flank","Kruispunt, 4 takken",30,"Brandend","Schemer","Regen",\N,\N,"Salverdaplein","Wageningen","Wageningen","Gelderland",false,51.96536,5.664751,"material damage only","4","rain",false,1,"GM0289"
"20230087787",2023,"Uitsluitend materiele schade",3,"Personenauto","Fiets","Onbekend","Rechte weg",50,"Brandend","Duisternis","Droog",\N,"600362969","Westerstraat","Amsterdam","Amsterdam","Noord-Holland",false,52.378263,4.882273,"material damage only","4","clear",false,1,"GM0363"
"20230091332",2023,"Letsel",2,"Personenauto","Fiets","Flank","Kruispunt, 4 takken",30,"Niet brandend","Daglicht","Droog",\N,\N,"Populierenstraat","Goes","Goes","Zeeland",false,51.493775,3.900075,"injury","2","clear",false,1,"GM0664"
"20230088442",2023,"Uitsluitend materiele schade",2,"Personenauto","Fiets","Onbekend","Kruispunt, 4 takken",30,"Niet brandend","Daglicht","Droog",\N,\N,"Grote Stern","Rozenburg","Rotterdam","Zuid-Holland",false,51.908616,4.240737,"material damage only","4","clear",false,1,"GM0599"
"20230098942",2023,"Uitsluitend materiele schade",2,"Personenauto","Fiets","Flank","Kruispunt, 3 takken",30,"Brandend","Duisternis","Regen",\N,\N,"Thorvaldsenlaan","Eindhoven","Eindhoven","Noord-Brabant",false,51.459485,5.470728,"material damage only","4","rain",false,1,"GM0772"
"20230102370",2023,"Letsel",2,"Bus","Fiets","Flank","Rotonde",50,"Brandend","Duisternis","Droog",\N,\N,"Vuurtorenplein","Noordwijk","Noordwijk","Zuid-Holland",false,52.248244,4.435074,"injury","2","clear",false,1,"GM0575"
"20230102818",2023,"Letsel",2,"Bromfiets","Fiets","Flank","Kruispunt, 3 takken",30,"Brandend","Schemer","Droog",\N,\N,"Plein","Wateringen","Westland","Zuid-Holland",false,52.024906,4.27355,"injury","2","clear",false,1,"GM1783"
"20230079713",2023,"Uitsluitend materiele schade",2,"Personenauto","Fiets","Flank","Kruispunt, 4 takken",30,"Niet brandend","Daglicht","Droog",\N,\N,"Troelstradreef","'s-Hertogenbosch","'s-Hertogenbosch","Noord-Brabant",false,51.730751,5.298736,"material damage only","4","clear",false,1,"GM0796"
"20230079714",2023,"Uitsluitend materiele schade",2,"Snorfiets","Fiets","Frontaal","Rechte weg",30,"Niet brandend","Daglicht","Droog",\N,"600580189","Doornboslaan","Breda","Breda","Noord-Brabant",false,51.599649,4.791321,"material damage only","4","clear",false,1,"GM0758"
"20230086693",2023,"Letsel",2,"Personenauto","Fiets","Onbekend","Kruispunt, 4 takken",50,"Niet brandend","Daglicht","Droog",\N,\N,"Zichtenburglaan","'s-Gravenhage","'s-Gravenhage","Zuid-Holland",false,52.048661,4.249291,"injury","2","clear",false,1,"GM0518"
"20230088484",2023,"Uitsluitend materiele schade",2,"Personenauto","Fiets","Flank","Kruispunt, 3 takken",50,"Niet brandend","Daglicht","Regen",\N,\N,"Lombardkade","Rotterdam","Rotterdam","Zuid-Holland",false,51.926917,4.48518,"material damage only","4","rain",false,1,"GM0599"
"20230082098",2023,"Letsel",2,"Personenauto","e-bike","Flank","Kruispunt, 4 takken",30,"Niet brandend","Daglicht","Droog",\N,\N,"Rijnstraat","Heerlen","Heerlen","Limburg",false,50.905709,5.965273,"injury","2","clear",false,1,"GM0917"
"20230099012",2023,"Uitsluitend materiele schade",2,"Personenauto","Fiets","Flank","Rechte weg",30,"Niet brandend","Daglicht","Droog",\N,"349221002","Brand","Zeeland","Maashorst","Noord-Brabant",false,51.688649,5.673502,"material damage only","4","clear",false,1,"GM1991"
"20230080921",2023,"Uitsluitend materiele schade",2,"Bestelauto","Fiets","Onbekend","Rechte weg",60,"Niet brandend","Daglicht","Droog",\N,"260226002","Zomerdijk","Waalwijk","Waalwijk","Noord-Brabant",false,51.707641,5.039378,"material damage only","4","clear",false,1,"GM0867"
"20230094425",2023,"Uitsluitend materiele schade",2,"Personenauto","Fiets","Flank","Kruispunt, 3 takken",30,"Niet aanwezig","Daglicht","Droog",\N,\N,"Waliënsestraat","Winterswijk","Winterswijk","Gelderland",false,51.978527,6.723014,"material damage only","4","clear",false,1,"GM0294"
"20230098486",2023,"Uitsluitend materiele schade",2,"Personenauto","Fiets","Flank","Rechte weg",50,"Brandend","Schemer","Droog",\N,\N,"Lange Beijerd","Cuijk","Land van Cuijk","Noord-Brabant",false,51.729098,5.869671,"material damage only","4","clear",false,1,"GM1982"
"20230102928",2023,"Letsel",2,"Bromfiets","Fiets","Frontaal","Rechte weg",50,"Brandend","Schemer","Regen",\N,"600622237","Zuidwal","Delft","Delft","Zuid-Holland",false,52.005852,4.36121,"injury","2","rain",false,1,"GM0503"
"20230080967",2023,"Letsel",2,"Personenauto","Fiets","Onbekend","Rotonde",50,\N,"Daglicht","Droog",\N,\N,"Beukelsdijk","Rotterdam","Rotterdam","Zuid-Holland",false,51.921262,4.455335,"injury","2","clear",false,1,"GM0599"
"20230082762",2023,"Letsel",3,"Fiets","Fiets","Onbekend","Rechte weg",60,"Niet aanwezig","Daglicht","Droog",\N,"600905007","Planken Wambuisweg","Ede","Ede","Gelderland",false,52.033956,5.784499,"injury","2","clear",false,1,"GM0228"
"20230089720",2023,"Letsel",1,"Fiets",\N,"Eenzijdig","Rechte weg",\N,"Niet brandend","Schemer","Mist",\N,"600743370","Marsdiep","Alphen aan den Rijn","Alphen aan den Rijn","Zuid-Holland",false,52.14601,4.654956,"injury","2","fog",false,1,"GM0484"
"20230095010",2023,"Uitsluitend materiele schade",2,"Personenauto","Fiets","Flank","Kruispunt, 3 takken",50,"Niet aanwezig","Daglicht","Droog",\N,\N,"Industrieweg","Assen","Assen","Drenthe",false,53.002445,6.569828,"material damage only","4","clear",false,1,"GM0106"
"20230096170",2023,"Letsel",3,"Personenauto","Fiets","Onbekend","Kruispunt, 4 takken",30,\N,"Daglicht","Regen",\N,\N,"Roald Amundsenstraat","Almere","Almere","Flevoland",false,52.350258,5.146671,"injury","2","rain",false,1,"GM0034"
"20230102959",2023,"Uitsluitend materiele schade",1,"Fiets",\N,"Eenzijdig","Rechte weg",30,"Brandend","Duisternis","Regen",\N,"600728086","Ter Haarkade","Leiden","Leiden","Zuid-Holland",false,52.156962,4.473929,"material damage only","4","rain",false,1,"GM0546"
"20230103474",2023,"Letsel",2,"Fiets","Fiets","Onbekend","Rechte weg",50,"Brandend","Duisternis","Droog",\N,"179234010","Rijksstraatweg","Numansdorp","Hoeksche Waard","Zuid-Holland",false,51.742032,4.439996,"injury","2","clear",false,1,"GM1963"
"20230086850",2023,"Uitsluitend materiele schade",1,"Fiets",\N,"Flank","Kruispunt, 4 takken",30,"Niet brandend","Daglicht","Droog",\N,\N,"Van Vollenhovenplein","Leiden","Leiden","Zuid-Holland",false,52.150275,4.508442,"material damage only","4","clear",false,1,"GM0546"
"20230097966",2023,"Letsel",2,"Personenauto","Fiets","Flank","Kruispunt, 3 takken",50,"Brandend","Duisternis","Droog",\N,\N,"Deltaweg","Hoofddorp","Haarlemmermeer","Noord-Holland",false,52.311045,4.639448,"injury","2","clear",false,1,"GM0394"
"20230103482",2023,"Uitsluitend materiele schade",2,"Bromfiets","Fiets","Onbekend","Bocht",50,"Brandend","Duisternis","Droog",\N,"184282060","Ringdijk","Rotterdam","Rotterdam","Zuid-Holland",false,51.955952,4.478016,"material damage only","4","clear",false,1,"GM0599"
"20230083974",2023,"Letsel",3,"Personenauto","Fiets","Flank","Rotonde",50,"Niet brandend","Daglicht","Droog",\N,\N,"Zeel","Delfzijl","Eemsdelta","Groningen",false,53.322004,6.888846,"injury","2","clear",false,1,"GM1979"
"20230089809",2023,"Letsel",2,"Fiets","Personenauto","Flank","Kruispunt, 4 takken",50,"Niet brandend","Daglicht","Droog",\N,\N,"Escamplaan","'s-Gravenhage","'s-Gravenhage","Zuid-Holland",false,52.063723,4.274753,"injury","2","clear",false,1,"GM0518"
"20230096828",2023,"Uitsluitend materiele schade",2,"Personenauto","Fiets","Frontaal","Kruispunt, 4 takken",50,"Niet brandend","Daglicht","Droog",\N,\N,"President Kennedystraat","Vroomshoop","Twenterand","Overijssel",false,52.458498,6.560959,"material damage only","4","clear",false,1,"GM1700"
"20230082870",2023,"Letsel",2,"Personenauto","Fiets","Flank","Kruispunt, 3 takken",60,"Niet aanwezig","Daglicht","Droog",\N,\N,"Saterslostraat","Deurningen","Dinkelland","Overijssel",false,52.320532,6.828025,"injury","2","clear",false,1,"GM1774"
"20220001124",2022,"Letsel",2,"Personenauto","Fiets","Flank","Kruispunt, 3 takken",50,"Niet brandend","Daglicht","Droog",\N,\N,"Vogelwijk","Heerenveen","Heerenveen","Friesland",false,52.946997,5.921843,"injury","2","clear",false,1,"GM0074"
"20220004220",2022,"Uitsluitend materiele schade",2,"Personenauto","Fiets","Flank","Kruispunt, 4 takken",60,"Niet aanwezig","Daglicht","Droog",\N,\N,"Molenpad","Nieuwleusen","Dalfsen","Overijssel",false,52.582509,6.296766,"material damage only","4","clear",false,1,"GM0148"
"20230000145",2023,"Uitsluitend materiele schade",2,"Personenauto","e-bike","Flank","Kruispunt, 3 takken",50,"Niet aanwezig","Daglicht","Droog",\N,"361559168","Heliconweg","Leeuwarden","Leeuwarden","Friesland",false,53.203888,5.776131,"material damage only","4","clear",false,1,"GM0080"
"20220006003",2022,"Uitsluitend materiele schade",2,"Personenauto","Fiets","Frontaal","Kruispunt, 3 takken",50,"Brandend","Duisternis",\N,\N,\N,"Grasdorpstraat","Zwolle","Zwolle","Overijssel",false,52.507509,6.104332,"material damage only","4","unknown",false,1,"GM0193"
"20220004848",2022,"Uitsluitend materiele schade",1,"Fiets",\N,"Frontaal","Rechte weg",60,"Niet aanwezig","Duisternis",\N,\N,"412401024","Kanaalweg","Zwolle","Zwolle","Overijssel",false,52.490191,6.145912,"material damage only","4","unknown",false,1,"GM0193"
"20220007996",2022,"Letsel",2,"e-bike","Trekker","Flank","Kruispunt, 4 takken",80,"Niet brandend","Daglicht","Regen",\N,\N,"Oliemolenstraat","Oldenzaal","Oldenzaal","Overijssel",false,52.328529,6.93311,"injury","2","rain",false,1,"GM0173"
"20220094321",2022,"Uitsluitend materiele schade",2,"Personenauto","Fiets","Flank","Kruispunt, 4 takken",30,"Niet brandend","Daglicht","Droog",\N,\N,"Dr. Joop den Uylsingel","Arnhem","Arnhem","Gelderland",false,51.942915,5.891616,"material damage only","4","clear",false,1,"GM0202"
"20220110681",2022,"Uitsluitend materiele schade",2,"Personenauto","Fiets","Flank","Kruispunt, 4 takken",50,"Niet brandend","Daglicht","Droog",\N,\N,"Brasschaatstraat","Breda","Breda","Noord-Brabant",false,51.608872,4.783999,"material damage only","4","clear",false,1,"GM0758"
"20240001105",2024,"Uitsluitend materiele schade",2,"Bestelauto","Fiets","Flank","Rotonde",50,"Brandend","Duisternis","Regen",\N,\N,"Eemsteynstraat","Dordrecht","Dordrecht","Zuid-Holland",false,51.802031,4.680736,"material damage only","4","rain",false,1,"GM0505"
"20220100639",2022,"Letsel",3,\N,"e-bike","Eenzijdig","Rotonde",50,"Niet brandend","Daglicht","Droog",\N,\N,"Langebalkweg","Zuid-Scharwoude","Dijk en Waard","Noord-Holland",false,52.694969,4.817375,"injury","2","clear",false,1,"GM1980"
"20220084609",2022,"Uitsluitend materiele schade",2,"Personenauto","Fiets","Flank","Kruispunt, 4 takken",50,"Brandend","Duisternis",\N,\N,\N,"Tjalklaan","Rotterdam","Rotterdam","Zuid-Holland",false,51.913434,4.430495,"material damage only","4","unknown",false,1,"GM0599"
"20220091743",2022,"Uitsluitend materiele schade",1,"Fiets",\N,"Onbekend",\N,\N,\N,"Daglicht",\N,\N,\N,"Borneoplein","Groningen","Groningen","Groningen",false,53.229724,6.567286,"material damage only","4","unknown",false,1,"GM0014"
"20220093292",2022,"Letsel",2,"Snorfiets","Fiets","Flank","Kruispunt, 3 takken",50,"Niet brandend","Daglicht","Droog",\N,\N,"Auwemalaan","Leek","Westerkwartier","Groningen",false,53.166208,6.366057,"injury","2","clear",false,1,"GM1969"
"20220012956",2022,"Letsel",3,"Personenauto","e-bike","Onbekend","Kruispunt, 4 takken",50,"Brandend","Schemer","Regen","Brug/viaduct",\N,"Kerkstraat","Wormerveer","Zaanstad","Noord-Holland",false,52.497901,4.773534,"injury","2","rain",false,1,"GM0479"
"20220044713",2022,"Uitsluitend materiele schade",2,"Personenauto","Fiets","Flank","Rechte weg",30,"Niet brandend","Daglicht","Droog",\N,"600810944","Burgemeester Kuntzelaan","Barneveld","Barneveld","Gelderland",false,52.141441,5.588502,"material damage only","4","clear",false,1,"GM0203"
"20220089264",2022,"Uitsluitend materiele schade",1,"Fiets",\N,"Onbekend","Bocht",\N,"Niet aanwezig","Daglicht","Droog",\N,"600255241","Graafsebaan","Oss","Oss","Noord-Brabant",false,51.744205,5.564304,"material damage only","4","clear",false,1,"GM0828"
"20220089392",2022,"Uitsluitend materiele schade",2,"Personenauto","e-bike","Frontaal","Kruispunt, 4 takken",30,"Niet brandend","Daglicht","Droog",\N,\N,"Franklin D Rooseveltlaan","Eindhoven","Eindhoven","Noord-Brabant",false,51.470466,5.479103,"material damage only","4","clear",false,1,"GM0772"
"20220091088",2022,"Uitsluitend materiele schade",2,"Personenauto","Fiets","Flank","Kruispunt, 4 takken",50,"Niet brandend","Daglicht","Droog",\N,"600833021","Geuweg","Sittard","Sittard-Geleen","Limburg",false,50.992228,5.855162,"material damage only","4","clear",false,1,"GM1883"
"20220033649",2022,"Uitsluitend materiele schade",2,"Personenauto","Fiets","Flank","Rotonde",50,"Niet brandend","Daglicht",\N,\N,\N,"Kolbaanweg","Ermelo","Ermelo","Gelderland",false,52.306227,5.606202,"material damage only","4","unknown",false,1,"GM0233"
"20220044759",2022,"Uitsluitend materiele schade",2,"e-bike","Overig vast object","Vast voorwerp","Kruispunt, 4 takken",50,"Niet brandend","Daglicht","Droog",\N,\N,"Oldenzaalsestraat","Enschede","Enschede","Overijssel",false,52.220651,6.900085,"material damage only","4","clear",false,1,"GM0153"
"20220046447",2022,"Uitsluitend materiele schade",2,"Personenauto","Fiets","Onbekend","Kruispunt, 3 takken",50,"Niet brandend","Daglicht","Droog",\N,\N,"Eektestraat","Oldenzaal","Oldenzaal","Overijssel",false,52.302831,6.922372,"material damage only","4","clear",false,1,"GM0173"
"20220050608",2022,"Uitsluitend materiele schade",2,"Snorfiets","Fiets","Frontaal","Kruispunt, 3 takken",\N,"Niet brandend","Daglicht","Droog",\N,\N,"Koningsbeltpad","Almere","Almere","Flevoland",false,52.37266,5.281752,"material damage only","4","clear",false,1,"GM0034"
"20220058164",2022,"Letsel",2,"Personenauto","Fiets","Flank","Kruispunt, 3 takken",30,"Niet brandend","Daglicht","Droog",\N,\N,"Wezelrade","'s-Gravenhage","'s-Gravenhage","Zuid-Holland",false,52.047685,4.259688,"injury","2","clear",false,1,"GM0518"
"20220077294",2022,"Letsel",2,"Personenauto","Fiets","Flank","Kruispunt, 4 takken",\N,"Niet brandend","Daglicht","Droog",\N,\N,"Franciscusdreef","Utrecht","Utrecht","Utrecht",false,52.124755,5.09272,"injury","2","clear",false,1,"GM0344"
"20220081491",2022,"Uitsluitend materiele schade",2,"Fiets","Personenauto","Flank","Rechte weg",50,"Brandend","Duisternis","Droog",\N,"237379010","Elementenstraat","Amsterdam","Amsterdam","Noord-Holland",false,52.393363,4.852066,"material damage only","4","clear",false,1,"GM0363"
"20220091902",2022,"Uitsluitend materiele schade",1,"Fiets",\N,"Onbekend",\N,30,\N,"Daglicht",\N,\N,"466563048","Munnekeholm","Groningen","Groningen","Groningen",false,53.21554,6.561881,"material damage only","4","unknown",false,1,"GM0014"
"20220019815",2022,"Uitsluitend materiele schade",2,"Snorfiets","Fiets","Flank","Rechte weg",30,"Niet brandend","Daglicht","Droog",\N,"600573877","Vaillantlaan","'s-Gravenhage","'s-Gravenhage","Zuid-Holland",false,52.065604,4.30525,"material damage only","4","clear",false,1,"GM0518"
"20220070093",2022,"Uitsluitend materiele schade",2,"Personenauto","Fiets","Flank","Kruispunt, 3 takken",\N,"Niet brandend","Daglicht","Droog",\N,\N,"Emmastraat","Venlo","Venlo","Limburg",false,51.360262,6.164507,"material damage only","4","clear",false,1,"GM0983"
"20220081517",2022,"Letsel",2,"Bromfiets","Fiets","Frontaal","Kruispunt, 3 takken",50,"Niet brandend","Daglicht","Droog",\N,\N,"Legmeerdijk","Amstelveen","Amstelveen","Noord-Holland",false,52.289931,4.824728,"injury","2","clear",false,1,"GM0362"
"20220090630",2022,"Letsel",2,"Personenauto","Fiets","Flank","Rechte weg",50,"Niet brandend","Daglicht","Droog",\N,"358034124","Akersteenweg","Maastricht","Maastricht","Limburg",false,50.843055,5.731971,"injury","2","clear",false,1,"GM0935"
"20220046621",2022,"Letsel",2,"Personenauto","Fiets","Flank","Kruispunt, 4 takken",50,"Niet brandend","Daglicht","Droog",\N,\N,"Proosdijerveldweg","Ede","Ede","Gelderland",false,52.04604,5.651508,"injury","2","clear",false,1,"GM0228"
"20220050850",2022,"Letsel",2,"Fiets","Overig vast object","Vast voorwerp","Rechte weg",30,"Niet brandend","Daglicht","Droog",\N,"285375043","Koninginneweg","Almere","Almere","Flevoland",false,52.376451,5.210329,"injury","2","clear",false,1,"GM0034"
"20220077949",2022,"Letsel",2,"Personenauto","e-bike","Eenzijdig","Kruispunt, 3 takken",50,"Niet brandend","Daglicht","Droog",\N,\N,"Rijnstraat","Woerden","Woerden","Utrecht",false,52.08544,4.887229,"injury","2","clear",false,1,"GM0632"
"20220083868",2022,"Uitsluitend materiele schade",2,"Personenauto","Fiets","Geparkeerd voertuig","Rechte weg",30,"Brandend","Duisternis","Droog","Parkeervoorziening","600105585","Piet Heinstraat","'s-Gravenhage","'s-Gravenhage","Zuid-Holland",false,52.081039,4.296712,"material damage only","4","clear",false,1,"GM0518"
"20220013751",2022,"Uitsluitend materiele schade",2,"Personenauto","Fiets","Flank","Kruispunt, 4 takken",50,"Niet brandend","Daglicht","Droog",\N,\N,"Aletta Jacobslaan","Purmerend","Purmerend","Noord-Holland",false,52.514753,4.952288,"material damage only","4","clear",false,1,"GM0439"
"20220045103",2022,"Uitsluitend materiele schade",1,"Fiets",\N,"Onbekend",\N,\N,\N,"Daglicht",\N,\N,"374250047","St. Annastraat","Nijmegen","Nijmegen","Gelderland",false,51.81621,5.85492,"material damage only","4","unknown",false,1,"GM0268"
"20220050921",2022,"Uitsluitend materiele schade",2,"Personenauto","Fiets","Flank","Rotonde",50,"Niet brandend","Daglicht","Droog",\N,\N,"Sweder van Zuylenweg","Utrecht","Utrecht","Utrecht",false,52.109872,5.091742,"material damage only","4","clear",false,1,"GM0344"
"20220081836",2022,"Letsel",1,"Fiets",\N,"Eenzijdig","Kruispunt, 3 takken",30,"Niet brandend","Daglicht","Droog",\N,\N,"Prinses Mariannelaan","Voorburg","Leidschendam-Voorburg","Zuid-Holland",false,52.06455,4.353428,"injury","2","clear",false,1,"GM1916"
"20220029480",2022,"Letsel",2,"Personenauto","Fiets","Flank","Rotonde",50,"Brandend","Duisternis","Droog",\N,\N,"St Bonifaciuslaan","Eindhoven","Eindhoven","Noord-Brabant",false,51.423759,5.506177,"injury","2","clear",false,1,"GM0772"
"20220046787",2022,"Uitsluitend materiele schade",2,"Personenauto","Fiets","Flank","Kruispunt, 4 takken",50,"Niet brandend","Daglicht","Droog",\N,\N,"Fahrenheitstraat","Harderwijk","Harderwijk","Gelderland",true,52.3609,5.644496,"material damage only","4","clear",false,1,"GM0243"
"20220083089",2022,"Letsel",2,"Fiets","Los voorwerp","Los voorwerp","Rechte weg",50,"Brandend","Duisternis","Droog",\N,"179346062","Huis ter Duinstraat","Noordwijk","Noordwijk","Zuid-Holland",false,52.242184,4.433873,"injury","2","clear",false,1,"GM0575"
"20220104731",2022,"Uitsluitend materiele schade",2,"Snorfiets","Fiets","Flank","Kruispunt, 3 takken",30,"Niet brandend","Daglicht",\N,\N,\N,"Prins Bernhardlaan","Alphen aan den Rijn","Alphen aan den Rijn","Zuid-Holland",false,52.138967,4.656372,"material damage only","4","unknown",false,1,"GM0484"
"20220104814",2022,"Uitsluitend materiele schade",4,"Fiets","Personenauto","Onbekend","Rechte weg",50,"Niet brandend","Daglicht","Droog",\N,"600712515","Machiel Vrijenhoeklaan","'s-Gravenhage","'s-Gravenhage","Zuid-Holland",false,52.061447,4.213294,"material damage only","4","clear",false,1,"GM0518"
"20220104922",2022,"Letsel",2,"Fiets","Fiets","Onbekend","Rotonde",30,"Brandend","Duisternis","Droog",\N,\N,"Graaf Florisweg","Gouda","Gouda","Zuid-Holland",false,52.0185,4.719226,"injury","2","clear",false,1,"GM0513"
"20220104988",2022,"Letsel",1,"Fiets",\N,"Eenzijdig","Kruispunt, 4 takken",\N,"Niet brandend","Daglicht","Droog",\N,\N,"Leidseweg","Leiden","Leiden","Zuid-Holland",false,52.149971,4.463172,"injury","2","clear",false,1,"GM0546"
"20220105003",2022,"Letsel",1,"e-bike",\N,"Eenzijdig","Kruispunt, 3 takken",50,"Brandend","Duisternis","Droog",\N,\N,"Westlandseweg","Delft","Delft","Zuid-Holland",false,52.002651,4.341468,"injury","2","clear",false,1,"GM0503"
"20220023184",2022,"Letsel",2,"Personenauto","Fiets","Flank","Kruispunt, 4 takken",50,"Niet brandend","Daglicht","Droog",\N,\N,"Schenkelweg","Spijkenisse","Nissewaard","Zuid-Holland",false,51.850467,4.33427,"injury","2","clear",false,1,"GM1930"
"20220055527",2022,"Uitsluitend materiele schade",2,"Fiets","Personenauto","Flank","Kruispunt, 4 takken",50,"Niet brandend","Daglicht","Droog",\N,\N,"Valkenburgerstraat","Amsterdam","Amsterdam","Noord-Holland",false,52.36845,4.904216,"material damage only","4","clear",false,1,"GM0363"
"20220058540",2022,"Uitsluitend materiele schade",3,"Personenauto","Fiets","Onbekend","Rechte weg",30,"Niet brandend","Daglicht","Droog",\N,"156308050","Kamperfoelieplein","'s-Gravenhage","'s-Gravenhage","Zuid-Holland",false,52.0731,4.267802,"material damage only","4","clear",false,1,"GM0518"
"20220067462",2022,"Letsel",2,"Fiets","Overig vast object","Vast voorwerp","Rechte weg",30,"Niet aanwezig","Daglicht","Droog",\N,"600836158","Soemeersingel","Helenaveen","Deurne","Noord-Brabant",false,51.411148,5.90479,"injury","2","clear",false,1,"GM0762"
"20220093120",2022,"Letsel",3,"e-bike","Personenauto","Onbekend","Kruispunt, 3 takken",80,"Niet aanwezig","Daglicht","Droog",\N,\N,"Vinkegavaartweg","De Hoeve","Weststellingwerf","Friesland",false,52.884786,6.07281,"injury","2","clear",false,1,"GM0098"
"20220105157",2022,"Letsel",2,"Personenauto","Fiets","Flank","Rotonde",50,"Niet brandend","Daglicht","Droog",\N,\N,"Heulweg","Wateringen","Westland","Zuid-Holland",false,52.023194,4.273228,"injury","2","clear",false,1,"GM1783"
"20220105162",2022,"Letsel",2,"Personenauto","Fiets","Flank","Kruispunt, 4 takken",50,"Brandend","Duisternis","Droog",\N,\N,"Betje Wolffstraat","'s-Gravenhage","'s-Gravenhage","Zuid-Holland",false,52.0473,4.293045,"injury","2","clear",false,1,"GM0518"
"20220105174",2022,"Letsel",2,"Fiets","Dier","Dier","Rechte weg",15,"Niet aanwezig","Daglicht","Droog",\N,"600925110","Abraham Orteliuspad","'s-Gravenhage","'s-Gravenhage","Zuid-Holland",false,52.030492,4.254119,"injury","2","clear",false,1,"GM0518"
"20220105689",2022,"Letsel",1,"Fiets",\N,"Eenzijdig","Rechte weg",\N,"Niet brandend","Daglicht","Regen",\N,"179294138","Oostlandpad","Pijnacker","Pijnacker-Nootdorp","Zuid-Holland",false,52.007724,4.440838,"injury","2","rain",false,1,"GM1926"
"20220094844",2022,"Uitsluitend materiele schade",2,"Personenauto","Fiets","Flank","Kruispunt, 3 takken",30,"Niet brandend","Daglicht","Droog",\N,\N,"Burgemeester Kuntzelaan","Barneveld","Barneveld","Gelderland",false,52.141342,5.588636,"material damage only","4","clear",false,1,"GM0203"
"20220045505",2022,"Letsel",2,"Fiets","Fiets","Kop/staart","Rechte weg",50,"Niet brandend","Daglicht","Droog",\N,"340309017","Klomperweg","Lunteren","Ede","Gelderland",false,52.080382,5.611788,"injury","2","clear",false,1,"GM0228"
"20220052936",2022,"Letsel",2,"Personenauto","Fiets","Flank","Rechte weg",50,"Niet brandend","Daglicht","Droog",\N,"210398059","Meester van Lingenlaan","Beverwijk","Beverwijk","Noord-Holland",false,52.480361,4.654029,"injury","2","clear",false,1,"GM0375"
"20220068911",2022,"Uitsluitend materiele schade",2,"Personenauto","Fiets","Onbekend","Rechte weg",50,"Brandend","Duisternis","Droog",\N,"374065042","Rijksweg Zuid","Sittard","Sittard-Geleen","Limburg",false,50.985135,5.849752,"material damage only","4","clear",false,1,"GM1883"
"20220081273",2022,"Letsel",2,"Personenauto","Fiets","Flank","Kruispunt, 4 takken",50,"Niet brandend","Schemer","Droog",\N,\N,"Baden Powellweg","Amsterdam","Amsterdam","Noord-Holland",false,52.356315,4.790974,"injury","2","clear",false,1,"GM0363"