"accident_id","year","severity_raw","party_count","party1_type","party2_type","accident_type","road_situation","speed_limit_kmh","road_lighting","light_condition_label","weather_raw","infra_type","road_segment_id","street_name","place_name","gemeente_name_raw","province","alcohol_indicated","latitude","longitude","severity_label","severity_code","weather_label","built_up_area","cyclists_involved","gemeente_code"
"20220162481",2022,"Letsel",2,"Fiets","Bestelauto","Flank","Kruispunt, 3 takken",50,"Niet brandend","Daglicht","Droog",\N,\N,"Boterdiep","Groningen","Groningen","Groningen",false,53.226115,6.561848,"injury","2","clear",false,1,"GM0014"
"20220178322",2022,"Letsel",3,"e-bike","e-bike","Onbekend","Rechte weg",\N,"Niet brandend","Daglicht","Droog",\N,"600969859","Gooilandseweg","Weesp","Amsterdam","Noord-Holland",false,52.30219,5.03131,"injury","2","clear",false,1,"GM0363"
"20220188259",2022,"Uitsluitend materiele schade",2,"Fiets","Fiets","Onbekend","Rechte weg",50,"Brandend","Duisternis",\N,\N,"600511516","Geldropseweg","Eindhoven","Eindhoven","Noord-Brabant",false,51.428506,5.520509,"material damage only","4","unknown",false,1,"GM0772"
"20220188264",2022,"Uitsluitend materiele schade",2,"Personenauto","Fiets","Flank","Rotonde",50,"Niet brandend","Daglicht","Droog",\N,\N,"Meerhovendreef","Eindhoven","Eindhoven","Noord-Brabant",false,51.435008,5.393826,"material damage only","4","clear",false,1,"GM0772"
"20220119148",2022,"Uitsluitend materiele schade",2,"Fiets","Fiets","Onbekend","Rechte weg",30,"Brandend","Duisternis","Droog",\N,"600836347","Nieuwe Plein","Arnhem","Arnhem","Gelderland",false,51.983222,5.90316,"material damage only","4","clear",false,1,"GM0202"
"20220126659",2022,"Letsel",1,"Fiets",\N,"Eenzijdig","Rechte weg",\N,"Niet brandend","Schemer","Droog","Brug/viaduct","600740472","Weteringpad","Alphen aan den Rijn","Alphen aan den Rijn","Zuid-Holland",false,52.121159,4.633597,"injury","2","clear",false,1,"GM0484"
"20220156005",2022,"Letsel",1,"e-bike",\N,"Eenzijdig","Kruispunt, 4 takken",\N,"Niet brandend","Daglicht","Droog",\N,\N,"Noord-Lierweg","De Lier","Westland","Zuid-Holland",false,51.987384,4.246802,"injury","2","clear",false,1,"GM1783"
"20220177086",2022,"Uitsluitend materiele schade",2,"Personenauto","Fiets","Onbekend","Kruispunt, 4 takken",50,"Niet brandend","Daglicht","Droog",\N,\N,"Piet Heinkade","Amsterdam","Amsterdam","Noord-Holland",false,52.376799,4.918466,"material damage only","4","clear",false,1,"GM0363"
"20220177744",2022,"Uitsluitend materiele schade",2,"Personenauto","Fiets","Flank","Kruispunt, 3 takken",50,"Niet brandend","Daglicht","Droog",\N,\N,"De Ruijterkade","Amsterdam","Amsterdam","Noord-Holland",false,52.378155,4.905166,"material damage only","4","clear",false,1,"GM0363"
"20220195269",2022,"Letsel",2,"Personenauto","Fiets","Flank","Kruispunt, 3 takken",50,"Niet brandend","Daglicht","Droog",\N,\N,"Rijssensestraat","Nijverdal","Hellendoorn","Overijssel",false,52.360134,6.462281,"injury","2","clear",false,1,"GM0163"
"20220121857",2022,"Uitsluitend materiele schade",2,"Bestelauto","e-bike","Flank","Kruispunt, 4 takken",50,"Niet brandend","Daglicht",\N,\N,\N,"Frankestraat","Haarlem","Haarlem","Noord-Holland",false,52.378794,4.63448,"material damage only","4","unknown",false,1,"GM0392"
"20220124459",2022,"Letsel",2,"Fiets","Fiets","Frontaal","Rechte weg",30,"Brandend","Duisternis","Droog",\N,\N,"Nieuwe Beestenmarkt","Leiden","Leiden","Zuid-Holland",false,52.163732,4.486191,"injury","2","clear",false,1,"GM0546"
"20220124496",2022,"Letsel",2,"Personenauto","Fiets","Flank","Rechte weg",50,"Niet brandend","Daglicht","Droog",\N,"600759395","Buiten de Veerpoort","Schoonhoven","Krimpenerwaard","Zuid-Holland",false,51.942947,4.854204,"injury","2","clear",false,1,"GM1931"
"20220134940",2022,"Letsel",2,"Personenauto","Fiets","Flank","Kruispunt, 4 takken",30,"Niet brandend","Daglicht","Droog",\N,\N,"Talmastraat","Assen","Assen","Drenthe",false,53.002389,6.54873,"injury","2","clear",false,1,"GM0106"
"20220145708",2022,"Uitsluitend materiele schade",2,"Personenauto","e-bike","Flank","Rotonde",50,"Niet brandend","Daglicht","Droog",\N,\N,"Jasonweg","Rotterdam","Rotterdam","Zuid-Holland",false,51.966963,4.486589,"material damage only","4","clear",false,1,"GM0599"
"20220154888",2022,"Uitsluitend materiele schade",3,"Personenauto","Fiets","Flank","Kruispunt, 3 takken",50,"Niet brandend","Daglicht","Droog",\N,\N,"Zeeweg","Overveen","Bloemendaal","Noord-Holland",false,52.394736,4.593838,"material damage only","4","clear",false,1,"GM0377"
"20220174750",2022,"Letsel",2,"Personenauto","Fiets","Frontaal","Kruispunt, 4 takken",30,"Niet brandend","Daglicht","Droog",\N,\N,"Zonnegloren","Heerhugowaard","Dijk en Waard","Noord-Holland",false,52.647652,4.804565,"injury","2","clear",false,1,"GM1980"
"20220178495",2022,"Uitsluitend materiele schade",2,"Bromfiets","Fiets","Flank","Kruispunt, 4 takken",50,"Niet brandend","Daglicht","Droog",\N,\N,"Lindelaan","Delft","Delft","Zuid-Holland",false,52.016672,4.364671,"material damage only","4","clear",false,1,"GM0503"
"20220114959",2022,"Uitsluitend materiele schade",2,"Personenauto","Fiets","Flank","Rechte weg",30,"Niet aanwezig","Daglicht","Droog",\N,"600871070","Bedumerstraat","Groningen","Groningen","Groningen",false,53.231849,6.561798,"material damage only","4","clear",false,1,"GM0014"
"20220136030",2022,"Letsel",2,"Fiets","Fiets","Geparkeerd voertuig","Rechte weg",30,"Niet brandend","Daglicht","Droog","Parkeervoorziening",\N,"Hoofdstraat","Zetten","Overbetuwe","Gelderland",false,51.930615,5.711637,"injury","2","clear",false,1,"GM1734"
"20220149451",2022,"Letsel",3,"Personenauto","Fiets","Los voorwerp","Rotonde",50,"Niet brandend","Schemer","Droog",\N,\N,"Energielaan","Uden","Maashorst","Noord-Brabant",false,51.654856,5.642292,"injury","2","clear",false,1,"GM1991"
"20220160168",2022,"Uitsluitend materiele schade",2,"Personenauto","e-bike","Flank","Kruispunt, 4 takken",50,"Niet brandend","Daglicht","Droog",\N,\N,"Willem de Rijkelaan","Eindhoven","Eindhoven","Noord-Brabant",false,51.435977,5.461878,"material damage only","4","clear",false,1,"GM0772"
"20220116537",2022,"Uitsluitend materiele schade",3,"Bestelauto","Fiets","Flank","Kruispunt, 4 takken",50,"Niet brandend","Daglicht","Droog",\N,\N,"Botnischestraat","Zutphen","Zutphen","Gelderland",false,52.154645,6.197898,"material damage only","4","clear",false,1,"GM0301"
"20220128339",2022,"Uitsluitend materiele schade",2,"Personenauto","Fiets","Flank","Kruispunt, 3 takken",50,"Niet brandend","Daglicht","Droog",\N,\N,"Wieling","Hardinxveld-Giessendam","Hardinxveld-Giessendam","Zuid-Holland",false,51.824637,4.834928,"material damage only","4","clear",false,1,"GM0523"
"20220137091",2022,"Letsel",2,"Personenauto","Fiets","Flank","Rotonde",80,"Niet brandend","Daglicht","Droog",\N,\N,"FIETSPAD","Huissen","Lingewaard","Gelderland",false,51.948162,5.934083,"injury","2","clear",false,1,"GM1705"
"20220142218",2022,"Uitsluitend materiele schade",2,"Personenauto","e-bike","Flank","Kruispunt, 3 takken",50,"Niet brandend","Daglicht","Droog",\N,\N,"De Boelelaan","Amsterdam","Amsterdam","Noord-Holland",false,52.334753,4.884567,"material damage only","4","clear",false,1,"GM0363"
"20220142220",2022,"Uitsluitend materiele schade",2,"e-bike","Fiets","Frontaal","Kruispunt, 3 takken",30,"Niet brandend","Daglicht","Droog",\N,\N,"FIETSPAD","Ouderkerk aan de Amstel","Ouder-Amstel","Noord-Holland",false,52.320764,4.914649,"material damage only","4","clear",false,1,"GM0437"
"20220151911",2022,"Letsel",2,"Personenauto","Fiets","Flank","Rechte weg",50,"Niet brandend","Daglicht","Droog",\N,"392579010","Doniawei","Damwâld","Dantumadiel","Friesland",false,53.290583,6.004421,"injury","2","clear",false,1,"GM1891"
"20220152942",2022,"Letsel",2,"Landbouwvoertuig","Fiets","Frontaal","Rechte weg",60,"Niet brandend","Daglicht","Droog",\N,"600704597","Achterstraat","Heteren","Overbetuwe","Gelderland",false,51.953255,5.757427,"injury","2","clear",false,1,"GM1734"
"20220174892",2022,"Letsel",3,"Personenauto","Fiets","Flank","Kruispunt, 4 takken",70,"Niet brandend","Daglicht","Droog",\N,\N,"Schipholdijk","Schiphol","Haarlemmermeer","Noord-Holland",false,52.306359,4.809299,"injury","2","clear",false,1,"GM0394"
"20220177937",2022,"Uitsluitend materiele schade",2,"Fiets","Voetganger","Voetganger","Rechte weg",30,"Niet brandend","Daglicht","Droog",\N,"600411784","Leidseplein","Amsterdam","Amsterdam","Noord-Holland",false,52.363632,4.88185,"material damage only","4","clear",false,1,"GM0363"
"20220179206",2022,"Letsel",2,"Fiets","Fiets","Onbekend","Rechte weg",15,"Niet brandend","Daglicht","Droog",\N,"196349136","Heereweg","Lisse","Lisse","Zuid-Holland",false,52.259111,4.553641,"injury","2","clear",false,1,"GM0553"
"20220198226",2022,"Letsel",2,"Personenauto","Fiets","Flank","Kruispunt, 4 takken",50,"Niet brandend","Daglicht","Droog",\N,\N,"Hogelandsingel","Enschede","Enschede","Overijssel",false,52.215158,6.909712,"injury","2","clear",false,1,"GM0153"
"20220115146",2022,"Uitsluitend materiele schade",3,"Bromfiets","Fiets","Kop/staart","Rechte weg",50,"Niet brandend","Daglicht","Droog",\N,"600408582","Roderweg","Roden","Noordenveld","Drenthe",false,53.134656,6.415475,"material damage only","4","clear",false,1,"GM1699"
"20220122189",2022,"Letsel",3,"Bestelauto","e-bike","Onbekend","Rechte weg",50,"Niet brandend","Daglicht","Droog",\N,"600760663","Rijdersstraat","'t Veld","Hollands Kroon","Noord-Holland",false,52.736381,4.852662,"injury","2","clear",false,1,"GM1911"
"20220123465",2022,"Uitsluitend materiele schade",3,"Bestelauto","Fiets","Onbekend","Kruispunt, 4 takken",30,"Niet brandend","Daglicht","Droog",\N,\N,"Van Kinsbergenstraat","Amsterdam","Amsterdam","Noord-Holland",false,52.368757,4.860403,"material damage only","4","clear",false,1,"GM0363"
"20220138032",2022,"Uitsluitend materiele schade",2,"Fiets","Personenauto","Flank","Kruispunt, 3 takken",30,"Niet brandend","Daglicht","Droog",\N,\N,"Javalaan","Baarn","Baarn","Utrecht",false,52.208839,5.291217,"material damage only","4","clear",false,1,"GM0308"
"20220150824",2022,"Letsel",2,"e-bike","Scootmobiel","Flank","Rechte weg",30,"Niet aanwezig","Daglicht","Droog",\N,"353032022","Hoge Kanaaldijk","Maastricht","Maastricht","Limburg",false,50.837509,5.695248,"injury","2","clear",false,1,"GM0935"
"20220158708",2022,"Letsel",2,"Fiets",\N,"Eenzijdig","Rechte weg",\N,"Brandend","Duisternis","Droog",\N,\N,"Singel","Vlissingen","Vlissingen","Zeeland",false,51.447597,3.566018,"injury","2","clear",false,1,"GM0718"
"20220179322",2022,"Letsel",1,"Fiets",\N,"Eenzijdig","Bocht",30,"Niet aanwezig","Daglicht","Droog",\N,"225300001","Oukoopsedijk","Reeuwijk","Bodegraven-Reeuwijk","Zuid-Holland",false,52.03608,4.771765,"injury","2","clear",false,1,"GM1901"
"20220198628",2022,"Letsel",2,"Personenauto","e-bike","Flank","Kruispunt, 4 takken",50,"Niet brandend","Daglicht","Droog",\N,\N,"Fazantstraat","Enschede","Enschede","Overijssel",false,52.237796,6.891482,"injury","2","clear",false,1,"GM0153"
"20220198706",2022,"Uitsluitend materiele schade",2,"Bromfiets","Fiets","Flank","Kruispunt, 3 takken",\N,"Brandend","Duisternis","Droog",\N,\N,"Dotterlaan","Arnhem","Arnhem","Gelderland",false,51.966995,5.904568,"material damage only","4","clear",false,1,"GM0202"
"20220120924",2022,"Uitsluitend materiele schade",3,"Personenauto","Fiets","Onbekend","Kruispunt, 4 takken",50,"Niet brandend","Daglicht","Droog",\N,\N,"Groen van Prinsterersngl","Bunschoten-Spakenburg","Bunschoten","Utrecht",false,52.252625,5.372873,"material damage only","4","clear",false,1,"GM0313"
"20220142305",2022,"Letsel",3,"Bestelauto","Fiets","Flank","Rechte weg",50,"Niet brandend","Daglicht","Droog","Tunnel","253376049","Durgerdammerdijk","Amsterdam","Amsterdam","Noord-Holland",false,52.379893,4.973547,"injury","2","clear",false,1,"GM0363"
"20220150943",2022,"Letsel",1,"Fiets",\N,"Eenzijdig","Bocht",30,"Niet brandend","Daglicht","Droog",\N,"388055042","Fazantlaan","Brunssum","Brunssum","Limburg",false,50.940395,5.948113,"injury","2","clear",false,1,"GM0899"
"20220150960",2022,"Uitsluitend materiele schade",2,"Personenauto","Fiets","Frontaal","Rechte weg",50,"Niet brandend","Daglicht","Droog",\N,"381062008","Provincialeweg Noord","Doenrade","Beekdaelen","Limburg",false,50.965945,5.898716,"material damage only","4","clear",false,1,"GM1954"
"20220156478",2022,"Letsel",1,"Fiets",\N,"Eenzijdig","Rechte weg",\N,"Niet brandend","Daglicht","Droog",\N,"601015768","Bezuidenhoutseweg","'s-Gravenhage","'s-Gravenhage","Zuid-Holland",false,52.097593,4.355701,"injury","2","clear",false,1,"GM0518"
"20220157505",2022,"Letsel",3,"Fiets","Bestelauto","Flank","Rechte weg",50,"Niet brandend","Daglicht","Droog",\N,"225262006","Dorpsstraat","Bleskensgraaf ca","Molenlanden","Zuid-Holland",false,51.869978,4.775788,"injury","2","clear",false,1,"GM1978"
"20220162856",2022,"Uitsluitend materiele schade",2,"Snorfiets","Fiets","Frontaal","Bocht",50,"Niet brandend","Daglicht","Droog",\N,"600676969","Elspeterweg","Nunspeet","Nunspeet","Gelderland",false,52.36603,5.784297,"material damage only","4","clear",false,1,"GM0302"
"20220167437",2022,"Uitsluitend materiele schade",2,"Bromfiets","Fiets","Frontaal","Rechte weg",\N,"Niet brandend","Daglicht","Droog",\N,"600868122","Jan Oalbertspad","Rijssen","Rijssen-Holten","Overijssel",false,52.305756,6.494502,"material damage only","4","clear",false,1,"GM1742"
"20220178793",2022,"Letsel",2,"Personenauto","Fiets","Flank","Rechte weg",50,"Brandend","Schemer","Regen",\N,"600714851","Houtrustweg","'s-Gravenhage","'s-Gravenhage","Zuid-Holland",false,52.088679,4.268015,"injury","2","rain",false,1,"GM0518"
"20220197320",2022,"Uitsluitend materiele schade",2,"Personenauto","Fiets","Flank","Kruispunt, 4 takken",50,"Brandend","Duisternis","Droog",\N,\N,"Heyendaal","Ede","Ede","Gelderland",false,52.040789,5.643674,"material damage only","4","clear",false,1,"GM0228"
"20220142392",2022,"Uitsluitend materiele schade",2,"Snorfiets","Fiets","Flank","Kruispunt, 4 takken",\N,"Niet brandend","Daglicht","Droog",\N,\N,"Borchlandweg","Amsterdam-Duivendrecht","Ouder-Amstel","Noord-Holland",false,52.317121,4.931948,"material damage only","4","clear",false,1,"GM0437"
"20220149693",2022,"Letsel",3,"Fiets","Fiets","Onbekend","Rechte weg",50,"Niet aanwezig","Daglicht","Droog",\N,"600608146","FIETSPAD","Hedikhuizen","Heusden","Noord-Brabant",false,51.741797,5.176522,"injury","2","clear",false,1,"GM0797"
"20220152215",2022,"Letsel",3,"Personenauto","Fiets","Los voorwerp","Rechte weg",30,"Niet aanwezig","Daglicht","Droog",\N,"508602001","Hoogwatum","Bierum","Eemsdelta","Groningen",false,53.39131,6.877675,"injury","2","clear",false,1,"GM1979"
"20220163538",2022,"Letsel",1,"Fiets",\N,"Eenzijdig","Rechte weg",60,"Niet brandend","Daglicht","Droog",\N,"427375001","Haansweg","Raalte","Raalte","Overijssel",false,52.375174,6.247112,"injury","2","clear",false,1,"GM0177"
"20220169954",2022,"Letsel",2,"Snorfiets","Fiets","Flank","Bocht",50,"Niet brandend","Daglicht","Droog",\N,"600850654","Ringbaan-Zuid","Zevenaar","Zevenaar","Gelderland",false,51.924699,6.06435,"injury","2","clear",false,1,"GM0299"
"20220179413",2022,"Letsel",1,"Fiets",\N,"Eenzijdig","Rechte weg",50,"Brandend","Duisternis","Droog",\N,"155309058","Goudenregenstraat","'s-Gravenhage","'s-Gravenhage","Zuid-Holland",false,52.077523,4.263004,"injury","2","clear",false,1,"GM0518"
"20220179448",2022,"Letsel",2,"Personenauto","Fiets","Flank","Rotonde",\N,"Niet brandend","Daglicht","Droog",\N,\N,"Zwaardslootseweg","Zoetermeer","Zoetermeer","Zuid-Holland",false,52.065228,4.490173,"injury","2","clear",false,1,"GM0637"
"20220186351",2022,"Uitsluitend materiele schade",2,"Personenauto","Fiets","Flank","Rotonde",50,"Niet brandend","Daglicht","Droog",\N,\N,"Beljaartlaan","Dongen","Dongen","Noord-Brabant",false,51.638865,4.944021,"material damage only","4","clear",false,1,"GM0766"
"20220196003",2022,"Uitsluitend materiele schade",2,"Personenauto","Fiets","Onbekend","Rotonde",50,"Niet brandend","Daglicht","Droog",\N,\N,"Meppelerstraatweg","Zwolle","Zwolle","Overijssel",false,52.518731,6.109825,"material damage only","4","clear",false,1,"GM0193"
"20220117118",2022,"Uitsluitend materiele schade",2,"Bestelauto","Fiets","Flank","Kruispunt, 4 takken",60,"Niet brandend","Daglicht","Droog",\N,\N,"Oude Beekseweg","Didam","Montferland","Gelderland",false,51.935253,6.139997,"material damage only","4","clear",false,1,"GM1955"
"20220119561",2022,"Uitsluitend materiele schade",2,"Fiets","Personenauto","Flank","Kruispunt, 4 takken",50,"Niet brandend","Daglicht","Droog",\N,\N,"MARTEN TOONDERBRUG","Almere","Almere","Flevoland",false,52.401237,5.313268,"material damage only","4","clear",false,1,"GM0034"
"20220134081",2022,"Uitsluitend materiele schade",2,"Snorfiets","Fiets","Frontaal","Bocht",30,"Niet brandend","Daglicht","Droog",\N,"600175710","Sluiskade","Groningen","Groningen","Groningen",false,53.213674,6.558606,"material damage only","4","clear",false,1,"GM0014"
"20220134106",2022,"Letsel",2,"Fiets","Snorfiets","Frontaal","Rechte weg",60,"Niet aanwezig","Daglicht","Droog",\N,"600992661","Opgong","Ureterp","Opsterland","Friesland",false,53.096358,6.143561,"injury","2","clear",false,1,"GM0086"
"20220141054",2022,"Letsel",1,"Fiets",\N,"Eenzijdig","Kruispunt, 4 takken",50,"Niet brandend","Daglicht","Droog",\N,\N,"Kanaalkade","Alkmaar","Alkmaar","Noord-Holland",false,52.635442,4.745551,"injury","2","clear",false,1,"GM0361"
"20220142472",2022,"Letsel",2,"Bromfiets","Fiets","Kop/staart","Rechte weg",30,"Niet brandend","Daglicht","Droog",\N,"237371148","Amstelveenseweg","Amsterdam","Amsterdam","Noord-Holland",false,52.355602,4.855067,"injury","2","clear",false,1,"GM0363"
"20220149770",2022,"Letsel",3,"Bestelauto","Fiets","Flank","Kruispunt, 4 takken",30,"Niet brandend","Daglicht","Droog",\N,\N,"Bart de Ligtstraat","Nuenen","Nuenen, Gerwen en Nederwetten","Noord-Brabant",false,51.473769,5.55536,"injury","2","clear",false,1,"GM0820"
"20220153148",2022,"Uitsluitend materiele schade",2,"Personenauto","Fiets","Flank","Kruispunt, 4 takken",80,"Niet aanwezig","Daglicht","Droog",\N,\N,"Schelmseweg","Arnhem","Arnhem","Gelderland",false,52.005577,5.893455,"material damage only","4","clear",false,1,"GM0202"
"20220156649",2022,"Letsel",1,"Fiets",\N,"Eenzijdig","Rechte weg",\N,\N,"Daglicht",\N,\N,"178296021","Noordweg","Pijnacker","Pijnacker-Nootdorp","Zuid-Holland",false,52.020395,4.428575,"injury","2","unknown",false,1,"GM1926"
"20220167738",2022,"Letsel",2,"Personenauto","Fiets","Onbekend",\N,30,\N,"Daglicht",\N,\N,"466360009","Graaf Ottostraat","Rijssen","Rijssen-Holten","Overijssel",false,52.304387,6.532349,"injury","2","unknown",false,1,"GM1742"
"20220173817",2022,"Letsel",2,"Personenauto","Fiets","Onbekend","Rechte weg",50,"Niet aanwezig","Duisternis","Droog",\N,"201380003","Zeeweg","Overveen","Bloemendaal","Noord-Holland",false,52.395631,4.592405,"injury","2","clear",false,1,"GM0377"
"20220121119",2022,"Letsel",1,"Fiets",\N,"Eenzijdig",\N,\N,\N,"Daglicht",\N,\N,\N,"Diependaalselaan","Hilversum","Hilversum","Noord-Holland",false,52.211516,5.17122,"injury","2","unknown",false,1,"GM0402"
"20220135416",2022,"Letsel",2,"Personenauto","Fiets","Onbekend","Kruispunt, 3 takken",60,"Niet brandend","Daglicht",\N,\N,\N,"Kerkstraat","Driel","Overbetuwe","Gelderland",false,51.963334,5.811829,"injury","2","unknown",false,1,"GM1734"
"20220136427",2022,"Uitsluitend materiele schade",2,"Personenauto","Fiets","Flank","Kruispunt, 4 takken",30,"Niet brandend","Daglicht","Droog",\N,\N,"Cellesbroeksweg","Kampen","Kampen","Overijssel",false,52.549082,5.907278,"material damage only","4","clear",false,1,"GM0166"
"20220138331",2022,"Uitsluitend materiele schade",2,"Motor","Fiets","Flank","Rechte weg",30,"Niet brandend","Daglicht","Droog","Brug/viaduct","258335011","Zandpad","Nieuwersluis","Stichtse Vecht","Utrecht",false,52.196087,5.008729,"material damage only","4","clear",false,1,"GM1904"
"20220143975",2022,"Letsel",2,"Fiets","Personenauto","Flank","Kruispunt, 4 takken",30,\N,"Daglicht","Droog",\N,\N,"RYKSWG","Lisse","Lisse","Zuid-Holland",false,52.223713,4.551313,"injury","2","clear",false,1,"GM0553"
"20220156713",2022,"Letsel",2,"Fiets","Fiets","Onbekend","Rechte weg",50,"Brandend","Duisternis","Droog",\N,"600909445","Jupiter","Honselersdijk","Westland","Zuid-Holland",false,51.992964,4.236132,"injury","2","clear",false,1,"GM1783"
"20220157707",2022,"Letsel",1,"e-bike",\N,"Eenzijdig","Bocht",\N,"Niet aanwezig","Daglicht","Droog",\N,"600709331","Middelduinpad","Ouddorp","Goeree-Overflakkee","Zuid-Holland",false,51.837282,3.972625,"injury","2","clear",false,1,"GM1924"
"20220169074",2022,"Letsel",2,"Personenauto","e-bike","Flank","Kruispunt, 3 takken",50,"Niet brandend","Daglicht","Droog",\N,\N,"Stationsstraat","Twello","Voorst","Gelderland",false,52.24066,6.09934,"injury","2","clear",false,1,"GM0285"
"20220188750",2022,"Uitsluitend materiele schade",2,"Fiets","Scootmobiel","Frontaal","Bocht",30,"Niet brandend","Daglicht","Droog",\N,"600895801","Vonderweg","Eindhoven","Eindhoven","Noord-Brabant",false,51.441005,5.468887,"material damage only","4","clear",false,1,"GM0772"
"20220190746",2022,"Uitsluitend materiele schade",2,"Bestelauto","Fiets","Flank","Rotonde",50,"Niet brandend","Daglicht","Droog",\N,\N,"Nobellaan","Maastricht","Maastricht","Limburg",false,50.85535,5.666018,"material damage only","4","clear",false,1,"GM0935"
"20220118825",2022,"Uitsluitend materiele schade",2,"Personenauto","Fiets","Onbekend","Rechte weg",50,"Niet brandend","Daglicht","Droog",\N,"600876989","Vriezenveenseweg","Almelo","Almelo","Overijssel",false,52.375826,6.665472,"material damage only","4","clear",false,1,"GM0141"
"20220123929",2022,"Uitsluitend materiele schade",2,"Bromfiets","Fiets","Flank","Kruispunt, 3 takken",30,"Niet brandend","Daglicht","Droog",\N,\N,"Tweede Helmersstraat","Amsterdam","Amsterdam","Noord-Holland",false,52.364659,4.877219,"material damage only","4","clear",false,1,"GM0363"
"20220134246",2022,"Letsel",2,"Personenauto","Fiets","Flank","Kruispunt, 4 takken",70,"Niet brandend","Daglicht","Droog",\N,\N,"FIETSPAD","Wommels","Súdwest-Fryslân","Friesland",false,53.1244,5.593619,"injury","2","clear",false,1,"GM1900"
"20220139665",2022,"Letsel",1,"e-bike",\N,"Eenzijdig","Rechte weg",60,"Niet brandend","Daglicht","Droog",\N,"600755371","Oude Dijkje","De Koog","Texel","Noord-Holland",false,53.092297,4.78838,"injury","2","clear",false,1,"GM0448"
"20220152341",2022,"Uitsluitend materiele schade",2,"Snorfiets","Fiets","Onbekend",\N,30,\N,"Daglicht",\N,\N,\N,"Schaaksport","Groningen","Groningen","Groningen",false,53.191822,6.557862,"material damage only","4","unknown",false,1,"GM0014"
"20220153241",2022,"Letsel",2,"Personenauto","e-bike","Flank","Kruispunt, 3 takken",30,"Niet brandend","Daglicht","Droog",\N,\N,"Burg van Engelenweg","IJsselmuiden","Kampen","Overijssel",false,52.56281,5.93058,"injury","2","clear",false,1,"GM0166"
"20220155382",2022,"Letsel",2,"Fiets","Fiets","Flank","Rechte weg",\N,"Niet brandend","Daglicht","Droog",\N,"240371091","Vondelpark","Amsterdam","Amsterdam","Noord-Holland",false,52.360681,4.877018,"injury","2","clear",false,1,"GM0363"
"20220160554",2022,"Letsel",1,"Fiets",\N,"Eenzijdig",\N,\N,\N,"Daglicht",\N,\N,"600842952","Parallelweg","Jabeek","Beekdaelen","Limburg",false,50.976466,5.965356,"injury","2","unknown",false,1,"GM1954"
"20220162061",2022,"Letsel",2,"Personenauto","Fiets","Flank","Kruispunt, 3 takken",30,"Niet brandend","Daglicht","Regen",\N,\N,"Dellewal","West-Terschelling","Terschelling","Friesland",false,53.366,5.22351,"injury","2","rain",false,1,"GM0093"
"20220172780",2022,"Uitsluitend materiele schade",2,"Personenauto","Fiets","Flank","Kruispunt, 4 takken",30,"Niet brandend","Daglicht","Droog",\N,\N,"Berkenweg","Doorn","Utrechtse Heuvelrug","Utrecht",false,52.037005,5.335611,"material damage only","4","clear",false,1,"GM1581"
"20220172795",2022,"Letsel",2,"Bromfiets","Fiets","Flank","Kruispunt, 4 takken",60,"Niet brandend","Daglicht","Droog",\N,\N,"Gooyerdijk","Langbroek","Wijk bij Duurstede","Utrecht",false,52.020692,5.338092,"injury","2","clear",false,1,"GM0352"
"20220189982",2022,"Uitsluitend materiele schade",2,"Personenauto","e-bike","Flank","Kruispunt, 4 takken",30,"Niet brandend","Daglicht","Droog",\N,\N,"Nassaustraat","Kerkrade","Kerkrade","Limburg",false,50.872986,6.06567,"material damage only","4","clear",false,1,"GM0928"
"20220190014",2022,"Uitsluitend materiele schade",2,"e-bike","Personenauto","Flank","Kruispunt, 4 takken",80,"Niet brandend","Daglicht","Droog",\N,\N,"Provincialeweg Noord","Doenrade","Beekdaelen","Limburg",false,50.967232,5.8972,"material damage only","4","clear",false,1,"GM1954"
"20220190020",2022,"Uitsluitend materiele schade",1,"Fiets",\N,"Flank","Rotonde",50,"Niet brandend","Daglicht","Droog",\N,\N,"Rimburgerweg","Brunssum","Brunssum","Limburg",false,50.940456,5.986404,"material damage only","4","clear",false,1,"GM0899"
"20220144098",2022,"Letsel",2,"Fiets","Fiets","Flank","Rechte weg",\N,"Niet aanwezig","Duisternis","Droog",\N,"600727244","Zwetpad","Leidschendam","Leidschendam-Voorburg","Zuid-Holland",false,52.125968,4.465015,"injury","2","clear",false,1,"GM1916"
"20220144103",2022,"Uitsluitend materiele schade",2,"Bromfiets","e-bike","Kop/staart","Rechte weg",30,"Niet brandend","Daglicht","Droog",\N,"600503171","Burgemeester Elsenlaan","Rijswijk","Rijswijk","Zuid-Holland",false,52.054524,4.326251,"material damage only","4","clear",false,1,\N
"20220145314",2022,"Letsel",2,"Fiets","Fiets","Onbekend","Rechte weg",50,"Brandend","Duisternis","Droog",\N,\N,"Benvenutolaan","Voorschoten","Voorschoten","Zuid-Holland",false,52.133235,4.46118,"injury","2","clear",false,1,"GM0626"
"20220146156",2022,"Letsel",2,"Snorfiets","Fiets","Flank","Kruispunt, 4 takken",\N,"Niet brandend","Daglicht","Droog",\N,\N,"Maasstraat","Barendrecht","Barendrecht","Zuid-Holland",false,51.855623,4.54045,"injury","2","clear",false,1,"GM0489"
"20220147213",2022,"Letsel",2,"Fiets","Fiets","Frontaal","Rechte weg",60,"Niet brandend","Daglicht","Droog",\N,"600496169","Leursebaan","Breda","Breda","Noord-Brabant",false,51.587401,4.729809,"injury","2","clear",false,1,"GM0758"
"20220160635",2022,"Uitsluitend materiele schade",1,"e-bike",\N,"Onbekend","Bocht",50,"Niet brandend","Daglicht","Droog",\N,"600829324","Sibberweg","Berg en Terblijt","Valkenburg aan de Geul","Limburg",false,50.854142,5.812267,"material damage only","4","clear",false,1,"GM0994"