"accident_id","year","severity_raw","party_count","party1_type","party2_type","accident_type","road_situation","speed_limit_kmh","road_lighting","light_condition_label","weather_raw","infra_type","road_segment_id","street_name","place_name","gemeente_name_raw","province","alcohol_indicated","latitude","longitude","severity_label","severity_code","weather_label","built_up_area","cyclists_involved","gemeente_code"
"20240075234",2024,"Letsel",1,"Fiets",\N,"Eenzijdig","Kruispunt, 3 takken",60,"Niet brandend","Daglicht","Droog",\N,\N,"FIETSPAD","Winterswijk","Winterswijk","Gelderland",false,51.991082,6.71843,"injury","2","clear",false,1,"GM0294"
"20240086456",2024,"Uitsluitend materiele schade",2,"Fiets","Voetganger","Voetganger","Rechte weg",50,"Niet brandend","Daglicht","Droog",\N,"600601388","FIETSPAD","Hoofddorp","Haarlemmermeer","Noord-Holland",false,52.299363,4.646113,"material damage only","4","clear",false,1,"GM0394"
"20240097070",2024,"Letsel",2,"Fiets","Fiets","Frontaal","Rechte weg",50,"Niet aanwezig","Daglicht","Droog",\N,"290377004","Von Draispad","Almere","Almere","Flevoland",false,52.385732,5.24288,"injury","2","clear",false,1,"GM0034"
"20240099217",2024,"Letsel",2,"Motor","Fiets","Flank","Rechte weg",30,"Niet brandend","Daglicht","Droog",\N,\N,"Kinkerstraat","Amsterdam","Amsterdam","Noord-Holland",false,52.366451,4.869499,"injury","2","clear",false,1,"GM0363"
"20240099397",2024,"Uitsluitend materiele schade",1,"Fiets",\N,"Onbekend","Rechte weg",30,"Niet brandend","Daglicht","Droog",\N,"264194004","Sportweg","Tilburg","Tilburg","Noord-Brabant",false,51.562551,5.059938,"material damage only","4","clear",false,1,"GM0855"
"20240099399",2024,"Uitsluitend materiele schade",2,"Personenauto","Fiets","Kop/staart","Rechte weg",30,"Niet brandend","Daglicht","Droog",\N,"600391331","Sportweg","Tilburg","Tilburg","Noord-Brabant",false,51.562341,5.058417,"material damage only","4","clear",false,1,"GM0855"
"20240046990",2024,"Letsel",5,"Personenauto","Fiets","Onbekend","Rotonde",50,"Niet brandend","Daglicht","Droog",\N,\N,"Beckummerweg","Haaksbergen","Haaksbergen","Overijssel",false,52.177565,6.69994,"injury","2","clear",false,1,"GM0158"
"20240072769",2024,"Uitsluitend materiele schade",2,"Fiets","Voetganger","Voetganger","Rechte weg",30,"Brandend","Duisternis","Droog",\N,"324164040","Heezerweg","Eindhoven","Eindhoven","Noord-Brabant",false,51.427169,5.492199,"material damage only","4","clear",false,1,"GM0772"
"20240089138",2024,"Uitsluitend materiele schade",2,"Snorfiets","Fiets","Onbekend",\N,\N,\N,"Duisternis",\N,\N,"252373005","IJburglaan","Amsterdam","Amsterdam","Noord-Holland",false,52.369645,4.968278,"material damage only","4","unknown",false,1,"GM0363"
"20240091722",2024,"Letsel",2,"Fiets","Overig vast object","Vast voorwerp","Rechte weg",60,"Niet aanwezig","Schemer","Droog",\N,"195208001","Goudbloemsedijk","Hoeven","Halderberge","Noord-Brabant",false,51.626255,4.563603,"injury","2","clear",false,1,"GM1655"
"20240095982",2024,"Letsel",2,"Motor","Fiets","Flank","Bocht",50,"Niet aanwezig","Daglicht","Droog",\N,"601003901","Dr. Heijepad","Abbenes","Haarlemmermeer","Noord-Holland",false,52.229166,4.598896,"injury","2","clear",false,1,"GM0394"
"20240101169",2024,"Letsel",1,"Fiets",\N,"Onbekend","Rechte weg",50,"Brandend","Duisternis","Droog",\N,"201321052","Rijndijk","Hazerswoude-Rijndijk","Alphen aan den Rijn","Zuid-Holland",false,52.130382,4.600935,"injury","2","clear",false,1,"GM0484"
"20240046392",2024,"Letsel",1,"Fiets",\N,"Flank","Rechte weg",50,"Brandend","Daglicht","Droog",\N,"600285599","Benjamin Franklinstraat","Zwolle","Zwolle","Overijssel",false,52.494449,6.119886,"injury","2","clear",false,1,"GM0193"
"20240083345",2024,"Letsel",1,"Fiets",\N,"Onbekend","Bocht",\N,"Niet brandend","Daglicht","Droog",\N,"600655127","Lage Dijk","Helmond","Helmond","Noord-Brabant",false,51.471207,5.678244,"injury","2","clear",false,1,"GM0794"
"20230176346",2023,"Letsel",2,\N,"Fiets","Eenzijdig","Rechte weg",50,"Niet brandend","Duisternis","Droog",\N,"200291016","Zuideinde","Zevenhuizen","Zuidplas","Zuid-Holland",false,51.995183,4.593469,"injury","2","clear",false,1,"GM1892"
"20240095489",2024,"Letsel",3,"Personenauto","Fiets","Flank","Kruispunt, 4 takken",80,"Niet brandend","Daglicht","Droog",\N,\N,"Amersfoortseweg","Huis ter Heide","Zeist","Utrecht",false,52.119276,5.276456,"injury","2","clear",false,1,"GM0355"
"20240099949",2024,"Uitsluitend materiele schade",2,"Personenauto","Fiets","Onbekend","Rotonde",50,"Niet brandend","Daglicht","Droog",\N,\N,"Warande","Rotterdam","Rotterdam","Zuid-Holland",false,51.926089,4.489183,"material damage only","4","clear",false,1,"GM0599"
"20240100374",2024,"Letsel",2,"Bromfiets","Fiets","Flank","Rechte weg",30,"Niet brandend","Daglicht","Droog",\N,"600224514","Langs de baan","Hoogvliet Rotterdam","Rotterdam","Zuid-Holland",false,51.861129,4.366467,"injury","2","clear",false,1,"GM0599"
"20240100946",2024,"Uitsluitend materiele schade",2,"Snorfiets","Fiets","Onbekend",\N,50,"Niet brandend","Daglicht","Regen",\N,"182275122","Weena","Rotterdam","Rotterdam","Zuid-Holland",false,51.922525,4.462786,"material damage only","4","rain",false,1,"GM0599"
"20240101099",2024,"Uitsluitend materiele schade",2,"Personenauto","Fiets","Onbekend","Rechte weg",50,"Brandend","Duisternis","Droog",\N,"601140682","Soestdijkseplein","'s-Gravenhage","'s-Gravenhage","Zuid-Holland",false,52.061443,4.282918,"material damage only","4","clear",false,1,"GM0518"
"20240101384",2024,"Letsel",1,"Fiets",\N,"Onbekend","Rechte weg",30,"Brandend","Duisternis","Regen",\N,\N,"Van der Werfstraat","Leiden","Leiden","Zuid-Holland",false,52.161109,4.497158,"injury","2","rain",false,1,"GM0546"
"20240102091",2024,"Uitsluitend materiele schade",1,"Fiets",\N,"Onbekend","Kruispunt, 4 takken",50,"Niet brandend","Daglicht","Droog",\N,\N,"Kraanvogelstraat","Venlo","Venlo","Limburg",false,51.358612,6.161048,"material damage only","4","clear",false,1,"GM0983"
"20240103002",2024,"Uitsluitend materiele schade",2,"Personenauto","Fiets","Flank","Kruispunt, 4 takken",30,"Niet brandend","Daglicht","Droog",\N,\N,"Mgr Verhagenstraat","Beek en Donk","Laarbeek","Noord-Brabant",false,51.540028,5.631213,"material damage only","4","clear",false,1,"GM1659"
"20240089224",2024,"Uitsluitend materiele schade",2,"Personenauto","Fiets","Flank","Kruispunt, 4 takken",30,"Niet brandend","Daglicht","Droog",\N,\N,"Aan de Zoom","Uithoorn","Uithoorn","Noord-Holland",false,52.247217,4.816904,"material damage only","4","clear",false,1,"GM0451"
"20240043629",2024,"Uitsluitend materiele schade",2,"Personenauto","Fiets","Flank","Kruispunt, 3 takken",50,"Niet brandend","Daglicht","Droog",\N,\N,"Hervensebaan","'s-Hertogenbosch","'s-Hertogenbosch","Noord-Brabant",false,51.708631,5.329561,"material damage only","4","clear",false,1,"GM0796"
"20240050086",2024,"Uitsluitend materiele schade",2,"Fiets","Fiets","Kop/staart","Rechte weg",30,"Niet brandend","Daglicht","Droog",\N,"242372013","Vijzelstraat","Amsterdam","Amsterdam","Noord-Holland",false,52.363326,4.89217,"material damage only","4","clear",false,1,"GM0363"
"20240074375",2024,"Uitsluitend materiele schade",2,"Fiets",\N,"Onbekend",\N,30,\N,"Daglicht",\N,\N,"268189003","Tourmaletstraat","Tilburg","Tilburg","Noord-Brabant",false,51.540165,5.086816,"material damage only","4","unknown",false,1,"GM0855"
"20240078332",2024,"Letsel",2,\N,"e-bike","Flank","Rechte weg",15,"Niet brandend","Daglicht","Droog",\N,"339349018","Dorpsstraat","Putten","Putten","Gelderland",false,52.260125,5.601444,"injury","2","clear",false,1,"GM0273"
"20240079557",2024,"Letsel",1,"Fiets",\N,"Onbekend","Rechte weg",30,"Niet brandend","Daglicht","Droog",\N,"222437009","Oude Helderseweg","Alkmaar","Alkmaar","Noord-Holland",false,52.657058,4.745489,"injury","2","clear",false,1,"GM0361"
"20240089274",2024,"Letsel",2,"Personenauto","Fiets","Flank","Rotonde",50,"Niet brandend","Daglicht","Droog",\N,\N,"Oostelijke Randweg","Noord-Scharwoude","Dijk en Waard","Noord-Holland",false,52.699781,4.818728,"injury","2","clear",false,1,"GM1980"
"20240091194",2024,"Uitsluitend materiele schade",2,"Snorfiets","Fiets","Flank","Kruispunt, 4 takken",30,"Niet brandend","Daglicht","Droog",\N,\N,"Burg Bouwmanstraat","Grijpskerke","Veere","Zeeland",false,51.532529,3.562684,"material damage only","4","clear",false,1,"GM0717"
"20240076109",2024,"Uitsluitend materiele schade",3,"Fiets","Fiets","Onbekend","Rechte weg",30,"Niet brandend","Daglicht","Droog",\N,"345300022","Blijdestein","Ede","Ede","Gelderland",true,52.042195,5.648314,"material damage only","4","clear",false,1,"GM0228"
"20240078394",2024,"Uitsluitend materiele schade",2,"Personenauto","Fiets","Flank","Kruispunt, 4 takken",60,"Niet brandend","Daglicht","Droog",\N,\N,"Randweg Oost","Blaricum","Blaricum","Noord-Holland",false,52.28275,5.262234,"material damage only","4","clear",false,1,"GM0376"
"20240079587",2024,"Uitsluitend materiele schade",2,"Snorfiets","Fiets","Flank","Kruispunt, 3 takken",30,"Niet brandend","Daglicht","Droog",\N,\N,"Oostoever","Amsterdam","Amsterdam","Noord-Holland",false,52.368645,4.829302,"material damage only","4","clear",false,1,"GM0363"
"20240082123",2024,"Letsel",2,"Personenauto","Fiets","Flank","Kruispunt, 4 takken",50,"Niet brandend","Daglicht","Droog",\N,\N,"Cloese","Hoogvliet Rotterdam","Rotterdam","Zuid-Holland",false,51.865001,4.357303,"injury","2","clear",false,1,"GM0599"
"20240086025",2024,"Letsel",2,"Personenauto","e-bike","Flank","Rotonde",50,"Niet brandend","Daglicht","Droog",\N,\N,"Rolderhoofdweg","Assen","Assen","Drenthe",false,52.995235,6.5791,"injury","2","clear",false,1,"GM0106"
"20240086684",2024,"Letsel",1,"Fiets",\N,"Onbekend","Rechte weg",30,"Niet brandend","Daglicht","Droog",\N,\N,"FIETSPAD","Utrecht","Utrecht","Utrecht",false,52.078073,5.122295,"injury","2","clear",false,1,"GM0344"
"20240089313",2024,"Letsel",1,"Fiets",\N,"Eenzijdig","Rechte weg",50,"Niet brandend","Daglicht","Droog",\N,"191327006","Domela Nieuwenhuislaan","Leiden","Leiden","Zuid-Holland",false,52.156444,4.518787,"injury","2","clear",false,1,"GM0546"
"20240071306",2024,"Letsel",2,"Personenauto","Fiets","Flank","Kruispunt, 3 takken",30,"Niet brandend","Daglicht","Droog",\N,\N,"Crabethstraat","Gouda","Gouda","Zuid-Holland",false,52.015745,4.706326,"injury","2","clear",false,1,"GM0513"
"20240075538",2024,"Letsel",2,"Personenauto","Fiets","Flank","Rotonde",50,"Niet brandend","Daglicht","Regen",\N,\N,"Veenderweg","Ede","Ede","Gelderland",false,52.038691,5.64956,"injury","2","rain",false,1,"GM0228"
"20240078413",2024,"Letsel",2,"Fiets","Fiets","Flank","Rechte weg",30,"Brandend","Schemer","Droog","Brug/viaduct","292249009","Burgwal","Zaltbommel","Zaltbommel","Gelderland",false,51.813189,5.258811,"injury","2","clear",false,1,"GM0297"
"20240082152",2024,"Letsel",1,"Fiets",\N,"Onbekend","Rechte weg",30,"Niet brandend","Daglicht","Droog",\N,"153286084","Koningin Julianalaan","De Lier","Westland","Zuid-Holland",false,51.973133,4.250863,"injury","2","clear",false,1,"GM1783"
"20230049504",2023,"Letsel",2,"Snorfiets","Fiets","Flank","Rechte weg",50,"Niet aanwezig","Daglicht","Droog",\N,"164293112","Zuidmade","Delft","Delft","Zuid-Holland",false,52.004447,4.323364,"injury","2","clear",false,1,"GM0503"
"20230050627",2023,"Letsel",2,"Fiets","Personenauto","Flank","Rechte weg",50,"Niet brandend","Daglicht","Droog",\N,\N,"Osylaan","Zoetermeer","Zoetermeer","Zuid-Holland",false,52.055695,4.501393,"injury","2","clear",false,1,"GM0637"
"20230055885",2023,"Letsel",2,"Personenauto","Fiets","Flank","Kruispunt, 4 takken",30,"Niet brandend","Daglicht","Droog",\N,\N,"Zwitserswaltje","Leeuwarden","Leeuwarden","Friesland",false,53.200187,5.799131,"injury","2","clear",false,1,"GM0080"
"20230065040",2023,"Uitsluitend materiele schade",3,"Motor","Fiets","Onbekend","Rechte weg",30,"Niet brandend","Daglicht","Droog",\N,"376280076","Bruinissestraat","Arnhem","Arnhem","Gelderland",false,51.951341,5.872608,"material damage only","4","clear",false,1,"GM0202"
"20230040203",2023,"Letsel",2,"Bromfiets","Fiets","Flank","Rechte weg",50,"Niet brandend","Daglicht","Droog",\N,"600716924","Troelstrakade","'s-Gravenhage","'s-Gravenhage","Zuid-Holland",false,52.056192,4.303693,"injury","2","clear",false,1,"GM0518"
"20230000006",2023,"Dodelijk",2,"Personenauto","Fiets","Flank","Kruispunt, 4 takken",30,"Niet brandend","Daglicht","Droog",\N,\N,"Startstraat","Uithuizen","Het Hogeland","Groningen",false,53.409377,6.666154,"fatal","1","clear",false,1,"GM1966"
"20230043075",2023,"Uitsluitend materiele schade",2,"Bromfiets","Fiets","Voetganger","Kruispunt, 3 takken",30,"Brandend","Duisternis","Regen",\N,\N,"Hoofdstraat","Rijen","Gilze en Rijen","Noord-Brabant",false,51.591106,4.918019,"material damage only","4","rain",false,1,"GM0784"
"20230062316",2023,"Uitsluitend materiele schade",2,"Personenauto","Fiets","Flank","Rechte weg",30,"Niet brandend","Daglicht","Droog",\N,"379051023","Dorpstraat","Nuth","Beekdaelen","Limburg",false,50.919174,5.884667,"material damage only","4","clear",false,1,"GM1954"
"20230060945",2023,"Letsel",1,"Fiets",\N,"Eenzijdig","Rechte weg",50,"Niet brandend","Daglicht","Harde windstoten",\N,"167304014","Jan Thijssenweg","'s-Gravenhage","'s-Gravenhage","Zuid-Holland",false,52.055212,4.346785,"injury","2","unknown",false,1,"GM0518"
"20230060958",2023,"Letsel",2,"Bromfiets","Fiets","Kop/staart","Rechte weg",30,"Niet brandend","Daglicht","Droog",\N,"600491124","Rochussenstraat","Rotterdam","Rotterdam","Zuid-Holland",false,51.912338,4.466011,"injury","2","clear",false,1,"GM0599"
"20230038534",2023,"Letsel",2,"Personenauto","Fiets","Flank","Kruispunt, 4 takken",50,"Niet brandend","Daglicht","Droog","Tunnel",\N,"Juliana van Stolberglaan","'s-Gravenhage","'s-Gravenhage","Zuid-Holland",false,52.081185,4.330993,"injury","2","clear",false,1,"GM0518"
"20230048503",2023,"Uitsluitend materiele schade",2,"Personenauto","Fiets","Onbekend","Kruispunt, 4 takken",50,"Niet brandend","Daglicht","Droog",\N,\N,"Zwart Janstraat","Rotterdam","Rotterdam","Zuid-Holland",false,51.934365,4.474551,"material damage only","4","clear",false,1,"GM0599"
"20230054836",2023,"Letsel",2,"Personenauto","Fiets","Flank","Kruispunt, 3 takken",50,"Niet brandend","Daglicht","Droog",\N,\N,"Beurtschipper","Roden","Noordenveld","Drenthe",false,53.139476,6.425245,"injury","2","clear",false,1,"GM1699"
"20230058777",2023,"Letsel",3,"Fiets","Fiets","Frontaal","Kruispunt, 4 takken",50,"Niet brandend","Daglicht","Droog",\N,\N,"Voorwillenseweg","Gouda","Gouda","Zuid-Holland",false,52.01488,4.72346,"injury","2","clear",false,1,"GM0513"
"20230059539",2023,"Letsel",3,"Personenauto","Fiets","Los voorwerp","Kruispunt, 4 takken",50,"Niet brandend","Daglicht","Droog",\N,\N,"Transformatorweg","Amsterdam","Amsterdam","Noord-Holland",false,52.391977,4.847212,"injury","2","clear",false,1,"GM0363"
"20230059544",2023,"Letsel",2,"Personenauto","Fiets","Flank","Rechte weg",30,"Niet brandend","Daglicht","Droog",\N,"208378055","Schoterweg","Haarlem","Haarlem","Noord-Holland",false,52.390383,4.640645,"injury","2","clear",false,1,"GM0392"
"20240131502",2024,"Letsel",1,"Fiets",\N,"Onbekend","Bocht",30,"Niet brandend","Daglicht","Droog",\N,\N,"Julianastraat","Hoogkarspel","Drechterland","Noord-Holland",false,52.692713,5.180321,"injury","2","clear",false,1,"GM0498"
"20230039153",2023,"Letsel",2,"Bestelauto","Fiets","Onbekend","Kruispunt, 3 takken",30,"Niet brandend","Daglicht","Droog",\N,\N,"Laan van Nieuw Oosteinde","Voorburg","Leidschendam-Voorburg","Zuid-Holland",false,52.069629,4.355294,"injury","2","clear",false,1,"GM1916"
"20230044361",2023,"Uitsluitend materiele schade",2,"Fiets","Fiets","Kop/staart","Bocht",\N,"Niet aanwezig","Daglicht","Droog",\N,"374257074","Snelbinder","Nijmegen","Nijmegen","Gelderland",false,51.848601,5.855019,"material damage only","4","clear",false,1,"GM0268"
"20230044371",2023,"Uitsluitend materiele schade",2,"Personenauto","Fiets","Onbekend","Rechte weg",80,"Niet aanwezig","Daglicht","Droog",\N,"414541002","De Skieding","Drachtstercompagnie","Smallingerland","Friesland",false,53.12447,6.166837,"material damage only","4","clear",false,1,"GM0090"
"20230058494",2023,"Letsel",2,"Fiets","Fiets","Flank","Kruispunt, 4 takken",50,"Niet aanwezig","Daglicht","Droog",\N,\N,"FIETSPAD","Delft","Delft","Zuid-Holland",false,52.003106,4.341639,"injury","2","clear",false,1,"GM0503"
"20230063067",2023,"Uitsluitend materiele schade",2,"Personenauto","Fiets","Flank","Kruispunt, 4 takken",30,"Niet brandend","Daglicht","Droog",\N,\N,"Joris Minnestraat","Eindhoven","Eindhoven","Noord-Brabant",false,51.462162,5.469557,"material damage only","4","clear",false,1,"GM0772"
"20230064750",2023,"Letsel",2,"Fiets","Fiets","Flank","Rotonde",30,"Niet brandend","Daglicht","Droog",\N,\N,"Commandeursweg","Bennekom","Ede","Gelderland",false,52.000976,5.670778,"injury","2","clear",false,1,"GM0228"
"20230039182",2023,"Letsel",1,"Fiets",\N,"Eenzijdig","Kruispunt, 4 takken",50,"Brandend","Duisternis","Droog",\N,\N,"Roland Holstlaan","Delft","Delft","Zuid-Holland",false,51.990422,4.356601,"injury","2","clear",false,1,"GM0503"
"20230053734",2023,"Uitsluitend materiele schade",3,"Fiets","Fiets","Onbekend","Rechte weg",50,"Niet brandend","Daglicht","Droog",\N,"318170013","Vredeoord","Eindhoven","Eindhoven","Noord-Brabant",false,51.457742,5.449921,"material damage only","4","clear",false,1,"GM0772"
"20230058868",2023,"Uitsluitend materiele schade",2,"Bromfiets","Fiets","Flank","Rechte weg",30,"Niet brandend","Daglicht","Droog",\N,"600656439","Rozenburglaan","Duivendrecht","Ouder-Amstel","Noord-Holland",false,52.334458,4.946433,"material damage only","4","clear",false,1,"GM0437"
"20240133148",2024,"Letsel",1,"Fiets",\N,"Onbekend",\N,50,\N,"Daglicht",\N,\N,"152304134","Lisztstraat","'s-Gravenhage","'s-Gravenhage","Zuid-Holland",false,52.055081,4.23832,"injury","2","unknown",false,1,"GM0518"
"20230046198",2023,"Letsel",2,"Personenauto","Fiets","Flank","Kruispunt, 3 takken",30,"Niet brandend","Daglicht","Droog",\N,\N,"Pesserstraat","Hoogeveen","Hoogeveen","Drenthe",false,52.73412,6.476139,"injury","2","clear",false,1,"GM0118"
"20230056688",2023,"Uitsluitend materiele schade",1,"Fiets",\N,"Onbekend","Bocht",60,"Niet brandend","Daglicht","Droog",\N,"601061147","Stroeërweg","Stroe","Barneveld","Gelderland",false,52.176368,5.673722,"material damage only","4","clear",false,1,"GM0203"
"20230058899",2023,"Letsel",2,"Personenauto","Fiets","Geparkeerd voertuig","Rechte weg",50,"Niet brandend","Daglicht","Droog",\N,"600379385","De Heemstraat","'s-Gravenhage","'s-Gravenhage","Zuid-Holland",false,52.065081,4.299437,"injury","2","clear",false,1,"GM0518"
"20230059657",2023,"Uitsluitend materiele schade",2,"Personenauto","Fiets","Flank","Rotonde",50,"Niet brandend","Daglicht","Droog",\N,\N,"Sportlaan","Amstelveen","Amstelveen","Noord-Holland",false,52.290723,4.854846,"material damage only","4","clear",false,1,"GM0362"
"20230059661",2023,"Letsel",2,"Bestelauto","Fiets","Eenzijdig","Rechte weg",30,"Niet brandend","Daglicht","Droog",\N,"600744729","PARALLELWEG","Egmond-Binnen","Bergen (NH)","Noord-Holland",false,52.597449,4.651577,"injury","2","clear",false,1,\N
"20230039830",2023,"Uitsluitend materiele schade",4,"Personenauto","Fiets","Onbekend","Rechte weg",50,"Niet brandend","Daglicht","Droog",\N,"224377054","Haarlemmerweg","Amsterdam","Amsterdam","Noord-Holland",false,52.383941,4.776408,"material damage only","4","clear",false,1,"GM0363"
"20230040395",2023,"Uitsluitend materiele schade",2,"Personenauto","Fiets","Onbekend","Rotonde",50,"Niet brandend","Daglicht","Droog",\N,\N,"Hagedoornweg","Amsterdam","Amsterdam","Noord-Holland",false,52.390978,4.911496,"material damage only","4","clear",false,1,"GM0363"
"20230046225",2023,"Uitsluitend materiele schade",2,"Fiets","Bromfiets","Frontaal","Kruispunt, 4 takken",30,"Niet brandend","Daglicht","Droog",\N,\N,"Folsingadyk","Leeuwarden","Leeuwarden","Friesland",false,53.182053,5.819767,"material damage only","4","clear",false,1,"GM0080"
"20230048020",2023,"Uitsluitend materiele schade",2,"Motor","Fiets","Flank","Kruispunt, 3 takken",50,"Niet brandend","Daglicht","Droog",\N,\N,"Kennemerplein","Haarlem","Haarlem","Noord-Holland",false,52.388888,4.637219,"material damage only","4","clear",false,1,"GM0392"
"20230055546",2023,"Letsel",2,"Personenauto","Fiets","Flank","Rechte weg",30,"Niet brandend","Daglicht","Droog",\N,"600880287","Noorderstraat","Sappemeer","Midden-Groningen","Groningen",false,53.163943,6.78234,"injury","2","clear",false,1,"GM1952"
"20230058599",2023,"Letsel",1,"Fiets",\N,"Eenzijdig","Rechte weg",50,"Niet brandend","Daglicht","Droog","Brug/viaduct","600671341","FIETSPAD","Delft","Delft","Zuid-Holland",false,52.021584,4.367995,"injury","2","clear",false,1,"GM0503"
"20230063734",2023,"Letsel",3,"Bromfiets","Fiets","Los voorwerp","Rechte weg",50,"Niet brandend","Daglicht","Droog",\N,"600509851","FIETSPAD","Best","Eindhoven","Noord-Brabant",false,51.481267,5.39207,"injury","2","clear",false,1,"GM0772"
"20240130128",2024,"Letsel",2,"Fiets","Voetganger","Frontaal","Kruispunt, 3 takken",30,"Niet brandend","Daglicht","Droog","Tunnel",\N,"Broekstraat","Arnhem","Arnhem","Gelderland",false,51.978432,5.936303,"injury","2","clear",false,1,"GM0202"
"20230047461",2023,"Letsel",2,"Personenauto","Fiets","Flank","Rechte weg",30,"Niet brandend","Daglicht","Droog",\N,"205354043","Calypso","Nieuw-Vennep","Haarlemmermeer","Noord-Holland",false,52.282784,4.622555,"injury","2","clear",false,1,"GM0394"
"20230052695",2023,"Uitsluitend materiele schade",2,"Personenauto","Fiets","Flank","Rechte weg",30,"Niet brandend","Daglicht","Droog",\N,"193200040","Prof Mulderslaan","Oudenbosch","Halderberge","Noord-Brabant",false,51.588502,4.543902,"material damage only","4","clear",false,1,"GM1655"
"20230059721",2023,"Letsel",2,"Fiets","Bromfiets","Flank","Kruispunt, 3 takken",50,"Niet brandend","Daglicht","Droog",\N,\N,"Hoornselaan","Purmerend","Purmerend","Noord-Holland",false,52.510348,4.951017,"injury","2","clear",false,1,"GM0439"
"20240130823",2024,"Uitsluitend materiele schade",2,"Fiets","Bromfiets","Flank","Kruispunt, 4 takken",30,"Brandend","Duisternis","Regen",\N,\N,"Willem de Zwijgerlaan","Amsterdam","Amsterdam","Noord-Holland",false,52.375066,4.862657,"material damage only","4","rain",false,1,"GM0363"
"20230042194",2023,"Uitsluitend materiele schade",2,\N,"e-bike","Flank","Rechte weg",50,"Niet brandend","Daglicht","Droog",\N,"347175146","Kasteel-Traverse","Helmond","Helmond","Noord-Brabant",false,51.477585,5.65769,"material damage only","4","clear",false,1,"GM0794"
"20230047481",2023,"Letsel",2,"Fiets","Voetganger","Voetganger","Rechte weg",30,"Niet brandend","Daglicht","Droog",\N,\N,"Eikenhout","Julianadorp","Den Helder","Noord-Holland",false,52.883111,4.753051,"injury","2","clear",false,1,"GM0400"
"20230058981",2023,"Letsel",1,"Fiets",\N,"Eenzijdig","Rechte weg",50,"Niet aanwezig","Daglicht","Droog",\N,"161309157","Torenstraat","'s-Gravenhage","'s-Gravenhage","Zuid-Holland",false,52.077686,4.305696,"injury","2","clear",false,1,"GM0518"
"20230058984",2023,"Letsel",3,"Bromfiets","Fiets","Frontaal","Bocht",30,"Niet brandend","Daglicht","Droog",\N,"600749335","Zoutmansweg","Reeuwijk","Bodegraven-Reeuwijk","Zuid-Holland",false,52.03921,4.720051,"injury","2","clear",false,1,"GM1901"
"20240133641",2024,"Letsel",2,"Fiets","Personenauto","Flank","Rotonde",50,"Niet brandend","Daglicht","Droog",\N,\N,"Vijf Meilaan","Leiden","Leiden","Zuid-Holland",false,52.147637,4.476887,"injury","2","clear",false,1,"GM0546"
"20230064163",2023,"Uitsluitend materiele schade",2,"Personenauto","Fiets","Frontaal","Kruispunt, 3 takken",50,"Niet brandend","Daglicht","Droog",\N,\N,"Dorpsstraat","Elst","Overbetuwe","Gelderland",false,51.91936,5.849052,"material damage only","4","clear",false,1,"GM1734"
"20240132303",2024,"Letsel",2,"Fiets","Personenauto","Flank","Kruispunt, 4 takken",30,"Brandend","Schemer","Droog",\N,\N,"Teunis Glijnisweg","Krommenie","Zaanstad","Noord-Holland",false,52.494691,4.761981,"injury","2","clear",false,1,"GM0479"
"20240127215",2024,"Letsel",2,"Personenauto","Fiets","Flank","Rechte weg",80,"Niet brandend","Daglicht","Droog",\N,\N,"Borgerderstraat","Nooitgedacht","Aa en Hunze","Drenthe",false,52.968283,6.680766,"injury","2","clear",false,1,"GM1680"
"20240127425",2024,"Uitsluitend materiele schade",2,"Personenauto","Fiets","Flank","Kruispunt, 3 takken",50,"Niet brandend","Daglicht","Droog",\N,\N,"Achterste Wei","Harderwijk","Harderwijk","Gelderland",false,52.336641,5.607312,"material damage only","4","clear",false,1,"GM0243"
"20240128084",2024,"Letsel",2,"Fiets","Los voorwerp","Los voorwerp","Rechte weg",50,"Brandend","Duisternis","Droog",\N,"468564033","Oostersingel","Groningen","Groningen","Groningen",false,53.220633,6.575243,"injury","2","clear",false,1,"GM0014"
"20240127567",2024,"Letsel",2,"Fiets","Personenauto","Kop/staart","Kruispunt, 3 takken",60,"Niet aanwezig","Duisternis","Droog",\N,\N,"Fanerweg","Niekerk","Westerkwartier","Groningen",false,53.226524,6.381734,"injury","2","clear",false,1,"GM1969"
"20230065616",2023,"Letsel",3,"Personenauto","Fiets","Frontaal","Kruispunt, 4 takken",60,"Niet brandend","Daglicht","Droog",\N,\N,"Maarten van Rossumweg","Poederoijen","Zaltbommel","Gelderland",false,51.79022,5.065468,"injury","2","clear",false,1,"GM0297"
"20230065772",2023,"Uitsluitend materiele schade",2,"Personenauto","Fiets","Onbekend","Rotonde",50,"Niet aanwezig","Daglicht","Droog",\N,\N,"Vondellaan","Harderwijk","Harderwijk","Gelderland",false,52.343015,5.629941,"material damage only","4","clear",false,1,"GM0243"
"20230039969",2023,"Letsel",2,"Fiets","Bestelauto","Eenzijdig","Rechte weg",50,"Niet aanwezig","Daglicht","Droog",\N,"600753294","Aalsmeerderweg","Aalsmeer","Aalsmeer","Noord-Holland",false,52.277406,4.788685,"injury","2","clear",false,1,"GM0358"
"20230055126",2023,"Uitsluitend materiele schade",2,"Personenauto","Fiets","Flank","Kruispunt, 4 takken",30,"Niet brandend","Daglicht","Droog",\N,\N,"Markt","Ommen","Ommen","Overijssel",false,52.517844,6.422576,"material damage only","4","clear",false,1,"GM0175"