"accident_id","year","severity_raw","party_count","party1_type","party2_type","accident_type","road_situation","speed_limit_kmh","road_lighting","light_condition_label","weather_raw","infra_type","road_segment_id","street_name","place_name","gemeente_name_raw","province","alcohol_indicated","latitude","longitude","severity_label","severity_code","weather_label","built_up_area","cyclists_involved","gemeente_code"
"20230065032",2023,"Uitsluitend materiele schade",2,"Fiets","Motor","Flank","Kruispunt, 3 takken",50,"Brandend","Duisternis","Droog","Bus-/Tramhalte",\N,"Erfgenamenwegje","Hasselt","Zwartewaterland","Overijssel",false,52.593636,6.090769,"material damage only","4","clear",false,1,"GM1896"
"20230066588",2023,"Letsel",2,"Fiets","Overig vast object","Vast voorwerp","Rechte weg",30,"Niet brandend","Daglicht","Droog",\N,\N,"Vijfhuizen","Haarlem","Haarlem","Noord-Holland",false,52.355613,4.669011,"injury","2","clear",false,1,"GM0392"
"20240128654",2024,"Letsel",3,"Bromfiets","Fiets","Frontaal","Rechte weg",50,"Niet brandend","Daglicht","Droog",\N,"472560002","Duinkerkenstraat","Groningen","Groningen","Groningen",false,53.200612,6.60055,"injury","2","clear",false,1,"GM0014"
"20230045246",2023,"Uitsluitend materiele schade",4,"Personenauto","Fiets","Vast voorwerp","Kruispunt, 3 takken",30,"Niet brandend","Daglicht","Droog",\N,\N,"Talmastraat","Assen","Assen","Drenthe",false,53.0032,6.543303,"material damage only","4","clear",false,1,"GM0106"
"20230060806",2023,"Uitsluitend materiele schade",2,"Personenauto","Fiets","Flank","Kruispunt, 4 takken",30,"Niet brandend","Daglicht","Droog",\N,\N,"Veemarktstraat","Breda","Breda","Noord-Brabant",false,51.588479,4.778366,"material damage only","4","clear",false,1,"GM0758"
"20240128312",2024,"Uitsluitend materiele schade",2,"Bromfiets","Fiets","Frontaal","Rechte weg",80,"Niet brandend","Daglicht","Droog",\N,"600662690","Oldenzaalsestraat","Losser","Losser","Overijssel",false,52.270259,6.986366,"material damage only","4","clear",false,1,"GM0168"
"20230065998",2023,"Letsel",1,"Fiets",\N,"Eenzijdig","Kruispunt, 4 takken",50,"Niet brandend","Daglicht","Droog",\N,\N,"Raamweg","'s-Gravenhage","'s-Gravenhage","Zuid-Holland",false,52.089878,4.312429,"injury","2","clear",false,1,"GM0518"
"20240129721",2024,"Letsel",2,"Bestelauto","Fiets","Flank","Rotonde",50,"Niet brandend","Daglicht","Droog",\N,\N,"Burgemeester Roelenweg","Zwolle","Zwolle","Overijssel",false,52.516321,6.088621,"injury","2","clear",false,1,"GM0193"
"20230038887",2023,"Letsel",3,"Fiets","Fiets","Onbekend","Bocht",\N,"Niet brandend","Daglicht","Droog",\N,"198281055","Burg Van Dijklaan","Capelle aan den IJssel","Capelle aan den IJssel","Zuid-Holland",false,51.953309,4.579766,"injury","2","clear",false,1,"GM0502"
"20230038898",2023,"Letsel",2,"Personenauto","Fiets","Eenzijdig","Kruispunt, 4 takken",50,"Niet brandend","Daglicht","Regen",\N,\N,"Fruitweg","'s-Gravenhage","'s-Gravenhage","Zuid-Holland",false,52.06152,4.30799,"injury","2","rain",false,1,"GM0518"
"20230039454",2023,"Letsel",2,"Bestelauto","e-bike","Flank","Rotonde",50,"Niet brandend","Daglicht","Droog",\N,\N,"Sir Winston Churchillln","Rijswijk","Rijswijk","Zuid-Holland",false,52.031,4.304381,"injury","2","clear",false,1,\N
"20230046451",2023,"Letsel",2,"Bestelauto","Fiets","Eenzijdig","Rechte weg",30,"Niet brandend","Daglicht","Droog",\N,"216428002","Belieslaan","Heiloo","Heiloo","Noord-Holland",false,52.613049,4.70162,"injury","2","clear",false,1,"GM0399"
"20230060842",2023,"Letsel",2,"Personenauto","Fiets","Flank","Kruispunt, 4 takken",50,"Niet brandend","Daglicht","Droog",\N,\N,"Prins Alexanderlaan","Rotterdam","Rotterdam","Zuid-Holland",false,51.950321,4.552092,"injury","2","clear",false,1,"GM0599"
"20230066349",2023,"Uitsluitend materiele schade",2,"Personenauto","Fiets","Geparkeerd voertuig","Rechte weg",30,"Niet brandend","Daglicht","Droog",\N,"187328067","Lange Mare","Leiden","Leiden","Zuid-Holland",false,52.161259,4.49042,"material damage only","4","clear",false,1,"GM0546"
"20240128734",2024,"Letsel",1,"Fiets",\N,"Onbekend","Rechte weg",50,"Brandend","Duisternis","Droog",\N,"600359873","Turfsingel","Groningen","Groningen","Groningen",false,53.222229,6.568085,"injury","2","clear",false,1,"GM0014"
"20240129520",2024,"Uitsluitend materiele schade",2,"Personenauto","Fiets","Flank","Kruispunt, 4 takken",30,"Niet brandend","Daglicht","Regen",\N,\N,"Nassaulaan","Hilversum","Hilversum","Noord-Holland",false,52.22034,5.177764,"material damage only","4","rain",false,1,"GM0402"
"20240131156",2024,"Uitsluitend materiele schade",2,"Bestelauto","Fiets","Frontaal","Kruispunt, 4 takken",30,"Niet brandend","Daglicht","Droog",\N,\N,"Czaar Peterstraat","Amsterdam","Amsterdam","Noord-Holland",false,52.370558,4.930209,"material damage only","4","clear",false,1,"GM0363"
"20230039515",2023,"Uitsluitend materiele schade",1,"Fiets",\N,"Onbekend","Kruispunt, 4 takken",50,"Niet brandend","Daglicht","Droog",\N,\N,"Componistenlaan","Voorhout","Teylingen","Zuid-Holland",false,52.22627,4.48426,"material damage only","4","clear",false,1,"GM1525"
"20230044136",2023,"Uitsluitend materiele schade",2,"Bromfiets","Fiets","Frontaal","Bocht",30,"Niet brandend","Daglicht","Droog",\N,"600393205","Pottenbakkersveste","Arnhem","Arnhem","Gelderland",false,51.945449,5.848322,"material damage only","4","clear",false,1,"GM0202"
"20230048889",2023,"Letsel",2,"Bromfiets","Fiets","Flank","Kruispunt, 3 takken",30,"Niet brandend","Daglicht","Droog",\N,\N,"Parallelweg","'s-Gravenhage","'s-Gravenhage","Zuid-Holland",false,52.068729,4.319205,"injury","2","clear",false,1,"GM0518"
"20230041855",2023,"Uitsluitend materiele schade",2,"Personenauto","Fiets","Flank","Rechte weg",30,"Niet brandend","Daglicht","Droog",\N,"600704776","St. Annastraat","Sluis","Sluis","Zeeland",false,51.311187,3.376028,"material damage only","4","clear",false,1,"GM1714"
"20230043003",2023,"Letsel",2,"Fiets","Fiets","Kop/staart","Rechte weg",70,"Niet brandend","Daglicht","Droog",\N,"323173063","Sterrenlaan","Eindhoven","Eindhoven","Noord-Brabant",false,51.467502,5.487006,"injury","2","clear",false,1,"GM0772"
"20230046538",2023,"Uitsluitend materiele schade",2,"Personenauto","e-bike","Flank","Kruispunt, 3 takken",30,"Niet brandend","Daglicht","Droog",\N,\N,"Herenweg","Sint Maarten","Schagen","Noord-Holland",false,52.77486,4.742474,"material damage only","4","clear",false,1,"GM0441"
"20230050027",2023,"Letsel",2,"Bestelauto","Fiets","Eenzijdig","Rechte weg",60,"Niet brandend","Daglicht","Droog",\N,"159294024","Zwethkade Zuid","Den Hoorn","Midden-Delfland","Zuid-Holland",false,52.009458,4.296531,"injury","2","clear",false,1,"GM1842"
"20230054098",2023,"Uitsluitend materiele schade",2,"Bromfiets","Fiets","Flank","Kruispunt, 3 takken",\N,"Niet brandend","Daglicht","Droog",\N,\N,"FIETSPAD","Rosmalen","'s-Hertogenbosch","Noord-Brabant",false,51.70663,5.34211,"material damage only","4","clear",false,1,"GM0796"
"20240131550",2024,"Uitsluitend materiele schade",2,"Fiets","Fiets","Onbekend","Rotonde",50,"Niet brandend","Daglicht","Droog",\N,\N,"Oostoever","Amsterdam","Amsterdam","Noord-Holland",false,52.370359,4.830691,"material damage only","4","clear",false,1,"GM0363"
"20240132108",2024,"Letsel",2,"Personenauto","e-bike","Flank","Rotonde",50,"Niet brandend","Daglicht","Droog",\N,\N,"Santpoortse Dreef","Santpoort-Noord","Velsen","Noord-Holland",false,52.438544,4.642421,"injury","2","clear",false,1,"GM0453"
"20240132128",2024,"Letsel",2,"Fiets","Fiets","Onbekend","Rechte weg",50,"Niet brandend","Daglicht","Droog",\N,"601089325","Venneperweg","Nieuw-Vennep","Haarlemmermeer","Noord-Holland",false,52.263588,4.636222,"injury","2","clear",false,1,"GM0394"
"20240132184",2024,"Letsel",3,"Personenauto","Fiets","Flank","Rotonde",50,"Niet brandend","Daglicht","Regen",\N,\N,"Jacques Perklaan","Heerhugowaard","Dijk en Waard","Noord-Holland",false,52.666505,4.828068,"injury","2","rain",false,1,"GM1980"
"20240133702",2024,"Uitsluitend materiele schade",2,"Personenauto","Fiets","Flank","Kruispunt, 4 takken",50,"Niet brandend","Daglicht","Droog",\N,\N,"Albert Plesmanplein","Gouda","Gouda","Zuid-Holland",false,52.018445,4.710219,"material damage only","4","clear",false,1,"GM0513"
"20230037835",2023,"Letsel",2,"Personenauto","Fiets","Flank","Kruispunt, 3 takken",60,"Niet brandend","Daglicht","Droog",\N,\N,"Hopweg","Luttelgeest","Noordoostpolder","Flevoland",false,52.784326,5.842696,"injury","2","clear",false,1,"GM0171"
"20230039579",2023,"Uitsluitend materiele schade",2,"Fiets","Fiets","Kop/staart","Rechte weg",50,"Niet brandend","Daglicht","Droog",\N,"600519593","Admiraal de Ruytersingel","Voorschoten","Voorschoten","Zuid-Holland",false,52.138753,4.460599,"material damage only","4","clear",false,1,"GM0626"
"20230041869",2023,"Uitsluitend materiele schade",2,"Personenauto","Fiets","Onbekend","Rechte weg",50,"Niet brandend","Daglicht","Droog",\N,"600805452","Zaltbommelseweg","Oss","Oss","Noord-Brabant",false,51.770741,5.513997,"material damage only","4","clear",false,1,"GM0828"
"20220228060",2022,"Uitsluitend materiele schade",2,"Bromfiets","Fiets","Frontaal","Rechte weg",\N,\N,"Daglicht","Regen",\N,"363172066","Helmondsingel","Deurne","Deurne","Noord-Brabant",false,51.46608,5.77159,"material damage only","4","rain",false,1,"GM0762"
"20220208142",2022,"Uitsluitend materiele schade",2,"Personenauto","Fiets","Flank","Rotonde",50,"Niet brandend","Daglicht","Droog",\N,\N,"Kepplerstraat","Zaandam","Zaanstad","Noord-Holland",false,52.440683,4.834348,"material damage only","4","clear",false,1,"GM0479"
"20220212222",2022,"Uitsluitend materiele schade",2,"Bestelauto","Fiets","Flank","Rotonde",50,"Niet brandend","Daglicht","Droog",\N,\N,"Vlaardingenlaan","Amsterdam","Amsterdam","Noord-Holland",false,52.34665,4.846356,"material damage only","4","clear",false,1,"GM0363"
"20220219424",2022,"Uitsluitend materiele schade",2,"Personenauto","Fiets","Kop/staart","Rechte weg",50,"Niet brandend","Daglicht","Droog",\N,"210248091","Mauritsweg","Dordrecht","Dordrecht","Zuid-Holland",false,51.804112,4.66634,"material damage only","4","clear",false,1,"GM0505"
"20220228823",2022,"Uitsluitend materiele schade",2,"Personenauto","Fiets","Onbekend","Kruispunt, 4 takken",50,"Niet brandend","Daglicht","Droog",\N,\N,"De Run","Veldhoven","Veldhoven","Noord-Brabant",false,51.40987,5.413343,"material damage only","4","clear",false,1,"GM0861"
"20220200288",2022,"Letsel",2,"Personenauto","e-bike","Flank","Rotonde",50,"Niet brandend","Daglicht","Droog",\N,\N,"Doetinchemseweg","Doetinchem","Doetinchem","Gelderland",false,51.947744,6.28425,"injury","2","clear",false,1,"GM0222"
"20220203169",2022,"Letsel",2,"Bus","Fiets","Flank","Rechte weg",30,"Niet brandend","Daglicht","Droog",\N,"600389379","Herenstraat","Hilversum","Hilversum","Noord-Holland",false,52.224011,5.175987,"injury","2","clear",false,1,"GM0402"
"20220223071",2022,"Dodelijk",2,"Bestelauto","Fiets","Kop/staart","Rechte weg",30,"Niet brandend","Daglicht","Droog",\N,"179273075","Mathenesserdijk","Rotterdam","Rotterdam","Zuid-Holland",false,51.91607,4.436723,"fatal","1","clear",false,1,"GM0599"
"20220211596",2022,"Letsel",2,"Personenauto","Fiets","Flank","Rotonde",50,"Brandend","Duisternis","Droog",\N,\N,"Burg Kasteleinweg","Aalsmeer","Aalsmeer","Noord-Holland",false,52.26347,4.760029,"injury","2","clear",false,1,"GM0358"
"20220214484",2022,"Letsel",2,"Fiets",\N,"Eenzijdig","Rechte weg",50,"Niet brandend","Daglicht","Regen","Brug/viaduct","600617663","Doctor Lelylaan","Leiden","Leiden","Zuid-Holland",false,52.155625,4.470709,"injury","2","rain",false,1,"GM0546"
"20220218050",2022,"Letsel",2,"Bromfiets","Fiets","Flank","Kruispunt, 4 takken",50,"Niet brandend","Daglicht","Regen",\N,\N,"Melis Stokelaan","'s-Gravenhage","'s-Gravenhage","Zuid-Holland",false,52.041823,4.271386,"injury","2","rain",false,1,"GM0518"
"20220203938",2022,"Letsel",2,"Fiets","Fiets","Flank","Rotonde",\N,"Brandend","Duisternis","Droog",\N,\N,"Verlengde Slotlaan","Zeist","Zeist","Utrecht",false,52.090323,5.250911,"injury","2","clear",false,1,"GM0355"
"20220231829",2022,"Dodelijk",2,"Fiets","Fiets","Flank","Kruispunt, 4 takken",30,"Niet brandend","Daglicht","Droog",\N,\N,"Veltumse Kleffen","Venray","Venray","Limburg",false,51.521357,5.9675,"fatal","1","clear",false,1,"GM0984"
"20220213684",2022,"Letsel",1,"Fiets",\N,"Eenzijdig",\N,30,\N,"Daglicht",\N,\N,"162305029","Laakkade","'s-Gravenhage","'s-Gravenhage","Zuid-Holland",false,52.058205,4.315049,"injury","2","unknown",false,1,"GM0518"
"20220223587",2022,"Uitsluitend materiele schade",2,"Personenauto","Fiets","Flank","Kruispunt, 4 takken",30,"Niet brandend","Daglicht","Droog",\N,\N,"Franz Lisztstraat","Tilburg","Tilburg","Noord-Brabant",false,51.582312,5.082617,"material damage only","4","clear",false,1,"GM0855"
"20220231466",2022,"Letsel",2,"Personenauto","Fiets","Flank","Rotonde",50,"Niet brandend","Daglicht","Droog",\N,\N,"Graafschap Hornelaan","Weert","Weert","Limburg",false,51.251177,5.714022,"injury","2","clear",false,1,"GM0988"
"20220203227",2022,"Letsel",2,"Personenauto","e-bike","Flank","Kruispunt, 4 takken",50,"Niet brandend","Daglicht","Droog",\N,\N,"Nijverheidsweg-Noord","Amersfoort","Amersfoort","Utrecht",false,52.168608,5.359771,"injury","2","clear",false,1,"GM0307"
"20220203265",2022,"Uitsluitend materiele schade",2,"Fiets","Fiets","Flank","Kruispunt, 4 takken",\N,"Niet brandend","Daglicht","Droog",\N,\N,"Oud-Wulvenplantsoen","Utrecht","Utrecht","Utrecht",false,52.066023,5.121772,"material damage only","4","clear",false,1,"GM0344"
"20220209095",2022,"Uitsluitend materiele schade",2,"Fiets","Bromfiets","Flank","Kruispunt, 4 takken",\N,"Niet brandend","Daglicht","Droog",\N,\N,"Ceder","Hoorn","Hoorn","Noord-Holland",false,52.652479,5.093327,"material damage only","4","clear",false,1,"GM0405"
"20220227329",2022,"Letsel",2,"Personenauto","Fiets","Onbekend","Kruispunt, 3 takken",50,"Niet brandend","Daglicht","Droog",\N,\N,"Balkweg","'s-Hertogenbosch","'s-Hertogenbosch","Noord-Brabant",false,51.709011,5.334947,"injury","2","clear",false,1,"GM0796"
"20220231511",2022,"Uitsluitend materiele schade",2,"Fiets","Personenauto","Flank","Kruispunt, 3 takken",50,"Niet brandend","Daglicht","Droog",\N,\N,"Voorhoeveweg","Weert","Weert","Limburg",false,51.242792,5.67649,"material damage only","4","clear",false,1,"GM0988"
"20220232298",2022,"Uitsluitend materiele schade",3,"Personenauto","Fiets","Onbekend","Kruispunt, 3 takken",50,"Niet brandend","Daglicht","Droog",\N,\N,"Wiebachstraat","Kerkrade","Kerkrade","Limburg",false,50.851566,6.008641,"material damage only","4","clear",false,1,"GM0928"
"20220202463",2022,"Letsel",2,"Personenauto","Fiets","Onbekend",\N,30,\N,"Daglicht",\N,\N,\N,"Tjalk","Loosdrecht","Wijdemeren","Noord-Holland",false,52.195827,5.1442,"injury","2","unknown",false,1,"GM1696"
"20220215336",2022,"Letsel",2,"Fiets","Personenauto","Flank","Kruispunt, 3 takken",30,"Niet brandend","Daglicht","Droog",\N,\N,"Buitenhofdreef","Delft","Delft","Zuid-Holland",false,51.996549,4.345001,"injury","2","clear",false,1,"GM0503"
"20220216798",2022,"Letsel",3,"Snorfiets","Fiets","Frontaal","Rechte weg",30,"Brandend","Duisternis","Regen",\N,"151292037","Middel Broekweg","Honselersdijk","Westland","Zuid-Holland",false,52.001143,4.234945,"injury","2","rain",false,1,"GM1783"
"20220217466",2022,"Letsel",2,"Fiets","Fiets","Flank","Rechte weg",15,"Niet brandend","Daglicht","Droog",\N,\N,"Anthracietplaats","Delft","Delft","Zuid-Holland",false,52.006523,4.363664,"injury","2","clear",false,1,"GM0503"
"20220221813",2022,"Letsel",2,"Personenauto","Fiets","Flank","Kruispunt, 4 takken",50,"Niet brandend","Daglicht",\N,\N,\N,"Rivierdijk","Hardinxveld-Giessendam","Hardinxveld-Giessendam","Zuid-Holland",false,51.821336,4.84465,"injury","2","unknown",false,1,"GM0523"
"20220227416",2022,"Letsel",2,"Personenauto","Fiets","Flank","Rotonde",50,"Niet aanwezig","Daglicht","Droog",\N,\N,"Sint Teunislaan","'s-Hertogenbosch","'s-Hertogenbosch","Noord-Brabant",false,51.710799,5.311696,"injury","2","clear",false,1,"GM0796"
"20220221839",2022,"Uitsluitend materiele schade",1,"Fiets",\N,"Flank","Kruispunt, 4 takken",50,"Brandend","Duisternis",\N,\N,\N,"Henegouwerlaan","Rotterdam","Rotterdam","Zuid-Holland",false,51.922497,4.462998,"material damage only","4","unknown",false,1,"GM0599"
"20220231600",2022,"Uitsluitend materiele schade",2,"Personenauto","Fiets","Flank","Rotonde",50,"Brandend","Duisternis","Droog",\N,\N,"Bergerstraat","Maastricht","Maastricht","Limburg",false,50.851515,5.731658,"material damage only","4","clear",false,1,"GM0935"
"20220199818",2022,"Uitsluitend materiele schade",2,"Personenauto","Fiets","Geparkeerd voertuig","Kruispunt, 4 takken",30,"Brandend","Duisternis","Regen","Parkeervoorziening",\N,"Laan van de Charleston","Apeldoorn","Apeldoorn","Gelderland",false,52.236612,5.989578,"material damage only","4","rain",false,1,"GM0200"
"20220204081",2022,"Letsel",2,"Snorfiets","Fiets","Flank","Rechte weg",30,"Niet brandend","Daglicht","Droog","Tunnel","600980775","Euroweg","Amersfoort","Amersfoort","Utrecht",false,52.185567,5.417385,"injury","2","clear",false,1,"GM0307"
"20220209223",2022,"Uitsluitend materiele schade",2,"Personenauto","Fiets","Onbekend","Rotonde",50,"Brandend","Duisternis","Droog",\N,\N,"Oosttangent","Heerhugowaard","Dijk en Waard","Noord-Holland",false,52.675822,4.861164,"material damage only","4","clear",false,1,"GM1980"
"20220210389",2022,"Letsel",3,"e-bike","e-bike","Onbekend","Kruispunt, 4 takken",50,"Niet brandend","Daglicht","Regen",\N,\N,"Rijksstraatweg","Duivendrecht","Ouder-Amstel","Noord-Holland",false,52.335425,4.941892,"injury","2","rain",false,1,"GM0437"
"20220219700",2022,"Letsel",2,"Personenauto","Fiets","Flank","Rechte weg",50,"Niet brandend","Daglicht","Droog",\N,"600605373","Rijksstraatweg","Numansdorp","Hoeksche Waard","Zuid-Holland",false,51.750272,4.443251,"injury","2","clear",false,1,"GM1963"
"20220231681",2022,"Uitsluitend materiele schade",2,"Fiets","Personenauto","Flank","Rotonde",50,"Brandend","Duisternis","Droog",\N,\N,"Noordsingel","Venray","Venray","Limburg",false,51.531853,5.966573,"material damage only","4","clear",false,1,"GM0984"
"20220214775",2022,"Letsel",2,"Personenauto","Fiets","Flank","Kruispunt, 3 takken",50,"Brandend","Duisternis","Droog",\N,\N,"Koninginneweg","Lekkerkerk","Krimpenerwaard","Zuid-Holland",false,51.90115,4.683926,"injury","2","clear",false,1,"GM1931"
"20220218914",2022,"Uitsluitend materiele schade",2,"Personenauto","e-bike","Flank","Kruispunt, 3 takken",30,"Niet brandend","Daglicht","Regen",\N,\N,"Aalsdijk","Rotterdam","Rotterdam","Zuid-Holland",false,51.883541,4.543897,"material damage only","4","rain",false,1,"GM0599"
"20220218923",2022,"Uitsluitend materiele schade",2,"Personenauto","Fiets","Flank","Rotonde",50,"Brandend","Duisternis","Droog",\N,\N,"Sportlaan","Hellevoetsluis","Voorne aan Zee","Zuid-Holland",false,51.834675,4.138214,"material damage only","4","clear",false,1,"GM1992"
"20220201243",2022,"Uitsluitend materiele schade",2,"Bestelauto","Fiets","Flank","Kruispunt, 4 takken",60,"Niet brandend","Daglicht","Droog",\N,\N,"De Braakweg","Enschede","Enschede","Overijssel",false,52.25794,6.894052,"material damage only","4","clear",false,1,"GM0153"
"20220204231",2022,"Uitsluitend materiele schade",2,"Fiets","Personenauto","Onbekend","Kruispunt, 3 takken",50,"Niet brandend","Daglicht","Droog",\N,\N,"Torenlaan","Blaricum","Blaricum","Noord-Holland",false,52.272924,5.24354,"material damage only","4","clear",false,1,"GM0376"
"20220207716",2022,"Letsel",2,"Personenauto","e-bike","Kop/staart","Bocht",30,"Niet brandend","Daglicht","Droog",\N,"208381004","Zaanenlaan","Haarlem","Haarlem","Noord-Holland",false,52.401656,4.642103,"injury","2","clear",false,1,"GM0392"
"20220211241",2022,"Uitsluitend materiele schade",2,"e-bike","Personenauto","Flank","Kruispunt, 4 takken",30,"Brandend","Schemer","Regen","Brug/viaduct",\N,"Jacob van Lennepstraat","Amsterdam","Amsterdam","Noord-Holland",false,52.365873,4.87182,"material damage only","4","rain",false,1,"GM0363"
"20220211912",2022,"Letsel",1,"Fiets",\N,"Eenzijdig",\N,30,\N,"Daglicht",\N,\N,"600362946","Prinsengracht","Amsterdam","Amsterdam","Noord-Holland",false,52.376935,4.884864,"injury","2","unknown",false,1,"GM0363"
"20220216254",2022,"Letsel",2,"Personenauto","Fiets","Flank","Kruispunt, 3 takken",30,"Brandend","Duisternis","Droog",\N,\N,"Laakkade","'s-Gravenhage","'s-Gravenhage","Zuid-Holland",false,52.057003,4.311989,"injury","2","clear",false,1,"GM0518"
"20220216984",2022,"Uitsluitend materiele schade",2,"Bromfiets","Fiets","Onbekend","Rechte weg",30,"Niet brandend","Daglicht","Droog",\N,"600573970","FIETSPAD","Wassenaar","Wassenaar","Zuid-Holland",false,52.150245,4.429631,"material damage only","4","clear",false,1,"GM0629"
"20220222659",2022,"Uitsluitend materiele schade",2,"Fiets","Fiets","Onbekend",\N,30,\N,"Daglicht",\N,\N,"203272017","Akkerwinde","Krimpen aan den IJssel","Krimpen aan den IJssel","Zuid-Holland",false,51.914229,4.610474,"material damage only","4","unknown",false,1,"GM0542"
"20220223981",2022,"Letsel",2,"e-bike","Voetganger","Voetganger","Rechte weg",60,"Niet brandend","Daglicht","Droog",\N,"600616719","Hondegemsweg","Grijpskerke","Veere","Zeeland",false,51.534482,3.57392,"injury","2","clear",false,1,"GM0717"
"20220210555",2022,"Letsel",2,"Personenauto","Fiets","Frontaal","Kruispunt, 4 takken",30,"Brandend","Duisternis","Droog","Brug/viaduct",\N,"Korte Prinsengracht","Amsterdam","Amsterdam","Noord-Holland",false,52.381591,4.889129,"injury","2","clear",false,1,"GM0363"
"20220213193",2022,"Uitsluitend materiele schade",2,"Snorfiets","Fiets","Flank","Kruispunt, 4 takken",30,"Brandend","Duisternis","Regen",\N,\N,"Boekhorststraat","'s-Gravenhage","'s-Gravenhage","Zuid-Holland",false,52.07403,4.309596,"material damage only","4","rain",false,1,"GM0518"
"20220217022",2022,"Letsel",2,"Personenauto","Fiets","Flank","Kruispunt, 3 takken",50,"Niet brandend","Daglicht","Droog",\N,\N,"Johan de Wittlaan","'s-Gravenhage","'s-Gravenhage","Zuid-Holland",false,52.086731,4.288136,"injury","2","clear",false,1,"GM0518"
"20220221355",2022,"Uitsluitend materiele schade",2,"Personenauto","Fiets","Flank","Kruispunt, 4 takken",30,"Niet brandend","Daglicht","Droog",\N,\N,"Buys Ballotsingel","Krimpen aan den IJssel","Krimpen aan den IJssel","Zuid-Holland",false,51.914856,4.591182,"material damage only","4","clear",false,1,"GM0542"
"20220224052",2022,"Letsel",2,"Personenauto","Fiets","Flank","Kruispunt, 4 takken",30,"Brandend","Duisternis","Droog",\N,\N,"Julianapark","Tilburg","Tilburg","Noord-Brabant",false,51.57581,5.084989,"injury","2","clear",false,1,"GM0855"
"20220227687",2022,"Uitsluitend materiele schade",2,"e-bike","Overig vast object","Vast voorwerp","Rechte weg",50,"Niet brandend","Daglicht","Droog",\N,"600828355","Haageind","Deurne","Deurne","Noord-Brabant",false,51.468243,5.800528,"material damage only","4","clear",false,1,"GM0762"
"20220229221",2022,"Uitsluitend materiele schade",1,"e-bike",\N,"Frontaal","Rechte weg",30,"Brandend","Duisternis","Regen",\N,"600377341","Hinthamerstraat","'s-Hertogenbosch","'s-Hertogenbosch","Noord-Brabant",false,51.688624,5.309596,"material damage only","4","rain",false,1,"GM0796"
"20220231063",2022,"Uitsluitend materiele schade",2,"Personenauto","Fiets","Flank","Bocht",30,"Niet brandend","Daglicht","Droog",\N,"362044026","Humcoven","Ulestraten","Meerssen","Limburg",false,50.892082,5.76128,"material damage only","4","clear",false,1,"GM0938"
"20220202751",2022,"Letsel",1,"e-bike",\N,"Eenzijdig","Rechte weg",30,"Niet aanwezig","Daglicht","Droog",\N,"600783349","Bosuillaan","Bilthoven","De Bilt","Utrecht",false,52.128355,5.215496,"injury","2","clear",false,1,"GM0310"
"20220217711",2022,"Letsel",1,"e-bike",\N,"Eenzijdig","Rechte weg",30,"Brandend","Duisternis","Regen",\N,"600428390","Westplantsoen","Delft","Delft","Zuid-Holland",false,52.00658,4.34819,"injury","2","rain",false,1,"GM0503"
"20220219977",2022,"Letsel",2,"Fiets","Fiets","Frontaal","Rechte weg",50,"Brandend","Duisternis","Droog",\N,"600922610","Hillelaan","Rotterdam","Rotterdam","Zuid-Holland",false,51.904436,4.496899,"injury","2","clear",false,1,"GM0599"
"20220202781",2022,"Uitsluitend materiele schade",2,"Personenauto","Fiets","Kop/staart","Rechte weg",30,"Niet brandend","Daglicht","Droog",\N,"600364454","Sint Willibrordusstraat","Amersfoort","Amersfoort","Utrecht",false,52.158133,5.370223,"material damage only","4","clear",false,1,"GM0307"
"20220209471",2022,"Uitsluitend materiele schade",2,"Personenauto","Fiets","Onbekend","Kruispunt, 4 takken",50,"Brandend","Duisternis","Droog",\N,\N,"Vondelstraat","Alkmaar","Alkmaar","Noord-Holland",false,52.625826,4.752449,"material damage only","4","clear",false,1,"GM0361"
"20220214100",2022,"Letsel",2,"Personenauto","e-bike","Flank","Kruispunt, 4 takken",30,"Brandend","Duisternis","Droog",\N,\N,"Hoofdstraat","Sassenheim","Teylingen","Zuid-Holland",false,52.227898,4.524403,"injury","2","clear",false,1,"GM1525"
"20220200761",2022,"Uitsluitend materiele schade",2,"Personenauto","Fiets","Flank","Kruispunt, 4 takken",30,"Niet brandend","Daglicht","Droog",\N,\N,"Nieuwe Maanderbuurtweg","Ede","Ede","Gelderland",false,52.029782,5.651379,"material damage only","4","clear",false,1,"GM0228"
"20220170034",2022,"Dodelijk",2,"Personenauto","Fiets","Frontaal","Rechte weg",80,"Niet brandend","Daglicht","Droog",\N,"480361005","Kanaalweg","Bornerbroek","Almelo","Overijssel",false,52.304503,6.63622,"fatal","1","clear",false,1,"GM0141"
"20220220046",2022,"Letsel",2,"Bestelauto","e-bike","Flank","Kruispunt, 3 takken",\N,"Niet brandend","Daglicht","Droog",\N,\N,"Laan van Hooglede","Vlaardingen","Vlaardingen","Zuid-Holland",false,51.923781,4.346023,"injury","2","clear",false,1,"GM0622"
"20220221477",2022,"Letsel",2,"Personenauto","Fiets","Flank","Kruispunt, 3 takken",60,"Niet brandend","Daglicht","Droog","Brug/viaduct",\N,"Slingelandseweg","Giessenburg","Molenlanden","Zuid-Holland",false,51.868692,4.902275,"injury","2","clear",false,1,"GM1978"
"20220231179",2022,"Uitsluitend materiele schade",2,"Personenauto","Fiets","Onbekend","Rotonde",50,"Niet brandend","Schemer","Droog",\N,\N,"Elsenburglaan","Geleen","Sittard-Geleen","Limburg",false,50.983685,5.828217,"material damage only","4","clear",false,1,"GM1883"