"accident_id","year","severity_raw","party_count","party1_type","party2_type","accident_type","road_situation","speed_limit_kmh","road_lighting","light_condition_label","weather_raw","infra_type","road_segment_id","street_name","place_name","gemeente_name_raw","province","alcohol_indicated","latitude","longitude","severity_label","severity_code","weather_label","built_up_area","cyclists_involved","gemeente_code"
"20240021532",2024,"Uitsluitend materiele schade",2,"Fiets","Personenauto","Frontaal","Rechte weg",30,"Niet brandend","Daglicht","Regen",\N,"245369089","President Steynstraat","Amsterdam","Amsterdam","Noord-Holland",false,52.351217,4.9161,"material damage only","4","rain",false,1,"GM0363"
"20240176539",2024,"Letsel",2,"Personenauto","e-bike","Flank","Kruispunt, 3 takken",50,"Brandend","Duisternis","Regen",\N,\N,"Westeinde","Schiphol","Haarlemmermeer","Noord-Holland",false,52.302693,4.74878,"injury","2","rain",false,1,"GM0394"
"20230023659",2023,"Letsel",2,"Fiets","Bestelauto","Onbekend","Rechte weg",50,"Niet brandend","Daglicht","Droog",\N,"600386420","C. van Eesterenlaan","Amsterdam","Amsterdam","Noord-Holland",false,52.369438,4.938632,"injury","2","clear",false,1,"GM0363"
"20230029443",2023,"Letsel",2,"Fiets","Overig vast object","Vast voorwerp","Rechte weg",30,"Niet brandend","Daglicht","Droog",\N,"182327122","Agaatlaan","Leiden","Leiden","Zuid-Holland",false,52.158769,4.460301,"injury","2","clear",false,1,"GM0546"
"20230030004",2023,"Uitsluitend materiele schade",2,"Personenauto","Fiets","Flank","Kruispunt, 3 takken",50,"Niet brandend","Daglicht","Droog",\N,\N,"MORSPOORTBRUG","Leiden","Leiden","Zuid-Holland",false,52.162077,4.48137,"material damage only","4","clear",false,1,"GM0546"
"20240030625",2024,"Uitsluitend materiele schade",2,"Personenauto","Fiets","Frontaal","Kruispunt, 3 takken",30,"Niet brandend","Daglicht","Droog",\N,\N,"Jasonstraat","Amsterdam","Amsterdam","Noord-Holland",false,52.344515,4.859992,"material damage only","4","clear",false,1,"GM0363"
"20230068756",2023,"Uitsluitend materiele schade",2,"Personenauto","Fiets","Flank","Kruispunt, 3 takken",50,"Niet brandend","Daglicht","Droog",\N,\N,"Van Hogendorpweg","Alblasserdam","Alblasserdam","Zuid-Holland",false,51.870076,4.647275,"material damage only","4","clear",false,1,"GM0482"
"20240025355",2024,"Uitsluitend materiele schade",1,"Fiets",\N,"Onbekend","Kruispunt, 3 takken",30,"Niet brandend","Daglicht","Droog",\N,\N,"Heggewikke","Voerendaal","Voerendaal","Limburg",false,50.876823,5.943815,"material damage only","4","clear",false,1,"GM0986"
"20230069587",2023,"Letsel",2,"Fiets","Fiets","Onbekend","Rechte weg",30,"Niet brandend","Daglicht","Droog",\N,"186341084","Herenstraat","Voorhout","Teylingen","Zuid-Holland",false,52.222735,4.484431,"injury","2","clear",false,1,"GM1525"
"20230020849",2023,"Uitsluitend materiele schade",2,"Fiets","Bestelauto","Flank","Rechte weg",50,"Brandend","Duisternis","Droog",\N,"244371047","Leeuwenhoekstraat","Amsterdam","Amsterdam","Noord-Holland",false,52.357967,4.908075,"material damage only","4","clear",false,1,"GM0363"
"20230021429",2023,"Letsel",2,"Personenauto","Fiets","Flank","Kruispunt, 3 takken",50,"Brandend","Duisternis","Droog",\N,\N,"Vrederustlaan","'s-Gravenhage","'s-Gravenhage","Zuid-Holland",false,52.043752,4.261137,"injury","2","clear",false,1,"GM0518"
"20230021969",2023,"Letsel",1,"Fiets",\N,"Eenzijdig","Rechte weg",50,"Niet brandend","Daglicht","Droog",\N,\N,"Lageweg","Katwijk","Katwijk","Zuid-Holland",false,52.208127,4.438616,"injury","2","clear",false,1,"GM0537"
"20230022522",2023,"Uitsluitend materiele schade",2,"Fiets","Fiets","Flank","Kruispunt, 4 takken",30,"Brandend","Duisternis","Droog",\N,\N,"Van Ostadestraat","'s-Gravenhage","'s-Gravenhage","Zuid-Holland",false,52.065802,4.304886,"material damage only","4","clear",false,1,"GM0518"
"20230034305",2023,"Uitsluitend materiele schade",2,"Personenauto","Fiets","Flank","Kruispunt, 3 takken",30,"Niet brandend","Daglicht","Regen",\N,\N,"Rietgrachtstraat","Arnhem","Arnhem","Gelderland",false,51.979708,5.918041,"material damage only","4","rain",false,1,"GM0202"
"20230035624",2023,"Uitsluitend materiele schade",2,"Bromfiets","Fiets","Kop/staart","Rechte weg",80,"Niet aanwezig","Daglicht","Droog",\N,"492535006","Broekdijk","Oud Annerveen","Aa en Hunze","Drenthe",false,53.081898,6.75619,"material damage only","4","clear",false,1,"GM1680"
"20230014564",2023,"Letsel",2,"Fiets","Fiets","Onbekend","Rechte weg",30,"Brandend","Duisternis","Droog",\N,"457372034","Kerkstraat","Nijverdal","Hellendoorn","Overijssel",false,52.361129,6.471497,"injury","2","clear",false,1,"GM0163"
"20230017421",2023,"Letsel",2,"Fiets","Fiets","Flank","Kruispunt, 4 takken",50,"Niet brandend","Daglicht","Droog",\N,\N,"Plesmanweg","Beverwijk","Beverwijk","Noord-Holland",false,52.499749,4.667731,"injury","2","clear",false,1,"GM0375"
"20230032579",2023,"Letsel",1,"Fiets",\N,"Eenzijdig","Rechte weg",50,"Niet brandend","Daglicht","Droog",\N,"314149009","Loonderweg","Valkenswaard","Valkenswaard","Noord-Brabant",false,51.363268,5.420701,"injury","2","clear",false,1,"GM0858"
"20230018008",2023,"Letsel",2,"Personenauto","Fiets","Onbekend","Kruispunt, 3 takken",50,"Niet brandend","Daglicht","Regen",\N,\N,"Dovenetelweg","Zaandam","Zaanstad","Noord-Holland",false,52.461533,4.818058,"injury","2","rain",false,1,"GM0479"
"20230028972",2023,"Letsel",2,"Personenauto","Fiets","Flank","Kruispunt, 4 takken",50,"Niet brandend","Daglicht","Droog",\N,\N,"Pompenburg","Rotterdam","Rotterdam","Zuid-Holland",false,51.924633,4.479909,"injury","2","clear",false,1,"GM0599"
"20230068515",2023,"Uitsluitend materiele schade",2,"Bestelauto","e-bike","Flank","Kruispunt, 3 takken",50,"Niet brandend","Daglicht","Droog",\N,\N,"Frankenslag","'s-Gravenhage","'s-Gravenhage","Zuid-Holland",false,52.099297,4.281962,"material damage only","4","clear",false,1,"GM0518"
"20230076140",2023,"Letsel",2,"Scootmobiel","Fiets","Flank","Rotonde",50,"Niet brandend","Daglicht","Droog",\N,\N,"Europaweg","Haarlem","Haarlem","Noord-Holland",false,52.35526,4.652948,"injury","2","clear",false,1,"GM0392"
"20230033189",2023,"Uitsluitend materiele schade",2,"Personenauto","e-bike","Flank","Rotonde",50,"Niet brandend","Daglicht","Droog",\N,\N,"Dommeldalseweg","Geldrop","Geldrop-Mierlo","Noord-Brabant",false,51.417789,5.564695,"material damage only","4","clear",false,1,"GM1771"
"20230067430",2023,"Letsel",2,"Personenauto","Fiets","Flank","Kruispunt, 4 takken",30,"Niet aanwezig","Daglicht","Droog",\N,\N,"Cleyne Raboesdreef","Blaricum","Blaricum","Noord-Holland",false,52.293232,5.281523,"injury","2","clear",false,1,"GM0376"
"20230069739",2023,"Letsel",2,"Bromfiets","Fiets","Flank","Kruispunt, 4 takken",50,"Niet brandend","Daglicht","Droog",\N,\N,"Middel Broekweg","Honselersdijk","Westland","Zuid-Holland",false,51.996109,4.228375,"injury","2","clear",false,1,"GM1783"
"20230076225",2023,"Uitsluitend materiele schade",2,"Bromfiets","Fiets","Kop/staart","Rechte weg",30,"Niet brandend","Daglicht","Droog",\N,"600375514","Priokstraat","Utrecht","Utrecht","Utrecht",false,52.09418,5.087116,"material damage only","4","clear",false,1,"GM0344"
"20230033502",2023,"Uitsluitend materiele schade",2,"Bromfiets","Fiets","Kop/staart","Rechte weg",50,"Niet brandend","Daglicht","Droog","Brug/viaduct","600856448","FIETSPAD SPOORBRUG","Venlo","Venlo","Limburg",false,51.368798,6.162783,"material damage only","4","clear",false,1,"GM0983"
"20230019923",2023,"Letsel",2,"Fiets","Fiets","Flank","Rechte weg",50,"Brandend","Duisternis","Droog",\N,"600802894","Frieswijkstraat","Nijkerk","Nijkerk","Gelderland",false,52.22027,5.483139,"injury","2","clear",false,1,"GM0267"
"20230021592",2023,"Letsel",2,"Fiets","Bestelauto","Eenzijdig","Kruispunt, 4 takken",30,"Niet brandend","Daglicht","Droog",\N,\N,"Nieuwkoopseweg","Pijnacker","Pijnacker-Nootdorp","Zuid-Holland",false,52.028613,4.434235,"injury","2","clear",false,1,"GM1926"
"20230025630",2023,"Letsel",2,"Personenauto","e-bike","Flank","Rotonde",50,"Niet brandend","Daglicht","Droog",\N,\N,"Burgemeester Doumaweg","Zwijndrecht","Zwijndrecht","Zuid-Holland",false,51.814964,4.638155,"injury","2","clear",false,1,"GM0642"
"20240030170",2024,"Letsel",2,"Personenauto","Fiets","Flank","Kruispunt, 4 takken",50,"Niet brandend","Daglicht","Droog",\N,\N,"Sportlaan","'s-Gravenhage","'s-Gravenhage","Zuid-Holland",false,52.074401,4.245964,"injury","2","clear",false,1,"GM0518"
"20230036868",2023,"Letsel",2,"Fiets","Personenauto","Flank","Rotonde",50,"Niet brandend","Daglicht","Droog",\N,\N,"Laan van Beek en Royen","Zeist","Zeist","Utrecht",false,52.082278,5.245918,"injury","2","clear",false,1,"GM0355"
"20230078562",2023,"Letsel",2,"Bestelauto","Fiets","Flank","Kruispunt, 4 takken",50,"Niet brandend","Daglicht","Droog",\N,\N,"Waldeck Pyrmontkade","'s-Gravenhage","'s-Gravenhage","Zuid-Holland",false,52.076744,4.294602,"injury","2","clear",false,1,"GM0518"
"20230078691",2023,"Letsel",1,"Fiets",\N,"Eenzijdig","Rechte weg",30,"Niet brandend","Daglicht","Droog",\N,"600394798","Trompstraat","Ter Heijde","Westland","Zuid-Holland",false,52.029208,4.167724,"injury","2","clear",false,1,"GM1783"
"20230075071",2023,"Uitsluitend materiele schade",2,"Fiets","Fiets","Los voorwerp","Rechte weg",50,"Niet brandend","Daglicht","Droog",\N,"270437077","Gerrit Achterberghof","Hoorn","Hoorn","Noord-Holland",false,52.656883,5.098218,"material damage only","4","clear",false,1,"GM0405"
"20230014165",2023,"Uitsluitend materiele schade",2,"Fiets","Personenauto","Kop/staart","Kruispunt, 4 takken",30,"Niet brandend","Daglicht","Droog",\N,\N,"J.J. van Deinselaan","Enschede","Enschede","Overijssel",false,52.208133,6.910547,"material damage only","4","clear",false,1,"GM0153"
"20230069021",2023,"Letsel",2,"Bestelauto","e-bike","Onbekend","Kruispunt, 4 takken",50,"Niet brandend","Daglicht","Droog",\N,\N,"Banneweg","Gorinchem","Gorinchem","Zuid-Holland",false,51.837783,4.962596,"injury","2","clear",false,1,"GM0512"
"20230069402",2023,"Letsel",2,"Fiets","Overig vast object","Vast voorwerp","Rechte weg",30,"Niet brandend","Daglicht",\N,\N,"139295005","Arendsduin","'s-Gravenzande","Westland","Zuid-Holland",false,52.013262,4.148848,"injury","2","unknown",false,1,"GM1783"
"20230075170",2023,"Uitsluitend materiele schade",2,"Motor","Fiets","Frontaal","Rechte weg",30,"Niet brandend","Daglicht","Droog",\N,"600776211","Vleutenseweg","Utrecht","Utrecht","Utrecht",false,52.092733,5.102417,"material damage only","4","clear",false,1,"GM0344"
"20230075426",2023,"Letsel",2,"Personenauto","Fiets","Flank","Kruispunt, 4 takken",50,"Niet brandend","Daglicht","Droog",\N,\N,"Maartvlinder","Utrecht","Utrecht","Utrecht",false,52.091188,5.054569,"injury","2","clear",false,1,"GM0344"
"20230073241",2023,"Letsel",2,"Bestelauto","Fiets","Flank","Kruispunt, 3 takken",50,"Niet brandend","Daglicht","Droog",\N,"404407085","Obrechtstraat","Zwolle","Zwolle","Overijssel",false,52.521227,6.081818,"injury","2","clear",false,1,"GM0193"
"20230074031",2023,"Uitsluitend materiele schade",2,"Personenauto","Fiets","Flank","Kruispunt, 3 takken",30,"Niet brandend","Daglicht","Droog",\N,\N,"Akker","Vriezenveen","Twenterand","Overijssel",false,52.409449,6.602834,"material damage only","4","clear",false,1,"GM1700"
"20230013046",2023,"Uitsluitend materiele schade",2,"Fiets","Personenauto","Flank","Rechte weg",50,"Niet aanwezig","Daglicht",\N,\N,"294263024","Laageinde","Geldermalsen","West Betuwe","Gelderland",false,51.876235,5.278936,"material damage only","4","unknown",false,1,"GM1960"
"20230019981",2023,"Letsel",2,"Personenauto","Fiets","Geparkeerd voertuig","Rechte weg",30,"Niet brandend","Daglicht","Droog","Parkeervoorziening","268298133","Noordstedeweg","Nieuwegein","Nieuwegein","Utrecht",false,52.029112,5.085796,"injury","2","clear",false,1,"GM0356"
"20230021670",2023,"Letsel",2,"Personenauto","Fiets","Flank","Kruispunt, 4 takken",30,"Niet brandend","Daglicht","Droog",\N,\N,"Achterwillensebocht","Gouda","Gouda","Zuid-Holland",false,52.017514,4.739931,"injury","2","clear",false,1,"GM0513"
"20230022775",2023,"Letsel",2,"Bromfiets","Fiets","Flank","Kruispunt, 3 takken",30,"Niet brandend","Daglicht","Droog",\N,\N,"Burgwal","Delft","Delft","Zuid-Holland",false,52.012177,4.361544,"injury","2","clear",false,1,"GM0503"
"20230030327",2023,"Uitsluitend materiele schade",2,"Fiets","Personenauto","Frontaal","Kruispunt, 4 takken",50,"Niet brandend","Daglicht","Droog",\N,\N,"Johan Peijnenburgweg","Geldrop","Geldrop-Mierlo","Noord-Brabant",false,51.421836,5.565234,"material damage only","4","clear",false,1,"GM1771"
"20230036389",2023,"Uitsluitend materiele schade",2,"Bestelauto","Fiets","Flank","Kruispunt, 3 takken",30,"Niet brandend","Daglicht","Droog",\N,\N,"Park Schoonoord","Hoogland","Amersfoort","Utrecht",false,52.180131,5.376841,"material damage only","4","clear",false,1,"GM0307"
"20230078861",2023,"Letsel",2,"Fiets","Motor","Flank","Kruispunt, 4 takken",30,"Niet brandend","Daglicht","Droog",\N,\N,"Javaplein","Amsterdam","Amsterdam","Noord-Holland",false,52.363782,4.939415,"injury","2","clear",false,1,"GM0363"
"20230015430",2023,"Uitsluitend materiele schade",3,"Personenauto","Fiets","Onbekend","Kruispunt, 3 takken",30,"Niet brandend","Daglicht","Droog",\N,\N,"Siriusstraat","Hilversum","Hilversum","Noord-Holland",false,52.235177,5.198392,"material damage only","4","clear",false,1,"GM0402"
"20230019451",2023,"Letsel",2,"Personenauto","Fiets","Frontaal","Kruispunt, 4 takken",30,"Niet brandend","Daglicht","Regen",\N,\N,"Gerbrandysingel","Bunschoten-Spakenburg","Bunschoten","Utrecht",false,52.251138,5.373463,"injury","2","rain",false,1,"GM0313"
"20230024016",2023,"Letsel",2,"Fiets","Bromfiets","Frontaal","Rechte weg",30,"Brandend","Daglicht","Droog","Tunnel","173304052","Veenweg","'s-Gravenhage","'s-Gravenhage","Zuid-Holland",false,52.054625,4.395672,"injury","2","clear",false,1,"GM0518"
"20230025719",2023,"Letsel",2,"Bromfiets","Fiets","Flank","Kruispunt, 3 takken",50,\N,"Daglicht",\N,\N,"600667168","FIETSPAD","Dordrecht","Dordrecht","Zuid-Holland",false,51.753676,4.72334,"injury","2","unknown",false,1,"GM0505"
"20230034627",2023,"Letsel",1,"Fiets",\N,"Eenzijdig","Rechte weg",30,"Niet aanwezig","Daglicht","Droog",\N,"600810195","Volenbekerweg","Putten","Putten","Gelderland",false,52.281271,5.579463,"injury","2","clear",false,1,"GM0273"
"20230074705",2023,"Uitsluitend materiele schade",3,"Personenauto","Fiets","Onbekend","Kruispunt, 4 takken",50,"Niet aanwezig","Daglicht","Droog",\N,\N,"Bart Poesiatstraat","Amsterdam","Amsterdam","Noord-Holland",false,52.351399,4.797127,"material damage only","4","clear",false,1,"GM0363"
"20230079067",2023,"Letsel",2,"Fiets","Personenauto","Eenzijdig","Rechte weg",50,"Brandend","Duisternis","Droog",\N,"244371108","Mauritskade","Amsterdam","Amsterdam","Noord-Holland",false,52.360078,4.908666,"injury","2","clear",false,1,"GM0363"
"20240030683",2024,"Letsel",2,"Personenauto","e-bike","Flank","Rotonde",50,"Niet brandend","Daglicht","Droog",\N,\N,"Laan van Broekhorn","Heerhugowaard","Dijk en Waard","Noord-Holland",false,52.670667,4.814321,"injury","2","clear",false,1,"GM1980"
"20230014869",2023,"Uitsluitend materiele schade",2,"Personenauto","Fiets","Flank","Kruispunt, 3 takken",30,"Niet brandend","Daglicht","Droog",\N,\N,"Over de Kelders","Leeuwarden","Leeuwarden","Friesland",false,53.202074,5.799044,"material damage only","4","clear",false,1,"GM0080"
"20230022305",2023,"Letsel",2,"Personenauto","Fiets","Flank","Kruispunt, 4 takken",50,"Brandend","Schemer","Droog",\N,\N,"De Savornin Lohmanlaan","'s-Gravenhage","'s-Gravenhage","Zuid-Holland",false,52.069499,4.242876,"injury","2","clear",false,1,"GM0518"
"20230071104",2023,"Letsel",2,"Personenauto","Fiets","Flank","Kruispunt, 4 takken",60,"Niet brandend","Daglicht","Droog",\N,\N,"Peel","Reusel","Reusel-De Mierden","Noord-Brabant",false,51.344126,5.163765,"injury","2","clear",false,1,"GM1667"
"20230018339",2023,"Letsel",1,"Fiets",\N,"Eenzijdig","Rechte weg",50,"Niet brandend","Daglicht","Droog",\N,"600373243","Binnenweg","Heemstede","Heemstede","Noord-Holland",false,52.353435,4.621329,"injury","2","clear",false,1,"GM0397"
"20230022897",2023,"Letsel",2,"Personenauto","Fiets","Flank","Kruispunt, 4 takken",50,"Niet brandend","Daglicht","Regen",\N,\N,"Regenboogsingel","Zoetermeer","Zoetermeer","Zuid-Holland",false,52.040803,4.487301,"injury","2","rain",false,1,"GM0637"
"20230029813",2023,"Letsel",2,"Personenauto","Fiets","Flank","Kruispunt, 4 takken",30,"Niet brandend","Daglicht","Droog",\N,"600435353","Zuidelijke Rondweg","Waddinxveen","Waddinxveen","Zuid-Holland",false,52.025449,4.641439,"injury","2","clear",false,1,"GM0627"
"20230069987",2023,"Letsel",2,"Personenauto","Fiets","Flank","Rotonde",50,"Niet brandend","Daglicht","Droog",\N,\N,"P. Zeemanstraat","Zwijndrecht","Zwijndrecht","Zuid-Holland",false,51.815221,4.637726,"injury","2","clear",false,1,"GM0642"
"20240030947",2024,"Letsel",2,"Fiets","Personenauto","Flank","Kruispunt, 4 takken",50,"Niet brandend","Daglicht","Regen",\N,\N,"Zwaagmergouw","Hoorn","Hoorn","Noord-Holland",false,52.653364,5.064689,"injury","2","rain",false,1,"GM0405"
"20240030950",2024,"Uitsluitend materiele schade",2,"Personenauto","Fiets","Flank","Rechte weg",50,"Niet brandend","Daglicht","Regen",\N,"600901781","Europaweg","Haarlem","Haarlem","Noord-Holland",false,52.354927,4.642137,"material damage only","4","rain",false,1,"GM0392"
"20230071848",2023,"Uitsluitend materiele schade",3,"Personenauto","Fiets","Onbekend","Kruispunt, 3 takken",50,"Niet brandend","Daglicht","Droog",\N,\N,"Kristallaan","Zevenbergen","Moerdijk","Noord-Brabant",false,51.642576,4.597266,"material damage only","4","clear",false,1,"GM1709"
"20230077965",2023,"Letsel",2,"Bus","Fiets","Frontaal","Rechte weg",50,"Niet brandend","Daglicht","Droog",\N,"229358025","Mr. Jac. Takkade","Aalsmeer","Aalsmeer","Noord-Holland",false,52.30342,4.803438,"injury","2","clear",false,1,"GM0358"
"20230016073",2023,"Uitsluitend materiele schade",2,"Bromfiets","Fiets","Onbekend","Rechte weg",50,\N,"Daglicht",\N,\N,"600807416","Sportlaan","Veenendaal","Veenendaal","Utrecht",false,52.026598,5.543412,"material damage only","4","unknown",false,1,"GM0345"
"20230022381",2023,"Letsel",2,"Personenauto","e-bike","Flank","Kruispunt, 4 takken",50,"Niet brandend","Daglicht","Droog",\N,\N,"Ary van der Spuyweg","'s-Gravenhage","'s-Gravenhage","Zuid-Holland",false,52.089698,4.293938,"injury","2","clear",false,1,"GM0518"
"20230035556",2023,"Letsel",2,"Personenauto","Fiets","Flank","Kruispunt, 4 takken",30,"Niet brandend","Daglicht","Droog",\N,\N,"Krommekamp","Harderwijk","Harderwijk","Gelderland",false,52.351803,5.646612,"injury","2","clear",false,1,"GM0243"
"20230036015",2023,"Uitsluitend materiele schade",2,"Personenauto","Fiets","Los voorwerp","Bocht",\N,"Niet aanwezig","Duisternis","Droog",\N,"376392005","Eekterweg","Oosterwolde Gld","Oldebroek","Gelderland",false,52.455067,5.882753,"material damage only","4","clear",false,1,"GM0269"
"20240031176",2024,"Uitsluitend materiele schade",2,"Fiets","Voetganger","Voetganger","Rechte weg",30,"Brandend","Daglicht","Regen",\N,"248380093","Buikslotermeerplein","Amsterdam","Amsterdam","Noord-Holland",false,52.399067,4.936528,"material damage only","4","rain",false,1,"GM0363"
"20240031246",2024,"Uitsluitend materiele schade",2,"Personenauto","Fiets","Onbekend","Rotonde",80,"Niet brandend","Daglicht","Droog",\N,\N,"Nauertogt","Broek op Langedijk","Dijk en Waard","Noord-Holland",false,52.677593,4.786646,"material damage only","4","clear",false,1,"GM1980"
"20230072608",2023,"Uitsluitend materiele schade",2,"Personenauto","Fiets","Geparkeerd voertuig","Kruispunt, 3 takken",30,"Niet brandend","Daglicht","Droog",\N,\N,"Wilhelminastraat","Neede","Berkelland","Gelderland",false,52.133878,6.613667,"material damage only","4","clear",false,1,"GM1859"
"20230072630",2023,"Letsel",2,"Personenauto","Fiets","Flank","Kruispunt, 4 takken",30,"Niet brandend","Daglicht","Droog",\N,\N,"Vrielinklanden","Enschede","Enschede","Overijssel",false,52.194222,6.906,"injury","2","clear",false,1,"GM0153"
"20230073464",2023,"Letsel",1,"Fiets",\N,"Eenzijdig","Rechte weg",30,"Niet brandend","Daglicht","Droog",\N,"346283018","Schaepmanstraat","Wageningen","Wageningen","Gelderland",false,51.963812,5.65273,"injury","2","clear",false,1,"GM0289"
"20230015565",2023,"Uitsluitend materiele schade",3,"Personenauto","Fiets","Onbekend","Kruispunt, 3 takken",50,"Niet brandend","Daglicht","Droog",\N,\N,"Richterslaan","Nieuwegein","Nieuwegein","Utrecht",false,52.033466,5.084439,"material damage only","4","clear",false,1,"GM0356"
"20230016124",2023,"Uitsluitend materiele schade",2,"Personenauto","Fiets","Flank","Kruispunt, 4 takken",50,\N,"Daglicht","Regen",\N,\N,"Japurádreef","Utrecht","Utrecht","Utrecht",false,52.122664,5.098147,"material damage only","4","rain",false,1,"GM0344"
"20230029904",2023,"Uitsluitend materiele schade",2,"Bestelauto","Fiets","Onbekend","Kruispunt, 4 takken",50,\N,"Daglicht","Droog",\N,\N,"Spuiboulevard","Dordrecht","Dordrecht","Zuid-Holland",false,51.811841,4.66349,"material damage only","4","clear",false,1,"GM0505"
"20240029073",2024,"Uitsluitend materiele schade",2,"Personenauto","Fiets","Flank","Kruispunt, 3 takken",30,"Niet brandend","Daglicht","Droog",\N,\N,"Nassaulaan","Bennekom","Ede","Gelderland",false,52.001764,5.678219,"material damage only","4","clear",false,1,"GM0228"
"20230073050",2023,"Letsel",2,"Fiets","Fiets","Onbekend","Kruispunt, 3 takken",30,"Niet brandend","Daglicht","Droog",\N,\N,"Wilhelminapark","Meppel","Meppel","Drenthe",false,52.690972,6.191958,"injury","2","clear",false,1,"GM0119"
"20230073072",2023,"Uitsluitend materiele schade",2,"Fiets","Fiets","Kop/staart","Kruispunt, 4 takken",30,"Brandend","Duisternis","Droog",\N,\N,"Werkerlaan","Zwolle","Zwolle","Overijssel",false,52.534666,6.057637,"material damage only","4","clear",false,1,"GM0193"
"20230073200",2023,"Letsel",2,"Fiets","Fiets","Onbekend","Rotonde",50,"Niet brandend","Daglicht","Droog",\N,"600573870","Arnhemsestraatweg","Velp","Rheden","Gelderland",false,52.004407,6.003168,"injury","2","clear",false,1,"GM0275"
"20230073933",2023,"Uitsluitend materiele schade",2,"Bromfiets","Fiets","Flank","Rechte weg",30,"Niet brandend","Daglicht","Droog",\N,"600681759","Ootmarsumsestraat","Almelo","Almelo","Overijssel",false,52.373472,6.691957,"material damage only","4","clear",false,1,"GM0141"
"20230019625",2023,"Letsel",2,"Personenauto","e-bike","Flank","Kruispunt, 4 takken",50,\N,"Daglicht","Droog",\N,\N,"Tunnelweg","Nijmegen","Nijmegen","Gelderland",false,51.843474,5.848301,"injury","2","clear",false,1,"GM0268"
"20230021302",2023,"Uitsluitend materiele schade",2,"Personenauto","Fiets","Onbekend","Rotonde",50,"Brandend","Duisternis","Regen",\N,\N,"Leeghwaterplein","'s-Gravenhage","'s-Gravenhage","Zuid-Holland",false,52.064897,4.322844,"material damage only","4","rain",false,1,"GM0518"
"20230021877",2023,"Uitsluitend materiele schade",1,"Fiets",\N,"Frontaal","Kruispunt, 3 takken",30,"Niet brandend","Daglicht","Droog",\N,\N,"Wijttenbachweg","Oegstgeest","Oegstgeest","Zuid-Holland",false,52.186477,4.468354,"material damage only","4","clear",false,1,"GM0579"
"20230021885",2023,"Uitsluitend materiele schade",2,"Personenauto","Fiets","Flank","Kruispunt, 4 takken",50,"Niet brandend","Daglicht","Droog",\N,\N,"Constantijn Huygensstr","Gouda","Gouda","Zuid-Holland",false,52.003726,4.706306,"material damage only","4","clear",false,1,"GM0513"
"20230021889",2023,"Letsel",1,"Fiets",\N,"Eenzijdig","Bocht",50,"Niet aanwezig","Duisternis","Droog","Brug/viaduct",\N,"President Kennedylaan","Alphen aan den Rijn","Alphen aan den Rijn","Zuid-Holland",false,52.141846,4.674508,"injury","2","clear",false,1,"GM0484"
"20230023004",2023,"Letsel",2,"e-bike","Overig vast object","Vast voorwerp","Rotonde",50,"Brandend","Duisternis","Droog",\N,\N,"Hoofdstraat","Hillegom","Hillegom","Zuid-Holland",false,52.289335,4.577397,"injury","2","clear",false,1,"GM0534"
"20230071579",2023,"Uitsluitend materiele schade",2,"Fiets","Fiets","Onbekend","Rechte weg",\N,"Niet aanwezig","Daglicht","Droog",\N,"322165008","Stadhuisplein","Eindhoven","Eindhoven","Noord-Brabant",false,51.435006,5.479814,"material damage only","4","clear",false,1,"GM0772"
"20230073683",2023,"Letsel",2,"Personenauto","e-bike","Flank","Rotonde",50,"Niet brandend","Daglicht","Droog",\N,\N,"Morsweg","Rijssen","Rijssen-Holten","Overijssel",false,52.319399,6.510447,"injury","2","clear",false,1,"GM1742"
"20230073808",2023,"Letsel",1,"Fiets",\N,"Eenzijdig","Rotonde",30,"Niet brandend","Schemer","Regen",\N,\N,"Archipelweg","Leeuwarden","Leeuwarden","Friesland",false,53.207651,5.819713,"injury","2","rain",false,1,"GM0080"
"20230074557",2023,"Uitsluitend materiele schade",1,"Fiets",\N,"Voetganger","Rechte weg",50,"Niet brandend","Daglicht","Droog",\N,"236373015","Jan Evertsenstraat","Amsterdam","Amsterdam","Noord-Holland",false,52.369794,4.848875,"material damage only","4","clear",false,1,"GM0363"
"20230013880",2023,"Uitsluitend materiele schade",2,"e-bike","Personenauto","Flank","Kruispunt, 4 takken",50,"Niet brandend","Daglicht","Droog",\N,\N,"Klaphekweg","Ede","Ede","Gelderland",false,52.032536,5.655982,"material damage only","4","clear",false,1,"GM0228"
"20230019669",2023,"Letsel",2,"Bromfiets","Fiets","Flank","Kruispunt, 4 takken",50,"Niet brandend","Daglicht","Droog",\N,\N,"Deldensestraat","Borne","Borne","Overijssel",false,52.296444,6.748631,"injury","2","clear",false,1,"GM0147"
"20230025380",2023,"Uitsluitend materiele schade",2,"Personenauto","Fiets","Flank","Rotonde",50,"Brandend","Schemer","Regen",\N,\N,"Pieter de Hoochweg","Rotterdam","Rotterdam","Zuid-Holland",false,51.906941,4.45943,"material damage only","4","rain",false,1,"GM0599"
"20240027790",2024,"Letsel",1,"Fiets",\N,"Onbekend","Rechte weg",30,"Niet brandend","Daglicht","Droog",\N,"289310048","Oude Arnhemseweg","Zeist","Zeist","Utrecht",false,52.086861,5.237814,"injury","2","clear",false,1,"GM0355"
"20230077508",2023,"Letsel",2,\N,"Fiets","Eenzijdig","Rechte weg",50,"Niet brandend","Daglicht","Droog",\N,"600562593","Bezuidenhoutseweg","'s-Gravenhage","'s-Gravenhage","Zuid-Holland",false,52.090378,4.340681,"injury","2","clear",false,1,"GM0518"
"20230077558",2023,"Uitsluitend materiele schade",2,"Bromfiets","Fiets","Flank","Kruispunt, 3 takken",\N,\N,"Schemer","Droog",\N,\N,"Banstraat","Amsterdam","Amsterdam","Noord-Holland",false,52.354987,4.874052,"material damage only","4","clear",false,1,"GM0363"