"accident_id","year","severity_raw","party_count","party1_type","party2_type","accident_type","road_situation","speed_limit_kmh","road_lighting","light_condition_label","weather_raw","infra_type","road_segment_id","street_name","place_name","gemeente_name_raw","province","alcohol_indicated","latitude","longitude","severity_label","severity_code","weather_label","built_up_area","cyclists_involved","gemeente_code"
"20230077829",2023,"Uitsluitend materiele schade",2,"Personenauto","Fiets","Onbekend","Kruispunt, 4 takken",50,"Brandend","Schemer","Droog",\N,\N,"Europaplein","Amsterdam","Amsterdam","Noord-Holland",false,52.340803,4.892515,"material damage only","4","clear",false,1,"GM0363"
"20230077906",2023,"Uitsluitend materiele schade",2,"e-bike","Bestelauto","Flank","Kruispunt, 4 takken",50,"Niet brandend","Daglicht","Droog",\N,\N,"Achterwetering","Schoonhoven","Krimpenerwaard","Zuid-Holland",false,51.947262,4.863177,"material damage only","4","clear",false,1,"GM1931"
"20230077978",2023,"Letsel",2,"Snorfiets","Fiets","Onbekend","Bocht",50,"Niet brandend","Daglicht","Droog",\N,"162297045","Hoekpolderweg","Rijswijk","Rijswijk","Zuid-Holland",false,52.022692,4.314484,"injury","2","clear",false,1,\N
"20230078156",2023,"Letsel",3,"Fiets","Voetganger","Voetganger","Rechte weg",30,"Niet brandend","Daglicht","Regen",\N,"600371775","Botermarkt","Leiden","Leiden","Zuid-Holland",false,52.157667,4.49205,"injury","2","rain",false,1,"GM0546"
"20230078288",2023,"Letsel",2,"Fiets","Fiets","Frontaal","Rechte weg",30,"Niet brandend","Daglicht","Droog",\N,"245368074","Amstelplein","Amsterdam","Amsterdam","Noord-Holland",false,52.345412,4.917389,"injury","2","clear",false,1,"GM0363"
"20230016760",2023,"Uitsluitend materiele schade",2,"Personenauto","Fiets","Kop/staart","Rechte weg",50,"Brandend","Duisternis","Regen",\N,"275311020","Burg Reigerstraat","Utrecht","Utrecht","Utrecht",false,52.089028,5.136953,"material damage only","4","rain",false,1,"GM0344"
"20230019091",2023,"Uitsluitend materiele schade",1,"Fiets",\N,"Onbekend","Bocht",\N,"Niet brandend","Daglicht","Droog","Brug/viaduct","292376005","Spoorbaanpad","Almere","Almere","Flevoland",false,52.382472,5.263457,"material damage only","4","clear",false,1,"GM0034"
"20230021948",2023,"Uitsluitend materiele schade",2,"Personenauto","Fiets","Flank","Rotonde",50,"Niet brandend","Daglicht","Droog",\N,\N,"Kerkweg-West","Waddinxveen","Waddinxveen","Zuid-Holland",false,52.046069,4.645479,"material damage only","4","clear",false,1,"GM0627"
"20230065112",2023,"Uitsluitend materiele schade",2,"Personenauto","Fiets","Flank","Kruispunt, 3 takken",15,"Niet brandend","Daglicht","Droog",\N,\N,"Schoolstraat","Winterswijk","Winterswijk","Gelderland",false,51.971313,6.715712,"material damage only","4","clear",false,1,"GM0294"
"20230049845",2023,"Letsel",4,"Bromfiets","Fiets","Frontaal","Rechte weg",50,"Niet brandend","Daglicht","Droog",\N,"601015309","Binckhorstlaan","'s-Gravenhage","'s-Gravenhage","Zuid-Holland",false,52.073354,4.332503,"injury","2","clear",false,1,"GM0518"
"20240075156",2024,"Uitsluitend materiele schade",2,"Bromfiets","Fiets","Flank","Kruispunt, 4 takken",30,"Niet brandend","Daglicht","Droog",\N,\N,"Jan Ligthartstraat","Kampen","Kampen","Overijssel",false,52.550953,5.909279,"material damage only","4","clear",false,1,"GM0166"
"20240032097",2024,"Uitsluitend materiele schade",2,"Bus","Fiets","Flank","Rechte weg",50,"Niet brandend","Daglicht","Droog",\N,"251254071","Lange Brug","Gorinchem","Gorinchem","Zuid-Holland",false,51.831752,4.96653,"material damage only","4","clear",false,1,"GM0512"
"20240040405",2024,"Letsel",1,"Fiets",\N,"Eenzijdig","Bocht",50,"Niet brandend","Daglicht","Droog",\N,"600999313","Skipad","Zoetermeer","Zoetermeer","Zuid-Holland",false,52.069873,4.454554,"injury","2","clear",false,1,"GM0637"
"20240041230",2024,"Uitsluitend materiele schade",2,"Fiets","Personenauto","Frontaal","Kruispunt, 4 takken",30,"Niet brandend","Daglicht","Droog",\N,\N,"Laan van Kanaän","Beverwijk","Beverwijk","Noord-Holland",false,52.490907,4.656944,"material damage only","4","clear",false,1,"GM0375"
"20240034170",2024,"Uitsluitend materiele schade",2,"Personenauto","Fiets","Kop/staart","Kruispunt, 4 takken",30,"Niet brandend","Daglicht","Droog",\N,\N,"Hyacinthenlaan","Geleen","Sittard-Geleen","Limburg",false,50.986935,5.814209,"material damage only","4","clear",false,1,"GM1883"
"20240037202",2024,"Uitsluitend materiele schade",1,"Fiets",\N,"Frontaal","Rechte weg",15,"Niet aanwezig","Daglicht","Droog",\N,"391585007","Wingerd","Dokkum","Noardeast-Fryslân","Friesland",false,53.317678,6.001313,"material damage only","4","clear",false,1,"GM1970"
"20240076990",2024,"Letsel",2,"Fiets","Fiets","Flank","Rechte weg",30,"Niet brandend","Daglicht","Droog",\N,"234389158","Fransestraat","Zaandam","Zaanstad","Noord-Holland",false,52.441471,4.829209,"injury","2","clear",false,1,"GM0479"
"20240036615",2024,"Uitsluitend materiele schade",2,"Personenauto","Fiets","Flank","Kruispunt, 4 takken",30,"Niet brandend","Daglicht","Droog",\N,\N,"Goolkatenweg","Enschede","Enschede","Overijssel",false,52.2239,6.873737,"material damage only","4","clear",false,1,"GM0153"
"20240051528",2024,"Letsel",1,"Fiets",\N,"Eenzijdig","Rechte weg",50,"Niet brandend","Daglicht","Droog",\N,"601036881","Berkhouterweg","Hoorn","Hoorn","Noord-Holland",false,52.644447,5.034016,"injury","2","clear",false,1,"GM0405"
"20240071653",2024,"Letsel",2,"Personenauto","Fiets","Flank","Kruispunt, 3 takken",50,"Niet brandend","Daglicht","Droog",\N,\N,"Singel","Dordrecht","Dordrecht","Zuid-Holland",false,51.809042,4.667353,"injury","2","clear",false,1,"GM0505"
"20240032255",2024,"Letsel",1,"Fiets",\N,"Onbekend","Rechte weg",80,"Niet brandend","Daglicht","Droog",\N,"600539453","FIETSPAD","Delft","Delft","Zuid-Holland",false,51.989201,4.35819,"injury","2","clear",false,1,"GM0503"
"20240033576",2024,"Uitsluitend materiele schade",2,"Personenauto","Fiets","Flank","Kruispunt, 4 takken",30,"Niet brandend","Daglicht","Droog",\N,\N,"Keereind","Best","Best","Noord-Brabant",false,51.502174,5.377577,"material damage only","4","clear",false,1,"GM0753"
"20240037299",2024,"Uitsluitend materiele schade",2,"Personenauto","Fiets","Flank","Rotonde",30,"Niet brandend","Daglicht","Droog",\N,\N,"Berglaan","Drachten","Smallingerland","Friesland",false,53.103107,6.098708,"material damage only","4","clear",false,1,"GM0090"
"20240037311",2024,"Uitsluitend materiele schade",3,"Personenauto","Fiets","Los voorwerp","Rechte weg",50,"Niet brandend","Daglicht","Droog",\N,"497552038","Noorderstraat","Sappemeer","Midden-Groningen","Groningen",false,53.164284,6.791755,"material damage only","4","clear",false,1,"GM1952"
"20240040573",2024,"Letsel",2,"Personenauto","Fiets","Geparkeerd voertuig","Rechte weg",30,"Brandend","Duisternis","Droog",\N,"181345137","van de Mortelstraat","Noordwijk","Noordwijk","Zuid-Holland",false,52.239566,4.451126,"injury","2","clear",false,1,"GM0575"
"20240036693",2024,"Letsel",2,"Personenauto","Fiets","Flank","Rotonde",50,"Niet brandend","Daglicht","Droog",\N,\N,"Diamantlaan","Groningen","Groningen","Groningen",false,53.225642,6.52651,"injury","2","clear",false,1,"GM0014"
"20240038299",2024,"Letsel",1,"Fiets",\N,"Onbekend","Rechte weg",50,"Niet brandend","Daglicht","Droog",\N,"600744657","Rijksstraatweg","Heemskerk","Heemskerk","Noord-Holland",false,52.507233,4.654221,"injury","2","clear",false,1,"GM0396"
"20240072396",2024,"Letsel",2,"Snorfiets","Fiets","Onbekend","Rechte weg",30,"Niet brandend","Daglicht","Droog",\N,\N,"Van Soutelandelaan","'s-Gravenhage","'s-Gravenhage","Zuid-Holland",false,52.101268,4.320553,"injury","2","clear",false,1,"GM0518"
"20240033051",2024,"Letsel",2,"Fiets","Bromfiets","Onbekend","Rechte weg",\N,"Brandend","Schemer","Droog",\N,"206318009","Weteringpad","Alphen aan den Rijn","Alphen aan den Rijn","Zuid-Holland",false,52.120462,4.630317,"injury","2","clear",false,1,"GM0484"
"20240041490",2024,"Letsel",2,"Personenauto","Fiets","Flank","Rechte weg",30,"Niet brandend","Daglicht","Droog",\N,"203365042","E. van Slogterenlaan","Heemstede","Heemstede","Noord-Holland",false,52.331102,4.609236,"injury","2","clear",false,1,"GM0397"
"20240042108",2024,"Letsel",2,"Fiets","Personenauto","Flank","Rotonde",70,"Niet brandend","Daglicht","Droog",\N,\N,"Sloeweg","Vlissingen","Vlissingen","Zeeland",false,51.456312,3.553079,"injury","2","clear",false,1,"GM0718"
"20240051031",2024,"Letsel",2,"Fiets","Personenauto","Geparkeerd voertuig","Rechte weg",30,"Niet brandend","Daglicht","Droog",\N,"244369082","Van Woustraat","Amsterdam","Amsterdam","Noord-Holland",false,52.35013,4.903783,"injury","2","clear",false,1,"GM0363"
"20240079215",2024,"Letsel",2,"Bromfiets","Fiets","Flank","Kruispunt, 4 takken",50,"Niet aanwezig","Daglicht","Regen",\N,\N,"Ary van der Spuyweg","'s-Gravenhage","'s-Gravenhage","Zuid-Holland",false,52.089811,4.294164,"injury","2","rain",false,1,"GM0518"
"20240033080",2024,"Letsel",2,"Bestelauto","Fiets","Onbekend","Kruispunt, 4 takken",30,"Niet brandend","Daglicht","Droog",\N,\N,"Voordijk","Barendrecht","Barendrecht","Zuid-Holland",false,51.858975,4.526022,"injury","2","clear",false,1,"GM0489"
"20240036801",2024,"Letsel",2,"Personenauto","e-bike","Flank","Kruispunt, 3 takken",50,"Niet aanwezig","Daglicht","Droog",\N,\N,"Goudlaan","Groningen","Groningen","Groningen",false,53.222095,6.534195,"injury","2","clear",false,1,"GM0014"
"20240042787",2024,"Uitsluitend materiele schade",2,"Fiets","Fiets","Frontaal","Rechte weg",\N,"Niet brandend","Daglicht","Regen",\N,"600722808","Delftweg","Rotterdam","Rotterdam","Zuid-Holland",false,51.95218,4.406795,"material damage only","4","rain",false,1,"GM0599"
"20240047355",2024,"Uitsluitend materiele schade",1,"Fiets",\N,"Kop/staart","Rechte weg",30,"Niet brandend","Daglicht","Droog",\N,\N,"Burg Kuperusplein","Heerenveen","Heerenveen","Friesland",false,52.957288,5.927959,"material damage only","4","clear",false,1,"GM0074"
"20240033101",2024,"Uitsluitend materiele schade",2,"Personenauto","Fiets","Kop/staart","Bocht",60,"Niet aanwezig","Daglicht","Droog",\N,\N,"Westgaag","Maasland","Midden-Delfland","Zuid-Holland",false,51.944222,4.245561,"material damage only","4","clear",false,1,"GM1842"
"20240037754",2024,"Uitsluitend materiele schade",2,"Fiets","Fiets","Flank","Rechte weg",15,"Niet brandend","Daglicht","Droog",\N,"208380034","Julianapark","Haarlem","Haarlem","Noord-Holland",false,52.397318,4.64319,"material damage only","4","clear",false,1,"GM0392"
"20240033758",2024,"Letsel",1,"Fiets",\N,"Eenzijdig","Rechte weg",30,"Niet brandend","Daglicht","Droog",\N,"600171814","Grote Gracht","Maastricht","Maastricht","Limburg",false,50.850908,5.688601,"injury","2","clear",false,1,"GM0935"
"20240042904",2024,"Uitsluitend materiele schade",1,"Fiets",\N,"Onbekend","Rechte weg",30,"Niet brandend","Daglicht","Droog",\N,"188351004","Dr Schaepmanlaan","Noordwijkerhout","Noordwijk","Zuid-Holland",false,52.267411,4.49536,"material damage only","4","clear",false,1,"GM0575"
"20240042906",2024,"Uitsluitend materiele schade",2,"Personenauto","e-bike","Flank","Kruispunt, 4 takken",30,"Niet brandend","Daglicht","Droog",\N,\N,"Wagenstraat","'s-Gravenhage","'s-Gravenhage","Zuid-Holland",false,52.07456,4.315135,"material damage only","4","clear",false,1,"GM0518"
"20240071896",2024,"Letsel",2,"Fiets","Personenauto","Flank","Kruispunt, 3 takken",50,"Niet brandend","Daglicht","Droog",\N,\N,"Schieweg","Rotterdam","Rotterdam","Zuid-Holland",false,51.934761,4.464292,"injury","2","clear",false,1,"GM0599"
"20240042922",2024,"Letsel",1,"Fiets",\N,"Onbekend","Rechte weg",60,"Brandend","Duisternis","Droog",\N,\N,"Loosterweg Noord","Lisse","Lisse","Zuid-Holland",false,52.26942,4.542401,"injury","2","clear",false,1,"GM0553"
"20240076653",2024,"Letsel",2,"Personenauto","Fiets","Frontaal","Bocht",50,"Niet aanwezig","Daglicht","Droog",\N,"535539006","Morigerweg","Blijham","Westerwolde","Groningen",false,53.104364,7.068178,"injury","2","clear",false,1,"GM1950"
"20240037900",2024,"Letsel",2,"Bromfiets","Fiets","Flank","Rechte weg",50,"Niet brandend","Daglicht",\N,\N,\N,"Anna van Burenstraat","Lopik","Lopik","Utrecht",false,51.97423,4.948622,"injury","2","unknown",false,1,"GM0331"
"20240037901",2024,"Letsel",3,"Fiets",\N,"Flank","Rechte weg",50,"Niet brandend","Daglicht","Droog",\N,"204362006","Bennebroekerdijk","Zwaanshoek","Haarlemmermeer","Noord-Holland",false,52.31527,4.612258,"injury","2","clear",false,1,"GM0394"
"20240037902",2024,"Uitsluitend materiele schade",2,"Personenauto","Fiets","Flank","Kruispunt, 4 takken",80,"Brandend","Schemer","Droog",\N,\N,"LELYSTAD 10","Lelystad","Lelystad","Flevoland",false,52.48132,5.501271,"material damage only","4","clear",false,1,"GM0995"
"20240035437",2024,"Letsel",1,"Fiets",\N,"Eenzijdig","Bocht",30,"Brandend","Duisternis","Droog",\N,"406406226","DIEZENPOORTERBRUG","Zwolle","Zwolle","Overijssel",false,52.513846,6.099177,"injury","2","clear",false,1,"GM0193"
"20240078838",2024,"Letsel",2,"Bestelauto","Fiets","Geparkeerd voertuig","Rechte weg",30,"Niet brandend","Daglicht","Regen","Parkeervoorziening","142294150","Ln der Verenigde Naties","'s-Gravenzande","Westland","Zuid-Holland",false,52.007193,4.171195,"injury","2","rain",false,1,"GM1783"
"20240040277",2024,"Letsel",1,"Fiets",\N,"Eenzijdig","Rechte weg",30,"Niet brandend","Daglicht","Droog",\N,\N,"Joh.M. Coenenstraat","Amsterdam","Amsterdam","Noord-Holland",false,52.351701,4.87979,"injury","2","clear",false,1,"GM0363"
"20240040931",2024,"Uitsluitend materiele schade",2,"Personenauto","Fiets","Onbekend","Kruispunt, 3 takken",50,"Niet brandend","Daglicht","Droog",\N,\N,"Droogbak","Amsterdam","Amsterdam","Noord-Holland",false,52.379627,4.894567,"material damage only","4","clear",false,1,"GM0363"
"20240051319",2024,"Letsel",2,"Personenauto","Fiets","Flank","Kruispunt, 4 takken",30,"Niet brandend","Daglicht","Droog",\N,\N,"Westerkade","Amsterdam","Amsterdam","Noord-Holland",false,52.377557,4.878515,"injury","2","clear",false,1,"GM0363"
"20240034003",2024,"Uitsluitend materiele schade",2,"Fiets","Fiets","Frontaal","Rechte weg",\N,"Niet brandend","Daglicht","Droog",\N,"600529419","Parallelweg","Meerssen","Meerssen","Limburg",false,50.882197,5.753921,"material damage only","4","clear",false,1,"GM0938"
"20230097446",2023,"Uitsluitend materiele schade",2,"Personenauto","Fiets","Geparkeerd voertuig","Rechte weg",30,"Niet brandend","Daglicht","Droog",\N,"246371050","Eikenweg","Amsterdam","Amsterdam","Noord-Holland",false,52.358646,4.921189,"material damage only","4","clear",false,1,"GM0363"
"20230099195",2023,"Uitsluitend materiele schade",2,"Personenauto","Fiets","Flank","Kruispunt, 3 takken",50,"Niet brandend","Daglicht","Droog",\N,\N,"Theemsstraat","Venlo","Venlo","Limburg",false,51.364806,6.162104,"material damage only","4","clear",false,1,"GM0983"
"20230102040",2023,"Letsel",2,"Bromfiets","Fiets","Frontaal","Rechte weg",50,"Brandend","Daglicht","Regen",\N,"161306085","De Heemstraat","'s-Gravenhage","'s-Gravenhage","Zuid-Holland",false,52.06313,4.301314,"injury","2","rain",false,1,"GM0518"
"20230105422",2023,"Uitsluitend materiele schade",2,"Fiets","Personenauto","Flank","Kruispunt, 4 takken",50,"Niet brandend","Daglicht","Regen",\N,\N,"Hoge Hondstraat","Deventer","Deventer","Overijssel",false,52.260878,6.157239,"material damage only","4","rain",false,1,"GM0150"
"20230079364",2023,"Letsel",3,"Fiets","Overig wegmeubilair","Vast voorwerp","Rechte weg",30,"Niet brandend","Daglicht","Droog",\N,"600899045","Westerhovenseweg","Valkenswaard","Valkenswaard","Noord-Brabant",false,51.346914,5.428171,"injury","2","clear",false,1,"GM0858"
"20230103017",2023,"Letsel",1,"Fiets",\N,"Eenzijdig","Rechte weg",50,"Niet brandend","Duisternis","Regen",\N,"161302002","van Vredenburchweg","Rijswijk","Rijswijk","Zuid-Holland",false,52.042654,4.307855,"injury","2","rain",false,1,\N
"20230106974",2023,"Uitsluitend materiele schade",2,"Personenauto","Fiets","Onbekend","Bocht",50,"Brandend","Duisternis","Regen",\N,\N,"IND.SPAANSE POLDER 12","Rotterdam","Rotterdam","Zuid-Holland",false,51.924414,4.417902,"material damage only","4","rain",false,1,"GM0599"
"20230083514",2023,"Uitsluitend materiele schade",2,"Personenauto","Fiets","Flank","Kruispunt, 4 takken",60,"Brandend","Schemer","Droog",\N,\N,"Haarveensedijk","Foxwolde","Noordenveld","Drenthe",false,53.152182,6.450084,"material damage only","4","clear",false,1,"GM1699"
"20230099371",2023,"Uitsluitend materiele schade",2,"Personenauto","Fiets","Onbekend","Rotonde",50,"Niet brandend","Daglicht","Droog",\N,\N,"Maaseikerweg","Weert","Weert","Limburg",false,51.213176,5.722104,"material damage only","4","clear",false,1,"GM0988"
"20230100603",2023,"Letsel",2,"Personenauto","Fiets","Flank","Kruispunt, 4 takken",30,"Niet brandend","Daglicht","Droog",\N,\N,"Mereldonk","Veghel","Meierijstad","Noord-Brabant",false,51.622607,5.549324,"injury","2","clear",false,1,"GM1948"
"20230106999",2023,"Uitsluitend materiele schade",2,"Bromfiets","Fiets","Frontaal","Rechte weg",50,"Niet brandend","Daglicht","Regen",\N,"600513992","Aveling","Hoogvliet Rotterdam","Rotterdam","Zuid-Holland",false,51.865068,4.351452,"material damage only","4","rain",false,1,"GM0599"
"20230079456",2023,"Uitsluitend materiele schade",2,"e-bike","Fiets","Flank","Kruispunt, 3 takken",30,"Niet brandend","Daglicht","Droog",\N,\N,"Zonneweilaan","Vught","Vught","Noord-Brabant",false,51.659595,5.277859,"material damage only","4","clear",false,1,"GM0865"
"20230079458",2023,"Uitsluitend materiele schade",2,"Fiets","Fiets","Onbekend","Rechte weg",80,"Niet brandend","Daglicht","Droog",\N,"600495244","Goesestraatweg","'s-Gravenpolder","Borsele","Zeeland",false,51.471713,3.903509,"material damage only","4","clear",false,1,"GM0654"
"20230084149",2023,"Letsel",2,"Bestelauto","Fiets","Eenzijdig","Bocht",50,"Niet brandend","Daglicht","Droog",\N,"210400012","Burg Scholtensstraat","Beverwijk","Beverwijk","Noord-Holland",false,52.487103,4.658314,"injury","2","clear",false,1,"GM0375"
"20230098155",2023,"Uitsluitend materiele schade",2,"Personenauto","Fiets","Flank","Rotonde",50,"Brandend","Duisternis","Harde windstoten/Sneeuw/Hagel",\N,\N,"Rijksstraatweg","Heemskerk","Heemskerk","Noord-Holland",false,52.516808,4.652177,"material damage only","4","unknown",false,1,"GM0396"
"20230103628",2023,"Letsel",2,"Personenauto","Fiets","Flank","Kruispunt, 4 takken",30,"Brandend","Daglicht","Regen",\N,\N,"Groenewoudlaan","Spijkenisse","Nissewaard","Zuid-Holland",false,51.846824,4.335419,"injury","2","rain",false,1,"GM1930"
"20230094124",2023,"Letsel",2,"Personenauto","Fiets","Flank","Rechte weg",60,"Niet brandend","Daglicht","Droog",\N,"523359003","Postweg","de Lutte","Losser","Overijssel",false,52.294134,6.947881,"injury","2","clear",false,1,"GM0168"
"20230101345",2023,"Letsel",2,"Personenauto","e-bike","Flank","Kruispunt, 4 takken",50,"Brandend","Schemer","Regen",\N,"600717376","Ferrandweg","'s-Gravenhage","'s-Gravenhage","Zuid-Holland",false,52.056555,4.312348,"injury","2","rain",false,1,"GM0518"
"20230103674",2023,"Letsel",2,"Personenauto","Fiets","Flank","Kruispunt, 4 takken",50,"Niet brandend","Daglicht","Droog",\N,\N,"Noorderbreedte","Capelle aan den IJssel","Capelle aan den IJssel","Zuid-Holland",false,51.941632,4.602653,"injury","2","clear",false,1,"GM0502"
"20230105013",2023,"Uitsluitend materiele schade",2,"Personenauto","Fiets","Flank","Kruispunt, 3 takken",50,"Brandend","Schemer","Droog",\N,\N,"Middelweg","Zwolle","Zwolle","Overijssel",false,52.527682,6.093213,"material damage only","4","clear",false,1,"GM0193"
"20230086497",2023,"Letsel",2,"Personenauto","Fiets","Flank","Rechte weg",30,"Niet brandend","Daglicht","Droog",\N,"176336004","Willem de Zwijgerlaan","Katwijk","Katwijk","Zuid-Holland",false,52.198264,4.412017,"injury","2","clear",false,1,"GM0537"
"20230093600",2023,"Uitsluitend materiele schade",2,"Personenauto","e-bike","Flank","Kruispunt, 4 takken",30,"Niet brandend","Daglicht","Droog",\N,\N,"Gedempte Zuiderdiep","Groningen","Groningen","Groningen",false,53.214471,6.565407,"material damage only","4","clear",false,1,"GM0014"
"20230103191",2023,"Uitsluitend materiele schade",2,"Personenauto","Fiets","Frontaal","Kruispunt, 4 takken",30,"Niet brandend","Daglicht","Droog",\N,\N,"Prof.Mr. P.J. Oudstraat","Gorinchem","Gorinchem","Zuid-Holland",false,51.835958,4.993907,"material damage only","4","clear",false,1,"GM0512"
"20230105325",2023,"Letsel",2,"Scootmobiel","Fiets","Onbekend","Rechte weg",15,"Niet brandend","Daglicht","Regen",\N,"516342146","H.J. van Heekplein","Enschede","Enschede","Overijssel",false,52.218368,6.897664,"injury","2","rain",false,1,"GM0153"
"20230086536",2023,"Uitsluitend materiele schade",2,"Personenauto","Fiets","Flank","Kruispunt, 4 takken",50,"Niet brandend","Daglicht","Droog",\N,\N,"Rijswijkseplein","'s-Gravenhage","'s-Gravenhage","Zuid-Holland",false,52.073074,4.324367,"material damage only","4","clear",false,1,"GM0518"
"20230089498",2023,"Letsel",2,"Fiets","Fiets","Frontaal","Kruispunt, 3 takken",50,"Brandend","Duisternis","Droog",\N,\N,"Lozerlaan","'s-Gravenhage","'s-Gravenhage","Zuid-Holland",false,52.038207,4.250062,"injury","2","clear",false,1,"GM0518"
"20230091873",2023,"Uitsluitend materiele schade",2,"Personenauto","Fiets","Flank","Kruispunt, 4 takken",50,"Brandend","Duisternis","Droog",\N,\N,"Dillenburgstraat","Eindhoven","Eindhoven","Noord-Brabant",false,51.428282,5.43776,"material damage only","4","clear",false,1,"GM0772"
"20230096509",2023,"Uitsluitend materiele schade",2,"Personenauto","Fiets","Onbekend","Rotonde",50,"Niet brandend","Daglicht","Regen",\N,\N,"Polanerbaan","Woerden","Woerden","Utrecht",false,52.079069,4.894107,"material damage only","4","rain",false,1,"GM0632"
"20230097647",2023,"Letsel",2,"Fiets",\N,"Eenzijdig","Rechte weg",30,"Niet brandend","Daglicht","Droog",\N,"242369049","Ferdinand Bolstraat","Amsterdam","Amsterdam","Noord-Holland",false,52.351235,4.891403,"injury","2","clear",false,1,"GM0363"
"20230102244",2023,"Uitsluitend materiele schade",3,"Bestelauto","Fiets","Onbekend","Kruispunt, 4 takken",30,"Brandend","Schemer","Droog",\N,\N,"Guirlande","'s-Gravenhage","'s-Gravenhage","Zuid-Holland",false,52.048729,4.364768,"material damage only","4","clear",false,1,"GM0518"
"20230103206",2023,"Letsel",2,"Personenauto","Fiets","Onbekend","Kruispunt, 4 takken",30,"Brandend","Duisternis","Droog",\N,\N,"Parkweg","Schiedam","Schiedam","Zuid-Holland",false,51.927795,4.394754,"injury","2","clear",false,1,"GM0606"
"20230105329",2023,"Letsel",2,"Fiets","Bestelauto","Eenzijdig","Kruispunt, 4 takken",50,"Niet brandend","Daglicht","Droog",\N,\N,"Weusthagstraat","Hengelo","Hengelo (O)","Overijssel",false,52.277341,6.798391,"injury","2","clear",false,1,\N
"20230105361",2023,"Uitsluitend materiele schade",2,"e-bike","Fiets","Frontaal","Rotonde",30,"Brandend","Duisternis","Droog",\N,\N,"Wijchenseweg","Nijmegen","Nijmegen","Gelderland",false,51.824965,5.790798,"material damage only","4","clear",false,1,"GM0268"
"20230105620",2023,"Letsel",2,"Personenauto","Fiets","Flank","Kruispunt, 4 takken",50,"Brandend","Duisternis","Regen",\N,\N,"Saffierstraat","Hengelo","Hengelo (O)","Overijssel",false,52.241734,6.773596,"injury","2","rain",false,1,\N
"20230105998",2023,"Letsel",2,"Personenauto","Fiets","Flank","Rotonde",50,"Niet brandend","Daglicht","Droog",\N,\N,"Verlengde Holterstrwg","Rijssen","Rijssen-Holten","Overijssel",false,52.309003,6.512075,"injury","2","clear",false,1,"GM1742"
"20230087201",2023,"Uitsluitend materiele schade",2,"Fiets","Fiets","Flank","Rechte weg",30,"Niet brandend","Daglicht","Droog",\N,"600389992","Postjeskade","Amsterdam","Amsterdam","Noord-Holland",false,52.359263,4.84952,"material damage only","4","clear",false,1,"GM0363"
"20230090765",2023,"Uitsluitend materiele schade",2,"Personenauto","Fiets","Flank",\N,30,\N,"Daglicht",\N,\N,"396113039","Julianalaan","Roermond","Roermond","Limburg",false,51.199884,6.007587,"material damage only","4","unknown",false,1,"GM0957"
"20230098338",2023,"Letsel",2,"Bromfiets","e-bike","Flank","Kruispunt, 4 takken",50,"Brandend","Duisternis","Regen",\N,\N,"Amerikaweg","Haarlem","Haarlem","Noord-Holland",false,52.367556,4.654163,"injury","2","rain",false,1,"GM0392"
"20230103811",2023,"Letsel",1,"Fiets",\N,"Eenzijdig","Rechte weg",30,"Niet brandend","Daglicht","Droog",\N,"215298072","Bloemendaalseweg","Gouda","Gouda","Zuid-Holland",false,52.028545,4.700607,"injury","2","clear",false,1,"GM0513"
"20230105714",2023,"Uitsluitend materiele schade",2,"Personenauto","Fiets","Onbekend","Bocht",30,"Niet brandend","Daglicht","Droog",\N,\N,"Belgiëlaan","Enschede","Enschede","Overijssel",false,52.205589,6.875876,"material damage only","4","clear",false,1,"GM0153"
"20230083180",2023,"Uitsluitend materiele schade",3,"Fiets","Personenauto","Onbekend","Rechte weg",30,"Niet brandend","Daglicht","Droog",\N,"600382382","van Welderenstraat","Nijmegen","Nijmegen","Gelderland",false,51.842979,5.861564,"material damage only","4","clear",false,1,"GM0268"
"20230093731",2023,"Uitsluitend materiele schade",1,"Fiets",\N,"Flank","Rotonde",50,"Niet brandend","Daglicht","Droog",\N,\N,"Stadswei","Harderwijk","Harderwijk","Gelderland",false,52.331906,5.610031,"material damage only","4","clear",false,1,"GM0243"
"20230095464",2023,"Letsel",3,"Bestelauto","Fiets","Flank","Rechte weg",50,"Brandend","Duisternis","Droog",\N,"600395199","Spaarndamseweg","Haarlem","Haarlem","Noord-Holland",true,52.407961,4.66395,"injury","2","clear",false,1,"GM0392"
"20230096621",2023,"Letsel",3,"Personenauto","Fiets","Onbekend","Rotonde",30,"Niet brandend","Daglicht","Regen",\N,\N,"Miereveldstraat","Amersfoort","Amersfoort","Utrecht",false,52.148367,5.384291,"injury","2","rain",false,1,"GM0307"
"20230101912",2023,"Letsel",2,"Personenauto","Fiets","Flank","Kruispunt, 3 takken",50,"Brandend","Schemer","Regen",\N,"160315011","Van Lennepweg","'s-Gravenhage","'s-Gravenhage","Zuid-Holland",false,52.100943,4.300001,"injury","2","rain",false,1,"GM0518"
"20230079720",2023,"Letsel",2,"Bestelauto","Fiets","Onbekend","Rotonde",50,"Niet aanwezig","Daglicht","Droog",\N,\N,"Brederodeweg","Boxtel","Boxtel","Noord-Brabant",false,51.585728,5.331685,"injury","2","clear",false,1,"GM0757"