"accident_id","year","severity_raw","party_count","party1_type","party2_type","accident_type","road_situation","speed_limit_kmh","road_lighting","light_condition_label","weather_raw","infra_type","road_segment_id","street_name","place_name","gemeente_name_raw","province","alcohol_indicated","latitude","longitude","severity_label","severity_code","weather_label","built_up_area","cyclists_involved","gemeente_code"
"20230082049",2023,"Letsel",2,"Fiets","Fiets","Onbekend","Rechte weg",50,"Niet brandend","Daglicht","Droog",\N,"396108047","Karel Doormanstraat","Roermond","Roermond","Limburg",false,51.178014,6.002658,"injury","2","clear",false,1,"GM0957"
"20230084973",2023,"Uitsluitend materiele schade",2,"Personenauto","e-bike","Flank","Kruispunt, 4 takken",60,"Niet brandend","Daglicht","Droog",\N,\N,"Haersingel","Hellendoorn","Hellendoorn","Overijssel",false,52.396494,6.454277,"material damage only","4","clear",false,1,"GM0163"
"20230087858",2023,"Uitsluitend materiele schade",2,"Personenauto","e-bike","Flank","Rotonde",50,"Brandend","Duisternis","Mist",\N,\N,"Oranjelaan","Castricum","Castricum","Noord-Holland",false,52.556675,4.665375,"material damage only","4","fog",false,1,"GM0383"
"20230083251",2023,"Uitsluitend materiele schade",2,"Personenauto","Fiets","Flank","Kruispunt, 4 takken",50,"Niet brandend","Daglicht","Regen",\N,\N,"Floraparkstraat","Enschede","Enschede","Overijssel",false,52.232198,6.918491,"material damage only","4","rain",false,1,"GM0153"
"20230086739",2023,"Letsel",3,"Overig wegmeubilair","Fiets","Eenzijdig","Rechte weg",50,"Niet aanwezig","Duisternis","Droog",\N,"233363005","Bosbaanweg","Amstelveen","Amstelveen","Noord-Holland",false,52.324522,4.830234,"injury","2","clear",false,1,"GM0362"
"20230087893",2023,"Letsel",2,"Fiets","Bromfiets","Flank","Rechte weg",\N,"Niet brandend","Daglicht","Regen",\N,"222420001","Kanaalweg","Heiloo","Heiloo","Noord-Holland",false,52.581437,4.740326,"injury","2","rain",false,1,"GM0399"
"20230089668",2023,"Letsel",2,"Personenauto","Fiets","Kop/staart","Rechte weg",50,\N,"Daglicht","Droog",\N,"215293030","Reigerstraat","Gouda","Gouda","Zuid-Holland",false,52.008694,4.697382,"injury","2","clear",false,1,"GM0513"
"20230090888",2023,"Uitsluitend materiele schade",2,"Personenauto","Fiets","Flank","Kruispunt, 4 takken",70,"Niet brandend","Schemer","Droog",\N,\N,"Deurneseweg","Helmond","Helmond","Noord-Brabant",false,51.471866,5.705564,"material damage only","4","clear",false,1,"GM0794"
"20230092643",2023,"Letsel",2,"Fiets","Fiets","Frontaal","Rechte weg",30,"Brandend","Duisternis","Regen",\N,"341170062","Besselhoeve","Helmond","Helmond","Noord-Brabant",false,51.454478,5.611572,"injury","2","rain",false,1,"GM0794"
"20230094365",2023,"Uitsluitend materiele schade",2,"Fiets","Fiets","Flank","Rechte weg",30,"Niet brandend","Daglicht","Droog",\N,"409467062","Meppelerweg","Steenwijk","Steenwijkerland","Overijssel",false,52.787347,6.12253,"material damage only","4","clear",false,1,"GM1708"
"20230098441",2023,"Uitsluitend materiele schade",3,"Bestelauto","Fiets","Onbekend","Rechte weg",30,"Brandend","Duisternis","Regen",\N,"320166023","Strijpsestraat","Eindhoven","Eindhoven","Noord-Brabant",false,51.438758,5.461826,"material damage only","4","rain",false,1,"GM0772"
"20230102873",2023,"Letsel",1,"Fiets",\N,"Eenzijdig","Rechte weg",30,"Niet brandend","Daglicht","Droog",\N,"166314020","Floris Arntzeniusplein","'s-Gravenhage","'s-Gravenhage","Zuid-Holland",false,52.097051,4.339351,"injury","2","clear",false,1,"GM0518"
"20230102879",2023,"Letsel",2,"Fiets","Personenauto","Flank","Rechte weg",50,"Niet brandend","Daglicht","Regen",\N,"233371106","Pieter Calandlaan","Amsterdam","Amsterdam","Noord-Holland",false,52.35619,4.825653,"injury","2","rain",false,1,"GM0363"
"20230079789",2023,"Uitsluitend materiele schade",2,"Personenauto","Fiets","Flank","Kruispunt, 4 takken",50,"Niet brandend","Daglicht","Droog",\N,\N,"Dommelstraat","Valkenswaard","Valkenswaard","Noord-Brabant",false,51.355678,5.438106,"material damage only","4","clear",false,1,"GM0858"
"20230080359",2023,"Letsel",2,"Personenauto","Fiets","Flank","Rotonde",50,"Brandend","Duisternis","Droog",\N,\N,"Rembrandtstraat","Oud-Beijerland","Hoeksche Waard","Zuid-Holland",false,51.815419,4.414342,"injury","2","clear",false,1,"GM1963"
"20230085604",2023,"Letsel",2,"Personenauto","Fiets","Flank","Kruispunt, 3 takken",50,"Brandend","Duisternis","Droog",\N,\N,"Brinkgreverweg","Deventer","Deventer","Overijssel",false,52.257364,6.165829,"injury","2","clear",false,1,"GM0150"
"20230087940",2023,"Letsel",2,"Personenauto","Fiets","Flank","Kruispunt, 4 takken",50,"Niet brandend","Daglicht","Droog",\N,"601002517","Fonteinlaan","Haarlem","Haarlem","Noord-Holland",false,52.367715,4.628586,"injury","2","clear",false,1,"GM0392"
"20230090268",2023,"Letsel",2,"Fiets","Personenauto","Flank","Kruispunt, 4 takken",30,"Brandend","Daglicht","Droog","Tunnel",\N,"FIETSPAD","Gouda","Gouda","Zuid-Holland",false,52.016657,4.712619,"injury","2","clear",false,1,"GM0513"
"20230102942",2023,"Letsel",1,"Fiets",\N,"Eenzijdig","Rechte weg",30,"Brandend","Schemer","Droog",\N,"161309076","Westeinde","'s-Gravenhage","'s-Gravenhage","Zuid-Holland",false,52.076621,4.305147,"injury","2","clear",false,1,"GM0518"
"20230083931",2023,"Letsel",2,"Personenauto","e-bike","Geparkeerd voertuig","Kruispunt, 3 takken",50,"Niet brandend","Daglicht",\N,"Parkeervoorziening",\N,"Van Swietenplein","Groningen","Groningen","Groningen",false,53.192686,6.551504,"injury","2","unknown",false,1,"GM0014"
"20230091555",2023,"Letsel",1,"Fiets",\N,"Eenzijdig","Rechte weg",50,"Niet brandend","Daglicht","Droog",\N,"395161005","Americaanseweg","Kronenberg","Horst aan de Maas","Limburg",false,51.415994,6.000958,"injury","2","clear",false,1,"GM1507"
"20230099104",2023,"Uitsluitend materiele schade",2,"Bus","Fiets","Flank","Rotonde",50,"Niet brandend","Daglicht","Droog",\N,\N,"Roermondsestraat","Venlo","Venlo","Limburg",false,51.366028,6.164683,"material damage only","4","clear",false,1,"GM0983"
"20230083383",2023,"Letsel",2,"Bestelauto","Fiets","Eenzijdig","Rechte weg",50,"Niet brandend","Daglicht","Regen",\N,"410339003","Molenallee","Wilp","Voorst","Gelderland",false,52.214486,6.124747,"injury","2","rain",false,1,"GM0285"
"20230086272",2023,"Uitsluitend materiele schade",2,"e-bike","Personenauto","Flank","Rotonde",50,"Brandend","Schemer","Regen",\N,\N,"Muntmeesterdreef","Dronten","Dronten","Flevoland",false,52.536339,5.705202,"material damage only","4","rain",false,1,"GM0303"
"20230091004",2023,"Uitsluitend materiele schade",2,"Personenauto","Fiets","Flank","Rotonde",50,"Niet brandend","Daglicht","Regen",\N,\N,"Via Regia","Maastricht","Maastricht","Limburg",false,50.84893,5.672042,"material damage only","4","rain",false,1,"GM0935"
"20230099131",2023,"Uitsluitend materiele schade",2,"Fiets","Voetganger","Voetganger","Rechte weg",30,"Brandend","Duisternis","Regen","Parkeervoorziening","600447550","Meester Slootsweg","Waalre","Waalre","Noord-Brabant",false,51.387728,5.440008,"material damage only","4","rain",false,1,"GM0866"
"20230103501",2023,"Letsel",1,"Fiets",\N,"Eenzijdig","Rechte weg",50,"Brandend","Duisternis","Regen",\N,"182273109","Nieuwe Binnenweg","Rotterdam","Rotterdam","Zuid-Holland",false,51.913953,4.464611,"injury","2","rain",false,1,"GM0599"
"20230083977",2023,"Letsel",2,"Personenauto","e-bike","Flank","Kruispunt, 3 takken",30,"Niet brandend","Daglicht","Droog",\N,\N,"Brinkstraat","Oosterwolde","Ooststellingwerf","Friesland",false,52.993198,6.293817,"injury","2","clear",false,1,"GM0085"
"20230087471",2023,"Letsel",3,"Fiets","Fiets","Onbekend","Bocht",30,"Niet brandend","Daglicht","Droog",\N,"249363049","Chestertonlaan","Amsterdam","Amsterdam","Noord-Holland",false,52.324363,4.947174,"injury","2","clear",false,1,"GM0363"
"20230089223",2023,"Letsel",2,"Personenauto","Fiets","Flank","Kruispunt, 4 takken",50,"Niet brandend","Daglicht","Droog",\N,\N,"Laan van Avant-Garde","Rotterdam","Rotterdam","Zuid-Holland",false,51.973543,4.589205,"injury","2","clear",false,1,"GM0599"
"20230080492",2023,"Uitsluitend materiele schade",2,"e-bike","e-bike","Kop/staart","Rechte weg",50,"Niet brandend","Daglicht","Droog",\N,"600700778","FIETSPAD","Berkel en Rodenrijs","Lansingerland","Zuid-Holland",false,51.99486,4.470824,"material damage only","4","clear",false,1,"GM1621"
"20230081069",2023,"Letsel",2,"Personenauto","Fiets","Flank","Rotonde",50,"Niet brandend","Daglicht","Droog",\N,\N,"Groeninx van Zoelenlaan","Rotterdam","Rotterdam","Zuid-Holland",false,51.886069,4.543081,"injury","2","clear",false,1,"GM0599"
"20230086888",2023,"Letsel",2,"Fiets","Fiets","Onbekend","Rechte weg",50,"Niet brandend","Daglicht","Droog",\N,"600944313","Noordlandseweg","'s-Gravenzande","Westland","Zuid-Holland",false,52.001123,4.144322,"injury","2","clear",false,1,"GM1783"
"20220004209",2022,"Letsel",1,"Fiets",\N,"Eenzijdig","Rotonde",50,"Niet brandend","Daglicht","Droog",\N,\N,"Oosteinde","Vriezenveen","Twenterand","Overijssel",false,52.413126,6.628403,"injury","2","clear",false,1,"GM1700"
"20220006385",2022,"Uitsluitend materiele schade",2,"Personenauto","Fiets","Frontaal","Bocht",30,"Niet brandend","Daglicht","Droog",\N,"446267010","Singel","Ulft","Oude IJsselstreek","Gelderland",false,51.887235,6.380229,"material damage only","4","clear",false,1,"GM1509"
"20220004866",2022,"Uitsluitend materiele schade",2,"Fiets","Fiets","Flank","Kruispunt, 4 takken",50,"Niet brandend","Daglicht","Droog",\N,\N,"Schapendrift","Elspeet","Nunspeet","Gelderland",false,52.319607,5.7546,"material damage only","4","clear",false,1,"GM0302"
"20220006195",2022,"Uitsluitend materiele schade",2,"Personenauto","Fiets","Onbekend",\N,30,\N,"Daglicht",\N,\N,"372252020","Slotemaker de Bruineweg","Nijmegen","Nijmegen","Gelderland",false,51.824471,5.840279,"material damage only","4","unknown",false,1,"GM0268"
"20220131836",2022,"Uitsluitend materiele schade",2,"Personenauto","e-bike","Flank","Rotonde",50,"Niet brandend","Daglicht","Droog",\N,\N,"Euterpelaan","Oss","Oss","Noord-Brabant",false,51.755774,5.511471,"material damage only","4","clear",false,1,"GM0828"
"20220092367",2022,"Uitsluitend materiele schade",1,"Fiets",\N,"Onbekend","Kruispunt, 4 takken",50,"Niet brandend","Daglicht","Droog",\N,\N,"Nijbracht","Emmen","Emmen","Drenthe",false,52.761339,6.899838,"material damage only","4","clear",false,1,"GM0114"
"20220118875",2022,"Letsel",2,"Fiets","e-bike","Flank","Kruispunt, 3 takken",60,"Niet brandend","Daglicht","Droog",\N,\N,"Brinkstraat","Enschede","Enschede","Overijssel",false,52.205101,6.911076,"injury","2","clear",false,1,"GM0153"
"20230000441",2023,"Letsel",1,"Fiets",\N,"Eenzijdig",\N,60,\N,"Daglicht",\N,\N,"331350005","Stenenkamerseweg","Putten","Putten","Gelderland",false,52.263862,5.551999,"injury","2","unknown",false,1,"GM0273"
"20220280002",2022,"Dodelijk",2,"Personenauto","e-bike","Flank","Rechte weg",50,"Brandend","Duisternis","Droog",\N,\N,"Zutphensestraat","Apeldoorn","Apeldoorn","Gelderland",false,52.20836,6.015409,"fatal","1","clear",false,1,"GM0200"
"20220068174",2022,"Uitsluitend materiele schade",2,"Personenauto","Fiets","Flank","Kruispunt, 4 takken",30,"Niet brandend","Daglicht","Droog",\N,\N,"Oosteinderweg","Rosmalen","'s-Hertogenbosch","Noord-Brabant",false,51.723692,5.37244,"material damage only","4","clear",false,1,"GM0796"
"20220076036",2022,"Uitsluitend materiele schade",2,"Personenauto","e-bike","Flank","Kruispunt, 3 takken",30,"Niet brandend","Daglicht","Droog",\N,\N,"Kastanjelaan","Putten","Putten","Gelderland",false,52.26681,5.614222,"material damage only","4","clear",false,1,"GM0273"
"20220082574",2022,"Letsel",2,"Personenauto","Fiets","Flank","Kruispunt, 4 takken",50,"Niet brandend","Daglicht","Droog",\N,\N,"Loosduinse Hoofdstraat","'s-Gravenhage","'s-Gravenhage","Zuid-Holland",false,52.051739,4.229082,"injury","2","clear",false,1,"GM0518"
"20220089043",2022,"Uitsluitend materiele schade",2,"Personenauto","Fiets","Flank","Rotonde",50,"Niet brandend","Daglicht","Droog",\N,\N,"Kasteellaan","Eindhoven","Eindhoven","Noord-Brabant",false,51.426983,5.442375,"material damage only","4","clear",false,1,"GM0772"
"20220094724",2022,"Letsel",3,"e-bike","Landbouwvoertuig","Onbekend","Rechte weg",60,"Niet aanwezig","Daglicht","Droog",\N,"468372006","Nijverdalsestraat","Wierden","Wierden","Overijssel",false,52.35933,6.553697,"injury","2","clear",false,1,"GM0189"
"20220016314",2022,"Uitsluitend materiele schade",2,"Bromfiets","Fiets","Flank","Kruispunt, 4 takken",50,"Brandend","Duisternis","Droog",\N,\N,"Roetersstraat","Amsterdam","Amsterdam","Noord-Holland",false,52.364156,4.910989,"material damage only","4","clear",false,1,"GM0363"
"20220019658",2022,"Letsel",1,"Fiets",\N,"Eenzijdig","Bocht",60,"Brandend","Duisternis","Regen",\N,"600736022","Herenweg","Moerkapelle","Zuidplas","Zuid-Holland",false,52.056762,4.575589,"injury","2","rain",false,1,"GM1892"
"20220035487",2022,"Uitsluitend materiele schade",2,"Personenauto","Fiets","Flank","Rotonde",50,"Niet brandend","Daglicht","Droog",\N,\N,"Raadhuisstraat","Wognum","Medemblik","Noord-Holland",false,52.680676,5.027908,"material damage only","4","clear",false,1,"GM0420"
"20220052116",2022,"Uitsluitend materiele schade",2,"Bestelauto","Fiets","Flank","Rechte weg",30,"Niet aanwezig","Daglicht","Droog",\N,"209382012","Sillemstraat","Haarlem","Haarlem","Noord-Holland",false,52.407355,4.651314,"material damage only","4","clear",false,1,"GM0392"
"20220059222",2022,"Letsel",2,"Fiets","e-bike","Flank","Rotonde",50,"Niet brandend","Daglicht","Droog",\N,\N,"Haringkade","'s-Gravenhage","'s-Gravenhage","Zuid-Holland",false,52.10421,4.28596,"injury","2","clear",false,1,"GM0518"
"20220069867",2022,"Uitsluitend materiele schade",2,"Personenauto","Fiets","Flank","Kruispunt, 4 takken",30,"Niet brandend","Daglicht","Droog",\N,\N,"Agricolastraat","Sittard","Sittard-Geleen","Limburg",false,50.995306,5.861046,"material damage only","4","clear",false,1,"GM1883"
"20220037494",2022,"Letsel",2,"Bromfiets","Fiets","Flank","Rechte weg",80,"Brandend","Duisternis",\N,\N,"154266048","Botlekweg","Botlek Rotterdam","Rotterdam","Zuid-Holland",false,51.883398,4.260477,"injury","2","unknown",false,1,"GM0599"
"20220081465",2022,"Uitsluitend materiele schade",3,"Bestelauto","e-bike","Onbekend","Rotonde",50,"Niet brandend","Daglicht","Droog",\N,\N,"Hoofddorpplein","Amsterdam","Amsterdam","Noord-Holland",false,52.351164,4.850363,"material damage only","4","clear",false,1,"GM0363"
"20220108261",2022,"Letsel",2,"Personenauto","Fiets","Flank","Rotonde",50,"Niet brandend","Daglicht","Droog",\N,\N,"Groenezoom","Dordrecht","Dordrecht","Zuid-Holland",false,51.803949,4.705848,"injury","2","clear",false,1,"GM0505"
"20220033833",2022,"Uitsluitend materiele schade",2,"Bestelauto","Fiets","Flank","Kruispunt, 4 takken",50,"Niet brandend","Schemer","Droog",\N,\N,"Plantagelaan","Barneveld","Barneveld","Gelderland",false,52.126946,5.566788,"material damage only","4","clear",false,1,"GM0203"
"20220067051",2022,"Uitsluitend materiele schade",3,"Personenauto","Fiets","Los voorwerp","Rotonde",50,"Niet brandend","Daglicht","Droog",\N,\N,"Mierloseweg","Geldrop","Geldrop-Mierlo","Noord-Brabant",false,51.422893,5.557404,"material damage only","4","clear",false,1,"GM1771"
"20220080861",2022,"Uitsluitend materiele schade",2,"Personenauto","Fiets","Onbekend","Kruispunt, 4 takken",50,"Niet brandend","Daglicht","Droog",\N,\N,"Molukkenstraat","Amsterdam","Amsterdam","Noord-Holland",false,52.366046,4.939474,"material damage only","4","clear",false,1,"GM0363"
"20220083811",2022,"Uitsluitend materiele schade",2,"Personenauto","Fiets","Flank","Kruispunt, 4 takken",50,"Niet brandend","Daglicht","Droog",\N,\N,"Hobbemastraat","'s-Gravenhage","'s-Gravenhage","Zuid-Holland",false,52.06954,4.304829,"material damage only","4","clear",false,1,"GM0518"
"20220110466",2022,"Uitsluitend materiele schade",2,"Bestelauto","Fiets","Flank","Rechte weg",30,"Niet brandend","Daglicht","Droog",\N,"268192162","Heuvelstraat","Tilburg","Tilburg","Noord-Brabant",false,51.556994,5.089062,"material damage only","4","clear",false,1,"GM0855"
"20220110476",2022,"Uitsluitend materiele schade",2,"Personenauto","Fiets","Flank","Kruispunt, 3 takken",60,"Niet brandend","Daglicht","Droog",\N,\N,"Gebrande Hoefstraat","Rucphen","Rucphen","Noord-Brabant",false,51.533398,4.535198,"material damage only","4","clear",false,1,"GM0840"
"20220111393",2022,"Letsel",2,"Personenauto","e-bike","Onbekend","Kruispunt, 3 takken",50,"Niet brandend","Daglicht","Droog",\N,\N,"Bronkhorstweg","Velp","Land van Cuijk","Noord-Brabant",false,51.761606,5.715428,"injury","2","clear",false,1,"GM1982"
"20220111773",2022,"Uitsluitend materiele schade",2,"Personenauto","Fiets","Onbekend","Kruispunt, 4 takken",50,"Niet brandend","Daglicht","Droog",\N,\N,"Noord Brabantlaan","Eindhoven","Eindhoven","Noord-Brabant",false,51.438758,5.43191,"material damage only","4","clear",false,1,"GM0772"
"20220111991",2022,"Letsel",2,"Snorfiets","e-bike","Flank","Kruispunt, 4 takken",30,"Niet brandend","Daglicht","Droog",\N,\N,"Deltaweg","Helmond","Helmond","Noord-Brabant",false,51.470905,5.7017,"injury","2","clear",false,1,"GM0794"
"20220112343",2022,"Letsel",1,"Fiets",\N,"Eenzijdig","Kruispunt, 3 takken",\N,"Niet brandend","Daglicht","Regen",\N,\N,"Graafseweg","'s-Hertogenbosch","'s-Hertogenbosch","Noord-Brabant",false,51.699907,5.331685,"injury","2","rain",false,1,"GM0796"
"20220009589",2022,"Uitsluitend materiele schade",2,"Fiets","Fiets","Flank","Rechte weg",50,"Brandend","Duisternis","Droog",\N,"280339046","Gijsbrecht van Amstelstr","Hilversum","Hilversum","Noord-Holland",false,52.215935,5.16943,"material damage only","4","clear",false,1,"GM0402"
"20220013750",2022,"Uitsluitend materiele schade",2,"Fiets","Fiets","Onbekend",\N,50,\N,"Schemer",\N,\N,"600760654","Middenweg","Heerhugowaard","Dijk en Waard","Noord-Holland",false,52.713293,4.852487,"material damage only","4","unknown",false,1,"GM1980"
"20220033991",2022,"Letsel",2,"Personenauto","Fiets","Flank","Bocht",60,"Niet aanwezig","Daglicht","Droog",\N,"428381001","Hondemotsweg","Raalte","Raalte","Overijssel",false,52.397144,6.260108,"injury","2","clear",false,1,"GM0177"
"20220034039",2022,"Uitsluitend materiele schade",2,"Personenauto","Fiets","Flank","Kruispunt, 3 takken",50,"Brandend","Duisternis","Regen",\N,\N,"Rietmansweg","Dalfsen","Dalfsen","Overijssel",false,52.493999,6.264049,"material damage only","4","rain",false,1,"GM0148"
"20220085195",2022,"Uitsluitend materiele schade",2,"Bestelauto","Fiets","Flank","Rechte weg",30,"Niet brandend","Daglicht","Droog",\N,"251254021","Leidekkerstraat","Gorinchem","Gorinchem","Zuid-Holland",false,51.833744,4.962718,"material damage only","4","clear",false,1,"GM0512"
"20220114044",2022,"Uitsluitend materiele schade",2,"Personenauto","Fiets","Onbekend",\N,50,\N,"Duisternis",\N,\N,"600816515","Dousbergweg","Maastricht","Maastricht","Limburg",false,50.855296,5.654047,"material damage only","4","unknown",false,1,"GM0935"
"20220020301",2022,"Letsel",2,"Fiets","Fiets","Onbekend",\N,30,"Niet aanwezig","Daglicht","Regen",\N,"185300044","Spectrumsingel","Zoetermeer","Zoetermeer","Zuid-Holland",false,52.03882,4.484787,"injury","2","rain",false,1,"GM0637"
"20220041767",2022,"Letsel",2,"Personenauto","Fiets","Flank","Kruispunt, 3 takken",50,"Niet brandend","Daglicht","Droog",\N,\N,"Lichtboei","Groningen","Groningen","Groningen",false,53.234542,6.613086,"injury","2","clear",false,1,"GM0014"
"20220048093",2022,"Uitsluitend materiele schade",3,"Bromfiets","Fiets","Flank","Rechte weg",80,"Niet brandend","Daglicht","Droog",\N,"600615849","Edeseweg","Lunteren","Ede","Gelderland",false,52.0734,5.631369,"material damage only","4","clear",false,1,"GM0228"
"20220059566",2022,"Letsel",2,"Fiets","Voetganger","Voetganger","Rechte weg",\N,"Niet brandend","Daglicht","Droog",\N,"600573880","De Genestetlaan","'s-Gravenhage","'s-Gravenhage","Zuid-Holland",false,52.058489,4.321691,"injury","2","clear",false,1,"GM0518"
"20220068722",2022,"Uitsluitend materiele schade",2,"Fiets","Personenauto","Flank","Kruispunt, 3 takken",50,"Niet brandend","Daglicht","Droog",\N,\N,"FIETSPAD","Venlo","Venlo","Limburg",false,51.361289,6.180904,"material damage only","4","clear",false,1,"GM0983"
"20220104917",2022,"Letsel",1,"e-bike",\N,"Eenzijdig","Kruispunt, 4 takken",\N,"Niet brandend","Daglicht","Regen",\N,\N,"Muiderbergsestraat","'s-Gravenhage","'s-Gravenhage","Zuid-Holland",false,52.065886,4.278627,"injury","2","rain",false,1,"GM0518"
"20220020385",2022,"Letsel",2,"Fiets","Fiets","Onbekend","Bocht",50,"Brandend","Duisternis","Droog",\N,"206268005","Ooster Lekdijk","Krimpen aan de Lek","Krimpenerwaard","Zuid-Holland",false,51.895291,4.63664,"injury","2","clear",false,1,"GM1931"
"20220032348",2022,"Letsel",2,"Snorfiets","Fiets","Frontaal","Rotonde",\N,"Niet brandend","Daglicht","Droog",\N,\N,"Bleeklaan","Leeuwarden","Leeuwarden","Friesland",false,53.207174,5.803152,"injury","2","clear",false,1,"GM0080"
"20220057101",2022,"Letsel",2,"Fiets","Fiets","Onbekend","Rechte weg",50,"Brandend","Duisternis","Droog",\N,"600899863","Van Rijnweg","Rijswijk","Rijswijk","Zuid-Holland",false,52.022527,4.322601,"injury","2","clear",false,1,\N
"20220105709",2022,"Uitsluitend materiele schade",1,"Fiets",\N,"Onbekend","Rechte weg",30,"Niet brandend","Daglicht","Droog",\N,\N,"van Panhuysstraat","Noordwijk","Noordwijk","Zuid-Holland",false,52.244201,4.441327,"material damage only","4","clear",false,1,"GM0575"
"20220106043",2022,"Letsel",2,"Brommobiel","Fiets","Flank","Rechte weg",60,"Niet brandend","Daglicht","Droog",\N,"600242816","Steinsedijk","Haastrecht","Krimpenerwaard","Zuid-Holland",false,52.002898,4.766487,"injury","2","clear",false,1,"GM1931"
"20220106146",2022,"Letsel",2,"Fiets","Snorfiets","Flank","Kruispunt, 4 takken",30,"Niet brandend","Daglicht","Droog",\N,\N,"Willem de Zwijgerlaan","Leiden","Leiden","Zuid-Holland",false,52.168574,4.51103,"injury","2","clear",false,1,"GM0546"
"20220106271",2022,"Letsel",2,"Personenauto","Fiets","Flank","Rotonde",50,"Niet brandend","Daglicht","Droog",\N,\N,"Kruisbroekweg","Naaldwijk","Westland","Zuid-Holland",false,51.988724,4.206309,"injury","2","clear",false,1,"GM1783"
"20220095116",2022,"Uitsluitend materiele schade",2,"Personenauto","Fiets","Kop/staart","Rechte weg",30,"Niet brandend","Daglicht","Droog",\N,"345297071","Einsteinstraat","Ede","Ede","Gelderland",false,52.02886,5.644923,"material damage only","4","clear",false,1,"GM0228"
"20220045526",2022,"Letsel",2,"Personenauto","Fiets","Flank","Kruispunt, 4 takken",\N,"Niet aanwezig","Daglicht",\N,\N,\N,"Raadhuisstraat","Ede","Ede","Gelderland",false,52.050751,5.675859,"injury","2","unknown",false,1,"GM0228"
"20220052920",2022,"Uitsluitend materiele schade",2,"Fiets","Bromfiets","Kop/staart","Rechte weg",50,"Niet brandend","Daglicht","Droog",\N,\N,"Provincialeweg","Krommenie","Zaanstad","Noord-Holland",false,52.495746,4.753358,"material damage only","4","clear",false,1,"GM0479"
"20220093198",2022,"Letsel",2,"Personenauto","Fiets","Flank","Rechte weg",50,"Brandend","Duisternis","Droog",\N,"600271564","Julianalaan","Leeuwarden","Leeuwarden","Friesland",false,53.190037,5.784587,"injury","2","clear",false,1,"GM0080"
"20220108051",2022,"Uitsluitend materiele schade",2,"Bromfiets","Fiets","Onbekend","Kruispunt, 3 takken",\N,"Niet brandend","Daglicht",\N,\N,"216254056","Parkweg","Papendrecht","Papendrecht","Zuid-Holland",false,51.830818,4.709215,"material damage only","4","unknown",false,1,"GM0590"
"20220095588",2022,"Uitsluitend materiele schade",2,"e-bike","Personenauto","Onbekend","Rechte weg",50,"Niet brandend","Daglicht","Droog",\N,"600854226","Rembrandtkade","Deventer","Deventer","Overijssel",false,52.262647,6.133725,"material damage only","4","clear",false,1,"GM0150"
"20220048250",2022,"Letsel",2,"Personenauto","Fiets","Frontaal","Bocht",30,"Niet brandend","Daglicht",\N,\N,"406343036","Mozartstraat","Twello","Voorst","Gelderland",false,52.23254,6.096149,"injury","2","unknown",false,1,"GM0285"
"20220067564",2022,"Uitsluitend materiele schade",2,"Snorfiets","Fiets","Frontaal","Kruispunt, 4 takken",50,"Niet brandend","Daglicht","Droog",\N,\N,"Joris Minnestraat","Eindhoven","Eindhoven","Noord-Brabant",false,51.462162,5.469557,"material damage only","4","clear",false,1,"GM0772"
"20220081293",2022,"Uitsluitend materiele schade",2,"Personenauto","Fiets","Flank","Kruispunt, 4 takken",50,"Niet brandend","Daglicht","Droog",\N,\N,"Joan Muyskenweg","Amsterdam","Amsterdam","Noord-Holland",false,52.336705,4.912498,"material damage only","4","clear",false,1,"GM0363"
"20220083334",2022,"Uitsluitend materiele schade",3,"Bestelauto","Fiets","Flank","Bocht",30,"Niet brandend","Daglicht",\N,\N,"180342007","Fuikhoren","Noordwijk","Noordwijk","Zuid-Holland",false,52.227703,4.442277,"material damage only","4","unknown",false,1,"GM0575"
"20220094559",2022,"Letsel",2,"e-bike","Fiets","Frontaal","Rechte weg",50,"Niet brandend","Daglicht",\N,\N,"600855569","Boxbergerweg","Diepenveen","Deventer","Overijssel",false,52.278603,6.155992,"injury","2","unknown",false,1,"GM0150"
"20220055749",2022,"Uitsluitend materiele schade",2,"e-bike","Fiets","Kop/staart","Rechte weg",\N,"Niet brandend","Daglicht","Droog",\N,"600611048","Sarphatistraat","Amsterdam","Amsterdam","Noord-Holland",false,52.36691,4.925131,"material damage only","4","clear",false,1,"GM0363"
"20220059848",2022,"Uitsluitend materiele schade",2,"Personenauto","Fiets","Flank","Kruispunt, 4 takken",50,"Niet brandend","Daglicht","Droog",\N,\N,"Maasdijk","'s-Gravenzande","Westland","Zuid-Holland",false,51.972527,4.198019,"material damage only","4","clear",false,1,"GM1783"
"20220062921",2022,"Uitsluitend materiele schade",2,"Personenauto","Fiets","Flank","Kruispunt, 3 takken",30,"Niet brandend","Daglicht","Droog",\N,\N,"Haagseveer","Rotterdam","Rotterdam","Zuid-Holland",false,51.9243,4.480131,"material damage only","4","clear",false,1,"GM0599"
"20220086893",2022,"Letsel",2,"Personenauto","Fiets","Onbekend",\N,50,\N,"Daglicht",\N,\N,"155182004","Vierlinghweg","Bergen op Zoom","Bergen op Zoom","Noord-Brabant",false,51.502759,4.272304,"injury","2","unknown",false,1,"GM0748"