"accident_id","year","severity_raw","party_count","party1_type","party2_type","accident_type","road_situation","speed_limit_kmh","road_lighting","light_condition_label","weather_raw","infra_type","road_segment_id","street_name","place_name","gemeente_name_raw","province","alcohol_indicated","latitude","longitude","severity_label","severity_code","weather_label","built_up_area","cyclists_involved","gemeente_code"
"20240090721",2024,"Uitsluitend materiele schade",2,"Personenauto","Fiets","Onbekend","Kruispunt, 4 takken",50,"Niet brandend","Daglicht","Droog",\N,\N,"Weteringweg","Waalwijk","Waalwijk","Noord-Brabant",false,51.697912,5.068527,"material damage only","4","clear",false,1,"GM0867"
"20240093178",2024,"Letsel",2,"Fiets","Personenauto","Flank","Kruispunt, 3 takken",50,"Niet brandend","Daglicht","Droog",\N,"454378030","Ninaberlaan","Hellendoorn","Hellendoorn","Overijssel",false,52.383227,6.451241,"injury","2","clear",false,1,"GM0163"
"20240093811",2024,"Letsel",2,"Fiets","Personenauto","Flank","Rotonde",30,"Niet brandend","Daglicht","Regen",\N,\N,"Zwarteweg","Nijmegen","Nijmegen","Gelderland",false,51.884726,5.864439,"injury","2","rain",false,1,"GM0268"
"20240097651",2024,"Letsel",1,"Fiets",\N,"Onbekend","Rechte weg",30,"Niet brandend","Daglicht","Droog",\N,"159315003","Prof. P. S. Gerbrandyweg","'s-Gravenhage","'s-Gravenhage","Zuid-Holland",false,52.103118,4.287916,"injury","2","clear",false,1,"GM0518"
"20240041120",2024,"Uitsluitend materiele schade",2,"Fiets","Fiets","Flank","Kruispunt, 4 takken",30,"Niet brandend","Daglicht","Droog",\N,\N,"Emmalaan","Amsterdam","Amsterdam","Noord-Holland",false,52.353255,4.863498,"material damage only","4","clear",false,1,"GM0363"
"20240046728",2024,"Uitsluitend materiele schade",1,"Fiets",\N,"Kop/staart","Rechte weg",30,"Niet brandend","Daglicht","Droog",\N,"384338059","Jachtlaan","Apeldoorn","Apeldoorn","Gelderland",false,52.211849,5.931713,"material damage only","4","clear",false,1,"GM0200"
"20240046744",2024,"Uitsluitend materiele schade",2,"Fiets","Fiets","Flank","Kruispunt, 4 takken",30,"Niet brandend","Daglicht","Droog",\N,\N,"Silene","Kampen","Kampen","Overijssel",false,52.553779,5.893189,"material damage only","4","clear",false,1,"GM0166"
"20240073979",2024,"Uitsluitend materiele schade",2,"Personenauto","Fiets","Flank","Rechte weg",30,"Niet brandend","Daglicht","Droog",\N,"375070013","Valkstraat","Sittard","Sittard-Geleen","Limburg",false,51.004058,5.850875,"material damage only","4","clear",false,1,"GM1883"
"20240075668",2024,"Uitsluitend materiele schade",2,"Fiets","Scootmobiel","Flank","Kruispunt, 3 takken",50,"Brandend","Duisternis","Droog",\N,\N,"Hoendiepskade","Groningen","Groningen","Groningen",false,53.216388,6.557524,"material damage only","4","clear",false,1,"GM0014"
"20240084329",2024,"Letsel",2,"Personenauto","Fiets","Flank","Kruispunt, 4 takken",30,"Niet brandend","Daglicht","Droog",\N,\N,"Brink","Vledder","Westerveld","Drenthe",false,52.857376,6.212964,"injury","2","clear",false,1,"GM1701"
"20240086197",2024,"Letsel",2,"Personenauto","Fiets","Frontaal","Rechte weg",80,"Niet brandend","Daglicht","Droog",\N,"195342016","Lisserdijk","Buitenkaag","Haarlemmermeer","Noord-Holland",false,52.228294,4.552138,"injury","2","clear",false,1,"GM0394"
"20240098569",2024,"Letsel",2,"Personenauto","Fiets","Flank","Kruispunt, 4 takken",50,"Niet brandend","Daglicht","Droog",\N,\N,"Zwarteweg","Aalsmeer","Aalsmeer","Noord-Holland",false,52.256816,4.757649,"injury","2","clear",false,1,"GM0358"
"20240045456",2024,"Letsel",2,"Fiets","Personenauto","Flank","Kruispunt, 4 takken",30,"Niet brandend","Daglicht","Droog",\N,\N,"Kruiningenstraat","Tilburg","Tilburg","Noord-Brabant",false,51.575068,5.001179,"injury","2","clear",false,1,"GM0855"
"20240087599",2024,"Letsel",3,"Personenauto","Fiets","Flank","Rotonde",70,"Niet brandend","Schemer","Droog",\N,\N,"Karl Marxdreef","Utrecht","Utrecht","Utrecht",false,52.128704,5.10047,"injury","2","clear",false,1,"GM0344"
"20240088230",2024,"Letsel",1,"Fiets",\N,"Onbekend","Bocht",30,"Niet brandend","Daglicht","Droog",\N,"166317003","Buurtweg","Wassenaar","Wassenaar","Zuid-Holland",false,52.112318,4.344895,"injury","2","clear",false,1,"GM0629"
"20240093550",2024,"Dodelijk",1,"Fiets",\N,"Onbekend","Rechte weg",50,"Brandend","Duisternis","Droog",\N,"600488968","Steenwijkerstraatweg","Meppel","Meppel","Drenthe",false,52.711997,6.188629,"fatal","1","clear",false,1,"GM0119"
"20240095737",2024,"Letsel",2,"Personenauto","Fiets","Frontaal","Kruispunt, 4 takken",30,"Niet brandend","Daglicht","Regen",\N,\N,"Ramaerstraat","Haarlem","Haarlem","Noord-Holland",false,52.36138,4.659305,"injury","2","rain",false,1,"GM0392"
"20240044598",2024,"Uitsluitend materiele schade",2,"Personenauto","e-bike","Flank","Rotonde",30,"Niet brandend","Daglicht","Droog",\N,\N,"Admiraalsweg","Drunen","Heusden","Noord-Brabant",false,51.680282,5.141034,"material damage only","4","clear",false,1,"GM0797"
"20240049147",2024,"Uitsluitend materiele schade",2,"Bromfiets","Fiets","Flank","Kruispunt, 3 takken",50,"Niet brandend","Daglicht","Droog",\N,\N,"van Diemerbroeckstraat","Nijmegen","Nijmegen","Gelderland",false,51.841095,5.853069,"material damage only","4","clear",false,1,"GM0268"
"20240073416",2024,"Letsel",2,"Personenauto","Fiets","Onbekend","Bocht",30,"Niet brandend","Daglicht","Droog",\N,"323183027","Potjesberg","Son en Breugel","Son en Breugel","Noord-Brabant",false,51.513974,5.482385,"injury","2","clear",false,1,"GM0848"
"20240073434",2024,"Letsel",2,"Fiets","Trekker","Onbekend","Rechte weg",50,"Niet brandend","Daglicht","Droog",\N,"330238006","Molenweg","Oss","Oss","Noord-Brabant",false,51.764523,5.540634,"injury","2","clear",false,1,"GM0828"
"20240078059",2024,"Uitsluitend materiele schade",2,"Personenauto","Fiets","Onbekend","Kruispunt, 4 takken",30,"Niet brandend","Daglicht","Droog",\N,\N,"Zandweg","De Meern","Utrecht","Utrecht",false,52.083393,5.03778,"material damage only","4","clear",false,1,"GM0344"
"20240078652",2024,"Letsel",2,"Fiets","Fiets","Frontaal","Kruispunt, 3 takken",50,"Niet brandend","Daglicht","Droog",\N,\N,"Zuideinde","Hoogmade","Kaag en Braassem","Zuid-Holland",false,52.167626,4.585666,"injury","2","clear",false,1,"GM1884"
"20240083082",2024,"Uitsluitend materiele schade",2,"Personenauto","Fiets","Onbekend","Rechte weg",50,"Niet brandend","Daglicht","Droog",\N,"223199142","Nieuwe Haagdijk","Breda","Breda","Noord-Brabant",false,51.586304,4.764645,"material damage only","4","clear",false,1,"GM0758"
"20240088953",2024,"Letsel",1,"Fiets",\N,"Onbekend","Rechte weg",30,"Niet brandend","Daglicht","Droog",\N,"600745825","Oost Ringdijk","Gouda","Gouda","Zuid-Holland",false,51.999109,4.686744,"injury","2","clear",false,1,"GM0513"
"20240098666",2024,"Letsel",2,"Fiets","Fiets","Flank","Kruispunt, 3 takken",50,"Niet brandend","Daglicht","Droog",\N,\N,"Slachthuisstraat","Haarlem","Haarlem","Noord-Holland",false,52.373666,4.643372,"injury","2","clear",false,1,"GM0392"
"20240050475",2024,"Letsel",2,"Personenauto","Fiets","Onbekend","Bocht",50,"Niet brandend","Daglicht","Droog",\N,"192342014","Parklaan","Sassenheim","Teylingen","Zuid-Holland",false,52.224941,4.526157,"injury","2","clear",false,1,"GM1525"
"20240077438",2024,"Uitsluitend materiele schade",2,"Fiets","Bromfiets","Flank","Kruispunt, 4 takken",50,"Niet brandend","Daglicht","Regen",\N,\N,"Constantiastraat","Hilversum","Hilversum","Noord-Holland",false,52.215831,5.165736,"material damage only","4","rain",false,1,"GM0402"
"20240083800",2024,"Uitsluitend materiele schade",2,"Fiets","Bestelauto","Onbekend","Rechte weg",30,"Niet brandend","Daglicht","Droog",\N,"601098057","Koorstraat","Boxmeer","Land van Cuijk","Noord-Brabant",false,51.646836,5.948886,"material damage only","4","clear",false,1,"GM1982"
"20240095807",2024,"Uitsluitend materiele schade",3,"Fiets","Fiets","Kop/staart","Rechte weg",50,"Niet brandend","Daglicht","Droog",\N,"601222190","W.M. Dudokweg","Heerhugowaard","Dijk en Waard","Noord-Holland",false,52.667192,4.81906,"material damage only","4","clear",false,1,"GM1980"
"20240095814",2024,"Uitsluitend materiele schade",1,"Fiets",\N,"Onbekend",\N,50,\N,"Daglicht",\N,\N,\N,"Zandweg","Wijk bij Duurstede","Wijk bij Duurstede","Utrecht",false,51.981975,5.340699,"material damage only","4","unknown",false,1,"GM0352"
"20240096368",2024,"Uitsluitend materiele schade",2,"Fiets","Fiets","Flank","Kruispunt, 4 takken",30,"Niet brandend","Daglicht","Droog",\N,\N,"Oude Raadhuisstraat","Soest","Soest","Utrecht",false,52.183603,5.302888,"material damage only","4","clear",false,1,"GM0342"
"20240102736",2024,"Uitsluitend materiele schade",2,"e-bike","Onbekend voertuig i.g.v. doorrijder","Flank","Kruispunt, 4 takken",30,"Niet brandend","Daglicht","Regen",\N,\N,"Willem Prinzenstraat","Helmond","Helmond","Noord-Brabant",false,51.48443,5.669803,"material damage only","4","rain",false,1,"GM0794"
"20240102889",2024,"Uitsluitend materiele schade",2,"Personenauto","Fiets","Onbekend","Kruispunt, 3 takken",30,"Niet brandend","Daglicht","Droog",\N,\N,"Deltasingel","Deurne","Deurne","Noord-Brabant",false,51.455362,5.809577,"material damage only","4","clear",false,1,"GM0762"
"20240070977",2024,"Letsel",2,"Fiets","Fiets","Onbekend",\N,30,\N,"Daglicht",\N,\N,"601111339","Carel Willinksingel","Rotterdam","Rotterdam","Zuid-Holland",false,51.967343,4.582068,"injury","2","unknown",false,1,"GM0599"
"20240087066",2024,"Letsel",1,"Fiets",\N,"Onbekend",\N,50,\N,"Daglicht",\N,\N,"264319004","Amsterdamsestraatweg","Maarssen","Stichtse Vecht","Utrecht",false,52.124092,5.059522,"injury","2","unknown",false,1,"GM1904"
"20240095353",2024,"Letsel",2,"Fiets","Overig vast object","Vast voorwerp","Rechte weg",15,"Brandend","Duisternis","Droog",\N,\N,"Snaarmanslaan","Alkmaar","Alkmaar","Noord-Holland",false,52.63735,4.745777,"injury","2","clear",false,1,"GM0361"
"20240096415",2024,"Letsel",2,"Personenauto","Fiets","Flank","Kruispunt, 4 takken",50,"Niet brandend","Daglicht","Droog",\N,\N,"Europalaan","Utrecht","Utrecht","Utrecht",false,52.076206,5.104741,"injury","2","clear",false,1,"GM0344"
"20240103306",2024,"Uitsluitend materiele schade",2,"Snorfiets","Fiets","Frontaal","Rechte weg",50,"Niet brandend","Daglicht","Droog",\N,"300223045","Van Grobbendoncklaan","'s-Hertogenbosch","'s-Hertogenbosch","Noord-Brabant",false,51.696068,5.320758,"material damage only","4","clear",false,1,"GM0796"
"20240103317",2024,"Uitsluitend materiele schade",2,"Bromfiets","Fiets","Frontaal","Rechte weg",50,\N,"Daglicht","Droog",\N,"321169007","Kloosterdreef","Eindhoven","Eindhoven","Noord-Brabant",false,51.454634,5.470756,"material damage only","4","clear",false,1,"GM0772"
"20240043423",2024,"Letsel",2,"Personenauto","Fiets","Los voorwerp","Rotonde",50,"Niet brandend","Daglicht","Droog",\N,\N,"Veerweg","Papendrecht","Papendrecht","Zuid-Holland",false,51.835433,4.692088,"injury","2","clear",false,1,"GM0590"
"20240081899",2024,"Letsel",2,"Fiets","Fiets","Frontaal","Rechte weg",30,"Brandend","Duisternis","Droog",\N,"186336034","Klinkenbergerpad","Oegstgeest","Oegstgeest","Zuid-Holland",false,52.200453,4.485385,"injury","2","clear",false,1,"GM0579"
"20240085757",2024,"Uitsluitend materiele schade",1,"Fiets",\N,"Onbekend","Rechte weg",\N,"Niet aanwezig","Daglicht","Droog",\N,"456397001","Ommerweg","Den Ham","Twenterand","Overijssel",false,52.470994,6.470127,"material damage only","4","clear",false,1,"GM1700"
"20240088378",2024,"Letsel",2,"Bestelauto","Fiets","Onbekend","Rechte weg",\N,"Niet brandend","Daglicht","Droog",\N,"181326175","Stevenshofdreef","Leiden","Leiden","Zuid-Holland",false,52.155633,4.449902,"injury","2","clear",false,1,"GM0546"
"20240090974",2024,"Letsel",2,"Fiets","Fiets","Flank","Kruispunt, 4 takken",30,"Niet brandend","Daglicht","Droog",\N,\N,"Willem II-straat","Tilburg","Tilburg","Noord-Brabant",false,51.557432,5.086491,"injury","2","clear",false,1,"GM0855"
"20240094467",2024,"Letsel",2,"Fiets","Fiets","Kop/staart","Rechte weg",15,"Niet brandend","Daglicht","Droog",\N,"601104878","Rijksweg","Malden","Heumen","Gelderland",false,51.778213,5.855446,"injury","2","clear",false,1,"GM0252"
"20240095388",2024,"Letsel",2,"Fiets","Fiets","Onbekend","Rechte weg",50,"Niet brandend","Daglicht","Droog",\N,"600739225","Glipper Dreef","Heemstede","Heemstede","Noord-Holland",false,52.337702,4.618606,"injury","2","clear",false,1,"GM0397"
"20240043493",2024,"Uitsluitend materiele schade",2,"Fiets","Fiets","Flank","Kruispunt, 3 takken",50,"Niet brandend","Daglicht","Droog",\N,\N,"Zuid-Hollandlaan","'s-Gravenhage","'s-Gravenhage","Zuid-Holland",false,52.086271,4.315948,"material damage only","4","clear",false,1,"GM0518"
"20240046321",2024,"Letsel",2,"Bromfiets","Fiets","Flank","Kruispunt, 4 takken",50,"Niet brandend","Daglicht","Droog",\N,\N,"Wilhelminalaan","Beuningen Gld","Beuningen","Gelderland",false,51.85758,5.766759,"injury","2","clear",false,1,"GM0209"
"20240048675",2024,"Letsel",2,"Fiets","Voetganger","Kop/staart","Kruispunt, 3 takken",30,"Niet brandend","Daglicht","Droog",\N,\N,"Bunschoterstraat","Hoogland","Amersfoort","Utrecht",false,52.191035,5.368184,"injury","2","clear",false,1,"GM0307"
"20240073602",2024,"Letsel",2,"Snorfiets","Fiets","Frontaal","Bocht",30,"Niet aanwezig","Daglicht","Droog",\N,"326206006","Marconiweg","Veghel","Meierijstad","Noord-Brabant",false,51.619425,5.506128,"injury","2","clear",false,1,"GM1948"
"20240075219",2024,"Letsel",2,"Personenauto","Fiets","Onbekend","Rotonde",60,"Niet brandend","Daglicht","Regen",\N,\N,"Winschoterweg","Waterhuizen","Midden-Groningen","Groningen",false,53.186724,6.650913,"injury","2","rain",false,1,"GM1952"
"20240094933",2024,"Letsel",1,"Fiets",\N,"Flank",\N,30,"Niet brandend","Daglicht","Droog",\N,\N,"Hagengracht","Almelo","Almelo","Overijssel",false,52.357567,6.663787,"injury","2","clear",false,1,"GM0141"
"20240099215",2024,"Uitsluitend materiele schade",2,"Fiets","Fiets","Onbekend","Rechte weg",\N,"Niet brandend","Daglicht","Droog",\N,"234374054","Jan van Galenstraat","Amsterdam","Amsterdam","Noord-Holland",false,52.37286,4.835926,"material damage only","4","clear",false,1,"GM0363"
"20240099396",2024,"Uitsluitend materiele schade",2,"Personenauto","Fiets","Flank","Kruispunt, 3 takken",30,"Niet brandend","Daglicht","Droog",\N,\N,"Robijnstraat","Breda","Breda","Noord-Brabant",false,51.590426,4.802293,"material damage only","4","clear",false,1,"GM0758"
"20240100013",2024,"Letsel",2,"Personenauto","Fiets","Onbekend","Rotonde",50,"Niet brandend","Daglicht","Droog",\N,\N,"Van Beethovenplein","Schiedam","Schiedam","Zuid-Holland",false,51.929438,4.36898,"injury","2","clear",false,1,"GM0606"
"20240045087",2024,"Letsel",2,"Bestelauto","Fiets","Flank","Kruispunt, 3 takken",60,"Niet brandend","Daglicht","Droog",\N,\N,"Blauwhuisweg","Wemeldinge","Kapelle","Zeeland",false,51.510064,3.984967,"injury","2","clear",false,1,"GM0678"
"20240070443",2024,"Uitsluitend materiele schade",2,"Personenauto","Fiets","Flank","Rechte weg",80,"Niet brandend","Daglicht","Droog",\N,"600952955","Provinciale weg","Hank","Altena","Noord-Brabant",false,51.735019,4.909935,"material damage only","4","clear",false,1,"GM1959"
"20240083297",2024,"Letsel",2,"Personenauto","Fiets","Onbekend","Rotonde",50,"Niet brandend","Daglicht","Droog",\N,\N,"Rogier van der Weydenstr","Eindhoven","Eindhoven","Noord-Brabant",false,51.435904,5.512468,"injury","2","clear",false,1,"GM0772"
"20240085194",2024,"Letsel",2,\N,"Fiets","Onbekend","Rechte weg",50,"Niet brandend","Daglicht","Droog",\N,"600815119","Daltonstraat","Harderwijk","Harderwijk","Gelderland",false,52.363419,5.644607,"injury","2","clear",false,1,"GM0243"
"20240087198",2024,"Letsel",2,"Personenauto","Fiets","Frontaal","Bocht",60,"Niet brandend","Daglicht","Droog",\N,"276430005","Zuiderdijk","Wijdenes","Drechterland","Noord-Holland",false,52.623816,5.149502,"injury","2","clear",false,1,"GM0498"
"20240096542",2024,"Letsel",2,"Personenauto","Fiets","Flank","Kruispunt, 4 takken",70,"Niet aanwezig","Daglicht","Regen",\N,\N,"Marsweg","Zwolle","Zwolle","Overijssel",false,52.496045,6.123944,"injury","2","rain",false,1,"GM0193"
"20240099563",2024,"Letsel",2,"Snorfiets","Fiets","Onbekend","Rechte weg",30,"Niet brandend","Daglicht","Droog",\N,\N,"Spaansepad","Rotterdam","Rotterdam","Zuid-Holland",false,51.916891,4.427102,"injury","2","clear",false,1,"GM0599"
"20240099651",2024,"Letsel",2,"Personenauto","Fiets","Flank","Kruispunt, 4 takken",50,"Niet brandend","Daglicht","Droog",\N,\N,"Keizersveerlaan","Tilburg","Tilburg","Noord-Brabant",false,51.578063,4.999385,"injury","2","clear",false,1,"GM0855"
"20240100740",2024,"Uitsluitend materiele schade",2,"Personenauto","Fiets","Kop/staart","Bocht",30,"Niet brandend","Daglicht","Regen",\N,"600720878","Prinses Irenelaan","Voorburg","Leidschendam-Voorburg","Zuid-Holland",false,52.079794,4.361824,"material damage only","4","rain",false,1,"GM1916"
"20240101056",2024,"Letsel",2,"Personenauto","Fiets","Flank","Kruispunt, 4 takken",50,"Niet brandend","Daglicht","Droog",\N,\N,"Wouwermanstraat","'s-Gravenhage","'s-Gravenhage","Zuid-Holland",false,52.064955,4.306504,"injury","2","clear",false,1,"GM0518"
"20240045784",2024,"Uitsluitend materiele schade",2,"Brommobiel","Fiets","Flank","Kruispunt, 4 takken",50,\N,"Daglicht","Droog",\N,"379506032","Houtdraaier","Heerenveen","Heerenveen","Friesland",false,52.965712,5.903653,"material damage only","4","clear",false,1,"GM0074"
"20240087866",2024,"Letsel",1,"Fiets",\N,"Onbekend","Rechte weg",50,"Niet brandend","Daglicht","Droog",\N,"600681632","Westduinweg","'s-Gravenhage","'s-Gravenhage","Zuid-Holland",false,52.096113,4.270025,"injury","2","clear",false,1,"GM0518"
"20240100756",2024,"Letsel",2,"Fiets","Fiets","Flank","Kruispunt, 4 takken",50,"Niet brandend","Daglicht","Droog",\N,\N,"Moerweg","'s-Gravenhage","'s-Gravenhage","Zuid-Holland",false,52.057026,4.295007,"injury","2","clear",false,1,"GM0518"
"20240102829",2024,"Letsel",2,"Personenauto","Fiets","Flank","Rotonde",50,"Niet brandend","Daglicht","Droog",\N,\N,"FIETSPAD","Goes","Goes","Zeeland",false,51.492236,3.877043,"injury","2","clear",false,1,"GM0664"
"20240045805",2024,"Uitsluitend materiele schade",2,"Personenauto","Fiets","Flank","Rechte weg",50,"Niet brandend","Daglicht","Droog",\N,"315266015","Veemarkt","Tiel","Tiel","Gelderland",false,51.887819,5.429877,"material damage only","4","clear",false,1,"GM0281"
"20240088559",2024,"Letsel",2,"Fiets","Voetganger","Voetganger","Bocht",30,"Niet brandend","Daglicht",\N,\N,"600161968","NELSON MANDELAPARK","Diemen","Diemen","Noord-Holland",false,52.342843,4.962897,"injury","2","unknown",false,1,"GM0384"
"20240096072",2024,"Uitsluitend materiele schade",2,"Bromfiets","Fiets","Frontaal","Rechte weg",30,"Niet brandend","Daglicht","Regen",\N,"275312068","Museumlaan","Utrecht","Utrecht","Utrecht",false,52.094413,5.139193,"material damage only","4","rain",false,1,"GM0344"
"20240101420",2024,"Uitsluitend materiele schade",2,"Personenauto","Fiets","Frontaal","Rechte weg",50,"Niet brandend","Daglicht","Droog",\N,"293223037","Boschmeersingel","'s-Hertogenbosch","'s-Hertogenbosch","Noord-Brabant",false,51.692253,5.271644,"material damage only","4","clear",false,1,"GM0796"
"20240045850",2024,"Letsel",1,"Fiets",\N,"Eenzijdig","Rechte weg",50,"Niet brandend","Daglicht","Droog",\N,"601194634","Dorpstraat","Westervoort","Westervoort","Gelderland",false,51.963494,5.961536,"injury","2","clear",false,1,"GM0293"
"20240082753",2024,"Uitsluitend materiele schade",2,"Personenauto","Fiets","Flank","Kruispunt, 4 takken",30,"Niet brandend","Daglicht","Droog",\N,\N,"Hendrik Veenemanstraat","Son en Breugel","Son en Breugel","Noord-Brabant",false,51.514927,5.493367,"material damage only","4","clear",false,1,"GM0848"
"20240085954",2024,"Uitsluitend materiele schade",2,"Personenauto","Fiets","Flank","Rechte weg",30,"Brandend","Duisternis","Droog",\N,"467563164","Grote Markt","Groningen","Groningen","Groningen",false,53.218294,6.567384,"material damage only","4","clear",false,1,"GM0014"
"20240087322",2024,"Letsel",2,"Personenauto","Fiets","Frontaal","Rechte weg",60,"Niet brandend","Daglicht","Droog",\N,"600762968","Damweg","Polsbroek","Lopik","Utrecht",false,51.989263,4.907622,"injury","2","clear",false,1,"GM0331"
"20240088605",2024,"Letsel",2,"Fiets","Voetganger","Voetganger","Rechte weg",30,"Niet brandend","Daglicht","Droog",\N,\N,"Kerklaan","Rijswijk","Rijswijk","Zuid-Holland",false,52.055109,4.334698,"injury","2","clear",false,1,\N
"20240101459",2024,"Uitsluitend materiele schade",2,"Fiets","Personenauto","Flank","Kruispunt, 4 takken",30,"Niet brandend","Daglicht","Droog",\N,\N,"Aldegondapad","Maastricht","Maastricht","Limburg",false,50.850167,5.71941,"material damage only","4","clear",false,1,"GM0935"
"20240079582",2024,"Letsel",2,"Snorfiets","Fiets","Flank","Rechte weg",30,"Niet brandend","Daglicht","Droog",\N,"600522477","Pieter Calandlaan","Amsterdam","Amsterdam","Noord-Holland",false,52.352047,4.799224,"injury","2","clear",false,1,"GM0363"
"20240084716",2024,"Letsel",1,"Fiets",\N,"Onbekend","Bocht",60,"Niet aanwezig","Daglicht","Droog",\N,"600841026","Groenendaalseweg","Loenen","Apeldoorn","Gelderland",false,52.111946,5.988814,"injury","2","clear",false,1,"GM0200"
"20240089961",2024,"Letsel",2,"Snorfiets","Fiets","Frontaal","Rechte weg",30,"Brandend","Duisternis","Droog",\N,\N,"ERASMUSBRUG","Rotterdam","Rotterdam","Zuid-Holland",false,51.912101,4.482067,"injury","2","clear",false,1,"GM0599"
"20240050203",2024,"Letsel",3,"Snorfiets","Fiets","Kop/staart","Rechte weg",50,"Niet brandend","Daglicht","Droog",\N,"149291022","Pijle Tuinenweg","Naaldwijk","Westland","Zuid-Holland",false,51.99307,4.216927,"injury","2","clear",false,1,"GM1783"
"20230049522",2023,"Letsel",1,"Fiets",\N,"Eenzijdig","Rechte weg",50,"Niet brandend","Daglicht","Droog",\N,"160305046","Hoefkade","'s-Gravenhage","'s-Gravenhage","Zuid-Holland",false,52.060323,4.294911,"injury","2","clear",false,1,"GM0518"
"20230050076",2023,"Letsel",1,"Fiets",\N,"Eenzijdig","Kruispunt, 4 takken",30,"Niet brandend","Daglicht","Regen",\N,\N,"Prins Clauslaan","'s-Gravenhage","'s-Gravenhage","Zuid-Holland",false,52.083989,4.327183,"injury","2","rain",false,1,"GM0518"
"20230057070",2023,"Letsel",2,"Snorfiets","Fiets","Frontaal","Rechte weg",50,\N,"Duisternis",\N,\N,"600673100","FIETSPAD","Doetinchem","Doetinchem","Gelderland",false,51.959179,6.272176,"injury","2","unknown",false,1,"GM0222"
"20230058666",2023,"Letsel",3,"Fiets","Fiets","Onbekend","Rechte weg",50,"Brandend","Duisternis","Droog",\N,"157286004","Zijtwende","De Lier","Westland","Zuid-Holland",false,51.977234,4.282462,"injury","2","clear",false,1,"GM1783"
"20230058672",2023,"Uitsluitend materiele schade",2,"Bromfiets","Fiets","Flank","Rechte weg",50,"Niet aanwezig","Daglicht","Droog",\N,"243367029","Moerdijkstraat","Amsterdam","Amsterdam","Noord-Holland",false,52.342082,4.901063,"material damage only","4","clear",false,1,"GM0363"
"20230059027",2023,"Letsel",1,"Fiets",\N,"Eenzijdig","Rechte weg",50,"Niet brandend","Daglicht","Droog",\N,"171318009","Houtlaan","Wassenaar","Wassenaar","Zuid-Holland",false,52.118222,4.376145,"injury","2","clear",false,1,"GM0629"
"20230062693",2023,"Letsel",2,"Vrachtauto","Fiets","Eenzijdig","Kruispunt, 4 takken",50,"Niet brandend","Daglicht","Droog",\N,\N,"Gastelseweg","Roosendaal","Roosendaal","Noord-Brabant",false,51.55574,4.473736,"injury","2","clear",false,1,"GM1674"
"20230062929",2023,"Uitsluitend materiele schade",2,"Fiets","Scootmobiel","Frontaal","Bocht",50,"Niet brandend","Daglicht","Droog",\N,\N,"Willem II Singel","Roermond","Roermond","Limburg",false,51.18948,5.989031,"material damage only","4","clear",false,1,"GM0957"
"20240127045",2024,"Uitsluitend materiele schade",2,"Fiets","Personenauto","Flank","Kruispunt, 3 takken",30,\N,"Daglicht",\N,\N,\N,"Tuunterstraat","Winterswijk","Winterswijk","Gelderland",false,51.97185,6.70649,"material damage only","4","unknown",false,1,"GM0294"
"20230038483",2023,"Uitsluitend materiele schade",2,"Fiets","Personenauto","Geparkeerd voertuig","Rechte weg",50,"Brandend","Duisternis","Droog",\N,"157306111","Driebergenstraat","'s-Gravenhage","'s-Gravenhage","Zuid-Holland",false,52.060134,4.273806,"material damage only","4","clear",false,1,"GM0518"
"20230060940",2023,"Uitsluitend materiele schade",2,"Personenauto","Fiets","Onbekend","Kruispunt, 4 takken",50,"Niet brandend","Daglicht","Droog",\N,\N,"Lekstraat","'s-Gravenhage","'s-Gravenhage","Zuid-Holland",false,52.079103,4.325053,"material damage only","4","clear",false,1,"GM0518"
"20230043117",2023,"Uitsluitend materiele schade",2,"Personenauto","Fiets","Onbekend","Kruispunt, 4 takken",50,"Niet brandend","Daglicht","Droog",\N,\N,"Linie","Tholen","Tholen","Zeeland",false,51.535649,4.223439,"material damage only","4","clear",false,1,"GM0716"
"20230050127",2023,"Letsel",1,"Fiets",\N,"Eenzijdig","Rechte weg",30,"Brandend","Duisternis","Droog",\N,"168295016","Vrouwjuttenland","Delft","Delft","Zuid-Holland",false,52.01317,4.35927,"injury","2","clear",false,1,"GM0503"
"20230058444",2023,"Letsel",1,"Fiets",\N,"Eenzijdig","Kruispunt, 3 takken",50,"Niet brandend","Daglicht","Droog",\N,\N,"Churchilllaan","Leiden","Leiden","Zuid-Holland",false,52.145729,4.475961,"injury","2","clear",false,1,"GM0546"
"20230059516",2023,"Uitsluitend materiele schade",2,"Bestelauto","Fiets","Flank","Rechte weg",30,"Brandend","Duisternis","Droog",\N,"265434051","Ramen","Hoorn","Hoorn","Noord-Holland",false,52.642378,5.057312,"material damage only","4","clear",false,1,"GM0405"
"20230064259",2023,"Letsel",2,"Fiets","Fiets","Flank","Rechte weg",80,"Niet brandend","Daglicht","Droog",\N,"600544201","Lochemseweg","Markelo","Hof van Twente","Overijssel",false,52.198869,6.521271,"injury","2","clear",false,1,"GM1735"
"20230065121",2023,"Letsel",2,"Fiets","Fiets","Flank","Kruispunt, 4 takken",50,"Brandend","Duisternis","Droog",\N,\N,"Kardingermaar","Groningen","Groningen","Groningen",false,53.240423,6.602811,"injury","2","clear",false,1,"GM0014"
"20230065132",2023,"Uitsluitend materiele schade",2,"Fiets","Fiets","Flank","Kruispunt, 4 takken",30,"Niet brandend","Daglicht","Droog",\N,\N,"RYKSWG","De Klomp","Ede","Gelderland",false,52.040852,5.567579,"material damage only","4","clear",false,1,"GM0228"