"accident_id","year","severity_raw","party_count","party1_type","party2_type","accident_type","road_situation","speed_limit_kmh","road_lighting","light_condition_label","weather_raw","infra_type","road_segment_id","street_name","place_name","gemeente_name_raw","province","alcohol_indicated","latitude","longitude","severity_label","severity_code","weather_label","built_up_area","cyclists_involved","gemeente_code"
"20230039673",2023,"Uitsluitend materiele schade",2,"Fiets","Bromfiets","Onbekend","Rechte weg",30,"Niet brandend","Daglicht","Droog",\N,"600371667","Wijdstraat","Gouda","Gouda","Zuid-Holland",false,52.010432,4.710096,"material damage only","4","clear",false,1,"GM0513"
"20230062492",2023,"Uitsluitend materiele schade",2,"Personenauto","Fiets","Flank","Kruispunt, 4 takken",60,"Niet brandend","Daglicht","Droog",\N,\N,"Herenvennenweg","Weert","Weert","Limburg",false,51.226533,5.66478,"material damage only","4","clear",false,1,"GM0988"
"20240131406",2024,"Uitsluitend materiele schade",2,"Personenauto","Fiets","Flank","Kruispunt, 4 takken",60,"Niet brandend","Schemer","Droog",\N,\N,"Dam","Amsterdam","Amsterdam","Noord-Holland",false,52.373192,4.893396,"material damage only","4","clear",false,1,"GM0363"
"20240131900",2024,"Letsel",2,"Personenauto","Fiets","Flank","Kruispunt, 3 takken",30,"Niet brandend","Daglicht","Droog",\N,\N,"Vredehofstraat","Hoorn","Hoorn","Noord-Holland",false,52.650312,5.059527,"injury","2","clear",false,1,"GM0405"
"20230045557",2023,"Letsel",2,"Bromfiets","Fiets","Frontaal","Rechte weg",50,"Niet brandend","Daglicht","Droog",\N,"400539009","De Hemmen","Drachten","Smallingerland","Friesland",false,53.112027,6.061594,"injury","2","clear",false,1,"GM0090"
"20230052537",2023,"Letsel",2,"Personenauto","Fiets","Flank","Kruispunt, 4 takken",50,"Niet brandend","Daglicht","Droog",\N,\N,"Lyonstraat","Rotterdam","Rotterdam","Zuid-Holland",false,51.941733,4.40999,"injury","2","clear",false,1,"GM0599"
"20230057574",2023,"Uitsluitend materiele schade",2,"Personenauto","Fiets","Flank","Rechte weg",50,"Niet brandend","Daglicht","Regen",\N,"268316036","De Lessepsstraat","Utrecht","Utrecht","Utrecht",false,52.111681,5.084202,"material damage only","4","rain",false,1,"GM0344"
"20230058493",2023,"Letsel",2,"Fiets","e-bike","Frontaal","Kruispunt, 4 takken",30,"Niet brandend","Daglicht","Droog",\N,\N,"Fabrieksstraat","Delft","Delft","Zuid-Holland",false,52.002787,4.355468,"injury","2","clear",false,1,"GM0503"
"20230058499",2023,"Uitsluitend materiele schade",4,"Fiets","Fiets","Onbekend","Rechte weg",50,"Niet brandend","Daglicht","Droog",\N,\N,"Zeilstraat","Amsterdam","Amsterdam","Noord-Holland",false,52.350778,4.854136,"material damage only","4","clear",false,1,"GM0363"
"20240132276",2024,"Letsel",1,"Fiets",\N,"Onbekend","Kruispunt, 4 takken",60,"Brandend","Duisternis","Droog",\N,\N,"Damweg","Schoorl","Bergen (NH)","Noord-Holland",false,52.706928,4.711595,"injury","2","clear",false,1,\N
"20230050261",2023,"Letsel",2,"Fiets","Fiets","Flank","Kruispunt, 3 takken",15,"Niet brandend","Daglicht","Droog",\N,\N,"Kanaalweg","Delft","Delft","Zuid-Holland",false,52.007396,4.365771,"injury","2","clear",false,1,"GM0503"
"20230054920",2023,"Uitsluitend materiele schade",1,"Fiets",\N,"Eenzijdig","Rechte weg",30,"Niet brandend","Daglicht","Droog",\N,"383288033","Rosendaalsestraat","Arnhem","Arnhem","Gelderland",false,51.986806,5.922277,"material damage only","4","clear",false,1,"GM0202"
"20240133160",2024,"Uitsluitend materiele schade",2,"Personenauto","Fiets","Flank","Kruispunt, 4 takken",50,"Brandend","Duisternis","Droog",\N,\N,"Dedemsvaartweg","'s-Gravenhage","'s-Gravenhage","Zuid-Holland",false,52.050638,4.263204,"material damage only","4","clear",false,1,"GM0518"
"20240133257",2024,"Letsel",1,"Fiets",\N,"Eenzijdig",\N,50,"Brandend","Schemer","Droog",\N,"600900827","Heemkade","Zoetermeer","Zoetermeer","Zuid-Holland",false,52.057083,4.53413,"injury","2","clear",false,1,"GM0637"
"20230044440",2023,"Uitsluitend materiele schade",2,"Personenauto","Fiets","Flank","Kruispunt, 3 takken",30,"Niet brandend","Daglicht","Droog",\N,\N,"Walnootstraat","Enschede","Enschede","Overijssel",false,52.217671,6.865141,"material damage only","4","clear",false,1,"GM0153"
"20230046801",2023,"Uitsluitend materiele schade",2,\N,"Fiets","Flank","Kruispunt, 3 takken",50,"Niet brandend","Daglicht","Droog",\N,\N,"Rietveld","Woerden","Woerden","Utrecht",false,52.086949,4.861212,"material damage only","4","clear",false,1,"GM0632"
"20230064056",2023,"Letsel",2,"Bestelauto","Fiets","Flank","Kruispunt, 4 takken",30,"Niet brandend","Daglicht","Droog",\N,\N,"De Laan","Groningen","Groningen","Groningen",false,53.219104,6.558756,"injury","2","clear",false,1,"GM0014"
"20230050324",2023,"Letsel",2,"Bromfiets","Fiets","Flank","Rechte weg",50,"Niet brandend","Daglicht","Droog",\N,"180336002","Ververstraat","Katwijk","Katwijk","Zuid-Holland",false,52.199872,4.437245,"injury","2","clear",false,1,"GM0537"
"20230051466",2023,"Uitsluitend materiele schade",2,"Personenauto","Fiets","Flank","Rotonde",50,"Niet brandend","Daglicht","Droog",\N,\N,"Rompertsebaan","'s-Hertogenbosch","'s-Hertogenbosch","Noord-Brabant",false,51.699371,5.312038,"material damage only","4","clear",false,1,"GM0796"
"20230052065",2023,"Uitsluitend materiele schade",2,"Personenauto","Fiets","Onbekend","Kruispunt, 4 takken",\N,"Niet brandend","Daglicht","Droog",\N,\N,"WOUWSE PLANTAGE 25","Wouw","Roosendaal","Noord-Brabant",false,51.506327,4.394034,"material damage only","4","clear",false,1,"GM1674"
"20230061688",2023,"Letsel",1,"Fiets",\N,"Eenzijdig","Kruispunt, 3 takken",50,"Niet brandend","Daglicht","Regen",\N,\N,"Margrietstraat","Warmond","Teylingen","Zuid-Holland",false,52.201223,4.506344,"injury","2","rain",false,1,"GM1525"
"20230039864",2023,"Letsel",2,"Personenauto","Fiets","Flank","Rechte weg",50,"Niet brandend","Daglicht","Droog",\N,"600661725","Satellietbaan","Hillegom","Hillegom","Zuid-Holland",false,52.301453,4.586125,"injury","2","clear",false,1,"GM0534"
"20230039882",2023,"Letsel",2,"Fiets","Fiets","Onbekend","Bocht",\N,"Brandend","Duisternis","Droog",\N,"236364011","Bosbaan","Amstelveen","Amstelveen","Noord-Holland",false,52.32907,4.852049,"injury","2","clear",false,1,"GM0362"
"20230041566",2023,"Uitsluitend materiele schade",3,"Personenauto","Fiets","Onbekend","Rechte weg",60,"Niet brandend","Daglicht","Droog",\N,"600397813","Dr. Schaepmanlaan","Breda","Breda","Noord-Brabant",false,51.563234,4.756683,"material damage only","4","clear",false,1,"GM0758"
"20230041591",2023,"Letsel",2,"Fiets","Fiets","Onbekend","Rechte weg",50,"Brandend","Duisternis","Droog",\N,"600823769","Estersveldlaan","Grave","Land van Cuijk","Noord-Brabant",false,51.753116,5.74541,"injury","2","clear",false,1,"GM1982"
"20230059313",2023,"Uitsluitend materiele schade",2,"Trein/tram","Fiets","Flank","Rechte weg",50,"Niet brandend","Daglicht","Droog",\N,\N,"Buitenveldertselaan","Amsterdam","Amsterdam","Noord-Holland",false,52.323571,4.868894,"material damage only","4","clear",false,1,"GM0363"
"20230061172",2023,"Uitsluitend materiele schade",2,"Personenauto","e-bike","Flank","Rotonde",50,"Niet brandend","Daglicht","Droog",\N,\N,"Michelangelostraat","Rotterdam","Rotterdam","Zuid-Holland",false,51.939784,4.551205,"material damage only","4","clear",false,1,"GM0599"
"20230064910",2023,"Uitsluitend materiele schade",2,"e-bike","Personenauto","Flank","Kruispunt, 3 takken",50,"Niet brandend","Daglicht","Droog",\N,\N,"Frankeneng","Ede","Ede","Gelderland",false,52.03252,5.644871,"material damage only","4","clear",false,1,"GM0228"
"20240133588",2024,"Letsel",2,"Fiets","Personenauto","Onbekend","Rechte weg",50,"Niet brandend","Daglicht","Droog",\N,"164301045","Frijdastraat","Rijswijk","Rijswijk","Zuid-Holland",false,52.04005,4.330159,"injury","2","clear",false,1,\N
"20240133598",2024,"Letsel",2,"Bromfiets","Fiets","Onbekend","Rechte weg",50,"Brandend","Duisternis","Droog",\N,"600715267","Fahrenheitstraat","'s-Gravenhage","'s-Gravenhage","Zuid-Holland",false,52.073002,4.275226,"injury","2","clear",false,1,"GM0518"
"20230039883",2023,"Letsel",2,"Bromfiets","Fiets","Flank","Kruispunt, 4 takken",30,"Brandend","Duisternis","Droog",\N,\N,"Laan van Dobbe tot Zegge","Voorburg","Leidschendam-Voorburg","Zuid-Holland",false,52.081224,4.383488,"injury","2","clear",false,1,"GM1916"
"20230040476",2023,"Letsel",1,"Fiets",\N,"Eenzijdig","Bocht",50,"Niet brandend","Daglicht","Droog",\N,"600389169","Bezuidenhoutseweg","'s-Gravenhage","'s-Gravenhage","Zuid-Holland",false,52.082107,4.322004,"injury","2","clear",false,1,"GM0518"
"20230041625",2023,"Uitsluitend materiele schade",1,"Fiets",\N,"Eenzijdig","Rechte weg",30,"Niet brandend","Daglicht","Droog",\N,"321213006","Hoofdstraat","Heeswijk-Dinther","Bernheze","Noord-Brabant",false,51.649696,5.472214,"material damage only","4","clear",false,1,"GM1721"
"20230042763",2023,"Letsel",1,"Fiets",\N,"Eenzijdig","Rechte weg",50,"Brandend","Duisternis",\N,\N,\N,"Vestingweg","IJzendijke","Sluis","Zeeland",false,51.318877,3.610588,"injury","2","unknown",false,1,"GM1714"
"20230054462",2023,"Letsel",2,"Motor","Fiets","Flank","Kruispunt, 4 takken",60,"Niet brandend","Daglicht","Droog",\N,\N,"Walem","Walem","Valkenburg aan de Geul","Limburg",false,50.868567,5.869104,"injury","2","clear",false,1,"GM0994"
"20230061756",2023,"Letsel",2,"Fiets","Fiets","Onbekend","Rechte weg",15,"Niet brandend","Daglicht","Droog",\N,"210320122","Castellumstraat","Alphen aan den Rijn","Alphen aan den Rijn","Zuid-Holland",false,52.12898,4.661045,"injury","2","clear",false,1,"GM0484"
"20240127295",2024,"Uitsluitend materiele schade",2,"Personenauto","Fiets","Onbekend","Rechte weg",60,"Niet aanwezig","Daglicht","Droog",\N,"403579007","Prellewei","Westergeast","Noardeast-Fryslân","Friesland",false,53.295087,6.092659,"material damage only","4","clear",false,1,"GM1970"
"20240127317",2024,"Letsel",2,"Personenauto","Fiets","Flank","Rechte weg",50,"Niet brandend","Daglicht","Droog",\N,"514345040","Deurningerstraat","Enschede","Enschede","Overijssel",false,52.231866,6.887917,"injury","2","clear",false,1,"GM0153"
"20230038202",2023,"Uitsluitend materiele schade",2,"Fiets","Overig vast object","Vast voorwerp","Rechte weg",50,"Niet brandend","Daglicht","Droog",\N,"338285002","De Dijk","Rhenen","Rhenen","Utrecht",false,51.971555,5.599971,"material damage only","4","clear",false,1,"GM0340"
"20230039368",2023,"Letsel",2,"Personenauto","Fiets","Flank","Kruispunt, 4 takken",50,"Niet brandend","Daglicht","Droog",\N,\N,"Binnensingel","Vlaardingen","Vlaardingen","Zuid-Holland",false,51.906829,4.352667,"injury","2","clear",false,1,"GM0622"
"20230041671",2023,"Uitsluitend materiele schade",2,"Snorfiets","Fiets","Onbekend","Rechte weg",30,"Niet brandend","Daglicht","Droog",\N,"600481030","BERENKUIL","Eindhoven","Eindhoven","Noord-Brabant",false,51.447253,5.499807,"material damage only","4","clear",false,1,"GM0772"
"20230046951",2023,"Letsel",2,"Fiets","Fiets","Frontaal","Rechte weg",50,"Niet brandend","Daglicht","Droog",\N,"262440006","Keern","Zwaag","Hoorn","Noord-Holland",false,52.667137,5.039307,"injury","2","clear",false,1,"GM0405"
"20230047522",2023,"Uitsluitend materiele schade",2,"Personenauto","Fiets","Flank","Kruispunt, 4 takken",30,"Niet brandend","Daglicht","Regen",\N,\N,"Victoriameer","Amersfoort","Amersfoort","Utrecht",false,52.1939,5.418629,"material damage only","4","rain",false,1,"GM0307"
"20230048119",2023,"Letsel",3,"Personenauto","Fiets","Onbekend","Kruispunt, 4 takken",50,"Niet brandend","Daglicht","Droog",\N,\N,"Landstraat","Bussum","Gooise Meren","Noord-Holland",false,52.275251,5.165463,"injury","2","clear",false,1,"GM1942"
"20230065421",2023,"Letsel",2,"Bestelauto","Fiets","Frontaal","Kruispunt, 3 takken",30,"Niet brandend","Daglicht","Droog",\N,\N,"Delwijnsestraat","Delwijnen","Zaltbommel","Gelderland",false,51.76707,5.183135,"injury","2","clear",false,1,"GM0297"
"20240127340",2024,"Uitsluitend materiele schade",2,"Personenauto","Fiets","Flank","Rotonde",50,"Niet brandend","Daglicht","Droog",\N,\N,"Europalaan","Hengelo","Hengelo (O)","Overijssel",false,52.280652,6.779191,"material damage only","4","clear",false,1,\N
"20240128456",2024,"Uitsluitend materiele schade",2,"Personenauto","Fiets","Flank","Rotonde",50,"Niet brandend","Daglicht","Droog",\N,\N,"Almelosestraat","Wierden","Wierden","Overijssel",false,52.354863,6.607147,"material damage only","4","clear",false,1,"GM0189"
"20230038254",2023,"Uitsluitend materiele schade",2,"Bromfiets","Fiets","Flank","Kruispunt, 3 takken",30,"Niet brandend","Daglicht","Droog",\N,\N,"Hoofdstraat","Kesteren","Neder-Betuwe","Gelderland",false,51.934325,5.573808,"material damage only","4","clear",false,1,"GM1740"
"20230039401",2023,"Letsel",2,"Fiets","Fiets","Onbekend","Rechte weg",30,"Niet brandend","Daglicht","Droog",\N,"600729764","Bronkhorst","Rotterdam","Rotterdam","Zuid-Holland",false,51.874618,4.496721,"injury","2","clear",false,1,"GM0599"
"20230048784",2023,"Letsel",1,"Fiets",\N,"Eenzijdig","Rechte weg",\N,"Niet brandend","Daglicht","Droog",\N,"164309076","Lekstraat","'s-Gravenhage","'s-Gravenhage","Zuid-Holland",false,52.077786,4.327114,"injury","2","clear",false,1,"GM0518"
"20230056280",2023,"Uitsluitend materiele schade",2,"Personenauto","Fiets","Flank","Kruispunt, 4 takken",50,"Brandend","Duisternis","Droog",\N,\N,"Teisterbantlaan","Tiel","Tiel","Gelderland",false,51.882561,5.420114,"material damage only","4","clear",false,1,"GM0281"
"20230066078",2023,"Uitsluitend materiele schade",1,"Fiets",\N,"Onbekend","Rechte weg",30,"Brandend","Schemer","Droog",\N,"224434006","Zeswielen","Alkmaar","Alkmaar","Noord-Holland",false,52.640932,4.759218,"material damage only","4","clear",false,1,"GM0361"
"20240128664",2024,"Letsel",2,"Bestelauto","Fiets","Flank","Rechte weg",30,"Niet aanwezig","Daglicht","Droog",\N,\N,"Bornholmstraat","Groningen","Groningen","Groningen",false,53.207392,6.596998,"injury","2","clear",false,1,"GM0014"
"20230040588",2023,"Letsel",1,"Fiets",\N,"Eenzijdig","Rechte weg",30,"Niet brandend","Daglicht","Regen",\N,"162309099","Gravenstraat","'s-Gravenhage","'s-Gravenhage","Zuid-Holland",false,52.078249,4.309733,"injury","2","rain",false,1,"GM0518"
"20230065837",2023,"Uitsluitend materiele schade",2,"Fiets","Fiets","Flank","Rechte weg",\N,"Niet brandend","Daglicht","Droog",\N,"430283007","Uijlenbroeklaan","Doetinchem","Doetinchem","Gelderland",false,51.959911,6.267219,"material damage only","4","clear",false,1,"GM0222"
"20240129201",2024,"Uitsluitend materiele schade",2,"Personenauto","Fiets","Frontaal","Kruispunt, 3 takken",30,"Niet brandend","Daglicht","Droog",\N,\N,"Trompetstraat","Amersfoort","Amersfoort","Utrecht",false,52.178188,5.403796,"material damage only","4","clear",false,1,"GM0307"
"20230040611",2023,"Uitsluitend materiele schade",2,"Personenauto","Fiets","Flank","Rechte weg",30,"Niet brandend","Daglicht","Droog",\N,"212375003","Ploegspoor","Haarlem","Haarlem","Noord-Holland",false,52.37569,4.671072,"material damage only","4","clear",false,1,"GM0392"
"20230045872",2023,"Letsel",2,"Bestelauto","Fiets","Flank","Kruispunt, 3 takken",30,"Niet brandend","Daglicht","Droog",\N,\N,"Hortensialaan","Eibergen","Berkelland","Gelderland",false,52.095331,6.642565,"injury","2","clear",false,1,"GM1859"
"20230045886",2023,"Letsel",2,"Vrachtauto","Fiets","Flank","Rotonde",50,"Niet brandend","Daglicht","Droog",\N,\N,"F.A. Molijnlaan","Nunspeet","Nunspeet","Gelderland",false,52.382791,5.788561,"injury","2","clear",false,1,"GM0302"
"20230047040",2023,"Letsel",1,"Fiets",\N,"Eenzijdig","Rotonde",50,"Niet brandend","Daglicht","Droog",\N,\N,"Californiëplein","Haarlem","Haarlem","Noord-Holland",false,52.357518,4.657125,"injury","2","clear",false,1,"GM0392"
"20230048829",2023,"Letsel",2,"Personenauto","e-bike","Flank","Rotonde",50,"Niet brandend","Daglicht","Droog",\N,\N,"Soestdijkseplein","'s-Gravenhage","'s-Gravenhage","Zuid-Holland",false,52.061731,4.2833,"injury","2","clear",false,1,"GM0518"
"20230049971",2023,"Letsel",2,"Personenauto","Fiets","Flank","Rechte weg",50,"Niet brandend","Daglicht","Droog",\N,"160306102","Hoefkade","'s-Gravenhage","'s-Gravenhage","Zuid-Holland",false,52.062135,4.300027,"injury","2","clear",false,1,"GM0518"
"20230050541",2023,"Letsel",2,"Fiets","Voetganger","Voetganger","Rechte weg",\N,"Niet brandend","Daglicht","Droog",\N,"240366072","Beethovenstraat","Amsterdam","Amsterdam","Noord-Holland",false,52.336719,4.877261,"injury","2","clear",false,1,"GM0363"
"20230061903",2023,"Letsel",2,"Personenauto","Fiets","Flank","Kruispunt, 4 takken",30,"Niet brandend","Daglicht","Droog",\N,\N,"Ankerstraat","'s-Gravenhage","'s-Gravenhage","Zuid-Holland",false,52.107422,4.277249,"injury","2","clear",false,1,"GM0518"
"20240130879",2024,"Letsel",2,"Personenauto","e-bike","Onbekend","Rotonde",50,"Niet brandend","Daglicht","Droog",\N,\N,"Twiskeweg","Zaandam","Zaanstad","Noord-Holland",false,52.441302,4.842685,"injury","2","clear",false,1,"GM0479"
"20230038952",2023,"Uitsluitend materiele schade",2,"Personenauto","Fiets","Flank","Bocht",30,"Niet brandend","Daglicht","Regen",\N,"169291002","Schieweg","Delft","Delft","Zuid-Holland",false,51.994908,4.367959,"material damage only","4","rain",false,1,"GM0503"
"20240128780",2024,"Uitsluitend materiele schade",2,"Fiets","Bromfiets","Flank","Rechte weg",30,"Niet aanwezig","Daglicht","Regen",\N,"367554065","Drachtsterweg","Leeuwarden","Leeuwarden","Friesland",false,53.180249,5.821364,"material damage only","4","rain",false,1,"GM0080"
"20240131369",2024,"Letsel",3,\N,"Fiets","Kop/staart","Rechte weg",\N,"Niet brandend","Daglicht","Droog",\N,"600628140","Haarlemmerweg","Amsterdam","Amsterdam","Noord-Holland",false,52.384748,4.842163,"injury","2","clear",false,1,"GM0363"
"20230040132",2023,"Uitsluitend materiele schade",2,"e-bike","Fiets","Frontaal","Kruispunt, 4 takken",30,"Niet brandend","Daglicht","Droog",\N,\N,"HAARLEMMERSLUIS 0014","Amsterdam","Amsterdam","Noord-Holland",false,52.379241,4.894167,"material damage only","4","clear",false,1,"GM0363"
"20230042992",2023,"Uitsluitend materiele schade",1,"Fiets",\N,"Eenzijdig","Rechte weg",30,"Niet brandend","Daglicht","Droog",\N,"168165001","Westerstraat","Huijbergen","Woensdrecht","Noord-Brabant",false,51.428605,4.371525,"material damage only","4","clear",false,1,"GM0873"
"20230049463",2023,"Letsel",3,"Fiets","Fiets","Onbekend","Rechte weg",30,"Niet aanwezig","Daglicht","Droog",\N,"237374086","Jan Evertsenstraat","Amsterdam","Amsterdam","Noord-Holland",false,52.37046,4.852423,"injury","2","clear",false,1,"GM0363"
"20230050615",2023,"Letsel",2,"Fiets","Personenauto","Flank","Kruispunt, 4 takken",50,"Niet brandend","Daglicht","Regen",\N,\N,"Breestraat","Beverwijk","Beverwijk","Noord-Holland",false,52.48334,4.660305,"injury","2","rain",false,1,"GM0375"
"20240131959",2024,"Uitsluitend materiele schade",2,"Personenauto","Fiets","Flank","Rechte weg",30,"Niet brandend","Daglicht","Droog",\N,"208377059","Jansweg","Haarlem","Haarlem","Noord-Holland",false,52.385266,4.638959,"material damage only","4","clear",false,1,"GM0392"
"20240132078",2024,"Letsel",2,"Personenauto","Fiets","Flank","Kruispunt, 3 takken",50,"Niet brandend","Daglicht","Droog",\N,\N,"Büllerlaan","Beverwijk","Beverwijk","Noord-Holland",false,52.493492,4.660923,"injury","2","clear",false,1,"GM0375"
"20240133473",2024,"Letsel",2,"Personenauto","Fiets","Flank","Rechte weg",50,"Niet brandend","Daglicht","Droog",\N,"161309122","Jan Hendrikstraat","'s-Gravenhage","'s-Gravenhage","Zuid-Holland",false,52.07623,4.30689,"injury","2","clear",false,1,"GM0518"
"20230047733",2023,"Uitsluitend materiele schade",2,"Personenauto","Fiets","Frontaal","Kruispunt, 4 takken",30,"Niet brandend","Daglicht","Droog",\N,\N,"Marco Pololaan","Utrecht","Utrecht","Utrecht",false,52.070339,5.096226,"material damage only","4","clear",false,1,"GM0344"
"20220226032",2022,"Letsel",2,"Snorfiets","Fiets","Frontaal","Kruispunt, 4 takken",80,"Niet brandend","Daglicht","Droog",\N,\N,"Bredaseweg","Tilburg","Tilburg","Noord-Brabant",false,51.567535,4.976863,"injury","2","clear",false,1,"GM0855"
"20220231318",2022,"Uitsluitend materiele schade",2,"Personenauto","Fiets","Flank","Rotonde",30,"Niet brandend","Daglicht","Droog",\N,\N,"Kemenadeplein","Maastricht","Maastricht","Limburg",false,50.863485,5.71259,"material damage only","4","clear",false,1,"GM0935"
"20220213585",2022,"Letsel",3,"Personenauto","Fiets","Onbekend","Rechte weg",50,"Niet brandend","Daglicht","Droog",\N,"156310047","Fahrenheitstraat","'s-Gravenhage","'s-Gravenhage","Zuid-Holland",false,52.08016,4.267841,"injury","2","clear",false,1,"GM0518"
"20220222323",2022,"Letsel",2,"Personenauto","Fiets","Flank","Kruispunt, 4 takken",50,"Niet brandend","Daglicht","Droog",\N,\N,"Willem Ruyslaan","Rotterdam","Rotterdam","Zuid-Holland",false,51.923695,4.507112,"injury","2","clear",false,1,"GM0599"
"20220208184",2022,"Uitsluitend materiele schade",2,"Personenauto","e-bike","Frontaal","Kruispunt, 4 takken",50,"Brandend","Duisternis","Regen",\N,\N,"Laan der Nederlanden","Beverwijk","Beverwijk","Noord-Holland",false,52.491274,4.674271,"material damage only","4","rain",false,1,"GM0375"
"20220215960",2022,"Letsel",2,"Fiets","Overig vast object","Vast voorwerp","Rechte weg",30,"Niet brandend","Daglicht","Droog","Brug/viaduct","169309086","Noteboompark","Voorburg","Leidschendam-Voorburg","Zuid-Holland",false,52.074155,4.364127,"injury","2","clear",false,1,"GM1916"
"20220219457",2022,"Uitsluitend materiele schade",3,"Fiets","Personenauto","Onbekend","Bocht",30,"Niet brandend","Daglicht","Droog",\N,"209247018","H.W. Mesdagstraat","Dordrecht","Dordrecht","Zuid-Holland",false,51.801118,4.655152,"material damage only","4","clear",false,1,"GM0505"
"20220220281",2022,"Uitsluitend materiele schade",2,"Fiets","Fiets","Onbekend","Rechte weg",50,"Niet brandend","Daglicht","Droog",\N,"171273011","P J Troelstralaan","Schiedam","Schiedam","Zuid-Holland",false,51.916246,4.384286,"material damage only","4","clear",false,1,"GM0606"
"20220228111",2022,"Letsel",2,"e-bike","Personenauto","Flank","Kruispunt, 3 takken",80,"Niet brandend","Daglicht","Droog",\N,\N,"Schafterdijk","Valkenswaard","Valkenswaard","Noord-Brabant",false,51.310454,5.466947,"injury","2","clear",false,1,"GM0858"
"20220051123",2022,"Dodelijk",2,"Fiets","Personenauto","Flank","Rotonde",30,"Niet brandend","Daglicht","Droog",\N,\N,"1e Hogeweg","Zeist","Zeist","Utrecht",false,52.086265,5.239231,"fatal","1","clear",false,1,"GM0355"
"20220220314",2022,"Uitsluitend materiele schade",3,"Personenauto","e-bike","Los voorwerp","Kruispunt, 4 takken",30,"Brandend","Duisternis","Droog",\N,\N,"Ouverture","Sliedrecht","Sliedrecht","Zuid-Holland",false,51.830061,4.736225,"material damage only","4","clear",false,1,"GM0610"
"20220200372",2022,"Uitsluitend materiele schade",2,"Personenauto","Fiets","Onbekend","Kruispunt, 4 takken",30,"Brandend","Duisternis","Regen",\N,\N,"Zonnewende","Apeldoorn","Apeldoorn","Gelderland",false,52.217691,6.008344,"material damage only","4","rain",false,1,"GM0200"
"20220074106",2022,"Dodelijk",3,"Trekker met oplegger","Fiets","Los voorwerp","Rechte weg",30,"Niet brandend","Daglicht","Droog",\N,"416312007","Patrijsstraat","Brummen","Brummen","Gelderland",false,52.09238,6.162919,"fatal","1","clear",false,1,"GM0213"
"20220228937",2022,"Uitsluitend materiele schade",2,"Fiets",\N,"Flank","Kruispunt, 4 takken",50,"Niet brandend","Daglicht","Droog",\N,\N,"Daniël Stalpaertstraat","Eindhoven","Eindhoven","Noord-Brabant",false,51.462407,5.455373,"material damage only","4","clear",false,1,"GM0772"
"20220231513",2022,"Uitsluitend materiele schade",1,"Fiets",\N,"Onbekend",\N,30,\N,"Daglicht",\N,\N,"397110040","Beethovenstraat","Roermond","Roermond","Limburg",false,51.183262,6.010985,"material damage only","4","unknown",false,1,"GM0957"
"20220209116",2022,"Letsel",1,"e-bike",\N,"Eenzijdig","Rechte weg",30,"Niet brandend","Daglicht","Sneeuw/Hagel",\N,"213414125","Nelson Mandelahof","Castricum","Castricum","Noord-Holland",false,52.55167,4.67616,"injury","2","unknown",false,1,"GM0383"
"20220211057",2022,"Uitsluitend materiele schade",2,"Personenauto","Fiets","Flank","Kruispunt, 4 takken",30,"Niet brandend","Daglicht","Regen",\N,\N,"Spaarndammerdijk","Amsterdam","Amsterdam","Noord-Holland",false,52.392306,4.861223,"material damage only","4","rain",false,1,"GM0363"
"20220226293",2022,"Uitsluitend materiele schade",2,"Personenauto","Fiets","Flank","Kruispunt, 3 takken",50,"Niet brandend","Daglicht","Droog",\N,\N,"Burg Schneiderlaan","Roosendaal","Roosendaal","Noord-Brabant",false,51.531796,4.475579,"material damage only","4","clear",false,1,"GM1674"
"20220228250",2022,"Uitsluitend materiele schade",2,"Personenauto","Fiets","Flank","Kruispunt, 3 takken",30,"Niet brandend","Daglicht","Droog",\N,\N,"Oude Stadsgracht","Eindhoven","Eindhoven","Noord-Brabant",false,51.436595,5.484029,"material damage only","4","clear",false,1,"GM0772"
"20220207558",2022,"Uitsluitend materiele schade",2,"Personenauto","Fiets","Flank","Kruispunt, 4 takken",30,"Niet brandend","Daglicht","Droog",\N,\N,"Haringvliet","Heerhugowaard","Dijk en Waard","Noord-Holland",false,52.653671,4.832849,"material damage only","4","clear",false,1,"GM1980"
"20220232371",2022,"Uitsluitend materiele schade",2,"Personenauto","Fiets","Flank","Kruispunt, 3 takken",30,"Niet brandend","Daglicht","Droog","Bus-/Tramhalte",\N,"Vivaldistraat","Roermond","Roermond","Limburg",false,51.178909,6.011304,"material damage only","4","clear",false,1,"GM0957"
"20220229772",2022,"Uitsluitend materiele schade",2,"Personenauto","Fiets","Flank","Rechte weg",50,"Niet brandend","Daglicht","Droog",\N,"325164021","Petrus Dondersstraat","Eindhoven","Eindhoven","Noord-Brabant",false,51.429296,5.496124,"material damage only","4","clear",false,1,"GM0772"
"20220204906",2022,"Uitsluitend materiele schade",2,"Personenauto","Fiets","Frontaal","Kruispunt, 4 takken",50,"Niet brandend","Daglicht","Droog",\N,\N,"Kanaalweg","Veenendaal","Veenendaal","Utrecht",false,52.02321,5.552874,"material damage only","4","clear",false,1,"GM0345"
"20220211176",2022,"Uitsluitend materiele schade",2,"Fiets","Fiets","Geparkeerd voertuig","Rechte weg",\N,\N,"Schemer",\N,"Parkeervoorziening","251361015","Troepiaalsingel","Amsterdam","Amsterdam","Noord-Holland",false,52.315826,4.960653,"material damage only","4","unknown",false,1,"GM0363"