"accident_id","year","severity_raw","party_count","party1_type","party2_type","accident_type","road_situation","speed_limit_kmh","road_lighting","light_condition_label","weather_raw","infra_type","road_segment_id","street_name","place_name","gemeente_name_raw","province","alcohol_indicated","latitude","longitude","severity_label","severity_code","weather_label","built_up_area","cyclists_involved","gemeente_code"
"20220211198",2022,"Uitsluitend materiele schade",1,"Fiets",\N,"Voetganger","Kruispunt, 4 takken",15,"Brandend","Duisternis","Droog",\N,\N,"Reguliersdwarsstraat","Amsterdam","Amsterdam","Noord-Holland",false,52.366082,4.893225,"material damage only","4","clear",false,1,"GM0363"
"20220221247",2022,"Uitsluitend materiele schade",2,"Personenauto","Fiets","Frontaal","Rechte weg",50,"Niet brandend","Schemer","Droog",\N,"600120549","Noordendijk","Dordrecht","Dordrecht","Zuid-Holland",false,51.816366,4.675536,"material damage only","4","clear",false,1,"GM0505"
"20220200567",2022,"Uitsluitend materiele schade",2,"Fiets","Personenauto","Flank","Rechte weg",50,"Niet brandend","Daglicht","Droog",\N,\N,"Zwanenveld","Nijmegen","Nijmegen","Gelderland",false,51.821763,5.794193,"material damage only","4","clear",false,1,"GM0268"
"20220203482",2022,"Uitsluitend materiele schade",3,"Bromfiets","Fiets","Onbekend","Kruispunt, 3 takken",\N,"Brandend","Duisternis","Droog",\N,\N,"Einsteindreef","Utrecht","Utrecht","Utrecht",false,52.122007,5.116201,"material damage only","4","clear",false,1,"GM0344"
"20220134357",2022,"Dodelijk",3,"Personenauto","e-bike","Onbekend","Rechte weg",50,"Niet brandend","Daglicht","Droog",\N,"347575016","Middelweg-Oost","St.-Annaparochie","Waadhoeke","Friesland",false,53.277288,5.667465,"fatal","1","clear",false,1,"GM1949"
"20220135098",2022,"Dodelijk",1,"Fiets",\N,"Eenzijdig",\N,80,\N,"Daglicht",\N,\N,"443441010","Veeningen","Veeningen","De Wolden","Drenthe",false,52.670394,6.376516,"fatal","1","unknown",false,1,"GM1690"
"20220213960",2022,"Letsel",1,"Fiets",\N,"Eenzijdig","Rechte weg",50,"Brandend","Duisternis","Droog",\N,\N,"Carel Reinierszkade","'s-Gravenhage","'s-Gravenhage","Zuid-Holland",false,52.091046,4.342715,"injury","2","clear",false,1,"GM0518"
"20220216953",2022,"Uitsluitend materiele schade",2,"Personenauto","Fiets","Flank","Kruispunt, 4 takken",50,"Niet brandend","Daglicht","Droog",\N,\N,"Lammenschansweg","Leiden","Leiden","Zuid-Holland",false,52.146109,4.491144,"material damage only","4","clear",false,1,"GM0546"
"20220218956",2022,"Letsel",2,"Personenauto","Fiets","Flank","Kruispunt, 4 takken",50,"Brandend","Duisternis","Mist",\N,\N,"Hekelingseweg","Spijkenisse","Nissewaard","Zuid-Holland",false,51.838185,4.332165,"injury","2","fog",false,1,"GM1930"
"20220224813",2022,"Letsel",2,"e-bike","Overig vast object","Vast voorwerp","Rechte weg",30,"Brandend","Duisternis","Regen",\N,"158179036","Eikstraat","Bergen op Zoom","Bergen op Zoom","Noord-Brabant",false,51.492392,4.298228,"injury","2","rain",false,1,"GM0748"
"20220204263",2022,"Uitsluitend materiele schade",2,"Bromfiets","Fiets","Kop/staart","Kruispunt, 3 takken",80,"Niet brandend","Daglicht","Droog",\N,\N,"Park Arenberg","De Bilt","De Bilt","Utrecht",false,52.101435,5.168892,"material damage only","4","clear",false,1,"GM0310"
"20220206120",2022,"Uitsluitend materiele schade",2,"Bromfiets","Fiets","Flank","Rechte weg",50,"Niet brandend","Daglicht","Droog",\N,"222432101","Geestersingel","Alkmaar","Alkmaar","Noord-Holland",false,52.63353,4.739107,"material damage only","4","clear",false,1,"GM0361"
"20220148881",2022,"Dodelijk",2,"Personenauto","Fiets","Frontaal","Rechte weg",50,"Niet brandend","Daglicht","Droog",\N,"600550440","Ulvenhoutselaan","Breda","Breda","Noord-Brabant",false,51.559846,4.792303,"fatal","1","clear",false,1,"GM0758"
"20220213218",2022,"Letsel",2,"Personenauto","Fiets","Flank","Rotonde",30,"Niet brandend","Daglicht","Droog",\N,\N,"Oostlaan","Pijnacker","Pijnacker-Nootdorp","Zuid-Holland",false,52.019951,4.433947,"injury","2","clear",false,1,"GM1926"
"20220215554",2022,"Letsel",3,"Personenauto","Fiets","Onbekend","Rechte weg",50,"Brandend","Duisternis","Droog",\N,\N,"Abtspoelweg","Oegstgeest","Oegstgeest","Zuid-Holland",false,52.186834,4.488994,"injury","2","clear",false,1,"GM0579"
"20220217655",2022,"Letsel",3,"Personenauto","Fiets","Flank","Rechte weg",50,"Niet brandend","Daglicht","Droog",\N,"600715593","Noordweg","'s-Gravenhage","'s-Gravenhage","Zuid-Holland",false,52.036112,4.284919,"injury","2","clear",false,1,"GM0518"
"20220217683",2022,"Letsel",2,"Fiets","Fiets","Onbekend","Bocht",50,"Brandend","Duisternis","Regen",\N,"188328070","Mauritsstraat","Leiden","Leiden","Zuid-Holland",false,52.165577,4.4981,"injury","2","rain",false,1,"GM0546"
"20220202765",2022,"Uitsluitend materiele schade",2,"Fiets","Snorfiets","Frontaal","Rechte weg",\N,"Niet brandend","Daglicht","Droog",\N,"600654639","Gemeenlandslaan","Huizen","Huizen","Noord-Holland",false,52.291011,5.254261,"material damage only","4","clear",false,1,"GM0406"
"20220209435",2022,"Uitsluitend materiele schade",2,"e-bike","Personenauto","Flank","Kruispunt, 3 takken",50,"Niet brandend","Daglicht","Droog",\N,\N,"Burg D Kooimanweg","Purmerend","Purmerend","Noord-Holland",false,52.52067,4.956998,"material damage only","4","clear",false,1,"GM0439"
"20220213260",2022,"Letsel",2,"Fiets","Fiets","Flank","Rechte weg",50,"Niet brandend","Daglicht","Droog",\N,"204333002","Floraweg","Roelofarendsveen","Kaag en Braassem","Zuid-Holland",false,52.188198,4.620691,"injury","2","clear",false,1,"GM1884"
"20220216358",2022,"Letsel",1,"Fiets",\N,"Eenzijdig","Rechte weg",\N,"Brandend","Duisternis","Droog",\N,"600729346","Van Stolberglaan","Zoetermeer","Zoetermeer","Zuid-Holland",false,52.052306,4.485133,"injury","2","clear",false,1,"GM0637"
"20220219936",2022,"Letsel",3,"Personenauto","Fiets","Onbekend","Rotonde",50,"Brandend","Duisternis","Droog",\N,\N,"Aveling","Hoogvliet Rotterdam","Rotterdam","Zuid-Holland",false,51.860216,4.355431,"injury","2","clear",false,1,"GM0599"
"20220201410",2022,"Letsel",2,"Personenauto","Fiets","Kop/staart","Kruispunt, 3 takken",30,"Niet brandend","Daglicht","Droog",\N,\N,"Stationsweg","Heino","Raalte","Overijssel",false,52.435391,6.232649,"injury","2","clear",false,1,"GM0177"
"20220213295",2022,"Letsel",3,"Bestelauto","e-bike","Eenzijdig","Rechte weg",50,"Brandend","Schemer","Droog",\N,"158307079","Dierenselaan","'s-Gravenhage","'s-Gravenhage","Zuid-Holland",false,52.066169,4.283558,"injury","2","clear",false,1,"GM0518"
"20220215634",2022,"Uitsluitend materiele schade",2,"Personenauto","e-bike","Flank","Rotonde",50,"Niet brandend","Daglicht","Regen",\N,\N,"Einsteinstraat","Hillegom","Hillegom","Zuid-Holland",false,52.289825,4.585891,"material damage only","4","rain",false,1,"GM0534"
"20220210668",2022,"Uitsluitend materiele schade",2,"Personenauto","Fiets","Frontaal","Kruispunt, 4 takken",15,"Niet brandend","Daglicht",\N,\N,\N,"Uiterwaardenstraat","Amsterdam","Amsterdam","Noord-Holland",false,52.342826,4.903029,"material damage only","4","unknown",false,1,"GM0363"
"20220224177",2022,"Uitsluitend materiele schade",2,"Personenauto","Fiets","Flank","Kruispunt, 4 takken",50,"Niet brandend","Daglicht","Droog",\N,\N,"Jacob Franckaertstraat","Breda","Breda","Noord-Brabant",false,51.61032,4.789977,"material damage only","4","clear",false,1,"GM0758"
"20220225896",2022,"Uitsluitend materiele schade",2,"Personenauto","e-bike","Frontaal","Kruispunt, 3 takken",30,"Niet brandend","Daglicht","Regen",\N,\N,"Noordweg","Westkapelle","Veere","Zeeland",false,51.532608,3.445368,"material damage only","4","rain",false,1,"GM0717"
"20220206360",2022,"Letsel",2,"e-bike","e-bike","Frontaal","Bocht",30,"Niet brandend","Schemer","Droog",\N,"217441064","Dokter van Peltlaan","Bergen (NH)","Bergen (NH)","Noord-Holland",false,52.669938,4.704669,"injury","2","clear",false,1,\N
"20220210702",2022,"Letsel",2,"Personenauto","Fiets","Flank","Kruispunt, 3 takken",50,"Niet brandend","Daglicht","Droog",\N,\N,"Wibautstraat","Amsterdam","Amsterdam","Noord-Holland",false,52.349748,4.916804,"injury","2","clear",false,1,"GM0363"
"20220215753",2022,"Uitsluitend materiele schade",2,"Personenauto","Fiets","Flank","Rechte weg",50,"Niet brandend","Daglicht","Droog",\N,"167291035","Martinus Nijhofflaan","Delft","Delft","Zuid-Holland",false,51.99668,4.352424,"material damage only","4","clear",false,1,"GM0503"
"20220219268",2022,"Letsel",2,"Personenauto","Fiets","Flank","Kruispunt, 4 takken",50,"Niet brandend","Daglicht","Droog",\N,\N,"Kreekhuizenlaan","Rotterdam","Rotterdam","Zuid-Holland",false,51.882258,4.535937,"injury","2","clear",false,1,"GM0599"
"20220225062",2022,"Letsel",2,"Personenauto","Fiets","Flank","Kruispunt, 4 takken",50,"Niet brandend","Daglicht","Droog",\N,\N,"Biesbosweg","Waalwijk","Waalwijk","Noord-Brabant",false,51.691415,5.047752,"injury","2","clear",false,1,"GM0867"
"20220228666",2022,"Letsel",1,"e-bike",\N,"Eenzijdig","Rechte weg",60,"Niet brandend","Daglicht","Mist",\N,"600809847","Goordonksedijk","Veghel","Meierijstad","Noord-Brabant",false,51.625254,5.575574,"injury","2","fog",false,1,"GM1948"
"20220195698",2022,"Dodelijk",3,"Vrachtauto","Fiets","Flank","Kruispunt, 4 takken",30,"Niet brandend","Daglicht","Droog",\N,\N,"Trambaan","Beneden-Leeuwen","West Maas en Waal","Gelderland",false,51.883789,5.532973,"fatal","1","clear",false,1,"GM0668"
"20220216552",2022,"Letsel",2,"Personenauto","Fiets","Geparkeerd voertuig","Rechte weg",30,"Niet brandend","Daglicht","Droog",\N,"188349042","Duin en Dal","Noordwijkerhout","Noordwijk","Zuid-Holland",false,52.25859,4.494295,"injury","2","clear",false,1,"GM0575"
"20220216556",2022,"Letsel",3,"Personenauto","Fiets","Frontaal","Rechte weg",50,"Brandend","Duisternis","Droog",\N,"600715188","Leyweg","'s-Gravenhage","'s-Gravenhage","Zuid-Holland",false,52.051425,4.27302,"injury","2","clear",false,1,"GM0518"
"20220199525",2022,"Letsel",2,"Fiets","Landbouwvoertuig","Flank","Kruispunt, 4 takken",50,"Niet brandend","Daglicht","Droog",\N,\N,"Kruisstraat","Oldenzaal","Oldenzaal","Overijssel",false,52.319236,6.934353,"injury","2","clear",false,1,"GM0173"
"20220207283",2022,"Letsel",2,\N,"e-bike","Eenzijdig","Rechte weg",50,"Niet aanwezig","Daglicht","Droog",\N,"270461008","Almereweg","Medemblik","Medemblik","Noord-Holland",false,52.763304,5.095622,"injury","2","clear",false,1,"GM0420"
"20220210804",2022,"Letsel",2,"e-bike","Voetganger","Voetganger","Rechte weg",50,"Niet brandend","Daglicht","Droog",\N,"600362664","Jan Pieter Heijestraat","Amsterdam","Amsterdam","Noord-Holland",false,52.365001,4.862646,"injury","2","clear",false,1,"GM0363"
"20220211511",2022,"Letsel",2,"Fiets",\N,"Eenzijdig","Rechte weg",\N,"Brandend","Duisternis","Droog",\N,"601019379","De Ruijterkade","Amsterdam","Amsterdam","Noord-Holland",false,52.382433,4.895143,"injury","2","clear",false,1,"GM0363"
"20220217252",2022,"Letsel",1,"Fiets",\N,"Eenzijdig","Bocht",\N,"Niet brandend","Daglicht","Droog",\N,"600398039","F1","Monster","Westland","Zuid-Holland",false,52.04781,4.19202,"injury","2","clear",false,1,"GM1783"
"20220220900",2022,"Letsel",1,"Fiets",\N,"Eenzijdig",\N,30,\N,"Daglicht",\N,\N,"600721089","Bachplein","Schiedam","Schiedam","Zuid-Holland",false,51.934185,4.374126,"injury","2","unknown",false,1,"GM0606"
"20220221596",2022,"Letsel",2,"Bromfiets","Fiets","Flank","Rechte weg",50,"Niet brandend","Daglicht","Regen",\N,"166273086","Hoflaan","Vlaardingen","Vlaardingen","Zuid-Holland",false,51.913493,4.346565,"injury","2","rain",false,1,"GM0622"
"20240136414",2024,"Uitsluitend materiele schade",2,"Bestelauto","Fiets","Onbekend","Rotonde",50,"Niet brandend","Daglicht","Droog",\N,\N,"Ganzeweide","Heerlen","Heerlen","Limburg",false,50.918906,5.948061,"material damage only","4","clear",false,1,"GM0917"
"20240136419",2024,"Uitsluitend materiele schade",2,"Fiets","Personenauto","Flank","Kruispunt, 4 takken",50,"Niet brandend","Schemer","Droog",\N,\N,"Spoorstraat","Helmond","Helmond","Noord-Brabant",false,51.474396,5.665607,"material damage only","4","clear",false,1,"GM0794"
"20240139545",2024,"Letsel",1,"e-bike",\N,"Eenzijdig","Rechte weg",50,"Brandend","Duisternis","Droog",\N,"514589052","Rijksweg","Delfzijl","Eemsdelta","Groningen",false,53.32782,6.922068,"injury","2","clear",false,1,"GM1979"
"20240140136",2024,"Uitsluitend materiele schade",2,"Personenauto","Fiets","Flank","Kruispunt, 4 takken",30,"Niet brandend","Daglicht","Droog",\N,\N,"Pianoweg","Almere","Almere","Flevoland",false,52.368918,5.189353,"material damage only","4","clear",false,1,"GM0034"
"20240141701",2024,"Uitsluitend materiele schade",2,"Personenauto","Fiets","Frontaal","Kruispunt, 4 takken",30,\N,"Daglicht",\N,\N,\N,"Kingsfordweg","Amsterdam","Amsterdam","Noord-Holland",false,52.387694,4.842368,"material damage only","4","unknown",false,1,"GM0363"
"20240142114",2024,"Uitsluitend materiele schade",2,"Bromfiets","Fiets","Flank","Rechte weg",30,"Niet brandend","Daglicht","Droog",\N,"248365027","Michaëlplein","Duivendrecht","Ouder-Amstel","Noord-Holland",false,52.333928,4.937909,"material damage only","4","clear",false,1,"GM0437"
"20240133959",2024,"Uitsluitend materiele schade",2,"Bromfiets","Fiets","Frontaal","Rechte weg",\N,"Brandend","Duisternis","Regen",\N,"238364029","Van Nijenrodeweg","Amsterdam","Amsterdam","Noord-Holland",false,52.327636,4.860732,"material damage only","4","rain",false,1,"GM0363"
"20240135213",2024,"Letsel",2,"e-bike","Bestelauto","Flank","Rotonde",50,"Niet brandend","Daglicht","Regen",\N,\N,"Brugweg","Zwijndrecht","Zwijndrecht","Zuid-Holland",false,51.813388,4.642244,"injury","2","rain",false,1,"GM0642"
"20240137097",2024,"Letsel",2,"Personenauto","Fiets","Onbekend","Kruispunt, 3 takken",50,"Niet brandend","Schemer","Droog",\N,\N,"Mariënwaard","Maastricht","Maastricht","Limburg",false,50.875026,5.730086,"injury","2","clear",false,1,"GM0935"
"20240138997",2024,"Letsel",2,"Fiets","Personenauto","Flank","Rotonde",50,"Brandend","Duisternis","Droog",\N,\N,"Laan van Borgele","Deventer","Deventer","Overijssel",false,52.270573,6.15523,"injury","2","clear",false,1,"GM0150"
"20240139817",2024,"Uitsluitend materiele schade",2,"Snorfiets","Fiets","Frontaal","Rechte weg",50,"Niet brandend","Daglicht","Droog",\N,"332295047","Industrielaan","Veenendaal","Veenendaal","Utrecht",false,52.019139,5.553254,"material damage only","4","clear",false,1,"GM0345"
"20240141333",2024,"Letsel",2,"Personenauto","Fiets","Flank","Rechte weg",50,"Niet brandend","Daglicht","Droog",\N,"494329055","Hengelosestraat","Haaksbergen","Haaksbergen","Overijssel",false,52.161793,6.735096,"injury","2","clear",false,1,"GM0158"
"20240141339",2024,"Letsel",2,"Personenauto","Fiets","Frontaal","Kruispunt, 4 takken",50,"Niet brandend","Daglicht","Regen",\N,"600866738","Spoelerstraat","Nijverdal","Hellendoorn","Overijssel",false,52.363987,6.466695,"injury","2","rain",false,1,"GM0163"
"20240139038",2024,"Letsel",2,"Fiets","Personenauto","Flank","Kruispunt, 3 takken",60,"Niet brandend","Daglicht","Droog",\N,\N,"Bentinckskamp","Wapenveld","Heerde","Gelderland",false,52.443191,6.07157,"injury","2","clear",false,1,"GM0246"
"20240140690",2024,"Uitsluitend materiele schade",2,"Personenauto","Fiets","Flank","Kruispunt, 4 takken",30,"Niet brandend","Daglicht","Droog",\N,\N,"Eemstraat","Apeldoorn","Apeldoorn","Gelderland",false,52.190694,5.979402,"material damage only","4","clear",false,1,"GM0200"
"20240141773",2024,"Letsel",2,"Personenauto","Fiets","Flank","Kruispunt, 4 takken",50,"Niet brandend","Daglicht","Droog",\N,\N,"Grotenhuysweg","Purmerend","Purmerend","Noord-Holland",false,52.512214,4.992853,"injury","2","clear",false,1,"GM0439"
"20240148441",2024,"Uitsluitend materiele schade",2,"Fiets","Bestelauto","Onbekend","Rechte weg",50,"Niet brandend","Schemer","Droog",\N,"408345051","H.W. Iordensweg","Twello","Voorst","Gelderland",false,52.238339,6.107453,"material damage only","4","clear",false,1,"GM0285"
"20240143232",2024,"Uitsluitend materiele schade",2,"Personenauto","Fiets","Onbekend","Kruispunt, 4 takken",50,"Niet brandend","Daglicht","Droog",\N,\N,"Weteringdreef","Zoetermeer","Zoetermeer","Zuid-Holland",false,52.064268,4.506821,"material damage only","4","clear",false,1,"GM0637"
"20240137861",2024,"Uitsluitend materiele schade",2,"Personenauto","Fiets","Flank","Rotonde",50,"Niet brandend","Daglicht","Droog",\N,\N,"Vondelkade","Zwolle","Zwolle","Overijssel",false,52.514637,6.109168,"material damage only","4","clear",false,1,"GM0193"
"20240143274",2024,"Uitsluitend materiele schade",1,"e-bike",\N,"Onbekend","Bocht",\N,"Niet brandend","Daglicht","Droog",\N,"601177649","Johan de Wittlaan","'s-Gravenhage","'s-Gravenhage","Zuid-Holland",false,52.088175,4.286116,"material damage only","4","clear",false,1,"GM0518"
"20240143838",2024,"Letsel",1,"Fiets",\N,"Onbekend","Rechte weg",\N,"Niet brandend","Daglicht","Regen",\N,"600748148","Burgemeester Jamessingel","Gouda","Gouda","Zuid-Holland",false,52.018366,4.709023,"injury","2","rain",false,1,"GM0513"
"20240143857",2024,"Letsel",2,"Fiets","Fiets","Frontaal","Rechte weg",\N,"Niet brandend","Daglicht","Droog",\N,"228369049","Pieter Calandlaan","Amsterdam","Amsterdam","Noord-Holland",false,52.35001,4.78858,"injury","2","clear",false,1,"GM0363"
"20240134096",2024,"Letsel",2,"Personenauto","Fiets","Flank","Kruispunt, 3 takken",50,"Niet brandend","Daglicht","Droog",\N,\N,"Molendijk","Waarder","Bodegraven-Reeuwijk","Zuid-Holland",false,52.06364,4.821331,"injury","2","clear",false,1,"GM1901"
"20240134132",2024,"Uitsluitend materiele schade",2,"Snorfiets","Fiets","Flank","Kruispunt, 3 takken",30,"Niet brandend","Daglicht","Regen",\N,\N,"Zuid-Oosterstraat","Tilburg","Tilburg","Noord-Brabant",false,51.560057,5.092076,"material damage only","4","rain",false,1,"GM0855"
"20240134702",2024,"Letsel",2,"Fiets","Personenauto","Los voorwerp","Kruispunt, 4 takken",50,"Brandend","Duisternis","Droog",\N,\N,"Aelbrechtskade","Rotterdam","Rotterdam","Zuid-Holland",false,51.915117,4.445742,"injury","2","clear",false,1,"GM0599"
"20240141485",2024,"Letsel",2,"Personenauto","Fiets","Onbekend","Rechte weg",50,"Niet brandend","Daglicht","Droog",\N,\N,"Dijkgraaf Poschlaan","Volendam","Edam-Volendam","Noord-Holland",false,52.502532,5.058128,"injury","2","clear",false,1,"GM0385"
"20240150653",2024,"Letsel",2,"Fiets","Personenauto","Flank","Rotonde",50,"Niet brandend","Daglicht","Regen",\N,\N,"De Nieuwe Poort","Amersfoort","Amersfoort","Utrecht",false,52.15884,5.379729,"injury","2","rain",false,1,"GM0307"
"20240134763",2024,"Letsel",2,"Snorfiets","Fiets","Frontaal","Rechte weg",50,"Niet brandend","Daglicht","Droog","Brug/viaduct",\N,"FIETSPAD","Rotterdam","Rotterdam","Zuid-Holland",false,51.912142,4.482501,"injury","2","clear",false,1,"GM0599"
"20240136042",2024,"Letsel",3,"Bromfiets","Fiets","Flank","Rechte weg",30,"Niet brandend","Daglicht","Droog",\N,\N,"Scheveningsestraat","Rotterdam","Rotterdam","Zuid-Holland",false,51.929217,4.476382,"injury","2","clear",false,1,"GM0599"
"20240136665",2024,"Uitsluitend materiele schade",2,"Fiets","Personenauto","Frontaal","Kruispunt, 3 takken",50,"Niet brandend","Daglicht","Droog",\N,\N,"Dries","Weert","Weert","Limburg",false,51.248094,5.702034,"material damage only","4","clear",false,1,"GM0988"
"20240137283",2024,"Letsel",2,"Personenauto","Fiets","Flank","Kruispunt, 4 takken",50,"Niet brandend","Daglicht","Droog",\N,\N,"Keermanslaan","Breda","Breda","Noord-Brabant",false,51.567303,4.793985,"injury","2","clear",false,1,"GM0758"
"20240134805",2024,"Letsel",1,"Fiets",\N,"Onbekend","Bocht",50,"Niet brandend","Daglicht","Droog",\N,\N,"Westelijke Bermweg","Vlissingen","Vlissingen","Zeeland",false,51.464717,3.594812,"injury","2","clear",false,1,"GM0718"
"20240138646",2024,"Letsel",2,"Personenauto","Fiets","Onbekend","Rechte weg",50,"Brandend","Duisternis","Droog",\N,"371254017","Graafseweg","Nijmegen","Nijmegen","Gelderland",false,51.834035,5.838576,"injury","2","clear",false,1,"GM0268"
"20240137402",2024,"Letsel",2,"Personenauto","Fiets","Flank","Kruispunt, 4 takken",30,"Niet brandend","Daglicht","Regen",\N,\N,"Charles Eijckstraat","Meerssen","Meerssen","Limburg",false,50.887844,5.748577,"injury","2","rain",false,1,"GM0938"
"20240135527",2024,"Uitsluitend materiele schade",2,"Personenauto","Fiets","Flank","Rechte weg",50,"Brandend","Duisternis","Droog",\N,\N,"Torenweg","Middelburg","Middelburg","Zeeland",false,51.481055,3.621438,"material damage only","4","clear",false,1,\N
"20240142534",2024,"Letsel",2,"Fiets",\N,"Onbekend",\N,\N,\N,"Duisternis","Droog","Bus-/Tramhalte",\N,"Gladiolenlaan","Beverwijk","Beverwijk","Noord-Holland",false,52.497013,4.648991,"injury","2","clear",false,1,"GM0375"
"20240134958",2024,"Letsel",1,"Fiets",\N,"Onbekend",\N,30,\N,"Daglicht",\N,\N,"600383599","Balans","Middelburg","Middelburg","Zeeland",false,51.501502,3.614737,"injury","2","unknown",false,1,\N
"20240136831",2024,"Letsel",2,"Personenauto","Fiets","Onbekend","Rechte weg",50,"Niet brandend","Daglicht","Droog",\N,"600842304","Spoorstraat","Gennep","Gennep","Limburg",false,51.695716,5.972473,"injury","2","clear",false,1,"GM0907"
"20240138798",2024,"Dodelijk",2,"Vrachtauto","Fiets","Onbekend","Rechte weg",60,"Niet brandend","Daglicht","Droog",\N,"392442003","Bergkampen","Sint Jansklooster","Steenwijkerland","Overijssel",false,52.672889,6.002379,"fatal","1","clear",false,1,"GM1708"
"20240143109",2024,"Letsel",1,"Fiets",\N,"Onbekend","Rechte weg",30,"Brandend","Duisternis","Droog",\N,"156310123","Fahrenheitstraat","'s-Gravenhage","'s-Gravenhage","Zuid-Holland",false,52.078523,4.269474,"injury","2","clear",false,1,"GM0518"
"20240133813",2024,"Letsel",2,"Fiets","Personenauto","Onbekend","Kruispunt, 3 takken",50,"Niet brandend","Daglicht","Droog",\N,\N,"Perdiksepad","De Lier","Westland","Zuid-Holland",false,51.97309,4.253984,"injury","2","clear",false,1,"GM1783"
"20240135644",2024,"Letsel",2,"Personenauto","Fiets","Onbekend","Kruispunt, 4 takken",50,"Niet aanwezig","Daglicht","Droog",\N,\N,"Spinozaweg","Rotterdam","Rotterdam","Zuid-Holland",false,51.877233,4.521994,"injury","2","clear",false,1,"GM0599"
"20240136916",2024,"Letsel",2,"Motor","Fiets","Flank","Kruispunt, 4 takken",80,"Niet brandend","Daglicht","Droog",\N,\N,"Sevenumse Dijk","Maasbree","Peel en Maas","Limburg",false,51.352598,6.016092,"injury","2","clear",false,1,"GM1894"
"20240138215",2024,"Uitsluitend materiele schade",2,"Fiets","Fiets","Flank","Rechte weg",50,"Niet brandend","Daglicht","Droog",\N,"600639998","Aalderinkssingel","Almelo","Almelo","Overijssel",false,52.356602,6.647378,"material damage only","4","clear",false,1,"GM0141"
"20240146534",2024,"Uitsluitend materiele schade",2,"Personenauto","Fiets","Flank","Rotonde",50,"Niet brandend","Daglicht","Regen",\N,\N,"Burg Gommansstraat","Venlo","Venlo","Limburg",false,51.370756,6.136174,"material damage only","4","rain",false,1,"GM0983"
"20240147080",2024,"Letsel",2,"Fiets","Fiets","Onbekend","Rechte weg",30,"Niet aanwezig","Daglicht","Droog",\N,"600212640","Groene Loper","Maastricht","Maastricht","Limburg",false,50.855867,5.71113,"injury","2","clear",false,1,"GM0935"
"20240149581",2024,"Uitsluitend materiele schade",3,"Personenauto","Fiets","Flank","Kruispunt, 4 takken",50,"Niet brandend","Schemer","Droog",\N,\N,"Bentrotstraat","Enschede","Enschede","Overijssel",false,52.228981,6.90041,"material damage only","4","clear",false,1,"GM0153"
"20240136333",2024,"Uitsluitend materiele schade",2,"Fiets","Personenauto","Flank","Rotonde",\N,"Niet brandend","Schemer","Regen",\N,\N,"Nuenenseweg","Geldrop","Geldrop-Mierlo","Noord-Brabant",false,51.43132,5.565025,"material damage only","4","rain",false,1,"GM1771"
"20240136943",2024,"Letsel",2,"Fiets","Fiets","Frontaal","Rechte weg",\N,"Brandend","Duisternis","Regen",\N,"600821812","Maaseikerweg","Weert","Weert","Limburg",false,51.238906,5.717761,"injury","2","rain",false,1,"GM0988"
"20240133887",2024,"Uitsluitend materiele schade",2,"Bromfiets","e-bike","Flank","Kruispunt, 4 takken",30,"Niet brandend","Daglicht","Regen",\N,\N,"Houtlaan","Wassenaar","Wassenaar","Zuid-Holland",false,52.117569,4.377272,"material damage only","4","rain",false,1,"GM0629"
"20240134496",2024,"Uitsluitend materiele schade",2,"Personenauto","Fiets","Onbekend",\N,70,"Niet brandend","Daglicht","Droog",\N,\N,"Backer en Ruebweg","Breda","Breda","Noord-Brabant",false,51.600142,4.748989,"material damage only","4","clear",false,1,"GM0758"
"20240138277",2024,"Uitsluitend materiele schade",2,"Personenauto","Fiets","Flank","Rechte weg",50,"Brandend","Duisternis","Droog",\N,"392586032","Strobosserweg","Dokkum","Noardeast-Fryslân","Friesland",false,53.321976,6.009475,"material damage only","4","clear",false,1,"GM1970"
"20240001330",2024,"Uitsluitend materiele schade",2,"Personenauto","Fiets","Onbekend","Kruispunt, 3 takken",\N,"Niet brandend","Daglicht","Droog",\N,\N,"Kopenhagenlaan","Vlaardingen","Vlaardingen","Zuid-Holland",false,51.936661,4.352366,"material damage only","4","clear",false,1,"GM0622"
"20240001344",2024,"Letsel",1,"Fiets",\N,"Eenzijdig","Rechte weg",50,"Brandend","Duisternis","Droog",\N,"600491271","FIETSPAD","Rotterdam","Rotterdam","Zuid-Holland",false,51.909608,4.485858,"injury","2","clear",false,1,"GM0599"
"20240008222",2024,"Letsel",2,"Fiets","Fiets","Flank","Rechte weg",30,"Niet brandend","Daglicht","Droog",\N,"600753891","Dijklaan","Bergambacht","Krimpenerwaard","Zuid-Holland",false,51.927045,4.785554,"injury","2","clear",false,1,"GM1931"
"20240008248",2024,"Letsel",3,\N,"Fiets","Onbekend","Rechte weg",30,"Niet brandend","Daglicht","Droog",\N,"143288014","Maasdijk","'s-Gravenzande","Westland","Zuid-Holland",false,51.981466,4.177719,"injury","2","clear",false,1,"GM1783"
"20240010366",2024,"Letsel",2,\N,"Fiets","Onbekend","Rechte weg",50,"Niet brandend","Daglicht","Regen",\N,"406537054","Splitting","Drachten","Smallingerland","Friesland",false,53.104037,6.109187,"injury","2","rain",false,1,"GM0090"
"20240011799",2024,"Uitsluitend materiele schade",2,"Fiets","Personenauto","Flank","Kruispunt, 4 takken",30,"Niet brandend","Daglicht","Droog",\N,\N,"Sonia Gaskellstraat","Almere","Almere","Flevoland",false,52.3644,5.260252,"material damage only","4","clear",false,1,"GM0034"