"accident_id","year","severity_raw","party_count","party1_type","party2_type","accident_type","road_situation","speed_limit_kmh","road_lighting","light_condition_label","weather_raw","infra_type","road_segment_id","street_name","place_name","gemeente_name_raw","province","alcohol_indicated","latitude","longitude","severity_label","severity_code","weather_label","built_up_area","cyclists_involved","gemeente_code"
"20240072464",2024,"Letsel",2,"Bestelauto","Fiets","Onbekend","Rechte weg",50,"Brandend","Daglicht","Regen",\N,"600735945","Bermweg","Capelle aan den IJssel","Capelle aan den IJssel","Zuid-Holland",false,51.937248,4.579444,"injury","2","rain",false,1,"GM0502"
"20240040081",2024,"Letsel",2,"Bestelauto","Fiets","Flank","Rechte weg",30,"Brandend","Duisternis","Droog",\N,"237368086","Stadionweg","Amsterdam","Amsterdam","Noord-Holland",false,52.345603,4.858753,"injury","2","clear",false,1,"GM0363"
"20240079886",2024,"Letsel",1,"Fiets",\N,"Kop/staart","Rechte weg",50,"Niet brandend","Daglicht","Droog",\N,"600526183","Flevolaan","Enkhuizen","Enkhuizen","Noord-Holland",false,52.696519,5.281638,"injury","2","clear",false,1,"GM0388"
"20240079897",2024,"Uitsluitend materiele schade",2,"Fiets","Fiets","Onbekend","Rechte weg",\N,"Niet brandend","Daglicht","Droog",\N,"600757813","Plesmanlaan","Amsterdam","Amsterdam","Noord-Holland",false,52.351381,4.828311,"material damage only","4","clear",false,1,"GM0363"
"20240079915",2024,"Uitsluitend materiele schade",2,"Personenauto","Fiets","Flank","Rechte weg",50,"Niet brandend","Daglicht","Droog",\N,"221351002","Aalsmeerderdijk","Aalsmeerderbrug","Haarlemmermeer","Noord-Holland",false,52.267706,4.737956,"material damage only","4","clear",false,1,"GM0394"
"20240040144",2024,"Uitsluitend materiele schade",2,"Personenauto","Fiets","Flank","Rechte weg",50,"Niet brandend","Daglicht","Droog",\N,"149298091","Dr Weitjenslaan","Poeldijk","Westland","Zuid-Holland",false,52.02656,4.219779,"material damage only","4","clear",false,1,"GM1783"
"20240040151",2024,"Letsel",2,"Fiets","Snorfiets","Flank","Kruispunt, 4 takken",30,"Niet brandend","Daglicht","Droog",\N,\N,"Prins Bernhardlaan","Voorburg","Leidschendam-Voorburg","Zuid-Holland",false,52.074732,4.360753,"injury","2","clear",false,1,"GM1916"
"20240080604",2024,"Uitsluitend materiele schade",2,"Fiets","Personenauto","Flank","Kruispunt, 3 takken",30,"Niet brandend","Daglicht","Droog",\N,\N,"Pallieterplein","Oosterhout","Oosterhout","Noord-Brabant",false,51.651294,4.834464,"material damage only","4","clear",false,1,"GM0826"
"20240035377",2024,"Uitsluitend materiele schade",2,"Personenauto","Fiets","Onbekend","Rotonde",50,"Niet brandend","Daglicht","Regen",\N,\N,"Zeegsingel","Arnhem","Arnhem","Gelderland",false,51.9637,5.906757,"material damage only","4","rain",false,1,"GM0202"
"20240048126",2024,"Letsel",2,"Fiets","Brommobiel","Flank","Rechte weg",30,"Niet brandend","Daglicht","Regen",\N,"601072984","Noordwachter","Zaandam","Zaanstad","Noord-Holland",false,52.453137,4.839773,"injury","2","rain",false,1,"GM0479"
"20240072817",2024,"Letsel",1,"Fiets",\N,"Frontaal","Rechte weg",50,"Brandend","Duisternis","Droog",\N,"601122224","Voorhei","Veghel","Meierijstad","Noord-Brabant",false,51.62575,5.573609,"injury","2","clear",false,1,"GM1948"
"20240040872",2024,"Letsel",2,"Scootmobiel","e-bike","Frontaal","Rechte weg",30,"Niet brandend","Daglicht","Droog",\N,\N,"Zuijder Vlaerdinge","Heerhugowaard","Dijk en Waard","Noord-Holland",false,52.671035,4.81442,"injury","2","clear",false,1,"GM1980"
"20240041666",2024,"Letsel",4,"Fiets","Fiets","Vast voorwerp","Rechte weg",60,"Niet brandend","Daglicht","Droog",\N,"120126015","Ellestraat","Heikant","Hulst","Zeeland",false,51.24731,4.034529,"injury","2","clear",false,1,"GM0677"
"20240071996",2024,"Letsel",1,"Fiets",\N,"Eenzijdig","Rechte weg",50,"Niet brandend","Daglicht","Regen",\N,"600259747","Eerste Stationsstraat","Zoetermeer","Zoetermeer","Zuid-Holland",false,52.047149,4.49145,"injury","2","rain",false,1,"GM0637"
"20240042365",2024,"Letsel",2,"Personenauto","Fiets","Flank","Kruispunt, 3 takken",50,"Niet brandend","Daglicht","Droog",\N,\N,"Mijlweg","Dordrecht","Dordrecht","Zuid-Holland",false,51.785339,4.647056,"injury","2","clear",false,1,"GM0505"
"20240078830",2024,"Letsel",1,"Fiets",\N,"Onbekend",\N,50,\N,"Daglicht",\N,\N,\N,"Marie Jungiusweg","'s-Gravenhage","'s-Gravenhage","Zuid-Holland",false,52.061004,4.283016,"injury","2","unknown",false,1,"GM0518"
"20240037014",2024,"Uitsluitend materiele schade",2,"Personenauto","Fiets","Kop/staart","Rechte weg",30,"Niet brandend","Daglicht","Regen",\N,"389336072","Talingweg","Apeldoorn","Apeldoorn","Gelderland",false,52.200193,5.966603,"material damage only","4","rain",false,1,"GM0200"
"20240038631",2024,"Uitsluitend materiele schade",2,"Personenauto","Fiets","Flank","Rotonde",30,"Niet brandend","Daglicht","Droog",\N,\N,"Meerstraat","Naarden","Gooise Meren","Noord-Holland",false,52.295922,5.149675,"material damage only","4","clear",false,1,"GM1942"
"20240042414",2024,"Letsel",2,"Personenauto","Fiets","Flank","Rotonde",50,"Brandend","Duisternis","Regen",\N,\N,"Sophialaan","Hendrik-Ido-Ambacht","Hendrik-Ido-Ambacht","Zuid-Holland",false,51.833544,4.649935,"injury","2","rain",false,1,"GM0531"
"20240078888",2024,"Letsel",1,"Fiets",\N,"Onbekend","Rechte weg",50,"Niet brandend","Daglicht","Droog",\N,"600711890","Persyn van Ouwendijckln","'s-Gravenzande","Westland","Zuid-Holland",false,51.987139,4.178534,"injury","2","clear",false,1,"GM1783"
"20240176464",2024,"Uitsluitend materiele schade",2,"e-bike","Personenauto","Flank","Kruispunt, 3 takken",30,"Niet aanwezig","Daglicht","Droog",\N,\N,"Anemonenstraat","Den Helder","Den Helder","Noord-Holland",false,52.947804,4.762173,"material damage only","4","clear",false,1,"GM0400"
"20240033390",2024,"Uitsluitend materiele schade",2,"Personenauto","Fiets","Onbekend","Rotonde",50,"Niet brandend","Daglicht","Droog",\N,\N,"Leenderweg","Eindhoven","Eindhoven","Noord-Brabant",false,51.415913,5.497777,"material damage only","4","clear",false,1,"GM0772"
"20240038879",2024,"Uitsluitend materiele schade",2,"Personenauto","Fiets","Frontaal","Kruispunt, 4 takken",30,"Niet brandend","Daglicht","Regen",\N,\N,"Koning Lodewijklaan","Apeldoorn","Apeldoorn","Gelderland",false,52.219162,5.946097,"material damage only","4","rain",false,1,"GM0200"
"20240044911",2024,"Letsel",2,"Personenauto","Fiets","Onbekend","Kruispunt, 3 takken",50,"Niet brandend","Daglicht","Droog",\N,\N,"Verviersstraat","Breda","Breda","Noord-Brabant",false,51.602971,4.789592,"injury","2","clear",false,1,"GM0758"
"20240051412",2024,"Letsel",2,"Bromfiets","Fiets","Onbekend","Rechte weg",30,"Brandend","Duisternis","Droog",\N,"211400125","Beatrixlaan","Beverwijk","Beverwijk","Noord-Holland",false,52.487694,4.665635,"injury","2","clear",false,1,"GM0375"
"20230093980",2023,"Uitsluitend materiele schade",2,"Personenauto","Fiets","Onbekend","Kruispunt, 4 takken",30,"Brandend","Schemer","Droog",\N,\N,"Laan van Malkenschoten","Apeldoorn","Apeldoorn","Gelderland",false,52.179024,5.9729,"material damage only","4","clear",false,1,"GM0200"
"20230094546",2023,"Letsel",2,"Personenauto","Fiets","Flank","Kruispunt, 4 takken",50,"Niet brandend","Schemer","Regen",\N,\N,"Ooststeeg","Wageningen","Wageningen","Gelderland",false,51.975774,5.650546,"injury","2","rain",false,1,"GM0289"
"20230098642",2023,"Uitsluitend materiele schade",2,"Personenauto","Fiets","Flank","Kruispunt, 4 takken",30,"Niet brandend","Daglicht","Droog",\N,\N,"Jagerslaan","Tilburg","Tilburg","Noord-Brabant",false,51.57264,5.05522,"material damage only","4","clear",false,1,"GM0855"
"20230082325",2023,"Letsel",2,"Bestelauto","Fiets","Eenzijdig","Rechte weg",50,"Niet brandend","Daglicht","Droog",\N,"600210614","Huib van de Kreekeweg","Nuth","Beekdaelen","Limburg",false,50.926784,5.883491,"injury","2","clear",false,1,"GM1954"
"20230084641",2023,"Uitsluitend materiele schade",2,"Personenauto","Fiets","Geparkeerd voertuig","Rechte weg",30,"Brandend","Duisternis","Droog",\N,"513338036","Belgiëlaan","Enschede","Enschede","Overijssel",false,52.203681,6.875646,"material damage only","4","clear",false,1,"GM0153"
"20230090503",2023,"Letsel",2,"Bromfiets","Fiets","Flank","Kruispunt, 4 takken",50,"Niet brandend","Daglicht","Regen",\N,\N,"Jacques Perkstraat","Rotterdam","Rotterdam","Zuid-Holland",false,51.923132,4.499068,"injury","2","rain",false,1,"GM0599"
"20230085246",2023,"Letsel",3,"Personenauto","Fiets","Onbekend","Rechte weg",30,"Niet brandend","Daglicht","Droog",\N,"312304015","Haarweg","Maarsbergen","Utrechtse Heuvelrug","Utrecht",false,52.057407,5.406662,"injury","2","clear",false,1,"GM1581"
"20230089340",2023,"Letsel",2,"Fiets","Personenauto","Flank","Kruispunt, 3 takken",30,"Niet brandend","Daglicht","Droog",\N,\N,"Stenen Kamer","Alblasserdam","Alblasserdam","Zuid-Holland",false,51.861842,4.674618,"injury","2","clear",false,1,"GM0482"
"20230089924",2023,"Letsel",2,"Personenauto","Fiets","Flank","Rotonde",50,"Niet brandend","Daglicht","Droog",\N,\N,"Weimarstraat","'s-Gravenhage","'s-Gravenhage","Zuid-Holland",false,52.072403,4.275289,"injury","2","clear",false,1,"GM0518"
"20230096365",2023,"Letsel",2,"Personenauto","Fiets","Geparkeerd voertuig","Rechte weg",50,"Brandend","Duisternis","Regen",\N,"309323084","Leusderweg","Amersfoort","Amersfoort","Utrecht",false,52.146332,5.382475,"injury","2","rain",false,1,"GM0307"
"20230099494",2023,"Letsel",2,"Personenauto","Fiets","Flank","Rotonde",50,"Brandend","Schemer","Droog",\N,\N,"Loonsebaan","Vught","Vught","Noord-Brabant",false,51.65651,5.272697,"injury","2","clear",false,1,"GM0865"
"20230100311",2023,"Uitsluitend materiele schade",2,"Fiets","Fiets","Onbekend","Kruispunt, 4 takken",\N,"Niet brandend","Daglicht","Droog",\N,\N,"P Czn Hooftlaan","Eindhoven","Eindhoven","Noord-Brabant",false,51.433743,5.481542,"material damage only","4","clear",false,1,"GM0772"
"20230103596",2023,"Letsel",2,"Fiets","Personenauto","Flank","Kruispunt, 3 takken",50,"Niet brandend","Daglicht","Droog",\N,\N,"Hoogwerfsingel","Spijkenisse","Nissewaard","Zuid-Holland",false,51.853134,4.317145,"injury","2","clear",false,1,"GM1930"
"20230083541",2023,"Letsel",2,"Personenauto","Fiets","Flank","Rechte weg",60,"Niet brandend","Daglicht","Regen",\N,\N,"Johan van Zwedenlaan","Groningen","Groningen","Groningen",false,53.205855,6.517012,"injury","2","rain",false,1,"GM0014"
"20230088201",2023,"Uitsluitend materiele schade",2,"Bromfiets","Fiets","Flank","Rechte weg",30,"Niet brandend","Daglicht","Droog",\N,"222351015","Seringenstraat","Aalsmeer","Aalsmeer","Noord-Holland",false,52.268461,4.75037,"material damage only","4","clear",false,1,"GM0358"
"20230097549",2023,"Letsel",2,"Fiets","Lichtmast","Vast voorwerp","Rechte weg",\N,"Brandend","Duisternis","Droog",\N,"600742682","Rijksstraatweg","Haarlem","Haarlem","Noord-Holland",false,52.400822,4.644948,"injury","2","clear",false,1,"GM0392"
"20230080060",2023,"Uitsluitend materiele schade",2,"Personenauto","Fiets","Flank","Kruispunt, 4 takken",50,"Niet brandend","Daglicht","Droog",\N,\N,"Burg de Zeeuwstraat","Ridderkerk","Ridderkerk","Zuid-Holland",false,51.864763,4.596312,"material damage only","4","clear",false,1,"GM0597"
"20230085329",2023,"Letsel",2,"Bestelauto","e-bike","Flank","Rotonde",50,"Niet brandend","Daglicht","Droog",\N,\N,"2e Hogeweg","Zeist","Zeist","Utrecht",false,52.082494,5.246122,"injury","2","clear",false,1,"GM0355"
"20230091807",2023,"Letsel",2,"Personenauto","Fiets","Onbekend","Rotonde",50,"Niet brandend","Daglicht","Regen",\N,"310161011","Nijverheidslaan","Veldhoven","Veldhoven","Noord-Brabant",false,51.416481,5.389916,"injury","2","rain",false,1,"GM0861"
"20230105286",2023,"Uitsluitend materiele schade",2,"Personenauto","Fiets","Flank","Kruispunt, 4 takken",50,"Niet brandend","Daglicht","Regen",\N,\N,"Hoofdstraat","Apeldoorn","Apeldoorn","Gelderland",false,52.211353,5.966166,"material damage only","4","rain",false,1,"GM0200"
"20230107064",2023,"Letsel",2,"Personenauto","e-bike","Flank","Rotonde",50,"Niet brandend","Schemer","Regen",\N,\N,"Burg van 't Hoffweg","Zwijndrecht","Zwijndrecht","Zuid-Holland",false,51.81249,4.632233,"injury","2","rain",false,1,"GM0642"
"20230085376",2023,"Uitsluitend materiele schade",2,"Personenauto","Fiets","Onbekend","Kruispunt, 4 takken",30,"Niet brandend","Daglicht","Droog",\N,\N,"Winterkersstraat","Utrecht","Utrecht","Utrecht",false,52.087713,5.058155,"material damage only","4","clear",false,1,"GM0344"
"20230088292",2023,"Letsel",2,"Fiets","Fiets","Flank","Kruispunt, 4 takken",50,"Brandend","Duisternis","Regen",\N,\N,"Zijlsingel","Haarlem","Haarlem","Noord-Holland",false,52.383417,4.62963,"injury","2","rain",false,1,"GM0392"
"20230097615",2023,"Uitsluitend materiele schade",2,"Trein/tram","e-bike","Flank","Kruispunt, 4 takken",50,"Brandend","Schemer","Regen",\N,\N,"Overtoom","Amsterdam","Amsterdam","Noord-Holland",false,52.362838,4.875332,"material damage only","4","rain",false,1,"GM0363"
"20230100688",2023,"Uitsluitend materiele schade",2,"Bromfiets","Fiets","Flank","Kruispunt, 4 takken",50,"Niet brandend","Daglicht","Droog",\N,\N,"Bachstraat","Sittard","Sittard-Geleen","Limburg",false,50.999423,5.88928,"material damage only","4","clear",false,1,"GM1883"
"20230080709",2023,"Uitsluitend materiele schade",2,"Personenauto","Fiets","Onbekend","Kruispunt, 3 takken",50,"Niet brandend","Daglicht","Droog",\N,\N,"Stadionstraat","Breda","Breda","Noord-Brabant",false,51.596116,4.750182,"material damage only","4","clear",false,1,"GM0758"
"20230085398",2023,"Letsel",2,"Personenauto","Fiets","Flank","Rotonde",50,"Niet brandend","Daglicht","Mist",\N,\N,"Huizerweg","Bussum","Gooise Meren","Noord-Holland",false,52.275417,5.174149,"injury","2","fog",false,1,"GM1942"
"20230086550",2023,"Letsel",2,"Fiets","Fiets","Onbekend","Rechte weg",30,"Niet brandend","Duisternis","Droog",\N,"167291029","Aart van der Leeuwlaan","Delft","Delft","Zuid-Holland",false,51.996901,4.350037,"injury","2","clear",false,1,"GM0503"
"20230087709",2023,"Letsel",2,"Personenauto","Fiets","Flank","Kruispunt, 4 takken",30,"Niet brandend","Daglicht","Regen",\N,\N,"Utrechtsestraat","Amsterdam","Amsterdam","Noord-Holland",false,52.361496,4.899207,"injury","2","rain",false,1,"GM0363"
"20230101420",2023,"Letsel",2,"Personenauto","Fiets","Flank","Kruispunt, 4 takken",50,"Niet brandend","Daglicht","Regen",\N,"158317206","Nieuwe Parklaan","'s-Gravenhage","'s-Gravenhage","Zuid-Holland",false,52.110703,4.28415,"injury","2","rain",false,1,"GM0518"
"20230097707",2023,"Uitsluitend materiele schade",2,"Fiets","Fiets","Flank","Kruispunt, 3 takken",50,"Niet brandend","Daglicht","Droog",\N,\N,"Duinweg","Schoorl","Bergen (NH)","Noord-Holland",false,52.695641,4.696406,"material damage only","4","clear",false,1,\N
"20230082580",2023,"Uitsluitend materiele schade",2,"Bus","Fiets","Flank","Rechte weg",50,"Niet brandend","Daglicht","Droog",\N,"466565062","Boterdiep","Groningen","Groningen","Groningen",false,53.224904,6.563086,"material damage only","4","clear",false,1,"GM0014"
"20230086623",2023,"Uitsluitend materiele schade",2,"Personenauto","e-bike","Flank","Kruispunt, 4 takken",50,"Niet brandend","Daglicht","Droog",\N,\N,"Zuidwijkring","Heerhugowaard","Dijk en Waard","Noord-Holland",false,52.647882,4.821936,"material damage only","4","clear",false,1,"GM1980"
"20230087776",2023,"Letsel",2,"Personenauto","Fiets","Flank","Bocht",30,"Niet brandend","Daglicht","Droog",\N,"222431062","Metiusgracht","Alkmaar","Alkmaar","Noord-Holland",false,52.628587,4.739037,"injury","2","clear",false,1,"GM0361"
"20230090121",2023,"Letsel",1,"e-bike",\N,"Eenzijdig","Kruispunt, 3 takken",50,"Niet brandend","Daglicht","Droog",\N,\N,"Goudenregenplein","'s-Gravenhage","'s-Gravenhage","Zuid-Holland",false,52.076558,4.263939,"injury","2","clear",false,1,"GM0518"
"20230096011",2023,"Uitsluitend materiele schade",2,"Personenauto","Fiets","Flank","Rotonde",50,"Niet brandend","Schemer","Droog",\N,\N,"Diependaalselaan","Hilversum","Hilversum","Noord-Holland",false,52.214448,5.151245,"material damage only","4","clear",false,1,"GM0402"
"20230097152",2023,"Uitsluitend materiele schade",2,"Bestelauto","e-bike","Flank","Kruispunt, 3 takken",30,"Niet brandend","Daglicht","Droog",\N,\N,"Voorburggracht","Zuid-Scharwoude","Dijk en Waard","Noord-Holland",false,52.69572,4.807208,"material damage only","4","clear",false,1,"GM1980"
"20230098343",2023,"Letsel",1,"Fiets",\N,"Eenzijdig","Rechte weg",60,"Niet brandend","Daglicht","Droog",\N,"227421008","Zuidervaart","Zuidschermer","Alkmaar","Noord-Holland",false,52.591105,4.782815,"injury","2","clear",false,1,"GM0361"
"20230080805",2023,"Letsel",1,"Fiets",\N,"Eenzijdig","Kruispunt, 3 takken",60,"Niet brandend","Daglicht","Droog",\N,\N,"Holkampstraat","Vinkel","'s-Hertogenbosch","Noord-Brabant",false,51.717253,5.482553,"injury","2","clear",false,1,"GM0796"
"20230101546",2023,"Letsel",2,"Personenauto","Fiets","Flank","Kruispunt, 4 takken",50,"Niet brandend","Daglicht","Droog",\N,\N,"Scheidingslaan","Papendrecht","Papendrecht","Zuid-Holland",false,51.830195,4.6872,"injury","2","clear",false,1,"GM0590"
"20230083230",2023,"Uitsluitend materiele schade",2,"Bestelauto","e-bike","Flank","Rotonde",50,"Niet brandend","Daglicht","Droog",\N,\N,"Noorderweg","Leeuwarden","Leeuwarden","Friesland",false,53.205569,5.800305,"material damage only","4","clear",false,1,"GM0080"
"20230089038",2023,"Letsel",2,"Personenauto","Fiets","Onbekend","Rotonde",50,"Niet brandend","Daglicht","Droog",\N,\N,"Mozartlaan","Maassluis","Maassluis","Zuid-Holland",false,51.926723,4.246045,"injury","2","clear",false,1,"GM0556"
"20230095500",2023,"Letsel",2,"Personenauto","Fiets","Flank","Kruispunt, 3 takken",50,"Niet brandend","Daglicht","Droog",\N,\N,"Mensonidesweg","Hensbroek","Koggenland","Noord-Holland",false,52.653848,4.878518,"injury","2","clear",false,1,"GM1598"
"20230102407",2023,"Letsel",1,"e-bike",\N,"Eenzijdig","Rotonde",50,"Niet brandend","Daglicht","Droog",\N,\N,"V Zuylen van Nijeveltstr","Wassenaar","Wassenaar","Zuid-Holland",false,52.142936,4.40137,"injury","2","clear",false,1,"GM0629"
"20230080302",2023,"Uitsluitend materiele schade",2,"Personenauto","Fiets","Flank","Kruispunt, 4 takken",50,"Niet brandend","Daglicht","Droog",\N,\N,"Reeshofdijk","Tilburg","Tilburg","Noord-Brabant",false,51.572968,5.019875,"material damage only","4","clear",false,1,"GM0855"
"20230080915",2023,"Uitsluitend materiele schade",2,"Bestelauto","Fiets","Frontaal","Kruispunt, 4 takken",30,"Niet brandend","Daglicht","Droog",\N,"601017177","Hoogdijk","Oost West en Middelbeers","Oirschot","Noord-Brabant",false,51.467837,5.250223,"material damage only","4","clear",false,1,"GM0823"
"20230083846",2023,"Uitsluitend materiele schade",2,"Fiets",\N,"Frontaal","Rechte weg",30,"Niet brandend","Daglicht","Droog",\N,"392486033","Van Harenstraat","Wolvega","Weststellingwerf","Friesland",false,52.875884,5.999954,"material damage only","4","clear",false,1,"GM0098"
"20230087297",2023,"Uitsluitend materiele schade",2,"Personenauto","Fiets","Kop/staart","Rechte weg",30,"Niet brandend","Daglicht","Droog",\N,"242370121","Ceintuurbaan","Amsterdam","Amsterdam","Noord-Holland",false,52.352976,4.892854,"material damage only","4","clear",false,1,"GM0363"
"20230087313",2023,"Letsel",2,"Personenauto","Fiets","Frontaal","Kruispunt, 3 takken",50,"Niet brandend","Daglicht","Droog",\N,\N,"Dr. J.M. den Uyllaan","Purmerend","Purmerend","Noord-Holland",false,52.51172,4.96597,"injury","2","clear",false,1,"GM0439"
"20230099046",2023,"Uitsluitend materiele schade",3,"Personenauto","Fiets","Onbekend","Rotonde",50,"Brandend","Duisternis","Droog",\N,\N,"Wolbergstraat","Valkenswaard","Valkenswaard","Noord-Brabant",false,51.348291,5.469479,"material damage only","4","clear",false,1,"GM0858"
"20230083298",2023,"Uitsluitend materiele schade",1,"Fiets",\N,"Onbekend","Rechte weg",\N,"Niet brandend","Daglicht","Regen",\N,"393336034","Gildenlaan","Apeldoorn","Apeldoorn","Gelderland",false,52.201164,6.000542,"material damage only","4","rain",false,1,"GM0200"
"20230096125",2023,"Uitsluitend materiele schade",2,"Personenauto","Fiets","Flank","Kruispunt, 4 takken",50,"Niet brandend","Schemer","Droog",\N,\N,"Draaiweg","Utrecht","Utrecht","Utrecht",false,52.100767,5.111519,"material damage only","4","clear",false,1,"GM0344"
"20230102446",2023,"Letsel",1,"Fiets",\N,"Eenzijdig","Rechte weg",50,"Niet brandend","Daglicht","Regen",\N,"155309058","Goudenregenstraat","'s-Gravenhage","'s-Gravenhage","Zuid-Holland",false,52.077523,4.263004,"injury","2","rain",false,1,"GM0518"
"20230107364",2023,"Uitsluitend materiele schade",2,"Fiets","Personenauto","Onbekend","Kruispunt, 3 takken",50,"Niet brandend","Daglicht","Regen",\N,\N,"Borodinlaan","Schiedam","Schiedam","Zuid-Holland",false,51.936377,4.370096,"material damage only","4","rain",false,1,"GM0606"
"20230087999",2023,"Uitsluitend materiele schade",2,"Fiets","Fiets","Onbekend","Rechte weg",15,"Brandend","Duisternis","Regen",\N,"223432174","Houttil","Alkmaar","Alkmaar","Noord-Holland",false,52.631652,4.750041,"material damage only","4","rain",false,1,"GM0361"
"20230081000",2023,"Letsel",3,"Personenauto","Fiets","Onbekend","Rechte weg",50,"Niet brandend","Daglicht","Droog",\N,"199198022","Sprangweg","Hoeven","Halderberge","Noord-Brabant",false,51.577008,4.593012,"injury","2","clear",false,1,"GM1655"
"20230085701",2023,"Letsel",2,"Fiets","Overig vast object","Vast voorwerp","Kruispunt, 3 takken",30,"Niet brandend","Daglicht","Droog",\N,\N,"Nieuwstraat","Kerkdriel","Maasdriel","Gelderland",false,51.773602,5.340525,"injury","2","clear",false,1,"GM0263"
"20230089770",2023,"Uitsluitend materiele schade",2,"Personenauto","Fiets","Onbekend","Kruispunt, 3 takken",50,"Niet brandend","Daglicht","Droog",\N,\N,"Puntegaalstraat","Rotterdam","Rotterdam","Zuid-Holland",false,51.907873,4.462584,"material damage only","4","clear",false,1,"GM0599"
"20230081037",2023,"Uitsluitend materiele schade",2,"Fiets","Fiets","Flank","Kruispunt, 3 takken",30,"Niet brandend","Daglicht","Droog",\N,\N,"Overschiese Kleiweg","Rotterdam","Rotterdam","Zuid-Holland",false,51.94401,4.45911,"material damage only","4","clear",false,1,"GM0599"
"20230082260",2023,"Uitsluitend materiele schade",2,"Personenauto","Fiets","Flank","Kruispunt, 4 takken",50,"Niet brandend","Daglicht","Droog",\N,\N,"Stationsstraat","Steyl","Venlo","Limburg",false,51.336871,6.134711,"material damage only","4","clear",false,1,"GM0983"
"20230086869",2023,"Letsel",2,"Personenauto","Fiets","Flank","Rechte weg",50,"Niet brandend","Daglicht","Droog",\N,"174309021","Nieuwstraat","Leidschendam","Leidschendam-Voorburg","Zuid-Holland",false,52.07846,4.400523,"injury","2","clear",false,1,"GM1916"
"20230087444",2023,"Uitsluitend materiele schade",2,"Bromfiets","Fiets","Flank","Kruispunt, 4 takken",30,"Niet brandend","Daglicht","Droog",\N,\N,"Oranje Nassaulaan","Overveen","Bloemendaal","Noord-Holland",false,52.390137,4.616695,"material damage only","4","clear",false,1,"GM0377"
"20230089279",2023,"Uitsluitend materiele schade",2,"Fiets","Snorfiets","Onbekend","Rechte weg",15,"Niet brandend","Daglicht","Regen",\N,\N,"Aarstraat","Leiden","Leiden","Zuid-Holland",false,52.154651,4.515523,"material damage only","4","rain",false,1,"GM0546"
"20220004436",2022,"Uitsluitend materiele schade",2,"Personenauto","Fiets","Flank","Kruispunt, 3 takken",50,"Brandend","Duisternis","Droog",\N,\N,"Oude Rijksstraatweg","Twello","Voorst","Gelderland",false,52.239644,6.094899,"material damage only","4","clear",false,1,"GM0285"
"20220002134",2022,"Letsel",2,"Fiets","Personenauto","Flank","Rechte weg",50,"Brandend","Duisternis","Regen",\N,"472568002","Stedumermaar","Groningen","Groningen","Groningen",false,53.236999,6.601177,"injury","2","rain",false,1,"GM0014"
"20220006831",2022,"Uitsluitend materiele schade",3,"Bestelauto","Fiets","Onbekend","Rechte weg",50,"Niet brandend","Daglicht","Droog",\N,"482370013","Schoolstraat","Almelo","Almelo","Overijssel",false,52.346676,6.652051,"material damage only","4","clear",false,1,"GM0141"
"20220006947",2022,"Uitsluitend materiele schade",2,"Fiets","Personenauto","Flank","Kruispunt, 4 takken",30,"Brandend","Duisternis","Droog",\N,\N,"CELLEBROEDERSBRUG","Kampen","Kampen","Overijssel",false,52.554839,5.916942,"material damage only","4","clear",false,1,"GM0166"
"20220118292",2022,"Uitsluitend materiele schade",2,"Bestelauto","Fiets","Flank","Kruispunt, 3 takken",50,"Niet brandend","Daglicht","Droog",\N,\N,"Ambachtstraat","Almelo","Almelo","Overijssel",false,52.33243,6.656186,"material damage only","4","clear",false,1,"GM0141"
"20220119158",2022,"Letsel",2,"Personenauto","Fiets","Flank","Kruispunt, 3 takken",80,"Niet brandend","Daglicht","Regen",\N,\N,"Lage Valkseweg","Wekerom","Ede","Gelderland",false,52.121815,5.695815,"injury","2","rain",false,1,"GM0228"
"20220127164",2022,"Uitsluitend materiele schade",2,"Personenauto","Fiets","Flank","Kruispunt, 4 takken",50,"Brandend","Duisternis","Regen",\N,\N,"Museumpark","Rotterdam","Rotterdam","Zuid-Holland",false,51.914192,4.469498,"material damage only","4","rain",false,1,"GM0599"
"20240004018",2024,"Uitsluitend materiele schade",2,"Personenauto","Fiets","Flank","Rotonde",50,"Brandend","Duisternis","Droog",\N,\N,"Rembrandtlaan","Zwolle","Zwolle","Overijssel",false,52.5164,6.093345,"material damage only","4","clear",false,1,"GM0193"
"20230005881",2023,"Letsel",1,"Fiets",\N,"Eenzijdig",\N,50,\N,"Daglicht",\N,\N,"600717891","Spui","'s-Gravenhage","'s-Gravenhage","Zuid-Holland",false,52.076316,4.317244,"injury","2","unknown",false,1,"GM0518"
"20220063354",2022,"Letsel",2,"Bromfiets","Fiets","Frontaal","Kruispunt, 4 takken",30,"Niet brandend","Daglicht","Droog",\N,\N,"Vasteland","Rotterdam","Rotterdam","Zuid-Holland",false,51.91221,4.481896,"injury","2","clear",false,1,"GM0599"
"20220069768",2022,"Uitsluitend materiele schade",2,"Personenauto","Fiets","Flank","Kruispunt, 4 takken",30,"Niet brandend","Daglicht","Droog",\N,\N,"Hemelsley","Sittard","Sittard-Geleen","Limburg",false,51.000783,5.884366,"material damage only","4","clear",false,1,"GM1883"
"20220073415",2022,"Letsel",1,"e-bike",\N,"Eenzijdig",\N,50,\N,"Daglicht",\N,\N,"413339002","Rijksstraatweg","Wilp","Voorst","Gelderland",false,52.212933,6.14465,"injury","2","unknown",false,1,"GM0285"