"accident_id","year","severity_raw","party_count","party1_type","party2_type","accident_type","road_situation","speed_limit_kmh","road_lighting","light_condition_label","weather_raw","infra_type","road_segment_id","street_name","place_name","gemeente_name_raw","province","alcohol_indicated","latitude","longitude","severity_label","severity_code","weather_label","built_up_area","cyclists_involved","gemeente_code"
"20220077073",2022,"Uitsluitend materiele schade",2,"Fiets","Fiets","Flank","Kruispunt, 4 takken",30,"Niet brandend","Daglicht","Droog",\N,\N,"Kanteklaarpad","Amersfoort","Amersfoort","Utrecht",false,52.172479,5.391001,"material damage only","4","clear",false,1,"GM0307"
"20220078109",2022,"Letsel",2,"Personenauto","e-bike","Flank","Kruispunt, 4 takken",50,"Niet brandend","Daglicht","Droog",\N,\N,"Rotholm","Urk","Urk","Flevoland",false,52.660721,5.609505,"injury","2","clear",false,1,"GM0184"
"20220079706",2022,"Uitsluitend materiele schade",2,"Fiets","Fiets","Onbekend","Rechte weg",50,"Brandend","Duisternis","Droog",\N,"234438042","Geul","Heerhugowaard","Dijk en Waard","Noord-Holland",false,52.657204,4.828385,"material damage only","4","clear",false,1,"GM1980"
"20220084606",2022,"Uitsluitend materiele schade",3,"Personenauto","Fiets","Flank","Kruispunt, 3 takken",50,"Niet brandend","Daglicht","Droog",\N,\N,"Spiegelnisserkade","Rotterdam","Rotterdam","Zuid-Holland",false,51.929445,4.496798,"material damage only","4","clear",false,1,"GM0599"
"20220019663",2022,"Uitsluitend materiele schade",1,"Fiets",\N,"Onbekend","Rechte weg",30,"Niet aanwezig","Schemer","Droog",\N,"219295094","Voorwillenseweg","Gouda","Gouda","Zuid-Holland",false,52.014917,4.729849,"material damage only","4","clear",false,1,"GM0513"
"20220037315",2022,"Letsel",2,"Personenauto","e-bike","Flank","Kruispunt, 4 takken",30,"Niet brandend","Daglicht","Droog",\N,\N,"Pleinweg","Rotterdam","Rotterdam","Zuid-Holland",false,51.889426,4.488442,"injury","2","clear",false,1,"GM0599"
"20220039199",2022,"Uitsluitend materiele schade",2,"Personenauto","Fiets","Flank","Kruispunt, 3 takken",80,"Niet brandend","Daglicht","Droog",\N,\N,"Liesselseweg","Deurne","Deurne","Noord-Brabant",false,51.439196,5.804394,"material damage only","4","clear",false,1,"GM0762"
"20220049176",2022,"Uitsluitend materiele schade",2,"Personenauto","Fiets","Flank","Kruispunt, 4 takken",50,"Niet brandend","Daglicht","Droog",\N,"600771126","Evenaar","De Meern","Utrecht","Utrecht",false,52.087558,5.038282,"material damage only","4","clear",false,1,"GM0344"
"20220060298",2022,"Letsel",2,"Fiets","Fiets","Flank","Rechte weg",50,"Brandend","Duisternis",\N,\N,"207256126","Burgemeester Jonkerkade","Hendrik-Ido-Ambacht","Hendrik-Ido-Ambacht","Zuid-Holland",false,51.842005,4.64266,"injury","2","unknown",false,1,"GM0531"
"20220077178",2022,"Uitsluitend materiele schade",1,"Fiets",\N,"Eenzijdig","Rotonde",\N,"Niet brandend","Daglicht","Droog",\N,\N,"Jacob Catslaan","Zeist","Zeist","Utrecht",false,52.093964,5.233838,"material damage only","4","clear",false,1,"GM0355"
"20220047802",2022,"Uitsluitend materiele schade",2,"Personenauto","e-bike","Flank","Kruispunt, 3 takken",50,"Brandend","Schemer","Droog",\N,\N,"Havenstraat","Doetinchem","Doetinchem","Gelderland",false,51.95483,6.288451,"material damage only","4","clear",false,1,"GM0222"
"20220058156",2022,"Letsel",2,"Fiets","Bestelauto","Eenzijdig","Rotonde",50,"Niet brandend","Daglicht","Droog",\N,\N,"Prinses Beatrixlaan","Alphen aan den Rijn","Alphen aan den Rijn","Zuid-Holland",false,52.134669,4.651569,"injury","2","clear",false,1,"GM0484"
"20220068304",2022,"Letsel",2,"Fiets","Personenauto","Flank","Kruispunt, 4 takken",30,"Niet brandend","Daglicht","Droog",\N,\N,"Roodborst","Boxmeer","Land van Cuijk","Noord-Brabant",false,51.640253,5.954812,"injury","2","clear",false,1,"GM1982"
"20220083721",2022,"Letsel",3,"Fiets","Fiets","Onbekend","Rechte weg",50,"Brandend","Duisternis","Droog",\N,"600715748","Stadhouderslaan","'s-Gravenhage","'s-Gravenhage","Zuid-Holland",false,52.087421,4.280274,"injury","2","clear",false,1,"GM0518"
"20220086115",2022,"Uitsluitend materiele schade",1,"e-bike",\N,"Onbekend",\N,30,\N,"Daglicht",\N,\N,"184267079","Dorpsweg","Rotterdam","Rotterdam","Zuid-Holland",false,51.890177,4.473067,"material damage only","4","unknown",false,1,"GM0599"
"20220053775",2022,"Uitsluitend materiele schade",2,"Motor","e-bike","Flank","Rechte weg",50,"Niet brandend","Daglicht","Droog",\N,"600750142","Bergerweg","Alkmaar","Alkmaar","Noord-Holland",false,52.648079,4.72327,"material damage only","4","clear",false,1,"GM0361"
"20220059418",2022,"Uitsluitend materiele schade",2,"Fiets","Trein/tram","Flank","Rechte weg",30,"Niet brandend","Daglicht","Droog","Spoorwegovergang","173306023","Hans Larivelaan","'s-Gravenhage","'s-Gravenhage","Zuid-Holland",false,52.063355,4.392086,"material damage only","4","clear",false,1,"GM0518"
"20220090000",2022,"Uitsluitend materiele schade",2,"Personenauto","Fiets","Flank","Bocht",30,"Niet brandend","Daglicht","Droog",\N,"332206041","Hoofdstraat","Veghel","Meierijstad","Noord-Brabant",false,51.615956,5.54892,"material damage only","4","clear",false,1,"GM1948"
"20220090659",2022,"Uitsluitend materiele schade",2,"Personenauto","Fiets","Flank","Kruispunt, 3 takken",50,"Niet brandend","Daglicht","Droog",\N,\N,"Mijnheerkensweg","Roermond","Roermond","Limburg",false,51.20662,5.998812,"material damage only","4","clear",false,1,"GM0957"
"20220044993",2022,"Uitsluitend materiele schade",2,"Personenauto","Fiets","Onbekend","Rechte weg",30,"Niet brandend","Daglicht","Droog",\N,"403405034","Kamperweg","Zwolle","Zwolle","Overijssel",false,52.509515,6.080031,"material damage only","4","clear",false,1,"GM0193"
"20220047909",2022,"Letsel",2,"Personenauto","Fiets","Flank","Kruispunt, 3 takken",50,"Niet brandend","Daglicht","Droog",\N,\N,"Hofkampstraat","Almelo","Almelo","Overijssel",false,52.352757,6.672548,"injury","2","clear",false,1,"GM0141"
"20220065556",2022,"Letsel",2,"Personenauto","e-bike","Flank","Kruispunt, 3 takken",50,"Niet brandend","Daglicht","Droog",\N,\N,"Sint Antoniushof","Oosterhout","Oosterhout","Noord-Brabant",false,51.63736,4.86822,"injury","2","clear",false,1,"GM0826"
"20220083891",2022,"Letsel",1,"Fiets",\N,"Eenzijdig","Kruispunt, 4 takken",50,"Niet brandend","Daglicht","Droog","Brug/viaduct",\N,"Hooigracht","Leiden","Leiden","Zuid-Holland",false,52.160379,4.497025,"injury","2","clear",false,1,"GM0546"
"20220086272",2022,"Uitsluitend materiele schade",2,"Bestelauto","Fiets","Flank","Kruispunt, 4 takken",50,"Niet brandend","Daglicht","Droog",\N,\N,"Slotstraat","Rotterdam","Rotterdam","Zuid-Holland",false,51.922225,4.512654,"material damage only","4","clear",false,1,"GM0599"
"20220087884",2022,"Uitsluitend materiele schade",2,"Personenauto","Fiets","Onbekend","Rechte weg",60,"Niet brandend","Daglicht","Droog",\N,"600721766","Roosendaalsebaan","Wouw","Roosendaal","Noord-Brabant",false,51.526692,4.401811,"material damage only","4","clear",false,1,"GM1674"
"20220111620",2022,"Uitsluitend materiele schade",2,"Personenauto","Fiets","Flank","Kruispunt, 3 takken",30,"Niet brandend","Daglicht","Droog",\N,\N,"Ehrenstein","Eindhoven","Eindhoven","Noord-Brabant",false,51.418024,5.445338,"material damage only","4","clear",false,1,"GM0772"
"20220112174",2022,"Uitsluitend materiele schade",1,"Fiets",\N,"Flank","Rechte weg",30,"Niet brandend","Daglicht","Droog",\N,"324165069","Geldropseweg","Eindhoven","Eindhoven","Noord-Brabant",false,51.433797,5.488341,"material damage only","4","clear",false,1,"GM0772"
"20220112340",2022,"Uitsluitend materiele schade",3,"Personenauto","Fiets","Flank","Kruispunt, 3 takken",60,"Niet aanwezig","Daglicht","Droog",\N,\N,"Dennenmark","Boekel","Boekel","Noord-Brabant",false,51.594094,5.696619,"material damage only","4","clear",false,1,"GM0755"
"20220020198",2022,"Letsel",2,"Personenauto","Fiets","Onbekend","Kruispunt, 4 takken",50,\N,"Daglicht","Droog",\N,\N,"Rhijngeesterstraatweg","Oegstgeest","Oegstgeest","Zuid-Holland",false,52.179638,4.464643,"injury","2","clear",false,1,"GM0579"
"20220029372",2022,"Uitsluitend materiele schade",2,"Personenauto","Fiets","Flank","Kruispunt, 3 takken",50,"Niet brandend","Daglicht","Droog",\N,\N,"Huizingalaan","Eindhoven","Eindhoven","Noord-Brabant",false,51.467384,5.467721,"material damage only","4","clear",false,1,"GM0772"
"20220032143",2022,"Uitsluitend materiele schade",2,"Personenauto","Fiets","Flank","Kruispunt, 3 takken",30,"Niet brandend","Daglicht","Droog",\N,\N,"Abel Tasmanplein","Groningen","Groningen","Groningen",false,53.213621,6.551597,"material damage only","4","clear",false,1,"GM0014"
"20220050893",2022,"Uitsluitend materiele schade",2,"Personenauto","Fiets","Flank","Rotonde",50,"Niet brandend","Daglicht","Droog",\N,\N,"Zandweg","Wijk bij Duurstede","Wijk bij Duurstede","Utrecht",false,51.982007,5.340763,"material damage only","4","clear",false,1,"GM0352"
"20220056858",2022,"Uitsluitend materiele schade",2,"Personenauto","Fiets","Geparkeerd voertuig","Rechte weg",30,"Niet brandend","Daglicht","Droog","Parkeervoorziening","182346002","Binnenkant","Noordwijk","Noordwijk","Zuid-Holland",false,52.245335,4.451318,"material damage only","4","clear",false,1,"GM0575"
"20220056942",2022,"Letsel",2,"Fiets","Fiets","Onbekend","Rechte weg",60,"Brandend","Duisternis","Droog",\N,"220335002","Geerweg","Ter Aar","Nieuwkoop","Zuid-Holland",false,52.195599,4.731566,"injury","2","clear",false,1,"GM0569"
"20220060946",2022,"Letsel",2,"Personenauto","Fiets","Frontaal","Kruispunt, 4 takken",30,"Niet brandend","Daglicht","Droog",\N,\N,"Vlietweg","Barendrecht","Barendrecht","Zuid-Holland",false,51.85616,4.533991,"injury","2","clear",false,1,"GM0489"
"20220083970",2022,"Letsel",2,"Fiets",\N,"Eenzijdig","Bocht",50,"Niet brandend","Daglicht","Droog",\N,"156276070","Kerkweg","Maasland","Midden-Delfland","Zuid-Holland",false,51.929072,4.270278,"injury","2","clear",false,1,"GM1842"
"20220114344",2022,"Letsel",2,"Personenauto","Fiets","Flank","Kruispunt, 4 takken",30,\N,"Daglicht","Droog",\N,\N,"Departementsstraat","Uithuizen","Het Hogeland","Groningen",false,53.409553,6.671432,"injury","2","clear",false,1,"GM1966"
"20220114633",2022,"Uitsluitend materiele schade",3,"Personenauto","Fiets","Onbekend","Rechte weg",50,"Niet brandend","Daglicht","Droog",\N,"600864700","Hullenweg","Roden","Noordenveld","Drenthe",false,53.12714,6.41867,"material damage only","4","clear",false,1,"GM1699"
"20220041724",2022,"Letsel",2,"Personenauto","Fiets","Flank","Kruispunt, 4 takken",30,"Niet brandend","Daglicht","Droog",\N,\N,"Siriusstraat","Groningen","Groningen","Groningen",false,53.229275,6.537474,"injury","2","clear",false,1,"GM0014"
"20220081139",2022,"Uitsluitend materiele schade",2,"Bromfiets","Fiets","Flank","Rechte weg",30,"Brandend","Daglicht","Droog",\N,\N,"Europaplein","Amsterdam","Amsterdam","Noord-Holland",false,52.342075,4.891991,"material damage only","4","clear",false,1,"GM0363"
"20220055538",2022,"Letsel",2,"Bromfiets","Fiets","Flank","Kruispunt, 4 takken",50,"Niet brandend","Daglicht","Droog",\N,\N,"Johan Huizingalaan","Amsterdam","Amsterdam","Noord-Holland",false,52.3592,4.827133,"injury","2","clear",false,1,"GM0363"
"20220059656",2022,"Letsel",2,"Personenauto","Fiets","Flank","Kruispunt, 4 takken",50,"Niet brandend","Daglicht","Droog",\N,\N,"Statenplein","'s-Gravenhage","'s-Gravenhage","Zuid-Holland",false,52.090729,4.278801,"injury","2","clear",false,1,"GM0518"
"20220065852",2022,"Uitsluitend materiele schade",2,"Fiets","Overig wegmeubilair","Vast voorwerp","Rechte weg",30,"Niet brandend","Daglicht","Droog",\N,"250177010","Goedentijd","Alphen","Alphen-Chaam","Noord-Brabant",false,51.486672,4.958441,"material damage only","4","clear",false,1,"GM1723"
"20220084078",2022,"Letsel",2,"Fiets","Fiets","Onbekend","Rechte weg",50,"Niet brandend","Daglicht","Droog",\N,"186303009","Dr. J. W. Paltelaan","Zoetermeer","Zoetermeer","Zuid-Holland",false,52.051683,4.491729,"injury","2","clear",false,1,"GM0637"
"20220092503",2022,"Uitsluitend materiele schade",2,"Bestelauto","Fiets","Frontaal","Rechte weg",50,"Niet brandend","Daglicht","Droog",\N,"600593774","Tingietersstraat","Sneek","Súdwest-Fryslân","Friesland",false,53.033632,5.632337,"material damage only","4","clear",false,1,"GM1900"
"20220052876",2022,"Letsel",3,"Personenauto","Fiets","Onbekend","Rechte weg",50,"Niet brandend","Daglicht","Droog",\N,"600749747","Kruisweg","Rozenburg","Haarlemmermeer","Noord-Holland",false,52.285435,4.730148,"injury","2","clear",false,1,"GM0394"
"20220083322",2022,"Letsel",1,"Fiets",\N,"Eenzijdig",\N,60,\N,"Duisternis",\N,\N,"600712797","Burg van Doornlaan","De Lier","Westland","Zuid-Holland",false,51.972867,4.236713,"injury","2","unknown",false,1,"GM1783"
"20220107446",2022,"Uitsluitend materiele schade",3,"Fiets","Fiets","Onbekend","Rechte weg",30,"Niet brandend","Daglicht","Droog",\N,"600667534","FIETSPAD","Dordrecht","Dordrecht","Zuid-Holland",false,51.807859,4.661895,"material damage only","4","clear",false,1,"GM0505"
"20220052974",2022,"Uitsluitend materiele schade",2,"Snorfiets","Fiets","Flank","Kruispunt, 4 takken",30,"Niet brandend","Daglicht","Droog",\N,\N,"Beyerinckstraat","Hoofddorp","Haarlemmermeer","Noord-Holland",false,52.301646,4.700302,"material damage only","4","clear",false,1,"GM0394"
"20220054377",2022,"Letsel",2,"Personenauto","Fiets","Flank","Kruispunt, 4 takken",30,"Niet brandend","Daglicht","Droog",\N,\N,"De Boelelaan","Amsterdam","Amsterdam","Noord-Holland",false,52.334767,4.884437,"injury","2","clear",false,1,"GM0363"
"20220054441",2022,"Uitsluitend materiele schade",1,"Fiets",\N,"Onbekend","Rotonde",50,"Niet brandend","Daglicht","Droog",\N,\N,"Zuiderzeeweg","Amsterdam","Amsterdam","Noord-Holland",false,52.382426,4.970573,"material damage only","4","clear",false,1,"GM0363"
"20220067546",2022,"Uitsluitend materiele schade",2,"Personenauto","Fiets","Frontaal","Kruispunt, 4 takken",50,"Niet aanwezig","Daglicht","Droog",\N,\N,"Landbouwlaan","Berghem","Oss","Noord-Brabant",false,51.765704,5.574542,"material damage only","4","clear",false,1,"GM0828"
"20220097630",2022,"Letsel",1,"Fiets",\N,"Eenzijdig",\N,30,\N,"Daglicht",\N,\N,"600394989","Nachtegaalweg","Elspeet","Nunspeet","Gelderland",false,52.295581,5.781863,"injury","2","unknown",false,1,"GM0302"
"20220098422",2022,"Uitsluitend materiele schade",2,"Personenauto","e-bike","Flank","Kruispunt, 3 takken",\N,"Niet brandend","Daglicht",\N,\N,\N,"De Schans","Veenendaal","Veenendaal","Utrecht",false,52.03658,5.539226,"material damage only","4","unknown",false,1,"GM0345"
"20220098465",2022,"Uitsluitend materiele schade",2,"Personenauto","Fiets","Flank","Rotonde",50,"Niet brandend","Daglicht","Droog",\N,\N,"Bovenmaatweg","Huizen","Huizen","Noord-Holland",false,52.294313,5.266005,"material damage only","4","clear",false,1,"GM0406"
"20220099445",2022,"Letsel",2,"Personenauto","Fiets","Flank","Kruispunt, 4 takken",\N,"Niet brandend","Daglicht","Droog",\N,\N,"Churchillstraat","Naarden","Gooise Meren","Noord-Holland",false,52.299686,5.142512,"injury","2","clear",false,1,"GM1942"
"20220010398",2022,"Uitsluitend materiele schade",2,"Personenauto","Fiets","Flank","Kruispunt, 4 takken",50,"Niet brandend","Daglicht","Droog",\N,\N,"Van Boetzelaerlaan","Hoogland","Amersfoort","Utrecht",false,52.181603,5.370437,"material damage only","4","clear",false,1,"GM0307"
"20220018372",2022,"Letsel",2,"Personenauto","e-bike","Geparkeerd voertuig","Rechte weg",30,"Niet brandend","Daglicht","Droog",\N,"172301005","Burg Schölvinckplein","Nootdorp","Pijnacker-Nootdorp","Zuid-Holland",false,52.041927,4.388747,"injury","2","clear",false,1,"GM1926"
"20220036574",2022,"Letsel",2,"Snorfiets","Fiets","Onbekend","Rechte weg",30,"Niet brandend","Daglicht","Droog","Brug/viaduct","600598526","Abtspoelweg","Oegstgeest","Oegstgeest","Zuid-Holland",false,52.184802,4.486391,"injury","2","clear",false,1,"GM0579"
"20220057362",2022,"Letsel",2,"Fiets","Fiets","Onbekend","Rechte weg",\N,"Niet brandend","Daglicht","Droog",\N,"600956924","Koolmeesstraat","Alphen aan den Rijn","Alphen aan den Rijn","Zuid-Holland",false,52.132026,4.671349,"injury","2","clear",false,1,"GM0484"
"20220057373",2022,"Letsel",3,"Brommobiel","Fiets","Flank","Kruispunt, 4 takken",50,"Niet brandend","Daglicht","Droog",\N,\N,"Alexanderstraat","'s-Gravenhage","'s-Gravenhage","Zuid-Holland",false,52.084524,4.306573,"injury","2","clear",false,1,"GM0518"
"20220059861",2022,"Letsel",1,"Fiets",\N,"Eenzijdig","Bocht",50,"Niet brandend","Daglicht","Droog",\N,\N,"Brasserskade","Delft","Delft","Zuid-Holland",false,52.025203,4.357015,"injury","2","clear",false,1,"GM0503"
"20220096613",2022,"Uitsluitend materiele schade",2,"Personenauto","Fiets","Flank","Kruispunt, 4 takken",50,"Niet brandend","Daglicht","Droog",\N,\N,"Bronsbergen","Zutphen","Zutphen","Gelderland",false,52.111377,6.218418,"material damage only","4","clear",false,1,"GM0301"
"20220099187",2022,"Letsel",1,"Fiets",\N,"Eenzijdig","Rechte weg",50,"Niet brandend","Daglicht","Regen","Brug/viaduct","273313025","VAALTBRUG","Utrecht","Utrecht","Utrecht",false,52.0977,5.12435,"injury","2","rain",false,1,"GM0344"
"20220101425",2022,"Letsel",2,"e-bike","Voetganger","Voetganger","Kruispunt, 3 takken",50,"Niet brandend","Daglicht","Droog",\N,\N,"Marsmanstraat","Heerhugowaard","Dijk en Waard","Noord-Holland",false,52.666534,4.839438,"injury","2","clear",false,1,"GM1980"
"20220074220",2022,"Uitsluitend materiele schade",2,"Personenauto","Fiets","Flank","Kruispunt, 4 takken",50,"Niet brandend","Daglicht","Droog",\N,\N,"Dijkstraat","Lichtenvoorde","Oost Gelre","Gelderland",false,51.987288,6.574262,"material damage only","4","clear",false,1,"GM1586"
"20220050128",2022,"Letsel",2,"Fiets","Fiets","Flank","Kruispunt, 4 takken",30,"Niet brandend","Daglicht","Droog",\N,\N,"Thorbeckelaan","Naarden","Gooise Meren","Noord-Holland",false,52.283533,5.154168,"injury","2","clear",false,1,"GM1942"
"20220069298",2022,"Uitsluitend materiele schade",1,"Fiets",\N,"Eenzijdig","Rechte weg",50,"Niet brandend","Daglicht","Droog",\N,"354038053","Borgharenweg","Maastricht","Maastricht","Limburg",false,50.865491,5.699918,"material damage only","4","clear",false,1,"GM0935"
"20220085732",2022,"Letsel",2,"Personenauto","Fiets","Flank","Kruispunt, 3 takken",30,"Niet brandend","Daglicht","Droog",\N,\N,"Frederik Hendriklaan","Vlaardingen","Vlaardingen","Zuid-Holland",false,51.929263,4.348316,"injury","2","clear",false,1,"GM0622"
"20220086949",2022,"Uitsluitend materiele schade",2,"Fiets","Bestelauto","Flank","Kruispunt, 3 takken",50,"Niet brandend","Daglicht",\N,\N,\N,"Raadhuisstraat","Waspik","Waalwijk","Noord-Brabant",false,51.687815,4.945808,"material damage only","4","unknown",false,1,"GM0867"
"20220099355",2022,"Uitsluitend materiele schade",2,"Personenauto","e-bike","Geparkeerd voertuig","Kruispunt, 3 takken",50,"Niet brandend","Daglicht","Droog","Parkeervoorziening",\N,"Gouwzee","Zeewolde","Zeewolde","Flevoland",false,52.329782,5.54132,"material damage only","4","clear",false,1,"GM0050"
"20220103117",2022,"Uitsluitend materiele schade",4,"Personenauto","e-bike","Onbekend","Kruispunt, 3 takken",50,"Niet brandend","Daglicht","Droog",\N,\N,"Linnaeusstraat","Amsterdam","Amsterdam","Noord-Holland",false,52.358506,4.926198,"material damage only","4","clear",false,1,"GM0363"
"20220014783",2022,"Uitsluitend materiele schade",2,"Personenauto","Fiets","Onbekend","Rechte weg",50,\N,"Duisternis",\N,\N,"207374049","Kamperlaan","Haarlem","Haarlem","Noord-Holland",false,52.371266,4.633463,"material damage only","4","unknown",false,1,"GM0392"
"20220023852",2022,"Uitsluitend materiele schade",2,"Scootmobiel","Fiets","Onbekend","Rechte weg",\N,"Brandend","Schemer","Harde windstoten","Brug/viaduct","600580590","Vasteland","Rotterdam","Rotterdam","Zuid-Holland",false,51.912129,4.481744,"material damage only","4","unknown",false,1,"GM0599"
"20220033064",2022,"Letsel",3,"Personenauto","e-bike","Onbekend","Kruispunt, 3 takken",30,"Niet aanwezig","Daglicht","Droog",\N,\N,"Proostdijsteeg","Zutphen","Zutphen","Gelderland",false,52.139587,6.196426,"injury","2","clear",false,1,"GM0301"
"20220053309",2022,"Letsel",2,"e-bike","Fiets","Onbekend","Rechte weg",30,"Brandend","Duisternis","Droog",\N,"194373047","Dr C A Gerkestraat","Zandvoort","Zandvoort","Noord-Holland",false,52.367098,4.543026,"injury","2","clear",false,1,"GM0473"
"20220057634",2022,"Letsel",1,"Fiets",\N,"Eenzijdig","Bocht",30,"Niet brandend","Daglicht","Droog",\N,\N,"Troelstralaan","Delft","Delft","Zuid-Holland",false,51.997841,4.352129,"injury","2","clear",false,1,"GM0503"
"20220100030",2022,"Uitsluitend materiele schade",2,"Personenauto","Fiets","Flank","Kruispunt, 3 takken",50,"Niet brandend","Daglicht","Droog",\N,\N,"Hoofdweg","Hoofddorp","Haarlemmermeer","Noord-Holland",false,52.308482,4.696495,"material damage only","4","clear",false,1,"GM0394"
"20220102846",2022,"Uitsluitend materiele schade",2,"Bromfiets","Fiets","Flank","Kruispunt, 3 takken",30,"Niet brandend","Daglicht","Droog","Tunnel","245383019","Kadoelenpad","Amsterdam","Amsterdam","Noord-Holland",false,52.413366,4.913022,"material damage only","4","clear",false,1,"GM0363"
"20220106091",2022,"Letsel",2,"Fiets","Bromfiets","Frontaal","Rechte weg",15,"Brandend","Duisternis","Droog",\N,"600892729","Van Boetzelaerstraat","Alphen aan den Rijn","Alphen aan den Rijn","Zuid-Holland",true,52.129691,4.672269,"injury","2","clear",false,1,"GM0484"
"20220106133",2022,"Letsel",2,"Fiets","e-bike","Frontaal","Kruispunt, 4 takken",30,"Niet brandend","Daglicht","Droog",\N,\N,"Magnoliastraat","'s-Gravenhage","'s-Gravenhage","Zuid-Holland",false,52.07485,4.260236,"injury","2","clear",false,1,"GM0518"
"20220075350",2022,"Uitsluitend materiele schade",2,"Fiets","Bromfiets","Onbekend","Rechte weg",80,"Niet brandend","Daglicht","Droog",\N,"600646212","Griftdijk","Nijmegen","Nijmegen","Gelderland",false,51.875956,5.850243,"material damage only","4","clear",false,1,"GM0268"
"20220034856",2022,"Letsel",3,"Personenauto","Fiets","Frontaal","Kruispunt, 4 takken",50,"Brandend","Schemer","Droog",\N,\N,"Berlijnplein","Utrecht","Utrecht","Utrecht",false,52.096801,5.069417,"injury","2","clear",false,1,"GM0344"
"20220051802",2022,"Letsel",2,"Personenauto","Fiets","Flank","Rechte weg",50,"Niet brandend","Daglicht","Droog",\N,"600788288","Lindenlaan","Enkhuizen","Enkhuizen","Noord-Holland",false,52.707464,5.276779,"injury","2","clear",false,1,"GM0388"
"20220061808",2022,"Letsel",2,"Fiets","e-bike","Kop/staart","Rechte weg",\N,"Niet brandend","Daglicht","Droog",\N,\N,"Veerweg","Papendrecht","Papendrecht","Zuid-Holland",false,51.842939,4.698913,"injury","2","clear",false,1,"GM0590"
"20220103850",2022,"Letsel",2,"e-bike","Fiets","Flank","Rechte weg",50,"Niet brandend","Daglicht","Droog",\N,"198353043","Leidsestraat","Hillegom","Hillegom","Zuid-Holland",false,52.276039,4.570989,"injury","2","clear",false,1,"GM0534"
"20220104362",2022,"Letsel",1,"Fiets",\N,"Eenzijdig","Rechte weg",50,"Brandend","Duisternis","Droog",\N,"187326253","Hoefstraat","Leiden","Leiden","Zuid-Holland",false,52.153963,4.491545,"injury","2","clear",false,1,"GM0546"
"20220106405",2022,"Uitsluitend materiele schade",2,"Personenauto","Fiets","Onbekend","Bocht",50,"Niet brandend","Daglicht","Droog",\N,\N,"Sporthoekpad","Bergschenhoek","Lansingerland","Zuid-Holland",false,51.982485,4.514947,"material damage only","4","clear",false,1,"GM1621"
"20220073886",2022,"Uitsluitend materiele schade",2,"Fiets","Bestelauto","Onbekend","Rotonde",50,"Niet brandend","Daglicht","Droog",\N,\N,"Meerlaan","Culemborg","Culemborg","Gelderland",false,51.950381,5.23118,"material damage only","4","clear",false,1,"GM0216"
"20220075055",2022,"Uitsluitend materiele schade",2,"Personenauto","Fiets","Flank","Kruispunt, 3 takken",50,"Niet brandend","Daglicht","Droog",\N,\N,"Stationsplein","Tiel","Tiel","Gelderland",false,51.889516,5.423672,"material damage only","4","clear",false,1,"GM0281"
"20220075391",2022,"Uitsluitend materiele schade",2,"Personenauto","Fiets","Flank","Kruispunt, 4 takken",50,"Niet brandend","Daglicht","Droog",\N,\N,"Hogeweg","Velp","Rheden","Gelderland",false,52.002096,5.981682,"material damage only","4","clear",false,1,"GM0275"
"20220019087",2022,"Letsel",2,"Fiets","Fiets","Frontaal","Bocht",\N,"Niet brandend","Daglicht","Droog",\N,"600606263","Ir H.A. Haitsmapad","Rijswijk","Rijswijk","Zuid-Holland",false,52.028821,4.324394,"injury","2","clear",false,1,\N
"20220023976",2022,"Letsel",1,"Fiets",\N,"Eenzijdig",\N,\N,\N,"Duisternis",\N,\N,"165275001","DE TWIST","Vlaardingen","Vlaardingen","Zuid-Holland",false,51.922905,4.33999,"injury","2","unknown",false,1,"GM0622"
"20220059125",2022,"Uitsluitend materiele schade",2,"Snorfiets","Fiets","Flank","Bocht",15,"Niet brandend","Daglicht","Droog",\N,"172301063","Kooikerlaan","Nootdorp","Pijnacker-Nootdorp","Zuid-Holland",false,52.041778,4.384572,"material damage only","4","clear",false,1,"GM1926"
"20220088913",2022,"Letsel",2,"Personenauto","Fiets","Flank","Rotonde",50,"Niet brandend","Daglicht","Droog",\N,\N,"Losplaats","Uden","Maashorst","Noord-Brabant",false,51.65499,5.627486,"injury","2","clear",false,1,"GM1991"
"20220110595",2022,"Uitsluitend materiele schade",2,"Personenauto","e-bike","Flank","Rechte weg",30,"Niet brandend","Daglicht","Droog",\N,"125134085","van Sassenstraat","Hulst","Hulst","Zeeland",false,51.288918,4.063652,"material damage only","4","clear",false,1,"GM0677"
"20220028610",2022,"Uitsluitend materiele schade",2,"Personenauto","Fiets","Onbekend","Rotonde",50,"Niet brandend","Daglicht","Droog",\N,\N,"Grotestraat","Cuijk","Land van Cuijk","Noord-Brabant",false,51.726682,5.882986,"material damage only","4","clear",false,1,"GM1982"
"20220033323",2022,"Letsel",2,"Personenauto","Fiets","Frontaal","Bocht",30,"Niet aanwezig","Daglicht","Droog",\N,"458353002","Elsenerveldweg","Rijssen","Rijssen-Holten","Overijssel",false,52.2748,6.479794,"injury","2","clear",false,1,"GM1742"
"20220019482",2022,"Letsel",2,"Fiets","Fiets","Flank","Rechte weg",50,"Niet brandend","Daglicht","Droog",\N,"188306129","Griekenlandlaan","Zoetermeer","Zoetermeer","Zuid-Holland",false,52.062244,4.498836,"injury","2","clear",false,1,"GM0637"
"20220039132",2022,"Letsel",3,"Personenauto","Fiets","Flank","Bocht",50,"Niet brandend","Daglicht","Harde windstoten",\N,"345177004","Aarle-Rixtelseweg","Helmond","Helmond","Noord-Brabant",false,51.487327,5.643466,"injury","2","unknown",false,1,"GM0794"