"accident_id","year","severity_raw","party_count","party1_type","party2_type","accident_type","road_situation","speed_limit_kmh","road_lighting","light_condition_label","weather_raw","infra_type","road_segment_id","street_name","place_name","gemeente_name_raw","province","alcohol_indicated","latitude","longitude","severity_label","severity_code","weather_label","built_up_area","cyclists_involved","gemeente_code"
"20240088794",2024,"Letsel",2,"Fiets","Personenauto","Flank","Rotonde",50,"Niet brandend","Daglicht","Droog",\N,\N,"Wiegerbruinlaan","Uithoorn","Uithoorn","Noord-Holland",false,52.239295,4.836602,"injury","2","clear",false,1,"GM0451"
"20240093193",2024,"Letsel",2,"Personenauto","Fiets","Flank","Rotonde",50,"Niet brandend","Daglicht","Regen",\N,\N,"Eems","Drachten","Smallingerland","Friesland",false,53.102596,6.075638,"injury","2","rain",false,1,"GM0090"
"20240096209",2024,"Uitsluitend materiele schade",3,"Personenauto","Fiets","Flank","Rotonde",30,"Niet brandend","Daglicht","Droog",\N,\N,"Mijdrechtse Zuwe","Amstelhoek","De Ronde Venen","Utrecht",false,52.229386,4.836131,"material damage only","4","clear",false,1,"GM0736"
"20240043866",2024,"Letsel",1,"Fiets",\N,"Onbekend","Kruispunt, 4 takken",50,"Brandend","Duisternis","Droog",\N,"601203195","Europalaan","Valkenswaard","Valkenswaard","Noord-Brabant",false,51.350037,5.465335,"injury","2","clear",false,1,"GM0858"
"20240074659",2024,"Letsel",2,"Fiets","Personenauto","Flank","Rotonde",50,"Niet brandend","Daglicht","Droog",\N,\N,"Bennekomseweg","Ede","Ede","Gelderland",false,52.019563,5.672282,"injury","2","clear",false,1,"GM0228"
"20240095703",2024,"Letsel",2,"Fiets","Overig vast object","Vast voorwerp","Rechte weg",50,"Brandend","Duisternis","Droog","Brug/viaduct","600891524","Buitenrustlaan","Haarlem","Haarlem","Noord-Holland",false,52.371471,4.640195,"injury","2","clear",false,1,"GM0392"
"20240098049",2024,"Uitsluitend materiele schade",2,"Personenauto","Fiets","Flank","Kruispunt, 3 takken",50,"Brandend","Duisternis","Droog",\N,\N,"Zweedselaan","Beverwijk","Beverwijk","Noord-Holland",false,52.48561,4.664772,"material damage only","4","clear",false,1,"GM0375"
"20240074700",2024,"Uitsluitend materiele schade",2,"Personenauto","Fiets","Flank","Kruispunt, 3 takken",30,"Niet brandend","Daglicht","Droog",\N,\N,"Palinggracht","Beuningen Gld","Beuningen","Gelderland",false,51.846853,5.766143,"material damage only","4","clear",false,1,"GM0209"
"20240081756",2024,"Letsel",2,"Personenauto","Fiets","Onbekend","Kruispunt, 4 takken",50,"Niet brandend","Daglicht","Droog",\N,\N,"Kerkweg","Lekkerkerk","Krimpenerwaard","Zuid-Holland",false,51.902725,4.683945,"injury","2","clear",false,1,"GM1931"
"20240089529",2024,"Letsel",2,"Bestelauto","Fiets","Flank","Rotonde",50,"Niet brandend","Daglicht","Droog",\N,\N,"Burg van der Willigenln","Hoofddorp","Haarlemmermeer","Noord-Holland",false,52.300312,4.694655,"injury","2","clear",false,1,"GM0394"
"20240093546",2024,"Uitsluitend materiele schade",1,"Fiets",\N,"Onbekend","Rechte weg",30,"Niet brandend","Daglicht","Droog",\N,"405538065","Noordkade","Drachten","Smallingerland","Friesland",false,53.106837,6.101214,"material damage only","4","clear",false,1,"GM0090"
"20240098356",2024,"Letsel",2,"Fiets","Fiets","Flank","Rechte weg",50,"Niet brandend","Daglicht","Droog",\N,"600757423","Schilderweg","Den Burg","Texel","Noord-Holland",false,53.049826,4.807962,"injury","2","clear",false,1,"GM0448"
"20240046154",2024,"Uitsluitend materiele schade",2,"Personenauto","Fiets","Flank","Rechte weg",50,"Niet brandend","Daglicht","Regen",\N,"600868596","Laan oud-Indiëgangers","Rijssen","Rijssen-Holten","Overijssel",false,52.311327,6.491936,"material damage only","4","rain",false,1,"GM1742"
"20240075768",2024,"Uitsluitend materiele schade",2,"Fiets","Fiets","Onbekend","Rechte weg",50,"Niet brandend","Daglicht","Droog","Tunnel","600621895","Burgemeester Roelenweg","Zwolle","Zwolle","Overijssel",false,52.518857,6.083089,"material damage only","4","clear",false,1,"GM0193"
"20240078664",2024,"Letsel",1,"Fiets",\N,"Eenzijdig","Rechte weg",30,"Niet brandend","Daglicht","Droog",\N,\N,"Cornelis van der Lijnstr","'s-Gravenhage","'s-Gravenhage","Zuid-Holland",false,52.090841,4.341983,"injury","2","clear",false,1,"GM0518"
"20240081790",2024,"Letsel",2,"Fiets","Motor","Flank","Kruispunt, 3 takken",50,"Niet brandend","Daglicht","Droog",\N,\N,"Boezembocht","Rotterdam","Rotterdam","Zuid-Holland",false,51.941238,4.493403,"injury","2","clear",false,1,"GM0599"
"20240084991",2024,"Letsel",2,"Personenauto","Fiets","Onbekend","Bocht",60,"Niet brandend","Daglicht","Droog",\N,"348279001","Randwijkse Rijndijk","Randwijk","Overbetuwe","Gelderland",false,51.951773,5.676167,"injury","2","clear",false,1,"GM1734"
"20240091507",2024,"Letsel",2,"Personenauto","Fiets","Flank","Rechte weg",50,"Niet brandend","Daglicht","Droog","Parkeervoorziening","600461673","Achterom","Barendrecht","Barendrecht","Zuid-Holland",false,51.855316,4.53781,"injury","2","clear",false,1,"GM0489"
"20240091522",2024,"Letsel",2,"Bromfiets","Fiets","Frontaal","Rechte weg",30,"Niet brandend","Daglicht","Droog",\N,"600998592","Oudelaanmolenslootpad","Delft","Delft","Zuid-Holland",false,51.99864,4.383802,"injury","2","clear",false,1,"GM0503"
"20240092998",2024,"Letsel",2,"Fiets","Personenauto","Flank","Kruispunt, 3 takken",30,"Niet brandend","Daglicht","Droog",\N,\N,"Servaasstraat","Lieshout","Laarbeek","Noord-Brabant",false,51.521576,5.598372,"injury","2","clear",false,1,"GM1659"
"20240093584",2024,"Letsel",2,"Bestelauto","Fiets","Flank","Kruispunt, 4 takken",80,\N,"Daglicht","Droog","Spoorwegovergang",\N,"Bokkenstraat","Wehl","Doetinchem","Gelderland",false,51.96495,6.227265,"injury","2","clear",false,1,"GM0222"
"20240095778",2024,"Letsel",1,"Fiets",\N,"Onbekend","Kruispunt, 3 takken",30,"Brandend","Duisternis","Regen",\N,\N,"Gedempte Oostersingelgr","Haarlem","Haarlem","Noord-Holland",false,52.380762,4.647286,"injury","2","rain",false,1,"GM0392"
"20240049185",2024,"Uitsluitend materiele schade",2,"Personenauto","Fiets","Flank","Rechte weg",50,"Niet brandend","Daglicht","Droog",\N,"268293052","Parkhout","Nieuwegein","Nieuwegein","Utrecht",false,52.010592,5.083132,"material damage only","4","clear",false,1,"GM0356"
"20240083788",2024,"Uitsluitend materiele schade",2,"Personenauto","Fiets","Flank","Kruispunt, 4 takken",30,"Niet brandend","Daglicht","Droog",\N,\N,"Pastoor Vullinghsstraat","Sevenum","Horst aan de Maas","Limburg",false,51.413951,6.038111,"material damage only","4","clear",false,1,"GM1507"
"20240089643",2024,"Letsel",2,"Bestelauto","Fiets","Frontaal","Rechte weg",50,"Brandend","Schemer","Droog",\N,"208397020","Stratingplantsoen","Velsen-Noord","Velsen","Noord-Holland",false,52.471924,4.643905,"injury","2","clear",false,1,"GM0453"
"20240102179",2024,"Uitsluitend materiele schade",2,"Personenauto","Fiets","Flank","Rotonde",50,"Niet brandend","Daglicht","Droog",\N,\N,"Postelseweg","Eersel","Eersel","Noord-Brabant",false,51.360668,5.304179,"material damage only","4","clear",false,1,"GM0770"
"20240102925",2024,"Letsel",2,"Motor","Fiets","Flank","Rechte weg",50,"Brandend","Duisternis","Regen",\N,"600141587","JOHN F. KENNEDYBRUG","Maastricht","Maastricht","Limburg",false,50.841458,5.701395,"injury","2","rain",false,1,"GM0935"
"20240049232",2024,"Uitsluitend materiele schade",2,"Snorfiets","Fiets","Frontaal","Kruispunt, 4 takken",30,"Brandend","Daglicht","Regen",\N,\N,"De Doelen 10","Lelystad","Lelystad","Flevoland",false,52.501087,5.478239,"material damage only","4","rain",false,1,"GM0995"
"20240075257",2024,"Uitsluitend materiele schade",2,"Fiets","Fiets","Kop/staart","Rechte weg",30,"Niet brandend","Daglicht","Droog",\N,"600960411","Hengelosestraat","Enschede","Enschede","Overijssel",false,52.223386,6.89003,"material damage only","4","clear",false,1,"GM0153"
"20240094857",2024,"Uitsluitend materiele schade",2,"Personenauto","Fiets","Onbekend",\N,50,\N,"Daglicht",\N,\N,"344297020","Galvanistraat","Ede","Ede","Gelderland",false,52.026747,5.640504,"material damage only","4","unknown",false,1,"GM0228"
"20240094865",2024,"Letsel",2,"Personenauto","Fiets","Flank","Rechte weg",30,"Niet brandend","Daglicht","Droog","Parkeervoorziening","349296025","Uiterwaalhof","Ede","Ede","Gelderland",false,52.022591,5.675143,"injury","2","clear",false,1,"GM0228"
"20240098793",2024,"Uitsluitend materiele schade",2,"Fiets","Fiets","Onbekend","Rechte weg",15,"Niet brandend","Daglicht","Droog",\N,"220432114","Van Ostadelaan","Alkmaar","Alkmaar","Noord-Holland",true,52.63214,4.724789,"material damage only","4","clear",false,1,"GM0361"
"20240071023",2024,"Letsel",2,"Personenauto","Fiets","Voetganger","Rechte weg",50,"Niet aanwezig","Daglicht","Droog",\N,"184280032","Kleiweg","Rotterdam","Rotterdam","Zuid-Holland",false,51.94542,4.477733,"injury","2","clear",false,1,"GM0599"
"20240089053",2024,"Letsel",2,\N,"Fiets","Frontaal","Kruispunt, 3 takken",30,"Niet brandend","Daglicht","Droog",\N,\N,"Nassaukade","Amsterdam","Amsterdam","Noord-Holland",false,52.377113,4.876791,"injury","2","clear",false,1,"GM0363"
"20240094446",2024,"Uitsluitend materiele schade",2,"Personenauto","Fiets","Flank","Kruispunt, 3 takken",30,"Brandend","Duisternis","Droog",\N,\N,"Dijkgraafstraat","IJsselmuiden","Kampen","Overijssel",true,52.56415,5.934294,"material damage only","4","clear",false,1,"GM0166"
"20240095386",2024,"Uitsluitend materiele schade",2,"Personenauto","Fiets","Flank","Rotonde",50,"Brandend","Schemer","Droog",\N,\N,"Marsdiepstraat","Den Helder","Den Helder","Noord-Holland",false,52.9451,4.742787,"material damage only","4","clear",false,1,"GM0400"
"20240075924",2024,"Letsel",2,"Personenauto","Fiets","Flank","Rotonde",50,"Niet brandend","Daglicht","Regen",\N,\N,"Haarstraat","Rijssen","Rijssen-Holten","Overijssel",false,52.308763,6.512229,"injury","2","rain",false,1,"GM1742"
"20240079389",2024,"Letsel",2,"Snorfiets","Fiets","Flank","Bocht",50,"Niet brandend","Daglicht","Droog",\N,"601002156","Schoterkerkpad","Santpoort-Zuid","Velsen","Noord-Holland",false,52.415732,4.635599,"injury","2","clear",false,1,"GM0453"
"20240085143",2024,"Uitsluitend materiele schade",2,"Personenauto","Fiets","Flank","Rechte weg",30,"Brandend","Duisternis","Droog",\N,"507346002","Colosseum","Enschede","Enschede","Overijssel",false,52.239413,6.83058,"material damage only","4","clear",false,1,"GM0153"
"20240086460",2024,"Uitsluitend materiele schade",1,"Fiets",\N,"Onbekend","Bocht",50,"Niet brandend","Daglicht","Droog",\N,\N,"Buitenkaagpad","Buitenkaag","Haarlemmermeer","Noord-Holland",false,52.224692,4.55445,"material damage only","4","clear",false,1,"GM0394"
"20240089092",2024,"Letsel",2,"Fiets","Fiets","Frontaal","Rechte weg",80,"Niet brandend","Daglicht","Droog","Tankstation","600631807","Naaldwijkseweg","'s-Gravenzande","Westland","Zuid-Holland",false,51.989148,4.177832,"injury","2","clear",false,1,"GM1783"
"20240091015",2024,"Letsel",2,"Snorfiets","Fiets","Frontaal","Rechte weg",30,"Niet brandend","Daglicht","Droog",\N,"601077950","Maashaven O.z.","Rotterdam","Rotterdam","Zuid-Holland",false,51.900147,4.496225,"injury","2","clear",false,1,"GM0599"
"20240099228",2024,"Uitsluitend materiele schade",2,"Bestelauto","Fiets","Flank","Kruispunt, 4 takken",50,"Niet brandend","Daglicht","Regen",\N,\N,"De Volger","De Rijp","Alkmaar","Noord-Holland",false,52.550876,4.845446,"material damage only","4","rain",false,1,"GM0361"
"20240100699",2024,"Letsel",2,"Fiets","Personenauto","Flank","Rotonde",50,"Niet brandend","Daglicht","Droog",\N,\N,"Zwaardslootseweg","Zoetermeer","Zoetermeer","Zuid-Holland",false,52.071054,4.480807,"injury","2","clear",false,1,"GM0637"
"20240045090",2024,"Uitsluitend materiele schade",2,"Personenauto","Fiets","Flank","Rechte weg",50,"Niet brandend","Daglicht","Droog",\N,"600773889","Olympiaweg","Waalwijk","Waalwijk","Noord-Brabant",false,51.687085,5.086359,"material damage only","4","clear",false,1,"GM0867"
"20240046993",2024,"Uitsluitend materiele schade",2,"Snorfiets","Fiets","Frontaal","Rechte weg",30,"Niet brandend","Daglicht","Droog",\N,"600836340","Willemsplein","Arnhem","Arnhem","Gelderland",false,51.983167,5.903774,"material damage only","4","clear",false,1,"GM0202"
"20240071109",2024,"Letsel",2,"Personenauto","Fiets","Flank","Kruispunt, 4 takken",50,"Niet brandend","Daglicht","Droog",\N,\N,"Leyweg","'s-Gravenhage","'s-Gravenhage","Zuid-Holland",false,52.050122,4.274084,"injury","2","clear",false,1,"GM0518"
"20240088462",2024,"Letsel",2,"Snorfiets","Fiets","Frontaal","Rechte weg",50,"Niet brandend","Daglicht","Droog",\N,"160301095","Schaapweg","Rijswijk","Rijswijk","Zuid-Holland",false,52.038164,4.299428,"injury","2","clear",false,1,\N
"20240096528",2024,"Uitsluitend materiele schade",2,"Personenauto","Fiets","Flank","Rotonde",50,"Niet brandend","Daglicht","Droog",\N,\N,"Bedrijvenweg","Doetinchem","Doetinchem","Gelderland",false,51.95201,6.288742,"material damage only","4","clear",false,1,"GM0222"
"20240100572",2024,"Uitsluitend materiele schade",1,"Fiets",\N,"Onbekend",\N,\N,\N,"Duisternis",\N,\N,"188331090","Broekweg","Leiden","Leiden","Zuid-Holland",false,52.177647,4.49911,"material damage only","4","unknown",false,1,"GM0546"
"20240100911",2024,"Letsel",2,"Personenauto","Fiets","Onbekend","Rechte weg",50,"Brandend","Duisternis","Droog",\N,"600105442","Zuiderparklaan","'s-Gravenhage","'s-Gravenhage","Zuid-Holland",false,52.066473,4.278387,"injury","2","clear",false,1,"GM0518"
"20240101167",2024,"Letsel",1,"Fiets",\N,"Onbekend","Rechte weg",30,"Brandend","Duisternis","Droog",\N,"218326009","Noordeinde","Aarlanderveen","Alphen aan den Rijn","Zuid-Holland",false,52.151506,4.72262,"injury","2","clear",false,1,"GM0484"
"20240050016",2024,"Letsel",1,"Fiets",\N,"Onbekend","Rechte weg",30,"Niet brandend","Daglicht","Droog",\N,"158303061","Loevesteinlaan","'s-Gravenhage","'s-Gravenhage","Zuid-Holland",false,52.050351,4.281814,"injury","2","clear",false,1,"GM0518"
"20240075975",2024,"Letsel",2,"Personenauto","Fiets","Flank","Kruispunt, 3 takken",50,"Niet aanwezig","Daglicht","Droog",\N,\N,"Kluizeweg","Arnhem","Arnhem","Gelderland",false,51.998661,5.908862,"injury","2","clear",false,1,"GM0202"
"20240087234",2024,"Uitsluitend materiele schade",2,"Snorfiets","Fiets","Onbekend","Kruispunt, 4 takken",50,"Niet brandend","Daglicht","Droog",\N,\N,"Stadsweteringpad","Almere","Almere","Flevoland",false,52.370977,5.226286,"material damage only","4","clear",false,1,"GM0034"
"20240101100",2024,"Letsel",2,"Fiets","Personenauto","Onbekend","Rechte weg",30,"Niet brandend","Daglicht","Regen",\N,\N,"Anjerplein","Spijkenisse","Nissewaard","Zuid-Holland",false,51.856103,4.316417,"injury","2","rain",false,1,"GM1930"
"20240101101",2024,"Letsel",2,"Personenauto","Fiets","Flank","Rechte weg",50,"Brandend","Duisternis","Droog",\N,"159306058","Kempstraat","'s-Gravenhage","'s-Gravenhage","Zuid-Holland",false,52.06476,4.292295,"injury","2","clear",false,1,"GM0518"
"20240102109",2024,"Uitsluitend materiele schade",2,"Snorfiets","Fiets","Flank","Kruispunt, 3 takken",30,"Niet brandend","Daglicht","Droog",\N,\N,"FIETSPAD","Hoek","Terneuzen","Zeeland",false,51.324767,3.816911,"material damage only","4","clear",false,1,"GM0715"
"20240044966",2024,"Uitsluitend materiele schade",2,"Personenauto","Fiets","Flank","Kruispunt, 4 takken",30,"Niet brandend","Daglicht","Droog",\N,\N,"Vrijlandstraat","Middelburg","Middelburg","Zeeland",false,51.492712,3.624055,"material damage only","4","clear",false,1,\N
"20240049410",2024,"Uitsluitend materiele schade",2,"Personenauto","Fiets","Onbekend","Rechte weg",30,"Niet brandend","Daglicht","Droog","Spoorwegovergang","382287116","Velperplein","Arnhem","Arnhem","Gelderland",false,51.983062,5.912426,"material damage only","4","clear",false,1,"GM0202"
"20240074991",2024,"Letsel",2,"Personenauto","Fiets","Flank","Rechte weg",30,"Niet brandend","Daglicht","Droog",\N,"396281025","Ploenstraat","Duiven","Duiven","Gelderland",false,51.951995,6.020491,"injury","2","clear",false,1,"GM0226"
"20240080927",2024,"Letsel",1,"Fiets",\N,"Onbekend","Rechte weg",60,"Niet brandend","Daglicht","Droog",\N,"600194782","Duinschooten","Noordwijkerhout","Noordwijk","Zuid-Holland",false,52.282654,4.50269,"injury","2","clear",false,1,"GM0575"
"20240083375",2024,"Letsel",2,"Personenauto","Fiets","Onbekend","Rechte weg",50,"Niet brandend","Daglicht","Droog",\N,"132202008","Langeweg","Sint-Annaland","Tholen","Zeeland",false,51.589964,4.109314,"injury","2","clear",false,1,"GM0716"
"20240084639",2024,"Letsel",3,"Personenauto","Fiets","Flank","Rechte weg",30,"Niet brandend","Daglicht","Droog",\N,"600861834","Berglaan","Doetinchem","Doetinchem","Gelderland",false,51.979998,6.288578,"injury","2","clear",false,1,"GM0222"
"20240086576",2024,"Letsel",2,"Fiets","Fiets","Onbekend",\N,\N,\N,"Duisternis",\N,\N,"601031394","Lange Nieuwstraat","IJmuiden","Velsen","Noord-Holland",false,52.457109,4.60725,"injury","2","unknown",false,1,"GM0453"
"20240100647",2024,"Uitsluitend materiele schade",2,"Fiets","Bestelauto","Flank","Rechte weg",50,"Brandend","Duisternis","Droog",\N,"194270026","Oostdijk","Rotterdam","Rotterdam","Zuid-Holland",false,51.902073,4.549231,"material damage only","4","clear",false,1,"GM0599"
"20240102546",2024,"Uitsluitend materiele schade",2,"Personenauto","Fiets","Flank","Rechte weg",30,"Brandend","Schemer","Droog",\N,"600960981","Halsterseweg","Bergen op Zoom","Bergen op Zoom","Noord-Brabant",false,51.505719,4.279489,"material damage only","4","clear",false,1,"GM0748"
"20240103013",2024,"Letsel",2,"Fiets","Fiets","Flank","Rechte weg",50,"Niet brandend","Daglicht","Regen",\N,"600493113","Goeverneurlaan","'s-Gravenhage","'s-Gravenhage","Zuid-Holland",false,52.059089,4.323602,"injury","2","rain",false,1,"GM0518"
"20240044263",2024,"Uitsluitend materiele schade",2,"Personenauto","Fiets","Kop/staart","Kruispunt, 3 takken",50,"Niet brandend","Daglicht","Droog",\N,\N,"Boskampstraat","Tegelen","Venlo","Limburg",false,51.348205,6.144072,"material damage only","4","clear",false,1,"GM0983"
"20240049477",2024,"Uitsluitend materiele schade",2,"Fiets","Fiets","Flank","Kruispunt, 4 takken",50,"Niet brandend","Daglicht","Droog",\N,\N,"Katerveerdijk","Zwolle","Zwolle","Overijssel",false,52.49838,6.061686,"material damage only","4","clear",false,1,"GM0193"
"20240075456",2024,"Letsel",1,"Fiets",\N,"Eenzijdig","Rechte weg",50,"Niet aanwezig","Duisternis","Droog","Tunnel",\N,"Ln van de Mensenrechten","Apeldoorn","Apeldoorn","Gelderland",false,52.205542,5.958459,"injury","2","clear",false,1,"GM0200"
"20240076064",2024,"Letsel",2,"Personenauto","Fiets","Flank","Kruispunt, 3 takken",30,"Niet aanwezig","Daglicht","Droog",\N,\N,"Paul Krugerstraat","Hengelo","Hengelo (O)","Overijssel",false,52.266577,6.799446,"injury","2","clear",false,1,\N
"20240086629",2024,"Letsel",2,"Fiets","Personenauto","Flank","Rotonde",60,"Niet brandend","Daglicht","Droog",\N,\N,"IJweg","Lisserbroek","Haarlemmermeer","Noord-Holland",false,52.256689,4.582381,"injury","2","clear",false,1,"GM0394"
"20240090569",2024,"Letsel",2,"Personenauto","Fiets","Flank","Kruispunt, 4 takken",50,"Niet brandend","Daglicht","Droog",\N,\N,"Koningin Wilhelminalaan","Hardinxveld-Giessendam","Hardinxveld-Giessendam","Zuid-Holland",false,51.823582,4.882926,"injury","2","clear",false,1,"GM0523"
"20240091191",2024,"Uitsluitend materiele schade",2,"Personenauto","Fiets","Flank","Kruispunt, 3 takken",30,"Niet brandend","Daglicht","Droog",\N,\N,"Burg Dregmansstraat","Middelburg","Middelburg","Zeeland",false,51.495964,3.602112,"material damage only","4","clear",false,1,\N
"20240048248",2024,"Uitsluitend materiele schade",2,"Personenauto","Fiets","Flank","Kruispunt, 4 takken",30,"Niet aanwezig","Daglicht","Droog",\N,\N,"Lanuariusweg","De Meern","Utrecht","Utrecht",false,52.078365,5.023642,"material damage only","4","clear",false,1,"GM0344"
"20240073184",2024,"Letsel",2,"Personenauto","Fiets","Frontaal","Rotonde",50,"Niet brandend","Daglicht","Droog",\N,\N,"Blitterswijckseweg","Wanssum","Venray","Limburg",false,51.536367,6.084182,"injury","2","clear",false,1,"GM0984"
"20240081031",2024,"Letsel",1,"Fiets",\N,"Onbekend",\N,\N,\N,"Daglicht",\N,\N,"601189576","Albertus de Oudelaan","Voorburg","Leidschendam-Voorburg","Zuid-Holland",false,52.079773,4.363056,"injury","2","unknown",false,1,"GM1916"
"20240082116",2024,"Letsel",2,"Fiets","Fiets","Flank","Rotonde",50,"Brandend","Duisternis","Droog",\N,\N,"Koningin Julianaweg","'s-Gravenzande","Westland","Zuid-Holland",false,51.997971,4.172946,"injury","2","clear",false,1,"GM1783"
"20240087359",2024,"Letsel",2,"Personenauto","Fiets","Frontaal","Rechte weg",30,"Niet brandend","Daglicht","Regen",\N,"308323054","Voltastraat","Amersfoort","Amersfoort","Utrecht",false,52.14167,5.380846,"injury","2","rain",false,1,"GM0307"
"20240087986",2024,"Uitsluitend materiele schade",2,"Personenauto","Fiets","Onbekend","Kruispunt, 4 takken",50,"Niet brandend","Daglicht","Droog",\N,\N,"Vreeswijkstraat","'s-Gravenhage","'s-Gravenhage","Zuid-Holland",false,52.057659,4.275895,"material damage only","4","clear",false,1,"GM0518"
"20240089316",2024,"Letsel",1,"Fiets",\N,"Onbekend","Rechte weg",50,"Niet brandend","Daglicht","Droog",\N,"600715717","Regentesselaan","'s-Gravenhage","'s-Gravenhage","Zuid-Holland",false,52.0716,4.284398,"injury","2","clear",false,1,"GM0518"
"20240045915",2024,"Uitsluitend materiele schade",2,"Fiets","Fiets","Flank","Kruispunt, 3 takken",30,"Niet brandend","Daglicht","Droog",\N,\N,"Steenstraat","Arnhem","Arnhem","Gelderland",false,51.98407,5.917764,"material damage only","4","clear",false,1,"GM0202"
"20240077824",2024,"Uitsluitend materiele schade",2,"Bromfiets","Fiets","Flank","Rechte weg",50,"Niet brandend","Daglicht","Regen",\N,"342299006","Frankeneng","Ede","Ede","Gelderland",false,52.034219,5.627934,"material damage only","4","rain",false,1,"GM0228"
"20240078400",2024,"Uitsluitend materiele schade",2,"Personenauto","Fiets","Flank","Kruispunt, 4 takken",30,"Niet brandend","Daglicht","Droog",\N,\N,"Noordweg","Kampen","Kampen","Overijssel",false,52.562364,5.911388,"material damage only","4","clear",false,1,"GM0166"
"20230051826",2023,"Uitsluitend materiele schade",2,"Bromfiets","Fiets","Onbekend","Rechte weg",50,"Niet brandend","Daglicht","Droog",\N,"296254005","Repensestraat","Opijnen","West Betuwe","Gelderland",false,51.831552,5.29412,"material damage only","4","clear",false,1,"GM1960"
"20230057592",2023,"Letsel",2,"Personenauto","Fiets","Kop/staart","Rechte weg",60,"Niet aanwezig","Daglicht","Droog",\N,"400378001","Kanaaldijk","Heerde","Heerde","Gelderland",false,52.390382,6.05499,"injury","2","clear",false,1,"GM0246"
"20230058076",2023,"Letsel",2,"Vrachtauto","Fiets","Flank","Kruispunt, 3 takken",50,"Niet brandend","Daglicht","Droog",\N,\N,"Oranjestraat","Vroomshoop","Twenterand","Overijssel",false,52.453803,6.574509,"injury","2","clear",false,1,"GM1700"
"20230060902",2023,"Letsel",2,"Fiets","Fiets","Onbekend","Rechte weg",50,"Brandend","Duisternis","Droog",\N,"600716161","Koningin Emmakade","'s-Gravenhage","'s-Gravenhage","Zuid-Holland",false,52.081715,4.287541,"injury","2","clear",false,1,"GM0518"
"20230039629",2023,"Letsel",2,"Fiets","Fiets","Onbekend","Rechte weg",50,"Brandend","Daglicht","Droog",\N,\N,"Burg Bruins Slotsingel","Alphen aan den Rijn","Alphen aan den Rijn","Zuid-Holland",false,52.141131,4.687791,"injury","2","clear",false,1,"GM0484"
"20230000456",2023,"Dodelijk",1,"Fiets",\N,"Eenzijdig","Rechte weg",50,"Niet brandend","Daglicht","Regen",\N,"600584464","Amsterdamseweg","Arnhem","Arnhem","Gelderland",false,52.005992,5.848413,"fatal","1","rain",false,1,"GM0202"
"20230000537",2023,"Dodelijk",2,"Personenauto","Fiets","Flank","Kruispunt, 3 takken",30,"Niet brandend","Daglicht","Droog",\N,\N,"Straat Malakka","Veendam","Veendam","Groningen",false,53.100866,6.86527,"fatal","1","clear",false,1,"GM0047"
"20230044262",2023,"Letsel",2,"e-bike","Fiets","Flank","Kruispunt, 4 takken",50,"Niet brandend","Daglicht","Droog",\N,\N,"Wemenstraat","Hengelo","Hengelo (O)","Overijssel",false,52.267543,6.794776,"injury","2","clear",false,1,\N
"20230058403",2023,"Letsel",1,"Fiets",\N,"Eenzijdig","Rechte weg",30,"Brandend","Duisternis","Droog",\N,"600730370","Stadspolderweg","Leiden","Leiden","Zuid-Holland",false,52.171755,4.489685,"injury","2","clear",false,1,"GM0546"
"20230058727",2023,"Letsel",2,"Personenauto","Fiets","Frontaal","Kruispunt, 3 takken",30,"Niet brandend","Daglicht","Droog",\N,\N,"Noordkade","Waddinxveen","Waddinxveen","Zuid-Holland",false,52.055894,4.662369,"injury","2","clear",false,1,"GM0627"
"20230050731",2023,"Letsel",2,"Bestelauto","e-bike","Flank","Kruispunt, 4 takken",50,"Niet brandend","Daglicht","Droog",\N,\N,"Argentiniësingel","Alphen aan den Rijn","Alphen aan den Rijn","Zuid-Holland",false,52.122399,4.646767,"injury","2","clear",false,1,"GM0484"
"20230054223",2023,"Letsel",2,"Fiets","Personenauto","Flank","Rechte weg",50,"Niet brandend","Daglicht","Droog",\N,"381102018","Kloosterstraat","Maasbracht","Maasgouw","Limburg",false,51.147665,5.898396,"injury","2","clear",false,1,"GM1641"
"20230055971",2023,"Letsel",2,"Fiets","Overig vast object","Vast voorwerp","Rechte weg",30,"Brandend","Duisternis","Droog",\N,"217426005","Westerweg","Heiloo","Heiloo","Noord-Holland",false,52.605255,4.704017,"injury","2","clear",false,1,"GM0399"
"20230057876",2023,"Letsel",2,"Personenauto","Fiets","Flank","Kruispunt, 4 takken",50,"Niet brandend","Daglicht","Regen",\N,\N,"Abraham Blankaartsingel","Amersfoort","Amersfoort","Utrecht",false,52.174011,5.390994,"injury","2","rain",false,1,"GM0307"
"20230058738",2023,"Letsel",2,"Bestelauto","Fiets","Flank","Rechte weg",60,"Niet brandend","Daglicht","Droog",\N,"202302006","Onderweg","Waddinxveen","Waddinxveen","Zuid-Holland",false,52.046112,4.608518,"injury","2","clear",false,1,"GM0627"
"20230060466",2023,"Letsel",2,"Personenauto","Fiets","Flank","Kruispunt, 4 takken",50,"Niet brandend","Daglicht","Droog",\N,\N,"Postweg","Puttershoek","Hoeksche Waard","Zuid-Holland",false,51.805856,4.550879,"injury","2","clear",false,1,"GM1963"
"20230063901",2023,"Uitsluitend materiele schade",2,"Personenauto","Fiets","Flank","Kruispunt, 3 takken",50,"Niet brandend","Daglicht","Regen",\N,"601046700","Westerhaven","Groningen","Groningen","Groningen",false,53.215106,6.556481,"material damage only","4","rain",false,1,"GM0014"