"accident_id","year","severity_raw","party_count","party1_type","party2_type","accident_type","road_situation","speed_limit_kmh","road_lighting","light_condition_label","weather_raw","infra_type","road_segment_id","street_name","place_name","gemeente_name_raw","province","alcohol_indicated","latitude","longitude","severity_label","severity_code","weather_label","built_up_area","cyclists_involved","gemeente_code"
"20240013215",2024,"Letsel",1,"Fiets",\N,"Frontaal","Kruispunt, 4 takken",30,"Niet brandend","Daglicht","Droog",\N,\N,"Westeinde","Amsterdam","Amsterdam","Noord-Holland",false,52.359408,4.898596,"injury","2","clear",false,1,"GM0363"
"20230111638",2023,"Uitsluitend materiele schade",1,"Fiets",\N,"Voetganger","Rechte weg",30,"Brandend","Duisternis","Droog",\N,"229372040","Osdorper Ban","Amsterdam","Amsterdam","Noord-Holland",false,52.362161,4.800166,"material damage only","4","clear",false,1,"GM0363"
"20240001659",2024,"Uitsluitend materiele schade",2,"Personenauto","Fiets","Onbekend",\N,\N,\N,"Daglicht",\N,\N,\N,"Klaverstraat","Tilburg","Tilburg","Noord-Brabant",false,51.554338,5.073731,"material damage only","4","unknown",false,1,"GM0855"
"20240002734",2024,"Letsel",2,"Personenauto","Fiets","Flank","Bocht",50,"Brandend","Duisternis","Droog",\N,"600612533","Spoorlaan","Drunen","Heusden","Noord-Brabant",false,51.696432,5.152572,"injury","2","clear",false,1,"GM0797"
"20240002764",2024,"Uitsluitend materiele schade",2,"Snorfiets","Fiets","Flank","Kruispunt, 3 takken",50,"Niet brandend","Daglicht","Droog",\N,\N,"Molenhei","Vught","Vught","Noord-Brabant",false,51.646474,5.282095,"material damage only","4","clear",false,1,"GM0865"
"20240011856",2024,"Uitsluitend materiele schade",2,"Personenauto","Fiets","Flank","Kruispunt, 4 takken",50,"Niet brandend","Daglicht","Regen",\N,\N,"President Kennedylaan","Velp","Rheden","Gelderland",false,51.995916,5.975301,"material damage only","4","rain",false,1,"GM0275"
"20240152927",2024,"Uitsluitend materiele schade",2,"Fiets","Bromfiets","Flank","Rechte weg",30,"Niet brandend","Daglicht","Regen",\N,"240370029","Nicolaas Maesstraat","Amsterdam","Amsterdam","Noord-Holland",false,52.354033,4.877664,"material damage only","4","rain",false,1,"GM0363"
"20240001424",2024,"Uitsluitend materiele schade",2,"Personenauto","Fiets","Onbekend","Kruispunt, 4 takken",50,"Niet brandend","Daglicht","Regen",\N,\N,"Middelweg","Berkel en Rodenrijs","Lansingerland","Zuid-Holland",false,52.014774,4.48259,"material damage only","4","rain",false,1,"GM1621"
"20240007444",2024,"Uitsluitend materiele schade",2,"Personenauto","Fiets","Flank","Rechte weg",30,"Niet brandend","Daglicht","Regen/Sneeuw/Hagel",\N,"600105469","Willem de Zwijgerlaan","'s-Gravenhage","'s-Gravenhage","Zuid-Holland",false,52.090863,4.271861,"material damage only","4","unknown",false,1,"GM0518"
"20240007710",2024,"Letsel",1,"Fiets",\N,"Onbekend","Rechte weg",30,"Brandend","Duisternis","Regen",\N,"154295084","De Raaphorst","Kwintsheul","Westland","Zuid-Holland",false,52.014449,4.254406,"injury","2","rain",false,1,"GM1783"
"20240152969",2024,"Letsel",1,"Fiets",\N,"Eenzijdig","Rechte weg",50,"Brandend","Duisternis","Regen",\N,\N,"Vondelstraat","Alkmaar","Alkmaar","Noord-Holland",false,52.625857,4.752329,"injury","2","rain",false,1,"GM0361"
"20230112911",2023,"Letsel",2,"Fiets","Overig vast object","Vast voorwerp","Rechte weg",50,"Niet brandend","Daglicht","Droog",\N,"600681636","Koningin Emmakade","'s-Gravenhage","'s-Gravenhage","Zuid-Holland",false,52.080889,4.288547,"injury","2","clear",false,1,"GM0518"
"20240002457",2024,"Uitsluitend materiele schade",2,"Personenauto","Fiets","Flank","Kruispunt, 4 takken",30,"Niet brandend","Daglicht","Droog",\N,\N,"Hoogstraat","Eindhoven","Eindhoven","Noord-Brabant",false,51.426838,5.463358,"material damage only","4","clear",false,1,"GM0772"
"20240007939",2024,"Letsel",2,"Bestelauto","Fiets","Onbekend","Kruispunt, 4 takken",30,"Niet brandend","Schemer","Droog",\N,\N,"Waddenweg","Amsterdam","Amsterdam","Noord-Holland",false,52.391018,4.924847,"injury","2","clear",false,1,"GM0363"
"20240022453",2024,"Letsel",1,"Fiets",\N,"Onbekend",\N,50,\N,"Duisternis",\N,\N,\N,"Erasmuslaan","Bergen op Zoom","Bergen op Zoom","Noord-Brabant",false,51.489138,4.291247,"injury","2","unknown",false,1,"GM0748"
"20240153000",2024,"Uitsluitend materiele schade",2,"Personenauto","Fiets","Flank","Rechte weg",50,"Niet brandend","Daglicht","Regen",\N,"601174918","Van der Aartweg","Haarlem","Haarlem","Noord-Holland",false,52.421711,4.651994,"material damage only","4","rain",false,1,"GM0392"
"20240007995",2024,"Letsel",2,"Personenauto","Fiets","Frontaal","Rechte weg",50,"Niet brandend","Daglicht","Regen",\N,"600725868","Bachlaan","Voorschoten","Voorschoten","Zuid-Holland",false,52.129608,4.450871,"injury","2","rain",false,1,"GM0626"
"20240010091",2024,"Letsel",2,"Personenauto","Fiets","Onbekend","Kruispunt, 3 takken",50,"Niet brandend","Daglicht","Droog",\N,\N,"Vredensestraat","Winterswijk","Winterswijk","Gelderland",false,51.97463,6.724811,"injury","2","clear",false,1,"GM0294"
"20240022973",2024,"Letsel",2,"Fiets","Bromfiets","Flank","Kruispunt, 3 takken",30,"Brandend","Duisternis","Droog","Tunnel",\N,"Churchilllaan","Leiden","Leiden","Zuid-Holland",false,52.154939,4.472344,"injury","2","clear",false,1,"GM0546"
"20240023420",2024,"Letsel",2,"Personenauto","Fiets","Flank","Rotonde",50,"Brandend","Duisternis","Droog",\N,\N,"Vlietlaan","Ridderkerk","Ridderkerk","Zuid-Holland",false,51.867471,4.606621,"injury","2","clear",false,1,"GM0597"
"20240153742",2024,"Uitsluitend materiele schade",1,"Fiets",\N,"Onbekend","Rechte weg",30,"Brandend","Duisternis","Regen",\N,"600111882","Strevelsweg","Rotterdam","Rotterdam","Zuid-Holland",false,51.889639,4.50123,"material damage only","4","rain",false,1,"GM0599"
"20230109411",2023,"Uitsluitend materiele schade",2,"Personenauto","Fiets","Flank","Rotonde",50,"Brandend","Schemer","Droog",\N,\N,"van Voorststraat","Huissen","Lingewaard","Gelderland",false,51.938331,5.939206,"material damage only","4","clear",false,1,"GM1705"
"20230112402",2023,"Letsel",2,"Bromfiets","Fiets","Onbekend","Kruispunt, 3 takken",30,"Niet brandend","Daglicht","Droog",\N,\N,"Veenendaalkade","'s-Gravenhage","'s-Gravenhage","Zuid-Holland",false,52.057288,4.26611,"injury","2","clear",false,1,"GM0518"
"20240001294",2024,"Uitsluitend materiele schade",2,"Personenauto","Fiets","Los voorwerp","Rotonde",50,"Niet brandend","Daglicht","Droog",\N,\N,"Plantijnlaan","Etten-Leur","Etten-Leur","Noord-Brabant",false,51.585288,4.643853,"material damage only","4","clear",false,1,"GM0777"
"20240002502",2024,"Uitsluitend materiele schade",2,"Personenauto","Fiets","Flank","Kruispunt, 3 takken",50,"Niet brandend","Daglicht","Droog",\N,\N,"Raadhuislaan","Tegelen","Venlo","Limburg",false,51.340355,6.140849,"material damage only","4","clear",false,1,"GM0983"
"20240005606",2024,"Uitsluitend materiele schade",2,"Personenauto","Fiets","Flank","Rechte weg",50,"Niet brandend","Daglicht","Droog",\N,"297283004","Romeinenbaan","Wijk bij Duurstede","Wijk bij Duurstede","Utrecht",false,51.96527,5.301657,"material damage only","4","clear",false,1,"GM0352"
"20240010129",2024,"Letsel",2,"Personenauto","Fiets","Flank","Rechte weg",50,"Niet aanwezig","Daglicht","Droog",\N,"398327002","Welvaartsdwarsweg","Klarenbeek","Apeldoorn","Gelderland",false,52.156853,6.034387,"injury","2","clear",false,1,"GM0200"
"20240023991",2024,"Uitsluitend materiele schade",2,"Personenauto","Fiets","Flank","Rechte weg",50,"Niet brandend","Daglicht","Droog",\N,"324165071","Geldropseweg","Eindhoven","Eindhoven","Noord-Brabant",false,51.432519,5.491747,"material damage only","4","clear",false,1,"GM0772"
"20240155218",2024,"Letsel",1,"Fiets",\N,"Onbekend","Rechte weg",30,"Brandend","Duisternis","Regen",\N,"600205059","2e De Riemerstraat","'s-Gravenhage","'s-Gravenhage","Zuid-Holland",false,52.080964,4.299139,"injury","2","rain",false,1,"GM0518"
"20230112447",2023,"Letsel",2,"Fiets","Overig vast object","Vast voorwerp","Rechte weg",50,"Niet brandend","Daglicht","Droog",\N,"600194736","Wildlaan","Noordwijkerhout","Noordwijk","Zuid-Holland",false,52.257983,4.497913,"injury","2","clear",false,1,"GM0575"
"20240156683",2024,"Uitsluitend materiele schade",2,"Bestelauto","Fiets","Flank","Kruispunt, 4 takken",50,"Niet brandend","Daglicht","Droog",\N,\N,"Zwartvenseweg","Tilburg","Tilburg","Noord-Brabant",false,51.573994,5.037328,"material damage only","4","clear",false,1,"GM0855"
"20240009770",2024,"Letsel",2,"Personenauto","Fiets","Flank","Kruispunt, 4 takken",50,"Niet brandend","Daglicht","Regen",\N,\N,"Bornsesteeg","Wageningen","Wageningen","Gelderland",false,51.991462,5.656897,"injury","2","rain",false,1,"GM0289"
"20240017651",2024,"Uitsluitend materiele schade",2,"Bestelauto","Fiets","Flank","Rotonde",50,"Niet brandend","Daglicht","Droog",\N,\N,"Berglaan","Drachten","Smallingerland","Friesland",false,53.103107,6.098708,"material damage only","4","clear",false,1,"GM0090"
"20240154472",2024,"Letsel",2,"Fiets","Overig vast object","Vast voorwerp","Rechte weg",\N,"Niet brandend","Daglicht","Harde windstoten/Regen",\N,"184329036","Sylviusweg","Leiden","Leiden","Zuid-Holland",false,52.168361,4.468085,"injury","2","unknown",false,1,"GM0546"
"20240012674",2024,"Letsel",2,"Personenauto","Fiets","Onbekend","Rotonde",50,"Niet brandend","Daglicht","Regen",\N,\N,"Papsouwselaan","Delft","Delft","Zuid-Holland",false,51.99737,4.355017,"injury","2","rain",false,1,"GM0503"
"20240019297",2024,"Uitsluitend materiele schade",3,"Personenauto","Fiets","Flank","Kruispunt, 3 takken",50,"Niet brandend","Daglicht","Droog",\N,\N,"Achterom","Hilversum","Hilversum","Noord-Holland",false,52.222874,5.181071,"material damage only","4","clear",false,1,"GM0402"
"20240018534",2024,"Uitsluitend materiele schade",2,"Personenauto","Fiets","Flank","Kruispunt, 3 takken",30,"Niet brandend","Daglicht","Regen",\N,\N,"De Koop","Hoogland","Amersfoort","Utrecht",false,52.180115,5.373811,"material damage only","4","rain",false,1,"GM0307"
"20240021196",2024,"Letsel",1,"Fiets",\N,"Eenzijdig","Rechte weg",15,"Brandend","Duisternis","Droog",\N,"216445003","Postweg","Schoorl","Bergen (NH)","Noord-Holland",false,52.690634,4.699035,"injury","2","clear",false,1,\N
"20240021614",2024,"Uitsluitend materiele schade",2,"Personenauto","Fiets","Flank","Kruispunt, 3 takken",30,"Niet brandend","Daglicht","Droog",\N,\N,"Krullenlaan","Bloemendaal","Bloemendaal","Noord-Holland",false,52.410673,4.626965,"material damage only","4","clear",false,1,"GM0377"
"20240025097",2024,"Uitsluitend materiele schade",2,"Snorfiets","Fiets","Onbekend","Kruispunt, 4 takken",\N,"Niet brandend","Daglicht","Droog",\N,\N,"Sterrenlaan","Eindhoven","Eindhoven","Noord-Brabant",false,51.466981,5.497177,"material damage only","4","clear",false,1,"GM0772"
"20230107825",2023,"Uitsluitend materiele schade",2,"Personenauto","Fiets","Onbekend","Kruispunt, 4 takken",50,"Brandend","Duisternis","Droog",\N,\N,"Hoogstraat","Rotterdam","Rotterdam","Zuid-Holland",false,51.922864,4.493637,"material damage only","4","clear",false,1,"GM0599"
"20230113162",2023,"Letsel",1,"Fiets",\N,"Eenzijdig","Rechte weg",30,"Brandend","Duisternis","Droog",\N,"221310051","Stationsweg","Bodegraven","Bodegraven-Reeuwijk","Zuid-Holland",false,52.082234,4.744784,"injury","2","clear",false,1,"GM1901"
"20240004703",2024,"Letsel",2,"Personenauto","Fiets","Flank","Kruispunt, 3 takken",50,"Niet brandend","Daglicht","Droog",\N,\N,"Hoofdstraat","Epe","Epe","Gelderland",false,52.353634,5.988448,"injury","2","clear",false,1,"GM0232"
"20230151637",2023,"Letsel",2,"Fiets","Brommobiel","Frontaal","Rechte weg",\N,"Niet brandend","Daglicht","Droog",\N,"600692879","Loevesteinse Randweg","Schiphol","Haarlemmermeer","Noord-Holland",false,52.318376,4.755839,"injury","2","clear",false,1,"GM0394"
"20240012183",2024,"Letsel",2,"Bromfiets","Fiets","Onbekend","Bocht",50,"Brandend","Duisternis","Regen",\N,"600720916","Zijdeweg","Wassenaar","Wassenaar","Zuid-Holland",false,52.105497,4.359718,"injury","2","rain",false,1,"GM0629"
"20240013647",2024,"Letsel",2,"Personenauto","Fiets","Flank","Kruispunt, 3 takken",50,"Brandend","Schemer","Regen",\N,\N,"Grevelingenweg","Hoorn","Hoorn","Noord-Holland",false,52.656249,5.096544,"injury","2","rain",false,1,"GM0405"
"20240153960",2024,"Uitsluitend materiele schade",2,"Bestelauto","Fiets","Onbekend","Rechte weg",30,"Niet aanwezig","Daglicht","Droog","Bus-/Tramhalte","220197097","Dreef","Breda","Breda","Noord-Brabant",false,51.574964,4.742789,"material damage only","4","clear",false,1,"GM0758"
"20240156250",2024,"Uitsluitend materiele schade",2,"Personenauto","Fiets","Onbekend",\N,30,\N,"Daglicht",\N,\N,"223199159","Nieuwe Huizen","Breda","Breda","Noord-Brabant",false,51.586237,4.766765,"material damage only","4","unknown",false,1,"GM0758"
"20240003584",2024,"Letsel",2,"Personenauto","Fiets","Flank","Kruispunt, 3 takken",50,"Brandend","Duisternis","Droog",\N,\N,"Provincialeweg","Sebaldeburen","Westerkwartier","Groningen",false,53.221033,6.314852,"injury","2","clear",false,1,"GM1969"
"20240014074",2024,"Uitsluitend materiele schade",2,"Personenauto","Fiets","Flank","Kruispunt, 4 takken",50,"Niet brandend","Daglicht","Droog",\N,\N,"Burg Heusdenslaan","Vlaardingen","Schiedam","Zuid-Holland",false,51.923486,4.363283,"material damage only","4","clear",false,1,"GM0606"
"20240015256",2024,"Uitsluitend materiele schade",2,"Bestelauto","Fiets","Flank","Kruispunt, 4 takken",50,"Niet brandend","Schemer","Droog",\N,\N,"Industrieweg","Zierikzee","Schouwen-Duiveland","Zeeland",false,51.642078,3.920831,"material damage only","4","clear",false,1,"GM1676"
"20240152053",2024,"Uitsluitend materiele schade",2,"Personenauto","Fiets","Flank","Kruispunt, 4 takken",30,"Brandend","Duisternis","Droog",\N,\N,"Willem Barentszlaan","Gouda","Gouda","Zuid-Holland",false,52.02409,4.696824,"material damage only","4","clear",false,1,"GM0513"
"20230111464",2023,"Letsel",2,"Motor","Fiets","Frontaal","Rechte weg",50,"Brandend","Duisternis","Regen","Spoorwegovergang",\N,"IJdoornlaan","Amsterdam","Amsterdam","Noord-Holland",false,52.397727,4.950371,"injury","2","rain",false,1,"GM0363"
"20240014719",2024,"Uitsluitend materiele schade",2,"Personenauto","Fiets","Flank","Kruispunt, 4 takken",30,"Niet aanwezig","Daglicht","Droog",\N,\N,"Ravelstraat","Bergen op Zoom","Bergen op Zoom","Noord-Brabant",false,51.499876,4.29341,"material damage only","4","clear",false,1,"GM0748"
"20240016056",2024,"Letsel",2,"Personenauto","Fiets","Flank","Rechte weg",50,"Brandend","Duisternis","Regen",\N,"377065061","Leyenbroekerweg","Sittard","Sittard-Geleen","Limburg",false,50.985222,5.866978,"injury","2","rain",false,1,"GM1883"
"20230109747",2023,"Uitsluitend materiele schade",2,"Personenauto","Fiets","Flank","Kruispunt, 3 takken",50,"Brandend","Duisternis","Droog",\N,\N,"Burg Schneiderlaan","Roosendaal","Roosendaal","Noord-Brabant",false,51.531914,4.475615,"material damage only","4","clear",false,1,"GM1674"
"20240006000",2024,"Uitsluitend materiele schade",3,"Personenauto","Fiets","Onbekend","Rechte weg",80,"Niet aanwezig","Duisternis","Droog",\N,"251330002","Portengense Zuwe","Breukelen","Stichtse Vecht","Utrecht",false,52.175442,4.967159,"material damage only","4","clear",false,1,"GM1904"
"20240013103",2024,"Uitsluitend materiele schade",2,"Fiets","Fiets","Flank","Rechte weg",30,"Brandend","Duisternis","Regen",\N,"600537429","Julianaplein","Amsterdam","Amsterdam","Noord-Holland",false,52.347456,4.918713,"material damage only","4","rain",false,1,"GM0363"
"20240015879",2024,"Uitsluitend materiele schade",2,"Personenauto","Fiets","Flank","Kruispunt, 4 takken",30,"Brandend","Schemer","Droog",\N,\N,"Europalaan","Valkenswaard","Valkenswaard","Noord-Brabant",false,51.35069,5.465123,"material damage only","4","clear",false,1,"GM0858"
"20240016247",2024,"Uitsluitend materiele schade",2,"Personenauto","Fiets","Onbekend","Kruispunt, 4 takken",30,"Niet brandend","Daglicht","Regen",\N,\N,"Gladiolenstraat","Helmond","Helmond","Noord-Brabant",false,51.478198,5.675498,"material damage only","4","rain",false,1,"GM0794"
"20240153444",2024,"Letsel",2,"Fiets","Trein/tram","Flank","Kruispunt, 4 takken",30,"Brandend","Duisternis","Droog",\N,\N,"Nassaukade","Amsterdam","Amsterdam","Noord-Holland",false,52.368335,4.876311,"injury","2","clear",false,1,"GM0363"
"20240021277",2024,"Letsel",2,"Fiets","Voetganger","Voetganger","Rechte weg",30,"Niet brandend","Daglicht","Droog",\N,"231402086","Faunastraat","Wormer","Wormerland","Noord-Holland",false,52.499087,4.812545,"injury","2","clear",false,1,"GM0880"
"20240021316",2024,"Uitsluitend materiele schade",2,"Personenauto","Fiets","Onbekend","Kruispunt, 4 takken",30,"Brandend","Duisternis","Regen",\N,\N,"0097 BRUG","Amsterdam","Amsterdam","Noord-Holland",false,52.361668,4.887126,"material damage only","4","rain",false,1,"GM0363"
"20240021329",2024,"Letsel",2,"Snorfiets","Fiets","Frontaal","Rotonde",30,"Brandend","Schemer",\N,\N,\N,"Ookmeerweg","Amsterdam","Amsterdam","Noord-Holland",false,52.362944,4.787255,"injury","2","unknown",false,1,"GM0363"
"20240022659",2024,"Letsel",2,"Fiets","Voetganger","Voetganger","Rechte weg",30,"Niet brandend","Daglicht","Droog",\N,"601108188","Olympiaweg","Rotterdam","Rotterdam","Zuid-Holland",false,51.889321,4.524147,"injury","2","clear",false,1,"GM0599"
"20240023354",2024,"Letsel",2,"Bromfiets","Fiets","Frontaal","Rechte weg",\N,"Brandend","Duisternis","Droog",\N,"201321049","Willem de Zwijgerlaan","Koudekerk aan den Rijn","Alphen aan den Rijn","Zuid-Holland",false,52.133723,4.597664,"injury","2","clear",false,1,"GM0484"
"20240000380",2024,"Letsel",2,"Snorfiets","Fiets","Onbekend","Rechte weg",30,"Niet brandend","Daglicht","Droog","Brug/viaduct","207241044","Jan Blankenpad","Dordrecht","Dordrecht","Zuid-Holland",false,51.775442,4.648211,"injury","2","clear",false,1,"GM0505"
"20230111036",2023,"Letsel",1,"Fiets",\N,"Eenzijdig","Rechte weg",60,"Niet brandend","Daglicht","Droog",\N,\N,"Zwetkade Noord","Wateringen","Westland","Zuid-Holland",false,52.004795,4.285265,"injury","2","clear",false,1,"GM1783"
"20240029101",2024,"Uitsluitend materiele schade",2,"Personenauto","Fiets","Flank","Rotonde",50,"Niet brandend","Daglicht","Droog",\N,\N,"Hamburgerweg","Ermelo","Ermelo","Gelderland",false,52.295665,5.61723,"material damage only","4","clear",false,1,"GM0233"
"20230066783",2023,"Letsel",3,"Personenauto","Fiets","Onbekend","Kruispunt, 4 takken",50,"Niet brandend","Daglicht","Droog",\N,\N,"De Clercqstraat","Amsterdam","Amsterdam","Noord-Holland",false,52.37172,4.873994,"injury","2","clear",false,1,"GM0363"
"20240026727",2024,"Uitsluitend materiele schade",2,"Personenauto","Fiets","Flank","Kruispunt, 4 takken",30,"Niet brandend","Daglicht","Droog",\N,\N,"Jacob van Campenstraat","Almelo","Almelo","Overijssel",false,52.3474,6.647427,"material damage only","4","clear",false,1,"GM0141"
"20240027296",2024,"Uitsluitend materiele schade",2,"Personenauto","Fiets","Flank","Kruispunt, 3 takken",50,"Niet brandend","Daglicht","Regen","Tankstation",\N,"Rondweg","Emmen","Emmen","Drenthe",false,52.762499,6.909237,"material damage only","4","rain",false,1,"GM0114"
"20230024886",2023,"Uitsluitend materiele schade",2,"Bromfiets","Fiets","Flank","Kruispunt, 3 takken",50,"Brandend","Duisternis","Droog",\N,\N,"Breekade","Spijkenisse","Nissewaard","Zuid-Holland",false,51.847758,4.321077,"material damage only","4","clear",false,1,"GM1930"
"20230026007",2023,"Letsel",2,"Personenauto","Fiets","Onbekend","Kruispunt, 4 takken",30,"Niet brandend","Daglicht","Droog",\N,\N,"Aleidastraat","Schiedam","Schiedam","Zuid-Holland",false,51.911217,4.390639,"injury","2","clear",false,1,"GM0606"
"20230028302",2023,"Uitsluitend materiele schade",2,"Personenauto","Fiets","Onbekend","Kruispunt, 4 takken",50,"Niet brandend","Daglicht","Droog",\N,\N,"Zevenheuvelenweg","Tilburg","Tilburg","Noord-Brabant",false,51.584071,5.065849,"material damage only","4","clear",false,1,"GM0855"
"20240029487",2024,"Letsel",2,"Personenauto","Fiets","Flank","Rechte weg",50,"Niet brandend","Daglicht","Droog",\N,"207335008","Noorderhem","Roelofarendsveen","Kaag en Braassem","Zuid-Holland",false,52.195821,4.638848,"injury","2","clear",false,1,"GM1884"
"20230066803",2023,"Letsel",2,"Personenauto","Fiets","Flank","Rechte weg",60,"Niet brandend","Daglicht","Droog",\N,"214377007","Haarlemmerstraatweg","Haarlemmerliede","Haarlemmermeer","Noord-Holland",false,52.383444,4.68864,"injury","2","clear",false,1,"GM0394"
"20230067006",2023,"Uitsluitend materiele schade",2,"Personenauto","Fiets","Flank","Kruispunt, 4 takken",30,"Niet brandend","Daglicht","Droog",\N,\N,"Otterstraat","Almere","Almere","Flevoland",false,52.386571,5.269635,"material damage only","4","clear",false,1,"GM0034"
"20230067011",2023,"Letsel",2,"Personenauto","e-bike","Flank","Kruispunt, 4 takken",30,"Niet brandend","Daglicht","Droog",\N,\N,"De Wetstraat","IJmuiden","Velsen","Noord-Holland",false,52.462009,4.597279,"injury","2","clear",false,1,"GM0453"
"20230069643",2023,"Letsel",2,"Fiets","Fiets","Onbekend","Rechte weg",30,"Niet brandend","Daglicht","Droog",\N,"600729540","Jacoba van Beierenweg","Voorhout","Teylingen","Zuid-Holland",false,52.225333,4.48747,"injury","2","clear",false,1,"GM1525"
"20230021449",2023,"Letsel",2,"Bus","Fiets","Flank","Kruispunt, 3 takken",30,"Niet brandend","Daglicht","Regen/Sneeuw/Hagel",\N,\N,"Stationsplein","Leiden","Leiden","Zuid-Holland",false,52.165764,4.483314,"injury","2","unknown",false,1,"GM0546"
"20230024334",2023,"Letsel",3,"Fiets","Fiets","Onbekend","Rechte weg",50,"Niet brandend","Daglicht","Droog",\N,\N,"Stadhouderskade","Amsterdam","Amsterdam","Noord-Holland",false,52.357976,4.890928,"injury","2","clear",false,1,"GM0363"
"20230067187",2023,"Letsel",2,"Bromfiets","Fiets","Flank","Rechte weg",30,"Niet brandend","Daglicht","Droog",\N,"242376103","De Ruijterkade","Amsterdam","Amsterdam","Noord-Holland",false,52.382427,4.895005,"injury","2","clear",false,1,"GM0363"
"20230067198",2023,"Letsel",2,"Fiets","e-bike","Frontaal","Kruispunt, 3 takken",50,"Niet brandend","Daglicht","Droog",\N,\N,"Bohnweg","Haarlem","Haarlem","Noord-Holland",false,52.385679,4.671903,"injury","2","clear",false,1,"GM0392"
"20230024375",2023,"Letsel",3,"Fiets","Personenauto","Onbekend","Kruispunt, 4 takken",50,"Niet brandend","Daglicht","Droog",\N,\N,"Kruistochtstraat","Haarlem","Haarlem","Noord-Holland",false,52.376628,4.649428,"injury","2","clear",false,1,"GM0392"
"20230067202",2023,"Uitsluitend materiele schade",2,"Snorfiets","Fiets","Flank","Kruispunt, 3 takken",30,"Niet brandend","Daglicht","Droog",\N,\N,"Haarlemmerweg","Amsterdam","Amsterdam","Noord-Holland",false,52.385456,4.874981,"material damage only","4","clear",false,1,"GM0363"
"20230067410",2023,"Letsel",2,"Fiets","Overig vast object","Vast voorwerp","Rechte weg",30,"Niet brandend","Daglicht","Droog","Brug/viaduct","213369115","Bastion","Vijfhuizen","Haarlemmermeer","Noord-Holland",false,52.348748,4.678927,"injury","2","clear",false,1,"GM0394"
"20230014618",2023,"Uitsluitend materiele schade",3,"Fiets","Fiets","Onbekend","Rechte weg",60,"Niet aanwezig","Daglicht","Droog",\N,"266249002","Leuvensveldseweg","Brakel","Zaltbommel","Gelderland",false,51.812924,5.072744,"material damage only","4","clear",false,1,"GM0297"
"20230016370",2023,"Uitsluitend materiele schade",2,"Personenauto","Fiets","Flank","Kruispunt, 4 takken",50,"Brandend","Duisternis","Droog",\N,\N,"Amsterdamsestraatweg","Utrecht","Utrecht","Utrecht",false,52.105118,5.092361,"material damage only","4","clear",false,1,"GM0344"
"20240029682",2024,"Letsel",1,"Fiets",\N,"Onbekend","Kruispunt, 3 takken",30,"Niet brandend","Daglicht","Droog",\N,\N,"Leidsestraat","Hillegom","Hillegom","Zuid-Holland",false,52.288295,4.576671,"injury","2","clear",false,1,"GM0534"
"20230035736",2023,"Uitsluitend materiele schade",4,"Personenauto","Fiets","Onbekend","Bocht",50,"Niet brandend","Daglicht","Droog",\N,"408368019","K v Limburg Stirumstr","Olst","Olst-Wijhe","Overijssel",false,52.343508,6.110705,"material damage only","4","clear",false,1,"GM1773"
"20230076437",2023,"Letsel",2,"Personenauto","Fiets","Frontaal","Kruispunt, 4 takken",30,"Niet brandend","Daglicht","Droog",\N,\N,"Watercipresstraat","Almere","Almere","Flevoland",false,52.376153,5.243128,"injury","2","clear",false,1,"GM0034"
"20230033018",2023,"Uitsluitend materiele schade",2,"Fiets","Personenauto","Flank","Rotonde",50,"Niet brandend","Daglicht","Regen",\N,\N,"Stadionlaan","'s-Hertogenbosch","'s-Hertogenbosch","Noord-Brabant",false,51.702081,5.327592,"material damage only","4","rain",false,1,"GM0796"
"20230033226",2023,"Letsel",2,"Bestelauto","Fiets","Flank","Rotonde",50,"Niet brandend","Daglicht","Droog",\N,\N,"De Ster","Roermond","Roermond","Limburg",false,51.193101,5.98333,"injury","2","clear",false,1,"GM0957"
"20230067479",2023,"Letsel",1,"Fiets",\N,"Eenzijdig","Rechte weg",50,"Niet brandend","Daglicht","Droog",\N,"230467049","Nieuwe Laagzijde","Schagen","Schagen","Noord-Holland",false,52.787804,4.80155,"injury","2","clear",false,1,"GM0441"
"20230069760",2023,"Letsel",2,"Personenauto","Fiets","Onbekend","Rotonde",50,"Niet brandend","Daglicht","Droog",\N,\N,"Westduinweg","'s-Gravenhage","'s-Gravenhage","Zuid-Holland",false,52.099936,4.27283,"injury","2","clear",false,1,"GM0518"
"20230077291",2023,"Uitsluitend materiele schade",2,"Personenauto","Fiets","Flank","Rotonde",50,"Niet brandend","Daglicht","Droog",\N,\N,"Clauslaan","Zoetermeer","Zoetermeer","Zuid-Holland",false,52.055989,4.489836,"material damage only","4","clear",false,1,"GM0637"
"20230015287",2023,"Letsel",2,"Fiets",\N,"Eenzijdig","Kruispunt, 3 takken",50,"Niet brandend","Daglicht","Droog",\N,\N,"Van Heukelomlaan","Utrecht","Utrecht","Utrecht",false,52.11767,5.078586,"injury","2","clear",false,1,"GM0344"
"20240026105",2024,"Uitsluitend materiele schade",2,"Personenauto","Fiets","Flank","Rechte weg",50,"Niet brandend","Daglicht","Droog",\N,"403310012","Harderwijkerweg","Laag-Soeren","Rheden","Gelderland",false,52.085128,6.073169,"material damage only","4","clear",false,1,"GM0275"
"20230016995",2023,"Letsel",2,"Fiets","Bromfiets","Frontaal","Bocht",15,"Niet brandend","Daglicht","Droog","Tunnel","600756489","Provincialeweg","Zaandam","Zaanstad","Noord-Holland",false,52.447147,4.807647,"injury","2","clear",false,1,"GM0479"