"accident_id","year","severity_raw","party_count","party1_type","party2_type","accident_type","road_situation","speed_limit_kmh","road_lighting","light_condition_label","weather_raw","infra_type","road_segment_id","street_name","place_name","gemeente_name_raw","province","alcohol_indicated","latitude","longitude","severity_label","severity_code","weather_label","built_up_area","cyclists_involved","gemeente_code"
"20220046353",2022,"Uitsluitend materiele schade",2,"Personenauto","Fiets","Flank","Kruispunt, 4 takken",50,"Niet brandend","Daglicht","Droog",\N,\N,"Eikenlaan","Wierden","Wierden","Overijssel",false,52.356746,6.597001,"material damage only","4","clear",false,1,"GM0189"
"20220083641",2022,"Letsel",2,"Personenauto","Fiets","Flank","Rechte weg",50,"Niet brandend","Daglicht","Droog",\N,"156307045","Den Helderstraat","'s-Gravenhage","'s-Gravenhage","Zuid-Holland",false,52.064784,4.26705,"injury","2","clear",false,1,"GM0518"
"20220089591",2022,"Letsel",2,"e-bike","Overig vast object","Vast voorwerp","Rechte weg",\N,"Niet brandend","Daglicht","Droog","Brug/viaduct",\N,"Huygensweg","Veghel","Meierijstad","Noord-Brabant",false,51.615846,5.512456,"injury","2","clear",false,1,"GM1948"
"20220093394",2022,"Letsel",2,"Personenauto","Fiets","Flank","Kruispunt, 4 takken",30,"Niet brandend","Daglicht","Droog",\N,\N,"Burgemeester Drijberweg","Hurdegaryp","Tytsjerksteradiel","Friesland",false,53.213175,5.941101,"injury","2","clear",false,1,"GM0737"
"20220013105",2022,"Uitsluitend materiele schade",2,"Fiets","Personenauto","Flank","Kruispunt, 3 takken",30,"Niet brandend","Daglicht","Droog",\N,\N,"Hondsdraf","Zwaag","Hoorn","Noord-Holland",false,52.668118,5.044221,"material damage only","4","clear",false,1,"GM0405"
"20220022546",2022,"Uitsluitend materiele schade",2,"Personenauto","e-bike","Flank","Rechte weg",15,"Brandend","Duisternis","Droog",\N,\N,"Laan op Zuid","Rotterdam","Rotterdam","Zuid-Holland",false,51.908057,4.493141,"material damage only","4","clear",false,1,"GM0599"
"20220058096",2022,"Letsel",1,"e-bike",\N,"Eenzijdig","Rechte weg",15,"Niet brandend","Daglicht","Droog",\N,"182324016","Gebr de Wittplantsoen","Voorschoten","Voorschoten","Zuid-Holland",false,52.144192,4.455266,"injury","2","clear",false,1,"GM0626"
"20220060576",2022,"Letsel",2,"Fiets","Fiets","Onbekend","Rechte weg",50,"Brandend","Duisternis","Droog",\N,"600373594","Burg Heusdenslaan","Vlaardingen","Vlaardingen","Zuid-Holland",false,51.919486,4.340974,"injury","2","clear",false,1,"GM0622"
"20220065396",2022,"Uitsluitend materiele schade",2,"Vrachtauto","Fiets","Onbekend","Rechte weg",30,"Niet brandend","Daglicht","Droog",\N,"224200230","Prinsenkade","Breda","Breda","Noord-Brabant",false,51.58922,4.771858,"material damage only","4","clear",false,1,"GM0758"
"20220066842",2022,"Uitsluitend materiele schade",2,"Personenauto","Fiets","Flank","Kruispunt, 4 takken",60,"Niet brandend","Daglicht","Droog",\N,\N,"Esp","Bakel","Gemert-Bakel","Noord-Brabant",false,51.519248,5.721505,"material damage only","4","clear",false,1,"GM1652"
"20220079131",2022,"Letsel",2,"Personenauto","Fiets","Frontaal","Kruispunt, 3 takken",30,"Niet brandend","Daglicht","Droog",\N,\N,"Borneostraat","Wormerveer","Zaanstad","Noord-Holland",false,52.48605,4.805844,"injury","2","clear",false,1,"GM0479"
"20220089718",2022,"Uitsluitend materiele schade",2,"Personenauto","Fiets","Flank","Rotonde",30,"Niet brandend","Daglicht","Droog",\N,\N,"Stationsweg","'s-Hertogenbosch","'s-Hertogenbosch","Noord-Brabant",false,51.690395,5.296314,"material damage only","4","clear",false,1,"GM0796"
"20220033809",2022,"Uitsluitend materiele schade",2,"Personenauto","Fiets","Flank","Kruispunt, 4 takken",30,"Niet brandend","Daglicht","Droog",\N,\N,"Jan Steenlaan","Lochem","Lochem","Gelderland",false,52.157324,6.40574,"material damage only","4","clear",false,1,"GM0262"
"20220082885",2022,"Letsel",2,"e-bike","Fiets","Onbekend","Rechte weg",50,"Brandend","Duisternis","Droog",\N,"161311028","Parkstraat","'s-Gravenhage","'s-Gravenhage","Zuid-Holland",false,52.083849,4.307257,"injury","2","clear",false,1,"GM0518"
"20220110452",2022,"Letsel",2,"Personenauto","Fiets","Flank","Kruispunt, 4 takken",50,"Brandend","Duisternis","Droog",\N,\N,"Ringbaan-West","Tilburg","Tilburg","Noord-Brabant",false,51.556332,5.063741,"injury","2","clear",false,1,"GM0855"
"20220016813",2022,"Letsel",3,"Personenauto","Fiets","Los voorwerp","Kruispunt, 3 takken",50,"Niet brandend","Daglicht","Droog",\N,\N,"Zeeburgerdijk","Amsterdam","Amsterdam","Noord-Holland",false,52.366124,4.937973,"injury","2","clear",false,1,"GM0363"
"20220020026",2022,"Letsel",1,"Fiets",\N,"Eenzijdig","Rechte weg",\N,"Niet aanwezig","Schemer","Droog",\N,"600419700","Baarsjeskade","Reeuwijk","Bodegraven-Reeuwijk","Zuid-Holland",false,52.04171,4.696165,"injury","2","clear",false,1,"GM1901"
"20220056807",2022,"Letsel",3,"Fiets","Dier","Dier","Rechte weg",30,"Brandend","Duisternis","Droog",\N,"204268029","Bouwvereniging","Krimpen aan de Lek","Krimpenerwaard","Zuid-Holland",false,51.893263,4.621891,"injury","2","clear",false,1,"GM1931"
"20220059499",2022,"Uitsluitend materiele schade",2,"Personenauto","Fiets","Geparkeerd voertuig","Rechte weg",50,"Brandend","Duisternis","Droog","Parkeervoorziening","600942119","Dr. Lelykade","'s-Gravenhage","'s-Gravenhage","Zuid-Holland",false,52.098366,4.270311,"material damage only","4","clear",false,1,"GM0518"
"20220082912",2022,"Letsel",2,"Bestelauto","Fiets","Flank","Kruispunt, 4 takken",50,"Niet brandend","Daglicht","Droog","Brug/viaduct",\N,"Lage Gouwe","Gouda","Gouda","Zuid-Holland",false,52.011719,4.704495,"injury","2","clear",false,1,"GM0513"
"20220086316",2022,"Letsel",2,"Fiets","Fiets","Onbekend","Rechte weg",50,"Brandend","Duisternis","Droog",\N,"600723101","Rotterdamsedijk","Schiedam","Schiedam","Zuid-Holland",false,51.914275,4.410546,"injury","2","clear",false,1,"GM0606"
"20220033989",2022,"Uitsluitend materiele schade",2,"Scootmobiel","Fiets","Flank","Kruispunt, 4 takken",30,"Niet brandend","Daglicht",\N,\N,\N,"Lünenstraat","Zwolle","Zwolle","Overijssel",false,52.502518,6.086296,"material damage only","4","unknown",false,1,"GM0193"
"20220034001",2022,"Uitsluitend materiele schade",2,"Bestelauto","Fiets","Flank",\N,80,"Brandend","Duisternis","Droog",\N,"352318015","Lage Valkseweg","Wekerom","Ede","Gelderland",false,52.121153,5.697842,"material damage only","4","clear",false,1,"GM0228"
"20220060919",2022,"Letsel",2,"Fiets","Overig vast object","Vast voorwerp","Kruispunt, 3 takken",50,"Niet brandend","Daglicht",\N,\N,\N,"Valeriusrondeel","Capelle aan den IJssel","Capelle aan den IJssel","Zuid-Holland",false,51.923225,4.575281,"injury","2","unknown",false,1,"GM0502"
"20220079389",2022,"Letsel",3,"Fiets","e-bike","Onbekend","Rechte weg",50,"Niet brandend","Daglicht","Droog",\N,"601031639","Minister van Houtenlaan","Velsen-Zuid","Velsen","Noord-Holland",false,52.461861,4.633107,"injury","2","clear",false,1,"GM0453"
"20220104566",2022,"Letsel",2,"Motor","Fiets","Flank","Kruispunt, 4 takken",50,"Brandend","Daglicht","Droog",\N,\N,"Prinses Beatrixlaan","Rijswijk","Rijswijk","Zuid-Holland",false,52.038277,4.311024,"injury","2","clear",false,1,\N
"20220017402",2022,"Uitsluitend materiele schade",2,"Bestelauto","Fiets","Flank","Kruispunt, 4 takken",50,"Brandend","Schemer",\N,\N,\N,"De Genestetlaan","'s-Gravenhage","'s-Gravenhage","Zuid-Holland",false,52.058563,4.321506,"material damage only","4","unknown",false,1,"GM0518"
"20220039873",2022,"Letsel",2,"Personenauto","Fiets","Flank","Kruispunt, 3 takken",80,"Niet brandend","Daglicht","Droog",\N,\N,"Bosserheide","Well L","Bergen (L)","Limburg",false,51.55755,6.093802,"injury","2","clear",false,1,\N
"20220082081",2022,"Letsel",2,"Bestelauto","Fiets","Kop/staart","Rechte weg",30,"Niet brandend","Daglicht","Droog",\N,"199356032","Haven","Hillegom","Hillegom","Zuid-Holland",false,52.290346,4.579194,"injury","2","clear",false,1,"GM0534"
"20220093070",2022,"Uitsluitend materiele schade",2,"Fiets","Personenauto","Flank","Kruispunt, 3 takken",50,"Niet brandend","Daglicht","Droog",\N,\N,"Parkallee","Groningen","Groningen","Groningen",false,53.237194,6.601651,"material damage only","4","clear",false,1,"GM0014"
"20220109843",2022,"Letsel",2,"Personenauto","Fiets","Flank","Rotonde",50,"Niet brandend","Daglicht","Droog",\N,\N,"Burg Schneiderlaan","Roosendaal","Roosendaal","Noord-Brabant",false,51.519478,4.45803,"injury","2","clear",false,1,"GM1674"
"20220105270",2022,"Letsel",3,"Fiets","Bestelauto","Onbekend","Rechte weg",50,"Niet brandend","Daglicht","Droog",\N,\N,"Spui","'s-Gravenhage","'s-Gravenhage","Zuid-Holland",false,52.077108,4.315646,"injury","2","clear",false,1,"GM0518"
"20220037931",2022,"Letsel",2,"Personenauto","Fiets","Flank","Kruispunt, 3 takken",50,"Niet brandend","Daglicht","Droog",\N,\N,"J.P. Heijeplein","Dordrecht","Dordrecht","Zuid-Holland",false,51.801317,4.665272,"injury","2","clear",false,1,"GM0505"
"20220046915",2022,"Uitsluitend materiele schade",3,"Personenauto","Fiets","Onbekend","Rechte weg",80,"Niet brandend","Daglicht","Droog",\N,"600689889","Provincialeweg","Velddriel","Maasdriel","Gelderland",false,51.76422,5.294912,"material damage only","4","clear",false,1,"GM0263"
"20220048131",2022,"Letsel",2,"Fiets","e-bike","Flank","Rechte weg",15,"Niet brandend","Daglicht","Droog",\N,"515343068","Korte Hengelosestraat","Enschede","Enschede","Overijssel",true,52.221786,6.892965,"injury","2","clear",false,1,"GM0153"
"20220054198",2022,"Letsel",2,"Fiets","Fiets","Flank","Rechte weg",50,"Niet brandend","Daglicht","Droog",\N,"240373024","Nassaukade","Amsterdam","Amsterdam","Noord-Holland",false,52.36535,4.878621,"injury","2","clear",false,1,"GM0363"
"20220058536",2022,"Letsel",1,"Fiets",\N,"Eenzijdig","Kruispunt, 4 takken",\N,"Brandend","Duisternis","Droog",\N,\N,"WAALSDORPERLAAN","'s-Gravenhage","'s-Gravenhage","Zuid-Holland",false,52.099295,4.346575,"injury","2","clear",false,1,"GM0518"
"20220094331",2022,"Uitsluitend materiele schade",2,"Bromfiets","Fiets","Flank","Rechte weg",50,"Niet brandend","Daglicht","Droog",\N,"444274042","Sint Jorisplein","Terborg","Oude IJsselstreek","Gelderland",false,51.919996,6.361816,"material damage only","4","clear",false,1,"GM1509"
"20220105898",2022,"Letsel",2,"Personenauto","Fiets","Frontaal","Rechte weg",30,"Niet brandend","Daglicht","Droog",\N,"176297014","Sportlaan","Pijnacker","Pijnacker-Nootdorp","Zuid-Holland",false,52.023192,4.41517,"injury","2","clear",false,1,"GM1926"
"20220106050",2022,"Letsel",2,"Personenauto","Fiets","Flank","Kruispunt, 3 takken",50,"Brandend","Daglicht",\N,\N,\N,"Kerkestoep","Krimpen aan de Lek","Krimpenerwaard","Zuid-Holland",false,51.892071,4.627962,"injury","2","unknown",false,1,"GM1931"
"20220106172",2022,"Letsel",2,"Motor","e-bike","Flank","Rechte weg",30,"Niet brandend","Daglicht","Droog",\N,"217294120","Fluwelensingel","Gouda","Gouda","Zuid-Holland",false,52.009123,4.715999,"injury","2","clear",false,1,"GM0513"
"20220025872",2022,"Uitsluitend materiele schade",1,"Fiets",\N,"Eenzijdig","Bocht",50,"Niet brandend","Daglicht","Droog",\N,"266196080","Dillenburglaan","Tilburg","Tilburg","Noord-Brabant",false,51.572208,5.071393,"material damage only","4","clear",false,1,"GM0855"
"20220072121",2022,"Letsel",2,"Fiets","Personenauto","Flank","Kruispunt, 4 takken",30,"Niet brandend","Daglicht","Droog",\N,\N,"Tjalling Wagenaarstraat","Drachten","Smallingerland","Friesland",false,53.103069,6.09048,"injury","2","clear",false,1,"GM0090"
"20220083263",2022,"Letsel",1,"e-bike",\N,"Eenzijdig","Kruispunt, 3 takken",50,"Niet brandend","Daglicht","Droog",\N,\N,"Pettendijk","Maasdijk","Westland","Zuid-Holland",false,51.969805,4.204346,"injury","2","clear",false,1,"GM1783"
"20220096667",2022,"Letsel",1,"e-bike",\N,"Eenzijdig","Rechte weg",50,"Niet brandend","Daglicht","Droog",\N,\N,"Hollandweg","Arnhem","Arnhem","Gelderland",false,51.961427,5.871188,"injury","2","clear",false,1,"GM0202"
"20220014399",2022,"Letsel",3,"Personenauto","Fiets","Flank","Kruispunt, 4 takken",50,"Niet brandend","Daglicht","Droog",\N,\N,"Heemsteedse Dreef","Heemstede","Heemstede","Noord-Holland",false,52.347224,4.623775,"injury","2","clear",false,1,"GM0397"
"20220023495",2022,"Uitsluitend materiele schade",2,"Personenauto","Fiets","Onbekend","Rechte weg",30,"Niet brandend","Daglicht","Droog",\N,"600361074","Van Swietenlaan","Rotterdam","Rotterdam","Zuid-Holland",false,51.886166,4.486103,"material damage only","4","clear",false,1,"GM0599"
"20220064224",2022,"Uitsluitend materiele schade",2,"Fiets","Personenauto","Geparkeerd voertuig","Rechte weg",15,"Niet brandend","Daglicht","Droog","Parkeervoorziening","600772048","Van Hogendorpplein","Goirle","Goirle","Noord-Brabant",false,51.51918,5.057018,"material damage only","4","clear",false,1,"GM0785"
"20220067569",2022,"Letsel",2,"Personenauto","Fiets","Flank","Kruispunt, 4 takken",50,"Niet brandend","Daglicht","Droog",\N,\N,"Peperstraat","Eindhoven","Eindhoven","Noord-Brabant",false,51.44938,5.466767,"injury","2","clear",false,1,"GM0772"
"20220081327",2022,"Uitsluitend materiele schade",2,"Fiets","Voetganger","Voetganger","Kruispunt, 4 takken",50,"Niet brandend","Daglicht","Droog","Brug/viaduct",\N,"Prinsengracht","Amsterdam","Amsterdam","Noord-Holland",false,52.375974,4.88458,"material damage only","4","clear",false,1,"GM0363"
"20220084225",2022,"Letsel",2,"Fiets","Fiets","Onbekend","Rechte weg",30,"Niet brandend","Daglicht","Droog",\N,\N,"Nieuwe Plantage","Delft","Delft","Zuid-Holland",false,52.01835,4.356492,"injury","2","clear",false,1,"GM0503"
"20220088291",2022,"Letsel",2,"Personenauto","Fiets","Flank","Rechte weg",50,"Niet brandend","Daglicht","Droog",\N,"265197054","Kraaivenstraat","Tilburg","Tilburg","Noord-Brabant",false,51.580229,5.064476,"injury","2","clear",false,1,"GM0855"
"20220095408",2022,"Uitsluitend materiele schade",3,"Personenauto","Fiets","Onbekend","Rechte weg",50,"Niet brandend","Daglicht","Droog",\N,"416349094","Brinkgreverweg","Deventer","Deventer","Overijssel",false,52.257679,6.166076,"material damage only","4","clear",false,1,"GM0150"
"20220036572",2022,"Letsel",2,"Personenauto","Fiets","Flank","Kruispunt, 4 takken",50,"Niet brandend","Daglicht","Droog",\N,\N,"De Bazelstraat","Leiden","Leiden","Zuid-Holland",false,52.14193,4.477284,"injury","2","clear",false,1,"GM0546"
"20220049984",2022,"Letsel",2,"Bestelauto","Fiets","Flank","Kruispunt, 4 takken",50,"Niet brandend","Daglicht","Droog",\N,\N,"Stuwweg","Lelystad","Lelystad","Flevoland",false,52.50106,5.446564,"injury","2","clear",false,1,"GM0995"
"20220055736",2022,"Uitsluitend materiele schade",2,"Personenauto","Fiets","Flank","Kruispunt, 4 takken",50,"Brandend","Duisternis","Droog",\N,\N,"Marnixstraat","Amsterdam","Amsterdam","Noord-Holland",false,52.368706,4.877971,"material damage only","4","clear",false,1,"GM0363"
"20220067663",2022,"Letsel",2,"Fiets","Fiets","Frontaal","Rechte weg",50,"Brandend","Duisternis","Droog","Spoorwegovergang","334240038","Zevenbergseweg","Berghem","Oss","Noord-Brabant",false,51.767498,5.564252,"injury","2","clear",false,1,"GM0828"
"20220072402",2022,"Uitsluitend materiele schade",2,"Personenauto","Fiets","Flank","Rechte weg",50,"Niet brandend","Daglicht","Droog",\N,"502352158","Oldenzaalsestraat","Hengelo","Hengelo (O)","Overijssel",false,52.268066,6.796599,"material damage only","4","clear",false,1,\N
"20220082477",2022,"Letsel",2,"Fiets","Bromfiets","Onbekend","Rechte weg",30,"Niet brandend","Daglicht","Droog",\N,"162309141","Dagelijkse Groenmarkt","'s-Gravenhage","'s-Gravenhage","Zuid-Holland",false,52.077968,4.309056,"injury","2","clear",false,1,"GM0518"
"20220020832",2022,"Letsel",2,"Personenauto","e-bike","Flank","Kruispunt, 4 takken",50,"Niet brandend","Daglicht","Droog",\N,\N,"Fahrenheitstraat","'s-Gravenhage","'s-Gravenhage","Zuid-Holland",false,52.076675,4.271291,"injury","2","clear",false,1,"GM0518"
"20220023756",2022,"Uitsluitend materiele schade",2,"Personenauto","Fiets","Flank","Kruispunt, 3 takken",50,"Brandend","Duisternis","Droog",\N,\N,"Oudedijk","Rotterdam","Rotterdam","Zuid-Holland",false,51.930307,4.502923,"material damage only","4","clear",false,1,"GM0599"
"20220100766",2022,"Letsel",2,"Trekker","Fiets","Onbekend","Rechte weg",30,"Niet brandend","Daglicht","Droog",\N,"600626350","Raaks","Haarlem","Haarlem","Noord-Holland",false,52.382113,4.629663,"injury","2","clear",false,1,"GM0392"
"20220104222",2022,"Uitsluitend materiele schade",2,"Bromfiets","Fiets","Onbekend",\N,30,\N,"Daglicht",\N,\N,"600390532","Spinozastraat","'s-Gravenhage","'s-Gravenhage","Zuid-Holland",false,52.072516,4.314587,"material damage only","4","unknown",false,1,"GM0518"
"20220018757",2022,"Letsel",1,"Fiets",\N,"Eenzijdig","Kruispunt, 3 takken",\N,"Niet brandend","Daglicht","Droog",\N,\N,"Verlengde Kerkeboslaan","Wassenaar","Wassenaar","Zuid-Holland",false,52.114397,4.372214,"injury","2","clear",false,1,"GM0629"
"20220063105",2022,"Letsel",2,"Personenauto","Fiets","Flank","Kruispunt, 3 takken",15,"Niet brandend","Daglicht","Droog",\N,"600916764","Laan van Hooglede","Vlaardingen","Vlaardingen","Zuid-Holland",false,51.923664,4.345557,"injury","2","clear",false,1,"GM0622"
"20220100057",2022,"Letsel",2,"Personenauto","Fiets","Flank","Kruispunt, 3 takken",50,"Niet brandend","Daglicht","Droog",\N,\N,"Albert Schweitzerlaan","Haarlem","Haarlem","Noord-Holland",false,52.354233,4.654877,"injury","2","clear",false,1,"GM0392"
"20220019066",2022,"Letsel",1,"Fiets",\N,"Eenzijdig","Bocht",50,"Brandend","Duisternis","Sneeuw/Hagel",\N,"600725834","Buytenparklaan","Zoetermeer","Zoetermeer","Zuid-Holland",false,52.068126,4.455432,"injury","2","unknown",false,1,"GM0637"
"20220021520",2022,"Uitsluitend materiele schade",2,"Snorfiets","Fiets","Flank","Rechte weg",\N,"Niet brandend","Daglicht","Droog",\N,"600596839","Waalhaven O.z.","Rotterdam","Rotterdam","Zuid-Holland",false,51.884256,4.456523,"material damage only","4","clear",false,1,"GM0599"
"20220034861",2022,"Letsel",2,"Bromfiets","Fiets","Onbekend","Rechte weg",50,"Brandend","Duisternis","Droog",\N,"277311083","Archimedeslaan","Utrecht","Utrecht","Utrecht",false,52.089815,5.154246,"injury","2","clear",false,1,"GM0344"
"20220057673",2022,"Letsel",2,"Fiets","Fiets","Onbekend","Rechte weg",50,"Brandend","Duisternis","Droog",\N,"186327123","Breestraat","Leiden","Leiden","Zuid-Holland",false,52.159785,4.487778,"injury","2","clear",false,1,"GM0546"
"20220103849",2022,"Letsel",2,"Fiets","Fiets","Frontaal","Rechte weg",50,"Niet brandend","Daglicht","Droog",\N,"600242284","Westvlietweg","Leidschendam","Leidschendam-Voorburg","Zuid-Holland",false,52.059689,4.352924,"injury","2","clear",false,1,"GM1916"
"20220104326",2022,"Letsel",2,"Personenauto","Fiets","Flank","Kruispunt, 4 takken",30,"Niet brandend","Daglicht","Droog",\N,\N,"Zilverschoon","Katwijk","Katwijk","Zuid-Holland",false,52.193498,4.410794,"injury","2","clear",false,1,"GM0537"
"20220108562",2022,"Uitsluitend materiele schade",2,"Personenauto","Fiets","Voetganger","Rechte weg",50,"Niet brandend","Daglicht","Regen",\N,"600726903","Slinge","Rotterdam","Rotterdam","Zuid-Holland",false,51.87478,4.469331,"material damage only","4","rain",false,1,"GM0599"
"20220075641",2022,"Uitsluitend materiele schade",2,"Fiets","Bromfiets","Flank","Rechte weg",50,"Niet brandend","Daglicht","Droog",\N,"600841124","Arnhemseweg","Apeldoorn","Apeldoorn","Gelderland",false,52.199082,5.959516,"material damage only","4","clear",false,1,"GM0200"
"20220047492",2022,"Uitsluitend materiele schade",2,"Bestelauto","Fiets","Flank","Rotonde",50,"Niet brandend","Daglicht","Droog",\N,\N,"Groenewoudseweg","Nijmegen","Nijmegen","Gelderland",false,51.82948,5.869957,"material damage only","4","clear",false,1,"GM0268"
"20220051850",2022,"Uitsluitend materiele schade",2,"Personenauto","Fiets","Flank","Rotonde",50,"Niet brandend","Daglicht","Droog",\N,\N,"Beethovenstraat","Heemskerk","Heemskerk","Noord-Holland",false,52.512677,4.677762,"material damage only","4","clear",false,1,"GM0396"
"20220056040",2022,"Letsel",1,"Fiets",\N,"Eenzijdig",\N,30,\N,"Daglicht",\N,\N,"600459494","Tweede Bloksweg","Waddinxveen","Waddinxveen","Zuid-Holland",false,52.029659,4.633075,"injury","2","unknown",false,1,"GM0627"
"20220057806",2022,"Letsel",2,"Snorfiets","Fiets","Frontaal","Rechte weg",50,"Niet brandend","Daglicht","Droog",\N,"600914360","Stamkartplein","'s-Gravenhage","'s-Gravenhage","Zuid-Holland",false,52.066451,4.323206,"injury","2","clear",false,1,"GM0518"
"20220060196",2022,"Uitsluitend materiele schade",2,"Personenauto","Fiets","Flank","Rechte weg",30,"Niet brandend","Daglicht","Droog",\N,"175305043","Vrouw Avenweg","'s-Gravenhage","'s-Gravenhage","Zuid-Holland",false,52.059958,4.403626,"material damage only","4","clear",false,1,"GM0518"
"20220063253",2022,"Letsel",2,"Personenauto","Fiets","Flank","Rotonde",50,"Niet brandend","Daglicht","Droog",\N,\N,"Groeninx van Zoelenlaan","Rotterdam","Rotterdam","Zuid-Holland",false,51.884762,4.558049,"injury","2","clear",false,1,"GM0599"
"20220073003",2022,"Letsel",2,"Personenauto","Fiets","Flank","Kruispunt, 4 takken",50,"Niet brandend","Daglicht","Droog",\N,\N,"Hendrik Jan v Opstallstr","Rijssen","Rijssen-Holten","Overijssel",false,52.302702,6.517142,"injury","2","clear",false,1,"GM1742"
"20220107691",2022,"Letsel",2,"Personenauto","Fiets","Flank","Kruispunt, 3 takken",50,"Niet brandend","Daglicht","Droog",\N,\N,"Maasboulevard","Rotterdam","Rotterdam","Zuid-Holland",false,51.918214,4.492733,"injury","2","clear",false,1,"GM0599"
"20220074000",2022,"Letsel",3,"Fiets","Fiets","Onbekend","Rechte weg",60,"Niet brandend","Daglicht","Droog",\N,"481423011","Gramsbergerweg","Hardenberg","Hardenberg","Overijssel",false,52.586144,6.652826,"injury","2","clear",false,1,"GM0160"
"20220074551",2022,"Letsel",2,"Personenauto","Fiets","Flank","Kruispunt, 4 takken",50,"Niet brandend","Daglicht","Droog",\N,\N,"Lijsterstraat","Enschede","Enschede","Overijssel",false,52.237696,6.884423,"injury","2","clear",false,1,"GM0153"
"20220042455",2022,"Letsel",2,"Bromfiets","Fiets","Flank","Rechte weg",80,"Niet brandend","Daglicht","Regen",\N,"334556006","Rijksstraatweg","Schalsum","Waadhoeke","Friesland",false,53.190283,5.575992,"injury","2","rain",false,1,"GM1949"
"20220050414",2022,"Uitsluitend materiele schade",1,"Fiets",\N,"Onbekend","Kruispunt, 4 takken",15,"Niet brandend","Daglicht",\N,\N,\N,"FIETSPAD","Almere","Almere","Flevoland",false,52.365831,5.187603,"material damage only","4","unknown",false,1,"GM0034"
"20220113058",2022,"Letsel",2,"Fiets","Fiets","Onbekend","Rechte weg",30,"Brandend","Duisternis","Droog",\N,"388186014","Hoenderstraat","Venray","Venray","Limburg",false,51.529103,5.954538,"injury","2","clear",false,1,"GM0984"
"20220035349",2022,"Uitsluitend materiele schade",2,"Personenauto","e-bike","Flank","Kruispunt, 3 takken",50,"Niet brandend","Daglicht","Droog",\N,\N,"Dijkstalweg","Sint Pancras","Dijk en Waard","Noord-Holland",false,52.664663,4.796784,"material damage only","4","clear",false,1,"GM1980"
"20230099594",2023,"Letsel",1,"Fiets",\N,"Eenzijdig",\N,30,\N,"Daglicht",\N,\N,"227197020","Viveslaan","Breda","Breda","Noord-Brabant",false,51.574819,4.793916,"injury","2","unknown",false,1,"GM0758"
"20230002168",2023,"Uitsluitend materiele schade",2,"Personenauto","Fiets","Flank","Kruispunt, 4 takken",30,"Niet brandend","Daglicht","Droog",\N,\N,"Moonenlaan","Hardenberg","Hardenberg","Overijssel",false,52.581031,6.599833,"material damage only","4","clear",false,1,"GM0160"
"20230008494",2023,"Uitsluitend materiele schade",2,"Personenauto","Fiets","Flank","Kruispunt, 4 takken",50,"Niet brandend","Daglicht","Droog",\N,\N,"Kerkweg","Zwijndrecht","Zwijndrecht","Zuid-Holland",false,51.812509,4.610868,"material damage only","4","clear",false,1,"GM0642"
"20230010146",2023,"Letsel",2,"Personenauto","Fiets","Frontaal","Rotonde",50,"Niet brandend","Daglicht","Droog",\N,\N,"Tesselschadestraat","Leeuwarden","Leeuwarden","Friesland",false,53.198301,5.7871,"injury","2","clear",false,1,"GM0080"
"20230000394",2023,"Uitsluitend materiele schade",2,"Bestelauto","Fiets","Kop/staart","Rechte weg",15,"Niet brandend","Daglicht","Droog",\N,"450407035","Kerkstraat","Ommen","Ommen","Overijssel",false,52.518683,6.422662,"material damage only","4","clear",false,1,"GM0175"
"20230008058",2023,"Letsel",2,"Personenauto","Fiets","Onbekend",\N,30,\N,"Daglicht",\N,\N,"247190046","Burg van Poppelstraat","Gilze","Gilze en Rijen","Noord-Brabant",false,51.54726,4.939326,"injury","2","unknown",false,1,"GM0784"
"20230024650",2023,"Dodelijk",2,"Fiets","Bus","Flank","Kruispunt, 4 takken",50,"Niet brandend","Daglicht","Regen",\N,\N,"Churchill-laan","Amsterdam","Amsterdam","Noord-Holland",false,52.346954,4.891111,"fatal","1","rain",false,1,"GM0363"
"20230037991",2023,"Letsel",1,"Fiets",\N,"Eenzijdig",\N,50,\N,"Daglicht",\N,\N,"601005147","Fongerspad","Almere","Almere","Flevoland",false,52.366697,5.232189,"injury","2","unknown",false,1,"GM0034"
"20230001864",2023,"Uitsluitend materiele schade",2,"Bestelauto","Fiets","Flank","Kruispunt, 4 takken",50,"Niet brandend","Daglicht","Droog",\N,\N,"Argonweg","Amersfoort","Amersfoort","Utrecht",false,52.169465,5.356693,"material damage only","4","clear",false,1,"GM0307"
"20230012082",2023,"Uitsluitend materiele schade",2,"Personenauto","Fiets","Flank","Kruispunt, 4 takken",50,"Niet brandend","Daglicht","Droog",\N,\N,"Dorpsstraat","Bruchem","Zaltbommel","Gelderland",false,51.789346,5.23086,"material damage only","4","clear",false,1,"GM0297"
"20230007338",2023,"Uitsluitend materiele schade",2,"Fiets","Snorfiets","Flank","Rechte weg",30,"Niet brandend","Daglicht","Droog","Tunnel","600138931","Noord Brabantlaan","Eindhoven","Eindhoven","Noord-Brabant",false,51.436304,5.423908,"material damage only","4","clear",false,1,"GM0772"
"20230002825",2023,"Uitsluitend materiele schade",2,"Bestelauto","Fiets","Onbekend","Kruispunt, 4 takken",50,"Niet brandend","Daglicht","Droog",\N,\N,"Dijkzichtlaan","Santpoort-Noord","Velsen","Noord-Holland",false,52.4233,4.646626,"material damage only","4","clear",false,1,"GM0453"
"20230004199",2023,"Letsel",2,"Fiets","Voetganger","Voetganger","Kruispunt, 4 takken",30,"Niet brandend","Daglicht","Droog",\N,\N,"Dapperstraat","Amsterdam","Amsterdam","Noord-Holland",false,52.360762,4.928713,"injury","2","clear",false,1,"GM0363"