"accident_id","year","severity_raw","party_count","party1_type","party2_type","accident_type","road_situation","speed_limit_kmh","road_lighting","light_condition_label","weather_raw","infra_type","road_segment_id","street_name","place_name","gemeente_name_raw","province","alcohol_indicated","latitude","longitude","severity_label","severity_code","weather_label","built_up_area","cyclists_involved","gemeente_code"
"20220178791",2022,"Letsel",1,"Fiets",\N,"Eenzijdig","Kruispunt, 4 takken",30,"Niet brandend","Daglicht","Droog",\N,\N,"Huis te Veldelaan","Maasland","Midden-Delfland","Zuid-Holland",false,51.935975,4.268816,"injury","2","clear",false,1,"GM1842"
"20220119380",2022,"Uitsluitend materiele schade",2,"Personenauto","e-bike","Flank","Kruispunt, 4 takken",30,"Niet brandend","Daglicht",\N,\N,\N,"Getfertweg","Enschede","Enschede","Overijssel",false,52.214298,6.890438,"material damage only","4","unknown",false,1,"GM0153"
"20220122382",2022,"Letsel",2,"Snorfiets","Fiets","Flank","Kruispunt, 4 takken",\N,"Niet brandend","Daglicht","Droog",\N,\N,"Zijlweg","Haarlem","Haarlem","Noord-Holland",false,52.386279,4.617829,"injury","2","clear",false,1,"GM0392"
"20220149720",2022,"Letsel",2,"Bestelauto","Fiets","Flank","Rechte weg",60,"Niet brandend","Daglicht","Droog",\N,"600946679","Langereijt","Oost West en Middelbeers","Oirschot","Noord-Brabant",false,51.482377,5.277756,"injury","2","clear",false,1,"GM0823"
"20220179485",2022,"Letsel",3,"Personenauto","Fiets","Geparkeerd voertuig","Rechte weg",50,"Niet brandend","Daglicht","Droog",\N,\N,"Soestdijkseplein","'s-Gravenhage","'s-Gravenhage","Zuid-Holland",false,52.061842,4.283178,"injury","2","clear",false,1,"GM0518"
"20220180604",2022,"Letsel",2,"Personenauto","Fiets","Eenzijdig","Rechte weg",30,"Niet brandend","Daglicht","Droog",\N,"600380398","Hooftstraat","Alphen aan den Rijn","Alphen aan den Rijn","Zuid-Holland",false,52.134145,4.663614,"injury","2","clear",false,1,"GM0484"
"20220186352",2022,"Uitsluitend materiele schade",2,"Fiets","Personenauto","Onbekend",\N,50,\N,"Daglicht",\N,\N,"227219048","Godfried Schalckenstraat","Made","Drimmelen","Noord-Brabant",false,51.673704,4.794576,"material damage only","4","unknown",false,1,"GM1719"
"20220195972",2022,"Uitsluitend materiele schade",2,"Fiets","Personenauto","Flank","Kruispunt, 3 takken",30,"Niet brandend","Daglicht","Droog",\N,\N,"Spinnerij","Almelo","Almelo","Overijssel",false,52.36456,6.680684,"material damage only","4","clear",false,1,"GM0141"
"20220118629",2022,"Letsel",2,"Fiets","Personenauto","Frontaal","Kruispunt, 4 takken",60,"Niet brandend","Daglicht","Droog",\N,\N,"Deventer Kunstweg","Beltrum","Berkelland","Gelderland",false,52.086629,6.582996,"injury","2","clear",false,1,"GM1859"
"20220125121",2022,"Letsel",2,"Fiets","Fiets","Flank","Kruispunt, 4 takken",\N,"Niet brandend","Daglicht","Droog",\N,\N,"Waalsdorperlaan","Wassenaar","Wassenaar","Zuid-Holland",false,52.107834,4.337925,"injury","2","clear",false,1,"GM0629"
"20220129958",2022,"Uitsluitend materiele schade",2,"Personenauto","Fiets","Flank","Kruispunt, 4 takken",30,"Niet brandend","Daglicht","Droog",\N,\N,"Rooseveltplein","Tilburg","Tilburg","Noord-Brabant",false,51.546858,5.061819,"material damage only","4","clear",false,1,"GM0855"
"20220136354",2022,"Uitsluitend materiele schade",2,"Personenauto","Fiets","Onbekend","Rechte weg",80,"Niet brandend","Daglicht","Droog",\N,"600581074","Scherpenzeelseweg","Barneveld","Barneveld","Gelderland",false,52.122622,5.569035,"material damage only","4","clear",false,1,"GM0203"
"20220138232",2022,"Uitsluitend materiele schade",2,"Personenauto","Fiets","Flank","Rotonde",60,"Niet brandend","Daglicht","Droog",\N,\N,"Industrieweg","Mijdrecht","De Ronde Venen","Utrecht",false,52.206748,4.886623,"material damage only","4","clear",false,1,"GM0736"
"20220142487",2022,"Uitsluitend materiele schade",2,"Fiets","Fiets","Flank","Kruispunt, 4 takken",30,"Niet brandend","Daglicht","Droog",\N,\N,"Ringdijk","Amsterdam","Amsterdam","Noord-Holland",false,52.349951,4.916853,"material damage only","4","clear",false,1,"GM0363"
"20220146877",2022,"Letsel",2,"Snorfiets","Fiets","Flank","Kruispunt, 4 takken",30,"Brandend","Duisternis","Regen",\N,\N,"Schiekade","Rotterdam","Rotterdam","Zuid-Holland",false,51.92806,4.474555,"injury","2","rain",false,1,"GM0599"
"20220169987",2022,"Uitsluitend materiele schade",2,"Fiets","Personenauto","Frontaal","Kruispunt, 3 takken",80,"Niet brandend","Daglicht","Droog",\N,\N,"Oenerweg","Heerde","Heerde","Gelderland",false,52.375811,6.026796,"material damage only","4","clear",false,1,"GM0246"
"20220175225",2022,"Uitsluitend materiele schade",2,"Snorfiets","e-bike","Frontaal","Rotonde",50,"Niet brandend","Daglicht","Regen",\N,\N,"Schinkelwaard","Alkmaar","Alkmaar","Noord-Holland",false,52.642447,4.763289,"material damage only","4","rain",false,1,"GM0361"
"20220184362",2022,"Letsel",2,"Bestelauto","Fiets","Flank","Kruispunt, 4 takken",50,"Niet brandend","Daglicht","Harde windstoten",\N,\N,"Ketensedijk","Capelle aan den IJssel","Capelle aan den IJssel","Zuid-Holland",false,51.923827,4.58204,"injury","2","unknown",false,1,"GM0502"
"20220194501",2022,"Letsel",2,"Personenauto","e-bike","Kop/staart","Rechte weg",30,"Brandend","Duisternis","Droog",\N,"520513078","Hoofdstraat","Stadskanaal","Stadskanaal","Groningen",false,52.984991,6.955968,"injury","2","clear",false,1,"GM0037"
"20220115485",2022,"Uitsluitend materiele schade",2,"Personenauto","Fiets","Flank","Kruispunt, 3 takken",60,"Niet brandend","Daglicht","Droog","Brug/viaduct",\N,"Miedweg","Stroobos","Achtkarspelen","Friesland",false,53.236525,6.212775,"material damage only","4","clear",false,1,"GM0059"
"20220118679",2022,"Uitsluitend materiele schade",2,"Personenauto","Fiets","Flank","Kruispunt, 4 takken",50,"Niet brandend","Daglicht","Droog",\N,\N,"Doetinchemseweg","Zelhem","Bronckhorst","Gelderland",false,52.005382,6.348878,"material damage only","4","clear",false,1,"GM1876"
"20220125142",2022,"Uitsluitend materiele schade",2,"Personenauto","Fiets","Flank","Rechte weg",30,"Niet brandend","Daglicht","Droog",\N,"200359029","Burg van Niekerklaan","Hillegom","Hillegom","Zuid-Holland",false,52.301833,4.580643,"material damage only","4","clear",false,1,"GM0534"
"20220126271",2022,"Letsel",2,"Scootmobiel","Fiets","Voetganger","Kruispunt, 4 takken",50,"Niet brandend","Daglicht","Droog","Spoorwegovergang",\N,"Noordweg","'s-Gravenhage","'s-Gravenhage","Zuid-Holland",false,52.035324,4.283731,"injury","2","clear",false,1,"GM0518"
"20220126310",2022,"Letsel",2,"Fiets","Fiets","Onbekend","Rechte weg",50,"Brandend","Duisternis","Droog",\N,"600717312","Sir Winston Churchillln","Rijswijk","Rijswijk","Zuid-Holland",false,52.033908,4.315199,"injury","2","clear",false,1,\N
"20220136418",2022,"Letsel",2,"Personenauto","Fiets","Flank","Kruispunt, 4 takken",50,"Brandend","Duisternis","Droog",\N,\N,"Spoorkade","Kampen","Kampen","Overijssel",false,52.560228,5.920454,"injury","2","clear",false,1,"GM0166"
"20220146988",2022,"Uitsluitend materiele schade",3,"Personenauto","Fiets","Onbekend","Rechte weg",50,"Niet brandend","Daglicht","Droog",\N,"600715427","Antwerpsestraatweg","Bergen op Zoom","Bergen op Zoom","Noord-Brabant",false,51.481954,4.29854,"material damage only","4","clear",false,1,"GM0748"
"20220152314",2022,"Letsel",2,"Fiets","Landbouwvoertuig","Flank","Rechte weg",60,"Niet aanwezig","Daglicht","Droog",\N,"600852354","Keningswei","Feankleaster","Noardeast-Fryslân","Friesland",false,53.265574,6.111078,"injury","2","clear",false,1,"GM1970"
"20220175324",2022,"Uitsluitend materiele schade",2,"Personenauto","Fiets","Flank","Rotonde",50,"Niet brandend","Daglicht","Regen",\N,\N,"Jan Ligthartstraat","Heemskerk","Heemskerk","Noord-Holland",false,52.505205,4.666227,"material damage only","4","rain",false,1,"GM0396"
"20220188779",2022,"Uitsluitend materiele schade",2,"Personenauto","e-bike","Flank","Bocht",30,"Niet brandend","Daglicht","Droog",\N,\N,"Gezondheidslaan","Oss","Oss","Noord-Brabant",false,51.756714,5.523178,"material damage only","4","clear",false,1,"GM0828"
"20220190781",2022,"Uitsluitend materiele schade",2,"Personenauto","Fiets","Onbekend",\N,30,\N,"Daglicht",\N,\N,"385115003","Bergerweg","Horn","Leudal","Limburg",false,51.208374,5.931757,"material damage only","4","unknown",false,1,"GM1640"
"20220135542",2022,"Uitsluitend materiele schade",1,"e-bike",\N,"Kop/staart","Rechte weg",50,"Niet brandend","Daglicht","Droog",\N,"512344029","Lambertus Buddestraat","Enschede","Enschede","Overijssel",false,52.22693,6.868415,"material damage only","4","clear",false,1,"GM0153"
"20220139663",2022,"Uitsluitend materiele schade",2,"Personenauto","Fiets","Onbekend","Rechte weg",30,"Niet brandend","Daglicht","Droog",\N,"218426015","Raadhuisweg","Heiloo","Heiloo","Noord-Holland",false,52.604736,4.712654,"material damage only","4","clear",false,1,"GM0399"
"20220149922",2022,"Letsel",2,"Fiets",\N,"Eenzijdig","Rechte weg",30,"Brandend","Duisternis",\N,\N,"600376557","Graafschap","Cuijk","Land van Cuijk","Noord-Brabant",false,51.731895,5.87992,"injury","2","unknown",false,1,"GM1982"
"20220156784",2022,"Uitsluitend materiele schade",2,"e-bike","Personenauto","Flank","Rotonde",50,"Niet brandend","Daglicht","Droog",\N,\N,"Gooweg","Noordwijkerhout","Noordwijk","Zuid-Holland",false,52.258639,4.486472,"material damage only","4","clear",false,1,"GM0575"
"20220165060",2022,"Letsel",2,"Snorfiets","Fiets","Flank","Kruispunt, 3 takken",50,"Niet brandend","Daglicht","Droog",\N,\N,"Burg van Suchtelenstraat","Beuningen Gld","Beuningen","Gelderland",false,51.854271,5.774922,"injury","2","clear",false,1,"GM0209"
"20220191550",2022,"Letsel",2,"Fiets","Fiets","Kop/staart","Kruispunt, 3 takken",30,"Niet brandend","Daglicht","Droog",\N,\N,"Langestraat","Noordhorn","Westerkwartier","Groningen",false,53.260634,6.395088,"injury","2","clear",false,1,"GM1969"
"20220191564",2022,"Letsel",2,"Bus","Fiets","Flank","Kruispunt, 4 takken",50,"Niet brandend","Daglicht","Droog",\N,\N,"W.A. Scholtenstraat","Groningen","Groningen","Groningen",false,53.222107,6.56849,"injury","2","clear",false,1,"GM0014"
"20220128693",2022,"Letsel",2,"Bromfiets","Fiets","Flank","Kruispunt, 4 takken",\N,"Niet brandend","Daglicht","Droog",\N,\N,"Rotterdamseweg","Ridderkerk","Ridderkerk","Zuid-Holland",false,51.886025,4.580876,"injury","2","clear",false,1,"GM0597"
"20220130219",2022,"Letsel",2,"Personenauto","Fiets","Frontaal","Kruispunt, 4 takken",50,"Niet brandend","Daglicht","Droog",\N,\N,"Hoeksestraat","Schijf","Rucphen","Noord-Brabant",false,51.496066,4.556396,"injury","2","clear",false,1,"GM0840"
"20220141350",2022,"Letsel",2,"Bromfiets","Fiets","Flank","Kruispunt, 3 takken",\N,"Niet brandend","Daglicht","Droog",\N,\N,"Beneluxbaan","Amstelveen","Amstelveen","Noord-Holland",false,52.295505,4.867261,"injury","2","clear",false,1,"GM0362"
"20220165711",2022,"Letsel",2,"Personenauto","Fiets","Flank","Kruispunt, 3 takken",30,"Niet brandend","Daglicht","Droog",\N,\N,"Kruisvoorde","Ugchelen","Apeldoorn","Gelderland",false,52.182645,5.951458,"injury","2","clear",false,1,"GM0200"
"20220183676",2022,"Letsel",1,"Fiets",\N,"Eenzijdig","Bocht",30,"Niet brandend","Daglicht","Droog",\N,"166276046","Frederik Hendriklaan","Vlaardingen","Vlaardingen","Zuid-Holland",false,51.928245,4.346743,"injury","2","clear",false,1,"GM0622"
"20220185354",2022,"Uitsluitend materiele schade",2,"Personenauto","Fiets","Flank","Rechte weg",50,"Niet brandend","Daglicht","Regen",\N,"600719773","Kopenhagenlaan","Vlaardingen","Vlaardingen","Zuid-Holland",false,51.936506,4.352545,"material damage only","4","rain",false,1,"GM0622"
"20220192126",2022,"Letsel",1,"e-bike",\N,"Eenzijdig","Rotonde",80,"Niet brandend","Daglicht","Droog",\N,\N,"Blijhamsterweg","Winschoten","Oldambt","Groningen",false,53.13122,7.049575,"injury","2","clear",false,1,"GM1895"
"20220192391",2022,"Uitsluitend materiele schade",2,"Personenauto","Fiets","Flank","Rechte weg",50,"Niet brandend","Daglicht","Droog",\N,\N,"Paterswoldseweg","Groningen","Groningen","Groningen",false,53.212894,6.555665,"material damage only","4","clear",false,1,"GM0014"
"20220192819",2022,"Uitsluitend materiele schade",2,"Personenauto","Fiets","Frontaal","Rechte weg",50,"Brandend","Schemer","Droog",\N,"448498001","Rijksweg","Smilde","Midden-Drenthe","Drenthe",false,52.931348,6.425457,"material damage only","4","clear",false,1,"GM1731"
"20220137527",2022,"Letsel",1,"e-bike",\N,"Eenzijdig","Rechte weg",50,"Niet brandend","Daglicht","Droog","Brug/viaduct","600144366","Eldenseweg","Arnhem","Arnhem","Gelderland",false,51.971509,5.892515,"injury","2","clear",false,1,"GM0202"
"20220156877",2022,"Letsel",1,"Fiets",\N,"Eenzijdig","Bocht",15,"Brandend","Duisternis","Droog",\N,"169294363","Zusterlaan","Delft","Delft","Zuid-Holland",false,52.007232,4.363479,"injury","2","clear",false,1,"GM0503"
"20220191497",2022,"Uitsluitend materiele schade",2,"Fiets","Voetganger","Voetganger","Kruispunt, 3 takken",50,"Niet brandend","Daglicht","Droog",\N,\N,"Barnsteenstraat","Groningen","Groningen","Groningen",false,53.227893,6.531226,"material damage only","4","clear",false,1,"GM0014"
"20220127734",2022,"Letsel",2,"Personenauto","Fiets","Frontaal","Kruispunt, 3 takken",30,"Niet brandend","Daglicht","Droog",\N,\N,"Donkerslootstraat","Rotterdam","Rotterdam","Zuid-Holland",false,51.891913,4.516739,"injury","2","clear",false,1,"GM0599"
"20220131693",2022,"Uitsluitend materiele schade",2,"Bromfiets","Fiets","Frontaal","Kruispunt, 4 takken",50,"Niet brandend","Daglicht","Droog",\N,\N,"Hertogin Johannasingel","Oss","Oss","Noord-Brabant",false,51.76478,5.512716,"material damage only","4","clear",false,1,"GM0828"
"20220136640",2022,"Letsel",2,"Personenauto","Fiets","Onbekend","Rechte weg",50,"Niet brandend","Daglicht","Droog",\N,"600680494","Terwindtstraat","Nijmegen","Nijmegen","Gelderland",false,51.845069,5.874649,"injury","2","clear",false,1,"GM0268"
"20220138596",2022,"Uitsluitend materiele schade",2,"Personenauto","Fiets","Flank","Kruispunt, 4 takken",30,"Niet brandend","Daglicht","Droog",\N,\N,"Mandelastraat","Almere","Almere","Flevoland",false,52.376221,5.219051,"material damage only","4","clear",false,1,"GM0034"
"20220141582",2022,"Letsel",2,"Fiets","Fiets","Frontaal","Kruispunt, 4 takken",30,"Niet aanwezig","Daglicht","Droog",\N,\N,"Amsteldijk","Amsterdam","Amsterdam","Noord-Holland",false,52.348512,4.910419,"injury","2","clear",false,1,"GM0363"
"20220144232",2022,"Uitsluitend materiele schade",2,"Snorfiets","Fiets","Onbekend","Rechte weg",50,"Niet brandend","Daglicht","Droog",\N,"600918449","Laan van Wateringse Veld","'s-Gravenhage","'s-Gravenhage","Zuid-Holland",false,52.028079,4.28878,"material damage only","4","clear",false,1,"GM0518"
"20220156900",2022,"Uitsluitend materiele schade",2,"Bromfiets","Fiets","Frontaal","Rechte weg",30,"Niet brandend","Daglicht","Droog",\N,"601015309","Binckhorstlaan","'s-Gravenhage","'s-Gravenhage","Zuid-Holland",false,52.073354,4.332503,"material damage only","4","clear",false,1,"GM0518"
"20220186861",2022,"Uitsluitend materiele schade",2,"Personenauto","Fiets","Onbekend","Kruispunt, 3 takken",50,"Niet brandend","Daglicht","Droog",\N,\N,"Veerseweg","Oosterhout","Oosterhout","Noord-Brabant",false,51.645972,4.871086,"material damage only","4","clear",false,1,"GM0826"
"20220192704",2022,"Letsel",3,"Personenauto","Fiets","Onbekend","Rechte weg",50,"Niet brandend","Daglicht","Droog",\N,"600896578","Heliconweg","Leeuwarden","Leeuwarden","Friesland",false,53.20222,5.775685,"injury","2","clear",false,1,"GM0080"
"20220193758",2022,"Uitsluitend materiele schade",2,"Personenauto","Fiets","Onbekend","Rechte weg",50,"Niet brandend","Daglicht","Droog",\N,"368554052","Het Hop","Leeuwarden","Leeuwarden","Friesland",false,53.180339,5.822573,"material damage only","4","clear",false,1,"GM0080"
"20220193775",2022,"Uitsluitend materiele schade",2,"Fiets","Personenauto","Kop/staart","Kruispunt, 4 takken",30,"Brandend","Duisternis","Droog","Brug/viaduct",\N,"Hottingastraat","Franeker","Waadhoeke","Friesland",false,53.190728,5.534356,"material damage only","4","clear",false,1,"GM1949"
"20220196122",2022,"Uitsluitend materiele schade",2,"Snorfiets","Fiets","Onbekend","Rechte weg",50,"Niet brandend","Daglicht","Droog",\N,\N,"Dorpsstraat","Lunteren","Ede","Gelderland",false,52.092404,5.617902,"material damage only","4","clear",false,1,"GM0228"
"20220133048",2022,"Uitsluitend materiele schade",2,"Personenauto","Fiets","Onbekend",\N,30,\N,"Daglicht",\N,\N,"600847470","Jan de Witplein","Landgraaf","Landgraaf","Limburg",false,50.904859,6.007713,"material damage only","4","unknown",false,1,"GM0882"
"20220134588",2022,"Uitsluitend materiele schade",2,"Personenauto","e-bike","Onbekend","Rotonde",50,"Niet brandend","Daglicht","Regen",\N,\N,"Lauwers","Drachten","Smallingerland","Friesland",false,53.102799,6.075887,"material damage only","4","rain",false,1,"GM0090"
"20220149044",2022,"Uitsluitend materiele schade",2,"Personenauto","Fiets","Onbekend","Rotonde",50,"Niet brandend","Daglicht","Droog",\N,\N,"Doornboomstraat","Oost West en Middelbeers","Oirschot","Noord-Brabant",false,51.467645,5.250736,"material damage only","4","clear",false,1,"GM0823"
"20220156968",2022,"Letsel",2,"Fiets","Fiets","Flank","Rechte weg",30,"Niet brandend","Daglicht","Droog",\N,"153305081","Binnentuinen","'s-Gravenhage","'s-Gravenhage","Zuid-Holland",false,52.058477,4.246215,"injury","2","clear",false,1,"GM0518"
"20220174361",2022,"Uitsluitend materiele schade",2,"Bromfiets","Fiets","Flank","Rechte weg",50,"Niet brandend","Daglicht","Droog",\N,"223429091","Koelmalaan","Alkmaar","Alkmaar","Noord-Holland",false,52.619327,4.748994,"material damage only","4","clear",false,1,"GM0361"
"20220193071",2022,"Letsel",2,"Personenauto","Fiets","Flank","Kruispunt, 4 takken",50,"Niet brandend","Daglicht","Droog",\N,\N,"v. Speykstraat","Winschoten","Oldambt","Groningen",false,53.148905,7.030746,"injury","2","clear",false,1,"GM1895"
"20220197668",2022,"Uitsluitend materiele schade",2,"Personenauto","Fiets","Flank","Kruispunt, 3 takken",80,"Niet brandend","Daglicht","Droog",\N,\N,"Barlhammerweg","Doetinchem","Doetinchem","Gelderland",false,51.96955,6.243274,"material damage only","4","clear",false,1,"GM0222"
"20220130577",2022,"Uitsluitend materiele schade",2,"Personenauto","Fiets","Flank","Kruispunt, 4 takken",50,"Niet brandend","Daglicht","Droog",\N,\N,"Nieuwe Prinsenkade","Breda","Breda","Noord-Brabant",false,51.591432,4.771569,"material damage only","4","clear",false,1,"GM0758"
"20220141846",2022,"Uitsluitend materiele schade",2,"Fiets","Personenauto","Flank","Rechte weg",50,"Niet brandend","Daglicht","Droog",\N,"600124451","Amstel","Amsterdam","Amsterdam","Noord-Holland",false,52.36704,4.894682,"material damage only","4","clear",false,1,"GM0363"
"20220143216",2022,"Uitsluitend materiele schade",3,"Personenauto","Fiets","Onbekend","Rechte weg",30,"Niet brandend","Daglicht","Droog",\N,"192341009","Rusthofflaan","Sassenheim","Teylingen","Zuid-Holland",false,52.224271,4.527273,"material damage only","4","clear",false,1,"GM1525"
"20220144464",2022,"Uitsluitend materiele schade",1,"e-bike",\N,"Eenzijdig","Bocht",15,"Niet brandend","Daglicht","Droog",\N,"191325096","Besjeslaan","Leiden","Leiden","Zuid-Holland",false,52.14881,4.518772,"material damage only","4","clear",false,1,"GM0546"
"20220150398",2022,"Letsel",2,"e-bike","Snorfiets","Flank","Kruispunt, 4 takken",\N,"Niet brandend","Daglicht","Droog",\N,\N,"Tilburgseweg-Oost","Eindhoven","Eindhoven","Noord-Brabant",false,51.443975,5.443954,"injury","2","clear",false,1,"GM0772"
"20240082188",2024,"Letsel",1,"Fiets",\N,"Eenzijdig","Rechte weg",30,"Niet brandend","Daglicht","Droog",\N,"600670223","Monsterseweg","'s-Gravenhage","'s-Gravenhage","Zuid-Holland",false,52.047216,4.216755,"injury","2","clear",false,1,"GM0518"
"20240082214",2024,"Letsel",2,"Bromfiets","Fiets","Flank","Rechte weg",30,"Niet brandend","Daglicht","Droog",\N,"149288040","Monnikenlaan","Naaldwijk","Westland","Zuid-Holland",false,51.978635,4.217292,"injury","2","clear",false,1,"GM1783"
"20240086066",2024,"Letsel",2,"Personenauto","Fiets","Flank","Rechte weg",60,"Niet brandend","Daglicht","Droog",\N,"503610003","Dijkweg","Oudeschip","Het Hogeland","Groningen",false,53.426797,6.836756,"injury","2","clear",false,1,"GM1966"
"20240089989",2024,"Uitsluitend materiele schade",2,"Personenauto","Fiets","Onbekend","Kruispunt, 3 takken",30,"Niet brandend","Daglicht","Droog",\N,\N,"Hoofdstraat","Raamsdonksveer","Geertruidenberg","Noord-Brabant",false,51.69525,4.873316,"material damage only","4","clear",false,1,"GM0779"
"20240097359",2024,"Letsel",1,"Fiets",\N,"Onbekend","Rechte weg",30,"Niet brandend","Daglicht","Droog",\N,"174289003","Karitaatmolenpad","Delfgauw","Pijnacker-Nootdorp","Zuid-Holland",false,51.989669,4.405857,"injury","2","clear",false,1,"GM1926"
"20240048322",2024,"Letsel",2,"Personenauto","Fiets","Flank","Bocht",30,"Brandend","Duisternis","Regen",\N,"241310004","Wilhelminaweg","Woerden","Woerden","Utrecht",false,52.084498,4.886338,"injury","2","rain",false,1,"GM0632"
"20240076182",2024,"Letsel",2,"Fiets","Fiets","Onbekend","Kruispunt, 4 takken",30,"Niet brandend","Daglicht","Droog",\N,\N,"Voortsweg","Enschede","Enschede","Overijssel",false,52.233567,6.899876,"injury","2","clear",false,1,"GM0153"
"20240081555",2024,"Letsel",3,"Fiets","Bestelauto","Onbekend","Rechte weg",\N,"Niet brandend","Daglicht","Droog",\N,"600891645","Veurseweg","Voorschoten","Voorschoten","Zuid-Holland",false,52.122046,4.441906,"injury","2","clear",false,1,"GM0626"
"20240090648",2024,"Uitsluitend materiele schade",2,"Personenauto","Fiets","Kop/staart","Rechte weg",30,"Niet brandend","Daglicht","Droog",\N,"600941400","Katendrechtsestraat","Rotterdam","Rotterdam","Zuid-Holland",false,51.900366,4.480528,"material damage only","4","clear",false,1,"GM0599"
"20240090671",2024,"Uitsluitend materiele schade",1,"Fiets",\N,"Onbekend","Rechte weg",50,"Niet brandend","Daglicht","Droog",\N,"221205014","Schapenpad","Breda","Breda","Noord-Brabant",false,51.611882,4.749267,"material damage only","4","clear",false,1,"GM0758"
"20240093403",2024,"Letsel",2,"Personenauto","Fiets","Onbekend","Kruispunt, 3 takken",30,"Niet brandend","Daglicht","Droog",\N,\N,"Burg Fonteinstraat","Dalen","Coevorden","Drenthe",false,52.706439,6.754633,"injury","2","clear",false,1,"GM0109"
"20240097929",2024,"Letsel",2,"Motor","Fiets","Flank","Rechte weg",60,"Niet brandend","Daglicht","Droog",\N,"154292013","Zwethlaan","Honselersdijk","Westland","Zuid-Holland",false,51.997348,4.260773,"injury","2","clear",false,1,"GM1783"
"20240101680",2024,"Uitsluitend materiele schade",2,"Personenauto","Fiets","Flank","Kruispunt, 4 takken",50,"Niet brandend","Daglicht","Regen",\N,\N,"Willemstraat","Eindhoven","Eindhoven","Noord-Brabant",false,51.43863,5.468869,"material damage only","4","rain",false,1,"GM0772"
"20240041066",2024,"Uitsluitend materiele schade",2,"Personenauto","Fiets","Flank","Rechte weg",50,"Niet brandend","Daglicht","Droog",\N,"209385122","SANTPOORT NOORD","Santpoort-Noord","Velsen","Noord-Holland",false,52.422865,4.645478,"material damage only","4","clear",false,1,"GM0453"
"20240046653",2024,"Uitsluitend materiele schade",2,"Personenauto","Fiets","Los voorwerp","Rechte weg",15,"Niet brandend","Daglicht","Droog",\N,\N,"Van Riemsdijkweg","Almelo","Almelo","Overijssel",false,52.369028,6.645485,"material damage only","4","clear",false,1,"GM0141"
"20240048989",2024,"Uitsluitend materiele schade",2,"Fiets","Bromfiets","Flank","Kruispunt, 3 takken",80,"Niet brandend","Daglicht","Droog",\N,\N,"Eekweg","Epe","Epe","Gelderland",false,52.366133,6.012535,"material damage only","4","clear",false,1,"GM0232"
"20240050258",2024,"Uitsluitend materiele schade",2,"Personenauto","Fiets","Flank","Rotonde",50,"Niet brandend","Daglicht","Droog",\N,\N,"Lindenlaan","Amstelveen","Amstelveen","Noord-Holland",false,52.29323,4.854346,"material damage only","4","clear",false,1,"GM0362"
"20240050285",2024,"Uitsluitend materiele schade",2,"Fiets","Personenauto","Flank","Kruispunt, 4 takken",30,"Niet brandend","Daglicht","Droog",\N,\N,"Marnixstraat","Amsterdam","Amsterdam","Noord-Holland",false,52.373995,4.876267,"material damage only","4","clear",false,1,"GM0363"
"20240076232",2024,"Uitsluitend materiele schade",2,"Personenauto","Fiets","Flank","Bocht",30,"Niet brandend","Daglicht","Droog",\N,\N,"Spijk","Wageningen","Wageningen","Gelderland",false,51.967037,5.666027,"material damage only","4","clear",false,1,"GM0289"
"20240079697",2024,"Uitsluitend materiele schade",2,"Fiets","Bromfiets","Flank","Kruispunt, 4 takken",50,"Niet brandend","Daglicht","Droog",\N,\N,"Blauwe Berg","Hoorn","Hoorn","Noord-Holland",false,52.650117,5.045958,"material damage only","4","clear",false,1,"GM0405"
"20240092392",2024,"Uitsluitend materiele schade",2,"Personenauto","Fiets","Flank","Kruispunt, 3 takken",50,"Niet brandend","Daglicht","Droog",\N,\N,"GRONSVELD 56","Maastricht","Maastricht","Limburg",false,50.81555,5.720585,"material damage only","4","clear",false,1,"GM0935"
"20240093793",2024,"Letsel",2,"Bromfiets","Fiets","Onbekend","Kruispunt, 4 takken",30,"Brandend","Duisternis","Droog",\N,\N,"Achterweg","Groningen","Groningen","Groningen",false,53.208769,6.567578,"injury","2","clear",false,1,"GM0014"
"20240095618",2024,"Uitsluitend materiele schade",2,"Fiets","Personenauto","Flank","Kruispunt, 4 takken",30,"Niet brandend","Daglicht","Droog",\N,\N,"Nieuweweg","Hoofddorp","Haarlemmermeer","Noord-Holland",false,52.303156,4.697252,"material damage only","4","clear",false,1,"GM0394"
"20240045376",2024,"Uitsluitend materiele schade",2,"Bromfiets","Fiets","Flank","Rechte weg",50,"Niet brandend","Daglicht","Droog",\N,"600575214","Hervensebaan","'s-Hertogenbosch","'s-Hertogenbosch","Noord-Brabant",false,51.703231,5.324236,"material damage only","4","clear",false,1,"GM0796"
"20240049021",2024,"Letsel",2,"Personenauto","Fiets","Flank","Kruispunt, 4 takken",50,"Niet brandend","Daglicht","Droog",\N,\N,"Regenboog","Baarn","Baarn","Utrecht",false,52.21439,5.304635,"injury","2","clear",false,1,"GM0308"