"accident_id","year","severity_raw","party_count","party1_type","party2_type","accident_type","road_situation","speed_limit_kmh","road_lighting","light_condition_label","weather_raw","infra_type","road_segment_id","street_name","place_name","gemeente_name_raw","province","alcohol_indicated","latitude","longitude","severity_label","severity_code","weather_label","built_up_area","cyclists_involved","gemeente_code"
"20240071463",2024,"Letsel",1,"Fiets",\N,"Los voorwerp","Rechte weg",30,"Niet brandend","Daglicht","Droog",\N,"159303101","Betje Wolffstraat","'s-Gravenhage","'s-Gravenhage","Zuid-Holland",false,52.049185,4.290397,"injury","2","clear",false,1,"GM0518"
"20240073317",2024,"Letsel",2,"Fiets",\N,"Onbekend",\N,30,\N,"Daglicht",\N,\N,"249207036","Sint Josephstraat","Dongen","Dongen","Noord-Brabant",false,51.62218,4.952945,"injury","2","unknown",false,1,"GM0766"
"20240078519",2024,"Letsel",1,"Fiets",\N,"Eenzijdig","Bocht",50,"Niet brandend","Daglicht","Droog",\N,\N,"Morsweg","Leiden","Leiden","Zuid-Holland",false,52.161101,4.478364,"injury","2","clear",false,1,"GM0546"
"20240081667",2024,"Letsel",2,"Fiets","Personenauto","Onbekend",\N,30,\N,"Daglicht",\N,\N,"116252074","Hongaarseplein","Goedereede","Goeree-Overflakkee","Zuid-Holland",false,51.816798,3.981831,"injury","2","unknown",false,1,"GM1924"
"20240082958",2024,"Letsel",2,"Fiets","Overig vast object","Los voorwerp","Rechte weg",50,"Niet brandend","Daglicht","Droog",\N,\N,"Merendreef","Valkenswaard","Valkenswaard","Noord-Brabant",false,51.362211,5.463376,"injury","2","clear",false,1,"GM0858"
"20240085516",2024,"Uitsluitend materiele schade",2,"Personenauto","Fiets","Flank","Rechte weg",30,"Niet brandend","Daglicht","Droog",\N,"600896151","Oranjelaan","Harderwijk","Harderwijk","Gelderland",false,52.330864,5.619132,"material damage only","4","clear",false,1,"GM0243"
"20240086863",2024,"Uitsluitend materiele schade",2,"Fiets","Personenauto","Frontaal","Kruispunt, 4 takken",50,"Niet brandend","Daglicht","Droog",\N,\N,"Singel","Odijk","Bunnik","Utrecht",false,52.054238,5.226321,"material damage only","4","clear",false,1,"GM0312"
"20240090120",2024,"Letsel",2,"Personenauto","Fiets","Flank","Kruispunt, 4 takken",30,"Niet aanwezig","Daglicht","Droog",\N,\N,"Burg van Woelderenlaan","Vlissingen","Vlissingen","Zeeland",false,51.452468,3.555917,"injury","2","clear",false,1,"GM0718"
"20240093166",2024,"Letsel",2,"Motor","Fiets","Flank","Kruispunt, 4 takken",80,"Niet brandend","Daglicht","Droog",\N,\N,"Espelodijk","Holten","Rijssen-Holten","Overijssel",false,52.307697,6.373082,"injury","2","clear",false,1,"GM1742"
"20240044508",2024,"Letsel",2,"Fiets","Motor","Flank","Rechte weg",80,"Niet brandend","Daglicht","Droog",\N,"600915967","Collse Hoefdijk","Nuenen","Nuenen, Gerwen en Nederwetten","Noord-Brabant",false,51.450442,5.551627,"injury","2","clear",false,1,"GM0820"
"20240092941",2024,"Letsel",2,"Fiets","Fiets","Flank","Kruispunt, 3 takken",30,"Niet brandend","Daglicht","Droog",\N,\N,"Leeuwensteinlaan","Vught","Vught","Noord-Brabant",false,51.656639,5.302321,"injury","2","clear",false,1,"GM0865"
"20240097855",2024,"Uitsluitend materiele schade",2,"Fiets","Fiets","Flank","Rechte weg",30,"Niet brandend","Daglicht","Droog",\N,"242371079","Weteringstraat","Amsterdam","Amsterdam","Noord-Holland",false,52.360748,4.888345,"material damage only","4","clear",false,1,"GM0363"
"20240098296",2024,"Letsel",1,"Fiets",\N,"Eenzijdig","Rechte weg",50,"Niet brandend","Daglicht","Droog",\N,\N,"Wassenaarseweg","Katwijk","Katwijk","Zuid-Holland",false,52.186437,4.416815,"injury","2","clear",false,1,"GM0537"
"20240046128",2024,"Uitsluitend materiele schade",2,"Personenauto","Fiets","Flank","Rechte weg",30,"Niet brandend","Daglicht","Droog",\N,"384275042","Vlierstraat","Huissen","Lingewaard","Gelderland",false,51.92607,5.928946,"material damage only","4","clear",false,1,"GM1705"
"20240046753",2024,"Uitsluitend materiele schade",2,"Personenauto","Fiets","Flank","Kruispunt, 4 takken",50,"Niet brandend","Daglicht","Droog",\N,\N,"Schoolstraat","Veendam","Veendam","Groningen",false,53.098385,6.872375,"material damage only","4","clear",false,1,"GM0047"
"20240048497",2024,"Letsel",2,"Personenauto","e-bike","Flank","Kruispunt, 4 takken",50,"Niet brandend","Daglicht","Droog",\N,\N,"Kalenderweg","Almere","Almere","Flevoland",false,52.398,5.285084,"injury","2","clear",false,1,"GM0034"
"20240089557",2024,"Letsel",2,"Personenauto","Fiets","Flank","Rotonde",50,"Niet brandend","Daglicht","Droog",\N,\N,"Twiskeweg","Zaandam","Zaanstad","Noord-Holland",false,52.441302,4.842685,"injury","2","clear",false,1,"GM0479"
"20240098093",2024,"Letsel",1,"Fiets",\N,"Onbekend","Rechte weg",50,"Niet brandend","Daglicht","Droog",\N,"601132264","Leidsevaart","Lisse","Lisse","Zuid-Holland",false,52.27648,4.535381,"injury","2","clear",false,1,"GM0553"
"20240046783",2024,"Uitsluitend materiele schade",2,"Personenauto","Fiets","Flank","Kruispunt, 4 takken",50,"Niet brandend","Daglicht","Droog","Brug/viaduct",\N,"BOTERINGEBRUG","Groningen","Groningen","Groningen",false,53.221475,6.562599,"material damage only","4","clear",false,1,"GM0014"
"20240048556",2024,"Uitsluitend materiele schade",2,"Personenauto","Fiets","Flank","Rechte weg",30,"Niet brandend","Daglicht","Droog",\N,"270315052","Van Hoornekade","Utrecht","Utrecht","Utrecht",false,52.109298,5.096442,"material damage only","4","clear",false,1,"GM0344"
"20240084416",2024,"Uitsluitend materiele schade",2,"Personenauto","Fiets","Flank","Rotonde",50,"Niet brandend","Daglicht","Droog",\N,\N,"Zandlaan","Ede","Ede","Gelderland",false,52.019297,5.67204,"material damage only","4","clear",false,1,"GM0228"
"20240086995",2024,"Letsel",1,"Fiets",\N,"Onbekend","Bocht",30,"Niet brandend","Daglicht","Droog",\N,"289446080","De Middend","Bovenkarspel","Stede Broec","Noord-Holland",false,52.695875,5.235035,"injury","2","clear",false,1,"GM0532"
"20240088263",2024,"Letsel",2,"Bestelauto","Fiets","Flank","Kruispunt, 4 takken",50,"Niet brandend","Daglicht","Droog",\N,\N,"Schalk Burgerstraat","'s-Gravenhage","'s-Gravenhage","Zuid-Holland",false,52.060061,4.293717,"injury","2","clear",false,1,"GM0518"
"20240095248",2024,"Letsel",2,"Personenauto","Fiets","Flank","Rechte weg",50,"Niet brandend","Daglicht","Droog",\N,"516505002","Zuiderdiep","Nieuw-Buinen","Borger-Odoorn","Drenthe",false,52.953632,6.927915,"injury","2","clear",false,1,"GM1681"
"20240095769",2024,"Letsel",2,"Fiets","Fiets","Frontaal","Rechte weg",80,"Niet brandend","Daglicht","Droog",\N,"600669285","Provincialeweg","Castricum","Castricum","Noord-Holland",false,52.532517,4.696303,"injury","2","clear",false,1,"GM0383"
"20240101821",2024,"Uitsluitend materiele schade",2,"Personenauto","e-bike","Flank","Kruispunt, 3 takken",80,"Niet brandend","Daglicht","Droog",\N,\N,"Vliegveldweg","Moorveld","Meerssen","Limburg",false,50.91226,5.763585,"material damage only","4","clear",false,1,"GM0938"
"20240102137",2024,"Uitsluitend materiele schade",2,"Fiets","Overig vast object","Vast voorwerp","Rechte weg",60,"Niet brandend","Duisternis","Droog",\N,"600852834","Swolgenseweg","Tienray","Horst aan de Maas","Limburg",false,51.494347,6.100016,"material damage only","4","clear",false,1,"GM1507"
"20240049175",2024,"Uitsluitend materiele schade",2,"Personenauto","Fiets","Flank","Rechte weg",30,"Niet brandend","Daglicht","Droog",\N,"292308010","Hoog Kanje","Zeist","Zeist","Utrecht",false,52.076306,5.262701,"material damage only","4","clear",false,1,"GM0355"
"20240080708",2024,"Uitsluitend materiele schade",2,"Bestelauto","Fiets","Onbekend","Rotonde",\N,"Niet brandend","Daglicht","Droog",\N,\N,"Laan 1940-1945","Maassluis","Maassluis","Zuid-Holland",false,51.919535,4.260072,"material damage only","4","clear",false,1,"GM0556"
"20240088987",2024,"Uitsluitend materiele schade",2,"Personenauto","Fiets","Flank","Kruispunt, 4 takken",30,"Brandend","Duisternis","Droog",\N,\N,"Stadhouderskade","Amsterdam","Amsterdam","Noord-Holland",true,52.360559,4.885947,"material damage only","4","clear",false,1,"GM0363"
"20240091548",2024,"Letsel",2,"Fiets","Fiets","Onbekend","Rechte weg",30,"Niet brandend","Daglicht","Droog",\N,"61181048","Banckertplein","Middelburg","Middelburg","Zeeland",false,51.492649,3.601161,"injury","2","clear",false,1,\N
"20240044702",2024,"Uitsluitend materiele schade",2,"Personenauto","Fiets","Flank","Kruispunt, 3 takken",50,"Niet brandend","Daglicht","Regen",\N,\N,"Doornboslaan","Breda","Breda","Noord-Brabant",false,51.600141,4.790748,"material damage only","4","rain",false,1,"GM0758"
"20240083177",2024,"Uitsluitend materiele schade",2,"Personenauto","Fiets","Onbekend","Rechte weg",30,"Niet brandend","Daglicht","Droog",\N,"161200016","Westdam","Steenbergen","Steenbergen","Noord-Brabant",false,51.587844,4.317856,"material damage only","4","clear",false,1,"GM0851"
"20240085744",2024,"Letsel",2,"Bromfiets","Fiets","Frontaal","Rechte weg",30,"Niet brandend","Daglicht","Droog","Tunnel","409407044","Vondelpad","Zwolle","Zwolle","Overijssel",false,52.518489,6.118734,"injury","2","clear",false,1,"GM0193"
"20240087052",2024,"Letsel",2,"Fiets","Fiets","Flank","Kruispunt, 4 takken",\N,"Niet brandend","Daglicht","Droog",\N,\N,"Oosttangent","Heerhugowaard","Dijk en Waard","Noord-Holland",false,52.662682,4.850292,"injury","2","clear",false,1,"GM1980"
"20240088358",2024,"Letsel",1,"Fiets",\N,"Eenzijdig","Rechte weg",30,"Brandend","Duisternis","Droog",\N,"186328012","Turfmarkt","Leiden","Leiden","Zuid-Holland",false,52.162346,4.485861,"injury","2","clear",false,1,"GM0546"
"20240094038",2024,"Letsel",2,"Personenauto","Fiets","Flank","Kruispunt, 3 takken",50,"Niet brandend","Daglicht","Droog",\N,\N,"Muntweg","Nijmegen","Nijmegen","Gelderland",false,51.827321,5.829911,"injury","2","clear",false,1,"GM0268"
"20240094430",2024,"Uitsluitend materiele schade",2,"Bromfiets","Fiets","Frontaal","Kruispunt, 4 takken",50,"Brandend","Duisternis","Droog",\N,\N,"Nieuwe Plein","Arnhem","Arnhem","Gelderland",false,51.982374,5.903062,"material damage only","4","clear",false,1,"GM0202"
"20240044999",2024,"Uitsluitend materiele schade",2,"Fiets","Fiets","Flank","Rechte weg",50,"Niet brandend","Daglicht","Regen",\N,"600121436","St. Ignatiusstraat","Breda","Breda","Noord-Brabant",false,51.590965,4.794316,"material damage only","4","rain",false,1,"GM0758"
"20240086403",2024,"Dodelijk",3,"Vrachtauto","Fiets","Flank","Kruispunt, 3 takken",60,"Niet brandend","Daglicht","Droog",\N,\N,"Burgerweg","Hippolytushoef","Hollands Kroon","Noord-Holland",false,52.904511,4.996366,"fatal","1","clear",false,1,"GM1911"
"20240086409",2024,"Uitsluitend materiele schade",2,"Bromfiets","Fiets","Onbekend","Rechte weg",30,"Niet brandend","Daglicht","Droog",\N,"289311002","Voorheuvel","Zeist","Zeist","Utrecht",false,52.088367,5.240996,"material damage only","4","clear",false,1,"GM0355"
"20240088376",2024,"Uitsluitend materiele schade",2,"Motor","Fiets","Flank","Kruispunt, 4 takken",50,"Brandend","Duisternis","Droog",\N,\N,"Mercuriusweg","'s-Gravenhage","'s-Gravenhage","Zuid-Holland",false,52.06952,4.336418,"material damage only","4","clear",false,1,"GM0518"
"20240088401",2024,"Letsel",1,"Fiets",\N,"Kop/staart","Rechte weg",15,"Niet brandend","Daglicht","Droog",\N,\N,"Bessenwier","Leiden","Leiden","Zuid-Holland",false,52.180639,4.500201,"injury","2","clear",false,1,"GM0546"
"20240088404",2024,"Letsel",1,"Fiets",\N,"Onbekend","Rechte weg",30,"Niet brandend","Daglicht","Droog",\N,"180294172","Pasgelt","Pijnacker","Pijnacker-Nootdorp","Zuid-Holland",false,52.009355,4.44166,"injury","2","clear",false,1,"GM1926"
"20240098954",2024,"Letsel",2,"Fiets","Personenauto","Frontaal","Kruispunt, 3 takken",30,"Brandend","Daglicht","Droog",\N,\N,"Alfred Döblinstraat","Amsterdam","Amsterdam","Noord-Holland",false,52.320411,4.945905,"injury","2","clear",false,1,"GM0363"
"20240100160",2024,"Letsel",2,"Fiets","Fiets","Flank","Kruispunt, 4 takken",30,"Niet brandend","Daglicht","Droog",\N,"152305035","Georges Bizetstraat","'s-Gravenhage","'s-Gravenhage","Zuid-Holland",false,52.059114,4.24226,"injury","2","clear",false,1,"GM0518"
"20240045672",2024,"Letsel",2,"Personenauto","Fiets","Flank","Kruispunt, 4 takken",50,"Niet aanwezig","Daglicht","Droog",\N,\N,"Boermarkeweg","Emmen","Emmen","Drenthe",false,52.780476,6.910222,"injury","2","clear",false,1,"GM0114"
"20240050577",2024,"Letsel",1,"Fiets",\N,"Flank","Kruispunt, 4 takken",50,"Niet brandend","Daglicht","Droog",\N,\N,"Wim Gerreselaan","'s-Gravenhage","'s-Gravenhage","Zuid-Holland",false,52.051581,4.238431,"injury","2","clear",false,1,"GM0518"
"20240073609",2024,"Uitsluitend materiele schade",2,"Personenauto","Fiets","Flank","Kruispunt, 4 takken",50,"Niet brandend","Daglicht","Regen",\N,\N,"Kerkstraat","Heesch","Bernheze","Noord-Brabant",false,51.730252,5.522551,"material damage only","4","rain",false,1,"GM1721"
"20240074225",2024,"Letsel",2,"Personenauto","Fiets","Flank","Rechte weg",50,"Niet brandend","Daglicht","Droog",\N,\N,"Via Regia","Maastricht","Maastricht","Limburg",false,50.858649,5.645479,"injury","2","clear",false,1,"GM0935"
"20240075233",2024,"Letsel",2,"Fiets","Overig vast object","Vast voorwerp","Rechte weg",80,"Niet aanwezig","Daglicht","Droog",\N,"456319008","Borculoseweg","Barchem","Lochem","Gelderland",false,52.12214,6.469752,"injury","2","clear",false,1,"GM0262"
"20240079388",2024,"Uitsluitend materiele schade",2,"Personenauto","Fiets","Flank","Kruispunt, 4 takken",50,"Niet brandend","Daglicht","Regen",\N,\N,"Rijksweg","Sint Maartensvlotbrug","Schagen","Noord-Holland",false,52.786669,4.707096,"material damage only","4","rain",false,1,"GM0441"
"20240085164",2024,"Uitsluitend materiele schade",2,"Personenauto","Fiets","Flank","Kruispunt, 3 takken",50,"Niet brandend","Daglicht","Droog",\N,\N,"Essenerweg","Kootwijkerbroek","Barneveld","Gelderland",false,52.151428,5.663257,"material damage only","4","clear",false,1,"GM0203"
"20240087139",2024,"Uitsluitend materiele schade",2,\N,"Fiets","Flank","Kruispunt, 3 takken",50,"Niet brandend","Daglicht","Droog",\N,\N,"KOFSCHIPBRUG","Lelystad","Lelystad","Flevoland",false,52.518612,5.477152,"material damage only","4","clear",false,1,"GM0995"
"20240087154",2024,"Uitsluitend materiele schade",2,"Personenauto","Fiets","Kop/staart","Rechte weg",30,"Niet brandend","Daglicht","Droog","Brug/viaduct","600749514","VLOTBRUG","Sint Maartensvlotbrug","Schagen","Noord-Holland",false,52.786378,4.707472,"material damage only","4","clear",false,1,"GM0441"
"20240091657",2024,"Letsel",1,"Fiets",\N,"Eenzijdig","Rechte weg",30,"Niet brandend","Daglicht","Droog",\N,"150294061","Achter de Bergen","Honselersdijk","Westland","Zuid-Holland",false,52.006733,4.226054,"injury","2","clear",false,1,"GM1783"
"20240099640",2024,"Uitsluitend materiele schade",2,"Snorfiets","Fiets","Flank","Kruispunt, 3 takken",50,"Niet brandend","Daglicht","Droog",\N,\N,"'s-Gravenweg","Rotterdam","Rotterdam","Zuid-Holland",false,51.922485,4.531993,"material damage only","4","clear",false,1,"GM0599"
"20240100317",2024,"Letsel",1,"Fiets",\N,"Onbekend","Rechte weg",30,"Niet brandend","Daglicht","Droog",\N,"175252040","Steenenstraat","Oud-Beijerland","Hoeksche Waard","Zuid-Holland",false,51.82152,4.415709,"injury","2","clear",false,1,"GM1963"
"20240101027",2024,"Letsel",2,"Personenauto","Fiets","Flank","Rechte weg",50,"Niet brandend","Daglicht","Regen",\N,"182271058","Willem Buytewechstraat","Rotterdam","Rotterdam","Zuid-Holland",false,51.907782,4.462109,"injury","2","rain",false,1,"GM0599"
"20240050000",2024,"Uitsluitend materiele schade",2,"Snorfiets","Fiets","Frontaal","Kruispunt, 4 takken",30,"Niet brandend","Daglicht","Droog",\N,\N,"Hendrikje Stoffelsstraat","Amsterdam","Amsterdam","Noord-Holland",false,52.356334,4.840878,"material damage only","4","clear",false,1,"GM0363"
"20240071107",2024,"Letsel",1,"Fiets",\N,"Onbekend",\N,50,\N,"Daglicht",\N,\N,\N,"Bergweg","Rotterdam","Rotterdam","Zuid-Holland",false,51.938055,4.479554,"injury","2","unknown",false,1,"GM0599"
"20240072755",2024,"Uitsluitend materiele schade",2,"Personenauto","Fiets","Flank","Rechte weg",50,"Niet brandend","Daglicht","Droog",\N,"600632382","Groot Bollerweg","Venlo","Venlo","Limburg",false,51.38096,6.139571,"material damage only","4","clear",false,1,"GM0983"
"20230176302",2023,"Letsel",2,"Personenauto","Fiets","Flank","Rechte weg",50,"Brandend","Duisternis","Droog",\N,"242372013","Vijzelstraat","Amsterdam","Amsterdam","Noord-Holland",false,52.363326,4.89217,"injury","2","clear",false,1,"GM0363"
"20240087201",2024,"Letsel",2,"Personenauto","Fiets","Onbekend","Rechte weg",50,"Niet brandend","Daglicht","Droog",\N,"221377012","Zwanenburgerdijk","Zwanenburg","Haarlemmermeer","Noord-Holland",false,52.383987,4.742308,"injury","2","clear",false,1,"GM0394"
"20240088463",2024,"Letsel",1,"Fiets",\N,"Onbekend","Kruispunt, 4 takken",50,"Brandend","Duisternis","Droog",\N,\N,"Goudenregenstraat","'s-Gravenhage","'s-Gravenhage","Zuid-Holland",false,52.079078,4.261446,"injury","2","clear",false,1,"GM0518"
"20240089130",2024,"Letsel",2,"Fiets","Personenauto","Flank","Rotonde",50,"Niet brandend","Daglicht","Droog",\N,\N,"Meerzichtlaan","Zoetermeer","Zoetermeer","Zuid-Holland",false,52.054983,4.475388,"injury","2","clear",false,1,"GM0637"
"20240089148",2024,"Letsel",2,"Personenauto","Fiets","Flank","Rotonde",50,"Brandend","Schemer","Droog",\N,\N,"Erasmusweg","'s-Gravenhage","'s-Gravenhage","Zuid-Holland",false,52.050303,4.298781,"injury","2","clear",false,1,"GM0518"
"20240097130",2024,"Uitsluitend materiele schade",2,"Personenauto","Fiets","Onbekend","Kruispunt, 3 takken",50,"Niet brandend","Daglicht","Droog",\N,\N,"Grote Beer","Veenendaal","Veenendaal","Utrecht",false,52.035858,5.575439,"material damage only","4","clear",false,1,"GM0345"
"20240100903",2024,"Letsel",1,"Fiets",\N,"Onbekend","Rechte weg",15,"Niet brandend","Daglicht","Droog",\N,"163310123","Lage Zand","'s-Gravenhage","'s-Gravenhage","Zuid-Holland",false,52.078579,4.320795,"injury","2","clear",false,1,"GM0518"
"20240101314",2024,"Letsel",2,"Fiets","Personenauto","Onbekend","Kruispunt, 4 takken",30,"Niet brandend","Daglicht","Regen",\N,\N,"Karel Doormanstraat","Rotterdam","Rotterdam","Zuid-Holland",false,51.923275,4.473307,"injury","2","rain",false,1,"GM0599"
"20240101801",2024,"Uitsluitend materiele schade",2,"Personenauto","Fiets","Flank","Kruispunt, 4 takken",30,"Niet brandend","Daglicht","Droog",\N,\N,"Pastoor Op Heijstraat","Venlo","Venlo","Limburg",false,51.362049,6.162826,"material damage only","4","clear",false,1,"GM0983"
"20240045124",2024,"Letsel",1,"Fiets",\N,"Onbekend",\N,\N,\N,"Daglicht",\N,\N,"166182039","Bergsebaan","Heerle","Roosendaal","Noord-Brabant",false,51.506996,4.356792,"injury","2","unknown",false,1,"GM1674"
"20240047025",2024,"Uitsluitend materiele schade",2,"Fiets","Fiets","Onbekend","Rotonde",50,"Niet brandend","Daglicht","Droog",\N,\N,"Stadswal","Huissen","Lingewaard","Gelderland",false,51.929685,5.936945,"material damage only","4","clear",false,1,"GM1705"
"20240085253",2024,"Letsel",2,"Fiets","Fiets","Frontaal","Bocht",80,"Niet brandend","Daglicht","Droog",\N,\N,"Siep","Groesbeek","Berg en Dal","Gelderland",false,51.788435,5.932664,"injury","2","clear",false,1,"GM1945"
"20240086550",2024,"Letsel",2,"Bromfiets","Fiets","Flank","Kruispunt, 4 takken",30,"Niet brandend","Daglicht","Droog",\N,\N,"Femina Mullerstraat","Hoofddorp","Haarlemmermeer","Noord-Holland",false,52.296247,4.66885,"injury","2","clear",false,1,"GM0394"
"20240087883",2024,"Letsel",2,"Personenauto","Fiets","Onbekend","Rechte weg",30,"Niet brandend","Daglicht","Droog",\N,"229275001","'t Molenweer","Ammerstol","Krimpenerwaard","Zuid-Holland",false,51.925692,4.805663,"injury","2","clear",false,1,"GM1931"
"20240100368",2024,"Letsel",1,"Fiets",\N,"Onbekend","Rechte weg",\N,"Niet brandend","Daglicht","Droog",\N,"600746648","Burg Bruins Slotsingel","Alphen aan den Rijn","Alphen aan den Rijn","Zuid-Holland",false,52.141528,4.687386,"injury","2","clear",false,1,"GM0484"
"20240100480",2024,"Letsel",1,"Fiets",\N,"Eenzijdig","Rechte weg",30,"Niet brandend","Daglicht","Droog",\N,"160309040","Noordwal","'s-Gravenhage","'s-Gravenhage","Zuid-Holland",false,52.076625,4.295627,"injury","2","clear",false,1,"GM0518"
"20240101220",2024,"Uitsluitend materiele schade",2,"Brommobiel","Fiets","Onbekend","Kruispunt, 4 takken",30,"Niet brandend","Daglicht","Regen",\N,\N,"Cerberuspad","Rotterdam","Rotterdam","Zuid-Holland",false,51.962553,4.493012,"material damage only","4","rain",false,1,"GM0599"
"20240101570",2024,"Uitsluitend materiele schade",2,"Personenauto","Fiets","Onbekend","Kruispunt, 3 takken",50,"Niet brandend","Daglicht","Droog",\N,\N,"Raadhuislaan","Tegelen","Venlo","Limburg",false,51.339413,6.139122,"material damage only","4","clear",false,1,"GM0983"
"20240074357",2024,"Uitsluitend materiele schade",2,"Personenauto","Fiets","Frontaal","Kruispunt, 3 takken",30,\N,"Daglicht","Droog",\N,\N,"Edenstraat","Eindhoven","Eindhoven","Noord-Brabant",false,51.43271,5.475926,"material damage only","4","clear",false,1,"GM0772"
"20240087919",2024,"Uitsluitend materiele schade",2,"Fiets","Personenauto","Flank","Rechte weg",30,"Brandend","Duisternis","Droog",\N,"600763453","Amsteldijk","Amsterdam","Amsterdam","Noord-Holland",false,52.358272,4.903969,"material damage only","4","clear",false,1,"GM0363"
"20240089205",2024,"Letsel",2,"Fiets","Fiets","Flank","Rechte weg",50,"Niet aanwezig","Duisternis","Droog",\N,"600712621","Lange Broekweg","Naaldwijk","Westland","Zuid-Holland",false,51.988658,4.222871,"injury","2","clear",false,1,"GM1783"
"20240090504",2024,"Letsel",2,"Personenauto","Fiets","Flank","Kruispunt, 4 takken",50,"Brandend","Schemer","Droog",\N,\N,"Dr. Struyckenstraat","Breda","Breda","Noord-Brabant",true,51.578792,4.760691,"injury","2","clear",false,1,"GM0758"
"20240097203",2024,"Letsel",2,"Personenauto","Fiets","Los voorwerp","Kruispunt, 4 takken",50,"Niet brandend","Daglicht","Regen",\N,\N,"Kasaidreef","Utrecht","Utrecht","Utrecht",false,52.117761,5.107684,"injury","2","rain",false,1,"GM0344"
"20240101410",2024,"Uitsluitend materiele schade",2,"Personenauto","Fiets","Flank","Kruispunt, 3 takken",50,"Niet brandend","Daglicht","Droog",\N,\N,"Kerkeveldlaan","Roermond","Roermond","Limburg",true,51.198972,6.015994,"material damage only","4","clear",false,1,"GM0957"
"20240102723",2024,"Uitsluitend materiele schade",2,"Personenauto","Fiets","Flank","Rotonde",30,"Niet brandend","Daglicht","Regen",\N,\N,"Euterpelaan","Oss","Oss","Noord-Brabant",false,51.755698,5.511404,"material damage only","4","rain",false,1,"GM0828"
"20240048842",2024,"Uitsluitend materiele schade",2,"Fiets","Motor","Flank","Kruispunt, 4 takken",60,"Niet aanwezig","Daglicht","Droog",\N,\N,"Dierenseweg","Olburgen","Bronckhorst","Gelderland",false,52.041751,6.122498,"material damage only","4","clear",false,1,"GM1876"
"20240071246",2024,"Letsel",2,"Fiets",\N,"Onbekend","Rechte weg",30,"Niet brandend","Daglicht","Droog",\N,"600749270","Burgvlietkade","Gouda","Gouda","Zuid-Holland",false,52.020064,4.720734,"injury","2","clear",false,1,"GM0513"
"20240085986",2024,"Letsel",2,"Personenauto","Fiets","Onbekend","Kruispunt, 4 takken",30,"Niet brandend","Daglicht","Droog",\N,\N,"Julianaweg","Wolvega","Weststellingwerf","Friesland",false,52.871582,5.994488,"injury","2","clear",false,1,"GM0098"
"20240089271",2024,"Letsel",2,"e-bike","e-bike","Flank","Kruispunt, 3 takken",60,"Niet brandend","Daglicht","Droog",\N,\N,"Middenweg","Zijdewind","Hollands Kroon","Noord-Holland",false,52.753149,4.829884,"injury","2","clear",false,1,"GM1911"
"20240045903",2024,"Letsel",2,"Personenauto","Fiets","Geparkeerd voertuig","Rechte weg",30,"Niet aanwezig","Daglicht","Droog",\N,"493551019","Parallelweg","Hoogezand","Midden-Groningen","Groningen",false,53.160293,6.762002,"injury","2","clear",false,1,"GM1952"
"20240070608",2024,"Uitsluitend materiele schade",1,"Fiets",\N,"Onbekend","Rechte weg",50,"Niet brandend","Daglicht","Droog",\N,"601112656","Mathenesserweg","Rotterdam","Rotterdam","Zuid-Holland",false,51.916189,4.443038,"material damage only","4","clear",false,1,"GM0599"
"20240071299",2024,"Uitsluitend materiele schade",2,"Personenauto","Fiets","Flank","Kruispunt, 4 takken",50,"Brandend","Duisternis","Droog",\N,\N,"Zichtenburglaan","'s-Gravenhage","'s-Gravenhage","Zuid-Holland",false,52.04823,4.249868,"material damage only","4","clear",false,1,"GM0518"
"20240073165",2024,"Letsel",2,"Personenauto","Fiets","Flank","Kruispunt, 4 takken",50,"Niet brandend","Daglicht","Droog",\N,\N,"Ringbaan-Oost","Tilburg","Tilburg","Noord-Brabant",false,51.565679,5.100533,"injury","2","clear",false,1,"GM0855"
"20240078368",2024,"Uitsluitend materiele schade",2,"Bromfiets","Fiets","Onbekend","Rechte weg",50,"Brandend","Duisternis","Droog",\N,"601001596","Vriezenveenseweg","Almelo","Almelo","Overijssel",false,52.380395,6.663929,"material damage only","4","clear",false,1,"GM0141"
"20240078388",2024,"Uitsluitend materiele schade",2,"Personenauto","Fiets","Flank","Kruispunt, 3 takken",50,"Niet brandend","Daglicht","Droog",\N,\N,"Groesbeekseweg","Malden","Heumen","Gelderland",false,51.780674,5.854539,"material damage only","4","clear",false,1,"GM0252"
"20240082783",2024,"Letsel",2,"Personenauto","Fiets","Los voorwerp",\N,30,"Niet brandend","Daglicht","Droog","Parkeervoorziening","237215040","Schoondonk","Oosterhout","Oosterhout","Noord-Brabant",false,51.65823,4.862964,"injury","2","clear",false,1,"GM0826"
"20240085336",2024,"Letsel",2,"Bestelauto","Fiets","Geparkeerd voertuig","Rechte weg",50,"Niet brandend","Daglicht","Droog",\N,"601068138","Wichard van Pontlaan","Arnhem","Arnhem","Gelderland",false,51.989101,5.940701,"injury","2","clear",false,1,"GM0202"
"20240090593",2024,"Letsel",2,"Personenauto","Fiets","Flank","Rotonde",30,"Niet brandend","Daglicht","Droog",\N,\N,"M.A.de Ruijterlaan","Goes","Goes","Zeeland",false,51.500519,3.888746,"injury","2","clear",false,1,"GM0664"
"20240097279",2024,"Letsel",2,"Fiets","Fiets","Flank","Rechte weg",50,"Niet brandend","Daglicht","Droog","Tunnel","601022631","Spoorstraat","Gouda","Gouda","Zuid-Holland",false,52.017469,4.709407,"injury","2","clear",false,1,"GM0513"
"20240045259",2024,"Uitsluitend materiele schade",2,"Bromfiets","e-bike","Onbekend","Kruispunt, 4 takken",50,"Niet brandend","Daglicht","Droog",\N,\N,"Ariënsstraat","Tegelen","Venlo","Limburg",false,51.351579,6.149129,"material damage only","4","clear",false,1,"GM0983"