"accident_id","year","severity_raw","party_count","party1_type","party2_type","accident_type","road_situation","speed_limit_kmh","road_lighting","light_condition_label","weather_raw","infra_type","road_segment_id","street_name","place_name","gemeente_name_raw","province","alcohol_indicated","latitude","longitude","severity_label","severity_code","weather_label","built_up_area","cyclists_involved","gemeente_code"
"20240050193",2024,"Letsel",1,"Fiets",\N,"Onbekend","Rechte weg",50,"Niet brandend","Daglicht","Droog",\N,\N,"Burgemeester Jamessingel","Gouda","Gouda","Zuid-Holland",false,52.019189,4.694183,"injury","2","clear",false,1,"GM0513"
"20230049516",2023,"Letsel",2,"Bestelauto","Fiets","Flank","Kruispunt, 4 takken",50,"Niet brandend","Daglicht","Regen",\N,\N,"Prins Hendriklaan","Leidschendam","Leidschendam-Voorburg","Zuid-Holland",false,52.087228,4.400288,"injury","2","rain",false,1,"GM1916"
"20230058373",2023,"Letsel",1,"Fiets",\N,"Eenzijdig","Rechte weg",15,"Niet brandend","Daglicht","Droog",\N,"163309206","Spuiplein","'s-Gravenhage","'s-Gravenhage","Zuid-Holland",false,52.077082,4.316977,"injury","2","clear",false,1,"GM0518"
"20230058663",2023,"Letsel",1,"Fiets",\N,"Eenzijdig","Bocht",30,"Niet brandend","Daglicht","Droog",\N,"214318003","Kortsteekterweg","Alphen aan den Rijn","Alphen aan den Rijn","Zuid-Holland",false,52.117395,4.69304,"injury","2","clear",false,1,"GM0484"
"20230065555",2023,"Uitsluitend materiele schade",2,"Personenauto","Fiets","Flank","Rechte weg",50,"Niet brandend","Daglicht","Droog",\N,"404310012","Harderwijkerweg","Laag-Soeren","Rheden","Gelderland",false,52.083988,6.075252,"material damage only","4","clear",false,1,"GM0275"
"20230057454",2023,"Letsel",1,"Fiets",\N,"Eenzijdig","Bocht",\N,"Niet brandend","Daglicht","Droog",\N,"481372069","Aalderinkssingel","Almelo","Almelo","Overijssel",false,52.357278,6.647081,"injury","2","clear",false,1,"GM0141"
"20230060933",2023,"Letsel",2,"Personenauto","Fiets","Geparkeerd voertuig","Rechte weg",50,"Niet brandend","Daglicht","Regen",\N,"163310158","Fluwelen Burgwal","'s-Gravenhage","'s-Gravenhage","Zuid-Holland",false,52.079845,4.318462,"injury","2","rain",false,1,"GM0518"
"20230061450",2023,"Letsel",1,"Fiets",\N,"Eenzijdig","Kruispunt, 4 takken",30,"Niet brandend","Daglicht","Droog",\N,\N,"Erasmusweg","'s-Gravenhage","'s-Gravenhage","Zuid-Holland",false,52.048751,4.295922,"injury","2","clear",false,1,"GM0518"
"20230043091",2023,"Letsel",2,"Personenauto","Fiets","Flank","Kruispunt, 3 takken",30,"Niet brandend","Daglicht","Droog",\N,\N,"Lepelaarsingel","Capelle aan den IJssel","Capelle aan den IJssel","Zuid-Holland",false,51.927784,4.587076,"injury","2","clear",false,1,"GM0502"
"20230043092",2023,"Letsel",2,"Personenauto","Fiets","Flank","Rotonde",50,"Niet brandend","Daglicht","Droog",\N,\N,"Teunis Stooplaan","Hendrik-Ido-Ambacht","Hendrik-Ido-Ambacht","Zuid-Holland",false,51.849717,4.655792,"injury","2","clear",false,1,"GM0531"
"20230047801",2023,"Uitsluitend materiele schade",2,"Bromfiets","Fiets","Flank","Kruispunt, 3 takken",50,"Niet brandend","Daglicht","Droog",\N,\N,"Gein-Zuid","Abcoude","De Ronde Venen","Utrecht",false,52.274034,4.981629,"material damage only","4","clear",false,1,"GM0736"
"20230049596",2023,"Letsel",3,"Fiets","Dier","Dier","Rechte weg",60,"Niet brandend","Daglicht","Droog",\N,"215285001","Achterbroek","Berkenwoude","Krimpenerwaard","Zuid-Holland",false,51.977277,4.711069,"injury","2","clear",false,1,"GM1931"
"20230057329",2023,"Uitsluitend materiele schade",2,"Personenauto","Fiets","Frontaal","Kruispunt, 4 takken",30,"Niet brandend","Daglicht","Regen",\N,\N,"de Savornin Lohmanstraat","Bunschoten-Spakenburg","Bunschoten","Utrecht",false,52.253146,5.376007,"material damage only","4","rain",false,1,"GM0313"
"20230049066",2023,"Letsel",3,"Fiets",\N,"Eenzijdig","Rechte weg",50,"Niet brandend","Daglicht","Droog",\N,"601016183","Cort van der Lindenpad","'s-Gravenhage","'s-Gravenhage","Zuid-Holland",false,52.089762,4.249513,"injury","2","clear",false,1,"GM0518"
"20230051320",2023,"Uitsluitend materiele schade",2,"Personenauto","Fiets","Flank","Kruispunt, 4 takken",50,"Niet brandend","Daglicht","Droog",\N,\N,"Ruysdaelbaan","Eindhoven","Eindhoven","Noord-Brabant",false,51.436472,5.504948,"material damage only","4","clear",false,1,"GM0772"
"20230059137",2023,"Letsel",2,"Personenauto","Fiets","Flank","Kruispunt, 3 takken",50,"Brandend","Duisternis","Droog",\N,\N,"Amstelveenseweg","Amsterdam","Amsterdam","Noord-Holland",false,52.353179,4.85599,"injury","2","clear",false,1,"GM0363"
"20230064721",2023,"Uitsluitend materiele schade",2,"Personenauto","Fiets","Flank","Rechte weg",50,"Niet brandend","Daglicht","Droog",\N,"600908726","Stationsstraat","Deventer","Deventer","Overijssel",false,52.258613,6.156542,"material damage only","4","clear",false,1,"GM0150"
"20230049075",2023,"Letsel",1,"Fiets",\N,"Eenzijdig","Rechte weg",50,"Niet brandend","Daglicht","Droog","Brug/viaduct","211297081","Nieuwe Gouwe O.Z.","Gouda","Gouda","Zuid-Holland",false,52.024345,4.668388,"injury","2","clear",false,1,"GM0513"
"20230049094",2023,"Uitsluitend materiele schade",2,"Fiets","Personenauto","Flank","Rechte weg",30,"Niet brandend","Daglicht","Droog",\N,"600124244","Herengracht","Amsterdam","Amsterdam","Noord-Holland",false,52.365128,4.89442,"material damage only","4","clear",false,1,"GM0363"
"20230050194",2023,"Letsel",2,"Fiets","Fiets","Onbekend","Rechte weg",50,"Niet brandend","Daglicht","Droog",\N,"600124207","Beethovenstraat","Amsterdam","Amsterdam","Noord-Holland",false,52.345878,4.876635,"injury","2","clear",false,1,"GM0363"
"20230058239",2023,"Letsel",2,"Fiets","Fiets","Onbekend","Rechte weg",50,"Niet brandend","Daglicht","Droog",\N,"600717729","Tramkade","Den Hoorn","Midden-Delfland","Zuid-Holland",false,51.993475,4.32641,"injury","2","clear",false,1,"GM1842"
"20230061025",2023,"Letsel",1,"Fiets",\N,"Eenzijdig","Rechte weg",30,"Niet brandend","Daglicht","Droog",\N,"600736546","Sixlaan","Hillegom","Hillegom","Zuid-Holland",false,52.297242,4.578697,"injury","2","clear",false,1,"GM0534"
"20240132779",2024,"Letsel",2,"Fiets","Fiets","Flank","Kruispunt, 3 takken",30,"Niet brandend","Daglicht","Droog",\N,\N,"van Iersellaan","Noordwijkerhout","Noordwijk","Zuid-Holland",false,52.257491,4.489149,"injury","2","clear",false,1,"GM0575"
"20230040340",2023,"Letsel",1,"Fiets",\N,"Eenzijdig","Kruispunt, 4 takken",30,"Niet brandend","Daglicht","Droog",\N,\N,"Scheveningseweg","'s-Gravenhage","'s-Gravenhage","Zuid-Holland",false,52.102257,4.278427,"injury","2","clear",false,1,"GM0518"
"20230056644",2023,"Letsel",2,"Personenauto","e-bike","Flank","Kruispunt, 3 takken",30,"Niet brandend","Daglicht","Droog",\N,\N,"Regenboog","Elst","Overbetuwe","Gelderland",false,51.917271,5.857049,"injury","2","clear",false,1,"GM1734"
"20240133327",2024,"Uitsluitend materiele schade",3,"Fiets","Fiets","Flank","Rechte weg",30,"Niet brandend","Daglicht","Droog",\N,"242377028","Westerdoksdijk","Amsterdam","Amsterdam","Noord-Holland",true,52.383168,4.893116,"material damage only","4","clear",false,1,"GM0363"
"20230046784",2023,"Letsel",1,"Fiets",\N,"Eenzijdig","Rechte weg",50,"Niet brandend","Daglicht","Droog",\N,"600751691","Kanaaldijk","Bergen (NH)","Bergen (NH)","Noord-Holland",false,52.682423,4.739366,"injury","2","clear",false,1,\N
"20230047991",2023,"Letsel",2,"Bromfiets","Fiets","Onbekend","Kruispunt, 3 takken",30,"Niet brandend","Daglicht","Droog",\N,\N,"Bakkerspad","Markenbinnen","Alkmaar","Noord-Holland",false,52.52976,4.783173,"injury","2","clear",false,1,"GM0361"
"20230050269",2023,"Letsel",2,"Motor","Fiets","Flank","Rechte weg",50,"Niet brandend","Daglicht","Droog",\N,"600394357","Linnaeusstraat","Amsterdam","Amsterdam","Noord-Holland",false,52.357483,4.927,"injury","2","clear",false,1,"GM0363"
"20240133436",2024,"Letsel",2,"Snorfiets","Fiets","Flank","Kruispunt, 4 takken",30,"Brandend","Duisternis","Regen",\N,\N,"Aagje Dekenlaan","'s-Gravenhage","'s-Gravenhage","Zuid-Holland",false,52.048796,4.295855,"injury","2","rain",false,1,"GM0518"
"20230040419",2023,"Letsel",1,"Fiets",\N,"Eenzijdig","Kruispunt, 3 takken",50,"Niet brandend","Daglicht","Droog",\N,\N,"Monseigneur van Steelaan","Voorburg","Leidschendam-Voorburg","Zuid-Holland",false,52.081909,4.365486,"injury","2","clear",false,1,"GM1916"
"20230053235",2023,"Uitsluitend materiele schade",2,"Personenauto","Fiets","Flank","Kruispunt, 4 takken",50,"Brandend","Duisternis","Droog",\N,\N,"Molenlaan","Rotterdam","Rotterdam","Zuid-Holland",false,51.963287,4.496353,"material damage only","4","clear",false,1,"GM0599"
"20230054401",2023,"Letsel",2,"Personenauto","Fiets","Onbekend","Rotonde",50,"Brandend","Daglicht","Droog",\N,\N,"Dr. Poelsstraat","Heerlen","Heerlen","Limburg",false,50.88591,5.980333,"injury","2","clear",false,1,"GM0917"
"20230058624",2023,"Uitsluitend materiele schade",2,"Personenauto","Fiets","Geparkeerd voertuig","Rechte weg",30,"Niet brandend","Daglicht","Droog",\N,"185341054","Julianalaan","Voorhout","Teylingen","Zuid-Holland",false,52.22255,4.48061,"material damage only","4","clear",false,1,"GM1525"
"20230059277",2023,"Letsel",2,"Bromfiets","Fiets","Flank","Rechte weg",70,"Niet brandend","Daglicht","Droog",\N,"234386016","Dr. J.M. den Uylweg","Zaandam","Zaanstad","Noord-Holland",false,52.428124,4.835454,"injury","2","clear",false,1,"GM0479"
"20230059278",2023,"Uitsluitend materiele schade",2,"Bromfiets","Fiets","Frontaal","Rechte weg",\N,"Niet brandend","Daglicht","Droog",\N,"242376103","De Ruijterkade","Amsterdam","Amsterdam","Noord-Holland",false,52.382427,4.895005,"material damage only","4","clear",false,1,"GM0363"
"20230064071",2023,"Uitsluitend materiele schade",2,"Fiets","Personenauto","Eenzijdig","Kruispunt, 3 takken",50,"Niet brandend","Daglicht","Droog",\N,\N,"Pasfeardyk","Loënga","Súdwest-Fryslân","Friesland",false,53.046225,5.678837,"material damage only","4","clear",false,1,"GM1900"
"20230064087",2023,"Letsel",2,"Personenauto","Fiets","Flank","Rotonde",50,"Niet brandend","Daglicht","Droog",\N,\N,"Boterhoeksestraat","Heteren","Overbetuwe","Gelderland",false,51.953119,5.757102,"injury","2","clear",false,1,"GM1734"
"20230065330",2023,"Letsel",2,"Bestelauto","Fiets","Flank","Kruispunt, 3 takken",50,"Niet brandend","Daglicht","Droog",\N,\N,"Rijksstraatweg","Warnsveld","Zutphen","Gelderland",false,52.143835,6.237766,"injury","2","clear",false,1,"GM0301"
"20230039301",2023,"Letsel",2,"Personenauto","Fiets","Flank","Rotonde",50,"Niet brandend","Daglicht","Droog",\N,\N,"Graaf Florisweg","Gouda","Gouda","Zuid-Holland",false,52.018483,4.719726,"injury","2","clear",false,1,"GM0513"
"20230039873",2023,"Letsel",2,"Fiets","Personenauto","Geparkeerd voertuig","Rechte weg",30,"Niet brandend","Daglicht","Droog",\N,"600731448","Zegwaartseweg","Zoetermeer","Zoetermeer","Zuid-Holland",false,52.052492,4.509708,"injury","2","clear",false,1,"GM0637"
"20230050340",2023,"Letsel",2,"Personenauto","Fiets","Flank","Rotonde",50,"Niet brandend","Daglicht","Droog",\N,\N,"Viaductweg","'s-Gravenhage","'s-Gravenhage","Zuid-Holland",false,52.058785,4.30662,"injury","2","clear",false,1,"GM0518"
"20230051501",2023,"Letsel",2,"Personenauto","Fiets","Flank","Kruispunt, 4 takken",50,"Niet brandend","Daglicht","Droog",\N,\N,"Beneluxlaan","Boxtel","Boxtel","Noord-Brabant",false,51.588908,5.333971,"injury","2","clear",false,1,"GM0757"
"20230055591",2023,"Letsel",2,"Fiets","Personenauto","Frontaal","Kruispunt, 4 takken",50,"Niet brandend","Daglicht","Droog","Brug/viaduct",\N,"BOTERINGEBRUG","Groningen","Groningen","Groningen",false,53.221173,6.562871,"injury","2","clear",false,1,"GM0014"
"20230058961",2023,"Letsel",2,"Fiets","Overig vast object","Vast voorwerp","Rechte weg",30,"Niet brandend","Daglicht","Droog",\N,"187327014","Wolsteeg","Leiden","Leiden","Zuid-Holland",false,52.157678,4.490381,"injury","2","clear",false,1,"GM0546"
"20230059344",2023,"Letsel",2,"Fiets","Voetganger","Voetganger","Rechte weg",30,"Niet aanwezig","Daglicht","Droog",\N,"201380003","Zeeweg","Overveen","Bloemendaal","Noord-Holland",false,52.395631,4.592405,"injury","2","clear",false,1,"GM0377"
"20230039900",2023,"Letsel",2,"Bus","e-bike","Flank","Rotonde",50,"Niet brandend","Daglicht","Droog",\N,\N,"Burg Kasteleinweg","Aalsmeer","Aalsmeer","Noord-Holland",false,52.272134,4.751851,"injury","2","clear",false,1,"GM0358"
"20230040483",2023,"Uitsluitend materiele schade",3,"Personenauto","Fiets","Onbekend","Kruispunt, 4 takken",50,"Niet brandend","Daglicht","Droog",\N,\N,"Uiterwaardenstraat","Amsterdam","Amsterdam","Noord-Holland",false,52.342805,4.906539,"material damage only","4","clear",false,1,"GM0363"
"20230045114",2023,"Letsel",1,"Fiets",\N,"Eenzijdig","Rechte weg",50,"Niet brandend","Daglicht","Droog",\N,"600553027","Groningerweg","Groningen","Groningen","Groningen",false,53.250645,6.581361,"injury","2","clear",false,1,"GM0014"
"20230048721",2023,"Letsel",1,"Fiets",\N,"Eenzijdig","Rechte weg",15,"Niet brandend","Daglicht","Droog",\N,"600372017","Marktplein","'s-Gravenzande","Westland","Zuid-Holland",false,52.003242,4.161716,"injury","2","clear",false,1,"GM1783"
"20230055625",2023,"Uitsluitend materiele schade",2,"Personenauto","Fiets","Flank","Kruispunt, 3 takken",50,"Niet brandend","Daglicht","Droog",\N,\N,"Osloweg","Groningen","Groningen","Groningen",false,53.211773,6.595551,"material damage only","4","clear",false,1,"GM0014"
"20240127538",2024,"Uitsluitend materiele schade",2,"Bestelauto","Fiets","Flank","Kruispunt, 4 takken",30,"Niet brandend","Schemer","Droog",\N,\N,"Wederiklaan","Kampen","Kampen","Overijssel",false,52.552832,5.899663,"material damage only","4","clear",false,1,"GM0166"
"20240127656",2024,"Uitsluitend materiele schade",2,"Personenauto","Fiets","Frontaal","Kruispunt, 4 takken",50,"Brandend","Duisternis","Droog",\N,\N,"Burgemeester Roelenweg","Zwolle","Zwolle","Overijssel",false,52.518342,6.08418,"material damage only","4","clear",false,1,"GM0193"
"20240127939",2024,"Letsel",2,"Personenauto","Fiets","Onbekend","Rechte weg",60,"Brandend","Duisternis","Droog",\N,"453506004","Hoofdweg","Smilde","Midden-Drenthe","Drenthe",false,52.964848,6.462261,"injury","2","clear",false,1,"GM1731"
"20240127973",2024,"Letsel",2,"Fiets","Bestelauto","Onbekend","Rechte weg",30,"Niet brandend","Daglicht","Droog",\N,"600886556","Thedingecamp","Emmen","Emmen","Drenthe",false,52.781062,6.928192,"injury","2","clear",false,1,"GM0114"
"20230039373",2023,"Letsel",2,"Personenauto","Fiets","Flank","Kruispunt, 4 takken",50,"Niet brandend","Daglicht","Droog",\N,\N,"Vlaardingenlaan","Amsterdam","Amsterdam","Noord-Holland",false,52.346978,4.836987,"injury","2","clear",false,1,"GM0363"
"20230040523",2023,"Letsel",2,"Bromfiets","Fiets","Flank","Bocht",50,"Niet aanwezig","Daglicht","Droog",\N,\N,"Sir Winston Churchillln","Rijswijk","Rijswijk","Zuid-Holland",false,52.033864,4.315111,"injury","2","clear",false,1,\N
"20230042823",2023,"Uitsluitend materiele schade",1,"Fiets",\N,"Frontaal","Rechte weg",60,"Niet aanwezig","Daglicht","Droog",\N,"344164001","Voortje","Mierlo","Geldrop-Mierlo","Noord-Brabant",false,51.432552,5.638347,"material damage only","4","clear",false,1,"GM1771"
"20230047511",2023,"Letsel",3,"Fiets","Bromfiets","Vast voorwerp","Rechte weg",60,"Brandend","Schemer","Droog",\N,"239297063","Noord-Linschoterzandweg","Snelrewaard","Oudewater","Utrecht",false,52.034303,4.885803,"injury","2","clear",false,1,"GM0589"
"20240127587",2024,"Uitsluitend materiele schade",2,"Fiets","Fiets","Flank","Kruispunt, 4 takken",30,"Niet brandend","Daglicht","Regen",\N,\N,"Schuitemakersstraat","Groningen","Groningen","Groningen",false,53.216041,6.561577,"material damage only","4","rain",false,1,"GM0014"
"20230066434",2023,"Letsel",1,"Fiets",\N,"Eenzijdig","Rechte weg",30,"Niet brandend","Daglicht","Droog",\N,"281314005","Burg De Withstraat","De Bilt","De Bilt","Utrecht",false,52.104711,5.183178,"injury","2","clear",false,1,"GM0310"
"20230066582",2023,"Uitsluitend materiele schade",3,"Fiets","Fiets","Onbekend","Rechte weg",50,"Niet brandend","Daglicht","Droog",\N,\N,"Prins Bernhardlaan","Veenendaal","Veenendaal","Utrecht",false,52.03108,5.560945,"material damage only","4","clear",false,1,"GM0345"
"20230041120",2023,"Uitsluitend materiele schade",2,"Personenauto","Fiets","Frontaal","Kruispunt, 3 takken",30,"Brandend","Duisternis","Droog",\N,\N,"Kloosterstraat","Volkel","Maashorst","Noord-Brabant",false,51.642396,5.656839,"material damage only","4","clear",false,1,"GM1991"
"20230044030",2023,"Uitsluitend materiele schade",2,"Personenauto","Fiets","Flank","Kruispunt, 3 takken",50,"Niet brandend","Daglicht","Droog",\N,\N,"Stationsstraat","Buitenpost","Achtkarspelen","Friesland",false,53.255893,6.14201,"material damage only","4","clear",false,1,"GM0059"
"20230049350",2023,"Letsel",2,"Personenauto","Fiets","Flank","Kruispunt, 4 takken",30,"Niet brandend","Daglicht","Droog",\N,\N,"Spui","'s-Gravenhage","'s-Gravenhage","Zuid-Holland",false,52.075106,4.319546,"injury","2","clear",false,1,"GM0518"
"20230051032",2023,"Uitsluitend materiele schade",2,"Personenauto","Fiets","Flank","Rotonde",50,"Brandend","Schemer","Droog",\N,\N,"Veerweg","Papendrecht","Papendrecht","Zuid-Holland",false,51.835433,4.692088,"material damage only","4","clear",false,1,"GM0590"
"20230056293",2023,"Uitsluitend materiele schade",2,"Fiets","Voetganger","Voetganger","Rechte weg",50,"Niet brandend","Daglicht","Droog",\N,"600577899","Zandstraat","Veenendaal","Veenendaal","Utrecht",false,52.029436,5.551526,"material damage only","4","clear",false,1,"GM0345"
"20240127810",2024,"Letsel",2,"Personenauto","e-bike","Flank","Kruispunt, 4 takken",30,"Niet brandend","Daglicht","Droog",\N,\N,"Reisenakker","Zevenaar","Zevenaar","Gelderland",false,51.942447,6.073254,"injury","2","clear",false,1,"GM0299"
"20240127919",2024,"Letsel",2,"Fiets","Fiets","Frontaal","Rechte weg",30,"Niet aanwezig","Duisternis","Regen",\N,\N,"Albert Schweitzerlaan","Apeldoorn","Apeldoorn","Gelderland",false,52.182459,5.948386,"injury","2","rain",false,1,"GM0200"
"20240133609",2024,"Letsel",2,"Personenauto","Fiets","Frontaal","Rechte weg",30,"Niet brandend","Daglicht","Droog",\N,"155312048","Tesselsestraat","'s-Gravenhage","'s-Gravenhage","Zuid-Holland",false,52.090276,4.260256,"injury","2","clear",false,1,"GM0518"
"20240129079",2024,"Letsel",2,"Personenauto","Fiets","Onbekend","Rechte weg",50,"Niet brandend","Daglicht","Droog",\N,"274309070","Albatrosstraat","Utrecht","Utrecht","Utrecht",false,52.079579,5.125819,"injury","2","clear",false,1,"GM0344"
"20230038301",2023,"Uitsluitend materiele schade",2,"Personenauto","Fiets","Flank","Kruispunt, 3 takken",30,"Niet brandend","Daglicht","Droog",\N,\N,"Kolkgriend","Almere","Almere","Flevoland",false,52.336862,5.237895,"material damage only","4","clear",false,1,"GM0034"
"20230040585",2023,"Letsel",1,"Fiets",\N,"Eenzijdig","Rechte weg",15,"Niet brandend","Daglicht","Droog",\N,"600712864","Madesteinweg","'s-Gravenhage","'s-Gravenhage","Zuid-Holland",false,52.046141,4.22721,"injury","2","clear",false,1,"GM0518"
"20230048802",2023,"Uitsluitend materiele schade",2,"Personenauto","Fiets","Flank","Rotonde",50,"Niet brandend","Daglicht","Droog",\N,\N,"Schaapweg","Rijswijk","Rijswijk","Zuid-Holland",false,52.038942,4.299626,"material damage only","4","clear",false,1,\N
"20230048816",2023,"Uitsluitend materiele schade",2,"Personenauto","Fiets","Frontaal","Rotonde",50,"Niet brandend","Daglicht","Droog",\N,\N,"Mr. Treublaan","Amsterdam","Amsterdam","Noord-Holland",false,52.348201,4.917639,"material damage only","4","clear",false,1,"GM0363"
"20230066628",2023,"Uitsluitend materiele schade",2,"Personenauto","e-bike","Flank","Rotonde",50,"Niet brandend","Daglicht","Droog",\N,\N,"Geesterduinweg","Castricum","Castricum","Noord-Holland",false,52.548603,4.673287,"material damage only","4","clear",false,1,"GM0383"
"20240128587",2024,"Uitsluitend materiele schade",2,"Fiets","Personenauto","Flank","Kruispunt, 4 takken",50,"Niet brandend","Daglicht","Droog",\N,\N,"Kardingerplein","Groningen","Groningen","Groningen",false,53.23851,6.594732,"material damage only","4","clear",false,1,"GM0014"
"20240129849",2024,"Uitsluitend materiele schade",2,"Personenauto","Fiets","Flank","Kruispunt, 4 takken",30,"Niet brandend","Daglicht","Droog",\N,\N,"Beverweerdlaan","Arnhem","Arnhem","Gelderland",false,51.989065,5.951075,"material damage only","4","clear",false,1,"GM0202"
"20230040040",2023,"Letsel",2,"Bestelauto","Fiets","Eenzijdig","Rechte weg",50,"Niet brandend","Daglicht","Droog",\N,"167306045","Prinses Mariannelaan","Voorburg","Leidschendam-Voorburg","Zuid-Holland",false,52.061849,4.347833,"injury","2","clear",false,1,"GM1916"
"20230048225",2023,"Uitsluitend materiele schade",2,"Bromfiets","Fiets","Flank","Kruispunt, 3 takken",30,"Niet brandend","Daglicht","Droog",\N,\N,"Schimmelpenninckstraat","Arnhem","Arnhem","Gelderland",false,51.979312,5.926757,"material damage only","4","clear",false,1,"GM0202"
"20230050538",2023,"Letsel",2,"Personenauto","Fiets","Kop/staart","Rechte weg",30,"Niet brandend","Daglicht","Droog",\N,"173302099","Sportparkweg","Nootdorp","Pijnacker-Nootdorp","Zuid-Holland",false,52.045551,4.390809,"injury","2","clear",false,1,"GM1926"
"20230051120",2023,"Uitsluitend materiele schade",2,"Fiets","Fiets","Onbekend","Rechte weg",30,"Niet aanwezig","Duisternis","Droog",\N,"364175007","Bakelseweg","Deurne","Deurne","Noord-Brabant",false,51.475377,5.782705,"material damage only","4","clear",false,1,"GM0762"
"20230054024",2023,"Letsel",1,"Fiets",\N,"Eenzijdig","Rechte weg",30,"Niet aanwezig","Daglicht","Droog",\N,"320231001","Weverstraat","Geffen","Oss","Noord-Brabant",false,51.730476,5.466365,"injury","2","clear",false,1,"GM0828"
"20240131220",2024,"Letsel",2,"Bromfiets","Fiets","Onbekend","Rechte weg",50,"Brandend","Duisternis","Droog",\N,"207380021","Kleverlaan","Haarlem","Haarlem","Noord-Holland",false,52.395858,4.63241,"injury","2","clear",false,1,"GM0392"
"20230038382",2023,"Letsel",2,"Bromfiets","Fiets","Frontaal","Bocht",80,"Niet aanwezig","Daglicht","Droog",\N,\N,"Nijburgsestraat","Randwijk","Overbetuwe","Gelderland",false,51.944607,5.712524,"injury","2","clear",false,1,"GM1734"
"20230048887",2023,"Uitsluitend materiele schade",2,"Bromfiets","Fiets","Flank","Rechte weg",30,"Niet brandend","Daglicht","Droog",\N,"244375100","Oosterdoksstraat","Amsterdam","Amsterdam","Noord-Holland",false,52.3767,4.906229,"material damage only","4","clear",false,1,"GM0363"
"20230051153",2023,"Uitsluitend materiele schade",2,"Personenauto","Fiets","Flank","Kruispunt, 3 takken",50,"Niet aanwezig","Daglicht",\N,\N,\N,"Willem de Bruynstraat","Breda","Breda","Noord-Brabant",false,51.607957,4.793504,"material damage only","4","unknown",false,1,"GM0758"
"20230061944",2023,"Letsel",1,"Fiets",\N,"Eenzijdig","Rechte weg",30,"Niet aanwezig","Daglicht","Droog",\N,"600713043","Zwaansheulpad","Honselersdijk","Westland","Zuid-Holland",false,51.997108,4.238456,"injury","2","clear",false,1,"GM1783"
"20240130350",2024,"Uitsluitend materiele schade",2,"Personenauto","Fiets","Flank","Rechte weg",30,"Niet brandend","Daglicht","Droog",\N,"320402016","Tjalk 32","Lelystad","Lelystad","Flevoland",false,52.499654,5.466599,"material damage only","4","clear",false,1,"GM0995"
"20240131365",2024,"Uitsluitend materiele schade",1,"Fiets",\N,"Eenzijdig","Rechte weg",30,"Niet brandend","Daglicht","Droog",\N,"233343132","Zijdelveld","Uithoorn","Uithoorn","Noord-Holland",false,52.233939,4.827944,"material damage only","4","clear",false,1,"GM0451"
"20230040678",2023,"Letsel",2,"Fiets","Bromfiets","Flank","Rechte weg",30,"Niet brandend","Daglicht","Droog",\N,"169292037","Zuideinde","Delft","Delft","Zuid-Holland",false,52.001095,4.363594,"injury","2","clear",false,1,"GM0503"
"20230040704",2023,"Letsel",1,"Fiets",\N,"Eenzijdig","Rechte weg",30,"Niet brandend","Daglicht","Droog",\N,"169328001","De Wassenaarse Slag","Wassenaar","Wassenaar","Zuid-Holland",false,52.160452,4.373067,"injury","2","clear",false,1,"GM0629"
"20230044791",2023,"Letsel",2,"Snorfiets","Fiets","Kop/staart","Kruispunt, 4 takken",50,"Niet brandend","Daglicht","Droog",\N,\N,"Lasonderstraat","Enschede","Enschede","Overijssel",false,52.227192,6.892117,"injury","2","clear",false,1,"GM0153"
"20230045343",2023,"Letsel",2,"Personenauto","Fiets","Flank","Kruispunt, 4 takken",50,"Niet brandend","Daglicht","Droog",\N,\N,"WAARDENBURG 16","Waardenburg","West Betuwe","Gelderland",false,51.830446,5.254749,"injury","2","clear",false,1,"GM1960"
"20230048300",2023,"Letsel",1,"Fiets",\N,"Eenzijdig","Rechte weg",50,"Brandend","Duisternis","Droog",\N,"600780565","Blauwkapelseweg","De Bilt","De Bilt","Utrecht",false,52.107523,5.16923,"injury","2","clear",false,1,"GM0310"
"20230049475",2023,"Uitsluitend materiele schade",3,"Fiets","Fiets","Onbekend","Rechte weg",\N,"Niet aanwezig","Daglicht","Droog",\N,"184331005","Warmonderweg","Oegstgeest","Oegstgeest","Zuid-Holland",false,52.175432,4.472881,"material damage only","4","clear",false,1,"GM0579"
"20230052369",2023,"Letsel",2,"Personenauto","Fiets","Onbekend","Kruispunt, 4 takken",50,"Niet brandend","Daglicht","Droog",\N,\N,"Oostplein","Rotterdam","Rotterdam","Zuid-Holland",false,51.922699,4.497286,"injury","2","clear",false,1,"GM0599"
"20230056994",2023,"Letsel",3,"Personenauto","Fiets","Onbekend","Bocht",50,"Niet brandend","Daglicht","Droog",\N,\N,"Mooienhof","Enschede","Enschede","Overijssel",false,52.216224,6.89982,"injury","2","clear",false,1,"GM0153"
"20230061967",2023,"Letsel",2,"Personenauto","Fiets","Geparkeerd voertuig","Rechte weg",50,"Niet brandend","Daglicht","Regen","Parkeervoorziening","600496227","Rivium 1e straat","Capelle aan den IJssel","Capelle aan den IJssel","Zuid-Holland",false,51.912494,4.54435,"injury","2","rain",false,1,"GM0502"
"20240132098",2024,"Uitsluitend materiele schade",2,"Personenauto","Fiets","Flank","Rotonde",50,"Brandend","Schemer","Droog",\N,\N,"Gasthuislaan","Amersfoort","Amersfoort","Utrecht",false,52.145017,5.391258,"material damage only","4","clear",false,1,"GM0307"
"20230039020",2023,"Uitsluitend materiele schade",3,"Fiets","Personenauto","Onbekend","Kruispunt, 4 takken",50,"Niet brandend","Daglicht","Droog",\N,\N,"Waldorpstraat","'s-Gravenhage","'s-Gravenhage","Zuid-Holland",false,52.059237,4.310464,"material damage only","4","clear",false,1,"GM0518"