"accident_id","year","severity_raw","party_count","party1_type","party2_type","accident_type","road_situation","speed_limit_kmh","road_lighting","light_condition_label","weather_raw","infra_type","road_segment_id","street_name","place_name","gemeente_name_raw","province","alcohol_indicated","latitude","longitude","severity_label","severity_code","weather_label","built_up_area","cyclists_involved","gemeente_code"
"20240150949",2024,"Uitsluitend materiele schade",2,"Personenauto","Fiets","Flank","Kruispunt, 3 takken",30,"Niet brandend","Daglicht","Droog",\N,\N,"Deldensestraat","Almelo","Almelo","Overijssel",false,52.344699,6.676916,"material damage only","4","clear",false,1,"GM0141"
"20240137322",2024,"Letsel",2,"Personenauto","Fiets","Flank","Kruispunt, 4 takken",30,"Niet brandend","Daglicht","Droog",\N,\N,"Woerdenstraat","Tilburg","Tilburg","Noord-Brabant",false,51.572566,4.994104,"injury","2","clear",false,1,"GM0855"
"20240143399",2024,"Letsel",2,"Bromfiets","Fiets","Flank","Kruispunt, 4 takken",30,"Niet brandend","Daglicht","Droog",\N,\N,"Weissenbruchstraat","'s-Gravenhage","'s-Gravenhage","Zuid-Holland",false,52.091971,4.325269,"injury","2","clear",false,1,"GM0518"
"20240144548",2024,"Letsel",2,"Personenauto","Fiets","Kop/staart","Kruispunt, 4 takken",50,"Niet brandend","Daglicht","Droog",\N,\N,"Beijerlandselaan","Rotterdam","Rotterdam","Zuid-Holland",false,51.893988,4.509593,"injury","2","clear",false,1,"GM0599"
"20240149245",2024,"Uitsluitend materiele schade",2,"Personenauto","Fiets","Flank","Kruispunt, 4 takken",30,"Niet brandend","Daglicht","Droog",\N,\N,"Rietgrachtstraat","Arnhem","Arnhem","Gelderland",false,51.976949,5.918014,"material damage only","4","clear",false,1,"GM0202"
"20240141619",2024,"Uitsluitend materiele schade",1,"Fiets",\N,"Onbekend","Bocht",50,"Niet brandend","Daglicht","Droog",\N,"600741849","Kriemhildestraat","Driehuis NH","Velsen","Noord-Holland",false,52.450809,4.634635,"material damage only","4","clear",false,1,"GM0453"
"20240145067",2024,"Uitsluitend materiele schade",2,"Fiets","Personenauto","Flank","Kruispunt, 3 takken",50,"Niet aanwezig","Daglicht","Droog",\N,\N,"Stationspark","Goes","Goes","Zeeland",false,51.496297,3.893996,"material damage only","4","clear",false,1,"GM0664"
"20240134320",2024,"Uitsluitend materiele schade",2,"Personenauto","Fiets","Flank","Rechte weg",30,"Niet brandend","Daglicht","Droog",\N,"189266071","Groenezoom","Rotterdam","Rotterdam","Zuid-Holland",false,51.885108,4.512452,"material damage only","4","clear",false,1,"GM0599"
"20240136185",2024,"Uitsluitend materiele schade",2,"Personenauto","Fiets","Frontaal","Kruispunt, 4 takken",30,"Niet brandend","Daglicht","Droog",\N,\N,"Landbouwlaan","Berghem","Oss","Noord-Brabant",false,51.765545,5.574676,"material damage only","4","clear",false,1,"GM0828"
"20240142100",2024,"Uitsluitend materiele schade",2,"Trein/tram","Fiets","Frontaal","Rechte weg",50,"Niet brandend","Daglicht","Droog",\N,"232371085","Cornelis Lelylaan","Amsterdam","Amsterdam","Noord-Holland",false,52.357696,4.825668,"material damage only","4","clear",false,1,"GM0363"
"20240145789",2024,"Uitsluitend materiele schade",2,"Bromfiets","Fiets","Onbekend","Rechte weg",50,"Niet brandend","Daglicht","Regen",\N,"157228008","Bosland","Den Bommel","Goeree-Overflakkee","Zuid-Holland",false,51.71345,4.280087,"material damage only","4","rain",false,1,"GM1924"
"20240134337",2024,"Uitsluitend materiele schade",2,"Personenauto","Fiets","Flank","Kruispunt, 4 takken",30,"Niet brandend","Daglicht","Droog",\N,\N,"Mathenessestraat","Breda","Breda","Noord-Brabant",false,51.577551,4.806616,"material damage only","4","clear",false,1,"GM0758"
"20240135581",2024,"Letsel",2,"Personenauto","Fiets","Onbekend","Kruispunt, 4 takken",50,"Niet brandend","Daglicht","Regen",\N,\N,"Claes de Vrieselaan","Rotterdam","Rotterdam","Zuid-Holland",false,51.914245,4.45957,"injury","2","rain",false,1,"GM0599"
"20240145473",2024,"Letsel",2,"Personenauto","e-bike","Flank","Rotonde",50,"Brandend","Duisternis","Droog",\N,\N,"Westlandseweg","Maassluis","Maassluis","Zuid-Holland",false,51.925387,4.249961,"injury","2","clear",false,1,"GM0556"
"20240133771",2024,"Uitsluitend materiele schade",2,"Bestelauto","Fiets","Flank","Kruispunt, 4 takken",30,"Niet brandend","Daglicht","Droog",\N,\N,"Ridderspoorweg","Amsterdam","Amsterdam","Noord-Holland",false,52.397002,4.905265,"material damage only","4","clear",false,1,"GM0363"
"20240144159",2024,"Letsel",1,"Fiets",\N,"Onbekend","Rechte weg",15,"Niet brandend","Daglicht","Droog","Parkeervoorziening","143298091","Verdilaan","Monster","Westland","Zuid-Holland",false,52.023375,4.177923,"injury","2","clear",false,1,"GM1783"
"20240134447",2024,"Letsel",1,"Fiets",\N,"Eenzijdig","Rechte weg",50,"Niet brandend","Daglicht","Regen",\N,"185279019","Straatweg","Rotterdam","Rotterdam","Zuid-Holland",false,51.944351,4.482446,"injury","2","rain",false,1,"GM0599"
"20240135089",2024,"Uitsluitend materiele schade",2,"Fiets","Personenauto","Flank","Kruispunt, 3 takken",50,"Niet brandend","Daglicht","Droog",\N,\N,"Verviersstraat","Breda","Breda","Noord-Brabant",false,51.602971,4.789592,"material damage only","4","clear",false,1,"GM0758"
"20240135126",2024,"Letsel",4,"Personenauto","Fiets","Los voorwerp","Rechte weg",50,"Brandend","Daglicht","Regen",\N,"160167025","Scheldeweg","Hoogerheide","Woensdrecht","Noord-Brabant",false,51.439952,4.3136,"injury","2","rain",false,1,"GM0873"
"20240147568",2024,"Letsel",3,"Fiets",\N,"Flank","Kruispunt, 3 takken",50,"Niet brandend","Daglicht","Droog",\N,\N,"Wenckebachstraat","Kerkrade","Kerkrade","Limburg",false,50.856999,6.012851,"injury","2","clear",false,1,"GM0928"
"20240149386",2024,"Uitsluitend materiele schade",2,"Fiets","Fiets","Flank","Kruispunt, 3 takken",50,"Brandend","Duisternis","Droog",\N,\N,"Deurningerstraat","Enschede","Enschede","Overijssel",false,52.238154,6.884286,"material damage only","4","clear",false,1,"GM0153"
"20240011192",2024,"Letsel",2,"Fiets","Personenauto","Onbekend",\N,50,\N,"Daglicht",\N,\N,\N,"Wezelstraat","Koog aan de Zaan","Zaanstad","Noord-Holland",false,52.467106,4.803487,"injury","2","unknown",false,1,"GM0479"
"20240013226",2024,"Letsel",2,"Personenauto","Fiets","Flank","Kruispunt, 3 takken",50,"Niet brandend","Daglicht","Regen",\N,\N,"Verdilaan","Naaldwijk","Westland","Zuid-Holland",false,51.994178,4.210432,"injury","2","rain",false,1,"GM1783"
"20230112270",2023,"Letsel",1,"Fiets",\N,"Eenzijdig","Bocht",50,"Brandend","Duisternis",\N,\N,"600715117","Dorpskade","Wateringen","Westland","Zuid-Holland",false,52.020116,4.279118,"injury","2","unknown",false,1,"GM1783"
"20240009974",2024,"Letsel",2,"Fiets","Fiets","Flank","Kruispunt, 3 takken",60,"Brandend","Duisternis","Droog",\N,\N,"Postweg","Oldenzaal","Oldenzaal","Overijssel",false,52.289146,6.930347,"injury","2","clear",false,1,"GM0173"
"20230111697",2023,"Letsel",2,"e-bike","Personenauto","Onbekend","Rotonde",50,"Niet brandend","Daglicht","Regen",\N,\N,"Bergerweg","Alkmaar","Alkmaar","Noord-Holland",false,52.639304,4.729139,"injury","2","rain",false,1,"GM0361"
"20240002001",2024,"Uitsluitend materiele schade",2,"Personenauto","Fiets","Flank","Kruispunt, 4 takken",50,"Brandend","Duisternis","Droog",\N,\N,"Europaweg","Helmond","Helmond","Noord-Brabant",false,51.471691,5.705539,"material damage only","4","clear",false,1,"GM0794"
"20240010427",2024,"Letsel",2,"Personenauto","Fiets","Flank","Kruispunt, 4 takken",30,"Niet brandend","Daglicht","Droog",\N,\N,"Zon Bastion","Velserbroek","Velsen","Noord-Holland",false,52.434208,4.661209,"injury","2","clear",false,1,"GM0453"
"20240010950",2024,"Uitsluitend materiele schade",2,"Personenauto","Fiets","Flank","Rotonde",50,"Niet brandend","Daglicht","Droog",\N,\N,"Zuidtangent","Heerhugowaard","Dijk en Waard","Noord-Holland",false,52.665938,4.826549,"material damage only","4","clear",false,1,"GM1980"
"20240011874",2024,"Uitsluitend materiele schade",1,"Fiets",\N,"Voetganger",\N,\N,"Niet aanwezig","Daglicht",\N,\N,"271316035","Roelantdreef","Utrecht","Utrecht","Utrecht",false,52.114074,5.110107,"material damage only","4","unknown",false,1,"GM0344"
"20240019270",2024,"Uitsluitend materiele schade",1,"Fiets",\N,"Onbekend",\N,60,\N,"Daglicht",\N,\N,"316289002","Lekdijk","Amerongen","Utrechtse Heuvelrug","Utrecht",false,51.994114,5.444166,"material damage only","4","unknown",false,1,"GM1581"
"20240021747",2024,"Letsel",1,"Fiets",\N,"Eenzijdig","Rechte weg",30,"Brandend","Duisternis","Droog",\N,"238375010","Willem de Zwijgerlaan","Amsterdam","Amsterdam","Noord-Holland",false,52.373558,4.863594,"injury","2","clear",false,1,"GM0363"
"20240155545",2024,"Letsel",2,"Fiets","Overig vast object","Vast voorwerp","Rechte weg",50,"Brandend","Duisternis","Droog",\N,"600625553","Bakelsedijk","Helmond","Helmond","Noord-Brabant",false,51.483705,5.675228,"injury","2","clear",false,1,"GM0794"
"20230113534",2023,"Letsel",3,"Personenauto","Fiets","Onbekend","Rechte weg",50,"Niet brandend","Daglicht","Droog",\N,"243370001","Van Woustraat","Amsterdam","Amsterdam","Noord-Holland",false,52.355791,4.900474,"injury","2","clear",false,1,"GM0363"
"20240022680",2024,"Letsel",2,"Fiets","Voetganger","Frontaal","Rechte weg",50,"Brandend","Duisternis","Droog",\N,"601114152","Coolsingel","Rotterdam","Rotterdam","Zuid-Holland",false,51.918572,4.480426,"injury","2","clear",false,1,"GM0599"
"20240022941",2024,"Letsel",2,"Snorfiets","Fiets","Flank","Rechte weg",50,"Niet brandend","Daglicht","Droog",\N,\N,"PROVINCIALEWEG N482","Wijngaarden","Molenlanden","Zuid-Holland",false,51.85142,4.788019,"injury","2","clear",false,1,"GM1978"
"20240155183",2024,"Letsel",1,"Fiets",\N,"Onbekend",\N,\N,\N,"Daglicht",\N,\N,"600730236","Griekenlandlaan","Zoetermeer","Zoetermeer","Zuid-Holland",false,52.064537,4.499104,"injury","2","unknown",false,1,"GM0637"
"20240001808",2024,"Uitsluitend materiele schade",2,"Personenauto","Fiets","Onbekend","Rotonde",50,"Niet brandend","Daglicht","Droog",\N,\N,"Eulerlaan","Dordrecht","Dordrecht","Zuid-Holland",false,51.78264,4.676201,"material damage only","4","clear",false,1,"GM0505"
"20240023872",2024,"Uitsluitend materiele schade",2,"Fiets","Voetganger","Voetganger","Rechte weg",50,"Niet brandend","Daglicht","Regen",\N,"600799223","Meerveldhovenseweg","Eindhoven","Eindhoven","Noord-Brabant",false,51.41873,5.443162,"material damage only","4","rain",false,1,"GM0772"
"20240023937",2024,"Uitsluitend materiele schade",2,"Bromfiets","Fiets","Onbekend","Kruispunt, 4 takken",30,"Brandend","Schemer","Droog",\N,\N,"Bruistensingel","'s-Hertogenbosch","'s-Hertogenbosch","Noord-Brabant",false,51.708368,5.319277,"material damage only","4","clear",false,1,"GM0796"
"20240010652",2024,"Letsel",2,"Fiets","Fiets","Flank","Rechte weg",30,"Niet brandend","Daglicht","Regen",\N,"235388037","Jacob Rekstraat","Zaandam","Zaanstad","Noord-Holland",false,52.436031,4.84106,"injury","2","rain",false,1,"GM0479"
"20240025194",2024,"Letsel",2,"Fiets","Personenauto","Kop/staart","Rechte weg",60,"Niet brandend","Daglicht","Droog",\N,"358182013","Bernhardstraat","Bakel","Gemert-Bakel","Noord-Brabant",false,51.508315,5.739138,"injury","2","clear",false,1,"GM1652"
"20240021886",2024,"Uitsluitend materiele schade",2,"Bestelauto","Fiets","Flank","Rechte weg",50,"Brandend","Daglicht","Droog",\N,"268190024","Groenstraat","Tilburg","Tilburg","Noord-Brabant",false,51.546174,5.088198,"material damage only","4","clear",false,1,"GM0855"
"20240017644",2024,"Uitsluitend materiele schade",2,"Personenauto","Fiets","Flank","Kruispunt, 4 takken",50,"Niet brandend","Daglicht","Droog",\N,\N,"Koning Stadhouderlaan","Apeldoorn","Apeldoorn","Gelderland",false,52.209235,5.95744,"material damage only","4","clear",false,1,"GM0200"
"20230108906",2023,"Letsel",2,"Personenauto","Fiets","Flank","Kruispunt, 4 takken",50,"Niet brandend","Schemer","Regen",\N,\N,"Schaerweijdelaan","Zeist","Zeist","Utrecht",false,52.094716,5.241364,"injury","2","rain",false,1,"GM0355"
"20230112464",2023,"Uitsluitend materiele schade",2,"Fiets","Bromfiets","Onbekend","Rechte weg",80,"Brandend","Duisternis","Regen",\N,"151301013","Nieuweweg","Poeldijk","Westland","Zuid-Holland",false,52.038578,4.234258,"material damage only","4","rain",false,1,"GM1783"
"20240002217",2024,"Uitsluitend materiele schade",2,"Bestelauto","Fiets","Kop/staart","Rechte weg",50,"Niet brandend","Daglicht","Droog",\N,"320163024","Hoogstraat","Eindhoven","Eindhoven","Noord-Brabant",false,51.426227,5.463185,"material damage only","4","clear",false,1,"GM0772"
"20240003016",2024,"Letsel",2,"Personenauto","Fiets","Onbekend",\N,50,\N,"Daglicht",\N,\N,"335174071","Laan ter Catten","Nuenen","Nuenen, Gerwen en Nederwetten","Noord-Brabant",false,51.473797,5.570517,"injury","2","unknown",false,1,"GM0820"
"20240017619",2024,"Uitsluitend materiele schade",2,"Personenauto","Fiets","Flank","Kruispunt, 4 takken",50,"Niet brandend","Daglicht","Droog",\N,\N,"Vendelweg","Steenwijk","Steenwijkerland","Overijssel",false,52.784177,6.114624,"material damage only","4","clear",false,1,"GM1708"
"20240018072",2024,"Uitsluitend materiele schade",2,"Fiets","Fiets","Onbekend","Rechte weg",30,"Niet brandend","Daglicht","Regen",\N,"387338088","Jo de Grootstraat","Apeldoorn","Apeldoorn","Gelderland",false,52.20904,5.954706,"material damage only","4","rain",false,1,"GM0200"
"20240018588",2024,"Letsel",2,"Personenauto","Fiets","Flank","Kruispunt, 3 takken",30,"Niet brandend","Daglicht","Droog",\N,\N,"Langeweide","Zaandam","Zaanstad","Noord-Holland",false,52.448906,4.806289,"injury","2","clear",false,1,"GM0479"
"20240018791",2024,"Letsel",2,"Personenauto","Fiets","Flank","Rechte weg",50,"Niet brandend","Daglicht","Droog",\N,\N,"Rijnweg","Hoorn","Hoorn","Noord-Holland",false,52.654356,5.087702,"injury","2","clear",false,1,"GM0405"
"20240018969",2024,"Letsel",2,"Personenauto","Fiets","Los voorwerp","Kruispunt, 3 takken",30,"Niet brandend","Daglicht","Droog",\N,\N,"Narcisplantsoen","Haarlem","Haarlem","Noord-Holland",false,52.386257,4.617812,"injury","2","clear",false,1,"GM0392"
"20240153839",2024,"Uitsluitend materiele schade",2,"Bromfiets","Fiets","Frontaal","Rechte weg",30,"Brandend","Duisternis","Droog",\N,"601046688","Blaak","Rotterdam","Rotterdam","Zuid-Holland",false,51.91812,4.482823,"material damage only","4","clear",false,1,"GM0599"
"20240154485",2024,"Letsel",2,"Fiets","Personenauto","Flank","Kruispunt, 4 takken",50,"Brandend","Schemer","Regen",\N,\N,"Laan van Leidschenveen","'s-Gravenhage","'s-Gravenhage","Zuid-Holland",false,52.060306,4.394502,"injury","2","rain",false,1,"GM0518"
"20230108381",2023,"Letsel",2,"Fiets","Fiets","Onbekend","Kruispunt, 4 takken",50,"Niet brandend","Daglicht","Droog",\N,\N,"Julianakade","IJmuiden","Velsen","Noord-Holland",false,52.461873,4.603875,"injury","2","clear",false,1,"GM0453"
"20230113102",2023,"Uitsluitend materiele schade",2,"Bromfiets","Fiets","Onbekend","Rechte weg",50,"Brandend","Duisternis","Droog",\N,"163308104","Stationsplein","'s-Gravenhage","'s-Gravenhage","Zuid-Holland",false,52.07011,4.32126,"material damage only","4","clear",false,1,"GM0518"
"20240006403",2024,"Uitsluitend materiele schade",2,"Bromfiets","Fiets","Frontaal","Rechte weg",30,"Brandend","Duisternis","Droog",\N,"600510196","Het Masker","Amersfoort","Amersfoort","Utrecht",false,52.186741,5.395254,"material damage only","4","clear",false,1,"GM0307"
"20240011536",2024,"Letsel",2,"Personenauto","Fiets","Flank","Rechte weg",30,"Niet brandend","Daglicht","Droog","Parkeervoorziening","600806283","Slagvink","Veenendaal","Veenendaal","Utrecht",false,52.029337,5.529635,"injury","2","clear",false,1,"GM0345"
"20240019170",2024,"Letsel",2,"Bestelauto","Fiets","Geparkeerd voertuig","Rechte weg",50,"Brandend","Duisternis","Droog",\N,"600773620","Dorpsstraat","Zwaag","Hoorn","Noord-Holland",false,52.66505,5.063882,"injury","2","clear",false,1,"GM0405"
"20230109585",2023,"Letsel",2,"Personenauto","Fiets","Flank","Rotonde",50,"Niet brandend","Daglicht","Droog",\N,\N,"Helmondseweg","Deurne","Deurne","Noord-Brabant",false,51.463494,5.789367,"injury","2","clear",false,1,"GM0762"
"20240010284",2024,"Letsel",1,"Fiets",\N,"Frontaal","Rechte weg",30,"Brandend","Duisternis","Regen",\N,"600512617","Damsterdiep","Groningen","Groningen","Groningen",false,53.219993,6.582153,"injury","2","rain",false,1,"GM0014"
"20240023645",2024,"Letsel",2,"Fiets","Fiets","Flank","Kruispunt, 3 takken",30,"Brandend","Duisternis","Droog",\N,\N,"Rembrandtweg","Noordwijk","Noordwijk","Zuid-Holland",false,52.23899,4.432878,"injury","2","clear",false,1,"GM0575"
"20240023651",2024,"Letsel",1,"Fiets",\N,"Onbekend","Rechte weg",50,"Niet aanwezig","Daglicht","Droog",\N,"600725833","Buytenparklaan","Zoetermeer","Zoetermeer","Zuid-Holland",false,52.066626,4.454554,"injury","2","clear",false,1,"GM0637"
"20240014817",2024,"Uitsluitend materiele schade",2,"Personenauto","Fiets","Onbekend",\N,\N,\N,"Daglicht",\N,\N,"225199026","Achter de Lange Stallen","Breda","Breda","Noord-Brabant",false,51.584865,4.778492,"material damage only","4","unknown",false,1,"GM0758"
"20230109614",2023,"Uitsluitend materiele schade",3,"Personenauto","Fiets","Onbekend","Kruispunt, 4 takken",30,"Niet brandend","Schemer","Regen",\N,\N,"Korenschuur","Moergestel","Oisterwijk","Noord-Brabant",false,51.542662,5.182018,"material damage only","4","rain",false,1,"GM0824"
"20240156227",2024,"Letsel",2,"Personenauto","Fiets","Onbekend","Rotonde",50,"Niet brandend","Daglicht","Droog",\N,\N,"Nieuwendijk","Geldrop","Geldrop-Mierlo","Noord-Brabant",false,51.422878,5.556742,"injury","2","clear",false,1,"GM1771"
"20240157457",2024,"Uitsluitend materiele schade",2,"Personenauto","Fiets","Flank","Kruispunt, 3 takken",30,"Niet aanwezig","Schemer","Droog",\N,\N,"Prinssenstraat","Landgraaf","Landgraaf","Limburg",false,50.894117,6.01554,"material damage only","4","clear",false,1,"GM0882"
"20240010331",2024,"Letsel",2,"Personenauto","Fiets","Flank","Kruispunt, 4 takken",30,"Brandend","Duisternis","Droog",\N,\N,"Folkingestraat","Groningen","Groningen","Groningen",false,53.214591,6.565325,"injury","2","clear",false,1,"GM0014"
"20240013319",2024,"Letsel",2,"Bestelauto","Fiets","Flank","Rotonde",50,"Niet brandend","Daglicht","Regen",\N,\N,"Koelmalaan","Alkmaar","Alkmaar","Noord-Holland",false,52.618185,4.760233,"injury","2","rain",false,1,"GM0361"
"20240013344",2024,"Letsel",2,"Fiets","Voetganger","Voetganger","Rechte weg",50,"Niet aanwezig","Duisternis","Droog/Harde windstoten",\N,"182325138","Dobbedreef","Leiden","Leiden","Zuid-Holland",false,52.147875,4.454562,"injury","2","unknown",false,1,"GM0546"
"20240013359",2024,"Letsel",2,"Personenauto","Fiets","Flank","Kruispunt, 4 takken",50,"Niet brandend","Daglicht","Droog",\N,\N,"Vaillantlaan","'s-Gravenhage","'s-Gravenhage","Zuid-Holland",false,52.065844,4.304976,"injury","2","clear",false,1,"GM0518"
"20240013508",2024,"Letsel",2,"Fiets","Fiets","Flank","Kruispunt, 4 takken",30,"Niet brandend","Daglicht","Droog",\N,\N,"Sint Jorisweg","Delft","Delft","Zuid-Holland",false,52.019146,4.361708,"injury","2","clear",false,1,"GM0503"
"20240014528",2024,"Letsel",2,"Fiets","Bus","Onbekend","Kruispunt, 4 takken",50,"Niet aanwezig","Daglicht","Droog",\N,\N,"Pad van De Stijl","Rotterdam","Rotterdam","Zuid-Holland",false,51.978287,4.586849,"injury","2","clear",false,1,"GM0599"
"20240152046",2024,"Letsel",2,"Personenauto","Fiets","Frontaal","Kruispunt, 3 takken",50,"Brandend","Duisternis","Droog",\N,\N,"Kopenhagenweg","'s-Gravenhage","'s-Gravenhage","Zuid-Holland",false,52.021303,4.295239,"injury","2","clear",false,1,"GM0518"
"20230111465",2023,"Letsel",2,"Fiets","Personenauto","Flank","Rechte weg",50,"Niet brandend","Daglicht","Regen",\N,"600548265","Breedbandweg","Velsen-Noord","Velsen","Noord-Holland",false,52.476926,4.634478,"injury","2","rain",false,1,"GM0453"
"20240007089",2024,"Letsel",2,"Personenauto","Fiets","Flank","Rotonde",80,"Niet brandend","Daglicht","Regen",\N,\N,"Nieuwkoopseweg","Aarlanderveen","Alphen aan den Rijn","Zuid-Holland",false,52.135797,4.693165,"injury","2","rain",false,1,"GM0484"
"20240014090",2024,"Letsel",2,"Personenauto","Fiets","Flank","Rotonde",50,"Niet brandend","Daglicht","Regen",\N,\N,"Beugenseweg","Boxmeer","Land van Cuijk","Noord-Brabant",false,51.654326,5.94274,"injury","2","rain",false,1,"GM1982"
"20240015641",2024,"Uitsluitend materiele schade",2,"Bestelauto","e-bike","Flank","Kruispunt, 4 takken",30,"Niet brandend","Daglicht","Regen",\N,"363060051","Sint Martinushof","Stein","Stein","Limburg",false,50.959189,5.76883,"material damage only","4","rain",false,1,\N
"20240156323",2024,"Uitsluitend materiele schade",2,"Snorfiets","Fiets","Onbekend","Rechte weg",50,"Brandend","Duisternis","Droog",\N,"601158483","Parallelweg","Oss","Oss","Noord-Brabant",false,51.765868,5.542353,"material damage only","4","clear",false,1,"GM0828"
"20240153463",2024,"Uitsluitend materiele schade",2,"Bromfiets","Fiets","Frontaal","Rechte weg",\N,"Niet brandend","Schemer","Droog",\N,"200349034","IJweg","Lisserbroek","Haarlemmermeer","Noord-Holland",false,52.256542,4.582168,"material damage only","4","clear",false,1,"GM0394"
"20240156374",2024,"Letsel",2,"Personenauto","Fiets","Flank","Rotonde",50,"Brandend","Duisternis","Regen",\N,\N,"Brabantweg","Gennep","Gennep","Limburg",false,51.694046,5.973074,"injury","2","rain",false,1,"GM0907"
"20240021953",2024,"Letsel",2,"Personenauto","Fiets","Flank","Kruispunt, 4 takken",30,"Niet brandend","Daglicht","Droog",\N,\N,"Goudend","Middelburg","Middelburg","Zeeland",false,51.49359,3.623204,"injury","2","clear",false,1,\N
"20240022394",2024,"Uitsluitend materiele schade",2,"Personenauto","Fiets","Onbekend",\N,\N,\N,"Daglicht",\N,\N,"180271066","Schans","Rotterdam","Rotterdam","Zuid-Holland",false,51.906427,4.447171,"material damage only","4","unknown",false,1,"GM0599"
"20240024935",2024,"Letsel",2,"Personenauto","Fiets","Flank","Rotonde",50,"Niet brandend","Daglicht","Droog",\N,\N,"Bundersweg","Veghel","Meierijstad","Noord-Brabant",false,51.62113,5.549609,"injury","2","clear",false,1,"GM1948"
"20240025068",2024,"Letsel",2,"Personenauto","Fiets","Flank","Kruispunt, 4 takken",50,"Niet brandend","Daglicht","Regen",\N,\N,"Stationsstraat","Rijen","Gilze en Rijen","Noord-Brabant",false,51.584376,4.923095,"injury","2","rain",false,1,"GM0784"
"20240152848",2024,"Letsel",1,"Fiets",\N,"Eenzijdig","Rechte weg",30,"Brandend","Duisternis","Droog",\N,"206381006","Iepenlaan","Bloemendaal","Bloemendaal","Noord-Holland",false,52.40377,4.626206,"injury","2","clear",false,1,"GM0377"
"20240155727",2024,"Uitsluitend materiele schade",2,"Personenauto","Fiets","Onbekend","Kruispunt, 4 takken",50,"Brandend","Duisternis","Regen",\N,\N,"Mecklenburgstraat","Eindhoven","Eindhoven","Noord-Brabant",false,51.435275,5.471395,"material damage only","4","rain",false,1,"GM0772"
"20240028570",2024,"Letsel",2,"Fiets","Bromfiets","Onbekend","Rechte weg",\N,\N,"Daglicht",\N,\N,"266295045","IJsselsteinseweg","Nieuwegein","Nieuwegein","Utrecht",false,52.01845,5.069353,"injury","2","unknown",false,1,"GM0356"
"20230030594",2023,"Letsel",2,"Fiets","Personenauto","Flank","Kruispunt, 3 takken",30,"Niet brandend","Daglicht","Droog","Brug/viaduct",\N,"Herendijk","Beek en Donk","Laarbeek","Noord-Brabant",false,51.53924,5.618662,"injury","2","clear",false,1,"GM1659"
"20230031722",2023,"Uitsluitend materiele schade",2,"Personenauto","Fiets","Onbekend","Rotonde",50,"Niet brandend","Daglicht","Droog",\N,\N,"Akerstraat","Heerlen","Heerlen","Limburg",false,50.880895,5.984907,"material damage only","4","clear",false,1,"GM0917"
"20230033605",2023,"Uitsluitend materiele schade",2,"Personenauto","Fiets","Flank","Kruispunt, 3 takken",50,"Niet brandend","Daglicht","Droog",\N,\N,"Minckelersstraat","Breda","Breda","Noord-Brabant",false,51.599883,4.778767,"material damage only","4","clear",false,1,"GM0758"
"20240030244",2024,"Uitsluitend materiele schade",2,"Fiets","Personenauto","Flank","Kruispunt, 3 takken",50,"Niet brandend","Daglicht","Regen",\N,\N,"Keukenhofdreef","Lisse","Lisse","Zuid-Holland",false,52.263581,4.554973,"material damage only","4","rain",false,1,"GM0553"
"20230070051",2023,"Letsel",2,"Personenauto","Fiets","Flank","Kruispunt, 3 takken",50,"Brandend","Duisternis","Droog",\N,\N,"Heer Bokelweg","Rotterdam","Rotterdam","Zuid-Holland",false,51.926881,4.47663,"injury","2","clear",false,1,"GM0599"
"20230015119",2023,"Letsel",2,"Scootmobiel","Fiets","Frontaal","Rechte weg",60,"Niet brandend","Daglicht","Droog",\N,"430548002","Nieuweweg","Nuis","Westerkwartier","Groningen",false,53.150346,6.292385,"injury","2","clear",false,1,"GM1969"
"20230020308",2023,"Uitsluitend materiele schade",2,"Bromfiets","e-bike","Flank","Kruispunt, 4 takken",50,"Brandend","Duisternis","Regen",\N,\N,"Borneolaan","Amsterdam","Amsterdam","Noord-Holland",false,52.371106,4.934377,"material damage only","4","rain",false,1,"GM0363"
"20230024283",2023,"Letsel",2,"Fiets","Personenauto","Flank","Rotonde",30,"Niet brandend","Daglicht","Droog",\N,\N,"Bergerweg","Bergen (NH)","Bergen (NH)","Noord-Holland",false,52.666764,4.712891,"injury","2","clear",false,1,\N
"20230027719",2023,"Uitsluitend materiele schade",2,"Personenauto","Fiets","Onbekend","Rotonde",50,"Niet brandend","Daglicht","Droog",\N,\N,"Tholenseweg","Halsteren","Bergen op Zoom","Noord-Brabant",false,51.52412,4.264016,"material damage only","4","clear",false,1,"GM0748"
"20230032353",2023,"Uitsluitend materiele schade",2,"Personenauto","Fiets","Los voorwerp","Rotonde",50,"Niet brandend","Daglicht","Droog",\N,\N,"Raadhuislaan","Tegelen","Venlo","Limburg",false,51.340726,6.14146,"material damage only","4","clear",false,1,"GM0983"
"20240029865",2024,"Letsel",2,"Personenauto","Fiets","Flank","Kruispunt, 4 takken",30,"Niet brandend","Daglicht","Droog",\N,\N,"Hoofdstraat","Hillegom","Hillegom","Zuid-Holland",false,52.289577,4.577731,"injury","2","clear",false,1,"GM0534"
"20240030249",2024,"Uitsluitend materiele schade",2,"Fiets","Bus","Onbekend","Rechte weg",30,"Niet brandend","Daglicht","Droog","Bus-/Tramhalte","600201112","Kort Rapenburg","Leiden","Leiden","Zuid-Holland",false,52.160486,4.484951,"material damage only","4","clear",false,1,"GM0546"