"accident_id","year","severity_raw","party_count","party1_type","party2_type","accident_type","road_situation","speed_limit_kmh","road_lighting","light_condition_label","weather_raw","infra_type","road_segment_id","street_name","place_name","gemeente_name_raw","province","alcohol_indicated","latitude","longitude","severity_label","severity_code","weather_label","built_up_area","cyclists_involved","gemeente_code"
"20220056445",2022,"Letsel",1,"Fiets",\N,"Eenzijdig","Rechte weg",50,"Niet brandend","Daglicht","Droog",\N,"165304182","Lindelaan","Rijswijk","Rijswijk","Zuid-Holland",false,52.052405,4.336745,"injury","2","clear",false,1,\N
"20220056448",2022,"Letsel",2,"Personenauto","Fiets","Flank","Kruispunt, 4 takken",50,"Niet brandend","Daglicht","Droog",\N,\N,"Helsinkihof","'s-Gravenhage","'s-Gravenhage","Zuid-Holland",false,52.021773,4.294645,"injury","2","clear",false,1,"GM0518"
"20220059355",2022,"Letsel",2,"Fiets","Fiets","Flank","Kruispunt, 4 takken",80,"Niet brandend","Daglicht","Droog",\N,\N,"Achterweg","Nieuwe Wetering","Kaag en Braassem","Zuid-Holland",false,52.200428,4.612339,"injury","2","clear",false,1,"GM1884"
"20220066876",2022,"Letsel",3,"Personenauto","Fiets","Onbekend","Kruispunt, 3 takken",30,"Niet brandend","Daglicht","Droog",\N,\N,"Molenstraat","Cuijk","Land van Cuijk","Noord-Brabant",false,51.729062,5.878354,"injury","2","clear",false,1,"GM1982"
"20220077771",2022,"Uitsluitend materiele schade",2,"Bromfiets","Fiets","Flank","Kruispunt, 4 takken",30,\N,"Daglicht",\N,"Brug/viaduct",\N,"Krommerijn","Utrecht","Utrecht","Utrecht",false,52.08105,5.125321,"material damage only","4","unknown",false,1,"GM0344"
"20220089501",2022,"Uitsluitend materiele schade",2,"Personenauto","Fiets","Flank","Kruispunt, 3 takken",30,"Niet brandend","Daglicht","Droog",\N,\N,"Beekstraat","Nuenen","Nuenen, Gerwen en Nederwetten","Noord-Brabant",false,51.475441,5.558153,"material damage only","4","clear",false,1,"GM0820"
"20220044907",2022,"Uitsluitend materiele schade",2,"Fiets","Personenauto","Frontaal","Kruispunt, 4 takken",50,"Brandend","Duisternis","Droog",\N,\N,"Zoutlanddreef","Wezep","Oldebroek","Gelderland",false,52.458399,5.986759,"material damage only","4","clear",false,1,"GM0269"
"20220049385",2022,"Uitsluitend materiele schade",2,"Fiets","Bestelauto","Frontaal","Kruispunt, 3 takken",60,"Niet brandend","Daglicht","Droog",\N,\N,"Industrieweg","Leerdam","Vijfheerenlanden","Utrecht",false,51.896151,5.118108,"material damage only","4","clear",false,1,"GM1961"
"20220063548",2022,"Letsel",2,"Bestelauto","e-bike","Flank","Rechte weg",60,"Niet aanwezig","Daglicht","Droog",\N,"600100682","Staverseweg","Sommelsdijk","Goeree-Overflakkee","Zuid-Holland",false,51.749443,4.160242,"injury","2","clear",false,1,"GM1924"
"20220086219",2022,"Letsel",2,"Bestelauto","Fiets","Flank","Kruispunt, 3 takken",60,"Niet brandend","Daglicht","Droog",\N,\N,"Schiebroekseweg","Bergschenhoek","Lansingerland","Zuid-Holland",false,51.974641,4.484779,"injury","2","clear",false,1,"GM1621"
"20220092097",2022,"Letsel",1,"Fiets",\N,"Eenzijdig","Kruispunt, 4 takken",50,"Niet brandend","Daglicht","Droog",\N,\N,"Zonnelaan","Groningen","Groningen","Groningen",false,53.228672,6.543049,"injury","2","clear",false,1,"GM0014"
"20220111027",2022,"Uitsluitend materiele schade",2,"Personenauto","e-bike","Onbekend","Rechte weg",30,"Niet brandend","Daglicht","Droog","Brug/viaduct","296215024","Aert Heymlaan","Vught","Vught","Noord-Brabant",false,51.659708,5.291112,"material damage only","4","clear",false,1,"GM0865"
"20220025344",2022,"Uitsluitend materiele schade",2,"Personenauto","Fiets","Onbekend","Bocht",60,"Niet aanwezig","Daglicht","Droog",\N,"183182004","Oude Turfvaartsestraat","Roosendaal","Roosendaal","Noord-Brabant",false,51.505558,4.478102,"material damage only","4","clear",false,1,"GM1674"
"20220046598",2022,"Letsel",2,"Personenauto","Fiets","Flank","Kruispunt, 3 takken",50,"Niet brandend","Daglicht","Droog",\N,\N,"St. Annastraat","Nijmegen","Nijmegen","Gelderland",false,51.820864,5.856202,"injury","2","clear",false,1,"GM0268"
"20220050819",2022,"Uitsluitend materiele schade",2,"Fiets",\N,"Kop/staart","Rechte weg",80,"Niet aanwezig","Daglicht","Droog",\N,"600830246","Sloefweg","Marknesse","Noordoostpolder","Flevoland",false,52.694243,5.861501,"material damage only","4","clear",false,1,"GM0171"
"20220056710",2022,"Letsel",2,"Personenauto","Fiets","Flank","Kruispunt, 3 takken",50,"Niet brandend","Daglicht","Droog",\N,\N,"Looierslaan","Voorburg","Leidschendam-Voorburg","Zuid-Holland",false,52.081025,4.388869,"injury","2","clear",false,1,"GM1916"
"20220070154",2022,"Letsel",1,"Fiets",\N,"Eenzijdig","Bocht",60,"Niet aanwezig","Daglicht","Droog",\N,"600217003","Verlengde Steenakkerweg","Born","Sittard-Geleen","Limburg",false,51.031909,5.832175,"injury","2","clear",false,1,"GM1883"
"20220077970",2022,"Uitsluitend materiele schade",2,"Fiets","Bromfiets","Flank","Rechte weg",30,"Niet brandend","Daglicht","Droog",\N,"311332122","Het Masker","Amersfoort","Amersfoort","Utrecht",false,52.185671,5.394217,"material damage only","4","clear",false,1,"GM0307"
"20220083853",2022,"Letsel",1,"Fiets",\N,"Eenzijdig","Rechte weg",30,"Niet brandend","Daglicht","Droog",\N,"170295063","Bieslandsekade","Delft","Delft","Zuid-Holland",false,52.014102,4.37037,"injury","2","clear",false,1,"GM0503"
"20220086275",2022,"Uitsluitend materiele schade",2,"Personenauto","Fiets","Onbekend","Kruispunt, 4 takken",30,"Niet brandend","Daglicht",\N,\N,\N,"Mariniersweg","Oud-Beijerland","Hoeksche Waard","Zuid-Holland",false,51.821041,4.404467,"material damage only","4","unknown",false,1,"GM1963"
"20220111771",2022,"Letsel",2,"Personenauto","Fiets","Flank","Kruispunt, 4 takken",30,"Brandend","Daglicht","Droog",\N,\N,"Marktstraat","'s-Hertogenbosch","'s-Hertogenbosch","Noord-Brabant",false,51.6901,5.303669,"injury","2","clear",false,1,"GM0796"
"20220111783",2022,"Uitsluitend materiele schade",2,"Fiets","Personenauto","Flank","Kruispunt, 4 takken",30,"Brandend","Duisternis","Regen",\N,\N,"de Koppele","Eindhoven","Eindhoven","Noord-Brabant",false,51.477942,5.491901,"material damage only","4","rain",false,1,"GM0772"
"20220111794",2022,"Uitsluitend materiele schade",3,"Bromfiets","Fiets","Onbekend","Rechte weg",30,"Niet brandend","Daglicht","Droog",\N,"600941788","Woenselse Markt","Eindhoven","Eindhoven","Noord-Brabant",false,51.450789,5.472593,"material damage only","4","clear",false,1,"GM0772"
"20220112363",2022,"Letsel",1,"Fiets",\N,"Eenzijdig","Rechte weg",80,"Niet aanwezig","Duisternis","Regen",\N,"600662813","Elsendorpseweg","Elsendorp","Gemert-Bakel","Noord-Brabant",false,51.576356,5.747802,"injury","2","rain",false,1,"GM1652"
"20220112757",2022,"Uitsluitend materiele schade",2,"Personenauto","Fiets","Flank","Kruispunt, 4 takken",30,"Niet brandend","Daglicht","Droog",\N,\N,"Dorpsstraat","Gulpen","Gulpen-Wittem","Limburg",false,50.816421,5.890517,"material damage only","4","clear",false,1,"GM1729"
"20220046746",2022,"Uitsluitend materiele schade",2,"Personenauto","Fiets","Voetganger","Rechte weg",50,"Niet brandend","Daglicht","Droog",\N,"495358071","Deldensestraat","Borne","Borne","Overijssel",false,52.295897,6.747883,"material damage only","4","clear",false,1,"GM0147"
"20220113905",2022,"Uitsluitend materiele schade",2,"Personenauto","Fiets","Flank","Kruispunt, 4 takken",50,"Niet brandend","Daglicht","Droog",\N,\N,"Henri Hermanslaan","Geleen","Sittard-Geleen","Limburg",false,50.978578,5.840268,"material damage only","4","clear",false,1,"GM1883"
"20220009787",2022,"Uitsluitend materiele schade",2,"Personenauto","Fiets","Flank","Rechte weg",50,"Niet brandend","Daglicht","Droog",\N,"270267062","Koningin Emmalaan","Leerdam","Vijfheerenlanden","Utrecht",false,51.892993,5.101591,"material damage only","4","clear",false,1,"GM1961"
"20220013879",2022,"Uitsluitend materiele schade",1,"Fiets",\N,"Frontaal","Rechte weg",\N,"Niet brandend","Daglicht",\N,\N,"207376121","Grote Houtstraat","Haarlem","Haarlem","Noord-Holland",false,52.377248,4.631485,"material damage only","4","unknown",false,1,"GM0392"
"20220055464",2022,"Uitsluitend materiele schade",2,"Bromfiets","Fiets","Onbekend","Kruispunt, 3 takken",50,\N,"Schemer",\N,\N,\N,"Nassaukade","Amsterdam","Amsterdam","Noord-Holland",false,52.382041,4.879178,"material damage only","4","unknown",false,1,"GM0363"
"20220104737",2022,"Letsel",1,"Fiets",\N,"Eenzijdig",\N,50,\N,"Daglicht",\N,\N,"150307109","Kijkduinsestraat","'s-Gravenhage","'s-Gravenhage","Zuid-Holland",false,52.066124,4.224089,"injury","2","unknown",false,1,"GM0518"
"20220104753",2022,"Letsel",1,"Fiets",\N,"Eenzijdig","Rechte weg",50,"Niet brandend","Daglicht","Droog",\N,"600733853","Zilkerduinweg","De Zilk","Noordwijk","Zuid-Holland",false,52.2986,4.533947,"injury","2","clear",false,1,"GM0575"
"20220104849",2022,"Letsel",3,"Bestelauto","e-bike","Onbekend","Rechte weg",60,"Niet brandend","Daglicht","Droog",\N,"207276026","Kerkweg","Ouderkerk aan den IJssel","Krimpenerwaard","Zuid-Holland",false,51.930201,4.641435,"injury","2","clear",false,1,"GM1931"
"20220104892",2022,"Uitsluitend materiele schade",2,"Motor","Fiets","Flank","Kruispunt, 3 takken",50,"Niet brandend","Daglicht","Regen",\N,\N,"Parallelweg","'s-Gravenhage","'s-Gravenhage","Zuid-Holland",false,52.06706,4.316132,"material damage only","4","rain",false,1,"GM0518"
"20220032286",2022,"Letsel",2,"Bestelauto","Fiets","Flank","Kruispunt, 3 takken",50,"Niet brandend","Daglicht","Droog",\N,\N,"Ulgersmaweg","Groningen","Groningen","Groningen",false,53.234267,6.586591,"injury","2","clear",false,1,"GM0014"
"20220059646",2022,"Letsel",2,"Bestelauto","e-bike","Frontaal","Rechte weg",60,"Niet brandend","Daglicht","Droog",\N,"231276001","Hogedijk","Bergambacht","Krimpenerwaard","Zuid-Holland",false,51.93516,4.824384,"injury","2","clear",false,1,"GM1931"
"20220061130",2022,"Uitsluitend materiele schade",2,"Personenauto","Fiets","Flank","Rechte weg",50,"Niet brandend","Daglicht","Droog",\N,"600420107","Spanjaardstraat","Rotterdam","Rotterdam","Zuid-Holland",false,51.909174,4.445968,"material damage only","4","clear",false,1,"GM0599"
"20220062707",2022,"Letsel",2,"Fiets","Voetganger","Voetganger",\N,50,\N,"Daglicht",\N,\N,\N,"Tijmweg","Hoogvliet Rotterdam","Rotterdam","Zuid-Holland",false,51.863941,4.350981,"injury","2","unknown",false,1,"GM0599"
"20220070353",2022,"Uitsluitend materiele schade",2,"Personenauto","Fiets","Flank","Rotonde",50,"Niet brandend","Daglicht","Regen",\N,\N,"Sint Wirosingel","Roermond","Roermond","Limburg",false,51.174493,6.002561,"material damage only","4","rain",false,1,"GM0957"
"20220083218",2022,"Letsel",4,"Fiets","Fiets","Onbekend","Rechte weg",30,"Niet brandend","Daglicht","Droog",\N,"210321057","Javastraat","Alphen aan den Rijn","Alphen aan den Rijn","Zuid-Holland",false,52.134654,4.65941,"injury","2","clear",false,1,"GM0484"
"20220088120",2022,"Letsel",2,"Personenauto","Fiets","Flank","Rechte weg",30,"Niet brandend","Daglicht","Droog",\N,"87121035","Vier Ambachtenstraat","Sas van Gent","Terneuzen","Zeeland",false,51.227047,3.792629,"injury","2","clear",false,1,"GM0715"
"20220106670",2022,"Letsel",2,"Personenauto","Fiets","Frontaal","Rotonde",50,"Niet brandend","Daglicht","Droog",\N,\N,"Maria Enzersdorflaan","Bergschenhoek","Lansingerland","Zuid-Holland",false,51.993218,4.492873,"injury","2","clear",false,1,"GM1621"
"20220010044",2022,"Letsel",1,"Fiets",\N,"Eenzijdig","Rechte weg",30,"Niet brandend","Daglicht","Mist",\N,"243312012","V d Duijn van Maasdamln","Woerden","Woerden","Utrecht",false,52.093458,4.902775,"injury","2","fog",false,1,"GM0632"
"20220041875",2022,"Uitsluitend materiele schade",2,"Motor","Fiets","Onbekend","Kruispunt, 3 takken",50,"Brandend","Duisternis","Droog",\N,\N,"Esdoornlaan","Groningen","Groningen","Groningen",false,53.232791,6.552559,"material damage only","4","clear",false,1,"GM0014"
"20220048202",2022,"Uitsluitend materiele schade",2,"Bestelauto","Fiets","Flank","Rechte weg",50,"Brandend","Duisternis","Droog",\N,"464361026","Wierdensestraat","Rijssen","Rijssen-Holten","Overijssel",false,52.309528,6.523817,"material damage only","4","clear",false,1,"GM1742"
"20220049792",2022,"Uitsluitend materiele schade",2,"Personenauto","Fiets","Frontaal","Kruispunt, 3 takken",50,"Niet brandend","Schemer","Droog",\N,\N,"Rembrandtlaan","Veenendaal","Veenendaal","Utrecht",false,52.019139,5.549104,"material damage only","4","clear",false,1,"GM0345"
"20220062811",2022,"Letsel",2,"Personenauto","Fiets","Flank","Kruispunt, 4 takken",50,"Brandend","Duisternis","Droog",\N,\N,"Heemraadssingel","Rotterdam","Rotterdam","Zuid-Holland",false,51.909667,4.457822,"injury","2","clear",false,1,"GM0599"
"20220082278",2022,"Letsel",2,"Personenauto","Fiets","Flank","Rechte weg",50,"Niet brandend","Daglicht","Droog",\N,"197349077","Gladiolenstraat","Lisse","Lisse","Zuid-Holland",false,52.257566,4.56171,"injury","2","clear",false,1,"GM0553"
"20220093200",2022,"Letsel",2,"Fiets","Fiets","Kop/staart","Rechte weg",30,"Niet brandend","Daglicht","Droog",\N,"411553001","Blauwhuisterweg","Surhuisterveen","Achtkarspelen","Friesland",true,53.176178,6.149963,"injury","2","clear",false,1,"GM0059"
"20220095241",2022,"Uitsluitend materiele schade",2,"Personenauto","Fiets","Flank","Rechte weg",50,"Niet brandend","Daglicht","Droog",\N,"314264073","Nieuwe Tielseweg","Tiel","Tiel","Gelderland",false,51.879872,5.419343,"material damage only","4","clear",false,1,"GM0281"
"20220095355",2022,"Letsel",1,"Fiets",\N,"Eenzijdig",\N,60,\N,"Daglicht",\N,\N,"600641660","Schouwenburgweg","Nijverdal","Hellendoorn","Overijssel",false,52.330012,6.453494,"injury","2","unknown",false,1,"GM0163"
"20220095564",2022,"Uitsluitend materiele schade",2,"Bromfiets","Fiets","Flank","Kruispunt, 4 takken",\N,"Niet brandend","Daglicht","Droog",\N,\N,"FIETSPAD","Hengelo","Hengelo (O)","Overijssel",false,52.267805,6.794656,"material damage only","4","clear",false,1,\N
"20220032481",2022,"Letsel",2,"Personenauto","Fiets","Flank","Kruispunt, 4 takken",50,"Brandend","Duisternis","Droog",\N,\N,"Korreweg","Groningen","Groningen","Groningen",false,53.234139,6.576668,"injury","2","clear",false,1,"GM0014"
"20220038198",2022,"Letsel",2,"Personenauto","Fiets","Onbekend",\N,50,\N,"Duisternis",\N,\N,"267199055","Beethovenlaan","Tilburg","Tilburg","Noord-Brabant",false,51.586262,5.083411,"injury","2","unknown",false,1,"GM0855"
"20220041969",2022,"Letsel",2,"Personenauto","Fiets","Flank","Kruispunt, 3 takken",60,"Niet brandend","Daglicht","Droog",\N,\N,"ORANJEKANAAL Z.Z.","Beilen","Midden-Drenthe","Drenthe",false,52.889968,6.532216,"injury","2","clear",false,1,"GM1731"
"20220058739",2022,"Uitsluitend materiele schade",2,"Bestelauto","Fiets","Onbekend","Rechte weg",\N,"Niet brandend","Daglicht","Droog",\N,\N,"Tuindreef","Zoetermeer","Zoetermeer","Zuid-Holland",false,52.066458,4.514666,"material damage only","4","clear",false,1,"GM0637"
"20220069035",2022,"Uitsluitend materiele schade",2,"Personenauto","e-bike","Flank","Rotonde",50,\N,"Daglicht","Droog",\N,\N,"Beukenbosweg","Kerkrade","Kerkrade","Limburg",false,50.878543,6.06309,"material damage only","4","clear",false,1,"GM0928"
"20220096101",2022,"Letsel",1,"Fiets",\N,"Eenzijdig",\N,30,\N,"Duisternis",\N,\N,"502352044","Enschedesestraat","Hengelo","Hengelo (O)","Overijssel",false,52.264806,6.794757,"injury","2","unknown",false,1,\N
"20220067670",2022,"Letsel",2,"Fiets","Fiets","Onbekend",\N,\N,\N,"Daglicht",\N,\N,\N,"Gebroeders Hoeksstraat","Eersel","Eersel","Noord-Brabant",false,51.358017,5.316368,"injury","2","unknown",false,1,"GM0770"
"20220096235",2022,"Uitsluitend materiele schade",2,"e-bike","Scootmobiel","Flank","Kruispunt, 4 takken",15,"Niet brandend","Daglicht","Droog",\N,\N,"H.J. van Heekplein","Enschede","Enschede","Overijssel",false,52.218383,6.894803,"material damage only","4","clear",false,1,"GM0153"
"20220098064",2022,"Letsel",2,"Personenauto","Fiets","Flank","Kruispunt, 3 takken",50,"Niet brandend","Daglicht","Droog",\N,\N,"De Genestetlaan","Amersfoort","Amersfoort","Utrecht",false,52.137642,5.366566,"injury","2","clear",false,1,"GM0307"
"20220102129",2022,"Uitsluitend materiele schade",2,"Bromfiets","Fiets","Flank","Rechte weg",50,"Brandend","Duisternis","Droog",\N,"600759653","Hoofdweg","Amsterdam","Amsterdam","Noord-Holland",false,52.374041,4.848109,"material damage only","4","clear",false,1,"GM0363"
"20220020899",2022,"Uitsluitend materiele schade",2,"Fiets","Motor","Flank","Kruispunt, 4 takken",50,"Niet brandend","Daglicht","Droog",\N,\N,"Hillevliet","Rotterdam","Rotterdam","Zuid-Holland",false,51.89516,4.506063,"material damage only","4","clear",false,1,"GM0599"
"20220038475",2022,"Letsel",2,"Personenauto","e-bike","Flank","Kruispunt, 3 takken",50,"Niet brandend","Daglicht","Droog",\N,\N,"Bastionweg","Bergen op Zoom","Bergen op Zoom","Noord-Brabant",false,51.507632,4.303723,"injury","2","clear",false,1,"GM0748"
"20220043962",2022,"Uitsluitend materiele schade",2,"Personenauto","Fiets","Flank","Kruispunt, 4 takken",50,"Niet brandend","Daglicht",\N,\N,\N,"Groesbeekseweg","Nijmegen","Nijmegen","Gelderland",false,51.833505,5.871826,"material damage only","4","unknown",false,1,"GM0268"
"20220058883",2022,"Letsel",2,"e-bike","Personenauto","Flank","Rotonde",50,"Niet brandend","Daglicht","Droog",\N,\N,"Chopinlaan","Waddinxveen","Waddinxveen","Zuid-Holland",false,52.049362,4.647767,"injury","2","clear",false,1,"GM0627"
"20220097433",2022,"Letsel",2,"Personenauto","Fiets","Flank","Kruispunt, 4 takken",60,"Niet brandend","Daglicht","Droog",\N,\N,"Sluitdijk","Lochem","Lochem","Gelderland",false,52.143834,6.359112,"injury","2","clear",false,1,"GM0262"
"20220103601",2022,"Uitsluitend materiele schade",2,"Fiets","Personenauto","Flank","Rechte weg",\N,"Niet brandend","Daglicht","Droog",\N,"600926420","Weigelia","Leidschendam","Leidschendam-Voorburg","Zuid-Holland",false,52.089258,4.38143,"material damage only","4","clear",false,1,"GM1916"
"20220027895",2022,"Letsel",2,"Personenauto","Fiets","Onbekend","Rechte weg",30,"Niet brandend","Daglicht","Droog",\N,"348176149","Heistraat","Helmond","Helmond","Noord-Brabant",false,51.482544,5.667448,"injury","2","clear",false,1,"GM0794"
"20220054708",2022,"Letsel",2,"Fiets","Personenauto","Onbekend","Kruispunt, 4 takken",50,"Niet aanwezig","Daglicht","Droog",\N,\N,"Beneluxbaan","Amstelveen","Amstelveen","Noord-Holland",false,52.285094,4.853451,"injury","2","clear",false,1,"GM0362"
"20220067807",2022,"Uitsluitend materiele schade",2,"Personenauto","Fiets","Onbekend","Kruispunt, 4 takken",30,"Niet brandend","Daglicht","Droog",\N,\N,"Veerstraat","Son en Breugel","Son en Breugel","Noord-Brabant",false,51.511416,5.498241,"material damage only","4","clear",false,1,"GM0848"
"20220099370",2022,"Letsel",2,"Fiets","Fiets","Frontaal","Rechte weg",30,"Niet brandend","Daglicht",\N,\N,"600375775","Bemuurde Weerd O.Z.","Utrecht","Utrecht","Utrecht",false,52.097816,5.114815,"injury","2","unknown",false,1,"GM0344"
"20220101920",2022,"Letsel",2,"Personenauto","Fiets","Onbekend","Kruispunt, 4 takken",50,"Niet brandend","Daglicht","Droog",\N,\N,"Persijnlaan","Purmerend","Purmerend","Noord-Holland",false,52.489843,4.965012,"injury","2","clear",false,1,"GM0439"
"20220075313",2022,"Uitsluitend materiele schade",2,"Personenauto","Fiets","Flank","Bocht",30,"Niet brandend","Daglicht","Droog",\N,"600851113","Oud Zevenaarseweg","Zevenaar","Zevenaar","Gelderland",false,51.919599,6.078919,"material damage only","4","clear",false,1,"GM0299"
"20220075330",2022,"Uitsluitend materiele schade",2,"Personenauto","Fiets","Flank","Kruispunt, 4 takken",50,"Brandend","Duisternis","Droog",\N,\N,"Hofstraat","Almelo","Almelo","Overijssel",false,52.35612,6.672949,"material damage only","4","clear",false,1,"GM0141"
"20220010772",2022,"Letsel",1,"Fiets",\N,"Eenzijdig","Rechte weg",30,"Niet brandend","Daglicht","Droog",\N,"313294011","Middelweg","Leersum","Utrechtse Heuvelrug","Utrecht",false,52.012443,5.41698,"injury","2","clear",false,1,"GM1581"
"20220030796",2022,"Uitsluitend materiele schade",2,"Personenauto","Fiets","Onbekend","Rechte weg",50,"Niet brandend","Schemer","Droog",\N,"375065014","Komeetlaan","Sittard","Sittard-Geleen","Limburg",false,50.985324,5.853265,"material damage only","4","clear",false,1,"GM1883"
"20220045972",2022,"Uitsluitend materiele schade",2,"Fiets","Personenauto","Flank","Rotonde",50,"Niet brandend","Daglicht","Regen",\N,\N,"Holterstraatweg","Rijssen","Rijssen-Holten","Overijssel",false,52.308669,6.511782,"material damage only","4","rain",false,1,"GM1742"
"20220054760",2022,"Uitsluitend materiele schade",2,"Personenauto","Fiets","Flank","Kruispunt, 4 takken",50,"Brandend","Duisternis","Regen",\N,\N,"Zeilstraat","Amsterdam","Amsterdam","Noord-Holland",false,52.351407,4.856152,"material damage only","4","rain",false,1,"GM0363"
"20220069469",2022,"Uitsluitend materiele schade",2,"Scootmobiel","e-bike","Flank","Rechte weg",30,"Niet aanwezig","Daglicht","Droog",\N,"377070057","Overhoven","Sittard","Sittard-Geleen","Limburg",false,51.005231,5.867138,"material damage only","4","clear",false,1,"GM1883"
"20220102415",2022,"Letsel",2,"Fiets","Fiets","Onbekend","Rechte weg",30,"Brandend","Duisternis","Droog",\N,"600763555","Buiksloterweg","Amsterdam","Amsterdam","Noord-Holland",false,52.38339,4.905796,"injury","2","clear",false,1,"GM0363"
"20220103005",2022,"Uitsluitend materiele schade",2,"Bestelauto","Fiets","Onbekend","Kruispunt, 4 takken",50,"Niet brandend","Daglicht","Droog",\N,\N,"Oostoever","Amsterdam","Amsterdam","Noord-Holland",false,52.364034,4.82703,"material damage only","4","clear",false,1,"GM0363"
"20220042408",2022,"Letsel",2,"Bestelauto","e-bike","Eenzijdig","Kruispunt, 4 takken",50,"Niet brandend","Daglicht","Droog",\N,\N,"Van Oldenbarneveltlaan","Groningen","Groningen","Groningen",false,53.232715,6.559355,"injury","2","clear",false,1,"GM0014"
"20220053400",2022,"Letsel",1,"Fiets",\N,"Eenzijdig","Rechte weg",50,"Brandend","Duisternis","Droog","Tunnel","600601185","FIETSPAD","Hoofddorp","Haarlemmermeer","Noord-Holland",false,52.314923,4.675846,"injury","2","clear",false,1,"GM0394"
"20220053417",2022,"Letsel",2,"Fiets","Fiets","Onbekend","Rechte weg",50,"Niet brandend","Daglicht","Droog",\N,"600734443","Linnaeusstraat","Zandvoort","Zandvoort","Noord-Holland",false,52.377838,4.541714,"injury","2","clear",false,1,"GM0473"
"20220073061",2022,"Uitsluitend materiele schade",2,"Personenauto","Fiets","Flank","Rechte weg",30,"Niet brandend","Daglicht","Droog",\N,\N,"Verzetslaan","Deventer","Deventer","Overijssel",false,52.254123,6.164263,"material damage only","4","clear",false,1,"GM0150"
"20220088897",2022,"Uitsluitend materiele schade",2,"Fiets","Fiets","Flank","Kruispunt, 3 takken",30,"Niet brandend","Daglicht","Droog",\N,\N,"Koppel","Boxtel","Boxtel","Noord-Brabant",false,51.590297,5.325812,"material damage only","4","clear",false,1,"GM0757"
"20220104451",2022,"Letsel",1,"Fiets",\N,"Eenzijdig","Rechte weg",50,"Niet brandend","Daglicht","Droog",\N,"600435056","Laan van Zuid Hoorn","Rijswijk","Rijswijk","Zuid-Holland",false,52.049579,4.349855,"injury","2","clear",false,1,\N
"20220110827",2022,"Uitsluitend materiele schade",2,"Personenauto","Fiets","Flank","Rechte weg",30,"Niet brandend","Daglicht","Droog",\N,"317206033","Hoofdstraat","Schijndel","Meierijstad","Noord-Brabant",false,51.616816,5.438206,"material damage only","4","clear",false,1,"GM1948"
"20220075917",2022,"Letsel",2,"Personenauto","Fiets","Flank","Kruispunt, 4 takken",50,"Niet brandend","Daglicht","Droog",\N,\N,"van Limburg Stirumstraat","Nijverdal","Hellendoorn","Overijssel",false,52.369795,6.457464,"injury","2","clear",false,1,"GM0163"
"20220047526",2022,"Uitsluitend materiele schade",2,"Bestelauto","Fiets","Onbekend","Kruispunt, 3 takken",50,"Niet brandend","Daglicht","Droog",\N,\N,"Heilige Stoel","Wijchen","Wijchen","Gelderland",false,51.816643,5.711475,"material damage only","4","clear",false,1,"GM0296"
"20220053508",2022,"Uitsluitend materiele schade",2,"Personenauto","Fiets","Flank","Rechte weg",50,"Niet brandend","Daglicht","Droog",\N,"213404132","Jan van Kuikweg","Heemskerk","Heemskerk","Noord-Holland",false,52.506375,4.677696,"material damage only","4","clear",false,1,"GM0396"
"20220057921",2022,"Uitsluitend materiele schade",2,"Personenauto","Fiets","Flank","Kruispunt, 4 takken",50,"Niet brandend","Daglicht","Droog",\N,\N,"Noordwal","'s-Gravenhage","'s-Gravenhage","Zuid-Holland",false,52.079685,4.302889,"material damage only","4","clear",false,1,"GM0518"
"20220060240",2022,"Letsel",2,"Personenauto","Fiets","Kop/staart","Kruispunt, 3 takken",30,"Niet brandend","Daglicht","Droog",\N,\N,"Julianalaan","Sassenheim","Teylingen","Zuid-Holland",false,52.225165,4.515584,"injury","2","clear",false,1,"GM1525"
"20220068081",2022,"Uitsluitend materiele schade",2,"e-bike","Fiets","Onbekend","Rechte weg",30,"Brandend","Schemer","Droog",\N,"600967663","Kromme Steenweg","Helmond","Helmond","Noord-Brabant",false,51.477651,5.648285,"material damage only","4","clear",false,1,"GM0794"
"20220088941",2022,"Letsel",2,"Personenauto","e-bike","Flank","Rotonde",50,"Niet brandend","Daglicht","Droog",\N,\N,"Populierlaan","Veghel","Meierijstad","Noord-Brabant",false,51.61828,5.551803,"injury","2","clear",false,1,"GM1948"
"20230002136",2023,"Uitsluitend materiele schade",1,"Fiets",\N,"Onbekend","Rechte weg",60,"Niet aanwezig","Daglicht","Droog",\N,"472340009","Diepenheimseweg","Markelo","Hof van Twente","Overijssel",false,52.214714,6.577472,"material damage only","4","clear",false,1,"GM1735"
"20230003156",2023,"Letsel",2,"Personenauto","Fiets","Flank","Kruispunt, 3 takken",50,"Niet brandend","Daglicht","Regen",\N,\N,"Florasingel","Bovenkarspel","Stede Broec","Noord-Holland",false,52.69519,5.251201,"injury","2","rain",false,1,"GM0532"
"20230003159",2023,"Letsel",2,"Personenauto","Fiets","Flank","Kruispunt, 4 takken",30,"Brandend","Duisternis","Droog",\N,\N,"Kruitmolen","Enkhuizen","Enkhuizen","Noord-Holland",false,52.693319,5.263295,"injury","2","clear",false,1,"GM0388"
"20230003953",2023,"Dodelijk",2,"Personenauto","Fiets","Flank","Kruispunt, 4 takken",50,"Niet brandend","Daglicht","Droog",\N,\N,"Nieuwe Achtergracht","Amsterdam","Amsterdam","Noord-Holland",false,52.362248,4.907269,"fatal","1","clear",false,1,"GM0363"