"accident_id","year","severity_raw","party_count","party1_type","party2_type","accident_type","road_situation","speed_limit_kmh","road_lighting","light_condition_label","weather_raw","infra_type","road_segment_id","street_name","place_name","gemeente_name_raw","province","alcohol_indicated","latitude","longitude","severity_label","severity_code","weather_label","built_up_area","cyclists_involved","gemeente_code"
"20230005007",2023,"Dodelijk",1,"Fiets",\N,"Eenzijdig","Rechte weg",60,"Brandend","Duisternis","Droog",\N,"190349001","Leidsevaart","Noordwijkerhout","Noordwijk","Zuid-Holland",false,52.264035,4.523756,"fatal","1","clear",false,1,"GM0575"
"20230053414",2023,"Uitsluitend materiele schade",1,"Fiets",\N,"Onbekend",\N,30,\N,"Daglicht",\N,\N,"187277106","Paradijslaan","Rotterdam","Rotterdam","Zuid-Holland",false,51.936157,4.495476,"material damage only","4","unknown",false,1,"GM0599"
"20230099834",2023,"Letsel",1,"Fiets",\N,"Eenzijdig",\N,30,\N,"Duisternis",\N,\N,"237201004","Spoorstraat","Dorst","Oosterhout","Noord-Brabant",false,51.593015,4.861052,"injury","2","unknown",false,1,"GM0826"
"20230001013",2023,"Letsel",2,"Personenauto","Fiets","Flank","Rotonde",50,"Niet brandend","Daglicht","Droog",\N,\N,"Stationslaan","Wijchen","Wijchen","Gelderland",false,51.810821,5.729698,"injury","2","clear",false,1,"GM0296"
"20230001362",2023,"Letsel",2,"Fiets","Fiets","Frontaal","Bocht",30,"Niet brandend","Daglicht","Droog",\N,"514466039","Het Meerveld","Emmen","Emmen","Drenthe",false,52.77779,6.900974,"injury","2","clear",false,1,"GM0114"
"20230010549",2023,"Letsel",1,"Fiets",\N,"Eenzijdig","Kruispunt, 3 takken",50,"Niet brandend","Daglicht","Droog",\N,\N,"Buiskoolstraat","Emmen","Emmen","Drenthe",false,52.817958,6.916193,"injury","2","clear",false,1,"GM0114"
"20230011385",2023,"Letsel",2,"Personenauto","Fiets","Geparkeerd voertuig",\N,50,"Niet brandend","Daglicht","Regen","Parkeervoorziening","600152737","Getfertsingel","Enschede","Enschede","Overijssel",false,52.210694,6.884021,"injury","2","rain",false,1,"GM0153"
"20230011480",2023,"Uitsluitend materiele schade",2,"Fiets","Personenauto","Onbekend","Kruispunt, 4 takken",60,"Brandend","Schemer","Regen",\N,\N,"Kanaaldijk","Heerde","Heerde","Gelderland",false,52.376008,6.045229,"material damage only","4","rain",false,1,"GM0246"
"20230001059",2023,"Letsel",2,"Personenauto","Fiets","Flank","Kruispunt, 4 takken",50,"Niet brandend","Daglicht","Droog",\N,\N,"Bornerbroeksestraat","Almelo","Almelo","Overijssel",false,52.335776,6.658508,"injury","2","clear",false,1,"GM0141"
"20230001435",2023,"Letsel",3,"Personenauto","Fiets","Onbekend","Kruispunt, 4 takken",30,"Niet brandend","Daglicht","Regen",\N,\N,"Fiskbuorren","Ternaard","Noardeast-Fryslân","Friesland",false,53.384708,5.948869,"injury","2","rain",false,1,"GM1970"
"20230011991",2023,"Uitsluitend materiele schade",2,"Personenauto","Fiets","Flank","Rechte weg",30,"Niet brandend","Daglicht","Droog",\N,"514344014","Kottendijk","Enschede","Enschede","Overijssel",false,52.229874,6.886479,"material damage only","4","clear",false,1,"GM0153"
"20230001887",2023,"Letsel",2,"Personenauto","Fiets","Los voorwerp","Kruispunt, 3 takken",50,"Niet brandend","Daglicht","Droog",\N,\N,"Weth E van Dronkelaarpln","Almelo","Almelo","Overijssel",false,52.350282,6.669276,"injury","2","clear",false,1,"GM0141"
"20230002861",2023,"Uitsluitend materiele schade",2,"Personenauto","Fiets","Flank","Rotonde",50,"Niet aanwezig","Schemer","Regen",\N,\N,"Steinhagenseweg","Woerden","Woerden","Utrecht",false,52.084066,4.898744,"material damage only","4","rain",false,1,"GM0632"
"20230003967",2023,"Uitsluitend materiele schade",2,"Bromfiets","Fiets","Flank","Rechte weg",50,"Niet brandend","Daglicht","Regen","Brug/viaduct","240373021","Nassaukade","Amsterdam","Amsterdam","Noord-Holland",false,52.366664,4.877132,"material damage only","4","rain",false,1,"GM0363"
"20230106438",2023,"Letsel",2,"Personenauto","Fiets","Onbekend",\N,50,\N,"Duisternis",\N,\N,\N,"Abram van Rijckevorselwg","Capelle aan den IJssel","Capelle aan den IJssel","Zuid-Holland",false,51.92527,4.569351,"injury","2","unknown",false,1,"GM0502"
"20230081114",2023,"Letsel",2,"Bestelauto","Fiets","Onbekend",\N,50,\N,"Daglicht",\N,\N,"600773031","Van Haestrechtstraat","Goirle","Goirle","Noord-Brabant",true,51.524177,5.074098,"injury","2","unknown",false,1,"GM0785"
"20230010195",2023,"Letsel",2,"Bromfiets","Fiets","Flank","Kruispunt, 4 takken",50,"Brandend","Daglicht","Droog",\N,\N,"Nieuwe Ebbingestraat","Groningen","Groningen","Groningen",false,53.22285,6.564397,"injury","2","clear",false,1,"GM0014"
"20230001279",2023,"Uitsluitend materiele schade",2,"Personenauto","Fiets","Flank","Rechte weg",50,"Niet brandend","Daglicht","Droog",\N,"370389019","Hertogstraat","Elburg","Elburg","Gelderland",false,52.442159,5.833152,"material damage only","4","clear",false,1,"GM0230"
"20230003872",2023,"Letsel",2,"Personenauto","Fiets","Flank","Kruispunt, 4 takken",50,"Niet brandend","Daglicht","Regen",\N,\N,"Atoomweg","Utrecht","Utrecht","Utrecht",false,52.115878,5.054353,"injury","2","rain",false,1,"GM0344"
"20230005360",2023,"Uitsluitend materiele schade",2,"Personenauto","Fiets","Flank","Kruispunt, 3 takken",50,"Brandend","Duisternis","Regen",\N,\N,"Hildebrandstraat","'s-Gravenhage","'s-Gravenhage","Zuid-Holland",false,52.05574,4.311784,"material damage only","4","rain",false,1,"GM0518"
"20230005864",2023,"Letsel",1,"Fiets",\N,"Eenzijdig","Rechte weg",30,"Niet brandend","Daglicht","Droog",\N,"187327107","Breestraat","Leiden","Leiden","Zuid-Holland",false,52.15727,4.491498,"injury","2","clear",false,1,"GM0546"
"20230107277",2023,"Letsel",2,"Fiets",\N,"Eenzijdig",\N,30,\N,"Duisternis",\N,\N,\N,"Meidoornsingel","Rotterdam","Rotterdam","Zuid-Holland",false,51.953949,4.468339,"injury","2","unknown",false,1,"GM0599"
"20230005676",2023,"Uitsluitend materiele schade",2,"Personenauto","Fiets","Flank","Kruispunt, 4 takken",30,"Niet brandend","Daglicht","Droog",\N,\N,"Maresingel","Leiden","Leiden","Zuid-Holland",false,52.164432,4.49792,"material damage only","4","clear",false,1,"GM0546"
"20230008713",2023,"Uitsluitend materiele schade",2,"Personenauto","Fiets","Flank","Bocht",50,"Niet brandend","Daglicht","Droog",\N,\N,"Mosae Forum","Maastricht","Maastricht","Limburg",false,50.852144,5.693753,"material damage only","4","clear",false,1,"GM0935"
"20230008855",2023,"Uitsluitend materiele schade",2,"Personenauto","Fiets","Flank","Kruispunt, 4 takken",30,"Brandend","Duisternis","Regen",\N,\N,"Waterweg","Eindhoven","Eindhoven","Noord-Brabant",false,51.437388,5.397443,"material damage only","4","rain",false,1,"GM0772"
"20230005000",2023,"Letsel",3,"Fiets","Fiets","Onbekend","Rechte weg",30,"Niet brandend","Daglicht","Regen","Bus-/Tramhalte","217296076","Willem de Zwijgersingel","Gouda","Gouda","Zuid-Holland",false,52.021007,4.713071,"injury","2","rain",false,1,"GM0513"
"20230005710",2023,"Letsel",2,"Personenauto","Fiets","Onbekend","Kruispunt, 4 takken",50,"Niet brandend","Daglicht","Regen",\N,\N,"Laan van Leidschenveen","'s-Gravenhage","'s-Gravenhage","Zuid-Holland",false,52.059044,4.392304,"injury","2","rain",false,1,"GM0518"
"20230078627",2023,"Letsel",1,"Fiets",\N,"Eenzijdig",\N,\N,\N,"Daglicht",\N,\N,"193308016","Sportlaan","Benthuizen","Alphen aan den Rijn","Zuid-Holland",false,52.074924,4.540207,"injury","2","unknown",false,1,"GM0484"
"20230103722",2023,"Letsel",1,"Fiets",\N,"Eenzijdig",\N,50,\N,"Duisternis",\N,\N,\N,"Nijverheidstraat","Capelle aan den IJssel","Capelle aan den IJssel","Zuid-Holland",false,51.917433,4.576514,"injury","2","unknown",false,1,"GM0502"
"20230005497",2023,"Letsel",2,"Fiets","Fiets","Kop/staart","Rechte weg",50,"Niet brandend","Daglicht","Droog",\N,"600549850","Voorweg","Zoetermeer","Zoetermeer","Zuid-Holland",false,52.062372,4.453249,"injury","2","clear",false,1,"GM0637"
"20230007715",2023,"Uitsluitend materiele schade",1,"Fiets",\N,"Voetganger","Rechte weg",80,"Niet brandend","Daglicht","Droog",\N,"600779657","Kreitenmolenstraat","Udenhout","Tilburg","Noord-Brabant",false,51.600683,5.164329,"material damage only","4","clear",false,1,"GM0855"
"20230009359",2023,"Uitsluitend materiele schade",2,"Personenauto","e-bike","Flank","Kruispunt, 4 takken",50,"Niet brandend","Daglicht","Droog",\N,\N,"Tuurkesweg","Weert","Weert","Limburg",false,51.212134,5.72169,"material damage only","4","clear",false,1,"GM0988"
"20230010022",2023,"Uitsluitend materiele schade",3,"Fiets","Personenauto","Onbekend","Rechte weg",50,"Niet brandend","Daglicht","Droog",\N,"513469065","Weerdingerstraat","Emmen","Emmen","Drenthe",false,52.792231,6.897883,"material damage only","4","clear",false,1,"GM0114"
"20230088983",2023,"Dodelijk",1,"Fiets",\N,"Eenzijdig","Rechte weg",80,"Brandend","Daglicht","Droog",\N,"601080153","Burgemeester Elsenweg","Honselersdijk","Westland","Zuid-Holland",false,51.994407,4.223803,"fatal","1","clear",false,1,"GM1783"
"20230010920",2023,"Letsel",2,"Bromfiets","Fiets","Onbekend","Bocht",60,"Niet brandend","Duisternis","Droog",\N,"600865982","Linderweg","Linde","De Wolden","Drenthe",false,52.636152,6.451264,"injury","2","clear",false,1,"GM1690"
"20230044001",2023,"Uitsluitend materiele schade",2,"Personenauto","Fiets","Onbekend",\N,60,\N,"Daglicht",\N,\N,"367265001","Oosterhoutsestraat","Oosterhout","Overbetuwe","Gelderland",false,51.883346,5.80961,"material damage only","4","unknown",false,1,"GM1734"
"20230056966",2023,"Uitsluitend materiele schade",1,"Fiets",\N,"Onbekend",\N,\N,\N,"Daglicht",\N,\N,"319404112","Schouw 54","Lelystad","Lelystad","Flevoland",false,52.509696,5.458186,"material damage only","4","unknown",false,1,"GM0995"
"20230006597",2023,"Letsel",2,"Personenauto","Fiets","Flank","Kruispunt, 4 takken",50,"Niet brandend","Daglicht","Droog",\N,\N,"Gruttostraat","Rotterdam","Rotterdam","Zuid-Holland",false,51.888417,4.472353,"injury","2","clear",false,1,"GM0599"
"20230012617",2023,"Uitsluitend materiele schade",2,"Fiets","Fiets","Frontaal","Kruispunt, 3 takken",50,"Niet brandend","Daglicht","Droog",\N,\N,"Lijmerij","Zutphen","Zutphen","Gelderland",false,52.145098,6.192103,"material damage only","4","clear",false,1,"GM0301"
"20230012638",2023,"Uitsluitend materiele schade",2,"Personenauto","Fiets","Flank","Kruispunt, 4 takken",30,"Niet brandend","Daglicht","Droog",\N,\N,"IJssellaan","Arnhem","Arnhem","Gelderland",false,51.982741,5.943541,"material damage only","4","clear",false,1,"GM0202"
"20230012189",2023,"Uitsluitend materiele schade",1,"Fiets",\N,"Los voorwerp","Rechte weg",\N,"Niet brandend","Daglicht","Regen",\N,"468358011","Rijssenseweg","Enter","Wierden","Overijssel",false,52.29505,6.552338,"material damage only","4","rain",false,1,"GM0189"
"20230004260",2023,"Letsel",2,"Personenauto","Fiets","Flank","Kruispunt, 4 takken",30,"Niet brandend","Daglicht","Regen",\N,\N,"Kievitlaan","Schagen","Schagen","Noord-Holland",false,52.784457,4.790042,"injury","2","rain",false,1,"GM0441"
"20240008131",2024,"Uitsluitend materiele schade",2,"Fiets","Snorfiets","Frontaal","Rechte weg",30,"Brandend","Duisternis","Droog",\N,"239363043","Van Boshuizenstraat","Amsterdam","Amsterdam","Noord-Holland",false,52.324698,4.873164,"material damage only","4","clear",false,1,"GM0363"
"20230037167",2023,"Uitsluitend materiele schade",2,"Scootmobiel","e-bike","Flank","Kruispunt, 4 takken",30,"Niet brandend","Daglicht","Droog",\N,\N,"Voorstraat","Lelystad","Lelystad","Flevoland",false,52.494108,5.491369,"material damage only","4","clear",false,1,"GM0995"
"20240017582",2024,"Uitsluitend materiele schade",3,"Bestelauto","Fiets","Flank","Rechte weg",50,"Niet aanwezig","Daglicht","Droog",\N,"600898093","Industrieweg","Assen","Assen","Drenthe",false,52.997667,6.571196,"material damage only","4","clear",false,1,"GM0106"
"20240020514",2024,"Letsel",1,"Fiets",\N,"Onbekend","Kruispunt, 3 takken",30,"Niet brandend","Daglicht",\N,\N,\N,"Parkstraat","'s-Gravenhage","'s-Gravenhage","Zuid-Holland",false,52.083172,4.307936,"injury","2","unknown",false,1,"GM0518"
"20240043078",2024,"Letsel",2,"Fiets","Scootmobiel","Onbekend",\N,30,\N,"Daglicht",\N,\N,\N,"Chopinlaan","Delft","Delft","Zuid-Holland",false,51.99458,4.34455,"injury","2","unknown",false,1,"GM0503"
"20240039640",2024,"Uitsluitend materiele schade",2,"e-bike","Voetganger","Voetganger","Rotonde",50,"Niet brandend","Daglicht","Droog",\N,\N,"Heereweg","Lisse","Lisse","Zuid-Holland",false,52.269331,4.559426,"material damage only","4","clear",false,1,"GM0553"
"20240036309",2024,"Letsel",2,"Personenauto","Fiets","Flank","Kruispunt, 4 takken",50,"Niet brandend","Daglicht","Droog",\N,\N,"Rijksstraatweg","Haren Gn","Groningen","Groningen",false,53.159556,6.614255,"injury","2","clear",false,1,"GM0014"
"20240035092",2024,"Letsel",3,"Personenauto","Fiets","Flank","Rotonde",50,\N,"Duisternis",\N,\N,\N,"Mellesingel","Uden","Maashorst","Noord-Brabant",false,51.661062,5.627001,"injury","2","unknown",false,1,"GM1991"
"20240024659",2024,"Uitsluitend materiele schade",2,"Personenauto","Fiets","Onbekend","Bocht",30,"Niet brandend","Daglicht","Droog",\N,\N,"Becanusstraat","Maastricht","Maastricht","Limburg",false,50.849247,5.666214,"material damage only","4","clear",false,1,"GM0935"
"20240022194",2024,"Uitsluitend materiele schade",2,"Personenauto","Fiets","Frontaal","Kruispunt, 3 takken",50,"Brandend","Duisternis","Droog",\N,\N,"Prinsenstraat","Zundert","Zundert","Noord-Brabant",false,51.471711,4.655134,"material damage only","4","clear",false,1,"GM0879"
"20240030593",2024,"Uitsluitend materiele schade",2,"Personenauto","Fiets","Frontaal","Rechte weg",30,"Niet brandend","Daglicht","Regen",\N,"245378050","Mosveld","Amsterdam","Amsterdam","Noord-Holland",false,52.391959,4.913602,"material damage only","4","rain",false,1,"GM0363"
"20240039932",2024,"Letsel",2,"Fiets","Fiets","Onbekend","Rechte weg",50,"Niet brandend","Daglicht","Droog",\N,"600626038","FIETSPAD","'s-Gravenhage","'s-Gravenhage","Zuid-Holland",false,52.121149,4.305615,"injury","2","clear",false,1,"GM0518"
"20240038711",2024,"Uitsluitend materiele schade",1,"Fiets",\N,"Onbekend","Kruispunt, 4 takken",30,"Niet brandend","Daglicht","Droog",\N,\N,"Oosterend","Laren","Laren","Noord-Holland",false,52.260083,5.223592,"material damage only","4","clear",false,1,\N
"20240039324",2024,"Letsel",1,"Fiets",\N,"Eenzijdig","Bocht",30,"Niet brandend","Daglicht","Droog",\N,"271289013","Hoekenstraat","Vianen","Vijfheerenlanden","Utrecht",false,51.992239,5.103648,"injury","2","clear",false,1,"GM1961"
"20240039349",2024,"Letsel",2,"Fiets","Voetganger","Voetganger","Rechte weg",50,"Niet brandend","Daglicht","Droog",\N,"600860296","Vechtdijk","Dalfsen","Dalfsen","Overijssel",false,52.50342,6.260979,"injury","2","clear",false,1,"GM0148"
"20240039446",2024,"Uitsluitend materiele schade",2,"Personenauto","Fiets","Flank","Rotonde",50,"Niet brandend","Daglicht","Droog",\N,\N,"Bikkersweg","Bunschoten-Spakenburg","Bunschoten","Utrecht",false,52.243739,5.367892,"material damage only","4","clear",false,1,"GM0313"
"20240017376",2024,"Letsel",2,"Personenauto","Fiets","Flank","Kruispunt, 3 takken",80,"Niet brandend","Daglicht","Droog",\N,\N,"WIJCHEN","Wijchen","Wijchen","Gelderland",false,51.825538,5.737733,"injury","2","clear",false,1,"GM0296"
"20240020298",2024,"Letsel",1,"Fiets",\N,"Flank","Rechte weg",\N,"Niet brandend","Daglicht","Regen",\N,"600902205","Rijnzichtweg","Oegstgeest","Oegstgeest","Zuid-Holland",false,52.178807,4.453463,"injury","2","rain",false,1,"GM0579"
"20240020317",2024,"Letsel",2,"Bestelauto","Fiets","Flank","Rotonde",50,"Niet brandend","Daglicht","Droog",\N,\N,"Viaductweg","'s-Gravenhage","'s-Gravenhage","Zuid-Holland",false,52.058785,4.30662,"injury","2","clear",false,1,"GM0518"
"20240020798",2024,"Uitsluitend materiele schade",2,"Fiets","Fiets","Frontaal","Rechte weg",30,"Niet brandend","Daglicht","Droog",\N,"189323009","Zaalbergweg","Leiden","Leiden","Zuid-Holland",false,52.142488,4.506321,"material damage only","4","clear",false,1,"GM0546"
"20240025862",2024,"Uitsluitend materiele schade",2,"Snorfiets","Fiets","Frontaal","Rechte weg",30,"Niet brandend","Daglicht","Droog",\N,"600836916","Van Golsteinlaan","Ugchelen","Apeldoorn","Gelderland",false,52.176846,5.915389,"material damage only","4","clear",false,1,"GM0200"
"20240032408",2024,"Uitsluitend materiele schade",2,"Fiets","Personenauto","Frontaal","Kruispunt, 4 takken",30,"Niet brandend","Daglicht","Droog",\N,\N,"Kruisplein","Rotterdam","Rotterdam","Zuid-Holland",false,51.921068,4.471239,"material damage only","4","clear",false,1,"GM0599"
"20240032758",2024,"Uitsluitend materiele schade",2,"Bromfiets","Fiets","Frontaal","Bocht",30,"Brandend","Duisternis","Droog",\N,"600555357","Burgemeester Jamesplein","Gouda","Gouda","Zuid-Holland",false,52.018289,4.707173,"material damage only","4","clear",false,1,"GM0513"
"20220173245",2022,"Uitsluitend materiele schade",2,"Bromfiets","Fiets","Frontaal","Rechte weg",30,"Niet brandend","Daglicht","Droog",\N,"319404187","Gondel 22","Lelystad","Lelystad","Flevoland",false,52.510173,5.455001,"material damage only","4","clear",false,1,"GM0995"
"20220179564",2022,"Letsel",1,"Fiets",\N,"Eenzijdig",\N,60,\N,"Daglicht",\N,\N,"222289011","Goudseweg","Stolwijk","Krimpenerwaard","Zuid-Holland",false,51.983217,4.75537,"injury","2","unknown",false,1,"GM1931"
"20220180797",2022,"Letsel",2,"Fiets","Fiets","Frontaal","Rechte weg",50,"Niet brandend","Duisternis","Regen",\N,"600915777","Laakweg","'s-Gravenhage","'s-Gravenhage","Zuid-Holland",false,52.066964,4.329657,"injury","2","rain",false,1,"GM0518"
"20220184642",2022,"Uitsluitend materiele schade",3,"Scootmobiel","Fiets","Onbekend","Kruispunt, 4 takken",50,"Niet brandend","Daglicht","Droog",\N,\N,"Rozenlaan","Rotterdam","Rotterdam","Zuid-Holland",false,51.945304,4.474295,"material damage only","4","clear",false,1,"GM0599"
"20220126639",2022,"Letsel",1,"Fiets",\N,"Eenzijdig",\N,50,\N,"Daglicht",\N,\N,"163315034","Bronovolaan","'s-Gravenhage","'s-Gravenhage","Zuid-Holland",false,52.103377,4.318038,"injury","2","unknown",false,1,"GM0518"
"20220151567",2022,"Uitsluitend materiele schade",2,"Fiets","Fiets","Flank","Rechte weg",80,"Niet brandend","Daglicht","Droog",\N,\N,"Lemiers-Rijksweg","Lemiers","Vaals","Limburg",false,50.790727,5.984399,"material damage only","4","clear",false,1,"GM0981"
"20220158102",2022,"Letsel",2,"Bromfiets","Fiets","Kop/staart","Rechte weg",30,"Niet brandend","Daglicht","Droog",\N,\N,"Beukelsdijk","Rotterdam","Rotterdam","Zuid-Holland",false,51.920925,4.453988,"injury","2","clear",false,1,"GM0599"
"20220178028",2022,"Uitsluitend materiele schade",2,"Bestelauto","Fiets","Flank","Kruispunt, 4 takken",30,"Niet brandend","Daglicht","Droog",\N,\N,"Jan Oudegeeststraat","Amsterdam","Amsterdam","Noord-Holland",false,52.352976,4.796281,"material damage only","4","clear",false,1,"GM0363"
"20220178031",2022,"Uitsluitend materiele schade",2,"Fiets","Personenauto","Flank","Rechte weg",50,"Niet brandend","Daglicht","Droog",\N,"237370042","Amstelveenseweg","Amsterdam","Amsterdam","Noord-Holland",false,52.354658,4.855424,"material damage only","4","clear",false,1,"GM0363"
"20220178394",2022,"Letsel",2,"Personenauto","Fiets","Flank","Rotonde",30,"Niet brandend","Daglicht","Droog",\N,\N,"Gemeneweg","Hazerswoude-Rijndijk","Alphen aan den Rijn","Zuid-Holland",false,52.127697,4.582693,"injury","2","clear",false,1,"GM0484"
"20220179589",2022,"Uitsluitend materiele schade",2,"Personenauto","Fiets","Flank","Rotonde",50,\N,"Daglicht",\N,\N,\N,"Australiëlaan","Alphen aan den Rijn","Alphen aan den Rijn","Zuid-Holland",false,52.125924,4.65285,"material damage only","4","unknown",false,1,"GM0484"
"20220183824",2022,"Uitsluitend materiele schade",2,"Personenauto","e-bike","Onbekend","Rechte weg",30,"Niet brandend","Daglicht","Droog",\N,"178233031","Burg Henrylaan","Numansdorp","Hoeksche Waard","Zuid-Holland",false,51.737776,4.435163,"material damage only","4","clear",false,1,"GM1963"
"20220140438",2022,"Letsel",2,"Fiets","Overig vast object","Vast voorwerp","Kruispunt, 4 takken",50,"Niet brandend","Daglicht",\N,\N,\N,"Vondelstraat","Alkmaar","Alkmaar","Noord-Holland",false,52.616519,4.742333,"injury","2","unknown",false,1,"GM0361"
"20220140530",2022,"Letsel",1,"Fiets",\N,"Eenzijdig","Bocht",80,"Niet aanwezig","Daglicht","Droog",\N,"600683337","Zeestraat","Wijk aan Zee","Beverwijk","Noord-Holland",false,52.49223,4.602407,"injury","2","clear",false,1,"GM0375"
"20220143442",2022,"Letsel",1,"Fiets",\N,"Eenzijdig","Rechte weg",30,"Brandend","Daglicht","Droog",\N,"215295078","Winterdijk","Gouda","Gouda","Zuid-Holland",false,52.015384,4.699787,"injury","2","clear",false,1,"GM0513"
"20220143449",2022,"Letsel",1,"Fiets",\N,"Eenzijdig","Rechte weg",15,"Niet brandend","Daglicht","Droog",\N,"208300055","Promenade","Waddinxveen","Waddinxveen","Zuid-Holland",false,52.040096,4.651023,"injury","2","clear",false,1,"GM0627"
"20220161246",2022,"Letsel",2,"Bestelauto","e-bike","Flank","Rechte weg",50,"Niet brandend","Daglicht","Droog",\N,"600437074","Nieuweweg","Oostwold","Oldambt","Groningen",false,53.18965,7.058316,"injury","2","clear",false,1,"GM1895"
"20220167045",2022,"Letsel",2,"Fiets","Fiets","Onbekend",\N,30,"Niet brandend","Daglicht","Droog",\N,"600881406","Willemstraat","Hengelo","Hengelo (O)","Overijssel",false,52.264743,6.789181,"injury","2","clear",false,1,\N
"20220179076",2022,"Letsel",2,"Fiets","Fiets","Frontaal","Rechte weg",50,"Niet brandend","Daglicht","Droog",\N,"175313069","Noordsingel","Leidschendam","Leidschendam-Voorburg","Zuid-Holland",false,52.095442,4.410043,"injury","2","clear",false,1,"GM1916"
"20220123316",2022,"Letsel",2,"Personenauto","e-bike","Frontaal","Rotonde",50,"Niet brandend","Daglicht","Droog",\N,\N,"Johan Jongkindstraat","Amsterdam","Amsterdam","Noord-Holland",false,52.359313,4.837466,"injury","2","clear",false,1,"GM0363"
"20220140533",2022,"Letsel",1,"Fiets",\N,"Eenzijdig","Rechte weg",60,"Niet aanwezig","Daglicht","Droog",\N,\N,"Californiëweg","De Koog","Texel","Noord-Holland",false,53.077204,4.748887,"injury","2","clear",false,1,"GM0448"
"20220142156",2022,"Letsel",2,"Fiets","Bromfiets","Frontaal","Rechte weg",\N,"Niet brandend","Daglicht","Droog","Brug/viaduct","600990809","Tasmanstraat","Amsterdam","Amsterdam","Noord-Holland",false,52.390934,4.884293,"injury","2","clear",false,1,"GM0363"
"20220150710",2022,"Uitsluitend materiele schade",2,"Fiets","Fiets","Onbekend","Rechte weg",50,"Niet brandend","Daglicht","Droog",\N,"600167952","Walestraat","Stramproy","Weert","Limburg",false,51.194559,5.724074,"material damage only","4","clear",false,1,"GM0988"
"20220156301",2022,"Letsel",2,"Scootmobiel","Fiets","Onbekend","Kruispunt, 3 takken",50,"Niet brandend","Daglicht",\N,\N,"600747752","Clematislaan","Gouda","Gouda","Zuid-Holland",false,52.026891,4.701275,"injury","2","unknown",false,1,"GM0513"
"20220160195",2022,"Uitsluitend materiele schade",2,"Bromfiets","Fiets","Flank","Rechte weg",\N,"Brandend","Schemer","Droog","Spoorwegovergang","600806168","Molenstraat","Oss","Oss","Noord-Brabant",false,51.764154,5.528322,"material damage only","4","clear",false,1,"GM0828"
"20220167137",2022,"Letsel",2,"Personenauto","e-bike","Flank","Kruispunt, 3 takken",50,"Niet brandend","Daglicht","Droog",\N,\N,"Elsbosweg","Klarenbeek","Apeldoorn","Gelderland",false,52.167089,6.061395,"injury","2","clear",false,1,"GM0200"
"20220137061",2022,"Letsel",1,"e-bike",\N,"Eenzijdig",\N,60,\N,"Duisternis",\N,\N,"600811961","Julianalaan","Ermelo","Ermelo","Gelderland",false,52.314113,5.611831,"injury","2","unknown",false,1,"GM0233"
"20220142204",2022,"Letsel",2,"Motor","Fiets","Flank","Rechte weg",50,"Niet brandend","Daglicht","Droog","Bus-/Tramhalte","242372014","Vijzelstraat","Amsterdam","Amsterdam","Noord-Holland",false,52.362633,4.891925,"injury","2","clear",false,1,"GM0363"
"20220158575",2022,"Uitsluitend materiele schade",2,"Personenauto","Fiets","Frontaal","Rechte weg",50,"Niet brandend","Daglicht","Droog",\N,"600978296","Marie Curieweg","Ritthem","Vlissingen","Zeeland",false,51.459016,3.6053,"material damage only","4","clear",false,1,"GM0718"
"20220179795",2022,"Uitsluitend materiele schade",3,"Fiets","Lichtmast","Vast voorwerp","Rechte weg",50,"Niet brandend","Daglicht","Droog",\N,"600902390","Goejanverwelledijk","Gouda","Gouda","Zuid-Holland",false,52.009439,4.726372,"material damage only","4","clear",false,1,"GM0513"
"20220149563",2022,"Letsel",2,"Fiets","Overig vast object","Vast voorwerp","Kruispunt, 4 takken",30,"Niet brandend","Daglicht",\N,\N,\N,"Eksterlaan","Valkenswaard","Valkenswaard","Noord-Brabant",false,51.362985,5.462609,"injury","2","unknown",false,1,"GM0858"
"20220156447",2022,"Letsel",2,"Fiets","Fiets","Flank","Rechte weg",30,"Niet brandend","Daglicht","Droog","Tunnel","180333132","Koningin Julianalaan","Rijnsburg","Katwijk","Zuid-Holland",false,52.187019,4.440351,"injury","2","clear",false,1,"GM0537"
"20220162765",2022,"Letsel",3,"Personenauto","Fiets","Onbekend","Rechte weg",50,"Niet brandend","Daglicht","Droog",\N,"346521163","Prins Hendrikkade","Sneek","Súdwest-Fryslân","Friesland",false,53.033918,5.657815,"injury","2","clear",false,1,"GM1900"
"20220167357",2022,"Uitsluitend materiele schade",2,"Personenauto","Fiets","Onbekend","Kruispunt, 3 takken",50,"Niet brandend","Daglicht","Droog",\N,"600897564","Oldeneelallee","Zwolle","Zwolle","Overijssel",false,52.487561,6.120734,"material damage only","4","clear",false,1,"GM0193"
"20220179833",2022,"Letsel",2,"Fiets","Fiets","Onbekend","Rechte weg",30,"Niet brandend","Daglicht","Droog",\N,"600744105","Jan van Henegouwenstraat","Alphen aan den Rijn","Alphen aan den Rijn","Zuid-Holland",false,52.119652,4.663281,"injury","2","clear",false,1,"GM0484"
"20220179900",2022,"Letsel",1,"e-bike",\N,"Eenzijdig","Bocht",30,"Brandend","Daglicht","Droog",\N,"184333071","Lijtweg","Oegstgeest","Oegstgeest","Zuid-Holland",false,52.18491,4.470644,"injury","2","clear",false,1,"GM0579"
"20220198632",2022,"Uitsluitend materiele schade",2,"Personenauto","Fiets","Flank","Rechte weg",50,"Niet brandend","Daglicht",\N,\N,"386341016","Celebeslaan","Apeldoorn","Apeldoorn","Gelderland",false,52.221872,5.9476,"material damage only","4","unknown",false,1,"GM0200"