"accident_id","year","severity_raw","party_count","party1_type","party2_type","accident_type","road_situation","speed_limit_kmh","road_lighting","light_condition_label","weather_raw","infra_type","road_segment_id","street_name","place_name","gemeente_name_raw","province","alcohol_indicated","latitude","longitude","severity_label","severity_code","weather_label","built_up_area","cyclists_involved","gemeente_code"
"20220129728",2022,"Uitsluitend materiele schade",2,"Personenauto","Fiets","Flank","Kruispunt, 4 takken",30,"Niet brandend","Daglicht","Droog",\N,\N,"Wg naar het stomme kruis","Kapelle","Kapelle","Zeeland",false,51.482517,3.951213,"material damage only","4","clear",false,1,"GM0678"
"20220150954",2022,"Uitsluitend materiele schade",2,"Personenauto","e-bike","Flank","Rechte weg",50,"Niet brandend","Daglicht","Droog",\N,"393046017","Meezenbroekerweg","Heerlen","Heerlen","Limburg",false,50.898378,5.98159,"material damage only","4","clear",false,1,"GM0917"
"20220160306",2022,"Uitsluitend materiele schade",2,"Personenauto","Fiets","Flank","Kruispunt, 3 takken",\N,"Niet brandend","Daglicht","Droog",\N,\N,"Molenstraat","Oss","Oss","Noord-Brabant",false,51.760498,5.530859,"material damage only","4","clear",false,1,"GM0828"
"20220179391",2022,"Uitsluitend materiele schade",2,"Bromfiets","Fiets","Frontaal","Rechte weg",50,"Brandend","Duisternis",\N,\N,"187327109","Breestraat","Leiden","Leiden","Zuid-Holland",false,52.158152,4.490381,"material damage only","4","unknown",false,1,"GM0546"
"20220181148",2022,"Letsel",2,"Fiets","Fiets","Frontaal","Rechte weg",80,"Niet brandend","Daglicht","Droog",\N,"600419817","Coenecoopbrug","Waddinxveen","Waddinxveen","Zuid-Holland",false,52.024067,4.666752,"injury","2","clear",false,1,"GM0627"
"20220183342",2022,"Letsel",2,"Bromfiets","Fiets","Onbekend","Kruispunt, 3 takken",30,"Niet brandend","Daglicht",\N,\N,\N,"Droogleever Fortuynplein","Rotterdam","Rotterdam","Zuid-Holland",false,51.90862,4.466005,"injury","2","unknown",false,1,"GM0599"
"20220127213",2022,"Letsel",2,"Bromfiets","Fiets","Flank","Rechte weg",30,"Niet brandend","Daglicht","Droog",\N,\N,"De Ritte","Spijkenisse","Nissewaard","Zuid-Holland",false,51.845951,4.323592,"injury","2","clear",false,1,"GM1930"
"20220136220",2022,"Letsel",1,"e-bike",\N,"Eenzijdig","Rechte weg",60,"Niet aanwezig","Daglicht","Droog",\N,"429389002","Lemelerveldseweg","Heino","Raalte","Overijssel",false,52.437351,6.274323,"injury","2","clear",false,1,"GM0177"
"20220149710",2022,"Letsel",2,"Fiets","Fiets","Frontaal","Rechte weg",\N,"Niet brandend","Daglicht","Droog",\N,"600963299","Dijkpad","Best","Best","Noord-Brabant",false,51.493876,5.381986,"injury","2","clear",false,1,"GM0753"
"20220152192",2022,"Letsel",3,"Fiets","Fiets","Onbekend","Rechte weg",60,"Niet aanwezig","Duisternis","Droog",\N,"600813949","Oranjeweg","Hollum","Ameland","Friesland",false,53.445801,5.637938,"injury","2","clear",false,1,"GM0060"
"20220153113",2022,"Uitsluitend materiele schade",2,"Personenauto","Fiets","Flank","Rechte weg",30,"Niet brandend","Daglicht","Droog",\N,"600364339","Postweg","Nijmegen","Nijmegen","Gelderland",false,51.83055,5.876593,"material damage only","4","clear",false,1,"GM0268"
"20220157530",2022,"Letsel",2,"e-bike","e-bike","Frontaal","Rechte weg",30,"Niet brandend","Daglicht","Droog","Tunnel","196256024","Molenweg","Heerjansdam","Zwijndrecht","Zuid-Holland",false,51.838745,4.565448,"injury","2","clear",false,1,"GM0642"
"20220167588",2022,"Letsel",2,"Fiets",\N,"Eenzijdig","Rechte weg",\N,"Niet brandend","Daglicht","Droog",\N,"600538099","Proosdijerveldweg","Ede","Ede","Gelderland",false,52.050479,5.649447,"injury","2","clear",false,1,"GM0228"
"20220186310",2022,"Letsel",2,"Personenauto","Fiets","Onbekend","Kruispunt, 3 takken",50,"Brandend","Daglicht","Droog",\N,\N,"Wipstraat","Steenbergen","Steenbergen","Noord-Brabant",false,51.582314,4.323641,"injury","2","clear",false,1,"GM0851"
"20220119573",2022,"Letsel",2,"Bromfiets","Fiets","Flank","Rechte weg",50,"Niet brandend","Daglicht","Droog",\N,"308321058","Leusderweg","Amersfoort","Amersfoort","Utrecht",false,52.135325,5.375095,"injury","2","clear",false,1,"GM0307"
"20220121068",2022,"Letsel",2,"Snorfiets","Fiets","Geparkeerd voertuig","Bocht",80,"Niet brandend","Daglicht","Droog","Parkeervoorziening","600946159","Vreelandseweg","Kortenhoef","Wijdemeren","Noord-Holland",false,52.234969,5.058404,"injury","2","clear",false,1,"GM1696"
"20220139491",2022,"Uitsluitend materiele schade",2,"Personenauto","Fiets","Flank","Kruispunt, 3 takken",50,"Niet brandend","Daglicht","Droog",\N,\N,"Spoorsingel","Beverwijk","Beverwijk","Noord-Holland",false,52.481475,4.663303,"material damage only","4","clear",false,1,"GM0375"
"20220181231",2022,"Letsel",2,"Personenauto","Fiets","Flank","Rotonde",50,"Niet brandend","Daglicht","Droog",\N,\N,"Prinsensingel","Leidschendam","Leidschendam-Voorburg","Zuid-Holland",false,52.094507,4.395084,"injury","2","clear",false,1,"GM1916"
"20220183443",2022,"Uitsluitend materiele schade",2,"Personenauto","Fiets","Flank","Kruispunt, 4 takken",30,"Niet brandend","Daglicht","Droog",\N,\N,"Kralingseweg","Rotterdam","Rotterdam","Zuid-Holland",false,51.929048,4.544721,"material damage only","4","clear",false,1,"GM0599"
"20220122581",2022,"Letsel",2,"Fiets","Fiets","Onbekend","Rechte weg",30,"Brandend","Duisternis","Droog",\N,"211414006","Torenstraat","Castricum","Castricum","Noord-Holland",false,52.549152,4.6639,"injury","2","clear",false,1,"GM0383"
"20220139538",2022,"Uitsluitend materiele schade",2,"e-bike","Overig vast object","Vast voorwerp","Kruispunt, 3 takken",50,"Niet brandend","Daglicht","Droog",\N,\N,"Wageweg","Alkmaar","Alkmaar","Noord-Holland",false,52.629817,4.755948,"material damage only","4","clear",false,1,"GM0361"
"20220146082",2022,"Letsel",2,"Personenauto","Fiets","Frontaal","Kruispunt, 4 takken",50,"Niet brandend","Daglicht","Droog",\N,\N,"Van Spilbergenstraat","Hoek van Holland","Rotterdam","Zuid-Holland",false,51.981756,4.132779,"injury","2","clear",false,1,"GM0599"
"20220149843",2022,"Letsel",2,"Personenauto","e-bike","Frontaal","Kruispunt, 4 takken",30,"Niet brandend","Daglicht","Droog",\N,\N,"Van Boendalestraat","'s-Hertogenbosch","'s-Hertogenbosch","Noord-Brabant",false,51.686329,5.321713,"injury","2","clear",false,1,"GM0796"
"20220153206",2022,"Letsel",2,"Bestelauto","Fiets","Flank","Kruispunt, 4 takken",50,"Niet brandend","Daglicht","Droog",\N,\N,"De Schöppe","Almelo","Almelo","Overijssel",false,52.342751,6.638655,"injury","2","clear",false,1,"GM0141"
"20220155308",2022,"Letsel",3,"Personenauto","Fiets","Los voorwerp","Kruispunt, 4 takken",50,"Niet brandend","Daglicht","Droog",\N,\N,"Amstel","Amsterdam","Amsterdam","Noord-Holland",false,52.36701,4.895754,"injury","2","clear",false,1,"GM0363"
"20220157716",2022,"Uitsluitend materiele schade",2,"Bromfiets","Fiets","Flank","Rechte weg",30,"Brandend","Duisternis","Droog",\N,"190276009","Kralingse Plaslaan","Rotterdam","Rotterdam","Zuid-Holland",false,51.928297,4.516595,"material damage only","4","clear",false,1,"GM0599"
"20220159167",2022,"Letsel",1,"Fiets",\N,"Eenzijdig",\N,\N,\N,"Daglicht",\N,\N,"600174929","Hoogh Plaetweg","Burgh-Haamstede","Schouwen-Duiveland","Zeeland",false,51.651653,3.721542,"injury","2","unknown",false,1,"GM1676"
"20220167747",2022,"Uitsluitend materiele schade",2,"Snorfiets","Fiets","Frontaal","Rechte weg",30,"Niet brandend","Daglicht","Droog",\N,"600511591","Gronausestraat","Enschede","Enschede","Overijssel",false,52.218568,6.927939,"material damage only","4","clear",false,1,"GM0153"
"20220173901",2022,"Letsel",2,"Fiets","Fiets","Onbekend","Rechte weg",50,"Niet brandend","Daglicht","Droog",\N,"600121043","Vondelstraat","Alkmaar","Alkmaar","Noord-Holland",false,52.625451,4.752045,"injury","2","clear",false,1,"GM0361"
"20220115531",2022,"Letsel",2,"Personenauto","Fiets","Frontaal","Kruispunt, 3 takken",30,"Niet brandend","Daglicht","Droog",\N,\N,"Boarnsterdyk","Akkrum","Heerenveen","Friesland",false,53.051791,5.84921,"injury","2","clear",false,1,"GM0074"
"20220145198",2022,"Uitsluitend materiele schade",2,"Fiets","Fiets","Onbekend","Kruispunt, 4 takken",30,"Niet brandend","Daglicht","Droog",\N,\N,"Paul Krugerlaan","'s-Gravenhage","'s-Gravenhage","Zuid-Holland",false,52.070668,4.285022,"material damage only","4","clear",false,1,"GM0518"
"20220153253",2022,"Uitsluitend materiele schade",2,"Personenauto","Fiets","Flank","Kruispunt, 3 takken",50,"Niet brandend","Daglicht","Droog",\N,\N,"Kapittelweg","Nijmegen","Nijmegen","Gelderland",false,51.825802,5.86231,"material damage only","4","clear",false,1,"GM0268"
"20220154061",2022,"Uitsluitend materiele schade",2,"Snorfiets","Fiets","Flank","Kruispunt, 4 takken",30,"Niet brandend","Daglicht","Droog",\N,\N,"FIETSPAD","Veenendaal","Veenendaal","Utrecht",false,52.022049,5.569008,"material damage only","4","clear",false,1,"GM0345"
"20220154064",2022,"Uitsluitend materiele schade",2,"Motor","Fiets","Flank","Rotonde",50,"Niet brandend","Daglicht","Droog",\N,\N,"Diependaalselaan","Hilversum","Hilversum","Noord-Holland",false,52.212004,5.158462,"material damage only","4","clear",false,1,"GM0402"
"20220154071",2022,"Uitsluitend materiele schade",2,"Personenauto","Fiets","Flank","Rechte weg",30,"Niet brandend","Daglicht","Droog",\N,"281339037","Gijsbrecht van Amstelstr","Hilversum","Hilversum","Noord-Holland",false,52.215147,5.179548,"material damage only","4","clear",false,1,"GM0402"
"20220185282",2022,"Uitsluitend materiele schade",2,"Personenauto","Fiets","Los voorwerp","Rotonde",50,"Niet brandend","Daglicht","Droog",\N,\N,"Regenboog","Rhoon","Albrandswaard","Zuid-Holland",false,51.857352,4.463709,"material damage only","4","clear",false,1,"GM0613"
"20220189078",2022,"Uitsluitend materiele schade",2,"Snorfiets","Fiets","Flank","Rechte weg",50,"Niet brandend","Daglicht","Regen",\N,"600791954","Afrikalaan","'s-Hertogenbosch","'s-Hertogenbosch","Noord-Brabant",false,51.706492,5.336419,"material damage only","4","rain",false,1,"GM0796"
"20220118866",2022,"Letsel",2,"Personenauto","Fiets","Flank","Kruispunt, 3 takken",30,"Niet brandend","Daglicht","Droog",\N,\N,"Vincent van Goghstraat","Deventer","Deventer","Overijssel",false,52.264885,6.217955,"injury","2","clear",false,1,"GM0150"
"20220122791",2022,"Letsel",2,"Personenauto","Fiets","Flank","Kruispunt, 4 takken",50,"Niet brandend","Daglicht","Droog",\N,\N,"Leliestraat","Volendam","Edam-Volendam","Noord-Holland",false,52.501889,5.070116,"injury","2","clear",false,1,"GM0385"
"20220134402",2022,"Uitsluitend materiele schade",2,"Personenauto","Fiets","Flank","Kruispunt, 4 takken",50,"Niet brandend","Daglicht",\N,\N,\N,"Torenlaan","Borger","Borger-Odoorn","Drenthe",false,52.924411,6.79127,"material damage only","4","unknown",false,1,"GM1681"
"20220138397",2022,"Letsel",2,"Fiets","Fiets","Frontaal","Kruispunt, 3 takken",50,"Niet brandend","Daglicht","Droog",\N,\N,"Roerdomplaan","Nieuwegein","Nieuwegein","Utrecht",false,52.019669,5.078848,"injury","2","clear",false,1,"GM0356"
"20220145320",2022,"Letsel",2,"Bestelauto","Fiets","Geparkeerd voertuig","Rechte weg",50,"Niet brandend","Daglicht","Droog","Parkeervoorziening","600715702","Paul Krugerlaan","'s-Gravenhage","'s-Gravenhage","Zuid-Holland",false,52.070702,4.284993,"injury","2","clear",false,1,"GM0518"
"20220153272",2022,"Uitsluitend materiele schade",2,"Personenauto","Fiets","Flank","Kruispunt, 4 takken",50,"Niet brandend","Daglicht","Droog",\N,\N,"Utrechtsestraat","Arnhem","Arnhem","Gelderland",false,51.983817,5.896985,"material damage only","4","clear",false,1,"GM0202"
"20220153308",2022,"Letsel",2,"Fiets","Overig vast object","Vast voorwerp","Rechte weg",\N,"Niet brandend","Daglicht","Droog",\N,"600845564","Schoolsteeg","'s-Heerenbroek","Kampen","Overijssel",false,52.534713,6.005841,"injury","2","clear",false,1,"GM0166"
"20220169172",2022,"Letsel",2,"Fiets","Bus","Flank","Kruispunt, 4 takken",80,"Niet brandend","Daglicht","Droog",\N,\N,"Nieuwstadsweg","Elburg","Elburg","Gelderland",false,52.440885,5.827533,"injury","2","clear",false,1,"GM0230"
"20220187772",2022,"Uitsluitend materiele schade",2,"Bestelauto","Fiets","Flank","Kruispunt, 4 takken",50,"Niet brandend","Daglicht","Droog",\N,\N,"Spoorlaan","Oss","Oss","Noord-Brabant",false,51.766667,5.545565,"material damage only","4","clear",false,1,"GM0828"
"20220191087",2022,"Uitsluitend materiele schade",2,"Bromfiets","Fiets","Flank","Kruispunt, 3 takken",\N,"Niet brandend","Daglicht","Droog",\N,\N,"Olmstraat","Echt","Echt-Susteren","Limburg",false,51.111036,5.872974,"material damage only","4","clear",false,1,"GM1711"
"20220126410",2022,"Uitsluitend materiele schade",2,"Bromfiets","Fiets","Flank","Rechte weg",50,"Niet brandend","Daglicht","Droog",\N,"600393924","Leyweg","'s-Gravenhage","'s-Gravenhage","Zuid-Holland",false,52.057025,4.266419,"material damage only","4","clear",false,1,"GM0518"
"20220132924",2022,"Uitsluitend materiele schade",2,"Bestelauto","Fiets","Voetganger","Rechte weg",30,"Niet brandend","Daglicht","Droog",\N,"371059001","Zuidhof","Geleen","Sittard-Geleen","Limburg",false,50.957596,5.826255,"material damage only","4","clear",false,1,"GM1883"
"20220144201",2022,"Uitsluitend materiele schade",1,"Fiets",\N,"Flank","Rechte weg",50,"Niet aanwezig","Daglicht",\N,\N,"600479701","Van der Hoevenstraat","Naaldwijk","Westland","Zuid-Holland",false,51.995164,4.204793,"material damage only","4","unknown",false,1,"GM1783"
"20220155584",2022,"Letsel",2,"Fiets","Fiets","Kop/staart","Rechte weg",50,"Niet brandend","Daglicht","Droog",\N,"600764490","Mauritskade","Amsterdam","Amsterdam","Noord-Holland",false,52.364795,4.924705,"injury","2","clear",false,1,"GM0363"
"20220160694",2022,"Uitsluitend materiele schade",2,"Bromfiets","Fiets","Kop/staart","Rechte weg",50,"Niet brandend","Daglicht","Droog",\N,"600259600","Cauberg","Valkenburg","Valkenburg aan de Geul","Limburg",false,50.862154,5.828542,"material damage only","4","clear",false,1,"GM0994"
"20220168019",2022,"Letsel",2,"Bestelauto","Fiets","Flank","Rotonde",\N,"Niet brandend","Daglicht","Droog",\N,\N,"Zuiderveld","Nijmegen","Nijmegen","Gelderland",false,51.882984,5.851862,"injury","2","clear",false,1,"GM0268"
"20220192323",2022,"Letsel",2,"Personenauto","Fiets","Geparkeerd voertuig","Rechte weg",30,"Niet brandend","Daglicht","Droog","Parkeervoorziening","465559069","Laan Corpus den Hoorn","Groningen","Groningen","Groningen",false,53.197463,6.547237,"injury","2","clear",false,1,"GM0014"
"20220193717",2022,"Letsel",2,"Personenauto","e-bike","Flank","Bocht",60,"Brandend","Duisternis","Droog",\N,"600454184","Tjalke van der Walstraat","Koudum","Súdwest-Fryslân","Friesland",false,52.913796,5.449477,"injury","2","clear",false,1,"GM1900"
"20220126460",2022,"Letsel",2,"Fiets","Fiets","Onbekend","Bocht",30,"Niet brandend","Daglicht","Droog",\N,"185322003","Vlietweg","Leiden","Leiden","Zuid-Holland",false,52.138609,4.483462,"injury","2","clear",false,1,"GM0546"
"20220130375",2022,"Uitsluitend materiele schade",2,"Personenauto","Fiets","Flank","Kruispunt, 3 takken",60,"Niet brandend","Daglicht","Droog",\N,\N,"Legstraat","Chaam","Alphen-Chaam","Noord-Brabant",false,51.494839,4.869256,"material damage only","4","clear",false,1,"GM1723"
"20220142992",2022,"Letsel",2,"Personenauto","e-bike","Flank","Rotonde",50,"Niet brandend","Daglicht","Droog",\N,\N,"Wijngaardenlaan","Voorschoten","Voorschoten","Zuid-Holland",false,52.127386,4.436946,"injury","2","clear",false,1,"GM0626"
"20220173021",2022,"Letsel",2,"Personenauto","Fiets","Flank","Kruispunt, 3 takken",50,"Niet brandend","Daglicht","Droog",\N,\N,"FIETSPAD","Emmeloord","Noordoostpolder","Flevoland",false,52.710739,5.770631,"injury","2","clear",false,1,"GM0171"
"20220175524",2022,"Letsel",3,"Personenauto","Fiets","Onbekend","Kruispunt, 4 takken",\N,"Niet brandend","Daglicht","Droog",\N,\N,"Westerweg","Heiloo","Heiloo","Noord-Holland",false,52.595563,4.696741,"injury","2","clear",false,1,"GM0399"
"20220192352",2022,"Letsel",2,"e-bike","Fiets","Flank","Kruispunt, 4 takken",50,"Niet brandend","Daglicht","Regen",\N,\N,"Paramaribostraat","Groningen","Groningen","Groningen",false,53.236179,6.569874,"injury","2","rain",false,1,"GM0014"
"20220143082",2022,"Uitsluitend materiele schade",2,"Personenauto","Fiets","Onbekend","Rechte weg",15,"Niet aanwezig","Daglicht","Droog",\N,"600107005","Zuid-Hollandlaan","'s-Gravenhage","'s-Gravenhage","Zuid-Holland",false,52.086884,4.318423,"material damage only","4","clear",false,1,"GM0518"
"20220143090",2022,"Uitsluitend materiele schade",2,"Personenauto","Fiets","Onbekend","Kruispunt, 4 takken",50,"Niet brandend","Daglicht","Droog",\N,\N,"Huis te Landelaan","Rijswijk","Rijswijk","Zuid-Holland",false,52.04089,4.323474,"material damage only","4","clear",false,1,\N
"20220126545",2022,"Letsel",1,"Fiets",\N,"Eenzijdig","Rechte weg",50,"Niet brandend","Daglicht","Droog",\N,"600737575","Meerlaan","Hillegom","Hillegom","Zuid-Holland",false,52.289656,4.590966,"injury","2","clear",false,1,"GM0534"
"20220137645",2022,"Uitsluitend materiele schade",2,"Personenauto","Fiets","Geparkeerd voertuig","Rechte weg",30,"Niet aanwezig","Daglicht","Regen","Parkeervoorziening","600899419","Hendrik Marsmanweg","Culemborg","Culemborg","Gelderland",false,51.949537,5.231886,"material damage only","4","rain",false,1,"GM0216"
"20220152652",2022,"Uitsluitend materiele schade",2,"Personenauto","Fiets","Onbekend","Kruispunt, 4 takken",30,"Niet brandend","Daglicht","Droog",\N,\N,"Hamerstraat","Hengelo","Hengelo (O)","Overijssel",false,52.279618,6.808835,"material damage only","4","clear",false,1,\N
"20220154559",2022,"Letsel",1,"Fiets",\N,"Eenzijdig","Rotonde",30,"Niet brandend","Daglicht","Droog",\N,\N,"Meester Fluitmanstraat","Enkhuizen","Enkhuizen","Noord-Holland",false,52.71245,5.281912,"injury","2","clear",false,1,"GM0388"
"20220130550",2022,"Letsel",2,"Fiets","Motor","Flank","Kruispunt, 4 takken",50,"Niet brandend","Daglicht","Droog",\N,\N,"Westeweg","'s-Heer Hendrikskinderen","Goes","Zeeland",false,51.503003,3.856864,"injury","2","clear",false,1,"GM0664"
"20220141843",2022,"Letsel",1,"Fiets",\N,"Eenzijdig","Kruispunt, 4 takken",30,"Niet brandend","Daglicht","Droog",\N,\N,"Bilderdijkkade","Amsterdam","Amsterdam","Noord-Holland",false,52.368679,4.869874,"injury","2","clear",false,1,"GM0363"
"20220151539",2022,"Letsel",3,"Bromfiets","Fiets","Onbekend","Rechte weg",80,"Brandend","Duisternis","Droog",\N,\N,"Ringbaan Noord","Weert","Weert","Limburg",true,51.27548,5.735619,"injury","2","clear",false,1,"GM0988"
"20240087396",2024,"Letsel",2,"Personenauto","Fiets","Onbekend","Kruispunt, 4 takken",50,"Niet brandend","Daglicht","Droog",\N,\N,"Flevolaan","Huizen","Huizen","Noord-Holland",false,52.292868,5.19037,"injury","2","clear",false,1,"GM0406"
"20240096109",2024,"Uitsluitend materiele schade",2,"Personenauto","Fiets","Onbekend","Kruispunt, 4 takken",50,"Niet brandend","Daglicht","Droog",\N,\N,"Stadsring","Amersfoort","Amersfoort","Utrecht",false,52.155943,5.383567,"material damage only","4","clear",false,1,"GM0307"
"20240088074",2024,"Letsel",1,"Fiets",\N,"Onbekend","Rechte weg",15,"Niet brandend","Daglicht","Droog",\N,"242370038","Albert Cuypstraat","Amsterdam","Amsterdam","Noord-Holland",false,52.355948,4.895295,"injury","2","clear",false,1,"GM0363"
"20240088080",2024,"Letsel",2,"Fiets","Fiets","Flank","Rechte weg",30,"Niet brandend","Daglicht","Droog",\N,"180319117","Roucooppark","Voorschoten","Voorschoten","Zuid-Holland",false,52.120125,4.442903,"injury","2","clear",false,1,"GM0626"
"20240092210",2024,"Uitsluitend materiele schade",2,"Fiets","Fiets","Frontaal","Bocht",30,"Niet aanwezig","Daglicht","Droog",\N,"326237065","Gerbrandylaan","Oss","Oss","Noord-Brabant",false,51.756502,5.508882,"material damage only","4","clear",false,1,"GM0828"
"20240092563",2024,"Uitsluitend materiele schade",2,"Fiets","Fiets","Frontaal","Rechte weg",\N,"Niet brandend","Daglicht","Droog",\N,"321167053","Fellenoord","Eindhoven","Eindhoven","Noord-Brabant",false,51.443505,5.473559,"material damage only","4","clear",false,1,"GM0772"
"20240096707",2024,"Letsel",2,"Fiets","Voetganger","Voetganger","Rechte weg",\N,\N,"Daglicht","Regen",\N,"262323010","Vondelstraat","Maarssen","Stichtse Vecht","Utrecht",false,52.144178,5.039144,"injury","2","rain",false,1,"GM1904"
"20240045988",2024,"Letsel",2,"Fiets","Fiets","Frontaal","Rechte weg",80,"Niet brandend","Daglicht","Droog",\N,"600853438","Hollewandsweg","Zwolle","Zwolle","Overijssel",false,52.471846,6.130339,"injury","2","clear",false,1,"GM0193"
"20240070717",2024,"Uitsluitend materiele schade",2,"Personenauto","Fiets","Flank","Rotonde",\N,"Niet brandend","Daglicht","Regen",\N,\N,"Beukelsdijk","Rotterdam","Rotterdam","Zuid-Holland",false,51.919801,4.44871,"material damage only","4","rain",false,1,"GM0599"
"20240073919",2024,"Uitsluitend materiele schade",2,"Personenauto","Fiets","Flank","Kruispunt, 4 takken",30,"Niet brandend","Daglicht","Droog",\N,\N,"Monseigneur Nolensstraat","Stramproy","Weert","Limburg",false,51.193132,5.72291,"material damage only","4","clear",false,1,"GM0988"
"20240077881",2024,"Uitsluitend materiele schade",2,"Personenauto","Fiets","Flank","Kruispunt, 3 takken",50,"Niet brandend","Daglicht","Droog",\N,\N,"Raiffeisenstraat","Enschede","Enschede","Overijssel",false,52.22542,6.891214,"material damage only","4","clear",false,1,"GM0153"
"20240082912",2024,"Letsel",3,"Vrachtauto","Fiets","Flank","Rechte weg",50,"Niet brandend","Daglicht","Droog",\N,"600679108","Andersonweg","Roermond","Roermond","Limburg",false,51.18627,5.989324,"injury","2","clear",false,1,"GM0957"
"20240088117",2024,"Letsel",2,"Bromfiets","Fiets","Onbekend","Rechte weg",30,"Niet brandend","Daglicht","Droog",\N,"166290121","Buitenhofdreef","Delft","Delft","Zuid-Holland",false,51.991149,4.344563,"injury","2","clear",false,1,"GM0503"
"20240094170",2024,"Letsel",2,"Personenauto","Fiets","Flank","Rechte weg",60,"Niet brandend","Daglicht","Droog",\N,"600884054","Odoornerweg","Valthe","Borger-Odoorn","Drenthe",false,52.842985,6.877484,"injury","2","clear",false,1,"GM1681"
"20240049679",2024,"Uitsluitend materiele schade",2,"e-bike","Voetganger","Onbekend","Rechte weg",15,"Niet brandend","Daglicht","Droog",\N,"160307013","Snijdersstraat","'s-Gravenhage","'s-Gravenhage","Zuid-Holland",false,52.06645,4.299044,"material damage only","4","clear",false,1,"GM0518"
"20240091358",2024,"Letsel",2,"Personenauto","Fiets","Flank","Rechte weg",30,"Niet aanwezig","Daglicht","Droog",\N,"199273022","IJsseldijk","Krimpen aan den IJssel","Krimpen aan den IJssel","Zuid-Holland",false,51.919688,4.583892,"injury","2","clear",false,1,"GM0542"
"20240093465",2024,"Uitsluitend materiele schade",2,"Personenauto","Fiets","Flank","Kruispunt, 4 takken",30,"Niet brandend","Daglicht","Droog",\N,\N,"Timmermansweg","Schalkhaar","Deventer","Overijssel",false,52.265481,6.193856,"material damage only","4","clear",false,1,"GM0150"
"20240097807",2024,"Uitsluitend materiele schade",2,"Fiets",\N,"Flank","Kruispunt, 3 takken",30,"Niet brandend","Daglicht","Droog",\N,\N,"Bastinglaan","Delft","Delft","Zuid-Holland",false,52.004688,4.343183,"material damage only","4","clear",false,1,"GM0503"
"20240086224",2024,"Letsel",2,"Personenauto","Fiets","Flank","Kruispunt, 4 takken",50,"Niet brandend","Daglicht","Droog",\N,\N,"De Strip","Blokker","Hoorn","Noord-Holland",false,52.663597,5.098775,"injury","2","clear",false,1,"GM0405"
"20240073999",2024,"Letsel",1,"Fiets",\N,"Onbekend","Rechte weg",30,"Niet brandend","Daglicht","Droog","Parkeervoorziening","600803793","Zandstraat","Son en Breugel","Son en Breugel","Noord-Brabant",false,51.510896,5.489336,"injury","2","clear",false,1,"GM0848"
"20240074697",2024,"Uitsluitend materiele schade",2,"Fiets","Fiets","Flank","Rechte weg",30,"Niet brandend","Daglicht","Regen",\N,\N,"Visserlaan","Duiven","Duiven","Gelderland",false,51.943903,6.014133,"material damage only","4","rain",false,1,"GM0226"
"20240075739",2024,"Uitsluitend materiele schade",2,"Personenauto","Fiets","Onbekend","Rechte weg",30,"Niet aanwezig","Daglicht","Droog",\N,"371466033","Burchtstraat","Kuinre","Steenwijkerland","Overijssel",false,52.7864,5.841568,"material damage only","4","clear",false,1,"GM1708"
"20240077371",2024,"Letsel",2,"Vrachtauto","Fiets","Onbekend","Kruispunt, 4 takken",50,"Niet brandend","Daglicht",\N,\N,"205397004","Tata Steel","Velsen-Noord","Velsen","Noord-Holland",false,52.474362,4.619352,"injury","2","unknown",false,1,"GM0453"
"20240088878",2024,"Letsel",2,"e-bike","Fiets","Flank","Kruispunt, 4 takken",30,"Brandend","Duisternis","Droog",\N,\N,"Italiëlaan","Zoetermeer","Zoetermeer","Zuid-Holland",false,52.062316,4.495676,"injury","2","clear",false,1,"GM0637"
"20240094311",2024,"Uitsluitend materiele schade",1,"Fiets",\N,"Onbekend","Rechte weg",50,"Niet brandend","Daglicht","Droog",\N,"374249030","St. Annastraat","Nijmegen","Nijmegen","Gelderland",false,51.810828,5.853502,"material damage only","4","clear",false,1,"GM0268"
"20240093935",2024,"Letsel",2,"Fiets","Fiets","Flank","Rechte weg",80,"Niet brandend","Daglicht","Droog",\N,"448413006","Balkerweg","Ommen","Ommen","Overijssel",false,52.543521,6.406076,"injury","2","clear",false,1,"GM0175"
"20240102016",2024,"Letsel",2,"Personenauto","Fiets","Flank","Rotonde",50,"Niet brandend","Daglicht","Droog",\N,\N,"Aldenhofweg","Born","Sittard-Geleen","Limburg",false,51.038463,5.812527,"injury","2","clear",false,1,"GM1883"
"20240043332",2024,"Letsel",2,"Personenauto","Fiets","Flank","Kruispunt, 3 takken",50,"Niet brandend","Daglicht","Droog",\N,\N,"Coevordenstraat","'s-Gravenhage","'s-Gravenhage","Zuid-Holland",false,52.047968,4.284932,"injury","2","clear",false,1,"GM0518"
"20240044632",2024,"Uitsluitend materiele schade",2,"Personenauto","Fiets","Voetganger","Rechte weg",50,"Niet brandend","Daglicht","Droog",\N,"399037045","Industriestraat","Kerkrade","Kerkrade","Limburg",false,50.855171,6.026541,"material damage only","4","clear",false,1,"GM0928"
"20240075806",2024,"Uitsluitend materiele schade",2,"Fiets","Fiets","Frontaal","Rechte weg",\N,"Niet brandend","Daglicht","Droog",\N,"364356032","Nunspeterweg","Elspeet","Nunspeet","Gelderland",false,52.292611,5.787836,"material damage only","4","clear",false,1,"GM0302"
"20240078081",2024,"Letsel",1,"Fiets",\N,"Onbekend",\N,30,\N,"Daglicht",\N,\N,\N,"Anubisstraat","Almere","Almere","Flevoland",false,52.351047,5.155428,"injury","2","unknown",false,1,"GM0034"