"accident_id","year","severity_raw","party_count","party1_type","party2_type","accident_type","road_situation","speed_limit_kmh","road_lighting","light_condition_label","weather_raw","infra_type","road_segment_id","street_name","place_name","gemeente_name_raw","province","alcohol_indicated","latitude","longitude","severity_label","severity_code","weather_label","built_up_area","cyclists_involved","gemeente_code"
"20240087696",2024,"Letsel",3,"Personenauto","Fiets","Kop/staart","Rechte weg",50,"Niet brandend","Daglicht","Droog",\N,"279339052","Gijsbrecht van Amstelstr","Hilversum","Hilversum","Noord-Holland",true,52.21586,5.162406,"injury","2","clear",false,1,"GM0402"
"20240094355",2024,"Uitsluitend materiele schade",2,"Personenauto","Fiets","Onbekend","Kruispunt, 4 takken",50,"Brandend","Duisternis","Droog",\N,\N,"Papesteeg","Tiel","Tiel","Gelderland",false,51.886553,5.422262,"material damage only","4","clear",false,1,"GM0281"
"20240094814",2024,"Letsel",2,"Bestelauto","Fiets","Flank","Rotonde",50,"Niet brandend","Daglicht","Droog",\N,\N,"STEENWIJK 6","Steenwijk","Steenwijkerland","Overijssel",false,52.800268,6.125598,"injury","2","clear",false,1,"GM1708"
"20240102579",2024,"Letsel",2,"Personenauto","Fiets","Flank","Kruispunt, 3 takken",30,"Niet brandend","Daglicht","Droog",\N,\N,"Brussellaan","Eindhoven","Eindhoven","Noord-Brabant",false,51.47696,5.48456,"injury","2","clear",false,1,"GM0772"
"20240089683",2024,"Letsel",2,"Fiets","Fiets","Flank","Kruispunt, 4 takken",50,"Niet brandend","Daglicht","Droog",\N,\N,"Dijkgraaf Poschlaan","Edam","Edam-Volendam","Noord-Holland",false,52.509313,5.048488,"injury","2","clear",false,1,"GM0385"
"20240102961",2024,"Uitsluitend materiele schade",2,"Personenauto","Fiets","Flank","Kruispunt, 3 takken",80,"Niet brandend","Daglicht","Droog",\N,\N,"Valkenswaardseweg","Leende","Heeze-Leende","Noord-Brabant",false,51.351423,5.515574,"material damage only","4","clear",false,1,"GM1658"
"20240099030",2024,"Letsel",2,"Fiets","Personenauto","Onbekend","Kruispunt, 4 takken",30,"Niet brandend","Daglicht","Droog",\N,\N,"Tweede Nassaustraat","Amsterdam","Amsterdam","Noord-Holland",false,52.382037,4.878935,"injury","2","clear",false,1,"GM0363"
"20240046909",2024,"Uitsluitend materiele schade",2,"Personenauto","Fiets","Flank","Kruispunt, 4 takken",30,"Niet brandend","Daglicht","Regen",\N,\N,"Colosseum","Elst","Overbetuwe","Gelderland",false,51.918831,5.861295,"material damage only","4","rain",false,1,"GM1734"
"20240078178",2024,"Uitsluitend materiele schade",2,"Brommobiel","Fiets","Flank","Rechte weg",50,"Niet brandend","Daglicht","Droog",\N,"307333022","Bieshaarlaan","Hoogland","Amersfoort","Utrecht",false,52.189904,5.372571,"material damage only","4","clear",false,1,"GM0307"
"20240084541",2024,"Letsel",2,"Personenauto","Fiets","Flank","Kruispunt, 3 takken",80,"Niet brandend","Daglicht","Droog",\N,\N,"Ruurloseweg","Borculo","Berkelland","Gelderland",false,52.103402,6.501424,"injury","2","clear",false,1,"GM1859"
"20240085759",2024,"Letsel",2,"Bromfiets","Fiets","Flank","Rechte weg",50,"Brandend","Schemer","Droog",\N,"384280002","Oude Huissenseweg","Arnhem","Arnhem","Gelderland",false,51.952903,5.930302,"injury","2","clear",false,1,"GM0202"
"20240099821",2024,"Uitsluitend materiele schade",2,"Personenauto","Fiets","Flank","Rechte weg",50,"Niet brandend","Daglicht","Regen",\N,"184273031","Westersingel","Rotterdam","Rotterdam","Zuid-Holland",false,51.913661,4.475353,"material damage only","4","rain",false,1,"GM0599"
"20240082594",2024,"Letsel",2,"Personenauto","Fiets","Flank","Kruispunt, 4 takken",50,"Niet brandend","Daglicht","Droog",\N,\N,"Terhoevenderweg","Heerlen","Heerlen","Limburg",true,50.908704,5.94743,"injury","2","clear",false,1,"GM0917"
"20240085162",2024,"Letsel",2,"Personenauto","Fiets","Flank","Kruispunt, 3 takken",30,"Niet brandend","Daglicht","Droog",\N,\N,"Molecatenlaan","Ugchelen","Apeldoorn","Gelderland",false,52.187062,5.941738,"injury","2","clear",false,1,"GM0200"
"20240075927",2024,"Letsel",2,"Bromfiets","Fiets","Kop/staart","Rechte weg",50,"Niet brandend","Daglicht","Droog",\N,"502351076","Twekkelerweg","Hengelo","Hengelo (O)","Overijssel",false,52.259514,6.799658,"injury","2","clear",false,1,\N
"20240077293",2024,"Letsel",2,"Personenauto","Fiets","Flank","Rotonde",50,"Niet brandend","Daglicht","Droog",\N,\N,"Raadhuisplein","Hoofddorp","Haarlemmermeer","Noord-Holland",false,52.300612,4.694207,"injury","2","clear",false,1,"GM0394"
"20240077294",2024,"Letsel",2,"Fiets","Personenauto","Flank","Rechte weg",30,"Niet brandend","Daglicht","Droog",\N,"224477026","Keinsmerweg","'t Zand","Schagen","Noord-Holland",false,52.836125,4.755855,"injury","2","clear",false,1,"GM0441"
"20240079421",2024,"Letsel",2,"Personenauto","Fiets","Flank","Rechte weg",30,"Niet brandend","Daglicht","Droog",\N,"240390022","Kerkbuurt","Oostzaan","Oostzaan","Noord-Holland",false,52.443477,4.87382,"injury","2","clear",false,1,"GM0431"
"20240088467",2024,"Letsel",2,"Bromfiets","Fiets","Flank","Kruispunt, 3 takken",30,"Niet brandend","Daglicht","Droog",\N,\N,"Joan Maetsuyckerstraat","'s-Gravenhage","'s-Gravenhage","Zuid-Holland",false,52.087199,4.339197,"injury","2","clear",false,1,"GM0518"
"20240091062",2024,"Letsel",2,"Personenauto","Fiets","Onbekend","Bocht",30,"Niet brandend","Daglicht","Droog",\N,"104216010","Vlakestraat","Zierikzee","Schouwen-Duiveland","Zeeland",false,51.651536,3.905118,"injury","2","clear",false,1,"GM1676"
"20240099683",2024,"Uitsluitend materiele schade",2,"Personenauto","Fiets","Los voorwerp","Rechte weg",50,"Niet brandend","Daglicht","Droog",\N,"172273066","Aleidastraat","Schiedam","Schiedam","Zuid-Holland",false,51.914515,4.388461,"material damage only","4","clear",false,1,"GM0606"
"20240101162",2024,"Letsel",2,"Personenauto","Fiets","Flank","Rotonde",50,"Niet brandend","Daglicht","Droog",\N,\N,"Westlaan","Pijnacker","Pijnacker-Nootdorp","Zuid-Holland",false,52.018401,4.427651,"injury","2","clear",false,1,"GM1926"
"20240101182",2024,"Letsel",2,"Fiets","Snorfiets","Flank","Rechte weg",\N,"Niet aanwezig","Daglicht","Droog",\N,"600909892","Admiraal de Ruyterweg","Rotterdam","Rotterdam","Zuid-Holland",false,51.927137,4.485854,"injury","2","clear",false,1,"GM0599"
"20240074982",2024,"Uitsluitend materiele schade",2,"Personenauto","Fiets","Flank","Kruispunt, 4 takken",50,"Niet brandend","Daglicht","Droog",\N,\N,"Buitengasthuisstraat","Zwolle","Zwolle","Overijssel",false,52.516484,6.076311,"material damage only","4","clear",false,1,"GM0193"
"20240089183",2024,"Letsel",1,"Fiets",\N,"Onbekend","Bocht",30,"Niet brandend","Daglicht","Droog",\N,\N,"RIJNZICHTBRUG","Leiden","Leiden","Zuid-Holland",false,52.16067,4.477063,"injury","2","clear",false,1,"GM0546"
"20240089189",2024,"Uitsluitend materiele schade",1,"Fiets",\N,"Onbekend",\N,30,\N,"Daglicht",\N,\N,"600212746","Nattevlakweg","Den Burg","Texel","Noord-Holland",false,53.051263,4.733796,"material damage only","4","unknown",false,1,"GM0448"
"20240090489",2024,"Uitsluitend materiele schade",2,"Personenauto","Fiets","Flank","Rechte weg",50,"Niet brandend","Daglicht","Droog",\N,"600620369","Marconilaan-Noord","Bergen op Zoom","Bergen op Zoom","Noord-Brabant",false,51.506497,4.30453,"material damage only","4","clear",false,1,"GM0748"
"20240091089",2024,"Letsel",1,"Fiets",\N,"Onbekend","Rechte weg",50,"Niet brandend","Daglicht","Droog",\N,"202262037","Bilderdijklaan","Ridderkerk","Ridderkerk","Zuid-Holland",false,51.865597,4.605673,"injury","2","clear",false,1,"GM0597"
"20240096033",2024,"Letsel",2,"Fiets","Personenauto","Frontaal","Rechte weg",50,"Niet brandend","Daglicht","Droog",\N,"283341170","Jan van der Heijdenstr","Hilversum","Hilversum","Noord-Holland",false,52.225708,5.192962,"injury","2","clear",false,1,"GM0402"
"20240102224",2024,"Uitsluitend materiele schade",2,"Personenauto","e-bike","Flank","Kruispunt, 3 takken",70,"Niet brandend","Daglicht","Droog",\N,\N,"Ringbaan-Zuid","Tilburg","Tilburg","Noord-Brabant",false,51.543302,5.091143,"material damage only","4","clear",false,1,"GM0855"
"20240102309",2024,"Uitsluitend materiele schade",2,"Fiets","Bestelauto","Flank","Kruispunt, 4 takken",50,"Niet brandend","Schemer","Droog",\N,\N,"Schilderslaan","Bergen L","Bergen (L)","Limburg",false,51.602393,6.05697,"material damage only","4","clear",false,1,\N
"20240078275",2024,"Letsel",2,"Snorfiets","Fiets","Frontaal","Rechte weg",30,"Niet brandend","Daglicht","Droog",\N,"292380018","Bouwmeesterweg","Almere","Almere","Flevoland",true,52.399192,5.261431,"injury","2","clear",false,1,"GM0034"
"20240082699",2024,"Uitsluitend materiele schade",2,"Fiets",\N,"Onbekend","Rotonde",50,"Niet brandend","Daglicht","Regen",\N,\N,"Backer en Ruebweg","Prinsenbeek","Breda","Noord-Brabant",false,51.604858,4.717965,"material damage only","4","rain",false,1,"GM0758"
"20240087900",2024,"Letsel",1,"Fiets",\N,"Eenzijdig","Bocht",30,"Niet brandend","Daglicht","Droog",\N,"207330003","Weteringpad","Woubrugge","Kaag en Braassem","Zuid-Holland",false,52.172452,4.635617,"injury","2","clear",false,1,"GM1884"
"20240089210",2024,"Letsel",2,"Snorfiets","Fiets","Flank","Rechte weg",50,"Niet brandend","Daglicht","Droog",\N,"151304027","Ouverturestraat","'s-Gravenhage","'s-Gravenhage","Zuid-Holland",false,52.053456,4.232727,"injury","2","clear",false,1,"GM0518"
"20240101612",2024,"Letsel",2,"Personenauto","Fiets","Flank","Rotonde",50,"Niet brandend","Daglicht","Droog",\N,\N,"Roermondseweg","Steyl","Venlo","Limburg",false,51.332475,6.126689,"injury","2","clear",false,1,"GM0983"
"20240044264",2024,"Uitsluitend materiele schade",2,"Fiets","Voetganger","Voetganger","Rechte weg",30,"Brandend","Daglicht","Droog","Tunnel","322168153","Kruisstraattunnel","Eindhoven","Eindhoven","Noord-Brabant",false,51.44446,5.475259,"material damage only","4","clear",false,1,"GM0772"
"20240045848",2024,"Uitsluitend materiele schade",2,"Personenauto","Fiets","Flank","Kruispunt, 4 takken",50,"Niet brandend","Daglicht","Droog",\N,\N,"Houtlaan","Drachten","Smallingerland","Friesland",false,53.109178,6.108399,"material damage only","4","clear",false,1,"GM0090"
"20240072544",2024,"Letsel",2,"Bestelauto","Fiets","Flank","Kruispunt, 3 takken",30,"Niet brandend","Daglicht","Droog",\N,\N,"Stokroosstraat","Son en Breugel","Son en Breugel","Noord-Brabant",false,51.505699,5.483866,"injury","2","clear",false,1,"GM0848"
"20240091826",2024,"Uitsluitend materiele schade",2,"Personenauto","Fiets","Flank","Rotonde",50,"Niet brandend","Daglicht","Droog",\N,\N,"Koninginnelaan","Roermond","Roermond","Limburg",false,51.184424,6.009818,"material damage only","4","clear",false,1,"GM0957"
"20240091227",2024,"Letsel",2,"Bromfiets","Fiets","Flank","Kruispunt, 4 takken",50,"Niet brandend","Daglicht","Droog",\N,\N,"Karel Doormanweg","Schiedam","Schiedam","Zuid-Holland",false,51.909648,4.374858,"injury","2","clear",false,1,"GM0606"
"20240076137",2024,"Uitsluitend materiele schade",2,"Fiets","Voetganger","Onbekend","Rechte weg",50,"Brandend","Duisternis","Droog",\N,"601186564","Oranjesingel","Nijmegen","Nijmegen","Gelderland",false,51.843006,5.866924,"material damage only","4","clear",false,1,"GM0268"
"20230064622",2023,"Uitsluitend materiele schade",2,"Personenauto","Fiets","Flank","Kruispunt, 3 takken",50,"Niet brandend","Daglicht","Droog",\N,\N,"Ds. van Paddenburghweg","Elspeet","Nunspeet","Gelderland",false,52.292658,5.787024,"material damage only","4","clear",false,1,"GM0302"
"20230042494",2023,"Uitsluitend materiele schade",2,"Bromfiets","Fiets","Flank","Rotonde",30,"Niet brandend","Daglicht","Droog",\N,"308183025","Ringweg","Best","Best","Noord-Brabant",false,51.518393,5.38537,"material damage only","4","clear",false,1,"GM0753"
"20230044265",2023,"Letsel",2,"Bromfiets","Fiets","Kop/staart","Rechte weg",50,"Niet brandend","Daglicht","Droog",\N,"600913672","Noordersingel","Leeuwarden","Leeuwarden","Friesland",false,53.204722,5.787568,"injury","2","clear",false,1,"GM0080"
"20230047191",2023,"Uitsluitend materiele schade",2,"Personenauto","Fiets","Frontaal","Rechte weg",30,"Niet brandend","Daglicht","Droog",\N,"236439017","Taxuslaan","Heerhugowaard","Dijk en Waard","Noord-Holland",false,52.665765,4.842281,"material damage only","4","clear",false,1,"GM1980"
"20230039636",2023,"Uitsluitend materiele schade",2,"Bestelauto","Fiets","Flank","Rechte weg",50,"Niet brandend","Daglicht","Droog",\N,"167309072","van Arembergelaan","Voorburg","Leidschendam-Voorburg","Zuid-Holland",false,52.074582,4.346487,"material damage only","4","clear",false,1,"GM1916"
"20230039663",2023,"Letsel",1,"Fiets",\N,"Eenzijdig","Rotonde",50,"Niet brandend","Daglicht","Droog",\N,\N,"Parelvissersweg","Alphen aan den Rijn","Alphen aan den Rijn","Zuid-Holland",false,52.145174,4.67728,"injury","2","clear",false,1,"GM0484"
"20230040794",2023,"Letsel",1,"Fiets",\N,"Eenzijdig","Rechte weg",30,"Niet brandend","Daglicht","Droog",\N,"170310025","Rozentuin","Voorburg","Leidschendam-Voorburg","Zuid-Holland",false,52.081349,4.372099,"injury","2","clear",false,1,"GM1916"
"20230038555",2023,"Uitsluitend materiele schade",2,"Personenauto","Fiets","Onbekend","Kruispunt, 3 takken",50,"Niet brandend","Daglicht","Droog",\N,\N,"Johan van der Bruggenstr","'s-Gravenhage","'s-Gravenhage","Zuid-Holland",false,52.046733,4.219784,"material damage only","4","clear",false,1,"GM0518"
"20230041420",2023,"Uitsluitend materiele schade",2,"Personenauto","Fiets","Frontaal","Rechte weg",50,"Niet brandend","Daglicht","Droog",\N,"224204025","Konijnenberg","Breda","Breda","Noord-Brabant",false,51.607535,4.769216,"material damage only","4","clear",false,1,"GM0758"
"20230042542",2023,"Letsel",2,"Personenauto","Fiets","Flank","Kruispunt, 4 takken",30,"Niet brandend","Daglicht","Droog",\N,\N,"Von Weberstraat","Tilburg","Tilburg","Noord-Brabant",false,51.580087,5.083915,"injury","2","clear",false,1,"GM0855"
"20230045484",2023,"Letsel",2,"Personenauto","Fiets","Flank","Kruispunt, 3 takken",30,"Niet brandend","Daglicht","Droog",\N,\N,"Operettestraat","Apeldoorn","Apeldoorn","Gelderland",false,52.230676,5.992224,"injury","2","clear",false,1,"GM0200"
"20230046102",2023,"Letsel",2,"Fiets","Fiets","Onbekend","Kruispunt, 4 takken",50,"Niet brandend","Daglicht","Regen",\N,\N,"Rabenhauptstraat","Groningen","Groningen","Groningen",false,53.209712,6.571734,"injury","2","rain",false,1,"GM0014"
"20230062644",2023,"Uitsluitend materiele schade",2,"Personenauto","Fiets","Onbekend","Kruispunt, 4 takken",30,"Niet brandend","Daglicht","Regen",\N,\N,"Gerretsonlaan","Eindhoven","Eindhoven","Noord-Brabant",false,51.467089,5.457043,"material damage only","4","rain",false,1,"GM0772"
"20230062829",2023,"Letsel",3,"Personenauto","Fiets","Flank","Rechte weg",50,"Niet brandend","Daglicht","Droog",\N,"600498377","Zevenbergseweg","Berghem","Oss","Noord-Brabant",false,51.760713,5.566405,"injury","2","clear",false,1,"GM0828"
"20230063942",2023,"Uitsluitend materiele schade",2,"Bestelauto","Fiets","Frontaal","Kruispunt, 3 takken",30,"Niet brandend","Daglicht","Droog",\N,\N,"Rauwenhoflaan","Tiel","Tiel","Gelderland",false,51.893158,5.405363,"material damage only","4","clear",false,1,"GM0281"
"20240131790",2024,"Letsel",2,"Fiets","Fiets","Frontaal","Rechte weg",30,"Niet brandend","Daglicht","Droog",\N,"600610193","Amerikaweg","Haarlem","Haarlem","Noord-Holland",false,52.366107,4.654502,"injury","2","clear",false,1,"GM0392"
"20230040864",2023,"Letsel",2,"Personenauto","Fiets","Flank","Rechte weg",30,"Niet brandend","Daglicht","Droog",\N,"341166039","Kerkakkers","Mierlo","Geldrop-Mierlo","Noord-Brabant",false,51.440316,5.616211,"injury","2","clear",false,1,"GM1771"
"20230047317",2023,"Uitsluitend materiele schade",2,"Personenauto","e-bike","Onbekend","Kruispunt, 4 takken",30,"Niet aanwezig","Daglicht","Droog",\N,\N,"Zonnehout","Houten","Houten","Utrecht",false,52.018043,5.172306,"material damage only","4","clear",false,1,"GM0321"
"20230049665",2023,"Uitsluitend materiele schade",2,"Personenauto","e-bike","Onbekend","Kruispunt, 3 takken",30,"Niet brandend","Daglicht","Droog",\N,\N,"Meerkoetlaan","Delft","Delft","Zuid-Holland",false,51.981817,4.360314,"material damage only","4","clear",false,1,"GM0503"
"20230055431",2023,"Uitsluitend materiele schade",2,"Personenauto","Fiets","Flank","Kruispunt, 3 takken",30,"Niet brandend","Daglicht","Droog",\N,\N,"Zuiderlaan","Meppel","Meppel","Drenthe",false,52.690549,6.185098,"material damage only","4","clear",false,1,"GM0119"
"20230065210",2023,"Letsel",2,"Personenauto","Fiets","Flank","Kruispunt, 3 takken",30,"Niet brandend","Daglicht","Regen",\N,\N,"Ruskenstuk","Meppel","Meppel","Drenthe",false,52.696406,6.218033,"injury","2","rain",false,1,"GM0119"
"20240132782",2024,"Letsel",2,"Fiets","Fiets","Frontaal","Kruispunt, 4 takken",50,"Niet brandend","Daglicht","Droog",\N,\N,"IJsbloem","Nootdorp","Pijnacker-Nootdorp","Zuid-Holland",false,52.045532,4.404551,"injury","2","clear",false,1,"GM1926"
"20240132879",2024,"Uitsluitend materiele schade",2,"Fiets","Overig vast object","Vast voorwerp","Rechte weg",30,"Niet brandend","Daglicht","Droog",\N,"173302118","Laan van Nootdorp","Nootdorp","Pijnacker-Nootdorp","Zuid-Holland",false,52.047179,4.390316,"material damage only","4","clear",false,1,"GM1926"
"20230038028",2023,"Uitsluitend materiele schade",2,"Personenauto","Fiets","Flank","Rotonde",50,"Niet brandend","Daglicht","Droog",\N,\N,"De West","Dronten","Dronten","Flevoland",false,52.523926,5.713496,"material damage only","4","clear",false,1,"GM0303"
"20230039755",2023,"Letsel",2,"Fiets","Vrachtauto","Eenzijdig","Rechte weg",50,"Niet brandend","Daglicht","Droog",\N,\N,"Haarlemmerstraat","Leiden","Leiden","Zuid-Holland",false,52.160699,4.496995,"injury","2","clear",false,1,"GM0546"
"20230037480",2023,"Letsel",2,"Personenauto","Fiets","Flank","Kruispunt, 3 takken",50,"Niet brandend","Daglicht","Droog",\N,\N,"Javastraat","Den Helder","Den Helder","Noord-Holland",false,52.957254,4.75666,"injury","2","clear",false,1,"GM0400"
"20230040944",2023,"Uitsluitend materiele schade",2,"Personenauto","Fiets","Onbekend","Kruispunt, 4 takken",50,"Niet brandend","Daglicht","Droog",\N,\N,"Kanaaldijk-Noord","Eindhoven","Eindhoven","Noord-Brabant",false,51.43503,5.504595,"material damage only","4","clear",false,1,"GM0772"
"20230045017",2023,"Letsel",2,"Personenauto","Fiets","Flank","Kruispunt, 4 takken",30,"Niet brandend","Daglicht",\N,\N,\N,"Huttenwal","Rijssen","Rijssen-Holten","Overijssel",false,52.309178,6.517719,"injury","2","unknown",false,1,"GM1742"
"20230049707",2023,"Letsel",2,"Personenauto","Fiets","Los voorwerp","Rotonde",30,"Niet brandend","Daglicht","Droog",\N,\N,"Soestdijkseplein","'s-Gravenhage","'s-Gravenhage","Zuid-Holland",false,52.061653,4.283268,"injury","2","clear",false,1,"GM0518"
"20230053800",2023,"Uitsluitend materiele schade",2,"Personenauto","Fiets","Flank","Kruispunt, 3 takken",50,"Niet aanwezig","Daglicht","Droog",\N,\N,"Regentesselaan","Maastricht","Maastricht","Limburg",false,50.846257,5.713603,"material damage only","4","clear",false,1,"GM0935"
"20230039261",2023,"Uitsluitend materiele schade",2,"Personenauto","Fiets","Flank","Rotonde",50,"Niet brandend","Daglicht","Droog",\N,\N,"Vijf Meilaan","Leiden","Leiden","Zuid-Holland",false,52.147958,4.480914,"material damage only","4","clear",false,1,"GM0546"
"20230043291",2023,"Letsel",2,"Bestelauto","Fiets","Flank","Kruispunt, 4 takken",50,"Niet brandend","Daglicht","Droog",\N,\N,"Brielsestraat","Stellendam","Goeree-Overflakkee","Zuid-Holland",false,51.806219,4.023029,"injury","2","clear",false,1,"GM1924"
"20230045646",2023,"Letsel",2,"Personenauto","Fiets","Onbekend","Kruispunt, 4 takken",30,"Niet brandend","Daglicht","Droog",\N,\N,"Hertog Karelweg","'t Harde","Elburg","Gelderland",false,52.415383,5.879211,"injury","2","clear",false,1,"GM0230"
"20230047406",2023,"Letsel",2,"Bromfiets","Fiets","Onbekend","Kruispunt, 4 takken",50,"Niet brandend","Daglicht","Droog",\N,\N,"Hadewijchstraat","Alkmaar","Alkmaar","Noord-Holland",false,52.618224,4.754283,"injury","2","clear",false,1,"GM0361"
"20230047407",2023,"Letsel",2,"Personenauto","Fiets","Flank","Kruispunt, 4 takken",80,"Niet brandend","Daglicht","Droog",\N,\N,"Zeeweg","Overveen","Bloemendaal","Noord-Holland",false,52.404238,4.551863,"injury","2","clear",false,1,"GM0377"
"20230058601",2023,"Letsel",1,"Fiets",\N,"Eenzijdig","Rechte weg",50,"Brandend","Duisternis","Droog",\N,"600726045","van Panhuysstraat","Noordwijk","Noordwijk","Zuid-Holland",false,52.242832,4.44412,"injury","2","clear",false,1,"GM0575"
"20230060644",2023,"Letsel",2,"Fiets","Personenauto","Frontaal","Rechte weg",50,"Niet brandend","Daglicht","Droog",\N,"39132004","Beekmanstraat","Aardenburg","Sluis","Zeeland",false,51.271289,3.451697,"injury","2","clear",false,1,"GM1714"
"20230038706",2023,"Uitsluitend materiele schade",2,"Fiets","Fiets","Frontaal","Kruispunt, 4 takken",30,"Brandend","Duisternis","Droog",\N,\N,"Havenplein","Leiden","Leiden","Zuid-Holland",false,52.161333,4.500697,"material damage only","4","clear",false,1,"GM0546"
"20230042739",2023,"Uitsluitend materiele schade",1,"Fiets",\N,"Eenzijdig","Rechte weg",60,"Niet aanwezig","Daglicht","Droog",\N,"104127017","Langeweg","Axel","Terneuzen","Zeeland",false,51.258013,3.947808,"material damage only","4","clear",false,1,"GM0715"
"20230049232",2023,"Letsel",3,"Bromfiets","Fiets","Kop/staart","Rechte weg",60,"Niet brandend","Daglicht","Droog",\N,"600732623","Nieuweweg","Leiderdorp","Leiderdorp","Zuid-Holland",false,52.175465,4.525537,"injury","2","clear",false,1,"GM0547"
"20230049788",2023,"Letsel",1,"Fiets",\N,"Eenzijdig","Rechte weg",30,"Niet brandend","Daglicht","Droog",\N,"173323047","Ridderlaan","Wassenaar","Wassenaar","Zuid-Holland",false,52.138635,4.390489,"injury","2","clear",false,1,"GM0629"
"20230056176",2023,"Uitsluitend materiele schade",2,"Fiets","Fiets","Flank","Kruispunt, 4 takken",50,"Niet brandend","Daglicht","Droog",\N,\N,"Vecht","Huizen","Huizen","Noord-Holland",false,52.302874,5.255756,"material damage only","4","clear",false,1,"GM0406"
"20240130563",2024,"Uitsluitend materiele schade",2,"Personenauto","Fiets","Flank","Rotonde",50,"Brandend","Duisternis","Droog",\N,\N,"Frieswijkstraat","Nijkerk","Nijkerk","Gelderland",false,52.220843,5.484046,"material damage only","4","clear",false,1,"GM0267"
"20240127368",2024,"Uitsluitend materiele schade",2,"Personenauto","Fiets","Flank","Rotonde",50,"Brandend","Duisternis","Droog",\N,\N,"Graafseweg","Nijmegen","Nijmegen","Gelderland",false,51.841728,5.858587,"material damage only","4","clear",false,1,"GM0268"
"20240127510",2024,"Letsel",2,"Personenauto","Fiets","Geparkeerd voertuig","Rechte weg",30,"Brandend","Duisternis","Droog",\N,"519342017","Kamerlingh Onneslaan","Enschede","Enschede","Overijssel",false,52.218408,6.918541,"injury","2","clear",false,1,"GM0153"
"20230038746",2023,"Uitsluitend materiele schade",2,"Bromfiets","Fiets","Frontaal","Kruispunt, 3 takken",30,"Niet brandend","Daglicht","Droog",\N,\N,"Hoefkade","'s-Gravenhage","'s-Gravenhage","Zuid-Holland",false,52.07018,4.317453,"material damage only","4","clear",false,1,"GM0518"
"20230043961",2023,"Letsel",2,"Personenauto","e-bike","Flank","Rotonde",100,\N,"Daglicht","Droog",\N,\N,"Slenerweg","Klijndijk","Borger-Odoorn","Drenthe",false,52.824342,6.848278,"injury","2","clear",false,1,"GM1681"
"20230048066",2023,"Uitsluitend materiele schade",2,"Bestelauto","Fiets","Los voorwerp","Kruispunt, 3 takken",30,"Niet brandend","Daglicht","Droog",\N,\N,"Rozenstraat","Zeist","Zeist","Utrecht",false,52.089732,5.237283,"material damage only","4","clear",false,1,"GM0355"
"20230054479",2023,"Uitsluitend materiele schade",2,"Personenauto","Fiets","Onbekend","Kruispunt, 4 takken",50,"Niet brandend","Daglicht","Droog",\N,\N,"Kanaalstraat","Eindhoven","Eindhoven","Noord-Brabant",false,51.438126,5.482218,"material damage only","4","clear",false,1,"GM0772"
"20240132296",2024,"Letsel",2,"Bromfiets","Fiets","Frontaal","Rechte weg",30,"Brandend","Schemer","Regen",\N,"601018402","Provincialeweg","Krommenie","Zaanstad","Noord-Holland",false,52.494487,4.76346,"injury","2","rain",false,1,"GM0479"
"20240132308",2024,"Letsel",2,"Personenauto","Fiets","Onbekend","Rechte weg",30,"Niet brandend","Daglicht","Droog",\N,"263440038","Waterkers","Zwaag","Hoorn","Noord-Holland",false,52.668043,5.043583,"injury","2","clear",false,1,"GM0405"
"20240127951",2024,"Uitsluitend materiele schade",2,"Personenauto","Fiets","Flank","Rechte weg",30,"Niet brandend","Daglicht","Droog",\N,"600831331","Marialaan","Nijmegen","Nijmegen","Gelderland",false,51.845162,5.841403,"material damage only","4","clear",false,1,"GM0268"
"20230066014",2023,"Letsel",2,"Fiets","Fiets","Onbekend","Kruispunt, 4 takken",30,"Niet brandend","Daglicht","Droog",\N,\N,"Lange Mare","Leiden","Leiden","Zuid-Holland",false,52.161809,4.490238,"injury","2","clear",false,1,"GM0546"
"20230038796",2023,"Letsel",1,"Fiets",\N,"Eenzijdig","Rechte weg",60,"Brandend","Duisternis","Droog",\N,"600944454","Middel Broekweg","Honselersdijk","Westland","Zuid-Holland",false,52.004063,4.238594,"injury","2","clear",false,1,"GM1783"
"20230045771",2023,"Uitsluitend materiele schade",2,"Personenauto","Fiets","Frontaal","Kruispunt, 4 takken",30,"Niet brandend","Daglicht","Droog",\N,\N,"Kallenkoterallee","Steenwijk","Steenwijkerland","Overijssel",false,52.785485,6.138291,"material damage only","4","clear",false,1,"GM1708"
"20230046348",2023,"Uitsluitend materiele schade",2,"Fiets","Fiets","Onbekend","Rechte weg",50,"Niet aanwezig","Daglicht","Droog",\N,"600232442","Fectiopad","Houten","Houten","Utrecht",false,52.043143,5.163072,"material damage only","4","clear",false,1,"GM0321"
"20230055092",2023,"Letsel",2,"Personenauto","Fiets","Flank","Kruispunt, 4 takken",50,"Niet brandend","Daglicht","Regen",\N,\N,"De Braam","Deventer","Deventer","Overijssel",false,52.244163,6.211548,"injury","2","rain",false,1,"GM0150"
"20230056238",2023,"Letsel",2,"Bestelauto","e-bike","Flank","Kruispunt, 4 takken",60,"Niet aanwezig","Daglicht","Droog",\N,\N,"Beatrixweg","Heerde","Heerde","Gelderland",false,52.40447,6.054375,"injury","2","clear",false,1,"GM0246"
"20230064974",2023,"Letsel",2,"Personenauto","Fiets","Onbekend","Kruispunt, 3 takken",60,"Niet brandend","Daglicht","Droog",\N,\N,"Bunschoterweg","Nijkerk","Nijkerk","Gelderland",false,52.221254,5.447728,"injury","2","clear",false,1,"GM0267"