"accident_id","year","severity_raw","party_count","party1_type","party2_type","accident_type","road_situation","speed_limit_kmh","road_lighting","light_condition_label","weather_raw","infra_type","road_segment_id","street_name","place_name","gemeente_name_raw","province","alcohol_indicated","latitude","longitude","severity_label","severity_code","weather_label","built_up_area","cyclists_involved","gemeente_code"
"20230048174",2023,"Letsel",2,"Fiets","e-bike","Onbekend","Kruispunt, 4 takken",30,"Niet brandend","Daglicht",\N,\N,\N,"Skagerrak","Emmeloord","Noordoostpolder","Flevoland",false,52.71233,5.735792,"injury","2","unknown",false,1,"GM0171"
"20240128266",2024,"Letsel",2,"Bus","Fiets","Flank","Kruispunt, 4 takken",60,"Niet brandend","Daglicht","Droog",\N,\N,"Weidsteeg","Culemborg","Culemborg","Gelderland",false,51.963169,5.255435,"injury","2","clear",false,1,"GM0216"
"20230066090",2023,"Letsel",2,"Personenauto","e-bike","Flank","Rotonde",50,"Niet brandend","Daglicht","Regen",\N,\N,"Sportlaan","Amstelveen","Amstelveen","Noord-Holland",false,52.290744,4.854206,"injury","2","rain",false,1,"GM0362"
"20240132352",2024,"Letsel",2,"Fiets","Personenauto","Los voorwerp","Kruispunt, 4 takken",50,"Niet brandend","Daglicht","Droog",\N,\N,"Waddenweg","Hoofddorp","Haarlemmermeer","Noord-Holland",false,52.317159,4.648212,"injury","2","clear",false,1,"GM0394"
"20230040002",2023,"Letsel",1,"Fiets",\N,"Eenzijdig","Rechte weg",30,"Brandend","Duisternis","Droog",\N,"600371785","Oude Vest","Leiden","Leiden","Zuid-Holland",false,52.16236,4.490601,"injury","2","clear",false,1,"GM0546"
"20230041737",2023,"Uitsluitend materiele schade",3,"Personenauto","Fiets","Onbekend","Kruispunt, 4 takken",30,"Niet brandend","Daglicht","Droog",\N,\N,"Geldersedijk","Dirksland","Goeree-Overflakkee","Zuid-Holland",false,51.746392,4.105904,"material damage only","4","clear",false,1,"GM1924"
"20230044655",2023,"Uitsluitend materiele schade",2,"Fiets","Personenauto","Flank","Kruispunt, 4 takken",50,"Niet brandend","Daglicht","Droog",\N,\N,"Kristenbosweg","Hengelo","Hengelo (O)","Overijssel",false,52.298814,6.796545,"material damage only","4","clear",false,1,\N
"20230044657",2023,"Letsel",2,"Personenauto","Fiets","Flank","Rechte weg",30,"Niet brandend","Daglicht","Droog",\N,"517452009","Meineszstraat","Erica","Emmen","Drenthe",false,52.713256,6.923006,"injury","2","clear",false,1,"GM0114"
"20230055741",2023,"Letsel",3,"Personenauto","Fiets","Frontaal","Kruispunt, 4 takken",50,"Niet brandend","Daglicht","Droog",\N,\N,"Geert Reindersstraat","Winsum","Het Hogeland","Groningen",false,53.330285,6.512227,"injury","2","clear",false,1,"GM1966"
"20230061330",2023,"Letsel",1,"Fiets",\N,"Eenzijdig","Rechte weg",30,"Niet brandend","Daglicht","Droog",\N,"228310005","Weiweg","Nieuwerbrug aan den Rijn","Bodegraven-Reeuwijk","Zuid-Holland",false,52.077559,4.792607,"injury","2","clear",false,1,"GM1901"
"20240128601",2024,"Letsel",2,"Snorfiets","Fiets","Flank","Bocht",50,"Niet brandend","Daglicht","Droog",\N,"470565091","Florakade","Groningen","Groningen","Groningen",true,53.226,6.591787,"injury","2","clear",false,1,"GM0014"
"20240130018",2024,"Dodelijk",2,"Personenauto","Fiets","Onbekend","Kruispunt, 4 takken",30,"Niet brandend","Daglicht","Droog",\N,\N,"Oranje Nassaulaan","Zwolle","Zwolle","Overijssel",false,52.505844,6.07438,"fatal","1","clear",false,1,"GM0193"
"20230048837",2023,"Uitsluitend materiele schade",2,"Fiets","Personenauto","Flank","Rechte weg",30,"Niet brandend","Daglicht","Droog",\N,"600372012","Langestraat","'s-Gravenzande","Westland","Zuid-Holland",false,52.003184,4.160985,"material damage only","4","clear",false,1,"GM1783"
"20230053478",2023,"Letsel",2,"Personenauto","e-bike","Flank","Rotonde",50,"Niet brandend","Daglicht","Droog",\N,\N,"Veerweg","Papendrecht","Papendrecht","Zuid-Holland",false,51.835433,4.692088,"injury","2","clear",false,1,"GM0590"
"20230054043",2023,"Letsel",3,"Fiets","Fiets","Los voorwerp","Rechte weg",\N,"Niet aanwezig","Daglicht","Droog",\N,"361157042","Voorste Heusden","Asten","Asten","Noord-Brabant",false,51.394115,5.755105,"injury","2","clear",false,1,"GM0743"
"20230055204",2023,"Letsel",2,"Personenauto","Fiets","Flank","Kruispunt, 3 takken",30,"Niet brandend","Daglicht","Droog",\N,\N,"Boven Westerdiep","Veendam","Veendam","Groningen",false,53.106,6.870111,"injury","2","clear",false,1,"GM0047"
"20230060867",2023,"Uitsluitend materiele schade",2,"Personenauto","Fiets","Flank","Kruispunt, 4 takken",30,"Niet brandend","Daglicht","Droog",\N,\N,"Nieuwe Binnenweg","Rotterdam","Rotterdam","Zuid-Holland",false,51.913182,4.460121,"material damage only","4","clear",false,1,"GM0599"
"20230061901",2023,"Uitsluitend materiele schade",2,"Fiets","Fiets","Flank","Kruispunt, 4 takken",50,"Niet brandend","Daglicht","Regen",\N,\N,"Michiel de Ruyterweg","Delft","Delft","Zuid-Holland",false,52.003282,4.370995,"material damage only","4","rain",false,1,"GM0503"
"20240130167",2024,"Uitsluitend materiele schade",1,"Fiets",\N,"Onbekend","Rotonde",30,"Brandend","Duisternis","Droog",\N,\N,"Oversteweg","Hengelo","Hengelo (O)","Overijssel",false,52.268646,6.794594,"material damage only","4","clear",false,1,\N
"20240130855",2024,"Letsel",2,"Personenauto","Fiets","Flank","Kruispunt, 3 takken",30,"Niet brandend","Daglicht","Droog",\N,\N,"Havinghastraat","Alkmaar","Alkmaar","Noord-Holland",false,52.648651,4.740642,"injury","2","clear",false,1,"GM0361"
"20230045900",2023,"Letsel",2,"Personenauto","Fiets","Flank","Kruispunt, 3 takken",50,"Niet brandend","Daglicht","Droog",\N,\N,"Sportlaan","Tubbergen","Tubbergen","Overijssel",false,52.41201,6.777356,"injury","2","clear",false,1,"GM0183"
"20230048876",2023,"Uitsluitend materiele schade",2,"Fiets","Fiets","Flank","Kruispunt, 3 takken",30,"Niet brandend","Daglicht","Droog",\N,\N,"Prinses Irenestraat","Ter Aar","Nieuwkoop","Zuid-Holland",false,52.164858,4.710846,"material damage only","4","clear",false,1,"GM0569"
"20230050008",2023,"Uitsluitend materiele schade",2,"Bestelauto","Fiets","Geparkeerd voertuig","Rechte weg",50,"Brandend","Duisternis","Droog",\N,"600715206","Driebergenstraat","'s-Gravenhage","'s-Gravenhage","Zuid-Holland",false,52.060942,4.273667,"material damage only","4","clear",false,1,"GM0518"
"20230055792",2023,"Letsel",2,"Bromfiets","Fiets","Flank","Kruispunt, 3 takken",30,"Niet brandend","Daglicht","Droog",\N,\N,"Bloemsingel","Groningen","Groningen","Groningen",false,53.226208,6.564643,"injury","2","clear",false,1,"GM0014"
"20240130320",2024,"Uitsluitend materiele schade",2,"Personenauto","Fiets","Flank","Rotonde",50,"Niet brandend","Daglicht","Droog",\N,\N,"Laakboulevard","Amersfoort","Amersfoort","Utrecht",false,52.201667,5.421874,"material damage only","4","clear",false,1,"GM0307"
"20240130493",2024,"Letsel",1,"Fiets",\N,"Onbekend","Rechte weg",50,"Niet brandend","Daglicht","Droog",\N,"600839170","Jachtlaan","Apeldoorn","Apeldoorn","Gelderland",false,52.205472,5.938647,"injury","2","clear",false,1,"GM0200"
"20240132381",2024,"Uitsluitend materiele schade",2,"Bus","Fiets","Flank","Kruispunt, 4 takken",30,"Niet aanwezig","Daglicht","Droog",\N,\N,"Maria Rutgerslaan","Hoofddorp","Haarlemmermeer","Noord-Holland",false,52.298232,4.661736,"material damage only","4","clear",false,1,"GM0394"
"20240132549",2024,"Letsel",2,"Personenauto","Fiets","Flank","Kruispunt, 3 takken",50,"Niet brandend","Daglicht","Droog",\N,\N,"Wassenaarsestraat","'s-Gravenhage","'s-Gravenhage","Zuid-Holland",false,52.108442,4.27682,"injury","2","clear",false,1,"GM0518"
"20230047132",2023,"Uitsluitend materiele schade",2,"Personenauto","Fiets","Flank","Kruispunt, 4 takken",50,"Niet brandend","Daglicht","Droog",\N,\N,"Robbenkoog","Alkmaar","Alkmaar","Noord-Holland",false,52.642621,4.778102,"material damage only","4","clear",false,1,"GM0361"
"20230049490",2023,"Letsel",2,"Bromfiets","Fiets","Flank","Rechte weg",50,"Niet brandend","Daglicht","Droog",\N,"600159688","Laan van Nieuw-O-Indië","'s-Gravenhage","'s-Gravenhage","Zuid-Holland",false,52.08572,4.33778,"injury","2","clear",false,1,"GM0518"
"20230055257",2023,"Letsel",1,"e-bike",\N,"Eenzijdig","Kruispunt, 3 takken",50,"Niet brandend","Daglicht","Droog",\N,\N,"Boven Westerdiep","Veendam","Veendam","Groningen",false,53.101944,6.870294,"injury","2","clear",false,1,"GM0047"
"20230055848",2023,"Letsel",2,"Scootmobiel","Fiets","Frontaal","Rechte weg",\N,"Niet brandend","Daglicht","Droog","Tunnel","506591011","Holwierderweg","Appingedam","Eemsdelta","Groningen",false,53.335127,6.864676,"injury","2","clear",false,1,"GM1979"
"20240132019",2024,"Letsel",2,"Vrachtauto","Fiets","Onbekend","Rechte weg",50,"Niet brandend","Daglicht","Droog","Brug/viaduct","601027847","Zuideinde","Oostzaan","Oostzaan","Noord-Holland",false,52.430567,4.883172,"injury","2","clear",false,1,"GM0431"
"20240132166",2024,"Letsel",3,"Fiets","Personenauto","Geparkeerd voertuig","Rechte weg",30,"Niet brandend","Daglicht","Droog","Parkeervoorziening","213384020","Boezemkade","Spaarndam gem. Haarlem","Haarlem","Noord-Holland",false,52.413465,4.674524,"injury","2","clear",false,1,"GM0392"
"20230039573",2023,"Letsel",2,"Bromfiets","Fiets","Kop/staart","Rechte weg",50,"Niet brandend","Daglicht","Droog",\N,"150293023","Hofstraat","Honselersdijk","Westland","Zuid-Holland",false,52.005829,4.224522,"injury","2","clear",false,1,"GM1783"
"20220214865",2022,"Dodelijk",3,"e-bike","Dier","Dier","Kruispunt, 4 takken",\N,"Niet aanwezig","Daglicht","Droog",\N,"168287004","Sint Maartensrechtpad","Delft","Delft","Zuid-Holland",false,51.97902,4.361188,"fatal","1","clear",false,1,"GM0503"
"20220208959",2022,"Uitsluitend materiele schade",1,"Fiets",\N,"Onbekend","Rotonde",50,"Brandend","Duisternis","Sneeuw/Hagel",\N,\N,"Zuidtangent","Heerhugowaard","Dijk en Waard","Noord-Holland",false,52.665693,4.827095,"material damage only","4","unknown",false,1,"GM1980"
"20220216633",2022,"Uitsluitend materiele schade",2,"e-bike","Personenauto","Onbekend","Rechte weg",60,"Niet brandend","Daglicht","Droog",\N,"183335006","Oegstgeesterweg","Oegstgeest","Oegstgeest","Zuid-Holland",false,52.192908,4.463349,"material damage only","4","clear",false,1,"GM0579"
"20220218014",2022,"Uitsluitend materiele schade",2,"Personenauto","Fiets","Flank","Rotonde",50,"Niet brandend","Daglicht","Droog",\N,\N,"Europalaan","Alphen aan den Rijn","Alphen aan den Rijn","Zuid-Holland",false,52.125654,4.650335,"material damage only","4","clear",false,1,"GM0484"
"20220227034",2022,"Uitsluitend materiele schade",2,"Personenauto","Fiets","Flank","Kruispunt, 3 takken",30,"Brandend","Schemer","Droog",\N,\N,"Molenstraat","Helmond","Helmond","Noord-Brabant",false,51.478656,5.661167,"material damage only","4","clear",false,1,"GM0794"
"20220230578",2022,"Uitsluitend materiele schade",2,"Personenauto","Fiets","Onbekend",\N,30,\N,"Daglicht",\N,\N,"600844100","Plataanstraat","Venray","Venray","Limburg",false,51.519889,5.981077,"material damage only","4","unknown",false,1,"GM0984"
"20220289090",2022,"Letsel",2,"Personenauto","Fiets","Flank","Kruispunt, 3 takken",50,"Niet brandend","Daglicht","Droog",\N,\N,"SCHALKWIJKERBRUG","Haarlem","Haarlem","Noord-Holland",true,52.376249,4.642523,"injury","2","clear",false,1,"GM0392"
"20220199621",2022,"Uitsluitend materiele schade",2,"Personenauto","Fiets","Flank","Rotonde",50,"Niet brandend","Daglicht","Droog",\N,\N,"Langstraat","Barneveld","Barneveld","Gelderland",false,52.13727,5.588842,"material damage only","4","clear",false,1,"GM0203"
"20220203877",2022,"Uitsluitend materiele schade",2,"Personenauto","Fiets","Onbekend","Kruispunt, 4 takken",50,"Niet brandend","Daglicht","Droog",\N,\N,"De Wiekslag","Veenendaal","Veenendaal","Utrecht",false,52.028333,5.533748,"material damage only","4","clear",false,1,"GM0345"
"20220215188",2022,"Uitsluitend materiele schade",2,"Personenauto","e-bike","Flank","Kruispunt, 4 takken",30,"Niet brandend","Daglicht","Droog",\N,\N,"Julianastraat","Leiden","Leiden","Zuid-Holland",false,52.164808,4.500733,"material damage only","4","clear",false,1,"GM0546"
"20220289121",2022,"Uitsluitend materiele schade",2,"Fiets","Personenauto","Geparkeerd voertuig","Rechte weg",30,"Niet brandend","Daglicht","Droog",\N,"309182012","Kruisparkweg","Best","Best","Noord-Brabant",false,51.509627,5.386232,"material damage only","4","clear",false,1,"GM0753"
"20220214542",2022,"Letsel",2,"Fiets","Fiets","Onbekend","Rechte weg",50,"Brandend","Duisternis","Droog",\N,"167309127","Bruijnings Ingenhoeslaan","Voorburg","Leidschendam-Voorburg","Zuid-Holland",false,52.078473,4.350713,"injury","2","clear",false,1,"GM1916"
"20220217372",2022,"Letsel",2,"Personenauto","Fiets","Onbekend","Rechte weg",30,"Brandend","Duisternis","Droog",\N,"199356049","Hoofdstraat","Hillegom","Hillegom","Zuid-Holland",false,52.290093,4.578195,"injury","2","clear",false,1,"GM0534"
"20220219517",2022,"Letsel",2,"Fiets","Personenauto","Flank","Kruispunt, 4 takken",50,"Brandend","Duisternis","Droog",\N,\N,"Maashaven O.z.","Rotterdam","Rotterdam","Zuid-Holland",false,51.89756,4.495291,"injury","2","clear",false,1,"GM0599"
"20220223576",2022,"Letsel",2,"Fiets","Personenauto","Frontaal","Rechte weg",50,"Niet aanwezig","Daglicht","Droog",\N,"159175025","Antwerpsestraatweg","Bergen op Zoom","Bergen op Zoom","Noord-Brabant",false,51.475106,4.302823,"injury","2","clear",false,1,"GM0748"
"20220218169",2022,"Letsel",2,"Personenauto","Fiets","Flank","Kruispunt, 4 takken",50,"Brandend","Duisternis","Droog",\N,\N,"Erasmusweg","'s-Gravenhage","'s-Gravenhage","Zuid-Holland",false,52.051951,4.303359,"injury","2","clear",false,1,"GM0518"
"20220222417",2022,"Letsel",2,"Bromfiets","Fiets","Flank","Rechte weg",30,"Brandend","Daglicht","Droog",\N,"176260135","Rijsdijk","Rhoon","Albrandswaard","Zuid-Holland",false,51.855759,4.421175,"injury","2","clear",false,1,"GM0613"
"20220228216",2022,"Uitsluitend materiele schade",1,"Fiets",\N,"Frontaal","Rechte weg",30,"Niet brandend","Schemer","Droog",\N,"600818354","Lage Dijk","Helmond","Helmond","Noord-Brabant",false,51.466159,5.678942,"material damage only","4","clear",false,1,"GM0794"
"20220224631",2022,"Uitsluitend materiele schade",2,"Personenauto","Fiets","Flank","Rechte weg",30,"Brandend","Duisternis","Droog",\N,"269192111","Hoogvensestraat","Tilburg","Tilburg","Noord-Brabant",false,51.555086,5.093361,"material damage only","4","clear",false,1,"GM0855"
"20220230783",2022,"Letsel",2,"Personenauto","e-bike","Frontaal","Rechte weg",30,"Niet brandend","Daglicht","Droog",\N,"381055007","Thull","Schinnen","Beekdaelen","Limburg",false,50.936329,5.894137,"injury","2","clear",false,1,"GM1954"
"20220199777",2022,"Letsel",2,"Personenauto","Fiets","Flank","Kruispunt, 3 takken",50,"Niet brandend","Daglicht","Droog",\N,\N,"Lenteweg","Enschede","Enschede","Overijssel",false,52.223868,6.955197,"injury","2","clear",false,1,"GM0153"
"20220219650",2022,"Uitsluitend materiele schade",2,"Fiets","Fiets","Flank","Rotonde",\N,"Niet brandend","Daglicht","Droog",\N,\N,"Prinsenlaan","Rotterdam","Rotterdam","Zuid-Holland",false,51.938196,4.539852,"material damage only","4","clear",false,1,"GM0599"
"20220209211",2022,"Uitsluitend materiele schade",2,"Personenauto","Fiets","Flank","Rechte weg",50,"Brandend","Daglicht","Droog",\N,"600989334","J.D. Pollstraat","Hoorn","Hoorn","Noord-Holland",false,52.644996,5.068703,"material damage only","4","clear",false,1,"GM0405"
"20220213887",2022,"Uitsluitend materiele schade",2,"Bromfiets","Fiets","Onbekend","Kruispunt, 4 takken",50,"Niet brandend","Daglicht","Droog",\N,\N,"Haagweg","Rijswijk","Rijswijk","Zuid-Holland",false,52.057064,4.337863,"material damage only","4","clear",false,1,\N
"20220216179",2022,"Letsel",1,"Fiets",\N,"Eenzijdig","Rechte weg",50,"Brandend","Duisternis","Droog",\N,"600562638","Soestdijksekade","'s-Gravenhage","'s-Gravenhage","Zuid-Holland",false,52.061664,4.275781,"injury","2","clear",false,1,"GM0518"
"20220224721",2022,"Uitsluitend materiele schade",2,"Snorfiets","Fiets","Frontaal","Kruispunt, 3 takken",\N,"Brandend","Duisternis","Droog",\N,\N,"Spoorpad","Tilburg","Tilburg","Noord-Brabant",false,51.561445,5.10588,"material damage only","4","clear",false,1,"GM0855"
"20220225569",2022,"Uitsluitend materiele schade",2,"Personenauto","Fiets","Flank","Kruispunt, 3 takken",50,"Niet brandend","Daglicht","Droog",\N,\N,"Achter de Molen","Etten-Leur","Etten-Leur","Noord-Brabant",false,51.561606,4.654817,"material damage only","4","clear",false,1,"GM0777"
"20220123042",2022,"Dodelijk",1,"Fiets",\N,"Eenzijdig","Kruispunt, 3 takken",30,"Niet brandend","Daglicht","Droog",\N,\N,"Zevenhuizerlaan","Heiloo","Heiloo","Noord-Holland",false,52.593528,4.70495,"fatal","1","clear",false,1,"GM0399"
"20220224778",2022,"Uitsluitend materiele schade",2,"Personenauto","Fiets","Flank","Rechte weg",30,"Niet brandend","Daglicht","Droog",\N,"600772538","Tilburgseweg","Goirle","Goirle","Noord-Brabant",false,51.531299,5.06361,"material damage only","4","clear",false,1,"GM0785"
"20220228425",2022,"Letsel",2,"Personenauto","Fiets","Flank","Kruispunt, 4 takken",80,"Brandend","Duisternis","Droog",\N,\N,"Bakelseweg","Deurne","Deurne","Noord-Brabant",false,51.47895,5.781099,"injury","2","clear",false,1,"GM0762"
"20220232466",2022,"Uitsluitend materiele schade",2,"Fiets","Personenauto","Flank","Rotonde",50,"Brandend","Duisternis","Regen",\N,\N,"Roersingel","Roermond","Roermond","Limburg",false,51.193189,5.983546,"material damage only","4","rain",false,1,"GM0957"
"20220208557",2022,"Uitsluitend materiele schade",2,"Personenauto","Fiets","Onbekend","Kruispunt, 3 takken",30,"Brandend","Schemer","Droog",\N,\N,"Ooievaarstraat","Alkmaar","Alkmaar","Noord-Holland",false,52.634077,4.756005,"material damage only","4","clear",false,1,"GM0361"
"20220212995",2022,"Letsel",2,"Personenauto","Fiets","Flank","Kruispunt, 4 takken",50,"Brandend","Duisternis","Droog",\N,\N,"Conradkade","'s-Gravenhage","'s-Gravenhage","Zuid-Holland",false,52.080713,4.284296,"injury","2","clear",false,1,"GM0518"
"20220216247",2022,"Letsel",2,"Bromfiets","Fiets","Flank","Kruispunt, 3 takken",50,"Brandend","Duisternis","Regen",\N,\N,"Willem en Marialaan","Gouda","Gouda","Zuid-Holland",false,52.01832,4.715881,"injury","2","rain",false,1,"GM0513"
"20220220600",2022,"Uitsluitend materiele schade",2,"Personenauto","Fiets","Flank","Kruispunt, 4 takken",50,"Brandend","Duisternis","Droog",\N,\N,"Boezembocht","Rotterdam","Rotterdam","Zuid-Holland",false,51.941238,4.493403,"material damage only","4","clear",false,1,"GM0599"
"20220229177",2022,"Letsel",2,"e-bike","Bestelauto","Eenzijdig","Bocht",60,"Niet brandend","Daglicht","Droog",\N,"600804851","Abenhoefweg","Veghel","Meierijstad","Noord-Brabant",false,51.599712,5.510106,"injury","2","clear",false,1,"GM1948"
"20220204254",2022,"Uitsluitend materiele schade",2,"Personenauto","Fiets","Onbekend","Kruispunt, 3 takken",30,"Niet brandend","Daglicht","Droog",\N,\N,"Damraklaan","Utrecht","Utrecht","Utrecht",false,52.086135,5.063522,"material damage only","4","clear",false,1,"GM0344"
"20220217653",2022,"Letsel",2,"Personenauto","Fiets","Flank","Kruispunt, 4 takken",30,"Brandend","Daglicht","Regen",\N,\N,"Zeemanlaan","Leiden","Leiden","Zuid-Holland",false,52.149669,4.49615,"injury","2","rain",false,1,"GM0546"
"20220220627",2022,"Letsel",2,"Personenauto","Fiets","Frontaal","Rotonde",50,"Brandend","Duisternis","Regen",\N,\N,"Beukelsweg","Rotterdam","Rotterdam","Zuid-Holland",false,51.919725,4.448147,"injury","2","rain",false,1,"GM0599"
"20220227690",2022,"Letsel",2,"e-bike","Dier","Dier","Rechte weg",30,"Niet brandend","Daglicht","Droog",\N,"600553016","Stoofweg","Grave","Land van Cuijk","Noord-Brabant",false,51.753012,5.738256,"injury","2","clear",false,1,"GM1982"
"20220200672",2022,"Letsel",2,"Personenauto","Fiets","Flank","Kruispunt, 4 takken",30,"Niet brandend","Daglicht","Droog",\N,\N,"Krommekamp","Harderwijk","Harderwijk","Gelderland",false,52.347358,5.647733,"injury","2","clear",false,1,"GM0243"
"20220211285",2022,"Uitsluitend materiele schade",2,"Snorfiets","Fiets","Frontaal","Rechte weg",30,"Brandend","Duisternis","Droog",\N,\N,"Koningsplein","Amsterdam","Amsterdam","Noord-Holland",false,52.366854,4.888503,"material damage only","4","clear",false,1,"GM0363"
"20220214037",2022,"Letsel",2,"Personenauto","Fiets","Flank","Rotonde",50,"Niet brandend","Daglicht","Droog",\N,\N,"Van Leeuwenhoeklaan","Zoetermeer","Zoetermeer","Zuid-Holland",false,52.057446,4.486677,"injury","2","clear",false,1,"GM0637"
"20220214894",2022,"Letsel",1,"Fiets",\N,"Eenzijdig","Bocht",30,"Niet brandend","Daglicht","Droog",\N,"209321049","Anna van Burenlaan","Alphen aan den Rijn","Alphen aan den Rijn","Zuid-Holland",false,52.133165,4.65675,"injury","2","clear",false,1,"GM0484"
"20220200029",2022,"Letsel",2,"Bromfiets","Fiets","Frontaal","Rechte weg",80,"Niet brandend","Schemer","Droog",\N,\N,"Akkerweg","Zelhem","Bronckhorst","Gelderland",false,52.001401,6.307384,"injury","2","clear",false,1,"GM1876"
"20220200745",2022,"Letsel",2,"Fiets","Fiets","Onbekend","Rechte weg",30,"Brandend","Duisternis","Regen",\N,"473289116","Lievelderweg","Lichtenvoorde","Oost Gelre","Gelderland",false,51.987561,6.57453,"injury","2","rain",false,1,"GM1586"
"20220205060",2022,"Uitsluitend materiele schade",2,"Personenauto","Fiets","Flank","Kruispunt, 3 takken",50,"Brandend","Schemer","Regen",\N,\N,"Weteringlaan","Zeist","Zeist","Utrecht",false,52.0835,5.214129,"material damage only","4","rain",false,1,"GM0355"
"20220211994",2022,"Uitsluitend materiele schade",2,"Bromfiets","Fiets","Onbekend","Kruispunt, 4 takken",50,"Brandend","Duisternis","Regen",\N,\N,"Carillonstraat","Amsterdam","Amsterdam","Noord-Holland",false,52.350472,4.90365,"material damage only","4","rain",false,1,"GM0363"
"20220214080",2022,"Letsel",1,"e-bike",\N,"Eenzijdig","Bocht",50,"Niet brandend","Daglicht","Droog",\N,"600374286","Laan van Nieuw Oosteinde","Voorburg","Leidschendam-Voorburg","Zuid-Holland",false,52.068941,4.356572,"injury","2","clear",false,1,"GM1916"
"20220216434",2022,"Letsel",2,"Snorfiets","e-bike","Onbekend","Rechte weg",50,"Niet brandend","Daglicht","Droog",\N,"167296083","REINEVELDBRUG","Delft","Delft","Zuid-Holland",false,52.019662,4.352522,"injury","2","clear",false,1,"GM0503"
"20220217084",2022,"Letsel",2,"Fiets","Fiets","Geparkeerd voertuig",\N,60,"Niet aanwezig","Duisternis","Mist","Parkeervoorziening","192345004","Achterweg-Zuid","Lisse","Lisse","Zuid-Holland",false,52.243817,4.53167,"injury","2","fog",false,1,"GM0553"
"20220231911",2022,"Uitsluitend materiele schade",2,"Personenauto","Fiets","Onbekend","Rotonde",30,"Niet brandend","Daglicht","Droog",\N,\N,"Deken van Oppensingel","Venlo","Venlo","Limburg",false,51.370646,6.176334,"material damage only","4","clear",false,1,"GM0983"
"20220204443",2022,"Letsel",2,"Personenauto","Fiets","Flank","Rechte weg",60,"Niet brandend","Daglicht","Droog",\N,"314315004","Leusbroekerweg","Leusden","Leusden","Utrecht",false,52.105773,5.42624,"injury","2","clear",false,1,"GM0327"
"20220210693",2022,"Letsel",2,"Personenauto","e-bike","Frontaal","Kruispunt, 4 takken",50,"Niet brandend","Daglicht","Droog",\N,\N,"Latherusstraat","Amsterdam","Amsterdam","Noord-Holland",false,52.392686,4.914479,"injury","2","clear",false,1,"GM0363"
"20220214966",2022,"Letsel",1,"e-bike",\N,"Eenzijdig","Kruispunt, 3 takken",50,"Niet brandend","Daglicht","Droog",\N,\N,"Duinweg","Noordwijk","Noordwijk","Zuid-Holland",false,52.242506,4.439179,"injury","2","clear",false,1,"GM0575"
"20220227838",2022,"Letsel",2,"Fiets","Fiets","Onbekend","Rechte weg",30,"Niet brandend","Daglicht","Droog",\N,"301220071","Gestelseweg","'s-Hertogenbosch","'s-Hertogenbosch","Noord-Brabant",false,51.682899,5.327586,"injury","2","clear",false,1,"GM0796"
"20220208789",2022,"Uitsluitend materiele schade",3,"Bestelauto","Fiets","Onbekend","Kruispunt, 4 takken",50,"Niet brandend","Daglicht","Droog",\N,\N,"Parklaan","Haarlem","Haarlem","Noord-Holland",false,52.385783,4.639206,"material damage only","4","clear",false,1,"GM0392"
"20220214179",2022,"Letsel",2,"Personenauto","Fiets","Flank","Kruispunt, 3 takken",30,"Niet brandend","Daglicht","Droog",\N,\N,"Koningin Julianastraat","Nootdorp","Pijnacker-Nootdorp","Zuid-Holland",false,52.045297,4.394053,"injury","2","clear",false,1,"GM1926"
"20220217165",2022,"Letsel",2,"e-bike","Fiets","Onbekend","Bocht",50,"Niet brandend","Daglicht","Droog",\N,\N,"Churchilllaan","Leiden","Leiden","Zuid-Holland",false,52.147303,4.474985,"injury","2","clear",false,1,"GM0546"
"20220225951",2022,"Letsel",2,"Personenauto","Fiets","Frontaal","Rechte weg",50,"Brandend","Schemer","Regen",\N,"600725028","Stationsstraat","Roosendaal","Roosendaal","Noord-Brabant",false,51.534679,4.453087,"injury","2","rain",false,1,"GM1674"
"20220229380",2022,"Uitsluitend materiele schade",2,"Personenauto","Fiets","Onbekend","Kruispunt, 3 takken",50,"Niet brandend","Daglicht","Droog",\N,\N,"Bataweg","Best","Best","Noord-Brabant",false,51.490988,5.390145,"material damage only","4","clear",false,1,"GM0753"
"20220220128",2022,"Uitsluitend materiele schade",2,"Personenauto","Fiets","Onbekend","Kruispunt, 4 takken",50,\N,"Duisternis",\N,\N,"600111837","Wolphaertsbocht","Rotterdam","Rotterdam","Zuid-Holland",false,51.893978,4.48309,"material damage only","4","unknown",false,1,"GM0599"
"20220214264",2022,"Letsel",1,"e-bike",\N,"Eenzijdig","Rechte weg",30,"Niet brandend","Daglicht","Droog",\N,"600373215","Herenstraat","Wateringen","Westland","Zuid-Holland",false,52.024364,4.277979,"injury","2","clear",false,1,"GM1783"
"20220215122",2022,"Letsel",2,"e-bike","Personenauto","Flank","Kruispunt, 3 takken",30,"Niet brandend","Daglicht","Regen",\N,\N,"Sylviusweg","Leiden","Leiden","Zuid-Holland",false,52.169492,4.468349,"injury","2","rain",false,1,"GM0546"
"20240139560",2024,"Letsel",2,"Personenauto","Fiets","Onbekend","Rechte weg",30,"Niet brandend","Daglicht","Droog",\N,"491551034","Erasmusweg","Hoogezand","Midden-Groningen","Groningen",false,53.159188,6.747649,"injury","2","clear",false,1,"GM1952"
"20240139592",2024,"Letsel",2,"Personenauto","Fiets","Frontaal","Kruispunt, 3 takken",50,"Brandend","Schemer","Droog",\N,\N,"Boumaboulevard","Groningen","Groningen","Groningen",false,53.208287,6.591806,"injury","2","clear",false,1,"GM0014"