"accident_id","year","severity_raw","party_count","party1_type","party2_type","accident_type","road_situation","speed_limit_kmh","road_lighting","light_condition_label","weather_raw","infra_type","road_segment_id","street_name","place_name","gemeente_name_raw","province","alcohol_indicated","latitude","longitude","severity_label","severity_code","weather_label","built_up_area","cyclists_involved","gemeente_code"
"20240139612",2024,"Uitsluitend materiele schade",2,"Fiets","Personenauto","Flank","Bocht",50,"Niet brandend","Daglicht","Droog",\N,"364555058","Verlengde Schrans","Leeuwarden","Leeuwarden","Friesland",false,53.188271,5.797044,"material damage only","4","clear",false,1,"GM0080"
"20240140140",2024,"Uitsluitend materiele schade",2,"Personenauto","Fiets","Flank","Kruispunt, 4 takken",30,"Niet brandend","Daglicht","Droog",\N,\N,"Maarssenbroeksedijk","Maarssen","Stichtse Vecht","Utrecht",false,52.128874,5.037002,"material damage only","4","clear",false,1,"GM1904"
"20240141317",2024,"Uitsluitend materiele schade",4,"Fiets","Personenauto","Flank","Kruispunt, 4 takken",50,"Brandend","Schemer","Droog",\N,\N,"Groesbeekseweg","Nijmegen","Nijmegen","Gelderland",false,51.836059,5.869177,"material damage only","4","clear",false,1,"GM0268"
"20240144999",2024,"Uitsluitend materiele schade",2,"Personenauto","Fiets","Flank","Kruispunt, 4 takken",50,"Niet brandend","Duisternis","Droog",\N,\N,"Statenweg","Rotterdam","Rotterdam","Zuid-Holland",false,51.922752,4.462926,"material damage only","4","clear",false,1,"GM0599"
"20240148369",2024,"Uitsluitend materiele schade",2,"Fiets","Personenauto","Flank","Kruispunt, 3 takken",50,"Niet brandend","Daglicht","Droog",\N,\N,"van Limburg Stirumstraat","Nijverdal","Hellendoorn","Overijssel",false,52.36918,6.45267,"material damage only","4","clear",false,1,"GM0163"
"20240135858",2024,"Letsel",2,"Fiets","Overig vast object","Vast voorwerp","Rechte weg",50,"Niet brandend","Schemer","Regen",\N,"165257107","Eikenlaan","Spijkenisse","Nissewaard","Zuid-Holland",false,51.842092,4.336563,"injury","2","rain",false,1,"GM1930"
"20240136508",2024,"Uitsluitend materiele schade",2,"Personenauto","Fiets","Frontaal","Kruispunt, 4 takken",50,"Niet brandend","Daglicht","Droog",\N,\N,"Koenraadlaan","Eindhoven","Eindhoven","Noord-Brabant",false,51.44794,5.444515,"material damage only","4","clear",false,1,"GM0772"
"20240136540",2024,"Letsel",2,"Personenauto","Fiets","Flank","Kruispunt, 4 takken",70,"Brandend","Duisternis","Droog",\N,\N,"Kempenbaan","Veldhoven","Veldhoven","Noord-Brabant",false,51.408278,5.417748,"injury","2","clear",false,1,"GM0861"
"20240143265",2024,"Uitsluitend materiele schade",2,"Fiets","Overig vast object","Vast voorwerp","Rechte weg",30,"Niet aanwezig","Daglicht","Droog",\N,"216294209","Nieuwehaven","Gouda","Gouda","Zuid-Holland",false,52.013028,4.707006,"material damage only","4","clear",false,1,"GM0513"
"20240150319",2024,"Uitsluitend materiele schade",2,"Personenauto","Fiets","Flank","Kruispunt, 3 takken",50,"Niet brandend","Daglicht","Droog",\N,\N,"Gedempte Where","Purmerend","Purmerend","Noord-Holland",false,52.509766,4.949378,"material damage only","4","clear",false,1,"GM0439"
"20240141503",2024,"Letsel",2,"Personenauto","Fiets","Flank","Kruispunt, 4 takken",30,"Niet brandend","Daglicht","Droog",\N,\N,"Plantage","Beverwijk","Beverwijk","Noord-Holland",false,52.491749,4.64565,"injury","2","clear",false,1,"GM0375"
"20240150643",2024,"Uitsluitend materiele schade",2,"Fiets","Bromfiets","Flank","Kruispunt, 3 takken",50,"Brandend","Schemer","Regen",\N,\N,"Tuinstraat","Veenendaal","Veenendaal","Utrecht",false,52.023474,5.554486,"material damage only","4","rain",false,1,"GM0345"
"20240150732",2024,"Uitsluitend materiele schade",2,"Fiets","Fiets","Frontaal","Kruispunt, 4 takken",30,"Niet brandend","Daglicht","Droog",\N,\N,"De Molen","Houten","Houten","Utrecht",false,52.029179,5.176689,"material damage only","4","clear",false,1,"GM0321"
"20240136008",2024,"Letsel",2,"Personenauto","Fiets","Flank","Kruispunt, 4 takken",50,"Niet brandend","Daglicht","Droog",\N,\N,"De Dijkgraaf","Spijkenisse","Nissewaard","Zuid-Holland",false,51.836213,4.344967,"injury","2","clear",false,1,"GM1930"
"20240150938",2024,"Letsel",2,"Personenauto","Fiets","Flank","Kruispunt, 3 takken",50,"Brandend","Duisternis","Droog",\N,\N,"Haagbeukweg","Almere","Almere","Flevoland",false,52.376774,5.242746,"injury","2","clear",false,1,"GM0034"
"20240137317",2024,"Uitsluitend materiele schade",1,"Fiets",\N,"Onbekend","Rechte weg",30,"Niet brandend","Duisternis","Droog",\N,"600795538","Waterweg","Eindhoven","Eindhoven","Noord-Brabant",false,51.437105,5.398627,"material damage only","4","clear",false,1,"GM0772"
"20240141203",2024,"Uitsluitend materiele schade",2,"Fiets","Fiets","Flank","Kruispunt, 4 takken",50,"Brandend","Daglicht","Regen",\N,"600831308","Floraweg","Nijmegen","Nijmegen","Gelderland",false,51.835972,5.839089,"material damage only","4","rain",false,1,"GM0268"
"20240141565",2024,"Uitsluitend materiele schade",1,"Fiets",\N,"Onbekend",\N,15,\N,"Duisternis",\N,\N,"251365020","Polderland","Diemen","Diemen","Noord-Holland",false,52.332053,4.955298,"material damage only","4","unknown",false,1,"GM0384"
"20240141975",2024,"Letsel",1,"Fiets",\N,"Onbekend","Rechte weg",30,"Niet brandend","Daglicht","Droog",\N,"205371061","Binnenweg","Heemstede","Heemstede","Noord-Holland",false,52.355501,4.621085,"injury","2","clear",false,1,"GM0397"
"20240142917",2024,"Letsel",2,"Fiets","Personenauto","Flank","Rechte weg",50,"Niet brandend","Daglicht","Droog",\N,"329296043","De Monding","Veenendaal","Veenendaal","Utrecht",false,52.022271,5.530895,"injury","2","clear",false,1,"GM0345"
"20240151374",2024,"Uitsluitend materiele schade",2,"Personenauto","Fiets","Onbekend","Rechte weg",30,"Brandend","Duisternis","Droog",\N,"388334001","Arnhemseweg","Apeldoorn","Apeldoorn","Gelderland",false,52.189992,5.962387,"material damage only","4","clear",false,1,"GM0200"
"20240135461",2024,"Uitsluitend materiele schade",2,"Fiets","Fiets","Flank","Rechte weg",30,"Niet aanwezig","Daglicht","Droog",\N,"179272107","Schippersstraat","Rotterdam","Rotterdam","Zuid-Holland",false,51.909961,4.43972,"material damage only","4","clear",false,1,"GM0599"
"20240141603",2024,"Letsel",2,"Bromfiets","Fiets","Flank","Kruispunt, 4 takken",30,"Brandend","Schemer","Droog",\N,\N,"FIETSPAD","Zaandam","Zaanstad","Noord-Holland",false,52.431772,4.822496,"injury","2","clear",false,1,"GM0479"
"20240137404",2024,"Uitsluitend materiele schade",3,"Fiets",\N,"Flank","Rotonde",50,"Niet brandend","Daglicht","Droog",\N,\N,"Gaiaboulevard","Kerkrade","Kerkrade","Limburg",false,50.866528,6.045356,"material damage only","4","clear",false,1,"GM0928"
"20240142477",2024,"Uitsluitend materiele schade",2,"Bromfiets","Fiets","Frontaal","Bocht",50,"Niet brandend","Daglicht","Droog",\N,"600945037","Kruisweg","Cruquius","Haarlemmermeer","Noord-Holland",false,52.333448,4.641401,"material damage only","4","clear",false,1,"GM0394"
"20240142968",2024,"Letsel",2,"Vrachtauto","Fiets","Flank","Bocht",60,"Brandend","Schemer","Droog",\N,"253311002","Harmelerwaard","Harmelen","Woerden","Utrecht",false,52.088579,4.981616,"injury","2","clear",false,1,"GM0632"
"20240148003",2024,"Uitsluitend materiele schade",2,"Personenauto","Fiets","Flank","Kruispunt, 4 takken",50,"Niet brandend","Daglicht","Droog",\N,\N,"Nicolaas Fierlantsstraat","Rosmalen","'s-Hertogenbosch","Noord-Brabant",false,51.700935,5.345957,"material damage only","4","clear",false,1,"GM0796"
"20240144094",2024,"Letsel",2,"Fiets","Fiets","Flank","Rechte weg",30,"Niet brandend","Daglicht","Droog",\N,"600719432","Sir Winston Churchillln","Rijswijk","Rijswijk","Zuid-Holland",false,52.051521,4.341407,"injury","2","clear",false,1,\N
"20240148229",2024,"Uitsluitend materiele schade",2,"Fiets","Fiets","Flank","Rechte weg",50,"Niet brandend","Daglicht","Droog",\N,"268191018","Bisschop Zwijsenstraat","Tilburg","Tilburg","Noord-Brabant",false,51.550352,5.087685,"material damage only","4","clear",false,1,"GM0855"
"20240145584",2024,"Letsel",1,"Fiets",\N,"Onbekend","Kruispunt, 4 takken",30,"Brandend","Duisternis","Regen",\N,\N,"Paul Krugerstraat","Rotterdam","Rotterdam","Zuid-Holland",false,51.902215,4.50279,"injury","2","rain",false,1,"GM0599"
"20240135579",2024,"Uitsluitend materiele schade",2,"Fiets","Personenauto","Flank","Kruispunt, 4 takken",50,"Niet brandend","Daglicht","Droog",\N,\N,"Regentesselaan","Vlaardingen","Vlaardingen","Zuid-Holland",false,51.928651,4.339872,"material damage only","4","clear",false,1,"GM0622"
"20240135596",2024,"Letsel",2,"Personenauto","e-bike","Flank","Rotonde",50,"Niet brandend","Daglicht","Droog",\N,\N,"Mozartlaan","Maassluis","Maassluis","Zuid-Holland",false,51.926723,4.246045,"injury","2","clear",false,1,"GM0556"
"20240138155",2024,"Uitsluitend materiele schade",2,"Personenauto","Fiets","Flank","Rotonde",50,"Niet brandend","Daglicht","Droog",\N,\N,"Stadswal","Huissen","Lingewaard","Gelderland",false,51.929282,5.936819,"material damage only","4","clear",false,1,"GM1705"
"20240143091",2024,"Letsel",2,"Personenauto","Fiets","Onbekend","Rotonde",50,"Niet brandend","Daglicht","Droog",\N,\N,"Van Beethovenlaan","Voorschoten","Voorschoten","Zuid-Holland",false,52.134017,4.454173,"injury","2","clear",false,1,"GM0626"
"20240144155",2024,"Letsel",2,"Fiets","Personenauto","Onbekend","Kruispunt, 4 takken",50,"Niet brandend","Daglicht","Regen",\N,\N,"Dreeslaan","Naaldwijk","Westland","Zuid-Holland",false,51.999647,4.216274,"injury","2","rain",false,1,"GM1783"
"20240146923",2024,"Uitsluitend materiele schade",2,"Personenauto","Fiets","Onbekend","Kruispunt, 4 takken",50,"Niet aanwezig","Daglicht","Regen",\N,\N,"Hervensebaan","'s-Hertogenbosch","'s-Hertogenbosch","Noord-Brabant",false,51.702324,5.319753,"material damage only","4","rain",false,1,"GM0796"
"20240136292",2024,"Uitsluitend materiele schade",2,"Fiets","Personenauto","Onbekend","Kruispunt, 4 takken",50,"Niet brandend","Daglicht","Droog",\N,\N,"Rijksweg Noord","Sittard","Sittard-Geleen","Limburg",false,51.017923,5.859769,"material damage only","4","clear",false,1,"GM1883"
"20240144225",2024,"Letsel",2,"Fiets","Personenauto","Onbekend","Rechte weg",60,"Niet brandend","Daglicht","Droog",\N,"600741457","Rijksweg","Moordrecht","Zuidplas","Zuid-Holland",false,51.995006,4.643748,"injury","2","clear",false,1,"GM1892"
"20240149709",2024,"Letsel",2,"Bestelauto","Fiets","Frontaal","Kruispunt, 4 takken",50,"Niet brandend","Daglicht","Regen",\N,\N,"Kastelenlaan","Ede","Ede","Gelderland",false,52.038478,5.645064,"injury","2","rain",false,1,"GM0228"
"20240149730",2024,"Uitsluitend materiele schade",2,"Personenauto","Fiets","Flank","Kruispunt, 3 takken",30,"Niet brandend","Daglicht","Regen",\N,\N,"Burg Wallerstraat","Oldenzaal","Oldenzaal","Overijssel",false,52.293301,6.933555,"material damage only","4","rain",false,1,"GM0173"
"20240137646",2024,"Uitsluitend materiele schade",2,"Personenauto","Fiets","Flank","Kruispunt, 4 takken",50,"Niet brandend","Daglicht","Regen",\N,\N,"Stromenweg","Middelburg","Middelburg","Zeeland",false,51.48167,3.597408,"material damage only","4","rain",false,1,\N
"20240012399",2024,"Letsel",1,"Fiets",\N,"Onbekend",\N,50,\N,"Daglicht",\N,\N,"164292054","Leeuwenberg","Den Hoorn","Midden-Delfland","Zuid-Holland",false,52.001064,4.330414,"injury","2","unknown",false,1,"GM1842"
"20240154202",2024,"Uitsluitend materiele schade",2,"Personenauto","Fiets","Onbekend","Kruispunt, 4 takken",50,"Niet brandend","Daglicht","Regen",\N,\N,"Boezemsingel","Rotterdam","Rotterdam","Zuid-Holland",false,51.928695,4.496482,"material damage only","4","rain",false,1,"GM0599"
"20230111629",2023,"Letsel",2,"Bromfiets","Fiets","Frontaal","Kruispunt, 4 takken",30,"Brandend","Duisternis","Regen",\N,\N,"Potgieterstraat","Amsterdam","Amsterdam","Noord-Holland",false,52.36921,4.87209,"injury","2","rain",false,1,"GM0363"
"20240000690",2024,"Letsel",2,"Bestelauto","Fiets","Flank","Kruispunt, 4 takken",30,"Niet brandend","Daglicht","Droog",\N,\N,"Eendvogelstraat","Heinkenszand","Borsele","Zeeland",false,51.469966,3.813856,"injury","2","clear",false,1,"GM0654"
"20240001642",2024,"Uitsluitend materiele schade",2,"Personenauto","Fiets","Onbekend",\N,30,\N,"Daglicht",\N,\N,"64182111","Stationsstraat","Middelburg","Middelburg","Zeeland",false,51.496593,3.616945,"material damage only","4","unknown",false,1,\N
"20240008531",2024,"Letsel",2,"Fiets","Bromfiets","Flank","Rechte weg",30,"Brandend","Duisternis","Droog",\N,\N,"Darius Milhaudstraat","Leiden","Leiden","Zuid-Holland",false,52.150055,4.469635,"injury","2","clear",false,1,"GM0546"
"20240010386",2024,"Letsel",1,"Fiets",\N,"Onbekend","Rechte weg",60,"Niet aanwezig","Daglicht","Droog",\N,"401532001","Himsterfinnen","Kortehemmen","Smallingerland","Friesland",false,53.081328,6.075212,"injury","2","clear",false,1,"GM0090"
"20240153639",2024,"Uitsluitend materiele schade",2,\N,"Fiets","Flank","Rechte weg",\N,"Niet brandend","Daglicht","Droog",\N,"139286008","Haakweg","Hoek van Holland","Rotterdam","Zuid-Holland",false,51.971212,4.151839,"material damage only","4","clear",false,1,"GM0599"
"20240002410",2024,"Uitsluitend materiele schade",2,"Personenauto","Fiets","Onbekend","Kruispunt, 4 takken",30,"Niet aanwezig","Daglicht","Droog",\N,\N,"Nachtegaallaan","Helmond","Helmond","Noord-Brabant",false,51.4926,5.665569,"material damage only","4","clear",false,1,"GM0794"
"20240008327",2024,"Letsel",2,"Fiets","Trein/tram","Onbekend","Rechte weg",30,"Brandend","Duisternis","Droog",\N,"243371044","Frederiksplein","Amsterdam","Amsterdam","Noord-Holland",false,52.360121,4.898284,"injury","2","clear",false,1,"GM0363"
"20240010015",2024,"Uitsluitend materiele schade",2,"Personenauto","Fiets","Onbekend","Rechte weg",50,"Brandend","Daglicht","Droog",\N,"286277004","Rolweg","Culemborg","Culemborg","Gelderland",false,51.939156,5.221025,"material damage only","4","clear",false,1,"GM0216"
"20240021153",2024,"Uitsluitend materiele schade",2,"Personenauto","Fiets","Flank","Rechte weg",30,"Niet brandend","Daglicht","Droog",\N,"242373160","Rokin","Amsterdam","Amsterdam","Noord-Holland",false,52.369336,4.892085,"material damage only","4","clear",false,1,"GM0363"
"20240155157",2024,"Uitsluitend materiele schade",2,"Personenauto","Fiets","Frontaal","Rechte weg",50,"Niet brandend","Daglicht","Regen",\N,"217329030","Westkanaalweg","Ter Aar","Nieuwkoop","Zuid-Holland",false,52.172727,4.714296,"material damage only","4","rain",false,1,"GM0569"
"20230110557",2023,"Letsel",2,"Personenauto","e-bike","Onbekend","Kruispunt, 3 takken",50,"Niet brandend","Daglicht","Droog",\N,\N,"Dravietdijk","Roosendaal","Roosendaal","Noord-Brabant",false,51.525716,4.490217,"injury","2","clear",false,1,"GM1674"
"20240008638",2024,"Uitsluitend materiele schade",2,"Fiets","Fiets","Onbekend","Rechte weg",30,"Niet brandend","Daglicht","Droog",\N,"468560037","Hereweg","Groningen","Groningen","Groningen",false,53.203858,6.575062,"material damage only","4","clear",false,1,"GM0014"
"20240011347",2024,"Letsel",2,"e-bike","Fiets","Voetganger","Rechte weg",50,"Brandend","Duisternis","Droog",\N,"601012027","Amsterdamsestraatweg","Utrecht","Utrecht","Utrecht",false,52.097224,5.105858,"injury","2","clear",false,1,"GM0344"
"20240022571",2024,"Letsel",2,"Fiets","Bromfiets","Onbekend","Bocht",50,"Brandend","Duisternis","Regen",\N,"600651849","Burg Schneiderlaan","Roosendaal","Roosendaal","Noord-Brabant",false,51.522438,4.475038,"injury","2","rain",false,1,"GM1674"
"20230108238",2023,"Letsel",2,"Bromfiets","Fiets","Onbekend","Kruispunt, 3 takken",50,"Brandend","Duisternis","Regen",\N,\N,"Spaarnhovenstraat","Haarlem","Haarlem","Noord-Holland",false,52.404178,4.648016,"injury","2","rain",false,1,"GM0392"
"20230108245",2023,"Letsel",2,"Personenauto","Fiets","Frontaal","Rechte weg",60,"Brandend","Duisternis","Regen",\N,"230484001","Middenweg","Anna Paulowna","Hollands Kroon","Noord-Holland",false,52.868669,4.799433,"injury","2","rain",false,1,"GM1911"
"20230108806",2023,"Letsel",2,"Personenauto","Fiets","Geparkeerd voertuig","Rechte weg",30,"Brandend","Duisternis","Droog",\N,"295332015","Nachtegaalweg","Soest","Soest","Utrecht",false,52.182443,5.279876,"injury","2","clear",false,1,"GM0342"
"20240155874",2024,"Uitsluitend materiele schade",2,"Personenauto","Fiets","Flank","Kruispunt, 4 takken",50,"Niet brandend","Daglicht","Droog",\N,\N,"Hasseltsebaan","Sittard","Sittard-Geleen","Limburg",false,50.996719,5.838611,"material damage only","4","clear",false,1,"GM1883"
"20240002474",2024,"Letsel",1,"Fiets",\N,"Onbekend",\N,30,\N,"Daglicht",\N,\N,"321147030","van Rotselaerstraat","Valkenswaard","Valkenswaard","Noord-Brabant",false,51.353336,5.470742,"injury","2","unknown",false,1,"GM0858"
"20240011944",2024,"Uitsluitend materiele schade",2,"Personenauto","Fiets","Onbekend","Kruispunt, 4 takken",30,"Niet brandend","Daglicht","Regen",\N,\N,"Jan van der Heijdenstr","Hilversum","Hilversum","Noord-Holland",false,52.227742,5.192997,"material damage only","4","rain",false,1,"GM0402"
"20240002126",2024,"Uitsluitend materiele schade",2,"Personenauto","Fiets","Flank","Bocht",50,"Brandend","Schemer","Droog",\N,\N,"Glorieuxlaan","Vught","Vught","Noord-Brabant",false,51.650767,5.298352,"material damage only","4","clear",false,1,"GM0865"
"20230110084",2023,"Uitsluitend materiele schade",2,"Bromfiets","Fiets","Flank","Kruispunt, 4 takken",30,"Niet brandend","Daglicht","Droog",\N,\N,"Professor Gimbrèrelaan","Tilburg","Tilburg","Noord-Brabant",false,51.558574,5.064182,"material damage only","4","clear",false,1,"GM0855"
"20240157294",2024,"Uitsluitend materiele schade",2,"Snorfiets","Fiets","Onbekend","Kruispunt, 4 takken",\N,"Niet brandend","Daglicht","Droog",\N,\N,"Jan Schöfferlaan","'s-Hertogenbosch","'s-Hertogenbosch","Noord-Brabant",false,51.693987,5.310344,"material damage only","4","clear",false,1,"GM0796"
"20240003868",2024,"Uitsluitend materiele schade",1,"Fiets",\N,"Onbekend","Kruispunt, 4 takken",30,"Niet aanwezig","Daglicht","Droog",\N,\N,"Pastoor Zegersstraat","Nijmegen","Nijmegen","Gelderland",false,51.840045,5.844305,"material damage only","4","clear",false,1,"GM0268"
"20240008462",2024,"Uitsluitend materiele schade",2,"Fiets","Fiets","Frontaal","Rechte weg",30,"Niet brandend","Schemer","Droog",\N,"252357051","Ruiseveenpad","Amsterdam","Amsterdam","Noord-Holland",false,52.295596,4.969296,"material damage only","4","clear",false,1,"GM0363"
"20240012045",2024,"Letsel",1,"Fiets",\N,"Onbekend","Kruispunt, 3 takken",30,"Niet brandend","Daglicht","Droog","Brug/viaduct",\N,"REMBRANDTBRUG","Leiden","Leiden","Zuid-Holland",false,52.160843,4.482188,"injury","2","clear",false,1,"GM0546"
"20240154452",2024,"Letsel",2,"Fiets","Overig vast object","Vast voorwerp","Rechte weg",50,\N,"Duisternis","Regen","Tunnel","174304082","Prinses Arianelaan","'s-Gravenhage","'s-Gravenhage","Zuid-Holland",false,52.053298,4.396411,"injury","2","rain",false,1,"GM0518"
"20230107721",2023,"Uitsluitend materiele schade",2,"Bestelauto","Fiets","Onbekend","Kruispunt, 4 takken",50,"Niet brandend","Daglicht","Droog",\N,\N,"Veerlaan","Rotterdam","Rotterdam","Zuid-Holland",false,51.901307,4.490585,"material damage only","4","clear",false,1,"GM0599"
"20240001865",2024,"Uitsluitend materiele schade",2,"Personenauto","Fiets","Flank","Kruispunt, 3 takken",60,"Niet brandend","Daglicht","Regen",\N,\N,"ORANJEKANAAL Z.Z.","Beilen","Midden-Drenthe","Drenthe",false,52.889949,6.532335,"material damage only","4","rain",false,1,"GM1731"
"20240002194",2024,"Uitsluitend materiele schade",3,"Snorfiets","Fiets","Frontaal","Rechte weg",30,"Brandend","Schemer","Droog",\N,"393113062","Lindanusstraat","Roermond","Roermond","Limburg",false,51.196179,5.988151,"material damage only","4","clear",false,1,"GM0957"
"20240003445",2024,"Uitsluitend materiele schade",2,"Personenauto","Fiets","Flank","Rotonde",50,"Brandend","Schemer","Droog",\N,\N,"Hamburgerweg","Ermelo","Ermelo","Gelderland",false,52.293298,5.628592,"material damage only","4","clear",false,1,"GM0233"
"20240018094",2024,"Uitsluitend materiele schade",2,"Personenauto","Fiets","Flank","Kruispunt, 3 takken",50,"Niet brandend","Daglicht","Droog",\N,\N,"Friesestraatweg","Groningen","Groningen","Groningen",false,53.214818,6.549835,"material damage only","4","clear",false,1,"GM0014"
"20240153832",2024,"Uitsluitend materiele schade",2,"Fiets","Personenauto","Onbekend","Bocht",60,"Niet aanwezig","Duisternis","Droog",\N,\N,"Turkeijeweg","Waterlandkerkje","Sluis","Zeeland",false,51.31815,3.582587,"material damage only","4","clear",false,1,"GM1714"
"20230111321",2023,"Uitsluitend materiele schade",3,"Personenauto","Fiets","Flank","Kruispunt, 4 takken",50,"Niet brandend","Daglicht","Droog",\N,\N,"Jan van Galenstraat","Amsterdam","Amsterdam","Noord-Holland",false,52.372584,4.847873,"material damage only","4","clear",false,1,"GM0363"
"20230111913",2023,"Letsel",3,"Personenauto","Fiets","Onbekend","Bocht",30,"Brandend","Duisternis","Regen",\N,"600385234","Oudebrugsteeg","Amsterdam","Amsterdam","Noord-Holland",false,52.375587,4.896937,"injury","2","rain",false,1,"GM0363"
"20230113080",2023,"Uitsluitend materiele schade",2,"Bromfiets","Fiets","Frontaal","Bocht",50,"Brandend","Duisternis","Regen",\N,"600543024","Middel Broekweg","Honselersdijk","Westland","Zuid-Holland",false,52.002301,4.236588,"material damage only","4","rain",false,1,"GM1783"
"20240157379",2024,"Uitsluitend materiele schade",2,"Personenauto","Fiets","Frontaal","Kruispunt, 4 takken",30,"Niet brandend","Daglicht","Droog",\N,\N,"Past Vullinghsplein","Grubbenvorst","Horst aan de Maas","Limburg",false,51.419584,6.147448,"material damage only","4","clear",false,1,"GM1507"
"20240010703",2024,"Uitsluitend materiele schade",2,"Fiets","Bestelauto","Flank","Rechte weg",50,"Niet brandend","Daglicht","Droog",\N,"260325001","Zandpad","Maarssen","Stichtse Vecht","Utrecht",false,52.154548,5.029801,"material damage only","4","clear",false,1,"GM1904"
"20240018509",2024,"Letsel",1,"Fiets",\N,"Onbekend",\N,50,\N,"Daglicht",\N,\N,\N,"Van IJsendijkstraat","Purmerend","Purmerend","Noord-Holland",false,52.514467,4.971069,"injury","2","unknown",false,1,"GM0439"
"20240025153",2024,"Uitsluitend materiele schade",2,"Personenauto","Fiets","Flank","Kruispunt, 4 takken",30,"Niet brandend","Daglicht","Regen",\N,\N,"Moermanstraat","'s-Hertogenbosch","'s-Hertogenbosch","Noord-Brabant",false,51.700246,5.271136,"material damage only","4","rain",false,1,"GM0796"
"20240005836",2024,"Uitsluitend materiele schade",1,"Fiets",\N,"Eenzijdig","Bocht",50,"Niet brandend","Daglicht","Droog",\N,"240311080","Rembrandtlaan","Woerden","Woerden","Utrecht",false,52.089811,4.878654,"material damage only","4","clear",false,1,"GM0632"
"20240006439",2024,"Uitsluitend materiele schade",2,"Snorfiets","Fiets","Frontaal","Rechte weg",30,"Brandend","Duisternis","Droog",\N,"307343069","Westsingel","Bunschoten-Spakenburg","Bunschoten","Utrecht",false,52.234099,5.367899,"material damage only","4","clear",false,1,"GM0313"
"20240151973",2024,"Letsel",2,"Fiets","Dier","Dier","Rechte weg",50,"Niet brandend","Schemer","Droog",\N,"190342061","Kroftwegje","Sassenheim","Teylingen","Zuid-Holland",false,52.22748,4.515151,"injury","2","clear",false,1,"GM1525"
"20230111996",2023,"Letsel",2,"Bromfiets","Fiets","Flank","Kruispunt, 4 takken",30,"Niet brandend","Daglicht","Droog",\N,\N,"Apollolaan","Amsterdam","Amsterdam","Noord-Holland",false,52.350363,4.878777,"injury","2","clear",false,1,"GM0363"
"20240023083",2024,"Uitsluitend materiele schade",2,"Fiets","Personenauto","Onbekend","Rotonde",50,"Niet brandend","Daglicht","Regen",\N,\N,"Nobellaan","Pijnacker","Pijnacker-Nootdorp","Zuid-Holland",false,52.025774,4.422801,"material damage only","4","rain",false,1,"GM1926"
"20240023199",2024,"Letsel",3,"Bromfiets","Fiets","Onbekend","Rechte weg",50,"Brandend","Duisternis","Regen","Tunnel","209249114","Spuiweg","Dordrecht","Dordrecht","Zuid-Holland",true,51.808658,4.662127,"injury","2","rain",false,1,"GM0505"
"20240153304",2024,"Uitsluitend materiele schade",2,"Personenauto","Fiets","Flank","Kruispunt, 3 takken",30,"Niet brandend","Schemer","Droog",\N,\N,"Kanaalkade","Purmerend","Purmerend","Noord-Holland",false,52.511519,4.944115,"material damage only","4","clear",false,1,"GM0439"
"20240005928",2024,"Uitsluitend materiele schade",2,"Bromfiets","Fiets","Flank","Kruispunt, 4 takken",50,"Brandend","Duisternis","Droog",\N,\N,"Het Masker","Amersfoort","Amersfoort","Utrecht",false,52.187931,5.397603,"material damage only","4","clear",false,1,"GM0307"
"20240016192",2024,"Uitsluitend materiele schade",2,"Personenauto","Fiets","Flank","Kruispunt, 4 takken",50,"Niet brandend","Daglicht","Droog",\N,\N,"Europalaan","Geleen","Sittard-Geleen","Limburg",false,50.950795,5.826589,"material damage only","4","clear",false,1,"GM1883"
"20240016833",2024,"Uitsluitend materiele schade",2,"Personenauto","Fiets","Onbekend","Rechte weg",50,"Niet brandend","Daglicht","Droog",\N,"379288007","Utrechtsestraat","Arnhem","Arnhem","Gelderland",false,51.98434,5.895178,"material damage only","4","clear",false,1,"GM0202"
"20240154664",2024,"Letsel",2,"Fiets","Fiets","Flank","Rotonde",50,"Niet brandend","Daglicht","Harde windstoten/Regen",\N,\N,"Laan 1940-1945","Maassluis","Maassluis","Zuid-Holland",false,51.919535,4.260072,"injury","2","unknown",false,1,"GM0556"
"20230108533",2023,"Uitsluitend materiele schade",2,"Personenauto","Fiets","Onbekend","Kruispunt, 3 takken",50,"Niet brandend","Daglicht","Droog",\N,\N,"Kromme-Rijnlaan","Zeist","Zeist","Utrecht",false,52.091095,5.213055,"material damage only","4","clear",false,1,"GM0355"
"20230112647",2023,"Letsel",1,"Fiets",\N,"Eenzijdig","Rechte weg",50,"Brandend","Duisternis","Droog",\N,"600723963","Rijnstraat","Katwijk","Katwijk","Zuid-Holland",false,52.197742,4.420668,"injury","2","clear",false,1,"GM0537"
"20230113247",2023,"Letsel",2,"e-bike","Overig vast object","Vast voorwerp","Rotonde",80,"Brandend","Duisternis","Droog",\N,\N,"Hoofdstraat","Sassenheim","Teylingen","Zuid-Holland",false,52.230648,4.528405,"injury","2","clear",false,1,"GM1525"
"20240005285",2024,"Letsel",1,"Fiets",\N,"Kop/staart","Rechte weg",50,"Brandend","Duisternis","Droog",\N,"511463010","Brinkenweg","Emmen","Emmen","Drenthe",false,52.763446,6.877937,"injury","2","clear",false,1,"GM0114"