"accident_id","year","severity_raw","party_count","party1_type","party2_type","accident_type","road_situation","speed_limit_kmh","road_lighting","light_condition_label","weather_raw","infra_type","road_segment_id","street_name","place_name","gemeente_name_raw","province","alcohol_indicated","latitude","longitude","severity_label","severity_code","weather_label","built_up_area","cyclists_involved","gemeente_code"
"20240154688",2024,"Letsel",2,"Personenauto","Fiets","Flank","Kruispunt, 4 takken",30,"Niet brandend","Daglicht","Regen",\N,\N,"Nieuwe Binnenweg","Rotterdam","Rotterdam","Zuid-Holland",false,51.913134,4.459819,"injury","2","rain",false,1,"GM0599"
"20240013093",2024,"Uitsluitend materiele schade",2,"Bestelauto","Fiets","Flank","Kruispunt, 4 takken",30,"Niet brandend","Daglicht","Droog",\N,\N,"Mr. Treublaan","Amsterdam","Amsterdam","Noord-Holland",false,52.347512,4.913762,"material damage only","4","clear",false,1,"GM0363"
"20240014967",2024,"Uitsluitend materiele schade",2,"Personenauto","Fiets","Flank","Rechte weg",30,"Niet brandend","Daglicht","Droog",\N,"210247134","H.F. Tollensstraat","Dordrecht","Dordrecht","Zuid-Holland",false,51.801472,4.663055,"material damage only","4","clear",false,1,"GM0505"
"20240015513",2024,"Letsel",2,"Personenauto","Fiets","Flank","Rotonde",50,"Niet brandend","Daglicht","Regen",\N,\N,"Dr. Jan Schoutenlaan","Maassluis","Maassluis","Zuid-Holland",false,51.939079,4.232727,"injury","2","rain",false,1,"GM0556"
"20240018323",2024,"Letsel",2,"Personenauto","Fiets","Flank","Kruispunt, 4 takken",30,"Niet brandend","Daglicht","Droog",\N,\N,"Pieterslaan","Wolvega","Weststellingwerf","Friesland",false,52.876732,5.994855,"injury","2","clear",false,1,"GM0098"
"20240018869",2024,"Uitsluitend materiele schade",2,"Personenauto","Fiets","Onbekend","Kruispunt, 3 takken",30,"Niet brandend","Daglicht","Droog",\N,\N,"Parklaan","Montfoort","Montfoort","Utrecht",false,52.041823,4.950562,"material damage only","4","clear",false,1,"GM0335"
"20240006024",2024,"Uitsluitend materiele schade",2,"Bestelauto","Fiets","Onbekend","Rechte weg",50,"Brandend","Duisternis","Droog",\N,"600784295","Utrechtseweg","Zeist","Zeist","Utrecht",false,52.087755,5.230048,"material damage only","4","clear",false,1,"GM0355"
"20240018911",2024,"Letsel",2,"Fiets","Personenauto","Flank","Kruispunt, 3 takken",30,"Niet brandend","Daglicht","Droog",\N,\N,"Serooskerkestraat","Krommenie","Zaanstad","Noord-Holland",false,52.504961,4.768649,"injury","2","clear",false,1,"GM0479"
"20240021265",2024,"Uitsluitend materiele schade",2,"Fiets","Fiets","Frontaal","Rotonde",30,"Niet brandend","Daglicht","Droog",\N,\N,"Middenweg","Heerhugowaard","Dijk en Waard","Noord-Holland",false,52.661637,4.830195,"material damage only","4","clear",false,1,"GM1980"
"20240022348",2024,"Uitsluitend materiele schade",2,"Personenauto","Fiets","Onbekend","Kruispunt, 3 takken",50,"Niet brandend","Daglicht","Droog",\N,\N,"Koningsvaren","Rotterdam","Rotterdam","Zuid-Holland",false,51.961969,4.529782,"material damage only","4","clear",false,1,"GM0599"
"20230108042",2023,"Uitsluitend materiele schade",2,"Personenauto","Fiets","Flank","Kruispunt, 3 takken",80,"Brandend","Schemer","Droog",\N,\N,"Driehuizen","Wervershoof","Medemblik","Noord-Holland",false,52.723893,5.176762,"material damage only","4","clear",false,1,"GM0420"
"20240021726",2024,"Letsel",2,"Fiets","Bestelauto","Onbekend",\N,\N,\N,"Duisternis",\N,\N,"233382001","Westhavenweg","Amsterdam","Amsterdam","Noord-Holland",false,52.408967,4.828544,"injury","2","unknown",false,1,"GM0363"
"20240022527",2024,"Letsel",2,"Personenauto","Fiets","Flank","Kruispunt, 4 takken",50,"Niet brandend","Daglicht","Droog",\N,\N,"Groeninx van Zoelenlaan","Rotterdam","Rotterdam","Zuid-Holland",false,51.885653,4.549208,"injury","2","clear",false,1,"GM0599"
"20240022529",2024,"Letsel",2,"Personenauto","Fiets","Flank","Kruispunt, 3 takken",50,"Niet brandend","Daglicht","Droog",\N,\N,"Van den Elsenstraat","Diessen","Hilvarenbeek","Noord-Brabant",false,51.478021,5.169931,"injury","2","clear",false,1,"GM0798"
"20240024121",2024,"Uitsluitend materiele schade",2,"Personenauto","Fiets","Flank","Rotonde",30,"Niet brandend","Daglicht","Droog",\N,\N,"Lariksstraat","Echt","Echt-Susteren","Limburg",false,51.106685,5.875796,"material damage only","4","clear",false,1,"GM1711"
"20230108657",2023,"Uitsluitend materiele schade",2,"Personenauto","Fiets","Frontaal","Kruispunt, 4 takken",30,"Brandend","Duisternis","Regen",\N,\N,"Goeman Borgesiuslaan","Baarn","Baarn","Utrecht",false,52.219246,5.285798,"material damage only","4","rain",false,1,"GM0308"
"20240155841",2024,"Uitsluitend materiele schade",2,"Personenauto","Fiets","Flank","Rotonde",30,"Brandend","Schemer","Droog",\N,"600753674","Keermanslaan","Breda","Breda","Noord-Brabant",false,51.567323,4.793649,"material damage only","4","clear",false,1,"GM0758"
"20240029093",2024,"Letsel",1,"Fiets",\N,"Onbekend","Rechte weg",50,"Niet brandend","Daglicht","Droog",\N,"342357076","Hamburgerweg","Ermelo","Ermelo","Gelderland",false,52.294305,5.623891,"injury","2","clear",false,1,"GM0233"
"20230066976",2023,"Letsel",1,"Fiets",\N,"Eenzijdig","Rechte weg",30,"Niet brandend","Daglicht","Droog",\N,"207407005","SCHAPENWEG","Heemskerk","Heemskerk","Noord-Holland",false,52.518894,4.63296,"injury","2","clear",false,1,"GM0396"
"20230067276",2023,"Letsel",2,"Personenauto","Fiets","Frontaal","Kruispunt, 3 takken",50,"Niet brandend","Daglicht","Droog",\N,\N,"Ramplaan","Haarlem","Bloemendaal","Noord-Holland",false,52.385466,4.604689,"injury","2","clear",false,1,"GM0377"
"20230013357",2023,"Uitsluitend materiele schade",2,"Bestelauto","Fiets","Flank","Kruispunt, 4 takken",60,"Niet brandend","Daglicht","Regen",\N,\N,"Pinnedijk","Gaanderen","Doetinchem","Gelderland",false,51.952431,6.393949,"material damage only","4","rain",false,1,"GM0222"
"20230015122",2023,"Letsel",3,"Fiets","Fiets","Frontaal","Rechte weg",60,"Niet aanwezig","Daglicht","Droog",\N,"424452002","Haakswold","Ruinerwold","De Wolden","Drenthe",false,52.719812,6.24046,"injury","2","clear",false,1,"GM1690"
"20230017945",2023,"Uitsluitend materiele schade",2,"Fiets","Personenauto","Flank","Kruispunt, 4 takken",50,"Niet brandend","Daglicht","Droog",\N,\N,"Voorweg","Callantsoog","Schagen","Noord-Holland",false,52.859679,4.720667,"material damage only","4","clear",false,1,"GM0441"
"20230020292",2023,"Letsel",2,"Fiets","Trein/tram","Flank","Kruispunt, 4 takken",50,"Niet brandend","Daglicht","Regen",\N,\N,"Sarphatistraat","Amsterdam","Amsterdam","Noord-Holland",false,52.361881,4.911421,"injury","2","rain",false,1,"GM0363"
"20230022538",2023,"Letsel",2,"Personenauto","Fiets","Geparkeerd voertuig","Rechte weg",30,"Niet brandend","Daglicht","Droog","Parkeervoorziening","181344050","Heilige Geestweg","Noordwijk","Noordwijk","Zuid-Holland",false,52.234896,4.450415,"injury","2","clear",false,1,"GM0575"
"20230027747",2023,"Letsel",2,"Personenauto","Fiets","Onbekend","Kruispunt, 4 takken",50,"Niet brandend","Daglicht","Droog",\N,\N,"Nieuwe Vlissingseweg","Vlissingen","Vlissingen","Zeeland",false,51.449784,3.585331,"injury","2","clear",false,1,"GM0718"
"20230030630",2023,"Letsel",2,"Personenauto","Fiets","Flank","Kruispunt, 3 takken",50,"Niet brandend","Daglicht","Droog",\N,\N,"Tongelresestraat","Eindhoven","Eindhoven","Noord-Brabant",false,51.447998,5.517859,"injury","2","clear",false,1,"GM0772"
"20240029208",2024,"Uitsluitend materiele schade",2,"Personenauto","Fiets","Onbekend","Kruispunt, 4 takken",30,"Niet brandend","Daglicht","Droog",\N,\N,"Kerkallee","Velp","Rheden","Gelderland",false,51.993006,5.974423,"material damage only","4","clear",false,1,"GM0275"
"20230035164",2023,"Letsel",2,"Personenauto","Fiets","Flank","Kruispunt, 4 takken",50,"Niet brandend","Daglicht","Regen",\N,\N,"Groningerstraatweg","Leeuwarden","Leeuwarden","Friesland",false,53.20895,5.806448,"injury","2","rain",false,1,"GM0080"
"20230035167",2023,"Uitsluitend materiele schade",2,"Personenauto","Fiets","Geparkeerd voertuig","Rechte weg",30,"Niet brandend","Daglicht","Droog",\N,"428377001","het Woold","Raalte","Raalte","Overijssel",false,52.384544,6.260939,"material damage only","4","clear",false,1,"GM0177"
"20230066826",2023,"Uitsluitend materiele schade",2,"Fiets","Fiets","Kop/staart","Kruispunt, 3 takken",30,"Niet aanwezig","Daglicht","Droog",\N,\N,"Koningslaan","Bunnik","Bunnik","Utrecht",false,52.063556,5.170817,"material damage only","4","clear",false,1,"GM0312"
"20230067824",2023,"Uitsluitend materiele schade",2,"Personenauto","e-bike","Onbekend","Kruispunt, 4 takken",50,"Niet brandend","Daglicht","Droog",\N,\N,"Julianaweg","Utrecht","Utrecht","Utrecht",false,52.066235,5.118883,"material damage only","4","clear",false,1,"GM0344"
"20230016861",2023,"Uitsluitend materiele schade",2,"Personenauto","Fiets","Onbekend",\N,50,"Brandend","Duisternis","Droog",\N,"225502017","Brakkeveldweg","Den Helder","Den Helder","Noord-Holland",false,52.948428,4.757691,"material damage only","4","clear",false,1,"GM0400"
"20230019161",2023,"Letsel",1,"Fiets",\N,"Eenzijdig","Rechte weg",30,"Niet brandend","Daglicht","Droog",\N,"308331040","Hamseweg","Hoogland","Amersfoort","Utrecht",false,52.17988,5.374147,"injury","2","clear",false,1,"GM0307"
"20230031777",2023,"Uitsluitend materiele schade",2,"Personenauto","Fiets","Flank","Kruispunt, 3 takken",30,"Niet brandend","Daglicht","Droog",\N,\N,"St. Antoniusplein","Nederweert","Nederweert","Limburg",false,51.284688,5.751929,"material damage only","4","clear",false,1,"GM0946"
"20230066935",2023,"Letsel",2,"Personenauto","Fiets","Flank","Bocht",60,\N,"Daglicht","Droog",\N,"228487001","Schorweg","Breezand","Hollands Kroon","Noord-Holland",false,52.887799,4.781519,"injury","2","clear",false,1,"GM1911"
"20230022066",2023,"Letsel",1,"Fiets",\N,"Eenzijdig","Rechte weg",30,"Niet brandend","Daglicht","Droog",\N,"600744089","Halve Raak","Boskoop","Alphen aan den Rijn","Zuid-Holland",false,52.091812,4.675787,"injury","2","clear",false,1,"GM0484"
"20230026083",2023,"Letsel",2,"Personenauto","Fiets","Flank","Kruispunt, 4 takken",50,"Niet brandend","Daglicht","Droog",\N,\N,"Noordhoevelaan","Dordrecht","Dordrecht","Zuid-Holland",false,51.800867,4.700244,"injury","2","clear",false,1,"GM0505"
"20230026095",2023,"Letsel",2,"Personenauto","Fiets","Flank","Kruispunt, 4 takken",50,"Brandend","Schemer","Regen",\N,\N,"Bosdreef","Rotterdam","Rotterdam","Zuid-Holland",false,51.94505,4.527372,"injury","2","rain",false,1,"GM0599"
"20230026634",2023,"Uitsluitend materiele schade",2,"Personenauto","e-bike","Flank","Kruispunt, 3 takken",50,"Brandend","Duisternis","Regen",\N,\N,"Ommegangstraat","Roosendaal","Roosendaal","Noord-Brabant",false,51.536021,4.467288,"material damage only","4","rain",false,1,"GM1674"
"20230067063",2023,"Uitsluitend materiele schade",2,"Personenauto","Fiets","Flank","Kruispunt, 4 takken",50,"Niet brandend","Daglicht","Droog",\N,\N,"Velserweg","Amsterdam","Amsterdam","Noord-Holland",false,52.386232,4.845302,"material damage only","4","clear",false,1,"GM0363"
"20230067086",2023,"Uitsluitend materiele schade",2,"Fiets","Personenauto","Flank","Rotonde",50,"Niet aanwezig","Daglicht","Droog",\N,\N,"Griffensteijnselaan","Zeist","Zeist","Utrecht",false,52.085004,5.223799,"material damage only","4","clear",false,1,"GM0355"
"20240030507",2024,"Letsel",1,"Fiets",\N,"Voetganger","Kruispunt, 4 takken",30,"Brandend","Duisternis","Droog",\N,\N,"Surinameplein","Amsterdam","Amsterdam","Noord-Holland",false,52.358952,4.853155,"injury","2","clear",false,1,"GM0363"
"20240031582",2024,"Letsel",2,"Fiets","Fiets","Onbekend",\N,50,\N,"Duisternis",\N,\N,\N,"Achtererf","Breda","Breda","Noord-Brabant",false,51.614936,4.752212,"injury","2","unknown",false,1,"GM0758"
"20230076161",2023,"Uitsluitend materiele schade",2,"Personenauto","Fiets","Onbekend","Kruispunt, 4 takken",50,"Brandend","Schemer","Droog",\N,\N,"Boerhaavelaan","Haarlem","Haarlem","Noord-Holland",false,52.367704,4.654557,"material damage only","4","clear",false,1,"GM0392"
"20230013471",2023,"Uitsluitend materiele schade",2,"Personenauto","Fiets","Flank","Kruispunt, 3 takken",50,"Niet brandend","Daglicht","Droog",\N,\N,"Op de Keizer","Deventer","Deventer","Overijssel",false,52.255322,6.15878,"material damage only","4","clear",false,1,"GM0150"
"20230016345",2023,"Uitsluitend materiele schade",2,"Personenauto","Fiets","Onbekend","Kruispunt, 3 takken",30,"Niet brandend","Daglicht","Droog",\N,\N,"Jan Wolkerssingel","Utrecht","Utrecht","Utrecht",false,52.097195,5.062292,"material damage only","4","clear",false,1,"GM0344"
"20230016925",2023,"Letsel",2,"Vrachtauto","e-bike","Flank","Kruispunt, 4 takken",50,"Niet brandend","Daglicht","Regen",\N,\N,"Juliana van Stolberglaan","Alkmaar","Alkmaar","Noord-Holland",false,52.625036,4.737614,"injury","2","rain",false,1,"GM0361"
"20230025018",2023,"Letsel",2,"Fiets",\N,"Eenzijdig","Rechte weg",50,"Niet aanwezig","Daglicht","Droog",\N,"600452479","Waterspoorpad","Berkel en Rodenrijs","Lansingerland","Zuid-Holland",false,52.018353,4.475736,"injury","2","clear",false,1,"GM1621"
"20240027875",2024,"Uitsluitend materiele schade",2,"Fiets",\N,"Frontaal","Kruispunt, 3 takken",15,"Niet brandend","Daglicht","Droog",\N,\N,"Sara Burgerhartsingel","Amersfoort","Amersfoort","Utrecht",false,52.175112,5.402749,"material damage only","4","clear",false,1,"GM0307"
"20230032993",2023,"Uitsluitend materiele schade",3,"Personenauto","Fiets","Onbekend","Bocht",80,"Niet brandend","Daglicht","Droog",\N,"600949589","Heukelom","Afferden L","Bergen (L)","Limburg",false,51.616641,6.032522,"material damage only","4","clear",false,1,\N
"20230035727",2023,"Uitsluitend materiele schade",2,"Fiets","Bestelauto","Geparkeerd voertuig","Rechte weg",30,"Brandend","Duisternis","Droog",\N,"525455002","Brugstraat","Klazienaveen","Emmen","Drenthe",false,52.727144,6.985646,"material damage only","4","clear",false,1,"GM0114"
"20230076229",2023,"Uitsluitend materiele schade",2,"Bromfiets","Fiets","Frontaal","Bocht",30,"Brandend","Duisternis","Droog",\N,"271309048","Kanaalweg","Utrecht","Utrecht","Utrecht",false,52.078236,5.108528,"material damage only","4","clear",false,1,"GM0344"
"20230017547",2023,"Uitsluitend materiele schade",2,"Bestelauto","e-bike","Onbekend","Kruispunt, 3 takken",50,"Niet aanwezig","Daglicht","Droog",\N,\N,"De Corantijn","Zwaag","Hoorn","Noord-Holland",false,52.669701,5.068594,"material damage only","4","clear",false,1,"GM0405"
"20230026739",2023,"Uitsluitend materiele schade",2,"Personenauto","e-bike","Flank","Kruispunt, 4 takken",30,"Niet brandend","Daglicht","Regen",\N,\N,"Oerlesestraat","Tilburg","Tilburg","Noord-Brabant",false,51.547139,5.077745,"material damage only","4","rain",false,1,"GM0855"
"20230034869",2023,"Uitsluitend materiele schade",2,"Bromfiets","Fiets","Onbekend","Bocht",\N,"Niet brandend","Daglicht","Droog",\N,"600825319","Nieuweweg","Wijchen","Wijchen","Gelderland",false,51.817066,5.765716,"material damage only","4","clear",false,1,"GM0296"
"20240031958",2024,"Letsel",2,"Personenauto","Fiets","Flank","Rotonde",50,"Niet brandend","Daglicht","Droog",\N,\N,"Aveling","Hoogvliet Rotterdam","Rotterdam","Zuid-Holland",false,51.865717,4.351975,"injury","2","clear",false,1,"GM0599"
"20230077214",2023,"Uitsluitend materiele schade",2,"Fiets","Personenauto","Flank","Rechte weg",50,"Niet brandend","Daglicht","Droog",\N,"181272041","Nieuwe Binnenweg","Rotterdam","Rotterdam","Zuid-Holland",false,51.912827,4.458092,"material damage only","4","clear",false,1,"GM0599"
"20230021031",2023,"Letsel",2,"Personenauto","e-bike","Flank","Kruispunt, 4 takken",30,"Niet brandend","Daglicht","Droog",\N,\N,"Huys de Wervelaan","Rijswijk","Rijswijk","Zuid-Holland",false,52.046412,4.32744,"injury","2","clear",false,1,\N
"20240028611",2024,"Uitsluitend materiele schade",2,"Personenauto","Fiets","Flank","Kruispunt, 4 takken",30,"Niet brandend","Daglicht","Droog",\N,\N,"de Génestetlaan","Nijmegen","Nijmegen","Gelderland",false,51.835891,5.849352,"material damage only","4","clear",false,1,"GM0268"
"20240029763",2024,"Uitsluitend materiele schade",2,"Personenauto","Fiets","Flank","Kruispunt, 4 takken",30,"Niet brandend","Daglicht","Droog",\N,\N,"Burg Van de Pollstraat","Amsterdam","Amsterdam","Noord-Holland",false,52.374801,4.832762,"material damage only","4","clear",false,1,"GM0363"
"20230036319",2023,"Letsel",2,"Bestelauto","Fiets","Eenzijdig","Kruispunt, 4 takken",30,"Niet brandend","Daglicht","Droog",\N,\N,"Olympiaplein","Amsterdam","Amsterdam","Noord-Holland",false,52.346612,4.865426,"injury","2","clear",false,1,"GM0363"
"20230036870",2023,"Letsel",2,"Personenauto","e-bike","Flank","Rotonde",50,"Niet brandend","Daglicht","Droog",\N,\N,"Middelweg","Hoorn","Hoorn","Noord-Holland",false,52.643026,5.031115,"injury","2","clear",false,1,"GM0405"
"20230074864",2023,"Letsel",2,"Personenauto","Fiets","Flank","Rotonde",50,"Niet brandend","Daglicht","Droog",\N,\N,"Horsterweg","Zeewolde","Zeewolde","Flevoland",false,52.324495,5.517206,"injury","2","clear",false,1,"GM0050"
"20230013592",2023,"Uitsluitend materiele schade",2,"Personenauto","Fiets","Flank","Kruispunt, 4 takken",30,"Brandend","Duisternis","Droog",\N,\N,"Groen van Prinstererstr","Arnhem","Arnhem","Gelderland",false,51.979087,5.924723,"material damage only","4","clear",false,1,"GM0202"
"20230021060",2023,"Letsel",2,"Personenauto","Fiets","Flank","Rotonde",50,"Brandend","Duisternis","Droog",\N,\N,"Westlandseweg","Delft","Delft","Zuid-Holland",false,52.001854,4.342425,"injury","2","clear",false,1,"GM0503"
"20230022206",2023,"Uitsluitend materiele schade",2,"Fiets","Bestelauto","Flank","Rechte weg",50,"Niet brandend","Daglicht","Droog",\N,"185325017","Rooseveltstraat","Leiden","Leiden","Zuid-Holland",false,52.145606,4.481346,"material damage only","4","clear",false,1,"GM0546"
"20240028761",2024,"Uitsluitend materiele schade",2,"Personenauto","Fiets","Flank","Kruispunt, 3 takken",50,"Niet brandend","Daglicht","Droog",\N,\N,"Ossenweerdstraat","Deventer","Deventer","Overijssel",false,52.257562,6.148443,"material damage only","4","clear",false,1,"GM0150"
"20230075601",2023,"Uitsluitend materiele schade",2,"Bromfiets","Fiets","Flank","Rechte weg",60,"Niet brandend","Daglicht","Regen",\N,"258294005","Boveneind NZ","Benschop","Lopik","Utrecht",false,52.013732,5.020491,"material damage only","4","rain",false,1,"GM0331"
"20230073842",2023,"Uitsluitend materiele schade",2,"Personenauto","Fiets","Frontaal","Kruispunt, 3 takken",30,"Niet brandend","Daglicht","Droog",\N,\N,"De Sanstraat","Groningen","Groningen","Groningen",false,53.205354,6.505445,"material damage only","4","clear",false,1,"GM0014"
"20230073868",2023,"Uitsluitend materiele schade",2,"Personenauto","Fiets","Flank","Kruispunt, 4 takken",50,"Niet brandend","Daglicht","Droog",\N,\N,"Drielandendreef","Harderwijk","Harderwijk","Gelderland",false,52.330675,5.601754,"material damage only","4","clear",false,1,"GM0243"
"20230018204",2023,"Letsel",2,"Fiets","Fiets","Frontaal","Rechte weg",30,"Niet brandend","Daglicht","Droog",\N,"212405081","Maerelaan","Heemskerk","Heemskerk","Noord-Holland",false,52.510804,4.673168,"injury","2","clear",false,1,"GM0396"
"20230024561",2023,"Letsel",2,"Personenauto","Fiets","Flank","Kruispunt, 3 takken",50,"Niet brandend","Daglicht","Droog",\N,\N,"Kamerlingh Onneslaan","Amsterdam","Amsterdam","Noord-Holland",false,52.349251,4.923878,"injury","2","clear",false,1,"GM0363"
"20230033902",2023,"Uitsluitend materiele schade",2,"Personenauto","e-bike","Flank","Rotonde",50,"Niet brandend","Daglicht","Droog",\N,\N,"Proosdijerveldweg","Ede","Ede","Gelderland",false,52.04007,5.655206,"material damage only","4","clear",false,1,"GM0228"
"20230034192",2023,"Letsel",2,"Personenauto","Fiets","Flank","Kruispunt, 3 takken",50,"Niet brandend","Daglicht","Droog",\N,\N,"Westervoortsedijk","Arnhem","Arnhem","Gelderland",false,51.971523,5.948444,"injury","2","clear",false,1,"GM0202"
"20230078920",2023,"Letsel",2,"Fiets","Bromfiets","Frontaal","Bocht",30,"Niet brandend","Daglicht","Droog",\N,"216329007","Aardamseweg","Ter Aar","Nieuwkoop","Zuid-Holland",false,52.169474,4.702539,"injury","2","clear",false,1,"GM0569"
"20230014832",2023,"Letsel",2,"e-bike","Fiets","Flank","Kruispunt, 4 takken",30,"Niet brandend","Daglicht","Droog",\N,\N,"Zevensterstraat","Assen","Assen","Drenthe",false,52.987074,6.574002,"injury","2","clear",false,1,"GM0106"
"20230017093",2023,"Uitsluitend materiele schade",2,"e-bike","Personenauto","Flank","Kruispunt, 4 takken",60,"Brandend","Schemer","Regen",\N,\N,"Marktweg","Zwaagdijk-Oost","Medemblik","Noord-Holland",false,52.704679,5.158159,"material damage only","4","rain",false,1,"GM0420"
"20230021143",2023,"Letsel",1,"Fiets",\N,"Eenzijdig","Rechte weg",50,"Brandend","Duisternis","Droog",\N,"143293109","Rijnvaartweg","'s-Gravenzande","Westland","Zuid-Holland",false,52.003315,4.17158,"injury","2","clear",false,1,"GM1783"
"20240029276",2024,"Letsel",2,"Fiets","Boom","Vast voorwerp","Rechte weg",50,"Niet brandend","Daglicht","Droog",\N,"600649594","Winthontlaan","Utrecht","Utrecht","Utrecht",false,52.058719,5.110705,"injury","2","clear",false,1,"GM0344"
"20230035454",2023,"Uitsluitend materiele schade",2,"Bromfiets","Fiets","Frontaal","Bocht",30,"Niet brandend","Daglicht","Droog",\N,\N,"Carstenstraat","Hoogeveen","Hoogeveen","Drenthe",false,52.719492,6.468375,"material damage only","4","clear",false,1,"GM0118"
"20230068744",2023,"Letsel",1,"Fiets",\N,"Eenzijdig","Rechte weg",60,"Niet brandend","Daglicht","Droog",\N,"600721540","Schieweg","Delft","Delft","Zuid-Holland",false,51.977853,4.381609,"injury","2","clear",false,1,"GM0503"
"20230069473",2023,"Letsel",2,"Personenauto","Fiets","Onbekend","Kruispunt, 4 takken",50,"Niet brandend","Daglicht","Droog",\N,\N,"Hanzeweg","Gouda","Gouda","Zuid-Holland",false,52.025682,4.679874,"injury","2","clear",false,1,"GM0513"
"20240030654",2024,"Uitsluitend materiele schade",2,"Bromfiets","Fiets","Flank","Kruispunt, 4 takken",50,"Niet brandend","Daglicht","Droog",\N,\N,"Kadoelenweg","Amsterdam","Amsterdam","Noord-Holland",false,52.414832,4.907324,"material damage only","4","clear",false,1,"GM0363"
"20230076281",2023,"Uitsluitend materiele schade",2,"Personenauto","Fiets","Flank","Kruispunt, 4 takken",30,"Niet brandend","Daglicht","Droog",\N,\N,"Gaastgracht","Amersfoort","Amersfoort","Utrecht",false,52.196753,5.433945,"material damage only","4","clear",false,1,"GM0307"
"20230017136",2023,"Uitsluitend materiele schade",1,"Fiets",\N,"Onbekend","Rechte weg",50,"Brandend","Duisternis","Regen",\N,\N,"Heilooër Zeeweg","Egmond-Binnen","Bergen (NH)","Noord-Holland",false,52.608495,4.680252,"material damage only","4","rain",false,1,\N
"20230018888",2023,"Letsel",2,"Personenauto","Fiets","Flank","Rechte weg",30,"Niet brandend","Daglicht","Droog",\N,"274311023","Nachtegaalstraat","Utrecht","Utrecht","Utrecht",false,52.091476,5.131957,"injury","2","clear",false,1,"GM0344"
"20230019485",2023,"Uitsluitend materiele schade",2,"Fiets","Personenauto","Flank","Rotonde",50,"Niet brandend","Daglicht","Droog",\N,\N,"Wilhelminalaan","Beuningen Gld","Beuningen","Gelderland",false,51.863281,5.770203,"material damage only","4","clear",false,1,"GM0209"
"20230023429",2023,"Letsel",2,"Fiets","Fiets","Onbekend","Bocht",30,"Brandend","Duisternis","Droog",\N,"206294008","Middelweg","Moordrecht","Zuidplas","Zuid-Holland",false,52.004844,4.640846,"injury","2","clear",false,1,"GM1892"
"20230026335",2023,"Uitsluitend materiele schade",2,"Fiets","Personenauto","Flank","Rechte weg",30,"Brandend","Duisternis","Droog",\N,"190264005","Du Perronstraat","Rotterdam","Rotterdam","Zuid-Holland",false,51.874047,4.520037,"material damage only","4","clear",false,1,"GM0599"
"20230029787",2023,"Letsel",1,"Fiets",\N,"Eenzijdig","Rechte weg",30,"Niet brandend","Daglicht","Droog",\N,"163309237","Amsterdamse Veerkade","'s-Gravenhage","'s-Gravenhage","Zuid-Holland",false,52.074959,4.315849,"injury","2","clear",false,1,"GM0518"
"20240030079",2024,"Letsel",2,"Bus","Fiets","Frontaal","Kruispunt, 4 takken",30,"Niet brandend","Daglicht","Droog","Bus-/Tramhalte",\N,"Zaventemweg","Amsterdam","Amsterdam","Noord-Holland",false,52.386157,4.837865,"injury","2","clear",false,1,"GM0363"
"20230077027",2023,"Letsel",2,"Bromfiets","Fiets","Frontaal","Rechte weg",50,"Niet brandend","Daglicht","Droog",\N,"190326004","Hoge Rijndijk","Leiden","Leiden","Zuid-Holland",false,52.154605,4.515977,"injury","2","clear",false,1,"GM0546"
"20230070945",2023,"Uitsluitend materiele schade",1,"Fiets",\N,"Onbekend","Rechte weg",100,"Niet brandend","Daglicht","Droog",\N,\N,"Rijksweg 58","Tilburg","Tilburg","Noord-Brabant",false,51.53803,5.061939,"material damage only","4","clear",false,1,"GM0855"
"20230071611",2023,"Letsel",1,"Fiets",\N,"Eenzijdig","Bocht",60,"Niet brandend","Daglicht","Droog",\N,"99185007","Deltaweg","Goes","Goes","Zeeland",false,51.510098,3.869828,"injury","2","clear",false,1,"GM0664"
"20230013168",2023,"Uitsluitend materiele schade",2,"Snorfiets","Fiets","Frontaal","Rotonde",50,"Brandend","Duisternis","Droog",\N,\N,"Oldeneelallee","Zwolle","Zwolle","Overijssel",false,52.486673,6.11849,"material damage only","4","clear",false,1,"GM0193"
"20230024677",2023,"Letsel",4,"Fiets","Personenauto","Onbekend","Kruispunt, 4 takken",50,"Brandend","Duisternis","Droog",\N,\N,"Hendrik Jacobszstraat","Amsterdam","Amsterdam","Noord-Holland",true,52.35077,4.860935,"injury","2","clear",false,1,"GM0363"
"20230027510",2023,"Letsel",3,"Personenauto","Fiets","Onbekend","Rechte weg",50,"Niet brandend","Daglicht","Mist",\N,\N,"Ringbaan-West","Tilburg","Tilburg","Noord-Brabant",false,51.560309,5.064433,"injury","2","fog",false,1,"GM0855"
"20230029831",2023,"Letsel",2,"Fiets","Fiets","Onbekend","Rechte weg",50,"Brandend","Duisternis","Droog",\N,"600717846","Aarnout Drostlaan","'s-Gravenhage","'s-Gravenhage","Zuid-Holland",false,52.057266,4.319303,"injury","2","clear",false,1,"GM0518"
"20230035542",2023,"Uitsluitend materiele schade",1,"Fiets",\N,"Los voorwerp","Rechte weg",30,"Niet brandend","Daglicht","Droog",\N,"369535020","Stationsweg","Grou","Leeuwarden","Friesland",false,53.094465,5.835451,"material damage only","4","clear",false,1,"GM0080"