"accident_id","year","severity_raw","party_count","party1_type","party2_type","accident_type","road_situation","speed_limit_kmh","road_lighting","light_condition_label","weather_raw","infra_type","road_segment_id","street_name","place_name","gemeente_name_raw","province","alcohol_indicated","latitude","longitude","severity_label","severity_code","weather_label","built_up_area","cyclists_involved","gemeente_code"
"20230079578",2023,"Letsel",2,"Bromfiets","Fiets","Flank","Kruispunt, 4 takken",30,"Niet brandend","Daglicht","Droog",\N,\N,"Langeviele","Middelburg","Middelburg","Zeeland",false,51.497327,3.607181,"injury","2","clear",false,1,\N
"20230087710",2023,"Uitsluitend materiele schade",2,"Personenauto","Fiets","Flank","Rechte weg",30,"Brandend","Duisternis","Regen",\N,"600363056","Ferdinand Bolstraat","Amsterdam","Amsterdam","Noord-Holland",false,52.35539,4.890197,"material damage only","4","rain",false,1,"GM0363"
"20230100210",2023,"Uitsluitend materiele schade",2,"Fiets","Vrachtauto","Onbekend","Rechte weg",50,"Brandend","Duisternis","Droog",\N,"600801949","Kloosterdreef","Eindhoven","Eindhoven","Noord-Brabant",false,51.452217,5.471692,"material damage only","4","clear",false,1,"GM0772"
"20230105089",2023,"Letsel",2,"Personenauto","Fiets","Flank","Kruispunt, 4 takken",50,"Niet brandend","Duisternis","Droog",\N,\N,"Hanzeplein","Zwolle","Zwolle","Overijssel",false,52.502689,6.084711,"injury","2","clear",false,1,"GM0193"
"20230093653",2023,"Letsel",2,"Personenauto","Fiets","Flank","Kruispunt, 3 takken",30,"Niet brandend","Daglicht","Droog",\N,\N,"Oosteinde","Scherpenzeel","Scherpenzeel","Gelderland",false,52.078188,5.497043,"injury","2","clear",false,1,"GM0279"
"20230095398",2023,"Uitsluitend materiele schade",2,"Bromfiets","Fiets","Flank","Kruispunt, 3 takken",50,"Niet brandend","Daglicht","Droog",\N,\N,"Gijsbrecht van Amstelstr","Hilversum","Hilversum","Noord-Holland",false,52.215308,5.182006,"material damage only","4","clear",false,1,"GM0402"
"20230100488",2023,"Uitsluitend materiele schade",2,"Personenauto","Fiets","Flank","Kruispunt, 4 takken",50,"Brandend","Daglicht","Regen",\N,\N,"Molenweg","Koningsbosch","Echt-Susteren","Limburg",false,51.058673,5.950852,"material damage only","4","rain",false,1,"GM1711"
"20230102297",2023,"Letsel",2,"Personenauto","Fiets","Onbekend","Rechte weg",30,"Brandend","Duisternis","Regen",\N,"149298045","Margrietlaan","Poeldijk","Westland","Zuid-Holland",false,52.025948,4.219739,"injury","2","rain",false,1,"GM1783"
"20230102750",2023,"Uitsluitend materiele schade",2,"Personenauto","Fiets","Geparkeerd voertuig","Rechte weg",50,"Brandend","Duisternis","Regen",\N,"148291176","Stokdijkkade","Naaldwijk","Westland","Zuid-Holland",false,51.995209,4.21202,"material damage only","4","rain",false,1,"GM1783"
"20230080771",2023,"Letsel",2,"Fiets","Personenauto","Onbekend","Kruispunt, 3 takken",30,"Niet brandend","Daglicht","Droog",\N,\N,"Mijnsherenlaan","Rotterdam","Rotterdam","Zuid-Holland",false,51.895587,4.494234,"injury","2","clear",false,1,"GM0599"
"20230097743",2023,"Letsel",2,"Personenauto","Fiets","Flank","Kruispunt, 3 takken",50,"Niet brandend","Daglicht","Droog",\N,\N,"Menno Simonszplein","Haarlem","Haarlem","Noord-Holland",false,52.378606,4.618817,"injury","2","clear",false,1,"GM0392"
"20230086651",2023,"Uitsluitend materiele schade",2,"Personenauto","Fiets","Flank","Kruispunt, 3 takken",50,"Brandend","Duisternis","Droog",\N,\N,"Stadhouderskade","Amsterdam","Amsterdam","Noord-Holland",false,52.357803,4.899292,"material damage only","4","clear",false,1,"GM0363"
"20230087822",2023,"Uitsluitend materiele schade",2,"e-bike","Fiets","Onbekend","Kruispunt, 4 takken",50,"Niet brandend","Daglicht","Droog",\N,\N,"Barkpad","Amsterdam","Amsterdam","Noord-Holland",false,52.402417,4.912021,"material damage only","4","clear",false,1,"GM0363"
"20230087824",2023,"Uitsluitend materiele schade",3,"Bromfiets","e-bike","Frontaal","Kruispunt, 3 takken",30,"Brandend","Schemer","Droog",\N,\N,"Westerdokskade","Amsterdam","Amsterdam","Noord-Holland",false,52.381968,4.890037,"material damage only","4","clear",false,1,"GM0363"
"20230101544",2023,"Letsel",2,"Fiets","Personenauto","Flank","Kruispunt, 4 takken",50,"Brandend","Duisternis","Regen",\N,"161306005","Wouwermanstraat","'s-Gravenhage","'s-Gravenhage","Zuid-Holland",false,52.063646,4.307102,"injury","2","rain",false,1,"GM0518"
"20230102372",2023,"Letsel",2,"Personenauto","Fiets","Flank","Kruispunt, 4 takken",50,"Niet brandend","Daglicht","Droog",\N,\N,"Stuyvesantplein","'s-Gravenhage","'s-Gravenhage","Zuid-Holland",false,52.084284,4.343535,"injury","2","clear",false,1,"GM0518"
"20230083807",2023,"Letsel",2,"Personenauto","Fiets","Flank","Kruispunt, 4 takken",30,"Brandend","Schemer","Regen",\N,\N,"Damsterdiep","Groningen","Groningen","Groningen",false,53.218095,6.577154,"injury","2","rain",false,1,"GM0014"
"20230085558",2023,"Letsel",2,"Bestelauto","Fiets","Eenzijdig","Rotonde",50,"Niet brandend","Daglicht","Mist",\N,\N,"Molenvlietbaan","Woerden","Woerden","Utrecht",false,52.081559,4.868242,"injury","2","fog",false,1,"GM0632"
"20230086128",2023,"Letsel",2,"Bromfiets","Fiets","Flank","Kruispunt, 4 takken",50,"Niet brandend","Daglicht","Droog","Brug/viaduct",\N,"Brugweg","Westervoort","Westervoort","Gelderland",false,51.965794,5.964421,"injury","2","clear",false,1,"GM0293"
"20230086134",2023,"Uitsluitend materiele schade",2,"Fiets","Personenauto","Flank","Kruispunt, 3 takken",80,"Brandend","Schemer","Droog",\N,\N,"Waalseweg","Wijnbergen","Montferland","Gelderland",false,51.937422,6.279082,"material damage only","4","clear",false,1,"GM1955"
"20230090852",2023,"Letsel",2,\N,"Fiets","Eenzijdig","Rechte weg",60,"Niet aanwezig","Daglicht","Droog",\N,"399146001","Lang Hout","Maasbree","Peel en Maas","Limburg",false,51.347563,6.031546,"injury","2","clear",false,1,"GM1894"
"20230101947",2023,"Letsel",2,"e-bike","Voetganger","Voetganger","Rechte weg",15,"Niet brandend","Daglicht","Droog",\N,"171299035","Veenpluis","'s-Gravenhage","'s-Gravenhage","Zuid-Holland",false,52.033169,4.379785,"injury","2","clear",false,1,"GM0518"
"20230093220",2023,"Letsel",2,"Fiets","Bromfiets","Flank","Kruispunt, 3 takken",50,"Niet brandend","Daglicht","Droog",\N,\N,"P C Stamstraat","Nijverdal","Hellendoorn","Overijssel",false,52.355685,6.477552,"injury","2","clear",false,1,"GM0163"
"20230095544",2023,"Uitsluitend materiele schade",3,"Personenauto","Fiets","Onbekend","Kruispunt, 4 takken",50,"Niet brandend","Daglicht","Droog",\N,\N,"Geert van Mesdagweg","Hilversum","Hilversum","Noord-Holland",false,52.232369,5.158668,"material damage only","4","clear",false,1,"GM0402"
"20230085603",2023,"Uitsluitend materiele schade",2,"Fiets","Bestelauto","Onbekend","Rotonde",50,"Brandend","Duisternis","Droog",\N,\N,"Veilingweg","Zaltbommel","Zaltbommel","Gelderland",false,51.806033,5.267781,"material damage only","4","clear",false,1,"GM0297"
"20230086759",2023,"Uitsluitend materiele schade",2,"Personenauto","Fiets","Flank","Kruispunt, 3 takken",30,"Niet brandend","Daglicht","Droog",\N,\N,"Wageningenstraat","Nieuw-Vennep","Haarlemmermeer","Noord-Holland",false,52.270177,4.635223,"material damage only","4","clear",false,1,"GM0394"
"20230092108",2023,"Uitsluitend materiele schade",2,"Fiets","Bestelauto","Kop/staart","Kruispunt, 4 takken",30,"Brandend","Duisternis","Droog",\N,\N,"Coulissen","Breda","Breda","Noord-Brabant",false,51.587488,4.784485,"material damage only","4","clear",false,1,"GM0758"
"20230095569",2023,"Uitsluitend materiele schade",2,"Personenauto","Fiets","Onbekend","Kruispunt, 4 takken",30,"Niet aanwezig","Daglicht","Droog",\N,\N,"Dollardstraat","Utrecht","Utrecht","Utrecht",false,52.076715,5.117158,"material damage only","4","clear",false,1,"GM0344"
"20230095588",2023,"Uitsluitend materiele schade",2,"Personenauto","Fiets","Flank","Rotonde",50,"Niet brandend","Daglicht","Droog",\N,\N,"Prinses Julianastraat","Vianen","Vijfheerenlanden","Utrecht",false,51.989274,5.091558,"material damage only","4","clear",false,1,"GM1961"
"20230097286",2023,"Uitsluitend materiele schade",2,"Personenauto","Fiets","Flank","Rotonde",50,"Brandend","Schemer","Harde windstoten/Regen",\N,\N,"Sportlaan","Amstelveen","Amstelveen","Noord-Holland",false,52.29042,4.863435,"material damage only","4","unknown",false,1,"GM0362"
"20230102472",2023,"Uitsluitend materiele schade",1,"Fiets",\N,"Eenzijdig","Rotonde",50,"Brandend","Duisternis","Droog",\N,"600105590","Prins Hendrikplein","'s-Gravenhage","'s-Gravenhage","Zuid-Holland",false,52.082808,4.294717,"material damage only","4","clear",false,1,"GM0518"
"20230095012",2023,"Letsel",1,"Fiets",\N,"Eenzijdig","Rechte weg",50,"Niet brandend","Daglicht",\N,\N,"600889377","Dorpsstraat","Onstwedde","Stadskanaal","Groningen",false,53.038132,7.04321,"injury","2","unknown",false,1,"GM0037"
"20230097350",2023,"Uitsluitend materiele schade",1,"Fiets",\N,"Voetganger","Rechte weg",15,"Niet brandend","Daglicht","Droog",\N,"230374026","Willinklaan","Amsterdam","Amsterdam","Noord-Holland",false,52.371244,4.802398,"material damage only","4","clear",false,1,"GM0363"
"20230083962",2023,"Letsel",2,"Personenauto","Fiets","Flank","Rotonde",50,"Niet brandend","Daglicht","Droog",\N,\N,"Camminghaburg","Leeuwarden","Leeuwarden","Friesland",false,53.211405,5.834555,"injury","2","clear",false,1,"GM0080"
"20230084559",2023,"Uitsluitend materiele schade",3,"Fiets","Fiets","Frontaal","Rechte weg",50,"Niet brandend","Daglicht","Regen",\N,\N,"FIETSPAD","Woerden","Woerden","Utrecht",false,52.076315,4.874353,"material damage only","4","rain",false,1,"GM0632"
"20230086292",2023,"Letsel",2,"Personenauto","Fiets","Flank","Kruispunt, 4 takken",30,"Niet brandend","Daglicht","Droog",\N,\N,"Commissarislaan","Zwolle","Zwolle","Overijssel",false,52.481121,6.10526,"injury","2","clear",false,1,"GM0193"
"20230088653",2023,"Letsel",2,"Fiets","Bromfiets","Frontaal","Rechte weg",50,"Brandend","Duisternis","Droog",\N,"601086685","Zuiderparkweg","Rotterdam","Rotterdam","Zuid-Holland",false,51.881381,4.480963,"injury","2","clear",false,1,"GM0599"
"20230088663",2023,"Uitsluitend materiele schade",2,"Bromfiets","Fiets","Flank","Rechte weg",50,"Brandend","Schemer","Droog",\N,"601074245","Bergweg","Rotterdam","Rotterdam","Zuid-Holland",false,51.939801,4.479375,"material damage only","4","clear",false,1,"GM0599"
"20230089831",2023,"Letsel",2,"Personenauto","Fiets","Flank","Kruispunt, 4 takken",30,"Niet brandend","Daglicht","Droog",\N,\N,"Wilgenlaan","Alblasserdam","Alblasserdam","Zuid-Holland",false,51.864884,4.657714,"injury","2","clear",false,1,"GM0482"
"20230089856",2023,"Letsel",3,"Fiets","Fiets","Onbekend","Bocht",\N,"Niet brandend","Daglicht","Droog",\N,"167328002","De Wassenaarse Slag","Wassenaar","Wassenaar","Zuid-Holland",false,52.162214,4.349343,"injury","2","clear",false,1,"GM0629"
"20220001409",2022,"Uitsluitend materiele schade",2,"Personenauto","e-bike","Flank","Kruispunt, 4 takken",50,"Niet brandend","Daglicht","Droog",\N,\N,"Brandemeer","Leeuwarden","Leeuwarden","Friesland",false,53.215062,5.797915,"material damage only","4","clear",false,1,"GM0080"
"20220001859",2022,"Letsel",3,"Personenauto","Fiets","Flank","Kruispunt, 4 takken",30,"Niet brandend","Daglicht","Droog",\N,\N,"Port-Natalplein","Assen","Assen","Drenthe",false,52.986553,6.56803,"injury","2","clear",false,1,"GM0106"
"20220001765",2022,"Letsel",2,"Bromfiets","Fiets","Flank","Kruispunt, 4 takken",30,"Brandend","Duisternis",\N,\N,\N,"Oude Ebbingestraat","Groningen","Groningen","Groningen",false,53.221442,6.565709,"injury","2","unknown",false,1,"GM0014"
"20220004295",2022,"Uitsluitend materiele schade",2,"Fiets","Personenauto","Flank","Rechte weg",30,"Niet brandend","Daglicht","Droog",\N,\N,"Misterstraat","Winterswijk","Winterswijk","Gelderland",false,51.97,6.714171,"material damage only","4","clear",false,1,"GM0294"
"20220003990",2022,"Uitsluitend materiele schade",2,"Fiets","Fiets","Flank","Kruispunt, 3 takken",50,"Niet brandend","Daglicht","Droog",\N,\N,"Bovenweg","Bennekom","Ede","Gelderland",false,51.992551,5.678,"material damage only","4","clear",false,1,"GM0228"
"20220007248",2022,"Uitsluitend materiele schade",2,"Personenauto","Fiets","Onbekend",\N,\N,\N,"Duisternis",\N,\N,"483372119","Brugstraat","Almelo","Almelo","Overijssel",false,52.358541,6.659991,"material damage only","4","unknown",false,1,"GM0141"
"20220008703",2022,"Uitsluitend materiele schade",2,"Snorfiets","Fiets","Flank","Kruispunt, 4 takken",50,"Niet brandend","Daglicht",\N,\N,\N,"Albatrosstraat","Utrecht","Utrecht","Utrecht",false,52.077558,5.123635,"material damage only","4","unknown",false,1,"GM0344"
"20220004792",2022,"Uitsluitend materiele schade",2,"Personenauto","Fiets","Flank","Rotonde",50,"Niet brandend","Schemer","Droog",\N,\N,"Hoogstedelaan","Arnhem","Arnhem","Gelderland",false,51.98343,5.869351,"material damage only","4","clear",false,1,"GM0202"
"20220006062",2022,"Letsel",2,"Personenauto","Fiets","Frontaal","Rechte weg",30,"Niet brandend","Schemer",\N,\N,"366248055","Staddijk","Nijmegen","Nijmegen","Gelderland",false,51.804057,5.79687,"injury","2","unknown",false,1,"GM0268"
"20220099878",2022,"Letsel",2,"Snorfiets","Fiets","Flank","Kruispunt, 4 takken",\N,"Brandend","Duisternis","Droog",\N,\N,"Stationsstraat","Hilversum","Hilversum","Noord-Holland",false,52.226775,5.179072,"injury","2","clear",false,1,"GM0402"
"20220065193",2022,"Letsel",3,"Personenauto","Fiets","Onbekend","Rechte weg",50,"Niet brandend","Daglicht","Droog",\N,"248208011","Mgr. Schaepmanlaan","Dongen","Dongen","Noord-Brabant",false,51.628561,4.944058,"injury","2","clear",false,1,"GM0766"
"20220068166",2022,"Letsel",2,"Personenauto","Fiets","Flank","Bocht",50,"Niet brandend","Daglicht","Droog",\N,"347176057","Marktstraat","Helmond","Helmond","Noord-Brabant",false,51.481038,5.65729,"injury","2","clear",false,1,"GM0794"
"20220082572",2022,"Uitsluitend materiele schade",2,"Fiets","Overig vast object","Vast voorwerp","Rechte weg",30,"Niet brandend","Daglicht","Droog",\N,"600467581","Lageweg","Noordwijk","Noordwijk","Zuid-Holland",false,52.230592,4.458142,"material damage only","4","clear",false,1,"GM0575"
"20220028902",2022,"Uitsluitend materiele schade",2,"Personenauto","Fiets","Flank","Kruispunt, 4 takken",70,"Brandend","Daglicht","Droog",\N,\N,"Jeroen Boschlaan","Eindhoven","Eindhoven","Noord-Brabant",false,51.438308,5.504971,"material damage only","4","clear",false,1,"GM0772"
"20220059278",2022,"Uitsluitend materiele schade",2,"Personenauto","Fiets","Onbekend",\N,30,\N,"Daglicht",\N,\N,"157304048","Gramsbergenlaan","'s-Gravenhage","'s-Gravenhage","Zuid-Holland",false,52.053386,4.273965,"material damage only","4","unknown",false,1,"GM0518"
"20220078211",2022,"Letsel",2,"Snorfiets","Fiets","Flank","Kruispunt, 3 takken",60,"Niet brandend","Daglicht","Droog",\N,\N,"FIETSPAD","Nieuwegein","Nieuwegein","Utrecht",false,52.047225,5.119259,"injury","2","clear",false,1,"GM0356"
"20220082685",2022,"Letsel",2,"Motor","Fiets","Flank","Kruispunt, 4 takken",60,"Niet brandend","Daglicht","Droog","Brug/viaduct",\N,"Zuider Leidsevaart","Hillegom","Hillegom","Zuid-Holland",false,52.297887,4.554035,"injury","2","clear",false,1,"GM0534"
"20220089395",2022,"Uitsluitend materiele schade",2,"Bromfiets","Fiets","Flank","Kruispunt, 4 takken",50,"Niet brandend","Daglicht","Droog",\N,\N,"Oortlaan","Veldhoven","Veldhoven","Noord-Brabant",false,51.412275,5.39267,"material damage only","4","clear",false,1,"GM0861"
"20220089898",2022,"Uitsluitend materiele schade",2,"Vrachtauto","Fiets","Flank","Rechte weg",50,"Niet brandend","Daglicht","Droog",\N,"322167035","18 Septemberplein","Eindhoven","Eindhoven","Noord-Brabant",false,51.441224,5.477351,"material damage only","4","clear",false,1,"GM0772"
"20220093351",2022,"Letsel",2,"Personenauto","Fiets","Flank","Rechte weg",50,"Niet brandend","Daglicht","Droog",\N,"430511027","Grietmanslaan","Oosterwolde","Ooststellingwerf","Friesland",false,52.984751,6.286634,"injury","2","clear",false,1,"GM0085"
"20220016474",2022,"Letsel",2,"Personenauto","e-bike","Frontaal","Kruispunt, 4 takken",30,"Niet brandend","Schemer","Droog",\N,\N,"Jacob van Lennepstraat","Amsterdam","Amsterdam","Noord-Holland",false,52.365873,4.87182,"injury","2","clear",false,1,"GM0363"
"20220077264",2022,"Uitsluitend materiele schade",2,"Personenauto","Fiets","Onbekend","Kruispunt, 3 takken",30,"Niet brandend","Daglicht","Regen",\N,\N,"RIJNHUIZENBRUG","Utrecht","Utrecht","Utrecht",false,52.067932,5.123656,"material damage only","4","rain",false,1,"GM0344"
"20220080807",2022,"Uitsluitend materiele schade",3,"Personenauto","Fiets","Onbekend","Kruispunt, 4 takken",50,"Brandend","Duisternis","Droog",\N,\N,"Marnixstraat","Amsterdam","Amsterdam","Noord-Holland",true,52.36671,4.879569,"material damage only","4","clear",false,1,"GM0363"
"20220081498",2022,"Uitsluitend materiele schade",2,"Personenauto","e-bike","Flank","Kruispunt, 3 takken",50,"Niet brandend","Daglicht","Droog",\N,\N,"Waterkeringweg","Amsterdam","Amsterdam","Noord-Holland",false,52.385189,4.86697,"material damage only","4","clear",false,1,"GM0363"
"20220089709",2022,"Letsel",2,"Fiets","Fiets","Flank","Kruispunt, 3 takken",\N,"Niet aanwezig","Daglicht","Droog",\N,\N,"John F Kennedylaan","Eindhoven","Eindhoven","Noord-Brabant",false,51.473518,5.487683,"injury","2","clear",false,1,"GM0772"
"20220089992",2022,"Letsel",2,"Bestelauto","Fiets","Flank","Rechte weg",50,"Niet brandend","Daglicht","Droog",\N,"600793107","Eindhovenseweg","Steensel","Eersel","Noord-Brabant",false,51.381696,5.366112,"injury","2","clear",false,1,"GM0770"
"20220053843",2022,"Letsel",2,"e-bike","Personenauto","Frontaal","Kruispunt, 4 takken",30,"Niet brandend","Daglicht","Droog",\N,\N,"Kleine Belt","Hoofddorp","Haarlemmermeer","Noord-Holland",false,52.310642,4.660036,"injury","2","clear",false,1,"GM0394"
"20220062395",2022,"Uitsluitend materiele schade",2,"Personenauto","e-bike","Onbekend",\N,30,\N,"Daglicht",\N,\N,"187270155","Pretorialaan","Rotterdam","Rotterdam","Zuid-Holland",false,51.899376,4.499975,"material damage only","4","unknown",false,1,"GM0599"
"20220025191",2022,"Uitsluitend materiele schade",2,"Personenauto","Fiets","Flank","Rechte weg",50,"Brandend","Duisternis","Droog",\N,"265191036","Korvelseweg","Tilburg","Tilburg","Noord-Brabant",false,51.550261,5.070466,"material damage only","4","clear",false,1,"GM0855"
"20220059500",2022,"Uitsluitend materiele schade",2,"Personenauto","Fiets","Flank","Rechte weg",60,"Niet brandend","Daglicht","Droog",\N,"600489333","Galgeweg","Naaldwijk","Westland","Zuid-Holland",false,51.979369,4.209906,"material damage only","4","clear",false,1,"GM1783"
"20220067125",2022,"Uitsluitend materiele schade",2,"Personenauto","Fiets","Flank","Kruispunt, 4 takken",50,"Niet brandend","Daglicht","Droog",\N,\N,"Rode Kruislaan","Eindhoven","Eindhoven","Noord-Brabant",false,51.481522,5.47001,"material damage only","4","clear",false,1,"GM0772"
"20220070113",2022,"Uitsluitend materiele schade",3,"Bromfiets","Fiets","Onbekend","Rechte weg",60,"Niet brandend","Daglicht","Droog",\N,"392043080","Valkenburgerweg","Heerlen","Heerlen","Limburg",false,50.886085,5.974887,"material damage only","4","clear",false,1,"GM0917"
"20220111663",2022,"Uitsluitend materiele schade",2,"Personenauto","Fiets","Flank","Rechte weg",30,"Niet brandend","Daglicht","Droog",\N,"341216050","Piusplein","Uden","Maashorst","Noord-Brabant",false,51.664284,5.612272,"material damage only","4","clear",false,1,"GM1991"
"20220111762",2022,"Uitsluitend materiele schade",3,"Personenauto","Fiets","Onbekend","Rechte weg",50,"Niet brandend","Daglicht","Droog",\N,"600387822","Landbouwlaan","Berghem","Oss","Noord-Brabant",false,51.765959,5.577848,"material damage only","4","clear",false,1,"GM0828"
"20220112440",2022,"Letsel",3,"Personenauto","Fiets","Los voorwerp","Rechte weg",80,"Niet aanwezig","Duisternis","Droog",\N,"337197008","Bosscheweg","Erp","Meierijstad","Noord-Brabant",false,51.56847,5.597362,"injury","2","clear",false,1,"GM1948"
"20220013807",2022,"Uitsluitend materiele schade",2,"Personenauto","Fiets","Flank","Kruispunt, 4 takken",30,"Niet brandend","Daglicht","Droog",\N,\N,"Jetty Velustraat","Haarlem","Haarlem","Noord-Holland",false,52.371149,4.64918,"material damage only","4","clear",false,1,"GM0392"
"20220071895",2022,"Letsel",2,"Personenauto","Fiets","Flank","Rechte weg",50,"Niet brandend","Daglicht","Droog",\N,\N,"STRJITWEI","Jutrijp","Súdwest-Fryslân","Friesland",false,52.995685,5.651139,"injury","2","clear",false,1,"GM1900"
"20220091324",2022,"Uitsluitend materiele schade",2,"Bestelauto","Fiets","Onbekend","Rechte weg",30,\N,"Daglicht",\N,\N,"415163043","Irenestraat","Grubbenvorst","Horst aan de Maas","Limburg",false,51.422939,6.146927,"material damage only","4","unknown",false,1,"GM1507"
"20220114035",2022,"Uitsluitend materiele schade",2,"Personenauto","Fiets","Onbekend",\N,30,\N,"Daglicht",\N,\N,"395040024","Caumerboord","Heerlen","Heerlen","Limburg",false,50.87125,5.997414,"material damage only","4","unknown",false,1,"GM0917"
"20220114266",2022,"Uitsluitend materiele schade",2,"Bestelauto","Fiets","Flank","Kruispunt, 4 takken",50,"Niet brandend","Daglicht","Droog",\N,\N,"Westersingel","Groningen","Groningen","Groningen",false,53.218358,6.556237,"material damage only","4","clear",false,1,"GM0014"
"20220034052",2022,"Letsel",3,"Fiets","Personenauto","Onbekend","Kruispunt, 3 takken",30,"Niet brandend","Daglicht",\N,\N,\N,"Vriezenveenseweg","Geesteren","Tubbergen","Overijssel",false,52.420928,6.733488,"injury","2","unknown",false,1,"GM0183"
"20220049682",2022,"Uitsluitend materiele schade",2,"Personenauto","Fiets","Flank","Kruispunt, 4 takken",30,"Niet brandend","Daglicht","Droog",\N,\N,"Bosstraat","Soest","Soest","Utrecht",false,52.160868,5.289865,"material damage only","4","clear",false,1,"GM0342"
"20220058394",2022,"Uitsluitend materiele schade",2,"Fiets","e-bike","Flank","Kruispunt, 4 takken",30,"Brandend","Duisternis","Droog",\N,\N,"Spui","'s-Gravenhage","'s-Gravenhage","Zuid-Holland",false,52.075945,4.317954,"material damage only","4","clear",false,1,"GM0518"
"20220063867",2022,"Letsel",2,"Personenauto","Fiets","Flank","Kruispunt, 3 takken",50,"Niet brandend","Daglicht","Droog",\N,\N,"Vlietstraat","Terneuzen","Terneuzen","Zeeland",false,51.308323,3.855842,"injury","2","clear",false,1,"GM0715"
"20220081081",2022,"Letsel",1,"Fiets",\N,"Eenzijdig",\N,50,\N,"Duisternis",\N,\N,\N,"Stadhouderskade","Amsterdam","Amsterdam","Noord-Holland",false,52.36239,4.880784,"injury","2","unknown",false,1,"GM0363"
"20220084033",2022,"Letsel",2,\N,"Fiets","Eenzijdig","Kruispunt, 4 takken",50,"Niet brandend","Daglicht","Droog",\N,\N,"Rozenboomlaan","Voorburg","Leidschendam-Voorburg","Zuid-Holland",false,52.070336,4.365423,"injury","2","clear",false,1,"GM1916"
"20220086425",2022,"Uitsluitend materiele schade",2,"Personenauto","Fiets","Onbekend","Rechte weg",50,"Niet brandend","Daglicht","Droog",\N,"189268101","Groene Hilledijk","Rotterdam","Rotterdam","Zuid-Holland",false,51.893025,4.509367,"material damage only","4","clear",false,1,"GM0599"
"20220104668",2022,"Letsel",1,"Fiets",\N,"Eenzijdig","Rechte weg",30,"Niet brandend","Daglicht","Droog",\N,"166290126","Eisenhowerlaan","Delft","Delft","Zuid-Holland",false,51.989707,4.346398,"injury","2","clear",false,1,"GM0503"
"20220104725",2022,"Uitsluitend materiele schade",2,"Bromfiets","Fiets","Onbekend","Kruispunt, 3 takken",50,"Niet brandend","Daglicht","Droog",\N,\N,"Erasmusweg","'s-Gravenhage","'s-Gravenhage","Zuid-Holland",false,52.054487,4.306953,"material damage only","4","clear",false,1,"GM0518"
"20220104745",2022,"Letsel",2,"Fiets","Fiets","Onbekend","Rechte weg",30,"Niet brandend","Daglicht","Droog",\N,"177297021","Sportlaan","Pijnacker","Pijnacker-Nootdorp","Zuid-Holland",false,52.025658,4.418585,"injury","2","clear",false,1,"GM1926"
"20220014058",2022,"Letsel",2,"Fiets","Fiets","Kop/staart","Rechte weg",50,"Niet brandend","Daglicht","Droog",\N,"208378029","Kennemerplein","Haarlem","Haarlem","Noord-Holland",false,52.389443,4.639278,"injury","2","clear",false,1,"GM0392"
"20220051091",2022,"Letsel",2,"Snorfiets","Fiets","Flank","Rechte weg",50,"Brandend","Daglicht","Droog",\N,\N,"Knipstraat","Utrecht","Utrecht","Utrecht",false,52.094132,5.110066,"injury","2","clear",false,1,"GM0344"
"20220067406",2022,"Letsel",2,"Personenauto","Fiets","Flank","Kruispunt, 4 takken",50,"Niet brandend","Daglicht","Droog",\N,\N,"Kempenweg","Oirschot","Oirschot","Noord-Brabant",false,51.497603,5.315916,"injury","2","clear",false,1,"GM0823"
"20220068845",2022,"Uitsluitend materiele schade",1,"Fiets",\N,"Frontaal","Rechte weg",30,"Niet brandend","Daglicht","Droog",\N,"390050037","Heulsstraat","Heerlen","Heerlen","Limburg",false,50.91802,5.958676,"material damage only","4","clear",false,1,"GM0917"
"20220093181",2022,"Letsel",2,"Personenauto","Fiets","Flank","Kruispunt, 4 takken",30,"Niet brandend","Daglicht","Droog",\N,\N,"Ymkersstrjitte","Burgum","Tytsjerksteradiel","Friesland",false,53.192492,6.001339,"injury","2","clear",false,1,"GM0737"
"20220105169",2022,"Letsel",2,"e-bike","Fiets","Onbekend","Rechte weg",60,"Niet brandend","Duisternis","Droog",\N,\N,"van Panhuysstraat","Noordwijk","Noordwijk","Zuid-Holland",false,52.244145,4.441269,"injury","2","clear",false,1,"GM0575"
"20220105172",2022,"Letsel",2,\N,"Fiets","Eenzijdig","Rechte weg",\N,"Niet aanwezig","Daglicht","Droog",\N,"600731044","Willem de Zwijgerlaan","Leiden","Leiden","Zuid-Holland",false,52.1676,4.504665,"injury","2","clear",false,1,"GM0546"
"20220072106",2022,"Letsel",2,"Personenauto","Fiets","Flank","Rechte weg",30,"Niet brandend","Daglicht","Droog",\N,"600872902","Vondellaan","Haren Gn","Groningen","Groningen",false,53.166737,6.592895,"injury","2","clear",false,1,"GM0014"
"20220093249",2022,"Letsel",3,"Personenauto","Fiets","Onbekend","Rechte weg",30,"Niet brandend","Daglicht","Droog",\N,"352566031","JH van Aismawei","Bitgummole","Waadhoeke","Friesland",false,53.235038,5.70607,"injury","2","clear",false,1,"GM1949"
"20220107721",2022,"Letsel",2,"Bromfiets","Fiets","Onbekend","Rechte weg",50,"Niet brandend","Daglicht","Regen","Brug/viaduct","198273076","Algeraweg","Capelle aan den IJssel","Capelle aan den IJssel","Zuid-Holland",false,51.917502,4.576769,"injury","2","rain",false,1,"GM0502"