"accident_id","year","severity_raw","party_count","party1_type","party2_type","accident_type","road_situation","speed_limit_kmh","road_lighting","light_condition_label","weather_raw","infra_type","road_segment_id","street_name","place_name","gemeente_name_raw","province","alcohol_indicated","latitude","longitude","severity_label","severity_code","weather_label","built_up_area","cyclists_involved","gemeente_code"
"20240034747",2024,"Uitsluitend materiele schade",2,"Personenauto","Fiets","Flank","Kruispunt, 3 takken",50,"Niet brandend","Daglicht","Droog",\N,\N,"Spoorstraat","Venlo","Venlo","Limburg",false,51.366504,6.169577,"material damage only","4","clear",false,1,"GM0983"
"20240020984",2024,"Letsel",2,"Fiets","Personenauto","Flank","Kruispunt, 4 takken",50,"Niet brandend","Daglicht","Droog",\N,\N,"Binckhorstlaan","'s-Gravenhage","'s-Gravenhage","Zuid-Holland",false,52.069544,4.336602,"injury","2","clear",false,1,"GM0518"
"20240009179",2024,"Letsel",2,"Personenauto","Fiets","Flank","Rotonde",50,"Niet aanwezig","Daglicht","Droog",\N,\N,"Lekkumerweg","Leeuwarden","Leeuwarden","Friesland",false,53.214784,5.813163,"injury","2","clear",false,1,"GM0080"
"20240032775",2024,"Uitsluitend materiele schade",2,"Snorfiets","Fiets","Onbekend","Rechte weg",50,"Niet aanwezig","Daglicht","Droog","Tunnel","600667534","FIETSPAD","Dordrecht","Dordrecht","Zuid-Holland",false,51.807859,4.661895,"material damage only","4","clear",false,1,"GM0505"
"20240037596",2024,"Letsel",1,"Fiets",\N,"Eenzijdig","Rechte weg",60,"Niet brandend","Daglicht","Droog",\N,"600621424","FIETSPAD","De Cocksdorp","Texel","Noord-Holland",false,53.156804,4.863232,"injury","2","clear",false,1,"GM0448"
"20240039143",2024,"Letsel",1,"Fiets",\N,"Onbekend",\N,50,\N,"Daglicht",\N,\N,"501351112","Emmaweg","Hengelo","Hengelo (O)","Overijssel",false,52.262,6.787139,"injury","2","unknown",false,1,\N
"20240039233",2024,"Letsel",2,"Personenauto","Fiets","Flank","Rotonde",50,"Niet brandend","Daglicht","Droog",\N,\N,"Denekamperdijk","Losser","Losser","Overijssel",false,52.269738,7.006011,"injury","2","clear",false,1,"GM0168"
"20240009284",2024,"Uitsluitend materiele schade",1,"Fiets",\N,"Onbekend","Rechte weg",60,"Brandend","Duisternis","Droog",\N,"525387002","Dorpsstraat","Lattrop-Breklenkamp","Dinkelland","Overijssel",false,52.421404,6.972546,"material damage only","4","clear",false,1,"GM1774"
"20240035959",2024,"Uitsluitend materiele schade",2,"Personenauto","Fiets","Flank","Kruispunt, 3 takken",50,"Niet brandend","Daglicht","Droog",\N,\N,"Marga Klompélaan","Arnhem","Arnhem","Gelderland",false,51.942733,5.892131,"material damage only","4","clear",false,1,"GM0202"
"20240034710",2024,"Uitsluitend materiele schade",2,"Snorfiets","Fiets","Onbekend","Bocht",50,"Niet brandend","Daglicht","Droog",\N,"600510345","Backer en Ruebweg","Breda","Breda","Noord-Brabant",false,51.601772,4.763158,"material damage only","4","clear",false,1,"GM0758"
"20240019509",2024,"Letsel",2,"Personenauto","Fiets","Flank","Kruispunt, 3 takken",30,"Niet brandend","Daglicht","Droog",\N,\N,"Waalstraat","Utrecht","Utrecht","Utrecht",false,52.07418,5.115483,"injury","2","clear",false,1,"GM0344"
"20240019834",2024,"Uitsluitend materiele schade",2,"Personenauto","Fiets","Flank","Kruispunt, 4 takken",30,"Niet brandend","Daglicht","Droog",\N,\N,"Balistraat","Almere","Almere","Flevoland",false,52.401178,5.299595,"material damage only","4","clear",false,1,"GM0034"
"20240017544",2024,"Letsel",2,"Bestelauto","Fiets","Flank","Kruispunt, 4 takken",50,"Niet brandend","Daglicht","Droog",\N,\N,"Johannes van Vlotenlaan","Deventer","Deventer","Overijssel",false,52.264636,6.138002,"injury","2","clear",false,1,"GM0150"
"20240024318",2024,"Letsel",3,"Fiets","Fiets","Onbekend",\N,60,\N,"Daglicht",\N,\N,"118134001","Achtste Verkorting","Hulst","Hulst","Zeeland",false,51.288714,4.011915,"injury","2","unknown",false,1,"GM0677"
"20240027026",2024,"Letsel",1,"Fiets",\N,"Eenzijdig","Rechte weg",30,"Niet brandend","Daglicht","Droog",\N,"600817357","Zandlaan","Ede","Ede","Gelderland",false,52.018883,5.669519,"injury","2","clear",false,1,"GM0228"
"20240034521",2024,"Uitsluitend materiele schade",2,"Snorfiets","Fiets","Flank","Rechte weg",30,"Niet brandend","Daglicht","Regen",\N,"259199048","Aphroditepad","Tilburg","Tilburg","Noord-Brabant",false,51.585759,5.027152,"material damage only","4","rain",false,1,"GM0855"
"20240043039",2024,"Letsel",1,"Fiets",\N,"Eenzijdig","Rechte weg",50,"Niet brandend","Daglicht","Droog",\N,"600105397","Groen van Prinstererlaan","'s-Gravenhage","'s-Gravenhage","Zuid-Holland",false,52.06476,4.244807,"injury","2","clear",false,1,"GM0518"
"20240043041",2024,"Letsel",2,"Fiets","Personenauto","Flank","Kruispunt, 4 takken",50,"Niet brandend","Daglicht","Droog",\N,\N,"Dam","Alblasserdam","Alblasserdam","Zuid-Holland",false,51.860279,4.660129,"injury","2","clear",false,1,"GM0482"
"20240008071",2024,"Letsel",1,"Fiets",\N,"Eenzijdig","Rechte weg",60,"Brandend","Daglicht","Droog",\N,\N,"Veurseweg","Voorschoten","Voorschoten","Zuid-Holland",false,52.111571,4.429878,"injury","2","clear",false,1,"GM0626"
"20240043203",2024,"Letsel",1,"Fiets",\N,"Eenzijdig","Kruispunt, 4 takken",50,"Niet brandend","Daglicht","Droog",\N,\N,"Duinstraat","'s-Gravenhage","'s-Gravenhage","Zuid-Holland",false,52.101661,4.276333,"injury","2","clear",false,1,"GM0518"
"20220152719",2022,"Uitsluitend materiele schade",2,"Personenauto","Fiets","Geparkeerd voertuig","Rechte weg",30,"Niet brandend","Daglicht","Droog","Parkeervoorziening","403387014","Valkstraat","Wapenveld","Heerde","Gelderland",false,52.429949,6.071933,"material damage only","4","clear",false,1,"GM0246"
"20220173218",2022,"Letsel",2,"Personenauto","e-bike","Flank","Rotonde",50,"Niet brandend","Daglicht","Droog",\N,\N,"de Kronkels","Bunschoten-Spakenburg","Bunschoten","Utrecht",false,52.234021,5.367913,"injury","2","clear",false,1,"GM0313"
"20220175718",2022,"Letsel",2,"Personenauto","Fiets","Flank","Kruispunt, 3 takken",50,"Niet brandend","Daglicht","Droog",\N,\N,"Noorder IJ- en Zeedijk","Zaandam","Zaanstad","Noord-Holland",false,52.425974,4.844144,"injury","2","clear",false,1,"GM0479"
"20220177642",2022,"Uitsluitend materiele schade",2,"Personenauto","Fiets","Frontaal","Kruispunt, 4 takken",50,"Niet brandend","Daglicht","Droog",\N,\N,"Amsteldijk-Zuid","De Kwakel","Uithoorn","Noord-Holland",false,52.229005,4.78435,"material damage only","4","clear",false,1,"GM0451"
"20220180820",2022,"Letsel",2,"Personenauto","Fiets","Flank","Rechte weg",50,"Niet brandend","Daglicht","Droog",\N,"600718404","Bontekoestraat","'s-Gravenhage","'s-Gravenhage","Zuid-Holland",false,52.070438,4.326623,"injury","2","clear",false,1,"GM0518"
"20220188327",2022,"Uitsluitend materiele schade",3,"Bromfiets","Fiets","Onbekend","Kruispunt, 4 takken",50,"Niet brandend","Daglicht","Regen",\N,\N,"Karel de Grotelaan","Eindhoven","Eindhoven","Noord-Brabant",false,51.420055,5.444487,"material damage only","4","rain",false,1,"GM0772"
"20220141988",2022,"Letsel",2,"e-bike","Fiets","Frontaal","Bocht",50,"Brandend","Duisternis","Droog",\N,"246367078","Spaklerweg","Amsterdam","Amsterdam","Noord-Holland",false,52.341125,4.919498,"injury","2","clear",false,1,"GM0363"
"20220145635",2022,"Letsel",3,"Personenauto","Fiets","Onbekend","Rechte weg",30,"Niet brandend","Daglicht","Droog",\N,"600361225","Brede Hilledijk","Rotterdam","Rotterdam","Zuid-Holland",false,51.902026,4.492717,"injury","2","clear",false,1,"GM0599"
"20220146449",2022,"Letsel",2,"Personenauto","e-bike","Flank","Kruispunt, 4 takken",50,"Niet brandend","Daglicht","Droog",\N,\N,"Slag","Rotterdam","Rotterdam","Zuid-Holland",false,51.888347,4.507079,"injury","2","clear",false,1,"GM0599"
"20220183856",2022,"Letsel",2,"Snorfiets","Fiets","Onbekend",\N,\N,\N,"Daglicht",\N,\N,"600491053","Pompenburg","Rotterdam","Rotterdam","Zuid-Holland",false,51.924511,4.47927,"injury","2","unknown",false,1,"GM0599"
"20220195141",2022,"Letsel",2,"Personenauto","Fiets","Flank","Rechte weg",30,"Niet brandend","Daglicht","Droog",\N,"600698519","Burgemeester Kuntzelaan","Barneveld","Barneveld","Gelderland",false,52.137321,5.589406,"injury","2","clear",false,1,"GM0203"
"20220125829",2022,"Uitsluitend materiele schade",2,"Bromfiets","Fiets","Flank","Kruispunt, 4 takken",30,"Niet brandend","Daglicht","Droog",\N,\N,"Frederik Hendriklaan","'s-Gravenhage","'s-Gravenhage","Zuid-Holland",false,52.090793,4.274347,"material damage only","4","clear",false,1,"GM0518"
"20220142015",2022,"Uitsluitend materiele schade",3,"Bromfiets","Fiets","Kop/staart","Rechte weg",30,"Niet brandend","Daglicht","Droog",\N,"236371056","Hendrikje Stoffelsstraat","Amsterdam","Amsterdam","Noord-Holland",false,52.358017,4.844066,"material damage only","4","clear",false,1,"GM0363"
"20220169656",2022,"Letsel",2,"Bestelauto","Fiets","Flank","Rechte weg",60,"Niet aanwezig","Daglicht","Droog",\N,"600857763","Oerdijk","Schalkhaar","Deventer","Overijssel",false,52.265815,6.201066,"injury","2","clear",false,1,"GM0150"
"20220178474",2022,"Letsel",1,"Fiets",\N,"Eenzijdig","Bocht",50,"Niet brandend","Daglicht","Droog",\N,"600901348","Fonteynenburghlaan","Voorburg","Leidschendam-Voorburg","Zuid-Holland",false,52.061848,4.350477,"injury","2","clear",false,1,"GM1916"
"20220179062",2022,"Letsel",1,"Fiets",\N,"Eenzijdig","Rechte weg",30,"Niet brandend","Daglicht","Regen",\N,"600716894","van Vredenburchweg","Rijswijk","Rijswijk","Zuid-Holland",false,52.044814,4.312951,"injury","2","rain",false,1,\N
"20220124629",2022,"Uitsluitend materiele schade",2,"Snorfiets","Fiets","Flank","Kruispunt, 3 takken",50,"Brandend","Duisternis","Droog",\N,\N,"Wagenstraat","'s-Gravenhage","'s-Gravenhage","Zuid-Holland",false,52.075747,4.312861,"material damage only","4","clear",false,1,"GM0518"
"20220126736",2022,"Uitsluitend materiele schade",2,"Personenauto","Fiets","Flank","Rotonde",50,"Niet brandend","Daglicht","Droog",\N,\N,"Zuidpoolsingel","Alphen aan den Rijn","Alphen aan den Rijn","Zuid-Holland",false,52.126363,4.654208,"material damage only","4","clear",false,1,"GM0484"
"20220138886",2022,"Letsel",3,"Motor","Fiets","Onbekend","Rechte weg",50,"Niet brandend","Daglicht","Droog",\N,"600894452","Balijelaan","Utrecht","Utrecht","Utrecht",false,52.077636,5.114112,"injury","2","clear",false,1,"GM0344"
"20220149419",2022,"Letsel",3,"Vrachtauto","Fiets","Onbekend","Rechte weg",60,"Niet brandend","Daglicht","Droog",\N,"600610905","Scheiweg","Gemert","Gemert-Bakel","Noord-Brabant",false,51.565956,5.710099,"injury","2","clear",false,1,"GM1652"
"20220178165",2022,"Uitsluitend materiele schade",2,"Bromfiets","Fiets","Flank","Kruispunt, 4 takken",30,"Niet brandend","Daglicht","Droog",\N,\N,"Zaanstraat","Amsterdam","Amsterdam","Noord-Holland",false,52.387701,4.878814,"material damage only","4","clear",false,1,"GM0363"
"20220180982",2022,"Letsel",3,"Personenauto","Fiets","Onbekend","Kruispunt, 4 takken",30,"Niet brandend","Daglicht","Droog",\N,\N,"Ferdinand Bolstraat","'s-Gravenhage","'s-Gravenhage","Zuid-Holland",false,52.063507,4.308838,"injury","2","clear",false,1,"GM0518"
"20220180984",2022,"Letsel",2,"Fiets","Voetganger","Voetganger","Bocht",50,"Niet brandend","Daglicht","Droog",\N,"163310158","Fluwelen Burgwal","'s-Gravenhage","'s-Gravenhage","Zuid-Holland",false,52.079845,4.318462,"injury","2","clear",false,1,"GM0518"
"20220182889",2022,"Letsel",2,"Personenauto","Fiets","Flank","Kruispunt, 4 takken",50,"Niet brandend","Daglicht","Droog",\N,\N,"Museumpark","Rotterdam","Rotterdam","Zuid-Holland",false,51.914055,4.469289,"injury","2","clear",false,1,"GM0599"
"20220184002",2022,"Uitsluitend materiele schade",2,"Personenauto","Fiets","Flank","Kruispunt, 4 takken",30,"Brandend","Duisternis",\N,\N,\N,"Mijnsherenlaan","Rotterdam","Rotterdam","Zuid-Holland",false,51.890386,4.487969,"material damage only","4","unknown",false,1,"GM0599"
"20220185892",2022,"Letsel",2,"Fiets","Personenauto","Flank","Kruispunt, 4 takken",50,"Niet brandend","Daglicht","Droog",\N,\N,"Trekbeemd","Oosterhout","Oosterhout","Noord-Brabant",false,51.660774,4.862371,"injury","2","clear",false,1,"GM0826"
"20220115026",2022,"Letsel",2,"Personenauto","Fiets","Kop/staart","Rechte weg",30,"Niet brandend","Daglicht","Droog",\N,"600887543","Splitting","Emmen","Emmen","Drenthe",false,52.772655,6.956,"injury","2","clear",false,1,"GM0114"
"20220116552",2022,"Letsel",2,"Fiets","Fiets","Onbekend",\N,50,\N,"Daglicht",\N,\N,"390340027","Sluisoordlaan","Apeldoorn","Apeldoorn","Gelderland",false,52.220241,5.977193,"injury","2","unknown",false,1,"GM0200"
"20220124723",2022,"Letsel",1,"Fiets",\N,"Eenzijdig",\N,\N,\N,"Daglicht",\N,\N,\N,"Troelstralaan","Delft","Delft","Zuid-Holland",false,52.000821,4.353889,"injury","2","unknown",false,1,"GM0503"
"20220144800",2022,"Uitsluitend materiele schade",2,"Fiets","Fiets","Kop/staart","Rechte weg",50,"Niet brandend","Duisternis","Droog",\N,"600565689","Rotterdamseweg","Delft","Delft","Zuid-Holland",false,51.991941,4.373201,"material damage only","4","clear",false,1,"GM0503"
"20220158590",2022,"Uitsluitend materiele schade",2,"Fiets","Personenauto","Flank","Kruispunt, 4 takken",30,"Niet brandend","Daglicht","Droog",\N,\N,"Oerlesestraat","Tilburg","Tilburg","Noord-Brabant",false,51.547139,5.077745,"material damage only","4","clear",false,1,"GM0855"
"20220174874",2022,"Letsel",2,"Personenauto","Fiets","Onbekend",\N,30,\N,"Daglicht",\N,\N,\N,"Normandiëlaan","Heemskerk","Heemskerk","Noord-Holland",false,52.497895,4.684379,"injury","2","unknown",false,1,"GM0396"
"20220180388",2022,"Uitsluitend materiele schade",2,"Bromfiets","Fiets","Frontaal","Rechte weg",30,"Niet brandend","Daglicht","Droog",\N,"163305165","Goeverneurlaan","'s-Gravenhage","'s-Gravenhage","Zuid-Holland",false,52.057984,4.320291,"material damage only","4","clear",false,1,"GM0518"
"20220197968",2022,"Letsel",2,"Snorfiets","Fiets","Flank","Kruispunt, 3 takken",50,"Brandend","Duisternis","Droog",\N,\N,"Schoolstraat","Arnhem","Arnhem","Gelderland",false,51.981773,5.921951,"injury","2","clear",false,1,"GM0202"
"20220116754",2022,"Letsel",3,"Fiets","Fiets","Onbekend","Rechte weg",60,"Niet brandend","Daglicht","Droog",\N,"337359003","Korpersteeg","Ermelo","Ermelo","Gelderland",false,52.30398,5.59058,"injury","2","clear",false,1,"GM0233"
"20220146742",2022,"Uitsluitend materiele schade",2,"Personenauto","e-bike","Flank","Rechte weg",50,"Niet brandend","Daglicht","Droog",\N,"600418138","Abram v Rijckevorselpln","Rotterdam","Rotterdam","Zuid-Holland",false,51.920984,4.558962,"material damage only","4","clear",false,1,"GM0599"
"20220162752",2022,"Letsel",2,"Personenauto","Fiets","Flank","Kruispunt, 4 takken",50,"Niet brandend","Daglicht","Droog",\N,\N,"Stationsplein","Assen","Assen","Drenthe",false,52.992292,6.570131,"injury","2","clear",false,1,"GM0106"
"20220162753",2022,"Letsel",3,"Fiets","Personenauto","Onbekend","Kruispunt, 3 takken",30,"Niet brandend","Daglicht","Droog",\N,\N,"Mockamastrjitte","Dokkum","Noardeast-Fryslân","Friesland",false,53.328014,5.991639,"injury","2","clear",false,1,"GM1970"
"20220181115",2022,"Letsel",1,"Fiets",\N,"Eenzijdig","Kruispunt, 4 takken",50,"Niet brandend","Daglicht","Droog",\N,\N,"Copernicuslaan","'s-Gravenhage","'s-Gravenhage","Zuid-Holland",false,52.074017,4.269786,"injury","2","clear",false,1,"GM0518"
"20220181117",2022,"Letsel",2,"Personenauto","Fiets","Frontaal","Rechte weg",50,"Niet brandend","Daglicht",\N,\N,"159311063","Laan van Meerdervoort","'s-Gravenhage","'s-Gravenhage","Zuid-Holland",false,52.083559,4.291397,"injury","2","unknown",false,1,"GM0518"
"20220187291",2022,"Letsel",2,"Personenauto","Fiets","Frontaal","Rotonde",50,"Niet brandend","Daglicht","Droog",\N,\N,"Meidoornlaan","Bergen op Zoom","Bergen op Zoom","Noord-Brabant",false,51.489393,4.304573,"injury","2","clear",false,1,"GM0748"
"20220131135",2022,"Letsel",2,"Fiets","Fiets","Frontaal","Rechte weg",50,"Brandend","Duisternis","Droog",\N,"600636414","Molenstraat","Boekel","Boekel","Noord-Brabant",true,51.612087,5.671131,"injury","2","clear",false,1,"GM0755"
"20220142306",2022,"Letsel",2,"Fiets",\N,"Eenzijdig","Kruispunt, 4 takken",\N,"Niet brandend","Daglicht","Droog",\N,\N,"Hoptille","Amsterdam","Amsterdam","Noord-Holland",false,52.310526,4.953988,"injury","2","clear",false,1,"GM0363"
"20220144930",2022,"Letsel",1,"Fiets",\N,"Eenzijdig","Rechte weg",30,"Niet brandend","Daglicht","Droog",\N,"600398232","Rijwielpad Zuidduinen","Katwijk","Katwijk","Zuid-Holland",false,52.190633,4.381864,"injury","2","clear",false,1,"GM0537"
"20220153897",2022,"Uitsluitend materiele schade",2,"e-bike","Bestelauto","Flank","Kruispunt, 4 takken",50,"Niet brandend","Daglicht","Droog",\N,\N,"Standerdmolen","Houten","Houten","Utrecht",false,52.02968,5.171353,"material damage only","4","clear",false,1,"GM0321"
"20220161678",2022,"Letsel",3,"Personenauto","Fiets","Onbekend","Kruispunt, 4 takken",50,"Niet aanwezig","Daglicht","Droog",\N,\N,"Phileas Foggstraat","Emmen","Emmen","Drenthe",false,52.763191,6.921526,"injury","2","clear",false,1,"GM0114"
"20220175052",2022,"Letsel",7,"Personenauto","e-bike","Voetganger","Rechte weg",60,"Niet brandend","Daglicht","Droog",\N,"601030390","Hoogedijk","Katwoude","Waterland","Noord-Holland",false,52.468106,5.05884,"injury","2","clear",false,1,"GM0852"
"20220195724",2022,"Letsel",2,"Bromfiets","Fiets","Onbekend","Rechte weg",30,"Niet brandend","Daglicht","Regen",\N,"600880097","Wiedenbroeksingel","Haaksbergen","Haaksbergen","Overijssel",false,52.159114,6.75187,"injury","2","rain",false,1,"GM0158"
"20220126156",2022,"Letsel",2,"Fiets","Fiets","Onbekend","Kruispunt, 3 takken",60,"Niet brandend","Daglicht","Droog",\N,\N,"Ruijgenhoeck","Noordwijk","Noordwijk","Zuid-Holland",false,52.234457,4.441245,"injury","2","clear",false,1,"GM0575"
"20220135293",2022,"Uitsluitend materiele schade",2,"Personenauto","e-bike","Flank","Rechte weg",50,"Niet brandend","Daglicht","Droog",\N,\N,"Hampshire","Hengelo","Hengelo (O)","Overijssel",false,52.269511,6.785184,"material damage only","4","clear",false,1,\N
"20220142464",2022,"Letsel",2,"Fiets","Fiets","Frontaal","Rechte weg",50,"Brandend","Duisternis","Droog","Brug/viaduct","600478424","Van Diemenstraat","Amsterdam","Amsterdam","Noord-Holland",false,52.390548,4.885419,"injury","2","clear",false,1,"GM0363"
"20220153088",2022,"Uitsluitend materiele schade",2,"Bromfiets","Fiets","Frontaal","Rechte weg",30,"Niet brandend","Daglicht","Droog",\N,"600832670","Nieuwe Marktstraat","Nijmegen","Nijmegen","Gelderland",false,51.846815,5.854491,"material damage only","4","clear",false,1,"GM0268"
"20220175122",2022,"Uitsluitend materiele schade",2,"Personenauto","Fiets","Kop/staart","Rechte weg",50,"Niet brandend","Daglicht","Regen",\N,\N,"Vondelstraat","Alkmaar","Alkmaar","Noord-Holland",false,52.62033,4.747834,"material damage only","4","rain",false,1,"GM0361"
"20220195898",2022,"Uitsluitend materiele schade",2,"Personenauto","Fiets","Los voorwerp","Kruispunt, 4 takken",30,"Niet aanwezig","Daglicht","Droog",\N,\N,"Grensweg","Almelo","Almelo","Overijssel",false,52.328348,6.646136,"material damage only","4","clear",false,1,"GM0141"
"20220195910",2022,"Uitsluitend materiele schade",2,"Personenauto","Fiets","Onbekend","Rotonde",50,"Niet brandend","Daglicht","Droog",\N,\N,"Marialaan","Nijmegen","Nijmegen","Gelderland",false,51.845479,5.84012,"material damage only","4","clear",false,1,"GM0268"
"20220136355",2022,"Uitsluitend materiele schade",2,"Bestelauto","Fiets","Flank","Kruispunt, 4 takken",60,"Niet brandend","Daglicht","Droog",\N,\N,"Oude Nijkerkerweg","Garderen","Barneveld","Gelderland",false,52.218678,5.708132,"material damage only","4","clear",false,1,"GM0203"
"20220153133",2022,"Letsel",3,"Fiets","Fiets","Onbekend","Rechte weg",60,"Niet brandend","Daglicht","Droog",\N,"327320001","Helweg","De Glind","Barneveld","Gelderland",false,52.128219,5.524332,"injury","2","clear",false,1,"GM0203"
"20220118785",2022,"Letsel",2,"Personenauto","Fiets","Flank","Kruispunt, 4 takken",\N,"Niet brandend","Daglicht","Droog",\N,\N,"Molendijk Zuid","Rijssen","Rijssen-Holten","Overijssel",false,52.313797,6.526257,"injury","2","clear",false,1,"GM1742"
"20220119725",2022,"Letsel",2,"Personenauto","Fiets","Frontaal","Rechte weg",50,"Niet brandend","Daglicht","Droog",\N,"239296130","Molenwal","Oudewater","Oudewater","Utrecht",false,52.019848,4.871869,"injury","2","clear",false,1,"GM0589"
"20220145115",2022,"Letsel",2,"e-bike","e-bike","Kop/staart","Rechte weg",\N,"Niet aanwezig","Daglicht","Droog",\N,"600723382","Rijwielpad Noordduinen","Katwijk","Katwijk","Zuid-Holland",false,52.211989,4.402698,"injury","2","clear",false,1,"GM0537"
"20220152296",2022,"Letsel",1,"Fiets",\N,"Eenzijdig","Rechte weg",50,"Niet brandend","Daglicht","Droog",\N,"476567029","Borgweg","Groningen","Groningen","Groningen",false,53.231988,6.634988,"injury","2","clear",false,1,"GM0014"
"20220153204",2022,"Letsel",1,"Fiets",\N,"Eenzijdig","Kruispunt, 3 takken",50,"Brandend","Duisternis","Droog",\N,\N,"Velperplein","Arnhem","Arnhem","Gelderland",false,51.983846,5.913056,"injury","2","clear",false,1,"GM0202"
"20220155354",2022,"Uitsluitend materiele schade",2,"Scootmobiel","e-bike","Flank","Kruispunt, 4 takken",30,"Brandend","Duisternis","Droog",\N,\N,"Haarlemmerweg","Amsterdam","Amsterdam","Noord-Holland",false,52.38521,4.881135,"material damage only","4","clear",false,1,"GM0363"
"20220167817",2022,"Letsel",2,"Fiets","Fiets","Onbekend","Rechte weg",15,"Niet brandend","Daglicht","Droog",\N,"491351040","Hengelosestraat","Delden","Hof van Twente","Overijssel",false,52.263018,6.717092,"injury","2","clear",false,1,"GM1735"
"20220188968",2022,"Uitsluitend materiele schade",2,"Fiets","Personenauto","Flank","Rechte weg",60,"Niet brandend","Daglicht",\N,\N,"600596016","Boslaan","Vught","Vught","Noord-Brabant",false,51.654527,5.259852,"material damage only","4","unknown",false,1,"GM0865"
"20220122739",2022,"Letsel",3,"Personenauto","e-bike","Flank","Bocht",30,"Niet brandend","Daglicht","Droog",\N,"270436040","Ceder","Hoorn","Hoorn","Noord-Holland",false,52.651851,5.092768,"injury","2","clear",false,1,"GM0405"
"20220172796",2022,"Letsel",2,"Bromfiets","Fiets","Kop/staart","Rechte weg",30,"Niet brandend","Daglicht","Droog",\N,"295318041","Rademakerstraat","Soesterberg","Soest","Utrecht",false,52.119752,5.280213,"injury","2","clear",false,1,"GM0342"
"20220189029",2022,"Uitsluitend materiele schade",2,"e-bike","Fiets","Frontaal","Kruispunt, 4 takken",\N,"Niet brandend","Daglicht","Droog",\N,\N,"FIETSPAD","Eindhoven","Eindhoven","Noord-Brabant",false,51.430886,5.478247,"material damage only","4","clear",false,1,"GM0772"
"20220191538",2022,"Letsel",2,"Fiets","Fiets","Onbekend","Kruispunt, 3 takken",50,"Niet brandend","Daglicht","Droog",\N,\N,"Collardslaan","Assen","Assen","Drenthe",false,52.993488,6.559544,"injury","2","clear",false,1,"GM0106"
"20220117411",2022,"Uitsluitend materiele schade",2,"Personenauto","Fiets","Flank","Kruispunt, 4 takken",30,"Niet brandend","Daglicht","Droog",\N,\N,"Latonalaan","Apeldoorn","Apeldoorn","Gelderland",false,52.210402,5.987016,"material damage only","4","clear",false,1,"GM0200"
"20220122762",2022,"Letsel",2,"Fiets","Personenauto","Flank","Kruispunt, 3 takken",60,"Niet aanwezig","Daglicht","Droog",\N,\N,"Stengweg","De Cocksdorp","Texel","Noord-Holland",false,53.17446,4.863344,"injury","2","clear",false,1,"GM0448"
"20220130223",2022,"Letsel",2,"Personenauto","Fiets","Onbekend","Rotonde",50,"Brandend","Duisternis","Droog",\N,\N,"Dongewijkdreef","Tilburg","Tilburg","Noord-Brabant",false,51.578521,4.993395,"injury","2","clear",false,1,"GM0855"
"20220134332",2022,"Uitsluitend materiele schade",2,"Personenauto","Fiets","Onbekend","Rechte weg",50,"Niet brandend","Daglicht","Droog",\N,"419447070","Burg Knopperslaan","Meppel","Meppel","Drenthe",false,52.698931,6.196937,"material damage only","4","clear",false,1,"GM0119"
"20220136504",2022,"Uitsluitend materiele schade",2,"Bestelauto","Fiets","Frontaal","Rechte weg",50,"Niet brandend","Daglicht","Droog",\N,"382287123","Velperbinnensingel","Arnhem","Arnhem","Gelderland",false,51.982414,5.912881,"material damage only","4","clear",false,1,"GM0202"
"20220138459",2022,"Uitsluitend materiele schade",3,"Personenauto","Fiets","Onbekend","Rechte weg",30,"Niet brandend","Daglicht","Droog",\N,\N,"Catharijnesingel","Utrecht","Utrecht","Utrecht",false,52.089974,5.113988,"material damage only","4","clear",false,1,"GM0344"
"20220144123",2022,"Letsel",2,"Fiets",\N,"Eenzijdig",\N,\N,\N,"Daglicht",\N,\N,"600601921","Provincialeweg Oost","Haastrecht","Krimpenerwaard","Zuid-Holland",false,52.01485,4.82947,"injury","2","unknown",false,1,"GM1931"
"20220153292",2022,"Letsel",2,"Personenauto","Fiets","Onbekend","Rechte weg",60,"Niet brandend","Daglicht","Droog",\N,"406375001","IJsseldijk","Veessen","Heerde","Gelderland",false,52.376543,6.097777,"injury","2","clear",false,1,"GM0246"
"20220160650",2022,"Uitsluitend materiele schade",2,"Personenauto","Fiets","Frontaal","Rotonde",50,\N,"Daglicht",\N,\N,\N,"Akerstraat-Noord","Hoensbroek","Heerlen","Limburg",false,50.928548,5.938569,"material damage only","4","unknown",false,1,"GM0917"
"20220183744",2022,"Letsel",2,"Personenauto","Fiets","Onbekend","Kruispunt, 4 takken",30,"Niet brandend","Daglicht","Droog",\N,\N,"Heulweg","Barendrecht","Barendrecht","Zuid-Holland",false,51.860917,4.481961,"injury","2","clear",false,1,"GM0489"
"20220191575",2022,"Letsel",1,"Fiets",\N,"Eenzijdig","Rechte weg",30,"Brandend","Duisternis","Droog",\N,"600401240","Oosterweg","Groningen","Groningen","Groningen",false,53.212819,6.574529,"injury","2","clear",false,1,"GM0014"
"20220121241",2022,"Letsel",3,"Fiets","Fiets","Frontaal","Rechte weg",80,"Niet aanwezig","Daglicht","Droog",\N,"362445023","Kamperweg","Emmeloord","Noordoostpolder","Flevoland",false,52.68782,5.778552,"injury","2","clear",false,1,"GM0171"
"20220127662",2022,"Uitsluitend materiele schade",3,"Personenauto","Fiets","Onbekend","Rechte weg",50,"Niet brandend","Daglicht","Droog",\N,"206263045","West Kinderdijk","Alblasserdam","Alblasserdam","Zuid-Holland",false,51.873198,4.635123,"material damage only","4","clear",false,1,"GM0482"
"20220131691",2022,"Uitsluitend materiele schade",1,"e-bike",\N,"Onbekend","Rechte weg",60,"Niet brandend","Daglicht","Droog",\N,\N,"Burg van Erpstraat","Berghem","Oss","Noord-Brabant",false,51.773708,5.594899,"material damage only","4","clear",false,1,"GM0828"