"accident_id","year","severity_raw","party_count","party1_type","party2_type","accident_type","road_situation","speed_limit_kmh","road_lighting","light_condition_label","weather_raw","infra_type","road_segment_id","street_name","place_name","gemeente_name_raw","province","alcohol_indicated","latitude","longitude","severity_label","severity_code","weather_label","built_up_area","cyclists_involved","gemeente_code"
"20220138486",2022,"Letsel",2,"Personenauto","Fiets","Flank","Kruispunt, 4 takken",70,"Niet brandend","Daglicht","Droog",\N,\N,"Rondweg-Noord","Amersfoort","Amersfoort","Utrecht",false,52.19494,5.387155,"injury","2","clear",false,1,"GM0307"
"20220142853",2022,"Letsel",2,"Personenauto","e-bike","Flank","Kruispunt, 4 takken",30,"Niet brandend","Daglicht","Regen",\N,\N,"Cartesiusstraat","'s-Gravenhage","'s-Gravenhage","Zuid-Holland",false,52.070909,4.275439,"injury","2","rain",false,1,"GM0518"
"20220144175",2022,"Uitsluitend materiele schade",2,"Fiets","Fiets","Flank","Kruispunt, 4 takken",50,"Niet brandend","Daglicht","Droog",\N,\N,"Verdilaan","Naaldwijk","Westland","Zuid-Holland",false,51.995629,4.208854,"material damage only","4","clear",false,1,"GM1783"
"20220144176",2022,"Uitsluitend materiele schade",2,"Snorfiets","Fiets","Flank","Kruispunt, 3 takken",30,"Niet brandend","Daglicht","Droog",\N,\N,"Dijckerwaal","'s-Gravenzande","Westland","Zuid-Holland",false,51.992531,4.183473,"material damage only","4","clear",false,1,"GM1783"
"20220148808",2022,"Uitsluitend materiele schade",2,"Personenauto","Fiets","Los voorwerp","Kruispunt, 4 takken",50,"Niet brandend","Daglicht","Droog",\N,\N,"Willem Dreesweg","Roosendaal","Roosendaal","Noord-Brabant",false,51.510848,4.439111,"material damage only","4","clear",false,1,"GM1674"
"20220150105",2022,"Uitsluitend materiele schade",2,"Personenauto","Fiets","Flank","Rotonde",80,"Niet brandend","Daglicht","Droog",\N,\N,"Hulsakker","Heeswijk-Dinther","Bernheze","Noord-Brabant",false,51.643335,5.494686,"material damage only","4","clear",false,1,"GM1721"
"20220151260",2022,"Uitsluitend materiele schade",3,"Fiets","Snorfiets","Onbekend","Rechte weg",30,"Niet brandend","Daglicht","Droog",\N,"413151018","Goethelaan","Venlo","Venlo","Limburg",false,51.368598,6.129799,"material damage only","4","clear",false,1,"GM0983"
"20220175432",2022,"Letsel",2,"e-bike","Personenauto","Frontaal","Kruispunt, 3 takken",50,"Niet brandend","Daglicht","Droog",\N,\N,"Zijperstraat","Alkmaar","Alkmaar","Noord-Holland",false,52.639027,4.755392,"injury","2","clear",false,1,"GM0361"
"20220117659",2022,"Uitsluitend materiele schade",2,"Fiets","Fiets","Flank","Rechte weg",50,"Niet brandend","Daglicht","Droog",\N,\N,"Apeldoornseweg","Arnhem","Arnhem","Gelderland",false,52.059799,5.939672,"material damage only","4","clear",false,1,"GM0202"
"20220121277",2022,"Uitsluitend materiele schade",2,"Snorfiets","Fiets","Flank","Rechte weg",30,"Niet brandend","Daglicht","Droog",\N,"600559924","Vleutenseweg","Utrecht","Utrecht","Utrecht",false,52.097502,5.079199,"material damage only","4","clear",false,1,"GM0344"
"20220128765",2022,"Uitsluitend materiele schade",3,"Personenauto","Fiets","Onbekend","Kruispunt, 3 takken",50,"Brandend","Duisternis","Regen",\N,\N,"Oostmolenwerf","Rotterdam","Rotterdam","Zuid-Holland",true,51.922332,4.496821,"material damage only","4","rain",false,1,"GM0599"
"20220132967",2022,"Letsel",2,"Personenauto","Fiets","Flank","Kruispunt, 3 takken",50,"Niet aanwezig","Daglicht","Droog",\N,\N,"Silvesterweg","Venray","Venray","Limburg",false,51.515902,5.961758,"injury","2","clear",false,1,"GM0984"
"20220159390",2022,"Uitsluitend materiele schade",2,"Personenauto","e-bike","Flank","Kruispunt, 4 takken",30,"Niet brandend","Daglicht","Droog",\N,\N,"Spaarnwoudelaan","Tilburg","Tilburg","Noord-Brabant",false,51.576488,4.982585,"material damage only","4","clear",false,1,"GM0855"
"20220171638",2022,"Uitsluitend materiele schade",2,"Personenauto","Fiets","Flank","Kruispunt, 3 takken",50,"Niet brandend","Daglicht",\N,\N,\N,"Waagstraat","Lelystad","Lelystad","Flevoland",false,52.51172,5.47375,"material damage only","4","unknown",false,1,"GM0995"
"20220192055",2022,"Uitsluitend materiele schade",2,"Personenauto","e-bike","Flank","Kruispunt, 4 takken",50,"Niet brandend","Daglicht","Regen",\N,\N,"Borniastraat","Leeuwarden","Leeuwarden","Friesland",false,53.190953,5.797845,"material damage only","4","rain",false,1,"GM0080"
"20220192706",2022,"Uitsluitend materiele schade",2,"Personenauto","Fiets","Flank","Kruispunt, 4 takken",50,"Niet brandend","Daglicht","Droog",\N,\N,"Hereweg","Groningen","Groningen","Groningen",false,53.209701,6.571881,"material damage only","4","clear",false,1,"GM0014"
"20220196112",2022,"Letsel",2,"Personenauto","Fiets","Geparkeerd voertuig","Rechte weg",30,"Niet brandend","Daglicht","Regen","Parkeervoorziening","600378350","Grotestraat","Ede","Ede","Gelderland",false,52.048432,5.670642,"injury","2","rain",false,1,"GM0228"
"20220196125",2022,"Letsel",2,"Personenauto","Fiets","Flank","Kruispunt, 4 takken",30,"Niet brandend","Daglicht","Regen",\N,\N,"Weusthagstraat","Hengelo","Hengelo (O)","Overijssel",false,52.277341,6.798391,"injury","2","rain",false,1,\N
"20220117803",2022,"Uitsluitend materiele schade",2,"Bestelauto","Fiets","Flank","Kruispunt, 4 takken",30,"Niet aanwezig","Daglicht","Droog",\N,\N,"Hoofdstraat","Apeldoorn","Apeldoorn","Gelderland",false,52.211288,5.966237,"material damage only","4","clear",false,1,"GM0200"
"20220134594",2022,"Letsel",2,"Fiets","Bromfiets","Kop/staart","Rechte weg",50,"Niet brandend","Daglicht","Droog",\N,"600926021","Aweg","Groningen","Groningen","Groningen",false,53.216032,6.556165,"injury","2","clear",false,1,"GM0014"
"20220138617",2022,"Uitsluitend materiele schade",2,"Snorfiets","Fiets","Frontaal","Rechte weg",30,"Brandend","Duisternis","Droog",\N,"280340046","Havenstraat","Hilversum","Hilversum","Noord-Holland",false,52.221395,5.168568,"material damage only","4","clear",false,1,"GM0402"
"20220151419",2022,"Uitsluitend materiele schade",2,"Personenauto","Fiets","Onbekend","Kruispunt, 3 takken",50,"Niet brandend","Daglicht","Droog",\N,\N,"AFRIT MECC","Maastricht","Maastricht","Limburg",false,50.840657,5.715033,"material damage only","4","clear",false,1,"GM0935"
"20220196410",2022,"Letsel",2,"Personenauto","Fiets","Flank","Kruispunt, 4 takken",50,"Niet brandend","Daglicht","Droog",\N,\N,"Sophiaweg","Nijmegen","Nijmegen","Gelderland",false,51.829815,5.894208,"injury","2","clear",false,1,"GM0268"
"20220197371",2022,"Uitsluitend materiele schade",2,"Personenauto","Fiets","Flank","Rotonde",50,"Niet brandend","Daglicht","Regen",\N,\N,"Ln der Verenigde Naties","Ede","Ede","Gelderland",false,52.023825,5.643917,"material damage only","4","rain",false,1,"GM0228"
"20220115962",2022,"Letsel",1,"Fiets",\N,"Eenzijdig","Rechte weg",50,"Niet brandend","Daglicht","Droog",\N,"384335019","Govert Flinckstraat","Apeldoorn","Apeldoorn","Gelderland",false,52.198293,5.930449,"injury","2","clear",false,1,"GM0200"
"20220120270",2022,"Uitsluitend materiele schade",2,"Bromfiets","Fiets","Flank","Kruispunt, 3 takken",30,"Niet brandend","Daglicht","Droog",\N,\N,"Kopenhagenstraat","Almere","Almere","Flevoland",false,52.396294,5.276083,"material damage only","4","clear",false,1,"GM0034"
"20220150306",2022,"Uitsluitend materiele schade",2,"Personenauto","Fiets","Flank","Rotonde",80,"Niet brandend","Daglicht","Droog",\N,\N,"Collseweg","Nuenen","Nuenen, Gerwen en Nederwetten","Noord-Brabant",false,51.448727,5.551269,"material damage only","4","clear",false,1,"GM0820"
"20220160886",2022,"Uitsluitend materiele schade",2,"Fiets","Bromfiets","Kop/staart","Rechte weg",30,"Niet brandend","Daglicht","Droog",\N,\N,"Stationsplein","Maastricht","Maastricht","Limburg",false,50.849457,5.704916,"material damage only","4","clear",false,1,"GM0935"
"20220197400",2022,"Letsel",2,"Personenauto","Fiets","Flank","Bocht",30,"Niet brandend","Daglicht","Droog",\N,\N,"Betuining","Almelo","Almelo","Overijssel",false,52.334919,6.65804,"injury","2","clear",false,1,"GM0141"
"20220119075",2022,"Uitsluitend materiele schade",2,"Personenauto","Fiets","Onbekend","Kruispunt, 4 takken",30,\N,"Daglicht","Droog",\N,\N,"Dr Albert Schweitzerlaan","Hardenberg","Hardenberg","Overijssel",false,52.583142,6.639465,"material damage only","4","clear",false,1,"GM0160"
"20220120422",2022,"Uitsluitend materiele schade",2,"Fiets",\N,"Flank","Kruispunt, 4 takken",50,"Niet brandend","Daglicht","Droog",\N,\N,"Middellaan","Veenendaal","Veenendaal","Utrecht",false,52.009852,5.556223,"material damage only","4","clear",false,1,"GM0345"
"20220124235",2022,"Letsel",2,"Bromfiets","Fiets","Frontaal","Rechte weg",30,"Niet brandend","Daglicht","Droog",\N,"235376079","Vrouwengelukhof","Amsterdam","Amsterdam","Noord-Holland",false,52.37882,4.843083,"injury","2","clear",false,1,"GM0363"
"20220140342",2022,"Letsel",2,"Personenauto","e-bike","Flank","Kruispunt, 3 takken",50,"Niet brandend","Daglicht","Droog",\N,\N,"Reiger","Zuid-Scharwoude","Dijk en Waard","Noord-Holland",false,52.692604,4.816739,"injury","2","clear",false,1,"GM1980"
"20220141916",2022,"Uitsluitend materiele schade",1,"Fiets",\N,"Voetganger","Rechte weg",\N,"Niet brandend","Daglicht","Droog",\N,\N,"Spui","Amsterdam","Amsterdam","Noord-Holland",true,52.368627,4.889203,"material damage only","4","clear",false,1,"GM0363"
"20220144518",2022,"Letsel",2,"Fiets","Los voorwerp","Los voorwerp","Rechte weg",30,"Brandend","Duisternis","Droog",\N,"193308016","Sportlaan","Benthuizen","Alphen aan den Rijn","Zuid-Holland",false,52.074924,4.540207,"injury","2","clear",false,1,"GM0484"
"20240084191",2024,"Letsel",2,"Personenauto","Fiets","Flank","Rechte weg",80,"Niet aanwezig","Daglicht","Droog",\N,\N,"Beulekampersteeg","Putten","Putten","Gelderland",false,52.222898,5.607088,"injury","2","clear",false,1,"GM0273"
"20240084765",2024,"Uitsluitend materiele schade",1,"Fiets",\N,"Frontaal","Rechte weg",\N,"Niet brandend","Duisternis","Droog",\N,"343613010","Verbindingsweg","Hollum","Ameland","Friesland",false,53.446151,5.640568,"material damage only","4","clear",false,1,"GM0060"
"20240089344",2024,"Letsel",2,"Personenauto","Fiets","Flank","Kruispunt, 4 takken",30,"Brandend","Duisternis","Droog",\N,\N,"2e Binnenvestgracht","Leiden","Leiden","Zuid-Holland",false,52.163831,4.486232,"injury","2","clear",false,1,"GM0546"
"20240092029",2024,"Uitsluitend materiele schade",2,"Personenauto","Fiets","Flank","Kruispunt, 4 takken",30,"Niet brandend","Daglicht","Droog",\N,\N,"Buigeind","Best","Best","Noord-Brabant",false,51.499287,5.378281,"material damage only","4","clear",false,1,"GM0753"
"20240092341",2024,"Uitsluitend materiele schade",2,"Personenauto","Fiets","Onbekend","Kruispunt, 4 takken",50,"Niet brandend","Daglicht","Droog",\N,\N,"Benzenraderweg","Heerlen","Heerlen","Limburg",false,50.880942,5.978769,"material damage only","4","clear",false,1,"GM0917"
"20240046602",2024,"Letsel",2,"Personenauto","Fiets","Flank","Kruispunt, 3 takken",30,"Niet brandend","Daglicht","Droog","Parkeervoorziening",\N,"Palmbosweg","Ermelo","Ermelo","Gelderland",false,52.316158,5.565693,"injury","2","clear",false,1,"GM0233"
"20240048330",2024,"Letsel",2,"e-bike",\N,"Onbekend","Rechte weg",30,"Niet brandend","Daglicht","Droog",\N,"600578002","W.A. Vultostraat","Utrecht","Utrecht","Utrecht",false,52.069518,5.121334,"injury","2","clear",false,1,"GM0344"
"20240049571",2024,"Letsel",2,"Personenauto","Fiets","Onbekend","Kruispunt, 4 takken",50,"Niet brandend","Daglicht","Droog",\N,\N,"Spinozaweg","Utrecht","Utrecht","Utrecht",false,52.094794,5.08538,"injury","2","clear",false,1,"GM0344"
"20240078456",2024,"Letsel",2,"Personenauto","Fiets","Onbekend","Kruispunt, 3 takken",30,"Niet brandend","Daglicht","Droog",\N,\N,"Kottenseweg","Winterswijk","Winterswijk","Gelderland",false,51.966556,6.722733,"injury","2","clear",false,1,"GM0294"
"20240089389",2024,"Letsel",2,"Personenauto","Fiets","Onbekend","Rechte weg",30,"Niet brandend","Daglicht","Droog",\N,"157313016","Frederik Hendriklaan","'s-Gravenhage","'s-Gravenhage","Zuid-Holland",false,52.093635,4.276592,"injury","2","clear",false,1,"GM0518"
"20240090655",2024,"Letsel",2,"Snorfiets","Fiets","Frontaal","Rechte weg",\N,"Niet brandend","Daglicht","Droog",\N,"600448037","Kruithoorn","Gorinchem","Gorinchem","Zuid-Holland",false,51.833709,5.005699,"injury","2","clear",false,1,"GM0512"
"20240097606",2024,"Letsel",2,"Personenauto","Fiets","Flank","Kruispunt, 4 takken",30,"Niet brandend","Daglicht","Droog",\N,\N,"Zandvoortselaan","'s-Gravenhage","'s-Gravenhage","Zuid-Holland",false,52.068545,4.224086,"injury","2","clear",false,1,"GM0518"
"20240097611",2024,"Letsel",2,"Personenauto","Fiets","Flank","Rotonde",50,"Niet brandend","Daglicht","Droog",\N,\N,"Kruisbroekweg","Naaldwijk","Westland","Zuid-Holland",false,51.988662,4.20632,"injury","2","clear",false,1,"GM1783"
"20240097742",2024,"Letsel",2,"Bestelauto","Fiets","Flank","Rechte weg",60,"Niet brandend","Daglicht","Droog",\N,"600728785","Leidsevaart","Noordwijkerhout","Noordwijk","Zuid-Holland",false,52.238667,4.486492,"injury","2","clear",false,1,"GM0575"
"20240097939",2024,"Letsel",2,"Motor","Fiets","Flank","Rechte weg",50,"Brandend","Duisternis","Droog",\N,"600529860","Churchilllaan","Leiden","Leiden","Zuid-Holland",false,52.155074,4.472104,"injury","2","clear",false,1,"GM0546"
"20240046640",2024,"Uitsluitend materiele schade",2,"Personenauto","Fiets","Flank","Rechte weg",30,"Niet brandend","Daglicht","Droog",\N,"511339044","Ferdinand Bolstraat","Enschede","Enschede","Overijssel",false,52.2092,6.859037,"material damage only","4","clear",false,1,"GM0153"
"20240048372",2024,"Letsel",2,"Bestelauto","Fiets","Kop/staart","Bocht",30,"Niet brandend","Daglicht","Droog",\N,\N,"Amerikalaan","IJsselstein","IJsselstein","Utrecht",false,52.008933,5.043847,"injury","2","clear",false,1,"GM0353"
"20240079691",2024,"Letsel",3,"Vrachtauto","Fiets","Flank","Kruispunt, 4 takken",30,"Niet brandend","Daglicht","Droog",\N,"600420450","Amstelveenseweg","Amsterdam","Amsterdam","Noord-Holland",true,52.345819,4.857476,"injury","2","clear",false,1,"GM0363"
"20240084249",2024,"Letsel",2,"Personenauto","Fiets","Onbekend","Bocht",50,"Niet brandend","Daglicht","Droog",\N,\N,"Nieuwe Dukenburgseweg","Nijmegen","Nijmegen","Gelderland",false,51.824312,5.826295,"injury","2","clear",false,1,"GM0268"
"20240091336",2024,"Letsel",2,"Fiets","Fiets","Flank","Rechte weg",50,"Niet brandend","Daglicht",\N,\N,"601068956","Kooiwalpad","Barendrecht","Barendrecht","Zuid-Holland",false,51.865715,4.52908,"injury","2","unknown",false,1,"GM0489"
"20240043840",2024,"Uitsluitend materiele schade",2,"Personenauto","Fiets","Flank","Kruispunt, 4 takken",70,"Niet brandend","Daglicht","Droog",\N,\N,"Eisenhowerlaan","Eindhoven","Eindhoven","Noord-Brabant",false,51.451227,5.512515,"material damage only","4","clear",false,1,"GM0772"
"20240070785",2024,"Letsel",2,"Fiets","Overig vast object","Vast voorwerp","Rechte weg",50,"Niet brandend","Daglicht","Droog",\N,"600452531","Kleihoogt","Berkel en Rodenrijs","Lansingerland","Zuid-Holland",false,52.005921,4.475277,"injury","2","clear",false,1,"GM1621"
"20240074617",2024,"Uitsluitend materiele schade",2,"Personenauto","Fiets","Flank","Rechte weg",50,"Niet brandend","Daglicht","Droog",\N,"372038002","Wilhelminalaan","Valkenburg","Valkenburg aan de Geul","Limburg",false,50.864249,5.830093,"material damage only","4","clear",false,1,"GM0994"
"20240076248",2024,"Letsel",1,"Fiets",\N,"Onbekend","Rechte weg",60,"Niet aanwezig","Duisternis","Droog",\N,"470295003","Boschlaan","Zieuwent","Oost Gelre","Gelderland",false,52.008792,6.554474,"injury","2","clear",false,1,"GM1586"
"20240078546",2024,"Uitsluitend materiele schade",2,"Bestelauto","Fiets","Frontaal","Kruispunt, 4 takken",30,"Niet brandend","Daglicht","Droog",\N,\N,"Ceintuurbaan","Amsterdam","Amsterdam","Noord-Holland",false,52.35603,4.904895,"material damage only","4","clear",false,1,"GM0363"
"20240079756",2024,"Uitsluitend materiele schade",2,"Fiets","Voetganger","Voetganger","Kruispunt, 3 takken",30,"Niet brandend","Daglicht","Droog",\N,\N,"Alpen Rondweg","Amstelveen","Amstelveen","Noord-Holland",false,52.29075,4.868501,"material damage only","4","clear",false,1,"GM0362"
"20240084275",2024,"Uitsluitend materiele schade",2,"Motor","Fiets","Flank","Rechte weg",30,"Niet brandend","Daglicht","Droog",\N,"345298027","Keesomstraat","Ede","Ede","Gelderland",false,52.02902,5.646713,"material damage only","4","clear",false,1,"GM0228"
"20240086173",2024,"Letsel",2,"Fiets","Overig vast object","Vast voorwerp","Rechte weg",60,"Niet brandend","Daglicht","Droog",\N,"251456001","Gouwe","Hoogwoud","Opmeer","Noord-Holland",false,52.737865,4.958184,"injury","2","clear",false,1,"GM0432"
"20240091398",2024,"Letsel",2,"Personenauto","Fiets","Onbekend","Kruispunt, 4 takken",30,"Niet brandend","Daglicht","Droog",\N,\N,"Charloisse Lagedijk","Rotterdam","Rotterdam","Zuid-Holland",false,51.865452,4.463513,"injury","2","clear",false,1,"GM0599"
"20240097832",2024,"Letsel",1,"Fiets",\N,"Onbekend","Rechte weg",50,"Niet brandend","Daglicht","Droog",\N,"600719926","Prinses Mariannelaan","Voorburg","Leidschendam-Voorburg","Zuid-Holland",false,52.060829,4.345851,"injury","2","clear",false,1,"GM1916"
"20240098275",2024,"Uitsluitend materiele schade",2,"Fiets","Personenauto","Flank","Rotonde",50,"Brandend","Duisternis","Droog",\N,\N,"FIETSPAD","Amstelveen","Amstelveen","Noord-Holland",false,52.311562,4.872045,"material damage only","4","clear",false,1,"GM0362"
"20240073967",2024,"Letsel",2,"Personenauto","Fiets","Onbekend","Kruispunt, 4 takken",30,"Niet brandend","Daglicht","Droog",\N,\N,"Parallelweg","Cuijk","Land van Cuijk","Noord-Brabant",false,51.729043,5.873366,"injury","2","clear",false,1,"GM1982"
"20240078573",2024,"Uitsluitend materiele schade",2,"Fiets","Snorfiets","Flank","Rechte weg",\N,"Niet brandend","Daglicht","Regen",\N,"160301016","Schaapweg","Rijswijk","Rijswijk","Zuid-Holland",false,52.037506,4.300926,"material damage only","4","rain",false,1,\N
"20240082996",2024,"Letsel",2,"Fiets","Personenauto","Flank","Kruispunt, 3 takken",30,"Niet brandend","Daglicht","Droog",\N,\N,"Muidenweg","Wolphaartsdijk","Goes","Zeeland",false,51.525698,3.730052,"injury","2","clear",false,1,"GM0664"
"20240088180",2024,"Dodelijk",2,"Fiets","Personenauto","Flank","Kruispunt, 4 takken",60,"Niet brandend","Daglicht","Droog",\N,\N,"Zuidelijke Dwarsweg","Moordrecht","Zuidplas","Zuid-Holland",false,52.009397,4.633334,"fatal","1","clear",false,1,"GM1892"
"20240092467",2024,"Uitsluitend materiele schade",2,"Personenauto","Fiets","Flank","Rechte weg",50,"Niet brandend","Daglicht","Droog",\N,\N,"Joannes Zwijsenlaan","Oss","Oss","Noord-Brabant",false,51.754339,5.520112,"material damage only","4","clear",false,1,"GM0828"
"20240074001",2024,"Letsel",2,"Personenauto","Fiets","Onbekend","Rechte weg",50,"Niet brandend","Daglicht","Regen",\N,"601052300","Heijenseweg","Gennep","Gennep","Limburg",false,51.686765,5.97477,"injury","2","rain",false,1,"GM0907"
"20240086263",2024,"Uitsluitend materiele schade",2,"Personenauto","Fiets","Flank","Kruispunt, 4 takken",30,"Niet brandend","Daglicht","Droog",\N,\N,"Haagbeukweg","Almere","Almere","Flevoland",false,52.37637,5.242837,"material damage only","4","clear",false,1,"GM0034"
"20240088879",2024,"Letsel",2,"Personenauto","Fiets","Flank","Rotonde",30,"Niet brandend","Daglicht","Regen",\N,\N,"Schipluidenlaan","Amsterdam","Amsterdam","Noord-Holland",false,52.356299,4.835623,"injury","2","rain",false,1,"GM0363"
"20240043970",2024,"Uitsluitend materiele schade",2,"Personenauto","e-bike","Frontaal","Kruispunt, 4 takken",50,"Niet brandend","Daglicht","Droog",\N,\N,"Paardestraat","Sittard","Sittard-Geleen","Limburg",false,51.000077,5.874109,"material damage only","4","clear",false,1,"GM1883"
"20240045508",2024,"Uitsluitend materiele schade",2,"Personenauto","Fiets","Flank","Kruispunt, 4 takken",50,"Niet brandend","Daglicht","Droog",\N,\N,"Pleinstraat","Kerkrade","Kerkrade","Limburg",false,50.854945,6.024966,"material damage only","4","clear",false,1,"GM0928"
"20240086298",2024,"Uitsluitend materiele schade",1,"Fiets",\N,"Onbekend","Rechte weg",80,"Niet aanwezig","Daglicht","Droog",\N,"310350003","Slingerweg","Zeewolde","Zeewolde","Flevoland",false,52.267234,5.393491,"material damage only","4","clear",false,1,"GM0050"
"20240093006",2024,"Letsel",2,"Motor","Fiets","Flank","Rechte weg",80,"Brandend","Duisternis","Droog",\N,\N,"Schaapsweg","Meijel","Peel en Maas","Limburg",false,51.3168,5.877043,"injury","2","clear",false,1,"GM1894"
"20240094777",2024,"Uitsluitend materiele schade",2,"Personenauto","Fiets","Flank","Kruispunt, 4 takken",30,"Niet brandend","Daglicht","Droog",\N,\N,"Beukenstraat","Beesd","West Betuwe","Gelderland",false,51.884836,5.193034,"material damage only","4","clear",false,1,"GM1960"
"20240096321",2024,"Letsel",2,"Personenauto","Fiets","Onbekend","Kruispunt, 3 takken",50,"Niet brandend","Daglicht","Regen","Parkeervoorziening",\N,"Disketteweg","Amersfoort","Amersfoort","Utrecht",false,52.173497,5.404343,"injury","2","rain",false,1,"GM0307"
"20240096913",2024,"Uitsluitend materiele schade",2,"Fiets","Fiets","Flank","Rechte weg",50,"Niet brandend","Daglicht","Droog",\N,\N,"Middelweg","Zwolle","Zwolle","Overijssel",false,52.533651,6.083735,"material damage only","4","clear",false,1,"GM0193"
"20240045544",2024,"Uitsluitend materiele schade",2,"Bestelauto","Fiets","Flank","Kruispunt, 4 takken",50,"Niet brandend","Daglicht","Droog",\N,\N,"Jan van Brabantlaan","Helmond","Helmond","Noord-Brabant",false,51.484276,5.644216,"material damage only","4","clear",false,1,"GM0794"
"20240048567",2024,"Letsel",2,"Personenauto","Fiets","Flank","Rechte weg",30,"Niet brandend","Daglicht","Droog",\N,"267317045","De Bazelstraat","Utrecht","Utrecht","Utrecht",false,52.115981,5.077536,"injury","2","clear",false,1,"GM0344"
"20240074096",2024,"Uitsluitend materiele schade",2,"Personenauto","Fiets","Onbekend","Rotonde",50,"Niet brandend","Daglicht","Droog",\N,\N,"Gemullehoekenweg","Oisterwijk","Oisterwijk","Noord-Brabant",false,51.579934,5.200923,"material damage only","4","clear",false,1,"GM0824"
"20240087663",2024,"Uitsluitend materiele schade",2,"Personenauto","Fiets","Flank","Kruispunt, 4 takken",50,"Niet brandend","Daglicht","Droog",\N,\N,"Vreeswijksestraatweg","Nieuwegein","Nieuwegein","Utrecht",false,52.028724,5.08733,"material damage only","4","clear",false,1,"GM0356"
"20240088299",2024,"Uitsluitend materiele schade",2,"Fiets","Bestelauto","Onbekend",\N,\N,\N,"Daglicht",\N,\N,"236369009","Stolwijkstraat","Amsterdam","Amsterdam","Noord-Holland",false,52.350578,4.848502,"material damage only","4","unknown",false,1,"GM0363"
"20240090252",2024,"Letsel",2,"Bromfiets","Fiets","Frontaal","Rechte weg",50,"Niet aanwezig","Daglicht","Droog",\N,"61177036","Vlissings Jaagpad","Middelburg","Middelburg","Zeeland",false,51.484578,3.603966,"injury","2","clear",false,1,\N
"20240090876",2024,"Letsel",3,"Personenauto","Fiets","Los voorwerp","Kruispunt, 3 takken",30,\N,"Daglicht","Droog",\N,\N,"Oudeweg","Zierikzee","Schouwen-Duiveland","Zeeland",false,51.654236,3.919064,"injury","2","clear",false,1,"GM1676"
"20240093631",2024,"Uitsluitend materiele schade",2,"Personenauto","Fiets","Flank","Kruispunt, 3 takken",30,"Brandend","Schemer","Droog",\N,\N,"Frankhuizerallee","Zwolle","Zwolle","Overijssel",false,52.530248,6.053068,"material damage only","4","clear",false,1,"GM0193"
"20240094816",2024,"Letsel",1,"Fiets",\N,"Onbekend","Rechte weg",30,"Brandend","Duisternis","Droog",\N,"600889468","Eemslandweg","Zwartemeer","Emmen","Drenthe",false,52.72242,7.041437,"injury","2","clear",false,1,"GM0114"
"20240101872",2024,"Letsel",2,"Personenauto","Fiets","Onbekend",\N,30,\N,"Daglicht",\N,\N,"105215003","Weststraat","Zierikzee","Schouwen-Duiveland","Zeeland",false,51.64949,3.91329,"injury","2","unknown",false,1,"GM1676"
"20240101953",2024,"Uitsluitend materiele schade",1,"Fiets",\N,"Onbekend","Bocht",30,"Niet brandend","Daglicht","Droog",\N,"600134527","Willemsplein","'s-Hertogenbosch","'s-Hertogenbosch","Noord-Brabant",false,51.684378,5.293162,"material damage only","4","clear",false,1,"GM0796"
"20240103090",2024,"Uitsluitend materiele schade",2,"Personenauto","Fiets","Flank","Rechte weg",30,"Brandend","Duisternis","Droog",\N,"319169026","Groenewoudseweg","Eindhoven","Eindhoven","Noord-Brabant",false,51.451732,5.457004,"material damage only","4","clear",false,1,"GM0772"
"20240083829",2024,"Uitsluitend materiele schade",2,"Bestelauto","Fiets","Flank","Rechte weg",50,"Niet brandend","Daglicht","Droog",\N,"600634395","Sprundelseweg","Rucphen","Rucphen","Noord-Brabant",false,51.531431,4.571426,"material damage only","4","clear",false,1,"GM0840"
"20240087082",2024,"Uitsluitend materiele schade",1,"Fiets",\N,"Frontaal","Rechte weg",30,"Niet brandend","Daglicht","Droog",\N,"288378021","Botplein","Almere","Almere","Flevoland",false,52.389215,5.231016,"material damage only","4","clear",false,1,"GM0034"
"20240089019",2024,"Letsel",1,"Fiets",\N,"Onbekend","Bocht",30,"Niet brandend","Daglicht","Droog",\N,"178334045","Molenweg","Katwijk","Katwijk","Zuid-Holland",false,52.190111,4.423376,"injury","2","clear",false,1,"GM0537"
"20240094034",2024,"Letsel",2,"Personenauto","e-bike","Frontaal","Kruispunt, 4 takken",50,"Niet brandend","Daglicht","Droog",\N,\N,"Kopenhagenstraat","Hengelo","Hengelo (O)","Overijssel",false,52.293807,6.801482,"injury","2","clear",false,1,\N
"20240079329",2024,"Uitsluitend materiele schade",2,"Personenauto","Fiets","Flank","Rechte weg",30,"Niet brandend","Daglicht","Regen",\N,"207377093","Nassaulaan","Haarlem","Haarlem","Noord-Holland",true,52.384479,4.633917,"material damage only","4","rain",false,1,"GM0392"
"20240099729",2024,"Letsel",2,"Personenauto","Fiets","Flank","Kruispunt, 3 takken",15,"Niet brandend","Daglicht","Droog",\N,\N,"Touwbaan","Sliedrecht","Sliedrecht","Zuid-Holland",false,51.827342,4.751225,"injury","2","clear",false,1,"GM0610"
"20240045032",2024,"Uitsluitend materiele schade",2,"Personenauto","Fiets","Flank","Kruispunt, 4 takken",50,"Niet brandend","Daglicht","Droog",\N,\N,"Vinckenhofstraat","Venlo","Venlo","Limburg",false,51.369439,6.187353,"material damage only","4","clear",false,1,"GM0983"