"accident_id","year","severity_raw","party_count","party1_type","party2_type","accident_type","road_situation","speed_limit_kmh","road_lighting","light_condition_label","weather_raw","infra_type","road_segment_id","street_name","place_name","gemeente_name_raw","province","alcohol_indicated","latitude","longitude","severity_label","severity_code","weather_label","built_up_area","cyclists_involved","gemeente_code"
"20240050578",2024,"Uitsluitend materiele schade",1,"Fiets",\N,"Onbekend","Rechte weg",30,"Niet brandend","Daglicht","Regen",\N,"224432139","Frieseweg","Alkmaar","Alkmaar","Noord-Holland",false,52.632796,4.754889,"material damage only","4","rain",false,1,"GM0361"
"20240050603",2024,"Letsel",2,"Fiets","Fiets","Flank","Rechte weg",30,"Brandend","Duisternis","Droog",\N,"232402060","Faunastraat","Wormer","Wormerland","Noord-Holland",false,52.499447,4.813843,"injury","2","clear",false,1,"GM0880"
"20240080654",2024,"Uitsluitend materiele schade",2,"Fiets","Personenauto","Frontaal","Kruispunt, 3 takken",30,"Niet brandend","Daglicht","Droog",\N,\N,"Dr. Kuyperlaan","Waalwijk","Waalwijk","Noord-Brabant",false,51.690786,5.083983,"material damage only","4","clear",false,1,"GM0867"
"20240089088",2024,"Letsel",2,"Bestelauto","e-bike","Flank","Kruispunt, 4 takken",60,"Niet brandend","Daglicht","Droog",\N,\N,"Marktweg","Zwaagdijk-Oost","Medemblik","Noord-Holland",false,52.704679,5.158159,"injury","2","clear",false,1,"GM0420"
"20240091656",2024,"Letsel",2,"Personenauto","Fiets","Flank","Kruispunt, 3 takken",30,"Niet brandend","Daglicht","Droog",\N,\N,"Joseph Eijlstraat","Schiedam","Schiedam","Zuid-Holland",false,51.941804,4.368418,"injury","2","clear",false,1,"GM0606"
"20240097085",2024,"Letsel",2,"Bestelauto","Fiets","Kop/staart","Kruispunt, 3 takken",50,"Niet brandend","Daglicht","Droog",\N,\N,"Cattepoelseweg","Arnhem","Arnhem","Gelderland",false,52.005454,5.9084,"injury","2","clear",false,1,"GM0202"
"20240100166",2024,"Letsel",1,"Fiets",\N,"Onbekend","Rechte weg",30,"Niet aanwezig","Daglicht","Droog",\N,"168309013","Monseigneur van Steelaan","Voorburg","Leidschendam-Voorburg","Zuid-Holland",false,52.076091,4.353312,"injury","2","clear",false,1,"GM1916"
"20240100540",2024,"Letsel",2,"Personenauto","Fiets","Flank","Rotonde",50,"Niet brandend","Daglicht","Droog",\N,\N,"Zuidelijke Rondweg","Waddinxveen","Waddinxveen","Zuid-Holland",false,52.026789,4.66098,"injury","2","clear",false,1,"GM0627"
"20240100851",2024,"Letsel",2,"Motor","Fiets","Flank","Kruispunt, 4 takken",30,"Niet brandend","Daglicht","Droog",\N,\N,"Herensingel","Leiden","Leiden","Zuid-Holland",false,52.16335,4.50397,"injury","2","clear",false,1,"GM0546"
"20240045086",2024,"Uitsluitend materiele schade",2,"Personenauto","e-bike","Flank","Kruispunt, 3 takken",50,"Niet brandend","Daglicht","Droog",\N,\N,"Fakkellaan","Eindhoven","Eindhoven","Noord-Brabant",false,51.471688,5.453268,"material damage only","4","clear",false,1,"GM0772"
"20240049359",2024,"Letsel",2,"Bromfiets","Fiets","Flank","Kruispunt, 4 takken",50,"Niet brandend","Daglicht","Droog",\N,\N,"Imkerseind","Houten","Houten","Utrecht",false,52.034074,5.166558,"injury","2","clear",false,1,"GM0321"
"20240072747",2024,"Uitsluitend materiele schade",2,"Bestelauto","Fiets","Flank","Kruispunt, 3 takken",60,"Niet brandend","Daglicht","Regen",\N,\N,"Plantagebaan","Wouwse Plantage","Roosendaal","Noord-Brabant",false,51.485992,4.397113,"material damage only","4","rain",false,1,"GM1674"
"20240075943",2024,"Letsel",2,"Personenauto","Fiets","Frontaal","Kruispunt, 3 takken",50,"Niet brandend","Daglicht","Droog",\N,\N,"Hullenweg","Roden","Noordenveld","Drenthe",true,53.129012,6.430239,"injury","2","clear",false,1,"GM1699"
"20240100455",2024,"Letsel",2,"Bromfiets","Fiets","Flank","Kruispunt, 3 takken",60,"Niet aanwezig","Daglicht","Droog",\N,\N,"Krommeweg","Ridderkerk","Ridderkerk","Zuid-Holland",false,51.870979,4.568247,"injury","2","clear",false,1,"GM0597"
"20240101530",2024,"Uitsluitend materiele schade",2,"Personenauto","Fiets","Flank","Kruispunt, 4 takken",50,"Niet aanwezig","Daglicht","Droog",\N,\N,"Marathonloop","Eindhoven","Eindhoven","Noord-Brabant",false,51.478946,5.456,"material damage only","4","clear",false,1,"GM0772"
"20240071152",2024,"Letsel",1,"Fiets",\N,"Onbekend",\N,50,\N,"Daglicht","Droog",\N,"178334008","Valkenburgseweg","Katwijk","Katwijk","Zuid-Holland",false,52.189259,4.424557,"injury","2","clear",false,1,"GM0537"
"20240079461",2024,"Letsel",1,"Fiets",\N,"Onbekend","Rechte weg",\N,"Niet brandend","Daglicht","Droog/Harde windstoten",\N,"600915293","Kingsfordweg","Amsterdam","Amsterdam","Noord-Holland",false,52.386058,4.842572,"injury","2","unknown",false,1,"GM0363"
"20240085903",2024,"Letsel",2,"Fiets","Overig vast object","Vast voorwerp","Rechte weg",30,"Niet brandend","Daglicht","Droog",\N,"431589043","Havenstraat","Zoutkamp","Het Hogeland","Groningen",false,53.336687,6.300189,"injury","2","clear",false,1,"GM1966"
"20240100369",2024,"Letsel",1,"Fiets",\N,"Onbekend",\N,50,\N,"Duisternis",\N,\N,"209308103","Voorofscheweg","Boskoop","Alphen aan den Rijn","Zuid-Holland",false,52.073545,4.657958,"injury","2","unknown",false,1,"GM0484"
"20240100770",2024,"Uitsluitend materiele schade",2,"Personenauto","Fiets","Onbekend","Rotonde",50,"Niet brandend","Daglicht","Droog",\N,\N,"Rijksstraatweg","Hellevoetsluis","Voorne aan Zee","Zuid-Holland",false,51.833971,4.131472,"material damage only","4","clear",false,1,"GM1992"
"20240046431",2024,"Uitsluitend materiele schade",2,"Personenauto","Fiets","Flank","Kruispunt, 3 takken",50,"Niet brandend","Daglicht","Droog",\N,\N,"Piet Joubertstraat","Apeldoorn","Apeldoorn","Gelderland",false,52.223376,5.95164,"material damage only","4","clear",false,1,"GM0200"
"20240073116",2024,"Uitsluitend materiele schade",2,"Fiets","Personenauto","Flank","Kruispunt, 3 takken",50,"Niet brandend","Daglicht","Droog",\N,\N,"Kloosterstraat","Helden","Peel en Maas","Limburg",false,51.32003,6.002896,"material damage only","4","clear",false,1,"GM1894"
"20240075018",2024,"Letsel",2,"Bromfiets","Fiets","Flank","Kruispunt, 3 takken",60,"Niet brandend","Daglicht","Droog",\N,"370265008","Vredesplein","Oosterhout","Overbetuwe","Gelderland",false,51.883284,5.829822,"injury","2","clear",false,1,"GM1734"
"20240100819",2024,"Letsel",2,"Personenauto","Fiets","Onbekend","Rotonde",50,"Niet brandend","Daglicht","Droog",\N,\N,"Grote Kreek","Rotterdam","Rotterdam","Zuid-Holland",false,51.88676,4.534528,"injury","2","clear",false,1,"GM0599"
"20240102440",2024,"Uitsluitend materiele schade",2,"Personenauto","Fiets","Flank","Kruispunt, 3 takken",50,"Niet brandend","Daglicht","Droog",\N,\N,"Heuvelring","Tilburg","Tilburg","Noord-Brabant",false,51.558436,5.090587,"material damage only","4","clear",false,1,"GM0855"
"20240050099",2024,"Uitsluitend materiele schade",2,"Fiets","Fiets","Flank","Rechte weg",\N,"Niet brandend","Daglicht","Droog",\N,"244371108","Mauritskade","Amsterdam","Amsterdam","Noord-Holland",false,52.360078,4.908666,"material damage only","4","clear",false,1,"GM0363"
"20240072545",2024,"Uitsluitend materiele schade",2,"Fiets","Motor","Flank","Kruispunt, 3 takken",50,"Niet brandend","Daglicht","Droog",\N,\N,"Hertogstraat","Eindhoven","Eindhoven","Noord-Brabant",false,51.433069,5.485813,"material damage only","4","clear",false,1,"GM0772"
"20240044314",2024,"Letsel",2,"Personenauto","Fiets","Flank",\N,30,"Niet brandend","Daglicht","Regen",\N,"600791882","Schijndelseweg","Boxtel","Boxtel","Noord-Brabant",false,51.591962,5.333181,"injury","2","rain",false,1,"GM0757"
"20240087995",2024,"Uitsluitend materiele schade",2,"Personenauto","Fiets","Onbekend","Kruispunt, 4 takken",30,"Niet brandend","Daglicht","Droog",\N,\N,"Anna Paulownastraat","'s-Gravenhage","'s-Gravenhage","Zuid-Holland",false,52.08603,4.298516,"material damage only","4","clear",false,1,"GM0518"
"20240088001",2024,"Letsel",1,"Fiets",\N,"Eenzijdig","Kruispunt, 4 takken",30,"Niet brandend","Daglicht","Droog",\N,\N,"Voorweg","Zoetermeer","Zoetermeer","Zuid-Holland",false,52.06493,4.453001,"injury","2","clear",false,1,"GM0637"
"20240091857",2024,"Uitsluitend materiele schade",2,"Personenauto","Fiets","Flank","Rechte weg",30,"Brandend","Duisternis","Droog",\N,"601081697","Tramstraat","Eindhoven","Eindhoven","Noord-Brabant",false,51.439251,5.483502,"material damage only","4","clear",false,1,"GM0772"
"20240049527",2024,"Letsel",1,"Fiets",\N,"Onbekend","Rechte weg",50,"Niet aanwezig","Duisternis","Droog",\N,"600500815","Oranjepark","Harderwijk","Harderwijk","Gelderland",false,52.337197,5.621249,"injury","2","clear",false,1,"GM0243"
"20240073817",2024,"Letsel",1,"Fiets",\N,"Onbekend",\N,60,\N,"Daglicht",\N,\N,"92157001","P J Israëlweg","Ellewoutsdijk","Borsele","Zeeland",false,51.390645,3.835947,"injury","2","unknown",false,1,"GM0654"
"20240079621",2024,"Uitsluitend materiele schade",2,"Personenauto","Fiets","Flank","Rechte weg",30,"Niet brandend","Daglicht","Droog",\N,"241375081","Westerstraat","Amsterdam","Amsterdam","Noord-Holland",false,52.378478,4.884111,"material damage only","4","clear",false,1,"GM0363"
"20230050633",2023,"Letsel",2,"Personenauto","Fiets","Flank","Kruispunt, 4 takken",50,"Niet brandend","Daglicht","Regen",\N,\N,"Tafelbergweg","Amsterdam","Amsterdam","Noord-Holland",false,52.290627,4.965831,"injury","2","rain",false,1,"GM0363"
"20230055871",2023,"Letsel",2,"Bestelauto","Fiets","Eenzijdig","Rechte weg",50,"Niet brandend","Daglicht","Regen",\N,"600883052","Vaart NZ","Nieuw-Amsterdam","Emmen","Drenthe",false,52.716147,6.853057,"injury","2","rain",false,1,"GM0114"
"20230062068",2023,"Uitsluitend materiele schade",2,"Personenauto","Fiets","Flank","Rechte weg",30,"Niet brandend","Daglicht","Droog",\N,"380167028","Zonnedauw","Griendtsveen","Horst aan de Maas","Limburg",false,51.441319,5.891322,"material damage only","4","clear",false,1,"GM1507"
"20230065051",2023,"Uitsluitend materiele schade",2,"Personenauto","Fiets","Flank","Rotonde",30,"Niet brandend","Daglicht","Droog",\N,\N,"Waardenburglaan","Tiel","Tiel","Gelderland",false,51.878149,5.415825,"material damage only","4","clear",false,1,"GM0281"
"20230040741",2023,"Letsel",2,"Personenauto","Fiets","Frontaal","Kruispunt, 4 takken",30,"Niet brandend","Daglicht","Droog",\N,\N,"Van Poelgeestlaan","Leiderdorp","Leiderdorp","Zuid-Holland",false,52.158039,4.525365,"injury","2","clear",false,1,"GM0547"
"20230001109",2023,"Dodelijk",2,"Personenauto","Fiets","Flank","Kruispunt, 4 takken",80,"Niet brandend","Daglicht","Droog",\N,\N,"Wageningsestraat","Zetten","Overbetuwe","Gelderland",false,51.936076,5.716172,"fatal","1","clear",false,1,"GM1734"
"20230043087",2023,"Letsel",2,"Personenauto","Fiets","Onbekend","Kruispunt, 3 takken",30,"Niet brandend","Daglicht","Droog",\N,\N,"Kousteensedijk","Middelburg","Middelburg","Zeeland",false,51.49689,3.616607,"injury","2","clear",false,1,\N
"20230043655",2023,"Uitsluitend materiele schade",2,"Personenauto","Fiets","Frontaal","Rechte weg",60,"Niet brandend","Daglicht","Droog",\N,"377121002","Schoorstraat","Baexem","Leudal","Limburg",false,51.236059,5.871245,"material damage only","4","clear",false,1,"GM1640"
"20230048975",2023,"Letsel",1,"Fiets",\N,"Eenzijdig","Rechte weg",30,"Niet brandend","Daglicht","Droog",\N,"211289014","Dorpsstraat","Moordrecht","Zuidplas","Zuid-Holland",false,51.987383,4.673981,"injury","2","clear",false,1,"GM1892"
"20230049547",2023,"Letsel",3,"Fiets","Fiets","Onbekend","Rechte weg",50,"Niet brandend","Daglicht","Droog",\N,"163314043","Van Hogenhoucklaan","'s-Gravenhage","'s-Gravenhage","Zuid-Holland",false,52.099847,4.316308,"injury","2","clear",false,1,"GM0518"
"20230062957",2023,"Uitsluitend materiele schade",2,"Personenauto","Fiets","Onbekend","Rechte weg",\N,"Niet brandend","Daglicht","Droog",\N,"600847506","Keulsebaan","Roermond","Roermond","Limburg",false,51.173782,6.020568,"material damage only","4","clear",false,1,"GM0957"
"20230041375",2023,"Letsel",3,"Fiets","Bromfiets","Onbekend","Rechte weg",\N,"Niet brandend","Daglicht","Droog",\N,"57173006","Hercules Segherslaan","Vlissingen","Vlissingen","Zeeland",false,51.457492,3.572424,"injury","2","clear",false,1,"GM0718"
"20230045463",2023,"Uitsluitend materiele schade",2,"Personenauto","Fiets","Flank","Kruispunt, 4 takken",30,"Niet brandend","Daglicht","Droog",\N,\N,"Frankhuizerallee","Zwolle","Zwolle","Overijssel",false,52.52998,6.054151,"material damage only","4","clear",false,1,"GM0193"
"20230051311",2023,"Uitsluitend materiele schade",2,"Personenauto","Fiets","Flank","Kruispunt, 4 takken",30,"Niet brandend","Daglicht","Droog",\N,\N,"Aarnout Drostdreef","Goirle","Goirle","Noord-Brabant",false,51.530654,5.08151,"material damage only","4","clear",false,1,"GM0785"
"20230052491",2023,"Letsel",2,"Personenauto","e-bike","Flank","Kruispunt, 3 takken",30,"Niet brandend","Daglicht","Droog",\N,\N,"Burg Stemerdinglaan","Oost-Souburg","Vlissingen","Zeeland",false,51.466496,3.604202,"injury","2","clear",false,1,"GM0718"
"20230055954",2023,"Uitsluitend materiele schade",2,"Fiets","Fiets","Onbekend","Rechte weg",30,"Niet brandend","Daglicht","Droog",\N,"272312258","Catharijnesingel","Utrecht","Utrecht","Utrecht",false,52.092061,5.112137,"material damage only","4","clear",false,1,"GM0344"
"20230062588",2023,"Uitsluitend materiele schade",2,"Personenauto","Fiets","Flank","Kruispunt, 3 takken",50,"Niet aanwezig","Daglicht","Droog",\N,\N,"Marco Poloweg","Venlo","Venlo","Limburg",false,51.398578,6.087677,"material damage only","4","clear",false,1,"GM0983"
"20230065147",2023,"Letsel",2,"Fiets","Fiets","Onbekend","Rechte weg",50,"Niet brandend","Daglicht","Droog",\N,"600996954","Laan naar Eme","Zutphen","Zutphen","Gelderland",false,52.130135,6.195731,"injury","2","clear",false,1,"GM0301"
"20230050163",2023,"Letsel",2,"Bus","Fiets","Flank","Rotonde",50,"Niet brandend","Daglicht","Droog","Bus-/Tramhalte",\N,"Amstelveenseweg","Amsterdam","Amsterdam","Noord-Holland",false,52.349397,4.857634,"injury","2","clear",false,1,"GM0363"
"20230054253",2023,"Uitsluitend materiele schade",2,"Bromfiets","Fiets","Flank","Kruispunt, 3 takken",50,"Niet brandend","Daglicht","Droog",\N,\N,"Scharnerweg","Maastricht","Maastricht","Limburg",false,50.848755,5.715156,"material damage only","4","clear",false,1,"GM0935"
"20230059165",2023,"Uitsluitend materiele schade",3,"Bestelauto","Fiets","Onbekend","Rechte weg",30,"Niet brandend","Daglicht","Droog",\N,"242375033","Singel","Amsterdam","Amsterdam","Noord-Holland",false,52.378381,4.893907,"material damage only","4","clear",false,1,"GM0363"
"20230064291",2023,"Uitsluitend materiele schade",2,"Personenauto","Fiets","Flank","Kruispunt, 3 takken",30,"Niet brandend","Daglicht","Droog",\N,\N,"Burg.Backxlaan","Nieuwleusen","Dalfsen","Overijssel",false,52.574071,6.291938,"material damage only","4","clear",false,1,"GM0148"
"20230040299",2023,"Uitsluitend materiele schade",2,"Fiets","Bromfiets","Kop/staart","Rechte weg",30,"Niet brandend","Daglicht",\N,\N,\N,"Melis Stokelaan","'s-Gravenhage","'s-Gravenhage","Zuid-Holland",false,52.041823,4.271386,"material damage only","4","unknown",false,1,"GM0518"
"20230058238",2023,"Uitsluitend materiele schade",2,"Personenauto","Fiets","Flank","Rotonde",50,"Niet brandend","Daglicht","Droog",\N,\N,"Noordzijde","Bodegraven","Bodegraven-Reeuwijk","Zuid-Holland",false,52.082741,4.756952,"material damage only","4","clear",false,1,"GM1901"
"20240132628",2024,"Letsel",1,"Fiets",\N,"Onbekend","Rechte weg",15,"Brandend","Duisternis","Droog",\N,"209307012","Julianastraat","Boskoop","Alphen aan den Rijn","Zuid-Holland",false,52.069738,4.654635,"injury","2","clear",false,1,"GM0484"
"20240132868",2024,"Letsel",2,"Fiets","Overig vast object","Vast voorwerp","Rechte weg",50,"Niet brandend","Daglicht","Droog",\N,"600410777","Kruisherenweg","Leiden","Leiden","Zuid-Holland",false,52.13308,4.493388,"injury","2","clear",false,1,"GM0546"
"20230045593",2023,"Uitsluitend materiele schade",2,"Bestelauto","Fiets","Flank","Rechte weg",30,"Niet brandend","Daglicht","Droog",\N,"429377057","Jan van Arkelstraat","Raalte","Raalte","Overijssel",true,52.384651,6.267545,"material damage only","4","clear",false,1,"GM0177"
"20230049135",2023,"Letsel",2,"Personenauto","Fiets","Flank","Kruispunt, 4 takken",50,"Niet brandend","Daglicht","Droog",\N,\N,"Guldeland","Wateringen","Westland","Zuid-Holland",false,52.022296,4.277265,"injury","2","clear",false,1,"GM1783"
"20230055482",2023,"Uitsluitend materiele schade",3,"Personenauto","Fiets","Onbekend","Kruispunt, 3 takken",50,"Niet brandend","Daglicht","Droog",\N,\N,"Borgweg","Farmsum","Eemsdelta","Groningen",false,53.320051,6.91976,"material damage only","4","clear",false,1,"GM1979"
"20230056664",2023,"Letsel",2,"Fiets","Fiets","Flank","Kruispunt, 4 takken",30,"Niet brandend","Daglicht","Droog",\N,\N,"Laurillardlaan","Bilthoven","De Bilt","Utrecht",false,52.136462,5.210363,"injury","2","clear",false,1,"GM0310"
"20230057764",2023,"Uitsluitend materiele schade",2,"Personenauto","Fiets","Flank","Kruispunt, 3 takken",50,"Niet brandend","Daglicht","Droog",\N,\N,"Dr. Willem Dreessingel","Arnhem","Arnhem","Gelderland",false,51.947665,5.885032,"material damage only","4","clear",false,1,"GM0202"
"20230058532",2023,"Letsel",2,"Personenauto","Fiets","Flank","Rotonde",50,"Niet brandend","Daglicht","Droog",\N,\N,"Van Oldenbarneveltweg","Wassenaar","Wassenaar","Zuid-Holland",false,52.142746,4.400939,"injury","2","clear",false,1,"GM0629"
"20230064795",2023,"Letsel",1,"Fiets",\N,"Eenzijdig","Rechte weg",50,"Niet brandend","Daglicht","Droog",\N,"601020535","Mahatma Gandhiweg","Assen","Assen","Drenthe",false,53.014633,6.580817,"injury","2","clear",false,1,"GM0106"
"20240133344",2024,"Uitsluitend materiele schade",2,"Personenauto","Fiets","Frontaal","Rotonde",50,"Niet brandend","Daglicht","Droog",\N,"218296035","Graaf Florisweg","Gouda","Gouda","Zuid-Holland",false,52.018499,4.720763,"material damage only","4","clear",false,1,"GM0513"
"20230048613",2023,"Letsel",2,"Personenauto","Fiets","Flank","Kruispunt, 4 takken",50,"Niet brandend","Daglicht","Droog",\N,\N,"Scheveningseweg","'s-Gravenhage","'s-Gravenhage","Zuid-Holland",false,52.102257,4.278427,"injury","2","clear",false,1,"GM0518"
"20230053192",2023,"Letsel",2,"Fiets","Personenauto","Flank","Rechte weg",50,"Niet brandend","Daglicht","Droog",\N,"600772661","Kraaivenstraat","Tilburg","Tilburg","Noord-Brabant",false,51.586874,5.066349,"injury","2","clear",false,1,"GM0855"
"20240130987",2024,"Letsel",1,"Fiets",\N,"Onbekend","Rechte weg",30,"Niet brandend","Daglicht","Droog",\N,"251361020","Pikoletstraat","Amsterdam","Amsterdam","Noord-Holland",false,52.316031,4.961137,"injury","2","clear",false,1,"GM0363"
"20230040396",2023,"Letsel",2,"Fiets","Bromfiets","Frontaal","Rechte weg",15,"Niet brandend","Daglicht","Droog",\N,"600518900","Klapwijkseweg","Pijnacker","Pijnacker-Nootdorp","Zuid-Holland",false,52.007678,4.445863,"injury","2","clear",false,1,"GM1926"
"20230052071",2023,"Letsel",2,"Personenauto","Fiets","Frontaal","Rechte weg",30,"Niet brandend","Daglicht","Droog",\N,"165250005","Wilhelminastraat","Nieuw-Beijerland","Hoeksche Waard","Zuid-Holland",false,51.810581,4.34126,"injury","2","clear",false,1,"GM1963"
"20230059705",2023,"Letsel",2,"Personenauto","Fiets","Flank","Rotonde",50,"Niet brandend","Daglicht","Droog",\N,\N,"Westerweg","Alkmaar","Alkmaar","Noord-Holland",false,52.634544,4.739189,"injury","2","clear",false,1,"GM0361"
"20230061147",2023,"Letsel",2,"Personenauto","Fiets","Flank","Kruispunt, 4 takken",50,"Niet brandend","Daglicht","Droog",\N,\N,"Delfgauwseweg","Delft","Delft","Zuid-Holland",false,52.010183,4.372703,"injury","2","clear",false,1,"GM0503"
"20230061683",2023,"Letsel",2,"Bromfiets","Fiets","Frontaal","Rechte weg",50,"Niet brandend","Daglicht","Droog",\N,"600209693","Waldorpstraat","'s-Gravenhage","'s-Gravenhage","Zuid-Holland",false,52.062641,4.312357,"injury","2","clear",false,1,"GM0518"
"20230037560",2023,"Letsel",2,"Fiets","Fiets","Flank","Kruispunt, 4 takken",30,"Niet brandend","Daglicht","Droog",\N,\N,"Kruisweg","Haarlem","Haarlem","Noord-Holland",true,52.386645,4.636522,"injury","2","clear",false,1,"GM0392"
"20230048053",2023,"Uitsluitend materiele schade",2,"Personenauto","Fiets","Flank","Kruispunt, 4 takken",50,"Brandend","Schemer","Regen",\N,"266312125","Vaduzdijk","Utrecht","Utrecht","Utrecht",false,52.096412,5.068077,"material damage only","4","rain",false,1,"GM0344"
"20230048686",2023,"Letsel",2,"Bromfiets","Fiets","Flank","Kruispunt, 4 takken",30,"Niet brandend","Daglicht","Droog",\N,\N,"Europaweg","Zoetermeer","Zoetermeer","Zuid-Holland",false,52.064484,4.494018,"injury","2","clear",false,1,"GM0637"
"20230053867",2023,"Uitsluitend materiele schade",2,"Bestelauto","e-bike","Flank","Kruispunt, 3 takken",50,"Niet brandend","Daglicht","Droog",\N,\N,"Zevenhontseweg","'s-Hertogenbosch","'s-Hertogenbosch","Noord-Brabant",false,51.708487,5.319346,"material damage only","4","clear",false,1,"GM0796"
"20230056744",2023,"Uitsluitend materiele schade",2,"Personenauto","Fiets","Flank","Kruispunt, 3 takken",50,"Niet brandend","Daglicht","Droog",\N,\N,"Velperbinnensingel","Arnhem","Arnhem","Gelderland",false,51.981303,5.913746,"material damage only","4","clear",false,1,"GM0202"
"20230061164",2023,"Letsel",3,"Fiets","Motor","Frontaal","Bocht",50,"Niet brandend","Daglicht","Droog",\N,"219253003","Ketelweg","Papendrecht","Papendrecht","Zuid-Holland",true,51.828052,4.73127,"injury","2","clear",false,1,"GM0590"
"20230064127",2023,"Letsel",2,"Personenauto","Fiets","Flank","Kruispunt, 4 takken",50,"Niet brandend","Daglicht","Regen",\N,\N,"Dwarsdiep","Nieuw-Buinen","Borger-Odoorn","Drenthe",false,52.974722,6.95587,"injury","2","rain",false,1,"GM1681"
"20240133488",2024,"Uitsluitend materiele schade",2,"Personenauto","Fiets","Flank","Kruispunt, 3 takken",60,"Niet brandend","Daglicht","Droog",\N,\N,"Bilderdam","Leimuiden","Kaag en Braassem","Zuid-Holland",false,52.21163,4.723472,"material damage only","4","clear",false,1,"GM1884"
"20230042755",2023,"Uitsluitend materiele schade",2,"Personenauto","Fiets","Frontaal","Rechte weg",30,"Niet brandend","Daglicht","Droog",\N,"216250022","Schipbeekstraat","Dordrecht","Dordrecht","Zuid-Holland",false,51.815969,4.711404,"material damage only","4","clear",false,1,"GM0505"
"20230043955",2023,"Letsel",1,"Fiets",\N,"Eenzijdig","Rechte weg",60,"Niet aanwezig","Daglicht","Droog",\N,"600849521","Kijfwaard","Pannerden","Zevenaar","Gelderland",false,51.873253,6.054379,"injury","2","clear",false,1,"GM0299"
"20230046892",2023,"Uitsluitend materiele schade",2,"Personenauto","Fiets","Flank","Rechte weg",50,"Niet brandend","Daglicht","Droog",\N,"600738156","Leidsevaartweg","Heemstede","Heemstede","Noord-Holland",false,52.353653,4.603962,"material damage only","4","clear",false,1,"GM0397"
"20230048084",2023,"Letsel",2,"Personenauto","Fiets","Flank","Rechte weg",60,"Niet brandend","Daglicht","Droog",\N,"600617073","Leidsestraatweg","Harmelen","Woerden","Utrecht",false,52.097691,4.943787,"injury","2","clear",false,1,"GM0632"
"20230048692",2023,"Letsel",1,"Fiets",\N,"Eenzijdig","Rechte weg",\N,"Brandend","Duisternis","Droog",\N,"600925833","Valkenboslaan","'s-Gravenhage","'s-Gravenhage","Zuid-Holland",false,52.071599,4.275548,"injury","2","clear",false,1,"GM0518"
"20230049278",2023,"Letsel",1,"Fiets",\N,"Eenzijdig","Rechte weg",15,"Niet brandend","Daglicht","Droog",\N,"168294175","Markt","Delft","Delft","Zuid-Holland",false,52.011256,4.358231,"injury","2","clear",false,1,"GM0503"
"20230053308",2023,"Letsel",3,"Fiets","Fiets","Onbekend","Bocht",30,"Niet brandend","Daglicht","Droog",\N,\N,"Weeshuisplein","Vlaardingen","Vlaardingen","Zuid-Holland",false,51.909109,4.339455,"injury","2","clear",false,1,"GM0622"
"20240127286",2024,"Uitsluitend materiele schade",2,"Personenauto","Fiets","Flank","Kruispunt, 4 takken",50,"Niet brandend","Daglicht","Droog",\N,\N,"van Apelterenweg","Nijmegen","Nijmegen","Gelderland",false,51.814523,5.802763,"material damage only","4","clear",false,1,"GM0268"
"20240128207",2024,"Letsel",2,"Personenauto","Fiets","Flank","Rechte weg",80,"Brandend","Duisternis","Droog",\N,"426416006","Westeinde","Nieuwleusen","Dalfsen","Overijssel",false,52.559913,6.245252,"injury","2","clear",false,1,"GM0148"
"20230045763",2023,"Letsel",2,"Personenauto","Fiets","Flank","Rechte weg",30,"Niet aanwezig","Duisternis","Droog",\N,"464563086","Hoendiep","Groningen","Groningen","Groningen",false,53.214868,6.547582,"injury","2","clear",false,1,"GM0014"
"20230049859",2023,"Letsel",1,"Fiets",\N,"Eenzijdig","Kruispunt, 3 takken",30,"Niet brandend","Daglicht","Droog",\N,\N,"Veursestraatweg","Leidschendam","Leidschendam-Voorburg","Zuid-Holland",false,52.089266,4.401933,"injury","2","clear",false,1,"GM1916"
"20230061261",2023,"Letsel",2,"Fiets",\N,"Eenzijdig","Rotonde",50,"Niet brandend","Daglicht","Droog",\N,\N,"Leidseweg","Voorschoten","Voorschoten","Zuid-Holland",false,52.127033,4.448945,"injury","2","clear",false,1,"GM0626"
"20240127582",2024,"Letsel",1,"Fiets",\N,"Onbekend","Rechte weg",\N,"Brandend","Duisternis","Regen",\N,"600460124","Verlengde Blokkenweg","Ede","Ede","Gelderland",false,52.030124,5.65769,"injury","2","rain",false,1,"GM0228"
"20240128001",2024,"Letsel",2,"Snorfiets","Fiets","Flank","Kruispunt, 4 takken",30,"Brandend","Duisternis","Regen",\N,\N,"Burgemeester Kuntzelaan","Barneveld","Barneveld","Gelderland",false,52.141282,5.588716,"injury","2","rain",false,1,"GM0203"
"20230066416",2023,"Uitsluitend materiele schade",2,"Fiets","Fiets","Onbekend","Kruispunt, 3 takken",30,\N,"Daglicht",\N,\N,\N,"Westeinde","Amsterdam","Amsterdam","Noord-Holland",false,52.357911,4.899137,"material damage only","4","unknown",false,1,"GM0363"
"20230047564",2023,"Uitsluitend materiele schade",2,"Personenauto","e-bike","Flank","Kruispunt, 4 takken",50,"Niet brandend","Daglicht","Droog",\N,\N,"Bartokweg","Almere","Almere","Flevoland",false,52.366842,5.189685,"material damage only","4","clear",false,1,"GM0034"
"20230048179",2023,"Letsel",1,"Fiets",\N,"Eenzijdig","Rechte weg",50,"Niet brandend","Daglicht","Droog",\N,"601029863","De Molen","Houten","Houten","Utrecht",false,52.03139,5.171606,"injury","2","clear",false,1,"GM0321"
"20230053962",2023,"Uitsluitend materiele schade",2,"Personenauto","Fiets","Voetganger","Kruispunt, 4 takken",30,"Niet brandend","Daglicht","Droog",\N,\N,"Prins Mauritsstraat","Venlo","Venlo","Limburg",false,51.36317,6.142346,"material damage only","4","clear",false,1,"GM0983"