"accident_id","year","severity_raw","party_count","party1_type","party2_type","accident_type","road_situation","speed_limit_kmh","road_lighting","light_condition_label","weather_raw","infra_type","road_segment_id","street_name","place_name","gemeente_name_raw","province","alcohol_indicated","latitude","longitude","severity_label","severity_code","weather_label","built_up_area","cyclists_involved","gemeente_code"
"20230065955",2023,"Letsel",1,"Fiets",\N,"Eenzijdig","Rechte weg",30,"Niet brandend","Daglicht","Droog",\N,"600379749","Van Lansbergestraat","'s-Gravenhage","'s-Gravenhage","Zuid-Holland",false,52.087252,4.344683,"injury","2","clear",false,1,"GM0518"
"20230041727",2023,"Uitsluitend materiele schade",3,"Bus","Fiets","Onbekend","Rechte weg",50,"Niet brandend","Daglicht","Droog",\N,"322166130","Nieuwe Emmasingel","Eindhoven","Eindhoven","Noord-Brabant",false,51.438967,5.476304,"material damage only","4","clear",false,1,"GM0772"
"20230045843",2023,"Uitsluitend materiele schade",2,"Personenauto","Fiets","Flank","Rechte weg",30,"Niet brandend","Daglicht","Droog",\N,\N,"Heiweg","Malden","Heumen","Gelderland",false,51.791331,5.852721,"material damage only","4","clear",false,1,"GM0252"
"20230065997",2023,"Letsel",1,"Fiets",\N,"Eenzijdig","Rechte weg",50,"Niet brandend","Daglicht","Droog",\N,"600914982","Hagelingerweg","Santpoort-Noord","Velsen","Noord-Holland",false,52.4407,4.641439,"injury","2","clear",false,1,"GM0453"
"20240129345",2024,"Uitsluitend materiele schade",2,"Bestelauto","Fiets","Onbekend","Kruispunt, 4 takken",50,"Niet brandend","Daglicht","Droog",\N,\N,"Julianaparklaan","Utrecht","Utrecht","Utrecht",false,52.108322,5.08682,"material damage only","4","clear",false,1,"GM0344"
"20230042914",2023,"Letsel",1,"Fiets",\N,"Eenzijdig","Rechte weg",50,"Brandend","Duisternis","Droog",\N,"600798719","Ollandseweg","Sint-Oedenrode","Meierijstad","Noord-Brabant",false,51.570192,5.43453,"injury","2","clear",false,1,"GM1948"
"20230047617",2023,"Letsel",2,"Fiets","Fiets","Kop/staart","Rechte weg",50,"Niet brandend","Daglicht","Droog",\N,"275312085","Biltstraat","Utrecht","Utrecht","Utrecht",false,52.095487,5.133727,"injury","2","clear",false,1,"GM0344"
"20230050533",2023,"Letsel",1,"Fiets",\N,"Eenzijdig","Rechte weg",\N,"Niet brandend","Daglicht","Droog","Tunnel","204336069","Viaductpad","Roelofarendsveen","Kaag en Braassem","Zuid-Holland",false,52.202056,4.61807,"injury","2","clear",false,1,"GM1884"
"20230051696",2023,"Uitsluitend materiele schade",2,"Bromfiets","Fiets","Flank","Rechte weg",50,"Niet brandend","Daglicht","Droog",\N,"211251108","Noordendijk","Dordrecht","Dordrecht","Zuid-Holland",false,51.816007,4.6769,"material damage only","4","clear",false,1,"GM0505"
"20230061360",2023,"Uitsluitend materiele schade",2,"Personenauto","Fiets","Onbekend","Rechte weg",50,"Niet brandend","Daglicht","Droog",\N,"176274027","Franselaan","Rotterdam","Rotterdam","Zuid-Holland",false,51.91749,4.41839,"material damage only","4","clear",false,1,"GM0599"
"20230061895",2023,"Letsel",2,"Snorfiets","Fiets","Flank","Rechte weg",50,"Brandend","Duisternis","Droog",\N,"600703077","S.M. Hugo van Gijnweg","Dordrecht","Dordrecht","Zuid-Holland",false,51.791032,4.670899,"injury","2","clear",false,1,"GM0505"
"20230038358",2023,"Uitsluitend materiele schade",2,"Fiets","Scootmobiel","Frontaal","Rechte weg",30,"Niet brandend","Daglicht","Droog",\N,"263437073","Keern","Hoorn","Hoorn","Noord-Holland",false,52.652397,5.045041,"material damage only","4","clear",false,1,"GM0405"
"20230038380",2023,"Letsel",2,"e-bike","Fiets","Onbekend","Kruispunt, 4 takken",60,"Niet brandend","Daglicht","Droog",\N,\N,"Hulleweg","Beekbergen","Apeldoorn","Gelderland",false,52.149868,5.976775,"injury","2","clear",false,1,"GM0200"
"20230038937",2023,"Letsel",1,"Fiets",\N,"Eenzijdig","Rechte weg",30,"Niet brandend","Daglicht","Droog",\N,"181344031","Kerkstraat","Noordwijk","Noordwijk","Zuid-Holland",false,52.234375,4.446697,"injury","2","clear",false,1,"GM0575"
"20230040636",2023,"Letsel",2,"Fiets","Overig vast object","Vast voorwerp","Kruispunt, 4 takken",15,"Niet brandend","Daglicht","Droog",\N,\N,"Prinses Beatrixlaan","Rijswijk","Rijswijk","Zuid-Holland",false,52.034481,4.315899,"injury","2","clear",false,1,\N
"20230055232",2023,"Letsel",3,"Fiets","Fiets","Onbekend","Rechte weg",30,"Niet brandend","Daglicht","Droog",\N,"601121992","Zuidergrachtswal","Leeuwarden","Leeuwarden","Friesland",false,53.199012,5.799377,"injury","2","clear",false,1,"GM0080"
"20240130495",2024,"Uitsluitend materiele schade",2,"Personenauto","Fiets","Onbekend","Kruispunt, 4 takken",50,"Brandend","Schemer","Regen",\N,\N,"Kapperskolkweg","Doetinchem","Doetinchem","Gelderland",false,51.951857,6.281114,"material damage only","4","rain",false,1,"GM0222"
"20240130507",2024,"Letsel",2,"Personenauto","Fiets","Flank","Kruispunt, 4 takken",30,"Niet brandend","Daglicht","Droog",\N,\N,"Hooistraat","Druten","Druten","Gelderland",false,51.893486,5.608727,"injury","2","clear",false,1,"GM0225"
"20240131253",2024,"Letsel",2,"Fiets","Bestelauto","Flank","Kruispunt, 3 takken",30,"Niet brandend","Daglicht","Droog",\N,\N,"Kramatweg","Amsterdam","Amsterdam","Noord-Holland",false,52.366163,4.944924,"injury","2","clear",false,1,"GM0363"
"20230039537",2023,"Letsel",2,"Fiets","Fiets","Flank","Rechte weg",50,"Niet brandend","Daglicht","Regen",\N,"187327078","Hooigracht","Leiden","Leiden","Zuid-Holland",false,52.156722,4.495116,"injury","2","rain",false,1,"GM0546"
"20230053524",2023,"Letsel",2,"Fiets","Personenauto","Frontaal","Bocht",60,"Niet brandend","Daglicht","Droog",\N,"391017002","Epenerbaan","Vaals","Vaals","Limburg",false,50.76437,5.973714,"injury","2","clear",false,1,"GM0981"
"20240131724",2024,"Letsel",2,"Fiets","Fiets","Kop/staart","Rechte weg",60,"Niet aanwezig","Daglicht","Droog",\N,"600754220","Pijpersdijk","De Koog","Texel","Noord-Holland",false,53.085457,4.78945,"injury","2","clear",false,1,"GM0448"
"20240131960",2024,"Letsel",2,"Fiets",\N,"Flank","Kruispunt, 3 takken",50,"Niet brandend","Daglicht","Droog",\N,\N,"FIETSPAD","Hoofddorp","Haarlemmermeer","Noord-Holland",false,52.299769,4.653813,"injury","2","clear",false,1,"GM0394"
"20240133454",2024,"Letsel",2,"Fiets","Fiets","Onbekend","Bocht",60,"Niet brandend","Daglicht","Droog","Brug/viaduct","600967144","West-Vlisterdijk","Vlist","Krimpenerwaard","Zuid-Holland",false,51.973216,4.822905,"injury","2","clear",false,1,"GM1931"
"20220198788",2022,"Letsel",2,"Fiets","Personenauto","Flank","Kruispunt, 3 takken",30,"Brandend","Duisternis","Regen",\N,\N,"Dorpsstraat","Bennekom","Ede","Gelderland",false,51.997746,5.6758,"injury","2","rain",false,1,"GM0228"
"20220215162",2022,"Letsel",2,"Personenauto","Fiets","Frontaal","Kruispunt, 3 takken",50,"Brandend","Duisternis","Droog",\N,\N,"Industrieweg","Nieuwkoop","Nieuwkoop","Zuid-Holland",false,52.159105,4.781205,"injury","2","clear",false,1,"GM0569"
"20220203145",2022,"Letsel",2,"Vrachtauto","Fiets","Flank","Kruispunt, 4 takken",50,"Niet brandend","Daglicht","Droog",\N,\N,"Blekerijlaan","Woerden","Woerden","Utrecht",false,52.077786,4.890344,"injury","2","clear",false,1,"GM0632"
"20220209783",2022,"Letsel",1,"Fiets",\N,"Eenzijdig","Bocht",30,"Brandend","Duisternis","Droog",\N,\N,"Karel de Grotelaan","Bergen (NH)","Bergen (NH)","Noord-Holland",false,52.666612,4.709148,"injury","2","clear",false,1,\N
"20220219465",2022,"Uitsluitend materiele schade",2,"Personenauto","Fiets","Flank","Kruispunt, 3 takken",50,"Niet brandend","Daglicht","Droog",\N,\N,"Leklaan","Ridderkerk","Ridderkerk","Zuid-Holland",false,51.88807,4.581554,"material damage only","4","clear",false,1,"GM0597"
"20220226154",2022,"Letsel",4,"Personenauto","Fiets","Onbekend","Rechte weg",80,"Niet aanwezig","Daglicht","Regen",\N,\N,"Markdijk","Klundert","Moerdijk","Noord-Brabant",false,51.631605,4.568972,"injury","2","rain",false,1,"GM1709"
"20220231422",2022,"Letsel",2,"e-bike","Overig wegmeubilair","Vast voorwerp","Rechte weg",50,"Niet brandend","Daglicht","Regen",\N,"381095046","Merelstraat","Sint Joost","Echt-Susteren","Limburg",false,51.116971,5.896153,"injury","2","rain",false,1,"GM1711"
"20220199644",2022,"Uitsluitend materiele schade",2,"Fiets","Personenauto","Flank","Kruispunt, 4 takken",30,"Brandend","Duisternis","Droog",\N,\N,"Burgemeester Labreelaan","Barneveld","Barneveld","Gelderland",false,52.124489,5.574761,"material damage only","4","clear",false,1,"GM0203"
"20220200331",2022,"Letsel",2,"e-bike","e-bike","Frontaal","Rechte weg",50,"Niet aanwezig","Duisternis","Droog","Brug/viaduct","600883299","Pallastweg","Hengelo","Hengelo (O)","Overijssel",false,52.277414,6.841618,"injury","2","clear",false,1,\N
"20220210983",2022,"Uitsluitend materiele schade",2,"Trekker","Fiets","Flank","Kruispunt, 4 takken",50,"Niet brandend","Daglicht","Droog",\N,\N,"Stadionweg","Amsterdam","Amsterdam","Noord-Holland",false,52.346788,4.87231,"material damage only","4","clear",false,1,"GM0363"
"20220214561",2022,"Letsel",1,"Fiets",\N,"Eenzijdig",\N,30,\N,"Duisternis",\N,\N,"600632303","Engelselaan","Voorhout","Teylingen","Zuid-Holland",false,52.228797,4.498434,"injury","2","unknown",false,1,"GM1525"
"20220215977",2022,"Letsel",1,"Fiets",\N,"Eenzijdig","Rechte weg",\N,"Brandend","Duisternis","Droog",\N,"600507222","Javastraat","'s-Gravenhage","'s-Gravenhage","Zuid-Holland",false,52.087718,4.303264,"injury","2","clear",false,1,"GM0518"
"20220219496",2022,"Uitsluitend materiele schade",2,"Personenauto","Fiets","Onbekend","Rechte weg",30,"Niet aanwezig","Daglicht","Droog",\N,"600727159","Berkelsekade","Berkel en Rodenrijs","Lansingerland","Zuid-Holland",false,51.998587,4.464087,"material damage only","4","clear",false,1,"GM1621"
"20220228151",2022,"Uitsluitend materiele schade",2,"Fiets","Personenauto","Flank","Rotonde",50,"Niet aanwezig","Daglicht","Droog",\N,\N,"Hapsebaan","Cuijk","Land van Cuijk","Noord-Brabant",false,51.719812,5.881683,"material damage only","4","clear",false,1,"GM1982"
"20220203266",2022,"Uitsluitend materiele schade",2,"Personenauto","Fiets","Flank","Rotonde",50,"Niet brandend","Daglicht","Droog",\N,\N,"Urkerweg","Emmeloord","Noordoostpolder","Flevoland",false,52.707784,5.740913,"material damage only","4","clear",false,1,"GM0171"
"20220216060",2022,"Letsel",2,"Fiets","Overig wegmeubilair","Vast voorwerp","Kruispunt, 3 takken",50,"Niet brandend","Daglicht","Droog","Brug/viaduct",\N,"Slangeweg","Vlist","Krimpenerwaard","Zuid-Holland",false,51.971904,4.827384,"injury","2","clear",false,1,"GM1931"
"20220224535",2022,"Letsel",2,"Fiets","Personenauto","Flank","Kruispunt, 4 takken",50,"Niet brandend","Daglicht","Droog",\N,\N,"Axelsestraat","Terneuzen","Terneuzen","Zeeland",false,51.331264,3.832986,"injury","2","clear",false,1,"GM0715"
"20220216064",2022,"Letsel",2,"Personenauto","Fiets","Flank","Kruispunt, 4 takken",50,"Niet brandend","Daglicht","Droog",\N,\N,"FIETSPAD","Delft","Delft","Zuid-Holland",false,51.992601,4.35637,"injury","2","clear",false,1,"GM0503"
"20220200444",2022,"Uitsluitend materiele schade",2,"Personenauto","e-bike","Flank","Kruispunt, 4 takken",50,"Brandend","Duisternis","Droog",\N,\N,"Blaloweg","Zwolle","Zwolle","Overijssel",false,52.51684,6.077576,"material damage only","4","clear",false,1,"GM0193"
"20220203338",2022,"Uitsluitend materiele schade",2,"Bromfiets","e-bike","Frontaal","Rechte weg",30,"Niet brandend","Daglicht","Droog",\N,"320404163","SCHOUWBRUG","Lelystad","Lelystad","Flevoland",false,52.507123,5.4674,"material damage only","4","clear",false,1,"GM0995"
"20220205537",2022,"Uitsluitend materiele schade",2,"Personenauto","Fiets","Flank","Kruispunt, 4 takken",\N,"Niet brandend","Daglicht","Regen",\N,\N,"San Franciscostraat","Almere","Almere","Flevoland",false,52.394642,5.270814,"material damage only","4","rain",false,1,"GM0034"
"20220222501",2022,"Uitsluitend materiele schade",2,"Bromfiets","Fiets","Flank","Kruispunt, 3 takken",30,"Niet brandend","Duisternis","Droog",\N,\N,"Strevelsweg","Rotterdam","Rotterdam","Zuid-Holland",false,51.888309,4.49417,"material damage only","4","clear",false,1,"GM0599"
"20220225556",2022,"Uitsluitend materiele schade",1,"Fiets",\N,"Onbekend","Kruispunt, 3 takken",30,"Niet brandend","Daglicht","Droog",\N,\N,"Lijsterbesstraat","Terheijden","Drimmelen","Noord-Brabant",false,51.642998,4.755827,"material damage only","4","clear",false,1,"GM1719"
"20220229031",2022,"Uitsluitend materiele schade",2,"Personenauto","Fiets","Flank","Kruispunt, 3 takken",30,"Niet aanwezig","Daglicht","Droog",\N,\N,"Papaverstraat","Schijndel","Meierijstad","Noord-Brabant",false,51.628211,5.423524,"material damage only","4","clear",false,1,"GM1948"
"20220211805",2022,"Letsel",1,"Fiets",\N,"Eenzijdig","Rechte weg",30,"Brandend","Duisternis","Droog",\N,"247370091","Linnaeusstraat","Amsterdam","Amsterdam","Noord-Holland",false,52.356081,4.927731,"injury","2","clear",false,1,"GM0363"
"20220213857",2022,"Letsel",3,"Fiets","Fiets","Onbekend","Rechte weg",15,"Niet brandend","Daglicht","Droog",\N,"184301061","Edelsteensingel","Zoetermeer","Zoetermeer","Zuid-Holland",false,52.040275,4.475247,"injury","2","clear",false,1,"GM0637"
"20220215416",2022,"Letsel",1,"Fiets",\N,"Eenzijdig","Rechte weg",60,"Brandend","Duisternis","Droog",\N,"600631810","Galgeweg","'s-Gravenzande","Westland","Zuid-Holland",false,51.983668,4.205149,"injury","2","clear",false,1,"GM1783"
"20220231696",2022,"Uitsluitend materiele schade",2,"Personenauto","Fiets","Flank","Kruispunt, 4 takken",50,"Niet brandend","Daglicht","Droog",\N,\N,"Henri Dunantstraat","Heerlen","Heerlen","Limburg",false,50.866682,5.977829,"material damage only","4","clear",false,1,"GM0917"
"20220205635",2022,"Uitsluitend materiele schade",2,"Fiets","Personenauto","Flank","Kruispunt, 3 takken",50,"Niet brandend","Schemer","Droog",\N,\N,"Middellaan","Veenendaal","Veenendaal","Utrecht",false,52.011511,5.543741,"material damage only","4","clear",false,1,"GM0345"
"20220230991",2022,"Letsel",1,"Fiets",\N,"Eenzijdig","Rechte weg",50,"Brandend","Duisternis","Droog","Bus-/Tramhalte","380109030","Heerbaan","Heel","Maasgouw","Limburg",false,51.179942,5.895625,"injury","2","clear",false,1,"GM1641"
"20220210504",2022,"Uitsluitend materiele schade",2,"Bestelauto","Fiets","Flank","Rechte weg",30,"Niet brandend","Daglicht","Droog",\N,"242370121","Ceintuurbaan","Amsterdam","Amsterdam","Noord-Holland",false,52.352976,4.892854,"material damage only","4","clear",false,1,"GM0363"
"20220211889",2022,"Letsel",2,"Personenauto","Fiets","Frontaal","Kruispunt, 4 takken",50,"Brandend","Duisternis","Droog",\N,\N,"Daguerrestraat","Amsterdam","Amsterdam","Noord-Holland",false,52.357711,4.990983,"injury","2","clear",false,1,"GM0363"
"20220217671",2022,"Letsel",1,"Fiets",\N,"Eenzijdig","Rechte weg",30,"Niet brandend","Daglicht","Droog",\N,"178296099","Oostlaan","Pijnacker","Pijnacker-Nootdorp","Zuid-Holland",false,52.019179,4.430803,"injury","2","clear",false,1,"GM1926"
"20220220642",2022,"Letsel",2,"Personenauto","Fiets","Flank","Kruispunt, 4 takken",50,"Brandend","Duisternis","Regen",\N,\N,"Pascalweg","Rotterdam","Rotterdam","Zuid-Holland",false,51.876969,4.522012,"injury","2","rain",false,1,"GM0599"
"20220214881",2022,"Uitsluitend materiele schade",2,"Fiets","Personenauto","Flank","Rechte weg",30,"Niet brandend","Daglicht","Droog",\N,\N,"Paul Steenbergenlaan","'s-Gravenhage","'s-Gravenhage","Zuid-Holland",false,52.017597,4.299646,"material damage only","4","clear",false,1,"GM0518"
"20220221360",2022,"Letsel",2,"Personenauto","Fiets","Onbekend","Rechte weg",50,"Niet brandend","Daglicht","Regen",\N,"600111947","Groenezoom","Rotterdam","Rotterdam","Zuid-Holland",false,51.885406,4.513463,"injury","2","rain",false,1,"GM0599"
"20220212020",2022,"Letsel",2,"Personenauto","Fiets","Flank","Kruispunt, 3 takken",50,"Brandend","Duisternis","Droog",\N,\N,"Boomgaard","Aalsmeer","Aalsmeer","Noord-Holland",false,52.277437,4.796261,"injury","2","clear",false,1,"GM0358"
"20220217075",2022,"Letsel",2,"Trekker","Fiets","Frontaal","Rotonde",80,"Niet brandend","Schemer","Droog",\N,\N,"Dijklaan","Bergambacht","Krimpenerwaard","Zuid-Holland",false,51.930779,4.785496,"injury","2","clear",false,1,"GM1931"
"20220227780",2022,"Letsel",1,"Fiets",\N,"Eenzijdig","Rechte weg",50,"Brandend","Duisternis","Droog",\N,"302226012","Balkweg","'s-Hertogenbosch","'s-Hertogenbosch","Noord-Brabant",false,51.708728,5.330303,"injury","2","clear",false,1,"GM0796"
"20220202836",2022,"Letsel",1,"Fiets",\N,"Eenzijdig",\N,\N,\N,"Daglicht",\N,\N,"600546478","Kerkstraat","Soest","Soest","Utrecht",false,52.168545,5.309815,"injury","2","unknown",false,1,"GM0342"
"20220212067",2022,"Uitsluitend materiele schade",2,"Bromfiets","Fiets","Frontaal","Rechte weg",50,"Brandend","Duisternis","Droog",\N,"241373067","Huidenstraat","Amsterdam","Amsterdam","Noord-Holland",true,52.368819,4.885663,"material damage only","4","clear",false,1,"GM0363"
"20220213305",2022,"Letsel",2,"Snorfiets","Fiets","Frontaal","Rechte weg",50,"Niet brandend","Daglicht","Droog",\N,"156308078","Mient","'s-Gravenhage","'s-Gravenhage","Zuid-Holland",false,52.070067,4.266095,"injury","2","clear",false,1,"GM0518"
"20220214958",2022,"Uitsluitend materiele schade",2,"Bromfiets","e-bike","Frontaal","Rechte weg",30,"Niet brandend","Daglicht","Droog",\N,"600595171","Loevesteinlaan","'s-Gravenhage","'s-Gravenhage","Zuid-Holland",false,52.045868,4.287944,"material damage only","4","clear",false,1,"GM0518"
"20220217138",2022,"Letsel",2,"Fiets","Fiets","Onbekend","Rechte weg",50,"Brandend","Duisternis","Droog",\N,"164312003","Weissenbruchstraat","'s-Gravenhage","'s-Gravenhage","Zuid-Holland",false,52.091611,4.324289,"injury","2","clear",false,1,"GM0518"
"20220219203",2022,"Uitsluitend materiele schade",2,"Snorfiets","Fiets","Frontaal","Bocht",50,"Niet brandend","Daglicht","Droog",\N,"600565189","Hoefweg","Bleiswijk","Lansingerland","Zuid-Holland",false,52.018798,4.534429,"material damage only","4","clear",false,1,"GM1621"
"20220224997",2022,"Letsel",2,"Personenauto","e-bike","Frontaal","Rotonde",50,"Brandend","Duisternis","Droog",\N,\N,"Bosscheweg","Berkel-Enschot","Tilburg","Noord-Brabant",false,51.576791,5.144773,"injury","2","clear",false,1,"GM0855"
"20220202871",2022,"Uitsluitend materiele schade",2,"Fiets","e-bike","Flank","Kruispunt, 4 takken",\N,"Brandend","Duisternis","Droog",\N,\N,"FIETSPAD","Utrecht","Utrecht","Utrecht",false,52.092895,5.112088,"material damage only","4","clear",false,1,"GM0344"
"20220208811",2022,"Uitsluitend materiele schade",2,"e-bike","Personenauto","Geparkeerd voertuig","Kruispunt, 4 takken",30,"Niet brandend","Daglicht","Droog","Parkeervoorziening",\N,"Burg D Kooimanweg","Purmerend","Purmerend","Noord-Holland",false,52.525973,4.957238,"material damage only","4","clear",false,1,"GM0439"
"20220210739",2022,"Uitsluitend materiele schade",2,"Personenauto","Fiets","Flank","Kruispunt, 4 takken",50,"Niet brandend","Daglicht","Regen",\N,\N,"Utrechtsestraat","Amsterdam","Amsterdam","Noord-Holland",false,52.362887,4.898663,"material damage only","4","rain",false,1,"GM0363"
"20220216515",2022,"Letsel",3,"Fiets","Personenauto","Onbekend","Kruispunt, 4 takken",50,"Niet brandend","Daglicht","Regen",\N,\N,"Kanaalstraat","Waddinxveen","Waddinxveen","Zuid-Holland",false,52.043895,4.653846,"injury","2","rain",false,1,"GM0627"
"20220201563",2022,"Letsel",2,"Fiets","Fiets","Flank","Kruispunt, 3 takken",30,"Niet brandend","Daglicht","Droog",\N,\N,"Rolklaver","Kampen","Kampen","Overijssel",false,52.549727,5.898193,"injury","2","clear",false,1,"GM0166"
"20220205210",2022,"Uitsluitend materiele schade",2,"Personenauto","Fiets","Flank","Kruispunt, 4 takken",50,"Brandend","Schemer","Droog",\N,\N,"Safariweg","Maarssen","Stichtse Vecht","Utrecht",false,52.136375,5.031526,"material damage only","4","clear",false,1,"GM1904"
"20220215086",2022,"Letsel",2,"Fiets","Fiets","Onbekend","Rechte weg",30,"Niet aanwezig","Daglicht","Droog",\N,\N,"Hogeboomseweg","Wassenaar","Wassenaar","Zuid-Holland",false,52.154888,4.418166,"injury","2","clear",false,1,"GM0629"
"20220220865",2022,"Letsel",2,"Personenauto","e-bike","Flank","Rotonde",50,"Niet brandend","Daglicht","Droog",\N,\N,"Ringdijk","Zwijndrecht","Zwijndrecht","Zuid-Holland",false,51.813689,4.646396,"injury","2","clear",false,1,"GM0642"
"20240138309",2024,"Letsel",1,"Fiets",\N,"Onbekend","Rechte weg",50,"Brandend","Duisternis","Regen",\N,\N,"Hamsherne","Drogeham","Achtkarspelen","Friesland",false,53.194811,6.118782,"injury","2","rain",false,1,"GM0059"
"20240138995",2024,"Letsel",2,"Personenauto","Fiets","Flank","Kruispunt, 4 takken",50,"Brandend","Schemer","Mist",\N,\N,"Wilhelminalaan","Beuningen Gld","Beuningen","Gelderland",false,51.85758,5.766759,"injury","2","fog",false,1,"GM0209"
"20240142177",2024,"Uitsluitend materiele schade",2,"Personenauto","e-bike","Flank","Kruispunt, 4 takken",30,"Niet brandend","Daglicht","Regen",\N,\N,"Vondelstraat","Alkmaar","Alkmaar","Noord-Holland",false,52.616519,4.742333,"material damage only","4","rain",false,1,"GM0361"
"20240143188",2024,"Letsel",1,"Fiets",\N,"Onbekend","Rechte weg",30,"Niet brandend","Daglicht","Droog",\N,"600974860","Apollotoren","Leiden","Leiden","Zuid-Holland",false,52.139012,4.47282,"injury","2","clear",false,1,"GM0546"
"20240137113",2024,"Letsel",2,"Fiets","Fiets","Onbekend","Kruispunt, 4 takken",30,"Niet brandend","Daglicht","Droog",\N,\N,"Sint Martinusstraat","Venlo","Venlo","Limburg",false,51.371528,6.172463,"injury","2","clear",false,1,"GM0983"
"20240137777",2024,"Letsel",1,"Fiets",\N,"Onbekend","Rechte weg",30,"Niet brandend","Daglicht","Droog",\N,\N,"Koudekerkseweg","Middelburg","Middelburg","Zeeland",false,51.492584,3.601192,"injury","2","clear",false,1,\N
"20240140223",2024,"Uitsluitend materiele schade",2,"Bestelauto","Fiets","Flank","Kruispunt, 4 takken",50,"Niet brandend","Daglicht","Droog",\N,\N,"Krugerweg","Hilversum","Hilversum","Noord-Holland",false,52.23442,5.161235,"material damage only","4","clear",false,1,"GM0402"
"20240148461",2024,"Uitsluitend materiele schade",2,"Personenauto","Fiets","Flank","Kruispunt, 4 takken",30,"Brandend","Duisternis","Regen",\N,\N,"Laan van Presikhaaf","Arnhem","Arnhem","Gelderland",false,51.986828,5.942488,"material damage only","4","rain",false,1,"GM0202"
"20240148472",2024,"Uitsluitend materiele schade",2,"Fiets","Bromfiets","Frontaal","Bocht",30,"Brandend","Duisternis","Droog",\N,"364557175","Stationsweg","Leeuwarden","Leeuwarden","Friesland",false,53.196756,5.792217,"material damage only","4","clear",false,1,"GM0080"
"20240140257",2024,"Uitsluitend materiele schade",2,"Fiets","Bromfiets","Flank","Kruispunt, 4 takken",30,"Niet brandend","Daglicht","Droog",\N,\N,"Eelerberg","Amersfoort","Amersfoort","Utrecht",false,52.198062,5.410065,"material damage only","4","clear",false,1,"GM0307"
"20240141806",2024,"Uitsluitend materiele schade",2,"Personenauto","Fiets","Flank","Kruispunt, 4 takken",30,"Brandend","Duisternis","Droog",\N,\N,"Vijzelstraat","Amsterdam","Amsterdam","Noord-Holland",false,52.365358,4.892818,"material damage only","4","clear",false,1,"GM0363"
"20240142725",2024,"Letsel",2,"Fiets","Personenauto","Frontaal","Rotonde",30,"Niet brandend","Daglicht","Regen",\N,\N,"Rembrandtlaan","Woerden","Woerden","Utrecht",false,52.08809,4.871895,"injury","2","rain",false,1,"GM0632"
"20240134669",2024,"Uitsluitend materiele schade",2,"e-bike","Voetganger","Voetganger","Rechte weg",50,"Niet brandend","Daglicht","Droog","Tunnel","600508030","FIETSPAD","Vlaardingen","Vlaardingen","Zuid-Holland",false,51.908578,4.367612,"material damage only","4","clear",false,1,"GM0622"
"20240143851",2024,"Letsel",2,"Fiets","Vrachtauto","Onbekend","Kruispunt, 4 takken",50,"Niet brandend","Daglicht","Droog",\N,\N,"Prins Hendrikstraat","'s-Gravenhage","'s-Gravenhage","Zuid-Holland",false,52.080408,4.289853,"injury","2","clear",false,1,"GM0518"
"20240150304",2024,"Uitsluitend materiele schade",2,"Personenauto","Fiets","Flank","Kruispunt, 3 takken",50,"Brandend","Duisternis","Regen",\N,\N,"Emmastraat","Hilversum","Hilversum","Noord-Holland",false,52.220308,5.180621,"material damage only","4","rain",false,1,"GM0402"
"20240150874",2024,"Letsel",2,"Personenauto","Fiets","Onbekend","Rechte weg",15,"Niet brandend","Daglicht","Droog",\N,"506357044","Robert Stolzstraat","Hengelo","Hengelo (O)","Overijssel",false,52.286192,6.826978,"injury","2","clear",false,1,\N
"20240150886",2024,"Uitsluitend materiele schade",2,"Fiets","Personenauto","Flank","Kruispunt, 3 takken",50,"Niet brandend","Daglicht","Droog",\N,\N,"Groeneweg","Eerbeek","Brummen","Gelderland",false,52.107965,6.065723,"material damage only","4","clear",false,1,"GM0213"
"20240139199",2024,"Letsel",2,"Personenauto","Fiets","Flank","Rechte weg",50,"Niet aanwezig","Schemer","Droog",\N,"473561027","Narvikweg","Groningen","Groningen","Groningen",false,53.204388,6.608156,"injury","2","clear",false,1,"GM0014"
"20240141178",2024,"Letsel",2,"Personenauto","Fiets","Onbekend","Kruispunt, 4 takken",50,"Brandend","Schemer","Regen",\N,\N,"Hoge Hondstraat","Deventer","Deventer","Overijssel",false,52.26436,6.166387,"injury","2","rain",false,1,"GM0150"
"20240143904",2024,"Uitsluitend materiele schade",2,"Fiets","Snorfiets","Kop/staart","Rechte weg",50,"Niet brandend","Daglicht","Droog",\N,"600742361","Zijde","Boskoop","Alphen aan den Rijn","Zuid-Holland",false,52.074935,4.650177,"material damage only","4","clear",false,1,"GM0484"
"20240136681",2024,"Uitsluitend materiele schade",2,"Personenauto","Fiets","Flank","Kruispunt, 4 takken",50,"Brandend","Duisternis","Droog",\N,\N,"Weg door de Rijpel","Helmond","Helmond","Noord-Brabant",false,51.471983,5.706047,"material damage only","4","clear",false,1,"GM0794"
"20240143953",2024,"Uitsluitend materiele schade",2,"Personenauto","Fiets","Flank","Kruispunt, 3 takken",50,"Niet brandend","Daglicht","Regen",\N,\N,"de Bruyn Kopsstraat","Rijswijk","Rijswijk","Zuid-Holland",false,52.043764,4.334856,"material damage only","4","rain",false,1,\N
"20240144537",2024,"Letsel",2,"Personenauto","Fiets","Flank","Rechte weg",30,"Niet brandend","Daglicht","Droog",\N,\N,"Rodenrijseweg","Berkel en Rodenrijs","Lansingerland","Zuid-Holland",false,51.976698,4.459043,"injury","2","clear",false,1,"GM1621"