"accident_id","year","severity_raw","party_count","party1_type","party2_type","accident_type","road_situation","speed_limit_kmh","road_lighting","light_condition_label","weather_raw","infra_type","road_segment_id","street_name","place_name","gemeente_name_raw","province","alcohol_indicated","latitude","longitude","severity_label","severity_code","weather_label","built_up_area","cyclists_involved","gemeente_code"
"20220173361",2022,"Letsel",2,"Personenauto","Fiets","Flank","Rotonde",50,"Niet brandend","Daglicht","Droog",\N,\N,"Hindersteinlaan","Vleuten","Utrecht","Utrecht",false,52.103536,5.021434,"injury","2","clear",false,1,"GM0344"
"20220174808",2022,"Uitsluitend materiele schade",2,"Bromfiets","Fiets","Flank","Rechte weg",\N,"Niet brandend","Daglicht",\N,\N,"232390016","Westzijde","Zaandam","Zaanstad","Noord-Holland",false,52.444723,4.81958,"material damage only","4","unknown",false,1,"GM0479"
"20220197454",2022,"Uitsluitend materiele schade",2,"Personenauto","Fiets","Flank","Kruispunt, 3 takken",50,"Niet brandend","Daglicht","Droog",\N,\N,"Cort van der Lindenlaan","Enschede","Enschede","Overijssel",false,52.227534,6.874948,"material damage only","4","clear",false,1,"GM0153"
"20220124716",2022,"Letsel",3,"Personenauto","Fiets","Onbekend","Rotonde",50,"Niet brandend","Daglicht","Droog",\N,\N,"Melis Stokelaan","'s-Gravenhage","'s-Gravenhage","Zuid-Holland",false,52.052447,4.291322,"injury","2","clear",false,1,"GM0518"
"20220137078",2022,"Uitsluitend materiele schade",2,"Fiets","Fiets","Onbekend","Kruispunt, 4 takken",\N,"Niet brandend","Daglicht","Droog",\N,\N,"Hengelosestraat","Enschede","Enschede","Overijssel",false,52.240585,6.842476,"material damage only","4","clear",false,1,"GM0153"
"20220151931",2022,"Uitsluitend materiele schade",2,"Fiets","Bestelauto","Flank","Kruispunt, 3 takken",60,"Niet aanwezig","Daglicht","Droog",\N,\N,"Noorderweg","Zuidwolde","De Wolden","Drenthe",false,52.697843,6.434773,"material damage only","4","clear",false,1,"GM1690"
"20220160231",2022,"Letsel",1,"e-bike",\N,"Eenzijdig","Rechte weg",30,"Niet brandend","Daglicht",\N,"Tunnel","600798003","Peter Zuidlaan","Veldhoven","Veldhoven","Noord-Brabant",false,51.430956,5.425397,"injury","2","unknown",false,1,"GM0861"
"20220178211",2022,"Letsel",2,"Snorfiets","e-bike","Kop/staart","Rechte weg",50,"Niet brandend","Daglicht","Droog",\N,"600362271","Pieter Calandlaan","Amsterdam","Amsterdam","Noord-Holland",false,52.351369,4.796322,"injury","2","clear",false,1,"GM0363"
"20220178256",2022,"Uitsluitend materiele schade",1,"Fiets",\N,"Voetganger","Rechte weg",50,"Brandend","Duisternis","Droog",\N,"243375091","Damrak","Amsterdam","Amsterdam","Noord-Holland",false,52.377272,4.89854,"material damage only","4","clear",false,1,"GM0363"
"20220179279",2022,"Letsel",2,"Personenauto","Fiets","Flank","Rechte weg",30,"Niet brandend","Daglicht","Droog",\N,"206277018","Kerkweg","Ouderkerk aan den IJssel","Krimpenerwaard","Zuid-Holland",false,51.933814,4.636412,"injury","2","clear",false,1,"GM1931"
"20220184955",2022,"Letsel",2,"Personenauto","Fiets","Flank","Rechte weg",30,"Niet brandend","Daglicht","Regen",\N,"165256112","Beverveen","Spijkenisse","Nissewaard","Zuid-Holland",false,51.836894,4.337334,"injury","2","rain",false,1,"GM1930"
"20220198065",2022,"Uitsluitend materiele schade",2,"Personenauto","Fiets","Flank","Kruispunt, 4 takken",50,"Niet brandend","Schemer","Droog",\N,\N,"Rembrandtlaan","Ede","Ede","Gelderland",false,52.022737,5.653081,"material damage only","4","clear",false,1,"GM0228"
"20220157410",2022,"Letsel",2,"Fiets","Fiets","Onbekend","Rechte weg",80,"Niet brandend","Daglicht","Droog",\N,"146268040","GROENE KRUISWEG","Zwartewaal","Voorne aan Zee","Zuid-Holland",false,51.888607,4.200599,"injury","2","clear",false,1,"GM1992"
"20220183260",2022,"Uitsluitend materiele schade",2,"Bromfiets","Fiets","Flank","Kruispunt, 4 takken",50,"Niet brandend","Daglicht","Droog",\N,\N,"Leuvehaven","Rotterdam","Rotterdam","Zuid-Holland",false,51.916441,4.482127,"material damage only","4","clear",false,1,"GM0599"
"20220118452",2022,"Uitsluitend materiele schade",1,"Fiets",\N,"Onbekend","Rechte weg",50,"Niet brandend","Daglicht","Droog",\N,"419324012","Stationsplein","Zutphen","Zutphen","Gelderland",false,52.143521,6.190293,"material damage only","4","clear",false,1,"GM0301"
"20220162804",2022,"Letsel",2,"Bromfiets","Fiets","Flank","Kruispunt, 4 takken",50,"Niet brandend","Daglicht","Droog",\N,\N,"Boermarkeweg","Emmen","Emmen","Drenthe",false,52.780456,6.910399,"injury","2","clear",false,1,"GM0114"
"20220173632",2022,"Uitsluitend materiele schade",2,"Bromfiets","Fiets","Flank","Rechte weg",50,"Niet brandend","Daglicht","Droog",\N,"600633991","Houtveldweg","Zaandam","Zaanstad","Noord-Holland",false,52.432364,4.815108,"material damage only","4","clear",false,1,"GM0479"
"20220179392",2022,"Letsel",2,"Fiets","Overig vast object","Vast voorwerp","Rechte weg",50,"Niet brandend","Daglicht","Droog",\N,"164314033","Van Alkemadelaan","'s-Gravenhage","'s-Gravenhage","Zuid-Holland",false,52.097745,4.324496,"injury","2","clear",false,1,"GM0518"
"20220180538",2022,"Letsel",2,"Personenauto","Fiets","Flank","Kruispunt, 4 takken",50,"Niet brandend","Daglicht","Droog",\N,\N,"Leidseweg","Leiden","Leiden","Zuid-Holland",false,52.149971,4.463172,"injury","2","clear",false,1,"GM0546"
"20220186231",2022,"Uitsluitend materiele schade",2,"Personenauto","Fiets","Flank","Rechte weg",50,"Niet brandend","Daglicht","Droog",\N,\N,"Scheldeweg","Hoogerheide","Woensdrecht","Noord-Brabant",false,51.430987,4.31871,"material damage only","4","clear",false,1,"GM0873"
"20220122450",2022,"Letsel",1,"Fiets",\N,"Eenzijdig","Rechte weg",50,"Niet brandend","Daglicht","Droog",\N,"600739301","Stephensonstraat","Haarlem","Haarlem","Noord-Holland",false,52.371369,4.6147,"injury","2","clear",false,1,"GM0392"
"20220123666",2022,"Uitsluitend materiele schade",2,"Personenauto","Fiets","Flank","Rechte weg",30,"Niet brandend","Daglicht","Droog",\N,"232361016","Nieuwe Meerlaan","Amstelveen","Amstelveen","Noord-Holland",false,52.312166,4.820711,"material damage only","4","clear",false,1,"GM0362"
"20220126142",2022,"Letsel",1,"Fiets",\N,"Eenzijdig","Rechte weg",50,"Brandend","Duisternis","Droog",\N,"160316003","Nieuwe Parklaan","'s-Gravenhage","'s-Gravenhage","Zuid-Holland",false,52.104216,4.295847,"injury","2","clear",false,1,"GM0518"
"20220139351",2022,"Uitsluitend materiele schade",2,"Personenauto","Fiets","Flank","Kruispunt, 4 takken",30,"Niet brandend","Daglicht","Droog",\N,\N,"Zeeweg","Egmond aan Zee","Bergen (NH)","Noord-Holland",false,52.616275,4.625348,"material damage only","4","clear",false,1,\N
"20220142393",2022,"Letsel",2,"Personenauto","e-bike","Flank","Kruispunt, 4 takken",50,"Niet brandend","Daglicht","Regen",\N,\N,"De Boelelaan","Amsterdam","Amsterdam","Noord-Holland",false,52.335083,4.868489,"injury","2","rain",false,1,"GM0363"
"20220146846",2022,"Letsel",1,"e-bike",\N,"Eenzijdig","Rechte weg",80,"Niet brandend","Daglicht","Droog",\N,\N,"FIETSPAD","Oud-Alblas","Molenlanden","Zuid-Holland",false,51.852062,4.732411,"injury","2","clear",false,1,"GM1978"
"20220169948",2022,"Uitsluitend materiele schade",2,"Fiets","Fiets","Onbekend","Kruispunt, 3 takken",\N,"Niet brandend","Daglicht","Droog","Tunnel",\N,"Zanderijweg","Ede","Ede","Gelderland",false,52.02964,5.656445,"material damage only","4","clear",false,1,"GM0228"
"20220175143",2022,"Letsel",1,"Fiets",\N,"Eenzijdig","Rechte weg",\N,"Niet brandend","Daglicht","Droog",\N,"197373004","Blinkertweg","Zandvoort","Zandvoort","Noord-Holland",false,52.372925,4.567993,"injury","2","clear",false,1,"GM0473"
"20220187468",2022,"Uitsluitend materiele schade",2,"Bromfiets","Fiets","Onbekend","Rechte weg",\N,"Brandend","Duisternis","Droog",\N,"600575808","Lange Bunder","Bavel","Breda","Noord-Brabant",false,51.572322,4.822783,"material damage only","4","clear",false,1,"GM0758"
"20220195830",2022,"Uitsluitend materiele schade",2,"Personenauto","Fiets","Flank","Kruispunt, 4 takken",60,"Niet aanwezig","Daglicht","Droog",\N,\N,"Appelseweg","Voorthuizen","Barneveld","Gelderland",false,52.179223,5.584246,"material damage only","4","clear",false,1,"GM0203"
"20220196070",2022,"Letsel",2,"Bestelauto","Fiets","Flank","Kruispunt, 3 takken",30,"Niet brandend","Daglicht","Droog",\N,\N,"Kuipwal","Harderwijk","Harderwijk","Gelderland",false,52.349344,5.62268,"injury","2","clear",false,1,"GM0243"
"20220123736",2022,"Letsel",2,"Bestelauto","Fiets","Geparkeerd voertuig","Rechte weg",30,"Niet brandend","Daglicht","Droog",\N,"600384797","Hoogte Kadijk","Amsterdam","Amsterdam","Noord-Holland",false,52.368751,4.91703,"injury","2","clear",false,1,"GM0363"
"20220125066",2022,"Uitsluitend materiele schade",2,"Snorfiets","Fiets","Flank","Kruispunt, 4 takken",50,"Niet brandend","Daglicht","Droog",\N,\N,"Ratelaarkamp","Leiderdorp","Leiderdorp","Zuid-Holland",false,52.158873,4.539252,"material damage only","4","clear",false,1,"GM0547"
"20220126179",2022,"Letsel",1,"Fiets",\N,"Eenzijdig","Rechte weg",30,"Niet brandend","Daglicht","Droog",\N,"178297026","Meidoornlaan","Pijnacker","Pijnacker-Nootdorp","Zuid-Holland",false,52.022136,4.43214,"injury","2","clear",false,1,"GM1926"
"20220143915",2022,"Letsel",2,"Fiets","Fiets","Onbekend",\N,60,\N,"Daglicht",\N,\N,"233285004","Bonrepas","Vlist","Krimpenerwaard","Zuid-Holland",false,51.965603,4.841297,"injury","2","unknown",false,1,"GM1931"
"20220155195",2022,"Letsel",5,"Personenauto","Fiets","Kop/staart","Rechte weg",30,"Niet aanwezig","Daglicht","Droog",\N,\N,"FIETSPAD","Amsterdam","Amsterdam","Noord-Holland",false,52.376985,4.903646,"injury","2","clear",false,1,"GM0363"
"20220164086",2022,"Uitsluitend materiele schade",2,"Bromfiets","Fiets","Kop/staart","Rechte weg",50,"Brandend","Duisternis","Droog",\N,"600885683","Broekheurne-ring","Enschede","Enschede","Overijssel",false,52.190073,6.891759,"material damage only","4","clear",false,1,"GM0153"
"20220187539",2022,"Letsel",2,"Bromfiets","Fiets","Frontaal","Rechte weg",60,"Brandend","Duisternis","Droog",\N,"600749086","Leursebaan","Breda","Breda","Noord-Brabant",false,51.587844,4.728138,"injury","2","clear",false,1,"GM0758"
"20220115467",2022,"Letsel",2,"Personenauto","Fiets","Flank","Kruispunt, 4 takken",50,"Niet brandend","Daglicht","Droog",\N,\N,"Buitenroede","Smilde","Midden-Drenthe","Drenthe",false,52.955344,6.455916,"injury","2","clear",false,1,"GM1731"
"20220123789",2022,"Letsel",2,"Fiets","Personenauto","Flank","Rechte weg",30,"Niet brandend","Daglicht","Droog",\N,"600390153","Sint Antoniesbreestraat","Amsterdam","Amsterdam","Noord-Holland",false,52.370283,4.90067,"injury","2","clear",false,1,"GM0363"
"20220123805",2022,"Uitsluitend materiele schade",2,"Bromfiets","Fiets","Flank","Rechte weg",\N,"Niet brandend","Daglicht","Droog",\N,"233376160","Joop van Weezelhof","Amsterdam","Amsterdam","Noord-Holland",false,52.379997,4.822976,"material damage only","4","clear",false,1,"GM0363"
"20220131402",2022,"Uitsluitend materiele schade",2,"Personenauto","Fiets","Kop/staart","Rechte weg",30,"Niet brandend","Daglicht","Droog","Brug/viaduct","376232053","Prof vd Brinkstraat","Cuijk","Land van Cuijk","Noord-Brabant",false,51.735683,5.871193,"material damage only","4","clear",false,1,"GM1982"
"20220137355",2022,"Letsel",2,"e-bike","e-bike","Flank","Rechte weg",50,"Niet aanwezig","Daglicht","Droog",\N,"434392005","Weerdhuisweg","Lemelerveld","Dalfsen","Overijssel",false,52.449338,6.310592,"injury","2","clear",false,1,"GM0148"
"20220137359",2022,"Letsel",4,"Personenauto","Fiets","Onbekend","Rechte weg",60,"Niet brandend","Daglicht","Droog",\N,"600946220","Bergsche Maasdijk","Nederhemert","Zaltbommel","Gelderland",false,51.743496,5.134963,"injury","2","clear",false,1,"GM0297"
"20220138289",2022,"Letsel",2,"Fiets",\N,"Eenzijdig","Rechte weg",60,"Brandend","Duisternis","Droog",\N,"317309011","Zegheweg","Woudenberg","Woudenberg","Utrecht",false,52.083784,5.438379,"injury","2","clear",false,1,"GM0351"
"20220151127",2022,"Letsel",2,"Bus","e-bike","Flank","Kruispunt, 4 takken",50,"Niet brandend","Daglicht","Droog",\N,\N,"Pastoor Brouwersstraat","Margraten","Eijsden-Margraten","Limburg",false,50.81897,5.819521,"injury","2","clear",false,1,"GM1903"
"20220157677",2022,"Uitsluitend materiele schade",2,"Snorfiets","e-bike","Frontaal","Rechte weg",50,"Niet brandend","Daglicht","Droog","Brug/viaduct",\N,"RANDWEG DORDRECHT 20","Dordrecht","Dordrecht","Zuid-Holland",false,51.772493,4.65044,"material damage only","4","clear",false,1,"GM0505"
"20220167791",2022,"Uitsluitend materiele schade",2,"Personenauto","Fiets","Flank","Kruispunt, 3 takken",50,"Niet brandend","Daglicht","Droog",\N,\N,"Rhijnvis Feithlaan","Zwolle","Zwolle","Overijssel",false,52.514787,6.108571,"material damage only","4","clear",false,1,"GM0193"
"20220167792",2022,"Uitsluitend materiele schade",2,"Fiets","Fiets","Flank","Kruispunt, 3 takken",\N,"Niet brandend","Daglicht","Droog",\N,\N,"Bandijklaan","Zwolle","Zwolle","Overijssel",false,52.526512,6.066928,"material damage only","4","clear",false,1,"GM0193"
"20220188977",2022,"Uitsluitend materiele schade",2,"Personenauto","Fiets","Geparkeerd voertuig","Rechte weg",50,"Niet brandend","Daglicht","Droog","Parkeervoorziening","344172095","Hoofdstraat","Helmond","Helmond","Noord-Brabant",false,51.465574,5.634607,"material damage only","4","clear",false,1,"GM0794"
"20220123930",2022,"Uitsluitend materiele schade",2,"Personenauto","e-bike","Flank","Bocht",50,"Niet brandend","Daglicht","Droog",\N,\N,"Suze Groeneweglaan","Amstelveen","Amstelveen","Noord-Holland",false,52.313893,4.880231,"material damage only","4","clear",false,1,"GM0362"
"20220126338",2022,"Letsel",3,"Fiets","Fiets","Onbekend","Kruispunt, 3 takken",50,"Niet aanwezig","Daglicht","Droog",\N,\N,"Steinsedijk","Haastrecht","Krimpenerwaard","Zuid-Holland",false,52.0028,4.75978,"injury","2","clear",false,1,"GM1931"
"20220132710",2022,"Uitsluitend materiele schade",2,"Fiets","Personenauto","Flank","Rechte weg",50,"Niet brandend","Daglicht","Droog",\N,\N,"Kloosterweg","Heerlen","Heerlen","Limburg",false,50.892533,5.973269,"material damage only","4","clear",false,1,"GM0917"
"20220139739",2022,"Uitsluitend materiele schade",1,"Fiets",\N,"Frontaal","Rechte weg",30,"Niet brandend","Daglicht","Droog",\N,"256404087","Schoofstraat","Purmerend","Purmerend","Noord-Holland",false,52.509345,4.990032,"material damage only","4","clear",false,1,"GM0439"
"20220155380",2022,"Letsel",2,"Fiets","Personenauto","Kop/staart","Rechte weg",30,"Brandend","Duisternis","Droog",\N,"242375087","Herengracht","Amsterdam","Amsterdam","Noord-Holland",true,52.378829,4.891955,"injury","2","clear",false,1,"GM0363"
"20220162137",2022,"Letsel",3,"Personenauto","Fiets","Geparkeerd voertuig","Rechte weg",30,"Niet brandend","Daglicht","Droog",\N,"474552014","Nieuwlandsweg","Haren Gn","Groningen","Groningen",false,53.166133,6.614959,"injury","2","clear",false,1,"GM0014"
"20220175373",2022,"Letsel",2,"Fiets","Personenauto","Flank","Rotonde",50,"Niet brandend","Daglicht","Droog",\N,\N,"Deltaweg","Hoofddorp","Haarlemmermeer","Noord-Holland",false,52.303855,4.62959,"injury","2","clear",false,1,"GM0394"
"20220115630",2022,"Letsel",3,"Bestelauto","Fiets","Onbekend","Rechte weg",60,"Niet brandend","Daglicht","Droog",\N,"508545003","Zuiderstraat","Muntendam","Midden-Groningen","Groningen",false,53.132451,6.871324,"injury","2","clear",false,1,"GM1952"
"20220145354",2022,"Letsel",1,"e-bike",\N,"Eenzijdig","Rechte weg",60,"Niet brandend","Daglicht","Droog",\N,"189340009","Jagtlustkade","Sassenheim","Teylingen","Zuid-Holland",false,52.215838,4.50796,"injury","2","clear",false,1,"GM1525"
"20220146229",2022,"Letsel",2,"Bromfiets","Fiets","Flank","Kruispunt, 4 takken",30,"Niet brandend","Daglicht","Droog",\N,\N,"Hartmansstraat","Rotterdam","Rotterdam","Zuid-Holland",false,51.916927,4.477757,"injury","2","clear",false,1,"GM0599"
"20220162190",2022,"Letsel",2,"Personenauto","Fiets","Flank","Rotonde",50,"Niet brandend","Daglicht","Droog",\N,\N,"Wolfsbosstraat","Hoogeveen","Hoogeveen","Drenthe",false,52.720733,6.489704,"injury","2","clear",false,1,"GM0118"
"20220191527",2022,"Letsel",2,"Bus","Fiets","Flank","Kruispunt, 4 takken",30,"Niet brandend","Daglicht","Droog",\N,\N,"Hoofdstraat","Leens","Het Hogeland","Groningen",false,53.360461,6.376061,"injury","2","clear",false,1,"GM1966"
"20220143000",2022,"Letsel",2,"Personenauto","e-bike","Flank","Rotonde",50,"Niet brandend","Daglicht","Droog",\N,\N,"Troubadourweg","Alphen aan den Rijn","Alphen aan den Rijn","Zuid-Holland",false,52.145293,4.676628,"injury","2","clear",false,1,"GM0484"
"20220173043",2022,"Uitsluitend materiele schade",1,"Fiets",\N,"Eenzijdig","Rechte weg",50,"Niet brandend","Daglicht",\N,\N,"600688980","Rading","Hilversum","Hilversum","Noord-Holland",false,52.19805,5.145785,"material damage only","4","unknown",false,1,"GM0402"
"20220174204",2022,"Letsel",2,"Personenauto","Fiets","Onbekend","Rechte weg",50,"Niet brandend","Daglicht","Droog",\N,"217410040","Roerdompstraat","Uitgeest","Uitgeest","Noord-Holland",false,52.531368,4.708671,"injury","2","clear",false,1,"GM0450"
"20220196304",2022,"Uitsluitend materiele schade",2,"Snorfiets","Fiets","Onbekend","Kruispunt, 4 takken",\N,"Niet brandend","Daglicht","Droog",\N,\N,"Kanaalstraat","Apeldoorn","Apeldoorn","Gelderland",false,52.21337,5.966859,"material damage only","4","clear",false,1,"GM0200"
"20220127779",2022,"Uitsluitend materiele schade",2,"Personenauto","Fiets","Frontaal","Rechte weg",50,"Brandend","Daglicht","Droog",\N,"600360413","Albert Plesmanweg","Rotterdam","Rotterdam","Zuid-Holland",false,51.872198,4.432004,"material damage only","4","clear",false,1,"GM0599"
"20220193612",2022,"Letsel",1,"e-bike",\N,"Eenzijdig","Rechte weg",30,"Niet brandend","Daglicht","Droog","Tunnel","346520205","Lemmerweg","Sneek","Súdwest-Fryslân","Friesland",false,53.027591,5.656795,"injury","2","clear",false,1,"GM1900"
"20220157003",2022,"Uitsluitend materiele schade",1,"e-bike",\N,"Onbekend","Rechte weg",30,"Niet brandend","Daglicht","Droog",\N,"199357042","Hoofdstraat","Hillegom","Hillegom","Zuid-Holland",false,52.294083,4.580312,"material damage only","4","clear",false,1,"GM0534"
"20220162387",2022,"Letsel",2,"Personenauto","Fiets","Flank","Kruispunt, 3 takken",50,"Niet brandend","Daglicht","Regen",\N,\N,"Oostersluisweg","Groningen","Groningen","Groningen",false,53.226282,6.59444,"injury","2","rain",false,1,"GM0014"
"20220193688",2022,"Uitsluitend materiele schade",2,"Personenauto","Fiets","Flank","Kruispunt, 4 takken",50,"Brandend","Duisternis","Droog",\N,\N,"Derksweg","Klazienaveen","Emmen","Drenthe",false,52.72371,6.985234,"material damage only","4","clear",false,1,"GM0114"
"20220197480",2022,"Uitsluitend materiele schade",2,"Personenauto","e-bike","Flank","Kruispunt, 4 takken",50,"Brandend","Schemer","Mist",\N,\N,"Weerbroek","Heteren","Overbetuwe","Gelderland",false,51.939851,5.762219,"material damage only","4","fog",false,1,"GM1734"
"20220197677",2022,"Uitsluitend materiele schade",2,"Personenauto","Fiets","Flank","Kruispunt, 3 takken",50,"Niet brandend","Daglicht","Droog",\N,\N,"van Apelterenweg","Nijmegen","Nijmegen","Gelderland",false,51.812225,5.802946,"material damage only","4","clear",false,1,"GM0268"
"20220197926",2022,"Letsel",2,"Personenauto","e-bike","Frontaal","Kruispunt, 3 takken",30,"Niet brandend","Schemer","Droog",\N,\N,"Haaksbergerstraat","Enschede","Enschede","Overijssel",false,52.206051,6.864357,"injury","2","clear",false,1,"GM0153"
"20220198180",2022,"Uitsluitend materiele schade",2,"Fiets","Fiets","Flank","Rechte weg",30,"Niet brandend","Daglicht","Droog",\N,"515342112","Korte Haaksbergerstraat","Enschede","Enschede","Overijssel",false,52.220274,6.892827,"material damage only","4","clear",false,1,"GM0153"
"20220198458",2022,"Uitsluitend materiele schade",2,"Personenauto","e-bike","Onbekend","Rotonde",50,"Niet brandend","Daglicht","Droog",\N,\N,"Veenderweg","Ede","Ede","Gelderland",false,52.038691,5.64956,"material damage only","4","clear",false,1,"GM0228"
"20240082844",2024,"Uitsluitend materiele schade",2,"Personenauto","Fiets","Flank","Kruispunt, 4 takken",30,"Niet brandend","Daglicht","Droog",\N,\N,"Vogellaan","Bergen L","Bergen (L)","Limburg",false,51.599147,6.056322,"material damage only","4","clear",false,1,\N
"20240087407",2024,"Uitsluitend materiele schade",2,"Personenauto","Fiets","Flank","Rechte weg",50,"Niet brandend","Daglicht","Droog",\N,"600896590","Wijchenseweg","Nijmegen","Nijmegen","Gelderland",false,51.825745,5.798818,"material damage only","4","clear",false,1,"GM0268"
"20240091943",2024,"Uitsluitend materiele schade",2,"Fiets","Personenauto","Flank","Kruispunt, 3 takken",80,"Niet brandend","Daglicht","Droog",\N,\N,"Lommelsedijk","Luyksgestel","Bergeijk","Noord-Brabant",false,51.277632,5.316376,"material damage only","4","clear",false,1,"GM1724"
"20240091952",2024,"Letsel",2,"Personenauto","Fiets","Flank","Kruispunt, 4 takken",50,"Niet brandend","Daglicht","Regen",\N,"324175024","De Stoutheuvel","Eindhoven","Eindhoven","Noord-Brabant",false,51.478666,5.492028,"injury","2","rain",false,1,"GM0772"
"20240096114",2024,"Uitsluitend materiele schade",2,"Personenauto","Fiets","Flank","Kruispunt, 3 takken",50,"Niet brandend","Daglicht","Droog",\N,\N,"Heemraadsweide","Nieuwegein","Nieuwegein","Utrecht",false,52.040904,5.075075,"material damage only","4","clear",false,1,"GM0356"
"20240041000",2024,"Letsel",1,"Fiets",\N,"Eenzijdig","Rechte weg",30,"Niet brandend","Daglicht","Droog",\N,"211370039","Bernadottelaan","Haarlem","Haarlem","Noord-Holland",false,52.355707,4.664418,"injury","2","clear",false,1,"GM0392"
"20240077844",2024,"Uitsluitend materiele schade",2,"Fiets","Personenauto","Flank","Kruispunt, 4 takken",80,"Niet brandend","Daglicht","Droog",\N,\N,"FIETSPAD","Dronten","Dronten","Flevoland",false,52.546814,5.705376,"material damage only","4","clear",false,1,"GM0303"
"20240077850",2024,"Letsel",2,"Personenauto","Fiets","Flank","Kruispunt, 4 takken",50,"Niet brandend","Daglicht","Droog",\N,\N,"MEERNBRUG","De Meern","Utrecht","Utrecht",false,52.082993,5.036932,"injury","2","clear",false,1,"GM0344"
"20240093081",2024,"Uitsluitend materiele schade",1,"Fiets",\N,"Onbekend","Rechte weg",30,"Niet aanwezig","Daglicht","Droog",\N,"405540011","Schwartzenberghlaan","Drachten","Smallingerland","Friesland",false,53.115245,6.103129,"material damage only","4","clear",false,1,"GM0090"
"20240096708",2024,"Uitsluitend materiele schade",2,"Personenauto","Fiets","Flank","Kruispunt, 3 takken",50,"Niet brandend","Daglicht","Regen",\N,\N,"Rosendaalsestraat","Arnhem","Arnhem","Gelderland",false,51.989562,5.927136,"material damage only","4","rain",false,1,"GM0202"
"20240097479",2024,"Letsel",2,"Fiets","Personenauto","Flank","Bocht",50,"Niet brandend","Daglicht","Droog",\N,"185326032","Hoflaan","Leiden","Leiden","Zuid-Holland",false,52.152279,4.479112,"injury","2","clear",false,1,"GM0546"
"20240097576",2024,"Letsel",2,"Fiets","Fiets","Frontaal","Bocht",60,"Niet brandend","Daglicht","Droog",\N,\N,"Galgeweg","Naaldwijk","Westland","Zuid-Holland",false,51.983457,4.205573,"injury","2","clear",false,1,"GM1783"
"20240097949",2024,"Letsel",1,"Fiets",\N,"Eenzijdig","Rechte weg",30,"Niet brandend","Daglicht","Droog","Parkeervoorziening","600374271","Jacob van Lennepstraat","Voorburg","Leidschendam-Voorburg","Zuid-Holland",false,52.080371,4.350523,"injury","2","clear",false,1,"GM1916"
"20240048991",2024,"Letsel",2,"Motor","Fiets","Flank","Rechte weg",50,"Niet brandend","Daglicht","Droog",\N,\N,"Bruchterweg","Hardenberg","Hardenberg","Overijssel",false,52.572986,6.618318,"injury","2","clear",false,1,"GM0160"
"20240049608",2024,"Uitsluitend materiele schade",2,\N,"Fiets","Frontaal","Kruispunt, 4 takken",30,"Niet aanwezig","Daglicht","Droog",\N,\N,"Van der Valk Boumanlaan","Woerden","Woerden","Utrecht",false,52.080482,4.896525,"material damage only","4","clear",false,1,"GM0632"
"20240050293",2024,"Uitsluitend materiele schade",2,"Personenauto","Fiets","Flank","Rotonde",50,"Niet brandend","Daglicht","Droog",\N,\N,"Poelenburg","Zaandam","Zaanstad","Noord-Holland",false,52.442482,4.852151,"material damage only","4","clear",false,1,"GM0479"
"20240077905",2024,"Uitsluitend materiele schade",2,"Bestelauto","Fiets","Flank","Rechte weg",80,"Niet brandend","Daglicht","Droog",\N,\N,"Van Weerden Poelmanweg","Soest","Soest","Utrecht",false,52.14129,5.294752,"material damage only","4","clear",false,1,"GM0342"
"20240078501",2024,"Letsel",2,"Personenauto","Fiets","Flank","Rotonde",50,"Niet brandend","Daglicht","Regen",\N,\N,"Zeesluisweg","'s-Gravenhage","'s-Gravenhage","Zuid-Holland",false,52.101379,4.273777,"injury","2","rain",false,1,"GM0518"
"20240085484",2024,"Uitsluitend materiele schade",2,"Personenauto","Fiets","Flank","Kruispunt, 4 takken",50,"Niet brandend","Daglicht","Regen",\N,\N,"Idzerdastins","Leeuwarden","Leeuwarden","Friesland",false,53.208538,5.840735,"material damage only","4","rain",false,1,"GM0080"
"20240087466",2024,"Uitsluitend materiele schade",2,"Snorfiets","Fiets","Frontaal","Rechte weg",50,"Niet brandend","Daglicht","Droog",\N,"600984189","Heyendaalseweg","Nijmegen","Nijmegen","Gelderland",false,51.820741,5.866918,"material damage only","4","clear",false,1,"GM0268"
"20240092590",2024,"Letsel",2,"Motor","e-bike","Flank","Kruispunt, 3 takken",50,"Niet brandend","Daglicht","Droog",\N,\N,"Sliffertsestraat","Eindhoven","Eindhoven","Noord-Brabant",false,51.431766,5.424142,"injury","2","clear",false,1,"GM0772"
"20240097620",2024,"Letsel",2,"Bromfiets","Fiets","Frontaal","Rechte weg",50,"Niet brandend","Daglicht","Droog",\N,\N,"Moerweg","'s-Gravenhage","'s-Gravenhage","Zuid-Holland",false,52.058765,4.292936,"injury","2","clear",false,1,"GM0518"
"20240097791",2024,"Letsel",1,"Fiets",\N,"Eenzijdig","Rechte weg",50,"Niet brandend","Daglicht","Droog",\N,"184330057","Rijnsburgerweg","Leiden","Leiden","Zuid-Holland",false,52.173195,4.474036,"injury","2","clear",false,1,"GM0546"
"20240097959",2024,"Letsel",1,"Fiets",\N,"Eenzijdig","Kruispunt, 3 takken",30,"Niet brandend","Daglicht","Droog",\N,\N,"Alexandrine Tinneplein","Leiden","Leiden","Zuid-Holland",false,52.147878,4.455363,"injury","2","clear",false,1,"GM0546"