"accident_id","year","severity_raw","party_count","party1_type","party2_type","accident_type","road_situation","speed_limit_kmh","road_lighting","light_condition_label","weather_raw","infra_type","road_segment_id","street_name","place_name","gemeente_name_raw","province","alcohol_indicated","latitude","longitude","severity_label","severity_code","weather_label","built_up_area","cyclists_involved","gemeente_code"
"20240070756",2024,"Letsel",2,"Fiets","Personenauto","Flank","Kruispunt, 4 takken",50,"Niet brandend","Daglicht","Droog",\N,\N,"Weteringsingel","Hendrik-Ido-Ambacht","Hendrik-Ido-Ambacht","Zuid-Holland",false,51.845804,4.630907,"injury","2","clear",false,1,"GM0531"
"20240071431",2024,"Letsel",2,"Fiets","Fiets","Flank","Kruispunt, 3 takken",50,"Niet brandend","Daglicht","Droog","Tunnel",\N,"Gildenweg","Ridderkerk","Ridderkerk","Zuid-Holland",false,51.880339,4.609386,"injury","2","clear",false,1,"GM0597"
"20240082312",2024,"Uitsluitend materiele schade",2,"Personenauto","Fiets","Kop/staart","Bocht",30,"Niet brandend","Daglicht","Regen",\N,"398111037","Akeleihof","Roermond","Roermond","Limburg",false,51.189137,6.018309,"material damage only","4","rain",false,1,"GM0957"
"20240086161",2024,"Letsel",1,"Fiets",\N,"Onbekend","Rechte weg",50,"Niet brandend","Daglicht","Droog",\N,"211400143","Vennelaan","Beverwijk","Beverwijk","Noord-Holland",false,52.486648,4.666046,"injury","2","clear",false,1,"GM0375"
"20240088131",2024,"Uitsluitend materiele schade",2,"Personenauto","Fiets","Flank","Rechte weg",30,"Niet brandend","Daglicht","Droog",\N,"149302028","Ad van Emmenesstraat","'s-Gravenhage","'s-Gravenhage","Zuid-Holland",false,52.045013,4.217322,"material damage only","4","clear",false,1,"GM0518"
"20240093494",2024,"Uitsluitend materiele schade",2,"Fiets","Personenauto","Onbekend","Kruispunt, 3 takken",60,"Niet brandend","Daglicht","Droog",\N,\N,"Wilhelmsweg","Emmen","Emmen","Drenthe",false,52.743343,6.863733,"material damage only","4","clear",false,1,"GM0114"
"20240050366",2024,"Letsel",2,"Personenauto","Fiets","Flank","Rotonde",30,"Niet brandend","Daglicht","Regen",\N,\N,"Baden Powellweg","Amsterdam","Amsterdam","Noord-Holland",false,52.3476,4.798355,"injury","2","rain",false,1,"GM0363"
"20240071489",2024,"Letsel",1,"Fiets",\N,"Onbekend","Rechte weg",60,"Niet brandend","Daglicht","Droog",\N,"600418025","Provincialeweg","Noordwijkerhout","Noordwijk","Zuid-Holland",false,52.281526,4.516101,"injury","2","clear",false,1,"GM0575"
"20240078569",2024,"Uitsluitend materiele schade",2,"Fiets","Personenauto","Flank","Rotonde",30,"Niet brandend","Daglicht","Droog",\N,\N,"Vlaardingenlaan","Amsterdam","Amsterdam","Noord-Holland",false,52.34684,4.846117,"material damage only","4","clear",false,1,"GM0363"
"20240093218",2024,"Letsel",2,"Fiets","Fiets","Flank","Rechte weg",50,"Niet aanwezig","Daglicht","Droog",\N,"600239863","Romeins Lint West","Elst","Overbetuwe","Gelderland",false,51.939777,5.840173,"injury","2","clear",false,1,"GM1734"
"20240096252",2024,"Letsel",1,"Fiets",\N,"Onbekend","Rechte weg",\N,"Niet brandend","Daglicht","Droog",\N,"235304009","JOHAN J. VIERBERGENWEG","Papekop","Oudewater","Utrecht",false,52.052462,4.84782,"injury","2","clear",false,1,"GM0589"
"20240044572",2024,"Uitsluitend materiele schade",2,"Fiets","Personenauto","Flank","Rechte weg",80,"Niet brandend","Daglicht","Droog",\N,"600944837","St. Bernardusstraat","Hoeven","Halderberge","Noord-Brabant",false,51.586144,4.573808,"material damage only","4","clear",false,1,"GM1655"
"20240079249",2024,"Letsel",2,"Fiets",\N,"Flank","Kruispunt, 4 takken",50,"Niet brandend","Daglicht","Droog",\N,\N,"Moerweg","'s-Gravenhage","'s-Gravenhage","Zuid-Holland",false,52.058765,4.292936,"injury","2","clear",false,1,"GM0518"
"20240092981",2024,"Uitsluitend materiele schade",2,"Fiets","Vrachtauto","Flank","Rechte weg",50,"Niet brandend","Daglicht","Droog",\N,"316147080","Tienendreef","Valkenswaard","Valkenswaard","Noord-Brabant",false,51.355193,5.433261,"material damage only","4","clear",false,1,"GM0858"
"20240095216",2024,"Letsel",2,"Bestelauto","Fiets","Frontaal","Rechte weg",30,"Niet brandend","Daglicht","Droog",\N,"600856630","Zuiderlaan","Meppel","Meppel","Drenthe",false,52.691156,6.184535,"injury","2","clear",false,1,"GM0119"
"20240046175",2024,"Letsel",2,"Bestelauto","Fiets","Flank","Kruispunt, 3 takken",30,"Niet aanwezig","Daglicht","Droog",\N,\N,"Hartenaasje","Deventer","Deventer","Overijssel",false,52.244699,6.166615,"injury","2","clear",false,1,"GM0150"
"20240084996",2024,"Letsel",2,"Personenauto","Fiets","Onbekend","Kruispunt, 4 takken",60,"Niet brandend","Daglicht","Droog",\N,\N,"Molenstraat","Gendt","Lingewaard","Gelderland",false,51.882898,5.986566,"injury","2","clear",false,1,"GM1705"
"20240086957",2024,"Letsel",2,"Bromfiets","Fiets","Flank","Kruispunt, 3 takken",30,"Niet brandend","Daglicht","Droog",\N,\N,"Hoofdweg","Hoofddorp","Haarlemmermeer","Noord-Holland",false,52.301485,4.686461,"injury","2","clear",false,1,"GM0394"
"20240088258",2024,"Letsel",1,"Fiets",\N,"Onbekend","Rechte weg",50,"Niet brandend","Daglicht","Droog",\N,"157297059","Dorpskade","Wateringen","Westland","Zuid-Holland",false,52.019673,4.280104,"injury","2","clear",false,1,"GM1783"
"20240090244",2024,"Letsel",1,"Fiets",\N,"Eenzijdig","Rechte weg",30,"Niet brandend","Daglicht","Droog",\N,\N,"Hilverbeek","Zwijndrecht","Zwijndrecht","Zuid-Holland",false,51.813705,4.598816,"injury","2","clear",false,1,"GM0642"
"20240101916",2024,"Uitsluitend materiele schade",2,"Personenauto","Fiets","Flank","Rotonde",50,"Niet brandend","Daglicht","Droog",\N,\N,"Gezellelaan","Roosendaal","Roosendaal","Noord-Brabant",false,51.520648,4.463257,"material damage only","4","clear",false,1,"GM1674"
"20240044650",2024,"Letsel",2,"e-bike","Overig wegmeubilair","Vast voorwerp","Rechte weg",30,"Niet brandend","Daglicht","Droog",\N,"103182073","Vogelzangsweg","Goes","Goes","Zeeland",false,51.50071,3.898024,"injury","2","clear",false,1,"GM0664"
"20240046844",2024,"Letsel",2,"Personenauto","Fiets","Frontaal","Kruispunt, 3 takken",15,"Niet brandend","Daglicht","Droog",\N,\N,"Peppelendijk","Zutphen","Zutphen","Gelderland",false,52.114799,6.209032,"injury","2","clear",false,1,"GM0301"
"20240072613",2024,"Uitsluitend materiele schade",2,"Personenauto","Fiets","Flank","Kruispunt, 4 takken",50,"Niet brandend","Daglicht","Droog",\N,\N,"Straakvense Bosdijk","Helmond","Helmond","Noord-Brabant",false,51.481588,5.681154,"material damage only","4","clear",false,1,"GM0794"
"20240081810",2024,"Uitsluitend materiele schade",1,"Fiets",\N,"Onbekend","Rechte weg",50,"Niet brandend","Daglicht","Droog","Brug/viaduct","182328041","Doctor Lelylaan","Leiden","Leiden","Zuid-Holland",false,52.16162,4.459886,"material damage only","4","clear",false,1,"GM0546"
"20240082477",2024,"Uitsluitend materiele schade",2,"Bromfiets","Fiets","Flank","Kruispunt, 3 takken",50,"Brandend","Schemer","Droog",\N,\N,"Stationsstraat","Maastricht","Maastricht","Limburg",false,50.849653,5.701736,"material damage only","4","clear",false,1,"GM0935"
"20240084435",2024,"Dodelijk",2,"Motor","Fiets","Flank","Kruispunt, 4 takken",50,"Niet brandend","Daglicht","Droog",\N,\N,"Van der Hardt Abersonln","Laag-Keppel","Bronckhorst","Gelderland",false,51.997777,6.217595,"fatal","1","clear",false,1,"GM1876"
"20240095312",2024,"Uitsluitend materiele schade",2,"Fiets","Los voorwerp","Los voorwerp",\N,50,"Brandend","Duisternis","Droog",\N,"310323010","Vermeerstraat","Amersfoort","Amersfoort","Utrecht",false,52.145584,5.391473,"material damage only","4","clear",false,1,"GM0307"
"20240101764",2024,"Uitsluitend materiele schade",2,"Fiets","Fiets","Onbekend","Rotonde",50,"Niet brandend","Daglicht","Droog",\N,\N,"Populierlaan","Veghel","Meierijstad","Noord-Brabant",false,51.625715,5.547392,"material damage only","4","clear",false,1,"GM1948"
"20240103267",2024,"Uitsluitend materiele schade",2,"Personenauto","Fiets","Flank","Rechte weg",50,"Brandend","Schemer","Droog",\N,"600831693","Fischerpad","Sittard","Sittard-Geleen","Limburg",false,50.998773,5.843634,"material damage only","4","clear",false,1,"GM1883"
"20240043403",2024,"Letsel",2,"Fiets","Personenauto","Flank","Kruispunt, 4 takken",50,"Niet brandend","Daglicht","Droog",\N,\N,"Witte Singel","Leiden","Leiden","Zuid-Holland",false,52.15333,4.489802,"injury","2","clear",false,1,"GM0546"
"20240049886",2024,"Letsel",2,"Bromfiets","Fiets","Eenzijdig","Bocht",50,"Niet brandend","Daglicht","Droog",\N,"600521233","Amerikaweg","Zoetermeer","Zoetermeer","Zuid-Holland",false,52.064971,4.462651,"injury","2","clear",false,1,"GM0637"
"20240072625",2024,"Uitsluitend materiele schade",2,"Personenauto","Fiets","Flank","Kruispunt, 4 takken",50,"Niet brandend","Daglicht","Droog",\N,\N,"Wilhelminasingel","Maastricht","Maastricht","Limburg",false,50.850998,5.70089,"material damage only","4","clear",false,1,"GM0935"
"20240074151",2024,"Letsel",2,"Snorfiets","Fiets","Frontaal","Rechte weg",15,"Niet brandend","Daglicht","Droog",\N,"341215092","Marktstraat","Uden","Maashorst","Noord-Brabant",false,51.657428,5.614405,"injury","2","clear",false,1,"GM1991"
"20240079306",2024,"Uitsluitend materiele schade",3,"Bromfiets","Fiets","Flank","Rechte weg",30,"Niet brandend","Daglicht","Droog",\N,"600373243","Binnenweg","Heemstede","Heemstede","Noord-Holland",false,52.353435,4.621329,"material damage only","4","clear",false,1,"GM0397"
"20240089685",2024,"Uitsluitend materiele schade",2,"Personenauto","Fiets","Flank","Rechte weg",30,"Niet brandend","Daglicht","Droog",\N,"600760476","Bestevâerstraat","Amsterdam","Amsterdam","Noord-Holland",false,52.381109,4.855371,"material damage only","4","clear",false,1,"GM0363"
"20240096976",2024,"Letsel",2,"Personenauto","Fiets","Flank","Rotonde",30,"Niet brandend","Daglicht","Droog",\N,\N,"Eemlaan","Zwolle","Zwolle","Overijssel",false,52.529132,6.100218,"injury","2","clear",false,1,"GM0193"
"20240072657",2024,"Uitsluitend materiele schade",2,"Fiets","Fiets","Kop/staart","Rechte weg",30,"Niet brandend","Daglicht","Droog",\N,"600582243","Weidonklaan","'s-Hertogenbosch","'s-Hertogenbosch","Noord-Brabant",false,51.68709,5.278657,"material damage only","4","clear",false,1,"GM0796"
"20240084526",2024,"Letsel",1,"Fiets",\N,"Onbekend",\N,30,\N,"Schemer",\N,\N,"464360003","Oranjestraat","Rijssen","Rijssen-Holten","Overijssel",false,52.306711,6.523817,"injury","2","unknown",false,1,"GM1742"
"20240087769",2024,"Letsel",1,"Fiets",\N,"Flank","Rechte weg",30,"Brandend","Schemer","Droog",\N,"265322001","Tuinbouwweg","Maarssen","Stichtse Vecht","Utrecht",false,52.136298,5.063407,"injury","2","clear",false,1,"GM1904"
"20240098947",2024,"Letsel",2,"Personenauto","Fiets","Flank","Kruispunt, 4 takken",50,"Niet brandend","Daglicht","Droog",\N,\N,"Steker","Enkhuizen","Enkhuizen","Noord-Holland",false,52.714753,5.267334,"injury","2","clear",false,1,"GM0388"
"20240099060",2024,"Uitsluitend materiele schade",2,"Personenauto","Fiets","Onbekend",\N,30,\N,"Duisternis",\N,\N,"239372054","Eerste Helmersstraat","Amsterdam","Amsterdam","Noord-Holland",false,52.361947,4.869161,"material damage only","4","unknown",false,1,"GM0363"
"20240043471",2024,"Letsel",2,"Personenauto","Fiets","Flank","Rechte weg",50,"Niet brandend","Daglicht","Droog",\N,"158308114","Regentesselaan","'s-Gravenhage","'s-Gravenhage","Zuid-Holland",false,52.072502,4.284099,"injury","2","clear",false,1,"GM0518"
"20240049298",2024,"Letsel",2,"Personenauto","Fiets","Flank","Rotonde",50,"Niet brandend","Daglicht","Droog",\N,\N,"Diependaalselaan","Hilversum","Hilversum","Noord-Holland",false,52.219539,5.145284,"injury","2","clear",false,1,"GM0402"
"20240072714",2024,"Uitsluitend materiele schade",1,"Fiets",\N,"Frontaal","Rechte weg",30,"Niet brandend","Daglicht","Droog",\N,"330176011","Broek","Nuenen","Nuenen, Gerwen en Nederwetten","Noord-Brabant",false,51.482693,5.53703,"material damage only","4","clear",false,1,"GM0820"
"20240082591",2024,"Uitsluitend materiele schade",2,"Personenauto","Fiets","Flank","Kruispunt, 3 takken",50,"Niet brandend","Daglicht","Droog",\N,\N,"Daelderpad","Nuth","Beekdaelen","Limburg",false,50.921207,5.891339,"material damage only","4","clear",false,1,"GM1954"
"20240087810",2024,"Letsel",3,"Personenauto","Fiets","Onbekend","Kruispunt, 4 takken",50,"Niet brandend","Daglicht","Droog",\N,\N,"Herman Heijermansstraat","Goor","Hof van Twente","Overijssel",false,52.234434,6.5829,"injury","2","clear",false,1,"GM1735"
"20240046377",2024,"Uitsluitend materiele schade",2,"Bromfiets","Fiets","Flank","Bocht",50,"Niet brandend","Daglicht","Droog",\N,\N,"Zwanenwaay","Babberich","Zevenaar","Gelderland",false,51.903711,6.1108,"material damage only","4","clear",false,1,"GM0299"
"20240049340",2024,"Dodelijk",3,"Landbouwvoertuig","e-bike","Flank","Kruispunt, 4 takken",60,"Niet brandend","Daglicht","Droog",\N,"519338008","Wilminkweg","Enschede","Enschede","Overijssel",false,52.199118,6.920759,"fatal","1","clear",false,1,"GM0153"
"20240071129",2024,"Letsel",1,"Fiets",\N,"Onbekend",\N,\N,\N,"Daglicht",\N,\N,"600379698","Koningin Marialaan","'s-Gravenhage","'s-Gravenhage","Zuid-Holland",false,52.085237,4.333403,"injury","2","unknown",false,1,"GM0518"
"20240077292",2024,"Uitsluitend materiele schade",2,"Fiets","Fiets","Onbekend","Kruispunt, 3 takken",60,"Niet brandend","Daglicht","Droog",\N,\N,"Meyertebos","Den Burg","Texel","Noord-Holland",false,53.064465,4.803065,"material damage only","4","clear",false,1,"GM0448"
"20240090402",2024,"Uitsluitend materiele schade",1,"Fiets",\N,"Eenzijdig","Rechte weg",60,"Niet aanwezig","Daglicht","Droog",\N,"600419450","Burg van der Dussenstr","Dordrecht","Dordrecht","Zuid-Holland",false,51.758276,4.63311,"material damage only","4","clear",false,1,"GM0505"
"20240091694",2024,"Letsel",1,"Fiets",\N,"Onbekend","Rechte weg",80,"Niet brandend","Daglicht","Droog",\N,"600709477","Provincialeweg","Vogelwaarde","Hulst","Zeeland",false,51.311647,3.974109,"injury","2","clear",false,1,"GM0677"
"20240099273",2024,"Dodelijk",2,"Personenauto","Fiets","Flank","Kruispunt, 3 takken",50,"Brandend","Duisternis","Droog",\N,\N,"Brussestraat","Rotterdam","Rotterdam","Zuid-Holland",true,51.925882,4.492727,"fatal","1","clear",false,1,"GM0599"
"20240100360",2024,"Letsel",2,"Fiets","Overig vast object","Vast voorwerp","Rechte weg",50,"Niet brandend","Daglicht","Droog",\N,"185324084","Bevrijdingsplein","Leiden","Leiden","Zuid-Holland",false,52.146802,4.47691,"injury","2","clear",false,1,"GM0546"
"20240045123",2024,"Uitsluitend materiele schade",2,"Personenauto","Fiets","Flank","Rotonde",50,"Niet brandend","Daglicht","Droog",\N,\N,"Langstraat","Venray","Venray","Limburg",false,51.519217,5.97052,"material damage only","4","clear",false,1,"GM0984"
"20240045748",2024,"Uitsluitend materiele schade",1,"Fiets",\N,"Onbekend","Kruispunt, 3 takken",30,"Niet brandend","Daglicht","Droog",\N,\N,"Wilhelminastraat","Didam","Montferland","Gelderland",false,51.93644,6.129152,"material damage only","4","clear",false,1,"GM1955"
"20240048779",2024,"Uitsluitend materiele schade",2,"Personenauto","Fiets","Onbekend","Rechte weg",60,"Niet brandend","Daglicht","Droog",\N,"600819547","Randwijkse Rijndijk","Randwijk","Overbetuwe","Gelderland",false,51.955471,5.705504,"material damage only","4","clear",false,1,"GM1734"
"20240050023",2024,"Letsel",2,"Personenauto","Fiets","Flank","Rotonde",50,"Niet brandend","Daglicht","Droog",\N,\N,"Beijerincklaan","Waddinxveen","Waddinxveen","Zuid-Holland",false,52.034397,4.640231,"injury","2","clear",false,1,"GM0627"
"20240084597",2024,"Uitsluitend materiele schade",2,"Bus","Fiets","Flank","Kruispunt, 4 takken",50,"Niet brandend","Daglicht","Droog",\N,\N,"Utrechtseweg","Renkum","Renkum","Gelderland",false,51.974335,5.740086,"material damage only","4","clear",false,1,"GM0274"
"20240087219",2024,"Letsel",2,"Fiets","Voetganger","Voetganger","Rechte weg",60,"Niet brandend","Daglicht","Droog",\N,"266319016","Vechtdijk","Utrecht","Utrecht","Utrecht",false,52.120843,5.076774,"injury","2","clear",false,1,"GM0344"
"20240088498",2024,"Letsel",1,"Fiets",\N,"Onbekend","Rotonde",50,"Niet brandend","Daglicht","Droog",\N,"187344024","Bollendreef","Voorhout","Teylingen","Zuid-Holland",false,52.234526,4.488962,"injury","2","clear",false,1,"GM1525"
"20240088516",2024,"Letsel",2,"Bestelauto","Fiets","Flank","Kruispunt, 4 takken",50,"Niet brandend","Daglicht","Droog",\N,\N,"2e De Riemerstraat","'s-Gravenhage","'s-Gravenhage","Zuid-Holland",false,52.080404,4.299361,"injury","2","clear",false,1,"GM0518"
"20240100754",2024,"Uitsluitend materiele schade",1,"Fiets",\N,"Onbekend","Rechte weg",60,"Niet brandend","Daglicht","Droog",\N,"187312001","Geerweg","Zoeterwoude","Zoeterwoude","Zuid-Holland",false,52.091587,4.498278,"material damage only","4","clear",false,1,"GM0638"
"20240102517",2024,"Letsel",2,"Fiets","Fiets","Onbekend","Rechte weg",30,"Niet aanwezig","Daglicht","Droog",\N,"379101018","Kruchterstraat","Maasbracht","Maasgouw","Limburg",false,51.143903,5.886659,"injury","2","clear",false,1,"GM1641"
"20240102659",2024,"Letsel",2,"Bestelauto","Fiets","Flank","Kruispunt, 4 takken",50,"Brandend","Duisternis","Droog",\N,\N,"Sint Servaasbrug","Maastricht","Maastricht","Limburg",false,50.849371,5.69451,"injury","2","clear",false,1,"GM0935"
"20240102672",2024,"Uitsluitend materiele schade",2,"Fiets","Fiets","Flank","Rechte weg",50,"Niet brandend","Daglicht","Droog",\N,"298221081","Zuidwal","'s-Hertogenbosch","'s-Hertogenbosch","Noord-Brabant",false,51.684476,5.304906,"material damage only","4","clear",false,1,"GM0796"
"20240102979",2024,"Letsel",2,"Personenauto","Fiets","Onbekend","Rechte weg",50,"Niet brandend","Daglicht","Droog","Parkeervoorziening","332145005","Renhoek","Leende","Heeze-Leende","Noord-Brabant",false,51.34306,5.549649,"injury","2","clear",false,1,"GM1658"
"20240047058",2024,"Uitsluitend materiele schade",2,"Personenauto","Fiets","Flank","Kruispunt, 3 takken",80,"Niet brandend","Daglicht","Droog",\N,\N,"Roekelse Bosweg","Otterlo","Ede","Gelderland",false,52.094312,5.731811,"material damage only","4","clear",false,1,"GM0228"
"20240047082",2024,"Letsel",2,"Fiets","Fiets","Frontaal","Kruispunt, 3 takken",50,"Niet aanwezig","Daglicht","Droog",\N,\N,"FIETSPAD","Arnhem","Arnhem","Gelderland",false,51.965623,5.893327,"injury","2","clear",false,1,"GM0202"
"20240049426",2024,"Uitsluitend materiele schade",2,"Personenauto","Fiets","Flank","Kruispunt, 4 takken",30,"Niet brandend","Daglicht","Droog",\N,\N,"Lanslaan","Utrecht","Utrecht","Utrecht",false,52.073336,5.102726,"material damage only","4","clear",false,1,"GM0344"
"20240050075",2024,"Uitsluitend materiele schade",2,"Personenauto","Fiets","Onbekend","Kruispunt, 3 takken",30,"Niet brandend","Daglicht","Regen",\N,\N,"Westerpark","Amsterdam","Amsterdam","Noord-Holland",false,52.385986,4.881545,"material damage only","4","rain",false,1,"GM0363"
"20240076041",2024,"Uitsluitend materiele schade",1,"Fiets",\N,"Onbekend","Rechte weg",30,"Niet brandend","Daglicht","Droog",\N,"418348018","Maasstraat","Deventer","Deventer","Overijssel",false,52.254092,6.185,"material damage only","4","clear",false,1,"GM0150"
"20240076047",2024,"Letsel",2,"Snorfiets","Fiets","Flank","Kruispunt, 3 takken",50,"Niet brandend","Daglicht","Droog",\N,\N,"Konijnenbergstraat","Nijverdal","Hellendoorn","Overijssel",false,52.364014,6.480718,"injury","2","clear",false,1,"GM0163"
"20240085264",2024,"Uitsluitend materiele schade",2,"Fiets","Fiets","Flank","Kruispunt, 3 takken",50,"Niet brandend","Daglicht","Droog",\N,\N,"FIETSPAD","Nijkerk","Nijkerk","Gelderland",false,52.216532,5.468166,"material damage only","4","clear",false,1,"GM0267"
"20240087264",2024,"Letsel",1,"Fiets",\N,"Eenzijdig","Rechte weg",30,"Niet brandend","Daglicht","Droog",\N,\N,"Europalaan","Almere","Almere","Flevoland",false,52.345888,5.145504,"injury","2","clear",false,1,"GM0034"
"20240046468",2024,"Uitsluitend materiele schade",1,"Fiets",\N,"Onbekend","Rotonde",30,"Niet brandend","Schemer","Droog",\N,\N,"Zutphenseweg","Eefde","Lochem","Gelderland",false,52.166265,6.225518,"material damage only","4","clear",false,1,"GM0262"
"20240082752",2024,"Uitsluitend materiele schade",2,"Fiets","Personenauto","Frontaal","Bocht",30,"Niet brandend","Daglicht","Droog",\N,\N,"Kleine Bagijnestraat","Hulst","Hulst","Zeeland",false,51.280635,4.055479,"material damage only","4","clear",false,1,"GM0677"
"20240087300",2024,"Letsel",2,"Personenauto","Fiets","Voetganger","Bocht",30,"Niet brandend","Daglicht","Droog",\N,\N,"Naalrand","Den Hoorn","Texel","Noord-Holland",false,53.024575,4.747918,"injury","2","clear",false,1,"GM0448"
"20240088603",2024,"Letsel",1,"Fiets",\N,"Onbekend","Bocht",50,"Niet aanwezig","Daglicht","Droog",\N,"600241657","Nootdorpsepad","Zoetermeer","Zoetermeer","Zuid-Holland",false,52.051829,4.434805,"injury","2","clear",false,1,"GM0637"
"20240096642",2024,"Uitsluitend materiele schade",2,"Snorfiets","Fiets","Flank","Kruispunt, 3 takken",30,"Niet brandend","Daglicht","Droog",\N,\N,"Sterrenlaan","Apeldoorn","Apeldoorn","Gelderland",false,52.217603,5.946204,"material damage only","4","clear",false,1,"GM0200"
"20240048239",2024,"Uitsluitend materiele schade",2,"Bromfiets","Fiets","Flank","Kruispunt, 3 takken",50,"Niet brandend","Daglicht","Droog",\N,\N,"Professor Kochstraat","Hilversum","Hilversum","Noord-Holland",false,52.225563,5.187696,"material damage only","4","clear",false,1,"GM0402"
"20240050127",2024,"Letsel",2,"Bestelauto","Fiets","Onbekend","Kruispunt, 3 takken",50,"Niet brandend","Daglicht","Droog",\N,\N,"Parallelweg","'s-Gravenhage","'s-Gravenhage","Zuid-Holland",false,52.06706,4.316132,"injury","2","clear",false,1,"GM0518"
"20240076101",2024,"Letsel",2,"Personenauto","Fiets","Flank","Rotonde",50,"Niet brandend","Daglicht","Droog",\N,\N,"Westkanaaldijk","Nijmegen","Nijmegen","Gelderland",false,51.855099,5.821589,"injury","2","clear",false,1,"GM0268"
"20240082121",2024,"Letsel",2,"Motor","Fiets","Flank","Kruispunt, 4 takken",50,"Niet brandend","Daglicht","Droog",\N,\N,"Bezuidenhoutseweg","'s-Gravenhage","'s-Gravenhage","Zuid-Holland",false,52.087936,4.335037,"injury","2","clear",false,1,"GM0518"
"20240097282",2024,"Letsel",2,"Personenauto","Fiets","Flank","Kruispunt, 3 takken",50,"Niet brandend","Daglicht","Droog",\N,\N,"Bezuidenhoutseweg","'s-Gravenhage","'s-Gravenhage","Zuid-Holland",false,52.093741,4.350239,"injury","2","clear",false,1,"GM0518"
"20240048289",2024,"Uitsluitend materiele schade",3,"Fiets","Fiets","Onbekend","Kruispunt, 4 takken",30,"Niet brandend","Daglicht","Droog",\N,\N,"Woudenbergseweg","Maarsbergen","Utrechtse Heuvelrug","Utrecht",false,52.041469,5.411031,"material damage only","4","clear",false,1,"GM1581"
"20240082135",2024,"Uitsluitend materiele schade",1,"Fiets",\N,"Onbekend","Rechte weg",\N,"Niet brandend","Daglicht","Droog",\N,"171300047","Bitterzoetpad","'s-Gravenhage","'s-Gravenhage","Zuid-Holland",false,52.034399,4.381539,"material damage only","4","clear",false,1,"GM0518"
"20230050067",2023,"Letsel",2,"Personenauto","e-bike","Flank","Kruispunt, 4 takken",30,"Niet brandend","Daglicht","Droog",\N,\N,"Madridweg","'s-Gravenhage","'s-Gravenhage","Zuid-Holland",false,52.019541,4.298635,"injury","2","clear",false,1,"GM0518"
"20230055299",2023,"Letsel",2,"Personenauto","Fiets","Onbekend","Kruispunt, 4 takken",50,"Brandend","Duisternis","Droog",\N,\N,"Sontweg","Groningen","Groningen","Groningen",false,53.219013,6.591001,"injury","2","clear",false,1,"GM0014"
"20230058083",2023,"Uitsluitend materiele schade",2,"Personenauto","Fiets","Flank","Kruispunt, 4 takken",80,"Niet brandend","Daglicht","Regen",\N,\N,"Grote Veldweg","Winterswijk Corle","Winterswijk","Gelderland",false,51.960287,6.671556,"material damage only","4","rain",false,1,"GM0294"
"20230059899",2023,"Letsel",2,"Bromfiets","Fiets","Flank","Rechte weg",60,"Niet brandend","Daglicht","Droog",\N,"217402008","Communicatieweg","Uitgeest","Uitgeest","Noord-Holland",false,52.498215,4.70947,"injury","2","clear",false,1,"GM0450"
"20230061449",2023,"Letsel",1,"Fiets",\N,"Eenzijdig","Rechte weg",30,"Brandend","Schemer","Droog",\N,"227331012","Stationsweg","Zevenhoven","Nieuwkoop","Zuid-Holland",false,52.179875,4.782319,"injury","2","clear",false,1,"GM0569"
"20230046610",2023,"Uitsluitend materiele schade",2,"Personenauto","Fiets","Flank","Rotonde",50,"Niet brandend","Daglicht","Droog",\N,\N,"Middellandbaan","Woerden","Woerden","Utrecht",false,52.078891,4.893866,"material damage only","4","clear",false,1,"GM0632"
"20230057458",2023,"Uitsluitend materiele schade",2,"Personenauto","Fiets","Flank",\N,50,"Niet brandend","Daglicht","Droog",\N,\N,"Kleijerstraat","Veenendaal","Veenendaal","Utrecht",false,52.022316,5.583449,"material damage only","4","clear",false,1,"GM0345"
"20230062403",2023,"Uitsluitend materiele schade",2,"Bromfiets","Fiets","Flank","Rechte weg",30,"Niet brandend","Daglicht","Droog",\N,"600375089","Kesselskade","Maastricht","Maastricht","Limburg",false,50.850234,5.694006,"material damage only","4","clear",false,1,"GM0935"
"20230064254",2023,"Letsel",2,"e-bike","Voetganger","Voetganger","Rechte weg",30,"Niet brandend","Daglicht","Droog",\N,"454426022","Molstraat","Dedemsvaart","Hardenberg","Overijssel",false,52.601208,6.45152,"injury","2","clear",false,1,"GM0160"
"20230055942",2023,"Letsel",3,"Fiets","Fiets","Onbekend","Rechte weg",50,"Niet brandend","Daglicht","Droog",\N,\N,"FIETSPAD","Mijdrecht","De Ronde Venen","Utrecht",false,52.206865,4.886462,"injury","2","clear",false,1,"GM0736"
"20230037367",2023,"Uitsluitend materiele schade",2,"Personenauto","Fiets","Flank","Rechte weg",30,"Niet brandend","Daglicht","Droog",\N,"600996627","Weerwal","Purmerend","Purmerend","Noord-Holland",false,52.510532,4.947886,"material damage only","4","clear",false,1,"GM0439"
"20230040255",2023,"Uitsluitend materiele schade",2,"Fiets",\N,"Kop/staart","Kruispunt, 4 takken",50,"Niet brandend","Daglicht","Droog",\N,\N,"Vijzelstraat","Amsterdam","Amsterdam","Noord-Holland",false,52.362942,4.892033,"material damage only","4","clear",false,1,"GM0363"
"20230051921",2023,"Letsel",2,"Personenauto","Fiets","Kop/staart","Rechte weg",30,"Niet brandend","Daglicht","Droog",\N,"600243032","Achterom","Sliedrecht","Sliedrecht","Zuid-Holland",false,51.826372,4.774537,"injury","2","clear",false,1,"GM0610"