"accident_id","year","severity_raw","party_count","party1_type","party2_type","accident_type","road_situation","speed_limit_kmh","road_lighting","light_condition_label","weather_raw","infra_type","road_segment_id","street_name","place_name","gemeente_name_raw","province","alcohol_indicated","latitude","longitude","severity_label","severity_code","weather_label","built_up_area","cyclists_involved","gemeente_code"
"20230057370",2023,"Letsel",2,"Fiets","Overig vast object","Vast voorwerp","Rechte weg",80,"Niet aanwezig","Daglicht","Droog","Tunnel","600672315","Dronterringweg","Dronten","Dronten","Flevoland",false,52.551359,5.694013,"injury","2","clear",false,1,"GM0303"
"20230058174",2023,"Letsel",1,"Fiets",\N,"Eenzijdig","Rechte weg",30,"Niet brandend","Daglicht","Droog",\N,"600494963","FIETSPAD","Zoetermeer","Zoetermeer","Zuid-Holland",false,52.065536,4.457098,"injury","2","clear",false,1,"GM0637"
"20230058182",2023,"Letsel",2,"Motor","Fiets","Flank","Kruispunt, 4 takken",50,"Niet brandend","Daglicht","Droog",\N,\N,"C. van Eesterenlaan","Amsterdam","Amsterdam","Noord-Holland",false,52.3711,4.938382,"injury","2","clear",false,1,"GM0363"
"20230062802",2023,"Letsel",2,"Fiets","Overig vast object","Vast voorwerp","Rechte weg",60,"Niet brandend","Daglicht","Droog",\N,"600724542","Noordlangeweg","Willemstad","Moerdijk","Noord-Brabant",false,51.680706,4.450786,"injury","2","clear",false,1,"GM1709"
"20240131775",2024,"Letsel",2,"Motor","Fiets","Frontaal","Bocht",60,"Brandend","Duisternis","Droog",\N,"291446001","De Traanbok","Bovenkarspel","Stede Broec","Noord-Holland",false,52.695692,5.257732,"injury","2","clear",false,1,"GM0532"
"20230041436",2023,"Uitsluitend materiele schade",2,"Personenauto","Fiets","Flank","Rechte weg",30,"Niet brandend","Daglicht","Droog",\N,\N,"Busselbundersweg","Veghel","Meierijstad","Noord-Brabant",false,51.635056,5.557552,"material damage only","4","clear",false,1,"GM1948"
"20230041455",2023,"Uitsluitend materiele schade",2,"Scootmobiel","Fiets","Flank","Kruispunt, 3 takken",50,\N,"Daglicht","Droog",\N,\N,"Hendrika van Haeftenstr","Boxtel","Boxtel","Noord-Brabant",false,51.592821,5.314442,"material damage only","4","clear",false,1,"GM0757"
"20230046708",2023,"Uitsluitend materiele schade",2,"Personenauto","Fiets","Flank","Kruispunt, 4 takken",50,"Niet brandend","Daglicht","Droog",\N,\N,"Maasstraat","Alkmaar","Alkmaar","Noord-Holland",false,52.632135,4.764353,"material damage only","4","clear",false,1,"GM0361"
"20230050219",2023,"Uitsluitend materiele schade",2,"Fiets","Personenauto","Flank","Rechte weg",30,"Brandend","Duisternis","Droog",\N,"600204645","Newtonstraat","'s-Gravenhage","'s-Gravenhage","Zuid-Holland",false,52.076184,4.285052,"material damage only","4","clear",false,1,"GM0518"
"20230057743",2023,"Uitsluitend materiele schade",2,"Personenauto","Fiets","Kop/staart","Rechte weg",50,"Niet brandend","Daglicht","Regen",\N,"492286056","Gasthuisstraat","Winterswijk","Winterswijk","Gelderland",false,51.970938,6.714311,"material damage only","4","rain",false,1,"GM0294"
"20230058509",2023,"Uitsluitend materiele schade",2,"Personenauto","Fiets","Kop/staart","Rechte weg",30,"Niet brandend","Daglicht","Droog",\N,"192307075","Zegwaartseweg","Zoetermeer","Zoetermeer","Zuid-Holland",false,52.070829,4.530757,"material damage only","4","clear",false,1,"GM0637"
"20230039185",2023,"Uitsluitend materiele schade",2,"Personenauto","Fiets","Flank","Kruispunt, 4 takken",50,"Niet brandend","Daglicht","Droog",\N,\N,"Middenweg","Amsterdam","Amsterdam","Noord-Holland",false,52.347768,4.94018,"material damage only","4","clear",false,1,"GM0363"
"20230039736",2023,"Letsel",2,"Bestelauto","Fiets","Los voorwerp","Kruispunt, 3 takken",30,"Niet brandend","Daglicht","Droog",\N,\N,"Kinderen van Versteegpln","Zoetermeer","Zoetermeer","Zuid-Holland",false,52.049265,4.478336,"injury","2","clear",false,1,"GM0637"
"20230045571",2023,"Uitsluitend materiele schade",2,"Snorfiets","Fiets","Frontaal","Bocht",30,"Niet brandend","Daglicht","Droog",\N,"403407003","Klooienberglaan","Zwolle","Zwolle","Overijssel",false,52.52109,6.079108,"material damage only","4","clear",false,1,"GM0193"
"20230046162",2023,"Letsel",3,"Fiets",\N,"Eenzijdig","Rechte weg",\N,"Niet aanwezig","Duisternis","Droog",\N,"436443002","Oosterbroeken","Koekange","De Wolden","Drenthe",false,52.678144,6.332018,"injury","2","clear",false,1,"GM1690"
"20230049679",2023,"Uitsluitend materiele schade",2,"Bestelauto","Fiets","Flank","Rechte weg",50,"Niet brandend","Daglicht","Droog",\N,"166313004","Ary Schefferstraat","'s-Gravenhage","'s-Gravenhage","Zuid-Holland",false,52.095965,4.337022,"material damage only","4","clear",false,1,"GM0518"
"20230053150",2023,"Letsel",2,"Bromfiets","Fiets","Onbekend",\N,60,"Brandend","Duisternis","Droog",\N,"600776898","Tilburgseweg","Hilvarenbeek","Hilvarenbeek","Noord-Brabant",false,51.530651,5.114901,"injury","2","clear",false,1,"GM0798"
"20230057767",2023,"Letsel",2,"Personenauto","Fiets","Flank","Kruispunt, 3 takken",50,"Niet brandend","Daglicht","Droog",\N,\N,"Munnikenweg","Renswoude","Renswoude","Utrecht",false,52.040664,5.530383,"injury","2","clear",false,1,"GM0339"
"20240133196",2024,"Letsel",1,"Fiets",\N,"Geparkeerd voertuig","Rechte weg",50,"Niet brandend","Daglicht","Droog",\N,"158307080","Dierenselaan","'s-Gravenhage","'s-Gravenhage","Zuid-Holland",false,52.066459,4.284471,"injury","2","clear",false,1,"GM0518"
"20230045609",2023,"Uitsluitend materiele schade",2,"Bestelauto","Fiets","Flank","Kruispunt, 4 takken",50,"Niet brandend","Daglicht","Droog",\N,\N,"Petterhústerdyk","Stiens","Leeuwarden","Friesland",false,53.25819,5.762323,"material damage only","4","clear",false,1,"GM0080"
"20230056670",2023,"Uitsluitend materiele schade",4,"Personenauto","Fiets","Los voorwerp","Kruispunt, 4 takken",30,"Niet brandend","Daglicht","Droog",\N,\N,"Het Lemoen","Arnhem","Arnhem","Gelderland",false,51.959437,5.836569,"material damage only","4","clear",false,1,"GM0202"
"20240131058",2024,"Letsel",1,"Fiets",\N,"Onbekend","Rechte weg",30,"Niet brandend","Daglicht","Droog",\N,"225438109","Laan van Troyes","Alkmaar","Alkmaar","Noord-Holland",false,52.657548,4.759511,"injury","2","clear",false,1,"GM0361"
"20230045070",2023,"Letsel",2,"Fiets","Fiets","Flank","Kruispunt, 4 takken",50,"Niet brandend","Daglicht","Droog",\N,\N,"Ln der Verenigde Naties","Harderwijk","Harderwijk","Gelderland",false,52.332603,5.613175,"injury","2","clear",false,1,"GM0243"
"20230048001",2023,"Letsel",2,"Bus","Fiets","Flank","Rechte weg",30,"Niet brandend","Daglicht","Droog",\N,"600183106","Vinkenstraat","Zaandam","Zaanstad","Noord-Holland",false,52.439779,4.820695,"injury","2","clear",false,1,"GM0479"
"20230048623",2023,"Uitsluitend materiele schade",2,"Bestelauto","e-bike","Flank","Kruispunt, 3 takken",50,"Niet brandend","Daglicht","Droog",\N,\N,"President Allendelaan","Amsterdam","Amsterdam","Noord-Holland",false,52.366165,4.804802,"material damage only","4","clear",false,1,"GM0363"
"20230050327",2023,"Uitsluitend materiele schade",2,"Personenauto","Fiets","Flank","Kruispunt, 4 takken",50,"Brandend","Duisternis","Regen","Brug/viaduct",\N,"Geldersekade","Amsterdam","Amsterdam","Noord-Holland",false,52.374056,4.901578,"material damage only","4","rain",false,1,"GM0363"
"20230058598",2023,"Uitsluitend materiele schade",1,"Fiets",\N,"Frontaal","Rotonde",50,\N,"Daglicht","Droog",\N,\N,"Lijnbaan","Aalsmeer","Aalsmeer","Noord-Holland",false,52.272316,4.754899,"material damage only","4","clear",false,1,"GM0358"
"20230063436",2023,"Uitsluitend materiele schade",2,"Bestelauto","e-bike","Flank","Rotonde",50,"Niet brandend","Daglicht","Droog",\N,\N,"Clavecymbelstraat","Maastricht","Maastricht","Limburg",false,50.860602,5.67177,"material damage only","4","clear",false,1,"GM0935"
"20230054422",2023,"Letsel",2,"Personenauto","Fiets","Flank","Rotonde",50,"Niet brandend","Daglicht","Droog",\N,\N,"Sint Franciscusweg","Heerlen","Heerlen","Limburg",false,50.88296,5.985697,"injury","2","clear",false,1,"GM0917"
"20230059317",2023,"Letsel",2,"Fiets","Personenauto","Geparkeerd voertuig","Rechte weg",50,"Niet brandend","Daglicht","Droog",\N,"600746006","Rie Cramerplantsoen","Hoofddorp","Haarlemmermeer","Noord-Holland",false,52.292815,4.670792,"injury","2","clear",false,1,"GM0394"
"20230061169",2023,"Letsel",1,"Fiets",\N,"Eenzijdig","Rechte weg",50,"Niet aanwezig","Daglicht","Droog",\N,"600737575","Meerlaan","Hillegom","Hillegom","Zuid-Holland",false,52.289656,4.590966,"injury","2","clear",false,1,"GM0534"
"20230064113",2023,"Uitsluitend materiele schade",2,"Bestelauto","Fiets","Flank","Kruispunt, 3 takken",50,"Niet brandend","Daglicht","Droog",\N,\N,"Van Maasdijkweg","Almelo","Almelo","Overijssel",false,52.371363,6.641642,"material damage only","4","clear",false,1,"GM0141"
"20240133506",2024,"Letsel",2,"Fiets","Personenauto","Flank","Kruispunt, 4 takken",30,"Niet brandend","Daglicht","Droog",\N,\N,"Burgemeester Banninglaan","Leidschendam","Leidschendam-Voorburg","Zuid-Holland",false,52.091329,4.383664,"injury","2","clear",false,1,"GM1916"
"20240133540",2024,"Dodelijk",2,"Personenauto","Fiets","Onbekend","Rechte weg",30,"Niet brandend","Daglicht","Droog",\N,"191342028","Hoofdstraat","Sassenheim","Teylingen","Zuid-Holland",false,52.225273,4.520482,"fatal","1","clear",false,1,"GM1525"
"20240133579",2024,"Letsel",2,"Bromfiets","Fiets","Onbekend","Rechte weg",50,"Niet brandend","Daglicht","Droog",\N,"166302045","Delftweg","Rijswijk","Rijswijk","Zuid-Holland",false,52.044785,4.344506,"injury","2","clear",false,1,\N
"20230037583",2023,"Uitsluitend materiele schade",2,"Fiets","Fiets","Flank","Rechte weg",50,"Niet brandend","Daglicht","Droog",\N,\N,"Hilversumseweg","Laren","Laren","Noord-Holland",false,52.251756,5.214709,"material damage only","4","clear",false,1,\N
"20230056787",2023,"Uitsluitend materiele schade",2,"Bromfiets","Fiets","Onbekend","Rechte weg",30,"Niet brandend","Daglicht","Droog",\N,"600836339","Nieuwe Plein","Arnhem","Arnhem","Gelderland",false,51.982535,5.90328,"material damage only","4","clear",false,1,"GM0202"
"20230038219",2023,"Letsel",3,"Fiets","Fiets","Flank","Kruispunt, 3 takken",\N,"Niet brandend","Daglicht","Droog",\N,\N,"Stationsstraat","Zaandam","Zaanstad","Noord-Holland",false,52.439667,4.815285,"injury","2","clear",false,1,"GM0479"
"20230038792",2023,"Letsel",2,"Bromfiets","Fiets","Frontaal","Rechte weg",30,"Niet aanwezig","Duisternis","Droog",\N,"600361105","Blaak","Rotterdam","Rotterdam","Zuid-Holland",false,51.918392,4.483396,"injury","2","clear",false,1,"GM0599"
"20230049878",2023,"Letsel",1,"Fiets",\N,"Eenzijdig","Rechte weg",50,"Niet brandend","Daglicht","Droog",\N,"154312080","Duivelandsestraat","'s-Gravenhage","'s-Gravenhage","Zuid-Holland",false,52.086739,4.254714,"injury","2","clear",false,1,"GM0518"
"20230055072",2023,"Uitsluitend materiele schade",3,"Fiets","Landbouwvoertuig","Los voorwerp","Rechte weg",30,"Niet brandend","Daglicht","Droog",\N,"600870124","Wilgenpad","Groningen","Groningen","Groningen",false,53.233484,6.546198,"material damage only","4","clear",false,1,"GM0014"
"20230059808",2023,"Uitsluitend materiele schade",2,"Personenauto","Fiets","Flank","Rotonde",50,"Niet brandend","Daglicht","Droog",\N,\N,"Groenelaan","Amstelveen","Amstelveen","Noord-Holland",false,52.293474,4.871146,"material damage only","4","clear",false,1,"GM0362"
"20230064556",2023,"Letsel",2,"Fiets","Fiets","Flank","Kruispunt, 3 takken",50,"Brandend","Duisternis","Droog",\N,\N,"Reggesingel","Rijssen","Rijssen-Holten","Overijssel",false,52.316337,6.526681,"injury","2","clear",false,1,"GM1742"
"20240127583",2024,"Uitsluitend materiele schade",2,"Personenauto","Fiets","Frontaal","Kruispunt, 3 takken",50,"Brandend","Duisternis","Regen","Tunnel",\N,"Volksparktunnel","Enschede","Enschede","Overijssel",false,52.221162,6.8787,"material damage only","4","rain",false,1,"GM0153"
"20230038235",2023,"Letsel",2,"Personenauto","Fiets","Flank","Kruispunt, 4 takken",30,"Niet brandend","Daglicht","Droog",\N,\N,"Rustenburgerweg","Heerhugowaard","Dijk en Waard","Noord-Holland",false,52.659387,4.833324,"injury","2","clear",false,1,"GM1980"
"20230045194",2023,"Uitsluitend materiele schade",2,"Fiets","Bromfiets","Kop/staart","Rechte weg",80,"Niet brandend","Daglicht","Droog",\N,"600674814","Ellecomsedijk","Ellecom","Rheden","Gelderland",false,52.020797,6.125921,"material damage only","4","clear",false,1,"GM0275"
"20230045800",2023,"Letsel",2,"Personenauto","Fiets","Flank","Kruispunt, 4 takken",80,"Niet brandend","Daglicht","Droog",\N,\N,"Langhuisterweg","St.-Annaparochie","Waadhoeke","Friesland",false,53.277889,5.676112,"injury","2","clear",false,1,"GM1949"
"20230049886",2023,"Letsel",1,"Fiets",\N,"Eenzijdig","Rechte weg",30,"Niet brandend","Daglicht","Droog","Brug/viaduct","222310076","Brugstraat","Bodegraven","Bodegraven-Reeuwijk","Zuid-Holland",false,52.084989,4.747204,"injury","2","clear",false,1,"GM1901"
"20230049910",2023,"Letsel",2,"Personenauto","Fiets","Onbekend","Kruispunt, 4 takken",50,"Niet brandend","Daglicht","Droog",\N,\N,"Paul Krugerlaan","'s-Gravenhage","'s-Gravenhage","Zuid-Holland",false,52.068329,4.292504,"injury","2","clear",false,1,"GM0518"
"20230053398",2023,"Uitsluitend materiele schade",2,"Bestelauto","Fiets","Flank","Kruispunt, 4 takken",30,"Niet brandend","Daglicht","Droog",\N,\N,"Burg Verdaasdonkstraat","Teteringen","Breda","Noord-Brabant",false,51.607315,4.811632,"material damage only","4","clear",false,1,"GM0758"
"20230061833",2023,"Letsel",2,"Fiets","Fiets","Frontaal","Bocht",30,"Niet brandend","Daglicht","Droog",\N,"600712515","Machiel Vrijenhoeklaan","'s-Gravenhage","'s-Gravenhage","Zuid-Holland",false,52.061447,4.213294,"injury","2","clear",false,1,"GM0518"
"20230066106",2023,"Uitsluitend materiele schade",2,"Personenauto","Fiets","Flank","Kruispunt, 3 takken",30,"Niet brandend","Daglicht","Droog",\N,"600637269","Van Randwijcklaan","Amersfoort","Amersfoort","Utrecht",false,52.161368,5.399606,"material damage only","4","clear",false,1,"GM0307"
"20230061858",2023,"Letsel",2,"Fiets","Fiets","Onbekend","Rechte weg",50,"Niet brandend","Daglicht","Regen",\N,"155310046","Goudenregenstraat","'s-Gravenhage","'s-Gravenhage","Zuid-Holland",false,52.077948,4.262587,"injury","2","rain",false,1,"GM0518"
"20240128176",2024,"Uitsluitend materiele schade",3,"Fiets","Fiets","Frontaal","Rechte weg",50,"Niet aanwezig","Daglicht","Droog",\N,"406404168","Reysigerweg","Zwolle","Zwolle","Overijssel",false,52.503507,6.095283,"material damage only","4","clear",false,1,"GM0193"
"20230066136",2023,"Uitsluitend materiele schade",1,"Fiets",\N,"Onbekend","Rechte weg",50,"Niet brandend","Daglicht","Droog",\N,"161309122","Jan Hendrikstraat","'s-Gravenhage","'s-Gravenhage","Zuid-Holland",false,52.07623,4.30689,"material damage only","4","clear",false,1,"GM0518"
"20240129725",2024,"Uitsluitend materiele schade",2,"Personenauto","Fiets","Flank","Rechte weg",50,"Niet brandend","Daglicht","Droog",\N,\N,"Vreelandseweg","Hilversum","Hilversum","Noord-Holland",false,52.220144,5.144293,"material damage only","4","clear",false,1,"GM0402"
"20230048854",2023,"Letsel",1,"Fiets",\N,"Eenzijdig","Rechte weg",30,"Niet brandend","Daglicht","Droog",\N,"168295024","Markt","Delft","Delft","Zuid-Holland",false,52.011523,4.358716,"injury","2","clear",false,1,"GM0503"
"20230053462",2023,"Letsel",2,"Personenauto","Fiets","Flank","Kruispunt, 3 takken",50,"Niet brandend","Daglicht","Droog",\N,\N,"Vlasakkerlaan","Hellevoetsluis","Voorne aan Zee","Zuid-Holland",false,51.825883,4.146128,"injury","2","clear",false,1,"GM1992"
"20230061900",2023,"Uitsluitend materiele schade",1,"Fiets",\N,"Onbekend",\N,\N,\N,"Daglicht",\N,\N,"182328046","Haagse Schouwweg","Leiden","Leiden","Zuid-Holland",false,52.164008,4.456788,"material damage only","4","unknown",false,1,"GM0546"
"20240130184",2024,"Uitsluitend materiele schade",2,"Snorfiets","Fiets","Onbekend","Rechte weg",30,"Niet brandend","Daglicht","Droog",\N,"600783069","Dokkumlaan","Almere","Almere","Flevoland",false,52.37375,5.210575,"material damage only","4","clear",false,1,"GM0034"
"20240131184",2024,"Uitsluitend materiele schade",3,"Personenauto","Fiets","Flank","Rechte weg",30,"Brandend","Duisternis","Droog",\N,"600363293","Plantage Muidergracht","Amsterdam","Amsterdam","Noord-Holland",true,52.365936,4.909747,"material damage only","4","clear",false,1,"GM0363"
"20230043573",2023,"Uitsluitend materiele schade",2,"Bromfiets","Fiets","Flank","Kruispunt, 4 takken",30,"Niet brandend","Daglicht","Droog",\N,"600901225","Koningsplein","Maastricht","Maastricht","Limburg",false,50.84918,5.710943,"material damage only","4","clear",false,1,"GM0935"
"20230052343",2023,"Uitsluitend materiele schade",3,"Fiets","Fiets","Voetganger","Rechte weg",50,"Niet aanwezig","Daglicht","Droog",\N,"600258514","Goirkekanaaldijk","Tilburg","Tilburg","Noord-Brabant",false,51.578541,5.065058,"material damage only","4","clear",false,1,"GM0855"
"20240131331",2024,"Letsel",2,"e-bike","Personenauto","Flank","Rotonde",50,"Niet brandend","Daglicht","Droog",\N,\N,"Waterloolaan","Driehuis NH","Velsen","Noord-Holland",false,52.45113,4.633772,"injury","2","clear",false,1,"GM0453"
"20240131449",2024,"Uitsluitend materiele schade",2,"Bestelauto","Fiets","Flank","Rechte weg",30,"Niet brandend","Daglicht","Droog",\N,"244373135","Rapenburgerstraat","Amsterdam","Amsterdam","Noord-Holland",false,52.368489,4.906287,"material damage only","4","clear",false,1,"GM0363"
"20230038413",2023,"Letsel",2,"Personenauto","Fiets","Flank","Kruispunt, 4 takken",50,"Niet brandend","Daglicht","Droog",\N,\N,"Blauwe Berg","Hoorn","Hoorn","Noord-Holland",false,52.650117,5.045958,"injury","2","clear",false,1,"GM0405"
"20230049462",2023,"Letsel",2,"Fiets","Fiets","Flank","Kruispunt, 4 takken",30,"Niet brandend","Duisternis","Droog","Brug/viaduct",\N,"Marnixstraat","Amsterdam","Amsterdam","Noord-Holland",false,52.365355,4.880141,"injury","2","clear",false,1,"GM0363"
"20230061970",2023,"Letsel",2,"Fiets","Personenauto","Flank","Kruispunt, 3 takken",50,"Niet brandend","Daglicht","Droog","Brug/viaduct",\N,"Overschieseweg","Rotterdam","Rotterdam","Zuid-Holland",false,51.935164,4.408939,"injury","2","clear",false,1,"GM0599"
"20240131747",2024,"Uitsluitend materiele schade",2,"Bestelauto","Fiets","Frontaal","Kruispunt, 4 takken",50,"Niet brandend","Daglicht","Droog",\N,\N,"Noorderkade","Alkmaar","Alkmaar","Noord-Holland",false,52.641065,4.746091,"material damage only","4","clear",false,1,"GM0361"
"20240131889",2024,"Letsel",2,"Fiets","Fiets","Frontaal","Rechte weg",50,"Brandend","Duisternis","Regen",\N,"600370400","Westerstraat","Oudorp","Alkmaar","Noord-Holland",false,52.631238,4.771722,"injury","2","rain",false,1,"GM0361"
"20220226049",2022,"Uitsluitend materiele schade",3,"Personenauto","Fiets","Flank","Kruispunt, 4 takken",30,"Niet brandend","Daglicht","Droog",\N,\N,"Ravelijn de Groene Jager","Goes","Goes","Zeeland",false,51.504982,3.885948,"material damage only","4","clear",false,1,"GM0664"
"20220200930",2022,"Uitsluitend materiele schade",2,"Personenauto","Fiets","Flank","Rotonde",50,"Niet brandend","Schemer","Droog",\N,\N,"Rooseveltstraat","Barneveld","Barneveld","Gelderland",false,52.130942,5.589366,"material damage only","4","clear",false,1,"GM0203"
"20220205297",2022,"Uitsluitend materiele schade",2,"Personenauto","Fiets","Onbekend","Rotonde",30,"Brandend","Duisternis","Regen",\N,\N,"Van Egmondkade","Utrecht","Utrecht","Utrecht",false,52.109664,5.092272,"material damage only","4","rain",false,1,"GM0344"
"20220208163",2022,"Uitsluitend materiele schade",2,"Bromfiets","Fiets","Onbekend","Rechte weg",30,"Niet brandend","Daglicht","Sneeuw/Hagel",\N,"208380051","Beukenstraat","Haarlem","Haarlem","Noord-Holland",false,52.399521,4.640907,"material damage only","4","unknown",false,1,"GM0392"
"20220212278",2022,"Letsel",2,"Fiets","Fiets","Onbekend","Rechte weg",50,"Brandend","Duisternis","Regen",\N,"241370109","Albert Cuypstraat","Amsterdam","Amsterdam","Noord-Holland",false,52.354586,4.887708,"injury","2","rain",false,1,"GM0363"
"20220213633",2022,"Letsel",1,"Fiets",\N,"Eenzijdig","Kruispunt, 3 takken",50,"Niet brandend","Daglicht","Droog",\N,\N,"Onderweg","Pijnacker","Pijnacker-Nootdorp","Zuid-Holland",false,51.98453,4.423193,"injury","2","clear",false,1,"GM1926"
"20220215895",2022,"Letsel",2,"Fiets","Fiets","Flank","Kruispunt, 3 takken",\N,"Niet brandend","Daglicht","Droog",\N,\N,"Nesse","Boskoop","Alphen aan den Rijn","Zuid-Holland",false,52.088786,4.662205,"injury","2","clear",false,1,"GM0484"
"20220208230",2022,"Letsel",3,"Fiets","Personenauto","Onbekend","Kruispunt, 4 takken",50,"Niet brandend","Daglicht","Droog",\N,\N,"Wakerdijk","Purmerend","Purmerend","Noord-Holland",false,52.508813,4.984718,"injury","2","clear",false,1,"GM0439"
"20220211650",2022,"Letsel",1,"Fiets",\N,"Eenzijdig","Kruispunt, 4 takken",50,"Brandend","Duisternis","Droog",\N,\N,"Oosterdokskade","Amsterdam","Amsterdam","Noord-Holland",false,52.375646,4.907908,"injury","2","clear",false,1,"GM0363"
"20220215973",2022,"Letsel",1,"Fiets",\N,"Eenzijdig","Rechte weg",30,"Niet brandend","Daglicht",\N,\N,"600371790","Oude Singel","Leiden","Leiden","Zuid-Holland",false,52.162211,4.495675,"injury","2","unknown",false,1,"GM0546"
"20220229580",2022,"Letsel",2,"Personenauto","Fiets","Flank","Rotonde",50,"Brandend","Duisternis","Regen",\N,\N,"Kooikersweg","'s-Hertogenbosch","'s-Hertogenbosch","Noord-Brabant",false,51.697516,5.266674,"injury","2","rain",false,1,"GM0796"
"20220199035",2022,"Uitsluitend materiele schade",3,"Bestelauto","Fiets","Onbekend","Rechte weg",50,"Brandend","Duisternis","Droog",\N,"600835850","Kronenburgdijk","Arnhem","Arnhem","Gelderland",false,51.95764,5.8906,"material damage only","4","clear",false,1,"GM0202"
"20220213739",2022,"Letsel",1,"Fiets",\N,"Eenzijdig","Rechte weg",\N,"Niet brandend","Daglicht","Droog",\N,"600513149","Rijndijk","Hazerswoude-Rijndijk","Alphen aan den Rijn","Zuid-Holland",false,52.131011,4.594391,"injury","2","clear",false,1,"GM0484"
"20220228199",2022,"Uitsluitend materiele schade",1,"Fiets",\N,"Onbekend","Rechte weg",30,"Niet brandend","Daglicht","Droog",\N,"350235016","Brouwershof","Reek","Maashorst","Noord-Brabant",false,51.746377,5.680601,"material damage only","4","clear",false,1,"GM1991"
"20220208345",2022,"Letsel",2,"Fiets","Fiets","Onbekend","Bocht",30,"Brandend","Duisternis","Droog",\N,\N,"Raadhuisweg","Heiloo","Heiloo","Noord-Holland",false,52.604651,4.713068,"injury","2","clear",false,1,"GM0399"
"20220211720",2022,"Letsel",2,"Fiets","Fiets","Onbekend",\N,50,\N,"Schemer",\N,\N,"233371101","Pieter Calandlaan","Amsterdam","Amsterdam","Noord-Holland",false,52.35616,4.822928,"injury","2","unknown",false,1,"GM0363"
"20220216100",2022,"Letsel",2,"Bromfiets","Fiets","Onbekend","Bocht",\N,"Brandend","Duisternis","Regen","Brug/viaduct","164307137","Fijnjekade","'s-Gravenhage","'s-Gravenhage","Zuid-Holland",false,52.068263,4.326425,"injury","2","rain",false,1,"GM0518"
"20220230805",2022,"Uitsluitend materiele schade",2,"Fiets","Fiets","Frontaal","Rotonde",50,"Niet brandend","Daglicht",\N,\N,\N,"Stationsweg","Venray","Venray","Limburg",false,51.528951,5.980159,"material damage only","4","unknown",false,1,"GM0984"
"20220202514",2022,"Uitsluitend materiele schade",2,"Bus","Fiets","Flank","Rechte weg",30,"Brandend","Duisternis","Droog",\N,"274312075","Nobelstraat","Utrecht","Utrecht","Utrecht",false,52.093044,5.124913,"material damage only","4","clear",false,1,"GM0344"
"20220217491",2022,"Uitsluitend materiele schade",2,"Personenauto","Fiets","Eenzijdig","Kruispunt, 4 takken",50,"Brandend","Duisternis","Regen","Brug/viaduct",\N,"Weimarstraat","'s-Gravenhage","'s-Gravenhage","Zuid-Holland",false,52.078517,4.28622,"material damage only","4","rain",false,1,"GM0518"
"20220207632",2022,"Uitsluitend materiele schade",2,"Personenauto","e-bike","Flank","Rotonde",50,"Niet brandend","Daglicht","Droog",\N,\N,"Laan van Broekpolder","Heemskerk","Heemskerk","Noord-Holland",false,52.496658,4.692382,"material damage only","4","clear",false,1,"GM0396"
"20220210360",2022,"Uitsluitend materiele schade",2,"Bestelauto","Fiets","Flank","Kruispunt, 4 takken",50,"Niet brandend","Daglicht","Regen",\N,\N,"Silodam","Amsterdam","Amsterdam","Noord-Holland",false,52.389562,4.891412,"material damage only","4","rain",false,1,"GM0363"
"20220214747",2022,"Uitsluitend materiele schade",2,"Personenauto","Fiets","Onbekend","Rechte weg",30,"Niet brandend","Daglicht","Droog",\N,\N,"Mercuriusweg","Delft","Delft","Zuid-Holland",false,51.999495,4.354937,"material damage only","4","clear",false,1,"GM0503"
"20220216165",2022,"Letsel",2,"Fiets","Fiets","Onbekend","Rechte weg",50,"Brandend","Duisternis","Droog",\N,"600716534","Prinsegracht","'s-Gravenhage","'s-Gravenhage","Zuid-Holland",false,52.07263,4.301215,"injury","2","clear",false,1,"GM0518"
"20220217560",2022,"Uitsluitend materiele schade",2,"Personenauto","Fiets","Onbekend","Kruispunt, 4 takken",50,"Niet brandend","Daglicht","Droog",\N,\N,"Viljoenstraat","'s-Gravenhage","'s-Gravenhage","Zuid-Holland",false,52.061883,4.291171,"material damage only","4","clear",false,1,"GM0518"
"20220227549",2022,"Letsel",1,"Fiets",\N,"Eenzijdig","Rotonde",30,"Niet brandend","Daglicht","Droog",\N,\N,"FIETSPAD","Schijndel","Meierijstad","Noord-Brabant",false,51.613136,5.470421,"injury","2","clear",false,1,"GM1948"
"20220232397",2022,"Uitsluitend materiele schade",2,"Fiets","Fiets","Flank","Kruispunt, 3 takken",30,"Brandend","Duisternis","Droog",\N,\N,"Tegelseweg","Venlo","Venlo","Limburg",false,51.354173,6.152607,"material damage only","4","clear",false,1,"GM0983"
"20220205780",2022,"Uitsluitend materiele schade",2,"Personenauto","e-bike","Flank","Kruispunt, 4 takken",50,"Niet brandend","Daglicht","Droog",\N,\N,"Spanjaardsdam","Broek op Langedijk","Dijk en Waard","Noord-Holland",false,52.678302,4.790466,"material damage only","4","clear",false,1,"GM1980"
"20220212862",2022,"Letsel",2,"Personenauto","Fiets","Flank","Kruispunt, 4 takken",50,"Brandend","Duisternis","Regen",\N,\N,"Buitenhofdreef","Delft","Delft","Zuid-Holland",false,51.999674,4.343911,"injury","2","rain",false,1,"GM0503"
"20220216192",2022,"Letsel",1,"Fiets",\N,"Eenzijdig","Rechte weg",50,"Niet brandend","Daglicht","Droog",\N,"191326024","Van der Valk Boumanweg","Leiderdorp","Leiderdorp","Zuid-Holland",false,52.155273,4.524151,"injury","2","clear",false,1,"GM0547"