"accident_id","year","severity_raw","party_count","party1_type","party2_type","accident_type","road_situation","speed_limit_kmh","road_lighting","light_condition_label","weather_raw","infra_type","road_segment_id","street_name","place_name","gemeente_name_raw","province","alcohol_indicated","latitude","longitude","severity_label","severity_code","weather_label","built_up_area","cyclists_involved","gemeente_code"
"20220216220",2022,"Uitsluitend materiele schade",2,"Personenauto","Fiets","Flank","Kruispunt, 4 takken",50,"Brandend","Duisternis","Regen",\N,\N,"Albert Plesmanplein","Gouda","Gouda","Zuid-Holland",false,52.018445,4.710219,"material damage only","4","rain",false,1,"GM0513"
"20220230998",2022,"Uitsluitend materiele schade",2,"Personenauto","Fiets","Onbekend","Kruispunt, 3 takken",60,"Niet brandend","Daglicht","Droog",\N,\N,"Houwakkersteeg","Ospel","Nederweert","Limburg",false,51.304312,5.79403,"material damage only","4","clear",false,1,"GM0946"
"20220204931",2022,"Uitsluitend materiele schade",2,"Personenauto","Fiets","Flank","Rotonde",50,"Niet brandend","Daglicht","Droog",\N,\N,"Amsterdamsestraatweg","Baarn","Baarn","Utrecht",false,52.209566,5.269753,"material damage only","4","clear",false,1,"GM0308"
"20220137499",2022,"Dodelijk",2,"Personenauto","Fiets","Flank","Kruispunt, 3 takken",50,"Niet brandend","Daglicht","Droog",\N,\N,"Zweedsestraat","Deventer","Deventer","Overijssel",false,52.244223,6.190762,"fatal","1","clear",false,1,"GM0150"
"20220224837",2022,"Uitsluitend materiele schade",2,"Fiets","Fiets","Onbekend","Kruispunt, 4 takken",30,"Niet brandend","Daglicht","Droog",\N,\N,"Molenstraat","Oudenbosch","Halderberge","Noord-Brabant",false,51.589006,4.52422,"material damage only","4","clear",false,1,"GM1655"
"20220227621",2022,"Uitsluitend materiele schade",2,"Fiets","Personenauto","Flank","Rotonde",50,"Brandend","Duisternis","Droog",\N,\N,"St Jorisstraat","Oirschot","Oirschot","Noord-Brabant",false,51.505616,5.31423,"material damage only","4","clear",false,1,"GM0823"
"20220228466",2022,"Uitsluitend materiele schade",2,"Personenauto","Fiets","Flank","Kruispunt, 3 takken",50,"Niet brandend","Daglicht","Droog",\N,\N,"Rijnstraat","'s-Hertogenbosch","'s-Hertogenbosch","Noord-Brabant",false,51.690591,5.328832,"material damage only","4","clear",false,1,"GM0796"
"20220208584",2022,"Letsel",2,"Personenauto","e-bike","Flank","Rotonde",50,"Niet brandend","Daglicht","Droog",\N,\N,"Frieseweg","Alkmaar","Alkmaar","Noord-Holland",false,52.640011,4.75815,"injury","2","clear",false,1,"GM0361"
"20220215558",2022,"Letsel",2,"Personenauto","Fiets","Flank","Rotonde",50,"Niet brandend","Daglicht","Droog",\N,\N,"Rooseveltstraat","Leiden","Leiden","Zuid-Holland",false,52.147833,4.481089,"injury","2","clear",false,1,"GM0546"
"20220225736",2022,"Letsel",2,"Fiets","Fiets","Onbekend","Kruispunt, 4 takken",50,"Niet brandend","Daglicht","Droog",\N,\N,"Bellinistraat","Tilburg","Tilburg","Noord-Brabant",false,51.586241,5.074967,"injury","2","clear",false,1,"GM0855"
"20220229208",2022,"Letsel",2,"Bromfiets","Fiets","Flank","Rechte weg",50,"Brandend","Schemer","Droog","Bus-/Tramhalte","600136708","Vestdijk","Eindhoven","Eindhoven","Noord-Brabant",false,51.437303,5.48306,"injury","2","clear",false,1,"GM0772"
"20220229903",2022,"Uitsluitend materiele schade",2,"Bestelauto","e-bike","Flank","Kruispunt, 3 takken",30,"Niet brandend","Daglicht","Regen",\N,\N,"Boschdijk","Eindhoven","Eindhoven","Noord-Brabant",false,51.454626,5.4616,"material damage only","4","rain",false,1,"GM0772"
"20220231050",2022,"Uitsluitend materiele schade",2,"Personenauto","Fiets","Onbekend",\N,50,\N,"Daglicht",\N,\N,"600517521","Frontensingel","Maastricht","Maastricht","Limburg",false,50.855828,5.685979,"material damage only","4","unknown",false,1,"GM0935"
"20220150197",2022,"Dodelijk",2,"e-bike","Personenauto","Flank","Rechte weg",80,"Niet brandend","Daglicht","Droog",\N,"319183006","Bestseweg","Son en Breugel","Son en Breugel","Noord-Brabant",false,51.513677,5.458066,"fatal","1","clear",false,1,"GM0848"
"20220217034",2022,"Letsel",2,"Personenauto","e-bike","Flank","Rotonde",50,"Niet brandend","Daglicht","Droog",\N,\N,"Vrouw Avenweg","'s-Gravenhage","'s-Gravenhage","Zuid-Holland",false,52.0561,4.396529,"injury","2","clear",false,1,"GM0518"
"20220217713",2022,"Letsel",2,"Personenauto","Fiets","Frontaal","Kruispunt, 3 takken",30,"Niet brandend","Daglicht","Droog",\N,\N,"Vier Heemskinderenstraat","'s-Gravenhage","'s-Gravenhage","Zuid-Holland",false,52.056015,4.298857,"injury","2","clear",false,1,"GM0518"
"20220158075",2022,"Dodelijk",2,"Bus","Fiets","Flank","Kruispunt, 3 takken",80,"Niet brandend","Daglicht","Droog","Bus-/Tramhalte",\N,"Groene Kruisweg Oost","Heenvliet","Nissewaard","Zuid-Holland",false,51.865159,4.22735,"fatal","1","clear",false,1,"GM1930"
"20220159017",2022,"Dodelijk",2,"Personenauto","e-bike","Los voorwerp","Kruispunt, 4 takken",50,"Niet brandend","Daglicht","Droog",\N,\N,"MARGA MINCOPLEIN","Breda","Breda","Noord-Brabant",false,51.573702,4.783352,"fatal","1","clear",false,1,"GM0758"
"20220206977",2022,"Uitsluitend materiele schade",2,"Personenauto","e-bike","Los voorwerp","Kruispunt, 3 takken",50,"Niet brandend","Daglicht","Droog",\N,\N,"Planetenlaan","Opmeer","Opmeer","Noord-Holland",false,52.703222,4.938755,"material damage only","4","clear",false,1,"GM0432"
"20220210658",2022,"Letsel",2,"Personenauto","Fiets","Flank","Kruispunt, 4 takken",50,"Niet brandend","Daglicht","Droog",\N,\N,"Robert Fruinlaan","Amsterdam","Amsterdam","Noord-Holland",false,52.364008,4.832578,"injury","2","clear",false,1,"GM0363"
"20220212011",2022,"Uitsluitend materiele schade",2,"Personenauto","Fiets","Kop/staart","Rechte weg",50,"Brandend","Duisternis","Droog",\N,"600751412","Stommeerweg","Aalsmeer","Aalsmeer","Noord-Holland",false,52.263723,4.751868,"material damage only","4","clear",false,1,"GM0358"
"20220200760",2022,"Letsel",2,"Personenauto","Fiets","Flank","Kruispunt, 3 takken",50,"Brandend","Schemer","Droog",\N,\N,"Reigersweg","Apeldoorn","Apeldoorn","Gelderland",false,52.205706,5.97559,"injury","2","clear",false,1,"GM0200"
"20220204429",2022,"Uitsluitend materiele schade",2,"Fiets","Fiets","Kop/staart","Kruispunt, 4 takken",50,"Brandend","Duisternis","Droog",\N,\N,"Berlagelaan","Bilthoven","De Bilt","Utrecht",false,52.127506,5.188414,"material damage only","4","clear",false,1,"GM0310"
"20220208749",2022,"Letsel",2,"Bestelauto","Fiets","Flank","Kruispunt, 3 takken",30,"Niet brandend","Daglicht","Droog",\N,\N,"Teslastraat","Haarlem","Haarlem","Noord-Holland",false,52.366077,4.612429,"injury","2","clear",false,1,"GM0392"
"20220213351",2022,"Uitsluitend materiele schade",2,"Personenauto","e-bike","Flank","Rechte weg",30,"Niet brandend","Daglicht","Droog",\N,"161304025","Erasmusweg","'s-Gravenhage","'s-Gravenhage","Zuid-Holland",false,52.05239,4.304158,"material damage only","4","clear",false,1,"GM0518"
"20220209579",2022,"Uitsluitend materiele schade",1,"Fiets",\N,"Eenzijdig","Rechte weg",30,"Niet brandend","Daglicht","Droog",\N,"600411774","Cnossenpad","Heemskerk","Heemskerk","Noord-Holland",false,52.506037,4.669874,"material damage only","4","clear",false,1,"GM0396"
"20220219254",2022,"Uitsluitend materiele schade",2,"Personenauto","Fiets","Onbekend","Rechte weg",30,"Niet brandend","Daglicht","Droog",\N,"600372441","Wilhelminastraat","Bergschenhoek","Lansingerland","Zuid-Holland",false,51.988716,4.504804,"material damage only","4","clear",false,1,"GM1621"
"20220219258",2022,"Letsel",1,"e-bike",\N,"Eenzijdig",\N,60,\N,"Duisternis",\N,\N,"138268002","Colinslandsedijk","Tinte","Voorne aan Zee","Zuid-Holland",false,51.89035,4.140208,"injury","2","unknown",false,1,"GM1992"
"20220224199",2022,"Uitsluitend materiele schade",2,"Bromfiets","Fiets","Onbekend",\N,50,\N,"Duisternis",\N,\N,\N,"Gesworenhoekseweg","Tilburg","Tilburg","Noord-Brabant",false,51.601767,5.013982,"material damage only","4","unknown",false,1,"GM0855"
"20220229385",2022,"Uitsluitend materiele schade",2,"Bromfiets","Fiets","Flank","Kruispunt, 4 takken",\N,"Niet brandend","Daglicht","Droog",\N,\N,"Offenbachlaan","Eindhoven","Eindhoven","Noord-Brabant",false,51.422621,5.453483,"material damage only","4","clear",false,1,"GM0772"
"20220231240",2022,"Letsel",2,"Personenauto","Fiets","Flank","Kruispunt, 4 takken",30,"Niet brandend","Daglicht","Droog",\N,\N,"Burg. Waszinkstraat","Heerlen","Heerlen","Limburg",true,50.876421,5.982481,"injury","2","clear",false,1,"GM0917"
"20220213421",2022,"Letsel",1,"Fiets",\N,"Eenzijdig","Rechte weg",30,"Niet brandend","Daglicht","Droog",\N,"153287138","Berkenlaan","De Lier","Westland","Zuid-Holland",false,51.975667,4.24758,"injury","2","clear",false,1,"GM1783"
"20220215787",2022,"Letsel",2,"Personenauto","Fiets","Flank","Kruispunt, 3 takken",30,"Niet brandend","Daglicht","Droog",\N,\N,"Bachsingel","Alphen aan den Rijn","Alphen aan den Rijn","Zuid-Holland",false,52.14607,4.663513,"injury","2","clear",false,1,"GM0484"
"20220217195",2022,"Letsel",2,"e-bike","Fiets","Onbekend","Kruispunt, 3 takken",\N,"Brandend","Duisternis","Droog",\N,\N,"FIETSPAD","Delft","Delft","Zuid-Holland",false,52.009136,4.355501,"injury","2","clear",false,1,"GM0503"
"20220229410",2022,"Uitsluitend materiele schade",2,"Personenauto","Fiets","Flank","Kruispunt, 4 takken",50,"Niet brandend","Daglicht","Droog",\N,\N,"Geldropsedijk","Nuenen","Nuenen, Gerwen en Nederwetten","Noord-Brabant",false,51.469114,5.541145,"material damage only","4","clear",false,1,"GM0820"
"20220203778",2022,"Uitsluitend materiele schade",2,"Personenauto","Fiets","Flank","Rotonde",50,"Brandend","Duisternis","Mist",\N,\N,"Het Lint- Hoge Woerd","De Meern","Utrecht","Utrecht",false,52.089015,5.043056,"material damage only","4","fog",false,1,"GM0344"
"20220213562",2022,"Letsel",2,"Bromfiets","Fiets","Kop/staart","Rechte weg",50,"Brandend","Schemer","Droog",\N,\N,"Laan van Ouderzorg","Leiderdorp","Leiderdorp","Zuid-Holland",false,52.156337,4.522249,"injury","2","clear",false,1,"GM0547"
"20220222979",2022,"Uitsluitend materiele schade",2,"Bus","Fiets","Flank","Kruispunt, 3 takken",30,"Niet brandend","Daglicht","Droog",\N,\N,"Grote Hagen","Rotterdam","Rotterdam","Zuid-Holland",false,51.886917,4.549121,"material damage only","4","clear",false,1,"GM0599"
"20240142614",2024,"Letsel",4,"Fiets","Motor","Los voorwerp","Kruispunt, 4 takken",60,"Niet brandend","Daglicht","Droog",\N,\N,"Purmerenderweg","Zuidoostbeemster","Purmerend","Noord-Holland",false,52.51746,4.944986,"injury","2","clear",false,1,"GM0439"
"20240142625",2024,"Uitsluitend materiele schade",2,"Bromfiets","Fiets","Flank","Kruispunt, 4 takken",50,"Niet brandend","Daglicht","Regen",\N,\N,"Stadhuisplein","Almere","Almere","Flevoland",false,52.371913,5.221143,"material damage only","4","rain",false,1,"GM0034"
"20240143681",2024,"Letsel",2,"Fiets","Bromfiets","Frontaal","Kruispunt, 4 takken",30,"Niet brandend","Daglicht","Droog","Brug/viaduct",\N,"Neuhuyskade","'s-Gravenhage","'s-Gravenhage","Zuid-Holland",false,52.08902,4.322548,"injury","2","clear",false,1,"GM0518"
"20240133968",2024,"Letsel",1,"Fiets",\N,"Onbekend","Bocht",30,"Niet brandend","Daglicht","Droog",\N,"600371773","Hooglandse Kerkgracht","Leiden","Leiden","Zuid-Holland",false,52.15821,4.493781,"injury","2","clear",false,1,"GM0546"
"20240137728",2024,"Uitsluitend materiele schade",2,"Personenauto","Fiets","Flank","Kruispunt, 3 takken",30,"Niet brandend","Daglicht","Droog",\N,\N,"Van Heutszstraat","Roermond","Roermond","Limburg",false,51.174801,6.01637,"material damage only","4","clear",false,1,"GM0957"
"20240137741",2024,"Letsel",1,"Fiets",\N,"Onbekend",\N,50,\N,"Daglicht",\N,\N,"600657127","Johan Willem Frisostraat","Moerdijk","Moerdijk","Noord-Brabant",false,51.695169,4.623865,"injury","2","unknown",false,1,"GM1709"
"20240147604",2024,"Uitsluitend materiele schade",2,"Fiets","Personenauto","Onbekend","Kruispunt, 4 takken",50,"Brandend","Duisternis","Regen",\N,\N,"Anthony Fokkerweg","Eindhoven","Eindhoven","Noord-Brabant",false,51.4739,5.442099,"material damage only","4","rain",false,1,"GM0772"
"20240133982",2024,"Letsel",2,"Personenauto","Fiets","Flank","Bocht",50,"Niet brandend","Daglicht","Droog",\N,"600478187","Keizer Karelweg","Amstelveen","Amstelveen","Noord-Holland",false,52.300598,4.855526,"injury","2","clear",false,1,"GM0362"
"20240135226",2024,"Letsel",1,"Fiets",\N,"Flank","Rechte weg",50,"Niet brandend","Daglicht","Droog",\N,"600105183","Westlandseweg","Vlaardingen","Vlaardingen","Zuid-Holland",false,51.916056,4.335504,"injury","2","clear",false,1,"GM0622"
"20240138420",2024,"Letsel",2,"Personenauto","Fiets","Flank","Rotonde",50,"Niet brandend","Daglicht","Droog",\N,"601080819","Bergenweg","Groningen","Groningen","Groningen",false,53.214025,6.601493,"injury","2","clear",false,1,"GM0014"
"20240139060",2024,"Uitsluitend materiele schade",2,"Fiets","Personenauto","Flank","Rechte weg",30,"Niet brandend","Daglicht","Droog",\N,\N,"Eldensedijk","Arnhem","Arnhem","Gelderland",false,51.975654,5.896912,"material damage only","4","clear",false,1,"GM0202"
"20240140080",2024,"Uitsluitend materiele schade",2,"Personenauto","Fiets","Flank","Rechte weg",30,"Niet brandend","Daglicht","Droog",\N,"601117782","Predikherenkerkhof","Utrecht","Utrecht","Utrecht",false,52.095522,5.118009,"material damage only","4","clear",false,1,"GM0344"
"20240141407",2024,"Uitsluitend materiele schade",2,"Fiets","Personenauto","Flank","Kruispunt, 3 takken",30,"Brandend","Duisternis","Droog",\N,\N,"Scheldeplein","Deventer","Deventer","Overijssel",false,52.256566,6.178367,"material damage only","4","clear",false,1,"GM0150"
"20240143818",2024,"Letsel",1,"Fiets",\N,"Eenzijdig","Rechte weg",30,"Niet brandend","Daglicht",\N,\N,"190307045","Velddreef","Zoetermeer","Zoetermeer","Zuid-Holland",false,52.069541,4.516613,"injury","2","unknown",false,1,"GM0637"
"20240135309",2024,"Uitsluitend materiele schade",2,"Personenauto","Fiets","Flank","Kruispunt, 4 takken",50,"Brandend","Daglicht","Droog",\N,\N,"Singel","Nieuwpoort","Molenlanden","Zuid-Holland",false,51.932775,4.869875,"material damage only","4","clear",false,1,"GM1978"
"20240136554",2024,"Uitsluitend materiele schade",2,"Personenauto","Fiets","Flank","Rotonde",50,"Niet brandend","Daglicht","Droog",\N,\N,"Kasteellaan","Eindhoven","Eindhoven","Noord-Brabant",false,51.426983,5.442375,"material damage only","4","clear",false,1,"GM0772"
"20240139110",2024,"Letsel",1,"Fiets",\N,"Onbekend","Rechte weg",50,"Brandend","Duisternis","Droog",\N,"466560045","Paterswoldseweg","Groningen","Groningen","Groningen",false,53.201059,6.559729,"injury","2","clear",false,1,"GM0014"
"20240140119",2024,"Uitsluitend materiele schade",2,"Personenauto","Fiets","Kop/staart","Rechte weg",30,"Niet aanwezig","Daglicht","Droog",\N,"324401206","Voorstraat","Lelystad","Lelystad","Flevoland",false,52.494123,5.490826,"material damage only","4","clear",false,1,"GM0995"
"20240140306",2024,"Letsel",2,"Personenauto","Fiets","Flank","Rotonde",50,"Niet brandend","Daglicht","Droog",\N,\N,"Straatweg","Maarssen","Stichtse Vecht","Utrecht",false,52.132919,5.04607,"injury","2","clear",false,1,"GM1904"
"20240142783",2024,"Letsel",2,"Personenauto","Fiets","Flank","Kruispunt, 4 takken",50,"Niet brandend","Daglicht","Droog",\N,\N,"Stationsplein","Heerhugowaard","Dijk en Waard","Noord-Holland",false,52.66855,4.822354,"injury","2","clear",false,1,"GM1980"
"20240150107",2024,"Letsel",1,"Fiets",\N,"Onbekend","Kruispunt, 4 takken",50,"Brandend","Duisternis","Droog",\N,\N,"Muntstraat","Haarlem","Haarlem","Noord-Holland",false,52.367019,4.647234,"injury","2","clear",false,1,"GM0392"
"20240150127",2024,"Uitsluitend materiele schade",1,"Fiets",\N,"Onbekend","Kruispunt, 4 takken",50,"Niet aanwezig","Schemer","Droog",\N,\N,"Rubicondreef","Utrecht","Utrecht","Utrecht",false,52.113307,5.122533,"material damage only","4","clear",false,1,"GM0344"
"20240134710",2024,"Uitsluitend materiele schade",2,"Vrachtauto","Fiets","Flank","Kruispunt, 3 takken",30,"Niet brandend","Daglicht","Droog",\N,\N,"Schietbaanlaan","Rotterdam","Rotterdam","Zuid-Holland",false,51.915674,4.457513,"material damage only","4","clear",false,1,"GM0599"
"20240134711",2024,"Uitsluitend materiele schade",2,"Bestelauto","Fiets","Onbekend","Kruispunt, 4 takken",50,"Niet brandend","Daglicht","Droog",\N,\N,"Burg Van Hasseltstraat","Bergen op Zoom","Bergen op Zoom","Noord-Brabant",false,51.492115,4.292868,"material damage only","4","clear",false,1,"GM0748"
"20240150883",2024,"Uitsluitend materiele schade",2,"Personenauto","Fiets","Onbekend","Kruispunt, 4 takken",50,"Brandend","Duisternis","Droog",\N,\N,"Zuiveringweg","Lelystad","Lelystad","Flevoland",false,52.499599,5.449987,"material damage only","4","clear",false,1,"GM0995"
"20240139241",2024,"Letsel",1,"Fiets",\N,"Onbekend","Kruispunt, 3 takken",30,"Niet brandend","Daglicht","Regen",\N,\N,"Zuideind","Emmen","Emmen","Drenthe",false,52.769234,6.876108,"injury","2","rain",false,1,"GM0114"
"20240149014",2024,"Uitsluitend materiele schade",2,"Fiets","Personenauto","Flank","Rotonde",50,"Brandend","Schemer","Droog",\N,\N,"Bernhardstraat","Delden","Hof van Twente","Overijssel",false,52.256554,6.701896,"material damage only","4","clear",false,1,"GM1735"
"20240138631",2024,"Letsel",3,"Fiets","Personenauto","Los voorwerp","Kruispunt, 3 takken",50,"Niet brandend","Daglicht","Droog",\N,\N,"Prins Mauritsplein","Hoogeveen","Hoogeveen","Drenthe",false,52.731977,6.479868,"injury","2","clear",false,1,"GM0118"
"20240151108",2024,"Uitsluitend materiele schade",3,"Bestelauto","Fiets","Flank","Kruispunt, 3 takken",50,"Niet brandend","Daglicht","Droog",\N,\N,"Loosdrechtseweg","Hilversum","Hilversum","Noord-Holland",false,52.208573,5.140352,"material damage only","4","clear",false,1,"GM0402"
"20240137398",2024,"Uitsluitend materiele schade",2,"Personenauto","Fiets","Onbekend","Kruispunt, 3 takken",30,"Niet brandend","Daglicht","Regen","Spoorwegovergang",\N,"Nieuwevaart","Sprang-Capelle","Waalwijk","Noord-Brabant",false,51.664411,4.983237,"material damage only","4","rain",false,1,"GM0867"
"20240143497",2024,"Letsel",2,"Fiets","Personenauto","Geparkeerd voertuig","Rechte weg",50,"Brandend","Duisternis","Droog",\N,"165311005","Theresiastraat","'s-Gravenhage","'s-Gravenhage","Zuid-Holland",false,52.083753,4.331494,"injury","2","clear",false,1,"GM0518"
"20240142076",2024,"Uitsluitend materiele schade",2,"Personenauto","Fiets","Flank","Kruispunt, 4 takken",50,"Brandend","Duisternis","Droog",\N,\N,"Dorpsstraat","Assendelft","Zaanstad","Noord-Holland",false,52.475469,4.747073,"material damage only","4","clear",false,1,"GM0479"
"20240142107",2024,"Letsel",2,"Fiets","Fiets","Flank","Kruispunt, 4 takken",50,"Brandend","Duisternis","Droog",\N,\N,"Liornestraat","Hoorn","Hoorn","Noord-Holland",false,52.647932,5.067703,"injury","2","clear",false,1,"GM0405"
"20240134962",2024,"Uitsluitend materiele schade",2,"Personenauto","Fiets","Onbekend","Kruispunt, 3 takken",30,"Niet brandend","Daglicht","Droog",\N,\N,"Willem Passtoorsstraat","Schiedam","Schiedam","Zuid-Holland",false,51.924654,4.394976,"material damage only","4","clear",false,1,"GM0606"
"20240135571",2024,"Letsel",2,"Personenauto","Fiets","Flank","Kruispunt, 3 takken",30,"Niet brandend","Daglicht","Droog",\N,\N,"Cypruslaan","Rotterdam","Rotterdam","Zuid-Holland",false,51.979616,4.583439,"injury","2","clear",false,1,"GM0599"
"20240137499",2024,"Letsel",4,"Personenauto","Fiets","Onbekend","Kruispunt, 4 takken",50,"Niet brandend","Daglicht","Droog",\N,\N,"Karel de Grotelaan","Eindhoven","Eindhoven","Noord-Brabant",false,51.428155,5.460235,"injury","2","clear",false,1,"GM0772"
"20240138135",2024,"Letsel",2,"Personenauto","Fiets","Frontaal","Kruispunt, 3 takken",30,"Niet brandend","Daglicht","Droog",\N,\N,"Hulsmaatstraat","Enschede","Enschede","Overijssel",false,52.234972,6.894323,"injury","2","clear",false,1,"GM0153"
"20240139374",2024,"Letsel",2,"Personenauto","Fiets","Frontaal","Kruispunt, 3 takken",50,"Niet brandend","Daglicht","Regen",\N,\N,"Pieter Mastebroekweg","Meppel","Meppel","Drenthe",false,52.701658,6.179955,"injury","2","rain",false,1,"GM0119"
"20240143047",2024,"Uitsluitend materiele schade",2,"Fiets","Snorfiets","Flank","Rechte weg",30,"Niet brandend","Daglicht","Droog",\N,"600493013","Leyweg","'s-Gravenhage","'s-Gravenhage","Zuid-Holland",false,52.054357,4.26974,"material damage only","4","clear",false,1,"GM0518"
"20240145173",2024,"Letsel",1,"Fiets",\N,"Onbekend",\N,50,\N,"Daglicht",\N,\N,"600653456","van der Maelstedeweg","Hulst","Hulst","Zeeland",false,51.277085,4.058386,"injury","2","unknown",false,1,"GM0677"
"20240146616",2024,"Letsel",2,"Vrachtauto","Fiets","Flank","Rechte weg",50,"Niet brandend","Daglicht","Droog",\N,"354124076","Stationsstraat","Weert","Weert","Limburg",false,51.248744,5.70305,"injury","2","clear",false,1,"GM0988"
"20240134996",2024,"Letsel",2,"Fiets","Personenauto","Flank","Kruispunt, 4 takken",30,"Niet brandend","Daglicht","Droog",\N,\N,"Westersingel","Berkel en Rodenrijs","Lansingerland","Zuid-Holland",false,51.993985,4.473334,"injury","2","clear",false,1,"GM1621"
"20240135621",2024,"Letsel",2,"Fiets","Personenauto","Flank","Kruispunt, 4 takken",50,"Niet brandend","Daglicht","Droog",\N,\N,"Schaddeleestraat","Rotterdam","Rotterdam","Zuid-Holland",false,51.935257,4.441893,"injury","2","clear",false,1,"GM0599"
"20240143614",2024,"Letsel",2,"Fiets","Personenauto","Flank","Rechte weg",50,"Niet brandend","Daglicht","Droog",\N,"601132036","Jan Kroonsplein","Noordwijk","Noordwijk","Zuid-Holland",false,52.243915,4.430908,"injury","2","clear",false,1,"GM0575"
"20240144145",2024,"Letsel",2,"Bestelauto","Fiets","Frontaal","Rechte weg",60,"Brandend","Schemer","Droog",\N,"230294002","Provincialeweg Oost","Haastrecht","Krimpenerwaard","Zuid-Holland",false,52.014889,4.829452,"injury","2","clear",false,1,"GM1931"
"20240146020",2024,"Letsel",2,"Fiets","Fiets","Onbekend","Kruispunt, 4 takken",30,"Niet brandend","Daglicht","Droog",\N,\N,"Van Ghentstraat","Rotterdam","Rotterdam","Zuid-Holland",false,51.920705,4.476372,"injury","2","clear",false,1,"GM0599"
"20240146812",2024,"Uitsluitend materiele schade",2,"Personenauto","Fiets","Onbekend","Rechte weg",30,"Brandend","Duisternis","Droog",\N,"297228023","Het Wielsem","'s-Hertogenbosch","'s-Hertogenbosch","Noord-Brabant",false,51.716632,5.300773,"material damage only","4","clear",false,1,"GM0796"
"20240136925",2024,"Uitsluitend materiele schade",2,"Personenauto","Fiets","Flank","Rechte weg",30,"Niet brandend","Daglicht","Droog",\N,\N,"Celestastraat","Maastricht","Maastricht","Limburg",false,50.85973,5.668709,"material damage only","4","clear",false,1,"GM0935"
"20240147403",2024,"Uitsluitend materiele schade",2,"e-bike",\N,"Flank","Rotonde",50,"Niet brandend","Daglicht","Droog",\N,\N,"Sint Teunislaan","'s-Hertogenbosch","'s-Hertogenbosch","Noord-Brabant",false,51.710558,5.311904,"material damage only","4","clear",false,1,"GM0796"
"20240148826",2024,"Letsel",2,"Personenauto","Fiets","Flank","Kruispunt, 4 takken",50,"Brandend","Schemer","Droog",\N,\N,"Sleutelbloemweg","Enschede","Enschede","Overijssel",false,52.230781,6.924666,"injury","2","clear",false,1,"GM0153"
"20240133888",2024,"Letsel",2,"Fiets","Fiets","Frontaal","Rechte weg",30,"Brandend","Duisternis","Droog",\N,"181320044","Leidseweg","Voorschoten","Voorschoten","Zuid-Holland",false,52.128196,4.450901,"injury","2","clear",false,1,"GM0626"
"20240005367",2024,"Letsel",2,"Bestelauto","Fiets","Flank","Kruispunt, 3 takken",30,"Niet brandend","Daglicht","Droog",\N,\N,"Benny Goodmanstraat","Zaandijk","Zaanstad","Noord-Holland",false,52.475416,4.802038,"injury","2","clear",false,1,"GM0479"
"20240007830",2024,"Letsel",1,"Fiets",\N,"Onbekend","Rechte weg",15,"Niet brandend","Daglicht","Droog",\N,"162310107","Hofweg","'s-Gravenhage","'s-Gravenhage","Zuid-Holland",false,52.078656,4.311871,"injury","2","clear",false,1,"GM0518"
"20240010367",2024,"Letsel",2,"Personenauto","Fiets","Onbekend","Kruispunt, 3 takken",30,"Niet brandend","Daglicht","Droog",\N,\N,"Kerkbuurt","Wergea","Leeuwarden","Friesland",false,53.152185,5.847918,"injury","2","clear",false,1,"GM0080"
"20240011805",2024,"Letsel",2,"Bestelauto","Fiets","Flank","Rotonde",80,"Niet brandend","Daglicht","Droog",\N,\N,"Hanzeweg","Dronten","Dronten","Flevoland",false,52.537867,5.740105,"injury","2","clear",false,1,"GM0303"
"20240013204",2024,"Uitsluitend materiele schade",2,"Bromfiets","Fiets","Flank","Rechte weg",30,"Niet brandend","Daglicht","Droog",\N,"253364031","Provincialeweg","Amsterdam","Amsterdam","Noord-Holland",false,52.326277,4.970028,"material damage only","4","clear",false,1,"GM0363"
"20230112834",2023,"Letsel",2,"Personenauto","Fiets","Geparkeerd voertuig","Rechte weg",30,"Niet brandend","Daglicht","Droog","Parkeervoorziening","161300150","Prof. Meijerslaan","Rijswijk","Rijswijk","Zuid-Holland",false,52.03483,4.303051,"injury","2","clear",false,1,\N
"20240156467",2024,"Uitsluitend materiele schade",2,"Personenauto","Fiets","Flank","Kruispunt, 3 takken",30,"Niet brandend","Daglicht","Regen",\N,\N,"Lievekenshoek","Kaatsheuvel","Loon op Zand","Noord-Brabant",false,51.660772,5.03171,"material damage only","4","rain",false,1,"GM0809"
"20240157101",2024,"Letsel",2,"Personenauto","Fiets","Flank","Kruispunt, 4 takken",60,"Niet aanwezig","Daglicht","Droog",\N,\N,"Leeghandseweg","Vorstenbosch","Bernheze","Noord-Brabant",false,51.661879,5.544638,"injury","2","clear",false,1,"GM1721"
"20240005434",2024,"Letsel",1,"Fiets",\N,"Eenzijdig","Rechte weg",50,"Brandend","Duisternis","Droog",\N,"211402140","Plesmanweg","Beverwijk","Beverwijk","Noord-Holland",false,52.497079,4.661931,"injury","2","clear",false,1,"GM0375"
"20240005448",2024,"Letsel",2,"Personenauto","Fiets","Onbekend","Kruispunt, 4 takken",50,"Niet brandend","Daglicht","Droog",\N,\N,"Frederikspark","Haarlem","Haarlem","Noord-Holland",false,52.373419,4.633858,"injury","2","clear",false,1,"GM0392"
"20240007397",2024,"Uitsluitend materiele schade",2,"Snorfiets","Fiets","Frontaal","Rechte weg",50,"Brandend","Duisternis","Droog","Tunnel","162306171","VIADUCT CALAND VAILL","'s-Gravenhage","'s-Gravenhage","Zuid-Holland",false,52.063658,4.312663,"material damage only","4","clear",false,1,"GM0518"