"accident_id","year","severity_raw","party_count","party1_type","party2_type","accident_type","road_situation","speed_limit_kmh","road_lighting","light_condition_label","weather_raw","infra_type","road_segment_id","street_name","place_name","gemeente_name_raw","province","alcohol_indicated","latitude","longitude","severity_label","severity_code","weather_label","built_up_area","cyclists_involved","gemeente_code"
"20240007855",2024,"Letsel",2,"Snorfiets","Fiets","Frontaal","Rechte weg",30,"Brandend","Schemer","Regen","Tunnel","601127760","de Tol","Leidschendam","Leidschendam-Voorburg","Zuid-Holland",false,52.077997,4.405352,"injury","2","rain",false,1,"GM1916"
"20240016788",2024,"Uitsluitend materiele schade",2,"Personenauto","Fiets","Flank","Kruispunt, 3 takken",50,"Niet brandend","Daglicht","Droog",\N,\N,"G.A. van Nispenstraat","Arnhem","Arnhem","Gelderland",false,51.990961,5.895011,"material damage only","4","clear",false,1,"GM0202"
"20240017233",2024,"Uitsluitend materiele schade",2,"Personenauto","Fiets","Flank","Rotonde",50,"Niet brandend","Daglicht","Regen",\N,\N,"Ipperakkeren","Kerkdriel","Maasdriel","Gelderland",false,51.770511,5.33171,"material damage only","4","rain",false,1,"GM0263"
"20230107541",2023,"Uitsluitend materiele schade",2,"Personenauto","Fiets","Flank","Rechte weg",50,"Niet brandend","Daglicht","Regen",\N,"186276172","Crooswijkseweg","Rotterdam","Rotterdam","Zuid-Holland",false,51.928984,4.490386,"material damage only","4","rain",false,1,"GM0599"
"20230108729",2023,"Uitsluitend materiele schade",2,"Personenauto","Fiets","Flank","Kruispunt, 4 takken",50,"Brandend","Duisternis","Droog",\N,\N,"A.C.Verhoefweg","Nieuwegein","Nieuwegein","Utrecht",false,52.052582,5.093277,"material damage only","4","clear",false,1,"GM0356"
"20240009626",2024,"Letsel",1,"Fiets",\N,"Onbekend",\N,50,\N,"Daglicht",\N,\N,"502349045","Breemarsweg","Hengelo","Hengelo (O)","Overijssel",false,52.251178,6.796145,"injury","2","unknown",false,1,\N
"20240001456",2024,"Uitsluitend materiele schade",3,"Bestelauto","Fiets","Kop/staart","Kruispunt, 4 takken",50,"Niet brandend","Daglicht","Droog",\N,\N,"Matlingeweg","Rotterdam","Rotterdam","Zuid-Holland",false,51.941674,4.409738,"material damage only","4","clear",false,1,"GM0599"
"20240010067",2024,"Letsel",2,"Bromfiets","Fiets","Frontaal","Rechte weg",80,"Niet brandend","Duisternis","Regen",\N,"456397001","Ommerweg","Den Ham","Twenterand","Overijssel",false,52.470994,6.470127,"injury","2","rain",false,1,"GM1700"
"20240011315",2024,"Letsel",2,"Fiets","Brommobiel","Flank","Kruispunt, 4 takken",50,"Niet brandend","Daglicht","Regen",\N,\N,"Slagvink","Veenendaal","Veenendaal","Utrecht",false,52.029876,5.531786,"injury","2","rain",false,1,"GM0345"
"20240022022",2024,"Uitsluitend materiele schade",2,"Personenauto","Fiets","Flank","Rotonde",50,"Niet brandend","Daglicht","Droog",\N,\N,"Europalaan","Kaatsheuvel","Loon op Zand","Noord-Brabant",false,51.65117,5.032885,"material damage only","4","clear",false,1,"GM0809"
"20230109984",2023,"Uitsluitend materiele schade",3,"Fiets","Personenauto","Onbekend","Rechte weg",50,"Brandend","Duisternis","Droog",\N,"267199057","Beethovenlaan","Tilburg","Tilburg","Noord-Brabant",false,51.586702,5.081951,"material damage only","4","clear",false,1,"GM0855"
"20240002464",2024,"Letsel",2,"Personenauto","Fiets","Flank","Kruispunt, 3 takken",50,"Niet brandend","Daglicht","Regen",\N,\N,"Oeslingerbaan","Maastricht","Maastricht","Limburg",false,50.833225,5.702276,"injury","2","rain",false,1,"GM0935"
"20240010080",2024,"Uitsluitend materiele schade",2,"Personenauto","Fiets","Los voorwerp","Kruispunt, 4 takken",50,"Niet brandend","Daglicht","Droog",\N,\N,"Blankenburgerstraat","Haaksbergen","Haaksbergen","Overijssel",false,52.156263,6.742137,"material damage only","4","clear",false,1,"GM0158"
"20240022939",2024,"Letsel",1,"Fiets",\N,"Eenzijdig","Kruispunt, 4 takken",30,"Niet brandend","Daglicht","Droog",\N,\N,"Godfried Bomanspad","Zoetermeer","Zoetermeer","Zuid-Holland",false,52.062338,4.484084,"injury","2","clear",false,1,"GM0637"
"20240023037",2024,"Letsel",2,"Fiets","Snorfiets","Flank","Kruispunt, 4 takken",50,"Niet brandend","Daglicht","Droog",\N,\N,"Krakeelpolderweg","Delft","Delft","Zuid-Holland",false,52.002147,4.352919,"injury","2","clear",false,1,"GM0503"
"20230110611",2023,"Letsel",3,"Fiets","Personenauto","Flank","Rechte weg",60,"Niet brandend","Daglicht","Droog",\N,"93185007","Stadseweg","Wolphaartsdijk","Goes","Zeeland",false,51.51707,3.825967,"injury","2","clear",false,1,"GM0664"
"20230112409",2023,"Letsel",2,"Bromfiets","Fiets","Flank","Rechte weg",50,"Brandend","Duisternis","Droog",\N,\N,"Dreef","Waddinxveen","Waddinxveen","Zuid-Holland",false,52.037733,4.64621,"injury","2","clear",false,1,"GM0627"
"20230113635",2023,"Letsel",2,"Fiets","Personenauto","Flank","Kruispunt, 4 takken",30,"Niet brandend","Daglicht","Droog",\N,\N,"Mr. Visserplein","Amsterdam","Amsterdam","Noord-Holland",false,52.368434,4.904002,"injury","2","clear",false,1,"GM0363"
"20240006275",2024,"Uitsluitend materiele schade",2,"Personenauto","Fiets","Flank","Rotonde",50,"Brandend","Duisternis","Droog",\N,\N,"Soomerwegh","Castricum","Castricum","Noord-Holland",false,52.553598,4.674999,"material damage only","4","clear",false,1,"GM0383"
"20240009375",2024,"Letsel",1,"Fiets",\N,"Onbekend","Rechte weg",30,"Niet brandend","Daglicht","Droog",\N,"464360081","Hogepad","Rijssen","Rijssen-Holten","Overijssel",false,52.305969,6.519062,"injury","2","clear",false,1,"GM1742"
"20240023906",2024,"Uitsluitend materiele schade",2,"Personenauto","Fiets","Frontaal","Rechte weg",50,"Brandend","Duisternis","Droog",\N,"601174890","Schootsestraat","Eindhoven","Eindhoven","Noord-Brabant",false,51.447589,5.452133,"material damage only","4","clear",false,1,"GM0772"
"20230111267",2023,"Letsel",2,"Personenauto","Fiets","Flank","Rotonde",50,"Brandend","Duisternis","Droog",\N,\N,"Burg van Baarstraat","Volendam","Edam-Volendam","Noord-Holland",false,52.497867,5.067757,"injury","2","clear",false,1,"GM0385"
"20240011475",2024,"Uitsluitend materiele schade",2,"Fiets","Fiets","Onbekend","Kruispunt, 4 takken",30,"Niet brandend","Daglicht","Regen",\N,\N,"Johan Frisolaan","Ruurlo","Berkelland","Gelderland",false,52.091357,6.4483,"material damage only","4","rain",false,1,"GM1859"
"20240012872",2024,"Uitsluitend materiele schade",3,\N,"Fiets","Vast voorwerp","Rechte weg",50,"Brandend","Duisternis","Regen",\N,"245382102","IJdoornlaan","Amsterdam","Amsterdam","Noord-Holland",false,52.409112,4.915018,"material damage only","4","rain",false,1,"GM0363"
"20240018068",2024,"Letsel",2,"Fiets","Fiets","Onbekend","Rechte weg",30,"Brandend","Duisternis","Droog",\N,"508342003","Twekkeler Es","Enschede","Enschede","Overijssel",false,52.219441,6.840024,"injury","2","clear",false,1,"GM0153"
"20240018503",2024,"Uitsluitend materiele schade",2,"Personenauto","Fiets","Frontaal","Rotonde",50,"Niet brandend","Daglicht","Droog",\N,\N,"Zuiderweg","Schagen","Schagen","Noord-Holland",false,52.78312,4.809473,"material damage only","4","clear",false,1,"GM0441"
"20240018798",2024,"Letsel",2,"Bromfiets","Fiets","Flank","Kruispunt, 4 takken",50,"Brandend","Schemer","Regen",\N,\N,"Kelloggpad","Hoofddorp","Haarlemmermeer","Noord-Holland",false,52.306686,4.679474,"injury","2","rain",false,1,"GM0394"
"20230111320",2023,"Uitsluitend materiele schade",2,"Personenauto","Fiets","Flank","Kruispunt, 4 takken",30,"Niet brandend","Daglicht","Droog",\N,\N,"Schippersstraat","Amsterdam","Amsterdam","Noord-Holland",false,52.373736,4.906129,"material damage only","4","clear",false,1,"GM0363"
"20230111918",2023,"Letsel",2,"Personenauto","Fiets","Frontaal","Kruispunt, 4 takken",30,"Niet brandend","Daglicht","Droog",\N,\N,"Stadionweg","Amsterdam","Amsterdam","Noord-Holland",false,52.348472,4.882606,"injury","2","clear",false,1,"GM0363"
"20240012115",2024,"Letsel",2,\N,"Fiets","Frontaal","Kruispunt, 3 takken",30,"Niet brandend","Schemer","Droog",\N,\N,"Middenweg","Wateringen","Westland","Zuid-Holland",false,52.016148,4.286714,"injury","2","clear",false,1,"GM1783"
"20240012913",2024,"Uitsluitend materiele schade",2,"Personenauto","Fiets","Onbekend","Kruispunt, 4 takken",50,"Brandend","Schemer","Droog",\N,\N,"Parklaan","Haarlem","Haarlem","Noord-Holland",false,52.385589,4.639103,"material damage only","4","clear",false,1,"GM0392"
"20240018421",2024,"Letsel",2,"Personenauto","Fiets","Flank","Rechte weg",30,"Niet brandend","Daglicht","Droog","Parkeervoorziening","601000996","Europaplein","Alkmaar","Alkmaar","Noord-Holland",false,52.655727,4.75834,"injury","2","clear",false,1,"GM0361"
"20240025111",2024,"Letsel",2,"Personenauto","Fiets","Flank","Kruispunt, 4 takken",50,"Niet brandend","Daglicht","Regen",\N,\N,"Industrieterr Panningen","Panningen","Peel en Maas","Limburg",false,51.334419,5.979623,"injury","2","rain",false,1,"GM1894"
"20240013262",2024,"Letsel",2,"Fiets","Personenauto","Frontaal","Kruispunt, 4 takken",50,"Niet aanwezig","Daglicht","Droog",\N,\N,"Wassenaarseweg","Katwijk","Katwijk","Zuid-Holland",false,52.190728,4.421251,"injury","2","clear",false,1,"GM0537"
"20240152576",2024,"Letsel",1,"Fiets",\N,"Eenzijdig","Rechte weg",50,"Niet brandend","Daglicht","Droog",\N,"600619129","Prinses Irenelaan","Alphen aan den Rijn","Alphen aan den Rijn","Zuid-Holland",false,52.134374,4.654607,"injury","2","clear",false,1,"GM0484"
"20240152581",2024,"Letsel",2,"Personenauto","Fiets","Flank","Rotonde",50,"Brandend","Duisternis","Droog",\N,\N,"Europalaan","Alphen aan den Rijn","Alphen aan den Rijn","Zuid-Holland",false,52.126141,4.652074,"injury","2","clear",false,1,"GM0484"
"20240152596",2024,"Letsel",2,"Personenauto","Fiets","Flank","Kruispunt, 4 takken",30,"Brandend","Duisternis","Droog",\N,\N,"Eerste Stationsstraat","Zoetermeer","Zoetermeer","Zuid-Holland",false,52.047499,4.491683,"injury","2","clear",false,1,"GM0637"
"20240157406",2024,"Letsel",2,"Personenauto","Fiets","Flank","Rechte weg",30,"Niet brandend","Daglicht","Droog","Parkeervoorziening","348175080","Molenstraat","Helmond","Helmond","Noord-Brabant",false,51.477467,5.667805,"injury","2","clear",false,1,"GM0794"
"20240002658",2024,"Uitsluitend materiele schade",2,"Personenauto","Fiets","Flank","Rotonde",50,"Niet brandend","Daglicht","Sneeuw/Hagel",\N,\N,"Aasterbergerweg","Echt","Echt-Susteren","Limburg",false,51.106398,5.852877,"material damage only","4","unknown",false,1,"GM1711"
"20240009876",2024,"Uitsluitend materiele schade",2,"Personenauto","Fiets","Flank","Kruispunt, 4 takken",30,"Niet brandend","Daglicht","Droog",\N,\N,"Professor Eijkmanstraat","Nijkerk","Nijkerk","Gelderland",false,52.219491,5.479781,"material damage only","4","clear",false,1,"GM0267"
"20240011572",2024,"Letsel",2,"Personenauto","Fiets","Frontaal","Kruispunt, 4 takken",50,"Niet brandend","Daglicht","Regen",\N,\N,"Prins Hendrikstraat","Dinxperlo","Aalten","Gelderland",false,51.861374,6.493102,"injury","2","rain",false,1,"GM0197"
"20240021454",2024,"Uitsluitend materiele schade",2,"Fiets","Snorfiets","Flank","Rechte weg",30,"Niet brandend","Daglicht","Droog",\N,"240372081","Stadhouderskade","Amsterdam","Amsterdam","Noord-Holland",false,52.362108,4.880986,"material damage only","4","clear",false,1,"GM0363"
"20240023635",2024,"Letsel",2,"Fiets","Fiets","Eenzijdig","Rechte weg",30,"Brandend","Duisternis","Droog",\N,"166308015","Supernovaweg","'s-Gravenhage","'s-Gravenhage","Zuid-Holland",false,52.071562,4.341703,"injury","2","clear",false,1,"GM0518"
"20240013452",2024,"Letsel",2,"Fiets","Fiets","Onbekend","Rechte weg",30,"Niet brandend","Daglicht","Droog",\N,"241371008","Stadhouderskade","Amsterdam","Amsterdam","Noord-Holland",false,52.359776,4.887437,"injury","2","clear",false,1,"GM0363"
"20230107852",2023,"Uitsluitend materiele schade",2,"Personenauto","Fiets","Flank","Rotonde",50,"Niet brandend","Daglicht","Droog",\N,\N,"Sint Wirosingel","Roermond","Roermond","Limburg",false,51.212148,6.016453,"material damage only","4","clear",false,1,"GM0957"
"20230111980",2023,"Uitsluitend materiele schade",3,"Fiets",\N,"Los voorwerp","Kruispunt, 4 takken",50,"Brandend","Duisternis","Droog",\N,\N,"Piet Heinkade","Amsterdam","Amsterdam","Noord-Holland",false,52.377059,4.916332,"material damage only","4","clear",false,1,"GM0363"
"20230113186",2023,"Letsel",3,"Personenauto","Fiets","Flank","Kruispunt, 4 takken",60,"Brandend","Duisternis","Regen",\N,\N,"Hofzichtlaan","'s-Gravenhage","'s-Gravenhage","Zuid-Holland",false,52.090748,4.36657,"injury","2","rain",false,1,"GM0518"
"20240014175",2024,"Letsel",2,"Personenauto","Fiets","Frontaal","Kruispunt, 3 takken",30,"Brandend","Duisternis","Regen",\N,\N,"Stationsplein","Breda","Breda","Noord-Brabant",false,51.594732,4.781055,"injury","2","rain",false,1,"GM0758"
"20240154898",2024,"Uitsluitend materiele schade",2,"Personenauto","Fiets","Onbekend","Rotonde",50,"Brandend","Schemer","Droog",\N,\N,"Aziëlaan","Alphen aan den Rijn","Alphen aan den Rijn","Zuid-Holland",false,52.117778,4.663186,"material damage only","4","clear",false,1,"GM0484"
"20240157504",2024,"Letsel",2,"Fiets","Fiets","Flank","Rechte weg",30,"Niet brandend","Daglicht","Droog",\N,"600809097","Wielewaal","Geldrop","Geldrop-Mierlo","Noord-Brabant",false,51.4295,5.561126,"injury","2","clear",false,1,"GM1771"
"20240012230",2024,"Letsel",1,"Fiets",\N,"Onbekend",\N,50,\N,"Daglicht",\N,\N,"601033253","Heuvelring","Rijswijk","Rijswijk","Zuid-Holland",false,52.033539,4.339115,"injury","2","unknown",false,1,\N
"20240013022",2024,"Letsel",2,"Personenauto","Fiets","Flank","Kruispunt, 3 takken",50,"Brandend","Schemer","Droog",\N,\N,"Laan van Haamstede","'s-Gravenhage","'s-Gravenhage","Zuid-Holland",false,52.037505,4.355564,"injury","2","clear",false,1,"GM0518"
"20240016830",2024,"Uitsluitend materiele schade",2,"Personenauto","Fiets","Flank","Rotonde",50,"Niet brandend","Daglicht","Droog",\N,\N,"Obrechtstraat","Zwolle","Zwolle","Overijssel",false,52.521388,6.083197,"material damage only","4","clear",false,1,"GM0193"
"20240016831",2024,"Uitsluitend materiele schade",2,"e-bike","e-bike","Onbekend","Bocht",30,"Niet brandend","Daglicht","Droog",\N,"315494003","Spoarleane","Koudum","Súdwest-Fryslân","Friesland",false,52.91294,5.433513,"material damage only","4","clear",false,1,"GM1900"
"20240154000",2024,"Uitsluitend materiele schade",2,"Fiets","Personenauto","Flank","Kruispunt, 4 takken",50,"Brandend","Duisternis","Droog",\N,\N,"Hulsdonksestraat","Roosendaal","Roosendaal","Noord-Brabant",false,51.525464,4.446446,"material damage only","4","clear",false,1,"GM1674"
"20230110902",2023,"Letsel",2,"Fiets","Overig vast object","Vast voorwerp","Rechte weg",80,"Niet aanwezig","Daglicht","Droog",\N,\N,"Rijksweg","Kapelle","Kapelle","Zeeland",false,51.471622,3.955067,"injury","2","clear",false,1,"GM0678"
"20240156292",2024,"Letsel",3,"Snorfiets","Fiets","Frontaal","Rechte weg",30,"Niet brandend","Daglicht","Droog",\N,"317163057","Nelson Mandelapark","Eindhoven","Eindhoven","Noord-Brabant",false,51.425083,5.438231,"injury","2","clear",false,1,"GM0772"
"20240156927",2024,"Letsel",2,"Personenauto","Fiets","Frontaal","Kruispunt, 4 takken",30,"Niet brandend","Schemer","Droog",\N,\N,"Katwijkseweg","Cuijk","Land van Cuijk","Noord-Brabant",false,51.742896,5.874105,"injury","2","clear",false,1,"GM1982"
"20240004805",2024,"Letsel",2,"Personenauto","Fiets","Flank","Rechte weg",50,"Brandend","Schemer","Regen",\N,"501354049","Uitslagsweg","Hengelo","Hengelo (O)","Overijssel",false,52.274891,6.792557,"injury","2","rain",false,1,\N
"20240015647",2024,"Uitsluitend materiele schade",2,"Fiets","Personenauto","Flank","Bocht",50,"Brandend","Duisternis","Regen",\N,\N,"Prins Bisschopsingel","Maastricht","Maastricht","Limburg",false,50.842202,5.697285,"material damage only","4","rain",false,1,"GM0935"
"20240017812",2024,"Letsel",1,"Fiets",\N,"Eenzijdig","Kruispunt, 4 takken",50,"Brandend","Duisternis","Droog",\N,\N,"Noorderdwarsvaart","Drachten","Smallingerland","Friesland",false,53.115907,6.107577,"injury","2","clear",false,1,"GM0090"
"20240154708",2024,"Letsel",2,"Fiets","Bestelauto","Flank","Rotonde",50,"Brandend","Duisternis","Droog",\N,\N,"Mozartlaan","Maassluis","Maassluis","Zuid-Holland",false,51.926723,4.246045,"injury","2","clear",false,1,"GM0556"
"20230110312",2023,"Letsel",1,"Fiets",\N,"Eenzijdig","Rechte weg",50,"Niet brandend","Daglicht","Droog",\N,"296221205","Statenlaan","'s-Hertogenbosch","'s-Hertogenbosch","Noord-Brabant",false,51.687925,5.288968,"injury","2","clear",false,1,"GM0796"
"20240153447",2024,"Letsel",2,"Fiets","Fiets","Flank","Rotonde",50,"Niet brandend","Daglicht","Droog",\N,\N,"Vennewatersweg","Heiloo","Heiloo","Noord-Holland",false,52.588102,4.702143,"injury","2","clear",false,1,"GM0399"
"20240154746",2024,"Letsel",2,"Fiets","Personenauto","Flank","Bocht",80,"Brandend","Schemer","Droog",\N,\N,"Ringdijk","Ter Aar","Nieuwkoop","Zuid-Holland",false,52.1809,4.708392,"injury","2","clear",false,1,"GM0569"
"20230111570",2023,"Uitsluitend materiele schade",2,"Trekker met oplegger","Fiets","Flank","Kruispunt, 4 takken",50,"Niet brandend","Daglicht","Droog",\N,\N,"Schootenweg","Den Helder","Den Helder","Noord-Holland",false,52.946449,4.767486,"material damage only","4","clear",false,1,"GM0400"
"20240156412",2024,"Letsel",2,"Personenauto","e-bike","Flank","Kruispunt, 4 takken",50,"Brandend","Duisternis","Regen",\N,\N,"Vossendaal","Etten-Leur","Etten-Leur","Noord-Brabant",false,51.575411,4.608905,"injury","2","rain",false,1,"GM0777"
"20240013189",2024,"Letsel",2,"Personenauto","Fiets","Onbekend","Rechte weg",30,"Niet brandend","Daglicht","Droog",\N,"163301095","Dr H. Colijnlaan","Rijswijk","Rijswijk","Zuid-Holland",false,52.041579,4.322339,"injury","2","clear",false,1,\N
"20240152226",2024,"Letsel",3,"Bestelauto","Fiets","Los voorwerp","Rechte weg",30,"Brandend","Duisternis","Droog",\N,"157306026","Soestdijksekade","'s-Gravenhage","'s-Gravenhage","Zuid-Holland",false,52.061925,4.279294,"injury","2","clear",false,1,"GM0518"
"20230109841",2023,"Uitsluitend materiele schade",2,"Fiets","Fiets","Frontaal","Rechte weg",50,"Brandend","Duisternis","Regen",\N,"600526010","Jeroen Boschlaan","Eindhoven","Eindhoven","Noord-Brabant",false,51.435684,5.504873,"material damage only","4","rain",false,1,"GM0772"
"20230110450",2023,"Letsel",3,"Personenauto","Fiets","Los voorwerp","Kruispunt, 3 takken",50,"Niet brandend","Daglicht","Droog/Mist",\N,\N,"Barrierweg","Eindhoven","Eindhoven","Noord-Brabant",false,51.460302,5.463549,"injury","2","unknown",false,1,"GM0772"
"20240155842",2024,"Letsel",2,"Personenauto","Fiets","Flank","Rotonde",80,"Brandend","Duisternis","Regen",\N,\N,"FIETSPAD","Zevenbergen","Moerdijk","Noord-Brabant",false,51.652306,4.571651,"injury","2","rain",false,1,"GM1709"
"20230030028",2023,"Uitsluitend materiele schade",2,"Personenauto","Fiets","Flank","Kruispunt, 4 takken",50,"Niet brandend","Daglicht","Droog",\N,\N,"Bosdreef","Rotterdam","Rotterdam","Zuid-Holland",false,51.936415,4.499339,"material damage only","4","clear",false,1,"GM0599"
"20230066737",2023,"Uitsluitend materiele schade",2,"Personenauto","Fiets","Flank","Rechte weg",30,"Niet brandend","Daglicht","Droog",\N,"601021791","Haringvliet","Heerhugowaard","Dijk en Waard","Noord-Holland",false,52.654173,4.832299,"material damage only","4","clear",false,1,"GM1980"
"20230068392",2023,"Uitsluitend materiele schade",2,"Bestelauto","Fiets","Onbekend","Kruispunt, 4 takken",30,"Niet brandend","Daglicht","Droog",\N,\N,"Slachthuisstraat","'s-Gravenhage","'s-Gravenhage","Zuid-Holland",false,52.063674,4.32475,"material damage only","4","clear",false,1,"GM0518"
"20230016821",2023,"Uitsluitend materiele schade",2,"Personenauto","Fiets","Flank","Kruispunt, 4 takken",30,"Brandend","Duisternis","Droog",\N,\N,"De Bloemen","Castricum","Castricum","Noord-Holland",false,52.555435,4.676912,"material damage only","4","clear",false,1,"GM0383"
"20230017375",2023,"Uitsluitend materiele schade",2,"Personenauto","Fiets","Flank","Rotonde",50,"Niet brandend","Daglicht","Droog",\N,\N,"Soomerwegh","Castricum","Castricum","Noord-Holland",false,52.553257,4.67449,"material damage only","4","clear",false,1,"GM0383"
"20230032371",2023,"Letsel",2,"Bestelauto","Fiets","Flank","Kruispunt, 4 takken",30,"Niet brandend","Daglicht","Droog",\N,\N,"Wisselstraat","Volkel","Maashorst","Noord-Brabant",false,51.65227,5.659154,"injury","2","clear",false,1,"GM1991"
"20240029942",2024,"Uitsluitend materiele schade",2,"Personenauto","Fiets","Flank","Kruispunt, 4 takken",30,"Niet brandend","Daglicht","Droog",\N,\N,"Jean Desmetstraat","Amsterdam","Amsterdam","Noord-Holland",false,52.361145,4.991359,"material damage only","4","clear",false,1,"GM0363"
"20230035166",2023,"Uitsluitend materiele schade",2,"Personenauto","Fiets","Frontaal","Kruispunt, 3 takken",50,"Niet brandend","Daglicht","Droog",\N,\N,"Zuiderstraat","Almelo","Almelo","Overijssel",false,52.350171,6.661809,"material damage only","4","clear",false,1,"GM0141"
"20230066903",2023,"Letsel",2,"Bromfiets","Fiets","Onbekend","Rechte weg",80,"Niet brandend","Daglicht","Droog",\N,"601004839","M.A. Reinaldaweg","Woerden","Woerden","Utrecht",false,52.071681,4.902079,"injury","2","clear",false,1,"GM0632"
"20230067142",2023,"Letsel",2,"Fiets","Fiets","Flank","Rechte weg",50,"Niet brandend","Daglicht","Droog",\N,"237369063","Zeilstraat","Amsterdam","Amsterdam","Noord-Holland",false,52.351103,4.855132,"injury","2","clear",false,1,"GM0363"
"20230067164",2023,"Uitsluitend materiele schade",2,"Personenauto","Fiets","Flank","Kruispunt, 4 takken",50,"Niet brandend","Daglicht","Droog",\N,\N,"Ganzenweg","Amsterdam","Amsterdam","Noord-Holland",false,52.385522,4.91888,"material damage only","4","clear",false,1,"GM0363"
"20230067325",2023,"Letsel",2,"Personenauto","e-bike","Los voorwerp","Rotonde",50,"Niet brandend","Daglicht","Droog",\N,\N,"Urkerweg","Tollebeek","Noordoostpolder","Flevoland",false,52.677488,5.68083,"injury","2","clear",false,1,"GM0171"
"20240030520",2024,"Uitsluitend materiele schade",1,"Fiets",\N,"Onbekend","Rechte weg",\N,"Brandend","Duisternis","Droog",\N,"205379015","Willem de Zwijgerlaan","Overveen","Bloemendaal","Noord-Holland",false,52.392098,4.618173,"material damage only","4","clear",false,1,"GM0377"
"20230072315",2023,"Letsel",2,"Personenauto","e-bike","Flank","Kruispunt, 3 takken",50,"Niet brandend","Daglicht","Droog",\N,\N,"Palmastrjitte","Wergea","Leeuwarden","Friesland",false,53.150984,5.837766,"injury","2","clear",false,1,"GM0080"
"20230014545",2023,"Uitsluitend materiele schade",3,"Fiets","Personenauto","Onbekend","Kruispunt, 4 takken",30,"Niet brandend","Daglicht","Droog",\N,\N,"Vijfmorgenstraat","Zutphen","Zutphen","Gelderland",false,52.133775,6.207307,"material damage only","4","clear",false,1,"GM0301"
"20240026737",2024,"Letsel",2,"Personenauto","Fiets","Flank","Kruispunt, 3 takken",30,\N,"Daglicht","Droog",\N,\N,"Veldlaan","Emmen","Emmen","Drenthe",false,52.779761,6.930546,"injury","2","clear",false,1,"GM0114"
"20230030080",2023,"Letsel",2,"Fiets","Fiets","Onbekend","Rechte weg",60,"Niet aanwezig","Daglicht","Droog",\N,"600901732","Duinweg","Noordwijk","Noordwijk","Zuid-Holland",false,52.259185,4.452285,"injury","2","clear",false,1,"GM0575"
"20230031785",2023,"Letsel",2,"Fiets","Personenauto","Kop/staart","Rechte weg",30,\N,"Daglicht","Droog",\N,"407099006","Tussen de Bruggen","Vlodrop","Roerdalen","Limburg",false,51.136032,6.086531,"injury","2","clear",false,1,"GM1669"
"20230035661",2023,"Letsel",2,"Personenauto","Fiets","Flank","Kruispunt, 4 takken",60,"Niet brandend","Daglicht","Droog",\N,\N,"Engbergseweg","Gendringen","Oude IJsselstreek","Gelderland",false,51.87626,6.388816,"injury","2","clear",false,1,"GM1509"
"20230067192",2023,"Letsel",2,"Bromfiets","Fiets","Frontaal","Kruispunt, 4 takken",50,"Niet brandend","Daglicht","Droog",\N,\N,"Overdiemerweg","Diemen","Diemen","Noord-Holland",false,52.339311,4.987524,"injury","2","clear",false,1,"GM0384"
"20230067347",2023,"Uitsluitend materiele schade",2,"Personenauto","Fiets","Flank","Kruispunt, 3 takken",50,"Niet brandend","Daglicht","Droog",\N,\N,"Pannekeetweg","Heerhugowaard","Dijk en Waard","Noord-Holland",false,52.696357,4.828831,"material damage only","4","clear",false,1,"GM1980"
"20230068847",2023,"Letsel",1,"Fiets",\N,"Eenzijdig","Kruispunt, 4 takken",50,"Niet brandend","Daglicht","Droog",\N,\N,"Buitenhofdreef","Delft","Delft","Zuid-Holland",false,51.985828,4.344712,"injury","2","clear",false,1,"GM0503"
"20230074009",2023,"Uitsluitend materiele schade",2,"Personenauto","Fiets","Flank","Kruispunt, 4 takken",50,"Niet brandend","Daglicht","Droog",\N,\N,"Buurserstraat","Enschede","Enschede","Overijssel",false,52.196941,6.891499,"material damage only","4","clear",false,1,"GM0153"
"20230074401",2023,"Letsel",1,"Fiets",\N,"Eenzijdig","Rechte weg",50,"Niet brandend","Daglicht","Regen",\N,"600626356","Noorderstationsstraat","Groningen","Groningen","Groningen",false,53.228588,6.559766,"injury","2","rain",false,1,"GM0014"
"20240026018",2024,"Uitsluitend materiele schade",2,"Personenauto","Fiets","Flank","Rotonde",50,"Niet brandend","Daglicht","Regen",\N,\N,"Ossenweerdstraat","Deventer","Deventer","Overijssel",false,52.258,6.149033,"material damage only","4","rain",false,1,"GM0150"
"20240027612",2024,"Uitsluitend materiele schade",2,"Personenauto","Fiets","Frontaal","Rechte weg",15,"Niet brandend","Daglicht","Droog","Spoorwegovergang",\N,"Charlie Chaplinweg","Almere","Almere","Flevoland",false,52.376196,5.228776,"material damage only","4","clear",false,1,"GM0034"
"20230031246",2023,"Uitsluitend materiele schade",2,"Fiets","Personenauto","Frontaal","Rechte weg",30,"Niet brandend","Daglicht","Regen",\N,\N,"Annastraat","Boxtel","Boxtel","Noord-Brabant",false,51.589184,5.316605,"material damage only","4","rain",false,1,"GM0757"
"20240029671",2024,"Uitsluitend materiele schade",2,"Personenauto","Fiets","Flank","Kruispunt, 3 takken",30,"Niet brandend","Daglicht","Droog",\N,\N,"Surinamestraat","Amsterdam","Amsterdam","Noord-Holland",false,52.357891,4.854518,"material damage only","4","clear",false,1,"GM0363"
"20230034027",2023,"Uitsluitend materiele schade",2,"Bromfiets","Fiets","Frontaal","Rechte weg",30,"Brandend","Schemer",\N,\N,\N,"Doornbosdwarsstraat","Meppel","Meppel","Drenthe",false,52.696847,6.196265,"material damage only","4","unknown",false,1,"GM0119"