"accident_id","year","severity_raw","party_count","party1_type","party2_type","accident_type","road_situation","speed_limit_kmh","road_lighting","light_condition_label","weather_raw","infra_type","road_segment_id","street_name","place_name","gemeente_name_raw","province","alcohol_indicated","latitude","longitude","severity_label","severity_code","weather_label","built_up_area","cyclists_involved","gemeente_code"
"20220002314",2022,"Letsel",1,"Fiets",\N,"Eenzijdig","Bocht",30,"Niet brandend","Daglicht","Droog",\N,"471567047","Melisseweg","Groningen","Groningen","Groningen",false,53.234418,6.593509,"injury","2","clear",false,1,"GM0014"
"20220006784",2022,"Letsel",2,"Bestelauto","Fiets","Flank","Kruispunt, 4 takken",30,"Niet brandend","Daglicht","Droog",\N,\N,"Jan Vermeerstraat","Zutphen","Zutphen","Gelderland",false,52.137441,6.210237,"injury","2","clear",false,1,"GM0301"
"20220007517",2022,"Uitsluitend materiele schade",2,"Personenauto","Fiets","Flank","Kruispunt, 4 takken",50,"Brandend","Duisternis","Droog",\N,\N,"Burg Matsersingel","Arnhem","Arnhem","Gelderland",false,51.954722,5.863819,"material damage only","4","clear",false,1,"GM0202"
"20220005974",2022,"Letsel",2,"Fiets","Fiets","Onbekend","Rechte weg",60,"Niet brandend","Daglicht","Droog",\N,\N,"Eeckenholtsweg","Holten","Rijssen-Holten","Overijssel",false,52.28508,6.42156,"injury","2","clear",false,1,"GM1742"
"20220121794",2022,"Uitsluitend materiele schade",2,"Personenauto","e-bike","Flank","Kruispunt, 4 takken",60,"Niet brandend","Daglicht","Droog",\N,\N,"Vleetweg","Andijk","Medemblik","Noord-Holland",false,52.7263,5.227179,"material damage only","4","clear",false,1,"GM0420"
"20240003936",2024,"Letsel",1,"Fiets",\N,"Eenzijdig","Kruispunt, 4 takken",50,"Brandend","Duisternis","Sneeuw/Hagel",\N,\N,"Cronjéstraat","Arnhem","Arnhem","Gelderland",false,51.986152,5.90671,"injury","2","unknown",false,1,"GM0202"
"20220110102",2022,"Uitsluitend materiele schade",2,"Personenauto","Fiets","Flank","Kruispunt, 4 takken",50,"Niet brandend","Daglicht","Droog",\N,\N,"Konijnenberg","Breda","Breda","Noord-Brabant",false,51.603432,4.770415,"material damage only","4","clear",false,1,"GM0758"
"20220110671",2022,"Letsel",4,"Personenauto","e-bike","Flank","Kruispunt, 4 takken",50,"Niet brandend","Daglicht","Droog",\N,\N,"President Rooseveltlaan","Middelburg","Middelburg","Zeeland",false,51.506215,3.601504,"injury","2","clear",false,1,\N
"20240001063",2024,"Dodelijk",2,"Personenauto","Fiets","Flank","Kruispunt, 4 takken",50,"Brandend","Duisternis","Droog",\N,\N,"Tramsingel","Breda","Breda","Noord-Brabant",false,51.592411,4.769869,"fatal","1","clear",false,1,"GM0758"
"20230006829",2023,"Uitsluitend materiele schade",2,"Personenauto","Fiets","Onbekend",\N,50,\N,"Daglicht",\N,\N,"600237964","Slinge","Rotterdam","Rotterdam","Zuid-Holland",false,51.873401,4.482399,"material damage only","4","unknown",false,1,"GM0599"
"20220068112",2022,"Uitsluitend materiele schade",2,"Personenauto","Fiets","Flank","Rechte weg",50,"Brandend","Duisternis","Droog",\N,"296224001","Oude Vlijmenseweg","'s-Hertogenbosch","'s-Hertogenbosch","Noord-Brabant",false,51.697024,5.289785,"material damage only","4","clear",false,1,"GM0796"
"20220081396",2022,"Uitsluitend materiele schade",2,"Bromfiets","Fiets","Kop/staart","Rechte weg",50,"Brandend","Duisternis","Droog",\N,"240374065","Rozengracht","Amsterdam","Amsterdam","Noord-Holland",false,52.372713,4.877923,"material damage only","4","clear",false,1,"GM0363"
"20220082567",2022,"Letsel",2,"e-bike","Overig vast object","Vast voorwerp","Bocht",30,"Brandend","Duisternis",\N,\N,"600711990","Poelkade","'s-Gravenzande","Westland","Zuid-Holland",false,51.992658,4.189861,"injury","2","unknown",false,1,"GM1783"
"20220089058",2022,"Uitsluitend materiele schade",2,"Bestelauto","Fiets","Flank","Rechte weg",50,"Niet brandend","Daglicht","Droog",\N,"350174099","Engelseweg","Helmond","Helmond","Noord-Brabant",false,51.471857,5.682435,"material damage only","4","clear",false,1,"GM0794"
"20220028851",2022,"Letsel",1,"e-bike",\N,"Eenzijdig","Kruispunt, 3 takken",50,"Niet brandend","Schemer","Droog",\N,\N,"Schoolstraat","Mierlo","Geldrop-Mierlo","Noord-Brabant",false,51.442317,5.612427,"injury","2","clear",false,1,"GM1771"
"20220052153",2022,"Uitsluitend materiele schade",2,"Personenauto","Fiets","Flank","Kruispunt, 3 takken",30,"Niet brandend","Daglicht","Droog",\N,\N,"Zandweg","Wormer","Wormerland","Noord-Holland",false,52.497369,4.808715,"material damage only","4","clear",false,1,"GM0880"
"20220053623",2022,"Letsel",2,"Fiets","Fiets","Onbekend",\N,50,\N,"Daglicht",\N,\N,"210400077","Baanstraat","Beverwijk","Beverwijk","Noord-Holland",false,52.485866,4.656743,"injury","2","unknown",false,1,"GM0375"
"20220069849",2022,"Letsel",2,"Motor","Fiets","Flank","Kruispunt, 3 takken",50,"Niet brandend","Daglicht","Droog",\N,\N,"Stationsweg","Venray","Venray","Limburg",true,51.528973,5.995213,"injury","2","clear",false,1,"GM0984"
"20220022459",2022,"Letsel",2,"Personenauto","e-bike","Frontaal","Kruispunt, 4 takken",50,"Niet brandend","Daglicht","Droog",\N,\N,"Pleinweg","Rotterdam","Rotterdam","Zuid-Holland",false,51.889548,4.488536,"injury","2","clear",false,1,"GM0599"
"20220033783",2022,"Uitsluitend materiele schade",2,"Personenauto","Fiets","Onbekend","Rotonde",50,"Niet brandend","Daglicht","Droog",\N,\N,"Groenewoudseweg","Nijmegen","Nijmegen","Gelderland",false,51.829518,5.870618,"material damage only","4","clear",false,1,"GM0268"
"20220068358",2022,"Uitsluitend materiele schade",2,"Personenauto","e-bike","Onbekend","Rotonde",50,"Brandend","Duisternis","Droog",\N,\N,"Nieuwendijk","Geldrop","Geldrop-Mierlo","Noord-Brabant",false,51.422878,5.556742,"material damage only","4","clear",false,1,"GM1771"
"20220071684",2022,"Letsel",2,"Personenauto","e-bike","Flank","Rechte weg",30,"Niet brandend","Daglicht","Droog",\N,"600506049","Europalaan","Stadskanaal","Stadskanaal","Groningen",false,52.990138,6.959146,"injury","2","clear",false,1,"GM0037"
"20220082790",2022,"Uitsluitend materiele schade",2,"Personenauto","Fiets","Flank","Rechte weg",50,"Niet brandend","Daglicht","Droog",\N,"159307039","Kempstraat","'s-Gravenhage","'s-Gravenhage","Zuid-Holland",false,52.065388,4.293775,"material damage only","4","clear",false,1,"GM0518"
"20220110686",2022,"Uitsluitend materiele schade",2,"Personenauto","Fiets","Flank","Kruispunt, 4 takken",50,"Niet brandend","Daglicht","Droog",\N,\N,"Abdis van Thornstraat","Oosterhout","Oosterhout","Noord-Brabant",false,51.64232,4.870059,"material damage only","4","clear",false,1,"GM0826"
"20220111379",2022,"Uitsluitend materiele schade",2,"Personenauto","Fiets","Onbekend","Kruispunt, 3 takken",50,"Niet brandend","Daglicht","Droog",\N,\N,"Dragonder","Valkenswaard","Valkenswaard","Noord-Brabant",false,51.340294,5.464397,"material damage only","4","clear",false,1,"GM0858"
"20220022813",2022,"Letsel",2,"Personenauto","e-bike","Los voorwerp","Rotonde",50,"Brandend","Duisternis",\N,\N,\N,"Vogelvliet","Ridderkerk","Ridderkerk","Zuid-Holland",false,51.866515,4.611795,"injury","2","unknown",false,1,"GM0597"
"20220065567",2022,"Letsel",2,"Personenauto","Fiets","Flank","Kruispunt, 4 takken",50,"Niet brandend","Daglicht","Droog",\N,\N,"Dokwerker","Vlissingen","Vlissingen","Zeeland",false,51.446371,3.581357,"injury","2","clear",false,1,"GM0718"
"20220111710",2022,"Uitsluitend materiele schade",2,"Personenauto","Fiets","Flank","Kruispunt, 4 takken",60,"Niet aanwezig","Daglicht","Regen",\N,\N,"Lage Heide","Eersel","Eersel","Noord-Brabant",false,51.341211,5.337527,"material damage only","4","rain",false,1,"GM0770"
"20220112044",2022,"Uitsluitend materiele schade",2,"Fiets","Fiets","Flank","Rechte weg",30,"Niet brandend","Daglicht","Regen",\N,"600481446","Bleekweg","Eindhoven","Eindhoven","Noord-Brabant",false,51.435235,5.483845,"material damage only","4","rain",false,1,"GM0772"
"20220013752",2022,"Letsel",2,"Personenauto","Fiets","Onbekend","Rotonde",50,"Niet brandend","Daglicht",\N,\N,\N,"Saendelverlaan","Assendelft","Zaanstad","Noord-Holland",false,52.493281,4.75426,"injury","2","unknown",false,1,"GM0479"
"20220053953",2022,"Letsel",2,"Personenauto","Fiets","Flank","Kruispunt, 4 takken",50,"Niet brandend","Daglicht","Droog",\N,\N,"Händelstraat","Heemskerk","Heemskerk","Noord-Holland",false,52.513876,4.676561,"injury","2","clear",false,1,"GM0396"
"20220082986",2022,"Letsel",2,"Fiets","Fiets","Onbekend","Rechte weg",50,"Niet brandend","Daglicht","Droog",\N,"192310004","Slootweg","Benthuizen","Alphen aan den Rijn","Zuid-Holland",false,52.078597,4.534201,"injury","2","clear",false,1,"GM0484"
"20220090817",2022,"Uitsluitend materiele schade",2,"Personenauto","Fiets","Onbekend","Rotonde",50,"Niet brandend","Daglicht","Droog",\N,\N,"Laaghuissingel","Venlo","Venlo","Limburg",false,51.371433,6.185251,"material damage only","4","clear",false,1,"GM0983"
"20220049632",2022,"Uitsluitend materiele schade",2,"Snorfiets","Fiets","Onbekend","Rechte weg",50,"Brandend","Duisternis","Droog",\N,"600664706","Ringweg-Randenbroek","Amersfoort","Amersfoort","Utrecht",false,52.148405,5.402367,"material damage only","4","clear",false,1,"GM0307"
"20220059585",2022,"Letsel",2,"Fiets","Bromfiets","Flank","Rechte weg",30,"Brandend","Duisternis","Droog",\N,"187327109","Breestraat","Leiden","Leiden","Zuid-Holland",false,52.158152,4.490381,"injury","2","clear",false,1,"GM0546"
"20220084028",2022,"Letsel",2,"Bus","e-bike","Onbekend","Kruispunt, 4 takken",50,"Niet brandend","Daglicht","Droog",\N,\N,"Prinses Beatrixlaan","Delft","Delft","Zuid-Holland",false,52.000455,4.348507,"injury","2","clear",false,1,"GM0503"
"20220109754",2022,"Uitsluitend materiele schade",2,"Fiets","Overig vast object","Vast voorwerp","Rechte weg",50,"Niet brandend","Daglicht","Droog",\N,"600577418","Burg H-Schiedonln","Oosterhout","Oosterhout","Noord-Brabant",false,51.64842,4.833088,"material damage only","4","clear",false,1,"GM0826"
"20220020384",2022,"Letsel",2,"Personenauto","Fiets","Flank","Kruispunt, 3 takken",50,"Niet brandend","Schemer",\N,\N,\N,"Ammonslaantje","Wassenaar","Wassenaar","Zuid-Holland",false,52.148127,4.424966,"injury","2","unknown",false,1,"GM0629"
"20220041834",2022,"Letsel",2,"Fiets","Voetganger","Voetganger","Bocht",50,"Niet brandend","Duisternis","Droog",\N,"511459072","Brandgans","Emmen","Emmen","Drenthe",false,52.746398,6.880046,"injury","2","clear",false,1,"GM0114"
"20220052841",2022,"Letsel",1,"Fiets",\N,"Eenzijdig","Rechte weg",30,"Brandend","Duisternis","Droog",\N,"600195899","Hoofdstraat","Santpoort-Noord","Velsen","Noord-Holland",false,52.424485,4.647392,"injury","2","clear",false,1,"GM0453"
"20220055526",2022,"Uitsluitend materiele schade",2,"Personenauto","e-bike","Flank","Kruispunt, 3 takken",50,"Brandend","Duisternis","Droog",\N,\N,"President Steynstraat","Amsterdam","Amsterdam","Noord-Holland",false,52.350748,4.915575,"material damage only","4","clear",false,1,"GM0363"
"20220057112",2022,"Letsel",2,"Bestelauto","Fiets","Flank","Kruispunt, 4 takken",50,"Brandend","Duisternis","Droog",\N,\N,"Appelstraat","'s-Gravenhage","'s-Gravenhage","Zuid-Holland",false,52.064786,4.252925,"injury","2","clear",false,1,"GM0518"
"20220095218",2022,"Letsel",1,"Fiets",\N,"Eenzijdig","Rechte weg",\N,"Niet brandend","Daglicht","Droog",\N,"600672661","Rijksweg","Ede","Ede","Gelderland",false,52.051754,5.666645,"injury","2","clear",false,1,"GM0228"
"20220095531",2022,"Letsel",2,"e-bike","Dier","Dier","Rechte weg",30,"Niet brandend","Daglicht","Droog",\N,"523341034","Ekersdijk","Enschede","Enschede","Overijssel",false,52.214249,6.954182,"injury","2","clear",false,1,"GM0153"
"20220038040",2022,"Letsel",2,"Personenauto","e-bike","Geparkeerd voertuig","Rechte weg",50,"Niet brandend","Daglicht","Droog",\N,"167260028","Steurweg","Hoogvliet Rotterdam","Rotterdam","Zuid-Holland",false,51.855127,4.354429,"injury","2","clear",false,1,"GM0599"
"20220057213",2022,"Letsel",3,"Fiets","Personenauto","Onbekend","Rechte weg",30,"Niet brandend","Daglicht",\N,\N,"220322017","Aarlanderveenseweg","Aarlanderveen","Alphen aan den Rijn","Zuid-Holland",false,52.138528,4.731218,"injury","2","unknown",false,1,"GM0484"
"20220080251",2022,"Uitsluitend materiele schade",2,"Bestelauto","Fiets","Onbekend",\N,\N,\N,"Daglicht",\N,\N,\N,"Zwaanstraat","IJmuiden","Velsen","Noord-Holland",false,52.455158,4.601266,"material damage only","4","unknown",false,1,"GM0453"
"20220084144",2022,"Letsel",2,"Bromfiets","Fiets","Onbekend","Rechte weg",60,"Niet brandend","Daglicht",\N,\N,"157286003","Laan van Koop","De Lier","Westland","Zuid-Holland",false,51.972304,4.279532,"injury","2","unknown",false,1,"GM1783"
"20220088249",2022,"Letsel",3,"Fiets","Fiets","Onbekend","Kruispunt, 4 takken",60,"Niet aanwezig","Daglicht","Droog",\N,\N,"Kaaiweg","Borssele","Borsele","Zeeland",false,51.423182,3.747839,"injury","2","clear",false,1,"GM0654"
"20220109379",2022,"Letsel",2,"Personenauto","e-bike","Flank","Rotonde",50,"Niet brandend","Daglicht","Droog",\N,\N,"Trappistenstraat","Dongen","Dongen","Noord-Brabant",false,51.629075,4.923059,"injury","2","clear",false,1,"GM0766"
"20220095721",2022,"Uitsluitend materiele schade",2,"Bestelauto","e-bike","Flank","Rotonde",50,"Niet brandend","Daglicht","Regen",\N,\N,"Ir. Leemansstraat","Harderwijk","Harderwijk","Gelderland",false,52.349211,5.632335,"material damage only","4","rain",false,1,"GM0243"
"20220036545",2022,"Letsel",2,"Fiets","Fiets","Onbekend","Rechte weg",30,"Niet brandend","Daglicht","Droog",\N,"168294185","Phoenixstraat","Delft","Delft","Zuid-Holland",false,52.009694,4.355604,"injury","2","clear",false,1,"GM0503"
"20220058757",2022,"Letsel",1,"Fiets",\N,"Eenzijdig","Rechte weg",50,"Brandend","Duisternis","Droog",\N,"187327243","Hooigracht","Leiden","Leiden","Zuid-Holland",false,52.15769,4.495525,"injury","2","clear",false,1,"GM0546"
"20220059857",2022,"Letsel",2,"Bromfiets","Fiets","Flank","Kruispunt, 4 takken",30,"Niet brandend","Daglicht","Harde windstoten",\N,\N,"Nieuweveensepad","'s-Gravenhage","'s-Gravenhage","Zuid-Holland",false,52.056947,4.390717,"injury","2","unknown",false,1,"GM0518"
"20220067717",2022,"Letsel",2,"Fiets","Personenauto","Onbekend","Kruispunt, 4 takken",50,"Niet brandend","Schemer","Droog",\N,\N,"Stadhuisplein","Veghel","Meierijstad","Noord-Brabant",false,51.613837,5.548125,"injury","2","clear",false,1,"GM1948"
"20220099188",2022,"Letsel",2,"Fiets","Fiets","Onbekend","Kruispunt, 3 takken",60,"Niet brandend","Daglicht","Droog",\N,\N,"Dwarsweg","Overberg","Utrechtse Heuvelrug","Utrecht",false,52.031051,5.488244,"injury","2","clear",false,1,"GM1581"
"20220020843",2022,"Uitsluitend materiele schade",2,"Personenauto","Fiets","Onbekend","Rechte weg",50,\N,"Daglicht",\N,\N,"186304029","Ernst Casimirstraat","Zoetermeer","Zoetermeer","Zuid-Holland",false,52.053502,4.488117,"material damage only","4","unknown",false,1,"GM0637"
"20220036697",2022,"Letsel",2,"Fiets","Fiets","Frontaal","Rechte weg",50,"Brandend","Schemer","Droog",\N,\N,"Theo Mann-Bouwmeesterln","'s-Gravenhage","'s-Gravenhage","Zuid-Holland",false,52.105277,4.323423,"injury","2","clear",false,1,"GM0518"
"20220038531",2022,"Letsel",2,"Fiets","Fiets","Onbekend",\N,80,\N,"Daglicht",\N,\N,"600093499","1e Deltaweg","Kats","Noord-Beveland","Zeeland",false,51.567584,3.853052,"injury","2","unknown",false,1,"GM1695"
"20220040587",2022,"Letsel",3,"Personenauto","Fiets","Onbekend","Rechte weg",30,"Niet brandend","Daglicht","Droog",\N,"353479108","Stationsweg","Lemmer","De Fryske Marren","Friesland",false,52.842707,5.709658,"injury","2","clear",false,1,"GM1940"
"20220047257",2022,"Uitsluitend materiele schade",2,"Snorfiets","Fiets","Flank","Kruispunt, 3 takken",50,"Niet brandend","Daglicht","Droog",\N,\N,"Brinkgreverweg","Deventer","Deventer","Overijssel",false,52.257364,6.165829,"material damage only","4","clear",false,1,"GM0150"
"20220053170",2022,"Uitsluitend materiele schade",2,"Fiets","Personenauto","Frontaal","Kruispunt, 3 takken",30,"Niet brandend","Daglicht","Droog",\N,\N,"Tulpenveld","Castricum","Castricum","Noord-Holland",false,52.5595,4.67505,"material damage only","4","clear",false,1,"GM0383"
"20220055801",2022,"Letsel",1,"Fiets",\N,"Eenzijdig","Rechte weg",30,"Niet aanwezig","Daglicht","Droog",\N,"600764469","Mauritskade","Amsterdam","Amsterdam","Noord-Holland",false,52.362826,4.919946,"injury","2","clear",false,1,"GM0363"
"20220064603",2022,"Letsel",2,"Bestelauto","Fiets","Flank","Kruispunt, 4 takken",50,"Niet brandend","Daglicht","Droog",\N,\N,"Centraleweg","Geertruidenberg","Geertruidenberg","Noord-Brabant",false,51.698646,4.858967,"injury","2","clear",false,1,"GM0779"
"20220102749",2022,"Uitsluitend materiele schade",3,"Bestelauto","Fiets","Los voorwerp","Rechte weg",30,"Niet brandend","Daglicht","Droog",\N,"240373098","Elandsgracht","Amsterdam","Amsterdam","Noord-Holland",false,52.369355,4.880103,"material damage only","4","clear",false,1,"GM0363"
"20220103111",2022,"Letsel",2,"Fiets","Bromfiets","Onbekend","Rechte weg",30,"Niet brandend","Daglicht","Droog",\N,"600122548","Haarlemmerweg","Amsterdam","Amsterdam","Noord-Holland",false,52.384991,4.847473,"injury","2","clear",false,1,"GM0363"
"20220034740",2022,"Letsel",2,"Fiets","Los voorwerp","Los voorwerp","Rechte weg",15,"Niet brandend","Daglicht","Droog",\N,"600769393","Stuivenbergweg","IJsselstein","IJsselstein","Utrecht",false,52.031017,5.001386,"injury","2","clear",false,1,"GM0353"
"20220051701",2022,"Uitsluitend materiele schade",2,"Bromfiets","Fiets","Onbekend","Rechte weg",50,"Niet brandend","Daglicht","Droog",\N,\N,"Rustenburgerweg","Heerhugowaard","Dijk en Waard","Noord-Holland",false,52.661452,4.830332,"material damage only","4","clear",false,1,"GM1980"
"20220054684",2022,"Uitsluitend materiele schade",2,"Fiets","Bestelauto","Flank","Kruispunt, 4 takken",50,"Niet brandend","Daglicht","Droog",\N,\N,"Plantage Middenlaan","Amsterdam","Amsterdam","Noord-Holland",false,52.367303,4.909453,"material damage only","4","clear",false,1,"GM0363"
"20220058911",2022,"Letsel",1,"e-bike",\N,"Eenzijdig",\N,\N,\N,"Schemer",\N,\N,"192330052","Van der Havelaan","Leiderdorp","Leiderdorp","Zuid-Holland",false,52.170313,4.524928,"injury","2","unknown",false,1,"GM0547"
"20220059985",2022,"Letsel",2,"Fiets","Fiets","Onbekend","Rechte weg",60,"Niet brandend","Daglicht","Droog",\N,"226283005","Opweg","Stolwijk","Krimpenerwaard","Zuid-Holland",false,51.956955,4.780735,"injury","2","clear",false,1,"GM1931"
"20220061695",2022,"Uitsluitend materiele schade",3,"Personenauto","Fiets","Onbekend","Kruispunt, 4 takken",50,"Niet brandend","Daglicht","Droog",\N,\N,"Binnenlandse Baan","Barendrecht","Barendrecht","Zuid-Holland",false,51.852263,4.549085,"material damage only","4","clear",false,1,"GM0489"
"20220099995",2022,"Letsel",2,"Personenauto","Fiets","Flank","Rotonde",50,"Niet brandend","Daglicht","Droog",\N,\N,"Poelenburg","Zaandam","Zaanstad","Noord-Holland",false,52.43514,4.854513,"injury","2","clear",false,1,"GM0479"
"20220102631",2022,"Letsel",2,"Brommobiel","Fiets","Flank","Kruispunt, 3 takken",50,"Niet brandend","Daglicht","Regen",\N,\N,"Hobbemakade","Amsterdam","Amsterdam","Noord-Holland",false,52.35139,4.886044,"injury","2","rain",false,1,"GM0363"
"20220105744",2022,"Letsel",1,"e-bike",\N,"Eenzijdig","Rechte weg",50,"Niet brandend","Daglicht","Droog",\N,\N,"Oude Vest","Leiden","Leiden","Zuid-Holland",false,52.161666,4.497583,"injury","2","clear",false,1,"GM0546"
"20220106011",2022,"Letsel",2,"e-bike","Fiets","Onbekend","Rechte weg",30,"Niet brandend","Daglicht","Droog",\N,"600675482","Albert Plesmanplein","Gouda","Gouda","Zuid-Holland",false,52.018317,4.709865,"injury","2","clear",false,1,"GM0513"
"20220106212",2022,"Letsel",1,"Fiets",\N,"Eenzijdig",\N,60,\N,"Duisternis",\N,\N,"600711991","Hoge Geest","Naaldwijk","Westland","Zuid-Holland",false,52.002865,4.18695,"injury","2","unknown",false,1,"GM1783"
"20220044182",2022,"Uitsluitend materiele schade",2,"Personenauto","Fiets","Flank","Rechte weg",30,"Brandend","Duisternis","Droog",\N,"353276006","Dorpsstraat","Hemmen","Overbetuwe","Gelderland",false,51.934226,5.704146,"material damage only","4","clear",false,1,"GM1734"
"20220087195",2022,"Letsel",1,"Fiets",\N,"Eenzijdig",\N,50,\N,"Daglicht",\N,\N,"226200096","Nassaustraat","Breda","Breda","Noord-Brabant",false,51.591313,4.787203,"injury","2","unknown",false,1,"GM0758"
"20220101301",2022,"Letsel",2,"Personenauto","Fiets","Flank","Kruispunt, 4 takken",50,"Niet brandend","Daglicht","Droog",\N,\N,"Tempeliersstraat","Haarlem","Haarlem","Noord-Holland",false,52.375881,4.627129,"injury","2","clear",false,1,"GM0392"
"20220036998",2022,"Letsel",2,"Bromfiets","Fiets","Frontaal","Rechte weg",50,"Niet brandend","Daglicht","Droog",\N,"600411646","Middel Broekweg","Naaldwijk","Westland","Zuid-Holland",false,51.991362,4.219787,"injury","2","clear",false,1,"GM1783"
"20220042415",2022,"Letsel",2,"Personenauto","Fiets","Flank","Rotonde",50,"Niet brandend","Daglicht","Droog",\N,\N,"Jonkersleane","Goutum","Leeuwarden","Friesland",false,53.181179,5.811822,"injury","2","clear",false,1,"GM0080"
"20220061888",2022,"Uitsluitend materiele schade",2,"Fiets","Personenauto","Flank","Rechte weg",50,"Niet brandend","Daglicht","Droog",\N,\N,"Merwedestraat","Dordrecht","Dordrecht","Zuid-Holland",false,51.818724,4.68922,"material damage only","4","clear",false,1,"GM0505"
"20220103922",2022,"Uitsluitend materiele schade",2,"Personenauto","Fiets","Flank","Kruispunt, 3 takken",50,"Niet brandend","Daglicht",\N,\N,\N,"Groothandelsweg","Delfgauw","Pijnacker-Nootdorp","Zuid-Holland",false,51.995116,4.399336,"material damage only","4","unknown",false,1,"GM1926"
"20220108617",2022,"Letsel",2,"Bromfiets","Fiets","Onbekend","Rechte weg",80,"Niet brandend","Daglicht","Droog",\N,\N,"Grote Beer","Alblasserdam","Alblasserdam","Zuid-Holland",false,51.856906,4.662798,"injury","2","clear",false,1,"GM0482"
"20220109998",2022,"Uitsluitend materiele schade",2,"Fiets","Personenauto","Flank","Kruispunt, 3 takken",\N,"Niet brandend","Daglicht","Droog",\N,\N,"Wildemanstraat","Oisterwijk","Oisterwijk","Noord-Brabant",false,51.577169,5.191424,"material damage only","4","clear",false,1,"GM0824"
"20220038984",2022,"Uitsluitend materiele schade",3,"Personenauto","Fiets","Vast voorwerp","Bocht",60,"Brandend","Duisternis","Droog",\N,"334186003","Broek","Mariahout","Laarbeek","Noord-Brabant",false,51.527699,5.564432,"material damage only","4","clear",false,1,"GM1659"
"20220051995",2022,"Letsel",2,"Fiets","Personenauto","Flank","Kruispunt, 4 takken",30,"Niet brandend","Daglicht","Droog",\N,\N,"Flamingolaan","Andijk","Medemblik","Noord-Holland",false,52.744646,5.215214,"injury","2","clear",false,1,"GM0420"
"20220068100",2022,"Uitsluitend materiele schade",2,"Fiets","Fiets","Flank","Rechte weg",30,"Niet brandend","Daglicht","Droog",\N,"316146010","Bergstraat","Valkenswaard","Valkenswaard","Noord-Brabant",false,51.349781,5.435284,"material damage only","4","clear",false,1,"GM0858"
"20220073195",2022,"Uitsluitend materiele schade",2,"Fiets","Personenauto","Flank","Kruispunt, 3 takken",30,"Niet brandend","Daglicht","Regen",\N,\N,"Oosterweg","Wijchen","Wijchen","Gelderland",false,51.80195,5.73731,"material damage only","4","rain",false,1,"GM0296"
"20220112245",2022,"Uitsluitend materiele schade",2,"Bromfiets","Fiets","Frontaal","Rechte weg",30,"Brandend","Duisternis","Droog",\N,"321170049","Fluwijnstraat","Eindhoven","Eindhoven","Noord-Brabant",false,51.455654,5.467153,"material damage only","4","clear",false,1,"GM0772"
"20220075988",2022,"Letsel",2,"Bromfiets","Fiets","Onbekend","Rotonde",50,"Niet brandend","Daglicht","Regen",\N,\N,"Vincent van Goghstraat","Ede","Ede","Gelderland",false,52.024923,5.660145,"injury","2","rain",false,1,"GM0228"
"20220035330",2022,"Letsel",2,"Personenauto","Fiets","Flank","Rotonde",50,"Niet brandend","Duisternis","Droog",\N,\N,"J.P. Grootstraat","Purmerend","Purmerend","Noord-Holland",false,52.506855,4.967329,"injury","2","clear",false,1,"GM0439"
"20220039072",2022,"Letsel",2,"Personenauto","e-bike","Flank","Kruispunt, 4 takken",50,"Niet brandend","Daglicht","Droog",\N,\N,"Schootsestraat","Schijndel","Meierijstad","Noord-Brabant",false,51.615934,5.434513,"injury","2","clear",false,1,"GM1948"
"20220050541",2022,"Uitsluitend materiele schade",2,"Bromfiets","Fiets","Flank","Kruispunt, 4 takken",\N,"Niet brandend","Daglicht","Droog",\N,\N,"Bunsinglaan","Zeist","Zeist","Utrecht",false,52.073167,5.250567,"material damage only","4","clear",false,1,"GM0355"
"20230000602",2023,"Letsel",2,"Personenauto","Fiets","Flank","Kruispunt, 3 takken",50,"Niet brandend","Daglicht","Droog",\N,\N,"Valkeniersdonk","Apeldoorn","Apeldoorn","Gelderland",false,52.193981,6.011174,"injury","2","clear",false,1,"GM0200"
"20230000929",2023,"Uitsluitend materiele schade",2,"Personenauto","Fiets","Flank","Kruispunt, 3 takken",30,"Niet brandend","Daglicht","Droog",\N,\N,"Kannenburg","Deventer","Deventer","Overijssel",false,52.2514,6.206021,"material damage only","4","clear",false,1,"GM0150"
"20230001291",2023,"Letsel",2,"Personenauto","Fiets","Flank","Kruispunt, 4 takken",50,"Niet brandend","Daglicht","Regen",\N,\N,"Henri Dunantlaan","Deventer","Deventer","Overijssel",false,52.262479,6.173465,"injury","2","rain",false,1,"GM0150"
"20230004145",2023,"Dodelijk",2,"Fiets","Bromfiets","Flank","Rechte weg",30,"Brandend","Duisternis","Droog",\N,\N,"Korte Reguliersdwstr","Amsterdam","Amsterdam","Noord-Holland",true,52.366271,4.895858,"fatal","1","clear",false,1,"GM0363"
"20230008075",2023,"Uitsluitend materiele schade",2,"Bromfiets","Fiets","Flank","Rechte weg",50,"Niet brandend","Daglicht","Regen",\N,\N,"Julianapark","Tilburg","Tilburg","Noord-Brabant",false,51.576734,5.08414,"material damage only","4","rain",false,1,"GM0855"
"20230008269",2023,"Letsel",2,"Personenauto","Fiets","Flank","Rechte weg",30,"Niet brandend","Daglicht","Droog",\N,"177279074","Delftweg","Rotterdam","Rotterdam","Zuid-Holland",false,51.941413,4.421486,"injury","2","clear",false,1,"GM0599"
"20230058224",2023,"Letsel",1,"Fiets",\N,"Eenzijdig",\N,\N,\N,"Daglicht",\N,\N,"142298049","Heijdseweg","Monster","Westland","Zuid-Holland",false,52.025492,4.168842,"injury","2","unknown",false,1,"GM1783"