"accident_id","year","severity_raw","party_count","party1_type","party2_type","accident_type","road_situation","speed_limit_kmh","road_lighting","light_condition_label","weather_raw","infra_type","road_segment_id","street_name","place_name","gemeente_name_raw","province","alcohol_indicated","latitude","longitude","severity_label","severity_code","weather_label","built_up_area","cyclists_involved","gemeente_code"
"20220162722",2022,"Uitsluitend materiele schade",2,"Personenauto","Fiets","Geparkeerd voertuig","Rechte weg",50,"Niet brandend","Daglicht","Droog","Parkeervoorziening","359572058","Langebuorren","Stiens","Leeuwarden","Friesland",false,53.260933,5.759283,"material damage only","4","clear",false,1,"GM0080"
"20220186067",2022,"Uitsluitend materiele schade",2,"e-bike","Scootmobiel","Flank","Kruispunt, 3 takken",30,"Niet brandend","Daglicht","Droog",\N,\N,"Opril Grote Markt","Goes","Goes","Zeeland",false,51.505118,3.889585,"material damage only","4","clear",false,1,"GM0664"
"20220197856",2022,"Letsel",2,"Personenauto","Fiets","Flank","Kruispunt, 4 takken",50,"Niet brandend","Daglicht","Droog",\N,\N,"Ratumsestraat","Winterswijk","Winterswijk","Gelderland",false,51.971954,6.724068,"injury","2","clear",false,1,"GM0294"
"20220140799",2022,"Letsel",2,"Bestelauto","Fiets","Flank","Kruispunt, 4 takken",50,"Niet brandend","Daglicht","Droog",\N,\N,"Schinkelwaard","Alkmaar","Alkmaar","Noord-Holland",false,52.642341,4.762894,"injury","2","clear",false,1,"GM0361"
"20220140813",2022,"Letsel",1,"e-bike",\N,"Eenzijdig","Rechte weg",80,"Niet aanwezig","Daglicht","Droog",\N,"600572496","FIETSPAD","De Cocksdorp","Texel","Noord-Holland",false,53.144385,4.83251,"injury","2","clear",false,1,"GM0448"
"20220142230",2022,"Uitsluitend materiele schade",2,"Bromfiets","Fiets","Onbekend",\N,30,\N,"Daglicht",\N,\N,"600920728","Julianaplein","Amsterdam","Amsterdam","Noord-Holland",false,52.346907,4.919188,"material damage only","4","unknown",false,1,"GM0363"
"20220158712",2022,"Letsel",1,"Fiets",\N,"Eenzijdig","Rechte weg",50,"Brandend","Duisternis","Droog",\N,\N,"Hogezoom","Renesse","Schouwen-Duiveland","Zeeland",false,51.729614,3.77,"injury","2","clear",false,1,"GM1676"
"20220160245",2022,"Letsel",1,"e-bike",\N,"Eenzijdig","Rechte weg",80,"Niet aanwezig","Daglicht","Droog",\N,"361236001","Vegetasscheweg","Escharen","Land van Cuijk","Noord-Brabant",false,51.750318,5.760233,"injury","2","clear",false,1,"GM1982"
"20220168697",2022,"Letsel",2,\N,"Fiets","Eenzijdig","Kruispunt, 3 takken",60,"Niet brandend","Daglicht","Droog",\N,\N,"Ravensweerdsweg","Gorssel","Lochem","Gelderland",false,52.201033,6.187105,"injury","2","clear",false,1,"GM0262"
"20220172421",2022,"Letsel",2,"Bus","Fiets","Flank","Kruispunt, 4 takken",50,"Niet aanwezig","Daglicht","Droog",\N,\N,"St.-Jacobsstraat","Utrecht","Utrecht","Utrecht",false,52.094751,5.114411,"injury","2","clear",false,1,"GM0344"
"20220178271",2022,"Uitsluitend materiele schade",2,"Snorfiets","Fiets","Flank","Kruispunt, 3 takken",\N,"Niet aanwezig","Daglicht","Droog",\N,\N,"Meer en Vaart","Amsterdam","Amsterdam","Noord-Holland",false,52.360514,4.806922,"material damage only","4","clear",false,1,"GM0363"
"20220181140",2022,"Letsel",1,"Fiets",\N,"Eenzijdig",\N,30,\N,"Daglicht",\N,\N,"148291082","Rossini","Naaldwijk","Westland","Zuid-Holland",false,51.993546,4.214129,"injury","2","unknown",false,1,"GM1783"
"20220198740",2022,"Uitsluitend materiele schade",2,"e-bike","Trekker","Flank","Kruispunt, 3 takken",60,"Niet brandend","Daglicht","Droog",\N,\N,"Rammelbeekweg","Denekamp","Dinkelland","Overijssel",false,52.401522,7.033477,"material damage only","4","clear",false,1,"GM1774"
"20220129652",2022,"Letsel",2,"Bestelauto","Fiets","Flank","Kruispunt, 4 takken",60,"Niet brandend","Daglicht","Droog",\N,\N,"Zoomweg","Bergen op Zoom","Bergen op Zoom","Noord-Brabant",false,51.487731,4.372713,"injury","2","clear",false,1,"GM0748"
"20220167441",2022,"Letsel",1,"Fiets",\N,"Eenzijdig",\N,60,\N,"Daglicht",\N,\N,"600846043","Imbos","Loenen","Apeldoorn","Gelderland",false,52.087869,6.012863,"injury","2","unknown",false,1,"GM0200"
"20220169909",2022,"Uitsluitend materiele schade",2,"Personenauto","e-bike","Flank","Kruispunt, 4 takken",80,"Niet brandend","Daglicht","Droog",\N,\N,"Gaanderenseweg","Doetinchem","Doetinchem","Gelderland",false,51.942281,6.31409,"material damage only","4","clear",false,1,"GM0222"
"20220195508",2022,"Uitsluitend materiele schade",1,"Fiets",\N,"Eenzijdig","Kruispunt, 3 takken",30,"Brandend","Duisternis","Droog",\N,\N,"Ordermolenweg","Apeldoorn","Apeldoorn","Gelderland",false,52.197107,5.926787,"material damage only","4","clear",false,1,"GM0200"
"20220195807",2022,"Uitsluitend materiele schade",2,"Personenauto","Fiets","Flank","Kruispunt, 4 takken",30,"Niet brandend","Daglicht","Droog",\N,\N,"De Boshoek","Hardenberg","Hardenberg","Overijssel",false,52.569625,6.591285,"material damage only","4","clear",false,1,"GM0160"
"20220132447",2022,"Letsel",2,"Personenauto","Fiets","Geparkeerd voertuig","Rechte weg",30,"Niet brandend","Daglicht","Droog","Parkeervoorziening","354030015","Oude Maasstraat","Maastricht","Maastricht","Limburg",false,50.826786,5.705111,"injury","2","clear",false,1,"GM0935"
"20220142410",2022,"Letsel",2,"Motor","Fiets","Flank","Kruispunt, 4 takken",50,"Niet brandend","Daglicht","Droog",\N,\N,"Haarlemmerweg","Amsterdam","Amsterdam","Noord-Holland",false,52.385456,4.874981,"injury","2","clear",false,1,"GM0363"
"20220152208",2022,"Uitsluitend materiele schade",2,"Motor","Fiets","Flank","Rechte weg",50,"Niet brandend","Daglicht","Droog",\N,\N,"Stationsweg","Groningen","Groningen","Groningen",false,53.211782,6.563662,"material damage only","4","clear",false,1,"GM0014"
"20220172551",2022,"Uitsluitend materiele schade",2,"Snorfiets","Fiets","Frontaal","Kruispunt, 3 takken",\N,"Niet brandend","Daglicht","Droog",\N,\N,"FIETSPAD","Nieuwegein","Nieuwegein","Utrecht",false,52.028837,5.086587,"material damage only","4","clear",false,1,"GM0356"
"20220180588",2022,"Letsel",2,"Fiets","Personenauto","Flank","Kruispunt, 4 takken",60,"Niet brandend","Daglicht","Droog",\N,\N,"Molenbroeklaan","Honselersdijk","Westland","Zuid-Holland",false,52.002703,4.237189,"injury","2","clear",false,1,"GM1783"
"20220195903",2022,"Letsel",2,"Bestelauto","Fiets","Flank","Rechte weg",50,"Niet brandend","Daglicht","Droog",\N,"344368076","Anne Franklaan","Harderwijk","Harderwijk","Gelderland",false,52.342953,5.642498,"injury","2","clear",false,1,"GM0243"
"20220146044",2022,"Uitsluitend materiele schade",2,"Bestelauto","Fiets","Flank","Rechte weg",50,"Niet brandend","Daglicht","Droog",\N,"600730806","Beethovenlaan","Bergschenhoek","Lansingerland","Zuid-Holland",false,51.988595,4.502127,"material damage only","4","clear",false,1,"GM1621"
"20220152236",2022,"Letsel",3,"Personenauto","Fiets","Flank","Kruispunt, 3 takken",50,"Niet brandend","Daglicht","Droog",\N,\N,"Tussenklappen Westzijde","Muntendam","Midden-Groningen","Groningen",false,53.13944,6.867973,"injury","2","clear",false,1,"GM1952"
"20220169033",2022,"Letsel",2,"e-bike","Vrachtauto","Kop/staart","Rechte weg",30,"Niet aanwezig","Daglicht","Droog",\N,"411471009","Hooilandenallee","Steenwijk","Steenwijkerland","Overijssel",false,52.804794,6.138275,"injury","2","clear",false,1,"GM1708"
"20220173873",2022,"Letsel",1,"Fiets",\N,"Eenzijdig","Rechte weg",30,"Niet aanwezig","Daglicht","Droog","Brug/viaduct","252425006","Zomerdijk","Oudendijk","Koggenland","Noord-Holland",false,52.603747,4.958944,"injury","2","clear",false,1,"GM1598"
"20220194505",2022,"Letsel",3,"Personenauto","e-bike","Onbekend","Kruispunt, 4 takken",30,"Brandend","Duisternis","Regen",\N,\N,"Continentenlaan","Stadskanaal","Stadskanaal","Groningen",false,52.991543,6.949523,"injury","2","rain",false,1,"GM0037"
"20220121105",2022,"Uitsluitend materiele schade",2,"Bestelauto","Fiets","Onbekend","Kruispunt, 4 takken",30,"Niet brandend","Daglicht","Droog",\N,\N,"Fransepad","Blaricum","Blaricum","Noord-Holland",false,52.272623,5.248159,"material damage only","4","clear",false,1,"GM0376"
"20220123807",2022,"Letsel",2,"e-bike","Personenauto","Onbekend","Kruispunt, 3 takken",30,"Niet brandend","Daglicht","Droog",\N,\N,"De Flinesstraat","Amsterdam-Duivendrecht","Ouder-Amstel","Noord-Holland",false,52.326518,4.928939,"injury","2","clear",false,1,"GM0437"
"20220159175",2022,"Letsel",2,"Motor","Fiets","Flank","Kruispunt, 4 takken",30,"Niet brandend","Daglicht","Droog",\N,\N,"HAAGPOORTBRUG","Breda","Breda","Noord-Brabant",false,51.585779,4.763142,"injury","2","clear",false,1,"GM0758"
"20220183532",2022,"Uitsluitend materiele schade",2,"Personenauto","Fiets","Flank","Rotonde",50,"Niet brandend","Daglicht","Droog",\N,\N,"President Rooseveltweg","Rotterdam","Rotterdam","Zuid-Holland",false,51.959795,4.552482,"material damage only","4","clear",false,1,"GM0599"
"20220186505",2022,"Letsel",2,"Bromfiets","Fiets","Frontaal","Rechte weg",50,"Niet brandend","Daglicht","Droog",\N,"600773921","Veensesteeg","Veen","Altena","Noord-Brabant",false,51.773148,5.084177,"injury","2","clear",false,1,"GM1959"
"20220121154",2022,"Uitsluitend materiele schade",2,"Bromfiets","Fiets","Onbekend","Rotonde",50,"Niet brandend","Daglicht","Droog",\N,\N,"Straatweg","Maarssen","Stichtse Vecht","Utrecht",false,52.137705,5.038235,"material damage only","4","clear",false,1,"GM1904"
"20220123932",2022,"Uitsluitend materiele schade",3,"Personenauto","Fiets","Onbekend","Rechte weg",50,"Niet brandend","Daglicht","Droog",\N,"241382027","Computerweg","Amsterdam","Amsterdam","Noord-Holland",false,52.408945,4.887217,"material damage only","4","clear",false,1,"GM0363"
"20220132778",2022,"Uitsluitend materiele schade",2,"Bromfiets","Fiets","Flank","Rechte weg",50,"Brandend","Daglicht","Droog",\N,"353036080","Franciscus Romanusweg","Maastricht","Maastricht","Limburg",false,50.852818,5.698463,"material damage only","4","clear",false,1,"GM0935"
"20220136475",2022,"Letsel",2,"Personenauto","Fiets","Flank","Kruispunt, 3 takken",\N,"Niet brandend","Daglicht","Droog",\N,\N,"Brittanniëlaan","Hengelo","Hengelo (O)","Overijssel",false,52.29273,6.776752,"injury","2","clear",false,1,\N
"20220136491",2022,"Letsel",2,"Bromfiets","e-bike","Flank","Kruispunt, 4 takken",50,"Niet brandend","Daglicht","Droog",\N,\N,"Rosendaalsestraat","Arnhem","Arnhem","Gelderland",false,51.991898,5.931384,"injury","2","clear",false,1,"GM0202"
"20220141234",2022,"Uitsluitend materiele schade",3,"Personenauto","Fiets","Flank","Kruispunt, 3 takken",50,"Niet brandend","Daglicht",\N,\N,\N,"Middenweg","Aalsmeer","Aalsmeer","Noord-Holland",false,52.272578,4.775176,"material damage only","4","unknown",false,1,"GM0358"
"20220146112",2022,"Uitsluitend materiele schade",3,"Fiets","Fiets","Los voorwerp","Rechte weg",50,"Niet brandend","Daglicht","Droog",\N,"140227001","Zuiddijk","Nieuwe-Tonge","Goeree-Overflakkee","Zuid-Holland",false,51.709976,4.162046,"material damage only","4","clear",false,1,"GM1924"
"20220146122",2022,"Uitsluitend materiele schade",1,"Fiets",\N,"Onbekend","Rechte weg",50,"Niet brandend","Daglicht","Droog","Tunnel","147270018","DAMMEWEG","Vierpolders","Voorne aan Zee","Zuid-Holland",false,51.900587,4.209591,"material damage only","4","clear",false,1,"GM1992"
"20220159244",2022,"Letsel",1,"Fiets",\N,"Eenzijdig",\N,\N,\N,"Daglicht",\N,\N,"82235002","Oude Hoevepad","Burgh-Haamstede","Schouwen-Duiveland","Zeeland",false,51.732402,3.728048,"injury","2","unknown",false,1,"GM1676"
"20220172808",2022,"Letsel",2,"Bestelauto","e-bike","Flank","Rotonde",50,"Niet brandend","Daglicht","Droog",\N,\N,"Rijksstraatweg","Elst Ut","Rhenen","Utrecht",false,51.982494,5.505989,"injury","2","clear",false,1,"GM0340"
"20220183659",2022,"Letsel",2,"Personenauto","Fiets","Flank","Kruispunt, 3 takken",50,"Niet brandend","Daglicht","Regen",\N,\N,"Pannerdenstraat","Rotterdam","Rotterdam","Zuid-Holland",false,51.887955,4.458586,"injury","2","rain",false,1,"GM0599"
"20220191537",2022,"Letsel",2,"Motor","e-bike","Flank","Rechte weg",80,"Niet aanwezig","Daglicht","Droog",\N,"600865141","Westerstukkenweg","Langelo","Noordenveld","Drenthe",false,53.090292,6.424377,"injury","2","clear",false,1,"GM1699"
"20220191668",2022,"Letsel",2,"e-bike","Fiets","Kop/staart","Rechte weg",30,"Brandend","Duisternis","Droog",\N,"600175708","HEREBRUG","Groningen","Groningen","Groningen",true,53.212765,6.570041,"injury","2","clear",false,1,"GM0014"
"20220125300",2022,"Letsel",1,"Fiets",\N,"Eenzijdig","Rechte weg",30,"Niet brandend","Daglicht","Regen",\N,"600727445","Rhijngeesterstraatweg","Oegstgeest","Oegstgeest","Zuid-Holland",false,52.180753,4.465334,"injury","2","rain",false,1,"GM0579"
"20220137428",2022,"Uitsluitend materiele schade",2,"Personenauto","Fiets","Kop/staart","Kruispunt, 4 takken",50,"Niet brandend","Daglicht","Droog",\N,\N,"Kamperstraat","Zwolle","Zwolle","Overijssel",false,52.511964,6.088194,"material damage only","4","clear",false,1,"GM0193"
"20220145312",2022,"Uitsluitend materiele schade",2,"Personenauto","Fiets","Geparkeerd voertuig","Rechte weg",50,"Niet brandend","Daglicht","Droog","Parkeervoorziening","185305057","Belvédèrebos","Zoetermeer","Zoetermeer","Zuid-Holland",false,52.0582,4.476364,"material damage only","4","clear",false,1,"GM0637"
"20220160663",2022,"Uitsluitend materiele schade",2,"Personenauto","Fiets","Flank","Kruispunt, 4 takken",50,"Niet brandend","Daglicht","Droog",\N,\N,"Jagerstraat","Roermond","Roermond","Limburg",false,51.192637,6.022786,"material damage only","4","clear",false,1,"GM0957"
"20220162086",2022,"Letsel",2,"Bus","Fiets","Flank","Bocht",50,"Niet brandend","Daglicht","Regen",\N,\N,"Boterdiep","Groningen","Groningen","Groningen",false,53.226092,6.561741,"injury","2","rain",false,1,"GM0014"
"20220191577",2022,"Letsel",2,"Personenauto","Fiets","Onbekend","Kruispunt, 3 takken",50,"Niet brandend","Daglicht","Droog",\N,\N,"Friesestraatweg","Groningen","Groningen","Groningen",false,53.214818,6.549835,"injury","2","clear",false,1,"GM0014"
"20220115619",2022,"Letsel",2,"e-bike","Personenauto","Flank","Rotonde",30,"Niet brandend","Daglicht","Droog",\N,\N,"Gedempte Pol","Sneek","Súdwest-Fryslân","Friesland",false,53.033763,5.661183,"injury","2","clear",false,1,"GM1900"
"20220122847",2022,"Uitsluitend materiele schade",1,"Fiets",\N,"Voetganger","Rechte weg",50,"Niet brandend","Daglicht","Droog",\N,"212343002","Leimuiderdijk","Burgerveen","Haarlemmermeer","Noord-Holland",false,52.235087,4.677229,"material damage only","4","clear",false,1,"GM0394"
"20220128734",2022,"Uitsluitend materiele schade",1,"Fiets",\N,"Frontaal","Rechte weg",30,"Niet brandend","Daglicht","Droog",\N,"167255082","Gaddijk","Spijkenisse","Nissewaard","Zuid-Holland",false,51.832592,4.352357,"material damage only","4","clear",false,1,"GM1930"
"20220131673",2022,"Letsel",2,"Trekker","Fiets","Flank","Kruispunt, 3 takken",50,"Niet brandend","Daglicht","Droog",\N,\N,"Wekkerstraat","Eindhoven","Eindhoven","Noord-Brabant",false,51.435179,5.429774,"injury","2","clear",false,1,"GM0772"
"20220135629",2022,"Letsel",2,"Fiets","Fiets","Frontaal","Kruispunt, 4 takken",30,"Niet brandend","Daglicht","Droog",\N,\N,"Rietdekkersdreef","Apeldoorn","Apeldoorn","Gelderland",false,52.195365,5.98377,"injury","2","clear",false,1,"GM0200"
"20220145358",2022,"Letsel",2,"Personenauto","Fiets","Onbekend",\N,50,\N,"Daglicht",\N,\N,"600719358","Buitenhofdreef","Delft","Delft","Zuid-Holland",false,51.998487,4.344148,"injury","2","unknown",false,1,"GM0503"
"20220146242",2022,"Letsel",2,"Personenauto","Fiets","Onbekend","Rotonde",50,"Niet brandend","Daglicht",\N,\N,\N,"Burg Meineszplein","Rotterdam","Rotterdam","Zuid-Holland",false,51.919554,4.448668,"injury","2","unknown",false,1,"GM0599"
"20220152417",2022,"Letsel",2,"Fiets","Fiets","Flank","Rechte weg",30,"Niet brandend","Daglicht","Droog",\N,\N,"De Elzen","Koekange","De Wolden","Drenthe",false,52.699208,6.315282,"injury","2","clear",false,1,"GM1690"
"20220154291",2022,"Letsel",2,"Personenauto","Fiets","Flank","Kruispunt, 3 takken",50,"Niet brandend","Daglicht","Droog",\N,\N,"Drechterwaard","Alkmaar","Alkmaar","Noord-Holland",false,52.641081,4.746242,"injury","2","clear",false,1,"GM0361"
"20220187875",2022,"Letsel",2,"e-bike","Personenauto","Flank","Kruispunt, 4 takken",50,"Niet brandend","Daglicht","Droog",\N,\N,"Oude Rijksweg","Helvoirt","Vught","Noord-Brabant",false,51.630525,5.237872,"injury","2","clear",false,1,"GM0865"
"20220193546",2022,"Letsel",1,"Fiets",\N,"Eenzijdig",\N,30,"Niet brandend","Daglicht","Droog",\N,"600933850","Continentenlaan","Stadskanaal","Stadskanaal","Groningen",false,52.990317,6.95359,"injury","2","clear",false,1,"GM0037"
"20220117591",2022,"Uitsluitend materiele schade",2,"Snorfiets","Fiets","Frontaal","Kruispunt, 4 takken",\N,"Niet brandend","Daglicht","Droog",\N,\N,"Gasthuisstraat","Barneveld","Barneveld","Gelderland",false,52.143944,5.588906,"material damage only","4","clear",false,1,"GM0203"
"20220126480",2022,"Letsel",3,"Personenauto","e-bike","Onbekend","Rotonde",50,"Niet aanwezig","Daglicht","Droog",\N,\N,"Beresteinlaan","'s-Gravenhage","'s-Gravenhage","Zuid-Holland",false,52.034129,4.265584,"injury","2","clear",false,1,"GM0518"
"20220144259",2022,"Letsel",1,"Fiets",\N,"Eenzijdig",\N,60,\N,"Daglicht",\N,\N,"600723948","Hogeboomseweg","Wassenaar","Wassenaar","Zuid-Holland",false,52.1559,4.419489,"injury","2","unknown",false,1,"GM0629"
"20220150181",2022,"Letsel",2,"Fiets","Los voorwerp","Los voorwerp","Rechte weg",30,"Niet aanwezig","Duisternis","Droog",\N,"319150007","Past. Heerkensdreef","Valkenswaard","Valkenswaard","Noord-Brabant",false,51.366694,5.455089,"injury","2","clear",false,1,"GM0858"
"20220153370",2022,"Letsel",2,"Personenauto","Fiets","Flank","Rotonde",50,"Brandend","Schemer","Droog",\N,\N,"Batavierenweg","Arnhem","Arnhem","Gelderland",false,51.945149,5.862166,"injury","2","clear",false,1,"GM0202"
"20220174249",2022,"Uitsluitend materiele schade",2,"Personenauto","Fiets","Flank","Rotonde",50,"Niet brandend","Daglicht","Droog",\N,\N,"Oosttangent","Heerhugowaard","Dijk en Waard","Noord-Holland",false,52.656179,4.838497,"material damage only","4","clear",false,1,"GM1980"
"20220192082",2022,"Letsel",2,"Fiets","Fiets","Frontaal","Rechte weg",30,"Niet brandend","Daglicht","Droog",\N,"461566017","Briljantstraat","Groningen","Groningen","Groningen",false,53.23096,6.52492,"injury","2","clear",false,1,"GM0014"
"20220192356",2022,"Letsel",2,"Personenauto","Fiets","Flank","Kruispunt, 4 takken",50,"Niet brandend","Daglicht","Droog",\N,\N,"Granpré Molièreweg","Groningen","Groningen","Groningen",false,53.244502,6.5782,"injury","2","clear",false,1,"GM0014"
"20220193201",2022,"Uitsluitend materiele schade",2,"Personenauto","Fiets","Flank","Rechte weg",30,"Niet brandend","Daglicht","Droog",\N,"600537705","Hoofdkanaal WZ","Emmer-Compascuum","Emmen","Drenthe",false,52.81226,7.048028,"material damage only","4","clear",false,1,"GM0114"
"20220128823",2022,"Uitsluitend materiele schade",2,"Personenauto","Fiets","Flank","Kruispunt, 3 takken",30,"Niet brandend","Daglicht","Droog",\N,\N,"Cervantesstraat","Rotterdam","Rotterdam","Zuid-Holland",false,51.873081,4.529491,"material damage only","4","clear",false,1,"GM0599"
"20220136713",2022,"Uitsluitend materiele schade",2,"Bestelauto","Fiets","Flank","Rotonde",30,"Niet brandend","Daglicht","Droog",\N,\N,"Marinus Postlaan","Kampen","Kampen","Overijssel",false,52.555215,5.897237,"material damage only","4","clear",false,1,"GM0166"
"20220154461",2022,"Uitsluitend materiele schade",2,"Fiets","Personenauto","Flank","Rechte weg",50,"Niet brandend","Daglicht","Droog",\N,"600737135","Leeuwerikenlaan","Aerdenhout","Bloemendaal","Noord-Holland",false,52.36172,4.585379,"material damage only","4","clear",false,1,"GM0377"
"20220160826",2022,"Letsel",2,"Bromfiets","Fiets","Frontaal","Rechte weg",30,"Niet brandend","Daglicht","Regen",\N,"417152030","Garnizoenweg","Venlo","Venlo","Limburg",false,51.372491,6.159251,"injury","2","rain",false,1,"GM0983"
"20220196419",2022,"Uitsluitend materiele schade",2,"Fiets","Personenauto","Kop/staart","Rechte weg",50,"Niet brandend","Daglicht","Droog",\N,"600886175","Zandhorstlaan","Oldenzaal","Oldenzaal","Overijssel",false,52.316575,6.902225,"material damage only","4","clear",false,1,"GM0173"
"20220196435",2022,"Letsel",2,"Personenauto","Fiets","Onbekend","Rechte weg",30,"Niet brandend","Daglicht","Droog",\N,"600393190","Vlamoven","Arnhem","Arnhem","Gelderland",false,51.975298,5.956034,"injury","2","clear",false,1,"GM0202"
"20220155711",2022,"Uitsluitend materiele schade",2,"Personenauto","e-bike","Flank","Kruispunt, 4 takken",50,"Brandend","Duisternis",\N,\N,\N,"Prins Hendrikkade","Amsterdam","Amsterdam","Noord-Holland",false,52.377041,4.8985,"material damage only","4","unknown",false,1,"GM0363"
"20220168238",2022,"Letsel",3,"Personenauto","Fiets","Onbekend","Kruispunt, 4 takken",50,"Niet brandend","Daglicht","Droog",\N,\N,"Sloetsweg","Hengelo","Hengelo (O)","Overijssel",false,52.274271,6.798138,"injury","2","clear",false,1,\N
"20220188196",2022,"Uitsluitend materiele schade",2,"Personenauto","Fiets","Frontaal","Bocht",15,"Niet brandend","Daglicht","Droog",\N,"360158052","Wolfsplein","Asten","Asten","Noord-Brabant",false,51.399694,5.751352,"material damage only","4","clear",false,1,"GM0743"
"20220197478",2022,"Letsel",2,"e-bike","Personenauto","Flank","Rotonde",50,"Niet brandend","Daglicht","Droog",\N,\N,"Burg van Diepeningenlaan","Barneveld","Barneveld","Gelderland",false,52.126873,5.587575,"injury","2","clear",false,1,"GM0203"
"20220197488",2022,"Letsel",2,"Personenauto","Fiets","Flank","Kruispunt, 3 takken",50,"Niet brandend","Daglicht","Droog",\N,\N,"Musschenbroekstraat","Apeldoorn","Apeldoorn","Gelderland",false,52.228858,5.971991,"injury","2","clear",false,1,"GM0200"
"20220120371",2022,"Letsel",2,"Personenauto","e-bike","Flank","Kruispunt, 3 takken",60,"Niet brandend","Daglicht","Droog",\N,\N,"Kanaaldijk Zuid","Schalkwijk","Houten","Utrecht",false,52.00516,5.185069,"injury","2","clear",false,1,"GM0321"
"20220125705",2022,"Uitsluitend materiele schade",1,"Fiets",\N,"Eenzijdig","Rechte weg",30,"Niet brandend","Daglicht","Droog",\N,"173284019","Rotterdamseweg","Schipluiden","Midden-Delfland","Zuid-Holland",false,51.963249,4.393455,"material damage only","4","clear",false,1,"GM1842"
"20220141834",2022,"Uitsluitend materiele schade",2,"Personenauto","Fiets","Flank","Kruispunt, 3 takken",50,"Brandend","Duisternis","Droog",\N,\N,"Pieter Calandlaan","Amsterdam","Amsterdam","Noord-Holland",false,52.356179,4.825212,"material damage only","4","clear",false,1,"GM0363"
"20240086765",2024,"Letsel",2,"Fiets","Fiets","Onbekend","Rechte weg",\N,"Brandend","Duisternis","Droog",\N,"600742665","Rijksstraatweg","Haarlem","Haarlem","Noord-Holland",false,52.399606,4.644424,"injury","2","clear",false,1,"GM0392"
"20240088736",2024,"Letsel",2,"Fiets","Snorfiets","Flank","Kruispunt, 3 takken",60,"Niet aanwezig","Daglicht","Droog",\N,\N,"Schieweg","Delft","Delft","Zuid-Holland",false,51.972983,4.385353,"injury","2","clear",false,1,"GM0503"
"20240090023",2024,"Letsel",2,"Personenauto","Fiets","Onbekend","Rechte weg",30,"Niet brandend","Daglicht","Droog",\N,\N,"Kaaistraat","Steenbergen","Steenbergen","Noord-Brabant",false,51.586555,4.31669,"injury","2","clear",false,1,"GM0851"
"20240098191",2024,"Letsel",1,"Fiets",\N,"Onbekend","Rechte weg",60,"Brandend","Duisternis","Droog",\N,"601093115","Jisperweg","Westbeemster","Purmerend","Noord-Holland",false,52.561182,4.891241,"injury","2","clear",false,1,"GM0439"
"20240076239",2024,"Letsel",2,"Personenauto","Fiets","Flank","Kruispunt, 3 takken",30,"Niet brandend","Daglicht","Droog",\N,\N,"Boekeloseweg","Hengelo","Hengelo (O)","Overijssel",false,52.255103,6.786743,"injury","2","clear",false,1,\N
"20240086806",2024,"Letsel",2,"Fiets","Voetganger","Voetganger","Rechte weg",80,"Niet brandend","Daglicht","Droog",\N,"600668227","Hilversumsestraatweg","Baarn","Baarn","Utrecht",false,52.205879,5.219957,"injury","2","clear",false,1,"GM0308"
"20240086815",2024,"Uitsluitend materiele schade",2,"Personenauto","Fiets","Flank","Rechte weg",\N,"Niet brandend","Daglicht","Droog",\N,"296316029","Kampweg","Soesterberg","Soest","Utrecht",false,52.113839,5.288737,"material damage only","4","clear",false,1,"GM0342"
"20240093446",2024,"Uitsluitend materiele schade",2,"Fiets","Personenauto","Flank","Rotonde",50,"Niet brandend","Daglicht","Droog",\N,\N,"Kierkamperweg","Bennekom","Ede","Gelderland",false,51.994659,5.668393,"material damage only","4","clear",false,1,"GM0228"
"20240097648",2024,"Letsel",2,"e-bike","Personenauto","Onbekend","Rechte weg",50,"Niet brandend","Daglicht","Droog",\N,"600639934","Meerzichtlaan","Zoetermeer","Zoetermeer","Zuid-Holland",false,52.054866,4.470926,"injury","2","clear",false,1,"GM0637"
"20240098517",2024,"Letsel",1,"Fiets",\N,"Eenzijdig","Rechte weg",50,"Niet brandend","Daglicht","Droog",\N,"204379042","Bloemendaalseweg","Overveen","Bloemendaal","Noord-Holland",false,52.394972,4.612362,"injury","2","clear",false,1,"GM0377"
"20240071459",2024,"Letsel",1,"Fiets",\N,"Onbekend",\N,30,\N,"Daglicht",\N,\N,\N,"Smalle Einde","Ouddorp","Goeree-Overflakkee","Zuid-Holland",false,51.806771,3.939807,"injury","2","unknown",false,1,"GM1924"
"20240083633",2024,"Uitsluitend materiele schade",2,"Fiets","Overig vast object","Vast voorwerp","Rechte weg",\N,"Niet aanwezig","Daglicht","Droog",\N,"600806048","Huisvenseweg","Heeze","Heeze-Leende","Noord-Brabant",false,51.386996,5.528822,"material damage only","4","clear",false,1,"GM1658"
"20240091387",2024,"Letsel",2,"Personenauto","Fiets","Flank","Rechte weg",50,"Niet brandend","Daglicht","Droog",\N,\N,"Merelstraat","Zwijndrecht","Zwijndrecht","Zuid-Holland",false,51.813563,4.61696,"injury","2","clear",false,1,"GM0642"
"20240092663",2024,"Uitsluitend materiele schade",2,"Snorfiets","Fiets","Frontaal","Rechte weg",50,"Niet brandend","Daglicht","Droog","Brug/viaduct","396107021","Heinsbergerweg","Roermond","Roermond","Limburg",false,51.171734,6.002273,"material damage only","4","clear",false,1,"GM0957"
"20240095127",2024,"Letsel",2,"Bestelauto","Fiets","Onbekend","Kruispunt, 4 takken",50,"Brandend","Schemer","Regen",\N,\N,"Mr Groen v Prinstererln","Assen","Assen","Drenthe",false,53.002547,6.563229,"injury","2","rain",false,1,"GM0106"