"accident_id","year","severity_raw","party_count","party1_type","party2_type","accident_type","road_situation","speed_limit_kmh","road_lighting","light_condition_label","weather_raw","infra_type","road_segment_id","street_name","place_name","gemeente_name_raw","province","alcohol_indicated","latitude","longitude","severity_label","severity_code","weather_label","built_up_area","cyclists_involved","gemeente_code"
"20240046715",2024,"Letsel",2,"Fiets","Personenauto","Flank","Kruispunt, 3 takken",30,"Niet brandend","Daglicht","Droog",\N,\N,"Vakwerkbrug","Arnhem","Arnhem","Gelderland",false,51.963206,5.843483,"injury","2","clear",false,1,"GM0202"
"20240078564",2024,"Letsel",2,"Personenauto","Fiets","Frontaal","Rechte weg",50,"Niet brandend","Daglicht","Droog",\N,\N,"Nachtegaallaan","Leiden","Leiden","Zuid-Holland",false,52.169664,4.468105,"injury","2","clear",false,1,"GM0546"
"20240088172",2024,"Letsel",2,"Fiets","Motor","Flank","Bocht",80,"Niet brandend","Daglicht","Droog",\N,\N,"FIETSPAD","'s-Gravenzande","Westland","Zuid-Holland",false,52.000286,4.142482,"injury","2","clear",false,1,"GM1783"
"20240089492",2024,"Uitsluitend materiele schade",2,"Personenauto","Fiets","Flank","Kruispunt, 3 takken",30,"Brandend","Duisternis","Droog",\N,\N,"De Boelelaan","Amsterdam","Amsterdam","Noord-Holland",false,52.335099,4.857888,"material damage only","4","clear",false,1,"GM0363"
"20240092702",2024,"Uitsluitend materiele schade",2,"Personenauto","Fiets","Kop/staart","Rechte weg",50,"Brandend","Duisternis","Regen",\N,"414157055","Floralaan","Venlo","Venlo","Limburg",false,51.397835,6.132255,"material damage only","4","rain",false,1,"GM0983"
"20240094671",2024,"Uitsluitend materiele schade",2,"Fiets","Fiets","Onbekend","Kruispunt, 4 takken",30,"Niet brandend","Daglicht","Droog",\N,\N,"Raapopseweg","Arnhem","Arnhem","Gelderland",false,51.98871,5.933155,"material damage only","4","clear",false,1,"GM0202"
"20240098577",2024,"Uitsluitend materiele schade",2,"Snorfiets","Fiets","Frontaal","Kruispunt, 3 takken",50,"Niet brandend","Daglicht","Droog",\N,\N,"Piet Heintunnel","Amsterdam","Amsterdam","Noord-Holland",false,52.372533,4.933945,"material damage only","4","clear",false,1,"GM0363"
"20240098595",2024,"Uitsluitend materiele schade",2,"Fiets","Bromfiets","Kop/staart","Rechte weg",30,"Brandend","Duisternis","Droog",\N,"232377023","Antony Moddermanstraat","Amsterdam","Amsterdam","Noord-Holland",false,52.383385,4.816437,"material damage only","4","clear",false,1,"GM0363"
"20240046117",2024,"Uitsluitend materiele schade",2,"Bestelauto","Fiets","Flank","Rechte weg",50,"Niet brandend","Daglicht","Droog",\N,\N,"Herfterlaan","Zwolle","Zwolle","Overijssel",false,52.508504,6.143603,"material damage only","4","clear",false,1,"GM0193"
"20240049113",2024,"Letsel",2,"Personenauto","Fiets","Voetganger","Rechte weg",30,"Niet brandend","Daglicht","Droog",\N,"268267040","Floris Radewijnszstraat","Leerdam","Vijfheerenlanden","Utrecht",false,51.891783,5.082999,"injury","2","clear",false,1,"GM1961"
"20240093548",2024,"Letsel",1,"Fiets",\N,"Onbekend","Rechte weg",80,"Brandend","Duisternis","Droog",\N,"600212435","Noordwal","Nes","Ameland","Friesland",false,53.447988,5.784344,"injury","2","clear",false,1,"GM0060"
"20240048558",2024,"Uitsluitend materiele schade",2,"Personenauto","Fiets","Flank","Kruispunt, 4 takken",30,"Niet brandend","Daglicht","Droog",\N,\N,"Paranádreef","Utrecht","Utrecht","Utrecht",false,52.116117,5.105022,"material damage only","4","clear",false,1,"GM0344"
"20240085638",2024,"Letsel",2,"Fiets",\N,"Flank","Kruispunt, 4 takken",50,"Niet brandend","Schemer","Droog",\N,\N,"Kanaalstraat","Enschede","Enschede","Overijssel",false,52.231313,6.84552,"injury","2","clear",false,1,"GM0153"
"20240087632",2024,"Letsel",2,"Scootmobiel","Fiets","Flank","Kruispunt, 4 takken",80,"Niet brandend","Daglicht","Droog",\N,\N,"Nieuwe Prinsenweg","Putten","Putten","Gelderland",false,52.248711,5.632797,"injury","2","clear",false,1,"GM0273"
"20240101840",2024,"Uitsluitend materiele schade",2,"Personenauto","Fiets","Onbekend","Bocht",30,"Niet brandend","Daglicht","Regen",\N,"600377252","Eikenboomgaard","Oss","Oss","Noord-Brabant",false,51.770921,5.526394,"material damage only","4","rain",false,1,"GM0828"
"20240101920",2024,"Uitsluitend materiele schade",2,"Personenauto","Fiets","Flank","Rechte weg",30,"Niet brandend","Daglicht","Droog",\N,"600856712","Hagerlei","Venlo","Venlo","Limburg",false,51.351827,6.165669,"material damage only","4","clear",false,1,"GM0983"
"20240043985",2024,"Letsel",1,"Fiets",\N,"Eenzijdig","Rechte weg",50,"Brandend","Duisternis","Droog",\N,"600801928","Mathildelaan","Eindhoven","Eindhoven","Noord-Brabant",false,51.44136,5.471589,"injury","2","clear",false,1,"GM0772"
"20240046181",2024,"Letsel",2,"Personenauto","Fiets","Flank","Kruispunt, 4 takken",50,"Niet brandend","Daglicht","Droog",\N,\N,"Krabbenbosweg","Hengelo","Hengelo (O)","Overijssel",false,52.260614,6.77529,"injury","2","clear",false,1,\N
"20240048594",2024,"Uitsluitend materiele schade",2,"Personenauto","Fiets","Flank","Kruispunt, 4 takken",30,"Niet brandend","Daglicht","Regen",\N,\N,"Catharijnesingel","Utrecht","Utrecht","Utrecht",false,52.089268,5.114738,"material damage only","4","rain",false,1,"GM0344"
"20240070968",2024,"Letsel",2,"Personenauto","Fiets","Flank","Kruispunt, 3 takken",50,"Niet brandend","Daglicht","Droog",\N,\N,"Laan van 't Haantje","Rijswijk","Rijswijk","Zuid-Holland",false,52.024029,4.344912,"injury","2","clear",false,1,\N
"20240085051",2024,"Letsel",2,"Personenauto","Fiets","Flank","Kruispunt, 3 takken",30,"Niet brandend","Daglicht","Regen",\N,\N,"Kronenburgersingel","Nijmegen","Nijmegen","Gelderland",false,51.846222,5.856286,"injury","2","rain",false,1,"GM0268"
"20240093340",2024,"Uitsluitend materiele schade",1,"Fiets",\N,"Onbekend","Rechte weg",30,"Niet brandend","Daglicht","Droog",\N,"600387674","Honingzoet","Borne","Borne","Overijssel",false,52.301951,6.768554,"material damage only","4","clear",false,1,"GM0147"
"20240093617",2024,"Letsel",3,"Fiets","Fiets","Los voorwerp","Rechte weg",60,"Niet brandend","Daglicht","Droog",\N,"276234006","Bergsche Maasdijk","Bern","Zaltbommel","Gelderland",false,51.746044,5.156163,"injury","2","clear",false,1,"GM0297"
"20240102572",2024,"Uitsluitend materiele schade",2,"Personenauto","Fiets","Flank","Rotonde",50,"Brandend","Duisternis","Droog",\N,\N,"Groenveldsingel","Venlo","Venlo","Limburg",false,51.360039,6.18011,"material damage only","4","clear",false,1,"GM0983"
"20240049848",2024,"Letsel",2,\N,"Fiets","Geparkeerd voertuig","Rechte weg",50,"Niet brandend","Daglicht","Droog",\N,"160299046","Sir Winston Churchillln","Rijswijk","Rijswijk","Zuid-Holland",false,52.029552,4.29837,"injury","2","clear",false,1,\N
"20240079305",2024,"Letsel",2,"Fiets","Fiets","Onbekend","Rechte weg",30,"Brandend","Duisternis","Droog",\N,"261443013","Nieuweweg","Wognum","Medemblik","Noord-Holland",false,52.683308,5.027383,"injury","2","clear",false,1,"GM0420"
"20240082530",2024,"Uitsluitend materiele schade",2,"Fiets","Personenauto","Flank","Kruispunt, 3 takken",30,"Niet brandend","Daglicht","Droog",\N,"600799642","Vasco da Gamastraat","Valkenswaard","Valkenswaard","Noord-Brabant",false,51.350466,5.451208,"material damage only","4","clear",false,1,"GM0858"
"20240050569",2024,"Letsel",2,"Fiets","Fiets","Flank","Rechte weg",50,"Niet brandend","Daglicht","Droog",\N,"600691396","Muzieklaan","Zoetermeer","Zoetermeer","Zuid-Holland",false,52.067974,4.470647,"injury","2","clear",false,1,"GM0637"
"20240077535",2024,"Uitsluitend materiele schade",2,"Fiets","Fiets","Flank","Kruispunt, 3 takken",30,"Niet brandend","Daglicht","Droog",\N,\N,"FIETSPAD","Zeist","Zeist","Utrecht",false,52.082212,5.219236,"material damage only","4","clear",false,1,"GM0355"
"20240084528",2024,"Uitsluitend materiele schade",2,"Personenauto","Fiets","Flank","Kruispunt, 3 takken",60,"Niet brandend","Daglicht","Droog",\N,\N,"Havikerwaard","De Steeg","Rheden","Gelderland",false,52.016637,6.064032,"material damage only","4","clear",false,1,"GM0275"
"20240086425",2024,"Uitsluitend materiele schade",2,"Bromfiets","e-bike","Flank","Kruispunt, 4 takken",50,"Niet brandend","Daglicht","Droog","Brug/viaduct",\N,"Duivenkamp","Maarssen","Stichtse Vecht","Utrecht",false,52.131793,5.031651,"material damage only","4","clear",false,1,"GM1904"
"20240090998",2024,"Letsel",2,"Personenauto","Fiets","Geparkeerd voertuig","Kruispunt, 4 takken",30,"Niet aanwezig","Daglicht","Droog",\N,\N,"Laan van Othene","Terneuzen","Terneuzen","Zeeland",false,51.323912,3.864661,"injury","2","clear",false,1,"GM0715"
"20240091620",2024,"Letsel",1,"Fiets",\N,"Onbekend","Rechte weg",80,"Niet aanwezig","Daglicht","Droog",\N,"600919401","Verlengde Bosweg","Noordwijk","Noordwijk","Zuid-Holland",false,52.256968,4.442887,"injury","2","clear",false,1,"GM0575"
"20240097018",2024,"Uitsluitend materiele schade",2,"Fiets","Fiets","Onbekend","Rechte weg",30,"Niet brandend","Daglicht","Droog",\N,"280339046","Gijsbrecht van Amstelstr","Hilversum","Hilversum","Noord-Holland",false,52.215935,5.16943,"material damage only","4","clear",false,1,"GM0402"
"20240073577",2024,"Uitsluitend materiele schade",2,"Bromfiets","Fiets","Onbekend","Rechte weg",30,"Niet brandend","Daglicht","Droog",\N,\N,"Torenhoekstraat","Berkel-Enschot","Tilburg","Noord-Brabant",false,51.577354,5.143592,"material damage only","4","clear",false,1,"GM0855"
"20240075907",2024,"Uitsluitend materiele schade",3,"Vrachtauto","Fiets","Eenzijdig","Rechte weg",50,"Niet brandend","Daglicht","Droog",\N,"378255038","Berg en Dalseweg","Nijmegen","Nijmegen","Gelderland",false,51.835306,5.888229,"material damage only","4","clear",false,1,"GM0268"
"20240087141",2024,"Letsel",1,"Fiets",\N,"Onbekend","Bocht",15,"Niet brandend","Daglicht","Droog",\N,\N,"Westerblokker","Blokker","Hoorn","Noord-Holland",false,52.654369,5.069189,"injury","2","clear",false,1,"GM0405"
"20240089106",2024,"Letsel",1,"Fiets",\N,"Flank","Kruispunt, 3 takken",50,"Niet brandend","Daglicht","Droog",\N,\N,"Zwaagdijk","Zwaagdijk-West","Medemblik","Noord-Holland",false,52.67861,5.064,"injury","2","clear",false,1,"GM0420"
"20240089750",2024,"Uitsluitend materiele schade",2,"Personenauto","Fiets","Flank","Kruispunt, 4 takken",50,"Niet brandend","Daglicht","Droog",\N,\N,"Zeelandweg-Oost","Steenbergen","Steenbergen","Noord-Brabant",false,51.58873,4.303138,"material damage only","4","clear",false,1,"GM0851"
"20240099108",2024,"Letsel",2,"Bromfiets","Fiets","Flank","Kruispunt, 4 takken",30,"Niet brandend","Daglicht","Droog",\N,\N,"Weesperzijde","Amsterdam","Amsterdam","Noord-Holland",false,52.34879,4.913036,"injury","2","clear",false,1,"GM0363"
"20240100407",2024,"Letsel",1,"Fiets",\N,"Onbekend","Rechte weg",50,"Niet brandend","Daglicht","Droog","Brug/viaduct","168296161","PLANTAGEBRUG","Delft","Delft","Zuid-Holland",false,52.018138,4.359006,"injury","2","clear",false,1,"GM0503"
"20240100861",2024,"Letsel",1,"e-bike",\N,"Onbekend","Rechte weg",30,"Niet brandend","Daglicht","Droog",\N,\N,"Brasserskade","Delft","Delft","Zuid-Holland",false,52.024684,4.355699,"injury","2","clear",false,1,"GM0503"
"20240049970",2024,"Letsel",1,"Fiets",\N,"Eenzijdig","Rechte weg",30,"Niet brandend","Daglicht","Droog",\N,"600993640","Thorbeckeplein","Alphen aan den Rijn","Alphen aan den Rijn","Zuid-Holland",false,52.13124,4.664034,"injury","2","clear",false,1,"GM0484"
"20240074242",2024,"Letsel",2,"Fiets","Bromfiets","Frontaal","Bocht",30,"Niet brandend","Daglicht","Droog",\N,"346183004","Kanaaldijk","Aarle-Rixtel","Laarbeek","Noord-Brabant",false,51.508301,5.652441,"injury","2","clear",false,1,"GM1659"
"20240095457",2024,"Letsel",2,"Bestelauto","Fiets","Flank","Rotonde",50,"Niet brandend","Daglicht","Droog",\N,\N,"De Zevenhoeven","Heemskerk","Heemskerk","Noord-Holland",false,52.510801,4.687347,"injury","2","clear",false,1,"GM0396"
"20240095969",2024,"Letsel",2,"Bromfiets","Fiets","Frontaal","Kruispunt, 3 takken",50,"Niet brandend","Daglicht","Droog",\N,\N,"Steigerpad","Almere","Almere","Flevoland",false,52.347847,5.219298,"injury","2","clear",false,1,"GM0034"
"20240096533",2024,"Uitsluitend materiele schade",2,"Personenauto","Fiets","Flank","Rotonde",50,"Brandend","Duisternis","Regen",\N,\N,"Europalaan","Hengelo","Hengelo (O)","Overijssel",false,52.280721,6.779127,"material damage only","4","rain",false,1,\N
"20240100749",2024,"Letsel",2,"Fiets","Fiets","Flank","Rechte weg",\N,"Niet brandend","Daglicht","Regen",\N,"601042079","Weijland","Nieuwerbrug aan den Rijn","Bodegraven-Reeuwijk","Zuid-Holland",false,52.086122,4.796241,"injury","2","rain",false,1,"GM1901"
"20240045135",2024,"Letsel",1,"Fiets",\N,"Onbekend","Rechte weg",50,"Niet brandend","Daglicht","Regen",\N,"338136005","Cranendonck","Soerendonk","Cranendonck","Noord-Brabant",false,51.304498,5.58947,"injury","2","rain",false,1,"GM1706"
"20240047019",2024,"Uitsluitend materiele schade",2,"Personenauto","Fiets","Flank","Bocht",50,"Niet brandend","Daglicht","Droog","Spoorwegovergang","389336054","1e Wormenseweg","Apeldoorn","Apeldoorn","Gelderland",false,52.201256,5.972834,"material damage only","4","clear",false,1,"GM0200"
"20240050041",2024,"Letsel",2,"Personenauto","Fiets","Flank","Kruispunt, 4 takken",30,"Niet brandend","Daglicht","Droog",\N,\N,"Frans Halskade","Rijswijk","Rijswijk","Zuid-Holland",false,52.050448,4.329417,"injury","2","clear",false,1,\N
"20240077654",2024,"Letsel",2,"Bestelauto","Fiets","Flank","Kruispunt, 4 takken",50,"Niet brandend","Daglicht","Droog",\N,\N,"Zwaaiplein","Veenendaal","Veenendaal","Utrecht",false,52.02855,5.559686,"injury","2","clear",false,1,"GM0345"
"20240079453",2024,"Letsel",2,"Bestelauto","Fiets","Flank","Kruispunt, 3 takken",50,"Niet brandend","Daglicht","Droog",\N,\N,"Kuppersweg","Haarlem","Haarlem","Noord-Holland",false,52.392425,4.656195,"injury","2","clear",false,1,"GM0392"
"20240081977",2024,"Letsel",2,"Fiets","Motor","Flank","Rechte weg",50,"Niet brandend","Daglicht","Droog",\N,"600728278","Oldegaarde","Rotterdam","Rotterdam","Zuid-Holland",false,51.877119,4.480314,"injury","2","clear",false,1,"GM0599"
"20240101198",2024,"Letsel",2,"Personenauto","Fiets","Flank","Rotonde",50,"Niet brandend","Daglicht","Droog",\N,\N,"Plein 1940","Vlaardingen","Vlaardingen","Zuid-Holland",false,51.914641,4.352218,"injury","2","clear",false,1,"GM0622"
"20240101207",2024,"Letsel",2,"Fiets","Voetganger","Voetganger","Rotonde",50,"Niet brandend","Daglicht","Droog",\N,\N,"Slaghekstraat","Rotterdam","Rotterdam","Zuid-Holland",false,51.897649,4.510643,"injury","2","clear",false,1,"GM0599"
"20240101352",2024,"Letsel",1,"Fiets",\N,"Onbekend",\N,\N,\N,"Duisternis",\N,\N,"162311045","Dr. Kuyperstraat","'s-Gravenhage","'s-Gravenhage","Zuid-Holland",false,52.087086,4.313344,"injury","2","unknown",false,1,"GM0518"
"20240102386",2024,"Uitsluitend materiele schade",2,\N,"e-bike","Onbekend","Kruispunt, 4 takken",50,"Niet brandend","Daglicht","Droog",\N,\N,"Boschdijk","Eindhoven","Eindhoven","Noord-Brabant",false,51.462254,5.45429,"material damage only","4","clear",false,1,"GM0772"
"20240102968",2024,"Uitsluitend materiele schade",2,"Fiets","Fiets","Flank","Kruispunt, 4 takken",60,"Niet brandend","Daglicht","Droog",\N,\N,"Watervalweg","Meerssen","Meerssen","Limburg",false,50.890192,5.76648,"material damage only","4","clear",false,1,"GM0938"
"20240048824",2024,"Uitsluitend materiele schade",2,"Bestelauto","Fiets","Flank","Kruispunt, 3 takken",50,"Niet brandend","Daglicht","Droog",\N,\N,"Willem de Clercqstraat","Almelo","Almelo","Overijssel",false,52.350867,6.645433,"material damage only","4","clear",false,1,"GM0141"
"20240070528",2024,"Letsel",2,"Personenauto","Fiets","Flank","Kruispunt, 4 takken",50,"Niet brandend","Daglicht","Droog",\N,\N,"Doornboslaan","Breda","Breda","Noord-Brabant",false,51.594159,4.791016,"injury","2","clear",false,1,"GM0758"
"20240079500",2024,"Letsel",2,"Bromfiets","Fiets","Flank","Rechte weg",30,"Niet brandend","Daglicht","Droog",\N,"600747326","Kruisweg","Hoofddorp","Haarlemmermeer","Noord-Holland",false,52.307609,4.68926,"injury","2","clear",false,1,"GM0394"
"20240084043",2024,"Uitsluitend materiele schade",1,"Fiets",\N,"Onbekend","Rechte weg",50,"Niet brandend","Daglicht","Droog",\N,"600701079","Wilhelminaplein","Best","Best","Noord-Brabant",false,51.496832,5.394983,"material damage only","4","clear",false,1,"GM0753"
"20240097194",2024,"Letsel",2,"Fiets","Bestelauto","Flank","Kruispunt, 4 takken",15,"Niet aanwezig","Daglicht","Regen",\N,\N,"Grotestraat","Nijverdal","Hellendoorn","Overijssel",false,52.365182,6.462749,"injury","2","rain",false,1,"GM0163"
"20240101139",2024,"Letsel",1,"Fiets",\N,"Onbekend","Rechte weg",\N,"Brandend","Duisternis","Droog",\N,"147291137","Dijkweg","Naaldwijk","Westland","Zuid-Holland",false,51.995156,4.207948,"injury","2","clear",false,1,"GM1783"
"20240103195",2024,"Letsel",2,"Personenauto","Fiets","Los voorwerp","Bocht",50,"Niet brandend","Daglicht","Droog",\N,"322167096","Vestdijktunnel","Eindhoven","Eindhoven","Noord-Brabant",false,51.444052,5.476876,"injury","2","clear",false,1,"GM0772"
"20240045186",2024,"Uitsluitend materiele schade",2,"Fiets","Fiets","Onbekend","Bocht",50,"Niet brandend","Daglicht","Droog",\N,\N,"BRUG OVER JUL.KAN","Echt","Echt-Susteren","Limburg",false,51.107086,5.848352,"material damage only","4","clear",false,1,"GM1711"
"20240049448",2024,"Uitsluitend materiele schade",2,"Personenauto","Fiets","Flank","Kruispunt, 4 takken",30,"Niet brandend","Daglicht","Droog",\N,\N,"Knalhutteweg","Enschede","Enschede","Overijssel",false,52.193695,6.89974,"material damage only","4","clear",false,1,"GM0153"
"20240077751",2024,"Letsel",2,"Fiets","Personenauto","Flank","Kruispunt, 4 takken",30,"Niet brandend","Daglicht","Droog",\N,\N,"Rembrandtlaan","Veenendaal","Veenendaal","Utrecht",false,52.021606,5.545624,"injury","2","clear",false,1,"GM0345"
"20240085312",2024,"Letsel",2,"Personenauto","Fiets","Onbekend","Rechte weg",30,"Niet brandend","Daglicht","Droog",\N,"516341025","Kuipersdijk","Enschede","Enschede","Overijssel",false,52.215789,6.896047,"injury","2","clear",false,1,"GM0153"
"20240088591",2024,"Letsel",1,"Fiets",\N,"Onbekend","Rechte weg",15,"Niet brandend","Daglicht","Droog",\N,"161312096","Javastraat","'s-Gravenhage","'s-Gravenhage","Zuid-Holland",false,52.0882,4.3047,"injury","2","clear",false,1,"GM0518"
"20240101446",2024,"Letsel",1,"Fiets",\N,"Onbekend",\N,\N,\N,"Daglicht",\N,\N,"333225058","Parkstraat","Nistelrode","Bernheze","Noord-Brabant",false,51.70153,5.560654,"injury","2","unknown",false,1,"GM1721"
"20240101453",2024,"Uitsluitend materiele schade",2,"Personenauto","Fiets","Onbekend","Kruispunt, 3 takken",50,\N,"Daglicht",\N,\N,\N,"Rompertsebaan","'s-Hertogenbosch","'s-Hertogenbosch","Noord-Brabant",false,51.708713,5.313495,"material damage only","4","unknown",false,1,"GM0796"
"20240048869",2024,"Letsel",2,"Fiets","Fiets","Onbekend","Rechte weg",50,"Niet brandend","Daglicht","Droog",\N,"272310062","Catharijnesingel","Utrecht","Utrecht","Utrecht",false,52.086082,5.11769,"injury","2","clear",false,1,"GM0344"
"20240074421",2024,"Uitsluitend materiele schade",2,"Personenauto","Fiets","Flank","Kruispunt, 3 takken",50,"Niet brandend","Daglicht","Droog",\N,\N,"Antoon Coolenlaan","Eindhoven","Eindhoven","Noord-Brabant",false,51.417288,5.476309,"material damage only","4","clear",false,1,"GM0772"
"20240075067",2024,"Uitsluitend materiele schade",2,"Personenauto","Fiets","Onbekend","Kruispunt, 4 takken",50,"Niet brandend","Daglicht","Droog",\N,\N,"St. Annastraat","Nijmegen","Nijmegen","Gelderland",false,51.83829,5.860054,"material damage only","4","clear",false,1,"GM0268"
"20240081008",2024,"Letsel",2,"Fiets","Personenauto","Flank","Rotonde",50,"Niet brandend","Daglicht","Regen",\N,\N,"Jacques Dutilhweg","Rotterdam","Rotterdam","Zuid-Holland",false,51.929167,4.554125,"injury","2","rain",false,1,"GM0599"
"20240084694",2024,"Letsel",2,"Personenauto","e-bike","Onbekend","Kruispunt, 4 takken",50,"Niet brandend","Daglicht","Droog",\N,\N,"Platinastraat","Hengelo","Hengelo (O)","Overijssel",false,52.247366,6.764779,"injury","2","clear",false,1,\N
"20240086021",2024,"Letsel",2,"Fiets","Personenauto","Flank","Rechte weg",30,"Niet brandend","Daglicht","Droog",\N,\N,"Stationsstraat","Assen","Assen","Drenthe",false,52.992996,6.570513,"injury","2","clear",false,1,"GM0106"
"20240076161",2024,"Uitsluitend materiele schade",2,"Personenauto","Fiets","Flank","Rotonde",50,"Niet brandend","Daglicht","Droog",\N,\N,"Groenewoudseweg","Nijmegen","Nijmegen","Gelderland",false,51.82948,5.869957,"material damage only","4","clear",false,1,"GM0268"
"20240082128",2024,"Uitsluitend materiele schade",2,"Personenauto","Fiets","Onbekend","Rotonde",30,"Niet brandend","Daglicht","Droog",\N,\N,"Westduinweg","'s-Gravenhage","'s-Gravenhage","Zuid-Holland",false,52.101367,4.274312,"material damage only","4","clear",false,1,"GM0518"
"20230049503",2023,"Letsel",2,"Personenauto","Fiets","Geparkeerd voertuig","Rechte weg",30,"Niet brandend","Daglicht","Droog",\N,"168296041","Oostsingel","Delft","Delft","Zuid-Holland",false,52.017581,4.360182,"injury","2","clear",false,1,"GM0503"
"20230050654",2023,"Letsel",2,"Fiets","Fiets","Onbekend","Rechte weg",50,"Niet brandend","Daglicht","Droog",\N,"601130400","Schelpendam","Katwijk","Katwijk","Zuid-Holland",false,52.201703,4.397458,"injury","2","clear",false,1,"GM0537"
"20230057084",2023,"Letsel",3,"Personenauto","Fiets","Onbekend","Kruispunt, 4 takken",30,"Niet brandend","Daglicht","Droog",\N,\N,"Korte Havenstraat","Oudewater","Oudewater","Utrecht",false,52.02237,4.87251,"injury","2","clear",false,1,"GM0589"
"20230059429",2023,"Letsel",2,"Motor","Fiets","Flank","Rechte weg",60,"Niet brandend","Daglicht","Droog",\N,"247383030","Kanaaldijk","Landsmeer","Landsmeer","Noord-Holland",false,52.416675,4.945013,"injury","2","clear",false,1,"GM0415"
"20230062532",2023,"Uitsluitend materiele schade",2,"Personenauto","e-bike","Flank","Rotonde",50,"Niet brandend","Daglicht","Droog",\N,\N,"de Drink","Tegelen","Venlo","Limburg",false,51.339869,6.142574,"material damage only","4","clear",false,1,"GM0983"
"20230063167",2023,"Uitsluitend materiele schade",3,"Personenauto","Fiets","Onbekend","Kruispunt, 4 takken",30,"Niet brandend","Daglicht","Droog",\N,\N,"Dijksestraat","Helmond","Helmond","Noord-Brabant",false,51.487663,5.666827,"material damage only","4","clear",false,1,"GM0794"
"20230039055",2023,"Letsel",3,"Bromfiets","Fiets","Onbekend","Bocht",30,"Niet brandend","Daglicht","Droog",\N,\N,"Maassluissedijk","Vlaardingen","Vlaardingen","Zuid-Holland",false,51.905728,4.327437,"injury","2","clear",false,1,"GM0622"
"20230043672",2023,"Uitsluitend materiele schade",2,"Personenauto","Fiets","Flank","Rechte weg",50,"Niet brandend","Daglicht","Droog",\N,"397037012","Wiebachstraat","Kerkrade","Kerkrade","Limburg",false,50.855495,6.007089,"material damage only","4","clear",false,1,"GM0928"
"20230046020",2023,"Letsel",2,"e-bike","Bromfiets","Flank","Kruispunt, 3 takken",50,"Niet brandend","Daglicht","Droog",\N,\N,"Johanna van Burenlaan","Oldenzaal","Oldenzaal","Overijssel",false,52.312595,6.911188,"injury","2","clear",false,1,"GM0173"
"20230047772",2023,"Letsel",2,"Personenauto","Fiets","Flank","Rotonde",50,"Niet brandend","Daglicht","Droog",\N,\N,"Dreef","Bergen (NH)","Bergen (NH)","Noord-Holland",false,52.666958,4.712479,"injury","2","clear",false,1,\N
"20230050111",2023,"Letsel",2,"Personenauto","Fiets","Flank","Kruispunt, 4 takken",80,"Niet brandend","Daglicht","Droog",\N,\N,"Galgweg","Hazerswoude-Dorp","Alphen aan den Rijn","Zuid-Holland",false,52.114734,4.586909,"injury","2","clear",false,1,"GM0484"
"20230057167",2023,"Letsel",2,"Vrachtauto","Fiets","Flank","Rotonde",50,"Niet brandend","Daglicht","Droog",\N,\N,"Heyendaalseweg","Nijmegen","Nijmegen","Gelderland",false,51.829331,5.870194,"injury","2","clear",false,1,"GM0268"
"20230062553",2023,"Uitsluitend materiele schade",2,"Bromfiets","Fiets","Flank","Rotonde",50,"Niet brandend","Daglicht","Droog",\N,\N,"Eindhovenseweg","Venlo","Venlo","Limburg",false,51.366903,6.165669,"material damage only","4","clear",false,1,"GM0983"
"20230063516",2023,"Letsel",2,"Personenauto","Fiets","Flank","Kruispunt, 4 takken",50,"Niet brandend","Daglicht","Droog",\N,\N,"Industrieweg","Boxtel","Boxtel","Noord-Brabant",false,51.580114,5.313494,"injury","2","clear",false,1,"GM0757"
"20230043722",2023,"Letsel",1,"Fiets",\N,"Eenzijdig",\N,60,"Niet aanwezig","Daglicht","Droog",\N,"360021005","Moerslag","Sint Geertruid","Eijsden-Margraten","Limburg",false,50.78678,5.749642,"injury","2","clear",false,1,"GM1903"
"20230046627",2023,"Uitsluitend materiele schade",2,"Personenauto","Fiets","Onbekend","Rechte weg",30,"Niet brandend","Daglicht","Droog",\N,"266434057","Kleine Oost","Hoorn","Hoorn","Noord-Holland",false,52.640877,5.068837,"material damage only","4","clear",false,1,"GM0405"
"20230047805",2023,"Uitsluitend materiele schade",4,"Personenauto","Fiets","Flank","Rechte weg",50,"Niet brandend","Daglicht","Droog",\N,"225504122","Middenweg","Den Helder","Den Helder","Noord-Holland",false,52.956269,4.75654,"material damage only","4","clear",false,1,"GM0400"
"20230047832",2023,"Letsel",2,\N,"e-bike","Eenzijdig","Rechte weg",60,"Niet brandend","Daglicht","Droog",\N,"600672165","Veilingweg","Bovenkarspel","Stede Broec","Noord-Holland",false,52.704006,5.249687,"injury","2","clear",false,1,"GM0532"
"20230049006",2023,"Letsel",1,"Fiets",\N,"Eenzijdig","Rechte weg",30,"Niet brandend","Daglicht","Droog",\N,"173284022","Zwethpad","Schipluiden","Midden-Delfland","Zuid-Holland",false,51.965732,4.399,"injury","2","clear",false,1,"GM1842"
"20230058765",2023,"Uitsluitend materiele schade",2,"Bestelauto","Fiets","Flank","Kruispunt, 4 takken",50,"Niet brandend","Daglicht","Droog",\N,\N,"De Clercqstraat","Amsterdam","Amsterdam","Noord-Holland",false,52.369996,4.86632,"material damage only","4","clear",false,1,"GM0363"
"20230059098",2023,"Uitsluitend materiele schade",3,"Personenauto","Fiets","Onbekend","Rechte weg",50,"Niet brandend","Daglicht","Droog",\N,"600718985","Theresiastraat","'s-Gravenhage","'s-Gravenhage","Zuid-Holland",false,52.086156,4.336977,"material damage only","4","clear",false,1,"GM0518"