"accident_id","year","severity_raw","party_count","party1_type","party2_type","accident_type","road_situation","speed_limit_kmh","road_lighting","light_condition_label","weather_raw","infra_type","road_segment_id","street_name","place_name","gemeente_name_raw","province","alcohol_indicated","latitude","longitude","severity_label","severity_code","weather_label","built_up_area","cyclists_involved","gemeente_code"
"20220231784",2022,"Uitsluitend materiele schade",2,"Personenauto","Fiets","Flank","Rotonde",50,"Niet brandend","Daglicht","Droog",\N,\N,"Sint Wirosingel","Roermond","Roermond","Limburg",false,51.193201,6.028016,"material damage only","4","clear",false,1,"GM0957"
"20220199253",2022,"Uitsluitend materiele schade",2,"Personenauto","Fiets","Flank","Kruispunt, 4 takken",50,"Niet brandend","Daglicht","Droog",\N,\N,"Aalderinkssingel","Almelo","Almelo","Overijssel",false,52.361537,6.645237,"material damage only","4","clear",false,1,"GM0141"
"20220207756",2022,"Letsel",2,"Personenauto","Fiets","Flank","Rotonde",50,"Niet brandend","Daglicht","Droog",\N,\N,"Molenkade","Noord-Scharwoude","Dijk en Waard","Noord-Holland",false,52.702002,4.802566,"injury","2","clear",false,1,"GM1980"
"20220213985",2022,"Letsel",2,"Fiets","Fiets","Flank","Kruispunt, 4 takken",\N,"Niet brandend","Daglicht","Droog",\N,\N,"Wassenaarseweg","'s-Gravenhage","'s-Gravenhage","Zuid-Holland",false,52.089956,4.312743,"injury","2","clear",false,1,"GM0518"
"20220214003",2022,"Letsel",2,"Bromfiets","Fiets","Flank","Rechte weg",30,"Niet aanwezig","Daglicht","Droog",\N,"148290121","Alicantestraat","Naaldwijk","Westland","Zuid-Holland",false,51.989658,4.212837,"injury","2","clear",false,1,"GM1783"
"20220214013",2022,"Uitsluitend materiele schade",2,"Fiets","Motor","Flank","Kruispunt, 4 takken",30,"Brandend","Duisternis","Droog",\N,\N,"Stationsweg","'s-Gravenhage","'s-Gravenhage","Zuid-Holland",false,52.071501,4.320746,"material damage only","4","clear",false,1,"GM0518"
"20220229225",2022,"Uitsluitend materiele schade",3,"Personenauto","Fiets","Onbekend","Rechte weg",50,"Brandend","Duisternis","Regen",\N,\N,"Traverse","Veldhoven","Veldhoven","Noord-Brabant",false,51.432603,5.403285,"material damage only","4","rain",false,1,"GM0861"
"20220215602",2022,"Letsel",3,"Personenauto","Fiets","Onbekend","Rotonde",50,"Brandend","Duisternis","Regen",\N,\N,"Bodegraafsestraatweg","Gouda","Gouda","Zuid-Holland",false,52.018703,4.719297,"injury","2","rain",false,1,"GM0513"
"20220224934",2022,"Uitsluitend materiele schade",2,"Bromfiets","e-bike","Flank","Kruispunt, 4 takken",50,"Brandend","Schemer","Droog",\N,\N,"Mathildastraat","Oosterhout","Oosterhout","Noord-Brabant",false,51.643569,4.862329,"material damage only","4","clear",false,1,"GM0826"
"20220209517",2022,"Letsel",2,"Personenauto","e-bike","Flank","Kruispunt, 4 takken",50,"Niet brandend","Daglicht","Droog",\N,\N,"Zuidwijkring","Heerhugowaard","Dijk en Waard","Noord-Holland",false,52.647854,4.821981,"injury","2","clear",false,1,"GM1980"
"20220214123",2022,"Letsel",1,"Fiets",\N,"Eenzijdig","Bocht",30,"Niet brandend","Daglicht","Droog",\N,"600744127","Prins Bernhardlaan","Alphen aan den Rijn","Alphen aan den Rijn","Zuid-Holland",false,52.126036,4.658697,"injury","2","clear",false,1,"GM0484"
"20220215674",2022,"Uitsluitend materiele schade",2,"e-bike","Snorfiets","Kop/staart","Kruispunt, 4 takken",\N,"Niet brandend","Daglicht","Droog",\N,\N,"Hooikade","Delft","Delft","Zuid-Holland",false,52.004837,4.359341,"material damage only","4","clear",false,1,"GM0503"
"20220221478",2022,"Letsel",3,"Bromfiets","Fiets","Onbekend","Kruispunt, 3 takken",30,"Niet brandend","Daglicht","Droog",\N,\N,"Jacob Catsstraat","Rotterdam","Rotterdam","Zuid-Holland",false,51.933137,4.481682,"injury","2","clear",false,1,"GM0599"
"20220225043",2022,"Letsel",2,"Fiets","Personenauto","Geparkeerd voertuig","Rechte weg",30,"Brandend","Duisternis","Droog",\N,"600714929","Antwerpsestraat","Bergen op Zoom","Bergen op Zoom","Noord-Brabant",false,51.49159,4.288385,"injury","2","clear",false,1,"GM0748"
"20220227809",2022,"Uitsluitend materiele schade",2,"Fiets","Personenauto","Flank","Rechte weg",30,"Brandend","Duisternis","Droog",\N,"311219178","Mercuriusplein","Berlicum","Sint-Michielsgestel","Noord-Brabant",false,51.678558,5.399536,"material damage only","4","clear",false,1,"GM0845"
"20220200124",2022,"Uitsluitend materiele schade",2,"e-bike","Fiets","Onbekend","Rotonde",50,"Brandend","Duisternis","Droog",\N,\N,"Stationslaan","Wijchen","Wijchen","Gelderland",false,51.810959,5.742584,"material damage only","4","clear",false,1,"GM0296"
"20220203695",2022,"Uitsluitend materiele schade",2,"Bromfiets","Fiets","Frontaal","Rechte weg",30,"Brandend","Duisternis","Droog",\N,"274306010","Lemelerberg","Utrecht","Utrecht","Utrecht",true,52.067254,5.131079,"material damage only","4","clear",false,1,"GM0344"
"20220191098",2022,"Dodelijk",2,"Trekker","e-bike","Flank","Rechte weg",50,"Niet brandend","Daglicht","Droog",\N,"356041006","Schoenerweg","Maastricht","Maastricht","Limburg",false,50.877513,5.720388,"fatal","1","clear",false,1,"GM0935"
"20220211429",2022,"Uitsluitend materiele schade",3,"Personenauto","Fiets","Onbekend","Kruispunt, 4 takken",50,"Niet brandend","Daglicht","Droog",\N,\N,"Meer en Vaart","Amsterdam","Amsterdam","Noord-Holland",false,52.354243,4.810405,"material damage only","4","clear",false,1,"GM0363"
"20220213367",2022,"Letsel",1,"Fiets",\N,"Eenzijdig","Rechte weg",\N,"Brandend","Duisternis","Droog",\N,"600483320","Kruithuispad","Delft","Delft","Zuid-Holland",false,51.992394,4.371959,"injury","2","clear",false,1,"GM0503"
"20220213405",2022,"Letsel",2,"Personenauto","e-bike","Flank","Kruispunt, 4 takken",50,"Niet brandend","Daglicht","Regen",\N,\N,"Goudenregenstraat","'s-Gravenhage","'s-Gravenhage","Zuid-Holland",false,52.074685,4.265787,"injury","2","rain",false,1,"GM0518"
"20220230378",2022,"Uitsluitend materiele schade",2,"Snorfiets","Fiets","Onbekend","Rotonde",50,"Niet brandend","Daglicht","Droog",\N,\N,"Scharnerweg","Maastricht","Maastricht","Limburg",false,50.848827,5.720242,"material damage only","4","clear",false,1,"GM0935"
"20220230385",2022,"Uitsluitend materiele schade",2,"Personenauto","Fiets","Flank","Rotonde",50,"Brandend","Schemer","Regen",\N,\N,"Sibemaweg","Maastricht","Maastricht","Limburg",false,50.845421,5.718851,"material damage only","4","rain",false,1,"GM0935"
"20220209584",2022,"Uitsluitend materiele schade",2,"Fiets","Fiets","Onbekend","Rechte weg",50,"Brandend","Duisternis","Droog",\N,"600891743","Lange Herenvest","Haarlem","Haarlem","Noord-Holland",false,52.380255,4.646078,"material damage only","4","clear",false,1,"GM0392"
"20220213523",2022,"Letsel",1,"e-bike",\N,"Eenzijdig","Rechte weg",60,"Niet aanwezig","Daglicht","Droog",\N,"193354003","Houtvesterslaantje","Noordwijkerhout","Noordwijk","Zuid-Holland",false,52.278932,4.535069,"injury","2","clear",false,1,"GM0575"
"20220214237",2022,"Letsel",3,"Personenauto","Fiets","Onbekend","Kruispunt, 3 takken",15,"Niet brandend","Daglicht","Droog",\N,\N,"Barietgeel","Zoetermeer","Zoetermeer","Zuid-Holland",false,52.043198,4.489279,"injury","2","clear",false,1,"GM0637"
"20220221560",2022,"Uitsluitend materiele schade",1,"Fiets",\N,"Voetganger","Rechte weg",30,"Niet brandend","Daglicht","Droog",\N,"600713006","Delflandsedijk","Maassluis","Maassluis","Zuid-Holland",false,51.934332,4.221393,"material damage only","4","clear",false,1,"GM0556"
"20220222933",2022,"Uitsluitend materiele schade",2,"Bromfiets","Fiets","Kop/staart","Kruispunt, 3 takken",50,"Niet brandend","Daglicht","Droog",\N,\N,"Dordtselaan","Rotterdam","Rotterdam","Zuid-Holland",false,51.894087,4.493721,"material damage only","4","clear",false,1,"GM0599"
"20220199556",2022,"Uitsluitend materiele schade",2,"Personenauto","Fiets","Flank","Rotonde",50,"Niet brandend","Daglicht","Droog",\N,\N,"Parallelweg","Winterswijk","Winterswijk","Gelderland",false,51.968933,6.710308,"material damage only","4","clear",false,1,"GM0294"
"20220207275",2022,"Letsel",2,"Personenauto","e-bike","Flank","Kruispunt, 4 takken",50,"Niet brandend","Daglicht","Droog",\N,\N,"Kaper","Volendam","Edam-Volendam","Noord-Holland",false,52.505579,5.065539,"injury","2","clear",false,1,"GM0385"
"20220214263",2022,"Uitsluitend materiele schade",2,"Personenauto","Fiets","Onbekend","Kruispunt, 4 takken",50,"Niet brandend","Daglicht","Droog",\N,\N,"Waldorpstraat","'s-Gravenhage","'s-Gravenhage","Zuid-Holland",false,52.059806,4.310467,"material damage only","4","clear",false,1,"GM0518"
"20220217973",2022,"Letsel",2,"Bestelauto","Fiets","Flank","Kruispunt, 4 takken",50,"Niet brandend","Daglicht","Droog",\N,\N,"Monstersestraat","'s-Gravenhage","'s-Gravenhage","Zuid-Holland",false,52.068927,4.295403,"injury","2","clear",false,1,"GM0518"
"20240133913",2024,"Letsel",2,"Fiets","Voetganger","Voetganger","Rechte weg",15,"Niet brandend","Daglicht","Droog",\N,"151303038","Kraayensteinpad","'s-Gravenhage","'s-Gravenhage","Zuid-Holland",false,52.046387,4.233726,"injury","2","clear",false,1,"GM0518"
"20240133941",2024,"Letsel",2,"Personenauto","e-bike","Flank","Kruispunt, 3 takken",50,"Niet brandend","Daglicht","Droog",\N,\N,"Korenveldweg","Nieuwveen","Nieuwkoop","Zuid-Holland",false,52.191266,4.757212,"injury","2","clear",false,1,"GM0569"
"20240134543",2024,"Letsel",2,"Fiets","Boom","Vast voorwerp","Rechte weg",50,"Niet brandend","Daglicht","Droog",\N,"600697616","Hulsterweg","Kloosterzande","Hulst","Zeeland",false,51.370238,4.021138,"injury","2","clear",false,1,"GM0677"
"20240143174",2024,"Uitsluitend materiele schade",2,"Personenauto","Fiets","Flank","Rechte weg",30,"Niet brandend","Duisternis","Droog",\N,"142297075","Herenstraat","Monster","Westland","Zuid-Holland",false,52.021467,4.170208,"material damage only","4","clear",false,1,"GM1783"
"20240141014",2024,"Letsel",2,"Fiets","Personenauto","Flank","Kruispunt, 3 takken",50,"Brandend","Duisternis","Droog",\N,\N,"Sellikstraat","Velddriel","Maasdriel","Gelderland",false,51.762939,5.293371,"injury","2","clear",false,1,"GM0263"
"20240142684",2024,"Uitsluitend materiele schade",2,"Personenauto","Fiets","Los voorwerp","Kruispunt, 3 takken",50,"Niet brandend","Daglicht","Regen",\N,\N,"Japurádreef","Utrecht","Utrecht","Utrecht",false,52.118422,5.100182,"material damage only","4","rain",false,1,"GM0344"
"20240143756",2024,"Letsel",2,"Personenauto","Fiets","Kop/staart","Rechte weg",50,"Niet brandend","Daglicht","Regen",\N,"159308051","Monstersestraat","'s-Gravenhage","'s-Gravenhage","Zuid-Holland",false,52.071295,4.292847,"injury","2","rain",false,1,"GM0518"
"20240148495",2024,"Letsel",2,"Personenauto","Fiets","Flank","Rotonde",50,"Niet brandend","Daglicht","Regen",\N,\N,"Rembrandtlaan","Ede","Ede","Gelderland",false,52.017224,5.652419,"injury","2","rain",false,1,"GM0228"
"20240134046",2024,"Uitsluitend materiele schade",2,"Fiets","Fiets","Flank","Rechte weg",30,"Niet brandend","Daglicht","Droog",\N,"240366072","Beethovenstraat","Amsterdam","Amsterdam","Noord-Holland",false,52.336719,4.877261,"material damage only","4","clear",false,1,"GM0363"
"20240142238",2024,"Uitsluitend materiele schade",1,"Fiets",\N,"Onbekend","Rechte weg",50,"Niet brandend","Schemer","Sneeuw/Hagel",\N,"600906761","Broeckerpad","Grootebroek","Stede Broec","Noord-Holland",false,52.702502,5.223318,"material damage only","4","unknown",false,1,"GM0532"
"20240143261",2024,"Uitsluitend materiele schade",2,"Personenauto","Fiets","Flank","Kruispunt, 4 takken",30,"Niet brandend","Daglicht","Droog",\N,\N,"Aaltje Noordewierstraat","'s-Gravenhage","'s-Gravenhage","Zuid-Holland",false,52.060833,4.231589,"material damage only","4","clear",false,1,"GM0518"
"20240141076",2024,"Letsel",2,"Personenauto","Fiets","Onbekend","Kruispunt, 3 takken",60,"Niet brandend","Daglicht","Droog",\N,\N,"Zandeinde","Lemele","Ommen","Overijssel",false,52.456477,6.423154,"injury","2","clear",false,1,"GM0175"
"20240143295",2024,"Letsel",2,"Snorfiets","Fiets","Flank","Kruispunt, 3 takken",30,"Niet brandend","Daglicht","Droog",\N,\N,"1e Lulofsdwarsstraat","'s-Gravenhage","'s-Gravenhage","Zuid-Holland",false,52.060092,4.310745,"injury","2","clear",false,1,"GM0518"
"20240140337",2024,"Letsel",2,"Personenauto","Fiets","Flank","Kruispunt, 4 takken",30,"Niet brandend","Daglicht","Droog",\N,\N,"Pullstraat","Amersfoort","Amersfoort","Utrecht",false,52.160592,5.397947,"injury","2","clear",false,1,"GM0307"
"20240141486",2024,"Letsel",2,"Fiets","Fiets","Kop/staart","Rechte weg",50,"Niet brandend","Daglicht","Droog",\N,"201375012","Duinlustweg","Overveen","Bloemendaal","Noord-Holland",false,52.379842,4.589277,"injury","2","clear",false,1,"GM0377"
"20240141903",2024,"Uitsluitend materiele schade",2,"Personenauto","Fiets","Flank","Kruispunt, 4 takken",30,"Niet brandend","Duisternis","Droog",\N,\N,"Hoofdweg","Hoofddorp","Haarlemmermeer","Noord-Holland",false,52.303987,4.69076,"material damage only","4","clear",false,1,"GM0394"
"20240143325",2024,"Letsel",2,"Personenauto","Fiets","Kop/staart","Kruispunt, 3 takken",50,"Brandend","Duisternis","Droog",\N,\N,"Hoge Rijndijk","Zoeterwoude","Zoeterwoude","Zuid-Holland",false,52.139723,4.542047,"injury","2","clear",false,1,"GM0638"
"20240136654",2024,"Uitsluitend materiele schade",2,"Bestelauto","Fiets","Flank","Rotonde",50,"Niet brandend","Daglicht","Droog",\N,\N,"Schepersweg","Herten","Roermond","Limburg",false,51.166136,5.962491,"material damage only","4","clear",false,1,"GM0957"
"20240140610",2024,"Uitsluitend materiele schade",2,"Personenauto","Fiets","Flank","Kruispunt, 4 takken",50,"Brandend","Duisternis","Droog",\N,\N,"Vleutenseweg","Utrecht","Utrecht","Utrecht",false,52.09513,5.085224,"material damage only","4","clear",false,1,"GM0344"
"20240141974",2024,"Letsel",2,"Fiets","Bestelauto","Flank","Kruispunt, 4 takken",30,"Niet brandend","Daglicht","Droog",\N,\N,"Lemelerbergweg","Amsterdam","Amsterdam","Noord-Holland",false,52.300889,4.941448,"injury","2","clear",false,1,"GM0363"
"20240149030",2024,"Letsel",2,"Personenauto","Fiets","Flank","Kruispunt, 3 takken",50,"Brandend","Duisternis","Droog",\N,\N,"Ossenweerdstraat","Deventer","Deventer","Overijssel",false,52.257562,6.148443,"injury","2","clear",false,1,"GM0150"
"20240149190",2024,"Letsel",2,"Personenauto","Fiets","Flank","Rotonde",50,"Niet brandend","Daglicht","Droog",\N,\N,"Knalhutteweg","Enschede","Enschede","Overijssel",false,52.192115,6.900908,"injury","2","clear",false,1,"GM0153"
"20240149329",2024,"Uitsluitend materiele schade",1,"Fiets",\N,"Onbekend","Kruispunt, 4 takken",50,"Niet brandend","Daglicht","Droog",\N,\N,"FIETSPAD","Arnhem","Arnhem","Gelderland",false,51.978291,5.915084,"material damage only","4","clear",false,1,"GM0202"
"20240149405",2024,"Uitsluitend materiele schade",2,"Personenauto","Fiets","Flank","Kruispunt, 3 takken",30,"Niet brandend","Daglicht","Droog",\N,\N,"Juventastraat","Arnhem","Arnhem","Gelderland",false,51.953519,5.846176,"material damage only","4","clear",false,1,"GM0202"
"20240136719",2024,"Uitsluitend materiele schade",1,"Fiets",\N,"Onbekend","Rechte weg",60,"Niet brandend","Daglicht","Droog",\N,"306182010","Burgstraat","Best","Best","Noord-Brabant",false,51.508297,5.363392,"material damage only","4","clear",false,1,"GM0753"
"20240143994",2024,"Uitsluitend materiele schade",2,"Personenauto","Fiets","Flank","Kruispunt, 3 takken",50,"Brandend","Duisternis","Regen",\N,\N,"Stationsplein","Leiden","Leiden","Zuid-Holland",false,52.164512,4.481641,"material damage only","4","rain",false,1,"GM0546"
"20240151133",2024,"Uitsluitend materiele schade",2,"Fiets","Fiets","Flank","Rechte weg",50,"Niet brandend","Daglicht","Droog",\N,"386339018","Schotweg","Apeldoorn","Apeldoorn","Gelderland",false,52.212595,5.94724,"material damage only","4","clear",false,1,"GM0200"
"20240147734",2024,"Uitsluitend materiele schade",2,"Fiets","Personenauto","Flank","Kruispunt, 3 takken",50,"Niet brandend","Daglicht","Droog",\N,\N,"Hekellaan","'s-Hertogenbosch","'s-Hertogenbosch","Noord-Brabant",false,51.685336,5.312632,"material damage only","4","clear",false,1,"GM0796"
"20240138081",2024,"Uitsluitend materiele schade",2,"Personenauto","Fiets","Frontaal","Rotonde",50,"Niet brandend","Daglicht","Droog",\N,\N,"Van Nispenlaan","Bemmel","Lingewaard","Gelderland",false,51.892796,5.918618,"material damage only","4","clear",false,1,"GM1705"
"20240147998",2024,"Uitsluitend materiele schade",1,"Fiets",\N,"Onbekend","Rechte weg",\N,"Niet brandend","Schemer","Droog","Tunnel","376205005","Boxmeerseweg","Sint Anthonis","Land van Cuijk","Noord-Brabant",false,51.619832,5.876965,"material damage only","4","clear",false,1,"GM1982"
"20240148141",2024,"Uitsluitend materiele schade",2,"Personenauto","Fiets","Frontaal","Kruispunt, 3 takken",30,"Niet brandend","Daglicht","Droog",\N,\N,"De Zwingelspaan","Zevenbergen","Moerdijk","Noord-Brabant",false,51.643574,4.582106,"material damage only","4","clear",false,1,"GM1709"
"20240145673",2024,"Uitsluitend materiele schade",2,"Fiets","Fiets","Flank","Rechte weg",50,"Brandend","Duisternis","Regen",\N,"600995710","Blaak","Rotterdam","Rotterdam","Zuid-Holland",false,51.919751,4.489555,"material damage only","4","rain",false,1,"GM0599"
"20240137503",2024,"Uitsluitend materiele schade",2,"Personenauto","Fiets","Flank","Kruispunt, 4 takken",30,"Niet brandend","Daglicht","Regen",\N,\N,"Fransebaan","Eindhoven","Eindhoven","Noord-Brabant",false,51.490847,5.447575,"material damage only","4","rain",false,1,"GM0772"
"20240145273",2024,"Letsel",2,"Fiets","Personenauto","Flank","Rotonde",50,"Brandend","Daglicht","Droog",\N,\N,"Teunis Stooplaan","Hendrik-Ido-Ambacht","Hendrik-Ido-Ambacht","Zuid-Holland",false,51.84966,4.655836,"injury","2","clear",false,1,"GM0531"
"20240145620",2024,"Uitsluitend materiele schade",2,"Fiets","Snorfiets","Flank","Kruispunt, 3 takken",50,"Niet brandend","Daglicht","Droog",\N,\N,"Droogleever Fortuynplein","Rotterdam","Rotterdam","Zuid-Holland",false,51.907702,4.466666,"material damage only","4","clear",false,1,"GM0599"
"20240145741",2024,"Letsel",2,"Fiets","Personenauto","Onbekend",\N,50,"Niet brandend","Daglicht","Droog",\N,"162255035","Lenteakker","Spijkenisse","Nissewaard","Zuid-Holland",false,51.832799,4.320363,"injury","2","clear",false,1,"GM1930"
"20240146615",2024,"Letsel",2,"Personenauto","Fiets","Flank","Rechte weg",30,"Niet brandend","Daglicht","Droog",\N,"385051003","Kasteel Hoensbroeklaan","Hoensbroek","Heerlen","Limburg",false,50.918215,5.925352,"injury","2","clear",false,1,"GM0917"
"20240136890",2024,"Uitsluitend materiele schade",2,"Personenauto","Fiets","Kop/staart","Rechte weg",\N,"Niet brandend","Daglicht","Droog",\N,"350035028","Joseph Hollmanstraat","Maastricht","Maastricht","Limburg",false,50.850156,5.673444,"material damage only","4","clear",false,1,"GM0935"
"20240144156",2024,"Letsel",2,"Personenauto","Fiets","Flank","Rotonde",50,"Niet brandend","Daglicht","Droog",\N,\N,"Weimarstraat","'s-Gravenhage","'s-Gravenhage","Zuid-Holland",false,52.072403,4.275289,"injury","2","clear",false,1,"GM0518"
"20240145506",2024,"Uitsluitend materiele schade",2,\N,"Fiets","Flank","Rotonde",50,"Niet brandend","Daglicht","Droog",\N,\N,"Campenhoefdreef","Tilburg","Tilburg","Noord-Brabant",false,51.578749,4.993709,"material damage only","4","clear",false,1,"GM0855"
"20240146028",2024,"Letsel",3,"Fiets","Personenauto","Onbekend","Kruispunt, 4 takken",30,"Niet brandend","Daglicht","Droog",\N,\N,"Gasthuisstraat","Gorinchem","Gorinchem","Zuid-Holland",false,51.830476,4.972764,"injury","2","clear",false,1,"GM0512"
"20240135038",2024,"Letsel",2,"Fiets","Personenauto","Onbekend","Kruispunt, 4 takken",70,"Niet brandend","Daglicht","Droog",\N,\N,"Crogtdijk","Breda","Breda","Noord-Brabant",false,51.60178,4.770614,"injury","2","clear",false,1,"GM0758"
"20240135665",2024,"Uitsluitend materiele schade",2,"Personenauto","Fiets","Flank","Rechte weg",50,"Niet brandend","Daglicht","Droog",\N,"185275145","Botersloot","Rotterdam","Rotterdam","Zuid-Holland",false,51.923676,4.485865,"material damage only","4","clear",false,1,"GM0599"
"20240136287",2024,"Uitsluitend materiele schade",2,"Bromfiets","Fiets","Frontaal","Kruispunt, 3 takken",30,"Niet brandend","Daglicht","Droog",\N,\N,"Bernsteinstraat","Roermond","Roermond","Limburg",false,51.180667,6.013858,"material damage only","4","clear",false,1,"GM0957"
"20240137564",2024,"Uitsluitend materiele schade",2,"Fiets","Fiets","Frontaal","Rechte weg",30,"Niet brandend","Daglicht","Droog",\N,"353174022","Peelhof","Helmond","Helmond","Noord-Brabant",false,51.475591,5.700879,"material damage only","4","clear",false,1,"GM0794"
"20240144773",2024,"Uitsluitend materiele schade",1,"Fiets",\N,"Onbekend",\N,\N,\N,"Daglicht",\N,\N,"278180007","Hakvoortseweg","Biest-Houtakker","Hilvarenbeek","Noord-Brabant",false,51.5019,5.160435,"material damage only","4","unknown",false,1,"GM0798"
"20240146837",2024,"Uitsluitend materiele schade",2,"Personenauto","Fiets","Flank","Kruispunt, 4 takken",30,"Brandend","Duisternis","Droog",\N,\N,"Willem Prinzenstraat","Helmond","Helmond","Noord-Brabant",false,51.48443,5.669803,"material damage only","4","clear",false,1,"GM0794"
"20240147067",2024,"Letsel",2,"Personenauto","Fiets","Flank","Kruispunt, 4 takken",50,"Niet brandend","Daglicht","Droog",\N,\N,"Vonderweg","Eindhoven","Eindhoven","Noord-Brabant",false,51.441496,5.469586,"injury","2","clear",false,1,"GM0772"
"20240144247",2024,"Letsel",3,"Fiets","Fiets","Onbekend","Bocht",50,"Niet brandend","Daglicht","Regen",\N,\N,"Zuiderparklaan","'s-Gravenhage","'s-Gravenhage","Zuid-Holland",false,52.065382,4.279495,"injury","2","rain",false,1,"GM0518"
"20240146752",2024,"Uitsluitend materiele schade",2,"Fiets","Personenauto","Frontaal","Kruispunt, 3 takken",30,"Niet brandend","Schemer","Regen",\N,\N,"Buizerd","Veldhoven","Veldhoven","Noord-Brabant",false,51.429427,5.38533,"material damage only","4","rain",false,1,"GM0861"
"20240147264",2024,"Uitsluitend materiele schade",2,"Personenauto","Fiets","Flank","Kruispunt, 4 takken",30,"Niet brandend","Daglicht","Regen",\N,\N,"Offenbachlaan","Eindhoven","Eindhoven","Noord-Brabant",false,51.420879,5.451562,"material damage only","4","rain",false,1,"GM0772"
"20240148817",2024,"Uitsluitend materiele schade",2,"Fiets","Personenauto","Flank","Kruispunt, 4 takken",50,"Niet brandend","Daglicht","Droog",\N,\N,"Schwartzenberghlaan","Drachten","Smallingerland","Friesland",false,53.114472,6.098047,"material damage only","4","clear",false,1,"GM0090"
"20240136989",2024,"Uitsluitend materiele schade",2,"Personenauto","Fiets","Flank","Rotonde",50,"Niet brandend","Daglicht","Droog",\N,\N,"Beersebaan","Cuijk","Land van Cuijk","Noord-Brabant",false,51.732438,5.864799,"material damage only","4","clear",false,1,"GM1982"
"20240007616",2024,"Letsel",2,"Personenauto","Fiets","Flank","Bocht",30,"Niet brandend","Schemer","Droog","Parkeervoorziening","222308050","Vromade","Bodegraven","Bodegraven-Reeuwijk","Zuid-Holland",false,52.076166,4.750148,"injury","2","clear",false,1,"GM1901"
"20240007638",2024,"Uitsluitend materiele schade",2,"Personenauto","Fiets","Onbekend",\N,50,\N,"Schemer",\N,\N,\N,"Europaboulevard","Amsterdam","Amsterdam","Noord-Holland",false,52.325433,4.890328,"material damage only","4","unknown",false,1,"GM0363"
"20240009532",2024,"Uitsluitend materiele schade",2,"Personenauto","Fiets","Flank","Rotonde",50,"Niet brandend","Daglicht","Droog",\N,\N,"Kleine Omlegging","Zutphen","Zutphen","Gelderland",false,52.144728,6.209894,"material damage only","4","clear",false,1,"GM0301"
"20240011788",2024,"Uitsluitend materiele schade",2,"Personenauto","Fiets","Flank","Rechte weg",50,"Niet brandend","Daglicht","Droog",\N,"601032825","Weverij","Veenendaal","Veenendaal","Utrecht",false,52.025581,5.549241,"material damage only","4","clear",false,1,"GM0345"
"20230112255",2023,"Letsel",1,"Fiets",\N,"Eenzijdig","Bocht",30,"Brandend","Duisternis","Droog",\N,\N,"Amethistkade","Leiden","Leiden","Zuid-Holland",false,52.154749,4.463262,"injury","2","clear",false,1,"GM0546"
"20240007510",2024,"Letsel",1,"Fiets",\N,"Onbekend",\N,15,\N,"Daglicht",\N,\N,\N,"Stekelbaarssloot","Zoetermeer","Zoetermeer","Zuid-Holland",false,52.062699,4.505451,"injury","2","unknown",false,1,"GM0637"
"20240011844",2024,"Letsel",2,"Personenauto","Fiets","Frontaal","Kruispunt, 4 takken",50,"Niet brandend","Daglicht","Droog",\N,\N,"Zandweg","De Meern","Utrecht","Utrecht",false,52.086066,5.019855,"injury","2","clear",false,1,"GM0344"
"20240003724",2024,"Letsel",1,"Fiets",\N,"Onbekend",\N,60,\N,"Schemer",\N,\N,\N,"Broekstraat","Duiven","Duiven","Gelderland",false,51.956395,6.027736,"injury","2","unknown",false,1,"GM0226"
"20240010930",2024,"Uitsluitend materiele schade",2,"Bestelauto","Fiets","Flank","Kruispunt, 4 takken",30,"Niet brandend","Daglicht","Droog",\N,\N,"Schoudieck","Den Burg","Texel","Noord-Holland",false,53.061285,4.803755,"material damage only","4","clear",false,1,"GM0448"
"20240012477",2024,"Letsel",2,"Personenauto","Fiets","Flank","Kruispunt, 4 takken",50,"Niet brandend","Daglicht","Droog",\N,\N,"Prins Bernhardlaan","Alphen aan den Rijn","Alphen aan den Rijn","Zuid-Holland",false,52.138962,4.656723,"injury","2","clear",false,1,"GM0484"
"20230111135",2023,"Letsel",2,"Personenauto","Fiets","Flank","Kruispunt, 4 takken",30,"Brandend","Duisternis","Droog",\N,\N,"Amstel","Amsterdam","Amsterdam","Noord-Holland",false,52.36701,4.895754,"injury","2","clear",false,1,"GM0363"
"20240156014",2024,"Uitsluitend materiele schade",2,"Personenauto","Fiets","Onbekend","Rotonde",50,"Niet brandend","Daglicht","Droog",\N,\N,"Meerhovendreef","Eindhoven","Eindhoven","Noord-Brabant",false,51.434683,5.394333,"material damage only","4","clear",false,1,"GM0772"
"20240157816",2024,"Uitsluitend materiele schade",2,"Personenauto","Fiets","Flank","Rotonde",50,"Brandend","Duisternis","Droog",\N,\N,"Rukkerweg","Kerkrade","Kerkrade","Limburg",false,50.870988,6.020573,"material damage only","4","clear",false,1,"GM0928"
"20240000750",2024,"Uitsluitend materiele schade",1,"Fiets",\N,"Eenzijdig","Kruispunt, 4 takken",30,"Niet brandend","Daglicht","Droog",\N,\N,"M Zeldenrust-Noordanusln","Rotterdam","Rotterdam","Zuid-Holland",false,51.934409,4.543494,"material damage only","4","clear",false,1,"GM0599"
"20240006202",2024,"Letsel",1,"Fiets",\N,"Onbekend",\N,30,\N,"Duisternis",\N,\N,"600371157","Kerkelaan","Sint Pancras","Dijk en Waard","Noord-Holland",false,52.665888,4.785273,"injury","2","unknown",false,1,"GM1980"