"accident_id","year","severity_raw","party_count","party1_type","party2_type","accident_type","road_situation","speed_limit_kmh","road_lighting","light_condition_label","weather_raw","infra_type","road_segment_id","street_name","place_name","gemeente_name_raw","province","alcohol_indicated","latitude","longitude","severity_label","severity_code","weather_label","built_up_area","cyclists_involved","gemeente_code"
"20230077224",2023,"Letsel",2,"Fiets","Bromfiets","Voetganger","Kruispunt, 3 takken",30,"Niet brandend","Daglicht","Droog",\N,\N,"FIETSPAD","Voorschoten","Voorschoten","Zuid-Holland",false,52.127052,4.438732,"injury","2","clear",false,1,"GM0626"
"20230077594",2023,"Letsel",1,"Fiets",\N,"Eenzijdig","Rotonde",30,"Niet brandend","Daglicht","Droog",\N,\N,"Koningin Julianalaan","Voorschoten","Voorschoten","Zuid-Holland",false,52.126855,4.448641,"injury","2","clear",false,1,"GM0626"
"20230016414",2023,"Letsel",2,"Personenauto","Fiets","Flank","Kruispunt, 3 takken",30,"Niet brandend","Duisternis","Droog",\N,\N,"Media Parkboulevard","Hilversum","Hilversum","Noord-Holland",false,52.235456,5.170956,"injury","2","clear",false,1,"GM0402"
"20230017552",2023,"Uitsluitend materiele schade",2,"Personenauto","Fiets","Flank","Rotonde",50,"Niet brandend","Daglicht","Droog",\N,\N,"Zeeweg","Heiloo","Heiloo","Noord-Holland",false,52.606487,4.688264,"material damage only","4","clear",false,1,"GM0399"
"20230018117",2023,"Letsel",2,"e-bike","Personenauto","Flank","Kruispunt, 3 takken",50,"Niet brandend","Daglicht","Droog",\N,\N,"Keern","Hoorn","Hoorn","Noord-Holland",false,52.649124,5.0463,"injury","2","clear",false,1,"GM0405"
"20230019339",2023,"Uitsluitend materiele schade",2,"Fiets","Fiets","Flank","Kruispunt, 3 takken",60,"Niet brandend","Daglicht","Droog",\N,\N,"Broekseweg","Meerkerk","Vijfheerenlanden","Utrecht",false,51.939551,4.96717,"material damage only","4","clear",false,1,"GM1961"
"20230023288",2023,"Letsel",2,"Personenauto","Fiets","Onbekend","Kruispunt, 4 takken",50,"Niet brandend","Daglicht","Droog",\N,\N,"Jan Tooroplaan","Rijswijk","Rijswijk","Zuid-Holland",false,52.049007,4.332802,"injury","2","clear",false,1,\N
"20230023872",2023,"Uitsluitend materiele schade",2,"Bromfiets","Fiets","Flank","Kruispunt, 3 takken",30,"Niet brandend","Daglicht","Droog",\N,\N,"Karperstraat","Aalsmeer","Aalsmeer","Noord-Holland",false,52.27764,4.801918,"material damage only","4","clear",false,1,"GM0358"
"20230068019",2023,"Letsel",3,"Fiets","Fiets","Onbekend","Bocht",50,"Niet brandend","Daglicht","Regen",\N,"600611821","Starweg","Heemskerk","Heemskerk","Noord-Holland",false,52.506773,4.659524,"injury","2","rain",false,1,"GM0396"
"20230078656",2023,"Letsel",1,"Fiets",\N,"Eenzijdig","Rechte weg",60,"Niet aanwezig","Daglicht","Droog",\N,"213341029","Vriezekoop","Leimuiden","Kaag en Braassem","Zuid-Holland",false,52.219493,4.700488,"injury","2","clear",false,1,"GM1884"
"20230013039",2023,"Uitsluitend materiele schade",2,"Personenauto","Fiets","Flank","Kruispunt, 4 takken",50,"Niet brandend","Daglicht","Droog",\N,\N,"Raadhuisstraat","Doetinchem","Doetinchem","Gelderland",false,51.96482,6.292978,"material damage only","4","clear",false,1,"GM0222"
"20230016449",2023,"Letsel",3,"Bromfiets","Fiets","Onbekend","Rechte weg",30,"Brandend","Daglicht","Droog",\N,"273298002","Heemsteedseweg","Houten","Houten","Utrecht",false,52.034858,5.123679,"injury","2","clear",false,1,"GM0321"
"20230034162",2023,"Uitsluitend materiele schade",2,"Personenauto","Fiets","Flank","Kruispunt, 4 takken",50,"Niet brandend","Daglicht","Regen",\N,\N,"Industrieplein","Hengelo","Hengelo (O)","Overijssel",false,52.260665,6.793382,"material damage only","4","rain",false,1,\N
"20230068660",2023,"Letsel",1,"e-bike",\N,"Eenzijdig","Kruispunt, 3 takken",30,"Niet brandend","Daglicht","Droog",\N,\N,"Schilderstraat","Rotterdam","Rotterdam","Zuid-Holland",false,51.916288,4.481644,"injury","2","clear",false,1,"GM0599"
"20230075451",2023,"Letsel",2,"Fiets","Los voorwerp","Los voorwerp","Rechte weg",50,"Niet aanwezig","Daglicht","Droog","Tunnel","600520707","FIETSPAD","Zwaag","Hoorn","Noord-Holland",false,52.676424,5.07967,"injury","2","clear",false,1,"GM0405"
"20230073383",2023,"Letsel",2,"Personenauto","e-bike","Onbekend","Rotonde",50,"Niet brandend","Daglicht","Droog",\N,\N,"Klaphekweg","Ede","Ede","Gelderland",false,52.038603,5.649904,"injury","2","clear",false,1,"GM0228"
"20240025729",2024,"Uitsluitend materiele schade",2,"Personenauto","Fiets","Onbekend","Kruispunt, 4 takken",50,"Niet brandend","Daglicht","Regen",\N,\N,"Schepenenveld","Apeldoorn","Apeldoorn","Gelderland",false,52.190826,5.992085,"material damage only","4","rain",false,1,"GM0200"
"20230020544",2023,"Uitsluitend materiele schade",2,"Fiets","Scootmobiel","Kop/staart","Rechte weg",50,"Niet brandend","Daglicht","Droog",\N,"245379089","Kamperfoelieweg","Amsterdam","Amsterdam","Noord-Holland",false,52.397469,4.913475,"material damage only","4","clear",false,1,"GM0363"
"20230034961",2023,"Letsel",2,"Personenauto","e-bike","Flank","Rechte weg",50,"Niet brandend","Daglicht","Droog",\N,"600595395","Veenhoopsweg","Smilde","Midden-Drenthe","Drenthe",false,52.946808,6.442865,"injury","2","clear",false,1,"GM1731"
"20230068700",2023,"Uitsluitend materiele schade",2,"Personenauto","Fiets","Geparkeerd voertuig","Rechte weg",30,"Niet brandend","Daglicht","Droog",\N,"172303081","Bartholomeuslaan","Nootdorp","Pijnacker-Nootdorp","Zuid-Holland",false,52.048909,4.384565,"material damage only","4","clear",false,1,"GM1926"
"20230074671",2023,"Letsel",2,"Bromfiets","Fiets","Flank","Rechte weg",30,"Niet brandend","Daglicht","Droog",\N,"601019235","Amstelveenseweg","Amsterdam","Amsterdam","Noord-Holland",false,52.333917,4.85732,"injury","2","clear",false,1,"GM0363"
"20230078842",2023,"Letsel",2,"e-bike","Bromfiets","Frontaal","Rotonde",30,"Niet brandend","Daglicht","Droog",\N,\N,"Delftsestraatweg","Delfgauw","Pijnacker-Nootdorp","Zuid-Holland",false,52.014634,4.412477,"injury","2","clear",false,1,"GM1926"
"20230078882",2023,"Letsel",2,"Personenauto","Fiets","Flank","Kruispunt, 4 takken",30,"Niet brandend","Daglicht","Droog",\N,\N,"Van Woustraat","Amsterdam","Amsterdam","Noord-Holland",false,52.352156,4.903009,"injury","2","clear",false,1,"GM0363"
"20230030359",2023,"Uitsluitend materiele schade",2,"Personenauto","Fiets","Onbekend","Rechte weg",30,"Niet brandend","Daglicht","Droog",\N,"305153014","Eindhovenseweg","Steensel","Eersel","Noord-Brabant",false,51.378324,5.353211,"material damage only","4","clear",false,1,"GM0770"
"20230018288",2023,"Letsel",2,"Fiets","Fiets","Onbekend","Rechte weg",30,"Niet brandend","Daglicht","Droog",\N,"208377057","Jansweg","Haarlem","Haarlem","Noord-Holland",false,52.38609,4.63935,"injury","2","clear",false,1,"GM0392"
"20230018865",2023,"Letsel",1,"Fiets",\N,"Eenzijdig","Rotonde",30,"Niet brandend","Daglicht","Droog",\N,\N,"Faunalaan","Driebergen-Rijsenburg","Utrechtse Heuvelrug","Utrecht",false,52.054839,5.265409,"injury","2","clear",false,1,"GM1581"
"20230018877",2023,"Uitsluitend materiele schade",2,"Bromfiets","Fiets","Flank","Kruispunt, 3 takken",50,"Niet brandend","Daglicht","Droog",\N,\N,"Rotsoord","Utrecht","Utrecht","Utrecht",false,52.072968,5.120751,"material damage only","4","clear",false,1,"GM0344"
"20230024640",2023,"Uitsluitend materiele schade",2,"Personenauto","Fiets","Eenzijdig","Rotonde",50,"Niet brandend","Daglicht","Droog",\N,\N,"Baden Powellweg","Amsterdam","Amsterdam","Noord-Holland",false,52.347837,4.797813,"material damage only","4","clear",false,1,"GM0363"
"20230028044",2023,"Uitsluitend materiele schade",2,"Personenauto","Fiets","Flank","Bocht",50,"Niet brandend","Daglicht","Regen",\N,"600729833","Dordtselaan","Rotterdam","Rotterdam","Zuid-Holland",false,51.89717,4.495354,"material damage only","4","rain",false,1,"GM0599"
"20230030931",2023,"Uitsluitend materiele schade",2,"Personenauto","Fiets","Onbekend","Kruispunt, 3 takken",50,"Niet aanwezig","Schemer","Droog",\N,\N,"Lichtenberg","Eindhoven","Eindhoven","Noord-Brabant",false,51.415999,5.446274,"material damage only","4","clear",false,1,"GM0772"
"20230035036",2023,"Uitsluitend materiele schade",3,"Personenauto","Fiets","Onbekend","Rechte weg",\N,\N,"Daglicht","Droog",\N,\N,"Marsmanstraat","Doetinchem","Doetinchem","Gelderland",false,51.973414,6.303401,"material damage only","4","clear",false,1,"GM0222"
"20230035047",2023,"Letsel",2,"Personenauto","Fiets","Onbekend","Kruispunt, 3 takken",30,"Niet brandend","Daglicht","Droog",\N,"439391056","Vilstersedijk","Lemelerveld","Dalfsen","Overijssel",false,52.447644,6.340366,"injury","2","clear",false,1,"GM0148"
"20230035950",2023,"Letsel",3,"Personenauto","Fiets","Frontaal","Bocht",60,"Brandend","Duisternis","Droog",\N,\N,"Veluweweg","Kootwijkerbroek","Barneveld","Gelderland",true,52.156605,5.677278,"injury","2","clear",false,1,"GM0203"
"20230076613",2023,"Uitsluitend materiele schade",2,"Bestelauto","Fiets","Flank","Kruispunt, 3 takken",30,"Niet brandend","Daglicht","Droog",\N,"497359014","Grotestraat","Borne","Borne","Overijssel",false,52.297611,6.760723,"material damage only","4","clear",false,1,"GM0147"
"20240030856",2024,"Uitsluitend materiele schade",3,"Fiets","Fiets","Kop/staart","Rechte weg",30,"Niet brandend","Daglicht","Droog",\N,"252362132","Kloekhorststraat","Amsterdam","Amsterdam","Noord-Holland",false,52.317143,4.968001,"material damage only","4","clear",false,1,"GM0363"
"20230071804",2023,"Letsel",3,"Personenauto","Fiets","Onbekend","Rechte weg",60,"Niet aanwezig","Daglicht","Droog",\N,"600997047","Kanaaldijk-Noord","Heeswijk-Dinther","Bernheze","Noord-Brabant",true,51.64885,5.445737,"injury","2","clear",false,1,"GM1721"
"20230024670",2023,"Letsel",3,"Fiets","Personenauto","Onbekend","Kruispunt, 3 takken",50,"Niet brandend","Daglicht","Regen",\N,\N,"Keern","Hoorn","Hoorn","Noord-Holland",false,52.656174,5.043692,"injury","2","rain",false,1,"GM0405"
"20230024698",2023,"Letsel",3,"Fiets","Personenauto","Onbekend","Rechte weg",60,"Niet brandend","Daglicht","Droog",\N,"600742556","Cruquiusdijk","Cruquius","Haarlemmermeer","Noord-Holland",false,52.339112,4.644031,"injury","2","clear",false,1,"GM0394"
"20230025261",2023,"Letsel",2,"Bestelauto","Fiets","Onbekend","Rotonde",50,"Niet brandend","Schemer","Droog",\N,\N,"Burg Van Lierplein","Vlaardingen","Vlaardingen","Zuid-Holland",false,51.910878,4.360708,"injury","2","clear",false,1,"GM0622"
"20230027503",2023,"Uitsluitend materiele schade",2,"Personenauto","Fiets","Flank","Rechte weg",30,"Niet brandend","Daglicht","Droog",\N,"262218085","Oudestraat","Sprang-Capelle","Waalwijk","Noord-Brabant",false,51.672046,5.045972,"material damage only","4","clear",false,1,"GM0867"
"20240030748",2024,"Letsel",2,"Personenauto","Fiets","Onbekend","Kruispunt, 4 takken",30,"Niet brandend","Daglicht","Droog",\N,\N,"Nassaukade","Amsterdam","Amsterdam","Noord-Holland",false,52.368392,4.876224,"injury","2","clear",false,1,"GM0363"
"20230075213",2023,"Letsel",2,"Fiets","e-bike","Frontaal","Rechte weg",60,"Brandend","Duisternis","Droog",\N,"600522280","Geesterweg","Akersloot","Castricum","Noord-Holland",false,52.553386,4.728859,"injury","2","clear",false,1,"GM0383"
"20230075480",2023,"Uitsluitend materiele schade",2,"Personenauto","Fiets","Flank","Kruispunt, 3 takken",30,"Brandend","Schemer","Regen",\N,\N,"Catharijnesingel","Utrecht","Utrecht","Utrecht",false,52.085215,5.118531,"material damage only","4","rain",false,1,"GM0344"
"20230070332",2023,"Uitsluitend materiele schade",3,"Fiets","Personenauto","Onbekend","Rechte weg",30,"Niet brandend","Daglicht","Droog",\N,"367055035","Burg Janssenstraat","Beek","Beek","Limburg",false,50.938742,5.796375,"material damage only","4","clear",false,1,\N
"20230072018",2023,"Letsel",3,"Personenauto","Fiets","Los voorwerp","Rechte weg",50,"Niet aanwezig","Daglicht","Droog",\N,"600154137","Luienhoeksestraat","St. Willebrord","Rucphen","Noord-Brabant",false,51.55001,4.600019,"injury","2","clear",false,1,"GM0840"
"20230072179",2023,"Uitsluitend materiele schade",2,"Personenauto","e-bike","Frontaal","Kruispunt, 3 takken",50,"Brandend","Daglicht","Droog",\N,\N,"Willem Loréstraat","Leeuwarden","Leeuwarden","Friesland",false,53.201778,5.817543,"material damage only","4","clear",false,1,"GM0080"
"20230072333",2023,"Uitsluitend materiele schade",1,"Fiets",\N,"Onbekend","Kruispunt, 3 takken",60,"Niet brandend","Daglicht","Droog",\N,\N,"Zethuisterweg","Noordwijk","Westerkwartier","Groningen",false,53.159302,6.232518,"material damage only","4","clear",false,1,"GM1969"
"20230077941",2023,"Letsel",2,"Personenauto","Fiets","Onbekend","Rechte weg",50,"Niet brandend","Daglicht","Droog",\N,"600362950","Prinsengracht","Amsterdam","Amsterdam","Noord-Holland",false,52.375615,4.883643,"injury","2","clear",false,1,"GM0363"
"20230014938",2023,"Letsel",2,"Fiets","e-bike","Flank","Kruispunt, 4 takken",50,"Niet brandend","Daglicht","Droog",\N,\N,"Brailleweg","Groningen","Groningen","Groningen",false,53.202774,6.563837,"injury","2","clear",false,1,"GM0014"
"20240029176",2024,"Letsel",2,"Personenauto","Fiets","Flank","Kruispunt, 4 takken",50,"Niet brandend","Daglicht","Droog",\N,\N,"Kommerdijk","Gendt","Lingewaard","Gelderland",false,51.874657,5.957402,"injury","2","clear",false,1,"GM1705"
"20230032126",2023,"Uitsluitend materiele schade",2,"Personenauto","Fiets","Flank","Kruispunt, 3 takken",50,"Niet brandend","Daglicht","Regen",\N,\N,"Potteriestraat","Maastricht","Maastricht","Limburg",false,50.850807,5.657826,"material damage only","4","rain",false,1,"GM0935"
"20230036540",2023,"Uitsluitend materiele schade",2,"Personenauto","Fiets","Flank","Rotonde",50,"Niet brandend","Daglicht","Regen",\N,\N,"Rijksstraatweg","Elst Ut","Rhenen","Utrecht",false,51.982443,5.506359,"material damage only","4","rain",false,1,"GM0340"
"20230070650",2023,"Uitsluitend materiele schade",2,"Personenauto","Fiets","Flank","Rotonde",50,"Niet brandend","Daglicht","Regen",\N,\N,"Akerstraat","Heerlen","Heerlen","Limburg",false,50.878226,5.987185,"material damage only","4","rain",false,1,"GM0917"
"20230071481",2023,"Uitsluitend materiele schade",2,"Personenauto","Fiets","Flank","Rechte weg",50,"Niet brandend","Daglicht","Droog",\N,\N,"Outshoornstraat","Tilburg","Tilburg","Noord-Brabant",false,51.566424,5.067724,"material damage only","4","clear",false,1,"GM0855"
"20240031130",2024,"Letsel",2,"Fiets","Fiets","Frontaal","Rechte weg",30,"Niet brandend","Daglicht","Droog",\N,"601196667","De Trompet","Heemskerk","Heemskerk","Noord-Holland",false,52.506116,4.697093,"injury","2","clear",false,1,"GM0396"
"20230072046",2023,"Letsel",2,"Personenauto","Fiets","Flank","Kruispunt, 3 takken",60,"Brandend","Duisternis","Droog",\N,\N,"Sonseweg","Best","Best","Noord-Brabant",false,51.517982,5.40146,"injury","2","clear",false,1,"GM0753"
"20230073022",2023,"Letsel",2,"Fiets","Fiets","Onbekend","Rechte weg",30,"Niet brandend","Daglicht","Droog",\N,"460452066","Mr Cramerweg","Hoogeveen","Hoogeveen","Drenthe",false,52.720646,6.50252,"injury","2","clear",false,1,"GM0118"
"20230022412",2023,"Letsel",3,"Fiets","Fiets","Onbekend","Rechte weg",30,"Niet brandend","Daglicht","Droog",\N,"173302019","Kerkweg","Nootdorp","Pijnacker-Nootdorp","Zuid-Holland",false,52.043062,4.391365,"injury","2","clear",false,1,"GM1926"
"20230028753",2023,"Uitsluitend materiele schade",2,"Personenauto","Fiets","Flank","Kruispunt, 4 takken",50,"Brandend","Duisternis","Droog",\N,\N,"Nieuwe Binnenweg","Rotterdam","Rotterdam","Zuid-Holland",false,51.912331,4.455477,"material damage only","4","clear",false,1,"GM0599"
"20230072422",2023,"Uitsluitend materiele schade",2,"Snorfiets","Fiets","Flank","Rechte weg",60,"Niet brandend","Daglicht","Droog",\N,"444531006","Norgerweg","Een","Noordenveld","Drenthe",false,53.07611,6.394931,"material damage only","4","clear",false,1,"GM1699"
"20230078048",2023,"Letsel",1,"Fiets",\N,"Eenzijdig","Rechte weg",30,"Niet brandend","Daglicht","Droog",\N,"600379329","Aagje Dekenlaan","'s-Gravenhage","'s-Gravenhage","Zuid-Holland",false,52.050016,4.294668,"injury","2","clear",false,1,"GM0518"
"20240025710",2024,"Uitsluitend materiele schade",2,"Personenauto","Fiets","Flank","Kruispunt, 4 takken",30,"Niet brandend","Daglicht","Droog",\N,\N,"Salamanderstraat","Hengelo","Hengelo (O)","Overijssel",false,52.288813,6.810921,"material damage only","4","clear",false,1,\N
"20230021329",2023,"Uitsluitend materiele schade",2,"Personenauto","Fiets","Flank","Rotonde",50,"Brandend","Duisternis","Regen",\N,\N,"Australiëlaan","Alphen aan den Rijn","Alphen aan den Rijn","Zuid-Holland",false,52.125958,4.652938,"material damage only","4","rain",false,1,"GM0484"
"20230031065",2023,"Letsel",2,"Personenauto","Fiets","Flank","Rotonde",50,"Brandend","Duisternis","Droog",\N,\N,"Beersebaan","Cuijk","Land van Cuijk","Noord-Brabant",false,51.732438,5.864799,"injury","2","clear",false,1,"GM1982"
"20230072694",2023,"Letsel",2,"Personenauto","Fiets","Frontaal","Rechte weg",60,"Brandend","Duisternis","Droog",\N,"354559040","It Aldlân","Marsum","Waadhoeke","Friesland",false,53.204117,5.727053,"injury","2","clear",false,1,"GM1949"
"20230073662",2023,"Uitsluitend materiele schade",2,"Fiets","Personenauto","Flank","Rechte weg",30,"Brandend","Duisternis","Regen",\N,"600832223","Jousterweg","Oudehaske","De Fryske Marren","Friesland",false,52.957222,5.865617,"material damage only","4","rain",false,1,"GM1940"
"20230075242",2023,"Letsel",2,"Personenauto","Fiets","Flank","Kruispunt, 3 takken",50,"Niet brandend","Daglicht","Droog",\N,\N,"Drakenstraat","Rijsenhout","Haarlemmermeer","Noord-Holland",false,52.260032,4.709998,"injury","2","clear",false,1,"GM0394"
"20230016190",2023,"Letsel",3,"Personenauto","Fiets","Los voorwerp","Kruispunt, 4 takken",50,"Niet brandend","Daglicht",\N,\N,\N,"UTRECHT-CENTRUM 7","Utrecht","Utrecht","Utrecht",false,52.110714,5.052646,"injury","2","unknown",false,1,"GM0344"
"20230028250",2023,"Letsel",2,"Personenauto","Fiets","Flank","Kruispunt, 4 takken",30,"Brandend","Duisternis","Droog",\N,\N,"Notenhagen","Rotterdam","Rotterdam","Zuid-Holland",false,51.884969,4.557994,"injury","2","clear",false,1,"GM0599"
"20230077078",2023,"Letsel",2,"Fiets","Fiets","Onbekend","Rechte weg",50,"Niet brandend","Daglicht","Droog",\N,"166312074","Bezuidenhoutseweg","'s-Gravenhage","'s-Gravenhage","Zuid-Holland",false,52.089686,4.338615,"injury","2","clear",false,1,"GM0518"
"20230077785",2023,"Uitsluitend materiele schade",2,"Personenauto","Fiets","Flank","Kruispunt, 4 takken",50,"Niet brandend","Daglicht","Droog",\N,\N,"Ceintuurbaan","Amsterdam","Amsterdam","Noord-Holland",false,52.354795,4.901193,"material damage only","4","clear",false,1,"GM0363"
"20230077914",2023,"Letsel",2,"Bestelauto","Fiets","Flank","Kruispunt, 4 takken",50,"Niet brandend","Daglicht","Droog",\N,\N,"Statenjachtstraat","Amsterdam","Amsterdam","Noord-Holland",false,52.406566,4.915459,"injury","2","clear",false,1,"GM0363"
"20230077915",2023,"Letsel",1,"Fiets",\N,"Eenzijdig","Rechte weg",50,"Niet brandend","Daglicht","Droog","Brug/viaduct","169292049","Abtswoudsepad","Delft","Delft","Zuid-Holland",false,52.001562,4.363732,"injury","2","clear",false,1,"GM0503"
"20230077967",2023,"Uitsluitend materiele schade",2,"Personenauto","Fiets","Flank","Kruispunt, 4 takken",50,"Niet brandend","Daglicht","Droog",\N,\N,"Laan van Nootdorp","'s-Gravenhage","'s-Gravenhage","Zuid-Holland",false,52.051227,4.38476,"material damage only","4","clear",false,1,"GM0518"
"20230014467",2023,"Letsel",1,"Fiets",\N,"Eenzijdig","Rechte weg",30,"Niet brandend","Daglicht","Droog",\N,"601142564","Heereweg","Midsland","Terschelling","Friesland",false,53.396324,5.284616,"injury","2","clear",false,1,"GM0093"
"20230023077",2023,"Letsel",2,"Personenauto","Fiets","Flank","Rotonde",50,"Niet aanwezig","Daglicht","Droog",\N,\N,"Westduinweg","'s-Gravenhage","'s-Gravenhage","Zuid-Holland",false,52.099963,4.272736,"injury","2","clear",false,1,"GM0518"
"20230047222",2023,"Letsel",2,"Fiets","Overig vast object","Vast voorwerp","Rechte weg",50,"Niet brandend","Daglicht","Droog",\N,"601027847","Zuideinde","Oostzaan","Oostzaan","Noord-Holland",false,52.430567,4.883172,"injury","2","clear",false,1,"GM0431"
"20240078935",2024,"Letsel",1,"Fiets",\N,"Eenzijdig","Rechte weg",50,"Niet brandend","Daglicht","Droog","Tunnel",\N,"Nieuweveensepad","'s-Gravenhage","'s-Gravenhage","Zuid-Holland",false,52.056947,4.390717,"injury","2","clear",false,1,"GM0518"
"20240072199",2024,"Letsel",2,"Fiets","Overig vast object","Vast voorwerp","Rechte weg",50,"Niet brandend","Daglicht","Droog",\N,"199356095","Hoofdstraat","Hillegom","Hillegom","Zuid-Holland",false,52.291933,4.578531,"injury","2","clear",false,1,"GM0534"
"20240076913",2024,"Uitsluitend materiele schade",2,"Personenauto","Fiets","Frontaal","Rotonde",50,"Brandend","Schemer","Droog",\N,\N,"Valutaboulevard","Amersfoort","Amersfoort","Utrecht",false,52.188919,5.414488,"material damage only","4","clear",false,1,"GM0307"
"20240080234",2024,"Letsel",2,"Personenauto","Fiets","Flank","Kruispunt, 3 takken",50,"Niet brandend","Daglicht","Droog",\N,\N,"de Fok","Schagen","Schagen","Noord-Holland",false,52.791448,4.784249,"injury","2","clear",false,1,"GM0441"
"20240080246",2024,"Letsel",2,"Personenauto","Fiets","Flank","Kruispunt, 4 takken",50,"Niet brandend","Daglicht","Droog",\N,\N,"Cornelis Lelylaan","Amsterdam","Amsterdam","Noord-Holland",false,52.358105,4.834792,"injury","2","clear",false,1,"GM0363"
"20240041270",2024,"Uitsluitend materiele schade",2,"Personenauto","Fiets","Flank","Rechte weg",50,"Niet brandend","Daglicht","Droog",\N,"600562476","Kwakelkade","Alkmaar","Alkmaar","Noord-Holland",false,52.633898,4.752334,"material damage only","4","clear",false,1,"GM0361"
"20240041909",2024,"Letsel",2,"Fiets","Fiets","Flank","Rechte weg",50,"Niet aanwezig","Daglicht","Droog",\N,"184275137","Coolsingel","Rotterdam","Rotterdam","Zuid-Holland",false,51.921921,4.478953,"injury","2","clear",false,1,"GM0599"
"20240050828",2024,"Letsel",2,"Personenauto","Fiets","Flank","Kruispunt, 4 takken",50,"Niet brandend","Daglicht","Droog",\N,\N,"Lingeweg","Hoorn","Hoorn","Noord-Holland",false,52.654853,5.07935,"injury","2","clear",false,1,"GM0405"
"20240072220",2024,"Uitsluitend materiele schade",3,"Personenauto","e-bike","Flank","Kruispunt, 3 takken",50,"Niet brandend","Daglicht","Droog",\N,\N,"Koperstraat","Rotterdam","Rotterdam","Zuid-Holland",false,51.950163,4.551691,"material damage only","4","clear",false,1,"GM0599"
"20240072271",2024,"Letsel",2,"Fiets","Personenauto","Flank","Rechte weg",50,"Niet brandend","Daglicht","Droog",\N,"600713713","Escamplaan","'s-Gravenhage","'s-Gravenhage","Zuid-Holland",false,52.047483,4.247439,"injury","2","clear",false,1,"GM0518"
"20240076329",2024,"Letsel",1,"Fiets",\N,"Onbekend",\N,\N,\N,"Daglicht",\N,\N,"469563079","Griffeweg","Groningen","Groningen","Groningen",false,53.215022,6.579799,"injury","2","unknown",false,1,"GM0014"
"20240032224",2024,"Letsel",1,"Fiets",\N,"Onbekend",\N,50,\N,"Duisternis",\N,\N,\N,"Stationsplein","Rotterdam","Rotterdam","Zuid-Holland",false,51.923015,4.470063,"injury","2","unknown",false,1,"GM0599"
"20240037250",2024,"Letsel",1,"Fiets",\N,"Kop/staart","Rechte weg",50,"Brandend","Duisternis","Droog",\N,"506531005","Torenstraat","Wildervank","Veendam","Groningen",false,53.071943,6.856859,"injury","2","clear",false,1,"GM0047"
"20240037264",2024,"Letsel",2,"Personenauto","Fiets","Flank","Kruispunt, 3 takken",50,"Niet brandend","Daglicht","Droog",\N,\N,"Burmanialaan","Drachten","Smallingerland","Friesland",false,53.103043,6.086278,"injury","2","clear",false,1,"GM0090"
"20240033591",2024,"Uitsluitend materiele schade",2,"Personenauto","Fiets","Frontaal","Kruispunt, 4 takken",50,"Niet brandend","Daglicht","Droog",\N,\N,"Beekstraat","Panningen","Peel en Maas","Limburg",false,51.331504,5.989618,"material damage only","4","clear",false,1,"GM1894"
"20240042045",2024,"Uitsluitend materiele schade",1,"Fiets",\N,"Onbekend",\N,\N,\N,"Daglicht",\N,\N,"216200009","Leursebaan","Breda","Breda","Noord-Brabant",false,51.588505,4.710742,"material damage only","4","unknown",false,1,"GM0758"
"20240047233",2024,"Uitsluitend materiele schade",2,"Personenauto","e-bike","Onbekend","Rotonde",30,"Niet brandend","Daglicht","Droog",\N,\N,"Gerrit Peuscherstraat","Hengelo","Hengelo (O)","Overijssel",false,52.284691,6.825927,"material damage only","4","clear",false,1,\N
"20240071678",2024,"Letsel",3,"Fiets","Fiets","Onbekend","Rechte weg",60,"Niet brandend","Daglicht","Droog",\N,\N,"FIETSPAD","Heinenoord","Hoeksche Waard","Zuid-Holland",false,51.827104,4.509323,"injury","2","clear",false,1,"GM1963"
"20240072363",2024,"Letsel",2,"Fiets","Fiets","Flank","Rechte weg",50,"Niet brandend","Daglicht","Droog",\N,"600731693","Herenweg","Noordwijkerhout","Noordwijk","Zuid-Holland",false,52.275011,4.510099,"injury","2","clear",false,1,"GM0575"
"20240033004",2024,"Letsel",1,"Fiets",\N,"Eenzijdig","Kruispunt, 3 takken",30,"Niet brandend","Daglicht","Droog",\N,\N,"Lammenschansweg","Leiden","Leiden","Zuid-Holland",false,52.14967,4.49363,"injury","2","clear",false,1,"GM0546"
"20240033604",2024,"Letsel",1,"Fiets",\N,"Onbekend","Rotonde",50,"Niet brandend","Daglicht","Droog",\N,\N,"Midden-Brabantweg","Tilburg","Tilburg","Noord-Brabant",false,51.575826,5.0667,"injury","2","clear",false,1,"GM0855"
"20240039995",2024,"Letsel",2,"Fiets","Overig vast object","Vast voorwerp","Rechte weg",\N,"Brandend","Duisternis","Droog",\N,"211322061","Oranje Nassausingel","Alphen aan den Rijn","Alphen aan den Rijn","Zuid-Holland",false,52.135532,4.669913,"injury","2","clear",false,1,"GM0484"
"20240039998",2024,"Letsel",2,"Snorfiets","e-bike","Onbekend","Kruispunt, 4 takken",50,"Niet brandend","Daglicht","Droog",\N,\N,"Oude Delft","Delft","Delft","Zuid-Holland",false,52.010163,4.357239,"injury","2","clear",false,1,"GM0503"
"20240034300",2024,"Uitsluitend materiele schade",2,"e-bike","Personenauto","Flank","Kruispunt, 3 takken",50,"Niet brandend","Daglicht","Regen",\N,\N,"Oud Valkenhuizerstraat","Heerlen","Heerlen","Limburg",false,50.861688,6.006138,"material damage only","4","rain",false,1,"GM0917"
"20240042752",2024,"Uitsluitend materiele schade",2,"Fiets","Personenauto","Onbekend",\N,\N,\N,"Daglicht",\N,\N,"153276024","Rozenlaan","Maassluis","Maassluis","Zuid-Holland",false,51.926773,4.252527,"material damage only","4","unknown",false,1,"GM0556"