"accident_id","year","severity_raw","party_count","party1_type","party2_type","accident_type","road_situation","speed_limit_kmh","road_lighting","light_condition_label","weather_raw","infra_type","road_segment_id","street_name","place_name","gemeente_name_raw","province","alcohol_indicated","latitude","longitude","severity_label","severity_code","weather_label","built_up_area","cyclists_involved","gemeente_code"
"20220004822",2022,"Uitsluitend materiele schade",2,"Personenauto","Fiets","Los voorwerp","Kruispunt, 4 takken",30,"Niet brandend","Schemer","Droog",\N,\N,"Bussumstraat","Arnhem","Arnhem","Gelderland",false,51.96271,5.864285,"material damage only","4","clear",false,1,"GM0202"
"20230000104",2023,"Letsel",2,"Personenauto","Fiets","Onbekend","Rechte weg",50,"Niet brandend","Daglicht","Droog",\N,"354275036","Hoofdstraat","Zetten","Overbetuwe","Gelderland",false,51.929342,5.712562,"injury","2","clear",false,1,"GM1734"
"20220006735",2022,"Uitsluitend materiele schade",2,"Personenauto","Fiets","Onbekend","Kruispunt, 4 takken",50,"Niet aanwezig","Daglicht","Droog",\N,"600884742","Lambertus Buddestraat","Enschede","Enschede","Overijssel",false,52.220956,6.868191,"material damage only","4","clear",false,1,"GM0153"
"20220122227",2022,"Uitsluitend materiele schade",2,"Fiets","Fiets","Flank","Kruispunt, 4 takken",30,"Niet brandend","Daglicht","Droog","Tunnel",\N,"Jacoba van Beierenlaan","Uitgeest","Uitgeest","Noord-Holland",false,52.521579,4.703746,"material damage only","4","clear",false,1,"GM0450"
"20220131457",2022,"Uitsluitend materiele schade",2,"Fiets","Bromfiets","Flank","Kruispunt, 4 takken",\N,"Niet brandend","Daglicht","Droog",\N,\N,"Sterrenlaan","Eindhoven","Eindhoven","Noord-Brabant",false,51.467668,5.503249,"material damage only","4","clear",false,1,"GM0772"
"20220102529",2022,"Letsel",3,"Personenauto","Fiets","Flank","Kruispunt, 4 takken",50,"Brandend","Duisternis","Droog",\N,\N,"Weteringlaan","Amsterdam","Amsterdam","Noord-Holland",false,52.358031,4.890834,"injury","2","clear",false,1,"GM0363"
"20220077619",2022,"Letsel",2,"Bromfiets","Fiets","Flank","Rechte weg",50,"Niet aanwezig","Daglicht","Droog",\N,"600499177","Arnhemsebovenweg","Driebergen-Rijsenburg","Utrechtse Heuvelrug","Utrecht",false,52.058308,5.292007,"injury","2","clear",false,1,"GM1581"
"20220016439",2022,"Letsel",2,"Bromfiets","e-bike","Flank","Rechte weg",30,"Brandend","Duisternis","Droog","Spoorwegovergang","234382001","Westhavenweg","Amsterdam","Amsterdam","Noord-Holland",false,52.406467,4.83409,"injury","2","clear",false,1,"GM0363"
"20220047705",2022,"Uitsluitend materiele schade",2,"Personenauto","Fiets","Flank","Kruispunt, 4 takken",50,"Brandend","Duisternis","Regen",\N,\N,"Henri Dunantlaan","Deventer","Deventer","Overijssel",false,52.262479,6.173465,"material damage only","4","rain",false,1,"GM0150"
"20220069852",2022,"Letsel",2,"Personenauto","Fiets","Flank","Rotonde",70,"Niet brandend","Daglicht","Regen",\N,\N,"Euregioweg","Kerkrade","Kerkrade","Limburg",false,50.864404,6.014097,"injury","2","rain",false,1,"GM0928"
"20220087558",2022,"Uitsluitend materiele schade",2,"Personenauto","Fiets","Flank","Kruispunt, 4 takken",50,"Niet brandend","Daglicht","Regen",\N,\N,"Dillepad","Tilburg","Tilburg","Noord-Brabant",false,51.576311,5.029204,"material damage only","4","rain",false,1,"GM0855"
"20220104109",2022,"Uitsluitend materiele schade",3,"Fiets","Personenauto","Onbekend","Rechte weg",50,"Niet brandend","Daglicht","Droog",\N,"185325057","Boshuizerkade","Leiden","Leiden","Zuid-Holland",false,52.150677,4.476405,"material damage only","4","clear",false,1,"GM0546"
"20220009206",2022,"Letsel",2,"Personenauto","Fiets","Flank","Rotonde",50,"Niet brandend","Daglicht","Droog",\N,\N,"Westsingel","Bunschoten-Spakenburg","Bunschoten","Utrecht",false,52.23416,5.36798,"injury","2","clear",false,1,"GM0313"
"20220028942",2022,"Letsel",2,"e-bike","Fiets","Onbekend","Kruispunt, 4 takken",30,"Niet brandend","Daglicht","Droog",\N,\N,"Oranjestraat","Boxmeer","Land van Cuijk","Noord-Brabant",false,51.646509,5.94125,"injury","2","clear",false,1,"GM1982"
"20220049234",2022,"Uitsluitend materiele schade",2,"Fiets","Personenauto","Flank","Kruispunt, 3 takken",50,"Niet brandend","Daglicht","Droog",\N,\N,"Demkaweg","Utrecht","Utrecht","Utrecht",false,52.111691,5.080865,"material damage only","4","clear",false,1,"GM0344"
"20220053705",2022,"Letsel",2,"Fiets","Bromfiets","Flank","Kruispunt, 3 takken",30,"Niet brandend","Daglicht","Droog",\N,\N,"FIETSPAD","Zaandam","Zaanstad","Noord-Holland",false,52.436153,4.815046,"injury","2","clear",false,1,"GM0479"
"20220077756",2022,"Uitsluitend materiele schade",2,"Personenauto","Fiets","Flank","Kruispunt, 4 takken",50,"Niet brandend","Daglicht","Droog",\N,\N,"Grote Beer","Veenendaal","Veenendaal","Utrecht",false,52.029556,5.573336,"material damage only","4","clear",false,1,"GM0345"
"20220093409",2022,"Letsel",3,"Personenauto","Fiets","Onbekend","Kruispunt, 4 takken",50,"Niet brandend","Daglicht","Droog",\N,\N,"Bedumerweg","Groningen","Groningen","Groningen",false,53.231831,6.56304,"injury","2","clear",false,1,"GM0014"
"20220049390",2022,"Letsel",2,"Personenauto","Fiets","Flank","Kruispunt, 3 takken",50,"Niet brandend","Daglicht","Droog",\N,\N,"Zevenhuizerstraat","Hoogland","Amersfoort","Utrecht",false,52.185441,5.375036,"injury","2","clear",false,1,"GM0307"
"20220058201",2022,"Uitsluitend materiele schade",2,"Bestelauto","Fiets","Flank","Kruispunt, 3 takken",50,"Niet brandend","Daglicht","Droog",\N,\N,"Oranjebuitensingel","'s-Gravenhage","'s-Gravenhage","Zuid-Holland",false,52.081331,4.320425,"material damage only","4","clear",false,1,"GM0518"
"20220046618",2022,"Uitsluitend materiele schade",2,"Personenauto","Fiets","Flank","Kruispunt, 4 takken",50,"Niet brandend","Daglicht","Droog",\N,\N,"Vlamoven","Arnhem","Arnhem","Gelderland",false,51.97592,5.957531,"material damage only","4","clear",false,1,"GM0202"
"20220049438",2022,"Uitsluitend materiele schade",2,"Bestelauto","Fiets","Onbekend","Rotonde",50,"Niet brandend","Daglicht","Droog",\N,\N,"Burg Middelweerdbaan","De Meern","Utrecht","Utrecht",false,52.08823,5.041182,"material damage only","4","clear",false,1,"GM0344"
"20220059425",2022,"Letsel",2,"Bromfiets","Fiets","Kop/staart","Rechte weg",60,"Niet brandend","Daglicht","Droog",\N,"177289014","Oude Leedeweg","Pijnacker","Pijnacker-Nootdorp","Zuid-Holland",false,51.985453,4.421453,"injury","2","clear",false,1,"GM1926"
"20220077506",2022,"Uitsluitend materiele schade",2,"Personenauto","e-bike","Flank","Kruispunt, 3 takken",50,"Niet brandend","Daglicht","Droog",\N,\N,"Godelindeweg","Hilversum","Hilversum","Noord-Holland",false,52.23384,5.16748,"material damage only","4","clear",false,1,"GM0402"
"20220077974",2022,"Uitsluitend materiele schade",2,"Bromfiets","Fiets","Frontaal","Rechte weg",50,"Niet brandend","Daglicht","Droog",\N,"271299032","Plettenburgerbaan","Nieuwegein","Nieuwegein","Utrecht",false,52.039258,5.104568,"material damage only","4","clear",false,1,"GM0356"
"20220078497",2022,"Uitsluitend materiele schade",2,"Fiets","e-bike","Flank","Kruispunt, 4 takken",30,"Niet brandend","Daglicht","Droog",\N,\N,"Kievitlaan","Schagen","Schagen","Noord-Holland",false,52.784457,4.790042,"material damage only","4","clear",false,1,"GM0441"
"20220083888",2022,"Letsel",2,"Personenauto","Fiets","Flank","Rotonde",50,"Niet aanwezig","Daglicht","Droog",\N,\N,"Steijnlaan","'s-Gravenhage","'s-Gravenhage","Zuid-Holland",false,52.06767,4.287231,"injury","2","clear",false,1,"GM0518"
"20220083899",2022,"Uitsluitend materiele schade",2,"Bestelauto","Fiets","Flank",\N,50,"Niet brandend","Daglicht","Droog",\N,"166311146","Juliana van Stolberglaan","'s-Gravenhage","'s-Gravenhage","Zuid-Holland",false,52.084412,4.343213,"material damage only","4","clear",false,1,"GM0518"
"20220053931",2022,"Letsel",2,"Personenauto","Fiets","Flank","Kruispunt, 3 takken",30,"Niet brandend","Daglicht","Droog",\N,\N,"Rijksweg","Limmen","Heiloo","Noord-Holland",false,52.578987,4.69665,"injury","2","clear",false,1,"GM0399"
"20220058321",2022,"Letsel",2,"e-bike","e-bike","Kop/staart","Rechte weg",50,"Niet brandend","Daglicht","Droog",\N,"195348035","Heereweg","Lisse","Lisse","Zuid-Holland",false,52.254447,4.549187,"injury","2","clear",false,1,"GM0553"
"20220083007",2022,"Uitsluitend materiele schade",2,"Fiets","Fiets","Los voorwerp","Rechte weg",50,"Niet brandend","Daglicht","Droog",\N,\N,"Prinses Beatrixlaan","Alphen aan den Rijn","Alphen aan den Rijn","Zuid-Holland",false,52.131754,4.651033,"material damage only","4","clear",false,1,"GM0484"
"20220091375",2022,"Uitsluitend materiele schade",2,"Personenauto","Fiets","Frontaal","Bocht",80,"Niet brandend","Daglicht","Droog",\N,"600853283","Horsterweg","Grubbenvorst","Horst aan de Maas","Limburg",false,51.422396,6.104919,"material damage only","4","clear",false,1,"GM1507"
"20220114625",2022,"Letsel",1,"Fiets",\N,"Eenzijdig","Rechte weg",30,"Niet brandend","Daglicht","Droog",\N,"600382649","De Wending","Delfzijl","Eemsdelta","Groningen",false,53.335888,6.910804,"injury","2","clear",false,1,"GM1979"
"20220104579",2022,"Letsel",2,"Bromfiets","e-bike","Frontaal","Rechte weg",\N,"Niet brandend","Daglicht","Droog",\N,"196351081","Westelijke Randweg","Lisse","Lisse","Zuid-Holland",false,52.269017,4.557515,"injury","2","clear",false,1,"GM0553"
"20220034098",2022,"Uitsluitend materiele schade",2,"Fiets","Fiets","Flank","Rechte weg",30,"Niet brandend","Daglicht","Droog",\N,"502361127","Weerribben","Hengelo","Hengelo (O)","Overijssel",false,52.306672,6.800014,"material damage only","4","clear",false,1,\N
"20220043345",2022,"Letsel",1,"Fiets",\N,"Eenzijdig",\N,60,\N,"Daglicht",\N,\N,"467380002","Piksenweg","Hoge Hexel","Wierden","Overijssel",false,52.395175,6.545786,"injury","2","unknown",false,1,"GM0189"
"20220071992",2022,"Uitsluitend materiele schade",2,"Personenauto","Fiets","Frontaal","Rechte weg",\N,"Niet brandend","Daglicht","Droog",\N,\N,"Slauerhoffweg","Leeuwarden","Leeuwarden","Friesland",false,53.195544,5.76566,"material damage only","4","clear",false,1,"GM0080"
"20220079474",2022,"Letsel",2,"Personenauto","Fiets","Flank","Kruispunt, 3 takken",30,"Niet brandend","Daglicht","Droog",\N,\N,"Fuchsiastraat","Badhoevedorp","Haarlemmermeer","Noord-Holland",false,52.345923,4.770261,"injury","2","clear",false,1,"GM0394"
"20220091397",2022,"Uitsluitend materiele schade",3,"Personenauto","Fiets","Onbekend","Rechte weg",50,"Niet brandend","Daglicht","Droog",\N,"600925454","STADSBRUG","Weert","Weert","Limburg",false,51.257765,5.703789,"material damage only","4","clear",false,1,"GM0988"
"20220036074",2022,"Letsel",2,"e-bike","e-bike","Flank","Kruispunt, 4 takken",50,\N,"Daglicht",\N,"Tunnel",\N,"Rozenoordpad","Amsterdam","Amsterdam","Noord-Holland",false,52.333912,4.898234,"injury","2","unknown",false,1,"GM0363"
"20220039987",2022,"Uitsluitend materiele schade",2,"Bus","Fiets","Flank","Rotonde",50,"Niet brandend","Daglicht","Droog",\N,\N,"Roermondsestraat","Venlo","Venlo","Limburg",false,51.36668,6.16596,"material damage only","4","clear",false,1,"GM0983"
"20220048138",2022,"Uitsluitend materiele schade",2,"Personenauto","Fiets","Los voorwerp","Kruispunt, 4 takken",30,"Niet brandend","Daglicht","Regen",\N,\N,"Vechtstraat","Hattem","Hattem","Gelderland",false,52.477304,6.056226,"material damage only","4","rain",false,1,"GM0244"
"20220049713",2022,"Uitsluitend materiele schade",2,"Personenauto","Fiets","Flank","Rotonde",50,"Niet aanwezig","Daglicht","Droog",\N,\N,"Tiberdreef","Utrecht","Utrecht","Utrecht",false,52.111037,5.124524,"material damage only","4","clear",false,1,"GM0344"
"20220058490",2022,"Letsel",1,"Fiets",\N,"Eenzijdig","Rechte weg",50,"Niet brandend","Daglicht","Droog",\N,"174310086","Oostvlietweg","Leidschendam","Leidschendam-Voorburg","Zuid-Holland",false,52.082391,4.402282,"injury","2","clear",false,1,"GM1916"
"20220062720",2022,"Letsel",2,"Personenauto","Fiets","Flank","Kruispunt, 4 takken",50,"Niet brandend","Daglicht","Droog",\N,\N,"Galileïlaan","Dordrecht","Dordrecht","Zuid-Holland",false,51.775543,4.674717,"injury","2","clear",false,1,"GM0505"
"20220094437",2022,"Uitsluitend materiele schade",2,"Personenauto","Fiets","Frontaal","Rotonde",50,"Niet brandend","Daglicht","Droog",\N,\N,"Knalhutteweg","Enschede","Enschede","Overijssel",false,52.192115,6.900908,"material damage only","4","clear",false,1,"GM0153"
"20220032379",2022,"Uitsluitend materiele schade",2,"Personenauto","Fiets","Flank","Kruispunt, 3 takken",50,"Niet brandend","Daglicht","Droog",\N,\N,"Topaasstraat","Groningen","Groningen","Groningen",false,53.229377,6.524018,"material damage only","4","clear",false,1,"GM0014"
"20220046989",2022,"Letsel",3,"Personenauto","Fiets","Onbekend","Kruispunt, 3 takken",50,"Niet brandend","Daglicht","Droog",\N,\N,"Middachtensingel","Arnhem","Arnhem","Gelderland",false,51.979426,5.961952,"injury","2","clear",false,1,"GM0202"
"20220049854",2022,"Uitsluitend materiele schade",2,"Bromfiets","Fiets","Flank","Rechte weg",50,"Niet brandend","Daglicht","Droog",\N,"600389054","Koningsstraat","Hilversum","Hilversum","Noord-Holland",false,52.220651,5.175565,"material damage only","4","clear",false,1,"GM0402"
"20220107017",2022,"Letsel",1,"Fiets",\N,"Eenzijdig","Rechte weg",30,"Niet brandend","Daglicht","Droog",\N,"600414579","Albrandswaardsedijk","Poortugaal","Albrandswaard","Zuid-Holland",false,51.850792,4.396127,"injury","2","clear",false,1,"GM0613"
"20220023379",2022,"Uitsluitend materiele schade",2,"Personenauto","e-bike","Flank","Kruispunt, 3 takken",30,"Brandend","Duisternis","Droog",\N,\N,"Sigrid Undsetweg","Rotterdam","Rotterdam","Zuid-Holland",false,51.964095,4.554499,"material damage only","4","clear",false,1,"GM0599"
"20220036467",2022,"Letsel",2,"Personenauto","Fiets","Flank","Kruispunt, 4 takken",30,"Niet brandend","Duisternis","Droog",\N,\N,"Troelstrahoeve","Waddinxveen","Waddinxveen","Zuid-Holland",false,52.0347,4.633613,"injury","2","clear",false,1,"GM0627"
"20220057267",2022,"Letsel",2,"Bromfiets","Fiets","Kop/staart","Rechte weg",30,"Niet brandend","Daglicht","Regen",\N,"600714802","Leyweg","'s-Gravenhage","'s-Gravenhage","Zuid-Holland",false,52.054494,4.269292,"injury","2","rain",false,1,"GM0518"
"20220061382",2022,"Uitsluitend materiele schade",3,"Personenauto","Fiets","Onbekend","Rotonde",50,"Niet brandend","Daglicht","Droog",\N,\N,"Doenkade","Rotterdam","Rotterdam","Zuid-Holland",false,51.972577,4.482201,"material damage only","4","clear",false,1,"GM0599"
"20220083357",2022,"Uitsluitend materiele schade",3,"Bestelauto","Fiets","Onbekend","Bocht",50,"Niet brandend","Daglicht","Droog",\N,"600159948","Nieuwe Markt","Gouda","Gouda","Zuid-Holland",false,52.013461,4.711059,"material damage only","4","clear",false,1,"GM0513"
"20220109371",2022,"Uitsluitend materiele schade",2,"Personenauto","Fiets","Flank","Kruispunt, 4 takken",50,"Niet brandend","Daglicht","Droog",\N,\N,"WILHELMINABRUG","Breda","Breda","Noord-Brabant",true,51.581075,4.777563,"material damage only","4","clear",false,1,"GM0758"
"20220096779",2022,"Letsel",2,"Personenauto","Fiets","Flank","Rechte weg",50,"Niet brandend","Daglicht","Droog",\N,"342368066","Selhorstweg","Harderwijk","Harderwijk","Gelderland",false,52.348067,5.623429,"injury","2","clear",false,1,"GM0243"
"20220097653",2022,"Uitsluitend materiele schade",2,"Personenauto","Fiets","Flank","Rotonde",50,"Niet brandend","Daglicht","Droog",\N,\N,"Klaphekweg","Ede","Ede","Gelderland",false,52.037337,5.651116,"material damage only","4","clear",false,1,"GM0228"
"20220099044",2022,"Letsel",2,"Bestelauto","Fiets","Flank","Kruispunt, 4 takken",30,"Niet brandend","Schemer","Droog",\N,\N,"Zwaaiplein","Veenendaal","Veenendaal","Utrecht",false,52.02855,5.559686,"injury","2","clear",false,1,"GM0345"
"20220096253",2022,"Letsel",2,"e-bike","Los voorwerp","Los voorwerp","Rechte weg",50,"Niet brandend","Daglicht","Droog",\N,"475275044","Europaweg","Aalten","Aalten","Gelderland",false,51.924544,6.592026,"injury","2","clear",false,1,"GM0197"
"20220096920",2022,"Uitsluitend materiele schade",2,"Personenauto","Fiets","Onbekend","Rotonde",\N,"Niet brandend","Daglicht","Droog",\N,\N,"Pannekoekendijk","Zwolle","Zwolle","Overijssel",false,52.516072,6.088866,"material damage only","4","clear",false,1,"GM0193"
"20220097190",2022,"Uitsluitend materiele schade",1,"Fiets",\N,"Eenzijdig","Rechte weg",\N,"Brandend","Duisternis","Droog",\N,"600497485","Dr. W. Dreeslaan","Bennekom","Ede","Gelderland",false,52.002556,5.657545,"material damage only","4","clear",false,1,"GM0228"
"20220038469",2022,"Letsel",2,"Personenauto","Fiets","Flank","Kruispunt, 4 takken",60,"Niet aanwezig","Daglicht","Droog",\N,\N,"Lijndonk","Molenschot","Gilze en Rijen","Noord-Brabant",false,51.565596,4.885811,"injury","2","clear",false,1,"GM0784"
"20220053171",2022,"Uitsluitend materiele schade",2,"Personenauto","Fiets","Flank","Kruispunt, 4 takken",50,"Niet brandend","Daglicht","Droog",\N,\N,"Zoetermeerstraat","Hoofddorp","Haarlemmermeer","Noord-Holland",false,52.311334,4.686616,"material damage only","4","clear",false,1,"GM0394"
"20220058832",2022,"Letsel",1,"Fiets",\N,"Eenzijdig","Rechte weg",30,"Niet brandend","Daglicht","Droog",\N,"171311077","Via Donizetti","Voorburg","Leidschendam-Voorburg","Zuid-Holland",false,52.087816,4.376917,"injury","2","clear",false,1,"GM1916"
"20220085745",2022,"Uitsluitend materiele schade",2,"Personenauto","e-bike","Onbekend","Kruispunt, 4 takken",50,"Niet brandend","Daglicht","Droog",\N,\N,"Zestienhovensekade","Rotterdam","Rotterdam","Zuid-Holland",false,51.942202,4.426298,"material damage only","4","clear",false,1,"GM0599"
"20220034817",2022,"Letsel",2,"Snorfiets","e-bike","Flank","Kruispunt, 4 takken",50,"Brandend","Duisternis","Regen",\N,\N,"Plutoniumweg","Utrecht","Utrecht","Utrecht",false,52.11541,5.056203,"injury","2","rain",false,1,"GM0344"
"20220036824",2022,"Letsel",1,"e-bike",\N,"Eenzijdig",\N,60,\N,"Duisternis",\N,\N,"600448362","2e Poellaan","Lisse","Lisse","Zuid-Holland",false,52.244128,4.541566,"injury","2","unknown",false,1,"GM0553"
"20220050197",2022,"Uitsluitend materiele schade",2,"Bestelauto","Fiets","Onbekend","Kruispunt, 4 takken",50,"Niet brandend","Daglicht","Droog",\N,\N,"Schoenerstraat","Utrecht","Utrecht","Utrecht",false,52.098263,5.085949,"material damage only","4","clear",false,1,"GM0344"
"20220053259",2022,"Uitsluitend materiele schade",2,"e-bike","e-bike","Frontaal","Rechte weg",\N,"Niet brandend","Daglicht","Droog",\N,"600112975","Burg van Alphenstraat","Zandvoort","Zandvoort","Noord-Holland",false,52.382046,4.533624,"material damage only","4","clear",false,1,"GM0473"
"20220055844",2022,"Uitsluitend materiele schade",3,"Personenauto","Fiets","Onbekend","Rechte weg",50,"Niet brandend","Daglicht","Regen",\N,"600921868","Joan Muyskenweg","Amsterdam-Duivendrecht","Ouder-Amstel","Noord-Holland",false,52.323324,4.925919,"material damage only","4","rain",false,1,"GM0437"
"20220059921",2022,"Letsel",2,"Personenauto","Fiets","Flank","Rotonde",50,"Niet brandend","Daglicht","Droog",\N,\N,"Delfgauwseweg","Delft","Delft","Zuid-Holland",false,52.006534,4.381052,"injury","2","clear",false,1,"GM0503"
"20220099696",2022,"Uitsluitend materiele schade",2,"Personenauto","Fiets","Onbekend","Rotonde",50,"Niet brandend","Daglicht","Droog",\N,\N,"Hindersteinlaan","Vleuten","Utrecht","Utrecht",false,52.103536,5.021434,"material damage only","4","clear",false,1,"GM0344"
"20220099703",2022,"Letsel",2,"Fiets",\N,"Eenzijdig","Kruispunt, 4 takken",30,"Brandend","Duisternis","Droog","Brug/viaduct",\N,"Weidekruidveld","Almere","Almere","Flevoland",false,52.383169,5.192039,"injury","2","clear",false,1,"GM0034"
"20220100897",2022,"Letsel",2,"Bromfiets","e-bike","Frontaal","Bocht",50,"Niet brandend","Daglicht","Droog",\N,"207372032","Noord Schalkwijkerweg","Haarlem","Haarlem","Noord-Holland",false,52.359972,4.638387,"injury","2","clear",false,1,"GM0392"
"20220074372",2022,"Letsel",2,"Fiets","Fiets","Kop/staart","Bocht",50,"Niet brandend","Daglicht","Droog",\N,"354281032","Koningin Julianastraat","Randwijk","Overbetuwe","Gelderland",false,51.953545,5.710299,"injury","2","clear",false,1,"GM1734"
"20220050289",2022,"Uitsluitend materiele schade",2,"Personenauto","Fiets","Onbekend","Kruispunt, 4 takken",50,"Brandend","Duisternis","Droog",\N,\N,"Brailledreef","Utrecht","Utrecht","Utrecht",false,52.108552,5.112747,"material damage only","4","clear",false,1,"GM0344"
"20220024023",2022,"Letsel",2,"Personenauto","Fiets","Flank","Kruispunt, 4 takken",50,"Brandend","Duisternis","Droog",\N,\N,"Spuiboulevard","Dordrecht","Dordrecht","Zuid-Holland",false,51.812178,4.658276,"injury","2","clear",false,1,"GM0505"
"20220044221",2022,"Letsel",2,"Bestelauto","Fiets","Geparkeerd voertuig","Kruispunt, 4 takken",30,"Niet brandend","Daglicht","Droog",\N,\N,"Kottenseweg","Winterswijk","Winterswijk","Gelderland",false,51.966556,6.722733,"injury","2","clear",false,1,"GM0294"
"20220054939",2022,"Letsel",2,"Bestelauto","Fiets","Flank","Kruispunt, 3 takken",30,"Niet brandend","Daglicht","Droog",\N,\N,"Ingelandenweg","Amsterdam","Amsterdam","Noord-Holland",false,52.356998,4.785496,"injury","2","clear",false,1,"GM0363"
"20220060204",2022,"Letsel",2,"Fiets","Fiets","Frontaal","Rechte weg",30,"Niet brandend","Daglicht","Droog",\N,"600632485","FIETSPAD","Wassenaar","Wassenaar","Zuid-Holland",false,52.147754,4.415474,"injury","2","clear",false,1,"GM0629"
"20220064872",2022,"Uitsluitend materiele schade",2,"Snorfiets","Fiets","Frontaal","Rechte weg",50,"Brandend","Duisternis","Regen",\N,\N,"Hoofdstraat","Kaatsheuvel","Loon op Zand","Noord-Brabant",false,51.661754,5.030915,"material damage only","4","rain",false,1,"GM0809"
"20220109462",2022,"Uitsluitend materiele schade",2,"Bromfiets","Fiets","Frontaal","Rechte weg",60,"Niet brandend","Daglicht",\N,\N,"600531211","Stoofweg","Noordwelle","Schouwen-Duiveland","Zeeland",false,51.71853,3.798054,"material damage only","4","unknown",false,1,"GM1676"
"20220110777",2022,"Uitsluitend materiele schade",2,"Bestelauto","Fiets","Flank","Kruispunt, 3 takken",30,"Niet brandend","Daglicht","Droog",\N,\N,"Zwartvenseweg","Tilburg","Tilburg","Noord-Brabant",false,51.572929,5.0363,"material damage only","4","clear",false,1,"GM0855"
"20220111079",2022,"Uitsluitend materiele schade",2,"Fiets","Fiets","Onbekend","Kruispunt, 4 takken",50,"Niet brandend","Daglicht","Droog",\N,\N,"Zeelsterstraat","Eindhoven","Eindhoven","Noord-Brabant",false,51.438724,5.43196,"material damage only","4","clear",false,1,"GM0772"
"20220075069",2022,"Letsel",2,"Bromfiets","Fiets","Flank","Rechte weg",30,"Niet brandend","Daglicht","Droog",\N,"600884243","Ferdinand Bolstraat","Enschede","Enschede","Overijssel",false,52.205802,6.859647,"injury","2","clear",false,1,"GM0153"
"20220047518",2022,"Uitsluitend materiele schade",2,"Bestelauto","Fiets","Kop/staart","Rechte weg",50,"Niet brandend","Daglicht","Droog",\N,"481367108","Leemslagenweg","Almelo","Almelo","Overijssel",false,52.335824,6.648568,"material damage only","4","clear",false,1,"GM0141"
"20220047519",2022,"Uitsluitend materiele schade",1,"e-bike",\N,"Voetganger","Rechte weg",50,"Niet brandend","Daglicht","Droog",\N,"511345045","Hengelosestraat","Enschede","Enschede","Overijssel",false,52.233063,6.862802,"material damage only","4","clear",false,1,"GM0153"
"20220059209",2022,"Uitsluitend materiele schade",2,"Personenauto","e-bike","Flank","Rotonde",50,"Niet brandend","Daglicht","Droog",\N,\N,"Leeghwaterplein","'s-Gravenhage","'s-Gravenhage","Zuid-Holland",false,52.064966,4.322788,"material damage only","4","clear",false,1,"GM0518"
"20220065105",2022,"Uitsluitend materiele schade",2,"Personenauto","Fiets","Frontaal","Kruispunt, 3 takken",50,"Niet brandend","Daglicht","Droog",\N,\N,"Raadhuisstraat","Breda","Breda","Noord-Brabant",false,51.567343,4.786817,"material damage only","4","clear",false,1,"GM0758"
"20220024160",2022,"Letsel",3,"Personenauto","Fiets","Onbekend","Rechte weg",50,"Brandend","Duisternis",\N,"Bus-/Tramhalte","242253002","Rivierdijk","Hardinxveld-Giessendam","Hardinxveld-Giessendam","Zuid-Holland",true,51.827971,4.900815,"injury","2","unknown",false,1,"GM0523"
"20220033441",2022,"Uitsluitend materiele schade",2,"Personenauto","Fiets","Onbekend","Rotonde",50,"Niet brandend","Daglicht","Droog",\N,\N,"Wilhelminalaan","Beuningen Gld","Beuningen","Gelderland",false,51.861594,5.769383,"material damage only","4","clear",false,1,"GM0209"
"20230099591",2023,"Uitsluitend materiele schade",2,"Fiets","Personenauto","Onbekend",\N,\N,\N,"Daglicht",\N,\N,"297227007","Trompet","'s-Hertogenbosch","'s-Hertogenbosch","Noord-Brabant",false,51.714175,5.299311,"material damage only","4","unknown",false,1,"GM0796"
"20230002433",2023,"Dodelijk",2,"Bestelauto","Fiets","Geparkeerd voertuig","Rechte weg",30,"Niet brandend","Daglicht","Droog","Parkeervoorziening",\N,"Troelstralaan","Twello","Voorst","Gelderland",false,52.231689,6.110517,"fatal","1","clear",false,1,"GM0285"
"20230002681",2023,"Letsel",1,"Fiets",\N,"Eenzijdig","Rotonde",50,"Niet brandend","Daglicht","Droog",\N,\N,"Van den Vondellaan","Driehuis NH","Velsen","Noord-Holland",false,52.448969,4.638161,"injury","2","clear",false,1,"GM0453"
"20230002697",2023,"Letsel",2,"Personenauto","Fiets","Onbekend","Kruispunt, 4 takken",30,"Niet brandend","Daglicht","Droog",\N,\N,"Bloemstein","Nieuw-Vennep","Haarlemmermeer","Noord-Holland",false,52.271146,4.608896,"injury","2","clear",false,1,"GM0394"
"20230113579",2023,"Letsel",1,"Fiets",\N,"Eenzijdig",\N,50,\N,"Schemer",\N,\N,"226279006","Kadijk","Bergambacht","Krimpenerwaard","Zuid-Holland",false,51.944487,4.798354,"injury","2","unknown",false,1,"GM1931"
"20230011304",2023,"Letsel",2,"Personenauto","Fiets","Flank","Rechte weg",30,"Brandend","Daglicht","Regen",\N,"502355036","Weusthagstraat","Hengelo","Hengelo (O)","Overijssel",false,52.277402,6.79757,"injury","2","rain",false,1,\N
"20230008560",2023,"Uitsluitend materiele schade",2,"Bromfiets","Fiets","Frontaal","Rechte weg",50,"Niet aanwezig","Duisternis","Droog",\N,"600148082","Koninginnelaan","Roermond","Roermond","Limburg",false,51.1815,6.017939,"material damage only","4","clear",false,1,"GM0957"