"accident_id","year","severity_raw","party_count","party1_type","party2_type","accident_type","road_situation","speed_limit_kmh","road_lighting","light_condition_label","weather_raw","infra_type","road_segment_id","street_name","place_name","gemeente_name_raw","province","alcohol_indicated","latitude","longitude","severity_label","severity_code","weather_label","built_up_area","cyclists_involved","gemeente_code"
"20230008792",2023,"Uitsluitend materiele schade",2,"Snorfiets","Fiets","Flank","Kruispunt, 3 takken",50,"Niet brandend","Daglicht","Droog",\N,\N,"Koninginnesingel","Venlo","Venlo","Limburg",false,51.367206,6.167402,"material damage only","4","clear",false,1,"GM0983"
"20230008910",2023,"Letsel",2,"Personenauto","Fiets","Flank","Rotonde",50,"Niet brandend","Daglicht","Droog",\N,\N,"Oranjelaan","Roermond","Roermond","Limburg",false,51.193403,6.027761,"injury","2","clear",false,1,"GM0957"
"20230003201",2023,"Letsel",2,"Personenauto","Fiets","Flank","Kruispunt, 4 takken",60,"Niet brandend","Daglicht","Regen",\N,\N,"Provincialeweg","Bunnik","Bunnik","Utrecht",false,52.06382,5.170964,"injury","2","rain",false,1,"GM0312"
"20230008354",2023,"Uitsluitend materiele schade",2,\N,"Fiets","Onbekend",\N,60,\N,"Daglicht",\N,\N,"600984336","Hoge Dijk","Oosteind","Oosterhout","Noord-Brabant",false,51.633611,4.912808,"material damage only","4","unknown",false,1,"GM0826"
"20230018295",2023,"Letsel",1,"Fiets",\N,"Eenzijdig",\N,\N,\N,"Daglicht",\N,\N,"287376027","Berkelstraat","Almere","Almere","Flevoland",false,52.382387,5.225306,"injury","2","unknown",false,1,"GM0034"
"20230068057",2023,"Letsel",2,"Bromfiets","Fiets","Onbekend",\N,\N,\N,"Daglicht",\N,\N,"269307041","Al-Masoedilaan","Utrecht","Utrecht","Utrecht",false,52.073405,5.09588,"injury","2","unknown",false,1,"GM0344"
"20230003227",2023,"Uitsluitend materiele schade",2,"Personenauto","Fiets","Flank","Kruispunt, 3 takken",50,"Niet brandend","Daglicht","Droog",\N,\N,"Oude Posthuisstraat","Heemstede","Heemstede","Noord-Holland",false,52.353496,4.612566,"material damage only","4","clear",false,1,"GM0397"
"20230003774",2023,"Letsel",1,"Fiets",\N,"Eenzijdig","Kruispunt, 4 takken",50,"Niet brandend","Daglicht","Regen",\N,\N,"Beneluxweg","IJsselstein","IJsselstein","Utrecht",false,52.017897,5.05238,"injury","2","rain",false,1,"GM0353"
"20230053728",2023,"Dodelijk",2,"Bus","Fiets","Flank","Bocht",50,"Niet brandend","Daglicht","Droog",\N,"391142043","John F. Kennedylaan","Panningen","Peel en Maas","Limburg",false,51.328232,5.970366,"fatal","1","clear",false,1,"GM1894"
"20230076582",2023,"Letsel",1,"Fiets",\N,"Eenzijdig",\N,\N,\N,"Daglicht",\N,\N,"209401128","Plantage","Beverwijk","Beverwijk","Noord-Holland",false,52.491697,4.645975,"injury","2","unknown",false,1,"GM0375"
"20230011271",2023,"Uitsluitend materiele schade",2,"Bromfiets","Fiets","Frontaal","Rechte weg",\N,"Brandend","Duisternis","Droog",\N,"334300021","RYKSWG","De Klomp","Ede","Gelderland",false,52.038914,5.574978,"material damage only","4","clear",false,1,"GM0228"
"20230011354",2023,"Uitsluitend materiele schade",2,"Personenauto","Fiets","Flank","Rotonde",50,"Brandend","Schemer","Regen",\N,\N,"Höltersweg","Hengelo","Hengelo (O)","Overijssel",false,52.280419,6.778555,"material damage only","4","rain",false,1,\N
"20230004568",2023,"Letsel",2,"Vrachtauto","Fiets","Eenzijdig","Kruispunt, 3 takken",50,"Niet brandend","Daglicht","Droog",\N,\N,"Nijverheidsweg","Haarlem","Haarlem","Noord-Holland",false,52.39096,4.657338,"injury","2","clear",false,1,"GM0392"
"20230063758",2023,"Letsel",1,"Fiets",\N,"Eenzijdig",\N,15,\N,"Daglicht",\N,\N,"356030043","Moesdaal","Maastricht","Maastricht","Limburg",false,50.826092,5.720885,"injury","2","unknown",false,1,"GM0935"
"20230001220",2023,"Uitsluitend materiele schade",2,"Personenauto","e-bike","Flank","Kruispunt, 4 takken",30,"Brandend","Duisternis","Regen",\N,\N,"Hooiweg","Hedel","Maasdriel","Gelderland",false,51.751891,5.254656,"material damage only","4","rain",false,1,"GM0263"
"20230003289",2023,"Letsel",2,"Fiets","Fiets","Flank","Kruispunt, 4 takken",30,"Niet brandend","Daglicht","Droog",\N,\N,"Tolsteegbrug","Utrecht","Utrecht","Utrecht",true,52.081319,5.124212,"injury","2","clear",false,1,"GM0344"
"20230004394",2023,"Letsel",3,"Overig wegmeubilair","Fiets","Eenzijdig","Kruispunt, 3 takken",30,"Niet brandend","Daglicht","Droog",\N,\N,"Herensingel","Weesp","Amsterdam","Noord-Holland",false,52.310475,5.037137,"injury","2","clear",false,1,"GM0363"
"20230012371",2023,"Uitsluitend materiele schade",2,"Fiets","Personenauto","Flank","Kruispunt, 3 takken",30,"Niet brandend","Daglicht","Droog",\N,\N,"Westerdorpsstraat","Hoevelaken","Nijkerk","Gelderland",false,52.175235,5.453968,"material damage only","4","clear",false,1,"GM0267"
"20230004658",2023,"Letsel",2,"Personenauto","Fiets","Onbekend","Kruispunt, 3 takken",50,"Brandend","Duisternis","Droog",\N,\N,"Kudelstaartseweg","Kudelstaart","Aalsmeer","Noord-Holland",false,52.250903,4.759007,"injury","2","clear",false,1,"GM0358"
"20230007015",2023,"Letsel",2,"Personenauto","Fiets","Flank","Kruispunt, 4 takken",50,"Niet brandend","Daglicht","Regen",\N,\N,"Boezemlaan","Rotterdam","Rotterdam","Zuid-Holland",false,51.940791,4.485692,"injury","2","rain",false,1,"GM0599"
"20230007272",2023,"Letsel",1,"Fiets",\N,"Eenzijdig","Rechte weg",50,"Brandend","Schemer","Regen",\N,\N,"Levendaal","Leiden","Leiden","Zuid-Holland",false,52.154876,4.49485,"injury","2","rain",false,1,"GM0546"
"20230007480",2023,"Letsel",2,"Personenauto","Fiets","Flank","Kruispunt, 3 takken",50,"Niet brandend","Daglicht","Droog",\N,\N,"Oude Provincialeweg","Hapert","Bladel","Noord-Brabant",false,51.370828,5.256976,"injury","2","clear",false,1,"GM1728"
"20230069976",2023,"Letsel",2,"Fiets",\N,"Eenzijdig",\N,30,\N,"Daglicht",\N,\N,\N,"Raamweg","'s-Gravenhage","'s-Gravenhage","Zuid-Holland",false,52.089878,4.312429,"injury","2","unknown",false,1,"GM0518"
"20230103250",2023,"Uitsluitend materiele schade",2,"Fiets","Personenauto","Onbekend",\N,30,\N,"Daglicht",\N,\N,"185277074","Zwart Janstraat","Rotterdam","Rotterdam","Zuid-Holland",false,51.932469,4.480507,"material damage only","4","unknown",false,1,"GM0599"
"20230002569",2023,"Letsel",2,"Fiets","Fiets","Onbekend","Rechte weg",60,"Niet aanwezig","Daglicht","Droog",\N,"244446005","DIJKWEG","Obdam","Koggenland","Noord-Holland",false,52.697431,4.899574,"injury","2","clear",false,1,"GM1598"
"20230004743",2023,"Uitsluitend materiele schade",2,"Personenauto","e-bike","Flank","Kruispunt, 4 takken",30,"Niet brandend","Daglicht","Regen",\N,\N,"Truus Oversteegenstraat","Haarlem","Haarlem","Noord-Holland",false,52.370463,4.649134,"material damage only","4","rain",false,1,"GM0392"
"20230009656",2023,"Letsel",2,"Personenauto","e-bike","Frontaal","Kruispunt, 4 takken",80,"Brandend","Duisternis","Regen",\N,\N,"De Voortse Ring","Voorthuizen","Barneveld","Gelderland",false,52.17954,5.585011,"injury","2","rain",false,1,"GM0203"
"20230005254",2023,"Letsel",2,"Personenauto","Fiets","Frontaal","Rechte weg",30,"Niet brandend","Daglicht","Droog",\N,"148291181","Stokdijkhof","Naaldwijk","Westland","Zuid-Holland",false,51.996185,4.213023,"injury","2","clear",false,1,"GM1783"
"20230005509",2023,"Letsel",3,"Bromfiets","Fiets","Flank","Rechte weg",50,"Niet brandend","Daglicht","Droog",\N,"188304139","Osylaan","Zoetermeer","Zoetermeer","Zuid-Holland",false,52.055376,4.502076,"injury","2","clear",false,1,"GM0637"
"20230006001",2023,"Letsel",2,"Fiets","Fiets","Frontaal","Kruispunt, 3 takken",30,"Niet brandend","Daglicht","Sneeuw/Hagel",\N,\N,"Boerhaavelaan","Zoetermeer","Zoetermeer","Zuid-Holland",false,52.04926,4.476725,"injury","2","unknown",false,1,"GM0637"
"20230010483",2023,"Letsel",2,"Personenauto","Fiets","Flank","Kruispunt, 4 takken",50,"Niet brandend","Daglicht","Droog",\N,\N,"De Steegde","Dwingeloo","Westerveld","Drenthe",false,52.833572,6.367198,"injury","2","clear",false,1,"GM1701"
"20230048348",2023,"Letsel",1,"Fiets",\N,"Eenzijdig",\N,50,\N,"Daglicht",\N,\N,\N,"FIETSPAD","Tienhoven","Stichtse Vecht","Utrecht",false,52.162547,5.02958,"injury","2","unknown",false,1,"GM1904"
"20230056903",2023,"Letsel",1,"Fiets",\N,"Eenzijdig",\N,50,\N,"Daglicht",\N,\N,"522363009","Haerstraat","Oldenzaal","Oldenzaal","Overijssel",false,52.312692,6.946744,"injury","2","unknown",false,1,"GM0173"
"20230078965",2023,"Letsel",3,"Fiets","Fiets","Onbekend",\N,50,\N,"Daglicht",\N,\N,"600609086","Spoorstraat","Gouda","Gouda","Zuid-Holland",false,52.016172,4.709426,"injury","2","unknown",false,1,"GM0513"
"20230011076",2023,"Uitsluitend materiele schade",2,"Personenauto","Fiets","Flank","Bocht",30,"Brandend","Duisternis","Droog",\N,\N,"Mooienhof","Enschede","Enschede","Overijssel",false,52.216322,6.90007,"material damage only","4","clear",false,1,"GM0153"
"20230012396",2023,"Uitsluitend materiele schade",2,"Personenauto","Fiets","Flank","Rechte weg",30,"Brandend","Daglicht","Droog",\N,"515341007","Wooldriksweg","Enschede","Enschede","Overijssel",false,52.21393,6.892984,"material damage only","4","clear",false,1,"GM0153"
"20230012276",2023,"Uitsluitend materiele schade",2,"Personenauto","Fiets","Onbekend","Kruispunt, 4 takken",50,"Brandend","Duisternis","Droog",\N,\N,"Lasondersingel","Enschede","Enschede","Overijssel",false,52.228389,6.889999,"material damage only","4","clear",false,1,"GM0153"
"20240004179",2024,"Letsel",2,"Snorfiets","Fiets","Flank","Kruispunt, 3 takken",50,"Niet brandend","Daglicht","Droog",\N,\N,"Verlengde Lodewijkstraat","Groningen","Groningen","Groningen",false,53.207971,6.579402,"injury","2","clear",false,1,"GM0014"
"20240004185",2024,"Uitsluitend materiele schade",2,"Bestelauto","Fiets","Flank","Rechte weg",30,"Niet brandend","Daglicht","Droog",\N,"382287155","Velperbuitensingel","Arnhem","Arnhem","Gelderland",false,51.983219,5.914347,"material damage only","4","clear",false,1,"GM0202"
"20240090037",2024,"Uitsluitend materiele schade",2,"Personenauto","Fiets","Onbekend",\N,30,\N,"Daglicht",\N,\N,"281190036","Huysackerstraat","Moergestel","Oisterwijk","Noord-Brabant",false,51.546054,5.18202,"material damage only","4","unknown",false,1,"GM0824"
"20240036071",2024,"Letsel",2,"Fiets","Fiets","Flank","Rechte weg",50,"Niet aanwezig","Daglicht","Droog",\N,"600610937","FIETSPAD","Franeker","Waadhoeke","Friesland",false,53.164693,5.554299,"injury","2","clear",false,1,"GM1949"
"20240021057",2024,"Letsel",2,"Fiets","Personenauto","Flank","Kruispunt, 3 takken",50,"Niet brandend","Daglicht","Droog",\N,\N,"Stortenbekerstraat","'s-Gravenhage","'s-Gravenhage","Zuid-Holland",false,52.065408,4.305617,"injury","2","clear",false,1,"GM0518"
"20240021136",2024,"Letsel",1,"Fiets",\N,"Eenzijdig","Rechte weg",30,"Niet brandend","Daglicht","Droog",\N,"196297004","Molenviergang","Zevenhuizen","Zuidplas","Zuid-Holland",false,52.025048,4.559444,"injury","2","clear",false,1,"GM1892"
"20240019792",2024,"Letsel",2,"Personenauto","Fiets","Flank","Kruispunt, 4 takken",50,"Brandend","Duisternis","Droog",\N,\N,"Grote Beer","Veenendaal","Veenendaal","Utrecht",false,52.036942,5.565934,"injury","2","clear",false,1,"GM0345"
"20240006696",2024,"Uitsluitend materiele schade",2,"Personenauto","Fiets","Kop/staart","Kruispunt, 3 takken",30,"Niet brandend","Daglicht","Droog",\N,\N,"Duinstraat","Almere","Almere","Flevoland",false,52.341646,5.141567,"material damage only","4","clear",false,1,"GM0034"
"20240020883",2024,"Letsel",1,"Fiets",\N,"Onbekend","Rechte weg",30,"Niet brandend","Daglicht","Droog","Tunnel","172293038","Rijksstraatweg","Delft","Delft","Zuid-Holland",false,52.005623,4.38515,"injury","2","clear",false,1,"GM0503"
"20240039389",2024,"Uitsluitend materiele schade",2,"Fiets","Personenauto","Flank","Kruispunt, 4 takken",50,"Niet brandend","Daglicht","Droog",\N,\N,"Televisiebaan","IJsselstein","IJsselstein","Utrecht",false,52.025586,5.0532,"material damage only","4","clear",false,1,"GM0353"
"20240039397",2024,"Uitsluitend materiele schade",2,"Personenauto","Fiets","Flank","Kruispunt, 3 takken",30,"Niet aanwezig","Daglicht","Droog",\N,\N,"Zuiderloswal","Hilversum","Hilversum","Noord-Holland",false,52.220282,5.147276,"material damage only","4","clear",false,1,"GM0402"
"20240039597",2024,"Letsel",2,"Fiets","Personenauto","Onbekend","Rechte weg",60,"Niet brandend","Daglicht","Droog",\N,"197352030","Heereweg","Lisse","Lisse","Zuid-Holland",false,52.272646,4.566233,"injury","2","clear",false,1,"GM0553"
"20240034754",2024,"Letsel",3,"Bus","Fiets","Flank","Rechte weg",50,"Niet brandend","Daglicht","Droog",\N,\N,"Piusstraat","Tilburg","Tilburg","Noord-Brabant",false,51.550629,5.088667,"injury","2","clear",false,1,"GM0855"
"20240021047",2024,"Letsel",1,"Fiets",\N,"Onbekend","Bocht",30,"Brandend","Duisternis","Droog",\N,"163308050","Hoefkade","'s-Gravenhage","'s-Gravenhage","Zuid-Holland",false,52.070079,4.317237,"injury","2","clear",false,1,"GM0518"
"20240021098",2024,"Uitsluitend materiele schade",2,"Bromfiets","e-bike","Onbekend","Kruispunt, 3 takken",30,"Niet brandend","Daglicht","Droog",\N,\N,"Sarphatistraat","Amsterdam","Amsterdam","Noord-Holland",false,52.360217,4.903306,"material damage only","4","clear",false,1,"GM0363"
"20240021099",2024,"Uitsluitend materiele schade",2,"Bestelauto","Fiets","Frontaal","Kruispunt, 4 takken",50,"Niet brandend","Daglicht","Droog",\N,\N,"Hengelolaan","'s-Gravenhage","'s-Gravenhage","Zuid-Holland",false,52.047346,4.268001,"material damage only","4","clear",false,1,"GM0518"
"20240024474",2024,"Letsel",2,"Personenauto","Fiets","Onbekend","Kruispunt, 3 takken",50,"Niet brandend","Daglicht","Droog",\N,\N,"Industriestraat","Rosmalen","'s-Hertogenbosch","Noord-Brabant",false,51.701862,5.351925,"injury","2","clear",false,1,"GM0796"
"20240025799",2024,"Letsel",2,"Fiets","Overig vast object","Vast voorwerp","Bocht",50,"Niet brandend","Daglicht","Droog",\N,"340333034","Molenweg","Voorthuizen","Barneveld","Gelderland",false,52.186698,5.610199,"injury","2","clear",false,1,"GM0203"
"20240009276",2024,"Uitsluitend materiele schade",2,"Fiets","Personenauto","Kop/staart","Rechte weg",50,"Niet brandend","Daglicht","Regen",\N,"450327058","Nieuwstad","Lochem","Lochem","Gelderland",false,52.159089,6.415585,"material damage only","4","rain",false,1,"GM0262"
"20240039689",2024,"Uitsluitend materiele schade",2,"Bromfiets","Fiets","Flank","Rechte weg",30,"Niet brandend","Daglicht","Droog",\N,"236377015","Admiraal De Ruijterweg","Amsterdam","Amsterdam","Noord-Holland",false,52.38458,4.846565,"material damage only","4","clear",false,1,"GM0363"
"20240035606",2024,"Uitsluitend materiele schade",2,"Fiets","Fiets","Onbekend","Rechte weg",50,"Brandend","Schemer","Droog",\N,"370391137","Havenkade","Elburg","Elburg","Gelderland",false,52.450472,5.830962,"material damage only","4","clear",false,1,"GM0230"
"20240020767",2024,"Letsel",2,"Personenauto","Fiets","Flank","Kruispunt, 4 takken",50,"Niet brandend","Daglicht","Droog",\N,\N,"Ypenburgse Boslaan","'s-Gravenhage","'s-Gravenhage","Zuid-Holland",false,52.044544,4.367329,"injury","2","clear",false,1,"GM0518"
"20230004228",2023,"Uitsluitend materiele schade",2,"Personenauto","Fiets","Flank","Kruispunt, 3 takken",30,"Brandend","Duisternis","Regen",\N,\N,"Postjesweg","Amsterdam","Amsterdam","Noord-Holland",false,52.364089,4.840279,"material damage only","4","rain",false,1,"GM0363"
"20240039461",2024,"Letsel",2,"Personenauto","e-bike","Flank","Kruispunt, 4 takken",30,"Niet brandend","Daglicht","Droog",\N,\N,"Vrijheem","Veenendaal","Veenendaal","Utrecht",false,52.023476,5.582576,"injury","2","clear",false,1,"GM0345"
"20240020020",2024,"Letsel",2,"Motor","Fiets","Flank","Rechte weg",60,"Niet aanwezig","Daglicht","Droog",\N,"451417001","Arriërveldsweg","Arriën","Ommen","Overijssel",false,52.558474,6.43473,"injury","2","clear",false,1,"GM0175"
"20240025837",2024,"Uitsluitend materiele schade",2,"Fiets","Voetganger","Voetganger","Kruispunt, 4 takken",30,"Niet brandend","Daglicht","Droog",\N,\N,"Orkestlaan","Kampen","Kampen","Overijssel",false,52.54214,5.910425,"material damage only","4","clear",false,1,"GM0166"
"20240028048",2024,"Uitsluitend materiele schade",2,"Bus","Fiets","Flank","Kruispunt, 4 takken",50,"Niet brandend","Daglicht","Droog",\N,\N,"Wijsgeerbaan","Almere","Almere","Flevoland",false,52.374297,5.21849,"material damage only","4","clear",false,1,"GM0034"
"20240032647",2024,"Letsel",2,"Snorfiets","Fiets","Flank","Rechte weg",30,"Niet brandend","Daglicht","Droog",\N,"600539816","Dudok-erf","Dordrecht","Dordrecht","Zuid-Holland",false,51.80274,4.716433,"injury","2","clear",false,1,"GM0505"
"20240034957",2024,"Uitsluitend materiele schade",2,"Personenauto","Fiets","Flank",\N,30,"Niet brandend","Daglicht","Regen",\N,"357157014","Beatrixlaan","Asten","Asten","Noord-Brabant",false,51.399419,5.732469,"material damage only","4","rain",false,1,"GM0743"
"20240032666",2024,"Letsel",2,"Bromfiets","Fiets","Flank","Kruispunt, 4 takken",30,"Niet brandend","Daglicht","Droog",\N,"198282107","Spoorberm","Capelle aan den IJssel","Capelle aan den IJssel","Zuid-Holland",false,51.95624,4.578936,"injury","2","clear",false,1,"GM0502"
"20240032867",2024,"Letsel",1,"Fiets",\N,"Onbekend","Rechte weg",50,"Niet brandend","Daglicht","Droog",\N,"600723004","Buitensluis","Katwijk","Katwijk","Zuid-Holland",false,52.210214,4.400025,"injury","2","clear",false,1,"GM0537"
"20240039915",2024,"Letsel",2,"Bromfiets","Fiets","Flank","Kruispunt, 3 takken",30,"Niet brandend","Daglicht","Droog",\N,\N,"Nassaukade","Amsterdam","Amsterdam","Noord-Holland",false,52.382738,4.880269,"injury","2","clear",false,1,"GM0363"
"20240039971",2024,"Uitsluitend materiele schade",2,"Personenauto","Fiets","Flank","Rotonde",50,"Brandend","Duisternis","Droog",\N,\N,"Potgieterlaan","Voorburg","Leidschendam-Voorburg","Zuid-Holland",false,52.074837,4.350433,"material damage only","4","clear",false,1,"GM1916"
"20240043027",2024,"Letsel",2,"Fiets","Personenauto","Onbekend","Rotonde",50,"Niet brandend","Daglicht","Droog",\N,\N,"Ommoordseweg","Rotterdam","Rotterdam","Zuid-Holland",false,51.954215,4.524963,"injury","2","clear",false,1,"GM0599"
"20220153534",2022,"Letsel",1,"e-bike",\N,"Eenzijdig","Rechte weg",50,"Niet brandend","Daglicht","Droog",\N,"600770078","Duizendblad","IJsselstein","IJsselstein","Utrecht",false,52.020085,5.030496,"injury","2","clear",false,1,"GM0353"
"20220155788",2022,"Letsel",2,"Personenauto","Fiets","Onbekend","Kruispunt, 3 takken",30,"Niet brandend","Daglicht","Droog",\N,\N,"Berglaan","Zoetermeer","Zoetermeer","Zuid-Holland",false,52.057448,4.459075,"injury","2","clear",false,1,"GM0637"
"20220177979",2022,"Uitsluitend materiele schade",3,"Personenauto","Fiets","Onbekend","Rechte weg",50,"Niet brandend","Daglicht","Droog",\N,"230372099","Meer en Vaart","Amsterdam","Amsterdam","Noord-Holland",false,52.36157,4.806394,"material damage only","4","clear",false,1,"GM0363"
"20220181434",2022,"Letsel",2,"Personenauto","Fiets","Flank","Kruispunt, 4 takken",50,"Niet brandend","Daglicht","Droog",\N,\N,"Hoefkade","'s-Gravenhage","'s-Gravenhage","Zuid-Holland",false,52.062884,4.301649,"injury","2","clear",false,1,"GM0518"
"20220188211",2022,"Uitsluitend materiele schade",3,"Fiets","Fiets","Los voorwerp","Kruispunt, 4 takken",\N,"Niet brandend","Daglicht","Droog","Tunnel",\N,"FIETSPAD","Nuenen","Nuenen, Gerwen en Nederwetten","Noord-Brabant",false,51.473491,5.556628,"material damage only","4","clear",false,1,"GM0820"
"20220123056",2022,"Uitsluitend materiele schade",3,"Personenauto","Fiets","Onbekend","Kruispunt, 4 takken",30,"Niet brandend","Daglicht","Droog",\N,\N,"Montreallaan","Nieuw-Vennep","Haarlemmermeer","Noord-Holland",false,52.275181,4.634289,"material damage only","4","clear",false,1,"GM0394"
"20220128037",2022,"Letsel",2,"Fiets","Overig vast object","Vast voorwerp","Kruispunt, 4 takken",50,"Niet brandend","Daglicht","Droog",\N,\N,"J.A. Heijwegenlaan","Spijkenisse","Nissewaard","Zuid-Holland",false,51.846996,4.311847,"injury","2","clear",false,1,"GM1930"
"20220135951",2022,"Letsel",2,"Personenauto","e-bike","Flank","Kruispunt, 3 takken",50,"Niet brandend","Daglicht","Droog",\N,\N,"Havenafweg","Wageningen","Wageningen","Gelderland",false,51.963303,5.659427,"injury","2","clear",false,1,"GM0289"
"20220137806",2022,"Uitsluitend materiele schade",2,"Personenauto","e-bike","Frontaal","Kruispunt, 3 takken",30,"Niet brandend","Daglicht","Droog",\N,\N,"Boomstede","Maarssen","Stichtse Vecht","Utrecht",false,52.12341,5.026523,"material damage only","4","clear",false,1,"GM1904"
"20220156077",2022,"Letsel",3,"Fiets","Overig wegmeubilair","Vast voorwerp","Bocht",50,"Niet aanwezig","Daglicht","Droog",\N,"237279068","Halve Maan","Schoonhoven","Krimpenerwaard","Zuid-Holland",false,51.945813,4.85809,"injury","2","clear",false,1,"GM1931"
"20220177440",2022,"Uitsluitend materiele schade",2,"Fiets","Fiets","Los voorwerp","Rechte weg",50,"Brandend","Duisternis","Droog",\N,"239366088","De Boelelaan","Amsterdam","Amsterdam","Noord-Holland",false,52.334989,4.871056,"material damage only","4","clear",false,1,"GM0363"
"20220177452",2022,"Uitsluitend materiele schade",2,"Personenauto","Fiets","Flank","Kruispunt, 4 takken",50,"Niet brandend","Daglicht","Droog",\N,\N,"Victorieplein","Amsterdam","Amsterdam","Noord-Holland",false,52.345966,4.904341,"material damage only","4","clear",false,1,"GM0363"
"20220179579",2022,"Letsel",2,"Personenauto","Fiets","Flank","Bocht",50,"Niet brandend","Daglicht","Droog",\N,\N,"Cornelis Schuytlaan","Leiden","Leiden","Zuid-Holland",false,52.149715,4.474085,"injury","2","clear",false,1,"GM0546"
"20220116368",2022,"Uitsluitend materiele schade",2,"Fiets","Fiets","Frontaal","Bocht",60,"Niet aanwezig","Daglicht","Droog",\N,"600923627","de Chalmotweg","Kampen","Kampen","Overijssel",false,52.529203,5.930479,"material damage only","4","clear",false,1,"GM0166"
"20220123205",2022,"Uitsluitend materiele schade",1,"Fiets",\N,"Eenzijdig","Rotonde",50,"Brandend","Duisternis","Droog",\N,\N,"Nieuwe Vijzelstraat","Amsterdam","Amsterdam","Noord-Holland",false,52.359663,4.890776,"material damage only","4","clear",false,1,"GM0363"
"20220138868",2022,"Uitsluitend materiele schade",2,"Fiets","Personenauto","Kop/staart","Kruispunt, 4 takken",50,"Niet brandend","Daglicht","Droog",\N,\N,"Leusderweg","Amersfoort","Amersfoort","Utrecht",false,52.144739,5.381431,"material damage only","4","clear",false,1,"GM0307"
"20220140493",2022,"Letsel",2,"Personenauto","Fiets","Flank","Kruispunt, 4 takken",80,"Niet brandend","Daglicht","Droog",\N,\N,"IJweg","Hoofddorp","Haarlemmermeer","Noord-Holland",false,52.317589,4.670437,"injury","2","clear",false,1,"GM0394"
"20220144646",2022,"Letsel",2,"Motor","Fiets","Flank","Kruispunt, 3 takken",50,"Niet brandend","Daglicht","Droog",\N,\N,"Nieuw Voordorpstraat","Voorschoten","Voorschoten","Zuid-Holland",false,52.128313,4.455293,"injury","2","clear",false,1,"GM0626"
"20220180266",2022,"Uitsluitend materiele schade",2,"Bestelauto","Fiets","Flank","Kruispunt, 3 takken",50,"Niet brandend","Daglicht","Droog",\N,\N,"Flevoweg","Leiden","Leiden","Zuid-Holland",false,52.174124,4.498712,"material damage only","4","clear",false,1,"GM0546"
"20220137931",2022,"Letsel",2,"Personenauto","Fiets","Flank","Rechte weg",80,"Niet brandend","Daglicht","Regen",\N,\N,"Amersfoortsestraat","Soesterberg","Soest","Utrecht",false,52.129227,5.315288,"injury","2","rain",false,1,"GM0342"
"20220144702",2022,"Letsel",2,"Snorfiets","Fiets","Onbekend","Rotonde",\N,"Niet brandend","Daglicht","Droog",\N,"146297003","Poeldijkseweg","Monster","Westland","Zuid-Holland",false,52.022925,4.194519,"injury","2","clear",false,1,"GM1783"
"20220180313",2022,"Letsel",2,"Fiets","Personenauto","Flank","Kruispunt, 4 takken",30,"Niet brandend","Daglicht","Droog",\N,\N,"Prinses Margrietlaan","Voorschoten","Voorschoten","Zuid-Holland",false,52.127885,4.444612,"injury","2","clear",false,1,"GM0626"
"20220197469",2022,"Uitsluitend materiele schade",2,"Bestelauto","Fiets","Flank","Rotonde",80,"Niet brandend","Daglicht","Droog",\N,\N,"Van Heemstraweg","Rossum","Maasdriel","Gelderland",false,51.79113,5.32166,"material damage only","4","clear",false,1,"GM0263"
"20220197799",2022,"Uitsluitend materiele schade",2,"Personenauto","Fiets","Frontaal","Kruispunt, 4 takken",50,"Brandend","Duisternis","Droog",\N,\N,"Smetiusstraat","Nijmegen","Nijmegen","Gelderland",false,51.84415,5.859277,"material damage only","4","clear",false,1,"GM0268"
"20220139003",2022,"Uitsluitend materiele schade",2,"Fiets","Personenauto","Flank","Rotonde",50,"Niet brandend","Daglicht","Droog",\N,\N,"Kennemerstraatweg","Heiloo","Heiloo","Noord-Holland",false,52.604699,4.714031,"material damage only","4","clear",false,1,"GM0399"
"20220154949",2022,"Uitsluitend materiele schade",2,"Personenauto","Fiets","Onbekend",\N,50,\N,"Daglicht",\N,\N,"206378030","Verspronckweg","Haarlem","Haarlem","Noord-Holland",false,52.38929,4.629848,"material damage only","4","unknown",false,1,"GM0392"
"20220156347",2022,"Uitsluitend materiele schade",2,"Fiets","Overig wegmeubilair","Vast voorwerp","Rechte weg",50,"Niet brandend","Duisternis","Droog",\N,"220299002","Korssendijk","Reeuwijk","Bodegraven-Reeuwijk","Zuid-Holland",false,52.028807,4.738628,"material damage only","4","clear",false,1,"GM1901"
"20220178673",2022,"Letsel",2,"Fiets","Fiets","Kop/staart","Rechte weg",50,"Niet aanwezig","Daglicht","Droog",\N,"185359002","Langevelderslag","Noordwijk","Noordwijk","Zuid-Holland",false,52.300849,4.478246,"injury","2","clear",false,1,"GM0575"
"20220178694",2022,"Letsel",1,"Fiets",\N,"Eenzijdig","Rechte weg",50,"Niet brandend","Daglicht","Droog",\N,"204333002","Floraweg","Roelofarendsveen","Kaag en Braassem","Zuid-Holland",false,52.188198,4.620691,"injury","2","clear",false,1,"GM1884"
"20220198231",2022,"Letsel",2,"Personenauto","e-bike","Flank","Rechte weg",60,"Brandend","Duisternis","Droog",\N,"457418004","Driehoekweg","Stegeren","Ommen","Overijssel",false,52.566196,6.476915,"injury","2","clear",false,1,"GM0175"
"20220198296",2022,"Uitsluitend materiele schade",2,"Personenauto","Fiets","Flank","Rotonde",50,"Niet brandend","Daglicht","Droog",\N,\N,"Vincent van Goghstraat","Ede","Ede","Gelderland",false,52.025684,5.660055,"material damage only","4","clear",false,1,"GM0228"