"accident_id","year","severity_raw","party_count","party1_type","party2_type","accident_type","road_situation","speed_limit_kmh","road_lighting","light_condition_label","weather_raw","infra_type","road_segment_id","street_name","place_name","gemeente_name_raw","province","alcohol_indicated","latitude","longitude","severity_label","severity_code","weather_label","built_up_area","cyclists_involved","gemeente_code"
"20220132226",2022,"Uitsluitend materiele schade",2,"Fiets","Personenauto","Kop/staart","Rechte weg",80,"Niet brandend","Daglicht","Droog",\N,"600190125","Craubekerstraat","Klimmen","Voerendaal","Limburg",false,50.876632,5.895616,"material damage only","4","clear",false,1,"GM0986"
"20220133624",2022,"Uitsluitend materiele schade",1,"Fiets",\N,"Onbekend","Rechte weg",30,"Niet brandend","Daglicht","Droog",\N,"600761608","Van Boshuizenstraat","Amsterdam","Amsterdam","Noord-Holland",false,52.3246,4.869207,"material damage only","4","clear",false,1,"GM0363"
"20220135207",2022,"Letsel",2,"Personenauto","Fiets","Flank","Kruispunt, 3 takken",\N,"Niet brandend","Daglicht","Droog",\N,"337490003","Wikelerdyk","Balk","De Fryske Marren","Friesland",false,52.895038,5.593641,"injury","2","clear",false,1,"GM1940"
"20220137139",2022,"Uitsluitend materiele schade",2,"Personenauto","Fiets","Flank","Rotonde",50,"Niet brandend","Daglicht","Droog",\N,\N,"Valkseweg","Barneveld","Barneveld","Gelderland",false,52.133263,5.602842,"material damage only","4","clear",false,1,"GM0203"
"20220143631",2022,"Letsel",2,"Fiets","Fiets","Onbekend","Rechte weg",50,"Niet brandend","Daglicht","Droog",\N,"157315085","Duinstraat","'s-Gravenhage","'s-Gravenhage","Zuid-Holland",false,52.101622,4.275972,"injury","2","clear",false,1,"GM0518"
"20220148085",2022,"Letsel",2,"Personenauto","Fiets","Flank","Kruispunt, 4 takken",60,"Niet aanwezig","Daglicht","Droog",\N,\N,"Engelaarsdijk","Poortvliet","Tholen","Zeeland",false,51.555108,4.133857,"injury","2","clear",false,1,"GM0716"
"20220152054",2022,"Uitsluitend materiele schade",2,"Personenauto","Fiets","Los voorwerp","Kruispunt, 3 takken",50,"Niet brandend","Daglicht","Droog",\N,\N,"Voorstreek","Leeuwarden","Leeuwarden","Friesland",false,53.20548,5.800966,"material damage only","4","clear",false,1,"GM0080"
"20220173519",2022,"Uitsluitend materiele schade",2,"Personenauto","Fiets","Flank","Kruispunt, 3 takken",50,"Niet brandend","Daglicht","Droog",\N,\N,"Smitsweg","Soest","Soest","Utrecht",false,52.171892,5.293721,"material damage only","4","clear",false,1,"GM0342"
"20220174980",2022,"Letsel",2,"Fiets","Fiets","Onbekend","Rechte weg",50,"Niet brandend","Daglicht","Droog",\N,"207430033","Dr Wiardi Beckmanlaan","Egmond aan Zee","Bergen (NH)","Noord-Holland",false,52.621063,4.630224,"injury","2","clear",false,1,\N
"20220178771",2022,"Letsel",2,"Snorfiets","Fiets","Onbekend","Rechte weg",50,"Niet brandend","Daglicht","Droog",\N,\N,"Piet Heinplein","Noordwijk","Noordwijk","Zuid-Holland",false,52.244298,4.440912,"injury","2","clear",false,1,"GM0575"
"20220183228",2022,"Uitsluitend materiele schade",2,"Motor","Fiets","Flank","Kruispunt, 3 takken",50,"Niet brandend","Daglicht","Droog",\N,\N,"Mollenburgseweg","Gorinchem","Gorinchem","Zuid-Holland",false,51.838569,4.963625,"material damage only","4","clear",false,1,"GM0512"
"20220198733",2022,"Uitsluitend materiele schade",2,"Snorfiets","Fiets","Onbekend","Bocht",\N,"Brandend","Duisternis","Regen",\N,\N,"Henri Nouwenstraat","Nijkerk","Nijkerk","Gelderland",false,52.208903,5.460662,"material damage only","4","rain",false,1,"GM0267"
"20220158888",2022,"Letsel",2,"Fiets","Vrachtauto","Flank","Kruispunt, 4 takken",50,"Niet brandend","Daglicht","Droog",\N,\N,"Neringweg","Oostburg","Sluis","Zeeland",false,51.334121,3.500873,"injury","2","clear",false,1,"GM1714"
"20220168818",2022,"Letsel",2,"Personenauto","e-bike","Flank","Rechte weg",30,"Niet brandend","Daglicht","Droog",\N,"457372034","Kerkstraat","Nijverdal","Hellendoorn","Overijssel",false,52.361129,6.471497,"injury","2","clear",false,1,"GM0163"
"20220178822",2022,"Letsel",2,"Personenauto","Fiets","Flank","Kruispunt, 3 takken",50,"Niet brandend","Daglicht","Droog",\N,\N,"Nieuwersluisstraat","'s-Gravenhage","'s-Gravenhage","Zuid-Holland",false,52.056761,4.266728,"injury","2","clear",false,1,"GM0518"
"20220195821",2022,"Uitsluitend materiele schade",2,"Personenauto","e-bike","Flank","Rotonde",50,"Niet brandend","Daglicht","Droog",\N,\N,"Nijverheidstraat","Losser","Losser","Overijssel",false,52.250235,7.009215,"material damage only","4","clear",false,1,"GM0168"
"20220123661",2022,"Uitsluitend materiele schade",3,"Fiets","Bromfiets","Onbekend","Rechte weg",30,"Niet aanwezig","Daglicht","Droog",\N,"236377015","Admiraal De Ruijterweg","Amsterdam","Amsterdam","Noord-Holland",false,52.38458,4.846565,"material damage only","4","clear",false,1,"GM0363"
"20220137233",2022,"Uitsluitend materiele schade",2,"Snorfiets","Fiets","Flank","Kruispunt, 3 takken",30,"Niet brandend","Daglicht","Droog",\N,\N,"Reigerlaan","Nijkerk","Nijkerk","Gelderland",false,52.212084,5.488224,"material damage only","4","clear",false,1,"GM0267"
"20220149683",2022,"Uitsluitend materiele schade",2,"Personenauto","Fiets","Flank","Kruispunt, 4 takken",30,"Niet brandend","Daglicht","Droog","Brug/viaduct",\N,"Kanaaldijk N.W.","Helmond","Helmond","Noord-Brabant",false,51.480623,5.65135,"material damage only","4","clear",false,1,"GM0794"
"20220157564",2022,"Uitsluitend materiele schade",2,"Fiets","Bromfiets","Kop/staart","Rechte weg",30,"Niet brandend","Daglicht","Droog",\N,"600606820","Pompenburg","Rotterdam","Rotterdam","Zuid-Holland",false,51.925428,4.481048,"material damage only","4","clear",false,1,"GM0599"
"20220160337",2022,"Uitsluitend materiele schade",2,"Personenauto","Fiets","Flank","Kruispunt, 3 takken",30,"Niet brandend","Daglicht","Droog",\N,\N,"Rogstraat","Grave","Land van Cuijk","Noord-Brabant",false,51.758577,5.740738,"material damage only","4","clear",false,1,"GM1982"
"20220179970",2022,"Letsel",1,"Fiets",\N,"Eenzijdig","Rechte weg",30,"Niet brandend","Daglicht","Droog",\N,"179294136","Eikenduinen","Pijnacker","Pijnacker-Nootdorp","Zuid-Holland",false,52.011193,4.439958,"injury","2","clear",false,1,"GM1926"
"20220180600",2022,"Letsel",2,"Bromfiets","Fiets","Flank","Kruispunt, 4 takken",50,"Niet brandend","Daglicht","Droog",\N,\N,"Breestraat","Leiden","Leiden","Zuid-Holland",false,52.160219,4.48481,"injury","2","clear",false,1,"GM0546"
"20220183402",2022,"Uitsluitend materiele schade",2,"Fiets","Fiets","Flank","Kruispunt, 3 takken",30,"Niet brandend","Daglicht",\N,\N,\N,"Groenedijk","Capelle aan den IJssel","Capelle aan den IJssel","Zuid-Holland",false,51.927477,4.597992,"material damage only","4","unknown",false,1,"GM0502"
"20220195942",2022,"Uitsluitend materiele schade",2,"Personenauto","e-bike","Flank","Rotonde",50,"Niet brandend","Daglicht","Regen",\N,\N,"Beneluxweg","Kampen","Kampen","Overijssel",false,52.556991,5.904246,"material damage only","4","rain",false,1,"GM0166"
"20220115373",2022,"Uitsluitend materiele schade",2,"e-bike","Voetganger","Voetganger","Rechte weg",\N,"Niet brandend","Daglicht","Droog",\N,"600572875","Hondsrugweg","Emmen","Emmen","Drenthe",false,52.770145,6.896565,"material damage only","4","clear",false,1,"GM0114"
"20220125133",2022,"Letsel",3,"Personenauto","e-bike","Vast voorwerp","Rechte weg",50,"Brandend","Duisternis","Droog",\N,"600379407","Elandstraat","'s-Gravenhage","'s-Gravenhage","Zuid-Holland",false,52.081098,4.298038,"injury","2","clear",false,1,"GM0518"
"20220128551",2022,"Uitsluitend materiele schade",2,"Fiets","Voetganger","Voetganger","Rechte weg",30,"Brandend","Duisternis","Droog",\N,"184273116","Oude Binnenweg","Rotterdam","Rotterdam","Zuid-Holland",false,51.917702,4.475733,"material damage only","4","clear",false,1,"GM0599"
"20220143864",2022,"Letsel",3,"Personenauto","e-bike","Onbekend","Rechte weg",30,"Niet brandend","Daglicht","Droog",\N,\N,"Strijplaan","Honselersdijk","Westland","Zuid-Holland",false,51.995495,4.224862,"injury","2","clear",false,1,"GM1783"
"20220148344",2022,"Letsel",2,"Personenauto","Fiets","Flank","Kruispunt, 4 takken",60,"Niet brandend","Daglicht","Droog",\N,\N,"Ulicotenseweg","Chaam","Alphen-Chaam","Noord-Brabant",false,51.487108,4.861708,"injury","2","clear",false,1,"GM1723"
"20220160458",2022,"Uitsluitend materiele schade",2,"Personenauto","Fiets","Flank","Kruispunt, 4 takken",\N,"Niet brandend","Daglicht","Droog",\N,\N,"Grousstraat","Stein","Stein","Limburg",false,50.972989,5.766672,"material damage only","4","clear",false,1,\N
"20220168985",2022,"Letsel",2,"Fiets","Snorfiets","Onbekend","Rechte weg",60,"Niet aanwezig","Duisternis","Droog",\N,"433367001","Veldzichtweg","Heeten","Raalte","Overijssel",false,52.33854,6.297486,"injury","2","clear",false,1,"GM0177"
"20220188594",2022,"Letsel",3,"Fiets","Fiets","Onbekend","Rechte weg",30,"Niet brandend","Daglicht","Regen",\N,"600377328","Pettelaarseweg","'s-Hertogenbosch","'s-Hertogenbosch","Noord-Brabant",false,51.682879,5.312438,"injury","2","rain",false,1,"GM0796"
"20220119621",2022,"Letsel",2,"Fiets","Boom","Vast voorwerp","Kruispunt, 3 takken",60,"Niet brandend","Daglicht","Droog",\N,\N,"Oud Wulfseweg","Houten","Houten","Utrecht",false,52.040079,5.155619,"injury","2","clear",false,1,"GM0321"
"20220154018",2022,"Letsel",2,"Motor","e-bike","Flank","Kruispunt, 4 takken",60,"Niet aanwezig","Daglicht","Droog",\N,\N,"Zijdeweg","Lopik","Lopik","Utrecht",false,51.974729,4.925794,"injury","2","clear",false,1,"GM0331"
"20220170077",2022,"Uitsluitend materiele schade",2,"Personenauto","e-bike","Flank","Rotonde",50,"Niet brandend","Daglicht","Droog",\N,\N,"Geerweg","Wijk bij Duurstede","Wijk bij Duurstede","Utrecht",false,51.986756,5.332527,"material damage only","4","clear",false,1,"GM0352"
"20220186464",2022,"Uitsluitend materiele schade",2,"Fiets","Fiets","Frontaal","Rechte weg",30,"Niet brandend","Daglicht","Droog",\N,\N,"Groene Woud","Breda","Breda","Noord-Brabant",false,51.573613,4.796362,"material damage only","4","clear",false,1,"GM0758"
"20220115536",2022,"Letsel",2,"Personenauto","Fiets","Flank","Kruispunt, 3 takken",\N,"Niet brandend","Daglicht","Droog",\N,\N,"Eikenlaan","Groningen","Groningen","Groningen",false,53.233413,6.556301,"injury","2","clear",false,1,"GM0014"
"20220122670",2022,"Letsel",3,"Personenauto","e-bike","Onbekend","Rechte weg",30,"Niet brandend","Daglicht","Droog",\N,\N,"Standaardmolen","Purmerend","Purmerend","Noord-Holland",false,52.520525,4.975007,"injury","2","clear",false,1,"GM0439"
"20220169126",2022,"Letsel",2,"Bromfiets","Fiets","Onbekend","Kruispunt, 3 takken",50,"Niet brandend","Daglicht",\N,\N,\N,"Verbindingsweg","Voorthuizen","Barneveld","Gelderland",false,52.175346,5.595379,"injury","2","unknown",false,1,"GM0203"
"20220170582",2022,"Uitsluitend materiele schade",2,"Fiets","Personenauto","Geparkeerd voertuig","Rechte weg",30,"Niet brandend","Daglicht","Droog","Parkeervoorziening","237337133","Prinses Margrietlaan","Mijdrecht","De Ronde Venen","Utrecht",false,52.206506,4.860546,"material damage only","4","clear",false,1,"GM0736"
"20220172793",2022,"Letsel",2,"Personenauto","Fiets","Flank","Kruispunt, 3 takken",80,"Niet brandend","Daglicht","Droog",\N,\N,"Achthoven-Oost","Montfoort","Montfoort","Utrecht",false,52.054723,4.990614,"injury","2","clear",false,1,"GM0335"
"20220175333",2022,"Letsel",2,"Fiets","Fiets","Onbekend","Rechte weg",50,"Niet brandend","Daglicht","Droog",\N,"264437050","Poortwachter","Hoorn","Hoorn","Noord-Holland",false,52.656068,5.053825,"injury","2","clear",false,1,"GM0405"
"20220131525",2022,"Uitsluitend materiele schade",2,"Fiets","Fiets","Flank","Rechte weg",\N,"Niet brandend","Schemer",\N,\N,"334215005","Bedafseweg","Vorstenbosch","Bernheze","Noord-Brabant",false,51.659038,5.565415,"material damage only","4","unknown",false,1,"GM1721"
"20220136532",2022,"Uitsluitend materiele schade",2,"Personenauto","Fiets","Flank","Kruispunt, 3 takken",50,"Niet brandend","Daglicht","Droog",\N,\N,"Euregioweg","Enschede","Enschede","Overijssel",false,52.224531,6.949227,"material damage only","4","clear",false,1,"GM0153"
"20220144160",2022,"Letsel",2,"Personenauto","e-bike","Flank","Rotonde",\N,"Niet brandend","Daglicht","Droog",\N,\N,"Van der Hagenstraat","Zoetermeer","Zoetermeer","Zuid-Holland",false,52.053444,4.514655,"injury","2","clear",false,1,"GM0637"
"20220145330",2022,"Letsel",1,"Fiets",\N,"Eenzijdig","Kruispunt, 3 takken",50,"Niet brandend","Daglicht","Droog","Brug/viaduct",\N,"Churchilllaan","Leiden","Leiden","Zuid-Holland",false,52.154959,4.472537,"injury","2","clear",false,1,"GM0546"
"20220150014",2022,"Uitsluitend materiele schade",2,"Fiets","Personenauto","Frontaal","Rechte weg",50,"Niet brandend","Daglicht","Droog",\N,"349172003","Vossenbeemd","Helmond","Helmond","Noord-Brabant",false,51.465872,5.673866,"material damage only","4","clear",false,1,"GM0794"
"20220191729",2022,"Letsel",3,"Snorfiets","Fiets","Flank","Kruispunt, 4 takken",60,"Brandend","Duisternis","Droog",\N,"428553004","Oosterweg","Noordwijk","Westerkwartier","Groningen",true,53.17524,6.275227,"injury","2","clear",false,1,"GM1969"
"20220115636",2022,"Uitsluitend materiele schade",1,"e-bike",\N,"Flank","Kruispunt, 4 takken",\N,"Niet brandend","Daglicht","Droog",\N,\N,"SPIREAPAD","Groningen","Groningen","Groningen",false,53.235091,6.544894,"material damage only","4","clear",false,1,"GM0014"
"20220124062",2022,"Uitsluitend materiele schade",2,"Personenauto","Fiets","Flank","Kruispunt, 4 takken",50,"Niet brandend","Daglicht","Droog",\N,\N,"Louis Davidsstraat","Amsterdam","Amsterdam","Noord-Holland",false,52.351878,4.810616,"material damage only","4","clear",false,1,"GM0363"
"20220128741",2022,"Uitsluitend materiele schade",2,"Personenauto","Fiets","Onbekend","Rechte weg",50,"Niet brandend","Daglicht","Droog",\N,\N,"Prins Bernhardstraat","Dordrecht","Dordrecht","Zuid-Holland",false,51.801179,4.665213,"material damage only","4","clear",false,1,"GM0505"
"20220131674",2022,"Uitsluitend materiele schade",2,"Personenauto","Fiets","Flank","Kruispunt, 4 takken",30,"Niet brandend","Daglicht","Regen",\N,\N,"Spirealaan","Rosmalen","'s-Hertogenbosch","Noord-Brabant",false,51.731851,5.361935,"material damage only","4","rain",false,1,"GM0796"
"20220173008",2022,"Uitsluitend materiele schade",3,"Fiets","Fiets","Onbekend","Rotonde",50,"Niet brandend","Daglicht","Droog",\N,\N,"Holkerweg","Amersfoort","Amersfoort","Utrecht",false,52.16968,5.389792,"material damage only","4","clear",false,1,"GM0307"
"20220185418",2022,"Letsel",3,"Personenauto","Fiets","Onbekend","Kruispunt, 4 takken",30,"Niet brandend","Daglicht","Droog",\N,\N,"Gaardermeesterweg","Rotterdam","Rotterdam","Zuid-Holland",false,51.898482,4.568433,"injury","2","clear",false,1,"GM0599"
"20220128774",2022,"Letsel",2,"Bromfiets","Fiets","Flank",\N,50,"Niet brandend","Daglicht","Droog",\N,"182286024","PROVINCIALEWEG","Berkel en Rodenrijs","Lansingerland","Zuid-Holland",false,51.971843,4.460462,"injury","2","clear",false,1,"GM1621"
"20220141579",2022,"Letsel",2,"Personenauto","e-bike","Flank","Rechte weg",50,"Niet brandend","Daglicht","Droog",\N,\N,"Olympiaweg","Amsterdam","Amsterdam","Noord-Holland",false,52.348029,4.861898,"injury","2","clear",false,1,"GM0363"
"20220154376",2022,"Uitsluitend materiele schade",2,"Bestelauto","Fiets","Flank","Rechte weg",50,"Niet brandend","Daglicht","Droog",\N,"600925202","Dorpsstraat","Assendelft","Zaanstad","Noord-Holland",false,52.478106,4.749031,"material damage only","4","clear",false,1,"GM0479"
"20220174246",2022,"Uitsluitend materiele schade",3,"Bromfiets","Fiets","Onbekend","Rechte weg",50,"Brandend","Duisternis","Droog",\N,"192374088","Thorbeckestraat","Zandvoort","Zandvoort","Noord-Holland",false,52.372287,4.526123,"material damage only","4","clear",false,1,"GM0473"
"20220187993",2022,"Uitsluitend materiele schade",2,"Bromfiets","Fiets","Frontaal","Kruispunt, 4 takken",30,"Niet brandend","Daglicht","Droog","Tunnel",\N,"Kennedyplein","Eindhoven","Eindhoven","Noord-Brabant",false,51.444591,5.480413,"material damage only","4","clear",false,1,"GM0772"
"20220192692",2022,"Uitsluitend materiele schade",2,"Snorfiets","Fiets","Flank","Rechte weg",30,"Niet brandend","Daglicht","Droog",\N,"464564052","Friesestraatweg","Groningen","Groningen","Groningen",false,53.219873,6.541728,"material damage only","4","clear",false,1,"GM0014"
"20220192892",2022,"Letsel",2,"Personenauto","Fiets","Flank","Kruispunt, 4 takken",50,"Niet brandend","Daglicht","Droog",\N,\N,"FIETSPAD","Groningen","Groningen","Groningen",false,53.192743,6.56259,"injury","2","clear",false,1,"GM0014"
"20220121486",2022,"Uitsluitend materiele schade",2,"Bestelauto","Fiets","Flank","Rechte weg",30,"Niet brandend","Daglicht","Droog",\N,"290446031","Middenweg","Bovenkarspel","Stede Broec","Noord-Holland",false,52.696931,5.242107,"material damage only","4","clear",false,1,"GM0532"
"20220131791",2022,"Uitsluitend materiele schade",1,"Fiets",\N,"Frontaal","Rechte weg",30,"Niet brandend","Daglicht","Droog",\N,"600817114","Kasteel-Traverse","Helmond","Helmond","Noord-Brabant",false,51.476625,5.666126,"material damage only","4","clear",false,1,"GM0794"
"20220148997",2022,"Uitsluitend materiele schade",1,"Fiets",\N,"Eenzijdig","Rechte weg",30,"Niet brandend","Daglicht","Droog",\N,"600822562","Loodiep","Someren","Someren","Noord-Brabant",false,51.383562,5.725273,"material damage only","4","clear",false,1,"GM0847"
"20220159547",2022,"Uitsluitend materiele schade",1,"Fiets",\N,"Eenzijdig","Rotonde",50,"Niet brandend","Daglicht","Droog",\N,\N,"Rotonde Dukaat","Boxtel","Boxtel","Noord-Brabant",false,51.602153,5.322014,"material damage only","4","clear",false,1,"GM0757"
"20220174319",2022,"Letsel",2,"Fiets","Fiets","Frontaal","Rechte weg",30,"Niet brandend","Daglicht","Droog",\N,"197373004","Blinkertweg","Zandvoort","Zandvoort","Noord-Holland",false,52.372925,4.567993,"injury","2","clear",false,1,"GM0473"
"20220186910",2022,"Uitsluitend materiele schade",2,"Fiets","Personenauto","Flank","Rotonde",60,"Niet brandend","Daglicht","Droog",\N,\N,"Rucphensebaan","Roosendaal","Roosendaal","Noord-Brabant",false,51.535743,4.503643,"material damage only","4","clear",false,1,"GM1674"
"20220196423",2022,"Letsel",3,"Personenauto","Fiets","Los voorwerp","Rechte weg",60,"Niet aanwezig","Daglicht","Droog",\N,"371285001","Drielse Rijndijk","Arnhem","Arnhem","Gelderland",false,51.969958,5.844434,"injury","2","clear",false,1,"GM0202"
"20220155702",2022,"Letsel",2,"Fiets","Fiets","Flank","Kruispunt, 3 takken",\N,"Niet brandend","Daglicht","Droog",\N,\N,"Panamakade","Amsterdam","Amsterdam","Noord-Holland",false,52.372355,4.938633,"injury","2","clear",false,1,"GM0363"
"20220160891",2022,"Uitsluitend materiele schade",3,"Personenauto","Fiets","Onbekend","Rotonde",50,"Niet aanwezig","Daglicht","Droog",\N,\N,"Donderbergweg","Roermond","Roermond","Limburg",false,51.184252,6.01006,"material damage only","4","clear",false,1,"GM0957"
"20220168316",2022,"Uitsluitend materiele schade",2,"Personenauto","Fiets","Flank","Kruispunt, 4 takken",50,"Niet brandend","Daglicht","Regen",\N,\N,"Boekeloseweg","Hengelo","Hengelo (O)","Overijssel",false,52.255894,6.785299,"material damage only","4","rain",false,1,\N
"20220196564",2022,"Uitsluitend materiele schade",1,"Fiets",\N,"Onbekend","Rechte weg",60,"Brandend","Duisternis","Droog","Tunnel","600936045","Rijksstraatweg","Wijhe","Olst-Wijhe","Overijssel",false,52.397565,6.136948,"material damage only","4","clear",false,1,"GM1773"
"20220196567",2022,"Letsel",2,"Fiets","Fiets","Frontaal","Rechte weg",80,"Brandend","Duisternis","Droog",\N,"600919875","Zieuwentseweg","Zieuwent","Oost Gelre","Gelderland",false,52.00011,6.521731,"injury","2","clear",false,1,"GM1586"
"20220120361",2022,"Uitsluitend materiele schade",2,"Personenauto","Fiets","Flank","Kruispunt, 3 takken",50,"Niet brandend","Daglicht","Droog",\N,\N,"Talmalaan","Utrecht","Utrecht","Utrecht",false,52.101185,5.114526,"material damage only","4","clear",false,1,"GM0344"
"20220123005",2022,"Letsel",2,"Fiets","Dier","Dier","Rechte weg",30,"Niet brandend","Daglicht","Droog",\N,"600433243","Tolweg","Heemskerk","Heemskerk","Noord-Holland",false,52.506361,4.683735,"injury","2","clear",false,1,"GM0396"
"20220131893",2022,"Uitsluitend materiele schade",2,"Personenauto","Fiets","Flank","Kruispunt, 3 takken",50,"Niet brandend","Daglicht",\N,\N,\N,"Beneden Beekloop","Geldrop","Geldrop-Mierlo","Noord-Brabant",false,51.424057,5.550281,"material damage only","4","unknown",false,1,"GM1771"
"20220141859",2022,"Letsel",2,"Motor","Fiets","Flank","Rechte weg",50,"Niet brandend","Daglicht","Droog","Brug/viaduct","245377124","Hagedoornplein","Amsterdam","Amsterdam","Noord-Holland",false,52.386937,4.911275,"injury","2","clear",false,1,"GM0363"
"20240085392",2024,"Uitsluitend materiele schade",1,"Fiets",\N,"Onbekend","Rechte weg",30,"Brandend","Schemer","Regen",\N,"600830095","Muntmeesterlaan","Nijmegen","Nijmegen","Gelderland",false,51.82604,5.82752,"material damage only","4","rain",false,1,"GM0268"
"20240088697",2024,"Uitsluitend materiele schade",2,"Personenauto","Fiets","Onbekend","Rechte weg",30,"Niet brandend","Daglicht","Droog",\N,"600405749","Mr. Visserplein","Amsterdam","Amsterdam","Noord-Holland",false,52.367985,4.903575,"material damage only","4","clear",false,1,"GM0363"
"20240091247",2024,"Letsel",2,"Fiets","Fiets","Onbekend","Kruispunt, 3 takken",30,"Niet brandend","Daglicht","Droog",\N,\N,"Kerkstraat","Haaren","Oisterwijk","Noord-Brabant",false,51.604552,5.227032,"injury","2","clear",false,1,"GM0824"
"20240092052",2024,"Letsel",2,"Fiets","Overig wegmeubilair","Frontaal","Rechte weg",30,"Brandend","Duisternis","Droog",\N,"298222186","Orthenstraat","'s-Hertogenbosch","'s-Hertogenbosch","Noord-Brabant",false,51.690853,5.301286,"injury","2","clear",false,1,"GM0796"
"20240093353",2024,"Letsel",2,"Personenauto","Fiets","Flank","Rechte weg",50,"Niet brandend","Daglicht","Droog",\N,\N,"Kuipersdijk","Enschede","Enschede","Overijssel",false,52.20297,6.894672,"injury","2","clear",false,1,"GM0153"
"20240095032",2024,"Letsel",2,"Bromfiets","Fiets","Frontaal","Bocht",30,"Niet brandend","Daglicht",\N,\N,"488529015","Boerhoorn","Annen","Aa en Hunze","Drenthe",false,53.059977,6.71635,"injury","2","unknown",false,1,"GM1680"
"20240097348",2024,"Letsel",2,"Fiets","Voetganger","Voetganger","Rechte weg",50,"Niet brandend","Daglicht","Droog",\N,"600388720","Trekweg","'s-Gravenhage","'s-Gravenhage","Zuid-Holland",false,52.066524,4.334354,"injury","2","clear",false,1,"GM0518"
"20240097706",2024,"Letsel",2,"Snorfiets","Fiets","Flank","Rechte weg",30,"Niet brandend","Daglicht","Droog",\N,\N,"Katwijkstraat","'s-Gravenhage","'s-Gravenhage","Zuid-Holland",false,52.107082,4.280301,"injury","2","clear",false,1,"GM0518"
"20240098416",2024,"Uitsluitend materiele schade",2,"Personenauto","Fiets","Flank","Kruispunt, 4 takken",50,"Brandend","Duisternis","Droog",\N,\N,"Hoornselaan","Purmerend","Purmerend","Noord-Holland",false,52.510348,4.951017,"material damage only","4","clear",false,1,"GM0439"
"20240048946",2024,"Uitsluitend materiele schade",2,"Personenauto","Fiets","Onbekend","Kruispunt, 3 takken",50,"Niet brandend","Daglicht","Droog",\N,\N,"Van Heesstraat","Utrecht","Utrecht","Utrecht",false,52.117194,5.071669,"material damage only","4","clear",false,1,"GM0344"
"20240092353",2024,"Uitsluitend materiele schade",2,"Fiets","Fiets","Frontaal","Rechte weg",50,"Niet brandend","Daglicht","Regen",\N,\N,"Vonderweg","Eindhoven","Eindhoven","Noord-Brabant",false,51.441566,5.469467,"material damage only","4","rain",false,1,"GM0772"
"20240094160",2024,"Uitsluitend materiele schade",1,"e-bike",\N,"Onbekend","Rechte weg",50,"Niet aanwezig","Daglicht",\N,\N,"476274011","Kriegerdijk","Aalten","Aalten","Gelderland",false,51.916296,6.603276,"material damage only","4","unknown",false,1,"GM0197"
"20240096127",2024,"Uitsluitend materiele schade",1,"Fiets",\N,"Onbekend","Rechte weg",30,"Niet brandend","Daglicht","Droog",\N,"600780632","Hoge Naarderweg","Hilversum","Hilversum","Noord-Holland",false,52.226976,5.169671,"material damage only","4","clear",false,1,"GM0402"
"20240097752",2024,"Letsel",1,"Fiets",\N,"Eenzijdig","Rechte weg",50,"Niet brandend","Daglicht","Droog",\N,"600726047","van Panhuysstraat","Noordwijk","Noordwijk","Zuid-Holland",false,52.241662,4.445459,"injury","2","clear",false,1,"GM0575"
"20240041050",2024,"Uitsluitend materiele schade",1,"Fiets",\N,"Onbekend","Kruispunt, 4 takken",50,"Niet brandend","Daglicht","Droog",\N,\N,"Hoornselaan","Purmerend","Purmerend","Noord-Holland",false,52.509747,4.94967,"material damage only","4","clear",false,1,"GM0439"
"20240041071",2024,"Letsel",1,"Fiets",\N,"Eenzijdig","Rechte weg",\N,"Niet brandend","Daglicht","Regen",\N,"206376132","Lange Raamstraat","Haarlem","Haarlem","Noord-Holland",false,52.378918,4.630263,"injury","2","rain",false,1,"GM0392"
"20240045334",2024,"Letsel",2,"Personenauto","Fiets","Flank","Kruispunt, 3 takken",50,"Niet brandend","Daglicht","Droog",\N,\N,"Veldhovenring","Tilburg","Tilburg","Noord-Brabant",false,51.567405,5.082552,"injury","2","clear",false,1,"GM0855"
"20240046634",2024,"Uitsluitend materiele schade",2,"Personenauto","Fiets","Flank","Rechte weg",60,"Niet brandend","Daglicht","Droog",\N,"600832840","Hoog Buurloseweg","Ugchelen","Apeldoorn","Gelderland",false,52.183049,5.875764,"material damage only","4","clear",false,1,"GM0200"
"20240048983",2024,"Uitsluitend materiele schade",2,"Personenauto","Fiets","Flank","Kruispunt, 4 takken",\N,"Niet brandend","Daglicht","Droog",\N,\N,"Crailoseweg","Hilversum","Huizen","Noord-Holland",false,52.267458,5.202833,"material damage only","4","clear",false,1,"GM0406"
"20240048997",2024,"Uitsluitend materiele schade",2,"Fiets","Snorfiets","Flank","Rechte weg",30,"Niet brandend","Daglicht","Droog",\N,\N,"Oudaen","Lelystad","Lelystad","Flevoland",false,52.492192,5.512694,"material damage only","4","clear",false,1,"GM0995"
"20240049605",2024,"Uitsluitend materiele schade",2,"Fiets","Personenauto","Kop/staart","Rechte weg",30,"Niet brandend","Daglicht","Droog",\N,"374243049","Kloosterstraat","Malden","Heumen","Gelderland",false,51.785033,5.855786,"material damage only","4","clear",false,1,"GM0252"
"20240050284",2024,"Letsel",1,"Fiets",\N,"Eenzijdig","Rechte weg",15,"Niet brandend","Daglicht","Regen","Parkeervoorziening",\N,"Paardenmarkt","Delft","Delft","Zuid-Holland",false,52.01628,4.358878,"injury","2","rain",false,1,"GM0503"