"accident_id","year","severity_raw","party_count","party1_type","party2_type","accident_type","road_situation","speed_limit_kmh","road_lighting","light_condition_label","weather_raw","infra_type","road_segment_id","street_name","place_name","gemeente_name_raw","province","alcohol_indicated","latitude","longitude","severity_label","severity_code","weather_label","built_up_area","cyclists_involved","gemeente_code"
"20240075612",2024,"Uitsluitend materiele schade",2,"Personenauto","Fiets","Flank","Bocht",50,"Niet brandend","Daglicht","Droog",\N,"404275015","Wilhelminalaan","Zevenaar","Zevenaar","Gelderland",false,51.928796,6.070627,"material damage only","4","clear",false,1,"GM0299"
"20240084810",2024,"Uitsluitend materiele schade",2,"Personenauto","Fiets","Flank","Rotonde",50,"Niet brandend","Daglicht","Droog",\N,\N,"Gemeenteweg","Staphorst","Staphorst","Overijssel",false,52.643699,6.202439,"material damage only","4","clear",false,1,"GM0180"
"20240086137",2024,"Letsel",2,"Bestelauto","Fiets","Geparkeerd voertuig","Bocht",30,"Niet brandend","Daglicht","Droog",\N,"267436021","Kluut","Hoorn","Hoorn","Noord-Holland",false,52.653003,5.076259,"injury","2","clear",false,1,"GM0405"
"20240086153",2024,"Uitsluitend materiele schade",1,"Fiets",\N,"Onbekend","Rechte weg",60,"Brandend","Duisternis","Droog",\N,"249412003","Rijperweg","Middenbeemster","Purmerend","Noord-Holland",false,52.540333,4.947538,"material damage only","4","clear",false,1,"GM0439"
"20240092140",2024,"Uitsluitend materiele schade",2,"Bestelauto","Fiets","Onbekend","Rechte weg",80,"Niet brandend","Daglicht","Droog",\N,"337165001","Geldropseweg","Mierlo","Geldrop-Mierlo","Noord-Brabant",false,51.433711,5.586994,"material damage only","4","clear",false,1,"GM1771"
"20240093141",2024,"Letsel",2,"Personenauto","e-bike","Flank","Kruispunt, 3 takken",50,"Niet brandend","Daglicht","Droog",\N,\N,"Zuiderstraat","Almelo","Almelo","Overijssel",false,52.350171,6.661809,"injury","2","clear",false,1,"GM0141"
"20240098226",2024,"Letsel",2,"Fiets","Los voorwerp","Los voorwerp","Rechte weg",30,"Brandend","Duisternis","Droog",\N,"174324058","Johan de Wittstraat","Wassenaar","Wassenaar","Zuid-Holland",false,52.142673,4.39645,"injury","2","clear",false,1,"GM0629"
"20240046029",2024,"Uitsluitend materiele schade",2,"Personenauto","Fiets","Flank","Kruispunt, 3 takken",50,"Niet brandend","Daglicht","Regen",\N,\N,"Parallelweg","Ubbergen","Berg en Dal","Gelderland",false,51.838381,5.900756,"material damage only","4","rain",false,1,"GM1945"
"20240046039",2024,"Uitsluitend materiele schade",2,"Personenauto","e-bike","Flank","Rotonde",50,"Niet brandend","Daglicht","Droog",\N,\N,"Europa-allee","Kampen","Kampen","Overijssel",false,52.556697,5.904718,"material damage only","4","clear",false,1,"GM0166"
"20240073293",2024,"Letsel",2,"Fiets","Personenauto","Flank","Kruispunt, 4 takken",30,"Niet brandend","Daglicht","Droog",\N,\N,"Borghaag","Maastricht","Maastricht","Limburg",false,50.829226,5.724508,"injury","2","clear",false,1,"GM0935"
"20240074621",2024,"Letsel",2,"Voetganger","Fiets","Onbekend","Rechte weg",50,"Niet brandend","Daglicht","Droog",\N,"207197135","Heggemus","Etten-Leur","Etten-Leur","Noord-Brabant",false,51.574254,4.649777,"injury","2","clear",false,1,"GM0777"
"20240083628",2024,"Uitsluitend materiele schade",2,"Personenauto","Fiets","Flank","Rechte weg",50,"Niet brandend","Daglicht","Droog","Spoorwegovergang","600726816","Gastelseweg","Roosendaal","Roosendaal","Noord-Brabant",false,51.551591,4.473383,"material damage only","4","clear",false,1,"GM1674"
"20240090118",2024,"Letsel",2,"Fiets","Personenauto","Flank","Rechte weg",30,"Niet brandend","Daglicht","Droog",\N,"167279006","Abcoudehoeve","Vlaardingen","Vlaardingen","Zuid-Holland",false,51.939591,4.353506,"injury","2","clear",false,1,"GM0622"
"20240095658",2024,"Letsel",2,"Personenauto","Fiets","Onbekend","Kruispunt, 4 takken",50,"Niet brandend","Daglicht","Regen",\N,\N,"Neckardreef","Utrecht","Utrecht","Utrecht",false,52.114811,5.123871,"injury","2","rain",false,1,"GM0344"
"20240046084",2024,"Uitsluitend materiele schade",2,"Personenauto","Fiets","Flank","Kruispunt, 4 takken",30,"Niet brandend","Daglicht","Droog",\N,\N,"Spreeuwstraat","Winterswijk","Winterswijk","Gelderland",false,51.970277,6.706323,"material damage only","4","clear",false,1,"GM0294"
"20240049701",2024,"Uitsluitend materiele schade",1,"Fiets",\N,"Eenzijdig","Rechte weg",15,"Niet brandend","Daglicht","Droog",\N,"213328001","Varkenskade","Ter Aar","Nieuwkoop","Zuid-Holland",false,52.167213,4.685542,"material damage only","4","clear",false,1,"GM0569"
"20240050335",2024,"Uitsluitend materiele schade",2,"Fiets","Personenauto","Flank","Kruispunt, 4 takken",50,"Niet brandend","Daglicht","Droog",\N,\N,"Beneluxbaan","Amstelveen","Amstelveen","Noord-Holland",false,52.303116,4.873259,"material damage only","4","clear",false,1,"GM0362"
"20240070800",2024,"Uitsluitend materiele schade",2,"Personenauto","Fiets","Flank","Rotonde",50,"Niet brandend","Daglicht","Droog",\N,\N,"Burgemeester Keijzerweg","Papendrecht","Papendrecht","Zuid-Holland",false,51.835706,4.692004,"material damage only","4","clear",false,1,"GM0590"
"20240086234",2024,"Letsel",1,"Fiets",\N,"Onbekend","Kruispunt, 4 takken",50,"Niet brandend","Daglicht","Droog",\N,\N,"Jan Steenlaan","Loosdrecht","Wijdemeren","Noord-Holland",false,52.205283,5.129432,"injury","2","clear",false,1,"GM1696"
"20240087572",2024,"Uitsluitend materiele schade",1,"Fiets",\N,"Voetganger","Kruispunt, 4 takken",30,"Niet brandend","Daglicht","Droog",\N,\N,"Prins Hendriklaan","Utrecht","Utrecht","Utrecht",false,52.086804,5.142321,"material damage only","4","clear",false,1,"GM0344"
"20240088194",2024,"Letsel",1,"Fiets",\N,"Eenzijdig","Rechte weg",50,"Niet brandend","Daglicht","Droog",\N,"600919401","Verlengde Bosweg","Noordwijk","Noordwijk","Zuid-Holland",false,52.256968,4.442887,"injury","2","clear",false,1,"GM0575"
"20240041153",2024,"Uitsluitend materiele schade",2,"Fiets","Personenauto","Onbekend",\N,30,\N,"Daglicht",\N,\N,"235368052","Anthony Fokkerweg","Amsterdam","Amsterdam","Noord-Holland",false,52.345225,4.843924,"material damage only","4","unknown",false,1,"GM0363"
"20240048488",2024,"Uitsluitend materiele schade",2,"Bestelauto","Fiets","Onbekend","Kruispunt, 3 takken",50,"Niet brandend","Daglicht","Droog",\N,\N,"Kapitein G.A. Meijerweg","Naarden","Gooise Meren","Noord-Holland",false,52.291647,5.167753,"material damage only","4","clear",false,1,"GM1942"
"20240074692",2024,"Letsel",2,"Bestelauto","e-bike","Flank","Kruispunt, 4 takken",30,"Niet brandend","Daglicht","Droog",\N,\N,"Lijsterstraat","Drachten","Smallingerland","Friesland",false,53.113871,6.102194,"injury","2","clear",false,1,"GM0090"
"20240088206",2024,"Uitsluitend materiele schade",2,"Fiets","Fiets","Kop/staart","Rechte weg",30,"Niet brandend","Daglicht","Droog","Brug/viaduct",\N,"Ezelsveldlaan","Delft","Delft","Zuid-Holland",false,52.010253,4.36881,"material damage only","4","clear",false,1,"GM0503"
"20240090828",2024,"Uitsluitend materiele schade",2,"Fiets","Personenauto","Flank","Rechte weg",50,"Niet aanwezig","Daglicht","Droog",\N,"600892972","de la Reijweg","Breda","Breda","Noord-Brabant",false,51.584605,4.793615,"material damage only","4","clear",false,1,"GM0758"
"20240095709",2024,"Letsel",2,"Bromfiets","Fiets","Flank","Kruispunt, 4 takken",30,"Niet brandend","Daglicht","Droog",\N,\N,"Rustenburg","Zaandam","Zaanstad","Noord-Holland",false,52.436177,4.818728,"injury","2","clear",false,1,"GM0479"
"20240095710",2024,"Uitsluitend materiele schade",2,"Personenauto","Fiets","Flank","Kruispunt, 3 takken",30,"Niet brandend","Daglicht","Droog",\N,\N,"Tony van Verrestraat","Hilversum","Hilversum","Noord-Holland",false,52.222578,5.205336,"material damage only","4","clear",false,1,"GM0402"
"20240098631",2024,"Letsel",2,"Fiets","Personenauto","Flank","Kruispunt, 4 takken",30,"Niet brandend","Daglicht","Droog",\N,\N,"Warmoesstraat","Den Burg","Texel","Noord-Holland",false,53.053671,4.796225,"injury","2","clear",false,1,"GM0448"
"20240077417",2024,"Uitsluitend materiele schade",2,"Motor","Fiets","Kop/staart","Kruispunt, 3 takken",60,"Niet aanwezig","Daglicht","Droog",\N,\N,"Noord IJsseldijk","IJsselstein","IJsselstein","Utrecht",false,52.04709,5.019766,"material damage only","4","clear",false,1,"GM0353"
"20240086320",2024,"Letsel",1,"Fiets",\N,"Onbekend","Rechte weg",60,"Niet brandend","Daglicht","Droog",\N,"234524003","Schilderweg","Oudeschild","Texel","Noord-Holland",false,53.045092,4.826768,"injury","2","clear",false,1,"GM0448"
"20240095761",2024,"Letsel",2,"Fiets","Fiets","Flank","Rechte weg",50,"Niet brandend","Daglicht","Droog",\N,"600586787","Waterlandlaan","Purmerend","Purmerend","Noord-Holland",false,52.50584,4.956679,"injury","2","clear",false,1,"GM0439"
"20240098392",2024,"Letsel",2,"Personenauto","Fiets","Flank","Rechte weg",30,"Niet brandend","Daglicht","Droog",\N,"246380045","Nieuwe Purmerweg","Amsterdam","Amsterdam","Noord-Holland",false,52.398246,4.924293,"injury","2","clear",false,1,"GM0363"
"20240043988",2024,"Uitsluitend materiele schade",2,"Personenauto","Fiets","Onbekend","Kruispunt, 4 takken",50,"Niet brandend","Daglicht","Droog",\N,\N,"Nachtegaallaan","Eindhoven","Eindhoven","Noord-Brabant",false,51.437463,5.485756,"material damage only","4","clear",false,1,"GM0772"
"20240046831",2024,"Letsel",2,"Bestelauto","Fiets","Frontaal","Kruispunt, 4 takken",60,"Niet brandend","Daglicht","Droog",\N,\N,"Traandijk","Klarenbeek","Apeldoorn","Gelderland",false,52.176232,6.019815,"injury","2","clear",false,1,"GM0200"
"20240074746",2024,"Letsel",2,"Snorfiets","Fiets","Onbekend","Kruispunt, 3 takken",30,"Niet brandend","Daglicht","Regen",\N,\N,"Westerhaven","Groningen","Groningen","Groningen",false,53.21426,6.556083,"injury","2","rain",false,1,"GM0014"
"20240074748",2024,"Uitsluitend materiele schade",1,"Fiets",\N,"Frontaal","Kruispunt, 3 takken",50,"Niet brandend","Daglicht","Regen",\N,\N,"Nijverdalseweg","Rijssen","Rijssen-Holten","Overijssel",false,52.310622,6.507871,"material damage only","4","rain",false,1,"GM1742"
"20240088316",2024,"Letsel",2,"Fiets","Personenauto","Flank","Rotonde",50,"Niet brandend","Daglicht","Droog",\N,\N,"Dorpsstraat","Aalsmeer","Aalsmeer","Noord-Holland",false,52.271822,4.751719,"injury","2","clear",false,1,"GM0358"
"20240090913",2024,"Uitsluitend materiele schade",1,"Fiets",\N,"Onbekend","Bocht",15,"Niet brandend","Daglicht","Droog",\N,"245167004","Pastoor de Katerstraat","Baarle-Nassau","Baarle-Nassau","Noord-Brabant",false,51.4417,4.926124,"material damage only","4","clear",false,1,"GM0744"
"20240102352",2024,"Uitsluitend materiele schade",2,"Personenauto","Fiets","Flank","Kruispunt, 4 takken",\N,"Niet aanwezig","Daglicht","Droog",\N,\N,"Kruishoeveweg","Voerendaal","Voerendaal","Limburg",false,50.854004,5.921863,"material damage only","4","clear",false,1,"GM0986"
"20240044675",2024,"Uitsluitend materiele schade",2,"Personenauto","Fiets","Flank","Rotonde",50,"Niet brandend","Daglicht","Droog",\N,\N,"Westsingel","Horst","Horst aan de Maas","Limburg",false,51.45047,6.046663,"material damage only","4","clear",false,1,"GM1507"
"20240074785",2024,"Uitsluitend materiele schade",2,"e-bike","e-bike","Frontaal","Rechte weg",50,"Niet aanwezig","Daglicht","Droog",\N,"313262003","Kruisstraat","Tiel","Tiel","Gelderland",false,51.870418,5.415012,"material damage only","4","clear",false,1,"GM0281"
"20240102946",2024,"Letsel",2,"Fiets","Personenauto","Flank","Rechte weg",50,"Niet brandend","Daglicht","Droog",\N,\N,"Industrielaan","Uden","Maashorst","Noord-Brabant",false,51.64898,5.642989,"injury","2","clear",false,1,"GM1991"
"20240103330",2024,"Uitsluitend materiele schade",1,"Fiets",\N,"Onbekend","Rechte weg",50,"Niet brandend","Daglicht","Droog",\N,"296222134","Newtonlaan","'s-Hertogenbosch","'s-Hertogenbosch","Noord-Brabant",false,51.691577,5.291188,"material damage only","4","clear",false,1,"GM0796"
"20240074842",2024,"Letsel",2,"Bestelauto","Fiets","Flank","Rotonde",50,"Niet brandend","Daglicht","Droog",\N,\N,"Lomanlaan","Hoogeveen","Hoogeveen","Drenthe",false,52.713685,6.477194,"injury","2","clear",false,1,"GM0118"
"20240080797",2024,"Letsel",1,"Fiets",\N,"Onbekend",\N,\N,\N,"Daglicht",\N,\N,"190276006","Kralingseweg","Rotterdam","Rotterdam","Zuid-Holland",false,51.927249,4.520189,"injury","2","unknown",false,1,"GM0599"
"20240089043",2024,"Letsel",1,"Fiets",\N,"Onbekend","Rechte weg",\N,"Niet brandend","Daglicht","Droog","Brug/viaduct","601215416","Haantje","Rijswijk","Rijswijk","Zuid-Holland",false,52.018236,4.338039,"injury","2","clear",false,1,\N
"20240091643",2024,"Uitsluitend materiele schade",2,"Personenauto","Fiets","Flank","Kruispunt, 3 takken",30,"Niet brandend","Daglicht","Droog",\N,\N,"Schrepelstraat","Breda","Breda","Noord-Brabant",false,51.573748,4.791843,"material damage only","4","clear",false,1,"GM0758"
"20240099204",2024,"Letsel",2,"Snorfiets","Fiets","Flank","Kruispunt, 4 takken",30,"Niet brandend","Daglicht","Droog",\N,\N,"Eduard Vetermanstraat","Amsterdam","Amsterdam","Noord-Holland",false,52.375806,4.83316,"injury","2","clear",false,1,"GM0363"
"20240045029",2024,"Letsel",1,"Fiets",\N,"Eenzijdig","Bocht",60,"Niet brandend","Daglicht","Droog",\N,"601072350","Afsluitdijk","Poederoijen","Zaltbommel","Gelderland",false,51.795612,5.053667,"injury","2","clear",false,1,"GM0297"
"20240072718",2024,"Uitsluitend materiele schade",2,"Personenauto","Fiets","Flank","Kruispunt, 3 takken",50,"Niet brandend","Daglicht",\N,\N,\N,"Lage Molenpolderweg","Oosterhout","Oosterhout","Noord-Brabant",false,51.643417,4.834914,"material damage only","4","unknown",false,1,"GM0826"
"20240080804",2024,"Letsel",2,"Personenauto","Fiets","Flank","Kruispunt, 4 takken",50,"Niet brandend","Daglicht","Regen",\N,\N,"Karel Doormanweg","Dordrecht","Dordrecht","Zuid-Holland",false,51.793983,4.655946,"injury","2","rain",false,1,"GM0505"
"20240091689",2024,"Letsel",2,"Fiets","Bromfiets","Frontaal","Rechte weg",50,"Niet brandend","Daglicht","Droog",\N,"600728000","Godfried Bomanspad","Zoetermeer","Zoetermeer","Zuid-Holland",false,52.062826,4.474087,"injury","2","clear",false,1,"GM0637"
"20240096496",2024,"Uitsluitend materiele schade",2,"Fiets","Personenauto","Frontaal","Kruispunt, 4 takken",50,"Niet brandend","Daglicht","Droog",\N,\N,"Stationsplein","Amersfoort","Amersfoort","Utrecht",false,52.15288,5.374434,"material damage only","4","clear",false,1,"GM0307"
"20240099377",2024,"Uitsluitend materiele schade",2,"Fiets","Fiets","Flank","Rechte weg",30,"Niet brandend","Daglicht","Droog",\N,\N,"Halsterseweg","Bergen op Zoom","Bergen op Zoom","Noord-Brabant",false,51.50539,4.279467,"material damage only","4","clear",false,1,"GM0748"
"20240080855",2024,"Letsel",1,"Fiets",\N,"Eenzijdig","Rechte weg",50,"Brandend","Duisternis","Droog",\N,"600106127","Gevers Deynootweg","'s-Gravenhage","'s-Gravenhage","Zuid-Holland",false,52.110635,4.279942,"injury","2","clear",false,1,"GM0518"
"20240085848",2024,"Letsel",2,"Personenauto","Fiets","Flank","Kruispunt, 4 takken",50,"Niet aanwezig","Daglicht","Droog",\N,\N,"Nobelweg","Dodewaard","Neder-Betuwe","Gelderland",false,51.917804,5.653451,"injury","2","clear",false,1,"GM1740"
"20240086499",2024,"Letsel",2,"Fiets","Fiets","Onbekend","Rechte weg",30,"Niet brandend","Daglicht","Droog",\N,"600750104","Lagendijk","Uitgeest","Uitgeest","Noord-Holland",false,52.526228,4.726691,"injury","2","clear",false,1,"GM0450"
"20240089142",2024,"Uitsluitend materiele schade",2,"Bestelauto","Fiets","Flank","Kruispunt, 3 takken",50,"Brandend","Duisternis","Droog",\N,\N,"De Rade","'s-Gravenhage","'s-Gravenhage","Zuid-Holland",false,52.047603,4.258139,"material damage only","4","clear",false,1,"GM0518"
"20240099896",2024,"Letsel",2,"Fiets",\N,"Flank","Kruispunt, 4 takken",30,"Niet brandend","Daglicht","Droog",\N,\N,"Groenewoudlaan","Spijkenisse","Nissewaard","Zuid-Holland",false,51.844449,4.341291,"injury","2","clear",false,1,"GM1930"
"20240100232",2024,"Uitsluitend materiele schade",2,"Fiets","Personenauto","Flank","Kruispunt, 3 takken",30,"Niet brandend","Daglicht","Droog",\N,\N,"Koperstraat","Rotterdam","Rotterdam","Zuid-Holland",false,51.950163,4.551691,"material damage only","4","clear",false,1,"GM0599"
"20240100329",2024,"Uitsluitend materiele schade",2,"Fiets","Personenauto","Flank","Rotonde",50,"Niet brandend","Daglicht","Droog",\N,\N,"Sportlaan","Pijnacker","Pijnacker-Nootdorp","Zuid-Holland",false,52.025755,4.422166,"material damage only","4","clear",false,1,"GM1926"
"20240101510",2024,"Uitsluitend materiele schade",3,"Personenauto","Fiets","Los voorwerp","Rechte weg",50,"Brandend","Schemer","Droog",\N,"600799207","Keverberg","Eindhoven","Eindhoven","Noord-Brabant",false,51.416328,5.441279,"material damage only","4","clear",false,1,"GM0772"
"20240101533",2024,"Uitsluitend materiele schade",1,"Fiets",\N,"Onbekend","Rechte weg",50,"Niet brandend","Daglicht","Droog",\N,"355035061","Scharnerweg","Maastricht","Maastricht","Limburg",false,50.848035,5.709442,"material damage only","4","clear",false,1,"GM0935"
"20240048775",2024,"Uitsluitend materiele schade",2,"Fiets","Fiets","Onbekend","Kruispunt, 3 takken",50,"Niet brandend","Daglicht","Droog",\N,\N,"Karel Doormanlaan","Huizen","Huizen","Noord-Holland",false,52.296629,5.227433,"material damage only","4","clear",false,1,"GM0406"
"20240049364",2024,"Uitsluitend materiele schade",2,"Personenauto","Fiets","Flank","Kruispunt, 4 takken",30,"Niet aanwezig","Daglicht","Droog",\N,\N,"Wervershoofstraat","Amersfoort","Amersfoort","Utrecht",false,52.203563,5.420895,"material damage only","4","clear",false,1,"GM0307"
"20240083978",2024,"Letsel",2,"Vrachtauto","Fiets","Flank","Rechte weg",80,"Niet brandend","Daglicht","Droog",\N,\N,"Heuvelsweg","Zierikzee","Schouwen-Duiveland","Zeeland",false,51.66512,3.92478,"injury","2","clear",false,1,"GM1676"
"20240091093",2024,"Uitsluitend materiele schade",2,"Personenauto","Fiets","Flank","Rechte weg",30,"Niet brandend","Daglicht","Droog",\N,"225205012","Vlaanderenstraat","Breda","Breda","Noord-Brabant",false,51.612077,4.779991,"material damage only","4","clear",false,1,"GM0758"
"20240100934",2024,"Letsel",2,"Bromfiets","Fiets","Flank","Kruispunt, 3 takken",50,"Niet brandend","Daglicht","Droog",\N,\N,"Oosteindseweg","Bergschenhoek","Lansingerland","Zuid-Holland",false,51.990615,4.506926,"injury","2","clear",false,1,"GM1621"
"20240101082",2024,"Letsel",1,"Fiets",\N,"Onbekend",\N,\N,\N,"Daglicht",\N,\N,"185328110","Stationsplein","Leiden","Leiden","Zuid-Holland",false,52.163642,4.480094,"injury","2","unknown",false,1,"GM0546"
"20240102208",2024,"Uitsluitend materiele schade",1,"Fiets",\N,"Flank","Rechte weg",50,"Niet brandend","Daglicht","Droog",\N,\N,"Mispelhoefstraat","Eindhoven","Eindhoven","Noord-Brabant",false,51.474464,5.415556,"material damage only","4","clear",false,1,"GM0772"
"20240102230",2024,"Uitsluitend materiele schade",2,"Personenauto","Fiets","Flank","Rotonde",50,\N,"Duisternis","Droog",\N,\N,"Esdoornlaan","Oosterhout","Oosterhout","Noord-Brabant",false,51.632443,4.870356,"material damage only","4","clear",false,1,"GM0826"
"20240043605",2024,"Letsel",2,"Bestelauto","Fiets","Flank","Rechte weg",60,"Niet brandend","Daglicht","Droog",\N,"392182013","Brienshoekweg","Leunen","Venray","Limburg",false,51.509304,5.984706,"injury","2","clear",false,1,"GM0984"
"20240044225",2024,"Uitsluitend materiele schade",2,"Bestelauto","Fiets","Flank","Kruispunt, 3 takken",30,"Niet brandend","Daglicht","Droog",\N,\N,"Karperweg","Amsterdam","Amsterdam","Noord-Holland",false,52.348689,4.857249,"material damage only","4","clear",false,1,"GM0363"
"20240070512",2024,"Uitsluitend materiele schade",2,"Personenauto","Fiets","Flank","Rotonde",50,"Niet brandend","Daglicht","Droog",\N,\N,"Wilhelminalaan","Raamsdonksveer","Geertruidenberg","Noord-Brabant",false,51.693634,4.875171,"material damage only","4","clear",false,1,"GM0779"
"20240075015",2024,"Uitsluitend materiele schade",2,"Personenauto","Fiets","Flank","Rechte weg",50,"Niet brandend","Daglicht","Regen",\N,"460559141","Peizerweg","Groningen","Groningen","Groningen",false,53.198546,6.515851,"material damage only","4","rain",false,1,"GM0014"
"20240089199",2024,"Letsel",2,"Fiets","Fiets","Frontaal","Rechte weg",30,"Niet brandend","Daglicht","Droog",\N,"600733642","Heulslootweg","Bleiswijk","Lansingerland","Zuid-Holland",false,52.017819,4.540818,"injury","2","clear",false,1,"GM1621"
"20240100828",2024,"Letsel",2,"Fiets","Fiets","Flank","Kruispunt, 3 takken",50,"Brandend","Schemer","Droog",\N,\N,"Jongeneelstraat","'s-Gravenhage","'s-Gravenhage","Zuid-Holland",false,52.109273,4.278108,"injury","2","clear",false,1,"GM0518"
"20240045160",2024,"Uitsluitend materiele schade",1,"Fiets",\N,"Flank","Rotonde",50,"Niet brandend","Daglicht","Droog",\N,\N,"Molensingel","Venlo","Venlo","Limburg",false,51.366012,6.164535,"material damage only","4","clear",false,1,"GM0983"
"20240049482",2024,"Uitsluitend materiele schade",2,"Personenauto","Fiets","Flank","Kruispunt, 4 takken",50,"Niet brandend","Daglicht","Droog",\N,\N,"Ribeslaan","Apeldoorn","Apeldoorn","Gelderland",false,52.215751,5.933267,"material damage only","4","clear",false,1,"GM0200"
"20240072562",2024,"Letsel",2,"Personenauto","e-bike","Flank","Kruispunt, 3 takken",50,"Niet brandend","Daglicht","Droog",\N,\N,"Burg Frans Cortenraadstr","Gronsveld","Eijsden-Margraten","Limburg",false,50.812485,5.720718,"injury","2","clear",false,1,"GM1903"
"20240075043",2024,"Uitsluitend materiele schade",2,"Personenauto","Fiets","Flank","Rechte weg",50,"Niet brandend","Daglicht","Droog",\N,"347523092","Goeman Borgesiuslaan","Sneek","Súdwest-Fryslân","Friesland",false,53.040138,5.665183,"material damage only","4","clear",false,1,"GM1900"
"20240084063",2024,"Uitsluitend materiele schade",2,"Personenauto","Fiets","Flank","Kruispunt, 4 takken",30,"Niet brandend","Daglicht","Droog",\N,\N,"Nachtegaalstraat","Geleen","Sittard-Geleen","Limburg",false,50.964834,5.828233,"material damage only","4","clear",false,1,"GM1883"
"20240103242",2024,"Letsel",2,"Fiets","Personenauto","Flank","Rotonde",50,"Niet brandend","Daglicht","Droog",\N,\N,"John F. Kennedylaan","Heerlen","Heerlen","Limburg",false,50.873092,5.99308,"injury","2","clear",false,1,"GM0917"
"20240073178",2024,"Uitsluitend materiele schade",2,"Fiets","Bromfiets","Flank","Bocht",50,"Niet brandend","Daglicht","Droog",\N,"352035111","Markt","Maastricht","Maastricht","Limburg",false,50.851131,5.690366,"material damage only","4","clear",false,1,"GM0935"
"20240084132",2024,"Uitsluitend materiele schade",1,"Fiets",\N,"Onbekend","Rechte weg",50,"Niet brandend","Daglicht","Droog",\N,"600667663","Nieuwe Plein","Arnhem","Arnhem","Gelderland",false,51.978962,5.90025,"material damage only","4","clear",false,1,"GM0202"
"20240091208",2024,"Letsel",2,"Fiets","Bromfiets","Frontaal","Kruispunt, 4 takken",30,"Niet brandend","Daglicht","Droog",\N,\N,"Dorpsstraat","Barendrecht","Barendrecht","Zuid-Holland",false,51.858404,4.532802,"injury","2","clear",false,1,"GM0489"
"20230048954",2023,"Uitsluitend materiele schade",2,"Personenauto","e-bike","Flank","Kruispunt, 4 takken",50,"Niet brandend","Daglicht","Droog",\N,\N,"Hoekenes","Amsterdam","Amsterdam","Noord-Holland",false,52.352536,4.80293,"material damage only","4","clear",false,1,"GM0363"
"20230057604",2023,"Uitsluitend materiele schade",2,"Bromfiets","Fiets","Flank","Kruispunt, 3 takken",30,"Niet brandend","Daglicht","Droog",\N,\N,"Beekstraat","Arnhem","Arnhem","Gelderland",false,51.979569,5.912434,"material damage only","4","clear",false,1,"GM0202"
"20230059033",2023,"Uitsluitend materiele schade",2,"Personenauto","Fiets","Geparkeerd voertuig","Rechte weg",30,"Brandend","Duisternis","Droog",\N,"240372153","Leidsebosje","Amsterdam","Amsterdam","Noord-Holland",false,52.363282,4.880672,"material damage only","4","clear",false,1,"GM0363"
"20230062506",2023,"Uitsluitend materiele schade",3,"Personenauto","Fiets","Onbekend","Rechte weg",50,"Niet brandend","Daglicht","Droog",\N,"372039002","Nieuweweg","Valkenburg","Valkenburg aan de Geul","Limburg",false,50.868353,5.83423,"material damage only","4","clear",false,1,"GM0994"
"20230040772",2023,"Letsel",1,"Fiets",\N,"Eenzijdig","Kruispunt, 3 takken",50,"Niet aanwezig","Daglicht","Droog",\N,\N,"Oostvlietweg","Leidschendam","Leidschendam-Voorburg","Zuid-Holland",false,52.089972,4.409517,"injury","2","clear",false,1,"GM1916"
"20230057620",2023,"Letsel",2,"Personenauto","Fiets","Flank","Kruispunt, 4 takken",130,"Niet brandend","Daglicht","Droog","Brug/viaduct",\N,"Klarenbeekseweg","Loenen","Apeldoorn","Gelderland",false,52.140007,6.040937,"injury","2","clear",false,1,"GM0200"
"20230061477",2023,"Letsel",1,"Fiets",\N,"Eenzijdig","Rechte weg",50,"Niet brandend","Daglicht","Droog",\N,"168292083","Vulcanusweg","Delft","Delft","Zuid-Holland",false,51.997965,4.359491,"injury","2","clear",false,1,"GM0503"
"20230063846",2023,"Uitsluitend materiele schade",2,"Personenauto","Fiets","Flank","Rotonde",50,"Niet brandend","Daglicht","Regen",\N,\N,"Ureterpvallaat","Drachten","Smallingerland","Friesland",false,53.110621,6.135499,"material damage only","4","rain",false,1,"GM0090"
"20230065093",2023,"Uitsluitend materiele schade",2,"Personenauto","Fiets","Flank","Rechte weg",50,"Niet brandend","Daglicht","Droog",\N,"372279010","Marasingel","Arnhem","Arnhem","Gelderland",false,51.947421,5.843469,"material damage only","4","clear",false,1,"GM0202"
"20230040775",2023,"Uitsluitend materiele schade",2,"Fiets","e-bike","Flank","Kruispunt, 4 takken",50,"Niet brandend","Daglicht","Droog",\N,\N,"Bos en Lommerweg","Amsterdam","Amsterdam","Noord-Holland",false,52.378115,4.847634,"material damage only","4","clear",false,1,"GM0363"
"20230040785",2023,"Uitsluitend materiele schade",2,"Bestelauto","Fiets","Flank","Kruispunt, 4 takken",50,"Niet brandend","Daglicht","Droog",\N,\N,"Schuttersveld","Leiden","Leiden","Zuid-Holland",false,52.16545,4.486121,"material damage only","4","clear",false,1,"GM0546"
"20230045444",2023,"Letsel",2,"e-bike","Fiets","Frontaal","Rotonde",50,"Niet brandend","Daglicht","Droog",\N,\N,"Newtonweg","Harderwijk","Harderwijk","Gelderland",false,52.349078,5.632781,"injury","2","clear",false,1,"GM0243"