"accident_id","year","severity_raw","party_count","party1_type","party2_type","accident_type","road_situation","speed_limit_kmh","road_lighting","light_condition_label","weather_raw","infra_type","road_segment_id","street_name","place_name","gemeente_name_raw","province","alcohol_indicated","latitude","longitude","severity_label","severity_code","weather_label","built_up_area","cyclists_involved","gemeente_code"
"20230047797",2023,"Letsel",2,"Fiets","Personenauto","Frontaal","Kruispunt, 3 takken",30,"Niet brandend","Daglicht","Droog",\N,\N,"Geerenweg","Eemnes","Eemnes","Utrecht",false,52.220839,5.30515,"injury","2","clear",false,1,"GM0317"
"20230050123",2023,"Uitsluitend materiele schade",2,"Personenauto","Fiets","Flank","Rechte weg",30,"Niet brandend","Daglicht","Droog",\N,"170310053","Prinses Margrietlaan","Voorburg","Leidschendam-Voorburg","Zuid-Holland",false,52.078999,4.37317,"material damage only","4","clear",false,1,"GM1916"
"20230055955",2023,"Letsel",2,"e-bike","Personenauto","Flank","Kruispunt, 4 takken",50,"Niet brandend","Daglicht","Droog","Spoorwegovergang",\N,"Prov wg Z-Castricum","Koog aan de Zaan","Zaanstad","Noord-Holland",false,52.470863,4.80546,"injury","2","clear",false,1,"GM0479"
"20230065150",2023,"Uitsluitend materiele schade",2,"Personenauto","Fiets","Flank","Kruispunt, 3 takken",50,"Niet brandend","Daglicht","Regen",\N,\N,"Willinkstraat","Winterswijk","Winterswijk","Gelderland",false,51.969784,6.722926,"material damage only","4","rain",false,1,"GM0294"
"20230047848",2023,"Letsel",2,"Personenauto","Fiets","Flank","Kruispunt, 3 takken",50,"Niet brandend","Daglicht","Droog",\N,\N,"Holenweg","Hoorn","Hoorn","Noord-Holland",false,52.644862,5.078887,"injury","2","clear",false,1,"GM0405"
"20230049620",2023,"Uitsluitend materiele schade",1,"Fiets",\N,"Eenzijdig","Rechte weg",30,"Niet brandend","Daglicht","Droog",\N,"142293148","Hoflaan","'s-Gravenzande","Westland","Zuid-Holland",false,52.004682,4.16651,"material damage only","4","clear",false,1,"GM1783"
"20230051322",2023,"Uitsluitend materiele schade",2,"Bestelauto","e-bike","Frontaal","Bocht",30,"Niet brandend","Daglicht","Droog",\N,"345171023","Karperlaan","Helmond","Helmond","Noord-Brabant",false,51.460637,5.642372,"material damage only","4","clear",false,1,"GM0794"
"20230058469",2023,"Letsel",2,"Personenauto","Fiets","Flank","Kruispunt, 3 takken",50,"Niet brandend","Daglicht","Droog",\N,\N,"Sam van Houtenstraat","Amsterdam","Amsterdam","Noord-Holland",false,52.379362,4.806541,"injury","2","clear",false,1,"GM0363"
"20230058487",2023,"Letsel",1,"Fiets",\N,"Eenzijdig","Rechte weg",50,"Niet aanwezig","Daglicht","Droog",\N,"154312036","Duivelandsestraat","'s-Gravenhage","'s-Gravenhage","Zuid-Holland",false,52.087387,4.253378,"injury","2","clear",false,1,"GM0518"
"20240131779",2024,"Letsel",1,"Fiets",\N,"Flank","Rechte weg",50,"Niet brandend","Daglicht","Droog",\N,"600697982","Prov wg Z-Castricum","Koog aan de Zaan","Zaanstad","Noord-Holland",false,52.463833,4.805507,"injury","2","clear",false,1,"GM0479"
"20240131935",2024,"Letsel",2,"Fiets","Fiets","Onbekend","Rechte weg",30,"Brandend","Schemer","Droog",\N,"222453058","Veilingweg","Warmenhuizen","Schagen","Noord-Holland",false,52.729495,4.736949,"injury","2","clear",false,1,"GM0441"
"20230037407",2023,"Uitsluitend materiele schade",1,"Fiets",\N,"Eenzijdig","Rechte weg",30,"Niet brandend","Daglicht","Droog",\N,\N,"Jan Ligthartstraat","Heemskerk","Heemskerk","Noord-Holland",false,52.505547,4.665905,"material damage only","4","clear",false,1,"GM0396"
"20230039713",2023,"Letsel",1,"Fiets",\N,"Eenzijdig","Bocht",30,"Niet brandend","Daglicht","Droog",\N,"163287046","Anna van Raesfeltstraat","Schipluiden","Midden-Delfland","Zuid-Holland",false,51.97823,4.319856,"injury","2","clear",false,1,"GM1842"
"20230039719",2023,"Letsel",2,"Personenauto","Fiets","Flank","Kruispunt, 3 takken",50,"Niet brandend","Daglicht","Droog",\N,\N,"Kramatweg","Amsterdam","Amsterdam","Noord-Holland",false,52.366163,4.944924,"injury","2","clear",false,1,"GM0363"
"20230060531",2023,"Uitsluitend materiele schade",2,"Personenauto","Fiets","Onbekend","Kruispunt, 3 takken",50,"Niet brandend","Daglicht","Droog",\N,\N,"Paradijslaan","Breda","Breda","Noord-Brabant",false,51.6194,4.736448,"material damage only","4","clear",false,1,"GM0758"
"20230061049",2023,"Uitsluitend materiele schade",2,"Personenauto","Fiets","Kop/staart","Rechte weg",50,"Niet brandend","Daglicht","Droog",\N,"184274073","Mauritsweg","Rotterdam","Rotterdam","Zuid-Holland",false,51.91875,4.472389,"material damage only","4","clear",false,1,"GM0599"
"20240132867",2024,"Dodelijk",2,"Personenauto","Fiets","Flank","Rechte weg",50,"Niet brandend","Daglicht","Droog",\N,"601195794","Ir. G. Tjalmaweg","Valkenburg","Katwijk","Zuid-Holland",false,52.175749,4.434319,"fatal","1","clear",false,1,"GM0537"
"20230046753",2023,"Uitsluitend materiele schade",2,\N,"Fiets","Flank","Kruispunt, 4 takken",\N,"Niet aanwezig","Daglicht","Droog",\N,\N,"Liniepad","Hoofddorp","Haarlemmermeer","Noord-Holland",false,52.30687,4.684055,"material damage only","4","clear",false,1,"GM0394"
"20230050839",2023,"Letsel",2,"Personenauto","Fiets","Flank","Rechte weg",30,"Niet brandend","Daglicht","Droog",\N,"600740524","Gnephoek","Alphen aan den Rijn","Alphen aan den Rijn","Zuid-Holland",false,52.140786,4.637578,"injury","2","clear",false,1,"GM0484"
"20240127033",2024,"Dodelijk",2,"Fiets","Bestelauto","Flank","Kruispunt, 3 takken",60,"Brandend","Duisternis","Regen",\N,\N,"IJsselweg","Laag-Keppel","Bronckhorst","Gelderland",false,51.986594,6.193264,"fatal","1","rain",false,1,"GM1876"
"20230037460",2023,"Letsel",2,"Fiets","Fiets","Frontaal","Rechte weg",50,"Brandend","Duisternis","Droog",\N,"600752973","Molentochtpad","Alkmaar","Alkmaar","Noord-Holland",false,52.665666,4.764732,"injury","2","clear",false,1,"GM0361"
"20230056677",2023,"Letsel",2,"Personenauto","Fiets","Onbekend","Kruispunt, 3 takken",80,\N,"Daglicht","Droog",\N,\N,"Woudenbergseweg","Austerlitz","Zeist","Utrecht",false,52.088014,5.301555,"injury","2","clear",false,1,"GM0355"
"20230056694",2023,"Uitsluitend materiele schade",2,"Personenauto","Fiets","Flank","Kruispunt, 4 takken",50,"Niet brandend","Daglicht","Droog",\N,\N,"Deken Scholtenstraat","Oldenzaal","Oldenzaal","Overijssel",false,52.315439,6.92791,"material damage only","4","clear",false,1,"GM0173"
"20230064414",2023,"Letsel",2,"Personenauto","Fiets","Onbekend","Rechte weg",30,"Niet aanwezig","Daglicht","Droog",\N,"283264001","Polderdijk","Enspijk","West Betuwe","Gelderland",false,51.878081,5.198019,"injury","2","clear",false,1,"GM1960"
"20230064825",2023,"Uitsluitend materiele schade",2,"Personenauto","Fiets","Kop/staart","Rechte weg",50,"Niet brandend","Daglicht","Droog",\N,"469563007","Sontplein","Groningen","Groningen","Groningen",false,53.21555,6.583739,"material damage only","4","clear",false,1,"GM0014"
"20240130977",2024,"Letsel",3,"Personenauto","Fiets","Onbekend","Rechte weg",30,"Niet brandend","Schemer","Droog",\N,"600766610","Achterdijk","Purmerend","Purmerend","Noord-Holland",false,52.508926,4.950769,"injury","2","clear",false,1,"GM0439"
"20240131039",2024,"Letsel",2,"Fiets","Fiets","Flank","Bocht",30,"Niet brandend","Daglicht","Droog",\N,"201367001","Manpadslaan","Vogelenzang","Bloemendaal","Noord-Holland",false,52.337716,4.592506,"injury","2","clear",false,1,"GM0377"
"20230044483",2023,"Uitsluitend materiele schade",3,"Fiets","Fiets","Onbekend","Rechte weg",30,"Niet brandend","Daglicht","Droog",\N,"516339037","J.J. van Deinselaan","Enschede","Enschede","Overijssel",false,52.207206,6.902345,"material damage only","4","clear",false,1,"GM0153"
"20230045642",2023,"Uitsluitend materiele schade",2,"Personenauto","Fiets","Flank","Kruispunt, 4 takken",30,"Niet brandend","Daglicht","Regen",\N,\N,"Woolderweg","Borne","Borne","Overijssel",false,52.295333,6.758076,"material damage only","4","rain",false,1,"GM0147"
"20230050912",2023,"Letsel",2,"Fiets","Fiets","Frontaal","Rechte weg",30,"Niet brandend","Duisternis","Droog",\N,\N,"Aalsterweg","Eindhoven","Eindhoven","Noord-Brabant",false,51.412973,5.482211,"injury","2","clear",false,1,"GM0772"
"20230058611",2023,"Letsel",1,"Fiets",\N,"Eenzijdig","Rechte weg",30,"Brandend","Duisternis","Droog",\N,"159303004","Aagje Dekenlaan","'s-Gravenhage","'s-Gravenhage","Zuid-Holland",false,52.050512,4.293446,"injury","2","clear",false,1,"GM0518"
"20230058908",2023,"Letsel",2,"Fiets","Voetganger","Voetganger","Kruispunt, 4 takken",50,"Niet brandend","Daglicht","Droog",\N,\N,"Rozengracht","Amsterdam","Amsterdam","Noord-Holland",false,52.373216,4.879959,"injury","2","clear",false,1,"GM0363"
"20230063460",2023,"Letsel",2,"Personenauto","Fiets","Flank","Rechte weg",80,"Niet brandend","Daglicht","Regen",\N,"394143009","Maasbreeseweg","Helden","Peel en Maas","Limburg",false,51.334993,5.998248,"injury","2","rain",false,1,"GM1894"
"20240129558",2024,"Letsel",2,"Fiets","Fiets","Flank","Rechte weg",50,"Brandend","Duisternis","Droog",\N,\N,"Deurningerstraat","Hengelo","Hengelo (O)","Overijssel",false,52.275374,6.80275,"injury","2","clear",false,1,\N
"20230038724",2023,"Letsel",2,"e-bike","e-bike","Flank","Rechte weg",50,"Niet brandend","Daglicht","Droog",\N,"600548123","Segbroeklaan","'s-Gravenhage","'s-Gravenhage","Zuid-Holland",false,52.083996,4.271903,"injury","2","clear",false,1,"GM0518"
"20230039880",2023,"Letsel",1,"Fiets",\N,"Eenzijdig",\N,50,"Niet aanwezig","Daglicht","Droog",\N,"600489265","Duinweg","Noordwijk","Noordwijk","Zuid-Holland",false,52.260191,4.453309,"injury","2","clear",false,1,"GM0575"
"20230045081",2023,"Letsel",3,"Snorfiets","Fiets","Kop/staart","Rechte weg",50,"Niet brandend","Daglicht","Droog",\N,"601016016","Drachtsterweg","Leeuwarden","Leeuwarden","Friesland",false,53.186723,5.818147,"injury","2","clear",false,1,"GM0080"
"20230045687",2023,"Uitsluitend materiele schade",2,"Personenauto","Fiets","Frontaal","Kruispunt, 4 takken",50,"Niet brandend","Daglicht","Droog",\N,\N,"Haarweg","Vuren","West Betuwe","Gelderland",false,51.845419,5.045748,"material damage only","4","clear",false,1,"GM1960"
"20230049214",2023,"Uitsluitend materiele schade",2,"Bromfiets","Fiets","Eenzijdig","Kruispunt, 4 takken",30,"Niet aanwezig","Daglicht","Droog",\N,\N,"Tafelbergweg","Amsterdam","Amsterdam","Noord-Holland",false,52.290627,4.965831,"material damage only","4","clear",false,1,"GM0363"
"20230050942",2023,"Uitsluitend materiele schade",2,"Fiets","Lichtmast","Vast voorwerp","Rechte weg",30,"Brandend","Duisternis","Droog",\N,"353174105","Veluwehof","Helmond","Helmond","Noord-Brabant",false,51.475643,5.697662,"material damage only","4","clear",false,1,"GM0794"
"20230055576",2023,"Uitsluitend materiele schade",2,"Personenauto","Fiets","Flank","Rechte weg",50,"Niet brandend","Daglicht","Droog",\N,\N,"van Stolbergweg","Veendam","Veendam","Groningen",false,53.101109,6.885065,"material damage only","4","clear",false,1,"GM0047"
"20240129966",2024,"Letsel",2,"Bromfiets","Fiets","Frontaal","Kruispunt, 4 takken",30,"Niet brandend","Daglicht","Droog",\N,\N,"Bosdrift","Hilversum","Hilversum","Noord-Holland",false,52.215263,5.165476,"injury","2","clear",false,1,"GM0402"
"20240133601",2024,"Letsel",2,"Personenauto","Fiets","Flank","Kruispunt, 4 takken",30,"Niet brandend","Daglicht","Droog",\N,\N,"Don Boscolaantje","Rijswijk","Rijswijk","Zuid-Holland",false,52.050603,4.324626,"injury","2","clear",false,1,\N
"20240127398",2024,"Uitsluitend materiele schade",2,"Personenauto","e-bike","Onbekend","Kruispunt, 4 takken",30,"Niet brandend","Daglicht","Droog",\N,\N,"De Oostermaat","Gramsbergen","Hardenberg","Overijssel",false,52.608355,6.670607,"material damage only","4","clear",false,1,"GM0160"
"20230039914",2023,"Letsel",2,"e-bike","Fiets","Flank","Rechte weg",50,"Niet brandend","Daglicht","Droog",\N,"600716924","Troelstrakade","'s-Gravenhage","'s-Gravenhage","Zuid-Holland",false,52.056192,4.303693,"injury","2","clear",false,1,"GM0518"
"20230042769",2023,"Uitsluitend materiele schade",2,"Personenauto","Fiets","Flank","Kruispunt, 4 takken",50,"Niet brandend","Daglicht","Droog",\N,\N,"Jan van der Heijdenstr","Oud-Beijerland","Hoeksche Waard","Zuid-Holland",false,51.824108,4.429872,"material damage only","4","clear",false,1,"GM1963"
"20240133115",2024,"Letsel",1,"Fiets",\N,"Onbekend",\N,30,\N,"Schemer",\N,\N,\N,"Woudselaan","Den Hoorn","Midden-Delfland","Zuid-Holland",false,52.005667,4.309658,"injury","2","unknown",false,1,"GM1842"
"20240132278",2024,"Letsel",2,"Vrachtauto","Fiets","Flank","Rechte weg",50,"Niet brandend","Daglicht","Droog",\N,"210414007","Vinkebaan","Castricum","Castricum","Noord-Holland",false,52.5528,4.65648,"injury","2","clear",false,1,"GM0383"
"20240132320",2024,"Letsel",2,"Fiets","Fiets","Frontaal","Rechte weg",\N,"Niet aanwezig","Daglicht","Droog",\N,"234450006","Provincialeweg","Heerhugowaard","Dijk en Waard","Noord-Holland",false,52.712132,4.827797,"injury","2","clear",false,1,"GM1980"
"20230065433",2023,"Letsel",2,"Fiets","Fiets","Onbekend","Kruispunt, 3 takken",30,"Niet brandend","Daglicht","Droog",\N,\N,"Wilhelminaweg","Vaassen","Epe","Gelderland",false,52.287804,5.959297,"injury","2","clear",false,1,"GM0232"
"20240128113",2024,"Letsel",1,"Fiets",\N,"Eenzijdig","Rechte weg",30,"Brandend","Duisternis","Droog",\N,"467563148","Guldenstraat","Groningen","Groningen","Groningen",false,53.218248,6.565759,"injury","2","clear",false,1,"GM0014"
"20230038262",2023,"Uitsluitend materiele schade",2,"Fiets","Personenauto","Flank","Kruispunt, 4 takken",50,"Niet brandend","Daglicht","Droog",\N,\N,"Westbroekse Binnenweg","Tienhoven","Stichtse Vecht","Utrecht",false,52.147478,5.084038,"material damage only","4","clear",false,1,"GM1904"
"20230039979",2023,"Letsel",2,"Fiets","Fiets","Frontaal","Rechte weg",30,"Niet brandend","Daglicht","Droog",\N,"215298072","Bloemendaalseweg","Gouda","Gouda","Zuid-Holland",false,52.028545,4.700607,"injury","2","clear",false,1,"GM0513"
"20230042847",2023,"Letsel",3,"Personenauto","Fiets","Onbekend","Rechte weg",50,"Niet brandend","Daglicht","Droog",\N,"190283011","Rottekade","Bergschenhoek","Lansingerland","Zuid-Holland",false,51.962811,4.519993,"injury","2","clear",false,1,"GM1621"
"20230053376",2023,"Letsel",3,"Personenauto","Fiets","Onbekend","Kruispunt, 4 takken",50,"Niet brandend","Daglicht","Droog",\N,\N,"Lunetstraat","Breda","Breda","Noord-Brabant",true,51.597271,4.74852,"injury","2","clear",false,1,"GM0758"
"20230038881",2023,"Uitsluitend materiele schade",2,"Personenauto","Fiets","Flank","Rotonde",60,"Niet brandend","Daglicht","Droog",\N,"600734389","2e Poellaan","Lisse","Lisse","Zuid-Holland",false,52.244447,4.540996,"material damage only","4","clear",false,1,"GM0553"
"20230047025",2023,"Uitsluitend materiele schade",2,"Personenauto","Fiets","Flank","Rechte weg",50,"Niet brandend","Daglicht","Droog",\N,\N,"Oostelijke Randweg","Bunschoten-Spakenburg","Bunschoten","Utrecht",false,52.232161,5.376563,"material damage only","4","clear",false,1,"GM0313"
"20230049388",2023,"Uitsluitend materiele schade",3,"Personenauto","Fiets","Onbekend","Rechte weg",30,"Niet brandend","Daglicht","Droog",\N,"600730526","Langevelderweg","Noordwijkerhout","Noordwijk","Zuid-Holland",false,52.264556,4.493595,"material damage only","4","clear",false,1,"GM0575"
"20230054572",2023,"Letsel",2,"Personenauto","Fiets","Onbekend","Rechte weg",50,"Niet brandend","Daglicht","Droog",\N,"600818364","Engelseweg","Helmond","Helmond","Noord-Brabant",false,51.472497,5.678658,"injury","2","clear",false,1,"GM0794"
"20230055152",2023,"Letsel",2,"Bromfiets","Fiets","Flank","Rechte weg",\N,"Niet aanwezig","Daglicht","Droog",\N,"600947331","Scherpenzeelseweg","Barneveld","Barneveld","Gelderland",false,52.104679,5.523214,"injury","2","clear",false,1,"GM0203"
"20230056308",2023,"Letsel",2,"Fiets","Fiets","Frontaal","Rechte weg",\N,"Niet brandend","Daglicht","Droog",\N,"278313097","Utrechtseweg","De Bilt","De Bilt","Utrecht",false,52.098146,5.160199,"injury","2","clear",false,1,"GM0310"
"20230060342",2023,"Letsel",2,"Personenauto","Fiets","Flank","Kruispunt, 4 takken",50,"Niet brandend","Daglicht","Droog",\N,\N,"Hoogstraat","Schiedam","Schiedam","Zuid-Holland",false,51.914492,4.401478,"injury","2","clear",false,1,"GM0606"
"20230061887",2023,"Letsel",2,"Bromfiets","Fiets","Onbekend","Kruispunt, 3 takken",15,"Niet brandend","Daglicht","Droog",\N,\N,"Raoul Wallenbergplein","Alphen aan den Rijn","Alphen aan den Rijn","Zuid-Holland",false,52.12904,4.65864,"injury","2","clear",false,1,"GM0484"
"20240128605",2024,"Letsel",1,"Fiets",\N,"Onbekend","Rechte weg",50,"Niet brandend","Daglicht","Droog",\N,"468564058","Oostersingel","Groningen","Groningen","Groningen",false,53.218596,6.576911,"injury","2","clear",false,1,"GM0014"
"20240129594",2024,"Uitsluitend materiele schade",1,"Fiets",\N,"Onbekend",\N,\N,\N,"Daglicht",\N,\N,\N,"Veilinghavenkade","Utrecht","Utrecht","Utrecht",false,52.083149,5.106967,"material damage only","4","unknown",false,1,"GM0344"
"20230049965",2023,"Uitsluitend materiele schade",3,"Personenauto","Fiets","Los voorwerp","Rechte weg",30,"Brandend","Schemer","Droog",\N,"600765492","Dijkwater","Amsterdam","Amsterdam","Noord-Holland",false,52.400056,4.939605,"material damage only","4","clear",false,1,"GM0363"
"20230066527",2023,"Letsel",2,"Personenauto","Fiets","Flank","Kruispunt, 4 takken",50,"Niet brandend","Daglicht","Droog",\N,\N,"Merwedestraat","IJmuiden","Velsen","Noord-Holland",false,52.457947,4.61573,"injury","2","clear",false,1,"GM0453"
"20240128531",2024,"Letsel",2,"Fiets","Fiets","Onbekend","Rechte weg",30,"Brandend","Duisternis","Droog",\N,"600870061","Friesestraatweg","Groningen","Groningen","Groningen",false,53.216807,6.546625,"injury","2","clear",false,1,"GM0014"
"20240130156",2024,"Uitsluitend materiele schade",1,"Fiets",\N,"Onbekend",\N,30,\N,"Daglicht",\N,\N,"600200002","Plantsoen","Wageningen","Wageningen","Gelderland",false,51.96656,5.661804,"material damage only","4","unknown",false,1,"GM0289"
"20240130603",2024,"Uitsluitend materiele schade",2,"Personenauto","Fiets","Onbekend","Rotonde",50,"Niet brandend","Daglicht","Regen",\N,\N,"Burgemeester Roelenweg","Zwolle","Zwolle","Overijssel",false,52.516321,6.088621,"material damage only","4","rain",false,1,"GM0193"
"20240130881",2024,"Uitsluitend materiele schade",2,"Personenauto","Fiets","Flank","Rotonde",50,"Niet brandend","Daglicht","Droog",\N,\N,"Hagelingerweg","Santpoort-Noord","Velsen","Noord-Holland",false,52.438687,4.642508,"material damage only","4","clear",false,1,"GM0453"
"20230044737",2023,"Letsel",2,"Snorfiets","Fiets","Kop/staart","Rechte weg",60,"Niet brandend","Daglicht","Droog",\N,"340336002","Voorthuizerweg","Nijkerk","Nijkerk","Gelderland",false,52.203274,5.607748,"injury","2","clear",false,1,"GM0267"
"20230061942",2023,"Letsel",1,"Fiets",\N,"Eenzijdig","Kruispunt, 4 takken",30,"Niet brandend","Daglicht","Droog",\N,\N,"Havenplein","Leiden","Leiden","Zuid-Holland",false,52.161117,4.499939,"injury","2","clear",false,1,"GM0546"
"20240131296",2024,"Letsel",2,"Fiets","Personenauto","Flank","Kruispunt, 3 takken",50,"Niet brandend","Daglicht","Droog",\N,\N,"De Haard","Hoogkarspel","Drechterland","Noord-Holland",false,52.696465,5.181958,"injury","2","clear",false,1,"GM0498"
"20240131606",2024,"Letsel",2,"Bromfiets","e-bike","Frontaal","Kruispunt, 3 takken",80,"Niet brandend","Daglicht","Droog",\N,\N,"Machineweg","Ouderkerk aan de Amstel","Ouder-Amstel","Noord-Holland",false,52.307155,4.927275,"injury","2","clear",false,1,"GM0437"
"20240131705",2024,"Uitsluitend materiele schade",2,"Personenauto","Fiets","Flank","Kruispunt, 3 takken",30,"Niet brandend","Daglicht","Droog",\N,\N,"Albergerbos","Hoofddorp","Haarlemmermeer","Noord-Holland",false,52.315444,4.660307,"material damage only","4","clear",false,1,"GM0394"
"20240132525",2024,"Uitsluitend materiele schade",2,"Fiets","Bromfiets","Frontaal","Rechte weg",30,"Brandend","Duisternis","Droog",\N,"190326120","Hoge Rijndijk","Leiden","Leiden","Zuid-Holland",false,52.154674,4.514985,"material damage only","4","clear",false,1,"GM0546"
"20230041251",2023,"Uitsluitend materiele schade",2,"Personenauto","Fiets","Flank","Rotonde",50,"Niet brandend","Daglicht","Droog",\N,\N,"Kaldenkerkerweg","Venlo","Venlo","Limburg",false,51.359243,6.178051,"material damage only","4","clear",false,1,"GM0983"
"20230045355",2023,"Letsel",2,"Personenauto","Fiets","Flank","Rechte weg",80,"Niet aanwezig","Daglicht","Droog",\N,"527511002","Waterschapsweg","Vledderveen","Stadskanaal","Groningen",false,52.976528,7.011865,"injury","2","clear",false,1,"GM0037"
"20230045955",2023,"Uitsluitend materiele schade",2,"Fiets","Snorfiets","Flank","Kruispunt, 3 takken",50,"Niet brandend","Daglicht","Droog",\N,\N,"Nieuwe Dukenburgseweg","Nijmegen","Nijmegen","Gelderland",false,51.822354,5.822275,"material damage only","4","clear",false,1,"GM0268"
"20230047717",2023,"Letsel",2,"Personenauto","Fiets","Flank","Kruispunt, 3 takken",30,"Niet brandend","Daglicht","Droog",\N,\N,"FIETSPAD","Alkmaar","Alkmaar","Noord-Holland",false,52.633958,4.709856,"injury","2","clear",false,1,"GM0361"
"20230051759",2023,"Letsel",2,"Personenauto","Fiets","Flank","Kruispunt, 4 takken",50,"Niet brandend","Daglicht","Droog",\N,\N,"Molenweg","Middelharnis","Goeree-Overflakkee","Zuid-Holland",false,51.754404,4.175615,"injury","2","clear",false,1,"GM1924"
"20230055272",2023,"Letsel",1,"Fiets",\N,"Eenzijdig","Rechte weg",30,"Niet brandend","Daglicht","Droog",\N,"600500518","FIETSPAD","Groningen","Groningen","Groningen",false,53.214796,6.552215,"injury","2","clear",false,1,"GM0014"
"20230057005",2023,"Letsel",2,"Fiets","Voetganger","Voetganger","Rechte weg",\N,"Brandend","Duisternis","Regen",\N,"276337062","Rading","Loosdrecht","Wijdemeren","Noord-Holland",true,52.206544,5.141029,"injury","2","rain",false,1,"GM1696"
"20240131459",2024,"Letsel",2,"Fiets","Bromfiets","Flank","Kruispunt, 4 takken",30,"Niet brandend","Daglicht","Droog",\N,\N,"Zeeburgerstraat","Amsterdam","Amsterdam","Noord-Holland",false,52.365939,4.926621,"injury","2","clear",false,1,"GM0363"
"20240132990",2024,"Letsel",1,"Fiets",\N,"Onbekend","Rechte weg",30,"Brandend","Duisternis","Droog",\N,"163310134","Bezuidenhoutseweg","'s-Gravenhage","'s-Gravenhage","Zuid-Holland",false,52.081576,4.321027,"injury","2","clear",false,1,"GM0518"
"20230039572",2023,"Letsel",2,"Fiets","Overig vast object","Vast voorwerp","Rechte weg",60,"Brandend","Duisternis","Droog",\N,"198354005","Leidsestraat","Hillegom","Hillegom","Zuid-Holland",false,52.281559,4.572536,"injury","2","clear",false,1,"GM0534"
"20230039583",2023,"Letsel",2,"Fiets","Voetganger","Voetganger","Rechte weg",30,"Niet brandend","Daglicht","Droog",\N,"241377143","Haarlemmerplein","Amsterdam","Amsterdam","Noord-Holland",false,52.385132,4.882978,"injury","2","clear",false,1,"GM0363"
"20230040733",2023,"Uitsluitend materiele schade",3,"Personenauto","Fiets","Onbekend","Rotonde",50,"Niet brandend","Daglicht","Droog",\N,\N,"Van Heuven Goedhartlaan","Amstelveen","Amstelveen","Noord-Holland",false,52.301871,4.868265,"material damage only","4","clear",false,1,"GM0362"
"20230043622",2023,"Uitsluitend materiele schade",2,"Personenauto","Fiets","Flank","Rotonde",50,"Niet brandend","Daglicht","Droog",\N,\N,"rotonde Molenbossen","Venlo","Venlo","Limburg",false,51.362726,6.147632,"material damage only","4","clear",false,1,"GM0983"
"20220229446",2022,"Uitsluitend materiele schade",2,"Personenauto","Fiets","Onbekend","Rechte weg",50,"Niet brandend","Daglicht","Droog",\N,"600808385","Helze","Geldrop","Geldrop-Mierlo","Noord-Brabant",false,51.423764,5.556701,"material damage only","4","clear",false,1,"GM1771"
"20220289062",2022,"Letsel",2,"Bromfiets","Fiets","Frontaal","Rechte weg",50,"Niet brandend","Daglicht","Droog",\N,"600668430","Schipholweg","Badhoevedorp","Haarlemmermeer","Noord-Holland",false,52.335205,4.772274,"injury","2","clear",false,1,"GM0394"
"20220201858",2022,"Letsel",3,"Fiets","Fiets","Onbekend","Rechte weg",50,"Niet brandend","Daglicht","Droog",\N,"423437003","Gemeenteweg","Staphorst","Staphorst","Overijssel",false,52.652556,6.226434,"injury","2","clear",false,1,"GM0180"
"20220215147",2022,"Letsel",3,"Personenauto","Fiets","Onbekend","Kruispunt, 3 takken",30,"Niet brandend","Daglicht","Droog",\N,\N,"Hazenrade","'s-Gravenhage","'s-Gravenhage","Zuid-Holland",false,52.044677,4.259529,"injury","2","clear",false,1,"GM0518"
"20220218015",2022,"Letsel",2,"Fiets","Fiets","Onbekend","Rechte weg",30,"Niet brandend","Daglicht","Droog",\N,"600493778","Leidsevaart","Voorhout","Teylingen","Zuid-Holland",false,52.208485,4.480974,"injury","2","clear",false,1,"GM1525"
"20220289085",2022,"Uitsluitend materiele schade",2,"Personenauto","Fiets","Onbekend","Rotonde",50,"Niet brandend","Daglicht","Droog",\N,\N,"Waterloolaan","Driehuis NH","Velsen","Noord-Holland",false,52.451146,4.633646,"material damage only","4","clear",false,1,"GM0453"
"20220199600",2022,"Uitsluitend materiele schade",2,"Fiets","Personenauto","Flank","Rechte weg",60,"Niet brandend","Daglicht","Droog",\N,"330265006","Trambaan","Boven-Leeuwen","West Maas en Waal","Gelderland",false,51.882448,5.540012,"material damage only","4","clear",false,1,"GM0668"
"20220203862",2022,"Uitsluitend materiele schade",2,"Personenauto","Fiets","Flank","Kruispunt, 4 takken",30,"Niet aanwezig","Daglicht","Droog",\N,\N,"Jachtmonde","Nieuwegein","Nieuwegein","Utrecht",false,52.004518,5.087272,"material damage only","4","clear",false,1,"GM0356"
"20220212292",2022,"Uitsluitend materiele schade",2,"Personenauto","Fiets","Frontaal","Kruispunt, 4 takken",30,"Brandend","Duisternis","Regen","Brug/viaduct",\N,"Het Grote Plein","Weesp","Amsterdam","Noord-Holland",false,52.306342,5.041859,"material damage only","4","rain",false,1,"GM0363"
"20220216650",2022,"Letsel",1,"Fiets",\N,"Eenzijdig","Bocht",30,"Brandend","Duisternis","Droog",\N,"600379477","Kortenaerkade","'s-Gravenhage","'s-Gravenhage","Zuid-Holland",false,52.08347,4.302624,"injury","2","clear",false,1,"GM0518"
"20220208228",2022,"Letsel",3,"Personenauto","Fiets","Flank","Kruispunt, 4 takken",50,"Niet brandend","Daglicht","Droog",\N,\N,"De Bloemen","Castricum","Castricum","Noord-Holland",false,52.555435,4.676912,"injury","2","clear",false,1,"GM0383"