"accident_id","year","severity_raw","party_count","party1_type","party2_type","accident_type","road_situation","speed_limit_kmh","road_lighting","light_condition_label","weather_raw","infra_type","road_segment_id","street_name","place_name","gemeente_name_raw","province","alcohol_indicated","latitude","longitude","severity_label","severity_code","weather_label","built_up_area","cyclists_involved","gemeente_code"
"20220215227",2022,"Letsel",2,"Personenauto","e-bike","Flank","Kruispunt, 3 takken",30,"Niet brandend","Daglicht","Droog",\N,\N,"Blauwhek","Maasdijk","Westland","Zuid-Holland",false,51.971388,4.211294,"injury","2","clear",false,1,"GM1783"
"20220224503",2022,"Letsel",2,"Personenauto","Fiets","Kop/staart","Rechte weg",30,"Brandend","Schemer","Droog",\N,"181185120","Gezellelaan","Roosendaal","Roosendaal","Noord-Brabant",false,51.51822,4.463161,"injury","2","clear",false,1,"GM1674"
"20220289162",2022,"Uitsluitend materiele schade",2,"Personenauto","e-bike","Flank","Rotonde",50,"Niet brandend","Daglicht","Droog",\N,\N,"Kievitstraat","Den Helder","Den Helder","Noord-Holland",false,52.953875,4.762459,"material damage only","4","clear",false,1,"GM0400"
"20220207468",2022,"Uitsluitend materiele schade",2,"Personenauto","e-bike","Flank","Rotonde",50,"Niet brandend","Daglicht","Droog",\N,\N,"Kruisweg","Hoofddorp","Haarlemmermeer","Noord-Holland",false,52.305689,4.69241,"material damage only","4","clear",false,1,"GM0394"
"20220208339",2022,"Letsel",3,"Personenauto","Fiets","Onbekend","Kruispunt, 4 takken",50,"Niet aanwezig","Daglicht","Droog",\N,\N,"Melbournestraat","Lijnden","Haarlemmermeer","Noord-Holland",false,52.347309,4.765451,"injury","2","clear",false,1,"GM0394"
"20220214624",2022,"Uitsluitend materiele schade",2,"Bestelauto","e-bike","Flank","Kruispunt, 4 takken",30,"Niet aanwezig","Daglicht","Droog",\N,\N,"Boekhorststraat","'s-Gravenhage","'s-Gravenhage","Zuid-Holland",false,52.07403,4.309596,"material damage only","4","clear",false,1,"GM0518"
"20220230770",2022,"Uitsluitend materiele schade",2,"Personenauto","Fiets","Flank","Kruispunt, 3 takken",30,"Niet brandend","Daglicht","Droog",\N,\N,"Schalmeistraat","Maastricht","Maastricht","Limburg",false,50.861008,5.670823,"material damage only","4","clear",false,1,"GM0935"
"20220211075",2022,"Letsel",2,"Personenauto","e-bike","Frontaal","Kruispunt, 4 takken",60,"Niet brandend","Daglicht","Droog",\N,"260366019","Overdiemerweg","Diemen","Diemen","Noord-Holland",false,52.335737,5.021827,"injury","2","clear",false,1,"GM0384"
"20220212443",2022,"Letsel",2,"e-bike","Bestelauto","Flank","Rechte weg",50,"Niet brandend","Daglicht","Droog",\N,"242373181","Herengracht","Amsterdam","Amsterdam","Noord-Holland",false,52.365189,4.891523,"injury","2","clear",false,1,"GM0363"
"20220213800",2022,"Letsel",1,"Fiets",\N,"Eenzijdig","Rechte weg",30,"Brandend","Duisternis","Droog",\N,"190341046","Zandslootkade","Sassenheim","Teylingen","Zuid-Holland",false,52.223072,4.513389,"injury","2","clear",false,1,"GM1525"
"20220229062",2022,"Uitsluitend materiele schade",2,"Personenauto","Fiets","Flank","Bocht",50,"Niet brandend","Daglicht","Droog",\N,"318168148","Torenallee","Eindhoven","Eindhoven","Noord-Brabant",false,51.447686,5.453065,"material damage only","4","clear",false,1,"GM0772"
"20220202551",2022,"Uitsluitend materiele schade",2,"Bus","Fiets","Onbekend","Rechte weg",50,"Niet brandend","Daglicht","Droog",\N,\N,"Frans Halsweg","Almere","Almere","Flevoland",false,52.384602,5.255374,"material damage only","4","clear",false,1,"GM0034"
"20220208440",2022,"Uitsluitend materiele schade",2,"Personenauto","Fiets","Flank","Rotonde",50,"Brandend","Duisternis","Regen",\N,\N,"Waddenzeestraat","Den Helder","Den Helder","Noord-Holland",false,52.9438,4.746797,"material damage only","4","rain",false,1,"GM0400"
"20220225602",2022,"Letsel",1,"e-bike",\N,"Eenzijdig",\N,30,\N,"Daglicht",\N,\N,"600759277","Paterserf","Oosterhout","Oosterhout","Noord-Brabant",false,51.630845,4.85753,"injury","2","unknown",false,1,"GM0826"
"20220201198",2022,"Uitsluitend materiele schade",2,"Personenauto","Fiets","Frontaal","Kruispunt, 3 takken",30,"Niet brandend","Daglicht","Droog",\N,\N,"Kon.Wilhelminalaan","Nieuwleusen","Dalfsen","Overijssel",false,52.575769,6.286267,"material damage only","4","clear",false,1,"GM0148"
"20220130543",2022,"Dodelijk",2,"Personenauto","Fiets","Onbekend","Kruispunt, 3 takken",50,"Brandend","Duisternis","Droog",\N,\N,"Ringbaan-Noord","Tilburg","Tilburg","Noord-Brabant",false,51.576514,5.076766,"fatal","1","clear",false,1,"GM0855"
"20220207681",2022,"Uitsluitend materiele schade",2,"Bestelauto","e-bike","Flank","Kruispunt, 4 takken",50,"Niet brandend","Daglicht","Droog","Brug/viaduct",\N,"Zwanenburgerdijk","Zwanenburg","Haarlemmermeer","Noord-Holland",false,52.385732,4.733928,"material damage only","4","clear",false,1,"GM0394"
"20220209274",2022,"Letsel",3,"Bestelauto","Fiets","Onbekend","Rotonde",50,"Niet brandend","Daglicht","Droog",\N,\N,"Schinkelwaard","Alkmaar","Alkmaar","Noord-Holland",false,52.644514,4.761431,"injury","2","clear",false,1,"GM0361"
"20220219752",2022,"Uitsluitend materiele schade",2,"Bromfiets","e-bike","Flank","Kruispunt, 3 takken",\N,"Brandend","Duisternis","Droog",\N,\N,"Benedenrijweg","Ridderkerk","Ridderkerk","Zuid-Holland",false,51.873498,4.602484,"material damage only","4","clear",false,1,"GM0597"
"20220221954",2022,"Uitsluitend materiele schade",1,"Fiets",\N,"Eenzijdig","Bocht",60,"Niet aanwezig","Daglicht",\N,\N,\N,"Goidschalxoordsedijk","Oud-Beijerland","Hoeksche Waard","Zuid-Holland",false,51.827079,4.445886,"material damage only","4","unknown",false,1,"GM1963"
"20220202637",2022,"Uitsluitend materiele schade",2,"Personenauto","Fiets","Frontaal","Rechte weg",50,"Niet brandend","Daglicht","Droog",\N,\N,"Rijksweg-Oost","Laren","Laren","Noord-Holland",false,52.251596,5.214575,"material damage only","4","clear",false,1,\N
"20220209315",2022,"Letsel",2,"e-bike","Overig vast object","Vast voorwerp","Rechte weg",\N,"Brandend","Duisternis","Droog",\N,"261433085","De Weel","Hoorn","Hoorn","Noord-Holland",false,52.637729,5.029311,"injury","2","clear",false,1,"GM0405"
"20220223979",2022,"Uitsluitend materiele schade",2,"Personenauto","e-bike","Flank","Kruispunt, 4 takken",80,"Niet brandend","Daglicht","Droog",\N,\N,"Schaluinen","Baarle-Nassau","Baarle-Nassau","Noord-Brabant",false,51.424905,4.933577,"material damage only","4","clear",false,1,"GM0744"
"20220225678",2022,"Letsel",2,"Personenauto","e-bike","Frontaal","Kruispunt, 3 takken",50,"Niet brandend","Daglicht","Droog",\N,\N,"Gemullehoekenweg","Oisterwijk","Oisterwijk","Noord-Brabant",false,51.579145,5.202237,"injury","2","clear",false,1,"GM0824"
"20220228441",2022,"Uitsluitend materiele schade",2,"Snorfiets","e-bike","Onbekend","Rotonde",30,"Brandend","Duisternis","Droog",\N,"600799188","Onze Lieve Vrouwedijk","Waalre","Waalre","Noord-Brabant",false,51.394252,5.439937,"material damage only","4","clear",false,1,"GM0866"
"20220224030",2022,"Letsel",2,"Bestelauto","Fiets","Flank","Kruispunt, 3 takken",50,"Brandend","Schemer","Droog",\N,\N,"Druivenstraat","Breda","Breda","Noord-Brabant",false,51.598906,4.809632,"injury","2","clear",false,1,"GM0758"
"20220207816",2022,"Letsel",2,"Fiets","Personenauto","Flank","Rechte weg",50,"Niet brandend","Schemer","Regen",\N,"600740681","Cruquiusweg","Heemstede","Heemstede","Noord-Holland",false,52.344396,4.627655,"injury","2","rain",false,1,"GM0397"
"20220214074",2022,"Letsel",4,"Personenauto","Fiets","Onbekend","Kruispunt, 4 takken",50,"Niet brandend","Daglicht","Droog",\N,\N,"Gaardedreef","Zoetermeer","Zoetermeer","Zuid-Holland",false,52.059767,4.509984,"injury","2","clear",false,1,"GM0637"
"20220216353",2022,"Letsel",3,"Fiets","Personenauto","Onbekend","Rechte weg",50,"Niet brandend","Daglicht","Droog",\N,"155310046","Goudenregenstraat","'s-Gravenhage","'s-Gravenhage","Zuid-Holland",false,52.077948,4.262587,"injury","2","clear",false,1,"GM0518"
"20220217035",2022,"Uitsluitend materiele schade",2,"Personenauto","e-bike","Flank","Rechte weg",30,"Niet brandend","Daglicht","Droog",\N,"163301097","Steenvoordelaan","Rijswijk","Rijswijk","Zuid-Holland",false,52.037791,4.316275,"material damage only","4","clear",false,1,\N
"20220214118",2022,"Letsel",2,"Personenauto","Fiets","Flank","Kruispunt, 3 takken",50,"Niet brandend","Daglicht","Regen",\N,\N,"Hobbemaplein","'s-Gravenhage","'s-Gravenhage","Zuid-Holland",false,52.066498,4.2966,"injury","2","rain",false,1,"GM0518"
"20220217748",2022,"Uitsluitend materiele schade",1,"Fiets",\N,"Flank","Rechte weg",30,"Brandend","Duisternis","Regen",\N,"178296068","Emmapark","Pijnacker","Pijnacker-Nootdorp","Zuid-Holland",false,52.01854,4.432052,"material damage only","4","rain",false,1,"GM1926"
"20220232664",2022,"Uitsluitend materiele schade",2,"Personenauto","Fiets","Onbekend","Kruispunt, 4 takken",50,"Niet brandend","Daglicht","Droog",\N,\N,"Ruys de Beerenbroucklaan","Heerlen","Heerlen","Limburg",false,50.88229,5.981047,"material damage only","4","clear",false,1,"GM0917"
"20220199406",2022,"Letsel",2,"Fiets","Fiets","Flank","Rechte weg",50,"Brandend","Duisternis","Droog",\N,"347301041","Veenderweg","Ede","Ede","Gelderland",false,52.044567,5.664527,"injury","2","clear",false,1,"GM0228"
"20220203663",2022,"Letsel",2,"Personenauto","Fiets","Onbekend","Rotonde",50,"Brandend","Duisternis","Regen",\N,\N,"Hoofdstraat","Driebergen-Rijsenburg","Utrechtse Heuvelrug","Utrecht",false,52.047847,5.294683,"injury","2","rain",false,1,"GM1581"
"20220205106",2022,"Uitsluitend materiele schade",2,"Personenauto","Fiets","Flank","Kruispunt, 4 takken",50,"Niet brandend","Daglicht","Droog",\N,\N,"Herculesplein","Utrecht","Utrecht","Utrecht",false,52.07922,5.143589,"material damage only","4","clear",false,1,"GM0344"
"20220175714",2022,"Dodelijk",2,"Personenauto","Fiets","Flank","Rechte weg",80,"Niet brandend","Daglicht","Droog",\N,\N,"Hoeverweg","Egmond aan den Hoef","Bergen (NH)","Noord-Holland",false,52.626494,4.665684,"fatal","1","clear",false,1,\N
"20220214959",2022,"Letsel",2,"e-bike","e-bike","Frontaal","Bocht",50,"Niet brandend","Daglicht","Droog",\N,"600540682","Hoorneslaan","Katwijk","Katwijk","Zuid-Holland",false,52.203046,4.427618,"injury","2","clear",false,1,"GM0537"
"20220216461",2022,"Letsel",2,"Personenauto","Fiets","Frontaal","Rotonde",50,"Brandend","Duisternis","Droog",\N,\N,"Melis Stokelaan","'s-Gravenhage","'s-Gravenhage","Zuid-Holland",false,52.052154,4.290944,"injury","2","clear",false,1,"GM0518"
"20220226655",2022,"Letsel",2,"Personenauto","Fiets","Frontaal","Rotonde",50,"Niet brandend","Daglicht","Regen",\N,\N,"Vlaanderenstraat","Breda","Breda","Noord-Brabant",false,51.610718,4.778894,"injury","2","rain",false,1,"GM0758"
"20220204489",2022,"Uitsluitend materiele schade",2,"Personenauto","Fiets","Flank","Rechte weg",50,"Brandend","Schemer","Droog",\N,"358450014","Moerasandijviestraat","Emmeloord","Noordoostpolder","Flevoland",false,52.712297,5.747273,"material damage only","4","clear",false,1,"GM0171"
"20220215783",2022,"Uitsluitend materiele schade",1,"Fiets",\N,"Onbekend","Rechte weg",50,"Brandend","Duisternis","Regen",\N,"157309007","Weimarstraat","'s-Gravenhage","'s-Gravenhage","Zuid-Holland",false,52.074719,4.279022,"material damage only","4","rain",false,1,"GM0518"
"20220221573",2022,"Letsel",2,"Personenauto","Fiets","Flank","Kruispunt, 4 takken",50,"Brandend","Duisternis","Regen",\N,\N,"Hogenbanweg","Rotterdam","Rotterdam","Zuid-Holland",false,51.917641,4.416833,"injury","2","rain",false,1,"GM0599"
"20220201577",2022,"Letsel",2,"Personenauto","Fiets","Flank","Rotonde",50,"Niet brandend","Schemer","Droog",\N,\N,"Europa-allee","Kampen","Kampen","Overijssel",false,52.55071,5.912725,"injury","2","clear",false,1,"GM0166"
"20220208892",2022,"Letsel",3,"Personenauto","Fiets","Onbekend","Rechte weg",50,"Niet aanwezig","Daglicht","Droog",\N,"208381036","Orionweg","Haarlem","Haarlem","Noord-Holland",false,52.401975,4.642511,"injury","2","clear",false,1,"GM0392"
"20220209649",2022,"Letsel",3,"Bromfiets","e-bike","Flank","Kruispunt, 4 takken",30,"Niet aanwezig","Duisternis","Regen",\N,\N,"Kopakker","Purmerend","Purmerend","Noord-Holland",false,52.51328,4.985266,"injury","2","rain",false,1,"GM0439"
"20220219345",2022,"Uitsluitend materiele schade",2,"Fiets","e-bike","Kop/staart","Rechte weg",50,"Niet brandend","Daglicht","Droog",\N,"600544615","Vaanweg","Rotterdam","Rotterdam","Zuid-Holland",false,51.882274,4.49943,"material damage only","4","clear",false,1,"GM0599"
"20240133943",2024,"Uitsluitend materiele schade",2,"Fiets","Bestelauto","Flank","Kruispunt, 4 takken",30,"Niet brandend","Daglicht","Droog",\N,\N,"Van Baerlestraat","Amsterdam","Amsterdam","Noord-Holland",false,52.354292,4.881213,"material damage only","4","clear",false,1,"GM0363"
"20240135780",2024,"Letsel",2,"Personenauto","Fiets","Flank","Rechte weg",50,"Brandend","Duisternis","Droog",\N,\N,"Victor E v Vrieslandstr","Rotterdam","Rotterdam","Zuid-Holland",false,51.967757,4.56375,"injury","2","clear",false,1,"GM0599"
"20240137095",2024,"Letsel",2,"Fiets","Bus","Flank","Kruispunt, 3 takken",30,"Niet brandend","Daglicht","Droog",\N,\N,"Terbaansweg","Roermond","Roermond","Limburg",false,51.181615,6.003233,"injury","2","clear",false,1,"GM0957"
"20240139001",2024,"Uitsluitend materiele schade",3,"Personenauto","Fiets","Flank","Kruispunt, 3 takken",60,"Niet aanwezig","Daglicht","Droog",\N,\N,"Badhuislaan","Laag-Soeren","Rheden","Gelderland",false,52.076834,6.0865,"material damage only","4","clear",false,1,"GM0275"
"20240142656",2024,"Uitsluitend materiele schade",2,"Personenauto","Fiets","Flank","Rotonde",50,"Brandend","Duisternis","Droog",\N,\N,"Laan van Chartroise","Utrecht","Utrecht","Utrecht",false,52.108884,5.098041,"material damage only","4","clear",false,1,"GM0344"
"20240137759",2024,"Letsel",2,"Personenauto","Fiets","Flank","Rotonde",50,"Niet brandend","Daglicht","Droog",\N,\N,"Bergerstraat","Maastricht","Maastricht","Limburg",false,50.851428,5.731286,"injury","2","clear",false,1,"GM0935"
"20240138418",2024,"Letsel",1,"Fiets",\N,"Onbekend","Rotonde",50,"Brandend","Duisternis","Droog",\N,\N,"Wooldseweg","Winterswijk","Winterswijk","Gelderland",false,51.960499,6.720209,"injury","2","clear",false,1,"GM0294"
"20240141760",2024,"Uitsluitend materiele schade",2,"Personenauto","Fiets","Flank","Kruispunt, 4 takken",50,"Niet brandend","Daglicht","Droog",\N,\N,"Plesmanweg","Heemskerk","Heemskerk","Noord-Holland",false,52.501237,4.670968,"material damage only","4","clear",false,1,"GM0396"
"20240148477",2024,"Uitsluitend materiele schade",2,"Personenauto","Fiets","Flank","Kruispunt, 4 takken",30,"Niet brandend","Daglicht","Droog",\N,\N,"Kolkmansweg","Schalkhaar","Deventer","Overijssel",false,52.268855,6.198138,"material damage only","4","clear",false,1,"GM0150"
"20240142730",2024,"Uitsluitend materiele schade",2,"Motor","Fiets","Onbekend","Rechte weg",50,"Niet brandend","Daglicht","Droog","Bus-/Tramhalte","274312071","Lucasbolwerk","Utrecht","Utrecht","Utrecht",false,52.094804,5.125837,"material damage only","4","clear",false,1,"GM0344"
"20240149950",2024,"Uitsluitend materiele schade",2,"Bestelauto","Fiets","Kop/staart","Rechte weg",30,"Niet brandend","Daglicht","Droog",\N,"364506069","Prof Titus Brandsmaweg","Joure","De Fryske Marren","Friesland",false,52.965342,5.796813,"material damage only","4","clear",false,1,"GM1940"
"20240150117",2024,"Uitsluitend materiele schade",2,"Fiets","Fiets","Onbekend","Rechte weg",50,"Niet aanwezig","Daglicht","Droog",\N,"600745068","Hoofdweg","Hoofddorp","Haarlemmermeer","Noord-Holland",false,52.286549,4.665092,"material damage only","4","clear",false,1,"GM0394"
"20240150206",2024,"Uitsluitend materiele schade",1,"Fiets",\N,"Los voorwerp","Rechte weg",30,"Brandend","Schemer","Regen",\N,"600779468","Graaf Willem de Oudelaan","Naarden","Gooise Meren","Noord-Holland",false,52.288195,5.152579,"material damage only","4","rain",false,1,"GM1942"
"20240141488",2024,"Letsel",1,"Fiets",\N,"Onbekend","Rechte weg",50,"Brandend","Duisternis","Droog",\N,\N,"Diakenhuisweg","Haarlem","Haarlem","Noord-Holland",false,52.381693,4.670635,"injury","2","clear",false,1,"GM0392"
"20240143321",2024,"Uitsluitend materiele schade",2,"Personenauto","Fiets","Flank","Kruispunt, 4 takken",50,"Niet brandend","Daglicht","Droog",\N,\N,"Badhuisweg","'s-Gravenhage","'s-Gravenhage","Zuid-Holland",false,52.111619,4.284666,"material damage only","4","clear",false,1,"GM0518"
"20240134740",2024,"Letsel",2,"Fiets","Fiets","Flank","Bocht",50,"Niet brandend","Daglicht","Droog",\N,\N,"Concordiaweg","Gorinchem","Gorinchem","Zuid-Holland",false,51.835877,4.976653,"injury","2","clear",false,1,"GM0512"
"20240136041",2024,"Uitsluitend materiele schade",2,"Personenauto","Fiets","Flank","Kruispunt, 4 takken",30,"Niet brandend","Daglicht","Droog",\N,\N,"Piersonstraat","Schiedam","Schiedam","Zuid-Holland",false,51.923361,4.390386,"material damage only","4","clear",false,1,"GM0606"
"20240150982",2024,"Letsel",2,"Personenauto","Fiets","Frontaal","Rotonde",50,"Niet brandend","Schemer","Droog",\N,\N,"Utrechtsestraatweg","Rhenen","Rhenen","Utrecht",false,51.959833,5.5599,"injury","2","clear",false,1,"GM0340"
"20240143947",2024,"Letsel",2,"Motor","Fiets","Onbekend","Kruispunt, 3 takken",30,"Niet brandend","Daglicht","Droog",\N,\N,"de Kempenaerstraat","Oegstgeest","Oegstgeest","Zuid-Holland",false,52.177532,4.469901,"injury","2","clear",false,1,"GM0579"
"20240142938",2024,"Letsel",2,"Personenauto","Fiets","Flank","Kruispunt, 4 takken",50,"Niet brandend","Daglicht","Droog",\N,\N,"Hofstraat","Schagen","Schagen","Noord-Holland",false,52.784466,4.793171,"injury","2","clear",false,1,"GM0441"
"20240147896",2024,"Uitsluitend materiele schade",2,"Personenauto","Fiets","Flank","Rotonde",50,"Niet brandend","Schemer","Droog",\N,\N,"Heusdenhoutsestraat","Breda","Breda","Noord-Brabant",false,51.588586,4.820385,"material damage only","4","clear",false,1,"GM0758"
"20240147710",2024,"Letsel",2,"Fiets","Fiets","Voetganger","Rotonde",50,"Niet aanwezig","Duisternis","Regen",\N,\N,"Via Regia","Maastricht","Maastricht","Limburg",false,50.854096,5.663648,"injury","2","rain",false,1,"GM0935"
"20240147856",2024,"Letsel",2,"Personenauto","Fiets","Flank","Rotonde",50,"Niet brandend","Daglicht","Regen",\N,\N,"Bergerothweg","Stramproy","Weert","Limburg",true,51.197602,5.721429,"injury","2","rain",false,1,"GM0988"
"20240147874",2024,"Uitsluitend materiele schade",2,"Personenauto","Fiets","Flank","Rechte weg",50,"Niet brandend","Daglicht","Droog",\N,"600505532","Grotestraat","Waalwijk","Waalwijk","Noord-Brabant",false,51.691307,5.077083,"material damage only","4","clear",false,1,"GM0867"
"20240136813",2024,"Letsel",2,"Fiets","Fiets","Flank","Bocht",30,"Niet brandend","Daglicht","Droog",\N,"333163047","Jan van Geldropstraat","Geldrop","Geldrop-Mierlo","Noord-Brabant",false,51.423382,5.560113,"injury","2","clear",false,1,"GM1771"
"20240138073",2024,"Uitsluitend materiele schade",2,"Personenauto","Fiets","Flank","Rechte weg",50,"Niet aanwezig","Daglicht","Droog",\N,"600251099","Muntweg","Nijmegen","Nijmegen","Gelderland",false,51.828991,5.832532,"material damage only","4","clear",false,1,"GM0268"
"20240138705",2024,"Uitsluitend materiele schade",2,"Personenauto","Fiets","Onbekend","Rotonde",80,"Niet brandend","Daglicht","Droog",\N,\N,"Renswoudsestraatweg","Barneveld","Barneveld","Gelderland",false,52.12169,5.561407,"material damage only","4","clear",false,1,"GM0203"
"20240138707",2024,"Letsel",2,"Personenauto","Fiets","Flank","Rotonde",50,"Niet brandend","Daglicht","Droog",\N,\N,"Veenderweg","Ede","Ede","Gelderland",false,52.03891,5.650079,"injury","2","clear",false,1,"GM0228"
"20240143010",2024,"Uitsluitend materiele schade",2,"Personenauto","Fiets","Flank","Kruispunt, 4 takken",30,"Niet brandend","Daglicht","Droog",\N,\N,"Guido van Dethstraat","'s-Gravenhage","'s-Gravenhage","Zuid-Holland",false,52.018007,4.30071,"material damage only","4","clear",false,1,"GM0518"
"20240145954",2024,"Letsel",3,"Personenauto","Fiets","Flank","Rechte weg",50,"Brandend","Duisternis","Droog",\N,\N,"Burg Van Haarenlaan","Schiedam","Schiedam","Zuid-Holland",false,51.921003,4.384627,"injury","2","clear",false,1,"GM0606"
"20240144107",2024,"Uitsluitend materiele schade",2,"Personenauto","Fiets","Flank","Kruispunt, 4 takken",50,"Brandend","Duisternis","Droog",\N,\N,"Oosteinde","'s-Gravenhage","'s-Gravenhage","Zuid-Holland",false,52.027304,4.288973,"material damage only","4","clear",false,1,"GM0518"
"20240145140",2024,"Uitsluitend materiele schade",2,"Personenauto","Fiets","Onbekend",\N,\N,\N,"Daglicht",\N,\N,\N,"FIETSPAD","Vlaardingen","Vlaardingen","Zuid-Holland",false,51.910849,4.360869,"material damage only","4","unknown",false,1,"GM0622"
"20240146357",2024,"Letsel",1,"Fiets",\N,"Onbekend","Kruispunt, 4 takken",50,"Niet brandend","Daglicht","Droog",\N,\N,"Brouwersgracht","'s-Gravenhage","'s-Gravenhage","Zuid-Holland",false,52.073856,4.304954,"injury","2","clear",false,1,"GM0518"
"20240135002",2024,"Uitsluitend materiele schade",2,"Fiets","Fiets","Onbekend","Rechte weg",30,"Niet aanwezig","Daglicht","Droog",\N,"600642344","N3","Papendrecht","Papendrecht","Zuid-Holland",false,51.826635,4.705443,"material damage only","4","clear",false,1,"GM0590"
"20240146813",2024,"Letsel",1,"Fiets",\N,"Onbekend","Rechte weg",30,"Niet brandend","Daglicht","Droog",\N,"354212009","Oudedijk","Odiliapeel","Maashorst","Noord-Brabant",false,51.642997,5.708983,"injury","2","clear",false,1,"GM1991"
"20240146906",2024,"Uitsluitend materiele schade",2,"Personenauto","Fiets","Los voorwerp","Kruispunt, 4 takken",50,"Brandend","Duisternis","Droog",\N,\N,"Floralaan West","Eindhoven","Eindhoven","Noord-Brabant",false,51.416411,5.485122,"material damage only","4","clear",false,1,"GM0772"
"20240147164",2024,"Uitsluitend materiele schade",2,"Fiets","Fiets","Flank","Rotonde",30,"Niet brandend","Daglicht","Sneeuw/Hagel",\N,\N,"Eindhovenseweg","Venlo","Venlo","Limburg",false,51.366903,6.165669,"material damage only","4","unknown",false,1,"GM0983"
"20240144210",2024,"Uitsluitend materiele schade",2,"Personenauto","Fiets","Flank","Kruispunt, 3 takken",50,"Niet brandend","Daglicht","Droog",\N,\N,"President Allendelaan","Amsterdam","Amsterdam","Noord-Holland",false,52.366229,4.804407,"material damage only","4","clear",false,1,"GM0363"
"20240150505",2024,"Uitsluitend materiele schade",2,"Personenauto","Fiets","Onbekend","Kruispunt, 3 takken",50,"Niet brandend","Daglicht","Regen",\N,\N,"Maarssenbroeksedijk","Maarssen","Stichtse Vecht","Utrecht",false,52.128874,5.037002,"material damage only","4","rain",false,1,"GM1904"
"20240144222",2024,"Letsel",2,"Fiets","Personenauto","Flank","Kruispunt, 4 takken",50,"Brandend","Schemer","Droog",\N,\N,"Tintlaan","Zoetermeer","Zoetermeer","Zuid-Holland",false,52.043225,4.486442,"injury","2","clear",false,1,"GM0637"
"20240146755",2024,"Letsel",2,"Fiets",\N,"Onbekend","Bocht",\N,"Brandend","Daglicht","Droog",\N,"351175070","Sjef de Kimpepad","Helmond","Helmond","Noord-Brabant",false,51.478913,5.687952,"injury","2","clear",false,1,"GM0794"
"20240147251",2024,"Uitsluitend materiele schade",2,"Fiets","Voetganger","Flank","Rechte weg",30,"Brandend","Duisternis","Regen",\N,"305212025","Oude Schoolstraat","Sint-Michielsgestel","Sint-Michielsgestel","Noord-Brabant",false,51.643418,5.354309,"material damage only","4","rain",false,1,"GM0845"
"20240147404",2024,"Letsel",2,"Fiets","Personenauto","Flank","Kruispunt, 4 takken",60,"Brandend","Duisternis","Droog",\N,\N,"Potakkerweg","Someren","Someren","Noord-Brabant",false,51.373444,5.725217,"injury","2","clear",false,1,"GM0847"
"20240138921",2024,"Uitsluitend materiele schade",2,"Fiets","Personenauto","Flank","Kruispunt, 4 takken",50,\N,"Daglicht","Droog",\N,\N,"Holzikerbrinkweg","Enschede","Enschede","Overijssel",false,52.199242,6.916603,"material damage only","4","clear",false,1,"GM0153"
"20240147451",2024,"Uitsluitend materiele schade",2,"Personenauto","Fiets","Onbekend","Rotonde",50,"Niet brandend","Daglicht","Regen",\N,\N,"Esscheweg","Vught","Vught","Noord-Brabant",false,51.642874,5.280974,"material damage only","4","rain",false,1,"GM0865"
"20240007346",2024,"Letsel",2,"Personenauto","Fiets","Flank","Kruispunt, 3 takken",50,"Brandend","Duisternis","Regen",\N,\N,"Gantel","Den Hoorn","Midden-Delfland","Zuid-Holland",false,52.002417,4.318302,"injury","2","rain",false,1,"GM1842"
"20240010879",2024,"Letsel",2,"Fiets","Personenauto","Flank","Rotonde",50,"Niet brandend","Daglicht","Droog",\N,\N,"Zuidervaart","Zaandam","Zaanstad","Noord-Holland",false,52.432437,4.855116,"injury","2","clear",false,1,"GM0479"
"20240153591",2024,"Letsel",3,"Motor","Fiets","Flank","Kruispunt, 4 takken",30,"Brandend","Duisternis","Droog",\N,\N,"Olympiaweg","Amsterdam","Amsterdam","Noord-Holland",false,52.348029,4.861898,"injury","2","clear",false,1,"GM0363"
"20230110470",2023,"Uitsluitend materiele schade",2,"Personenauto","Fiets","Flank","Kruispunt, 4 takken",50,"Niet aanwezig","Daglicht","Regen",\N,\N,"Heinsbergenstraat","Uden","Maashorst","Noord-Brabant",false,51.66527,5.61354,"material damage only","4","rain",false,1,"GM1991"
"20240008259",2024,"Uitsluitend materiele schade",2,"Personenauto","Fiets","Flank","Kruispunt, 3 takken",30,"Brandend","Duisternis","Droog",\N,\N,"Smaragdstraat","Amsterdam","Amsterdam","Noord-Holland",false,52.351198,4.908915,"material damage only","4","clear",false,1,"GM0363"
"20230110488",2023,"Uitsluitend materiele schade",2,"Bestelauto","Fiets","Flank","Rechte weg",80,"Niet aanwezig","Duisternis","Regen",\N,"349166002","Herselseweg","Lierop","Someren","Noord-Brabant",false,51.435512,5.670902,"material damage only","4","rain",false,1,"GM0847"
"20240001196",2024,"Letsel",1,"Fiets",\N,"Eenzijdig","Rechte weg",30,\N,"Daglicht","Regen",\N,\N,"Margrietplaats","Hellevoetsluis","Voorne aan Zee","Zuid-Holland",false,51.841785,4.1381,"injury","2","rain",false,1,"GM1992"
"20240007693",2024,"Letsel",1,"Fiets",\N,"Voetganger","Rechte weg",30,"Niet aanwezig","Duisternis","Droog",\N,"242374150","Damraksteeg","Amsterdam","Amsterdam","Noord-Holland",false,52.373739,4.893284,"injury","2","clear",false,1,"GM0363"
"20240010514",2024,"Letsel",1,"Fiets",\N,"Onbekend",\N,\N,\N,"Duisternis",\N,\N,"600809490","Stationsstraat","Veenendaal","Veenendaal","Utrecht",false,52.036816,5.565515,"injury","2","unknown",false,1,"GM0345"