"accident_id","year","severity_raw","party_count","party1_type","party2_type","accident_type","road_situation","speed_limit_kmh","road_lighting","light_condition_label","weather_raw","infra_type","road_segment_id","street_name","place_name","gemeente_name_raw","province","alcohol_indicated","latitude","longitude","severity_label","severity_code","weather_label","built_up_area","cyclists_involved","gemeente_code"
"20240022017",2024,"Letsel",2,"Personenauto","Fiets","Flank","Rechte weg",50,"Niet brandend","Daglicht","Droog",\N,"196284030","Zevenkampse Ring","Rotterdam","Rotterdam","Zuid-Holland",false,51.963623,4.563406,"injury","2","clear",false,1,"GM0599"
"20240022333",2024,"Letsel",2,"Personenauto","Fiets","Flank","Rechte weg",50,"Brandend","Duisternis","Regen",\N,\N,"Emelissedijk","Rotterdam","Rotterdam","Zuid-Holland",false,51.881718,4.546051,"injury","2","rain",false,1,"GM0599"
"20240153001",2024,"Uitsluitend materiele schade",1,"Fiets",\N,"Flank","Rotonde",50,"Brandend","Duisternis","Regen",\N,\N,"Texelstroomlaan","Den Helder","Den Helder","Noord-Holland",false,52.943679,4.746871,"material damage only","4","rain",false,1,"GM0400"
"20230111736",2023,"Letsel",2,"Personenauto","e-bike","Flank","Kruispunt, 3 takken",30,"Brandend","Schemer",\N,\N,\N,"President Allendelaan","Amsterdam","Amsterdam","Noord-Holland",false,52.370688,4.816477,"injury","2","unknown",false,1,"GM0363"
"20230111743",2023,"Letsel",3,"Personenauto","e-bike","Flank","Kruispunt, 3 takken",50,"Brandend","Duisternis","Droog",\N,\N,"Jacobijnestraat","Haarlem","Haarlem","Noord-Holland",false,52.381441,4.63221,"injury","2","clear",false,1,"GM0392"
"20240005551",2024,"Letsel",2,"Personenauto","Fiets","Flank","Kruispunt, 3 takken",50,"Niet brandend","Daglicht","Droog",\N,\N,"Oostoeverweg","Den Helder","Den Helder","Noord-Holland",false,52.925565,4.790693,"injury","2","clear",false,1,"GM0400"
"20240011031",2024,"Uitsluitend materiele schade",2,"Personenauto","Fiets","Flank","Kruispunt, 4 takken",30,"Niet brandend","Daglicht","Regen",\N,\N,"SMEEBRUG","Utrecht","Utrecht","Utrecht",false,52.086292,5.121926,"material damage only","4","rain",false,1,"GM0344"
"20240011374",2024,"Letsel",2,"Personenauto","Fiets","Flank","Kruispunt, 3 takken",30,"Niet brandend","Daglicht","Regen",\N,\N,"Rembrandtlaan","Veenendaal","Veenendaal","Utrecht",false,52.021606,5.545624,"injury","2","rain",false,1,"GM0345"
"20240023399",2024,"Letsel",2,"Personenauto","Fiets","Frontaal","Kruispunt, 4 takken",50,"Niet brandend","Daglicht","Droog",\N,\N,"Ruilstraat","Rotterdam","Rotterdam","Zuid-Holland",false,51.910919,4.451866,"injury","2","clear",false,1,"GM0599"
"20240154367",2024,"Uitsluitend materiele schade",1,"Fiets",\N,"Los voorwerp","Rechte weg",30,"Brandend","Duisternis","Droog",\N,"184277021","3e Pijnackerstraat","Rotterdam","Rotterdam","Zuid-Holland",false,51.933624,4.47843,"material damage only","4","clear",false,1,"GM0599"
"20240011989",2024,"Letsel",1,"Fiets",\N,"Onbekend","Bocht",80,"Brandend","Duisternis",\N,\N,"600401827","Europaweg","Leiden","Leiden","Zuid-Holland",false,52.131134,4.493434,"injury","2","unknown",false,1,"GM0546"
"20240012011",2024,"Letsel",2,"Snorfiets","Fiets","Frontaal","Kruispunt, 4 takken",30,"Brandend","Duisternis","Droog",\N,\N,"Tjalie Robinsonduin","'s-Gravenhage","'s-Gravenhage","Zuid-Holland",false,52.086712,4.270659,"injury","2","clear",false,1,"GM0518"
"20240012603",2024,"Letsel",2,"Bestelauto","Fiets","Flank","Kruispunt, 4 takken",50,"Niet brandend","Daglicht","Droog",\N,\N,"Tullinghstraat","'s-Gravenhage","'s-Gravenhage","Zuid-Holland",false,52.069397,4.313843,"injury","2","clear",false,1,"GM0518"
"20240023713",2024,"Letsel",1,"Fiets",\N,"Onbekend","Rotonde",30,"Niet brandend","Daglicht","Droog",\N,\N,"Molenweg","Monster","Westland","Zuid-Holland",false,52.022261,4.184655,"injury","2","clear",false,1,"GM1783"
"20240024033",2024,"Uitsluitend materiele schade",2,"Personenauto","Fiets","Flank","Kruispunt, 3 takken",50,"Niet brandend","Daglicht","Droog",\N,\N,"Dorpsstraat","Mierlo","Geldrop-Mierlo","Noord-Brabant",false,51.443369,5.618699,"material damage only","4","clear",false,1,"GM1771"
"20240153086",2024,"Letsel",3,"Fiets","Fiets","Frontaal","Rechte weg",30,"Brandend","Duisternis","Droog",\N,"246368044","IJslandtpad","Amsterdam","Amsterdam","Noord-Holland",true,52.345558,4.920944,"injury","2","clear",false,1,"GM0363"
"20240155206",2024,"Letsel",2,"Fiets","Fiets","Flank","Rotonde",50,"Niet brandend","Daglicht","Droog",\N,"185325024","Montgomerystraat","Leiden","Leiden","Zuid-Holland",false,52.147097,4.477715,"injury","2","clear",false,1,"GM0546"
"20230109490",2023,"Uitsluitend materiele schade",2,"Personenauto","Fiets","Onbekend","Kruispunt, 4 takken",30,"Niet brandend","Daglicht","Droog",\N,\N,"Beneluxlaan","Boxtel","Boxtel","Noord-Brabant",false,51.588908,5.333971,"material damage only","4","clear",false,1,"GM0757"
"20230111236",2023,"Uitsluitend materiele schade",2,"Fiets","Personenauto","Geparkeerd voertuig","Rechte weg",50,"Niet brandend","Daglicht","Droog",\N,"241364003","Van Heenvlietlaan","Amsterdam","Amsterdam","Noord-Holland",false,52.326625,4.882238,"material damage only","4","clear",false,1,"GM0363"
"20240156076",2024,"Letsel",2,"Bromfiets","Fiets","Frontaal","Rechte weg",50,"Brandend","Duisternis","Droog","Brug/viaduct","350174095","Deurneseweg","Helmond","Helmond","Noord-Brabant",false,51.474423,5.682118,"injury","2","clear",false,1,"GM0794"
"20240002953",2024,"Letsel",2,"Personenauto","Fiets","Kop/staart","Rechte weg",50,"Niet brandend","Daglicht","Droog",\N,"600155899","Nicolaas Beetsstraat","Heerlen","Heerlen","Limburg",false,50.88602,6.003506,"injury","2","clear",false,1,"GM0917"
"20240006321",2024,"Uitsluitend materiele schade",2,"Bestelauto","Fiets","Onbekend","Kruispunt, 4 takken",50,"Niet brandend","Daglicht","Regen",\N,\N,"Overtonweg","Haarlem","Haarlem","Noord-Holland",false,52.402926,4.646939,"material damage only","4","rain",false,1,"GM0392"
"20240153167",2024,"Letsel",2,"Fiets","Personenauto","Flank","Kruispunt, 4 takken",50,"Brandend","Duisternis","Droog",\N,\N,"Wibautstraat","Amsterdam","Amsterdam","Noord-Holland",false,52.357444,4.910118,"injury","2","clear",false,1,"GM0363"
"20240154877",2024,"Letsel",2,"Fiets","Personenauto","Flank","Rechte weg",50,"Brandend","Daglicht","Droog",\N,\N,"Visbyerf","Rotterdam","Rotterdam","Zuid-Holland",false,51.946874,4.567177,"injury","2","clear",false,1,"GM0599"
"20230107750",2023,"Letsel",1,"Fiets",\N,"Eenzijdig","Rechte weg",30,"Niet brandend","Daglicht","Droog",\N,"600828255","Sluisweg","Born","Sittard-Geleen","Limburg",false,51.035733,5.801344,"injury","2","clear",false,1,"GM1883"
"20230108345",2023,"Letsel",1,"e-bike",\N,"Eenzijdig","Kruispunt, 4 takken",50,"Brandend","Schemer","Droog",\N,\N,"Jan Ligthartstraat","Heemskerk","Heemskerk","Noord-Holland",false,52.502911,4.668712,"injury","2","clear",false,1,"GM0396"
"20240155418",2024,"Letsel",2,"Motor","Fiets","Flank","Kruispunt, 3 takken",50,"Brandend","Duisternis","Droog",\N,\N,"Bergweg","Rotterdam","Rotterdam","Zuid-Holland",false,51.938049,4.479726,"injury","2","clear",false,1,"GM0599"
"20230110691",2023,"Letsel",2,"Personenauto","Fiets","Flank","Kruispunt, 4 takken",50,"Brandend","Duisternis","Droog",\N,\N,"ELISABETHTUNNEL","Eindhoven","Eindhoven","Noord-Brabant",false,51.441798,5.470056,"injury","2","clear",false,1,"GM0772"
"20230112476",2023,"Letsel",2,"Personenauto","Fiets","Flank","Kruispunt, 4 takken",50,"Brandend","Duisternis","Droog",\N,\N,"Secretaris Verhoeffweg","Naaldwijk","Westland","Zuid-Holland",false,51.99111,4.204378,"injury","2","clear",false,1,"GM1783"
"20240018800",2024,"Uitsluitend materiele schade",2,"Personenauto","Fiets","Flank","Kruispunt, 4 takken",50,"Niet brandend","Daglicht","Droog",\N,\N,"Papenhorn","Broek op Langedijk","Dijk en Waard","Noord-Holland",false,52.674099,4.804147,"material damage only","4","clear",false,1,"GM1980"
"20240018933",2024,"Letsel",2,"Personenauto","Fiets","Flank","Rechte weg",50,"Niet brandend","Daglicht","Droog",\N,"326397014","Larserpoortweg","Lelystad","Lelystad","Flevoland",false,52.474498,5.510328,"injury","2","clear",false,1,"GM0995"
"20240018536",2024,"Uitsluitend materiele schade",2,"Bestelauto","Fiets","Flank","Kruispunt, 4 takken",30,"Niet brandend","Daglicht","Regen",\N,\N,"Evenaar","Almere","Almere","Flevoland",false,52.392739,5.280367,"material damage only","4","rain",false,1,"GM0034"
"20240005845",2024,"Uitsluitend materiele schade",2,"Snorfiets","Fiets","Kop/staart","Rechte weg",30,"Niet brandend","Daglicht","Sneeuw/Hagel",\N,\N,"Overste den Oudenlaan","Utrecht","Utrecht","Utrecht",false,52.078924,5.103149,"material damage only","4","unknown",false,1,"GM0344"
"20240012143",2024,"Letsel",2,"Fiets","Fiets","Flank","Rechte weg",50,"Niet brandend","Daglicht","Droog",\N,"208301070","Houtstraat","Waddinxveen","Waddinxveen","Zuid-Holland",false,52.042828,4.650917,"injury","2","clear",false,1,"GM0627"
"20240021657",2024,"Letsel",2,"Bromfiets","Fiets","Los voorwerp","Rechte weg",\N,"Niet brandend","Daglicht","Droog",\N,"600255487","Langevliet","Julianadorp","Den Helder","Noord-Holland",false,52.907701,4.753107,"injury","2","clear",false,1,"GM0400"
"20240014455",2024,"Letsel",1,"Fiets",\N,"Onbekend",\N,\N,\N,"Duisternis",\N,\N,"600705893","President Rooseveltlaan","Vlissingen","Vlissingen","Zeeland",false,51.45467,3.56344,"injury","2","unknown",false,1,"GM0718"
"20240155445",2024,"Letsel",2,"Fiets","Overig vast object","Vast voorwerp","Rechte weg",30,"Brandend","Duisternis","Droog",\N,\N,"Gasthuislaan","Delft","Delft","Zuid-Holland",false,52.009409,4.363169,"injury","2","clear",false,1,"GM0503"
"20240010805",2024,"Uitsluitend materiele schade",2,"Personenauto","Fiets","Flank","Kruispunt, 3 takken",30,"Niet brandend","Daglicht","Droog",\N,\N,"Lucas Bolsstraat","Nieuw-Vennep","Haarlemmermeer","Noord-Holland",false,52.273836,4.627448,"material damage only","4","clear",false,1,"GM0394"
"20240012203",2024,"Letsel",2,"Personenauto","Fiets","Flank","Kruispunt, 4 takken",50,"Niet brandend","Daglicht","Regen",\N,\N,"Stationsplein","Delft","Delft","Zuid-Holland",false,52.006596,4.355512,"injury","2","rain",false,1,"GM0503"
"20240153322",2024,"Uitsluitend materiele schade",3,"Fiets","Fiets","Frontaal","Kruispunt, 4 takken",30,"Brandend","Duisternis","Droog",\N,\N,"Jean Desmetstraat","Amsterdam","Amsterdam","Noord-Holland",true,52.361145,4.991359,"material damage only","4","clear",false,1,"GM0363"
"20240153975",2024,"Letsel",2,"Personenauto","Fiets","Onbekend","Kruispunt, 4 takken",50,"Brandend","Daglicht","Regen",\N,\N,"Westblaak","Rotterdam","Rotterdam","Zuid-Holland",false,51.916252,4.474108,"injury","2","rain",false,1,"GM0599"
"20240154887",2024,"Letsel",3,"Fiets","Fiets","Onbekend","Rechte weg",\N,"Niet brandend","Daglicht","Harde windstoten",\N,"600712357","Madeweg","Monster","Westland","Zuid-Holland",false,52.033513,4.208545,"injury","2","unknown",false,1,"GM1783"
"20240007059",2024,"Uitsluitend materiele schade",2,"Fiets","Personenauto","Flank","Kruispunt, 4 takken",30,"Brandend","Duisternis","Regen",\N,\N,"Sam van Houtenstraat","Amsterdam","Amsterdam","Noord-Holland",false,52.37928,4.801771,"material damage only","4","rain",false,1,"GM0363"
"20240013855",2024,"Letsel",2,"Personenauto","Fiets","Flank","Kruispunt, 4 takken",30,"Brandend","Duisternis","Droog",\N,\N,"Halsterseweg","Bergen op Zoom","Bergen op Zoom","Noord-Brabant",false,51.50612,4.27969,"injury","2","clear",false,1,"GM0748"
"20240014715",2024,"Uitsluitend materiele schade",2,"Fiets","Bestelauto","Flank","Kruispunt, 3 takken",50,"Niet brandend","Daglicht","Droog",\N,\N,"Brielseweg","Oostvoorne","Voorne aan Zee","Zuid-Holland",false,51.913545,4.112317,"material damage only","4","clear",false,1,"GM1992"
"20240005304",2024,"Dodelijk",3,"Trekker","Fiets","Flank","Rotonde",50,"Niet brandend","Schemer","Droog",\N,\N,"Dokweg","IJmuiden","Velsen","Noord-Holland",false,52.457056,4.594424,"fatal","1","clear",false,1,"GM0453"
"20240007084",2024,"Letsel",1,"Fiets",\N,"Flank","Rechte weg",15,"Brandend","Schemer","Droog",\N,"182335019","Bankijkerweg","Rijnsburg","Katwijk","Zuid-Holland",false,52.196135,4.452958,"injury","2","clear",false,1,"GM0537"
"20240016383",2024,"Uitsluitend materiele schade",2,"Bestelauto","Fiets","Kop/staart","Rechte weg",60,"Niet brandend","Daglicht","Droog",\N,"354201001","Dennenmark","Boekel","Boekel","Noord-Brabant",false,51.596888,5.711521,"material damage only","4","clear",false,1,"GM0755"
"20240153393",2024,"Letsel",3,\N,"Fiets","Frontaal","Bocht",\N,"Niet brandend","Daglicht","Droog",\N,"237370068","Vondelpark","Amsterdam","Amsterdam","Noord-Holland",true,52.355246,4.859329,"injury","2","clear",false,1,"GM0363"
"20240005340",2024,"Letsel",2,"Fiets","Personenauto","Flank","Kruispunt, 4 takken",30,"Brandend","Schemer","Regen",\N,\N,"Dokter Wilminkstraat","Noord-Scharwoude","Dijk en Waard","Noord-Holland",false,52.699874,4.816346,"injury","2","rain",false,1,"GM1980"
"20240016407",2024,"Uitsluitend materiele schade",2,"Personenauto","Fiets","Onbekend","Kruispunt, 3 takken",30,"Niet brandend","Daglicht","Droog",\N,\N,"Dokter Hillenlaan","Vught","Vught","Noord-Brabant",false,51.65751,5.302302,"material damage only","4","clear",false,1,"GM0865"
"20240016884",2024,"Uitsluitend materiele schade",2,"Personenauto","Fiets","Flank","Kruispunt, 4 takken",30,"Niet brandend","Daglicht","Droog",\N,\N,"Lauermanstraat","Burgum","Tytsjerksteradiel","Friesland",false,53.196379,5.989445,"material damage only","4","clear",false,1,"GM0737"
"20240157649",2024,"Letsel",1,"Fiets",\N,"Eenzijdig","Rechte weg",30,"Brandend","Duisternis","Droog",\N,"178336014","Rijnstraat","Katwijk","Katwijk","Zuid-Holland",false,52.196,4.425154,"injury","2","clear",false,1,"GM0537"
"20240013157",2024,"Letsel",2,"Bestelauto","Fiets","Flank","Rechte weg",50,"Niet brandend","Daglicht","Droog",\N,"169292013","Schieweg","Delft","Delft","Zuid-Holland",false,51.998238,4.365801,"injury","2","clear",false,1,"GM0503"
"20240019073",2024,"Letsel",2,"Fiets",\N,"Onbekend","Bocht",50,"Niet brandend","Daglicht","Droog",\N,"600616302","Verlaat","Heerhugowaard","Dijk en Waard","Noord-Holland",false,52.719383,4.85521,"injury","2","clear",false,1,"GM1980"
"20230111006",2023,"Uitsluitend materiele schade",2,"Personenauto","Fiets","Flank","Rechte weg",50,"Brandend","Duisternis","Droog",\N,"600141234","Kornetstraat","Uden","Maashorst","Noord-Brabant",false,51.668003,5.612481,"material damage only","4","clear",false,1,"GM1991"
"20240013177",2024,"Uitsluitend materiele schade",2,"Personenauto","Fiets","Flank","Kruispunt, 4 takken",30,"Niet brandend","Daglicht","Droog",\N,\N,"Withuysstraat","'s-Gravenhage","'s-Gravenhage","Zuid-Holland",false,52.057599,4.317127,"material damage only","4","clear",false,1,"GM0518"
"20240152866",2024,"Uitsluitend materiele schade",2,"Bromfiets","Fiets","Frontaal","Rechte weg",\N,"Brandend","Duisternis","Droog",\N,"234377079","Arlandaweg","Amsterdam","Amsterdam","Noord-Holland",false,52.385903,4.835258,"material damage only","4","clear",false,1,"GM0363"
"20240154147",2024,"Letsel",2,"Fiets","Personenauto","Onbekend","Rechte weg",50,"Niet brandend","Schemer","Droog",\N,"202261014","Vogelvliet","Ridderkerk","Ridderkerk","Zuid-Holland",false,51.863001,4.610056,"injury","2","clear",false,1,"GM0597"
"20230035130",2023,"Uitsluitend materiele schade",3,"Personenauto","Fiets","Los voorwerp","Rechte weg",50,"Niet brandend","Daglicht","Droog",\N,"483370075","Bornerbroeksestraat","Almelo","Almelo","Overijssel",false,52.350432,6.662854,"material damage only","4","clear",false,1,"GM0141"
"20230067109",2023,"Letsel",1,"Fiets",\N,"Eenzijdig","Kruispunt, 4 takken",30,"Niet brandend","Daglicht","Droog",\N,\N,"Cella Gallia","Houten","Houten","Utrecht",false,52.016333,5.176776,"injury","2","clear",false,1,"GM0321"
"20230068768",2023,"Letsel",2,"Fiets","Fiets","Onbekend","Rechte weg",30,"Niet brandend","Daglicht","Droog",\N,"600750035","Oud-Bodegraafseweg","Bodegraven","Bodegraven-Reeuwijk","Zuid-Holland",false,52.073498,4.734192,"injury","2","clear",false,1,"GM1901"
"20230016257",2023,"Uitsluitend materiele schade",2,"Personenauto","Fiets","Flank","Kruispunt, 3 takken",30,"Niet brandend","Daglicht","Droog",\N,\N,"Seinedreef","Utrecht","Utrecht","Utrecht",false,52.114694,5.108381,"material damage only","4","clear",false,1,"GM0344"
"20240026283",2024,"Letsel",3,"Personenauto","Fiets","Flank","Rechte weg",50,"Brandend","Duisternis","Droog",\N,\N,"Johan de Wittlaan","Arnhem","Arnhem","Gelderland",true,51.97924,5.9277,"injury","2","clear",false,1,"GM0202"
"20230019147",2023,"Letsel",2,"Bestelauto","Fiets","Flank","Kruispunt, 4 takken",30,"Niet brandend","Daglicht","Droog",\N,\N,"Elsweg","Harderwijk","Harderwijk","Gelderland",false,52.346447,5.64917,"injury","2","clear",false,1,"GM0243"
"20240026725",2024,"Letsel",2,"Personenauto","Fiets","Frontaal","Kruispunt, 3 takken",30,"Niet brandend","Daglicht","Droog",\N,\N,"IJsselstraat","Hattem","Hattem","Gelderland",false,52.478375,6.055778,"injury","2","clear",false,1,"GM0244"
"20240029209",2024,"Letsel",2,"Personenauto","Fiets","Flank","Kruispunt, 4 takken",30,"Niet aanwezig","Daglicht","Droog",\N,\N,"Jozef Israëlslaan","Woerden","Woerden","Utrecht",false,52.089882,4.870858,"injury","2","clear",false,1,"GM0632"
"20230032516",2023,"Uitsluitend materiele schade",1,"Fiets",\N,"Onbekend","Rechte weg",30,"Brandend","Duisternis","Droog",\N,"305140096","Hof","Bergeijk","Bergeijk","Noord-Brabant",false,51.32178,5.358121,"material damage only","4","clear",false,1,"GM1724"
"20230035627",2023,"Letsel",2,"Personenauto","Fiets","Flank","Kruispunt, 3 takken",60,"Niet aanwezig","Daglicht","Droog",\N,\N,"Tweede Elsweg","Mariënberg","Hardenberg","Overijssel",false,52.512918,6.579349,"injury","2","clear",false,1,"GM0160"
"20230035628",2023,"Letsel",2,"Bestelauto","Fiets","Flank","Rechte weg",30,"Niet brandend","Daglicht","Droog",\N,"600594071","Balkerweg","Witharen","Ommen","Overijssel",false,52.55948,6.396344,"injury","2","clear",false,1,"GM0175"
"20230069184",2023,"Letsel",1,"Fiets",\N,"Eenzijdig","Bocht",30,"Niet brandend","Daglicht","Droog",\N,\N,"Doklaan","Rotterdam","Rotterdam","Zuid-Holland",false,51.895733,4.468386,"injury","2","clear",false,1,"GM0599"
"20230072782",2023,"Uitsluitend materiele schade",2,"Personenauto","Fiets","Flank","Rotonde",50,"Niet brandend","Daglicht","Droog",\N,\N,"Lange Hofstedestraat","Buren","Buren","Gelderland",false,51.908235,5.333729,"material damage only","4","clear",false,1,"GM0214"
"20230018576",2023,"Letsel",2,"Fiets","Personenauto","Onbekend","Bocht",50,"Niet brandend","Daglicht","Droog",\N,"600390402","Kruisweg","Hoofddorp","Haarlemmermeer","Noord-Holland",false,52.305883,4.692486,"injury","2","clear",false,1,"GM0394"
"20240029945",2024,"Uitsluitend materiele schade",2,"Bestelauto","Fiets","Flank","Rechte weg",50,"Niet brandend","Daglicht","Droog",\N,"600183736","De Werf","'s-Gravenhage","'s-Gravenhage","Zuid-Holland",false,52.0429,4.243568,"material damage only","4","clear",false,1,"GM0518"
"20240030503",2024,"Uitsluitend materiele schade",2,"Personenauto","Fiets","Los voorwerp","Kruispunt, 4 takken",50,"Niet brandend","Daglicht","Droog",\N,\N,"Van der Hooplaan","Amstelveen","Amstelveen","Noord-Holland",false,52.291676,4.854566,"material damage only","4","clear",false,1,"GM0362"
"20230068468",2023,"Letsel",2,"Bromfiets","Fiets","Flank","Rechte weg",50,"Niet brandend","Daglicht","Droog",\N,"181272044","Nieuwe Binnenweg","Rotterdam","Rotterdam","Zuid-Holland",false,51.912179,4.454745,"injury","2","clear",false,1,"GM0599"
"20230068846",2023,"Letsel",3,"Fiets","Overig wegmeubilair","Vast voorwerp","Kruispunt, 4 takken",50,"Niet brandend","Daglicht","Droog",\N,\N,"Bezuidenhoutseweg","'s-Gravenhage","'s-Gravenhage","Zuid-Holland",false,52.087936,4.335037,"injury","2","clear",false,1,"GM0518"
"20230068852",2023,"Letsel",2,"Fiets","Fiets","Eenzijdig","Rechte weg",30,"Niet brandend","Daglicht","Droog",\N,"207329015","Dokter Lothlaan","Woubrugge","Kaag en Braassem","Zuid-Holland",false,52.16735,4.637366,"injury","2","clear",false,1,"GM1884"
"20230019792",2023,"Letsel",2,"Fiets","Fiets","Flank","Kruispunt, 4 takken",30,"Niet brandend","Daglicht","Droog",\N,\N,"Adenauerlaan","Woerden","Woerden","Utrecht",false,52.08657,4.907949,"injury","2","clear",false,1,"GM0632"
"20230019797",2023,"Uitsluitend materiele schade",2,"Snorfiets","e-bike","Flank","Kruispunt, 3 takken",50,"Niet brandend","Daglicht","Droog",\N,\N,"Handelskade","Deventer","Deventer","Overijssel",false,52.255464,6.163464,"material damage only","4","clear",false,1,"GM0150"
"20230023775",2023,"Letsel",2,"Bestelauto","Fiets","Eenzijdig","Bocht",50,"Niet brandend","Daglicht","Droog","Brug/viaduct",\N,"Herenweg","Oudorp","Alkmaar","Noord-Holland",false,52.639445,4.775614,"injury","2","clear",false,1,"GM0361"
"20240028435",2024,"Letsel",2,"Personenauto","Fiets","Onbekend",\N,50,\N,"Duisternis",\N,\N,"600917973","Stationsstraat","Hilversum","Hilversum","Noord-Holland",false,52.226781,5.178349,"injury","2","unknown",false,1,"GM0402"
"20230032620",2023,"Uitsluitend materiele schade",2,"Bromfiets","Fiets","Flank","Rechte weg",30,"Brandend","Duisternis","Droog",\N,"349175003","Burg van Houtlaan","Helmond","Helmond","Noord-Brabant",false,51.477287,5.670818,"material damage only","4","clear",false,1,"GM0794"
"20230067402",2023,"Uitsluitend materiele schade",2,"Personenauto","Fiets","Kop/staart","Kruispunt, 4 takken",30,"Niet brandend","Daglicht","Regen",\N,"600465296","BURG IN 'T VELDPARK","Zaandam","Zaanstad","Noord-Holland",false,52.449935,4.828705,"material damage only","4","rain",false,1,"GM0479"
"20230076145",2023,"Letsel",2,"Personenauto","Fiets","Flank","Kruispunt, 4 takken",30,"Niet brandend","Daglicht","Droog",\N,\N,"Zwaluwstraat","Haarlem","Haarlem","Noord-Holland",false,52.414412,4.655988,"injury","2","clear",false,1,"GM0392"
"20230013465",2023,"Letsel",2,"Personenauto","Fiets","Flank","Rechte weg",50,"Niet brandend","Daglicht","Droog",\N,"600837900","Westervoortsedijk","Arnhem","Arnhem","Gelderland",false,51.971692,5.922068,"injury","2","clear",false,1,"GM0202"
"20230019266",2023,"Letsel",1,"Fiets",\N,"Eenzijdig","Rechte weg",30,"Brandend","Duisternis","Droog",\N,"291247007","Pr Julianastraat","Zaltbommel","Zaltbommel","Gelderland",false,51.8049,5.254782,"injury","2","clear",false,1,"GM0297"
"20230020977",2023,"Uitsluitend materiele schade",2,"Snorfiets","Fiets","Frontaal","Rechte weg",50,"Brandend","Daglicht","Droog","Tunnel","235368062","Vlaardingenlaan","Amsterdam","Amsterdam","Noord-Holland",false,52.346923,4.840888,"material damage only","4","clear",false,1,"GM0363"
"20230025009",2023,"Uitsluitend materiele schade",2,"Bromfiets","Fiets","Kop/staart","Kruispunt, 3 takken",30,"Niet brandend","Daglicht","Droog",\N,\N,"Rietdijk","Breda","Breda","Noord-Brabant",false,51.618843,4.752216,"material damage only","4","clear",false,1,"GM0758"
"20240027877",2024,"Uitsluitend materiele schade",2,"Personenauto","Fiets","Flank","Kruispunt, 3 takken",50,"Niet aanwezig","Daglicht","Droog",\N,\N,"Evenaar","De Meern","Utrecht","Utrecht",false,52.087504,5.038261,"material damage only","4","clear",false,1,"GM0344"
"20240030043",2024,"Letsel",2,"Fiets","Fiets","Onbekend","Rechte weg",30,"Brandend","Duisternis","Droog",\N,"600911167","Papsouwselaan","Delft","Delft","Zuid-Holland",false,52.001001,4.354188,"injury","2","clear",false,1,"GM0503"
"20230014104",2023,"Uitsluitend materiele schade",2,"Personenauto","e-bike","Flank","Kruispunt, 4 takken",50,"Brandend","Duisternis","Droog",\N,\N,"E T à Thuessinkln","Groningen","Groningen","Groningen",false,53.22788,6.574609,"material damage only","4","clear",false,1,"GM0014"
"20230016955",2023,"Uitsluitend materiele schade",2,"Fiets","Fiets","Flank","Rechte weg",30,"Niet brandend","Daglicht","Droog",\N,"269436084","Patio","Hoorn","Hoorn","Noord-Holland",false,52.651088,5.086338,"material damage only","4","clear",false,1,"GM0405"
"20230019299",2023,"Letsel",1,"Fiets",\N,"Eenzijdig","Rechte weg",30,"Niet brandend","Daglicht","Droog",\N,"274312065","Biltstraat","Utrecht","Utrecht","Utrecht",false,52.095184,5.128954,"injury","2","clear",false,1,"GM0344"
"20230068603",2023,"Letsel",2,"Personenauto","Fiets","Geparkeerd voertuig","Rechte weg",50,"Niet brandend","Daglicht","Droog",\N,"600892509","Oranjelaan","Dordrecht","Dordrecht","Zuid-Holland",false,51.812419,4.68345,"injury","2","clear",false,1,"GM0505"
"20230068948",2023,"Letsel",2,"Fiets","Fiets","Onbekend","Rechte weg",50,"Niet brandend","Daglicht","Droog",\N,"170301063","Steentijdsingel","'s-Gravenhage","'s-Gravenhage","Zuid-Holland",false,52.041749,4.36872,"injury","2","clear",false,1,"GM0518"
"20230077211",2023,"Uitsluitend materiele schade",2,"Fiets","Fiets","Frontaal","Rechte weg",\N,"Niet brandend","Daglicht","Droog",\N,"600744127","Prins Bernhardlaan","Alphen aan den Rijn","Alphen aan den Rijn","Zuid-Holland",false,52.126036,4.658697,"material damage only","4","clear",false,1,"GM0484"
"20230077353",2023,"Letsel",2,"Personenauto","Fiets","Flank","Rotonde",50,"Niet brandend","Daglicht","Droog",\N,\N,"Edisonstraat","Zoetermeer","Zoetermeer","Zuid-Holland",false,52.057196,4.519574,"injury","2","clear",false,1,"GM0637"
"20230077611",2023,"Letsel",2,"Fiets","Voetganger","Voetganger","Kruispunt, 3 takken",30,"Niet brandend","Daglicht","Droog",\N,\N,"Van Limburg Stirumstraat","'s-Gravenhage","'s-Gravenhage","Zuid-Holland",false,52.071407,4.31833,"injury","2","clear",false,1,"GM0518"
"20230017558",2023,"Uitsluitend materiele schade",2,"Bestelauto","Fiets","Flank","Rotonde",50,"Niet brandend","Daglicht","Droog",\N,\N,"Oranjelaan","Castricum","Castricum","Noord-Holland",false,52.553552,4.674403,"material damage only","4","clear",false,1,"GM0383"
"20230019895",2023,"Uitsluitend materiele schade",2,"Personenauto","Fiets","Onbekend","Rechte weg",50,"Niet brandend","Daglicht","Droog",\N,"274317026","Wolgadreef","Utrecht","Utrecht","Utrecht",false,52.114473,5.131826,"material damage only","4","clear",false,1,"GM0344"
"20230034512",2023,"Uitsluitend materiele schade",2,"Fiets","Voetganger","Voetganger","Kruispunt, 4 takken",30,"Niet brandend","Daglicht","Droog",\N,\N,"Hogenkampsweg","Zwolle","Zwolle","Overijssel",false,52.5216,6.105373,"material damage only","4","clear",false,1,"GM0193"