"accident_id","year","severity_raw","party_count","party1_type","party2_type","accident_type","road_situation","speed_limit_kmh","road_lighting","light_condition_label","weather_raw","infra_type","road_segment_id","street_name","place_name","gemeente_name_raw","province","alcohol_indicated","latitude","longitude","severity_label","severity_code","weather_label","built_up_area","cyclists_involved","gemeente_code"
"20240030550",2024,"Uitsluitend materiele schade",1,"Fiets",\N,"Onbekend",\N,50,\N,"Daglicht",\N,\N,\N,"De Weer","Zaandam","Zaanstad","Noord-Holland",false,52.444202,4.840253,"material damage only","4","unknown",false,1,"GM0479"
"20230069833",2023,"Letsel",3,"Fiets","Fiets","Onbekend","Rechte weg",50,"Niet brandend","Daglicht","Droog","Tunnel","197282048","Nelson Mandelapad","Capelle aan den IJssel","Capelle aan den IJssel","Zuid-Holland",false,51.954178,4.571687,"injury","2","clear",false,1,"GM0502"
"20230078559",2023,"Letsel",2,"Personenauto","Fiets","Flank","Rechte weg",50,"Niet brandend","Daglicht","Regen",\N,"242375126","Nieuwezijds Voorburgwal","Amsterdam","Amsterdam","Noord-Holland",false,52.376465,4.894098,"injury","2","rain",false,1,"GM0363"
"20230078748",2023,"Letsel",2,"Fiets","Voetganger","Voetganger","Rechte weg",50,"Niet aanwezig","Daglicht","Droog",\N,"196292001","Schiniaskade","Zevenhuizen","Zuidplas","Zuid-Holland",false,51.995636,4.558531,"injury","2","clear",false,1,"GM1892"
"20230014144",2023,"Letsel",2,"Fiets","Overig vast object","Vast voorwerp","Kruispunt, 4 takken",50,"Niet brandend","Daglicht","Droog",\N,\N,"Postjesweg","Wageningen","Wageningen","Gelderland",false,51.970331,5.67612,"injury","2","clear",false,1,"GM0289"
"20230014756",2023,"Letsel",2,"Bestelauto","Fiets","Flank","Kruispunt, 3 takken",30,"Niet brandend","Daglicht","Droog",\N,\N,"Van Oldenbarneveldtstr","Arnhem","Arnhem","Gelderland",false,51.977333,5.92091,"injury","2","clear",false,1,"GM0202"
"20240026490",2024,"Letsel",2,"Personenauto","Fiets","Flank","Rotonde",50,"Niet brandend","Daglicht","Regen",\N,\N,"Planetenlaan","Leeuwarden","Leeuwarden","Friesland",false,53.195666,5.848589,"injury","2","rain",false,1,"GM0080"
"20230023926",2023,"Uitsluitend materiele schade",2,"Personenauto","e-bike","Flank","Kruispunt, 3 takken",50,"Brandend","Duisternis","Droog",\N,\N,"Waldorpstraat","'s-Gravenhage","'s-Gravenhage","Zuid-Holland",false,52.068366,4.322102,"material damage only","4","clear",false,1,"GM0518"
"20240027672",2024,"Letsel",2,"Fiets","Snorfiets","Flank","Kruispunt, 4 takken",50,"Brandend","Daglicht","Droog",\N,\N,"van Meelstraat","Beverwijk","Beverwijk","Noord-Holland",false,52.498922,4.666956,"injury","2","clear",false,1,"GM0375"
"20230036360",2023,"Uitsluitend materiele schade",2,"Personenauto","Fiets","Frontaal","Kruispunt, 4 takken",30,"Niet brandend","Daglicht","Droog",\N,\N,"Vleutenseweg","Utrecht","Utrecht","Utrecht",false,52.092865,5.102903,"material damage only","4","clear",false,1,"GM0344"
"20230073230",2023,"Letsel",2,"Personenauto","Fiets","Flank","Kruispunt, 4 takken",50,"Niet brandend","Daglicht","Droog",\N,\N,"Wondestraat","Almelo","Almelo","Overijssel",false,52.347115,6.654014,"injury","2","clear",false,1,"GM0141"
"20230073700",2023,"Uitsluitend materiele schade",2,"Personenauto","Fiets","Kop/staart","Rechte weg",30,"Niet brandend","Daglicht","Droog",\N,"505351012","Willem de Mérodestraat","Hengelo","Hengelo (O)","Overijssel",false,52.262796,6.822044,"material damage only","4","clear",false,1,\N
"20230074046",2023,"Letsel",2,"Fiets",\N,"Eenzijdig","Rechte weg",50,"Niet aanwezig","Daglicht","Droog",\N,"368534056","Burstumerdyk","Grou","Leeuwarden","Friesland",false,53.084492,5.82647,"injury","2","clear",false,1,"GM0080"
"20230015931",2023,"Letsel",2,"Fiets","Fiets","Kop/staart","Rechte weg",50,"Brandend","Duisternis","Droog",\N,"600504096","Amsterdamsestraatweg","Utrecht","Utrecht","Utrecht",false,52.095752,5.108382,"injury","2","clear",false,1,"GM0344"
"20230019999",2023,"Letsel",2,"Bestelauto","e-bike","Eenzijdig","Kruispunt, 4 takken",50,"Niet brandend","Daglicht","Droog",\N,\N,"Parallelweg","Duiven","Duiven","Gelderland",false,51.940592,6.020783,"injury","2","clear",false,1,"GM0226"
"20230024546",2023,"Uitsluitend materiele schade",2,"Personenauto","Fiets","Flank","Kruispunt, 3 takken",50,"Niet brandend","Daglicht","Droog",\N,\N,"Potgieterstraat","Amsterdam","Amsterdam","Noord-Holland",false,52.36921,4.87209,"material damage only","4","clear",false,1,"GM0363"
"20230029706",2023,"Letsel",2,"Fiets","Bromfiets","Flank","Rechte weg",50,"Niet brandend","Daglicht","Droog",\N,"600571861","Gemeneweg","Hazerswoude-Dorp","Alphen aan den Rijn","Zuid-Holland",false,52.103428,4.589687,"injury","2","clear",false,1,"GM0484"
"20230034193",2023,"Uitsluitend materiele schade",2,"Fiets","Fiets","Flank","Rotonde",50,"Niet brandend","Daglicht","Droog",\N,\N,"Houtmarkt","Deventer","Deventer","Overijssel",false,52.252263,6.16436,"material damage only","4","clear",false,1,"GM0150"
"20240030186",2024,"Uitsluitend materiele schade",2,"Fiets","Personenauto","Frontaal","Kruispunt, 3 takken",30,"Niet brandend","Daglicht","Droog",\N,\N,"Hoogheemraadstraat","Wassenaar","Wassenaar","Zuid-Holland",false,52.146947,4.417578,"material damage only","4","clear",false,1,"GM0629"
"20230073596",2023,"Uitsluitend materiele schade",2,"Bestelauto","Fiets","Flank","Rotonde",50,"Niet brandend","Daglicht","Regen",\N,\N,"FIETSPAD","Ermelo","Ermelo","Gelderland",false,52.320081,5.623611,"material damage only","4","rain",false,1,"GM0233"
"20230015970",2023,"Letsel",2,"Bromfiets","Fiets","Flank","Kruispunt, 3 takken",\N,"Niet brandend","Daglicht","Droog",\N,\N,"Linschoterweg","Woerden","Woerden","Utrecht",false,52.083927,4.892568,"injury","2","clear",false,1,"GM0632"
"20230023371",2023,"Uitsluitend materiele schade",2,"Fiets","Personenauto","Flank","Kruispunt, 3 takken",50,"Niet brandend","Daglicht","Droog",\N,\N,"Daltonstraat","'s-Gravenhage","'s-Gravenhage","Zuid-Holland",false,52.070462,4.275689,"material damage only","4","clear",false,1,"GM0518"
"20230023394",2023,"Letsel",2,"Personenauto","Fiets","Flank","Kruispunt, 4 takken",50,"Niet brandend","Daglicht","Droog",\N,\N,"Beneluxbaan","Amstelveen","Amstelveen","Noord-Holland",false,52.304414,4.872729,"injury","2","clear",false,1,"GM0362"
"20230023992",2023,"Uitsluitend materiele schade",3,"Personenauto","e-bike","Onbekend","Kruispunt, 4 takken",30,"Niet brandend","Daglicht","Droog",\N,\N,"Jan Pieter Heijestraat","Amsterdam","Amsterdam","Noord-Holland",false,52.362913,4.863895,"material damage only","4","clear",false,1,"GM0363"
"20230024004",2023,"Uitsluitend materiele schade",2,"Personenauto","Fiets","Flank","Rechte weg",30,"Niet brandend","Daglicht","Droog",\N,"232376002","Slotermeerlaan","Amsterdam","Amsterdam","Noord-Holland",false,52.382363,4.821847,"material damage only","4","clear",false,1,"GM0363"
"20240027326",2024,"Uitsluitend materiele schade",2,"Personenauto","Fiets","Onbekend","Kruispunt, 3 takken",30,"Niet brandend","Daglicht","Droog",\N,\N,"De Marsschen","Appelscha","Ooststellingwerf","Friesland",false,52.95204,6.354059,"material damage only","4","clear",false,1,"GM0085"
"20230068743",2023,"Uitsluitend materiele schade",2,"Bestelauto","Fiets","Flank","Rechte weg",50,"Niet brandend","Daglicht","Droog",\N,"600186040","Zuidhoornseweg","Den Hoorn","Midden-Delfland","Zuid-Holland",false,51.995743,4.331324,"material damage only","4","clear",false,1,"GM1842"
"20230076204",2023,"Letsel",2,"Personenauto","Fiets","Eenzijdig","Kruispunt, 3 takken",30,"Niet brandend","Daglicht","Droog",\N,\N,"Vijfhuizerdijk","Vijfhuizen","Haarlemmermeer","Noord-Holland",false,52.354795,4.677134,"injury","2","clear",false,1,"GM0394"
"20240030783",2024,"Uitsluitend materiele schade",2,"Personenauto","Fiets","Flank","Rechte weg",30,"Niet brandend","Daglicht","Regen",\N,"235382004","Methaanweg","Amsterdam","Amsterdam","Noord-Holland",false,52.408045,4.841021,"material damage only","4","rain",false,1,"GM0363"
"20230076274",2023,"Letsel",2,"Bromfiets","Fiets","Frontaal","Rechte weg",50,"Brandend","Daglicht","Droog",\N,"600628236","Waalderweg","Den Burg","Texel","Noord-Holland",false,53.063557,4.801913,"injury","2","clear",false,1,"GM0448"
"20230022857",2023,"Letsel",3,"Fiets","Fiets","Frontaal","Rechte weg",50,"Niet brandend","Daglicht","Droog",\N,"600719025","Meijendel","Wassenaar","Wassenaar","Zuid-Holland",false,52.129233,4.333433,"injury","2","clear",false,1,"GM0629"
"20230028614",2023,"Uitsluitend materiele schade",3,"Personenauto","Fiets","Flank","Rechte weg",50,"Niet brandend","Daglicht","Droog",\N,"209249014","Singel","Dordrecht","Dordrecht","Zuid-Holland",false,51.809981,4.661313,"material damage only","4","clear",false,1,"GM0505"
"20230035064",2023,"Letsel",2,"Fiets","Personenauto","Geparkeerd voertuig","Rechte weg",50,"Niet brandend","Daglicht","Droog",\N,\N,"Collenstaartweg","Nijverdal","Hellendoorn","Overijssel",false,52.378299,6.471123,"injury","2","clear",false,1,"GM0163"
"20230069122",2023,"Letsel",3,"Bestelauto","Fiets","Eenzijdig","Rechte weg",60,"Niet brandend","Daglicht","Droog",\N,"600990648","Oud-Cromstrijensedijk OZ","Klaaswaal","Hoeksche Waard","Zuid-Holland",false,51.767811,4.45681,"injury","2","clear",false,1,"GM1963"
"20240030733",2024,"Uitsluitend materiele schade",2,"Personenauto","Fiets","Flank","Kruispunt, 3 takken",50,"Niet brandend","Daglicht","Droog",\N,\N,"Dorpsstraat","Nibbixwoud","Medemblik","Noord-Holland",false,52.687895,5.055916,"material damage only","4","clear",false,1,"GM0420"
"20230078594",2023,"Letsel",1,"Fiets",\N,"Eenzijdig","Rechte weg",50,"Brandend","Duisternis","Droog",\N,"210320016","Stadhuisplein","Alphen aan den Rijn","Alphen aan den Rijn","Zuid-Holland",false,52.129222,4.659828,"injury","2","clear",false,1,"GM0484"
"20230070129",2023,"Letsel",1,"e-bike",\N,"Eenzijdig","Kruispunt, 4 takken",50,"Niet brandend","Daglicht","Droog",\N,\N,"Westersingel","Bergen op Zoom","Bergen op Zoom","Noord-Brabant",false,51.497217,4.283578,"injury","2","clear",false,1,"GM0748"
"20230018300",2023,"Letsel",2,"Fiets","Fiets","Flank","Kruispunt, 3 takken",30,"Niet brandend","Daglicht","Droog",\N,\N,"Landzichtlaan","Heemstede","Heemstede","Noord-Holland",false,52.356748,4.623897,"injury","2","clear",false,1,"GM0397"
"20230075306",2023,"Uitsluitend materiele schade",2,"Personenauto","Fiets","Flank","Kruispunt, 3 takken",50,"Niet brandend","Daglicht","Droog",\N,\N,"Raamsingel","Haarlem","Haarlem","Noord-Holland",false,52.376716,4.627438,"material damage only","4","clear",false,1,"GM0392"
"20230070616",2023,"Letsel",2,"Fiets","Fiets","Flank","Rechte weg",60,"Niet aanwezig","Daglicht","Droog",\N,"73205013","Hoogh Plaetweg","Vrouwenpolder","Veere","Zeeland",false,51.609458,3.683339,"injury","2","clear",false,1,"GM0717"
"20230014334",2023,"Letsel",1,"Fiets",\N,"Eenzijdig","Kruispunt, 4 takken",30,"Niet aanwezig","Daglicht","Droog",\N,\N,"Gedempte Zuiderdiep","Groningen","Groningen","Groningen",false,53.214974,6.567735,"injury","2","clear",false,1,"GM0014"
"20230022933",2023,"Letsel",2,"Motor","Fiets","Flank","Rechte weg",50,"Niet brandend","Daglicht","Droog",\N,"241378080","Van Diemenstraat","Amsterdam","Amsterdam","Noord-Holland",false,52.390322,4.885992,"injury","2","clear",false,1,"GM0363"
"20230023481",2023,"Letsel",2,"Fiets","Fiets","Frontaal","Rechte weg",30,"Niet brandend","Daglicht","Droog",\N,"600743707","Slaperdijkweg","Haarlem","Haarlem","Noord-Holland",false,52.425755,4.655878,"injury","2","clear",false,1,"GM0392"
"20230023492",2023,"Letsel",1,"Fiets",\N,"Eenzijdig","Rechte weg",30,"Niet brandend","Daglicht","Droog",\N,"600716509","Erasmusweg","'s-Gravenhage","'s-Gravenhage","Zuid-Holland",false,52.051068,4.301686,"injury","2","clear",false,1,"GM0518"
"20230024114",2023,"Letsel",3,"Personenauto","Fiets","Onbekend","Rechte weg",50,"Niet brandend","Daglicht","Regen",\N,"196348007","Laan van Rijckevorsel","Lisse","Lisse","Zuid-Holland",false,52.254885,4.55587,"injury","2","rain",false,1,"GM0553"
"20230029868",2023,"Letsel",2,"Fiets","Fiets","Frontaal","Rechte weg",50,"Niet brandend","Daglicht","Droog","Tunnel","189254010","Tunnelpad","Barendrecht","Barendrecht","Zuid-Holland",false,51.83428,4.514258,"injury","2","clear",false,1,"GM0489"
"20230036021",2023,"Uitsluitend materiele schade",2,"Personenauto","Fiets","Geparkeerd voertuig","Rechte weg",30,"Niet brandend","Daglicht","Droog",\N,"495356011","Schildsweg","Hengelo","Hengelo (O)","Overijssel",false,52.282807,6.747512,"material damage only","4","clear",false,1,\N
"20230077891",2023,"Letsel",3,"Fiets","Fiets","Onbekend","Rechte weg",30,"Niet brandend","Daglicht","Droog",\N,"600173282","Koningin Wilhelmina Blvd","Noordwijk","Noordwijk","Zuid-Holland",false,52.246385,4.431518,"injury","2","clear",false,1,"GM0575"
"20230077896",2023,"Uitsluitend materiele schade",2,"Motor","Fiets","Flank","Rechte weg",50,"Niet brandend","Daglicht","Droog",\N,"600764457","Kamerlingh Onneslaan","Amsterdam","Amsterdam","Noord-Holland",false,52.34837,4.921003,"material damage only","4","clear",false,1,"GM0363"
"20240031062",2024,"Letsel",2,"Fiets","Overig wegmeubilair","Vast voorwerp","Rotonde",50,"Niet brandend","Daglicht","Droog",\N,\N,"Prinses Beatrixstraat","Castricum","Castricum","Noord-Holland",false,52.551579,4.664074,"injury","2","clear",false,1,"GM0383"
"20230071888",2023,"Letsel",2,"Bromfiets","Fiets","Flank","Kruispunt, 4 takken",80,"Niet brandend","Daglicht","Droog",\N,"342232020","Rijksweg","Schaijk","Maashorst","Noord-Brabant",false,51.737203,5.627121,"injury","2","clear",false,1,"GM1991"
"20230072929",2023,"Letsel",2,"Fiets","Fiets","Flank","Kruispunt, 3 takken",50,"Niet brandend","Daglicht","Droog",\N,\N,"Heiweg","Nijmegen","Nijmegen","Gelderland",false,51.815037,5.838488,"injury","2","clear",false,1,"GM0268"
"20230073021",2023,"Letsel",2,"Fiets","Dier","Dier","Rechte weg",30,"Niet brandend","Daglicht","Droog",\N,"409397066","Calsstraat","Zwolle","Zwolle","Overijssel",false,52.474937,6.119197,"injury","2","clear",false,1,"GM0193"
"20230022970",2023,"Letsel",3,"Personenauto","Fiets","Flank","Kruispunt, 4 takken",50,"Niet brandend","Daglicht","Regen",\N,\N,"Vijf Meilaan","Leiden","Leiden","Zuid-Holland",false,52.147285,4.474794,"injury","2","rain",false,1,"GM0546"
"20240028821",2024,"Uitsluitend materiele schade",2,"Personenauto","Fiets","Onbekend","Kruispunt, 4 takken",30,"Niet brandend","Daglicht","Droog",\N,\N,"Evenaar","Almere","Almere","Flevoland",false,52.39543,5.283278,"material damage only","4","clear",false,1,"GM0034"
"20230073921",2023,"Letsel",2,"Personenauto","e-bike","Flank","Kruispunt, 4 takken",50,"Niet brandend","Daglicht","Droog",\N,\N,"Oosterweg","Groningen","Groningen","Groningen",false,53.213508,6.573964,"injury","2","clear",false,1,"GM0014"
"20230074735",2023,"Uitsluitend materiele schade",2,"Fiets","Fiets","Flank","Rechte weg",15,"Niet brandend","Daglicht","Droog",\N,"600621441","Provincialeweg","Castricum","Castricum","Noord-Holland",false,52.561351,4.684999,"material damage only","4","clear",false,1,"GM0383"
"20230024172",2023,"Letsel",2,"Bromfiets","Fiets","Flank","Rechte weg",30,"Niet brandend","Daglicht","Droog",\N,"247365054","Spaklerweg","Amsterdam-Duivendrecht","Ouder-Amstel","Noord-Holland",false,52.330508,4.925843,"injury","2","clear",false,1,"GM0437"
"20240028370",2024,"Uitsluitend materiele schade",2,"Personenauto","Fiets","Flank","Kruispunt, 3 takken",50,"Niet brandend","Daglicht","Regen",\N,\N,"Tuinfluiter","Veenendaal","Veenendaal","Utrecht",false,52.033026,5.528454,"material damage only","4","rain",false,1,"GM0345"
"20230029950",2023,"Letsel",1,"Fiets",\N,"Eenzijdig","Kruispunt, 3 takken",30,"Niet brandend","Daglicht","Droog",\N,\N,"Heerewegh","Benthuizen","Alphen aan den Rijn","Zuid-Holland",false,52.078128,4.554728,"injury","2","clear",false,1,"GM0484"
"20230076671",2023,"Uitsluitend materiele schade",2,"Personenauto","Fiets","Frontaal","Rechte weg",50,"Brandend","Duisternis","Droog",\N,"600916598","Kruisweg","Hoofddorp","Haarlemmermeer","Noord-Holland",false,52.306069,4.692128,"material damage only","4","clear",false,1,"GM0394"
"20230015039",2023,"Letsel",2,"Fiets","Fiets","Frontaal","Bocht",50,"Brandend","Duisternis","Droog",\N,"600626174","Hoendiep","Groningen","Groningen","Groningen",false,53.213433,6.542374,"injury","2","clear",false,1,"GM0014"
"20230025386",2023,"Uitsluitend materiele schade",2,"Personenauto","Fiets","Flank","Kruispunt, 4 takken",50,"Brandend","Schemer","Regen",\N,\N,"Aristotelesstraat","Rotterdam","Rotterdam","Zuid-Holland",false,51.882803,4.521801,"material damage only","4","rain",false,1,"GM0599"
"20230074785",2023,"Letsel",2,"Snorfiets","Fiets","Flank","Kruispunt, 3 takken",50,"Niet brandend","Daglicht","Droog",\N,\N,"Arnhemseweg","Leusden","Leusden","Utrecht",false,52.129149,5.398039,"injury","2","clear",false,1,"GM0327"
"20230075778",2023,"Letsel",2,"Personenauto","Fiets","Flank","Rechte weg",30,"Niet brandend","Daglicht","Regen",\N,\N,"Trumanlaan","Utrecht","Utrecht","Utrecht",false,52.073215,5.093925,"injury","2","rain",false,1,"GM0344"
"20230076116",2023,"Letsel",2,"Personenauto","Fiets","Flank","Kruispunt, 3 takken",50,"Niet brandend","Daglicht","Droog",\N,\N,"Diepeweg","Hilversum","Hilversum","Noord-Holland",false,52.227125,5.176044,"injury","2","clear",false,1,"GM0402"
"20230077714",2023,"Uitsluitend materiele schade",2,"Personenauto","Fiets","Flank","Rechte weg",50,"Brandend","Duisternis","Droog",\N,"600488802","Generaal Spoorlaan","Rijswijk","Rijswijk","Zuid-Holland",false,52.038959,4.3134,"material damage only","4","clear",false,1,\N
"20230078162",2023,"Letsel",2,"Bestelauto","Fiets","Flank","Rechte weg",50,"Niet brandend","Daglicht","Droog",\N,\N,"Houtrustweg","'s-Gravenhage","'s-Gravenhage","Zuid-Holland",false,52.091081,4.265014,"injury","2","clear",false,1,"GM0518"
"20240026561",2024,"Uitsluitend materiele schade",1,"Fiets",\N,"Onbekend","Rechte weg",\N,"Niet aanwezig","Daglicht","Droog",\N,"349302046","Apeldoornseweg","Ede","Ede","Gelderland",false,52.050853,5.676303,"material damage only","4","clear",false,1,"GM0228"
"20230019103",2023,"Letsel",2,"Bestelauto","Fiets","Kop/staart","Rechte weg",30,"Niet brandend","Daglicht","Droog",\N,"346297160","Nijverheidlaan","Ede","Ede","Gelderland",false,52.027796,5.656458,"injury","2","clear",false,1,"GM0228"
"20230067551",2023,"Uitsluitend materiele schade",1,"Fiets",\N,"Onbekend","Rechte weg",30,"Niet brandend","Daglicht","Droog",\N,"230391040","Langeweide","Zaandam","Zaanstad","Noord-Holland",false,52.448854,4.805876,"material damage only","4","clear",false,1,"GM0479"
"20230085981",2023,"Uitsluitend materiele schade",2,"Fiets","Personenauto","Frontaal","Kruispunt, 4 takken",50,"Niet brandend","Daglicht","Droog",\N,\N,"Chrysantstraat","Woerden","Woerden","Utrecht",false,52.082273,4.877032,"material damage only","4","clear",false,1,"GM0632"
"20230087271",2023,"Letsel",1,"Fiets",\N,"Eenzijdig","Rechte weg",50,"Niet brandend","Daglicht","Regen",\N,"601012943","Westerblokker","Blokker","Hoorn","Noord-Holland",false,52.66056,5.087218,"injury","2","rain",false,1,"GM0405"
"20240072140",2024,"Uitsluitend materiele schade",2,"Personenauto","Fiets","Flank","Kruispunt, 4 takken",50,"Niet brandend","Daglicht","Droog",\N,\N,"Veluweplein","'s-Gravenhage","'s-Gravenhage","Zuid-Holland",false,52.059102,4.291981,"material damage only","4","clear",false,1,"GM0518"
"20240076872",2024,"Letsel",2,"Personenauto","Fiets","Geparkeerd voertuig","Rechte weg",50,"Niet brandend","Daglicht","Droog",\N,"223437007","Laan van Brussel","Alkmaar","Alkmaar","Noord-Holland",false,52.65555,4.746493,"injury","2","clear",false,1,"GM0361"
"20240040441",2024,"Uitsluitend materiele schade",2,"e-bike","Voetganger","Voetganger","Rechte weg",30,"Niet brandend","Daglicht","Droog",\N,"601154938","Sir Winston Churchillln","Rijswijk","Rijswijk","Zuid-Holland",false,52.050786,4.340038,"material damage only","4","clear",false,1,\N
"20240079014",2024,"Letsel",2,"Bromfiets","Fiets","Flank","Rechte weg",50,"Niet brandend","Daglicht","Droog",\N,"600912624","Valkenboslaan","'s-Gravenhage","'s-Gravenhage","Zuid-Holland",false,52.073546,4.275429,"injury","2","clear",false,1,"GM0518"
"20240079020",2024,"Letsel",1,"Fiets",\N,"Onbekend","Bocht",50,"Niet brandend","Daglicht","Droog",\N,"600112328","Hogewoerd","Leiden","Leiden","Zuid-Holland",false,52.155403,4.501037,"injury","2","clear",false,1,"GM0546"
"20240032242",2024,"Letsel",2,"Fiets","Personenauto","Flank","Kruispunt, 3 takken",30,"Niet brandend","Daglicht","Droog",\N,\N,"Kamperfoelielaan","Schiedam","Schiedam","Zuid-Holland",false,51.930775,4.376735,"injury","2","clear",false,1,"GM0606"
"20240047193",2024,"Letsel",2,"Personenauto","Fiets","Frontaal","Rechte weg",30,"Niet brandend","Daglicht","Droog",\N,"391586246","De Zijl","Dokkum","Noardeast-Fryslân","Friesland",false,53.324926,5.997831,"injury","2","clear",false,1,"GM1970"
"20240051563",2024,"Letsel",2,"Personenauto","Fiets","Frontaal","Kruispunt, 4 takken",50,"Niet brandend","Daglicht","Droog",\N,\N,"De Kamp","Velserbroek","Velsen","Noord-Holland",false,52.439764,4.657545,"injury","2","clear",false,1,"GM0453"
"20240076379",2024,"Letsel",2,"Bestelauto","Fiets","Frontaal","Kruispunt, 3 takken",50,"Niet brandend","Daglicht","Droog",\N,"376508015","Denemarkendreef","Heerenveen","Heerenveen","Friesland",false,52.973136,5.87763,"injury","2","clear",false,1,"GM0074"
"20240079083",2024,"Letsel",1,"Fiets",\N,"Onbekend","Rechte weg",50,"Niet brandend","Daglicht","Droog",\N,"600921161","Gevers Deynootweg","'s-Gravenhage","'s-Gravenhage","Zuid-Holland",false,52.115504,4.286496,"injury","2","clear",false,1,"GM0518"
"20240038262",2024,"Uitsluitend materiele schade",1,"Fiets",\N,"Frontaal","Rechte weg",50,"Niet brandend","Daglicht","Droog",\N,"600591709","Zeedijk","Zuiderwoude","Waterland","Noord-Holland",false,52.438204,5.055867,"material damage only","4","clear",false,1,"GM0852"
"20240040585",2024,"Letsel",2,"Fiets","Personenauto","Onbekend","Rechte weg",30,"Niet brandend","Daglicht","Regen",\N,"153309012","Laan van Poot","'s-Gravenhage","'s-Gravenhage","Zuid-Holland",false,52.076182,4.244502,"injury","2","rain",false,1,"GM0518"
"20240071707",2024,"Uitsluitend materiele schade",1,"Fiets",\N,"Onbekend","Rechte weg",30,"Niet brandend","Daglicht","Droog",\N,"155313038","Meeuwenstraat","'s-Gravenhage","'s-Gravenhage","Zuid-Holland",false,52.09165,4.262572,"material damage only","4","clear",false,1,"GM0518"
"20240033610",2024,"Uitsluitend materiele schade",2,"Fiets","Fiets","Onbekend","Rechte weg",30,"Niet brandend","Daglicht","Droog",\N,"371061019","Nachtegaalstraat","Geleen","Sittard-Geleen","Limburg",false,50.964102,5.827445,"material damage only","4","clear",false,1,"GM1883"
"20240036700",2024,"Letsel",2,"Personenauto","Fiets","Flank","Rotonde",30,"Niet aanwezig","Daglicht","Droog",\N,\N,"Harenbergweg","Zutphen","Zutphen","Gelderland",false,52.127024,6.210169,"injury","2","clear",false,1,"GM0301"
"20240050994",2024,"Uitsluitend materiele schade",2,"Bestelauto","Fiets","Onbekend","Kruispunt, 4 takken",30,"Niet brandend","Daglicht","Droog",\N,\N,"Jan Tooropstraat","Amsterdam","Amsterdam","Noord-Holland",false,52.367683,4.836517,"material damage only","4","clear",false,1,"GM0363"
"20240033046",2024,"Letsel",2,"Fiets","Fiets","Flank","Rechte weg",50,"Niet brandend","Daglicht","Droog",\N,"600237717","Delftsestraatweg","Delfgauw","Pijnacker-Nootdorp","Zuid-Holland",false,52.01317,4.407725,"injury","2","clear",false,1,"GM1926"
"20240071808",2024,"Letsel",2,"Personenauto","Fiets","Flank","Kruispunt, 3 takken",30,"Niet brandend","Daglicht","Droog",\N,\N,"Burg van der Willigenstr","Lekkerkerk","Krimpenerwaard","Zuid-Holland",false,51.896215,4.68448,"injury","2","clear",false,1,"GM1931"
"20240071833",2024,"Uitsluitend materiele schade",2,"Personenauto","Fiets","Flank","Kruispunt, 4 takken",50,"Niet brandend","Daglicht","Droog",\N,\N,"Hendrick Staetsweg","Rotterdam","Rotterdam","Zuid-Holland",false,51.944319,4.54477,"material damage only","4","clear",false,1,"GM0599"
"20240072465",2024,"Letsel",2,"Personenauto","Fiets","Geparkeerd voertuig","Rechte weg",50,"Niet brandend","Daglicht","Droog",\N,"183279016","Kleiweg","Rotterdam","Rotterdam","Zuid-Holland",false,51.944757,4.470153,"injury","2","clear",false,1,"GM0599"
"20240034385",2024,"Letsel",1,"Fiets",\N,"Onbekend",\N,50,\N,"Duisternis",\N,\N,\N,"Wilhelminasingel","Breda","Breda","Noord-Brabant",false,51.581888,4.781269,"injury","2","unknown",false,1,"GM0758"
"20240080603",2024,"Letsel",2,"Personenauto","Fiets","Flank","Kruispunt, 4 takken",30,"Niet brandend","Daglicht","Droog",\N,\N,"Baljuw","Woudrichem","Altena","Noord-Brabant",false,51.808618,4.996857,"injury","2","clear",false,1,"GM1959"
"20240072834",2024,"Uitsluitend materiele schade",2,"Bestelauto","Fiets","Flank","Kruispunt, 3 takken",50,"Niet brandend","Daglicht","Droog",\N,\N,"Neringstraat-Oost","Uden","Maashorst","Noord-Brabant",false,51.657834,5.618213,"material damage only","4","clear",false,1,"GM1991"
"20240036962",2024,"Uitsluitend materiele schade",3,"Bromfiets","Fiets","Flank","Rechte weg",30,"Niet brandend","Daglicht","Droog",\N,"512340067","B.W. ter Kuilestraat","Enschede","Enschede","Overijssel",false,52.210997,6.871594,"material damage only","4","clear",false,1,"GM0153"
"20240047514",2024,"Letsel",2,"Personenauto","Fiets","Kop/staart","Rechte weg",60,"Niet brandend","Daglicht","Droog",\N,"444533001","Hoofdstraat","Een","Noordenveld","Drenthe",false,53.082081,6.391121,"injury","2","clear",false,1,"GM1699"
"20240072846",2024,"Letsel",2,"Motor","Fiets","Onbekend","Bocht",50,"Niet brandend","Daglicht","Droog","Parkeervoorziening","159177091","Beukenlaan","Bergen op Zoom","Bergen op Zoom","Noord-Brabant",false,51.484237,4.306275,"injury","2","clear",false,1,"GM0748"
"20240050664",2024,"Letsel",1,"Fiets",\N,"Eenzijdig","Bocht",30,"Niet brandend","Daglicht","Droog",\N,\N,"Sperwerhorst","Leiden","Leiden","Zuid-Holland",false,52.173865,4.505107,"injury","2","clear",false,1,"GM0546"
"20240040318",2024,"Letsel",1,"Fiets",\N,"Eenzijdig","Kruispunt, 3 takken",50,\N,"Daglicht","Regen",\N,\N,"Sandifortdreef","Leiden","Leiden","Zuid-Holland",false,52.170027,4.477322,"injury","2","rain",false,1,"GM0546"