"accident_id","year","severity_raw","party_count","party1_type","party2_type","accident_type","road_situation","speed_limit_kmh","road_lighting","light_condition_label","weather_raw","infra_type","road_segment_id","street_name","place_name","gemeente_name_raw","province","alcohol_indicated","latitude","longitude","severity_label","severity_code","weather_label","built_up_area","cyclists_involved","gemeente_code"
"20240050718",2024,"Letsel",1,"Fiets",\N,"Onbekend",\N,30,\N,"Daglicht",\N,\N,"168308051","Louis Couperusstraat","Voorburg","Leidschendam-Voorburg","Zuid-Holland",false,52.072791,4.357867,"injury","2","unknown",false,1,"GM1916"
"20240050731",2024,"Letsel",2,"Fiets","Personenauto","Flank","Rechte weg",30,"Niet brandend","Daglicht","Droog",\N,"600426873","Beethovenstraat","Amsterdam","Amsterdam","Noord-Holland",false,52.349363,4.87752,"injury","2","clear",false,1,"GM0363"
"20240034015",2024,"Uitsluitend materiele schade",2,"Personenauto","Fiets","Onbekend","Kruispunt, 4 takken",50,"Niet brandend","Daglicht","Droog",\N,\N,"Science Park Eindhoven","Son en Breugel","Son en Breugel","Noord-Brabant",false,51.501154,5.455844,"material damage only","4","clear",false,1,"GM0848"
"20230092249",2023,"Uitsluitend materiele schade",3,"Bestelauto","Fiets","Los voorwerp","Bocht",50,"Niet brandend","Daglicht","Regen",\N,"232199001","Minervum","Breda","Breda","Noord-Brabant",false,51.587029,4.830553,"material damage only","4","rain",false,1,"GM0758"
"20230099559",2023,"Letsel",2,"Personenauto","Fiets","Flank","Kruispunt, 4 takken",50,"Niet brandend","Daglicht","Regen",\N,\N,"Ollandseweg","Sint-Oedenrode","Meierijstad","Noord-Brabant",false,51.570818,5.463419,"injury","2","rain",false,1,"GM1948"
"20230099967",2023,"Uitsluitend materiele schade",2,"Personenauto","Fiets","Flank","Kruispunt, 4 takken",50,"Niet brandend","Schemer","Droog",\N,\N,"Lichtstraat","Oss","Oss","Noord-Brabant",false,51.762252,5.548304,"material damage only","4","clear",false,1,"GM0828"
"20230100214",2023,"Uitsluitend materiele schade",3,"Personenauto","Fiets","Onbekend","Rotonde",50,"Niet brandend","Duisternis","Droog",\N,\N,"Vorenseindseweg","Sprundel","Rucphen","Noord-Brabant",false,51.536431,4.594916,"material damage only","4","clear",false,1,"GM0840"
"20230106116",2023,"Letsel",2,"Personenauto","Fiets","Flank","Rotonde",50,"Niet brandend","Daglicht","Droog",\N,\N,"van Heemstraweg","Nijmegen","Nijmegen","Gelderland",false,51.855154,5.821885,"injury","2","clear",false,1,"GM0268"
"20230086939",2023,"Letsel",2,"Personenauto","Fiets","Flank","Bocht",50,"Brandend","Schemer","Regen",\N,"600654913","Gevers Deynootweg","'s-Gravenhage","'s-Gravenhage","Zuid-Holland",false,52.112702,4.2836,"injury","2","rain",false,1,"GM0518"
"20230104243",2023,"Letsel",2,"Fiets","Fiets","Flank","Rechte weg",30,"Brandend","Duisternis","Regen",\N,\N,"De Wouden","Assen","Assen","Drenthe",false,52.984211,6.528871,"injury","2","rain",false,1,"GM0106"
"20230104382",2023,"Uitsluitend materiele schade",2,"Personenauto","Fiets","Flank","Kruispunt, 4 takken",50,"Niet brandend","Daglicht","Droog",\N,\N,"Stinzenflora","Leeuwarden","Leeuwarden","Friesland",false,53.18826,5.825329,"material damage only","4","clear",false,1,"GM0080"
"20230106149",2023,"Uitsluitend materiele schade",2,"Personenauto","Fiets","Flank","Rechte weg",30,"Niet brandend","Daglicht","Droog",\N,"412408010","Lorentzlaan","Zwolle","Zwolle","Overijssel",false,52.522165,6.139693,"material damage only","4","clear",false,1,"GM0193"
"20230086411",2023,"Letsel",1,"Fiets",\N,"Eenzijdig","Kruispunt, 4 takken",30,"Niet brandend","Daglicht","Droog",\N,\N,"Geestbrugkade","Rijswijk","Rijswijk","Zuid-Holland",false,52.058953,4.344629,"injury","2","clear",false,1,\N
"20230087571",2023,"Uitsluitend materiele schade",2,"Bromfiets","Fiets","Kop/staart","Rechte weg",30,"Niet brandend","Daglicht","Droog",\N,"219439021","Kogendijk","Bergen (NH)","Bergen (NH)","Noord-Holland",false,52.664019,4.719674,"material damage only","4","clear",false,1,\N
"20230092915",2023,"Letsel",3,"Personenauto","Fiets","Onbekend","Kruispunt, 4 takken",50,"Brandend","Duisternis","Droog",\N,\N,"P.S. Gerbrandyhof","Hoogezand","Midden-Groningen","Groningen",false,53.15263,6.756546,"injury","2","clear",false,1,"GM1952"
"20230080612",2023,"Uitsluitend materiele schade",2,"Personenauto","Fiets","Flank","Rechte weg",30,"Niet brandend","Daglicht","Droog",\N,\N,"Hastelweg","Eindhoven","Eindhoven","Noord-Brabant",false,51.43615,5.451636,"material damage only","4","clear",false,1,"GM0772"
"20230084725",2023,"Uitsluitend materiele schade",2,"Personenauto","Fiets","Flank","Kruispunt, 4 takken",50,"Niet brandend","Daglicht","Droog",\N,\N,"'t Zand","Utrecht","Utrecht","Utrecht",false,52.095415,5.045763,"material damage only","4","clear",false,1,"GM0344"
"20230095259",2023,"Letsel",2,"Personenauto","Fiets","Geparkeerd voertuig","Kruispunt, 3 takken",30,"Niet brandend","Daglicht","Regen","Parkeervoorziening",\N,"Markt","Beverwijk","Beverwijk","Noord-Holland",false,52.48262,4.655317,"injury","2","rain",false,1,"GM0375"
"20230096972",2023,"Uitsluitend materiele schade",2,"Personenauto","Fiets","Flank","Rechte weg",50,"Niet aanwezig","Daglicht","Regen",\N,"240369074","Reijnier Vinkeleskade","Amsterdam","Amsterdam","Noord-Holland",false,52.351323,4.879547,"material damage only","4","rain",false,1,"GM0363"
"20230087634",2023,"Letsel",2,"Personenauto","Fiets","Flank","Kruispunt, 4 takken",50,"Niet brandend","Daglicht","Regen",\N,\N,"0047 BRUG","Amsterdam","Amsterdam","Noord-Holland",false,52.368843,4.884826,"injury","2","rain",false,1,"GM0363"
"20230095284",2023,"Uitsluitend materiele schade",3,"Personenauto","Fiets","Onbekend","Rechte weg",50,"Niet brandend","Schemer","Droog","Brug/viaduct","600493831","Burgemeester Padmosweg","Wilnis","De Ronde Venen","Utrecht",false,52.199182,4.873275,"material damage only","4","clear",false,1,"GM0736"
"20230098179",2023,"Letsel",2,"Personenauto","Fiets","Flank","Rotonde",50,"Brandend","Duisternis","Regen",\N,\N,"Purmerweg","Purmerend","Purmerend","Noord-Holland",false,52.504207,4.963645,"injury","2","rain",false,1,"GM0439"
"20230101737",2023,"Letsel",2,"Personenauto","e-bike","Onbekend","Rotonde",50,"Niet aanwezig","Daglicht","Regen",\N,\N,"Kolblei","Bodegraven","Bodegraven-Reeuwijk","Zuid-Holland",false,52.076427,4.76,"injury","2","rain",false,1,"GM1901"
"20230101761",2023,"Uitsluitend materiele schade",2,"Personenauto","Fiets","Onbekend","Bocht",30,"Niet brandend","Daglicht","Droog",\N,"218293085","Cronjéstraat","Gouda","Gouda","Zuid-Holland",false,52.007821,4.721247,"material damage only","4","clear",false,1,"GM0513"
"20230106239",2023,"Uitsluitend materiele schade",2,"Fiets","Personenauto","Flank","Kruispunt, 4 takken",50,"Brandend","Duisternis","Droog",\N,\N,"Abraham Kuyperweg","Dordrecht","Dordrecht","Zuid-Holland",false,51.788864,4.666966,"material damage only","4","clear",false,1,"GM0505"
"20230084235",2023,"Uitsluitend materiele schade",2,"Bromfiets","Fiets","Flank","Kruispunt, 3 takken",50,"Niet brandend","Daglicht","Droog",\N,\N,"Provincialeweg","Zaandam","Zaanstad","Noord-Holland",false,52.427328,4.826916,"material damage only","4","clear",false,1,"GM0479"
"20230088272",2023,"Letsel",2,"Vrachtauto","Fiets","Eenzijdig","Kruispunt, 4 takken",50,"Niet brandend","Daglicht","Droog",\N,\N,"Ceintuurbaan","Amsterdam","Amsterdam","Noord-Holland",false,52.354171,4.899141,"injury","2","clear",false,1,"GM0363"
"20230088875",2023,"Letsel",2,"Personenauto","Fiets","Onbekend","Rechte weg",30,"Niet aanwezig","Daglicht","Droog",\N,"185275076","Meent","Rotterdam","Rotterdam","Zuid-Holland",false,51.923536,4.485279,"injury","2","clear",false,1,"GM0599"
"20230106685",2023,"Letsel",2,"e-bike","Personenauto","Onbekend","Kruispunt, 4 takken",50,"Niet brandend","Daglicht","Droog",\N,"600634081","FIETSPAD","Ridderkerk","Ridderkerk","Zuid-Holland",false,51.886419,4.58064,"injury","2","clear",false,1,"GM0597"
"20230081314",2023,"Letsel",2,"Personenauto","Fiets","Flank","Rechte weg",50,"Niet brandend","Daglicht","Droog","Bus-/Tramhalte","600768731","Kasterenlaan","Tilburg","Tilburg","Noord-Brabant",false,51.5773,5.002152,"injury","2","clear",false,1,"GM0855"
"20230081318",2023,"Uitsluitend materiele schade",2,"Personenauto","Fiets","Onbekend","Kruispunt, 3 takken",50,"Niet brandend","Daglicht","Droog",\N,\N,"Overwolde","Hoogvliet Rotterdam","Rotterdam","Zuid-Holland",false,51.859714,4.361812,"material damage only","4","clear",false,1,"GM0599"
"20230091288",2023,"Uitsluitend materiele schade",2,"Personenauto","Fiets","Flank","Rotonde",50,"Niet brandend","Daglicht","Regen",\N,\N,"Sibemaweg","Maastricht","Maastricht","Limburg",false,50.845421,5.718851,"material damage only","4","rain",false,1,"GM0935"
"20230101054",2023,"Letsel",2,"Personenauto","Fiets","Frontaal","Rotonde",50,"Niet brandend","Daglicht","Droog",\N,\N,"Kerkenbos","Zoetermeer","Zoetermeer","Zuid-Holland",false,52.055784,4.472049,"injury","2","clear",false,1,"GM0637"
"20230103737",2023,"Letsel",2,"Personenauto","Fiets","Flank","Rotonde",50,"Niet brandend","Daglicht","Mist",\N,\N,"John Mottweg","Rotterdam","Rotterdam","Zuid-Holland",false,51.956788,4.532127,"injury","2","fog",false,1,"GM0599"
"20230105337",2023,"Uitsluitend materiele schade",2,"Bromfiets","Fiets","Flank","Kruispunt, 3 takken",30,"Niet brandend","Daglicht","Droog",\N,"600958579","Operaplein","Apeldoorn","Apeldoorn","Gelderland",false,52.229207,5.986317,"material damage only","4","clear",false,1,"GM0200"
"20230105973",2023,"Letsel",2,"Fiets","Fiets","Onbekend","Kruispunt, 3 takken",50,"Niet brandend","Daglicht","Droog",\N,\N,"Kerkstraat","Alphen","West Maas en Waal","Gelderland",false,51.821263,5.474727,"injury","2","clear",false,1,"GM0668"
"20230081944",2023,"Uitsluitend materiele schade",2,"Fiets","Overig vast object","Vast voorwerp","Rechte weg",30,"Niet brandend","Daglicht","Droog",\N,"369076001","Walramstraat","Born","Sittard-Geleen","Limburg",false,51.033908,5.814484,"material damage only","4","clear",false,1,"GM1883"
"20230083678",2023,"Uitsluitend materiele schade",2,"Personenauto","Fiets","Flank","Kruispunt, 4 takken",30,"Niet brandend","Daglicht","Droog",\N,\N,"Kaatsland","Sneek","Súdwest-Fryslân","Friesland",false,53.027147,5.65355,"material damage only","4","clear",false,1,"GM1900"
"20230089516",2023,"Letsel",1,"Fiets",\N,"Eenzijdig","Rechte weg",30,"Brandend","Duisternis","Droog",\N,"600372320","Oude Delft","Delft","Delft","Zuid-Holland",false,52.009561,4.357788,"injury","2","clear",false,1,"GM0503"
"20230100474",2023,"Uitsluitend materiele schade",2,"Personenauto","Fiets","Flank","Kruispunt, 4 takken",50,"Niet brandend","Daglicht","Droog",\N,\N,"Graafsebaan","Rosmalen","'s-Hertogenbosch","Noord-Brabant",false,51.702352,5.35515,"material damage only","4","clear",false,1,"GM0796"
"20230101465",2023,"Uitsluitend materiele schade",2,"Personenauto","Fiets","Flank","Rotonde",50,"Niet brandend","Daglicht","Droog",\N,\N,"Groenendaal","Krimpen aan den IJssel","Krimpen aan den IJssel","Zuid-Holland",false,51.9188,4.602357,"material damage only","4","clear",false,1,"GM0542"
"20230103791",2023,"Letsel",2,"Personenauto","Fiets","Flank","Kruispunt, 3 takken",30,"Brandend","Duisternis","Regen",\N,\N,"Prinses Beatrixlaan","Rotterdam","Rotterdam","Zuid-Holland",false,51.926579,4.527943,"injury","2","rain",false,1,"GM0599"
"20230094265",2023,"Uitsluitend materiele schade",3,"Personenauto","e-bike","Onbekend","Kruispunt, 3 takken",60,"Brandend","Schemer","Droog",\N,\N,"Winterdijk","Oosterwolde Gld","Oldebroek","Gelderland",false,52.471498,5.882711,"material damage only","4","clear",false,1,"GM0269"
"20230079695",2023,"Uitsluitend materiele schade",2,"Personenauto","Fiets","Kop/staart","Kruispunt, 4 takken",50,"Niet aanwezig","Daglicht","Droog",\N,\N,"Wilhelminasingel","Breda","Breda","Noord-Brabant",false,51.580621,4.777622,"material damage only","4","clear",false,1,"GM0758"
"20230084399",2023,"Uitsluitend materiele schade",2,"Personenauto","Fiets","Flank","Kruispunt, 4 takken",30,"Niet brandend","Daglicht","Regen",\N,\N,"FIETSPAD","Driebergen-Rijsenburg","Zeist","Utrecht",false,52.066253,5.258465,"material damage only","4","rain",false,1,"GM0355"
"20230091413",2023,"Uitsluitend materiele schade",2,"Bestelauto","Fiets","Onbekend","Rechte weg",30,"Brandend","Duisternis","Droog",\N,\N,"Gildelaan","Eindhoven","Eindhoven","Noord-Brabant",false,51.4477,5.475409,"material damage only","4","clear",false,1,"GM0772"
"20230093205",2023,"Letsel",2,"Personenauto","Fiets","Frontaal","Bocht",30,"Niet brandend","Daglicht","Droog",\N,"600460102","Hoog Maanen","Ede","Ede","Gelderland",false,52.028283,5.666767,"injury","2","clear",false,1,"GM0228"
"20230096053",2023,"Uitsluitend materiele schade",2,"Personenauto","Fiets","Flank","Kruispunt, 3 takken",30,"Niet brandend","Daglicht","Regen",\N,\N,"De Sluis","Dronten","Dronten","Flevoland",false,52.524751,5.714342,"material damage only","4","rain",false,1,"GM0303"
"20230107268",2023,"Letsel",1,"Fiets",\N,"Eenzijdig","Rechte weg",50,"Niet aanwezig","Duisternis","Regen",\N,"601089604","Weena","Rotterdam","Rotterdam","Zuid-Holland",false,51.922675,4.464488,"injury","2","rain",false,1,"GM0599"
"20230087913",2023,"Letsel",2,"Personenauto","e-bike","Flank","Kruispunt, 3 takken",50,"Niet brandend","Daglicht","Droog",\N,\N,"Helderseweg","Alkmaar","Alkmaar","Noord-Holland",false,52.641375,4.745103,"injury","2","clear",false,1,"GM0361"
"20230091456",2023,"Uitsluitend materiele schade",2,"Bromfiets","Fiets","Flank","Rechte weg",30,"Niet brandend","Daglicht","Droog",\N,"600716679","Antwerpsestraatweg","Hoogerheide","Woensdrecht","Noord-Brabant",false,51.431687,4.318792,"material damage only","4","clear",false,1,"GM0873"
"20230092052",2023,"Letsel",2,"Fiets","Fiets","Frontaal","Rechte weg",50,"Brandend","Schemer","Regen",\N,"600976925","Vincent van Goghstraat","Breda","Breda","Noord-Brabant",false,51.582377,4.760844,"injury","2","rain",false,1,"GM0758"
"20230099024",2023,"Letsel",2,"Personenauto","Fiets","Flank","Bocht",60,"Niet brandend","Daglicht","Droog",\N,"372215004","Broek","Wanroij","Land van Cuijk","Noord-Brabant",false,51.667144,5.847883,"injury","2","clear",false,1,"GM1982"
"20230102877",2023,"Uitsluitend materiele schade",1,"Fiets",\N,"Frontaal","Kruispunt, 4 takken",50,"Brandend","Duisternis","Regen",\N,\N,"Burgemeester Röellstraat","Amsterdam","Amsterdam","Noord-Holland",false,52.374526,4.82712,"material damage only","4","rain",false,1,"GM0363"
"20230080360",2023,"Letsel",3,"Bestelauto","Fiets","Eenzijdig","Rechte weg",50,"Niet brandend","Daglicht","Droog",\N,"600705875","Badhuisstraat","Vlissingen","Vlissingen","Zeeland",false,51.447298,3.567111,"injury","2","clear",false,1,"GM0718"
"20230080943",2023,"Letsel",2,"Personenauto","Fiets","Flank","Kruispunt, 4 takken",50,"Niet brandend","Daglicht","Droog",\N,\N,"Lage Witsiebaan","Tilburg","Tilburg","Noord-Brabant",false,51.573067,5.061806,"injury","2","clear",false,1,"GM0855"
"20230089699",2023,"Letsel",2,"Personenauto","Fiets","Flank","Kruispunt, 4 takken",50,"Niet brandend","Daglicht","Regen","Tunnel",\N,"Binckhorstlaan","'s-Gravenhage","'s-Gravenhage","Zuid-Holland",false,52.075364,4.329458,"injury","2","rain",false,1,"GM0518"
"20230081579",2023,"Letsel",2,"Fiets","Personenauto","Onbekend","Bocht",50,"Niet brandend","Daglicht","Droog",\N,\N,"Tempellaan","Eindhoven","Eindhoven","Noord-Brabant",false,51.483977,5.477948,"injury","2","clear",false,1,"GM0772"
"20230086800",2023,"Letsel",2,"Personenauto","Fiets","Flank","Rechte weg",50,"Niet brandend","Daglicht","Droog",\N,"175312089","Oostvlietweg","Leidschendam","Leidschendam-Voorburg","Zuid-Holland",false,52.098493,4.422152,"injury","2","clear",false,1,"GM1916"
"20230089147",2023,"Uitsluitend materiele schade",2,"Personenauto","Fiets","Onbekend","Bocht",50,"Niet brandend","Daglicht","Droog",\N,"187277052","Pijperstraat","Rotterdam","Rotterdam","Zuid-Holland",false,51.932606,4.496135,"material damage only","4","clear",false,1,"GM0599"
"20230079868",2023,"Letsel",2,"Fiets","Bestelauto","Flank","Rotonde",50,"Niet aanwezig","Daglicht","Regen",\N,\N,"John Mottweg","Rotterdam","Rotterdam","Zuid-Holland",false,51.956803,4.532233,"injury","2","rain",false,1,"GM0599"
"20230081597",2023,"Letsel",2,"Personenauto","Fiets","Flank","Kruispunt, 4 takken",50,"Niet brandend","Daglicht","Droog",\N,\N,"Zwaluwlaan","Schiedam","Schiedam","Zuid-Holland",false,51.93423,4.378521,"injury","2","clear",false,1,"GM0606"
"20230082814",2023,"Uitsluitend materiele schade",2,"Bestelauto","e-bike","Flank","Rotonde",50,"Niet brandend","Daglicht","Droog",\N,\N,"Oude Veemarkt","Leeuwarden","Leeuwarden","Friesland",false,53.197051,5.789295,"material damage only","4","clear",false,1,"GM0080"
"20230089789",2023,"Uitsluitend materiele schade",2,"Personenauto","Fiets","Flank","Kruispunt, 3 takken",50,\N,"Daglicht","Regen",\N,\N,"Sandifortdreef","Leiden","Leiden","Zuid-Holland",false,52.170007,4.477214,"material damage only","4","rain",false,1,"GM0546"
"20230090984",2023,"Uitsluitend materiele schade",2,"Bromfiets","Fiets","Frontaal","Kruispunt, 3 takken",30,"Niet brandend","Daglicht","Droog",\N,\N,"Venusstraat","Asten","Asten","Noord-Brabant",false,51.410153,5.749202,"material damage only","4","clear",false,1,"GM0743"
"20230093342",2023,"Uitsluitend materiele schade",2,"Personenauto","Fiets","Flank","Rechte weg",50,"Niet brandend","Daglicht","Regen",\N,"600856934","Noorwegenstraat","Deventer","Deventer","Overijssel",false,52.240895,6.181731,"material damage only","4","rain",false,1,"GM0150"
"20230095654",2023,"Letsel",2,"Personenauto","Fiets","Flank","Kruispunt, 4 takken",30,"Brandend","Schemer","Regen",\N,\N,"Orinocodreef","Utrecht","Utrecht","Utrecht",false,52.121283,5.093128,"injury","2","rain",false,1,"GM0344"
"20230081650",2023,"Letsel",2,"Bestelauto","Fiets","Kop/staart","Rechte weg",60,"Niet brandend","Daglicht","Droog",\N,"188184008","de Schietbaan","Rucphen","Rucphen","Noord-Brabant",true,51.518003,4.516357,"injury","2","clear",false,1,"GM0840"
"20230083413",2023,"Letsel",2,"Personenauto","Fiets","Flank","Kruispunt, 3 takken",80,"Niet brandend","Daglicht","Droog",\N,\N,"Getswerderdyk","Franeker","Waadhoeke","Friesland",false,53.201681,5.513353,"injury","2","clear",false,1,"GM1949"
"20230088043",2023,"Letsel",3,"Bromfiets","Fiets","Flank","Kruispunt, 4 takken",50,"Brandend","Duisternis","Droog",\N,\N,"Johan Huizingalaan","Amsterdam","Amsterdam","Noord-Holland",true,52.351538,4.827304,"injury","2","clear",false,1,"GM0363"
"20230092202",2023,"Uitsluitend materiele schade",2,"Personenauto","Fiets","Flank","Rotonde",50,"Niet aanwezig","Daglicht","Regen",\N,\N,"Heusdenhoutsestraat","Breda","Breda","Noord-Brabant",false,51.588586,4.820385,"material damage only","4","rain",false,1,"GM0758"
"20230095691",2023,"Uitsluitend materiele schade",3,"Fiets","Personenauto","Onbekend","Kruispunt, 4 takken",30,"Niet brandend","Daglicht","Droog",\N,\N,"Het Bildt","Lelystad","Lelystad","Flevoland",false,52.49874,5.4728,"material damage only","4","clear",false,1,"GM0995"
"20230096813",2023,"Uitsluitend materiele schade",2,"Fiets","Fiets","Frontaal","Rechte weg",50,"Brandend","Duisternis","Regen",\N,"600605247","Laan van Westroijen","Tiel","Tiel","Gelderland",false,51.896922,5.428866,"material damage only","4","rain",false,1,"GM0281"
"20230082300",2023,"Letsel",2,"Personenauto","Fiets","Flank","Kruispunt, 4 takken",50,"Niet brandend","Daglicht","Droog",\N,\N,"Cannerplein","Maastricht","Maastricht","Limburg",true,50.844026,5.678943,"injury","2","clear",false,1,"GM0935"
"20230082883",2023,"Uitsluitend materiele schade",2,"Personenauto","Fiets","Flank","Kruispunt, 3 takken",50,"Niet brandend","Daglicht","Droog",\N,\N,"Klaverstraat","Nijmegen","Nijmegen","Gelderland",false,51.840368,5.838466,"material damage only","4","clear",false,1,"GM0268"
"20230087503",2023,"Uitsluitend materiele schade",2,"Bromfiets","Fiets","Flank","Rechte weg",30,"Niet brandend","Daglicht","Droog",\N,"600759522","Amsterdamseweg","Amstelveen","Amstelveen","Noord-Holland",false,52.305957,4.846647,"material damage only","4","clear",false,1,"GM0362"
"20240001968",2024,"Letsel",2,"Personenauto","Fiets","Flank","Kruispunt, 3 takken",50,"Niet brandend","Daglicht","Regen",\N,\N,"Straelseweg","Venlo","Venlo","Limburg",false,51.37275,6.174719,"injury","2","rain",false,1,"GM0983"
"20220005796",2022,"Uitsluitend materiele schade",2,"Personenauto","Fiets","Flank","Rotonde",50,"Brandend","Duisternis","Droog",\N,\N,"Terborgseweg","Dinxperlo","Aalten","Gelderland",false,51.863818,6.48787,"material damage only","4","clear",false,1,"GM0197"
"20220006589",2022,"Uitsluitend materiele schade",2,"Personenauto","Fiets","Flank","Rotonde",50,"Brandend","Schemer","Droog",\N,\N,"Debbeshoek","Ulft","Oude IJsselstreek","Gelderland",false,51.888562,6.376372,"material damage only","4","clear",false,1,"GM1509"
"20230000139",2023,"Letsel",2,"Fiets","Fiets","Onbekend","Rechte weg",50,"Niet brandend","Daglicht","Droog",\N,"503352031","Bongertsweg","Hengelo","Hengelo (O)","Overijssel",false,52.265806,6.804503,"injury","2","clear",false,1,\N
"20220094965",2022,"Uitsluitend materiele schade",2,"Personenauto","Fiets","Flank","Kruispunt, 4 takken",50,"Niet aanwezig","Duisternis","Droog",\N,\N,"Zuiderval","Enschede","Enschede","Overijssel",false,52.210317,6.889111,"material damage only","4","clear",false,1,"GM0153"
"20220125439",2022,"Letsel",2,"Bestelauto","Fiets","Flank","Kruispunt, 4 takken",30,"Niet brandend","Daglicht","Droog",\N,\N,"IJzerweg","Alphen aan den Rijn","Alphen aan den Rijn","Zuid-Holland",false,52.15056,4.651454,"injury","2","clear",false,1,"GM0484"
"20220062368",2022,"Letsel",3,"Personenauto","Fiets","Onbekend","Kruispunt, 4 takken",50,"Brandend","Duisternis","Regen",\N,\N,"SCHIEDAM 11","Schiedam","Schiedam","Zuid-Holland",false,51.92733,4.404036,"injury","2","rain",false,1,"GM0606"
"20220086234",2022,"Letsel",2,"Snorfiets","e-bike","Frontaal","Rotonde",30,"Brandend","Duisternis","Droog",\N,\N,"Wagenstraat","Maassluis","Maassluis","Zuid-Holland",false,51.925162,4.250387,"injury","2","clear",false,1,"GM0556"
"20220119520",2022,"Uitsluitend materiele schade",2,"Fiets","Personenauto","Flank","Kruispunt, 4 takken",50,"Niet brandend","Daglicht","Regen",\N,\N,"Werkhovenseweg","Odijk","Bunnik","Utrecht",false,52.048065,5.228951,"material damage only","4","rain",false,1,"GM0312"
"20240004102",2024,"Letsel",2,"Snorfiets","Fiets","Onbekend","Rechte weg",30,"Niet brandend","Schemer","Sneeuw/Hagel","Brug/viaduct","601046793","Europaweg","Groningen","Groningen","Groningen",false,53.216992,6.580012,"injury","2","unknown",false,1,"GM0014"
"20220076096",2022,"Uitsluitend materiele schade",2,"Personenauto","Fiets","Flank","Kruispunt, 4 takken",80,"Niet aanwezig","Daglicht","Droog",\N,\N,"Rijndijk","Lienden","Buren","Gelderland",false,51.932989,5.551086,"material damage only","4","clear",false,1,"GM0214"
"20220089189",2022,"Uitsluitend materiele schade",2,"Personenauto","Fiets","Flank","Kruispunt, 4 takken",\N,"Niet brandend","Daglicht","Droog",\N,"282223034","Nieuwkuijksestraat","Nieuwkuijk","Heusden","Noord-Brabant",false,51.692326,5.186451,"material damage only","4","clear",false,1,"GM0797"
"20220091032",2022,"Uitsluitend materiele schade",2,"Personenauto","e-bike","Flank","Kruispunt, 3 takken",30,"Niet brandend","Daglicht","Droog",\N,\N,"P wg Roermond-Posterholt","Sint Odiliënberg","Roerdalen","Limburg",false,51.144355,6.00604,"material damage only","4","clear",false,1,"GM1669"
"20220019650",2022,"Uitsluitend materiele schade",2,"Snorfiets","Fiets","Flank","Kruispunt, 4 takken",\N,"Niet brandend","Daglicht",\N,\N,\N,"Engelendaal","Leiderdorp","Leiderdorp","Zuid-Holland",false,52.166148,4.52557,"material damage only","4","unknown",false,1,"GM0547"
"20220033515",2022,"Uitsluitend materiele schade",2,"Personenauto","Fiets","Flank","Kruispunt, 4 takken",50,"Niet brandend","Daglicht","Droog",\N,\N,"Bedrijvenweg","Doetinchem","Doetinchem","Gelderland",false,51.95201,6.288742,"material damage only","4","clear",false,1,"GM0222"
"20220035474",2022,"Letsel",2,"Bestelauto","Fiets","Flank","Kruispunt, 3 takken",80,"Niet brandend","Daglicht","Droog","Brug/viaduct",\N,"Medemblikkerweg","Wieringerwerf","Hollands Kroon","Noord-Holland",false,52.822783,5.024535,"injury","2","clear",false,1,"GM1911"
"20220053654",2022,"Uitsluitend materiele schade",1,"Fiets",\N,"Eenzijdig","Rechte weg",50,"Niet brandend","Daglicht","Droog",\N,"207374019","Rustenburgerlaan","Haarlem","Haarlem","Noord-Holland",false,52.372425,4.637495,"material damage only","4","clear",false,1,"GM0392"
"20220053689",2022,"Uitsluitend materiele schade",2,"Personenauto","Fiets","Flank","Kruispunt, 4 takken",50,"Niet brandend","Daglicht","Droog",\N,\N,"Blauwe Berg","Hoorn","Hoorn","Noord-Holland",false,52.650117,5.045958,"material damage only","4","clear",false,1,"GM0405"
"20220066718",2022,"Letsel",2,"Personenauto","Fiets","Flank","Rechte weg",30,"Niet brandend","Daglicht","Droog",\N,"600623309","Brugstraat","'s-Hertogenbosch","'s-Hertogenbosch","Noord-Brabant",false,51.694208,5.298894,"injury","2","clear",false,1,"GM0796"
"20220086036",2022,"Uitsluitend materiele schade",2,"Fiets","Personenauto","Flank","Rechte weg",30,"Niet brandend","Daglicht","Droog",\N,"213255037","Paulus Potterstraat","Papendrecht","Papendrecht","Zuid-Holland",false,51.834496,4.687934,"material damage only","4","clear",false,1,"GM0590"
"20220089935",2022,"Uitsluitend materiele schade",2,"Personenauto","e-bike","Frontaal","Kruispunt, 3 takken",30,"Niet brandend","Daglicht","Droog",\N,\N,"Sjef Gerrisstraat","Helmond","Helmond","Noord-Brabant",false,51.478083,5.669665,"material damage only","4","clear",false,1,"GM0794"
"20220103332",2022,"Letsel",2,"Motor","e-bike","Frontaal","Rechte weg",50,"Niet brandend","Daglicht","Droog",\N,"600699936","Stadionplein","Amsterdam","Amsterdam","Noord-Holland",false,52.342841,4.857093,"injury","2","clear",false,1,"GM0363"
"20220039315",2022,"Letsel",3,"Fiets","Fiets","Los voorwerp","Rechte weg",50,"Niet brandend","Daglicht",\N,\N,"322166049","Keizersgracht","Eindhoven","Eindhoven","Noord-Brabant",false,51.437031,5.477455,"injury","2","unknown",false,1,"GM0772"