"accident_id","year","severity_raw","party_count","party1_type","party2_type","accident_type","road_situation","speed_limit_kmh","road_lighting","light_condition_label","weather_raw","infra_type","road_segment_id","street_name","place_name","gemeente_name_raw","province","alcohol_indicated","latitude","longitude","severity_label","severity_code","weather_label","built_up_area","cyclists_involved","gemeente_code"
"20220055206",2022,"Uitsluitend materiele schade",2,"Personenauto","Fiets","Los voorwerp","Kruispunt, 4 takken",50,"Brandend","Duisternis",\N,\N,\N,"Da Costakade","Amsterdam","Amsterdam","Noord-Holland",false,52.367673,4.873823,"material damage only","4","unknown",false,1,"GM0363"
"20220066798",2022,"Uitsluitend materiele schade",2,"Personenauto","Fiets","Flank","Rotonde",50,"Niet brandend","Daglicht","Droog",\N,"600507370","FIETSPAD","'s-Hertogenbosch","'s-Hertogenbosch","Noord-Brabant",false,51.697334,5.266602,"material damage only","4","clear",false,1,"GM0796"
"20220066832",2022,"Letsel",2,"Personenauto","e-bike","Flank","Rechte weg",60,"Niet brandend","Daglicht","Droog",\N,"274217002","Torenstraat","Drunen","Heusden","Noord-Brabant",false,51.671376,5.129551,"injury","2","clear",false,1,"GM0797"
"20220069944",2022,"Letsel",2,"Bromfiets","Fiets","Flank","Rechte weg",50,"Niet brandend","Daglicht","Droog",\N,"406040005","O.L.Vrouwestraat","Kerkrade","Kerkrade","Limburg",false,50.867796,6.07002,"injury","2","clear",false,1,"GM0928"
"20220071682",2022,"Uitsluitend materiele schade",2,"Bromfiets","Fiets","Kop/staart","Rechte weg",30,"Brandend","Duisternis","Droog",\N,"364558104","Wirdumerdijk","Leeuwarden","Leeuwarden","Friesland",false,53.200288,5.796956,"material damage only","4","clear",false,1,"GM0080"
"20220079823",2022,"Letsel",3,"Vrachtauto","e-bike","Los voorwerp","Rechte weg",50,"Niet brandend","Daglicht","Droog",\N,"208379099","Schoterweg","Haarlem","Haarlem","Noord-Holland",false,52.395333,4.641257,"injury","2","clear",false,1,"GM0392"
"20220109238",2022,"Uitsluitend materiele schade",2,"Personenauto","Fiets","Flank","Rechte weg",30,"Brandend","Duisternis","Droog",\N,"600388473","De Savornin Lohmanstraat","Tilburg","Tilburg","Noord-Brabant",false,51.565851,5.05717,"material damage only","4","clear",false,1,"GM0855"
"20220044912",2022,"Uitsluitend materiele schade",2,"Personenauto","Fiets","Flank","Kruispunt, 3 takken",50,"Niet brandend","Daglicht","Droog",\N,\N,"Middachtensingel","Arnhem","Arnhem","Gelderland",false,51.984298,5.957331,"material damage only","4","clear",false,1,"GM0202"
"20220058204",2022,"Uitsluitend materiele schade",3,"Personenauto","Fiets","Onbekend","Rechte weg",30,"Niet brandend","Daglicht","Droog",\N,"172302091","Windlusthof","Nootdorp","Pijnacker-Nootdorp","Zuid-Holland",false,52.043672,4.38725,"material damage only","4","clear",false,1,"GM1926"
"20220079179",2022,"Uitsluitend materiele schade",2,"e-bike","Overig vast object","Vast voorwerp","Rechte weg",30,"Brandend","Duisternis",\N,\N,"207381003","Zaanenlaan","Haarlem","Haarlem","Noord-Holland",false,52.403681,4.633921,"material damage only","4","unknown",false,1,"GM0392"
"20220086231",2022,"Uitsluitend materiele schade",1,"e-bike",\N,"Onbekend",\N,30,\N,"Daglicht",\N,\N,"600913676","Zuider Kerkedijk","Rotterdam","Rotterdam","Zuid-Holland",false,51.885647,4.545091,"material damage only","4","unknown",false,1,"GM0599"
"20220009492",2022,"Letsel",2,"Bromfiets","Fiets","Kop/staart","Rechte weg",80,"Niet brandend","Daglicht","Droog",\N,"280315074","Blauwkapelseweg","De Bilt","De Bilt","Utrecht",false,52.106355,5.165314,"injury","2","clear",false,1,"GM0310"
"20220065552",2022,"Uitsluitend materiele schade",2,"Personenauto","Fiets","Flank","Kruispunt, 4 takken",50,"Brandend","Schemer","Droog",\N,\N,"Wilhelminasingel","Breda","Breda","Noord-Brabant",false,51.580621,4.777622,"material damage only","4","clear",false,1,"GM0758"
"20220082924",2022,"Uitsluitend materiele schade",3,"Snorfiets","Fiets","Onbekend","Rechte weg",30,"Niet brandend","Daglicht","Droog",\N,"600563564","President Kennedylaan","Alphen aan den Rijn","Alphen aan den Rijn","Zuid-Holland",false,52.142813,4.675485,"material damage only","4","clear",false,1,"GM0484"
"20220045209",2022,"Letsel",2,"Fiets","Fiets","Onbekend","Rechte weg",60,"Niet aanwezig","Daglicht","Droog",\N,"511384005","Tubbergerdijk","Nutter","Dinkelland","Overijssel",false,52.409048,6.869924,"injury","2","clear",false,1,"GM1774"
"20220048045",2022,"Letsel",2,"e-bike","Personenauto","Onbekend","Rechte weg",50,"Niet brandend","Daglicht","Droog",\N,"600810896","Van Dompselaerstraat","Barneveld","Barneveld","Gelderland",false,52.136632,5.589246,"injury","2","clear",false,1,"GM0203"
"20220050949",2022,"Uitsluitend materiele schade",2,"Personenauto","Fiets","Onbekend","Kruispunt, 3 takken",\N,"Niet brandend","Daglicht","Droog",\N,\N,"Hudsonstraat","Amersfoort","Amersfoort","Utrecht",false,52.164504,5.400658,"material damage only","4","clear",false,1,"GM0307"
"20220056829",2022,"Letsel",1,"Fiets",\N,"Eenzijdig","Kruispunt, 4 takken",50,"Niet brandend","Daglicht","Droog",\N,\N,"Loevesteinlaan","'s-Gravenhage","'s-Gravenhage","Zuid-Holland",false,52.045173,4.289589,"injury","2","clear",false,1,"GM0518"
"20220060855",2022,"Letsel",2,"Vrachtauto","Fiets","Flank","Kruispunt, 3 takken",50,"Niet brandend","Daglicht","Droog","Bus-/Tramhalte",\N,"Burgemeester Oudlaan","Rotterdam","Rotterdam","Zuid-Holland",false,51.917176,4.522799,"injury","2","clear",false,1,"GM0599"
"20220114713",2022,"Uitsluitend materiele schade",2,"Snorfiets","Fiets","Flank","Kruispunt, 3 takken",\N,"Niet brandend","Daglicht","Droog",\N,\N,"FIETSPAD","Emmen","Emmen","Drenthe",false,52.751685,6.885168,"material damage only","4","clear",false,1,"GM0114"
"20220025709",2022,"Letsel",1,"Fiets",\N,"Eenzijdig",\N,50,\N,"Duisternis",\N,\N,"270193074","Nieuwe Bosscheweg","Tilburg","Tilburg","Noord-Brabant",false,51.559774,5.101776,"injury","2","unknown",false,1,"GM0855"
"20220037862",2022,"Letsel",2,"Personenauto","Fiets","Flank","Kruispunt, 4 takken",30,"Niet brandend","Daglicht","Regen",\N,"197274062","Schonberglaan","Capelle aan den IJssel","Capelle aan den IJssel","Zuid-Holland",false,51.923129,4.571362,"injury","2","rain",false,1,"GM0502"
"20220046798",2022,"Letsel",2,"Personenauto","e-bike","Flank","Rechte weg",50,"Brandend","Duisternis","Droog",\N,"470394025","Linderflier","Vroomshoop","Twenterand","Overijssel",false,52.456373,6.565227,"injury","2","clear",false,1,"GM1700"
"20220050968",2022,"Uitsluitend materiele schade",2,"Bromfiets","Fiets","Flank","Kruispunt, 3 takken",\N,"Niet brandend","Daglicht","Droog",\N,\N,"Mineurslaan","Utrecht","Utrecht","Utrecht",false,52.090594,5.106077,"material damage only","4","clear",false,1,"GM0344"
"20220063866",2022,"Letsel",2,"Personenauto","Fiets","Flank","Kruispunt, 3 takken",50,"Niet brandend","Daglicht","Droog",\N,\N,"Alvarezlaan","Terneuzen","Terneuzen","Zeeland",false,51.3195,3.846138,"injury","2","clear",false,1,"GM0715"
"20220094278",2022,"Uitsluitend materiele schade",2,"Bromfiets","Fiets","Kop/staart","Kruispunt, 3 takken",\N,"Brandend","Duisternis","Droog",\N,\N,"Archipelstraat","Nijmegen","Nijmegen","Gelderland",false,51.834801,5.859325,"material damage only","4","clear",false,1,"GM0268"
"20220045257",2022,"Letsel",1,"e-bike",\N,"Eenzijdig","Kruispunt, 4 takken",30,"Niet brandend","Daglicht","Droog",\N,\N,"Willemstraat","Doetinchem","Doetinchem","Gelderland",false,51.960528,6.298459,"injury","2","clear",false,1,"GM0222"
"20220046920",2022,"Uitsluitend materiele schade",2,"Personenauto","Fiets","Flank","Bocht",50,"Niet brandend","Daglicht","Droog",\N,"407406188","Rhijnvis Feithlaan","Zwolle","Zwolle","Overijssel",false,52.514515,6.106097,"material damage only","4","clear",false,1,"GM0193"
"20220083154",2022,"Uitsluitend materiele schade",2,"Bromfiets","Fiets","Flank","Kruispunt, 4 takken",30,"Niet brandend","Daglicht","Droog",\N,\N,"Steenschuur","Leiden","Leiden","Zuid-Holland",false,52.156358,4.493026,"material damage only","4","clear",false,1,"GM0546"
"20220106032",2022,"Letsel",2,"Personenauto","Fiets","Flank","Kruispunt, 3 takken",50,"Niet brandend","Daglicht","Droog",\N,\N,"Oud-Bodegraafseweg","Bodegraven","Bodegraven-Reeuwijk","Zuid-Holland",false,52.081546,4.739404,"injury","2","clear",false,1,"GM1901"
"20220014362",2022,"Letsel",3,"Vrachtauto","e-bike","Los voorwerp","Kruispunt, 3 takken",30,"Niet brandend","Daglicht","Droog",\N,\N,"Oostersingel","Medemblik","Medemblik","Noord-Holland",false,52.768583,5.109341,"injury","2","clear",false,1,"GM0420"
"20220038046",2022,"Letsel",2,"Personenauto","Fiets","Flank","Rechte weg",50,"Niet brandend","Daglicht","Droog",\N,"600536569","De Rik","Brielle","Voorne aan Zee","Zuid-Holland",true,51.896679,4.157846,"injury","2","clear",false,1,"GM1992"
"20220054275",2022,"Uitsluitend materiele schade",2,"Personenauto","Fiets","Flank","Rotonde",50,"Niet brandend","Daglicht","Droog",\N,\N,"Achterberglaan","Uithoorn","Uithoorn","Noord-Holland",false,52.243844,4.829522,"material damage only","4","clear",false,1,"GM0451"
"20220070627",2022,"Letsel",2,"Fiets","Fiets","Onbekend","Kruispunt, 4 takken",50,"Brandend","Duisternis","Droog",\N,\N,"Hoofdstraat","Meppel","Meppel","Drenthe",false,52.696094,6.190558,"injury","2","clear",false,1,"GM0119"
"20220107517",2022,"Uitsluitend materiele schade",2,"e-bike","Personenauto","Flank","Rotonde",50,"Niet brandend","Daglicht","Droog",\N,\N,"Droogbloem","Rotterdam","Rotterdam","Zuid-Holland",false,51.956356,4.532425,"material damage only","4","clear",false,1,"GM0599"
"20220108036",2022,"Uitsluitend materiele schade",2,"Personenauto","Fiets","Kop/staart","Rechte weg",50,"Niet brandend","Daglicht","Droog",\N,"211251108","Noordendijk","Dordrecht","Dordrecht","Zuid-Holland",false,51.816007,4.6769,"material damage only","4","clear",false,1,"GM0505"
"20220094956",2022,"Uitsluitend materiele schade",2,"Personenauto","Fiets","Frontaal","Kruispunt, 3 takken",50,"Niet brandend","Daglicht","Droog",\N,\N,"Noordeinde","Zevenaar","Zevenaar","Gelderland",false,51.933294,6.07448,"material damage only","4","clear",false,1,"GM0299"
"20220097483",2022,"Uitsluitend materiele schade",2,"Fiets","Voetganger","Voetganger","Rotonde",\N,"Niet brandend","Daglicht","Droog",\N,\N,"Kranenburgweg","Zwolle","Zwolle","Overijssel",false,52.527638,6.136916,"material damage only","4","clear",false,1,"GM0193"
"20220097775",2022,"Letsel",3,"Personenauto","Fiets","Onbekend","Rechte weg",60,"Niet brandend","Daglicht","Droog",\N,\N,"Molenweg","Vuren","West Betuwe","Gelderland",false,51.832151,5.048805,"injury","2","clear",false,1,"GM1960"
"20220083359",2022,"Letsel",2,"Personenauto","Fiets","Flank","Kruispunt, 3 takken",50,"Niet brandend","Daglicht","Droog",\N,\N,"Mient","'s-Gravenhage","'s-Gravenhage","Zuid-Holland",false,52.071252,4.271511,"injury","2","clear",false,1,"GM0518"
"20220100229",2022,"Letsel",2,"Fiets",\N,"Eenzijdig",\N,50,\N,"Daglicht",\N,\N,"600121091","Ravelijnweg","Den Helder","Den Helder","Noord-Holland",false,52.941839,4.769261,"injury","2","unknown",false,1,"GM0400"
"20220054497",2022,"Uitsluitend materiele schade",2,"Fiets","Personenauto","Flank","Rechte weg",30,"Brandend","Duisternis","Droog",\N,"243372057","Amstel","Amsterdam","Amsterdam","Noord-Holland",false,52.363828,4.901484,"material damage only","4","clear",false,1,"GM0363"
"20220067659",2022,"Letsel",1,"Fiets",\N,"Eenzijdig","Rechte weg",60,"Niet brandend","Daglicht","Droog",\N,"297193003","Koevoortseweg","Boxtel","Boxtel","Noord-Brabant",false,51.56036,5.296586,"injury","2","clear",false,1,"GM0757"
"20220086747",2022,"Uitsluitend materiele schade",2,"Personenauto","Fiets","Flank","Kruispunt, 4 takken",30,"Niet brandend","Daglicht",\N,\N,\N,"Tuinzigtlaan","Breda","Breda","Noord-Brabant",false,51.588314,4.750144,"material damage only","4","unknown",false,1,"GM0758"
"20220088434",2022,"Letsel",1,"Fiets",\N,"Eenzijdig",\N,30,\N,"Schemer",\N,\N,"267209020","Berkenlaan","Loon op Zand","Loon op Zand","Noord-Brabant",false,51.629372,5.0772,"injury","2","unknown",false,1,"GM0809"
"20220097198",2022,"Uitsluitend materiele schade",1,"e-bike",\N,"Voetganger","Kruispunt, 4 takken",30,"Brandend","Duisternis","Droog",\N,\N,"Korte Hoogstraat","Arnhem","Arnhem","Gelderland",false,51.982395,5.903254,"material damage only","4","clear",false,1,"GM0202"
"20220014726",2022,"Letsel",2,"e-bike","Overig vast object","Vast voorwerp","Rechte weg",\N,"Niet brandend","Daglicht",\N,\N,"234439027","Middenweg","Heerhugowaard","Dijk en Waard","Noord-Holland",false,52.662335,4.831794,"injury","2","unknown",false,1,"GM1980"
"20220018529",2022,"Uitsluitend materiele schade",2,"Personenauto","Fiets","Flank","Rotonde",50,"Brandend","Duisternis",\N,\N,\N,"Stadhoudersplein","Wassenaar","Wassenaar","Zuid-Holland",false,52.144767,4.403548,"material damage only","4","unknown",false,1,"GM0629"
"20220018578",2022,"Uitsluitend materiele schade",2,"Bromfiets","Fiets","Onbekend","Rechte weg",60,"Brandend","Duisternis","Droog",\N,"189345035","'s-Gravendamseweg","Voorhout","Teylingen","Zuid-Holland",false,52.239198,4.504365,"material damage only","4","clear",false,1,"GM1525"
"20220053214",2022,"Letsel",2,"Personenauto","e-bike","Frontaal","Rechte weg",50,"Niet aanwezig","Daglicht","Droog",\N,"224458001","Terpweg","Sint Maarten","Schagen","Noord-Holland",false,52.75206,4.757806,"injury","2","clear",false,1,"GM0441"
"20220098177",2022,"Letsel",2,"Personenauto","Fiets","Geparkeerd voertuig","Rechte weg",30,"Niet brandend","Daglicht","Droog",\N,"269267054","Kerkstraat","Leerdam","Vijfheerenlanden","Utrecht",false,51.890573,5.092449,"injury","2","clear",false,1,"GM1961"
"20220099308",2022,"Uitsluitend materiele schade",2,"Personenauto","e-bike","Flank","Rotonde",50,"Niet brandend","Daglicht","Droog",\N,\N,"Vijgendam","Veenendaal","Veenendaal","Utrecht",false,52.028321,5.564276,"material damage only","4","clear",false,1,"GM0345"
"20220099309",2022,"Letsel",3,"Bestelauto","Fiets","Onbekend","Kruispunt, 3 takken",30,"Niet brandend","Daglicht","Droog",\N,\N,"Gooibergstraat","Bussum","Gooise Meren","Noord-Holland",false,52.270097,5.16271,"injury","2","clear",false,1,"GM1942"
"20220100432",2022,"Letsel",2,"Personenauto","e-bike","Flank","Rotonde",50,"Niet brandend","Daglicht","Droog",\N,\N,"Beneluxlaan","Heemskerk","Heemskerk","Noord-Holland",false,52.496448,4.678717,"injury","2","clear",false,1,"GM0396"
"20220100838",2022,"Uitsluitend materiele schade",2,"Personenauto","Fiets","Flank","Rotonde",50,"Niet brandend","Daglicht","Droog",\N,\N,"Westerdreef","Nieuw-Vennep","Haarlemmermeer","Noord-Holland",false,52.268873,4.626843,"material damage only","4","clear",false,1,"GM0394"
"20220014833",2022,"Uitsluitend materiele schade",2,"Personenauto","Fiets","Flank","Kruispunt, 3 takken",30,"Niet brandend","Daglicht","Droog",\N,\N,"Beurtschipper","Nieuw-Vennep","Haarlemmermeer","Noord-Holland",false,52.269583,4.636338,"material damage only","4","clear",false,1,"GM0394"
"20220028018",2022,"Uitsluitend materiele schade",3,"Personenauto","Fiets","Onbekend","Kruispunt, 4 takken",50,"Niet brandend","Daglicht","Droog",\N,\N,"Smits van Oyenlaan","Nuenen","Nuenen, Gerwen en Nederwetten","Noord-Brabant",false,51.475356,5.558553,"material damage only","4","clear",false,1,"GM0820"
"20220044025",2022,"Uitsluitend materiele schade",2,"Personenauto","Fiets","Flank","Kruispunt, 3 takken",60,"Niet brandend","Daglicht","Droog",\N,"325264014","Hogeweg","Wamel","West Maas en Waal","Gelderland",false,51.880435,5.49763,"material damage only","4","clear",false,1,"GM0668"
"20220053261",2022,"Letsel",2,"Fiets","Bromfiets","Flank","Kruispunt, 4 takken",\N,"Niet brandend","Daglicht","Droog",\N,\N,"Emmalaan","Bergen (NH)","Bergen (NH)","Noord-Holland",false,52.670403,4.708621,"injury","2","clear",false,1,\N
"20220067857",2022,"Uitsluitend materiele schade",2,"Snorfiets","Fiets","Flank","Rechte weg",30,"Niet brandend","Daglicht","Droog",\N,\N,"Bayeuxlaan","Eindhoven","Eindhoven","Noord-Brabant",false,51.42309,5.467056,"material damage only","4","clear",false,1,"GM0772"
"20220071036",2022,"Letsel",2,"Personenauto","e-bike","Flank","Rotonde",\N,"Niet brandend","Daglicht","Droog",\N,\N,"Woldweg","Foxhol","Midden-Groningen","Groningen",false,53.167952,6.726528,"injury","2","clear",false,1,"GM1952"
"20220100043",2022,"Uitsluitend materiele schade",2,"Personenauto","Fiets","Flank","Kruispunt, 4 takken",50,"Niet brandend","Daglicht","Droog",\N,\N,"Spoellaan","Heemskerk","Heemskerk","Noord-Holland",false,52.511376,4.666641,"material damage only","4","clear",false,1,"GM0396"
"20220100533",2022,"Letsel",2,"Fiets","Fiets","Flank","Kruispunt, 3 takken",50,"Niet brandend","Daglicht","Droog",\N,\N,"Baanstraat","Beverwijk","Beverwijk","Noord-Holland",false,52.485254,4.655786,"injury","2","clear",false,1,"GM0375"
"20220106004",2022,"Letsel",2,"Fiets","Fiets","Onbekend","Rechte weg",\N,"Niet brandend","Daglicht","Droog",\N,"600671344","FIETSPAD","Delft","Delft","Zuid-Holland",false,51.992947,4.373519,"injury","2","clear",false,1,"GM0503"
"20220042287",2022,"Uitsluitend materiele schade",2,"Personenauto","Fiets","Flank","Kruispunt, 3 takken",50,"Niet brandend","Daglicht","Droog",\N,\N,"Laan van de Vrijheid","Groningen","Groningen","Groningen",false,53.198712,6.557334,"material damage only","4","clear",false,1,"GM0014"
"20220055871",2022,"Letsel",2,"Fiets","Fiets","Onbekend","Rechte weg",30,"Brandend","Duisternis","Droog",\N,"179346054","De Grent","Noordwijk","Noordwijk","Zuid-Holland",false,52.242657,4.429701,"injury","2","clear",false,1,"GM0575"
"20220056023",2022,"Letsel",1,"Fiets",\N,"Eenzijdig",\N,\N,\N,"Daglicht",\N,\N,\N,"Duinweg","Noordwijk","Noordwijk","Zuid-Holland",false,52.24412,4.441029,"injury","2","unknown",false,1,"GM0575"
"20220060144",2022,"Letsel",2,"Personenauto","Fiets","Flank","Rechte weg",30,"Niet brandend","Daglicht","Droog",\N,"600716558","Westeinde","'s-Gravenhage","'s-Gravenhage","Zuid-Holland",false,52.07413,4.297881,"injury","2","clear",false,1,"GM0518"
"20220104379",2022,"Letsel",2,"Personenauto","Fiets","Geparkeerd voertuig","Rechte weg",50,"Niet brandend","Daglicht","Droog",\N,"160306057","Hoefkade","'s-Gravenhage","'s-Gravenhage","Zuid-Holland",false,52.061695,4.299033,"injury","2","clear",false,1,"GM0518"
"20220019175",2022,"Uitsluitend materiele schade",1,"Fiets",\N,"Onbekend","Bocht",50,"Niet aanwezig","Duisternis",\N,\N,"600374286","Laan van Nieuw Oosteinde","Voorburg","Leidschendam-Voorburg","Zuid-Holland",false,52.068941,4.356572,"material damage only","4","unknown",false,1,"GM1916"
"20220044219",2022,"Uitsluitend materiele schade",2,"Bestelauto","Fiets","Flank","Kruispunt, 4 takken",\N,"Niet brandend","Daglicht","Droog",\N,\N,"Vermeerstraat","Ommen","Ommen","Overijssel",false,52.532087,6.424903,"material damage only","4","clear",false,1,"GM0175"
"20220053419",2022,"Letsel",2,"Snorfiets","Fiets","Flank","Kruispunt, 4 takken",30,"Niet brandend","Daglicht","Droog",\N,\N,"Vergierdeweg","Haarlem","Haarlem","Noord-Holland",false,52.415599,4.65288,"injury","2","clear",false,1,"GM0392"
"20220103314",2022,"Letsel",2,"Bromfiets","Fiets","Flank","Kruispunt, 4 takken",30,"Niet brandend","Daglicht","Droog","Brug/viaduct",\N,"0069 BRUG","Amsterdam","Amsterdam","Noord-Holland",false,52.362564,4.887892,"injury","2","clear",false,1,"GM0363"
"20220028711",2022,"Letsel",2,"Personenauto","Fiets","Flank","Kruispunt, 4 takken",50,"Niet brandend","Daglicht","Droog",\N,\N,"Radmakerstraat","Reek","Maashorst","Noord-Brabant",false,51.739759,5.683321,"injury","2","clear",false,1,"GM1991"
"20220055059",2022,"Letsel",2,"Fiets","Bus","Flank","Kruispunt, 4 takken",50,"Niet brandend","Daglicht","Droog",\N,\N,"Burg Kasteleinweg","Aalsmeer","Aalsmeer","Noord-Holland",false,52.272088,4.751761,"injury","2","clear",false,1,"GM0358"
"20220060229",2022,"Letsel",1,"Fiets",\N,"Eenzijdig","Rechte weg",50,"Brandend","Duisternis","Droog",\N,"186303094","Van Stolberglaan","Zoetermeer","Zoetermeer","Zuid-Holland",false,52.051987,4.485603,"injury","2","clear",false,1,"GM0637"
"20220069626",2022,"Uitsluitend materiele schade",2,"Personenauto","Fiets","Los voorwerp","Kruispunt, 4 takken",50,"Niet brandend","Daglicht","Droog",\N,\N,"Kloosterweg","Heerlen","Heerlen","Limburg",false,50.892463,5.973012,"material damage only","4","clear",false,1,"GM0917"
"20220088942",2022,"Letsel",2,"Fiets","Overig vast object","Vast voorwerp","Rechte weg",\N,"Brandend","Duisternis","Droog",\N,"600638928","Eindhovenseweg","Boxtel","Boxtel","Noord-Brabant",false,51.576256,5.339804,"injury","2","clear",false,1,"GM0757"
"20220112081",2022,"Uitsluitend materiele schade",2,"Personenauto","Fiets","Flank","Rotonde",50,"Niet brandend","Daglicht","Droog",\N,\N,"Euterpelaan","Oss","Oss","Noord-Brabant",false,51.760852,5.521202,"material damage only","4","clear",false,1,"GM0828"
"20220112618",2022,"Uitsluitend materiele schade",2,"Fiets","e-bike","Kop/staart","Kruispunt, 3 takken",50,"Niet brandend","Daglicht","Droog",\N,\N,"Boschstraat","Maastricht","Maastricht","Limburg",false,50.856232,5.6904,"material damage only","4","clear",false,1,"GM0935"
"20220019439",2022,"Letsel",2,"Personenauto","Fiets","Flank","Kruispunt, 3 takken",30,"Niet brandend","Daglicht","Droog",\N,\N,"Hendrinaland","'s-Gravenhage","'s-Gravenhage","Zuid-Holland",false,52.092058,4.365395,"injury","2","clear",false,1,"GM0518"
"20220052066",2022,"Uitsluitend materiele schade",2,"Personenauto","Fiets","Kop/staart","Kruispunt, 3 takken",50,"Niet brandend","Schemer","Droog",\N,\N,"Veilingweg","Bovenkarspel","Stede Broec","Noord-Holland",false,52.698861,5.250384,"material damage only","4","clear",false,1,"GM0532"
"20230000318",2023,"Letsel",1,"Fiets",\N,"Eenzijdig","Bocht",30,"Brandend","Duisternis","Droog",\N,\N,"Rijksweg","Groningen","Groningen","Groningen",false,53.230792,6.619552,"injury","2","clear",false,1,"GM0014"
"20230002667",2023,"Letsel",2,"Personenauto","Fiets","Flank","Kruispunt, 3 takken",50,"Niet brandend","Daglicht","Regen",\N,\N,"Linnaeusstraat","Zandvoort","Zandvoort","Noord-Holland",false,52.377257,4.543935,"injury","2","rain",false,1,"GM0473"
"20230008525",2023,"Letsel",2,"Fiets","Fiets","Frontaal","Rechte weg",50,"Brandend","Duisternis","Regen",\N,"600550051","Doornboslaan","Breda","Breda","Noord-Brabant",false,51.607175,4.790993,"injury","2","rain",false,1,"GM0758"
"20230002237",2023,"Uitsluitend materiele schade",2,"Personenauto","Fiets","Flank","Kruispunt, 3 takken",50,"Niet brandend","Daglicht","Droog",\N,\N,"Malvert","Nijmegen","Nijmegen","Gelderland",false,51.808847,5.803696,"material damage only","4","clear",false,1,"GM0268"
"20230002258",2023,"Uitsluitend materiele schade",2,"Personenauto","Fiets","Flank","Kruispunt, 3 takken",50,"Niet brandend","Daglicht","Droog",\N,\N,"Baron d'Osystraat","Wijchen","Wijchen","Gelderland",false,51.809332,5.730099,"material damage only","4","clear",false,1,"GM0296"
"20230011250",2023,"Letsel",2,"Personenauto","Fiets","Flank","Rechte weg",\N,"Niet brandend","Daglicht","Droog",\N,"360287040","Utrechtseweg","Heelsum","Renkum","Gelderland",false,51.981467,5.758425,"injury","2","clear",false,1,"GM0274"
"20230011669",2023,"Uitsluitend materiele schade",2,"Fiets","Fiets","Flank","Rechte weg",\N,"Niet brandend","Daglicht","Droog",\N,"339365012","Stadswei","Harderwijk","Harderwijk","Gelderland",false,52.33281,5.605556,"material damage only","4","clear",false,1,"GM0243"
"20230001074",2023,"Uitsluitend materiele schade",2,"Fiets","Personenauto","Onbekend","Kruispunt, 3 takken",30,"Niet brandend","Daglicht","Droog",\N,\N,"Dalemstraat","Kerkdriel","Maasdriel","Gelderland",false,51.776052,5.338876,"material damage only","4","clear",false,1,"GM0263"
"20230062923",2023,"Uitsluitend materiele schade",2,"Bromfiets","Fiets","Onbekend",\N,60,\N,"Daglicht",\N,\N,"82135030","Kanaalpolderweg","Philippine","Terneuzen","Zeeland",false,51.289399,3.762993,"material damage only","4","unknown",false,1,"GM0715"
"20230001107",2023,"Letsel",1,"Fiets",\N,"Eenzijdig","Rechte weg",50,"Niet brandend","Daglicht","Droog",\N,"366560121","Groningerstraatweg","Leeuwarden","Leeuwarden","Friesland",false,53.20952,5.807845,"injury","2","clear",false,1,"GM0080"
"20230008705",2023,"Uitsluitend materiele schade",2,"Personenauto","e-bike","Flank","Kruispunt, 4 takken",50,"Niet brandend","Daglicht","Regen",\N,\N,"Boomheide","Gennep","Gennep","Limburg",false,51.68672,5.979807,"material damage only","4","rain",false,1,"GM0907"
"20230008917",2023,"Letsel",2,"Fiets","Personenauto","Frontaal","Rechte weg",30,"Niet brandend","Daglicht","Regen",\N,"600378289","Molenstraat","Veghel","Meierijstad","Noord-Brabant",false,51.6175,5.544887,"injury","2","rain",false,1,"GM1948"
"20230093306",2023,"Uitsluitend materiele schade",1,"Fiets",\N,"Onbekend",\N,\N,\N,"Daglicht",\N,\N,"600196050","Steenzolder","Nunspeet","Nunspeet","Gelderland",false,52.389767,5.792456,"material damage only","4","unknown",false,1,"GM0302"
"20230001942",2023,"Uitsluitend materiele schade",2,"Bromfiets","Fiets","Flank",\N,70,\N,"Daglicht","Droog",\N,"483369019","Rembrandtlaan","Almelo","Almelo","Overijssel",false,52.344082,6.658618,"material damage only","4","clear",false,1,"GM0141"
"20230003236",2023,"Letsel",2,"Fiets","Personenauto","Frontaal","Rechte weg",60,"Brandend","Duisternis","Droog",\N,"235332004","Hoofdweg","Mijdrecht","De Ronde Venen","Utrecht",false,52.189349,4.838409,"injury","2","clear",false,1,"GM0736"
"20230003406",2023,"Uitsluitend materiele schade",2,"Personenauto","Fiets","Flank","Bocht",50,"Brandend","Duisternis","Droog",\N,\N,"ZUIDPOLDERZEEDIJK","Volendam","Edam-Volendam","Noord-Holland",false,52.505772,5.083894,"material damage only","4","clear",false,1,"GM0385"
"20230003794",2023,"Uitsluitend materiele schade",2,"Bus","Fiets","Flank","Kruispunt, 4 takken",50,"Niet brandend","Daglicht","Droog",\N,\N,"Bethunepolder","De Meern","Utrecht","Utrecht",false,52.086502,5.011659,"material damage only","4","clear",false,1,"GM0344"
"20230004367",2023,"Letsel",2,"Bromfiets","Fiets","Flank","Kruispunt, 4 takken",50,"Niet brandend","Daglicht","Droog",\N,\N,"Munnickenveld","Hoorn","Hoorn","Noord-Holland",false,52.643453,5.058363,"injury","2","clear",false,1,"GM0405"
"20230002441",2023,"Letsel",2,"Personenauto","Fiets","Flank","Kruispunt, 3 takken",50,"Brandend","Duisternis","Regen",\N,\N,"Cattepoelseweg","Arnhem","Arnhem","Gelderland",false,51.995477,5.917339,"injury","2","rain",false,1,"GM0202"