"accident_id","year","severity_raw","party_count","party1_type","party2_type","accident_type","road_situation","speed_limit_kmh","road_lighting","light_condition_label","weather_raw","infra_type","road_segment_id","street_name","place_name","gemeente_name_raw","province","alcohol_indicated","latitude","longitude","severity_label","severity_code","weather_label","built_up_area","cyclists_involved","gemeente_code"
"20230006353",2023,"Letsel",2,"Personenauto","Fiets","Flank","Kruispunt, 4 takken",50,"Brandend","Daglicht","Regen/Sneeuw/Hagel",\N,\N,"Prunuslaan","Ridderkerk","Ridderkerk","Zuid-Holland",false,51.87416,4.584433,"injury","2","unknown",false,1,"GM0597"
"20230098374",2023,"Letsel",1,"Fiets",\N,"Eenzijdig",\N,30,\N,"Duisternis",\N,\N,"234440030","Saturnuslaan","Heerhugowaard","Dijk en Waard","Noord-Holland",false,52.669155,4.831549,"injury","2","unknown",false,1,"GM1980"
"20230004439",2023,"Letsel",2,"Bestelauto","e-bike","Flank","Kruispunt, 3 takken",50,"Niet brandend","Daglicht","Regen",\N,\N,"De Corantijn","Zwaag","Hoorn","Noord-Holland",false,52.670436,5.071147,"injury","2","rain",false,1,"GM0405"
"20230000051",2023,"Uitsluitend materiele schade",2,"Bestelauto","Fiets","Flank","Rechte weg",50,"Niet brandend","Daglicht","Droog",\N,"342299006","Frankeneng","Ede","Ede","Gelderland",false,52.034219,5.627934,"material damage only","4","clear",false,1,"GM0228"
"20230069540",2023,"Letsel",2,"Fiets","Personenauto","Onbekend",\N,50,\N,"Daglicht",\N,\N,\N,"Olympiaweg","Rotterdam","Rotterdam","Zuid-Holland",false,51.886859,4.529046,"injury","2","unknown",false,1,"GM0599"
"20230004699",2023,"Letsel",2,"Personenauto","e-bike","Flank","Kruispunt, 3 takken",30,"Niet brandend","Daglicht","Droog",\N,\N,"Korte Zijlweg","Overveen","Bloemendaal","Noord-Holland",false,52.388411,4.607681,"injury","2","clear",false,1,"GM0377"
"20230007308",2023,"Letsel",2,"Personenauto","Fiets","Frontaal","Kruispunt, 4 takken",50,"Brandend","Duisternis","Regen",\N,"600136708","Vestdijk","Eindhoven","Eindhoven","Noord-Brabant",false,51.437303,5.48306,"injury","2","rain",false,1,"GM0772"
"20230082722",2023,"Dodelijk",2,"Personenauto","Fiets","Onbekend","Rechte weg",70,"Niet aanwezig","Daglicht","Droog",\N,"600806480","Burg J Dijkstraweg","Franeker","Waadhoeke","Friesland",false,53.185753,5.530081,"fatal","1","clear",false,1,"GM1949"
"20230007969",2023,"Letsel",2,"Personenauto","Fiets","Flank","Kruispunt, 3 takken",50,"Niet brandend","Daglicht","Regen",\N,\N,"Hildebrandlaan","Oosterhout","Oosterhout","Noord-Brabant",false,51.624369,4.853873,"injury","2","rain",false,1,"GM0826"
"20230009352",2023,"Uitsluitend materiele schade",2,"Bromfiets","Fiets","Frontaal","Rechte weg",50,"Niet brandend","Daglicht","Droog",\N,"600856401","Tegelseweg","Venlo","Venlo","Limburg",false,51.358963,6.158669,"material damage only","4","clear",false,1,"GM0983"
"20230079129",2023,"Letsel",1,"Fiets",\N,"Eenzijdig",\N,30,\N,"Daglicht",\N,\N,"187326261","Doezastraat","Leiden","Leiden","Zuid-Holland",false,52.155127,4.489239,"injury","2","unknown",false,1,"GM0546"
"20230005780",2023,"Letsel",2,"Fiets","Bestelauto","Flank","Kruispunt, 3 takken",50,"Niet brandend","Daglicht","Droog",\N,\N,"Kooilaan","Leiden","Leiden","Zuid-Holland",false,52.163085,4.506068,"injury","2","clear",false,1,"GM0546"
"20230012680",2023,"Uitsluitend materiele schade",2,"Personenauto","Fiets","Flank","Kruispunt, 4 takken",50,"Niet brandend","Daglicht","Droog",\N,\N,"Eperweg","Heerde","Heerde","Gelderland",false,52.386859,6.037777,"material damage only","4","clear",false,1,"GM0246"
"20230065969",2023,"Letsel",1,"Fiets",\N,"Eenzijdig",\N,50,\N,"Schemer",\N,\N,"239374062","De Clercqstraat","Amsterdam","Amsterdam","Noord-Holland",false,52.370294,4.867615,"injury","2","unknown",false,1,"GM0363"
"20240077351",2024,"Letsel",2,"Fiets","Fiets","Flank","Kruispunt, 4 takken",50,"Niet brandend","Daglicht","Droog",\N,\N,"Visweg","Limmen","Castricum","Noord-Holland",false,52.576257,4.695226,"injury","2","clear",false,1,"GM0383"
"20240032612",2024,"Letsel",2,"Personenauto","Fiets","Flank","Kruispunt, 4 takken",50,"Niet brandend","Daglicht","Droog",\N,\N,"Goudse Houtsingel","Gouda","Gouda","Zuid-Holland",false,52.026155,4.717913,"injury","2","clear",false,1,"GM0513"
"20240009022",2024,"Letsel",2,"Bestelauto","Fiets","Kop/staart","Bocht",60,"Niet brandend","Daglicht","Droog",\N,"335311004","Kruisbeekweg","Lunteren","Ede","Gelderland",false,52.085235,5.580626,"injury","2","clear",false,1,"GM0228"
"20240074968",2024,"Letsel",2,"Personenauto","Fiets","Voetganger","Kruispunt, 4 takken",80,"Niet brandend","Daglicht","Droog",\N,\N,"Roekelse Bosweg","Otterlo","Ede","Gelderland",false,52.094337,5.731649,"injury","2","clear",false,1,"GM0228"
"20240018751",2024,"Uitsluitend materiele schade",2,"Personenauto","Fiets","Flank","Kruispunt, 4 takken",30,"Niet brandend","Daglicht","Droog",\N,\N,"Erroll Garnerstraat","Utrecht","Utrecht","Utrecht",false,52.100954,5.056585,"material damage only","4","clear",false,1,"GM0344"
"20240095811",2024,"Letsel",2,"Fiets","Onbekend voertuig i.g.v. doorrijder","Flank","Rotonde",50,"Niet brandend","Daglicht","Droog",\N,\N,"Dreef","Bergen (NH)","Bergen (NH)","Noord-Holland",false,52.666899,4.712491,"injury","2","clear",false,1,\N
"20230004227",2023,"Letsel",1,"Fiets",\N,"Eenzijdig","Kruispunt, 4 takken",50,"Niet brandend","Daglicht","Regen",\N,\N,"IJsselmeerstraat","Den Helder","Den Helder","Noord-Holland",false,52.938042,4.745883,"injury","2","rain",false,1,"GM0400"
"20240039187",2024,"Uitsluitend materiele schade",2,\N,"Fiets","Flank","Rotonde",30,"Niet brandend","Daglicht","Droog",\N,\N,"Teisterbantlaan","Tiel","Tiel","Gelderland",false,51.880104,5.420969,"material damage only","4","clear",false,1,"GM0281"
"20240035118",2024,"Uitsluitend materiele schade",2,"Personenauto","e-bike","Flank","Rotonde",30,"Niet brandend","Daglicht","Regen",\N,\N,"Klingerbergsingel","Venlo","Venlo","Limburg",false,51.378107,6.135389,"material damage only","4","rain",false,1,"GM0983"
"20240027942",2024,"Uitsluitend materiele schade",2,"Personenauto","e-bike","Flank","Kruispunt, 4 takken",15,"Niet brandend","Daglicht","Droog",\N,\N,"Oosterweg","Alkmaar","Alkmaar","Noord-Holland",false,52.620003,4.782893,"material damage only","4","clear",false,1,"GM0361"
"20240006863",2024,"Uitsluitend materiele schade",2,"Personenauto","Fiets","Flank","Kruispunt, 3 takken",50,"Brandend","Duisternis","Regen",\N,\N,"Warenargaarde","Apeldoorn","Apeldoorn","Gelderland",false,52.198717,6.002846,"material damage only","4","rain",false,1,"GM0200"
"20240039765",2024,"Letsel",1,"Fiets",\N,"Eenzijdig","Kruispunt, 4 takken",50,"Niet brandend","Daglicht","Droog",\N,\N,"Lorentzplein","'s-Gravenhage","'s-Gravenhage","Zuid-Holland",false,52.060611,4.327072,"injury","2","clear",false,1,"GM0518"
"20240035955",2024,"Letsel",2,"Personenauto","e-bike","Los voorwerp","Kruispunt, 4 takken",30,"Niet brandend","Daglicht","Droog",\N,\N,"Aquamarijnstraat","Apeldoorn","Apeldoorn","Gelderland",false,52.221525,5.939167,"injury","2","clear",false,1,"GM0200"
"20240019809",2024,"Uitsluitend materiele schade",2,"Personenauto","Fiets","Flank","Kruispunt, 3 takken",50,"Niet brandend","Daglicht","Droog",\N,\N,"Zuiderloswal","Hilversum","Hilversum","Noord-Holland",false,52.220233,5.147283,"material damage only","4","clear",false,1,"GM0402"
"20240004586",2024,"Letsel",3,"Personenauto","Fiets","Flank","Rotonde",50,"Niet brandend","Daglicht","Droog",\N,\N,"Nienhof","Ede","Ede","Gelderland",false,52.042164,5.636538,"injury","2","clear",false,1,"GM0228"
"20240039444",2024,"Uitsluitend materiele schade",2,"Personenauto","Fiets","Flank","Rechte weg",50,"Niet brandend","Daglicht","Droog",\N,"315327026","Wiekenweg","Amersfoort","Amersfoort","Utrecht",false,52.163391,5.424598,"material damage only","4","clear",false,1,"GM0307"
"20240012747",2024,"Letsel",2,"Fiets","Los voorwerp","Los voorwerp","Bocht",30,"Brandend","Duisternis","Droog",\N,"211323062","Gerard Doustraat","Alphen aan den Rijn","Alphen aan den Rijn","Zuid-Holland",false,52.139762,4.665129,"injury","2","clear",false,1,"GM0484"
"20240020934",2024,"Letsel",2,"Fiets","Voetganger","Voetganger","Rechte weg",30,"Brandend","Duisternis","Droog",\N,"601102952","Haarlemmerweg","Amsterdam","Amsterdam","Noord-Holland",false,52.385417,4.872205,"injury","2","clear",false,1,"GM0363"
"20240028100",2024,"Uitsluitend materiele schade",2,"Personenauto","Fiets","Flank","Kruispunt, 4 takken",30,"Niet aanwezig","Daglicht","Droog",\N,\N,"Markerkant 15","Almere","Almere","Flevoland",false,52.380415,5.216044,"material damage only","4","clear",false,1,"GM0034"
"20240039873",2024,"Letsel",5,"Fiets","Fiets","Onbekend","Kruispunt, 3 takken",50,"Niet brandend","Daglicht","Droog",\N,\N,"Kranenburgweg","'s-Gravenhage","'s-Gravenhage","Zuid-Holland",false,52.091994,4.265291,"injury","2","clear",false,1,"GM0518"
"20240039953",2024,"Letsel",1,"Fiets",\N,"Eenzijdig","Rechte weg",50,"Niet brandend","Daglicht","Droog",\N,"141293075","van Geeststraat","'s-Gravenzande","Westland","Zuid-Holland",false,52.002206,4.159682,"injury","2","clear",false,1,"GM1783"
"20220155871",2022,"Letsel",1,"Fiets",\N,"Eenzijdig","Rechte weg",30,"Niet brandend","Daglicht","Droog",\N,"600722943","Raadhuislaan","Wassenaar","Wassenaar","Zuid-Holland",false,52.134167,4.397953,"injury","2","clear",false,1,"GM0629"
"20220157059",2022,"Letsel",2,"Fiets","Overig wegmeubilair","Vast voorwerp","Kruispunt, 3 takken",50,"Brandend","Duisternis","Droog",\N,\N,"Langevelderweg","Noordwijkerhout","Noordwijk","Zuid-Holland",false,52.268283,4.494262,"injury","2","clear",false,1,"GM0575"
"20220166906",2022,"Uitsluitend materiele schade",2,"Bromfiets","Fiets","Flank","Rechte weg",50,"Niet brandend","Daglicht","Droog",\N,\N,"Weg naar 't Lange Water","Arnhem","Arnhem","Gelderland",false,51.994114,5.952545,"material damage only","4","clear",false,1,"GM0202"
"20220178391",2022,"Letsel",1,"Fiets",\N,"Eenzijdig","Rechte weg",50,"Niet brandend","Daglicht","Droog",\N,"208337038","Langeweg","Roelofarendsveen","Kaag en Braassem","Zuid-Holland",false,52.203551,4.641988,"injury","2","clear",false,1,"GM1884"
"20220125720",2022,"Letsel",2,"Fiets","e-bike","Flank","Rechte weg",60,"Niet brandend","Daglicht","Droog",\N,\N,"Zilkerduinweg","De Zilk","Noordwijk","Zuid-Holland",false,52.30295,4.543225,"injury","2","clear",false,1,"GM0575"
"20220133250",2022,"Letsel",2,"Personenauto","Fiets","Flank","Rotonde",50,"Brandend","Duisternis","Droog",\N,\N,"Koninginnesingel","Venlo","Venlo","Limburg",false,51.366062,6.17158,"injury","2","clear",false,1,"GM0983"
"20220135936",2022,"Uitsluitend materiele schade",2,"Bestelauto","Fiets","Flank","Rotonde",\N,"Niet brandend","Daglicht","Droog",\N,\N,"Groenewoudseweg","Nijmegen","Nijmegen","Gelderland",false,51.829547,5.869953,"material damage only","4","clear",false,1,"GM0268"
"20220141980",2022,"Uitsluitend materiele schade",1,"Fiets",\N,"Frontaal","Rechte weg",15,"Niet brandend","Schemer","Droog",\N,"229372093","Osdorper Ban","Amsterdam","Amsterdam","Noord-Holland",false,52.361878,4.798171,"material damage only","4","clear",false,1,"GM0363"
"20220172058",2022,"Letsel",3,"Fiets","Fiets","Onbekend","Rechte weg",60,"Niet aanwezig","Daglicht","Droog",\N,"303288001","Langbroekseweg","Wijk bij Duurstede","Wijk bij Duurstede","Utrecht",false,51.988032,5.344086,"injury","2","clear",false,1,"GM0352"
"20220177752",2022,"Uitsluitend materiele schade",2,"Snorfiets","Fiets","Onbekend","Kruispunt, 4 takken",50,"Niet brandend","Daglicht","Regen",\N,\N,"Weesperzijde","Amsterdam","Amsterdam","Noord-Holland",false,52.347655,4.913649,"material damage only","4","rain",false,1,"GM0363"
"20220178470",2022,"Letsel",1,"Fiets",\N,"Eenzijdig","Bocht",30,"Niet brandend","Daglicht","Droog",\N,"600740472","Weteringpad","Alphen aan den Rijn","Alphen aan den Rijn","Zuid-Holland",false,52.121159,4.633597,"injury","2","clear",false,1,"GM0484"
"20220183851",2022,"Uitsluitend materiele schade",2,"Personenauto","Fiets","Flank","Rechte weg",50,"Niet brandend","Daglicht","Droog",\N,"600360875","Tapuitstraat","Rotterdam","Rotterdam","Zuid-Holland",false,51.886637,4.472834,"material damage only","4","clear",false,1,"GM0599"
"20220185735",2022,"Letsel",1,"e-bike",\N,"Eenzijdig","Rechte weg",\N,"Niet aanwezig","Daglicht","Droog",\N,"600569133","Wemeldingse Zandweg","Kapelle","Kapelle","Zeeland",false,51.499631,3.971608,"injury","2","clear",false,1,"GM0678"
"20220121850",2022,"Letsel",2,"Personenauto","Fiets","Flank","Kruispunt, 4 takken",50,"Niet brandend","Daglicht","Droog",\N,\N,"Populierenlaan","Uitgeest","Uitgeest","Noord-Holland",false,52.531731,4.711491,"injury","2","clear",false,1,"GM0450"
"20220125812",2022,"Uitsluitend materiele schade",2,"Bromfiets","Fiets","Flank","Rechte weg",30,"Niet brandend","Daglicht","Droog",\N,"168294024","Wijnhaven","Delft","Delft","Zuid-Holland",false,52.010615,4.35809,"material damage only","4","clear",false,1,"GM0503"
"20220125823",2022,"Uitsluitend materiele schade",2,"Bromfiets","Fiets","Frontaal","Kruispunt, 3 takken",50,"Niet brandend","Daglicht","Droog",\N,\N,"Stationsplein","Leiden","Leiden","Zuid-Holland",false,52.164512,4.481641,"material damage only","4","clear",false,1,"GM0546"
"20220141990",2022,"Uitsluitend materiele schade",2,"Personenauto","Fiets","Flank","Rechte weg",50,"Niet brandend","Daglicht","Droog",\N,"600419843","Van Woustraat","Amsterdam","Amsterdam","Noord-Holland",false,52.351379,4.903415,"material damage only","4","clear",false,1,"GM0363"
"20220152852",2022,"Uitsluitend materiele schade",3,"Personenauto","Fiets","Vast voorwerp","Rechte weg",50,"Niet brandend","Daglicht","Droog",\N,\N,"Daltonstraat","Harderwijk","Harderwijk","Gelderland",false,52.359971,5.650018,"material damage only","4","clear",false,1,"GM0243"
"20220154836",2022,"Letsel",2,"Fiets","Fiets","Onbekend","Rechte weg",30,"Niet brandend","Daglicht","Droog",\N,"245413097","Rijperweg","Middenbeemster","Purmerend","Noord-Holland",false,52.548374,4.91217,"injury","2","clear",false,1,"GM0439"
"20220169643",2022,"Letsel",2,"Fiets","Fiets","Flank","Kruispunt, 3 takken",\N,"Niet brandend","Daglicht","Droog",\N,\N,"Twistvlietpad","Zwolle","Zwolle","Overijssel",false,52.529759,6.061754,"injury","2","clear",false,1,"GM0193"
"20220177488",2022,"Uitsluitend materiele schade",2,"Fiets","e-bike","Frontaal","Rechte weg",30,"Brandend","Duisternis","Droog",\N,"600394190","Papaverweg","Amsterdam","Amsterdam","Noord-Holland",false,52.398556,4.901295,"material damage only","4","clear",false,1,"GM0363"
"20220178113",2022,"Uitsluitend materiele schade",2,"Personenauto","Fiets","Flank","Kruispunt, 4 takken",30,"Niet brandend","Duisternis","Droog",\N,\N,"Dam","Amsterdam","Amsterdam","Noord-Holland",false,52.372718,4.892893,"material damage only","4","clear",false,1,"GM0363"
"20220197231",2022,"Uitsluitend materiele schade",2,"Personenauto","Fiets","Flank","Kruispunt, 4 takken",50,"Niet brandend","Daglicht","Droog",\N,\N,"Nijverheidstraat","Enschede","Enschede","Overijssel",false,52.219698,6.891424,"material damage only","4","clear",false,1,"GM0153"
"20220123320",2022,"Uitsluitend materiele schade",2,"Personenauto","Fiets","Flank","Kruispunt, 4 takken",50,"Niet brandend","Daglicht","Droog",\N,\N,"Diemermere","Diemen","Diemen","Noord-Holland",false,52.324147,4.951308,"material damage only","4","clear",false,1,"GM0384"
"20220137029",2022,"Uitsluitend materiele schade",2,"Personenauto","Fiets","Flank","Rechte weg",50,"Niet brandend","Daglicht","Droog",\N,"388333003","Arnhemseweg","Apeldoorn","Apeldoorn","Gelderland",false,52.18688,5.962303,"material damage only","4","clear",false,1,"GM0200"
"20220146602",2022,"Uitsluitend materiele schade",2,"Motor","Fiets","Flank","Rechte weg",\N,"Niet brandend","Daglicht","Droog",\N,\N,"Lijnbaan","Rotterdam","Rotterdam","Zuid-Holland",false,51.920797,4.476836,"material damage only","4","clear",false,1,"GM0599"
"20220147914",2022,"Uitsluitend materiele schade",2,"Fiets",\N,"Flank","Kruispunt, 4 takken",\N,"Niet brandend","Daglicht","Droog",\N,\N,"Walpad","Breda","Breda","Noord-Brabant",false,51.606142,4.723382,"material damage only","4","clear",false,1,"GM0758"
"20220173366",2022,"Uitsluitend materiele schade",2,"Fiets","Overig vast object","Vast voorwerp","Rechte weg",15,"Niet brandend","Daglicht","Droog","Brug/viaduct","281341170","BEATRIXTUNNEL","Hilversum","Hilversum","Noord-Holland",false,52.224611,5.183365,"material damage only","4","clear",false,1,"GM0402"
"20220174801",2022,"Uitsluitend materiele schade",2,"Personenauto","e-bike","Geparkeerd voertuig","Bocht",50,"Niet brandend","Daglicht","Droog","Parkeervoorziening","227501004","Ravelijncenter","Den Helder","Den Helder","Noord-Holland",false,52.942992,4.772239,"material damage only","4","clear",false,1,"GM0400"
"20220177545",2022,"Uitsluitend materiele schade",2,"Bromfiets","Fiets","Flank","Rechte weg",50,"Niet brandend","Daglicht","Regen",\N,"240372130","Stadhouderskade","Amsterdam","Amsterdam","Noord-Holland",false,52.362777,4.880293,"material damage only","4","rain",false,1,"GM0363"
"20220180297",2022,"Letsel",2,"Personenauto","Fiets","Flank","Kruispunt, 4 takken",50,"Brandend","Duisternis","Droog",\N,\N,"Fruitweg","'s-Gravenhage","'s-Gravenhage","Zuid-Holland",false,52.061576,4.307966,"injury","2","clear",false,1,"GM0518"
"20220197741",2022,"Letsel",3,"e-bike","e-bike","Onbekend","Rechte weg",15,"Niet brandend","Daglicht","Droog",\N,"600951597","RONDWEG","Delden","Hof van Twente","Overijssel",false,52.263757,6.730588,"injury","2","clear",false,1,"GM1735"
"20220197842",2022,"Uitsluitend materiele schade",3,"Personenauto","Fiets","Los voorwerp","Kruispunt, 3 takken",50,"Niet brandend","Daglicht","Droog",\N,\N,"Ugchelsegrensweg","Ugchelen","Apeldoorn","Gelderland",false,52.188435,5.930695,"material damage only","4","clear",false,1,"GM0200"
"20220162723",2022,"Uitsluitend materiele schade",2,"Personenauto","Fiets","Flank","Kruispunt, 4 takken",50,"Niet brandend","Daglicht","Droog",\N,\N,"Nieuw-Amsterdamsestraat","Emmen","Emmen","Drenthe",false,52.767159,6.875334,"material damage only","4","clear",false,1,"GM0114"
"20220162739",2022,"Uitsluitend materiele schade",2,"Personenauto","Fiets","Flank","Kruispunt, 4 takken",30,"Niet brandend","Daglicht","Droog",\N,\N,"Hoofdstraat","Zuidhorn","Westerkwartier","Groningen",false,53.243697,6.4107,"material damage only","4","clear",false,1,"GM1969"
"20220179792",2022,"Letsel",2,"Fiets","Fiets","Onbekend","Rechte weg",50,"Niet brandend","Daglicht","Droog",\N,"165311034","Bezuidenhoutseweg","'s-Gravenhage","'s-Gravenhage","Zuid-Holland",false,52.085482,4.330244,"injury","2","clear",false,1,"GM0518"
"20220179793",2022,"Letsel",2,"Bromfiets","Fiets","Kop/staart","Rechte weg",50,"Niet brandend","Daglicht","Droog",\N,"600113002","Hogewoerd","Leiden","Leiden","Zuid-Holland",false,52.156256,4.493538,"injury","2","clear",false,1,"GM0546"
"20220197868",2022,"Uitsluitend materiele schade",2,"Personenauto","Fiets","Onbekend","Rotonde",50,"Niet brandend","Daglicht","Droog",\N,\N,"Alberdingk Thijmlaan","Harderwijk","Harderwijk","Gelderland",false,52.348932,5.632603,"material damage only","4","clear",false,1,"GM0243"
"20220123445",2022,"Uitsluitend materiele schade",2,"Personenauto","Fiets","Flank","Kruispunt, 4 takken",30,"Niet brandend","Daglicht","Regen",\N,\N,"Zeeburgerpad","Amsterdam","Amsterdam","Noord-Holland",false,52.366899,4.93945,"material damage only","4","rain",false,1,"GM0363"
"20220135201",2022,"Letsel",3,"Landbouwvoertuig","Fiets","Los voorwerp","Rechte weg",60,"Niet aanwezig","Daglicht","Droog",\N,"600866626","Nieuwbrugsterweg","Den Horn","Westerkwartier","Groningen",false,53.23806,6.47692,"injury","2","clear",false,1,"GM1969"
"20220137127",2022,"Letsel",2,"Personenauto","Fiets","Flank","Kruispunt, 4 takken",50,"Niet brandend","Daglicht","Droog",\N,\N,"Europa-allee","Kampen","Kampen","Overijssel",false,52.552192,5.910845,"injury","2","clear",false,1,"GM0166"
"20220143651",2022,"Uitsluitend materiele schade",2,"Personenauto","Fiets","Onbekend","Rotonde",50,"Niet brandend","Daglicht","Droog",\N,\N,"De Savornin Lohmanlaan","'s-Gravenhage","'s-Gravenhage","Zuid-Holland",false,52.072093,4.241094,"material damage only","4","clear",false,1,"GM0518"
"20220145852",2022,"Uitsluitend materiele schade",2,"Bromfiets","Fiets","Onbekend","Rechte weg",\N,"Brandend","Duisternis","Droog",\N,"186271045","Posthumalaan","Rotterdam","Rotterdam","Zuid-Holland",false,51.906733,4.492657,"material damage only","4","clear",false,1,"GM0599"
"20220149599",2022,"Letsel",1,"e-bike",\N,"Eenzijdig","Rechte weg",60,"Niet aanwezig","Daglicht","Droog",\N,"386203002","Mullemsedijk","Stevensbeek","Land van Cuijk","Noord-Brabant",false,51.606185,5.943946,"injury","2","clear",false,1,"GM1982"
"20220152979",2022,"Uitsluitend materiele schade",2,"Bestelauto","Fiets","Flank","Kruispunt, 3 takken",50,"Niet brandend","Daglicht","Droog",\N,\N,"Graaf Florisstraat","Deventer","Deventer","Overijssel",false,52.267825,6.16423,"material damage only","4","clear",false,1,"GM0150"
"20220174948",2022,"Letsel",2,"Bromfiets","Fiets","Onbekend","Kruispunt, 4 takken",50,"Niet brandend","Daglicht","Droog",\N,\N,"Groningenlaan","Haarlem","Haarlem","Noord-Holland",false,52.35433,4.654872,"injury","2","clear",false,1,"GM0392"
"20220181130",2022,"Letsel",1,"Fiets",\N,"Eenzijdig","Rechte weg",\N,"Niet brandend","Daglicht","Droog",\N,\N,"Boezemlaan","Boskoop","Alphen aan den Rijn","Zuid-Holland",false,52.072436,4.646693,"injury","2","clear",false,1,"GM0484"
"20220184994",2022,"Letsel",3,"Personenauto","Fiets","Onbekend","Rechte weg",50,"Niet brandend","Daglicht","Droog",\N,"186264103","Oldegaarde","Rotterdam","Rotterdam","Zuid-Holland",false,51.877524,4.493017,"injury","2","clear",false,1,"GM0599"
"20220133750",2022,"Letsel",2,"Personenauto","Fiets","Onbekend","Bocht",30,"Niet brandend","Daglicht","Droog",\N,"442551011","Waezenburglaan","Leek","Westerkwartier","Groningen",false,53.162357,6.375967,"injury","2","clear",false,1,"GM1969"
"20220133760",2022,"Uitsluitend materiele schade",2,"Fiets","Los voorwerp","Los voorwerp","Rechte weg",50,"Niet brandend","Daglicht","Droog",\N,"600572900","Eikesingel","Drachten","Smallingerland","Friesland",false,53.096034,6.084404,"material damage only","4","clear",false,1,"GM0090"
"20220136162",2022,"Letsel",2,"e-bike","e-bike","Onbekend","Rechte weg",30,"Niet brandend","Daglicht","Droog",\N,"339364019","Straussdreef","Harderwijk","Harderwijk","Gelderland",false,52.328466,5.603938,"injury","2","clear",false,1,"GM0243"
"20220139255",2022,"Letsel",2,"Fiets","Fiets","Flank","Rechte weg",30,"Niet brandend","Daglicht","Droog",\N,"208359009","Fanny Blankers-Koenlaan","Hoofddorp","Haarlemmermeer","Noord-Holland",false,52.305006,4.644599,"injury","2","clear",false,1,"GM0394"
"20220144939",2022,"Letsel",2,"Personenauto","e-bike","Flank","Kruispunt, 3 takken",\N,"Niet brandend","Daglicht","Droog",\N,\N,"Monseigneur van Steelaan","Voorburg","Leidschendam-Voorburg","Zuid-Holland",false,52.076757,4.354553,"injury","2","clear",false,1,"GM1916"
"20220153878",2022,"Uitsluitend materiele schade",2,"Snorfiets","Fiets","Onbekend","Rechte weg",50,"Niet brandend","Daglicht","Droog",\N,\N,"Kievitsweg","Almere","Almere","Flevoland",false,52.344591,5.311796,"material damage only","4","clear",false,1,"GM0034"
"20220161621",2022,"Letsel",3,"Personenauto","Fiets","Onbekend","Rechte weg",50,"Niet brandend","Daglicht","Droog",\N,"514470002","Wolfsbergenweg","Emmen","Emmen","Drenthe",false,52.796436,6.905891,"injury","2","clear",false,1,"GM0114"
"20220168833",2022,"Uitsluitend materiele schade",2,"Personenauto","Fiets","Onbekend","Rotonde",50,"Niet brandend","Daglicht","Droog",\N,\N,"Lange Dreef","Elst","Overbetuwe","Gelderland",false,51.916474,5.834163,"material damage only","4","clear",false,1,"GM1734"
"20220173637",2022,"Letsel",1,"Fiets",\N,"Eenzijdig","Rechte weg",30,"Niet brandend","Daglicht","Droog",\N,"220431027","Vincent van Goghlaan","Alkmaar","Alkmaar","Noord-Holland",false,52.626117,4.723339,"injury","2","clear",false,1,"GM0361"
"20220179929",2022,"Letsel",1,"Fiets",\N,"Eenzijdig","Kruispunt, 3 takken",\N,"Brandend","Duisternis","Droog",\N,\N,"Phoenixstraat","Delft","Delft","Zuid-Holland",false,52.009527,4.355767,"injury","2","clear",false,1,"GM0503"
"20220186249",2022,"Letsel",2,"Fiets","e-bike","Flank","Kruispunt, 3 takken",\N,"Brandend","Duisternis","Regen",\N,\N,"Binnenhof","Etten-Leur","Etten-Leur","Noord-Brabant",false,51.579089,4.63641,"injury","2","rain",false,1,"GM0777"
"20220195424",2022,"Uitsluitend materiele schade",2,"Personenauto","Fiets","Flank","Rotonde",50,"Brandend","Duisternis","Regen",\N,\N,"Kranenburgweg","Zwolle","Zwolle","Overijssel",false,52.527398,6.133611,"material damage only","4","rain",false,1,"GM0193"
"20220195741",2022,"Uitsluitend materiele schade",2,"Fiets","Personenauto","Flank","Rechte weg",50,"Niet brandend","Schemer","Droog",\N,"458427034","Langewijk","Dedemsvaart","Hardenberg","Overijssel",false,52.608876,6.483199,"material damage only","4","clear",false,1,"GM0160"
"20220122443",2022,"Letsel",1,"Fiets",\N,"Eenzijdig","Kruispunt, 4 takken",\N,"Niet brandend","Daglicht","Droog",\N,\N,"Amsterdamsevaart","Haarlem","Haarlem","Noord-Holland",false,52.380833,4.647303,"injury","2","clear",false,1,"GM0392"
"20220123648",2022,"Uitsluitend materiele schade",2,"e-bike","Personenauto","Flank","Rotonde",\N,"Niet brandend","Daglicht","Droog",\N,\N,"Hugo de Grootplein","Amsterdam","Amsterdam","Noord-Holland",false,52.374762,4.872963,"material damage only","4","clear",false,1,"GM0363"
"20220125004",2022,"Letsel",2,"Bromfiets","Fiets","Flank","Kruispunt, 3 takken",50,"Niet brandend","Daglicht","Droog",\N,\N,"Hildebrandplein","'s-Gravenhage","'s-Gravenhage","Zuid-Holland",false,52.054688,4.309776,"injury","2","clear",false,1,"GM0518"
"20220140952",2022,"Letsel",3,"Personenauto","e-bike","Onbekend","Rechte weg",15,"Niet brandend","Daglicht","Droog",\N,"231446049","Langeweide","Zuid-Scharwoude","Dijk en Waard","Noord-Holland",false,52.694497,4.804024,"injury","2","clear",false,1,"GM1980"