"accident_id","year","severity_raw","party_count","party1_type","party2_type","accident_type","road_situation","speed_limit_kmh","road_lighting","light_condition_label","weather_raw","infra_type","road_segment_id","street_name","place_name","gemeente_name_raw","province","alcohol_indicated","latitude","longitude","severity_label","severity_code","weather_label","built_up_area","cyclists_involved","gemeente_code"
"20220150977",2022,"Uitsluitend materiele schade",2,"Personenauto","Fiets","Flank","Kruispunt, 3 takken",80,"Niet brandend","Daglicht","Droog",\N,\N,"Produktieweg","Roermond","Roermond","Limburg",false,51.165195,6.048979,"material damage only","4","clear",false,1,"GM0957"
"20220179979",2022,"Letsel",3,"Personenauto","Fiets","Onbekend","Rechte weg",50,"Niet brandend","Daglicht","Regen",\N,"600492919","Picképlein","Noordwijk","Noordwijk","Zuid-Holland",false,52.241044,4.431541,"injury","2","rain",false,1,"GM0575"
"20220180660",2022,"Letsel",1,"Fiets",\N,"Eenzijdig","Rechte weg",30,"Niet brandend","Daglicht","Droog",\N,\N,"Herenweg","Noordwijk","Noordwijk","Zuid-Holland",false,52.228384,4.445046,"injury","2","clear",false,1,"GM0575"
"20220125123",2022,"Letsel",1,"Fiets",\N,"Eenzijdig",\N,30,\N,"Duisternis",\N,\N,"600379472","Breedstraat","'s-Gravenhage","'s-Gravenhage","Zuid-Holland",false,52.078145,4.302586,"injury","2","unknown",false,1,"GM0518"
"20220127251",2022,"Uitsluitend materiele schade",2,"Personenauto","Fiets","Flank","Rechte weg",30,"Niet brandend","Daglicht",\N,\N,"600283661","Woudweg","Schiedam","Schiedam","Zuid-Holland",false,51.947389,4.355303,"material damage only","4","unknown",false,1,"GM0606"
"20220128552",2022,"Letsel",2,"Personenauto","Fiets","Geparkeerd voertuig","Rechte weg",50,"Niet brandend","Daglicht","Droog","Parkeervoorziening","181274020","Burgemeester Meineszlaan","Rotterdam","Rotterdam","Zuid-Holland",false,51.918213,4.452374,"injury","2","clear",false,1,"GM0599"
"20220129898",2022,"Letsel",2,"e-bike","Personenauto","Los voorwerp","Rotonde",60,"Niet brandend","Daglicht","Droog",\N,\N,"Hoeksestraat","Schijf","Rucphen","Noord-Brabant",false,51.482896,4.539349,"injury","2","clear",false,1,"GM0840"
"20220129899",2022,"Uitsluitend materiele schade",2,"Personenauto","Fiets","Flank","Kruispunt, 4 takken",50,"Niet brandend","Daglicht","Droog",\N,\N,"Oerlesestraat","Tilburg","Tilburg","Noord-Brabant",false,51.547139,5.077745,"material damage only","4","clear",false,1,"GM0855"
"20220131293",2022,"Uitsluitend materiele schade",2,"Personenauto","Fiets","Flank","Rotonde",50,"Niet brandend","Daglicht","Droog",\N,\N,"John F. Kennedybaan","Oss","Oss","Noord-Brabant",false,51.775082,5.507655,"material damage only","4","clear",false,1,"GM0828"
"20220167705",2022,"Letsel",2,"Personenauto","e-bike","Flank","Kruispunt, 3 takken",50,"Niet brandend","Daglicht","Droog",\N,\N,"Kromme Dissel","Beuningen Gld","Beuningen","Gelderland",false,51.85524,5.773186,"injury","2","clear",false,1,"GM0209"
"20220173880",2022,"Letsel",1,"Fiets",\N,"Eenzijdig",\N,30,\N,"Duisternis",\N,\N,"209385148","Rijksstraatweg","Haarlem","Haarlem","Noord-Holland",false,52.421031,4.646744,"injury","2","unknown",false,1,"GM0392"
"20220180705",2022,"Letsel",2,"Fiets","Fiets","Onbekend","Bocht",30,"Brandend","Duisternis","Droog",\N,"600750826","Beiershof","Bodegraven","Bodegraven-Reeuwijk","Zuid-Holland",false,52.080141,4.749658,"injury","2","clear",false,1,"GM1901"
"20220183434",2022,"Letsel",2,"Personenauto","Fiets","Frontaal","Kruispunt, 3 takken",50,"Niet brandend","Daglicht",\N,\N,\N,"Spaanseweg","Rotterdam","Rotterdam","Zuid-Holland",false,51.917803,4.428473,"injury","2","unknown",false,1,"GM0599"
"20220194407",2022,"Letsel",1,"Fiets",\N,"Eenzijdig","Kruispunt, 4 takken",50,"Brandend","Duisternis","Regen",\N,\N,"Jan Steenstraat","Groningen","Groningen","Groningen",false,53.216351,6.547293,"injury","2","rain",false,1,"GM0014"
"20220188580",2022,"Uitsluitend materiele schade",2,"Bromfiets","e-bike","Frontaal","Rechte weg",30,"Brandend","Duisternis","Droog",\N,\N,"Boschdijk","Eindhoven","Eindhoven","Noord-Brabant",false,51.454708,5.461613,"material damage only","4","clear",false,1,"GM0772"
"20220189088",2022,"Uitsluitend materiele schade",2,"Personenauto","Fiets","Flank","Kruispunt, 3 takken",50,"Niet brandend","Daglicht","Regen",\N,\N,"Willem Barentszstraat","'s-Hertogenbosch","'s-Hertogenbosch","Noord-Brabant",false,51.694258,5.273016,"material damage only","4","rain",false,1,"GM0796"
"20220134173",2022,"Letsel",2,"Bestelauto","Fiets","Flank","Rechte weg",50,"Niet brandend","Daglicht","Droog",\N,"600852331","Noorderdwarsvaart","Drachten","Smallingerland","Friesland",false,53.116737,6.107514,"injury","2","clear",false,1,"GM0090"
"20220143927",2022,"Letsel",2,"Bestelauto","Fiets","Geparkeerd voertuig","Rechte weg",30,"Brandend","Duisternis","Droog",\N,"600107114","Zuidwal","'s-Gravenhage","'s-Gravenhage","Zuid-Holland",false,52.072634,4.313178,"injury","2","clear",false,1,"GM0518"
"20220143930",2022,"Uitsluitend materiele schade",2,"Personenauto","e-bike","Flank","Kruispunt, 4 takken",50,"Niet brandend","Daglicht","Droog",\N,\N,"VAN LODENSTEYNBRUG","Delft","Delft","Zuid-Holland",false,52.014395,4.371002,"material damage only","4","clear",false,1,"GM0503"
"20220161953",2022,"Letsel",2,"Personenauto","Fiets","Onbekend","Kruispunt, 4 takken",50,"Niet brandend","Daglicht","Droog",\N,\N,"Hippocrateslaan","Groningen","Groningen","Groningen",false,53.196528,6.556738,"injury","2","clear",false,1,"GM0014"
"20220173903",2022,"Uitsluitend materiele schade",2,"Bestelauto","Fiets","Flank","Kruispunt, 3 takken",50,"Niet brandend","Daglicht","Droog",\N,\N,"Heilooërdijk","Alkmaar","Alkmaar","Noord-Holland",false,52.621843,4.735411,"material damage only","4","clear",false,1,"GM0361"
"20220186533",2022,"Uitsluitend materiele schade",2,"Personenauto","Fiets","Onbekend","Rechte weg",50,"Niet brandend","Daglicht","Regen",\N,"103180021","Populierenstraat","Goes","Goes","Zeeland",false,51.493145,3.899972,"material damage only","4","rain",false,1,"GM0664"
"20220189269",2022,"Letsel",2,"Fiets","Fiets","Onbekend","Rechte weg",50,"Niet brandend","Daglicht","Droog",\N,"342177055","Dorpsstraat","Helmond","Helmond","Noord-Brabant",false,51.485574,5.620836,"injury","2","clear",false,1,"GM0794"
"20220117281",2022,"Uitsluitend materiele schade",1,"Fiets",\N,"Onbekend","Rechte weg",60,"Brandend","Duisternis","Droog",\N,"600553570","Zuiderzeestraatweg","Hattem","Hattem","Gelderland",false,52.495917,6.054754,"material damage only","4","clear",false,1,"GM0244"
"20220137395",2022,"Letsel",2,"Bestelauto","Fiets","Flank","Kruispunt, 3 takken",30,"Brandend","Schemer","Droog",\N,\N,"Hengelosestraat","Enschede","Enschede","Overijssel",false,52.223165,6.892009,"injury","2","clear",false,1,"GM0153"
"20220141153",2022,"Letsel",2,"Personenauto","Fiets","Flank","Kruispunt, 4 takken",30,"Niet brandend","Daglicht","Droog",\N,\N,"Fluitekruidweg","Zaandam","Zaanstad","Noord-Holland",false,52.45924,4.827284,"injury","2","clear",false,1,"GM0479"
"20220154060",2022,"Letsel",2,"Snorfiets","Fiets","Frontaal","Rechte weg",80,"Niet aanwezig","Daglicht","Droog",\N,"600590147","Dronterringweg","Swifterbant","Dronten","Flevoland",false,52.554379,5.68674,"injury","2","clear",false,1,"GM0303"
"20220165279",2022,"Uitsluitend materiele schade",2,"Personenauto","Fiets","Flank","Rechte weg",30,"Niet brandend","Daglicht","Droog",\N,"600394559","Nassaulaan","Harderwijk","Harderwijk","Gelderland",false,52.335446,5.633631,"material damage only","4","clear",false,1,"GM0243"
"20220189036",2022,"Uitsluitend materiele schade",2,"Fiets","Fiets","Frontaal","Rechte weg",30,"Niet brandend","Daglicht","Droog",\N,"600801745","Merendreef","Valkenswaard","Valkenswaard","Noord-Brabant",false,51.361038,5.467499,"material damage only","4","clear",false,1,"GM0858"
"20220131621",2022,"Letsel",2,"Bestelauto","e-bike","Flank","Kruispunt, 4 takken",50,"Niet brandend","Daglicht","Droog",\N,\N,"Beugenseweg","Oeffelt","Land van Cuijk","Noord-Brabant",false,51.693459,5.939307,"injury","2","clear",false,1,"GM1982"
"20220138438",2022,"Uitsluitend materiele schade",2,"Personenauto","Fiets","Flank","Kruispunt, 3 takken",\N,"Niet brandend","Daglicht","Droog",\N,\N,"Kringloop","Zeewolde","Zeewolde","Flevoland",false,52.34485,5.516815,"material damage only","4","clear",false,1,"GM0050"
"20220142727",2022,"Letsel",2,"Bestelauto","e-bike","Onbekend","Rechte weg",30,"Niet brandend","Daglicht","Regen",\N,"174337135","Zuidstraat","Katwijk","Katwijk","Zuid-Holland",false,52.202116,4.39516,"injury","2","rain",false,1,"GM0537"
"20220145250",2022,"Uitsluitend materiele schade",2,"Snorfiets","Fiets","Flank","Kruispunt, 4 takken",\N,"Niet brandend","Daglicht","Droog",\N,\N,"FIETSPAD","Voorschoten","Voorschoten","Zuid-Holland",false,52.146014,4.464209,"material damage only","4","clear",false,1,"GM0626"
"20220168001",2022,"Letsel",2,"Personenauto","Fiets","Flank","Kruispunt, 3 takken",50,"Brandend","Schemer","Regen",\N,\N,"Stationsstraat","Deventer","Deventer","Overijssel",false,52.259515,6.154353,"injury","2","rain",false,1,"GM0150"
"20220172886",2022,"Uitsluitend materiele schade",1,"Fiets",\N,"Onbekend","Rechte weg",50,"Niet brandend","Daglicht","Regen",\N,"329298062","Goudvink","Veenendaal","Veenendaal","Utrecht",false,52.03217,5.528942,"material damage only","4","rain",false,1,"GM0345"
"20220183748",2022,"Uitsluitend materiele schade",3,"Fiets","Fiets","Flank","Rechte weg",50,"Niet brandend","Daglicht","Droog",\N,"600580400","Goudse Rijweg","Rotterdam","Rotterdam","Zuid-Holland",false,51.928026,4.489273,"material damage only","4","clear",false,1,"GM0599"
"20220185369",2022,"Letsel",2,"Personenauto","Fiets","Onbekend","Rotonde",50,"Niet brandend","Daglicht","Droog",\N,\N,"Laan van Bol'Es","Schiedam","Schiedam","Zuid-Holland",false,51.928363,4.368217,"injury","2","clear",false,1,"GM0606"
"20220185374",2022,"Uitsluitend materiele schade",2,"Personenauto","Fiets","Flank","Kruispunt, 3 takken",50,"Niet brandend","Daglicht","Droog",\N,\N,"Hunzeweg","Dordrecht","Dordrecht","Zuid-Holland",false,51.816283,4.715842,"material damage only","4","clear",false,1,"GM0505"
"20220191724",2022,"Letsel",3,"Fiets","Bromfiets","Kop/staart","Rechte weg",30,"Brandend","Duisternis","Regen",\N,"466565048","Boteringesingel","Groningen","Groningen","Groningen",false,53.226011,6.558753,"injury","2","rain",false,1,"GM0014"
"20220115625",2022,"Letsel",1,"e-bike",\N,"Eenzijdig","Kruispunt, 4 takken",80,"Niet brandend","Daglicht","Droog",\N,\N,"Brédyk","Jelsum","Leeuwarden","Friesland",false,53.232021,5.777291,"injury","2","clear",false,1,"GM0080"
"20220118895",2022,"Uitsluitend materiele schade",3,"Personenauto","e-bike","Onbekend","Rechte weg",50,"Niet brandend","Daglicht","Droog",\N,"477383007","Westeinde","Vriezenveen","Twenterand","Overijssel",false,52.409422,6.617246,"material damage only","4","clear",false,1,"GM1700"
"20220131689",2022,"Uitsluitend materiele schade",2,"Fiets","Fiets","Flank","Rechte weg",30,"Niet brandend","Daglicht","Droog",\N,"332205012","Rembrandtlaan","Veghel","Meierijstad","Noord-Brabant",false,51.61508,5.552058,"material damage only","4","clear",false,1,"GM1948"
"20220141419",2022,"Uitsluitend materiele schade",2,"Personenauto","Fiets","Frontaal","Kruispunt, 4 takken",30,"Niet brandend","Daglicht","Droog",\N,\N,"Singel","Amsterdam","Amsterdam","Noord-Holland",false,52.373309,4.889165,"material damage only","4","clear",false,1,"GM0363"
"20220154233",2022,"Uitsluitend materiele schade",2,"Bromfiets","Fiets","Onbekend","Rechte weg",\N,"Niet brandend","Daglicht","Droog",\N,"230437143","Westerweg","Heerhugowaard","Dijk en Waard","Noord-Holland",false,52.656183,4.801895,"material damage only","4","clear",false,1,"GM1980"
"20220187865",2022,"Uitsluitend materiele schade",3,"Fiets","Fiets","Onbekend","Rechte weg",30,"Niet brandend","Daglicht","Droog",\N,"313159024","De Run","Veldhoven","Veldhoven","Noord-Brabant",false,51.408015,5.411788,"material damage only","4","clear",false,1,"GM0861"
"20220191635",2022,"Letsel",1,"Fiets",\N,"Eenzijdig","Rechte weg",15,"Niet brandend","Daglicht","Droog",\N,"600360002","Jan Goeverneurstraat","Groningen","Groningen","Groningen",false,53.211884,6.579537,"injury","2","clear",false,1,"GM0014"
"20220121337",2022,"Uitsluitend materiele schade",3,"Personenauto","Fiets","Los voorwerp","Bocht",50,"Niet brandend","Daglicht","Droog",\N,"236391032","Brikstraat","Zaandam","Zaanstad","Noord-Holland",false,52.445281,4.843273,"material damage only","4","clear",false,1,"GM0479"
"20220138560",2022,"Letsel",1,"Fiets",\N,"Eenzijdig","Rechte weg",60,"Niet brandend","Daglicht","Regen",\N,"600931161","Oude Amsterdamsestrwg","Baarn","Baarn","Utrecht",false,52.222468,5.253749,"injury","2","rain",false,1,"GM0308"
"20220145388",2022,"Uitsluitend materiele schade",2,"Personenauto","Fiets","Flank","Bocht",50,"Niet brandend","Daglicht","Droog",\N,"600767283","Nieuwe Hoven","Gorinchem","Gorinchem","Zuid-Holland",false,51.836655,4.971183,"material damage only","4","clear",false,1,"GM0512"
"20220152534",2022,"Uitsluitend materiele schade",3,"Fiets","Personenauto","Onbekend","Rechte weg",50,"Niet brandend","Daglicht","Droog",\N,\N,"Rijnlaan","Zwolle","Zwolle","Overijssel",false,52.533936,6.099731,"material damage only","4","clear",false,1,"GM0193"
"20220159477",2022,"Letsel",1,"Fiets",\N,"Eenzijdig","Rechte weg",30,"Niet brandend","Daglicht","Droog",\N,"600799717","Nieuwe Waalreseweg","Valkenswaard","Valkenswaard","Noord-Brabant",false,51.360401,5.448109,"injury","2","clear",false,1,"GM0858"
"20220168152",2022,"Uitsluitend materiele schade",3,"Fiets","Personenauto","Onbekend","Rechte weg",50,"Niet aanwezig","Duisternis","Droog",\N,"600516237","Geerdinksweg","Hengelo","Hengelo (O)","Overijssel",false,52.259854,6.775843,"material damage only","4","clear",false,1,\N
"20220171616",2022,"Letsel",2,"Fiets","Fiets","Flank","Rechte weg",50,"Niet brandend","Daglicht","Droog",\N,"297331041","Dalweg","Soest","Soest","Utrecht",false,52.178823,5.298705,"injury","2","clear",false,1,"GM0342"
"20220173026",2022,"Uitsluitend materiele schade",2,"Fiets","Personenauto","Onbekend",\N,\N,\N,"Daglicht",\N,\N,\N,"Dadelklaverstraat","Almere","Almere","Flevoland",false,52.384399,5.205276,"material damage only","4","unknown",false,1,"GM0034"
"20220173032",2022,"Letsel",2,"Personenauto","Fiets","Flank","Kruispunt, 4 takken",50,"Niet brandend","Daglicht","Droog",\N,\N,"Koningin Wilhelminalaan","Utrecht","Utrecht","Utrecht",false,52.075353,5.100126,"injury","2","clear",false,1,"GM0344"
"20220192358",2022,"Letsel",2,"Personenauto","Fiets","Flank","Kruispunt, 4 takken",30,"Niet brandend","Daglicht","Droog",\N,\N,"Hoofdvaartsweg","Assen","Assen","Drenthe",false,52.999477,6.53012,"injury","2","clear",false,1,"GM0106"
"20220193360",2022,"Uitsluitend materiele schade",2,"Personenauto","Fiets","Los voorwerp","Kruispunt, 4 takken",30,"Niet brandend","Duisternis","Regen",\N,\N,"Drie Stellingenweg","Oosterwolde","Ooststellingwerf","Friesland",false,52.987169,6.296549,"material damage only","4","rain",false,1,"GM0085"
"20220122911",2022,"Uitsluitend materiele schade",2,"Personenauto","e-bike","Onbekend",\N,30,\N,"Schemer",\N,\N,"600766683","Middelweg","Opmeer","Opmeer","Noord-Holland",false,52.7096,4.944285,"material damage only","4","unknown",false,1,"GM0432"
"20220135793",2022,"Letsel",2,"Fiets","Voetganger","Voetganger","Rechte weg",30,"Niet brandend","Daglicht","Droog",\N,\N,"Henry Woodstraat","Hengelo","Hengelo (O)","Overijssel",false,52.284724,6.830117,"injury","2","clear",false,1,\N
"20220155648",2022,"Uitsluitend materiele schade",2,"Personenauto","Fiets","Flank","Kruispunt, 4 takken",50,"Niet brandend","Daglicht","Regen",\N,\N,"Wingerdweg","Amsterdam","Amsterdam","Noord-Holland",false,52.390077,4.915461,"material damage only","4","rain",false,1,"GM0363"
"20220192968",2022,"Letsel",2,"Personenauto","Fiets","Flank","Rechte weg",50,"Niet brandend","Daglicht","Droog",\N,\N,"Hollanderdijk","Leeuwarden","Leeuwarden","Friesland",false,53.196418,5.796384,"injury","2","clear",false,1,"GM0080"
"20220196352",2022,"Letsel",2,"Bestelauto","Fiets","Frontaal","Rechte weg",50,"Brandend","Duisternis","Droog",\N,"460371033","van den Bergsweg","Nijverdal","Hellendoorn","Overijssel",false,52.356763,6.490379,"injury","2","clear",false,1,"GM0163"
"20220196754",2022,"Letsel",2,"Bestelauto","Fiets","Flank","Rechte weg",30,"Niet brandend","Daglicht","Droog",\N,"468432021","Herenstraat","Slagharen","Hardenberg","Overijssel",false,52.626336,6.556148,"injury","2","clear",false,1,"GM0160"
"20220116053",2022,"Letsel",1,"e-bike",\N,"Eenzijdig",\N,30,\N,"Duisternis",\N,\N,"481367134","De Taling","Almelo","Almelo","Overijssel",false,52.333829,6.65003,"injury","2","unknown",false,1,"GM0141"
"20220119069",2022,"Letsel",2,"Personenauto","e-bike","Flank","Kruispunt, 3 takken",50,"Niet brandend","Daglicht","Droog",\N,\N,"Strangeweg","Ommen","Ommen","Overijssel",false,52.524825,6.426695,"injury","2","clear",false,1,"GM0175"
"20220124174",2022,"Uitsluitend materiele schade",2,"Personenauto","Fiets","Flank","Kruispunt, 3 takken",50,"Niet brandend","Daglicht","Droog",\N,\N,"Schinkelkade","Amsterdam","Amsterdam","Noord-Holland",false,52.350908,4.852679,"material damage only","4","clear",false,1,"GM0363"
"20220143192",2022,"Uitsluitend materiele schade",2,"Personenauto","Fiets","Flank","Bocht",50,"Niet brandend","Daglicht","Droog",\N,"158317211","Badhuisweg","'s-Gravenhage","'s-Gravenhage","Zuid-Holland",false,52.111331,4.285037,"material damage only","4","clear",false,1,"GM0518"
"20220188151",2022,"Uitsluitend materiele schade",2,"Personenauto","Fiets","Flank","Rotonde",50,"Niet brandend","Daglicht","Droog",\N,\N,"Burg Woltersstraat","Heesch","Bernheze","Noord-Brabant",false,51.732546,5.51736,"material damage only","4","clear",false,1,"GM1721"
"20220188198",2022,"Uitsluitend materiele schade",1,"Fiets",\N,"Onbekend","Rechte weg",30,"Niet brandend","Daglicht","Droog",\N,"600260837","1e Lieven de Keylaan","Eindhoven","Eindhoven","Noord-Brabant",false,51.467143,5.467603,"material damage only","4","clear",false,1,"GM0772"
"20220117894",2022,"Uitsluitend materiele schade",2,"Personenauto","Fiets","Flank","Kruispunt, 4 takken",30,"Niet brandend","Daglicht","Droog",\N,\N,"Brink","Nijkerk","Nijkerk","Gelderland",false,52.223801,5.482574,"material damage only","4","clear",false,1,"GM0267"
"20220126617",2022,"Letsel",2,"Bestelauto","Fiets","Flank","Kruispunt, 3 takken",50,"Niet brandend","Daglicht","Droog",\N,\N,"Dennenlaan","Wassenaar","Wassenaar","Zuid-Holland",false,52.11628,4.352393,"injury","2","clear",false,1,"GM0629"
"20220128888",2022,"Letsel",2,"Personenauto","e-bike","Flank","Kruispunt, 4 takken",50,"Niet brandend","Daglicht","Droog",\N,\N,"Singel","Dordrecht","Dordrecht","Zuid-Holland",false,51.809766,4.662743,"injury","2","clear",false,1,"GM0505"
"20240084738",2024,"Uitsluitend materiele schade",2,"Bromfiets","Fiets","Flank","Rechte weg",50,"Niet brandend","Daglicht","Droog",\N,"483370098","Burg Raveslootsingel","Almelo","Almelo","Overijssel",false,52.348512,6.660117,"material damage only","4","clear",false,1,"GM0141"
"20240088028",2024,"Letsel",1,"Fiets",\N,"Onbekend",\N,50,\N,"Daglicht",\N,\N,"600678392","Oostlaan","Pijnacker","Pijnacker-Nootdorp","Zuid-Holland",false,52.020775,4.43703,"injury","2","unknown",false,1,"GM1926"
"20240088670",2024,"Letsel",1,"Fiets",\N,"Onbekend","Rotonde",50,"Niet brandend","Daglicht","Droog",\N,\N,"Biltlaan","Katwijk","Katwijk","Zuid-Holland",false,52.202217,4.416905,"injury","2","clear",false,1,"GM0537"
"20240092511",2024,"Uitsluitend materiele schade",2,"Personenauto","Fiets","Flank","Kruispunt, 3 takken",30,"Niet brandend","Daglicht","Droog",\N,\N,"Burg van Oppenstraat","Maastricht","Maastricht","Limburg",false,50.855533,5.715291,"material damage only","4","clear",false,1,"GM0935"
"20240092542",2024,"Uitsluitend materiele schade",2,"Fiets","Overig vast object","Vast voorwerp","Rechte weg",30,"Niet brandend","Daglicht","Droog",\N,"333235001","Docfalaan","Oss","Oss","Noord-Brabant",false,51.745953,5.557111,"material damage only","4","clear",false,1,"GM0828"
"20240094098",2024,"Letsel",1,"Fiets",\N,"Onbekend",\N,30,\N,"Daglicht",\N,\N,\N,"Vlinderparkweg","Deventer","Deventer","Overijssel",false,52.253323,6.215724,"injury","2","unknown",false,1,"GM0150"
"20240097295",2024,"Letsel",1,"Fiets",\N,"Onbekend","Rechte weg",50,"Niet brandend","Daglicht",\N,\N,"161309122","Jan Hendrikstraat","'s-Gravenhage","'s-Gravenhage","Zuid-Holland",false,52.07623,4.30689,"injury","2","unknown",false,1,"GM0518"
"20240097313",2024,"Letsel",1,"Fiets",\N,"Onbekend","Rotonde",30,"Brandend","Duisternis","Droog",\N,\N,"Dynamostraat","'s-Gravenhage","'s-Gravenhage","Zuid-Holland",false,52.059044,4.306054,"injury","2","clear",false,1,"GM0518"
"20240097314",2024,"Letsel",2,"Fiets","Fiets","Onbekend","Rechte weg",30,"Niet brandend","Daglicht","Droog",\N,"205336001","Westeinde","Roelofarendsveen","Kaag en Braassem","Zuid-Holland",false,52.201818,4.623095,"injury","2","clear",false,1,"GM1884"
"20240045947",2024,"Uitsluitend materiele schade",2,"Personenauto","Fiets","Onbekend","Rechte weg",50,"Niet brandend","Daglicht","Droog",\N,\N,"Deventerstraatweg","Zwolle","Zwolle","Overijssel",false,52.503958,6.096874,"material damage only","4","clear",false,1,"GM0193"
"20240046597",2024,"Uitsluitend materiele schade",2,"Personenauto","Fiets","Flank","Kruispunt, 4 takken",50,"Niet brandend","Daglicht","Droog",\N,\N,"Barkmolenstraat","Groningen","Groningen","Groningen",false,53.215112,6.580303,"material damage only","4","clear",false,1,"GM0014"
"20240071374",2024,"Letsel",1,"Fiets",\N,"Onbekend","Rechte weg",30,"Niet brandend","Daglicht","Droog","Parkeervoorziening",\N,"Cellebroedersstraat","Schoonhoven","Krimpenerwaard","Zuid-Holland",false,51.946456,4.858783,"injury","2","clear",false,1,"GM1931"
"20240082233",2024,"Letsel",2,"Fiets",\N,"Flank","Kruispunt, 3 takken",30,"Niet brandend","Daglicht","Droog",\N,\N,"Morlaixlaan","Eindhoven","Eindhoven","Noord-Brabant",false,51.4821,5.449369,"injury","2","clear",false,1,"GM0772"
"20240048376",2024,"Uitsluitend materiele schade",2,"Snorfiets","Fiets","Kop/staart","Rechte weg",\N,"Niet brandend","Daglicht",\N,\N,"600780582","Groenekanseweg","Groenekan","De Bilt","Utrecht",false,52.116645,5.173703,"material damage only","4","unknown",false,1,"GM0310"
"20240049008",2024,"Letsel",2,"Fiets","Fiets","Frontaal","Rechte weg",30,"Niet brandend","Daglicht","Droog",\N,"600908925","Kooikerspad","Houten","Houten","Utrecht",false,52.037825,5.179208,"injury","2","clear",false,1,"GM0321"
"20240075611",2024,"Letsel",2,"Personenauto","Fiets","Onbekend","Bocht",30,"Niet brandend","Daglicht","Droog",\N,"341527004","Terpstrjitte","Tirns","Súdwest-Fryslân","Friesland",false,53.059073,5.624776,"injury","2","clear",false,1,"GM1900"
"20240079727",2024,"Letsel",2,"Personenauto","Fiets","Flank","Kruispunt, 4 takken",30,"Niet brandend","Daglicht","Droog",\N,\N,"Top Naefflaan","Haarlem","Haarlem","Noord-Holland",false,52.406909,4.637325,"injury","2","clear",false,1,"GM0392"
"20240083595",2024,"Uitsluitend materiele schade",2,"Vrachtauto","Fiets","Los voorwerp","Rechte weg",\N,"Niet brandend","Daglicht","Droog",\N,"600816086","Kanaaldijk N.W.","Helmond","Helmond","Noord-Brabant",false,51.481463,5.651331,"material damage only","4","clear",false,1,"GM0794"
"20240092627",2024,"Letsel",2,"Fiets","Fiets","Flank","Rechte weg",15,"Niet brandend","Daglicht","Droog",\N,\N,"Stationsplein","Roermond","Roermond","Limburg",false,51.192272,5.992455,"injury","2","clear",false,1,"GM0957"
"20240094619",2024,"Letsel",2,"Snorfiets","Fiets","Frontaal","Bocht",30,"Niet aanwezig","Daglicht","Droog",\N,"478302142","Eibergseweg","Groenlo","Oost Gelre","Gelderland",false,52.045307,6.620009,"injury","2","clear",false,1,"GM1586"
"20240081647",2024,"Uitsluitend materiele schade",1,"Fiets",\N,"Eenzijdig","Kruispunt, 4 takken",50,"Niet brandend","Daglicht","Droog",\N,\N,"Grote Haarsekade","Gorinchem","Gorinchem","Zuid-Holland",false,51.850386,4.973927,"material damage only","4","clear",false,1,"GM0512"
"20240081666",2024,"Letsel",2,"Fiets","Fiets","Flank","Rechte weg",50,"Niet brandend","Daglicht","Droog",\N,"161277006","Rijskade","Maasland","Midden-Delfland","Zuid-Holland",false,51.932565,4.308036,"injury","2","clear",false,1,"GM1842"
"20240087520",2024,"Uitsluitend materiele schade",2,"Personenauto","Fiets","Flank","Rechte weg",50,"Niet brandend","Daglicht","Droog",\N,"600567553","Parkweg","Enschede","Enschede","Overijssel",false,52.219629,6.865313,"material damage only","4","clear",false,1,"GM0153"
"20240093817",2024,"Letsel",2,"Bestelauto","Fiets","Frontaal","Bocht",30,"Niet brandend","Daglicht","Droog",\N,"391484016","H.W.Mesdagstraat","Wolvega","Weststellingwerf","Friesland",true,52.86791,5.995739,"injury","2","clear",false,1,"GM0098"
"20240097999",2024,"Uitsluitend materiele schade",2,"Bromfiets","Fiets","Onbekend","Kruispunt, 3 takken",30,"Niet brandend","Daglicht","Droog",\N,\N,"Diepenbrockstraat","Amsterdam","Amsterdam","Noord-Holland",false,52.34457,4.884953,"material damage only","4","clear",false,1,"GM0363"
"20240077343",2024,"Uitsluitend materiele schade",2,"Personenauto","Fiets","Flank","Kruispunt, 4 takken",50,"Niet brandend","Daglicht","Regen",\N,\N,"Gasthuissingel","Haarlem","Haarlem","Noord-Holland",false,52.375883,4.630953,"material damage only","4","rain",false,1,"GM0392"
"20240079792",2024,"Letsel",2,"Personenauto","e-bike","Flank","Rotonde",50,"Niet brandend","Daglicht","Droog",\N,\N,"Duitslandlaan","Heemskerk","Heemskerk","Noord-Holland",false,52.496583,4.678759,"injury","2","clear",false,1,"GM0396"
"20240081687",2024,"Letsel",1,"Fiets",\N,"Eenzijdig","Rechte weg",30,"Niet brandend","Daglicht","Droog",\N,"600978813","Ketelmeerlaan","Leiden","Leiden","Zuid-Holland",false,52.175284,4.508294,"injury","2","clear",false,1,"GM0546"
"20240087551",2024,"Letsel",2,"Personenauto","Fiets","Frontaal","Rechte weg",50,"Niet brandend","Daglicht","Droog",\N,"601032801","Zandstraat","Veenendaal","Veenendaal","Utrecht",false,52.02963,5.549275,"injury","2","clear",false,1,"GM0345"
"20240088178",2024,"Letsel",2,"Fiets","Fiets","Flank","Rechte weg",30,"Niet brandend","Daglicht","Droog",\N,"600764526","Piet Heinkade","Amsterdam","Amsterdam","Noord-Holland",false,52.376487,4.919933,"injury","2","clear",false,1,"GM0363"