"accident_id","year","severity_raw","party_count","party1_type","party2_type","accident_type","road_situation","speed_limit_kmh","road_lighting","light_condition_label","weather_raw","infra_type","road_segment_id","street_name","place_name","gemeente_name_raw","province","alcohol_indicated","latitude","longitude","severity_label","severity_code","weather_label","built_up_area","cyclists_involved","gemeente_code"
"20240088848",2024,"Letsel",1,"Fiets",\N,"Onbekend",\N,\N,\N,"Daglicht",\N,\N,"600999338","Voorweg","Zoetermeer","Zoetermeer","Zuid-Holland",false,52.062335,4.466916,"injury","2","unknown",false,1,"GM0637"
"20240045463",2024,"Letsel",2,"Personenauto","Fiets","Flank","Rechte weg",15,"Niet brandend","Daglicht","Droog",\N,"600803172","Professor Dr Dorgelolaan","Eindhoven","Eindhoven","Noord-Brabant",false,51.445454,5.490905,"injury","2","clear",false,1,"GM0772"
"20240049733",2024,"Letsel",2,"Personenauto","Fiets","Onbekend","Rechte weg",30,"Niet brandend","Daglicht","Droog",\N,"600422059","Zuider IJdijk","Amsterdam","Amsterdam","Noord-Holland",true,52.367332,4.957794,"injury","2","clear",false,1,"GM0363"
"20240078597",2024,"Letsel",2,"Fiets","Overig vast object","Vast voorwerp","Rechte weg",50,"Niet brandend","Daglicht","Droog",\N,"180347067","Quarles van Uffordstraat","Noordwijk","Noordwijk","Zuid-Holland",false,52.24673,4.438168,"injury","2","clear",false,1,"GM0575"
"20240078613",2024,"Dodelijk",2,"Personenauto","Fiets","Flank","Rechte weg",30,"Niet brandend","Schemer","Droog",\N,"248375022","Oostelijke Handelskade","Amsterdam","Amsterdam","Noord-Holland",false,52.374406,4.934889,"fatal","1","clear",false,1,"GM0363"
"20240088204",2024,"Letsel",2,"Bromfiets","Fiets","Frontaal","Rechte weg",30,"Niet brandend","Daglicht","Droog",\N,"600891609","Gooweg","Noordwijk","Noordwijk","Zuid-Holland",false,52.238577,4.456818,"injury","2","clear",false,1,"GM0575"
"20240088215",2024,"Letsel",1,"Fiets",\N,"Onbekend","Rechte weg",50,"Niet brandend","Daglicht","Droog",\N,"164313077","Van Alkemadelaan","'s-Gravenhage","'s-Gravenhage","Zuid-Holland",false,52.0944,4.328323,"injury","2","clear",false,1,"GM0518"
"20240089552",2024,"Uitsluitend materiele schade",2,"Personenauto","Fiets","Flank","Rotonde",30,"Niet brandend","Daglicht","Droog",\N,\N,"Baden Powellweg","Amsterdam","Amsterdam","Noord-Holland",false,52.362681,4.787673,"material damage only","4","clear",false,1,"GM0363"
"20240090207",2024,"Uitsluitend materiele schade",2,"Personenauto","Fiets","Flank","Kruispunt, 4 takken",50,"Niet brandend","Daglicht","Droog",\N,\N,"Zuidweg","Krabbendijke","Reimerswaal","Zeeland",false,51.42691,4.110989,"material damage only","4","clear",false,1,"GM0703"
"20240093905",2024,"Uitsluitend materiele schade",2,"Personenauto","Fiets","Onbekend","Rotonde",80,"Niet brandend","Daglicht","Droog",\N,\N,"Ooigraaf","Beuningen Gld","Beuningen","Gelderland",false,51.863144,5.75088,"material damage only","4","clear",false,1,"GM0209"
"20240094303",2024,"Uitsluitend materiele schade",2,"Personenauto","Fiets","Flank","Kruispunt, 3 takken",50,"Niet brandend","Daglicht","Droog",\N,\N,"Bellavistastraat","Almelo","Almelo","Overijssel",false,52.354906,6.656044,"material damage only","4","clear",false,1,"GM0141"
"20240049776",2024,"Uitsluitend materiele schade",1,"Fiets",\N,"Eenzijdig","Rechte weg",50,"Niet brandend","Daglicht","Droog",\N,\N,"Churchilllaan","Leiden","Leiden","Zuid-Holland",false,52.147204,4.47529,"material damage only","4","clear",false,1,"GM0546"
"20240050424",2024,"Dodelijk",2,"Fiets","Personenauto","Flank","Kruispunt, 4 takken",50,"Niet brandend","Daglicht","Droog",\N,\N,"Westhavenweg","Amsterdam","Amsterdam","Noord-Holland",false,52.412684,4.824561,"fatal","1","clear",false,1,"GM0363"
"20240075753",2024,"Letsel",2,"Personenauto","e-bike","Flank","Kruispunt, 3 takken",60,"Niet brandend","Daglicht","Droog",\N,\N,"Stadsweg","Zwartsluis","Zwartewaterland","Overijssel",false,52.600976,6.097518,"injury","2","clear",false,1,"GM1896"
"20240083728",2024,"Letsel",2,"Bestelauto","Fiets","Onbekend",\N,30,\N,"Daglicht",\N,\N,\N,"Roeselarestraat","Breda","Breda","Noord-Brabant",false,51.609264,4.788342,"injury","2","unknown",false,1,"GM0758"
"20240086306",2024,"Letsel",2,"Bestelauto","Fiets","Flank","Kruispunt, 4 takken",50,"Niet aanwezig","Daglicht","Droog",\N,\N,"Parijsstraat","Lijnden","Haarlemmermeer","Noord-Holland",false,52.349207,4.761765,"injury","2","clear",false,1,"GM0394"
"20240090215",2024,"Letsel",2,"Fiets","Fiets","Flank","Rechte weg",60,"Niet brandend","Daglicht","Droog",\N,"241200001","Vijf Eiken","Rijen","Gilze en Rijen","Noord-Brabant",false,51.588219,4.896601,"injury","2","clear",false,1,"GM0784"
"20240102142",2024,"Uitsluitend materiele schade",2,"Snorfiets","Fiets","Kop/staart","Kruispunt, 4 takken",30,"Niet brandend","Daglicht","Droog",\N,\N,"Antoon Coolenlaan","Eindhoven","Eindhoven","Noord-Brabant",false,51.416806,5.480826,"material damage only","4","clear",false,1,"GM0772"
"20240050482",2024,"Letsel",1,"Fiets",\N,"Eenzijdig","Rechte weg",30,"Niet brandend","Daglicht","Droog",\N,"149307032","Hoek van Hollandlaan","'s-Gravenhage","'s-Gravenhage","Zuid-Holland",false,52.065329,4.219342,"injury","2","clear",false,1,"GM0518"
"20240072577",2024,"Uitsluitend materiele schade",2,"Fiets","Fiets","Flank","Rechte weg",30,"Niet brandend","Daglicht","Droog",\N,"300199013","Stationsstraat","Boxtel","Boxtel","Noord-Brabant",false,51.585306,5.319913,"material damage only","4","clear",false,1,"GM0757"
"20240072584",2024,"Letsel",3,"Fiets","Vrachtauto","Onbekend","Rechte weg",30,"Niet brandend","Daglicht","Droog",\N,"346175086","Steenweg","Helmond","Helmond","Noord-Brabant",false,51.480001,5.647621,"injury","2","clear",false,1,"GM0794"
"20240074117",2024,"Letsel",2,"Bestelauto","Fiets","Flank","Rechte weg",30,"Niet brandend","Daglicht","Droog",\N,"225198077","Ginnekenweg","Breda","Breda","Noord-Brabant",false,51.578696,4.778698,"injury","2","clear",false,1,"GM0758"
"20240083785",2024,"Letsel",2,"Personenauto","Fiets","Onbekend","Bocht",15,"Niet brandend","Daglicht","Droog",\N,\N,"Motte","Kloetinge","Goes","Zeeland",false,51.488487,3.906899,"injury","2","clear",false,1,"GM0664"
"20240083802",2024,"Uitsluitend materiele schade",2,"Personenauto","Fiets","Flank","Kruispunt, 4 takken",70,"Niet brandend","Daglicht","Droog",\N,\N,"Tongelresestraat","Eindhoven","Eindhoven","Noord-Brabant",false,51.441532,5.50432,"material damage only","4","clear",false,1,"GM0772"
"20240086347",2024,"Uitsluitend materiele schade",2,"Bromfiets","Fiets","Flank","Rechte weg",50,"Niet brandend","Daglicht","Droog",\N,\N,"Vreelandseweg","Hilversum","Hilversum","Noord-Holland",false,52.219953,5.144173,"material damage only","4","clear",false,1,"GM0402"
"20240090895",2024,"Letsel",1,"Fiets",\N,"Onbekend","Rechte weg",50,"Niet brandend","Daglicht","Droog",\N,"600673034","Droespolderweg","Botlek Rotterdam","Rotterdam","Zuid-Holland",false,51.899236,4.244194,"injury","2","clear",false,1,"GM0599"
"20240094359",2024,"Letsel",2,"Fiets","Personenauto","Flank","Rotonde",50,"Niet brandend","Daglicht","Regen",\N,\N,"Flevoweg","Kampen","Kampen","Overijssel",false,52.556775,5.904201,"injury","2","rain",false,1,"GM0166"
"20240085733",2024,"Uitsluitend materiele schade",2,"Personenauto","Fiets","Flank","Kruispunt, 3 takken",50,"Niet brandend","Daglicht","Droog",\N,\N,"Skagerrak","Groningen","Groningen","Groningen",false,53.21439,6.604755,"material damage only","4","clear",false,1,"GM0014"
"20240088329",2024,"Letsel",1,"Fiets",\N,"Onbekend","Kruispunt, 4 takken",30,"Niet brandend","Daglicht","Droog",\N,\N,"Middenweg","Valkenburg","Katwijk","Zuid-Holland",false,52.178343,4.435615,"injury","2","clear",false,1,"GM0537"
"20240088355",2024,"Letsel",1,"Fiets",\N,"Onbekend","Rechte weg",60,"Niet brandend","Daglicht","Droog",\N,"169328001","De Wassenaarse Slag","Wassenaar","Wassenaar","Zuid-Holland",false,52.160452,4.373067,"injury","2","clear",false,1,"GM0629"
"20240094868",2024,"Uitsluitend materiele schade",2,"Personenauto","Fiets","Flank","Kruispunt, 3 takken",50,"Niet brandend","Daglicht","Droog",\N,\N,"Molenweg","Nijmegen","Nijmegen","Gelderland",true,51.84076,5.839018,"material damage only","4","clear",false,1,"GM0268"
"20240102933",2024,"Uitsluitend materiele schade",2,"Personenauto","Fiets","Flank","Kruispunt, 3 takken",15,"Niet brandend","Daglicht","Regen",\N,\N,"Putstraat","Sittard","Sittard-Geleen","Limburg",false,50.99622,5.875109,"material damage only","4","rain",false,1,"GM1883"
"20240071048",2024,"Letsel",3,"Personenauto","Fiets","Flank","Rechte weg",50,"Niet brandend","Daglicht","Droog","Tankstation","181288033","Celsiusstraat","Berkel en Rodenrijs","Lansingerland","Zuid-Holland",false,51.979834,4.451529,"injury","2","clear",false,1,"GM1621"
"20240077525",2024,"Uitsluitend materiele schade",2,"Personenauto","Fiets","Onbekend","Kruispunt, 4 takken",30,"Niet brandend","Daglicht","Droog",\N,\N,"Charlie Chaplinweg","Almere","Almere","Flevoland",false,52.373671,5.229869,"material damage only","4","clear",false,1,"GM0034"
"20240084512",2024,"Letsel",2,"Fiets","Bestelauto","Flank","Kruispunt, 3 takken",60,"Niet aanwezig","Daglicht","Droog",\N,\N,"Bosweg","Hoogersmilde","Westerveld","Drenthe",false,52.907394,6.376257,"injury","2","clear",false,1,"GM1701"
"20240089048",2024,"Letsel",1,"Fiets",\N,"Eenzijdig","Bocht",50,"Niet brandend","Daglicht","Droog",\N,\N,"Houtrustweg","'s-Gravenhage","'s-Gravenhage","Zuid-Holland",false,52.091081,4.265014,"injury","2","clear",false,1,"GM0518"
"20240090363",2024,"Letsel",2,"Fiets","Voetganger","Voetganger","Rechte weg",50,"Niet brandend","Daglicht","Droog",\N,"600968914","Westwagenstraat","Gorinchem","Gorinchem","Zuid-Holland",false,51.830553,4.971138,"injury","2","clear",false,1,"GM0512"
"20240095373",2024,"Uitsluitend materiele schade",2,"Personenauto","Fiets","Flank","Rechte weg",50,"Niet brandend","Schemer","Droog",\N,"293354104","Stichtseweg","Blaricum","Blaricum","Noord-Holland",false,52.283578,5.2715,"material damage only","4","clear",false,1,"GM0376"
"20240095887",2024,"Uitsluitend materiele schade",2,"Personenauto","Fiets","Flank","Rechte weg",30,"Niet brandend","Daglicht","Droog",\N,"261321146","Safariweg","Maarssen","Stichtse Vecht","Utrecht",false,52.13451,5.032383,"material damage only","4","clear",false,1,"GM1904"
"20240097012",2024,"Letsel",2,"Personenauto","Fiets","Flank","Rotonde",50,"Niet brandend","Daglicht","Droog",\N,\N,"W Hendrik Zwartallee","Kampen","Kampen","Overijssel",false,52.53777,5.920828,"injury","2","clear",false,1,"GM0166"
"20240099195",2024,"Uitsluitend materiele schade",2,"Brommobiel","Fiets","Los voorwerp","Rechte weg",30,"Niet brandend","Daglicht","Regen",\N,"600761115","Doornburg","Amsterdam","Amsterdam","Noord-Holland",false,52.323011,4.861854,"material damage only","4","rain",false,1,"GM0363"
"20240099992",2024,"Uitsluitend materiele schade",2,"Personenauto","Fiets","Flank","Kruispunt, 4 takken",30,"Niet aanwezig","Daglicht","Droog",\N,\N,"Mathenesserlaan","Rotterdam","Rotterdam","Zuid-Holland",false,51.915397,4.446896,"material damage only","4","clear",false,1,"GM0599"
"20240050584",2024,"Letsel",2,"Fiets","Motor","Flank","Rechte weg",80,"Niet brandend","Daglicht","Droog",\N,"601143775","Ofwegen","Woubrugge","Kaag en Braassem","Zuid-Holland",false,52.16751,4.599577,"injury","2","clear",false,1,"GM1884"
"20240085138",2024,"Uitsluitend materiele schade",2,"Bromfiets","Fiets","Flank","Kruispunt, 4 takken",50,"Niet brandend","Daglicht","Droog",\N,\N,"Koperslagerstraat","Zwolle","Zwolle","Overijssel",false,52.534962,6.057944,"material damage only","4","clear",false,1,"GM0193"
"20240087789",2024,"Uitsluitend materiele schade",2,"Personenauto","Fiets","Los voorwerp","Rechte weg",50,"Niet aanwezig","Daglicht","Droog",\N,"291359009","Delta","Huizen","Huizen","Noord-Holland",false,52.304826,5.255148,"material damage only","4","clear",false,1,"GM0406"
"20240099732",2024,"Letsel",1,"Fiets",\N,"Onbekend","Rechte weg",50,"Brandend","Schemer","Droog",\N,\N,"Prinsendam","Rotterdam","Rotterdam","Zuid-Holland",false,51.907273,4.490857,"injury","2","clear",false,1,"GM0599"
"20240100545",2024,"Letsel",2,"Fiets","Scootmobiel","Kop/staart","Rechte weg",\N,"Niet brandend","Daglicht","Droog",\N,"172261050","Kerkachterweg","Poortugaal","Albrandswaard","Zuid-Holland",false,51.86058,4.388902,"injury","2","clear",false,1,"GM0613"
"20240043496",2024,"Letsel",1,"Fiets",\N,"Onbekend","Rechte weg",\N,"Niet brandend","Daglicht","Droog",\N,"176324071","Deijlerweg","Wassenaar","Wassenaar","Zuid-Holland",false,52.142453,4.414039,"injury","2","clear",false,1,"GM0629"
"20240049320",2024,"Uitsluitend materiele schade",1,"Fiets",\N,"Eenzijdig","Rechte weg",30,"Brandend","Duisternis","Droog",\N,"391290031","Hogeweg","Velp","Rheden","Gelderland",false,51.996521,5.978139,"material damage only","4","clear",false,1,"GM0275"
"20240083963",2024,"Letsel",2,"Fiets","Boom","Vast voorwerp","Rechte weg",30,"Niet brandend","Daglicht","Droog",\N,"263194060","Professor Verbernelaan","Tilburg","Tilburg","Noord-Brabant",false,51.562612,5.054637,"injury","2","clear",false,1,"GM0855"
"20240088451",2024,"Letsel",3,"Personenauto","Fiets","Geparkeerd voertuig","Rechte weg",30,"Brandend","Duisternis","Droog",\N,"600762007","Stadhouderskade","Amsterdam","Amsterdam","Noord-Holland",false,52.363293,4.879454,"injury","2","clear",false,1,"GM0363"
"20240095997",2024,"Uitsluitend materiele schade",2,"Personenauto","Fiets","Flank","Kruispunt, 4 takken",30,"Niet brandend","Daglicht","Droog",\N,\N,"Marijke Meuhof","IJsselstein","IJsselstein","Utrecht",false,52.016721,5.049761,"material damage only","4","clear",false,1,"GM0353"
"20240097121",2024,"Uitsluitend materiele schade",2,"Snorfiets","Fiets","Flank","Rechte weg",50,"Brandend","Duisternis","Regen",\N,"286374140","Dokkumlaan","Almere","Almere","Flevoland",false,52.373926,5.213334,"material damage only","4","rain",false,1,"GM0034"
"20240099261",2024,"Uitsluitend materiele schade",2,"Bromfiets","Fiets","Flank","Kruispunt, 3 takken",50,"Niet brandend","Daglicht","Droog",\N,\N,"Stadionweg","Rotterdam","Rotterdam","Zuid-Holland",false,51.895923,4.539511,"material damage only","4","clear",false,1,"GM0599"
"20240099774",2024,"Letsel",2,"Bestelauto","Fiets","Geparkeerd voertuig","Rechte weg",30,"Niet brandend","Daglicht","Droog",\N,"600920422","Oud-Beijerlandsedijk","Oud-Beijerland","Hoeksche Waard","Zuid-Holland",false,51.822229,4.43299,"injury","2","clear",false,1,"GM1963"
"20240100887",2024,"Letsel",1,"Fiets",\N,"Onbekend","Rechte weg",30,"Niet brandend","Daglicht","Droog",\N,\N,"Drafbaan","Nootdorp","Pijnacker-Nootdorp","Zuid-Holland",false,52.045861,4.391785,"injury","2","clear",false,1,"GM1926"
"20240100899",2024,"Letsel",1,"Fiets",\N,"Onbekend","Rechte weg",50,"Niet brandend","Daglicht","Droog",\N,"159307182","Steijnlaan","'s-Gravenhage","'s-Gravenhage","Zuid-Holland",false,52.068056,4.288376,"injury","2","clear",false,1,"GM0518"
"20240101528",2024,"Uitsluitend materiele schade",2,"Personenauto","Fiets","Flank","Rechte weg",50,"Niet brandend","Daglicht","Droog",\N,"600603305","Orpheuslaan","Eindhoven","Eindhoven","Noord-Brabant",false,51.457362,5.491924,"material damage only","4","clear",false,1,"GM0772"
"20240045746",2024,"Letsel",1,"Fiets",\N,"Onbekend",\N,\N,\N,"Daglicht",\N,\N,"600817937","Grintweg","Wageningen","Wageningen","Gelderland",false,51.989773,5.678665,"injury","2","unknown",false,1,"GM0289"
"20240046410",2024,"Uitsluitend materiele schade",2,"Personenauto","Fiets","Frontaal","Kruispunt, 3 takken",50,"Niet brandend","Daglicht","Droog",\N,\N,"Frankhuizerallee","Zwolle","Zwolle","Overijssel",false,52.530248,6.053068,"material damage only","4","clear",false,1,"GM0193"
"20240085239",2024,"Letsel",2,"Fiets","Fiets","Onbekend","Rechte weg",50,"Niet brandend","Daglicht","Droog",\N,"350290049","Heelsumseweg","Bennekom","Ede","Gelderland",false,51.995438,5.68594,"injury","2","clear",false,1,"GM0228"
"20240087875",2024,"Letsel",1,"Fiets",\N,"Eenzijdig","Rechte weg",15,"Niet brandend","Daglicht","Droog",\N,"153310034","Fuutpad","'s-Gravenhage","'s-Gravenhage","Zuid-Holland",false,52.08046,4.24415,"injury","2","clear",false,1,"GM0518"
"20240088495",2024,"Letsel",3,"Personenauto","Fiets","Flank","Kruispunt, 3 takken",30,"Niet brandend","Daglicht","Droog",\N,\N,"Griegstraat","Delft","Delft","Zuid-Holland",false,51.996579,4.345257,"injury","2","clear",false,1,"GM0503"
"20240089178",2024,"Letsel",1,"Fiets",\N,"Onbekend","Bocht",30,"Niet aanwezig","Daglicht","Regen",\N,"600730303","Mangoweg","Leiden","Leiden","Zuid-Holland",false,52.146413,4.490599,"injury","2","rain",false,1,"GM0546"
"20240100481",2024,"Letsel",2,"Snorfiets","Fiets","Geparkeerd voertuig","Rechte weg",50,"Niet brandend","Daglicht","Droog",\N,"600411646","Middel Broekweg","Naaldwijk","Westland","Zuid-Holland",false,51.991362,4.219787,"injury","2","clear",false,1,"GM1783"
"20240100602",2024,"Uitsluitend materiele schade",2,"Personenauto","Fiets","Flank","Kruispunt, 4 takken",30,"Brandend","Duisternis","Droog",\N,\N,"Rijnstraat","'s-Gravenhage","'s-Gravenhage","Zuid-Holland",false,52.079487,4.324576,"material damage only","4","clear",false,1,"GM0518"
"20240100932",2024,"Letsel",1,"Fiets",\N,"Onbekend","Rechte weg",50,"Niet brandend","Daglicht","Droog",\N,"158308169","Loosduinsekade","'s-Gravenhage","'s-Gravenhage","Zuid-Holland",false,52.071326,4.28709,"injury","2","clear",false,1,"GM0518"
"20240101549",2024,"Uitsluitend materiele schade",2,"Personenauto","Fiets","Kop/staart","Kruispunt, 3 takken",50,"Niet brandend","Daglicht","Droog",\N,\N,"Markt","Beek","Beek","Limburg",false,50.940873,5.795027,"material damage only","4","clear",false,1,\N
"20240102526",2024,"Letsel",2,"Fiets","e-bike","Onbekend","Rechte weg",50,"Niet brandend","Daglicht","Droog",\N,"601012858","Scheepsbouwkade","Weert","Weert","Limburg",false,51.264923,5.725293,"injury","2","clear",false,1,"GM0988"
"20240090527",2024,"Letsel",2,"Fiets","Fiets","Kop/staart","Rechte weg",60,"Niet brandend","Daglicht","Droog",\N,"147271017","Staaldiepseweg","Brielle","Voorne aan Zee","Zuid-Holland",false,51.901637,4.209595,"injury","2","clear",false,1,"GM1992"
"20240070574",2024,"Letsel",2,"Personenauto","e-bike","Flank","Kruispunt, 4 takken",50,"Niet brandend","Schemer","Droog",\N,\N,"Noordhoevelaan","Dordrecht","Dordrecht","Zuid-Holland",false,51.800867,4.700244,"injury","2","clear",false,1,"GM0505"
"20240080976",2024,"Letsel",2,"Bestelauto","Fiets","Onbekend","Rechte weg",50,"Niet brandend","Daglicht","Regen",\N,"176273032","Franselaan","Rotterdam","Rotterdam","Zuid-Holland",false,51.917396,4.419514,"injury","2","rain",false,1,"GM0599"
"20240085302",2024,"Letsel",2,"Fiets","Personenauto","Flank","Kruispunt, 3 takken",50,"Niet brandend","Daglicht","Droog",\N,\N,"Eglantierlaan","Apeldoorn","Apeldoorn","Gelderland",false,52.191498,6.00214,"injury","2","clear",false,1,"GM0200"
"20240085315",2024,"Uitsluitend materiele schade",1,"Fiets",\N,"Onbekend","Kruispunt, 4 takken",30,"Brandend","Duisternis","Droog",\N,\N,"Handelskade","Deventer","Deventer","Overijssel",false,52.255518,6.162918,"material damage only","4","clear",false,1,"GM0150"
"20240085319",2024,"Letsel",3,"Snorfiets","Fiets","Voetganger","Rechte weg",\N,"Niet brandend","Duisternis","Droog",\N,"472358006","Bornerbroekseweg","Enter","Wierden","Overijssel",false,52.295422,6.57776,"injury","2","clear",false,1,"GM0189"
"20240087945",2024,"Letsel",1,"Fiets",\N,"Eenzijdig","Rechte weg",30,"Niet brandend","Daglicht","Droog",\N,"242369049","Ferdinand Bolstraat","Amsterdam","Amsterdam","Noord-Holland",false,52.351235,4.891403,"injury","2","clear",false,1,"GM0363"
"20240101464",2024,"Letsel",2,"Fiets","Fiets","Onbekend","Rechte weg",30,"Niet brandend","Daglicht","Droog",\N,"601045516","Argonstraat","Heerlen","Heerlen","Limburg",false,50.840465,6.012548,"injury","2","clear",false,1,"GM0917"
"20240049487",2024,"Uitsluitend materiele schade",2,"Fiets","Snorfiets","Flank","Rechte weg",30,"Niet brandend","Daglicht","Droog",\N,"600653547","FIETSPAD","Lelystad","Lelystad","Flevoland",false,52.492743,5.480553,"material damage only","4","clear",false,1,"GM0995"
"20240075078",2024,"Letsel",2,"Fiets","Fiets","Kop/staart","Rechte weg",50,"Brandend","Duisternis","Droog","Bus-/Tramhalte","468563163","Damsterdiep","Groningen","Groningen","Groningen",false,53.217184,6.575577,"injury","2","clear",false,1,"GM0014"
"20240082792",2024,"Uitsluitend materiele schade",2,"Personenauto","Fiets","Flank","Kruispunt, 3 takken",50,"Niet brandend","Daglicht","Droog",\N,\N,"Toupsbergstraat","Kerkrade","Kerkrade","Limburg",false,50.876048,6.064748,"material damage only","4","clear",false,1,"GM0928"
"20240044373",2024,"Uitsluitend materiele schade",2,"Personenauto","Fiets","Frontaal","Kruispunt, 3 takken",30,"Brandend","Schemer","Droog",\N,\N,"Kasteellaan","Heerlen","Heerlen","Limburg",false,50.898228,5.987726,"material damage only","4","clear",false,1,"GM0917"
"20240071322",2024,"Letsel",2,"Fiets","Overig vast object","Eenzijdig","Kruispunt, 4 takken",30,"Niet brandend","Daglicht","Droog",\N,\N,"Zeemanlaan","Leiden","Leiden","Zuid-Holland",false,52.149411,4.494225,"injury","2","clear",false,1,"GM0546"
"20240073837",2024,"Uitsluitend materiele schade",2,"Personenauto","Fiets","Flank","Rotonde",30,"Niet aanwezig","Daglicht","Regen",\N,\N,"Burg de Bekkerlaan","Gemert","Gemert-Bakel","Noord-Brabant",false,51.558911,5.695468,"material damage only","4","rain",false,1,"GM1652"
"20240075121",2024,"Uitsluitend materiele schade",2,"Bestelauto","Fiets","Onbekend",\N,30,\N,"Daglicht",\N,\N,\N,"Nieuweweg","Leeuwarden","Leeuwarden","Friesland",false,53.199485,5.799536,"material damage only","4","unknown",false,1,"GM0080"
"20230048948",2023,"Letsel",2,"Fiets","Fiets","Flank","Rechte weg",50,"Niet brandend","Daglicht","Droog",\N,"177325012","Deijlerweg","Wassenaar","Wassenaar","Zuid-Holland",false,52.147492,4.423342,"injury","2","clear",false,1,"GM0629"
"20230050047",2023,"Letsel",2,"Fiets","Overig vast object","Vast voorwerp","Rechte weg",50,"Niet aanwezig","Daglicht","Droog",\N,"600711674","Zandeveltweg","'s-Gravenzande","Westland","Zuid-Holland",false,52.004001,4.156881,"injury","2","clear",false,1,"GM1783"
"20230058061",2023,"Uitsluitend materiele schade",2,"Personenauto","Fiets","Flank","Rotonde",50,"Niet brandend","Daglicht","Regen","Tunnel",\N,"Rio Brancodreef","Utrecht","Utrecht","Utrecht",false,52.121719,5.10049,"material damage only","4","rain",false,1,"GM0344"
"20230062006",2023,"Letsel",2,"Personenauto","Fiets","Frontaal","Kruispunt, 3 takken",30,"Niet brandend","Daglicht","Regen",\N,\N,"Goohorstlaan","Noordwijk","Noordwijk","Zuid-Holland",false,52.238937,4.454264,"injury","2","rain",false,1,"GM0575"
"20230062384",2023,"Uitsluitend materiele schade",2,"Personenauto","Fiets","Onbekend","Rotonde",50,"Niet brandend","Daglicht","Droog",\N,\N,"Langstraat","Venray","Venray","Limburg",false,51.519422,5.970457,"material damage only","4","clear",false,1,"GM0984"
"20230062698",2023,"Letsel",1,"Fiets",\N,"Eenzijdig","Bocht",30,"Niet brandend","Daglicht","Regen",\N,"286225029","Schubertlaan","Vlijmen","Heusden","Noord-Brabant",false,51.701374,5.217835,"injury","2","rain",false,1,"GM0797"
"20230037865",2023,"Letsel",2,"Fiets","Fiets","Kop/staart","Rechte weg",\N,"Niet brandend","Daglicht","Droog",\N,"201365004","Leidsevaartweg","Heemstede","Heemstede","Noord-Holland",false,52.332864,4.593611,"injury","2","clear",false,1,"GM0397"
"20230040178",2023,"Uitsluitend materiele schade",3,"Fiets",\N,"Dier","Rechte weg",30,"Niet brandend","Daglicht","Droog",\N,"600363190","Kerkstraat","Amsterdam","Amsterdam","Noord-Holland",false,52.362578,4.897055,"material damage only","4","clear",false,1,"GM0363"
"20230041897",2023,"Letsel",2,"Personenauto","Fiets","Flank","Rotonde",50,"Niet brandend","Daglicht","Droog",\N,\N,"Crullaan","Made","Drimmelen","Noord-Brabant",false,51.672342,4.795197,"injury","2","clear",false,1,"GM1719"
"20230051267",2023,"Letsel",2,"Motor","Fiets","Flank","Rechte weg",50,"Niet brandend","Daglicht","Droog",\N,"223200023","Tramsingel","Breda","Breda","Noord-Brabant",false,51.591144,4.766978,"injury","2","clear",false,1,"GM0758"
"20230056488",2023,"Letsel",2,"Personenauto","Fiets","Flank","Rechte weg",50,"Niet brandend","Daglicht","Droog",\N,"501352118","Marskant","Hengelo","Hengelo (O)","Overijssel",false,52.2649,6.789006,"injury","2","clear",false,1,\N
"20230037327",2023,"Letsel",2,"Fiets","Fiets","Flank",\N,50,\N,"Daglicht","Droog",\N,"209413002","Oude Schulpweg","Castricum","Castricum","Noord-Holland",false,52.546312,4.651962,"injury","2","clear",false,1,"GM0383"
"20230037911",2023,"Uitsluitend materiele schade",2,"Personenauto","Fiets","Onbekend","Rotonde",50,"Niet aanwezig","Daglicht","Droog",\N,\N,"Graaf Wichman","Huizen","Huizen","Noord-Holland",false,52.298253,5.242899,"material damage only","4","clear",false,1,"GM0406"
"20230039654",2023,"Letsel",3,"Personenauto","Fiets","Onbekend","Rechte weg",50,"Brandend","Duisternis","Droog",\N,"175313069","Noordsingel","Leidschendam","Leidschendam-Voorburg","Zuid-Holland",false,52.095442,4.410043,"injury","2","clear",false,1,"GM1916"
"20230059113",2023,"Letsel",2,"Personenauto","Fiets","Flank","Kruispunt, 4 takken",50,"Niet brandend","Daglicht","Droog",\N,\N,"Heerenweg","Katwijk","Katwijk","Zuid-Holland",false,52.202556,4.432521,"injury","2","clear",false,1,"GM0537"
"20230062346",2023,"Uitsluitend materiele schade",2,"Personenauto","Fiets","Flank","Kruispunt, 4 takken",50,"Niet brandend","Daglicht","Droog",\N,\N,"Heerlerbaan","Heerlen","Heerlen","Limburg",false,50.868298,5.998782,"material damage only","4","clear",false,1,"GM0917"
"20240130687",2024,"Letsel",2,"Personenauto","Fiets","Flank","Rotonde",50,"Niet brandend","Daglicht","Droog",\N,\N,"Europalaan","Hengelo","Hengelo (O)","Overijssel",false,52.280652,6.779191,"injury","2","clear",false,1,\N
"20230064288",2023,"Uitsluitend materiele schade",2,"Personenauto","Fiets","Onbekend","Rechte weg",60,"Niet brandend","Daglicht","Droog",\N,"380395001","Zwarteweg","Oosterwolde Gld","Oldebroek","Gelderland",false,52.469855,5.91377,"material damage only","4","clear",false,1,"GM0269"