"accident_id","year","severity_raw","party_count","party1_type","party2_type","accident_type","road_situation","speed_limit_kmh","road_lighting","light_condition_label","weather_raw","infra_type","road_segment_id","street_name","place_name","gemeente_name_raw","province","alcohol_indicated","latitude","longitude","severity_label","severity_code","weather_label","built_up_area","cyclists_involved","gemeente_code"
"20230032816",2023,"Uitsluitend materiele schade",2,"Bestelauto","Fiets","Frontaal","Bocht",50,"Niet brandend","Daglicht","Droog",\N,"329231050","Schoonstraat","Heesch","Bernheze","Noord-Brabant",false,51.729949,5.528992,"material damage only","4","clear",false,1,"GM1721"
"20240029678",2024,"Letsel",1,"Fiets",\N,"Eenzijdig","Rechte weg",50,"Niet aanwezig","Daglicht","Droog",\N,"213341024","Vriezekoop","Leimuiden","Kaag en Braassem","Zuid-Holland",false,52.218137,4.701387,"injury","2","clear",false,1,"GM1884"
"20230033445",2023,"Letsel",2,"Personenauto","e-bike","Flank","Kruispunt, 3 takken",30,"Niet brandend","Daglicht","Droog",\N,\N,"Hammermolen","Neer","Leudal","Limburg",false,51.257743,5.983262,"injury","2","clear",false,1,"GM1640"
"20230067931",2023,"Letsel",2,"Personenauto","Fiets","Onbekend","Kruispunt, 4 takken",30,"Niet brandend","Daglicht","Droog",\N,\N,"Provinciënlaan","Heemstede","Heemstede","Noord-Holland",false,52.350692,4.616954,"injury","2","clear",false,1,"GM0397"
"20230076245",2023,"Letsel",2,"Fiets","Fiets","Flank","Rechte weg",30,"Niet brandend","Daglicht","Droog",\N,\N,"Jan Wolkerssingel","Utrecht","Utrecht","Utrecht",false,52.097165,5.062199,"injury","2","clear",false,1,"GM0344"
"20230016960",2023,"Uitsluitend materiele schade",2,"Personenauto","Fiets","Flank","Kruispunt, 4 takken",30,"Niet brandend","Daglicht","Droog",\N,\N,"Westzijde","Zaandam","Zaanstad","Noord-Holland",false,52.453311,4.813471,"material damage only","4","clear",false,1,"GM0479"
"20240028739",2024,"Letsel",2,"Personenauto","Fiets","Onbekend","Rotonde",50,"Niet brandend","Daglicht","Regen",\N,\N,"Middellandbaan","Woerden","Woerden","Utrecht",false,52.079089,4.8945,"injury","2","rain",false,1,"GM0632"
"20230031898",2023,"Uitsluitend materiele schade",4,"Personenauto","Fiets","Onbekend","Kruispunt, 4 takken",30,"Niet brandend","Daglicht","Droog",\N,\N,"Kempweg","Roermond","Roermond","Limburg",false,51.177668,6.005552,"material damage only","4","clear",false,1,"GM0957"
"20240029686",2024,"Uitsluitend materiele schade",2,"Fiets","Personenauto","Flank","Rechte weg",30,"Niet brandend","Daglicht","Droog",\N,"229376046","Sam van Houtenstraat","Amsterdam","Amsterdam","Noord-Holland",false,52.379228,4.796205,"material damage only","4","clear",false,1,"GM0363"
"20230034476",2023,"Uitsluitend materiele schade",2,"Fiets","Fiets","Kop/staart","Rechte weg",60,"Brandend","Duisternis","Droog",\N,"341312012","Meulunterseweg","Lunteren","Ede","Gelderland",false,52.095177,5.616691,"material damage only","4","clear",false,1,"GM0228"
"20230067482",2023,"Uitsluitend materiele schade",2,"Personenauto","Fiets","Onbekend","Rechte weg",50,"Brandend","Duisternis","Droog",\N,"205374041","Leidsevaart","Haarlem","Haarlem","Noord-Holland",false,52.372462,4.619401,"material damage only","4","clear",false,1,"GM0392"
"20230079281",2023,"Letsel",1,"Fiets",\N,"Eenzijdig","Rechte weg",30,"Niet brandend","Duisternis","Regen",\N,"326163075","St Bonifaciuslaan","Eindhoven","Eindhoven","Noord-Brabant",false,51.423679,5.506332,"injury","2","rain",false,1,"GM0772"
"20230014138",2023,"Uitsluitend materiele schade",2,"Bestelauto","Fiets","Flank","Kruispunt, 4 takken",30,"Niet brandend","Daglicht","Droog",\N,\N,"Adelaarslaan","Apeldoorn","Apeldoorn","Gelderland",false,52.200193,5.965511,"material damage only","4","clear",false,1,"GM0200"
"20230017001",2023,"Letsel",2,"Bestelauto","Fiets","Flank","Kruispunt, 4 takken",50,"Niet brandend","Daglicht","Regen",\N,\N,"Hoogeweg","Heiloo","Heiloo","Noord-Holland",false,52.589487,4.695313,"injury","2","rain",false,1,"GM0399"
"20230021615",2023,"Uitsluitend materiele schade",2,"Personenauto","Fiets","Onbekend","Rotonde",50,"Niet brandend","Daglicht","Droog",\N,\N,"Parkweg","Voorburg","Leidschendam-Voorburg","Zuid-Holland",false,52.075969,4.373873,"material damage only","4","clear",false,1,"GM1916"
"20230022140",2023,"Letsel",2,"Fiets","Overig vast object","Vast voorwerp","Rechte weg",30,"Niet brandend","Daglicht","Droog",\N,"600188503","Spui","'s-Gravenhage","'s-Gravenhage","Zuid-Holland",false,52.075505,4.319165,"injury","2","clear",false,1,"GM0518"
"20240027108",2024,"Letsel",2,"Snorfiets","Fiets","Onbekend","Rechte weg",50,"Niet brandend","Daglicht","Regen",\N,"600972758","Overwinningsplein","Groningen","Groningen","Groningen",false,53.198049,6.559684,"injury","2","rain",false,1,"GM0014"
"20230023881",2023,"Letsel",2,"Personenauto","Fiets","Flank","Rotonde",50,"Niet brandend","Daglicht","Droog",\N,\N,"Europaweg","Haarlem","Haarlem","Noord-Holland",false,52.354891,4.644098,"injury","2","clear",false,1,"GM0392"
"20230026192",2023,"Uitsluitend materiele schade",2,"Bromfiets","Fiets","Flank","Rechte weg",\N,"Niet brandend","Daglicht","Droog",\N,"183270008","Heuvellaan","Rotterdam","Rotterdam","Zuid-Holland",false,51.904004,4.471495,"material damage only","4","clear",false,1,"GM0599"
"20230034489",2023,"Letsel",1,"Fiets",\N,"Eenzijdig","Kruispunt, 4 takken",30,"Niet brandend","Daglicht","Droog",\N,\N,"Korte Loostraat","Huissen","Lingewaard","Gelderland",false,51.939415,5.934516,"injury","2","clear",false,1,"GM1705"
"20230013602",2023,"Uitsluitend materiele schade",2,"Bestelauto","Fiets","Flank","Rotonde",30,"Niet brandend","Daglicht","Droog",\N,\N,"Busserweg","Nijmegen","Nijmegen","Gelderland",false,51.823907,5.835447,"material damage only","4","clear",false,1,"GM0268"
"20240029767",2024,"Letsel",2,"Fiets","Overig vast object","Vast voorwerp","Rechte weg",\N,"Niet brandend","Daglicht","Droog",\N,"601193110","Vijf Meilaan","Leiden","Leiden","Zuid-Holland",false,52.147674,4.477466,"injury","2","clear",false,1,"GM0546"
"20230069026",2023,"Letsel",2,"Personenauto","Fiets","Flank","Kruispunt, 4 takken",60,"Niet brandend","Daglicht","Droog",\N,\N,"Harreweg","Schiedam","Schiedam","Zuid-Holland",false,51.95235,4.369936,"injury","2","clear",false,1,"GM0606"
"20230069396",2023,"Letsel",1,"Fiets",\N,"Eenzijdig","Kruispunt, 4 takken",50,"Niet brandend","Daglicht","Regen","Brug/viaduct",\N,"FIETSPAD","Delft","Delft","Zuid-Holland",false,52.003106,4.341639,"injury","2","rain",false,1,"GM0503"
"20230075423",2023,"Uitsluitend materiele schade",2,"Fiets","Bestelauto","Flank","Kruispunt, 3 takken",50,"Niet brandend","Daglicht","Droog",\N,\N,"Huis ter Heideweg","Zeist","Zeist","Utrecht",false,52.10484,5.255435,"material damage only","4","clear",false,1,"GM0355"
"20230072886",2023,"Uitsluitend materiele schade",2,"Personenauto","Fiets","Flank","Kruispunt, 3 takken",50,"Niet brandend","Duisternis","Droog",\N,\N,"Crocusstraat","Groningen","Groningen","Groningen",false,53.227377,6.59089,"material damage only","4","clear",false,1,"GM0014"
"20230073725",2023,"Uitsluitend materiele schade",2,"Personenauto","e-bike","Flank","Rotonde",50,"Brandend","Daglicht","Regen",\N,\N,"Elburgerweg","Nunspeet","Nunspeet","Gelderland",false,52.380385,5.780039,"material damage only","4","rain",false,1,"GM0302"
"20230029723",2023,"Letsel",1,"Fiets",\N,"Eenzijdig","Rechte weg",50,"Niet brandend","Daglicht","Droog",\N,\N,"Prinses Julianastraat","Naaldwijk","Westland","Zuid-Holland",false,51.994471,4.203586,"injury","2","clear",false,1,"GM1783"
"20240029847",2024,"Letsel",2,"Personenauto","Fiets","Flank","Kruispunt, 4 takken",50,"Niet brandend","Daglicht","Droog",\N,\N,"Nassauplein","'s-Gravenhage","'s-Gravenhage","Zuid-Holland",false,52.088599,4.30692,"injury","2","clear",false,1,"GM0518"
"20240031407",2024,"Uitsluitend materiele schade",2,"Personenauto","Fiets","Onbekend",\N,30,\N,"Daglicht",\N,\N,"600383422","Van Turnhoutstraat","Oost-Souburg","Vlissingen","Zeeland",false,51.46113,3.604218,"material damage only","4","unknown",false,1,"GM0718"
"20230069460",2023,"Uitsluitend materiele schade",2,"Fiets","Fiets","Onbekend","Kruispunt, 4 takken",50,"Niet aanwezig","Daglicht","Droog",\N,\N,"Zoutziedersstraat","Rotterdam","Rotterdam","Zuid-Holland",false,51.915686,4.441371,"material damage only","4","clear",false,1,"GM0599"
"20230073612",2023,"Uitsluitend materiele schade",2,"Fiets","Fiets","Frontaal","Rechte weg",30,"Niet brandend","Daglicht","Droog",\N,"466563064","Brugstraat","Groningen","Groningen","Groningen",false,53.216567,6.560543,"material damage only","4","clear",false,1,"GM0014"
"20230074093",2023,"Letsel",2,"Personenauto","Fiets","Onbekend","Rechte weg",30,"Brandend","Schemer","Droog",\N,"364532033","It Kampke","Jirnsum","Leeuwarden","Friesland",false,53.082353,5.794901,"injury","2","clear",false,1,"GM0080"
"20230018830",2023,"Uitsluitend materiele schade",2,"Bus","Fiets","Onbekend","Rechte weg",50,"Niet aanwezig","Daglicht","Droog",\N,"600522763","FIETSPAD","Almere","Almere","Flevoland",false,52.352565,5.167268,"material damage only","4","clear",false,1,"GM0034"
"20240026514",2024,"Uitsluitend materiele schade",2,"Personenauto","Fiets","Onbekend","Rechte weg",50,"Niet brandend","Daglicht","Droog","Brug/viaduct","600518928","FIETSPAD","Tiel","Tiel","Gelderland",false,51.871333,5.390051,"material damage only","4","clear",false,1,"GM0281"
"20230020591",2023,"Uitsluitend materiele schade",2,"Personenauto","Fiets","Flank","Rotonde",50,"Niet brandend","Daglicht","Droog",\N,\N,"Graaf Aelbrechtlaan","Amstelveen","Amstelveen","Noord-Holland",false,52.308355,4.856794,"material damage only","4","clear",false,1,"GM0362"
"20230022255",2023,"Uitsluitend materiele schade",1,"Fiets",\N,"Onbekend","Rechte weg",50,"Niet brandend","Daglicht","Droog",\N,"600419235","Haagweg","Rijswijk","Rijswijk","Zuid-Holland",false,52.054326,4.340305,"material damage only","4","clear",false,1,\N
"20230032046",2023,"Uitsluitend materiele schade",2,"Personenauto","Fiets","Los voorwerp","Rechte weg",30,"Niet brandend","Daglicht","Droog",\N,"419152123","Sint Martinusstraat","Venlo","Venlo","Limburg",false,51.372481,6.174084,"material damage only","4","clear",false,1,"GM0983"
"20240030195",2024,"Letsel",1,"Fiets",\N,"Eenzijdig","Rechte weg",50,"Niet aanwezig","Schemer","Droog",\N,"600974898","Doctor Lelylaan","Leiden","Leiden","Zuid-Holland",false,52.15991,4.463087,"injury","2","clear",false,1,"GM0546"
"20240031537",2024,"Letsel",2,"Fiets","Personenauto","Flank","Kruispunt, 4 takken",30,"Niet brandend","Daglicht","Droog",\N,\N,"Grienderwaard","Rotterdam","Rotterdam","Zuid-Holland",false,51.886102,4.543966,"injury","2","clear",false,1,"GM0599"
"20230070924",2023,"Uitsluitend materiele schade",2,"Fiets","Personenauto","Geparkeerd voertuig","Rechte weg",30,"Brandend","Duisternis","Droog",\N,"355033063","Alfons Ariënsstraat","Maastricht","Maastricht","Limburg",false,50.840781,5.712348,"material damage only","4","clear",false,1,"GM0935"
"20230034630",2023,"Uitsluitend materiele schade",2,"Personenauto","Fiets","Frontaal","Kruispunt, 4 takken",50,"Niet brandend","Daglicht","Droog",\N,\N,"Rijnstraat","Apeldoorn","Apeldoorn","Gelderland",false,52.189052,5.980278,"material damage only","4","clear",false,1,"GM0200"
"20230069968",2023,"Letsel",2,"Motor","Fiets","Flank","Rotonde",50,"Niet brandend","Daglicht","Droog",\N,\N,"Westlandseweg","Maassluis","Maassluis","Zuid-Holland",false,51.935904,4.234603,"injury","2","clear",false,1,"GM0556"
"20230077033",2023,"Uitsluitend materiele schade",2,"Fiets","Bromfiets","Frontaal","Bocht",30,"Niet brandend","Daglicht","Droog",\N,"210243094","Copernicusweg","Dordrecht","Dordrecht","Zuid-Holland",false,51.784001,4.667474,"material damage only","4","clear",false,1,"GM0505"
"20230016044",2023,"Uitsluitend materiele schade",2,"Personenauto","Fiets","Onbekend","Kruispunt, 4 takken",30,"Niet brandend","Schemer","Droog",\N,\N,"Morrastraat","Almere","Almere","Flevoland",false,52.389631,5.226682,"material damage only","4","clear",false,1,"GM0034"
"20230016613",2023,"Uitsluitend materiele schade",2,"Personenauto","Fiets","Flank","Rechte weg",30,"Niet aanwezig","Daglicht","Droog","Tunnel","277310035","Prins Hendriklaan","Utrecht","Utrecht","Utrecht",false,52.085049,5.147855,"material damage only","4","clear",false,1,"GM0344"
"20230021197",2023,"Letsel",2,"Personenauto","Fiets","Flank","Kruispunt, 3 takken",30,"Niet brandend","Daglicht","Droog",\N,\N,"Loosduinsekade","'s-Gravenhage","'s-Gravenhage","Zuid-Holland",false,52.07203,4.289119,"injury","2","clear",false,1,"GM0518"
"20230036001",2023,"Uitsluitend materiele schade",2,"Fiets","e-bike","Frontaal","Rechte weg",60,"Niet aanwezig","Daglicht","Droog",\N,"600582332","Burensedijk","Buurmalsen","West Betuwe","Gelderland",false,51.894798,5.30207,"material damage only","4","clear",false,1,"GM1960"
"20230070198",2023,"Letsel",2,"Fiets","Lichtmast","Vast voorwerp","Rechte weg",50,"Brandend","Duisternis","Droog",\N,\N,"Dongenseweg","Tilburg","Tilburg","Noord-Brabant",false,51.583502,5.041482,"injury","2","clear",false,1,"GM0855"
"20230071156",2023,"Uitsluitend materiele schade",2,"Fiets","Fiets","Onbekend","Rechte weg",\N,"Niet brandend","Daglicht","Droog",\N,"323165103","Geldropseweg","Eindhoven","Eindhoven","Noord-Brabant",false,51.434349,5.487237,"material damage only","4","clear",false,1,"GM0772"
"20230072015",2023,"Letsel",2,"Fiets","Personenauto","Flank","Rechte weg",80,"Niet brandend","Daglicht","Droog",\N,"349192002","West-Om","Gemert","Gemert-Bakel","Noord-Brabant",false,51.55505,5.675079,"injury","2","clear",false,1,"GM1652"
"20230017195",2023,"Letsel",2,"Fiets","Personenauto","Flank","Kruispunt, 3 takken",50,"Brandend","Duisternis","Droog",\N,\N,"Spoorsingel","Beverwijk","Beverwijk","Noord-Holland",false,52.482164,4.665549,"injury","2","clear",false,1,"GM0375"
"20230017782",2023,"Letsel",2,"Snorfiets","e-bike","Flank","Rechte weg",50,"Niet brandend","Daglicht","Droog",\N,"600610196","Rijksstraatweg","Haarlem","Haarlem","Noord-Holland",false,52.40623,4.649007,"injury","2","clear",false,1,"GM0392"
"20230022365",2023,"Uitsluitend materiele schade",2,"Fiets","Fiets","Kop/staart","Kruispunt, 4 takken",50,"Niet brandend","Daglicht","Droog",\N,\N,"Bellesteynlaan","Wassenaar","Wassenaar","Zuid-Holland",false,52.148096,4.4142,"material damage only","4","clear",false,1,"GM0629"
"20240027736",2024,"Uitsluitend materiele schade",1,"Fiets",\N,"Onbekend","Rechte weg",50,"Niet brandend","Daglicht","Droog",\N,"211367001","Spieringweg","Vijfhuizen","Haarlemmermeer","Noord-Holland",false,52.341402,4.664774,"material damage only","4","clear",false,1,"GM0394"
"20230036027",2023,"Uitsluitend materiele schade",2,"Motor","Fiets","Flank","Rechte weg",60,"Niet brandend","Daglicht",\N,\N,"600867062","Kooiersdijk","Ruurlo","Berkelland","Gelderland",false,52.078637,6.470478,"material damage only","4","unknown",false,1,"GM1859"
"20230024767",2023,"Uitsluitend materiele schade",2,"Personenauto","Fiets","Frontaal","Kruispunt, 3 takken",30,"Niet brandend","Daglicht","Regen",\N,\N,"Durgerdammerdijk","Amsterdam","Amsterdam","Noord-Holland",false,52.382488,4.971469,"material damage only","4","rain",false,1,"GM0363"
"20230029323",2023,"Letsel",2,"Fiets","Fiets","Geparkeerd voertuig","Rechte weg",30,"Niet aanwezig","Daglicht","Droog","Parkeervoorziening","188328134","Oude Vest","Leiden","Leiden","Zuid-Holland",false,52.161603,4.498019,"injury","2","clear",false,1,"GM0546"
"20230030489",2023,"Letsel",2,"Personenauto","e-bike","Flank","Kruispunt, 4 takken",50,"Brandend","Duisternis","Regen",\N,\N,"Verlengde Stationsstraat","Helmond","Helmond","Noord-Brabant",false,51.474054,5.656333,"injury","2","rain",false,1,"GM0794"
"20230072935",2023,"Uitsluitend materiele schade",2,"Personenauto","Fiets","Flank","Kruispunt, 4 takken",50,"Niet brandend","Daglicht","Droog",\N,\N,"Symfonielaan","Kampen","Kampen","Overijssel",false,52.539451,5.908396,"material damage only","4","clear",false,1,"GM0166"
"20230073487",2023,"Letsel",2,"Personenauto","e-bike","Flank","Kruispunt, 3 takken",50,"Niet brandend","Daglicht","Droog",\N,\N,"Boelemaheerd","Groningen","Groningen","Groningen",false,53.248568,6.602844,"injury","2","clear",false,1,"GM0014"
"20230028206",2023,"Uitsluitend materiele schade",2,"Personenauto","Fiets","Flank","Rechte weg",50,"Niet brandend","Daglicht","Droog",\N,\N,"Burgemeester Keijzerweg","Papendrecht","Papendrecht","Zuid-Holland",false,51.831623,4.704349,"material damage only","4","clear",false,1,"GM0590"
"20230029962",2023,"Letsel",2,"Personenauto","Fiets","Flank","Kruispunt, 4 takken",50,"Niet brandend","Schemer","Droog",\N,\N,"Pieter de Hoochweg","Rotterdam","Rotterdam","Zuid-Holland",false,51.905695,4.460376,"injury","2","clear",false,1,"GM0599"
"20230024219",2023,"Letsel",3,"Bestelauto","Fiets","Onbekend","Kruispunt, 4 takken",\N,"Niet brandend","Daglicht","Droog",\N,\N,"Maasstraat","Amsterdam","Amsterdam","Noord-Holland",false,52.344305,4.89544,"injury","2","clear",false,1,"GM0363"
"20230025410",2023,"Uitsluitend materiele schade",2,"Scootmobiel","Fiets","Onbekend","Rechte weg",50,"Niet brandend","Daglicht","Droog",\N,"600744829","Galileïlaan","Dordrecht","Dordrecht","Zuid-Holland",false,51.780759,4.676,"material damage only","4","clear",false,1,"GM0505"
"20230077699",2023,"Letsel",2,"Personenauto","e-bike","Onbekend","Kruispunt, 4 takken",50,"Brandend","Schemer","Droog",\N,\N,"De Heemstraat","'s-Gravenhage","'s-Gravenhage","Zuid-Holland",false,52.066904,4.29762,"injury","2","clear",false,1,"GM0518"
"20230078125",2023,"Letsel",3,"Personenauto","Fiets","Onbekend","Rechte weg",50,"Niet brandend","Daglicht","Droog",\N,"156302015","Dedemsvaartweg","'s-Gravenhage","'s-Gravenhage","Zuid-Holland",false,52.045618,4.270495,"injury","2","clear",false,1,"GM0518"
"20230016238",2023,"Uitsluitend materiele schade",2,"Personenauto","Fiets","Flank","Kruispunt, 4 takken",30,"Niet brandend","Daglicht","Droog",\N,\N,"Schoener 42","Lelystad","Lelystad","Flevoland",false,52.501174,5.453729,"material damage only","4","clear",false,1,"GM0995"
"20230021959",2023,"Letsel",2,"Personenauto","Fiets","Flank","Rechte weg",30,"Niet brandend","Daglicht","Droog",\N,"238280010","Vrouwenmantel","Schoonhoven","Krimpenerwaard","Zuid-Holland",false,51.947851,4.869089,"injury","2","clear",false,1,"GM1931"
"20230038103",2023,"Letsel",2,"Fiets","Fiets","Flank","Kruispunt, 3 takken",30,"Niet brandend","Daglicht","Droog",\N,\N,"Achtergeest","Alkmaar","Alkmaar","Noord-Holland",false,52.653229,4.787627,"injury","2","clear",false,1,"GM0361"
"20230046401",2023,"Uitsluitend materiele schade",3,"Personenauto","Fiets","Onbekend","Bocht",30,"Niet brandend","Daglicht","Droog",\N,\N,"Heiligenbergerweg","Amersfoort","Amersfoort","Utrecht",false,52.154143,5.397019,"material damage only","4","clear",false,1,"GM0307"
"20230046862",2023,"Letsel",1,"Fiets",\N,"Eenzijdig","Rechte weg",50,"Niet aanwezig","Daglicht","Droog",\N,"241428003","Mijzerdijk","Ursem","Koggenland","Noord-Holland",false,52.619384,4.886998,"injury","2","clear",false,1,"GM1598"
"20240042535",2024,"Letsel",1,"Fiets",\N,"Frontaal","Rechte weg",50,"Niet aanwezig","Daglicht","Droog",\N,\N,"Schiekade","Rotterdam","Rotterdam","Zuid-Holland",false,51.924968,4.477835,"injury","2","clear",false,1,"GM0599"
"20240047711",2024,"Uitsluitend materiele schade",2,"Personenauto","Fiets","Onbekend","Kruispunt, 3 takken",30,"Niet brandend","Daglicht","Droog",\N,\N,"Rietzangerstraat","Amersfoort","Amersfoort","Utrecht",false,52.167924,5.403551,"material damage only","4","clear",false,1,"GM0307"
"20240050784",2024,"Uitsluitend materiele schade",2,"Bromfiets","Fiets","Onbekend","Rechte weg",50,"Niet brandend","Daglicht","Droog",\N,"251377021","Zuiderzeeweg","Amsterdam","Amsterdam","Noord-Holland",false,52.387695,4.957843,"material damage only","4","clear",false,1,"GM0363"
"20240076911",2024,"Uitsluitend materiele schade",2,"Personenauto","Fiets","Onbekend","Rotonde",50,"Niet brandend","Daglicht","Droog",\N,\N,"Soestdijkseweg Noord","Bilthoven","De Bilt","Utrecht",false,52.131076,5.205814,"material damage only","4","clear",false,1,"GM0310"
"20240041307",2024,"Letsel",2,"Personenauto","Fiets","Flank","Rotonde",50,"Niet brandend","Daglicht","Droog",\N,\N,"Prins Bernhardplein","Zaandam","Zaanstad","Noord-Holland",false,52.453458,4.821844,"injury","2","clear",false,1,"GM0479"
"20240047166",2024,"Letsel",2,"Vrachtauto","Fiets","Onbekend","Rechte weg",50,"Niet brandend","Daglicht","Droog",\N,"370286002","Benedendorpsweg","Oosterbeek","Renkum","Gelderland",false,51.978128,5.828758,"injury","2","clear",false,1,"GM0274"
"20240050918",2024,"Letsel",2,"Personenauto","Fiets","Flank","Kruispunt, 3 takken",50,"Niet brandend","Daglicht","Droog",\N,\N,"Jan Eijdenbergstraat","Zaandam","Zaanstad","Noord-Holland",false,52.434506,4.838892,"injury","2","clear",false,1,"GM0479"
"20240032256",2024,"Letsel",2,"Personenauto","Fiets","Flank","Rechte weg",30,"Niet brandend","Daglicht","Droog",\N,"600724143","Polderlaan","Oud-Beijerland","Hoeksche Waard","Zuid-Holland",false,51.811309,4.433327,"injury","2","clear",false,1,"GM1963"
"20240033594",2024,"Uitsluitend materiele schade",1,"Fiets",\N,"Onbekend","Rechte weg",30,"Niet brandend","Daglicht","Droog",\N,"301199009","Rechterstraat","Boxtel","Boxtel","Noord-Brabant",false,51.587815,5.326692,"material damage only","4","clear",false,1,"GM0757"
"20240036675",2024,"Uitsluitend materiele schade",2,"Motor","Fiets","Onbekend","Bocht",60,"Niet brandend","Daglicht","Droog",\N,"334517005","Pikesyl","Abbega","Súdwest-Fryslân","Friesland",false,53.010851,5.576003,"material damage only","4","clear",false,1,"GM1900"
"20240032995",2024,"Letsel",2,"Fiets","Fiets","Flank","Kruispunt, 4 takken",30,"Niet brandend","Daglicht","Droog",\N,\N,"Clauslaan","Zoetermeer","Zoetermeer","Zuid-Holland",false,52.052592,4.484931,"injury","2","clear",false,1,"GM0637"
"20240039996",2024,"Letsel",2,"Personenauto","Fiets","Flank","Kruispunt, 4 takken",50,"Brandend","Duisternis","Droog",\N,\N,"Fruinlaan","Leiden","Leiden","Zuid-Holland",false,52.153103,4.506997,"injury","2","clear",false,1,"GM0546"
"20240051005",2024,"Letsel",1,"Fiets",\N,"Eenzijdig","Rechte weg",30,"Niet brandend","Daglicht","Droog",\N,"234437071","Spaarne","Heerhugowaard","Dijk en Waard","Noord-Holland",false,52.652774,4.826472,"injury","2","clear",false,1,"GM1980"
"20240037690",2024,"Uitsluitend materiele schade",2,"e-bike",\N,"Flank","Kruispunt, 3 takken",50,"Niet brandend","Daglicht","Droog",\N,\N,"Andeskondor","Heerhugowaard","Dijk en Waard","Noord-Holland",false,52.655178,4.818319,"material damage only","4","clear",false,1,"GM1980"
"20240071798",2024,"Letsel",2,"Fiets","Fiets","Eenzijdig","Rechte weg",50,"Niet brandend","Daglicht","Droog",\N,"601211720","Hofvlietweg","Leiden","Leiden","Zuid-Holland",false,52.124945,4.474549,"injury","2","clear",false,1,"GM0546"
"20240080541",2024,"Letsel",2,"Bromfiets","Fiets","Flank","Kruispunt, 4 takken",60,"Brandend","Schemer","Droog",\N,\N,"Nieuwe Hoefweg","Bleiswijk","Lansingerland","Zuid-Holland",false,52.039739,4.540633,"injury","2","clear",false,1,"GM1621"
"20240047410",2024,"Letsel",2,"Personenauto","Fiets","Flank","Kruispunt, 4 takken",50,"Niet brandend","Daglicht","Droog",\N,\N,"Hereplein","Groningen","Groningen","Groningen",false,53.214048,6.569125,"injury","2","clear",false,1,"GM0014"
"20240051097",2024,"Letsel",2,\N,"Fiets","Flank","Kruispunt, 4 takken",50,"Niet brandend","Daglicht","Droog",\N,\N,"Delverspad","Egmond aan den Hoef","Bergen (NH)","Noord-Holland",false,52.619249,4.644118,"injury","2","clear",false,1,\N
"20240076564",2024,"Letsel",2,"Personenauto","Fiets","Flank","Kruispunt, 4 takken",60,"Niet brandend","Daglicht","Droog",\N,\N,"de Hilte","Gieterveen","Aa en Hunze","Drenthe",false,53.040563,6.825454,"injury","2","clear",false,1,"GM1680"
"20240041607",2024,"Uitsluitend materiele schade",2,"e-bike","Personenauto","Frontaal","Kruispunt, 4 takken",50,"Niet brandend","Daglicht","Droog",\N,\N,"Claudius Prinsenlaan","Breda","Breda","Noord-Brabant",false,51.584023,4.802068,"material damage only","4","clear",false,1,"GM0758"
"20240047437",2024,"Letsel",1,"Fiets",\N,"Flank","Rechte weg",50,"Niet brandend","Daglicht","Droog",\N,"600587310","Zuidwesthoekweg","Sneek","Súdwest-Fryslân","Friesland",false,53.028411,5.644915,"injury","2","clear",false,1,"GM1900"
"20240078725",2024,"Uitsluitend materiele schade",2,"Personenauto","Fiets","Onbekend","Kruispunt, 4 takken",30,"Niet brandend","Daglicht","Droog",\N,\N,"Robert Scottstraat","Amsterdam","Amsterdam","Noord-Holland",false,52.372539,4.846687,"material damage only","4","clear",false,1,"GM0363"
"20240079966",2024,"Letsel",2,"Fiets","Fiets","Flank","Kruispunt, 3 takken",30,"Niet brandend","Daglicht","Droog",\N,\N,"Von Zesenstraat","Amsterdam","Amsterdam","Noord-Holland",false,52.363712,4.923362,"injury","2","clear",false,1,"GM0363"
"20240051178",2024,"Letsel",2,"Snorfiets","Fiets","Frontaal","Rechte weg",30,"Niet brandend","Daglicht","Droog",\N,\N,"Vincent van Goghweg","Zaandam","Zaanstad","Noord-Holland",false,52.449929,4.81293,"injury","2","clear",false,1,"GM0479"
"20240071934",2024,"Letsel",2,"Fiets","Fiets","Onbekend","Rechte weg",30,"Niet brandend","Daglicht","Droog",\N,"600890555","Professor B M Teldersweg","'s-Gravenhage","'s-Gravenhage","Zuid-Holland",false,52.097622,4.293297,"injury","2","clear",false,1,"GM0518"
"20240079979",2024,"Letsel",2,"Fiets","Bromfiets","Frontaal","Bocht",80,"Niet brandend","Daglicht","Droog",\N,"600510883","FIETSPAD","Amsterdam","Amsterdam","Noord-Holland",false,52.41169,4.740612,"injury","2","clear",false,1,"GM0363"
"20240081045",2024,"Letsel",1,"Fiets",\N,"Eenzijdig","Rechte weg",50,"Niet brandend","Daglicht","Droog",\N,"600722756","Rotterdamsedijk","Schiedam","Schiedam","Zuid-Holland",false,51.914668,4.405714,"injury","2","clear",false,1,"GM0606"
"20240040855",2024,"Letsel",1,"Fiets",\N,"Eenzijdig","Rechte weg",30,"Niet aanwezig","Duisternis","Droog",\N,\N,"Abtspoelweg","Oegstgeest","Oegstgeest","Zuid-Holland",false,52.187479,4.489783,"injury","2","clear",false,1,"GM0579"
"20240048153",2024,"Letsel",2,"Fiets","Voetganger","Onbekend","Rechte weg",30,"Niet brandend","Daglicht","Droog",\N,"601174766","Loosdrechtseweg","Hilversum","Hilversum","Noord-Holland",false,52.222825,5.157524,"injury","2","clear",false,1,"GM0402"