"accident_id","year","severity_raw","party_count","party1_type","party2_type","accident_type","road_situation","speed_limit_kmh","road_lighting","light_condition_label","weather_raw","infra_type","road_segment_id","street_name","place_name","gemeente_name_raw","province","alcohol_indicated","latitude","longitude","severity_label","severity_code","weather_label","built_up_area","cyclists_involved","gemeente_code"
"20240072086",2024,"Letsel",2,"Bromfiets","Fiets","Eenzijdig","Rechte weg",30,"Niet brandend","Daglicht","Droog",\N,\N,"Gooimeerlaan","Leiden","Leiden","Zuid-Holland",false,52.172681,4.498876,"injury","2","clear",false,1,"GM0546"
"20240080112",2024,"Uitsluitend materiele schade",3,"Personenauto","Fiets","Onbekend","Rechte weg",30,"Niet brandend","Daglicht","Droog",\N,"243368021","Schipbeekstraat","Amsterdam","Amsterdam","Noord-Holland",false,52.347219,4.897912,"material damage only","4","clear",false,1,"GM0363"
"20240040990",2024,"Uitsluitend materiele schade",2,"Personenauto","Fiets","Flank","Bocht",50,"Niet brandend","Daglicht","Droog",\N,"601007300","Drs. F. Bijlweg","Den Helder","Den Helder","Noord-Holland",false,52.939496,4.75345,"material damage only","4","clear",false,1,"GM0400"
"20240041782",2024,"Uitsluitend materiele schade",2,"Personenauto","Fiets","Flank","Kruispunt, 4 takken",30,"Niet brandend","Daglicht","Droog",\N,\N,"Maarschalkerwaard","Rotterdam","Rotterdam","Zuid-Holland",false,51.885886,4.547501,"material damage only","4","clear",false,1,"GM0599"
"20240072095",2024,"Letsel",1,"Fiets",\N,"Onbekend","Rechte weg",30,"Niet brandend","Duisternis","Droog",\N,"198302056","Herenweg","Moerkapelle","Zuidplas","Zuid-Holland",false,52.050901,4.575025,"injury","2","clear",false,1,"GM1892"
"20240038043",2024,"Letsel",1,"Fiets",\N,"Eenzijdig","Rechte weg",30,"Niet brandend","Daglicht","Droog",\N,"287331015","Dorpsstraat","Lage Vuursche","Baarn","Utrecht",false,52.179284,5.222387,"injury","2","clear",false,1,"GM0308"
"20240050763",2024,"Letsel",1,"Fiets",\N,"Onbekend","Kruispunt, 4 takken",80,"Niet brandend","Daglicht","Droog",\N,\N,"Waterlandse Zeedijk","Monnickendam","Waterland","Noord-Holland",false,52.447551,5.047984,"injury","2","clear",false,1,"GM0852"
"20230083478",2023,"Letsel",2,"Personenauto","e-bike","Onbekend","Kruispunt, 4 takken",50,"Niet brandend","Daglicht","Droog",\N,\N,"Oosterhamrikkade","Groningen","Groningen","Groningen",false,53.22739,6.570616,"injury","2","clear",false,1,"GM0014"
"20230087536",2023,"Uitsluitend materiele schade",3,"Personenauto","Fiets","Onbekend","Rotonde",50,"Brandend","Duisternis","Droog",\N,\N,"Johanna Naberstraat","Alkmaar","Alkmaar","Noord-Holland",false,52.665299,4.766882,"material damage only","4","clear",false,1,"GM0361"
"20230089305",2023,"Letsel",2,"Fiets","Overig vast object","Vast voorwerp","Rechte weg",15,"Niet brandend","Daglicht","Droog",\N,"600188497","Spui","'s-Gravenhage","'s-Gravenhage","Zuid-Holland",false,52.078052,4.314447,"injury","2","clear",false,1,"GM0518"
"20230090517",2023,"Letsel",2,"Fiets","Fiets","Frontaal","Bocht",\N,"Brandend","Duisternis",\N,\N,"209321055","Prins Bernhardlaan","Alphen aan den Rijn","Alphen aan den Rijn","Zuid-Holland",false,52.132258,4.656971,"injury","2","unknown",false,1,"GM0484"
"20230099624",2023,"Uitsluitend materiele schade",2,"Bromfiets","Fiets","Frontaal","Rechte weg",80,"Brandend","Duisternis","Droog",\N,"600491533","Ringbaan Oost","Weert","Weert","Limburg",false,51.254664,5.728701,"material damage only","4","clear",false,1,"GM0988"
"20230082364",2023,"Uitsluitend materiele schade",2,"Personenauto","e-bike","Flank","Kruispunt, 3 takken",50,"Niet brandend","Daglicht","Droog",\N,\N,"Beukenhorst","Brunssum","Brunssum","Limburg",false,50.941611,5.978988,"material damage only","4","clear",false,1,"GM0899"
"20230087566",2023,"Letsel",2,"Voetganger","Fiets","Voetganger","Rechte weg",50,"Brandend","Duisternis","Droog",\N,"600751033","Helderseweg","Alkmaar","Alkmaar","Noord-Holland",false,52.647173,4.743132,"injury","2","clear",false,1,"GM0361"
"20230088155",2023,"Letsel",3,"Personenauto","Fiets","Onbekend","Rechte weg",30,"Niet brandend","Daglicht","Regen",\N,"230346014","Knobbelzwaan","Uithoorn","Uithoorn","Noord-Holland",false,52.248178,4.807374,"injury","2","rain",false,1,"GM0451"
"20230088743",2023,"Uitsluitend materiele schade",2,"Bromfiets","Fiets","Flank","Rechte weg",30,"Niet brandend","Daglicht","Droog",\N,"601046578","Coolsingel","Rotterdam","Rotterdam","Zuid-Holland",false,51.920734,4.479813,"material damage only","4","clear",false,1,"GM0599"
"20230090558",2023,"Letsel",2,"Personenauto","Fiets","Onbekend","Kruispunt, 4 takken",50,"Niet brandend","Daglicht","Droog",\N,\N,"Anna Bijnslaan","'s-Gravenhage","'s-Gravenhage","Zuid-Holland",false,52.055554,4.299751,"injury","2","clear",false,1,"GM0518"
"20230096367",2023,"Letsel",2,"Personenauto","Fiets","Flank","Rotonde",50,"Niet brandend","Daglicht",\N,\N,\N,"Laan naar Parijsch","Culemborg","Culemborg","Gelderland",false,51.94818,5.199466,"injury","2","unknown",false,1,"GM0216"
"20230080020",2023,"Letsel",2,"Personenauto","e-bike","Flank","Kruispunt, 3 takken",30,"Niet brandend","Daglicht","Droog",\N,\N,"Zonnehof","Berkel en Rodenrijs","Lansingerland","Zuid-Holland",false,52.00303,4.491406,"injury","2","clear",false,1,"GM1621"
"20230087589",2023,"Letsel",2,"Personenauto","Fiets","Flank","Kruispunt, 4 takken",50,"Niet brandend","Daglicht","Regen",\N,\N,"Alexanderplein","Amsterdam","Amsterdam","Noord-Holland",false,52.363497,4.918966,"injury","2","rain",false,1,"GM0363"
"20230089938",2023,"Uitsluitend materiele schade",2,"Bromfiets","Fiets","Flank","Rechte weg",50,"Brandend","Duisternis","Droog",\N,"185280009","Straatweg","Rotterdam","Rotterdam","Zuid-Holland",false,51.947661,4.485394,"material damage only","4","clear",false,1,"GM0599"
"20230100970",2023,"Letsel",2,"Fiets","Fiets","Frontaal","Rechte weg",50,"Niet aanwezig","Daglicht","Droog",\N,"600904822","Amnesty Internationalln","Hellevoetsluis","Voorne aan Zee","Zuid-Holland",false,51.834686,4.140969,"injury","2","clear",false,1,"GM1992"
"20230102129",2023,"Letsel",2,"Personenauto","Fiets","Flank","Kruispunt, 4 takken",50,"Brandend","Duisternis","Regen",\N,"186305131","Nederlandlaan","Zoetermeer","Zoetermeer","Zuid-Holland",true,52.060451,4.485474,"injury","2","rain",false,1,"GM0637"
"20230103632",2023,"Uitsluitend materiele schade",2,"Personenauto","Fiets","Los voorwerp","Rotonde",50,"Brandend","Schemer","Regen",\N,\N,"ZUIDER ROTONDE","Oud-Beijerland","Hoeksche Waard","Zuid-Holland",false,51.812922,4.414045,"material damage only","4","rain",false,1,"GM1963"
"20230085323",2023,"Uitsluitend materiele schade",3,"Bromfiets","Fiets","Flank","Rechte weg",30,"Niet brandend","Daglicht","Droog",\N,"263296065","Poortdijk","IJsselstein","IJsselstein","Utrecht",false,52.02356,5.051091,"material damage only","4","clear",false,1,"GM0353"
"20230085346",2023,"Uitsluitend materiele schade",2,"Personenauto","Fiets","Flank","Rotonde",50,"Niet brandend","Daglicht","Regen",\N,\N,"FIETSPAD","Harderwijk","Harderwijk","Gelderland",false,52.345223,5.626468,"material damage only","4","rain",false,1,"GM0243"
"20230096445",2023,"Uitsluitend materiele schade",2,"Personenauto","Fiets","Flank","Kruispunt, 3 takken",\N,"Niet brandend","Daglicht","Droog",\N,\N,"Industrieweg","Emmeloord","Noordoostpolder","Flevoland",false,52.705743,5.755589,"material damage only","4","clear",false,1,"GM0171"
"20230100394",2023,"Letsel",2,"Personenauto","Fiets","Flank","Rechte weg",50,"Niet brandend","Daglicht","Droog",\N,\N,"Hagerhofweg","Venlo","Venlo","Limburg",false,51.355363,6.163924,"injury","2","clear",false,1,"GM0983"
"20230101759",2023,"Letsel",2,"Personenauto","Fiets","Flank","Kruispunt, 4 takken",50,"Niet brandend","Daglicht","Regen",\N,\N,"Willem Marisstraat","Rijswijk","Rijswijk","Zuid-Holland",false,52.054409,4.332979,"injury","2","rain",false,1,\N
"20230105277",2023,"Letsel",2,"Personenauto","Fiets","Flank","Rotonde",50,"Brandend","Schemer","Droog",\N,\N,"Santwyckse Poort","Tiel","Tiel","Gelderland",false,51.888894,5.439106,"injury","2","clear",false,1,"GM0281"
"20230084232",2023,"Uitsluitend materiele schade",2,"Fiets","Scootmobiel","Frontaal","Rotonde",30,"Niet brandend","Daglicht","Droog",\N,\N,"De Weel","Hoorn","Hoorn","Noord-Holland",false,52.638609,5.0337,"material damage only","4","clear",false,1,"GM0405"
"20230087675",2023,"Letsel",1,"Fiets",\N,"Eenzijdig","Rechte weg",30,"Niet brandend","Daglicht","Droog",\N,\N,"Zuider Buiten Spaarne","Haarlem","Haarlem","Noord-Holland",false,52.376708,4.639869,"injury","2","clear",false,1,"GM0392"
"20230101394",2023,"Letsel",2,"Fiets","Fiets","Onbekend","Rechte weg",50,"Niet brandend","Daglicht","Droog",\N,"601113699","Vlietlaan","Rotterdam","Rotterdam","Zuid-Holland",false,51.928714,4.501647,"injury","2","clear",false,1,"GM0599"
"20230089470",2023,"Letsel",2,"Fiets","Bestelauto","Flank","Rotonde",50,"Niet brandend","Daglicht","Droog",\N,\N,"P. Zeemanstraat","Zwijndrecht","Zwijndrecht","Zuid-Holland",false,51.815221,4.637726,"injury","2","clear",false,1,"GM0642"
"20230094203",2023,"Letsel",2,"Fiets","Vrachtauto","Eenzijdig","Rechte weg",50,"Niet brandend","Daglicht","Droog",\N,"600164703","Kryptonstraat","Wehl","Doetinchem","Gelderland",false,51.946714,6.229585,"injury","2","clear",false,1,"GM0222"
"20230100760",2023,"Uitsluitend materiele schade",1,"Fiets",\N,"Onbekend","Rechte weg",30,"Niet brandend","Daglicht","Droog",\N,"323156012","Ekenrooisestraat","Waalre","Waalre","Noord-Brabant",false,51.39437,5.48614,"material damage only","4","clear",false,1,"GM0866"
"20230090729",2023,"Uitsluitend materiele schade",3,"Bestelauto","Fiets","Onbekend","Kruispunt, 4 takken",50,"Niet brandend","Daglicht","Droog",\N,"393042075","Benzenraderweg","Heerlen","Heerlen","Limburg",false,50.877119,5.980417,"material damage only","4","clear",false,1,"GM0917"
"20230097112",2023,"Uitsluitend materiele schade",2,"Snorfiets","Fiets","Flank","Kruispunt, 4 takken",30,"Brandend","Duisternis","Droog",\N,\N,"Linnaeusstraat","Amsterdam","Amsterdam","Noord-Holland",false,52.361919,4.923866,"material damage only","4","clear",false,1,"GM0363"
"20230082008",2023,"Uitsluitend materiele schade",2,"Fiets","Personenauto","Flank","Kruispunt, 4 takken",50,"Niet brandend","Daglicht","Droog",\N,\N,"Akerstraat","Maastricht","Maastricht","Limburg",false,50.847297,5.703185,"material damage only","4","clear",false,1,"GM0935"
"20230098915",2023,"Uitsluitend materiele schade",2,"Personenauto","Fiets","Flank","Rechte weg",50,"Niet brandend","Daglicht","Droog",\N,"341182010","Lieshoutseweg","Aarle-Rixtel","Laarbeek","Noord-Brabant",false,51.510598,5.616363,"material damage only","4","clear",false,1,"GM1659"
"20230081435",2023,"Uitsluitend materiele schade",2,"Fiets","Fiets","Flank","Rechte weg",30,"Niet brandend","Daglicht","Droog",\N,"178274041","Spaanseweg","Rotterdam","Rotterdam","Zuid-Holland",false,51.918161,4.42847,"material damage only","4","clear",false,1,"GM0599"
"20230084943",2023,"Uitsluitend materiele schade",2,"Personenauto","Fiets","Flank","Kruispunt, 4 takken",50,"Niet brandend","Daglicht","Droog",\N,\N,"Kuipwal","Harderwijk","Harderwijk","Gelderland",false,52.349664,5.623152,"material damage only","4","clear",false,1,"GM0243"
"20230086081",2023,"Uitsluitend materiele schade",2,"Fiets","Fiets","Onbekend","Kruispunt, 4 takken",\N,"Niet brandend","Daglicht","Droog",\N,\N,"Brailledreef","Utrecht","Utrecht","Utrecht",false,52.108678,5.113063,"material damage only","4","clear",false,1,"GM0344"
"20230080276",2023,"Uitsluitend materiele schade",1,"Fiets",\N,"Flank","Kruispunt, 4 takken",50,"Brandend","Duisternis","Droog",\N,\N,"Tjalklaan","Rotterdam","Rotterdam","Zuid-Holland",false,51.919169,4.423688,"material damage only","4","clear",false,1,"GM0599"
"20230107275",2023,"Letsel",2,"Fiets","Fiets","Onbekend","Rechte weg",50,"Brandend","Duisternis","Droog",\N,"600634387","FIETSPAD","Rotterdam","Rotterdam","Zuid-Holland",false,51.959272,4.454989,"injury","2","clear",false,1,"GM0599"
"20230080298",2023,"Uitsluitend materiele schade",2,"Fiets","Personenauto","Flank","Kruispunt, 4 takken",50,"Niet brandend","Daglicht","Droog",\N,\N,"Overhage","Hoogvliet Rotterdam","Rotterdam","Zuid-Holland",false,51.865672,4.353032,"material damage only","4","clear",false,1,"GM0599"
"20230083263",2023,"Uitsluitend materiele schade",2,"Personenauto","Fiets","Flank","Rechte weg",30,"Niet brandend","Daglicht","Droog",\N,"408400153","Nieuwe Deventerweg","Zwolle","Zwolle","Overijssel",false,52.488703,6.110416,"material damage only","4","clear",false,1,"GM0193"
"20230086151",2023,"Letsel",3,\N,"Fiets","Eenzijdig","Rechte weg",60,"Niet brandend","Daglicht","Regen",\N,"445359015","Raalterweg","Holten","Rijssen-Holten","Overijssel",false,52.298281,6.384969,"injury","2","rain",false,1,"GM1742"
"20230089667",2023,"Letsel",2,"Bromfiets","Fiets","Frontaal","Rechte weg",\N,"Niet brandend","Daglicht","Regen",\N,"168293215","Stationsplein","Delft","Delft","Zuid-Holland",false,52.007016,4.355931,"injury","2","rain",false,1,"GM0503"
"20230095537",2023,"Uitsluitend materiele schade",3,"Personenauto","Fiets","Flank","Kruispunt, 3 takken",30,"Brandend","Schemer","Droog",\N,\N,"Kanaaldijk Oost","Breukelen","Stichtse Vecht","Utrecht",false,52.170867,4.995624,"material damage only","4","clear",false,1,"GM1904"
"20230096092",2023,"Uitsluitend materiele schade",2,"Personenauto","Fiets","Flank","Kruispunt, 4 takken",50,"Niet brandend","Daglicht","Droog",\N,\N,"Breehorn","Urk","Urk","Flevoland",false,52.653587,5.624495,"material damage only","4","clear",false,1,"GM0184"
"20230080355",2023,"Uitsluitend materiele schade",2,"Fiets","Personenauto","Flank","Rechte weg",50,"Niet brandend","Daglicht","Droog",\N,\N,"Schönberglaan","Capelle aan den IJssel","Capelle aan den IJssel","Zuid-Holland",false,51.917272,4.564284,"material damage only","4","clear",false,1,"GM0502"
"20230082149",2023,"Uitsluitend materiele schade",2,"Motor","Fiets","Flank","Kruispunt, 4 takken",80,"Niet brandend","Daglicht","Droog",\N,\N,"Heuvelstraat","Maasbracht","Maasgouw","Limburg",false,51.136021,5.911035,"material damage only","4","clear",false,1,"GM1641"
"20230093251",2023,"Uitsluitend materiele schade",2,"Personenauto","Fiets","Onbekend","Rotonde",50,"Niet brandend","Schemer","Droog",\N,\N,"Schuttevaerkade","Zwolle","Zwolle","Overijssel",false,52.516272,6.089249,"material damage only","4","clear",false,1,"GM0193"
"20230102940",2023,"Uitsluitend materiele schade",2,"Personenauto","Fiets","Frontaal","Kruispunt, 3 takken",50,"Niet brandend","Daglicht","Mist",\N,\N,"Buitenwatersloot","Delft","Delft","Zuid-Holland",false,52.005084,4.345926,"material damage only","4","fog",false,1,"GM0503"
"20230087997",2023,"Letsel",2,"Fiets","Personenauto","Geparkeerd voertuig","Rechte weg",30,"Niet brandend","Daglicht","Droog","Parkeervoorziening","600767093","Burg D Kooimanweg","Purmerend","Purmerend","Noord-Holland",false,52.50984,4.957659,"injury","2","clear",false,1,"GM0439"
"20230088575",2023,"Uitsluitend materiele schade",2,"Fiets","Fiets","Frontaal","Rechte weg",50,"Brandend","Duisternis","Droog",\N,"600592248","FIETSPAD","Oosterhout","Oosterhout","Noord-Brabant",false,51.673713,4.822558,"material damage only","4","clear",false,1,"GM0826"
"20230092112",2023,"Uitsluitend materiele schade",2,"Fiets","Fiets","Frontaal","Rechte weg",50,"Brandend","Duisternis","Droog",\N,"319162047","Hoogstraat","Eindhoven","Eindhoven","Noord-Brabant",false,51.422346,5.457735,"material damage only","4","clear",false,1,"GM0772"
"20230080413",2023,"Uitsluitend materiele schade",3,"Bestelauto","Fiets","Onbekend","Rechte weg",50,"Niet brandend","Daglicht","Droog",\N,"191280032","Terbregseweg","Rotterdam","Rotterdam","Zuid-Holland",false,51.947908,4.526553,"material damage only","4","clear",false,1,"GM0599"
"20230090356",2023,"Letsel",2,"Personenauto","Fiets","Flank","Rechte weg",15,"Niet brandend","Daglicht","Droog",\N,"187268130","2e Balsemienstraat","Rotterdam","Rotterdam","Zuid-Holland",false,51.894335,4.500682,"injury","2","clear",false,1,"GM0599"
"20230085740",2023,"Letsel",2,"Fiets","Bestelauto","Flank","Kruispunt, 4 takken",50,"Brandend","Duisternis","Regen",\N,\N,"Beefland","De Meern","Utrecht","Utrecht",false,52.080254,5.049904,"injury","2","rain",false,1,"GM0344"
"20230091613",2023,"Uitsluitend materiele schade",2,"Motor","e-bike","Flank","Kruispunt, 4 takken",50,"Niet brandend","Daglicht","Droog",\N,\N,"Heuvelring","Tilburg","Tilburg","Noord-Brabant",false,51.559422,5.091213,"material damage only","4","clear",false,1,"GM0855"
"20230094519",2023,"Uitsluitend materiele schade",2,"Personenauto","Fiets","Flank","Kruispunt, 4 takken",50,"Brandend","Duisternis","Droog",\N,\N,"Stadswei","Harderwijk","Harderwijk","Gelderland",false,52.331893,5.60988,"material damage only","4","clear",false,1,"GM0243"
"20230095686",2023,"Letsel",3,"Personenauto","Fiets","Onbekend","Rechte weg",50,"Brandend","Duisternis","Regen",\N,\N,"Diependaalselaan","Hilversum","Hilversum","Noord-Holland",false,52.211997,5.15915,"injury","2","rain",false,1,"GM0402"
"20230096842",2023,"Letsel",2,"Personenauto","Fiets","Frontaal","Kruispunt, 4 takken",30,"Brandend","Duisternis","Droog",\N,\N,"Saturnusweg","Culemborg","Culemborg","Gelderland",false,51.943785,5.203509,"injury","2","clear",false,1,"GM0216"
"20230096843",2023,"Uitsluitend materiele schade",2,"Fiets","Fiets","Flank","Kruispunt, 4 takken",50,"Niet brandend","Daglicht","Sneeuw/Hagel",\N,\N,"Weg door Zuid-Salland","Deventer","Deventer","Overijssel",false,52.253843,6.199507,"material damage only","4","unknown",false,1,"GM0150"
"20230083445",2023,"Letsel",2,"Bromfiets","Fiets","Kop/staart","Kruispunt, 3 takken",\N,"Niet brandend","Daglicht","Droog",\N,\N,"Rondweg","Emmen","Emmen","Drenthe",false,52.782522,6.94631,"injury","2","clear",false,1,"GM0114"
"20230087486",2023,"Uitsluitend materiele schade",3,"Personenauto","Fiets","Los voorwerp","Kruispunt, 4 takken",50,"Niet brandend","Daglicht","Droog",\N,\N,"Vondelstraat","Alkmaar","Alkmaar","Noord-Holland",false,52.616519,4.742333,"material damage only","4","clear",false,1,"GM0361"
"20220002026",2022,"Uitsluitend materiele schade",2,"Bestelauto","Fiets","Flank","Kruispunt, 4 takken",50,"Brandend","Duisternis","Droog",\N,\N,"Paterswoldseweg","Groningen","Groningen","Groningen",false,53.212068,6.555549,"material damage only","4","clear",false,1,"GM0014"
"20220002146",2022,"Letsel",2,"Bestelauto","Fiets","Frontaal","Kruispunt, 4 takken",50,"Niet brandend","Daglicht","Droog","Brug/viaduct",\N,"KIJK IN 'T JATBRUG","Groningen","Groningen","Groningen",false,53.220593,6.560967,"injury","2","clear",false,1,"GM0014"
"20220005466",2022,"Letsel",2,"Personenauto","e-bike","Frontaal","Rechte weg",30,"Brandend","Duisternis","Droog",\N,"379416136","Dr. Damstraat","Kampen","Kampen","Overijssel",false,52.558111,5.900062,"injury","2","clear",false,1,"GM0166"
"20220007409",2022,"Letsel",2,"Personenauto","e-bike","Flank","Kruispunt, 3 takken",50,"Brandend","Schemer","Droog",\N,\N,"Weth E van Dronkelaarpln","Almelo","Almelo","Overijssel",false,52.350282,6.669276,"injury","2","clear",false,1,"GM0141"
"20220007985",2022,"Letsel",2,"Personenauto","e-bike","Flank","Kruispunt, 4 takken",50,"Brandend","Duisternis","Droog",\N,\N,"Kottenseweg","Winterswijk","Winterswijk","Gelderland",false,51.966556,6.722733,"injury","2","clear",false,1,"GM0294"
"20220008756",2022,"Uitsluitend materiele schade",2,"Personenauto","Fiets","Onbekend","Kruispunt, 4 takken",50,"Niet brandend","Daglicht","Droog",\N,\N,"Burg van Tuyllkade","Utrecht","Utrecht","Utrecht",false,52.112815,5.087028,"material damage only","4","clear",false,1,"GM0344"
"20220115298",2022,"Letsel",2,"Bromfiets","Fiets","Flank","Kruispunt, 3 takken",50,"Niet brandend","Daglicht","Droog","Tunnel",\N,"Damsterdiep","Groningen","Groningen","Groningen",false,53.225298,6.592354,"injury","2","clear",false,1,"GM0014"
"20220119004",2022,"Uitsluitend materiele schade",3,"Personenauto","e-bike","Los voorwerp","Kruispunt, 4 takken",50,"Niet brandend","Daglicht","Droog",\N,\N,"Kromme Dissel","Beuningen Gld","Beuningen","Gelderland",false,51.85524,5.773186,"material damage only","4","clear",false,1,"GM0209"
"20230005862",2023,"Letsel",1,"Fiets",\N,"Eenzijdig",\N,50,\N,"Duisternis",\N,\N,\N,"Westvlietweg","'s-Gravenhage","'s-Gravenhage","Zuid-Holland",false,52.0641,4.362725,"injury","2","unknown",false,1,"GM0518"
"20220079627",2022,"Uitsluitend materiele schade",1,"Fiets",\N,"Frontaal","Bocht",50,"Niet aanwezig","Daglicht","Droog",\N,\N,"De Weer","Zaandam","Zaanstad","Noord-Holland",false,52.444493,4.840081,"material damage only","4","clear",false,1,"GM0479"
"20220082570",2022,"Letsel",1,"Fiets",\N,"Eenzijdig","Rechte weg",30,"Brandend","Duisternis","Droog",\N,"162310038","Noordeinde","'s-Gravenhage","'s-Gravenhage","Zuid-Holland",false,52.08009,4.308023,"injury","2","clear",false,1,"GM0518"
"20220089844",2022,"Uitsluitend materiele schade",2,"Personenauto","Fiets","Flank","Kruispunt, 4 takken",30,"Brandend","Duisternis","Droog",\N,\N,"Gildelaan","Eindhoven","Eindhoven","Noord-Brabant",false,51.4477,5.475409,"material damage only","4","clear",false,1,"GM0772"
"20220033502",2022,"Letsel",1,"Fiets",\N,"Eenzijdig","Kruispunt, 3 takken",50,"Niet brandend","Daglicht","Droog",\N,\N,"De Sterreschans","Molenhoek","Mook en Middelaar","Limburg",false,51.762914,5.869218,"injury","2","clear",false,1,"GM0944"
"20220044727",2022,"Uitsluitend materiele schade",2,"Personenauto","e-bike","Flank","Kruispunt, 4 takken",30,"Niet brandend","Daglicht","Droog",\N,\N,"Vellerselaan","Barneveld","Barneveld","Gelderland",false,52.127336,5.593076,"material damage only","4","clear",false,1,"GM0203"
"20220068205",2022,"Uitsluitend materiele schade",2,"Fiets","Fiets","Flank","Rechte weg",30,"Niet brandend","Daglicht","Droog",\N,"299147001","Gagel","Eersel","Eersel","Noord-Brabant",false,51.351756,5.312608,"material damage only","4","clear",false,1,"GM0770"
"20220078207",2022,"Letsel",3,"Personenauto","Fiets","Onbekend","Rechte weg",30,"Niet brandend","Daglicht","Droog",\N,"287358034","Joost Banckertstraat","Huizen","Huizen","Noord-Holland",false,52.299517,5.225021,"injury","2","clear",false,1,"GM0406"
"20220079030",2022,"Letsel",2,"Personenauto","Fiets","Los voorwerp","Rotonde",30,"Niet brandend","Daglicht","Droog",\N,\N,"Spoorsingel","Beverwijk","Beverwijk","Noord-Holland",false,52.483251,4.667943,"injury","2","clear",false,1,"GM0375"
"20220080641",2022,"Uitsluitend materiele schade",2,"Bromfiets","Fiets","Frontaal","Kruispunt, 4 takken",50,"Niet brandend","Daglicht","Droog",\N,\N,"Vijzelstraat","Amsterdam","Amsterdam","Noord-Holland",false,52.362942,4.892033,"material damage only","4","clear",false,1,"GM0363"
"20220082669",2022,"Letsel",1,"e-bike",\N,"Eenzijdig",\N,30,"Niet brandend","Daglicht","Droog",\N,"169308147","De Vliegerlaan","Voorburg","Leidschendam-Voorburg","Zuid-Holland",false,52.074078,4.361272,"injury","2","clear",false,1,"GM1916"
"20220033690",2022,"Letsel",2,"Personenauto","Fiets","Onbekend","Kruispunt, 3 takken",30,"Niet aanwezig","Daglicht",\N,\N,\N,"Mheenlaan","Apeldoorn","Apeldoorn","Gelderland",false,52.221292,5.990963,"injury","2","unknown",false,1,"GM0200"
"20220037445",2022,"Letsel",2,"Fiets","Personenauto","Flank","Kruispunt, 4 takken",50,"Brandend","Duisternis","Droog",\N,\N,"Westersingel","Rotterdam","Rotterdam","Zuid-Holland",false,51.916089,4.473626,"injury","2","clear",false,1,"GM0599"
"20220047790",2022,"Uitsluitend materiele schade",2,"Fiets","Fiets","Flank","Kruispunt, 4 takken",30,"Niet aanwezig","Daglicht","Droog","Spoorwegovergang",\N,"van Oldenbarneveltstraat","Nijmegen","Nijmegen","Gelderland",false,51.842106,5.853478,"material damage only","4","clear",false,1,"GM0268"
"20220052276",2022,"Letsel",3,"Fiets","Fiets","Onbekend","Rechte weg",50,"Niet brandend","Daglicht","Droog",\N,"600457878","Ooster Boekelweg","Hoogwoud","Opmeer","Noord-Holland",false,52.72405,4.954708,"injury","2","clear",false,1,"GM0432"
"20220069938",2022,"Uitsluitend materiele schade",2,"Personenauto","Fiets","Flank","Kruispunt, 4 takken",60,"Niet brandend","Daglicht","Droog",\N,\N,"Peeldijkje","Horst","Horst aan de Maas","Limburg",false,51.473706,6.063365,"material damage only","4","clear",false,1,"GM1507"
"20220069939",2022,"Uitsluitend materiele schade",2,"Personenauto","Fiets","Flank","Kruispunt, 3 takken",30,"Niet brandend","Daglicht",\N,\N,\N,"Sterappel","Helden","Peel en Maas","Limburg",false,51.325354,6.001829,"material damage only","4","unknown",false,1,"GM1894"
"20220081503",2022,"Uitsluitend materiele schade",2,"Personenauto","Fiets","Flank","Kruispunt, 4 takken",50,"Niet brandend","Daglicht","Droog",\N,\N,"Apollolaan","Amsterdam","Amsterdam","Noord-Holland",false,52.350383,4.878505,"material damage only","4","clear",false,1,"GM0363"
"20220089698",2022,"Letsel",2,"Bromfiets","Fiets","Flank","Kruispunt, 4 takken",30,"Niet brandend","Daglicht","Droog",\N,\N,"Bernhardstraat","Cuijk","Land van Cuijk","Noord-Brabant",false,51.730258,5.875131,"injury","2","clear",false,1,"GM1982"
"20220019942",2022,"Letsel",1,"Fiets",\N,"Eenzijdig","Rechte weg",50,"Brandend","Duisternis","Droog",\N,"193303044","Javalaan","Zoetermeer","Zoetermeer","Zuid-Holland",false,52.052678,4.539732,"injury","2","clear",false,1,"GM0637"
"20220035595",2022,"Uitsluitend materiele schade",2,"Personenauto","Fiets","Onbekend","Kruispunt, 4 takken",\N,\N,"Daglicht","Droog",\N,\N,"Vondelstraat","Alkmaar","Alkmaar","Noord-Holland",false,52.626401,4.752789,"material damage only","4","clear",false,1,"GM0361"
"20220110274",2022,"Letsel",2,"Bromfiets","Fiets","Frontaal","Bocht",15,"Niet brandend","Daglicht","Droog",\N,"600946177","Provincialeweg-Zuid","Genderen","Altena","Noord-Brabant",false,51.74014,5.082262,"injury","2","clear",false,1,"GM1959"
"20220111507",2022,"Uitsluitend materiele schade",2,"e-bike","Fiets","Onbekend","Rechte weg",80,"Niet brandend","Daglicht","Droog",\N,\N,"KEMPENBAAN","Lage Mierde","Reusel-De Mierden","Noord-Brabant",false,51.392323,5.155164,"material damage only","4","clear",false,1,"GM1667"
"20220043068",2022,"Letsel",2,"Personenauto","Fiets","Flank","Kruispunt, 4 takken",50,"Brandend","Duisternis","Regen",\N,\N,"St. Annastraat","Nijmegen","Nijmegen","Gelderland",false,51.83829,5.860054,"injury","2","rain",false,1,"GM0268"