"accident_id","year","severity_raw","party_count","party1_type","party2_type","accident_type","road_situation","speed_limit_kmh","road_lighting","light_condition_label","weather_raw","infra_type","road_segment_id","street_name","place_name","gemeente_name_raw","province","alcohol_indicated","latitude","longitude","severity_label","severity_code","weather_label","built_up_area","cyclists_involved","gemeente_code"
"20240091518",2024,"Uitsluitend materiele schade",3,"Landbouwvoertuig","Fiets","Flank","Rechte weg",60,"Niet brandend","Daglicht","Droog",\N,"152225001","Tilsedijk","Den Bommel","Goeree-Overflakkee","Zuid-Holland",false,51.699805,4.251979,"material damage only","4","clear",false,1,"GM1924"
"20240049840",2024,"Letsel",2,"Bestelauto","Fiets","Geparkeerd voertuig","Rechte weg",50,"Niet brandend","Daglicht","Droog",\N,"600182692","Buurtweg","Wassenaar","Wassenaar","Zuid-Holland",false,52.117993,4.355035,"injury","2","clear",false,1,"GM0629"
"20240074127",2024,"Uitsluitend materiele schade",2,"Fiets","Personenauto","Flank","Kruispunt, 3 takken",50,"Niet brandend","Daglicht","Droog",\N,\N,"De Pinckart","Nuenen","Nuenen, Gerwen en Nederwetten","Noord-Brabant",false,51.468152,5.535465,"material damage only","4","clear",false,1,"GM0820"
"20240084460",2024,"Letsel",2,"Personenauto","Fiets","Flank","Kruispunt, 3 takken",50,"Niet brandend","Daglicht","Regen",\N,\N,"Hoofdweg","Froombosch","Midden-Groningen","Groningen",false,53.192399,6.779363,"injury","2","rain",false,1,"GM1952"
"20240088980",2024,"Uitsluitend materiele schade",2,"Personenauto","Fiets","Flank","Kruispunt, 4 takken",30,"Brandend","Duisternis","Droog",\N,\N,"Hoogwerf","Naaldwijk","Westland","Zuid-Holland",false,51.98419,4.209564,"material damage only","4","clear",false,1,"GM1783"
"20240095817",2024,"Letsel",1,"Fiets",\N,"Flank","Bocht",30,"Niet brandend","Daglicht","Droog",\N,"600373252","Bronsteeweg","Heemstede","Heemstede","Noord-Holland",false,52.361696,4.624497,"injury","2","clear",false,1,"GM0397"
"20240096947",2024,"Letsel",2,"Motor","Fiets","Frontaal","Rechte weg",50,"Niet brandend","Daglicht","Droog",\N,"282284001","Lekdijk","Schalkwijk","Houten","Utrecht",false,51.965503,5.200424,"injury","2","clear",false,1,"GM0321"
"20240043399",2024,"Letsel",1,"Fiets",\N,"Onbekend",\N,50,\N,"Daglicht",\N,\N,"600105475","Statenlaan","'s-Gravenhage","'s-Gravenhage","Zuid-Holland",false,52.095586,4.272044,"injury","2","unknown",false,1,"GM0518"
"20240089015",2024,"Letsel",2,"Personenauto","Fiets","Flank","Kruispunt, 4 takken",50,"Brandend","Duisternis","Droog",\N,\N,"Fruitweg","'s-Gravenhage","'s-Gravenhage","Zuid-Holland",false,52.061576,4.307966,"injury","2","clear",false,1,"GM0518"
"20240090939",2024,"Letsel",2,"Fiets","Fiets","Onbekend","Rechte weg",60,"Niet aanwezig","Daglicht","Droog",\N,"600706101","Middenweg","IJzendijke","Sluis","Zeeland",false,51.32454,3.594553,"injury","2","clear",false,1,"GM1714"
"20240102796",2024,"Uitsluitend materiele schade",2,"Fiets","Fiets","Flank","Rechte weg",30,"Niet brandend","Daglicht","Droog",\N,"600857085","Broekhofstraat","Venlo","Venlo","Limburg",false,51.357335,6.171605,"material damage only","4","clear",false,1,"GM0983"
"20240098906",2024,"Letsel",2,"Personenauto","Fiets","Flank","Kruispunt, 4 takken",30,"Niet brandend","Daglicht","Regen",\N,\N,"Eerste Boomdwarsstraat","Amsterdam","Amsterdam","Noord-Holland",false,52.37875,4.884869,"injury","2","rain",false,1,"GM0363"
"20240078167",2024,"Uitsluitend materiele schade",1,"Fiets",\N,"Eenzijdig","Kruispunt, 4 takken",30,"Niet brandend","Daglicht","Droog",\N,\N,"Puntenburgerlaan","Amersfoort","Amersfoort","Utrecht",false,52.159677,5.374497,"material damage only","4","clear",false,1,"GM0307"
"20240081910",2024,"Letsel",1,"Fiets",\N,"Flank","Rechte weg",30,"Niet aanwezig","Daglicht","Droog",\N,"600712797","Burg van Doornlaan","De Lier","Westland","Zuid-Holland",false,51.972867,4.236713,"injury","2","clear",false,1,"GM1783"
"20240095371",2024,"Letsel",2,"Fiets","Fiets","Onbekend","Rechte weg",50,"Niet brandend","Daglicht","Droog",\N,"200372010","Zandvoorterweg","Aerdenhout","Bloemendaal","Noord-Holland",false,52.362069,4.588108,"injury","2","clear",false,1,"GM0377"
"20240096456",2024,"Uitsluitend materiele schade",2,"Personenauto","Fiets","Kop/staart","Kruispunt, 3 takken",50,"Niet brandend","Daglicht","Droog",\N,\N,"Nijverheidsweg-Noord","Amersfoort","Amersfoort","Utrecht",false,52.166906,5.367194,"material damage only","4","clear",false,1,"GM0307"
"20240098825",2024,"Letsel",1,"Fiets",\N,"Onbekend","Rechte weg",30,"Niet brandend","Daglicht","Regen",\N,"243370001","Van Woustraat","Amsterdam","Amsterdam","Noord-Holland",false,52.355791,4.900474,"injury","2","rain",false,1,"GM0363"
"20240099697",2024,"Uitsluitend materiele schade",2,"Bromfiets","Fiets","Flank","Kruispunt, 3 takken",30,"Brandend","Duisternis","Droog",\N,\N,"Waalstraat","Tilburg","Tilburg","Noord-Brabant",false,51.576351,5.07677,"material damage only","4","clear",false,1,"GM0855"
"20240046308",2024,"Uitsluitend materiele schade",2,"Fiets","Fiets","Flank","Rechte weg",50,"Niet brandend","Daglicht","Droog",\N,"600917588","Burg Matsersingel","Arnhem","Arnhem","Gelderland",false,51.951204,5.885264,"material damage only","4","clear",false,1,"GM0202"
"20240074231",2024,"Letsel",2,"Bus","Fiets","Flank","Kruispunt, 4 takken",30,"Niet brandend","Daglicht","Droog",\N,\N,"Spaarnwoudelaan","Tilburg","Tilburg","Noord-Brabant",false,51.581919,4.982387,"injury","2","clear",false,1,"GM0855"
"20240077556",2024,"Uitsluitend materiele schade",1,"e-bike",\N,"Eenzijdig","Rotonde",50,"Niet brandend","Daglicht","Regen",\N,\N,"FIETSPAD","Zeist","Zeist","Utrecht",false,52.082433,5.246547,"material damage only","4","rain",false,1,"GM0355"
"20240100046",2024,"Uitsluitend materiele schade",2,"Personenauto","Fiets","Flank","Kruispunt, 3 takken",30,"Niet brandend","Daglicht","Droog",\N,\N,"Laan van Wateringse Veld","'s-Gravenhage","'s-Gravenhage","Zuid-Holland",false,52.02464,4.291609,"material damage only","4","clear",false,1,"GM0518"
"20240100303",2024,"Letsel",2,"Personenauto","Fiets","Flank","Kruispunt, 4 takken",50,"Niet brandend","Daglicht","Droog",\N,\N,"Bentincklaan","Rotterdam","Rotterdam","Zuid-Holland",false,51.926341,4.461081,"injury","2","clear",false,1,"GM0599"
"20240049316",2024,"Letsel",2,"Fiets","Personenauto","Flank","Kruispunt, 3 takken",30,"Niet brandend","Daglicht","Droog",\N,\N,"2e Velddwarsweg","Waverveen","De Ronde Venen","Utrecht",false,52.242263,4.873226,"injury","2","clear",false,1,"GM0736"
"20240049341",2024,"Letsel",2,"Bestelauto","Fiets","Flank","Kruispunt, 3 takken",50,"Niet brandend","Daglicht","Droog",\N,\N,"Zwin","Emmeloord","Noordoostpolder","Flevoland",false,52.711636,5.727563,"injury","2","clear",false,1,"GM0171"
"20240074936",2024,"Uitsluitend materiele schade",2,"Fiets","Fiets","Kop/staart","Rechte weg",\N,"Niet brandend","Daglicht","Droog",\N,"476381030","Aadorpweg","Vriezenveen","Twenterand","Overijssel",false,52.394561,6.612694,"material damage only","4","clear",false,1,"GM1700"
"20240083946",2024,"Letsel",1,"Fiets",\N,"Onbekend","Rechte weg",60,"Niet brandend","Daglicht","Droog",\N,"417191001","Tuinstraat","Wellerlooi","Bergen (L)","Limburg",false,51.545236,6.16699,"injury","2","clear",false,1,\N
"20240097128",2024,"Uitsluitend materiele schade",2,"Personenauto","Fiets","Flank","Rotonde",50,"Niet brandend","Daglicht","Regen",\N,\N,"Laan naar Eme","Zutphen","Zutphen","Gelderland",false,52.127754,6.200771,"material damage only","4","rain",false,1,"GM0301"
"20240099803",2024,"Letsel",2,"Personenauto","Fiets","Flank","Rotonde",50,"Niet brandend","Daglicht","Droog",\N,\N,"Dr. J.M. den Uyllaan","Spijkenisse","Nissewaard","Zuid-Holland",false,51.84901,4.331281,"injury","2","clear",false,1,"GM1930"
"20240100091",2024,"Letsel",2,"Fiets","Fiets","Flank","Rechte weg",50,"Niet brandend","Daglicht","Droog",\N,"207320019","H.A. Lorentzweg","Alphen aan den Rijn","Alphen aan den Rijn","Zuid-Holland",false,52.128186,4.640535,"injury","2","clear",false,1,"GM0484"
"20240101159",2024,"Letsel",2,"Fiets","Personenauto","Onbekend","Kruispunt, 3 takken",60,"Niet brandend","Daglicht","Droog",\N,\N,"Heulenslag","Bleskensgraaf ca","Molenlanden","Zuid-Holland",false,51.862322,4.731936,"injury","2","clear",false,1,"GM1978"
"20240046396",2024,"Uitsluitend materiele schade",2,"Fiets","Snorfiets","Onbekend","Bocht",30,"Niet brandend","Daglicht","Droog",\N,"496356059","Lemerijweg","Hengelo","Hengelo (O)","Overijssel",false,52.285386,6.757971,"material damage only","4","clear",false,1,\N
"20240074970",2024,"Uitsluitend materiele schade",2,"Personenauto","Fiets","Flank","Rotonde",50,"Niet brandend","Daglicht","Droog",\N,\N,"Veldlaan","Beneden-Leeuwen","West Maas en Waal","Gelderland",false,51.877774,5.522242,"material damage only","4","clear",false,1,"GM0668"
"20240083312",2024,"Letsel",2,"Personenauto","Fiets","Onbekend","Kruispunt, 3 takken",50,"Niet brandend","Daglicht","Regen",\N,\N,"Looveltlaan","Oss","Oss","Noord-Brabant",false,51.770983,5.502056,"injury","2","rain",false,1,"GM0828"
"20240089182",2024,"Letsel",2,"Fiets","Fiets","Frontaal","Rechte weg",30,"Niet brandend","Daglicht","Droog",\N,"158289018","Noordlierweg","Schipluiden","Midden-Delfland","Zuid-Holland",false,51.987617,4.284481,"injury","2","clear",false,1,"GM1842"
"20240096560",2024,"Uitsluitend materiele schade",2,"Personenauto","Fiets","Flank","Kruispunt, 4 takken",50,"Niet aanwezig","Schemer","Droog",\N,\N,"Brinkhoekweg","Zwolle","Zwolle","Overijssel",false,52.535985,6.117801,"material damage only","4","clear",false,1,"GM0193"
"20240100924",2024,"Letsel",2,"Fiets","Snorfiets","Flank","Kruispunt, 3 takken",30,"Niet brandend","Daglicht","Droog",\N,\N,"Giststraat","Delft","Delft","Zuid-Holland",false,52.006974,4.36081,"injury","2","clear",false,1,"GM0503"
"20240048810",2024,"Uitsluitend materiele schade",2,"Personenauto","Fiets","Frontaal","Kruispunt, 3 takken",30,"Niet brandend","Daglicht","Droog",\N,\N,"Rietzangerweg","Apeldoorn","Apeldoorn","Gelderland",false,52.197532,5.969007,"material damage only","4","clear",false,1,"GM0200"
"20240071211",2024,"Uitsluitend materiele schade",2,"Personenauto","Fiets","Frontaal","Kruispunt, 3 takken",50,"Niet brandend","Daglicht","Droog",\N,\N,"Blaauwweg","Dordrecht","Dordrecht","Zuid-Holland",false,51.781587,4.676132,"material damage only","4","clear",false,1,"GM0505"
"20240087899",2024,"Letsel",1,"Fiets",\N,"Flank","Rechte weg",60,"Brandend","Duisternis","Droog",\N,"150290006","Lange Broekweg","Naaldwijk","Westland","Zuid-Holland",false,51.989193,4.226351,"injury","2","clear",false,1,"GM1783"
"20240079555",2024,"Letsel",2,"e-bike","e-bike","Kop/staart","Rechte weg",80,"Niet aanwezig","Daglicht","Droog",\N,"601055725","FIETSPAD","Oudeschild","Texel","Noord-Holland",false,53.071819,4.884309,"injury","2","clear",false,1,"GM0448"
"20240080974",2024,"Uitsluitend materiele schade",2,"Fiets",\N,"Flank","Kruispunt, 4 takken",30,"Niet brandend","Daglicht","Droog",\N,\N,"Tanthofkade","Den Hoorn","Midden-Delfland","Zuid-Holland",false,51.996931,4.331832,"material damage only","4","clear",false,1,"GM1842"
"20240083423",2024,"Uitsluitend materiele schade",2,"Bus","e-bike","Flank","Kruispunt, 3 takken",50,"Niet brandend","Daglicht","Droog",\N,\N,"Godsweerdersingel","Roermond","Roermond","Limburg",false,51.193848,5.993433,"material damage only","4","clear",false,1,"GM0957"
"20240091848",2024,"Letsel",2,"Personenauto","Fiets","Flank","Kruispunt, 3 takken",50,"Niet brandend","Daglicht","Regen",\N,\N,"Deken van Miertstraat","Veghel","Meierijstad","Noord-Brabant",false,51.617273,5.543113,"injury","2","rain",false,1,"GM1948"
"20240048251",2024,"Uitsluitend materiele schade",2,"Personenauto","Fiets","Flank","Kruispunt, 4 takken",50,"Niet brandend","Daglicht","Regen",\N,\N,"Meerweg","Bussum","Gooise Meren","Noord-Holland",false,52.277565,5.152092,"material damage only","4","rain",false,1,"GM1942"
"20240049491",2024,"Letsel",2,"Snorfiets","Fiets","Frontaal","Rechte weg",30,"Niet brandend","Daglicht","Droog",\N,"600797849","Laakboulevard","Amersfoort","Amersfoort","Utrecht",false,52.201601,5.421392,"injury","2","clear",false,1,"GM0307"
"20240070609",2024,"Uitsluitend materiele schade",4,"Personenauto","Fiets","Onbekend","Rechte weg",50,"Niet brandend","Daglicht","Droog",\N,"266184012","Abcovenseweg","Goirle","Goirle","Noord-Brabant",false,51.521123,5.075483,"material damage only","4","clear",false,1,"GM0785"
"20240075472",2024,"Letsel",2,"Personenauto","Fiets","Flank","Kruispunt, 3 takken",60,"Niet brandend","Daglicht",\N,\N,\N,"Wezuperweg","Orvelte","Midden-Drenthe","Drenthe",false,52.840138,6.661417,"injury","2","unknown",false,1,"GM1731"
"20240081030",2024,"Letsel",2,"Personenauto","Fiets","Flank","Kruispunt, 4 takken",50,"Niet brandend","Daglicht","Droog",\N,\N,"Provincialeweg","Mijnsheerenland","Hoeksche Waard","Zuid-Holland",false,51.807577,4.506612,"injury","2","clear",false,1,"GM1963"
"20240043719",2024,"Uitsluitend materiele schade",2,"Personenauto","Fiets","Frontaal","Kruispunt, 3 takken",30,"Niet brandend","Daglicht","Droog",\N,\N,"Harmoniestraat","Nieuwstadt","Echt-Susteren","Limburg",false,51.036651,5.866814,"material damage only","4","clear",false,1,"GM1711"
"20230060885",2023,"Uitsluitend materiele schade",2,"Personenauto","Fiets","Onbekend","Rechte weg",50,"Niet brandend","Daglicht","Droog",\N,"600712677","Madepolderweg","'s-Gravenhage","'s-Gravenhage","Zuid-Holland",false,52.035027,4.217474,"material damage only","4","clear",false,1,"GM0518"
"20240126995",2024,"Uitsluitend materiele schade",2,"Personenauto","Fiets","Onbekend","Rotonde",30,"Niet brandend","Daglicht","Regen",\N,"600826231","Stationslaan","Nunspeet","Nunspeet","Gelderland",false,52.371589,5.782369,"material damage only","4","rain",false,1,"GM0302"
"20230043055",2023,"Uitsluitend materiele schade",2,"Fiets","Fiets","Flank","Kruispunt, 3 takken",30,"Niet brandend","Daglicht","Droog",\N,\N,"Kriekebos","Bergen op Zoom","Bergen op Zoom","Noord-Brabant",false,51.511551,4.28847,"material damage only","4","clear",false,1,"GM0748"
"20230044248",2023,"Letsel",3,"Bestelauto","e-bike","Onbekend","Kruispunt, 3 takken",60,"Niet brandend","Daglicht","Droog",\N,\N,"Zeijerstroeten","Ubbena","Assen","Drenthe",false,53.045077,6.572439,"injury","2","clear",false,1,"GM0106"
"20230048989",2023,"Letsel",2,"Fiets","Fiets","Onbekend","Rechte weg",50,"Brandend","Duisternis","Droog",\N,"161309122","Jan Hendrikstraat","'s-Gravenhage","'s-Gravenhage","Zuid-Holland",false,52.07623,4.30689,"injury","2","clear",false,1,"GM0518"
"20230050094",2023,"Uitsluitend materiele schade",2,"Fiets","Personenauto","Kop/staart","Rechte weg",30,"Niet brandend","Daglicht","Droog",\N,"219294128","Sportlaan","Gouda","Gouda","Zuid-Holland",true,52.010802,4.732304,"material damage only","4","clear",false,1,"GM0513"
"20230056500",2023,"Letsel",3,"Personenauto","Fiets","Onbekend","Rechte weg",50,"Niet brandend","Daglicht","Droog",\N,"600831905","St. Jacobslaan","Nijmegen","Nijmegen","Gelderland",false,51.821382,5.850846,"injury","2","clear",false,1,"GM0268"
"20230056503",2023,"Uitsluitend materiele schade",2,"Bestelauto","Fiets","Los voorwerp","Bocht",30,"Niet brandend","Daglicht","Droog",\N,\N,"Kilderseweg","Doetinchem","Doetinchem","Gelderland",false,51.949003,6.26845,"material damage only","4","clear",false,1,"GM0222"
"20230059934",2023,"Letsel",2,"Personenauto","Fiets","Flank","Kruispunt, 4 takken",30,"Niet brandend","Daglicht","Droog",\N,\N,"Prins Bernhardlaan","Alkmaar","Alkmaar","Noord-Holland",false,52.625311,4.732619,"injury","2","clear",false,1,"GM0361"
"20230062075",2023,"Uitsluitend materiele schade",2,"Bromfiets","Fiets","Onbekend","Rechte weg",50,"Niet brandend","Daglicht","Droog",\N,"600597667","NOORDERBRUG","Maastricht","Maastricht","Limburg",false,50.859757,5.693944,"material damage only","4","clear",false,1,"GM0935"
"20230062736",2023,"Uitsluitend materiele schade",2,"Personenauto","Fiets","Flank","Rotonde",50,"Niet brandend","Daglicht","Droog",\N,\N,"Prins Hendriklaan","Brunssum","Brunssum","Limburg",false,50.94113,5.978785,"material damage only","4","clear",false,1,"GM0899"
"20230041348",2023,"Letsel",3,"Personenauto","Fiets","Onbekend","Rechte weg",30,"Niet brandend","Daglicht","Droog",\N,"334224002","Laar","Nistelrode","Bernheze","Noord-Brabant",false,51.70067,5.567499,"injury","2","clear",false,1,"GM1721"
"20230043724",2023,"Letsel",2,"e-bike","Bromfiets","Frontaal","Rotonde",30,"Niet brandend","Daglicht","Droog",\N,\N,"Provinciale weg","Schimmert","Beekdaelen","Limburg",false,50.896273,5.833784,"injury","2","clear",false,1,"GM1954"
"20230047812",2023,"Letsel",2,"Fiets","Fiets","Onbekend","Kruispunt, 4 takken",30,"Niet brandend","Daglicht","Droog",\N,\N,"Knipstraat","Utrecht","Utrecht","Utrecht",false,52.094132,5.110066,"injury","2","clear",false,1,"GM0344"
"20230050716",2023,"Letsel",2,"Fiets","Fiets","Flank","Kruispunt, 3 takken",30,"Niet brandend","Daglicht","Droog",\N,\N,"Prolkade","Noorden","Nieuwkoop","Zuid-Holland",false,52.164644,4.829977,"injury","2","clear",false,1,"GM0569"
"20230057327",2023,"Uitsluitend materiele schade",2,"Personenauto","e-bike","Flank","Kruispunt, 4 takken",80,"Niet brandend","Daglicht","Droog",\N,\N,"Maarsbergseweg","Woudenberg","Woudenberg","Utrecht",false,52.071141,5.409329,"material damage only","4","clear",false,1,"GM0351"
"20230059106",2023,"Letsel",1,"e-bike",\N,"Eenzijdig","Kruispunt, 3 takken",30,"Niet brandend","Daglicht","Regen",\N,\N,"Koperwerf","'s-Gravenhage","'s-Gravenhage","Zuid-Holland",false,52.044537,4.251796,"injury","2","rain",false,1,"GM0518"
"20240130680",2024,"Uitsluitend materiele schade",2,"Fiets",\N,"Frontaal","Bocht",50,"Niet brandend","Schemer","Droog",\N,"338298019","Pakhuisweg","Ede","Ede","Gelderland",false,52.033543,5.597562,"material damage only","4","clear",false,1,"GM0228"
"20230040274",2023,"Uitsluitend materiele schade",2,"Fiets","Overig vast object","Vast voorwerp","Kruispunt, 4 takken",\N,"Niet brandend","Daglicht","Droog",\N,\N,"Buitenveldertselaan","Amsterdam","Amsterdam","Noord-Holland",false,52.332949,4.868946,"material damage only","4","clear",false,1,"GM0363"
"20230040823",2023,"Letsel",2,"Personenauto","Fiets","Frontaal","Kruispunt, 4 takken",30,"Niet brandend","Daglicht","Droog",\N,\N,"Kanaaldijk N.W.","Helmond","Helmond","Noord-Brabant",false,51.479018,5.651412,"injury","2","clear",false,1,"GM0794"
"20230041410",2023,"Uitsluitend materiele schade",2,"Fiets","Fiets","Flank","Rechte weg",50,"Niet brandend","Daglicht","Droog",\N,"600894865","Helftheuvelweg","'s-Hertogenbosch","'s-Hertogenbosch","Noord-Brabant",false,51.701047,5.271991,"material damage only","4","clear",false,1,"GM0796"
"20230044906",2023,"Letsel",2,"Personenauto","Fiets","Frontaal","Kruispunt, 3 takken",50,"Brandend","Schemer","Droog",\N,\N,"Euvelgunnerweg","Groningen","Groningen","Groningen",false,53.219834,6.602956,"injury","2","clear",false,1,"GM0014"
"20230049049",2023,"Letsel",2,"Personenauto","e-bike","Flank","Kruispunt, 3 takken",50,"Niet brandend","Daglicht","Droog",\N,\N,"van Galenstraat","Rijnsburg","Katwijk","Zuid-Holland",false,52.195965,4.43488,"injury","2","clear",false,1,"GM0537"
"20230054825",2023,"Letsel",2,"Bromfiets","Fiets","Flank","Rechte weg",50,"Niet brandend","Daglicht","Droog",\N,"600359809","Lopendediep","Groningen","Groningen","Groningen",false,53.221312,6.562018,"injury","2","clear",false,1,"GM0014"
"20230058192",2023,"Letsel",1,"Fiets",\N,"Eenzijdig","Rechte weg",15,"Brandend","Duisternis","Droog",\N,"600712422","Monnikenlaan","Naaldwijk","Westland","Zuid-Holland",false,51.978541,4.212244,"injury","2","clear",false,1,"GM1783"
"20230058480",2023,"Letsel",1,"Fiets",\N,"Eenzijdig","Rechte weg",50,"Brandend","Duisternis","Droog",\N,"600599275","Herenweg","Heemstede","Heemstede","Noord-Holland",false,52.344967,4.608273,"injury","2","clear",false,1,"GM0397"
"20230048539",2023,"Letsel",1,"Fiets",\N,"Eenzijdig","Rechte weg",50,"Niet brandend","Daglicht","Droog",\N,"600107002","Van Boetzelaerlaan","'s-Gravenhage","'s-Gravenhage","Zuid-Holland",false,52.094213,4.270955,"injury","2","clear",false,1,"GM0518"
"20230049077",2023,"Uitsluitend materiele schade",2,"Personenauto","Fiets","Frontaal","Kruispunt, 3 takken",30,"Niet brandend","Daglicht","Droog",\N,\N,"Irawan Soejonostraat","Amsterdam","Amsterdam","Noord-Holland",false,52.352101,4.783983,"material damage only","4","clear",false,1,"GM0363"
"20230052540",2023,"Letsel",2,"Fiets","Bromfiets","Kop/staart","Rechte weg",50,\N,"Daglicht","Droog","Brug/viaduct","600361500","Lange Hilleweg","Rotterdam","Rotterdam","Zuid-Holland",false,51.893406,4.50202,"injury","2","clear",false,1,"GM0599"
"20230057569",2023,"Letsel",2,"Personenauto","Fiets","Onbekend","Rechte weg",30,"Niet brandend","Daglicht","Droog",\N,"380416015","Vloeddijk","Kampen","Kampen","Overijssel",false,52.561381,5.910981,"injury","2","clear",false,1,"GM0166"
"20230059183",2023,"Letsel",2,"Personenauto","Fiets","Flank","Rechte weg",50,"Niet brandend","Daglicht","Droog",\N,\N,"Heereweg","Groet","Bergen (NH)","Noord-Holland",false,52.719108,4.673576,"injury","2","clear",false,1,\N
"20230037446",2023,"Letsel",2,"Fiets","Overig vast object","Vast voorwerp","Rechte weg",30,"Niet aanwezig","Daglicht","Droog",\N,"241437003","Dorpsweg","Hensbroek","Koggenland","Noord-Holland",false,52.655766,4.881013,"injury","2","clear",false,1,"GM1598"
"20230040341",2023,"Letsel",1,"Fiets",\N,"Eenzijdig","Rechte weg",50,"Brandend","Duisternis","Droog",\N,"164315023","Theo Mann-Bouwmeesterln","'s-Gravenhage","'s-Gravenhage","Zuid-Holland",false,52.104988,4.323936,"injury","2","clear",false,1,"GM0518"
"20230044401",2023,"Letsel",2,"Fiets","e-bike","Flank","Kruispunt, 4 takken",30,"Niet brandend","Daglicht","Droog",\N,\N,"De Wylp","Leeuwarden","Leeuwarden","Friesland",false,53.170099,5.805211,"injury","2","clear",false,1,"GM0080"
"20230045575",2023,"Letsel",2,"Personenauto","Fiets","Flank","Kruispunt, 4 takken",60,"Niet brandend","Daglicht","Droog",\N,\N,"Griftdijk","Nijmegen","Nijmegen","Gelderland",false,51.889828,5.838766,"injury","2","clear",false,1,"GM0268"
"20230049130",2023,"Uitsluitend materiele schade",2,"Personenauto","Fiets","Flank","Kruispunt, 4 takken",50,"Niet brandend","Daglicht","Droog",\N,\N,"Zeeweg","Katwijk","Katwijk","Zuid-Holland",false,52.197833,4.420195,"material damage only","4","clear",false,1,"GM0537"
"20230052003",2023,"Letsel",3,"Personenauto","Fiets","Onbekend","Kruispunt, 4 takken",50,"Niet brandend","Daglicht","Droog",\N,\N,"Schieweg","Rotterdam","Rotterdam","Zuid-Holland",false,51.931038,4.469606,"injury","2","clear",false,1,"GM0599"
"20230054315",2023,"Uitsluitend materiele schade",1,"Fiets",\N,"Eenzijdig","Kruispunt, 3 takken",50,"Niet brandend","Daglicht","Droog",\N,\N,"Cereslaan","Oss","Oss","Noord-Brabant",false,51.743748,5.506584,"material damage only","4","clear",false,1,"GM0828"
"20230059208",2023,"Letsel",2,"Fiets","Fiets","Onbekend","Rechte weg",30,"Niet brandend","Daglicht","Droog",\N,"234440048","Dirk Camphuysenstraat","Heerhugowaard","Dijk en Waard","Noord-Holland",false,52.666902,4.828775,"injury","2","clear",false,1,"GM1980"
"20230063354",2023,"Letsel",2,"Personenauto","Fiets","Flank","Rechte weg",30,"Niet brandend","Daglicht","Regen",\N,"344215002","Hofstukken","Uden","Maashorst","Noord-Brabant",false,51.659896,5.633854,"injury","2","rain",false,1,"GM1991"
"20230037476",2023,"Uitsluitend materiele schade",2,"Bestelauto","Fiets","Flank","Kruispunt, 4 takken",50,"Niet brandend","Daglicht","Droog",\N,\N,"Kometenstraat","Hilversum","Hilversum","Noord-Holland",false,52.230788,5.191189,"material damage only","4","clear",false,1,"GM0402"
"20230037485",2023,"Letsel",3,"Bestelauto","Fiets","Eenzijdig","Rechte weg",30,"Niet brandend","Daglicht","Droog",\N,"238466002","Heerenweg","Barsingerhorn","Hollands Kroon","Noord-Holland",false,52.785275,4.858509,"injury","2","clear",false,1,"GM1911"
"20230063411",2023,"Letsel",1,"Fiets",\N,"Eenzijdig","Rotonde",50,"Niet brandend","Daglicht","Droog",\N,\N,"Buys Ballotstraat","Goes","Goes","Zeeland",false,51.494903,3.905847,"injury","2","clear",false,1,"GM0664"
"20230064037",2023,"Uitsluitend materiele schade",2,"Personenauto","Fiets","Frontaal","Rotonde",50,"Niet brandend","Daglicht","Regen",\N,\N,"Hoofdstraat","Kesteren","Neder-Betuwe","Gelderland",false,51.936713,5.57487,"material damage only","4","rain",false,1,"GM1740"
"20240131026",2024,"Letsel",2,"Fiets","Personenauto","Frontaal","Bocht",30,"Niet brandend","Daglicht","Droog",\N,"206429117","Zuiderstraat","Egmond aan Zee","Bergen (NH)","Noord-Holland",false,52.617487,4.624648,"injury","2","clear",false,1,\N
"20230038676",2023,"Letsel",2,"Personenauto","Fiets","Flank","Kruispunt, 3 takken",50,"Niet brandend","Daglicht","Droog",\N,\N,"Marentakstraat","Rotterdam","Rotterdam","Zuid-Holland",false,51.896099,4.494953,"injury","2","clear",false,1,"GM0599"
"20230043297",2023,"Uitsluitend materiele schade",2,"Fiets","Personenauto","Flank","Rechte weg",50,"Niet brandend","Daglicht","Droog",\N,"187193008","Hoefstraat","Zegge","Rucphen","Noord-Brabant",false,51.55657,4.511611,"material damage only","4","clear",false,1,"GM0840"
"20230043306",2023,"Letsel",3,"Personenauto","Fiets","Onbekend","Rechte weg",30,"Niet brandend","Daglicht","Droog",\N,"221197019","Dr. Struyckenstraat","Breda","Breda","Noord-Brabant",false,51.576278,4.752406,"injury","2","clear",false,1,"GM0758"
"20230053830",2023,"Uitsluitend materiele schade",2,"Bromfiets","Fiets","Frontaal","Kruispunt, 4 takken",50,"Niet brandend","Daglicht","Droog",\N,\N,"Rijakkerweg","Beek en Donk","Laarbeek","Noord-Brabant",false,51.51955,5.640009,"material damage only","4","clear",false,1,"GM1659"
"20230061139",2023,"Uitsluitend materiele schade",2,"Fiets",\N,"Kop/staart","Bocht",50,"Niet brandend","Daglicht","Droog",\N,"163306115","Verheeskade","'s-Gravenhage","'s-Gravenhage","Zuid-Holland",false,52.06468,4.320897,"material damage only","4","clear",false,1,"GM0518"
"20240129694",2024,"Uitsluitend materiele schade",2,"Snorfiets","Fiets","Frontaal","Rechte weg",\N,"Niet brandend","Daglicht","Droog",\N,"276344004","'s-Gravelandseweg","Hilversum","Hilversum","Noord-Holland",false,52.237427,5.144062,"material damage only","4","clear",false,1,"GM0402"