"accident_id","year","severity_raw","party_count","party1_type","party2_type","accident_type","road_situation","speed_limit_kmh","road_lighting","light_condition_label","weather_raw","infra_type","road_segment_id","street_name","place_name","gemeente_name_raw","province","alcohol_indicated","latitude","longitude","severity_label","severity_code","weather_label","built_up_area","cyclists_involved","gemeente_code"
"20220225044",2022,"Uitsluitend materiele schade",2,"e-bike",\N,"Flank",\N,\N,"Niet aanwezig","Daglicht","Regen",\N,"600503847","Baden Powellweg","Loon op Zand","Loon op Zand","Noord-Brabant",false,51.639663,5.09699,"material damage only","4","rain",false,1,"GM0809"
"20220200126",2022,"Uitsluitend materiele schade",2,"Personenauto","Fiets","Flank","Rechte weg",50,"Brandend","Duisternis","Droog",\N,"321339047","Cornelis van Ramshorstln","Nijkerk","Nijkerk","Gelderland",false,52.217269,5.46998,"material damage only","4","clear",false,1,"GM0267"
"20220213385",2022,"Uitsluitend materiele schade",2,"Personenauto","e-bike","Flank","Kruispunt, 4 takken",30,"Niet brandend","Daglicht","Droog","Brug/viaduct",\N,"Nieuwe Langendijk","Delft","Delft","Zuid-Holland",false,52.012905,4.362933,"material damage only","4","clear",false,1,"GM0503"
"20220215749",2022,"Letsel",2,"Fiets","Fiets","Onbekend","Rechte weg",30,"Brandend","Duisternis","Droog",\N,"160317006","Stevinstraat","'s-Gravenhage","'s-Gravenhage","Zuid-Holland",false,52.11141,4.295333,"injury","2","clear",false,1,"GM0518"
"20220205195",2022,"Letsel",2,"Personenauto","e-bike","Flank","Kruispunt, 4 takken",30,"Brandend","Duisternis","Droog",\N,\N,"Competitieweg","Almere","Almere","Flevoland",false,52.392729,5.243163,"injury","2","clear",false,1,"GM0034"
"20220206410",2022,"Letsel",2,"Fiets","Bestelauto","Flank","Kruispunt, 4 takken",50,"Niet brandend","Daglicht","Droog",\N,\N,"Christiaan v Abkoudestr","Volendam","Edam-Volendam","Noord-Holland",false,52.501818,5.057363,"injury","2","clear",false,1,"GM0385"
"20220215759",2022,"Letsel",2,"Fiets","Overig vast object","Vast voorwerp","Rechte weg",50,"Niet brandend","Daglicht","Droog",\N,"218302053","Van Heuven Goedhartstr","Reeuwijk","Bodegraven-Reeuwijk","Zuid-Holland",false,52.045817,4.722333,"injury","2","clear",false,1,"GM1901"
"20220220113",2022,"Letsel",2,"e-bike","Fiets","Frontaal","Rechte weg",\N,"Niet brandend","Daglicht","Droog",\N,"600750327","fietspad Baanhoek","Dordrecht","Dordrecht","Zuid-Holland",false,51.815405,4.724069,"injury","2","clear",false,1,"GM0505"
"20220200882",2022,"Letsel",2,"Personenauto","Fiets","Flank","Rechte weg",50,"Niet brandend","Daglicht","Droog",\N,"600885086","Haaksbergerstraat","Enschede","Enschede","Overijssel",false,52.211463,6.879812,"injury","2","clear",false,1,"GM0153"
"20220208928",2022,"Letsel",3,"Personenauto","Fiets","Vast voorwerp","Rotonde",50,"Niet brandend","Daglicht","Sneeuw/Hagel",\N,\N,"Costa del Sol","Haarlem","Haarlem","Noord-Holland",false,52.356955,4.653359,"injury","2","unknown",false,1,"GM0392"
"20220215099",2022,"Letsel",1,"Fiets",\N,"Eenzijdig","Rechte weg",30,"Niet brandend","Daglicht","Droog",\N,"212282001","Wellepoort","Berkenwoude","Krimpenerwaard","Zuid-Holland",false,51.960901,4.683252,"injury","2","clear",false,1,"GM1931"
"20220217266",2022,"Letsel",1,"Fiets",\N,"Eenzijdig","Rechte weg",\N,"Niet brandend","Daglicht","Sneeuw/Hagel",\N,"186328197","Beestenmarkt","Leiden","Leiden","Zuid-Holland",false,52.162805,4.485291,"injury","2","unknown",false,1,"GM0546"
"20220217967",2022,"Letsel",1,"Fiets",\N,"Eenzijdig","Rechte weg",50,\N,"Daglicht","Regen",\N,"219296045","Ommeslag","Gouda","Gouda","Zuid-Holland",false,52.018452,4.727712,"injury","2","rain",false,1,"GM0513"
"20240139547",2024,"Uitsluitend materiele schade",1,"Fiets",\N,"Onbekend","Rotonde",50,"Brandend","Duisternis","Regen",\N,\N,"Aweg","Groningen","Groningen","Groningen",false,53.214924,6.552107,"material damage only","4","rain",false,1,"GM0014"
"20240135802",2024,"Letsel",2,"Fiets","Personenauto","Flank","Kruispunt, 4 takken",50,"Brandend","Duisternis","Droog",\N,\N,"G.K. van Hogendorpweg","Rotterdam","Rotterdam","Zuid-Holland",false,51.949155,4.460274,"injury","2","clear",false,1,"GM0599"
"20240139846",2024,"Letsel",2,"Fiets","Personenauto","Flank","Kruispunt, 3 takken",60,"Niet brandend","Daglicht","Droog",\N,\N,"Stammeweg","Eemnes","Eemnes","Utrecht",false,52.244458,5.302268,"injury","2","clear",false,1,"GM0317"
"20240140002",2024,"Uitsluitend materiele schade",2,"Bus","Fiets","Flank","Kruispunt, 4 takken",30,"Niet brandend","Daglicht","Droog",\N,\N,"OPENBAAR VERVOERBAAN","Almere","Almere","Flevoland",false,52.374274,5.218353,"material damage only","4","clear",false,1,"GM0034"
"20240140162",2024,"Letsel",2,"Personenauto","Fiets","Flank","Kruispunt, 3 takken",50,"Niet brandend","Daglicht","Droog",\N,\N,"Terracottastraat","Nijmegen","Nijmegen","Gelderland",false,51.878606,5.849548,"injury","2","clear",false,1,"GM0268"
"20240143728",2024,"Letsel",1,"Fiets",\N,"Onbekend","Rechte weg",50,"Niet brandend","Daglicht","Droog",\N,"601154690","Laan van 't Haantje","Rijswijk","Rijswijk","Zuid-Holland",false,52.023641,4.344308,"injury","2","clear",false,1,\N
"20240134015",2024,"Letsel",2,"Bromfiets","Fiets","Frontaal","Rechte weg",80,"Brandend","Schemer","Droog",\N,"601080114","Burgemeester Elsenweg","Honselersdijk","Westland","Zuid-Holland",false,52.007336,4.212244,"injury","2","clear",false,1,"GM1783"
"20240141019",2024,"Letsel",2,"Personenauto","Fiets","Flank","Kruispunt, 3 takken",60,"Niet brandend","Daglicht","Droog",\N,\N,"Elsenpas","Beuningen Gld","Beuningen","Gelderland",false,51.845219,5.7536,"injury","2","clear",false,1,"GM0209"
"20240143221",2024,"Letsel",1,"Fiets",\N,"Onbekend","Rechte weg",30,"Niet brandend","Daglicht","Droog",\N,\N,"Koningstraat","Leiden","Leiden","Zuid-Holland",false,52.164338,4.495943,"injury","2","clear",false,1,"GM0546"
"20240140260",2024,"Uitsluitend materiele schade",2,"Fiets","Personenauto","Flank","Rotonde",50,"Niet brandend","Daglicht","Droog",\N,\N,"Everard Meysterweg","Amersfoort","Amersfoort","Utrecht",false,52.144805,5.390534,"material damage only","4","clear",false,1,"GM0307"
"20240141054",2024,"Letsel",2,"Personenauto","Fiets","Flank","Rotonde",50,"Niet brandend","Daglicht","Droog",\N,\N,"Patriottenlaan","Zwolle","Zwolle","Overijssel",false,52.483204,6.10915,"injury","2","clear",false,1,"GM0193"
"20240141866",2024,"Letsel",2,"Personenauto","Fiets","Kop/staart","Rechte weg",50,"Brandend","Duisternis","Droog",\N,"232393012","Paltrokstraat","Zaandam","Zaanstad","Noord-Holland",false,52.457859,4.81468,"injury","2","clear",false,1,"GM0479"
"20240141501",2024,"Letsel",2,"Personenauto","Fiets","Flank","Rechte weg",50,"Brandend","Schemer","Droog",\N,"229401001","Zaanweg","Wormerveer","Zaanstad","Noord-Holland",false,52.491267,4.791356,"injury","2","clear",false,1,"GM0479"
"20240142800",2024,"Uitsluitend materiele schade",1,"Fiets",\N,"Onbekend","Rechte weg",50,"Niet brandend","Daglicht","Droog",\N,"281375055","Preludeweg","Almere","Almere","Flevoland",false,52.375332,5.181789,"material damage only","4","clear",false,1,"GM0034"
"20240137265",2024,"Letsel",1,"Fiets",\N,"Onbekend","Kruispunt, 4 takken",50,"Niet brandend","Daglicht","Regen",\N,\N,"Tienendreef","Valkenswaard","Valkenswaard","Noord-Brabant",false,51.356681,5.449468,"injury","2","rain",false,1,"GM0858"
"20240136076",2024,"Uitsluitend materiele schade",2,"Fiets","Personenauto","Flank","Kruispunt, 4 takken",30,"Brandend","Duisternis","Droog",\N,\N,"De Haerestraat","Rotterdam","Rotterdam","Zuid-Holland",false,51.890274,4.567712,"material damage only","4","clear",false,1,"GM0599"
"20240136676",2024,"Uitsluitend materiele schade",2,"Fiets","Fiets","Flank","Kruispunt, 3 takken",30,"Niet brandend","Daglicht","Regen",\N,\N,"Sphinxlunet","Maastricht","Maastricht","Limburg",false,50.846301,5.706862,"material damage only","4","rain",false,1,"GM0935"
"20240135446",2024,"Letsel",2,"Personenauto","Fiets","Flank","Kruispunt, 4 takken",30,"Niet brandend","Daglicht","Droog",\N,\N,"Blokjesplaat","Goes","Goes","Zeeland",false,51.525243,3.90097,"injury","2","clear",false,1,"GM0664"
"20240147656",2024,"Uitsluitend materiele schade",2,"Personenauto","Fiets","Onbekend","Rechte weg",50,"Brandend","Duisternis","Droog",\N,"600476866","Philitelaan","Eindhoven","Eindhoven","Noord-Brabant",false,51.445982,5.460913,"material damage only","4","clear",false,1,"GM0772"
"20240136157",2024,"Uitsluitend materiele schade",2,"Personenauto","Fiets","Flank","Kruispunt, 3 takken",50,"Niet brandend","Daglicht","Droog",\N,\N,"Katoenstraat","Deurne","Deurne","Noord-Brabant",false,51.455996,5.783505,"material damage only","4","clear",false,1,"GM0762"
"20240137422",2024,"Letsel",2,"Personenauto","Fiets","Flank","Kruispunt, 4 takken",30,"Niet brandend","Daglicht","Droog",\N,\N,"Hertog Janlaan","Hoeven","Halderberge","Noord-Brabant",false,51.576707,4.577804,"injury","2","clear",false,1,"GM1655"
"20240147787",2024,"Uitsluitend materiele schade",2,"Fiets","Personenauto","Flank","Kruispunt, 4 takken",30,"Niet brandend","Daglicht","Droog",\N,\N,"Offenbachlaan","Eindhoven","Eindhoven","Noord-Brabant",false,51.422621,5.453483,"material damage only","4","clear",false,1,"GM0772"
"20240147944",2024,"Uitsluitend materiele schade",2,"Personenauto","Fiets","Flank","Rotonde",50,"Niet brandend","Daglicht","Droog",\N,\N,"Nansenbaan","Goes","Goes","Zeeland",false,51.492237,3.876852,"material damage only","4","clear",false,1,"GM0664"
"20240142544",2024,"Letsel",2,"Personenauto","Fiets","Flank","Kruispunt, 3 takken",50,"Brandend","Duisternis","Droog",\N,\N,"Deventerschans","Nieuwegein","Nieuwegein","Utrecht",false,52.019679,5.097662,"injury","2","clear",false,1,"GM0356"
"20240142550",2024,"Letsel",1,"Fiets",\N,"Onbekend","Rechte weg",30,"Brandend","Duisternis","Regen",\N,"216447028","Duinweg","Schoorl","Bergen (NH)","Noord-Holland",false,52.700678,4.693927,"injury","2","rain",false,1,\N
"20240143507",2024,"Letsel",2,"Fiets","Overig vast object","Vast voorwerp","Rechte weg",30,"Niet brandend","Daglicht","Droog",\N,"601104938","Mient","'s-Gravenhage","'s-Gravenhage","Zuid-Holland",false,52.07007,4.266104,"injury","2","clear",false,1,"GM0518"
"20240145943",2024,"Letsel",2,"Personenauto","Fiets","Flank","Rechte weg",30,"Brandend","Duisternis","Droog",\N,"227253001","Sportlaan","Sliedrecht","Sliedrecht","Zuid-Holland",true,51.828302,4.792124,"injury","2","clear",false,1,"GM0610"
"20240148293",2024,"Letsel",2,"Fiets","Snorfiets","Onbekend","Rechte weg",50,"Brandend","Duisternis","Droog",\N,"600801493","Amersfoortseweg","Nijkerkerveen","Nijkerk","Gelderland",false,52.203423,5.462824,"injury","2","clear",false,1,"GM0267"
"20240145997",2024,"Letsel",2,"Personenauto","Fiets","Onbekend","Kruispunt, 4 takken",50,"Niet brandend","Daglicht","Regen",\N,\N,"Bentincklaan","Rotterdam","Rotterdam","Zuid-Holland",false,51.926341,4.461081,"injury","2","rain",false,1,"GM0599"
"20240145647",2024,"Letsel",2,"Fiets","Voetganger","Voetganger","Rechte weg",50,"Niet brandend","Daglicht","Droog",\N,"185273099","Schiedamsedijk","Rotterdam","Rotterdam","Zuid-Holland",false,51.914729,4.481862,"injury","2","clear",false,1,"GM0599"
"20240145879",2024,"Letsel",1,"Fiets",\N,"Onbekend",\N,50,\N,"Daglicht",\N,\N,"600748089","Wantijdijk","Dordrecht","Dordrecht","Zuid-Holland",false,51.808759,4.716164,"injury","2","unknown",false,1,"GM0505"
"20240139446",2024,"Letsel",1,"Fiets",\N,"Onbekend",\N,50,\N,"Daglicht",\N,\N,"535489038","Nederveen Cappelstraat","Ter Apel","Westerwolde","Groningen",false,52.87668,7.059327,"injury","2","unknown",false,1,"GM1950"
"20240133865",2024,"Letsel",3,"Fiets","Bestelauto","Flank","Rotonde",50,"Niet brandend","Daglicht","Droog",\N,\N,"Burg Kasteleinweg","Aalsmeer","Aalsmeer","Noord-Holland",false,52.27182,4.75201,"injury","2","clear",false,1,"GM0358"
"20240148747",2024,"Uitsluitend materiele schade",1,"Fiets",\N,"Onbekend","Rechte weg",30,"Niet brandend","Daglicht","Droog",\N,"600382846","Voorstreek","Leeuwarden","Leeuwarden","Friesland",false,53.203695,5.800607,"material damage only","4","clear",false,1,"GM0080"
"20240148824",2024,"Uitsluitend materiele schade",2,"Bromfiets","Fiets","Flank","Kruispunt, 3 takken",50,"Niet brandend","Daglicht","Droog",\N,\N,"FIETSPAD","Zwolle","Zwolle","Overijssel",false,52.527735,6.102463,"material damage only","4","clear",false,1,"GM0193"
"20240138287",2024,"Uitsluitend materiele schade",2,"Personenauto","Fiets","Flank","Rechte weg",50,"Niet brandend","Daglicht","Droog",\N,\N,"Hooidijk","Tuk","Steenwijkerland","Overijssel",false,52.790707,6.096173,"material damage only","4","clear",false,1,"GM1708"
"20240007352",2024,"Uitsluitend materiele schade",2,"Personenauto","Fiets","Flank","Kruispunt, 4 takken",30,"Niet brandend","Daglicht","Droog",\N,\N,"Beukenweg","Amsterdam","Amsterdam","Noord-Holland",false,52.355874,4.919019,"material damage only","4","clear",false,1,"GM0363"
"20240007823",2024,"Uitsluitend materiele schade",2,"Fiets","Bromfiets","Onbekend",\N,30,\N,"Duisternis","Droog",\N,"170295040","Oostblok","Delft","Delft","Zuid-Holland",false,52.011705,4.37179,"material damage only","4","clear",false,1,"GM0503"
"20240004883",2024,"Uitsluitend materiele schade",1,"Fiets",\N,"Flank","Kruispunt, 4 takken",50,"Niet brandend","Schemer","Droog",\N,\N,"Beekstraat","Enschede","Enschede","Overijssel",false,52.231465,6.888283,"material damage only","4","clear",false,1,"GM0153"
"20240017023",2024,"Uitsluitend materiele schade",2,"Fiets","Boom","Vast voorwerp","Rechte weg",60,"Niet aanwezig","Daglicht","Droog",\N,"600832840","Hoog Buurloseweg","Ugchelen","Apeldoorn","Gelderland",false,52.183049,5.875764,"material damage only","4","clear",false,1,"GM0200"
"20230112859",2023,"Letsel",2,"Bestelauto","Fiets","Onbekend","Kruispunt, 4 takken",50,"Brandend","Schemer","Droog","Brug/viaduct",\N,"Schrepelpad","'s-Gravenhage","'s-Gravenhage","Zuid-Holland",false,52.072903,4.377398,"injury","2","clear",false,1,"GM0518"
"20240007541",2024,"Letsel",2,"Fiets","Fiets","Flank","Rechte weg",50,"Niet brandend","Daglicht","Droog",\N,"600372122","Conradstraat","Katwijk","Katwijk","Zuid-Holland",false,52.204629,4.421677,"injury","2","clear",false,1,"GM0537"
"20240011883",2024,"Letsel",4,"Fiets","Fiets","Vast voorwerp","Rechte weg",30,"Niet brandend","Daglicht","Droog",\N,\N,"Westsingel","Amersfoort","Amersfoort","Utrecht",false,52.1573,5.385716,"injury","2","clear",false,1,"GM0307"
"20240152982",2024,"Letsel",2,"Fiets","Fiets","Flank","Kruispunt, 4 takken",30,"Brandend","Duisternis","Droog",\N,\N,"Radarweg","Amsterdam","Amsterdam","Noord-Holland",true,52.390926,4.835903,"injury","2","clear",false,1,"GM0363"
"20240155079",2024,"Letsel",1,"Fiets",\N,"Onbekend","Bocht",30,"Niet brandend","Daglicht","Droog",\N,"601097653","Wijngaardenlaan","Voorschoten","Voorschoten","Zuid-Holland",false,52.126314,4.440597,"injury","2","clear",false,1,"GM0626"
"20230109367",2023,"Letsel",2,"Personenauto","Fiets","Flank","Kruispunt, 4 takken",30,"Niet brandend","Daglicht","Droog",\N,\N,"Prins Bernhardlaan","Soest","Soest","Utrecht",false,52.184543,5.299096,"injury","2","clear",false,1,"GM0342"
"20240002827",2024,"Letsel",1,"Fiets",\N,"Onbekend","Rechte weg",15,"Niet brandend","Daglicht","Droog",\N,"387042046","Lippestraat","Voerendaal","Voerendaal","Limburg",false,50.878092,5.941776,"injury","2","clear",false,1,"GM0986"
"20240010990",2024,"Letsel",2,"Personenauto","Fiets","Los voorwerp","Kruispunt, 3 takken",50,"Niet brandend","Daglicht","Droog",\N,\N,"Langeweide","Zaandam","Zaanstad","Noord-Holland",false,52.448988,4.806704,"injury","2","clear",false,1,"GM0479"
"20240005558",2024,"Letsel",2,"Fiets","Fiets","Onbekend","Kruispunt, 3 takken",30,"Brandend","Duisternis","Droog",\N,\N,"Platolaan","Utrecht","Utrecht","Utrecht",false,52.082843,5.155905,"injury","2","clear",false,1,"GM0344"
"20240006211",2024,"Uitsluitend materiele schade",2,"Bromfiets","e-bike","Flank","Rechte weg",80,"Brandend","Duisternis","Sneeuw/Hagel",\N,"600580469","Utrechtsestraatweg","Rhenen","Rhenen","Utrecht",false,51.964788,5.549271,"material damage only","4","unknown",false,1,"GM0340"
"20240007807",2024,"Uitsluitend materiele schade",2,"Fiets","Bestelauto","Los voorwerp","Kruispunt, 3 takken",30,"Niet brandend","Daglicht","Droog",\N,\N,"Muurbloemweg","'s-Gravenhage","'s-Gravenhage","Zuid-Holland",false,52.068483,4.231888,"material damage only","4","clear",false,1,"GM0518"
"20240008377",2024,"Letsel",2,"Personenauto","Fiets","Flank","Kruispunt, 4 takken",30,"Niet brandend","Schemer","Droog",\N,\N,"Molukkenstraat","Amsterdam","Amsterdam","Noord-Holland",false,52.358242,4.940943,"injury","2","clear",false,1,"GM0363"
"20240008378",2024,"Letsel",2,"Bestelauto","Fiets","Flank","Kruispunt, 4 takken",50,"Niet brandend","Daglicht","Droog",\N,\N,"Keienbergweg","Amsterdam","Amsterdam","Noord-Holland",false,52.306532,4.935946,"injury","2","clear",false,1,"GM0363"
"20240009689",2024,"Uitsluitend materiele schade",2,"Personenauto","Fiets","Flank",\N,30,"Niet brandend","Daglicht","Droog",\N,"381413066","Elzenstraat","Kampen","Kampen","Overijssel",false,52.549113,5.915337,"material damage only","4","clear",false,1,"GM0166"
"20240011030",2024,"Uitsluitend materiele schade",2,"Personenauto","Fiets","Flank","Rechte weg",50,"Niet brandend","Daglicht","Regen",\N,"601068952","Nyenburgh","Oudorp","Alkmaar","Noord-Holland",false,52.636203,4.77552,"material damage only","4","rain",false,1,"GM0361"
"20240011365",2024,"Uitsluitend materiele schade",2,"Personenauto","Fiets","Onbekend",\N,50,\N,"Daglicht",\N,\N,\N,"Provincialeweg","Montfoort","Montfoort","Utrecht",false,52.042575,4.946353,"material damage only","4","unknown",false,1,"GM0335"
"20240023054",2024,"Letsel",1,"Fiets",\N,"Onbekend","Rechte weg",15,"Niet brandend","Daglicht","Droog",\N,"600188497","Spui","'s-Gravenhage","'s-Gravenhage","Zuid-Holland",false,52.078052,4.314447,"injury","2","clear",false,1,"GM0518"
"20240023296",2024,"Letsel",1,"Fiets",\N,"Onbekend","Bocht",50,"Niet brandend","Daglicht","Droog",\N,"167291061","Troelstralaan","Delft","Delft","Zuid-Holland",false,51.997418,4.350339,"injury","2","clear",false,1,"GM0503"
"20240023556",2024,"Uitsluitend materiele schade",2,"Personenauto","Fiets","Flank","Kruispunt, 4 takken",50,"Niet brandend","Daglicht","Droog",\N,\N,"Hoofdweg","Rotterdam","Rotterdam","Zuid-Holland",true,51.948949,4.551979,"material damage only","4","clear",false,1,"GM0599"
"20240001544",2024,"Letsel",2,"Fiets","Personenauto","Flank","Kruispunt, 4 takken",30,"Niet brandend","Daglicht","Regen",\N,\N,"Weteringlaan","Tilburg","Tilburg","Noord-Brabant",false,51.542794,5.039229,"injury","2","rain",false,1,"GM0855"
"20240012010",2024,"Letsel",2,"Personenauto","Fiets","Flank","Kruispunt, 4 takken",30,"Niet brandend","Schemer","Droog",\N,\N,"Boshuizerkade","Leiden","Leiden","Zuid-Holland",false,52.155349,4.474892,"injury","2","clear",false,1,"GM0546"
"20240024170",2024,"Letsel",3,"Personenauto","Fiets","Flank","Kruispunt, 3 takken",50,"Niet brandend","Daglicht","Droog",\N,\N,"Achtseweg Zuid","Eindhoven","Eindhoven","Noord-Brabant",false,51.449843,5.456671,"injury","2","clear",false,1,"GM0772"
"20240154397",2024,"Letsel",2,"Personenauto","Fiets","Flank","Rechte weg",50,"Brandend","Duisternis","Droog",\N,"186258122","Portlandse Baan","Barendrecht","Barendrecht","Zuid-Holland",false,51.84922,4.494819,"injury","2","clear",false,1,"GM0489"
"20240003404",2024,"Letsel",2,"Personenauto","Fiets","Flank","Kruispunt, 4 takken",30,"Niet brandend","Daglicht","Regen",\N,\N,"Vechtvoorde","Hardenberg","Hardenberg","Overijssel",false,52.577849,6.617512,"injury","2","rain",false,1,"GM0160"
"20240021775",2024,"Letsel",1,"Fiets",\N,"Onbekend",\N,50,\N,"Duisternis",\N,\N,"600121035","Geesterweg","Alkmaar","Alkmaar","Noord-Holland",false,52.634815,4.740177,"injury","2","unknown",false,1,"GM0361"
"20240151871",2024,"Letsel",2,"Fiets","Fiets","Frontaal","Rechte weg",60,"Niet aanwezig","Duisternis","Droog",\N,"452322001","Lochemseweg","Barchem","Lochem","Gelderland",true,52.131587,6.431797,"injury","2","clear",false,1,"GM0262"
"20240151874",2024,"Letsel",2,"Fiets","Fiets","Onbekend",\N,\N,\N,"Duisternis",\N,\N,"468384005","Hexelseweg","Hoge Hexel","Wierden","Overijssel",false,52.413269,6.554484,"injury","2","unknown",false,1,"GM0189"
"20230107740",2023,"Letsel",2,"Bromfiets","Fiets","Flank","Bocht",50,"Brandend","Duisternis","Regen",\N,\N,"Schiedamsedijk","Vlaardingen","Vlaardingen","Zuid-Holland",false,51.908992,4.365469,"injury","2","rain",false,1,"GM0622"
"20230108339",2023,"Letsel",2,"Bestelauto","e-bike","Onbekend","Rotonde",50,"Niet brandend","Daglicht","Droog",\N,\N,"Bestevaerstraat","Alkmaar","Alkmaar","Noord-Holland",false,52.61798,4.759982,"injury","2","clear",false,1,"GM0361"
"20230113034",2023,"Letsel",2,"Personenauto","Fiets","Flank","Kruispunt, 4 takken",50,"Niet brandend","Daglicht","Droog",\N,\N,"Rembrandtkade","Rijswijk","Rijswijk","Zuid-Holland",false,52.05256,4.334852,"injury","2","clear",false,1,\N
"20240002612",2024,"Uitsluitend materiele schade",2,"Fiets","Voetganger","Voetganger","Rechte weg",30,"Niet brandend","Duisternis","Droog",\N,"601144419","Hescheweg","Oss","Oss","Noord-Brabant",false,51.75611,5.530261,"material damage only","4","clear",false,1,"GM0828"
"20240018352",2024,"Uitsluitend materiele schade",2,"Personenauto","Fiets","Flank","Bocht",50,"Niet brandend","Daglicht","Droog",\N,"512463021","Oringerbrink","Emmen","Emmen","Drenthe",false,52.763277,6.890035,"material damage only","4","clear",false,1,"GM0114"
"20240153852",2024,"Letsel",2,"Fiets","Personenauto","Flank","Rotonde",50,"Brandend","Schemer","Regen",\N,\N,"'s-Gravelandseweg","Schiedam","Schiedam","Zuid-Holland",false,51.939177,4.386001,"injury","2","rain",false,1,"GM0606"
"20240002649",2024,"Letsel",2,"Personenauto","Fiets","Onbekend","Kruispunt, 4 takken",30,"Niet brandend","Daglicht","Regen",\N,\N,"Kortenaerstraat","Helmond","Helmond","Noord-Brabant",false,51.47672,5.682127,"injury","2","rain",false,1,"GM0794"
"20240025141",2024,"Uitsluitend materiele schade",2,"Fiets","Personenauto","Flank","Rechte weg",30,"Niet brandend","Daglicht","Droog",\N,"324181051","de Bontstraat","Son en Breugel","Son en Breugel","Noord-Brabant",false,51.506314,5.489014,"material damage only","4","clear",false,1,"GM0848"
"20240013242",2024,"Letsel",1,"e-bike",\N,"Eenzijdig","Rotonde",50,"Niet brandend","Daglicht","Regen",\N,\N,"Jan de Heemstraat","Alkmaar","Alkmaar","Noord-Holland",false,52.634453,4.729089,"injury","2","rain",false,1,"GM0361"
"20230107792",2023,"Uitsluitend materiele schade",3,"Fiets","Personenauto","Flank","Rechte weg",50,"Brandend","Schemer","Droog",\N,"601078276","Groene Hilledijk","Rotterdam","Rotterdam","Zuid-Holland",false,51.890228,4.507958,"material damage only","4","clear",false,1,"GM0599"
"20230110774",2023,"Letsel",2,"Personenauto","e-bike","Onbekend","Kruispunt, 3 takken",50,"Niet brandend","Daglicht","Droog",\N,\N,"Biesboschhaven Zuid","Werkendam","Altena","Noord-Brabant",false,51.808874,4.881807,"injury","2","clear",false,1,"GM1959"
"20240012148",2024,"Letsel",2,"Bromfiets","Fiets","Flank","Rechte weg",50,"Niet brandend","Daglicht","Droog",\N,"600712166","Kruisbroekweg","Naaldwijk","Westland","Zuid-Holland",false,51.988433,4.203041,"injury","2","clear",false,1,"GM1783"
"20240022827",2024,"Uitsluitend materiele schade",2,"Personenauto","Fiets","Frontaal","Kruispunt, 3 takken",30,"Niet brandend","Daglicht","Droog",\N,\N,"Rigolettostraat","Spijkenisse","Nissewaard","Zuid-Holland",false,51.836552,4.318347,"material damage only","4","clear",false,1,"GM1930"
"20240013457",2024,"Letsel",1,"Fiets",\N,"Onbekend","Rechte weg",30,"Niet brandend","Daglicht","Droog",\N,"162310109","Hofweg","'s-Gravenhage","'s-Gravenhage","Zuid-Holland",false,52.078376,4.313024,"injury","2","clear",false,1,"GM0518"
"20240013476",2024,"Letsel",2,"Fiets","Voetganger","Onbekend","Rechte weg",\N,"Niet brandend","Daglicht","Droog","Brug/viaduct","242373112","Grimburgwal","Amsterdam","Amsterdam","Noord-Holland",false,52.369347,4.893434,"injury","2","clear",false,1,"GM0363"
"20240151990",2024,"Uitsluitend materiele schade",1,"Fiets",\N,"Onbekend","Bocht",\N,"Niet aanwezig","Schemer","Droog",\N,"600276783","Doortocht","Bodegraven","Bodegraven-Reeuwijk","Zuid-Holland",false,52.085054,4.741152,"material damage only","4","clear",false,1,"GM1901"
"20240156199",2024,"Letsel",2,"Personenauto","Fiets","Flank","Rechte weg",50,"Brandend","Duisternis","Droog",\N,"600895836","Laan der 4 Heemskinderen","Geldrop","Geldrop-Mierlo","Noord-Brabant",false,51.417731,5.561844,"injury","2","clear",false,1,"GM1771"
"20240156856",2024,"Letsel",2,"Personenauto","Fiets","Flank","Rotonde",50,"Brandend","Schemer","Droog",\N,\N,"Brabantweg","Gennep","Gennep","Limburg",false,51.694017,5.972447,"injury","2","clear",false,1,"GM0907"
"20240007044",2024,"Letsel",2,"Personenauto","Fiets","Flank","Kruispunt, 3 takken",50,"Niet brandend","Daglicht","Droog",\N,\N,"Iwan Kantemanplein","Amsterdam","Amsterdam","Noord-Holland",false,52.34984,4.787804,"injury","2","clear",false,1,"GM0363"
"20240012242",2024,"Uitsluitend materiele schade",2,"Personenauto","Fiets","Flank","Kruispunt, 4 takken",30,"Brandend","Duisternis","Droog",\N,\N,"Heimansweg","Amsterdam","Amsterdam","Noord-Holland",false,52.388981,4.909933,"material damage only","4","clear",false,1,"GM0363"
"20240013367",2024,"Uitsluitend materiele schade",2,"Personenauto","Fiets","Flank","Rotonde",30,"Niet brandend","Daglicht","Droog",\N,\N,"Kerckwervelaan","Oegstgeest","Oegstgeest","Zuid-Holland",false,52.192712,4.4748,"material damage only","4","clear",false,1,"GM0579"
"20240014361",2024,"Uitsluitend materiele schade",2,"Personenauto","Fiets","Flank","Rotonde",50,"Niet brandend","Daglicht","Droog",\N,\N,"Boerhaavelaan","Schiedam","Schiedam","Zuid-Holland",false,51.918634,4.412267,"material damage only","4","clear",false,1,"GM0606"
"20240015295",2024,"Letsel",2,"Personenauto","Fiets","Flank","Kruispunt, 3 takken",50,"Niet brandend","Daglicht","Droog",\N,\N,"Lange Wagenstraat","Gilze","Gilze en Rijen","Noord-Brabant",false,51.544213,4.947949,"injury","2","clear",false,1,"GM0784"
"20240012270",2024,"Letsel",1,"Fiets",\N,"Eenzijdig","Rechte weg",30,"Niet brandend","Daglicht","Droog",\N,"600722385","Donau","'s-Gravenhage","'s-Gravenhage","Zuid-Holland",false,52.055892,4.396185,"injury","2","clear",false,1,"GM0518"