"accident_id","year","severity_raw","party_count","party1_type","party2_type","accident_type","road_situation","speed_limit_kmh","road_lighting","light_condition_label","weather_raw","infra_type","road_segment_id","street_name","place_name","gemeente_name_raw","province","alcohol_indicated","latitude","longitude","severity_label","severity_code","weather_label","built_up_area","cyclists_involved","gemeente_code"
"20240012285",2024,"Letsel",2,"Personenauto","Fiets","Flank","Kruispunt, 4 takken",50,"Brandend","Duisternis","Regen",\N,\N,"Weerlaan","Hillegom","Hillegom","Zuid-Holland",false,52.293018,4.591233,"injury","2","rain",false,1,"GM0534"
"20240014949",2024,"Uitsluitend materiele schade",3,"Bromfiets","Fiets","Frontaal","Kruispunt, 4 takken",\N,"Brandend","Duisternis","Regen",\N,\N,"Proveniersplein","Rotterdam","Rotterdam","Zuid-Holland",false,51.925872,4.468344,"material damage only","4","rain",false,1,"GM0599"
"20240016079",2024,"Uitsluitend materiele schade",2,"Personenauto","Fiets","Flank","Kruispunt, 4 takken",30,"Niet brandend","Daglicht","Regen",\N,\N,"Heinsbergenstraat","Uden","Maashorst","Noord-Brabant",false,51.665183,5.613453,"material damage only","4","rain",false,1,"GM1991"
"20240016200",2024,"Uitsluitend materiele schade",2,"Fiets","Personenauto","Flank","Rotonde",50,"Niet brandend","Daglicht","Droog",\N,\N,"Henriette Roland Holstln","Venlo","Venlo","Limburg",false,51.373716,6.135405,"material damage only","4","clear",false,1,"GM0983"
"20240016397",2024,"Letsel",2,"Personenauto","Fiets","Flank","Kruispunt, 3 takken",50,"Niet brandend","Daglicht","Droog",\N,\N,"Rijnstraat","'s-Hertogenbosch","'s-Hertogenbosch","Noord-Brabant",false,51.690591,5.328832,"injury","2","clear",false,1,"GM0796"
"20240016872",2024,"Uitsluitend materiele schade",2,"Personenauto","Fiets","Flank","Kruispunt, 3 takken",30,"Niet brandend","Daglicht","Regen",\N,\N,"René Descartesdreef","Nijmegen","Nijmegen","Gelderland",false,51.822125,5.857383,"material damage only","4","rain",false,1,"GM0268"
"20240018123",2024,"Letsel",2,"Personenauto","Fiets","Flank","Rotonde",50,"Niet brandend","Daglicht","Droog",\N,\N,"Goudenregenstraat","Leeuwarden","Leeuwarden","Friesland",false,53.21258,5.803332,"injury","2","clear",false,1,"GM0080"
"20240154031",2024,"Letsel",2,"Bestelauto","Fiets","Flank","Rotonde",50,"Niet brandend","Daglicht","Regen",\N,\N,"Beukelsweg","Rotterdam","Rotterdam","Zuid-Holland",false,51.91969,4.448259,"injury","2","rain",false,1,"GM0599"
"20240155604",2024,"Uitsluitend materiele schade",2,"Personenauto","Fiets","Onbekend","Rotonde",50,"Brandend","Duisternis","Regen",\N,\N,"Ringweg","Best","Best","Noord-Brabant",false,51.503695,5.378656,"material damage only","4","rain",false,1,"GM0753"
"20240156949",2024,"Uitsluitend materiele schade",2,"Personenauto","Fiets","Kop/staart","Rechte weg",30,"Brandend","Duisternis","Droog",\N,"298181034","Nieuwstraat","Oirschot","Oirschot","Noord-Brabant",false,51.504988,5.305142,"material damage only","4","clear",false,1,"GM0823"
"20240157584",2024,"Uitsluitend materiele schade",3,"Fiets","Fiets","Voetganger","Rotonde",50,"Niet brandend","Daglicht","Regen",\N,\N,"Rondweg-Noord","Dokkum","Noardeast-Fryslân","Friesland",false,53.329789,5.998553,"material damage only","4","rain",false,1,"GM1970"
"20240012308",2024,"Letsel",1,"Fiets",\N,"Onbekend",\N,30,\N,"Duisternis",\N,\N,"601141778","Dorpsstraat","Warmond","Teylingen","Zuid-Holland",false,52.197343,4.504828,"injury","2","unknown",false,1,"GM1525"
"20240016675",2024,"Letsel",2,"Vrachtauto","Fiets","Flank","Bocht",30,"Niet aanwezig","Daglicht","Droog",\N,"600887061","Het Waal","Emmen","Emmen","Drenthe",false,52.794095,6.939153,"injury","2","clear",false,1,"GM0114"
"20240018677",2024,"Letsel",2,"Personenauto","Fiets","Flank","Rotonde",50,"Niet brandend","Daglicht","Droog",\N,\N,"Julianabrug","IJmuiden","Velsen","Noord-Holland",false,52.461089,4.601578,"injury","2","clear",false,1,"GM0453"
"20240155033",2024,"Letsel",2,"Personenauto","Fiets","Frontaal","Rechte weg",30,"Niet brandend","Daglicht","Droog",\N,"600237674","Westerkade","Gouda","Gouda","Zuid-Holland",false,52.008361,4.698926,"injury","2","clear",false,1,"GM0513"
"20240156380",2024,"Uitsluitend materiele schade",3,"Fiets","Personenauto","Onbekend","Rechte weg",30,"Niet aanwezig","Daglicht","Droog",\N,"340216036","Kerkstraat","Uden","Maashorst","Noord-Brabant",false,51.660205,5.610492,"material damage only","4","clear",false,1,"GM1991"
"20240156996",2024,"Uitsluitend materiele schade",2,"Personenauto","Fiets","Flank","Rechte weg",50,"Niet brandend","Daglicht","Regen",\N,"158180039","Bredasestraat","Bergen op Zoom","Bergen op Zoom","Noord-Brabant",false,51.496751,4.294753,"material damage only","4","rain",false,1,"GM0748"
"20240016150",2024,"Uitsluitend materiele schade",2,"Personenauto","Fiets","Onbekend","Kruispunt, 3 takken",30,"Niet brandend","Daglicht","Droog",\N,\N,"Donderbergweg","Roermond","Roermond","Limburg",false,51.183535,6.009717,"material damage only","4","clear",false,1,"GM0957"
"20240021491",2024,"Letsel",4,"Fiets","Fiets","Frontaal","Rechte weg",30,"Niet brandend","Daglicht","Droog",\N,"240363052","Van Boshuizenstraat","Amsterdam","Amsterdam","Noord-Holland",true,52.324602,4.875267,"injury","2","clear",false,1,"GM0363"
"20230108034",2023,"Uitsluitend materiele schade",2,"Bromfiets","Fiets","Onbekend","Rechte weg",50,"Niet brandend","Daglicht","Droog",\N,"223429059","Camphuysenkade","Alkmaar","Alkmaar","Noord-Holland",false,52.61959,4.750589,"material damage only","4","clear",false,1,"GM0361"
"20230109222",2023,"Letsel",2,"Personenauto","Fiets","Frontaal","Kruispunt, 4 takken",60,"Niet aanwezig","Daglicht","Droog",\N,\N,"Vuurscheweg","Bilthoven","De Bilt","Utrecht",false,52.165284,5.223812,"injury","2","clear",false,1,"GM0310"
"20240157698",2024,"Letsel",2,"Bestelauto","Fiets","Frontaal","Rechte weg",30,"Brandend","Schemer","Droog",\N,"600753621","Dorpsstraat","De Koog","Texel","Noord-Holland",false,53.094525,4.766116,"injury","2","clear",false,1,"GM0448"
"20240016983",2024,"Letsel",2,"Personenauto","Fiets","Flank","Rechte weg",50,"Niet brandend","Daglicht","Droog",\N,\N,"De Vuurjuffer","Eelderwolde","Tynaarlo","Drenthe",false,53.186725,6.531197,"injury","2","clear",false,1,"GM1730"
"20240021700",2024,"Letsel",2,"Personenauto","Fiets","Flank","Rechte weg",30,"Niet brandend","Daglicht","Droog","Parkeervoorziening","600390559","Noordersteeg","Schagen","Schagen","Noord-Holland",false,52.788455,4.802096,"injury","2","clear",false,1,"GM0441"
"20240023472",2024,"Uitsluitend materiele schade",2,"Bromfiets","Fiets","Onbekend","Kruispunt, 4 takken",50,\N,"Daglicht","Droog",\N,\N,"Pleinweg","Rotterdam","Rotterdam","Zuid-Holland",false,51.88958,4.488728,"material damage only","4","clear",false,1,"GM0599"
"20240023477",2024,"Letsel",2,"Fiets","Overig vast object","Eenzijdig","Rechte weg",50,\N,"Daglicht","Droog",\N,"168297064","Brasserskade","Delft","Delft","Zuid-Holland",false,52.024479,4.355236,"injury","2","clear",false,1,"GM0503"
"20240000394",2024,"Letsel",2,"Personenauto","Fiets","Onbekend","Kruispunt, 4 takken",50,"Niet brandend","Daglicht","Droog",\N,\N,"Spinozaweg","Rotterdam","Rotterdam","Zuid-Holland",false,51.877233,4.521994,"injury","2","clear",false,1,"GM0599"
"20240028567",2024,"Uitsluitend materiele schade",2,"Snorfiets","Fiets","Flank","Kruispunt, 3 takken",30,"Niet brandend","Daglicht","Droog",\N,\N,"Schelmseweg","Arnhem","Arnhem","Gelderland",false,52.007934,5.914755,"material damage only","4","clear",false,1,"GM0202"
"20230036109",2023,"Letsel",2,"Personenauto","Fiets","Flank","Kruispunt, 4 takken",50,"Niet brandend","Daglicht","Droog",\N,\N,"Hoofdweg","Kolham","Midden-Groningen","Groningen",false,53.184467,6.75675,"injury","2","clear",false,1,"GM1952"
"20230066751",2023,"Uitsluitend materiele schade",2,"Bromfiets","Fiets","Flank","Rechte weg",50,"Niet aanwezig","Daglicht","Droog",\N,"600784979","Torenlaan","Blaricum","Blaricum","Noord-Holland",false,52.270279,5.238172,"material damage only","4","clear",false,1,"GM0376"
"20230067291",2023,"Letsel",2,"Personenauto","Fiets","Frontaal","Kruispunt, 4 takken",50,\N,"Daglicht","Droog",\N,\N,"Dijnselburgerlaan","Zeist","Zeist","Utrecht",false,52.102983,5.25395,"injury","2","clear",false,1,"GM0355"
"20230068764",2023,"Letsel",1,"Fiets",\N,"Eenzijdig","Rechte weg",30,"Niet brandend","Daglicht","Droog",\N,"212318102","Westkanaalweg","Alphen aan den Rijn","Alphen aan den Rijn","Zuid-Holland",false,52.119882,4.67476,"injury","2","clear",false,1,"GM0484"
"20230012810",2023,"Letsel",2,"Fiets","Fiets","Onbekend","Rechte weg",30,"Brandend","Duisternis","Droog",\N,"517342056","Espoortstraat","Enschede","Enschede","Overijssel",false,52.218057,6.90865,"injury","2","clear",false,1,"GM0153"
"20230020862",2023,"Uitsluitend materiele schade",3,"Personenauto","Fiets","Onbekend","Kruispunt, 4 takken",30,"Niet brandend","Daglicht","Droog",\N,\N,"Keizer Karelweg","Amstelveen","Amstelveen","Noord-Holland",false,52.311101,4.856571,"material damage only","4","clear",false,1,"GM0362"
"20230021970",2023,"Uitsluitend materiele schade",2,"Fiets","Personenauto","Flank","Rotonde",50,"Niet brandend","Daglicht","Droog",\N,\N,"Verspycklaan","Naaldwijk","Westland","Zuid-Holland",false,51.997963,4.210138,"material damage only","4","clear",false,1,"GM1783"
"20230024898",2023,"Uitsluitend materiele schade",3,"Personenauto","Fiets","Onbekend","Rotonde",50,"Brandend","Duisternis","Regen",\N,\N,"Eindsestraat","Dongen","Dongen","Noord-Brabant",false,51.619626,4.959453,"material damage only","4","rain",false,1,"GM0766"
"20230024901",2023,"Letsel",2,"Personenauto","Fiets","Flank","Rotonde",30,"Niet brandend","Daglicht","Regen",\N,\N,"Karel Lotsyweg","Dordrecht","Dordrecht","Zuid-Holland",false,51.791663,4.6797,"injury","2","rain",false,1,"GM0505"
"20230033948",2023,"Uitsluitend materiele schade",2,"Bestelauto","Fiets","Flank","Kruispunt, 4 takken",50,"Niet brandend","Daglicht","Droog",\N,\N,"T.G. Gibsonstraat","Deventer","Deventer","Overijssel",false,52.256316,6.151792,"material damage only","4","clear",false,1,"GM0150"
"20240029864",2024,"Letsel",2,"Fiets","Personenauto","Flank","Rotonde",50,"Niet brandend","Daglicht","Droog",\N,\N,"Papsouwselaan","Delft","Delft","Zuid-Holland",false,51.99737,4.355017,"injury","2","clear",false,1,"GM0503"
"20230035146",2023,"Letsel",2,"Bromfiets","Fiets","Flank","Bocht",50,"Niet brandend","Daglicht","Droog",\N,"600870269","Reggesingel","Rijssen","Rijssen-Holten","Overijssel",false,52.316842,6.531774,"injury","2","clear",false,1,"GM1742"
"20230067139",2023,"Letsel",2,"Personenauto","Fiets","Geparkeerd voertuig","Rechte weg",30,"Niet brandend","Daglicht","Droog","Parkeervoorziening","600373243","Binnenweg","Heemstede","Heemstede","Noord-Holland",false,52.353435,4.621329,"injury","2","clear",false,1,"GM0397"
"20240025651",2024,"Uitsluitend materiele schade",2,"Personenauto","Fiets","Los voorwerp","Bocht",50,"Niet brandend","Daglicht","Droog",\N,"502351053","Beursstraat","Hengelo","Hengelo (O)","Overijssel",false,52.263073,6.796105,"material damage only","4","clear",false,1,\N
"20230012863",2023,"Letsel",2,"Personenauto","Fiets","Flank","Kruispunt, 3 takken",50,"Brandend","Duisternis","Regen",\N,\N,"Saloméstraat","Apeldoorn","Apeldoorn","Gelderland",false,52.230481,5.980066,"injury","2","rain",false,1,"GM0200"
"20230025502",2023,"Uitsluitend materiele schade",2,"Personenauto","Fiets","Flank","Kruispunt, 3 takken",50,"Niet brandend","Schemer","Regen",\N,\N,"Dreef","Spijkenisse","Nissewaard","Zuid-Holland",false,51.837682,4.326263,"material damage only","4","rain",false,1,"GM1930"
"20230030644",2023,"Uitsluitend materiele schade",2,"Personenauto","Fiets","Flank","Kruispunt, 3 takken",60,"Niet brandend","Schemer","Droog",\N,\N,"Heiweg","Vortum-Mullem","Land van Cuijk","Noord-Brabant",false,51.614174,5.965818,"material damage only","4","clear",false,1,"GM1982"
"20230032731",2023,"Letsel",3,\N,"Fiets","Eenzijdig","Rechte weg",50,"Niet brandend","Daglicht","Droog",\N,"371061033","Kummenaedestraat","Geleen","Sittard-Geleen","Limburg",false,50.966518,5.828956,"injury","2","clear",false,1,"GM1883"
"20230074403",2023,"Uitsluitend materiele schade",1,"Fiets",\N,"Onbekend","Kruispunt, 3 takken",30,"Brandend","Duisternis","Regen",\N,\N,"Oude Boteringestraat","Groningen","Groningen","Groningen",false,53.219235,6.564622,"material damage only","4","rain",false,1,"GM0014"
"20230012894",2023,"Letsel",2,"Bestelauto","Fiets","Eenzijdig","Kruispunt, 3 takken",50,"Niet brandend","Daglicht","Droog",\N,\N,"Gutenbergweg","Culemborg","Culemborg","Gelderland",false,51.943296,5.209845,"injury","2","clear",false,1,"GM0216"
"20230020384",2023,"Letsel",2,"Personenauto","Fiets","Onbekend","Rotonde",50,"Brandend","Schemer","Regen",\N,\N,"Plesmanlaan","Amsterdam","Amsterdam","Noord-Holland",false,52.350888,4.811495,"injury","2","rain",false,1,"GM0363"
"20230023169",2023,"Uitsluitend materiele schade",1,"Fiets",\N,"Onbekend","Rechte weg",30,"Niet brandend","Daglicht","Regen",\N,"209319078","Provinciepassage","Alphen aan den Rijn","Alphen aan den Rijn","Zuid-Holland",false,52.124657,4.65188,"material damage only","4","rain",false,1,"GM0484"
"20230028976",2023,"Letsel",1,"Fiets",\N,"Eenzijdig","Rechte weg",30,"Niet brandend","Daglicht","Droog",\N,"61179038","Nieuwe Vlissingseweg","Middelburg","Middelburg","Zeeland",false,51.485629,3.604165,"injury","2","clear",false,1,\N
"20230029551",2023,"Letsel",2,"Fiets","Overig vast object","Vast voorwerp","Kruispunt, 3 takken",15,"Niet brandend","Daglicht","Droog",\N,\N,"Stadhouderslaan","Vlaardingen","Vlaardingen","Zuid-Holland",false,51.925866,4.348521,"injury","2","clear",false,1,"GM0622"
"20230031263",2023,"Uitsluitend materiele schade",2,"Bestelauto","Fiets","Frontaal","Bocht",30,"Niet brandend","Daglicht","Droog",\N,"306217004","Donksestraat","Sint-Michielsgestel","Sint-Michielsgestel","Noord-Brabant",false,51.666215,5.36285,"material damage only","4","clear",false,1,"GM0845"
"20230032756",2023,"Uitsluitend materiele schade",2,"Personenauto","Fiets","Flank","Rotonde",50,"Niet aanwezig","Daglicht","Droog",\N,\N,"De Ploeg","Heesch","Bernheze","Noord-Brabant",false,51.729527,5.541086,"material damage only","4","clear",false,1,"GM1721"
"20230022073",2023,"Letsel",2,"Bromfiets","Fiets","Flank","Rechte weg",\N,"Niet brandend","Daglicht","Droog",\N,"600727985","Voorweg","Zoetermeer","Zoetermeer","Zuid-Holland",false,52.061296,4.473422,"injury","2","clear",false,1,"GM0637"
"20230022630",2023,"Letsel",2,"Bromfiets","Fiets","Flank","Rechte weg",50,"Niet brandend","Daglicht","Regen/Sneeuw/Hagel",\N,\N,"Plaswijckweg","Gouda","Gouda","Zuid-Holland",false,52.032608,4.701817,"injury","2","unknown",false,1,"GM0513"
"20230027245",2023,"Letsel",2,"Personenauto","Fiets","Flank","Kruispunt, 4 takken",80,"Brandend","Duisternis","Droog",\N,\N,"Nassauweg","'s-Heerenhoek","Borsele","Zeeland",false,51.461239,3.775308,"injury","2","clear",false,1,"GM0654"
"20240027880",2024,"Uitsluitend materiele schade",2,"Vrachtauto","Fiets","Flank","Rotonde",50,"Niet brandend","Daglicht","Droog",\N,\N,"Salvador Allendelaan","Purmerend","Purmerend","Noord-Holland",false,52.51969,4.963235,"material damage only","4","clear",false,1,"GM0439"
"20230034419",2023,"Uitsluitend materiele schade",2,"Bromfiets","Fiets","Onbekend","Kruispunt, 4 takken",50,"Niet brandend","Daglicht","Droog",\N,\N,"Haaksbergerstraat","Enschede","Enschede","Overijssel",false,52.211148,6.879302,"material damage only","4","clear",false,1,"GM0153"
"20230067240",2023,"Letsel",2,"Fiets","Motor","Flank","Kruispunt, 3 takken",50,"Niet brandend","Daglicht","Droog",\N,\N,"Houtribweg","Lelystad","Lelystad","Flevoland",false,52.500941,5.414302,"injury","2","clear",false,1,"GM0995"
"20240030470",2024,"Letsel",2,"Personenauto","Fiets","Onbekend","Kruispunt, 3 takken",50,"Brandend","Duisternis","Droog",\N,\N,"Wilhelmina Druckerstraat","Amsterdam","Amsterdam","Noord-Holland",false,52.349965,4.827661,"injury","2","clear",false,1,"GM0363"
"20230077136",2023,"Uitsluitend materiele schade",2,"Fiets","Personenauto","Flank","Rechte weg",50,"Niet brandend","Daglicht","Droog",\N,\N,"Borneostraat","Zwijndrecht","Zwijndrecht","Zuid-Holland",false,51.813967,4.637309,"material damage only","4","clear",false,1,"GM0642"
"20240026205",2024,"Uitsluitend materiele schade",2,\N,"e-bike","Frontaal","Bocht",50,"Niet brandend","Daglicht","Droog",\N,"600659635","Langstraat","Barneveld","Barneveld","Gelderland",false,52.137588,5.589229,"material damage only","4","clear",false,1,"GM0203"
"20230018108",2023,"Uitsluitend materiele schade",3,"Personenauto","Fiets","Flank","Kruispunt, 4 takken",50,"Niet brandend","Daglicht","Regen",\N,\N,"Marconistraat","Heerhugowaard","Dijk en Waard","Noord-Holland",false,52.676424,4.831439,"material damage only","4","rain",false,1,"GM1980"
"20230021008",2023,"Letsel",2,"Fiets","Fiets","Onbekend","Rechte weg",30,"Brandend","Duisternis","Droog",\N,"167290067","Aart van der Leeuwlaan","Delft","Delft","Zuid-Holland",false,51.990267,4.353276,"injury","2","clear",false,1,"GM0503"
"20230022107",2023,"Letsel",1,"Fiets",\N,"Eenzijdig","Kruispunt, 4 takken",50,"Brandend","Duisternis","Droog",\N,\N,"Goudenregenstraat","'s-Gravenhage","'s-Gravenhage","Zuid-Holland",false,52.074685,4.265787,"injury","2","clear",false,1,"GM0518"
"20230031916",2023,"Uitsluitend materiele schade",3,"Fiets","Fiets","Onbekend","Rechte weg",50,"Niet brandend","Daglicht","Droog",\N,"393112123","Roerkade","Roermond","Roermond","Limburg",false,51.195424,5.983941,"material damage only","4","clear",false,1,"GM0957"
"20230033024",2023,"Uitsluitend materiele schade",2,"Personenauto","Fiets","Flank","Kruispunt, 4 takken",60,"Niet brandend","Daglicht","Droog",\N,\N,"Rompertweg","Rosmalen","'s-Hertogenbosch","Noord-Brabant",false,51.73685,5.393171,"material damage only","4","clear",false,1,"GM0796"
"20230033795",2023,"Uitsluitend materiele schade",2,"Fiets","Personenauto","Flank","Rotonde",50,"Niet brandend","Daglicht","Droog",\N,\N,"Schipleidelaan","Oldenzaal","Oldenzaal","Overijssel",false,52.308466,6.908058,"material damage only","4","clear",false,1,"GM0173"
"20230069348",2023,"Letsel",1,"Fiets",\N,"Eenzijdig","Rechte weg",50,"Niet brandend","Daglicht","Droog",\N,"600712418","Sint Jorispad","Naaldwijk","Westland","Zuid-Holland",false,51.975408,4.208956,"injury","2","clear",false,1,"GM1783"
"20230013557",2023,"Uitsluitend materiele schade",2,"Bestelauto","Fiets","Onbekend","Rechte weg",50,"Niet brandend","Daglicht","Droog",\N,"389340035","Vlijtseweg","Apeldoorn","Apeldoorn","Gelderland",false,52.218994,5.970273,"material damage only","4","clear",false,1,"GM0200"
"20230023290",2023,"Uitsluitend materiele schade",2,"Personenauto","Fiets","Flank","Kruispunt, 3 takken",30,"Niet brandend","Daglicht","Regen",\N,\N,"De Zon","Amstelveen","Amstelveen","Noord-Holland",false,52.279376,4.850277,"material damage only","4","rain",false,1,"GM0362"
"20230025629",2023,"Uitsluitend materiele schade",2,"Personenauto","Fiets","Flank","Kruispunt, 4 takken",50,"Niet brandend","Daglicht","Droog",\N,\N,"Rembrandtlaan","Sliedrecht","Sliedrecht","Zuid-Holland",false,51.818898,4.784182,"material damage only","4","clear",false,1,"GM0610"
"20230029650",2023,"Letsel",2,"Personenauto","e-bike","Flank","Kruispunt, 3 takken",50,"Niet brandend","Daglicht","Droog",\N,\N,"Poolvosweg","Capelle aan den IJssel","Capelle aan den IJssel","Zuid-Holland",false,51.909915,4.558858,"injury","2","clear",false,1,"GM0502"
"20230069832",2023,"Uitsluitend materiele schade",2,"Bromfiets","Fiets","Kop/staart","Rechte weg",30,"Niet brandend","Daglicht","Droog",\N,"600520662","Brielselaan","Rotterdam","Rotterdam","Zuid-Holland",false,51.896988,4.492848,"material damage only","4","clear",false,1,"GM0599"
"20230078625",2023,"Uitsluitend materiele schade",2,"Personenauto","Fiets","Flank","Kruispunt, 4 takken",50,"Niet brandend","Daglicht","Regen",\N,\N,"Mr. Visserplein","Amsterdam","Amsterdam","Noord-Holland",false,52.367629,4.904126,"material damage only","4","rain",false,1,"GM0363"
"20230078650",2023,"Uitsluitend materiele schade",2,"Fiets","Personenauto","Flank","Bocht",15,"Niet brandend","Daglicht","Regen",\N,"600756345","Pieter Calandlaan","Amsterdam","Amsterdam","Noord-Holland",false,52.353958,4.810021,"material damage only","4","rain",false,1,"GM0363"
"20230015922",2023,"Uitsluitend materiele schade",2,"Personenauto","Fiets","Flank","Kruispunt, 4 takken",30,"Niet brandend","Schemer","Droog",\N,\N,"Bartokweg","Almere","Almere","Flevoland",false,52.366842,5.189685,"material damage only","4","clear",false,1,"GM0034"
"20230019357",2023,"Letsel",3,"Bestelauto","Fiets","Eenzijdig","Rotonde",50,"Niet brandend","Daglicht","Droog",\N,\N,"Molenstraat","Twello","Voorst","Gelderland",false,52.232371,6.094001,"injury","2","clear",false,1,"GM0285"
"20230022735",2023,"Letsel",1,"Fiets",\N,"Eenzijdig","Rechte weg",30,"Niet aanwezig","Daglicht","Droog",\N,"600911410","Steenvoordelaan","Rijswijk","Rijswijk","Zuid-Holland",false,52.039124,4.315057,"injury","2","clear",false,1,\N
"20230069416",2023,"Uitsluitend materiele schade",2,"e-bike","Personenauto","Onbekend","Rotonde",30,"Niet brandend","Daglicht","Droog",\N,\N,"Gooweg","Noordwijkerhout","Noordwijk","Zuid-Holland",false,52.258593,4.486409,"material damage only","4","clear",false,1,"GM0575"
"20230075176",2023,"Letsel",2,"Personenauto","e-bike","Flank","Rechte weg",50,"Niet brandend","Daglicht","Droog",\N,"600668294","Spieringweg","Cruquius","Haarlemmermeer","Noord-Holland",false,52.330614,4.649079,"injury","2","clear",false,1,"GM0394"
"20230075189",2023,"Uitsluitend materiele schade",2,"Personenauto","Fiets","Flank","Kruispunt, 3 takken",30,"Niet brandend","Daglicht","Droog",\N,\N,"Seinedreef","Utrecht","Utrecht","Utrecht",false,52.114694,5.108381,"material damage only","4","clear",false,1,"GM0344"
"20230075717",2023,"Letsel",2,"Personenauto","e-bike","Flank","Kruispunt, 3 takken",60,"Niet brandend","Daglicht","Droog",\N,\N,"Bikkersweg","Bunschoten-Spakenburg","Bunschoten","Utrecht",false,52.245984,5.354484,"injury","2","clear",false,1,"GM0313"
"20230072790",2023,"Letsel",2,"Personenauto","Fiets","Flank","Rotonde",60,"Niet aanwezig","Daglicht","Droog",\N,\N,"Kerkstraat","Druten","Druten","Gelderland",false,51.885963,5.587543,"injury","2","clear",false,1,"GM0225"
"20230020534",2023,"Uitsluitend materiele schade",3,\N,"Fiets","Onbekend","Rechte weg",30,\N,"Daglicht","Droog",\N,"248369058","Helmholtzstraat","Amsterdam","Amsterdam","Noord-Holland",false,52.350795,4.937943,"material damage only","4","clear",false,1,"GM0363"
"20240027320",2024,"Letsel",1,"Fiets",\N,"Onbekend",\N,\N,\N,"Duisternis",\N,\N,"394579008","Foarwei","Wâlterswâld","Dantumadiel","Friesland",false,53.291837,6.024732,"injury","2","unknown",false,1,"GM1891"
"20240027404",2024,"Uitsluitend materiele schade",2,"Personenauto","Fiets","Flank","Kruispunt, 3 takken",50,"Brandend","Schemer","Regen",\N,\N,"Hanzeplein","Groningen","Groningen","Groningen",false,53.221011,6.577911,"material damage only","4","rain",false,1,"GM0014"
"20230034215",2023,"Uitsluitend materiele schade",2,"Personenauto","Fiets","Flank","Rotonde",50,"Niet brandend","Daglicht","Droog",\N,\N,"Woldmeentherand","Steenwijk","Steenwijkerland","Overijssel",false,52.798514,6.124722,"material damage only","4","clear",false,1,"GM1708"
"20230034564",2023,"Letsel",3,"Personenauto","Fiets","Onbekend","Kruispunt, 4 takken",30,"Niet brandend","Daglicht","Droog",\N,\N,"Elferinksweg","Enschede","Enschede","Overijssel",false,52.214133,6.865584,"injury","2","clear",false,1,"GM0153"
"20230034567",2023,"Uitsluitend materiele schade",2,"Personenauto","e-bike","Flank","Kruispunt, 4 takken",60,"Niet brandend","Daglicht","Droog",\N,\N,"Voorsterweg","Loenen","Apeldoorn","Gelderland",false,52.133928,6.0433,"material damage only","4","clear",false,1,"GM0200"
"20230036422",2023,"Letsel",1,"Fiets",\N,"Eenzijdig","Rechte weg",50,"Niet brandend","Daglicht","Droog",\N,"208377115","Papentorenvest","Haarlem","Haarlem","Noord-Holland",false,52.383585,4.643151,"injury","2","clear",false,1,"GM0392"
"20230036961",2023,"Uitsluitend materiele schade",2,"Bromfiets","Fiets","Flank","Rechte weg",30,"Niet aanwezig","Daglicht","Droog",\N,"600907853","Tweede Doodweg","Vogelenzang","Bloemendaal","Noord-Holland",false,52.318948,4.566126,"material damage only","4","clear",false,1,"GM0377"
"20240030627",2024,"Letsel",2,"Fiets","Scootmobiel","Flank","Rechte weg",30,"Niet brandend","Daglicht","Droog",\N,"234395011","Kolonelsdiep","Zaandam","Zaanstad","Noord-Holland",false,52.468424,4.831515,"injury","2","clear",false,1,"GM0479"
"20230074450",2023,"Letsel",2,"Fiets","Overig vast object","Vast voorwerp","Rechte weg",30,"Brandend","Duisternis","Droog",\N,"600359735","Peizerweg","Groningen","Groningen","Groningen",false,53.211008,6.550139,"injury","2","clear",false,1,"GM0014"
"20230078978",2023,"Letsel",1,"Fiets",\N,"Eenzijdig","Rechte weg",50,"Niet brandend","Daglicht","Droog",\N,"600702082","Burg van Reenensingel","Gouda","Gouda","Zuid-Holland",false,52.023356,4.695199,"injury","2","clear",false,1,"GM0513"
"20230079025",2023,"Uitsluitend materiele schade",3,"Bromfiets","Fiets","Flank","Kruispunt, 4 takken",50,"Niet brandend","Daglicht","Droog",\N,\N,"Zeeburgerdijk","Amsterdam","Amsterdam","Noord-Holland",true,52.366218,4.933805,"material damage only","4","clear",false,1,"GM0363"
"20240028978",2024,"Letsel",1,"Fiets",\N,"Onbekend",\N,\N,\N,"Daglicht",\N,\N,"495287058","Bataafseweg","Winterswijk","Winterswijk","Gelderland",false,51.975036,6.740142,"injury","2","unknown",false,1,"GM0294"
"20230031469",2023,"Uitsluitend materiele schade",2,"Personenauto","Fiets","Flank","Rotonde",50,"Niet brandend","Daglicht","Regen",\N,\N,"Oranjelaan","Roermond","Roermond","Limburg",false,51.191812,6.012877,"material damage only","4","rain",false,1,"GM0957"
"20230077160",2023,"Letsel",2,"Personenauto","e-bike","Flank","Kruispunt, 3 takken",30,"Niet brandend","Daglicht","Droog",\N,\N,"Rijndijk","Hazerswoude-Rijndijk","Alphen aan den Rijn","Zuid-Holland",false,52.133148,4.555818,"injury","2","clear",false,1,"GM0484"