"accident_id","year","severity_raw","party_count","party1_type","party2_type","accident_type","road_situation","speed_limit_kmh","road_lighting","light_condition_label","weather_raw","infra_type","road_segment_id","street_name","place_name","gemeente_name_raw","province","alcohol_indicated","latitude","longitude","severity_label","severity_code","weather_label","built_up_area","cyclists_involved","gemeente_code"
"20230077168",2023,"Letsel",2,"Fiets","Fiets","Flank","Rechte weg",50,"Niet brandend","Daglicht","Droog",\N,"600723376","Rijnmond","Katwijk","Katwijk","Zuid-Holland",false,52.207928,4.403014,"injury","2","clear",false,1,"GM0537"
"20230070403",2023,"Uitsluitend materiele schade",2,"Bestelauto","e-bike","Flank","Rotonde",50,"Niet brandend","Daglicht","Droog",\N,\N,"De Plank","Veldhoven","Veldhoven","Noord-Brabant",false,51.401138,5.394531,"material damage only","4","clear",false,1,"GM0861"
"20240030205",2024,"Letsel",2,"Bus","Fiets","Flank","Kruispunt, 4 takken",50,"Niet brandend","Daglicht","Droog",\N,\N,"Nieuwkoopseweg","Aarlanderveen","Alphen aan den Rijn","Zuid-Holland",false,52.135688,4.692985,"injury","2","clear",false,1,"GM0484"
"20230078263",2023,"Letsel",1,"Fiets",\N,"Eenzijdig","Rechte weg",30,"Niet brandend","Daglicht","Regen",\N,"187327242","Hooigracht","Leiden","Leiden","Zuid-Holland",false,52.158055,4.49577,"injury","2","rain",false,1,"GM0546"
"20230078458",2023,"Uitsluitend materiele schade",2,"Fiets","Bromfiets","Voetganger","Rechte weg",50,"Niet brandend","Daglicht","Droog",\N,"237371046","Paramariboplein","Amsterdam","Amsterdam","Noord-Holland",false,52.359589,4.854434,"material damage only","4","clear",false,1,"GM0363"
"20230078536",2023,"Uitsluitend materiele schade",2,"Personenauto","Fiets","Flank","Kruispunt, 4 takken",50,"Brandend","Duisternis","Droog",\N,\N,"Johan Huizingalaan","Amsterdam","Amsterdam","Noord-Holland",false,52.351538,4.827304,"material damage only","4","clear",false,1,"GM0363"
"20230021201",2023,"Letsel",2,"Fiets","Fiets","Flank","Kruispunt, 4 takken",50,"Niet brandend","Schemer","Regen",\N,\N,"Theresiastraat","'s-Gravenhage","'s-Gravenhage","Zuid-Holland",false,52.083539,4.331021,"injury","2","rain",false,1,"GM0518"
"20230022898",2023,"Letsel",2,"Fiets","Personenauto","Geparkeerd voertuig","Bocht",30,"Niet brandend","Daglicht","Regen","Parkeervoorziening","174306070","Aspasialaan","'s-Gravenhage","'s-Gravenhage","Zuid-Holland",false,52.063475,4.399638,"injury","2","rain",false,1,"GM0518"
"20230023461",2023,"Letsel",2,"Personenauto","Fiets","Flank","Kruispunt, 4 takken",60,"Niet brandend","Daglicht","Regen",\N,\N,"Prinsenweg","Voorhout","Teylingen","Zuid-Holland",false,52.236881,4.511905,"injury","2","rain",false,1,"GM1525"
"20230027521",2023,"Uitsluitend materiele schade",2,"Personenauto","Fiets","Onbekend","Kruispunt, 3 takken",30,"Brandend","Duisternis","Droog",\N,\N,"Korvelplein","Tilburg","Tilburg","Noord-Brabant",false,51.549145,5.068341,"material damage only","4","clear",false,1,"GM0855"
"20230030400",2023,"Uitsluitend materiele schade",1,"Fiets",\N,"Onbekend","Rechte weg",50,"Brandend","Duisternis","Droog",\N,"322166119","Keizersgracht","Eindhoven","Eindhoven","Noord-Brabant",false,51.437641,5.476522,"material damage only","4","clear",false,1,"GM0772"
"20230037074",2023,"Uitsluitend materiele schade",2,"Personenauto","Fiets","Onbekend","Rechte weg",30,"Niet brandend","Daglicht","Droog",\N,"356407046","Het Spectrum","Dronten","Dronten","Flevoland",false,52.5237,5.728016,"material damage only","4","clear",false,1,"GM0303"
"20230077847",2023,"Letsel",1,"Fiets",\N,"Eenzijdig","Rechte weg",50,"Niet brandend","Daglicht","Droog",\N,"600715348","Pietermanstraat","'s-Gravenhage","'s-Gravenhage","Zuid-Holland",false,52.099084,4.273265,"injury","2","clear",false,1,"GM0518"
"20240025976",2024,"Uitsluitend materiele schade",2,"Personenauto","Fiets","Flank","Rotonde",50,"Niet brandend","Daglicht","Droog",\N,\N,"Koppelstraat","Arnhem","Arnhem","Gelderland",false,51.963614,5.906539,"material damage only","4","clear",false,1,"GM0202"
"20230014942",2023,"Uitsluitend materiele schade",2,"Personenauto","Fiets","Flank","Kruispunt, 4 takken",50,"Brandend","Schemer","Droog",\N,\N,"Korreweg","Groningen","Groningen","Groningen",false,53.226662,6.560805,"material damage only","4","clear",false,1,"GM0014"
"20230022903",2023,"Letsel",1,"Fiets",\N,"Eenzijdig","Rechte weg",50,"Brandend","Duisternis",\N,\N,"227325002","Nieuwveenseweg","Nieuwkoop","Nieuwkoop","Zuid-Holland",false,52.15327,4.783877,"injury","2","unknown",false,1,"GM0569"
"20230028150",2023,"Uitsluitend materiele schade",2,"Personenauto","Fiets","Frontaal","Rotonde",30,"Niet brandend","Daglicht","Droog",\N,\N,"Walcherseweg","Middelburg","Middelburg","Zeeland",false,51.505749,3.598649,"material damage only","4","clear",false,1,\N
"20240028806",2024,"Uitsluitend materiele schade",2,"Personenauto","Fiets","Los voorwerp","Kruispunt, 4 takken",50,"Niet brandend","Daglicht","Regen",\N,\N,"Eibergsestraat","Haaksbergen","Haaksbergen","Overijssel",false,52.152502,6.736402,"material damage only","4","rain",false,1,"GM0158"
"20230070049",2023,"Letsel",2,"Fiets","Personenauto","Flank","Rechte weg",50,"Niet brandend","Daglicht","Droog",\N,"600726479","Poldermolenplein","Berkel en Rodenrijs","Lansingerland","Zuid-Holland",false,51.990051,4.456332,"injury","2","clear",false,1,"GM1621"
"20230070368",2023,"Uitsluitend materiele schade",2,"Personenauto","Fiets","Flank","Kruispunt, 4 takken",30,"Niet brandend","Daglicht","Droog",\N,\N,"Deilstraat","Tilburg","Tilburg","Noord-Brabant",false,51.579715,5.019278,"material damage only","4","clear",false,1,"GM0855"
"20230071350",2023,"Uitsluitend materiele schade",2,"Bromfiets","Fiets","Flank","Rechte weg",\N,"Niet brandend","Daglicht","Droog","Brug/viaduct","293233009","MAASBRUG","'s-Hertogenbosch","'s-Hertogenbosch","Noord-Brabant",false,51.739058,5.268726,"material damage only","4","clear",false,1,"GM0796"
"20230072399",2023,"Uitsluitend materiele schade",2,"Personenauto","Fiets","Flank","Kruispunt, 3 takken",30,"Niet brandend","Daglicht","Droog",\N,\N,"Parkstraat","Arnhem","Arnhem","Gelderland",false,51.982022,5.923428,"material damage only","4","clear",false,1,"GM0202"
"20230018996",2023,"Uitsluitend materiele schade",2,"Fiets","Fiets","Los voorwerp","Kruispunt, 4 takken",30,"Niet brandend","Daglicht","Droog",\N,\N,"Prozastraat","Almere","Almere","Flevoland",false,52.358085,5.183266,"material damage only","4","clear",false,1,"GM0034"
"20230028152",2023,"Uitsluitend materiele schade",2,"Personenauto","Fiets","Flank","Rechte weg",50,"Niet brandend","Daglicht","Droog",\N,"189200004","Spuilaan","Oudenbosch","Halderberge","Noord-Brabant",false,51.587635,4.519213,"material damage only","4","clear",false,1,"GM1655"
"20230071731",2023,"Letsel",1,"e-bike",\N,"Eenzijdig","Rotonde",30,"Niet brandend","Daglicht","Droog",\N,\N,"Esscheweg","Vught","Vught","Noord-Brabant",false,51.63885,5.280284,"injury","2","clear",false,1,"GM0865"
"20230071737",2023,"Letsel",2,"Personenauto","Fiets","Flank","Kruispunt, 4 takken",30,"Niet brandend","Daglicht","Droog",\N,\N,"Gasthuisstraat","Oirschot","Oirschot","Noord-Brabant",false,51.50536,5.308097,"injury","2","clear",false,1,"GM0823"
"20230073341",2023,"Letsel",2,"e-bike","Bestelauto","Flank","Kruispunt, 4 takken",50,"Niet brandend","Daglicht",\N,\N,\N,"Gravinnestraat","Wageningen","Wageningen","Gelderland",false,51.972248,5.664854,"injury","2","unknown",false,1,"GM0289"
"20230073943",2023,"Uitsluitend materiele schade",2,"Personenauto","Fiets","Flank","Kruispunt, 4 takken",50,"Niet brandend","Daglicht","Droog",\N,\N,"Schapendijk","Almelo","Almelo","Overijssel",false,52.372714,6.678074,"material damage only","4","clear",false,1,"GM0141"
"20230022984",2023,"Letsel",2,"Bromfiets","Fiets","Flank","Kruispunt, 4 takken",30,"Niet brandend","Daglicht","Droog",\N,\N,"Segbroeklaan","'s-Gravenhage","'s-Gravenhage","Zuid-Holland",false,52.081032,4.267131,"injury","2","clear",false,1,"GM0518"
"20230024165",2023,"Letsel",2,"Personenauto","Fiets","Flank","Rotonde",50,"Niet brandend","Daglicht","Droog",\N,\N,"Westtangent","Heerhugowaard","Dijk en Waard","Noord-Holland",false,52.673452,4.835515,"injury","2","clear",false,1,"GM1980"
"20230028774",2023,"Letsel",2,"Trekker","Fiets","Onbekend","Kruispunt, 4 takken",80,"Niet brandend","Daglicht","Droog",\N,"600708138","Slikweg","Kerkwerve","Schouwen-Duiveland","Zeeland",false,51.697679,3.845896,"injury","2","clear",false,1,"GM1676"
"20230036600",2023,"Letsel",2,"Personenauto","e-bike","Flank","Rotonde",50,"Niet brandend","Daglicht","Droog",\N,\N,"Groningenlaan","Haarlem","Haarlem","Noord-Holland",false,52.355314,4.653101,"injury","2","clear",false,1,"GM0392"
"20240031613",2024,"Uitsluitend materiele schade",1,"Fiets",\N,"Frontaal","Kruispunt, 4 takken",50,"Brandend","Duisternis","Droog",\N,\N,"1e IJzerstraat","Rotterdam","Rotterdam","Zuid-Holland",false,51.907571,4.455719,"material damage only","4","clear",false,1,"GM0599"
"20230075237",2023,"Uitsluitend materiele schade",2,"Personenauto","Fiets","Flank","Kruispunt, 3 takken",30,"Niet brandend","Daglicht","Droog",\N,\N,"Pieter Cheeuwenlaan","Beverwijk","Beverwijk","Noord-Holland",false,52.491219,4.685589,"material damage only","4","clear",false,1,"GM0375"
"20230075527",2023,"Letsel",2,"Bestelauto","Fiets","Geparkeerd voertuig","Rechte weg",30,"Niet brandend","Schemer","Regen","Parkeervoorziening","273312157","Predikherenkerkhof","Utrecht","Utrecht","Utrecht",false,52.095471,5.118068,"injury","2","rain",false,1,"GM0344"
"20230076071",2023,"Letsel",2,"Bromfiets","Fiets","Flank","Kruispunt, 3 takken",\N,"Niet brandend","Daglicht","Droog",\N,\N,"Soestdijkerweg","Den Dolder","Zeist","Utrecht",false,52.168264,5.24146,"injury","2","clear",false,1,"GM0355"
"20230076534",2023,"Uitsluitend materiele schade",2,"Bromfiets","Fiets","Kop/staart","Rechte weg",30,"Niet brandend","Daglicht","Droog",\N,\N,"Kolkweg","Oostzaan","Oostzaan","Noord-Holland",false,52.433714,4.880413,"material damage only","4","clear",false,1,"GM0431"
"20230016732",2023,"Uitsluitend materiele schade",2,"Personenauto","Fiets","Los voorwerp","Rechte weg",30,"Niet brandend","Daglicht","Droog",\N,"293346004","Wakkerendijk","Eemnes","Eemnes","Utrecht",false,52.249086,5.265691,"material damage only","4","clear",false,1,"GM0317"
"20230029409",2023,"Letsel",1,"Fiets",\N,"Eenzijdig","Rechte weg",50,"Niet brandend","Daglicht","Regen",\N,"160245011","Molendijk","Goudswaard","Hoeksche Waard","Zuid-Holland",false,51.788225,4.302986,"injury","2","rain",false,1,"GM1963"
"20230031117",2023,"Uitsluitend materiele schade",2,"e-bike","Personenauto","Flank","Rotonde",50,"Niet brandend","Daglicht","Droog",\N,\N,"Heerbaan","Veldhoven","Veldhoven","Noord-Brabant",false,51.421699,5.392434,"material damage only","4","clear",false,1,"GM0861"
"20230072725",2023,"Uitsluitend materiele schade",2,"Personenauto","Fiets","Geparkeerd voertuig","Rechte weg",50,"Brandend","Duisternis","Droog",\N,"415463008","Parallelweg","Meppel","Meppel","Drenthe",false,52.767849,6.169726,"material damage only","4","clear",false,1,"GM0119"
"20230074350",2023,"Letsel",2,"Bus","e-bike","Flank","Kruispunt, 3 takken",50,"Niet brandend","Daglicht","Droog",\N,\N,"Ubbergseweg","Nijmegen","Nijmegen","Gelderland",false,51.840723,5.892053,"injury","2","clear",false,1,"GM0268"
"20240031689",2024,"Letsel",2,"Fiets","Bromfiets","Frontaal","Kruispunt, 4 takken",30,"Niet brandend","Daglicht","Droog",\N,\N,"VLISSINGSEBINNENBRUG","Middelburg","Middelburg","Zeeland",false,51.495261,3.612167,"injury","2","clear",false,1,\N
"20230075996",2023,"Letsel",2,"Fiets","Fiets","Frontaal","Rechte weg",30,"Brandend","Duisternis","Droog",\N,"600765581","De Weijver","Hoogwoud","Opmeer","Noord-Holland",false,52.709431,4.936215,"injury","2","clear",false,1,"GM0432"
"20230076803",2023,"Letsel",2,"Fiets","Overig vast object","Vast voorwerp","Kruispunt, 3 takken",50,"Niet brandend","Daglicht","Droog",\N,\N,"Weerlaan","Hillegom","Hillegom","Zuid-Holland",false,52.296486,4.593,"injury","2","clear",false,1,"GM0534"
"20230077573",2023,"Letsel",2,\N,"Fiets","Eenzijdig","Rechte weg",50,"Niet brandend","Daglicht","Droog",\N,"156315104","Strandweg","'s-Gravenhage","'s-Gravenhage","Zuid-Holland",false,52.10751,4.271626,"injury","2","clear",false,1,"GM0518"
"20230077735",2023,"Letsel",2,"Fiets","Fiets","Onbekend","Rechte weg",30,"Brandend","Duisternis","Droog","Brug/viaduct","185322003","Vlietweg","Leiden","Leiden","Zuid-Holland",false,52.138609,4.483462,"injury","2","clear",false,1,"GM0546"
"20230077807",2023,"Letsel",2,"Personenauto","Fiets","Flank","Kruispunt, 4 takken",50,"Niet brandend","Daglicht","Droog",\N,\N,"Kurhausweg","'s-Gravenhage","'s-Gravenhage","Zuid-Holland",false,52.111707,4.284355,"injury","2","clear",false,1,"GM0518"
"20230077897",2023,"Uitsluitend materiele schade",1,"Fiets",\N,"Eenzijdig","Kruispunt, 3 takken",30,"Niet brandend","Daglicht","Droog",\N,\N,"Kijkduinboulevard","'s-Gravenhage","'s-Gravenhage","Zuid-Holland",false,52.069874,4.221703,"material damage only","4","clear",false,1,"GM0518"
"20230021939",2023,"Letsel",2,"Brommobiel","e-bike","Flank","Kruispunt, 4 takken",50,"Niet brandend","Daglicht","Droog",\N,\N,"Platinaweg","'s-Gravenhage","'s-Gravenhage","Zuid-Holland",false,52.051915,4.254073,"injury","2","clear",false,1,"GM0518"
"20230035226",2023,"Uitsluitend materiele schade",2,"Fiets","Fiets","Frontaal","Kruispunt, 4 takken",30,"Niet brandend","Daglicht","Droog",\N,\N,"Heksenwal","Zaltbommel","Zaltbommel","Gelderland",false,51.814168,5.252065,"material damage only","4","clear",false,1,"GM0297"
"20240078925",2024,"Letsel",2,"Fiets","Overig vast object","Vast voorwerp","Rechte weg",30,"Niet brandend","Daglicht","Droog",\N,"186327216","Breestraat","Leiden","Leiden","Zuid-Holland",false,52.160004,4.486817,"injury","2","clear",false,1,"GM0546"
"20240034065",2024,"Uitsluitend materiele schade",2,"Personenauto","Fiets","Frontaal","Kruispunt, 3 takken",50,"Niet brandend","Daglicht","Regen",\N,\N,"Vlaanderenlaan","Eindhoven","Eindhoven","Noord-Brabant",false,51.476976,5.477338,"material damage only","4","rain",false,1,"GM0772"
"20240041892",2024,"Uitsluitend materiele schade",2,"Bestelauto","Fiets","Flank","Kruispunt, 3 takken",50,"Niet brandend","Daglicht","Droog",\N,\N,"Walkvat","Rijen","Gilze en Rijen","Noord-Brabant",false,51.585374,4.922928,"material damage only","4","clear",false,1,"GM0784"
"20240050829",2024,"Uitsluitend materiele schade",2,"Personenauto","Fiets","Onbekend","Kruispunt, 4 takken",30,"Niet brandend","Daglicht","Regen",\N,\N,"Ceintuurbaan","Amsterdam","Amsterdam","Noord-Holland",false,52.354246,4.89911,"material damage only","4","rain",false,1,"GM0363"
"20240050847",2024,"Letsel",2,"Fiets","Fiets","Kop/staart","Rechte weg",80,"Niet brandend","Daglicht","Droog",\N,"600510732","Legmeerdijk","Amstelveen","Amstelveen","Noord-Holland",false,52.280229,4.813948,"injury","2","clear",false,1,"GM0362"
"20240051456",2024,"Letsel",2,"Personenauto","Fiets","Flank","Kruispunt, 4 takken",50,"Niet brandend","Daglicht","Droog",\N,\N,"Dijk van Kyoto","Heerhugowaard","Dijk en Waard","Noord-Holland",false,52.644127,4.815111,"injury","2","clear",false,1,"GM1980"
"20240051485",2024,"Letsel",3,"Fiets","Fiets","Onbekend","Rechte weg",30,"Niet brandend","Daglicht","Regen",\N,"242377083","Westerdoksdijk","Amsterdam","Amsterdam","Noord-Holland",false,52.384892,4.893138,"injury","2","rain",false,1,"GM0363"
"20240081320",2024,"Uitsluitend materiele schade",2,"Personenauto","Fiets","Flank","Kruispunt, 4 takken",50,"Niet brandend","Daglicht","Droog",\N,\N,"Loosduinseweg","'s-Gravenhage","'s-Gravenhage","Zuid-Holland",false,52.06877,4.275858,"material damage only","4","clear",false,1,"GM0518"
"20240050857",2024,"Letsel",1,"Fiets",\N,"Frontaal","Bocht",50,"Niet brandend","Daglicht","Droog",\N,"601002156","Schoterkerkpad","Santpoort-Zuid","Velsen","Noord-Holland",false,52.415732,4.635599,"injury","2","clear",false,1,"GM0453"
"20240050860",2024,"Uitsluitend materiele schade",2,"Bromfiets","Fiets","Flank","Kruispunt, 3 takken",30,"Niet brandend","Daglicht","Droog",\N,\N,"Roetersstraat","Amsterdam","Amsterdam","Noord-Holland",false,52.361959,4.911433,"material damage only","4","clear",false,1,"GM0363"
"20240041350",2024,"Letsel",2,"Fiets","Personenauto","Flank","Rechte weg",60,"Niet brandend","Daglicht","Droog",\N,"232354073","Legmeerdijk","Amstelveen","Amstelveen","Noord-Holland",false,52.284414,4.818161,"injury","2","clear",false,1,"GM0362"
"20240041356",2024,"Letsel",2,"Personenauto","Fiets","Flank","Rotonde",50,"Niet brandend","Daglicht","Droog",\N,\N,"Hertog Aalbrechtweg","Alkmaar","Alkmaar","Noord-Holland",false,52.642378,4.763385,"injury","2","clear",false,1,"GM0361"
"20240041368",2024,"Letsel",2,"Fiets","Personenauto","Flank","Kruispunt, 4 takken",50,"Niet brandend","Daglicht","Regen",\N,\N,"GEUZENVELD 5","Amsterdam","Amsterdam","Noord-Holland",false,52.371815,4.84157,"injury","2","rain",false,1,"GM0363"
"20240072309",2024,"Letsel",1,"Fiets",\N,"Eenzijdig","Rechte weg",50,"Niet brandend","Daglicht","Droog",\N,"170310073","Sint Martinuslaan","Voorburg","Leidschendam-Voorburg","Zuid-Holland",false,52.080974,4.366673,"injury","2","clear",false,1,"GM1916"
"20240039082",2024,"Uitsluitend materiele schade",2,"Bromfiets","Fiets","Frontaal","Rechte weg",30,"Niet aanwezig","Daglicht","Droog",\N,"600364310","van Welderenstraat","Nijmegen","Nijmegen","Gelderland",false,51.842998,5.862815,"material damage only","4","clear",false,1,"GM0268"
"20240042668",2024,"Letsel",2,"Personenauto","Fiets","Flank","Kruispunt, 4 takken",50,"Niet brandend","Daglicht","Droog",\N,\N,"Sandvikstraat","Schiedam","Schiedam","Zuid-Holland",false,51.9283,4.403942,"injury","2","clear",false,1,"GM0606"
"20240071691",2024,"Letsel",2,"Personenauto","Fiets","Flank","Kruispunt, 4 takken",50,"Niet brandend","Daglicht","Droog",\N,\N,"Goudse Houtsingel","Gouda","Gouda","Zuid-Holland",false,52.026297,4.718047,"injury","2","clear",false,1,"GM0513"
"20240036721",2024,"Letsel",2,"Personenauto","e-bike","Onbekend","Kruispunt, 3 takken",30,"Niet brandend","Daglicht","Droog",\N,\N,"Kanaal Noord","Apeldoorn","Apeldoorn","Gelderland",false,52.211893,5.975217,"injury","2","clear",false,1,"GM0200"
"20240050972",2024,"Letsel",2,"Bromfiets","Fiets","Flank","Kruispunt, 4 takken",50,\N,"Daglicht","Droog",\N,\N,"Weidelandpad","Purmerend","Landsmeer","Noord-Holland",false,52.488694,4.930192,"injury","2","clear",false,1,"GM0415"
"20240071724",2024,"Letsel",2,"Fiets","Fiets","Flank","Rechte weg",50,"Niet brandend","Daglicht","Droog",\N,"600107912","Coenderstraat","Delft","Delft","Zuid-Holland",false,52.008345,4.355335,"injury","2","clear",false,1,"GM0503"
"20240071728",2024,"Letsel",2,"Personenauto","Fiets","Kop/staart","Rechte weg",30,"Niet brandend","Daglicht","Droog",\N,"203281021","'s-Gravenweg","Nieuwerkerk aan den IJssel","Zuidplas","Zuid-Holland",false,51.956325,4.61843,"injury","2","clear",false,1,"GM1892"
"20240036751",2024,"Letsel",2,"Vrachtauto","Fiets","Onbekend",\N,60,\N,"Daglicht",\N,\N,"402431003","Cellemuiden","Genemuiden","Zwartewaterland","Overijssel",false,52.620545,6.071647,"injury","2","unknown",false,1,"GM1896"
"20240037694",2024,"Letsel",2,"Personenauto","Fiets","Flank","Rechte weg",50,"Niet aanwezig","Daglicht","Droog","Tankstation","600739242","Herenweg","Heemstede","Heemstede","Noord-Holland",false,52.350731,4.610966,"injury","2","clear",false,1,"GM0397"
"20240079230",2024,"Letsel",2,"Personenauto","Fiets","Onbekend","Rotonde",30,"Niet brandend","Daglicht","Regen",\N,\N,"Oslopad","Alphen aan den Rijn","Alphen aan den Rijn","Zuid-Holland",false,52.123769,4.654827,"injury","2","rain",false,1,"GM0484"
"20240040736",2024,"Letsel",2,"Fiets","Personenauto","Flank","Kruispunt, 4 takken",50,"Niet brandend","Daglicht","Droog",\N,\N,"Professor B M Teldersweg","'s-Gravenhage","'s-Gravenhage","Zuid-Holland",false,52.095708,4.286496,"injury","2","clear",false,1,"GM0518"
"20240048033",2024,"Letsel",1,"Fiets",\N,"Onbekend",\N,30,\N,"Duisternis",\N,\N,"212405158","Kerkplein","Heemskerk","Heemskerk","Noord-Holland",false,52.510245,4.671074,"injury","2","unknown",false,1,"GM0396"
"20240079891",2024,"Uitsluitend materiele schade",2,"Personenauto","Fiets","Frontaal","Kruispunt, 4 takken",80,"Niet brandend","Daglicht","Droog",\N,\N,"FIETSPAD","Zuidschermer","Alkmaar","Noord-Holland",false,52.557744,4.782008,"material damage only","4","clear",false,1,"GM0361"
"20240036868",2024,"Uitsluitend materiele schade",2,"Personenauto","Fiets","Onbekend","Kruispunt, 4 takken",50,"Niet brandend","Daglicht","Droog",\N,"484370042","Bornsestraat","Almelo","Almelo","Overijssel",false,52.350348,6.669031,"material damage only","4","clear",false,1,"GM0141"
"20240038463",2024,"Letsel",2,"Personenauto","Fiets","Flank","Rechte weg",50,"Niet brandend","Daglicht","Droog",\N,"209384091","Rijksstraatweg","Haarlem","Haarlem","Noord-Holland",false,52.413714,4.650484,"injury","2","clear",false,1,"GM0392"
"20240040125",2024,"Letsel",1,"Fiets",\N,"Frontaal",\N,\N,"Niet brandend","Daglicht","Droog",\N,"600970259","Arent Janszoon Ernststr","Amsterdam","Amsterdam","Noord-Holland",false,52.332114,4.88616,"injury","2","clear",false,1,"GM0363"
"20240078693",2024,"Letsel",2,"Fiets","Fiets","Flank","Rechte weg",15,"Niet brandend","Daglicht","Regen",\N,"186325121","Vrijheidslaan","Leiden","Leiden","Zuid-Holland",false,52.147964,4.483205,"injury","2","rain",false,1,"GM0546"
"20240080609",2024,"Letsel",2,"Bromfiets","Fiets","Frontaal","Bocht",50,"Niet brandend","Daglicht","Droog",\N,"600422348","Grote Schelluinsekade","Gorinchem","Gorinchem","Zuid-Holland",false,51.83955,4.930037,"injury","2","clear",false,1,"GM0512"
"20240078762",2024,"Uitsluitend materiele schade",2,"Personenauto","Fiets","Flank","Kruispunt, 4 takken",30,"Niet aanwezig","Daglicht","Droog",\N,\N,"Rijswijkstraat","Amsterdam","Amsterdam","Noord-Holland",false,52.350093,4.843942,"material damage only","4","clear",false,1,"GM0363"
"20240037883",2024,"Letsel",2,"Personenauto","Fiets","Kop/staart","Rechte weg",50,"Niet brandend","Daglicht","Droog",\N,"256407018","Purmerdijk","Purmerend","Purmerend","Noord-Holland",false,52.520578,4.994017,"injury","2","clear",false,1,"GM0439"
"20240040893",2024,"Letsel",2,"Fiets","Fiets","Frontaal","Rechte weg",50,"Niet brandend","Daglicht","Droog",\N,\N,"Bloemenstraat","Ter Aar","Nieuwkoop","Zuid-Holland",false,52.182564,4.727136,"injury","2","clear",false,1,"GM0569"
"20240044754",2024,"Uitsluitend materiele schade",2,"Personenauto","Fiets","Flank","Bocht",50,"Niet brandend","Daglicht","Droog",\N,"398044024","Hoofdstraat","Landgraaf","Landgraaf","Limburg",false,50.889584,6.014537,"material damage only","4","clear",false,1,"GM0882"
"20240076800",2024,"Uitsluitend materiele schade",2,"Personenauto","Fiets","Flank","Kruispunt, 4 takken",30,"Niet brandend","Daglicht","Droog",\N,\N,"Weg naar Parkwijk","Utrecht","Utrecht","Utrecht",false,52.091963,5.062536,"material damage only","4","clear",false,1,"GM0344"
"20240081167",2024,"Letsel",1,"Fiets",\N,"Eenzijdig","Rechte weg",50,"Niet brandend","Daglicht","Droog",\N,"600552565","FIETSPAD","Bodegraven","Bodegraven-Reeuwijk","Zuid-Holland",false,52.082335,4.776056,"injury","2","clear",false,1,"GM1901"
"20240033971",2024,"Uitsluitend materiele schade",2,"Personenauto","Fiets","Onbekend","Rechte weg",50,"Niet brandend","Daglicht","Droog",\N,"228221013","Stationsstraat","Made","Drimmelen","Noord-Brabant",false,51.682795,4.79604,"material damage only","4","clear",false,1,"GM1719"
"20240033975",2024,"Letsel",2,"Fiets","Personenauto","Frontaal","Kruispunt, 3 takken",80,"Niet aanwezig","Daglicht","Droog",\N,\N,"De Klinker","Kapelle","Kapelle","Zeeland",false,51.470438,3.958984,"injury","2","clear",false,1,"GM0678"
"20240040345",2024,"Letsel",1,"Fiets",\N,"Eenzijdig","Rechte weg",60,"Niet brandend","Daglicht","Droog",\N,"600733841","Stationsweg","Lisse","Lisse","Zuid-Holland",false,52.273579,4.538555,"injury","2","clear",false,1,"GM0553"
"20240078882",2024,"Letsel",1,"Fiets",\N,"Eenzijdig","Rechte weg",30,"Niet brandend","Daglicht","Droog",\N,"155305105","Leyweg","'s-Gravenhage","'s-Gravenhage","Zuid-Holland",false,52.058597,4.264369,"injury","2","clear",false,1,"GM0518"
"20240080177",2024,"Letsel",2,"Fiets","Fiets","Flank","Kruispunt, 3 takken",60,"Niet brandend","Daglicht","Droog",\N,\N,"Herenweg","Bergen (NH)","Bergen (NH)","Noord-Holland",false,52.655117,4.66116,"injury","2","clear",false,1,\N
"20240034013",2024,"Letsel",2,"Personenauto","Fiets","Onbekend",\N,30,\N,"Daglicht",\N,\N,"253198084","Spaarnwoudelaan","Tilburg","Tilburg","Noord-Brabant",false,51.578785,4.981599,"injury","2","unknown",false,1,"GM0855"
"20240044881",2024,"Letsel",2,"Personenauto","Fiets","Flank","Kruispunt, 3 takken",50,"Niet brandend","Daglicht","Droog",\N,\N,"Dorpstraat","Luyksgestel","Bergeijk","Noord-Brabant",false,51.286509,5.319874,"injury","2","clear",false,1,"GM1724"
"20230095148",2023,"Letsel",2,"Bestelauto","Fiets","Flank","Kruispunt, 3 takken",50,"Brandend","Duisternis","Droog",\N,"421447050","Brandemaat","Meppel","Meppel","Drenthe",false,52.697106,6.214363,"injury","2","clear",false,1,"GM0119"
"20230096873",2023,"Uitsluitend materiele schade",2,"Personenauto","Fiets","Onbekend","Kruispunt, 4 takken",50,"Brandend","Duisternis","Regen",\N,\N,"Breemarsweg","Hengelo","Hengelo (O)","Overijssel",true,52.251735,6.789871,"material damage only","4","rain",false,1,\N
"20230099580",2023,"Letsel",2,"Personenauto","e-bike","Frontaal","Kruispunt, 4 takken",50,"Niet brandend","Daglicht","Droog",\N,\N,"Gebr. Douvenstraat","Horst","Horst aan de Maas","Limburg",false,51.449639,6.047356,"injury","2","clear",false,1,"GM1507"
"20230105749",2023,"Uitsluitend materiele schade",2,"Personenauto","Fiets","Flank","Kruispunt, 3 takken",30,"Niet brandend","Daglicht","Regen",\N,\N,"Imkersdreef","Apeldoorn","Apeldoorn","Gelderland",false,52.199783,5.985444,"material damage only","4","rain",false,1,"GM0200"
"20230107388",2023,"Uitsluitend materiele schade",2,"Personenauto","Fiets","Onbekend","Rechte weg",30,"Niet brandend","Daglicht","Mist",\N,"600361540","Marinus van der Stoepstr","Rotterdam","Rotterdam","Zuid-Holland",false,51.926941,4.502882,"material damage only","4","fog",false,1,"GM0599"