"accident_id","year","severity_raw","party_count","party1_type","party2_type","accident_type","road_situation","speed_limit_kmh","road_lighting","light_condition_label","weather_raw","infra_type","road_segment_id","street_name","place_name","gemeente_name_raw","province","alcohol_indicated","latitude","longitude","severity_label","severity_code","weather_label","built_up_area","cyclists_involved","gemeente_code"
"20230090510",2023,"Letsel",1,"Fiets",\N,"Eenzijdig","Rechte weg",50,"Niet brandend","Daglicht","Droog",\N,"600719940","Prinses Mariannelaan","Voorburg","Leidschendam-Voorburg","Zuid-Holland",false,52.061573,4.347259,"injury","2","clear",false,1,"GM1916"
"20230094608",2023,"Uitsluitend materiele schade",2,"Fiets","Fiets","Flank","Kruispunt, 3 takken",60,"Niet brandend","Daglicht","Regen",\N,\N,"Loordijk","Doetinchem","Doetinchem","Gelderland",false,51.962239,6.355224,"material damage only","4","rain",false,1,"GM0222"
"20230098063",2023,"Uitsluitend materiele schade",2,"Personenauto","e-bike","Flank","Rotonde",50,"Niet brandend","Daglicht","Regen",\N,\N,"Burg van Stamplein","Hoofddorp","Haarlemmermeer","Noord-Holland",false,52.300543,4.69406,"material damage only","4","rain",false,1,"GM0394"
"20230098078",2023,"Letsel",1,"Fiets",\N,"Eenzijdig","Rechte weg",30,"Brandend","Duisternis","Droog",\N,"600224540","Spaarndamseweg","Haarlem","Haarlem","Noord-Holland",false,52.405195,4.656009,"injury","2","clear",false,1,"GM0392"
"20230103575",2023,"Letsel",3,"Fiets","Personenauto","Flank","Rotonde",50,"Niet brandend","Daglicht","Regen",\N,\N,"Abeelweg","Rotterdam","Rotterdam","Zuid-Holland",false,51.960293,4.482524,"injury","2","rain",false,1,"GM0599"
"20230085828",2023,"Uitsluitend materiele schade",2,"Personenauto","Fiets","Flank","Rotonde",50,"Niet brandend","Daglicht","Droog",\N,\N,"Proosdijerveldweg","Ede","Ede","Gelderland",false,52.040549,5.654745,"material damage only","4","clear",false,1,"GM0228"
"20230088187",2023,"Uitsluitend materiele schade",2,"Personenauto","Fiets","Flank","Kruispunt, 4 takken",30,"Brandend","Daglicht","Regen",\N,\N,"Pieter Calandlaan","Amsterdam","Amsterdam","Noord-Holland",false,52.351222,4.795579,"material damage only","4","rain",false,1,"GM0363"
"20230099481",2023,"Uitsluitend materiele schade",2,"Personenauto","Fiets","Onbekend","Rechte weg",15,"Niet brandend","Daglicht","Droog",\N,"601109252","Burg Van de Laarstraat","Bergen op Zoom","Bergen op Zoom","Noord-Brabant",false,51.491822,4.275962,"material damage only","4","clear",false,1,"GM0748"
"20230103067",2023,"Uitsluitend materiele schade",2,"Fiets","Fiets","Flank","Rechte weg",\N,"Niet brandend","Duisternis","Droog",\N,"600762051","De Clercqstraat","Amsterdam","Amsterdam","Noord-Holland",false,52.371813,4.874003,"material damage only","4","clear",false,1,"GM0363"
"20230103079",2023,"Letsel",3,"Personenauto","Fiets","Onbekend","Kruispunt, 4 takken",50,"Niet brandend","Duisternis","Droog",\N,\N,"Volendamlaan","'s-Gravenhage","'s-Gravenhage","Zuid-Holland",false,52.061856,4.261799,"injury","2","clear",false,1,"GM0518"
"20230105826",2023,"Letsel",2,"Fiets","Fiets","Flank","Rechte weg",15,"Brandend","Schemer","Regen",\N,"516341081","H.J. van Heekplein","Enschede","Enschede","Overijssel",false,52.217166,6.89841,"injury","2","rain",false,1,"GM0153"
"20230080027",2023,"Uitsluitend materiele schade",1,"Fiets",\N,"Los voorwerp","Rechte weg",\N,"Niet brandend","Daglicht","Droog",\N,"177258001","Oude Maaspad","Rhoon","Albrandswaard","Zuid-Holland",false,51.843474,4.434069,"material damage only","4","clear",false,1,"GM0613"
"20230081805",2023,"Uitsluitend materiele schade",2,"Fiets","Fiets","Flank","Rechte weg",50,"Niet aanwezig","Daglicht","Droog",\N,\N,"Genooyerweg","Venlo","Venlo","Limburg",false,51.394521,6.161188,"material damage only","4","clear",false,1,"GM0983"
"20230082399",2023,"Uitsluitend materiele schade",2,"Fiets","Fiets","Frontaal","Rechte weg",30,"Niet brandend","Daglicht","Droog",\N,"392111022","ECI","Roermond","Roermond","Limburg",false,51.189402,5.980205,"material damage only","4","clear",false,1,"GM0957"
"20230091161",2023,"Uitsluitend materiele schade",2,"Fiets","Scootmobiel","Onbekend","Kruispunt, 3 takken",50,"Niet brandend","Daglicht","Droog",\N,\N,"Roselaarplein","Roosendaal","Roosendaal","Noord-Brabant",false,51.531658,4.454059,"material damage only","4","clear",false,1,"GM1674"
"20230094098",2023,"Uitsluitend materiele schade",2,"Personenauto","Fiets","Flank","Kruispunt, 4 takken",60,"Niet brandend","Daglicht","Droog",\N,\N,"Oostwijk","Dedemsvaart","Hardenberg","Overijssel",false,52.584895,6.448879,"material damage only","4","clear",false,1,"GM0160"
"20230096982",2023,"Letsel",1,"Fiets",\N,"Eenzijdig","Rechte weg",50,"Brandend","Duisternis","Droog",\N,"600763987","Wibautstraat","Amsterdam","Amsterdam","Noord-Holland",false,52.349095,4.917292,"injury","2","clear",false,1,"GM0363"
"20230100330",2023,"Uitsluitend materiele schade",2,"Personenauto","Fiets","Onbekend","Kruispunt, 4 takken",30,"Brandend","Daglicht","Regen",\N,\N,"Willem Prinzenstraat","Helmond","Helmond","Noord-Brabant",false,51.484411,5.669892,"material damage only","4","rain",false,1,"GM0794"
"20230107056",2023,"Letsel",2,"Fiets","Personenauto","Flank","Kruispunt, 4 takken",50,"Niet brandend","Daglicht","Droog",\N,\N,"Roselo","Rotterdam","Rotterdam","Zuid-Holland",false,51.873824,4.479689,"injury","2","clear",false,1,"GM0599"
"20230085915",2023,"Letsel",2,"Personenauto","Fiets","Flank","Rotonde",50,"Niet brandend","Daglicht","Regen",\N,\N,"Jan Steenlaan","Bilthoven","De Bilt","Utrecht",false,52.131104,5.205309,"injury","2","rain",false,1,"GM0310"
"20230087035",2023,"Uitsluitend materiele schade",3,"Personenauto","Fiets","Onbekend","Kruispunt, 3 takken",50,"Niet brandend","Daglicht","Regen",\N,\N,"Achterloet","Uitgeest","Uitgeest","Noord-Holland",false,52.530837,4.714031,"material damage only","4","rain",false,1,"GM0450"
"20230090627",2023,"Uitsluitend materiele schade",2,"Personenauto","Fiets","Frontaal","Rechte weg",30,"Niet brandend","Daglicht","Droog",\N,"376083028","Heulsterstraat","Susteren","Echt-Susteren","Limburg",false,51.061617,5.861833,"material damage only","4","clear",false,1,"GM1711"
"20230097571",2023,"Letsel",2,"Personenauto","Fiets","Onbekend","Rotonde",50,"Niet brandend","Schemer",\N,\N,\N,"Hugo de Grootplein","Amsterdam","Amsterdam","Noord-Holland",false,52.374504,4.872757,"injury","2","unknown",false,1,"GM0363"
"20230081875",2023,"Letsel",3,"Fiets","Fiets","Flank","Kruispunt, 4 takken",50,"Niet brandend","Daglicht","Droog",\N,\N,"Hoenderstraat","Venray","Venray","Limburg",false,51.527459,5.970743,"injury","2","clear",false,1,"GM0984"
"20230084798",2023,"Uitsluitend materiele schade",1,"Fiets",\N,"Eenzijdig","Kruispunt, 4 takken",30,"Niet brandend","Daglicht","Droog",\N,\N,"Hendrik Jan v Opstallstr","Rijssen","Rijssen-Holten","Overijssel",false,52.302614,6.522095,"material damage only","4","clear",false,1,"GM1742"
"20230094736",2023,"Uitsluitend materiele schade",2,\N,"Fiets","Frontaal","Rechte weg",30,"Niet brandend","Daglicht","Droog",\N,"600601533","FIETSPAD","Groningen","Groningen","Groningen",false,53.202405,6.543037,"material damage only","4","clear",false,1,"GM0014"
"20230107113",2023,"Uitsluitend materiele schade",2,"Personenauto","Fiets","Flank","Rechte weg",30,"Brandend","Duisternis","Droog",\N,"600392168","Noord Voorstraat","'s-Gravendeel","Hoeksche Waard","Zuid-Holland",false,51.780171,4.617949,"material damage only","4","clear",false,1,"GM1963"
"20230084844",2023,"Letsel",2,"Fiets","Personenauto","Flank","Kruispunt, 3 takken",50,"Brandend","Duisternis","Droog",\N,\N,"De Oost","Dronten","Dronten","Flevoland",false,52.523222,5.724267,"injury","2","clear",false,1,"GM0303"
"20230090675",2023,"Uitsluitend materiele schade",3,"Personenauto","Fiets","Los voorwerp","Kruispunt, 3 takken",30,"Niet brandend","Daglicht","Droog",\N,\N,"Torenstraat","Heeswijk-Dinther","Bernheze","Noord-Brabant",false,51.64776,5.481047,"material damage only","4","clear",false,1,"GM1721"
"20230090680",2023,"Uitsluitend materiele schade",2,"Bromfiets","Fiets","Onbekend","Rechte weg",50,"Niet brandend","Daglicht","Droog",\N,"331168003","Collseweg","Nuenen","Nuenen, Gerwen en Nederwetten","Noord-Brabant",false,51.446333,5.541238,"material damage only","4","clear",false,1,"GM0820"
"20230094180",2023,"Letsel",2,"Fiets","Fiets","Onbekend","Rechte weg",80,"Niet brandend","Daglicht","Regen",\N,"487552005","Energieweg","Foxhol","Midden-Groningen","Groningen",false,53.163362,6.717186,"injury","2","rain",false,1,"GM1952"
"20230084861",2023,"Letsel",2,"Fiets","Fiets","Flank","Rechte weg",50,"Niet brandend","Daglicht","Droog",\N,"600767835","Hollandse Kade","Abcoude","De Ronde Venen","Utrecht",false,52.280047,4.97538,"injury","2","clear",false,1,"GM0736"
"20230095947",2023,"Uitsluitend materiele schade",2,"Personenauto","Fiets","Flank","Kruispunt, 3 takken",50,"Niet brandend","Daglicht","Droog",\N,\N,"Snoekstraat","Utrecht","Utrecht","Utrecht",false,52.066586,5.116573,"material damage only","4","clear",false,1,"GM0344"
"20230101458",2023,"Letsel",2,"Personenauto","Fiets","Flank","Rechte weg",50,"Niet brandend","Daglicht","Droog",\N,"166237001","Molendijk","Zuid-Beijerland","Hoeksche Waard","Zuid-Holland",false,51.75257,4.356125,"injury","2","clear",false,1,"GM1963"
"20230090135",2023,"Letsel",1,"Fiets",\N,"Eenzijdig","Rechte weg",30,"Niet brandend","Daglicht","Droog",\N,"201321052","Rijndijk","Hazerswoude-Rijndijk","Alphen aan den Rijn","Zuid-Holland",false,52.130382,4.600935,"injury","2","clear",false,1,"GM0484"
"20230098927",2023,"Letsel",2,"Personenauto","e-bike","Flank","Rotonde",50,"Niet brandend","Daglicht","Droog",\N,\N,"Molenvaart","Brunssum","Brunssum","Limburg",false,50.956893,5.979955,"injury","2","clear",false,1,"GM0899"
"20230102790",2023,"Uitsluitend materiele schade",2,"Personenauto","Fiets","Flank","Rechte weg",30,"Niet brandend","Daglicht","Droog",\N,"188325070","Burggravenlaan","Leiden","Leiden","Zuid-Holland",false,52.148323,4.500473,"material damage only","4","clear",false,1,"GM0546"
"20230081423",2023,"Letsel",2,"Personenauto","Fiets","Flank","Rechte weg",50,"Niet aanwezig","Duisternis","Droog",\N,"115280001","Amoerweg","Maasvlakte Rotterdam","Rotterdam","Zuid-Holland",false,51.93952,3.977198,"injury","2","clear",false,1,"GM0599"
"20230084367",2023,"Letsel",2,"Personenauto","Fiets","Flank","Kruispunt, 4 takken",30,"Niet brandend","Schemer","Droog",\N,\N,"Rijnkennemerlaan-Zuid","Utrecht","Utrecht","Utrecht",false,52.096549,5.056358,"injury","2","clear",false,1,"GM0344"
"20230106053",2023,"Letsel",2,"Personenauto","Fiets","Frontaal","Kruispunt, 4 takken",50,"Brandend","Duisternis","Regen",\N,\N,"Rooseveltstraat","Barneveld","Barneveld","Gelderland",false,52.132755,5.580779,"injury","2","rain",false,1,"GM0203"
"20230106432",2023,"Uitsluitend materiele schade",2,"Personenauto","Fiets","Flank","Rotonde",50,"Niet brandend","Daglicht","Droog",\N,\N,"Martin Luther Kingweg","Rotterdam","Rotterdam","Zuid-Holland",false,51.960649,4.556057,"material damage only","4","clear",false,1,"GM0599"
"20230107258",2023,"Uitsluitend materiele schade",2,"Fiets","Personenauto","Flank","Kruispunt, 3 takken",50,"Brandend","Schemer","Mist",\N,\N,"Hofwegen","Bleskensgraaf ca","Molenlanden","Zuid-Holland",false,51.870227,4.789874,"material damage only","4","fog",false,1,"GM1978"
"20230082670",2023,"Uitsluitend materiele schade",2,"Personenauto","e-bike","Flank","Rotonde",50,"Niet brandend","Daglicht","Droog",\N,\N,"Nieuwe Drulseweg","Groesbeek","Berg en Dal","Gelderland",false,51.773233,5.946985,"material damage only","4","clear",false,1,"GM1945"
"20230087283",2023,"Uitsluitend materiele schade",2,"Fiets","Personenauto","Onbekend","Rechte weg",30,"Niet brandend","Daglicht","Regen",\N,"600762031","Marnixstraat","Amsterdam","Amsterdam","Noord-Holland",false,52.367861,4.878584,"material damage only","4","rain",false,1,"GM0363"
"20230097233",2023,"Uitsluitend materiele schade",2,"Fiets","Fiets","Flank","Rechte weg",50,"Niet brandend","Daglicht","Droog",\N,"228369049","Pieter Calandlaan","Amsterdam","Amsterdam","Noord-Holland",false,52.35001,4.78858,"material damage only","4","clear",false,1,"GM0363"
"20230097823",2023,"Uitsluitend materiele schade",2,"Bestelauto","e-bike","Flank","Kruispunt, 3 takken",50,"Niet brandend","Daglicht","Droog",\N,\N,"Andalusië","Haarlem","Haarlem","Noord-Holland",false,52.35875,4.652863,"material damage only","4","clear",false,1,"GM0392"
"20230101568",2023,"Letsel",2,"Fiets","Personenauto","Onbekend","Kruispunt, 4 takken",50,"Brandend","Schemer","Regen",\N,\N,"Hoefsmidstraat","Hoogvliet Rotterdam","Rotterdam","Zuid-Holland",false,51.871363,4.372922,"injury","2","rain",false,1,"GM0599"
"20230103356",2023,"Uitsluitend materiele schade",2,"Fiets","Personenauto","Flank","Rotonde",50,"Niet brandend","Daglicht","Droog",\N,\N,"Boterdorpseweg","Bergschenhoek","Lansingerland","Zuid-Holland",false,51.987447,4.484195,"material damage only","4","clear",false,1,"GM1621"
"20230081494",2023,"Uitsluitend materiele schade",2,"Bromfiets","Fiets","Flank","Rechte weg",50,"Niet brandend","Daglicht","Droog",\N,"193278060","Prinsenlaan","Rotterdam","Rotterdam","Zuid-Holland",false,51.938902,4.54481,"material damage only","4","clear",false,1,"GM0599"
"20230085005",2023,"Uitsluitend materiele schade",2,"Personenauto","e-bike","Flank","Kruispunt, 3 takken",50,"Niet brandend","Daglicht","Regen",\N,\N,"Anjelierstraat","Almelo","Almelo","Overijssel",false,52.34628,6.661009,"material damage only","4","rain",false,1,"GM0141"
"20230086143",2023,"Letsel",2,"Bestelauto","Fiets","Eenzijdig","Rechte weg",50,"Niet brandend","Daglicht","Regen",\N,"460372002","Handelsweg","Nijverdal","Hellendoorn","Overijssel",false,52.355504,6.493044,"injury","2","rain",false,1,"GM0163"
"20230089098",2023,"Letsel",1,"Fiets",\N,"Eenzijdig","Rechte weg",30,"Niet brandend","Daglicht","Droog",\N,"171275017","Schiedamseweg","Schiedam","Schiedam","Zuid-Holland",false,51.924832,4.381898,"injury","2","clear",false,1,"GM0606"
"20230090289",2023,"Uitsluitend materiele schade",2,"Landbouwvoertuig","Fiets","Flank","Kruispunt, 4 takken",50,"Niet brandend","Daglicht","Droog",\N,\N,"Oudelandselaan","Berkel en Rodenrijs","Lansingerland","Zuid-Holland",false,51.993505,4.465741,"material damage only","4","clear",false,1,"GM1621"
"20230091518",2023,"Letsel",2,"Fiets",\N,"Eenzijdig","Rechte weg",50,"Niet brandend","Daglicht","Droog",\N,"600822542","Boerenkamplaan","Someren","Someren","Noord-Brabant",false,51.368988,5.726533,"injury","2","clear",false,1,"GM0847"
"20230080990",2023,"Uitsluitend materiele schade",2,"Personenauto","Fiets","Flank","Kruispunt, 3 takken",60,"Niet brandend","Daglicht","Droog",\N,\N,"Moerdijkse Postbaan","Etten-Leur","Etten-Leur","Noord-Brabant",false,51.585379,4.686354,"material damage only","4","clear",false,1,"GM0777"
"20230082184",2023,"Uitsluitend materiele schade",3,"Personenauto","Fiets","Onbekend","Bocht",50,"Niet brandend","Daglicht","Droog",\N,\N,"De Germaan","Oostrum","Venray","Limburg",false,51.524886,6.008236,"material damage only","4","clear",false,1,"GM0984"
"20230090936",2023,"Uitsluitend materiele schade",1,"Fiets",\N,"Onbekend","Bocht",50,"Niet brandend","Daglicht","Droog",\N,"600801890","Willemstraat","Eindhoven","Eindhoven","Noord-Brabant",false,51.438674,5.46832,"material damage only","4","clear",false,1,"GM0772"
"20230096744",2023,"Uitsluitend materiele schade",2,"Personenauto","Fiets","Flank","Kruispunt, 4 takken",30,"Niet brandend","Daglicht","Droog",\N,\N,"Bosweg","Lelystad","Lelystad","Flevoland",false,52.525413,5.461219,"material damage only","4","clear",false,1,"GM0995"
"20230079863",2023,"Uitsluitend materiele schade",3,"Fiets","Personenauto","Onbekend","Rechte weg",50,"Niet brandend","Daglicht","Droog",\N,"181277018","Statenweg","Rotterdam","Rotterdam","Zuid-Holland",false,51.93335,4.455357,"material damage only","4","clear",false,1,"GM0599"
"20230090374",2023,"Letsel",3,"Bromfiets","Fiets","Onbekend","Rechte weg",30,"Brandend","Duisternis","Regen",\N,"187327130","Stille Mare","Leiden","Leiden","Zuid-Holland",false,52.160048,4.4909,"injury","2","rain",false,1,"GM0546"
"20230086346",2023,"Letsel",2,"Personenauto","Fiets","Onbekend","Kruispunt, 4 takken",30,"Niet brandend","Daglicht","Droog","Brug/viaduct",\N,"Keizersgracht","Amsterdam","Amsterdam","Noord-Holland",false,52.363186,4.895825,"injury","2","clear",false,1,"GM0363"
"20220013122",2022,"Uitsluitend materiele schade",2,"Fiets","Personenauto","Flank","Kruispunt, 4 takken",50,"Brandend","Duisternis","Droog",\N,\N,"Amstel","Heerhugowaard","Dijk en Waard","Noord-Holland",false,52.654821,4.831766,"material damage only","4","clear",false,1,"GM1980"
"20220002175",2022,"Uitsluitend materiele schade",2,"Bus","Fiets","Flank","Kruispunt, 3 takken",30,"Brandend","Duisternis","Droog",\N,\N,"Hoendiepskade","Groningen","Groningen","Groningen",false,53.216388,6.557524,"material damage only","4","clear",false,1,"GM0014"
"20220007160",2022,"Uitsluitend materiele schade",2,"Personenauto","Fiets","Kop/staart","Rechte weg",30,"Niet brandend","Daglicht",\N,\N,"515346031","Mekkelholtsweg","Enschede","Enschede","Overijssel",false,52.235936,6.8889,"material damage only","4","unknown",false,1,"GM0153"
"20220046129",2022,"Letsel",2,"Fiets","Personenauto","Frontaal","Rotonde",50,"Niet brandend","Schemer","Droog",\N,\N,"Helmkruidlaan","Nijverdal","Hellendoorn","Overijssel",false,52.374938,6.472708,"injury","2","clear",false,1,"GM0163"
"20220056157",2022,"Letsel",3,"Personenauto","Fiets","Onbekend","Kruispunt, 3 takken",50,"Niet brandend","Daglicht","Droog",\N,\N,"Monsterseweg","'s-Gravenhage","'s-Gravenhage","Zuid-Holland",false,52.050728,4.22552,"injury","2","clear",false,1,"GM0518"
"20220117679",2022,"Uitsluitend materiele schade",2,"Snorfiets","Fiets","Flank","Kruispunt, 4 takken",30,"Niet brandend","Daglicht","Droog",\N,\N,"Korenweg","Heerde","Heerde","Gelderland",false,52.394374,6.041168,"material damage only","4","clear",false,1,"GM0246"
"20220118823",2022,"Uitsluitend materiele schade",1,"Fiets",\N,"Onbekend","Rechte weg",\N,"Niet brandend","Daglicht","Droog",\N,\N,"Kolthofsingel","Almelo","Almelo","Overijssel",false,52.367137,6.666325,"material damage only","4","clear",false,1,"GM0141"
"20220120905",2022,"Uitsluitend materiele schade",2,"Personenauto","Fiets","Los voorwerp","Kruispunt, 4 takken",30,"Niet brandend","Daglicht","Droog",\N,\N,"Churchilllaan","Utrecht","Utrecht","Utrecht",false,52.072891,5.092601,"material damage only","4","clear",false,1,"GM0344"
"20220114971",2022,"Letsel",3,"Personenauto","Fiets","Onbekend","Kruispunt, 4 takken",50,"Niet brandend","Duisternis","Droog",\N,\N,"Grote Kerkstraat","Hoogeveen","Hoogeveen","Drenthe",false,52.726049,6.482248,"injury","2","clear",false,1,"GM0118"
"20220084714",2022,"Uitsluitend materiele schade",2,"Snorfiets","Fiets","Onbekend","Rechte weg",50,"Niet brandend","Daglicht","Droog",\N,"177273146","Schiedamseweg Beneden","Rotterdam","Rotterdam","Zuid-Holland",false,51.914006,4.42382,"material damage only","4","clear",false,1,"GM0599"
"20220089863",2022,"Uitsluitend materiele schade",2,"Snorfiets","Fiets","Flank","Kruispunt, 3 takken",30,"Brandend","Duisternis","Droog",\N,\N,"Hooge Steenweg","'s-Hertogenbosch","'s-Hertogenbosch","Noord-Brabant",false,51.690468,5.301524,"material damage only","4","clear",false,1,"GM0796"
"20220090387",2022,"Uitsluitend materiele schade",2,"Personenauto","e-bike","Onbekend","Kruispunt, 4 takken",50,"Niet brandend","Daglicht","Regen",\N,\N,"Pastoorskuilenweg","Hoensbroek","Heerlen","Limburg",false,50.925365,5.922751,"material damage only","4","rain",false,1,"GM0917"
"20220033631",2022,"Uitsluitend materiele schade",2,"Personenauto","Fiets","Flank","Kruispunt, 4 takken",50,"Niet brandend","Daglicht","Droog",\N,\N,"Laan van Maten","Apeldoorn","Apeldoorn","Gelderland",false,52.197589,5.990825,"material damage only","4","clear",false,1,"GM0200"
"20220066748",2022,"Uitsluitend materiele schade",2,"Personenauto","Fiets","Frontaal","Kruispunt, 4 takken",50,\N,"Schemer",\N,\N,\N,"Kanaaldijk-Noord","Eindhoven","Eindhoven","Noord-Brabant",false,51.435161,5.503597,"material damage only","4","unknown",false,1,"GM0772"
"20220037438",2022,"Uitsluitend materiele schade",2,"Personenauto","Fiets","Flank","Kruispunt, 4 takken",50,"Niet brandend","Daglicht","Droog",\N,\N,"Boezembocht","Rotterdam","Rotterdam","Zuid-Holland",false,51.941238,4.493403,"material damage only","4","clear",false,1,"GM0599"
"20220050599",2022,"Letsel",2,"e-bike","Fiets","Onbekend","Rechte weg",50,"Niet brandend","Daglicht","Droog",\N,"267313026","Vleutenseweg","Utrecht","Utrecht","Utrecht",false,52.097722,5.076815,"injury","2","clear",false,1,"GM0344"
"20220063445",2022,"Letsel",2,"Bromfiets","e-bike","Onbekend","Kruispunt, 3 takken",\N,"Niet aanwezig","Daglicht","Droog",\N,\N,"Mauritsweg","Ridderkerk","Ridderkerk","Zuid-Holland",false,51.855922,4.594574,"injury","2","clear",false,1,"GM0597"
"20220082713",2022,"Letsel",2,"Personenauto","e-bike","Flank","Rotonde",50,"Niet brandend","Daglicht","Droog",\N,\N,"Landlustweg","Alphen aan den Rijn","Alphen aan den Rijn","Zuid-Holland",false,52.13947,4.629189,"injury","2","clear",false,1,"GM0484"
"20220016670",2022,"Uitsluitend materiele schade",2,"Personenauto","Fiets","Onbekend","Kruispunt, 4 takken",50,"Brandend","Duisternis",\N,\N,\N,"Slotermeerlaan","Amsterdam","Amsterdam","Noord-Holland",false,52.379465,4.820618,"material damage only","4","unknown",false,1,"GM0363"
"20220082789",2022,"Letsel",1,"Fiets",\N,"Eenzijdig","Rechte weg",30,"Niet brandend","Daglicht","Droog",\N,"600373406","Jozef Israëlslaan","Rijswijk","Rijswijk","Zuid-Holland",false,52.050698,4.3337,"injury","2","clear",false,1,\N
"20220082836",2022,"Letsel",2,"Personenauto","Fiets","Flank","Kruispunt, 4 takken",50,"Niet brandend","Daglicht","Droog",\N,\N,"Okkernootstraat","'s-Gravenhage","'s-Gravenhage","Zuid-Holland",false,52.063493,4.257245,"injury","2","clear",false,1,"GM0518"
"20220091195",2022,"Letsel",2,"Bestelauto","Fiets","Flank","Rotonde",50,"Niet brandend","Daglicht","Droog",\N,\N,"Nobellaan","Maastricht","Maastricht","Limburg",false,50.85535,5.666018,"injury","2","clear",false,1,"GM0935"
"20220020107",2022,"Letsel",2,"Personenauto","Fiets","Flank","Kruispunt, 3 takken",30,"Niet brandend","Daglicht","Droog",\N,\N,"Hannie Schaftsingel","Pijnacker","Pijnacker-Nootdorp","Zuid-Holland",false,52.013065,4.447315,"injury","2","clear",false,1,"GM1926"
"20220035647",2022,"Letsel",2,"Personenauto","Fiets","Flank","Kruispunt, 4 takken",50,"Brandend","Duisternis","Droog",\N,\N,"Wognumsebuurt","Alkmaar","Alkmaar","Noord-Holland",false,52.637679,4.733939,"injury","2","clear",false,1,"GM0361"
"20220077932",2022,"Letsel",2,"Fiets",\N,"Eenzijdig","Rechte weg",30,"Niet brandend","Daglicht","Droog",\N,"316293065","Boerenbuurt","Leersum","Utrechtse Heuvelrug","Utrecht",false,52.00776,5.436937,"injury","2","clear",false,1,"GM1581"
"20220078451",2022,"Uitsluitend materiele schade",2,"Bestelauto","Fiets","Flank","Kruispunt, 4 takken",50,"Niet brandend","Daglicht","Droog",\N,\N,"Geestweg","Zuid-Scharwoude","Dijk en Waard","Noord-Holland",false,52.690575,4.803126,"material damage only","4","clear",false,1,"GM1980"
"20220111719",2022,"Uitsluitend materiele schade",2,"Personenauto","e-bike","Frontaal","Rotonde",50,"Niet brandend","Daglicht","Regen",\N,\N,"Wolbergstraat","Valkenswaard","Valkenswaard","Noord-Brabant",false,51.348034,5.466,"material damage only","4","rain",false,1,"GM0858"
"20220020199",2022,"Letsel",3,"Personenauto","Fiets","Onbekend","Kruispunt, 4 takken",30,"Niet brandend","Daglicht","Droog",\N,\N,"Hugo de Vrieslaan","Gouda","Gouda","Zuid-Holland",false,52.030866,4.69745,"injury","2","clear",false,1,"GM0513"
"20220091390",2022,"Uitsluitend materiele schade",2,"Fiets","Overig wegmeubilair","Vast voorwerp","Rotonde",50,"Niet brandend","Schemer","Droog",\N,\N,"Scholtis Coopmansstraat","Venlo","Venlo","Limburg",false,51.37152,6.146456,"material damage only","4","clear",false,1,"GM0983"
"20220017433",2022,"Uitsluitend materiele schade",2,"e-bike","e-bike","Kop/staart","Kruispunt, 4 takken",\N,"Niet brandend","Daglicht","Droog",\N,\N,"Hengelolaan","'s-Gravenhage","'s-Gravenhage","Zuid-Holland",false,52.052617,4.27863,"material damage only","4","clear",false,1,"GM0518"
"20220020273",2022,"Letsel",2,"Personenauto","e-bike","Flank","Kruispunt, 3 takken",50,"Brandend","Duisternis","Droog",\N,\N,"Moerweg","'s-Gravenhage","'s-Gravenhage","Zuid-Holland",false,52.052614,4.297665,"injury","2","clear",false,1,"GM0518"
"20220023101",2022,"Uitsluitend materiele schade",2,"Personenauto","Fiets","Flank","Bocht",50,"Niet brandend","Duisternis","Droog",\N,"212248025","Krommedijk","Dordrecht","Dordrecht","Zuid-Holland",false,51.805061,4.681136,"material damage only","4","clear",false,1,"GM0505"
"20220035940",2022,"Uitsluitend materiele schade",2,"Bestelauto","Fiets","Onbekend","Kruispunt, 4 takken",50,"Brandend","Duisternis","Droog",\N,\N,"Bilderdijkstraat","Amsterdam","Amsterdam","Noord-Holland",false,52.366175,4.87286,"material damage only","4","clear",false,1,"GM0363"
"20220049672",2022,"Uitsluitend materiele schade",2,"Personenauto","Fiets","Flank","Rechte weg",50,"Brandend","Daglicht","Droog",\N,"600793373","Amsterdamseweg","Amersfoort","Amersfoort","Utrecht",false,52.163284,5.367868,"material damage only","4","clear",false,1,"GM0307"
"20220058455",2022,"Letsel",2,"Fiets","Lichtmast","Vast voorwerp","Rechte weg",50,"Niet brandend","Daglicht","Droog",\N,"600737026","Noordelijke Dwarsweg","Zevenhuizen","Zuidplas","Zuid-Holland",false,52.012947,4.589809,"injury","2","clear",false,1,"GM1892"
"20220079448",2022,"Uitsluitend materiele schade",2,"Personenauto","Fiets","Flank","Kruispunt, 3 takken",50,"Niet brandend","Daglicht","Droog",\N,\N,"Koedijkerstraat","Alkmaar","Alkmaar","Noord-Holland",false,52.639944,4.758056,"material damage only","4","clear",false,1,"GM0361"
"20220080135",2022,"Letsel",2,"Personenauto","Fiets","Flank","Rotonde",50,"Niet brandend","Daglicht","Droog",\N,\N,"Vrouwenlaan","Alkmaar","Alkmaar","Noord-Holland",false,52.63484,4.739348,"injury","2","clear",false,1,"GM0361"
"20220081138",2022,"Uitsluitend materiele schade",2,"Personenauto","Fiets","Onbekend","Kruispunt, 4 takken",50,"Niet brandend","Daglicht","Droog",\N,\N,"Erasmusgracht","Amsterdam","Amsterdam","Noord-Holland",false,52.37523,4.847356,"material damage only","4","clear",false,1,"GM0363"