"accident_id","year","severity_raw","party_count","party1_type","party2_type","accident_type","road_situation","speed_limit_kmh","road_lighting","light_condition_label","weather_raw","infra_type","road_segment_id","street_name","place_name","gemeente_name_raw","province","alcohol_indicated","latitude","longitude","severity_label","severity_code","weather_label","built_up_area","cyclists_involved","gemeente_code"
"20220091443",2022,"Letsel",2,"Personenauto","Fiets","Flank","Kruispunt, 3 takken",30,"Niet brandend","Daglicht","Droog",\N,\N,"Rozenstraat","Schinveld","Beekdaelen","Limburg",false,50.965956,5.987848,"injury","2","clear",false,1,"GM1954"
"20220104835",2022,"Uitsluitend materiele schade",2,"Bromfiets","Fiets","Onbekend","Rechte weg",\N,"Niet brandend","Daglicht","Regen",\N,"600590766","Laan van Meerdervoort","'s-Gravenhage","'s-Gravenhage","Zuid-Holland",false,52.071934,4.257761,"material damage only","4","rain",false,1,"GM0518"
"20220104997",2022,"Uitsluitend materiele schade",2,"Personenauto","e-bike","Kop/staart","Rechte weg",50,"Niet brandend","Daglicht","Droog","Bus-/Tramhalte",\N,"Vrijheidslaan","Leiden","Leiden","Zuid-Holland",false,52.147981,4.4812,"material damage only","4","clear",false,1,"GM0546"
"20220105058",2022,"Letsel",2,"Fiets","Fiets","Flank","Rechte weg",50,"Niet brandend","Daglicht","Droog",\N,"600723585","Deijlerweg","Wassenaar","Wassenaar","Zuid-Holland",false,52.141555,4.410448,"injury","2","clear",false,1,"GM0629"
"20220105101",2022,"Uitsluitend materiele schade",2,"Personenauto","Fiets","Frontaal","Kruispunt, 4 takken",50,"Niet brandend","Daglicht","Droog",\N,\N,"Prins Hendrikstraat","'s-Gravenhage","'s-Gravenhage","Zuid-Holland",false,52.080408,4.289853,"material damage only","4","clear",false,1,"GM0518"
"20220043425",2022,"Uitsluitend materiele schade",2,"Fiets","Personenauto","Flank","Kruispunt, 4 takken",30,"Niet brandend","Daglicht","Droog",\N,\N,"Brugstraat","Raalte","Raalte","Overijssel",false,52.384237,6.275447,"material damage only","4","clear",false,1,"GM0177"
"20220080186",2022,"Uitsluitend materiele schade",2,"Bromfiets","Fiets","Flank","Rechte weg",50,"Niet brandend","Daglicht","Droog",\N,"600775141","Dorpsstraat","Zwaag","Hoorn","Noord-Holland",false,52.670949,5.082743,"material damage only","4","clear",false,1,"GM0405"
"20220105466",2022,"Uitsluitend materiele schade",2,"Fiets","Bromfiets","Flank","Kruispunt, 4 takken",\N,"Niet brandend","Daglicht","Droog",\N,\N,"Laan van Leidschenveen","'s-Gravenhage","'s-Gravenhage","Zuid-Holland",false,52.054987,4.388636,"material damage only","4","clear",false,1,"GM0518"
"20220058612",2022,"Letsel",2,"Fiets","Fiets","Flank","Rechte weg",50,"Niet brandend","Daglicht","Droog",\N,"600386778","Herenstraat","Wateringen","Westland","Zuid-Holland",false,52.023902,4.275906,"injury","2","clear",false,1,"GM1783"
"20220067491",2022,"Letsel",2,"Fiets","Bromfiets","Onbekend","Rechte weg",30,"Niet brandend","Daglicht","Droog",\N,"600918931","Botenlaan","Eindhoven","Eindhoven","Noord-Brabant",false,51.437878,5.451324,"injury","2","clear",false,1,"GM0772"
"20220088280",2022,"Uitsluitend materiele schade",2,"Snorfiets","Fiets","Frontaal","Kruispunt, 4 takken",50,"Brandend","Schemer","Droog",\N,\N,"FIETSPAD","Breda","Breda","Noord-Brabant",false,51.601166,4.778696,"material damage only","4","clear",false,1,"GM0758"
"20220030257",2022,"Uitsluitend materiele schade",2,"Personenauto","Fiets","Onbekend","Rotonde",50,"Niet brandend","Daglicht","Droog",\N,\N,"Boxhoverweg","Belfeld","Venlo","Limburg",false,51.320067,6.130561,"material damage only","4","clear",false,1,"GM0983"
"20220057266",2022,"Letsel",2,"Personenauto","Fiets","Onbekend","Rotonde",50,"Niet brandend","Schemer","Droog",\N,\N,"Valkenboslaan","'s-Gravenhage","'s-Gravenhage","Zuid-Holland",false,52.072327,4.275506,"injury","2","clear",false,1,"GM0518"
"20220058641",2022,"Uitsluitend materiele schade",2,"Personenauto","Fiets","Flank","Kruispunt, 4 takken",30,"Niet brandend","Daglicht","Droog",\N,\N,"Lange Voorhout","'s-Gravenhage","'s-Gravenhage","Zuid-Holland",false,52.082168,4.314624,"material damage only","4","clear",false,1,"GM0518"
"20220059792",2022,"Letsel",1,"Fiets",\N,"Eenzijdig","Rechte weg",50,"Niet brandend","Daglicht",\N,\N,"600739150","Geestweg","Roelofarendsveen","Kaag en Braassem","Zuid-Holland",false,52.186564,4.612875,"injury","2","unknown",false,1,"GM1884"
"20220067540",2022,"Uitsluitend materiele schade",2,"Bromfiets","Fiets","Flank","Rechte weg",\N,"Niet brandend","Daglicht","Droog",\N,"600918349","Elshoutseweg","Oudheusden","Heusden","Noord-Brabant",false,51.7196,5.135276,"material damage only","4","clear",false,1,"GM0797"
"20220084161",2022,"Uitsluitend materiele schade",2,"e-bike","Fiets","Frontaal","Rechte weg",30,"Niet brandend","Daglicht","Droog",\N,"600488464","Langegracht","Leiden","Leiden","Zuid-Holland",false,52.162893,4.498448,"material damage only","4","clear",false,1,"GM0546"
"20220108836",2022,"Letsel",2,"Fiets","Fiets","Onbekend","Rechte weg",30,"Brandend","Duisternis","Droog",\N,"215202048","Vianendreef","Prinsenbeek","Breda","Noord-Brabant",false,51.5976,4.70522,"injury","2","clear",false,1,"GM0758"
"20220095701",2022,"Uitsluitend materiele schade",2,"Personenauto","Fiets","Flank","Kruispunt, 3 takken",60,"Niet brandend","Daglicht","Droog",\N,\N,"Westerbouwing","Oosterbeek","Renkum","Gelderland",false,51.976649,5.82293,"material damage only","4","clear",false,1,"GM0274"
"20220096098",2022,"Uitsluitend materiele schade",2,"Personenauto","Fiets","Flank","Kruispunt, 4 takken",60,"Niet brandend","Daglicht","Droog",\N,\N,"Ebbinge Wubbenlaan","Staphorst","Staphorst","Overijssel",false,52.655601,6.201756,"material damage only","4","clear",false,1,"GM0180"
"20220097347",2022,"Letsel",2,"Personenauto","Fiets","Flank","Rotonde",50,"Niet brandend","Daglicht","Droog",\N,\N,"Stationsstraat","Ermelo","Ermelo","Gelderland",false,52.300856,5.631552,"injury","2","clear",false,1,"GM0233"
"20220100142",2022,"Uitsluitend materiele schade",1,"Fiets",\N,"Eenzijdig","Rechte weg",50,"Brandend","Duisternis","Droog",\N,"600158025","Communicatieweg","Heemskerk","Heemskerk","Noord-Holland",false,52.507583,4.694026,"material damage only","4","clear",false,1,"GM0396"
"20220014527",2022,"Letsel",2,"Personenauto","Fiets","Los voorwerp","Rotonde",50,"Brandend","Duisternis","Droog",\N,\N,"Briandlaan","Haarlem","Haarlem","Noord-Holland",false,52.357594,4.657225,"injury","2","clear",false,1,"GM0392"
"20220034537",2022,"Uitsluitend materiele schade",2,"Personenauto","Fiets","Flank","Kruispunt, 3 takken",50,"Niet brandend","Daglicht","Droog",\N,\N,"Hofstede","Veenendaal","Veenendaal","Utrecht",false,52.036706,5.572184,"material damage only","4","clear",false,1,"GM0345"
"20220059858",2022,"Letsel",2,"Personenauto","Fiets","Flank","Kruispunt, 4 takken",50,"Niet brandend","Daglicht","Droog",\N,\N,"Laan van Meerdervoort","'s-Gravenhage","'s-Gravenhage","Zuid-Holland",false,52.075754,4.268684,"injury","2","clear",false,1,"GM0518"
"20220099880",2022,"Uitsluitend materiele schade",3,"Fiets","Fiets","Onbekend","Rechte weg",50,"Niet brandend","Daglicht","Droog",\N,"290352079","Huizerweg","Blaricum","Blaricum","Noord-Holland",false,52.275,5.241485,"material damage only","4","clear",false,1,"GM0376"
"20220100659",2022,"Letsel",3,"Fiets",\N,"Eenzijdig","Rechte weg",60,"Niet brandend","Daglicht","Droog",\N,"233412011","Starnmeerdijk","Starnmeer","Alkmaar","Noord-Holland",false,52.542866,4.823277,"injury","2","clear",false,1,"GM0361"
"20220101753",2022,"Uitsluitend materiele schade",1,"Fiets",\N,"Flank","Rotonde",50,"Niet brandend","Daglicht",\N,\N,\N,"Berkhouterweg","Hoorn","Hoorn","Noord-Holland",false,52.643272,5.031021,"material damage only","4","unknown",false,1,"GM0405"
"20220101800",2022,"Uitsluitend materiele schade",2,"Personenauto","Fiets","Flank","Bocht",50,"Niet brandend","Daglicht","Droog",\N,"210398154","Halve Maan","Beverwijk","Beverwijk","Noord-Holland",false,52.47827,4.653955,"material damage only","4","clear",false,1,"GM0375"
"20220026331",2022,"Uitsluitend materiele schade",2,"Bestelauto","Fiets","Onbekend",\N,50,\N,"Daglicht",\N,\N,"265189079","Goirleseweg","Tilburg","Tilburg","Noord-Brabant",false,51.542155,5.064474,"material damage only","4","unknown",false,1,"GM0855"
"20220044003",2022,"Letsel",2,"Bestelauto","Fiets","Flank","Kruispunt, 3 takken",50,"Niet brandend","Daglicht","Droog",\N,\N,"Floraparkstraat","Enschede","Enschede","Overijssel",false,52.227757,6.908808,"injury","2","clear",false,1,"GM0153"
"20220059881",2022,"Letsel",1,"Fiets",\N,"Eenzijdig","Rechte weg",50,\N,"Daglicht","Droog",\N,"166312002","Theresiastraat","'s-Gravenhage","'s-Gravenhage","Zuid-Holland",false,52.088736,4.34253,"injury","2","clear",false,1,"GM0518"
"20220072607",2022,"Uitsluitend materiele schade",2,"Personenauto","Fiets","Onbekend","Rechte weg",30,"Niet brandend","Daglicht","Droog",\N,"381416090","Meeuwenweg","Kampen","Kampen","Overijssel",false,52.558904,5.912084,"material damage only","4","clear",false,1,"GM0166"
"20220088471",2022,"Letsel",2,"Personenauto","Fiets","Onbekend","Rechte weg",30,"Niet brandend","Daglicht","Droog",\N,"123129022","Hoofdstraat","Sint Jansteen","Hulst","Zeeland",false,51.262113,4.051993,"injury","2","clear",false,1,"GM0677"
"20220088510",2022,"Uitsluitend materiele schade",2,"Personenauto","Fiets","Flank","Kruispunt, 4 takken",50,"Niet brandend","Daglicht","Droog",\N,\N,"Beethovenlaan","Waalwijk","Waalwijk","Noord-Brabant",false,51.678738,5.065314,"material damage only","4","clear",false,1,"GM0867"
"20220097466",2022,"Uitsluitend materiele schade",2,"Personenauto","Fiets","Flank","Rechte weg",60,"Niet brandend","Daglicht","Droog",\N,"600498175","Rechterensedijk","Dalfsen","Dalfsen","Overijssel",false,52.496643,6.289209,"material damage only","4","clear",false,1,"GM0148"
"20220102163",2022,"Uitsluitend materiele schade",2,"Personenauto","Fiets","Flank","Rotonde",50,"Niet brandend","Daglicht","Droog",\N,\N,"FIETSPAD","Amstelveen","Aalsmeer","Noord-Holland",false,52.292759,4.821847,"material damage only","4","clear",false,1,"GM0358"
"20220102845",2022,"Uitsluitend materiele schade",2,"Bromfiets","Fiets","Flank","Kruispunt, 3 takken",30,"Niet brandend","Daglicht",\N,\N,\N,"Vechtstraat","Amsterdam","Amsterdam","Noord-Holland",false,52.348992,4.905237,"material damage only","4","unknown",false,1,"GM0363"
"20220103193",2022,"Uitsluitend materiele schade",2,"Fiets","Bestelauto","Onbekend","Kruispunt, 4 takken",30,"Niet brandend","Daglicht","Droog",\N,\N,"Rozenburglaan","Amsterdam","Amsterdam","Noord-Holland",false,52.338932,4.938041,"material damage only","4","clear",false,1,"GM0363"
"20220106200",2022,"Letsel",2,"Fiets","e-bike","Flank","Rechte weg",30,"Niet brandend","Daglicht",\N,\N,"167291031","Aart van der Leeuwlaan","Delft","Delft","Zuid-Holland",false,51.995886,4.350527,"injury","2","unknown",false,1,"GM0503"
"20220023892",2022,"Uitsluitend materiele schade",2,"Personenauto","Fiets","Flank","Kruispunt, 4 takken",50,"Niet brandend","Daglicht","Droog",\N,\N,"Admiraal de Ruyterweg","Rotterdam","Rotterdam","Zuid-Holland",false,51.927822,4.48837,"material damage only","4","clear",false,1,"GM0599"
"20220042347",2022,"Letsel",2,"Personenauto","Fiets","Flank","Kruispunt, 3 takken",50,"Brandend","Duisternis","Droog",\N,\N,"Stationsweg","Groningen","Groningen","Groningen",false,53.211829,6.56346,"injury","2","clear",false,1,"GM0014"
"20220048652",2022,"Uitsluitend materiele schade",1,"Fiets",\N,"Voetganger","Rechte weg",\N,"Brandend","Duisternis","Droog","Bus-/Tramhalte","601006210","Potterstraat","Utrecht","Utrecht","Utrecht",false,52.0935,5.117699,"material damage only","4","clear",false,1,"GM0344"
"20220050276",2022,"Letsel",2,"Personenauto","Fiets","Flank","Kruispunt, 4 takken",50,"Niet brandend","Daglicht","Droog",\N,\N,"Televisiebaan","IJsselstein","IJsselstein","Utrecht",false,52.025586,5.0532,"injury","2","clear",false,1,"GM0353"
"20220053371",2022,"Letsel",2,"Snorfiets","Fiets","Flank","Rechte weg",30,"Niet brandend","Daglicht","Droog",\N,"206377080","Zijlweg","Haarlem","Haarlem","Noord-Holland",false,52.385415,4.623831,"injury","2","clear",false,1,"GM0392"
"20220060123",2022,"Letsel",2,"e-bike","Overig vast object","Vast voorwerp","Rechte weg",50,"Brandend","Duisternis","Droog",\N,"600747206","Koningin Wilhelminaweg","Gouda","Gouda","Zuid-Holland",false,52.007619,4.695007,"injury","2","clear",false,1,"GM0513"
"20220101657",2022,"Letsel",2,"Personenauto","e-bike","Flank","Kruispunt, 3 takken",50,"Niet brandend","Daglicht","Droog",\N,\N,"Westerwerf","Uitgeest","Uitgeest","Noord-Holland",false,52.539573,4.7167,"injury","2","clear",false,1,"GM0450"
"20220101955",2022,"Uitsluitend materiele schade",1,"Fiets",\N,"Onbekend","Bocht",30,"Niet brandend","Daglicht","Droog",\N,"291447022","De Bouw","Bovenkarspel","Stede Broec","Noord-Holland",false,52.700373,5.249514,"material damage only","4","clear",false,1,"GM0532"
"20220101977",2022,"Letsel",2,"Personenauto","e-bike","Onbekend",\N,30,\N,"Daglicht",\N,\N,"227438007","Benedenweg","Sint Pancras","Dijk en Waard","Noord-Holland",false,52.658368,4.780036,"injury","2","unknown",false,1,"GM1980"
"20220073080",2022,"Uitsluitend materiele schade",3,"Personenauto","Fiets","Onbekend","Rotonde",50,"Niet brandend","Daglicht","Droog",\N,\N,"Mooksebaan","Groesbeek","Berg en Dal","Gelderland",false,51.773596,5.932852,"material damage only","4","clear",false,1,"GM1945"
"20220109434",2022,"Uitsluitend materiele schade",2,"Personenauto","Fiets","Flank","Rotonde",50,"Niet brandend","Daglicht","Droog",\N,\N,"Polderstraat","Terheijden","Drimmelen","Noord-Brabant",false,51.640633,4.754868,"material damage only","4","clear",false,1,"GM1719"
"20220088954",2022,"Letsel",2,"Personenauto","e-bike","Flank","Kruispunt, 4 takken",80,"Brandend","Duisternis","Droog",\N,\N,"Bakelseweg","Deurne","Deurne","Noord-Brabant",false,51.468611,5.785521,"injury","2","clear",false,1,"GM0762"
"20220111238",2022,"Letsel",1,"Fiets",\N,"Eenzijdig","Rechte weg",\N,"Niet brandend","Daglicht","Droog",\N,"600790182","Durendael","'s-Hertogenbosch","'s-Hertogenbosch","Noord-Brabant",false,51.725202,5.307596,"injury","2","clear",false,1,"GM0796"
"20220024189",2022,"Letsel",1,"Fiets",\N,"Eenzijdig","Rechte weg",\N,"Niet brandend","Duisternis","Droog",\N,"600643380","Oldegaarde","Rotterdam","Rotterdam","Zuid-Holland",false,51.877702,4.478993,"injury","2","clear",false,1,"GM0599"
"20220037166",2022,"Uitsluitend materiele schade",2,"Personenauto","e-bike","Flank","Kruispunt, 3 takken",50,"Brandend","Duisternis","Droog",\N,\N,"Leeghwaterplein","'s-Gravenhage","'s-Gravenhage","Zuid-Holland",false,52.06752,4.320185,"material damage only","4","clear",false,1,"GM0518"
"20220053601",2022,"Letsel",1,"Fiets",\N,"Eenzijdig",\N,30,\N,"Duisternis",\N,\N,"234416005","Dorpsstraat","Graft","Alkmaar","Noord-Holland",false,52.560792,4.834265,"injury","2","unknown",false,1,"GM0361"
"20230002194",2023,"Letsel",2,"Personenauto","Fiets","Flank","Kruispunt, 3 takken",50,"Niet brandend","Daglicht","Regen",\N,\N,"Koggelaan","Zwolle","Zwolle","Overijssel",false,52.503183,6.084939,"injury","2","rain",false,1,"GM0193"
"20230000676",2023,"Letsel",2,"Fiets","Fiets","Eenzijdig","Rechte weg",60,"Niet brandend","Daglicht","Droog",\N,"484372041","Gravenallee","Almelo","Almelo","Overijssel",false,52.359041,6.670351,"injury","2","clear",false,1,"GM0141"
"20230011234",2023,"Uitsluitend materiele schade",2,"Bestelauto","Fiets","Frontaal","Rotonde",50,\N,"Schemer","Droog",\N,\N,"Oostweg","Enschede","Enschede","Overijssel",false,52.214034,6.938818,"material damage only","4","clear",false,1,"GM0153"
"20230045213",2023,"Uitsluitend materiele schade",2,"Fiets","Fiets","Onbekend",\N,50,\N,"Daglicht",\N,\N,"503354028","Deurningerstraat","Hengelo","Hengelo (O)","Overijssel",false,52.275879,6.803361,"material damage only","4","unknown",false,1,\N
"20230000719",2023,"Letsel",2,"Personenauto","Fiets","Flank","Kruispunt, 4 takken",50,"Brandend","Duisternis","Droog",\N,\N,"BOTERINGEBRUG","Groningen","Groningen","Groningen",true,53.221475,6.562599,"injury","2","clear",false,1,"GM0014"
"20230001443",2023,"Uitsluitend materiele schade",2,"Personenauto","Fiets","Frontaal","Kruispunt, 4 takken",50,"Niet brandend","Daglicht","Droog",\N,\N,"Valeriusstraat","Leeuwarden","Leeuwarden","Friesland",false,53.206352,5.776457,"material damage only","4","clear",false,1,"GM0080"
"20230011821",2023,"Uitsluitend materiele schade",2,"Fiets",\N,"Onbekend","Kruispunt, 4 takken",50,"Niet brandend","Daglicht","Droog",\N,\N,"Wesselerbrinklaan","Enschede","Enschede","Overijssel",false,52.195273,6.87836,"material damage only","4","clear",false,1,"GM0153"
"20230084513",2023,"Uitsluitend materiele schade",1,"Fiets",\N,"Onbekend",\N,30,\N,"Duisternis",\N,\N,"600384352","Lange Jufferstraat","Utrecht","Utrecht","Utrecht",false,52.093451,5.125482,"material damage only","4","unknown",false,1,"GM0344"
"20230008935",2023,"Uitsluitend materiele schade",2,"Personenauto","Fiets","Onbekend","Kruispunt, 4 takken",50,"Niet brandend","Daglicht","Droog",\N,\N,"Muzenlaan","Eindhoven","Eindhoven","Noord-Brabant",false,51.460787,5.488228,"material damage only","4","clear",false,1,"GM0772"
"20230009037",2023,"Uitsluitend materiele schade",3,"Personenauto","Fiets","Onbekend","Kruispunt, 3 takken",30,"Niet brandend","Daglicht","Droog",\N,\N,"Dr. Ariënsstraat","Budel","Cranendonck","Noord-Brabant",false,51.264847,5.569619,"material damage only","4","clear",false,1,"GM1706"
"20230003616",2023,"Letsel",2,"Fiets","Bestelauto","Eenzijdig","Rechte weg",30,"Niet brandend","Daglicht","Droog",\N,"263348032","Lijsterlaan","Nederhorst den Berg","Wijdemeren","Noord-Holland",false,52.254898,5.045352,"injury","2","clear",false,1,"GM1696"
"20230003780",2023,"Letsel",2,"Fiets","Fiets","Onbekend","Rechte weg",30,"Brandend","Duisternis","Regen",\N,"290311025","Steynlaan","Zeist","Zeist","Utrecht",false,52.091004,5.243983,"injury","2","rain",false,1,"GM0355"
"20230004159",2023,"Uitsluitend materiele schade",2,"Personenauto","Fiets","Frontaal","Rotonde",50,"Niet brandend","Schemer","Droog",\N,\N,"Dorpsstraat","Aalsmeer","Aalsmeer","Noord-Holland",false,52.271822,4.751719,"material damage only","4","clear",false,1,"GM0358"
"20230003621",2023,"Uitsluitend materiele schade",2,"Bromfiets","Fiets","Flank","Kruispunt, 4 takken",50,"Brandend","Schemer","Droog","Tunnel",\N,"Alkmaargracht","Almere","Almere","Flevoland",false,52.366504,5.206722,"material damage only","4","clear",false,1,"GM0034"
"20230003829",2023,"Uitsluitend materiele schade",2,"Personenauto","Fiets","Flank","Kruispunt, 3 takken",50,"Brandend","Duisternis","Droog",\N,\N,"Asterstraat","Utrecht","Utrecht","Utrecht",false,52.100501,5.100198,"material damage only","4","clear",false,1,"GM0344"
"20230004581",2023,"Uitsluitend materiele schade",2,"Bromfiets","Fiets","Flank","Rechte weg",\N,"Niet brandend","Daglicht","Regen","Bus-/Tramhalte","212373003","Schipholweg","Vijfhuizen","Haarlemmermeer","Noord-Holland",false,52.368425,4.673856,"material damage only","4","rain",false,1,"GM0394"
"20230000020",2023,"Uitsluitend materiele schade",2,"Snorfiets","Fiets","Flank","Kruispunt, 3 takken",50,"Niet brandend","Daglicht","Droog",\N,\N,"Deltalaan","Deventer","Deventer","Overijssel",false,52.256585,6.181153,"material damage only","4","clear",false,1,"GM0150"
"20230076982",2023,"Letsel",1,"Fiets",\N,"Eenzijdig",\N,50,\N,"Daglicht",\N,\N,"600890751","Monseigneur van Steelaan","Voorburg","Leidschendam-Voorburg","Zuid-Holland",false,52.089056,4.377171,"injury","2","unknown",false,1,"GM1916"
"20230077087",2023,"Letsel",1,"Fiets",\N,"Eenzijdig",\N,\N,\N,"Daglicht",\N,\N,\N,"Verlengde Kerkeboslaan","Wassenaar","Wassenaar","Zuid-Holland",false,52.110743,4.366551,"injury","2","unknown",false,1,"GM0629"
"20230004046",2023,"Letsel",2,"Bromfiets","Fiets","Frontaal","Kruispunt, 3 takken",30,"Brandend","Duisternis","Droog",\N,\N,"Langestraat","Amsterdam","Amsterdam","Noord-Holland",false,52.379012,4.892742,"injury","2","clear",false,1,"GM0363"
"20230005058",2023,"Letsel",2,"Fiets","Fiets","Onbekend",\N,50,\N,"Daglicht","Harde windstoten",\N,"600715311","Conradkade","'s-Gravenhage","'s-Gravenhage","Zuid-Holland",false,52.082819,4.27632,"injury","2","unknown",false,1,"GM0518"
"20230005831",2023,"Letsel",2,"Personenauto","Fiets","Geparkeerd voertuig","Rechte weg",30,"Niet brandend","Daglicht","Droog",\N,"600379608","Van Kijfhoeklaan","'s-Gravenhage","'s-Gravenhage","Zuid-Holland",false,52.103006,4.320782,"injury","2","clear",false,1,"GM0518"
"20230002021",2023,"Uitsluitend materiele schade",2,"Bromfiets","Fiets","Frontaal","Rechte weg",50,"Brandend","Daglicht","Sneeuw/Hagel",\N,"600520200","Scheisprong","Westervoort","Westervoort","Gelderland",false,51.956049,5.981701,"material damage only","4","unknown",false,1,"GM0293"
"20230035284",2023,"Letsel",1,"Fiets",\N,"Eenzijdig",\N,60,\N,"Duisternis",\N,\N,"359254001","Wilhelminalaan","Beuningen Gld","Beuningen","Gelderland",false,51.836606,5.747943,"injury","2","unknown",false,1,"GM0209"
"20230007611",2023,"Letsel",2,"Bestelauto","Fiets","Onbekend","Kruispunt, 3 takken",50,"Niet brandend","Daglicht","Droog",\N,\N,"Dommelseweg","Valkenswaard","Valkenswaard","Noord-Brabant",false,51.349249,5.454695,"injury","2","clear",false,1,"GM0858"
"20230076573",2023,"Dodelijk",2,"Personenauto","e-bike","Onbekend","Rechte weg",60,"Niet brandend","Daglicht","Droog",\N,"600959759","Grebbedijk","Wageningen","Wageningen","Gelderland",false,51.958384,5.649339,"fatal","1","clear",false,1,"GM0289"
"20230005688",2023,"Letsel",2,"Personenauto","Fiets","Flank","Kruispunt, 4 takken",50,"Niet brandend","Daglicht","Droog",\N,\N,"Lammenschansweg","Leiden","Leiden","Zuid-Holland",false,52.149598,4.493553,"injury","2","clear",false,1,"GM0546"
"20230080397",2023,"Dodelijk",3,"Personenauto","Fiets","Onbekend","Kruispunt, 4 takken",50,"Niet brandend","Daglicht","Droog",\N,\N,"Bastionweg","Bergen op Zoom","Bergen op Zoom","Noord-Brabant",false,51.507632,4.303723,"fatal","1","clear",false,1,"GM0748"
"20230069701",2023,"Letsel",1,"Fiets",\N,"Eenzijdig",\N,30,\N,"Duisternis",\N,\N,"600714731","Ambachtsweg","Wateringen","Westland","Zuid-Holland",false,52.029997,4.269977,"injury","2","unknown",false,1,"GM1783"
"20230002572",2023,"Uitsluitend materiele schade",2,"Personenauto","Fiets","Onbekend","Rotonde",50,"Niet brandend","Daglicht","Droog",\N,\N,"Saturnusstraat","Volendam","Edam-Volendam","Noord-Holland",false,52.497651,5.067299,"material damage only","4","clear",false,1,"GM0385"
"20230004774",2023,"Letsel",1,"e-bike",\N,"Eenzijdig","Kruispunt, 3 takken",50,"Niet brandend","Daglicht","Droog",\N,\N,"Gedempte Oude Gracht","Haarlem","Haarlem","Noord-Holland",false,52.377803,4.637973,"injury","2","clear",false,1,"GM0392"
"20230103547",2023,"Letsel",2,"Fiets","Personenauto","Onbekend",\N,50,\N,"Daglicht",\N,\N,\N,"John Mottweg","Rotterdam","Rotterdam","Zuid-Holland",false,51.956803,4.532233,"injury","2","unknown",false,1,"GM0599"
"20230005999",2023,"Letsel",2,"Fiets","Bromfiets","Flank","Rechte weg",30,"Niet aanwezig","Daglicht","Droog/Harde windstoten","Brug/viaduct",\N,"Dr. Kortmannstraat","Zoeterwoude","Zoeterwoude","Zuid-Holland",false,52.103739,4.485048,"injury","2","unknown",false,1,"GM0638"
"20230090753",2023,"Dodelijk",2,"e-bike","Overig vast object","Vast voorwerp","Rechte weg",50,"Brandend","Duisternis","Droog","Tunnel","600576353","Westerparklaan","Breda","Breda","Noord-Brabant",false,51.594668,4.744488,"fatal","1","clear",false,1,"GM0758"
"20230056767",2023,"Letsel",1,"Fiets",\N,"Eenzijdig",\N,60,\N,"Daglicht",\N,\N,"365266002","Valburgsestraat","Slijk-Ewijk","Overbetuwe","Gelderland",false,51.887904,5.790259,"injury","2","unknown",false,1,"GM1734"
"20230010419",2023,"Uitsluitend materiele schade",2,"Personenauto","Fiets","Flank","Kruispunt, 3 takken",50,"Niet brandend","Daglicht","Regen",\N,\N,"Lepelaar","Groningen","Groningen","Groningen",false,53.18507,6.543348,"material damage only","4","rain",false,1,"GM0014"
"20230095967",2023,"Dodelijk",2,"Personenauto","e-bike","Flank","Rotonde",80,"Niet brandend","Daglicht","Droog",\N,\N,"Knardijk","Lelystad","Lelystad","Flevoland",false,52.493162,5.400921,"fatal","1","clear",false,1,"GM0995"
"20230099233",2023,"Dodelijk",1,"e-bike",\N,"Eenzijdig","Rechte weg",80,"Niet brandend","Daglicht","Droog",\N,"412146004","Romeinenweg","Venlo","Venlo","Limburg",false,51.346492,6.123894,"fatal","1","clear",false,1,"GM0983"
"20230012640",2023,"Uitsluitend materiele schade",2,"Personenauto","Fiets","Flank","Rotonde",50,"Niet brandend","Daglicht","Droog",\N,\N,"Oostweg","Enschede","Enschede","Overijssel",false,52.213665,6.938789,"material damage only","4","clear",false,1,"GM0153"
"20240008123",2024,"Letsel",2,"Personenauto","Fiets","Flank","Kruispunt, 3 takken",50,"Niet brandend","Daglicht","Regen",\N,\N,"Tullinghstraat","'s-Gravenhage","'s-Gravenhage","Zuid-Holland",false,52.069397,4.313843,"injury","2","rain",false,1,"GM0518"
"20240032729",2024,"Letsel",2,"Personenauto","Fiets","Flank","Rotonde",50,"Niet brandend","Daglicht","Droog","Bus-/Tramhalte",\N,"Beneden Oostdijk","Oud-Beijerland","Hoeksche Waard","Zuid-Holland",false,51.82092,4.436871,"injury","2","clear",false,1,"GM1963"
"20240006561",2024,"Letsel",2,"Bromfiets","e-bike","Frontaal","Kruispunt, 3 takken",50,"Brandend","Duisternis","Droog","Brug/viaduct",\N,"WILHELMINABRUG","Nieuwegein","Nieuwegein","Utrecht",false,52.007762,5.092939,"injury","2","clear",false,1,"GM0356"
"20240008031",2024,"Letsel",2,"Bromfiets","Fiets","Flank","Kruispunt, 3 takken",50,"Niet aanwezig","Duisternis","Droog",\N,\N,"Burgemeester Elsenweg","Maasdijk","Westland","Zuid-Holland",false,51.963896,4.224045,"injury","2","clear",false,1,"GM1783"
"20240020291",2024,"Letsel",1,"Fiets",\N,"Eenzijdig","Rechte weg",50,"Niet brandend","Daglicht","Droog",\N,"233285004","Bonrepas","Vlist","Krimpenerwaard","Zuid-Holland",false,51.965603,4.841297,"injury","2","clear",false,1,"GM1931"
"20240004390",2024,"Uitsluitend materiele schade",2,"Bestelauto","Fiets","Flank","Kruispunt, 4 takken",50,"Niet brandend","Daglicht","Droog",\N,\N,"Einsteinstraat","Sneek","Súdwest-Fryslân","Friesland",false,53.021227,5.686326,"material damage only","4","clear",false,1,"GM1900"