"accident_id","year","severity_raw","party_count","party1_type","party2_type","accident_type","road_situation","speed_limit_kmh","road_lighting","light_condition_label","weather_raw","infra_type","road_segment_id","street_name","place_name","gemeente_name_raw","province","alcohol_indicated","latitude","longitude","severity_label","severity_code","weather_label","built_up_area","cyclists_involved","gemeente_code"
"20240043109",2024,"Letsel",1,"Fiets",\N,"Onbekend","Rechte weg",30,"Niet brandend","Daglicht","Regen",\N,"164309183","Lekstraat","'s-Gravenhage","'s-Gravenhage","Zuid-Holland",false,52.076913,4.328192,"injury","2","rain",false,1,"GM0518"
"20240042301",2024,"Uitsluitend materiele schade",2,"Personenauto","Fiets","Flank","Rotonde",50,"Niet brandend","Daglicht","Droog",\N,\N,"Middellaan","Dongen","Dongen","Noord-Brabant",false,51.62915,4.922786,"material damage only","4","clear",false,1,"GM0766"
"20240035806",2024,"Letsel",2,"Fiets","Fiets","Kop/staart","Rechte weg",80,"Niet brandend","Daglicht","Droog",\N,"600990896","PROVINCIALEWEG N361","Winsum","Het Hogeland","Groningen",false,53.34044,6.509252,"injury","2","clear",false,1,"GM1966"
"20240035214",2024,"Letsel",2,"Motor","Fiets","Frontaal","Rechte weg",50,"Niet brandend","Daglicht","Droog",\N,"215203031","Schutsestraat","Prinsenbeek","Breda","Noord-Brabant",false,51.604406,4.703006,"injury","2","clear",false,1,"GM0758"
"20240022209",2024,"Letsel",2,"Fiets","Fiets","Flank","Kruispunt, 4 takken",50,"Brandend","Duisternis","Sneeuw/Hagel",\N,\N,"Galileïlaan","Dordrecht","Dordrecht","Zuid-Holland",false,51.787528,4.677629,"injury","2","unknown",false,1,"GM0505"
"20240035967",2024,"Dodelijk",2,"Personenauto","Fiets","Frontaal","Bocht",60,"Niet aanwezig","Daglicht","Droog",\N,"289238005","Achterdijk","Hedel","Maasdriel","Gelderland",false,51.766077,5.252783,"fatal","1","clear",false,1,"GM0263"
"20240019659",2024,"Uitsluitend materiele schade",2,"e-bike","Voetganger","Voetganger","Kruispunt, 3 takken",30,"Niet brandend","Daglicht","Droog",\N,\N,"Pieter Pijpersstraat","Amersfoort","Amersfoort","Utrecht",false,52.156501,5.377607,"material damage only","4","clear",false,1,"GM0307"
"20240020153",2024,"Uitsluitend materiele schade",1,"Fiets",\N,"Eenzijdig","Kruispunt, 3 takken",30,"Niet brandend","Daglicht","Regen",\N,\N,"Hobbemakade","Amsterdam","Amsterdam","Noord-Holland",false,52.360017,4.886676,"material damage only","4","rain",false,1,"GM0363"
"20240039346",2024,"Letsel",1,"Fiets",\N,"Frontaal","Rechte weg",\N,"Niet brandend","Daglicht","Droog","Tunnel","285348006","Houtweg","Laren","Laren","Noord-Holland",false,52.255855,5.213408,"injury","2","clear",false,1,\N
"20240020042",2024,"Uitsluitend materiele schade",2,"Personenauto","Fiets","Flank","Kruispunt, 4 takken",50,"Niet brandend","Daglicht","Droog",\N,\N,"Midrethstraat","Mijdrecht","De Ronde Venen","Utrecht",false,52.204926,4.863355,"material damage only","4","clear",false,1,"GM0736"
"20240006915",2024,"Letsel",2,"Personenauto","Fiets","Frontaal","Kruispunt, 4 takken",30,"Niet brandend","Schemer","Droog",\N,\N,"Van Heesstraat","Utrecht","Utrecht","Utrecht",false,52.117665,5.072474,"injury","2","clear",false,1,"GM0344"
"20240012749",2024,"Letsel",1,"Fiets",\N,"Eenzijdig","Rechte weg",30,"Brandend","Duisternis","Droog",\N,"600610056","Haagse Schouwweg","Leiden","Leiden","Zuid-Holland",false,52.159362,4.450684,"injury","2","clear",false,1,"GM0546"
"20240026944",2024,"Uitsluitend materiele schade",2,"Snorfiets","Fiets","Flank","Kruispunt, 4 takken",50,"Niet brandend","Daglicht","Droog",\N,\N,"Landschaplaan","Emmen","Emmen","Drenthe",false,52.783886,6.91951,"material damage only","4","clear",false,1,"GM0114"
"20240028152",2024,"Uitsluitend materiele schade",2,"Vrachtauto","Fiets","Kop/staart","Kruispunt, 3 takken",30,"Niet brandend","Daglicht","Droog",\N,\N,"Pieter de Hooghstraat","Heemstede","Heemstede","Noord-Holland",false,52.357125,4.629316,"material damage only","4","clear",false,1,"GM0397"
"20240034828",2024,"Letsel",2,"Personenauto","Fiets","Onbekend","Kruispunt, 3 takken",50,"Niet brandend","Daglicht","Regen",\N,\N,"Vossenbeemd","Helmond","Helmond","Noord-Brabant",false,51.466583,5.66717,"injury","2","rain",false,1,"GM0794"
"20240035264",2024,"Letsel",2,"Motor","Fiets","Flank","Rechte weg",50,"Niet brandend","Daglicht","Droog",\N,"600687574","Oldenzaalsestraat","Hengelo","Hengelo (O)","Overijssel",false,52.275036,6.822499,"injury","2","clear",false,1,\N
"20240039839",2024,"Letsel",2,"Fiets","Fiets","Flank","Rechte weg",50,"Niet brandend","Daglicht","Droog",\N,"601193886","Rijnsburgerweg","Leiden","Leiden","Zuid-Holland",false,52.171406,4.47858,"injury","2","clear",false,1,"GM0546"
"20240039905",2024,"Letsel",2,"Personenauto","Fiets","Frontaal","Rotonde",50,"Niet brandend","Daglicht","Droog",\N,\N,"Bedrijfsweg","Alphen aan den Rijn","Alphen aan den Rijn","Zuid-Holland",false,52.130839,4.642334,"injury","2","clear",false,1,"GM0484"
"20240005760",2024,"Uitsluitend materiele schade",2,"Personenauto","Fiets","Flank","Kruispunt, 4 takken",30,"Niet brandend","Daglicht","Droog",\N,\N,"Berlagelaan","Bilthoven","De Bilt","Utrecht",false,52.127506,5.188414,"material damage only","4","clear",false,1,"GM0310"
"20220154682",2022,"Uitsluitend materiele schade",2,"e-bike",\N,"Flank","Kruispunt, 3 takken",\N,"Niet brandend","Daglicht","Droog","Tunnel",\N,"Provincialeweg","Zaandam","Zaanstad","Noord-Holland",false,52.447782,4.807228,"material damage only","4","clear",false,1,"GM0479"
"20220175689",2022,"Uitsluitend materiele schade",2,"Fiets","Personenauto","Kop/staart","Rechte weg",50,"Niet brandend","Daglicht","Droog",\N,"223501016","Texelstroomlaan","Den Helder","Den Helder","Noord-Holland",false,52.940915,4.744996,"material damage only","4","clear",false,1,"GM0400"
"20220119149",2022,"Letsel",2,"Fiets","Voetganger","Voetganger","Rechte weg",60,"Brandend","Duisternis","Droog",\N,"337304003","Nieuweweg","Ederveen","Ede","Gelderland",false,52.06125,5.587095,"injury","2","clear",false,1,"GM0228"
"20220123059",2022,"Uitsluitend materiele schade",2,"Personenauto","Fiets","Flank","Rechte weg",50,"Niet brandend","Daglicht",\N,\N,"600755216","Zaanweg","Wormerveer","Zaanstad","Noord-Holland",false,52.490819,4.797329,"material damage only","4","unknown",false,1,"GM0479"
"20220125734",2022,"Uitsluitend materiele schade",2,"Personenauto","e-bike","Flank","Rechte weg",30,"Niet brandend","Daglicht","Droog",\N,"181334029","Abdijlaan","Rijnsburg","Katwijk","Zuid-Holland",false,52.190432,4.445085,"material damage only","4","clear",false,1,"GM0537"
"20220144551",2022,"Letsel",1,"e-bike",\N,"Eenzijdig","Rechte weg",30,"Niet brandend","Daglicht","Droog",\N,"600671674","Bezuidenhoutseweg","'s-Gravenhage","'s-Gravenhage","Zuid-Holland",false,52.097902,4.357403,"injury","2","clear",false,1,"GM0518"
"20220145636",2022,"Letsel",2,"Bestelauto","Fiets","Flank","Kruispunt, 4 takken",50,"Niet brandend","Daglicht","Droog",\N,\N,"Rietlaan","Hendrik-Ido-Ambacht","Hendrik-Ido-Ambacht","Zuid-Holland",false,51.829186,4.646316,"injury","2","clear",false,1,"GM0531"
"20220149316",2022,"Uitsluitend materiele schade",2,"Snorfiets","e-bike","Flank","Kruispunt, 4 takken",70,"Brandend","Duisternis","Droog",\N,\N,"Tongelresestraat","Eindhoven","Eindhoven","Noord-Brabant",false,51.441616,5.504104,"material damage only","4","clear",false,1,"GM0772"
"20220152807",2022,"Letsel",2,"Bromfiets","Fiets","Frontaal","Rechte weg",80,"Niet aanwezig","Duisternis","Droog",\N,"383242001","Heumensebaan","Groesbeek","Berg en Dal","Gelderland",false,51.779357,5.92379,"injury","2","clear",false,1,"GM1945"
"20220156085",2022,"Uitsluitend materiele schade",1,"Fiets",\N,"Voetganger","Rechte weg",30,"Niet brandend","Daglicht","Droog",\N,"167309097","Tollenskade","Voorburg","Leidschendam-Voorburg","Zuid-Holland",false,52.076113,4.35159,"material damage only","4","clear",false,1,"GM1916"
"20220158105",2022,"Letsel",2,"Bromfiets","Fiets","Flank","Rechte weg",60,"Niet brandend","Daglicht","Droog",\N,"600710047","Sluisplein","Stellendam","Goeree-Overflakkee","Zuid-Holland",false,51.821189,4.037468,"injury","2","clear",false,1,"GM1924"
"20220178409",2022,"Uitsluitend materiele schade",2,"Personenauto","Fiets","Geparkeerd voertuig","Rechte weg",50,"Niet brandend","Daglicht","Droog","Parkeervoorziening","212341044","Tuinderij","Leimuiden","Kaag en Braassem","Zuid-Holland",false,52.223878,4.674988,"material damage only","4","clear",false,1,"GM1884"
"20220183846",2022,"Uitsluitend materiele schade",2,"Fiets","Fiets","Frontaal","Rechte weg",50,"Niet brandend","Daglicht","Droog",\N,"150277013","Lijsterlaan","Maassluis","Maassluis","Zuid-Holland",false,51.933474,4.231036,"material damage only","4","clear",false,1,"GM0556"
"20220184721",2022,"Uitsluitend materiele schade",2,"Personenauto","Fiets","Flank","Kruispunt, 3 takken",50,"Niet brandend","Schemer","Droog",\N,\N,"Kleiweg","Rotterdam","Rotterdam","Zuid-Holland",false,51.941851,4.460834,"material damage only","4","clear",false,1,"GM0599"
"20220119190",2022,"Uitsluitend materiele schade",2,"Personenauto","e-bike","Flank","Rechte weg",30,"Niet brandend","Daglicht","Droog",\N,"416349038","Rielerweg","Deventer","Deventer","Overijssel",false,52.257276,6.169044,"material damage only","4","clear",false,1,"GM0150"
"20220123218",2022,"Letsel",2,"e-bike","e-bike","Frontaal","Rechte weg",30,"Niet brandend","Daglicht","Droog",\N,"242376043","Haarlemmerstraat","Amsterdam","Amsterdam","Noord-Holland",false,52.380948,4.89025,"injury","2","clear",false,1,"GM0363"
"20220150612",2022,"Uitsluitend materiele schade",3,"Personenauto","Fiets","Onbekend","Rotonde",50,"Niet brandend","Daglicht","Droog",\N,\N,"Oranjelaan","Roermond","Roermond","Limburg",false,51.191794,6.013035,"material damage only","4","clear",false,1,"GM0957"
"20220168490",2022,"Uitsluitend materiele schade",2,"Personenauto","Fiets","Flank","Kruispunt, 4 takken",50,"Niet brandend","Daglicht","Droog",\N,\N,"Wilhelminalaan","Beuningen Gld","Beuningen","Gelderland",false,51.85758,5.766759,"material damage only","4","clear",false,1,"GM0209"
"20220169648",2022,"Letsel",2,"Personenauto","Fiets","Flank","Rotonde",50,"Niet brandend","Daglicht","Droog",\N,\N,"Hollewandsweg","Zwolle","Zwolle","Overijssel",false,52.479811,6.119954,"injury","2","clear",false,1,"GM0193"
"20220177793",2022,"Letsel",2,"Bromfiets","e-bike","Frontaal","Rechte weg",50,"Niet brandend","Daglicht","Droog",\N,"600921888","Borchlandweg","Amsterdam-Duivendrecht","Ouder-Amstel","Noord-Holland",true,52.31707,4.932116,"injury","2","clear",false,1,"GM0437"
"20220179685",2022,"Letsel",2,"Bromfiets","Fiets","Frontaal","Rechte weg",30,"Niet brandend","Daglicht","Regen",\N,"142290001","Woutersweg","'s-Gravenzande","Westland","Zuid-Holland",false,51.990725,4.166717,"injury","2","rain",false,1,"GM1783"
"20220180275",2022,"Letsel",2,"Fiets","Los voorwerp","Los voorwerp","Rechte weg",\N,"Niet aanwezig","Daglicht","Droog",\N,"166315007","Waalsdorperlaan","Wassenaar","Wassenaar","Zuid-Holland",false,52.104271,4.341752,"injury","2","clear",false,1,"GM0629"
"20220114970",2022,"Letsel",2,"Personenauto","Fiets","Flank","Kruispunt, 3 takken",30,"Niet aanwezig","Daglicht","Droog",\N,"355578024","Arjen Roelswei","Alde Leie","Leeuwarden","Friesland",false,53.293226,5.729811,"injury","2","clear",false,1,"GM0080"
"20220123286",2022,"Uitsluitend materiele schade",2,"Personenauto","Fiets","Flank","Kruispunt, 4 takken",50,"Niet brandend","Daglicht","Droog",\N,\N,"Zeeburgerdijk","Amsterdam","Amsterdam","Noord-Holland",false,52.365311,4.948385,"material damage only","4","clear",false,1,"GM0363"
"20220172240",2022,"Uitsluitend materiele schade",2,"Personenauto","Fiets","Flank","Kruispunt, 3 takken",30,"Niet brandend","Daglicht","Droog",\N,\N,"Van Renesselaan","Zeist","Zeist","Utrecht",false,52.085065,5.235139,"material damage only","4","clear",false,1,"GM0355"
"20220177553",2022,"Letsel",2,"Trekker","Fiets","Flank","Kruispunt, 4 takken",50,"Niet brandend","Daglicht","Droog",\N,\N,"Klaprozenweg","Amsterdam","Amsterdam","Noord-Holland",false,52.398499,4.907062,"injury","2","clear",false,1,"GM0363"
"20220119246",2022,"Uitsluitend materiele schade",2,"Fiets","Personenauto","Onbekend","Kruispunt, 3 takken",50,"Niet brandend","Daglicht","Droog",\N,\N,"Ommerkanaal Oost","Ommen","Ommen","Overijssel",false,52.533515,6.411639,"material damage only","4","clear",false,1,"GM0175"
"20220123419",2022,"Letsel",4,"Fiets","Fiets","Onbekend","Rechte weg",30,"Niet brandend","Daglicht","Droog",\N,\N,"Holterbergweg","Amsterdam","Amsterdam","Noord-Holland",false,52.308005,4.940115,"injury","2","clear",false,1,"GM0363"
"20220143564",2022,"Uitsluitend materiele schade",2,"Fiets","Personenauto","Flank","Kruispunt, 4 takken",30,"Niet brandend","Daglicht","Droog",\N,\N,"Graaf Florislaan","Rijnsburg","Katwijk","Zuid-Holland",false,52.191602,4.443945,"material damage only","4","clear",false,1,"GM0537"
"20220149523",2022,"Uitsluitend materiele schade",2,"Personenauto","Fiets","Los voorwerp","Rotonde",30,"Niet brandend","Daglicht","Droog",\N,\N,"Hefveld","Eindhoven","Eindhoven","Noord-Brabant",false,51.442296,5.51457,"material damage only","4","clear",false,1,"GM0772"
"20220156317",2022,"Letsel",3,"Personenauto","e-bike","Onbekend","Rechte weg",50,"Niet brandend","Daglicht","Droog",\N,"601024343","Oude Rijnzichtweg","Oegstgeest","Oegstgeest","Zuid-Holland",false,52.179278,4.46325,"injury","2","clear",false,1,"GM0579"
"20220167276",2022,"Uitsluitend materiele schade",3,"Fiets","Bromfiets","Flank","Rechte weg",50,"Niet brandend","Daglicht",\N,"Brug/viaduct","600145374","Nijmeegseweg","Arnhem","Arnhem","Gelderland",false,51.961504,5.894529,"material damage only","4","unknown",false,1,"GM0202"
"20220168635",2022,"Uitsluitend materiele schade",2,"Fiets","Personenauto","Flank","Rechte weg",60,"Niet brandend","Daglicht","Droog",\N,"600875782","Emtenbroekerdijk","Hoogenweg","Hardenberg","Overijssel",false,52.55695,6.645226,"material damage only","4","clear",false,1,"GM0160"
"20220169803",2022,"Uitsluitend materiele schade",2,"Personenauto","Fiets","Flank","Kruispunt, 4 takken",30,"Niet brandend","Daglicht","Regen",\N,\N,"Raarhoeksweg","Raalte","Raalte","Overijssel",false,52.394243,6.283819,"material damage only","4","rain",false,1,"GM0177"
"20220173467",2022,"Letsel",2,"Fiets",\N,"Eenzijdig","Bocht",\N,"Niet brandend","Daglicht","Droog","Tunnel","600582583","Poortdreef","Almere","Almere","Flevoland",false,52.332103,5.152465,"injury","2","clear",false,1,"GM0034"
"20220180417",2022,"Letsel",1,"Fiets",\N,"Eenzijdig",\N,\N,\N,"Daglicht",\N,\N,\N,"Lijnbaan","'s-Gravenhage","'s-Gravenhage","Zuid-Holland",false,52.072289,4.300054,"injury","2","unknown",false,1,"GM0518"
"20220181018",2022,"Letsel",2,"Bus","Fiets","Flank","Kruispunt, 4 takken",50,"Niet brandend","Daglicht","Droog",\N,\N,"De Heemstraat","'s-Gravenhage","'s-Gravenhage","Zuid-Holland",false,52.066904,4.29762,"injury","2","clear",false,1,"GM0518"
"20220118297",2022,"Uitsluitend materiele schade",3,"Fiets","Personenauto","Onbekend","Rotonde",50,"Niet aanwezig","Daglicht","Droog",\N,\N,"Europa-allee","Kampen","Kampen","Overijssel",false,52.537113,5.921675,"material damage only","4","clear",false,1,"GM0166"
"20220119318",2022,"Uitsluitend materiele schade",2,"Snorfiets","Fiets","Frontaal","Kruispunt, 3 takken",30,"Niet brandend","Daglicht","Droog",\N,\N,"Havendam","Harderwijk","Harderwijk","Gelderland",true,52.353306,5.621051,"material damage only","4","clear",false,1,"GM0243"
"20220131098",2022,"Letsel",2,"e-bike","e-bike","Frontaal","Kruispunt, 4 takken",30,"Niet brandend","Daglicht","Regen",\N,\N,"Beukenlaan","Eindhoven","Eindhoven","Noord-Brabant",false,51.448068,5.451714,"injury","2","rain",false,1,"GM0772"
"20220138007",2022,"Uitsluitend materiele schade",2,"Bromfiets","Fiets","Flank","Kruispunt, 4 takken",30,"Niet brandend","Daglicht","Droog",\N,\N,"Brinklaan","Bussum","Gooise Meren","Noord-Holland",false,52.274909,5.162539,"material damage only","4","clear",false,1,"GM1942"
"20220139018",2022,"Letsel",2,"Personenauto","Fiets","Flank","Kruispunt, 4 takken",80,"Niet brandend","Schemer","Droog",\N,\N,"IJweg","Hoofddorp","Haarlemmermeer","Noord-Holland",false,52.317589,4.670437,"injury","2","clear",false,1,"GM0394"
"20220142277",2022,"Uitsluitend materiele schade",2,"Personenauto","Fiets","Onbekend","Kruispunt, 4 takken",50,"Niet brandend","Daglicht","Droog",\N,\N,"Sneeuwbalstraat","Amsterdam","Amsterdam","Noord-Holland",false,52.396757,4.913994,"material damage only","4","clear",false,1,"GM0363"
"20220142284",2022,"Uitsluitend materiele schade",2,"Fiets","Bromfiets","Flank","Bocht",30,"Niet brandend","Daglicht","Droog",\N,"600362740","Borgerstraat","Amsterdam","Amsterdam","Noord-Holland",false,52.365779,4.869148,"material damage only","4","clear",false,1,"GM0363"
"20220156431",2022,"Letsel",2,"Personenauto","Fiets","Onbekend","Rechte weg",50,"Niet brandend","Daglicht","Droog",\N,\N,"Churchilllaan","Leiden","Leiden","Zuid-Holland",false,52.147303,4.474985,"injury","2","clear",false,1,"GM0546"
"20220167420",2022,"Letsel",1,"Fiets",\N,"Eenzijdig",\N,\N,\N,"Schemer",\N,\N,\N,"Smeesteeg","Elburg","Elburg","Gelderland",false,52.448413,5.833008,"injury","2","unknown",false,1,"GM0230"
"20220179842",2022,"Letsel",2,"Personenauto","Fiets","Flank","Kruispunt, 4 takken",50,"Niet brandend","Daglicht","Droog",\N,\N,"Newtonstraat","'s-Gravenhage","'s-Gravenhage","Zuid-Holland",false,52.075401,4.283328,"injury","2","clear",false,1,"GM0518"
"20220198390",2022,"Uitsluitend materiele schade",2,"Personenauto","Fiets","Flank","Kruispunt, 3 takken",50,"Niet brandend","Daglicht","Droog",\N,\N,"Burg van Walsumlaan","Zwolle","Zwolle","Overijssel",false,52.500175,6.083929,"material damage only","4","clear",false,1,"GM0193"
"20220198489",2022,"Letsel",3,"Personenauto","Fiets","Onbekend","Rotonde",50,"Brandend","Schemer","Droog",\N,\N,"Zwolseweg","Heerde","Heerde","Gelderland",false,52.3897,6.043045,"injury","2","clear",false,1,"GM0246"
"20220148147",2022,"Letsel",1,"Fiets",\N,"Eenzijdig","Rechte weg",30,\N,"Daglicht","Droog",\N,"37133001","Vermerestraat","Aardenburg","Sluis","Zeeland",false,51.271281,3.436275,"injury","2","clear",false,1,"GM1714"
"20220173633",2022,"Letsel",2,"Snorfiets","Fiets","Flank","Kruispunt, 4 takken",\N,"Niet brandend","Daglicht","Droog",\N,\N,"Franklin Hoevens Tunnel","Haarlem","Haarlem","Noord-Holland",false,52.388581,4.632423,"injury","2","clear",false,1,"GM0392"
"20220142411",2022,"Uitsluitend materiele schade",5,"Personenauto","Fiets","Onbekend","Rechte weg",50,"Niet brandend","Daglicht","Droog",\N,"236369037","Heemstedestraat","Amsterdam","Amsterdam","Noord-Holland",false,52.351589,4.846789,"material damage only","4","clear",false,1,"GM0363"
"20220156579",2022,"Uitsluitend materiele schade",2,"Personenauto","Fiets","Flank","Rotonde",50,"Niet brandend","Daglicht","Droog",\N,\N,"Koningin Julianalaan","Voorburg","Leidschendam-Voorburg","Zuid-Holland",false,52.077019,4.354611,"material damage only","4","clear",false,1,"GM1916"
"20220179986",2022,"Letsel",2,"Personenauto","e-bike","Flank","Kruispunt, 3 takken",\N,"Niet brandend","Daglicht","Droog",\N,\N,"Wollebrandlaan","Honselersdijk","Westland","Zuid-Holland",false,52.005151,4.240179,"injury","2","clear",false,1,"GM1783"
"20220186364",2022,"Uitsluitend materiele schade",2,"Personenauto","Fiets","Flank","Rotonde",50,"Niet brandend","Daglicht","Droog",\N,\N,"Wouwseweg","Roosendaal","Roosendaal","Noord-Brabant",false,51.532733,4.447021,"material damage only","4","clear",false,1,"GM1674"
"20220195931",2022,"Uitsluitend materiele schade",2,"Personenauto","Fiets","Flank","Kruispunt, 3 takken",50,"Niet brandend","Daglicht","Droog",\N,\N,"Hollewandsweg","Zwolle","Zwolle","Overijssel",false,52.482957,6.116933,"material damage only","4","clear",false,1,"GM0193"
"20220123756",2022,"Uitsluitend materiele schade",2,"Personenauto","Fiets","Flank","Kruispunt, 3 takken",50,"Niet brandend","Daglicht","Droog",\N,\N,"Plantage Middenlaan","Amsterdam","Amsterdam","Noord-Holland",false,52.367303,4.909453,"material damage only","4","clear",false,1,"GM0363"
"20220135391",2022,"Uitsluitend materiele schade",2,"Personenauto","e-bike","Flank","Kruispunt, 3 takken",30,"Niet brandend","Daglicht","Droog",\N,\N,"Landsherenlaan","Deventer","Deventer","Overijssel",false,52.270753,6.158662,"material damage only","4","clear",false,1,"GM0150"
"20220143911",2022,"Letsel",1,"Fiets",\N,"Eenzijdig",\N,50,\N,"Daglicht",\N,\N,\N,"Parklaan","Pijnacker","Pijnacker-Nootdorp","Zuid-Holland",false,52.006734,4.446877,"injury","2","unknown",false,1,"GM1926"
"20220167703",2022,"Letsel",3,"Personenauto","Fiets","Frontaal","Kruispunt, 3 takken",50,"Niet brandend","Daglicht","Droog",\N,\N,"Loolaan","Apeldoorn","Apeldoorn","Gelderland",false,52.221459,5.954011,"injury","2","clear",false,1,"GM0200"
"20220175222",2022,"Letsel",2,"Personenauto","e-bike","Flank","Kruispunt, 3 takken",50,"Niet brandend","Daglicht","Droog",\N,\N,"Roosensteinweg","Velserbroek","Velsen","Noord-Holland",false,52.447335,4.655137,"injury","2","clear",false,1,"GM0453"
"20220156730",2022,"Letsel",1,"Fiets",\N,"Eenzijdig","Rechte weg",50,"Brandend","Duisternis","Droog",\N,"169319021","Buurtweg","Wassenaar","Wassenaar","Zuid-Holland",false,52.121547,4.361208,"injury","2","clear",false,1,"GM0629"
"20220167795",2022,"Letsel",2,"Fiets","Bestelauto","Onbekend","Kruispunt, 3 takken",30,"Niet brandend","Daglicht","Droog",\N,\N,"Ugchelseweg","Apeldoorn","Apeldoorn","Gelderland",false,52.196039,5.947988,"injury","2","clear",false,1,"GM0200"
"20220172702",2022,"Uitsluitend materiele schade",2,"Snorfiets","Fiets","Frontaal","Kruispunt, 3 takken",60,"Niet brandend","Daglicht","Droog",\N,"306338052","Amersfoortseweg","Bunschoten-Spakenburg","Bunschoten","Utrecht",false,52.210777,5.364349,"material damage only","4","clear",false,1,"GM0313"
"20220181319",2022,"Letsel",2,"Snorfiets","Fiets","Frontaal","Rechte weg",50,"Niet brandend","Daglicht","Droog","Brug/viaduct",\N,"Willem de Zwijgerlaan","Leiden","Leiden","Zuid-Holland",false,52.16876,4.492789,"injury","2","clear",false,1,"GM0546"
"20220187627",2022,"Uitsluitend materiele schade",2,"Personenauto","Fiets","Flank","Rechte weg",50,"Niet brandend","Daglicht","Droog",\N,"303212001","Theerestraat","Sint-Michielsgestel","Sint-Michielsgestel","Noord-Brabant",false,51.64221,5.341687,"material damage only","4","clear",false,1,"GM0845"
"20220190479",2022,"Uitsluitend materiele schade",2,"Personenauto","Fiets","Onbekend","Kruispunt, 3 takken",\N,"Niet brandend","Daglicht","Droog",\N,\N,"Steegstraat","Roermond","Roermond","Limburg",false,51.197147,5.991955,"material damage only","4","clear",false,1,"GM0957"
"20220121167",2022,"Uitsluitend materiele schade",2,"Fiets","Bestelauto","Frontaal","Kruispunt, 4 takken",50,"Niet brandend","Daglicht","Droog",\N,\N,"Westbroekse Binnenweg","Tienhoven","Stichtse Vecht","Utrecht",false,52.147478,5.084038,"material damage only","4","clear",false,1,"GM1904"
"20220123907",2022,"Uitsluitend materiele schade",2,"Bromfiets","Fiets","Frontaal","Kruispunt, 4 takken",50,"Niet brandend","Daglicht","Droog",\N,\N,"Haarlemmerweg","Amsterdam","Amsterdam","Noord-Holland",false,52.384991,4.847568,"material damage only","4","clear",false,1,"GM0363"
"20220135518",2022,"Letsel",1,"Fiets",\N,"Eenzijdig","Kruispunt, 4 takken",\N,"Niet brandend","Daglicht","Droog",\N,\N,"Broekdijk","Lunteren","Ede","Gelderland",false,52.128689,5.676829,"injury","2","clear",false,1,"GM0228"
"20220155400",2022,"Uitsluitend materiele schade",3,"Bestelauto","Fiets","Onbekend","Rotonde",50,"Niet brandend","Daglicht","Droog",\N,\N,"Johan van Hasseltweg","Amsterdam","Amsterdam","Noord-Holland",false,52.387627,4.923662,"material damage only","4","clear",false,1,"GM0363"
"20220126403",2022,"Uitsluitend materiele schade",3,"Personenauto","e-bike","Onbekend","Rechte weg",50,"Niet aanwezig","Daglicht","Droog",\N,\N,"Harnaschdreef","Den Hoorn","Midden-Delfland","Zuid-Holland",false,52.003942,4.316721,"material damage only","4","clear",false,1,"GM1842"
"20220137413",2022,"Uitsluitend materiele schade",2,"e-bike","Fiets","Flank","Kruispunt, 4 takken",30,"Niet brandend","Daglicht","Droog",\N,\N,"Bachstraat","Tubbergen","Tubbergen","Overijssel",false,52.407314,6.790947,"material damage only","4","clear",false,1,"GM0183"
"20220145326",2022,"Uitsluitend materiele schade",2,"Snorfiets","Fiets","Flank","Rechte weg",30,"Niet brandend","Daglicht","Regen","Brug/viaduct","600587403","Laan van Meerdervoort","'s-Gravenhage","'s-Gravenhage","Zuid-Holland",false,52.080583,4.283645,"material damage only","4","rain",false,1,"GM0518"
"20220148708",2022,"Letsel",2,"Personenauto","Fiets","Flank","Kruispunt, 4 takken",50,"Niet brandend","Daglicht","Droog",\N,\N,"Burg Elkhuizenlaan","Oosterhout","Oosterhout","Noord-Brabant",false,51.655937,4.871212,"injury","2","clear",false,1,"GM0826"
"20220152383",2022,"Uitsluitend materiele schade",2,"Bromfiets","Fiets","Onbekend","Kruispunt, 3 takken",\N,"Niet brandend","Daglicht","Droog",\N,\N,"Eendrachtskade","Groningen","Groningen","Groningen",false,53.214663,6.552228,"material damage only","4","clear",false,1,"GM0014"
"20220155456",2022,"Uitsluitend materiele schade",2,"Fiets","Fiets","Frontaal","Kruispunt, 4 takken",30,"Niet brandend","Daglicht","Droog",\N,\N,"Riouwstraat","Amsterdam","Amsterdam","Noord-Holland",false,52.361347,4.934055,"material damage only","4","clear",false,1,"GM0363"
"20220192251",2022,"Uitsluitend materiele schade",2,"e-bike","Personenauto","Flank","Rotonde",50,"Niet brandend","Daglicht","Droog",\N,\N,"Tijnjedijk","Leeuwarden","Leeuwarden","Friesland",false,53.192485,5.815657,"material damage only","4","clear",false,1,"GM0080"
"20220134408",2022,"Uitsluitend materiele schade",2,"Personenauto","e-bike","Geparkeerd voertuig","Rechte weg",30,"Niet brandend","Daglicht","Droog","Parkeervoorziening","481605065","Molenerf","Uithuizen","Het Hogeland","Groningen",false,53.405446,6.677336,"material damage only","4","clear",false,1,"GM1966"
"20220137521",2022,"Letsel",2,"e-bike","Fiets","Flank","Kruispunt, 3 takken",60,"Niet aanwezig","Daglicht","Droog",\N,\N,"HUITINKBRUGWEG","Winterswijk","Winterswijk","Gelderland",false,51.95547,6.744901,"injury","2","clear",false,1,"GM0294"