"accident_id","year","severity_raw","party_count","party1_type","party2_type","accident_type","road_situation","speed_limit_kmh","road_lighting","light_condition_label","weather_raw","infra_type","road_segment_id","street_name","place_name","gemeente_name_raw","province","alcohol_indicated","latitude","longitude","severity_label","severity_code","weather_label","built_up_area","cyclists_involved","gemeente_code"
"20220146207",2022,"Letsel",2,"Bromfiets","e-bike","Flank","Kruispunt, 3 takken",30,"Niet aanwezig","Daglicht","Droog",\N,\N,"Simon van der Meerpad","Papendrecht","Papendrecht","Zuid-Holland",false,51.828859,4.705863,"injury","2","clear",false,1,"GM0590"
"20220173010",2022,"Letsel",3,"Personenauto","Fiets","Onbekend","Rechte weg",30,"Niet brandend","Daglicht","Droog",\N,\N,"Europaweg","Vleuten","Utrecht","Utrecht",false,52.098912,5.015915,"injury","2","clear",false,1,"GM0344"
"20220191650",2022,"Letsel",3,"Personenauto","Fiets","Flank","Rotonde",50,"Niet brandend","Daglicht","Droog",\N,\N,"Groningerstraatweg","Leeuwarden","Leeuwarden","Friesland",false,53.208708,5.806139,"injury","2","clear",false,1,"GM0080"
"20220193148",2022,"Uitsluitend materiele schade",2,"Fiets","Overig wegmeubilair","Vast voorwerp","Rechte weg",30,"Niet brandend","Daglicht","Mist",\N,"600868038","Ranumerweg","Winsum","Het Hogeland","Groningen",false,53.339427,6.510613,"material damage only","4","fog",false,1,"GM1966"
"20220126459",2022,"Letsel",2,"Fiets","Fiets","Flank","Rechte weg",30,"Niet brandend","Daglicht","Droog",\N,"159310006","Tasmanstraat","'s-Gravenhage","'s-Gravenhage","Zuid-Holland",false,52.080627,4.293182,"injury","2","clear",false,1,"GM0518"
"20220148893",2022,"Letsel",2,"Fiets","Fiets","Flank","Rechte weg",60,"Niet aanwezig","Daglicht","Droog",\N,"116140002","Provincialeweg","Vogelwaarde","Hulst","Zeeland",false,51.312649,4.0034,"injury","2","clear",false,1,"GM0677"
"20220148897",2022,"Letsel",2,"Fiets","Fiets","Onbekend",\N,\N,\N,"Duisternis",\N,\N,"60174063","Nieuwe Vlissingseweg","Vlissingen","Vlissingen","Zeeland",false,51.460956,3.591236,"injury","2","unknown",false,1,"GM0718"
"20220159384",2022,"Letsel",2,"Personenauto","Fiets","Flank","Kruispunt, 4 takken",30,"Niet brandend","Daglicht","Droog",\N,\N,"Vrachelsedijk","Oosterhout","Oosterhout","Noord-Brabant",true,51.64672,4.838146,"injury","2","clear",false,1,"GM0826"
"20220193038",2022,"Letsel",2,"Personenauto","e-bike","Flank","Rotonde",50,"Niet brandend","Daglicht","Regen",\N,\N,"Vrouwenpoort","Leeuwarden","Leeuwarden","Friesland",false,53.20219,5.788634,"injury","2","rain",false,1,"GM0080"
"20220124155",2022,"Letsel",2,"Personenauto","Fiets","Flank","Bocht",50,"Niet brandend","Daglicht","Droog",\N,\N,"Kerkstraat","Ouderkerk aan de Amstel","Ouder-Amstel","Noord-Holland",false,52.295008,4.901971,"injury","2","clear",false,1,"GM0437"
"20220143125",2022,"Uitsluitend materiele schade",2,"Personenauto","Fiets","Flank","Rotonde",50,"Niet brandend","Daglicht","Droog",\N,"600725959","Haagse Schouwweg","Leiden","Leiden","Zuid-Holland",false,52.159041,4.449958,"material damage only","4","clear",false,1,"GM0546"
"20220151438",2022,"Uitsluitend materiele schade",2,"Fiets",\N,"Flank","Kruispunt, 3 takken",30,"Niet brandend","Daglicht","Droog",\N,\N,"Honthem","Margraten","Eijsden-Margraten","Limburg",false,50.817544,5.79402,"material damage only","4","clear",false,1,"GM1903"
"20220152582",2022,"Uitsluitend materiele schade",2,"Personenauto","e-bike","Flank","Kruispunt, 4 takken",50,"Niet brandend","Daglicht","Droog",\N,\N,"Geograaf","Duiven","Duiven","Gelderland",false,51.964379,5.997512,"material damage only","4","clear",false,1,"GM0226"
"20220153425",2022,"Uitsluitend materiele schade",2,"Personenauto","Fiets","Onbekend","Rotonde",50,"Brandend","Schemer","Droog",\N,\N,"Prof Cornelissenstraat","Nijmegen","Nijmegen","Gelderland",false,51.829765,5.866048,"material damage only","4","clear",false,1,"GM0268"
"20220155660",2022,"Letsel",2,"Bestelauto","Fiets","Flank","Kruispunt, 3 takken",50,"Niet brandend","Daglicht","Droog",\N,\N,"BOS EN LOMMER 3","Amsterdam","Amsterdam","Noord-Holland",false,52.384736,4.84392,"injury","2","clear",false,1,"GM0363"
"20220159556",2022,"Uitsluitend materiele schade",2,"Fiets","Fiets","Onbekend","Rechte weg",\N,"Niet brandend","Daglicht","Droog",\N,"600828344","Appeldijk","Deurne","Deurne","Noord-Brabant",false,51.468576,5.805333,"material damage only","4","clear",false,1,"GM0762"
"20220168182",2022,"Letsel",2,"Personenauto","Fiets","Flank","Rotonde",50,"Niet brandend","Daglicht","Droog",\N,\N,"Kruisstraat","Gendt","Lingewaard","Gelderland",false,51.878506,5.957583,"injury","2","clear",false,1,"GM1705"
"20220138679",2022,"Uitsluitend materiele schade",2,"Fiets",\N,"Onbekend","Kruispunt, 3 takken",15,"Niet brandend","Daglicht","Droog",\N,\N,"Ganzenpad","Nieuwegein","Nieuwegein","Utrecht",false,52.020904,5.06722,"material damage only","4","clear",false,1,"GM0356"
"20220152639",2022,"Letsel",2,"Personenauto","Fiets","Flank","Kruispunt, 4 takken",50,"Niet brandend","Daglicht","Droog",\N,\N,"Beethovenlaan","Almelo","Almelo","Overijssel",false,52.358807,6.639399,"injury","2","clear",false,1,"GM0141"
"20220153465",2022,"Letsel",1,"Fiets",\N,"Eenzijdig",\N,30,\N,"Daglicht",\N,\N,\N,"De Wolflaan","Arnhem","Arnhem","Gelderland",false,52.006201,5.898261,"injury","2","unknown",false,1,"GM0202"
"20220154520",2022,"Letsel",2,"Fiets","Snorfiets","Flank","Rechte weg",60,"Niet brandend","Daglicht","Droog",\N,"600558372","Twuyverweg","Sint Pancras","Dijk en Waard","Noord-Holland",false,52.666176,4.798791,"injury","2","clear",false,1,"GM1980"
"20220158020",2022,"Letsel",2,"Fiets","Fiets","Onbekend","Rechte weg",50,"Niet brandend","Daglicht","Droog",\N,"136256089","Amnesty Internationalln","Hellevoetsluis","Voorne aan Zee","Zuid-Holland",false,51.834068,4.131374,"injury","2","clear",false,1,"GM1992"
"20220162414",2022,"Letsel",2,"Personenauto","e-bike","Geparkeerd voertuig","Rechte weg",50,"Niet brandend","Daglicht","Regen",\N,"497559001","Hoofdweg","Slochteren","Midden-Groningen","Groningen",false,53.199547,6.788169,"injury","2","rain",false,1,"GM1952"
"20220174392",2022,"Uitsluitend materiele schade",2,\N,"Fiets","Flank","Kruispunt, 3 takken",50,"Niet brandend","Schemer","Droog",\N,\N,"Houterweg","Hoogkarspel","Drechterland","Noord-Holland",false,52.689287,5.179089,"material damage only","4","clear",false,1,"GM0498"
"20220193481",2022,"Letsel",2,"Fiets",\N,"Eenzijdig","Rechte weg",50,"Brandend","Duisternis",\N,\N,\N,"Fivellaan","Delfzijl","Eemsdelta","Groningen",false,53.329372,6.899857,"injury","2","unknown",false,1,"GM1979"
"20220123033",2022,"Letsel",3,"Trekker","Fiets","Flank","Kruispunt, 4 takken",50,"Niet brandend","Daglicht","Droog",\N,\N,"Schouwtjeslaan","Haarlem","Haarlem","Noord-Holland",false,52.371276,4.618354,"injury","2","clear",false,1,"GM0392"
"20220126623",2022,"Uitsluitend materiele schade",2,"Snorfiets","Fiets","Frontaal","Bocht",30,"Niet brandend","Daglicht","Droog",\N,\N,"Fruitweg","'s-Gravenhage","'s-Gravenhage","Zuid-Holland",false,52.058936,4.306552,"material damage only","4","clear",false,1,"GM0518"
"20220143221",2022,"Letsel",2,"Personenauto","Fiets","Flank","Rotonde",30,"Niet brandend","Daglicht","Droog",\N,\N,"Strandweg","'s-Gravenhage","'s-Gravenhage","Zuid-Holland",false,52.11149,4.278164,"injury","2","clear",false,1,"GM0518"
"20220146441",2022,"Letsel",2,"Personenauto","Fiets","Flank","Kruispunt, 4 takken",50,"Niet brandend","Daglicht","Droog",\N,\N,"Admiraal de Ruyterweg","Rotterdam","Rotterdam","Zuid-Holland",false,51.927333,4.486802,"injury","2","clear",false,1,"GM0599"
"20240089348",2024,"Letsel",1,"Fiets",\N,"Eenzijdig","Rechte weg",50,"Niet brandend","Daglicht","Droog",\N,"204393094","Lange Nieuwstraat","IJmuiden","Velsen","Noord-Holland",false,52.45762,4.613342,"injury","2","clear",false,1,"GM0453"
"20240092046",2024,"Uitsluitend materiele schade",1,"Fiets",\N,"Onbekend","Rechte weg",80,"Niet brandend","Daglicht","Droog",\N,"372186001","Landmeter van Beurdenweg","De Rips","Gemert-Bakel","Noord-Brabant",false,51.529343,5.840156,"material damage only","4","clear",false,1,"GM1652"
"20240098737",2024,"Uitsluitend materiele schade",2,"Personenauto","e-bike","Onbekend","Kruispunt, 3 takken",30,"Niet aanwezig","Daglicht","Droog",\N,\N,"Raasdorperweg","Amsterdam","Amsterdam","Noord-Holland",false,52.376992,4.766694,"material damage only","4","clear",false,1,"GM0363"
"20240045967",2024,"Uitsluitend materiele schade",2,"Personenauto","Fiets","Flank","Kruispunt, 3 takken",50,"Niet aanwezig","Daglicht","Droog",\N,\N,"Beethovenstraat","Zutphen","Zutphen","Gelderland",false,52.131909,6.197136,"material damage only","4","clear",false,1,"GM0301"
"20240078452",2024,"Uitsluitend materiele schade",2,"Personenauto","Fiets","Flank","Rechte weg",30,"Niet brandend","Daglicht","Droog",\N,"432281111","Oude Doetinchemseweg","Doetinchem","Doetinchem","Gelderland",false,51.950347,6.279007,"material damage only","4","clear",false,1,"GM0222"
"20240092193",2024,"Letsel",2,"Fiets","Overig vast object","Eenzijdig","Kruispunt, 4 takken",50,"Niet brandend","Daglicht","Droog",\N,\N,"Amsteleindstraat","Oss","Oss","Noord-Brabant",false,51.76279,5.504856,"injury","2","clear",false,1,"GM0828"
"20240092206",2024,"Uitsluitend materiele schade",2,"Bromfiets","Fiets","Frontaal","Bocht",30,"Niet brandend","Daglicht","Droog",\N,"600223058","Paarloweg","Sint Odiliënberg","Roerdalen","Limburg",false,51.143081,6.035691,"material damage only","4","clear",false,1,"GM1669"
"20240092209",2024,"Uitsluitend materiele schade",2,"Personenauto","Fiets","Frontaal","Bocht",30,"Niet brandend","Daglicht","Droog",\N,"354029023","EIJSDERWEG","Maastricht","Maastricht","Limburg",false,50.821674,5.703949,"material damage only","4","clear",false,1,"GM0935"
"20240096118",2024,"Letsel",2,"Personenauto","Fiets","Flank","Kruispunt, 4 takken",50,"Niet brandend","Daglicht","Droog",\N,\N,"HERENBRUG","Utrecht","Utrecht","Utrecht",false,52.090028,5.127386,"injury","2","clear",false,1,"GM0344"
"20240043801",2024,"Uitsluitend materiele schade",2,"Personenauto","Fiets","Flank","Rechte weg",50,"Niet brandend","Daglicht","Droog",\N,"601029295","Stationsweg","Venray","Venray","Limburg",false,51.52866,5.978505,"material damage only","4","clear",false,1,"GM0984"
"20240073243",2024,"Uitsluitend materiele schade",2,"Snorfiets","Fiets","Onbekend","Rechte weg",30,"Niet brandend","Daglicht","Regen",\N,\N,"Brittendreef","Tilburg","Tilburg","Noord-Brabant",false,51.578482,5.096932,"material damage only","4","rain",false,1,"GM0855"
"20240074558",2024,"Letsel",3,"Motor","Fiets","Flank","Kruispunt, 4 takken",50,"Niet brandend","Daglicht","Droog",\N,\N,"Weert","Meerssen","Meerssen","Limburg",false,50.886823,5.732444,"injury","2","clear",false,1,"GM0938"
"20240078506",2024,"Letsel",1,"Fiets",\N,"Eenzijdig","Rechte weg",30,"Niet brandend","Daglicht","Droog",\N,"209300128","Oude Dreef","Waddinxveen","Waddinxveen","Zuid-Holland",false,52.039583,4.652891,"injury","2","clear",false,1,"GM0627"
"20240081623",2024,"Uitsluitend materiele schade",2,"Personenauto","Fiets","Onbekend","Rechte weg",30,"Niet brandend","Daglicht","Droog",\N,"197284117","Imkerstraat","Rotterdam","Rotterdam","Zuid-Holland",false,51.964592,4.570417,"material damage only","4","clear",false,1,"GM0599"
"20240084814",2024,"Letsel",2,"Personenauto","Fiets","Flank","Rotonde",50,"Niet brandend","Daglicht","Droog",\N,\N,"Westeinde","Harderwijk","Harderwijk","Gelderland",false,52.343112,5.613758,"injury","2","clear",false,1,"GM0243"
"20240089402",2024,"Letsel",2,"Personenauto","Fiets","Flank","Kruispunt, 4 takken",50,"Niet brandend","Daglicht","Droog",\N,\N,"Nieuwe Duinweg","'s-Gravenhage","'s-Gravenhage","Zuid-Holland",false,52.107532,4.289241,"injury","2","clear",false,1,"GM0518"
"20240091342",2024,"Uitsluitend materiele schade",2,"Bromfiets","Fiets","Frontaal","Rechte weg",30,"Niet brandend","Daglicht","Droog",\N,"600774376","Silvrettapad","Tilburg","Tilburg","Noord-Brabant",false,51.539988,5.086956,"material damage only","4","clear",false,1,"GM0855"
"20240098217",2024,"Letsel",2,"Fiets","Fiets","Los voorwerp","Rechte weg",50,"Niet brandend","Daglicht","Droog",\N,"600505467","FIETSPAD","Wassenaar","Wassenaar","Zuid-Holland",false,52.107137,4.360814,"injury","2","clear",false,1,"GM0629"
"20240098224",2024,"Letsel",2,"Fiets","Fiets","Onbekend","Kruispunt, 3 takken",30,"Niet brandend","Daglicht","Droog","Brug/viaduct",\N,"Valkenburgerweg","Oegstgeest","Oegstgeest","Zuid-Holland",false,52.17842,4.448863,"injury","2","clear",false,1,"GM0579"
"20240046678",2024,"Uitsluitend materiele schade",2,"Fiets","Bromfiets","Onbekend","Kruispunt, 4 takken",30,"Niet brandend","Daglicht","Droog",\N,\N,"St. Canisiussingel","Nijmegen","Nijmegen","Gelderland",false,51.843044,5.868482,"material damage only","4","clear",false,1,"GM0268"
"20240050317",2024,"Uitsluitend materiele schade",2,"Fiets","Personenauto","Flank","Kruispunt, 4 takken",\N,"Niet brandend","Daglicht","Droog",\N,\N,"Rozenburglaan","Duivendrecht","Ouder-Amstel","Noord-Holland",false,52.334705,4.946978,"material damage only","4","clear",false,1,"GM0437"
"20240084890",2024,"Letsel",1,"Fiets",\N,"Onbekend","Rechte weg",30,"Niet brandend","Daglicht","Regen",\N,\N,"Walstraat","Deventer","Deventer","Overijssel",false,52.252425,6.163112,"injury","2","rain",false,1,"GM0150"
"20240086182",2024,"Letsel",2,"Personenauto","Fiets","Flank","Rechte weg",50,"Niet brandend","Daglicht",\N,\N,"193375142","Burg Engelbertsstraat","Zandvoort","Zandvoort","Noord-Holland",false,52.375187,4.529161,"injury","2","unknown",false,1,"GM0473"
"20240096803",2024,"Uitsluitend materiele schade",2,"Fiets",\N,"Flank","Kruispunt, 3 takken",50,"Niet brandend","Daglicht","Droog",\N,\N,"Fahrenheitstraat","Harderwijk","Harderwijk","Gelderland",false,52.359168,5.641605,"material damage only","4","clear",false,1,"GM0243"
"20240043878",2024,"Uitsluitend materiele schade",2,"Fiets","Personenauto","Flank","Kruispunt, 4 takken",50,"Niet brandend","Daglicht","Droog",\N,\N,"Köbbesweg","Maastricht","Maastricht","Limburg",false,50.814444,5.719553,"material damage only","4","clear",false,1,"GM0935"
"20240048457",2024,"Uitsluitend materiele schade",2,"Personenauto","Fiets","Frontaal","Kruispunt, 4 takken",50,"Niet brandend","Daglicht","Droog",\N,\N,"Bouwerskamp","Emmeloord","Noordoostpolder","Flevoland",false,52.707151,5.754733,"material damage only","4","clear",false,1,"GM0171"
"20240078553",2024,"Uitsluitend materiele schade",2,"Personenauto","Fiets","Flank","Kruispunt, 3 takken",30,"Niet brandend","Daglicht","Droog",\N,\N,"Van der Woudendijk","'s-Gravenhage","'s-Gravenhage","Zuid-Holland",false,52.036055,4.366466,"material damage only","4","clear",false,1,"GM0518"
"20240081694",2024,"Uitsluitend materiele schade",2,"Personenauto","Fiets","Flank","Kruispunt, 4 takken",50,"Niet brandend","Daglicht","Droog",\N,\N,"Kralingse Kerklaan","Rotterdam","Rotterdam","Zuid-Holland",false,51.921763,4.540281,"material damage only","4","clear",false,1,"GM0599"
"20240083640",2024,"Dodelijk",2,"Personenauto","Fiets","Flank","Kruispunt, 3 takken",80,"Niet brandend","Daglicht","Droog",\N,\N,"Elshoutseweg","Oudheusden","Heusden","Noord-Brabant",false,51.719183,5.135368,"fatal","1","clear",false,1,"GM0797"
"20240083656",2024,"Letsel",2,"Fiets","Los voorwerp","Los voorwerp","Bocht",30,"Niet brandend","Daglicht","Droog",\N,"600800468","Ansbalduslaan","Waalre","Waalre","Noord-Brabant",false,51.391823,5.456939,"injury","2","clear",false,1,"GM0866"
"20240085562",2024,"Uitsluitend materiele schade",2,"Personenauto","Fiets","Flank","Kruispunt, 4 takken",50,"Niet brandend","Daglicht","Droog",\N,\N,"Reigersweg","Apeldoorn","Apeldoorn","Gelderland",false,52.205706,5.97559,"material damage only","4","clear",false,1,"GM0200"
"20240093516",2024,"Uitsluitend materiele schade",2,"Fiets","Fiets","Frontaal","Rechte weg",50,"Niet brandend","Daglicht","Droog",\N,"600917524","Koning Stadhouderlaan","Apeldoorn","Apeldoorn","Gelderland",false,52.207099,5.958035,"material damage only","4","clear",false,1,"GM0200"
"20240097879",2024,"Uitsluitend materiele schade",2,"Fiets","Personenauto","Flank","Kruispunt, 4 takken",30,"Niet brandend","Daglicht","Droog",\N,\N,"Vondelstraat","Delft","Delft","Zuid-Holland",false,52.012453,4.370655,"material damage only","4","clear",false,1,"GM0503"
"20240098290",2024,"Uitsluitend materiele schade",2,"Fiets","Vrachtauto","Flank","Kruispunt, 4 takken",30,"Niet brandend","Daglicht","Droog",\N,\N,"Stadionweg","Amsterdam","Amsterdam","Noord-Holland",false,52.345054,4.858199,"material damage only","4","clear",false,1,"GM0363"
"20240093893",2024,"Letsel",2,"Personenauto","Fiets","Flank","Kruispunt, 4 takken",30,"Niet brandend","Daglicht","Droog",\N,\N,"Frankrijkstraat","Lent","Nijmegen","Gelderland",false,51.870061,5.863332,"injury","2","clear",false,1,"GM0268"
"20240094299",2024,"Uitsluitend materiele schade",2,"Personenauto","Fiets","Onbekend","Rechte weg",30,"Niet brandend","Daglicht","Droog",\N,"500355033","Oude Bornseweg","Hengelo","Hengelo (O)","Overijssel",false,52.278442,6.786393,"material damage only","4","clear",false,1,\N
"20240096304",2024,"Uitsluitend materiele schade",2,"Fiets","Personenauto","Flank","Kruispunt, 4 takken",50,"Brandend","Duisternis","Droog",\N,\N,"Utrechtseweg","Amersfoort","Amersfoort","Utrecht",false,52.153527,5.38416,"material damage only","4","clear",false,1,"GM0307"
"20240098349",2024,"Uitsluitend materiele schade",3,"Bestelauto","Fiets","Los voorwerp","Kruispunt, 4 takken",30,"Niet aanwezig","Daglicht","Droog",\N,\N,"Oosteinde","Amsterdam","Amsterdam","Noord-Holland",false,52.358408,4.901712,"material damage only","4","clear",false,1,"GM0363"
"20240049807",2024,"Uitsluitend materiele schade",2,"Fiets","Fiets","Flank","Rechte weg",30,"Niet brandend","Daglicht","Droog",\N,"248380018","Buikslotermeerplein","Amsterdam","Amsterdam","Noord-Holland",false,52.399558,4.937576,"material damage only","4","clear",false,1,"GM0363"
"20240050429",2024,"Letsel",2,"Trein/tram","Fiets","Flank","Rechte weg",50,"Niet brandend","Daglicht","Droog",\N,"600535765","Fruitweg","'s-Gravenhage","'s-Gravenhage","Zuid-Holland",false,52.061306,4.308351,"injury","2","clear",false,1,"GM0518"
"20240077420",2024,"Uitsluitend materiele schade",2,"Bromfiets","Fiets","Flank","Kruispunt, 4 takken",50,"Niet brandend","Daglicht","Droog",\N,\N,"Grote Beer","Veenendaal","Veenendaal","Utrecht",false,52.027832,5.570178,"material damage only","4","clear",false,1,"GM0345"
"20240081772",2024,"Letsel",1,"Fiets",\N,"Eenzijdig","Rechte weg",80,"Brandend","Duisternis","Droog",\N,"600598690","Haarlemmertrekvaart","Oegstgeest","Oegstgeest","Zuid-Holland",false,52.197071,4.484666,"injury","2","clear",false,1,"GM0579"
"20240083765",2024,"Uitsluitend materiele schade",2,"Personenauto","Fiets","Kop/staart","Rechte weg",30,"Niet brandend","Daglicht","Droog",\N,"321171077","Woenselsestraat","Eindhoven","Eindhoven","Noord-Brabant",false,51.460783,5.470882,"material damage only","4","clear",false,1,"GM0772"
"20240048579",2024,"Uitsluitend materiele schade",2,"Personenauto","Fiets","Flank","Kruispunt, 4 takken",50,"Niet brandend","Daglicht","Droog",\N,\N,"Laantje van Van Iperen","Leerdam","Vijfheerenlanden","Utrecht",false,51.880743,5.085127,"material damage only","4","clear",false,1,"GM1961"
"20240050470",2024,"Letsel",2,"Bestelauto","Fiets","Onbekend","Kruispunt, 4 takken",30,"Niet brandend","Daglicht","Droog",\N,\N,"Mauritskade","Amsterdam","Amsterdam","Noord-Holland",false,52.361468,4.915209,"injury","2","clear",false,1,"GM0363"
"20240075785",2024,"Uitsluitend materiele schade",2,"Personenauto","Fiets","Onbekend","Rechte weg",50,"Niet brandend","Daglicht","Droog","Tankstation","600867235","Het Haagje","Hoogeveen","Hoogeveen","Drenthe",false,52.721086,6.484461,"material damage only","4","clear",false,1,"GM0118"
"20240083126",2024,"Uitsluitend materiele schade",2,"Personenauto","Fiets","Flank","Kruispunt, 3 takken",30,"Brandend","Duisternis","Droog",\N,\N,"Alexander Gogelweg","Vlissingen","Vlissingen","Zeeland",false,51.463358,3.558809,"material damage only","4","clear",false,1,"GM0718"
"20240089646",2024,"Letsel",2,"Personenauto","Fiets","Flank","Kruispunt, 4 takken",30,"Niet brandend","Daglicht","Droog",\N,\N,"Ambachtslaan","Assendelft","Zaanstad","Noord-Holland",false,52.489989,4.755226,"injury","2","clear",false,1,"GM0479"
"20240084496",2024,"Letsel",3,"Fiets","Bus","Vast voorwerp","Rechte weg",60,"Niet aanwezig","Duisternis","Droog",\N,"455312068","Borculoseweg","Ruurlo","Berkelland","Gelderland",false,52.088268,6.45083,"injury","2","clear",false,1,"GM1859"
"20240088332",2024,"Uitsluitend materiele schade",2,"Personenauto","Fiets","Frontaal","Kruispunt, 3 takken",50,"Niet brandend","Daglicht","Droog",\N,\N,"Hugo de Grootlaan","Zoetermeer","Zoetermeer","Zuid-Holland",false,52.070119,4.526891,"material damage only","4","clear",false,1,"GM0637"
"20240095839",2024,"Uitsluitend materiele schade",2,"Bestelauto","Fiets","Kop/staart","Rechte weg",30,"Niet brandend","Daglicht","Regen",\N,"224404006","Zilverschoonlaan","Krommenie","Zaanstad","Noord-Holland",false,52.506951,4.76011,"material damage only","4","rain",false,1,"GM0479"
"20240075289",2024,"Uitsluitend materiele schade",2,"Personenauto","Fiets","Flank","Kruispunt, 3 takken",30,"Niet brandend","Daglicht","Droog",\N,\N,"Buitengracht","Bemmel","Lingewaard","Gelderland",false,51.89262,5.898656,"material damage only","4","clear",false,1,"GM1705"
"20240079336",2024,"Letsel",1,"Fiets",\N,"Onbekend","Rechte weg",50,"Niet brandend","Daglicht","Droog",\N,"205393020","Rijnstraat","IJmuiden","Velsen","Noord-Holland",false,52.45705,4.617671,"injury","2","clear",false,1,"GM0453"
"20240089067",2024,"Uitsluitend materiele schade",1,"Fiets",\N,"Flank","Bocht",50,"Brandend","Duisternis","Droog",\N,"149288041","Kloosterpad","Naaldwijk","Westland","Zuid-Holland",false,51.979558,4.216046,"material damage only","4","clear",false,1,"GM1783"
"20240089707",2024,"Letsel",1,"Fiets",\N,"Onbekend","Kruispunt, 3 takken",50,"Niet brandend","Daglicht","Droog",\N,\N,"Korvelseweg","Tilburg","Tilburg","Noord-Brabant",false,51.551022,5.074004,"injury","2","clear",false,1,"GM0855"
"20240094465",2024,"Letsel",1,"Fiets",\N,"Onbekend",\N,80,\N,"Daglicht",\N,\N,"388322002","Arnhemseweg","Beekbergen","Apeldoorn","Gelderland",false,52.140623,5.959957,"injury","2","unknown",false,1,"GM0200"
"20240097042",2024,"Uitsluitend materiele schade",1,"Fiets",\N,"Kop/staart","Rechte weg",50,"Niet brandend","Daglicht","Droog",\N,"600917633","Wethouder Alferinkweg","Zwolle","Zwolle","Overijssel",false,52.505296,6.111597,"material damage only","4","clear",false,1,"GM0193"
"20240100004",2024,"Uitsluitend materiele schade",1,"Fiets",\N,"Onbekend","Rechte weg",50,"Brandend","Duisternis","Droog",\N,"187282027","Bergse Dorpsstraat","Rotterdam","Rotterdam","Zuid-Holland",false,51.954979,4.49359,"material damage only","4","clear",false,1,"GM0599"
"20240074899",2024,"Letsel",2,"Fiets","Los voorwerp","Los voorwerp","Rechte weg",60,"Niet aanwezig","Duisternis","Droog",\N,"388347001","Oude Zwolseweg","Wenum Wiesel","Apeldoorn","Gelderland",false,52.252613,5.962876,"injury","2","clear",false,1,"GM0200"
"20240087785",2024,"Uitsluitend materiele schade",2,"Fiets","Fiets","Frontaal","Rechte weg",30,"Niet brandend","Daglicht","Droog",\N,"392339041","Wijnruitstraat","Apeldoorn","Apeldoorn","Gelderland",false,52.215498,5.987398,"material damage only","4","clear",false,1,"GM0200"
"20240098982",2024,"Letsel",2,"e-bike",\N,"Flank","Kruispunt, 4 takken",50,"Niet brandend","Daglicht","Droog",\N,\N,"Doplaan","Purmerend","Purmerend","Noord-Holland",false,52.511101,4.951793,"injury","2","clear",false,1,"GM0439"
"20240048734",2024,"Uitsluitend materiele schade",2,"Personenauto","Fiets","Flank","Kruispunt, 4 takken",\N,"Niet brandend","Daglicht","Droog",\N,\N,"Poolmansweg","Enschede","Enschede","Overijssel",false,52.217032,6.868048,"material damage only","4","clear",false,1,"GM0153"
"20240049988",2024,"Letsel",2,"Personenauto","Fiets","Flank","Kruispunt, 3 takken",30,"Niet aanwezig","Daglicht","Droog",\N,\N,"Plesmanlaan","Amsterdam","Amsterdam","Noord-Holland",false,52.349116,4.824327,"injury","2","clear",false,1,"GM0363"
"20240079426",2024,"Uitsluitend materiele schade",2,"Personenauto","Fiets","Flank","Kruispunt, 3 takken",30,"Niet brandend","Daglicht","Droog",\N,\N,"Fizeaustraat","Amsterdam","Amsterdam","Noord-Holland",false,52.345252,4.926263,"material damage only","4","clear",false,1,"GM0363"
"20240085859",2024,"Letsel",2,"Personenauto","Fiets","Onbekend","Rotonde",50,"Niet brandend","Daglicht","Droog",\N,\N,"Arendshorst","Losser","Losser","Overijssel",false,52.269675,7.005643,"injury","2","clear",false,1,"GM0168"
"20240087848",2024,"Letsel",2,"Fiets","Fiets","Flank","Rechte weg",\N,"Niet brandend","Daglicht","Droog",\N,"154310009","Sportlaan","'s-Gravenhage","'s-Gravenhage","Zuid-Holland",false,52.078904,4.256845,"injury","2","clear",false,1,"GM0518"
"20240088449",2024,"Letsel",2,"Fiets","Fiets","Onbekend","Rechte weg",\N,"Niet brandend","Daglicht","Droog",\N,"600925833","Valkenboslaan","'s-Gravenhage","'s-Gravenhage","Zuid-Holland",false,52.071599,4.275548,"injury","2","clear",false,1,"GM0518"
"20240089809",2024,"Uitsluitend materiele schade",2,"Personenauto","Fiets","Flank","Kruispunt, 4 takken",50,"Niet brandend","Daglicht","Droog",\N,\N,"Spoorbaan","Goirle","Goirle","Noord-Brabant",false,51.519829,5.047444,"material damage only","4","clear",false,1,"GM0785"
"20240094982",2024,"Letsel",1,"Fiets",\N,"Onbekend","Rechte weg",50,"Niet brandend","Daglicht","Droog",\N,"600500060","Zuiderplein","Leeuwarden","Leeuwarden","Friesland",false,53.197678,5.796248,"injury","2","clear",false,1,"GM0080"
"20240100322",2024,"Uitsluitend materiele schade",2,"Fiets","Personenauto","Onbekend",\N,30,\N,"Duisternis",\N,\N,"143299036","Molenstraat","Monster","Westland","Zuid-Holland",false,52.028602,4.176858,"material damage only","4","unknown",false,1,"GM1783"
"20240100571",2024,"Letsel",2,"Personenauto","Fiets","Flank","Rotonde",50,"Niet brandend","Daglicht","Droog",\N,\N,"Drakensteynplaats","Leiden","Leiden","Zuid-Holland",false,52.16757,4.506308,"injury","2","clear",false,1,"GM0546"