"accident_id","year","severity_raw","party_count","party1_type","party2_type","accident_type","road_situation","speed_limit_kmh","road_lighting","light_condition_label","weather_raw","infra_type","road_segment_id","street_name","place_name","gemeente_name_raw","province","alcohol_indicated","latitude","longitude","severity_label","severity_code","weather_label","built_up_area","cyclists_involved","gemeente_code"
"20230039443",2023,"Uitsluitend materiele schade",2,"Personenauto","Fiets","Geparkeerd voertuig","Rechte weg",30,"Niet brandend","Daglicht","Droog",\N,"600360690","Dorpsweg","Rotterdam","Rotterdam","Zuid-Holland",false,51.88671,4.471522,"material damage only","4","clear",false,1,"GM0599"
"20230044669",2023,"Uitsluitend materiele schade",1,"Fiets",\N,"Voetganger","Rechte weg",60,"Niet brandend","Daglicht","Droog",\N,"600237255","Waaldijk","Gendt","Lingewaard","Gelderland",false,51.873065,5.970337,"material damage only","4","clear",false,1,"GM1705"
"20230049938",2023,"Letsel",2,"Fiets","Fiets","Onbekend","Rechte weg",30,"Brandend","Schemer","Droog",\N,"169294142","Molslaan","Delft","Delft","Zuid-Holland",false,52.01017,4.361443,"injury","2","clear",false,1,"GM0503"
"20230056333",2023,"Uitsluitend materiele schade",2,"Personenauto","Fiets","Flank","Rechte weg",50,"Niet brandend","Daglicht","Droog",\N,"388333018","Arnhemseweg","Apeldoorn","Apeldoorn","Gelderland",false,52.186153,5.962149,"material damage only","4","clear",false,1,"GM0200"
"20230056913",2023,"Uitsluitend materiele schade",2,"Personenauto","Fiets","Flank","Kruispunt, 4 takken",50,"Niet brandend","Daglicht","Droog",\N,\N,"Molenstraat","Ede","Ede","Gelderland",false,52.04616,5.657739,"material damage only","4","clear",false,1,"GM0228"
"20230066488",2023,"Uitsluitend materiele schade",2,"Bromfiets","Fiets","Kop/staart","Rechte weg",50,"Niet brandend","Daglicht","Droog",\N,"331307004","Dorpsstraat","Renswoude","Renswoude","Utrecht",false,52.073293,5.541541,"material damage only","4","clear",false,1,"GM0339"
"20240128464",2024,"Uitsluitend materiele schade",2,"Personenauto","Fiets","Onbekend","Rechte weg",30,\N,"Daglicht","Droog",\N,"346523085","Jancko Douwamastraat","Sneek","Súdwest-Fryslân","Friesland",false,53.042587,5.656281,"material damage only","4","clear",false,1,"GM1900"
"20240129256",2024,"Letsel",2,"Personenauto","Fiets","Flank","Kruispunt, 3 takken",30,"Niet brandend","Daglicht","Droog",\N,\N,"Charlie Chaplinweg","Almere","Almere","Flevoland",false,52.376196,5.228776,"injury","2","clear",false,1,"GM0034"
"20240130002",2024,"Uitsluitend materiele schade",2,"Bromfiets","Fiets","Frontaal","Rechte weg",30,"Niet brandend","Daglicht","Droog",\N,"245305005","Dorpstraat","Linschoten","Montfoort","Utrecht",true,52.062124,4.915009,"material damage only","4","clear",false,1,"GM0335"
"20230044716",2023,"Letsel",2,"Fiets","Personenauto","Flank","Rotonde",50,"Niet brandend","Daglicht","Droog",\N,\N,"Wilhelminalaan","Beuningen Gld","Beuningen","Gelderland",false,51.85962,5.768476,"injury","2","clear",false,1,"GM0209"
"20230061369",2023,"Letsel",2,"Fiets","Bromfiets","Flank","Kruispunt, 4 takken",30,"Brandend","Duisternis","Droog",\N,\N,"Dordwijklaan","Dordrecht","Dordrecht","Zuid-Holland",false,51.797468,4.687127,"injury","2","clear",false,1,"GM0505"
"20240128619",2024,"Letsel",2,"Personenauto","Fiets","Flank","Kruispunt, 3 takken",30,"Niet brandend","Daglicht","Droog",\N,\N,"Hoofdstraat","Borger","Borger-Odoorn","Drenthe",false,52.920903,6.792327,"injury","2","clear",false,1,"GM1681"
"20240128766",2024,"Uitsluitend materiele schade",2,"Personenauto","Fiets","Flank","Rotonde",50,"Niet brandend","Daglicht","Droog",\N,\N,"Archipelweg","Leeuwarden","Leeuwarden","Friesland",false,53.202809,5.817955,"material damage only","4","clear",false,1,"GM0080"
"20240130172",2024,"Uitsluitend materiele schade",2,"Personenauto","Fiets","Kop/staart","Rotonde",50,"Niet brandend","Daglicht","Droog",\N,\N,"Van Egmondkade","Utrecht","Utrecht","Utrecht",false,52.109629,5.092271,"material damage only","4","clear",false,1,"GM0344"
"20240131163",2024,"Letsel",2,\N,"Fiets","Flank","Rechte weg",30,"Niet brandend","Daglicht","Droog",\N,"600124239","Vijzelstraat","Amsterdam","Amsterdam","Noord-Holland",false,52.364528,4.892501,"injury","2","clear",false,1,"GM0363"
"20240131206",2024,"Letsel",2,"Fiets","Personenauto","Flank","Rotonde",50,"Niet brandend","Daglicht","Regen",\N,\N,"Lindenlaan","Amstelveen","Amstelveen","Noord-Holland",false,52.29657,4.847855,"injury","2","rain",false,1,"GM0362"
"20230045307",2023,"Letsel",2,"Personenauto","Fiets","Frontaal","Kruispunt, 3 takken",50,"Niet brandend","Daglicht","Droog",\N,\N,"Troelstralaan","Hoogezand","Midden-Groningen","Groningen",false,53.155386,6.740237,"injury","2","clear",false,1,"GM1952"
"20230048270",2023,"Letsel",2,"Fiets","Fiets","Onbekend","Rechte weg",15,"Niet brandend","Daglicht","Droog",\N,"333297088","Zwaaiplein","Veenendaal","Veenendaal","Utrecht",false,52.028547,5.559422,"injury","2","clear",false,1,"GM0345"
"20240131226",2024,"Uitsluitend materiele schade",2,"Fiets","Personenauto","Flank","Kruispunt, 4 takken",30,"Niet brandend","Daglicht","Droog",\N,\N,"Van Hallstraat","Amsterdam","Amsterdam","Noord-Holland",false,52.378942,4.873241,"material damage only","4","clear",false,1,"GM0363"
"20230038983",2023,"Letsel",2,"Fiets","Fiets","Onbekend","Rechte weg",50,"Niet brandend","Daglicht","Regen",\N,"600360936","Witte de Withstraat","Rotterdam","Rotterdam","Zuid-Holland",false,51.915428,4.4764,"injury","2","rain",false,1,"GM0599"
"20230045351",2023,"Uitsluitend materiele schade",2,"Personenauto","Fiets","Onbekend","Rotonde",50,"Niet brandend","Daglicht","Droog",\N,\N,"Oude Veemarkt","Leeuwarden","Leeuwarden","Friesland",false,53.197057,5.789215,"material damage only","4","clear",false,1,"GM0080"
"20240132016",2024,"Letsel",2,"Personenauto","Fiets","Onbekend",\N,\N,\N,"Duisternis",\N,\N,\N,"Ver Loren van Themaatln","Velsen-Zuid","Velsen","Noord-Holland",false,52.456493,4.63365,"injury","2","unknown",false,1,"GM0453"
"20230037844",2023,"Uitsluitend materiele schade",2,"Personenauto","Fiets","Onbekend","Kruispunt, 4 takken",50,"Niet brandend","Daglicht","Droog",\N,\N,"Frankenweg","Wijk bij Duurstede","Wijk bij Duurstede","Utrecht",false,51.97786,5.343864,"material damage only","4","clear",false,1,"GM0352"
"20230044214",2023,"Uitsluitend materiele schade",2,"Fiets","Personenauto","Frontaal","Rechte weg",50,"Niet brandend","Daglicht","Droog",\N,"360251030","Celsiusstraat","Wijchen","Wijchen","Gelderland",false,51.818305,5.756896,"material damage only","4","clear",false,1,"GM0296"
"20220228771",2022,"Letsel",2,"Personenauto","Fiets","Voetganger","Rotonde",50,"Niet brandend","Daglicht","Droog",\N,\N,"Vlietdijk","Rosmalen","'s-Hertogenbosch","Noord-Brabant",false,51.725614,5.359589,"injury","2","clear",false,1,"GM0796"
"20220229477",2022,"Uitsluitend materiele schade",3,"Fiets","Personenauto","Onbekend","Bocht",30,"Niet brandend","Daglicht","Regen",\N,\N,"Firmamentlaan","Eindhoven","Eindhoven","Noord-Brabant",false,51.469812,5.492033,"material damage only","4","rain",false,1,"GM0772"
"20220209726",2022,"Letsel",1,"Fiets",\N,"Eenzijdig","Rechte weg",50,"Niet brandend","Daglicht","Regen",\N,"254404118","Drietandstraat","Purmerend","Purmerend","Noord-Holland",false,52.505862,4.981694,"injury","2","rain",false,1,"GM0439"
"20220209767",2022,"Uitsluitend materiele schade",2,"Personenauto","Fiets","Flank","Kruispunt, 4 takken",30,"Niet brandend","Schemer","Droog",\N,\N,"Vliedlaan","Schagen","Schagen","Noord-Holland",false,52.793257,4.806681,"material damage only","4","clear",false,1,"GM0441"
"20220214293",2022,"Letsel",2,"Snorfiets","e-bike","Flank","Rotonde",\N,"Niet brandend","Daglicht","Droog",\N,\N,"Schulpweg","Noordwijkerhout","Noordwijk","Zuid-Holland",false,52.258925,4.486663,"injury","2","clear",false,1,"GM0575"
"20220215875",2022,"Letsel",2,"Personenauto","e-bike","Kop/staart","Rechte weg",50,"Niet brandend","Daglicht","Droog",\N,"600393871","Du Meelaan","Zoetermeer","Zoetermeer","Zuid-Holland",false,52.059298,4.499169,"injury","2","clear",false,1,"GM0637"
"20220215879",2022,"Letsel",2,"Personenauto","e-bike","Flank","Rotonde",50,"Niet brandend","Daglicht","Droog",\N,\N,"Koningin Julianaweg","'s-Gravenzande","Westland","Zuid-Holland",false,52.003326,4.170822,"injury","2","clear",false,1,"GM1783"
"20220225225",2022,"Uitsluitend materiele schade",3,"Personenauto","e-bike","Los voorwerp","Kruispunt, 4 takken",50,"Niet brandend","Daglicht","Droog",\N,\N,"Reitse Hoevenstraat","Tilburg","Tilburg","Noord-Brabant",false,51.575331,5.063224,"material damage only","4","clear",false,1,"GM0855"
"20220226919",2022,"Letsel",2,"Personenauto","Fiets","Flank","Kruispunt, 4 takken",30,"Brandend","Schemer","Droog",\N,\N,"Bisschop de Vetplein","Gilze","Gilze en Rijen","Noord-Brabant",false,51.542003,4.940849,"injury","2","clear",false,1,"GM0784"
"20220199641",2022,"Uitsluitend materiele schade",2,"Personenauto","Fiets","Kop/staart","Rechte weg",50,"Niet brandend","Daglicht","Droog",\N,"413351031","Ceintuurbaan","Deventer","Deventer","Overijssel",false,52.267751,6.150359,"material damage only","4","clear",false,1,"GM0150"
"20220200290",2022,"Uitsluitend materiele schade",2,"Personenauto","Fiets","Flank","Kruispunt, 3 takken",50,"Niet brandend","Schemer","Droog",\N,\N,"de Kazematten","Bemmel","Lingewaard","Gelderland",false,51.899359,5.907219,"material damage only","4","clear",false,1,"GM1705"
"20220202150",2022,"Uitsluitend materiele schade",1,"Fiets",\N,"Voetganger","Rechte weg",30,"Brandend","Duisternis",\N,\N,"600639749","Zeewolderdijk","Zeewolde","Zeewolde","Flevoland",false,52.359289,5.551251,"material damage only","4","unknown",false,1,"GM0050"
"20220209786",2022,"Uitsluitend materiele schade",1,"Fiets",\N,"Frontaal","Kruispunt, 4 takken",50,"Niet brandend","Daglicht","Regen",\N,\N,"Middenweg","Heerhugowaard","Dijk en Waard","Noord-Holland",false,52.668301,4.842849,"material damage only","4","rain",false,1,"GM1980"
"20220212246",2022,"Letsel",2,"Personenauto","Fiets","Flank","Kruispunt, 4 takken",50,"Niet brandend","Duisternis","Droog",\N,\N,"Gooiseweg","Amsterdam","Amsterdam","Noord-Holland",true,52.348398,4.92062,"injury","2","clear",false,1,"GM0363"
"20220214501",2022,"Letsel",2,"Personenauto","Fiets","Flank","Kruispunt, 3 takken",30,"Niet brandend","Daglicht","Droog",\N,\N,"Suzannaland","'s-Gravenhage","'s-Gravenhage","Zuid-Holland",false,52.09854,4.359842,"injury","2","clear",false,1,"GM0518"
"20220218040",2022,"Letsel",1,"Fiets",\N,"Eenzijdig","Kruispunt, 4 takken",\N,"Niet brandend","Daglicht","Droog",\N,\N,"Pieter Postlaan","Wassenaar","Wassenaar","Zuid-Holland",false,52.156612,4.386692,"injury","2","clear",false,1,"GM0629"
"20220221703",2022,"Letsel",2,"Personenauto","Fiets","Flank","Rotonde",50,"Niet brandend","Schemer","Droog",\N,\N,"Harplaan","Barendrecht","Barendrecht","Zuid-Holland",false,51.85382,4.52146,"injury","2","clear",false,1,"GM0489"
"20220212326",2022,"Uitsluitend materiele schade",1,"Fiets",\N,"Voetganger","Rechte weg",50,"Brandend","Duisternis","Droog",\N,"600390008","Rijnstraat","Amsterdam","Amsterdam","Noord-Holland",false,52.348234,4.904572,"material damage only","4","clear",false,1,"GM0363"
"20220230694",2022,"Letsel",2,"Bestelauto","e-bike","Flank","Kruispunt, 3 takken",50,"Niet brandend","Daglicht","Droog",\N,\N,"Lindeplein","Brunssum","Brunssum","Limburg",false,50.944062,5.970387,"injury","2","clear",false,1,"GM0899"
"20220203964",2022,"Letsel",2,"Personenauto","Fiets","Frontaal","Kruispunt, 4 takken",50,"Niet brandend","Daglicht","Droog",\N,\N,"Bartokweg","Almere","Almere","Flevoland",false,52.363511,5.190504,"injury","2","clear",false,1,"GM0034"
"20220208305",2022,"Letsel",2,"Fiets","Overig vast object","Vast voorwerp","Rechte weg",50,"Brandend","Duisternis","Droog",\N,"600931389","Kanaaldijk","Koedijk","Alkmaar","Noord-Holland",false,52.678368,4.745329,"injury","2","clear",false,1,"GM0361"
"20220209074",2022,"Letsel",3,"Personenauto","Fiets","Onbekend","Rotonde",50,"Niet brandend","Daglicht","Droog",\N,\N,"Gerrit van Assendelftstr","Heemskerk","Heemskerk","Noord-Holland",false,52.51054,4.672589,"injury","2","clear",false,1,"GM0396"
"20220214588",2022,"Letsel",1,"Fiets",\N,"Eenzijdig",\N,\N,\N,"Duisternis",\N,\N,\N,"Vrouwenweg","Leiden","Leiden","Zuid-Holland",false,52.133219,4.493737,"injury","2","unknown",false,1,"GM0546"
"20220199060",2022,"Letsel",2,"Personenauto","e-bike","Flank","Kruispunt, 4 takken",60,"Niet brandend","Daglicht","Droog",\N,\N,"Hanendorperweg","Emst","Epe","Gelderland",false,52.315087,5.952892,"injury","2","clear",false,1,"GM0232"
"20220203283",2022,"Uitsluitend materiele schade",2,"Personenauto","Fiets","Flank","Kruispunt, 4 takken",50,"Niet brandend","Daglicht","Droog",\N,\N,"Willem Bontekoestraat","Amersfoort","Amersfoort","Utrecht",false,52.162024,5.397808,"material damage only","4","clear",false,1,"GM0307"
"20220229660",2022,"Letsel",2,"Fiets","Fiets","Frontaal","Rechte weg",50,"Niet brandend","Daglicht","Droog","Bus-/Tramhalte","600801741","Merendreef","Valkenswaard","Valkenswaard","Noord-Brabant",false,51.360683,5.469266,"injury","2","clear",false,1,"GM0858"
"20220229681",2022,"Uitsluitend materiele schade",2,"Personenauto","e-bike","Flank","Kruispunt, 3 takken",50,"Niet brandend","Daglicht","Regen",\N,\N,"Vlierdenseweg","Deurne","Deurne","Noord-Brabant",false,51.449948,5.775221,"material damage only","4","rain",false,1,"GM0762"
"20220230781",2022,"Letsel",2,"Bus","Fiets","Onbekend",\N,\N,\N,"Daglicht",\N,\N,\N,"Tongerlostraat","Sevenum","Horst aan de Maas","Limburg",false,51.418294,6.035194,"injury","2","unknown",false,1,"GM1507"
"20220199807",2022,"Letsel",2,"e-bike","Boom","Vast voorwerp","Rechte weg",60,"Niet aanwezig","Duisternis","Droog",\N,"437390003","Strenkhaarsweg","Lemelerveld","Dalfsen","Overijssel",false,52.440938,6.330604,"injury","2","clear",false,1,"GM0148"
"20220210251",2022,"Letsel",2,"Personenauto","Fiets","Frontaal","Kruispunt, 4 takken",30,"Niet brandend","Daglicht","Droog",\N,\N,"Overtoom","Amsterdam","Amsterdam","Noord-Holland",false,52.362792,4.875152,"injury","2","clear",false,1,"GM0363"
"20220216827",2022,"Letsel",2,"Personenauto","Fiets","Flank","Rotonde",50,"Niet brandend","Daglicht","Droog",\N,\N,"GRAAF FLORISBRUG","Gouda","Gouda","Zuid-Holland",false,52.018494,4.721657,"injury","2","clear",false,1,"GM0513"
"20220216840",2022,"Letsel",1,"Fiets",\N,"Eenzijdig",\N,\N,\N,"Daglicht",\N,\N,"601014992","Zuidplashof","Waddinxveen","Waddinxveen","Zuid-Holland",false,52.037772,4.636071,"injury","2","unknown",false,1,"GM0627"
"20220218474",2022,"Letsel",2,"Personenauto","e-bike","Flank","Kruispunt, 4 takken",50,"Niet brandend","Daglicht","Droog",\N,\N,"Dierenriem","Hellevoetsluis","Voorne aan Zee","Zuid-Holland",false,51.833639,4.157385,"injury","2","clear",false,1,"GM1992"
"20220224665",2022,"Uitsluitend materiele schade",2,"Personenauto","Fiets","Flank","Kruispunt, 3 takken",50,"Brandend","Duisternis","Droog",\N,\N,"Doornboslaan","Breda","Breda","Noord-Brabant",false,51.600173,4.790955,"material damage only","4","clear",false,1,"GM0758"
"20220203393",2022,"Uitsluitend materiele schade",2,"Personenauto","Fiets","Flank","Kruispunt, 3 takken",50,"Niet brandend","Schemer","Droog",\N,\N,"De Tol","Vleuten","Utrecht","Utrecht",false,52.106533,5.024725,"material damage only","4","clear",false,1,"GM0344"
"20220204132",2022,"Uitsluitend materiele schade",2,"Personenauto","e-bike","Flank","Rechte weg",50,"Niet brandend","Daglicht","Droog",\N,"304298055","Dorpsstraat","Doorn","Utrechtse Heuvelrug","Utrecht",false,52.033315,5.347003,"material damage only","4","clear",false,1,"GM1581"
"20220115227",2022,"Dodelijk",2,"Personenauto","Fiets","Flank","Kruispunt, 4 takken",80,"Niet brandend","Daglicht","Droog",\N,\N,"Ir. W.I.C. van Veelenweg","Gasselternijveen","Aa en Hunze","Drenthe",false,52.985564,6.833165,"fatal","1","clear",false,1,"GM1680"
"20220211185",2022,"Uitsluitend materiele schade",2,"Fiets","e-bike","Flank","Rechte weg",50,"Brandend","Schemer","Droog",\N,\N,"OETEWALERBRUG 0189","Amsterdam","Amsterdam","Noord-Holland",false,52.355114,4.928465,"material damage only","4","clear",false,1,"GM0363"
"20220217580",2022,"Letsel",2,"Fiets","Vrachtauto","Eenzijdig","Rechte weg",50,"Brandend","Duisternis","Regen",\N,"600450133","Rijnsburgerweg","Voorhout","Teylingen","Zuid-Holland",false,52.2081,4.459144,"injury","2","rain",false,1,"GM1525"
"20220203465",2022,"Letsel",2,"Bromfiets","Fiets","Flank","Kruispunt, 3 takken",50,"Brandend","Schemer","Droog",\N,\N,"Kapelstraat","Utrecht","Utrecht","Utrecht",false,52.095165,5.128618,"injury","2","clear",false,1,"GM0344"
"20220203471",2022,"Letsel",3,"Fiets","Bromfiets","Flank","Kruispunt, 4 takken",\N,"Niet brandend","Daglicht","Droog",\N,\N,"Schumanlaan","Woerden","Woerden","Utrecht",false,52.088015,4.908692,"injury","2","clear",false,1,"GM0632"
"20220205929",2022,"Letsel",2,"Bromfiets","e-bike","Flank","Kruispunt, 3 takken",50,"Brandend","Duisternis","Droog",\N,\N,"Helderseweg","Alkmaar","Alkmaar","Noord-Holland",false,52.639525,4.745448,"injury","2","clear",false,1,"GM0361"
"20220137684",2022,"Dodelijk",3,"Fiets","Fiets","Onbekend","Rechte weg",30,"Niet brandend","Daglicht","Droog",\N,"600905949","Variksestraat","Heerewaarden","Maasdriel","Gelderland",false,51.818269,5.386276,"fatal","1","clear",false,1,"GM0263"
"20220206847",2022,"Uitsluitend materiele schade",2,"Personenauto","Fiets","Flank","Rechte weg",50,"Niet brandend","Daglicht","Droog",\N,"222500016","Texelstroomlaan","Den Helder","Den Helder","Noord-Holland",false,52.938633,4.739839,"material damage only","4","clear",false,1,"GM0400"
"20220210495",2022,"Uitsluitend materiele schade",2,"Bromfiets","Fiets","Frontaal","Rechte weg",70,"Brandend","Duisternis","Droog",\N,"600910191","Seineweg","Amsterdam","Amsterdam","Noord-Holland",false,52.388518,4.81883,"material damage only","4","clear",false,1,"GM0363"
"20220220580",2022,"Letsel",2,"Personenauto","Fiets","Flank","Kruispunt, 4 takken",50,"Niet brandend","Daglicht","Droog",\N,\N,"Dwarskleiweg","Rotterdam","Rotterdam","Zuid-Holland",false,51.94163,4.46085,"injury","2","clear",false,1,"GM0599"
"20220220601",2022,"Uitsluitend materiele schade",2,"Bestelauto","Fiets","Frontaal","Rechte weg",50,"Niet brandend","Daglicht","Droog",\N,"211243035","Eulerlaan","Dordrecht","Dordrecht","Zuid-Holland",false,51.783,4.671078,"material damage only","4","clear",false,1,"GM0505"
"20220224839",2022,"Uitsluitend materiele schade",2,"Personenauto","Fiets","Flank","Kruispunt, 3 takken",50,"Niet brandend","Daglicht","Droog",\N,\N,"Centraleweg","Geertruidenberg","Geertruidenberg","Noord-Brabant",false,51.69731,4.855899,"material damage only","4","clear",false,1,"GM0779"
"20220228447",2022,"Letsel",1,"Fiets",\N,"Eenzijdig","Rechte weg",30,"Niet brandend","Daglicht","Regen",\N,"600377378","Graafseweg","'s-Hertogenbosch","'s-Hertogenbosch","Noord-Brabant",false,51.695345,5.323175,"injury","2","rain",false,1,"GM0796"
"20220206017",2022,"Letsel",2,"Bestelauto","Fiets","Flank","Kruispunt, 4 takken",50,"Brandend","Schemer","Droog",\N,\N,"Kennemerplein","IJmuiden","Velsen","Noord-Holland",false,52.460448,4.607241,"injury","2","clear",false,1,"GM0453"
"20220211274",2022,"Letsel",2,"Motor","Fiets","Flank","Kruispunt, 4 takken",50,"Niet brandend","Daglicht","Droog",\N,\N,"AMSTERDAM-OUD ZUID 8","Amsterdam","Amsterdam","Noord-Holland",false,52.337049,4.857972,"injury","2","clear",false,1,"GM0363"
"20220229924",2022,"Letsel",2,"Personenauto","Fiets","Flank","Kruispunt, 4 takken",30,"Niet brandend","Daglicht","Droog",\N,\N,"Eksterstraat","Helmond","Helmond","Noord-Brabant",false,51.490437,5.665015,"injury","2","clear",false,1,"GM0794"
"20220154903",2022,"Dodelijk",2,"Fiets","Dier","Dier","Kruispunt, 3 takken",\N,"Niet brandend","Daglicht","Droog",\N,"600608978","FIETSPAD","Hoogwoud","Opmeer","Noord-Holland",false,52.710384,4.940129,"fatal","1","clear",false,1,"GM0432"
"20220214062",2022,"Letsel",3,"Personenauto","Fiets","Onbekend","Kruispunt, 3 takken",50,"Niet brandend","Daglicht","Droog",\N,\N,"Gantel","Den Hoorn","Midden-Delfland","Zuid-Holland",false,52.003,4.319946,"injury","2","clear",false,1,"GM1842"
"20220231891",2022,"Letsel",2,"Fiets","Fiets","Frontaal","Kruispunt, 4 takken",\N,"Brandend","Duisternis","Droog",\N,\N,"Nassaulaan","Maastricht","Maastricht","Limburg",false,50.842897,5.715889,"injury","2","clear",false,1,"GM0935"
"20220204379",2022,"Uitsluitend materiele schade",2,"Snorfiets","Fiets","Onbekend","Kruispunt, 3 takken",30,"Niet brandend","Daglicht","Droog",\N,\N,"Kempenaar 03","Lelystad","Lelystad","Flevoland",false,52.517034,5.461142,"material damage only","4","clear",false,1,"GM0995"
"20220205080",2022,"Letsel",2,"Personenauto","Fiets","Flank","Kruispunt, 4 takken",30,"Brandend","Duisternis","Droog",\N,\N,"Troelstralaan","Utrecht","Utrecht","Utrecht",false,52.101026,5.115319,"injury","2","clear",false,1,"GM0344"
"20220221418",2022,"Letsel",2,"e-bike","Personenauto","Flank","Kruispunt, 4 takken",50,"Niet brandend","Daglicht","Regen",\N,\N,"Aert van Nesstraat","Capelle aan den IJssel","Capelle aan den IJssel","Zuid-Holland",false,51.912044,4.568177,"injury","2","rain",false,1,"GM0502"
"20220222104",2022,"Uitsluitend materiele schade",3,"Personenauto","Fiets","Onbekend","Kruispunt, 4 takken",50,"Brandend","Schemer","Droog",\N,\N,"Seringenstraat","Vlaardingen","Vlaardingen","Zuid-Holland",false,51.918005,4.357925,"material damage only","4","clear",false,1,"GM0622"
"20220231147",2022,"Letsel",1,"Fiets",\N,"Eenzijdig",\N,\N,\N,"Duisternis",\N,\N,"600597279","Limburglaan","Maastricht","Maastricht","Limburg",false,50.834324,5.702626,"injury","2","unknown",false,1,"GM0935"
"20220207951",2022,"Uitsluitend materiele schade",3,"Bestelauto","Fiets","Onbekend","Rechte weg",50,"Niet brandend","Daglicht","Droog",\N,"202393046","Cepheusstraat","IJmuiden","Velsen","Noord-Holland",false,52.456073,4.597236,"material damage only","4","clear",false,1,"GM0453"
"20220208742",2022,"Uitsluitend materiele schade",2,"Personenauto","Fiets","Frontaal","Rotonde",50,"Niet brandend","Daglicht","Droog",\N,\N,"Componistenweg","Nieuw-Vennep","Haarlemmermeer","Noord-Holland",false,52.270887,4.621914,"material damage only","4","clear",false,1,"GM0394"
"20220209498",2022,"Uitsluitend materiele schade",2,"Personenauto","Fiets","Flank","Rotonde",50,"Brandend","Duisternis","Regen",\N,\N,"FIETSPAD","Schagen","Schagen","Noord-Holland",false,52.783016,4.809493,"material damage only","4","rain",false,1,"GM0441"
"20220212053",2022,"Letsel",2,"Personenauto","Fiets","Frontaal","Kruispunt, 4 takken",50,"Brandend","Duisternis","Droog",\N,\N,"Hugo de Grootplein","Amsterdam","Amsterdam","Noord-Holland",false,52.374762,4.872963,"injury","2","clear",false,1,"GM0363"
"20220225894",2022,"Letsel",2,"Personenauto","e-bike","Flank","Kruispunt, 3 takken",60,"Niet brandend","Daglicht","Droog",\N,\N,"Fazantenweg","Dongen","Dongen","Noord-Brabant",false,51.637365,4.957796,"injury","2","clear",false,1,"GM0766"
"20220232005",2022,"Letsel",2,"Personenauto","Fiets","Flank","Rotonde",50,"Niet brandend","Daglicht","Droog",\N,\N,"Sint Annalaan","Maastricht","Maastricht","Limburg",false,50.849325,5.677208,"injury","2","clear",false,1,"GM0935"
"20220203732",2022,"Letsel",2,"Personenauto","Fiets","Flank","Kruispunt, 4 takken",50,"Niet brandend","Daglicht","Droog",\N,\N,"De Vendelier","Swifterbant","Dronten","Flevoland",false,52.567256,5.646586,"injury","2","clear",false,1,"GM0303"
"20220208036",2022,"Uitsluitend materiele schade",2,"Snorfiets","Fiets","Onbekend","Rechte weg",\N,"Brandend","Duisternis","Droog",\N,"223435007","Noorderkade","Alkmaar","Alkmaar","Noord-Holland",false,52.643498,4.74532,"material damage only","4","clear",false,1,"GM0361"
"20220209609",2022,"Letsel",2,"e-bike",\N,"Eenzijdig","Kruispunt, 4 takken",30,"Niet brandend","Daglicht","Droog",\N,\N,"Amsterdamstraat","Haarlem","Haarlem","Noord-Holland",false,52.379826,4.64736,"injury","2","clear",false,1,"GM0392"
"20220217198",2022,"Letsel",2,"Personenauto","Fiets","Flank","Kruispunt, 4 takken",50,"Niet brandend","Daglicht","Droog",\N,\N,"Voorhofdreef","Delft","Delft","Zuid-Holland",false,51.989377,4.358392,"injury","2","clear",false,1,"GM0503"
"20220216571",2022,"Uitsluitend materiele schade",1,"Fiets",\N,"Onbekend","Kruispunt, 3 takken",\N,"Niet brandend","Daglicht","Droog","Tunnel",\N,"Kangoeroepad","Zoetermeer","Zoetermeer","Zuid-Holland",false,52.061594,4.505754,"material damage only","4","clear",false,1,"GM0637"
"20220216583",2022,"Letsel",1,"Fiets",\N,"Eenzijdig","Rechte weg",30,"Niet brandend","Schemer","Droog",\N,\N,"Hooigracht","Leiden","Leiden","Zuid-Holland",false,52.159602,4.496732,"injury","2","clear",false,1,"GM0546"
"20220221593",2022,"Letsel",2,"Bestelauto","Fiets","Flank","Rotonde",50,"Brandend","Duisternis",\N,\N,\N,"Plantageweg","Zwijndrecht","Zwijndrecht","Zuid-Holland",false,51.816412,4.626491,"injury","2","unknown",false,1,"GM0642"
"20240139959",2024,"Uitsluitend materiele schade",2,"Bestelauto","Fiets","Frontaal","Kruispunt, 3 takken",30,"Niet brandend","Daglicht","Droog",\N,\N,"Lijnbaan","Oudewater","Oudewater","Utrecht",false,52.031918,4.870064,"material damage only","4","clear",false,1,"GM0589"
"20240144261",2024,"Uitsluitend materiele schade",2,"Personenauto","Fiets","Onbekend",\N,50,\N,"Daglicht",\N,\N,"188330012","Flevoweg","Leiden","Leiden","Zuid-Holland",false,52.174834,4.497421,"material damage only","4","unknown",false,1,"GM0546"
"20240143704",2024,"Letsel",2,"Fiets","Bromfiets","Flank","Rechte weg",50,"Niet brandend","Daglicht","Droog",\N,"600743340","Hoorn","Alphen aan den Rijn","Alphen aan den Rijn","Zuid-Holland",false,52.141853,4.653722,"injury","2","clear",false,1,"GM0484"
"20240140205",2024,"Letsel",2,"Personenauto","Fiets","Onbekend","Rotonde",50,"Niet brandend","Daglicht","Regen",\N,\N,"Burg Middelweerdbaan","De Meern","Utrecht","Utrecht",false,52.090473,5.02169,"injury","2","rain",false,1,"GM0344"
"20240144338",2024,"Letsel",2,"Personenauto","Fiets","Flank","Bocht",50,"Niet brandend","Daglicht","Droog",\N,"172321011","Backershagenlaan","Wassenaar","Wassenaar","Zuid-Holland",false,52.130952,4.385397,"injury","2","clear",false,1,"GM0629"