"accident_id","year","severity_raw","party_count","party1_type","party2_type","accident_type","road_situation","speed_limit_kmh","road_lighting","light_condition_label","weather_raw","infra_type","road_segment_id","street_name","place_name","gemeente_name_raw","province","alcohol_indicated","latitude","longitude","severity_label","severity_code","weather_label","built_up_area","cyclists_involved","gemeente_code"
"20240148394",2024,"Uitsluitend materiele schade",2,"Fiets","Voetganger","Voetganger","Rechte weg",30,"Niet brandend","Daglicht","Droog",\N,"600857281","Nico Bolkesteinlaan","Deventer","Deventer","Overijssel",false,52.259198,6.188525,"material damage only","4","clear",false,1,"GM0150"
"20240148490",2024,"Uitsluitend materiele schade",2,"Fiets","Personenauto","Flank","Kruispunt, 3 takken",50,"Niet brandend","Duisternis","Regen","Tankstation",\N,"Buurserstraat","Enschede","Enschede","Overijssel",false,52.195204,6.890923,"material damage only","4","rain",false,1,"GM0153"
"20240136532",2024,"Uitsluitend materiele schade",2,"Fiets","Fiets","Flank","Kruispunt, 3 takken",50,"Niet brandend","Daglicht","Droog",\N,\N,"Kemenadeplein","Maastricht","Maastricht","Limburg",false,50.864039,5.713001,"material damage only","4","clear",false,1,"GM0935"
"20240143299",2024,"Letsel",2,"Bestelauto","e-bike","Flank","Kruispunt, 4 takken",50,"Niet brandend","Daglicht","Droog",\N,\N,"Vrederustlaan","'s-Gravenhage","'s-Gravenhage","Zuid-Holland",false,52.036235,4.271842,"injury","2","clear",false,1,"GM0518"
"20240144417",2024,"Letsel",3,"Bestelauto","Fiets","Kop/staart","Rechte weg",50,"Niet brandend","Daglicht","Droog",\N,"247366076","H.J.E. Wenckebachweg","Amsterdam","Amsterdam","Noord-Holland",true,52.337363,4.927561,"injury","2","clear",false,1,"GM0363"
"20240150378",2024,"Uitsluitend materiele schade",2,"Bestelauto","Fiets","Onbekend","Kruispunt, 3 takken",30,"Niet brandend","Daglicht","Droog",\N,\N,"Jan Mayenstraat","Hoorn","Hoorn","Noord-Holland",false,52.647429,5.065612,"material damage only","4","clear",false,1,"GM0405"
"20240150811",2024,"Uitsluitend materiele schade",2,"Personenauto","Fiets","Flank","Rotonde",50,"Niet brandend","Daglicht","Regen",\N,"601139824","FIETSPAD","Ermelo","Ermelo","Gelderland",false,52.312745,5.627188,"material damage only","4","rain",false,1,"GM0233"
"20240137262",2024,"Letsel",2,"Fiets","Personenauto","Flank","Rotonde",50,"Niet aanwezig","Daglicht","Regen",\N,\N,"Burg Clercxstraat","Venlo","Venlo","Limburg",false,51.371648,6.146398,"injury","2","rain",false,1,"GM0983"
"20240136688",2024,"Letsel",3,"Personenauto","Fiets","Onbekend","Rechte weg",30,"Brandend","Duisternis","Droog",\N,"600376274","Nieuwe Fellenoord","Eindhoven","Eindhoven","Noord-Brabant",false,51.447084,5.47265,"injury","2","clear",false,1,"GM0772"
"20240141202",2024,"Letsel",2,"Personenauto","Fiets","Onbekend","Kruispunt, 3 takken",60,"Niet aanwezig","Duisternis","Regen/Sneeuw/Hagel",\N,\N,"Paltheweg","Nieuwleusen","Dalfsen","Overijssel",false,52.591453,6.291623,"injury","2","unknown",false,1,"GM0148"
"20240141954",2024,"Uitsluitend materiele schade",1,"Fiets",\N,"Onbekend","Kruispunt, 4 takken",15,"Niet brandend","Daglicht","Droog",\N,\N,"Haarspitstraat","Purmerend","Purmerend","Noord-Holland",false,52.506577,4.983764,"material damage only","4","clear",false,1,"GM0439"
"20240143421",2024,"Letsel",2,"Snorfiets","Fiets","Flank","Kruispunt, 3 takken",30,"Brandend","Duisternis","Droog",\N,\N,"Cromvlietkade","Rijswijk","Rijswijk","Zuid-Holland",false,52.06048,4.342237,"injury","2","clear",false,1,\N
"20240149088",2024,"Letsel",1,"Fiets",\N,"Onbekend","Rechte weg",50,"Niet brandend","Daglicht","Droog",\N,"390290004","Hoofdstraat","Velp","Rheden","Gelderland",false,51.99591,5.972289,"injury","2","clear",false,1,"GM0275"
"20240149325",2024,"Uitsluitend materiele schade",2,"Personenauto","Fiets","Flank","Kruispunt, 4 takken",80,"Brandend","Duisternis","Droog",\N,\N,"Gildehauserweg","Losser","Losser","Overijssel",false,52.264451,7.010343,"material damage only","4","clear",false,1,"GM0168"
"20240149429",2024,"Letsel",2,"Bromfiets","Fiets","Frontaal","Rechte weg",\N,"Niet aanwezig","Schemer","Droog",\N,"342575002","Middelweg-West","St.-Annaparochie","Waadhoeke","Friesland",false,53.275289,5.640175,"injury","2","clear",false,1,"GM1949"
"20240150696",2024,"Uitsluitend materiele schade",2,"Fiets","Personenauto","Frontaal","Kruispunt, 4 takken",50,"Niet brandend","Daglicht","Droog",\N,\N,"Atlasdreef","Almere","Almere","Flevoland",false,52.399133,5.294859,"material damage only","4","clear",false,1,"GM0034"
"20240134241",2024,"Uitsluitend materiele schade",2,"Personenauto","Fiets","Flank","Rotonde",50,"Niet brandend","Daglicht","Droog",\N,\N,"Laan van Welhorst","Hendrik-Ido-Ambacht","Hendrik-Ido-Ambacht","Zuid-Holland",false,51.833201,4.649956,"material damage only","4","clear",false,1,"GM0531"
"20240142931",2024,"Letsel",2,"Fiets","Overig vast object","Vast voorwerp","Rechte weg",50,"Brandend","Duisternis","Droog",\N,"206393004","Zeeweg","IJmuiden","Velsen","Noord-Holland",false,52.455071,4.627984,"injury","2","clear",false,1,"GM0453"
"20240151121",2024,"Uitsluitend materiele schade",2,"Bromfiets","Fiets","Frontaal","Rechte weg",\N,"Brandend","Duisternis","Regen",\N,"262311098","Het Lint - De Meern","De Meern","Utrecht","Utrecht",false,52.088588,5.040641,"material damage only","4","rain",false,1,"GM0344"
"20240147747",2024,"Letsel",2,"Personenauto","Fiets","Flank","Rechte weg",60,"Niet brandend","Daglicht","Droog",\N,"85222002","Plompetorenweg","Burgh-Haamstede","Schouwen-Duiveland","Zeeland",false,51.680741,3.769616,"injury","2","clear",false,1,"GM1676"
"20240138032",2024,"Uitsluitend materiele schade",2,"Fiets","Personenauto","Flank","Kruispunt, 4 takken",50,"Brandend","Duisternis","Droog",\N,\N,"Dr. Willem Dreeslaan","Barneveld","Barneveld","Gelderland",false,52.138776,5.599589,"material damage only","4","clear",false,1,"GM0203"
"20240141630",2024,"Letsel",2,"Fiets",\N,"Onbekend","Bocht",30,"Niet brandend","Daglicht","Droog",\N,"251379061","Zandvoortstraat","Amsterdam","Amsterdam","Noord-Holland",false,52.39401,4.954776,"injury","2","clear",false,1,"GM0363"
"20240135554",2024,"Letsel",2,"Personenauto","Fiets","Onbekend","Kruispunt, 3 takken",30,"Niet brandend","Daglicht","Droog",\N,\N,"Looiershof","Dongen","Dongen","Noord-Brabant",false,51.625167,4.942057,"injury","2","clear",false,1,"GM0766"
"20240145810",2024,"Letsel",2,"Fiets","Overig vast object","Onbekend","Rotonde",30,"Niet brandend","Daglicht","Droog",\N,\N,"Wagenstraat","Maassluis","Maassluis","Zuid-Holland",false,51.925162,4.250387,"injury","2","clear",false,1,"GM0556"
"20240134949",2024,"Uitsluitend materiele schade",1,"Fiets",\N,"Onbekend",\N,30,\N,"Duisternis",\N,\N,\N,"W. de Vries Robbéweg","Gorinchem","Gorinchem","Zuid-Holland",false,51.836316,4.977159,"material damage only","4","unknown",false,1,"GM0512"
"20240138106",2024,"Letsel",2,"Personenauto","Fiets","Frontaal","Rechte weg",50,"Niet brandend","Daglicht","Droog",\N,"600919183","Prinsesseweg","Groningen","Groningen","Groningen",false,53.219475,6.548367,"injury","2","clear",false,1,"GM0014"
"20240143572",2024,"Letsel",2,"Fiets","Personenauto","Flank","Rotonde",50,"Niet brandend","Daglicht","Droog",\N,\N,"Dr. J.M. den Uylsingel","Alphen aan den Rijn","Alphen aan den Rijn","Zuid-Holland",false,52.129265,4.651863,"injury","2","clear",false,1,"GM0484"
"20240144700",2024,"Uitsluitend materiele schade",2,"Snorfiets","Fiets","Flank","Kruispunt, 4 takken",30,"Brandend","Schemer","Droog",\N,\N,"Oosterhoutseweg","Breda","Breda","Noord-Brabant",false,51.595755,4.808828,"material damage only","4","clear",false,1,"GM0758"
"20240135010",2024,"Letsel",2,"Personenauto","Fiets","Frontaal","Bocht",30,"Niet brandend","Daglicht","Regen",\N,\N,"Jan Vermeerstraat","Kaatsheuvel","Loon op Zand","Noord-Brabant",false,51.654683,5.026939,"injury","2","rain",false,1,"GM0809"
"20240144140",2024,"Letsel",1,"Fiets",\N,"Onbekend","Kruispunt, 4 takken",50,"Niet brandend","Daglicht","Droog","Brug/viaduct",\N,"Rijksstraatweg","Schipluiden","Midden-Delfland","Zuid-Holland",false,51.990298,4.323682,"injury","2","clear",false,1,"GM1842"
"20240145903",2024,"Uitsluitend materiele schade",2,"Bestelauto","Fiets","Flank","Rotonde",50,"Niet brandend","Daglicht","Regen",\N,\N,"Concordiaweg","Gorinchem","Gorinchem","Zuid-Holland",false,51.835816,4.976604,"material damage only","4","rain",false,1,"GM0512"
"20240146684",2024,"Uitsluitend materiele schade",2,"Personenauto","Fiets","Flank","Bocht",30,"Niet brandend","Daglicht","Droog",\N,\N,"Bakelsedijk","Helmond","Helmond","Noord-Brabant",false,51.483398,5.674203,"material damage only","4","clear",false,1,"GM0794"
"20240147180",2024,"Uitsluitend materiele schade",2,"Personenauto","Fiets","Onbekend","Kruispunt, 4 takken",50,"Brandend","Duisternis","Droog",\N,\N,"Hoefstraat","Tilburg","Tilburg","Noord-Brabant",false,51.567412,5.094457,"material damage only","4","clear",false,1,"GM0855"
"20240146559",2024,"Uitsluitend materiele schade",2,"Fiets","Overig vast object","Vast voorwerp","Kruispunt, 3 takken",30,"Brandend","Duisternis","Droog",\N,\N,"Graaf van Kesselstraat","Baarlo","Peel en Maas","Limburg",false,51.328315,6.097367,"material damage only","4","clear",false,1,"GM1894"
"20240134451",2024,"Letsel",2,\N,"Fiets","Flank","Kruispunt, 4 takken",50,"Brandend","Schemer","Droog",\N,\N,"Pleinweg","Rotterdam","Rotterdam","Zuid-Holland",false,51.891943,4.476885,"injury","2","clear",false,1,"GM0599"
"20240144217",2024,"Letsel",2,"Fiets","Personenauto","Flank","Bocht",30,"Niet brandend","Schemer","Droog",\N,"600185943","Molensloot","Den Hoorn","Midden-Delfland","Zuid-Holland",false,51.999165,4.321755,"injury","2","clear",false,1,"GM1842"
"20240147431",2024,"Letsel",2,"Fiets","Personenauto","Onbekend","Bocht",60,"Niet brandend","Daglicht","Droog",\N,"295200001","Tongeren","Boxtel","Boxtel","Noord-Brabant",false,51.591198,5.286579,"injury","2","clear",false,1,"GM0757"
"20240147522",2024,"Letsel",2,"Personenauto","Fiets","Onbekend","Rotonde",50,"Niet brandend","Daglicht","Regen",\N,\N,"Witvrouwenbergweg","Someren","Someren","Noord-Brabant",false,51.386879,5.725078,"injury","2","rain",false,1,"GM0847"
"20240151064",2024,"Uitsluitend materiele schade",2,"Personenauto","Fiets","Flank","Kruispunt, 4 takken",30,"Niet brandend","Daglicht","Regen",\N,\N,"De Boei","Emmeloord","Noordoostpolder","Flevoland",false,52.711986,5.759351,"material damage only","4","rain",false,1,"GM0171"
"20240149468",2024,"Uitsluitend materiele schade",2,"Fiets","Personenauto","Flank","Rechte weg",50,"Niet brandend","Daglicht","Regen",\N,"366253055","St. Agnetenweg","Nijmegen","Nijmegen","Gelderland",false,51.829636,5.800382,"material damage only","4","rain",false,1,"GM0268"
"20240150084",2024,"Letsel",2,"Personenauto","Fiets","Frontaal","Kruispunt, 4 takken",50,"Brandend","Duisternis","Droog",\N,"600558002","FIETSPAD","Leeuwarden","Leeuwarden","Friesland",false,53.208403,5.821054,"injury","2","clear",false,1,"GM0080"
"20240002313",2024,"Letsel",2,"Personenauto","Fiets","Onbekend","Rotonde",50,"Brandend","Duisternis","Regen",\N,\N,"Spoorsingel","Heerlen","Heerlen","Limburg",false,50.89226,5.973757,"injury","2","rain",false,1,"GM0917"
"20230111062",2023,"Letsel",2,"Personenauto","Fiets","Flank","Rechte weg",30,"Brandend","Schemer","Droog",\N,"154287092","Hoofdstraat","De Lier","Westland","Zuid-Holland",false,51.975848,4.255185,"injury","2","clear",false,1,"GM1783"
"20240156483",2024,"Uitsluitend materiele schade",2,"Fiets","Fiets","Onbekend","Rechte weg",\N,"Niet brandend","Daglicht","Droog",\N,"372062074","Rijksweg Noord","Geleen","Sittard-Geleen","Limburg",false,50.973038,5.834508,"material damage only","4","clear",false,1,"GM1883"
"20240003662",2024,"Letsel",2,"Personenauto","Fiets","Flank","Kruispunt, 3 takken",30,"Niet brandend","Daglicht","Droog",\N,\N,"Burgemeester Kuntzelaan","Barneveld","Barneveld","Gelderland",false,52.137463,5.589368,"injury","2","clear",false,1,"GM0203"
"20240004886",2024,"Uitsluitend materiele schade",2,"Bestelauto","Fiets","Flank","Kruispunt, 3 takken",50,"Niet brandend","Daglicht","Harde windstoten/Regen",\N,\N,"Stationsweg","Ede","Ede","Gelderland",false,52.038704,5.668513,"material damage only","4","unknown",false,1,"GM0228"
"20240151635",2024,"Uitsluitend materiele schade",2,"Personenauto","Fiets","Flank","Kruispunt, 4 takken",30,"Niet brandend","Schemer","Droog",\N,\N,"Wold 10","Lelystad","Lelystad","Flevoland",false,52.506201,5.481418,"material damage only","4","clear",false,1,"GM0995"
"20240152931",2024,"Uitsluitend materiele schade",2,"Personenauto","Fiets","Flank","Kruispunt, 4 takken",30,"Niet brandend","Duisternis","Droog",\N,\N,"Van der Pekplein","Amsterdam","Amsterdam","Noord-Holland",false,52.386578,4.908236,"material damage only","4","clear",false,1,"GM0363"
"20240000706",2024,"Uitsluitend materiele schade",2,"Personenauto","Fiets","Flank","Kruispunt, 3 takken",80,"Brandend","Duisternis","Regen",\N,\N,"FIETSPAD","Tilburg","Tilburg","Noord-Brabant",false,51.561627,5.017721,"material damage only","4","rain",false,1,"GM0855"
"20240008304",2024,"Letsel",2,"Bromfiets","Fiets","Frontaal","Rechte weg",50,"Niet brandend","Daglicht","Droog",\N,"600669538","Zijlweg","Haarlem","Haarlem","Noord-Holland",false,52.385781,4.622958,"injury","2","clear",false,1,"GM0392"
"20240155642",2024,"Uitsluitend materiele schade",2,"Personenauto","Fiets","Flank","Rotonde",50,"Brandend","Duisternis","Droog",\N,\N,"Kerkradersteenweg","Kerkrade","Kerkrade","Limburg",false,50.866411,6.045956,"material damage only","4","clear",false,1,"GM0928"
"20230112350",2023,"Letsel",2,"Fiets","Bromfiets","Flank","Kruispunt, 3 takken",50,"Niet brandend","Daglicht","Droog",\N,\N,"Dorpsstraat","Oegstgeest","Oegstgeest","Zuid-Holland",false,52.188096,4.46706,"injury","2","clear",false,1,"GM0579"
"20230108803",2023,"Uitsluitend materiele schade",2,"Personenauto","Fiets","Flank","Kruispunt, 4 takken",50,"Brandend","Duisternis","Regen",\N,\N,"Kerkewijk","Veenendaal","Veenendaal","Utrecht",false,52.023559,5.553135,"material damage only","4","rain",false,1,"GM0345"
"20230112357",2023,"Letsel",1,"Fiets",\N,"Eenzijdig","Rechte weg",50,"Brandend","Duisternis","Regen",\N,"600719371","Buitenwatersloot","Delft","Delft","Zuid-Holland",false,52.003238,4.342443,"injury","2","rain",false,1,"GM0503"
"20230112373",2023,"Letsel",3,"Personenauto","Fiets","Onbekend","Kruispunt, 4 takken",30,"Niet brandend","Schemer","Droog",\N,\N,"Tasmanië","Zoetermeer","Zoetermeer","Zuid-Holland",false,52.057374,4.537295,"injury","2","clear",false,1,"GM0637"
"20240010557",2024,"Uitsluitend materiele schade",2,"Personenauto","Fiets","Flank","Rotonde",50,"Niet brandend","Daglicht","Droog",\N,\N,"Urkerweg","Emmeloord","Noordoostpolder","Flevoland",false,52.707784,5.740913,"material damage only","4","clear",false,1,"GM0171"
"20240011016",2024,"Uitsluitend materiele schade",2,"Fiets","Fiets","Frontaal","Rechte weg",\N,"Niet brandend","Daglicht","Droog",\N,"281310027","Universiteitsweg","Utrecht","Utrecht","Utrecht",false,52.086674,5.176519,"material damage only","4","clear",false,1,"GM0344"
"20240023007",2024,"Uitsluitend materiele schade",2,"Bestelauto","Fiets","Onbekend",\N,\N,\N,"Daglicht",\N,\N,"174276016","Sandvikstraat","Schiedam","Schiedam","Zuid-Holland",false,51.928643,4.405697,"material damage only","4","unknown",false,1,"GM0606"
"20230112995",2023,"Uitsluitend materiele schade",2,"Bestelauto","Fiets","Flank","Kruispunt, 4 takken",60,"Niet brandend","Daglicht","Droog",\N,\N,"Delftsestraatweg","Pijnacker","Pijnacker-Nootdorp","Zuid-Holland",false,52.014597,4.413225,"material damage only","4","clear",false,1,"GM1926"
"20240005604",2024,"Letsel",2,"Bestelauto","Fiets","Flank","Rechte weg",30,"Brandend","Duisternis","Droog",\N,"231443036","Dorpsstraat","Broek op Langedijk","Dijk en Waard","Noord-Holland",false,52.680665,4.808259,"injury","2","clear",false,1,"GM1980"
"20240023862",2024,"Uitsluitend materiele schade",2,"e-bike","Voetganger","Onbekend","Kruispunt, 4 takken",50,"Niet aanwezig","Daglicht","Droog",\N,\N,"Ginkelstraat","Venlo","Venlo","Limburg",false,51.373393,6.169988,"material damage only","4","clear",false,1,"GM0983"
"20230112429",2023,"Letsel",2,"Personenauto","Fiets","Flank","Rechte weg",30,"Niet brandend","Daglicht","Regen",\N,"148293031","Gildestraat","Naaldwijk","Westland","Zuid-Holland",false,52.003551,4.208501,"injury","2","rain",false,1,"GM1783"
"20240010647",2024,"Uitsluitend materiele schade",2,"Personenauto","Fiets","Flank","Rotonde",50,"Niet brandend","Daglicht","Regen",\N,\N,"Van Blaaderenweg","Bergen (NH)","Bergen (NH)","Noord-Holland",false,52.666905,4.713101,"material damage only","4","rain",false,1,\N
"20240017279",2024,"Uitsluitend materiele schade",2,"Fiets","Overig wegmeubilair","Vast voorwerp","Kruispunt, 3 takken",50,"Niet brandend","Daglicht","Droog",\N,\N,"Arend Noorduijnstraat","Nijmegen","Nijmegen","Gelderland",false,51.84105,5.853178,"material damage only","4","clear",false,1,"GM0268"
"20240017640",2024,"Uitsluitend materiele schade",2,"Bestelauto","Fiets","Flank","Kruispunt, 4 takken",60,"Niet brandend","Daglicht","Regen",\N,\N,"Wieselse Kampweg","Wenum Wiesel","Apeldoorn","Gelderland",false,52.254387,5.951836,"material damage only","4","rain",false,1,"GM0200"
"20240152504",2024,"Uitsluitend materiele schade",2,"Personenauto","Fiets","Flank","Kruispunt, 4 takken",30,"Brandend","Duisternis","Droog",\N,\N,"Cornelis Lelylaan","Amsterdam","Amsterdam","Noord-Holland",false,52.356411,4.809379,"material damage only","4","clear",false,1,"GM0363"
"20230110102",2023,"Uitsluitend materiele schade",2,"Personenauto","Fiets","Frontaal","Kruispunt, 3 takken",50,"Brandend","Schemer","Regen/Sneeuw/Hagel",\N,\N,"Stationsstraat","Roosendaal","Roosendaal","Noord-Brabant",false,51.533647,4.452667,"material damage only","4","unknown",false,1,"GM1674"
"20230111293",2023,"Uitsluitend materiele schade",2,"Personenauto","Fiets","Flank","Kruispunt, 4 takken",30,"Niet brandend","Daglicht","Droog",\N,\N,"Witteweg","Aalsmeer","Aalsmeer","Noord-Holland",false,52.261978,4.7617,"material damage only","4","clear",false,1,"GM0358"
"20230112484",2023,"Letsel",1,"Fiets",\N,"Eenzijdig","Rechte weg",30,"Niet brandend","Daglicht","Droog",\N,"156310031","Hanenburglaan","'s-Gravenhage","'s-Gravenhage","Zuid-Holland",false,52.079288,4.264963,"injury","2","clear",false,1,"GM0518"
"20240156115",2024,"Letsel",2,"Personenauto","Fiets","Flank","Kruispunt, 4 takken",60,"Niet brandend","Schemer","Droog",\N,\N,"Gebergte","Lierop","Someren","Noord-Brabant",false,51.435875,5.667725,"injury","2","clear",false,1,"GM0847"
"20240156116",2024,"Uitsluitend materiele schade",2,"Personenauto","Fiets","Flank","Kruispunt, 4 takken",30,"Niet brandend","Daglicht","Droog",\N,\N,"Kruisherenstraat","Uden","Maashorst","Noord-Brabant",false,51.661629,5.613976,"material damage only","4","clear",false,1,"GM1991"
"20240003449",2024,"Letsel",2,"Personenauto","Fiets","Flank","Kruispunt, 4 takken",15,"Niet brandend","Daglicht","Droog",\N,\N,"Stationsweg","Leeuwarden","Leeuwarden","Friesland",false,53.196786,5.792574,"injury","2","clear",false,1,"GM0080"
"20240151890",2024,"Letsel",2,"Fiets","Fiets","Flank","Kruispunt, 3 takken",30,"Brandend","Duisternis","Droog",\N,\N,"Aalscholverstraat","Putten","Putten","Gelderland",false,52.25869,5.588988,"injury","2","clear",false,1,"GM0273"
"20240153838",2024,"Letsel",2,"Fiets","Fiets","Flank","Kruispunt, 4 takken",50,"Brandend","Duisternis","Regen",\N,\N,"Nieuwe Binnenweg","Rotterdam","Rotterdam","Zuid-Holland",false,51.912501,4.456374,"injury","2","rain",false,1,"GM0599"
"20240013750",2024,"Uitsluitend materiele schade",2,"Personenauto","Fiets","Flank","Rechte weg",50,"Niet brandend","Daglicht","Droog",\N,"238208029","Europaweg","Oosterhout","Oosterhout","Noord-Brabant",false,51.626747,4.871068,"material damage only","4","clear",false,1,"GM0826"
"20240154528",2024,"Uitsluitend materiele schade",2,"Fiets","Personenauto","Flank","Kruispunt, 4 takken",50,"Brandend","Duisternis","Regen",\N,"600680967","Thorbeckelaan","'s-Gravenhage","'s-Gravenhage","Zuid-Holland",false,52.064494,4.252584,"material damage only","4","rain",false,1,"GM0518"
"20240002653",2024,"Uitsluitend materiele schade",2,"Bestelauto","Fiets","Onbekend","Rechte weg",60,"Niet aanwezig","Duisternis","Droog",\N,"600800680","Zuidelijke Randweg","Sint-Oedenrode","Meierijstad","Noord-Brabant",false,51.55671,5.458998,"material damage only","4","clear",false,1,"GM1948"
"20240002667",2024,"Letsel",1,"Fiets",\N,"Onbekend",\N,50,\N,"Schemer",\N,\N,\N,"Elmpterweg","Roermond","Roermond","Limburg",false,51.204531,6.02235,"injury","2","unknown",false,1,"GM0957"
"20240012154",2024,"Letsel",1,"Fiets",\N,"Onbekend",\N,50,\N,"Daglicht",\N,\N,"600522015","van Berckelweg","Noordwijk","Noordwijk","Zuid-Holland",false,52.231016,4.462948,"injury","2","unknown",false,1,"GM0575"
"20240022809",2024,"Letsel",2,"Fiets","Personenauto","Onbekend","Rechte weg",50,"Niet brandend","Daglicht","Droog",\N,"167276008","Reigerlaan","Vlaardingen","Vlaardingen","Zuid-Holland",false,51.930544,4.353685,"injury","2","clear",false,1,"GM0622"
"20240013616",2024,"Uitsluitend materiele schade",2,"Snorfiets","Fiets","Onbekend","Bocht",30,"Niet brandend","Daglicht","Droog",\N,"600742605","Antoniestraat","Haarlem","Haarlem","Noord-Holland",false,52.377028,4.640817,"material damage only","4","clear",false,1,"GM0392"
"20240014451",2024,"Letsel",2,"Fiets",\N,"Flank","Kruispunt, 4 takken",30,"Brandend","Schemer","Droog",\N,\N,"Koperstraat","Rotterdam","Rotterdam","Zuid-Holland",false,51.950163,4.551691,"injury","2","clear",false,1,"GM0599"
"20240155300",2024,"Letsel",2,"Fiets","Fiets","Onbekend","Rechte weg",50,\N,"Daglicht","Regen",\N,"600752719","Steinsedijk","Haastrecht","Krimpenerwaard","Zuid-Holland",false,52.008328,4.790636,"injury","2","rain",false,1,"GM1931"
"20230113154",2023,"Letsel",1,"Fiets",\N,"Eenzijdig","Rechte weg",50,"Brandend","Duisternis","Regen",\N,"159306028","Schalk Burgerstraat","'s-Gravenhage","'s-Gravenhage","Zuid-Holland",false,52.0622,4.293455,"injury","2","rain",false,1,"GM0518"
"20240156222",2024,"Letsel",2,"Personenauto","Fiets","Flank","Rotonde",50,"Brandend","Duisternis","Regen",\N,\N,"Noordsingel","Venray","Venray","Limburg",false,51.531928,5.984248,"injury","2","rain",false,1,"GM0984"
"20240005240",2024,"Letsel",2,"Fiets","Fiets","Flank","Kruispunt, 4 takken",50,"Brandend","Duisternis","Droog",\N,\N,"Europaweg","Groningen","Groningen","Groningen",false,53.218262,6.578359,"injury","2","clear",false,1,"GM0014"
"20240010772",2024,"Letsel",2,"Fiets","Personenauto","Flank","Kruispunt, 3 takken",50,"Niet brandend","Daglicht","Droog",\N,\N,"Dorpsstraat","Zwaag","Hoorn","Noord-Holland",false,52.659363,5.042547,"injury","2","clear",false,1,"GM0405"
"20240012972",2024,"Letsel",2,"Fiets","Fiets","Frontaal","Kruispunt, 4 takken",30,"Niet brandend","Daglicht","Droog",\N,\N,"Buitenhoflaan","Leiderdorp","Leiderdorp","Zuid-Holland",false,52.169204,4.532173,"injury","2","clear",false,1,"GM0547"
"20240023062",2024,"Uitsluitend materiele schade",2,"Fiets","Fiets","Onbekend","Rotonde",30,"Niet brandend","Daglicht","Droog","Tunnel",\N,"Spuiweg","Dordrecht","Dordrecht","Zuid-Holland",false,51.809177,4.662479,"material damage only","4","clear",false,1,"GM0505"
"20240157510",2024,"Letsel",2,"Fiets","Personenauto","Flank","Kruispunt, 4 takken",50,"Niet brandend","Daglicht","Droog",\N,\N,"Kloosterstraat","Stevensbeek","Land van Cuijk","Noord-Brabant",false,51.603368,5.915275,"injury","2","clear",false,1,"GM1982"
"20240014004",2024,"Uitsluitend materiele schade",2,"Personenauto","Fiets","Flank","Kruispunt, 4 takken",30,"Niet brandend","Daglicht","Droog",\N,\N,"Grote Beer","Rotterdam","Rotterdam","Zuid-Holland",false,51.945567,4.556672,"material damage only","4","clear",false,1,"GM0599"
"20240014919",2024,"Letsel",2,"Personenauto","Fiets","Onbekend","Kruispunt, 4 takken",50,"Niet brandend","Daglicht","Droog",\N,\N,"Strevelsweg","Rotterdam","Rotterdam","Zuid-Holland",false,51.888328,4.492501,"injury","2","clear",false,1,"GM0599"
"20240015453",2024,"Letsel",1,"Fiets",\N,"Onbekend","Rechte weg",50,"Niet brandend","Daglicht","Droog",\N,"157309077","Valkenboslaan","'s-Gravenhage","'s-Gravenhage","Zuid-Holland",false,52.077296,4.276174,"injury","2","clear",false,1,"GM0518"
"20240014119",2024,"Uitsluitend materiele schade",2,"Personenauto","Fiets","Flank","Kruispunt, 4 takken",30,"Brandend","Daglicht","Droog",\N,\N,"Dwarswal","Veldhoven","Veldhoven","Noord-Brabant",false,51.434965,5.403034,"material damage only","4","clear",false,1,"GM0861"
"20240017803",2024,"Letsel",2,"Bestelauto","e-bike","Flank","Kruispunt, 4 takken",50,"Niet brandend","Daglicht","Droog",\N,\N,"Henri Dunantstraat","Gendt","Lingewaard","Gelderland",false,51.878868,5.945456,"injury","2","clear",false,1,"GM1705"
"20240155123",2024,"Uitsluitend materiele schade",2,"Fiets","Fiets","Flank","Kruispunt, 3 takken",30,"Niet brandend","Schemer","Droog",\N,\N,"Spaargarenstraat","Oegstgeest","Oegstgeest","Zuid-Holland",false,52.177449,4.472604,"material damage only","4","clear",false,1,"GM0579"
"20240014786",2024,"Dodelijk",3,"Bestelauto","Fiets","Frontaal","Kruispunt, 3 takken",50,"Niet brandend","Daglicht","Droog",\N,\N,"Pauvreweg","Etten-Leur","Etten-Leur","Noord-Brabant",false,51.558231,4.621811,"fatal","1","clear",false,1,"GM0777"
"20240016134",2024,"Uitsluitend materiele schade",2,"Vrachtauto","Fiets","Frontaal","Kruispunt, 3 takken",60,"Niet brandend","Daglicht","Droog",\N,\N,"Watersley","Sittard","Sittard-Geleen","Limburg",false,50.978157,5.876449,"material damage only","4","clear",false,1,"GM1883"
"20240016474",2024,"Letsel",2,"Personenauto","Fiets","Frontaal","Rechte weg",30,"Niet brandend","Daglicht","Droog",\N,"413151052","Vossenerlaan","Venlo","Venlo","Limburg",false,51.36658,6.13025,"injury","2","clear",false,1,"GM0983"
"20240019416",2024,"Letsel",2,"Personenauto","Fiets","Flank","Rechte weg",50,"Niet brandend","Daglicht","Regen",\N,"283344073","Johannes Geradtsweg","Hilversum","Hilversum","Noord-Holland",false,52.236415,5.193425,"injury","2","rain",false,1,"GM0402"
"20240016745",2024,"Uitsluitend materiele schade",2,"Personenauto","Fiets","Flank","Kruispunt, 3 takken",80,"Niet brandend","Daglicht","Mist",\N,\N,"Luijnhorststraat","Didam","Montferland","Gelderland",false,51.937957,6.118693,"material damage only","4","fog",false,1,"GM1955"