"accident_id","year","severity_raw","party_count","party1_type","party2_type","accident_type","road_situation","speed_limit_kmh","road_lighting","light_condition_label","weather_raw","infra_type","road_segment_id","street_name","place_name","gemeente_name_raw","province","alcohol_indicated","latitude","longitude","severity_label","severity_code","weather_label","built_up_area","cyclists_involved","gemeente_code"
"20240024811",2024,"Letsel",2,"Fiets","Vrachtauto","Onbekend","Rechte weg",50,"Niet brandend","Daglicht","Droog",\N,"370028010","Pastoor Brouwersstraat","Margraten","Eijsden-Margraten","Limburg",false,50.819257,5.81993,"injury","2","clear",false,1,"GM1903"
"20230108668",2023,"Letsel",2,"Personenauto","e-bike","Onbekend","Kruispunt, 3 takken",50,"Brandend","Duisternis","Regen",\N,\N,"Leuvenlaan","Utrecht","Utrecht","Utrecht",false,52.086233,5.176236,"injury","2","rain",false,1,"GM0344"
"20230109862",2023,"Uitsluitend materiele schade",2,"Personenauto","Fiets","Flank","Rotonde",50,"Niet brandend","Daglicht","Droog",\N,\N,"Hoofdstraat","Helmond","Helmond","Noord-Brabant",false,51.460351,5.631486,"material damage only","4","clear",false,1,"GM0794"
"20240155506",2024,"Uitsluitend materiele schade",2,"Personenauto","Fiets","Flank","Rotonde",50,"Niet brandend","Daglicht","Droog",\N,\N,"Boekerslootlaan","Noordwijk","Noordwijk","Zuid-Holland",false,52.229891,4.442066,"material damage only","4","clear",false,1,"GM0575"
"20230110435",2023,"Uitsluitend materiele schade",2,"Fiets","Personenauto","Kop/staart","Kruispunt, 3 takken",30,"Niet brandend","Daglicht","Droog",\N,\N,"Burg Jansenstraat","Tilburg","Tilburg","Noord-Brabant",false,51.556604,5.059045,"material damage only","4","clear",false,1,"GM0855"
"20230024262",2023,"Uitsluitend materiele schade",2,"Fiets","Bus","Flank","Kruispunt, 4 takken",50,"Niet brandend","Daglicht","Droog",\N,\N,"Radarweg","Amsterdam","Amsterdam","Noord-Holland",false,52.390926,4.835903,"material damage only","4","clear",false,1,"GM0363"
"20230031164",2023,"Uitsluitend materiele schade",2,"Trekker","Fiets","Flank","Rechte weg",30,"Niet brandend","Daglicht","Droog",\N,"600797503","De Schakel","Eindhoven","Eindhoven","Noord-Brabant",false,51.468361,5.421505,"material damage only","4","clear",false,1,"GM0772"
"20230032308",2023,"Uitsluitend materiele schade",2,"Personenauto","Fiets","Flank","Kruispunt, 3 takken",50,"Niet brandend","Daglicht","Droog",\N,\N,"Euterpelaan","Oss","Oss","Noord-Brabant",false,51.756648,5.51219,"material damage only","4","clear",false,1,"GM0828"
"20230066969",2023,"Uitsluitend materiele schade",2,"Fiets","Fiets","Flank","Kruispunt, 4 takken",50,"Niet brandend","Daglicht","Droog",\N,\N,"'t Harde","Blaricum","Blaricum","Noord-Holland",false,52.283318,5.259418,"material damage only","4","clear",false,1,"GM0376"
"20230013386",2023,"Letsel",2,"Personenauto","Fiets","Flank","Kruispunt, 4 takken",50,"Niet brandend","Daglicht","Regen",\N,\N,"Belvédèrelaan","Zwolle","Zwolle","Overijssel",false,52.532088,6.053753,"injury","2","rain",false,1,"GM0193"
"20230021435",2023,"Letsel",1,"Fiets",\N,"Eenzijdig","Rechte weg",30,\N,"Daglicht",\N,\N,"600720769","Tweemolentjeskade","Delft","Delft","Zuid-Holland",false,52.021005,4.366578,"injury","2","unknown",false,1,"GM0503"
"20230021979",2023,"Letsel",1,"Fiets",\N,"Eenzijdig","Kruispunt, 4 takken",\N,"Niet brandend","Daglicht","Droog",\N,\N,"Heuvelweg","Leidschendam","Leidschendam-Voorburg","Zuid-Holland",false,52.094826,4.389277,"injury","2","clear",false,1,"GM1916"
"20230030622",2023,"Uitsluitend materiele schade",2,"Personenauto","Fiets","Flank","Kruispunt, 3 takken",50,"Niet brandend","Schemer","Droog",\N,\N,"St Adrianusstraat","Eindhoven","Eindhoven","Noord-Brabant",false,51.426659,5.497345,"material damage only","4","clear",false,1,"GM0772"
"20230030624",2023,"Uitsluitend materiele schade",2,"Personenauto","Fiets","Flank","Kruispunt, 4 takken",50,"Niet brandend","Daglicht","Droog",\N,\N,"Fransebaan","Eindhoven","Eindhoven","Noord-Brabant",false,51.478867,5.44743,"material damage only","4","clear",false,1,"GM0772"
"20230032880",2023,"Letsel",2,"Bestelauto","Fiets","Eenzijdig","Kruispunt, 4 takken",50,"Niet brandend","Daglicht","Sneeuw/Hagel",\N,\N,"Millsebaan","Uden","Maashorst","Noord-Brabant",false,51.659426,5.642343,"injury","2","unknown",false,1,"GM1991"
"20230033323",2023,"Letsel",2,"Fiets","Personenauto","Flank","Kruispunt, 4 takken",30,"Brandend","Duisternis","Droog",\N,\N,"Melchersstraat","Landgraaf","Landgraaf","Limburg",false,50.892753,6.005049,"injury","2","clear",false,1,"GM0882"
"20230035153",2023,"Letsel",3,"Personenauto","Fiets","Onbekend","Rechte weg",60,"Niet brandend","Daglicht","Droog",\N,"300264001","Tielerweg","Geldermalsen","West Betuwe","Gelderland",false,51.877604,5.32105,"injury","2","clear",false,1,"GM1960"
"20240025736",2024,"Letsel",2,"Fiets","Fiets","Kop/staart","Kruispunt, 4 takken",50,"Niet brandend","Daglicht","Droog",\N,\N,"Ir. Lelystraat","Ede","Ede","Gelderland",false,52.029159,5.647017,"injury","2","clear",false,1,"GM0228"
"20230013987",2023,"Uitsluitend materiele schade",2,"Bestelauto","Fiets","Los voorwerp","Kruispunt, 3 takken",50,"Niet brandend","Daglicht","Droog",\N,\N,"Weth E van Dronkelaarpln","Almelo","Almelo","Overijssel",false,52.350282,6.669276,"material damage only","4","clear",false,1,"GM0141"
"20230015743",2023,"Uitsluitend materiele schade",2,"Personenauto","Fiets","Flank","Rotonde",50,"Niet brandend","Schemer","Regen","Spoorwegovergang",\N,"Diependaalselaan","Hilversum","Hilversum","Noord-Holland",false,52.214448,5.151245,"material damage only","4","rain",false,1,"GM0402"
"20230024343",2023,"Uitsluitend materiele schade",2,"Fiets","Personenauto","Flank","Rotonde",50,"Niet brandend","Daglicht","Droog",\N,\N,"Faunalaan","Uithoorn","Uithoorn","Noord-Holland",false,52.245837,4.808502,"material damage only","4","clear",false,1,"GM0451"
"20240029795",2024,"Uitsluitend materiele schade",2,"Bromfiets","Fiets","Flank","Kruispunt, 4 takken",30,"Niet brandend","Daglicht","Droog",\N,\N,"Raamweg","'s-Gravenhage","'s-Gravenhage","Zuid-Holland",false,52.089878,4.312429,"material damage only","4","clear",false,1,"GM0518"
"20230036167",2023,"Letsel",3,"Fiets","Personenauto","Onbekend","Rechte weg",80,"Niet aanwezig","Daglicht","Droog",\N,\N,"Winschoterweg","Blijham","Westerwolde","Groningen",false,53.128881,7.050032,"injury","2","clear",false,1,"GM1950"
"20230036190",2023,"Letsel",2,"Personenauto","Fiets","Flank","Rechte weg",80,"Niet brandend","Daglicht","Droog",\N,"600551981","Rijksweg","Ede","Ede","Gelderland",false,52.051914,5.672247,"injury","2","clear",false,1,"GM0228"
"20230036195",2023,"Letsel",2,"Personenauto","Fiets","Flank","Kruispunt, 4 takken",30,"Niet brandend","Daglicht","Droog",\N,\N,"Ljouwerterdyk","Marsum","Waadhoeke","Friesland",false,53.211258,5.733267,"injury","2","clear",false,1,"GM1949"
"20230067575",2023,"Letsel",1,"Fiets",\N,"Eenzijdig","Rechte weg",50,"Brandend","Duisternis","Droog",\N,"218426086","Kennemerstraatweg","Heiloo","Heiloo","Noord-Holland",false,52.605656,4.714779,"injury","2","clear",false,1,"GM0399"
"20230067595",2023,"Letsel",1,"Fiets",\N,"Eenzijdig","Rechte weg",60,"Niet brandend","Daglicht","Droog",\N,"600258222","Sevendeelweg","Berkhout","Koggenland","Noord-Holland",false,52.644381,4.959693,"injury","2","clear",false,1,"GM1598"
"20230015778",2023,"Letsel",2,"Fiets","Personenauto","Flank","Kruispunt, 4 takken",30,"Niet brandend","Daglicht","Droog",\N,\N,"Duisterweg","Amersfoort","Amersfoort","Utrecht",false,52.190588,5.412165,"injury","2","clear",false,1,"GM0307"
"20230016898",2023,"Letsel",2,"Bestelauto","Fiets","Eenzijdig","Kruispunt, 4 takken",50,"Niet brandend","Daglicht","Droog",\N,\N,"Graaf Janstraat","Beverwijk","Beverwijk","Noord-Holland",false,52.482394,4.662377,"injury","2","clear",false,1,"GM0375"
"20230020921",2023,"Uitsluitend materiele schade",2,"Fiets","Bestelauto","Flank","Kruispunt, 3 takken",50,"Niet aanwezig","Daglicht","Droog",\N,\N,"IJburglaan","Amsterdam","Amsterdam","Noord-Holland",false,52.351777,5.001952,"material damage only","4","clear",false,1,"GM0363"
"20230022595",2023,"Letsel",2,"Personenauto","Fiets","Flank","Rechte weg",30,"Niet brandend","Daglicht","Regen",\N,"189307023","Anemoontuin","Zoetermeer","Zoetermeer","Zuid-Holland",false,52.068724,4.510833,"injury","2","rain",false,1,"GM0637"
"20230029560",2023,"Uitsluitend materiele schade",2,"Personenauto","e-bike","Flank","Kruispunt, 3 takken",30,"Niet brandend","Daglicht","Droog",\N,\N,"Spaargarenstraat","Oegstgeest","Oegstgeest","Zuid-Holland",false,52.179363,4.474901,"material damage only","4","clear",false,1,"GM0579"
"20230031251",2023,"Uitsluitend materiele schade",2,"Personenauto","Fiets","Flank","Kruispunt, 3 takken",50,"Niet brandend","Daglicht","Sneeuw/Hagel",\N,\N,"Berg","Veldhoven","Veldhoven","Noord-Brabant",false,51.423549,5.387423,"material damage only","4","unknown",false,1,"GM0861"
"20230033145",2023,"Letsel",2,"Personenauto","e-bike","Flank","Rotonde",50,\N,"Daglicht","Droog",\N,\N,"John F. Kennedylaan","Panningen","Peel en Maas","Limburg",false,51.329564,5.970876,"injury","2","clear",false,1,"GM1894"
"20230033701",2023,"Letsel",1,"Fiets",\N,"Eenzijdig","Bocht",50,"Brandend","Duisternis","Droog",\N,\N,"De Dom","Veldhoven","Veldhoven","Noord-Brabant",false,51.421985,5.39266,"injury","2","clear",false,1,"GM0861"
"20240031699",2024,"Letsel",2,"Bromfiets","Fiets","Flank","Kruispunt, 4 takken",50,"Niet brandend","Daglicht","Droog",\N,\N,"Una-Corda","Krimpen aan den IJssel","Krimpen aan den IJssel","Zuid-Holland",false,51.919546,4.609638,"injury","2","clear",false,1,"GM0542"
"20230076032",2023,"Letsel",2,"Personenauto","Fiets","Geparkeerd voertuig","Rechte weg",15,"Niet brandend","Daglicht","Droog","Parkeervoorziening","266436151","Kaap Hoorn","Hoorn","Hoorn","Noord-Holland",false,52.65252,5.066512,"injury","2","clear",false,1,"GM0405"
"20230076039",2023,"Uitsluitend materiele schade",2,"Personenauto","Fiets","Los voorwerp","Kruispunt, 3 takken",30,"Niet aanwezig","Daglicht","Droog",\N,\N,"Cleyne Raboesdreef","Blaricum","Blaricum","Noord-Holland",false,52.291708,5.283145,"material damage only","4","clear",false,1,"GM0376"
"20230029575",2023,"Letsel",3,"Personenauto","Fiets","Onbekend","Rechte weg",50,"Brandend","Duisternis","Droog",\N,"212249028","Reeweg Oost","Dordrecht","Dordrecht","Zuid-Holland",false,51.808585,4.679955,"injury","2","clear",false,1,"GM0505"
"20230033438",2023,"Uitsluitend materiele schade",2,"Personenauto","Fiets","Onbekend","Rotonde",30,"Niet brandend","Daglicht","Droog",\N,\N,"Esscheweg","Vught","Vught","Noord-Brabant",false,51.63885,5.280284,"material damage only","4","clear",false,1,"GM0865"
"20240030046",2024,"Letsel",2,"Fiets","Fiets","Onbekend","Rechte weg",\N,"Niet brandend","Daglicht","Droog",\N,"211322057","President Kennedylaan","Alphen aan den Rijn","Alphen aan den Rijn","Zuid-Holland",false,52.135561,4.669829,"injury","2","clear",false,1,"GM0484"
"20230067444",2023,"Letsel",2,"e-bike","Bromfiets","Flank","Kruispunt, 3 takken",50,"Niet brandend","Daglicht","Droog",\N,\N,"Franklinstraat","Wormerveer","Zaanstad","Noord-Holland",false,52.488604,4.796295,"injury","2","clear",false,1,"GM0479"
"20230067927",2023,"Letsel",2,"Personenauto","Fiets","Flank","Rechte weg",50,"Niet brandend","Daglicht","Droog",\N,\N,"Hindersteinlaan","Vleuten","Utrecht","Utrecht",false,52.103448,5.021582,"injury","2","clear",false,1,"GM0344"
"20230015838",2023,"Uitsluitend materiele schade",2,"Fiets",\N,"Flank","Kruispunt, 3 takken",50,"Niet brandend","Daglicht","Droog",\N,\N,"Herenstraat","Bussum","Gooise Meren","Noord-Holland",false,52.273312,5.159031,"material damage only","4","clear",false,1,"GM1942"
"20230018706",2023,"Letsel",2,"Personenauto","Fiets","Flank","Kruispunt, 3 takken",50,"Niet brandend","Daglicht","Regen",\N,\N,"Sweelincklaan","Nieuwegein","Nieuwegein","Utrecht",false,52.041258,5.088941,"injury","2","rain",false,1,"GM0356"
"20230019273",2023,"Letsel",1,"Fiets",\N,"Eenzijdig","Rechte weg",\N,"Niet brandend","Daglicht","Droog",\N,"600767805","Lagehaarsedijk","Haarzuilens","Utrecht","Utrecht",false,52.118855,4.981101,"injury","2","clear",false,1,"GM0344"
"20230034119",2023,"Uitsluitend materiele schade",2,"Personenauto","Fiets","Flank","Rechte weg",30,"Niet brandend","Daglicht","Droog",\N,"404275003","Raadhuisplein","Zevenaar","Zevenaar","Gelderland",false,51.928419,6.076093,"material damage only","4","clear",false,1,"GM0299"
"20230068250",2023,"Uitsluitend materiele schade",2,"Snorfiets","Fiets","Frontaal","Rechte weg",50,"Niet brandend","Daglicht","Droog",\N,"600596383","Dierensteinweg","Ridderkerk","Ridderkerk","Zuid-Holland",false,51.865202,4.556756,"material damage only","4","clear",false,1,"GM0597"
"20230077687",2023,"Letsel",2,"Bestelauto","Fiets","Flank","Rotonde",50,"Niet brandend","Daglicht","Droog",\N,\N,"Boslaan","Katwijk","Katwijk","Zuid-Holland",false,52.199112,4.405887,"injury","2","clear",false,1,"GM0537"
"20230017559",2023,"Letsel",1,"Fiets",\N,"Eenzijdig","Kruispunt, 4 takken",50,"Niet brandend","Daglicht","Droog",\N,\N,"Frederik Hendriklaan","Alkmaar","Alkmaar","Noord-Holland",false,52.622882,4.743929,"injury","2","clear",false,1,"GM0361"
"20230029067",2023,"Letsel",1,"Fiets",\N,"Eenzijdig","Rechte weg",50,"Niet brandend","Daglicht","Droog",\N,"268192039","Piusstraat","Tilburg","Tilburg","Noord-Brabant",false,51.553068,5.089772,"injury","2","clear",false,1,"GM0855"
"20240029756",2024,"Letsel",2,"Personenauto","Fiets","Geparkeerd voertuig","Rechte weg",30,"Niet brandend","Daglicht","Droog",\N,"184325048","Richard Holstraat","Leiden","Leiden","Zuid-Holland",false,52.147992,4.47184,"injury","2","clear",false,1,"GM0546"
"20230067737",2023,"Uitsluitend materiele schade",3,"Personenauto","Fiets","Vast voorwerp","Bocht",\N,"Brandend","Duisternis","Droog",\N,"241377082","Houtmankade","Amsterdam","Amsterdam","Noord-Holland",false,52.386783,4.88316,"material damage only","4","clear",false,1,"GM0363"
"20230078416",2023,"Letsel",2,"Personenauto","Fiets","Flank","Kruispunt, 3 takken",50,"Niet brandend","Daglicht","Droog",\N,\N,"Stadhouderslaan","'s-Gravenhage","'s-Gravenhage","Zuid-Holland",false,52.088489,4.279664,"injury","2","clear",false,1,"GM0518"
"20230075158",2023,"Uitsluitend materiele schade",2,"Personenauto","e-bike","Flank","Rotonde",50,"Niet brandend","Daglicht","Droog",\N,\N,"Soestdijkseweg Zuid","Bilthoven","De Bilt","Utrecht",false,52.112578,5.191299,"material damage only","4","clear",false,1,"GM0310"
"20240025761",2024,"Letsel",2,"Fiets","Fiets","Onbekend","Rechte weg",50,"Niet brandend","Daglicht","Droog",\N,"414349092","Rijsterborgherweg","Deventer","Deventer","Overijssel",false,52.259,6.151952,"injury","2","clear",false,1,"GM0150"
"20230017044",2023,"Uitsluitend materiele schade",2,"Personenauto","Fiets","Flank","Rechte weg",30,"Niet brandend","Daglicht","Droog",\N,"600370457","Stephensonstraat","Haarlem","Haarlem","Noord-Holland",false,52.369337,4.613665,"material damage only","4","clear",false,1,"GM0392"
"20230021627",2023,"Letsel",1,"Fiets",\N,"Eenzijdig","Bocht",50,"Niet brandend","Daglicht","Droog",\N,"600549818","Waterpad","Zoetermeer","Zoetermeer","Zuid-Holland",false,52.050406,4.466687,"injury","2","clear",false,1,"GM0637"
"20240028274",2024,"Letsel",1,"Fiets",\N,"Onbekend",\N,30,\N,"Daglicht",\N,\N,\N,"Braillelaan","Haarlem","Haarlem","Noord-Holland",false,52.35435,4.660808,"injury","2","unknown",false,1,"GM0392"
"20230031384",2023,"Uitsluitend materiele schade",2,"Bus","e-bike","Kop/staart","Rotonde",50,"Brandend","Duisternis","Droog",\N,\N,"Lambertusplein","Venlo","Venlo","Limburg",false,51.36999,6.15336,"material damage only","4","clear",false,1,"GM0983"
"20230035402",2023,"Uitsluitend materiele schade",2,"Fiets","Fiets","Frontaal","Bocht",30,"Niet brandend","Daglicht","Droog",\N,"381505035","Crackstraat","Heerenveen","Heerenveen","Friesland",false,52.961191,5.921396,"material damage only","4","clear",false,1,"GM0074"
"20230068337",2023,"Letsel",2,"Personenauto","Fiets","Onbekend","Kruispunt, 4 takken",50,"Niet brandend","Daglicht","Droog",\N,\N,"Provinciale weg N216","Groot-Ammers","Molenlanden","Zuid-Holland",false,51.934657,4.862548,"injury","2","clear",false,1,"GM1978"
"20240031285",2024,"Letsel",2,"Bromfiets","Fiets","Flank","Kruispunt, 3 takken",30,"Niet brandend","Daglicht","Droog",\N,\N,"Schipholweg","Haarlem","Haarlem","Noord-Holland",false,52.370208,4.644626,"injury","2","clear",false,1,"GM0392"
"20230075576",2023,"Letsel",2,"Fiets","Fiets","Onbekend","Kruispunt, 4 takken",30,"Brandend","Schemer","Droog",\N,\N,"Herenweg","Heemstede","Heemstede","Noord-Holland",false,52.349705,4.610552,"injury","2","clear",false,1,"GM0397"
"20240026416",2024,"Uitsluitend materiele schade",2,"Personenauto","Fiets","Flank","Rotonde",50,"Niet brandend","Daglicht",\N,\N,\N,"Molenweg","Heerde","Heerde","Gelderland",false,52.400412,6.049734,"material damage only","4","unknown",false,1,"GM0246"
"20240026722",2024,"Uitsluitend materiele schade",2,"Fiets","Personenauto","Flank","Kruispunt, 4 takken",50,"Niet brandend","Daglicht","Droog",\N,\N,"Stadswei","Harderwijk","Harderwijk","Gelderland",false,52.332394,5.606395,"material damage only","4","clear",false,1,"GM0243"
"20230023346",2023,"Letsel",1,"Fiets",\N,"Eenzijdig","Rechte weg",30,\N,"Daglicht","Harde windstoten",\N,"159308159","Loosduinseweg","'s-Gravenhage","'s-Gravenhage","Zuid-Holland",false,52.072561,4.289539,"injury","2","unknown",false,1,"GM0518"
"20230030300",2023,"Uitsluitend materiele schade",2,"Personenauto","Fiets","Flank","Kruispunt, 4 takken",30,"Brandend","Duisternis","Droog",\N,\N,"Hekellaan","'s-Hertogenbosch","'s-Hertogenbosch","Noord-Brabant",false,51.685218,5.309231,"material damage only","4","clear",false,1,"GM0796"
"20230069437",2023,"Letsel",2,"Fiets","Fiets","Onbekend","Rechte weg",15,"Niet brandend","Daglicht","Droog",\N,"600747224","Heuvellaan","Gouda","Gouda","Zuid-Holland",false,52.022241,4.690118,"injury","2","clear",false,1,"GM0513"
"20230078922",2023,"Letsel",2,"Fiets","Voetganger","Voetganger","Rechte weg",30,"Niet brandend","Daglicht","Droog",\N,\N,"Scarlattistraat","Gouda","Gouda","Zuid-Holland",false,52.012926,4.7515,"injury","2","clear",false,1,"GM0513"
"20230035933",2023,"Letsel",2,"Fiets","Personenauto","Flank","Bocht",30,"Niet aanwezig","Daglicht","Droog",\N,\N,"Lentse Warande","Lent","Nijmegen","Gelderland",false,51.858074,5.870927,"injury","2","clear",false,1,"GM0268"
"20230036966",2023,"Letsel",2,"Fiets","Overig vast object","Vast voorwerp","Rechte weg",30,"Niet brandend","Daglicht","Droog",\N,"252405009","Van IJsendijkstraat","Purmerend","Purmerend","Noord-Holland",false,52.513396,4.967759,"injury","2","clear",false,1,"GM0439"
"20230074470",2023,"Uitsluitend materiele schade",2,"Personenauto","Fiets","Flank","Rechte weg",50,"Niet brandend","Daglicht","Droog",\N,\N,"Europaweg-Noord","Assen","Assen","Drenthe",false,53.008342,6.584115,"material damage only","4","clear",false,1,"GM0106"
"20240030676",2024,"Letsel",2,"Fiets","Fiets","Kop/staart","Kruispunt, 3 takken",30,"Brandend","Duisternis","Regen",\N,\N,"Sint Willibrordusstraat","Amsterdam","Amsterdam","Noord-Holland",false,52.355385,4.905386,"injury","2","rain",false,1,"GM0363"
"20230077301",2023,"Letsel",2,"Boom","Fiets","Eenzijdig","Rechte weg",30,"Niet brandend","Daglicht","Droog",\N,"244368035","Rijnstraat","Amsterdam","Amsterdam","Noord-Holland",false,52.344473,4.905905,"injury","2","clear",false,1,"GM0363"
"20230076181",2023,"Letsel",2,"Personenauto","Fiets","Flank","Kruispunt, 4 takken",50,"Niet brandend","Daglicht","Droog",\N,\N,"Roemer Visscherplein","Heemstede","Heemstede","Noord-Holland",false,52.359609,4.606416,"injury","2","clear",false,1,"GM0397"
"20230019479",2023,"Letsel",2,"Personenauto","e-bike","Onbekend","Kruispunt, 4 takken",50,"Brandend","Schemer","Regen",\N,\N,"Grote Beer","Veenendaal","Veenendaal","Utrecht",false,52.036942,5.565934,"injury","2","rain",false,1,"GM0345"
"20240026773",2024,"Letsel",1,"Fiets",\N,"Eenzijdig","Rechte weg",30,"Niet brandend","Daglicht","Droog",\N,"362374025","Lugtenbergweg","Nunspeet","Nunspeet","Gelderland",false,52.372333,5.770924,"injury","2","clear",false,1,"GM0302"
"20240027191",2024,"Uitsluitend materiele schade",2,"Personenauto","Fiets","Flank","Rechte weg",50,"Niet brandend","Daglicht","Regen",\N,"600844369","Laan van Maten","Apeldoorn","Apeldoorn","Gelderland",false,52.199324,5.990173,"material damage only","4","rain",false,1,"GM0200"
"20230024022",2023,"Uitsluitend materiele schade",3,"Fiets","Fiets","Onbekend","Rechte weg",30,"Niet brandend","Daglicht","Droog",\N,"224433048","Frieseweg","Alkmaar","Alkmaar","Noord-Holland",false,52.636364,4.757348,"material damage only","4","clear",false,1,"GM0361"
"20230030948",2023,"Uitsluitend materiele schade",2,"Fiets","Fiets","Frontaal","Rechte weg",30,"Niet brandend","Daglicht","Droog",\N,"315177059","Boschdijk","Eindhoven","Eindhoven","Noord-Brabant",false,51.486276,5.429869,"material damage only","4","clear",false,1,"GM0772"
"20230032056",2023,"Uitsluitend materiele schade",2,"Personenauto","Fiets","Flank","Kruispunt, 3 takken",50,"Niet brandend","Daglicht","Droog",\N,\N,"Past van der Heijdenstr","Waalre","Waalre","Noord-Brabant",false,51.395262,5.485151,"material damage only","4","clear",false,1,"GM0866"
"20230078504",2023,"Letsel",1,"Fiets",\N,"Eenzijdig","Rechte weg",30,"Brandend","Duisternis","Droog",\N,"600919694","Sir Winston Churchillln","Rijswijk","Rijswijk","Zuid-Holland",false,52.034799,4.317406,"injury","2","clear",false,1,\N
"20230070425",2023,"Letsel",2,"Personenauto","Fiets","Flank","Rechte weg",50,"Niet brandend","Daglicht","Droog",\N,"396108051","Karel Doormanplein","Roermond","Roermond","Limburg",false,51.175873,6.002387,"injury","2","clear",false,1,"GM0957"
"20230070784",2023,"Uitsluitend materiele schade",2,"Fiets","Fiets","Frontaal","Kruispunt, 4 takken",50,"Niet brandend","Daglicht","Droog",\N,\N,"VROUWKENSVAARTSESTRAAT","Sprang-Capelle","Waalwijk","Noord-Brabant",false,51.679651,4.96478,"material damage only","4","clear",false,1,"GM0867"
"20230071782",2023,"Letsel",2,"Personenauto","Fiets","Onbekend","Kruispunt, 4 takken",30,"Niet brandend","Daglicht","Droog",\N,\N,"Geldropseweg","Eindhoven","Eindhoven","Noord-Brabant",false,51.431691,5.494745,"injury","2","clear",false,1,"GM0772"
"20230027529",2023,"Uitsluitend materiele schade",2,"Bestelauto","Fiets","Flank","Kruispunt, 4 takken",30,"Brandend","Daglicht","Droog",\N,\N,"Weteringlaan","Tilburg","Tilburg","Noord-Brabant",false,51.542794,5.039229,"material damage only","4","clear",false,1,"GM0855"
"20230032101",2023,"Uitsluitend materiele schade",2,"Fiets","Personenauto","Flank","Kruispunt, 4 takken",50,"Niet brandend","Daglicht","Droog",\N,\N,"Sphinxlunet","Maastricht","Maastricht","Limburg",false,50.846301,5.706862,"material damage only","4","clear",false,1,"GM0935"
"20230035981",2023,"Letsel",2,"Motor","Fiets","Flank","Kruispunt, 3 takken",50,"Niet aanwezig","Daglicht","Droog",\N,\N,"Ds Kingweg","Heerenveen","Heerenveen","Friesland",false,52.951965,5.922242,"injury","2","clear",false,1,"GM0074"
"20230074984",2023,"Letsel",2,"Personenauto","Fiets","Flank","Rotonde",50,"Niet brandend","Daglicht","Droog",\N,\N,"Thorbeckestraat","Zandvoort","Zandvoort","Noord-Holland",false,52.371284,4.525445,"injury","2","clear",false,1,"GM0473"
"20230075207",2023,"Uitsluitend materiele schade",2,"Personenauto","Fiets","Onbekend","Kruispunt, 4 takken",50,"Brandend","Duisternis","Droog",\N,\N,"Traaij","Driebergen-Rijsenburg","Utrechtse Heuvelrug","Utrecht",false,52.057181,5.295527,"material damage only","4","clear",false,1,"GM1581"
"20230075458",2023,"Uitsluitend materiele schade",2,"Bromfiets","Fiets","Kop/staart","Rechte weg",30,"Niet brandend","Daglicht","Droog",\N,\N,"Het Zevenhuizen","Heiloo","Heiloo","Noord-Holland",false,52.596294,4.691575,"material damage only","4","clear",false,1,"GM0399"
"20230071002",2023,"Letsel",2,"Fiets","Personenauto","Flank","Kruispunt, 4 takken",60,"Niet brandend","Daglicht","Droog",\N,\N,"Nieuwendijk","Axel","Terneuzen","Zeeland",false,51.277899,3.90753,"injury","2","clear",false,1,"GM0715"
"20230072169",2023,"Letsel",2,"Personenauto","Fiets","Flank","Kruispunt, 3 takken",50,"Niet brandend","Daglicht","Droog","Brug/viaduct",\N,"Hoendiep","Groningen","Groningen","Groningen",false,53.214138,6.489128,"injury","2","clear",false,1,"GM0014"
"20230016633",2023,"Uitsluitend materiele schade",2,"Personenauto","Fiets","Flank","Kruispunt, 4 takken",30,"Brandend","Duisternis","Droog",\N,\N,"H. Andriessenweg","Almere","Almere","Flevoland",false,52.364315,5.192535,"material damage only","4","clear",false,1,"GM0034"
"20230024718",2023,"Letsel",2,"Bromfiets","Fiets","Onbekend","Rechte weg",50,"Niet brandend","Daglicht","Droog",\N,"240373021","Nassaukade","Amsterdam","Amsterdam","Noord-Holland",false,52.366664,4.877132,"injury","2","clear",false,1,"GM0363"
"20230029883",2023,"Uitsluitend materiele schade",2,"Fiets","Voetganger","Voetganger","Rechte weg",50,"Niet brandend","Daglicht","Droog",\N,"176317006","Oude Veenpad","Voorschoten","Voorschoten","Zuid-Holland",false,52.111519,4.411004,"material damage only","4","clear",false,1,"GM0626"
"20230036560",2023,"Letsel",2,"Personenauto","Fiets","Flank","Kruispunt, 4 takken",50,"Niet brandend","Daglicht","Droog",\N,\N,"Kleine Houtweg","Haarlem","Haarlem","Noord-Holland",false,52.366629,4.632752,"injury","2","clear",false,1,"GM0392"
"20230071034",2023,"Letsel",2,"Fiets","Fiets","Frontaal","Rechte weg",\N,"Niet brandend","Daglicht","Droog",\N,"386125003","Roggelseweg","Haelen","Leudal","Limburg",false,51.251477,5.934956,"injury","2","clear",false,1,"GM1640"
"20230078960",2023,"Letsel",2,"Bestelauto","Fiets","Eenzijdig","Rechte weg",50,"Niet brandend","Daglicht","Droog",\N,\N,"Goudseweg","Bodegraven","Bodegraven-Reeuwijk","Zuid-Holland",false,52.069667,4.740662,"injury","2","clear",false,1,"GM1901"
"20230073456",2023,"Uitsluitend materiele schade",2,"Snorfiets","e-bike","Kop/staart","Kruispunt, 3 takken",30,"Niet brandend","Daglicht","Droog",\N,\N,"Plaksestraat","Duiven","Duiven","Gelderland",false,51.945891,6.037553,"material damage only","4","clear",false,1,"GM0226"