"accident_id","year","severity_raw","party_count","party1_type","party2_type","accident_type","road_situation","speed_limit_kmh","road_lighting","light_condition_label","weather_raw","infra_type","road_segment_id","street_name","place_name","gemeente_name_raw","province","alcohol_indicated","latitude","longitude","severity_label","severity_code","weather_label","built_up_area","cyclists_involved","gemeente_code"
"20230073463",2023,"Letsel",2,"Fiets","Fiets","Onbekend","Kruispunt, 3 takken",80,"Niet brandend","Daglicht","Droog",\N,\N,"Nijburgsestraat","Randwijk","Overbetuwe","Gelderland",false,51.944799,5.712489,"injury","2","clear",false,1,"GM1734"
"20230032194",2023,"Uitsluitend materiele schade",2,"Personenauto","Fiets","Onbekend","Kruispunt, 3 takken",50,"Brandend","Daglicht","Regen",\N,\N,"Groeskuilen","Gemert","Gemert-Bakel","Noord-Brabant",false,51.560877,5.700338,"material damage only","4","rain",false,1,"GM1652"
"20230036590",2023,"Uitsluitend materiele schade",2,"Personenauto","Fiets","Flank","Rechte weg",50,"Niet brandend","Daglicht","Droog",\N,"239389018","Kerkstraat","Oostzaan","Oostzaan","Noord-Holland",false,52.439135,4.870599,"material damage only","4","clear",false,1,"GM0431"
"20230071383",2023,"Letsel",2,"Scootmobiel","Fiets","Frontaal","Rechte weg",50,"Niet brandend","Daglicht","Droog",\N,"600521759","FIETSPAD","'s-Hertogenbosch","'s-Hertogenbosch","Noord-Brabant",false,51.69028,5.317271,"injury","2","clear",false,1,"GM0796"
"20240031144",2024,"Uitsluitend materiele schade",2,"Motor","Fiets","Flank","Kruispunt, 4 takken",30,"Niet brandend","Daglicht","Droog",\N,\N,"Meer en Vaart","Amsterdam","Amsterdam","Noord-Holland",false,52.360625,4.806869,"material damage only","4","clear",false,1,"GM0363"
"20230071912",2023,"Letsel",2,"Bestelauto","Fiets","Eenzijdig","Rotonde",50,"Niet brandend","Daglicht","Droog",\N,\N,"Krombraak","Oosterhout","Oosterhout","Noord-Brabant",false,51.654495,4.841067,"injury","2","clear",false,1,"GM0826"
"20230071914",2023,"Letsel",3,"Personenauto","Fiets","Los voorwerp","Kruispunt, 3 takken",60,"Niet brandend","Daglicht","Droog",\N,\N,"Kraanweg","Weert","Weert","Limburg",false,51.259951,5.748579,"injury","2","clear",false,1,"GM0988"
"20230024811",2023,"Letsel",1,"Fiets",\N,"Eenzijdig","Rechte weg",30,"Brandend","Duisternis","Droog",\N,"240377091","Haarlemmerweg","Amsterdam","Amsterdam","Noord-Holland",false,52.386871,4.874891,"injury","2","clear",false,1,"GM0363"
"20240028364",2024,"Uitsluitend materiele schade",2,"Fiets","Personenauto","Onbekend","Kruispunt, 4 takken",50,"Niet brandend","Daglicht","Droog",\N,\N,"Lambertus Hortensiuslaan","Naarden","Gooise Meren","Noord-Holland",false,52.287109,5.160619,"material damage only","4","clear",false,1,"GM1942"
"20230028198",2023,"Uitsluitend materiele schade",2,"Bromfiets","Fiets","Flank","Kruispunt, 3 takken",50,"Niet brandend","Daglicht","Droog",\N,\N,"Meent","Rotterdam","Rotterdam","Zuid-Holland",false,51.923769,4.485777,"material damage only","4","clear",false,1,"GM0599"
"20230032206",2023,"Uitsluitend materiele schade",2,"Personenauto","Fiets","Flank","Kruispunt, 4 takken",50,"Niet brandend","Daglicht","Regen",\N,\N,"1e Lieven de Keylaan","Eindhoven","Eindhoven","Noord-Brabant",false,51.464097,5.459691,"material damage only","4","rain",false,1,"GM0772"
"20240031149",2024,"Letsel",2,"Fiets","Fiets","Onbekend","Rotonde",50,"Niet brandend","Daglicht","Droog",\N,\N,"Amsterdamseweg","Uithoorn","Uithoorn","Noord-Holland",false,52.239015,4.836773,"injury","2","clear",false,1,"GM0451"
"20230072145",2023,"Letsel",2,"Fiets","Personenauto","Flank","Kruispunt, 3 takken",30,"Niet brandend","Daglicht",\N,\N,\N,"Lycklamaweg","Wolvega","Weststellingwerf","Friesland",false,52.878162,6.008702,"injury","2","unknown",false,1,"GM0098"
"20230075643",2023,"Uitsluitend materiele schade",2,"Personenauto","Fiets","Flank","Rotonde",50,"Niet brandend","Daglicht","Regen",\N,\N,"Westelijke Randweg","Broek op Langedijk","Dijk en Waard","Noord-Holland",false,52.67577,4.802687,"material damage only","4","rain",false,1,"GM1980"
"20230076300",2023,"Letsel",2,"e-bike","Personenauto","Frontaal","Kruispunt, 3 takken",30,"Niet brandend","Daglicht","Droog",\N,\N,"Cornelis Mertenssstraat","Utrecht","Utrecht","Utrecht",false,52.106079,5.091945,"injury","2","clear",false,1,"GM0344"
"20230013321",2023,"Uitsluitend materiele schade",3,"Trekker","Fiets","Flank","Kruispunt, 3 takken",50,"Niet brandend","Daglicht","Droog",\N,\N,"Hoofdstraat","Zenderen","Borne","Overijssel",false,52.324002,6.723155,"material damage only","4","clear",false,1,"GM0147"
"20230016203",2023,"Letsel",2,"Fiets","Personenauto","Flank","Kruispunt, 4 takken",30,"Niet brandend","Daglicht","Droog",\N,\N,"Voorhof","Lelystad","Lelystad","Flevoland",false,52.514156,5.507675,"injury","2","clear",false,1,"GM0995"
"20240026790",2024,"Letsel",2,"Personenauto","Fiets","Flank","Kruispunt, 4 takken",30,"Niet brandend","Daglicht","Droog",\N,\N,"Sportlaan","Ede","Ede","Gelderland",false,52.023042,5.662301,"injury","2","clear",false,1,"GM0228"
"20230021344",2023,"Letsel",1,"Fiets",\N,"Eenzijdig","Rechte weg",\N,"Brandend","Duisternis","Droog",\N,"187326214","Levendaal","Leiden","Leiden","Zuid-Holland",false,52.154889,4.495818,"injury","2","clear",false,1,"GM0546"
"20230021352",2023,"Letsel",2,"Fiets","Fiets","Onbekend","Rechte weg",30,"Brandend","Duisternis","Regen",\N,\N,"Voorwillenseweg","Gouda","Gouda","Zuid-Holland",false,52.010529,4.752696,"injury","2","rain",false,1,"GM0513"
"20230023017",2023,"Uitsluitend materiele schade",3,"Fiets","Bromfiets","Onbekend","Rotonde",\N,"Niet brandend","Daglicht","Regen",\N,\N,"Burgemeester Röellstraat","Amsterdam","Amsterdam","Noord-Holland",false,52.375714,4.818472,"material damage only","4","rain",false,1,"GM0363"
"20230024235",2023,"Letsel",3,"Personenauto","Fiets","Onbekend","Rechte weg",50,"Niet brandend","Daglicht","Droog",\N,"211380022","A. Hofmanweg","Haarlem","Haarlem","Noord-Holland",false,52.399326,4.662975,"injury","2","clear",false,1,"GM0392"
"20230027098",2023,"Uitsluitend materiele schade",2,"Bus","Fiets","Flank","Rechte weg",50,"Niet brandend","Schemer","Droog",\N,\N,"Crullaan","Made","Drimmelen","Noord-Brabant",false,51.671727,4.791733,"material damage only","4","clear",false,1,"GM1719"
"20230029400",2023,"Letsel",3,"Fiets","Bromfiets","Onbekend","Rechte weg",30,"Niet brandend","Daglicht","Droog",\N,"600467555","Stationsplein","Rotterdam","Rotterdam","Zuid-Holland",false,51.923539,4.469365,"injury","2","clear",false,1,"GM0599"
"20230077434",2023,"Letsel",2,"Fiets","Personenauto","Flank","Kruispunt, 4 takken",30,"Niet brandend","Daglicht","Droog",\N,\N,"Staringlaan","Ridderkerk","Ridderkerk","Zuid-Holland",false,51.865473,4.606292,"injury","2","clear",false,1,"GM0597"
"20230077755",2023,"Uitsluitend materiele schade",2,"Personenauto","e-bike","Flank","Kruispunt, 4 takken",50,"Brandend","Duisternis","Droog",\N,\N,"Kastrupstraat","Amsterdam","Amsterdam","Noord-Holland",false,52.390867,4.835782,"material damage only","4","clear",false,1,"GM0363"
"20230077973",2023,"Letsel",2,"Personenauto","Fiets","Frontaal","Kruispunt, 4 takken",50,"Niet brandend","Daglicht","Droog",\N,\N,"Buitenhofdreef","Delft","Delft","Zuid-Holland",false,51.987743,4.344433,"injury","2","clear",false,1,"GM0503"
"20230022489",2023,"Uitsluitend materiele schade",2,"Fiets","Personenauto","Geparkeerd voertuig","Rechte weg",30,"Brandend","Duisternis","Droog",\N,"176336054","Boslaan","Katwijk","Katwijk","Zuid-Holland",false,52.197898,4.409697,"material damage only","4","clear",false,1,"GM0537"
"20230013258",2023,"Letsel",2,"Personenauto","Fiets","Flank","Kruispunt, 4 takken",30,"Niet brandend","Daglicht","Droog",\N,\N,"Brandemeer","Leeuwarden","Leeuwarden","Friesland",false,53.215062,5.797915,"injury","2","clear",false,1,"GM0080"
"20240075158",2024,"Letsel",2,"Personenauto","Fiets","Flank","Kruispunt, 3 takken",30,"Niet brandend","Daglicht","Droog",\N,\N,"De Centrale","Leeuwarden","Leeuwarden","Friesland",false,53.202062,5.818122,"injury","2","clear",false,1,"GM0080"
"20240051445",2024,"Uitsluitend materiele schade",2,"Personenauto","Fiets","Frontaal","Rechte weg",30,"Niet brandend","Daglicht","Droog",\N,"209375014","Zomerkade","Haarlem","Haarlem","Noord-Holland",false,52.377054,4.650585,"material damage only","4","clear",false,1,"GM0392"
"20240041907",2024,"Letsel",2,"Personenauto","Fiets","Kop/staart","Kruispunt, 3 takken",30,"Niet brandend","Daglicht","Droog",\N,\N,"Oude Torenweg","Alblasserdam","Alblasserdam","Zuid-Holland",false,51.86041,4.674976,"injury","2","clear",false,1,"GM0482"
"20240081327",2024,"Uitsluitend materiele schade",2,"Personenauto","Fiets","Flank","Kruispunt, 4 takken",50,"Niet brandend","Daglicht","Droog",\N,\N,"Admiraal Trompstraat","Schiedam","Schiedam","Zuid-Holland",false,51.908895,4.383158,"material damage only","4","clear",false,1,"GM0606"
"20240032210",2024,"Letsel",1,"Fiets",\N,"Onbekend","Rechte weg",15,"Niet brandend","Daglicht","Regen",\N,"211322047","Kees Pellenaarsstraat","Alphen aan den Rijn","Alphen aan den Rijn","Zuid-Holland",false,52.138857,4.667197,"injury","2","rain",false,1,"GM0484"
"20240040549",2024,"Uitsluitend materiele schade",2,"Bromfiets","Fiets","Flank","Rechte weg",30,"Niet brandend","Daglicht","Droog",\N,"162309079","Gedempte Burgwal","'s-Gravenhage","'s-Gravenhage","Zuid-Holland",false,52.075516,4.312372,"material damage only","4","clear",false,1,"GM0518"
"20240032975",2024,"Letsel",2,"Fiets","Bromfiets","Flank","Rechte weg",50,"Niet brandend","Daglicht","Droog",\N,"600738534","IJsseldijk","Krimpen aan den IJssel","Krimpen aan den IJssel","Zuid-Holland",false,51.92588,4.615453,"injury","2","clear",false,1,"GM0542"
"20240040589",2024,"Letsel",1,"Fiets",\N,"Eenzijdig","Rechte weg",30,"Niet brandend","Daglicht","Droog",\N,\N,"Willem Naghelstraat","Delft","Delft","Zuid-Holland",false,52.01394,4.365211,"injury","2","clear",false,1,"GM0503"
"20240047241",2024,"Uitsluitend materiele schade",2,"Personenauto","Fiets","Flank","Kruispunt, 3 takken",30,"Niet brandend","Daglicht","Droog",\N,\N,"Nicolaas Beetslaan","Assen","Assen","Drenthe",false,52.986899,6.543309,"material damage only","4","clear",false,1,"GM0106"
"20240081443",2024,"Letsel",1,"Fiets",\N,"Eenzijdig","Rechte weg",50,"Niet brandend","Daglicht","Droog",\N,"600725971","Haagse Schouwweg","Leiden","Leiden","Zuid-Holland",false,52.159067,4.449889,"injury","2","clear",false,1,"GM0546"
"20240036716",2024,"Letsel",2,"Personenauto","Fiets","Frontaal","Rechte weg",50,"Niet brandend","Daglicht","Regen",\N,"380415110","Kattegatstraat","Kampen","Kampen","Overijssel",false,52.55867,5.904449,"injury","2","rain",false,1,"GM0166"
"20240038286",2024,"Letsel",2,"Fiets","Overig vast object","Vast voorwerp","Kruispunt, 4 takken",30,"Niet brandend","Daglicht","Droog",\N,\N,"Zandvoorterweg","Aerdenhout","Bloemendaal","Noord-Holland",false,52.364506,4.581312,"injury","2","clear",false,1,"GM0377"
"20240051036",2024,"Uitsluitend materiele schade",2,"Bromfiets","Fiets","Frontaal","Bocht",50,"Niet brandend","Daglicht","Droog",\N,"233394028","Kalverpad","Zaandam","Zaanstad","Noord-Holland",false,52.461887,4.82718,"material damage only","4","clear",false,1,"GM0479"
"20240071784",2024,"Letsel",2,"Fiets","Overig vast object","Vast voorwerp","Rechte weg",30,"Niet brandend","Daglicht","Droog",\N,"601154700","Laan van 't Haantje","Rijswijk","Rijswijk","Zuid-Holland",false,52.023815,4.34411,"injury","2","clear",false,1,\N
"20240051060",2024,"Uitsluitend materiele schade",2,"Personenauto","Fiets","Frontaal","Rotonde",30,"Niet brandend","Daglicht","Regen",\N,\N,"Rozenburglaan","Amsterdam","Amsterdam","Noord-Holland",false,52.338932,4.938041,"material damage only","4","rain",false,1,"GM0363"
"20240033734",2024,"Uitsluitend materiele schade",1,"Fiets",\N,"Eenzijdig","Bocht",30,"Niet brandend","Daglicht","Droog","Brug/viaduct","353035136","WILHELMINABRUG","Maastricht","Maastricht","Limburg",false,50.851567,5.6942,"material damage only","4","clear",false,1,"GM0935"
"20240076586",2024,"Uitsluitend materiele schade",2,"Fiets","Fiets","Flank","Kruispunt, 3 takken",50,"Niet brandend","Daglicht","Droog",\N,\N,"Steentilkade","Groningen","Groningen","Groningen",false,53.218498,6.578073,"material damage only","4","clear",false,1,"GM0014"
"20240077235",2024,"Letsel",2,"Bestelauto","Fiets","Flank","Rechte weg",60,"Niet brandend","Daglicht","Droog",\N,"223418006","Westdijk","Zuidschermer","Alkmaar","Noord-Holland",false,52.577148,4.750655,"injury","2","clear",false,1,"GM0361"
"20240040786",2024,"Letsel",2,"e-bike","Fiets","Onbekend","Kruispunt, 4 takken",30,"Niet brandend","Daglicht","Droog",\N,\N,"Madesteinweg","'s-Gravenhage","'s-Gravenhage","Zuid-Holland",false,52.041833,4.231793,"injury","2","clear",false,1,"GM0518"
"20240033174",2024,"Letsel",1,"Fiets",\N,"Onbekend","Rechte weg",50,"Brandend","Duisternis","Droog",\N,"164310167","Bezuidenhoutseweg","'s-Gravenhage","'s-Gravenhage","Zuid-Holland",false,52.083041,4.324747,"injury","2","clear",false,1,"GM0518"
"20240033831",2024,"Uitsluitend materiele schade",2,"Personenauto","Fiets","Flank","Kruispunt, 4 takken",70,"Niet brandend","Daglicht","Regen",\N,\N,"Oosterhoutseweg","Teteringen","Breda","Noord-Brabant",false,51.600422,4.813147,"material damage only","4","rain",false,1,"GM0758"
"20240037834",2024,"Uitsluitend materiele schade",2,"Personenauto","Fiets","Flank","Rotonde",80,"Niet brandend","Daglicht","Droog",\N,\N,"M A Reinaldaweg","Linschoten","Montfoort","Utrecht",false,52.036478,4.936623,"material damage only","4","clear",false,1,"GM0335"
"20240076633",2024,"Letsel",2,"Fiets","Fiets","Kop/staart","Rechte weg",30,"Niet brandend","Daglicht","Droog",\N,"519465005","Meerdijk","Emmen","Emmen","Drenthe",false,52.772497,6.936878,"injury","2","clear",false,1,"GM0114"
"20240076645",2024,"Letsel",2,"Fiets","Los voorwerp","Los voorwerp","Bocht",30,"Niet brandend","Daglicht","Droog",\N,"600882854","Woldweg","Appingedam","Eemsdelta","Groningen",false,53.316934,6.859396,"injury","2","clear",false,1,"GM1979"
"20240078749",2024,"Uitsluitend materiele schade",2,"Personenauto","Fiets","Flank","Kruispunt, 4 takken",50,"Niet brandend","Daglicht","Droog",\N,\N,"JAVABRUG","Amsterdam","Amsterdam","Noord-Holland",false,52.376416,4.921726,"material damage only","4","clear",false,1,"GM0363"
"20240081049",2024,"Letsel",2,"Fiets","Personenauto","Flank","Bocht",50,"Niet brandend","Daglicht","Droog",\N,"600729505","Rijksstraatweg","Sassenheim","Teylingen","Zuid-Holland",false,52.205621,4.487711,"injury","2","clear",false,1,"GM1525"
"20240036957",2024,"Letsel",2,"Fiets","Fiets","Flank","Bocht",50,"Niet brandend","Daglicht","Droog",\N,"600881886","Hamerstraat","Hengelo","Hengelo (O)","Overijssel",false,52.279916,6.806818,"injury","2","clear",false,1,\N
"20240040250",2024,"Letsel",1,"Fiets",\N,"Onbekend","Bocht",30,"Niet brandend","Daglicht","Droog",\N,"600912712","Korte Vijverberg","'s-Gravenhage","'s-Gravenhage","Zuid-Holland",false,52.080888,4.314161,"injury","2","clear",false,1,"GM0518"
"20240050612",2024,"Letsel",1,"Fiets",\N,"Onbekend","Rechte weg",50,"Niet brandend","Daglicht","Droog",\N,"189305115","Kangoeroepad","Zoetermeer","Zoetermeer","Zuid-Holland",false,52.05871,4.511537,"injury","2","clear",false,1,"GM0637"
"20240051246",2024,"Letsel",2,"Vrachtauto","Fiets","Flank","Kruispunt, 4 takken",50,"Niet brandend","Daglicht","Droog",\N,\N,"Van der Boechorststraat","Amsterdam","Amsterdam","Noord-Holland",true,52.335052,4.861797,"injury","2","clear",false,1,"GM0363"
"20240072084",2024,"Letsel",2,"Personenauto","Fiets","Flank","Rechte weg",50,"Niet brandend","Daglicht","Droog",\N,"207321017","Eikenlaan","Alphen aan den Rijn","Alphen aan den Rijn","Zuid-Holland",false,52.132886,4.639388,"injury","2","clear",false,1,"GM0484"
"20240037060",2024,"Letsel",1,"Fiets",\N,"Kop/staart","Rechte weg",50,"Niet aanwezig","Daglicht","Droog",\N,"361287022","Bennekomseweg","Heelsum","Renkum","Gelderland",false,51.98258,5.760211,"injury","2","clear",false,1,"GM0274"
"20240040321",2024,"Letsel",2,"Personenauto","Fiets","Flank","Kruispunt, 4 takken",50,"Niet brandend","Daglicht","Droog",\N,\N,"Hoefkade","'s-Gravenhage","'s-Gravenhage","Zuid-Holland",false,52.065043,4.306323,"injury","2","clear",false,1,"GM0518"
"20240041790",2024,"Uitsluitend materiele schade",2,"Personenauto","Fiets","Flank","Kruispunt, 4 takken",30,"Niet brandend","Daglicht","Droog",\N,\N,"Reitse Hoevenstraat","Tilburg","Tilburg","Noord-Brabant",false,51.5672,5.06257,"material damage only","4","clear",false,1,"GM0855"
"20240050726",2024,"Letsel",1,"Fiets",\N,"Kop/staart","Rechte weg",80,"Niet aanwezig","Daglicht","Droog",\N,"190370002","Zuiderduinpad","Zandvoort","Zandvoort","Noord-Holland",false,52.354736,4.515378,"injury","2","clear",false,1,"GM0473"
"20240176441",2024,"Letsel",2,"Fiets","Snorfiets","Flank","Kruispunt, 3 takken",30,"Niet brandend","Daglicht","Regen",\N,\N,"Flight Forum","Eindhoven","Eindhoven","Noord-Brabant",false,51.456685,5.401105,"injury","2","rain",false,1,"GM0772"
"20240034005",2024,"Uitsluitend materiele schade",2,"Personenauto","Fiets","Onbekend","Rechte weg",50,"Niet brandend","Daglicht","Droog",\N,"600791427","Lazarusbocht","Oirschot","Oirschot","Noord-Brabant",false,51.504413,5.328628,"material damage only","4","clear",false,1,"GM0823"
"20240041828",2024,"Dodelijk",3,"Trekker","Fiets","Onbekend","Kruispunt, 3 takken",50,"Niet brandend","Daglicht","Droog",\N,\N,"Apennijnenweg","Tilburg","Tilburg","Noord-Brabant",false,51.540781,5.078476,"fatal","1","clear",false,1,"GM0855"
"20240050746",2024,"Letsel",2,"Fiets","Fiets","Onbekend","Kruispunt, 4 takken",30,"Niet brandend","Daglicht","Droog",\N,\N,"Burg Van de Pollstraat","Amsterdam","Amsterdam","Noord-Holland",false,52.372409,4.831756,"injury","2","clear",false,1,"GM0363"
"20240051404",2024,"Letsel",2,"Bromfiets","Fiets","Flank","Bocht",50,"Brandend","Schemer","Droog",\N,"240376096","Antonie Heinsiusstraat","Amsterdam","Amsterdam","Noord-Holland",false,52.380369,4.875364,"injury","2","clear",false,1,"GM0363"
"20230101197",2023,"Letsel",2,"Personenauto","e-bike","Flank","Kruispunt, 3 takken",50,"Niet brandend","Daglicht","Droog",\N,\N,"Laan van 't Haantje","Rijswijk","Rijswijk","Zuid-Holland",false,52.024029,4.344912,"injury","2","clear",false,1,\N
"20230079385",2023,"Letsel",2,"Fiets","Vrachtauto","Flank","Kruispunt, 3 takken",50,"Niet brandend","Daglicht","Droog",\N,\N,"Oostermeerweg","Linden","Land van Cuijk","Noord-Brabant",false,51.749226,5.843948,"injury","2","clear",false,1,"GM1982"
"20230081728",2023,"Uitsluitend materiele schade",3,"Fiets","Bestelauto","Onbekend","Rechte weg",60,"Niet brandend","Daglicht","Droog",\N,"404149003","Venloseweg","Maasbree","Peel en Maas","Limburg",false,51.362845,6.068956,"material damage only","4","clear",false,1,"GM1894"
"20230089868",2023,"Letsel",1,"Fiets",\N,"Eenzijdig","Rechte weg",50,"Brandend","Duisternis","Regen","Brug/viaduct","601012971","Meyvlietpad","'s-Gravenhage","'s-Gravenhage","Zuid-Holland",false,52.052686,4.355153,"injury","2","rain",false,1,"GM0518"
"20230089892",2023,"Letsel",2,"Fiets","Personenauto","Flank","Rechte weg",50,"Niet brandend","Daglicht","Regen",\N,"600385423","Stamkartstraat","'s-Gravenhage","'s-Gravenhage","Zuid-Holland",false,52.067335,4.322384,"injury","2","rain",false,1,"GM0518"
"20230092267",2023,"Letsel",2,"Fiets",\N,"Eenzijdig","Rechte weg",\N,"Niet aanwezig","Daglicht","Droog",\N,"361159011","Elfenbank","Asten","Asten","Noord-Brabant",false,51.407135,5.75903,"injury","2","clear",false,1,"GM0743"
"20230099998",2023,"Uitsluitend materiele schade",2,"Bromfiets","Fiets","Onbekend","Rechte weg",30,"Niet brandend","Duisternis","Droog",\N,"600849427","Rijksweg Noord","Swalmen","Roermond","Limburg",false,51.233333,6.039811,"material damage only","4","clear",false,1,"GM0957"
"20230101256",2023,"Letsel",2,"Bestelauto","Fiets","Eenzijdig","Kruispunt, 4 takken",50,"Niet brandend","Daglicht","Droog",\N,\N,"Schiekade","Rotterdam","Rotterdam","Zuid-Holland",false,51.926817,4.476479,"injury","2","clear",false,1,"GM0599"
"20230105178",2023,"Letsel",2,"Personenauto","Fiets","Flank","Kruispunt, 4 takken",50,"Niet brandend","Daglicht","Droog",\N,\N,"Laan van Oost-Indië","Nijmegen","Nijmegen","Gelderland",false,51.850114,5.848451,"injury","2","clear",false,1,"GM0268"
"20230080580",2023,"Uitsluitend materiele schade",1,"Fiets",\N,"Onbekend","Rechte weg",30,"Niet brandend","Daglicht","Regen",\N,"600385768","Segeersstraat","Middelburg","Middelburg","Zeeland",false,51.497976,3.615964,"material damage only","4","rain",false,1,\N
"20230084113",2023,"Letsel",2,"Personenauto","Fiets","Onbekend","Kruispunt, 3 takken",50,"Niet brandend","Daglicht","Droog",\N,\N,"Wielingenstraat","Purmerend","Purmerend","Noord-Holland",false,52.504274,4.955786,"injury","2","clear",false,1,"GM0439"
"20230102121",2023,"Letsel",2,"Personenauto","Fiets","Kop/staart","Rechte weg",\N,"Niet aanwezig","Daglicht","Droog",\N,"600892733","Bodegraafsestraatweg","Gouda","Gouda","Zuid-Holland",false,52.026071,4.717392,"injury","2","clear",false,1,"GM0513"
"20230080016",2023,"Letsel",2,"Personenauto","Fiets","Flank","Kruispunt, 4 takken",80,"Niet brandend","Daglicht","Droog",\N,\N,"West-Om","Gemert","Gemert-Bakel","Noord-Brabant",false,51.546432,5.676359,"injury","2","clear",false,1,"GM1652"
"20230080045",2023,"Uitsluitend materiele schade",2,"Bromfiets","Fiets","Flank","Kruispunt, 3 takken",50,"Niet brandend","Daglicht","Droog",\N,\N,"Burg Storimanslaan","Berkel-Enschot","Tilburg","Noord-Brabant",false,51.578947,5.139363,"material damage only","4","clear",false,1,"GM0855"
"20230081803",2023,"Uitsluitend materiele schade",2,"Personenauto","Fiets","Onbekend","Kruispunt, 3 takken",50,"Niet brandend","Daglicht","Droog",\N,\N,"Oeslingerbaan","Maastricht","Maastricht","Limburg",false,50.833225,5.702276,"material damage only","4","clear",false,1,"GM0935"
"20230082382",2023,"Letsel",2,"Fiets","e-bike","Frontaal","Kruispunt, 3 takken",50,"Niet brandend","Daglicht","Droog",\N,\N,"Diepenbeekstraat","Stein","Stein","Limburg",false,50.963046,5.766604,"injury","2","clear",false,1,\N
"20230082384",2023,"Letsel",2,"Personenauto","e-bike","Flank","Kruispunt, 3 takken",30,"Niet brandend","Daglicht","Droog",\N,\N,"Knapenstraat","Geleen","Sittard-Geleen","Limburg",false,50.974126,5.83815,"injury","2","clear",false,1,"GM1883"
"20230085280",2023,"Uitsluitend materiele schade",2,"Fiets","Scootmobiel","Flank","Kruispunt, 3 takken",30,"Niet brandend","Daglicht","Droog",\N,\N,"Frieswijkstraat","Nijkerk","Nijkerk","Gelderland",false,52.217472,5.478272,"material damage only","4","clear",false,1,"GM0267"
"20230085303",2023,"Uitsluitend materiele schade",2,"Personenauto","Fiets","Flank","Kruispunt, 3 takken",50,"Niet brandend","Schemer","Mist",\N,\N,"Frank Hoeckellaan","Barneveld","Barneveld","Gelderland",false,52.151582,5.587089,"material damage only","4","fog",false,1,"GM0203"
"20230085311",2023,"Uitsluitend materiele schade",2,"Fiets","Personenauto","Flank","Kruispunt, 4 takken",50,"Niet brandend","Daglicht","Droog",\N,\N,"Maasdijk","Hedel","Maasdriel","Gelderland",false,51.743301,5.265566,"material damage only","4","clear",false,1,"GM0263"
"20230088209",2023,"Letsel",2,"Personenauto","Fiets","Frontaal","Kruispunt, 4 takken",30,"Brandend","Schemer","Droog",\N,\N,"Grote Markt","Haarlem","Haarlem","Noord-Holland",false,52.381359,4.637461,"injury","2","clear",false,1,"GM0392"
"20230100065",2023,"Uitsluitend materiele schade",4,"Fiets","Fiets","Onbekend","Rechte weg",\N,"Niet brandend","Schemer","Droog",\N,"368075041","Kempstraat","Born","Sittard-Geleen","Limburg",false,51.027269,5.810086,"material damage only","4","clear",false,1,"GM1883"
"20230101725",2023,"Letsel",3,"e-bike","Personenauto","Los voorwerp","Kruispunt, 4 takken",50,"Niet brandend","Daglicht","Droog",\N,"600697178","FIETSPAD","Rotterdam","Rotterdam","Zuid-Holland",false,51.954636,4.524766,"injury","2","clear",false,1,"GM0599"
"20230085326",2023,"Uitsluitend materiele schade",2,"Personenauto","Fiets","Flank","Rotonde",50,"Niet brandend","Daglicht","Droog",\N,\N,"Kolthofsingel","Almelo","Almelo","Overijssel",false,52.368264,6.66083,"material damage only","4","clear",false,1,"GM0141"
"20230107079",2023,"Letsel",2,"Personenauto","Fiets","Geparkeerd voertuig","Rechte weg",50,"Brandend","Duisternis","Droog","Parkeervoorziening","212257038","Burgemeester Keijzerweg","Papendrecht","Papendrecht","Zuid-Holland",false,51.84479,4.682284,"injury","2","clear",false,1,"GM0590"
"20230084213",2023,"Letsel",2,"Fiets","Overig vast object","Vast voorwerp","Rechte weg",50,"Brandend","Duisternis","Droog",\N,"600740927","De Noostraat","IJmuiden","Velsen","Noord-Holland",false,52.46107,4.628074,"injury","2","clear",false,1,"GM0453"
"20230094732",2023,"Letsel",2,"Bestelauto","Fiets","Onbekend","Rotonde",50,"Niet brandend","Daglicht","Droog",\N,\N,"Parallelweg","Borne","Borne","Overijssel",false,52.297746,6.750028,"injury","2","clear",false,1,"GM0147"
"20230095299",2023,"Uitsluitend materiele schade",2,"Personenauto","Fiets","Flank","Rechte weg",30,"Niet brandend","Daglicht","Droog",\N,\N,"Fazantenstraat","Den Helder","Den Helder","Noord-Holland",false,52.948625,4.766938,"material damage only","4","clear",false,1,"GM0400"
"20230101390",2023,"Uitsluitend materiele schade",2,"Personenauto","Fiets","Onbekend","Rotonde",50,"Niet brandend","Daglicht","Droog","Tunnel",\N,"Spinozaweg","Rotterdam","Rotterdam","Zuid-Holland",false,51.878739,4.508968,"material damage only","4","clear",false,1,"GM0599"
"20230103705",2023,"Uitsluitend materiele schade",2,"Personenauto","e-bike","Onbekend","Kruispunt, 4 takken",50,"Niet brandend","Daglicht","Droog",\N,\N,"Hendrick Staetsweg","Rotterdam","Rotterdam","Zuid-Holland",false,51.944319,4.54477,"material damage only","4","clear",false,1,"GM0599"
"20230080695",2023,"Uitsluitend materiele schade",2,"Personenauto","e-bike","Flank","Rotonde",50,"Niet brandend","Daglicht","Droog",\N,\N,"Lange Weide","Breda","Breda","Noord-Brabant",false,51.607114,4.801942,"material damage only","4","clear",false,1,"GM0758"
"20230081294",2023,"Uitsluitend materiele schade",2,"Personenauto","Fiets","Onbekend","Kruispunt, 4 takken",30,"Niet brandend","Daglicht","Droog",\N,\N,"Putselaan","Rotterdam","Rotterdam","Zuid-Holland",false,51.897293,4.495589,"material damage only","4","clear",false,1,"GM0599"