"accident_id","year","severity_raw","party_count","party1_type","party2_type","accident_type","road_situation","speed_limit_kmh","road_lighting","light_condition_label","weather_raw","infra_type","road_segment_id","street_name","place_name","gemeente_name_raw","province","alcohol_indicated","latitude","longitude","severity_label","severity_code","weather_label","built_up_area","cyclists_involved","gemeente_code"
"20230081911",2023,"Letsel",3,"Bromfiets","Fiets","Los voorwerp","Rechte weg",50,"Niet brandend","Daglicht","Droog",\N,"600514261","Heerlenseweg","Landgraaf","Landgraaf","Limburg",false,50.895016,6.005365,"injury","2","clear",false,1,"GM0882"
"20230097086",2023,"Uitsluitend materiele schade",2,"Bromfiets","Fiets","Flank","Rechte weg",30,"Brandend","Duisternis","Regen",\N,"232391013","Westzijde","Zaandam","Zaanstad","Noord-Holland",false,52.447444,4.819291,"material damage only","4","rain",false,1,"GM0479"
"20230086053",2023,"Letsel",2,"Fiets","Personenauto","Flank","Rechte weg",50,"Niet brandend","Daglicht","Droog",\N,"495358061","Deldensestraat","Borne","Borne","Overijssel",false,52.294797,6.746443,"injury","2","clear",false,1,"GM0147"
"20230086605",2023,"Letsel",1,"Fiets",\N,"Eenzijdig","Rechte weg",30,"Niet aanwezig","Duisternis","Droog",\N,"186328014","Steenstraat","Leiden","Leiden","Zuid-Holland",false,52.163322,4.484478,"injury","2","clear",false,1,"GM0546"
"20230090767",2023,"Letsel",3,"Fiets","Bromfiets","Onbekend","Rechte weg",30,"Niet brandend","Daglicht","Droog",\N,"264218046","Oosteind","Waalwijk","Waalwijk","Noord-Brabant",false,51.671239,5.060441,"injury","2","clear",false,1,"GM0867"
"20230084937",2023,"Uitsluitend materiele schade",2,"Personenauto","Fiets","Flank","Kruispunt, 4 takken",50,"Niet brandend","Daglicht","Regen",\N,\N,"Lange Voort","Bornerbroek","Almelo","Overijssel",false,52.308591,6.654317,"material damage only","4","rain",false,1,"GM0141"
"20230084950",2023,"Letsel",2,"Personenauto","e-bike","Flank","Kruispunt, 4 takken",50,"Niet brandend","Daglicht","Droog",\N,\N,"Steinhagenseweg","Woerden","Woerden","Utrecht",false,52.082717,4.899756,"injury","2","clear",false,1,"GM0632"
"20230089026",2023,"Letsel",2,"Personenauto","Fiets","Flank","Kruispunt, 3 takken",50,"Niet brandend","Daglicht","Regen",\N,\N,"Burgdorfferstraat","Rotterdam","Rotterdam","Zuid-Holland",false,51.907733,4.507794,"injury","2","rain",false,1,"GM0599"
"20230091990",2023,"Uitsluitend materiele schade",2,"Personenauto","Fiets","Flank","Rotonde",50,"Brandend","Duisternis","Regen",\N,\N,"Wilhelminalaan","Raamsdonksveer","Geertruidenberg","Noord-Brabant",false,51.689336,4.876538,"material damage only","4","rain",false,1,"GM0779"
"20230092577",2023,"Uitsluitend materiele schade",2,"Personenauto","Fiets","Flank","Rotonde",50,"Brandend","Duisternis","Regen",\N,\N,"Blitterswijckseweg","Wanssum","Venray","Limburg",false,51.536413,6.084206,"material damage only","4","rain",false,1,"GM0984"
"20230098945",2023,"Uitsluitend materiele schade",2,"Personenauto","Fiets","Flank","Rechte weg",30,"Niet brandend","Daglicht","Droog",\N,\N,"Meerenakkerweg","Eindhoven","Eindhoven","Noord-Brabant",false,51.429134,5.428922,"material damage only","4","clear",false,1,"GM0772"
"20230101536",2023,"Letsel",1,"Fiets",\N,"Eenzijdig","Bocht",\N,\N,"Daglicht","Droog",\N,"600721168","Schiekade","Delft","Delft","Zuid-Holland",false,51.989825,4.372019,"injury","2","clear",false,1,"GM0503"
"20230087846",2023,"Letsel",2,"Personenauto","Fiets","Flank","Kruispunt, 4 takken",50,"Brandend","Duisternis","Regen",\N,\N,"Kennemerstraatweg","Alkmaar","Alkmaar","Noord-Holland",false,52.625162,4.737701,"injury","2","rain",false,1,"GM0361"
"20230097818",2023,"Uitsluitend materiele schade",2,"Personenauto","Fiets","Flank","Kruispunt, 4 takken",50,"Niet brandend","Daglicht","Droog",\N,\N,"Beethovenstraat","Amsterdam","Amsterdam","Noord-Holland",false,52.350699,4.878818,"material damage only","4","clear",false,1,"GM0363"
"20230102405",2023,"Letsel",2,"Bromfiets","Fiets","Flank","Kruispunt, 4 takken",30,"Niet brandend","Daglicht","Droog",\N,\N,"Gooweg","Noordwijk","Noordwijk","Zuid-Holland",false,52.237936,4.455979,"injury","2","clear",false,1,"GM0575"
"20230103338",2023,"Uitsluitend materiele schade",2,"Fiets","Fiets","Onbekend","Kruispunt, 4 takken",30,"Niet brandend","Daglicht","Droog",\N,\N,"Westzeedijk","Rotterdam","Rotterdam","Zuid-Holland",false,51.908641,4.468395,"material damage only","4","clear",false,1,"GM0599"
"20230079755",2023,"Letsel",2,"Personenauto","Fiets","Flank","Kruispunt, 3 takken",30,"Niet brandend","Daglicht","Droog",\N,\N,"Marie Curiestraat","Sint-Oedenrode","Meierijstad","Noord-Brabant",false,51.575876,5.468262,"injury","2","clear",false,1,"GM1948"
"20230079758",2023,"Letsel",2,"Personenauto","Fiets","Onbekend","Kruispunt, 3 takken",50,"Niet brandend","Daglicht","Droog",\N,\N,"van Beethovensingel","Vlaardingen","Vlaardingen","Zuid-Holland",false,51.901579,4.338226,"injury","2","clear",false,1,"GM0622"
"20230093791",2023,"Letsel",3,"Trekker","Fiets","Flank","Rotonde",50,"Niet brandend","Daglicht","Regen",\N,\N,"Thorbeckestraat","Oldenzaal","Oldenzaal","Overijssel",false,52.322437,6.933563,"injury","2","rain",false,1,"GM0173"
"20230079772",2023,"Uitsluitend materiele schade",2,"Fiets","Personenauto","Flank","Kruispunt, 3 takken",50,"Niet brandend","Daglicht","Regen",\N,\N,"Bermweg","Capelle aan den IJssel","Capelle aan den IJssel","Zuid-Holland",false,51.937008,4.57896,"material damage only","4","rain",false,1,"GM0502"
"20230086765",2023,"Uitsluitend materiele schade",2,"Bromfiets","Fiets","Flank","Kruispunt, 4 takken",50,"Brandend","Duisternis","Droog",\N,\N,"Hogewoerd","Leiden","Leiden","Zuid-Holland",false,52.156029,4.494883,"material damage only","4","clear",false,1,"GM0546"
"20230090901",2023,"Uitsluitend materiele schade",2,"Personenauto","e-bike","Flank","Kruispunt, 4 takken",30,"Niet brandend","Daglicht","Droog",\N,\N,"Holtmühlestraat","Tegelen","Venlo","Limburg",false,51.333928,6.145579,"material damage only","4","clear",false,1,"GM0983"
"20230092690",2023,"Letsel",2,"Fiets","Fiets","Onbekend","Kruispunt, 3 takken",50,"Niet brandend","Daglicht","Regen",\N,\N,"Groenenweg","Vijlen","Vaals","Limburg",false,50.773743,5.945245,"injury","2","rain",false,1,"GM0981"
"20230096728",2023,"Uitsluitend materiele schade",2,"Bromfiets","Fiets","Flank","Kruispunt, 4 takken",\N,"Brandend","Duisternis","Droog",\N,\N,"Korenmolen","Houten","Houten","Utrecht",false,52.030274,5.172684,"material damage only","4","clear",false,1,"GM0321"
"20230093860",2023,"Uitsluitend materiele schade",2,"Bromfiets","Fiets","Flank","Rechte weg",30,"Niet brandend","Daglicht","Droog",\N,"600393687","Griftdijk","Nijmegen","Nijmegen","Gelderland",false,51.893255,5.83694,"material damage only","4","clear",false,1,"GM0268"
"20230086846",2023,"Letsel",3,"Personenauto","Fiets","Flank","Rechte weg",50,"Niet brandend","Daglicht","Droog",\N,\N,"Spruitkoolakker","Zoetermeer","Zoetermeer","Zuid-Holland",false,52.067114,4.523538,"injury","2","clear",false,1,"GM0637"
"20230087405",2023,"Letsel",2,"Personenauto","Fiets","Flank","Rechte weg",50,"Niet brandend","Daglicht","Droog",\N,"600690549","Zeestraat","Wijk aan Zee","Beverwijk","Noord-Holland",false,52.490082,4.612154,"injury","2","clear",false,1,"GM0375"
"20230099147",2023,"Uitsluitend materiele schade",2,"Personenauto","Fiets","Flank","Kruispunt, 4 takken",30,"Brandend","Duisternis","Droog",\N,\N,"Bagelaarstraat","Eindhoven","Eindhoven","Noord-Brabant",false,51.436466,5.505994,"material damage only","4","clear",false,1,"GM0772"
"20230086868",2023,"Letsel",1,"Fiets",\N,"Eenzijdig","Rechte weg",30,"Niet brandend","Daglicht","Droog",\N,"600714833","Laan van Poot","'s-Gravenhage","'s-Gravenhage","Zuid-Holland",false,52.086742,4.267171,"injury","2","clear",false,1,"GM0518"
"20230091597",2023,"Uitsluitend materiele schade",2,"Personenauto","Fiets","Flank","Rotonde",50,"Niet brandend","Daglicht","Droog",\N,\N,"Aartshertogenlaan","'s-Hertogenbosch","'s-Hertogenbosch","Noord-Brabant",false,51.699142,5.312367,"material damage only","4","clear",false,1,"GM0796"
"20230091614",2023,"Uitsluitend materiele schade",2,"Bestelauto","Fiets","Onbekend","Kruispunt, 4 takken",50,"Brandend","Duisternis","Droog",\N,\N,"Gasthuisring","Tilburg","Tilburg","Noord-Brabant",false,51.562017,5.077449,"material damage only","4","clear",false,1,"GM0855"
"20230092201",2023,"Letsel",3,"Fiets","Fiets","Voetganger","Rechte weg",60,"Niet aanwezig","Duisternis","Droog",\N,"308220002","Nijvelaar","Den Dungen","Sint-Michielsgestel","Noord-Brabant",false,51.682592,5.375675,"injury","2","clear",false,1,"GM0845"
"20230098584",2023,"Uitsluitend materiele schade",2,"Personenauto","Fiets","Onbekend","Rotonde",50,"Niet brandend","Daglicht","Droog",\N,\N,"Kempkensweg","Heerlen","Heerlen","Limburg",false,50.892068,5.976013,"material damage only","4","clear",false,1,"GM0917"
"20230084041",2023,"Uitsluitend materiele schade",2,"Fiets","Dier","Dier","Rechte weg",30,"Brandend","Duisternis","Droog",\N,"314322061","Olmenlaan","Leusden","Leusden","Utrecht",false,52.14071,5.422602,"material damage only","4","clear",false,1,"GM0327"
"20230089857",2023,"Letsel",2,"Bromfiets","Fiets","Frontaal","Rechte weg",50,"Brandend","Duisternis","Droog",\N,"153310027","Laan van Poot","'s-Gravenhage","'s-Gravenhage","Zuid-Holland",true,52.080069,4.248637,"injury","2","clear",false,1,"GM0518"
"20220002131",2022,"Uitsluitend materiele schade",2,"Fiets","Bestelauto","Flank","Kruispunt, 4 takken",\N,"Niet brandend","Daglicht","Droog",\N,\N,"Westpoortboulevard","Groningen","Groningen","Groningen",false,53.208477,6.470467,"material damage only","4","clear",false,1,"GM0014"
"20230000154",2023,"Letsel",2,"Personenauto","e-bike","Flank","Kruispunt, 3 takken",50,"Niet brandend","Daglicht","Droog",\N,\N,"Ministerlaan","Zwolle","Zwolle","Overijssel",false,52.477218,6.114017,"injury","2","clear",false,1,"GM0193"
"20220035602",2022,"Letsel",3,"Personenauto","Fiets","Onbekend","Kruispunt, 4 takken",50,"Niet brandend","Daglicht","Droog",\N,\N,"Gorslaan","Purmerend","Purmerend","Noord-Holland",false,52.496837,4.947991,"injury","2","clear",false,1,"GM0439"
"20220108631",2022,"Uitsluitend materiele schade",2,"Personenauto","e-bike","Flank","Kruispunt, 4 takken",30,"Niet brandend","Daglicht","Droog",\N,\N,"Bramengaarde","Hendrik-Ido-Ambacht","Hendrik-Ido-Ambacht","Zuid-Holland",false,51.836468,4.643145,"material damage only","4","clear",false,1,"GM0531"
"20240001097",2024,"Uitsluitend materiele schade",2,"Scootmobiel","Fiets","Onbekend","Rechte weg",80,"Niet aanwezig","Duisternis","Regen",\N,"600944090","Goesestraatweg","'s-Gravenpolder","Borsele","Zeeland",false,51.471741,3.903386,"material damage only","4","rain",false,1,"GM0654"
"20230005364",2023,"Letsel",1,"Fiets",\N,"Eenzijdig",\N,\N,\N,"Duisternis",\N,\N,"600732650","Hoofdstraat","Sassenheim","Teylingen","Zuid-Holland",false,52.224005,4.518741,"injury","2","unknown",false,1,"GM1525"
"20230005075",2023,"Letsel",1,"Fiets",\N,"Eenzijdig",\N,30,\N,"Duisternis",\N,\N,"600371811","Haarlemmerweg","Leiden","Leiden","Zuid-Holland",false,52.169953,4.490759,"injury","2","unknown",false,1,"GM0546"
"20220065220",2022,"Uitsluitend materiele schade",2,"Personenauto","Fiets","Onbekend",\N,60,\N,"Daglicht",\N,\N,"209183003","Ettensebaan","Rijsbergen","Zundert","Noord-Brabant",false,51.512056,4.660131,"material damage only","4","unknown",false,1,"GM0879"
"20220068139",2022,"Letsel",2,"Personenauto","Fiets","Flank","Rotonde",50,"Niet brandend","Daglicht","Droog",\N,\N,"Floralaan","Asten","Asten","Noord-Brabant",false,51.406125,5.753774,"injury","2","clear",false,1,"GM0743"
"20220076100",2022,"Letsel",2,"Personenauto","Fiets","Flank","Kruispunt, 3 takken",50,"Niet brandend","Daglicht","Droog",\N,\N,"Groesbeekseweg","Malden","Heumen","Gelderland",false,51.782498,5.86046,"injury","2","clear",false,1,"GM0252"
"20220068210",2022,"Letsel",2,"Personenauto","Fiets","Flank","Kruispunt, 4 takken",30,"Niet brandend","Daglicht","Droog",\N,\N,"Karel de Grotelaan","Eindhoven","Eindhoven","Noord-Brabant",false,51.420493,5.447492,"injury","2","clear",false,1,"GM0772"
"20220080644",2022,"Uitsluitend materiele schade",1,"Fiets",\N,"Voetganger","Rechte weg",50,"Niet brandend","Daglicht",\N,\N,"232371045","Comeniusstraat","Amsterdam","Amsterdam","Noord-Holland",false,52.359157,4.822863,"material damage only","4","unknown",false,1,"GM0363"
"20220089384",2022,"Uitsluitend materiele schade",2,"Bestelauto","Fiets","Flank","Kruispunt, 3 takken",50,"Niet brandend","Duisternis","Droog",\N,\N,"Wilhelminaplein","'s-Hertogenbosch","'s-Hertogenbosch","Noord-Brabant",false,51.684284,5.293073,"material damage only","4","clear",false,1,"GM0796"
"20220089391",2022,"Uitsluitend materiele schade",2,"Personenauto","Fiets","Frontaal","Rotonde",\N,"Niet brandend","Daglicht","Droog",\N,\N,"Hertogin Johannasingel","Oss","Oss","Noord-Brabant",false,51.766506,5.510286,"material damage only","4","clear",false,1,"GM0828"
"20220089393",2022,"Uitsluitend materiele schade",2,"Personenauto","Fiets","Flank","Kruispunt, 3 takken",50,"Niet brandend","Daglicht","Droog",\N,\N,"Wenckenbachstraat","Eindhoven","Eindhoven","Noord-Brabant",false,51.453232,5.462851,"material damage only","4","clear",false,1,"GM0772"
"20220091819",2022,"Letsel",1,"Fiets",\N,"Eenzijdig","Rechte weg",30,"Niet brandend","Daglicht",\N,\N,"600667230","Oude Ringmuur","Harlingen","Harlingen","Friesland",false,53.179122,5.419513,"injury","2","unknown",false,1,"GM0072"
"20220092705",2022,"Uitsluitend materiele schade",1,"Fiets",\N,"Voetganger","Rechte weg",15,"Niet brandend","Daglicht","Droog",\N,"600648399","Brink O.Z.","Zuidlaren","Tynaarlo","Drenthe",false,53.093225,6.688029,"material damage only","4","clear",false,1,"GM1730"
"20220019793",2022,"Uitsluitend materiele schade",2,"Bus","Fiets","Flank","Rechte weg",50,"Niet brandend","Daglicht","Droog",\N,\N,"Juliana van Stolberglaan","'s-Gravenhage","'s-Gravenhage","Zuid-Holland",false,52.081265,4.330863,"material damage only","4","clear",false,1,"GM0518"
"20220053747",2022,"Letsel",2,"Personenauto","Fiets","Flank","Kruispunt, 4 takken",\N,"Brandend","Duisternis","Droog",\N,\N,"Gedempte Nieuwesloot","Alkmaar","Alkmaar","Noord-Holland",false,52.63274,4.749569,"injury","2","clear",false,1,"GM0361"
"20220084796",2022,"Letsel",2,"Personenauto","Fiets","Flank","Rotonde",50,"Niet brandend","Daglicht","Regen",\N,\N,"Brugweg","Zwijndrecht","Zwijndrecht","Zuid-Holland",false,51.813388,4.642244,"injury","2","rain",false,1,"GM0642"
"20220044915",2022,"Uitsluitend materiele schade",2,"Bromfiets","Fiets","Flank","Rechte weg",30,"Niet brandend","Daglicht","Droog",\N,"600882629","Elsbeekweg","Enschede","Enschede","Overijssel",false,52.244755,6.826711,"material damage only","4","clear",false,1,"GM0153"
"20220047890",2022,"Uitsluitend materiele schade",2,"Personenauto","Fiets","Frontaal","Kruispunt, 3 takken",30,"Niet brandend","Daglicht","Droog",\N,\N,"Theresiaplein","Borne","Borne","Overijssel",false,52.293216,6.763435,"material damage only","4","clear",false,1,"GM0147"
"20220065444",2022,"Letsel",2,"Bestelauto","e-bike","Geparkeerd voertuig","Rechte weg",50,"Niet brandend","Daglicht","Droog",\N,"267190040","Oerlesestraat","Tilburg","Tilburg","Noord-Brabant",false,51.546838,5.081967,"injury","2","clear",false,1,"GM0855"
"20220068350",2022,"Letsel",2,"Personenauto","Fiets","Flank","Kruispunt, 4 takken",50,"Niet brandend","Daglicht","Droog",\N,\N,"Thorvaldsenlaan","Eindhoven","Eindhoven","Noord-Brabant",false,51.459452,5.47047,"injury","2","clear",false,1,"GM0772"
"20220078390",2022,"Letsel",1,"Fiets",\N,"Eenzijdig","Rechte weg",50,"Brandend","Duisternis","Droog",\N,"600741820","Lodewijk van Deyssellaan","Haarlem","Haarlem","Noord-Holland",false,52.406386,4.633161,"injury","2","clear",false,1,"GM0392"
"20220093691",2022,"Uitsluitend materiele schade",2,"Personenauto","Fiets","Flank","Rotonde",50,"Niet brandend","Daglicht","Droog",\N,\N,"G van der Muelenweg","Nijverdal","Hellendoorn","Overijssel",false,52.370242,6.46518,"material damage only","4","clear",false,1,"GM0163"
"20220016782",2022,"Letsel",2,"Bestelauto","Fiets","Flank","Rechte weg",\N,"Brandend","Duisternis","Droog",\N,"600409115","Louwesweg","Amsterdam","Amsterdam","Noord-Holland",false,52.34637,4.822882,"injury","2","clear",false,1,"GM0363"
"20220043139",2022,"Uitsluitend materiele schade",2,"Personenauto","Fiets","Flank","Rotonde",50,"Niet brandend","Daglicht","Droog",\N,\N,"Chopinlaan","Nijkerk","Nijkerk","Gelderland",false,52.211112,5.487104,"material damage only","4","clear",false,1,"GM0267"
"20220080922",2022,"Letsel",2,"Personenauto","Fiets","Flank","Kruispunt, 4 takken",50,"Niet brandend","Daglicht","Regen",\N,\N,"De Boelelaan","Amsterdam","Amsterdam","Noord-Holland",false,52.334914,4.878689,"injury","2","rain",false,1,"GM0363"
"20220083897",2022,"Letsel",2,"Personenauto","Fiets","Onbekend","Rotonde",50,"Niet brandend","Daglicht","Regen",\N,\N,"Plesmanweg","'s-Gravenhage","'s-Gravenhage","Zuid-Holland",false,52.09946,4.301171,"injury","2","rain",false,1,"GM0518"
"20220111770",2022,"Uitsluitend materiele schade",2,"Personenauto","Fiets","Onbekend",\N,\N,\N,"Daglicht",\N,\N,\N,"Sportlaan","Best","Best","Noord-Brabant",false,51.503713,5.395331,"material damage only","4","unknown",false,1,"GM0753"
"20220009587",2022,"Uitsluitend materiele schade",2,"Personenauto","e-bike","Flank","Kruispunt, 3 takken",50,"Niet aanwezig","Daglicht","Droog",\N,\N,"Atol","Lelystad","Lelystad","Flevoland",false,52.513951,5.493596,"material damage only","4","clear",false,1,"GM0995"
"20220025519",2022,"Uitsluitend materiele schade",2,"Bestelauto","Fiets","Los voorwerp","Kruispunt, 3 takken",60,"Brandend","Duisternis","Droog",\N,\N,"HEERLE 26","Wouw","Roosendaal","Noord-Brabant",false,51.50578,4.363081,"material damage only","4","clear",false,1,"GM1674"
"20220083971",2022,"Letsel",2,"Fiets","Fiets","Onbekend","Rechte weg",50,"Brandend","Duisternis","Droog",\N,"161306085","De Heemstraat","'s-Gravenhage","'s-Gravenhage","Zuid-Holland",false,52.06313,4.301314,"injury","2","clear",false,1,"GM0518"
"20220083983",2022,"Uitsluitend materiele schade",2,"Personenauto","Fiets","Flank","Kruispunt, 4 takken",50,"Niet brandend","Daglicht","Droog",\N,\N,"Frans Halsstraat","'s-Gravenhage","'s-Gravenhage","Zuid-Holland",false,52.064495,4.3094,"material damage only","4","clear",false,1,"GM0518"
"20220114045",2022,"Uitsluitend materiele schade",2,"Personenauto","Fiets","Flank","Rechte weg",50,"Niet brandend","Schemer","Droog",\N,"403169044","Doolgaardstraat","Horst","Horst aan de Maas","Limburg",false,51.450722,6.057533,"material damage only","4","clear",false,1,"GM1507"
"20220020314",2022,"Letsel",3,"Fiets","Fiets","Onbekend",\N,30,"Niet aanwezig","Daglicht",\N,\N,"185305060","Voorweg","Zoetermeer","Zoetermeer","Zuid-Holland",false,52.060437,4.478622,"injury","2","unknown",false,1,"GM0637"
"20220023087",2022,"Uitsluitend materiele schade",2,"Personenauto","Fiets","Flank","Kruispunt, 3 takken",50,"Brandend","Duisternis","Droog",\N,\N,"Jasonweg","Rotterdam","Rotterdam","Zuid-Holland",false,51.963888,4.484823,"material damage only","4","clear",false,1,"GM0599"
"20220029428",2022,"Uitsluitend materiele schade",2,"Fiets","Overig vast object","Vast voorwerp","Rechte weg",60,"Niet brandend","Daglicht","Droog",\N,\N,"Broekhovenseweg","Riethoven","Bergeijk","Noord-Brabant",false,51.367714,5.388876,"material damage only","4","clear",false,1,"GM1724"
"20220055463",2022,"Letsel",2,"Fiets","Personenauto","Frontaal","Rechte weg",30,"Brandend","Duisternis","Droog","Brug/viaduct","240373106","Nieuwe Passeerdersstraat","Amsterdam","Amsterdam","Noord-Holland",false,52.366519,4.879003,"injury","2","clear",false,1,"GM0363"
"20220071952",2022,"Letsel",2,"Fiets","Fiets","Flank","Rechte weg",50,"Niet brandend","Daglicht","Droog",\N,"389563044","Woudweg","Noardburgum","Tytsjerksteradiel","Friesland",false,53.224428,5.983468,"injury","2","clear",false,1,"GM0737"
"20220078737",2022,"Letsel",2,"e-bike","Fiets","Flank","Rechte weg",50,"Niet brandend","Daglicht","Droog",\N,"600899439","Zuiddijk W","Zuidoostbeemster","Purmerend","Noord-Holland",false,52.512327,4.938327,"injury","2","clear",false,1,"GM0439"
"20220086460",2022,"Letsel",3,"Personenauto","Fiets","Onbekend","Rechte weg",50,"Niet brandend","Daglicht","Droog",\N,\N,"Clara Visserstraat","Spijkenisse","Nissewaard","Zuid-Holland",false,51.834511,4.35997,"injury","2","clear",false,1,"GM1930"
"20220104879",2022,"Uitsluitend materiele schade",2,"Personenauto","Fiets","Flank","Rotonde",60,"Niet brandend","Daglicht","Droog",\N,\N,"Zwarteweg","Noordwijk","Noordwijk","Zuid-Holland",false,52.221669,4.439966,"material damage only","4","clear",false,1,"GM0575"
"20220104886",2022,"Letsel",2,"Personenauto","Fiets","Flank","Rotonde",50,"Niet brandend","Daglicht","Droog",\N,\N,"Prinsenhof","Leidschendam","Leidschendam-Voorburg","Zuid-Holland",false,52.094724,4.395108,"injury","2","clear",false,1,"GM1916"
"20220105567",2022,"Letsel",2,"Bus","Fiets","Flank","Rechte weg",50,"Niet brandend","Daglicht","Droog",\N,\N,"Dijkweg","Naaldwijk","Westland","Zuid-Holland",false,51.9984,4.213576,"injury","2","clear",false,1,"GM1783"
"20220017865",2022,"Letsel",2,"Bestelauto","Fiets","Flank","Kruispunt, 4 takken",50,"Niet brandend","Daglicht","Droog",\N,\N,"Kraijenhoffstraat","'s-Gravenhage","'s-Gravenhage","Zuid-Holland",false,52.071094,4.319704,"injury","2","clear",false,1,"GM0518"
"20220023224",2022,"Uitsluitend materiele schade",2,"Personenauto","Fiets","Flank","Rotonde",50,"Niet brandend","Daglicht","Droog",\N,\N,"Veerweg","Papendrecht","Papendrecht","Zuid-Holland",false,51.840386,4.696628,"material damage only","4","clear",false,1,"GM0590"
"20220055568",2022,"Letsel",2,"Personenauto","Fiets","Frontaal","Kruispunt, 4 takken",50,"Niet brandend","Daglicht","Droog",\N,\N,"Amsteldijk","Amsterdam","Amsterdam","Noord-Holland",false,52.354613,4.906189,"injury","2","clear",false,1,"GM0363"
"20220058564",2022,"Letsel",2,"Fiets","Personenauto","Flank","Rechte weg",50,"Niet brandend","Daglicht","Droog",\N,"600712901","Ockenburghstraat","'s-Gravenhage","'s-Gravenhage","Zuid-Holland",false,52.058745,4.226089,"injury","2","clear",false,1,"GM0518"
"20220061068",2022,"Letsel",2,"Bestelauto","Fiets","Los voorwerp","Kruispunt, 4 takken",30,"Brandend","Duisternis","Regen",\N,\N,"Piersonstraat","Schiedam","Schiedam","Zuid-Holland",false,51.923361,4.390386,"injury","2","rain",false,1,"GM0606"
"20220036175",2022,"Uitsluitend materiele schade",2,"Snorfiets","Fiets","Frontaal","Rechte weg",50,"Niet brandend","Daglicht","Droog",\N,"163305023","Laakkade","'s-Gravenhage","'s-Gravenhage","Zuid-Holland",false,52.059414,4.317495,"material damage only","4","clear",false,1,"GM0518"
"20220048214",2022,"Uitsluitend materiele schade",2,"Personenauto","Fiets","Flank","Kruispunt, 4 takken",80,"Niet brandend","Daglicht","Droog",\N,\N,"Garderbroekerweg","Voorthuizen","Barneveld","Gelderland",false,52.179971,5.62387,"material damage only","4","clear",false,1,"GM0203"
"20220062753",2022,"Uitsluitend materiele schade",3,"Personenauto","Fiets","Onbekend","Kruispunt, 4 takken",50,"Niet brandend","Schemer","Droog",\N,\N,"Stationsweg","Sliedrecht","Sliedrecht","Zuid-Holland",false,51.827579,4.774356,"material damage only","4","clear",false,1,"GM0610"
"20220095583",2022,"Uitsluitend materiele schade",2,"Snorfiets","Fiets","Flank","Kruispunt, 4 takken",\N,"Niet brandend","Daglicht","Droog",\N,\N,"Westervoortsedijk","Arnhem","Arnhem","Gelderland",false,51.970634,5.940021,"material damage only","4","clear",false,1,"GM0202"
"20220095684",2022,"Uitsluitend materiele schade",2,"Personenauto","Fiets","Onbekend",\N,\N,\N,"Daglicht",\N,\N,\N,"Misterweg","Winterswijk","Winterswijk","Gelderland",false,51.9691,6.71008,"material damage only","4","unknown",false,1,"GM0294"
"20220096963",2022,"Letsel",2,"Bestelauto","Fiets","Flank","Kruispunt, 4 takken",50,"Niet brandend","Daglicht","Droog",\N,\N,"Frans Halsstraat","Twello","Voorst","Gelderland",false,52.23699,6.099116,"injury","2","clear",false,1,"GM0285"
"20220097763",2022,"Uitsluitend materiele schade",2,"Personenauto","Fiets","Flank","Kruispunt, 3 takken",30,"Niet brandend","Daglicht","Regen",\N,\N,"De Savornin Lohmanlaan","Harderwijk","Harderwijk","Gelderland",false,52.337369,5.639547,"material damage only","4","rain",false,1,"GM0243"
"20220098375",2022,"Uitsluitend materiele schade",2,"e-bike","Fiets","Flank","Rechte weg",50,"Niet brandend","Daglicht","Droog",\N,"282340027","Soestdijkerstraatweg","Hilversum","Hilversum","Noord-Holland",false,52.217691,5.184165,"material damage only","4","clear",false,1,"GM0402"
"20220018040",2022,"Letsel",1,"Fiets",\N,"Eenzijdig","Kruispunt, 3 takken",30,"Niet brandend","Daglicht","Droog",\N,\N,"'s-Gravenbroekseweg","Reeuwijk","Bodegraven-Reeuwijk","Zuid-Holland",false,52.042501,4.722107,"injury","2","clear",false,1,"GM1901"
"20220059788",2022,"Letsel",2,"Personenauto","e-bike","Onbekend","Rechte weg",30,"Niet brandend","Daglicht","Droog",\N,"600900703","Burgemeester Jamesplein","Gouda","Gouda","Zuid-Holland",false,52.018327,4.707916,"injury","2","clear",false,1,"GM0513"
"20220061431",2022,"Uitsluitend materiele schade",2,"Bromfiets","e-bike","Flank","Kruispunt, 3 takken",\N,"Niet aanwezig","Daglicht","Droog",\N,\N,"Lokkertsemolenweg","Hoogvliet Rotterdam","Rotterdam","Zuid-Holland",false,51.865684,4.36562,"material damage only","4","clear",false,1,"GM0599"
"20220065950",2022,"Uitsluitend materiele schade",2,"Personenauto","e-bike","Flank","Bocht",30,"Niet brandend","Daglicht","Droog",\N,"239224101","Keizersdijk","Raamsdonksveer","Geertruidenberg","Noord-Brabant",false,51.696996,4.874025,"material damage only","4","clear",false,1,"GM0779"
"20220065962",2022,"Uitsluitend materiele schade",2,"Personenauto","Fiets","Flank","Rotonde",30,"Niet brandend","Daglicht","Droog",\N,\N,"Middelmeede","Made","Drimmelen","Noord-Brabant",false,51.67759,4.794427,"material damage only","4","clear",false,1,"GM1719"
"20220070742",2022,"Letsel",2,"Personenauto","e-bike","Eenzijdig","Rechte weg",70,"Niet brandend","Daglicht",\N,\N,\N,"Sudergoawei","Harich","De Fryske Marren","Friesland",false,52.88668,5.561885,"injury","2","unknown",false,1,"GM1940"