"accident_id","year","severity_raw","party_count","party1_type","party2_type","accident_type","road_situation","speed_limit_kmh","road_lighting","light_condition_label","weather_raw","infra_type","road_segment_id","street_name","place_name","gemeente_name_raw","province","alcohol_indicated","latitude","longitude","severity_label","severity_code","weather_label","built_up_area","cyclists_involved","gemeente_code"
"20220072167",2022,"Letsel",2,"Personenauto","Fiets","Flank","Rotonde",50,"Niet brandend","Daglicht","Droog",\N,\N,"Maatlanden","Roden","Noordenveld","Drenthe",false,53.137753,6.413281,"injury","2","clear",false,1,"GM1699"
"20220083342",2022,"Letsel",2,"Personenauto","Fiets","Flank","Kruispunt, 3 takken",30,"Niet brandend","Daglicht","Droog",\N,\N,"President Kennedylaan","Oegstgeest","Oegstgeest","Zuid-Holland",false,52.186156,4.487771,"injury","2","clear",false,1,"GM0579"
"20220084224",2022,"Uitsluitend materiele schade",2,"Fiets","e-bike","Onbekend","Rechte weg",30,"Brandend","Duisternis",\N,\N,"600912543","Leyweg","'s-Gravenhage","'s-Gravenhage","Zuid-Holland",false,52.061238,4.261862,"material damage only","4","unknown",false,1,"GM0518"
"20220096819",2022,"Uitsluitend materiele schade",2,"Personenauto","Fiets","Onbekend","Kruispunt, 4 takken",50,"Niet brandend","Daglicht","Droog",\N,\N,"Piet Mondriaanstraat","Hengelo","Hengelo (O)","Overijssel",false,52.278817,6.79304,"material damage only","4","clear",false,1,\N
"20220020779",2022,"Letsel",2,"Snorfiets","Fiets","Frontaal","Rechte weg",30,"Brandend","Schemer","Regen",\N,"209324077","Burg Bruins Slotsingel","Alphen aan den Rijn","Alphen aan den Rijn","Zuid-Holland",false,52.145944,4.65668,"injury","2","rain",false,1,"GM0484"
"20220043890",2022,"Letsel",2,"Personenauto","Fiets","Flank","Rechte weg",30,"Niet brandend","Daglicht","Droog",\N,\N,"Bornerbroekseweg","Enter","Wierden","Overijssel",false,52.294707,6.580409,"injury","2","clear",false,1,"GM0189"
"20220057451",2022,"Letsel",1,"Fiets",\N,"Eenzijdig","Rechte weg",80,"Niet brandend","Daglicht","Droog",\N,"600747784","Ringdijk","Ter Aar","Nieuwkoop","Zuid-Holland",false,52.162982,4.6965,"injury","2","clear",false,1,"GM0569"
"20220066027",2022,"Letsel",3,"Personenauto","e-bike","Onbekend","Rechte weg",50,"Niet brandend","Daglicht","Droog",\N,"600705138","Westkapelseweg","Zoutelande","Veere","Zeeland",false,51.503173,3.478315,"injury","2","clear",false,1,"GM0717"
"20220095852",2022,"Letsel",2,"Personenauto","Fiets","Flank","Rotonde",50,"Niet brandend","Daglicht","Droog",\N,\N,"Burg v D tot Medlerstr","Duiven","Duiven","Gelderland",false,51.945939,6.009621,"injury","2","clear",false,1,"GM0226"
"20220097694",2022,"Letsel",1,"Fiets",\N,"Eenzijdig","Rechte weg",50,"Niet brandend","Daglicht","Droog",\N,\N,"Amsterdamseweg","Arnhem","Arnhem","Gelderland",false,51.985622,5.899747,"injury","2","clear",false,1,"GM0202"
"20220098549",2022,"Uitsluitend materiele schade",2,"Personenauto","Fiets","Onbekend","Kruispunt, 4 takken",50,"Niet brandend","Daglicht","Droog",\N,\N,"Haagbeukweg","Almere","Almere","Flevoland",false,52.37637,5.242837,"material damage only","4","clear",false,1,"GM0034"
"20220101364",2022,"Letsel",1,"Fiets",\N,"Eenzijdig","Kruispunt, 4 takken",50,"Niet brandend","Daglicht","Droog",\N,\N,"Kelvinstraat","Heerhugowaard","Dijk en Waard","Noord-Holland",false,52.682863,4.834188,"injury","2","clear",false,1,"GM1980"
"20220018738",2022,"Uitsluitend materiele schade",2,"Personenauto","Fiets","Frontaal","Kruispunt, 4 takken",50,"Brandend","Duisternis",\N,\N,\N,"Borneostraat","'s-Gravenhage","'s-Gravenhage","Zuid-Holland",false,52.092075,4.301682,"material damage only","4","unknown",false,1,"GM0518"
"20220040629",2022,"Letsel",2,"Personenauto","e-bike","Flank","Kruispunt, 4 takken",50,"Niet brandend","Daglicht","Droog",\N,\N,"Steenbergerweg","Zuidwolde","De Wolden","Drenthe",false,52.676774,6.428548,"injury","2","clear",false,1,"GM1690"
"20220042127",2022,"Letsel",3,"Fiets","Fiets","Onbekend","Rechte weg",80,"Niet aanwezig","Daglicht","Droog",\N,"600254642","Meenteweg","Overschild","Midden-Groningen","Groningen",false,53.274192,6.760819,"injury","2","clear",false,1,"GM1952"
"20220043989",2022,"Letsel",2,"Bestelauto","Fiets","Flank","Kruispunt, 3 takken",60,"Niet brandend","Daglicht","Droog",\N,\N,"Burg Knottenbeltlaan","Rijssen","Rijssen-Holten","Overijssel",false,52.29846,6.534599,"injury","2","clear",false,1,"GM1742"
"20220059888",2022,"Letsel",2,"e-bike","Voetganger","Voetganger","Rechte weg",15,"Niet brandend","Daglicht","Droog",\N,"166287042","Tanthofkade","Delft","Delft","Zuid-Holland",false,51.975702,4.343188,"injury","2","clear",false,1,"GM0503"
"20220059902",2022,"Letsel",2,"Snorfiets","Fiets","Flank","Rechte weg",15,"Niet brandend","Daglicht","Droog",\N,"168295023","Markt","Delft","Delft","Zuid-Holland",false,52.011699,4.359801,"injury","2","clear",false,1,"GM0503"
"20220083526",2022,"Letsel",1,"Fiets",\N,"Eenzijdig","Rechte weg",\N,"Niet brandend","Daglicht","Droog","Tunnel","600424579","ZOETERWOUDE","Leiden","Leiden","Zuid-Holland",false,52.122514,4.476358,"injury","2","clear",false,1,"GM0546"
"20220098173",2022,"Uitsluitend materiele schade",2,"Bestelauto","Fiets","Flank","Bocht",60,"Niet brandend","Daglicht","Droog",\N,"251330002","Portengense Zuwe","Breukelen","Stichtse Vecht","Utrecht",false,52.175442,4.967159,"material damage only","4","clear",false,1,"GM1904"
"20220098755",2022,"Uitsluitend materiele schade",2,"Personenauto","Fiets","Onbekend","Bocht",30,"Niet brandend","Daglicht","Droog",\N,"269300109","Diepenbrocklaan","Nieuwegein","Nieuwegein","Utrecht",false,52.040364,5.089259,"material damage only","4","clear",false,1,"GM0356"
"20220103131",2022,"Letsel",2,"Personenauto","e-bike","Onbekend","Kruispunt, 3 takken",50,"Niet brandend","Daglicht","Droog",\N,\N,"Seineweg","Amsterdam","Amsterdam","Noord-Holland",false,52.38917,4.81884,"injury","2","clear",false,1,"GM0363"
"20220034738",2022,"Letsel",2,"Bestelauto","Fiets","Frontaal","Rechte weg",50,"Brandend","Duisternis","Regen",\N,"600378599","Henri Dunantlaan","Nieuwegein","Nieuwegein","Utrecht",false,52.009189,5.090002,"injury","2","rain",false,1,"GM0356"
"20220099371",2022,"Letsel",2,"Personenauto","Fiets","Onbekend",\N,30,\N,"Duisternis",\N,\N,"600394029","Oudegracht","Utrecht","Utrecht","Utrecht",false,52.088059,5.121793,"injury","2","unknown",false,1,"GM0344"
"20220102378",2022,"Letsel",2,"Personenauto","Fiets","Eenzijdig","Kruispunt, 4 takken",50,"Niet brandend","Daglicht",\N,\N,\N,"Australiëhavenweg","Amsterdam","Amsterdam","Noord-Holland",false,52.399552,4.79458,"injury","2","unknown",false,1,"GM0363"
"20220105526",2022,"Letsel",2,"Fiets","Bromfiets","Frontaal","Rechte weg",30,"Niet brandend","Daglicht","Droog",\N,"171293010","Schoemakerstraat","Delft","Delft","Zuid-Holland",false,52.003016,4.376448,"injury","2","clear",false,1,"GM0503"
"20220010730",2022,"Uitsluitend materiele schade",2,"Fiets","Personenauto","Flank","Kruispunt, 4 takken",50,"Niet brandend","Daglicht","Droog",\N,\N,"Hofland","Mijdrecht","De Ronde Venen","Utrecht",false,52.213026,4.869078,"material damage only","4","clear",false,1,"GM0736"
"20220054793",2022,"Uitsluitend materiele schade",2,"Bromfiets","Fiets","Flank","Kruispunt, 4 takken",\N,"Niet brandend","Daglicht","Droog",\N,\N,"Tidorestraat","Amsterdam","Amsterdam","Noord-Holland",false,52.36009,4.940323,"material damage only","4","clear",false,1,"GM0363"
"20220101641",2022,"Uitsluitend materiele schade",2,"Fiets","Fiets","Flank","Kruispunt, 3 takken",30,"Niet brandend","Daglicht","Droog",\N,\N,"Breestraat","Opmeer","Opmeer","Noord-Holland",false,52.706127,4.945935,"material damage only","4","clear",false,1,"GM0432"
"20220056138",2022,"Uitsluitend materiele schade",1,"Fiets",\N,"Onbekend",\N,50,\N,"Daglicht",\N,\N,"165296062","Haantje","Rijswijk","Rijswijk","Zuid-Holland",false,52.016673,4.334506,"material damage only","4","unknown",false,1,\N
"20220060175",2022,"Uitsluitend materiele schade",3,"Personenauto","Fiets","Onbekend","Rechte weg",50,"Niet brandend","Daglicht","Droog",\N,"154308088","Laan van Meerdervoort","'s-Gravenhage","'s-Gravenhage","Zuid-Holland",false,52.070803,4.255542,"material damage only","4","clear",false,1,"GM0518"
"20220069531",2022,"Uitsluitend materiele schade",2,"Personenauto","Fiets","Flank","Rechte weg",80,"Niet brandend","Daglicht","Droog",\N,\N,"Rijksweg Zuid","Swalmen","Roermond","Limburg",false,51.222193,6.02601,"material damage only","4","clear",false,1,"GM0957"
"20220103914",2022,"Uitsluitend materiele schade",2,"Bestelauto","Fiets","Flank","Rotonde",30,"Niet brandend","Daglicht","Droog",\N,\N,"Spoorlaan","Zwammerdam","Alphen aan den Rijn","Zuid-Holland",false,52.105815,4.724367,"material damage only","4","clear",false,1,"GM0484"
"20220107930",2022,"Letsel",2,"Fiets","Fiets","Flank","Rechte weg",30,"Niet brandend","Daglicht","Droog",\N,"600360791","Van der Sluysstraat","Rotterdam","Rotterdam","Zuid-Holland",false,51.929397,4.469432,"injury","2","clear",false,1,"GM0599"
"20220110532",2022,"Letsel",2,"Bromfiets","Fiets","Frontaal","Kruispunt, 3 takken",\N,"Niet aanwezig","Daglicht","Droog",\N,\N,"Bosscheweg","Berkel-Enschot","Tilburg","Noord-Brabant",false,51.576818,5.144617,"injury","2","clear",false,1,"GM0855"
"20220053521",2022,"Uitsluitend materiele schade",3,"Bestelauto","Fiets","Onbekend","Kruispunt, 4 takken",30,"Niet brandend","Daglicht","Droog",\N,\N,"Jellingelant","Zuid-Scharwoude","Dijk en Waard","Noord-Holland",false,52.682427,4.789448,"material damage only","4","clear",false,1,"GM1980"
"20220111235",2022,"Uitsluitend materiele schade",2,"Personenauto","Fiets","Frontaal","Kruispunt, 4 takken",50,"Niet brandend","Daglicht","Droog",\N,\N,"Kastanjelaan-West","Drunen","Heusden","Noord-Brabant",false,51.690739,5.121685,"material damage only","4","clear",false,1,"GM0797"
"20220113452",2022,"Uitsluitend materiele schade",1,"Fiets",\N,"Onbekend","Kruispunt, 3 takken",50,"Niet brandend","Daglicht",\N,\N,\N,"Stikkerstraat","Geleen","Sittard-Geleen","Limburg",false,50.951942,5.826602,"material damage only","4","unknown",false,1,"GM1883"
"20220075973",2022,"Uitsluitend materiele schade",2,"Personenauto","Fiets","Flank","Kruispunt, 4 takken",30,"Niet brandend","Daglicht","Droog",\N,\N,"Fortlaan","Apeldoorn","Apeldoorn","Gelderland",false,52.211741,6.007395,"material damage only","4","clear",false,1,"GM0200"
"20220075987",2022,"Letsel",2,"Personenauto","Fiets","Flank","Rechte weg",60,"Niet brandend","Daglicht","Droog",\N,"491335006","Beckummerweg","Haaksbergen","Haaksbergen","Overijssel",false,52.190591,6.715551,"injury","2","clear",false,1,"GM0158"
"20220046283",2022,"Letsel",1,"Fiets",\N,"Eenzijdig","Kruispunt, 3 takken",60,"Niet brandend","Daglicht","Droog",\N,\N,"Van Kregtenweg","Notter","Wierden","Overijssel",false,52.338999,6.526182,"injury","2","clear",false,1,"GM0189"
"20220055093",2022,"Letsel",2,"Personenauto","Fiets","Frontaal","Kruispunt, 3 takken",50,"Niet brandend","Daglicht","Droog",\N,\N,"Noordbrabantstraat","Amsterdam","Amsterdam","Noord-Holland",false,52.324954,4.886612,"injury","2","clear",false,1,"GM0363"
"20220055162",2022,"Letsel",2,"Personenauto","e-bike","Flank","Kruispunt, 3 takken",50,"Niet brandend","Daglicht","Droog",\N,\N,"Kingsfordweg","Amsterdam","Amsterdam","Noord-Holland",false,52.38704,4.842546,"injury","2","clear",false,1,"GM0363"
"20230000922",2023,"Uitsluitend materiele schade",2,"Personenauto","Fiets","Flank","Kruispunt, 4 takken",50,"Niet brandend","Daglicht","Regen",\N,\N,"Enkweg","Epe","Epe","Gelderland",false,52.343253,5.983039,"material damage only","4","rain",false,1,"GM0232"
"20230002149",2023,"Uitsluitend materiele schade",2,"Personenauto","Fiets","Flank","Kruispunt, 4 takken",30,"Brandend","Duisternis","Droog",\N,\N,"Beethovenlaan","Apeldoorn","Apeldoorn","Gelderland",false,52.19111,5.966005,"material damage only","4","clear",false,1,"GM0200"
"20230002618",2023,"Letsel",1,"e-bike",\N,"Eenzijdig","Kruispunt, 3 takken",50,"Niet brandend","Daglicht","Droog",\N,\N,"Laan der Nederlanden","Beverwijk","Beverwijk","Noord-Holland",false,52.496432,4.666308,"injury","2","clear",false,1,"GM0375"
"20230026954",2023,"Letsel",1,"Fiets",\N,"Eenzijdig",\N,50,\N,"Duisternis",\N,\N,"95142070","Alvarezlaan","Terneuzen","Terneuzen","Zeeland",false,51.319758,3.846912,"injury","2","unknown",false,1,"GM0715"
"20230000334",2023,"Letsel",2,"Personenauto","Fiets","Flank","Bocht",50,"Niet brandend","Daglicht","Droog",\N,"376256095","Berg en Dalseweg","Nijmegen","Nijmegen","Gelderland",false,51.84325,5.871033,"injury","2","clear",false,1,"GM0268"
"20230002662",2023,"Letsel",2,"Personenauto","Fiets","Flank",\N,50,"Brandend","Duisternis","Regen",\N,"223432162","Kanaalkade","Alkmaar","Alkmaar","Noord-Holland",false,52.632575,4.752312,"injury","2","rain",false,1,"GM0361"
"20230007222",2023,"Dodelijk",1,"Fiets",\N,"Eenzijdig","Rechte weg",50,"Brandend","Duisternis","Droog",\N,"208321049","Eikenlaan","Alphen aan den Rijn","Alphen aan den Rijn","Zuid-Holland",false,52.133752,4.643253,"fatal","1","clear",false,1,"GM0484"
"20230062328",2023,"Letsel",1,"Fiets",\N,"Eenzijdig",\N,50,\N,"Daglicht",\N,\N,"600547090","Rolduckerweg","Simpelveld","Simpelveld","Limburg",false,50.836474,5.984327,"injury","2","unknown",false,1,"GM0965"
"20230001003",2023,"Uitsluitend materiele schade",2,"Personenauto","Fiets","Flank","Rechte weg",50,"Niet brandend","Daglicht","Droog",\N,"600360068","Nassaustraat","Winschoten","Oldambt","Groningen",false,53.147326,7.029667,"material damage only","4","clear",false,1,"GM1895"
"20230011145",2023,"Uitsluitend materiele schade",2,"Personenauto","Fiets","Flank","Kruispunt, 4 takken",50,"Niet brandend","Daglicht","Droog",\N,\N,"Krommekamp","Harderwijk","Harderwijk","Gelderland",false,52.351539,5.646901,"material damage only","4","clear",false,1,"GM0243"
"20230001047",2023,"Uitsluitend materiele schade",1,"Fiets",\N,"Onbekend","Rechte weg",\N,"Niet brandend","Daglicht","Regen","Tunnel","364560090","Dokkumertrekweg","Leeuwarden","Leeuwarden","Friesland",false,53.210692,5.800026,"material damage only","4","rain",false,1,"GM0080"
"20230001113",2023,"Letsel",2,"Bestelauto","Fiets","Eenzijdig","Kruispunt, 4 takken",50,"Niet brandend","Daglicht","Droog",\N,\N,"Onderwaard","Ammerzoden","Maasdriel","Gelderland",false,51.750902,5.209976,"injury","2","clear",false,1,"GM0263"
"20230001488",2023,"Letsel",2,"e-bike","Fiets","Flank","Kruispunt, 3 takken",50,"Niet brandend","Daglicht","Droog",\N,\N,"Koningin Julianastraat","Harlingen","Harlingen","Friesland",false,53.169589,5.4276,"injury","2","clear",false,1,"GM0072"
"20230008569",2023,"Uitsluitend materiele schade",2,"Fiets","Personenauto","Geparkeerd voertuig","Rechte weg",50,"Brandend","Duisternis","Droog",\N,"350035078","Koningin Emmaplein","Maastricht","Maastricht","Limburg",false,50.849393,5.677423,"material damage only","4","clear",false,1,"GM0935"
"20230008825",2023,"Uitsluitend materiele schade",2,"e-bike","Trekker","Flank","Kruispunt, 4 takken",50,"Niet brandend","Daglicht","Droog",\N,\N,"Rembrandtlaan","Veghel","Meierijstad","Noord-Brabant",false,51.610901,5.539244,"material damage only","4","clear",false,1,"GM1948"
"20230063324",2023,"Uitsluitend materiele schade",2,"Bestelauto","Fiets","Onbekend",\N,50,\N,"Daglicht",\N,\N,"233211014","Zeislaan","Oosterhout","Oosterhout","Noord-Brabant",false,51.641279,4.837192,"material damage only","4","unknown",false,1,"GM0826"
"20230004010",2023,"Letsel",1,"Fiets",\N,"Eenzijdig","Rechte weg",50,"Brandend","Duisternis","Droog","Brug/viaduct","600979455","IJburglaan","Amsterdam","Amsterdam","Noord-Holland",false,52.365001,4.977161,"injury","2","clear",false,1,"GM0363"
"20230005027",2023,"Letsel",2,"Personenauto","Fiets","Onbekend","Kruispunt, 4 takken",50,"Niet brandend","Daglicht","Droog",\N,\N,"Biltlaan","Katwijk","Katwijk","Zuid-Holland",false,52.20609,4.420647,"injury","2","clear",false,1,"GM0537"
"20230085041",2023,"Letsel",1,"Fiets",\N,"Eenzijdig",\N,50,\N,"Duisternis",\N,\N,\N,"Prins Bernhardstraat","Vianen","Vijfheerenlanden","Utrecht",false,51.989148,5.083965,"injury","2","unknown",false,1,"GM1961"
"20230001599",2023,"Letsel",2,"Fiets","Bromfiets","Flank","Kruispunt, 4 takken",50,"Niet brandend","Daglicht","Droog",\N,\N,"Europaweg","Groningen","Groningen","Groningen",false,53.218262,6.578359,"injury","2","clear",false,1,"GM0014"
"20230003493",2023,"Uitsluitend materiele schade",2,"Personenauto","Fiets","Flank","Kruispunt, 4 takken",30,"Brandend","Duisternis","Droog",\N,\N,"Harlingensingel","Almere","Almere","Flevoland",false,52.373035,5.207444,"material damage only","4","clear",false,1,"GM0034"
"20230042674",2023,"Letsel",2,"Fiets","Fiets","Onbekend",\N,30,\N,"Daglicht",\N,\N,\N,"Loswalweg","Dordrecht","Dordrecht","Zuid-Holland",false,51.804256,4.715488,"injury","2","unknown",false,1,"GM0505"
"20230102109",2023,"Uitsluitend materiele schade",2,"Fiets","Personenauto","Onbekend",\N,\N,\N,"Daglicht",\N,\N,"600745895","Kees Mustersstraat","Alphen aan den Rijn","Alphen aan den Rijn","Zuid-Holland",false,52.137702,4.671111,"material damage only","4","unknown",false,1,"GM0484"
"20230004863",2023,"Letsel",2,"Bromfiets","Fiets","Flank","Kruispunt, 4 takken",30,"Niet brandend","Daglicht","Regen",\N,\N,"Kennemerplein","Haarlem","Haarlem","Noord-Holland",false,52.388888,4.637219,"injury","2","rain",false,1,"GM0392"
"20230000049",2023,"Uitsluitend materiele schade",2,"Personenauto","Fiets","Flank","Kruispunt, 3 takken",50,"Niet brandend","Daglicht","Droog",\N,\N,"Rengerslaan","Leeuwarden","Leeuwarden","Friesland",false,53.207764,5.794795,"material damage only","4","clear",false,1,"GM0080"
"20230004919",2023,"Letsel",1,"Fiets",\N,"Eenzijdig","Rechte weg",50,"Brandend","Duisternis","Droog",\N,\N,"Rokkeveenseweg","Zoetermeer","Zoetermeer","Zuid-Holland",false,52.04743,4.503583,"injury","2","clear",false,1,"GM0637"
"20230004718",2023,"Letsel",1,"Fiets",\N,"Eenzijdig","Rechte weg",\N,"Brandend","Duisternis","Droog",\N,"207377107","Kenaupark","Haarlem","Haarlem","Noord-Holland",false,52.385988,4.631944,"injury","2","clear",false,1,"GM0392"
"20230004925",2023,"Letsel",1,"Fiets",\N,"Eenzijdig","Kruispunt, 4 takken",50,"Niet brandend","Daglicht","Droog",\N,"600986025","Frijdastraat","Rijswijk","Rijswijk","Zuid-Holland",false,52.037504,4.334062,"injury","2","clear",false,1,\N
"20230006776",2023,"Letsel",2,"Fiets","Fiets","Flank","Kruispunt, 4 takken",50,"Niet brandend","Daglicht","Droog",\N,\N,"Fazantenlaantje","Rotterdam","Rotterdam","Zuid-Holland",false,51.927301,4.520788,"injury","2","clear",false,1,"GM0599"
"20230009065",2023,"Uitsluitend materiele schade",2,"Personenauto","Fiets","Flank","Kruispunt, 3 takken",30,"Niet brandend","Daglicht","Droog",\N,\N,"Moreelselaan","Eindhoven","Eindhoven","Noord-Brabant",false,51.429945,5.505381,"material damage only","4","clear",false,1,"GM0772"
"20230009193",2023,"Uitsluitend materiele schade",2,"Personenauto","Fiets","Flank","Kruispunt, 4 takken",30,"Niet brandend","Daglicht","Droog",\N,\N,"Boslaan","Son en Breugel","Son en Breugel","Noord-Brabant",false,51.512076,5.49117,"material damage only","4","clear",false,1,"GM0848"
"20230009570",2023,"Uitsluitend materiele schade",2,"Personenauto","Fiets","Flank","Kruispunt, 4 takken",60,\N,"Daglicht","Droog",\N,\N,"Cubbinghesteeg","Dalfsen","Dalfsen","Overijssel",false,52.520743,6.230947,"material damage only","4","clear",false,1,"GM0148"
"20230052789",2023,"Uitsluitend materiele schade",2,"Fiets","Fiets","Onbekend",\N,\N,\N,"Daglicht",\N,\N,"99180015","Anthony Fokkerstraat","Goes","Goes","Zeeland",false,51.492743,3.868757,"material damage only","4","unknown",false,1,"GM0664"
"20230011674",2023,"Letsel",2,"Personenauto","Fiets","Flank","Rotonde",50,"Niet brandend","Daglicht","Droog",\N,\N,"Bergleidingweg","Nijverdal","Hellendoorn","Overijssel",false,52.352121,6.470483,"injury","2","clear",false,1,"GM0163"
"20230028839",2023,"Letsel",1,"Fiets",\N,"Eenzijdig",\N,30,\N,"Daglicht",\N,\N,"211250026","Vest","Dordrecht","Dordrecht","Zuid-Holland",false,51.813233,4.671347,"injury","2","unknown",false,1,"GM0505"
"20230099900",2023,"Dodelijk",2,"Personenauto","Fiets","Kop/staart","Kruispunt, 3 takken",60,"Niet brandend","Daglicht","Droog",\N,\N,"Hoge Wal","Goirle","Goirle","Noord-Brabant",false,51.535147,5.089542,"fatal","1","clear",false,1,"GM0785"
"20230012672",2023,"Uitsluitend materiele schade",2,"e-bike","Scootmobiel","Flank","Kruispunt, 3 takken",80,"Niet brandend","Daglicht","Droog",\N,\N,"Oldenzaalsestraat","Enschede","Enschede","Overijssel",false,52.240741,6.916619,"material damage only","4","clear",false,1,"GM0153"
"20230012271",2023,"Letsel",2,"Fiets","e-bike","Frontaal","Rotonde",50,"Niet brandend","Daglicht","Droog",\N,\N,"Tielerweg","Geldermalsen","West Betuwe","Gelderland",false,51.881058,5.308904,"injury","2","clear",false,1,"GM1960"
"20240008134",2024,"Letsel",2,"Fiets","Voetganger","Voetganger","Rechte weg",50,"Niet brandend","Daglicht","Droog/Harde windstoten",\N,"600760654","Middenweg","Heerhugowaard","Dijk en Waard","Noord-Holland",false,52.713293,4.852487,"injury","2","unknown",false,1,"GM1980"
"20240012818",2024,"Letsel",2,"Personenauto","Fiets","Flank","Kruispunt, 4 takken",30,"Niet aanwezig","Schemer","Droog",\N,\N,"Sluisvaart","Ouderkerk aan de Amstel","Ouder-Amstel","Noord-Holland",false,52.296736,4.91974,"injury","2","clear",false,1,"GM0437"
"20240036132",2024,"Uitsluitend materiele schade",2,"Bestelauto","Fiets","Flank","Kruispunt, 4 takken",50,"Niet brandend","Daglicht","Droog",\N,\N,"Stationsweg","Groningen","Groningen","Groningen",false,53.211536,6.565557,"material damage only","4","clear",false,1,"GM0014"
"20240036149",2024,"Letsel",2,"Snorfiets","Fiets","Onbekend","Rechte weg",50,"Niet brandend","Daglicht","Droog",\N,"600882946","Elsbeekweg","Enschede","Enschede","Overijssel",false,52.241872,6.831297,"injury","2","clear",false,1,"GM0153"
"20240021077",2024,"Uitsluitend materiele schade",2,"Bromfiets","Fiets","Onbekend","Rechte weg",30,"Niet brandend","Daglicht","Droog",\N,"217297048","Groen van Prinsterersngl","Gouda","Gouda","Zuid-Holland",false,52.023153,4.714806,"material damage only","4","clear",false,1,"GM0513"
"20240039824",2024,"Letsel",1,"Fiets",\N,"Onbekend","Rechte weg",30,"Brandend","Duisternis","Droog",\N,"144294001","Poelkade","'s-Gravenzande","Westland","Zuid-Holland",false,52.004288,4.180543,"injury","2","clear",false,1,"GM1783"
"20240043204",2024,"Uitsluitend materiele schade",2,"Fiets","Fiets","Onbekend","Kruispunt, 4 takken",30,"Niet brandend","Daglicht","Droog",\N,\N,"Daal en Bergselaan","'s-Gravenhage","'s-Gravenhage","Zuid-Holland",false,52.074283,4.252659,"material damage only","4","clear",false,1,"GM0518"
"20240043224",2024,"Letsel",2,"Personenauto","Fiets","Flank","Rechte weg",30,"Niet brandend","Daglicht","Droog",\N,"200272003","Treviso","Krimpen aan den IJssel","Krimpen aan den IJssel","Zuid-Holland",false,51.910051,4.59177,"injury","2","clear",false,1,"GM0542"
"20240024469",2024,"Letsel",1,"Fiets",\N,"Eenzijdig","Rechte weg",50,"Niet brandend","Daglicht","Droog",\N,"354033084","Wim Duisenbergplantsoen","Maastricht","Maastricht","Limburg",false,50.841462,5.704155,"injury","2","clear",false,1,"GM0935"
"20240024565",2024,"Uitsluitend materiele schade",2,"Personenauto","Fiets","Flank","Kruispunt, 3 takken",50,"Brandend","Duisternis","Droog",\N,\N,"Sterkenburg","Eindhoven","Eindhoven","Noord-Brabant",false,51.421112,5.444466,"material damage only","4","clear",false,1,"GM0772"
"20240028204",2024,"Letsel",2,"Personenauto","Fiets","Flank","Rechte weg",50,"Niet brandend","Daglicht","Droog","Spoorwegovergang","220431021","Kalkovensweg","Alkmaar","Alkmaar","Noord-Holland",false,52.62477,4.724433,"injury","2","clear",false,1,"GM0361"
"20240035585",2024,"Letsel",2,"Landbouwvoertuig","Fiets","Geparkeerd voertuig","Rechte weg",80,"Niet aanwezig","Daglicht","Droog",\N,"600582816","Terborgseweg","Breedenbroek","Oude IJsselstreek","Gelderland",false,51.88525,6.443137,"injury","2","clear",false,1,"GM1509"
"20240019491",2024,"Letsel",2,"Personenauto","Fiets","Flank","Kruispunt, 3 takken",60,"Niet brandend","Daglicht","Droog",\N,\N,"Stationsstraat","Zetten","Overbetuwe","Gelderland",false,51.922271,5.722757,"injury","2","clear",false,1,"GM1734"
"20240009318",2024,"Letsel",1,"Fiets",\N,"Onbekend","Rechte weg",30,"Brandend","Duisternis","Droog",\N,"600565451","Emmaviaduct","Groningen","Groningen","Groningen",false,53.21096,6.561021,"injury","2","clear",false,1,"GM0014"
"20240024488",2024,"Uitsluitend materiele schade",2,"Fiets","Fiets","Flank","Kruispunt, 3 takken",30,"Niet brandend","Daglicht","Droog",\N,\N,"Bolsiusstraat","Geldrop","Geldrop-Mierlo","Noord-Brabant",false,51.428463,5.57002,"material damage only","4","clear",false,1,"GM1771"
"20240024703",2024,"Letsel",2,"Personenauto","Fiets","Flank","Rotonde",50,"Niet brandend","Daglicht","Regen",\N,\N,"Blyde Incomstelaan","Waalwijk","Waalwijk","Noord-Brabant",false,51.679427,5.076672,"injury","2","rain",false,1,"GM0867"
"20240012746",2024,"Letsel",2,"Fiets","Overig vast object","Vast voorwerp","Rechte weg",30,"Brandend","Duisternis","Droog",\N,"158298038","Oosteinde","Wateringen","Westland","Zuid-Holland",false,52.026301,4.28493,"injury","2","clear",false,1,"GM1783"
"20240020940",2024,"Letsel",2,"Fiets","Fiets","Frontaal","Rechte weg",50,"Brandend","Duisternis","Droog",\N,"174310061","Venestraat","Leidschendam","Leidschendam-Voorburg","Zuid-Holland",false,52.079739,4.399054,"injury","2","clear",false,1,"GM1916"
"20240032567",2024,"Letsel",2,"Personenauto","Fiets","Flank","Rechte weg",30,"Niet brandend","Daglicht","Droog",\N,"600388296","Schouwburgplein","Rotterdam","Rotterdam","Zuid-Holland",false,51.921572,4.473175,"injury","2","clear",false,1,"GM0599"
"20220161023",2022,"Uitsluitend materiele schade",2,"Personenauto","Fiets","Onbekend","Kruispunt, 3 takken",30,\N,"Daglicht","Droog",\N,"514466044","Het Meerveld","Emmen","Emmen","Drenthe",false,52.77728,6.902154,"material damage only","4","clear",false,1,"GM0114"
"20220178007",2022,"Letsel",2,"Fiets","Voetganger","Voetganger","Rechte weg",30,"Niet brandend","Daglicht",\N,"Bus-/Tramhalte","242374179","Paleisstraat","Amsterdam","Amsterdam","Noord-Holland",false,52.372692,4.891353,"injury","2","unknown",false,1,"GM0363"