"accident_id","year","severity_raw","party_count","party1_type","party2_type","accident_type","road_situation","speed_limit_kmh","road_lighting","light_condition_label","weather_raw","infra_type","road_segment_id","street_name","place_name","gemeente_name_raw","province","alcohol_indicated","latitude","longitude","severity_label","severity_code","weather_label","built_up_area","cyclists_involved","gemeente_code"
"20220180810",2022,"Letsel",2,"Personenauto","Fiets","Flank","Kruispunt, 3 takken",50,"Niet brandend","Daglicht","Droog",\N,\N,"Wit-geellaan","Zoetermeer","Zoetermeer","Zuid-Holland",false,52.04468,4.491133,"injury","2","clear",false,1,"GM0637"
"20220188422",2022,"Uitsluitend materiele schade",2,"Personenauto","Fiets","Onbekend","Kruispunt, 4 takken",30,"Niet brandend","Daglicht","Droog",\N,\N,"Barrierweg","Eindhoven","Eindhoven","Noord-Brabant",false,51.461199,5.465438,"material damage only","4","clear",false,1,"GM0772"
"20220123113",2022,"Uitsluitend materiele schade",2,"Personenauto","e-bike","Flank","Kruispunt, 3 takken",50,"Niet brandend","Daglicht","Droog",\N,\N,"Jan van Galenstraat","Amsterdam","Amsterdam","Noord-Holland",false,52.374392,4.855885,"material damage only","4","clear",false,1,"GM0363"
"20220128085",2022,"Letsel",2,"Personenauto","Fiets","Geparkeerd voertuig","Rechte weg",30,"Niet brandend","Daglicht","Droog","Parkeervoorziening","600361547","Jericholaan","Rotterdam","Rotterdam","Zuid-Holland",false,51.929718,4.506065,"injury","2","clear",false,1,"GM0599"
"20220133216",2022,"Uitsluitend materiele schade",2,"Fiets","Personenauto","Onbekend","Rotonde",50,"Niet brandend","Daglicht","Droog",\N,\N,"Bredeweg","Roermond","Roermond","Limburg",false,51.201535,6.00382,"material damage only","4","clear",false,1,"GM0957"
"20220141919",2022,"Uitsluitend materiele schade",2,"Personenauto","e-bike","Frontaal","Kruispunt, 4 takken",50,"Niet brandend","Daglicht","Droog",\N,\N,"Cornelis Douwesweg","Amsterdam","Amsterdam","Noord-Holland",false,52.416045,4.874309,"material damage only","4","clear",false,1,"GM0363"
"20220173319",2022,"Uitsluitend materiele schade",2,"Personenauto","Fiets","Onbekend","Kruispunt, 4 takken",50,"Niet brandend","Daglicht","Droog",\N,\N,"Grote Beer","Veenendaal","Veenendaal","Utrecht",false,52.036858,5.565844,"material damage only","4","clear",false,1,"GM0345"
"20220180176",2022,"Letsel",1,"Fiets",\N,"Eenzijdig","Rechte weg",30,"Brandend","Duisternis","Droog",\N,"600715746","Groot Hertoginnelaan","'s-Gravenhage","'s-Gravenhage","Zuid-Holland",false,52.083876,4.279673,"injury","2","clear",false,1,"GM0518"
"20220180868",2022,"Letsel",2,"Motor","Fiets","Kop/staart","Rechte weg",30,"Niet brandend","Daglicht","Droog",\N,"600651301","Raadhuisweg","Reeuwijk","Bodegraven-Reeuwijk","Zuid-Holland",false,52.043281,4.721907,"injury","2","clear",false,1,"GM1901"
"20220126698",2022,"Letsel",2,"Personenauto","Fiets","Frontaal","Kruispunt, 4 takken",30,"Niet brandend","Daglicht","Droog",\N,\N,"Plesmanlaan","Leiden","Leiden","Zuid-Holland",false,52.164879,4.459726,"injury","2","clear",false,1,"GM0546"
"20220134995",2022,"Letsel",2,"Personenauto","Fiets","Los voorwerp","Rotonde",30,"Niet brandend","Daglicht","Droog",\N,\N,"Haskeruitgang","Heerenveen","Heerenveen","Friesland",false,52.953926,5.919078,"injury","2","clear",false,1,"GM0074"
"20220143381",2022,"Uitsluitend materiele schade",1,"e-bike",\N,"Eenzijdig","Bocht",30,"Brandend","Duisternis","Droog",\N,"226325082","Reghthuysplein","Nieuwkoop","Nieuwkoop","Zuid-Holland",false,52.15035,4.780687,"material damage only","4","clear",false,1,"GM0569"
"20220145659",2022,"Uitsluitend materiele schade",2,"Personenauto","Fiets","Onbekend","Kruispunt, 4 takken",50,"Niet brandend","Daglicht","Droog",\N,\N,"Rusthoflaan","Rotterdam","Rotterdam","Zuid-Holland",false,51.93472,4.496873,"material damage only","4","clear",false,1,"GM0599"
"20220154835",2022,"Letsel",2,"Fiets","Fiets","Frontaal","Kruispunt, 3 takken",30,"Niet brandend","Daglicht","Droog","Brug/viaduct",\N,"Knakenpad","Hoorn","Hoorn","Noord-Holland",false,52.6446,5.089255,"injury","2","clear",false,1,"GM0405"
"20220180285",2022,"Letsel",2,"Personenauto","Fiets","Flank","Kruispunt, 3 takken",50,"Niet brandend","Daglicht","Droog",\N,\N,"Buys Ballotsingel","Schoonhoven","Krimpenerwaard","Zuid-Holland",false,51.951869,4.840131,"injury","2","clear",false,1,"GM1931"
"20220132017",2022,"Letsel",2,"Bestelauto","Fiets","Frontaal","Kruispunt, 3 takken",30,"Niet brandend","Daglicht","Droog",\N,\N,"Heidijk","Vlijmen","Heusden","Noord-Brabant",false,51.692186,5.226029,"injury","2","clear",false,1,"GM0797"
"20220132024",2022,"Uitsluitend materiele schade",2,"Personenauto","Fiets","Flank","Kruispunt, 4 takken",50,"Niet brandend","Daglicht","Droog",\N,\N,"Ooievaarsbek","Veldhoven","Veldhoven","Noord-Brabant",false,51.412511,5.408494,"material damage only","4","clear",false,1,"GM0861"
"20220143455",2022,"Letsel",2,"Scootmobiel","Fiets","Flank","Kruispunt, 3 takken",30,"Niet brandend","Daglicht","Droog",\N,\N,"Leidsevaart","Lisse","Lisse","Zuid-Holland",false,52.277653,4.535706,"injury","2","clear",false,1,"GM0553"
"20220143517",2022,"Letsel",3,"Fiets","Los voorwerp","Los voorwerp","Rechte weg",60,"Brandend","Duisternis","Droog",\N,\N,"Poeldijksepad","Honselersdijk","Westland","Zuid-Holland",false,52.01161,4.225652,"injury","2","clear",false,1,"GM1783"
"20220149406",2022,"Uitsluitend materiele schade",2,"Bromfiets","Fiets","Flank","Kruispunt, 4 takken",50,"Niet brandend","Daglicht","Droog",\N,\N,"Karel de Grotelaan","Eindhoven","Eindhoven","Noord-Brabant",false,51.419537,5.438397,"material damage only","4","clear",false,1,"GM0772"
"20220151887",2022,"Letsel",2,"Personenauto","e-bike","Flank","Kruispunt, 4 takken",30,"Niet brandend","Daglicht","Droog",\N,\N,"Woldzoom","Roden","Noordenveld","Drenthe",false,53.138932,6.414429,"injury","2","clear",false,1,"GM1699"
"20220197780",2022,"Uitsluitend materiele schade",1,"Fiets",\N,"Flank","Kruispunt, 4 takken",50,"Niet brandend","Daglicht","Droog",\N,\N,"Rijksstraatweg","Twello","Voorst","Gelderland",false,52.240993,6.100899,"material damage only","4","clear",false,1,"GM0285"
"20220197841",2022,"Letsel",1,"e-bike",\N,"Eenzijdig","Kruispunt, 4 takken",60,"Niet brandend","Daglicht","Droog",\N,\N,"Euroweg","Hasselt","Zwartewaterland","Overijssel",false,52.573154,6.08382,"injury","2","clear",false,1,"GM1896"
"20220137072",2022,"Letsel",2,"Fiets","Personenauto","Flank","Kruispunt, 4 takken",80,"Niet brandend","Daglicht","Droog",\N,\N,"Westsingel","Haaksbergen","Haaksbergen","Overijssel",false,52.148768,6.71139,"injury","2","clear",false,1,"GM0158"
"20220147957",2022,"Letsel",2,"Motor","Fiets","Flank","Rechte weg",60,"Niet brandend","Daglicht","Droog",\N,\N,"Provincialeweg-Zuid","Wijk en Aalburg","Altena","Noord-Brabant",false,51.745889,5.112198,"injury","2","clear",false,1,"GM1959"
"20220156381",2022,"Letsel",1,"e-bike",\N,"Eenzijdig","Rechte weg",15,"Niet brandend","Daglicht","Droog",\N,"168289033","Koekamp","Delft","Delft","Zuid-Holland",false,51.986272,4.358593,"injury","2","clear",false,1,"GM0503"
"20220157348",2022,"Uitsluitend materiele schade",2,"Personenauto","Fiets","Flank","Rotonde",50,"Niet brandend","Daglicht","Droog",\N,\N,"Grote Kreek","Rotterdam","Rotterdam","Zuid-Holland",false,51.886753,4.534418,"material damage only","4","clear",false,1,"GM0599"
"20220160214",2022,"Letsel",2,"Fiets","Bestelauto","Flank","Kruispunt, 3 takken",50,"Niet brandend","Daglicht","Droog",\N,\N,"Kuluutweg","Overloon","Land van Cuijk","Noord-Brabant",false,51.575719,5.959866,"injury","2","clear",false,1,"GM1982"
"20220197951",2022,"Uitsluitend materiele schade",2,"Personenauto","Fiets","Flank","Rechte weg",50,"Brandend","Duisternis","Droog",\N,"347301019","Schaapsweg","Ede","Ede","Gelderland",false,52.044291,5.659376,"material damage only","4","clear",false,1,"GM0228"
"20220115095",2022,"Letsel",1,"e-bike",\N,"Eenzijdig","Rechte weg",50,"Niet brandend","Daglicht","Droog",\N,"600825663","Julianalaan","Leeuwarden","Leeuwarden","Friesland",false,53.191689,5.780687,"injury","2","clear",false,1,"GM0080"
"20220118425",2022,"Letsel",2,"Fiets","Voetganger","Voetganger","Rechte weg",\N,"Niet brandend","Daglicht","Droog",\N,"363287029","Utrechtseweg","Doorwerth","Renkum","Gelderland",false,51.985291,5.785724,"injury","2","clear",false,1,"GM0274"
"20220129483",2022,"Letsel",2,"Personenauto","Fiets","Flank","Kruispunt, 4 takken",30,"Niet brandend","Daglicht","Droog",\N,\N,"Laan van Mertersem","Breda","Breda","Noord-Brabant",false,51.578236,4.743054,"injury","2","clear",false,1,"GM0758"
"20220139067",2022,"Letsel",2,"e-bike","Fiets","Onbekend","Rechte weg",50,"Niet brandend","Daglicht","Droog",\N,"224437122","Laan van Straatsburg","Alkmaar","Alkmaar","Noord-Holland",false,52.652802,4.758775,"injury","2","clear",false,1,"GM0361"
"20220139124",2022,"Letsel",2,"Bestelauto","Fiets","Flank","Rotonde",50,"Niet brandend","Daglicht","Droog",\N,\N,"Jan van Kuikweg","Heemskerk","Heemskerk","Noord-Holland",false,52.510518,4.686831,"injury","2","clear",false,1,"GM0396"
"20220148092",2022,"Uitsluitend materiele schade",2,"Fiets","Bestelauto","Flank","Rechte weg",50,"Niet brandend","Daglicht","Droog",\N,"158180055","Stationsstraat","Bergen op Zoom","Bergen op Zoom","Noord-Brabant",false,51.495108,4.294468,"material damage only","4","clear",false,1,"GM0748"
"20220157378",2022,"Letsel",1,"Fiets",\N,"Eenzijdig",\N,50,\N,"Daglicht",\N,\N,"600729859","Maashaven N.z.","Rotterdam","Rotterdam","Zuid-Holland",false,51.901551,4.495934,"injury","2","unknown",false,1,"GM0599"
"20220186164",2022,"Uitsluitend materiele schade",1,"e-bike",\N,"Eenzijdig","Kruispunt, 4 takken",50,"Niet brandend","Daglicht","Droog",\N,\N,"Putstraat","Waalwijk","Waalwijk","Noord-Brabant",false,51.687496,5.075575,"material damage only","4","clear",false,1,"GM0867"
"20220119352",2022,"Letsel",1,"e-bike",\N,"Eenzijdig","Rechte weg",50,"Niet brandend","Daglicht","Droog",\N,"600392223","Sluisoordlaan","Apeldoorn","Apeldoorn","Gelderland",false,52.231047,5.989869,"injury","2","clear",false,1,"GM0200"
"20220144932",2022,"Letsel",1,"e-bike",\N,"Eenzijdig","Rotonde",\N,"Niet brandend","Daglicht","Droog",\N,\N,"Voorschoterweg","Valkenburg","Katwijk","Zuid-Holland",false,52.168813,4.443441,"injury","2","clear",false,1,"GM0537"
"20220145890",2022,"Uitsluitend materiele schade",2,"Personenauto","Fiets","Geparkeerd voertuig","Bocht",30,"Niet brandend","Daglicht","Droog","Parkeervoorziening","600744814","Lunenburg","Dordrecht","Dordrecht","Zuid-Holland",false,51.774549,4.677269,"material damage only","4","clear",false,1,"GM0505"
"20220145923",2022,"Letsel",2,"Fiets","Fiets","Kop/staart","Rechte weg",80,"Niet brandend","Daglicht","Droog",\N,"600422466","Zuiderlingedijk","Gorinchem","Gorinchem","Zuid-Holland",false,51.846148,4.993329,"injury","2","clear",false,1,"GM0512"
"20220152164",2022,"Letsel",2,"Bestelauto","Fiets","Flank","Kruispunt, 4 takken",80,"Niet brandend","Daglicht","Droog",\N,\N,"Trekkersweg","Delfstrahuizen","De Fryske Marren","Friesland",false,52.880786,5.833322,"injury","2","clear",false,1,"GM1940"
"20220161611",2022,"Letsel",1,"Fiets",\N,"Eenzijdig",\N,30,\N,"Daglicht",\N,\N,"600385173","Kleinzand","Sneek","Súdwest-Fryslân","Friesland",false,53.033109,5.665622,"injury","2","unknown",false,1,"GM1900"
"20220162886",2022,"Letsel",1,"Fiets",\N,"Eenzijdig","Kruispunt, 4 takken",30,"Niet brandend","Daglicht","Droog",\N,\N,"Schuttersveld","Enschede","Enschede","Overijssel",false,52.225394,6.882582,"injury","2","clear",false,1,"GM0153"
"20220168798",2022,"Letsel",2,"Personenauto","e-bike","Flank","Bocht",60,"Niet brandend","Daglicht","Droog",\N,"358376001","Vreeweg","Nunspeet","Nunspeet","Gelderland",false,52.380573,5.743496,"injury","2","clear",false,1,"GM0302"
"20220138175",2022,"Uitsluitend materiele schade",2,"Bromfiets","Fiets","Onbekend","Rechte weg",30,"Niet brandend","Daglicht","Droog",\N,"600804597","Larserplein","Lelystad","Lelystad","Flevoland",false,52.482181,5.50413,"material damage only","4","clear",false,1,"GM0995"
"20220156588",2022,"Letsel",2,"Bromfiets","e-bike","Flank","Kruispunt, 3 takken",\N,"Niet brandend","Daglicht","Droog",\N,\N,"Stationsweg","Lisse","Lisse","Zuid-Holland",false,52.269485,4.542047,"injury","2","clear",false,1,"GM0553"
"20220161729",2022,"Letsel",2,"Personenauto","e-bike","Flank","Kruispunt, 4 takken",60,"Niet brandend","Daglicht","Droog",\N,\N,"Borgweg","Westerbroek","Midden-Groningen","Groningen",false,53.174184,6.715828,"injury","2","clear",false,1,"GM1952"
"20220180664",2022,"Letsel",2,"Personenauto","Fiets","Flank","Kruispunt, 3 takken",50,"Niet brandend","Daglicht","Droog",\N,\N,"Zilverstraat","'s-Gravenhage","'s-Gravenhage","Zuid-Holland",false,52.051811,4.261016,"injury","2","clear",false,1,"GM0518"
"20220115313",2022,"Letsel",2,"Personenauto","Fiets","Flank","Kruispunt, 3 takken",50,"Niet brandend","Daglicht","Droog",\N,\N,"Holwortel","Leeuwarden","Leeuwarden","Friesland",false,53.188512,5.826878,"injury","2","clear",false,1,"GM0080"
"20220118625",2022,"Letsel",1,"e-bike",\N,"Eenzijdig","Rechte weg",80,"Niet brandend","Daglicht","Droog",\N,"413346054","Rijksstraatweg","Steenenkamer","Voorst","Gelderland",false,52.246027,6.148691,"injury","2","clear",false,1,"GM0285"
"20220128579",2022,"Uitsluitend materiele schade",2,"Personenauto","Fiets","Flank","Kruispunt, 4 takken",30,"Niet brandend","Daglicht","Droog",\N,\N,"Voorstraat","Brielle","Voorne aan Zee","Zuid-Holland",false,51.90227,4.164832,"material damage only","4","clear",false,1,"GM1992"
"20220168960",2022,"Uitsluitend materiele schade",2,"Personenauto","e-bike","Flank","Rechte weg",30,"Niet brandend","Daglicht","Droog",\N,"519344004","Hortensiastraat","Enschede","Enschede","Overijssel",false,52.22992,6.921334,"material damage only","4","clear",false,1,"GM0153"
"20220123796",2022,"Letsel",2,"Personenauto","Fiets","Flank","Kruispunt, 3 takken",50,"Niet brandend","Daglicht","Droog",\N,\N,"Rijsdrechthof","Amsterdam","Amsterdam","Noord-Holland",false,52.355858,4.785414,"injury","2","clear",false,1,"GM0363"
"20220135426",2022,"Uitsluitend materiele schade",2,"Fiets","Scootmobiel","Flank","Rechte weg",50,"Niet brandend","Daglicht","Droog",\N,"600614939","Meezendreef","Kesteren","Neder-Betuwe","Gelderland",false,51.923878,5.570631,"material damage only","4","clear",false,1,"GM1740"
"20220157712",2022,"Uitsluitend materiele schade",2,"Personenauto","Fiets","Onbekend","Kruispunt, 4 takken",50,"Niet brandend","Daglicht","Droog",\N,\N,"Pascalweg","Rotterdam","Rotterdam","Zuid-Holland",false,51.874508,4.523525,"material damage only","4","clear",false,1,"GM0599"
"20220180714",2022,"Letsel",2,"Personenauto","Fiets","Flank","Rotonde",50,"Niet brandend","Daglicht","Droog",\N,\N,"Groenoord","Alphen aan den Rijn","Alphen aan den Rijn","Zuid-Holland",false,52.145673,4.655035,"injury","2","clear",false,1,"GM0484"
"20220189013",2022,"Uitsluitend materiele schade",2,"Bestelauto","e-bike","Kop/staart","Rechte weg",60,"Niet brandend","Daglicht","Regen",\N,"342210001","Lage Randweg","Uden","Maashorst","Noord-Brabant",false,51.637653,5.628426,"material damage only","4","rain",false,1,"GM1991"
"20220189838",2022,"Uitsluitend materiele schade",2,"Bestelauto","Fiets","Onbekend","Rechte weg",50,"Niet brandend","Daglicht","Droog",\N,"382039002","Ransdalerstraat","Ransdaal","Voerendaal","Limburg",false,50.86553,5.901357,"material damage only","4","clear",false,1,"GM0986"
"20220126320",2022,"Letsel",2,"Bromfiets","Fiets","Onbekend","Kruispunt, 4 takken",50,"Niet brandend","Daglicht","Droog",\N,\N,"Stationsweg","'s-Gravenhage","'s-Gravenhage","Zuid-Holland",false,52.073421,4.318572,"injury","2","clear",false,1,"GM0518"
"20220135531",2022,"Uitsluitend materiele schade",2,"Fiets",\N,"Flank","Rechte weg",30,"Niet brandend","Daglicht","Droog",\N,"518365046","Klarinetlaan","Oldenzaal","Oldenzaal","Overijssel",false,52.321906,6.914353,"material damage only","4","clear",false,1,"GM0173"
"20220144030",2022,"Uitsluitend materiele schade",2,"Bromfiets","Fiets","Flank","Rechte weg",\N,"Brandend","Duisternis","Droog",\N,"600591672","Rijswijkseweg","'s-Gravenhage","'s-Gravenhage","Zuid-Holland",false,52.064332,4.330416,"material damage only","4","clear",false,1,"GM0518"
"20220155362",2022,"Uitsluitend materiele schade",2,"Personenauto","Fiets","Flank","Rechte weg",50,"Niet brandend","Daglicht","Droog",\N,"241374075","Westermarkt","Amsterdam","Amsterdam","Noord-Holland",false,52.373978,4.884036,"material damage only","4","clear",false,1,"GM0363"
"20220171056",2022,"Uitsluitend materiele schade",3,"Fiets","Bestelauto","Flank","Bocht",50,"Niet brandend","Daglicht","Droog",\N,"600128859","Bussumerstraat","Hilversum","Hilversum","Noord-Holland",false,52.22621,5.175076,"material damage only","4","clear",false,1,"GM0402"
"20220171111",2022,"Uitsluitend materiele schade",2,"Personenauto","Fiets","Flank","Kruispunt, 3 takken",30,"Niet brandend","Daglicht","Droog",\N,\N,"Rijksstraatweg","Loenen aan de Vecht","Stichtse Vecht","Utrecht",false,52.209044,5.021318,"material damage only","4","clear",false,1,"GM1904"
"20220181363",2022,"Letsel",1,"Fiets",\N,"Eenzijdig","Rechte weg",30,"Brandend","Duisternis","Droog",\N,"189309047","Het Lange Land","Zoetermeer","Zoetermeer","Zuid-Holland",false,52.078932,4.507316,"injury","2","clear",false,1,"GM0637"
"20220183671",2022,"Letsel",2,"Snorfiets","Fiets","Flank","Kruispunt, 4 takken",\N,"Niet brandend","Daglicht","Droog",\N,\N,"'s-Gravendijkwal","Rotterdam","Rotterdam","Zuid-Holland",false,51.911774,4.463266,"injury","2","clear",false,1,"GM0599"
"20220190872",2022,"Letsel",2,"e-bike","Fiets","Flank","Kruispunt, 3 takken",30,"Niet brandend","Daglicht","Droog",\N,\N,"Roggehegge","Maastricht","Maastricht","Limburg",false,50.858618,5.734738,"injury","2","clear",false,1,"GM0935"
"20220122778",2022,"Letsel",2,"Personenauto","Fiets","Flank","Kruispunt, 3 takken",50,"Niet brandend","Daglicht","Droog",\N,"600548376","Edammerpad","Volendam","Edam-Volendam","Noord-Holland",false,52.500861,5.062979,"injury","2","clear",false,1,"GM0385"
"20220122795",2022,"Uitsluitend materiele schade",2,"Fiets","Overig vast object","Vast voorwerp","Rechte weg",50,"Niet brandend","Daglicht","Droog",\N,"218410095","Wiekenlaan","Uitgeest","Uitgeest","Noord-Holland",false,52.5336,4.711875,"material damage only","4","clear",false,1,"GM0450"
"20220123975",2022,"Uitsluitend materiele schade",2,"e-bike","Bestelauto","Flank","Rechte weg",30,"Niet aanwezig","Daglicht","Droog",\N,"224348027","Beethovenlaan","Aalsmeer","Aalsmeer","Noord-Holland",false,52.253793,4.765383,"material damage only","4","clear",false,1,"GM0358"
"20220125335",2022,"Uitsluitend materiele schade",2,"Bromfiets","e-bike","Frontaal","Rechte weg",50,"Niet brandend","Daglicht","Droog",\N,\N,"Jan Pieterszoon Coenlaan","Alphen aan den Rijn","Alphen aan den Rijn","Zuid-Holland",false,52.134561,4.653013,"material damage only","4","clear",false,1,"GM0484"
"20220126393",2022,"Letsel",3,\N,"Fiets","Eenzijdig","Bocht",30,"Niet brandend","Daglicht","Droog",\N,"169294362","Gashouderpad","Delft","Delft","Zuid-Holland",false,52.00797,4.365725,"injury","2","clear",false,1,"GM0503"
"20220137451",2022,"Letsel",3,"Personenauto","Fiets","Flank","Kruispunt, 4 takken",50,"Niet brandend","Daglicht","Droog",\N,\N,"Mr. Van Hasseltlaan","Apeldoorn","Apeldoorn","Gelderland",false,52.220031,5.96011,"injury","2","clear",false,1,"GM0200"
"20220142725",2022,"Letsel",2,"Personenauto","e-bike","Flank","Kruispunt, 4 takken",50,"Niet brandend","Daglicht","Droog",\N,\N,"Lichtenbergweg","'s-Gravenhage","'s-Gravenhage","Zuid-Holland",false,52.042986,4.293014,"injury","2","clear",false,1,"GM0518"
"20220160616",2022,"Uitsluitend materiele schade",2,"Personenauto","Fiets","Onbekend",\N,70,\N,"Daglicht",\N,\N,"600850987","Domaniale Mijnstraat","Kerkrade","Kerkrade","Limburg",false,50.857967,6.05867,"material damage only","4","unknown",false,1,"GM0928"
"20220175398",2022,"Uitsluitend materiele schade",2,"Personenauto","Fiets","Flank","Rechte weg",50,"Niet brandend","Daglicht","Regen",\N,"209362073","Waddenweg","Hoofddorp","Haarlemmermeer","Noord-Holland",false,52.315595,4.645817,"material damage only","4","rain",false,1,"GM0394"
"20220124046",2022,"Uitsluitend materiele schade",2,"Personenauto","Fiets","Flank","Rechte weg",30,"Brandend","Schemer","Droog",\N,"600363331","Schollenbrugstraat","Amsterdam","Amsterdam","Noord-Holland",false,52.350359,4.914176,"material damage only","4","clear",false,1,"GM0363"
"20220126441",2022,"Letsel",1,"Fiets",\N,"Eenzijdig","Rotonde",50,"Niet brandend","Daglicht","Droog",\N,\N,"Grote Woerdlaan","Naaldwijk","Westland","Zuid-Holland",false,52.001704,4.206863,"injury","2","clear",false,1,"GM1783"
"20220145352",2022,"Uitsluitend materiele schade",3,"Personenauto","Fiets","Onbekend","Rechte weg",50,"Niet brandend","Daglicht","Droog",\N,"158312041","Eisenhowerlaan","'s-Gravenhage","'s-Gravenhage","Zuid-Holland",false,52.092235,4.28024,"material damage only","4","clear",false,1,"GM0518"
"20220152490",2022,"Uitsluitend materiele schade",2,"Personenauto","Fiets","Onbekend","Rotonde",50,"Niet brandend","Daglicht","Droog",\N,\N,"Emmastraat","Deventer","Deventer","Overijssel",false,52.25183,6.164271,"material damage only","4","clear",false,1,"GM0150"
"20220157858",2022,"Letsel",2,"Bromfiets","Fiets","Onbekend","Rechte weg",50,"Niet brandend","Daglicht","Droog",\N,\N,"Dordtsestraatweg","Rotterdam","Rotterdam","Zuid-Holland",false,51.882245,4.504046,"injury","2","clear",false,1,"GM0599"
"20220175445",2022,"Letsel",2,"Personenauto","e-bike","Flank","Rechte weg",60,"Niet brandend","Daglicht","Droog","Tunnel","215376005","Zwanenburgerdijk","Vijfhuizen","Haarlemmermeer","Noord-Holland",true,52.380849,4.69971,"injury","2","clear",false,1,"GM0394"
"20220184604",2022,"Letsel",2,"Personenauto","Fiets","Frontaal","Rechte weg",50,"Niet brandend","Daglicht","Droog",\N,"600454757","Terwenakker","Rotterdam","Rotterdam","Zuid-Holland",false,51.914061,4.485691,"injury","2","clear",false,1,"GM0599"
"20220185414",2022,"Uitsluitend materiele schade",2,"Personenauto","Fiets","Frontaal","Rechte weg",30,"Niet brandend","Daglicht","Droog",\N,"213253033","Muilwijckstraat","Papendrecht","Papendrecht","Zuid-Holland",false,51.827421,4.686682,"material damage only","4","clear",false,1,"GM0590"
"20220192975",2022,"Letsel",2,"Bromfiets","Fiets","Flank","Kruispunt, 3 takken",50,"Niet brandend","Daglicht","Regen",\N,\N,"PLANTSOENBRUG","Groningen","Groningen","Groningen",false,53.219411,6.555829,"injury","2","rain",false,1,"GM0014"
"20220124111",2022,"Uitsluitend materiele schade",2,"Personenauto","Fiets","Flank","Kruispunt, 4 takken",50,"Niet brandend","Daglicht","Droog",\N,\N,"Amsteldijk","Amsterdam","Amsterdam","Noord-Holland",false,52.355012,4.905844,"material damage only","4","clear",false,1,"GM0363"
"20220138557",2022,"Uitsluitend materiele schade",2,"Personenauto","Fiets","Frontaal","Rotonde",50,"Niet brandend","Daglicht","Regen",\N,\N,"Espelerlaan","Emmeloord","Noordoostpolder","Flevoland",false,52.71121,5.750121,"material damage only","4","rain",false,1,"GM0171"
"20220138561",2022,"Letsel",2,"Fiets","Personenauto","Flank","Kruispunt, 4 takken",50,"Niet brandend","Daglicht","Droog",\N,\N,"Heiligenbergerweg","Amersfoort","Amersfoort","Utrecht",false,52.151278,5.400081,"injury","2","clear",false,1,"GM0307"
"20220140049",2022,"Uitsluitend materiele schade",2,"Personenauto","Fiets","Flank","Kruispunt, 4 takken",50,"Brandend","Duisternis","Droog",\N,\N,"Nagtzaamstraat","Haarlem","Haarlem","Noord-Holland",false,52.379205,4.650489,"material damage only","4","clear",false,1,"GM0392"
"20220147385",2022,"Letsel",3,"Fiets","Fiets","Kop/staart","Rechte weg",50,"Niet brandend","Daglicht","Droog",\N,"62180005","Nieuwe Vlissingseweg","Middelburg","Middelburg","Zeeland",false,51.48945,3.605826,"injury","2","clear",false,1,\N
"20220174298",2022,"Uitsluitend materiele schade",2,"Snorfiets","Fiets","Flank","Kruispunt, 3 takken",50,"Brandend","Duisternis","Droog",\N,\N,"Waarderveldweg","Haarlem","Haarlem","Noord-Holland",false,52.386618,4.665346,"material damage only","4","clear",false,1,"GM0392"
"20220135767",2022,"Uitsluitend materiele schade",2,"Bestelauto","Fiets","Flank","Kruispunt, 4 takken",60,"Niet brandend","Daglicht",\N,"Brug/viaduct",\N,"Acquoysemeer","Culemborg","Culemborg","Gelderland",false,51.923646,5.163826,"material damage only","4","unknown",false,1,"GM0216"
"20220150261",2022,"Letsel",2,"Fiets","Overig vast object","Vast voorwerp","Bocht",30,"Brandend","Duisternis","Droog",\N,\N,"Dubbestraat","Nuenen","Nuenen, Gerwen en Nederwetten","Noord-Brabant",false,51.463555,5.525467,"injury","2","clear",false,1,"GM0820"
"20220174381",2022,"Letsel",2,"Personenauto","Fiets","Onbekend","Rotonde",50,"Niet brandend","Daglicht","Droog",\N,\N,"Waddenzeestraat","Den Helder","Den Helder","Noord-Holland",false,52.943705,4.747162,"injury","2","clear",false,1,"GM0400"
"20220193941",2022,"Letsel",2,"Fiets","Personenauto","Frontaal","Rechte weg",50,"Niet aanwezig","Daglicht","Droog",\N,\N,"de Zanden","Heerenveen","Heerenveen","Friesland",false,52.945999,5.927534,"injury","2","clear",false,1,"GM0074"
"20220137657",2022,"Uitsluitend materiele schade",2,"Personenauto","Fiets","Flank","Kruispunt, 3 takken",50,"Niet brandend","Daglicht","Droog",\N,\N,"Vlierstraat","Enschede","Enschede","Overijssel",false,52.196988,6.888957,"material damage only","4","clear",false,1,"GM0153"
"20220162382",2022,"Uitsluitend materiele schade",2,"Personenauto","Fiets","Onbekend",\N,80,"Brandend","Duisternis","Droog",\N,"345520051","Zuidwesthoekweg","Sneek","Súdwest-Fryslân","Friesland",false,53.03027,5.649318,"material damage only","4","clear",false,1,"GM1900"
"20220196584",2022,"Letsel",2,"Personenauto","Fiets","Flank","Rechte weg",50,"Niet brandend","Daglicht","Droog",\N,"600663574","Energieweg","Nijmegen","Nijmegen","Gelderland",false,51.840821,5.822339,"injury","2","clear",false,1,"GM0268"
"20220198120",2022,"Uitsluitend materiele schade",2,"Personenauto","Fiets","Flank","Kruispunt, 4 takken",30,"Niet brandend","Daglicht","Droog",\N,\N,"Colosseum","Elst","Overbetuwe","Gelderland",false,51.918831,5.861295,"material damage only","4","clear",false,1,"GM1734"