"accident_id","year","severity_raw","party_count","party1_type","party2_type","accident_type","road_situation","speed_limit_kmh","road_lighting","light_condition_label","weather_raw","infra_type","road_segment_id","street_name","place_name","gemeente_name_raw","province","alcohol_indicated","latitude","longitude","severity_label","severity_code","weather_label","built_up_area","cyclists_involved","gemeente_code"
"20240087975",2024,"Uitsluitend materiele schade",2,"Personenauto","Fiets","Frontaal","Rechte weg",50,"Niet brandend","Daglicht","Droog",\N,\N,"Willem de Zwijgerlaan","Leiden","Leiden","Zuid-Holland",false,52.167806,4.505668,"material damage only","4","clear",false,1,"GM0546"
"20240088653",2024,"Uitsluitend materiele schade",2,"Personenauto","Fiets","Flank","Kruispunt, 4 takken",30,"Niet brandend","Daglicht","Droog",\N,\N,"Puccinistraat","'s-Gravenhage","'s-Gravenhage","Zuid-Holland",false,52.062879,4.241317,"material damage only","4","clear",false,1,"GM0518"
"20240076131",2024,"Letsel",2,"Personenauto","Fiets","Flank","Kruispunt, 4 takken",80,"Niet brandend","Daglicht","Droog",\N,\N,"Kootwijkerdijk","Kootwijkerbroek","Barneveld","Gelderland",false,52.168629,5.702069,"injury","2","clear",false,1,"GM0203"
"20240082147",2024,"Letsel",2,"Snorfiets","e-bike","Flank","Kruispunt, 3 takken",30,"Niet brandend","Daglicht","Droog",\N,\N,"Lange Kleiweg","Rijswijk","Rijswijk","Zuid-Holland",false,52.024175,4.344684,"injury","2","clear",false,1,\N
"20230060398",2023,"Uitsluitend materiele schade",1,"Fiets",\N,"Kop/staart","Rechte weg",50,"Niet brandend","Daglicht","Droog",\N,"600736898","Meeuwensingel","Capelle aan den IJssel","Capelle aan den IJssel","Zuid-Holland",false,51.926761,4.59096,"material damage only","4","clear",false,1,"GM0502"
"20230048995",2023,"Uitsluitend materiele schade",3,"Personenauto","Fiets","Onbekend","Bocht",50,"Niet brandend","Daglicht","Droog",\N,"600748691","Fluwelensingel","Gouda","Gouda","Zuid-Holland",false,52.007573,4.716429,"material damage only","4","clear",false,1,"GM0513"
"20230052416",2023,"Letsel",3,"Bromfiets","Fiets","Frontaal","Rechte weg",50,"Niet brandend","Daglicht","Droog",\N,"179265004","Waalhaven Z.z.","Rotterdam","Rotterdam","Zuid-Holland",false,51.878672,4.437986,"injury","2","clear",false,1,"GM0599"
"20230057102",2023,"Uitsluitend materiele schade",2,"Personenauto","Fiets","Frontaal","Bocht",30,"Niet brandend","Daglicht","Droog",\N,"339349076","Gervenhof","Putten","Putten","Gelderland",false,52.259505,5.603254,"material damage only","4","clear",false,1,"GM0273"
"20230059910",2023,"Uitsluitend materiele schade",2,"Fiets","Personenauto","Flank","Kruispunt, 4 takken",50,"Niet brandend","Daglicht","Droog",\N,\N,"Overschiestraat","Amsterdam","Amsterdam","Noord-Holland",false,52.348533,4.839493,"material damage only","4","clear",false,1,"GM0363"
"20230062092",2023,"Letsel",2,"Fiets","Overig vast object","Vast voorwerp","Rechte weg",60,"Niet brandend","Daglicht","Droog",\N,"300146002","Heibloem","Eersel","Eersel","Noord-Brabant",false,51.349044,5.31751,"injury","2","clear",false,1,"GM0770"
"20230037931",2023,"Uitsluitend materiele schade",2,"Personenauto","Fiets","Flank","Kruispunt, 3 takken",50,"Brandend","Duisternis","Droog",\N,\N,"Telderslaan","Utrecht","Utrecht","Utrecht",false,52.078162,5.097772,"material damage only","4","clear",false,1,"GM0344"
"20230038504",2023,"Letsel",1,"Fiets",\N,"Eenzijdig","Bocht",50,"Niet brandend","Daglicht","Droog",\N,"204284055","Kerklaan","Nieuwerkerk aan den IJssel","Zuidplas","Zuid-Holland",false,51.963961,4.621656,"injury","2","clear",false,1,"GM1892"
"20230043089",2023,"Letsel",2,"Personenauto","e-bike","Flank","Kruispunt, 4 takken",50,"Niet brandend","Daglicht","Droog",\N,\N,"Schoolstraat","Asten","Asten","Noord-Brabant",false,51.406853,5.738885,"injury","2","clear",false,1,"GM0743"
"20230055957",2023,"Letsel",2,"Fiets","Fiets","Onbekend","Rechte weg",30,"Niet brandend","Daglicht",\N,\N,"243388008","het Luijendijkje","Landsmeer","Landsmeer","Noord-Holland",false,52.433221,4.90028,"injury","2","unknown",false,1,"GM0415"
"20230044924",2023,"Letsel",2,"Fiets","Personenauto","Onbekend","Rechte weg",50,"Niet brandend","Daglicht","Droog",\N,"316268028","Westroijensestraat","Tiel","Tiel","Gelderland",false,51.895829,5.437822,"injury","2","clear",false,1,"GM0281"
"20230050751",2023,"Letsel",3,"Fiets","Fiets","Onbekend","Rechte weg",60,"Niet brandend","Daglicht","Droog",\N,"176332012","Wassenaarseweg","Katwijk","Katwijk","Zuid-Holland",false,52.183584,4.41226,"injury","2","clear",false,1,"GM0537"
"20230057929",2023,"Uitsluitend materiele schade",2,"Bromfiets","e-bike","Flank","Kruispunt, 3 takken",30,"Niet brandend","Daglicht","Droog",\N,\N,"Raalt","Gendt","Lingewaard","Gelderland",false,51.878775,5.970738,"material damage only","4","clear",false,1,"GM1705"
"20230059146",2023,"Uitsluitend materiele schade",2,"Personenauto","Fiets","Onbekend","Kruispunt, 4 takken",50,"Niet brandend","Daglicht","Droog",\N,\N,"Nassaukade","Amsterdam","Amsterdam","Noord-Holland",false,52.363707,4.878734,"material damage only","4","clear",false,1,"GM0363"
"20230059147",2023,"Uitsluitend materiele schade",2,"Personenauto","Fiets","Flank","Kruispunt, 3 takken",50,"Niet brandend","Daglicht","Droog",\N,\N,"West","Avenhorn","Koggenland","Noord-Holland",false,52.617816,4.949361,"material damage only","4","clear",false,1,"GM1598"
"20230060015",2023,"Letsel",2,"Vrachtauto","Fiets","Flank","Kruispunt, 4 takken",50,"Niet brandend","Daglicht","Regen",\N,\N,"Ir. Lelyweg","Haarlem","Haarlem","Noord-Holland",false,52.384795,4.658034,"injury","2","rain",false,1,"GM0392"
"20230037989",2023,"Letsel",2,"Personenauto","Fiets","Flank","Kruispunt, 4 takken",50,"Niet brandend","Daglicht","Droog",\N,\N,"Haya van Somerensingel","Hoofddorp","Haarlemmermeer","Noord-Holland",false,52.297743,4.669425,"injury","2","clear",false,1,"GM0394"
"20230048529",2023,"Letsel",2,"Fiets","Fiets","Frontaal","Rechte weg",50,"Niet aanwezig","Daglicht","Droog",\N,"600740298","Laurensvliet","Zwijndrecht","Zwijndrecht","Zuid-Holland",false,51.821746,4.640806,"injury","2","clear",false,1,"GM0642"
"20230053118",2023,"Uitsluitend materiele schade",2,"Personenauto","Fiets","Flank","Kruispunt, 4 takken",30,"Niet brandend","Daglicht","Droog",\N,\N,"Fellenoordstraat","Breda","Breda","Noord-Brabant",false,51.583396,4.774476,"material damage only","4","clear",false,1,"GM0758"
"20230054294",2023,"Uitsluitend materiele schade",2,"Personenauto","Fiets","Flank","Rechte weg",30,"Niet brandend","Daglicht","Droog",\N,"400038074","Heiluststraat","Kerkrade","Kerkrade","Limburg",false,50.859448,6.032964,"material damage only","4","clear",false,1,"GM0928"
"20230057976",2023,"Letsel",1,"Fiets",\N,"Eenzijdig","Bocht",80,"Niet brandend","Daglicht","Droog",\N,"386258007","Kerkdijk","Erlecom","Berg en Dal","Gelderland",false,51.847055,5.945872,"injury","2","clear",false,1,"GM1945"
"20230065203",2023,"Uitsluitend materiele schade",2,"Personenauto","Fiets","Frontaal","Bocht",15,"Niet brandend","Daglicht","Droog",\N,"391336051","Looiersdreef","Apeldoorn","Apeldoorn","Gelderland",false,52.201383,5.985406,"material damage only","4","clear",false,1,"GM0200"
"20240132855",2024,"Letsel",2,"Personenauto","e-bike","Flank","Kruispunt, 4 takken",50,"Niet brandend","Daglicht","Droog",\N,\N,"Oost Ringdijk","Moordrecht","Zuidplas","Zuid-Holland",false,51.992538,4.673263,"injury","2","clear",false,1,"GM1892"
"20230049128",2023,"Letsel",2,"Bromfiets","e-bike","Flank","Kruispunt, 4 takken",50,"Niet brandend","Daglicht","Droog",\N,\N,"Aan 't Verlaat","Delft","Delft","Zuid-Holland",false,52.019199,4.361838,"injury","2","clear",false,1,"GM0503"
"20230062877",2023,"Letsel",2,"Bestelauto","Fiets","Flank","Kruispunt, 3 takken",60,"Niet brandend","Daglicht","Droog",\N,\N,"Pannenhoef","Ossendrecht","Woensdrecht","Noord-Brabant",false,51.388634,4.363397,"injury","2","clear",false,1,"GM0873"
"20230065256",2023,"Uitsluitend materiele schade",2,"Personenauto","Fiets","Onbekend","Kruispunt, 4 takken",30,"Niet brandend","Daglicht","Droog",\N,\N,"Laan van Presikhaaf","Arnhem","Arnhem","Gelderland",false,51.986532,5.942812,"material damage only","4","clear",false,1,"GM0202"
"20240133332",2024,"Letsel",1,"Fiets",\N,"Onbekend","Rechte weg",50,"Brandend","Duisternis","Droog",\N,"162309105","Wagenstraat","'s-Gravenhage","'s-Gravenhage","Zuid-Holland",false,52.074786,4.314635,"injury","2","clear",false,1,"GM0518"
"20240133384",2024,"Letsel",2,"Personenauto","Fiets","Eenzijdig","Kruispunt, 4 takken",50,"Niet brandend","Daglicht","Droog",\N,\N,"Spakenburgsestraat","'s-Gravenhage","'s-Gravenhage","Zuid-Holland",false,52.067201,4.272463,"injury","2","clear",false,1,"GM0518"
"20230040376",2023,"Letsel",2,"Personenauto","Fiets","Onbekend","Rotonde",50,"Niet aanwezig","Daglicht","Droog",\N,\N,"Sir Winston Churchillln","Rijswijk","Rijswijk","Zuid-Holland",false,52.03125,4.305065,"injury","2","clear",false,1,\N
"20240130994",2024,"Letsel",2,"Fiets","Personenauto","Flank","Rechte weg",30,"Niet brandend","Daglicht","Droog","Brug/viaduct","600124251","Vijzelstraat","Amsterdam","Amsterdam","Noord-Holland",false,52.365702,4.892995,"injury","2","clear",false,1,"GM0363"
"20230039244",2023,"Uitsluitend materiele schade",2,"Bromfiets","Fiets","Onbekend","Kruispunt, 3 takken",30,"Niet brandend","Daglicht","Regen",\N,\N,"Westnieuwland","Vlaardingen","Vlaardingen","Zuid-Holland",false,51.908138,4.339453,"material damage only","4","rain",false,1,"GM0622"
"20230051480",2023,"Uitsluitend materiele schade",2,"Fiets","Personenauto","Flank","Kruispunt, 4 takken",30,"Niet brandend","Daglicht","Droog",\N,\N,"Sportlaan","Nuenen","Nuenen, Gerwen en Nederwetten","Noord-Brabant",false,51.471501,5.550821,"material damage only","4","clear",false,1,"GM0820"
"20240129473",2024,"Letsel",1,"Fiets",\N,"Eenzijdig","Rechte weg",50,"Brandend","Duisternis","Droog",\N,"600947371","Dorpsstraat","Renswoude","Renswoude","Utrecht",false,52.074618,5.537985,"injury","2","clear",false,1,"GM0339"
"20240130109",2024,"Uitsluitend materiele schade",2,"Personenauto","Fiets","Frontaal","Rotonde",50,"Niet brandend","Daglicht","Droog",\N,\N,"Nieuwe Tielseweg","Tiel","Tiel","Gelderland",false,51.883965,5.437513,"material damage only","4","clear",false,1,"GM0281"
"20230040457",2023,"Letsel",2,"Fiets",\N,"Eenzijdig","Rechte weg",\N,"Brandend","Duisternis","Droog",\N,"182344007","Gooweg","Noordwijk","Noordwijk","Zuid-Holland",false,52.235551,4.452336,"injury","2","clear",false,1,"GM0575"
"20230050938",2023,"Uitsluitend materiele schade",2,"Bromfiets","Fiets","Flank","Rechte weg",60,"Niet brandend","Daglicht","Droog",\N,"243248031","Schans","Werkendam","Altena","Noord-Brabant",false,51.804889,4.913409,"material damage only","4","clear",false,1,"GM1959"
"20240129969",2024,"Uitsluitend materiele schade",2,"Personenauto","Fiets","Onbekend","Rotonde",50,"Niet brandend","Daglicht","Droog",\N,\N,"Laan van Westroijen","Tiel","Tiel","Gelderland",false,51.897077,5.430115,"material damage only","4","clear",false,1,"GM0281"
"20240127372",2024,"Letsel",2,"Fiets","Overig vast object","Vast voorwerp","Rechte weg",50,"Niet brandend","Daglicht","Droog",\N,"415350086","Diepenveenseweg","Deventer","Deventer","Overijssel",false,52.26035,6.157351,"injury","2","clear",false,1,"GM0150"
"20240127610",2024,"Letsel",2,"Fiets","Fiets","Flank","Kruispunt, 4 takken",50,"Niet brandend","Daglicht","Regen",\N,\N,"Bornsestraat","Hengelo","Hengelo (O)","Overijssel",false,52.267196,6.791833,"injury","2","rain",false,1,\N
"20230047475",2023,"Uitsluitend materiele schade",2,"Snorfiets","Fiets","Flank","Kruispunt, 4 takken",30,"Niet brandend","Daglicht","Droog",\N,\N,"Klarissenstraat","Amersfoort","Amersfoort","Utrecht",false,52.169188,5.376671,"material damage only","4","clear",false,1,"GM0307"
"20230054459",2023,"Uitsluitend materiele schade",2,"Fiets","Bestelauto","Flank","Kruispunt, 3 takken",50,"Niet brandend","Daglicht","Droog",\N,\N,"Wilhelminastraat","Asten","Asten","Noord-Brabant",false,51.401512,5.74209,"material damage only","4","clear",false,1,"GM0743"
"20230065406",2023,"Uitsluitend materiele schade",2,"Personenauto","Fiets","Onbekend","Rotonde",50,"Niet brandend","Duisternis","Droog",\N,\N,"Wethouder Schoutenweg","Culemborg","Culemborg","Gelderland",false,51.94405,5.210086,"material damage only","4","clear",false,1,"GM0216"
"20240133066",2024,"Uitsluitend materiele schade",2,"Personenauto","Fiets","Flank","Kruispunt, 4 takken",50,"Niet brandend","Daglicht","Droog",\N,\N,"Ln Copes van Cattenburch","'s-Gravenhage","'s-Gravenhage","Zuid-Holland",false,52.090908,4.305004,"material damage only","4","clear",false,1,"GM0518"
"20230045179",2023,"Uitsluitend materiele schade",2,"Personenauto","Fiets","Flank","Kruispunt, 4 takken",30,"Niet brandend","Daglicht","Droog",\N,\N,"Dr. Ariënsstraat","Oldenzaal","Oldenzaal","Overijssel",false,52.318879,6.930745,"material damage only","4","clear",false,1,"GM0173"
"20230048759",2023,"Letsel",1,"Fiets",\N,"Eenzijdig","Rechte weg",\N,"Niet brandend","Daglicht","Droog",\N,"146295015","Zwartendijk","Naaldwijk","Westland","Zuid-Holland",false,52.009683,4.198892,"injury","2","clear",false,1,"GM1783"
"20230049870",2023,"Uitsluitend materiele schade",2,"Fiets","Fiets","Kop/staart","Rechte weg",30,"Niet brandend","Daglicht","Droog",\N,"600389667","Parnassusweg","Amsterdam","Amsterdam","Noord-Holland",false,52.343145,4.867851,"material damage only","4","clear",false,1,"GM0363"
"20230054495",2023,"Letsel",1,"Fiets",\N,"Eenzijdig","Kruispunt, 4 takken",30,"Niet brandend","Daglicht","Droog",\N,\N,"Spauwenstraat","Eijsden","Eijsden-Margraten","Limburg",false,50.775992,5.700398,"injury","2","clear",false,1,"GM1903"
"20230055644",2023,"Uitsluitend materiele schade",2,"Fiets","Bus","Flank","Bocht",60,"Niet brandend","Daglicht","Droog",\N,"600558354","Veerweg","Schiermonnikoog","Schiermonnikoog","Friesland",false,53.470867,6.198035,"material damage only","4","clear",false,1,"GM0088"
"20230059385",2023,"Uitsluitend materiele schade",2,"Personenauto","Fiets","Flank","Rotonde",80,"Niet brandend","Daglicht","Droog",\N,\N,"Nauernaseweg","Assendelft","Zaanstad","Noord-Holland",false,52.435653,4.726158,"material damage only","4","clear",false,1,"GM0479"
"20230059414",2023,"Uitsluitend materiele schade",2,"Fiets","Bromfiets","Flank","Rechte weg",\N,"Niet brandend","Daglicht","Droog",\N,"210374049","Prins Bernhardlaan","Haarlem","Haarlem","Noord-Holland",false,52.371699,4.655278,"material damage only","4","clear",false,1,"GM0392"
"20240127679",2024,"Letsel",1,"Fiets",\N,"Onbekend","Rechte weg",30,"Niet brandend","Daglicht","Droog",\N,"384292020","Roekenstraat","Arnhem","Arnhem","Gelderland",false,52.003875,5.932133,"injury","2","clear",false,1,"GM0202"
"20240127683",2024,"Letsel",2,"Fiets","Bestelauto","Flank","Kruispunt, 4 takken",50,"Brandend","Duisternis","Droog",\N,\N,"Westrak","Harderwijk","Harderwijk","Gelderland",false,52.340022,5.609923,"injury","2","clear",false,1,"GM0243"
"20230066423",2023,"Letsel",1,"Fiets",\N,"Eenzijdig","Rechte weg",50,\N,"Daglicht","Droog","Tunnel","600499180","FIETSPAD","Driehuis NH","Velsen","Noord-Holland",false,52.444378,4.639417,"injury","2","clear",false,1,"GM0453"
"20230038832",2023,"Letsel",2,"Personenauto","Fiets","Flank","Kruispunt, 3 takken",30,"Niet brandend","Daglicht","Droog",\N,\N,"Concertweg","Barendrecht","Barendrecht","Zuid-Holland",false,51.857952,4.526099,"injury","2","clear",false,1,"GM0489"
"20230054524",2023,"Letsel",2,"Personenauto","e-bike","Flank","Kruispunt, 4 takken",50,"Brandend","Duisternis","Droog",\N,\N,"Ploegstraat","Someren","Someren","Noord-Brabant",false,51.350531,5.696153,"injury","2","clear",false,1,"GM0847"
"20230065480",2023,"Uitsluitend materiele schade",2,"Personenauto","Fiets","Flank","Kruispunt, 3 takken",30,"Niet brandend","Daglicht","Droog",\N,\N,"Jonathangaard","Arnhem","Arnhem","Gelderland",false,51.952827,5.887413,"material damage only","4","clear",false,1,"GM0202"
"20240132345",2024,"Letsel",2,"Fiets","Bestelauto","Flank","Kruispunt, 4 takken",50,"Niet brandend","Daglicht","Droog",\N,\N,"Geestersingel","Alkmaar","Alkmaar","Noord-Holland",false,52.635446,4.745688,"injury","2","clear",false,1,"GM0361"
"20230038313",2023,"Letsel",2,"Fiets","Fiets","Onbekend","Rechte weg",60,"Niet aanwezig","Daglicht","Droog",\N,"600871905","Verlengde Meenweg","Markelo","Hof van Twente","Overijssel",false,52.237343,6.555026,"injury","2","clear",false,1,"GM1735"
"20230044653",2023,"Uitsluitend materiele schade",2,"Fiets","Fiets","Frontaal","Kruispunt, 3 takken",50,"Niet brandend","Daglicht","Droog",\N,\N,"Nieuwstad","Arnhem","Arnhem","Gelderland",false,51.981854,5.91321,"material damage only","4","clear",false,1,"GM0202"
"20230044670",2023,"Letsel",2,"Fiets","Fiets","Onbekend","Rechte weg",30,"Niet brandend","Daglicht","Droog",\N,"474419025","Elzenlaan","Hardenberg","Hardenberg","Overijssel",false,52.568242,6.599762,"injury","2","clear",false,1,"GM0160"
"20230056907",2023,"Uitsluitend materiele schade",2,"Personenauto","Fiets","Flank","Rechte weg",50,"Niet brandend","Daglicht","Droog",\N,"328366008","Schepenveld","Zeewolde","Zeewolde","Flevoland",false,52.33611,5.52623,"material damage only","4","clear",false,1,"GM0050"
"20240129181",2024,"Uitsluitend materiele schade",2,"Fiets","Fiets","Flank","Kruispunt, 3 takken",15,"Brandend","Daglicht","Droog",\N,\N,"Antilope","Huizen","Huizen","Noord-Holland",false,52.297732,5.25451,"material damage only","4","clear",false,1,"GM0406"
"20230037735",2023,"Uitsluitend materiele schade",2,"Personenauto","Fiets","Onbekend","Kruispunt, 4 takken",50,"Brandend","Duisternis","Droog",\N,\N,"David van Mollemstraat","Utrecht","Utrecht","Utrecht",false,52.100243,5.1089,"material damage only","4","clear",false,1,"GM0344"
"20230042919",2023,"Uitsluitend materiele schade",3,"Personenauto","Fiets","Los voorwerp","Kruispunt, 4 takken",50,"Niet brandend","Daglicht","Regen",\N,\N,"Kesterenlaan","Breda","Breda","Noord-Brabant",false,51.610179,4.72449,"material damage only","4","rain",false,1,"GM0758"
"20230044101",2023,"Uitsluitend materiele schade",2,"Bromfiets","Fiets","Flank","Kruispunt, 3 takken",50,"Niet brandend","Daglicht","Droog",\N,\N,"Oranjeweg","Rheden","Rheden","Gelderland",false,52.001993,6.030401,"material damage only","4","clear",false,1,"GM0275"
"20230046467",2023,"Letsel",2,"e-bike","Personenauto","Flank","Rotonde",50,"Niet brandend","Daglicht","Droog",\N,\N,"Carel van Manderstraat","Heemskerk","Heemskerk","Noord-Holland",false,52.509357,4.667999,"injury","2","clear",false,1,"GM0396"
"20240128914",2024,"Letsel",2,"Personenauto","Fiets","Flank","Kruispunt, 3 takken",50,"Niet brandend","Daglicht","Droog",\N,\N,"Nijverheidskade","Wildervank","Veendam","Groningen",false,53.088795,6.868707,"injury","2","clear",false,1,"GM0047"
"20240130031",2024,"Letsel",2,"Personenauto","Fiets","Onbekend","Rechte weg",30,"Niet brandend","Daglicht","Droog",\N,"275312094","Mgr van de Weteringstr","Utrecht","Utrecht","Utrecht",false,52.095083,5.136549,"injury","2","clear",false,1,"GM0344"
"20230047070",2023,"Uitsluitend materiele schade",2,"Fiets","Fiets","Flank","Rechte weg",30,"Niet brandend","Daglicht","Droog",\N,"282339056","Waldecklaan","Hilversum","Hilversum","Noord-Holland",false,52.216391,5.189733,"material damage only","4","clear",false,1,"GM0402"
"20230051149",2023,"Letsel",2,"Bromfiets","Fiets","Flank","Kruispunt, 3 takken",\N,"Niet brandend","Daglicht","Droog",\N,\N,"Ziel","Roosendaal","Roosendaal","Noord-Brabant",false,51.545668,4.458875,"injury","2","clear",false,1,"GM1674"
"20230052927",2023,"Letsel",2,"Personenauto","Fiets","Frontaal","Bocht",50,"Niet brandend","Daglicht","Droog",\N,"180292131","Groenekadepad","Pijnacker","Pijnacker-Nootdorp","Zuid-Holland",false,51.999941,4.446379,"injury","2","clear",false,1,"GM1926"
"20230053485",2023,"Letsel",2,"Fiets","Fiets","Flank","Kruispunt, 3 takken",50,"Niet brandend","Daglicht","Droog",\N,\N,"Klipper","Alblasserdam","Alblasserdam","Zuid-Holland",false,51.863052,4.653592,"injury","2","clear",false,1,"GM0482"
"20240130095",2024,"Letsel",2,"Fiets","Fiets","Onbekend",\N,30,\N,"Daglicht",\N,\N,"399378020","Julianalaan","Heerde","Heerde","Gelderland",false,52.390499,6.043116,"injury","2","unknown",false,1,"GM0246"
"20240131294",2024,"Letsel",2,"Personenauto","Fiets","Flank","Rotonde",50,"Niet brandend","Daglicht","Droog",\N,\N,"Ambachtslaan","Assendelft","Zaanstad","Noord-Holland",false,52.490531,4.75384,"injury","2","clear",false,1,"GM0479"
"20240132518",2024,"Letsel",2,"Personenauto","Fiets","Frontaal","Kruispunt, 4 takken",30,"Niet brandend","Daglicht","Regen",\N,\N,"Professor Holwerdalaan","Naaldwijk","Westland","Zuid-Holland",false,51.987499,4.207461,"injury","2","rain",false,1,"GM1783"
"20230038971",2023,"Letsel",2,"Personenauto","Fiets","Kop/staart","Rechte weg",50,"Niet brandend","Daglicht","Droog",\N,\N,"Frederik Hendriklaan","Vlaardingen","Vlaardingen","Zuid-Holland",false,51.929263,4.348316,"injury","2","clear",false,1,"GM0622"
"20230044784",2023,"Uitsluitend materiele schade",2,"Personenauto","Fiets","Flank","Rotonde",50,"Niet brandend","Daglicht","Droog",\N,\N,"Broekheurne-ring","Enschede","Enschede","Overijssel",false,52.191755,6.867022,"material damage only","4","clear",false,1,"GM0153"
"20230047104",2023,"Uitsluitend materiele schade",2,"Personenauto","Fiets","Geparkeerd voertuig","Rechte weg",15,"Niet brandend","Daglicht","Droog",\N,"217424011","Werkendelslaan","Heiloo","Heiloo","Noord-Holland",false,52.595758,4.704813,"material damage only","4","clear",false,1,"GM0399"
"20240131662",2024,"Letsel",2,"Fiets","Voetganger","Voetganger","Rechte weg",30,"Niet brandend","Daglicht","Droog",\N,"240378021","Spaarndammerstraat","Amsterdam","Amsterdam","Noord-Holland",false,52.388616,4.880044,"injury","2","clear",false,1,"GM0363"
"20240131736",2024,"Letsel",2,"Bromfiets","Fiets","Frontaal","Kruispunt, 4 takken",30,"Niet brandend","Daglicht","Droog",\N,\N,"Guisweg","Zaandijk","Zaanstad","Noord-Holland",false,52.470688,4.805192,"injury","2","clear",false,1,"GM0479"
"20240131870",2024,"Uitsluitend materiele schade",2,"Personenauto","Fiets","Flank","Rotonde",50,"Niet brandend","Daglicht","Droog",\N,\N,"Westtangent","Heerhugowaard","Dijk en Waard","Noord-Holland",false,52.676514,4.848801,"material damage only","4","clear",false,1,"GM1980"
"20240133021",2024,"Letsel",1,"Fiets",\N,"Onbekend","Rechte weg",30,"Niet brandend","Daglicht","Droog",\N,\N,"Sandifortdreef","Leiden","Leiden","Zuid-Holland",false,52.170027,4.477322,"injury","2","clear",false,1,"GM0546"
"20240133752",2024,"Letsel",2,"Fiets","Personenauto","Flank","Kruispunt, 3 takken",50,"Niet brandend","Daglicht","Droog",\N,\N,"Fruitweg","'s-Gravenhage","'s-Gravenhage","Zuid-Holland",false,52.060534,4.30794,"injury","2","clear",false,1,"GM0518"
"20240133471",2024,"Letsel",2,"Personenauto","Fiets","Onbekend","Rotonde",50,"Niet brandend","Daglicht","Droog",\N,\N,"Pijle Tuinenweg","Naaldwijk","Westland","Zuid-Holland",false,51.991401,4.218139,"injury","2","clear",false,1,"GM1783"
"20230037841",2023,"Uitsluitend materiele schade",2,"Personenauto","e-bike","Onbekend","Rotonde",50,"Niet brandend","Daglicht","Droog",\N,\N,"Marquettelaan","Heemskerk","Heemskerk","Noord-Holland",false,52.51441,4.666158,"material damage only","4","clear",false,1,"GM0396"
"20230038427",2023,"Letsel",2,"Personenauto","Fiets","Flank","Rechte weg",50,"Niet brandend","Daglicht","Droog",\N,\N,"Kasteelse Gang","Wageningen","Wageningen","Gelderland",false,51.967201,5.670161,"injury","2","clear",false,1,"GM0289"
"20230038436",2023,"Uitsluitend materiele schade",2,"Personenauto","Fiets","Frontaal","Rechte weg",30,"Niet brandend","Daglicht","Droog",\N,"600763019","Dorpsstraat","Wilnis","De Ronde Venen","Utrecht",false,52.19537,4.904994,"material damage only","4","clear",false,1,"GM0736"
"20230038447",2023,"Uitsluitend materiele schade",2,"Personenauto","Fiets","Flank","Kruispunt, 4 takken",30,"Niet brandend","Daglicht","Droog",\N,\N,"Jan Vermeerstraat","Zutphen","Zutphen","Gelderland",false,52.137441,6.210237,"material damage only","4","clear",false,1,"GM0301"
"20230045401",2023,"Letsel",2,"Fiets","Voetganger","Voetganger","Rechte weg",50,"Niet brandend","Daglicht","Droog",\N,"412569037","Lutkepost","Buitenpost","Achtkarspelen","Friesland",false,53.244688,6.154134,"injury","2","clear",false,1,"GM0059"
"20230046580",2023,"Letsel",2,"Personenauto","Fiets","Flank","Rechte weg",30,"Niet brandend","Daglicht",\N,\N,"224431109","Bierkade","Alkmaar","Alkmaar","Noord-Holland",false,52.628728,4.754971,"injury","2","unknown",false,1,"GM0361"
"20230047137",2023,"Uitsluitend materiele schade",2,"Bromfiets","Fiets","Flank","Kruispunt, 3 takken",30,"Niet brandend","Daglicht","Droog",\N,\N,"Bongerdstraat","Almere","Almere","Flevoland",false,52.376077,5.236777,"material damage only","4","clear",false,1,"GM0034"
"20220224391",2022,"Letsel",2,"Personenauto","Fiets","Frontaal","Rechte weg",30,"Niet brandend","Daglicht","Droog",\N,"600978725","Vrijthof","Hilvarenbeek","Hilvarenbeek","Noord-Brabant",false,51.484786,5.135524,"injury","2","clear",false,1,"GM0798"
"20220198805",2022,"Letsel",2,"Personenauto","Fiets","Voetganger","Kruispunt, 4 takken",50,"Niet brandend","Daglicht","Droog",\N,\N,"Keizersallee","Huissen","Lingewaard","Gelderland",false,51.941298,5.929023,"injury","2","clear",false,1,"GM1705"
"20220208015",2022,"Dodelijk",2,"Landbouwvoertuig","Fiets","Flank","Rechte weg",30,"Brandend","Daglicht","Droog",\N,"216448015","Wolphert van Brederodewg","Schoorl","Bergen (NH)","Noord-Holland",false,52.701099,4.695861,"fatal","1","clear",false,1,\N
"20220213593",2022,"Letsel",2,"Fiets","Dier","Dier","Rechte weg",30,"Niet brandend","Daglicht","Droog",\N,"159294024","Zwethkade Zuid","Den Hoorn","Midden-Delfland","Zuid-Holland",false,52.009458,4.296531,"injury","2","clear",false,1,"GM1842"
"20220228802",2022,"Letsel",2,"Personenauto","Fiets","Los voorwerp","Kruispunt, 4 takken",50,"Niet brandend","Daglicht","Droog",\N,\N,"Europalaan","Valkenswaard","Valkenswaard","Noord-Brabant",false,51.351832,5.464992,"injury","2","clear",false,1,"GM0858"