"accident_id","year","severity_raw","party_count","party1_type","party2_type","accident_type","road_situation","speed_limit_kmh","road_lighting","light_condition_label","weather_raw","infra_type","road_segment_id","street_name","place_name","gemeente_name_raw","province","alcohol_indicated","latitude","longitude","severity_label","severity_code","weather_label","built_up_area","cyclists_involved","gemeente_code"
"20220229516",2022,"Uitsluitend materiele schade",2,"Personenauto","Fiets","Flank","Rotonde",50,"Brandend","Schemer","Droog",\N,\N,"Oirschotseweg","Best","Best","Noord-Brabant",false,51.510112,5.384834,"material damage only","4","clear",false,1,"GM0753"
"20220231400",2022,"Letsel",2,"Personenauto","Fiets","Flank","Kruispunt, 3 takken",30,"Niet brandend","Daglicht","Droog",\N,\N,"de Stuersstraat","Panningen","Peel en Maas","Limburg",false,51.324313,5.979911,"injury","2","clear",false,1,"GM1894"
"20220200306",2022,"Uitsluitend materiele schade",2,"Personenauto","Fiets","Frontaal","Kruispunt, 4 takken",50,"Brandend","Duisternis","Droog",\N,\N,"Geert Grooteplein Zuid","Nijmegen","Nijmegen","Gelderland",false,51.823472,5.867091,"material damage only","4","clear",false,1,"GM0268"
"20220200972",2022,"Uitsluitend materiele schade",2,"Personenauto","Fiets","Flank","Kruispunt, 3 takken",50,"Niet brandend","Schemer","Droog",\N,\N,"Huissensestraat","Arnhem","Arnhem","Gelderland",false,51.962816,5.9194,"material damage only","4","clear",false,1,"GM0202"
"20220209791",2022,"Letsel",2,"Bestelauto","Fiets","Flank","Kruispunt, 3 takken",50,"Niet brandend","Daglicht","Regen",\N,\N,"Onderdijk","Wervershoof","Medemblik","Noord-Holland",false,52.741514,5.140028,"injury","2","rain",false,1,"GM0420"
"20220210930",2022,"Letsel",2,"Personenauto","Fiets","Flank","Rotonde",50,"Niet brandend","Daglicht","Droog",\N,\N,"Ookmeerweg","Amsterdam","Amsterdam","Noord-Holland",false,52.362897,4.787817,"injury","2","clear",false,1,"GM0363"
"20220216655",2022,"Letsel",1,"e-bike",\N,"Eenzijdig","Bocht",50,"Niet brandend","Daglicht","Droog",\N,"154301045","Hengelolaan","'s-Gravenhage","'s-Gravenhage","Zuid-Holland",false,52.040393,4.255258,"injury","2","clear",false,1,"GM0518"
"20220228110",2022,"Uitsluitend materiele schade",2,"Personenauto","Fiets","Flank","Rechte weg",70,"Niet brandend","Daglicht","Droog",\N,\N,"De Schakel","Eindhoven","Eindhoven","Noord-Brabant",false,51.465116,5.421113,"material damage only","4","clear",false,1,"GM0772"
"20220228137",2022,"Uitsluitend materiele schade",1,"Fiets",\N,"Onbekend","Bocht",\N,"Niet aanwezig","Daglicht","Droog",\N,"600559793","Corridor","Veghel","Meierijstad","Noord-Brabant",false,51.598302,5.51667,"material damage only","4","clear",false,1,"GM1948"
"20220187409",2022,"Dodelijk",2,"Personenauto","Fiets","Flank","Kruispunt, 4 takken",50,"Brandend","Duisternis","Droog",\N,\N,"Loevesteinstraat","Breda","Breda","Noord-Brabant",false,51.578368,4.806271,"fatal","1","clear",false,1,"GM0758"
"20220207434",2022,"Uitsluitend materiele schade",2,"Personenauto","Fiets","Kop/staart","Rechte weg",30,"Niet brandend","Daglicht","Droog",\N,"210398140","Breestraat","Beverwijk","Beverwijk","Noord-Holland",false,52.480156,4.655615,"material damage only","4","clear",false,1,"GM0375"
"20220209833",2022,"Letsel",1,"Fiets",\N,"Eenzijdig","Kruispunt, 4 takken",30,"Brandend","Schemer","Regen",\N,\N,"Westelijke Randweg","Broek op Langedijk","Dijk en Waard","Noord-Holland",false,52.674056,4.803828,"injury","2","rain",false,1,"GM1980"
"20220211628",2022,"Uitsluitend materiele schade",2,"Personenauto","Fiets","Flank","Kruispunt, 3 takken",50,"Niet brandend","Daglicht","Droog",\N,\N,"Willem Schermerhornstr","Amsterdam","Amsterdam","Noord-Holland",false,52.382514,4.803226,"material damage only","4","clear",false,1,"GM0363"
"20220219525",2022,"Uitsluitend materiele schade",2,"Personenauto","e-bike","Flank","Rechte weg",50,"Niet brandend","Daglicht","Droog",\N,\N,"Westlandseweg","Maassluis","Maassluis","Zuid-Holland",false,51.935903,4.234457,"material damage only","4","clear",false,1,"GM0556"
"20220203962",2022,"Letsel",2,"Personenauto","Fiets","Flank","Kruispunt, 3 takken",50,"Niet brandend","Daglicht","Droog",\N,\N,"Zandheuvelstraat","Rhenen","Rhenen","Utrecht",false,51.960165,5.560759,"injury","2","clear",false,1,"GM0340"
"20220207473",2022,"Uitsluitend materiele schade",2,"Bromfiets","Fiets","Frontaal","Rotonde",\N,"Brandend","Duisternis","Droog",\N,\N,"Churchilllaan","Purmerend","Purmerend","Noord-Holland",false,52.508321,4.968144,"material damage only","4","clear",false,1,"GM0439"
"20220211695",2022,"Uitsluitend materiele schade",2,"Bromfiets","Fiets","Flank","Kruispunt, 4 takken",30,"Niet brandend","Daglicht","Droog",\N,\N,"Piet Mondriaanstraat","Amsterdam","Amsterdam","Noord-Holland",false,52.36589,4.840432,"material damage only","4","clear",false,1,"GM0363"
"20220229642",2022,"Uitsluitend materiele schade",2,"Personenauto","Fiets","Flank","Kruispunt, 4 takken",50,"Niet brandend","Daglicht","Droog",\N,\N,"Pettelaarseweg","'s-Hertogenbosch","'s-Hertogenbosch","Noord-Brabant",false,51.683502,5.311162,"material damage only","4","clear",false,1,"GM0796"
"20220213762",2022,"Letsel",2,"Personenauto","Fiets","Geparkeerd voertuig","Rechte weg",30,"Niet brandend","Daglicht","Droog",\N,"168297092","Insulindeweg","Delft","Delft","Zuid-Holland",false,52.020639,4.355055,"injury","2","clear",false,1,"GM0503"
"20220219598",2022,"Uitsluitend materiele schade",2,"Personenauto","Fiets","Los voorwerp","Rotonde",50,"Niet brandend","Daglicht","Droog",\N,\N,"Amnesty Internationalln","Hellevoetsluis","Voorne aan Zee","Zuid-Holland",false,51.834118,4.131179,"material damage only","4","clear",false,1,"GM1992"
"20220221787",2022,"Uitsluitend materiele schade",2,"Snorfiets","Fiets","Onbekend","Rechte weg",30,"Brandend","Duisternis","Regen",\N,\N,"Burg van Walsumweg","Rotterdam","Rotterdam","Zuid-Holland",false,51.921161,4.493117,"material damage only","4","rain",false,1,"GM0599"
"20220224599",2022,"Uitsluitend materiele schade",2,"Fiets","Personenauto","Onbekend","Rotonde",50,"Niet brandend","Daglicht","Droog",\N,\N,"Pannenschuurlaan","Oisterwijk","Oisterwijk","Noord-Brabant",false,51.586324,5.176762,"material damage only","4","clear",false,1,"GM0824"
"20220227427",2022,"Letsel",2,"Fiets","Personenauto","Flank","Rotonde",50,"Niet brandend","Daglicht","Droog",\N,\N,"Rijnstraat","'s-Hertogenbosch","'s-Hertogenbosch","Noord-Brabant",false,51.690338,5.324287,"injury","2","clear",false,1,"GM0796"
"20220231580",2022,"Uitsluitend materiele schade",2,"Fiets","Personenauto","Flank","Kruispunt, 4 takken",30,"Niet brandend","Daglicht","Droog",\N,\N,"Overstraat","Munstergeleen","Sittard-Geleen","Limburg",false,50.974482,5.865856,"material damage only","4","clear",false,1,"GM1883"
"20220202525",2022,"Letsel",1,"Fiets",\N,"Eenzijdig","Kruispunt, 4 takken",50,"Niet brandend","Daglicht","Droog",\N,\N,"Hugo de Vriesweg","Almere","Almere","Flevoland",false,52.415026,5.280014,"injury","2","clear",false,1,"GM0034"
"20220206694",2022,"Uitsluitend materiele schade",2,"Bestelauto","e-bike","Flank","Rotonde",50,"Niet brandend","Daglicht","Droog",\N,\N,"Houtveldweg","Zaandam","Zaanstad","Noord-Holland",false,52.452141,4.799623,"material damage only","4","clear",false,1,"GM0479"
"20220211093",2022,"Uitsluitend materiele schade",3,"Bromfiets","Fiets","Onbekend","Kruispunt, 4 takken",50,"Brandend","Duisternis","Droog",\N,\N,"Stadhouderskade","Amsterdam","Amsterdam","Noord-Holland",false,52.357803,4.899292,"material damage only","4","clear",false,1,"GM0363"
"20220214691",2022,"Uitsluitend materiele schade",2,"Fiets","Fiets","Flank","Rechte weg",50,"Brandend","Duisternis","Droog",\N,"600649298","Loevesteinlaan","'s-Gravenhage","'s-Gravenhage","Zuid-Holland",false,52.046138,4.288206,"material damage only","4","clear",false,1,"GM0518"
"20220219668",2022,"Uitsluitend materiele schade",2,"Personenauto","Fiets","Flank","Kruispunt, 3 takken",50,"Niet brandend","Daglicht","Droog",\N,\N,"Mozartlaan","Maassluis","Maassluis","Zuid-Holland",false,51.925501,4.241878,"material damage only","4","clear",false,1,"GM0556"
"20220228338",2022,"Uitsluitend materiele schade",2,"Personenauto","Fiets","Flank","Kruispunt, 4 takken",80,"Niet brandend","Daglicht","Droog",\N,\N,"Zuid-Om","Gemert","Gemert-Bakel","Noord-Brabant",false,51.551816,5.705298,"material damage only","4","clear",false,1,"GM1652"
"20220207603",2022,"Letsel",2,"Bromfiets","Fiets","Flank",\N,30,"Niet brandend","Daglicht","Droog",\N,"234392015","Hoogaarslaan","Zaandam","Zaanstad","Noord-Holland",false,52.453371,4.833075,"injury","2","clear",false,1,"GM0479"
"20220219702",2022,"Letsel",2,"Personenauto","Fiets","Frontaal","Kruispunt, 4 takken",50,"Niet brandend","Daglicht","Droog",\N,\N,"Bilderdijkstraat","Rotterdam","Rotterdam","Zuid-Holland",false,51.91758,4.429988,"injury","2","clear",false,1,"GM0599"
"20220204183",2022,"Letsel",2,"Personenauto","Fiets","Flank","Rotonde",50,"Niet brandend","Daglicht","Droog",\N,\N,"Everard Meysterweg","Amersfoort","Amersfoort","Utrecht",false,52.144805,5.390534,"injury","2","clear",false,1,"GM0307"
"20220211839",2022,"Letsel",2,"Bromfiets","Fiets","Flank","Kruispunt, 4 takken",30,"Niet brandend","Daglicht","Droog",\N,\N,"Korte Prinsengracht","Amsterdam","Amsterdam","Noord-Holland",false,52.381591,4.889129,"injury","2","clear",false,1,"GM0363"
"20220220572",2022,"Uitsluitend materiele schade",2,"Bromfiets","Fiets","Flank","Rechte weg",50,"Brandend","Duisternis","Regen",\N,"600922341","1e Middellandstraat","Rotterdam","Rotterdam","Zuid-Holland",false,51.918877,4.461953,"material damage only","4","rain",false,1,"GM0599"
"20220223960",2022,"Uitsluitend materiele schade",2,"Personenauto","Fiets","Onbekend",\N,50,\N,"Duisternis",\N,\N,"209198026","Lage Vaartkant","Etten-Leur","Etten-Leur","Noord-Brabant",false,51.578841,4.66032,"material damage only","4","unknown",false,1,"GM0777"
"20220225697",2022,"Uitsluitend materiele schade",2,"Fiets","Personenauto","Flank","Rotonde",50,"Niet brandend","Schemer","Droog",\N,\N,"Dongewijkdreef","Tilburg","Tilburg","Noord-Brabant",false,51.578863,4.993293,"material damage only","4","clear",false,1,"GM0855"
"20220229186",2022,"Letsel",2,"Bromfiets","Fiets","Kop/staart","Rechte weg",60,"Niet brandend","Daglicht","Droog",\N,"600473234","Spottersweg","Eindhoven","Eindhoven","Noord-Brabant",false,51.467434,5.391827,"injury","2","clear",false,1,"GM0772"
"20220199280",2022,"Letsel",3,"Personenauto","Fiets","Onbekend","Rechte weg",50,"Niet brandend","Daglicht","Droog",\N,"385275050","Polseweg","Huissen","Lingewaard","Gelderland",false,51.925345,5.938065,"injury","2","clear",false,1,"GM1705"
"20220209359",2022,"Uitsluitend materiele schade",3,"e-bike","e-bike","Flank","Rotonde",50,"Niet brandend","Daglicht","Droog",\N,\N,"Dulleweg","Broek op Langedijk","Dijk en Waard","Noord-Holland",false,52.678991,4.796369,"material damage only","4","clear",false,1,"GM1980"
"20220211922",2022,"Uitsluitend materiele schade",3,"Personenauto","Fiets","Onbekend","Kruispunt, 4 takken",30,"Niet brandend","Daglicht","Droog",\N,\N,"Dolingadreef","Amsterdam","Amsterdam","Noord-Holland",false,52.325245,4.939933,"material damage only","4","clear",false,1,"GM0363"
"20220215541",2022,"Letsel",2,"Fiets","Fiets","Flank","Kruispunt, 3 takken",30,"Brandend","Duisternis","Droog",\N,\N,"Steenstraat","Leiden","Leiden","Zuid-Holland",false,52.162675,4.484609,"injury","2","clear",false,1,"GM0546"
"20220231821",2022,"Uitsluitend materiele schade",2,"Bestelauto","e-bike","Kop/staart","Rechte weg",30,"Niet brandend","Daglicht",\N,\N,"352127104","Aldenghoor","Weert","Weert","Limburg",false,51.261757,5.689281,"material damage only","4","unknown",false,1,"GM0988"
"20220231827",2022,"Uitsluitend materiele schade",2,"Personenauto","Fiets","Flank","Kruispunt, 4 takken",50,"Niet brandend","Daglicht","Droog",\N,\N,"Diependijkstraat","Venlo","Venlo","Limburg",false,51.3779,6.135885,"material damage only","4","clear",false,1,"GM0983"
"20220209434",2022,"Letsel",2,"Personenauto","e-bike","Flank","Kruispunt, 4 takken",50,"Niet brandend","Daglicht","Droog",\N,\N,"van Goghstraat","Heerhugowaard","Dijk en Waard","Noord-Holland",false,52.674352,4.851792,"injury","2","clear",false,1,"GM1980"
"20220210566",2022,"Uitsluitend materiele schade",2,"Fiets","e-bike","Flank","Rechte weg",50,"Niet brandend","Daglicht","Droog",\N,"600411746","Marnixstraat","Amsterdam","Amsterdam","Noord-Holland",false,52.368738,4.877949,"material damage only","4","clear",false,1,"GM0363"
"20220205055",2022,"Uitsluitend materiele schade",2,"Personenauto","Fiets","Onbekend","Kruispunt, 4 takken",30,"Brandend","Schemer","Droog",\N,\N,"Verlengde Fortlaan","Naarden","Gooise Meren","Noord-Holland",true,52.281155,5.151537,"material damage only","4","clear",false,1,"GM1942"
"20220211326",2022,"Letsel",1,"Fiets",\N,"Eenzijdig","Rechte weg",50,"Niet brandend","Daglicht","Droog",\N,"260360003","Aquamarin","Weesp","Amsterdam","Noord-Holland",false,52.310125,5.02584,"injury","2","clear",false,1,"GM0363"
"20220229311",2022,"Letsel",1,"Fiets",\N,"Eenzijdig","Kruispunt, 3 takken",\N,"Niet brandend","Daglicht","Regen",\N,\N,"Stadhuisplein","Eindhoven","Eindhoven","Noord-Brabant",false,51.435482,5.479512,"injury","2","rain",false,1,"GM0772"
"20220231940",2022,"Letsel",2,"Personenauto","Fiets","Flank","Rotonde",30,"Niet aanwezig","Daglicht","Droog",\N,\N,"Suffolkstraat","Nederweert","Nederweert","Limburg",false,51.292262,5.752143,"injury","2","clear",false,1,"GM0946"
"20220202868",2022,"Uitsluitend materiele schade",1,"Fiets",\N,"Onbekend","Rechte weg",30,"Niet brandend","Daglicht","Droog",\N,"292376005","Spoorbaanpad","Almere","Almere","Flevoland",false,52.382472,5.263457,"material damage only","4","clear",false,1,"GM0034"
"20220212047",2022,"Letsel",2,"Snorfiets","Fiets","Flank","Rechte weg",30,"Niet aanwezig","Daglicht","Droog",\N,"600920728","Julianaplein","Amsterdam","Amsterdam","Noord-Holland",false,52.346907,4.919188,"injury","2","clear",false,1,"GM0363"
"20220216436",2022,"Letsel",1,"Fiets",\N,"Eenzijdig","Rechte weg",30,"Niet brandend","Daglicht","Droog",\N,"600722127","Katwijkseweg","Wassenaar","Wassenaar","Zuid-Holland",false,52.151373,4.387431,"injury","2","clear",false,1,"GM0629"
"20220185423",2022,"Dodelijk",2,"Personenauto","e-bike","Flank","Kruispunt, 4 takken",50,"Niet brandend","Daglicht","Droog",\N,\N,"Kralingse Zoom","Rotterdam","Rotterdam","Zuid-Holland",false,51.914586,4.528188,"fatal","1","clear",false,1,"GM0599"
"20220208838",2022,"Letsel",3,"Fiets","Fiets","Frontaal","Bocht",30,"Niet brandend","Daglicht","Droog",\N,\N,"Schinkelwaard","Alkmaar","Alkmaar","Noord-Holland",false,52.642382,4.762978,"injury","2","clear",false,1,"GM0361"
"20220215742",2022,"Uitsluitend materiele schade",2,"Personenauto","Fiets","Onbekend","Kruispunt, 4 takken",50,"Brandend","Daglicht","Droog",\N,\N,"Oude Haagweg","'s-Gravenhage","'s-Gravenhage","Zuid-Holland",false,52.062913,4.259755,"material damage only","4","clear",false,1,"GM0518"
"20220221499",2022,"Letsel",2,"Personenauto","e-bike","Flank","Rotonde",50,"Niet brandend","Daglicht","Droog",\N,\N,"Argonautenweg","Rotterdam","Rotterdam","Zuid-Holland",false,51.960273,4.489546,"injury","2","clear",false,1,"GM0599"
"20220212151",2022,"Uitsluitend materiele schade",2,"Snorfiets","Fiets","Flank","Kruispunt, 4 takken",\N,"Brandend","Duisternis","Droog",\N,\N,"Prins Hendrikkade","Amsterdam","Amsterdam","Noord-Holland",false,52.376126,4.902942,"material damage only","4","clear",false,1,"GM0363"
"20220227989",2022,"Letsel",2,"Personenauto","Fiets","Flank","Kruispunt, 4 takken",80,"Niet brandend","Daglicht","Droog",\N,\N,"Bestseweg","Oirschot","Oirschot","Noord-Brabant",false,51.505847,5.342725,"injury","2","clear",false,1,"GM0823"
"20220202991",2022,"Uitsluitend materiele schade",2,"Personenauto","e-bike","Flank","Rotonde",50,"Niet brandend","Daglicht","Regen",\N,\N,"Van Randwijcklaan","Amersfoort","Amersfoort","Utrecht",false,52.164283,5.405382,"material damage only","4","rain",false,1,"GM0307"
"20220203802",2022,"Letsel",3,"Personenauto","Fiets","Frontaal","Rechte weg",60,"Niet aanwezig","Daglicht","Droog",\N,"258287005","Lekdijk oost","Lopikerkapel","Lopik","Utrecht",false,51.977647,5.031859,"injury","2","clear",false,1,"GM0331"
"20220204533",2022,"Letsel",2,"Bestelauto","e-bike","Flank","Kruispunt, 4 takken",30,"Niet brandend","Daglicht","Droog",\N,\N,"WITTEVROUWENBRUG","Utrecht","Utrecht","Utrecht",false,52.09504,5.126529,"injury","2","clear",false,1,"GM0344"
"20220209685",2022,"Letsel",3,"Personenauto","Fiets","Onbekend","Rotonde",50,"Niet brandend","Daglicht","Droog",\N,\N,"Heiligeweg","Krommenie","Zaanstad","Noord-Holland",false,52.502812,4.758059,"injury","2","clear",false,1,"GM0479"
"20220215133",2022,"Letsel",2,"Personenauto","Fiets","Frontaal","Kruispunt, 3 takken",50,"Niet brandend","Daglicht","Droog",\N,\N,"Dolomiet","Zoetermeer","Zoetermeer","Zuid-Holland",false,52.034968,4.4811,"injury","2","clear",false,1,"GM0637"
"20220217976",2022,"Uitsluitend materiele schade",1,"Fiets",\N,"Onbekend",\N,\N,\N,"Daglicht",\N,\N,"172312117","Liguster","Leidschendam","Leidschendam-Voorburg","Zuid-Holland",false,52.088248,4.385187,"material damage only","4","unknown",false,1,"GM1916"
"20220220196",2022,"Letsel",2,"Personenauto","e-bike","Flank","Rotonde",80,"Niet brandend","Daglicht","Droog",\N,\N,"Nieuweweg","Hellevoetsluis","Voorne aan Zee","Zuid-Holland",false,51.846713,4.166448,"injury","2","clear",false,1,"GM1992"
"20240133916",2024,"Letsel",2,"Fiets","Personenauto","Onbekend","Kruispunt, 4 takken",50,\N,"Daglicht",\N,\N,\N,"Zegwaartseweg","Zoetermeer","Zoetermeer","Zuid-Holland",false,52.065844,4.525234,"injury","2","unknown",false,1,"GM0637"
"20240137042",2024,"Letsel",2,"Fiets","Personenauto","Flank","Rechte weg",50,"Niet aanwezig","Daglicht","Droog",\N,"356027017","Köbbesweg","Maastricht","Eijsden-Margraten","Limburg",false,50.814464,5.71745,"injury","2","clear",false,1,"GM1903"
"20240140133",2024,"Uitsluitend materiele schade",2,"Fiets","Snorfiets","Frontaal","Rechte weg",50,"Niet brandend","Daglicht","Droog",\N,"276318062","Koningin Wilhelminaweg","Groenekan","De Bilt","Utrecht",false,52.123032,5.142878,"material damage only","4","clear",false,1,"GM0310"
"20240142605",2024,"Letsel",2,"Fiets","Voetganger","Voetganger","Rechte weg",80,"Niet brandend","Daglicht","Droog",\N,"600946504","Amersfoortseweg","Bosch en Duin","Zeist","Utrecht",false,52.106974,5.228509,"injury","2","clear",false,1,"GM0355"
"20240142626",2024,"Letsel",3,"Fiets","Fiets","Flank","Rechte weg",30,"Brandend","Schemer","Sneeuw/Hagel",\N,"600393333","Julianastraat","Purmerend","Purmerend","Noord-Holland",true,52.506369,4.947486,"injury","2","unknown",false,1,"GM0439"
"20240143689",2024,"Letsel",2,"Personenauto","Fiets","Frontaal","Rechte weg",30,"Niet aanwezig","Daglicht","Droog",\N,"157308001","Weimarstraat","'s-Gravenhage","'s-Gravenhage","Zuid-Holland",false,52.073402,4.276871,"injury","2","clear",false,1,"GM0518"
"20240139725",2024,"Letsel",2,"Fiets","Personenauto","Flank","Rotonde",50,"Niet aanwezig","Daglicht","Droog",\N,\N,"Bakboordswal","Groningen","Groningen","Groningen",false,53.234722,6.614715,"injury","2","clear",false,1,"GM0014"
"20240143187",2024,"Letsel",1,"Fiets",\N,"Kop/staart","Rechte weg",30,"Niet brandend","Daglicht","Droog",\N,"184333032","Lijtweg","Oegstgeest","Oegstgeest","Zuid-Holland",false,52.184036,4.470413,"injury","2","clear",false,1,"GM0579"
"20240139032",2024,"Uitsluitend materiele schade",2,"Personenauto","Fiets","Onbekend","Kruispunt, 4 takken",50,"Brandend","Daglicht","Regen",\N,\N,"Hoofdstraat","Velp","Rheden","Gelderland",false,51.99584,5.970069,"material damage only","4","rain",false,1,"GM0275"
"20240139876",2024,"Uitsluitend materiele schade",2,"Personenauto","Fiets","Onbekend","Rotonde",50,"Niet brandend","Daglicht","Droog",\N,\N,"Scandinaviëlaan","Emmeloord","Noordoostpolder","Flevoland",false,52.707819,5.740541,"material damage only","4","clear",false,1,"GM0171"
"20240144365",2024,"Uitsluitend materiele schade",2,"Snorfiets","Fiets","Onbekend","Kruispunt, 4 takken",30,"Brandend","Duisternis","Droog",\N,\N,"Wagenstraat","'s-Gravenhage","'s-Gravenhage","Zuid-Holland",false,52.07391,4.316889,"material damage only","4","clear",false,1,"GM0518"
"20240139085",2024,"Uitsluitend materiele schade",3,"Personenauto","Fiets","Frontaal","Bocht",50,"Brandend","Duisternis","Regen",\N,"484374059","V Rechteren Limpurgsngl","Almelo","Almelo","Overijssel",false,52.367173,6.671255,"material damage only","4","rain",false,1,"GM0141"
"20240140482",2024,"Uitsluitend materiele schade",2,"Fiets","Personenauto","Flank","Kruispunt, 4 takken",30,"Niet brandend","Daglicht","Regen",\N,\N,"Woolderweg","Borne","Borne","Overijssel",false,52.295333,6.758076,"material damage only","4","rain",false,1,"GM0147"
"20240134068",2024,"Letsel",1,"Fiets",\N,"Onbekend","Bocht",50,"Niet brandend","Daglicht","Droog",\N,"160310029","Prins Hendrikplein","'s-Gravenhage","'s-Gravenhage","Zuid-Holland",false,52.082063,4.294513,"injury","2","clear",false,1,"GM0518"
"20240141852",2024,"Uitsluitend materiele schade",2,"Personenauto","Fiets","Flank","Kruispunt, 4 takken",30,"Niet brandend","Daglicht","Droog",\N,\N,"Spreeuwenlaan","Schagen","Schagen","Noord-Holland",false,52.783359,4.784297,"material damage only","4","clear",false,1,"GM0441"
"20240134127",2024,"Letsel",2,"Personenauto","Fiets","Onbekend","Kruispunt, 4 takken",30,"Niet brandend","Daglicht","Droog",\N,\N,"Waterloop","Amsterdam","Amsterdam","Noord-Holland",false,52.384023,4.870093,"injury","2","clear",false,1,"GM0363"
"20240136003",2024,"Letsel",2,"Fiets","Personenauto","Flank","Kruispunt, 4 takken",50,"Brandend","Duisternis","Droog",\N,\N,"Vasteland","Rotterdam","Rotterdam","Zuid-Holland",false,51.91221,4.481896,"injury","2","clear",false,1,"GM0599"
"20240138503",2024,"Letsel",2,"Fiets","Fiets","Onbekend","Bocht",60,"Niet brandend","Duisternis","Droog",\N,"353268002","Horstweg","Dodewaard","Neder-Betuwe","Gelderland",false,51.900418,5.703971,"injury","2","clear",false,1,"GM1740"
"20240141902",2024,"Letsel",2,"Fiets","Bromfiets","Flank","Kruispunt, 3 takken",30,"Niet brandend","Daglicht","Droog",\N,\N,"'t Kleine Loopveld","Amsterdam","Amsterdam","Noord-Holland",false,52.321901,4.862999,"injury","2","clear",false,1,"GM0363"
"20240143341",2024,"Uitsluitend materiele schade",2,"Personenauto","Fiets","Onbekend","Rechte weg",30,"Niet brandend","Daglicht","Droog",\N,"191330038","Zijlstroom","Leiderdorp","Leiderdorp","Zuid-Holland",false,52.170315,4.519054,"material damage only","4","clear",false,1,"GM0547"
"20240150376",2024,"Letsel",1,"Fiets",\N,"Eenzijdig","Rotonde",50,"Niet brandend","Daglicht","Regen",\N,\N,"Piet Smitstraat","Enkhuizen","Enkhuizen","Noord-Holland",false,52.712452,5.282838,"injury","2","rain",false,1,"GM0388"
"20240150565",2024,"Letsel",2,"Fiets","Fiets","Frontaal","Bocht",30,"Brandend","Schemer","Droog",\N,\N,"Slotlaan","Nederhorst den Berg","Wijdemeren","Noord-Holland",false,52.256852,5.04352,"injury","2","clear",false,1,"GM1696"
"20240141188",2024,"Uitsluitend materiele schade",2,"Bromfiets","Fiets","Flank","Rechte weg",50,"Niet brandend","Daglicht","Regen",\N,"600832613","St. Annastraat","Nijmegen","Nijmegen","Gelderland",false,51.831429,5.858392,"material damage only","4","rain",false,1,"GM0268"
"20240144506",2024,"Uitsluitend materiele schade",3,"Personenauto","Fiets","Vast voorwerp","Rotonde",50,"Niet brandend","Daglicht","Droog",\N,\N,"Dubbeldamseweg Zuid","Dordrecht","Dordrecht","Zuid-Holland",false,51.803518,4.676914,"material damage only","4","clear",false,1,"GM0505"
"20240148779",2024,"Uitsluitend materiele schade",2,"Personenauto","Fiets","Onbekend","Kruispunt, 3 takken",30,"Brandend","Duisternis",\N,\N,\N,"Christiaan Geurtsweg","Apeldoorn","Apeldoorn","Gelderland",false,52.204984,5.955997,"material damage only","4","unknown",false,1,"GM0200"
"20240148816",2024,"Letsel",2,"Personenauto","Fiets","Onbekend","Kruispunt, 3 takken",50,"Niet brandend","Daglicht","Droog",\N,\N,"Groenedijk","Sneek","Súdwest-Fryslân","Friesland",false,53.038122,5.67635,"injury","2","clear",false,1,"GM1900"
"20240135445",2024,"Uitsluitend materiele schade",2,"Personenauto","Fiets","Flank","Rotonde",50,"Niet brandend","Daglicht","Droog",\N,\N,"Brugweg","Zwijndrecht","Zwijndrecht","Zuid-Holland",false,51.813388,4.642244,"material damage only","4","clear",false,1,"GM0642"
"20240136702",2024,"Uitsluitend materiele schade",2,"Personenauto","Fiets","Flank","Kruispunt, 3 takken",50,"Niet brandend","Daglicht","Regen",\N,\N,"De Run","Veldhoven","Veldhoven","Noord-Brabant",false,51.413008,5.425704,"material damage only","4","rain",false,1,"GM0861"
"20240141204",2024,"Letsel",3,"Personenauto","Fiets","Flank","Kruispunt, 3 takken",30,"Niet brandend","Daglicht","Droog",\N,\N,"Jeroen Boschstraat","Ommen","Ommen","Overijssel",false,52.529652,6.428629,"injury","2","clear",false,1,"GM0175"
"20240149042",2024,"Uitsluitend materiele schade",2,"Bestelauto","Fiets","Flank","Rechte weg",30,"Niet brandend","Schemer","Droog",\N,"389336077","Adelaarslaan","Apeldoorn","Apeldoorn","Gelderland",false,52.201555,5.965328,"material damage only","4","clear",false,1,"GM0200"
"20240138013",2024,"Uitsluitend materiele schade",2,"Snorfiets","Fiets","Frontaal","Rechte weg",\N,"Niet brandend","Schemer","Droog",\N,"339299014","Schutterweg","Ede","Ede","Gelderland",false,52.033712,5.603467,"material damage only","4","clear",false,1,"GM0228"
"20240147674",2024,"Letsel",1,"Fiets",\N,"Onbekend","Kruispunt, 4 takken",50,"Brandend","Duisternis",\N,\N,"256200060","Bijsterveldenlaan","Tilburg","Tilburg","Noord-Brabant",false,51.589751,5.001377,"injury","2","unknown",false,1,"GM0855"
"20240138681",2024,"Uitsluitend materiele schade",2,"Personenauto","e-bike","Onbekend","Kruispunt, 4 takken",30,"Niet brandend","Daglicht","Droog",\N,\N,"Winkelsteegseweg","Nijmegen","Nijmegen","Gelderland",false,51.811838,5.824897,"material damage only","4","clear",false,1,"GM0268"
"20240139279",2024,"Uitsluitend materiele schade",2,"Personenauto","Fiets","Flank","Rechte weg",30,"Brandend","Duisternis","Droog",\N,"601219903","Prinsengracht","Meppel","Meppel","Drenthe",false,52.696199,6.194282,"material damage only","4","clear",false,1,"GM0119"
"20240145226",2024,"Letsel",4,"Personenauto","Fiets","Onbekend",\N,15,\N,"Daglicht",\N,\N,"161166012","de Narcis","Hoogerheide","Woensdrecht","Noord-Brabant",false,51.4322,4.317275,"injury","2","unknown",false,1,"GM0873"