"accident_id","year","severity_raw","party_count","party1_type","party2_type","accident_type","road_situation","speed_limit_kmh","road_lighting","light_condition_label","weather_raw","infra_type","road_segment_id","street_name","place_name","gemeente_name_raw","province","alcohol_indicated","latitude","longitude","severity_label","severity_code","weather_label","built_up_area","cyclists_involved","gemeente_code"
"20240143051",2024,"Letsel",2,"Fiets","Fiets","Onbekend","Rechte weg",60,"Niet aanwezig","Daglicht","Droog",\N,"191344006","Oude Herenweg","Voorhout","Teylingen","Zuid-Holland",false,52.238769,4.523695,"injury","2","clear",false,1,"GM1525"
"20240148283",2024,"Uitsluitend materiele schade",2,"Fiets","Personenauto","Flank","Kruispunt, 4 takken",30,"Niet brandend","Daglicht","Regen",\N,\N,"Hoflaan","Dieren","Rheden","Gelderland",false,52.041261,6.10373,"material damage only","4","rain",false,1,"GM0275"
"20240143642",2024,"Letsel",2,"Fiets","Personenauto","Geparkeerd voertuig","Rechte weg",30,"Niet brandend","Daglicht","Droog",\N,"166310043","2e Louise de Colignystr","'s-Gravenhage","'s-Gravenhage","Zuid-Holland",false,52.081664,4.337975,"injury","2","clear",false,1,"GM0518"
"20240144186",2024,"Letsel",2,"Fiets","Personenauto","Flank","Kruispunt, 4 takken",50,"Niet brandend","Daglicht","Regen",\N,\N,"Vierlinghlaan","Leiden","Leiden","Zuid-Holland",false,52.160728,4.463032,"injury","2","rain",false,1,"GM0546"
"20240146718",2024,"Letsel",1,"Fiets",\N,"Onbekend","Rechte weg",60,"Niet aanwezig","Daglicht","Droog",\N,"354115001","Wijffelterbroekdijk","Weert","Weert","Limburg",false,51.209383,5.708011,"injury","2","clear",false,1,"GM0988"
"20240146963",2024,"Uitsluitend materiele schade",2,"Snorfiets","Fiets","Onbekend","Kruispunt, 3 takken",30,"Brandend","Duisternis","Droog",\N,\N,"Rogier van der Weydenstr","'s-Hertogenbosch","'s-Hertogenbosch","Noord-Brabant",false,51.696926,5.326402,"material damage only","4","clear",false,1,"GM0796"
"20240144244",2024,"Letsel",2,"Fiets","Personenauto","Flank","Kruispunt, 4 takken",50,"Niet brandend","Daglicht","Droog",\N,\N,"Koningin Emmalaan","Delft","Delft","Zuid-Holland",false,52.00602,4.381786,"injury","2","clear",false,1,"GM0503"
"20240148926",2024,"Letsel",1,"Fiets",\N,"Onbekend","Rechte weg",50,"Niet brandend","Daglicht","Regen",\N,"601146274","Van Remagenlaan","Arnhem","Arnhem","Gelderland",false,51.992408,5.949176,"injury","2","rain",false,1,"GM0202"
"20240133876",2024,"Letsel",1,"Fiets",\N,"Onbekend","Kruispunt, 4 takken",50,"Brandend","Schemer","Droog","Bus-/Tramhalte",\N,"Eisenhowerlaan","Alphen aan den Rijn","Alphen aan den Rijn","Zuid-Holland",false,52.148815,4.658783,"injury","2","clear",false,1,"GM0484"
"20240134494",2024,"Letsel",2,"Fiets","Personenauto","Flank","Kruispunt, 3 takken",30,"Niet brandend","Daglicht","Droog",\N,\N,"Goudsbloemstraat","Alblasserdam","Alblasserdam","Zuid-Holland",false,51.868216,4.656059,"injury","2","clear",false,1,"GM0482"
"20240138919",2024,"Letsel",2,"Personenauto","Fiets","Flank","Kruispunt, 4 takken",30,"Niet brandend","Daglicht","Droog",\N,\N,"De Haar","Ammerzoden","Maasdriel","Gelderland",false,51.748255,5.226957,"injury","2","clear",false,1,"GM0263"
"20240147570",2024,"Letsel",3,"Fiets","Personenauto","Flank","Rechte weg",30,"Niet brandend","Daglicht","Droog",\N,"394111035","Julianastraat","Roermond","Roermond","Limburg",false,51.188575,5.995092,"injury","2","clear",false,1,"GM0957"
"20240149199",2024,"Uitsluitend materiele schade",2,"Fiets","Snorfiets","Onbekend",\N,\N,\N,"Daglicht",\N,\N,"501352002","Burg van der Dussenplein","Hengelo","Hengelo (O)","Overijssel",false,52.266359,6.792813,"material damage only","4","unknown",false,1,\N
"20240149304",2024,"Letsel",2,"Fiets","Personenauto","Flank","Rotonde",50,"Niet aanwezig","Daglicht","Droog",\N,\N,"Milligerlaan","Zwolle","Zwolle","Overijssel",false,52.538929,6.054665,"injury","2","clear",false,1,"GM0193"
"20240150009",2024,"Uitsluitend materiele schade",2,"Personenauto","Fiets","Onbekend","Rechte weg",60,"Brandend","Daglicht","Droog",\N,"453524002","Asserstraat","Zuidvelde","Noordenveld","Drenthe",false,53.042574,6.459935,"material damage only","4","clear",false,1,"GM1699"
"20240009546",2024,"Uitsluitend materiele schade",2,"Personenauto","Fiets","Flank","Rotonde",50,"Niet brandend","Daglicht","Regen",\N,\N,"Laan van Borgele","Deventer","Deventer","Overijssel",false,52.274996,6.155655,"material damage only","4","rain",false,1,"GM0150"
"20240013207",2024,"Dodelijk",2,"Bestelauto","Fiets","Flank","Kruispunt, 4 takken",50,"Brandend","Duisternis","Droog",\N,\N,"Segbroeklaan","'s-Gravenhage","'s-Gravenhage","Zuid-Holland",true,52.07973,4.263511,"fatal","1","clear",false,1,"GM0518"
"20240153602",2024,"Uitsluitend materiele schade",2,"Fiets","Personenauto","Onbekend","Rechte weg, gescheiden rijbanen",30,"Brandend","Duisternis","Droog",\N,"600762052","De Clercqstraat","Amsterdam","Amsterdam","Noord-Holland",false,52.371626,4.873245,"material damage only","4","clear",false,1,"GM0363"
"20230111086",2023,"Letsel",2,"Personenauto","Fiets","Frontaal","Kruispunt, 4 takken",30,"Niet brandend","Daglicht","Droog",\N,\N,"Burgemeester Banninglaan","Leidschendam","Leidschendam-Voorburg","Zuid-Holland",false,52.090116,4.385754,"injury","2","clear",false,1,"GM1916"
"20240007657",2024,"Uitsluitend materiele schade",2,"Bus","Fiets","Flank","Rotonde",50,"Brandend","Schemer","Droog",\N,\N,"Australiëlaan","Alphen aan den Rijn","Alphen aan den Rijn","Zuid-Holland",false,52.125924,4.65285,"material damage only","4","clear",false,1,"GM0484"
"20240009573",2024,"Letsel",2,"Personenauto","Fiets","Flank","Kruispunt, 3 takken",50,"Niet brandend","Daglicht","Droog",\N,\N,"Abraham Kuypersingel","Hoogezand","Midden-Groningen","Groningen",false,53.152246,6.760512,"injury","2","clear",false,1,"GM1952"
"20240152951",2024,"Uitsluitend materiele schade",2,"Fiets","Personenauto","Flank","Rotonde",50,"Niet brandend","Daglicht","Droog",\N,\N,"Muiderstraatweg","Diemen","Diemen","Noord-Holland",false,52.330165,5.001457,"material damage only","4","clear",false,1,"GM0384"
"20240005486",2024,"Letsel",2,"Fiets","Fiets","Onbekend","Rechte weg",50,"Brandend","Duisternis","Droog",\N,"222431029","Kennemerstraatweg","Alkmaar","Alkmaar","Noord-Holland",false,52.628699,4.74163,"injury","2","clear",false,1,"GM0361"
"20240007707",2024,"Letsel",1,"Fiets",\N,"Onbekend","Rechte weg",\N,"Niet brandend","Daglicht","Droog","Tunnel","209325003","Dijkslootpad","Alphen aan den Rijn","Alphen aan den Rijn","Zuid-Holland",false,52.150989,4.656048,"injury","2","clear",false,1,"GM0484"
"20240012491",2024,"Letsel",1,"Fiets",\N,"Onbekend","Rechte weg",\N,"Niet aanwezig","Daglicht","Droog",\N,"209321055","Prins Bernhardlaan","Alphen aan den Rijn","Alphen aan den Rijn","Zuid-Holland",false,52.132258,4.656971,"injury","2","clear",false,1,"GM0484"
"20240019246",2024,"Uitsluitend materiele schade",2,"Personenauto","Fiets","Flank","Kruispunt, 4 takken",30,"Niet brandend","Daglicht","Droog",\N,\N,"Nachtegaallaan","Maartensdijk","De Bilt","Utrecht",false,52.15524,5.174098,"material damage only","4","clear",false,1,"GM0310"
"20240019484",2024,"Uitsluitend materiele schade",2,"Personenauto","Fiets","Flank","Kruispunt, 3 takken",30,"Niet brandend","Daglicht","Droog",\N,\N,"Bergweg","Zeist","Zeist","Utrecht",false,52.098656,5.249058,"material damage only","4","clear",false,1,"GM0355"
"20240154856",2024,"Uitsluitend materiele schade",2,"Personenauto","Fiets","Flank","Kruispunt, 4 takken",50,"Brandend","Schemer","Droog",\N,\N,"Raaphorstlaan","'s-Gravenhage","'s-Gravenhage","Zuid-Holland",false,52.046989,4.297665,"material damage only","4","clear",false,1,"GM0518"
"20230111139",2023,"Letsel",2,"Fiets",\N,"Eenzijdig","Kruispunt, 4 takken",30,"Niet brandend","Daglicht","Droog",\N,\N,"0411 BRUG","Amsterdam","Amsterdam","Noord-Holland",false,52.348904,4.859835,"injury","2","clear",false,1,"GM0363"
"20230113548",2023,"Letsel",1,"Fiets",\N,"Eenzijdig","Rechte weg",60,"Niet brandend","Daglicht","Droog",\N,"600944829","Westelijke Randweg","Lisse","Lisse","Zuid-Holland",false,52.263145,4.550444,"injury","2","clear",false,1,"GM0553"
"20240000733",2024,"Uitsluitend materiele schade",2,"Personenauto","Fiets","Onbekend","Rechte weg",50,"Brandend","Duisternis","Droog",\N,"601112931","1e Middellandstraat","Rotterdam","Rotterdam","Zuid-Holland",false,51.918772,4.462275,"material damage only","4","clear",false,1,"GM0599"
"20240005522",2024,"Letsel",2,"Bestelauto","Fiets","Flank","Rotonde",50,"Niet brandend","Daglicht","Droog",\N,\N,"Zwemmerslaan","Haarlem","Haarlem","Noord-Holland",false,52.354751,4.64437,"injury","2","clear",false,1,"GM0392"
"20230112935",2023,"Letsel",2,"Bestelauto","Fiets","Flank","Kruispunt, 3 takken",50,"Niet brandend","Daglicht","Regen",\N,\N,"Galderie","Naaldwijk","Westland","Zuid-Holland",false,51.9994,4.215625,"injury","2","rain",false,1,"GM1783"
"20240008646",2024,"Uitsluitend materiele schade",2,"Bromfiets","Fiets","Frontaal","Kruispunt, 3 takken",50,"Niet brandend","Daglicht","Droog",\N,\N,"Stationsplein","Hengelo","Hengelo (O)","Overijssel",false,52.262409,6.792495,"material damage only","4","clear",false,1,\N
"20240008210",2024,"Uitsluitend materiele schade",2,"Snorfiets","Fiets","Flank","Rechte weg",\N,"Niet brandend","Daglicht","Droog",\N,"244371108","Mauritskade","Amsterdam","Amsterdam","Noord-Holland",false,52.360078,4.908666,"material damage only","4","clear",false,1,"GM0363"
"20240011997",2024,"Letsel",2,"Fiets","e-bike","Frontaal","Kruispunt, 4 takken",80,"Brandend","Duisternis","Droog",\N,\N,"Poeldijkseweg","'s-Gravenhage","'s-Gravenhage","Zuid-Holland",false,52.028456,4.256173,"injury","2","clear",false,1,"GM0518"
"20240010158",2024,"Letsel",2,"Personenauto","Fiets","Onbekend",\N,30,\N,"Duisternis",\N,\N,"346523082","Jancko Douwamastraat","Sneek","Súdwest-Fryslân","Friesland",false,53.041558,5.6579,"injury","2","unknown",false,1,"GM1900"
"20240156119",2024,"Uitsluitend materiele schade",2,"Personenauto","Fiets","Onbekend",\N,\N,\N,"Daglicht",\N,\N,"226205048","Stabroekstraat","Breda","Breda","Noord-Brabant",false,51.610027,4.787652,"material damage only","4","unknown",false,1,"GM0758"
"20240002997",2024,"Letsel",2,"Personenauto","Fiets","Flank","Kruispunt, 3 takken",30,"Niet brandend","Daglicht","Droog",\N,\N,"Tinie de Munnikstraat","Drunen","Heusden","Noord-Brabant",false,51.689832,5.140191,"injury","2","clear",false,1,"GM0797"
"20240017779",2024,"Uitsluitend materiele schade",2,"Fiets","Fiets","Onbekend","Rechte weg",50,"Niet brandend","Daglicht","Droog",\N,"600584067","Veemarktpad","Assen","Assen","Drenthe",false,52.99718,6.570859,"material damage only","4","clear",false,1,"GM0106"
"20240019306",2024,"Letsel",2,"Fiets","Fiets","Frontaal","Kruispunt, 3 takken",30,"Brandend","Schemer","Droog",\N,\N,"Heelkruid","Amersfoort","Amersfoort","Utrecht",false,52.200697,5.37835,"injury","2","clear",false,1,"GM0307"
"20240152550",2024,"Letsel",1,"Fiets",\N,"Onbekend","Kruispunt, 4 takken",50,"Niet brandend","Daglicht","Droog",\N,\N,"Middenweg","Heerhugowaard","Dijk en Waard","Noord-Holland",false,52.662947,4.83277,"injury","2","clear",false,1,"GM1980"
"20240153187",2024,"Uitsluitend materiele schade",2,"Fiets","Fiets","Onbekend","Rechte weg",\N,"Brandend","Duisternis","Droog",\N,"233446005","Langebalkweg","Zuid-Scharwoude","Dijk en Waard","Noord-Holland",false,52.696086,4.8229,"material damage only","4","clear",false,1,"GM1980"
"20230112524",2023,"Letsel",1,"Fiets",\N,"Eenzijdig","Rechte weg",50,"Brandend","Duisternis","Droog",\N,"600535732","Soestdijksekade","'s-Gravenhage","'s-Gravenhage","Zuid-Holland",false,52.0602,4.287581,"injury","2","clear",false,1,"GM0518"
"20240002257",2024,"Uitsluitend materiele schade",2,"Personenauto","Fiets","Flank","Kruispunt, 4 takken",30,"Niet brandend","Daglicht","Droog",\N,\N,"Mgr de Haasstraat","Eersel","Eersel","Noord-Brabant",false,51.359733,5.323018,"material damage only","4","clear",false,1,"GM0770"
"20240005704",2024,"Letsel",2,"Personenauto","Fiets","Onbekend","Kruispunt, 4 takken",80,"Brandend","Duisternis","Droog",\N,\N,"Dolderseweg","Den Dolder","Zeist","Utrecht",false,52.147421,5.236966,"injury","2","clear",false,1,"GM0355"
"20240012880",2024,"Uitsluitend materiele schade",2,"Personenauto","Fiets","Flank","Kruispunt, 3 takken",30,"Brandend","Duisternis","Regen",\N,\N,"Willem Schermerhornstr","Amsterdam","Amsterdam","Noord-Holland",false,52.382514,4.803136,"material damage only","4","rain",false,1,"GM0363"
"20240018982",2024,"Letsel",1,"Fiets",\N,"Onbekend","Rechte weg",50,"Niet brandend","Daglicht","Droog",\N,"198348015","Lisserdijk","Lisserbroek","Haarlemmermeer","Noord-Holland",false,52.254889,4.569273,"injury","2","clear",false,1,"GM0394"
"20240019001",2024,"Uitsluitend materiele schade",2,"Fiets","Fiets","Flank","Kruispunt, 4 takken",30,"Niet brandend","Daglicht",\N,\N,\N,"HERENBRUG","Utrecht","Utrecht","Utrecht",false,52.090028,5.127386,"material damage only","4","unknown",false,1,"GM0344"
"20240013586",2024,"Letsel",2,"Personenauto","Fiets","Flank","Rotonde",50,"Niet brandend","Daglicht","Regen",\N,\N,"Julianalaan","Overveen","Bloemendaal","Noord-Holland",false,52.392077,4.609854,"injury","2","rain",false,1,"GM0377"
"20230113115",2023,"Letsel",2,"Personenauto","Fiets","Flank","Kruispunt, 4 takken",50,"Brandend","Duisternis","Regen",\N,"600115744","Haagse Schouwweg","Leiden","Leiden","Zuid-Holland",false,52.164095,4.459034,"injury","2","rain",false,1,"GM0546"
"20240023644",2024,"Uitsluitend materiele schade",2,"Fiets","Fiets","Flank","Rechte weg",50,"Niet brandend","Daglicht","Droog",\N,"600726039","Weteringkade","Noordwijk","Noordwijk","Zuid-Holland",false,52.239048,4.445162,"material damage only","4","clear",false,1,"GM0575"
"20240023647",2024,"Uitsluitend materiele schade",1,"Fiets",\N,"Eenzijdig","Rechte weg",50,"Niet brandend","Daglicht","Droog",\N,"600945226","Schilkerweg","Ter Aar","Nieuwkoop","Zuid-Holland",false,52.181875,4.730729,"material damage only","4","clear",false,1,"GM0569"
"20240023767",2024,"Letsel",2,"e-bike","Personenauto","Flank","Kruispunt, 4 takken",50,"Brandend","Duisternis","Droog",\N,\N,"Elandstraat","'s-Gravenhage","'s-Gravenhage","Zuid-Holland",false,52.078574,4.292358,"injury","2","clear",false,1,"GM0518"
"20230110808",2023,"Uitsluitend materiele schade",1,"Fiets",\N,"Onbekend","Kruispunt, 4 takken",50,"Brandend","Duisternis","Regen",\N,\N,"Raadhuislaan","Oss","Oss","Noord-Brabant",false,51.765218,5.525168,"material damage only","4","rain",false,1,"GM0828"
"20230111987",2023,"Uitsluitend materiele schade",2,"Fiets","Personenauto","Onbekend","Kruispunt, 4 takken",30,"Niet brandend","Schemer","Droog",\N,\N,"Andersensingel","Amsterdam","Amsterdam","Noord-Holland",false,52.322275,4.945493,"material damage only","4","clear",false,1,"GM0363"
"20240011084",2024,"Uitsluitend materiele schade",2,"Bromfiets","Fiets","Kop/staart","Kruispunt, 3 takken",30,"Niet brandend","Daglicht","Droog",\N,\N,"Middenweg","Heerhugowaard","Dijk en Waard","Noord-Holland",false,52.660158,4.827773,"material damage only","4","clear",false,1,"GM1980"
"20240012196",2024,"Letsel",1,"Fiets",\N,"Eenzijdig","Rechte weg",50,"Niet aanwezig","Daglicht","Droog",\N,"178299003","Floriadepad","Pijnacker","Pijnacker-Nootdorp","Zuid-Holland",false,52.035163,4.438513,"injury","2","clear",false,1,"GM1926"
"20240012212",2024,"Uitsluitend materiele schade",2,"Fiets","Fiets","Frontaal","Rechte weg",30,"Niet brandend","Daglicht","Droog",\N,"241371042","1e Jacob van Campenstr","Amsterdam","Amsterdam","Noord-Holland",false,52.357546,4.88789,"material damage only","4","clear",false,1,"GM0363"
"20240013488",2024,"Letsel",2,"Personenauto","Fiets","Frontaal","Kruispunt, 4 takken",50,"Niet brandend","Daglicht","Droog",\N,\N,"Hengelolaan","'s-Gravenhage","'s-Gravenhage","Zuid-Holland",false,52.05257,4.278542,"injury","2","clear",false,1,"GM0518"
"20240014510",2024,"Letsel",2,"Personenauto","Fiets","Flank","Rechte weg",50,"Niet brandend","Daglicht","Regen",\N,"600766751","Touwbaan","Gorinchem","Gorinchem","Zuid-Holland",false,51.832564,4.96613,"injury","2","rain",false,1,"GM0512"
"20240152002",2024,"Letsel",2,"Bromfiets","Fiets","Onbekend","Rechte weg",30,"Brandend","Duisternis","Droog",\N,"600736514","Hoofdstraat","Hillegom","Hillegom","Zuid-Holland",false,52.289311,4.577337,"injury","2","clear",false,1,"GM0534"
"20240152641",2024,"Letsel",1,"Fiets",\N,"Eenzijdig","Rechte weg",30,"Brandend","Duisternis","Droog",\N,"600373167","Van Hogendorpstraat","Wassenaar","Wassenaar","Zuid-Holland",false,52.144673,4.393819,"injury","2","clear",false,1,"GM0629"
"20240157503",2024,"Uitsluitend materiele schade",2,"Fiets","Fiets","Onbekend","Rechte weg",50,"Niet aanwezig","Daglicht","Droog",\N,"298222142","Hinthamerstraat","'s-Hertogenbosch","'s-Hertogenbosch","Noord-Brabant",false,51.688948,5.306195,"material damage only","4","clear",false,1,"GM0796"
"20240153370",2024,"Letsel",2,"Personenauto","e-bike","Flank","Kruispunt, 3 takken",60,"Niet brandend","Daglicht","Regen",\N,\N,"Klein Dorregeest","Uitgeest","Uitgeest","Noord-Holland",false,52.546119,4.723487,"injury","2","rain",false,1,"GM0450"
"20240154662",2024,"Letsel",2,"Fiets","Fiets","Kop/staart","Rechte weg",50,"Brandend","Schemer","Droog",\N,"601214883","FIETSPAD","Rotterdam","Rotterdam","Zuid-Holland",false,51.916705,4.496142,"injury","2","clear",false,1,"GM0599"
"20240154900",2024,"Letsel",2,"Fiets","Voetganger","Voetganger","Rechte weg",60,"Niet aanwezig","Daglicht","Regen",\N,"169328001","De Wassenaarse Slag","Wassenaar","Wassenaar","Zuid-Holland",false,52.160452,4.373067,"injury","2","rain",false,1,"GM0629"
"20240018190",2024,"Letsel",2,"Fiets","Personenauto","Flank","Kruispunt, 3 takken",50,"Niet brandend","Daglicht","Droog",\N,\N,"S.O.J. Palmelaan","Groningen","Groningen","Groningen",false,53.191759,6.557686,"injury","2","clear",false,1,"GM0014"
"20240152745",2024,"Letsel",2,"Fiets","Fiets","Flank","Kruispunt, 4 takken",30,"Brandend","Duisternis","Droog",\N,\N,"Romerkerkweg","Beverwijk","Beverwijk","Noord-Holland",false,52.485286,4.650753,"injury","2","clear",false,1,"GM0375"
"20230112675",2023,"Letsel",2,"Fiets","Fiets","Onbekend","Rechte weg",50,"Brandend","Duisternis","Droog",\N,"191326133","MATILOTUNNEL","Leiden","Leiden","Zuid-Holland",false,52.152213,4.520949,"injury","2","clear",false,1,"GM0546"
"20240016907",2024,"Letsel",2,"Fiets","Fiets","Onbekend","Rechte weg",50,"Niet brandend","Daglicht","Droog",\N,"433282024","Fabriekstraat","Doetinchem","Doetinchem","Gelderland",false,51.954269,6.290516,"injury","2","clear",false,1,"GM0222"
"20240152770",2024,"Uitsluitend materiele schade",2,"Personenauto","Fiets","Flank","Bocht",30,"Brandend","Duisternis","Droog","Brug/viaduct","600123996","Amstel","Amsterdam","Amsterdam","Noord-Holland",true,52.366584,4.899999,"material damage only","4","clear",false,1,"GM0363"
"20230112741",2023,"Letsel",2,"Bromfiets","Fiets","Flank","Kruispunt, 3 takken",30,"Niet brandend","Daglicht","Droog",\N,\N,"Parkdreef","Zoetermeer","Zoetermeer","Zuid-Holland",false,52.064502,4.512984,"injury","2","clear",false,1,"GM0637"
"20240016285",2024,"Uitsluitend materiele schade",2,"Bestelauto","Fiets","Flank","Rotonde",50,"Niet brandend","Daglicht","Droog",\N,\N,"Helftheuvelweg","'s-Hertogenbosch","'s-Hertogenbosch","Noord-Brabant",false,51.697258,5.266682,"material damage only","4","clear",false,1,"GM0796"
"20240017177",2024,"Letsel",1,"Fiets",\N,"Eenzijdig","Rechte weg",50,"Niet brandend","Daglicht","Regen",\N,"600857269","Rielerweg","Deventer","Deventer","Overijssel",false,52.259774,6.189755,"injury","2","rain",false,1,"GM0150"
"20240021933",2024,"Letsel",2,"Bus","Fiets","Flank","Rechte weg",50,"Niet brandend","Daglicht","Droog",\N,\N,"Buspassage Oost","Breda","Breda","Noord-Brabant",false,51.596092,4.783588,"injury","2","clear",false,1,"GM0758"
"20240152162",2024,"Letsel",2,"Personenauto","e-bike","Frontaal","Rechte weg",30,"Niet brandend","Daglicht","Regen",\N,"234372138","Jan Tooropstraat","Amsterdam","Amsterdam","Noord-Holland",false,52.36092,4.836585,"injury","2","rain",false,1,"GM0363"
"20240153512",2024,"Letsel",2,"Personenauto","Fiets","Geparkeerd voertuig","Rechte weg",30,"Niet brandend","Daglicht","Regen",\N,"218439019","Pinksterbloemweg","Bergen (NH)","Bergen (NH)","Noord-Holland",false,52.662188,4.710625,"injury","2","rain",false,1,\N
"20240024745",2024,"Letsel",2,"Fiets","Voetganger","Voetganger","Kruispunt, 3 takken",50,"Niet brandend","Daglicht","Droog","Brug/viaduct",\N,"FIETSPAD","Katwijk NB","Land van Cuijk","Noord-Brabant",false,51.753957,5.869345,"injury","2","clear",false,1,"GM1982"
"20230110420",2023,"Letsel",2,"Bestelauto","Fiets","Onbekend","Kruispunt, 4 takken",50,"Brandend","Daglicht","Droog",\N,\N,"Saksenweg","Oss","Oss","Noord-Brabant",false,51.759096,5.564201,"injury","2","clear",false,1,"GM0828"
"20230112794",2023,"Letsel",1,"Fiets",\N,"Eenzijdig","Rechte weg",30,"Brandend","Duisternis","Droog",\N,"155308040","Klimopstraat","'s-Gravenhage","'s-Gravenhage","Zuid-Holland",false,52.073562,4.260506,"injury","2","clear",false,1,"GM0518"
"20240027473",2024,"Letsel",1,"Fiets",\N,"Onbekend","Rechte weg",30,"Niet brandend","Daglicht","Droog",\N,"458563015","Kerkstraat","Groningen","Groningen","Groningen",false,53.217473,6.500579,"injury","2","clear",false,1,"GM0014"
"20230028290",2023,"Uitsluitend materiele schade",3,"Personenauto","e-bike","Flank","Kruispunt, 3 takken",50,"Niet brandend","Daglicht","Droog",\N,\N,"Hobodreef","Etten-Leur","Etten-Leur","Noord-Brabant",false,51.561465,4.62863,"material damage only","4","clear",false,1,"GM0777"
"20230036106",2023,"Uitsluitend materiele schade",2,"Personenauto","Fiets","Flank","Rechte weg",30,"Niet brandend","Daglicht","Droog",\N,"349302022","Bunschoterweg","Ede","Ede","Gelderland",false,52.049914,5.672873,"material damage only","4","clear",false,1,"GM0228"
"20230067104",2023,"Uitsluitend materiele schade",2,"Personenauto","Fiets","Flank","Kruispunt, 4 takken",50,"Niet brandend","Daglicht","Droog",\N,\N,"Mauritskade","Amsterdam","Amsterdam","Noord-Holland",false,52.360108,4.908776,"material damage only","4","clear",false,1,"GM0363"
"20230067303",2023,"Uitsluitend materiele schade",1,"Fiets",\N,"Voetganger","Rechte weg",50,"Niet brandend","Daglicht","Regen",\N,"600619192","Haarlemmerweg","Amsterdam","Amsterdam","Noord-Holland",false,52.38545,4.878304,"material damage only","4","rain",false,1,"GM0363"
"20230069154",2023,"Letsel",2,"Fiets","Fiets","Onbekend","Rechte weg",50,"Niet brandend","Daglicht",\N,\N,"159310056","Waldeck Pyrmontkade","'s-Gravenhage","'s-Gravenhage","Zuid-Holland",false,52.078486,4.292215,"injury","2","unknown",false,1,"GM0518"
"20230016813",2023,"Uitsluitend materiele schade",2,"Personenauto","Fiets","Flank","Kruispunt, 3 takken",50,"Niet brandend","Daglicht","Droog",\N,\N,"Waal","Zaandam","Zaanstad","Noord-Holland",false,52.468713,4.837015,"material damage only","4","clear",false,1,"GM0479"
"20230020856",2023,"Letsel",2,"Fiets","Motor","Flank","Kruispunt, 4 takken",50,"Niet brandend","Daglicht","Droog",\N,\N,"Van Hilligaertstraat","Amsterdam","Amsterdam","Noord-Holland",false,52.349624,4.889041,"injury","2","clear",false,1,"GM0363"
"20230030063",2023,"Letsel",2,"e-bike","Overig vast object","Vast voorwerp","Rotonde",50,"Niet brandend","Daglicht","Droog",\N,\N,"Van Aremberglaan","Wateringen","Westland","Zuid-Holland",false,52.029826,4.27262,"injury","2","clear",false,1,"GM1783"
"20230032671",2023,"Uitsluitend materiele schade",2,"Personenauto","e-bike","Flank","Kruispunt, 3 takken",50,"Niet brandend","Daglicht","Droog",\N,\N,"Refeling","Nuenen","Nuenen, Gerwen en Nederwetten","Noord-Brabant",false,51.46613,5.552879,"material damage only","4","clear",false,1,"GM0820"
"20240029793",2024,"Letsel",2,"Fiets","Fiets","Onbekend","Rechte weg",50,"Niet brandend","Daglicht","Droog",\N,\N,"Meppelweg","'s-Gravenhage","'s-Gravenhage","Zuid-Holland",false,52.053318,4.270582,"injury","2","clear",false,1,"GM0518"
"20230072537",2023,"Uitsluitend materiele schade",2,"Personenauto","Fiets","Flank","Rotonde",50,"Niet brandend","Daglicht","Droog",\N,\N,"Laan van Westroijen","Tiel","Tiel","Gelderland",false,51.896348,5.417271,"material damage only","4","clear",false,1,"GM0281"
"20230017977",2023,"Letsel",2,"Fiets","Fiets","Frontaal","Rechte weg",\N,"Niet brandend","Daglicht","Droog",\N,"600767093","Burg D Kooimanweg","Purmerend","Purmerend","Noord-Holland",false,52.50984,4.957659,"injury","2","clear",false,1,"GM0439"
"20230021459",2023,"Letsel",3,"Fiets",\N,"Eenzijdig","Rechte weg",30,"Niet brandend","Daglicht","Droog",\N,"183317006","Hofpolderpad","Leidschendam","Leidschendam-Voorburg","Zuid-Holland",false,52.114805,4.463906,"injury","2","clear",false,1,"GM1916"
"20230022571",2023,"Uitsluitend materiele schade",2,"Personenauto","Fiets","Flank","Rechte weg",\N,"Niet brandend","Daglicht","Droog","Tankstation","182345106","van Berckelweg","Noordwijk","Noordwijk","Zuid-Holland",false,52.236842,4.458125,"material damage only","4","clear",false,1,"GM0575"
"20230026051",2023,"Letsel",3,"Bus","Fiets","Onbekend","Rechte weg",50,"Niet brandend","Daglicht","Droog",\N,"254254056","Glacis","Gorinchem","Gorinchem","Zuid-Holland",false,51.832256,4.984484,"injury","2","clear",false,1,"GM0512"
"20230032460",2023,"Uitsluitend materiele schade",2,"Personenauto","Fiets","Flank","Kruispunt, 4 takken",30,"Niet brandend","Daglicht","Regen",\N,\N,"Zandschuit","Eindhoven","Eindhoven","Noord-Brabant",false,51.450805,5.409976,"material damage only","4","rain",false,1,"GM0772"
"20240029796",2024,"Letsel",2,"Fiets","Fiets","Onbekend","Kruispunt, 4 takken",30,\N,"Daglicht",\N,\N,\N,"Roetersstraat","Amsterdam","Amsterdam","Noord-Holland",false,52.36293,4.910742,"injury","2","unknown",false,1,"GM0363"
"20240029948",2024,"Uitsluitend materiele schade",2,"Bromfiets","Fiets","Flank","Kruispunt, 4 takken",30,"Brandend","Duisternis","Droog","Brug/viaduct",\N,"Hondecoeterstraat","Amsterdam","Amsterdam","Noord-Holland",false,52.353172,4.878804,"material damage only","4","clear",false,1,"GM0363"