"accident_id","year","severity_raw","party_count","party1_type","party2_type","accident_type","road_situation","speed_limit_kmh","road_lighting","light_condition_label","weather_raw","infra_type","road_segment_id","street_name","place_name","gemeente_name_raw","province","alcohol_indicated","latitude","longitude","severity_label","severity_code","weather_label","built_up_area","cyclists_involved","gemeente_code"
"20240030393",2024,"Letsel",1,"Fiets",\N,"Onbekend","Bocht",30,"Niet brandend","Daglicht","Droog",\N,"600718265","Kleipad","Rijswijk","Rijswijk","Zuid-Holland",false,52.032208,4.329134,"injury","2","clear",false,1,\N
"20230068477",2023,"Letsel",2,"Personenauto","Fiets","Flank","Kruispunt, 3 takken",50,"Niet brandend","Daglicht","Droog",\N,\N,"Buitenom","'s-Gravenhage","'s-Gravenhage","Zuid-Holland",false,52.071061,4.300955,"injury","2","clear",false,1,"GM0518"
"20230068844",2023,"Letsel",2,"Personenauto","Fiets","Onbekend","Kruispunt, 4 takken",50,"Niet brandend","Daglicht","Droog",\N,\N,"Laan van Hoornwijck","'s-Gravenhage","'s-Gravenhage","Zuid-Holland",false,52.042865,4.363696,"injury","2","clear",false,1,"GM0518"
"20230068858",2023,"Letsel",2,"Personenauto","Fiets","Flank","Kruispunt, 3 takken",30,"Niet brandend","Daglicht","Droog",\N,\N,"Beemd","Boskoop","Alphen aan den Rijn","Zuid-Holland",false,52.069868,4.642444,"injury","2","clear",false,1,"GM0484"
"20230074626",2023,"Letsel",2,"Personenauto","Fiets","Flank","Kruispunt, 4 takken",50,"Brandend","Duisternis","Droog",\N,\N,"Haarlemmerweg","Amsterdam","Amsterdam","Noord-Holland",false,52.384921,4.847796,"injury","2","clear",false,1,"GM0363"
"20230023777",2023,"Uitsluitend materiele schade",3,"Bestelauto","Fiets","Los voorwerp","Kruispunt, 4 takken",50,"Niet brandend","Daglicht","Droog",\N,\N,"Johan Huizingalaan","Amsterdam","Amsterdam","Noord-Holland",false,52.356226,4.827294,"material damage only","4","clear",false,1,"GM0363"
"20230067220",2023,"Uitsluitend materiele schade",7,"Personenauto","Fiets","Vast voorwerp","Bocht",50,"Niet brandend","Daglicht","Droog",\N,"248370055","Archimedesweg","Amsterdam","Amsterdam","Noord-Holland",false,52.355862,4.939397,"material damage only","4","clear",false,1,"GM0363"
"20230067403",2023,"Uitsluitend materiele schade",2,"Personenauto","Fiets","Flank","Rechte weg",50,"Niet aanwezig","Daglicht","Droog",\N,"265286002","Helsdingse Achterweg","Vianen","Vijfheerenlanden","Utrecht",false,51.976922,5.066761,"material damage only","4","clear",false,1,"GM1961"
"20230076139",2023,"Letsel",2,"Personenauto","Fiets","Flank","Kruispunt, 3 takken",30,"Brandend","Duisternis","Droog",\N,\N,"Slapershaven","Hoorn","Hoorn","Noord-Holland",false,52.639944,5.066013,"injury","2","clear",false,1,"GM0405"
"20230026112",2023,"Letsel",3,"Personenauto","Fiets","Onbekend","Rechte weg",50,"Niet aanwezig","Daglicht","Droog",\N,"150278011","Dr. Jan Schoutenlaan","Maassluis","Maassluis","Zuid-Holland",false,51.93745,4.229209,"injury","2","clear",false,1,"GM0556"
"20230033211",2023,"Uitsluitend materiele schade",2,"Personenauto","Fiets","Flank","Kruispunt, 4 takken",30,"Niet aanwezig","Schemer","Mist",\N,\N,"Schaesbergerweg","Heerlen","Heerlen","Limburg",false,50.892443,5.996201,"material damage only","4","fog",false,1,"GM0917"
"20230076227",2023,"Letsel",2,"Bromfiets","Fiets","Frontaal","Rechte weg",30,"Niet brandend","Daglicht","Droog",\N,"274314059","Eykmanlaan","Utrecht","Utrecht","Utrecht",false,52.104588,5.130099,"injury","2","clear",false,1,"GM0344"
"20230076514",2023,"Uitsluitend materiele schade",2,"Bromfiets","Fiets","Kop/staart","Rechte weg",50,"Niet brandend","Daglicht","Droog",\N,"600752844","Korte Industrieweg","Assendelft","Zaanstad","Noord-Holland",false,52.493218,4.765799,"material damage only","4","clear",false,1,"GM0479"
"20230014090",2023,"Letsel",3,"Fiets","Fiets","Los voorwerp","Rechte weg",\N,"Niet brandend","Daglicht","Droog",\N,"600851267","Burgemeester Roelenweg","Zwolle","Zwolle","Overijssel",false,52.516429,6.086095,"injury","2","clear",false,1,"GM0193"
"20230014664",2023,"Uitsluitend materiele schade",1,"Fiets",\N,"Kop/staart","Rechte weg",30,"Niet brandend","Daglicht","Droog",\N,"401400003","Geldersedijk","Hattem","Hattem","Gelderland",false,52.485626,6.05973,"material damage only","4","clear",false,1,"GM0244"
"20230014676",2023,"Uitsluitend materiele schade",2,"Personenauto","Fiets","Onbekend","Rotonde",50,"Niet brandend","Daglicht","Droog",\N,\N,"Nieuwe Tielseweg","Tiel","Tiel","Gelderland",false,51.88224,5.427944,"material damage only","4","clear",false,1,"GM0281"
"20240026479",2024,"Uitsluitend materiele schade",2,"Fiets","Bestelauto","Flank","Kruispunt, 3 takken",30,"Niet brandend","Daglicht","Droog",\N,\N,"Valkseweg","Barneveld","Barneveld","Gelderland",false,52.135276,5.595858,"material damage only","4","clear",false,1,"GM0203"
"20230020434",2023,"Uitsluitend materiele schade",2,"Bestelauto","Fiets","Flank","Rechte weg",50,"Niet brandend","Schemer","Droog","Tunnel","242376052","Haarlemmer Houttuinen","Amsterdam","Amsterdam","Noord-Holland",false,52.38156,4.890801,"material damage only","4","clear",false,1,"GM0363"
"20230028459",2023,"Uitsluitend materiele schade",2,"Fiets","Personenauto","Flank","Rotonde",50,"Niet brandend","Daglicht","Droog",\N,\N,"Thorbeckestraat","Hardinxveld-Giessendam","Hardinxveld-Giessendam","Zuid-Holland",false,51.824376,4.83278,"material damage only","4","clear",false,1,"GM0523"
"20230033017",2023,"Letsel",2,"Personenauto","Fiets","Frontaal","Kruispunt, 4 takken",30,"Brandend","Duisternis","Droog",\N,\N,"Stationsstraat","Vught","Vught","Noord-Brabant",false,51.655912,5.292642,"injury","2","clear",false,1,"GM0865"
"20230077189",2023,"Letsel",3,"Bromfiets","Fiets","Onbekend","Bocht",60,"Brandend","Schemer","Droog",\N,"221311005","Westeinde","Bodegraven","Bodegraven-Reeuwijk","Zuid-Holland",false,52.090367,4.744685,"injury","2","clear",false,1,"GM1901"
"20230077585",2023,"Uitsluitend materiele schade",2,"Fiets","Scootmobiel","Flank","Kruispunt, 4 takken",50,"Niet brandend","Daglicht","Droog",\N,\N,"Eerste Oosterparkstraat","Amsterdam","Amsterdam","Noord-Holland",false,52.357174,4.914023,"material damage only","4","clear",false,1,"GM0363"
"20230016978",2023,"Letsel",2,"Personenauto","Fiets","Flank","Rotonde",50,"Niet brandend","Daglicht","Droog",\N,\N,"Churchilllaan","Purmerend","Purmerend","Noord-Holland",false,52.508321,4.968144,"injury","2","clear",false,1,"GM0439"
"20230029646",2023,"Letsel",1,"Fiets",\N,"Eenzijdig","Bocht",50,"Niet brandend","Daglicht","Droog",\N,\N,"Houtrustweg","'s-Gravenhage","'s-Gravenhage","Zuid-Holland",false,52.091081,4.265014,"injury","2","clear",false,1,"GM0518"
"20240029641",2024,"Letsel",2,"Fiets","Bromfiets","Flank","Rechte weg",30,"Niet brandend","Daglicht","Droog",\N,"172299020","Pluimzegge","'s-Gravenhage","'s-Gravenhage","Zuid-Holland",false,52.033933,4.382565,"injury","2","clear",false,1,"GM0518"
"20230068986",2023,"Letsel",1,"Fiets",\N,"Eenzijdig","Rechte weg",50,"Brandend","Duisternis","Droog",\N,"142291044","Koningin Julianaweg","'s-Gravenzande","Westland","Zuid-Holland",false,51.994223,4.170537,"injury","2","clear",false,1,"GM1783"
"20230078492",2023,"Letsel",2,"Personenauto","Fiets","Flank","Rechte weg",50,"Brandend","Duisternis","Droog",\N,\N,"Houtwijklaan","'s-Gravenhage","'s-Gravenhage","Zuid-Holland",false,52.055221,4.254629,"injury","2","clear",false,1,"GM0518"
"20230078626",2023,"Letsel",1,"Fiets",\N,"Eenzijdig","Kruispunt, 3 takken",50,"Niet brandend","Daglicht","Regen",\N,\N,"Paul Krugerlaan","'s-Gravenhage","'s-Gravenhage","Zuid-Holland",false,52.068537,4.290758,"injury","2","rain",false,1,"GM0518"
"20230078673",2023,"Letsel",2,"Fiets","Fiets","Onbekend","Rechte weg",30,"Brandend","Duisternis","Droog",\N,"226324009","Dorpsstraat","Nieuwkoop","Nieuwkoop","Zuid-Holland",false,52.146688,4.77544,"injury","2","clear",false,1,"GM0569"
"20230074865",2023,"Uitsluitend materiele schade",2,"Personenauto","Fiets","Onbekend","Rotonde",50,"Niet brandend","Daglicht","Droog",\N,\N,"Oldebroekerweg","Biddinghuizen","Dronten","Flevoland",false,52.455892,5.706044,"material damage only","4","clear",false,1,"GM0303"
"20230074875",2023,"Letsel",2,"Personenauto","Fiets","Frontaal","Rotonde",50,"Niet brandend","Daglicht","Droog",\N,\N,"Pieter Aertszlaan","Heemstede","Heemstede","Noord-Holland",false,52.359277,4.623758,"injury","2","clear",false,1,"GM0397"
"20240027445",2024,"Letsel",1,"Fiets",\N,"Onbekend","Rechte weg",60,"Niet brandend","Daglicht","Droog",\N,"600564018","FIETSPAD","Donkerbroek","Ooststellingwerf","Friesland",false,52.995852,6.23054,"injury","2","clear",false,1,"GM0085"
"20230026803",2023,"Letsel",2,"Personenauto","Fiets","Flank","Rechte weg",50,"Brandend","Duisternis","Droog",\N,"267199054","Beethovenlaan","Tilburg","Tilburg","Noord-Brabant",false,51.585894,5.083828,"injury","2","clear",false,1,"GM0855"
"20240030284",2024,"Letsel",1,"Fiets",\N,"Onbekend",\N,30,"Niet aanwezig","Duisternis","Regen",\N,"163300045","Ocarinalaan","Rijswijk","Rijswijk","Zuid-Holland",false,52.033355,4.317646,"injury","2","rain",false,1,\N
"20230068050",2023,"Letsel",2,"Bromfiets","Fiets","Flank","Kruispunt, 4 takken",50,"Niet brandend","Daglicht","Droog",\N,\N,"Alexanderplein","Amsterdam","Amsterdam","Noord-Holland",false,52.363497,4.918966,"injury","2","clear",false,1,"GM0363"
"20230069408",2023,"Letsel",2,"Personenauto","e-bike","Flank","Rotonde",50,"Niet brandend","Daglicht","Droog",\N,\N,"Koningin Julianalaan","Voorschoten","Voorschoten","Zuid-Holland",false,52.126989,4.44866,"injury","2","clear",false,1,"GM0626"
"20230073250",2023,"Uitsluitend materiele schade",1,"Fiets",\N,"Onbekend","Rechte weg",30,"Niet brandend","Daglicht","Droog",\N,"390290008","Vianenstraat","Velp","Rheden","Gelderland",false,51.99264,5.975944,"material damage only","4","clear",false,1,"GM0275"
"20230014791",2023,"Letsel",2,"Bromfiets","Fiets","Flank","Rechte weg",30,"Niet brandend","Daglicht","Regen",\N,"517467003","Tammingecamp","Emmen","Emmen","Drenthe",false,52.781836,6.928341,"injury","2","rain",false,1,"GM0114"
"20230022779",2023,"Letsel",3,"Fiets","Overig wegmeubilair","Vast voorwerp","Rechte weg",15,"Brandend","Duisternis","Regen",\N,"236279112","Stadhuisstraat","Schoonhoven","Krimpenerwaard","Zuid-Holland",false,51.945341,4.852212,"injury","2","rain",false,1,"GM1931"
"20230023948",2023,"Letsel",1,"Fiets",\N,"Eenzijdig","Rechte weg",60,"Niet brandend","Daglicht","Droog",\N,"150297005","Wateringseweg","Poeldijk","Westland","Zuid-Holland",false,52.021734,4.226967,"injury","2","clear",false,1,"GM1783"
"20240027402",2024,"Uitsluitend materiele schade",2,"Snorfiets","Fiets","Flank","Kruispunt, 4 takken",50,"Niet brandend","Daglicht","Droog",\N,\N,"Nieuwe Ebbingestraat","Groningen","Groningen","Groningen",false,53.22285,6.564397,"material damage only","4","clear",false,1,"GM0014"
"20240027446",2024,"Letsel",1,"Fiets",\N,"Onbekend","Bocht",60,"Niet brandend","Daglicht","Droog",\N,"465467001","Drijbersche Es","Drijber","Midden-Drenthe","Drenthe",false,52.787113,6.541318,"injury","2","clear",false,1,"GM1731"
"20230030853",2023,"Uitsluitend materiele schade",2,"Personenauto","Fiets","Flank","Kruispunt, 4 takken",30,"Niet brandend","Daglicht","Regen",\N,\N,"Huizingalaan","Eindhoven","Eindhoven","Noord-Brabant",false,51.470825,5.464582,"material damage only","4","rain",false,1,"GM0772"
"20230030864",2023,"Uitsluitend materiele schade",2,"Personenauto","Fiets","Frontaal","Rechte weg",80,"Brandend","Duisternis","Droog",\N,\N,"de Hoeven","Reusel","Reusel-De Mierden","Noord-Brabant",false,51.361366,5.180088,"material damage only","4","clear",false,1,"GM1667"
"20230034218",2023,"Uitsluitend materiele schade",2,"Personenauto","Fiets","Frontaal","Bocht",30,"Niet brandend","Daglicht","Droog",\N,"338360013","Groene Allee","Ermelo","Ermelo","Gelderland",false,52.312693,5.597939,"material damage only","4","clear",false,1,"GM0233"
"20230078773",2023,"Letsel",2,"Personenauto","Fiets","Frontaal","Kruispunt, 3 takken",50,"Niet brandend","Daglicht","Droog",\N,\N,"Westlandseweg","Delft","Delft","Zuid-Holland",false,52.001029,4.348464,"injury","2","clear",false,1,"GM0503"
"20230078881",2023,"Letsel",2,"Personenauto","Fiets","Frontaal","Kruispunt, 4 takken",50,"Niet brandend","Daglicht","Droog",\N,\N,"Victorieplein","Amsterdam","Amsterdam","Noord-Holland",false,52.345285,4.903393,"injury","2","clear",false,1,"GM0363"
"20230079022",2023,"Letsel",2,"Bestelauto","Fiets","Flank","Bocht",50,"Niet brandend","Daglicht","Droog",\N,\N,"Sportlaan","Gouda","Gouda","Zuid-Holland",false,52.0107,4.730348,"injury","2","clear",false,1,"GM0513"
"20230016522",2023,"Uitsluitend materiele schade",2,"Fiets","Fiets","Flank","Kruispunt, 3 takken",50,"Niet brandend","Daglicht","Droog",\N,\N,"De Liesbosch","Nieuwegein","Nieuwegein","Utrecht",false,52.054845,5.109352,"material damage only","4","clear",false,1,"GM0356"
"20230017656",2023,"Uitsluitend materiele schade",2,"Bromfiets","Fiets","Kop/staart","Rechte weg",50,"Niet brandend","Daglicht","Droog",\N,\N,"Westtangent","Heerhugowaard","Dijk en Waard","Noord-Holland",false,52.65953,4.810008,"material damage only","4","clear",false,1,"GM1980"
"20230017660",2023,"Uitsluitend materiele schade",2,"Personenauto","Fiets","Flank","Kruispunt, 3 takken",30,"Niet brandend","Daglicht","Droog",\N,\N,"Zwarteweg","Aerdenhout","Bloemendaal","Noord-Holland",false,52.3679,4.587447,"material damage only","4","clear",false,1,"GM0377"
"20230017670",2023,"Letsel",1,"Fiets",\N,"Eenzijdig","Rechte weg",50,"Niet brandend","Daglicht","Regen",\N,"231394016","Verzetstraat","Koog aan de Zaan","Zaanstad","Noord-Holland",false,52.463766,4.807234,"injury","2","rain",false,1,"GM0479"
"20240026504",2024,"Uitsluitend materiele schade",2,"Personenauto","Fiets","Flank","Rechte weg",50,"Niet brandend","Daglicht","Droog","Tankstation","600497150","Phileas Foggstraat","Emmen","Emmen","Drenthe",false,52.761602,6.927976,"material damage only","4","clear",false,1,"GM0114"
"20230025190",2023,"Uitsluitend materiele schade",2,"Personenauto","Fiets","Onbekend","Bocht",50,"Brandend","Duisternis","Droog",\N,"210247161","Willem Roelofsstraat","Dordrecht","Dordrecht","Zuid-Holland",false,51.798695,4.663887,"material damage only","4","clear",false,1,"GM0505"
"20230068729",2023,"Letsel",1,"Fiets",\N,"Eenzijdig","Rechte weg",50,"Niet brandend","Daglicht","Droog",\N,"153311013","Cort van der Lindenpad","'s-Gravenhage","'s-Gravenhage","Zuid-Holland",false,52.085235,4.247115,"injury","2","clear",false,1,"GM0518"
"20230069903",2023,"Uitsluitend materiele schade",2,"Personenauto","Fiets","Frontaal","Rotonde",50,"Brandend","Duisternis","Droog",\N,\N,"Van Leeuwenhoeklaan","Zoetermeer","Zoetermeer","Zuid-Holland",false,52.057511,4.485987,"material damage only","4","clear",false,1,"GM0637"
"20230077153",2023,"Uitsluitend materiele schade",2,"Personenauto","Fiets","Onbekend","Rechte weg",30,"Brandend","Duisternis","Droog",\N,"195272029","IJsselmondselaan","Rotterdam","Rotterdam","Zuid-Holland",false,51.914258,4.552617,"material damage only","4","clear",false,1,"GM0599"
"20230070542",2023,"Letsel",2,"Personenauto","Fiets","Flank","Bocht",80,"Niet brandend","Daglicht","Droog",\N,"374077012","Op de Baan","Born","Sittard-Geleen","Limburg",false,51.0357,5.849043,"injury","2","clear",false,1,"GM1883"
"20230023403",2023,"Letsel",1,"Fiets",\N,"Eenzijdig","Kruispunt, 4 takken",50,"Brandend","Duisternis","Droog",\N,\N,"Verdilaan","Naaldwijk","Westland","Zuid-Holland",false,51.995629,4.208854,"injury","2","clear",false,1,"GM1783"
"20230069134",2023,"Letsel",1,"Fiets",\N,"Eenzijdig","Rechte weg",30,"Niet brandend","Daglicht","Droog",\N,\N,"Deltaweg","Delft","Delft","Zuid-Holland",false,52.000014,4.364439,"injury","2","clear",false,1,"GM0503"
"20230069539",2023,"Uitsluitend materiele schade",2,"Personenauto","Fiets","Flank","Rotonde",50,"Niet brandend","Daglicht",\N,\N,\N,"Rijnzichtweg","Oegstgeest","Oegstgeest","Zuid-Holland",false,52.179803,4.464506,"material damage only","4","unknown",false,1,"GM0579"
"20230076773",2023,"Letsel",1,"Fiets",\N,"Eenzijdig","Rechte weg",30,"Niet brandend","Daglicht","Regen",\N,"218297110","Goudse Houtsingel","Gouda","Gouda","Zuid-Holland",false,52.026467,4.718895,"injury","2","rain",false,1,"GM0513"
"20230076774",2023,"Uitsluitend materiele schade",3,"Personenauto","Fiets","Onbekend","Kruispunt, 3 takken",30,"Niet brandend","Daglicht","Droog",\N,\N,"Zuidzijdsedijk","Nieuw-Beijerland","Hoeksche Waard","Zuid-Holland",false,51.782852,4.334399,"material damage only","4","clear",false,1,"GM1963"
"20230071131",2023,"Letsel",2,"Personenauto","e-bike","Flank","Kruispunt, 4 takken",80,"Niet brandend","Daglicht","Droog",\N,\N,"Bloemendijk","Dinteloord","Steenbergen","Noord-Brabant",false,51.611093,4.35148,"injury","2","clear",false,1,"GM0851"
"20230071994",2023,"Letsel",2,"Fiets","Bestelauto","Onbekend","Rotonde",50,"Niet brandend","Daglicht","Droog",\N,\N,"DE BEITEL","Heerlen","Heerlen","Limburg",false,50.85642,5.997857,"injury","2","clear",false,1,"GM0917"
"20230013723",2023,"Uitsluitend materiele schade",2,"Personenauto","Fiets","Flank","Kruispunt, 3 takken",30,"Niet brandend","Daglicht","Droog",\N,\N,"Touwslager","Roden","Noordenveld","Drenthe",false,53.139574,6.432661,"material damage only","4","clear",false,1,"GM1699"
"20230016597",2023,"Uitsluitend materiele schade",1,"Fiets",\N,"Voetganger","Rechte weg",30,"Niet brandend","Daglicht","Droog",\N,"313335023","Keienberg","Amersfoort","Amersfoort","Utrecht",false,52.199086,5.411436,"material damage only","4","clear",false,1,"GM0307"
"20230018316",2023,"Letsel",3,"Personenauto","Fiets","Los voorwerp","Rechte weg",50,"Niet brandend","Daglicht","Droog",\N,"256401003","Purmerenderweg","Purmerend","Purmerend","Noord-Holland",false,52.492837,4.995335,"injury","2","clear",false,1,"GM0439"
"20230022315",2023,"Letsel",1,"Fiets",\N,"Eenzijdig","Kruispunt, 3 takken",30,"Niet brandend","Daglicht","Droog",\N,\N,"Zoutmanstraat","Alphen aan den Rijn","Alphen aan den Rijn","Zuid-Holland",false,52.138899,4.656389,"injury","2","clear",false,1,"GM0484"
"20230024691",2023,"Uitsluitend materiele schade",2,"Personenauto","e-bike","Flank","Kruispunt, 3 takken",50,"Niet brandend","Daglicht","Regen",\N,\N,"IJdoornlaan","Amsterdam","Amsterdam","Noord-Holland",false,52.399165,4.940955,"material damage only","4","rain",false,1,"GM0363"
"20230028106",2023,"Uitsluitend materiele schade",2,"Personenauto","Fiets","Onbekend","Kruispunt, 3 takken",30,"Niet brandend","Daglicht","Droog",\N,\N,"Klienkerpadje","Meliskerke","Veere","Zeeland",false,51.516317,3.51085,"material damage only","4","clear",false,1,"GM0717"
"20230070002",2023,"Letsel",2,"Fiets","Fiets","Onbekend","Kruispunt, 4 takken",30,"Niet brandend","Daglicht","Droog",\N,\N,"Burg Kolfschotenlaan","Leidschendam","Leidschendam-Voorburg","Zuid-Holland",false,52.09352,4.391133,"injury","2","clear",false,1,"GM1916"
"20230074980",2023,"Uitsluitend materiele schade",2,"Personenauto","Fiets","Flank","Kruispunt, 4 takken",50,"Niet brandend","Daglicht","Droog",\N,\N,"Soestdijkseweg Zuid","De Bilt","De Bilt","Utrecht",false,52.104104,5.18598,"material damage only","4","clear",false,1,"GM0310"
"20230074990",2023,"Letsel",2,"Personenauto","e-bike","Flank","Rotonde",50,"Niet brandend","Daglicht","Droog",\N,\N,"Bornberg","Amersfoort","Amersfoort","Utrecht",false,52.192381,5.410493,"injury","2","clear",false,1,"GM0307"
"20230070333",2023,"Uitsluitend materiele schade",2,"Fiets","Personenauto","Flank","Kruispunt, 3 takken",60,"Niet brandend","Daglicht","Droog",\N,\N,"Hoogstraat","Ell","Leudal","Limburg",false,51.215847,5.798753,"material damage only","4","clear",false,1,"GM1640"
"20230077940",2023,"Letsel",1,"Fiets",\N,"Eenzijdig","Rechte weg",50,"Niet brandend","Daglicht","Droog",\N,"600742335","Chopinlaan","Waddinxveen","Waddinxveen","Zuid-Holland",false,52.048981,4.647512,"injury","2","clear",false,1,"GM0627"
"20230078034",2023,"Letsel",2,"Fiets","Los voorwerp","Los voorwerp","Rechte weg",50,"Brandend","Duisternis","Droog",\N,"217297043","Groen van Prinsterersngl","Gouda","Gouda","Zuid-Holland",false,52.026351,4.714452,"injury","2","clear",false,1,"GM0513"
"20230024116",2023,"Letsel",2,"e-bike","Personenauto","Flank","Kruispunt, 4 takken",50,"Brandend","Duisternis","Droog",\N,\N,"Leyweg","'s-Gravenhage","'s-Gravenhage","Zuid-Holland",false,52.058141,4.265085,"injury","2","clear",false,1,"GM0518"
"20230020718",2023,"Uitsluitend materiele schade",2,"Personenauto","Fiets","Kop/staart","Rechte weg",30,"Brandend","Duisternis","Droog",\N,"241375023","Prinsengracht","Amsterdam","Amsterdam","Noord-Holland",false,52.375415,4.884046,"material damage only","4","clear",false,1,"GM0363"
"20230028740",2023,"Uitsluitend materiele schade",2,"Fiets","Fiets","Flank","Kruispunt, 3 takken",50,"Niet aanwezig","Daglicht","Droog",\N,\N,"Matthijsstraat","Koewacht","Terneuzen","Zeeland",false,51.240435,3.942431,"material damage only","4","clear",false,1,"GM0715"
"20230037136",2023,"Letsel",2,"Fiets","Fiets","Frontaal","Rechte weg",50,"Niet brandend","Daglicht","Droog",\N,"600582830","Akelei","Breukelen","Stichtse Vecht","Utrecht",false,52.168268,5.00563,"injury","2","clear",false,1,"GM1904"
"20230070890",2023,"Uitsluitend materiele schade",2,"e-bike","Bromfiets","Flank","Kruispunt, 3 takken",80,"Niet brandend","Daglicht","Droog",\N,\N,"Nieuwe Hescheweg","Oss","Oss","Noord-Brabant",false,51.743998,5.533117,"material damage only","4","clear",false,1,"GM0828"
"20230073477",2023,"Uitsluitend materiele schade",2,"Personenauto","Fiets","Flank","Rotonde",50,"Niet brandend","Daglicht","Droog",\N,\N,"Broeklanden","Westervoort","Westervoort","Gelderland",false,51.953966,5.978975,"material damage only","4","clear",false,1,"GM0293"
"20230073653",2023,"Uitsluitend materiele schade",2,"Bromfiets","Fiets","Flank","Kruispunt, 3 takken",50,"Niet brandend","Daglicht","Regen",\N,\N,"Oosterlaan","Nunspeet","Nunspeet","Gelderland",false,52.380355,5.793055,"material damage only","4","rain",false,1,"GM0302"
"20240025427",2024,"Letsel",2,"Personenauto","Fiets","Flank","Rotonde",50,"Brandend","Duisternis","Droog",\N,\N,"De Eendenkooi","'s-Hertogenbosch","'s-Hertogenbosch","Noord-Brabant",false,51.696084,5.269857,"injury","2","clear",false,1,"GM0796"
"20230015572",2023,"Uitsluitend materiele schade",2,"Bestelauto","Fiets","Voetganger","Kruispunt, 4 takken",80,"Niet brandend","Daglicht","Droog",\N,\N,"Maarsbergseweg","Doorn","Utrechtse Heuvelrug","Utrecht",false,52.031784,5.369716,"material damage only","4","clear",false,1,"GM1581"
"20230071770",2023,"Letsel",3,"Fiets",\N,"Eenzijdig","Rechte weg",30,"Niet brandend","Daglicht","Droog",\N,"308155003","Locht","Veldhoven","Veldhoven","Noord-Brabant",false,51.387662,5.379319,"injury","2","clear",false,1,"GM0861"
"20230073825",2023,"Letsel",2,"Fiets","Fiets","Frontaal","Rechte weg",\N,"Niet aanwezig","Duisternis","Droog",\N,"600470137","Kapitteldijk","Erlecom","Berg en Dal","Gelderland",false,51.836428,5.964368,"injury","2","clear",false,1,"GM1945"
"20230074316",2023,"Uitsluitend materiele schade",2,"Bestelauto","Fiets","Frontaal","Kruispunt, 4 takken",30,"Niet brandend","Daglicht","Droog",\N,\N,"1e Johannastraat","Apeldoorn","Apeldoorn","Gelderland",false,52.20615,5.966811,"material damage only","4","clear",false,1,"GM0200"
"20230075367",2023,"Letsel",2,"Bromfiets","Fiets","Flank","Kruispunt, 4 takken",30,"Brandend","Schemer","Droog",\N,\N,"Rigastraat","Lelystad","Lelystad","Flevoland",false,52.513189,5.46699,"injury","2","clear",false,1,"GM0995"
"20230076483",2023,"Letsel",2,"Fiets","Fiets","Onbekend","Rotonde",50,"Niet brandend","Daglicht","Droog",\N,\N,"Parkweg","Harderwijk","Harderwijk","Gelderland",false,52.342896,5.629319,"injury","2","clear",false,1,"GM0243"
"20230017313",2023,"Uitsluitend materiele schade",3,"Bromfiets","Fiets","Onbekend","Rechte weg",50,"Niet brandend","Daglicht","Droog",\N,\N,"Busch en Dam","Uitgeest","Uitgeest","Noord-Holland",false,52.502438,4.739138,"material damage only","4","clear",false,1,"GM0450"
"20230022479",2023,"Letsel",1,"Fiets",\N,"Eenzijdig","Kruispunt, 3 takken",30,"Brandend","Schemer","Droog",\N,\N,"Meerhof","Leiden","Leiden","Zuid-Holland",false,52.150915,4.476328,"injury","2","clear",false,1,"GM0546"
"20230025404",2023,"Letsel",2,"Personenauto","e-bike","Flank","Rotonde",50,"Niet brandend","Daglicht","Droog",\N,\N,"Donkerslootweg","Ridderkerk","Ridderkerk","Zuid-Holland",false,51.870759,4.60954,"injury","2","clear",false,1,"GM0597"
"20230015648",2023,"Uitsluitend materiele schade",2,"Personenauto","Fiets","Onbekend","Rechte weg",30,"Niet brandend","Daglicht","Droog",\N,\N,"Tolsteegsingel","Utrecht","Utrecht","Utrecht",false,52.08116,5.125735,"material damage only","4","clear",false,1,"GM0344"
"20230020839",2023,"Letsel",1,"Fiets",\N,"Eenzijdig","Rechte weg",\N,"Niet brandend","Daglicht","Droog",\N,"600761215","Transformatorweg","Amsterdam","Amsterdam","Noord-Holland",false,52.393118,4.861214,"injury","2","clear",false,1,"GM0363"
"20230022504",2023,"Letsel",1,"Fiets",\N,"Eenzijdig","Rechte weg",50,"Niet brandend","Daglicht","Droog","Brug/viaduct","219315070","Verloostraat","Zwammerdam","Alphen aan den Rijn","Zuid-Holland",false,52.106093,4.730226,"injury","2","clear",false,1,"GM0484"
"20230077855",2023,"Letsel",3,"Fiets","Fiets","Onbekend","Kruispunt, 4 takken",\N,"Niet brandend","Daglicht","Droog",\N,\N,"Laan van Leidschenveen","'s-Gravenhage","'s-Gravenhage","Zuid-Holland",false,52.055015,4.388164,"injury","2","clear",false,1,"GM0518"
"20240047708",2024,"Letsel",2,"Fiets","Fiets","Onbekend","Rechte weg",30,"Niet brandend","Daglicht","Droog",\N,\N,"Korenbloem","Zwaag","Hoorn","Noord-Holland",false,52.665779,5.048253,"injury","2","clear",false,1,"GM0405"
"20240078984",2024,"Uitsluitend materiele schade",2,"Personenauto","Fiets","Kop/staart","Bocht",30,"Niet brandend","Daglicht","Droog",\N,"189330002","Kiekendiefhorst","Leiden","Leiden","Zuid-Holland",false,52.172825,4.508363,"material damage only","4","clear",false,1,"GM0546"
"20240078987",2024,"Uitsluitend materiele schade",2,"Personenauto","Fiets","Onbekend","Kruispunt, 3 takken",30,"Niet brandend","Daglicht","Regen",\N,\N,"Argusvlinderstraat","Aalsmeer","Aalsmeer","Noord-Holland",false,52.281349,4.800101,"material damage only","4","rain",false,1,"GM0358"