"accident_id","year","severity_raw","party_count","party1_type","party2_type","accident_type","road_situation","speed_limit_kmh","road_lighting","light_condition_label","weather_raw","infra_type","road_segment_id","street_name","place_name","gemeente_name_raw","province","alcohol_indicated","latitude","longitude","severity_label","severity_code","weather_label","built_up_area","cyclists_involved","gemeente_code"
"20220054596",2022,"Letsel",2,"Personenauto","e-bike","Flank","Kruispunt, 4 takken",50,"Niet brandend","Daglicht","Droog",\N,\N,"Elandsgracht","Amsterdam","Amsterdam","Noord-Holland",false,52.36877,4.877927,"injury","2","clear",false,1,"GM0363"
"20220097700",2022,"Letsel",1,"Fiets",\N,"Eenzijdig",\N,30,\N,"Daglicht",\N,\N,"600837912","Stadhoudersstraat","Arnhem","Arnhem","Gelderland",false,51.977719,5.923009,"injury","2","unknown",false,1,"GM0202"
"20220099263",2022,"Uitsluitend materiele schade",2,"Personenauto","Fiets","Flank","Rechte weg",30,"Niet brandend","Daglicht","Droog",\N,"294332018","Koninginnelaan","Soest","Soest","Utrecht",false,52.184984,5.274536,"material damage only","4","clear",false,1,"GM0342"
"20220099921",2022,"Uitsluitend materiele schade",2,"Personenauto","Fiets","Flank","Rechte weg",30,"Niet brandend","Daglicht","Droog",\N,"287366010","Plein","Almere","Almere","Flevoland",false,52.335259,5.218937,"material damage only","4","clear",false,1,"GM0034"
"20220103079",2022,"Letsel",2,"Fiets","Fiets","Flank","Kruispunt, 3 takken",15,"Niet brandend","Daglicht","Droog",\N,\N,"Emmalaan","Amsterdam","Amsterdam","Noord-Holland",false,52.355916,4.861588,"injury","2","clear",false,1,"GM0363"
"20220034759",2022,"Uitsluitend materiele schade",2,"Personenauto","Fiets","Flank","Kruispunt, 3 takken",30,"Brandend","Schemer",\N,\N,\N,"Het Rond","Zeist","Zeist","Utrecht",false,52.081504,5.238376,"material damage only","4","unknown",false,1,"GM0355"
"20220034789",2022,"Uitsluitend materiele schade",2,"Personenauto","e-bike","Flank","Kruispunt, 3 takken",50,"Brandend","Schemer","Regen",\N,\N,"De Boeg","Dronten","Dronten","Flevoland",false,52.517385,5.717637,"material damage only","4","rain",false,1,"GM0303"
"20220040664",2022,"Uitsluitend materiele schade",2,"Personenauto","Fiets","Onbekend","Kruispunt, 4 takken",50,"Niet brandend","Daglicht","Droog",\N,"459483072","Domoweg","Beilen","Midden-Drenthe","Drenthe",false,52.856919,6.500133,"material damage only","4","clear",false,1,"GM1731"
"20220099759",2022,"Uitsluitend materiele schade",2,"Personenauto","Fiets","Geparkeerd voertuig","Rechte weg",30,"Niet brandend","Daglicht","Droog","Parkeervoorziening","600783444","Haak","Almere","Almere","Flevoland",false,52.3357,5.217121,"material damage only","4","clear",false,1,"GM0034"
"20220101590",2022,"Letsel",2,"Personenauto","Fiets","Flank","Bocht",\N,"Niet brandend","Daglicht","Droog",\N,"600744602","Leeghwaterweg","Velsen-Noord","Velsen","Noord-Holland",true,52.473757,4.656647,"injury","2","clear",false,1,"GM0453"
"20220010778",2022,"Letsel",2,"Personenauto","Fiets","Flank","Kruispunt, 3 takken",50,"Niet brandend","Daglicht",\N,\N,\N,"Catharijnesingel","Utrecht","Utrecht","Utrecht",false,52.082712,5.120214,"injury","2","unknown",false,1,"GM0344"
"20220040836",2022,"Letsel",1,"Fiets",\N,"Eenzijdig",\N,30,\N,"Daglicht",\N,\N,"530548022","Venne","Winschoten","Oldambt","Groningen",false,53.144496,7.035274,"injury","2","unknown",false,1,"GM1895"
"20220053389",2022,"Uitsluitend materiele schade",2,"Snorfiets","Fiets","Kop/staart","Kruispunt, 4 takken",50,"Niet brandend","Daglicht","Droog",\N,\N,"Frankestraat","Haarlem","Haarlem","Noord-Holland",false,52.378822,4.634578,"material damage only","4","clear",false,1,"GM0392"
"20220057650",2022,"Uitsluitend materiele schade",2,"Fiets","Fiets","Onbekend","Rechte weg",50,"Niet brandend","Daglicht","Droog",\N,"157303113","Leyweg","'s-Gravenhage","'s-Gravenhage","Zuid-Holland",false,52.049413,4.274955,"material damage only","4","clear",false,1,"GM0518"
"20220108138",2022,"Letsel",2,"Bromfiets","Fiets","Voetganger","Rechte weg",\N,"Niet brandend","Daglicht","Droog",\N,"188267077","Dreef","Rotterdam","Rotterdam","Zuid-Holland",false,51.887948,4.509473,"injury","2","clear",false,1,"GM0599"
"20220075007",2022,"Letsel",3,"Personenauto","Fiets","Onbekend","Rechte weg",80,"Niet brandend","Daglicht","Droog",\N,"600153834","Boddenkampsingel","Enschede","Enschede","Overijssel",false,52.22688,6.883183,"injury","2","clear",false,1,"GM0153"
"20220075617",2022,"Letsel",2,"e-bike","Fiets","Onbekend","Kruispunt, 4 takken",30,"Niet brandend","Daglicht","Droog",\N,\N,"Schoolstraat","Vriezenveen","Twenterand","Overijssel",false,52.404473,6.612005,"injury","2","clear",false,1,"GM1700"
"20220021780",2022,"Letsel",2,"Personenauto","Fiets","Flank","Kruispunt, 4 takken",30,"Niet brandend","Daglicht","Droog",\N,\N,"Van Beethovenlaan","Maassluis","Maassluis","Zuid-Holland",false,51.927519,4.242106,"injury","2","clear",false,1,"GM0556"
"20220042444",2022,"Uitsluitend materiele schade",2,"e-bike","Fiets","Frontaal","Rechte weg",60,"Niet brandend","Daglicht","Droog",\N,"444448002","Oshaarseweg","Echten","De Wolden","Drenthe",false,52.703621,6.388838,"material damage only","4","clear",false,1,"GM1690"
"20220069569",2022,"Letsel",2,"Personenauto","Fiets","Flank","Rechte weg",30,"Niet brandend","Daglicht","Droog",\N,"394141025","van Hövellstraat","Helden","Peel en Maas","Limburg",false,51.323562,5.994392,"injury","2","clear",false,1,"GM1894"
"20220103984",2022,"Letsel",2,"Fiets","Bromfiets","Frontaal","Rechte weg",30,"Niet brandend","Daglicht","Droog",\N,"600101175","Monsterseweg","'s-Gravenzande","Westland","Zuid-Holland",false,52.017042,4.155607,"injury","2","clear",false,1,"GM1783"
"20220109039",2022,"Uitsluitend materiele schade",2,"Personenauto","Fiets","Flank","Kruispunt, 4 takken",50,"Niet brandend","Daglicht","Droog",\N,\N,"Hart van Brabantlaan","Tilburg","Tilburg","Noord-Brabant",false,51.560287,5.077038,"material damage only","4","clear",false,1,"GM0855"
"20220109443",2022,"Letsel",2,"Bestelauto","Fiets","Flank","Kruispunt, 4 takken",30,"Niet brandend","Daglicht","Droog",\N,\N,"Parallelweg","Bergen op Zoom","Bergen op Zoom","Noord-Brabant",false,51.486911,4.295839,"injury","2","clear",false,1,"GM0748"
"20220110187",2022,"Letsel",3,"Personenauto","Fiets","Onbekend","Kruispunt, 4 takken",50,"Niet brandend","Daglicht","Droog",\N,\N,"Thomas van Aquinostraat","Tilburg","Tilburg","Noord-Brabant",false,51.566362,5.060841,"injury","2","clear",false,1,"GM0855"
"20220059200",2022,"Letsel",1,"Fiets",\N,"Eenzijdig",\N,30,\N,"Daglicht",\N,\N,"162311113","Nassaulaan","'s-Gravenhage","'s-Gravenhage","Zuid-Holland",false,52.086387,4.308161,"injury","2","unknown",false,1,"GM0518"
"20220088949",2022,"Letsel",2,"Personenauto","Fiets","Flank","Kruispunt, 3 takken",30,"Niet brandend","Daglicht","Droog",\N,\N,"Stationsstraat","Drunen","Heusden","Noord-Brabant",false,51.68613,5.131377,"injury","2","clear",false,1,"GM0797"
"20220110662",2022,"Letsel",2,"Personenauto","Fiets","Flank","Kruispunt, 4 takken",50,"Niet brandend","Daglicht","Droog",\N,\N,"Sterrelaan","Bergen op Zoom","Bergen op Zoom","Noord-Brabant",false,51.488821,4.310169,"injury","2","clear",false,1,"GM0748"
"20220112869",2022,"Uitsluitend materiele schade",2,"Personenauto","Fiets","Flank","Rotonde",50,"Niet brandend","Daglicht","Droog",\N,\N,"Molenweg","Maasbracht","Maasgouw","Limburg",false,51.142967,5.892972,"material damage only","4","clear",false,1,"GM1641"
"20220022069",2022,"Uitsluitend materiele schade",2,"Personenauto","Fiets","Onbekend","Rotonde",50,"Niet brandend","Daglicht","Droog",\N,\N,"Groenekruislaan","Dordrecht","Dordrecht","Zuid-Holland",false,51.795116,4.697142,"material damage only","4","clear",false,1,"GM0505"
"20220041175",2022,"Letsel",2,"Personenauto","e-bike","Flank","Kruispunt, 4 takken",30,"Brandend","Duisternis","Droog",\N,\N,"Egbert Nijstadlaan","Dwingeloo","Westerveld","Drenthe",false,52.83422,6.371699,"injury","2","clear",false,1,"GM1701"
"20220049056",2022,"Letsel",2,"Personenauto","Fiets","Flank","Rechte weg",80,"Niet brandend","Daglicht","Droog",\N,"600954917","Driebergsestraatweg","Doorn","Utrechtse Heuvelrug","Utrecht",false,52.043279,5.302768,"injury","2","clear",false,1,"GM1581"
"20230079375",2023,"Letsel",2,"Fiets","Fiets","Onbekend",\N,80,\N,"Daglicht",\N,\N,"233184001","Bredaseweg","Chaam","Alphen-Chaam","Noord-Brabant",false,51.516032,4.842043,"injury","2","unknown",false,1,"GM1723"
"20230000636",2023,"Uitsluitend materiele schade",2,"Personenauto","Fiets","Flank","Rechte weg",60,"Niet brandend","Daglicht","Droog",\N,"600875190","Hoofdweg","Harkstede GN","Groningen","Groningen",false,53.211812,6.659387,"material damage only","4","clear",false,1,"GM0014"
"20230001754",2023,"Uitsluitend materiele schade",2,"Personenauto","Fiets","Voetganger","Rechte weg",50,"Brandend","Duisternis","Droog",\N,\N,"Straatweg","Lemmer","De Fryske Marren","Friesland",false,52.848598,5.713806,"material damage only","4","clear",false,1,"GM1940"
"20230002688",2023,"Uitsluitend materiele schade",2,"Personenauto","Fiets","Flank","Rechte weg",50,"Niet brandend","Daglicht","Droog",\N,"601002623","Wandelweg","Wormerveer","Zaanstad","Noord-Holland",false,52.481701,4.80735,"material damage only","4","clear",false,1,"GM0479"
"20230010535",2023,"Letsel",1,"Fiets",\N,"Geparkeerd voertuig","Rechte weg",30,"Niet brandend","Schemer","Droog","Parkeervoorziening","508539030","Langeleegte","Veendam","Veendam","Groningen",false,53.106704,6.866933,"injury","2","clear",false,1,"GM0047"
"20230010679",2023,"Letsel",2,"Bromfiets","Fiets","Onbekend","Kruispunt, 3 takken",30,"Niet brandend","Daglicht","Droog",\N,\N,"Voorstraat","Kollum","Noardeast-Fryslân","Friesland",false,53.279626,6.146275,"injury","2","clear",false,1,"GM1970"
"20230002233",2023,"Letsel",2,"Fiets","Personenauto","Flank","Kruispunt, 3 takken",60,"Niet brandend","Daglicht","Droog",\N,\N,"Beeklandseweg","Heerde","Heerde","Gelderland",false,52.39903,6.029189,"injury","2","clear",false,1,"GM0246"
"20230001449",2023,"Uitsluitend materiele schade",2,"Personenauto","Fiets","Geparkeerd voertuig","Rechte weg",30,"Niet brandend","Daglicht","Droog",\N,"383503033","van Goghlaan","Heerenveen","Heerenveen","Friesland",false,52.951742,5.934524,"material damage only","4","clear",false,1,"GM0074"
"20230011708",2023,"Uitsluitend materiele schade",2,"Personenauto","Fiets","Onbekend","Kruispunt, 3 takken",50,"Niet brandend","Daglicht","Droog",\N,\N,"Loostraat","Huissen","Lingewaard","Gelderland",false,51.943223,5.920714,"material damage only","4","clear",false,1,"GM1705"
"20230030042",2023,"Uitsluitend materiele schade",1,"Fiets",\N,"Onbekend",\N,30,\N,"Daglicht",\N,\N,"600730420","Nijverheidsweg","Voorhout","Teylingen","Zuid-Holland",false,52.215766,4.491197,"material damage only","4","unknown",false,1,"GM1525"
"20230027481",2023,"Uitsluitend materiele schade",2,"Personenauto","Fiets","Onbekend",\N,50,\N,"Schemer",\N,\N,\N,"Stokhasseltlaan","Tilburg","Tilburg","Noord-Brabant",false,51.587207,5.079658,"material damage only","4","unknown",false,1,"GM0855"
"20230001157",2023,"Letsel",2,"Fiets","Fiets","Flank","Kruispunt, 3 takken",50,"Niet aanwezig","Daglicht","Droog",\N,\N,"FIETSPAD","Oldenzaal","Oldenzaal","Overijssel",false,52.321332,6.907203,"injury","2","clear",false,1,"GM0173"
"20230001938",2023,"Letsel",2,"Personenauto","Fiets","Onbekend","Rechte weg",50,"Brandend","Duisternis","Droog",\N,"600571994","Hendrik ter Kuilestraat","Enschede","Enschede","Overijssel",false,52.21971,6.853558,"injury","2","clear",false,1,"GM0153"
"20230047233",2023,"Dodelijk",2,"Vrachtauto","Fiets","Onbekend","Rechte weg",30,"Niet brandend","Daglicht","Droog",\N,"600389431","de Kwekerij","Baarn","Baarn","Utrecht",false,52.216615,5.284924,"fatal","1","clear",false,1,"GM0308"
"20230011197",2023,"Uitsluitend materiele schade",2,"Personenauto","e-bike","Frontaal","Kruispunt, 3 takken",60,"Niet aanwezig","Schemer","Droog",\N,\N,"Waaldijk","Gendt","Lingewaard","Gelderland",false,51.876777,5.9782,"material damage only","4","clear",false,1,"GM1705"
"20230004003",2023,"Letsel",2,"Fiets","Fiets","Flank","Rechte weg",\N,"Niet brandend","Daglicht","Droog",\N,"600893685","Middenweg","Amsterdam","Amsterdam","Noord-Holland",false,52.348052,4.939804,"injury","2","clear",false,1,"GM0363"
"20230004197",2023,"Uitsluitend materiele schade",2,"Bromfiets","Fiets","Kop/staart","Kruispunt, 3 takken",15,"Niet brandend","Daglicht","Droog",\N,\N,"Sextantweg","Amsterdam","Amsterdam","Noord-Holland",false,52.403444,4.836231,"material damage only","4","clear",false,1,"GM0363"
"20230002906",2023,"Letsel",2,"Fiets","Overig vast object","Vast voorwerp","Kruispunt, 3 takken",50,"Niet brandend","Daglicht","Droog",\N,\N,"De Ruijterweg","Haarlem","Haarlem","Noord-Holland",false,52.380035,4.614912,"injury","2","clear",false,1,"GM0392"
"20230003853",2023,"Uitsluitend materiele schade",2,"Personenauto","e-bike","Flank","Rotonde",50,"Niet brandend","Daglicht","Regen",\N,\N,"Holkerweg","Amersfoort","Amersfoort","Utrecht",false,52.169436,5.390186,"material damage only","4","rain",false,1,"GM0307"
"20230005304",2023,"Letsel",2,"Personenauto","Fiets","Flank","Rechte weg",50,"Niet brandend","Daglicht","Droog",\N,"160312042","Burgemeester Patijnlaan","'s-Gravenhage","'s-Gravenhage","Zuid-Holland",false,52.089208,4.299678,"injury","2","clear",false,1,"GM0518"
"20230006686",2023,"Uitsluitend materiele schade",3,"Fiets","Bromfiets","Onbekend","Rechte weg",30,"Brandend","Duisternis","Droog",\N,"600111893","Hillelaan","Rotterdam","Rotterdam","Zuid-Holland",false,51.902081,4.496211,"material damage only","4","clear",false,1,"GM0599"
"20230002513",2023,"Uitsluitend materiele schade",2,"Personenauto","Fiets","Flank","Rechte weg",50,"Brandend","Duisternis","Regen",\N,"600648379","Nieuwe Deventerweg","Zwolle","Zwolle","Overijssel",false,52.485816,6.113288,"material damage only","4","rain",false,1,"GM0193"
"20230004097",2023,"Uitsluitend materiele schade",2,"Personenauto","Fiets","Flank","Rotonde",50,"Brandend","Duisternis","Regen",\N,\N,"Dorpsstraat","Aalsmeer","Aalsmeer","Noord-Holland",false,52.270185,4.747131,"material damage only","4","rain",false,1,"GM0358"
"20230005127",2023,"Letsel",2,"Fiets","Overig vast object","Vast voorwerp","Rechte weg",30,"Brandend","Duisternis","Droog",\N,"160305046","Hoefkade","'s-Gravenhage","'s-Gravenhage","Zuid-Holland",false,52.060323,4.294911,"injury","2","clear",false,1,"GM0518"
"20230026076",2023,"Letsel",1,"Fiets",\N,"Eenzijdig",\N,30,\N,"Daglicht",\N,\N,"600393640","Bergse Dorpsstraat","Rotterdam","Rotterdam","Zuid-Holland",false,51.956515,4.494371,"injury","2","unknown",false,1,"GM0599"
"20230086050",2023,"Letsel",1,"Fiets",\N,"Eenzijdig",\N,50,\N,"Duisternis",\N,\N,"505353036","Josef Haydnlaan","Hengelo","Hengelo (O)","Overijssel",false,52.270819,6.816794,"injury","2","unknown",false,1,\N
"20230007401",2023,"Letsel",2,"Personenauto","Fiets","Flank","Rotonde",50,"Brandend","Duisternis","Droog",\N,\N,"Kastanjeweg","Uden","Maashorst","Noord-Brabant",false,51.65965,5.617815,"injury","2","clear",false,1,"GM1991"
"20230040290",2023,"Letsel",1,"Fiets",\N,"Eenzijdig",\N,\N,\N,"Daglicht",\N,\N,"161310121","Veenkade","'s-Gravenhage","'s-Gravenhage","Zuid-Holland",false,52.080053,4.303028,"injury","2","unknown",false,1,"GM0518"
"20230103289",2023,"Uitsluitend materiele schade",1,"Fiets",\N,"Onbekend",\N,50,\N,"Duisternis",\N,\N,"184274065","Karel Doormanstraat","Rotterdam","Rotterdam","Zuid-Holland",false,51.921954,4.473982,"material damage only","4","unknown",false,1,"GM0599"
"20230005211",2023,"Letsel",1,"Fiets",\N,"Eenzijdig","Rechte weg",50,"Brandend","Duisternis","Regen",\N,"177334050","Molentuinweg","Katwijk","Katwijk","Zuid-Holland",false,52.190773,4.422448,"injury","2","rain",false,1,"GM0537"
"20230008984",2023,"Uitsluitend materiele schade",2,"Personenauto","Fiets","Onbekend","Rechte weg",50,"Niet aanwezig","Daglicht","Droog",\N,\N,"Oude Trambaan","Heythuysen","Leudal","Limburg",false,51.24798,5.898095,"material damage only","4","clear",false,1,"GM1640"
"20230070033",2023,"Letsel",2,"Fiets",\N,"Eenzijdig",\N,50,\N,"Daglicht",\N,\N,"178299003","Floriadepad","Pijnacker","Pijnacker-Nootdorp","Zuid-Holland",false,52.035163,4.438513,"injury","2","unknown",false,1,"GM1926"
"20230005233",2023,"Letsel",1,"Fiets",\N,"Eenzijdig","Rechte weg",30,"Brandend","Duisternis","Droog",\N,"168293110","De Groene Haven","Delft","Delft","Zuid-Holland",false,52.003641,4.358818,"injury","2","clear",false,1,"GM0503"
"20230008186",2023,"Uitsluitend materiele schade",2,"Personenauto","Fiets","Flank","Kruispunt, 3 takken",60,"Niet brandend","Daglicht","Droog",\N,\N,"Huisdreef","Ulvenhout","Breda","Noord-Brabant",false,51.557232,4.806091,"material damage only","4","clear",false,1,"GM0758"
"20230010241",2023,"Uitsluitend materiele schade",2,"Fiets","Fiets","Kop/staart","Rechte weg",30,"Brandend","Duisternis","Droog",\N,"468561050","Hereweg","Groningen","Groningen","Groningen",false,53.208181,6.572701,"material damage only","4","clear",false,1,"GM0014"
"20230010582",2023,"Letsel",2,"Fiets","Fiets","Onbekend","Rechte weg",30,"Brandend","Duisternis","Droog",\N,"467563081","Gelkingestraat","Groningen","Groningen","Groningen",false,53.216721,6.568925,"injury","2","clear",false,1,"GM0014"
"20230056878",2023,"Uitsluitend materiele schade",2,"Personenauto","Fiets","Onbekend",\N,\N,\N,"Daglicht",\N,\N,"491351005","Greekerinckskamp","Delden","Hof van Twente","Overijssel",false,52.261306,6.7194,"material damage only","4","unknown",false,1,"GM1735"
"20230008445",2023,"Uitsluitend materiele schade",2,"Snorfiets","Fiets","Frontaal","Rechte weg",50,"Niet brandend","Daglicht","Droog",\N,"267193053","Spoorlaan","Tilburg","Tilburg","Noord-Brabant",true,51.560149,5.083609,"material damage only","4","clear",false,1,"GM0855"
"20230011801",2023,"Letsel",3,"Personenauto","Fiets","Onbekend","Bocht",30,"Niet brandend","Daglicht","Droog",\N,"469337075","Grotestraat","Diepenheim","Hof van Twente","Overijssel",false,52.200014,6.552504,"injury","2","clear",false,1,"GM1735"
"20230009751",2023,"Uitsluitend materiele schade",2,"Personenauto","Fiets","Flank","Kruispunt, 3 takken",50,"Brandend","Duisternis","Regen",\N,\N,"Rijksweg","Groningen","Groningen","Groningen",false,53.231723,6.619187,"material damage only","4","rain",false,1,"GM0014"
"20230011027",2023,"Uitsluitend materiele schade",2,"Snorfiets","Fiets","Kop/staart","Kruispunt, 3 takken",30,"Brandend","Duisternis","Regen",\N,\N,"Burgemeester Roelenweg","Zwolle","Zwolle","Overijssel",false,52.518356,6.083982,"material damage only","4","rain",false,1,"GM0193"
"20230011616",2023,"Uitsluitend materiele schade",2,"Personenauto","Fiets","Flank","Kruispunt, 3 takken",50,"Brandend","Duisternis","Droog",\N,\N,"Gildestraat","Kampen","Kampen","Overijssel",false,52.564232,5.890948,"material damage only","4","clear",false,1,"GM0166"
"20230012512",2023,"Uitsluitend materiele schade",3,"Vrachtauto","Fiets","Onbekend","Rechte weg",50,"Niet brandend","Daglicht","Droog",\N,\N,"Laan van Fasna","Vaassen","Epe","Gelderland",false,52.281431,5.96988,"material damage only","4","clear",false,1,"GM0232"
"20230012524",2023,"Uitsluitend materiele schade",2,"Personenauto","Fiets","Flank","Kruispunt, 4 takken",50,"Niet brandend","Daglicht","Droog",\N,\N,"Weusthagstraat","Hengelo","Hengelo (O)","Overijssel",false,52.277341,6.798391,"material damage only","4","clear",false,1,\N
"20230012646",2023,"Uitsluitend materiele schade",2,"Personenauto","Fiets","Flank","Rotonde",50,"Niet aanwezig","Daglicht","Droog",\N,\N,"Keppelerdijk","Enschede","Enschede","Overijssel",false,52.213841,6.938433,"material damage only","4","clear",false,1,"GM0153"
"20240073471",2024,"Uitsluitend materiele schade",2,"Snorfiets","Fiets","Flank","Kruispunt, 4 takken",30,"Niet brandend","Daglicht","Droog",\N,\N,"Sterrenlaan","Eindhoven","Eindhoven","Noord-Brabant",false,51.467215,5.497242,"material damage only","4","clear",false,1,"GM0772"
"20240014042",2024,"Uitsluitend materiele schade",2,"Snorfiets","Fiets","Frontaal","Rechte weg",30,"Niet brandend","Daglicht","Droog",\N,\N,"Havenstraat","'s-Hertogenbosch","'s-Hertogenbosch","Noord-Brabant",false,51.691235,5.296569,"material damage only","4","clear",false,1,"GM0796"
"20240019531",2024,"Uitsluitend materiele schade",2,"Bus","Fiets","Onbekend","Kruispunt, 4 takken",50,"Niet brandend","Daglicht","Droog",\N,\N,"Laan van Presikhaaf","Arnhem","Arnhem","Gelderland",false,51.983334,5.945205,"material damage only","4","clear",false,1,"GM0202"
"20240020547",2024,"Letsel",1,"Fiets",\N,"Onbekend","Rechte weg",30,"Niet brandend","Daglicht","Droog",\N,"601191123","Koningin Julianaweg","Leidschendam","Leidschendam-Voorburg","Zuid-Holland",false,52.087447,4.399178,"injury","2","clear",false,1,"GM1916"
"20240020566",2024,"Uitsluitend materiele schade",2,"Personenauto","Fiets","Flank","Kruispunt, 4 takken",30,"Niet brandend","Daglicht","Droog",\N,\N,"Derde Oosterparkstraat","Amsterdam","Amsterdam","Noord-Holland",false,52.356896,4.918228,"material damage only","4","clear",false,1,"GM0363"
"20240020716",2024,"Letsel",2,"Personenauto","Fiets","Flank","Kruispunt, 4 takken",50,"Niet brandend","Daglicht","Droog",\N,\N,"Valkenboslaan","'s-Gravenhage","'s-Gravenhage","Zuid-Holland",false,52.0688,4.276006,"injury","2","clear",false,1,"GM0518"
"20240039492",2024,"Uitsluitend materiele schade",2,"Personenauto","Fiets","Frontaal","Kruispunt, 4 takken",30,"Niet brandend","Daglicht",\N,\N,\N,"Siriusstraat","Borne","Borne","Overijssel",false,52.292876,6.755701,"material damage only","4","unknown",false,1,"GM0147"
"20240035122",2024,"Letsel",2,"Fiets","Personenauto","Frontaal","Rechte weg",60,"Niet brandend","Daglicht","Droog",\N,"361171001","Esdonk","Deurne","Deurne","Noord-Brabant",false,51.456242,5.760301,"injury","2","clear",false,1,"GM0762"
"20240024437",2024,"Letsel",2,\N,"Fiets","Flank","Kruispunt, 4 takken",60,"Niet brandend","Daglicht","Droog","Brug/viaduct",\N,"HOOIDONKBRUG","Son en Breugel","Son en Breugel","Noord-Brabant",false,51.506486,5.509843,"injury","2","clear",false,1,"GM0848"
"20240024464",2024,"Letsel",2,"Fiets","Fiets","Onbekend","Kruispunt, 3 takken",50,"Niet brandend","Daglicht","Droog",\N,\N,"Nuenenseweg","Geldrop","Geldrop-Mierlo","Noord-Brabant",false,51.426965,5.56646,"injury","2","clear",false,1,"GM1771"
"20240009216",2024,"Uitsluitend materiele schade",2,"Personenauto","Fiets","Flank","Kruispunt, 4 takken",30,"Niet brandend","Daglicht","Droog",\N,\N,"Laan van Presikhaaf","Arnhem","Arnhem","Gelderland",false,51.98686,5.942584,"material damage only","4","clear",false,1,"GM0202"
"20240036414",2024,"Uitsluitend materiele schade",2,"Personenauto","Fiets","Flank","Rotonde",50,"Niet brandend","Daglicht","Droog",\N,\N,"Ir Molsweg","Huissen","Lingewaard","Gelderland",false,51.948217,5.934277,"material damage only","4","clear",false,1,"GM1705"
"20240038707",2024,"Uitsluitend materiele schade",2,"Bromfiets","Fiets","Onbekend","Kruispunt, 4 takken",30,"Niet brandend","Daglicht","Droog",\N,\N,"Busbaan Parkwijk","Utrecht","Utrecht","Utrecht",false,52.091059,5.059782,"material damage only","4","clear",false,1,"GM0344"
"20240038750",2024,"Letsel",2,"Bestelauto","Fiets","Flank","Rechte weg",50,"Brandend","Duisternis","Droog",\N,"600602534","Parijsboulevard","Utrecht","Utrecht","Utrecht",false,52.09784,5.067622,"injury","2","clear",false,1,"GM0344"
"20240039680",2024,"Letsel",2,"Fiets","Overig vast object","Vast voorwerp","Rechte weg",30,"Niet brandend","Daglicht","Regen",\N,"600613686","Hoogwerf","Naaldwijk","Westland","Zuid-Holland",false,51.985031,4.208292,"injury","2","rain",false,1,"GM1783"
"20240034694",2024,"Letsel",2,"Fiets","Fiets","Onbekend","Kruispunt, 3 takken",30,"Niet brandend","Daglicht","Droog",\N,\N,"Kennedystraat","Venray","Venray","Limburg",false,51.522623,5.971091,"injury","2","clear",false,1,"GM0984"
"20240019879",2024,"Uitsluitend materiele schade",2,"Fiets","Personenauto","Frontaal","Kruispunt, 3 takken",50,"Niet brandend","Daglicht","Droog",\N,\N,"Vincent van Goghstraat","Deventer","Deventer","Overijssel",false,52.264548,6.216284,"material damage only","4","clear",false,1,"GM0150"
"20240020448",2024,"Letsel",2,"Personenauto","Fiets","Flank","Kruispunt, 3 takken",50,"Brandend","Duisternis","Droog",\N,\N,"Apeldoornselaan","'s-Gravenhage","'s-Gravenhage","Zuid-Holland",false,52.067359,4.282004,"injury","2","clear",false,1,"GM0518"
"20240020466",2024,"Letsel",1,"Fiets",\N,"Onbekend","Rechte weg",50,\N,"Daglicht",\N,\N,"166312076","Bezuidenhoutseweg","'s-Gravenhage","'s-Gravenhage","Zuid-Holland",false,52.090433,4.340622,"injury","2","unknown",false,1,"GM0518"
"20240034494",2024,"Uitsluitend materiele schade",2,"Fiets","Fiets","Flank","Kruispunt, 4 takken",30,"Niet brandend","Daglicht","Regen",\N,\N,"Grote Gracht","Maastricht","Maastricht","Limburg",false,50.850626,5.687222,"material damage only","4","rain",false,1,"GM0935"
"20240034968",2024,"Letsel",2,"Personenauto","Fiets","Voetganger","Kruispunt, 4 takken",30,"Niet brandend","Daglicht","Droog",\N,\N,"Nieuwelaan","Made","Drimmelen","Noord-Brabant",false,51.679662,4.791859,"injury","2","clear",false,1,"GM1719"
"20240032757",2024,"Letsel",2,"Fiets","Fiets","Onbekend","Rechte weg",50,"Brandend","Schemer","Droog",\N,"600891564","Churchilllaan","Leiden","Leiden","Zuid-Holland",false,52.148633,4.474803,"injury","2","clear",false,1,"GM0546"
"20240034973",2024,"Uitsluitend materiele schade",1,"Fiets",\N,"Onbekend","Rechte weg",50,"Niet brandend","Daglicht","Droog",\N,"421149015","Leutherweg","Venlo","Venlo","Limburg",false,51.357138,6.184657,"material damage only","4","clear",false,1,"GM0983"
"20240034988",2024,"Uitsluitend materiele schade",2,"Personenauto","Fiets","Flank","Kruispunt, 3 takken",60,"Niet brandend","Daglicht","Droog",\N,\N,"Lingsforterweg","Arcen","Venlo","Limburg",false,51.475781,6.210024,"material damage only","4","clear",false,1,"GM0983"
"20240035148",2024,"Uitsluitend materiele schade",2,"Bestelauto","Fiets","Onbekend","Rotonde",30,"Niet brandend","Daglicht","Droog",\N,\N,"Karel Doormanstraat","Boxmeer","Land van Cuijk","Noord-Brabant",false,51.654105,5.942981,"material damage only","4","clear",false,1,"GM1982"
"20220154622",2022,"Letsel",2,"Personenauto","Fiets","Flank","Kruispunt, 4 takken",50,"Niet brandend","Daglicht","Droog",\N,\N,"Provinciënlaan","Heemstede","Heemstede","Noord-Holland",false,52.350692,4.616954,"injury","2","clear",false,1,"GM0397"