"accident_id","year","severity_raw","party_count","party1_type","party2_type","accident_type","road_situation","speed_limit_kmh","road_lighting","light_condition_label","weather_raw","infra_type","road_segment_id","street_name","place_name","gemeente_name_raw","province","alcohol_indicated","latitude","longitude","severity_label","severity_code","weather_label","built_up_area","cyclists_involved","gemeente_code"
"20220155926",2022,"Letsel",1,"Fiets",\N,"Eenzijdig",\N,30,\N,"Daglicht",\N,\N,"216280004","Kerkweg","Berkenwoude","Krimpenerwaard","Zuid-Holland",false,51.946515,4.706672,"injury","2","unknown",false,1,"GM1931"
"20220175709",2022,"Uitsluitend materiele schade",2,"Personenauto","e-bike","Flank","Rotonde",50,"Niet brandend","Daglicht","Droog",\N,\N,"Oude Hoeverweg","Alkmaar","Alkmaar","Noord-Holland",false,52.639194,4.728658,"material damage only","4","clear",false,1,"GM0361"
"20220125784",2022,"Letsel",2,"Fiets","Fiets","Frontaal","Rechte weg",50,"Brandend","Duisternis","Droog",\N,"600507354","Westvlietweg","'s-Gravenhage","'s-Gravenhage","Zuid-Holland",false,52.062082,4.357711,"injury","2","clear",false,1,"GM0518"
"20220126642",2022,"Letsel",2,"Fiets","Fiets","Onbekend","Bocht",50,"Brandend","Duisternis","Droog",\N,"218300035","Edisonstraat","Reeuwijk","Bodegraven-Reeuwijk","Zuid-Holland",false,52.038813,4.717048,"injury","2","clear",false,1,"GM1901"
"20220131930",2022,"Letsel",3,"Fiets","Overig wegmeubilair","Vast voorwerp","Rechte weg",60,"Niet brandend","Daglicht","Regen",\N,"600462779","Panweg","Maarheeze","Cranendonck","Noord-Brabant",false,51.328599,5.648435,"injury","2","rain",false,1,"GM1706"
"20220135939",2022,"Letsel",2,"Personenauto","Fiets","Kop/staart","Rechte weg",50,"Niet brandend","Daglicht","Droog",\N,"530353021","Lutterstraat","Losser","Losser","Overijssel",false,52.26714,7.005287,"injury","2","clear",false,1,"GM0168"
"20220150531",2022,"Uitsluitend materiele schade",2,"Personenauto","Fiets","Flank","Kruispunt, 3 takken",50,"Niet brandend","Daglicht","Droog",\N,\N,"Elbereveldstraat","Kerkrade","Kerkrade","Limburg",false,50.859556,6.016973,"material damage only","4","clear",false,1,"GM0928"
"20220154752",2022,"Letsel",2,"e-bike","Personenauto","Flank","Kruispunt, 4 takken",30,"Niet brandend","Daglicht","Droog",\N,\N,"Kerkhoflaan","Zwanenburg","Haarlemmermeer","Noord-Holland",false,52.379113,4.748314,"injury","2","clear",false,1,"GM0394"
"20220173318",2022,"Uitsluitend materiele schade",2,"Bestelauto","Fiets","Flank","Kruispunt, 4 takken",30,"Niet brandend","Daglicht","Droog",\N,\N,"Wittevrouwensingel","Utrecht","Utrecht","Utrecht",false,52.092814,5.127963,"material damage only","4","clear",false,1,"GM0344"
"20220185733",2022,"Uitsluitend materiele schade",2,"Personenauto","Fiets","Onbekend","Kruispunt, 4 takken",30,"Niet aanwezig","Daglicht","Droog",\N,\N,"Burg. Verwielstraat","Oisterwijk","Oisterwijk","Noord-Brabant",false,51.579362,5.194842,"material damage only","4","clear",false,1,"GM0824"
"20220142009",2022,"Uitsluitend materiele schade",2,"Personenauto","Fiets","Flank","Rotonde",50,"Niet brandend","Daglicht","Droog",\N,\N,"Burg Kasteleinweg","Aalsmeer","Aalsmeer","Noord-Holland",false,52.259002,4.766659,"material damage only","4","clear",false,1,"GM0358"
"20220158340",2022,"Uitsluitend materiele schade",2,"Personenauto","Fiets","Onbekend","Kruispunt, 4 takken",50,"Niet brandend","Daglicht",\N,\N,\N,"Van Overstratenlaan","Bergen op Zoom","Bergen op Zoom","Noord-Brabant",false,51.498255,4.287357,"material damage only","4","unknown",false,1,"GM0748"
"20220167090",2022,"Uitsluitend materiele schade",3,"Fiets","Fiets","Onbekend","Rechte weg",15,"Niet brandend","Daglicht","Droog",\N,"404406116","Katwolderplein","Zwolle","Zwolle","Overijssel",false,52.513492,6.086188,"material damage only","4","clear",false,1,"GM0193"
"20220178095",2022,"Uitsluitend materiele schade",2,"Snorfiets","Fiets","Frontaal","Rechte weg",30,"Niet brandend","Daglicht","Regen",\N,"245371026","Eerste Oosterparkstraat","Amsterdam","Amsterdam","Noord-Holland",true,52.357395,4.914872,"material damage only","4","rain",false,1,"GM0363"
"20220179683",2022,"Uitsluitend materiele schade",2,"Personenauto","Fiets","Flank","Rotonde",50,"Niet brandend","Daglicht","Droog",\N,\N,"Laan van de Glazen Stad","Naaldwijk","Westland","Zuid-Holland",false,51.991018,4.218247,"material damage only","4","clear",false,1,"GM1783"
"20220119205",2022,"Letsel",3,"Fiets","Fiets","Los voorwerp","Rechte weg",\N,"Niet brandend","Schemer","Droog",\N,"600528289","Deventerweg","Holten","Rijssen-Holten","Overijssel",false,52.274434,6.352729,"injury","2","clear",false,1,"GM1742"
"20220161369",2022,"Uitsluitend materiele schade",2,"e-bike","Fiets","Flank","Kruispunt, 4 takken",50,"Niet brandend","Daglicht","Droog",\N,\N,"Stationsweg","Groningen","Groningen","Groningen",false,53.212079,6.561816,"material damage only","4","clear",false,1,"GM0014"
"20220178179",2022,"Letsel",2,"Fiets","Fiets","Flank","Kruispunt, 4 takken",50,"Niet brandend","Daglicht","Droog",\N,\N,"0048 BRUG","Amsterdam","Amsterdam","Noord-Holland",false,52.370373,4.884402,"injury","2","clear",false,1,"GM0363"
"20220197825",2022,"Letsel",3,"Personenauto","Fiets","Los voorwerp","Rechte weg",50,"Niet brandend","Daglicht","Droog",\N,"600797063","President Kennedylaan","Tiel","Tiel","Gelderland",false,51.889126,5.41601,"injury","2","clear",false,1,"GM0281"
"20220130980",2022,"Letsel",2,"Personenauto","Fiets","Flank","Rechte weg",60,"Niet brandend","Daglicht","Droog",\N,"278216002","Margrietweg","Helvoirt","Vught","Noord-Brabant",false,51.661135,5.169218,"injury","2","clear",false,1,"GM0865"
"20220137085",2022,"Letsel",2,"Bestelauto","e-bike","Flank","Kruispunt, 3 takken",50,"Niet brandend","Daglicht","Droog",\N,\N,"Ypkemeulestraat","Enschede","Enschede","Overijssel",false,52.207914,6.871473,"injury","2","clear",false,1,"GM0153"
"20220142215",2022,"Letsel",2,"Personenauto","Fiets","Flank","Rechte weg",50,"Niet brandend","Daglicht","Droog",\N,"600757820","Plesmanlaan","Amsterdam","Amsterdam","Noord-Holland",false,52.350209,4.824288,"injury","2","clear",false,1,"GM0363"
"20220146645",2022,"Letsel",2,"Personenauto","Fiets","Flank","Kruispunt, 4 takken",50,"Niet brandend","Daglicht","Droog",\N,\N,"Dordtselaan","Rotterdam","Rotterdam","Zuid-Holland",false,51.889409,4.494135,"injury","2","clear",false,1,"GM0599"
"20220146646",2022,"Uitsluitend materiele schade",2,"Snorfiets","Fiets","Onbekend","Rotonde",\N,"Niet brandend","Daglicht","Droog",\N,\N,"Nieuwe Haven","Schiedam","Schiedam","Zuid-Holland",false,51.912224,4.399307,"material damage only","4","clear",false,1,"GM0606"
"20220157333",2022,"Letsel",2,"Bestelauto","Fiets","Flank","Kruispunt, 3 takken",50,"Niet brandend","Daglicht","Droog",\N,\N,"Stougjesdijk","Oud-Beijerland","Hoeksche Waard","Zuid-Holland",false,51.820608,4.440846,"injury","2","clear",false,1,"GM1963"
"20220160213",2022,"Letsel",2,"Personenauto","Fiets","Flank","Rechte weg",50,"Niet brandend","Daglicht","Droog",\N,"300221040","Hekellaan","'s-Hertogenbosch","'s-Hertogenbosch","Noord-Brabant",false,51.687807,5.316638,"injury","2","clear",false,1,"GM0796"
"20220179829",2022,"Letsel",2,"Personenauto","Fiets","Onbekend","Rotonde",50,"Niet brandend","Daglicht","Droog",\N,\N,"Dynamostraat","'s-Gravenhage","'s-Gravenhage","Zuid-Holland",false,52.059044,4.306054,"injury","2","clear",false,1,"GM0518"
"20220181078",2022,"Uitsluitend materiele schade",2,"Personenauto","Fiets","Flank","Kruispunt, 4 takken",50,"Niet brandend","Daglicht","Droog",\N,\N,"Heertjeslaan","Delft","Delft","Zuid-Holland",false,51.987654,4.380031,"material damage only","4","clear",false,1,"GM0503"
"20220197892",2022,"Uitsluitend materiele schade",2,"Personenauto","Fiets","Flank","Rechte weg",50,"Brandend","Duisternis","Droog",\N,"474382012","Hammerweg","Vriezenveen","Twenterand","Overijssel",false,52.402741,6.599165,"material damage only","4","clear",false,1,"GM1700"
"20220198248",2022,"Uitsluitend materiele schade",2,"Fiets","Personenauto","Flank","Kruispunt, 3 takken",30,"Niet brandend","Daglicht","Droog",\N,\N,"Schaapsweg","Ede","Ede","Gelderland",false,52.039711,5.664243,"material damage only","4","clear",false,1,"GM0228"
"20220198261",2022,"Uitsluitend materiele schade",2,"Fiets","Personenauto","Flank","Kruispunt, 3 takken",50,"Brandend","Duisternis","Droog",\N,\N,"Slachthuisweg","Hengelo","Hengelo (O)","Overijssel",false,52.273471,6.777978,"material damage only","4","clear",false,1,\N
"20220119314",2022,"Letsel",2,"Fiets","Fiets","Frontaal","Rechte weg",80,"Niet brandend","Daglicht","Droog","Spoorwegovergang","600636927","Europalaan","Delden","Hof van Twente","Overijssel",false,52.25419,6.700608,"injury","2","clear",false,1,"GM1735"
"20220131083",2022,"Uitsluitend materiele schade",1,"Fiets",\N,"Eenzijdig","Rechte weg",60,"Niet aanwezig","Daglicht","Droog",\N,\N,"Parallelstraat","Oijen","Oss","Noord-Brabant",false,51.817857,5.484743,"material damage only","4","clear",false,1,"GM0828"
"20220131087",2022,"Uitsluitend materiele schade",2,"Snorfiets","Fiets","Flank","Kruispunt, 3 takken",50,"Niet brandend","Daglicht","Droog",\N,\N,"Vonderweg","Eindhoven","Eindhoven","Noord-Brabant",false,51.440645,5.468707,"material damage only","4","clear",false,1,"GM0772"
"20220135229",2022,"Letsel",2,"Personenauto","e-bike","Frontaal","Rechte weg",60,"Niet brandend","Daglicht","Droog",\N,"509452009","Vaart NZ","Nieuw-Amsterdam","Emmen","Drenthe",false,52.714619,6.87076,"injury","2","clear",false,1,"GM0114"
"20220150803",2022,"Uitsluitend materiele schade",3,"Personenauto","Fiets","Onbekend","Rechte weg",30,"Niet brandend","Daglicht","Droog",\N,"398017060","Gemmenicherweg","Vaals","Vaals","Limburg",false,50.76688,6.015385,"material damage only","4","clear",false,1,"GM0981"
"20220178265",2022,"Letsel",1,"Fiets",\N,"Eenzijdig","Rechte weg",50,"Brandend","Duisternis","Droog",\N,"254362089","Kromwijkdreef","Amsterdam","Amsterdam","Noord-Holland",false,52.316107,4.980685,"injury","2","clear",false,1,"GM0363"
"20220178700",2022,"Letsel",2,"Personenauto","e-bike","Onbekend","Kruispunt, 3 takken",50,"Niet brandend","Daglicht","Droog",\N,\N,"Prinses Irenelaan","Hillegom","Hillegom","Zuid-Holland",false,52.297392,4.580278,"injury","2","clear",false,1,"GM0534"
"20220179835",2022,"Letsel",2,"Fiets","Boom","Vast voorwerp","Rechte weg",50,"Niet aanwezig","Duisternis","Droog",\N,"181345134","van de Mortelstraat","Noordwijk","Noordwijk","Zuid-Holland",false,52.240394,4.448484,"injury","2","clear",false,1,"GM0575"
"20220119341",2022,"Letsel",2,"Personenauto","Fiets","Onbekend","Kruispunt, 3 takken",50,"Niet brandend","Daglicht","Regen",\N,\N,"Dr. Joop den Uylsingel","Arnhem","Arnhem","Gelderland",false,51.944561,5.889659,"injury","2","rain",false,1,"GM0202"
"20220123501",2022,"Letsel",1,"Fiets",\N,"Eenzijdig","Kruispunt, 4 takken",\N,"Brandend","Duisternis","Droog",\N,\N,"Stadhouderskade","Amsterdam","Amsterdam","Noord-Holland",false,52.357803,4.899292,"injury","2","clear",false,1,"GM0363"
"20220146783",2022,"Letsel",2,"Bromfiets","Fiets","Flank","Rechte weg",50,"Niet brandend","Daglicht","Droog",\N,"600729040","Maashaven Z.z.","Rotterdam","Rotterdam","Zuid-Holland",false,51.8975,4.492836,"injury","2","clear",false,1,"GM0599"
"20220195568",2022,"Uitsluitend materiele schade",2,"Personenauto","Fiets","Flank","Rechte weg",50,"Brandend","Duisternis","Droog",\N,"600885444","Haaksbergerstraat","Enschede","Enschede","Overijssel",false,52.213828,6.886156,"material damage only","4","clear",false,1,"GM0153"
"20220115303",2022,"Letsel",2,"Bestelauto","Fiets","Flank","Kruispunt, 3 takken",30,"Niet brandend","Daglicht","Droog",\N,\N,"Hoornsediep","Groningen","Groningen","Groningen",false,53.206929,6.562565,"injury","2","clear",false,1,"GM0014"
"20220129881",2022,"Letsel",2,"Personenauto","Fiets","Flank","Rotonde",50,"Niet brandend","Daglicht","Droog",\N,\N,"Heyhoefdreef","Tilburg","Tilburg","Noord-Brabant",false,51.577884,5.001908,"injury","2","clear",false,1,"GM0855"
"20220153081",2022,"Letsel",2,"Personenauto","Fiets","Onbekend","Rotonde",30,"Niet brandend","Daglicht","Droog",\N,\N,"Bergerslag","Staphorst","Staphorst","Overijssel",false,52.646193,6.208784,"injury","2","clear",false,1,"GM0180"
"20220179487",2022,"Letsel",1,"Fiets",\N,"Eenzijdig","Bocht",30,"Niet brandend","Daglicht","Droog",\N,"164308130","Rijswijkseplein","'s-Gravenhage","'s-Gravenhage","Zuid-Holland",false,52.07183,4.32384,"injury","2","clear",false,1,"GM0518"
"20220179985",2022,"Letsel",2,"e-bike","Overig vast object","Vast voorwerp","Rechte weg",50,"Niet brandend","Daglicht",\N,"Bus-/Tramhalte","600728745","President Kennedylaan","Oegstgeest","Oegstgeest","Zuid-Holland",false,52.189646,4.476893,"injury","2","unknown",false,1,"GM0579"
"20220195835",2022,"Uitsluitend materiele schade",1,"Fiets",\N,"Eenzijdig","Rechte weg",30,"Niet aanwezig","Daglicht","Regen",\N,"371248041","van Hogendorpstraat","Nijmegen","Nijmegen","Gelderland",false,51.807096,5.831006,"material damage only","4","rain",false,1,"GM0268"
"20220194125",2022,"Letsel",2,"Bus","Fiets","Flank","Kruispunt, 4 takken",70,"Brandend","Schemer","Droog",\N,\N,"Europaweg-Zuid","Assen","Assen","Drenthe",false,52.977422,6.556361,"injury","2","clear",false,1,"GM0106"
"20220194317",2022,"Uitsluitend materiele schade",2,"Personenauto","Fiets","Flank","Kruispunt, 4 takken",50,"Niet brandend","Daglicht","Droog",\N,\N,"Oringerbrink","Emmen","Emmen","Drenthe",false,52.763851,6.89193,"material damage only","4","clear",false,1,"GM0114"
"20220121024",2022,"Letsel",2,"Personenauto","Fiets","Flank","Kruispunt, 4 takken",30,"Niet brandend","Daglicht","Droog",\N,\N,"Zuiderweg","Hilversum","Hilversum","Noord-Holland",false,52.224881,5.183588,"injury","2","clear",false,1,"GM0402"
"20220136350",2022,"Uitsluitend materiele schade",2,"Fiets","Personenauto","Onbekend","Rechte weg",80,"Niet brandend","Daglicht","Droog",\N,"340343002","Voorthuizerstraat","Putten","Putten","Gelderland",false,52.231445,5.608879,"material damage only","4","clear",false,1,"GM0273"
"20220137286",2022,"Letsel",4,"Personenauto","Fiets","Onbekend","Rechte weg",60,"Niet brandend","Daglicht","Droog",\N,"600873482","Ypeloweg","Enter","Wierden","Overijssel",false,52.307231,6.58614,"injury","2","clear",false,1,"GM0189"
"20220140995",2022,"Letsel",3,"Fiets","Fiets","Los voorwerp","Kruispunt, 3 takken",30,"Niet brandend","Daglicht","Droog",\N,\N,"Tempeliersstraat","Haarlem","Haarlem","Noord-Holland",false,52.375231,4.630666,"injury","2","clear",false,1,"GM0392"
"20220143862",2022,"Uitsluitend materiele schade",1,"Fiets",\N,"Onbekend",\N,30,\N,"Schemer",\N,\N,"147290004","Secretaris Harmansstraat","Naaldwijk","Westland","Zuid-Holland",false,51.990289,4.203753,"material damage only","4","unknown",false,1,"GM1783"
"20220143880",2022,"Letsel",2,"Fiets","Fiets","Onbekend","Rotonde",50,"Brandend","Duisternis","Droog",\N,\N,"Broekveldselaan","Bodegraven","Bodegraven-Reeuwijk","Zuid-Holland",false,52.072293,4.747825,"injury","2","clear",false,1,"GM1901"
"20220146055",2022,"Letsel",2,"Personenauto","Fiets","Flank","Kruispunt, 4 takken",50,"Niet brandend","Daglicht",\N,\N,\N,"Pad van Jongejan","Oud-Beijerland","Hoeksche Waard","Zuid-Holland",false,51.82141,4.416487,"injury","2","unknown",false,1,"GM1963"
"20220146870",2022,"Letsel",2,"Bromfiets","Fiets","Frontaal","Kruispunt, 4 takken",\N,"Niet brandend","Daglicht","Droog",\N,\N,"Colosseumweg","Rotterdam","Rotterdam","Zuid-Holland",false,51.88738,4.522382,"injury","2","clear",false,1,"GM0599"
"20220152269",2022,"Uitsluitend materiele schade",2,"Personenauto","Fiets","Flank","Rechte weg",30,"Niet brandend","Daglicht","Droog",\N,"330556048","Prof Wassenberghplein","Franeker","Waadhoeke","Friesland",false,53.192589,5.544494,"material damage only","4","clear",false,1,"GM1949"
"20220172640",2022,"Uitsluitend materiele schade",2,"Personenauto","Fiets","Geparkeerd voertuig","Rechte weg",30,"Niet brandend","Daglicht","Droog","Parkeervoorziening","272314051","Goeman Borgesiuslaan","Utrecht","Utrecht","Utrecht",false,52.10181,5.113978,"material damage only","4","clear",false,1,"GM0344"
"20220180070",2022,"Letsel",2,"Bestelauto","Fiets","Los voorwerp","Kruispunt, 3 takken",30,"Niet brandend","Daglicht","Droog",\N,\N,"Rijswijkseweg","'s-Gravenhage","'s-Gravenhage","Zuid-Holland",false,52.071353,4.3247,"injury","2","clear",false,1,"GM0518"
"20220185199",2022,"Uitsluitend materiele schade",2,"Personenauto","Fiets","Flank","Kruispunt, 4 takken",50,"Niet brandend","Daglicht","Regen",\N,\N,"Haifaweg","Hoogvliet Rotterdam","Rotterdam","Zuid-Holland",false,51.870144,4.35093,"material damage only","4","rain",false,1,"GM0599"
"20220194370",2022,"Letsel",2,"Personenauto","Fiets","Kop/staart","Kruispunt, 4 takken",30,"Niet brandend","Daglicht","Regen",\N,\N,"Prof J Bogermanstraat","Franeker","Waadhoeke","Friesland",false,53.188841,5.535161,"injury","2","rain",false,1,"GM1949"
"20220115397",2022,"Letsel",3,"Bestelauto","Fiets","Geparkeerd voertuig","Rechte weg",50,"Niet brandend","Daglicht","Droog","Parkeervoorziening","531547019","Havenkade-West","Winschoten","Oldambt","Groningen",false,53.141612,7.045568,"injury","2","clear",false,1,"GM1895"
"20220117166",2022,"Uitsluitend materiele schade",1,"Fiets",\N,"Onbekend",\N,30,\N,"Daglicht",\N,\N,"600905553","Beekhuizenseweg","Rheden","Rheden","Gelderland",false,52.032007,6.044536,"material damage only","4","unknown",false,1,"GM0275"
"20220131398",2022,"Uitsluitend materiele schade",2,"Fiets","Bromfiets","Onbekend","Kruispunt, 3 takken",\N,"Niet brandend","Daglicht","Droog",\N,\N,"Ketelaarskampweg","'s-Hertogenbosch","'s-Hertogenbosch","Noord-Brabant",false,51.702931,5.274785,"material damage only","4","clear",false,1,"GM0796"
"20220155320",2022,"Letsel",2,"Personenauto","Fiets","Flank","Kruispunt, 4 takken",\N,"Niet brandend","Daglicht","Droog",\N,\N,"Nesserlaan","Amstelveen","Amstelveen","Noord-Holland",false,52.274741,4.859209,"injury","2","clear",false,1,"GM0362"
"20220155347",2022,"Uitsluitend materiele schade",1,"Fiets",\N,"Voetganger","Kruispunt, 4 takken",\N,"Niet brandend","Daglicht","Droog",\N,\N,"Stromarkt","Amsterdam","Amsterdam","Noord-Holland",false,52.378945,4.894648,"material damage only","4","clear",false,1,"GM0363"
"20220135522",2022,"Uitsluitend materiele schade",2,"Personenauto","Fiets","Flank","Rotonde",50,"Niet brandend","Daglicht","Droog",\N,"600861749","Havenstraat","Doetinchem","Doetinchem","Gelderland",false,51.952348,6.288918,"material damage only","4","clear",false,1,"GM0222"
"20220144015",2022,"Letsel",3,"Bestelauto","Fiets","Onbekend","Rechte weg",50,"Niet brandend","Daglicht","Droog",\N,"187350022","Victoriberg","Noordwijkerhout","Noordwijk","Zuid-Holland",false,52.262089,4.490064,"injury","2","clear",false,1,"GM0575"
"20220181366",2022,"Letsel",2,"Personenauto","Fiets","Flank","Kruispunt, 4 takken",50,"Niet brandend","Schemer","Droog",\N,\N,"De Genestetlaan","'s-Gravenhage","'s-Gravenhage","Zuid-Holland",false,52.058605,4.321484,"injury","2","clear",false,1,"GM0518"
"20220189827",2022,"Uitsluitend materiele schade",2,"Personenauto","Fiets","Onbekend","Bocht",80,"Niet brandend","Daglicht","Droog",\N,"407166006","Horsterweg","Grubbenvorst","Horst aan de Maas","Limburg",false,51.434263,6.089516,"material damage only","4","clear",false,1,"GM1507"
"20220126381",2022,"Letsel",1,"Fiets",\N,"Eenzijdig","Rechte weg",\N,"Brandend","Duisternis","Droog",\N,"600569806","Schuttersveld","Leiden","Leiden","Zuid-Holland",false,52.165992,4.485762,"injury","2","clear",false,1,"GM0546"
"20220131556",2022,"Uitsluitend materiele schade",2,"Personenauto","Fiets","Flank","Kruispunt, 4 takken",30,"Niet brandend","Daglicht","Droog",\N,\N,"Paulus Potterlaan","Helmond","Helmond","Noord-Brabant",false,51.493399,5.673663,"material damage only","4","clear",false,1,"GM0794"
"20220190729",2022,"Uitsluitend materiele schade",2,"Personenauto","Fiets","Flank","Kruispunt, 3 takken",50,"Niet brandend","Daglicht","Droog",\N,\N,"Torenstraat","Horst","Horst aan de Maas","Limburg",false,51.452717,6.056526,"material damage only","4","clear",false,1,"GM1507"
"20220190879",2022,"Uitsluitend materiele schade",2,"Personenauto","Fiets","Onbekend","Kruispunt, 4 takken",80,"Niet brandend","Daglicht","Droog",\N,\N,"Stationsstraat","Hegelsom","Horst aan de Maas","Limburg",false,51.428281,6.039812,"material damage only","4","clear",false,1,"GM1507"
"20220117543",2022,"Letsel",2,"Personenauto","e-bike","Flank","Rechte weg",80,"Niet brandend","Daglicht","Droog",\N,"600505498","Deurningerstraat","Weerselo","Dinkelland","Overijssel",false,52.332632,6.858774,"injury","2","clear",false,1,"GM1774"
"20220121254",2022,"Letsel",2,"Personenauto","e-bike","Flank","Kruispunt, 3 takken",50,"Niet brandend","Daglicht","Droog",\N,\N,"Silverstein","Amersfoort","Amersfoort","Utrecht",false,52.174633,5.397699,"injury","2","clear",false,1,"GM0307"
"20220122806",2022,"Letsel",1,"Fiets",\N,"Eenzijdig","Rechte weg",60,"Niet brandend","Daglicht","Droog",\N,"224446005","Wagenweg","Oudkarspel","Dijk en Waard","Noord-Holland",false,52.69459,4.756147,"injury","2","clear",false,1,"GM1980"
"20220122843",2022,"Letsel",1,"Fiets",\N,"Eenzijdig","Rotonde",50,"Niet brandend","Daglicht","Droog",\N,\N,"Stephensonstraat","Haarlem","Haarlem","Noord-Holland",false,52.371533,4.61469,"injury","2","clear",false,1,"GM0392"
"20220124071",2022,"Letsel",2,"e-bike","Voetganger","Voetganger","Kruispunt, 4 takken",50,"Niet brandend","Daglicht","Droog",\N,\N,"Tweede Nassaustraat","Amsterdam","Amsterdam","Noord-Holland",false,52.382706,4.877857,"injury","2","clear",false,1,"GM0363"
"20220141454",2022,"Letsel",3,"Personenauto","e-bike","Onbekend","Kruispunt, 4 takken",\N,"Niet brandend","Daglicht","Droog",\N,\N,"Linnaeusstraat","Amsterdam","Amsterdam","Noord-Holland",false,52.36003,4.925389,"injury","2","clear",false,1,"GM0363"
"20220162208",2022,"Uitsluitend materiele schade",2,"Bestelauto","Fiets","Flank","Kruispunt, 3 takken",30,"Niet brandend","Daglicht","Droog",\N,\N,"Nadirlaan","Hoogeveen","Hoogeveen","Drenthe",false,52.72187,6.510156,"material damage only","4","clear",false,1,"GM0118"
"20220185434",2022,"Uitsluitend materiele schade",3,"Fiets","Fiets","Onbekend","Rechte weg",50,"Niet brandend","Daglicht","Droog",\N,"212259004","Edisonweg","Alblasserdam","Alblasserdam","Zuid-Holland",false,51.852937,4.676836,"material damage only","4","clear",false,1,"GM0482"
"20220191637",2022,"Letsel",2,"Fiets","Fiets","Flank","Rechte weg",30,"Niet brandend","Daglicht","Droog",\N,"449544040","Brink","Roden","Noordenveld","Drenthe",false,53.135139,6.43261,"injury","2","clear",false,1,"GM1699"
"20220122872",2022,"Uitsluitend materiele schade",2,"Personenauto","Fiets","Onbekend","Rechte weg",50,"Niet brandend","Daglicht","Droog",\N,"218466024","Sint Maartensweg","Sint Maartensvlotbrug","Schagen","Noord-Holland",false,52.784763,4.712988,"material damage only","4","clear",false,1,"GM0441"
"20220136641",2022,"Letsel",1,"Fiets",\N,"Eenzijdig","Kruispunt, 3 takken",60,"Niet aanwezig","Daglicht","Droog",\N,\N,"Höftendiek","Hertme","Borne","Overijssel",false,52.312938,6.797212,"injury","2","clear",false,1,"GM0147"
"20220137534",2022,"Uitsluitend materiele schade",2,"Personenauto","e-bike","Geparkeerd voertuig","Rechte weg",50,"Niet brandend","Daglicht","Droog","Parkeervoorziening","526341006","Abel Tasmanstraat","Enschede","Enschede","Overijssel",false,52.215239,6.967702,"material damage only","4","clear",false,1,"GM0153"
"20220141508",2022,"Uitsluitend materiele schade",2,"Fiets",\N,"Flank","Kruispunt, 4 takken",50,"Niet brandend","Daglicht","Droog",\N,\N,"Jan van Galenstraat","Amsterdam","Amsterdam","Noord-Holland",false,52.375156,4.862883,"material damage only","4","clear",false,1,"GM0363"
"20220162282",2022,"Letsel",2,"Personenauto","Fiets","Onbekend","Rechte weg",30,"Niet brandend","Daglicht","Droog",\N,\N,"Molenweg","Loppersum","Eemsdelta","Groningen",false,53.330952,6.738886,"injury","2","clear",false,1,"GM1979"
"20220168081",2022,"Letsel",2,"Personenauto","Fiets","Flank","Kruispunt, 3 takken",80,"Niet brandend","Daglicht","Droog",\N,\N,"Saterslostraat","Deurningen","Dinkelland","Overijssel",false,52.303963,6.834905,"injury","2","clear",false,1,"GM1774"
"20220173042",2022,"Uitsluitend materiele schade",2,"Bestelauto","Fiets","Flank","Kruispunt, 4 takken",30,"Niet brandend","Daglicht","Regen",\N,\N,"Stephensonlaan","Hilversum","Hilversum","Noord-Holland",false,52.238425,5.17772,"material damage only","4","rain",false,1,"GM0402"
"20220196339",2022,"Uitsluitend materiele schade",2,"Personenauto","Fiets","Flank","Rotonde",50,"Niet brandend","Daglicht","Droog",\N,\N,"Alberdingk Thijmlaan","Harderwijk","Harderwijk","Gelderland",false,52.348932,5.632603,"material damage only","4","clear",false,1,"GM0243"
"20220133094",2022,"Letsel",1,"Fiets",\N,"Eenzijdig","Rechte weg",80,"Niet brandend","Daglicht","Droog",\N,"600531147","Keldenaar","Puth","Beekdaelen","Limburg",false,50.96734,5.853197,"injury","2","clear",false,1,"GM1954"
"20220136689",2022,"Letsel",2,"e-bike","e-bike","Onbekend","Rechte weg",30,"Niet brandend","Daglicht","Droog",\N,"421322064","Emmerikseweg","Zutphen","Zutphen","Gelderland",false,52.134901,6.202794,"injury","2","clear",false,1,"GM0301"
"20220150203",2022,"Letsel",2,"Personenauto","Fiets","Onbekend","Rotonde",50,"Niet brandend","Daglicht","Droog",\N,\N,"Noordelijke Randweg","Sint-Oedenrode","Meierijstad","Noord-Brabant",false,51.571831,5.47709,"injury","2","clear",false,1,"GM1948"
"20220152594",2022,"Letsel",1,"Fiets",\N,"Eenzijdig","Rechte weg",60,"Niet aanwezig","Daglicht","Droog",\N,"512387002","Nutterseweg","Nutter","Dinkelland","Overijssel",false,52.422585,6.877558,"injury","2","clear",false,1,"GM1774"
"20220159568",2022,"Uitsluitend materiele schade",2,"Personenauto","Fiets","Onbekend","Kruispunt, 4 takken",50,"Niet brandend","Daglicht","Droog",\N,\N,"Breitnerstraat","Eindhoven","Eindhoven","Noord-Brabant",false,51.436071,5.491772,"material damage only","4","clear",false,1,"GM0772"
"20220162302",2022,"Letsel",2,"Fiets","Fiets","Frontaal","Kruispunt, 4 takken",30,"Brandend","Duisternis","Droog",\N,\N,"Folkingestraat","Groningen","Groningen","Groningen",false,53.214591,6.565325,"injury","2","clear",false,1,"GM0014"