"accident_id","year","severity_raw","party_count","party1_type","party2_type","accident_type","road_situation","speed_limit_kmh","road_lighting","light_condition_label","weather_raw","infra_type","road_segment_id","street_name","place_name","gemeente_name_raw","province","alcohol_indicated","latitude","longitude","severity_label","severity_code","weather_label","built_up_area","cyclists_involved","gemeente_code"
"20240130169",2024,"Uitsluitend materiele schade",2,"Fiets","Personenauto","Flank","Kruispunt, 4 takken",30,"Niet brandend","Daglicht","Droog",\N,\N,"Burgemeester Wallerweg","Houten","Houten","Utrecht",false,52.027145,5.157695,"material damage only","4","clear",false,1,"GM0321"
"20240130283",2024,"Letsel",2,"Fiets",\N,"Onbekend","Rechte weg",30,"Niet brandend","Daglicht","Droog",\N,\N,"Dichtersbaan","Utrecht","Utrecht","Utrecht",false,52.079448,5.118761,"injury","2","clear",false,1,"GM0344"
"20240130288",2024,"Letsel",2,"Fiets","Personenauto","Flank","Kruispunt, 4 takken",30,"Niet brandend","Daglicht","Droog",\N,\N,"Oude Tempellaan","Soesterberg","Soest","Utrecht",false,52.122503,5.290442,"injury","2","clear",false,1,"GM0342"
"20230037777",2023,"Letsel",2,"Personenauto","Fiets","Onbekend","Kruispunt, 4 takken",50,"Niet brandend","Daglicht","Droog",\N,\N,"Imagination Avenue","Hoofddorp","Haarlemmermeer","Noord-Holland",false,52.276687,4.691106,"injury","2","clear",false,1,"GM0394"
"20230041798",2023,"Letsel",2,"Fiets","Lichtmast","Vast voorwerp","Kruispunt, 4 takken",60,\N,"Daglicht",\N,\N,\N,"Nansenbaan","Goes","Goes","Zeeland",false,51.481367,3.902724,"injury","2","unknown",false,1,"GM0664"
"20230045892",2023,"Uitsluitend materiele schade",2,"Fiets","Personenauto","Flank","Kruispunt, 3 takken",30,"Niet brandend","Daglicht","Droog",\N,\N,"Uitgang","Drachten","Smallingerland","Friesland",false,53.101696,6.116025,"material damage only","4","clear",false,1,"GM0090"
"20230048884",2023,"Letsel",2,"Fiets","Fiets","Onbekend","Rechte weg",50,"Niet brandend","Daglicht","Droog",\N,"158304013","Loevesteinlaan","'s-Gravenhage","'s-Gravenhage","Zuid-Holland",false,52.051687,4.27994,"injury","2","clear",false,1,"GM0518"
"20230055807",2023,"Uitsluitend materiele schade",2,"Personenauto","Fiets","Flank","Kruispunt, 4 takken",30,"Niet brandend","Daglicht","Droog",\N,\N,"Molenkrite","Sneek","Súdwest-Fryslân","Friesland",false,53.01972,5.65029,"material damage only","4","clear",false,1,"GM1900"
"20240130677",2024,"Letsel",2,"Personenauto","Fiets","Frontaal","Kruispunt, 3 takken",50,"Niet brandend","Daglicht","Droog",\N,\N,"Hogestraat","Druten","Druten","Gelderland",false,51.891565,5.609315,"injury","2","clear",false,1,"GM0225"
"20240131244",2024,"Letsel",2,"Fiets","Fiets","Kop/staart","Rechte weg",50,"Brandend","Duisternis","Droog",\N,"600763387","Amsteldijk","Amsterdam","Amsterdam","Noord-Holland",false,52.338216,4.906683,"injury","2","clear",false,1,"GM0363"
"20240131540",2024,"Letsel",2,"Fiets","Fiets","Onbekend","Rechte weg",50,"Brandend","Duisternis","Droog",\N,"211400074","Alkmaarseweg","Beverwijk","Beverwijk","Noord-Holland",false,52.488547,4.660271,"injury","2","clear",false,1,"GM0375"
"20230040695",2023,"Letsel",2,"Motor","Fiets","Flank","Rechte weg",50,"Niet brandend","Daglicht","Droog",\N,\N,"Hoofdstraat","Sassenheim","Teylingen","Zuid-Holland",false,52.222502,4.516491,"injury","2","clear",false,1,"GM1525"
"20230044770",2023,"Uitsluitend materiele schade",2,"Snorfiets","Fiets","Frontaal","Rechte weg",\N,"Niet aanwezig","Daglicht","Droog",\N,"600814494","Newtonweg","Harderwijk","Harderwijk","Gelderland",false,52.350227,5.634585,"material damage only","4","clear",false,1,"GM0243"
"20230047687",2023,"Uitsluitend materiele schade",2,"Bromfiets","Fiets","Kop/staart","Rechte weg",30,"Brandend","Duisternis","Droog",\N,"600794639","Meridiaantunnel","Amersfoort","Amersfoort","Utrecht",false,52.162377,5.387756,"material damage only","4","clear",false,1,"GM0307"
"20240132260",2024,"Letsel",1,"Fiets",\N,"Onbekend",\N,\N,\N,"Daglicht",\N,\N,"292447008","Westeinde","Enkhuizen","Enkhuizen","Noord-Holland",false,52.700131,5.263029,"injury","2","unknown",false,1,"GM0388"
"20240133031",2024,"Letsel",1,"Fiets",\N,"Onbekend","Kruispunt, 4 takken",50,"Brandend","Duisternis","Droog",\N,\N,"Reigersbergenweg","'s-Gravenhage","'s-Gravenhage","Zuid-Holland",false,52.087865,4.356394,"injury","2","clear",false,1,"GM0518"
"20240133040",2024,"Letsel",2,"Personenauto","Fiets","Flank","Kruispunt, 4 takken",50,"Niet brandend","Daglicht","Droog",\N,\N,"Hoefkade","'s-Gravenhage","'s-Gravenhage","Zuid-Holland",false,52.065193,4.306663,"injury","2","clear",false,1,"GM0518"
"20240133736",2024,"Letsel",1,"Fiets",\N,"Eenzijdig","Rechte weg",30,"Niet brandend","Daglicht","Regen",\N,"188311003","Broekwegkade","Zoetermeer","Zoetermeer","Zuid-Holland",false,52.086777,4.499802,"injury","2","rain",false,1,"GM0637"
"20230048333",2023,"Letsel",2,"Personenauto","Fiets","Flank","Kruispunt, 4 takken",50,"Niet brandend","Daglicht","Droog",\N,\N,"Groen van Prinsterersngl","Bunschoten-Spakenburg","Bunschoten","Utrecht",false,52.252625,5.372873,"injury","2","clear",false,1,"GM0313"
"20220226033",2022,"Uitsluitend materiele schade",2,"Personenauto","Fiets","Flank","Rotonde",50,"Niet brandend","Daglicht","Droog",\N,\N,"FIETSPAD","Goes","Goes","Zeeland",false,51.496439,3.896738,"material damage only","4","clear",false,1,"GM0664"
"20220199561",2022,"Uitsluitend materiele schade",1,"Fiets",\N,"Onbekend","Rechte weg",80,"Niet brandend","Daglicht","Droog",\N,"600949832","Nieuwe Steeg","Zevenaar","Zevenaar","Gelderland",false,51.942727,6.083366,"material damage only","4","clear",false,1,"GM0299"
"20220207330",2022,"Uitsluitend materiele schade",2,"Snorfiets","e-bike","Frontaal","Rechte weg",50,"Niet brandend","Daglicht","Droog",\N,"292449003","De Gouw","Enkhuizen","Enkhuizen","Noord-Holland",false,52.708747,5.264509,"material damage only","4","clear",false,1,"GM0388"
"20220213599",2022,"Letsel",1,"Fiets",\N,"Eenzijdig","Bocht",\N,"Niet brandend","Daglicht","Droog",\N,"175316003","Oude Veenpad","Leidschendam","Leidschendam-Voorburg","Zuid-Holland",false,52.108501,4.406163,"injury","2","clear",false,1,"GM1916"
"20220216624",2022,"Letsel",1,"Fiets",\N,"Eenzijdig","Rechte weg",50,"Brandend","Schemer","Droog",\N,"600379210","Stadhouderslaan","'s-Gravenhage","'s-Gravenhage","Zuid-Holland",false,52.089585,4.279425,"injury","2","clear",false,1,"GM0518"
"20220217980",2022,"Letsel",2,"e-bike","Voetganger","Voetganger","Rechte weg",50,"Brandend","Daglicht","Droog",\N,"600379496","Parallelweg","'s-Gravenhage","'s-Gravenhage","Zuid-Holland",false,52.06319,4.311257,"injury","2","clear",false,1,"GM0518"
"20220226870",2022,"Uitsluitend materiele schade",2,"Personenauto","Fiets","Onbekend",\N,30,\N,"Daglicht",\N,\N,"600378177","Lobbekenstorenstraat","Zevenbergen","Moerdijk","Noord-Brabant",false,51.646717,4.604584,"material damage only","4","unknown",false,1,"GM1709"
"20220205317",2022,"Uitsluitend materiele schade",3,"Personenauto","Fiets","Onbekend","Kruispunt, 4 takken",50,"Niet brandend","Daglicht","Droog",\N,\N,"Einsteindreef","Utrecht","Utrecht","Utrecht",false,52.113802,5.106142,"material damage only","4","clear",false,1,"GM0344"
"20220227697",2022,"Dodelijk",1,"e-bike",\N,"Eenzijdig","Rechte weg",50,"Brandend","Duisternis","Droog",\N,"293214007","Boslaan","Vught","Vught","Noord-Brabant",false,51.651877,5.267794,"fatal","1","clear",false,1,"GM0865"
"20220208203",2022,"Letsel",1,"Fiets",\N,"Eenzijdig","Rechte weg",50,"Brandend","Duisternis","Droog",\N,"600745339","Dammersweg","Velserbroek","Velsen","Noord-Holland",false,52.428212,4.671672,"injury","2","clear",false,1,"GM0453"
"20220213662",2022,"Uitsluitend materiele schade",2,"Personenauto","Fiets","Flank","Rechte weg",30,"Brandend","Daglicht","Droog",\N,"600120007","Raam","Gouda","Gouda","Zuid-Holland",false,52.008572,4.70804,"material damage only","4","clear",false,1,"GM0513"
"20220216671",2022,"Letsel",1,"Fiets",\N,"Eenzijdig","Rechte weg",30,"Niet brandend","Daglicht","Droog",\N,"168309146","Koningin Julianaplein","Voorburg","Leidschendam-Voorburg","Zuid-Holland",false,52.076198,4.3579,"injury","2","clear",false,1,"GM1916"
"20220224462",2022,"Letsel",2,"Bromfiets","Fiets","Flank","Rechte weg",30,"Niet aanwezig","Daglicht","Droog",\N,\N,"Stadionstraat","Breda","Breda","Noord-Brabant",false,51.596143,4.750132,"injury","2","clear",false,1,"GM0758"
"20220228104",2022,"Uitsluitend materiele schade",2,"Personenauto","Fiets","Flank","Kruispunt, 3 takken",50,"Niet brandend","Daglicht","Droog",\N,"301228060","Eerste Reit","'s-Hertogenbosch","'s-Hertogenbosch","Noord-Brabant",false,51.715345,5.329644,"material damage only","4","clear",false,1,"GM0796"
"20220229125",2022,"Dodelijk",2,"Trekker","Fiets","Eenzijdig","Rechte weg",80,"Brandend","Duisternis","Regen",\N,"369163002","Loon","Liessel","Deurne","Noord-Brabant",false,51.422732,5.816258,"fatal","1","rain",false,1,"GM0762"
"20220010388",2022,"Dodelijk",2,"Personenauto","Fiets","Onbekend","Rechte weg",50,"Niet brandend","Daglicht","Droog",\N,"261311032","Alendorperweg","Vleuten","Utrecht","Utrecht",false,52.090557,5.03783,"fatal","1","clear",false,1,"GM0344"
"20220209064",2022,"Letsel",1,"Fiets",\N,"Eenzijdig","Rechte weg",30,"Niet brandend","Duisternis","Droog",\N,"206374072","Wilhelminapark","Haarlem","Haarlem","Noord-Holland",false,52.372763,4.623848,"injury","2","clear",false,1,"GM0392"
"20220209815",2022,"Letsel",2,"Personenauto","Fiets","Flank","Kruispunt, 3 takken",50,"Brandend","Duisternis","Droog",\N,\N,"Paul Krugerkade","Haarlem","Haarlem","Noord-Holland",false,52.391537,4.649707,"injury","2","clear",false,1,"GM0392"
"20220211649",2022,"Letsel",2,"Personenauto","e-bike","Flank","Kruispunt, 4 takken",50,"Niet brandend","Daglicht","Regen",\N,\N,"Pieter Calandlaan","Amsterdam","Amsterdam","Noord-Holland",false,52.353243,4.805523,"injury","2","rain",false,1,"GM0363"
"20220224523",2022,"Letsel",1,"Fiets",\N,"Eenzijdig",\N,60,\N,"Duisternis",\N,\N,"93181018","Nieuwe Rijksweg","'s-Heer Arendskerke","Goes","Zeeland",false,51.498673,3.831815,"injury","2","unknown",false,1,"GM0664"
"20220213719",2022,"Letsel",3,"Personenauto","Fiets","Los voorwerp","Rechte weg",30,"Niet brandend","Daglicht","Droog",\N,"207276027","Kerkweg","Ouderkerk aan den IJssel","Krimpenerwaard","Zuid-Holland",false,51.931279,4.639953,"injury","2","clear",false,1,"GM1931"
"20220219567",2022,"Uitsluitend materiele schade",2,"Bromfiets","Fiets","Flank","Rechte weg",15,"Brandend","Schemer","Droog",\N,"169262010","Lokkertsemolenweg","Hoogvliet Rotterdam","Rotterdam","Zuid-Holland",false,51.865897,4.366024,"material damage only","4","clear",false,1,"GM0599"
"20220222442",2022,"Uitsluitend materiele schade",2,"Personenauto","Fiets","Flank","Kruispunt, 4 takken",50,"Niet brandend","Daglicht","Regen",\N,\N,"Stationssingel","Berkel en Rodenrijs","Lansingerland","Zuid-Holland",false,51.988608,4.462799,"material damage only","4","rain",false,1,"GM1621"
"20220205492",2022,"Uitsluitend materiele schade",2,"Snorfiets","Fiets","Onbekend","Rechte weg",\N,"Niet brandend","Daglicht","Droog",\N,\N,"Helling","Utrecht","Utrecht","Utrecht",false,52.07779,5.122397,"material damage only","4","clear",false,1,"GM0344"
"20220211711",2022,"Letsel",2,"Bromfiets","Fiets","Flank","Kruispunt, 4 takken",30,"Brandend","Duisternis","Mist",\N,\N,"Alfred Döblinstraat","Amsterdam","Amsterdam","Noord-Holland",false,52.320411,4.945905,"injury","2","fog",false,1,"GM0363"
"20220220367",2022,"Letsel",1,"e-bike",\N,"Eenzijdig","Rechte weg",50,"Niet brandend","Daglicht","Droog",\N,"226251053","Rembrandtlaan","Sliedrecht","Sliedrecht","Zuid-Holland",false,51.819479,4.782607,"injury","2","clear",false,1,"GM0610"
"20220225464",2022,"Letsel",2,"Motor","Fiets","Flank","Kruispunt, 3 takken",\N,"Niet brandend","Daglicht","Droog",\N,\N,"Groene Woud","Breda","Breda","Noord-Brabant",false,51.573045,4.791742,"injury","2","clear",false,1,"GM0758"
"20220204801",2022,"Uitsluitend materiele schade",2,"Personenauto","Fiets","Flank","Kruispunt, 4 takken",30,"Brandend","Duisternis","Droog",\N,\N,"Stationsplein","Utrecht","Utrecht","Utrecht",false,52.090963,5.111028,"material damage only","4","clear",false,1,"GM0344"
"20220211092",2022,"Letsel",2,"Fiets","Fiets","Kop/staart","Rechte weg",30,"Brandend","Duisternis","Regen",\N,"600394276","Wibautstraat","Amsterdam","Amsterdam","Noord-Holland",false,52.357229,4.910504,"injury","2","rain",false,1,"GM0363"
"20220213846",2022,"Letsel",2,"Fiets","Voetganger","Voetganger","Rechte weg",50,"Brandend","Schemer","Droog",\N,"189350062","Via Nova","Noordwijkerhout","Noordwijk","Zuid-Holland",false,52.26194,4.505334,"injury","2","clear",false,1,"GM0575"
"20220214670",2022,"Letsel",2,"Bromfiets","Fiets","Frontaal","Rechte weg",50,"Niet brandend","Daglicht","Droog",\N,"600242284","Westvlietweg","Leidschendam","Leidschendam-Voorburg","Zuid-Holland",false,52.059689,4.352924,"injury","2","clear",false,1,"GM1916"
"20220221119",2022,"Uitsluitend materiele schade",3,"Personenauto","Fiets","Onbekend","Rotonde",50,"Brandend","Duisternis","Regen",\N,\N,"Zwaluwenlaan","Vlaardingen","Vlaardingen","Zuid-Holland",false,51.928645,4.360857,"material damage only","4","rain",false,1,"GM0622"
"20220226320",2022,"Uitsluitend materiele schade",2,"Personenauto","e-bike","Flank","Kruispunt, 4 takken",50,"Niet brandend","Daglicht","Droog",\N,\N,"Vrouwemadestraat","Roosendaal","Roosendaal","Noord-Brabant",false,51.528341,4.453724,"material damage only","4","clear",false,1,"GM1674"
"20220227471",2022,"Uitsluitend materiele schade",2,"Bestelauto","Fiets","Flank","Kruispunt, 4 takken",50,"Niet brandend","Daglicht","Droog",\N,\N,"Dillenburgstraat","Eindhoven","Eindhoven","Noord-Brabant",false,51.436225,5.440484,"material damage only","4","clear",false,1,"GM0772"
"20220211112",2022,"Uitsluitend materiele schade",2,"Fiets","Fiets","Flank","Rechte weg",50,"Niet brandend","Daglicht","Droog",\N,"600759636","Mercatorplein","Amsterdam","Amsterdam","Noord-Holland",false,52.369706,4.85143,"material damage only","4","clear",false,1,"GM0363"
"20220213869",2022,"Letsel",1,"Fiets",\N,"Eenzijdig","Rechte weg",15,"Niet brandend","Duisternis","Droog",\N,"186299001","Porfier","Zoetermeer","Zoetermeer","Zuid-Holland",false,52.033366,4.48412,"injury","2","clear",false,1,"GM0637"
"20220214720",2022,"Uitsluitend materiele schade",2,"Fiets","Personenauto","Flank","Kruispunt, 4 takken",50,"Niet brandend","Daglicht","Droog",\N,\N,"Weteringkade","'s-Gravenhage","'s-Gravenhage","Zuid-Holland",false,52.07293,4.32454,"material damage only","4","clear",false,1,"GM0518"
"20220224719",2022,"Letsel",2,"Personenauto","Fiets","Flank","Kruispunt, 3 takken",50,"Niet brandend","Daglicht","Droog",\N,\N,"Hof","Dongen","Dongen","Noord-Brabant",false,51.632401,4.952372,"injury","2","clear",false,1,"GM0766"
"20220204171",2022,"Uitsluitend materiele schade",2,"Personenauto","Fiets","Flank","Kruispunt, 4 takken",50,"Niet brandend","Daglicht","Regen",\N,\N,"Dr. Schaepmanstraat","Utrecht","Utrecht","Utrecht",false,52.104528,5.090974,"material damage only","4","rain",false,1,"GM0344"
"20220210466",2022,"Uitsluitend materiele schade",2,"Personenauto","Fiets","Flank","Kruispunt, 4 takken",50,"Niet brandend","Daglicht","Droog",\N,\N,"Apollolaan","Amsterdam","Amsterdam","Noord-Holland",false,52.34871,4.882767,"material damage only","4","clear",false,1,"GM0363"
"20220211850",2022,"Uitsluitend materiele schade",3,"Personenauto","Fiets","Onbekend","Rechte weg",50,"Brandend","Duisternis","Droog",\N,"242386013","Zuideinde","Amsterdam","Amsterdam","Noord-Holland",false,52.422567,4.890603,"material damage only","4","clear",false,1,"GM0363"
"20220221200",2022,"Letsel",3,"Personenauto","Fiets","Onbekend","Kruispunt, 4 takken",50,"Niet brandend","Daglicht","Droog",\N,\N,"Broekkade","Vlaardingen","Vlaardingen","Zuid-Holland",false,51.915653,4.341734,"injury","2","clear",false,1,"GM0622"
"20220227589",2022,"Letsel",2,"Motor","Fiets","Flank","Kruispunt, 3 takken",50,"Niet brandend","Daglicht","Droog",\N,\N,"President Kennedylaan","Uden","Maashorst","Noord-Brabant",false,51.659501,5.627974,"injury","2","clear",false,1,"GM1991"
"20220137447",2022,"Dodelijk",3,"Personenauto","Fiets","Onbekend","Kruispunt, 3 takken",50,"Niet brandend","Daglicht","Droog",\N,\N,"Weurtseweg","Nijmegen","Nijmegen","Gelderland",false,51.852329,5.844126,"fatal","1","clear",false,1,"GM0268"
"20220208525",2022,"Letsel",2,"Personenauto","Fiets","Flank","Rechte weg",50,"Brandend","Duisternis","Droog",\N,"600512779","Amerikaweg","Haarlem","Haarlem","Noord-Holland",false,52.362433,4.65457,"injury","2","clear",false,1,"GM0392"
"20220215528",2022,"Letsel",2,"Personenauto","Fiets","Flank","Kruispunt, 4 takken",50,"Niet brandend","Daglicht","Droog",\N,\N,"Statenlaan","'s-Gravenhage","'s-Gravenhage","Zuid-Holland",false,52.096667,4.270554,"injury","2","clear",false,1,"GM0518"
"20220221970",2022,"Uitsluitend materiele schade",2,"Personenauto","Fiets","Onbekend","Rechte weg",30,"Brandend","Duisternis","Regen",\N,"175274041","Prof Kamerlingh Onnesln","Schiedam","Schiedam","Zuid-Holland",false,51.919473,4.410407,"material damage only","4","rain",false,1,"GM0606"
"20220219826",2022,"Uitsluitend materiele schade",2,"Personenauto","Fiets","Flank","Kruispunt, 4 takken",50,"Niet brandend","Daglicht","Regen",\N,\N,"Burg Heusdenslaan","Vlaardingen","Vlaardingen","Zuid-Holland",false,51.923379,4.362893,"material damage only","4","rain",false,1,"GM0622"
"20220224859",2022,"Letsel",2,"Personenauto","Fiets","Flank","Rotonde",50,"Niet brandend","Daglicht","Droog",\N,\N,"President Kennedylaan","Roosendaal","Roosendaal","Noord-Brabant",false,51.519551,4.45775,"injury","2","clear",false,1,"GM1674"
"20220206939",2022,"Letsel",2,"Fiets","Fiets","Onbekend","Rechte weg",50,"Niet brandend","Daglicht","Droog",\N,"226430017","Korte Schermerdijk","Alkmaar","Alkmaar","Noord-Holland",false,52.622843,4.771576,"injury","2","clear",false,1,"GM0361"
"20220214041",2022,"Letsel",1,"Fiets",\N,"Eenzijdig",\N,50,\N,"Daglicht",\N,\N,\N,"Zuidelijke Dwarsweg","Nieuwerkerk aan den IJssel","Zuidplas","Zuid-Holland",false,51.988736,4.600404,"injury","2","unknown",false,1,"GM1892"
"20220215630",2022,"Letsel",1,"Fiets",\N,"Eenzijdig","Rechte weg",30,"Brandend","Duisternis","Droog",\N,\N,"Breestraat","Leiden","Leiden","Zuid-Holland",false,52.160219,4.48481,"injury","2","clear",false,1,"GM0546"
"20220232602",2022,"Letsel",2,"Personenauto","Fiets","Kop/staart","Rechte weg",50,"Niet brandend","Daglicht","Droog",\N,"353036079","WILHELMINABRUG","Maastricht","Maastricht","Limburg",false,50.851889,5.69812,"injury","2","clear",false,1,"GM0935"
"20220199346",2022,"Uitsluitend materiele schade",2,"Personenauto","Fiets","Onbekend","Kruispunt, 3 takken",30,"Niet brandend","Daglicht","Droog",\N,\N,"Witvoetenstraat","Almelo","Almelo","Overijssel",false,52.349381,6.652542,"material damage only","4","clear",false,1,"GM0141"
"20220199349",2022,"Uitsluitend materiele schade",2,"Bestelauto","Fiets","Onbekend","Rechte weg",30,"Niet brandend","Daglicht","Droog",\N,"380415115","Oostzeestraat","Kampen","Kampen","Overijssel",false,52.558263,5.906498,"material damage only","4","clear",false,1,"GM0166"
"20220209484",2022,"Uitsluitend materiele schade",2,"Personenauto","e-bike","Flank","Bocht",50,"Niet brandend","Daglicht","Droog",\N,\N,"Kievitstraat","Den Helder","Den Helder","Noord-Holland",false,52.953951,4.762429,"material damage only","4","clear",false,1,"GM0400"
"20220211338",2022,"Uitsluitend materiele schade",1,"Fiets",\N,"Voetganger","Kruispunt, 4 takken",30,"Niet brandend","Daglicht","Droog","Brug/viaduct",\N,"Weteringschans","Amsterdam","Amsterdam","Noord-Holland",false,52.359535,4.891358,"material damage only","4","clear",false,1,"GM0363"
"20220214935",2022,"Letsel",1,"Fiets",\N,"Eenzijdig","Rechte weg",50,"Niet brandend","Daglicht","Droog",\N,"187334074","Oranje Nassaulaan","Warmond","Teylingen","Zuid-Holland",false,52.190496,4.493855,"injury","2","clear",false,1,"GM1525"
"20220216406",2022,"Uitsluitend materiele schade",2,"Personenauto","Fiets","Flank","Kruispunt, 4 takken",50,"Brandend","Duisternis","Droog",\N,\N,"Sumatrastraat","Leiden","Leiden","Zuid-Holland",false,52.168037,4.511142,"material damage only","4","clear",false,1,"GM0546"
"20220220015",2022,"Uitsluitend materiele schade",2,"Fiets","Personenauto","Flank","Kruispunt, 4 takken",50,"Niet brandend","Daglicht","Droog",\N,\N,"Stationsweg","Sliedrecht","Sliedrecht","Zuid-Holland",false,51.827592,4.774275,"material damage only","4","clear",false,1,"GM0610"
"20220222107",2022,"Letsel",2,"Bromfiets","Fiets","Frontaal","Rechte weg",30,"Niet brandend","Daglicht","Droog",\N,"600651233","Maasboulevard","Rotterdam","Rotterdam","Zuid-Holland",false,51.919757,4.503126,"injury","2","clear",false,1,"GM0599"
"20220227777",2022,"Uitsluitend materiele schade",2,"Personenauto","Fiets","Onbekend","Rotonde",50,"Niet brandend","Daglicht","Droog",\N,\N,"Corsica","Veghel","Meierijstad","Noord-Brabant",false,51.599184,5.518511,"material damage only","4","clear",false,1,"GM1948"
"20220228572",2022,"Uitsluitend materiele schade",3,"Personenauto","Fiets","Los voorwerp","Rotonde",50,"Brandend","Schemer","Droog",\N,\N,"Korhoenderveld","Cuijk","Land van Cuijk","Noord-Brabant",false,51.720311,5.887451,"material damage only","4","clear",false,1,"GM1982"
"20220204423",2022,"Letsel",2,"Personenauto","e-bike","Flank","Kruispunt, 3 takken",60,"Niet brandend","Daglicht","Droog",\N,\N,"Oostrumsdijkje","Houten","Houten","Utrecht",false,52.018448,5.197496,"injury","2","clear",false,1,"GM0321"
"20220206551",2022,"Letsel",1,"Fiets",\N,"Eenzijdig","Rechte weg",30,"Brandend","Duisternis","Droog",\N,"213402065","Luxemburglaan","Heemskerk","Heemskerk","Noord-Holland",false,52.49849,4.678331,"injury","2","clear",false,1,"GM0396"
"20220209543",2022,"Letsel",1,"Fiets",\N,"Eenzijdig","Rechte weg",50,"Brandend","Duisternis","Regen",\N,\N,"Vondelstraat","Alkmaar","Alkmaar","Noord-Holland",false,52.62033,4.747834,"injury","2","rain",false,1,"GM0361"
"20220206394",2022,"Letsel",3,"Bromfiets","Fiets","Onbekend","Rechte weg",30,"Niet aanwezig","Duisternis","Droog",\N,"254405039","Purmerdijk","Purmerend","Purmerend","Noord-Holland",true,52.51107,4.98176,"injury","2","clear",false,1,"GM0439"
"20220220085",2022,"Uitsluitend materiele schade",3,"Personenauto","Fiets","Onbekend","Kruispunt, 4 takken",50,"Niet brandend","Daglicht","Droog",\N,\N,"Schiekade","Rotterdam","Rotterdam","Zuid-Holland",false,51.930993,4.469743,"material damage only","4","clear",false,1,"GM0599"
"20220222179",2022,"Letsel",2,"Fiets","Fiets","Onbekend","Rechte weg",50,"Niet brandend","Daglicht","Droog",\N,"600718170","Marathonweg","Vlaardingen","Vlaardingen","Zuid-Holland",false,51.915066,4.329304,"injury","2","clear",false,1,"GM0622"
"20220224198",2022,"Letsel",2,"Personenauto","Fiets","Flank","Kruispunt, 4 takken",50,"Niet brandend","Daglicht","Droog",\N,\N,"Dommelbergenweg","Oosterhout","Oosterhout","Noord-Brabant",false,51.65989,4.861777,"injury","2","clear",false,1,"GM0826"
"20220230422",2022,"Uitsluitend materiele schade",2,"Personenauto","e-bike","Flank",\N,50,"Niet brandend","Schemer","Droog",\N,\N,"Sint Urbanusweg","Venlo","Venlo","Limburg",false,51.389941,6.167456,"material damage only","4","clear",false,1,"GM0983"
"20220200170",2022,"Uitsluitend materiele schade",2,"Bestelauto","Fiets","Onbekend","Rotonde",30,"Niet brandend","Daglicht","Droog",\N,\N,"Lebuïnuslaan","Deventer","Deventer","Overijssel",false,52.270792,6.155474,"material damage only","4","clear",false,1,"GM0150"
"20220207241",2022,"Letsel",3,"Personenauto","Fiets","Flank","Rotonde",50,"Niet brandend","Daglicht","Droog",\N,\N,"Westelijke Randweg","Broek op Langedijk","Dijk en Waard","Noord-Holland",false,52.680365,4.795763,"injury","2","clear",false,1,"GM1980"
"20220208053",2022,"Letsel",1,"Fiets",\N,"Eenzijdig","Rechte weg",30,"Niet brandend","Daglicht","Droog",\N,"206376151","Gedempte Raamgracht","Haarlem","Haarlem","Noord-Holland",false,52.377886,4.628349,"injury","2","clear",false,1,"GM0392"
"20220212141",2022,"Letsel",2,"Personenauto","Fiets","Flank","Kruispunt, 4 takken",50,"Brandend","Duisternis","Droog",\N,\N,"Admiraal De Ruijterweg","Amsterdam","Amsterdam","Noord-Holland",false,52.380785,4.854589,"injury","2","clear",false,1,"GM0363"
"20220215077",2022,"Letsel",2,"Snorfiets","e-bike","Flank","Rechte weg",30,"Niet brandend","Daglicht","Droog",\N,"163309097","Spui","'s-Gravenhage","'s-Gravenhage","Zuid-Holland",false,52.076827,4.316248,"injury","2","clear",false,1,"GM0518"
"20220215764",2022,"Letsel",2,\N,"Fiets","Eenzijdig","Kruispunt, 4 takken",15,"Niet aanwezig","Daglicht","Droog",\N,\N,"Achthovenerweg","Leiderdorp","Leiderdorp","Zuid-Holland",false,52.141844,4.533511,"injury","2","clear",false,1,"GM0547"
"20220221542",2022,"Uitsluitend materiele schade",1,"Fiets",\N,"Onbekend",\N,50,\N,"Daglicht",\N,\N,\N,"Dynamostraat","Rotterdam","Rotterdam","Zuid-Holland",false,51.887718,4.494771,"material damage only","4","unknown",false,1,"GM0599"
"20220228700",2022,"Letsel",2,"Personenauto","Fiets","Flank","Rotonde",50,"Niet brandend","Daglicht","Droog",\N,\N,"Ruusbroeclaan","Helmond","Helmond","Noord-Brabant",false,51.490698,5.666354,"injury","2","clear",false,1,"GM0794"
"20220201584",2022,"Uitsluitend materiele schade",2,"Snorfiets","Fiets","Flank","Kruispunt, 3 takken",30,"Niet brandend","Daglicht","Droog",\N,\N,"Wildenborg","Barneveld","Barneveld","Gelderland",false,52.131066,5.575515,"material damage only","4","clear",false,1,"GM0203"
"20220212180",2022,"Uitsluitend materiele schade",3,"Personenauto","Fiets","Los voorwerp","Rechte weg",50,"Brandend","Duisternis","Mist",\N,"600922903","Zuiderzeeweg","Amsterdam","Amsterdam","Noord-Holland",false,52.371395,4.962272,"material damage only","4","fog",false,1,"GM0363"
"20240133942",2024,"Letsel",1,"Fiets",\N,"Onbekend","Rechte weg",50,"Niet brandend","Daglicht","Droog",\N,"600719896","Wateringsevest","Delft","Delft","Zuid-Holland",false,52.016168,4.350944,"injury","2","clear",false,1,"GM0503"
"20240141275",2024,"Uitsluitend materiele schade",2,"Bestelauto","Fiets","Los voorwerp","Rechte weg",30,"Niet brandend","Daglicht","Regen",\N,"379417012","Ooievaarstraat","Kampen","Kampen","Overijssel",false,52.562982,5.897975,"material damage only","4","rain",false,1,"GM0166"