"accident_id","year","severity_raw","party_count","party1_type","party2_type","accident_type","road_situation","speed_limit_kmh","road_lighting","light_condition_label","weather_raw","infra_type","road_segment_id","street_name","place_name","gemeente_name_raw","province","alcohol_indicated","latitude","longitude","severity_label","severity_code","weather_label","built_up_area","cyclists_involved","gemeente_code"
"20240134551",2024,"Uitsluitend materiele schade",2,"Personenauto","Fiets","Frontaal","Rechte weg",30,"Niet brandend","Daglicht","Harde windstoten/Regen",\N,"600769677","Raadhuisstraat","Sprang-Capelle","Waalwijk","Noord-Brabant",false,51.671455,5.020703,"material damage only","4","unknown",false,1,"GM0867"
"20240134553",2024,"Letsel",2,"Bromfiets","e-bike","Flank","Kruispunt, 3 takken",30,"Niet brandend","Daglicht","Droog",\N,\N,"Wilgenpad","Papendrecht","Papendrecht","Zuid-Holland",false,51.838571,4.710988,"injury","2","clear",false,1,"GM0590"
"20240137069",2024,"Letsel",2,"Fiets","Personenauto","Frontaal","Rotonde",50,"Niet brandend","Daglicht","Droog",\N,\N,"Rompertsebaan","'s-Hertogenbosch","'s-Hertogenbosch","Noord-Brabant",false,51.699371,5.312038,"injury","2","clear",false,1,"GM0796"
"20240137702",2024,"Letsel",2,"Bromfiets","Fiets","Frontaal","Rechte weg",50,"Niet brandend","Daglicht","Droog",\N,"600534162","Sint Urbanusweg","Venlo","Venlo","Limburg",false,51.385181,6.168186,"injury","2","clear",false,1,"GM0983"
"20240144326",2024,"Letsel",2,"Fiets","Personenauto","Flank","Kruispunt, 4 takken",30,\N,"Daglicht","Droog",\N,\N,"Dotterbloem","Den Hoorn","Midden-Delfland","Zuid-Holland",false,52.004194,4.329748,"injury","2","clear",false,1,"GM1842"
"20240140025",2024,"Letsel",3,"Personenauto","Fiets","Frontaal","Kruispunt, 4 takken",50,"Niet brandend","Daglicht","Regen",\N,\N,"Liendertseweg","Amersfoort","Amersfoort","Utrecht",false,52.165213,5.398384,"injury","2","rain",false,1,"GM0307"
"20240135278",2024,"Uitsluitend materiele schade",1,"Fiets",\N,"Eenzijdig","Rechte weg",80,"Niet brandend","Daglicht","Droog",\N,\N,"Lekdijk-West","Bergambacht","Krimpenerwaard","Zuid-Holland",false,51.919928,4.782931,"material damage only","4","clear",false,1,"GM1931"
"20240141807",2024,"Uitsluitend materiele schade",2,"Fiets","Personenauto","Flank","Rotonde",30,"Niet brandend","Daglicht","Droog",\N,\N,"Burgemeester Röellstraat","Amsterdam","Amsterdam","Noord-Holland",false,52.375522,4.819675,"material damage only","4","clear",false,1,"GM0363"
"20240143243",2024,"Letsel",1,"Fiets",\N,"Onbekend","Rechte weg",50,"Niet brandend","Daglicht","Droog","Brug/viaduct","600281002","Zuidweg","Zoetermeer","Zoetermeer","Zuid-Holland",false,52.047227,4.477537,"injury","2","clear",false,1,"GM0637"
"20240137221",2024,"Letsel",2,"Personenauto","Fiets","Flank","Kruispunt, 3 takken",30,"Brandend","Daglicht","Droog",\N,\N,"Spechtstraat","Tegelen","Venlo","Limburg",false,51.335386,6.157624,"injury","2","clear",false,1,"GM0983"
"20240142357",2024,"Letsel",2,"Personenauto","Fiets","Flank","Rotonde",30,"Niet brandend","Daglicht","Droog",\N,\N,"Zandvoortselaan","Zandvoort","Zandvoort","Noord-Holland",false,52.369025,4.539447,"injury","2","clear",false,1,"GM0473"
"20240143351",2024,"Uitsluitend materiele schade",1,"Fiets",\N,"Eenzijdig","Kruispunt, 3 takken",30,"Niet brandend","Daglicht","Droog",\N,"218297147","Platteweg","Gouda","Gouda","Zuid-Holland",false,52.026262,4.720879,"material damage only","4","clear",false,1,"GM0513"
"20240143360",2024,"Letsel",2,"Fiets","Fiets","Flank","Rechte weg",50,"Niet brandend","Daglicht","Droog",\N,"156309107","Laan van Meerdervoort","'s-Gravenhage","'s-Gravenhage","Zuid-Holland",false,52.076113,4.270142,"injury","2","clear",false,1,"GM0518"
"20240149644",2024,"Uitsluitend materiele schade",2,"Fiets","Fiets","Frontaal","Rechte weg",\N,"Niet brandend","Daglicht","Droog",\N,"483377009","Vriezenveenseweg","Almelo","Almelo","Overijssel",false,52.378454,6.664746,"material damage only","4","clear",false,1,"GM0141"
"20240147911",2024,"Letsel",3,"Fiets","Fiets","Frontaal","Rechte weg",50,"Brandend","Schemer","Regen","Tunnel","300224059","Bruistensingel","'s-Hertogenbosch","'s-Hertogenbosch","Noord-Brabant",false,51.699829,5.319655,"injury","2","rain",false,1,"GM0796"
"20240135515",2024,"Letsel",2,"Personenauto","Fiets","Flank","Kruispunt, 3 takken",50,"Niet brandend","Daglicht","Droog",\N,\N,"Loevesteinstraat","Breda","Breda","Noord-Brabant",false,51.575912,4.809138,"injury","2","clear",false,1,"GM0758"
"20240141646",2024,"Uitsluitend materiele schade",2,"Personenauto","Fiets","Frontaal","Rechte weg",50,"Brandend","Duisternis","Droog","Brug/viaduct","241371124","MUSEUMBRUG 0082","Amsterdam","Amsterdam","Noord-Holland",false,52.360576,4.886009,"material damage only","4","clear",false,1,"GM0363"
"20240147768",2024,"Uitsluitend materiele schade",3,"Fiets","Bus","Flank","Rotonde",50,"Brandend","Duisternis","Droog",\N,\N,"Burg Verkuijlstraat","Boxmeer","Land van Cuijk","Noord-Brabant",false,51.648457,5.945139,"material damage only","4","clear",false,1,"GM1982"
"20240148011",2024,"Uitsluitend materiele schade",2,"Personenauto","Fiets","Flank","Rotonde",50,"Niet brandend","Daglicht","Droog",\N,\N,"Olmstraat","Echt","Echt-Susteren","Limburg",false,51.107398,5.87197,"material damage only","4","clear",false,1,"GM1711"
"20240136784",2024,"Dodelijk",2,"Personenauto","Fiets","Frontaal","Kruispunt, 3 takken",30,"Niet brandend","Daglicht","Droog",\N,\N,"den Tiender","Reusel","Reusel-De Mierden","Noord-Brabant",false,51.360235,5.171413,"fatal","1","clear",false,1,"GM1667"
"20240144078",2024,"Letsel",2,"Personenauto","Fiets","Flank","Rotonde",50,"Niet brandend","Daglicht","Droog",\N,\N,"Laan der Continenten","Alphen aan den Rijn","Alphen aan den Rijn","Zuid-Holland",false,52.128584,4.654506,"injury","2","clear",false,1,"GM0484"
"20240145127",2024,"Letsel",2,"Personenauto","Fiets","Onbekend","Rechte weg",15,"Niet brandend","Duisternis","Droog","Parkeervoorziening","601099434","Geuzenpark","Vierpolders","Voorne aan Zee","Zuid-Holland",false,51.892415,4.183325,"injury","2","clear",false,1,"GM1992"
"20240145150",2024,"Letsel",2,"Personenauto","Fiets","Flank","Rechte weg",30,"Brandend","Schemer","Droog",\N,"600706107","Mercuriusweg","Vlissingen","Vlissingen","Zeeland",false,51.452433,3.584145,"injury","2","clear",false,1,"GM0718"
"20240137538",2024,"Letsel",1,"Fiets",\N,"Flank","Rechte weg",30,"Niet aanwezig","Daglicht","Droog",\N,"332172001","Brouwersveld","Nuenen","Nuenen, Gerwen en Nederwetten","Noord-Brabant",false,51.465992,5.548267,"injury","2","clear",false,1,"GM0820"
"20240146656",2024,"Uitsluitend materiele schade",2,"Personenauto","Fiets","Flank","Rotonde",50,"Niet brandend","Daglicht","Regen",\N,\N,"Hertogensingel","Oss","Oss","Noord-Brabant",false,51.772701,5.525151,"material damage only","4","rain",false,1,"GM0828"
"20240146801",2024,"Uitsluitend materiele schade",2,"Snorfiets","Fiets","Flank","Rechte weg",50,"Niet brandend","Daglicht",\N,\N,"600802690","Franklin D Rooseveltlaan","Eindhoven","Eindhoven","Noord-Brabant",false,51.476132,5.479677,"material damage only","4","unknown",false,1,"GM0772"
"20240147187",2024,"Uitsluitend materiele schade",2,"Fiets","Personenauto","Onbekend","Rotonde",50,"Niet brandend","Daglicht","Droog",\N,\N,"Prins Bisschopsingel","Maastricht","Maastricht","Limburg",false,50.844321,5.681738,"material damage only","4","clear",false,1,"GM0935"
"20240135674",2024,"Letsel",3,"Personenauto","Fiets","Voetganger","Rechte weg",50,"Brandend","Duisternis","Droog",\N,"210248050","Krispijnseweg","Dordrecht","Dordrecht","Zuid-Holland",false,51.803306,4.664296,"injury","2","clear",false,1,"GM0505"
"20240143640",2024,"Uitsluitend materiele schade",2,"Personenauto","Fiets","Flank","Rechte weg",30,"Brandend","Duisternis","Regen",\N,"158315097","Badhuisstraat","'s-Gravenhage","'s-Gravenhage","Zuid-Holland",false,52.104779,4.27918,"material damage only","4","rain",false,1,"GM0518"
"20240147477",2024,"Uitsluitend materiele schade",1,"Fiets",\N,"Onbekend","Kruispunt, 4 takken",30,"Brandend","Duisternis","Droog",\N,\N,"Rijnstraat","'s-Hertogenbosch","'s-Hertogenbosch","Noord-Brabant",false,51.690572,5.328326,"material damage only","4","clear",false,1,"GM0796"
"20240133853",2024,"Letsel",1,"Fiets",\N,"Onbekend","Rechte weg",30,"Niet brandend","Daglicht","Droog","Brug/viaduct","210319125","Swaenswijkplaats","Alphen aan den Rijn","Alphen aan den Rijn","Zuid-Holland",false,52.125639,4.662198,"injury","2","clear",false,1,"GM0484"
"20240136379",2024,"Uitsluitend materiele schade",2,"Fiets","Personenauto","Flank","Rechte weg",80,"Brandend","Duisternis","Regen",\N,"362177001","Bakelseweg","Deurne","Deurne","Noord-Brabant",false,51.48845,5.768924,"material damage only","4","rain",false,1,"GM0762"
"20240149990",2024,"Letsel",2,"Fiets","Fiets","Flank","Kruispunt, 4 takken",30,"Niet brandend","Daglicht","Droog",\N,\N,"Geins","Wommels","Súdwest-Fryslân","Friesland",false,53.108073,5.589974,"injury","2","clear",false,1,"GM1900"
"20240150051",2024,"Letsel",1,"Fiets",\N,"Onbekend",\N,\N,\N,"Duisternis",\N,\N,"509475004","Odoornerweg","Emmen","Emmen","Drenthe",false,52.813174,6.868576,"injury","2","unknown",false,1,"GM0114"
"20240150073",2024,"Letsel",2,"Personenauto","Fiets","Flank","Kruispunt, 4 takken",80,"Niet brandend","Daglicht","Droog",\N,\N,"RING SNEEK (WEST) 20","Sneek","Súdwest-Fryslân","Friesland",false,53.031152,5.623705,"injury","2","clear",false,1,"GM1900"
"20240000779",2024,"Letsel",2,"Personenauto","Fiets","Flank","Kruispunt, 4 takken",80,"Brandend","Duisternis","Droog",\N,"600487959","Nieuwe Vierwegen","Kapelle","Kapelle","Zeeland",false,51.477212,3.93832,"injury","2","clear",false,1,"GM0678"
"20240001349",2024,"Uitsluitend materiele schade",2,"Fiets","Personenauto","Flank","Rotonde",30,"Niet aanwezig","Daglicht","Droog",\N,\N,"Boterdorpseweg","Bergschenhoek","Lansingerland","Zuid-Holland",false,51.990622,4.48002,"material damage only","4","clear",false,1,"GM1621"
"20240007356",2024,"Letsel",2,"Fiets","Bestelauto","Flank","Kruispunt, 4 takken",50,"Niet brandend","Daglicht","Droog",\N,\N,"Rhijnspoorplein","Amsterdam","Amsterdam","Noord-Holland",false,52.360339,4.908411,"injury","2","clear",false,1,"GM0363"
"20240152266",2024,"Letsel",2,"Fiets","Personenauto","Flank","Kruispunt, 3 takken",30,"Brandend","Duisternis",\N,\N,\N,"Alexanderplein","Amsterdam","Amsterdam","Noord-Holland",false,52.363064,4.920144,"injury","2","unknown",false,1,"GM0363"
"20230110476",2023,"Uitsluitend materiele schade",2,"Personenauto","Fiets","Flank","Kruispunt, 4 takken",50,"Niet brandend","Daglicht","Regen",\N,\N,"Steenovenweg","Helmond","Helmond","Noord-Brabant",false,51.475748,5.631441,"material damage only","4","rain",false,1,"GM0794"
"20240000827",2024,"Letsel",2,"Bestelauto","Fiets","Onbekend","Kruispunt, 3 takken",60,"Niet brandend","Daglicht","Droog",\N,\N,"Raakeindse Kerkweg","Molenschot","Gilze en Rijen","Noord-Brabant",false,51.547839,4.89968,"injury","2","clear",false,1,"GM0784"
"20240001040",2024,"Letsel",2,"Fiets","Personenauto","Onbekend","Rechte weg",30,"Niet brandend","Daglicht","Droog",\N,"138255010","Struytse Hoeck","Hellevoetsluis","Voorne aan Zee","Zuid-Holland",false,51.830803,4.14644,"injury","2","clear",false,1,"GM1992"
"20240004890",2024,"Letsel",2,"Personenauto","e-bike","Flank","Kruispunt, 4 takken",30,"Brandend","Daglicht","Droog",\N,\N,"Curaçaostraat","Hengelo","Hengelo (O)","Overijssel",false,52.27036,6.781563,"injury","2","clear",false,1,\N
"20240005436",2024,"Letsel",2,"Personenauto","Fiets","Flank","Rechte weg",30,"Niet brandend","Daglicht","Droog",\N,"202339001","Huigsloterdijk","Abbenes","Haarlemmermeer","Noord-Holland",false,52.214913,4.611723,"injury","2","clear",false,1,"GM0394"
"20240008541",2024,"Letsel",2,"Snorfiets","Fiets","Flank","Rechte weg",30,"Niet brandend","Daglicht","Droog","Brug/viaduct","600699906","FIETSPAD","Amsterdam","Amsterdam","Noord-Holland",false,52.359384,4.906259,"injury","2","clear",false,1,"GM0363"
"20240012430",2024,"Uitsluitend materiele schade",2,"Personenauto","Fiets","Los voorwerp","Kruispunt, 4 takken",50,"Brandend","Duisternis","Regen",\N,\N,"Hammarskjöldsingel","Amstelveen","Amstelveen","Noord-Holland",false,52.284893,4.834136,"material damage only","4","rain",false,1,"GM0362"
"20240017016",2024,"Uitsluitend materiele schade",2,"Personenauto","Fiets","Los voorwerp","Kruispunt, 3 takken",50,"Niet brandend","Daglicht","Droog",\N,\N,"Visserlaan","Duiven","Duiven","Gelderland",false,51.941636,6.021702,"material damage only","4","clear",false,1,"GM0226"
"20230108151",2023,"Uitsluitend materiele schade",2,"Bromfiets","Fiets","Frontaal","Rechte weg",\N,"Niet brandend","Duisternis","Regen",\N,"291354006","Randweg Midden","Blaricum","Blaricum","Noord-Holland",false,52.283564,5.252149,"material damage only","4","rain",false,1,"GM0376"
"20230110520",2023,"Letsel",2,\N,"Fiets","Eenzijdig","Rechte weg",30,"Niet brandend","Daglicht","Regen",\N,"336129053","Burg. Van Houtstraat","Budel","Cranendonck","Noord-Brabant",false,51.270464,5.579113,"injury","2","rain",false,1,"GM1706"
"20230110522",2023,"Letsel",2,"Personenauto","Fiets","Flank","Kruispunt, 4 takken",50,"Brandend","Duisternis","Regen",\N,\N,"Herpenstraat","Uden","Maashorst","Noord-Brabant",false,51.664079,5.61452,"injury","2","rain",false,1,"GM1991"
"20230111686",2023,"Uitsluitend materiele schade",2,"Bestelauto","Fiets","Flank","Kruispunt, 4 takken",50,"Brandend","Duisternis","Droog",\N,\N,"Spaklerweg","Amsterdam-Duivendrecht","Ouder-Amstel","Noord-Holland",false,52.3266,4.929164,"material damage only","4","clear",false,1,"GM0437"
"20230112305",2023,"Uitsluitend materiele schade",2,"Personenauto","Fiets","Frontaal","Kruispunt, 3 takken",30,"Brandend","Duisternis","Regen",\N,\N,"Dr. Lelykade","'s-Gravenhage","'s-Gravenhage","Zuid-Holland",false,52.09888,4.271412,"material damage only","4","rain",false,1,"GM0518"
"20240007557",2024,"Letsel",1,"Fiets",\N,"Eenzijdig","Rechte weg",30,"Niet brandend","Daglicht","Droog",\N,\N,"Troelstralaan","Delft","Delft","Zuid-Holland",false,51.997841,4.352129,"injury","2","clear",false,1,"GM0503"
"20240007564",2024,"Letsel",1,"Fiets",\N,"Onbekend",\N,30,\N,"Daglicht",\N,\N,"209318067","Zuiderkeerkring","Alphen aan den Rijn","Alphen aan den Rijn","Zuid-Holland",false,52.118892,4.657644,"injury","2","unknown",false,1,"GM0484"
"20240008567",2024,"Letsel",2,"Personenauto","Fiets","Frontaal","Kruispunt, 3 takken",50,"Niet brandend","Daglicht","Droog",\N,\N,"De Weel","Zijdewind","Hollands Kroon","Noord-Holland",false,52.731342,4.846251,"injury","2","clear",false,1,"GM1911"
"20240021151",2024,"Letsel",2,"Fiets","Fiets","Onbekend","Kruispunt, 4 takken",50,"Niet brandend","Daglicht","Droog",\N,\N,"Aert van der Goesstraat","'s-Gravenhage","'s-Gravenhage","Zuid-Holland",false,52.087683,4.2778,"injury","2","clear",false,1,"GM0518"
"20240010974",2024,"Uitsluitend materiele schade",2,"Personenauto","Fiets","Onbekend","Kruispunt, 4 takken",30,"Brandend","Duisternis","Droog",\N,\N,"1e Hogeweg","Zeist","Zeist","Utrecht",false,52.084623,5.242726,"material damage only","4","clear",false,1,"GM0355"
"20230108217",2023,"Uitsluitend materiele schade",2,"Personenauto","Fiets","Flank","Kruispunt, 3 takken",30,"Niet brandend","Daglicht","Droog",\N,\N,"Fanny Blankers-Koenlaan","Hoofddorp","Haarlemmermeer","Noord-Holland",false,52.306905,4.640998,"material damage only","4","clear",false,1,"GM0394"
"20230111738",2023,"Uitsluitend materiele schade",2,"Bus","Fiets","Flank","Kruispunt, 3 takken",30,"Brandend","Schemer","Droog",\N,\N,"Nieuwe Hemweg","Amsterdam","Amsterdam","Noord-Holland",false,52.392772,4.867698,"material damage only","4","clear",false,1,"GM0363"
"20230113561",2023,"Letsel",2,"Fiets","Voetganger","Voetganger","Rechte weg",50,"Brandend","Daglicht","Droog",\N,"153299032","Adriana van Roonlaan","'s-Gravenhage","'s-Gravenhage","Zuid-Holland",false,52.030871,4.245611,"injury","2","clear",false,1,"GM0518"
"20240001770",2024,"Letsel",2,"Bromfiets","Fiets","Flank","Kruispunt, 3 takken",30,"Niet brandend","Daglicht","Droog",\N,"601248281","Kievitslaan","Rotterdam","Rotterdam","Zuid-Holland",false,51.908374,4.472307,"injury","2","clear",false,1,"GM0599"
"20240002103",2024,"Uitsluitend materiele schade",2,"Personenauto","e-bike","Flank","Kruispunt, 3 takken",30,"Niet brandend","Daglicht","Regen",\N,\N,"Haammakerspad","Tegelen","Venlo","Limburg",false,51.335494,6.154135,"material damage only","4","rain",false,1,"GM0983"
"20240011956",2024,"Uitsluitend materiele schade",2,"Personenauto","Fiets","Flank","Kruispunt, 4 takken",30,"Niet brandend","Daglicht","Regen",\N,\N,"Tonselsedreef","Harderwijk","Harderwijk","Gelderland",false,52.325726,5.597386,"material damage only","4","rain",false,1,"GM0243"
"20240022874",2024,"Letsel",2,"Snorfiets","Fiets","Frontaal","Kruispunt, 3 takken",50,"Brandend","Duisternis","Regen",\N,\N,"FIETSPAD","Rotterdam","Rotterdam","Zuid-Holland",false,51.885529,4.565016,"injury","2","rain",false,1,"GM0599"
"20240023563",2024,"Uitsluitend materiele schade",2,"Personenauto","Fiets","Flank","Rotonde",50,"Niet brandend","Daglicht","Droog",\N,\N,"Edisonstraat","Zoetermeer","Zoetermeer","Zuid-Holland",false,52.057235,4.519426,"material damage only","4","clear",false,1,"GM0637"
"20240155184",2024,"Letsel",2,"Personenauto","Fiets","Frontaal","Rechte weg",50,"Niet brandend","Daglicht","Regen",\N,"601062497","Haven","Alblasserdam","Alblasserdam","Zuid-Holland",false,51.860809,4.65954,"injury","2","rain",false,1,"GM0482"
"20230112395",2023,"Letsel",1,"Fiets",\N,"Eenzijdig","Rechte weg",50,"Brandend","Daglicht","Droog",\N,"600563019","Laan van Nieuw-O-Indië","'s-Gravenhage","'s-Gravenhage","Zuid-Holland",false,52.090693,4.331823,"injury","2","clear",false,1,"GM0518"
"20240008192",2024,"Uitsluitend materiele schade",2,"Personenauto","Fiets","Flank","Kruispunt, 4 takken",50,"Niet brandend","Daglicht","Droog",\N,\N,"Hoefkade","'s-Gravenhage","'s-Gravenhage","Zuid-Holland",false,52.065043,4.306323,"material damage only","4","clear",false,1,"GM0518"
"20240024872",2024,"Uitsluitend materiele schade",2,"Personenauto","Fiets","Flank","Rechte weg",30,"Niet aanwezig","Daglicht","Droog",\N,"333205044","van Speijkstraat","Veghel","Meierijstad","Noord-Brabant",false,51.612652,5.55486,"material damage only","4","clear",false,1,"GM1948"
"20240002153",2024,"Uitsluitend materiele schade",2,"Fiets","Los voorwerp","Los voorwerp","Kruispunt, 4 takken",50,"Niet brandend","Daglicht","Droog",\N,\N,"Maasnielderweg","Roermond","Roermond","Limburg",false,51.2003,6.005073,"material damage only","4","clear",false,1,"GM0957"
"20240005061",2024,"Letsel",2,"Fiets","Personenauto","Flank","Kruispunt, 4 takken",50,"Niet brandend","Daglicht","Droog",\N,\N,"Stationsstraat","Hardenberg","Hardenberg","Overijssel",false,52.574366,6.624277,"injury","2","clear",false,1,"GM0160"
"20240010634",2024,"Uitsluitend materiele schade",2,"Personenauto","Fiets","Flank","Rotonde",30,"Niet brandend","Daglicht","Droog",\N,\N,"Voorburggracht","Broek op Langedijk","Dijk en Waard","Noord-Holland",false,52.679842,4.801629,"material damage only","4","clear",false,1,"GM1980"
"20240024883",2024,"Uitsluitend materiele schade",2,"Personenauto","Fiets","Onbekend","Rotonde",30,"Brandend","Duisternis","Droog",\N,\N,"Fransebaan","Eindhoven","Eindhoven","Noord-Brabant",false,51.478867,5.44743,"material damage only","4","clear",false,1,"GM0772"
"20240017955",2024,"Letsel",2,"Fiets",\N,"Kop/staart","Kruispunt, 3 takken",50,"Niet brandend","Daglicht","Droog",\N,\N,"Broekheurne-ring","Enschede","Enschede","Overijssel",false,52.191402,6.87173,"injury","2","clear",false,1,"GM0153"
"20240008768",2024,"Uitsluitend materiele schade",1,"Fiets",\N,"Onbekend","Rechte weg",\N,"Niet brandend","Daglicht","Droog",\N,"374281076","Hollandweg","Arnhem","Arnhem","Gelderland",false,51.955139,5.858538,"material damage only","4","clear",false,1,"GM0202"
"20240152537",2024,"Letsel",2,"Fiets","Personenauto","Flank","Kruispunt, 4 takken",50,"Niet brandend","Daglicht","Droog",\N,\N,"Bosboom-Toussaintplein","Delft","Delft","Zuid-Holland",false,51.994539,4.356203,"injury","2","clear",false,1,"GM0503"
"20240002628",2024,"Letsel",1,"Fiets",\N,"Eenzijdig","Rechte weg",60,"Niet brandend","Daglicht","Droog",\N,"600802838","Bosschebaan","Heesch","Bernheze","Noord-Brabant",false,51.730993,5.485206,"injury","2","clear",false,1,"GM1721"
"20240003483",2024,"Letsel",2,"Personenauto","Fiets","Geparkeerd voertuig","Rechte weg",30,"Niet brandend","Daglicht","Droog",\N,"406400044","Van Keppelmarke","Zwolle","Zwolle","Overijssel",false,52.488314,6.09848,"injury","2","clear",false,1,"GM0193"
"20240019002",2024,"Uitsluitend materiele schade",2,"Bromfiets","Fiets","Flank","Rechte weg",50,"Niet brandend","Daglicht","Droog",\N,"273308034","Briljantlaan","Utrecht","Utrecht","Utrecht",false,52.074575,5.123204,"material damage only","4","clear",false,1,"GM0344"
"20240021169",2024,"Letsel",2,"Fiets","Personenauto","Los voorwerp","Kruispunt, 3 takken",30,"Niet aanwezig","Daglicht","Droog","Parkeervoorziening",\N,"Dorpskade","Wateringen","Westland","Zuid-Holland",false,52.019822,4.279736,"injury","2","clear",false,1,"GM1783"
"20240002669",2024,"Uitsluitend materiele schade",2,"Personenauto","Fiets","Onbekend","Rechte weg",50,"Brandend","Duisternis","Droog",\N,"304225049","Graafsebaan","Rosmalen","'s-Hertogenbosch","Noord-Brabant",false,51.701655,5.349214,"material damage only","4","clear",false,1,"GM0796"
"20240010299",2024,"Letsel",2,"Bromfiets","Fiets","Frontaal","Kruispunt, 4 takken",50,"Niet aanwezig","Daglicht","Droog",\N,\N,"Aweg","Groningen","Groningen","Groningen",false,53.214868,6.551965,"injury","2","clear",false,1,"GM0014"
"20240014468",2024,"Uitsluitend materiele schade",2,"Personenauto","Fiets","Onbekend","Rechte weg",50,"Niet brandend","Daglicht","Regen",\N,"600725164","Beukelsweg","Rotterdam","Rotterdam","Zuid-Holland",false,51.920125,4.443264,"material damage only","4","rain",false,1,"GM0599"
"20230108455",2023,"Uitsluitend materiele schade",2,"Personenauto","Fiets","Flank","Rotonde",\N,"Niet brandend","Daglicht","Droog",\N,\N,"Gijsbrecht van Amstelstr","Hilversum","Hilversum","Noord-Holland",false,52.220042,5.152342,"material damage only","4","clear",false,1,"GM0402"
"20240155446",2024,"Letsel",1,"Fiets",\N,"Onbekend",\N,50,\N,"Duisternis",\N,\N,"176337136","Zeeweg","Katwijk","Katwijk","Zuid-Holland",false,52.200718,4.412373,"injury","2","unknown",false,1,"GM0537"
"20240003564",2024,"Uitsluitend materiele schade",2,"Bromfiets","Fiets","Frontaal","Kruispunt, 4 takken",50,"Niet brandend","Daglicht","Droog",\N,\N,"Graafseweg","Nijmegen","Nijmegen","Gelderland",false,51.834789,5.84052,"material damage only","4","clear",false,1,"GM0268"
"20240012210",2024,"Letsel",2,"Fiets","Personenauto","Flank","Rotonde",50,"Niet brandend","Daglicht","Droog",\N,\N,"Abtspoelweg","Oegstgeest","Oegstgeest","Zuid-Holland",false,52.183505,4.484506,"injury","2","clear",false,1,"GM0579"
"20240013816",2024,"Uitsluitend materiele schade",2,"Bromfiets","Fiets","Frontaal","Rechte weg",50,"Brandend","Duisternis","Droog",\N,"181276038","Vroesenpad","Rotterdam","Rotterdam","Zuid-Holland",false,51.930866,4.450344,"material damage only","4","clear",false,1,"GM0599"
"20240157499",2024,"Letsel",2,"Snorfiets","Fiets","Frontaal","Kruispunt, 3 takken",30,"Niet brandend","Daglicht","Droog",\N,\N,"Segeerssingel","Middelburg","Middelburg","Zeeland",true,51.493175,3.615218,"injury","2","clear",false,1,\N
"20240011692",2024,"Letsel",2,"Personenauto","Fiets","Flank","Rechte weg",50,"Brandend","Schemer","Droog",\N,"410339003","Molenallee","Wilp","Voorst","Gelderland",false,52.214486,6.124747,"injury","2","clear",false,1,"GM0285"
"20240153341",2024,"Letsel",2,"Fiets","Vrachtauto","Flank","Kruispunt, 4 takken",30,"Niet brandend","Daglicht","Droog/Harde windstoten",\N,\N,"Stadionweg","Amsterdam","Amsterdam","Noord-Holland",false,52.348777,4.883225,"injury","2","unknown",false,1,"GM0363"
"20240154658",2024,"Letsel",2,"Personenauto","Fiets","Frontaal","Kruispunt, 3 takken",30,"Niet brandend","Daglicht","Droog",\N,\N,"Lange Geldersekade","Dordrecht","Dordrecht","Zuid-Holland",false,51.814732,4.660564,"injury","2","clear",false,1,"GM0505"
"20230107909",2023,"Uitsluitend materiele schade",2,"Bromfiets","Fiets","Flank","Kruispunt, 4 takken",30,"Niet brandend","Daglicht","Droog",\N,\N,"Munnikenweg","Alkmaar","Alkmaar","Noord-Holland",false,52.636072,4.75732,"material damage only","4","clear",false,1,"GM0361"
"20240014104",2024,"Letsel",2,"Personenauto","Fiets","Flank","Kruispunt, 3 takken",80,"Niet brandend","Schemer","Droog",\N,\N,"Wevershoek","Oirschot","Oirschot","Noord-Brabant",false,51.505403,5.340673,"injury","2","clear",false,1,"GM0823"
"20240014725",2024,"Letsel",2,"Personenauto","Fiets","Onbekend","Bocht",50,"Niet brandend","Daglicht","Droog",\N,"600389711","Bredasestraat","Bergen op Zoom","Bergen op Zoom","Noord-Brabant",false,51.497928,4.296468,"injury","2","clear",false,1,"GM0748"
"20240018183",2024,"Uitsluitend materiele schade",2,"Personenauto","Fiets","Frontaal","Rechte weg",30,"Brandend","Duisternis",\N,\N,"600870337","Zwarte Dijkje","Noordscheschut","Hoogeveen","Drenthe",false,52.722899,6.534722,"material damage only","4","unknown",false,1,"GM0118"
"20240018886",2024,"Letsel",2,"Fiets","Personenauto","Flank","Rotonde",50,"Niet brandend","Daglicht","Regen",\N,\N,"Zeldertsepoort","Amersfoort","Amersfoort","Utrecht",false,52.200848,5.36847,"injury","2","rain",false,1,"GM0307"
"20230111521",2023,"Uitsluitend materiele schade",2,"Personenauto","Fiets","Flank","Kruispunt, 4 takken",30,"Niet brandend","Daglicht","Droog",\N,\N,"Ceintuurbaan","Amsterdam","Amsterdam","Noord-Holland",false,52.352732,4.891129,"material damage only","4","clear",false,1,"GM0363"
"20240007160",2024,"Letsel",1,"Fiets",\N,"Onbekend","Rechte weg",30,"Niet brandend","Daglicht","Droog",\N,"196346109","Frans Halsstraat","Lisse","Lisse","Zuid-Holland",false,52.245267,4.558315,"injury","2","clear",false,1,"GM0553"
"20240015940",2024,"Uitsluitend materiele schade",2,"Personenauto","Fiets","Flank","Kruispunt, 4 takken",30,"Brandend","Duisternis","Regen",\N,\N,"Vijfde Buitenpepers","'s-Hertogenbosch","'s-Hertogenbosch","Noord-Brabant",false,51.706911,5.313968,"material damage only","4","rain",false,1,"GM0796"