"accident_id","year","severity_raw","party_count","party1_type","party2_type","accident_type","road_situation","speed_limit_kmh","road_lighting","light_condition_label","weather_raw","infra_type","road_segment_id","street_name","place_name","gemeente_name_raw","province","alcohol_indicated","latitude","longitude","severity_label","severity_code","weather_label","built_up_area","cyclists_involved","gemeente_code"
"20240019462",2024,"Uitsluitend materiele schade",2,"Personenauto","Fiets","Flank","Kruispunt, 3 takken",30,"Brandend","Duisternis","Droog",\N,\N,"Nieuwe Marktstraat","Nijmegen","Nijmegen","Gelderland",false,51.845074,5.854942,"material damage only","4","clear",false,1,"GM0268"
"20240021516",2024,"Uitsluitend materiele schade",2,"Snorfiets","Fiets","Flank","Kruispunt, 4 takken",30,"Niet brandend","Daglicht","Droog",\N,\N,"Musical","Zaandam","Zaanstad","Noord-Holland",false,52.441427,4.807951,"material damage only","4","clear",false,1,"GM0479"
"20240024753",2024,"Uitsluitend materiele schade",2,"Fiets","Personenauto","Flank","Kruispunt, 4 takken",30,"Niet brandend","Daglicht","Regen",\N,\N,"Lage Witsiebaan","Tilburg","Tilburg","Noord-Brabant",false,51.573067,5.061806,"material damage only","4","rain",false,1,"GM0855"
"20230112788",2023,"Letsel",2,"Personenauto","Fiets","Flank","Kruispunt, 4 takken",30,"Niet brandend","Daglicht","Droog",\N,\N,"Laan van Eik en Duinen","'s-Gravenhage","'s-Gravenhage","Zuid-Holland",false,52.069489,4.26437,"injury","2","clear",false,1,"GM0518"
"20230025413",2023,"Letsel",2,"Bestelauto","Fiets","Onbekend","Kruispunt, 3 takken",50,"Brandend","Duisternis","Droog",\N,\N,"Industrieweg","Vlaardingen","Vlaardingen","Zuid-Holland",false,51.901578,4.329759,"injury","2","clear",false,1,"GM0622"
"20240027807",2024,"Letsel",2,"Personenauto","Fiets","Flank","Rechte weg",50,"Niet brandend","Daglicht","Droog","Parkeervoorziening","236391021","Middellandse Zee","Zaandam","Zaanstad","Noord-Holland",false,52.448201,4.844572,"injury","2","clear",false,1,"GM0479"
"20230031142",2023,"Uitsluitend materiele schade",2,"Personenauto","Fiets","Onbekend","Rotonde",50,"Niet brandend","Daglicht","Droog",\N,\N,"Plein","Vlijmen","Heusden","Noord-Brabant",false,51.694996,5.219159,"material damage only","4","clear",false,1,"GM0797"
"20230032490",2023,"Letsel",2,"Personenauto","Fiets","Onbekend","Kruispunt, 4 takken",50,\N,"Daglicht",\N,\N,\N,"Adelbert van Scharnln D","Maastricht","Maastricht","Limburg",false,50.845869,5.727676,"injury","2","unknown",false,1,"GM0935"
"20230068412",2023,"Letsel",1,"Fiets",\N,"Eenzijdig","Rechte weg",30,"Niet brandend","Daglicht","Droog",\N,"205278001","Groenendijk","Nieuwerkerk aan den IJssel","Zuidplas","Zuid-Holland",false,51.937553,4.627209,"injury","2","clear",false,1,"GM1892"
"20230013364",2023,"Uitsluitend materiele schade",2,"Personenauto","Fiets","Flank","Kruispunt, 4 takken",30,"Niet brandend","Daglicht","Regen",\N,\N,"Berkenstouwe","Staphorst","Staphorst","Overijssel",false,52.653835,6.231628,"material damage only","4","rain",false,1,"GM0180"
"20230023686",2023,"Letsel",2,"Fiets","Overig vast object","Vast voorwerp","Rechte weg",30,"Niet brandend","Daglicht","Droog",\N,"600435285","Deltaplein","'s-Gravenhage","'s-Gravenhage","Zuid-Holland",false,52.068123,4.220977,"injury","2","clear",false,1,"GM0518"
"20230023695",2023,"Letsel",2,"Bromfiets","Fiets","Flank","Rechte weg",30,"Niet brandend","Daglicht","Droog",\N,\N,"Kruisbroekweg","Naaldwijk","Westland","Zuid-Holland",false,51.988913,4.207553,"injury","2","clear",false,1,"GM1783"
"20240028846",2024,"Letsel",2,"Fiets","Fiets","Onbekend","Kruispunt, 4 takken",50,"Niet brandend","Daglicht","Regen",\N,\N,"Bisschopsweg","Bunschoten-Spakenburg","Bunschoten","Utrecht",false,52.227119,5.369942,"injury","2","rain",false,1,"GM0313"
"20230033966",2023,"Letsel",1,"Fiets",\N,"Eenzijdig","Rechte weg",50,"Niet brandend","Daglicht","Droog",\N,"600401683","Bloemsingel","Groningen","Groningen","Groningen",false,53.225359,6.566323,"injury","2","clear",false,1,"GM0014"
"20230066817",2023,"Letsel",2,"Personenauto","Fiets","Flank","Kruispunt, 4 takken",50,"Brandend","Daglicht","Droog",\N,\N,"Franklinstraat","Amersfoort","Amersfoort","Utrecht",false,52.144004,5.384062,"injury","2","clear",false,1,"GM0307"
"20230021444",2023,"Letsel",2,"Personenauto","Fiets","Flank","Kruispunt, 4 takken",50,"Niet brandend","Daglicht","Droog",\N,\N,"Meeuwenlaan","Katwijk","Katwijk","Zuid-Holland",false,52.200832,4.407161,"injury","2","clear",false,1,"GM0537"
"20230027198",2023,"Uitsluitend materiele schade",2,"Personenauto","Fiets","Flank","Rechte weg",50,"Niet brandend","Daglicht","Droog",\N,"600560076","Veensesteeg","Veen","Altena","Noord-Brabant",false,51.773819,5.094507,"material damage only","4","clear",false,1,"GM1959"
"20230030668",2023,"Uitsluitend materiele schade",2,"Personenauto","Fiets","Flank","Kruispunt, 4 takken",30,"Niet brandend","Schemer","Sneeuw/Hagel",\N,"600926781","Moerveldenpad","Best","Best","Noord-Brabant",false,51.500602,5.372368,"material damage only","4","unknown",false,1,"GM0753"
"20230034759",2023,"Uitsluitend materiele schade",2,"Fiets","Bromfiets","Flank",\N,50,"Niet brandend","Daglicht","Droog",\N,"381288182","Jansbinnensingel","Arnhem","Arnhem","Gelderland",false,51.984119,5.911397,"material damage only","4","clear",false,1,"GM0202"
"20230069230",2023,"Uitsluitend materiele schade",2,"Personenauto","Fiets","Flank","Kruispunt, 4 takken",50,"Niet brandend","Daglicht","Droog",\N,\N,"Wouwermanstraat","'s-Gravenhage","'s-Gravenhage","Zuid-Holland",false,52.064955,4.306504,"material damage only","4","clear",false,1,"GM0518"
"20230073992",2023,"Letsel",2,"Bestelauto","Fiets","Flank","Bocht",30,"Niet brandend","Daglicht","Droog",\N,"414351015","Van Lithstraat","Deventer","Deventer","Overijssel",false,52.266455,6.155838,"injury","2","clear",false,1,"GM0150"
"20230074004",2023,"Letsel",2,"Personenauto","Fiets","Flank","Kruispunt, 4 takken",60,"Niet brandend","Daglicht","Droog",\N,\N,"Hamelandweg","Lichtenvoorde","Oost Gelre","Gelderland",false,52.005577,6.588568,"injury","2","clear",false,1,"GM1586"
"20230074406",2023,"Letsel",3,\N,"Fiets","Eenzijdig","Kruispunt, 3 takken",30,"Niet brandend","Daglicht","Droog",\N,\N,"Weibuorren","Ureterp","Opsterland","Friesland",false,53.095559,6.168359,"injury","2","clear",false,1,"GM0086"
"20230015168",2023,"Letsel",3,"Fiets","Fiets","Flank","Kruispunt, 3 takken",50,"Niet brandend","Daglicht","Droog",\N,\N,"Hoogeweg","Groningen","Groningen","Groningen",true,53.234606,6.528104,"injury","2","clear",false,1,"GM0014"
"20230018641",2023,"Uitsluitend materiele schade",2,"Personenauto","Fiets","Kop/staart","Rechte weg",30,"Niet brandend","Daglicht","Regen",\N,\N,"Provincialeweg","Hoorn","Hoorn","Noord-Holland",false,52.653101,5.065401,"material damage only","4","rain",false,1,"GM0405"
"20240027434",2024,"Uitsluitend materiele schade",2,"Personenauto","Fiets","Flank","Kruispunt, 4 takken",50,"Niet brandend","Daglicht",\N,\N,"601056843","Strobosserweg","Dokkum","Noardeast-Fryslân","Friesland",false,53.322461,6.008456,"material damage only","4","unknown",false,1,"GM1970"
"20240028428",2024,"Uitsluitend materiele schade",2,"Bromfiets","Fiets","Flank","Kruispunt, 3 takken",30,"Niet brandend","Daglicht","Droog",\N,\N,"Laakboulevard","Amersfoort","Amersfoort","Utrecht",false,52.194438,5.432777,"material damage only","4","clear",false,1,"GM0307"
"20230033703",2023,"Uitsluitend materiele schade",2,"Personenauto","e-bike","Flank","Kruispunt, 3 takken",80,"Niet brandend","Daglicht","Droog",\N,\N,"Scheidingsweg","Ottersum","Gennep","Limburg",false,51.707829,6.007475,"material damage only","4","clear",false,1,"GM0907"
"20230020972",2023,"Letsel",2,"Bromfiets","Fiets","Flank","Kruispunt, 4 takken",50,"Niet brandend","Daglicht","Droog",\N,\N,"Houthavenweg","Amsterdam","Amsterdam","Noord-Holland",false,52.39385,4.875423,"injury","2","clear",false,1,"GM0363"
"20240027630",2024,"Dodelijk",2,"Fiets","Overig vast object","Vast voorwerp","Rechte weg",30,"Brandend","Duisternis","Droog","Brug/viaduct","220433065","Steeslootpad","Alkmaar","Alkmaar","Noord-Holland",false,52.638051,4.724046,"fatal","1","clear",false,1,"GM0361"
"20230033203",2023,"Uitsluitend materiele schade",2,"Personenauto","Fiets","Flank","Rotonde",50,"Niet brandend","Daglicht","Regen",\N,\N,"Parkweg","Born","Sittard-Geleen","Limburg",false,51.032635,5.810949,"material damage only","4","rain",false,1,"GM1883"
"20230034053",2023,"Uitsluitend materiele schade",2,"Personenauto","Fiets","Geparkeerd voertuig","Rechte weg",50,"Niet brandend","Daglicht","Droog",\N,"516342002","Oldenzaalsestraat","Enschede","Enschede","Overijssel",false,52.218835,6.900553,"material damage only","4","clear",false,1,"GM0153"
"20240029957",2024,"Letsel",2,"Personenauto","Fiets","Flank","Kruispunt, 4 takken",50,"Niet brandend","Daglicht","Droog",\N,\N,"Röntgenlaan","Zoetermeer","Zoetermeer","Zuid-Holland",false,52.044296,4.471924,"injury","2","clear",false,1,"GM0637"
"20230035288",2023,"Letsel",2,"Fiets","Fiets","Frontaal","Kruispunt, 4 takken",30,"Brandend","Duisternis","Droog",\N,\N,"Geulstraat","Groningen","Groningen","Groningen",false,53.209274,6.569789,"injury","2","clear",false,1,"GM0014"
"20230076334",2023,"Letsel",2,"Personenauto","Fiets","Flank","Kruispunt, 4 takken",50,"Niet brandend","Daglicht","Droog",\N,\N,"Diependaalselaan","Hilversum","Hilversum","Noord-Holland",false,52.213811,5.152755,"injury","2","clear",false,1,"GM0402"
"20230076339",2023,"Letsel",2,"Personenauto","Fiets","Flank","Rechte weg",30,"Niet brandend","Daglicht","Droog","Tankstation","229440001","Twuyverweg","Sint Pancras","Dijk en Waard","Noord-Holland",false,52.665654,4.7914,"injury","2","clear",false,1,"GM1980"
"20230076424",2023,"Uitsluitend materiele schade",2,"e-bike","Bestelauto","Flank","Kruispunt, 4 takken",50,"Niet brandend","Daglicht","Droog",\N,\N,"Baron van Nagellstraat","Barneveld","Barneveld","Gelderland",false,52.165592,5.598765,"material damage only","4","clear",false,1,"GM0203"
"20240027897",2024,"Uitsluitend materiele schade",2,"Bus","Fiets","Flank","Kruispunt, 4 takken",30,"Niet brandend","Daglicht","Droog","Tunnel",\N,"Otterstraat","Almere","Almere","Flevoland",false,52.386571,5.269635,"material damage only","4","clear",false,1,"GM0034"
"20240029133",2024,"Letsel",2,"Personenauto","e-bike","Flank","Kruispunt, 4 takken",80,"Niet brandend","Daglicht","Droog",\N,\N,"WIERDEN-NOORD 2","Almelo","Almelo","Overijssel",false,52.367504,6.610769,"injury","2","clear",false,1,"GM0141"
"20230034470",2023,"Uitsluitend materiele schade",2,"Personenauto","Fiets","Flank","Kruispunt, 4 takken",50,"Niet brandend","Daglicht","Droog",\N,\N,"Frans van Mierisstraat","Almelo","Almelo","Overijssel",false,52.343272,6.653525,"material damage only","4","clear",false,1,"GM0141"
"20230068592",2023,"Uitsluitend materiele schade",2,"Personenauto","Fiets","Flank","Bocht",50,"Niet aanwezig","Daglicht","Droog",\N,\N,"Noordplein","Rotterdam","Rotterdam","Zuid-Holland",false,51.930915,4.48562,"material damage only","4","clear",false,1,"GM0599"
"20230079123",2023,"Letsel",2,"Fiets","Fiets","Onbekend","Rechte weg",50,"Niet aanwezig","Daglicht","Droog",\N,"600283587","Vrouw Avenpad","Schipluiden","Midden-Delfland","Zuid-Holland",false,51.971047,4.320033,"injury","2","clear",false,1,"GM1842"
"20230015863",2023,"Uitsluitend materiele schade",2,"Bestelauto","Fiets","Onbekend","Kruispunt, 4 takken",30,"Brandend","Duisternis","Regen/Sneeuw/Hagel",\N,\N,"Jacob van Campenlaan","Hilversum","Hilversum","Noord-Holland",false,52.236437,5.186508,"material damage only","4","unknown",false,1,"GM0402"
"20230024494",2023,"Uitsluitend materiele schade",2,"Personenauto","Fiets","Flank","Rotonde",30,"Niet brandend","Daglicht","Droog",\N,\N,"Ophelialaan","Aalsmeer","Aalsmeer","Noord-Holland",false,52.263775,4.760037,"material damage only","4","clear",false,1,"GM0358"
"20230030808",2023,"Letsel",2,"Fiets","Personenauto","Flank","Kruispunt, 4 takken",30,"Niet brandend","Daglicht","Droog",\N,\N,"Grasvogel","Eindhoven","Eindhoven","Noord-Brabant",false,51.441675,5.413154,"injury","2","clear",false,1,"GM0772"
"20230034501",2023,"Letsel",2,"Personenauto","Fiets","Onbekend","Kruispunt, 4 takken",50,"Niet aanwezig","Daglicht","Droog",\N,\N,"Blauwgras","Heerenveen","Heerenveen","Friesland",false,52.9553,5.917661,"injury","2","clear",false,1,"GM0074"
"20230036343",2023,"Letsel",2,"Fiets","Motor","Flank","Kruispunt, 4 takken",50,"Niet brandend","Daglicht","Droog",\N,\N,"Rijksweg","Limmen","Castricum","Noord-Holland",false,52.576257,4.695369,"injury","2","clear",false,1,"GM0383"
"20230078356",2023,"Uitsluitend materiele schade",2,"Personenauto","Fiets","Onbekend","Kruispunt, 4 takken",50,"Niet brandend","Daglicht","Droog",\N,\N,"Javaplein","Amsterdam","Amsterdam","Noord-Holland",false,52.363781,4.939504,"material damage only","4","clear",false,1,"GM0363"
"20230078488",2023,"Letsel",2,"Personenauto","Fiets","Flank","Rotonde",50,"Niet brandend","Daglicht","Droog",\N,\N,"Melkweglaan","Hazerswoude-Rijndijk","Alphen aan den Rijn","Zuid-Holland",false,52.130673,4.596601,"injury","2","clear",false,1,"GM0484"
"20230078687",2023,"Letsel",2,"Fiets","Fiets","Kop/staart","Kruispunt, 4 takken",50,"Niet aanwezig","Daglicht","Droog",\N,\N,"Buiksloterdijk","Amsterdam","Amsterdam","Noord-Holland",false,52.405933,4.90699,"injury","2","clear",false,1,"GM0363"
"20230074944",2023,"Uitsluitend materiele schade",2,"Personenauto","Fiets","Flank","Bocht",30,"Brandend","Duisternis","Droog",\N,"600127875","Voorstraat","Utrecht","Utrecht","Utrecht",false,52.094709,5.119952,"material damage only","4","clear",false,1,"GM0344"
"20230020526",2023,"Uitsluitend materiele schade",2,"Bestelauto","Fiets","Flank","Rechte weg",50,"Niet brandend","Daglicht","Droog",\N,"233382001","Westhavenweg","Amsterdam","Amsterdam","Noord-Holland",false,52.408967,4.828544,"material damage only","4","clear",false,1,"GM0363"
"20230030846",2023,"Uitsluitend materiele schade",2,"Personenauto","Fiets","Flank","Rechte weg",50,"Niet brandend","Daglicht","Droog",\N,"600136685","Europalaan","Eindhoven","Eindhoven","Noord-Brabant",false,51.457106,5.474135,"material damage only","4","clear",false,1,"GM0772"
"20240031243",2024,"Uitsluitend materiele schade",2,"Bromfiets","Fiets","Flank","Kruispunt, 4 takken",50,"Niet brandend","Daglicht","Droog",\N,\N,"Slachthuisstraat","Haarlem","Haarlem","Noord-Holland",false,52.373666,4.643372,"material damage only","4","clear",false,1,"GM0392"
"20230073855",2023,"Uitsluitend materiele schade",3,"Personenauto","Fiets","Onbekend","Rechte weg",80,"Niet brandend","Daglicht","Droog",\N,\N,"Oude Postweg","Deurningen","Dinkelland","Overijssel",false,52.289879,6.866071,"material damage only","4","clear",false,1,"GM1774"
"20230014799",2023,"Uitsluitend materiele schade",2,"Motor","Fiets","Flank","Kruispunt, 4 takken",30,"Niet brandend","Daglicht","Droog",\N,\N,"Ruiterstraat","Groningen","Groningen","Groningen",false,53.214488,6.566483,"material damage only","4","clear",false,1,"GM0014"
"20230015933",2023,"Uitsluitend materiele schade",2,"Motor","Fiets","Flank","Kruispunt, 4 takken",50,"Niet brandend","Daglicht","Droog",\N,\N,"Vleutenseweg","Utrecht","Utrecht","Utrecht",false,52.094762,5.085779,"material damage only","4","clear",false,1,"GM0344"
"20240028636",2024,"Uitsluitend materiele schade",2,"Snorfiets","Fiets","Flank","Bocht",30,"Niet brandend","Daglicht","Droog",\N,"286371003","De Fantasie","Almere","Almere","Flevoland",false,52.358381,5.212906,"material damage only","4","clear",false,1,"GM0034"
"20230068383",2023,"Letsel",2,"Fiets","Voetganger","Voetganger","Rechte weg",30,\N,"Daglicht",\N,\N,"186276108","Crooswijkseweg","Rotterdam","Rotterdam","Zuid-Holland",false,51.929834,4.491368,"injury","2","unknown",false,1,"GM0599"
"20230073289",2023,"Uitsluitend materiele schade",2,"Fiets","Fiets","Flank","Rotonde",80,"Niet brandend","Daglicht","Droog",\N,\N,"Harderwijkerweg","Harderwijk","Harderwijk","Gelderland",false,52.327197,5.619282,"material damage only","4","clear",false,1,"GM0243"
"20230074661",2023,"Uitsluitend materiele schade",2,"Snorfiets","Fiets","Flank","Rechte weg",30,"Niet brandend","Daglicht","Droog",\N,"600757253","Paltrokstraat","Zaandam","Zaanstad","Noord-Holland",false,52.457894,4.816443,"material damage only","4","clear",false,1,"GM0479"
"20230078916",2023,"Uitsluitend materiele schade",3,"Personenauto","Fiets","Onbekend","Rechte weg",30,"Niet brandend","Daglicht","Droog",\N,"600362268","Osdorperweg","Amsterdam","Amsterdam","Noord-Holland",false,52.34185,4.797422,"material damage only","4","clear",false,1,"GM0363"
"20230015983",2023,"Letsel",2,"Bestelauto","Fiets","Onbekend","Rotonde",80,"Brandend","Duisternis","Droog",\N,\N,"Maarsbergseweg","Leersum","Utrechtse Heuvelrug","Utrecht",false,52.017215,5.415226,"injury","2","clear",false,1,"GM1581"
"20230021158",2023,"Letsel",2,"Brommobiel","Fiets","Flank","Kruispunt, 3 takken",50,"Brandend","Duisternis","Droog",\N,\N,"Dr. J. W. Paltelaan","Zoetermeer","Zoetermeer","Zuid-Holland",false,52.050848,4.490503,"injury","2","clear",false,1,"GM0637"
"20230021697",2023,"Letsel",1,"Fiets",\N,"Eenzijdig","Kruispunt, 3 takken",50,"Niet brandend","Daglicht","Droog",\N,\N,"Ypenburgbocht","Leiden","Leiden","Zuid-Holland",false,52.170256,4.489177,"injury","2","clear",false,1,"GM0546"
"20230024606",2023,"Uitsluitend materiele schade",2,"Personenauto","Fiets","Voetganger","Rechte weg",50,"Niet brandend","Duisternis","Droog",\N,"229376025","Jan Springerhof","Amsterdam","Amsterdam","Noord-Holland",false,52.378786,4.795388,"material damage only","4","clear",false,1,"GM0363"
"20230036428",2023,"Uitsluitend materiele schade",2,"Bromfiets","Fiets","Kop/staart","Kruispunt, 3 takken",30,"Niet brandend","Daglicht","Droog",\N,\N,"Stadhouderskade","Amsterdam","Amsterdam","Noord-Holland",false,52.359372,4.887975,"material damage only","4","clear",false,1,"GM0363"
"20230036983",2023,"Letsel",2,"Personenauto","Fiets","Flank","Rechte weg",50,"Niet brandend","Daglicht","Droog",\N,"600742665","Rijksstraatweg","Haarlem","Haarlem","Noord-Holland",false,52.399606,4.644424,"injury","2","clear",false,1,"GM0392"
"20230079310",2023,"Uitsluitend materiele schade",2,"Personenauto","Fiets","Onbekend","Rotonde",30,"Niet brandend","Daglicht","Droog",\N,\N,"Stationsweg","'s-Hertogenbosch","'s-Hertogenbosch","Noord-Brabant",false,51.690395,5.296314,"material damage only","4","clear",false,1,"GM0796"
"20230070733",2023,"Letsel",2,"Fiets","Overig vast object","Vast voorwerp","Rechte weg",80,"Niet aanwezig","Daglicht","Droog",\N,"368114002","Weverstraat","Hunsel","Leudal","Limburg",false,51.199309,5.808931,"injury","2","clear",false,1,"GM1640"
"20230024023",2023,"Uitsluitend materiele schade",2,"Fiets","Personenauto","Flank","Kruispunt, 3 takken",50,"Niet brandend","Daglicht","Droog",\N,\N,"1e Van der Helststraat","Amsterdam","Amsterdam","Noord-Holland",false,52.357828,4.892801,"material damage only","4","clear",false,1,"GM0363"
"20230024651",2023,"Uitsluitend materiele schade",2,"Bromfiets","Fiets","Flank","Rechte weg",\N,"Niet brandend","Daglicht","Droog",\N,"243375112","Prins Hendrikkade","Amsterdam","Amsterdam","Noord-Holland",false,52.376728,4.899354,"material damage only","4","clear",false,1,"GM0363"
"20230034666",2023,"Letsel",2,"Fiets","Personenauto","Flank","Kruispunt, 4 takken",50,"Niet brandend","Daglicht","Droog",\N,\N,"Haartsestraat","Aalten","Aalten","Gelderland",false,51.925471,6.592891,"injury","2","clear",false,1,"GM0197"
"20230076627",2023,"Letsel",2,"Fiets","Fiets","Frontaal","Rechte weg",80,"Niet aanwezig","Daglicht","Droog",\N,"190370002","Zuiderduinpad","Zandvoort","Zandvoort","Noord-Holland",false,52.354736,4.515378,"injury","2","clear",false,1,"GM0473"
"20230076768",2023,"Uitsluitend materiele schade",2,"Fiets","Bromfiets","Flank","Rechte weg",50,"Brandend","Duisternis","Mist",\N,"600697116","FIETSPAD","Rotterdam","Rotterdam","Zuid-Holland",false,51.909488,4.485431,"material damage only","4","fog",false,1,"GM0599"
"20230078512",2023,"Letsel",2,"Personenauto","Fiets","Flank","Rechte weg",50,"Niet brandend","Daglicht","Droog",\N,"156309109","Goudenregenstraat","'s-Gravenhage","'s-Gravenhage","Zuid-Holland",false,52.075458,4.265023,"injury","2","clear",false,1,"GM0518"
"20230071125",2023,"Uitsluitend materiele schade",2,"Personenauto","Fiets","Flank","Kruispunt, 3 takken",30,"Niet brandend","Daglicht","Droog",\N,\N,"Kerkstraat","Nuenen","Nuenen, Gerwen en Nederwetten","Noord-Brabant",false,51.470497,5.549204,"material damage only","4","clear",false,1,"GM0820"
"20230025817",2023,"Letsel",2,"Personenauto","e-bike","Flank","Kruispunt, 4 takken",60,"Niet aanwezig","Daglicht","Droog",\N,\N,"Molenweg","Sommelsdijk","Goeree-Overflakkee","Zuid-Holland",false,51.758754,4.144325,"injury","2","clear",false,1,"GM1924"
"20230020145",2023,"Letsel",2,"Personenauto","Fiets","Flank","Kruispunt, 4 takken",50,"Niet brandend","Daglicht","Regen",\N,\N,"Hanzeweg","Gouda","Gouda","Zuid-Holland",false,52.025682,4.679874,"injury","2","rain",false,1,"GM0513"
"20230022374",2023,"Uitsluitend materiele schade",1,"Fiets",\N,"Eenzijdig","Rechte weg",50,"Niet brandend","Daglicht","Droog",\N,"600750374","Goejanverwelledijk","Gouda","Gouda","Zuid-Holland",false,52.004679,4.743598,"material damage only","4","clear",false,1,"GM0513"
"20230077876",2023,"Letsel",2,"Fiets","Boom","Vast voorwerp","Rechte weg",30,"Niet brandend","Daglicht","Droog",\N,"156308078","Mient","'s-Gravenhage","'s-Gravenhage","Zuid-Holland",false,52.070067,4.266095,"injury","2","clear",false,1,"GM0518"
"20230071672",2023,"Uitsluitend materiele schade",2,"Fiets","Bestelauto","Flank","Kruispunt, 3 takken",50,"Niet brandend","Daglicht","Droog",\N,\N,"Sint Annaplein","Tilburg","Tilburg","Noord-Brabant",false,51.553259,5.07876,"material damage only","4","clear",false,1,"GM0855"
"20230071875",2023,"Letsel",2,"Personenauto","Fiets","Onbekend","Rechte weg",50,"Niet brandend","Daglicht","Droog",\N,\N,"Pater Willemsplantsoen","Meijel","Peel en Maas","Limburg",false,51.345566,5.883734,"injury","2","clear",false,1,"GM1894"
"20230014963",2023,"Letsel",2,"Personenauto","Fiets","Flank","Rechte weg",30,"Niet brandend","Daglicht","Droog",\N,"600887385","Zuiderdiep","2e Exloërmond","Borger-Odoorn","Drenthe",false,52.923305,6.971728,"injury","2","clear",false,1,"GM1681"
"20230017261",2023,"Uitsluitend materiele schade",2,"Personenauto","e-bike","Flank","Kruispunt, 4 takken",50,"Niet brandend","Daglicht","Droog",\N,\N,"Stationsplein","Heerhugowaard","Dijk en Waard","Noord-Holland",false,52.66855,4.822354,"material damage only","4","clear",false,1,"GM1980"
"20230019590",2023,"Letsel",1,"Fiets",\N,"Eenzijdig","Rechte weg",30,"Niet brandend","Daglicht","Droog",\N,"600837470","Baan","IJsselmuiden","Kampen","Overijssel",false,52.561478,5.921656,"injury","2","clear",false,1,"GM0166"
"20230017842",2023,"Letsel",2,"Bestelauto","Fiets","Flank","Kruispunt, 4 takken",50,"Niet brandend","Schemer","Regen",\N,\N,"Boslaan","Hoofddorp","Haarlemmermeer","Noord-Holland",false,52.300196,4.702666,"injury","2","rain",false,1,"GM0394"
"20230027606",2023,"Uitsluitend materiele schade",3,"Personenauto","Fiets","Onbekend","Rechte weg",30,"Niet aanwezig","Daglicht","Droog",\N,"139161001","Kapucijnenweg","Rilland","Reimerswaal","Zeeland",false,51.406747,4.167387,"material damage only","4","clear",false,1,"GM0703"
"20230066666",2023,"Uitsluitend materiele schade",2,"Bromfiets","Fiets","Flank","Rotonde",\N,"Brandend","Duisternis","Droog",\N,\N,"J.F. Berghoefplantsoen","Amsterdam","Amsterdam","Noord-Holland",false,52.373803,4.820672,"material damage only","4","clear",false,1,"GM0363"
"20230071942",2023,"Uitsluitend materiele schade",2,"Personenauto","Fiets","Flank","Rechte weg",30,"Niet brandend","Daglicht","Droog",\N,"600578368","De Run","Veldhoven","Veldhoven","Noord-Brabant",false,51.406739,5.423473,"material damage only","4","clear",false,1,"GM0861"
"20230072288",2023,"Uitsluitend materiele schade",2,"Personenauto","Fiets","Flank","Kruispunt, 4 takken",50,"Niet brandend","Daglicht","Droog",\N,\N,"van Alphenstraat","Hengelo","Hengelo (O)","Overijssel",false,52.282167,6.785689,"material damage only","4","clear",false,1,\N
"20230074132",2023,"Letsel",2,"Bestelauto","Fiets","Frontaal","Kruispunt, 3 takken",80,"Niet brandend","Daglicht","Droog",\N,\N,"Oude Harderwijkerweg","Doornspijk","Elburg","Gelderland",false,52.423576,5.825571,"injury","2","clear",false,1,"GM0230"
"20240031637",2024,"Uitsluitend materiele schade",2,"Personenauto","Fiets","Flank","Rotonde",50,"Niet brandend","Daglicht","Regen",\N,\N,"Beeksestraat","Prinsenbeek","Breda","Noord-Brabant",false,51.604711,4.717641,"material damage only","4","rain",false,1,"GM0758"
"20230075514",2023,"Letsel",2,"Personenauto","Fiets","Onbekend","Kruispunt, 3 takken",30,"Niet brandend","Daglicht","Regen",\N,\N,"Zeemansstraat","Zaandam","Zaanstad","Noord-Holland",false,52.439796,4.817698,"injury","2","rain",false,1,"GM0479"
"20230076296",2023,"Uitsluitend materiele schade",2,"Bromfiets","Fiets","Frontaal","Rechte weg",\N,"Niet brandend","Daglicht","Droog",\N,"212367002","Liniepad","Vijfhuizen","Haarlemmermeer","Noord-Holland",false,52.336477,4.674407,"material damage only","4","clear",false,1,"GM0394"
"20230076659",2023,"Uitsluitend materiele schade",2,"Personenauto","Fiets","Flank","Kruispunt, 4 takken",50,"Niet brandend","Daglicht","Droog",\N,\N,"Vredebestlaan","Nieuwegein","Nieuwegein","Utrecht",false,52.034926,5.090408,"material damage only","4","clear",false,1,"GM0356"
"20230013853",2023,"Uitsluitend materiele schade",2,"Personenauto","Fiets","Onbekend","Rotonde",50,\N,"Daglicht",\N,\N,\N,"Graafseweg","Nijmegen","Nijmegen","Gelderland",false,51.841728,5.858587,"material damage only","4","unknown",false,1,"GM0268"
"20230025947",2023,"Letsel",2,"Personenauto","Fiets","Flank","Kruispunt, 3 takken",30,"Niet brandend","Daglicht","Droog",\N,\N,"Noord Nieuwelandse Poort","Maassluis","Maassluis","Zuid-Holland",false,51.923286,4.240723,"injury","2","clear",false,1,"GM0556"