"accident_id","year","severity_raw","party_count","party1_type","party2_type","accident_type","road_situation","speed_limit_kmh","road_lighting","light_condition_label","weather_raw","infra_type","road_segment_id","street_name","place_name","gemeente_name_raw","province","alcohol_indicated","latitude","longitude","severity_label","severity_code","weather_label","built_up_area","cyclists_involved","gemeente_code"
"20230077101",2023,"Uitsluitend materiele schade",2,"Fiets","Bromfiets","Frontaal","Rechte weg",30,"Niet brandend","Daglicht","Droog",\N,"185274066","Soetensteeg","Rotterdam","Rotterdam","Zuid-Holland",false,51.919114,4.48251,"material damage only","4","clear",false,1,"GM0599"
"20230077416",2023,"Letsel",3,"Fiets","Personenauto","Los voorwerp","Rechte weg",50,"Niet brandend","Daglicht","Droog",\N,\N,"De Beurs","Rhoon","Albrandswaard","Zuid-Holland",false,51.858775,4.472306,"injury","2","clear",false,1,"GM0613"
"20230078112",2023,"Letsel",1,"Fiets",\N,"Eenzijdig","Rechte weg",30,"Niet brandend","Daglicht","Droog",\N,\N,"Voorstraat","Poeldijk","Westland","Zuid-Holland",false,52.022134,4.220671,"injury","2","clear",false,1,"GM1783"
"20230078203",2023,"Uitsluitend materiele schade",2,"Fiets","Bus","Flank","Kruispunt, 4 takken",50,"Niet brandend","Daglicht","Regen",\N,\N,"Noorddammerlaan","Amstelveen","Amstelveen","Noord-Holland",false,52.292256,4.840133,"material damage only","4","rain",false,1,"GM0362"
"20230078299",2023,"Uitsluitend materiele schade",2,"Fiets","Bestelauto","Flank","Kruispunt, 4 takken",50,"Niet brandend","Daglicht","Droog",\N,\N,"Cornelis Lelylaan","Amsterdam","Amsterdam","Noord-Holland",false,52.356123,4.809535,"material damage only","4","clear",false,1,"GM0363"
"20230013342",2023,"Uitsluitend materiele schade",2,"Fiets","Fiets","Frontaal","Kruispunt, 3 takken",30,"Niet brandend","Daglicht","Droog",\N,\N,"Ds. Medenbachweg","Ermelo","Ermelo","Gelderland",false,52.298675,5.629878,"material damage only","4","clear",false,1,"GM0233"
"20230015642",2023,"Letsel",1,"Fiets",\N,"Eenzijdig","Rechte weg",30,"Niet brandend","Daglicht","Droog",\N,"600373517","Voorstraat","Vianen","Vijfheerenlanden","Utrecht",false,51.993138,5.092886,"injury","2","clear",false,1,"GM1961"
"20230017441",2023,"Letsel",1,"Fiets",\N,"Eenzijdig","Rechte weg",30,"Niet brandend","Daglicht","Droog",\N,"600753949","Fokkerweg","Oude Meer","Haarlemmermeer","Noord-Holland",false,52.287646,4.783556,"injury","2","clear",false,1,"GM0394"
"20230047133",2023,"Uitsluitend materiele schade",2,"Fiets","Los voorwerp","Los voorwerp","Rechte weg",50,"Niet brandend","Daglicht","Droog",\N,\N,"Columbusstraat","Alkmaar","Alkmaar","Noord-Holland",false,52.674461,4.765121,"material damage only","4","clear",false,1,"GM0361"
"20240037153",2024,"Uitsluitend materiele schade",2,"Personenauto","Fiets","Onbekend","Rechte weg",30,"Niet brandend","Daglicht","Droog",\N,"398292006","Zwarteweg","Rheden","Rheden","Gelderland",false,52.003737,6.031883,"material damage only","4","clear",false,1,"GM0275"
"20240038105",2024,"Letsel",1,"Fiets",\N,"Onbekend",\N,\N,\N,"Daglicht",\N,\N,"600685755","De Sterke Arm","Veenendaal","Veenendaal","Utrecht",false,52.023111,5.55337,"injury","2","unknown",false,1,"GM0345"
"20240038927",2024,"Letsel",2,"Personenauto","e-bike","Flank","Rotonde",50,"Niet brandend","Daglicht","Droog",\N,\N,"FIETSPAD","Nunspeet","Nunspeet","Gelderland",false,52.393049,5.797122,"injury","2","clear",false,1,"GM0302"
"20240072200",2024,"Uitsluitend materiele schade",2,"Fiets",\N,"Onbekend","Kruispunt, 4 takken",30,"Niet brandend","Daglicht","Droog",\N,\N,"Johannes-Brandstraat","Rotterdam","Rotterdam","Zuid-Holland",false,51.899524,4.504197,"material damage only","4","clear",false,1,"GM0599"
"20240081271",2024,"Letsel",1,"Fiets",\N,"Frontaal","Bocht",30,"Niet aanwezig","Daglicht","Droog",\N,"156315099","Strand Noord","'s-Gravenhage","'s-Gravenhage","Zuid-Holland",false,52.103566,4.264478,"injury","2","clear",false,1,"GM0518"
"20240081294",2024,"Letsel",2,"Bromfiets","Fiets","Flank","Rechte weg",50,"Niet brandend","Daglicht","Droog",\N,"601015802","Craenenborgpad","Bleiswijk","Lansingerland","Zuid-Holland",false,52.03695,4.534028,"injury","2","clear",false,1,"GM1621"
"20240036544",2024,"Uitsluitend materiele schade",2,"Snorfiets","Fiets","Flank","Kruispunt, 3 takken",30,"Niet brandend","Daglicht","Droog",\N,\N,"Bemsingel","Zevenaar","Zevenaar","Gelderland",false,51.919552,6.100779,"material damage only","4","clear",false,1,"GM0299"
"20240047137",2024,"Letsel",1,"Fiets",\N,"Eenzijdig","Bocht",30,"Niet brandend","Daglicht","Droog",\N,\N,"Wellenpad","Harderwijk","Harderwijk","Gelderland",false,52.350698,5.614936,"injury","2","clear",false,1,"GM0243"
"20240050853",2024,"Uitsluitend materiele schade",2,"Fiets","Fiets","Frontaal","Rechte weg",30,"Niet aanwezig","Daglicht","Droog","Brug/viaduct","244381057","Buiksloterdijk","Amsterdam","Amsterdam","Noord-Holland",false,52.403559,4.902594,"material damage only","4","clear",false,1,"GM0363"
"20240076352",2024,"Letsel",2,"Personenauto","Fiets","Flank","Kruispunt, 4 takken",30,"Niet brandend","Daglicht","Regen",\N,\N,"Oosteinde","Meppel","Meppel","Drenthe",false,52.695597,6.195186,"injury","2","rain",false,1,"GM0119"
"20240032239",2024,"Letsel",2,"Personenauto","Fiets","Flank","Rechte weg",30,"Niet brandend","Daglicht","Droog",\N,"600451708","Van den Endelaan","Hillegom","Hillegom","Zuid-Holland",false,52.294687,4.578915,"injury","2","clear",false,1,"GM0534"
"20240040554",2024,"Uitsluitend materiele schade",2,"Personenauto","Fiets","Flank","Kruispunt, 4 takken",50,"Niet brandend","Daglicht","Regen",\N,\N,"Bullewijkpad","Amsterdam","Amsterdam","Noord-Holland",false,52.306677,4.954601,"material damage only","4","rain",false,1,"GM0363"
"20240041361",2024,"Letsel",2,"Vrachtauto","Fiets","Flank","Kruispunt, 4 takken",50,"Niet brandend","Daglicht","Droog",\N,\N,"Herenweg","Heemstede","Heemstede","Noord-Holland",false,52.348466,4.60988,"injury","2","clear",false,1,"GM0397"
"20240079076",2024,"Uitsluitend materiele schade",2,"Fiets","Fiets","Onbekend",\N,50,\N,"Daglicht",\N,\N,"600393682","Hooftstraat","Alphen aan den Rijn","Alphen aan den Rijn","Zuid-Holland",false,52.130935,4.663683,"material damage only","4","unknown",false,1,"GM0484"
"20240047874",2024,"Letsel",2,"Bestelauto","Fiets","Flank","Rotonde",50,"Niet brandend","Daglicht","Droog",\N,\N,"Europaweg","Haarlem","Haarlem","Noord-Holland",false,52.355007,4.644106,"injury","2","clear",false,1,"GM0392"
"20240076414",2024,"Uitsluitend materiele schade",2,"Personenauto","Fiets","Flank","Kruispunt, 3 takken",30,"Niet brandend","Daglicht","Droog",\N,\N,"Meindert vd Thijnensngl","Coevorden","Coevorden","Drenthe",false,52.663073,6.743292,"material damage only","4","clear",false,1,"GM0109"
"20240079143",2024,"Uitsluitend materiele schade",2,"Bromfiets","Fiets","Onbekend","Rechte weg",30,"Niet brandend","Daglicht","Droog",\N,"238375020","Bloys van Treslongstraat","Amsterdam","Amsterdam","Noord-Holland",false,52.375746,4.861878,"material damage only","4","clear",false,1,"GM0363"
"20240040615",2024,"Uitsluitend materiele schade",2,"Fiets","Bromfiets","Flank","Bocht",\N,"Niet brandend","Daglicht","Droog",\N,"245378106","Mosplein","Amsterdam","Amsterdam","Noord-Holland",true,52.392453,4.913391,"material damage only","4","clear",false,1,"GM0363"
"20240071737",2024,"Letsel",2,"Personenauto","Fiets","Onbekend","Rotonde",50,"Niet brandend","Daglicht","Droog",\N,\N,"Buitenlandse Baan","Barendrecht","Barendrecht","Zuid-Holland",false,51.852907,4.536691,"injury","2","clear",false,1,"GM0489"
"20240033030",2024,"Letsel",2,"Bromfiets","Fiets","Flank","Kruispunt, 4 takken",50,"Niet brandend","Daglicht","Droog",\N,\N,"Rotterdamseweg","Zwijndrecht","Zwijndrecht","Zuid-Holland",false,51.8217,4.647576,"injury","2","clear",false,1,"GM0642"
"20240042747",2024,"Uitsluitend materiele schade",2,"Personenauto","Fiets","Flank","Kruispunt, 4 takken",50,"Niet brandend","Daglicht","Droog",\N,\N,"Morsestraat","'s-Gravenhage","'s-Gravenhage","Zuid-Holland",false,52.081601,4.276641,"material damage only","4","clear",false,1,"GM0518"
"20240047945",2024,"Letsel",2,"Personenauto","Fiets","Flank","Kruispunt, 4 takken",50,"Niet brandend","Daglicht","Droog",\N,\N,"Wagenweg","Haarlem","Haarlem","Noord-Holland",false,52.361866,4.617879,"injury","2","clear",false,1,"GM0392"
"20240072441",2024,"Letsel",2,"Personenauto","Fiets","Onbekend","Rechte weg",50,"Niet brandend","Daglicht","Droog",\N,"161308047","Hobbemastraat","'s-Gravenhage","'s-Gravenhage","Zuid-Holland",false,52.070062,4.306403,"injury","2","clear",false,1,"GM0518"
"20240080480",2024,"Uitsluitend materiele schade",2,"Personenauto","Fiets","Flank","Kruispunt, 4 takken",50,"Niet brandend","Daglicht","Droog",\N,\N,"Zuidlandstraat","Terneuzen","Terneuzen","Zeeland",false,51.327688,3.835874,"material damage only","4","clear",false,1,"GM0715"
"20240034373",2024,"Letsel",2,"Personenauto","Fiets","Frontaal","Kruispunt, 3 takken",30,"Niet brandend","Daglicht","Droog",\N,\N,"Chaletberg","Roosendaal","Roosendaal","Noord-Brabant",false,51.521319,4.450186,"injury","2","clear",false,1,"GM1674"
"20240040701",2024,"Uitsluitend materiele schade",2,"Personenauto","Fiets","Flank","Kruispunt, 4 takken",50,"Niet brandend","Daglicht","Droog","Brug/viaduct",\N,"Overtoom","Westzaan","Zaanstad","Noord-Holland",false,52.430833,4.781218,"material damage only","4","clear",false,1,"GM0479"
"20240033116",2024,"Letsel",2,"Bromfiets","Fiets","Flank","Kruispunt, 3 takken",50,"Niet brandend","Daglicht","Droog",\N,\N,"N3","Papendrecht","Papendrecht","Zuid-Holland",false,51.829852,4.706307,"injury","2","clear",false,1,"GM0590"
"20240034386",2024,"Uitsluitend materiele schade",2,"Fiets","Personenauto","Flank","Kruispunt, 4 takken",50,"Niet brandend","Daglicht","Droog",\N,\N,"Molenstraat","Ulicoten","Baarle-Nassau","Noord-Brabant",false,51.453173,4.852702,"material damage only","4","clear",false,1,"GM0744"
"20240040733",2024,"Letsel",2,"Personenauto","Fiets","Onbekend","Rotonde",50,"Niet brandend","Daglicht","Droog",\N,\N,"Rouboslaan","Voorschoten","Voorschoten","Zuid-Holland",false,52.127211,4.437183,"injury","2","clear",false,1,"GM0626"
"20240040744",2024,"Letsel",2,"Bromfiets","Fiets","Frontaal","Rechte weg",30,"Niet brandend","Daglicht","Droog",\N,"600892588","Plesmanweg","Beverwijk","Beverwijk","Noord-Holland",false,52.496823,4.659893,"injury","2","clear",false,1,"GM0375"
"20240040758",2024,"Uitsluitend materiele schade",2,"Personenauto","Fiets","Flank","Kruispunt, 4 takken",30,"Niet brandend","Daglicht","Droog",\N,\N,"Marnixstraat","Amsterdam","Amsterdam","Noord-Holland",false,52.366495,4.879577,"material damage only","4","clear",false,1,"GM0363"
"20240048043",2024,"Letsel",1,"Fiets",\N,"Onbekend",\N,30,\N,"Daglicht",\N,\N,"231396014","Lagedijk","Zaandijk","Zaanstad","Noord-Holland",false,52.471149,4.81113,"injury","2","unknown",false,1,"GM0479"
"20240080556",2024,"Letsel",2,"Bromfiets","Fiets","Flank","Bocht",30,"Niet brandend","Daglicht","Regen","Brug/viaduct","178279019","Molensingel","Rotterdam","Rotterdam","Zuid-Holland",false,51.940106,4.433899,"injury","2","rain",false,1,"GM0599"
"20240176185",2024,"Letsel",2,"Personenauto","Fiets","Flank","Kruispunt, 4 takken",30,"Brandend","Schemer","Droog",\N,\N,"Rietgrachtstraat","Arnhem","Arnhem","Gelderland",false,51.976949,5.918014,"injury","2","clear",false,1,"GM0202"
"20240033757",2024,"Uitsluitend materiele schade",2,"Personenauto","Fiets","Onbekend","Kruispunt, 3 takken",60,"Niet brandend","Daglicht","Droog",\N,\N,"Havendijk","Terhole","Hulst","Zeeland",false,51.321416,4.025404,"material damage only","4","clear",false,1,"GM0677"
"20240048073",2024,"Letsel",2,"Personenauto","Fiets","Flank","Kruispunt, 3 takken",50,"Niet brandend","Daglicht","Droog",\N,\N,"Boerenbuurt","Leersum","Utrechtse Heuvelrug","Utrecht",false,52.007693,5.438776,"injury","2","clear",false,1,"GM1581"
"20240081059",2024,"Letsel",2,"Personenauto","Fiets","Los voorwerp","Rotonde",50,"Niet brandend","Daglicht","Droog",\N,\N,"Burg Knappertlaan","Schiedam","Schiedam","Zuid-Holland",false,51.91304,4.397317,"injury","2","clear",false,1,"GM0606"
"20240036929",2024,"Letsel",3,"Bromfiets","Fiets","Frontaal","Rechte weg",50,"Niet brandend","Daglicht","Droog",\N,"359281080","Boterhoeksestraat","Heteren","Overbetuwe","Gelderland",false,51.953331,5.746352,"injury","2","clear",false,1,"GM1734"
"20240037025",2024,"Uitsluitend materiele schade",2,"Personenauto","Fiets","Frontaal","Rechte weg",30,"Niet brandend","Daglicht","Regen",\N,\N,"Munnikenweg","'t Harde","Elburg","Gelderland",false,52.416783,5.874711,"material damage only","4","rain",false,1,"GM0230"
"20240037966",2024,"Letsel",2,"Personenauto","Fiets","Kop/staart","Kruispunt, 3 takken",50,"Niet aanwezig","Daglicht","Droog",\N,\N,"Rolafweg Noord","Lopik","Lopik","Utrecht",false,51.975289,4.949173,"injury","2","clear",false,1,"GM0331"
"20240038620",2024,"Letsel",1,"Fiets",\N,"Onbekend",\N,50,\N,"Daglicht",\N,\N,\N,"Ringweg-Randenbroek","Amersfoort","Amersfoort","Utrecht",false,52.14824,5.4019,"injury","2","unknown",false,1,"GM0307"
"20240044833",2024,"Uitsluitend materiele schade",2,"Personenauto","Fiets","Flank","Rotonde",50,"Brandend","Schemer","Droog",\N,\N,"Rijzertlaan","'s-Hertogenbosch","'s-Hertogenbosch","Noord-Brabant",false,51.695843,5.269554,"material damage only","4","clear",false,1,"GM0796"
"20240072094",2024,"Letsel",2,"Personenauto","Fiets","Flank","Rechte weg",30,"Niet brandend","Daglicht","Droog",\N,"211289014","Dorpsstraat","Moordrecht","Zuidplas","Zuid-Holland",false,51.987383,4.673981,"injury","2","clear",false,1,"GM1892"
"20240040362",2024,"Letsel",1,"Fiets",\N,"Eenzijdig","Rechte weg",30,"Niet brandend","Daglicht","Droog",\N,"241372099","Weteringschans","Amsterdam","Amsterdam","Noord-Holland",false,52.361325,4.88681,"injury","2","clear",false,1,"GM0363"
"20230098655",2023,"Uitsluitend materiele schade",2,"Trekker met oplegger","Fiets","Flank","Kruispunt, 3 takken",50,"Niet brandend","Daglicht","Droog",\N,\N,"Ringgreppel","Heeze","Heeze-Leende","Noord-Brabant",false,51.375036,5.56212,"material damage only","4","clear",false,1,"GM1658"
"20230099561",2023,"Uitsluitend materiele schade",2,"Personenauto","Fiets","Flank","Rotonde",50,"Brandend","Duisternis","Droog",\N,\N,"Merwedelaan","'s-Hertogenbosch","'s-Hertogenbosch","Noord-Brabant",false,51.688298,5.324858,"material damage only","4","clear",false,1,"GM0796"
"20230102982",2023,"Letsel",2,"Personenauto","Fiets","Flank","Kruispunt, 3 takken",50,"Brandend","Schemer","Droog",\N,\N,"De Heemstraat","'s-Gravenhage","'s-Gravenhage","Zuid-Holland",false,52.062832,4.301514,"injury","2","clear",false,1,"GM0518"
"20230104318",2023,"Uitsluitend materiele schade",2,"Personenauto","Fiets","Flank","Kruispunt, 3 takken",30,"Brandend","Duisternis","Droog",\N,\N,"Aldebaran","Lemmer","De Fryske Marren","Friesland",false,52.851495,5.702204,"material damage only","4","clear",false,1,"GM1940"
"20230082316",2023,"Letsel",2,"Motor","Fiets","Flank","Rechte weg",50,"Niet brandend","Daglicht","Droog",\N,"600836125","Noorderbaan","Heythuysen","Leudal","Limburg",false,51.255576,5.896781,"injury","2","clear",false,1,"GM1640"
"20230106533",2023,"Letsel",2,"Fiets","Overig vast object","Vast voorwerp","Rechte weg",50,"Niet brandend","Daglicht","Droog",\N,\N,"Kapelaan Berixstraat","Stein","Stein","Limburg",false,50.969631,5.755532,"injury","2","clear",false,1,\N
"20230083519",2023,"Letsel",2,"Personenauto","Fiets","Flank","Kruispunt, 4 takken",50,"Brandend","Duisternis","Regen",\N,\N,"Tuinstraat","Groningen","Groningen","Groningen",false,53.219473,6.574756,"injury","2","rain",false,1,"GM0014"
"20230084119",2023,"Letsel",2,"Personenauto","Fiets","Flank","Rotonde",50,"Niet brandend","Daglicht","Droog",\N,\N,"Veldbloemenweg","Zaandam","Zaanstad","Noord-Holland",false,52.457917,4.818161,"injury","2","clear",false,1,"GM0479"
"20230100940",2023,"Letsel",2,"Personenauto","Fiets","Flank","Kruispunt, 3 takken",30,"Niet brandend","Daglicht","Regen",\N,\N,"Bergstraat","Valkenswaard","Valkenswaard","Noord-Brabant",false,51.350912,5.43733,"injury","2","rain",false,1,"GM0858"
"20230105475",2023,"Uitsluitend materiele schade",1,"Fiets",\N,"Frontaal","Rechte weg",\N,"Brandend","Duisternis","Regen",\N,"370258004","Weurtseweg","Nijmegen","Nijmegen","Gelderland",false,51.85306,5.828093,"material damage only","4","rain",false,1,"GM0268"
"20230106592",2023,"Letsel",2,"Fiets","Personenauto","Flank","Kruispunt, 4 takken",30,"Niet aanwezig","Daglicht","Droog",\N,\N,"Noordeindseweg","Berkel en Rodenrijs","Lansingerland","Zuid-Holland",false,52.002002,4.482261,"injury","2","clear",false,1,"GM1621"
"20230080620",2023,"Uitsluitend materiele schade",2,"Fiets","Personenauto","Kop/staart","Rechte weg",30,"Niet brandend","Daglicht","Droog",\N,\N,"Stadsweg","Geertruidenberg","Geertruidenberg","Noord-Brabant",false,51.701452,4.843344,"material damage only","4","clear",false,1,"GM0779"
"20230082970",2023,"Uitsluitend materiele schade",3,"Fiets","Fiets","Onbekend",\N,50,"Niet brandend","Daglicht","Droog",\N,"600511591","Gronausestraat","Enschede","Enschede","Overijssel",false,52.218568,6.927939,"material damage only","4","clear",false,1,"GM0153"
"20230087620",2023,"Letsel",2,"Personenauto","e-bike","Onbekend","Rotonde",50,"Brandend","Duisternis","Droog",\N,\N,"Engelandlaan","Haarlem","Haarlem","Noord-Holland",false,52.355132,4.644387,"injury","2","clear",false,1,"GM0392"
"20230092352",2023,"Uitsluitend materiele schade",2,"Bromfiets","Fiets","Kop/staart","Rechte weg",50,"Niet brandend","Daglicht","Droog",\N,"300149001","Willibrorduslaan","Eersel","Eersel","Noord-Brabant",false,51.360741,5.316952,"material damage only","4","clear",false,1,"GM0770"
"20230096388",2023,"Letsel",2,"Fiets","Fiets","Flank","Rechte weg",50,"Niet brandend","Daglicht","Regen",\N,"600793716","Hamseweg","Hoogland","Amersfoort","Utrecht",false,52.18126,5.372768,"injury","2","rain",false,1,"GM0307"
"20230099686",2023,"Letsel",2,"Personenauto","Fiets","Flank","Rotonde",50,"Niet brandend","Daglicht","Droog",\N,\N,"Laagstraat","Vught","Vught","Noord-Brabant",false,51.645948,5.295683,"injury","2","clear",false,1,"GM0865"
"20230099698",2023,"Uitsluitend materiele schade",2,"Personenauto","Fiets","Flank","Rechte weg",30,"Brandend","Daglicht","Regen",\N,"219207108","Watermunt","Breda","Breda","Noord-Brabant",false,51.62123,4.731061,"material damage only","4","rain",false,1,"GM0758"
"20230081228",2023,"Uitsluitend materiele schade",2,"Personenauto","Fiets","Geparkeerd voertuig","Rechte weg",50,"Niet brandend","Daglicht","Droog",\N,"341216001","Walravenstraat","Uden","Maashorst","Noord-Brabant",false,51.662847,5.618737,"material damage only","4","clear",false,1,"GM1991"
"20230095841",2023,"Uitsluitend materiele schade",2,"Fiets","Personenauto","Flank","Rechte weg",50,"Brandend","Schemer","Regen",\N,"324400116","Ketelmeerstraat","Lelystad","Lelystad","Flevoland",false,52.488573,5.492289,"material damage only","4","rain",false,1,"GM0995"
"20230100103",2023,"Uitsluitend materiele schade",2,"Personenauto","Fiets","Flank","Kruispunt, 3 takken",50,"Niet brandend","Daglicht","Droog",\N,\N,"Einighauserweg","Geleen","Sittard-Geleen","Limburg",false,50.987988,5.825305,"material damage only","4","clear",false,1,"GM1883"
"20230101361",2023,"Uitsluitend materiele schade",3,"Fiets","Bestelauto","Flank","Rechte weg",50,"Brandend","Duisternis","Droog",\N,"210246070","S.M. Hugo van Gijnweg","Dordrecht","Dordrecht","Zuid-Holland",false,51.795077,4.668098,"material damage only","4","clear",false,1,"GM0505"
"20230103123",2023,"Letsel",2,"Fiets","Personenauto","Flank","Bocht",50,"Brandend","Duisternis","Regen",\N,"175278017","Matlingeweg","Rotterdam","Rotterdam","Zuid-Holland",false,51.936111,4.411717,"injury","2","rain",false,1,"GM0599"
"20230105031",2023,"Uitsluitend materiele schade",2,"Personenauto","e-bike","Flank","Rotonde",50,"Brandend","Schemer","Regen",\N,\N,"Hatertseweg","Nijmegen","Nijmegen","Gelderland",false,51.820593,5.846585,"material damage only","4","rain",false,1,"GM0268"
"20230105542",2023,"Uitsluitend materiele schade",2,"Personenauto","Fiets","Flank","Kruispunt, 3 takken",50,"Niet brandend","Daglicht","Droog",\N,\N,"Zweedsestraat","Deventer","Deventer","Overijssel",false,52.241912,6.178501,"material damage only","4","clear",false,1,"GM0150"
"20230080110",2023,"Letsel",3,"Personenauto","Fiets","Frontaal","Rechte weg",50,"Brandend","Duisternis","Droog",\N,"260195021","Zwartvenseweg","Tilburg","Tilburg","Noord-Brabant",false,51.571234,5.033782,"injury","2","clear",false,1,"GM0855"
"20230084790",2023,"Letsel",2,"Personenauto","Fiets","Flank","Kruispunt, 3 takken",50,"Brandend","Duisternis","Regen",\N,\N,"Bovendwarsweg","'t Harde","Elburg","Gelderland",false,52.415503,5.884071,"injury","2","rain",false,1,"GM0230"
"20230085931",2023,"Uitsluitend materiele schade",2,"Personenauto","e-bike","Flank","Kruispunt, 4 takken",50,"Niet brandend","Daglicht","Droog","Spoorwegovergang",\N,"Veilingstraat","Twello","Voorst","Gelderland",false,52.23829,6.101814,"material damage only","4","clear",false,1,"GM0285"
"20230086516",2023,"Letsel",1,"Fiets",\N,"Eenzijdig","Kruispunt, 4 takken",50,"Niet aanwezig","Daglicht","Regen",\N,\N,"Dublinweg","'s-Gravenhage","'s-Gravenhage","Zuid-Holland",false,52.022288,4.294022,"injury","2","rain",false,1,"GM0518"
"20230095895",2023,"Uitsluitend materiele schade",2,"Fiets","Fiets","Frontaal","Rechte weg",60,"Niet brandend","Daglicht","Droog",\N,"601028053","MERWEDEKAN","Lexmond","Vijfheerenlanden","Utrecht",false,51.952547,5.05258,"material damage only","4","clear",false,1,"GM1961"
"20230100159",2023,"Uitsluitend materiele schade",2,"Personenauto","Fiets","Kop/staart","Rechte weg",50,"Brandend","Duisternis","Regen",\N,"259193004","Bredaseweg","Tilburg","Tilburg","Noord-Brabant",false,51.560771,5.022999,"material damage only","4","rain",false,1,"GM0855"
"20230081904",2023,"Uitsluitend materiele schade",2,"Personenauto","Fiets","Kop/staart","Rechte weg",50,"Niet brandend","Daglicht","Droog","Bus-/Tramhalte","600847533","Kerkeveldlaan","Roermond","Roermond","Limburg",false,51.193078,6.013661,"material damage only","4","clear",false,1,"GM0957"
"20230087121",2023,"Letsel",2,"Personenauto","Fiets","Flank","Rechte weg",50,"Niet brandend","Daglicht","Droog",\N,"187328182","Langegracht","Leiden","Leiden","Zuid-Holland",false,52.163348,4.493125,"injury","2","clear",false,1,"GM0546"
"20230090061",2023,"Letsel",2,"Personenauto","Fiets","Flank","Kruispunt, 3 takken",50,"Niet brandend","Daglicht","Regen",\N,\N,"Zwartehondstraat","Rotterdam","Rotterdam","Zuid-Holland",false,51.91886,4.487314,"injury","2","rain",false,1,"GM0599"
"20230093030",2023,"Letsel",2,"Personenauto","Fiets","Geparkeerd voertuig","Rechte weg",30,"Niet brandend","Daglicht","Droog",\N,"387342028","Koninginnelaan","Apeldoorn","Apeldoorn","Gelderland",false,52.228299,5.958113,"injury","2","clear",false,1,"GM0200"
"20230095917",2023,"Letsel",2,"Personenauto","Fiets","Flank","Kruispunt, 4 takken",50,"Niet brandend","Daglicht","Regen",\N,\N,"Berlijnplein","Utrecht","Utrecht","Utrecht",false,52.096801,5.069417,"injury","2","rain",false,1,"GM0344"
"20230097070",2023,"Uitsluitend materiele schade",2,"Fiets","Personenauto","Flank","Kruispunt, 4 takken",30,"Niet brandend","Daglicht","Droog",\N,\N,"Tulpenstraat","Noord-Scharwoude","Dijk en Waard","Noord-Holland",false,52.699542,4.810671,"material damage only","4","clear",false,1,"GM1980"
"20230101838",2023,"Letsel",2,"Personenauto","Fiets","Flank","Kruispunt, 3 takken",50,"Niet brandend","Daglicht","Droog",\N,\N,"Laan van Oversteen","Rijswijk","Rijswijk","Zuid-Holland",false,52.050462,4.347715,"injury","2","clear",false,1,\N
"20230079609",2023,"Letsel",2,"Personenauto","Fiets","Frontaal","Bocht",30,"Niet brandend","Daglicht","Droog",\N,"211251097","Weeshuisplein","Dordrecht","Dordrecht","Zuid-Holland",false,51.817105,4.670714,"injury","2","clear",false,1,"GM0505"
"20230084866",2023,"Letsel",1,"Fiets",\N,"Eenzijdig","Bocht",50,"Brandend","Duisternis","Regen",\N,"600878650","Stationsstraat","Winterswijk","Winterswijk","Gelderland",false,51.96893,6.714748,"injury","2","rain",false,1,"GM0294"
"20230097687",2023,"Uitsluitend materiele schade",3,\N,"Fiets","Onbekend","Kruispunt, 4 takken",50,"Niet brandend","Daglicht","Droog",\N,\N,"Admiraal De Ruijterweg","Amsterdam","Amsterdam","Noord-Holland",false,52.382524,4.851347,"material damage only","4","clear",false,1,"GM0363"
"20230097708",2023,"Letsel",3,"Fiets","Fiets","Onbekend","Kruispunt, 3 takken",30,"Brandend","Duisternis","Regen",\N,\N,"Nieuwmarkt","Amsterdam","Amsterdam","Noord-Holland",false,52.372387,4.900658,"injury","2","rain",false,1,"GM0363"
"20230102273",2023,"Letsel",1,"Fiets",\N,"Eenzijdig","Bocht",30,"Niet brandend","Daglicht","Regen",\N,"600115664","Lopsenstraat","Leiden","Leiden","Zuid-Holland",false,52.162553,4.477973,"injury","2","rain",false,1,"GM0546"
"20230103244",2023,"Uitsluitend materiele schade",2,"Fiets","Bromfiets","Flank","Kruispunt, 4 takken",\N,"Brandend","Duisternis","Droog",\N,\N,"Verbindingsweg","Ridderkerk","Ridderkerk","Zuid-Holland",false,51.865742,4.557302,"material damage only","4","clear",false,1,"GM0597"
"20230103798",2023,"Letsel",2,"Fiets","Personenauto","Flank","Kruispunt, 4 takken",50,"Niet brandend","Daglicht","Regen",\N,\N,"Overschiese Kleiweg","Rotterdam","Rotterdam","Zuid-Holland",false,51.941769,4.458502,"injury","2","rain",false,1,"GM0599"
"20230107170",2023,"Uitsluitend materiele schade",2,"Personenauto","Fiets","Flank","Kruispunt, 4 takken",50,"Brandend","Duisternis","Regen",\N,\N,"Nieuwland Parc","Alblasserdam","Alblasserdam","Zuid-Holland",false,51.846098,4.675758,"material damage only","4","rain",false,1,"GM0482"
"20230090754",2023,"Letsel",2,"Bromfiets","Fiets","Kop/staart","Rechte weg",30,"Niet brandend","Daglicht","Droog",\N,"600797520","Eindhovenseweg-Zuid","Best","Best","Noord-Brabant",false,51.49561,5.420755,"injury","2","clear",false,1,"GM0753"
"20230093705",2023,"Letsel",2,"Personenauto","e-bike","Flank","Kruispunt, 3 takken",60,"Brandend","Duisternis","Droog",\N,\N,"Nevelslaan","Westerbroek","Midden-Groningen","Groningen",false,53.178796,6.681296,"injury","2","clear",false,1,"GM1952"
"20230096575",2023,"Letsel",3,"Personenauto","Fiets","Onbekend","Rechte weg",50,"Niet brandend","Daglicht","Droog",\N,\N,"Wenninkgaarde","Enschede","Enschede","Overijssel",false,52.223582,6.895641,"injury","2","clear",false,1,"GM0153"