"accident_id","year","severity_raw","party_count","party1_type","party2_type","accident_type","road_situation","speed_limit_kmh","road_lighting","light_condition_label","weather_raw","infra_type","road_segment_id","street_name","place_name","gemeente_name_raw","province","alcohol_indicated","latitude","longitude","severity_label","severity_code","weather_label","built_up_area","cyclists_involved","gemeente_code"
"20230096588",2023,"Letsel",2,"Personenauto","Fiets","Flank","Kruispunt, 4 takken",30,"Niet brandend","Schemer","Regen",\N,\N,"Rotterdamweg","Almere","Almere","Flevoland",false,52.36157,5.20514,"injury","2","rain",false,1,"GM0034"
"20230100830",2023,"Letsel",2,\N,"Fiets","Eenzijdig","Bocht",30,"Brandend","Duisternis","Regen",\N,"275203056","Zeshoevenstraat","Udenhout","Tilburg","Noord-Brabant",false,51.605036,5.141274,"injury","2","rain",false,1,"GM0855"
"20230106022",2023,"Letsel",2,"Personenauto","Fiets","Flank","Rotonde",50,"Brandend","Duisternis","Regen",\N,\N,"Wethouder Schoutenweg","Culemborg","Culemborg","Gelderland",false,51.944051,5.20993,"injury","2","rain",false,1,"GM0216"
"20230083237",2023,"Letsel",2,"Bestelauto","Fiets","Flank","Rotonde",30,"Brandend","Duisternis","Droog",\N,\N,"Haarstraat","Rijssen","Rijssen-Holten","Overijssel",false,52.308763,6.512229,"injury","2","clear",false,1,"GM1742"
"20230084394",2023,"Uitsluitend materiele schade",2,"Bestelauto","Fiets","Flank","Kruispunt, 4 takken",30,"Niet brandend","Daglicht","Droog",\N,\N,"Brugstraat","Breukelen","Stichtse Vecht","Utrecht",false,52.171965,5.003687,"material damage only","4","clear",false,1,"GM1904"
"20230096056",2023,"Uitsluitend materiele schade",2,"Fiets","Fiets","Kop/staart","Rechte weg",50,"Brandend","Duisternis","Droog","Tunnel","600781150","Stationstunnel","Hilversum","Hilversum","Noord-Holland",false,52.226598,5.181496,"material damage only","4","clear",false,1,"GM0402"
"20230079748",2023,"Uitsluitend materiele schade",2,"Fiets","Personenauto","Flank","Kruispunt, 4 takken",50,"Niet brandend","Daglicht","Droog",\N,\N,"Welleweg","Brielle","Voorne aan Zee","Zuid-Holland",false,51.900855,4.157179,"material damage only","4","clear",false,1,"GM1992"
"20230079754",2023,"Letsel",2,"Personenauto","Fiets","Flank","Rotonde",50,"Brandend","Daglicht","Droog",\N,\N,"Van Cittersstraat","Rotterdam","Rotterdam","Zuid-Holland",false,51.919491,4.448197,"injury","2","clear",false,1,"GM0599"
"20230096095",2023,"Uitsluitend materiele schade",2,"Bestelauto","Fiets","Flank","Kruispunt, 3 takken",50,"Niet brandend","Daglicht","Droog",\N,\N,"Spreeuwenstraat","Amersfoort","Amersfoort","Utrecht",false,52.161871,5.412396,"material damage only","4","clear",false,1,"GM0307"
"20230099034",2023,"Uitsluitend materiele schade",2,"Personenauto","Fiets","Flank","Rechte weg",30,"Brandend","Duisternis","Droog",\N,"290223058","Walstrostraat","'s-Hertogenbosch","'s-Hertogenbosch","Noord-Brabant",false,51.693757,5.2485,"material damage only","4","clear",false,1,"GM0796"
"20230103935",2023,"Uitsluitend materiele schade",2,"Personenauto","Fiets","Flank","Rotonde",50,"Niet brandend","Daglicht","Droog",\N,\N,"Stationsstraat","Borne","Borne","Overijssel",false,52.29773,6.750443,"material damage only","4","clear",false,1,"GM0147"
"20230080345",2023,"Letsel",3,"Bromfiets","Fiets","Onbekend","Rechte weg",30,"Niet brandend","Daglicht","Droog","Brug/viaduct","187274037","WILLEMSBRUG","Rotterdam","Rotterdam","Zuid-Holland",false,51.917002,4.495951,"injury","2","clear",false,1,"GM0599"
"20230089172",2023,"Uitsluitend materiele schade",2,"Fiets","Fiets","Kop/staart","Rechte weg",30,"Niet brandend","Daglicht","Droog",\N,"189273009","Maasboulevard","Rotterdam","Rotterdam","Zuid-Holland",false,51.915891,4.515301,"material damage only","4","clear",false,1,"GM0599"
"20230094437",2023,"Uitsluitend materiele schade",3,"Personenauto","Fiets","Onbekend","Rechte weg",30,"Niet brandend","Daglicht","Droog",\N,"375256121","Molenstraat","Nijmegen","Nijmegen","Gelderland",false,51.843804,5.8616,"material damage only","4","clear",false,1,"GM0268"
"20230097919",2023,"Uitsluitend materiele schade",1,"Fiets",\N,"Voetganger","Rechte weg",\N,"Niet brandend","Daglicht","Droog",\N,"242369049","Ferdinand Bolstraat","Amsterdam","Amsterdam","Noord-Holland",false,52.351235,4.891403,"material damage only","4","clear",false,1,"GM0363"
"20230080414",2023,"Letsel",2,"Personenauto","Fiets","Flank","Kruispunt, 4 takken",50,"Niet brandend","Daglicht","Droog",\N,\N,"Oirschotseweg","Best","Best","Noord-Brabant",false,51.508956,5.374629,"injury","2","clear",false,1,"GM0753"
"20230080425",2023,"Uitsluitend materiele schade",2,"Fiets","Fiets","Flank","Rechte weg",50,"Niet brandend","Daglicht","Droog",\N,"332163037","Eindhovenseweg","Geldrop","Geldrop-Mierlo","Noord-Brabant",false,51.423889,5.55102,"material damage only","4","clear",false,1,"GM1771"
"20230081003",2023,"Uitsluitend materiele schade",2,"Personenauto","Fiets","Onbekend","Kruispunt, 3 takken",30,"Niet brandend","Daglicht","Droog",\N,\N,"Moleneind","Oud Gastel","Halderberge","Noord-Brabant",false,51.582393,4.460453,"material damage only","4","clear",false,1,"GM1655"
"20230084532",2023,"Letsel",2,"Fiets","Fiets","Flank","Kruispunt, 3 takken",\N,"Niet brandend","Daglicht","Droog",\N,\N,"FIETSPAD","Utrecht","Utrecht","Utrecht",false,52.11202,5.132552,"injury","2","clear",false,1,"GM0344"
"20230089202",2023,"Letsel",2,"Bromfiets","Fiets","Flank","Kruispunt, 4 takken",50,"Brandend","Duisternis","Droog",\N,\N,"Willem Ruyslaan","Rotterdam","Rotterdam","Zuid-Holland",false,51.921478,4.506024,"injury","2","clear",false,1,"GM0599"
"20230093372",2023,"Letsel",2,"Personenauto","Fiets","Flank","Rotonde",50,"Niet brandend","Daglicht","Droog",\N,\N,"Klaphekweg","Ede","Ede","Gelderland",false,52.038682,5.649844,"injury","2","clear",false,1,"GM0228"
"20230094521",2023,"Uitsluitend materiele schade",2,"Personenauto","Fiets","Onbekend","Kruispunt, 3 takken",30,"Brandend","Daglicht","Droog",\N,\N,"Bommelweg","Wadenoijen","Tiel","Gelderland",false,51.867262,5.375412,"material damage only","4","clear",false,1,"GM0281"
"20230095084",2023,"Uitsluitend materiele schade",3,"Personenauto","e-bike","Onbekend","Kruispunt, 3 takken",\N,"Niet brandend","Daglicht","Droog",\N,\N,"Vonderpad","Westerbroek","Midden-Groningen","Groningen",false,53.180101,6.689745,"material damage only","4","clear",false,1,"GM1952"
"20230082295",2023,"Uitsluitend materiele schade",2,"Fiets","Personenauto","Flank","Kruispunt, 3 takken",50,"Niet brandend","Daglicht","Droog",\N,\N,"Terhoevenderweg","Heerlen","Heerlen","Limburg",false,50.915898,5.946366,"material damage only","4","clear",false,1,"GM0917"
"20230089826",2023,"Letsel",3,"Fiets","Personenauto","Onbekend","Rechte weg",30,"Niet brandend","Daglicht","Droog",\N,\N,"Sportlaan","Gouda","Gouda","Zuid-Holland",false,52.010495,4.728629,"injury","2","clear",false,1,"GM0513"
"20220001754",2022,"Letsel",2,"Personenauto","e-bike","Flank","Kruispunt, 4 takken",50,"Niet brandend","Daglicht","Droog",\N,\N,"Eekhoutswijk","Smilde","Midden-Drenthe","Drenthe",false,52.960511,6.457686,"injury","2","clear",false,1,"GM1731"
"20230062283",2023,"Uitsluitend materiele schade",2,"Fiets","Fiets","Onbekend","Kruispunt, 3 takken",30,"Niet brandend","Daglicht","Droog",\N,\N,"Muntelbolwerk","'s-Hertogenbosch","'s-Hertogenbosch","Noord-Brabant",false,51.692702,5.315428,"material damage only","4","clear",false,1,"GM0796"
"20220001956",2022,"Letsel",1,"Fiets",\N,"Eenzijdig","Kruispunt, 4 takken",50,"Niet brandend","Daglicht","Droog",\N,\N,"Van Iddekingeweg","Groningen","Groningen","Groningen",false,53.197171,6.564849,"injury","2","clear",false,1,"GM0014"
"20220002156",2022,"Letsel",2,"Personenauto","Fiets","Frontaal","Bocht",50,"Brandend","Duisternis","Regen",\N,\N,"Soendastraat","Groningen","Groningen","Groningen",false,53.236759,6.567802,"injury","2","rain",false,1,"GM0014"
"20220002217",2022,"Letsel",2,"Personenauto","Fiets","Onbekend","Kruispunt, 4 takken",30,"Brandend","Duisternis",\N,\N,\N,"De Lange West","Drachten","Smallingerland","Friesland",false,53.109352,6.094204,"injury","2","unknown",false,1,"GM0090"
"20220006505",2022,"Uitsluitend materiele schade",3,"Personenauto","Fiets","Onbekend","Rechte weg",50,"Niet brandend","Daglicht","Droog",\N,"514340043","Haaksbergerstraat","Enschede","Enschede","Overijssel",false,52.212936,6.88344,"material damage only","4","clear",false,1,"GM0153"
"20220007806",2022,"Uitsluitend materiele schade",2,"Personenauto","e-bike","Flank","Rechte weg",50,"Niet aanwezig","Daglicht","Droog",\N,"508373007","Bisschopstraat","Weerselo","Dinkelland","Overijssel",false,52.358824,6.844863,"material damage only","4","clear",false,1,"GM1774"
"20220103108",2022,"Uitsluitend materiele schade",2,"Personenauto","Fiets","Flank","Kruispunt, 4 takken",30,"Brandend","Duisternis","Droog",\N,\N,"Martelaarsgracht","Amsterdam","Amsterdam","Noord-Holland",false,52.378024,4.896981,"material damage only","4","clear",false,1,"GM0363"
"20220118833",2022,"Uitsluitend materiele schade",1,"Fiets",\N,"Onbekend","Rotonde",80,"Niet brandend","Daglicht",\N,\N,\N,"Slootsdijk","Ruurlo","Berkelland","Gelderland",false,52.076466,6.458144,"material damage only","4","unknown",false,1,"GM1859"
"20220123275",2022,"Uitsluitend materiele schade",2,"Personenauto","e-bike","Flank","Kruispunt, 4 takken",50,"Niet brandend","Daglicht","Droog",\N,\N,"Maalderij","Amstelveen","Amstelveen","Noord-Holland",false,52.28841,4.839491,"material damage only","4","clear",false,1,"GM0362"
"20230005607",2023,"Uitsluitend materiele schade",1,"Fiets",\N,"Onbekend",\N,30,\N,"Duisternis",\N,\N,"161309068","Assendelftstraat","'s-Gravenhage","'s-Gravenhage","Zuid-Holland",false,52.075501,4.304987,"material damage only","4","unknown",false,1,"GM0518"
"20230006325",2023,"Letsel",2,"Personenauto","Fiets","Onbekend",\N,50,\N,"Schemer",\N,\N,\N,"Boezembocht","Rotterdam","Rotterdam","Zuid-Holland",false,51.941238,4.493403,"injury","2","unknown",false,1,"GM0599"
"20230005458",2023,"Letsel",2,"Fiets",\N,"Eenzijdig",\N,\N,\N,"Daglicht",\N,\N,"154307065","Mient","'s-Gravenhage","'s-Gravenhage","Zuid-Holland",false,52.065935,4.254956,"injury","2","unknown",false,1,"GM0518"
"20220022387",2022,"Letsel",3,"Personenauto","Fiets","Los voorwerp","Kruispunt, 3 takken",50,"Niet aanwezig","Daglicht","Mist",\N,\N,"Amsterdamlaan","Vlaardingen","Vlaardingen","Zuid-Holland",false,51.936696,4.352318,"injury","2","fog",false,1,"GM0622"
"20220028910",2022,"Uitsluitend materiele schade",2,"Personenauto","Fiets","Flank","Kruispunt, 4 takken",50,"Brandend","Duisternis","Droog",\N,\N,"Kasteellaan","Eindhoven","Eindhoven","Noord-Brabant",false,51.419965,5.444692,"material damage only","4","clear",false,1,"GM0772"
"20220049168",2022,"Uitsluitend materiele schade",2,"Fiets","Lichtmast","Vast voorwerp","Rechte weg",30,"Brandend","Duisternis","Droog",\N,"600128090","Melkpad","Hilversum","Hilversum","Noord-Holland",false,52.227458,5.171847,"material damage only","4","clear",false,1,"GM0402"
"20220056342",2022,"Letsel",3,"Personenauto","Fiets","Onbekend","Rechte weg",50,"Niet brandend","Daglicht","Droog",\N,"600724407","Ambachtsweg","Katwijk","Katwijk","Zuid-Holland",false,52.202162,4.429534,"injury","2","clear",false,1,"GM0537"
"20220091047",2022,"Uitsluitend materiele schade",2,"Fiets","Voetganger","Voetganger","Rechte weg",30,"Niet brandend","Daglicht","Droog",\N,"354124083","Langstraat","Weert","Weert","Limburg",false,51.251217,5.705566,"material damage only","4","clear",false,1,"GM0988"
"20220091050",2022,"Uitsluitend materiele schade",2,"Bromfiets","Fiets","Frontaal","Rechte weg",50,"Niet brandend","Daglicht","Droog",\N,"389114005","Hornerweg","Roermond","Roermond","Limburg",false,51.201272,5.966563,"material damage only","4","clear",false,1,"GM0957"
"20220103402",2022,"Uitsluitend materiele schade",2,"Personenauto","Fiets","Flank","Kruispunt, 3 takken",50,"Niet brandend","Daglicht","Droog",\N,\N,"Sandifortdreef","Leiden","Leiden","Zuid-Holland",false,52.169981,4.477059,"material damage only","4","clear",false,1,"GM0546"
"20220050618",2022,"Uitsluitend materiele schade",2,"Snorfiets","Fiets","Frontaal","Rechte weg",\N,"Brandend","Schemer","Droog",\N,"600777234","Rhonedreef","Utrecht","Utrecht","Utrecht",false,52.111694,5.113888,"material damage only","4","clear",false,1,"GM0344"
"20220089715",2022,"Uitsluitend materiele schade",2,"Personenauto","e-bike","Onbekend","Rotonde",50,"Niet brandend","Daglicht","Droog",\N,\N,"Willem de Zwijgerweg","Best","Best","Noord-Brabant",false,51.499391,5.382252,"material damage only","4","clear",false,1,"GM0753"
"20220108489",2022,"Uitsluitend materiele schade",2,"Motor","Fiets","Onbekend","Kruispunt, 4 takken",80,"Niet brandend","Daglicht","Droog",\N,\N,"Vondelingenweg","Hoogvliet Rotterdam","Rotterdam","Zuid-Holland",false,51.876981,4.368853,"material damage only","4","clear",false,1,"GM0599"
"20220041452",2022,"Letsel",2,"Personenauto","Fiets","Onbekend","Kruispunt, 3 takken",50,"Niet brandend","Daglicht","Regen",\N,\N,"Haasakkers","Peize","Noordenveld","Drenthe",false,53.149107,6.502004,"injury","2","rain",false,1,"GM1699"
"20220071685",2022,"Letsel",2,"Personenauto","e-bike","Flank","Kruispunt, 3 takken",50,"Niet brandend","Daglicht","Droog",\N,\N,"Dwarsdiep","Nieuw-Buinen","Borger-Odoorn","Drenthe",false,52.974722,6.95587,"injury","2","clear",false,1,"GM1681"
"20220081682",2022,"Letsel",2,"Fiets","Fiets","Onbekend","Rechte weg",50,"Brandend","Duisternis","Droog",\N,"600379202","Danckertsstraat","'s-Gravenhage","'s-Gravenhage","Zuid-Holland",false,52.085076,4.280806,"injury","2","clear",false,1,"GM0518"
"20220031918",2022,"Letsel",2,"Personenauto","Fiets","Flank","Kruispunt, 4 takken",50,"Niet brandend","Daglicht","Regen","Brug/viaduct",\N,"BOTERINGEBRUG","Groningen","Groningen","Groningen",false,53.221475,6.562599,"injury","2","rain",false,1,"GM0014"
"20220046727",2022,"Uitsluitend materiele schade",2,"Bestelauto","Fiets","Flank","Kruispunt, 4 takken",50,"Niet brandend","Daglicht","Droog",\N,"600534928","FIETSPAD","Arnhem","Arnhem","Gelderland",false,51.996822,5.907498,"material damage only","4","clear",false,1,"GM0202"
"20220052504",2022,"Letsel",3,"Bestelauto","e-bike","Flank","Kruispunt, 4 takken",50,"Brandend","Duisternis","Droog",\N,\N,"Monnickendammerjaagweg","Edam","Edam-Volendam","Noord-Holland",false,52.509641,5.043828,"injury","2","clear",false,1,"GM0385"
"20220053867",2022,"Letsel",2,"Personenauto","e-bike","Flank",\N,50,"Niet brandend","Daglicht","Droog",\N,"268437135","Roerdomp","Hoorn","Hoorn","Noord-Holland",false,52.654427,5.078585,"injury","2","clear",false,1,"GM0405"
"20220056668",2022,"Letsel",2,"Personenauto","Fiets","Geparkeerd voertuig","Rechte weg",30,"Brandend","Duisternis","Droog",\N,"160316020","Brugsestraat","'s-Gravenhage","'s-Gravenhage","Zuid-Holland",false,52.10876,4.296174,"injury","2","clear",false,1,"GM0518"
"20220112009",2022,"Letsel",2,"Personenauto","Fiets","Flank","Kruispunt, 3 takken",50,"Niet brandend","Daglicht","Droog",\N,\N,"Balkweg","'s-Hertogenbosch","'s-Hertogenbosch","Noord-Brabant",false,51.708801,5.334683,"injury","2","clear",false,1,"GM0796"
"20220039790",2022,"Letsel",2,"Personenauto","Fiets","Onbekend","Rotonde",50,"Niet brandend","Daglicht","Droog",\N,\N,"Scholtis Coopmansstraat","Venlo","Venlo","Limburg",false,51.37152,6.146456,"injury","2","clear",false,1,"GM0983"
"20220043150",2022,"Uitsluitend materiele schade",2,"Personenauto","e-bike","Flank","Rotonde",50,"Niet brandend","Daglicht","Droog",\N,\N,"Havenstraat","Doetinchem","Doetinchem","Gelderland",false,51.952159,6.288941,"material damage only","4","clear",false,1,"GM0222"
"20220058368",2022,"Uitsluitend materiele schade",2,"Bromfiets","Fiets","Flank","Kruispunt, 4 takken",\N,"Niet brandend","Daglicht","Droog",\N,\N,"Elandstraat","'s-Gravenhage","'s-Gravenhage","Zuid-Holland",false,52.079873,4.295247,"material damage only","4","clear",false,1,"GM0518"
"20220059536",2022,"Uitsluitend materiele schade",2,"Personenauto","e-bike","Flank","Kruispunt, 4 takken",30,"Niet aanwezig","Daglicht","Droog",\N,\N,"Stastokstraat","'s-Gravenhage","'s-Gravenhage","Zuid-Holland",false,52.05594,4.312326,"material damage only","4","clear",false,1,"GM0518"
"20220062496",2022,"Uitsluitend materiele schade",2,"Motor","Fiets","Flank","Kruispunt, 4 takken",30,"Niet brandend","Daglicht","Droog",\N,\N,"Mauritsplaats","Rotterdam","Rotterdam","Zuid-Holland",false,51.919803,4.472162,"material damage only","4","clear",false,1,"GM0599"
"20220063707",2022,"Uitsluitend materiele schade",3,"Fiets","Bromfiets","Flank","Rechte weg",50,"Niet brandend","Daglicht","Regen",\N,"115180005","Postweg","Kapelle","Kapelle","Zeeland",false,51.493589,3.986675,"material damage only","4","rain",false,1,"GM0678"
"20220078060",2022,"Letsel",2,"Fiets","Fiets","Onbekend","Rechte weg",50,"Niet brandend","Daglicht","Droog",\N,"600784826","Utrechtseweg","Zeist","Zeist","Utrecht",false,52.083954,5.236878,"injury","2","clear",false,1,"GM0355"
"20220080995",2022,"Uitsluitend materiele schade",2,"Bromfiets","Fiets","Flank","Kruispunt, 4 takken",30,"Brandend","Duisternis","Regen",\N,\N,"Javastraat","Amsterdam","Amsterdam","Noord-Holland",false,52.363304,4.930508,"material damage only","4","rain",false,1,"GM0363"
"20220081925",2022,"Letsel",2,"Personenauto","Fiets","Onbekend","Kruispunt, 3 takken",50,"Niet brandend","Daglicht","Regen",\N,\N,"Leyweg","'s-Gravenhage","'s-Gravenhage","Zuid-Holland",false,52.06075,4.262353,"injury","2","rain",false,1,"GM0518"
"20220090912",2022,"Uitsluitend materiele schade",2,"Personenauto","Fiets","Flank","Kruispunt, 4 takken",30,"Niet brandend","Daglicht","Droog",\N,\N,"Boerhaavestraat","Heerlen","Heerlen","Limburg",false,50.898532,5.977313,"material damage only","4","clear",false,1,"GM0917"
"20220094069",2022,"Letsel",2,"Fiets","Fiets","Onbekend","Rechte weg",30,"Brandend","Duisternis","Droog",\N,"511344012","Weegschaalstraat","Enschede","Enschede","Overijssel",false,52.228253,6.860797,"injury","2","clear",false,1,"GM0153"
"20220113694",2022,"Uitsluitend materiele schade",2,"Personenauto","Fiets","Flank","Rechte weg",50,"Niet brandend","Daglicht","Droog",\N,"421152044","Laaghuissingel","Venlo","Venlo","Limburg",false,51.370986,6.185161,"material damage only","4","clear",false,1,"GM0983"
"20220032222",2022,"Letsel",2,"Personenauto","Fiets","Flank","Kruispunt, 4 takken",30,"Niet brandend","Daglicht","Regen",\N,\N,"Houtweg","Emmen","Emmen","Drenthe",false,52.792236,6.939463,"injury","2","rain",false,1,"GM0114"
"20220045214",2022,"Letsel",2,"Personenauto","Fiets","Flank","Kruispunt, 3 takken",80,"Niet brandend","Daglicht","Droog",\N,\N,"Voordesdijk","Markelo","Hof van Twente","Overijssel",false,52.225957,6.500174,"injury","2","clear",false,1,"GM1735"
"20220061058",2022,"Letsel",3,"Personenauto","Fiets","Flank","Kruispunt, 4 takken",30,"Niet brandend","Daglicht","Droog",\N,\N,"Kleine Haarsekade","Gorinchem","Gorinchem","Zuid-Holland",false,51.845639,4.972538,"injury","2","clear",false,1,"GM0512"
"20220088058",2022,"Uitsluitend materiele schade",3,"Personenauto","Fiets","Flank","Rechte weg",50,"Niet brandend","Daglicht","Droog",\N,"123132088","van der Maelstedeweg","Hulst","Hulst","Zeeland",false,51.277021,4.058375,"material damage only","4","clear",false,1,"GM0677"
"20220109778",2022,"Letsel",2,"Personenauto","Fiets","Geparkeerd voertuig","Rechte weg",30,"Niet brandend","Daglicht","Droog",\N,"600709002","Lewestraat","Kloetinge","Goes","Zeeland",false,51.497428,3.908685,"injury","2","clear",false,1,"GM0664"
"20220105346",2022,"Uitsluitend materiele schade",1,"Fiets",\N,"Onbekend",\N,30,\N,"Daglicht",\N,\N,"186328151","Apothekersdijk","Leiden","Leiden","Zuid-Holland",false,52.160628,4.487858,"material damage only","4","unknown",false,1,"GM0546"
"20220038006",2022,"Letsel",2,"Personenauto","Fiets","Flank","Kruispunt, 3 takken",50,"Brandend","Duisternis","Droog",\N,\N,"Craandijkstraat","Rotterdam","Rotterdam","Zuid-Holland",false,51.918558,4.443293,"injury","2","clear",false,1,"GM0599"
"20220039967",2022,"Uitsluitend materiele schade",2,"Personenauto","Fiets","Flank","Rotonde",50,"Niet brandend","Daglicht","Droog",\N,\N,"Stalbergweg","Venlo","Venlo","Limburg",false,51.366434,6.185233,"material damage only","4","clear",false,1,"GM0983"
"20220055519",2022,"Uitsluitend materiele schade",2,"Snorfiets","Fiets","Frontaal","Kruispunt, 4 takken",\N,"Niet brandend","Daglicht","Droog",\N,\N,"FIETSPAD","Amsterdam","Amsterdam","Noord-Holland",false,52.372644,4.933853,"material damage only","4","clear",false,1,"GM0363"
"20220081218",2022,"Uitsluitend materiele schade",2,"Snorfiets","Fiets","Onbekend","Kruispunt, 3 takken",\N,"Niet brandend","Daglicht","Regen",\N,\N,"Stadhouderskade","Amsterdam","Amsterdam","Noord-Holland",false,52.360481,4.885859,"material damage only","4","rain",false,1,"GM0363"
"20220105189",2022,"Uitsluitend materiele schade",1,"e-bike",\N,"Eenzijdig","Rechte weg",50,"Brandend","Daglicht","Regen",\N,\N,"FIETSPAD","Leiden","Leiden","Zuid-Holland",false,52.149514,4.462627,"material damage only","4","rain",false,1,"GM0546"
"20220106615",2022,"Letsel",2,"Fiets",\N,"Eenzijdig","Kruispunt, 4 takken",50,"Brandend","Daglicht","Droog",\N,\N,"Anzere","Capelle aan den IJssel","Capelle aan den IJssel","Zuid-Holland",false,51.925912,4.588461,"injury","2","clear",false,1,"GM0502"
"20220083261",2022,"Uitsluitend materiele schade",2,"Snorfiets","Fiets","Flank","Kruispunt, 4 takken",\N,"Niet brandend","Daglicht","Droog","Tunnel","600725959","Haagse Schouwweg","Leiden","Leiden","Zuid-Holland",false,52.159041,4.449958,"material damage only","4","clear",false,1,"GM0546"
"20220085411",2022,"Uitsluitend materiele schade",1,"e-bike",\N,"Onbekend",\N,50,\N,"Daglicht",\N,\N,"179263013","Albert Plesmanweg","Rotterdam","Rotterdam","Zuid-Holland",false,51.872155,4.443408,"material damage only","4","unknown",false,1,"GM0599"
"20220095961",2022,"Uitsluitend materiele schade",2,"Personenauto","Fiets","Flank","Kruispunt, 3 takken",50,"Niet brandend","Daglicht","Droog",\N,\N,"Parkweg","Enschede","Enschede","Overijssel",false,52.22029,6.866558,"material damage only","4","clear",false,1,"GM0153"
"20220097753",2022,"Uitsluitend materiele schade",2,"Bestelauto","Fiets","Flank","Rechte weg",50,"Niet brandend","Daglicht","Droog",\N,"388286009","Bethaniënstraat","Arnhem","Arnhem","Gelderland",false,51.97742,5.957302,"material damage only","4","clear",false,1,"GM0202"
"20220097757",2022,"Letsel",2,"Fiets","Fiets","Flank","Kruispunt, 3 takken",\N,"Niet brandend","Daglicht","Droog","Brug/viaduct",\N,"Vlijtstraat","Arnhem","Arnhem","Gelderland",false,51.977729,5.915827,"injury","2","clear",false,1,"GM0202"
"20220041965",2022,"Letsel",2,"Fiets","Fiets","Flank","Kruispunt, 3 takken",30,"Niet brandend","Daglicht","Droog",\N,\N,"Grote Markt","Groningen","Groningen","Groningen",false,53.219198,6.567931,"injury","2","clear",false,1,"GM0014"
"20220052996",2022,"Letsel",2,"Personenauto","Fiets","Flank","Kruispunt, 4 takken",50,"Niet brandend","Daglicht","Droog","Brug/viaduct",\N,"Weteringweg","Weteringbrug","Haarlemmermeer","Noord-Holland",false,52.220225,4.641579,"injury","2","clear",false,1,"GM0394"
"20220057320",2022,"Uitsluitend materiele schade",2,"Personenauto","Fiets","Flank","Bocht",50,"Niet brandend","Daglicht","Droog",\N,"204284099","Raadhuisplein","Nieuwerkerk aan den IJssel","Zuidplas","Zuid-Holland",false,51.967116,4.617109,"material damage only","4","clear",false,1,"GM1892"
"20220061361",2022,"Uitsluitend materiele schade",1,"Fiets",\N,"Flank","Rechte weg",30,"Niet brandend","Daglicht","Droog",\N,"183275059","Proveniersstraat","Rotterdam","Rotterdam","Zuid-Holland",false,51.926784,4.471868,"material damage only","4","clear",false,1,"GM0599"
"20220069114",2022,"Uitsluitend materiele schade",2,"Personenauto","Fiets","Flank","Kruispunt, 4 takken",30,"Niet brandend","Daglicht","Droog",\N,\N,"Wapenstekererf","Roermond","Roermond","Limburg",false,51.186094,6.019742,"material damage only","4","clear",false,1,"GM0957"
"20220081292",2022,"Uitsluitend materiele schade",3,\N,"Fiets","Flank","Rechte weg",30,"Niet brandend","Daglicht","Droog",\N,"600764005","Schollenbrugpad","Amsterdam","Amsterdam","Noord-Holland",false,52.351566,4.913622,"material damage only","4","clear",false,1,"GM0363"
"20220084186",2022,"Letsel",1,"Fiets",\N,"Eenzijdig","Rechte weg",50,"Niet brandend","Daglicht","Droog",\N,"168306001","Westvlietweg","Leidschendam","Leidschendam-Voorburg","Zuid-Holland",false,52.061152,4.355425,"injury","2","clear",false,1,"GM1916"
"20220020713",2022,"Letsel",2,"Personenauto","Fiets","Onbekend","Kruispunt, 3 takken",30,"Brandend","Schemer","Droog",\N,\N,"Boesemsingel","Bodegraven","Bodegraven-Reeuwijk","Zuid-Holland",false,52.076722,4.747664,"injury","2","clear",false,1,"GM1901"
"20220058763",2022,"Uitsluitend materiele schade",1,"Fiets",\N,"Onbekend",\N,50,\N,"Daglicht",\N,\N,"187326003","Lammenschansweg","Leiden","Leiden","Zuid-Holland",false,52.152003,4.494104,"material damage only","4","unknown",false,1,"GM0546"
"20220072476",2022,"Uitsluitend materiele schade",2,"Fiets","Personenauto","Flank","Rechte weg",50,"Niet brandend","Daglicht","Sneeuw/Hagel",\N,"600858044","Coehoornsingel","Zutphen","Zutphen","Gelderland",false,52.14723,6.204253,"material damage only","4","unknown",false,1,"GM0301"
"20220085620",2022,"Uitsluitend materiele schade",2,"Personenauto","Fiets","Onbekend","Kruispunt, 3 takken",30,"Niet brandend","Daglicht","Droog",\N,\N,"Galileïlaan","Dordrecht","Dordrecht","Zuid-Holland",false,51.784396,4.677222,"material damage only","4","clear",false,1,"GM0505"
"20220051609",2022,"Uitsluitend materiele schade",2,"Personenauto","Fiets","Flank","Rechte weg",50,"Niet brandend","Daglicht","Droog",\N,"600208615","Houtveldweg","Zaandam","Zaanstad","Noord-Holland",false,52.436348,4.814133,"material damage only","4","clear",false,1,"GM0479"
"20220064539",2022,"Letsel",2,"Fiets","Fiets","Onbekend","Rechte weg",50,"Niet brandend","Daglicht","Droog",\N,\N,"Gaweegsedijk","Waarde","Reimerswaal","Zeeland",false,51.418473,4.10412,"injury","2","clear",false,1,"GM0703"