"accident_id","year","severity_raw","party_count","party1_type","party2_type","accident_type","road_situation","speed_limit_kmh","road_lighting","light_condition_label","weather_raw","infra_type","road_segment_id","street_name","place_name","gemeente_name_raw","province","alcohol_indicated","latitude","longitude","severity_label","severity_code","weather_label","built_up_area","cyclists_involved","gemeente_code"
"20220140403",2022,"Letsel",2,"Fiets","Personenauto","Flank","Kruispunt, 4 takken",50,"Niet brandend","Daglicht","Droog",\N,\N,"Kernweg","Hoorn","Hoorn","Noord-Holland",false,52.644592,5.0971,"injury","2","clear",false,1,"GM0405"
"20220146455",2022,"Uitsluitend materiele schade",2,"Bromfiets","Fiets","Flank","Rechte weg",\N,"Niet brandend","Daglicht","Droog",\N,"214249004","Wantijdijk","Dordrecht","Dordrecht","Zuid-Holland",false,51.811113,4.698399,"material damage only","4","clear",false,1,"GM0505"
"20220151553",2022,"Letsel",2,"Personenauto","Fiets","Flank","Rotonde",50,"Niet brandend","Daglicht","Droog",\N,\N,"DE BEITEL","Heerlen","Heerlen","Limburg",false,50.85642,5.997857,"injury","2","clear",false,1,"GM0917"
"20220151560",2022,"Letsel",2,"Bromfiets","Fiets","Onbekend","Kruispunt, 4 takken",\N,"Niet brandend","Daglicht","Droog",\N,\N,"Broeksittarderweg","Sittard","Sittard-Geleen","Limburg",false,50.999047,5.87565,"injury","2","clear",false,1,"GM1883"
"20220179028",2022,"Letsel",1,"e-bike",\N,"Eenzijdig","Rechte weg",60,\N,"Daglicht","Droog",\N,"600731126","Oosthoutlaan","Sassenheim","Teylingen","Zuid-Holland",false,52.211956,4.495926,"injury","2","clear",false,1,"GM1525"
"20220144624",2022,"Uitsluitend materiele schade",2,"Fiets","Fiets","Frontaal","Rechte weg",30,"Niet brandend","Daglicht","Droog",\N,"600732657","Teylingerlaan","Voorhout","Teylingen","Zuid-Holland",true,52.232985,4.519558,"material damage only","4","clear",false,1,"GM1525"
"20220144645",2022,"Letsel",2,"Bromfiets","Fiets","Flank","Rechte weg",50,"Niet brandend","Daglicht","Droog",\N,\N,"Stevinstraat","'s-Gravenhage","'s-Gravenhage","Zuid-Holland",false,52.111807,4.300234,"injury","2","clear",false,1,"GM0518"
"20220160128",2022,"Uitsluitend materiele schade",2,"Bromfiets","Fiets","Kop/staart","Rechte weg",80,"Niet brandend","Daglicht","Droog",\N,"323189001","Rooijseweg","Son en Breugel","Son en Breugel","Noord-Brabant",false,51.539828,5.485632,"material damage only","4","clear",false,1,"GM0848"
"20220116488",2022,"Letsel",2,"Personenauto","Fiets","Geparkeerd voertuig","Rechte weg",60,"Niet brandend","Daglicht","Droog",\N,"403318005","Langedijk","Hall","Brummen","Gelderland",false,52.119687,6.074084,"injury","2","clear",false,1,"GM0213"
"20220125848",2022,"Letsel",1,"Fiets",\N,"Eenzijdig","Rechte weg",30,"Niet aanwezig","Duisternis","Droog",\N,"600740476","Compierekade","Hazerswoude-Dorp","Alphen aan den Rijn","Zuid-Holland",false,52.119748,4.629597,"injury","2","clear",false,1,"GM0484"
"20220126715",2022,"Letsel",2,"Personenauto","e-bike","Flank","Kruispunt, 4 takken",30,"Niet brandend","Daglicht","Droog",\N,\N,"Violiervaart","Zoetermeer","Zoetermeer","Zuid-Holland",false,52.06426,4.503182,"injury","2","clear",false,1,"GM0637"
"20220142128",2022,"Letsel",2,"Personenauto","Fiets","Flank","Kruispunt, 3 takken",50,"Niet aanwezig","Daglicht","Droog",\N,\N,"Amsteldijk","Amsterdam","Amsterdam","Noord-Holland",false,52.343366,4.912986,"injury","2","clear",false,1,"GM0363"
"20220143531",2022,"Letsel",1,"Fiets",\N,"Eenzijdig","Rechte weg",60,"Niet brandend","Daglicht","Droog",\N,"600398230","F1","Wassenaar","Wassenaar","Zuid-Holland",false,52.172777,4.366387,"injury","2","clear",false,1,"GM0629"
"20220153668",2022,"Uitsluitend materiele schade",2,"Bromfiets","Fiets","Frontaal","Rechte weg",30,"Niet brandend","Daglicht","Droog",\N,\N,"Onderdoor","Houten","Houten","Utrecht",false,52.034562,5.168357,"material damage only","4","clear",false,1,"GM0321"
"20220153685",2022,"Letsel",1,"e-bike",\N,"Eenzijdig","Rechte weg",50,"Niet brandend","Daglicht","Droog",\N,"600953192","Hilversumseweg","Laren","Laren","Noord-Holland",false,52.248878,5.210907,"injury","2","clear",false,1,\N
"20220153721",2022,"Letsel",1,"Fiets",\N,"Eenzijdig",\N,15,\N,"Daglicht",\N,\N,"282343085","Hoge Larenseweg","Hilversum","Hilversum","Noord-Holland",false,52.232372,5.184905,"injury","2","unknown",false,1,"GM0402"
"20220158496",2022,"Letsel",1,"e-bike",\N,"Eenzijdig","Rechte weg",30,"Niet brandend","Daglicht","Droog",\N,"50178013","Dishoek","Koudekerke","Veere","Zeeland",false,51.474567,3.520108,"injury","2","clear",false,1,"GM0717"
"20220197608",2022,"Uitsluitend materiele schade",2,"Personenauto","Fiets","Flank","Kruispunt, 3 takken",30,"Niet brandend","Daglicht","Droog",\N,\N,"St. Jacobslaan","Nijmegen","Nijmegen","Gelderland",false,51.809503,5.845808,"material damage only","4","clear",false,1,"GM0268"
"20220120757",2022,"Letsel",2,"Bromfiets","Fiets","Flank","Kruispunt, 3 takken",50,"Niet brandend","Daglicht","Droog",\N,\N,"Westsingel","Amersfoort","Amersfoort","Utrecht",false,52.1573,5.385716,"injury","2","clear",false,1,"GM0307"
"20220152965",2022,"Uitsluitend materiele schade",2,"Fiets","Personenauto","Flank","Kruispunt, 4 takken",50,"Niet brandend","Daglicht","Droog",\N,\N,"Weidelaan","Raalte","Raalte","Overijssel",false,52.392576,6.286378,"material damage only","4","clear",false,1,"GM0177"
"20220167305",2022,"Letsel",2,"Fiets","Fiets","Frontaal","Rechte weg",30,"Niet brandend","Daglicht","Droog",\N,"342367010","Badweg","Harderwijk","Harderwijk","Gelderland",false,52.339878,5.623328,"injury","2","clear",false,1,"GM0243"
"20220173470",2022,"Uitsluitend materiele schade",3,"Personenauto","Fiets","Flank","Kruispunt, 4 takken",50,"Niet brandend","Daglicht","Droog","Brug/viaduct",\N,"Saxofoonweg","Almere","Almere","Flevoland",false,52.374295,5.184634,"material damage only","4","clear",false,1,"GM0034"
"20220178250",2022,"Letsel",2,"Personenauto","Fiets","Flank","Rotonde",50,"Niet brandend","Daglicht","Droog",\N,\N,"Meibergdreef","Amsterdam","Amsterdam","Noord-Holland",false,52.292661,4.953647,"injury","2","clear",false,1,"GM0363"
"20220120793",2022,"Uitsluitend materiele schade",3,"Bromfiets","Fiets","Onbekend","Rechte weg",50,"Niet brandend","Daglicht","Droog",\N,"600129571","Johannes Geradtsweg","Hilversum","Hilversum","Noord-Holland",false,52.234773,5.17856,"material damage only","4","clear",false,1,"GM0402"
"20220142234",2022,"Uitsluitend materiele schade",3,"Personenauto","Fiets","Onbekend","Rechte weg",30,"Niet brandend","Daglicht",\N,\N,"600382433","Nieuwe Weteringstraat","Amsterdam","Amsterdam","Noord-Holland",false,52.360676,4.889956,"material damage only","4","unknown",false,1,"GM0363"
"20220143637",2022,"Letsel",2,"Fiets","Overig vast object","Vast voorwerp","Rechte weg",50,"Niet brandend","Daglicht","Droog",\N,\N,"Boomgaardspad","Naaldwijk","Westland","Zuid-Holland",false,51.994224,4.193771,"injury","2","clear",false,1,"GM1783"
"20220169892",2022,"Letsel",1,"e-bike",\N,"Eenzijdig",\N,\N,\N,"Daglicht",\N,\N,"501350050","Esrein","Hengelo","Hengelo (O)","Overijssel",false,52.256738,6.792349,"injury","2","unknown",false,1,\N
"20220174901",2022,"Uitsluitend materiele schade",2,"Personenauto","Fiets","Flank","Kruispunt, 3 takken",50,"Niet brandend","Daglicht","Droog",\N,\N,"Zevenhuizerlaan","Heiloo","Heiloo","Noord-Holland",false,52.593528,4.70495,"material damage only","4","clear",false,1,"GM0399"
"20220179302",2022,"Letsel",2,"Fiets","Voetganger","Voetganger","Rechte weg",30,"Niet brandend","Daglicht","Droog",\N,"600921710","Dieselweg","Delft","Delft","Zuid-Holland",false,51.98894,4.36043,"injury","2","clear",false,1,"GM0503"
"20220198682",2022,"Uitsluitend materiele schade",2,"Personenauto","Fiets","Flank","Rechte weg",50,"Niet aanwezig","Daglicht","Droog",\N,\N,"Oude Telgterweg","Ermelo","Ermelo","Gelderland",false,52.290958,5.606416,"material damage only","4","clear",false,1,"GM0233"
"20220198708",2022,"Uitsluitend materiele schade",3,"Bestelauto","Fiets","Onbekend","Rotonde",50,"Niet brandend","Daglicht","Droog",\N,\N,"Europa-allee","Kampen","Kampen","Overijssel",false,52.555126,5.907059,"material damage only","4","clear",false,1,"GM0166"
"20220153030",2022,"Letsel",2,"Personenauto","Fiets","Frontaal","Rechte weg",30,"Niet brandend","Daglicht","Droog",\N,"478289035","Winterswijkseweg","Vragender","Oost Gelre","Gelderland",false,51.986343,6.614266,"injury","2","clear",false,1,"GM1586"
"20220153889",2022,"Uitsluitend materiele schade",2,"Personenauto","Fiets","Flank","Kruispunt, 4 takken",50,"Brandend","Schemer","Droog",\N,\N,"Utrechtseweg","Amersfoort","Amersfoort","Utrecht",false,52.152025,5.381879,"material damage only","4","clear",false,1,"GM0307"
"20220169932",2022,"Uitsluitend materiele schade",2,"Personenauto","Fiets","Flank","Kruispunt, 3 takken",50,"Niet brandend","Daglicht","Droog",\N,\N,"Burgemeester Roelenweg","Zwolle","Zwolle","Overijssel",false,52.518169,6.084326,"material damage only","4","clear",false,1,"GM0193"
"20220175051",2022,"Uitsluitend materiele schade",2,"Personenauto","Fiets","Flank","Rotonde",50,"Niet brandend","Daglicht","Droog",\N,\N,"Europaweg","Haarlem","Haarlem","Noord-Holland",false,52.357209,4.653114,"material damage only","4","clear",false,1,"GM0392"
"20220178835",2022,"Letsel",1,"Fiets",\N,"Eenzijdig","Rechte weg",50,"Niet brandend","Daglicht","Droog",\N,"150297005","Wateringseweg","Poeldijk","Westland","Zuid-Holland",false,52.021734,4.226967,"injury","2","clear",false,1,"GM1783"
"20220178870",2022,"Letsel",2,"Personenauto","e-bike","Flank",\N,30,"Niet brandend","Daglicht","Droog",\N,"171308017","WIJKERBRUG","'s-Gravenhage","'s-Gravenhage","Zuid-Holland",false,52.072967,4.377201,"injury","2","clear",false,1,"GM0518"
"20220180516",2022,"Letsel",1,"e-bike",\N,"Eenzijdig","Kruispunt, 4 takken",50,"Brandend","Duisternis","Droog",\N,\N,"Willem de Zwijgerlaan","Alphen aan den Rijn","Alphen aan den Rijn","Zuid-Holland",false,52.13529,4.666366,"injury","2","clear",false,1,"GM0484"
"20220195770",2022,"Letsel",1,"Fiets",\N,"Eenzijdig","Rechte weg",80,"Niet aanwezig","Duisternis","Droog",\N,"600571251","Oldenzaalsestraat","Enschede","Enschede","Overijssel",false,52.253432,6.91569,"injury","2","clear",false,1,"GM0153"
"20220121011",2022,"Letsel",2,"Fiets","e-bike","Geparkeerd voertuig","Rechte weg",30,"Niet brandend","Daglicht","Droog","Parkeervoorziening","281314043","Dorpsstr vo Steenstr","De Bilt","De Bilt","Utrecht",false,52.104282,5.183073,"injury","2","clear",false,1,"GM0310"
"20220126159",2022,"Uitsluitend materiele schade",2,"Bromfiets","Fiets","Onbekend","Rechte weg",50,"Brandend","Duisternis","Droog",\N,"600105468","Van Boetzelaerlaan","'s-Gravenhage","'s-Gravenhage","Zuid-Holland",false,52.090993,4.271417,"material damage only","4","clear",false,1,"GM0518"
"20220137244",2022,"Uitsluitend materiele schade",2,"Fiets","Personenauto","Flank","Kruispunt, 4 takken",50,"Brandend","Duisternis","Droog",\N,\N,"Van Wevelinkhovenstraat","Zwolle","Zwolle","Overijssel",false,52.519426,6.102401,"material damage only","4","clear",false,1,"GM0193"
"20220152214",2022,"Uitsluitend materiele schade",2,"Personenauto","Fiets","Geparkeerd voertuig","Rechte weg",30,"Niet brandend","Daglicht","Droog","Parkeervoorziening","461453007","Grote Beer","Hoogeveen","Hoogeveen","Drenthe",false,52.724478,6.507701,"material damage only","4","clear",false,1,"GM0118"
"20220159040",2022,"Uitsluitend materiele schade",2,"Bestelauto","Fiets","Flank","Rechte weg",30,"Brandend","Duisternis","Droog",\N,"221212044","Markstraat","Terheijden","Drimmelen","Noord-Brabant",false,51.64235,4.751029,"material damage only","4","clear",false,1,"GM1719"
"20220161781",2022,"Letsel",1,"Fiets",\N,"Eenzijdig","Rechte weg",30,"Niet brandend","Daglicht","Droog",\N,"600611302","Pleiadenlaan","Groningen","Groningen","Groningen",false,53.227677,6.537522,"injury","2","clear",false,1,"GM0014"
"20220183393",2022,"Uitsluitend materiele schade",2,"Snorfiets","Fiets","Onbekend","Kruispunt, 3 takken",\N,"Niet brandend","Daglicht","Droog",\N,\N,"Van Baerlestraat","Dordrecht","Dordrecht","Zuid-Holland",false,51.806377,4.661849,"material damage only","4","clear",false,1,"GM0505"
"20220194132",2022,"Letsel",2,"Personenauto","Fiets","Flank","Kruispunt, 3 takken",30,"Niet brandend","Daglicht","Droog",\N,\N,"Esweg","Eelde","Tynaarlo","Drenthe",false,53.133401,6.572008,"injury","2","clear",false,1,"GM1730"
"20220141060",2022,"Uitsluitend materiele schade",2,"Bromfiets","Fiets","Flank","Kruispunt, 4 takken",30,"Brandend","Schemer","Droog",\N,\N,"Payglop","Alkmaar","Alkmaar","Noord-Holland",false,52.630222,4.747685,"material damage only","4","clear",false,1,"GM0361"
"20220153976",2022,"Letsel",2,"Bestelauto","e-bike","Kop/staart","Rechte weg",60,"Niet brandend","Daglicht","Droog",\N,"600923079","Overboeicop","Schoonrewoerd","Vijfheerenlanden","Utrecht",false,51.935252,5.111935,"injury","2","clear",false,1,"GM1961"
"20220189096",2022,"Letsel",2,"Trekker","e-bike","Flank","Kruispunt, 3 takken",60,"Niet brandend","Daglicht","Droog",\N,\N,"Vondereind","Vessem","Eersel","Noord-Brabant",false,51.416134,5.281901,"injury","2","clear",false,1,"GM0770"
"20220155350",2022,"Uitsluitend materiele schade",2,"Bromfiets","Fiets","Flank","Rechte weg",\N,"Niet brandend","Daglicht",\N,\N,"600286989","Orlyplein","Amsterdam","Amsterdam","Noord-Holland",false,52.389728,4.836498,"material damage only","4","unknown",false,1,"GM0363"
"20220169080",2022,"Uitsluitend materiele schade",1,"Fiets",\N,"Voetganger","Rechte weg",\N,"Niet brandend","Daglicht","Droog",\N,"400410108","Twistvlietpad","Zwolle","Zwolle","Overijssel",false,52.532102,6.053918,"material damage only","4","clear",false,1,"GM0193"
"20220187580",2022,"Uitsluitend materiele schade",2,"Personenauto","Fiets","Flank","Kruispunt, 3 takken",30,"Niet brandend","Daglicht","Droog",\N,\N,"Evertsenstraat","Veghel","Meierijstad","Noord-Brabant",false,51.608391,5.546594,"material damage only","4","clear",false,1,"GM1948"
"20220194987",2022,"Uitsluitend materiele schade",1,"Fiets",\N,"Onbekend",\N,50,\N,"Duisternis",\N,\N,"600851246","Harm Smeengekade","Zwolle","Zwolle","Overijssel",false,52.512169,6.086658,"material damage only","4","unknown",false,1,"GM0193"
"20220126312",2022,"Letsel",1,"Fiets",\N,"Eenzijdig","Rechte weg",\N,"Niet brandend","Daglicht","Droog",\N,"600397947","Langevelderslag","Noordwijk","Noordwijk","Zuid-Holland",false,52.301649,4.476702,"injury","2","clear",false,1,"GM0575"
"20220126314",2022,"Uitsluitend materiele schade",2,"Bromfiets","e-bike","Flank","Kruispunt, 4 takken",30,"Niet brandend","Daglicht","Droog",\N,\N,"Swammerdamstraat","'s-Gravenhage","'s-Gravenhage","Zuid-Holland",false,52.068273,4.32774,"material damage only","4","clear",false,1,"GM0518"
"20220144026",2022,"Letsel",1,"e-bike",\N,"Eenzijdig","Bocht",30,"Niet brandend","Daglicht","Droog",\N,"204268030","Boterbloemstraat","Krimpen aan de Lek","Krimpenerwaard","Zuid-Holland",false,51.89669,4.622578,"injury","2","clear",false,1,"GM1931"
"20220145204",2022,"Letsel",2,"Personenauto","Fiets","Flank","Kruispunt, 4 takken",50,"Brandend","Duisternis","Droog",\N,\N,"Vreeswijkstraat","'s-Gravenhage","'s-Gravenhage","Zuid-Holland",false,52.059494,4.279273,"injury","2","clear",false,1,"GM0518"
"20220190801",2022,"Letsel",2,"Personenauto","Fiets","Onbekend","Rechte weg",80,"Niet brandend","Daglicht","Droog",\N,"600949474","Hengeland","Afferden L","Bergen (L)","Limburg",false,51.636863,6.003352,"injury","2","clear",false,1,\N
"20220142809",2022,"Uitsluitend materiele schade",3,"Personenauto","Fiets","Flank","Rechte weg",50,"Niet brandend","Daglicht","Droog",\N,"600715702","Paul Krugerlaan","'s-Gravenhage","'s-Gravenhage","Zuid-Holland",false,52.070702,4.284993,"material damage only","4","clear",false,1,"GM0518"
"20220144110",2022,"Letsel",1,"Fiets",\N,"Eenzijdig","Rechte weg",30,"Niet brandend","Daglicht","Droog",\N,"169294265","Sint Sebastiaansbrug","Delft","Delft","Zuid-Holland",false,52.007273,4.366091,"injury","2","clear",false,1,"GM0503"
"20220145313",2022,"Letsel",1,"Fiets",\N,"Eenzijdig","Rechte weg",30,"Niet brandend","Daglicht","Droog",\N,"198301044","Julianaweg","Zevenhuizen","Zuidplas","Zuid-Holland",false,52.036205,4.578451,"injury","2","clear",false,1,"GM1892"
"20220147157",2022,"Uitsluitend materiele schade",2,"Personenauto","Fiets","Flank","Kruispunt, 4 takken",50,"Niet brandend","Daglicht","Droog",\N,"600942105","Burg Stulemeijerlaan","Bergen op Zoom","Bergen op Zoom","Noord-Brabant",false,51.499061,4.282143,"material damage only","4","clear",false,1,"GM0748"
"20220153268",2022,"Uitsluitend materiele schade",2,"Personenauto","e-bike","Frontaal","Kruispunt, 4 takken",50,"Niet brandend","Daglicht","Droog",\N,\N,"Volksparktunnel","Enschede","Enschede","Overijssel",false,52.22117,6.878798,"material damage only","4","clear",false,1,"GM0153"
"20220154118",2022,"Uitsluitend materiele schade",2,"Snorfiets","Fiets","Frontaal","Bocht",30,"Niet brandend","Daglicht","Droog",\N,"308326077","Groningerstraat","Amersfoort","Amersfoort","Utrecht",false,52.158637,5.376697,"material damage only","4","clear",false,1,"GM0307"
"20220156824",2022,"Letsel",1,"Fiets",\N,"Eenzijdig","Rechte weg",50,"Niet brandend","Daglicht","Droog",\N,"180331021","Hoofdstraat","Valkenburg","Katwijk","Zuid-Holland",false,52.176471,4.438047,"injury","2","clear",false,1,"GM0537"
"20220174094",2022,"Uitsluitend materiele schade",2,"Personenauto","Fiets","Frontaal","Kruispunt, 4 takken",30,"Niet aanwezig","Daglicht","Droog",\N,\N,"Steker","Enkhuizen","Enkhuizen","Noord-Holland",false,52.714753,5.267334,"material damage only","4","clear",false,1,"GM0388"
"20220191364",2022,"Letsel",2,"Personenauto","Fiets","Flank","Kruispunt, 4 takken",60,"Niet brandend","Daglicht","Droog",\N,\N,"Gorredijksterweg","Jubbega","Heerenveen","Friesland",false,52.973485,6.10934,"injury","2","clear",false,1,"GM0074"
"20220192810",2022,"Uitsluitend materiele schade",2,"Fiets","Fiets","Kop/staart","Rechte weg",\N,"Niet brandend","Daglicht","Droog",\N,"600497093","Boermarkeweg","Emmen","Emmen","Drenthe",false,52.794352,6.907742,"material damage only","4","clear",false,1,"GM0114"
"20220118890",2022,"Uitsluitend materiele schade",2,"Personenauto","Fiets","Los voorwerp","Rechte weg",30,"Niet brandend","Daglicht","Droog",\N,"515341040","Beltstraat","Enschede","Enschede","Overijssel",false,52.215704,6.895008,"material damage only","4","clear",false,1,"GM0153"
"20220118922",2022,"Uitsluitend materiele schade",2,"Personenauto","Fiets","Flank","Rotonde",50,"Niet brandend","Daglicht","Droog",\N,\N,"Prof. Oudpark","Ede","Ede","Gelderland",false,52.026122,5.637276,"material damage only","4","clear",false,1,"GM0228"
"20220132928",2022,"Letsel",2,"Personenauto","e-bike","Frontaal","Kruispunt, 4 takken",50,"Niet brandend","Daglicht","Droog",\N,\N,"Startsedijk","Mook","Mook en Middelaar","Limburg",false,51.745638,5.887007,"injury","2","clear",false,1,"GM0944"
"20220138536",2022,"Letsel",2,"Personenauto","Fiets","Flank","Rechte weg",50,"Niet brandend","Daglicht","Droog",\N,"307322004","Arubalaan","Amersfoort","Amersfoort","Utrecht",false,52.136835,5.366792,"injury","2","clear",false,1,"GM0307"
"20220147227",2022,"Letsel",3,"Bestelauto","Fiets","Onbekend","Rotonde",50,"Niet brandend","Daglicht","Droog",\N,\N,"Van Hogendorplaan","Goes","Goes","Zeeland",false,51.508363,3.878003,"injury","2","clear",false,1,"GM0664"
"20220155533",2022,"Uitsluitend materiele schade",2,"Fiets","Personenauto","Flank","Kruispunt, 4 takken",50,"Brandend","Duisternis","Droog",\N,\N,"Orteliusstraat","Amsterdam","Amsterdam","Noord-Holland",false,52.369868,4.849298,"material damage only","4","clear",false,1,"GM0363"
"20220157857",2022,"Letsel",2,"Personenauto","Fiets","Flank","Rechte weg",50,"Niet brandend","Daglicht","Droog",\N,"600418056","1e Middellandstraat","Rotterdam","Rotterdam","Zuid-Holland",false,51.918623,4.461033,"injury","2","clear",false,1,"GM0599"
"20220168013",2022,"Letsel",2,"Fiets","Fiets","Flank","Rechte weg",30,"Niet brandend","Daglicht",\N,\N,"600405045","Grotestraat","Nijverdal","Hellendoorn","Overijssel",false,52.365215,6.461941,"injury","2","unknown",false,1,"GM0163"
"20220169263",2022,"Letsel",2,"Fiets","Fiets","Onbekend","Rechte weg",60,"Niet brandend","Daglicht","Droog","Spoorwegovergang","600436869","Rijksstraatweg","Wijhe","Olst-Wijhe","Overijssel",false,52.418736,6.144935,"injury","2","clear",false,1,"GM1773"
"20220174191",2022,"Uitsluitend materiele schade",2,"Fiets","Voetganger","Voetganger","Rotonde",30,"Niet brandend","Daglicht","Droog",\N,\N,"Stationsweg","Heerhugowaard","Dijk en Waard","Noord-Holland",false,52.669985,4.825566,"material damage only","4","clear",false,1,"GM1980"
"20220191618",2022,"Letsel",2,"Personenauto","Fiets","Flank","Rechte weg",30,"Niet brandend","Daglicht","Droog",\N,"360560008","Johan Winklerwei","Leeuwarden","Leeuwarden","Friesland",false,53.206838,5.766176,"injury","2","clear",false,1,"GM0080"
"20220191760",2022,"Uitsluitend materiele schade",2,"Fiets","Personenauto","Flank","Rotonde",50,"Niet brandend","Daglicht","Droog",\N,\N,"Burgemeester Snaterlaan","Oude Pekela","Pekela","Groningen",false,53.105648,7.005663,"material damage only","4","clear",false,1,"GM0765"
"20220192439",2022,"Letsel",1,"Fiets",\N,"Eenzijdig","Rechte weg",\N,"Brandend","Duisternis","Droog",\N,\N,"Leonard Springerlaan","Groningen","Groningen","Groningen",false,53.204057,6.558228,"injury","2","clear",false,1,"GM0014"
"20220117672",2022,"Uitsluitend materiele schade",2,"Snorfiets","Fiets","Flank","Rechte weg",\N,"Niet brandend","Daglicht","Droog",\N,"600812626","Drielandenpad","Harderwijk","Harderwijk","Gelderland",false,52.330744,5.610481,"material damage only","4","clear",false,1,"GM0243"
"20220141585",2022,"Uitsluitend materiele schade",2,"Personenauto","Fiets","Onbekend","Kruispunt, 4 takken",\N,"Brandend","Duisternis","Droog",\N,\N,"Utrechtsestraat","Amsterdam","Amsterdam","Noord-Holland",false,52.362887,4.898663,"material damage only","4","clear",false,1,"GM0363"
"20220142989",2022,"Letsel",1,"Fiets",\N,"Eenzijdig",\N,50,\N,"Daglicht",\N,\N,"224321013","Zuideinde","Nieuwkoop","Nieuwkoop","Zuid-Holland",false,52.136153,4.766351,"injury","2","unknown",false,1,"GM0569"
"20220145380",2022,"Letsel",2,"e-bike","Overig vast object","Vast voorwerp","Rechte weg",60,"Niet brandend","Daglicht","Regen",\N,"600749737","Westkanaalweg","Ter Aar","Nieuwkoop","Zuid-Holland",false,52.183426,4.728343,"injury","2","rain",false,1,"GM0569"
"20220168178",2022,"Uitsluitend materiele schade",2,"Personenauto","Fiets","Flank","Kruispunt, 3 takken",50,"Niet brandend","Daglicht","Regen",\N,\N,"Molensingel","Malden","Heumen","Gelderland",false,51.786804,5.851089,"material damage only","4","rain",false,1,"GM0252"
"20220192922",2022,"Letsel",2,"e-bike","e-bike","Frontaal","Rechte weg",80,"Brandend","Duisternis","Regen",\N,"294597007","Hoofdweg","West-Terschelling","Terschelling","Friesland",false,53.377094,5.270988,"injury","2","rain",false,1,"GM0093"
"20220124121",2022,"Uitsluitend materiele schade",2,"Personenauto","Fiets","Flank","Rechte weg",50,"Niet brandend","Daglicht","Droog",\N,"239376012","Van Hogendorpstraat","Amsterdam","Amsterdam","Noord-Holland",false,52.38303,4.873481,"material damage only","4","clear",false,1,"GM0363"
"20220153431",2022,"Uitsluitend materiele schade",2,"Fiets","Overig vast object","Vast voorwerp","Rechte weg",30,"Niet brandend","Daglicht","Droog",\N,"402315030","Stuijvenburchstraat","Eerbeek","Brummen","Gelderland",false,52.105149,6.065709,"material damage only","4","clear",false,1,"GM0213"
"20220160849",2022,"Uitsluitend materiele schade",2,"Personenauto","Fiets","Flank","Kruispunt, 4 takken",50,"Niet brandend","Daglicht","Droog",\N,\N,"Rijksweg","Gulpen","Gulpen-Wittem","Limburg",false,50.813907,5.888899,"material damage only","4","clear",false,1,"GM1729"
"20220193920",2022,"Letsel",2,"Fiets","Lichtmast","Vast voorwerp","Rechte weg",50,"Brandend","Duisternis","Regen",\N,"600402914","Nieuweweg","Groningen","Groningen","Groningen",false,53.218714,6.575221,"injury","2","rain",false,1,"GM0014"
"20220196479",2022,"Letsel",2,"Personenauto","Fiets","Flank","Kruispunt, 3 takken",30,"Niet brandend","Daglicht","Droog",\N,\N,"Boekweitweg","Hengelo","Hengelo (O)","Overijssel",false,52.258725,6.813294,"injury","2","clear",false,1,\N
"20220120268",2022,"Uitsluitend materiele schade",2,"Snorfiets","Fiets","Flank","Kruispunt, 4 takken",30,"Niet brandend","Daglicht","Droog",\N,\N,"Oosterkade","Utrecht","Utrecht","Utrecht",false,52.078847,5.122839,"material damage only","4","clear",false,1,"GM0344"
"20220149137",2022,"Letsel",2,"Fiets","Personenauto","Flank","Kruispunt, 3 takken",30,"Niet brandend","Daglicht","Droog",\N,\N,"Thibostraat","Beek en Donk","Laarbeek","Noord-Brabant",false,51.540984,5.630064,"injury","2","clear",false,1,"GM1659"
"20220171853",2022,"Letsel",3,"Personenauto","e-bike","Onbekend","Kruispunt, 4 takken",50,"Niet brandend","Daglicht","Droog",\N,\N,"Dupondiusstraat","Utrecht","Utrecht","Utrecht",false,52.087391,5.077948,"injury","2","clear",false,1,"GM0344"
"20220175654",2022,"Uitsluitend materiele schade",2,"Fiets","Fiets","Flank","Kruispunt, 3 takken",60,"Niet aanwezig","Daglicht","Droog",\N,\N,"Zuiderdijk","Venhuizen","Drechterland","Noord-Holland",false,52.685087,5.245309,"material damage only","4","clear",false,1,"GM0498"
"20220196649",2022,"Uitsluitend materiele schade",2,"Personenauto","Fiets","Kop/staart","Rechte weg",60,"Niet aanwezig","Daglicht","Droog",\N,"385368008","Centrumweg","Epe","Epe","Gelderland",false,52.344358,5.943744,"material damage only","4","clear",false,1,"GM0232"
"20220197405",2022,"Uitsluitend materiele schade",2,"Personenauto","e-bike","Flank","Kruispunt, 3 takken",80,"Niet brandend","Daglicht","Droog",\N,\N,"Bellersweg","Hengelo","Hengelo (O)","Overijssel",false,52.232216,6.760116,"material damage only","4","clear",false,1,\N
"20220120421",2022,"Uitsluitend materiele schade",1,"Fiets",\N,"Onbekend","Rechte weg",50,"Niet brandend","Daglicht","Droog",\N,"270315057","Laan van Chartroise","Utrecht","Utrecht","Utrecht",false,52.106486,5.102977,"material damage only","4","clear",false,1,"GM0344"
"20220133165",2022,"Uitsluitend materiele schade",2,"Personenauto","Fiets","Flank","Kruispunt, 4 takken",60,\N,"Daglicht","Droog",\N,\N,"Sint Elisabethsdreef","Haelen","Leudal","Limburg",false,51.249817,5.934843,"material damage only","4","clear",false,1,"GM1640"