"accident_id","year","severity_raw","party_count","party1_type","party2_type","accident_type","road_situation","speed_limit_kmh","road_lighting","light_condition_label","weather_raw","infra_type","road_segment_id","street_name","place_name","gemeente_name_raw","province","alcohol_indicated","latitude","longitude","severity_label","severity_code","weather_label","built_up_area","cyclists_involved","gemeente_code"
"20220133192",2022,"Uitsluitend materiele schade",2,"Bestelauto","Fiets","Onbekend",\N,30,\N,"Daglicht",\N,\N,"351032014","Mergelweg","Maastricht","Maastricht","Limburg",false,50.83744,5.683157,"material damage only","4","unknown",false,1,"GM0935"
"20240083488",2024,"Dodelijk",2,"Personenauto","e-bike","Flank","Kruispunt, 3 takken",60,"Niet brandend","Daglicht","Droog",\N,\N,"FIETSPAD","Oostkapelle","Veere","Zeeland",false,51.560105,3.580781,"fatal","1","clear",false,1,"GM0717"
"20240083508",2024,"Letsel",2,"Personenauto","Fiets","Los voorwerp","Kruispunt, 4 takken",50,"Niet brandend","Schemer","Regen",\N,\N,"Willem de Zwijgerweg","Best","Best","Noord-Brabant",false,51.505174,5.411166,"injury","2","rain",false,1,"GM0753"
"20240091910",2024,"Uitsluitend materiele schade",2,"Personenauto","Fiets","Flank","Kruispunt, 4 takken",30,"Niet brandend","Daglicht","Droog",\N,\N,"Hollestraat","Swalmen","Roermond","Limburg",false,51.236115,6.033839,"material damage only","4","clear",false,1,"GM0957"
"20240092157",2024,"Letsel",2,"Personenauto","Fiets","Flank","Rechte weg",30,"Niet brandend","Daglicht","Droog",\N,"392223026","2e Dwarsweg","Gennep","Gennep","Limburg",false,51.691749,5.986292,"injury","2","clear",false,1,"GM0907"
"20240097555",2024,"Letsel",1,"Fiets",\N,"Eenzijdig","Rechte weg",50,"Niet brandend","Daglicht","Regen",\N,"201313014","Voorweg","Hazerswoude-Dorp","Alphen aan den Rijn","Zuid-Holland",false,52.095605,4.59933,"injury","2","rain",false,1,"GM0484"
"20240045299",2024,"Uitsluitend materiele schade",2,"Bestelauto","Fiets","Flank","Rechte weg",50,"Niet brandend","Daglicht","Droog",\N,"267194045","Burgemeester Brokxlaan","Tilburg","Tilburg","Noord-Brabant",false,51.561912,5.078773,"material damage only","4","clear",false,1,"GM0855"
"20240048329",2024,"Uitsluitend materiele schade",2,"e-bike","Voetganger","Voetganger","Rechte weg",50,"Brandend","Schemer","Droog",\N,"274312066","Biltstraat","Utrecht","Utrecht","Utrecht",false,52.095226,5.129684,"material damage only","4","clear",false,1,"GM0344"
"20240071359",2024,"Letsel",2,"Personenauto","Fiets","Geparkeerd voertuig","Rechte weg",50,"Brandend","Duisternis","Droog",\N,"162311045","Dr. Kuyperstraat","'s-Gravenhage","'s-Gravenhage","Zuid-Holland",false,52.087086,4.313344,"injury","2","clear",false,1,"GM0518"
"20240079657",2024,"Letsel",1,"Fiets",\N,"Onbekend","Rechte weg",30,"Niet aanwezig","Daglicht","Droog",\N,\N,"Gedempte Turfhaven","Hoorn","Hoorn","Noord-Holland",false,52.642489,5.059075,"injury","2","clear",false,1,"GM0405"
"20240089367",2024,"Letsel",2,"Fiets","Fiets","Frontaal","Kruispunt, 3 takken",50,"Niet brandend","Daglicht","Droog",\N,\N,"Sandifortdreef","Leiden","Leiden","Zuid-Holland",true,52.170027,4.477322,"injury","2","clear",false,1,"GM0546"
"20240097731",2024,"Letsel",2,"Personenauto","Fiets","Flank","Rechte weg",50,"Niet brandend","Daglicht","Regen",\N,"600105427","Laan van Meerdervoort","'s-Gravenhage","'s-Gravenhage","Zuid-Holland",false,52.075467,4.267871,"injury","2","rain",false,1,"GM0518"
"20240097943",2024,"Letsel",2,"Fiets","Fiets","Kop/staart","Rechte weg",30,"Niet brandend","Daglicht","Regen",\N,\N,"Javastraat","'s-Gravenhage","'s-Gravenhage","Zuid-Holland",false,52.088998,4.309344,"injury","2","rain",false,1,"GM0518"
"20240101481",2024,"Uitsluitend materiele schade",2,"Snorfiets","Fiets","Voetganger","Rechte weg",50,"Niet brandend","Daglicht","Droog",\N,\N,"Fellenoord","Eindhoven","Eindhoven","Noord-Brabant",false,51.444278,5.477209,"material damage only","4","clear",false,1,"GM0772"
"20240101668",2024,"Uitsluitend materiele schade",2,"Personenauto","Fiets","Frontaal","Rotonde",50,"Niet brandend","Schemer","Droog",\N,\N,"Hofakkerstraat","Weert","Weert","Limburg",false,51.254804,5.715191,"material damage only","4","clear",false,1,"GM0988"
"20240049603",2024,"Letsel",2,"Fiets","Personenauto","Flank",\N,30,"Niet brandend","Daglicht","Droog",\N,"600378463","Willem Tellstraat","Epe","Epe","Gelderland",false,52.349864,5.981871,"injury","2","clear",false,1,"GM0232"
"20240073914",2024,"Uitsluitend materiele schade",2,"Fiets","Personenauto","Onbekend","Kruispunt, 3 takken",30,"Niet brandend","Daglicht","Droog",\N,"383229006","Kopseweg","Middelaar","Mook en Middelaar","Limburg",false,51.720066,5.919204,"material damage only","4","clear",false,1,"GM0944"
"20240086794",2024,"Letsel",1,"Fiets",\N,"Onbekend",\N,30,\N,"Daglicht",\N,\N,"600251446","Hemelvuur","De Meern","Utrecht","Utrecht",false,52.084656,5.034114,"injury","2","unknown",false,1,"GM0344"
"20240095601",2024,"Uitsluitend materiele schade",2,"Bromfiets","Fiets","Onbekend","Kruispunt, 4 takken",50,"Niet brandend","Daglicht","Droog",\N,\N,"Duivenkamp","Maarssen","Stichtse Vecht","Utrecht",false,52.131793,5.031651,"material damage only","4","clear",false,1,"GM1904"
"20240097961",2024,"Letsel",2,"Fiets","Fiets","Frontaal","Kruispunt, 3 takken",60,"Niet brandend","Daglicht","Droog",\N,\N,"Boomaweg","Monster","Westland","Zuid-Holland",false,52.026081,4.183085,"injury","2","clear",false,1,"GM1783"
"20240049034",2024,"Letsel",2,"Fiets","Bromfiets","Kop/staart","Rechte weg",60,"Niet aanwezig","Daglicht","Droog",\N,"385302005","Apeldoornseweg","Arnhem","Arnhem","Gelderland",false,52.052123,5.93821,"injury","2","clear",false,1,"GM0202"
"20240073937",2024,"Uitsluitend materiele schade",2,"Personenauto","Fiets","Onbekend",\N,50,\N,"Daglicht",\N,\N,"281199033","Bedrijfsweg","Oisterwijk","Oisterwijk","Noord-Brabant",false,51.587169,5.184946,"material damage only","4","unknown",false,1,"GM0824"
"20240077915",2024,"Letsel",2,"Snorfiets","Fiets","Flank","Kruispunt, 3 takken",50,"Niet brandend","Daglicht","Regen",\N,\N,"De Vilderskamp","Arnhem","Arnhem","Gelderland",false,51.996554,5.904761,"injury","2","rain",false,1,"GM0202"
"20240092301",2024,"Uitsluitend materiele schade",2,"Personenauto","Fiets","Onbekend","Kruispunt, 3 takken",30,\N,"Duisternis",\N,\N,\N,"Maastrichtseweg","'s-Hertogenbosch","'s-Hertogenbosch","Noord-Brabant",false,51.687772,5.323199,"material damage only","4","unknown",false,1,"GM0796"
"20240092309",2024,"Uitsluitend materiele schade",2,"Personenauto","e-bike","Flank","Kruispunt, 3 takken",30,"Niet brandend","Daglicht","Droog",\N,\N,"Zondagstraat","Heerlen","Heerlen","Limburg",false,50.88591,5.995204,"material damage only","4","clear",false,1,"GM0917"
"20240092881",2024,"Uitsluitend materiele schade",2,"Fiets","Vrachtauto","Flank","Kruispunt, 4 takken",50,"Niet brandend","Daglicht","Droog",\N,\N,"Christoffelkruid","Venray","Venray","Limburg",false,51.532152,5.986682,"material damage only","4","clear",false,1,"GM0984"
"20240092892",2024,"Uitsluitend materiele schade",2,"Fiets","Fiets","Flank","Kruispunt, 4 takken",50,"Niet brandend","Daglicht","Droog",\N,\N,"Genovevalaan","Eindhoven","Eindhoven","Noord-Brabant",false,51.467582,5.472626,"material damage only","4","clear",false,1,"GM0772"
"20240093486",2024,"Letsel",1,"Fiets",\N,"Onbekend",\N,30,\N,"Duisternis",\N,\N,\N,"Nagelstraat","Oldenzaal","Oldenzaal","Overijssel",false,52.31443,6.925487,"injury","2","unknown",false,1,"GM0173"
"20240081716",2024,"Letsel",1,"Fiets",\N,"Onbekend","Kruispunt, 4 takken",30,"Niet brandend","Daglicht","Droog",\N,\N,"Kerklaan","Nieuwerkerk aan den IJssel","Zuidplas","Zuid-Holland",false,51.970327,4.606076,"injury","2","clear",false,1,"GM1892"
"20240084934",2024,"Letsel",2,"Fiets","Fiets","Kop/staart","Rechte weg",30,"Niet aanwezig","Daglicht","Droog",\N,"600441744","Tichelwurk","Stiens","Leeuwarden","Friesland",false,53.259852,5.826179,"injury","2","clear",false,1,"GM0080"
"20240087540",2024,"Uitsluitend materiele schade",2,"Fiets","Personenauto","Flank","Kruispunt, 4 takken",30,\N,"Daglicht","Droog",\N,\N,"Cellesbroeksweg","Kampen","Kampen","Overijssel",false,52.549082,5.907278,"material damage only","4","clear",false,1,"GM0166"
"20240088834",2024,"Letsel",2,"Fiets","Personenauto","Flank","Kruispunt, 4 takken",50,"Niet brandend","Daglicht","Droog",\N,\N,"Vinkenweg","Rijnsburg","Katwijk","Zuid-Holland",false,52.20004,4.452137,"injury","2","clear",false,1,"GM0537"
"20240092693",2024,"Letsel",2,"Personenauto","Fiets","Flank","Kruispunt, 4 takken",60,"Niet brandend","Daglicht","Droog",\N,\N,"Westeringlaan","Maasbree","Peel en Maas","Limburg",false,51.356397,6.031477,"injury","2","clear",false,1,"GM1894"
"20240094261",2024,"Letsel",2,"Personenauto","Fiets","Kop/staart","Kruispunt, 3 takken",60,"Niet brandend","Daglicht","Regen",\N,\N,"Haerdijk","Langedijke","Ooststellingwerf","Friesland",false,52.964971,6.263945,"injury","2","rain",false,1,"GM0085"
"20240096843",2024,"Uitsluitend materiele schade",2,"Fiets","Fiets","Flank","Kruispunt, 3 takken",50,"Niet brandend","Daglicht","Regen",\N,\N,"Hengelosestraat","Enschede","Enschede","Overijssel",false,52.23488,6.85889,"material damage only","4","rain",false,1,"GM0153"
"20240071526",2024,"Uitsluitend materiele schade",1,"Fiets",\N,"Onbekend","Kruispunt, 3 takken",50,"Niet brandend","Daglicht","Droog",\N,\N,"Maaswijkstraat","'s-Gravenhage","'s-Gravenhage","Zuid-Holland",false,52.109635,4.27846,"material damage only","4","clear",false,1,"GM0518"
"20240078022",2024,"Uitsluitend materiele schade",2,"Snorfiets","Fiets","Flank","Kruispunt, 3 takken",30,"Niet brandend","Daglicht","Droog",\N,\N,"Hein Burgersstraat","Deventer","Deventer","Overijssel",false,52.25773,6.17297,"material damage only","4","clear",false,1,"GM0150"
"20240046167",2024,"Uitsluitend materiele schade",2,"Fiets","Bestelauto","Flank","Rotonde",50,"Brandend","Schemer","Regen",\N,\N,"Ceintuurbaan","Deventer","Deventer","Overijssel",false,52.265852,6.155294,"material damage only","4","rain",false,1,"GM0150"
"20240095256",2024,"Letsel",2,"Fiets","Fiets","Flank","Rechte weg",30,"Niet brandend","Daglicht","Droog",\N,"600397026","Walstroweg","Haren Gn","Groningen","Groningen",false,53.1741,6.620213,"injury","2","clear",false,1,"GM0014"
"20240096894",2024,"Letsel",1,"Fiets",\N,"Onbekend","Rechte weg",80,"Brandend","Duisternis","Droog",\N,"376257127","Ubbergseweg","Nijmegen","Nijmegen","Gelderland",false,51.848663,5.87263,"injury","2","clear",false,1,"GM0268"
"20240102740",2024,"Uitsluitend materiele schade",1,"Fiets",\N,"Onbekend","Rechte weg",50,"Niet brandend","Daglicht","Droog",\N,"600941793","Kruisstraat","Eindhoven","Eindhoven","Noord-Brabant",false,51.448064,5.475269,"material damage only","4","clear",false,1,"GM0772"
"20240050523",2024,"Letsel",2,"Personenauto","Fiets","Flank","Rotonde",50,"Niet brandend","Daglicht","Droog",\N,"220400004","Noorderweg","Assendelft","Zaanstad","Noord-Holland",false,52.489879,4.730327,"injury","2","clear",false,1,"GM0479"
"20240077469",2024,"Uitsluitend materiele schade",2,"Fiets","Fiets","Onbekend","Rechte weg",\N,"Niet brandend","Daglicht","Regen",\N,"280339046","Gijsbrecht van Amstelstr","Hilversum","Hilversum","Noord-Holland",false,52.215935,5.16943,"material damage only","4","rain",false,1,"GM0402"
"20240077477",2024,"Uitsluitend materiele schade",2,"Fiets","Personenauto","Onbekend","Rechte weg",\N,"Niet brandend","Daglicht","Droog",\N,"287312001","Utrechtseweg","Zeist","Zeist","Utrecht",false,52.092941,5.222247,"material damage only","4","clear",false,1,"GM0355"
"20240043432",2024,"Letsel",2,"Fiets","Voetganger","Voetganger","Rechte weg",50,"Niet brandend","Daglicht","Droog",\N,"600360461","Abraham van Stolkweg","Rotterdam","Rotterdam","Zuid-Holland",false,51.927058,4.436888,"injury","2","clear",false,1,"GM0599"
"20240073557",2024,"Uitsluitend materiele schade",2,"Personenauto","Fiets","Flank","Kruispunt, 4 takken",50,"Niet brandend","Daglicht","Droog",\N,\N,"Florasingel","Roermond","Roermond","Limburg",false,51.192522,6.022938,"material damage only","4","clear",false,1,"GM0957"
"20240088393",2024,"Letsel",2,"Fiets","Fiets","Frontaal","Rechte weg",30,"Niet brandend","Schemer","Droog","Brug/viaduct","600944717","Voorschoterweg","Leiden","Leiden","Zuid-Holland",false,52.14019,4.481019,"injury","2","clear",false,1,"GM0546"
"20240094083",2024,"Uitsluitend materiele schade",3,"Personenauto","Fiets","Los voorwerp","Kruispunt, 4 takken",50,"Niet brandend","Daglicht",\N,\N,\N,"Groenewoudseweg","Nijmegen","Nijmegen","Gelderland",false,51.830043,5.861913,"material damage only","4","unknown",false,1,"GM0268"
"20240094438",2024,"Letsel",2,"Personenauto","e-bike","Flank","Kruispunt, 3 takken",30,"Niet brandend","Daglicht","Droog","Parkeervoorziening",\N,"Cingel","St.-Annaparochie","Waadhoeke","Friesland",false,53.274557,5.658426,"injury","2","clear",false,1,"GM1949"
"20240096437",2024,"Uitsluitend materiele schade",1,"Fiets",\N,"Voetganger","Rechte weg",\N,"Niet aanwezig","Daglicht","Droog",\N,"331295034","Frans Halslaan","Veenendaal","Veenendaal","Utrecht",false,52.020302,5.544416,"material damage only","4","clear",false,1,"GM0345"
"20240099989",2024,"Letsel",2,"e-bike","Personenauto","Onbekend","Rotonde",50,"Niet brandend","Daglicht","Droog",\N,\N,"Cloese","Hoogvliet Rotterdam","Rotterdam","Zuid-Holland",false,51.864111,4.357916,"injury","2","clear",false,1,"GM0599"
"20240043483",2024,"Letsel",2,"Personenauto","Fiets","Flank","Kruispunt, 4 takken",30,"Niet brandend","Daglicht","Droog",\N,\N,"Andromedastraat","Alphen aan den Rijn","Alphen aan den Rijn","Zuid-Holland",false,52.144694,4.648776,"injury","2","clear",false,1,"GM0484"
"20240048676",2024,"Letsel",2,"Bestelauto","Fiets","Flank","Rechte weg",30,"Niet aanwezig","Daglicht","Droog",\N,"600796472","Randenbroekerweg","Amersfoort","Amersfoort","Utrecht",false,52.156799,5.404147,"injury","2","clear",false,1,"GM0307"
"20240050601",2024,"Uitsluitend materiele schade",1,"Fiets",\N,"Eenzijdig","Rechte weg",30,"Brandend","Duisternis","Droog",\N,"600524235","Soomerwegh","Castricum","Castricum","Noord-Holland",false,52.55442,4.675883,"material damage only","4","clear",false,1,"GM0383"
"20240074884",2024,"Uitsluitend materiele schade",2,"Personenauto","Fiets","Flank","Rotonde",50,"Niet brandend","Daglicht","Droog",\N,\N,"Zeedijk","Lemmer","De Fryske Marren","Friesland",false,52.843365,5.71734,"material damage only","4","clear",false,1,"GM1940"
"20240086455",2024,"Letsel",1,"Fiets",\N,"Onbekend","Rechte weg",50,"Niet aanwezig","Daglicht","Droog",\N,\N,"Schoorlse Zeeweg","Schoorl","Bergen (NH)","Noord-Holland",false,52.701294,4.682068,"injury","2","clear",false,1,\N
"20240099382",2024,"Uitsluitend materiele schade",3,"Personenauto","Fiets","Vast voorwerp","Kruispunt, 4 takken",30,"Niet brandend","Daglicht","Droog",\N,\N,"Kopenhagenlaan","Vlaardingen","Vlaardingen","Zuid-Holland",false,51.936383,4.354139,"material damage only","4","clear",false,1,"GM0622"
"20240049971",2024,"Letsel",2,"Bestelauto","Fiets","Geparkeerd voertuig","Rechte weg",30,"Niet aanwezig","Daglicht","Droog",\N,"161310052","Noordeinde","'s-Gravenhage","'s-Gravenhage","Zuid-Holland",false,52.080502,4.307642,"injury","2","clear",false,1,"GM0518"
"20240074913",2024,"Letsel",2,"Personenauto","Fiets","Flank","Kruispunt, 4 takken",50,"Niet brandend","Daglicht","Droog",\N,\N,"Oldenzaalsestraat","Enschede","Enschede","Overijssel",false,52.223678,6.899073,"injury","2","clear",false,1,"GM0153"
"20240100071",2024,"Letsel",1,"Fiets",\N,"Eenzijdig","Rechte weg",30,"Niet brandend","Daglicht","Droog",\N,"168289089","Hagedissingel","Delft","Delft","Zuid-Holland",false,51.984904,4.361123,"injury","2","clear",false,1,"GM0503"
"20240045771",2024,"Uitsluitend materiele schade",2,"Personenauto","Fiets","Flank","Kruispunt, 4 takken",80,"Niet brandend","Daglicht","Droog",\N,\N,"Prinsenweg","Nijkerk","Nijkerk","Gelderland",false,52.201392,5.607857,"material damage only","4","clear",false,1,"GM0267"
"20240070501",2024,"Uitsluitend materiele schade",3,"Personenauto","Fiets","Flank","Kruispunt, 3 takken",50,"Niet brandend","Daglicht","Droog",\N,\N,"Mr. van Coothstraat","Waalwijk","Waalwijk","Noord-Brabant",false,51.684388,5.063773,"material damage only","4","clear",false,1,"GM0867"
"20230176343",2023,"Letsel",2,"Fiets","Overig vast object","Vast voorwerp","Rechte weg",\N,"Brandend","Duisternis","Regen",\N,"170293029","Schoemakerstraat","Delft","Delft","Zuid-Holland",false,52.005779,4.373624,"injury","2","rain",false,1,"GM0503"
"20240097146",2024,"Letsel",2,"Personenauto","Fiets","Flank","Rotonde",80,"Niet brandend","Daglicht","Regen",\N,\N,"Graaf Reinaldweg","Vuren","West Betuwe","Gelderland",false,51.834612,5.090881,"injury","2","rain",false,1,"GM1960"
"20240100479",2024,"Letsel",2,"Snorfiets","Fiets","Flank","Rechte weg",50,"Niet brandend","Daglicht","Droog",\N,\N,"Olympiaweg","Rotterdam","Rotterdam","Zuid-Holland",false,51.886859,4.529046,"injury","2","clear",false,1,"GM0599"
"20240102118",2024,"Uitsluitend materiele schade",1,"Fiets",\N,"Onbekend","Rechte weg",80,"Niet brandend","Daglicht","Droog",\N,"363122006","Roermondseweg","Weert","Weert","Limburg",false,51.239654,5.770898,"material damage only","4","clear",false,1,"GM0988"
"20240044957",2024,"Uitsluitend materiele schade",2,"Bromfiets","Fiets","Onbekend","Rechte weg",50,"Brandend","Daglicht","Droog",\N,"600507567","Corridor","Veghel","Meierijstad","Noord-Brabant",false,51.601982,5.522484,"material damage only","4","clear",false,1,"GM1948"
"20240050076",2024,"Uitsluitend materiele schade",2,"Bromfiets","Fiets","Kop/staart","Rechte weg",50,"Niet brandend","Daglicht","Droog",\N,"224377054","Haarlemmerweg","Amsterdam","Amsterdam","Noord-Holland",false,52.383941,4.776408,"material damage only","4","clear",false,1,"GM0363"
"20240085946",2024,"Letsel",2,"Personenauto","Fiets","Frontaal","Rechte weg",30,"Brandend","Duisternis","Droog",\N,"396592001","Roptawei","Nijewier","Noardeast-Fryslân","Friesland",false,53.353724,6.038797,"injury","2","clear",false,1,"GM1970"
"20240089207",2024,"Letsel",2,"Personenauto","Fiets","Flank","Bocht",50,"Niet brandend","Daglicht","Droog",\N,"600107762","Groot Hertoginnelaan","'s-Gravenhage","'s-Gravenhage","Zuid-Holland",false,52.083347,4.278471,"injury","2","clear",false,1,"GM0518"
"20240096054",2024,"Uitsluitend materiele schade",2,"Personenauto","e-bike","Frontaal","Kruispunt, 4 takken",60,"Niet brandend","Daglicht","Droog",\N,\N,"Trekweg","Almere","Almere","Flevoland",false,52.379866,5.284784,"material damage only","4","clear",false,1,"GM0034"
"20240096068",2024,"Uitsluitend materiele schade",2,"Fiets","Fiets","Frontaal","Bocht",50,"Niet brandend","Daglicht","Droog",\N,"600566892","Spoorhaag","Houten","Houten","Utrecht",false,52.040355,5.166595,"material damage only","4","clear",false,1,"GM0321"
"20240101622",2024,"Uitsluitend materiele schade",2,"Personenauto","Fiets","Flank","Kruispunt, 4 takken",30,"Niet brandend","Daglicht","Droog",\N,\N,"Gagelstraat","Eindhoven","Eindhoven","Noord-Brabant",false,51.44118,5.471567,"material damage only","4","clear",false,1,"GM0772"
"20240103180",2024,"Uitsluitend materiele schade",2,"Fiets","Fiets","Frontaal","Rechte weg",30,"Niet brandend","Daglicht","Droog",\N,"600377917","Tuinstraat","Tilburg","Tilburg","Noord-Brabant",false,51.557426,5.083982,"material damage only","4","clear",false,1,"GM0855"
"20240050089",2024,"Letsel",2,"Fiets","Overig vast object","Vast voorwerp","Rechte weg",30,"Brandend","Duisternis","Droog",\N,"141292122","Molenstraat","'s-Gravenzande","Westland","Zuid-Holland",false,52.000035,4.160792,"injury","2","clear",false,1,"GM1783"
"20240074408",2024,"Letsel",2,"Personenauto","Fiets","Flank","Kruispunt, 4 takken",30,"Niet brandend","Daglicht","Droog",\N,\N,"Generaal Pattonlaan","Eindhoven","Eindhoven","Noord-Brabant",false,51.460846,5.482586,"injury","2","clear",false,1,"GM0772"
"20240071270",2024,"Letsel",1,"Fiets",\N,"Onbekend","Kruispunt, 4 takken",30,"Niet brandend","Daglicht","Regen",\N,\N,"Zoetermeerse Rijweg","'s-Gravenhage","'s-Gravenhage","Zuid-Holland",false,52.07086,4.399193,"injury","2","rain",false,1,"GM0518"
"20240082115",2024,"Letsel",2,"Personenauto","Fiets","Flank","Kruispunt, 4 takken",50,"Niet brandend","Daglicht","Droog",\N,\N,"Burg Van Heugtenlaan","Nieuwerkerk aan den IJssel","Zuidplas","Zuid-Holland",false,51.959313,4.618448,"injury","2","clear",false,1,"GM1892"
"20240084722",2024,"Letsel",2,"Personenauto","Fiets","Flank","Rotonde",50,"Niet brandend","Daglicht","Droog",\N,\N,"Meerweg","Haren Gn","Tynaarlo","Drenthe",false,53.157742,6.564082,"injury","2","clear",false,1,"GM1730"
"20240090578",2024,"Uitsluitend materiele schade",2,"Personenauto","Fiets","Frontaal","Rotonde",50,"Niet brandend","Daglicht","Droog",\N,"600711022","Plataanlaan","Hellevoetsluis","Voorne aan Zee","Zuid-Holland",false,51.827035,4.145761,"material damage only","4","clear",false,1,"GM1992"
"20240090581",2024,"Letsel",2,"Fiets","Fiets","Frontaal","Rechte weg",50,"Brandend","Duisternis","Droog",\N,"600679388","Moerlaken","Breda","Breda","Noord-Brabant",false,51.612735,4.761249,"injury","2","clear",false,1,"GM0758"
"20240073220",2024,"Uitsluitend materiele schade",2,"Personenauto","Fiets","Flank","Rotonde",50,"Niet brandend","Daglicht","Regen",\N,\N,"Deken van Roestellaan","Rosmalen","'s-Hertogenbosch","Noord-Brabant",false,51.710889,5.376109,"material damage only","4","rain",false,1,"GM0796"
"20240073234",2024,"Uitsluitend materiele schade",2,"Personenauto","Fiets","Flank","Rotonde",30,"Niet brandend","Daglicht","Droog",\N,\N,"Tunnelstraat","Geleen","Sittard-Geleen","Limburg",false,50.973537,5.824936,"material damage only","4","clear",false,1,"GM1883"
"20230050632",2023,"Uitsluitend materiele schade",2,"Personenauto","Fiets","Flank","Kruispunt, 3 takken",50,"Brandend","Duisternis","Regen","Brug/viaduct",\N,"Stationsplein","Amsterdam","Amsterdam","Noord-Holland",false,52.379037,4.897896,"material damage only","4","rain",false,1,"GM0363"
"20230054143",2023,"Uitsluitend materiele schade",2,"Personenauto","Fiets","Flank","Kruispunt, 3 takken",30,"Niet brandend","Daglicht","Droog",\N,\N,"Molenbossen","Venlo","Venlo","Limburg",false,51.361821,6.147614,"material damage only","4","clear",false,1,"GM0983"
"20230059024",2023,"Letsel",2,"Fiets","Fiets","Onbekend","Rechte weg",30,"Brandend","Duisternis","Droog",\N,"600752709","Concordiaplein","Haastrecht","Krimpenerwaard","Zuid-Holland",false,52.000063,4.775752,"injury","2","clear",false,1,"GM1931"
"20230060881",2023,"Uitsluitend materiele schade",2,"Fiets","Fiets","Frontaal","Rechte weg",50,"Niet brandend","Daglicht","Droog",\N,"187266029","Dordtsestraatweg","Rotterdam","Rotterdam","Zuid-Holland",false,51.886257,4.498802,"material damage only","4","clear",false,1,"GM0599"
"20240127044",2024,"Uitsluitend materiele schade",2,"Bestelauto","Fiets","Onbekend",\N,50,\N,"Daglicht",\N,\N,"600861205","Zaagmolenpad","Doetinchem","Doetinchem","Gelderland",false,51.970557,6.271052,"material damage only","4","unknown",false,1,"GM0222"
"20230052450",2023,"Letsel",2,"Personenauto","e-bike","Flank","Kruispunt, 4 takken",50,"Niet brandend","Daglicht","Droog",\N,\N,"v Linden vd Heuvellsngl","Vlaardingen","Vlaardingen","Zuid-Holland",false,51.922185,4.353247,"injury","2","clear",false,1,"GM0622"
"20230054747",2023,"Uitsluitend materiele schade",2,"Snorfiets","Fiets","Kop/staart","Kruispunt, 4 takken",50,"Niet brandend","Daglicht","Droog",\N,\N,"St Jorislaan","Eindhoven","Eindhoven","Noord-Brabant",false,51.430184,5.486307,"material damage only","4","clear",false,1,"GM0772"
"20230057176",2023,"Letsel",2,"Fiets","Personenauto","Frontaal","Rechte weg",80,"Niet brandend","Duisternis","Droog",\N,\N,"Achterhofweg","Enschede","Enschede","Overijssel",false,52.209779,6.848009,"injury","2","clear",false,1,"GM0153"
"20230046653",2023,"Uitsluitend materiele schade",2,"Personenauto","e-bike","Flank","Kruispunt, 4 takken",100,"Niet brandend","Daglicht","Droog",\N,\N,"Haanwijk","Harmelen","Woerden","Utrecht",false,52.092363,4.950031,"material damage only","4","clear",false,1,"GM0632"
"20230050714",2023,"Letsel",2,"Personenauto","Fiets","Frontaal","Kruispunt, 4 takken",50,"Niet brandend","Daglicht","Droog",\N,"600698414","Finnenburg","'s-Gravenhage","'s-Gravenhage","Zuid-Holland",false,52.090725,4.364389,"injury","2","clear",false,1,"GM0518"
"20230053647",2023,"Uitsluitend materiele schade",2,"Motor","Fiets","Flank","Kruispunt, 3 takken",50,"Niet brandend","Daglicht","Droog",\N,\N,"Wilhelminastraat","Sittard","Sittard-Geleen","Limburg",false,50.999174,5.861306,"material damage only","4","clear",false,1,"GM1883"
"20230058419",2023,"Letsel",2,"Personenauto","Fiets","Flank","Kruispunt, 4 takken",50,"Niet brandend","Daglicht","Droog",\N,\N,"Hoogeveenlaan","'s-Gravenhage","'s-Gravenhage","Zuid-Holland",false,52.047862,4.271672,"injury","2","clear",false,1,"GM0518"
"20230061518",2023,"Letsel",2,"Fiets","Overig vast object","Vast voorwerp","Kruispunt, 3 takken",50,"Niet brandend","Daglicht","Droog",\N,\N,"Zanddijk","'s-Gravenzande","Westland","Zuid-Holland",false,51.995349,4.157436,"injury","2","clear",false,1,"GM1783"
"20240130812",2024,"Letsel",2,"Snorfiets","Fiets","Frontaal","Rechte weg",30,"Brandend","Duisternis","Droog",\N,"601103421","Baden Powellweg","Amsterdam","Amsterdam","Noord-Holland",false,52.348724,4.796514,"injury","2","clear",false,1,"GM0363"
"20230041954",2023,"Uitsluitend materiele schade",2,"Personenauto","Fiets","Flank","Kruispunt, 3 takken",30,"Niet brandend","Daglicht","Droog",\N,\N,"Postelstraat","Someren","Someren","Noord-Brabant",false,51.385857,5.712898,"material damage only","4","clear",false,1,"GM0847"
"20230047267",2023,"Uitsluitend materiele schade",2,"Personenauto","Fiets","Flank","Kruispunt, 4 takken",30,"Niet brandend","Daglicht","Droog",\N,\N,"Prinsenhofstraat","Zandvoort","Zandvoort","Noord-Holland",false,52.374405,4.529341,"material damage only","4","clear",false,1,"GM0473"
"20230050156",2023,"Uitsluitend materiele schade",2,"Fiets","Motor","Geparkeerd voertuig","Rechte weg",60,"Niet brandend","Daglicht","Droog",\N,"188346011","'s-Gravendamseweg","Voorhout","Teylingen","Zuid-Holland",false,52.24213,4.499797,"material damage only","4","clear",false,1,"GM1525"