"accident_id","year","severity_raw","party_count","party1_type","party2_type","accident_type","road_situation","speed_limit_kmh","road_lighting","light_condition_label","weather_raw","infra_type","road_segment_id","street_name","place_name","gemeente_name_raw","province","alcohol_indicated","latitude","longitude","severity_label","severity_code","weather_label","built_up_area","cyclists_involved","gemeente_code"
"20220226316",2022,"Letsel",2,"Personenauto","e-bike","Onbekend","Rechte weg",30,"Niet brandend","Daglicht","Droog",\N,\N,"Minderbroedersstraat","Hulst","Hulst","Zeeland",false,51.281055,4.049182,"injury","2","clear",false,1,"GM0677"
"20220228327",2022,"Letsel",2,"Bromfiets","Fiets","Onbekend","Rechte weg",50,"Niet brandend","Daglicht","Droog",\N,"600608185","Vossenbeemd","Helmond","Helmond","Noord-Brabant",false,51.466212,5.687422,"injury","2","clear",false,1,"GM0794"
"20220231635",2022,"Uitsluitend materiele schade",3,"Personenauto","e-bike","Onbekend","Rotonde",50,"Niet aanwezig","Daglicht","Droog",\N,\N,"Steinderweg","Stein","Stein","Limburg",false,50.959689,5.769757,"material damage only","4","clear",false,1,\N
"20220201149",2022,"Letsel",2,"Fiets","Fiets","Flank","Kruispunt, 4 takken",50,"Niet brandend","Daglicht","Droog",\N,\N,"Ratumsestraat","Winterswijk","Winterswijk","Gelderland",false,51.971954,6.724068,"injury","2","clear",false,1,"GM0294"
"20220202565",2022,"Uitsluitend materiele schade",2,"Personenauto","Fiets","Kop/staart","Rechte weg",60,"Niet brandend","Daglicht","Droog",\N,"257329027","Zandpad","Breukelen","Stichtse Vecht","Utrecht",false,52.164948,5.010458,"material damage only","4","clear",false,1,"GM1904"
"20220205573",2022,"Letsel",2,"Snorfiets","Fiets","Onbekend","Kruispunt, 3 takken",30,"Niet brandend","Daglicht","Droog",\N,\N,"Kruisstraat","Utrecht","Utrecht","Utrecht",false,52.09527,5.130929,"injury","2","clear",false,1,"GM0344"
"20220214732",2022,"Letsel",2,"Personenauto","Fiets","Flank","Kruispunt, 3 takken",50,"Brandend","Schemer","Droog",\N,\N,"Erasmusweg","'s-Gravenhage","'s-Gravenhage","Zuid-Holland",false,52.048698,4.295996,"injury","2","clear",false,1,"GM0518"
"20220218701",2022,"Uitsluitend materiele schade",2,"Personenauto","Fiets","Flank","Rechte weg",50,"Brandend","Duisternis","Regen",\N,\N,"PAPENDRECHT 1","Papendrecht","Papendrecht","Zuid-Holland",false,51.830694,4.705492,"material damage only","4","rain",false,1,"GM0590"
"20220224703",2022,"Uitsluitend materiele schade",2,"Personenauto","e-bike","Flank","Rotonde",50,"Niet brandend","Daglicht","Regen",\N,\N,"Voorsteven","Etten-Leur","Etten-Leur","Noord-Brabant",false,51.58548,4.644036,"material damage only","4","rain",false,1,"GM0777"
"20220226395",2022,"Letsel",2,"Personenauto","Fiets","Geparkeerd voertuig","Rechte weg",50,"Niet brandend","Daglicht","Droog","Parkeervoorziening","102183037","Oostsingel","Goes","Goes","Zeeland",false,51.505534,3.892481,"injury","2","clear",false,1,"GM0664"
"20220231678",2022,"Uitsluitend materiele schade",1,"Fiets",\N,"Onbekend","Kruispunt, 4 takken",50,"Niet brandend","Daglicht","Droog",\N,\N,"Henriette Roland Holstln","Venlo","Venlo","Limburg",false,51.373944,6.135026,"material damage only","4","clear",false,1,"GM0983"
"20220202574",2022,"Uitsluitend materiele schade",2,"Bromfiets","Fiets","Flank","Kruispunt, 3 takken",\N,"Niet brandend","Daglicht","Droog",\N,\N,"Galjoen 27","Lelystad","Lelystad","Flevoland",false,52.512287,5.440086,"material damage only","4","clear",false,1,"GM0995"
"20220204174",2022,"Letsel",2,"Personenauto","Fiets","Kop/staart","Rechte weg",30,"Niet brandend","Daglicht","Droog",\N,"600375741","Pagelaan","Utrecht","Utrecht","Utrecht",false,52.059667,5.116412,"injury","2","clear",false,1,"GM0344"
"20220203469",2022,"Letsel",2,"Fiets","Fiets","Onbekend","Rechte weg",50,"Niet brandend","Daglicht","Regen",\N,\N,"Humberdreef","Utrecht","Utrecht","Utrecht",false,52.11736,5.115578,"injury","2","rain",false,1,"GM0344"
"20220207721",2022,"Uitsluitend materiele schade",2,"e-bike","Snorfiets","Frontaal","Kruispunt, 4 takken",15,"Niet brandend","Daglicht","Droog",\N,\N,"Zuidtangent","Heerhugowaard","Dijk en Waard","Noord-Holland",false,52.667255,4.824733,"material damage only","4","clear",false,1,"GM1980"
"20220221303",2022,"Letsel",2,"Motor","Fiets","Onbekend","Rechte weg",100,"Niet brandend","Daglicht","Droog","Tunnel",\N,"Rijksweg A15","Hoogvliet Rotterdam","Rotterdam","Zuid-Holland",false,51.873049,4.340442,"injury","2","clear",false,1,"GM0599"
"20220209377",2022,"Uitsluitend materiele schade",3,"Personenauto","Fiets","Onbekend","Kruispunt, 4 takken",50,"Niet brandend","Daglicht","Droog",\N,\N,"IJweg","Hoofddorp","Haarlemmermeer","Noord-Holland",false,52.311961,4.661923,"material damage only","4","clear",false,1,"GM0394"
"20220214010",2022,"Letsel",2,"Personenauto","Fiets","Flank","Rotonde",50,"Niet brandend","Daglicht","Droog",\N,\N,"FIETSPAD","Lisse","Lisse","Zuid-Holland",false,52.271353,4.564172,"injury","2","clear",false,1,"GM0553"
"20220214834",2022,"Letsel",1,"Fiets",\N,"Eenzijdig","Bocht",50,"Niet brandend","Daglicht","Regen",\N,"186324015","Zoeterwoudseweg","Leiden","Leiden","Zuid-Holland",false,52.14596,4.485939,"injury","2","rain",false,1,"GM0546"
"20220219008",2022,"Letsel",3,"Personenauto","Fiets","Flank","Rotonde",50,"Brandend","Duisternis","Regen",\N,\N,"Brugweg","Zwijndrecht","Zwijndrecht","Zuid-Holland",false,51.813482,4.64222,"injury","2","rain",false,1,"GM0642"
"20220224014",2022,"Uitsluitend materiele schade",2,"Personenauto","Fiets","Flank","Kruispunt, 4 takken",\N,"Niet brandend","Daglicht","Droog",\N,\N,"Weststraat","Bergen op Zoom","Bergen op Zoom","Noord-Brabant",false,51.485168,4.359616,"material damage only","4","clear",false,1,"GM0748"
"20220228476",2022,"Letsel",3,"Fiets","Fiets","Onbekend","Rechte weg",\N,"Niet aanwezig","Daglicht","Droog",\N,"322144012","Budelse Baan","Leende","Heeze-Leende","Noord-Brabant",false,51.338041,5.478504,"injury","2","clear",false,1,"GM1658"
"20220206942",2022,"Letsel",2,"Personenauto","e-bike","Flank","Rotonde",50,"Niet brandend","Daglicht","Droog",\N,\N,"Wijnoldy Daniëlslaan","Santpoort-Zuid","Velsen","Noord-Holland",false,52.42823,4.632653,"injury","2","clear",false,1,"GM0453"
"20220207828",2022,"Uitsluitend materiele schade",2,"Vrachtauto","Fiets","Onbekend","Rotonde",50,"Brandend","Daglicht","Droog",\N,\N,"Hagelingerweg","Santpoort-Noord","Velsen","Noord-Holland",false,52.43854,4.642804,"material damage only","4","clear",false,1,"GM0453"
"20220211286",2022,"Letsel",2,"Bestelauto","Fiets","Flank","Rechte weg",30,"Brandend","Duisternis","Droog",\N,"600387889","Eva Besnyöstraat","Amsterdam","Amsterdam","Noord-Holland",false,52.352284,5.003556,"injury","2","clear",false,1,"GM0363"
"20220214069",2022,"Letsel",1,"Fiets",\N,"Eenzijdig",\N,50,\N,"Daglicht",\N,\N,"161317018","Pompstationsweg","'s-Gravenhage","'s-Gravenhage","Zuid-Holland",false,52.114212,4.305466,"injury","2","unknown",false,1,"GM0518"
"20220228543",2022,"Uitsluitend materiele schade",2,"Personenauto","Fiets","Flank","Rotonde",30,"Niet brandend","Daglicht","Droog",\N,\N,"Schijndelseweg","Boxtel","Boxtel","Noord-Brabant",false,51.593148,5.339245,"material damage only","4","clear",false,1,"GM0757"
"20220228549",2022,"Uitsluitend materiele schade",2,"Personenauto","Fiets","Onbekend","Bocht",30,"Brandend","Duisternis","Regen","Tunnel","600789639","van Herpensweide","'s-Hertogenbosch","'s-Hertogenbosch","Noord-Brabant",false,51.702208,5.301162,"material damage only","4","rain",false,1,"GM0796"
"20220228557",2022,"Uitsluitend materiele schade",3,"Fiets","Bromfiets","Onbekend","Rechte weg",30,"Niet brandend","Daglicht","Droog",\N,"343215069","Jonkerveld","Uden","Maashorst","Noord-Brabant",false,51.660065,5.632327,"material damage only","4","clear",false,1,"GM1991"
"20220158038",2022,"Dodelijk",2,"Personenauto","Fiets","Flank","Kruispunt, 4 takken",50,"Brandend","Duisternis","Droog",\N,\N,"Boszoom","Rotterdam","Rotterdam","Zuid-Holland",true,51.939571,4.5297,"fatal","1","clear",false,1,"GM0599"
"20220210635",2022,"Uitsluitend materiele schade",2,"Bromfiets","Fiets","Onbekend","Kruispunt, 4 takken",30,"Niet brandend","Schemer","Droog",\N,\N,"Wiltzanghlaan","Amsterdam","Amsterdam","Noord-Holland",false,52.381769,4.845603,"material damage only","4","clear",false,1,"GM0363"
"20220220692",2022,"Uitsluitend materiele schade",3,"Fiets","Personenauto","Onbekend","Rechte weg",50,"Niet brandend","Daglicht","Droog",\N,"189250016","Blaaksedijk Oost","Heinenoord","Hoeksche Waard","Zuid-Holland",false,51.812468,4.514759,"material damage only","4","clear",false,1,"GM1963"
"20220174302",2022,"Dodelijk",3,"Fiets","Fiets","Onbekend","Kruispunt, 4 takken",50,"Niet brandend","Daglicht","Droog",\N,\N,"Hoge Vest","Hoorn","Hoorn","Noord-Holland",false,52.644013,5.051465,"fatal","1","clear",false,1,"GM0405"
"20220225000",2022,"Letsel",3,"Personenauto","Fiets","Onbekend","Rotonde",50,"Niet aanwezig","Daglicht","Regen",\N,\N,"Lange Bunder","Bavel","Breda","Noord-Brabant",false,51.572915,4.818789,"injury","2","rain",false,1,"GM0758"
"20220207953",2022,"Uitsluitend materiele schade",2,"Personenauto","Fiets","Flank","Rechte weg",50,"Niet brandend","Daglicht","Droog",\N,\N,"Houtveldweg","Zaandam","Zaanstad","Noord-Holland",false,52.437505,4.812758,"material damage only","4","clear",false,1,"GM0479"
"20220211416",2022,"Uitsluitend materiele schade",2,"Personenauto","Fiets","Flank","Rotonde",50,"Brandend","Duisternis","Regen",\N,\N,"Johan van Hasseltweg","Amsterdam","Amsterdam","Noord-Holland",false,52.387693,4.923725,"material damage only","4","rain",false,1,"GM0363"
"20220225090",2022,"Uitsluitend materiele schade",2,"Fiets","Personenauto","Flank","Rotonde",50,"Niet brandend","Daglicht","Droog",\N,\N,"Sint Jozeflaan","Raamsdonksveer","Geertruidenberg","Noord-Brabant",false,51.693711,4.874997,"material damage only","4","clear",false,1,"GM0779"
"20220227968",2022,"Uitsluitend materiele schade",2,"Fiets","Fiets","Onbekend","Kruispunt, 3 takken",30,"Niet brandend","Daglicht","Droog",\N,\N,"Sophiastraat","Waalre","Waalre","Noord-Brabant",false,51.396803,5.484278,"material damage only","4","clear",false,1,"GM0866"
"20220206496",2022,"Letsel",2,"Personenauto","Fiets","Flank","Rotonde",50,"Niet brandend","Schemer","Droog",\N,\N,"Europaweg","Haarlem","Haarlem","Noord-Holland",false,52.355631,4.653109,"injury","2","clear",false,1,"GM0392"
"20220215120",2022,"Letsel",2,"e-bike","Fiets","Flank","Rechte weg",30,"Niet brandend","Schemer","Droog",\N,"600107808","Thomsonlaan","'s-Gravenhage","'s-Gravenhage","Zuid-Holland",false,52.078473,4.268174,"injury","2","clear",false,1,"GM0518"
"20220215818",2022,"Letsel",1,"e-bike",\N,"Eenzijdig","Kruispunt, 4 takken",30,"Niet brandend","Daglicht","Droog",\N,\N,"Javastraat","'s-Gravenhage","'s-Gravenhage","Zuid-Holland",false,52.088439,4.306133,"injury","2","clear",false,1,"GM0518"
"20220219340",2022,"Uitsluitend materiele schade",2,"Personenauto","e-bike","Flank","Rotonde",50,"Niet brandend","Daglicht","Droog",\N,\N,"Kilwijkstraat","Dordrecht","Dordrecht","Zuid-Holland",false,51.809161,4.662144,"material damage only","4","clear",false,1,"GM0505"
"20240135148",2024,"Uitsluitend materiele schade",2,"Bestelauto","Fiets","Onbekend","Kruispunt, 4 takken",30,"Niet brandend","Daglicht","Droog",\N,\N,"Tramsingel","Breda","Breda","Noord-Brabant",false,51.592494,4.769749,"material damage only","4","clear",false,1,"GM0758"
"20240140929",2024,"Letsel",2,"Personenauto","Fiets","Flank","Rotonde",50,"Niet brandend","Daglicht","Regen",\N,\N,"Cornelis van Ramshorstln","Nijkerk","Nijkerk","Gelderland",false,52.215369,5.469908,"injury","2","rain",false,1,"GM0267"
"20240141273",2024,"Uitsluitend materiele schade",2,"Fiets","Personenauto","Onbekend","Kruispunt, 3 takken",30,"Niet brandend","Daglicht","Droog",\N,\N,"Groenestraat","Kampen","Kampen","Overijssel",false,52.555967,5.914789,"material damage only","4","clear",false,1,"GM0166"
"20240141297",2024,"Letsel",1,"Fiets",\N,"Onbekend","Rechte weg",30,"Niet brandend","Daglicht","Droog",\N,"387335035","Hoenderparkweg","Apeldoorn","Apeldoorn","Gelderland",false,52.196277,5.951878,"injury","2","clear",false,1,"GM0200"
"20240135217",2024,"Uitsluitend materiele schade",1,"Fiets",\N,"Onbekend","Rechte weg",30,"Niet brandend","Daglicht","Droog",\N,"183275049","Stationssingel","Rotterdam","Rotterdam","Zuid-Holland",false,51.925666,4.466791,"material damage only","4","clear",false,1,"GM0599"
"20240135830",2024,"Letsel",2,"Personenauto","Fiets","Flank","Kruispunt, 4 takken",50,"Niet brandend","Daglicht","Droog",\N,\N,"Burg de Raadtsingel","Dordrecht","Dordrecht","Zuid-Holland",false,51.808142,4.662192,"injury","2","clear",false,1,"GM0505"
"20240136471",2024,"Uitsluitend materiele schade",1,"Fiets",\N,"Onbekend","Rechte weg",80,"Niet aanwezig","Daglicht","Droog",\N,"316133002","Peedijk","Valkenswaard","Valkenswaard","Noord-Brabant",false,51.289971,5.443565,"material damage only","4","clear",false,1,"GM0858"
"20240140178",2024,"Uitsluitend materiele schade",2,"Snorfiets","Fiets","Onbekend","Rechte weg",30,"Niet brandend","Daglicht","Droog",\N,\N,"Bartokweg","Almere","Almere","Flevoland",false,52.366842,5.189685,"material damage only","4","clear",false,1,"GM0034"
"20240140652",2024,"Uitsluitend materiele schade",2,"Personenauto","Fiets","Flank","Rechte weg",30,"Niet brandend","Daglicht","Droog",\N,"272309024","P.C. Hooftstraat","Utrecht","Utrecht","Utrecht",false,52.08138,5.113047,"material damage only","4","clear",false,1,"GM0344"
"20240140673",2024,"Letsel",1,"Fiets",\N,"Onbekend","Rechte weg",50,"Niet brandend","Daglicht","Droog","Tunnel","601044480","Stuartweg","Vianen","Vijfheerenlanden","Utrecht",false,51.98085,5.096293,"injury","2","clear",false,1,"GM1961"
"20240147596",2024,"Uitsluitend materiele schade",2,"Personenauto","Fiets","Flank","Kruispunt, 4 takken",30,"Niet brandend","Daglicht","Droog",\N,\N,"Roelantlaan","Geldrop","Geldrop-Mierlo","Noord-Brabant",false,51.417579,5.568789,"material damage only","4","clear",false,1,"GM1771"
"20240148368",2024,"Uitsluitend materiele schade",2,"Personenauto","Fiets","Frontaal","Rotonde",50,"Brandend","Duisternis","Droog",\N,\N,"Erasmuslaan","Nijmegen","Nijmegen","Gelderland",false,51.820156,5.866416,"material damage only","4","clear",false,1,"GM0268"
"20240134011",2024,"Uitsluitend materiele schade",2,"Personenauto","Fiets","Flank","Kruispunt, 4 takken",80,"Niet brandend","Daglicht","Droog",\N,\N,"Koningin Máximalaan","De Kwakel","Uithoorn","Noord-Holland",false,52.250933,4.792755,"material damage only","4","clear",false,1,"GM0451"
"20240135852",2024,"Letsel",2,"Personenauto","Fiets","Flank","Kruispunt, 4 takken",50,"Niet brandend","Daglicht","Droog",\N,\N,"Wilgenplaslaan","Rotterdam","Rotterdam","Zuid-Holland",false,51.954373,4.468107,"injury","2","clear",false,1,"GM0599"
"20240141363",2024,"Uitsluitend materiele schade",2,"Personenauto","Fiets","Flank","Kruispunt, 3 takken",60,"Brandend","Duisternis","Regen",\N,\N,"Domstraat","Nijkerkerveen","Nijkerk","Gelderland",false,52.199794,5.445537,"material damage only","4","rain",false,1,"GM0267"
"20240148501",2024,"Letsel",2,"Fiets",\N,"Onbekend","Rechte weg",30,"Niet brandend","Schemer","Droog",\N,"600652924","Frankenhuispad","Haaksbergen","Haaksbergen","Overijssel",false,52.156407,6.731674,"injury","2","clear",false,1,"GM0158"
"20240148516",2024,"Letsel",2,"Fiets","Personenauto","Flank","Kruispunt, 4 takken",60,"Brandend","Duisternis","Regen",\N,"600882072","Marssteden","Enschede","Enschede","Overijssel",false,52.216449,6.813847,"injury","2","rain",false,1,"GM0153"
"20240139052",2024,"Letsel",2,"Fiets","Fiets","Frontaal","Bocht",30,"Niet aanwezig","Daglicht","Regen",\N,"484562019","Laan der Kruisheren","Harkstede","Midden-Groningen","Groningen",false,53.210973,6.695291,"injury","2","rain",false,1,"GM1952"
"20240139066",2024,"Letsel",2,"Bromfiets","Fiets","Flank","Kruispunt, 3 takken",50,"Brandend","Duisternis","Regen",\N,\N,"Smalmaatstraat","Losser","Losser","Overijssel",false,52.254302,7.009507,"injury","2","rain",false,1,"GM0168"
"20240142249",2024,"Letsel",1,"Fiets",\N,"Onbekend",\N,50,\N,"Daglicht",\N,\N,"600938283","Guisweg","Zaandijk","Zaanstad","Noord-Holland",false,52.469056,4.797248,"injury","2","unknown",false,1,"GM0479"
"20240135310",2024,"Uitsluitend materiele schade",2,"Personenauto","Fiets","Onbekend","Rechte weg",30,"Brandend","Duisternis","Droog","Brug/viaduct","600995663","Haringvliet","Rotterdam","Rotterdam","Zuid-Holland",false,51.9195,4.494617,"material damage only","4","clear",false,1,"GM0599"
"20240143300",2024,"Uitsluitend materiele schade",2,"Personenauto","Fiets","Flank","Kruispunt, 4 takken",80,"Niet brandend","Daglicht","Droog",\N,\N,"'s-Gravendamseweg","Noordwijkerhout","Noordwijk","Zuid-Holland",false,52.249728,4.478492,"material damage only","4","clear",false,1,"GM0575"
"20240143858",2024,"Letsel",2,"Snorfiets","Fiets","Frontaal","Rechte weg",50,"Niet brandend","Daglicht","Droog",\N,"168306001","Westvlietweg","Leidschendam","Leidschendam-Voorburg","Zuid-Holland",false,52.061152,4.355425,"injury","2","clear",false,1,"GM1916"
"20240150036",2024,"Letsel",2,"Fiets","Personenauto","Flank","Kruispunt, 3 takken",30,"Niet brandend","Daglicht","Regen",\N,\N,"Kroonkampweg","Haren Gn","Groningen","Groningen",false,53.170984,6.604458,"injury","2","rain",false,1,"GM0014"
"20240135991",2024,"Letsel",2,"Personenauto","Fiets","Flank","Kruispunt, 4 takken",50,"Niet brandend","Daglicht","Droog",\N,\N,"Burgemeester Oudlaan","Rotterdam","Rotterdam","Zuid-Holland",false,51.919638,4.524037,"injury","2","clear",false,1,"GM0599"
"20240140341",2024,"Uitsluitend materiele schade",1,"Fiets",\N,"Onbekend","Rechte weg",\N,"Brandend","Daglicht","Regen",\N,"297332001","van Weedestraat","Soest","Soest","Utrecht",false,52.184723,5.29887,"material damage only","4","rain",false,1,"GM0342"
"20240138591",2024,"Letsel",1,"Fiets",\N,"Onbekend",\N,60,\N,"Duisternis",\N,\N,"462348005","Oude Rijssenseweg","Markelo","Hof van Twente","Overijssel",false,52.253834,6.505223,"injury","2","unknown",false,1,"GM1735"
"20240139230",2024,"Letsel",2,"Personenauto","Fiets","Kop/staart","Kruispunt, 3 takken",30,"Niet brandend","Daglicht","Regen/Sneeuw/Hagel",\N,\N,"Poppenharelaan","Coevorden","Coevorden","Drenthe",false,52.667383,6.742715,"injury","2","unknown",false,1,"GM0109"
"20240143406",2024,"Uitsluitend materiele schade",2,"Trein/tram","Fiets","Flank","Rechte weg",50,"Brandend","Duisternis","Droog",\N,"160310049","Elandstraat","'s-Gravenhage","'s-Gravenhage","Zuid-Holland",false,52.079714,4.294844,"material damage only","4","clear",false,1,"GM0518"
"20240144604",2024,"Uitsluitend materiele schade",2,"Brommobiel","Fiets","Onbekend","Rotonde",50,\N,"Daglicht","Droog",\N,\N,"Dirigentenlaan","Tilburg","Tilburg","Noord-Brabant",false,51.586388,5.078821,"material damage only","4","clear",false,1,"GM0855"
"20240151051",2024,"Uitsluitend materiele schade",2,"Fiets","Fiets","Frontaal","Kruispunt, 4 takken",30,"Brandend","Duisternis","Droog",\N,\N,"Vredenburg","Utrecht","Utrecht","Utrecht",false,52.093133,5.114765,"material damage only","4","clear",false,1,"GM0344"
"20240151126",2024,"Uitsluitend materiele schade",2,"Personenauto","Fiets","Frontaal","Kruispunt, 3 takken",50,"Niet brandend","Daglicht","Droog",\N,\N,"Groenestraat","Nijmegen","Nijmegen","Gelderland",false,51.830642,5.854838,"material damage only","4","clear",false,1,"GM0268"
"20240151272",2024,"Uitsluitend materiele schade",2,"Bestelauto","Fiets","Flank","Rotonde",50,"Niet brandend","Daglicht","Droog",\N,\N,"Groenewoudseweg","Nijmegen","Nijmegen","Gelderland",false,51.829447,5.870598,"material damage only","4","clear",false,1,"GM0268"
"20240147806",2024,"Uitsluitend materiele schade",2,"Personenauto","Fiets","Flank","Kruispunt, 4 takken",50,"Niet aanwezig","Daglicht","Droog",\N,\N,"Cannerweg","Maastricht","Maastricht","Limburg",false,50.843895,5.678985,"material damage only","4","clear",false,1,"GM0935"
"20240136158",2024,"Uitsluitend materiele schade",2,"Fiets","Fiets","Frontaal","Rechte weg",30,"Niet brandend","Daglicht","Droog",\N,"601084979","Mierloseweg","Geldrop","Geldrop-Mierlo","Noord-Brabant",false,51.424849,5.563488,"material damage only","4","clear",false,1,"GM1771"
"20240143471",2024,"Letsel",1,"Fiets",\N,"Eenzijdig","Kruispunt, 3 takken",50,"Brandend","Schemer","Regen",\N,\N,"Lijnbaan","'s-Gravenhage","'s-Gravenhage","Zuid-Holland",false,52.072516,4.299934,"injury","2","rain",false,1,"GM0518"
"20240148266",2024,"Uitsluitend materiele schade",2,"Personenauto","Fiets","Flank","Rechte weg",50,"Niet brandend","Daglicht","Droog",\N,"600550417","Elingsloane","Burgum","Tytsjerksteradiel","Friesland",false,53.20365,5.981695,"material damage only","4","clear",false,1,"GM0737"
"20240143072",2024,"Uitsluitend materiele schade",2,"Personenauto","Fiets","Flank","Kruispunt, 4 takken",30,"Niet brandend","Daglicht","Droog",\N,\N,"Hugo de Vrieslaan","Gouda","Gouda","Zuid-Holland",false,52.030866,4.69745,"material damage only","4","clear",false,1,"GM0513"
"20240145716",2024,"Letsel",2,"Personenauto","Fiets","Flank","Kruispunt, 3 takken",50,"Brandend","Schemer","Harde windstoten/Regen/Sneeuw/Hagel",\N,\N,"Zweth","Barendrecht","Barendrecht","Zuid-Holland",false,51.860843,4.550695,"injury","2","unknown",false,1,"GM0489"
"20240145661",2024,"Letsel",2,"Bestelauto","Fiets","Onbekend","Kruispunt, 4 takken",50,"Niet brandend","Daglicht","Droog",\N,\N,"Mathenesserweg","Rotterdam","Rotterdam","Zuid-Holland",false,51.91614,4.442872,"injury","2","clear",false,1,"GM0599"
"20240145915",2024,"Letsel",2,"Personenauto","Fiets","Onbekend","Kruispunt, 4 takken",30,"Niet brandend","Daglicht","Regen",\N,\N,"Kralingseweg","Rotterdam","Rotterdam","Zuid-Holland",false,51.929048,4.544721,"injury","2","rain",false,1,"GM0599"
"20240144206",2024,"Letsel",2,"Personenauto","Fiets","Flank","Kruispunt, 4 takken",30,"Niet brandend","Duisternis","Droog",\N,\N,"Treslonglaan","'s-Gravenhage","'s-Gravenhage","Zuid-Holland",false,52.025576,4.290555,"injury","2","clear",false,1,"GM0518"
"20240146314",2024,"Letsel",3,"Personenauto","Fiets","Flank","Kruispunt, 4 takken",50,"Niet brandend","Daglicht","Droog",\N,\N,"Bezuidenhoutseweg","'s-Gravenhage","'s-Gravenhage","Zuid-Holland",false,52.088049,4.335235,"injury","2","clear",false,1,"GM0518"
"20240149570",2024,"Uitsluitend materiele schade",2,"Fiets","Personenauto","Flank","Kruispunt, 4 takken",30,"Niet brandend","Daglicht","Droog",\N,\N,"Krijgsmansveld","Apeldoorn","Apeldoorn","Gelderland",false,52.186612,6.001659,"material damage only","4","clear",false,1,"GM0200"
"20240133841",2024,"Letsel",2,"Fiets","Personenauto","Flank","Rechte weg",50,"Niet brandend","Daglicht","Droog",\N,"600713342","Sportlaan","De Lier","Westland","Zuid-Holland",false,51.979615,4.243479,"injury","2","clear",false,1,"GM1783"
"20240133854",2024,"Letsel",3,"Personenauto","Fiets","Onbekend","Kruispunt, 4 takken",50,"Niet brandend","Daglicht","Droog",\N,\N,"Edelsteensingel","Zoetermeer","Zoetermeer","Zuid-Holland",false,52.043221,4.473463,"injury","2","clear",false,1,"GM0637"
"20240135690",2024,"Uitsluitend materiele schade",2,"Personenauto","Fiets","Onbekend","Kruispunt, 4 takken",50,"Niet brandend","Daglicht","Regen",\N,\N,"ZAAGMOLENBRUG","Rotterdam","Rotterdam","Zuid-Holland",false,51.933338,4.488607,"material damage only","4","rain",false,1,"GM0599"
"20240136336",2024,"Uitsluitend materiele schade",2,"Personenauto","Fiets","Onbekend","Kruispunt, 4 takken",30,"Niet aanwezig","Daglicht","Droog",\N,\N,"Penningkruid","Berghem","Oss","Noord-Brabant",false,51.764246,5.57663,"material damage only","4","clear",false,1,"GM0828"
"20240138257",2024,"Uitsluitend materiele schade",2,"Personenauto","Fiets","Onbekend","Rotonde",30,"Brandend","Duisternis","Droog",\N,\N,"Rijksstraatweg","Geldermalsen","West Betuwe","Gelderland",false,51.883984,5.289298,"material damage only","4","clear",false,1,"GM1960"
"20240148928",2024,"Uitsluitend materiele schade",1,"Fiets",\N,"Flank","Kruispunt, 4 takken",50,"Brandend","Duisternis","Droog",\N,\N,"Rijksweg","Groningen","Groningen","Groningen",false,53.229662,6.614326,"material damage only","4","clear",false,1,"GM0014"
"20240133880",2024,"Uitsluitend materiele schade",2,"Snorfiets","Fiets","Onbekend","Kruispunt, 3 takken",50,"Niet brandend","Daglicht","Droog",\N,\N,"Kabelweg","Amsterdam","Amsterdam","Noord-Holland",false,52.389519,4.847326,"material damage only","4","clear",false,1,"GM0363"
"20240133885",2024,"Letsel",2,"Fiets","Personenauto","Kop/staart","Kruispunt, 4 takken",30,"Niet brandend","Daglicht","Droog",\N,\N,"Mient","'s-Gravenhage","'s-Gravenhage","Zuid-Holland",false,52.066314,4.256009,"injury","2","clear",false,1,"GM0518"
"20240134508",2024,"Uitsluitend materiele schade",2,"Personenauto","Fiets","Flank","Kruispunt, 4 takken",50,"Niet brandend","Daglicht","Droog",\N,\N,"Academiesingel","Breda","Breda","Noord-Brabant",false,51.593027,4.77957,"material damage only","4","clear",false,1,"GM0758"
"20240001922",2024,"Uitsluitend materiele schade",2,"Personenauto","Fiets","Flank","Rechte weg",50,"Niet brandend","Daglicht","Droog",\N,"327554011","Harlingerweg","Franeker","Waadhoeke","Friesland",false,53.184143,5.523034,"material damage only","4","clear",false,1,"GM1949"
"20240004822",2024,"Letsel",2,"Bestelauto","Fiets","Flank","Kruispunt, 4 takken",30,"Niet brandend","Daglicht","Droog",\N,\N,"Van Oldenbarneveldtstr","Arnhem","Arnhem","Gelderland",false,51.977333,5.92091,"injury","2","clear",false,1,"GM0202"
"20240005390",2024,"Uitsluitend materiele schade",2,"Bromfiets","Fiets","Flank","Kruispunt, 3 takken",80,"Brandend","Duisternis","Droog",\N,\N,"Witte Bijlweg","Wormerveer","Zaanstad","Noord-Holland",false,52.501406,4.789093,"material damage only","4","clear",false,1,"GM0479"
"20240011785",2024,"Letsel",2,"Personenauto","e-bike","Flank","Kruispunt, 4 takken",50,"Niet brandend","Daglicht","Regen",\N,\N,"Violenstraat","Amersfoort","Amersfoort","Utrecht",false,52.160278,5.363515,"injury","2","rain",false,1,"GM0307"
"20230110477",2023,"Uitsluitend materiele schade",2,"Fiets","Personenauto","Flank","Kruispunt, 4 takken",30,"Niet brandend","Daglicht","Regen",\N,\N,"Lage Witsiebaan","Tilburg","Tilburg","Noord-Brabant",false,51.572833,5.061681,"material damage only","4","rain",false,1,"GM0855"