"accident_id","year","severity_raw","party_count","party1_type","party2_type","accident_type","road_situation","speed_limit_kmh","road_lighting","light_condition_label","weather_raw","infra_type","road_segment_id","street_name","place_name","gemeente_name_raw","province","alcohol_indicated","latitude","longitude","severity_label","severity_code","weather_label","built_up_area","cyclists_involved","gemeente_code"
"20240050977",2024,"Uitsluitend materiele schade",2,"Bestelauto","Fiets","Kop/staart","Rechte weg",30,"Niet brandend","Daglicht","Droog",\N,"600424405","Hornwaard","Alkmaar","Alkmaar","Noord-Holland",false,52.642635,4.747661,"material damage only","4","clear",false,1,"GM0361"
"20240080446",2024,"Uitsluitend materiele schade",2,"Personenauto","Fiets","Onbekend","Kruispunt, 4 takken",30,"Niet brandend","Daglicht","Droog",\N,\N,"Kesterenlaan","Breda","Breda","Noord-Brabant",false,51.607425,4.725756,"material damage only","4","clear",false,1,"GM0758"
"20240081483",2024,"Uitsluitend materiele schade",2,"Personenauto","Fiets","Onbekend","Kruispunt, 3 takken",30,"Niet brandend","Daglicht","Droog",\N,\N,"Karel Doormanstraat","Spijkenisse","Nissewaard","Zuid-Holland",false,51.851164,4.319769,"material damage only","4","clear",false,1,"GM1930"
"20240038348",2024,"Letsel",2,"Personenauto","Fiets","Flank","Rotonde",50,"Niet brandend","Daglicht","Droog",\N,\N,"Burgemeester Waverijnweg","Maarssen","Stichtse Vecht","Utrecht",false,52.134919,5.041032,"injury","2","clear",false,1,"GM1904"
"20240072473",2024,"Letsel",1,"Fiets",\N,"Onbekend","Rotonde",50,"Niet brandend","Daglicht","Regen",\N,\N,"Wilhelminalaan","Hillegom","Hillegom","Zuid-Holland",false,52.292459,4.575427,"injury","2","rain",false,1,"GM0534"
"20240176121",2024,"Letsel",2,"Personenauto","Fiets","Frontaal","Kruispunt, 3 takken",60,"Niet brandend","Daglicht","Droog",\N,\N,"Meijersgaardenweg","Haaksbergen","Haaksbergen","Overijssel",false,52.146794,6.80032,"injury","2","clear",false,1,"GM0158"
"20240038413",2024,"Letsel",1,"Fiets",\N,"Eenzijdig","Bocht",15,"Niet aanwezig","Daglicht","Droog",\N,"236394006","Wormerpad","Zaandam","Zaanstad","Noord-Holland",false,52.466975,4.85093,"injury","2","clear",false,1,"GM0479"
"20240040759",2024,"Letsel",2,"Personenauto","Fiets","Flank","Rechte weg",30,"Niet brandend","Daglicht","Droog",\N,"166292080","Reinier de Graafweg","Delft","Delft","Zuid-Holland",false,51.999807,4.343852,"injury","2","clear",false,1,"GM0503"
"20240037826",2024,"Letsel",2,"Snorfiets","Fiets","Frontaal","Rechte weg",30,"Brandend","Schemer","Droog",\N,"600981126","Rijksstraatweg","De Meern","Utrecht","Utrecht",false,52.082922,5.035406,"injury","2","clear",false,1,"GM0344"
"20240051142",2024,"Letsel",2,"Personenauto","Fiets","Flank","Rechte weg",50,"Niet brandend","Daglicht","Droog",\N,"204374027","Pijlslaan","Haarlem","Haarlem","Noord-Holland",false,52.371987,4.612288,"injury","2","clear",false,1,"GM0392"
"20240035371",2024,"Uitsluitend materiele schade",2,"Fiets","Personenauto","Flank","Kruispunt, 3 takken",50,"Niet brandend","Daglicht","Droog",\N,\N,"Hernenseweg","Wijchen","Wijchen","Gelderland",false,51.811716,5.702667,"material damage only","4","clear",false,1,"GM0296"
"20240037830",2024,"Uitsluitend materiele schade",2,"Personenauto","Fiets","Onbekend","Rechte weg",60,\N,"Daglicht",\N,\N,"261344001","Nigtevechtseweg","Vreeland","Stichtse Vecht","Utrecht",false,52.247149,5.038497,"material damage only","4","unknown",false,1,"GM1904"
"20240048132",2024,"Letsel",1,"Fiets",\N,"Onbekend","Rechte weg",30,"Niet brandend","Daglicht","Droog",\N,"600752297","Frieseweg","Alkmaar","Alkmaar","Noord-Holland",false,52.633526,4.755526,"injury","2","clear",false,1,"GM0361"
"20240072821",2024,"Uitsluitend materiele schade",1,"Fiets",\N,"Eenzijdig","Bocht",30,"Brandend","Schemer","Droog",\N,"315149112","Damianusdreef","Valkenswaard","Valkenswaard","Noord-Brabant",false,51.360501,5.427845,"material damage only","4","clear",false,1,"GM0858"
"20240176269",2024,"Letsel",1,"Fiets",\N,"Flank","Kruispunt, 4 takken",50,"Brandend","Duisternis","Droog",\N,\N,"Rodeweg","Groningen","Groningen","Groningen",false,53.228604,6.560597,"injury","2","clear",false,1,"GM0014"
"20240072028",2024,"Letsel",2,"Personenauto","Fiets","Flank","Kruispunt, 4 takken",50,"Niet brandend","Daglicht","Droog",\N,\N,"Tintlaan","Zoetermeer","Zoetermeer","Zuid-Holland",false,52.043225,4.486442,"injury","2","clear",false,1,"GM0637"
"20240038627",2024,"Letsel",2,"Trekker","Fiets","Flank","Kruispunt, 4 takken",50,"Niet brandend","Daglicht","Droog",\N,\N,"Graafdijk","Lopik","Lopik","Utrecht",false,51.979778,4.977021,"injury","2","clear",false,1,"GM0331"
"20240040276",2024,"Letsel",1,"Fiets",\N,"Flank","Kruispunt, 3 takken",30,"Niet brandend","Daglicht","Droog",\N,\N,"Rietschans","Leiderdorp","Leiderdorp","Zuid-Holland",false,52.166952,4.518475,"injury","2","clear",false,1,"GM0547"
"20240078870",2024,"Letsel",2,"Fiets","Personenauto","Flank","Kruispunt, 4 takken",50,"Niet brandend","Daglicht","Droog",\N,\N,"Edelsteensingel","Zoetermeer","Zoetermeer","Zuid-Holland",false,52.043221,4.473463,"injury","2","clear",false,1,"GM0637"
"20240080096",2024,"Uitsluitend materiele schade",2,"Personenauto","Fiets","Flank","Kruispunt, 4 takken",50,"Niet brandend","Schemer","Droog",\N,\N,"Zwanenburgerdijk","Zwanenburg","Haarlemmermeer","Noord-Holland",false,52.384481,4.739923,"material damage only","4","clear",false,1,"GM0394"
"20240081148",2024,"Letsel",1,"Fiets",\N,"Onbekend","Rechte weg",50,"Niet aanwezig","Daglicht","Droog",\N,\N,"Fietspad Duinweg","Noordwijk","Noordwijk","Zuid-Holland",false,52.257907,4.451491,"injury","2","clear",false,1,"GM0575"
"20240040981",2024,"Letsel",1,"Fiets",\N,"Onbekend","Rechte weg",30,"Niet brandend","Daglicht","Droog",\N,\N,"Reinaertlaan","Alkmaar","Alkmaar","Noord-Holland",false,52.617964,4.754286,"injury","2","clear",false,1,"GM0361"
"20240078884",2024,"Letsel",2,"Fiets","Los voorwerp","Los voorwerp","Rechte weg",30,"Niet brandend","Daglicht","Droog",\N,"157296042","Veenland","Wateringen","Westland","Zuid-Holland",false,52.016524,4.280097,"injury","2","clear",false,1,"GM1783"
"20240081199",2024,"Letsel",1,"Fiets",\N,"Eenzijdig","Rechte weg",50,"Niet aanwezig","Daglicht","Regen",\N,"161317018","Pompstationsweg","'s-Gravenhage","'s-Gravenhage","Zuid-Holland",false,52.114212,4.305466,"injury","2","rain",false,1,"GM0518"
"20230102509",2023,"Letsel",1,"Fiets",\N,"Eenzijdig","Rechte weg",50,"Brandend","Duisternis","Droog",\N,\N,"Waldeck Pyrmontkade","'s-Gravenhage","'s-Gravenhage","Zuid-Holland",false,52.081816,4.287773,"injury","2","clear",false,1,"GM0518"
"20230104170",2023,"Uitsluitend materiele schade",2,"Bestelauto","Fiets","Onbekend","Bocht",30,"Brandend","Duisternis","Droog",\N,"463513015","Lauwers","Assen","Assen","Drenthe",false,52.992008,6.529774,"material damage only","4","clear",false,1,"GM0106"
"20230096333",2023,"Uitsluitend materiele schade",2,"Fiets","Fiets","Flank","Rechte weg",30,"Niet brandend","Daglicht","Regen",\N,"274312025","Nachtegaalstraat","Utrecht","Utrecht","Utrecht",false,52.09241,5.129804,"material damage only","4","rain",false,1,"GM0344"
"20230097470",2023,"Uitsluitend materiele schade",2,"Personenauto","Fiets","Flank","Kruispunt, 4 takken",50,"Brandend","Duisternis","Droog",\N,\N,"Mauritskade","Amsterdam","Amsterdam","Noord-Holland",false,52.363007,4.920215,"material damage only","4","clear",false,1,"GM0363"
"20230098686",2023,"Uitsluitend materiele schade",2,"Personenauto","Fiets","Flank","Kruispunt, 4 takken",50,"Brandend","Duisternis","Droog",\N,\N,"Academiesingel","Breda","Breda","Noord-Brabant",false,51.593004,4.779663,"material damage only","4","clear",false,1,"GM0758"
"20230100541",2023,"Letsel",2,"Personenauto","Fiets","Onbekend","Rotonde",30,"Brandend","Duisternis","Droog",\N,\N,"Zoomdam","Bergen op Zoom","Bergen op Zoom","Noord-Brabant",false,51.499473,4.281377,"injury","2","clear",false,1,"GM0748"
"20230105177",2023,"Uitsluitend materiele schade",2,"Personenauto","Fiets","Flank","Kruispunt, 4 takken",50,"Niet brandend","Daglicht","Droog",\N,\N,"Koningsboulevard","Huissen","Lingewaard","Gelderland",false,51.939356,5.921048,"material damage only","4","clear",false,1,"GM1705"
"20230082367",2023,"Uitsluitend materiele schade",3,"Personenauto","Fiets","Frontaal","Kruispunt, 3 takken",30,"Niet brandend","Daglicht","Droog",\N,\N,"Landsraderweg","Gulpen","Gulpen-Wittem","Limburg",false,50.811179,5.88944,"material damage only","4","clear",false,1,"GM1729"
"20230102119",2023,"Letsel",2,"Personenauto","Fiets","Flank","Kruispunt, 4 takken",30,"Brandend","Schemer","Droog",\N,\N,"Frederik Hendriklaan","Waddinxveen","Waddinxveen","Zuid-Holland",false,52.049943,4.653813,"injury","2","clear",false,1,"GM0627"
"20230103612",2023,"Uitsluitend materiele schade",3,"Personenauto","Fiets","Onbekend","Rotonde",50,"Brandend","Schemer","Droog",\N,\N,"Hastingsweg","Dordrecht","Dordrecht","Zuid-Holland",false,51.803795,4.705819,"material damage only","4","clear",false,1,"GM0505"
"20230105472",2023,"Uitsluitend materiele schade",2,"Personenauto","e-bike","Flank","Rotonde",50,"Brandend","Duisternis","Regen",\N,\N,"Huissensestraat","Arnhem","Arnhem","Gelderland",false,51.967249,5.909861,"material damage only","4","rain",false,1,"GM0202"
"20230083532",2023,"Uitsluitend materiele schade",2,"Personenauto","Fiets","Flank","Kruispunt, 4 takken",50,"Niet brandend","Daglicht","Droog",\N,\N,"Houtlaan","Drachten","Smallingerland","Friesland",false,53.109178,6.108399,"material damage only","4","clear",false,1,"GM0090"
"20230084142",2023,"Uitsluitend materiele schade",2,"Fiets","Fiets","Frontaal","Kruispunt, 4 takken",50,"Niet brandend","Daglicht","Droog",\N,\N,"De Roef","Dronten","Dronten","Flevoland",false,52.519875,5.715559,"material damage only","4","clear",false,1,"GM0303"
"20230095261",2023,"Letsel",2,"Personenauto","e-bike","Flank","Kruispunt, 4 takken",30,"Niet brandend","Daglicht","Droog",\N,\N,"Zandvoortselaan","Heemstede","Heemstede","Noord-Holland",false,52.360075,4.603843,"injury","2","clear",false,1,"GM0397"
"20230105528",2023,"Uitsluitend materiele schade",2,"Personenauto","Fiets","Flank","Kruispunt, 4 takken",50,"Brandend","Schemer","Mist",\N,\N,"Driehuizerweg","Apeldoorn","Apeldoorn","Gelderland",false,52.209425,5.944985,"material damage only","4","fog",false,1,"GM0200"
"20230091192",2023,"Letsel",2,"Fiets","Fiets","Flank","Rechte weg",30,"Niet brandend","Daglicht","Droog",\N,"341214077","Kazernestraat","Uden","Maashorst","Noord-Brabant",false,51.654776,5.615727,"injury","2","clear",false,1,"GM1991"
"20230097008",2023,"Uitsluitend materiele schade",2,"Personenauto","Fiets","Flank","Kruispunt, 3 takken",50,"Niet brandend","Daglicht","Regen",\N,\N,"Maelsonstraat","Hoorn","Hoorn","Noord-Holland",false,52.647834,5.054559,"material damage only","4","rain",false,1,"GM0405"
"20230102640",2023,"Letsel",2,"Fiets","Fiets","Frontaal","Rechte weg",50,"Niet brandend","Daglicht","Droog",\N,"600548157","Waalsdorperweg","'s-Gravenhage","'s-Gravenhage","Zuid-Holland",false,52.101375,4.313362,"injury","2","clear",false,1,"GM0518"
"20230086509",2023,"Uitsluitend materiele schade",2,"Bromfiets","Fiets","Flank","Kruispunt, 3 takken",\N,"Niet brandend","Daglicht","Droog",\N,\N,"Distellaan","De Kwakel","Uithoorn","Noord-Holland",false,52.239122,4.795298,"material damage only","4","clear",false,1,"GM0451"
"20230101787",2023,"Letsel",2,"Motor","Fiets","Flank","Rechte weg",50,"Brandend","Duisternis","Droog",\N,"601097285","Grote Kreek","Rotterdam","Rotterdam","Zuid-Holland",false,51.886345,4.53461,"injury","2","clear",false,1,"GM0599"
"20230102681",2023,"Letsel",2,"Fiets","Personenauto","Flank","Kruispunt, 3 takken",60,"Niet brandend","Daglicht","Droog",\N,\N,"Van Buerenlaan","Honselersdijk","Westland","Zuid-Holland",false,52.017189,4.240532,"injury","2","clear",false,1,"GM1783"
"20230083101",2023,"Letsel",3,"Bromfiets","Fiets","Frontaal","Rechte weg",50,"Niet aanwezig","Schemer","Regen",\N,"600527721","Haaksbergerstraat","Hengelo","Hengelo (O)","Overijssel",false,52.221876,6.748082,"injury","2","rain",false,1,\N
"20230084239",2023,"Uitsluitend materiele schade",2,"Bromfiets","Fiets","Flank","Rechte weg",30,"Niet brandend","Daglicht","Droog",\N,"600778413","Biltstraat","Utrecht","Utrecht","Utrecht",false,52.095571,5.136444,"material damage only","4","clear",false,1,"GM0344"
"20230084265",2023,"Letsel",4,"Bestelauto","Fiets","Onbekend","Rechte weg",50,"Niet brandend","Daglicht","Droog",\N,"600523222","Warmoesstraat","Wormerveer","Zaanstad","Noord-Holland",false,52.486519,4.802164,"injury","2","clear",false,1,"GM0479"
"20230087133",2023,"Letsel",2,"Personenauto","Fiets","Frontaal","Rechte weg",50,"Niet brandend","Daglicht","Droog",\N,"187303018","Eerste Stationsstraat","Zoetermeer","Zoetermeer","Zuid-Holland",false,52.05047,4.495214,"injury","2","clear",false,1,"GM0637"
"20230100469",2023,"Uitsluitend materiele schade",2,"Personenauto","Fiets","Frontaal","Kruispunt, 4 takken",50,"Niet brandend","Daglicht","Droog",\N,\N,"Ierlandstraat","Bergen op Zoom","Bergen op Zoom","Noord-Brabant",false,51.511625,4.286881,"material damage only","4","clear",false,1,"GM0748"
"20230084872",2023,"Letsel",2,"Personenauto","Fiets","Flank","Kruispunt, 4 takken",50,"Niet brandend","Daglicht","Droog",\N,"600884694","Geessinkweg","Enschede","Enschede","Overijssel",false,52.198968,6.871047,"injury","2","clear",false,1,"GM0153"
"20230086568",2023,"Letsel",2,"Personenauto","e-bike","Flank","Kruispunt, 4 takken",50,"Niet brandend","Daglicht","Droog",\N,\N,"Vlielantweg","Santpoort-Noord","Velsen","Noord-Holland",false,52.428822,4.645357,"injury","2","clear",false,1,"GM0453"
"20230087737",2023,"Uitsluitend materiele schade",2,"Vrachtauto","Fiets","Flank","Kruispunt, 4 takken",30,"Niet brandend","Daglicht","Regen",\N,\N,"Koestraat","Purmerend","Purmerend","Noord-Holland",false,52.507683,4.947754,"material damage only","4","rain",false,1,"GM0439"
"20230088923",2023,"Uitsluitend materiele schade",1,"Fiets",\N,"Onbekend","Rechte weg",50,"Niet brandend","Daglicht","Droog",\N,"600724689","Kanaalweg","Rotterdam","Rotterdam","Zuid-Holland",false,51.932621,4.444912,"material damage only","4","clear",false,1,"GM0599"
"20230089543",2023,"Letsel",2,"Personenauto","Fiets","Flank","Kruispunt, 3 takken",50,"Niet brandend","Daglicht","Droog",\N,\N,"Prinses Beatrixlaan","Rotterdam","Rotterdam","Zuid-Holland",false,51.926579,4.527943,"injury","2","clear",false,1,"GM0599"
"20230090131",2023,"Letsel",2,"Fiets","Los voorwerp","Los voorwerp","Rechte weg",60,"Brandend","Duisternis","Droog",\N,"187338034","Rijksstraatweg","Sassenheim","Teylingen","Zuid-Holland",false,52.207037,4.490461,"injury","2","clear",false,1,"GM1525"
"20230094849",2023,"Uitsluitend materiele schade",2,"Personenauto","Fiets","Flank","Rotonde",50,"Brandend","Duisternis","Droog",\N,\N,"Keizer Hendrik VI-singel","Nijmegen","Nijmegen","Gelderland",false,51.882752,5.846403,"material damage only","4","clear",false,1,"GM0268"
"20230107230",2023,"Letsel",2,"Fiets","Overig vast object","Vast voorwerp","Rechte weg",50,"Brandend","Duisternis","Droog","Tunnel","194283051","Albert Schweitzerpad","Rotterdam","Rotterdam","Zuid-Holland",false,51.961645,4.547736,"injury","2","clear",false,1,"GM0599"
"20230082021",2023,"Uitsluitend materiele schade",2,"Personenauto","Fiets","Onbekend","Rotonde",50,"Niet brandend","Daglicht","Droog",\N,\N,"Business Park Stein","Elsloo","Stein","Limburg",false,50.95509,5.7853,"material damage only","4","clear",false,1,\N
"20230087820",2023,"Letsel",3,"Bromfiets","Fiets","Flank","Kruispunt, 4 takken",30,"Brandend","Duisternis","Droog",\N,\N,"Saenredamstraat","Assendelft","Zaanstad","Noord-Holland",false,52.492481,4.761404,"injury","2","clear",false,1,"GM0479"
"20230088445",2023,"Uitsluitend materiele schade",2,"Personenauto","Fiets","Flank","Kruispunt, 4 takken",50,"Niet brandend","Daglicht","Droog",\N,\N,"Plantsoen","Geertruidenberg","Geertruidenberg","Noord-Brabant",false,51.699899,4.863659,"material damage only","4","clear",false,1,"GM0779"
"20230093741",2023,"Letsel",2,"Bestelauto","Fiets","Eenzijdig","Rechte weg",50,"Niet brandend","Daglicht","Regen",\N,"600898061","Het Haagje","Hoogeveen","Hoogeveen","Drenthe",false,52.721149,6.48497,"injury","2","rain",false,1,"GM0118"
"20230094281",2023,"Uitsluitend materiele schade",2,"Personenauto","e-bike","Flank","Kruispunt, 3 takken",50,"Brandend","Duisternis","Droog",\N,\N,"Vredensestraat","Winterswijk","Winterswijk","Gelderland",false,51.972829,6.724123,"material damage only","4","clear",false,1,"GM0294"
"20230106426",2023,"Uitsluitend materiele schade",2,"Personenauto","Fiets","Flank","Rechte weg",50,"Brandend","Duisternis","Droog",\N,"371061027","Molenstraat","Geleen","Sittard-Geleen","Limburg",false,50.968283,5.823687,"material damage only","4","clear",false,1,"GM1883"
"20230098982",2023,"Uitsluitend materiele schade",2,"Bromfiets","Fiets","Flank","Kruispunt, 3 takken",30,"Brandend","Schemer","Regen","Tunnel",\N,"Bosscheweg","Tilburg","Tilburg","Noord-Brabant",false,51.563378,5.11431,"material damage only","4","rain",false,1,"GM0855"
"20230085574",2023,"Uitsluitend materiele schade",3,"Personenauto","Fiets","Onbekend","Rechte weg",50,"Niet brandend","Daglicht","Droog",\N,"382416023","Burg van Engelenweg","IJsselmuiden","Kampen","Overijssel",false,52.560977,5.925523,"material damage only","4","clear",false,1,"GM0166"
"20230088490",2023,"Uitsluitend materiele schade",2,"Personenauto","Fiets","Flank","Rechte weg",50,"Niet brandend","Daglicht","Droog",\N,"600920019","Koudekerkseweg","Middelburg","Middelburg","Zeeland",false,51.491019,3.596912,"material damage only","4","clear",false,1,\N
"20230088513",2023,"Letsel",2,"Personenauto","Fiets","Flank","Kruispunt, 3 takken",50,"Brandend","Duisternis","Droog",\N,\N,"Minervum","Breda","Breda","Noord-Brabant",false,51.585805,4.832246,"injury","2","clear",false,1,"GM0758"
"20230089666",2023,"Letsel",2,"Bromfiets","Fiets","Onbekend","Kruispunt, 4 takken",50,"Niet brandend","Daglicht","Droog",\N,\N,"Zeestraat","'s-Gravenhage","'s-Gravenhage","Zuid-Holland",false,52.083754,4.304235,"injury","2","clear",false,1,"GM0518"
"20230098452",2023,"Uitsluitend materiele schade",2,"Personenauto","Fiets","Flank","Kruispunt, 3 takken",80,"Niet brandend","Daglicht","Droog",\N,\N,"RYKSWEG","Horn","Leudal","Limburg",false,51.201893,5.950628,"material damage only","4","clear",false,1,"GM1640"
"20230083887",2023,"Uitsluitend materiele schade",2,"Personenauto","Fiets","Flank","Kruispunt, 3 takken",50,"Niet brandend","Daglicht","Droog",\N,\N,"Hichtumerweg","Bolsward","Súdwest-Fryslân","Friesland",false,53.070671,5.522118,"material damage only","4","clear",false,1,"GM1900"
"20230088544",2023,"Uitsluitend materiele schade",3,"Fiets","Fiets","Onbekend","Rechte weg",50,"Brandend","Schemer","Droog",\N,"265197081","Dr. Deelenlaan","Tilburg","Tilburg","Noord-Brabant",false,51.578028,5.063888,"material damage only","4","clear",false,1,"GM0855"
"20230079812",2023,"Letsel",2,"Personenauto","Fiets","Frontaal","Kruispunt, 4 takken",60,"Niet aanwezig","Daglicht","Droog",\N,\N,"Lange Zuidweg","Borssele","Borsele","Zeeland",false,51.419881,3.749356,"injury","2","clear",false,1,"GM0654"
"20230080956",2023,"Letsel",2,"Fiets","Fiets","Onbekend","Bocht",\N,"Niet brandend","Daglicht","Droog",\N,"196266003","Hindersteinstraat","Rotterdam","Rotterdam","Zuid-Holland",false,51.886083,4.566317,"injury","2","clear",false,1,"GM0599"
"20230082183",2023,"Uitsluitend materiele schade",2,"Personenauto","e-bike","Frontaal","Kruispunt, 3 takken",50,"Niet brandend","Daglicht","Droog",\N,\N,"Elmpterweg","Roermond","Roermond","Limburg",false,51.206114,6.059542,"material damage only","4","clear",false,1,"GM0957"
"20230102965",2023,"Letsel",1,"Fiets",\N,"Eenzijdig","Rechte weg",50,"Niet brandend","Daglicht","Droog",\N,"159312004","Jacob Catslaan","'s-Gravenhage","'s-Gravenhage","Zuid-Holland",false,52.088607,4.29189,"injury","2","clear",false,1,"GM0518"
"20230104009",2023,"Uitsluitend materiele schade",2,"Personenauto","Fiets","Flank","Kruispunt, 3 takken",30,"Niet brandend","Schemer","Droog",\N,"393341020","Aristotelesstraat","Apeldoorn","Apeldoorn","Gelderland",false,52.22351,5.998383,"material damage only","4","clear",false,1,"GM0200"
"20230093888",2023,"Uitsluitend materiele schade",2,"Personenauto","Fiets","Flank","Rotonde",30,"Niet brandend","Daglicht","Regen",\N,\N,"Prins Willem-Alexanderln","Apeldoorn","Apeldoorn","Gelderland",false,52.204597,5.9415,"material damage only","4","rain",false,1,"GM0200"
"20230096778",2023,"Letsel",2,"Bromfiets","Fiets","Flank","Bocht",50,"Niet brandend","Daglicht","Droog",\N,"463361095","Molenstalweg","Rijssen","Rijssen-Holten","Overijssel",false,52.310469,6.515225,"injury","2","clear",false,1,"GM1742"
"20230099145",2023,"Uitsluitend materiele schade",2,"Personenauto","Fiets","Flank","Kruispunt, 4 takken",30,"Niet brandend","Daglicht","Regen",\N,\N,"Beukenstraat","Tilburg","Tilburg","Noord-Brabant",false,51.559368,5.068035,"material damage only","4","rain",false,1,"GM0855"
"20230104060",2023,"Uitsluitend materiele schade",2,"Fiets","Fiets","Onbekend","Rechte weg",50,"Niet brandend","Daglicht","Droog",\N,"600926932","Snipperlingsdijk","Deventer","Deventer","Overijssel",false,52.252526,6.185521,"material damage only","4","clear",false,1,"GM0150"
"20230082843",2023,"Uitsluitend materiele schade",2,"Bromfiets","Fiets","Kop/staart","Rechte weg",50,"Niet brandend","Daglicht","Droog",\N,\N,"Beekstraat","Enschede","Enschede","Overijssel",false,52.231465,6.888283,"material damage only","4","clear",false,1,"GM0153"
"20230086308",2023,"Uitsluitend materiele schade",2,"Personenauto","Fiets","Onbekend","Kruispunt, 3 takken",50,"Niet brandend","Daglicht","Droog",\N,\N,"Zuiderstraat","Almelo","Almelo","Overijssel",false,52.350171,6.661809,"material damage only","4","clear",false,1,"GM0141"
"20230090391",2023,"Letsel",3,"Personenauto","Fiets","Flank","Rotonde",50,"Niet brandend","Daglicht","Droog",\N,\N,"Kennedylaan","Nieuwkoop","Nieuwkoop","Zuid-Holland",false,52.148619,4.772678,"injury","2","clear",false,1,"GM0569"
"20230089263",2023,"Uitsluitend materiele schade",2,"Fiets","Personenauto","Onbekend","Kruispunt, 3 takken",50,"Brandend","Duisternis","Regen",\N,\N,"Bergambachtstraat","Rotterdam","Rotterdam","Zuid-Holland",false,51.869792,4.534575,"material damage only","4","rain",false,1,"GM0599"
"20220001699",2022,"Letsel",2,"Snorfiets","Fiets","Frontaal","Rechte weg",30,"Brandend","Duisternis","Droog",\N,\N,"Reinautstraat","Groningen","Groningen","Groningen",false,53.235205,6.561024,"injury","2","clear",false,1,"GM0014"
"20220006359",2022,"Uitsluitend materiele schade",2,"Personenauto","Fiets","Flank","Kruispunt, 4 takken",80,"Niet aanwezig","Daglicht",\N,\N,\N,"Weteringsewal","Zetten","Overbetuwe","Gelderland",false,51.936201,5.716315,"material damage only","4","unknown",false,1,"GM1734"
"20220005618",2022,"Uitsluitend materiele schade",2,"Personenauto","Fiets","Flank","Kruispunt, 4 takken",50,"Niet brandend","Schemer",\N,\N,\N,"Raadhuisstraat","Malden","Heumen","Gelderland",false,51.783643,5.851601,"material damage only","4","unknown",false,1,"GM0252"
"20220122053",2022,"Uitsluitend materiele schade",2,"Personenauto","Fiets","Onbekend","Rotonde",50,"Niet brandend","Daglicht","Droog",\N,\N,"Zuiderzeelaan","Haarlem","Haarlem","Noord-Holland",false,52.354886,4.648651,"material damage only","4","clear",false,1,"GM0392"
"20220092500",2022,"Uitsluitend materiele schade",2,"e-bike","e-bike","Onbekend","Kruispunt, 4 takken",50,"Niet brandend","Daglicht","Droog",\N,\N,"Rengerslaan","Leeuwarden","Leeuwarden","Friesland",false,53.209931,5.795266,"material damage only","4","clear",false,1,"GM0080"
"20220126519",2022,"Letsel",4,"Personenauto","Fiets","Flank","Kruispunt, 3 takken",50,"Niet aanwezig","Daglicht","Droog",\N,\N,"Oude Leeweg","De Lier","Westland","Zuid-Holland",false,51.972699,4.229239,"injury","2","clear",false,1,"GM1783"
"20220124069",2022,"Uitsluitend materiele schade",1,"Fiets",\N,"Voetganger","Kruispunt, 4 takken",15,"Niet brandend","Daglicht","Droog",\N,\N,"Dam","Amsterdam","Amsterdam","Noord-Holland",false,52.372718,4.892893,"material damage only","4","clear",false,1,"GM0363"
"20230001072",2023,"Uitsluitend materiele schade",1,"Fiets",\N,"Onbekend",\N,50,\N,"Duisternis",\N,\N,\N,"Nassaulaan","Harderwijk","Harderwijk","Gelderland",false,52.335805,5.634625,"material damage only","4","unknown",false,1,"GM0243"
"20240003997",2024,"Uitsluitend materiele schade",2,"Personenauto","Fiets","Frontaal","Kruispunt, 4 takken",50,"Niet brandend","Daglicht","Droog",\N,\N,"Oud-Ravensteinseweg","Wijchen","Wijchen","Gelderland",false,51.807367,5.720398,"material damage only","4","clear",false,1,"GM0296"
"20220078930",2022,"Uitsluitend materiele schade",2,"Personenauto","Fiets","Flank","Kruispunt, 4 takken",50,"Niet brandend","Daglicht","Droog",\N,\N,"Oosterweg","Bergen (NH)","Bergen (NH)","Noord-Holland",false,52.665442,4.712774,"material damage only","4","clear",false,1,\N
"20220082578",2022,"Letsel",1,"e-bike",\N,"Eenzijdig","Rechte weg",30,"Niet brandend","Daglicht","Droog","Brug/viaduct",\N,"Zegwaartseweg","Zoetermeer","Zoetermeer","Zuid-Holland",false,52.056999,4.514975,"injury","2","clear",false,1,"GM0637"
"20220089146",2022,"Uitsluitend materiele schade",2,"Snorfiets","Fiets","Frontaal","Kruispunt, 3 takken",30,"Niet brandend","Daglicht","Droog",\N,\N,"Fellenoord","Eindhoven","Eindhoven","Noord-Brabant",false,51.444331,5.476217,"material damage only","4","clear",false,1,"GM0772"
"20220089515",2022,"Uitsluitend materiele schade",2,"Personenauto","Fiets","Flank","Kruispunt, 4 takken",30,"Niet brandend","Daglicht","Droog",\N,\N,"Larenweg","'s-Hertogenbosch","'s-Hertogenbosch","Noord-Brabant",false,51.736088,5.283071,"material damage only","4","clear",false,1,"GM0796"
"20220050586",2022,"Uitsluitend materiele schade",2,"Personenauto","Fiets","Flank","Kruispunt, 3 takken",30,"Niet brandend","Daglicht","Droog",\N,\N,"Meentweg","Eemnes","Eemnes","Utrecht",false,52.252627,5.267025,"material damage only","4","clear",false,1,"GM0317"
"20220068238",2022,"Letsel",3,"Personenauto","Fiets","Flank","Rechte weg",30,"Niet brandend","Daglicht","Droog",\N,\N,"Wethouder Materhof","Geldrop","Geldrop-Mierlo","Noord-Brabant",true,51.421263,5.575898,"injury","2","clear",false,1,"GM1771"