"accident_id","year","severity_raw","party_count","party1_type","party2_type","accident_type","road_situation","speed_limit_kmh","road_lighting","light_condition_label","weather_raw","infra_type","road_segment_id","street_name","place_name","gemeente_name_raw","province","alcohol_indicated","latitude","longitude","severity_label","severity_code","weather_label","built_up_area","cyclists_involved","gemeente_code"
"20220076123",2022,"Letsel",2,"Personenauto","Fiets","Flank","Kruispunt, 3 takken",30,"Niet brandend","Daglicht","Droog",\N,\N,"Hoofdstraat","Didam","Montferland","Gelderland",false,51.938685,6.131611,"injury","2","clear",false,1,"GM1955"
"20220091843",2022,"Uitsluitend materiele schade",2,"Personenauto","Fiets","Flank","Rechte weg",30,"Niet brandend","Daglicht","Droog",\N,"526538015","Hendrik Westerstraat","Oude Pekela","Pekela","Groningen",false,53.100314,7.001529,"material damage only","4","clear",false,1,"GM0765"
"20220044754",2022,"Letsel",2,"Fiets","Personenauto","Flank","Rechte weg",50,"Niet brandend","Daglicht","Droog",\N,"600674071","Kuipersdijk","Hengelo","Hengelo (O)","Overijssel",false,52.25544,6.809144,"injury","2","clear",false,1,\N
"20220046529",2022,"Uitsluitend materiele schade",2,"Personenauto","Fiets","Flank","Rechte weg",30,"Niet brandend","Daglicht","Droog",\N,\N,"Koggelaan","Zwolle","Zwolle","Overijssel",false,52.503209,6.084752,"material damage only","4","clear",false,1,"GM0193"
"20220082746",2022,"Letsel",1,"Fiets",\N,"Eenzijdig","Rechte weg",50,"Niet brandend","Daglicht",\N,\N,"600392963","Lange Voorhout","'s-Gravenhage","'s-Gravenhage","Zuid-Holland",false,52.082746,4.311871,"injury","2","unknown",false,1,"GM0518"
"20220083708",2022,"Letsel",2,"Bestelauto","e-bike","Flank","Rechte weg",60,"Niet brandend","Daglicht","Droog",\N,"600721540","Schieweg","Delft","Delft","Zuid-Holland",false,51.977853,4.381609,"injury","2","clear",false,1,"GM0503"
"20220089472",2022,"Letsel",2,"Fiets","Fiets","Onbekend","Rechte weg",50,"Brandend","Duisternis","Droog",\N,"600929113","Stratumsedijk","Eindhoven","Eindhoven","Noord-Brabant",false,51.430038,5.485921,"injury","2","clear",false,1,"GM0772"
"20220108748",2022,"Uitsluitend materiele schade",2,"Snorfiets","Fiets","Flank","Kruispunt, 3 takken",50,"Niet brandend","Daglicht","Droog",\N,\N,"Westersingel","Rotterdam","Rotterdam","Zuid-Holland",false,51.914947,4.474485,"material damage only","4","clear",false,1,"GM0599"
"20220019935",2022,"Letsel",2,"Snorfiets","e-bike","Flank","Kruispunt, 4 takken",50,"Niet brandend","Daglicht","Droog",\N,\N,"Loosduinsekade","'s-Gravenhage","'s-Gravenhage","Zuid-Holland",false,52.070528,4.284179,"injury","2","clear",false,1,"GM0518"
"20220042920",2022,"Uitsluitend materiele schade",2,"Personenauto","Fiets","Flank","Kruispunt, 4 takken",50,"Niet brandend","Daglicht",\N,\N,\N,"Notarisappel","Barneveld","Barneveld","Gelderland",false,52.12504,5.574403,"material damage only","4","unknown",false,1,"GM0203"
"20220077418",2022,"Letsel",2,"Personenauto","Fiets","Flank","Kruispunt, 4 takken",50,"Niet brandend","Daglicht","Droog",\N,\N,"Maarssenbroeksedijk","Utrecht","Utrecht","Utrecht",false,52.125375,5.041459,"injury","2","clear",false,1,"GM0344"
"20220083807",2022,"Letsel",1,"e-bike",\N,"Eenzijdig","Rechte weg",50,"Niet brandend","Daglicht",\N,\N,"600712636","Pijle Tuinenweg","Naaldwijk","Westland","Zuid-Holland",false,51.993807,4.216232,"injury","2","unknown",false,1,"GM1783"
"20220093761",2022,"Uitsluitend materiele schade",2,"Snorfiets","Fiets","Flank","Rechte weg",\N,"Niet brandend","Daglicht","Droog",\N,"600855834","Lebuïnuslaan","Deventer","Deventer","Overijssel",false,52.270325,6.162517,"material damage only","4","clear",false,1,"GM0150"
"20220093779",2022,"Uitsluitend materiele schade",2,"Snorfiets","Fiets","Frontaal","Kruispunt, 4 takken",15,"Brandend","Duisternis","Droog",\N,\N,"Land van de Markt","Arnhem","Arnhem","Gelderland",false,51.982202,5.910193,"material damage only","4","clear",false,1,"GM0202"
"20220020030",2022,"Letsel",2,"Personenauto","Fiets","Flank","Kruispunt, 4 takken",50,"Niet brandend","Daglicht","Droog",\N,\N,"Spruitkoolakker","Zoetermeer","Zoetermeer","Zuid-Holland",false,52.067114,4.523538,"injury","2","clear",false,1,"GM0637"
"20220035764",2022,"Uitsluitend materiele schade",2,"Fiets","Fiets","Flank","Kruispunt, 3 takken",30,"Niet brandend","Daglicht",\N,\N,\N,"Herman Heijermansweg","Amsterdam","Amsterdam","Noord-Holland",false,52.346105,4.885141,"material damage only","4","unknown",false,1,"GM0363"
"20220043072",2022,"Uitsluitend materiele schade",2,"Fiets","Personenauto","Onbekend",\N,50,\N,"Daglicht",\N,\N,"383337003","Sportlaan","Apeldoorn","Apeldoorn","Gelderland",false,52.20392,5.926673,"material damage only","4","unknown",false,1,"GM0200"
"20220080925",2022,"Uitsluitend materiele schade",2,"Personenauto","Fiets","Flank","Kruispunt, 3 takken",50,"Niet brandend","Daglicht","Droog",\N,\N,"D.L. Hudigstraat","Amsterdam","Amsterdam","Noord-Holland",false,52.372718,4.938274,"material damage only","4","clear",false,1,"GM0363"
"20220081700",2022,"Letsel",1,"Fiets",\N,"Eenzijdig","Kruispunt, 4 takken",50,"Niet brandend","Daglicht","Droog",\N,\N,"Van der Duynstraat","Leiden","Leiden","Zuid-Holland",false,52.16704,4.49879,"injury","2","clear",false,1,"GM0546"
"20220112444",2022,"Letsel",2,"Fiets",\N,"Eenzijdig","Kruispunt, 3 takken",50,"Niet brandend","Daglicht","Droog",\N,\N,"Bruistensingel","'s-Hertogenbosch","'s-Hertogenbosch","Noord-Brabant",false,51.708351,5.319662,"injury","2","clear",false,1,"GM0796"
"20220048071",2022,"Uitsluitend materiele schade",2,"Fiets","Personenauto","Onbekend","Kruispunt, 4 takken",50,"Brandend","Duisternis","Droog",\N,\N,"Bevrijdingsstraat","Wageningen","Wageningen","Gelderland",false,51.969217,5.668296,"material damage only","4","clear",false,1,"GM0289"
"20220059519",2022,"Letsel",1,"Fiets",\N,"Eenzijdig","Rechte weg",30,\N,"Duisternis",\N,\N,"168294123","Peperstraat","Delft","Delft","Zuid-Holland",false,52.010336,4.35768,"injury","2","unknown",false,1,"GM0503"
"20220078054",2022,"Uitsluitend materiele schade",2,"Personenauto","Fiets","Flank","Kruispunt, 3 takken",50,"Niet brandend","Daglicht","Regen",\N,\N,"Oostdam","Woerden","Woerden","Utrecht",false,52.086017,4.888502,"material damage only","4","rain",false,1,"GM0632"
"20220113901",2022,"Letsel",1,"Fiets",\N,"Eenzijdig","Rotonde",50,"Niet brandend","Daglicht","Droog",\N,\N,"Pastoor Kikkenweg","Cadier en Keer","Eijsden-Margraten","Limburg",false,50.831041,5.757804,"injury","2","clear",false,1,"GM1903"
"20220114638",2022,"Letsel",2,"Bestelauto","Fiets","Flank","Kruispunt, 4 takken",30,"Niet brandend","Daglicht","Droog",\N,\N,"Weaze","Leeuwarden","Leeuwarden","Friesland",false,53.200519,5.798165,"injury","2","clear",false,1,"GM0080"
"20220034068",2022,"Letsel",2,"Personenauto","Fiets","Flank","Bocht",50,"Niet brandend","Daglicht",\N,\N,"334279002","Hogeweg","Lienden","Buren","Gelderland",false,51.944492,5.568597,"injury","2","unknown",false,1,"GM0214"
"20220046825",2022,"Letsel",2,"e-bike","Fiets","Flank","Kruispunt, 3 takken",50,"Niet brandend","Daglicht","Droog","Tunnel","600490778","FIETSPAD","Rijssen","Rijssen-Holten","Overijssel",false,52.311852,6.517728,"injury","2","clear",false,1,"GM1742"
"20220050972",2022,"Uitsluitend materiele schade",2,"Personenauto","Fiets","Flank","Rotonde",\N,"Niet brandend","Daglicht","Droog",\N,\N,"Trumanlaan","Utrecht","Utrecht","Utrecht",false,52.073276,5.093893,"material damage only","4","clear",false,1,"GM0344"
"20220083034",2022,"Uitsluitend materiele schade",2,"Personenauto","Fiets","Flank","Rechte weg",30,"Niet brandend","Daglicht","Droog",\N,"600105407","Thorbeckelaan","'s-Gravenhage","'s-Gravenhage","Zuid-Holland",false,52.064049,4.255976,"material damage only","4","clear",false,1,"GM0518"
"20220105804",2022,"Uitsluitend materiele schade",2,"Personenauto","Fiets","Flank","Rotonde",50,"Niet brandend","Daglicht","Droog",\N,\N,"Weeresteinstraat","Hillegom","Hillegom","Zuid-Holland",false,52.295847,4.579242,"material damage only","4","clear",false,1,"GM0534"
"20220020430",2022,"Letsel",1,"Fiets",\N,"Eenzijdig","Rechte weg",30,"Niet brandend","Daglicht","Droog",\N,"178298021","Nobellaan","Pijnacker","Pijnacker-Nootdorp","Zuid-Holland",false,52.025181,4.427283,"injury","2","clear",false,1,"GM1926"
"20220034129",2022,"Uitsluitend materiele schade",2,"Fiets","Fiets","Flank","Rechte weg",30,"Niet brandend","Daglicht","Droog","Tunnel",\N,"Kalverstraat","Apeldoorn","Apeldoorn","Gelderland",false,52.211475,5.967729,"material damage only","4","clear",false,1,"GM0200"
"20220036075",2022,"Uitsluitend materiele schade",2,"Personenauto","Fiets","Flank","Rechte weg",30,"Niet aanwezig","Daglicht",\N,\N,"600421768","Leidseplein","Amsterdam","Amsterdam","Noord-Holland",false,52.364089,4.882788,"material damage only","4","unknown",false,1,"GM0363"
"20220037914",2022,"Uitsluitend materiele schade",2,"Bromfiets","Fiets","Onbekend","Rechte weg",50,"Niet brandend","Daglicht","Droog",\N,"189276024","Oudedijk","Rotterdam","Rotterdam","Zuid-Holland",false,51.927293,4.509814,"material damage only","4","clear",false,1,"GM0599"
"20220055506",2022,"Uitsluitend materiele schade",3,"Fiets","Fiets","Flank","Rotonde",\N,"Niet brandend","Daglicht","Droog",\N,\N,"HAARLEMMERMEERCIRCUIT","Amsterdam","Amsterdam","Noord-Holland",false,52.349452,4.857782,"material damage only","4","clear",false,1,"GM0363"
"20220072096",2022,"Uitsluitend materiele schade",2,"Personenauto","Fiets","Frontaal","Rotonde",50,"Niet brandend","Daglicht","Droog",\N,\N,"Noorderweg","Leeuwarden","Leeuwarden","Friesland",false,53.205518,5.798341,"material damage only","4","clear",false,1,"GM0080"
"20220084077",2022,"Letsel",2,"Fiets","Overig wegmeubilair","Vast voorwerp","Rechte weg",50,"Brandend","Duisternis","Droog",\N,"600482634","Oostduinlaan","'s-Gravenhage","'s-Gravenhage","Zuid-Holland",false,52.096074,4.311886,"injury","2","clear",false,1,"GM0518"
"20220084102",2022,"Letsel",2,"e-bike","Fiets","Frontaal","Bocht",30,"Niet brandend","Daglicht","Droog","Tunnel","601015309","Binckhorstlaan","'s-Gravenhage","'s-Gravenhage","Zuid-Holland",false,52.073354,4.332503,"injury","2","clear",false,1,"GM0518"
"20220085357",2022,"Letsel",2,"Bestelauto","e-bike","Onbekend","Rechte weg",30,"Niet brandend","Daglicht","Droog",\N,"600105976","Voorstraat","Numansdorp","Hoeksche Waard","Zuid-Holland",false,51.727168,4.437895,"injury","2","clear",false,1,"GM1963"
"20220106157",2022,"Letsel",1,"Fiets",\N,"Eenzijdig","Rechte weg",30,"Niet brandend","Daglicht","Droog",\N,"157305096","Leersumstraat","'s-Gravenhage","'s-Gravenhage","Zuid-Holland",false,52.059486,4.274851,"injury","2","clear",false,1,"GM0518"
"20220045522",2022,"Uitsluitend materiele schade",2,"Fiets","Fiets","Flank","Kruispunt, 4 takken",\N,"Brandend","Duisternis","Droog",\N,\N,"Stationsplein","Nijmegen","Nijmegen","Gelderland",false,51.842723,5.853611,"material damage only","4","clear",false,1,"GM0268"
"20220052937",2022,"Uitsluitend materiele schade",2,"Personenauto","Fiets","Flank","Kruispunt, 4 takken",50,"Niet brandend","Daglicht","Droog",\N,\N,"van Veenweg","Heerhugowaard","Dijk en Waard","Noord-Holland",false,52.667222,4.861292,"material damage only","4","clear",false,1,"GM1980"
"20220082239",2022,"Uitsluitend materiele schade",2,"Fiets","Personenauto","Flank","Kruispunt, 3 takken",30,"Niet brandend","Daglicht","Droog",\N,\N,"Geestweg","Monster","Westland","Zuid-Holland",false,52.03093,4.180307,"material damage only","4","clear",false,1,"GM1783"
"20220088265",2022,"Uitsluitend materiele schade",2,"Fiets","Bromfiets","Onbekend","Rechte weg",50,"Niet aanwezig","Daglicht","Droog",\N,\N,"Hasseltstraat","Tilburg","Tilburg","Noord-Brabant",false,51.5722,5.072659,"material damage only","4","clear",false,1,"GM0855"
"20220088271",2022,"Letsel",2,"Bestelauto","Fiets","Flank","Rechte weg",50,"Niet aanwezig","Daglicht","Droog",\N,"600708812","Hoofdweg Noord","Zuiddorpe","Terneuzen","Zeeland",false,51.238401,3.910538,"injury","2","clear",false,1,"GM0715"
"20220107457",2022,"Uitsluitend materiele schade",2,"Personenauto","Fiets","Flank","Kruispunt, 3 takken",30,"Niet brandend","Daglicht","Droog",\N,\N,"Arkelstraat","Gorinchem","Gorinchem","Zuid-Holland",false,51.832558,4.975396,"material damage only","4","clear",false,1,"GM0512"
"20220049937",2022,"Letsel",2,"Fiets","Fiets","Onbekend","Rechte weg",30,"Niet brandend","Daglicht","Droog",\N,\N,"Kerkstraat","De Meern","Utrecht","Utrecht",false,52.084584,5.038236,"injury","2","clear",false,1,"GM0344"
"20220053006",2022,"Uitsluitend materiele schade",3,"Personenauto","Fiets","Kop/staart","Kruispunt, 3 takken",\N,"Niet brandend","Daglicht","Droog",\N,\N,"Zeeweg","Overveen","Bloemendaal","Noord-Holland",false,52.404238,4.551863,"material damage only","4","clear",false,1,"GM0377"
"20220059721",2022,"Letsel",2,"Personenauto","Fiets","Los voorwerp","Rotonde",30,"Niet brandend","Daglicht","Droog",\N,"600689075","Olympiarotonde","Gouda","Gouda","Zuid-Holland",false,52.022509,4.718251,"injury","2","clear",false,1,"GM0513"
"20220059786",2022,"Letsel",1,"Fiets",\N,"Eenzijdig","Rechte weg",80,"Niet aanwezig","Daglicht","Droog",\N,"600727462","Hoogeveenseweg","Noordwijk","Noordwijk","Zuid-Holland",false,52.228613,4.46148,"injury","2","clear",false,1,"GM0575"
"20220095059",2022,"Letsel",3,"e-bike","Fiets","Onbekend","Rechte weg",50,"Brandend","Daglicht","Droog",\N,"457373007","Grotestraat","Nijverdal","Hellendoorn","Overijssel",false,52.364507,6.473993,"injury","2","clear",false,1,"GM0163"
"20220018371",2022,"Uitsluitend materiele schade",2,"Personenauto","Fiets","Flank","Rotonde",80,"Niet brandend","Duisternis","Droog",\N,\N,"Zwethlaan","Honselersdijk","Westland","Zuid-Holland",false,51.99571,4.263492,"material damage only","4","clear",false,1,"GM1783"
"20220057365",2022,"Letsel",2,"Personenauto","Fiets","Flank","Rechte weg",60,"Niet brandend","Daglicht","Droog",\N,"218269002","Opperduit","Lekkerkerk","Krimpenerwaard","Zuid-Holland",false,51.904957,4.733399,"injury","2","clear",false,1,"GM1931"
"20220057453",2022,"Letsel",2,"Personenauto","Fiets","Flank","Rotonde",50,"Niet brandend","Daglicht",\N,\N,\N,"Ketelmeerlaan","Leiden","Leiden","Zuid-Holland",false,52.175148,4.509513,"injury","2","unknown",false,1,"GM0546"
"20220067665",2022,"Letsel",2,"Personenauto","e-bike","Onbekend","Kruispunt, 3 takken",30,"Niet brandend","Daglicht","Droog",\N,\N,"Koningin Julianaweg-Zuid","Best","Best","Noord-Brabant",false,51.495771,5.39571,"injury","2","clear",false,1,"GM0753"
"20220097214",2022,"Letsel",2,"Personenauto","Fiets","Onbekend","Kruispunt, 3 takken",50,"Niet brandend","Daglicht","Droog",\N,\N,"Kluizeweg","Arnhem","Arnhem","Gelderland",false,52.007271,5.903796,"injury","2","clear",false,1,"GM0202"
"20220097375",2022,"Uitsluitend materiele schade",2,"Personenauto","Fiets","Flank","Rechte weg",50,"Niet brandend","Daglicht",\N,\N,"383288073","Steenstraat","Arnhem","Arnhem","Gelderland",false,51.984324,5.919192,"material damage only","4","unknown",false,1,"GM0202"
"20220097665",2022,"Uitsluitend materiele schade",2,"Personenauto","Fiets","Flank","Kruispunt, 4 takken",50,"Niet brandend","Daglicht","Droog",\N,\N,"Gasthuisstraat","Barneveld","Barneveld","Gelderland",false,52.141879,5.585703,"material damage only","4","clear",false,1,"GM0203"
"20220100299",2022,"Letsel",3,"Fiets","Fiets","Onbekend","Rechte weg",30,"Niet brandend","Daglicht","Droog",\N,"291447042","Hoofdstraat","Bovenkarspel","Stede Broec","Noord-Holland",false,52.698947,5.251316,"injury","2","clear",false,1,"GM0532"
"20220051575",2022,"Uitsluitend materiele schade",2,"Personenauto","Fiets","Flank","Kruispunt, 4 takken",30,"Niet brandend","Daglicht",\N,\N,\N,"d'Yserinckweg","Vijfhuizen","Haarlemmermeer","Noord-Holland",false,52.352847,4.679411,"material damage only","4","unknown",false,1,"GM0394"
"20220055808",2022,"Letsel",2,"Personenauto","Fiets","Flank","Kruispunt, 4 takken",50,"Niet brandend","Daglicht","Droog",\N,\N,"Beukenweg","Amsterdam","Amsterdam","Noord-Holland",false,52.356381,4.918644,"injury","2","clear",false,1,"GM0363"
"20220058846",2022,"Uitsluitend materiele schade",2,"Personenauto","Fiets","Voetganger","Kruispunt, 3 takken",30,"Niet brandend","Daglicht","Droog",\N,"162307145","Jacob Marisstraat","'s-Gravenhage","'s-Gravenhage","Zuid-Holland",false,52.06619,4.309396,"material damage only","4","clear",false,1,"GM0518"
"20220084284",2022,"Letsel",2,"Fiets","Overig vast object","Vast voorwerp","Rotonde",50,"Brandend","Duisternis","Droog",\N,\N,"Jan van Gent","Noordwijk","Noordwijk","Zuid-Holland",false,52.233462,4.437419,"injury","2","clear",false,1,"GM0575"
"20220097732",2022,"Letsel",2,"Personenauto","Fiets","Flank","Rotonde",50,"Niet brandend","Daglicht","Droog",\N,\N,"Eversbergweg","Nijverdal","Hellendoorn","Overijssel",false,52.371344,6.47805,"injury","2","clear",false,1,"GM0163"
"20220098747",2022,"Uitsluitend materiele schade",2,"Personenauto","e-bike","Flank","Kruispunt, 3 takken",50,"Niet brandend","Daglicht","Droog",\N,\N,"Jol 34","Lelystad","Lelystad","Flevoland",false,52.509756,5.448221,"material damage only","4","clear",false,1,"GM0995"
"20220018874",2022,"Letsel",3,"e-bike","Personenauto","Onbekend","Rechte weg",60,"Niet brandend","Daglicht","Droog",\N,"205285044","Kortenoord","Nieuwerkerk aan den IJssel","Zuidplas","Zuid-Holland",false,51.971611,4.630612,"injury","2","clear",false,1,"GM1892"
"20220040750",2022,"Uitsluitend materiele schade",2,"Bestelauto","Fiets","Onbekend","Rechte weg",50,\N,"Schemer",\N,\N,\N,"Blauwhuisterweg","Surhuisterveen","Achtkarspelen","Friesland",false,53.174582,6.145208,"material damage only","4","unknown",false,1,"GM0059"
"20220044018",2022,"Uitsluitend materiele schade",2,"Personenauto","Fiets","Flank","Rotonde",50,"Niet brandend","Daglicht","Droog",\N,\N,"Oostweg","Enschede","Enschede","Overijssel",false,52.213665,6.938789,"material damage only","4","clear",false,1,"GM0153"
"20220044093",2022,"Uitsluitend materiele schade",2,"Bestelauto","Fiets","Flank","Rotonde",50,"Niet brandend","Daglicht","Droog",\N,\N,"Dalweg","Arnhem","Arnhem","Gelderland",false,51.992806,5.918866,"material damage only","4","clear",false,1,"GM0202"
"20220045888",2022,"Uitsluitend materiele schade",2,"Personenauto","Fiets","Flank","Kruispunt, 4 takken",50,"Brandend","Schemer","Droog",\N,\N,"Slotlaan","Ede","Ede","Gelderland",false,52.044865,5.648034,"material damage only","4","clear",false,1,"GM0228"
"20220099746",2022,"Uitsluitend materiele schade",2,"Personenauto","e-bike","Frontaal","Kruispunt, 4 takken",30,"Brandend","Schemer","Regen",\N,\N,"Rigastraat","Lelystad","Lelystad","Flevoland",false,52.513189,5.46699,"material damage only","4","rain",false,1,"GM0995"
"20220102583",2022,"Uitsluitend materiele schade",2,"Fiets","Personenauto","Flank","Kruispunt, 4 takken",\N,"Niet brandend","Daglicht","Droog",\N,\N,"Amerikahavenweg","Amsterdam","Amsterdam","Noord-Holland",false,52.405784,4.783389,"material damage only","4","clear",false,1,"GM0363"
"20220028352",2022,"Uitsluitend materiele schade",2,"Bromfiets","Fiets","Kop/staart","Kruispunt, 3 takken",30,"Brandend","Duisternis","Droog",\N,\N,"Orthen","'s-Hertogenbosch","'s-Hertogenbosch","Noord-Brabant",false,51.704135,5.303622,"material damage only","4","clear",false,1,"GM0796"
"20220101640",2022,"Letsel",4,"Personenauto","e-bike","Onbekend","Bocht",30,\N,"Daglicht","Droog",\N,"216478076","Dorpsweg","Callantsoog","Schagen","Noord-Holland",false,52.838058,4.695194,"injury","2","clear",false,1,"GM0441"
"20220107610",2022,"Letsel",3,"Bromfiets","Fiets","Onbekend","Kruispunt, 4 takken",\N,"Niet brandend","Daglicht","Droog",\N,\N,"Brede Hilledijk","Rotterdam","Rotterdam","Zuid-Holland",false,51.903584,4.499846,"injury","2","clear",false,1,"GM0599"
"20220026716",2022,"Uitsluitend materiele schade",1,"Fiets",\N,"Onbekend","Rechte weg",50,"Brandend","Duisternis","Droog",\N,\N,"Wilgenstraat","Tilburg","Tilburg","Noord-Brabant",false,51.555363,5.075704,"material damage only","4","clear",false,1,"GM0855"
"20220031020",2022,"Uitsluitend materiele schade",2,"Personenauto","Fiets","Flank","Kruispunt, 3 takken",50,"Niet brandend","Daglicht","Droog",\N,\N,"Rijksweg Zuid","Sittard","Sittard-Geleen","Limburg",false,50.985705,5.848363,"material damage only","4","clear",false,1,"GM1883"
"20220053425",2022,"Uitsluitend materiele schade",2,"Personenauto","Fiets","Flank","Rechte weg",50,"Brandend","Duisternis","Droog",\N,\N,"Lingeweg","Hoorn","Hoorn","Noord-Holland",false,52.654853,5.07935,"material damage only","4","clear",false,1,"GM0405"
"20220054898",2022,"Uitsluitend materiele schade",2,"Personenauto","Fiets","Flank","Kruispunt, 4 takken",50,"Niet brandend","Daglicht","Droog",\N,\N,"Nassauplein","Amsterdam","Amsterdam","Noord-Holland",false,52.385071,4.880366,"material damage only","4","clear",false,1,"GM0363"
"20220064976",2022,"Uitsluitend materiele schade",2,"Personenauto","Fiets","Flank","Rotonde",30,"Niet brandend","Daglicht","Droog",\N,\N,"Lage Witsiebaan","Tilburg","Tilburg","Noord-Brabant",false,51.573067,5.06206,"material damage only","4","clear",false,1,"GM0855"
"20220104467",2022,"Letsel",1,"Fiets",\N,"Eenzijdig","Rechte weg",70,"Brandend","Duisternis","Droog",\N,\N,"Landscheidingsweg","'s-Gravenhage","'s-Gravenhage","Zuid-Holland",false,52.108973,4.329058,"injury","2","clear",false,1,"GM0518"
"20220110523",2022,"Letsel",2,"Bromfiets","Fiets","Flank","Kruispunt, 3 takken",30,"Niet brandend","Daglicht","Droog",\N,\N,"FIETSPAD","Breda","Breda","Noord-Brabant",false,51.600767,4.757437,"injury","2","clear",false,1,"GM0758"
"20220048949",2022,"Letsel",2,"Bestelauto","e-bike","Flank","Kruispunt, 4 takken",50,"Niet brandend","Daglicht","Droog",\N,\N,"Limalaan","Utrecht","Utrecht","Utrecht",false,52.083007,5.180405,"injury","2","clear",false,1,"GM0344"
"20220050421",2022,"Uitsluitend materiele schade",2,"Personenauto","Fiets","Flank","Rotonde",30,"Niet brandend","Daglicht",\N,\N,\N,"Bikkersweg","Bunschoten-Spakenburg","Bunschoten","Utrecht",false,52.243695,5.364312,"material damage only","4","unknown",false,1,"GM0313"
"20220057862",2022,"Letsel",1,"e-bike",\N,"Eenzijdig",\N,30,\N,"Daglicht",\N,\N,"163308050","Hoefkade","'s-Gravenhage","'s-Gravenhage","Zuid-Holland",false,52.070079,4.317237,"injury","2","unknown",false,1,"GM0518"
"20220057923",2022,"Letsel",2,"Fiets","Fiets","Onbekend","Rechte weg",50,"Niet brandend","Daglicht","Droog",\N,"172286005","Schieweg","Schipluiden","Midden-Delfland","Zuid-Holland",false,51.968513,4.388654,"injury","2","clear",false,1,"GM1842"
"20220110614",2022,"Letsel",1,"Fiets",\N,"Eenzijdig",\N,80,\N,"Duisternis",\N,\N,"81174007","Schippersweg","Nieuwdorp","Borsele","Zeeland",false,51.465379,3.750075,"injury","2","unknown",false,1,"GM0654"
"20220112529",2022,"Uitsluitend materiele schade",1,"Fiets",\N,"Flank","Rechte weg",30,"Niet brandend","Daglicht","Droog",\N,"600848010","Streeperstraat","Landgraaf","Landgraaf","Limburg",false,50.899068,6.016205,"material damage only","4","clear",false,1,"GM0882"
"20220113616",2022,"Uitsluitend materiele schade",2,"Personenauto","e-bike","Frontaal","Rotonde",50,"Niet brandend","Daglicht","Droog",\N,\N,"Sint Annalaan","Maastricht","Maastricht","Limburg",false,50.848812,5.672382,"material damage only","4","clear",false,1,"GM0935"
"20220031254",2022,"Uitsluitend materiele schade",3,"Fiets","Personenauto","Onbekend","Rechte weg",50,"Niet brandend","Daglicht","Droog",\N,"600846462","Venloseweg","Roermond","Roermond","Limburg",false,51.199764,5.997546,"material damage only","4","clear",false,1,"GM0957"
"20220031280",2022,"Uitsluitend materiele schade",2,"Personenauto","Fiets","Onbekend","Rotonde",50,"Brandend","Duisternis","Droog",\N,\N,"Hertogsingel","Maastricht","Maastricht","Limburg",false,50.849222,5.678003,"material damage only","4","clear",false,1,"GM0935"
"20230002157",2023,"Uitsluitend materiele schade",1,"Fiets",\N,"Eenzijdig","Kruispunt, 3 takken",50,"Niet brandend","Daglicht","Droog",\N,\N,"Nieuwe Marktstraat","Nijmegen","Nijmegen","Gelderland",false,51.845074,5.854942,"material damage only","4","clear",false,1,"GM0268"
"20230001356",2023,"Uitsluitend materiele schade",2,"Personenauto","Fiets","Flank","Kruispunt, 4 takken",50,"Brandend","Duisternis","Regen",\N,\N,"Oosterweg","Groningen","Groningen","Groningen",false,53.213508,6.573964,"material damage only","4","rain",false,1,"GM0014"
"20230050181",2023,"Letsel",1,"Fiets",\N,"Eenzijdig",\N,50,\N,"Daglicht",\N,\N,"600717026","Pompstationsweg","'s-Gravenhage","'s-Gravenhage","Zuid-Holland",false,52.108894,4.303076,"injury","2","unknown",false,1,"GM0518"
"20230075331",2023,"Letsel",1,"Fiets",\N,"Eenzijdig",\N,50,\N,"Duisternis",\N,\N,"600112818","Heemsteedse Dreef","Heemstede","Heemstede","Noord-Holland",false,52.348504,4.623931,"injury","2","unknown",false,1,"GM0397"
"20230000992",2023,"Uitsluitend materiele schade",2,"Personenauto","Fiets","Onbekend","Rechte weg",30,"Niet brandend","Daglicht","Droog",\N,"600856630","Zuiderlaan","Meppel","Meppel","Drenthe",false,52.691156,6.184535,"material damage only","4","clear",false,1,"GM0119"
"20230002696",2023,"Letsel",1,"Fiets",\N,"Eenzijdig","Rechte weg",30,"Niet brandend","Daglicht","Harde windstoten",\N,"223429149","Camphuysenkade","Alkmaar","Alkmaar","Noord-Holland",false,52.619132,4.750202,"injury","2","unknown",false,1,"GM0361"
"20230000380",2023,"Letsel",2,"Personenauto","Fiets","Flank","Kruispunt, 3 takken",60,"Niet brandend","Daglicht","Droog",\N,\N,"Brittanniëlaan","Hengelo","Hengelo (O)","Overijssel",false,52.292862,6.776754,"injury","2","clear",false,1,\N
"20230011297",2023,"Uitsluitend materiele schade",2,"Personenauto","Fiets","Flank","Rotonde",50,"Niet brandend","Daglicht","Regen",\N,\N,"Wilhelminalaan","Beuningen Gld","Beuningen","Gelderland",false,51.863281,5.770203,"material damage only","4","rain",false,1,"GM0209"
"20230011556",2023,"Uitsluitend materiele schade",2,"Personenauto","Fiets","Voetganger","Kruispunt, 3 takken",50,"Niet brandend","Daglicht","Droog",\N,\N,"Ambachtstraat","Doetinchem","Doetinchem","Gelderland",false,51.95794,6.298195,"material damage only","4","clear",false,1,"GM0222"
"20230001872",2023,"Letsel",3,"Personenauto","Fiets","Onbekend","Rechte weg",80,"Niet aanwezig","Daglicht","Droog",\N,"600756892","Oosterlandweg","Mijdrecht","De Ronde Venen","Utrecht",false,52.211736,4.830996,"injury","2","clear",false,1,"GM0736"