"accident_id","year","severity_raw","party_count","party1_type","party2_type","accident_type","road_situation","speed_limit_kmh","road_lighting","light_condition_label","weather_raw","infra_type","road_segment_id","street_name","place_name","gemeente_name_raw","province","alcohol_indicated","latitude","longitude","severity_label","severity_code","weather_label","built_up_area","cyclists_involved","gemeente_code"
"20230023848",2023,"Uitsluitend materiele schade",2,"Personenauto","Fiets","Onbekend",\N,50,\N,"Duisternis",\N,\N,"238369054","Cornelis Krusemanstraat","Amsterdam","Amsterdam","Noord-Holland",false,52.351034,4.861941,"material damage only","4","unknown",false,1,"GM0363"
"20230071860",2023,"Letsel",1,"Fiets",\N,"Eenzijdig",\N,30,\N,"Daglicht",\N,\N,\N,"Zonnebloemstraat","Goes","Goes","Zeeland",false,51.500238,3.896007,"injury","2","unknown",false,1,"GM0664"
"20230000459",2023,"Letsel",2,"Personenauto","Fiets","Flank","Kruispunt, 4 takken",50,"Niet brandend","Daglicht","Droog",\N,\N,"Den Sliem","Groenlo","Oost Gelre","Gelderland",false,52.056246,6.622711,"injury","2","clear",false,1,"GM1586"
"20230008805",2023,"Uitsluitend materiele schade",2,"Personenauto","Fiets","Onbekend","Rechte weg",50,"Niet brandend","Daglicht","Droog",\N,"391185020","Langeweg","Venray","Venray","Limburg",false,51.52231,5.972255,"material damage only","4","clear",false,1,"GM0984"
"20230004175",2023,"Uitsluitend materiele schade",2,"Personenauto","Fiets","Flank","Kruispunt, 3 takken",50,"Brandend","Duisternis","Droog",\N,\N,"Amstelveenseweg","Amsterdam","Amsterdam","Noord-Holland",false,52.323419,4.85755,"material damage only","4","clear",false,1,"GM0363"
"20230054488",2023,"Dodelijk",2,"Personenauto","Fiets","Flank","Kruispunt, 4 takken",80,"Niet brandend","Daglicht","Droog",\N,\N,"KP KERENSHEIDE","Geleen","Sittard-Geleen","Limburg",false,50.974319,5.788519,"fatal","1","clear",false,1,"GM1883"
"20230054707",2023,"Dodelijk",2,"e-bike","Fiets","Kop/staart","Rechte weg",30,"Niet brandend","Daglicht","Droog",\N,"600585626","Eindhovenseweg","Weert","Weert","Limburg",false,51.261319,5.69756,"fatal","1","clear",false,1,"GM0988"
"20230003512",2023,"Uitsluitend materiele schade",2,"Bromfiets","Fiets","Flank","Kruispunt, 3 takken",30,"Niet brandend","Daglicht","Droog",\N,\N,"Schouw 41","Lelystad","Lelystad","Flevoland",false,52.507871,5.465211,"material damage only","4","clear",false,1,"GM0995"
"20230064459",2023,"Dodelijk",2,"Personenauto","Fiets","Flank","Kruispunt, 4 takken",30,"Niet brandend","Daglicht","Droog",\N,\N,"Veldkampsweg","Denekamp","Dinkelland","Overijssel",false,52.379231,7.003318,"fatal","1","clear",false,1,"GM1774"
"20230068793",2023,"Uitsluitend materiele schade",1,"Fiets",\N,"Onbekend",\N,60,\N,"Daglicht",\N,\N,"134274022","Scheitweekseweg","Oostvoorne","Voorne aan Zee","Zuid-Holland",false,51.916913,4.120144,"material damage only","4","unknown",false,1,"GM1992"
"20230003350",2023,"Uitsluitend materiele schade",2,"Bestelauto","Fiets","Flank","Kruispunt, 3 takken",50,"Niet brandend","Daglicht","Regen",\N,\N,"Industrieweg","Den Helder","Den Helder","Noord-Holland",false,52.943582,4.76896,"material damage only","4","rain",false,1,"GM0400"
"20230005370",2023,"Letsel",2,"Personenauto","e-bike","Flank","Kruispunt, 4 takken",30,"Niet brandend","Daglicht","Regen",\N,\N,"Plesmanlaan","'s-Gravenhage","'s-Gravenhage","Zuid-Holland",false,52.038593,4.365225,"injury","2","rain",false,1,"GM0518"
"20230006133",2023,"Uitsluitend materiele schade",2,"Personenauto","Fiets","Flank","Kruispunt, 4 takken",50,"Brandend","Duisternis","Droog",\N,\N,"Beneluxbaan","Amstelveen","Amstelveen","Noord-Holland",false,52.303116,4.873259,"material damage only","4","clear",false,1,"GM0362"
"20230066635",2023,"Uitsluitend materiele schade",2,"Bromfiets","Fiets","Flank","Rechte weg",50,"Niet brandend","Daglicht","Droog",\N,\N,"Neuweg","Hilversum","Hilversum","Noord-Holland",false,52.215926,5.171737,"material damage only","4","clear",false,1,"GM0402"
"20230002053",2023,"Uitsluitend materiele schade",3,"Personenauto","Fiets","Los voorwerp","Rechte weg",15,"Niet brandend","Daglicht","Droog",\N,"485377022","Martenastate","Almelo","Almelo","Overijssel",false,52.37956,6.674171,"material damage only","4","clear",false,1,"GM0141"
"20230006426",2023,"Uitsluitend materiele schade",2,"Fiets","Personenauto","Geparkeerd voertuig","Rechte weg",30,"Niet brandend","Daglicht","Droog",\N,"224253020","Waalstraat","Sliedrecht","Sliedrecht","Zuid-Holland",false,51.827446,4.770443,"material damage only","4","clear",false,1,"GM0610"
"20230039977",2023,"Letsel",1,"Fiets",\N,"Eenzijdig",\N,50,\N,"Daglicht",\N,\N,"600906766","Segbroeklaan","'s-Gravenhage","'s-Gravenhage","Zuid-Holland",false,52.081895,4.26948,"injury","2","unknown",false,1,"GM0518"
"20230040137",2023,"Letsel",1,"Fiets",\N,"Eenzijdig",\N,30,\N,"Daglicht",\N,\N,"187328002","MAREPOORTSBRUG","Leiden","Leiden","Zuid-Holland",false,52.164298,4.489433,"injury","2","unknown",false,1,"GM0546"
"20230004506",2023,"Uitsluitend materiele schade",2,"Bromfiets","Fiets","Onbekend","Bocht",30,"Niet brandend","Daglicht","Regen",\N,"600579592","Prins Hendrikkade","Amsterdam","Amsterdam","Noord-Holland",false,52.378652,4.896979,"material damage only","4","rain",false,1,"GM0363"
"20230004736",2023,"Uitsluitend materiele schade",2,"Bromfiets","Fiets","Flank","Rechte weg",30,"Niet brandend","Daglicht","Droog",\N,"600774287","Schellinkhouterdijk","Hoorn","Hoorn","Noord-Holland",false,52.642818,5.079443,"material damage only","4","clear",false,1,"GM0405"
"20230006455",2023,"Letsel",2,"Fiets","Fiets","Flank","Rechte weg",50,"Niet brandend","Daglicht","Droog",\N,"170276038","Churchillweg","Schiedam","Schiedam","Zuid-Holland",false,51.925934,4.37616,"injury","2","clear",false,1,"GM0606"
"20230007919",2023,"Uitsluitend materiele schade",2,"Fiets","Personenauto","Flank","Rechte weg",50,"Niet brandend","Daglicht","Droog",\N,"225200183","Vlaszak","Breda","Breda","Noord-Brabant",false,51.589133,4.780476,"material damage only","4","clear",false,1,"GM0758"
"20230004994",2023,"Uitsluitend materiele schade",2,"Personenauto","Fiets","Flank","Kruispunt, 4 takken",50,"Niet brandend","Daglicht","Droog",\N,\N,"Slachthuisstraat","'s-Gravenhage","'s-Gravenhage","Zuid-Holland",false,52.063954,4.324258,"material damage only","4","clear",false,1,"GM0518"
"20230005469",2023,"Letsel",1,"Fiets",\N,"Eenzijdig","Rechte weg",60,"Niet brandend","Daglicht","Droog",\N,"163286053","Zouteveenseweg","Schipluiden","Midden-Delfland","Zuid-Holland",false,51.968959,4.323214,"injury","2","clear",false,1,"GM1842"
"20230083842",2023,"Dodelijk",2,"Personenauto","Fiets","Flank","Rechte weg",80,"Niet brandend","Daglicht","Droog",\N,\N,"Westerbosweg","Exloo","Borger-Odoorn","Drenthe",false,52.883482,6.839831,"fatal","1","clear",false,1,"GM1681"
"20230060863",2023,"Letsel",1,"Fiets",\N,"Eenzijdig",\N,\N,\N,"Daglicht",\N,\N,"189282029","Berliozlaan","Rotterdam","Rotterdam","Zuid-Holland",false,51.958581,4.511441,"injury","2","unknown",false,1,"GM0599"
"20230006019",2023,"Letsel",2,"Fiets","Fiets","Onbekend","Rechte weg",30,"Niet brandend","Daglicht","Harde windstoten",\N,"176307060","Pijlstaartplein","'s-Gravenhage","'s-Gravenhage","Zuid-Holland",false,52.067119,4.41541,"injury","2","unknown",false,1,"GM0518"
"20230005797",2023,"Letsel",2,"Personenauto","Fiets","Onbekend","Kruispunt, 4 takken",50,"Niet brandend","Daglicht","Droog",\N,\N,"Hildebrandstraat","'s-Gravenhage","'s-Gravenhage","Zuid-Holland",false,52.05574,4.311784,"injury","2","clear",false,1,"GM0518"
"20230006066",2023,"Letsel",2,"Personenauto","Fiets","Flank","Rotonde",50,"Niet brandend","Daglicht","Droog",\N,\N,"Zeesluisweg","'s-Gravenhage","'s-Gravenhage","Zuid-Holland",false,52.101379,4.273777,"injury","2","clear",false,1,"GM0518"
"20230012769",2023,"Uitsluitend materiele schade",2,"Personenauto","Fiets","Flank","Rechte weg",30,"Niet brandend","Daglicht","Regen",\N,"348291019","Molenstraat","Bennekom","Ede","Gelderland",false,52.000653,5.668494,"material damage only","4","rain",false,1,"GM0228"
"20230012317",2023,"Letsel",2,"Bromfiets","Fiets","Flank","Rechte weg",30,"Niet brandend","Daglicht","Droog",\N,"600835296","Ubbergseweg","Nijmegen","Nijmegen","Gelderland",false,51.842305,5.886499,"injury","2","clear",false,1,"GM0268"
"20230037184",2023,"Uitsluitend materiele schade",2,"Personenauto","Fiets","Flank","Kruispunt, 4 takken",50,"Niet brandend","Daglicht","Droog",\N,\N,"Amersfoortsestraatweg","Bussum","Gooise Meren","Noord-Holland",false,52.278103,5.184305,"material damage only","4","clear",false,1,"GM1942"
"20240037453",2024,"Letsel",2,"Bestelauto","Fiets","Kop/staart","Rechte weg",50,"Niet brandend","Daglicht","Regen",\N,"450443003","Hoofdstraat","Zuidwolde","De Wolden","Drenthe",false,52.676116,6.428664,"injury","2","rain",false,1,"GM1690"
"20240015045",2024,"Letsel",2,"Fiets","Fiets","Onbekend",\N,50,\N,"Duisternis",\N,\N,"600283890","Weth Hoogendijk-Tunnel","Krimpen aan den IJssel","Krimpen aan den IJssel","Zuid-Holland",false,51.912425,4.588004,"injury","2","unknown",false,1,"GM0542"
"20240000120",2024,"Letsel",2,"Fiets",\N,"Flank","Kruispunt, 4 takken",50,"Niet brandend","Daglicht","Droog",\N,\N,"Burg Kerstenslaan","Breda","Breda","Noord-Brabant",false,51.56681,4.775966,"injury","2","clear",false,1,"GM0758"
"20240037340",2024,"Letsel",1,"Fiets",\N,"Eenzijdig","Kruispunt, 4 takken",50,"Niet brandend","Daglicht","Droog",\N,\N,"Tolhuisweg","Midlaren","Tynaarlo","Drenthe",false,53.111311,6.670396,"injury","2","clear",false,1,"GM1730"
"20240043236",2024,"Letsel",1,"Fiets",\N,"Onbekend","Rechte weg",30,"Niet brandend","Daglicht","Droog",\N,"209303070","Brederolaan","Waddinxveen","Waddinxveen","Zuid-Holland",false,52.054445,4.653898,"injury","2","clear",false,1,"GM0627"
"20240027965",2024,"Letsel",2,"e-bike",\N,"Flank","Kruispunt, 3 takken",50,"Niet brandend","Daglicht","Regen",\N,\N,"Biezenwade","Nieuwegein","Nieuwegein","Utrecht",false,52.046305,5.117263,"injury","2","rain",false,1,"GM0356"
"20240032511",2024,"Uitsluitend materiele schade",2,"Personenauto","Fiets","Flank","Rotonde",30,"Niet aanwezig","Daglicht","Regen",\N,\N,"Boterdorpseweg","Berkel en Rodenrijs","Lansingerland","Zuid-Holland",false,51.989612,4.478881,"material damage only","4","rain",false,1,"GM1621"
"20240039305",2024,"Uitsluitend materiele schade",1,"Fiets",\N,"Eenzijdig","Kruispunt, 4 takken",50,"Niet brandend","Daglicht","Droog",\N,\N,"Marchantstraat","Apeldoorn","Apeldoorn","Gelderland",false,52.193642,5.982453,"material damage only","4","clear",false,1,"GM0200"
"20240009280",2024,"Uitsluitend materiele schade",2,"Vrachtauto","Fiets","Los voorwerp","Rechte weg",60,"Niet aanwezig","Daglicht","Droog",\N,"387569004","Bûtefjild","Feanwâlden","Dantumadiel","Friesland",false,53.251135,5.975564,"material damage only","4","clear",false,1,"GM1891"
"20240034693",2024,"Uitsluitend materiele schade",2,"Personenauto","Fiets","Frontaal","Rotonde",50,"Niet brandend","Daglicht","Droog",\N,\N,"Dr. Nolenslaan","Sittard","Sittard-Geleen","Limburg",false,51.009639,5.874276,"material damage only","4","clear",false,1,"GM1883"
"20240020743",2024,"Uitsluitend materiele schade",2,"Personenauto","Fiets","Flank","Kruispunt, 3 takken",50,"Niet brandend","Daglicht","Droog",\N,\N,"Noordwal","'s-Gravenhage","'s-Gravenhage","Zuid-Holland",false,52.077772,4.298359,"material damage only","4","clear",false,1,"GM0518"
"20240017332",2024,"Letsel",2,"Personenauto","Fiets","Frontaal","Kruispunt, 3 takken",50,"Niet brandend","Daglicht","Droog",\N,\N,"Tuunterstraat","Winterswijk","Winterswijk","Gelderland",false,51.971416,6.713751,"injury","2","clear",false,1,"GM0294"
"20240019567",2024,"Uitsluitend materiele schade",2,"Personenauto","Fiets","Flank","Rechte weg",80,"Niet brandend","Daglicht","Droog",\N,"600946859","Driebergsestraatweg","Doorn","Utrechtse Heuvelrug","Utrecht",false,52.036962,5.318454,"material damage only","4","clear",false,1,"GM1581"
"20240020612",2024,"Letsel",2,"Fiets","Overig vast object","Vast voorwerp","Rechte weg",50,"Niet brandend","Daglicht","Droog",\N,"154311021","Nieboerweg","'s-Gravenhage","'s-Gravenhage","Zuid-Holland",false,52.088054,4.258932,"injury","2","clear",false,1,"GM0518"
"20240020049",2024,"Uitsluitend materiele schade",2,"Onbekend voertuig i.g.v. doorrijder","Fiets","Flank","Rotonde",30,"Niet brandend","Daglicht","Droog",\N,\N,"Mr. Troelstralaan","Barneveld","Barneveld","Gelderland",false,52.145505,5.577075,"material damage only","4","clear",false,1,"GM0203"
"20240020370",2024,"Letsel",2,"Personenauto","Fiets","Flank","Kruispunt, 4 takken",50,"Brandend","Duisternis","Regen",\N,\N,"LAGE RIJNDIJK","Leiderdorp","Leiderdorp","Zuid-Holland",false,52.161174,4.515142,"injury","2","rain",false,1,"GM0547"
"20240034940",2024,"Letsel",2,"Personenauto","Fiets","Los voorwerp","Rechte weg",50,"Niet brandend","Daglicht","Droog","Parkeervoorziening","395140055","Kaupmanshof","Helden","Peel en Maas","Limburg",false,51.319386,5.999518,"injury","2","clear",false,1,"GM1894"
"20240035227",2024,"Letsel",2,"Bromfiets","Fiets","Flank","Kruispunt, 4 takken",30,"Niet brandend","Daglicht","Droog",\N,\N,"Albers Pistoriusstraat","Aarle-Rixtel","Laarbeek","Noord-Brabant",false,51.512595,5.651265,"injury","2","clear",false,1,"GM1659"
"20240028140",2024,"Uitsluitend materiele schade",2,"Personenauto","Fiets","Flank","Rotonde",50,"Niet brandend","Daglicht","Droog",\N,\N,"Hoofdweg","Hoofddorp","Haarlemmermeer","Noord-Holland",false,52.305595,4.692906,"material damage only","4","clear",false,1,"GM0394"
"20240043149",2024,"Letsel",1,"Fiets",\N,"Onbekend","Rechte weg",\N,"Niet brandend","Daglicht","Droog",\N,"191329085","Engelendaal","Leiderdorp","Leiderdorp","Zuid-Holland",false,52.168586,4.521293,"injury","2","clear",false,1,"GM0547"
"20220174478",2022,"Letsel",2,"Fiets","Fiets","Flank","Kruispunt, 3 takken",50,"Niet brandend","Daglicht","Droog",\N,\N,"Zanddijk","Julianadorp","Den Helder","Noord-Holland",false,52.896222,4.718219,"injury","2","clear",false,1,"GM0400"
"20220178389",2022,"Letsel",2,"Fiets","Overig vast object","Vast voorwerp","Kruispunt, 3 takken",\N,"Niet brandend","Daglicht","Droog",\N,\N,"Rijn en Schiekade","Leiden","Leiden","Zuid-Holland",false,52.150541,4.483451,"injury","2","clear",false,1,"GM0546"
"20220120515",2022,"Uitsluitend materiele schade",2,"Personenauto","Fiets","Los voorwerp","Kruispunt, 3 takken",60,"Niet brandend","Daglicht","Droog",\N,\N,"Zuwe","Kortenhoef","Wijdemeren","Noord-Holland",false,52.228363,5.077515,"material damage only","4","clear",false,1,"GM1696"
"20220124447",2022,"Letsel",2,"Fiets","Overig vast object","Vast voorwerp","Rechte weg",50,"Brandend","Duisternis","Droog",\N,"600535682","Oude Haagweg","'s-Gravenhage","'s-Gravenhage","Zuid-Holland",false,52.06487,4.264406,"injury","2","clear",false,1,"GM0518"
"20220153596",2022,"Uitsluitend materiele schade",2,"Personenauto","Fiets","Flank","Rechte weg",50,"Niet brandend","Daglicht","Droog",\N,"286321015","Bilderdijklaan","Bilthoven","De Bilt","Utrecht",false,52.134582,5.217523,"material damage only","4","clear",false,1,"GM0310"
"20220120523",2022,"Letsel",1,"Fiets",\N,"Eenzijdig","Rechte weg",\N,"Niet brandend","Daglicht","Droog",\N,"297379018","Gerrit Schultepad","Almere","Almere","Flevoland",false,52.395197,5.298356,"injury","2","clear",false,1,"GM0034"
"20220120573",2022,"Letsel",2,"Fiets","Fiets","Onbekend","Rechte weg",30,"Brandend","Duisternis","Droog",\N,"253293028","Oranje-Nassaustraat","Benschop","Lopik","Utrecht",false,52.008054,4.978585,"injury","2","clear",false,1,"GM0331"
"20220124514",2022,"Letsel",1,"Fiets",\N,"Eenzijdig","Rechte weg",50,"Niet brandend","Daglicht","Droog",\N,"178331002","Kooltuinweg","Valkenburg","Katwijk","Zuid-Holland",false,52.17696,4.430835,"injury","2","clear",false,1,"GM0537"
"20220151762",2022,"Letsel",2,"Bromfiets","Fiets","Frontaal","Bocht",30,"Niet aanwezig","Daglicht","Droog",\N,"438565007","Oude Wijk","Niekerk","Westerkwartier","Groningen",false,53.227063,6.348957,"injury","2","clear",false,1,"GM1969"
"20220151792",2022,"Uitsluitend materiele schade",2,"Fiets","Bus","Frontaal","Rechte weg",50,"Niet brandend","Daglicht","Droog",\N,"513469060","Stationsplein","Emmen","Emmen","Drenthe",false,52.790499,6.899029,"material damage only","4","clear",false,1,"GM0114"
"20220154869",2022,"Letsel",1,"Fiets",\N,"Eenzijdig","Rechte weg",50,"Niet brandend","Daglicht","Droog",\N,"218439065","Bergerweg","Bergen (NH)","Bergen (NH)","Noord-Holland",false,52.662612,4.713107,"injury","2","clear",false,1,\N
"20220161298",2022,"Uitsluitend materiele schade",2,"Bromfiets","Fiets","Flank","Rechte weg",50,"Niet brandend","Daglicht","Droog",\N,"463565034","Friesestraatweg","Groningen","Groningen","Groningen",false,53.223692,6.537108,"material damage only","4","clear",false,1,"GM0014"
"20220161300",2022,"Letsel",1,"Fiets",\N,"Eenzijdig","Kruispunt, 3 takken",30,"Niet brandend","Daglicht","Droog",\N,\N,"Oude Ebbingestraat","Groningen","Groningen","Groningen",false,53.220251,6.56648,"injury","2","clear",false,1,"GM0014"
"20220167092",2022,"Letsel",2,"Personenauto","Fiets","Flank","Kruispunt, 4 takken",50,"Niet brandend","Daglicht",\N,\N,\N,"Loostraat","Huissen","Lingewaard","Gelderland",false,51.941371,5.928824,"injury","2","unknown",false,1,"GM1705"
"20220173338",2022,"Uitsluitend materiele schade",2,"Fiets","Personenauto","Los voorwerp","Kruispunt, 3 takken",30,"Niet aanwezig","Daglicht",\N,\N,\N,"Cattenbroekerlaan","Woerden","Woerden","Utrecht",false,52.091852,4.903486,"material damage only","4","unknown",false,1,"GM0632"
"20220178082",2022,"Uitsluitend materiele schade",1,"Fiets",\N,"Onbekend","Rechte weg",50,"Niet brandend","Daglicht","Droog",\N,"247370091","Linnaeusstraat","Amsterdam","Amsterdam","Noord-Holland",false,52.356081,4.927731,"material damage only","4","clear",false,1,"GM0363"
"20220187169",2022,"Uitsluitend materiele schade",2,"Personenauto","Fiets","Kop/staart","Rechte weg",30,"Niet brandend","Daglicht","Droog",\N,"102183103","Oostsingel","Goes","Goes","Zeeland",false,51.506361,3.891606,"material damage only","4","clear",false,1,"GM0664"
"20220121985",2022,"Letsel",2,"Fiets","Personenauto","Flank","Kruispunt, 4 takken",50,"Niet brandend","Daglicht","Droog",\N,\N,"Oudegracht","Alkmaar","Alkmaar","Noord-Holland",false,52.627759,4.752331,"injury","2","clear",false,1,"GM0361"
"20220126749",2022,"Uitsluitend materiele schade",2,"Personenauto","Fiets","Flank","Kruispunt, 4 takken",50,"Niet brandend","Daglicht","Droog",\N,\N,"Fahrenheitstraat","'s-Gravenhage","'s-Gravenhage","Zuid-Holland",false,52.06962,4.279472,"material damage only","4","clear",false,1,"GM0518"
"20220130890",2022,"Uitsluitend materiele schade",3,"Personenauto","Fiets","Onbekend","Kruispunt, 4 takken",30,"Niet brandend","Daglicht","Droog",\N,\N,"Margrietlaan","Helmond","Helmond","Noord-Brabant",false,51.477862,5.673887,"material damage only","4","clear",false,1,"GM0794"
"20220136048",2022,"Letsel",2,"Bestelauto","e-bike","Flank","Rotonde",50,"Niet brandend","Daglicht","Droog",\N,\N,"Waterweg","Nunspeet","Nunspeet","Gelderland",false,52.374862,5.769812,"injury","2","clear",false,1,"GM0302"
"20220156298",2022,"Letsel",2,"Bromfiets","Fiets","Kop/staart","Rechte weg",80,"Niet brandend","Daglicht","Droog",\N,"600662922","Kesterse Wei","Maasdijk","Westland","Zuid-Holland",false,51.970353,4.216111,"injury","2","clear",false,1,"GM1783"
"20220156303",2022,"Letsel",1,"e-bike",\N,"Eenzijdig","Kruispunt, 4 takken",30,"Niet brandend","Daglicht","Droog",\N,\N,"Engelendaal","Leiderdorp","Leiderdorp","Zuid-Holland",false,52.1659,4.525135,"injury","2","clear",false,1,"GM0547"
"20220177546",2022,"Uitsluitend materiele schade",1,"Fiets",\N,"Voetganger","Rechte weg",50,"Niet brandend","Daglicht","Droog",\N,"600405890","Sarphatipark","Amsterdam","Amsterdam","Noord-Holland",false,52.353226,4.894568,"material damage only","4","clear",false,1,"GM0363"
"20220177581",2022,"Uitsluitend materiele schade",2,"Personenauto","e-bike","Flank","Kruispunt, 4 takken",50,"Niet brandend","Daglicht","Droog",\N,\N,"Heemstedestraat","Amsterdam","Amsterdam","Noord-Holland",false,52.351457,4.840801,"material damage only","4","clear",false,1,"GM0363"
"20220187203",2022,"Letsel",2,"Personenauto","e-bike","Flank","Kruispunt, 4 takken",50,"Niet brandend","Daglicht","Droog",\N,\N,"Bellamystraat","Terneuzen","Terneuzen","Zeeland",false,51.320016,3.847686,"injury","2","clear",false,1,"GM0715"
"20220187214",2022,"Uitsluitend materiele schade",2,"Fiets","Personenauto","Kop/staart","Kruispunt, 3 takken",50,"Niet brandend","Daglicht","Regen",\N,\N,"v.d.Spiegelstraat","Goes","Goes","Zeeland",false,51.499806,3.892546,"material damage only","4","rain",false,1,"GM0664"
"20220115017",2022,"Uitsluitend materiele schade",1,"Fiets",\N,"Eenzijdig","Kruispunt, 3 takken",50,"Niet brandend","Daglicht","Droog",\N,\N,"Edisonstraat","Harlingen","Harlingen","Friesland",false,53.180591,5.452358,"material damage only","4","clear",false,1,"GM0072"
"20220125942",2022,"Letsel",2,"Personenauto","Fiets","Flank","Kruispunt, 4 takken",50,"Niet brandend","Daglicht","Droog",\N,\N,"Isingstraat","'s-Gravenhage","'s-Gravenhage","Zuid-Holland",false,52.060948,4.322511,"injury","2","clear",false,1,"GM0518"
"20220143588",2022,"Uitsluitend materiele schade",2,"Snorfiets","Fiets","Flank","Kruispunt, 4 takken",50,"Niet brandend","Daglicht","Droog",\N,\N,"Van Zeggelenlaan","'s-Gravenhage","'s-Gravenhage","Zuid-Holland",false,52.056484,4.315529,"material damage only","4","clear",false,1,"GM0518"
"20220149515",2022,"Letsel",2,"Bromfiets","Fiets","Frontaal","Rechte weg",30,"Niet brandend","Daglicht","Droog","Tunnel","360162007","Marialaan","Ommel","Asten","Noord-Brabant",false,51.418261,5.749822,"injury","2","clear",false,1,"GM0743"
"20220150757",2022,"Uitsluitend materiele schade",4,"Bromfiets","Fiets","Flank","Kruispunt, 3 takken",30,"Niet brandend","Daglicht","Droog",\N,\N,"Aesculaapstraat","Maastricht","Maastricht","Limburg",false,50.850999,5.66457,"material damage only","4","clear",false,1,"GM0935"
"20220169799",2022,"Letsel",3,"Fiets","Fiets","Onbekend","Kruispunt, 4 takken",50,"Niet brandend","Daglicht","Droog",\N,\N,"Zwolseweg","Deventer","Deventer","Overijssel",false,52.263294,6.145048,"injury","2","clear",false,1,"GM0150"
"20220185995",2022,"Uitsluitend materiele schade",2,"Personenauto","Fiets","Flank","Kruispunt, 4 takken",50,"Niet brandend","Daglicht","Droog",\N,\N,"Franz Lisztstraat","Tilburg","Tilburg","Noord-Brabant",false,51.582312,5.082617,"material damage only","4","clear",false,1,"GM0855"
"20220122223",2022,"Uitsluitend materiele schade",2,"Personenauto","Fiets","Frontaal","Kruispunt, 3 takken",30,"Niet brandend","Schemer","Droog",\N,\N,"Dwingel","De Goorn","Koggenland","Noord-Holland",false,52.627639,4.94568,"material damage only","4","clear",false,1,"GM1598"
"20220129499",2022,"Letsel",2,"Personenauto","Fiets","Flank","Kruispunt, 3 takken",30,"Niet brandend","Daglicht","Droog",\N,\N,"Kommerstraat","Hilvarenbeek","Hilvarenbeek","Noord-Brabant",false,51.513105,5.124157,"injury","2","clear",false,1,"GM0798"
"20220136137",2022,"Letsel",2,"Personenauto","Fiets","Flank","Kruispunt, 3 takken",50,"Niet brandend","Daglicht","Droog",\N,\N,"Hasselerbaan","Hengelo","Hengelo (O)","Overijssel",false,52.275453,6.823321,"injury","2","clear",false,1,\N
"20220146724",2022,"Uitsluitend materiele schade",2,"Bromfiets","Fiets","Flank","Rechte weg",30,"Brandend","Duisternis","Droog",\N,"600418066","Van Oldenbarneveltstraat","Rotterdam","Rotterdam","Zuid-Holland",false,51.918833,4.472936,"material damage only","4","clear",false,1,"GM0599"
"20220149552",2022,"Uitsluitend materiele schade",2,"Personenauto","Fiets","Flank","Kruispunt, 3 takken",30,"Niet brandend","Daglicht","Droog",\N,\N,"Don Boscostraat","Eindhoven","Eindhoven","Noord-Brabant",false,51.434961,5.475616,"material damage only","4","clear",false,1,"GM0772"
"20220157458",2022,"Letsel",2,"Bromfiets","Fiets","Onbekend","Kruispunt, 4 takken",50,"Niet brandend","Daglicht","Droog",\N,\N,"Rochussenstraat","Rotterdam","Rotterdam","Zuid-Holland",false,51.909592,4.457194,"injury","2","clear",false,1,"GM0599"
"20220160251",2022,"Letsel",1,"Fiets",\N,"Eenzijdig",\N,60,\N,"Daglicht",\N,\N,"600784637","Loverensestraat","Cromvoirt","Vught","Noord-Brabant",false,51.653592,5.235446,"injury","2","unknown",false,1,"GM0865"
"20220173533",2022,"Letsel",2,"Fiets","Voetganger","Voetganger","Rechte weg",50,"Niet brandend","Daglicht","Droog",\N,"269299034","Herenstraat","Nieuwegein","Nieuwegein","Utrecht",false,52.037173,5.094669,"injury","2","clear",false,1,"GM0356"
"20220198346",2022,"Letsel",2,"Bestelauto","Fiets","Flank","Rotonde",50,"Niet brandend","Daglicht","Droog",\N,\N,"Klaphekweg","Ede","Ede","Gelderland",false,52.038621,5.649992,"injury","2","clear",false,1,"GM0228"
"20220128459",2022,"Letsel",2,"Personenauto","Fiets","Flank","Kruispunt, 3 takken",50,"Niet brandend","Daglicht","Droog",\N,\N,"Weeskinderendijk","Dordrecht","Dordrecht","Zuid-Holland",false,51.809014,4.651321,"injury","2","clear",false,1,"GM0505"
"20220131183",2022,"Uitsluitend materiele schade",3,"e-bike","Fiets","Vast voorwerp","Rechte weg",50,"Niet brandend","Daglicht","Droog",\N,"600986178","Oirschotseweg","Best","Best","Noord-Brabant",false,51.509734,5.38296,"material damage only","4","clear",false,1,"GM0753"
"20220155083",2022,"Uitsluitend materiele schade",2,"Fiets","Personenauto","Flank","Rechte weg",50,"Niet brandend","Daglicht","Droog",\N,"192374016","Thorbeckestraat","Zandvoort","Zandvoort","Noord-Holland",false,52.371741,4.525763,"material damage only","4","clear",false,1,"GM0473"
"20220116989",2022,"Uitsluitend materiele schade",2,"Personenauto","Fiets","Flank","Kruispunt, 4 takken",50,"Niet brandend","Daglicht","Droog",\N,\N,"Hessenweg","Hardenberg","Hardenberg","Overijssel",false,52.573724,6.602772,"material damage only","4","clear",false,1,"GM0160"
"20220119398",2022,"Uitsluitend materiele schade",2,"Personenauto","Fiets","Frontaal","Rotonde",50,"Niet brandend","Daglicht",\N,\N,\N,"Bastionstraat","Zwolle","Zwolle","Overijssel",false,52.524083,6.06423,"material damage only","4","unknown",false,1,"GM0193"