"accident_id","year","severity_raw","party_count","party1_type","party2_type","accident_type","road_situation","speed_limit_kmh","road_lighting","light_condition_label","weather_raw","infra_type","road_segment_id","street_name","place_name","gemeente_name_raw","province","alcohol_indicated","latitude","longitude","severity_label","severity_code","weather_label","built_up_area","cyclists_involved","gemeente_code"
"20240043880",2024,"Letsel",3,"Fiets","Fiets","Onbekend",\N,60,\N,"Daglicht",\N,\N,"600458449","Heugemerweg","Cadier en Keer","Eijsden-Margraten","Limburg",false,50.826534,5.747805,"injury","2","unknown",false,1,"GM1903"
"20240046732",2024,"Uitsluitend materiele schade",1,"Fiets",\N,"Onbekend","Rechte weg",50,"Niet brandend","Daglicht","Droog",\N,"501352114","Willemstraat","Hengelo","Hengelo (O)","Overijssel",false,52.264592,6.788642,"material damage only","4","clear",false,1,\N
"20240083673",2024,"Letsel",1,"Fiets",\N,"Onbekend","Rechte weg",50,"Niet brandend","Daglicht","Droog",\N,"600802581","Neckerspoel","Eindhoven","Eindhoven","Noord-Brabant",false,51.444516,5.479511,"injury","2","clear",false,1,"GM0772"
"20240085548",2024,"Uitsluitend materiele schade",2,"Personenauto","Fiets","Frontaal","Rechte weg",30,"Niet brandend","Daglicht","Droog",\N,"408403083","Pioenstraat","Zwolle","Zwolle","Overijssel",false,52.499911,6.11078,"material damage only","4","clear",false,1,"GM0193"
"20240087557",2024,"Uitsluitend materiele schade",2,"Personenauto","Fiets","Flank","Kruispunt, 3 takken",30,"Niet brandend","Daglicht","Droog",\N,\N,"Magnoliasingel","Woudenberg","Woudenberg","Utrecht",false,52.081048,5.43237,"material damage only","4","clear",false,1,"GM0351"
"20240092468",2024,"Uitsluitend materiele schade",2,"Personenauto","Fiets","Kop/staart","Rechte weg",50,"Niet brandend","Daglicht","Droog",\N,"298223006","Zuid Willemsvaart","'s-Hertogenbosch","'s-Hertogenbosch","Noord-Brabant",false,51.694035,5.302141,"material damage only","4","clear",false,1,"GM0796"
"20240092699",2024,"Uitsluitend materiele schade",2,\N,"Fiets","Los voorwerp","Kruispunt, 3 takken",50,"Niet aanwezig","Daglicht","Droog","Brug/viaduct",\N,"Stationsplein","Helmond","Helmond","Noord-Brabant",false,51.475899,5.660508,"material damage only","4","clear",false,1,"GM0794"
"20240094255",2024,"Dodelijk",1,"e-bike",\N,"Eenzijdig","Rechte weg",80,"Brandend","Duisternis","Droog",\N,"600635885","FIETSPAD","Beekbergen","Apeldoorn","Gelderland",false,52.150733,5.961061,"fatal","1","clear",false,1,"GM0200"
"20240071579",2024,"Letsel",2,"Fiets","Overig vast object","Vast voorwerp","Rechte weg",30,"Niet aanwezig","Daglicht","Droog",\N,"138294005","'t Louwtje","'s-Gravenzande","Westland","Zuid-Holland",false,52.004038,4.138515,"injury","2","clear",false,1,"GM1783"
"20240086989",2024,"Letsel",2,"Landbouwvoertuig","Fiets","Flank","Rechte weg",30,"Niet brandend","Daglicht","Droog",\N,"600170956","Dorp","Benschop","Lopik","Utrecht",false,52.006875,4.969107,"injury","2","clear",false,1,"GM0331"
"20240088245",2024,"Uitsluitend materiele schade",2,"Fiets","Fiets","Frontaal","Rechte weg",\N,"Niet brandend","Daglicht","Droog",\N,\N,"Christoffel Plantijnpad","Amsterdam","Amsterdam","Noord-Holland",false,52.36053,4.820242,"material damage only","4","clear",false,1,"GM0363"
"20240089602",2024,"Letsel",4,"Fiets","Personenauto","Onbekend","Rechte weg",30,"Niet brandend","Daglicht","Droog",\N,"600200493","Lange Muiderweg","Weesp","Amsterdam","Noord-Holland",false,52.316102,5.057595,"injury","2","clear",false,1,"GM0363"
"20240098642",2024,"Uitsluitend materiele schade",2,"Personenauto","Fiets","Flank","Rotonde",50,"Niet brandend","Daglicht","Droog",\N,\N,"Zuiderzeeweg","Amsterdam","Amsterdam","Noord-Holland",false,52.382349,4.970546,"material damage only","4","clear",false,1,"GM0363"
"20240078069",2024,"Letsel",3,"Personenauto","Fiets","Frontaal","Rechte weg",50,"Niet brandend","Daglicht","Droog",\N,"377249003","Sionsweg","Nijmegen","Nijmegen","Gelderland",false,51.809872,5.878158,"injury","2","clear",false,1,"GM0268"
"20240083124",2024,"Uitsluitend materiele schade",2,"Personenauto","Fiets","Onbekend",\N,30,\N,"Daglicht",\N,\N,"247189020","Bisschop de Vetplein","Gilze","Gilze en Rijen","Noord-Brabant",false,51.542094,4.940066,"material damage only","4","unknown",false,1,"GM0784"
"20240085684",2024,"Uitsluitend materiele schade",1,"Fiets",\N,"Voetganger","Rechte weg",50,"Niet brandend","Daglicht","Droog",\N,\N,"Van Wevelinckhovenplein","Hardenberg","Hardenberg","Overijssel",false,52.57637,6.620339,"material damage only","4","clear",false,1,"GM0160"
"20240094370",2024,"Uitsluitend materiele schade",2,"Personenauto","Fiets","Frontaal","Rechte weg",50,"Niet brandend","Daglicht","Droog",\N,"520466009","Stadionweg","Emmen","Emmen","Drenthe",false,52.77556,6.942612,"material damage only","4","clear",false,1,"GM0114"
"20240102464",2024,"Uitsluitend materiele schade",2,"Personenauto","Fiets","Flank","Kruispunt, 4 takken",30,"Niet brandend","Daglicht","Droog",\N,\N,"Zeelsterstraat","Eindhoven","Eindhoven","Noord-Brabant",false,51.437332,5.44051,"material damage only","4","clear",false,1,"GM0772"
"20240079322",2024,"Letsel",1,"Fiets",\N,"Eenzijdig","Rechte weg",30,"Niet brandend","Daglicht","Droog",\N,"239375037","2e Hugo de Grootstraat","Amsterdam","Amsterdam","Noord-Holland",false,52.375183,4.870621,"injury","2","clear",false,1,"GM0363"
"20240082507",2024,"Uitsluitend materiele schade",1,"Fiets",\N,"Eenzijdig","Rechte weg",50,"Brandend","Duisternis","Droog",\N,"600523802","Rijksweg Noord","Belfeld","Venlo","Limburg",false,51.326654,6.122554,"material damage only","4","clear",false,1,"GM0983"
"20240086369",2024,"Letsel",2,"Bromfiets","Fiets","Flank","Rechte weg",30,"Niet brandend","Daglicht","Droog",\N,"274309051","Tolsteegsingel","Utrecht","Utrecht","Utrecht",false,52.081095,5.125037,"injury","2","clear",false,1,"GM0344"
"20240089655",2024,"Letsel",2,"Personenauto","Fiets","Flank","Rotonde",50,"Niet brandend","Daglicht","Droog",\N,\N,"Sportlaan","Amstelveen","Amstelveen","Noord-Holland",false,52.290798,4.854714,"injury","2","clear",false,1,"GM0362"
"20240093662",2024,"Uitsluitend materiele schade",2,"Fiets","Fiets","Kop/staart","Rechte weg",30,"Niet brandend","Schemer","Droog","Tunnel","404407101","Industrieweg","Zwolle","Zwolle","Overijssel",false,52.519456,6.081841,"material damage only","4","clear",false,1,"GM0193"
"20240094850",2024,"Letsel",2,"Personenauto","Fiets","Kop/staart","Rechte weg",50,"Niet brandend","Daglicht","Droog",\N,\N,"Binnenhof","Almelo","Almelo","Overijssel",false,52.378369,6.677489,"injury","2","clear",false,1,"GM0141"
"20240103142",2024,"Uitsluitend materiele schade",2,"Snorfiets","Fiets","Frontaal","Kruispunt, 4 takken",30,"Brandend","Duisternis","Droog",\N,\N,"Noordweg","Middelburg","Middelburg","Zeeland",false,51.508234,3.607416,"material damage only","4","clear",false,1,\N
"20240103314",2024,"Uitsluitend materiele schade",2,"Bromfiets","Fiets","Onbekend","Kruispunt, 4 takken",50,"Niet brandend","Daglicht","Droog",\N,\N,"Vierwindenlaan","Tilburg","Tilburg","Noord-Brabant",false,51.5568,5.055441,"material damage only","4","clear",false,1,"GM0855"
"20240087752",2024,"Uitsluitend materiele schade",2,"Personenauto","Fiets","Flank","Kruispunt, 4 takken",50,"Niet brandend","Daglicht","Droog",\N,\N,"Busserweg","Nijmegen","Nijmegen","Gelderland",false,51.821921,5.835011,"material damage only","4","clear",false,1,"GM0268"
"20240094075",2024,"Uitsluitend materiele schade",2,"Personenauto","Fiets","Flank","Rotonde",50,"Niet brandend","Daglicht","Droog",\N,\N,"Oostweg","Enschede","Enschede","Overijssel",false,52.214034,6.938818,"material damage only","4","clear",false,1,"GM0153"
"20240094456",2024,"Uitsluitend materiele schade",2,"Personenauto","Fiets","Flank","Rechte weg",50,"Niet brandend","Daglicht","Droog",\N,"327265040","Zandstraat","Beneden-Leeuwen","West Maas en Waal","Gelderland",false,51.881279,5.511408,"material damage only","4","clear",false,1,"GM0668"
"20240046302",2024,"Letsel",2,"Fiets","Overig vast object","Vast voorwerp","Rechte weg",50,"Niet brandend","Daglicht","Droog",\N,"410261102","Transeedijk","Lobith","Zevenaar","Gelderland",false,51.862871,6.120144,"injury","2","clear",false,1,"GM0299"
"20240084569",2024,"Letsel",1,"Fiets",\N,"Eenzijdig","Bocht",15,"Niet aanwezig","Daglicht","Droog",\N,"344351008","GRIETEWEG","Ermelo","Ermelo","Gelderland",false,52.272713,5.642472,"injury","2","clear",false,1,"GM0233"
"20240087133",2024,"Uitsluitend materiele schade",2,"Personenauto","Fiets","Flank","Rechte weg",30,"Niet brandend","Daglicht","Droog",\N,"600371246","Veemarkt","Hoorn","Hoorn","Noord-Holland",false,52.643915,5.054024,"material damage only","4","clear",false,1,"GM0405"
"20240088425",2024,"Letsel",2,"Snorfiets","Fiets","Flank","Rechte weg",50,"Niet aanwezig","Daglicht","Droog",\N,"601178677","Elandstraat","'s-Gravenhage","'s-Gravenhage","Zuid-Holland",false,52.080058,4.295752,"injury","2","clear",false,1,"GM0518"
"20240094951",2024,"Letsel",2,"Personenauto","Fiets","Flank","Rechte weg",60,"Niet aanwezig","Daglicht","Droog",\N,"412258001","Spijksedijk","Spijk","Zevenaar","Gelderland",false,51.851784,6.129908,"injury","2","clear",false,1,"GM0299"
"20240098974",2024,"Letsel",2,"Fiets","Fiets","Frontaal","Rechte weg",\N,"Niet brandend","Daglicht","Droog",\N,"209372067","Aziëweg","Haarlem","Haarlem","Noord-Holland",false,52.360207,4.652135,"injury","2","clear",false,1,"GM0392"
"20240100525",2024,"Letsel",2,"Fiets","Fiets","Frontaal","Rechte weg",50,"Niet brandend","Daglicht","Droog",\N,\N,"De Schouw","Spijkenisse","Nissewaard","Zuid-Holland",false,51.831746,4.336657,"injury","2","clear",false,1,"GM1930"
"20240044163",2024,"Uitsluitend materiele schade",2,"Bestelauto","Fiets","Frontaal","Rotonde",50,"Niet brandend","Daglicht","Regen",\N,\N,"Milaanstraat","'s-Hertogenbosch","'s-Hertogenbosch","Noord-Brabant",false,51.725967,5.29856,"material damage only","4","rain",false,1,"GM0796"
"20240087185",2024,"Letsel",1,"Fiets",\N,"Onbekend","Rechte weg",50,"Niet brandend","Daglicht","Droog",\N,\N,"Mies Bouwmanboulevard","Hilversum","Hilversum","Noord-Holland",false,52.244163,5.169293,"injury","2","clear",false,1,"GM0402"
"20240091702",2024,"Letsel",2,"Snorfiets","Fiets","Frontaal","Rotonde",50,"Niet brandend","Daglicht","Droog",\N,\N,"Kralingse Plaslaan","Rotterdam","Rotterdam","Zuid-Holland",false,51.927585,4.518741,"injury","2","clear",false,1,"GM0599"
"20240091708",2024,"Uitsluitend materiele schade",2,"Bromfiets","Fiets","Kop/staart","Rechte weg",50,"Niet brandend","Daglicht","Droog",\N,"600760821","Kreeksluisweg","Oosterhout","Oosterhout","Noord-Brabant",false,51.662011,4.87391,"material damage only","4","clear",false,1,"GM0826"
"20240095968",2024,"Letsel",2,"Fiets","Fiets","Onbekend","Rechte weg",15,"Niet brandend","Daglicht","Droog",\N,"210374049","Prins Bernhardlaan","Haarlem","Haarlem","Noord-Holland",false,52.371699,4.655278,"injury","2","clear",false,1,"GM0392"
"20240087220",2024,"Uitsluitend materiele schade",2,"Fiets","Los voorwerp","Los voorwerp","Kruispunt, 3 takken",50,"Niet brandend","Daglicht","Regen",\N,\N,"EMMABRUG","Nieuwegein","Nieuwegein","Utrecht",false,52.005326,5.091934,"material damage only","4","rain",false,1,"GM0356"
"20240087874",2024,"Uitsluitend materiele schade",2,"Personenauto","e-bike","Flank","Kruispunt, 3 takken",30,"Niet brandend","Daglicht","Droog",\N,\N,"Vossiusplein","Leiden","Leiden","Zuid-Holland",false,52.163459,4.472728,"material damage only","4","clear",false,1,"GM0546"
"20240088492",2024,"Letsel",2,"Personenauto","Fiets","Flank","Kruispunt, 3 takken",30,"Niet brandend","Daglicht","Droog",\N,\N,"Troelstralaan","Delft","Delft","Zuid-Holland",false,51.999597,4.353252,"injury","2","clear",false,1,"GM0503"
"20240088526",2024,"Letsel",1,"Fiets",\N,"Onbekend","Rechte weg",\N,"Niet brandend","Daglicht","Droog",\N,"600744127","Prins Bernhardlaan","Alphen aan den Rijn","Alphen aan den Rijn","Zuid-Holland",false,52.126036,4.658697,"injury","2","clear",false,1,"GM0484"
"20240096023",2024,"Uitsluitend materiele schade",2,"Personenauto","Fiets","Flank","Rechte weg",30,"Niet brandend","Daglicht","Droog",\N,\N,"Neuweg","Hilversum","Hilversum","Noord-Holland",false,52.220827,5.173832,"material damage only","4","clear",false,1,"GM0402"
"20240100264",2024,"Uitsluitend materiele schade",2,"Fiets","Bestelauto","Onbekend","Rechte weg",30,"Niet brandend","Daglicht","Droog",\N,\N,"Duyfrakplein","Valkenburg","Katwijk","Zuid-Holland",false,52.173705,4.442123,"material damage only","4","clear",false,1,"GM0537"
"20240102843",2024,"Uitsluitend materiele schade",2,"Personenauto","Fiets","Flank","Rotonde",50,"Niet brandend","Daglicht","Droog",\N,\N,"Enderakkers","Bergeijk","Bergeijk","Noord-Brabant",false,51.324418,5.378049,"material damage only","4","clear",false,1,"GM1724"
"20240047079",2024,"Uitsluitend materiele schade",2,"Personenauto","Fiets","Flank","Kruispunt, 3 takken",50,"Niet brandend","Daglicht","Droog",\N,\N,"Kroepsweg","de Lutte","Losser","Overijssel",false,52.314488,7.001381,"material damage only","4","clear",false,1,"GM0168"
"20240048813",2024,"Letsel",2,"Bromfiets","Fiets","Frontaal","Bocht",\N,"Niet brandend","Daglicht","Droog",\N,"600756894","Ringdijk 2e bedijking","Mijdrecht","De Ronde Venen","Utrecht",false,52.2158,4.823955,"injury","2","clear",false,1,"GM0736"
"20240049429",2024,"Letsel",2,"Personenauto","Fiets","Onbekend",\N,50,\N,"Daglicht",\N,\N,\N,"Bergleidingweg","Nijverdal","Hellendoorn","Overijssel",false,52.352819,6.478062,"injury","2","unknown",false,1,"GM0163"
"20240085918",2024,"Letsel",2,"Bestelauto","Fiets","Flank","Rechte weg",30,"Niet brandend","Daglicht","Droog",\N,"504522004","Meertensweg","Gieterveen","Aa en Hunze","Drenthe",false,53.028387,6.838607,"injury","2","clear",false,1,"GM1680"
"20240101123",2024,"Letsel",2,"Personenauto","Fiets","Flank","Kruispunt, 4 takken",50,"Niet brandend","Daglicht","Regen",\N,\N,"Van Geenstraat","'s-Gravenhage","'s-Gravenhage","Zuid-Holland",false,52.073348,4.293047,"injury","2","rain",false,1,"GM0518"
"20240101394",2024,"Uitsluitend materiele schade",1,"Fiets",\N,"Onbekend","Rechte weg",60,"Niet brandend","Duisternis","Droog",\N,"600815525","Broksteeg","Schaijk","Maashorst","Noord-Brabant",false,51.745754,5.645093,"material damage only","4","clear",false,1,"GM1991"
"20240046480",2024,"Letsel",2,"Personenauto","e-bike","Flank","Kruispunt, 3 takken",30,"Niet brandend","Daglicht","Droog",\N,\N,"Beukinkstraat","Enschede","Enschede","Overijssel",false,52.218483,6.902742,"injury","2","clear",false,1,"GM0153"
"20240072551",2024,"Letsel",1,"Fiets",\N,"Eenzijdig","Rechte weg",30,"Niet aanwezig","Daglicht","Droog",\N,"281229004","Hoge Maasdijk","Hedikhuizen","Heusden","Noord-Brabant",false,51.724428,5.184608,"injury","2","clear",false,1,"GM0797"
"20240075042",2024,"Letsel",2,"Personenauto","Fiets","Flank","Kruispunt, 4 takken",30,"Niet brandend","Daglicht","Droog",\N,\N,"Huygenslaan","Ermelo","Ermelo","Gelderland",false,52.307326,5.633374,"injury","2","clear",false,1,"GM0233"
"20240082065",2024,"Letsel",2,"Fiets","Voetganger","Voetganger","Rechte weg",50,"Niet brandend","Daglicht","Droog",\N,"161309179","Laan","'s-Gravenhage","'s-Gravenhage","Zuid-Holland",false,52.075872,4.307719,"injury","2","clear",false,1,"GM0518"
"20240091829",2024,"Letsel",3,"Personenauto","Fiets","Los voorwerp","Rechte weg",15,"Niet brandend","Daglicht",\N,\N,"350035045","Sint Annalaan","Maastricht","Maastricht","Limburg",false,50.849183,5.675181,"injury","2","unknown",false,1,"GM0935"
"20240097219",2024,"Uitsluitend materiele schade",2,"Bestelauto","Fiets","Flank","Rotonde",50,"Niet brandend","Daglicht","Regen",\N,\N,"Soestdijkerstraatweg","Hilversum","Hilversum","Noord-Holland",false,52.21278,5.198472,"material damage only","4","rain",false,1,"GM0402"
"20240045868",2024,"Uitsluitend materiele schade",2,"Personenauto","Fiets","Flank","Kruispunt, 3 takken",30,"Niet brandend","Daglicht","Droog",\N,\N,"Tadamastraat","Zutphen","Zutphen","Gelderland",false,52.136524,6.201121,"material damage only","4","clear",false,1,"GM0301"
"20240046504",2024,"Letsel",2,"Personenauto","Fiets","Kop/staart","Rechte weg",30,"Niet brandend","Daglicht","Droog",\N,"446269014","VWB HOGEWEG ROGGESTRAAT","Ulft","Oude IJsselstreek","Gelderland",false,51.896075,6.376184,"injury","2","clear",false,1,"GM1509"
"20240046507",2024,"Letsel",2,"Fiets","Fiets","Frontaal","Rechte weg",80,"Niet aanwezig","Duisternis","Droog",\N,"292597004","Hoofdweg","Hee","Terschelling","Friesland",false,53.375098,5.256969,"injury","2","clear",false,1,"GM0093"
"20240079602",2024,"Letsel",2,"Fiets","Fiets","Frontaal","Rechte weg",50,"Brandend","Duisternis","Droog",\N,"600757777","Legmeerdijk","Amstelveen","Amstelveen","Noord-Holland",false,52.291487,4.826821,"injury","2","clear",false,1,"GM0362"
"20240085362",2024,"Uitsluitend materiele schade",2,"Personenauto","Fiets","Onbekend","Rotonde",50,"Niet brandend","Daglicht","Droog",\N,\N,"Stationsstraat","Ermelo","Ermelo","Gelderland",false,52.300856,5.631552,"material damage only","4","clear",false,1,"GM0233"
"20240045924",2024,"Uitsluitend materiele schade",2,"Fiets","Fiets","Onbekend","Rechte weg",80,"Niet brandend","Daglicht","Droog",\N,"427378001","Wijheseweg","Raalte","Raalte","Overijssel",false,52.387429,6.253766,"material damage only","4","clear",false,1,"GM0177"
"20230050054",2023,"Letsel",2,"Personenauto","Fiets","Onbekend","Kruispunt, 4 takken",50,"Brandend","Schemer","Droog",\N,\N,"Olof Palmelaan","Zoetermeer","Zoetermeer","Zuid-Holland",false,52.052493,4.530199,"injury","2","clear",false,1,"GM0637"
"20230050081",2023,"Uitsluitend materiele schade",1,"Fiets",\N,"Eenzijdig","Rechte weg",30,"Niet brandend","Daglicht","Droog",\N,"187328149","Lange Mare","Leiden","Leiden","Zuid-Holland",false,52.1611,4.49058,"material damage only","4","clear",false,1,"GM0546"
"20230055310",2023,"Letsel",2,"Personenauto","Fiets","Flank","Kruispunt, 3 takken",60,"Niet brandend","Daglicht","Droog",\N,\N,"Nijlân","Gorredijk","Opsterland","Friesland",false,53.014226,6.073832,"injury","2","clear",false,1,"GM0086"
"20230059427",2023,"Uitsluitend materiele schade",2,"Bestelauto","Fiets","Flank","Kruispunt, 4 takken",50,"Niet brandend","Daglicht","Droog",\N,\N,"Zuiddijk","Zaandam","Zaanstad","Noord-Holland",false,52.43047,4.836827,"material damage only","4","clear",false,1,"GM0479"
"20230039595",2023,"Uitsluitend materiele schade",2,"Personenauto","Fiets","Onbekend","Kruispunt, 4 takken",50,"Niet brandend","Daglicht","Droog",\N,\N,"Transformatorweg","Amsterdam","Amsterdam","Noord-Holland",false,52.391714,4.846947,"material damage only","4","clear",false,1,"GM0363"
"20230044266",2023,"Letsel",2,"Personenauto","Fiets","Frontaal","Kruispunt, 3 takken",50,"Niet brandend","Daglicht","Droog",\N,\N,"Oldeneelallee","Zwolle","Zwolle","Overijssel",false,52.483709,6.110355,"injury","2","clear",false,1,"GM0193"
"20230059480",2023,"Letsel",2,"Fiets","Voetganger","Voetganger","Rechte weg",80,"Niet brandend","Daglicht","Droog",\N,"600582921","FIETSPAD","Amsterdam","Amsterdam","Noord-Holland",false,52.424822,4.99319,"injury","2","clear",false,1,"GM0363"
"20230037331",2023,"Uitsluitend materiele schade",2,"Motor","Fiets","Onbekend","Rechte weg",50,"Brandend","Duisternis","Droog",\N,"358449007","Zeeasterstraat","Emmeloord","Noordoostpolder","Flevoland",false,52.71052,5.748245,"material damage only","4","clear",false,1,"GM0171"
"20230057227",2023,"Uitsluitend materiele schade",2,"Personenauto","Fiets","Flank","Kruispunt, 3 takken",30,"Niet brandend","Daglicht","Droog",\N,\N,"Rhienderinklaan","Warnsveld","Zutphen","Gelderland",false,52.136621,6.232276,"material damage only","4","clear",false,1,"GM0301"
"20230057879",2023,"Uitsluitend materiele schade",2,"Personenauto","Fiets","Flank","Rechte weg",60,"Niet brandend","Daglicht",\N,\N,"436303001","Ruurloseweg","Hengelo (Gld)","Bronckhorst","Gelderland",false,52.052974,6.312659,"material damage only","4","unknown",false,1,"GM1876"
"20230058153",2023,"Letsel",2,"e-bike","Overig vast object","Vast voorwerp","Kruispunt, 4 takken",50,"Brandend","Daglicht",\N,\N,\N,"Nieuwendamlaan","'s-Gravenhage","'s-Gravenhage","Zuid-Holland",false,52.06206,4.264024,"injury","2","unknown",false,1,"GM0518"
"20230043129",2023,"Letsel",2,"Personenauto","Fiets","Flank","Rotonde",50,"Niet brandend","Daglicht","Droog",\N,\N,"Roessel","Bakel","Gemert-Bakel","Noord-Brabant",false,51.50299,5.749885,"injury","2","clear",false,1,"GM1652"
"20230046675",2023,"Uitsluitend materiele schade",3,"Fiets","Personenauto","Onbekend","Bocht",50,"Niet brandend","Daglicht","Droog",\N,"224431108","Bierkade","Alkmaar","Alkmaar","Noord-Holland",false,52.629161,4.755372,"material damage only","4","clear",false,1,"GM0361"
"20230056575",2023,"Letsel",3,"Bromfiets","Fiets","Frontaal","Bocht",50,"Niet brandend","Daglicht","Droog",\N,"600639709","Zwartewaterallee","Zwolle","Zwolle","Overijssel",false,52.524648,6.097028,"injury","2","clear",false,1,"GM0193"
"20230058181",2023,"Letsel",2,"Fiets","Fiets","Onbekend","Kruispunt, 3 takken",50,"Niet aanwezig","Duisternis","Droog",\N,\N,"Marnixstraat","Amsterdam","Amsterdam","Noord-Holland",false,52.368706,4.877971,"injury","2","clear",false,1,"GM0363"
"20230058798",2023,"Letsel",2,"Fiets","Fiets","Onbekend","Bocht",30,"Niet brandend","Daglicht","Droog",\N,"222308062","Reigeroord","Bodegraven","Bodegraven-Reeuwijk","Zuid-Holland",false,52.075278,4.747842,"injury","2","clear",false,1,"GM1901"
"20230060991",2023,"Letsel",2,"Personenauto","Fiets","Flank","Kruispunt, 4 takken",30,"Niet brandend","Daglicht","Droog",\N,\N,"Windkracht","Lisse","Lisse","Zuid-Holland",false,52.255229,4.566864,"injury","2","clear",false,1,"GM0553"
"20230045545",2023,"Letsel",2,"Personenauto","Fiets","Flank","Kruispunt, 4 takken",60,"Niet aanwezig","Daglicht","Droog",\N,\N,"Notterveldsweg","Notter","Wierden","Overijssel",false,52.34791,6.520351,"injury","2","clear",false,1,"GM0189"
"20230047879",2023,"Letsel",2,"Personenauto","Fiets","Frontaal","Kruispunt, 3 takken",30,"Niet brandend","Daglicht","Droog",\N,\N,"Faradaystraat","Haarlem","Haarlem","Noord-Holland",false,52.367301,4.609002,"injury","2","clear",false,1,"GM0392"
"20230052530",2023,"Letsel",2,"Personenauto","Fiets","Flank","Kruispunt, 4 takken",50,"Niet brandend","Daglicht","Droog",\N,\N,"Zwanensingel","Vlaardingen","Vlaardingen","Zuid-Holland",false,51.927864,4.363545,"injury","2","clear",false,1,"GM0622"
"20230056043",2023,"Uitsluitend materiele schade",2,"Bestelauto","Fiets","Voetganger","Kruispunt, 4 takken",30,"Niet brandend","Daglicht","Droog","Brug/viaduct",\N,"JAN PIETERSZOON COENBRUG","Utrecht","Utrecht","Utrecht",false,52.088804,5.098382,"material damage only","4","clear",false,1,"GM0344"
"20230058232",2023,"Letsel",2,"Personenauto","Fiets","Flank","Kruispunt, 3 takken",50,"Niet brandend","Daglicht","Droog",\N,\N,"Binckhorstlaan","'s-Gravenhage","'s-Gravenhage","Zuid-Holland",false,52.068023,4.338777,"injury","2","clear",false,1,"GM0518"
"20230044408",2023,"Letsel",2,"Fiets","Bestelauto","Eenzijdig","Rechte weg",\N,"Niet brandend","Daglicht","Droog",\N,"335302015","Hoofdweg","Ederveen","Ede","Gelderland",false,52.048549,5.57494,"injury","2","clear",false,1,"GM0228"
"20230053180",2023,"Uitsluitend materiele schade",2,"Bromfiets","Fiets","Flank","Rechte weg",50,"Niet brandend","Daglicht","Regen",\N,"267221039","Ambrosiusweg","Waalwijk","Waalwijk","Noord-Brabant",false,51.68707,5.083484,"material damage only","4","rain",false,1,"GM0867"
"20230054912",2023,"Uitsluitend materiele schade",2,"Personenauto","Fiets","Frontaal","Kruispunt, 4 takken",50,"Niet brandend","Daglicht","Regen",\N,\N,"Blaloweg","Zwolle","Zwolle","Overijssel",false,52.515757,6.073145,"material damage only","4","rain",false,1,"GM0193"
"20230058247",2023,"Letsel",2,"Personenauto","Fiets","Flank","Rechte weg",60,"Niet brandend","Daglicht","Droog",\N,"213307008","Middelburgseweg","Boskoop","Alphen aan den Rijn","Zuid-Holland",false,52.071375,4.685962,"injury","2","clear",false,1,"GM0484"
"20230059613",2023,"Letsel",2,"Bromfiets","Fiets","Frontaal","Rechte weg",30,"Niet brandend","Daglicht","Droog",\N,"245375024","De Ruijterkade","Amsterdam","Amsterdam","Noord-Holland",false,52.377618,4.907622,"injury","2","clear",false,1,"GM0363"
"20230059627",2023,"Uitsluitend materiele schade",2,"Personenauto","Fiets","Flank","Kruispunt, 4 takken",50,"Niet brandend","Daglicht","Droog","Brug/viaduct",\N,"Lisserdijk","Lisserbroek","Haarlemmermeer","Noord-Holland",false,52.255647,4.569393,"material damage only","4","clear",false,1,"GM0394"
"20240133061",2024,"Letsel",1,"Fiets",\N,"Onbekend","Rechte weg",30,"Niet brandend","Daglicht","Droog",\N,"600388390","Rijswijkseweg","'s-Gravenhage","'s-Gravenhage","Zuid-Holland",false,52.068493,4.327545,"injury","2","clear",false,1,"GM0518"
"20230064794",2023,"Uitsluitend materiele schade",2,"Personenauto","Fiets","Flank","Rechte weg",30,"Niet brandend","Daglicht","Droog",\N,"422323082","Warnsveldseweg","Zutphen","Zutphen","Gelderland",false,52.141705,6.208038,"material damage only","4","clear",false,1,"GM0301"
"20240133173",2024,"Uitsluitend materiele schade",2,"Personenauto","Fiets","Flank","Kruispunt, 4 takken",50,"Niet brandend","Daglicht","Droog",\N,\N,"J.H.A. Schaperlaan","Rijswijk","Rijswijk","Zuid-Holland",false,52.039952,4.321698,"material damage only","4","clear",false,1,\N
"20240133254",2024,"Letsel",1,"Fiets",\N,"Flank","Rechte weg",50,"Niet brandend","Daglicht","Droog",\N,"600561848","Scheveningseweg","'s-Gravenhage","'s-Gravenhage","Zuid-Holland",false,52.094556,4.2883,"injury","2","clear",false,1,"GM0518"
"20230037492",2023,"Uitsluitend materiele schade",2,"Snorfiets","Fiets","Onbekend","Kruispunt, 3 takken",30,"Niet brandend","Daglicht","Droog",\N,\N,"Spoorbaanpad","Almere","Almere","Flevoland",false,52.361097,5.176996,"material damage only","4","clear",false,1,"GM0034"
"20230038638",2023,"Uitsluitend materiele schade",2,"Personenauto","Fiets","Flank","Kruispunt, 4 takken",30,"Niet brandend","Daglicht","Droog",\N,\N,"2e Middellandstraat","Rotterdam","Rotterdam","Zuid-Holland",false,51.917782,4.457121,"material damage only","4","clear",false,1,"GM0599"