"accident_id","year","severity_raw","party_count","party1_type","party2_type","accident_type","road_situation","speed_limit_kmh","road_lighting","light_condition_label","weather_raw","infra_type","road_segment_id","street_name","place_name","gemeente_name_raw","province","alcohol_indicated","latitude","longitude","severity_label","severity_code","weather_label","built_up_area","cyclists_involved","gemeente_code"
"20230045604",2023,"Letsel",2,"Bestelauto","Fiets","Flank","Rechte weg",30,"Niet brandend","Daglicht","Droog",\N,"600817308","Haverlanden","Wageningen","Wageningen","Gelderland",false,51.977496,5.668529,"injury","2","clear",false,1,"GM0289"
"20230050294",2023,"Letsel",2,"e-bike","e-bike","Onbekend","Rechte weg",50,"Brandend","Duisternis","Droog",\N,"600764415","Spaklerweg","Amsterdam","Amsterdam","Noord-Holland",false,52.33389,4.922599,"injury","2","clear",false,1,"GM0363"
"20230058581",2023,"Uitsluitend materiele schade",2,"Personenauto","Fiets","Geparkeerd voertuig","Rechte weg",30,"Niet brandend","Daglicht","Droog",\N,"225402075","Zuiderhoofdstraat","Krommenie","Zaanstad","Noord-Holland",false,52.497094,4.767178,"material damage only","4","clear",false,1,"GM0479"
"20230058892",2023,"Letsel",2,"Fiets","Fiets","Onbekend","Rechte weg",50,"Niet aanwezig","Daglicht",\N,"Brug/viaduct","215317008","Steekterweg","Alphen aan den Rijn","Alphen aan den Rijn","Zuid-Holland",false,52.112155,4.708537,"injury","2","unknown",false,1,"GM0484"
"20240130950",2024,"Uitsluitend materiele schade",2,"Personenauto","Fiets","Flank","Rechte weg",50,"Niet brandend","Daglicht","Droog",\N,"232375020","Slotermeerlaan","Amsterdam","Amsterdam","Noord-Holland",false,52.376683,4.819781,"material damage only","4","clear",false,1,"GM0363"
"20240130966",2024,"Uitsluitend materiele schade",2,"Personenauto","Fiets","Flank","Rechte weg",30,"Niet aanwezig","Daglicht","Droog",\N,"248361109","De passage","Amsterdam","Amsterdam","Noord-Holland",false,52.313916,4.939824,"material damage only","4","clear",false,1,"GM0363"
"20240131007",2024,"Uitsluitend materiele schade",2,"Bromfiets","Fiets","Flank","Kruispunt, 4 takken",30,"Niet brandend","Daglicht","Droog",\N,\N,"KINKERBRUG 0266","Amsterdam","Amsterdam","Noord-Holland",false,52.364718,4.859796,"material damage only","4","clear",false,1,"GM0363"
"20230048634",2023,"Letsel",1,"Fiets",\N,"Eenzijdig","Rechte weg",50,"Niet aanwezig","Duisternis","Droog",\N,"600180141","Middenweg","Lisse","Lisse","Zuid-Holland",false,52.236049,4.554246,"injury","2","clear",false,1,"GM0553"
"20230051484",2023,"Letsel",2,"Personenauto","Fiets","Flank","Kruispunt, 3 takken",30,"Niet brandend","Daglicht","Droog",\N,\N,"Oude Schoolstraat","Drunen","Heusden","Noord-Brabant",false,51.687162,5.125644,"injury","2","clear",false,1,"GM0797"
"20230064099",2023,"Uitsluitend materiele schade",2,"Personenauto","Fiets","Flank","Kruispunt, 4 takken",30,"Niet brandend","Daglicht","Droog",\N,\N,"Adelaarslaan","Apeldoorn","Apeldoorn","Gelderland",false,52.200193,5.965511,"material damage only","4","clear",false,1,"GM0200"
"20230064861",2023,"Letsel",3,"Personenauto","Fiets","Onbekend","Kruispunt, 4 takken",30,"Niet brandend","Daglicht","Droog",\N,\N,"J R Zeemanstraat","IJzendoorn","Neder-Betuwe","Gelderland",false,51.906214,5.533061,"injury","2","clear",false,1,"GM1740"
"20240129373",2024,"Uitsluitend materiele schade",3,"Fiets","Motor","Frontaal","Kruispunt, 3 takken",30,"Brandend","Duisternis","Droog","Brug/viaduct",\N,"Tolsteegsingel","Utrecht","Utrecht","Utrecht",false,52.084275,5.128454,"material damage only","4","clear",false,1,"GM0344"
"20230038136",2023,"Uitsluitend materiele schade",2,"e-bike","Personenauto","Onbekend","Kruispunt, 4 takken",50,\N,"Daglicht","Droog",\N,\N,"Stadsring","Amersfoort","Amersfoort","Utrecht",false,52.15557,5.383742,"material damage only","4","clear",false,1,"GM0307"
"20230046864",2023,"Letsel",1,"Fiets",\N,"Eenzijdig","Rechte weg",60,"Niet aanwezig","Daglicht","Droog",\N,"238416005","Westdijk","Westbeemster","Purmerend","Noord-Holland",false,52.568529,4.863286,"injury","2","clear",false,1,"GM0439"
"20230049233",2023,"Letsel",1,"Fiets",\N,"Eenzijdig","Rechte weg",60,\N,"Daglicht","Droog",\N,"231288003","Oost-Vlisterdijk","Vlist","Krimpenerwaard","Zuid-Holland",false,51.978427,4.820897,"injury","2","clear",false,1,"GM1931"
"20240127625",2024,"Letsel",2,"Personenauto","Fiets","Onbekend","Rechte weg",50,"Niet brandend","Daglicht","Droog",\N,"491286073","Parallelweg","Winterswijk","Winterswijk","Gelderland",false,51.969043,6.710363,"injury","2","clear",false,1,"GM0294"
"20230038190",2023,"Letsel",2,"Snorfiets","Fiets","Flank","Kruispunt, 3 takken",50,"Niet brandend","Daglicht","Droog",\N,\N,"Eykmanlaan","Utrecht","Utrecht","Utrecht",false,52.112314,5.13675,"injury","2","clear",false,1,"GM0344"
"20230040481",2023,"Letsel",2,"Bestelauto","Fiets","Flank","Kruispunt, 3 takken",50,"Niet aanwezig","Daglicht","Droog",\N,\N,"Rokkeveenseweg","Zoetermeer","Zoetermeer","Zuid-Holland",false,52.04743,4.503583,"injury","2","clear",false,1,"GM0637"
"20230042784",2023,"Uitsluitend materiele schade",2,"Personenauto","Fiets","Voetganger","Kruispunt, 4 takken",100,"Niet brandend","Daglicht","Droog",\N,\N,"BERGEN OP ZOOM-ZUID 29","Bergen op Zoom","Bergen op Zoom","Noord-Brabant",false,51.480097,4.313892,"material damage only","4","clear",false,1,"GM0748"
"20230050388",2023,"Letsel",2,"Fiets","Fiets","Onbekend","Rechte weg",50,"Niet brandend","Daglicht","Droog",\N,"169308095","Parkweg","Voorburg","Leidschendam-Voorburg","Zuid-Holland",false,52.071489,4.366465,"injury","2","clear",false,1,"GM1916"
"20240133660",2024,"Letsel",1,"Fiets",\N,"Onbekend","Bocht",50,"Niet brandend","Daglicht","Droog",\N,"186328004","Blauwpoortsbrug","Leiden","Leiden","Zuid-Holland",false,52.161798,4.485131,"injury","2","clear",false,1,"GM0546"
"20240127537",2024,"Letsel",1,"Fiets",\N,"Eenzijdig","Rechte weg",50,"Niet brandend","Daglicht","Droog",\N,"389264036","Langstraat","Gendt","Lingewaard","Gelderland",false,51.879068,5.965756,"injury","2","clear",false,1,"GM1705"
"20230066212",2023,"Letsel",1,"Fiets",\N,"Eenzijdig","Rechte weg",50,"Niet brandend","Daglicht","Droog",\N,"189306031","Violiervaart","Zoetermeer","Zoetermeer","Zuid-Holland",false,52.06434,4.506017,"injury","2","clear",false,1,"GM0637"
"20230038809",2023,"Letsel",2,"Fiets","Snorfiets","Flank","Rechte weg",50,"Niet brandend","Daglicht","Droog",\N,"600360618","1e Middellandstraat","Rotterdam","Rotterdam","Zuid-Holland",false,51.918485,4.459724,"injury","2","clear",false,1,"GM0599"
"20230039347",2023,"Letsel",2,"Personenauto","Fiets","Flank","Rotonde",50,"Niet brandend","Daglicht","Droog",\N,\N,"Australiëlaan","Alphen aan den Rijn","Alphen aan den Rijn","Zuid-Holland",false,52.125985,4.652992,"injury","2","clear",false,1,"GM0484"
"20230064975",2023,"Letsel",2,"Personenauto","Fiets","Flank","Kruispunt, 3 takken",80,"Niet brandend","Daglicht","Droog",\N,\N,"Meijersgaardenweg","Haaksbergen","Haaksbergen","Overijssel",false,52.146794,6.80032,"injury","2","clear",false,1,"GM0158"
"20230065445",2023,"Letsel",3,"Fiets","Personenauto","Onbekend","Rechte weg",60,"Niet brandend","Daglicht","Droog",\N,"600878296","Woudbloemlaan","Woudbloem","Midden-Groningen","Groningen",false,53.218339,6.740858,"injury","2","clear",false,1,"GM1952"
"20240127475",2024,"Letsel",2,"Personenauto","Fiets","Flank","Kruispunt, 4 takken",50,"Niet brandend","Daglicht","Droog",\N,\N,"Groesbeekseweg","Nijmegen","Nijmegen","Gelderland",false,51.840502,5.861533,"injury","2","clear",false,1,"GM0268"
"20240127767",2024,"Letsel",2,"Fiets","Bestelauto","Flank","Rotonde",50,"Niet brandend","Daglicht","Droog",\N,\N,"Koninginneweg","Hoevelaken","Nijkerk","Gelderland",false,52.173688,5.445346,"injury","2","clear",false,1,"GM0267"
"20240127879",2024,"Letsel",2,"Fiets","Fiets","Frontaal","Rechte weg",30,"Niet brandend","Daglicht","Droog","Tunnel","601075344","Vosdijk","Arnhem","Arnhem","Gelderland",false,51.982108,5.931485,"injury","2","clear",false,1,"GM0202"
"20240127894",2024,"Letsel",2,"Bus","Fiets","Onbekend","Rechte weg",50,"Niet brandend","Daglicht","Droog",\N,\N,"FIETSPAD","Groningen","Groningen","Groningen",false,53.209065,6.5495,"injury","2","clear",false,1,"GM0014"
"20230065771",2023,"Uitsluitend materiele schade",2,"Personenauto","Fiets","Flank","Rotonde",50,"Niet brandend","Daglicht","Droog",\N,\N,"Stationslaan","Wijchen","Wijchen","Gelderland",false,51.810779,5.729709,"material damage only","4","clear",false,1,"GM0296"
"20230045795",2023,"Uitsluitend materiele schade",2,"Fiets","Fiets","Kop/staart","Rechte weg",50,"Niet brandend","Daglicht","Droog",\N,"600485544","Parkweg","Enschede","Enschede","Overijssel",false,52.220898,6.876509,"material damage only","4","clear",false,1,"GM0153"
"20230046978",2023,"Letsel",2,"Fiets","e-bike","Flank","Kruispunt, 4 takken",30,"Niet brandend","Daglicht","Droog",\N,\N,"Overweerse polderdijk","Purmerend","Purmerend","Noord-Holland",false,52.515737,4.956265,"injury","2","clear",false,1,"GM0439"
"20230053399",2023,"Letsel",2,"Fiets","Personenauto","Flank","Rechte weg",50,"Niet brandend","Daglicht","Droog",\N,"284197033","Gemullehoekenweg","Oisterwijk","Oisterwijk","Noord-Brabant",false,51.578176,5.205039,"injury","2","clear",false,1,"GM0824"
"20230054544",2023,"Letsel",2,"Personenauto","Fiets","Frontaal","Kruispunt, 4 takken",50,"Niet aanwezig","Daglicht","Droog",\N,\N,"Scalahof","Schinnen","Beekdaelen","Limburg",true,50.942291,5.887618,"injury","2","clear",false,1,"GM1954"
"20230065014",2023,"Letsel",2,"Personenauto","e-bike","Flank","Kruispunt, 3 takken",30,"Niet brandend","Daglicht","Droog",\N,\N,"Elferinksweg","Enschede","Enschede","Overijssel",false,52.213767,6.863665,"injury","2","clear",false,1,"GM0153"
"20240128298",2024,"Uitsluitend materiele schade",2,"Fiets","Personenauto","Onbekend","Kruispunt, 4 takken",30,\N,"Daglicht","Droog",\N,\N,"Zuidkade","Drachten","Smallingerland","Friesland",false,53.106834,6.100983,"material damage only","4","clear",false,1,"GM0090"
"20240129070",2024,"Letsel",2,"Personenauto","Fiets","Onbekend","Rotonde",50,"Niet brandend","Daglicht","Droog",\N,\N,"Leyenseweg","Bilthoven","De Bilt","Utrecht",false,52.126051,5.195404,"injury","2","clear",false,1,"GM0310"
"20230041155",2023,"Uitsluitend materiele schade",2,"Fiets","Personenauto","Flank","Kruispunt, 3 takken",50,"Niet aanwezig","Daglicht","Droog",\N,\N,"Hulsterweg","Geldrop","Geldrop-Mierlo","Noord-Brabant",false,51.424804,5.545848,"material damage only","4","clear",false,1,"GM1771"
"20230041715",2023,"Uitsluitend materiele schade",1,"Fiets",\N,"Onbekend","Rechte weg",30,"Niet brandend","Daglicht","Droog",\N,"600797924","Mgr. Smetsstraat","Valkenswaard","Valkenswaard","Noord-Brabant",false,51.344459,5.428563,"material damage only","4","clear",false,1,"GM0858"
"20230044685",2023,"Uitsluitend materiele schade",2,"Fiets","Personenauto","Flank","Kruispunt, 4 takken",50,"Niet brandend","Daglicht","Droog",\N,\N,"Waldadrift","Bedum","Het Hogeland","Groningen",false,53.294412,6.60578,"material damage only","4","clear",false,1,"GM1966"
"20230052858",2023,"Uitsluitend materiele schade",2,"Fiets","Personenauto","Flank","Kruispunt, 3 takken",50,"Niet brandend","Daglicht","Droog",\N,\N,"Blokshekken","Oisterwijk","Oisterwijk","Noord-Brabant",false,51.580607,5.189371,"material damage only","4","clear",false,1,"GM0824"
"20230053444",2023,"Letsel",2,"Bestelauto","Fiets","Eenzijdig","Kruispunt, 3 takken",50,"Niet brandend","Daglicht","Droog",\N,\N,"Langemeer","Kaatsheuvel","Loon op Zand","Noord-Brabant",false,51.656594,5.03257,"injury","2","clear",false,1,"GM0809"
"20230053445",2023,"Letsel",1,"Fiets",\N,"Eenzijdig","Rechte weg",30,"Brandend","Duisternis","Droog",\N,"63179106","Statenlaan","Middelburg","Middelburg","Zeeland",false,51.485565,3.613441,"injury","2","clear",false,1,\N
"20230065850",2023,"Letsel",1,"Fiets",\N,"Eenzijdig","Rechte weg",80,"Niet brandend","Daglicht","Droog",\N,"491588021","Wijmersweg","Loppersum","Eemsdelta","Groningen",false,53.325238,6.755242,"injury","2","clear",false,1,"GM1979"
"20240128569",2024,"Uitsluitend materiele schade",2,"Bestelauto","Fiets","Los voorwerp","Rechte weg",30,"Niet aanwezig","Daglicht","Droog",\N,"345521065","Waterhoenstraat","Sneek","Súdwest-Fryslân","Friesland",false,53.03436,5.652992,"material damage only","4","clear",false,1,"GM1900"
"20240128572",2024,"Uitsluitend materiele schade",2,"Personenauto","Fiets","Onbekend","Rechte weg",30,"Niet brandend","Daglicht","Droog",\N,"600873249","Rijksstraatweg","Haren Gn","Groningen","Groningen",false,53.170906,6.60604,"material damage only","4","clear",false,1,"GM0014"
"20240129349",2024,"Dodelijk",2,"Bestelauto","Fiets","Onbekend","Rotonde",30,"Niet brandend","Daglicht","Droog",\N,\N,"Prinses Irenelaan","Bussum","Gooise Meren","Noord-Holland",false,52.272733,5.145371,"fatal","1","clear",false,1,"GM1942"
"20240129362",2024,"Uitsluitend materiele schade",2,"Fiets","Fiets","Onbekend","Bocht",30,"Niet brandend","Daglicht","Regen",\N,"233317014","Eikenlaan","Zegveld","Woerden","Utrecht",false,52.116348,4.830627,"material damage only","4","rain",false,1,"GM0632"
"20230040035",2023,"Letsel",1,"Fiets",\N,"Eenzijdig","Rotonde",50,"Niet brandend","Daglicht","Droog",\N,\N,"Steekterweg","Alphen aan den Rijn","Alphen aan den Rijn","Zuid-Holland",false,52.117133,4.680771,"injury","2","clear",false,1,"GM0484"
"20230040044",2023,"Letsel",2,"Bromfiets","Fiets","Onbekend","Rechte weg",60,"Niet brandend","Daglicht","Droog",\N,"600728148","Gooweg","Noordwijkerhout","Noordwijk","Zuid-Holland",false,52.248911,4.472702,"injury","2","clear",false,1,"GM0575"
"20230046464",2023,"Letsel",2,"Personenauto","Fiets","Flank","Kruispunt, 3 takken",60,"Niet brandend","Daglicht","Droog",\N,\N,"Achterdijk","Bunnik","Bunnik","Utrecht",false,52.061512,5.172986,"injury","2","clear",false,1,"GM0312"
"20230047631",2023,"Letsel",2,"Personenauto","Fiets","Onbekend","Kruispunt, 3 takken",50,"Niet brandend","Daglicht","Droog",\N,\N,"Breudijk","Harmelen","Woerden","Utrecht",false,52.099194,4.942493,"injury","2","clear",false,1,"GM0632"
"20230048856",2023,"Uitsluitend materiele schade",2,"Bromfiets","e-bike","Flank","Kruispunt, 4 takken",30,"Niet brandend","Daglicht","Droog",\N,\N,"Derde Oosterparkstraat","Amsterdam","Amsterdam","Noord-Holland",false,52.356846,4.918052,"material damage only","4","clear",false,1,"GM0363"
"20230056945",2023,"Letsel",2,"Bromfiets","Fiets","Flank","Kruispunt, 4 takken",30,"Brandend","Duisternis","Droog",\N,\N,"Fetterstraat","Zutphen","Zutphen","Gelderland",false,52.129689,6.222597,"injury","2","clear",false,1,"GM0301"
"20230037779",2023,"Uitsluitend materiele schade",3,"Vrachtauto","Fiets","Onbekend","Rechte weg",50,"Brandend","Daglicht","Droog",\N,"272312055","Lange Viestraat","Utrecht","Utrecht","Utrecht",false,52.093247,5.115667,"material damage only","4","clear",false,1,"GM0344"
"20230045324",2023,"Letsel",1,"Fiets",\N,"Eenzijdig","Rechte weg",60,"Niet aanwezig","Daglicht","Droog",\N,"530371002","Nijenhaerweg","Beuningen","Losser","Overijssel",false,52.347336,7.007256,"injury","2","clear",false,1,"GM0168"
"20230055802",2023,"Letsel",2,"Fiets","Fiets","Onbekend","Rechte weg",50,"Niet brandend","Daglicht","Droog",\N,"469563079","Griffeweg","Groningen","Groningen","Groningen",false,53.215022,6.579799,"injury","2","clear",false,1,"GM0014"
"20240128980",2024,"Letsel",2,"Fiets","Personenauto","Flank","Rotonde",50,"Brandend","Duisternis","Regen",\N,\N,"Stationsweg","Wolvega","Weststellingwerf","Friesland",false,52.8779,6.006828,"injury","2","rain",false,1,"GM0098"
"20240130226",2024,"Letsel",2,"Fiets","Snorfiets","Kop/staart","Rechte weg",30,"Niet brandend","Daglicht","Droog","Brug/viaduct","600936513","Brinkenpad","Hoogland","Amersfoort","Utrecht",false,52.194683,5.383219,"injury","2","clear",false,1,"GM0307"
"20240130924",2024,"Uitsluitend materiele schade",2,"Personenauto","Fiets","Kop/staart","Kruispunt, 4 takken",50,"Niet brandend","Daglicht","Droog",\N,\N,"Metiusgracht","Alkmaar","Alkmaar","Noord-Holland",false,52.628187,4.73997,"material damage only","4","clear",false,1,"GM0361"
"20230037823",2023,"Uitsluitend materiele schade",2,"Personenauto","Fiets","Flank","Rechte weg",60,"Niet aanwezig","Daglicht","Droog",\N,"264281001","Merwedekade","Vianen","Vijfheerenlanden","Utrecht",false,51.957377,5.056668,"material damage only","4","clear",false,1,"GM1961"
"20230043593",2023,"Uitsluitend materiele schade",2,"Personenauto","Fiets","Flank","Kruispunt, 4 takken",30,"Niet brandend","Daglicht","Droog",\N,\N,"Marjolein","Venray","Venray","Limburg",false,51.535384,5.997166,"material damage only","4","clear",false,1,"GM0984"
"20230045946",2023,"Uitsluitend materiele schade",2,"Bromfiets","Fiets","Flank","Kruispunt, 3 takken",50,"Niet brandend","Daglicht","Droog",\N,\N,"FIETSPAD","Doetinchem","Doetinchem","Gelderland",false,51.965659,6.28405,"material damage only","4","clear",false,1,"GM0222"
"20230048916",2023,"Uitsluitend materiele schade",2,"Fiets","Personenauto","Onbekend","Kruispunt, 4 takken",50,"Niet brandend","Daglicht","Droog",\N,\N,"Wibautstraat","Amsterdam","Amsterdam","Noord-Holland",false,52.35751,4.910081,"material damage only","4","clear",false,1,"GM0363"
"20230051188",2023,"Letsel",2,"Personenauto","e-bike","Onbekend","Rotonde",50,"Niet brandend","Daglicht","Droog",\N,\N,"Laan van St. Hilaire","Zierikzee","Schouwen-Duiveland","Zeeland",false,51.652996,3.912276,"injury","2","clear",false,1,"GM1676"
"20230055858",2023,"Letsel",2,"Fiets","Fiets","Flank","Rechte weg",\N,"Niet brandend","Daglicht","Droog",\N,"470564006","Bornholmstraat","Groningen","Groningen","Groningen",false,53.219879,6.593154,"injury","2","clear",false,1,"GM0014"
"20230056993",2023,"Uitsluitend materiele schade",2,"Personenauto","Fiets","Kop/staart","Kruispunt, 3 takken",50,"Niet brandend","Daglicht",\N,\N,\N,"Pathmossingel","Enschede","Enschede","Overijssel",false,52.215994,6.877158,"material damage only","4","unknown",false,1,"GM0153"
"20230043017",2023,"Uitsluitend materiele schade",2,"Bromfiets","Fiets","Onbekend","Rechte weg",50,"Niet brandend","Daglicht","Droog",\N,"600791187","Bruistensingel","'s-Hertogenbosch","'s-Hertogenbosch","Noord-Brabant",false,51.701654,5.318947,"material damage only","4","clear",false,1,"GM0796"
"20220229517",2022,"Uitsluitend materiele schade",2,"Personenauto","e-bike","Kop/staart","Kruispunt, 4 takken",30,"Niet brandend","Daglicht","Droog",\N,\N,"Veghelsedijk","Uden","Maashorst","Noord-Brabant",false,51.65635,5.60693,"material damage only","4","clear",false,1,"GM1991"
"20220204626",2022,"Uitsluitend materiele schade",2,"Bromfiets","Fiets","Flank","Kruispunt, 3 takken",50,"Brandend","Duisternis","Regen",\N,\N,"Zeeasterstraat","Emmeloord","Noordoostpolder","Flevoland",false,52.710883,5.750243,"material damage only","4","rain",false,1,"GM0171"
"20220204651",2022,"Uitsluitend materiele schade",2,"Personenauto","Fiets","Onbekend","Kruispunt, 4 takken",\N,"Niet brandend","Daglicht","Droog",\N,\N,"Cesar Franckweg","Almere","Almere","Flevoland",false,52.366138,5.194424,"material damage only","4","clear",false,1,"GM0034"
"20220207379",2022,"Uitsluitend materiele schade",2,"Personenauto","Fiets","Flank","Kruispunt, 3 takken",50,"Niet brandend","Daglicht","Droog",\N,\N,"Maasweg","Hoorn","Hoorn","Noord-Holland",false,52.654483,5.087921,"material damage only","4","clear",false,1,"GM0405"
"20220209789",2022,"Letsel",1,"Fiets",\N,"Eenzijdig","Rechte weg",50,"Niet brandend","Daglicht","Droog",\N,"222396030","Dorpsstraat","Assendelft","Zaanstad","Noord-Holland",false,52.470748,4.743654,"injury","2","clear",false,1,"GM0479"
"20220221665",2022,"Letsel",2,"Bestelauto","Fiets","Flank","Rotonde",50,"Niet brandend","Daglicht","Droog",\N,\N,"Nassauweg","Dordrecht","Dordrecht","Zuid-Holland",false,51.801527,4.671654,"injury","2","clear",false,1,"GM0505"
"20220228858",2022,"Uitsluitend materiele schade",2,"Personenauto","Fiets","Flank",\N,50,"Brandend","Schemer","Regen",\N,\N,"Boterbloem","Boxmeer","Land van Cuijk","Noord-Brabant",false,51.658117,5.942644,"material damage only","4","rain",false,1,"GM1982"
"20220229550",2022,"Letsel",2,"Personenauto","Fiets","Flank","Kruispunt, 4 takken",50,"Brandend","Duisternis","Regen",\N,\N,"Bakelsedijk","Helmond","Helmond","Noord-Brabant",false,51.488461,5.689551,"injury","2","rain",false,1,"GM0794"
"20220198971",2022,"Uitsluitend materiele schade",2,"Fiets","Overig vast object","Vast voorwerp","Rechte weg",50,"Niet brandend","Daglicht","Droog",\N,"512343025","Lambertus Buddestraat","Enschede","Enschede","Overijssel",false,52.225752,6.868229,"material damage only","4","clear",false,1,"GM0153"
"20220203192",2022,"Uitsluitend materiele schade",1,"Fiets",\N,"Onbekend","Bocht",30,"Niet brandend","Daglicht","Droog",\N,"600776205","Leidseweg","Utrecht","Utrecht","Utrecht",false,52.08927,5.100996,"material damage only","4","clear",false,1,"GM0344"
"20220213679",2022,"Letsel",1,"Fiets",\N,"Eenzijdig",\N,\N,\N,"Duisternis",\N,\N,"600717718","Sint Maartenspad","Schipluiden","Midden-Delfland","Zuid-Holland",false,51.97434,4.322438,"injury","2","unknown",false,1,"GM1842"
"20220215244",2022,"Uitsluitend materiele schade",1,"Fiets",\N,"Flank","Rechte weg",\N,"Niet brandend","Daglicht","Droog",\N,"600717011","Plesmanweg","'s-Gravenhage","'s-Gravenhage","Zuid-Holland",false,52.098701,4.302514,"material damage only","4","clear",false,1,"GM0518"
"20220215247",2022,"Letsel",1,"Fiets",\N,"Eenzijdig","Rechte weg",50,"Niet brandend","Daglicht","Droog",\N,"168306009","Westeinde","Voorburg","Leidschendam-Voorburg","Zuid-Holland",false,52.064654,4.3588,"injury","2","clear",false,1,"GM1916"
"20220208297",2022,"Letsel",2,"Bromfiets","Fiets","Kop/staart","Rechte weg",50,\N,"Daglicht","Droog",\N,"600491440","Parallelweg","Schagen","Schagen","Noord-Holland",false,52.784761,4.79298,"injury","2","clear",false,1,"GM0441"
"20220210997",2022,"Uitsluitend materiele schade",3,"Personenauto","Fiets","Onbekend","Rechte weg",30,"Niet brandend","Daglicht","Droog",\N,"600362970","Westerstraat","Amsterdam","Amsterdam","Noord-Holland",false,52.37859,4.884059,"material damage only","4","clear",false,1,"GM0363"
"20220214598",2022,"Letsel",2,"Bromfiets","Fiets","Frontaal","Rechte weg",30,"Niet brandend","Daglicht","Droog",\N,"600639437","Prinses Beatrixlaan","Delft","Delft","Zuid-Holland",false,52.013275,4.338763,"injury","2","clear",false,1,"GM0503"
"20220220321",2022,"Letsel",2,"Fiets","Overig vast object","Vast voorwerp","Bocht",30,"Niet brandend","Daglicht","Droog",\N,"213267080","Lekdijk","Nieuw-Lekkerland","Molenlanden","Zuid-Holland",false,51.891811,4.692354,"injury","2","clear",false,1,"GM1978"
"20220211705",2022,"Uitsluitend materiele schade",3,"Personenauto","Fiets","Onbekend","Rechte weg",50,"Niet aanwezig","Daglicht","Droog",\N,\N,"Stationsplein","Amsterdam","Amsterdam","Noord-Holland",false,52.37694,4.903779,"material damage only","4","clear",false,1,"GM0363"
"20220212400",2022,"Uitsluitend materiele schade",3,"Personenauto","e-bike","Geparkeerd voertuig","Rechte weg",30,"Brandend","Duisternis","Droog","Parkeervoorziening","600759646","Bos en Lommerplantsoen","Amsterdam","Amsterdam","Noord-Holland",false,52.375703,4.846813,"material damage only","4","clear",false,1,"GM0363"
"20220216774",2022,"Letsel",1,"Fiets",\N,"Eenzijdig","Rechte weg",50,"Brandend","Duisternis","Droog",\N,"600553975","Oostsingel","Delft","Delft","Zuid-Holland",false,52.013701,4.365518,"injury","2","clear",false,1,"GM0503"
"20220218330",2022,"Letsel",1,"Fiets",\N,"Eenzijdig",\N,60,\N,"Daglicht",\N,\N,"600205194","Ommedijk","Schipluiden","Midden-Delfland","Zuid-Holland",false,51.996414,4.321165,"injury","2","unknown",false,1,"GM1842"
"20220225480",2022,"Uitsluitend materiele schade",2,"Personenauto","Fiets","Flank","Rechte weg",50,"Brandend","Duisternis","Droog",\N,"600726120","Van Beethovenlaan","Roosendaal","Roosendaal","Noord-Brabant",false,51.536501,4.468429,"material damage only","4","clear",false,1,"GM1674"
"20220200441",2022,"Uitsluitend materiele schade",2,"Personenauto","Fiets","Flank","Rechte weg",50,"Niet brandend","Daglicht","Droog",\N,"600817290","Kees Mulderweg","Wageningen","Wageningen","Gelderland",false,51.973345,5.665031,"material damage only","4","clear",false,1,"GM0289"
"20220202510",2022,"Uitsluitend materiele schade",2,"Fiets","Bestelauto","Flank","Rotonde",80,"Niet brandend","Daglicht","Droog",\N,\N,"FIETSPAD","Leersum","Utrechtse Heuvelrug","Utrecht",false,52.016736,5.414495,"material damage only","4","clear",false,1,"GM1581"
"20220206667",2022,"Uitsluitend materiele schade",2,"Bestelauto","Fiets","Onbekend","Kruispunt, 3 takken",30,"Niet brandend","Daglicht","Droog",\N,\N,"Kotterstraat","Alkmaar","Alkmaar","Noord-Holland",false,52.651631,4.763339,"material damage only","4","clear",false,1,"GM0361"
"20220208400",2022,"Letsel",1,"Fiets",\N,"Eenzijdig","Rechte weg",30,"Niet brandend","Duisternis","Droog",\N,"600162570","Parklaan","Haarlem","Haarlem","Noord-Holland",false,52.385497,4.640113,"injury","2","clear",false,1,"GM0392"
"20220209176",2022,"Uitsluitend materiele schade",2,"Fiets","Fiets","Frontaal","Rechte weg",\N,\N,"Duisternis",\N,\N,"600179746","Westeinde","Broek op Langedijk","Dijk en Waard","Noord-Holland",false,52.676807,4.802392,"material damage only","4","unknown",false,1,"GM1980"
"20220211069",2022,"Uitsluitend materiele schade",2,"Personenauto","Fiets","Frontaal","Rechte weg",50,"Niet brandend","Daglicht","Regen",\N,\N,"Gulden Kruis","Amsterdam","Amsterdam","Noord-Holland",true,52.319581,4.96525,"material damage only","4","rain",false,1,"GM0363"
"20220213796",2022,"Letsel",2,"Snorfiets","Fiets","Frontaal","Rechte weg",30,"Niet brandend","Daglicht","Droog",\N,"170292076","Mekelweg","Delft","Delft","Zuid-Holland",false,52.000632,4.37316,"injury","2","clear",false,1,"GM0503"
"20220113811",2022,"Dodelijk",2,"Trekker","e-bike","Flank","Rechte weg",80,"Niet brandend","Daglicht","Droog",\N,\N,"Heukelom","Afferden L","Bergen (L)","Limburg",false,51.617915,6.031816,"fatal","1","clear",false,1,\N
"20220217547",2022,"Letsel",2,"Fiets","Fiets","Flank","Kruispunt, 4 takken",50,"Brandend","Duisternis","Droog",\N,\N,"Stationsweg","Leiden","Leiden","Zuid-Holland",false,52.164105,4.484227,"injury","2","clear",false,1,"GM0546"