"accident_id","year","severity_raw","party_count","party1_type","party2_type","accident_type","road_situation","speed_limit_kmh","road_lighting","light_condition_label","weather_raw","infra_type","road_segment_id","street_name","place_name","gemeente_name_raw","province","alcohol_indicated","latitude","longitude","severity_label","severity_code","weather_label","built_up_area","cyclists_involved","gemeente_code"
"20220220506",2022,"Uitsluitend materiele schade",2,"Personenauto","Fiets","Flank","Rotonde",50,"Niet aanwezig","Daglicht","Droog",\N,\N,"Geerlaan","Ridderkerk","Ridderkerk","Zuid-Holland",false,51.867339,4.598474,"material damage only","4","clear",false,1,"GM0597"
"20220123063",2022,"Dodelijk",1,"Fiets",\N,"Eenzijdig","Kruispunt, 3 takken",50,"Niet brandend","Daglicht","Droog",\N,\N,"FIETSPAD","Zwaag","Hoorn","Noord-Holland",false,52.676493,5.094359,"fatal","1","clear",false,1,"GM0405"
"20220128674",2022,"Dodelijk",2,"Personenauto","Fiets","Flank","Kruispunt, 4 takken",50,"Niet brandend","Daglicht","Droog",\N,\N,"Fenacoliuslaan","Maassluis","Maassluis","Zuid-Holland",false,51.918514,4.250097,"fatal","1","clear",false,1,"GM0556"
"20220211190",2022,"Letsel",2,"Snorfiets","Fiets","Onbekend","Kruispunt, 4 takken",\N,"Brandend","Duisternis","Droog",\N,\N,"Stadhouderskade","Amsterdam","Amsterdam","Noord-Holland",false,52.361721,4.881728,"injury","2","clear",false,1,"GM0363"
"20220217605",2022,"Letsel",1,"Fiets",\N,"Eenzijdig","Rechte weg",30,"Niet brandend","Daglicht","Droog",\N,\N,"Tobias Asserstraat","Gouda","Gouda","Zuid-Holland",false,52.012773,4.725099,"injury","2","clear",false,1,"GM0513"
"20220202630",2022,"Uitsluitend materiele schade",1,"Fiets",\N,"Eenzijdig","Kruispunt, 4 takken",\N,"Niet brandend","Daglicht","Droog","Brug/viaduct",\N,"Tuinkruidenpad","Almere","Almere","Flevoland",false,52.376352,5.201562,"material damage only","4","clear",false,1,"GM0034"
"20220135199",2022,"Dodelijk",1,"Fiets",\N,"Eenzijdig","Kruispunt, 4 takken",80,"Niet aanwezig","Daglicht","Droog",\N,\N,"Streeksterweg","Usquert","Het Hogeland","Groningen",false,53.40678,6.625793,"fatal","1","clear",false,1,"GM1966"
"20220211231",2022,"Uitsluitend materiele schade",2,"Personenauto","Fiets","Flank","Rechte weg",30,"Brandend","Schemer","Droog",\N,"600381728","Spuistraat","Amsterdam","Amsterdam","Noord-Holland",false,52.372738,4.889586,"material damage only","4","clear",false,1,"GM0363"
"20220214813",2022,"Letsel",2,"Personenauto","Fiets","Flank","Rechte weg",50,"Niet brandend","Daglicht","Droog",\N,"600717422","Waldorpstraat","'s-Gravenhage","'s-Gravenhage","Zuid-Holland",false,52.064002,4.313866,"injury","2","clear",false,1,"GM0518"
"20220210529",2022,"Letsel",2,"Fiets","Voetganger","Voetganger","Rechte weg",50,"Brandend","Duisternis","Regen",\N,"600762007","Stadhouderskade","Amsterdam","Amsterdam","Noord-Holland",false,52.363293,4.879454,"injury","2","rain",false,1,"GM0363"
"20220216294",2022,"Letsel",2,"Fiets","Voetganger","Voetganger","Rechte weg",50,"Brandend","Duisternis","Droog",\N,"163310076","Korte Voorhout","'s-Gravenhage","'s-Gravenhage","Zuid-Holland",false,52.082506,4.315889,"injury","2","clear",false,1,"GM0518"
"20220231849",2022,"Uitsluitend materiele schade",2,"e-bike","Fiets","Onbekend","Kruispunt, 3 takken",30,"Niet brandend","Daglicht","Regen",\N,\N,"Postweg","Born","Sittard-Geleen","Limburg",false,51.034415,5.810665,"material damage only","4","rain",false,1,"GM1883"
"20220202767",2022,"Uitsluitend materiele schade",2,"Personenauto","Fiets","Flank","Kruispunt, 4 takken",50,"Niet brandend","Daglicht","Droog",\N,\N,"Dirkje Mariastraat","Utrecht","Utrecht","Utrecht",false,52.099303,5.102422,"material damage only","4","clear",false,1,"GM0344"
"20220213265",2022,"Letsel",1,"Fiets",\N,"Eenzijdig","Rechte weg",30,"Niet brandend","Daglicht","Droog",\N,"160307034","Hobbemastraat","'s-Gravenhage","'s-Gravenhage","Zuid-Holland",false,52.068015,4.300562,"injury","2","clear",false,1,"GM0518"
"20220214871",2022,"Uitsluitend materiele schade",2,"Bestelauto","e-bike","Flank","Kruispunt, 4 takken",50,"Niet brandend","Daglicht","Droog",\N,\N,"Waldorpstraat","'s-Gravenhage","'s-Gravenhage","Zuid-Holland",false,52.063264,4.312947,"material damage only","4","clear",false,1,"GM0518"
"20220219982",2022,"Uitsluitend materiele schade",2,"Personenauto","Fiets","Frontaal","Bocht",30,"Niet aanwezig","Duisternis","Droog",\N,"600737984","Groenedijk","Capelle aan den IJssel","Capelle aan den IJssel","Zuid-Holland",false,51.926017,4.610451,"material damage only","4","clear",false,1,"GM0502"
"20220231881",2022,"Letsel",2,"Bromfiets","e-bike","Flank","Kruispunt, 3 takken",50,"Niet brandend","Daglicht","Droog",\N,\N,"Molenweg","Maastricht","Maastricht","Limburg",false,50.852999,5.738397,"injury","2","clear",false,1,"GM0935"
"20220200038",2022,"Uitsluitend materiele schade",2,"Personenauto","Fiets","Flank","Rechte weg",50,"Niet brandend","Schemer","Droog",\N,\N,"Galvanistraat","Ede","Ede","Gelderland",false,52.026699,5.647158,"material damage only","4","clear",false,1,"GM0228"
"20220206262",2022,"Letsel",3,"Personenauto","e-bike","Onbekend","Rotonde",50,"Niet brandend","Daglicht","Regen",\N,\N,"Plein","Bergen (NH)","Bergen (NH)","Noord-Holland",false,52.66981,4.702994,"injury","2","rain",false,1,\N
"20220160294",2022,"Dodelijk",2,"Vrachtauto","Fiets","Kop/staart","Kruispunt, 4 takken",60,"Niet brandend","Daglicht","Droog","Brug/viaduct",\N,"Hool","Erp","Meierijstad","Noord-Brabant",false,51.585538,5.575343,"fatal","1","clear",false,1,"GM1948"
"20220217765",2022,"Letsel",2,"Personenauto","Fiets","Flank","Kruispunt, 4 takken",50,"Brandend","Duisternis","Regen",\N,\N,"Gallaslaan","Leiderdorp","Leiderdorp","Zuid-Holland",false,52.16053,4.53379,"injury","2","rain",false,1,"GM0547"
"20220220694",2022,"Uitsluitend materiele schade",2,"Personenauto","Fiets","Flank","Rotonde",50,"Niet brandend","Daglicht","Droog",\N,\N,"Korte Brug","Gorinchem","Gorinchem","Zuid-Holland",false,51.831275,4.967555,"material damage only","4","clear",false,1,"GM0512"
"20220199411",2022,"Letsel",2,"Bromfiets","Fiets","Onbekend","Rechte weg",80,"Brandend","Duisternis","Droog",\N,\N,"Zuidelijke Parallelweg","Westervoort","Duiven","Gelderland",false,51.954953,5.98548,"injury","2","clear",false,1,"GM0226"
"20220214990",2022,"Letsel",1,"Fiets",\N,"Eenzijdig","Rechte weg",30,"Niet brandend","Daglicht","Droog",\N,\N,"Oranje-Nassaustraat","Maasland","Midden-Delfland","Zuid-Holland",false,51.935962,4.266809,"injury","2","clear",false,1,"GM1842"
"20220231187",2022,"Uitsluitend materiele schade",2,"Bromfiets","Fiets","Frontaal","Rechte weg",80,"Niet brandend","Daglicht","Droog",\N,"600565914","Provincialeweg Noord","Doenrade","Beekdaelen","Limburg",false,50.968761,5.895013,"material damage only","4","clear",false,1,"GM1954"
"20220202898",2022,"Uitsluitend materiele schade",1,"Fiets",\N,"Onbekend","Rechte weg",60,"Niet brandend","Daglicht","Droog",\N,"600762635","Mijdrechtse dwarsweg","Wilnis","De Ronde Venen","Utrecht",false,52.206583,4.90378,"material damage only","4","clear",false,1,"GM0736"
"20220204477",2022,"Uitsluitend materiele schade",2,"Personenauto","e-bike","Flank","Kruispunt, 3 takken",50,"Niet brandend","Daglicht","Droog",\N,\N,"Evenaar","De Meern","Utrecht","Utrecht",false,52.088438,5.028028,"material damage only","4","clear",false,1,"GM0344"
"20220185071",2022,"Dodelijk",2,"Personenauto","Fiets","Geparkeerd voertuig","Rechte weg",50,"Niet brandend","Daglicht","Droog",\N,"163259103","Eerste Heulbrugstraat","Spijkenisse","Nissewaard","Zuid-Holland",false,51.851248,4.326206,"fatal","1","clear",false,1,"GM1930"
"20220215730",2022,"Letsel",2,"Bestelauto","Fiets","Eenzijdig","Kruispunt, 4 takken",50,"Brandend","Duisternis","Droog",\N,\N,"Fahrenheitstraat","'s-Gravenhage","'s-Gravenhage","Zuid-Holland",false,52.076695,4.271272,"injury","2","clear",false,1,"GM0518"
"20220215751",2022,"Letsel",1,"Fiets",\N,"Eenzijdig",\N,\N,\N,"Daglicht",\N,\N,"600180486","Ommedijk","Leiderdorp","Leiderdorp","Zuid-Holland",false,52.164377,4.529974,"injury","2","unknown",false,1,"GM0547"
"20220217181",2022,"Letsel",2,"Bromfiets","e-bike","Frontaal","Rechte weg",50,"Brandend","Duisternis","Droog",\N,"187347029","Gieterij","Noordwijkerhout","Noordwijk","Zuid-Holland",false,52.248632,4.49159,"injury","2","clear",false,1,"GM0575"
"20220214198",2022,"Letsel",1,"Fiets",\N,"Eenzijdig","Rechte weg",\N,"Niet brandend","Daglicht","Droog","Brug/viaduct","165294105","Westblok","Delft","Delft","Zuid-Holland",false,52.00962,4.335423,"injury","2","clear",false,1,"GM0503"
"20220216547",2022,"Letsel",2,"Fiets","Fiets","Onbekend","Bocht",\N,"Niet brandend","Daglicht","Droog","Brug/viaduct",\N,"Ronsseweg","Gouda","Gouda","Zuid-Holland",false,52.018855,4.70678,"injury","2","clear",false,1,"GM0513"
"20220217890",2022,"Letsel",3,"Bestelauto","e-bike","Frontaal","Rechte weg",50,"Brandend","Duisternis","Droog",\N,"600379404","Elandstraat","'s-Gravenhage","'s-Gravenhage","Zuid-Holland",false,52.082192,4.300571,"injury","2","clear",false,1,"GM0518"
"20220230435",2022,"Letsel",2,"Bestelauto","Fiets","Eenzijdig","Rechte weg",30,"Brandend","Duisternis","Droog",\N,"600849433","Bosstraat","Swalmen","Roermond","Limburg",false,51.234175,6.041828,"injury","2","clear",false,1,"GM0957"
"20220203785",2022,"Uitsluitend materiele schade",2,"Bestelauto","Fiets","Onbekend","Kruispunt, 4 takken",30,"Niet brandend","Daglicht","Droog",\N,\N,"Hofstedestraat","Almere","Almere","Flevoland",false,52.390378,5.263716,"material damage only","4","clear",false,1,"GM0034"
"20220211494",2022,"Uitsluitend materiele schade",2,"Personenauto","Fiets","Flank","Kruispunt, 4 takken",50,"Niet brandend","Daglicht","Droog",\N,\N,"Voorm Stadstimmertuin","Amsterdam","Amsterdam","Noord-Holland",false,52.361807,4.907387,"material damage only","4","clear",false,1,"GM0363"
"20220214241",2022,"Letsel",2,"Fiets","Fiets","Onbekend","Rechte weg",30,"Niet brandend","Daglicht","Droog",\N,"190340023","Van Alkemadelaan","Sassenheim","Teylingen","Zuid-Holland",false,52.219285,4.516696,"injury","2","clear",false,1,"GM1525"
"20220215801",2022,"Letsel",2,"Personenauto","e-bike","Onbekend","Kruispunt, 4 takken",50,"Niet brandend","Daglicht","Droog",\N,\N,"Koningin Julianalaan","Katwijk","Katwijk","Zuid-Holland",false,52.200966,4.416206,"injury","2","clear",false,1,"GM0537"
"20240142602",2024,"Uitsluitend materiele schade",2,"Snorfiets","Fiets","Flank","Kruispunt, 4 takken",50,"Niet aanwezig","Daglicht","Droog",\N,\N,"Spoorbaanpad","Almere","Almere","Flevoland",false,52.376194,5.236804,"material damage only","4","clear",false,1,"GM0034"
"20240136451",2024,"Letsel",2,"Fiets","Personenauto","Flank","Kruispunt, 4 takken",30,"Niet brandend","Daglicht","Regen",\N,\N,"Wycker Grachtstraat","Maastricht","Maastricht","Limburg",false,50.849478,5.699408,"injury","2","rain",false,1,"GM0935"
"20240140648",2024,"Letsel",2,"Personenauto","Fiets","Flank","Rechte weg",50,"Niet brandend","Duisternis","Droog",\N,"277353046","Cort van der Lindenlaan","Naarden","Gooise Meren","Noord-Holland",false,52.279451,5.147583,"injury","2","clear",false,1,"GM1942"
"20240147608",2024,"Uitsluitend materiele schade",3,"Snorfiets","Fiets","Frontaal","Rechte weg",30,"Niet brandend","Daglicht","Regen",\N,"600844155","Oostsingel","Venray","Venray","Limburg",false,51.528112,5.983224,"material damage only","4","rain",false,1,"GM0984"
"20240139769",2024,"Uitsluitend materiele schade",2,"Bromfiets","Fiets","Flank","Kruispunt, 4 takken",50,"Brandend","Duisternis","Droog",\N,\N,"Spoorbaanpad","Almere","Almere","Flevoland",false,52.376194,5.236804,"material damage only","4","clear",false,1,"GM0034"
"20240142201",2024,"Letsel",2,"Personenauto","e-bike","Flank","Kruispunt, 4 takken",50,"Brandend","Duisternis","Regen",\N,\N,"Engelmundusstraat","IJmuiden","Velsen","Noord-Holland",false,52.459023,4.621242,"injury","2","rain",false,1,"GM0453"
"20240142229",2024,"Letsel",2,"Fiets","Personenauto","Flank","Kruispunt, 4 takken",50,"Brandend","Duisternis","Droog",\N,\N,"Spaarndamseweg","Haarlem","Haarlem","Noord-Holland",false,52.386581,4.646836,"injury","2","clear",false,1,"GM0392"
"20240135265",2024,"Letsel",2,"Fiets","Overig vast object","Vast voorwerp","Rotonde",50,"Niet brandend","Daglicht","Regen",\N,\N,"mr. L.A. Kesperweg","Vlaardingen","Vlaardingen","Zuid-Holland",false,51.910957,4.361146,"injury","2","rain",false,1,"GM0622"
"20240136528",2024,"Letsel",2,"Personenauto","Fiets","Los voorwerp","Kruispunt, 3 takken",50,"Niet brandend","Daglicht","Regen",\N,\N,"Heerbaan","Heel","Maasgouw","Limburg",false,51.181246,5.900127,"injury","2","rain",false,1,"GM1641"
"20240136564",2024,"Uitsluitend materiele schade",2,"Fiets","Personenauto","Onbekend","Kruispunt, 4 takken",30,"Niet brandend","Daglicht","Droog",\N,\N,"Bergstraat","Waalre","Waalre","Noord-Brabant",false,51.387074,5.447636,"material damage only","4","clear",false,1,"GM0866"
"20240141863",2024,"Uitsluitend materiele schade",1,"Fiets",\N,"Kop/staart","Kruispunt, 4 takken",\N,"Niet aanwezig","Daglicht",\N,\N,\N,"Transformatorweg","Amsterdam","Amsterdam","Noord-Holland",false,52.391977,4.847212,"material damage only","4","unknown",false,1,"GM0363"
"20240137260",2024,"Letsel",2,"Fiets",\N,"Onbekend","Kruispunt, 3 takken",60,"Brandend","Duisternis","Droog",\N,\N,"Pannenhoef","Ossendrecht","Woensdrecht","Noord-Brabant",false,51.385146,4.357614,"injury","2","clear",false,1,"GM0873"
"20240138539",2024,"Uitsluitend materiele schade",2,"Personenauto","Fiets","Flank","Kruispunt, 3 takken",50,"Brandend","Schemer","Regen",\N,"600502167","Enschedesestraat","Hengelo","Hengelo (O)","Overijssel",false,52.259043,6.807335,"material damage only","4","rain",false,1,\N
"20240140340",2024,"Uitsluitend materiele schade",2,"Fiets",\N,"Onbekend","Rechte weg",\N,"Niet brandend","Daglicht","Droog",\N,"311332011","Emiclaerhof","Amersfoort","Amersfoort","Utrecht",false,52.186577,5.398047,"material damage only","4","clear",false,1,"GM0307"
"20240140568",2024,"Uitsluitend materiele schade",2,"Personenauto","Fiets","Flank","Kruispunt, 4 takken",30,"Niet brandend","Daglicht","Regen",\N,"600786995","Jozef Israëlslaan","Almere","Almere","Flevoland",false,52.381909,5.262988,"material damage only","4","rain",false,1,"GM0034"
"20240141878",2024,"Uitsluitend materiele schade",3,"Fiets","Fiets","Kop/staart","Rechte weg",30,"Brandend","Duisternis","Droog",\N,"240372138","Marnixstraat","Amsterdam","Amsterdam","Noord-Holland",true,52.36438,4.881119,"material damage only","4","clear",false,1,"GM0363"
"20240150567",2024,"Uitsluitend materiele schade",2,"Personenauto","Fiets","Flank","Kruispunt, 4 takken",30,"Niet brandend","Daglicht","Droog",\N,\N,"Struyckenlaan","Utrecht","Utrecht","Utrecht",false,52.076658,5.097578,"material damage only","4","clear",false,1,"GM0344"
"20240141915",2024,"Letsel",2,"Brommobiel","Fiets","Frontaal","Rotonde",50,"Niet brandend","Daglicht","Droog",\N,\N,"Poelenburg","Zaandam","Zaanstad","Noord-Holland",false,52.442482,4.852151,"injury","2","clear",false,1,"GM0479"
"20240143388",2024,"Letsel",1,"Fiets",\N,"Onbekend",\N,30,\N,"Daglicht",\N,\N,"156313031","Koppelstokstraat","'s-Gravenhage","'s-Gravenhage","Zuid-Holland",false,52.096172,4.268818,"injury","2","unknown",false,1,"GM0518"
"20240134188",2024,"Uitsluitend materiele schade",2,"Personenauto","Fiets","Onbekend","Kruispunt, 3 takken",50,"Niet brandend","Daglicht","Droog",\N,\N,"Bellamystraat","Terneuzen","Terneuzen","Zeeland",false,51.320016,3.847686,"material damage only","4","clear",false,1,"GM0715"
"20240141984",2024,"Letsel",2,"Personenauto","Fiets","Flank","Kruispunt, 4 takken",50,"Brandend","Duisternis","Droog",\N,\N,"Starweg","Heemskerk","Heemskerk","Noord-Holland",false,52.507417,4.65435,"injury","2","clear",false,1,"GM0396"
"20240150761",2024,"Uitsluitend materiele schade",2,"Trekker","Fiets","Los voorwerp","Rechte weg",30,"Brandend","Schemer","Droog",\N,"601166432","Churchilllaan","Utrecht","Utrecht","Utrecht",false,52.073071,5.092449,"material damage only","4","clear",false,1,"GM0344"
"20240134245",2024,"Letsel",2,"Personenauto","Fiets","Onbekend","Kruispunt, 4 takken",50,"Niet brandend","Daglicht","Droog",\N,"162199004","Kapelaan Kockstraat","Steenbergen","Steenbergen","Noord-Brabant",true,51.579901,4.325762,"injury","2","clear",false,1,"GM0851"
"20240137995",2024,"Uitsluitend materiele schade",2,"Personenauto","Fiets","Flank","Rechte weg",\N,"Brandend","Duisternis","Droog",\N,"379416034","Noordweg","Kampen","Kampen","Overijssel",false,52.562665,5.900762,"material damage only","4","clear",false,1,"GM0166"
"20240142032",2024,"Uitsluitend materiele schade",2,"Fiets","Personenauto","Flank","Rechte weg",30,"Niet brandend","Schemer","Regen",\N,"248373113","Cruquiuskade","Amsterdam","Amsterdam","Noord-Holland",false,52.367505,4.933764,"material damage only","4","rain",false,1,"GM0363"
"20240136145",2024,"Uitsluitend materiele schade",2,"Personenauto","Fiets","Flank","Kruispunt, 4 takken",30,"Niet brandend","Daglicht","Regen",\N,\N,"Frans Halsstraat","Boxmeer","Land van Cuijk","Noord-Brabant",false,51.650276,5.943639,"material damage only","4","rain",false,1,"GM1982"
"20240141669",2024,"Letsel",2,"Fiets","Fiets","Onbekend","Bocht",60,"Niet aanwezig","Daglicht","Droog","Tunnel","600751691","Kanaaldijk","Bergen (NH)","Bergen (NH)","Noord-Holland",false,52.682423,4.739366,"injury","2","clear",false,1,\N
"20240142504",2024,"Letsel",2,"Personenauto","Fiets","Flank","Rotonde",\N,"Brandend","Duisternis","Droog",\N,\N,"Koedijkerstraat","Alkmaar","Alkmaar","Noord-Holland",false,52.639153,4.755631,"injury","2","clear",false,1,"GM0361"
"20240142527",2024,"Letsel",2,"Personenauto","Fiets","Onbekend","Rotonde",50,"Niet aanwezig","Daglicht","Droog",\N,\N,"Gijzenveltplantsoen","IJmuiden","Velsen","Noord-Holland",false,52.456832,4.606098,"injury","2","clear",false,1,"GM0453"
"20240144083",2024,"Uitsluitend materiele schade",2,"Personenauto","Fiets","Flank","Kruispunt, 4 takken",30,"Niet brandend","Daglicht","Droog",\N,\N,"Keizerstraat","'s-Gravenhage","'s-Gravenhage","Zuid-Holland",false,52.104415,4.275759,"material damage only","4","clear",false,1,"GM0518"
"20240134360",2024,"Letsel",2,"Fiets","Personenauto","Onbekend","Kruispunt, 4 takken",50,"Niet brandend","Daglicht","Droog",\N,\N,"Oudelandselaan","Berkel en Rodenrijs","Lansingerland","Zuid-Holland",false,51.993505,4.465741,"injury","2","clear",false,1,"GM1621"
"20240135608",2024,"Uitsluitend materiele schade",2,"Personenauto","Fiets","Flank","Kruispunt, 4 takken",50,"Niet brandend","Daglicht","Droog",\N,\N,"Soetendaalsekade","Rotterdam","Rotterdam","Zuid-Holland",false,51.940657,4.485474,"material damage only","4","clear",false,1,"GM0599"
"20240135632",2024,"Letsel",2,"Personenauto","Fiets","Flank","Kruispunt, 4 takken",50,"Niet brandend","Daglicht","Droog",\N,\N,"Guido Gezelleweg","Rotterdam","Rotterdam","Zuid-Holland",false,51.874462,4.523401,"injury","2","clear",false,1,"GM0599"
"20240136880",2024,"Letsel",2,"Personenauto","Fiets","Onbekend","Kruispunt, 4 takken",50,"Niet brandend","Daglicht","Droog",\N,\N,"Zeelsterstraat","Eindhoven","Eindhoven","Noord-Brabant",false,51.439571,5.449901,"injury","2","clear",false,1,"GM0772"
"20240144759",2024,"Uitsluitend materiele schade",1,"Fiets",\N,"Voetganger","Rechte weg",50,"Niet brandend","Daglicht","Droog",\N,"600538159","Smalle Reep","Breda","Breda","Noord-Brabant",false,51.596302,4.795855,"material damage only","4","clear",false,1,"GM0758"
"20240146408",2024,"Uitsluitend materiele schade",2,"Bestelauto","Fiets","Flank","Kruispunt, 3 takken",50,"Niet brandend","Daglicht","Droog",\N,\N,"Rijnstraat","'s-Hertogenbosch","'s-Hertogenbosch","Noord-Brabant",false,51.690644,5.329864,"material damage only","4","clear",false,1,"GM0796"
"20240146779",2024,"Uitsluitend materiele schade",2,"Personenauto","Fiets","Onbekend","Bocht",30,"Niet aanwezig","Daglicht","Droog",\N,"394031003","Bocholtzerweg","Simpelveld","Simpelveld","Limburg",false,50.830256,5.989367,"material damage only","4","clear",false,1,"GM0965"
"20240144175",2024,"Letsel",2,"Personenauto","Fiets","Flank","Kruispunt, 4 takken",50,"Brandend","Duisternis","Droog",\N,\N,"Lijnbaan","'s-Gravenhage","'s-Gravenhage","Zuid-Holland",false,52.072516,4.299934,"injury","2","clear",false,1,"GM0518"
"20240146044",2024,"Uitsluitend materiele schade",2,"Fiets","Personenauto","Onbekend",\N,\N,\N,"Daglicht",\N,\N,"253254132","Spijksedijk","Gorinchem","Gorinchem","Zuid-Holland",false,51.834223,4.980976,"material damage only","4","unknown",false,1,"GM0512"
"20240146203",2024,"Letsel",2,"Fiets","Overig vast object","Vast voorwerp","Rechte weg",30,"Niet brandend","Daglicht","Droog",\N,\N,"Landlustlaan","Leidschendam","Leidschendam-Voorburg","Zuid-Holland",false,52.08533,4.401077,"injury","2","clear",false,1,"GM1916"
"20240147089",2024,"Letsel",1,"Fiets",\N,"Onbekend","Kruispunt, 4 takken",50,"Brandend","Duisternis","Droog",\N,\N,"P Czn Hooftlaan","Eindhoven","Eindhoven","Noord-Brabant",false,51.43291,5.48273,"injury","2","clear",false,1,"GM0772"
"20240136343",2024,"Letsel",2,"Personenauto","e-bike","Flank","Rotonde",50,"Niet brandend","Daglicht","Droog",\N,\N,"Oostelijke Randweg","Sint-Oedenrode","Meierijstad","Noord-Brabant",false,51.55741,5.472267,"injury","2","clear",false,1,"GM1948"
"20240148841",2024,"Letsel",2,"Bestelauto","Fiets","Flank","Rechte weg",60,"Niet aanwezig","Daglicht","Droog",\N,"417419002","Hoofdweg","Zwolle","Zwolle","Overijssel",false,52.572545,6.181591,"injury","2","clear",false,1,"GM0193"
"20240148868",2024,"Uitsluitend materiele schade",2,"Personenauto","Fiets","Onbekend","Kruispunt, 3 takken",50,"Niet brandend","Daglicht","Droog",\N,\N,"Lankforst","Nijmegen","Nijmegen","Gelderland",false,51.811493,5.807618,"material damage only","4","clear",false,1,"GM0268"
"20240134497",2024,"Dodelijk",2,"Motor","Fiets","Frontaal","Bocht",60,"Niet aanwezig","Daglicht","Droog",\N,"137158002","Akkerweg","Rilland","Reimerswaal","Zeeland",false,51.39919,4.152309,"fatal","1","clear",false,1,"GM0703"
"20240147574",2024,"Uitsluitend materiele schade",2,"Fiets","Bestelauto","Flank","Rotonde",30,"Niet brandend","Daglicht","Droog",\N,\N,"Dorpstraat","Brunssum","Brunssum","Limburg",false,50.946564,5.96478,"material damage only","4","clear",false,1,"GM0899"
"20240149216",2024,"Letsel",1,"Fiets",\N,"Onbekend","Kruispunt, 4 takken",50,"Brandend","Duisternis","Droog",\N,\N,"OOSTERWECHELSEWEG","Deventer","Deventer","Overijssel",false,52.268484,6.176622,"injury","2","clear",false,1,"GM0150"
"20240002346",2024,"Uitsluitend materiele schade",2,"Personenauto","Fiets","Flank","Rotonde",50,"Niet brandend","Daglicht","Droog",\N,\N,"Kempenweg","Oirschot","Oirschot","Noord-Brabant",false,51.495566,5.313144,"material damage only","4","clear",false,1,"GM0823"
"20240002699",2024,"Uitsluitend materiele schade",2,"Fiets","Personenauto","Flank","Kruispunt, 3 takken",50,"Brandend","Schemer","Regen",\N,\N,"Mastbos","Bladel","Bladel","Noord-Brabant",false,51.364689,5.205079,"material damage only","4","rain",false,1,"GM1728"
"20240153566",2024,"Letsel",2,"Personenauto","Fiets","Flank","Kruispunt, 4 takken",50,"Brandend","Duisternis","Droog",\N,\N,"Eerste Oosterparkstraat","Amsterdam","Amsterdam","Noord-Holland",false,52.356337,4.910682,"injury","2","clear",false,1,"GM0363"
"20230107520",2023,"Letsel",2,"Fiets","Personenauto","Flank","Kruispunt, 3 takken",30,"Brandend","Duisternis","Regen",\N,\N,"Tollensstraat","Spijkenisse","Nissewaard","Zuid-Holland",false,51.852044,4.314059,"injury","2","rain",false,1,"GM1930"
"20230111078",2023,"Letsel",2,"Fiets","Fiets","Flank","Rechte weg",30,"Niet brandend","Daglicht","Droog",\N,"168292090","Papsouwselaan","Delft","Delft","Zuid-Holland",false,51.999433,4.354576,"injury","2","clear",false,1,"GM0503"
"20230112252",2023,"Letsel",2,"Fiets","Los voorwerp","Los voorwerp","Rechte weg",30,"Brandend","Duisternis","Regen",\N,"600107972","Oude Langendijk","Delft","Delft","Zuid-Holland",false,52.012088,4.361108,"injury","2","rain",false,1,"GM0503"
"20240007311",2024,"Letsel",1,"Fiets",\N,"Eenzijdig","Rechte weg",30,"Niet brandend","Daglicht","Regen",\N,"161309134","Dagelijkse Groenmarkt","'s-Gravenhage","'s-Gravenhage","Zuid-Holland",false,52.077396,4.307929,"injury","2","rain",false,1,"GM0518"
"20240008530",2024,"Uitsluitend materiele schade",2,"Personenauto","Fiets","Flank","Kruispunt, 3 takken",30,\N,"Daglicht","Droog",\N,\N,"Veeteeltstraat","Amsterdam","Amsterdam","Noord-Holland",false,52.342192,4.94881,"material damage only","4","clear",false,1,"GM0363"
"20240011255",2024,"Uitsluitend materiele schade",2,"Personenauto","Fiets","Flank","Kruispunt, 3 takken",50,"Niet brandend","Daglicht","Droog",\N,\N,"Aalsmeerderweg","Rozenburg","Haarlemmermeer","Noord-Holland",false,52.281573,4.737463,"material damage only","4","clear",false,1,"GM0394"
"20240151622",2024,"Letsel",2,"Bromfiets","Fiets","Frontaal","Rechte weg",30,"Brandend","Duisternis","Droog",\N,"600381871","Broederstraat","Kampen","Kampen","Overijssel",false,52.558237,5.914878,"injury","2","clear",false,1,"GM0166"
"20230110486",2023,"Uitsluitend materiele schade",2,"Personenauto","Fiets","Flank","Rotonde",50,"Brandend","Duisternis","Regen","Bus-/Tramhalte",\N,"Violierstraat","Uden","Maashorst","Noord-Brabant",false,51.659886,5.617682,"material damage only","4","rain",false,1,"GM1991"
"20240008313",2024,"Letsel",2,"Fiets","Overig vast object","Vast voorwerp","Rechte weg",60,"Niet brandend","Daglicht","Droog",\N,\N,"Leidseweg","Oud Ade","Kaag en Braassem","Zuid-Holland",false,52.190919,4.559701,"injury","2","clear",false,1,"GM1884"
"20240010938",2024,"Uitsluitend materiele schade",2,"Fiets","Personenauto","Flank","Kruispunt, 3 takken",50,"Niet brandend","Daglicht","Droog",\N,\N,"Florasingel","Bovenkarspel","Stede Broec","Noord-Holland",false,52.691634,5.242593,"material damage only","4","clear",false,1,"GM0532"
"20230112341",2023,"Letsel",2,"Personenauto","Fiets","Flank","Rotonde",30,"Brandend","Duisternis","Droog/Mist",\N,\N,"Thorbeckelaan","Gouda","Gouda","Zuid-Holland",false,52.022715,4.71786,"injury","2","unknown",false,1,"GM0513"
"20240004937",2024,"Uitsluitend materiele schade",2,"Fiets","Dier","Dier","Rechte weg",50,"Brandend","Duisternis","Droog",\N,"370254022","Paul Krugerstraat","Nijmegen","Nijmegen","Gelderland",false,51.835397,5.827845,"material damage only","4","clear",false,1,"GM0268"