"accident_id","year","severity_raw","party_count","party1_type","party2_type","accident_type","road_situation","speed_limit_kmh","road_lighting","light_condition_label","weather_raw","infra_type","road_segment_id","street_name","place_name","gemeente_name_raw","province","alcohol_indicated","latitude","longitude","severity_label","severity_code","weather_label","built_up_area","cyclists_involved","gemeente_code"
"20240152394",2024,"Letsel",2,"Personenauto","Fiets","Onbekend","Kruispunt, 4 takken",50,"Brandend","Schemer","Regen",\N,\N,"Lozerlaan","'s-Gravenhage","'s-Gravenhage","Zuid-Holland",false,52.040122,4.245801,"injury","2","rain",false,1,"GM0518"
"20240001765",2024,"Letsel",1,"Fiets",\N,"Onbekend","Bocht",30,"Niet brandend","Schemer","Droog","Brug/viaduct","130257005","Duinweg","Hellevoetsluis","Voorne aan Zee","Zuid-Holland",false,51.835557,4.088197,"injury","2","clear",false,1,"GM1992"
"20240009709",2024,"Uitsluitend materiele schade",1,"Fiets",\N,"Onbekend","Rechte weg",50,"Niet brandend","Daglicht","Droog",\N,"600870469","Groningerweg","Eelderwolde","Tynaarlo","Drenthe",false,53.170213,6.549645,"material damage only","4","clear",false,1,"GM1730"
"20240023395",2024,"Uitsluitend materiele schade",3,"Trekker","Fiets","Flank","Kruispunt, 3 takken",50,"Niet brandend","Daglicht","Droog",\N,\N,"Gorslaan","Hellevoetsluis","Voorne aan Zee","Zuid-Holland",false,51.82992,4.130903,"material damage only","4","clear",false,1,"GM1992"
"20240023403",2024,"Letsel",2,"Motor","Fiets","Flank","Rechte weg",50,"Niet brandend","Daglicht","Droog",\N,"600747609","Merwedestraat","Dordrecht","Dordrecht","Zuid-Holland",false,51.817692,4.705539,"injury","2","clear",false,1,"GM0505"
"20240023570",2024,"Letsel",2,"Personenauto","Fiets","Onbekend","Kruispunt, 3 takken",30,"Niet brandend","Daglicht","Droog",\N,\N,"Waterpoortstraat","Hellevoetsluis","Voorne aan Zee","Zuid-Holland",false,51.827263,4.13485,"injury","2","clear",false,1,"GM1992"
"20240001790",2024,"Uitsluitend materiele schade",2,"Bromfiets","Fiets","Onbekend",\N,60,"Niet aanwezig","Daglicht","Droog",\N,\N,"Kooiwalbos","Barendrecht","Barendrecht","Zuid-Holland",false,51.868795,4.529233,"material damage only","4","clear",false,1,"GM0489"
"20240003826",2024,"Uitsluitend materiele schade",2,"Bestelauto","Fiets","Frontaal","Rechte weg",30,"Brandend","Duisternis","Droog",\N,"383288030","Rosendaalsestraat","Arnhem","Arnhem","Gelderland",false,51.986241,5.921342,"material damage only","4","clear",false,1,"GM0202"
"20240156689",2024,"Letsel",2,"Motor","Fiets","Flank","Kruispunt, 4 takken",50,"Niet aanwezig","Daglicht","Droog",\N,"181191007","Bosstraat","Roosendaal","Roosendaal","Noord-Brabant",false,51.546964,4.463991,"injury","2","clear",false,1,"GM1674"
"20240008455",2024,"Letsel",2,"Personenauto","Fiets","Onbekend","Rechte weg",50,"Brandend","Schemer","Droog",\N,"164306142","Oudemansstraat","'s-Gravenhage","'s-Gravenhage","Zuid-Holland",false,52.06158,4.326234,"injury","2","clear",false,1,"GM0518"
"20240008759",2024,"Uitsluitend materiele schade",2,"Fiets","e-bike","Flank","Kruispunt, 4 takken",\N,"Niet brandend","Daglicht","Droog",\N,\N,"Schoutenveld","Apeldoorn","Apeldoorn","Gelderland",false,52.192767,5.998847,"material damage only","4","clear",false,1,"GM0200"
"20230151519",2023,"Uitsluitend materiele schade",2,"Personenauto","Fiets","Flank","Kruispunt, 4 takken",50,"Niet brandend","Daglicht","Droog",\N,\N,"Burg Cortenstraat","Maastricht","Maastricht","Limburg",false,50.847259,5.727829,"material damage only","4","clear",false,1,"GM0935"
"20240012030",2024,"Letsel",2,"Personenauto","Fiets","Flank","Kruispunt, 4 takken",30,"Brandend","Duisternis","Droog",\N,\N,"Hugo de Vrieslaan","Gouda","Gouda","Zuid-Holland",false,52.030866,4.69745,"injury","2","clear",false,1,"GM0513"
"20240012617",2024,"Letsel",1,"Fiets",\N,"Onbekend","Kruispunt, 4 takken",30,"Niet brandend","Daglicht","Droog",\N,\N,"Kinkerstraat","Amsterdam","Amsterdam","Noord-Holland",false,52.367259,4.872056,"injury","2","clear",false,1,"GM0363"
"20240017717",2024,"Letsel",2,"Personenauto","Fiets","Onbekend","Kruispunt, 4 takken",80,"Niet brandend","Daglicht","Droog",\N,\N,"Kleasterdyk","Wânswert","Noardeast-Fryslân","Friesland",false,53.319137,5.829664,"injury","2","clear",false,1,"GM1970"
"20240152492",2024,"Letsel",2,"Fiets","Bestelauto","Flank","Kruispunt, 3 takken",50,"Niet brandend","Daglicht","Droog",\N,\N,"Rietschans","Leiderdorp","Leiderdorp","Zuid-Holland",false,52.166952,4.518475,"injury","2","clear",false,1,"GM0547"
"20240152511",2024,"Letsel",2,"Personenauto","Fiets","Kop/staart","Rechte weg",50,"Niet brandend","Daglicht","Droog",\N,"266439022","Dorpsstraat","Zwaag","Hoorn","Noord-Holland",false,52.66617,5.067501,"injury","2","clear",false,1,"GM0405"
"20230109511",2023,"Uitsluitend materiele schade",1,"Fiets",\N,"Onbekend","Rechte weg",30,"Brandend","Schemer","Droog",\N,"329241041","Macharenseweg","Oss","Oss","Noord-Brabant",false,51.776025,5.526081,"material damage only","4","clear",false,1,"GM0828"
"20230111278",2023,"Letsel",2,"Fiets","Personenauto","Flank","Kruispunt, 4 takken",30,"Niet brandend","Schemer","Droog",\N,\N,"Zaanenlaan","Haarlem","Haarlem","Noord-Holland",false,52.401633,4.642891,"injury","2","clear",false,1,"GM0392"
"20240018357",2024,"Letsel",3,"Personenauto","Fiets","Flank","Rechte weg",50,"Niet brandend","Daglicht","Droog",\N,"526493004","Noorderdiep","Valthermond","Borger-Odoorn","Drenthe",false,52.901024,6.99883,"injury","2","clear",false,1,"GM1681"
"20230111328",2023,"Uitsluitend materiele schade",3,"Personenauto","Fiets","Onbekend","Rechte weg",30,"Brandend","Duisternis","Droog",\N,"235369014","Voorburgstraat","Amsterdam","Amsterdam","Noord-Holland",false,52.348556,4.84277,"material damage only","4","clear",false,1,"GM0363"
"20240002233",2024,"Letsel",2,"Personenauto","Fiets","Onbekend","Kruispunt, 3 takken",30,"Niet brandend","Daglicht","Droog",\N,\N,"Regulierenstraat","Weert","Weert","Limburg",false,51.251038,5.70149,"injury","2","clear",false,1,"GM0988"
"20240005160",2024,"Letsel",2,"Fiets","Personenauto","Flank","Kruispunt, 4 takken",50,"Niet brandend","Daglicht","Droog",\N,\N,"De Hemmen","Drachten","Smallingerland","Friesland",false,53.112271,6.068744,"injury","2","clear",false,1,"GM0090"
"20240010266",2024,"Uitsluitend materiele schade",2,"Personenauto","Fiets","Flank","Kruispunt, 4 takken",50,"Niet brandend","Daglicht","Droog",\N,\N,"Rolderstraat","Assen","Assen","Drenthe",false,52.995784,6.568772,"material damage only","4","clear",false,1,"GM0106"
"20230151586",2023,"Letsel",2,"Personenauto","Fiets","Flank","Kruispunt, 3 takken",50,"Niet aanwezig","Daglicht","Droog",\N,\N,"Aalsmeerderweg","Rozenburg","Haarlemmermeer","Noord-Holland",false,52.281573,4.737463,"injury","2","clear",false,1,"GM0394"
"20230151598",2023,"Letsel",2,"Bromfiets","Fiets","Kop/staart","Rechte weg",50,"Niet aanwezig","Daglicht","Droog",\N,"600692880","Schipholweg","Schiphol","Haarlemmermeer","Noord-Holland",false,52.317251,4.805606,"injury","2","clear",false,1,"GM0394"
"20240018829",2024,"Letsel",2,"Fiets","Fiets","Onbekend","Bocht",50,"Niet brandend","Daglicht","Droog",\N,"600745415","Hoflanderweg","Beverwijk","Beverwijk","Noord-Holland",false,52.490278,4.665779,"injury","2","clear",false,1,"GM0375"
"20240019144",2024,"Uitsluitend materiele schade",2,"Personenauto","Fiets","Flank","Kruispunt, 4 takken",50,"Brandend","Duisternis","Droog",\N,\N,"Haringvliet","Heerhugowaard","Dijk en Waard","Noord-Holland",false,52.653671,4.832849,"material damage only","4","clear",false,1,"GM1980"
"20240021394",2024,"Uitsluitend materiele schade",2,"Personenauto","Fiets","Flank","Kruispunt, 3 takken",50,"Niet brandend","Daglicht","Regen",\N,\N,"Muiderwaard","Alkmaar","Alkmaar","Noord-Holland",false,52.645372,4.745113,"material damage only","4","rain",false,1,"GM0361"
"20240003073",2024,"Uitsluitend materiele schade",1,"Fiets",\N,"Flank","Kruispunt, 3 takken",30,"Brandend","Duisternis","Droog",\N,\N,"Stationsstraat","Geldrop","Geldrop-Mierlo","Noord-Brabant",false,51.42174,5.557121,"material damage only","4","clear",false,1,"GM1771"
"20240005204",2024,"Letsel",2,"Personenauto","Fiets","Flank","Rechte weg",30,"Niet brandend","Daglicht","Droog",\N,"600200758","Bloemstraat","Groningen","Groningen","Groningen",false,53.22347,6.568942,"injury","2","clear",false,1,"GM0014"
"20240021415",2024,"Uitsluitend materiele schade",2,"Personenauto","Fiets","Flank","Rotonde",30,"Niet brandend","Daglicht","Droog",\N,\N,"Prof. Mr. P.J. Oudlaan","Purmerend","Purmerend","Noord-Holland",false,52.519568,4.963702,"material damage only","4","clear",false,1,"GM0439"
"20240013607",2024,"Letsel",2,"Bestelauto","Fiets","Flank","Kruispunt, 3 takken",30,"Niet brandend","Daglicht","Droog",\N,\N,"Ceylonpoort","Haarlem","Haarlem","Noord-Holland",false,52.360291,4.653509,"injury","2","clear",false,1,"GM0392"
"20240013769",2024,"Letsel",2,"Personenauto","Fiets","Flank","Kruispunt, 4 takken",30,"Niet brandend","Daglicht","Droog",\N,\N,"Tournooiveld","Geldrop","Geldrop-Mierlo","Noord-Brabant",false,51.419521,5.549285,"injury","2","clear",false,1,"GM1771"
"20240014462",2024,"Letsel",1,"Fiets",\N,"Onbekend","Kruispunt, 4 takken",50,"Niet aanwezig","Daglicht","Regen",\N,\N,"Galvanistraat","Rotterdam","Rotterdam","Zuid-Holland",false,51.911989,4.432927,"injury","2","rain",false,1,"GM0599"
"20240155888",2024,"Uitsluitend materiele schade",2,"Bromfiets","Fiets","Frontaal","Bocht",\N,"Niet aanwezig","Duisternis","Droog",\N,"600146081","Hornerweg","Roermond","Roermond","Limburg",false,51.199731,5.974209,"material damage only","4","clear",false,1,"GM0957"
"20240012980",2024,"Letsel",2,"Bus","Fiets","Flank","Kruispunt, 4 takken",50,"Brandend","Schemer","Regen",\N,\N,"Zuidtangent","Hoofddorp","Haarlemmermeer","Noord-Holland",false,52.300376,4.673987,"injury","2","rain",false,1,"GM0394"
"20240023324",2024,"Letsel",2,"Personenauto","Fiets","Onbekend","Rechte weg",30,"Niet brandend","Daglicht","Droog",\N,"217295042","Graaf Florisweg","Gouda","Gouda","Zuid-Holland",false,52.018087,4.712534,"injury","2","clear",false,1,"GM0513"
"20240014323",2024,"Uitsluitend materiele schade",2,"Personenauto","Fiets","Onbekend","Rotonde",30,"Niet brandend","Daglicht","Droog",\N,\N,"Burg Freijterslaan","Roosendaal","Roosendaal","Noord-Brabant",false,51.532951,4.447499,"material damage only","4","clear",false,1,"GM1674"
"20240015780",2024,"Uitsluitend materiele schade",2,"Personenauto","Fiets","Onbekend","Kruispunt, 3 takken",30,\N,"Duisternis",\N,\N,\N,"St.-Annastraat","Gemert","Gemert-Bakel","Noord-Brabant",false,51.558406,5.687128,"material damage only","4","unknown",false,1,"GM1652"
"20240152001",2024,"Letsel",2,"Fiets","Bromfiets","Onbekend","Rechte weg",30,"Brandend","Schemer","Droog",\N,"600666455","Oude Haagweg","'s-Gravenhage","'s-Gravenhage","Zuid-Holland",false,52.057017,4.247859,"injury","2","clear",false,1,"GM0518"
"20240152643",2024,"Letsel",1,"Fiets",\N,"Onbekend","Rechte weg",30,"Brandend","Duisternis","Droog",\N,"162300043","Prinses Margrietsingel","Rijswijk","Rijswijk","Zuid-Holland",false,52.034011,4.309077,"injury","2","clear",false,1,\N
"20230112624",2023,"Letsel",1,"Fiets",\N,"Eenzijdig","Rechte weg",30,"Niet brandend","Daglicht","Droog",\N,"211321053","Meerkoetstraat","Alphen aan den Rijn","Alphen aan den Rijn","Zuid-Holland",false,52.134665,4.667486,"injury","2","clear",false,1,"GM0484"
"20230113197",2023,"Letsel",2,"Bromfiets","Fiets","Flank","Rechte weg",50,"Brandend","Duisternis","Droog",\N,"600202235","Haarlemmerstraatweg","Oegstgeest","Oegstgeest","Zuid-Holland",false,52.201469,4.47914,"injury","2","clear",false,1,"GM0579"
"20240012237",2024,"Letsel",2,"Personenauto","Fiets","Flank","Kruispunt, 4 takken",50,"Niet aanwezig","Daglicht","Regen",\N,\N,"Coenecoop","Waddinxveen","Waddinxveen","Zuid-Holland",false,52.03067,4.652798,"injury","2","rain",false,1,"GM0627"
"20240013529",2024,"Letsel",1,"Fiets",\N,"Flank","Kruispunt, 4 takken",30,"Niet brandend","Daglicht","Droog",\N,\N,"Van der Weijdenlaan","Noordwijkerhout","Noordwijk","Zuid-Holland",false,52.256119,4.491584,"injury","2","clear",false,1,"GM0575"
"20240154639",2024,"Letsel",2,"Personenauto","Fiets","Flank","Rotonde",50,"Brandend","Duisternis","Droog",\N,\N,"Van der Hagenstraat","Zoetermeer","Zoetermeer","Zuid-Holland",false,52.053484,4.513493,"injury","2","clear",false,1,"GM0637"
"20230112072",2023,"Letsel",2,"Personenauto","Fiets","Geparkeerd voertuig","Rechte weg",30,"Niet brandend","Daglicht","Regen","Parkeervoorziening","228466033","Kievitlaan","Schagen","Schagen","Noord-Holland",false,52.785016,4.787358,"injury","2","rain",false,1,"GM0441"
"20240013063",2024,"Letsel",1,"Fiets",\N,"Onbekend","Rechte weg",50,"Niet brandend","Daglicht","Droog",\N,"158308049","Paul Krugerlaan","'s-Gravenhage","'s-Gravenhage","Zuid-Holland",false,52.070239,4.28608,"injury","2","clear",false,1,"GM0518"
"20240014763",2024,"Uitsluitend materiele schade",2,"Personenauto","Fiets","Flank","Kruispunt, 4 takken",30,"Niet brandend","Daglicht","Droog",\N,\N,"Koenraad van Zwabenstr","Rotterdam","Rotterdam","Zuid-Holland",false,51.898515,4.545607,"material damage only","4","clear",false,1,"GM0599"
"20240015307",2024,"Letsel",3,"Personenauto","Fiets","Onbekend","Kruispunt, 3 takken",50,"Niet brandend","Daglicht","Droog",\N,\N,"Statendamweg","Oosterhout","Oosterhout","Noord-Brabant",false,51.646995,4.852335,"injury","2","clear",false,1,"GM0826"
"20240011782",2024,"Uitsluitend materiele schade",2,"Personenauto","Fiets","Onbekend","Kruispunt, 4 takken",60,"Niet brandend","Daglicht","Droog",\N,\N,"Naarderweg","Bussum","Gooise Meren","Noord-Holland",false,52.260107,5.161863,"material damage only","4","clear",false,1,"GM1942"
"20240012301",2024,"Letsel",1,"Fiets",\N,"Onbekend",\N,\N,\N,"Daglicht",\N,\N,"600717371","Hildebrandstraat","'s-Gravenhage","'s-Gravenhage","Zuid-Holland",false,52.05422,4.309439,"injury","2","unknown",false,1,"GM0518"
"20240021215",2024,"Letsel",3,"Fiets","Personenauto","Flank","Rotonde",50,"Niet brandend","Daglicht","Droog",\N,\N,"Dr. Lelykade","'s-Gravenhage","'s-Gravenhage","Zuid-Holland",true,52.099711,4.272471,"injury","2","clear",false,1,"GM0518"
"20240154074",2024,"Uitsluitend materiele schade",1,"Fiets",\N,"Flank","Rotonde",50,"Niet brandend","Daglicht","Droog",\N,\N,"Schroeder van der Kolkln","Poortugaal","Albrandswaard","Zuid-Holland",false,51.8529,4.404581,"material damage only","4","clear",false,1,"GM0613"
"20240154092",2024,"Letsel",2,"Personenauto","Fiets","Geparkeerd voertuig","Rechte weg",30,"Niet brandend","Daglicht","Droog",\N,"184267013","Driemorgenstraat","Rotterdam","Rotterdam","Zuid-Holland",false,51.890357,4.474887,"injury","2","clear",false,1,"GM0599"
"20240007159",2024,"Uitsluitend materiele schade",2,"Personenauto","Fiets","Flank","Kruispunt, 4 takken",\N,"Niet brandend","Daglicht","Droog",\N,\N,"Bilderdijkstraat","Amsterdam","Amsterdam","Noord-Holland",false,52.370913,4.870457,"material damage only","4","clear",false,1,"GM0363"
"20240013147",2024,"Letsel",2,"Personenauto","Fiets","Frontaal","Rotonde",50,"Brandend","Duisternis","Regen",\N,\N,"Oosttangent","Heerhugowaard","Dijk en Waard","Noord-Holland",false,52.64591,4.819329,"injury","2","rain",false,1,"GM1980"
"20240016139",2024,"Uitsluitend materiele schade",2,"Fiets","Personenauto","Eenzijdig","Kruispunt, 3 takken",50,"Brandend","Duisternis","Regen",\N,\N,"Ambachtslaan","Veldhoven","Veldhoven","Noord-Brabant",false,51.418585,5.388998,"material damage only","4","rain",false,1,"GM0861"
"20240016712",2024,"Letsel",2,"Bestelauto","Fiets","Flank","Bocht",50,"Niet brandend","Daglicht","Droog",\N,\N,"J H v Linschotenstraat","Meppel","Meppel","Drenthe",false,52.70505,6.18298,"injury","2","clear",false,1,"GM0119"
"20240022372",2024,"Letsel",2,"Personenauto","Fiets","Flank","Rotonde",50,"Niet brandend","Daglicht","Droog",\N,\N,"Smeetslandseweg","Rotterdam","Rotterdam","Zuid-Holland",false,51.886614,4.529317,"injury","2","clear",false,1,"GM0599"
"20240007209",2024,"Letsel",2,"Personenauto","Fiets","Flank","Kruispunt, 3 takken",30,"Niet brandend","Daglicht","Droog",\N,\N,"Lorentzkade","Leiden","Leiden","Zuid-Holland",false,52.145939,4.502031,"injury","2","clear",false,1,"GM0546"
"20240021732",2024,"Letsel",2,"Personenauto","Fiets","Flank","Kruispunt, 3 takken",30,"Niet brandend","Daglicht","Droog",\N,\N,"Th. Weeversweg","Amsterdam","Amsterdam","Noord-Holland",false,52.397392,4.943546,"injury","2","clear",false,1,"GM0363"
"20240027348",2024,"Letsel",1,"Fiets",\N,"Onbekend","Rechte weg",50,"Niet brandend","Daglicht","Droog",\N,"470557009","Verlengde Hereweg","Groningen","Groningen","Groningen",false,53.188276,6.585715,"injury","2","clear",false,1,"GM0014"
"20230024884",2023,"Uitsluitend materiele schade",2,"Personenauto","Fiets","Flank","Kruispunt, 4 takken",50,"Brandend","Duisternis","Regen",\N,\N,"Pompenburg","Rotterdam","Rotterdam","Zuid-Holland",false,51.924633,4.479909,"material damage only","4","rain",false,1,"GM0599"
"20240029095",2024,"Uitsluitend materiele schade",2,"Fiets","Personenauto","Flank","Kruispunt, 3 takken",50,"Brandend","Duisternis","Droog",\N,\N,"Snipperlingsdijk","Deventer","Deventer","Overijssel",false,52.252842,6.183892,"material damage only","4","clear",false,1,"GM0150"
"20230031155",2023,"Letsel",2,"Personenauto","Fiets","Flank","Kruispunt, 4 takken",30,"Niet brandend","Daglicht","Droog",\N,"600157731","Spoorlaan","Heeze","Heeze-Leende","Noord-Brabant",false,51.37823,5.575217,"injury","2","clear",false,1,"GM1658"
"20230067302",2023,"Letsel",1,"Fiets",\N,"Eenzijdig","Kruispunt, 3 takken",30,"Niet brandend","Daglicht","Droog",\N,\N,"Veldweg","Westzaan","Zaanstad","Noord-Holland",false,52.439822,4.755132,"injury","2","clear",false,1,"GM0479"
"20230068396",2023,"Letsel",2,"Fiets","Fiets","Onbekend","Bocht",15,"Niet brandend","Daglicht","Droog",\N,"600647547","FIETSPAD","Wassenaar","Wassenaar","Zuid-Holland",false,52.159424,4.373161,"injury","2","clear",false,1,"GM0629"
"20230026029",2023,"Uitsluitend materiele schade",3,"Personenauto","Fiets","Los voorwerp","Rechte weg",30,"Niet brandend","Daglicht","Droog",\N,"192260187","Dorpsstraat","Barendrecht","Barendrecht","Zuid-Holland",false,51.856895,4.535411,"material damage only","4","clear",false,1,"GM0489"
"20230027725",2023,"Letsel",2,"Bestelauto","Fiets","Flank","Kruispunt, 3 takken",50,"Niet brandend","Daglicht","Droog",\N,\N,"Zwijnsbergenstraat","Breda","Breda","Noord-Brabant",false,51.570153,4.801867,"injury","2","clear",false,1,"GM0758"
"20230033336",2023,"Uitsluitend materiele schade",2,"Personenauto","Fiets","Flank","Rotonde",30,"Niet brandend","Daglicht","Droog",\N,\N,"Braakven","Berlicum","Sint-Michielsgestel","Noord-Brabant",false,51.679776,5.40275,"material damage only","4","clear",false,1,"GM0845"
"20230034708",2023,"Letsel",2,"e-bike","Fiets","Flank","Rotonde",50,"Niet aanwezig","Daglicht","Droog",\N,\N,"Hofbeeklaan","Ede","Ede","Gelderland",false,52.041877,5.636734,"injury","2","clear",false,1,"GM0228"
"20230066816",2023,"Uitsluitend materiele schade",3,"Personenauto","Fiets","Geparkeerd voertuig","Rechte weg",30,"Niet brandend","Daglicht","Droog",\N,"239374102","De Clercqstraat","Amsterdam","Amsterdam","Noord-Holland",false,52.370026,4.8658,"material damage only","4","clear",false,1,"GM0363"
"20230069204",2023,"Uitsluitend materiele schade",3,"Snorfiets","Fiets","Onbekend","Rechte weg",50,"Niet brandend","Daglicht","Droog",\N,"211242136","Galileïlaan","Dordrecht","Dordrecht","Zuid-Holland",false,51.779319,4.675947,"material damage only","4","clear",false,1,"GM0505"
"20230069214",2023,"Letsel",2,"Bromfiets","Fiets","Flank","Kruispunt, 4 takken",50,"Niet brandend","Daglicht","Droog",\N,\N,"Henegouwerlaan","Rotterdam","Rotterdam","Zuid-Holland",false,51.922352,4.462496,"injury","2","clear",false,1,"GM0599"
"20230017997",2023,"Uitsluitend materiele schade",2,"Personenauto","Fiets","Onbekend","Kruispunt, 3 takken",50,"Niet aanwezig","Daglicht","Droog",\N,\N,"Nassaustraat","Bussum","Gooise Meren","Noord-Holland",false,52.275819,5.161804,"material damage only","4","clear",false,1,"GM1942"
"20230021471",2023,"Letsel",2,"Bus","Fiets","Flank","Rechte weg",50,"Niet brandend","Daglicht","Droog",\N,"168313037","Diamanthorst","'s-Gravenhage","'s-Gravenhage","Zuid-Holland",false,52.095946,4.358696,"injury","2","clear",false,1,"GM0518"
"20230022013",2023,"Letsel",2,"Personenauto","Fiets","Flank","Kruispunt, 3 takken",30,"Niet brandend","Daglicht","Droog",\N,\N,"Schoemakerstraat","Delft","Delft","Zuid-Holland",false,52.002693,4.376812,"injury","2","clear",false,1,"GM0503"
"20230030100",2023,"Uitsluitend materiele schade",2,"Personenauto","Fiets","Voetganger","Kruispunt, 4 takken",50,"Niet brandend","Daglicht","Droog",\N,\N,"Laan op Zuid","Rotterdam","Rotterdam","Zuid-Holland",false,51.903958,4.502941,"material damage only","4","clear",false,1,"GM0599"
"20230030101",2023,"Letsel",2,"Fiets","Fiets","Flank","Rechte weg",50,"Niet brandend","Daglicht","Droog",\N,"600741393","Burgemeester Jonkerkade","Hendrik-Ido-Ambacht","Hendrik-Ido-Ambacht","Zuid-Holland",false,51.842046,4.642597,"injury","2","clear",false,1,"GM0531"
"20240029660",2024,"Uitsluitend materiele schade",2,"Personenauto","Fiets","Flank","Kruispunt, 3 takken",50,"Niet brandend","Daglicht","Droog",\N,\N,"Melis Stokelaan","'s-Gravenhage","'s-Gravenhage","Zuid-Holland",false,52.050735,4.288311,"material damage only","4","clear",false,1,"GM0518"
"20230069675",2023,"Letsel",1,"Fiets",\N,"Eenzijdig","Rechte weg",50,"Niet aanwezig","Daglicht","Droog",\N,"600713005","Delflandsedijk","Maassluis","Maassluis","Zuid-Holland",false,51.928547,4.23112,"injury","2","clear",false,1,"GM0556"
"20240026465",2024,"Uitsluitend materiele schade",2,"Fiets",\N,"Flank","Kruispunt, 4 takken",30,"Niet brandend","Daglicht","Droog",\N,\N,"Dwenger","Coevorden","Coevorden","Drenthe",false,52.660387,6.744179,"material damage only","4","clear",false,1,"GM0109"
"20230028380",2023,"Letsel",2,"Bestelauto","Fiets","Flank","Rotonde",50,"Niet brandend","Daglicht","Droog",\N,\N,"Kilwijkstraat","Dordrecht","Dordrecht","Zuid-Holland",false,51.809161,4.662144,"injury","2","clear",false,1,"GM0505"
"20230032967",2023,"Uitsluitend materiele schade",2,"Bestelauto","Fiets","Flank","Kruispunt, 4 takken",30,"Niet brandend","Daglicht","Droog",\N,\N,"Noord Koninginnewal","Helmond","Helmond","Noord-Brabant",false,51.478853,5.657667,"material damage only","4","clear",false,1,"GM0794"
"20240031580",2024,"Letsel",2,"Personenauto","Fiets","Flank","Kruispunt, 4 takken",50,"Niet brandend","Daglicht","Droog",\N,\N,"Wagonstraat","Roosendaal","Roosendaal","Noord-Brabant",false,51.555835,4.474,"injury","2","clear",false,1,"GM1674"
"20230015794",2023,"Uitsluitend materiele schade",2,"Personenauto","Fiets","Flank","Kruispunt, 3 takken",50,"Brandend","Schemer","Droog",\N,\N,"Giek","Zeewolde","Zeewolde","Flevoland",false,52.338073,5.528057,"material damage only","4","clear",false,1,"GM0050"
"20230016907",2023,"Letsel",1,"Fiets",\N,"Eenzijdig","Rechte weg",50,"Niet brandend","Daglicht","Regen",\N,"600509371","Fortuinweg","Zaandijk","Zaanstad","Noord-Holland",false,52.470799,4.796748,"injury","2","rain",false,1,"GM0479"
"20230018073",2023,"Uitsluitend materiele schade",1,"Fiets",\N,"Onbekend","Kruispunt, 3 takken",50,"Niet brandend","Daglicht","Droog",\N,\N,"Hogeweg","Zandvoort","Zandvoort","Noord-Holland",false,52.370639,4.529093,"material damage only","4","clear",false,1,"GM0473"
"20230022072",2023,"Letsel",1,"Fiets",\N,"Eenzijdig","Rechte weg",30,"Niet brandend","Daglicht","Droog",\N,"600105623","Raamweg","'s-Gravenhage","'s-Gravenhage","Zuid-Holland",false,52.09438,4.308938,"injury","2","clear",false,1,"GM0518"
"20230025569",2023,"Letsel",1,"Fiets",\N,"Eenzijdig","Kruispunt, 3 takken",50,\N,"Duisternis",\N,\N,"600604624","Vierhavensstraat","Rotterdam","Rotterdam","Zuid-Holland",false,51.907409,4.438539,"injury","2","unknown",false,1,"GM0599"
"20230030169",2023,"Uitsluitend materiele schade",2,"Personenauto","Fiets","Flank","Rechte weg",50,"Brandend","Duisternis","Droog",\N,"600891324","1e Middellandstraat","Rotterdam","Rotterdam","Zuid-Holland",false,51.919241,4.463932,"material damage only","4","clear",false,1,"GM0599"
"20240029684",2024,"Letsel",1,"Fiets",\N,"Onbekend","Rechte weg",50,"Niet brandend","Daglicht","Droog","Parkeervoorziening","154312036","Duivelandsestraat","'s-Gravenhage","'s-Gravenhage","Zuid-Holland",false,52.087387,4.253378,"injury","2","clear",false,1,"GM0518"
"20230067252",2023,"Letsel",2,"Personenauto","Fiets","Flank","Kruispunt, 3 takken",50,"Niet brandend","Daglicht","Droog",\N,\N,"Escapade","Amstelveen","Amstelveen","Noord-Holland",false,52.303498,4.882866,"injury","2","clear",false,1,"GM0362"
"20230069315",2023,"Letsel",3,\N,"Fiets","Eenzijdig","Rotonde",50,"Niet brandend","Daglicht","Droog",\N,\N,"Coornhertstraat","Dordrecht","Dordrecht","Zuid-Holland",false,51.805537,4.656026,"injury","2","clear",false,1,"GM0505"
"20240025582",2024,"Uitsluitend materiele schade",1,"Fiets",\N,"Onbekend","Rechte weg",30,"Niet brandend","Daglicht","Droog",\N,"337323021","Kortelaan","Barneveld","Barneveld","Gelderland",false,52.145314,5.586551,"material damage only","4","clear",false,1,"GM0203"
"20230016379",2023,"Letsel",2,"Fiets","Fiets","Onbekend","Bocht",30,"Niet brandend","Daglicht","Droog",\N,"238337063","Bozenhoven","Mijdrecht","De Ronde Venen","Utrecht",false,52.206228,4.865278,"injury","2","clear",false,1,"GM0736"
"20230016389",2023,"Uitsluitend materiele schade",2,"Bestelauto","Fiets","Frontaal","Kruispunt, 4 takken",50,"Brandend","Duisternis","Droog",\N,\N,"Spitsbergenweg","Veenendaal","Veenendaal","Utrecht",false,52.029608,5.573582,"material damage only","4","clear",false,1,"GM0345"
"20230022688",2023,"Letsel",2,"Personenauto","Fiets","Frontaal","Kruispunt, 3 takken",60,"Niet brandend","Daglicht","Regen",\N,\N,"Tuinveldlaan","'s-Gravenzande","Westland","Zuid-Holland",false,52.010944,4.173301,"injury","2","rain",false,1,"GM1783"
"20230029043",2023,"Uitsluitend materiele schade",2,"Personenauto","Fiets","Los voorwerp","Kruispunt, 4 takken",50,"Niet brandend","Daglicht","Droog",\N,\N,"Franz Lisztstraat","Tilburg","Tilburg","Noord-Brabant",false,51.582312,5.082617,"material damage only","4","clear",false,1,"GM0855"