"accident_id","year","severity_raw","party_count","party1_type","party2_type","accident_type","road_situation","speed_limit_kmh","road_lighting","light_condition_label","weather_raw","infra_type","road_segment_id","street_name","place_name","gemeente_name_raw","province","alcohol_indicated","latitude","longitude","severity_label","severity_code","weather_label","built_up_area","cyclists_involved","gemeente_code"
"20240080282",2024,"Uitsluitend materiele schade",1,"Fiets",\N,"Onbekend",\N,\N,\N,"Duisternis",\N,\N,"175180003","Rietgoorsestraat","Roosendaal","Roosendaal","Noord-Brabant",false,51.495267,4.424046,"material damage only","4","unknown",false,1,"GM1674"
"20240036593",2024,"Uitsluitend materiele schade",2,"Fiets","Fiets","Kop/staart","Rechte weg",50,"Niet brandend","Daglicht","Droog",\N,"359285001","Fonteinallee","Heveadorp","Renkum","Gelderland",false,51.971073,5.754027,"material damage only","4","clear",false,1,"GM0274"
"20240042601",2024,"Letsel",2,"Personenauto","Fiets","Flank","Kruispunt, 3 takken",30,"Niet brandend","Daglicht","Droog",\N,\N,"Mattenbies","Nieuw-Lekkerland","Molenlanden","Zuid-Holland",false,51.887117,4.680011,"injury","2","clear",false,1,"GM1978"
"20240042622",2024,"Uitsluitend materiele schade",2,"Personenauto","Fiets","Kop/staart","Kruispunt, 4 takken",50,"Niet brandend","Daglicht","Droog",\N,\N,"Bergsingel","Rotterdam","Rotterdam","Zuid-Holland",false,51.932762,4.472334,"material damage only","4","clear",false,1,"GM0599"
"20240042656",2024,"Letsel",2,"Fiets","Bromfiets","Frontaal","Rechte weg",50,"Niet brandend","Daglicht","Droog",\N,"600686863","FIETSPAD","Papendrecht","Papendrecht","Zuid-Holland",false,51.834357,4.69708,"injury","2","clear",false,1,"GM0590"
"20240042663",2024,"Letsel",1,"Fiets",\N,"Onbekend",\N,30,\N,"Schemer",\N,\N,"136254025","Opzoomerlaan","Hellevoetsluis","Voorne aan Zee","Zuid-Holland",false,51.826657,4.131325,"injury","2","unknown",false,1,"GM1992"
"20240047210",2024,"Letsel",2,"Personenauto","Fiets","Flank","Bocht",50,"Niet brandend","Daglicht","Droog",\N,\N,"Archimedesstraat","Dedemsvaart","Hardenberg","Overijssel",false,52.602906,6.486872,"injury","2","clear",false,1,"GM0160"
"20240038259",2024,"Letsel",2,"Fiets","Fiets","Frontaal","Kruispunt, 3 takken",30,"Niet brandend","Daglicht","Droog",\N,\N,"Oudeweg","Haarlem","Haarlem","Noord-Holland",false,52.384008,4.65063,"injury","2","clear",false,1,"GM0392"
"20240047873",2024,"Uitsluitend materiele schade",2,"Fiets","Bestelauto","Flank","Bocht",30,"Niet brandend","Daglicht","Droog",\N,"274309062","Flamingostraat","Utrecht","Utrecht","Utrecht",false,52.079133,5.125644,"material damage only","4","clear",false,1,"GM0344"
"20240033622",2024,"Uitsluitend materiele schade",2,"Personenauto","Fiets","Flank","Kruispunt, 3 takken",30,"Niet aanwezig","Daglicht",\N,\N,\N,"Sint Luciastraat","Weert","Weert","Limburg",false,51.261607,5.686183,"material damage only","4","unknown",false,1,"GM0988"
"20240039098",2024,"Uitsluitend materiele schade",2,"Fiets","Fiets","Kop/staart","Rechte weg",50,"Niet brandend","Daglicht","Droog",\N,"383244085","Nieuweweg","Groesbeek","Berg en Dal","Gelderland",false,51.787804,5.918876,"material damage only","4","clear",false,1,"GM1945"
"20240039988",2024,"Uitsluitend materiele schade",2,"Personenauto","Fiets","Kop/staart","Rechte weg",30,"Niet brandend","Daglicht","Droog",\N,"243371066","Sarphatistraat","Amsterdam","Amsterdam","Noord-Holland",false,52.359844,4.901517,"material damage only","4","clear",false,1,"GM0363"
"20240041434",2024,"Letsel",3,"Snorfiets","Fiets","Flank","Rechte weg",30,"Niet brandend","Daglicht","Droog",\N,"207373037","Belgiëlaan","Haarlem","Haarlem","Noord-Holland",false,52.36456,4.639189,"injury","2","clear",false,1,"GM0392"
"20240047910",2024,"Letsel",2,"Fiets","Fiets","Flank","Kruispunt, 3 takken",50,"Niet brandend","Daglicht","Droog",\N,\N,"Burg J N Stuifbergenlaan","Grootebroek","Stede Broec","Noord-Holland",false,52.689775,5.233217,"injury","2","clear",false,1,"GM0532"
"20240041467",2024,"Letsel",2,"Bromfiets","Fiets","Flank","Rechte weg",30,"Niet brandend","Daglicht","Droog",\N,\N,"Koepoortsweg","Hoorn","Hoorn","Noord-Holland",false,52.650054,5.055723,"injury","2","clear",false,1,"GM0405"
"20240041495",2024,"Uitsluitend materiele schade",2,"Personenauto","Fiets","Flank","Kruispunt, 4 takken",30,"Brandend","Duisternis","Droog",\N,\N,"Hofplein","Alkmaar","Alkmaar","Noord-Holland",false,52.631915,4.748207,"material damage only","4","clear",false,1,"GM0361"
"20240079845",2024,"Letsel",2,"Motor","Fiets","Flank","Kruispunt, 4 takken",15,"Niet brandend","Daglicht","Droog",\N,\N,"Nassauplein","Amsterdam","Amsterdam","Noord-Holland",false,52.384904,4.881525,"injury","2","clear",false,1,"GM0363"
"20240033112",2024,"Letsel",1,"Fiets",\N,"Onbekend","Bocht",30,"Niet brandend","Daglicht","Droog",\N,"170292035","Cornelis Drebbelweg","Delft","Delft","Zuid-Holland",false,51.998817,4.371561,"injury","2","clear",false,1,"GM0503"
"20240033731",2024,"Letsel",2,"Personenauto","Fiets","Frontaal","Kruispunt, 3 takken",60,"Niet aanwezig","Daglicht","Droog",\N,\N,"Korte Heide","Maasbree","Peel en Maas","Limburg",false,51.363487,6.034719,"injury","2","clear",false,1,"GM1894"
"20240037783",2024,"Letsel",2,"Fiets","Personenauto","Flank","Kruispunt, 4 takken",50,"Niet brandend","Daglicht","Droog",\N,\N,"WIJDEWORMER 3","Wijdewormer","Wormerland","Noord-Holland",false,52.492713,4.900407,"injury","2","clear",false,1,"GM0880"
"20240038422",2024,"Letsel",2,"Fiets","Fiets","Onbekend","Rechte weg",60,"Niet brandend","Daglicht","Droog",\N,"216416007","Uitgeesterweg","Limmen","Castricum","Noord-Holland",false,52.554371,4.701928,"injury","2","clear",false,1,"GM0383"
"20240042171",2024,"Letsel",1,"Fiets",\N,"Eenzijdig","Rechte weg",30,"Niet brandend","Daglicht","Droog","Tunnel","600944661","PROVINCIALEWEG NOORD","Oud Gastel","Halderberge","Noord-Brabant",false,51.594606,4.462092,"injury","2","clear",false,1,"GM1655"
"20240042205",2024,"Uitsluitend materiele schade",2,"Fiets","Personenauto","Onbekend",\N,50,\N,"Daglicht",\N,\N,\N,"Wilhelminakanaal Noord","Oosterhout","Oosterhout","Noord-Brabant",false,51.628771,4.882329,"material damage only","4","unknown",false,1,"GM0826"
"20240077243",2024,"Letsel",2,"Personenauto","Fiets","Flank","Kruispunt, 3 takken",30,"Niet brandend","Daglicht","Droog",\N,\N,"Neckarstraat","Beverwijk","Beverwijk","Noord-Holland",false,52.49526,4.674113,"injury","2","clear",false,1,"GM0375"
"20240038448",2024,"Uitsluitend materiele schade",2,"Personenauto","Fiets","Flank","Rechte weg",60,"Niet brandend","Daglicht","Droog",\N,"235411002","Zuiderweg","Westbeemster","Purmerend","Noord-Holland",false,52.535385,4.845924,"material damage only","4","clear",false,1,"GM0439"
"20240041573",2024,"Letsel",2,"Personenauto","Fiets","Flank","Kruispunt, 4 takken",30,"Brandend","Duisternis","Regen",\N,\N,"Ginnekenweg","Breda","Breda","Noord-Brabant",false,51.568893,4.784135,"injury","2","rain",false,1,"GM0758"
"20240042890",2024,"Letsel",3,"Bromfiets","Fiets","Frontaal","Bocht",30,"Niet brandend","Daglicht","Droog",\N,"601033159","Plaspoelpolderpad","Rijswijk","Rijswijk","Zuid-Holland",false,52.035363,4.333724,"injury","2","clear",false,1,\N
"20240079940",2024,"Uitsluitend materiele schade",1,"Fiets",\N,"Onbekend","Bocht",\N,"Niet aanwezig","Daglicht","Droog",\N,"242377028","Westerdoksdijk","Amsterdam","Amsterdam","Noord-Holland",false,52.383168,4.893116,"material damage only","4","clear",false,1,"GM0363"
"20240047472",2024,"Letsel",2,"Fiets","Voetganger","Voetganger","Rechte weg",30,"Niet brandend","Daglicht","Droog",\N,"600665161","De Boomgaard","Assen","Assen","Drenthe",false,53.00319,6.5044,"injury","2","clear",false,1,"GM0106"
"20240037891",2024,"Uitsluitend materiele schade",2,"Fiets","Fiets","Flank","Kruispunt, 3 takken",50,"Niet brandend","Daglicht","Droog",\N,\N,"Saendelverlaan","Krommenie","Zaanstad","Noord-Holland",false,52.495356,4.754756,"material damage only","4","clear",false,1,"GM0479"
"20240038532",2024,"Letsel",2,"Motor","Fiets","Flank","Kruispunt, 4 takken",50,"Niet brandend","Daglicht","Droog",\N,\N,"Burg D Kooimanweg","Purmerend","Purmerend","Noord-Holland",true,52.510683,4.957822,"injury","2","clear",false,1,"GM0439"
"20240072872",2024,"Letsel",2,"Motor","Fiets","Flank","Kruispunt, 3 takken",50,"Niet brandend","Daglicht","Droog",\N,\N,"Cruisboomstraat","Geulle","Meerssen","Limburg",false,50.925849,5.760416,"injury","2","clear",false,1,"GM0938"
"20240080048",2024,"Letsel",2,"Fiets","Personenauto","Flank","Kruispunt, 4 takken",30,"Niet brandend","Daglicht","Droog",\N,\N,"Zuidwijkring","Heerhugowaard","Dijk en Waard","Noord-Holland",false,52.649917,4.824904,"injury","2","clear",false,1,"GM1980"
"20240037026",2024,"Uitsluitend materiele schade",2,"Bromfiets","Fiets","Flank","Rechte weg",30,"Niet brandend","Daglicht","Droog","Tunnel","403404122","KOGGETUNNEL","Zwolle","Zwolle","Overijssel",false,52.505034,6.078834,"material damage only","4","clear",false,1,"GM0193"
"20240038619",2024,"Letsel",2,"Fiets","Personenauto","Onbekend","Rotonde",50,\N,"Daglicht",\N,\N,\N,"De Nieuwe Poort","Amersfoort","Amersfoort","Utrecht",false,52.15884,5.379729,"injury","2","unknown",false,1,"GM0307"
"20240047645",2024,"Uitsluitend materiele schade",2,"Fiets","Personenauto","Flank","Kruispunt, 3 takken",30,"Niet brandend","Daglicht","Droog",\N,\N,"Horst 33","Lelystad","Lelystad","Flevoland",false,52.503209,5.491809,"material damage only","4","clear",false,1,"GM0995"
"20240072125",2024,"Letsel",1,"Fiets",\N,"Flank","Rechte weg",15,"Niet brandend","Daglicht","Droog",\N,\N,"Rondweg","Dordrecht","Dordrecht","Zuid-Holland",false,51.795197,4.680285,"injury","2","clear",false,1,"GM0505"
"20240072972",2024,"Letsel",2,"Fiets","Vrachtauto","Kop/staart","Kruispunt, 4 takken",30,"Niet brandend","Daglicht","Droog",\N,\N,"Vlaszak","Breda","Breda","Noord-Brabant",false,51.589555,4.780355,"injury","2","clear",false,1,"GM0758"
"20240176450",2024,"Uitsluitend materiele schade",2,"Personenauto","Fiets","Flank","Kruispunt, 4 takken",30,"Niet brandend","Daglicht","Droog",\N,\N,"Velserduinweg","IJmuiden","Velsen","Noord-Holland",false,52.458661,4.62022,"material damage only","4","clear",false,1,"GM0453"
"20240044899",2024,"Letsel",2,"Personenauto","Fiets","Frontaal","Bocht",30,"Niet brandend","Daglicht","Droog",\N,"379039007","Koulen","Klimmen","Voerendaal","Limburg",false,50.867381,5.880979,"injury","2","clear",false,1,"GM0986"
"20240050760",2024,"Uitsluitend materiele schade",2,"Fiets","Fiets","Eenzijdig","Rechte weg",30,"Niet aanwezig","Daglicht","Droog",\N,"601061793","Stationsweg","Aalsmeer","Aalsmeer","Noord-Holland",false,52.26664,4.749087,"material damage only","4","clear",false,1,"GM0358"
"20230091067",2023,"Uitsluitend materiele schade",2,"Personenauto","Fiets","Flank","Kruispunt, 4 takken",30,"Niet brandend","Daglicht","Regen",\N,\N,"Waterschap","Oss","Oss","Noord-Brabant",false,51.775045,5.50603,"material damage only","4","rain",false,1,"GM0828"
"20230093414",2023,"Uitsluitend materiele schade",2,"Personenauto","Fiets","Flank","Rechte weg",30,"Niet brandend","Daglicht","Droog",\N,"387287035","Honigkamp","Arnhem","Arnhem","Gelderland",false,51.980778,5.953741,"material damage only","4","clear",false,1,"GM0202"
"20230094558",2023,"Uitsluitend materiele schade",2,"Bromfiets","Fiets","Frontaal","Bocht",30,"Niet brandend","Daglicht","Droog","Tunnel","600246692","Scherpenkampweg","Nijmegen","Nijmegen","Gelderland",false,51.839159,5.800186,"material damage only","4","clear",false,1,"GM0268"
"20230099261",2023,"Letsel",2,"Personenauto","Fiets","Onbekend","Rechte weg",50,"Niet brandend","Daglicht","Droog",\N,"209196050","Bredaseweg","Etten-Leur","Etten-Leur","Noord-Brabant",false,51.572391,4.661194,"injury","2","clear",false,1,"GM0777"
"20230105740",2023,"Uitsluitend materiele schade",1,"Fiets",\N,"Onbekend","Kruispunt, 3 takken",60,"Brandend","Duisternis","Droog/Harde windstoten",\N,\N,"Kooiweg","Brakel","Zaltbommel","Gelderland",false,51.806787,5.118391,"material damage only","4","unknown",false,1,"GM0297"
"20230079943",2023,"Uitsluitend materiele schade",2,"Bromfiets","Fiets","Flank",\N,30,"Niet brandend","Daglicht","Droog",\N,"329232087","Hoogstraat","Heesch","Bernheze","Noord-Brabant",false,51.733779,5.527628,"material damage only","4","clear",false,1,"GM1721"
"20230085225",2023,"Letsel",3,"Bromfiets","Fiets","Onbekend","Rechte weg",\N,"Niet brandend","Schemer","Droog",\N,"422333002","Zutphenseweg","Gorssel","Lochem","Gelderland",false,52.18614,6.210458,"injury","2","clear",false,1,"GM0262"
"20230091728",2023,"Uitsluitend materiele schade",1,"Fiets",\N,"Flank","Rechte weg",\N,"Niet brandend","Daglicht","Droog",\N,"295222026","Simon Stevinweg","'s-Hertogenbosch","'s-Hertogenbosch","Noord-Brabant",false,51.691868,5.279714,"material damage only","4","clear",false,1,"GM0796"
"20230091734",2023,"Letsel",2,\N,"Fiets","Eenzijdig","Bocht",30,"Brandend","Duisternis","Droog",\N,"341214060","Willem-Alexanderhof","Uden","Maashorst","Noord-Brabant",false,51.654491,5.615359,"injury","2","clear",false,1,"GM1991"
"20230094039",2023,"Letsel",2,"Personenauto","Fiets","Onbekend","Kruispunt, 3 takken",50,"Brandend","Schemer","Droog",\N,\N,"Nieuwe Havenweg","Arnhem","Arnhem","Gelderland",false,51.971475,5.933834,"injury","2","clear",false,1,"GM0202"
"20230097500",2023,"Letsel",2,"Fiets","Voetganger","Voetganger","Rechte weg",50,"Brandend","Duisternis","Regen",\N,"600382606","Bos en Lommerweg","Amsterdam","Amsterdam","Noord-Holland",false,52.379844,4.853184,"injury","2","rain",false,1,"GM0363"
"20230104532",2023,"Uitsluitend materiele schade",2,"Personenauto","Fiets","Geparkeerd voertuig","Rechte weg",50,"Niet brandend","Daglicht","Droog",\N,"527549007","Hazelaarstraat","Winschoten","Oldambt","Groningen",false,53.147242,7.015922,"material damage only","4","clear",false,1,"GM1895"
"20230081823",2023,"Uitsluitend materiele schade",2,"Personenauto","Fiets","Flank","Rotonde",30,"Niet brandend","Daglicht","Droog",\N,\N,"Monseigneur Nolensplein","Venlo","Venlo","Limburg",false,51.3727,6.172299,"material damage only","4","clear",false,1,"GM0983"
"20230084715",2023,"Uitsluitend materiele schade",1,"Fiets",\N,"Eenzijdig","Rechte weg",30,"Niet brandend","Daglicht","Droog",\N,"334282021","Nieuwe Veenendaalseweg","Rhenen","Rhenen","Utrecht",false,51.961491,5.568528,"material damage only","4","clear",false,1,"GM0340"
"20230095236",2023,"Letsel",2,"Personenauto","Fiets","Flank","Kruispunt, 3 takken",50,"Niet aanwezig","Daglicht","Droog",\N,\N,"Floris van Adrichemlaan","Haarlem","Haarlem","Noord-Holland",false,52.364468,4.657144,"injury","2","clear",false,1,"GM0392"
"20230095830",2023,"Uitsluitend materiele schade",2,"Fiets","Personenauto","Flank","Kruispunt, 3 takken",50,"Niet brandend","Daglicht","Droog",\N,\N,"Audrey Hepburnstraat","Almere","Almere","Flevoland",false,52.366088,5.241212,"material damage only","4","clear",false,1,"GM0034"
"20230104441",2023,"Uitsluitend materiele schade",2,"Personenauto","Fiets","Flank","Kruispunt, 3 takken",50,"Niet brandend","Daglicht","Droog",\N,\N,"Kometenstraat","Groningen","Groningen","Groningen",false,53.2339,6.539731,"material damage only","4","clear",false,1,"GM0014"
"20230104581",2023,"Letsel",2,"Personenauto","Fiets","Flank","Kruispunt, 3 takken",30,"Brandend","Duisternis","Regen",\N,\N,"Heerestraat","Roden","Noordenveld","Drenthe",false,53.136148,6.432676,"injury","2","rain",false,1,"GM1699"
"20230097579",2023,"Letsel",1,"e-bike",\N,"Eenzijdig","Rotonde",30,"Niet aanwezig","Daglicht","Droog",\N,\N,"Zuiderzeeweg","Amsterdam","Amsterdam","Noord-Holland",false,52.382426,4.970573,"injury","2","clear",false,1,"GM0363"
"20230103668",2023,"Letsel",1,"Fiets",\N,"Eenzijdig","Kruispunt, 3 takken",50,"Niet brandend","Schemer","Regen",\N,\N,"Molenlaan","Papendrecht","Papendrecht","Zuid-Holland",false,51.840798,4.689146,"injury","2","rain",false,1,"GM0590"
"20230105015",2023,"Letsel",2,"Fiets","Fiets","Los voorwerp","Rechte weg",50,"Niet brandend","Daglicht","Droog",\N,"600838978","Cranenburgsestraat","Groesbeek","Berg en Dal","Gelderland",false,51.781323,5.935361,"injury","2","clear",false,1,"GM1945"
"20230105892",2023,"Uitsluitend materiele schade",2,"Personenauto","Fiets","Flank","Kruispunt, 4 takken",50,"Niet brandend","Daglicht","Droog",\N,\N,"St. Annastraat","Nijmegen","Nijmegen","Gelderland",false,51.840597,5.860458,"material damage only","4","clear",false,1,"GM0268"
"20230081289",2023,"Letsel",2,"Personenauto","e-bike","Flank","Rotonde",50,"Niet brandend","Daglicht","Droog",\N,\N,"Brugweg","Zwijndrecht","Zwijndrecht","Zuid-Holland",false,51.813388,4.642244,"injury","2","clear",false,1,"GM0642"
"20230083032",2023,"Uitsluitend materiele schade",2,"Fiets","Fiets","Flank","Kruispunt, 4 takken",50,"Niet brandend","Daglicht","Droog",\N,\N,"Halterstraat","Zutphen","Zutphen","Gelderland",false,52.143972,6.196807,"material damage only","4","clear",false,1,"GM0301"
"20230084211",2023,"Letsel",2,"Fiets","Scootmobiel","Onbekend","Bocht",30,"Niet brandend","Daglicht","Droog","Bus-/Tramhalte","224437008","Laan van Straatsburg","Alkmaar","Alkmaar","Noord-Holland",false,52.653334,4.758744,"injury","2","clear",false,1,"GM0361"
"20230093578",2023,"Letsel",2,"Personenauto","Fiets","Flank","Rechte weg",50,"Niet brandend","Daglicht","Droog",\N,"529547025","Garst","Winschoten","Oldambt","Groningen",false,53.139658,7.030145,"injury","2","clear",false,1,"GM1895"
"20230096473",2023,"Uitsluitend materiele schade",2,"Personenauto","Fiets","Onbekend","Kruispunt, 4 takken",50,"Brandend","Duisternis","Droog",\N,\N,"Kranenburgweg","Zwolle","Zwolle","Overijssel",false,52.526229,6.124099,"material damage only","4","clear",false,1,"GM0193"
"20230106290",2023,"Letsel",2,"Fiets","Fiets","Flank","Rechte weg",30,"Niet brandend","Daglicht","Droog",\N,"251255017","Vroedschapstraat","Gorinchem","Gorinchem","Zuid-Holland",false,51.835412,4.960289,"injury","2","clear",false,1,"GM0512"
"20230101069",2023,"Uitsluitend materiele schade",2,"Bestelauto","Fiets","Flank","Kruispunt, 4 takken",50,"Niet brandend","Daglicht","Droog",\N,\N,"Van Aalstlaan","Zoetermeer","Zoetermeer","Zuid-Holland",false,52.055879,4.510371,"material damage only","4","clear",false,1,"GM0637"
"20230102693",2023,"Uitsluitend materiele schade",2,"Personenauto","Fiets","Flank","Kruispunt, 4 takken",50,"Niet brandend","Daglicht","Regen",\N,\N,"Johan Huizingalaan","Amsterdam","Amsterdam","Noord-Holland",false,52.35256,4.827409,"material damage only","4","rain",false,1,"GM0363"
"20230080758",2023,"Uitsluitend materiele schade",2,"Personenauto","Fiets","Flank","Rotonde",50,"Niet brandend","Daglicht","Droog",\N,\N,"Halmaheiraplein","Dordrecht","Dordrecht","Zuid-Holland",false,51.805505,4.688903,"material damage only","4","clear",false,1,"GM0505"
"20230088941",2023,"Uitsluitend materiele schade",2,"Fiets","Snorfiets","Flank","Kruispunt, 4 takken",15,"Niet aanwezig","Daglicht","Droog",\N,\N,"Reidans","Capelle aan den IJssel","Capelle aan den IJssel","Zuid-Holland",false,51.949051,4.571861,"material damage only","4","clear",false,1,"GM0502"
"20230103254",2023,"Uitsluitend materiele schade",2,"Bromfiets","Fiets","Flank","Kruispunt, 4 takken",50,"Brandend","Duisternis","Droog",\N,\N,"Piazza Center","Gorinchem","Gorinchem","Zuid-Holland",false,51.837505,4.962646,"material damage only","4","clear",false,1,"GM0512"
"20230107164",2023,"Uitsluitend materiele schade",2,"Personenauto","e-bike","Flank","Kruispunt, 4 takken",50,"Brandend","Duisternis","Droog",\N,\N,"Bovendijk","Rotterdam","Rotterdam","Zuid-Holland",false,51.949158,4.458465,"material damage only","4","clear",false,1,"GM0599"
"20230088976",2023,"Letsel",2,"Fiets","Personenauto","Flank","Rechte weg",50,"Niet brandend","Daglicht","Regen",\N,"170277041","Bachplein","Schiedam","Schiedam","Zuid-Holland",false,51.935018,4.373374,"injury","2","rain",false,1,"GM0606"
"20230091936",2023,"Letsel",2,"Personenauto","Fiets","Flank","Kruispunt, 4 takken",50,"Niet brandend","Daglicht","Droog",\N,\N,"Langhaagweg","Stein","Stein","Limburg",false,50.974277,5.768476,"injury","2","clear",false,1,\N
"20230098911",2023,"Uitsluitend materiele schade",2,"Personenauto","Fiets","Flank","Kruispunt, 3 takken",50,"Niet brandend","Daglicht","Droog",\N,\N,"Heerderweg","Maastricht","Maastricht","Limburg",false,50.846542,5.707434,"material damage only","4","clear",false,1,"GM0935"
"20230100824",2023,"Letsel",2,"Bromfiets","Fiets","Frontaal","Kruispunt, 3 takken",50,"Brandend","Duisternis","Droog",\N,\N,"FIETSPAD","Nuenen","Nuenen, Gerwen en Nederwetten","Noord-Brabant",false,51.468661,5.535453,"injury","2","clear",false,1,"GM0820"
"20230103828",2023,"Uitsluitend materiele schade",2,"Bromfiets","Fiets","Flank","Kruispunt, 3 takken",30,"Niet brandend","Daglicht","Droog",\N,\N,"Burg van Engelenweg","IJsselmuiden","Kampen","Overijssel",false,52.561063,5.925855,"material damage only","4","clear",false,1,"GM0166"
"20230105717",2023,"Uitsluitend materiele schade",2,"Personenauto","Fiets","Flank","Rotonde",50,"Niet aanwezig","Daglicht","Regen",\N,\N,"Laan van Fasna","Vaassen","Epe","Gelderland",false,52.28999,5.974712,"material damage only","4","rain",false,1,"GM0232"
"20230081416",2023,"Letsel",2,"Personenauto","Fiets","Flank","Kruispunt, 3 takken",30,"Niet brandend","Daglicht","Regen",\N,\N,"Jan van der Heydenstraat","Bleiswijk","Lansingerland","Zuid-Holland",false,52.011712,4.543019,"injury","2","rain",false,1,"GM1621"
"20230083202",2023,"Letsel",2,"Personenauto","e-bike","Onbekend","Kruispunt, 4 takken",30,"Niet brandend","Daglicht","Regen",\N,\N,"Roptawei","Nijewier","Noardeast-Fryslân","Friesland",false,53.360936,6.066631,"injury","2","rain",false,1,"GM1970"
"20230083762",2023,"Letsel",2,"Personenauto","Fiets","Flank","Rechte weg",30,"Niet brandend","Daglicht","Droog",\N,"600401813","Dokkumerloane","Wâlterswâld","Dantumadiel","Friesland",false,53.30634,6.03124,"injury","2","clear",false,1,"GM1891"
"20230087227",2023,"Uitsluitend materiele schade",2,"Personenauto","Fiets","Flank","Kruispunt, 3 takken",50,"Niet brandend","Daglicht","Droog",\N,\N,"Laan der Nederlanden","Beverwijk","Beverwijk","Noord-Holland",false,52.496801,4.665921,"material damage only","4","clear",false,1,"GM0375"
"20230090158",2023,"Letsel",2,"Personenauto","Fiets","Flank","Kruispunt, 4 takken",30,"Brandend","Schemer","Regen",\N,\N,"Jacoba van Beierenlaan","Delft","Delft","Zuid-Holland",false,52.003066,4.352145,"injury","2","rain",false,1,"GM0503"
"20230090173",2023,"Letsel",2,"Motor","Fiets","Onbekend","Kruispunt, 4 takken",50,"Brandend","Duisternis","Regen",\N,\N,"De Heemstraat","'s-Gravenhage","'s-Gravenhage","Zuid-Holland",false,52.066904,4.29762,"injury","2","rain",false,1,"GM0518"
"20230080282",2023,"Letsel",2,"Fiets","Fiets","Onbekend","Rechte weg",80,"Brandend","Duisternis","Droog",\N,"321138002","Maastrichterweg","Valkenswaard","Valkenswaard","Noord-Brabant",false,51.317577,5.464932,"injury","2","clear",false,1,"GM0858"
"20230093746",2023,"Uitsluitend materiele schade",2,"Personenauto","Fiets","Flank","Rotonde",50,"Brandend","Duisternis","Regen",\N,\N,"Burgemeester Roelenweg","Zwolle","Zwolle","Overijssel",false,52.516321,6.088621,"material damage only","4","rain",false,1,"GM0193"
"20230089088",2023,"Letsel",1,"Fiets",\N,"Eenzijdig","Rechte weg",50,"Niet brandend","Daglicht","Droog",\N,"600719008","Benoordenhoutseweg","'s-Gravenhage","'s-Gravenhage","Zuid-Holland",false,52.0933,4.333093,"injury","2","clear",false,1,"GM0518"
"20230092070",2023,"Letsel",2,"Personenauto","Fiets","Frontaal","Rotonde",50,"Niet brandend","Schemer","Droog",\N,\N,"Langstraat","Venray","Venray","Limburg",false,51.519217,5.97052,"injury","2","clear",false,1,"GM0984"
"20230097266",2023,"Letsel",2,"Fiets","Overig vast object","Vast voorwerp","Rechte weg",30,"Niet brandend","Daglicht","Droog",\N,\N,"Kennemerweg","Zandvoort","Zandvoort","Noord-Holland",false,52.369016,4.552671,"injury","2","clear",false,1,"GM0473"
"20230080343",2023,"Uitsluitend materiele schade",2,"Fiets","Personenauto","Geparkeerd voertuig","Rechte weg",30,"Niet brandend","Daglicht","Droog",\N,"601086393","Krabbendijkestraat","Rotterdam","Rotterdam","Zuid-Holland",false,51.874397,4.466636,"material damage only","4","clear",false,1,"GM0599"
"20230098484",2023,"Uitsluitend materiele schade",2,"Personenauto","Fiets","Flank","Kruispunt, 3 takken",50,"Niet brandend","Daglicht","Droog",\N,\N,"Abdijlaan","Veldhoven","Veldhoven","Noord-Brabant",false,51.409698,5.400484,"material damage only","4","clear",false,1,"GM0861"
"20230082173",2023,"Letsel",2,"Bromfiets","Fiets","Frontaal","Rechte weg",70,"Brandend","Duisternis","Droog","Brug/viaduct","600515386","Viaductweg","Maastricht","Maastricht","Limburg",true,50.860257,5.706362,"injury","2","clear",false,1,"GM0935"
"20230082176",2023,"Uitsluitend materiele schade",3,"Personenauto","Fiets","Flank","Kruispunt, 4 takken",30,"Niet brandend","Daglicht","Droog",\N,\N,"Mozartstraat","Roermond","Roermond","Limburg",true,51.179663,6.01152,"material damage only","4","clear",false,1,"GM0957"
"20230087968",2023,"Letsel",2,"Bromfiets","Fiets","Flank","Kruispunt, 3 takken",30,"Niet brandend","Daglicht","Droog",\N,\N,"Overbospad","Hoofddorp","Haarlemmermeer","Noord-Holland",false,52.320783,4.663283,"injury","2","clear",false,1,"GM0394"
"20230103465",2023,"Letsel",2,"Personenauto","Fiets","Flank","Kruispunt, 4 takken",50,"Niet brandend","Daglicht","Regen",\N,\N,"Schiekade","Rotterdam","Rotterdam","Zuid-Holland",false,51.928019,4.474428,"injury","2","rain",false,1,"GM0599"
"20230086271",2023,"Uitsluitend materiele schade",2,"Personenauto","Fiets","Onbekend","Rotonde",50,"Brandend","Daglicht","Regen",\N,\N,"Newtonweg","Harderwijk","Harderwijk","Gelderland",false,52.349196,5.632697,"material damage only","4","rain",false,1,"GM0243"
"20230098001",2023,"Uitsluitend materiele schade",2,"Personenauto","Fiets","Flank","Kruispunt, 3 takken",30,"Niet brandend","Daglicht","Regen",\N,\N,"Zweedselaan","Beverwijk","Beverwijk","Noord-Holland",false,52.48561,4.664772,"material damage only","4","rain",false,1,"GM0375"
"20230099171",2023,"Uitsluitend materiele schade",2,"Fiets","Personenauto","Onbekend","Kruispunt, 3 takken",30,"Niet brandend","Daglicht","Regen",\N,\N,"Molenstraat","Helmond","Helmond","Noord-Brabant",false,51.478656,5.661167,"material damage only","4","rain",false,1,"GM0794"