"accident_id","year","severity_raw","party_count","party1_type","party2_type","accident_type","road_situation","speed_limit_kmh","road_lighting","light_condition_label","weather_raw","infra_type","road_segment_id","street_name","place_name","gemeente_name_raw","province","alcohol_indicated","latitude","longitude","severity_label","severity_code","weather_label","built_up_area","cyclists_involved","gemeente_code"
"20220050441",2022,"Uitsluitend materiele schade",3,"Personenauto","Fiets","Onbekend","Rechte weg",50,"Niet brandend","Daglicht","Droog",\N,"266332006","Herenweg","Breukeleveen","Wijdemeren","Noord-Holland",false,52.177167,5.069323,"material damage only","4","clear",false,1,"GM1696"
"20220051988",2022,"Uitsluitend materiele schade",2,"Snorfiets","Fiets","Frontaal","Rechte weg",30,"Niet brandend","Daglicht","Droog",\N,"600284264","Aziëweg","Haarlem","Haarlem","Noord-Holland",false,52.360223,4.656042,"material damage only","4","clear",false,1,"GM0392"
"20220073286",2022,"Letsel",2,"Personenauto","Fiets","Frontaal","Kruispunt, 3 takken",30,"Niet brandend","Daglicht","Regen",\N,\N,"Verlengde Parklaan","Hattem","Hattem","Gelderland",false,52.472857,6.062734,"injury","2","rain",false,1,"GM0244"
"20220111276",2022,"Uitsluitend materiele schade",2,"Personenauto","Fiets","Flank","Kruispunt, 3 takken",30,"Niet brandend","Daglicht","Droog",\N,\N,"Penelopestraat","Eindhoven","Eindhoven","Noord-Brabant",false,51.458059,5.487679,"material damage only","4","clear",false,1,"GM0772"
"20220112875",2022,"Uitsluitend materiele schade",2,"Personenauto","Fiets","Flank","Kruispunt, 4 takken",50,"Niet brandend","Daglicht","Droog",\N,\N,"Bevrijdingsweg","Venlo","Venlo","Limburg",false,51.345923,6.187149,"material damage only","4","clear",false,1,"GM0983"
"20220113412",2022,"Uitsluitend materiele schade",3,"Personenauto","Fiets","Onbekend","Rotonde",50,"Niet brandend","Daglicht","Droog",\N,\N,"Ganzeweide","Heerlen","Heerlen","Limburg",false,50.914261,5.959912,"material damage only","4","clear",false,1,"GM0917"
"20220074698",2022,"Letsel",1,"Fiets",\N,"Eenzijdig","Kruispunt, 4 takken",\N,"Niet brandend","Daglicht","Droog","Brug/viaduct",\N,"Geythoornweg","Giethoorn","Steenwijkerland","Overijssel",false,52.721877,6.071638,"injury","2","clear",false,1,"GM1708"
"20220035309",2022,"Uitsluitend materiele schade",1,"Fiets",\N,"Eenzijdig","Rotonde",50,"Niet brandend","Daglicht","Droog",\N,\N,"Nesdijk","Bergen (NH)","Bergen (NH)","Noord-Holland",false,52.66047,4.715701,"material damage only","4","clear",false,1,\N
"20220041163",2022,"Uitsluitend materiele schade",2,"e-bike","Fiets","Onbekend","Kruispunt, 3 takken",50,"Niet brandend","Daglicht","Droog",\N,\N,"Ruinerwoldseweg","Meppel","Meppel","Drenthe",false,52.706291,6.202729,"material damage only","4","clear",false,1,"GM0119"
"20230000978",2023,"Letsel",2,"Personenauto","Fiets","Onbekend","Kruispunt, 4 takken",80,"Niet brandend","Daglicht","Droog",\N,\N,"Erichemseweg","Erichem","Buren","Gelderland",false,51.904375,5.366831,"injury","2","clear",false,1,"GM0214"
"20230007821",2023,"Uitsluitend materiele schade",1,"Fiets",\N,"Onbekend",\N,30,\N,"Daglicht",\N,\N,"263194081","Troelstrastraat","Tilburg","Tilburg","Noord-Brabant",false,51.565103,5.053643,"material damage only","4","unknown",false,1,"GM0855"
"20230066653",2023,"Letsel",1,"Fiets",\N,"Eenzijdig",\N,30,\N,"Daglicht",\N,\N,"234371069","Comeniusstraat","Amsterdam","Amsterdam","Noord-Holland",false,52.358931,4.832921,"injury","2","unknown",false,1,"GM0363"
"20230001017",2023,"Uitsluitend materiele schade",2,"Personenauto","Fiets","Frontaal","Kruispunt, 4 takken",30,"Brandend","Schemer","Droog","Spoorwegovergang",\N,"Schoolstraat","Almelo","Almelo","Overijssel",false,52.346179,6.660072,"material damage only","4","clear",false,1,"GM0141"
"20230001792",2023,"Uitsluitend materiele schade",2,"Snorfiets","Fiets","Onbekend","Kruispunt, 4 takken",50,"Niet brandend","Daglicht","Droog",\N,"274311006","Schoolstraat","Utrecht","Utrecht","Utrecht",false,52.091159,5.128838,"material damage only","4","clear",false,1,"GM0344"
"20230075568",2023,"Letsel",2,"Personenauto","Fiets","Onbekend",\N,30,\N,"Daglicht",\N,\N,\N,"Badhuisplein","Zandvoort","Zandvoort","Noord-Holland",false,52.372855,4.526443,"injury","2","unknown",false,1,"GM0473"
"20230001037",2023,"Uitsluitend materiele schade",2,"Personenauto","e-bike","Onbekend","Rotonde",50,"Niet brandend","Daglicht","Regen",\N,\N,"Europa-allee","Kampen","Kampen","Overijssel",false,52.555085,5.907108,"material damage only","4","rain",false,1,"GM0166"
"20230001041",2023,"Letsel",2,"Fiets","Fiets","Flank","Rechte weg",50,"Niet brandend","Daglicht","Regen",\N,"600969378","Jan Fabriciusstraat","Assen","Assen","Drenthe",false,52.996906,6.567372,"injury","2","rain",false,1,"GM0106"
"20230002747",2023,"Letsel",2,"Personenauto","Fiets","Flank","Kruispunt, 4 takken",50,"Niet brandend","Daglicht","Droog",\N,\N,"Nassauplein","Breukelen","Stichtse Vecht","Utrecht",false,52.172832,4.998473,"injury","2","clear",false,1,"GM1904"
"20230092800",2023,"Uitsluitend materiele schade",1,"Fiets",\N,"Onbekend",\N,30,\N,"Duisternis",\N,\N,"236225006","Venestraat","Geertruidenberg","Geertruidenberg","Noord-Brabant",false,51.701455,4.857797,"material damage only","4","unknown",false,1,"GM0779"
"20230000717",2023,"Letsel",2,"Personenauto","Fiets","Flank","Kruispunt, 4 takken",50,"Niet brandend","Daglicht","Droog",\N,\N,"Klaphekweg","Ede","Ede","Gelderland",false,52.032536,5.655982,"injury","2","clear",false,1,"GM0228"
"20230011764",2023,"Uitsluitend materiele schade",2,"Personenauto","Fiets","Flank","Rechte weg",80,"Niet brandend","Schemer","Droog",\N,\N,"FIETSPAD","Ulft","Oude IJsselstreek","Gelderland",false,51.905892,6.360701,"material damage only","4","clear",false,1,"GM1509"
"20230009241",2023,"Uitsluitend materiele schade",2,"Bromfiets","Fiets","Frontaal","Rechte weg",30,"Niet brandend","Daglicht","Droog",\N,"418148017","Waterhoenstraat","Venlo","Venlo","Limburg",false,51.3566,6.164131,"material damage only","4","clear",false,1,"GM0983"
"20230003206",2023,"Uitsluitend materiele schade",2,"Personenauto","Fiets","Flank","Rotonde",50,"Niet brandend","Daglicht","Regen",\N,\N,"Zuidervaart","Zaandam","Zaanstad","Noord-Holland",false,52.432437,4.855116,"material damage only","4","rain",false,1,"GM0479"
"20230051525",2023,"Uitsluitend materiele schade",2,"Fiets","Fiets","Onbekend",\N,50,\N,"Daglicht",\N,\N,"600761307","Effentweg","Oosterhout","Oosterhout","Noord-Brabant",false,51.654526,4.878408,"material damage only","4","unknown",false,1,"GM0826"
"20230004576",2023,"Uitsluitend materiele schade",3,"Personenauto","Fiets","Onbekend","Kruispunt, 4 takken",50,"Niet brandend","Daglicht","Droog",\N,\N,"Bos en Lommerweg","Amsterdam","Amsterdam","Noord-Holland",false,52.382393,4.855631,"material damage only","4","clear",false,1,"GM0363"
"20230004584",2023,"Letsel",2,"Fiets","Fiets","Flank","Kruispunt, 4 takken",50,"Niet aanwezig","Daglicht","Droog",\N,\N,"Egelantiersstraat","Amsterdam","Amsterdam","Noord-Holland",false,52.377037,4.884064,"injury","2","clear",false,1,"GM0363"
"20230004807",2023,"Letsel",2,"Snorfiets","Fiets","Onbekend","Rechte weg",50,"Niet brandend","Daglicht","Droog",\N,"600611469","Europaweg","Haarlem","Haarlem","Noord-Holland",false,52.363041,4.650633,"injury","2","clear",false,1,"GM0392"
"20230085069",2023,"Uitsluitend materiele schade",2,"Personenauto","Fiets","Onbekend",\N,30,\N,"Daglicht",\N,\N,"516347010","Waalstraat","Enschede","Enschede","Overijssel",false,52.241166,6.897432,"material damage only","4","unknown",false,1,"GM0153"
"20230003846",2023,"Uitsluitend materiele schade",2,"Personenauto","Fiets","Flank","Rechte weg",30,"Niet brandend","Daglicht","Regen",\N,"335296030","Van Essenlaan","Veenendaal","Veenendaal","Utrecht",false,52.021141,5.576439,"material damage only","4","rain",false,1,"GM0345"
"20230003863",2023,"Letsel",2,"Personenauto","Fiets","Los voorwerp","Kruispunt, 4 takken",30,\N,"Daglicht",\N,\N,\N,"Rijnvlietsepoort","Utrecht","Utrecht","Utrecht",false,52.076002,5.068796,"injury","2","unknown",false,1,"GM0344"
"20230004652",2023,"Letsel",1,"Fiets",\N,"Eenzijdig","Rechte weg",30,"Brandend","Duisternis","Droog",\N,"241372099","Weteringschans","Amsterdam","Amsterdam","Noord-Holland",false,52.361325,4.88681,"injury","2","clear",false,1,"GM0363"
"20230005856",2023,"Letsel",2,"Fiets","Fiets","Flank","Rechte weg",15,"Niet brandend","Daglicht","Droog","Brug/viaduct",\N,"Steentijdsingel","'s-Gravenhage","'s-Gravenhage","Zuid-Holland",false,52.041263,4.367457,"injury","2","clear",false,1,"GM0518"
"20230006125",2023,"Uitsluitend materiele schade",2,"Personenauto","e-bike","Flank","Rotonde",50,"Niet brandend","Daglicht","Regen",\N,\N,"Hugo de Grootplein","Amsterdam","Amsterdam","Noord-Holland",false,52.374514,4.872659,"material damage only","4","rain",false,1,"GM0363"
"20230072110",2023,"Dodelijk",1,"Fiets",\N,"Eenzijdig","Rechte weg",30,"Niet brandend","Daglicht","Droog",\N,"600204590","HOTTINGATUNNEL","Leeuwarden","Leeuwarden","Friesland",false,53.213805,5.829549,"fatal","1","clear",false,1,"GM0080"
"20230004104",2023,"Uitsluitend materiele schade",2,"Personenauto","Fiets","Flank","Kruispunt, 3 takken",50,"Niet brandend","Daglicht","Regen",\N,\N,"Linnaeusstraat","Amsterdam","Amsterdam","Noord-Holland",false,52.357254,4.927156,"material damage only","4","rain",false,1,"GM0363"
"20230007204",2023,"Uitsluitend materiele schade",1,"Fiets",\N,"Onbekend","Rechte weg",50,"Niet brandend","Daglicht","Droog",\N,"161309122","Jan Hendrikstraat","'s-Gravenhage","'s-Gravenhage","Zuid-Holland",false,52.07623,4.30689,"material damage only","4","clear",false,1,"GM0518"
"20230007487",2023,"Uitsluitend materiele schade",2,"Personenauto","Fiets","Flank","Kruispunt, 3 takken",50,"Niet brandend","Daglicht","Droog",\N,\N,"Geldropseweg","Eindhoven","Eindhoven","Noord-Brabant",false,51.428763,5.519144,"material damage only","4","clear",false,1,"GM0772"
"20230039950",2023,"Letsel",2,"Fiets",\N,"Eenzijdig",\N,30,\N,"Daglicht",\N,\N,"165307010","Trekweg","'s-Gravenhage","'s-Gravenhage","Zuid-Holland",false,52.064895,4.336361,"injury","2","unknown",false,1,"GM0518"
"20230002557",2023,"Letsel",1,"Fiets",\N,"Eenzijdig","Kruispunt, 4 takken",50,"Niet brandend","Daglicht","Droog",\N,\N,"Militaireweg","Krommenie","Zaanstad","Noord-Holland",false,52.503771,4.754164,"injury","2","clear",false,1,"GM0479"
"20230004761",2023,"Letsel",1,"Fiets",\N,"Eenzijdig","Rechte weg",60,"Niet aanwezig","Daglicht","Harde windstoten",\N,\N,"Dorpsstraat","Sint Maarten","Schagen","Noord-Holland",false,52.773677,4.744806,"injury","2","unknown",false,1,"GM0441"
"20230005988",2023,"Letsel",3,"Personenauto","Fiets","Onbekend","Rechte weg",30,"Niet brandend","Daglicht","Droog",\N,"163306156","Tak van Poortvlietstraat","'s-Gravenhage","'s-Gravenhage","Zuid-Holland",false,52.063331,4.321402,"injury","2","clear",false,1,"GM0518"
"20230007462",2023,"Uitsluitend materiele schade",2,"Personenauto","Fiets","Flank","Kruispunt, 4 takken",50,"Niet brandend","Daglicht","Droog",\N,\N,"Brugplein","'s-Hertogenbosch","'s-Hertogenbosch","Noord-Brabant",false,51.694277,5.299023,"material damage only","4","clear",false,1,"GM0796"
"20230007853",2023,"Uitsluitend materiele schade",2,"Personenauto","Fiets","Flank","Rechte weg",15,"Niet brandend","Daglicht","Regen",\N,"387213064","Bakelgeertstraat","Boxmeer","Land van Cuijk","Noord-Brabant",false,51.647484,5.944789,"material damage only","4","rain",false,1,"GM1982"
"20230008878",2023,"Letsel",3,"Personenauto","Fiets","Flank","Kruispunt, 3 takken",50,"Niet brandend","Daglicht","Droog",\N,\N,"Eerste Reitse Dreef","'s-Hertogenbosch","'s-Hertogenbosch","Noord-Brabant",false,51.71474,5.331762,"injury","2","clear",false,1,"GM0796"
"20230005510",2023,"Letsel",1,"Fiets",\N,"Eenzijdig","Rechte weg",50,"Niet brandend","Daglicht","Droog",\N,"151306041","Aaltje Noordewierstraat","'s-Gravenhage","'s-Gravenhage","Zuid-Holland",false,52.06023,4.232044,"injury","2","clear",false,1,"GM0518"
"20230065425",2023,"Letsel",1,"Fiets",\N,"Eenzijdig",\N,50,\N,"Daglicht",\N,\N,"503349010","Pruisische Veldweg","Hengelo","Hengelo (O)","Overijssel",false,52.250745,6.805155,"injury","2","unknown",false,1,\N
"20230010412",2023,"Letsel",2,"Personenauto","e-bike","Flank","Kruispunt, 3 takken",50,"Niet brandend","Daglicht","Droog",\N,\N,"Friesestraatweg","Groningen","Groningen","Groningen",false,53.214818,6.549835,"injury","2","clear",false,1,"GM0014"
"20230011793",2023,"Uitsluitend materiele schade",2,"Personenauto","Fiets","Flank","Rotonde",50,"Brandend","Duisternis","Droog",\N,\N,"Bedrijvenweg","Doetinchem","Doetinchem","Gelderland",false,51.947538,6.28407,"material damage only","4","clear",false,1,"GM0222"
"20230087514",2023,"Dodelijk",1,"Fiets",\N,"Eenzijdig",\N,50,\N,"Daglicht",\N,\N,"254407051","Flevostraat","Purmerend","Purmerend","Noord-Holland",false,52.518596,4.982336,"fatal","1","unknown",false,1,"GM0439"
"20230012713",2023,"Uitsluitend materiele schade",2,"Fiets","Personenauto","Flank","Kruispunt, 4 takken",50,"Niet brandend","Daglicht","Droog",\N,\N,"Koningin Wilhelminalaan","Deventer","Deventer","Overijssel",false,52.271421,6.166881,"material damage only","4","clear",false,1,"GM0150"
"20240050188",2024,"Letsel",2,\N,"Fiets","Flank","Rechte weg",50,"Niet brandend","Daglicht","Droog",\N,"601015309","Binckhorstlaan","'s-Gravenhage","'s-Gravenhage","Zuid-Holland",false,52.073354,4.332503,"injury","2","clear",false,1,"GM0518"
"20240012814",2024,"Letsel",1,"Fiets",\N,"Onbekend","Kruispunt, 4 takken",50,"Niet brandend","Daglicht","Droog",\N,\N,"Nassaupark","Lisse","Lisse","Zuid-Holland",false,52.260767,4.56294,"injury","2","clear",false,1,"GM0553"
"20230004261",2023,"Letsel",2,"Personenauto","Fiets","Flank","Kruispunt, 3 takken",50,"Niet brandend","Daglicht","Droog",\N,\N,"Fabrieksgracht","Den Helder","Den Helder","Noord-Holland",false,52.953708,4.764967,"injury","2","clear",false,1,"GM0400"
"20240094598",2024,"Dodelijk",3,"Personenauto","Fiets","Flank","Kruispunt, 3 takken",80,"Niet brandend","Daglicht","Droog",\N,\N,"Barneveldseweg","Lunteren","Ede","Gelderland",false,52.109897,5.599999,"fatal","1","clear",false,1,"GM0228"
"20240037552",2024,"Letsel",1,"e-bike",\N,"Onbekend","Kruispunt, 3 takken",50,"Niet brandend","Daglicht","Droog",\N,\N,"Laan van Brussel","Alkmaar","Alkmaar","Noord-Holland",false,52.655786,4.74552,"injury","2","clear",false,1,"GM0361"
"20240019935",2024,"Letsel",2,"Personenauto","Fiets","Onbekend","Rotonde",50,"Niet brandend","Daglicht","Droog",\N,\N,"Kleine Omlegging","Zutphen","Zutphen","Gelderland",false,52.144728,6.209894,"injury","2","clear",false,1,"GM0301"
"20240020395",2024,"Letsel",2,"Personenauto","Fiets","Onbekend","Rotonde",50,"Niet brandend","Daglicht","Droog",\N,\N,"Van Heuven Goedhartlaan","Amstelveen","Amstelveen","Noord-Holland",false,52.30399,4.869707,"injury","2","clear",false,1,"GM0362"
"20240004404",2024,"Uitsluitend materiele schade",2,"Fiets","Fiets","Onbekend",\N,50,\N,"Duisternis",\N,\N,"386339005","Sprengenweg","Apeldoorn","Apeldoorn","Gelderland",false,52.215404,5.94804,"material damage only","4","unknown",false,1,"GM0200"
"20240004414",2024,"Uitsluitend materiele schade",2,"Bestelauto","Fiets","Flank","Kruispunt, 4 takken",50,"Brandend","Duisternis","Droog",\N,\N,"EBBINGEBRUG","Groningen","Groningen","Groningen",false,53.222206,6.565094,"material damage only","4","clear",false,1,"GM0014"
"20240039175",2024,"Uitsluitend materiele schade",2,"Fiets","Voetganger","Voetganger","Rechte weg",15,"Niet brandend","Daglicht","Droog",\N,"375256120","Molenstraat","Nijmegen","Nijmegen","Gelderland",false,51.844669,5.862787,"material damage only","4","clear",false,1,"GM0268"
"20240035115",2024,"Uitsluitend materiele schade",2,"Personenauto","Fiets","Flank","Rechte weg",50,"Brandend","Daglicht","Droog",\N,"407142004","Napoleonsbaan Zuid","Baarlo","Peel en Maas","Limburg",false,51.329974,6.090196,"material damage only","4","clear",false,1,"GM1894"
"20240027973",2024,"Letsel",2,"Fiets","Fiets","Onbekend","Rechte weg",30,"Niet brandend","Daglicht","Regen",\N,"250406034","Purmerenderweg","Zuidoostbeemster","Purmerend","Noord-Holland",false,52.515027,4.945679,"injury","2","rain",false,1,"GM0439"
"20240038727",2024,"Uitsluitend materiele schade",2,"Bestelauto","Fiets","Frontaal","Kruispunt, 3 takken",30,"Niet brandend","Daglicht","Regen",\N,\N,"Wold 17","Lelystad","Lelystad","Flevoland",false,52.507208,5.486029,"material damage only","4","rain",false,1,"GM0995"
"20240004528",2024,"Letsel",2,"Personenauto","Fiets","Flank","Kruispunt, 4 takken",30,"Niet brandend","Schemer","Droog",\N,\N,"Industriestraat","Hengelo","Hengelo (O)","Overijssel",false,52.257139,6.787831,"injury","2","clear",false,1,\N
"20240035722",2024,"Dodelijk",2,"Personenauto","Fiets","Onbekend","Rechte weg",30,"Niet brandend","Daglicht","Droog",\N,"601159484","Kanaalstraat","Apeldoorn","Apeldoorn","Gelderland",false,52.213756,5.967761,"fatal","1","clear",false,1,"GM0200"
"20240034757",2024,"Letsel",1,"Fiets",\N,"Eenzijdig","Rechte weg",15,"Niet brandend","Daglicht","Regen",\N,"393044154","Uilegats","Heerlen","Heerlen","Limburg",false,50.88666,5.979223,"injury","2","rain",false,1,"GM0917"
"20240034889",2024,"Uitsluitend materiele schade",2,"Bromfiets","Fiets","Frontaal","Rechte weg",15,"Niet brandend","Daglicht","Droog",\N,"600212316","Hoenderstraat","Maastricht","Maastricht","Limburg",false,50.851174,5.692929,"material damage only","4","clear",false,1,"GM0935"
"20240019669",2024,"Uitsluitend materiele schade",2,"Personenauto","Fiets","Flank","Kruispunt, 4 takken",60,"Brandend","Duisternis","Droog",\N,\N,"Uilenburgsestraat","Heteren","Overbetuwe","Gelderland",false,51.952713,5.77272,"material damage only","4","clear",false,1,"GM1734"
"20240039422",2024,"Letsel",2,"Personenauto","Fiets","Los voorwerp","Rechte weg",30,"Niet brandend","Daglicht","Droog",\N,"266317021","Minister Talmastraat","Utrecht","Utrecht","Utrecht",false,52.118099,5.071724,"injury","2","clear",false,1,"GM0344"
"20240020588",2024,"Uitsluitend materiele schade",2,"Personenauto","Fiets","Kop/staart","Rechte weg",50,"Brandend","Duisternis","Droog",\N,"243370001","Van Woustraat","Amsterdam","Amsterdam","Noord-Holland",false,52.355791,4.900474,"material damage only","4","clear",false,1,"GM0363"
"20240006928",2024,"Letsel",2,"Personenauto","Fiets","Flank","Kruispunt, 4 takken",30,"Niet brandend","Duisternis","Droog",\N,\N,"Patrimoniumlaan","Veenendaal","Veenendaal","Utrecht",false,52.019649,5.543968,"injury","2","clear",false,1,"GM0345"
"20240019736",2024,"Uitsluitend materiele schade",2,"Personenauto","Fiets","Flank","Kruispunt, 4 takken",50,"Brandend","Duisternis","Droog",\N,\N,"Wolfskuilseweg","Nijmegen","Nijmegen","Gelderland",false,51.838166,5.837406,"material damage only","4","clear",false,1,"GM0268"
"20240032661",2024,"Letsel",1,"Fiets",\N,"Onbekend",\N,\N,\N,"Daglicht",\N,\N,"162307134","Koningstraat","'s-Gravenhage","'s-Gravenhage","Zuid-Holland",false,52.06907,4.314152,"injury","2","unknown",false,1,"GM0518"
"20240005744",2024,"Uitsluitend materiele schade",2,"Personenauto","Fiets","Flank","Rotonde",50,"Niet brandend","Daglicht","Droog",\N,\N,"Everard Meysterweg","Amersfoort","Amersfoort","Utrecht",false,52.144805,5.390534,"material damage only","4","clear",false,1,"GM0307"
"20240039912",2024,"Letsel",1,"Fiets",\N,"Onbekend","Rechte weg",15,"Niet brandend","Daglicht","Droog",\N,"191341036","Hoofdstraat","Sassenheim","Teylingen","Zuid-Holland",false,52.223363,4.517702,"injury","2","clear",false,1,"GM1525"
"20240039976",2024,"Uitsluitend materiele schade",2,\N,"Fiets","Onbekend","Kruispunt, 4 takken",30,"Niet brandend","Daglicht","Droog",\N,\N,"Jan van Galenstraat","Amsterdam","Amsterdam","Noord-Holland",false,52.372737,4.84874,"material damage only","4","clear",false,1,"GM0363"
"20240042959",2024,"Letsel",2,"Bromfiets","Fiets","Flank","Rechte weg",50,"Niet aanwezig","Daglicht","Droog",\N,"600662379","Churchilllaan","Leiden","Leiden","Zuid-Holland",false,52.143808,4.476088,"injury","2","clear",false,1,"GM0546"
"20220153515",2022,"Letsel",1,"Fiets",\N,"Eenzijdig",\N,\N,\N,"Daglicht",\N,\N,"278338033","Van Brakellaan","Hilversum","Hilversum","Noord-Holland",false,52.211421,5.155075,"injury","2","unknown",false,1,"GM0402"
"20220160967",2022,"Uitsluitend materiele schade",2,"Bestelauto","Fiets","Flank","Kruispunt, 4 takken",50,"Niet brandend","Daglicht","Droog",\N,\N,"Hondsrugweg","Emmen","Emmen","Drenthe",false,52.780226,6.892221,"material damage only","4","clear",false,1,"GM0114"
"20220168355",2022,"Letsel",2,"Personenauto","Fiets","Flank","Kruispunt, 3 takken",50,"Niet brandend","Daglicht","Droog",\N,\N,"Haagse Uitweg","Buurmalsen","West Betuwe","Gelderland",false,51.898107,5.292617,"injury","2","clear",false,1,"GM1960"
"20220177983",2022,"Letsel",2,"Bestelauto","Fiets","Flank","Rechte weg",50,"Niet brandend","Daglicht","Droog",\N,"600394361","Carolina MacGillavrylaan","Amsterdam","Amsterdam","Noord-Holland",false,52.354228,4.951125,"injury","2","clear",false,1,"GM0363"
"20220180821",2022,"Letsel",1,"Fiets",\N,"Eenzijdig","Rechte weg",\N,"Niet brandend","Daglicht","Droog",\N,"187327163","Haarlemmerstraat","Leiden","Leiden","Zuid-Holland",false,52.160198,4.492371,"injury","2","clear",false,1,"GM0546"
"20220185586",2022,"Letsel",1,"Fiets",\N,"Eenzijdig","Rechte weg",\N,"Niet brandend","Daglicht","Droog",\N,\N,"Nieuwe Kadijk","Breda","Breda","Noord-Brabant",false,51.601714,4.790383,"injury","2","clear",false,1,"GM0758"
"20220188480",2022,"Uitsluitend materiele schade",2,"Personenauto","Fiets","Flank","Rotonde",50,"Niet brandend","Daglicht","Droog",\N,\N,"Sterrenlaan","Veldhoven","Veldhoven","Noord-Brabant",false,51.421497,5.39296,"material damage only","4","clear",false,1,"GM0861"
"20220177749",2022,"Uitsluitend materiele schade",2,"Fiets","Fiets","Frontaal","Rechte weg",50,"Niet brandend","Daglicht","Droog",\N,"600161083","Weteringschans","Amsterdam","Amsterdam","Noord-Holland",false,52.360109,4.888907,"material damage only","4","clear",false,1,"GM0363"
"20220184712",2022,"Uitsluitend materiele schade",1,"e-bike",\N,"Onbekend","Rotonde",50,"Niet brandend","Daglicht","Droog",\N,\N,"Concordiaweg","Gorinchem","Gorinchem","Zuid-Holland",false,51.835812,4.976875,"material damage only","4","clear",false,1,"GM0512"
"20220116371",2022,"Uitsluitend materiele schade",1,"Fiets",\N,"Flank","Kruispunt, 4 takken",30,"Niet brandend","Daglicht","Droog",\N,\N,"Meestersstraat","Doetinchem","Doetinchem","Gelderland",false,51.96478,6.300097,"material damage only","4","clear",false,1,"GM0222"
"20220142031",2022,"Uitsluitend materiele schade",2,"Fiets","Personenauto","Onbekend","Rechte weg",30,"Brandend","Duisternis","Droog",\N,"241370023","Ruysdaelkade","Amsterdam","Amsterdam","Noord-Holland",false,52.353779,4.887027,"material damage only","4","clear",false,1,"GM0363"
"20220149403",2022,"Uitsluitend materiele schade",3,"Motor","Fiets","Onbekend","Rechte weg",50,"Brandend","Duisternis","Droog",\N,\N,"Bosscheweg","Beek en Donk","Laarbeek","Noord-Brabant",false,51.55189,5.620145,"material damage only","4","clear",false,1,"GM1659"
"20220161245",2022,"Letsel",2,"Fiets","Personenauto","Flank","Rechte weg",50,"Niet brandend","Daglicht","Droog",\N,"600618761","Peizerweg","Groningen","Groningen","Groningen",false,53.20841,6.539636,"injury","2","clear",false,1,"GM0014"
"20220178077",2022,"Letsel",2,"Fiets","Fiets","Flank","Rechte weg",50,"Niet brandend","Daglicht","Droog",\N,"245384021","IJdoornlaan","Amsterdam","Amsterdam","Noord-Holland",false,52.415277,4.912047,"injury","2","clear",false,1,"GM0363"
"20220178480",2022,"Letsel",2,"Fiets","Fiets","Onbekend","Rechte weg",60,"Niet aanwezig","Daglicht","Droog",\N,"600157508","Oostkadepad","Bergambacht","Krimpenerwaard","Zuid-Holland",false,51.933522,4.73736,"injury","2","clear",false,1,"GM1931"
"20220178538",2022,"Letsel",1,"Fiets",\N,"Eenzijdig","Kruispunt, 3 takken",\N,"Niet brandend","Daglicht","Droog",\N,\N,"Jan van Nassaustraat","'s-Gravenhage","'s-Gravenhage","Zuid-Holland",false,52.087234,4.318952,"injury","2","clear",false,1,"GM0518"
"20220120626",2022,"Uitsluitend materiele schade",2,"Bromfiets","Fiets","Frontaal","Rechte weg",30,"Niet brandend","Daglicht","Droog",\N,"600758826","Mijdrechtse Zuwe","Mijdrecht","De Ronde Venen","Utrecht",false,52.228448,4.841845,"material damage only","4","clear",false,1,"GM0736"
"20220120682",2022,"Letsel",2,"Snorfiets","Fiets","Flank","Rechte weg",30,"Niet aanwezig","Daglicht","Droog",\N,\N,"Romeinenbaan","Wijk bij Duurstede","Wijk bij Duurstede","Utrecht",false,51.976042,5.323188,"injury","2","clear",false,1,"GM0352"
"20220129255",2022,"Letsel",3,"Personenauto","Fiets","Onbekend","Rechte weg",30,"Niet brandend","Daglicht","Regen",\N,\N,"Meidoornlaan","Bergen op Zoom","Bergen op Zoom","Noord-Brabant",false,51.49013,4.304778,"injury","2","rain",false,1,"GM0748"
"20220137913",2022,"Uitsluitend materiele schade",2,"Bromfiets","Fiets","Flank","Rechte weg",30,"Niet brandend","Daglicht","Droog",\N,"600427686","Romeinse Muntenlaan","Utrecht","Utrecht","Utrecht",false,52.081604,5.076977,"material damage only","4","clear",false,1,"GM0344"
"20220137936",2022,"Uitsluitend materiele schade",2,"Vrachtauto","Fiets","Onbekend","Kruispunt, 3 takken",30,"Niet brandend","Daglicht","Droog",\N,\N,"Kruisstraat","Utrecht","Utrecht","Utrecht",false,52.095233,5.130877,"material damage only","4","clear",false,1,"GM0344"
"20220144727",2022,"Letsel",1,"e-bike",\N,"Eenzijdig","Rechte weg",50,"Niet brandend","Daglicht","Droog",\N,"188326066","De Laat de Kanterstraat","Leiden","Leiden","Zuid-Holland",false,52.152587,4.499744,"injury","2","clear",false,1,"GM0546"
"20220151847",2022,"Uitsluitend materiele schade",2,"Fiets","Personenauto","Flank","Kruispunt, 3 takken",30,"Niet brandend","Daglicht","Droog",\N,\N,"Sluiskade","Hoogezand","Midden-Groningen","Groningen",false,53.163207,6.742946,"material damage only","4","clear",false,1,"GM1952"
"20220153686",2022,"Letsel",1,"Fiets",\N,"Eenzijdig",\N,\N,\N,"Daglicht",\N,\N,"318404081","BEDRIJVENBRUG","Lelystad","Lelystad","Flevoland",false,52.50643,5.448217,"injury","2","unknown",false,1,"GM0995"
"20220160175",2022,"Uitsluitend materiele schade",2,"Personenauto","Fiets","Flank","Rechte weg",50,"Niet brandend","Daglicht","Droog",\N,"312179006","Kanaaldijk","Best","Best","Noord-Brabant",false,51.496611,5.404328,"material damage only","4","clear",false,1,"GM0753"