"accident_id","year","severity_raw","party_count","party1_type","party2_type","accident_type","road_situation","speed_limit_kmh","road_lighting","light_condition_label","weather_raw","infra_type","road_segment_id","street_name","place_name","gemeente_name_raw","province","alcohol_indicated","latitude","longitude","severity_label","severity_code","weather_label","built_up_area","cyclists_involved","gemeente_code"
"20220162633",2022,"Uitsluitend materiele schade",2,"Personenauto","e-bike","Flank","Rechte weg",30,"Niet brandend","Daglicht","Droog",\N,"600143703","Harlingerstraatweg","Leeuwarden","Leeuwarden","Friesland",false,53.205318,5.774072,"material damage only","4","clear",false,1,"GM0080"
"20220162637",2022,"Letsel",2,"Personenauto","Fiets","Flank","Kruispunt, 4 takken",50,"Niet brandend","Daglicht","Droog",\N,\N,"Phileas Foggstraat","Emmen","Emmen","Drenthe",false,52.767436,6.925908,"injury","2","clear",false,1,"GM0114"
"20220162639",2022,"Letsel",3,"Bromfiets","Fiets","Flank","Rotonde",50,"Niet brandend","Daglicht","Droog",\N,\N,"Ceintuurbaan Zuid","Roden","Noordenveld","Drenthe",false,53.135413,6.419942,"injury","2","clear",false,1,"GM1699"
"20220179714",2022,"Letsel",2,"Personenauto","Fiets","Onbekend","Kruispunt, 4 takken",50,"Niet brandend","Daglicht","Droog",\N,\N,"Cannenburglaan","'s-Gravenhage","'s-Gravenhage","Zuid-Holland",false,52.043559,4.291249,"injury","2","clear",false,1,"GM0518"
"20220120751",2022,"Uitsluitend materiele schade",2,"Personenauto","Fiets","Flank","Kruispunt, 4 takken",50,"Niet brandend","Daglicht","Droog",\N,\N,"Carnegiedreef","Utrecht","Utrecht","Utrecht",false,52.117497,5.107261,"material damage only","4","clear",false,1,"GM0344"
"20220148024",2022,"Uitsluitend materiele schade",1,"Fiets",\N,"Los voorwerp","Rechte weg",50,"Niet brandend","Daglicht","Droog",\N,"224198035","Julianalaan","Breda","Breda","Noord-Brabant",false,51.579074,4.772441,"material damage only","4","clear",false,1,"GM0758"
"20220161425",2022,"Letsel",1,"Fiets",\N,"Eenzijdig","Kruispunt, 4 takken",50,"Brandend","Duisternis","Droog",\N,\N,"Industrieweg","Assen","Assen","Drenthe",false,53.002629,6.569961,"injury","2","clear",false,1,"GM0106"
"20220161475",2022,"Letsel",2,"Personenauto","Fiets","Flank","Rechte weg",30,"Niet brandend","Daglicht","Droog",\N,"347521050","Jousterkade","Sneek","Súdwest-Fryslân","Friesland",false,53.032621,5.666872,"injury","2","clear",false,1,"GM1900"
"20220167290",2022,"Uitsluitend materiele schade",2,"Personenauto","Fiets","Flank","Rechte weg",50,"Niet aanwezig","Daglicht","Droog",\N,"600844305","Landdrostlaan","Apeldoorn","Apeldoorn","Gelderland",false,52.183581,5.998739,"material damage only","4","clear",false,1,"GM0200"
"20220172337",2022,"Letsel",1,"Fiets",\N,"Eenzijdig","Rechte weg",60,"Niet aanwezig","Daglicht","Droog",\N,"291301002","Langbroekerdijk","Driebergen-Rijsenburg","Utrechtse Heuvelrug","Utrecht",false,52.038413,5.260207,"injury","2","clear",false,1,"GM1581"
"20220187246",2022,"Uitsluitend materiele schade",2,"Bestelauto","Fiets","Flank","Kruispunt, 4 takken",60,"Niet brandend","Daglicht","Regen",\N,\N,"RAAMSDONK 34","Raamsdonksveer","Geertruidenberg","Noord-Brabant",false,51.684206,4.876987,"material damage only","4","rain",false,1,"GM0779"
"20220198321",2022,"Uitsluitend materiele schade",2,"Personenauto","Fiets","Flank","Kruispunt, 4 takken",50,"Brandend","Duisternis","Droog",\N,\N,"Mr. Franckenstraat","Nijmegen","Nijmegen","Gelderland",false,51.844594,5.873277,"material damage only","4","clear",false,1,"GM0268"
"20220129496",2022,"Uitsluitend materiele schade",2,"Fiets","Personenauto","Flank","Rotonde",50,"Niet brandend","Daglicht","Droog",\N,\N,"Nijverheidsweg","Oisterwijk","Oisterwijk","Noord-Brabant",false,51.584503,5.1847,"material damage only","4","clear",false,1,"GM0824"
"20220144861",2022,"Letsel",2,"Fiets","Fiets","Onbekend","Rechte weg",30,"Niet brandend","Daglicht","Droog",\N,"172317004","Raaphorstlaan","Wassenaar","Wassenaar","Zuid-Holland",false,52.114522,4.383792,"injury","2","clear",false,1,"GM0629"
"20220148057",2022,"Letsel",2,"Fiets","Fiets","Onbekend","Rechte weg",60,"Niet aanwezig","Duisternis","Droog",\N,"33144005","Provinciale weg","Retranchement","Sluis","Zeeland",false,51.324691,3.403169,"injury","2","clear",false,1,"GM1714"
"20220180436",2022,"Letsel",2,"Bestelauto","Fiets","Flank","Rotonde",50,"Niet brandend","Daglicht","Droog",\N,\N,"Chopinlaan","Waddinxveen","Waddinxveen","Zuid-Holland",false,52.046175,4.645856,"injury","2","clear",false,1,"GM0627"
"20220180489",2022,"Letsel",2,"Personenauto","e-bike","Flank","Bocht",\N,"Niet brandend","Daglicht","Droog",\N,\N,"Nieuwe Duinweg","Katwijk","Katwijk","Zuid-Holland",false,52.194922,4.418785,"injury","2","clear",false,1,"GM0537"
"20220184126",2022,"Uitsluitend materiele schade",2,"Personenauto","Fiets","Kop/staart","Rechte weg",50,"Niet brandend","Daglicht","Droog",\N,"179272096","Grote Visserijstraat","Rotterdam","Rotterdam","Zuid-Holland",false,51.911014,4.440356,"material damage only","4","clear",false,1,"GM0599"
"20220198376",2022,"Uitsluitend materiele schade",2,"Fiets","Fiets","Onbekend","Rechte weg",80,"Niet aanwezig","Schemer","Regen",\N,"427417003","Westeinde","Nieuwleusen","Dalfsen","Overijssel",false,52.562326,6.254463,"material damage only","4","rain",false,1,"GM0148"
"20220198423",2022,"Uitsluitend materiele schade",2,"Fiets","Personenauto","Kop/staart","Kruispunt, 4 takken",50,"Brandend","Duisternis","Droog",\N,\N,"van Broeckhuysenstraat","Nijmegen","Nijmegen","Gelderland",false,51.844056,5.867402,"material damage only","4","clear",false,1,"GM0268"
"20220150931",2022,"Uitsluitend materiele schade",2,"Bromfiets","Fiets","Frontaal","Kruispunt, 3 takken",50,"Niet brandend","Daglicht","Droog",\N,\N,"FIETSPAD","Geleen","Sittard-Geleen","Limburg",false,50.951198,5.79478,"material damage only","4","clear",false,1,"GM1883"
"20220167443",2022,"Uitsluitend materiele schade",2,"Fiets","Fiets","Flank","Rechte weg",30,"Niet brandend","Daglicht","Droog",\N,"600801569","Doornsteeg","Nijkerk","Nijkerk","Gelderland",false,52.223471,5.468852,"material damage only","4","clear",false,1,"GM0267"
"20220184235",2022,"Letsel",2,"Personenauto","Fiets","Kop/staart","Rechte weg",50,"Niet brandend","Daglicht","Droog",\N,"600279065","MAASTUNNEL","Rotterdam","Rotterdam","Zuid-Holland",false,51.899775,4.468147,"injury","2","clear",false,1,"GM0599"
"20220186243",2022,"Uitsluitend materiele schade",2,"Personenauto","Fiets","Flank","Rechte weg",30,"Niet brandend","Daglicht","Droog",\N,"600753166","Stationslaan","Breda","Breda","Noord-Brabant",false,51.596987,4.788397,"material damage only","4","clear",false,1,"GM0758"
"20220195428",2022,"Uitsluitend materiele schade",2,"Personenauto","Fiets","Onbekend","Kruispunt, 3 takken",30,"Brandend","Duisternis","Droog",\N,\N,"Westsingel","Duiven","Duiven","Gelderland",false,51.952943,6.001294,"material damage only","4","clear",false,1,"GM0226"
"20220195573",2022,"Uitsluitend materiele schade",2,"Fiets","Personenauto","Flank","Rotonde",50,"Niet brandend","Daglicht","Droog",\N,\N,"Tweelingenlaan","Apeldoorn","Apeldoorn","Gelderland",false,52.238739,5.985557,"material damage only","4","clear",false,1,"GM0200"
"20220195777",2022,"Uitsluitend materiele schade",2,"Personenauto","Fiets","Flank","Rotonde",50,"Niet brandend","Daglicht","Droog",\N,\N,"Putterweg","Ermelo","Ermelo","Gelderland",false,52.293384,5.629036,"material damage only","4","clear",false,1,"GM0233"
"20220125009",2022,"Uitsluitend materiele schade",2,"Personenauto","Fiets","Onbekend","Rotonde",50,"Niet brandend","Daglicht",\N,\N,\N,"Rijnsburgerweg","Leiden","Leiden","Zuid-Holland",false,52.170586,4.479641,"material damage only","4","unknown",false,1,"GM0546"
"20220142403",2022,"Uitsluitend materiele schade",1,"Fiets",\N,"Voetganger",\N,30,"Niet brandend","Daglicht","Droog",\N,"241370088","Johannes Vermeerstraat","Amsterdam","Amsterdam","Noord-Holland",false,52.355164,4.883858,"material damage only","4","clear",false,1,"GM0363"
"20220167676",2022,"Letsel",2,"Fiets",\N,"Eenzijdig",\N,30,\N,"Daglicht",\N,\N,"392334025","Dorpersveld","Apeldoorn","Apeldoorn","Gelderland",false,52.192432,5.99144,"injury","2","unknown",false,1,"GM0200"
"20220168922",2022,"Letsel",2,"Personenauto","Fiets","Onbekend","Rechte weg",50,"Niet brandend","Daglicht","Droog",\N,"326279009","Achterstraat","Lienden","Buren","Gelderland",false,51.944481,5.509639,"injury","2","clear",false,1,"GM0214"
"20220168925",2022,"Uitsluitend materiele schade",2,"Personenauto","Fiets","Kop/staart","Kruispunt, 3 takken",30,"Brandend","Duisternis","Droog",\N,\N,"Thorbeckelaan","Almelo","Almelo","Overijssel",false,52.357358,6.647849,"material damage only","4","clear",false,1,"GM0141"
"20220180607",2022,"Letsel",3,"Fiets","Fiets","Los voorwerp","Rechte weg",\N,"Brandend","Duisternis","Droog",\N,"600562729","Margaretha v Hennebergwg","'s-Gravenhage","'s-Gravenhage","Zuid-Holland",false,52.044467,4.241488,"injury","2","clear",false,1,"GM0518"
"20220184268",2022,"Letsel",1,"Fiets",\N,"Eenzijdig","Rechte weg",30,"Niet brandend","Daglicht",\N,\N,"200259007","Vlasstraat","Ridderkerk","Ridderkerk","Zuid-Holland",false,51.851897,4.595841,"injury","2","unknown",false,1,"GM0597"
"20220128549",2022,"Letsel",2,"Personenauto","Fiets","Flank","Rechte weg",30,"Niet aanwezig","Daglicht","Droog",\N,\N,"Oosterkade","Rotterdam","Rotterdam","Zuid-Holland",false,51.918701,4.4957,"injury","2","clear",false,1,"GM0599"
"20220173806",2022,"Uitsluitend materiele schade",2,"Personenauto","Fiets","Flank","Bocht",50,"Niet brandend","Daglicht","Droog",\N,\N,"Pelmolenpad","Hoorn","Hoorn","Noord-Holland",false,52.644857,5.051236,"material damage only","4","clear",false,1,"GM0405"
"20220180668",2022,"Letsel",2,"Snorfiets","Fiets","Frontaal","Kruispunt, 4 takken",50,"Niet brandend","Daglicht","Droog",\N,\N,"Buurweg","Noordwijk","Noordwijk","Zuid-Holland",false,52.243596,4.456035,"injury","2","clear",false,1,"GM0575"
"20220186403",2022,"Letsel",2,"Snorfiets","Fiets","Frontaal","Rechte weg",\N,"Niet aanwezig","Daglicht",\N,\N,"59172046","Vlissings Jaagpad","Vlissingen","Vlissingen","Zeeland",false,51.457316,3.589712,"injury","2","unknown",false,1,"GM0718"
"20220186436",2022,"Uitsluitend materiele schade",2,"Bromfiets","Fiets","Onbekend","Kruispunt, 3 takken",50,"Niet brandend","Daglicht",\N,\N,\N,"Buitenvest","Bergen op Zoom","Bergen op Zoom","Noord-Brabant",false,51.498031,4.296039,"material damage only","4","unknown",false,1,"GM0748"
"20220196292",2022,"Letsel",2,"Fiets","Personenauto","Flank","Rechte weg",30,"Niet brandend","Daglicht","Droog",\N,"443274007","Hoofdstraat","Terborg","Oude IJsselstreek","Gelderland",false,51.919283,6.358569,"injury","2","clear",false,1,"GM1509"
"20220194095",2022,"Letsel",2,"Fiets","Personenauto","Frontaal","Rechte weg",50,"Niet brandend","Daglicht","Droog",\N,"400536023","Lauwers","Drachten","Smallingerland","Friesland",false,53.099903,6.064653,"injury","2","clear",false,1,"GM0090"
"20220188725",2022,"Uitsluitend materiele schade",2,"Personenauto","e-bike","Flank","Kruispunt, 3 takken",50,"Niet brandend","Daglicht","Droog",\N,\N,"Hondstraat","Vorstenbosch","Bernheze","Noord-Brabant",false,51.652108,5.546216,"material damage only","4","clear",false,1,"GM1721"
"20220161918",2022,"Letsel",2,"Trekker","Fiets","Flank","Rechte weg",60,"Niet brandend","Daglicht","Droog",\N,\N,"Johan van Zwedenlaan","Groningen","Groningen","Groningen",false,53.20583,6.516927,"injury","2","clear",false,1,"GM0014"
"20220184425",2022,"Letsel",2,"Personenauto","Fiets","Frontaal","Bocht",50,"Niet aanwezig","Daglicht","Droog","Tunnel","204252024","Develsingel","Zwijndrecht","Zwijndrecht","Zuid-Holland",false,51.821232,4.626362,"injury","2","clear",false,1,"GM0642"
"20220194763",2022,"Letsel",2,"Personenauto","Fiets","Flank","Kruispunt, 3 takken",30,"Brandend","Duisternis","Droog",\N,\N,"Houtkampstraat","Doetinchem","Doetinchem","Gelderland",false,51.96551,6.296977,"injury","2","clear",false,1,"GM0222"
"20220189271",2022,"Uitsluitend materiele schade",2,"Snorfiets","Fiets","Flank","Kruispunt, 4 takken",\N,"Niet brandend","Daglicht","Droog",\N,\N,"Boschdijk","Eindhoven","Eindhoven","Noord-Brabant",false,51.469445,5.446581,"material damage only","4","clear",false,1,"GM0772"
"20220130128",2022,"Uitsluitend materiele schade",2,"Bromfiets","Fiets","Flank","Rechte weg",30,"Niet brandend","Daglicht","Droog",\N,"65181017","Roozenburglaan","Middelburg","Middelburg","Zeeland",false,51.491243,3.628759,"material damage only","4","clear",false,1,\N
"20220153252",2022,"Letsel",2,"Fiets","Overig vast object","Vast voorwerp","Rechte weg",60,"Niet brandend","Daglicht","Droog",\N,"336271002","Waalbandijk","Ochten","Neder-Betuwe","Gelderland",false,51.912292,5.583737,"injury","2","clear",false,1,"GM1740"
"20220165196",2022,"Uitsluitend materiele schade",2,"Personenauto","e-bike","Flank","Kruispunt, 4 takken",30,"Niet brandend","Daglicht","Droog",\N,\N,"Elferinksweg","Enschede","Enschede","Overijssel",false,52.214161,6.865795,"material damage only","4","clear",false,1,"GM0153"
"20220169095",2022,"Uitsluitend materiele schade",2,"Personenauto","Fiets","Frontaal","Kruispunt, 3 takken",50,"Niet brandend","Daglicht","Droog",\N,\N,"Cort van der Lindenlaan","Enschede","Enschede","Overijssel",false,52.227534,6.874948,"material damage only","4","clear",false,1,"GM0153"
"20220172743",2022,"Uitsluitend materiele schade",2,"Personenauto","Fiets","Onbekend",\N,30,\N,"Duisternis",\N,\N,"274314014","H.F. van Riellaan","Utrecht","Utrecht","Utrecht",false,52.104415,5.128539,"material damage only","4","unknown",false,1,"GM0344"
"20220184456",2022,"Letsel",2,"Bromfiets","Fiets","Frontaal","Rechte weg",50,"Niet brandend","Daglicht","Droog",\N,"600955911","Slinge","Rotterdam","Rotterdam","Zuid-Holland",false,51.873355,4.485029,"injury","2","clear",false,1,"GM0599"
"20220190875",2022,"Uitsluitend materiele schade",2,"Fiets","Personenauto","Flank","Rotonde",50,"Brandend","Duisternis","Droog",\N,\N,"Veldenseweg","Venlo","Venlo","Limburg",false,51.378019,6.180484,"material damage only","4","clear",false,1,"GM0983"
"20220153267",2022,"Uitsluitend materiele schade",2,"Fiets","Voetganger","Voetganger","Rechte weg",50,"Niet brandend","Daglicht",\N,\N,"600575251","Amsterdamseweg","Arnhem","Arnhem","Gelderland",false,51.987097,5.897168,"material damage only","4","unknown",false,1,"GM0202"
"20220154113",2022,"Letsel",3,"Personenauto","Fiets","Flank","Kruispunt, 3 takken",60,"Niet brandend","Daglicht","Droog",\N,\N,"Bosdrift","Hilversum","Hilversum","Noord-Holland",false,52.193831,5.153928,"injury","2","clear",false,1,"GM0402"
"20220186674",2022,"Letsel",3,"Bestelauto","Fiets","Flank","Kruispunt, 3 takken",60,"Niet aanwezig","Daglicht","Droog",\N,\N,"Völckerweg","Rilland","Reimerswaal","Zeeland",false,51.408896,4.259801,"injury","2","clear",false,1,"GM0703"
"20220191931",2022,"Letsel",1,"Fiets",\N,"Eenzijdig","Kruispunt, 4 takken",30,"Brandend","Duisternis","Droog",\N,\N,"Grote Markt","Groningen","Groningen","Groningen",false,53.219026,6.567102,"injury","2","clear",false,1,"GM0014"
"20220150092",2022,"Letsel",2,"Fiets","Fiets","Frontaal","Bocht",60,"Niet brandend","Daglicht","Regen",\N,"600458618","Koesmacht","Boekel","Boekel","Noord-Brabant",false,51.611464,5.662536,"injury","2","rain",false,1,"GM0755"
"20220155536",2022,"Uitsluitend materiele schade",2,"Vrachtauto","Fiets","Onbekend","Rechte weg",\N,"Niet brandend","Daglicht","Droog",\N,"240377080","Pazzanistraat","Amsterdam","Amsterdam","Noord-Holland",false,52.386235,4.873026,"material damage only","4","clear",false,1,"GM0363"
"20220168037",2022,"Uitsluitend materiele schade",2,"Bromfiets","Fiets","Kop/staart","Kruispunt, 3 takken",30,"Niet brandend","Daglicht","Droog",\N,\N,"Voorsterweg","Zwolle","Zwolle","Overijssel",false,52.525428,6.050463,"material damage only","4","clear",false,1,"GM0193"
"20220192151",2022,"Letsel",3,"Personenauto","Fiets","Onbekend","Kruispunt, 3 takken",30,"Niet brandend","Daglicht","Droog",\N,\N,"Spica","Hoogezand","Midden-Groningen","Groningen",false,53.148403,6.743053,"injury","2","clear",false,1,"GM1952"
"20220124095",2022,"Letsel",2,"Personenauto","Fiets","Flank","Kruispunt, 4 takken",50,"Niet brandend","Daglicht","Droog",\N,\N,"Middenweg","Amsterdam","Amsterdam","Noord-Holland",false,52.353746,4.930549,"injury","2","clear",false,1,"GM0363"
"20220126492",2022,"Letsel",2,"Fiets","Fiets","Frontaal","Kruispunt, 3 takken",50,"Niet brandend","Daglicht","Droog",\N,\N,"Sluisdijk","Gouda","Gouda","Zuid-Holland",false,52.00235,4.692063,"injury","2","clear",false,1,"GM0513"
"20220148902",2022,"Uitsluitend materiele schade",3,"Snorfiets","Fiets","Kop/staart","Rechte weg",\N,"Brandend","Duisternis","Droog","Tunnel","273195006","Spoordijk","Berkel-Enschot","Tilburg","Noord-Brabant",false,51.567424,5.130686,"material damage only","4","clear",false,1,"GM0855"
"20220187957",2022,"Letsel",2,"Scootmobiel","Fiets","Onbekend","Rechte weg",50,"Niet brandend","Daglicht","Droog",\N,"340216062","Bosschebaan","Uden","Maashorst","Noord-Brabant",false,51.66295,5.605701,"injury","2","clear",false,1,"GM1991"
"20220192059",2022,"Letsel",2,"Fiets","Fiets","Flank","Rechte weg",30,"Niet brandend","Daglicht","Droog",\N,"496552027","Noorderstraat","Sappemeer","Midden-Groningen","Groningen",false,53.163853,6.778422,"injury","2","clear",false,1,"GM1952"
"20220127847",2022,"Uitsluitend materiele schade",2,"Fiets","Personenauto","Flank","Kruispunt, 4 takken",30,"Niet brandend","Daglicht","Droog",\N,\N,"Nederhorst","Rotterdam","Rotterdam","Zuid-Holland",false,51.875208,4.494753,"material damage only","4","clear",false,1,"GM0599"
"20220171788",2022,"Uitsluitend materiele schade",2,"Personenauto","Fiets","Flank","Kruispunt, 4 takken",50,"Niet brandend","Daglicht","Droog",\N,\N,"Constant Erzeijstraat","Utrecht","Utrecht","Utrecht",false,52.066403,5.119856,"material damage only","4","clear",false,1,"GM0344"
"20220188083",2022,"Uitsluitend materiele schade",2,"e-bike","Personenauto","Onbekend","Kruispunt, 3 takken",30,"Niet brandend","Daglicht","Regen",\N,\N,"Maaslandstraat","'s-Hertogenbosch","'s-Hertogenbosch","Noord-Brabant",false,51.691636,5.296403,"material damage only","4","rain",false,1,"GM0796"
"20220193927",2022,"Uitsluitend materiele schade",2,"Personenauto","Fiets","Flank","Rotonde",50,"Niet brandend","Daglicht","Droog",\N,\N,"Huizermaatweg","Huizen","Huizen","Noord-Holland",false,52.297209,5.250241,"material damage only","4","clear",false,1,"GM0406"
"20220196392",2022,"Letsel",2,"Personenauto","Fiets","Flank","Rechte weg",50,"Niet brandend","Daglicht","Droog",\N,"455373019","Smidsweg","Nijverdal","Hellendoorn","Overijssel",false,52.364166,6.454842,"injury","2","clear",false,1,"GM0163"
"20220120337",2022,"Letsel",2,"Trekker met oplegger","e-bike","Flank","Rechte weg",50,"Niet brandend","Daglicht","Droog",\N,"600633391","Atoomweg","Utrecht","Utrecht","Utrecht",false,52.118041,5.0459,"injury","2","clear",false,1,"GM0344"
"20220121525",2022,"Letsel",1,"Fiets",\N,"Eenzijdig",\N,15,\N,"Daglicht",\N,\N,"222500040","Marsdiepstraat","Den Helder","Den Helder","Noord-Holland",false,52.936534,4.736889,"injury","2","unknown",false,1,"GM0400"
"20220126569",2022,"Letsel",2,"Fiets","Voetganger","Voetganger","Kruispunt, 4 takken",30,"Niet brandend","Daglicht","Droog",\N,\N,"De Savornin Lohmanpad","'s-Gravenhage","'s-Gravenhage","Zuid-Holland",false,52.077923,4.232309,"injury","2","clear",false,1,"GM0518"
"20220130499",2022,"Uitsluitend materiele schade",2,"Personenauto","Fiets","Onbekend","Kruispunt, 4 takken",50,"Niet brandend","Daglicht",\N,\N,\N,"Heuvelplein","Breda","Breda","Noord-Brabant",false,51.573949,4.743945,"material damage only","4","unknown",false,1,"GM0758"
"20220136767",2022,"Letsel",3,"Fiets","Overig wegmeubilair","Vast voorwerp","Rechte weg",15,"Niet brandend","Daglicht","Droog",\N,"600440914","Stikke Hezelstraat","Nijmegen","Nijmegen","Gelderland",false,51.847447,5.862992,"injury","2","clear",false,1,"GM0268"
"20220144459",2022,"Letsel",2,"Bromfiets","Fiets","Flank","Rechte weg",50,"Niet brandend","Daglicht","Droog",\N,"600716136","Loosduinsekade","'s-Gravenhage","'s-Gravenhage","Zuid-Holland",false,52.073288,4.294232,"injury","2","clear",false,1,"GM0518"
"20220155700",2022,"Letsel",1,"Fiets",\N,"Eenzijdig","Kruispunt, 4 takken",50,"Brandend","Schemer","Droog",\N,\N,"Marnixstraat","Amsterdam","Amsterdam","Noord-Holland",false,52.365355,4.880141,"injury","2","clear",false,1,"GM0363"
"20220123009",2022,"Letsel",2,"Bestelauto","Fiets","Flank","Kruispunt, 3 takken",30,"Niet brandend","Daglicht","Droog",\N,\N,"Wagenweg","Haarlem","Haarlem","Noord-Holland",false,52.371683,4.624469,"injury","2","clear",false,1,"GM0392"
"20220131855",2022,"Letsel",2,"Bromfiets","Fiets","Flank","Rechte weg",30,"Niet brandend","Daglicht","Droog",\N,"600938085","Dommelsedijk","Westerhoven","Bergeijk","Noord-Brabant",false,51.341636,5.414721,"injury","2","clear",false,1,"GM1724"
"20220136866",2022,"Letsel",2,"Bromfiets","Fiets","Frontaal","Rechte weg",30,"Niet brandend","Daglicht","Droog","Tunnel","600609813","FIETSPAD","Epe","Epe","Gelderland",false,52.336588,5.991143,"injury","2","clear",false,1,"GM0232"
"20220151531",2022,"Uitsluitend materiele schade",2,"Personenauto","Fiets","Flank","Kruispunt, 3 takken",50,"Niet brandend","Daglicht","Droog",\N,\N,"Randwycksingel","Maastricht","Maastricht","Limburg",false,50.837874,5.708915,"material damage only","4","clear",false,1,"GM0935"
"20240096681",2024,"Letsel",2,"Fiets","Fiets","Onbekend","Rechte weg",30,"Niet brandend","Daglicht","Regen",\N,\N,"Randhoeve","Houten","Houten","Utrecht",false,52.039069,5.163851,"injury","2","rain",false,1,"GM0321"
"20240097544",2024,"Letsel",3,"Personenauto","Fiets","Onbekend","Rechte weg",30,"Brandend","Duisternis","Droog",\N,"243371066","Sarphatistraat","Amsterdam","Amsterdam","Noord-Holland",false,52.359844,4.901517,"injury","2","clear",false,1,"GM0363"
"20240044402",2024,"Uitsluitend materiele schade",2,"Personenauto","Fiets","Flank","Rechte weg",30,"Niet aanwezig","Duisternis","Droog",\N,"332142001","Strijperdijk","Leende","Heeze-Leende","Noord-Brabant",false,51.324791,5.559042,"material damage only","4","clear",false,1,"GM1658"
"20240044408",2024,"Uitsluitend materiele schade",1,"Fiets",\N,"Onbekend",\N,30,\N,"Daglicht",\N,\N,"155186048","Buurtweg","Halsteren","Bergen op Zoom","Noord-Brabant",false,51.52424,4.276934,"material damage only","4","unknown",false,1,"GM0748"
"20240073854",2024,"Letsel",2,"Bromfiets","Fiets","Frontaal","Bocht",50,"Niet aanwezig","Daglicht","Droog",\N,"325207011","Marconiweg","Veghel","Meierijstad","Noord-Brabant",false,51.622054,5.503426,"injury","2","clear",false,1,"GM1948"
"20240077863",2024,"Uitsluitend materiele schade",2,"Fiets","Personenauto","Onbekend",\N,\N,\N,"Daglicht",\N,\N,"435285030","Heijermansstraat","Doetinchem","Doetinchem","Gelderland",false,51.968715,6.29922,"material damage only","4","unknown",false,1,"GM0222"
"20240078450",2024,"Uitsluitend materiele schade",2,"Personenauto","Fiets","Frontaal","Bocht",30,"Niet brandend","Daglicht","Droog",\N,\N,"Beulakerweg","Giethoorn","Steenwijkerland","Overijssel",false,52.740334,6.077395,"material damage only","4","clear",false,1,"GM1708"
"20240082875",2024,"Letsel",2,"Fiets","Fiets","Onbekend",\N,50,\N,"Daglicht",\N,\N,"108214007","Julianastraat","Zierikzee","Schouwen-Duiveland","Zeeland",false,51.647353,3.935074,"injury","2","unknown",false,1,"GM1676"
"20240084808",2024,"Uitsluitend materiele schade",2,"Personenauto","Fiets","Flank","Kruispunt, 3 takken",30,"Niet brandend","Daglicht","Droog",\N,\N,"Zuidlaarderweg","Annen","Aa en Hunze","Drenthe",false,53.060292,6.718843,"material damage only","4","clear",false,1,"GM1680"
"20240086093",2024,"Letsel",1,"Fiets",\N,"Onbekend",\N,\N,\N,"Duisternis",\N,\N,"600495601","Koedijkerstraat","Alkmaar","Alkmaar","Noord-Holland",false,52.640095,4.757982,"injury","2","unknown",false,1,"GM0361"
"20240095059",2024,"Letsel",2,"e-bike","e-bike","Kop/staart","Rechte weg",30,"Niet aanwezig","Daglicht","Droog",\N,"600928261","Koningslaagtepad","Adorp","Het Hogeland","Groningen",false,53.264908,6.550024,"injury","2","clear",false,1,"GM1966"
"20240098458",2024,"Letsel",1,"Fiets",\N,"Onbekend","Rechte weg",50,"Niet brandend","Daglicht","Droog",\N,"250406040","Aletta Jacobslaan","Purmerend","Purmerend","Noord-Holland",false,52.513743,4.952579,"injury","2","clear",false,1,"GM0439"
"20240098479",2024,"Letsel",1,"Fiets",\N,"Eenzijdig","Rechte weg",80,"Niet brandend","Daglicht","Droog",\N,"227474001","Korte Ruigeweg","Oudesluis","Schagen","Noord-Holland",false,52.828006,4.790301,"injury","2","clear",false,1,"GM0441"
"20240043807",2024,"Uitsluitend materiele schade",1,"Fiets",\N,"Eenzijdig","Rechte weg",30,"Brandend","Daglicht","Droog","Tunnel","600473634","Vensedijk","Eindhoven","Eindhoven","Noord-Brabant",false,51.45525,5.407894,"material damage only","4","clear",false,1,"GM0772"
"20240079709",2024,"Letsel",3,"Fiets","Trekker","Flank","Kruispunt, 3 takken",50,"Niet brandend","Daglicht","Droog",\N,\N,"Snelliusstraat","Heerhugowaard","Dijk en Waard","Noord-Holland",false,52.692591,4.832645,"injury","2","clear",false,1,"GM1980"
"20240082267",2024,"Uitsluitend materiele schade",2,"Personenauto","Fiets","Flank","Rotonde",50,"Niet brandend","Daglicht","Droog",\N,\N,"Pastoor-Janssenstraat","Wessem","Maasgouw","Limburg",false,51.164592,5.880176,"material damage only","4","clear",false,1,"GM1641"
"20240086147",2024,"Letsel",1,"Fiets",\N,"Onbekend","Rechte weg",80,"Niet aanwezig","Daglicht","Droog",\N,"191372014","Zuiderduinpad","Zandvoort","Zandvoort","Noord-Holland",false,52.360279,4.518148,"injury","2","clear",false,1,"GM0473"
"20240086789",2024,"Letsel",1,"Fiets",\N,"Onbekend","Kruispunt, 3 takken",50,"Niet brandend","Daglicht","Regen",\N,\N,"Poortwachter","Hoorn","Hoorn","Noord-Holland",false,52.65618,5.054439,"injury","2","rain",false,1,"GM0405"
"20240092838",2024,"Letsel",2,"Personenauto","Fiets","Frontaal","Rechte weg",80,"Brandend","Schemer","Droog",\N,"600821036","Oosterweg","Eijsden","Eijsden-Margraten","Limburg",false,50.806603,5.708969,"injury","2","clear",false,1,"GM1903"