"accident_id","year","severity_raw","party_count","party1_type","party2_type","accident_type","road_situation","speed_limit_kmh","road_lighting","light_condition_label","weather_raw","infra_type","road_segment_id","street_name","place_name","gemeente_name_raw","province","alcohol_indicated","latitude","longitude","severity_label","severity_code","weather_label","built_up_area","cyclists_involved","gemeente_code"
"20240093778",2024,"Uitsluitend materiele schade",2,"Personenauto","Fiets","Flank","Rotonde",50,"Niet brandend","Daglicht","Droog",\N,\N,"Venlosingel","Arnhem","Arnhem","Gelderland",false,51.950158,5.872778,"material damage only","4","clear",false,1,"GM0202"
"20240097958",2024,"Letsel",2,"Personenauto","Fiets","Flank","Kruispunt, 4 takken",30,"Niet brandend","Daglicht","Droog",\N,\N,"Van Rijswijckschans","Zoetermeer","Zoetermeer","Zuid-Holland",false,52.071281,4.528173,"injury","2","clear",false,1,"GM0637"
"20240044466",2024,"Uitsluitend materiele schade",2,"e-bike","Voetganger","Voetganger","Rechte weg",30,"Niet brandend","Daglicht","Regen",\N,"600941788","Woenselse Markt","Eindhoven","Eindhoven","Noord-Brabant",false,51.450789,5.472593,"material damage only","4","rain",false,1,"GM0772"
"20240049658",2024,"Uitsluitend materiele schade",1,"Fiets",\N,"Onbekend",\N,50,\N,"Daglicht",\N,\N,"165305140","Jan van der Heijdenstr","'s-Gravenhage","'s-Gravenhage","Zuid-Holland",false,52.059736,4.332753,"material damage only","4","unknown",false,1,"GM0518"
"20240076288",2024,"Letsel",1,"Fiets",\N,"Eenzijdig","Kruispunt, 4 takken",30,"Niet brandend","Daglicht","Droog",\N,\N,"Kortestuk","Zevenaar","Zevenaar","Gelderland",false,51.942668,6.061661,"injury","2","clear",false,1,"GM0299"
"20240087536",2024,"Letsel",1,"Fiets",\N,"Onbekend","Rechte weg",50,"Niet brandend","Daglicht","Droog",\N,"339363007","Triasplein","Harderwijk","Harderwijk","Gelderland",false,52.325213,5.600836,"injury","2","clear",false,1,"GM0243"
"20240048434",2024,"Letsel",2,"Personenauto","Fiets","Flank","Kruispunt, 4 takken",30,"Niet aanwezig","Daglicht","Droog",\N,\N,"Van Bijnkershoeklaan","Utrecht","Utrecht","Utrecht",false,52.075563,5.100214,"injury","2","clear",false,1,"GM0344"
"20240079795",2024,"Uitsluitend materiele schade",1,"Fiets",\N,"Los voorwerp","Rechte weg",50,"Niet brandend","Daglicht","Droog",\N,"232375020","Slotermeerlaan","Amsterdam","Amsterdam","Noord-Holland",false,52.376683,4.819781,"material damage only","4","clear",false,1,"GM0363"
"20240084322",2024,"Letsel",1,"Fiets",\N,"Onbekend","Rechte weg",30,"Niet aanwezig","Daglicht","Droog",\N,"363375050","Brinkersweg","Nunspeet","Nunspeet","Gelderland",false,52.378252,5.782433,"injury","2","clear",false,1,"GM0302"
"20240088177",2024,"Letsel",3,"Fiets","Voetganger","Voetganger","Kruispunt, 4 takken",50,"Niet brandend","Daglicht","Droog",\N,"600508288","President Kennedylaan","Amsterdam","Amsterdam","Noord-Holland",false,52.341569,4.911388,"injury","2","clear",false,1,"GM0363"
"20240092685",2024,"Uitsluitend materiele schade",2,"Bromfiets","Fiets","Flank","Rechte weg",30,"Niet brandend","Daglicht","Droog",\N,"322172019","Generaal van Dedemlaan","Eindhoven","Eindhoven","Noord-Brabant",true,51.465256,5.480858,"material damage only","4","clear",false,1,"GM0772"
"20240095176",2024,"Letsel",2,"Fiets","Fiets","Frontaal","Rechte weg",30,"Niet brandend","Daglicht","Droog",\N,"600451598","Doornbosdwarsstraat","Meppel","Meppel","Drenthe",false,52.696764,6.196785,"injury","2","clear",false,1,"GM0119"
"20240046122",2024,"Letsel",2,"Personenauto","Fiets","Flank","Rechte weg",50,"Niet brandend","Daglicht","Droog",\N,"346299027","Hakselseweg","Ede","Ede","Gelderland",false,52.035031,5.655971,"injury","2","clear",false,1,"GM0228"
"20240070855",2024,"Letsel",2,"Fiets","Overig vast object","Vast voorwerp","Kruispunt, 4 takken",50,"Niet brandend","Daglicht",\N,\N,\N,"Spindermolen","Hardinxveld-Giessendam","Hardinxveld-Giessendam","Zuid-Holland",false,51.8254,4.839058,"injury","2","unknown",false,1,"GM0523"
"20240077345",2024,"Uitsluitend materiele schade",2,"Personenauto","Fiets","Flank","Kruispunt, 3 takken",50,"Niet brandend","Daglicht","Regen",\N,\N,"Spoorstraat","Wognum","Medemblik","Noord-Holland",false,52.68187,5.03344,"material damage only","4","rain",false,1,"GM0420"
"20240078019",2024,"Uitsluitend materiele schade",2,"Personenauto","Fiets","Flank",\N,30,"Niet brandend","Daglicht","Droog",\N,"407467131","Steenwijkerdiep","Steenwijk","Steenwijkerland","Overijssel",false,52.787134,6.111055,"material damage only","4","clear",false,1,"GM1708"
"20240089539",2024,"Uitsluitend materiele schade",2,"Bestelauto","Fiets","Flank","Kruispunt, 4 takken",50,"Niet brandend","Daglicht","Droog",\N,\N,"Frieseweg","Alkmaar","Alkmaar","Noord-Holland",false,52.633109,4.755054,"material damage only","4","clear",false,1,"GM0361"
"20240094273",2024,"Letsel",2,"Fiets","Voetganger","Voetganger","Rechte weg",30,"Niet brandend","Daglicht","Droog",\N,"383289042","Klarendalseweg","Arnhem","Arnhem","Gelderland",false,51.988842,5.92227,"injury","2","clear",false,1,"GM0202"
"20240096880",2024,"Uitsluitend materiele schade",2,"Personenauto","Fiets","Onbekend","Kruispunt, 4 takken",50,"Niet brandend","Daglicht",\N,\N,\N,"Horsterhout","Harderwijk","Harderwijk","Gelderland",false,52.322853,5.598621,"material damage only","4","unknown",false,1,"GM0243"
"20240044591",2024,"Letsel",2,"Fiets","Fiets","Frontaal","Rechte weg",80,"Niet brandend","Daglicht","Droog",\N,"600678255","Puttenweg","Ysselsteyn","Venray","Limburg",false,51.483737,5.908179,"injury","2","clear",false,1,"GM0984"
"20240070302",2024,"Uitsluitend materiele schade",2,"Personenauto","Fiets","Flank","Kruispunt, 3 takken",50,"Niet brandend","Daglicht","Droog",\N,\N,"Vredeman de Vriesstraat","Tilburg","Tilburg","Noord-Brabant",false,51.566283,5.073509,"material damage only","4","clear",false,1,"GM0855"
"20240071578",2024,"Letsel",2,"Bromfiets","Fiets","Frontaal","Rechte weg",50,"Niet brandend","Daglicht","Droog",\N,"600539729","Ln der Verenigde Naties","Dordrecht","Dordrecht","Zuid-Holland",false,51.796974,4.676241,"injury","2","clear",false,1,"GM0505"
"20240083748",2024,"Letsel",4,"Fiets","Fiets","Onbekend","Kruispunt, 4 takken",50,"Niet brandend","Daglicht","Droog",\N,\N,"Heer de Heuschweg","Mierlo","Geldrop-Mierlo","Noord-Brabant",false,51.434142,5.622951,"injury","2","clear",false,1,"GM1771"
"20240086302",2024,"Uitsluitend materiele schade",2,"Fiets","Bestelauto","Onbekend","Rechte weg",30,"Niet brandend","Daglicht","Droog",\N,"356447013","Meteorenstraat","Emmeloord","Noordoostpolder","Flevoland",false,52.700467,5.733267,"material damage only","4","clear",false,1,"GM0171"
"20240088946",2024,"Letsel",2,"Fiets","Fiets","Flank","Kruispunt, 3 takken",30,"Niet brandend","Daglicht","Regen",\N,\N,"Badstraat","Katwijk","Katwijk","Zuid-Holland",false,52.205055,4.396652,"injury","2","rain",false,1,"GM0537"
"20240094775",2024,"Uitsluitend materiele schade",2,"Personenauto","Fiets","Kop/staart","Rechte weg",30,"Niet brandend","Daglicht","Droog",\N,"473344038","Irisstraat","Goor","Hof van Twente","Overijssel",false,52.230586,6.586903,"material damage only","4","clear",false,1,"GM1735"
"20240085045",2024,"Uitsluitend materiele schade",2,"Snorfiets","e-bike","Flank","Kruispunt, 4 takken",50,"Niet brandend","Daglicht","Droog",\N,\N,"Nieuwe Oosterstraat","Leeuwarden","Leeuwarden","Friesland",false,53.200688,5.802457,"material damage only","4","clear",false,1,"GM0080"
"20240087680",2024,"Letsel",2,"Motor","Fiets","Flank","Kruispunt, 4 takken",80,"Niet brandend","Daglicht","Droog",\N,\N,"Weg door Zuid-Salland","Schalkhaar","Deventer","Overijssel",false,52.267997,6.214674,"injury","2","clear",false,1,"GM0150"
"20240090893",2024,"Letsel",2,"Fiets","Scootmobiel","Frontaal","Bocht",30,"Niet brandend","Daglicht","Droog","Parkeervoorziening",\N,"Gorsstraat","Spijkenisse","Nissewaard","Zuid-Holland",false,51.8504,4.33172,"injury","2","clear",false,1,"GM1930"
"20240101860",2024,"Uitsluitend materiele schade",2,"Personenauto","Fiets","Frontaal","Kruispunt, 3 takken",30,"Niet brandend","Daglicht","Droog",\N,\N,"Mercuriusstraat","Oss","Oss","Noord-Brabant",false,51.767836,5.505192,"material damage only","4","clear",false,1,"GM0828"
"20240102333",2024,"Letsel",2,"Personenauto","Fiets","Flank","Kruispunt, 4 takken",30,"Niet brandend","Daglicht","Droog",\N,\N,"Franz Lisztstraat","Tilburg","Tilburg","Noord-Brabant",false,51.582312,5.082617,"injury","2","clear",false,1,"GM0855"
"20240046866",2024,"Uitsluitend materiele schade",2,"Personenauto","Fiets","Flank","Rechte weg",30,"Niet brandend","Daglicht","Droog",\N,"495516053","Liesterkrallen","Gieten","Aa en Hunze","Drenthe",false,53.002471,6.771376,"material damage only","4","clear",false,1,"GM1680"
"20240050490",2024,"Letsel",2,"Motor","Fiets","Flank","Rechte weg",\N,"Niet brandend","Daglicht","Droog",\N,"236367026","IJsbaanpad","Amsterdam","Amsterdam","Noord-Holland",false,52.341761,4.849433,"injury","2","clear",false,1,"GM0363"
"20240070975",2024,"Letsel",2,"Personenauto","Fiets","Flank","Bocht",30,"Niet brandend","Daglicht","Droog",\N,"197280131","Reidans","Capelle aan den IJssel","Capelle aan den IJssel","Zuid-Holland",false,51.94876,4.571461,"injury","2","clear",false,1,"GM0502"
"20240082515",2024,"Uitsluitend materiele schade",2,"Personenauto","Fiets","Flank","Kruispunt, 3 takken",30,"Niet brandend","Daglicht","Droog",\N,\N,"Keenkestraat","Gronsveld","Eijsden-Margraten","Limburg",false,50.81007,5.734599,"material damage only","4","clear",false,1,"GM1903"
"20240083151",2024,"Uitsluitend materiele schade",2,"Bestelauto","Fiets","Flank","Kruispunt, 3 takken",60,"Niet brandend","Daglicht","Droog",\N,\N,"Nistelrodensedijk","Loosbroek","Bernheze","Noord-Brabant",false,51.671076,5.514844,"material damage only","4","clear",false,1,"GM1721"
"20240086379",2024,"Letsel",1,"Fiets",\N,"Onbekend","Rechte weg",50,"Brandend","Duisternis",\N,\N,"275448003","Zwaagdijk","Zwaagdijk-Oost","Medemblik","Noord-Holland",false,52.704254,5.132301,"injury","2","unknown",false,1,"GM0420"
"20240086383",2024,"Uitsluitend materiele schade",1,"Fiets",\N,"Onbekend","Kruispunt, 4 takken",50,"Niet brandend","Daglicht","Droog",\N,\N,"Delverspad","Egmond aan den Hoef","Bergen (NH)","Noord-Holland",false,52.619249,4.644118,"material damage only","4","clear",false,1,\N
"20240089020",2024,"Letsel",3,"Snorfiets","Fiets","Frontaal","Rechte weg",30,"Brandend","Duisternis","Droog",\N,"600389237","Hooftskade","'s-Gravenhage","'s-Gravenhage","Zuid-Holland",true,52.070878,4.308784,"injury","2","clear",false,1,"GM0518"
"20240089681",2024,"Uitsluitend materiele schade",2,"Personenauto","Fiets","Flank","Rechte weg",30,"Brandend","Schemer","Droog",\N,\N,"Thijssestraat","Zaandam","Zaanstad","Noord-Holland",false,52.441787,4.846829,"material damage only","4","clear",false,1,"GM0479"
"20240099322",2024,"Letsel",1,"Fiets",\N,"Onbekend","Rechte weg",30,"Niet brandend","Daglicht","Droog","Brug/viaduct","600728317","ERASMUSBRUG","Rotterdam","Rotterdam","Zuid-Holland",false,51.909515,4.485522,"injury","2","clear",false,1,"GM0599"
"20240099327",2024,"Uitsluitend materiele schade",2,"Bestelauto","e-bike","Los voorwerp","Kruispunt, 4 takken",50,"Niet brandend","Daglicht","Droog",\N,\N,"Matlingeweg","Rotterdam","Rotterdam","Zuid-Holland",false,51.927008,4.416125,"material damage only","4","clear",false,1,"GM0599"
"20240048651",2024,"Letsel",2,"Personenauto","Fiets","Flank","Kruispunt, 4 takken",50,"Niet brandend","Daglicht","Droog",\N,\N,"MERCURIUSWEG","Voorthuizen","Barneveld","Gelderland",false,52.169453,5.597637,"injury","2","clear",false,1,"GM0203"
"20240078166",2024,"Uitsluitend materiele schade",2,"Bestelauto","Fiets","Flank","Kruispunt, 4 takken",30,"Niet brandend","Daglicht","Droog",\N,\N,"Frans Halsweg","Almere","Almere","Flevoland",false,52.384602,5.255374,"material damage only","4","clear",false,1,"GM0034"
"20240081904",2024,"Letsel",2,"e-bike","Personenauto","Flank","Kruispunt, 4 takken",50,"Niet brandend","Daglicht","Droog",\N,\N,"Madepolderweg","'s-Gravenhage","'s-Gravenhage","Zuid-Holland",false,52.035802,4.221376,"injury","2","clear",false,1,"GM0518"
"20240095376",2024,"Uitsluitend materiele schade",2,"Personenauto","Fiets","Flank","Kruispunt, 4 takken",50,"Niet brandend","Daglicht","Droog",\N,\N,"Ds Martin Luther Kingweg","Purmerend","Purmerend","Noord-Holland",false,52.524317,4.961537,"material damage only","4","clear",false,1,"GM0439"
"20240097048",2024,"Letsel",2,"Fiets","Fiets","Flank","Kruispunt, 3 takken",30,"Niet brandend","Daglicht","Droog",\N,\N,"Troelstralaan","Zutphen","Zutphen","Gelderland",false,52.13276,6.202365,"injury","2","clear",false,1,"GM0301"
"20240098832",2024,"Letsel",2,"Fiets","Fiets","Frontaal","Rechte weg",\N,"Brandend","Duisternis","Droog","Brug/viaduct","228369049","Pieter Calandlaan","Amsterdam","Amsterdam","Noord-Holland",false,52.35001,4.78858,"injury","2","clear",false,1,"GM0363"
"20240099047",2024,"Uitsluitend materiele schade",2,"Fiets","Overig vast object","Vast voorwerp","Rechte weg",50,"Niet brandend","Daglicht","Droog","Brug/viaduct","600630540","FIETSPAD","Wormer","Wormerland","Noord-Holland",false,52.491367,4.798928,"material damage only","4","clear",false,1,"GM0880"
"20240099816",2024,"Letsel",2,"Bromfiets","Fiets","Kop/staart","Rechte weg",50,"Niet brandend","Daglicht","Droog",\N,"600491271","FIETSPAD","Rotterdam","Rotterdam","Zuid-Holland",false,51.909608,4.485858,"injury","2","clear",false,1,"GM0599"
"20240100157",2024,"Uitsluitend materiele schade",2,"Fiets","Personenauto","Flank","Kruispunt, 4 takken",50,"Niet brandend","Daglicht","Droog",\N,\N,"Los Angelesstraat","'s-Gravenhage","'s-Gravenhage","Zuid-Holland",false,52.031102,4.285899,"material damage only","4","clear",false,1,"GM0518"
"20240043474",2024,"Letsel",2,"Bromfiets","Fiets","Frontaal","Rechte weg",30,"Brandend","Duisternis","Droog",\N,"171306044","Nieuweveensepad","'s-Gravenhage","'s-Gravenhage","Zuid-Holland",false,52.064268,4.37803,"injury","2","clear",false,1,"GM0518"
"20240046965",2024,"Uitsluitend materiele schade",2,"Personenauto","Fiets","Onbekend","Rechte weg",30,"Niet brandend","Daglicht","Droog",\N,"383278064","Keizersallee","Huissen","Lingewaard","Gelderland",false,51.940246,5.923286,"material damage only","4","clear",false,1,"GM1705"
"20240071067",2024,"Letsel",4,"Personenauto","Fiets","Flank","Kruispunt, 4 takken",30,"Niet brandend","Daglicht","Droog",\N,\N,"Willemstraat","Zuidland","Nissewaard","Zuid-Holland",false,51.822878,4.259015,"injury","2","clear",false,1,"GM1930"
"20240083923",2024,"Uitsluitend materiele schade",3,"Fiets","Personenauto","Vast voorwerp","Kruispunt, 4 takken",50,"Niet brandend","Daglicht","Droog",\N,\N,"Hermelijnstraat","Eindhoven","Eindhoven","Noord-Brabant",false,51.454583,5.467131,"material damage only","4","clear",false,1,"GM0772"
"20240088433",2024,"Letsel",1,"Fiets",\N,"Onbekend","Kruispunt, 3 takken",50,"Niet brandend","Daglicht","Droog",\N,\N,"Nathaliegang","Zoetermeer","Zoetermeer","Zuid-Holland",false,52.044712,4.480314,"injury","2","clear",false,1,"GM0637"
"20240088437",2024,"Uitsluitend materiele schade",2,"Motor","Fiets","Flank","Kruispunt, 4 takken",50,"Niet brandend","Daglicht","Droog",\N,\N,"GEUZENVELD 5","Amsterdam","Amsterdam","Noord-Holland",false,52.372562,4.841593,"material damage only","4","clear",false,1,"GM0363"
"20240091002",2024,"Letsel",2,"Snorfiets","Fiets","Onbekend",\N,\N,\N,"Daglicht",\N,\N,"601115167","Schiekade","Rotterdam","Rotterdam","Zuid-Holland",false,51.930793,4.46961,"injury","2","unknown",false,1,"GM0599"
"20240094482",2024,"Letsel",2,"Fiets",\N,"Onbekend","Kruispunt, 4 takken",50,"Niet brandend","Daglicht","Droog",\N,\N,"Marskant","Hengelo","Hengelo (O)","Overijssel",false,52.264727,6.789116,"injury","2","clear",false,1,\N
"20240099079",2024,"Letsel",2,"Personenauto","Fiets","Flank","Rechte weg",30,"Brandend","Duisternis","Regen",\N,\N,"Hoofddorpweg","Amsterdam","Amsterdam","Noord-Holland",false,52.351028,4.85204,"injury","2","rain",false,1,"GM0363"
"20240100872",2024,"Uitsluitend materiele schade",2,"Personenauto","Fiets","Flank","Kruispunt, 4 takken",30,"Niet brandend","Daglicht","Regen",\N,\N,"Jacob van Campenweg","Rotterdam","Rotterdam","Zuid-Holland",false,51.940222,4.538691,"material damage only","4","rain",false,1,"GM0599"
"20240072767",2024,"Uitsluitend materiele schade",2,"Personenauto","Fiets","Onbekend","Rechte weg",30,"Niet brandend","Daglicht","Droog",\N,"402129007","Hoogstraat","Beesel","Beesel","Limburg",false,51.271445,6.049905,"material damage only","4","clear",false,1,"GM0889"
"20240095990",2024,"Uitsluitend materiele schade",2,"Bromfiets","Fiets","Onbekend","Bocht",50,"Niet brandend","Daglicht","Droog",\N,"332293021","Hermelijnlaan","Veenendaal","Veenendaal","Utrecht",false,52.008467,5.554679,"material damage only","4","clear",false,1,"GM0345"
"20240100742",2024,"Letsel",2,"Snorfiets","Fiets","Flank","Rechte weg",50,"Niet brandend","Daglicht","Droog",\N,"160305012","Troelstrakade","'s-Gravenhage","'s-Gravenhage","Zuid-Holland",false,52.056902,4.301,"injury","2","clear",false,1,"GM0518"
"20240077656",2024,"Letsel",2,"Fiets","Voetganger","Voetganger","Kruispunt, 4 takken",30,"Niet brandend","Daglicht","Regen",\N,\N,"Heemsermarsweg","Hardenberg","Hardenberg","Overijssel",false,52.575831,6.613171,"injury","2","rain",false,1,"GM0160"
"20240078260",2024,"Uitsluitend materiele schade",2,"Fiets","Fiets","Onbekend","Rechte weg",50,"Niet brandend","Daglicht","Droog",\N,"600807397","Kerkewijk","Veenendaal","Veenendaal","Utrecht",false,52.016481,5.547632,"material damage only","4","clear",false,1,"GM0345"
"20240082001",2024,"Letsel",1,"Fiets",\N,"Onbekend",\N,30,\N,"Daglicht",\N,\N,"161309117","Kleine Nobelstraat","'s-Gravenhage","'s-Gravenhage","Zuid-Holland",false,52.078082,4.305574,"injury","2","unknown",false,1,"GM0518"
"20240082670",2024,"Uitsluitend materiele schade",2,"Personenauto","Fiets","Onbekend","Bocht",30,"Niet brandend","Daglicht","Droog",\N,\N,"Peperdijk","Vlissingen","Vlissingen","Zeeland",false,51.44466,3.577216,"material damage only","4","clear",false,1,"GM0718"
"20240100596",2024,"Letsel",2,"Personenauto","Fiets","Flank","Kruispunt, 4 takken",50,"Niet brandend","Daglicht","Droog",\N,\N,"Delflandplein","Delft","Delft","Zuid-Holland",false,51.996661,4.355181,"injury","2","clear",false,1,"GM0503"
"20240100782",2024,"Letsel",2,"Personenauto","Fiets","Flank","Kruispunt, 3 takken",30,"Niet brandend","Daglicht","Droog",\N,\N,"Jacob Pronkstraat","'s-Gravenhage","'s-Gravenhage","Zuid-Holland",false,52.103684,4.271459,"injury","2","clear",false,1,"GM0518"
"20240101194",2024,"Letsel",2,"Personenauto","Fiets","Frontaal","Kruispunt, 4 takken",50,"Niet brandend","Daglicht","Regen",\N,\N,"Zwedenlaan","Hazerswoude-Dorp","Alphen aan den Rijn","Zuid-Holland",false,52.079346,4.621599,"injury","2","rain",false,1,"GM0484"
"20240102294",2024,"Uitsluitend materiele schade",2,"Fiets","Voetganger","Voetganger","Rechte weg",50,"Niet brandend","Daglicht",\N,\N,"600641297","Heijerstraat","Westerhoven","Bergeijk","Noord-Brabant",false,51.328709,5.388709,"material damage only","4","unknown",false,1,"GM1724"
"20240102667",2024,"Uitsluitend materiele schade",2,"Personenauto","Fiets","Flank","Kruispunt, 4 takken",50,"Niet brandend","Daglicht","Droog",\N,\N,"Titus Brandsmalaan","Oss","Oss","Noord-Brabant",false,51.756425,5.533797,"material damage only","4","clear",false,1,"GM0828"
"20240048819",2024,"Letsel",2,"Bromfiets","Fiets","Frontaal","Rechte weg",80,"Niet brandend","Daglicht","Droog",\N,"600542265","Achthoven-Oost","Montfoort","Montfoort","Utrecht",false,52.056266,5.009253,"injury","2","clear",false,1,"GM0335"
"20240070520",2024,"Uitsluitend materiele schade",2,"Personenauto","Fiets","Onbekend","Rechte weg",50,"Niet brandend","Daglicht","Droog",\N,"164273044","Westlandseweg","Vlaardingen","Vlaardingen","Zuid-Holland",false,51.916469,4.333455,"material damage only","4","clear",false,1,"GM0622"
"20240077711",2024,"Uitsluitend materiele schade",2,"Fiets","Personenauto","Flank","Rotonde",50,"Niet brandend","Daglicht","Droog",\N,\N,"Gr v L v Sandenburgwg","Wijk bij Duurstede","Wijk bij Duurstede","Utrecht",false,51.986799,5.33294,"material damage only","4","clear",false,1,"GM0352"
"20240087295",2024,"Uitsluitend materiele schade",2,"Personenauto","Fiets","Flank","Rechte weg",50,"Brandend","Schemer","Droog",\N,\N,"Koningsweg","Soest","Soest","Utrecht",false,52.173719,5.278445,"material damage only","4","clear",false,1,"GM0342"
"20240091128",2024,"Uitsluitend materiele schade",2,"Personenauto","Fiets","Onbekend","Kruispunt, 4 takken",30,"Niet brandend","Daglicht","Droog",\N,\N,"Van Hogendorpstraat","Tilburg","Tilburg","Noord-Brabant",false,51.573508,5.078231,"material damage only","4","clear",false,1,"GM0855"
"20240100662",2024,"Uitsluitend materiele schade",2,"Personenauto","Fiets","Flank","Rechte weg",30,"Niet brandend","Daglicht","Droog",\N,\N,"Parallelweg-Zuid","Nieuwerkerk aan den IJssel","Zuidplas","Zuid-Holland",false,51.971978,4.607084,"material damage only","4","clear",false,1,"GM1892"
"20240100968",2024,"Uitsluitend materiele schade",2,"Fiets","Los voorwerp","Los voorwerp","Rechte weg",50,"Niet brandend","Daglicht","Regen",\N,"209247084","Brouwersdijk","Dordrecht","Dordrecht","Zuid-Holland",false,51.801028,4.660033,"material damage only","4","rain",false,1,"GM0505"
"20240102707",2024,"Uitsluitend materiele schade",2,"Fiets","Personenauto","Flank","Kruispunt, 3 takken",50,"Niet brandend","Daglicht","Droog",\N,\N,"Mauritslaan","Geleen","Sittard-Geleen","Limburg",false,50.972262,5.825257,"material damage only","4","clear",false,1,"GM1883"
"20240102879",2024,"Uitsluitend materiele schade",2,"Personenauto","Fiets","Onbekend","Kruispunt, 4 takken",50,"Niet brandend","Daglicht","Regen",\N,\N,"Munnikenheiweg","Etten-Leur","Etten-Leur","Noord-Brabant",false,51.556488,4.630176,"material damage only","4","rain",false,1,"GM0777"
"20240103355",2024,"Letsel",2,"Fiets","Fiets","Flank","Rechte weg",50,"Niet brandend","Daglicht","Droog",\N,"317174021","Avignonlaan","Eindhoven","Eindhoven","Noord-Brabant",false,51.476162,5.443971,"injury","2","clear",false,1,"GM0772"
"20240045835",2024,"Letsel",2,"Bestelauto","Fiets","Flank","Rechte weg",30,"Niet brandend","Daglicht","Droog",\N,"313552079","Willemskade","Harlingen","Harlingen","Friesland",false,53.174517,5.41162,"injury","2","clear",false,1,"GM0072"
"20240070578",2024,"Letsel",2,"Personenauto","Fiets","Onbekend",\N,30,\N,"Daglicht",\N,\N,"268199026","Benatzkystraat","Tilburg","Tilburg","Noord-Brabant",false,51.585445,5.090521,"injury","2","unknown",false,1,"GM0855"
"20240085317",2024,"Uitsluitend materiele schade",2,"Personenauto","Fiets","Frontaal","Kruispunt, 3 takken",60,"Niet brandend","Daglicht","Droog",\N,\N,"Hoekserfpad","Zwolle","Zwolle","Overijssel",false,52.490323,6.154882,"material damage only","4","clear",false,1,"GM0193"
"20240091837",2024,"Uitsluitend materiele schade",2,"Personenauto","Fiets","Flank","Kruispunt, 4 takken",50,"Niet brandend","Daglicht","Droog",\N,\N,"Henri Hermanslaan","Geleen","Sittard-Geleen","Limburg",false,50.978578,5.840268,"material damage only","4","clear",false,1,"GM1883"
"20240096630",2024,"Uitsluitend materiele schade",2,"Personenauto","Fiets","Flank","Rechte weg",50,"Niet brandend","Daglicht","Droog",\N,"516340101","Kuipersdijk","Enschede","Enschede","Overijssel",false,52.211321,6.895337,"material damage only","4","clear",false,1,"GM0153"
"20240097229",2024,"Letsel",2,"Snorfiets","Fiets","Onbekend","Rechte weg",50,"Brandend","Duisternis","Droog",\N,"165308003","Grebbestraat","'s-Gravenhage","'s-Gravenhage","Zuid-Holland",false,52.073636,4.33029,"injury","2","clear",false,1,"GM0518"
"20240101442",2024,"Letsel",2,"Personenauto","Fiets","Flank","Rotonde",50,"Niet brandend","Daglicht","Droog",\N,\N,"Stationsweg","Venray","Venray","Limburg",false,51.528973,5.995213,"injury","2","clear",false,1,"GM0984"
"20240070605",2024,"Uitsluitend materiele schade",2,"Bromfiets","Fiets","Flank","Rechte weg",30,"Niet brandend","Daglicht","Droog",\N,"61179090","Nieuwe Vlissingseweg","Middelburg","Middelburg","Zeeland",false,51.482478,3.602157,"material damage only","4","clear",false,1,\N
"20240070630",2024,"Letsel",1,"Fiets",\N,"Eenzijdig","Rechte weg",30,"Niet brandend","Daglicht","Droog",\N,"600713549","VERLENGDE NOORDDIJK","Geervliet","Nissewaard","Zuid-Holland",false,51.865008,4.257546,"injury","2","clear",false,1,"GM1930"
"20240077761",2024,"Uitsluitend materiele schade",2,\N,"Fiets","Onbekend","Rechte weg",50,"Niet brandend","Daglicht","Droog",\N,\N,"Thomas a Kempisstraat","Zwolle","Zwolle","Overijssel",false,52.51598,6.104574,"material damage only","4","clear",false,1,"GM0193"
"20240045236",2024,"Letsel",2,"Fiets","Trein/tram","Flank","Rechte weg",\N,"Niet brandend","Daglicht","Droog","Spoorwegovergang","296214014","Stationsstraat","Vught","Vught","Noord-Brabant",false,51.655726,5.292652,"injury","2","clear",false,1,"GM0865"
"20240074484",2024,"Uitsluitend materiele schade",2,"Fiets","Personenauto","Flank","Kruispunt, 4 takken",50,"Niet brandend","Daglicht","Droog",\N,\N,"Liesselseweg","Deurne","Deurne","Noord-Brabant",false,51.451884,5.7978,"material damage only","4","clear",false,1,"GM0762"
"20240079616",2024,"Letsel",2,"Fiets","Personenauto","Flank","Kruispunt, 4 takken",50,"Niet brandend","Daglicht","Droog",\N,\N,"Noorddammerweg","De Kwakel","Uithoorn","Noord-Holland",true,52.248954,4.801221,"injury","2","clear",false,1,"GM0451"
"20230048947",2023,"Uitsluitend materiele schade",2,"Bromfiets","Fiets","Frontaal","Rechte weg",30,"Niet brandend","Daglicht","Droog",\N,"225349022","Burg Kasteleinweg","Aalsmeer","Aalsmeer","Noord-Holland",false,52.25901,4.7662,"material damage only","4","clear",false,1,"GM0358"
"20230049510",2023,"Uitsluitend materiele schade",2,"Fiets","Bromfiets","Onbekend","Kruispunt, 4 takken",50,"Niet brandend","Daglicht","Droog",\N,\N,"Dunne Bierkade","'s-Gravenhage","'s-Gravenhage","Zuid-Holland",false,52.072958,4.31411,"material damage only","4","clear",false,1,"GM0518"
"20230052398",2023,"Uitsluitend materiele schade",3,"Personenauto","Fiets","Onbekend","Rotonde",50,"Niet brandend","Daglicht","Droog",\N,\N,"Dag Hammarskjöldlaan","Hellevoetsluis","Voorne aan Zee","Zuid-Holland",false,51.837903,4.156308,"material damage only","4","clear",false,1,"GM1992"