"accident_id","year","severity_raw","party_count","party1_type","party2_type","accident_type","road_situation","speed_limit_kmh","road_lighting","light_condition_label","weather_raw","infra_type","road_segment_id","street_name","place_name","gemeente_name_raw","province","alcohol_indicated","latitude","longitude","severity_label","severity_code","weather_label","built_up_area","cyclists_involved","gemeente_code"
"20230102502",2023,"Uitsluitend materiele schade",2,"Personenauto","Fiets","Flank","Kruispunt, 3 takken",30,"Niet brandend","Daglicht","Regen",\N,\N,"Zuidweg","Naaldwijk","Westland","Zuid-Holland",false,51.987369,4.207536,"material damage only","4","rain",false,1,"GM1783"
"20230105144",2023,"Uitsluitend materiele schade",2,"e-bike","Personenauto","Flank","Rotonde",50,"Brandend","Duisternis","Droog",\N,\N,"Randweg","Arnhem","Arnhem","Gelderland",false,51.944963,5.862625,"material damage only","4","clear",false,1,"GM0202"
"20230088120",2023,"Uitsluitend materiele schade",2,"e-bike","Fiets","Flank","Kruispunt, 3 takken",30,"Niet brandend","Daglicht","Droog",\N,"600997608","Spaarneplein","Haarlem","Haarlem","Noord-Holland",false,52.369916,4.642957,"material damage only","4","clear",false,1,"GM0392"
"20230095755",2023,"Uitsluitend materiele schade",2,"Personenauto","Fiets","Frontaal","Kruispunt, 4 takken",50,"Brandend","Duisternis","Droog",\N,\N,"Ruimtevaart","Amersfoort","Amersfoort","Utrecht",false,52.197774,5.394452,"material damage only","4","clear",false,1,"GM0307"
"20230097466",2023,"Uitsluitend materiele schade",2,"Personenauto","Fiets","Onbekend","Rechte weg",50,"Niet brandend","Daglicht","Droog",\N,\N,"Waddenweg","Hoofddorp","Haarlemmermeer","Noord-Holland",false,52.313568,4.642932,"material damage only","4","clear",false,1,"GM0394"
"20230099796",2023,"Uitsluitend materiele schade",2,"Bestelauto","Fiets","Onbekend","Kruispunt, 3 takken",30,"Niet brandend","Daglicht","Droog",\N,\N,"Stationsweg","Eindhoven","Eindhoven","Noord-Brabant",false,51.442048,5.482951,"material damage only","4","clear",false,1,"GM0772"
"20230103036",2023,"Uitsluitend materiele schade",2,"Bromfiets","Fiets","Frontaal","Rechte weg",50,"Niet brandend","Daglicht","Droog",\N,"600551311","Lekstraat","'s-Gravenhage","'s-Gravenhage","Zuid-Holland",false,52.075959,4.329205,"material damage only","4","clear",false,1,"GM0518"
"20230105776",2023,"Uitsluitend materiele schade",2,"Personenauto","Fiets","Onbekend","Kruispunt, 4 takken",30,"Niet brandend","Daglicht","Harde windstoten",\N,\N,"Raadhuisstraat","Losser","Losser","Overijssel",false,52.261536,7.005287,"material damage only","4","unknown",false,1,"GM0168"
"20230094040",2023,"Uitsluitend materiele schade",2,"Personenauto","Fiets","Flank","Rotonde",50,"Niet brandend","Daglicht","Regen",\N,\N,"Hogeweg","Wijchen","Wijchen","Gelderland",false,51.805219,5.720151,"material damage only","4","rain",false,1,"GM0296"
"20230098713",2023,"Uitsluitend materiele schade",2,"Personenauto","Fiets","Onbekend","Kruispunt, 4 takken",30,"Brandend","Duisternis","Regen",\N,\N,"Stationsplein","Roosendaal","Roosendaal","Noord-Brabant",false,51.539733,4.460302,"material damage only","4","rain",false,1,"GM1674"
"20230100577",2023,"Uitsluitend materiele schade",2,"Personenauto","Fiets","Flank","Kruispunt, 3 takken",50,"Brandend","Duisternis","Droog",\N,\N,"Genderstraatje","Eindhoven","Eindhoven","Noord-Brabant",false,51.43949,5.480974,"material damage only","4","clear",false,1,"GM0772"
"20230080596",2023,"Letsel",2,"Personenauto","Fiets","Flank","Rechte weg",50,"Niet brandend","Daglicht","Droog",\N,"185275183","Sint-Jacobsplaats","Rotterdam","Rotterdam","Zuid-Holland",false,51.924243,4.484139,"injury","2","clear",false,1,"GM0599"
"20230083551",2023,"Letsel",2,"Personenauto","e-bike","Frontaal","Kruispunt, 3 takken",60,"Niet brandend","Daglicht","Regen",\N,"600829699","Kadijk","Rotsterhaule","De Fryske Marren","Friesland",false,52.931031,5.835877,"injury","2","rain",false,1,"GM1940"
"20230087615",2023,"Uitsluitend materiele schade",2,"Personenauto","Fiets","Flank","Rotonde",50,"Niet brandend","Daglicht","Droog",\N,\N,"Aalsmeerweg","Amsterdam","Amsterdam","Noord-Holland",false,52.351051,4.849696,"material damage only","4","clear",false,1,"GM0363"
"20230098746",2023,"Uitsluitend materiele schade",2,"Personenauto","Fiets","Flank","Rechte weg",50,"Niet brandend","Daglicht","Droog",\N,"247209020","Mgr. Schaepmanlaan","Dongen","Dongen","Noord-Brabant",false,51.631885,4.939509,"material damage only","4","clear",false,1,"GM0766"
"20230084758",2023,"Letsel",1,"Fiets",\N,"Eenzijdig","Kruispunt, 4 takken",50,"Niet brandend","Daglicht","Droog",\N,\N,"Ridderspoorpad","Almere","Almere","Flevoland",false,52.390859,5.288666,"injury","2","clear",false,1,"GM0034"
"20230088823",2023,"Uitsluitend materiele schade",2,"Bestelauto","Fiets","Flank","Kruispunt, 4 takken",\N,"Brandend","Duisternis","Droog",\N,\N,"Mathenesserweg","Rotterdam","Rotterdam","Zuid-Holland",false,51.916174,4.442993,"material damage only","4","clear",false,1,"GM0599"
"20230092961",2023,"Uitsluitend materiele schade",2,"Fiets","Fiets","Frontaal","Rechte weg",30,"Brandend","Duisternis","Regen",\N,"467513001","Marktstraat","Assen","Assen","Drenthe",false,52.993957,6.561165,"material damage only","4","rain",false,1,"GM0106"
"20230100106",2023,"Uitsluitend materiele schade",2,"Personenauto","Fiets","Flank","Rechte weg",80,"Niet brandend","Daglicht",\N,\N,"380042009","Barrier","Klimmen","Voerendaal","Limburg",false,50.878526,5.89426,"material damage only","4","unknown",false,1,"GM0986"
"20230100369",2023,"Uitsluitend materiele schade",3,"Personenauto","Fiets","Onbekend","Rotonde",50,"Niet brandend","Daglicht","Droog",\N,\N,"Americaanseweg","Horst","Horst aan de Maas","Limburg",false,51.450314,6.046522,"material damage only","4","clear",false,1,"GM1507"
"20230105288",2023,"Uitsluitend materiele schade",2,"Personenauto","Fiets","Flank","Rotonde",50,"Brandend","Duisternis","Regen",\N,\N,"Höltersweg","Hengelo","Hengelo (O)","Overijssel",false,52.278339,6.778201,"material damage only","4","rain",false,1,\N
"20230088276",2023,"Uitsluitend materiele schade",2,"Fiets","Bromfiets","Frontaal","Rechte weg",50,"Niet brandend","Daglicht","Droog","Tunnel","600574720","FIETSPAD","Amstelveen","Amstelveen","Noord-Holland",false,52.286867,4.842859,"material damage only","4","clear",false,1,"GM0362"
"20230091849",2023,"Letsel",2,"Personenauto","Fiets","Flank","Bocht",50,"Niet brandend","Daglicht","Droog",\N,\N,"Roda J.C. Ring","Heerlen","Heerlen","Limburg",false,50.858752,6.004593,"injury","2","clear",false,1,"GM0917"
"20230100150",2023,"Letsel",3,"Fiets","Personenauto","Flank","Kruispunt, 4 takken",30,"Niet brandend","Daglicht","Droog","Brug/viaduct",\N,"Blauwedijk","Middelburg","Middelburg","Zeeland",false,51.496162,3.617349,"injury","2","clear",false,1,\N
"20230101788",2023,"Letsel",1,"Fiets",\N,"Eenzijdig","Rechte weg",30,"Niet brandend","Daglicht","Regen","Brug/viaduct","206318009","Weteringpad","Alphen aan den Rijn","Alphen aan den Rijn","Zuid-Holland",false,52.120462,4.630317,"injury","2","rain",false,1,"GM0484"
"20230080725",2023,"Letsel",2,"Fiets",\N,"Eenzijdig","Rechte weg",50,"Niet brandend","Daglicht","Regen",\N,"600805707","Doornhoek","Veghel","Meierijstad","Noord-Brabant",false,51.600717,5.523911,"injury","2","rain",false,1,"GM1948"
"20230106732",2023,"Uitsluitend materiele schade",2,"Personenauto","Fiets","Kop/staart","Rechte weg",30,"Niet brandend","Daglicht","Droog",\N,"600390424","Gulperstraat","Kerkrade","Kerkrade","Limburg",false,50.861938,6.070733,"material damage only","4","clear",false,1,"GM0928"
"20230081937",2023,"Uitsluitend materiele schade",3,"Fiets","Personenauto","Flank","Rechte weg",30,"Brandend","Duisternis","Droog",\N,"393111081","Peregrinus Vogelsstraat","Roermond","Roermond","Limburg",true,51.191298,5.986152,"material damage only","4","clear",false,1,"GM0957"
"20230090102",2023,"Letsel",2,"Motor","Fiets","Flank","Rechte weg",60,"Niet brandend","Daglicht","Droog",\N,"600752003","Zuidzijde","Bodegraven","Bodegraven-Reeuwijk","Zuid-Holland",true,52.080189,4.768425,"injury","2","clear",false,1,"GM1901"
"20230096527",2023,"Letsel",2,"Personenauto","Fiets","Flank","Rechte weg",50,"Brandend","Schemer","Regen",\N,"600912461","Keesomstraat","Ede","Ede","Gelderland",false,52.030771,5.646623,"injury","2","rain",false,1,"GM0228"
"20230096529",2023,"Letsel",2,"Bus","Fiets","Flank","Kruispunt, 4 takken",50,"Brandend","Duisternis","Regen",\N,\N,"Regenboog","Elst","Overbetuwe","Gelderland",false,51.917271,5.857049,"injury","2","rain",false,1,"GM1734"
"20230097684",2023,"Letsel",2,"Personenauto","e-bike","Flank","Kruispunt, 4 takken",30,"Niet brandend","Daglicht","Droog",\N,\N,"Schelgeest","Castricum","Castricum","Noord-Holland",false,52.552683,4.657119,"injury","2","clear",false,1,"GM0383"
"20230097710",2023,"Uitsluitend materiele schade",2,"Fiets","Personenauto","Onbekend","Kruispunt, 4 takken",30,"Niet brandend","Daglicht","Droog",\N,\N,"C. Fabritiuspark","Heerhugowaard","Dijk en Waard","Noord-Holland",false,52.676136,4.857413,"material damage only","4","clear",false,1,"GM1980"
"20230087793",2023,"Uitsluitend materiele schade",2,"Motor","Fiets","Flank","Kruispunt, 4 takken",50,"Niet brandend","Daglicht","Droog",\N,\N,"Jan Ligthartstraat","Heemskerk","Heemskerk","Noord-Holland",false,52.502941,4.668789,"material damage only","4","clear",false,1,"GM0396"
"20230098337",2023,"Letsel",3,"Bromfiets","Fiets","Flank","Rechte weg",50,"Brandend","Duisternis","Droog",\N,"209383059","Rijksstraatweg","Haarlem","Haarlem","Noord-Holland",false,52.410815,4.651202,"injury","2","clear",false,1,"GM0392"
"20230098349",2023,"Letsel",2,"Personenauto","e-bike","Flank","Rotonde",50,"Niet brandend","Daglicht","Regen",\N,\N,"Middenweg","Heerhugowaard","Dijk en Waard","Noord-Holland",false,52.67633,4.849127,"injury","2","rain",false,1,"GM1980"
"20230082011",2023,"Uitsluitend materiele schade",3,"Fiets","Personenauto","Onbekend","Kruispunt, 3 takken",80,"Niet brandend","Daglicht","Droog",\N,\N,"Jacobusstraat","Egchel","Peel en Maas","Limburg",false,51.308106,5.975528,"material damage only","4","clear",false,1,"GM1894"
"20230094293",2023,"Letsel",1,"Fiets",\N,"Eenzijdig","Rechte weg",30,"Niet brandend","Daglicht","Droog",\N,"600948399","Utrechtseweg","Doorwerth","Renkum","Gelderland",false,51.987769,5.807827,"injury","2","clear",false,1,"GM0274"
"20230094316",2023,"Uitsluitend materiele schade",2,"Bestelauto","Fiets","Frontaal","Rechte weg",50,"Niet brandend","Daglicht","Droog",\N,"507454001","Bedrijvenweg","Nieuw-Amsterdam","Emmen","Drenthe",false,52.723354,6.850287,"material damage only","4","clear",false,1,"GM0114"
"20230106845",2023,"Uitsluitend materiele schade",2,"Fiets","Personenauto","Onbekend","Kruispunt, 3 takken",50,"Niet brandend","Daglicht","Regen",\N,\N,"Dr Martin Luther Kingln","Hoensbroek","Heerlen","Limburg",false,50.924793,5.943616,"material damage only","4","rain",false,1,"GM0917"
"20230083798",2023,"Letsel",2,"Personenauto","Fiets","Flank","Rotonde",50,"Niet brandend","Daglicht","Droog",\N,\N,"Atlantislaan","Stadskanaal","Stadskanaal","Groningen",false,52.987416,6.967241,"injury","2","clear",false,1,"GM0037"
"20230087255",2023,"Uitsluitend materiele schade",1,"Fiets",\N,"Voetganger","Kruispunt, 4 takken",50,"Niet brandend","Daglicht",\N,\N,\N,"Zeeburgerdijk","Amsterdam","Amsterdam","Noord-Holland",false,52.366127,4.939451,"material damage only","4","unknown",false,1,"GM0363"
"20230090841",2023,"Letsel",2,"Bromfiets","Fiets","Flank","Kruispunt, 4 takken",50,"Niet brandend","Daglicht","Droog",\N,\N,"Heuvelstraat","Deurne","Deurne","Noord-Brabant",false,51.463397,5.789303,"injury","2","clear",false,1,"GM0762"
"20230093759",2023,"Uitsluitend materiele schade",2,"Fiets","Fiets","Onbekend","Rechte weg",50,"Niet brandend","Daglicht","Droog",\N,"480367058","Leemslagenweg","Almelo","Almelo","Overijssel",false,52.335393,6.636828,"material damage only","4","clear",false,1,"GM0141"
"20230102406",2023,"Uitsluitend materiele schade",2,"Personenauto","Fiets","Kop/staart","Bocht",30,"Brandend","Duisternis","Droog",\N,"186327095","Kaiserstraat","Leiden","Leiden","Zuid-Holland",false,52.155886,4.486091,"material damage only","4","clear",false,1,"GM0546"
"20230102851",2023,"Letsel",2,"Bestelauto","Fiets","Geparkeerd voertuig","Rechte weg",50,"Niet brandend","Daglicht","Droog",\N,"600214511","Lange Voorhout","'s-Gravenhage","'s-Gravenhage","Zuid-Holland",false,52.08247,4.313073,"injury","2","clear",false,1,"GM0518"
"20230102865",2023,"Letsel",2,"Personenauto","Fiets","Flank","Kruispunt, 4 takken",50,"Brandend","Duisternis","Droog",\N,\N,"Lammenschansweg","Leiden","Leiden","Zuid-Holland",false,52.149498,4.493461,"injury","2","clear",false,1,"GM0546"
"20230103361",2023,"Letsel",2,"Personenauto","Fiets","Flank","Kruispunt, 3 takken",50,"Niet brandend","Daglicht","Droog",\N,\N,"Industrieweg","Maassluis","Maassluis","Zuid-Holland",false,51.918812,4.249148,"injury","2","clear",false,1,"GM0556"
"20230086745",2023,"Letsel",2,"Personenauto","Fiets","Onbekend","Kruispunt, 4 takken",50,"Niet brandend","Daglicht","Droog",\N,\N,"Kanaalweg","De Lier","Westland","Zuid-Holland",false,51.987327,4.246655,"injury","2","clear",false,1,"GM1783"
"20230089657",2023,"Uitsluitend materiele schade",2,"Personenauto","Fiets","Onbekend","Rechte weg",50,"Brandend","Duisternis","Droog",\N,"600719358","Buitenhofdreef","Delft","Delft","Zuid-Holland",false,51.998487,4.344148,"material damage only","4","clear",false,1,"GM0503"
"20230084477",2023,"Letsel",2,"Fiets",\N,"Eenzijdig","Rechte weg",\N,"Niet aanwezig","Daglicht","Droog",\N,"286351004","Prinses Julianalaan","Blaricum","Blaricum","Noord-Holland",false,52.268442,5.214523,"injury","2","clear",false,1,"GM0376"
"20230097906",2023,"Letsel",2,"Fiets","Bromfiets","Flank","Kruispunt, 3 takken",50,"Brandend","Duisternis","Regen",\N,\N,"Gedempte Oude Gracht","Haarlem","Haarlem","Noord-Holland",false,52.377864,4.638007,"injury","2","rain",false,1,"GM0392"
"20230099053",2023,"Letsel",2,"Bromfiets","Fiets","Frontaal","Bocht",50,"Brandend","Schemer","Droog",\N,"600770904","Vijverpad","Tilburg","Tilburg","Noord-Brabant",false,51.56587,5.047071,"injury","2","clear",false,1,"GM0855"
"20230079804",2023,"Uitsluitend materiele schade",2,"Bromfiets","Fiets","Frontaal","Rechte weg",30,"Niet brandend","Daglicht","Droog",\N,"268197015","Lovensekanaaldijk","Tilburg","Tilburg","Noord-Brabant",false,51.579225,5.085188,"material damage only","4","clear",false,1,"GM0855"
"20230096745",2023,"Letsel",3,"Personenauto","Fiets","Flank","Rotonde",50,"Niet brandend","Daglicht","Droog",\N,\N,"Gooilandweg","Huizen","Huizen","Noord-Holland",false,52.295183,5.243201,"injury","2","clear",false,1,"GM0406"
"20230084550",2023,"Letsel",2,"Personenauto","Fiets","Flank","Kruispunt, 4 takken",30,"Niet brandend","Daglicht","Regen",\N,\N,"Koninginneweg","Hilversum","Hilversum","Noord-Holland",false,52.229519,5.168213,"injury","2","rain",false,1,"GM0402"
"20230086264",2023,"Letsel",2,"Personenauto","Fiets","Flank","Bocht",30,"Niet brandend","Daglicht","Regen",\N,"600882125","Klaas de Rookstraat","Hengelo","Hengelo (O)","Overijssel",false,52.284208,6.81851,"injury","2","rain",false,1,\N
"20230090361",2023,"Letsel",1,"Fiets",\N,"Eenzijdig","Rechte weg",30,"Niet aanwezig","Daglicht","Droog",\N,"195287002","Vlietkade","Zevenhuizen","Zuidplas","Zuid-Holland",false,51.976058,4.556256,"injury","2","clear",false,1,"GM1892"
"20230095650",2023,"Letsel",2,"Dier","Fiets","Dier","Rechte weg",30,"Niet brandend","Daglicht","Regen",\N,"288358089","Koningin Julianastraat","Huizen","Huizen","Noord-Holland",false,52.30075,5.230227,"injury","2","rain",false,1,"GM0406"
"20230097382",2023,"Uitsluitend materiele schade",3,"Bromfiets","Fiets","Onbekend","Kruispunt, 3 takken",30,"Niet brandend","Daglicht","Droog",\N,\N,"Strandvlietpad","Amsterdam","Amsterdam","Noord-Holland",false,52.323161,4.962347,"material damage only","4","clear",false,1,"GM0363"
"20230092801",2023,"Letsel",2,"e-bike","Personenauto","Flank","Rotonde",50,"Niet brandend","Daglicht","Droog",\N,\N,"Souvereinstraat","Oosterhout","Oosterhout","Noord-Brabant",false,51.622116,4.877008,"injury","2","clear",false,1,"GM0826"
"20230104068",2023,"Uitsluitend materiele schade",1,"Fiets",\N,"Voetganger","Kruispunt, 3 takken",30,"Brandend","Duisternis","Droog",\N,\N,"Willemstraat","Hengelo","Hengelo (O)","Overijssel",false,52.265828,6.791287,"material damage only","4","clear",false,1,\N
"20230080495",2023,"Uitsluitend materiele schade",2,"Personenauto","Fiets","Flank","Rotonde",50,"Niet brandend","Daglicht","Regen",\N,\N,"Rijksstraatweg","Hellevoetsluis","Voorne aan Zee","Zuid-Holland",true,51.834376,4.131566,"material damage only","4","rain",false,1,"GM1992"
"20230081093",2023,"Uitsluitend materiele schade",2,"Personenauto","Fiets","Onbekend","Rechte weg",50,"Niet brandend","Daglicht","Droog",\N,"179275023","Abraham van Stolkweg","Rotterdam","Rotterdam","Zuid-Holland",false,51.922234,4.437534,"material damage only","4","clear",false,1,"GM0599"
"20220001581",2022,"Letsel",1,"Fiets",\N,"Eenzijdig",\N,60,\N,"Daglicht",\N,\N,"511545014","Duurkenakker","Muntendam","Midden-Groningen","Groningen",false,53.134548,6.896494,"injury","2","unknown",false,1,"GM1952"
"20220003818",2022,"Uitsluitend materiele schade",2,"Personenauto","e-bike","Flank","Kruispunt, 3 takken",50,"Niet brandend","Daglicht",\N,\N,\N,"Sluiskade Noordzijde","Almelo","Almelo","Overijssel",false,52.368129,6.69713,"material damage only","4","unknown",false,1,"GM0141"
"20220007045",2022,"Uitsluitend materiele schade",2,"Fiets","Fiets","Flank","Kruispunt, 4 takken",\N,"Brandend","Daglicht","Droog",\N,\N,"Scheepssingel","Harderwijk","Harderwijk","Gelderland",false,52.350715,5.624187,"material damage only","4","clear",false,1,"GM0243"
"20220007823",2022,"Uitsluitend materiele schade",2,"Fiets","Fiets","Geparkeerd voertuig","Rechte weg",30,"Niet brandend","Daglicht","Droog","Parkeervoorziening","422325034","Leeuweriklaan","Zutphen","Zutphen","Gelderland",false,52.148787,6.206629,"material damage only","4","clear",false,1,"GM0301"
"20220005980",2022,"Uitsluitend materiele schade",2,"Fiets","Personenauto","Flank","Rotonde",50,"Niet brandend","Daglicht","Droog",\N,\N,"Westerdorpsstraat","Hoevelaken","Nijkerk","Gelderland",false,52.17397,5.445427,"material damage only","4","clear",false,1,"GM0267"
"20220008030",2022,"Letsel",2,"Personenauto","Fiets","Flank","Rechte weg",30,"Niet brandend","Schemer","Droog",\N,"600859291","Zutphenseweg","Eefde","Lochem","Gelderland",false,52.168894,6.2262,"injury","2","clear",false,1,"GM0262"
"20230000169",2023,"Letsel",2,"Fiets","Fiets","Kop/staart","Rechte weg",30,"Niet brandend","Daglicht","Droog",\N,\N,"Handelskade","Doetinchem","Doetinchem","Gelderland",false,51.962426,6.288275,"injury","2","clear",false,1,"GM0222"
"20220121734",2022,"Uitsluitend materiele schade",2,"Fiets","Personenauto","Flank","Rotonde",50,"Niet aanwezig","Daglicht","Droog",\N,\N,"Westelijke Randweg","Broek op Langedijk","Dijk en Waard","Noord-Holland",false,52.674056,4.803828,"material damage only","4","clear",false,1,"GM1980"
"20220125826",2022,"Letsel",2,"Fiets","Overig vast object","Vast voorwerp","Rotonde",\N,"Niet brandend","Daglicht","Droog",\N,\N,"Molenweg","Monster","Westland","Zuid-Holland",false,52.022119,4.184336,"injury","2","clear",false,1,"GM1783"
"20240001110",2024,"Uitsluitend materiele schade",2,"Personenauto","Fiets","Onbekend","Rotonde",50,"Niet brandend","Daglicht","Droog",\N,\N,"Bremstraat","St. Willebrord","Rucphen","Noord-Brabant",false,51.555229,4.58372,"material damage only","4","clear",false,1,"GM0840"
"20220077617",2022,"Uitsluitend materiele schade",2,"Personenauto","e-bike","Frontaal","Rechte weg",50,"Niet brandend","Daglicht","Droog",\N,"268288018","Burg Jhr Hoeufftlaan","Vianen","Vijfheerenlanden","Utrecht",false,51.986358,5.089115,"material damage only","4","clear",false,1,"GM1961"
"20220093331",2022,"Letsel",2,"Landbouwvoertuig","Fiets","Onbekend","Bocht",30,"Niet aanwezig","Daglicht","Droog",\N,"516523016","Noordercolonie","Nieuwe Pekela","Pekela","Groningen",false,53.034086,6.930499,"injury","2","clear",false,1,"GM0765"
"20220009136",2022,"Uitsluitend materiele schade",2,"Vrachtauto","Fiets","Flank","Rechte weg",30,"Niet brandend","Daglicht","Droog",\N,"600128351","Voorstraat","Utrecht","Utrecht","Utrecht",false,52.093775,5.118551,"material damage only","4","clear",false,1,"GM0344"
"20220066724",2022,"Uitsluitend materiele schade",2,"Personenauto","Fiets","Onbekend","Rotonde",50,"Niet brandend","Daglicht","Droog",\N,\N,"Schoolstraat","Someren","Someren","Noord-Brabant",false,51.39376,5.719943,"material damage only","4","clear",false,1,"GM0847"
"20220080634",2022,"Uitsluitend materiele schade",2,"Personenauto","Fiets","Flank","Kruispunt, 4 takken",50,"Niet brandend","Daglicht","Droog",\N,\N,"Iwan Kantemanplein","Amsterdam","Amsterdam","Noord-Holland",false,52.350061,4.789408,"material damage only","4","clear",false,1,"GM0363"
"20220083633",2022,"Letsel",2,"Fiets","Fiets","Onbekend","Bocht",30,"Niet brandend","Daglicht","Droog",\N,"221309044","Dronenweg","Bodegraven","Bodegraven-Reeuwijk","Zuid-Holland",false,52.079487,4.740799,"injury","2","clear",false,1,"GM1901"
"20220089232",2022,"Letsel",2,"Snorfiets","Fiets","Kop/staart","Rechte weg",80,\N,"Daglicht","Droog",\N,\N,"Galliumstraat","'s-Hertogenbosch","'s-Hertogenbosch","Noord-Brabant",false,51.717615,5.287864,"injury","2","clear",false,1,"GM0796"
"20220041411",2022,"Uitsluitend materiele schade",2,"Snorfiets","Fiets","Onbekend","Kruispunt, 4 takken",50,"Niet brandend","Daglicht","Droog",\N,\N,"Westersingel","Groningen","Groningen","Groningen",false,53.218358,6.556237,"material damage only","4","clear",false,1,"GM0014"
"20220047835",2022,"Letsel",2,"Fiets","Fiets","Kop/staart","Rechte weg",60,"Niet brandend","Daglicht","Droog",\N,"600863336","Ulftsestraat","Etten","Oude IJsselstreek","Gelderland",false,51.914603,6.343838,"injury","2","clear",false,1,"GM1509"
"20220053740",2022,"Letsel",2,"Personenauto","Fiets","Onbekend","Kruispunt, 4 takken",50,"Brandend","Duisternis","Droog",\N,\N,"Oosterdreef","Nieuw-Vennep","Haarlemmermeer","Noord-Holland",false,52.258208,4.639227,"injury","2","clear",false,1,"GM0394"
"20220069937",2022,"Uitsluitend materiele schade",3,"Bromfiets","Fiets","Onbekend","Rechte weg",50,"Niet brandend","Daglicht","Droog",\N,"405188006","Venrayseweg","Wanssum","Venray","Limburg",false,51.534053,6.073405,"material damage only","4","clear",false,1,"GM0984"
"20220089460",2022,"Uitsluitend materiele schade",2,"Personenauto","Fiets","Onbekend","Rechte weg",30,"Niet brandend","Daglicht","Droog",\N,"274221019","Torenstraat","Drunen","Heusden","Noord-Brabant",false,51.684885,5.131011,"material damage only","4","clear",false,1,"GM0797"
"20220109220",2022,"Uitsluitend materiele schade",2,"Personenauto","Fiets","Flank","Kruispunt, 4 takken",50,"Niet brandend","Daglicht","Droog",\N,\N,"Liniestraat","Breda","Breda","Noord-Brabant",false,51.596611,4.785117,"material damage only","4","clear",false,1,"GM0758"
"20220109631",2022,"Uitsluitend materiele schade",2,"Personenauto","Fiets","Onbekend",\N,50,\N,"Daglicht",\N,\N,\N,"Oosterhoutseweg","Teteringen","Breda","Noord-Brabant",false,51.600422,4.813147,"material damage only","4","unknown",false,1,"GM0758"
"20220016642",2022,"Uitsluitend materiele schade",2,"Personenauto","Fiets","Frontaal","Kruispunt, 3 takken",30,"Niet brandend","Schemer","Regen",\N,\N,"Voornestraat","Amsterdam","Amsterdam","Noord-Holland",false,52.39375,4.92979,"material damage only","4","rain",false,1,"GM0363"
"20220025042",2022,"Uitsluitend materiele schade",2,"Personenauto","Fiets","Flank","Rotonde",\N,"Niet brandend","Daglicht","Droog",\N,\N,"Sint Jorisstraat","Zevenbergen","Moerdijk","Noord-Brabant",false,51.642519,4.603862,"material damage only","4","clear",false,1,"GM1709"
"20220050785",2022,"Letsel",2,"Personenauto","Fiets","Flank","Rechte weg",50,"Niet brandend","Daglicht","Droog",\N,"254352017","Gein-Zuid","Abcoude","De Ronde Venen","Utrecht",false,52.277567,4.992415,"injury","2","clear",false,1,"GM0736"
"20220065456",2022,"Uitsluitend materiele schade",2,"Personenauto","Fiets","Onbekend","Rechte weg",50,"Niet brandend","Daglicht","Droog",\N,"156189017","Steenbergseweg","Halsteren","Bergen op Zoom","Noord-Brabant",false,51.536636,4.283345,"material damage only","4","clear",false,1,"GM0748"
"20220077412",2022,"Uitsluitend materiele schade",2,"Fiets","e-bike","Flank","Rechte weg",30,"Niet brandend","Daglicht","Droog",\N,"288346008","Lage Vuurscheweg","Laren","Laren","Noord-Holland",false,52.246925,5.229617,"material damage only","4","clear",false,1,\N
"20220087765",2022,"Uitsluitend materiele schade",2,"Fiets","Personenauto","Kop/staart","Rechte weg",50,"Niet brandend","Daglicht","Droog","Bus-/Tramhalte","190200082","Past Hellemonsstraat","Oudenbosch","Halderberge","Noord-Brabant",false,51.589589,4.528375,"material damage only","4","clear",false,1,"GM1655"
"20220025371",2022,"Uitsluitend materiele schade",2,"Personenauto","e-bike","Onbekend","Rotonde",30,"Brandend","Duisternis","Droog",\N,\N,"Hoevenseweg","Etten-Leur","Etten-Leur","Noord-Brabant",false,51.57565,4.630575,"material damage only","4","clear",false,1,"GM0777"
"20220041549",2022,"Uitsluitend materiele schade",2,"Personenauto","Fiets","Frontaal","Rechte weg",30,"Niet aanwezig","Daglicht","Droog",\N,"600870053","Jan Steenstraat","Groningen","Groningen","Groningen",false,53.216363,6.547343,"material damage only","4","clear",false,1,"GM0014"
"20220055305",2022,"Uitsluitend materiele schade",2,"Personenauto","Fiets","Flank","Rotonde",50,"Niet brandend","Daglicht","Droog",\N,\N,"Keizer Karelplein","Amstelveen","Amstelveen","Noord-Holland",false,52.298774,4.855165,"material damage only","4","clear",false,1,"GM0362"
"20220079997",2022,"Letsel",2,"Fiets","Bromfiets","Flank","Rechte weg",30,"Niet brandend","Daglicht","Droog",\N,"600922231","Nassaulaan","Haarlem","Haarlem","Noord-Holland",false,52.38222,4.632,"injury","2","clear",false,1,"GM0392"