"accident_id","year","severity_raw","party_count","party1_type","party2_type","accident_type","road_situation","speed_limit_kmh","road_lighting","light_condition_label","weather_raw","infra_type","road_segment_id","street_name","place_name","gemeente_name_raw","province","alcohol_indicated","latitude","longitude","severity_label","severity_code","weather_label","built_up_area","cyclists_involved","gemeente_code"
"20230012656",2023,"Uitsluitend materiele schade",2,"Personenauto","Fiets","Flank","Rechte weg",50,"Brandend","Duisternis","Droog",\N,"600700169","Frans Halslaan","Ede","Ede","Gelderland",false,52.017096,5.65192,"material damage only","4","clear",false,1,"GM0228"
"20230106953",2023,"Dodelijk",2,"Bus","Fiets","Flank","Kruispunt, 4 takken",50,"Niet brandend","Daglicht","Droog",\N,\N,"Tudderenderweg","Sittard","Sittard-Geleen","Limburg",false,51.003165,5.88241,"fatal","1","clear",false,1,"GM1883"
"20240073099",2024,"Uitsluitend materiele schade",2,"Personenauto","Fiets","Flank","Kruispunt, 4 takken",50,"Niet brandend","Daglicht","Droog",\N,\N,"Ringbaan-Noord","Tilburg","Tilburg","Noord-Brabant",false,51.576763,5.08439,"material damage only","4","clear",false,1,"GM0855"
"20240032712",2024,"Uitsluitend materiele schade",1,"Fiets",\N,"Onbekend","Rechte weg",50,"Brandend","Duisternis","Droog",\N,"151277092","Westlandseweg","Maassluis","Maassluis","Zuid-Holland",false,51.932916,4.236742,"material damage only","4","clear",false,1,"GM0556"
"20240096235",2024,"Uitsluitend materiele schade",2,"Motor","Fiets","Onbekend","Rechte weg",50,"Niet brandend","Daglicht","Droog",\N,"315326007","Hessenweg","Stoutenburg","Leusden","Utrecht",false,52.157413,5.427848,"material damage only","4","clear",false,1,"GM0327"
"20240036102",2024,"Letsel",2,"Fiets","Personenauto","Flank","Kruispunt, 4 takken",50,"Niet brandend","Daglicht","Droog",\N,\N,"Voorbrug","Ommen","Ommen","Overijssel",false,52.516225,6.422482,"injury","2","clear",false,1,"GM0175"
"20240036110",2024,"Uitsluitend materiele schade",2,"Personenauto","Fiets","Flank","Kruispunt, 3 takken",50,"Niet brandend","Daglicht","Droog",\N,\N,"Landschaplaan","Emmen","Emmen","Drenthe",false,52.779147,6.919953,"material damage only","4","clear",false,1,"GM0114"
"20240020107",2024,"Uitsluitend materiele schade",2,"Bromfiets","Fiets","Flank","Kruispunt, 4 takken",30,"Niet brandend","Daglicht","Droog",\N,\N,"Bagijnenstraat","Deventer","Deventer","Overijssel",false,52.254978,6.155103,"material damage only","4","clear",false,1,"GM0150"
"20240020697",2024,"Uitsluitend materiele schade",2,"Personenauto","Fiets","Onbekend","Rechte weg",30,"Brandend","Duisternis","Droog",\N,"240372081","Stadhouderskade","Amsterdam","Amsterdam","Noord-Holland",false,52.362108,4.880986,"material damage only","4","clear",false,1,"GM0363"
"20240039652",2024,"Uitsluitend materiele schade",2,"Personenauto","Fiets","Flank","Kruispunt, 4 takken",30,"Niet brandend","Daglicht","Droog",\N,\N,"Beethovenstraat","Amsterdam","Amsterdam","Noord-Holland",false,52.351366,4.879254,"material damage only","4","clear",false,1,"GM0363"
"20240039820",2024,"Uitsluitend materiele schade",2,"Personenauto","Fiets","Flank","Rechte weg",30,"Niet brandend","Daglicht","Droog",\N,"232375054","H Roland Holststr","Amsterdam","Amsterdam","Noord-Holland",false,52.37677,4.821604,"material damage only","4","clear",false,1,"GM0363"
"20240039829",2024,"Uitsluitend materiele schade",2,"Personenauto","Fiets","Frontaal","Kruispunt, 3 takken",50,"Niet brandend","Daglicht","Droog",\N,\N,"Albert Plesmanplein","Gouda","Gouda","Zuid-Holland",false,52.018349,4.71022,"material damage only","4","clear",false,1,"GM0513"
"20240042314",2024,"Uitsluitend materiele schade",2,"e-bike","Personenauto","Flank","Rechte weg",50,"Niet brandend","Daglicht","Droog",\N,"600192544","Keizersdijk","Raamsdonksveer","Geertruidenberg","Noord-Brabant",false,51.699473,4.871224,"material damage only","4","clear",false,1,"GM0779"
"20240036235",2024,"Letsel",2,"Fiets","Fiets","Frontaal","Rechte weg",80,"Niet brandend","Daglicht","Droog",\N,"424415004","Westeinde","Dalfsen","Dalfsen","Overijssel",false,52.557358,6.23538,"injury","2","clear",false,1,"GM0148"
"20240036305",2024,"Uitsluitend materiele schade",1,"Fiets",\N,"Onbekend","Rechte weg",\N,"Niet brandend","Daglicht","Droog",\N,"376389004","Zuiderzeestraatweg","Oldebroek","Oldebroek","Gelderland",false,52.440821,5.881954,"material damage only","4","clear",false,1,"GM0269"
"20240036314",2024,"Uitsluitend materiele schade",2,"Personenauto","Fiets","Flank","Kruispunt, 3 takken",50,"Niet brandend","Daglicht","Regen",\N,\N,"Borniastraat","Leeuwarden","Leeuwarden","Friesland",false,53.190953,5.797845,"material damage only","4","rain",false,1,"GM0080"
"20240035184",2024,"Letsel",2,"Fiets","Motor","Flank","Rechte weg",80,"Niet brandend","Daglicht","Droog",\N,\N,"Nieuwe Hescheweg","Oss","Oss","Noord-Brabant",false,51.743998,5.533117,"injury","2","clear",false,1,"GM0828"
"20240035216",2024,"Letsel",2,"Personenauto","Fiets","Flank","Kruispunt, 4 takken",70,"Niet brandend","Daglicht","Droog",\N,"601032283","Kempenbaan","Veldhoven","Veldhoven","Noord-Brabant",false,51.398784,5.394084,"injury","2","clear",false,1,"GM0861"
"20240039706",2024,"Uitsluitend materiele schade",2,"Fiets","Voetganger","Voetganger","Rechte weg",50,"Niet brandend","Daglicht","Droog",\N,"600664889","FIETSPAD","Amsterdam","Amsterdam","Noord-Holland",false,52.379434,4.82273,"material damage only","4","clear",false,1,"GM0363"
"20240035887",2024,"Uitsluitend materiele schade",2,"Personenauto","Fiets","Onbekend","Kruispunt, 3 takken",50,"Niet brandend","Daglicht","Droog",\N,\N,"Spijkerstraat","Gameren","Zaltbommel","Gelderland",false,51.799604,5.208431,"material damage only","4","clear",false,1,"GM0297"
"20240035975",2024,"Uitsluitend materiele schade",2,"Personenauto","Fiets","Flank","Rechte weg",50,"Niet brandend","Daglicht","Droog",\N,"389290001","Hoofdstraat","Velp","Rheden","Gelderland",false,51.995835,5.969924,"material damage only","4","clear",false,1,"GM0275"
"20240020146",2024,"Uitsluitend materiele schade",2,"Fiets","Personenauto","Flank","Kruispunt, 4 takken",50,"Niet brandend","Daglicht","Regen",\N,\N,"Hofweg","Nootdorp","Pijnacker-Nootdorp","Zuid-Holland",false,52.052722,4.403013,"material damage only","4","rain",false,1,"GM1926"
"20240039460",2024,"Uitsluitend materiele schade",2,"Personenauto","Fiets","Frontaal","Kruispunt, 3 takken",50,"Niet brandend","Daglicht","Droog",\N,\N,"Havenweg","Utrecht","Utrecht","Utrecht",false,52.106631,5.078011,"material damage only","4","clear",false,1,"GM0344"
"20240017557",2024,"Uitsluitend materiele schade",2,"Personenauto","Fiets","Onbekend","Rechte weg",50,"Niet brandend","Daglicht","Regen",\N,"600497329","Weerdingerstraat","Emmen","Emmen","Drenthe",false,52.797507,6.900796,"material damage only","4","rain",false,1,"GM0114"
"20240019596",2024,"Uitsluitend materiele schade",2,"Bestelauto","Fiets","Onbekend","Rotonde",50,"Niet brandend","Schemer","Droog",\N,\N,"Aalderinkssingel","Almelo","Almelo","Overijssel",false,52.357146,6.647021,"material damage only","4","clear",false,1,"GM0141"
"20240020916",2024,"Letsel",2,"Personenauto","Fiets","Flank","Kruispunt, 4 takken",50,"Niet brandend","Daglicht","Droog",\N,\N,"Badhuisstraat","Voorschoten","Voorschoten","Zuid-Holland",false,52.129233,4.453226,"injury","2","clear",false,1,"GM0626"
"20240029314",2024,"Letsel",2,"Snorfiets","Fiets","Frontaal","Kruispunt, 3 takken",50,"Brandend","Duisternis","Droog",\N,\N,"Torenlaan","Laren","Laren","Noord-Holland",false,52.259403,5.227932,"injury","2","clear",false,1,\N
"20240020087",2024,"Uitsluitend materiele schade",2,"Snorfiets","Fiets","Kop/staart","Bocht",30,"Niet brandend","Daglicht","Droog",\N,"278368091","Europalaan","Almere","Almere","Flevoland",false,52.346449,5.152669,"material damage only","4","clear",false,1,"GM0034"
"20240025858",2024,"Letsel",2,"Personenauto","Fiets","Flank","Kruispunt, 3 takken",50,"Niet brandend","Daglicht","Droog",\N,\N,"Wolfskuilseweg","Nijmegen","Nijmegen","Gelderland",false,51.844449,5.826154,"injury","2","clear",false,1,"GM0268"
"20240032541",2024,"Letsel",2,"Personenauto","Fiets","Geparkeerd voertuig","Rechte weg",30,"Brandend","Duisternis","Droog",\N,"601115086","Bergweg","Rotterdam","Rotterdam","Zuid-Holland",false,51.932289,4.471562,"injury","2","clear",false,1,"GM0599"
"20240032266",2024,"Letsel",1,"Fiets",\N,"Eenzijdig","Rechte weg",80,"Niet aanwezig","Daglicht","Harde windstoten",\N,"145285040","Hoeksebaan","Maasdijk","Westland","Zuid-Holland",false,51.967186,4.194569,"injury","2","unknown",false,1,"GM1783"
"20240034625",2024,"Uitsluitend materiele schade",2,"Personenauto","Fiets","Flank","Kruispunt, 3 takken",30,"Niet brandend","Daglicht","Droog",\N,\N,"Van Banninglaan","Geleen","Sittard-Geleen","Limburg",false,50.973719,5.841272,"material damage only","4","clear",false,1,"GM1883"
"20240036036",2024,"Letsel",2,"Personenauto","Fiets","Onbekend","Kruispunt, 3 takken",50,"Niet aanwezig","Daglicht","Droog",\N,\N,"Van Swietenlaan","Groningen","Groningen","Groningen",false,53.19329,6.548806,"injury","2","clear",false,1,"GM0014"
"20240012682",2024,"Letsel",1,"Fiets",\N,"Eenzijdig","Rechte weg",80,"Niet brandend","Daglicht","Droog/Harde windstoten",\N,\N,"FIETSPAD","Delft","Delft","Zuid-Holland",false,51.991513,4.36742,"injury","2","unknown",false,1,"GM0503"
"20240012688",2024,"Letsel",2,"Fiets","Fiets","Flank","Kruispunt, 4 takken",30,"Brandend","Daglicht","Regen",\N,\N,"Weimarstraat","'s-Gravenhage","'s-Gravenhage","Zuid-Holland",false,52.078797,4.286735,"injury","2","rain",false,1,"GM0518"
"20240032897",2024,"Letsel",2,"Snorfiets","Fiets","Flank","Kruispunt, 3 takken",50,"Brandend","Duisternis","Droog",\N,\N,"Moerweg","'s-Gravenhage","'s-Gravenhage","Zuid-Holland",false,52.058941,4.29223,"injury","2","clear",false,1,"GM0518"
"20240034547",2024,"Uitsluitend materiele schade",2,"Bestelauto","Fiets","Flank","Rotonde",50,"Niet brandend","Daglicht","Droog",\N,\N,"Sibemaweg","Maastricht","Maastricht","Limburg",false,50.842869,5.719148,"material damage only","4","clear",false,1,"GM0935"
"20220154646",2022,"Letsel",1,"Fiets",\N,"Eenzijdig","Rechte weg",50,"Brandend","Duisternis","Droog",\N,"208377113","Friese Varkenmarkt","Haarlem","Haarlem","Noord-Holland",false,52.385482,4.644807,"injury","2","clear",false,1,"GM0392"
"20220178929",2022,"Letsel",2,"Fiets","Fiets","Frontaal","Rechte weg",30,"Niet brandend","Daglicht","Droog",\N,"187332084","Haarlemmertrekvaart","Oegstgeest","Oegstgeest","Zuid-Holland",false,52.184412,4.490783,"injury","2","clear",false,1,"GM0579"
"20220180082",2022,"Letsel",1,"Fiets",\N,"Eenzijdig","Rechte weg",30,"Niet aanwezig","Schemer","Droog",\N,\N,"Burg Bruins Slotsingel","Alphen aan den Rijn","Alphen aan den Rijn","Zuid-Holland",false,52.141131,4.687791,"injury","2","clear",false,1,"GM0484"
"20220180789",2022,"Letsel",2,"Personenauto","Fiets","Geparkeerd voertuig","Rechte weg",50,"Niet brandend","Daglicht","Droog","Parkeervoorziening","600718985","Theresiastraat","'s-Gravenhage","'s-Gravenhage","Zuid-Holland",false,52.086156,4.336977,"injury","2","clear",false,1,"GM0518"
"20220185536",2022,"Letsel",2,"Motor","e-bike","Flank","Kruispunt, 4 takken",50,"Niet brandend","Daglicht","Droog",\N,\N,"Edisonweg","Vlissingen","Vlissingen","Zeeland",false,51.449358,3.587518,"injury","2","clear",false,1,"GM0718"
"20220188328",2022,"Uitsluitend materiele schade",2,"Personenauto","Fiets","Flank","Rotonde",50,"Niet brandend","Daglicht","Regen",\N,\N,"Oude Vlijmenseweg","'s-Hertogenbosch","'s-Hertogenbosch","Noord-Brabant",false,51.685959,5.27259,"material damage only","4","rain",false,1,"GM0796"
"20220124390",2022,"Uitsluitend materiele schade",2,"Bromfiets","Fiets","Frontaal","Bocht",30,"Niet brandend","Daglicht","Droog",\N,"191326027","Voordorp","Leiderdorp","Leiderdorp","Zuid-Holland",false,52.153392,4.522657,"material damage only","4","clear",false,1,"GM0547"
"20220125788",2022,"Letsel",3,"Personenauto","e-bike","Flank","Kruispunt, 4 takken",50,"Niet brandend","Daglicht","Droog",\N,\N,"Sylvain Poonsstraat","'s-Gravenhage","Westland","Zuid-Holland",false,52.016812,4.303538,"injury","2","clear",false,1,"GM1783"
"20220130620",2022,"Uitsluitend materiele schade",2,"Personenauto","e-bike","Flank","Rotonde",60,"Niet brandend","Daglicht","Regen",\N,\N,"Buurtweg","Halsteren","Bergen op Zoom","Noord-Brabant",false,51.520951,4.276961,"material damage only","4","rain",false,1,"GM0748"
"20220134864",2022,"Letsel",3,"Bestelauto","e-bike","Onbekend","Kruispunt, 4 takken",30,"Niet aanwezig","Daglicht","Droog",\N,\N,"Conradi-Veenlandstrjitte","Damwâld","Dantumadiel","Friesland",false,53.293527,5.99727,"injury","2","clear",false,1,"GM1891"
"20220141917",2022,"Uitsluitend materiele schade",2,"Fiets","Bestelauto","Kop/staart","Rechte weg",50,"Niet brandend","Daglicht","Droog",\N,"245370142","Platanenweg","Amsterdam","Amsterdam","Noord-Holland",false,52.354445,4.915311,"material damage only","4","clear",false,1,"GM0363"
"20220144601",2022,"Letsel",1,"Fiets",\N,"Eenzijdig","Rechte weg",60,"Niet brandend","Daglicht","Droog",\N,"600405366","Zwethkade Zuid","Den Hoorn","Midden-Delfland","Zuid-Holland",false,52.011473,4.301734,"injury","2","clear",false,1,"GM1842"
"20220144610",2022,"Letsel",2,"Fiets","Fiets","Flank","Kruispunt, 4 takken",50,"Niet brandend","Daglicht","Droog",\N,\N,"Parkstraat","'s-Gravenhage","'s-Gravenhage","Zuid-Holland",false,52.081588,4.309491,"injury","2","clear",false,1,"GM0518"
"20220161093",2022,"Letsel",2,"Bromfiets","Fiets","Frontaal","Rechte weg",80,"Niet brandend","Daglicht","Droog",\N,"457569019","Friesestraatweg","Groningen","Groningen","Groningen",false,53.239664,6.505553,"injury","2","clear",false,1,"GM0014"
"20220179615",2022,"Uitsluitend materiele schade",2,"Fiets","Los voorwerp","Los voorwerp","Rechte weg",30,"Niet brandend","Daglicht","Droog",\N,"600395840","Kalvermarkt","'s-Gravenhage","'s-Gravenhage","Zuid-Holland",false,52.078519,4.317598,"material damage only","4","clear",false,1,"GM0518"
"20220181451",2022,"Uitsluitend materiele schade",2,"Bromfiets","e-bike","Kop/staart","Rechte weg",30,"Brandend","Daglicht","Droog",\N,"155300036","Melis Stokelaan","'s-Gravenhage","'s-Gravenhage","Zuid-Holland",false,52.038124,4.264454,"material damage only","4","clear",false,1,"GM0518"
"20220183881",2022,"Letsel",2,"Personenauto","Fiets","Flank","Kruispunt, 4 takken",50,"Niet brandend","Daglicht","Droog","Brug/viaduct",\N,"Gordelweg","Rotterdam","Rotterdam","Zuid-Holland",false,51.940551,4.479416,"injury","2","clear",false,1,"GM0599"
"20220116374",2022,"Letsel",2,"Fiets","Overig vast object","Vast voorwerp","Rechte weg",50,\N,"Daglicht",\N,\N,"600620150","Holterweg","Deventer","Deventer","Overijssel",false,52.24981,6.239978,"injury","2","unknown",false,1,"GM0150"
"20220121849",2022,"Uitsluitend materiele schade",2,"Fiets",\N,"Flank","Kruispunt, 4 takken",30,"Niet brandend","Daglicht","Droog",\N,\N,"Hogeweg","Zandvoort","Zandvoort","Noord-Holland",false,52.370639,4.529093,"material damage only","4","clear",false,1,"GM0473"
"20220133260",2022,"Uitsluitend materiele schade",2,"Personenauto","Fiets","Frontaal","Kruispunt, 4 takken",50,"Niet brandend","Daglicht","Droog",\N,\N,"Akerstraat","Maastricht","Maastricht","Limburg",false,50.847297,5.703185,"material damage only","4","clear",false,1,"GM0935"
"20220157133",2022,"Letsel",2,"Personenauto","Fiets","Flank","Kruispunt, 4 takken",50,"Niet brandend","Daglicht","Droog",\N,\N,"Zegwaartseweg","Zoetermeer","Zoetermeer","Zuid-Holland",false,52.065919,4.525319,"injury","2","clear",false,1,"GM0637"
"20220161234",2022,"Uitsluitend materiele schade",2,"Personenauto","Fiets","Flank","Kruispunt, 4 takken",30,"Niet brandend","Daglicht","Droog",\N,\N,"Hoendiepskade","Groningen","Groningen","Groningen",false,53.216023,6.556823,"material damage only","4","clear",false,1,"GM0014"
"20220169646",2022,"Letsel",2,"Personenauto","Fiets","Frontaal","Rechte weg",60,"Niet brandend","Daglicht","Droog",\N,"386391003","Bovenheigraaf","'t Loo Oldebroek","Oldebroek","Gelderland",true,52.449259,5.948289,"injury","2","clear",false,1,"GM0269"
"20220174730",2022,"Letsel",3,"Personenauto","e-bike","Onbekend","Kruispunt, 3 takken",30,"Niet brandend","Daglicht",\N,\N,\N,"Kerkstraat","Oosterend","Texel","Noord-Holland",false,53.083792,4.87392,"injury","2","unknown",false,1,"GM0448"
"20220179618",2022,"Letsel",1,"Fiets",\N,"Eenzijdig","Rechte weg",30,"Niet brandend","Daglicht","Droog",\N,"211289085","De Smidse","Moordrecht","Zuidplas","Zuid-Holland",false,51.986879,4.668566,"injury","2","clear",false,1,"GM1892"
"20220179689",2022,"Letsel",2,"Fiets",\N,"Eenzijdig","Rechte weg",30,"Niet brandend","Daglicht","Droog",\N,"208301079","Promenade","Waddinxveen","Waddinxveen","Zuid-Holland",false,52.041808,4.650942,"injury","2","clear",false,1,"GM0627"
"20220183899",2022,"Letsel",2,"Personenauto","Fiets","Flank","Kruispunt, 4 takken",50,"Niet brandend","Daglicht","Droog",\N,\N,"Pleinweg","Rotterdam","Rotterdam","Zuid-Holland",false,51.89154,4.47898,"injury","2","clear",false,1,"GM0599"
"20220116487",2022,"Letsel",2,"Fiets","Fiets","Onbekend","Rechte weg",60,"Niet brandend","Daglicht","Droog",\N,"409362002","Puinweg","Olst","Olst-Wijhe","Overijssel",false,52.315,6.120415,"injury","2","clear",false,1,"GM1773"
"20220125900",2022,"Uitsluitend materiele schade",3,"Fiets","Fiets","Onbekend","Kruispunt, 4 takken",50,"Niet brandend","Daglicht","Droog",\N,\N,"Lijnbaan","'s-Gravenhage","'s-Gravenhage","Zuid-Holland",false,52.074099,4.296807,"material damage only","4","clear",false,1,"GM0518"
"20220145743",2022,"Uitsluitend materiele schade",2,"Personenauto","Fiets","Flank","Kruispunt, 4 takken",15,"Niet brandend","Daglicht","Droog",\N,\N,"Sandenburgbaan","Rotterdam","Rotterdam","Zuid-Holland",false,51.893768,4.570535,"material damage only","4","clear",false,1,"GM0599"
"20220156241",2022,"Letsel",1,"Fiets",\N,"Eenzijdig","Rechte weg",30,"Niet brandend","Daglicht","Droog",\N,"159317085","Middelburgsestraat","'s-Gravenhage","'s-Gravenhage","Zuid-Holland",false,52.110371,4.28851,"injury","2","clear",false,1,"GM0518"
"20220174768",2022,"Uitsluitend materiele schade",2,"Personenauto","Fiets","Flank","Rotonde",50,"Niet brandend","Daglicht","Droog",\N,\N,"Middelweg","Hoorn","Hoorn","Noord-Holland",false,52.643026,5.031115,"material damage only","4","clear",false,1,"GM0405"
"20220177875",2022,"Letsel",2,"Personenauto","Fiets","Flank","Rotonde",50,"Niet brandend","Daglicht","Droog",\N,\N,"Nieuwe Purmerweg","Amsterdam","Amsterdam","Noord-Holland",false,52.397446,4.92582,"injury","2","clear",false,1,"GM0363"
"20220179172",2022,"Uitsluitend materiele schade",3,"Fiets","Bestelauto","Los voorwerp","Rechte weg",50,"Niet brandend","Daglicht","Droog",\N,"214294025","Industriestraat","Gouda","Gouda","Zuid-Holland",false,52.011376,4.693555,"material damage only","4","clear",false,1,"GM0513"
"20220179184",2022,"Uitsluitend materiele schade",1,"Fiets",\N,"Onbekend",\N,\N,\N,"Daglicht",\N,\N,"600681834","Arnold Spoelplein","'s-Gravenhage","'s-Gravenhage","Zuid-Holland",false,52.054363,4.233455,"material damage only","4","unknown",false,1,"GM0518"
"20220179716",2022,"Letsel",2,"Bestelauto","Fiets","Flank","Kruispunt, 3 takken",50,"Niet brandend","Daglicht","Droog",\N,\N,"Westkanaalweg","Ter Aar","Nieuwkoop","Zuid-Holland",false,52.183299,4.72823,"injury","2","clear",false,1,"GM0569"
"20220180988",2022,"Letsel",2,"Personenauto","Fiets","Kop/staart","Kruispunt, 4 takken",50,"Niet brandend","Daglicht","Droog","Brug/viaduct",\N,"Schrepelpad","'s-Gravenhage","'s-Gravenhage","Zuid-Holland",false,52.072903,4.377398,"injury","2","clear",false,1,"GM0518"
"20220197560",2022,"Letsel",2,"Personenauto","Fiets","Flank","Rotonde",50,"Niet brandend","Daglicht","Droog",\N,\N,"Meerdreef","Wijchen","Wijchen","Gelderland",false,51.79994,5.7377,"injury","2","clear",false,1,"GM0296"
"20220197806",2022,"Letsel",2,"Fiets","Bestelauto","Geparkeerd voertuig","Rechte weg",30,"Brandend","Duisternis","Droog",\N,"445372037","Molenweg","Haarle","Hellendoorn","Overijssel",false,52.359531,6.384406,"injury","2","clear",false,1,"GM0163"
"20220118262",2022,"Uitsluitend materiele schade",2,"Personenauto","e-bike","Flank","Kruispunt, 4 takken",30,"Niet brandend","Daglicht","Droog",\N,\N,"Brugstraat","Lemelerveld","Dalfsen","Overijssel",false,52.446214,6.34012,"material damage only","4","clear",false,1,"GM0148"
"20220122084",2022,"Letsel",1,"Fiets",\N,"Eenzijdig","Rechte weg",50,"Niet brandend","Daglicht","Droog",\N,"600690333","De Weel","Hoorn","Hoorn","Noord-Holland",false,52.641913,5.042818,"injury","2","clear",false,1,"GM0405"
"20220158652",2022,"Letsel",1,"e-bike",\N,"Eenzijdig",\N,50,\N,"Daglicht",\N,\N,"179188142","Hulsdonksestraat","Roosendaal","Roosendaal","Noord-Brabant",false,51.532459,4.447247,"injury","2","unknown",false,1,"GM1674"
"20220178685",2022,"Letsel",1,"Fiets",\N,"Eenzijdig","Rechte weg",30,"Niet aanwezig","Daglicht","Droog",\N,"600957964","Fietspad Langeveld","De Zilk","Noordwijk","Zuid-Holland",false,52.293468,4.520078,"injury","2","clear",false,1,"GM0575"
"20220181021",2022,"Letsel",2,"Snorfiets","Fiets","Flank","Kruispunt, 4 takken",\N,"Brandend","Daglicht","Droog",\N,\N,"Wagenaarweg","'s-Gravenhage","'s-Gravenhage","Zuid-Holland",false,52.10155,4.297885,"injury","2","clear",false,1,"GM0518"
"20220198080",2022,"Letsel",3,"Personenauto","Fiets","Flank","Kruispunt, 3 takken",\N,"Niet brandend","Daglicht","Droog",\N,\N,"Aardhuisweg","Uddel","Apeldoorn","Gelderland",false,52.225644,5.8378,"injury","2","clear",false,1,"GM0200"
"20220125962",2022,"Letsel",1,"Fiets",\N,"Eenzijdig","Rechte weg",60,"Niet brandend","Daglicht","Droog",\N,"600398230","F1","Wassenaar","Wassenaar","Zuid-Holland",false,52.172777,4.366387,"injury","2","clear",false,1,"GM0629"
"20220126017",2022,"Letsel",2,"Fiets","Fiets","Geparkeerd voertuig","Rechte weg",50,"Niet brandend","Daglicht","Droog","Parkeervoorziening","180293062","Floralaan","Pijnacker","Pijnacker-Nootdorp","Zuid-Holland",false,52.005162,4.443807,"injury","2","clear",false,1,"GM1926"
"20220128372",2022,"Letsel",1,"Fiets",\N,"Eenzijdig","Kruispunt, 3 takken",50,"Niet brandend","Daglicht","Droog",\N,\N,"Maasdijk","Maassluis","Maassluis","Zuid-Holland",false,51.94295,4.231549,"injury","2","clear",false,1,"GM0556"
"20220137141",2022,"Letsel",2,"Bestelauto","Fiets","Flank","Kruispunt, 3 takken",50,"Niet brandend","Daglicht","Droog",\N,\N,"ds. Kuypersstraat","Nijkerk","Nijkerk","Gelderland",false,52.21129,5.470948,"injury","2","clear",false,1,"GM0267"
"20220138034",2022,"Uitsluitend materiele schade",2,"Bus","Fiets","Flank","Kruispunt, 4 takken",50,"Niet brandend","Daglicht","Droog",\N,\N,"OPENBAAR VERVOERBAAN","Almere","Almere","Flevoland",false,52.352379,5.220661,"material damage only","4","clear",false,1,"GM0034"
"20220149558",2022,"Uitsluitend materiele schade",2,"Fiets","Bestelauto","Flank","Kruispunt, 4 takken",50,"Niet brandend","Daglicht","Droog",\N,\N,"Keizer Karel V Singel","Eindhoven","Eindhoven","Noord-Brabant",false,51.428262,5.461109,"material damage only","4","clear",false,1,"GM0772"
"20220153837",2022,"Uitsluitend materiele schade",2,"Personenauto","Fiets","Frontaal","Kruispunt, 4 takken",30,"Brandend","Duisternis","Droog",\N,\N,"Westplein","Utrecht","Utrecht","Utrecht",false,52.089912,5.104881,"material damage only","4","clear",false,1,"GM0344"
"20220156433",2022,"Letsel",2,"Snorfiets","Fiets","Frontaal","Kruispunt, 4 takken",50,"Niet brandend","Daglicht","Droog",\N,\N,"Lange Kleiweg","Rijswijk","Rijswijk","Zuid-Holland",false,52.035229,4.327653,"injury","2","clear",false,1,\N
"20220178280",2022,"Uitsluitend materiele schade",2,"Personenauto","Fiets","Onbekend","Kruispunt, 4 takken",50,"Niet brandend","Daglicht","Droog",\N,\N,"Marnixstraat","Amsterdam","Amsterdam","Noord-Holland",false,52.373995,4.876267,"material damage only","4","clear",false,1,"GM0363"
"20220178298",2022,"Uitsluitend materiele schade",2,"Personenauto","Fiets","Flank","Kruispunt, 3 takken",50,"Niet brandend","Daglicht","Droog",\N,\N,"Groenelaan","Amstelveen","Amstelveen","Noord-Holland",false,52.289188,4.867743,"material damage only","4","clear",false,1,"GM0362"
"20220127076",2022,"Uitsluitend materiele schade",2,"Personenauto","Fiets","Flank","Kruispunt, 3 takken",30,"Niet brandend","Daglicht","Regen",\N,\N,"Maasstraat","Schiedam","Schiedam","Zuid-Holland",false,51.90693,4.4029,"material damage only","4","rain",false,1,"GM0606"
"20220135260",2022,"Uitsluitend materiele schade",2,"Personenauto","Fiets","Flank","Kruispunt, 3 takken",50,"Niet brandend","Daglicht","Regen",\N,\N,"Noorderbuitensingel","Groningen","Groningen","Groningen",false,53.227664,6.560129,"material damage only","4","rain",false,1,"GM0014"
"20220175032",2022,"Letsel",2,"Personenauto","Fiets","Flank","Rechte weg",30,"Niet brandend","Daglicht","Droog",\N,"203376006","Ramplaan","Haarlem","Haarlem","Noord-Holland",false,52.382344,4.603401,"injury","2","clear",false,1,"GM0392"
"20220179928",2022,"Letsel",2,"Bromfiets","Fiets","Onbekend",\N,50,\N,"Daglicht",\N,\N,"161308046","Hobbemastraat","'s-Gravenhage","'s-Gravenhage","Zuid-Holland",false,52.070289,4.307118,"injury","2","unknown",false,1,"GM0518"
"20220180531",2022,"Uitsluitend materiele schade",2,"Personenauto","Fiets","Flank","Kruispunt, 3 takken",30,"Niet brandend","Daglicht","Droog",\N,\N,"Schokkerweg","'s-Gravenhage","'s-Gravenhage","Zuid-Holland",false,52.100754,4.270685,"material damage only","4","clear",false,1,"GM0518"
"20220183300",2022,"Uitsluitend materiele schade",2,"Personenauto","Fiets","Flank","Rotonde",50,"Brandend","Duisternis","Droog",\N,\N,"Randweg-West","Bergschenhoek","Lansingerland","Zuid-Holland",false,51.987352,4.484374,"material damage only","4","clear",false,1,"GM1621"
"20220186175",2022,"Letsel",2,"Fiets","Fiets","Flank","Kruispunt, 4 takken",30,"Niet brandend","Daglicht","Regen",\N,\N,"Gentsestraat","Hulst","Hulst","Zeeland",false,51.278854,4.051203,"injury","2","rain",false,1,"GM0677"
"20220195669",2022,"Uitsluitend materiele schade",2,"Fiets","Personenauto","Flank","Rotonde",50,"Niet brandend","Daglicht","Droog",\N,\N,"Oostweg","Enschede","Enschede","Overijssel",false,52.213721,6.938789,"material damage only","4","clear",false,1,"GM0153"