"accident_id","year","severity_raw","party_count","party1_type","party2_type","accident_type","road_situation","speed_limit_kmh","road_lighting","light_condition_label","weather_raw","infra_type","road_segment_id","street_name","place_name","gemeente_name_raw","province","alcohol_indicated","latitude","longitude","severity_label","severity_code","weather_label","built_up_area","cyclists_involved","gemeente_code"
"20230057955",2023,"Uitsluitend materiele schade",2,"Personenauto","Fiets","Flank","Kruispunt, 4 takken",50,"Brandend","Duisternis","Regen",\N,\N,"Burg Jhr Q v Uffordln","Apeldoorn","Apeldoorn","Gelderland",false,52.212081,5.976818,"material damage only","4","rain",false,1,"GM0200"
"20230059573",2023,"Letsel",1,"Fiets",\N,"Eenzijdig","Rechte weg",50,"Niet brandend","Daglicht","Regen",\N,"205368055","Heemsteedse Dreef","Heemstede","Heemstede","Noord-Holland",false,52.343822,4.621373,"injury","2","rain",false,1,"GM0397"
"20230062851",2023,"Uitsluitend materiele schade",2,\N,"Fiets","Flank","Rechte weg",50,"Niet brandend","Daglicht","Droog",\N,"202195012","Oude Kerkstraat","Etten-Leur","Etten-Leur","Noord-Brabant",false,51.567695,4.61037,"material damage only","4","clear",false,1,"GM0777"
"20230065221",2023,"Letsel",2,"Bestelauto","Fiets","Onbekend","Kruispunt, 3 takken",30,"Brandend","Daglicht","Droog",\N,\N,"Pelikaanstraat","Assen","Assen","Drenthe",false,52.986238,6.570901,"injury","2","clear",false,1,"GM0106"
"20240132853",2024,"Uitsluitend materiele schade",3,"Personenauto","Fiets","Flank","Rechte weg",50,\N,"Daglicht","Droog",\N,"174325031","Hofcampweg","Wassenaar","Wassenaar","Zuid-Holland",false,52.147355,4.398189,"material damage only","4","clear",false,1,"GM0629"
"20230038616",2023,"Letsel",1,"Fiets",\N,"Eenzijdig","Rechte weg",50,"Niet brandend","Daglicht","Droog",\N,"154312036","Duivelandsestraat","'s-Gravenhage","'s-Gravenhage","Zuid-Holland",false,52.087387,4.253378,"injury","2","clear",false,1,"GM0518"
"20230040331",2023,"Letsel",2,"Trein/tram","Fiets","Flank","Kruispunt, 3 takken",50,"Niet brandend","Daglicht","Droog",\N,\N,"Catharina van Rennesstr","'s-Gravenhage","'s-Gravenhage","Zuid-Holland",false,52.059603,4.232403,"injury","2","clear",false,1,"GM0518"
"20230043236",2023,"Letsel",2,"Bromfiets","Fiets","Frontaal","Bocht",50,"Niet brandend","Daglicht","Droog",\N,"600966421","Burg van Steenselpad","Gilze","Gilze en Rijen","Noord-Brabant",false,51.551507,4.946295,"injury","2","clear",false,1,"GM0784"
"20230044985",2023,"Uitsluitend materiele schade",2,"Personenauto","Fiets","Flank","Kruispunt, 3 takken",60,"Niet brandend","Daglicht","Droog",\N,\N,"Maarvlietweg","Oosternieland","Het Hogeland","Groningen",false,53.403729,6.744157,"material damage only","4","clear",false,1,"GM1966"
"20230050234",2023,"Letsel",2,"Personenauto","Fiets","Flank","Kruispunt, 4 takken",50,"Niet brandend","Daglicht","Droog",\N,\N,"Rijnzichtweg","Oegstgeest","Oegstgeest","Zuid-Holland",true,52.178861,4.452126,"injury","2","clear",false,1,"GM0579"
"20230056071",2023,"Letsel",2,"Fiets","Personenauto","Onbekend","Rechte weg",50,"Niet brandend","Daglicht","Regen",\N,"308327097","Amsterdamseweg","Amersfoort","Amersfoort","Utrecht",false,52.161042,5.374735,"injury","2","rain",false,1,"GM0307"
"20230057982",2023,"Letsel",2,"Personenauto","e-bike","Flank","Rotonde",50,"Niet brandend","Daglicht","Regen",\N,\N,"Steenweg","Zaltbommel","Zaltbommel","Gelderland",false,51.808265,5.241419,"injury","2","rain",false,1,"GM0297"
"20230042053",2023,"Letsel",2,"Bromfiets","Fiets","Frontaal","Rechte weg",50,"Niet brandend","Daglicht","Droog",\N,"600995724","Blaak","Rotterdam","Rotterdam","Zuid-Holland",false,51.919175,4.487462,"injury","2","clear",false,1,"GM0599"
"20230043246",2023,"Letsel",2,"Personenauto","Fiets","Flank","Kruispunt, 4 takken",50,"Niet brandend","Daglicht","Droog",\N,\N,"Wandelboslaan","Tilburg","Tilburg","Noord-Brabant",false,51.567805,5.047552,"injury","2","clear",false,1,"GM0855"
"20230043273",2023,"Uitsluitend materiele schade",1,"Fiets",\N,"Frontaal","Rechte weg",30,"Niet brandend","Daglicht","Droog",\N,"328239079","Heschepad","Oss","Oss","Noord-Brabant",false,51.766193,5.524222,"material damage only","4","clear",false,1,"GM0828"
"20230049175",2023,"Uitsluitend materiele schade",2,"Personenauto","Fiets","Flank","Kruispunt, 4 takken",50,"Niet brandend","Daglicht","Droog",\N,\N,"Heliotrooplaan","'s-Gravenhage","'s-Gravenhage","Zuid-Holland",false,52.062506,4.230114,"material damage only","4","clear",false,1,"GM0518"
"20230049710",2023,"Letsel",3,"Personenauto","Fiets","Onbekend","Rechte weg",30,"Niet brandend","Daglicht","Droog",\N,"600392855","Zeestraat","'s-Gravenhage","'s-Gravenhage","Zuid-Holland",false,52.084687,4.303207,"injury","2","clear",false,1,"GM0518"
"20230050265",2023,"Letsel",1,"Fiets",\N,"Eenzijdig","Rechte weg",30,"Niet brandend","Daglicht","Droog",\N,"192306056","Gouderakstraat","Zoetermeer","Zoetermeer","Zuid-Holland",false,52.064238,4.52878,"injury","2","clear",false,1,"GM0637"
"20230060608",2023,"Uitsluitend materiele schade",2,"Personenauto","Fiets","Flank","Kruispunt, 3 takken",50,"Niet brandend","Daglicht","Droog",\N,\N,"Tureluurstraat","Vlaardingen","Vlaardingen","Zuid-Holland",false,51.926513,4.356918,"material damage only","4","clear",false,1,"GM0622"
"20230064848",2023,"Uitsluitend materiele schade",2,"Personenauto","Fiets","Flank","Kruispunt, 3 takken",60,"Niet brandend","Daglicht","Droog",\N,\N,"Brinkerweg","Emst","Epe","Gelderland",false,52.320395,5.98812,"material damage only","4","clear",false,1,"GM0232"
"20230043308",2023,"Letsel",2,"Fiets","Personenauto","Geparkeerd voertuig","Rechte weg",30,"Niet brandend","Daglicht","Droog",\N,"209252055","Europaweg","Zwijndrecht","Zwijndrecht","Zuid-Holland",false,51.824943,4.656324,"injury","2","clear",false,1,"GM0642"
"20230049768",2023,"Letsel",2,"Fiets","Fiets","Frontaal","Rechte weg",30,"Niet brandend","Daglicht","Droog",\N,"174310062","Leidsekade","Leidschendam","Leidschendam-Voorburg","Zuid-Holland",false,52.080568,4.399913,"injury","2","clear",false,1,"GM1916"
"20230054381",2023,"Letsel",1,"Fiets",\N,"Eenzijdig","Rechte weg",30,"Niet aanwezig","Daglicht","Droog",\N,"393062026","Groesweg","Schinveld","Beekdaelen","Limburg",false,50.967661,5.984791,"injury","2","clear",false,1,"GM1954"
"20230059300",2023,"Uitsluitend materiele schade",2,"Bromfiets","Fiets","Flank","Kruispunt, 4 takken",50,"Niet brandend","Daglicht","Droog",\N,\N,"Payglop","Alkmaar","Alkmaar","Noord-Holland",false,52.630955,4.748546,"material damage only","4","clear",false,1,"GM0361"
"20230064875",2023,"Letsel",2,"Fiets","Fiets","Kop/staart","Kruispunt, 4 takken",60,"Niet brandend","Daglicht","Droog",\N,\N,"Raamsweg","Mariënheem","Raalte","Overijssel",false,52.37216,6.317901,"injury","2","clear",false,1,"GM0177"
"20240129697",2024,"Letsel",2,"Bus","Fiets","Flank","Rechte weg",30,"Niet brandend","Daglicht","Droog",\N,"266297079","Buizerdlaan","Nieuwegein","Nieuwegein","Utrecht",false,52.0271,5.069242,"injury","2","clear",false,1,"GM0356"
"20230049796",2023,"Uitsluitend materiele schade",2,"Personenauto","Fiets","Onbekend","Kruispunt, 3 takken",50,"Niet brandend","Daglicht","Droog",\N,\N,"Bachlaan","Aalsmeer","Aalsmeer","Noord-Holland",false,52.250966,4.759337,"material damage only","4","clear",false,1,"GM0358"
"20230056174",2023,"Uitsluitend materiele schade",2,"Personenauto","Fiets","Flank","Kruispunt, 3 takken",50,"Niet brandend","Daglicht","Droog",\N,\N,"Rosmolenlaan","Woerden","Woerden","Utrecht",false,52.075843,4.884882,"material damage only","4","clear",false,1,"GM0632"
"20230059334",2023,"Uitsluitend materiele schade",2,"Personenauto","Fiets","Frontaal","Kruispunt, 4 takken",50,"Niet brandend","Daglicht","Droog",\N,\N,"Amstelveenseweg","Amsterdam","Amsterdam","Noord-Holland",false,52.354835,4.85536,"material damage only","4","clear",false,1,"GM0363"
"20230037584",2023,"Letsel",3,"Personenauto","Fiets","Onbekend","Rotonde",50,"Niet brandend","Daglicht","Droog",\N,\N,"Kennemerstraatweg","Heiloo","Heiloo","Noord-Holland",false,52.604406,4.713834,"injury","2","clear",false,1,"GM0399"
"20230045722",2023,"Letsel",2,"Personenauto","Fiets","Flank","Rotonde",50,"Niet brandend","Daglicht","Droog",\N,\N,"Heyendaalseweg","Nijmegen","Nijmegen","Gelderland",false,51.829731,5.870186,"injury","2","clear",false,1,"GM0268"
"20230046884",2023,"Letsel",1,"Fiets",\N,"Eenzijdig","Rechte weg",60,"Niet aanwezig","Daglicht","Droog",\N,"600746849","Valleiweg","Velsen-Zuid","Velsen","Noord-Holland",false,52.447133,4.670704,"injury","2","clear",false,1,"GM0453"
"20230059382",2023,"Uitsluitend materiele schade",2,"Fiets","Dier","Dier","Rechte weg",60,"Niet aanwezig","Daglicht","Droog",\N,"233530006","Waalderweg","De Waal","Texel","Noord-Holland",false,53.06948,4.812121,"material damage only","4","clear",false,1,"GM0448"
"20240133645",2024,"Letsel",1,"Fiets",\N,"Onbekend","Rechte weg",30,"Brandend","Duisternis","Droog",\N,"600613686","Hoogwerf","Naaldwijk","Westland","Zuid-Holland",false,51.985031,4.208292,"injury","2","clear",false,1,"GM1783"
"20240133097",2024,"Letsel",2,"Voetganger","Fiets","Voetganger","Rechte weg",50,"Niet brandend","Daglicht","Droog",\N,"600105455","Groot Hertoginnelaan","'s-Gravenhage","'s-Gravenhage","Zuid-Holland",false,52.080474,4.27623,"injury","2","clear",false,1,"GM0518"
"20240128068",2024,"Letsel",2,"Personenauto","e-bike","Flank","Rotonde",50,"Brandend","Duisternis","Droog",\N,\N,"Wezenland","Deventer","Deventer","Overijssel",false,52.2724,6.168464,"injury","2","clear",false,1,"GM0150"
"20230052173",2023,"Letsel",2,"Fiets","Personenauto","Flank","Kruispunt, 3 takken",50,"Niet brandend","Daglicht","Droog",\N,\N,"Galgkade","Vlaardingen","Vlaardingen","Zuid-Holland",false,51.90173,4.344318,"injury","2","clear",false,1,"GM0622"
"20230052188",2023,"Letsel",1,"Fiets",\N,"Eenzijdig","Rechte weg",50,"Niet brandend","Daglicht","Droog",\N,"190275014","Kralingseweg","Rotterdam","Rotterdam","Zuid-Holland",false,51.926791,4.523513,"injury","2","clear",false,1,"GM0599"
"20230056237",2023,"Letsel",2,"Personenauto","Fiets","Flank","Kruispunt, 4 takken",50,"Niet brandend","Daglicht","Droog",\N,\N,"Bergweg","Hengelo","Hengelo (O)","Overijssel",false,52.266799,6.809426,"injury","2","clear",false,1,\N
"20230040528",2023,"Letsel",1,"Fiets",\N,"Eenzijdig","Rechte weg",80,"Niet brandend","Daglicht","Droog",\N,\N,"Horst en Voordelaan","Voorschoten","Voorschoten","Zuid-Holland",false,52.114772,4.419272,"injury","2","clear",false,1,"GM0626"
"20230056296",2023,"Uitsluitend materiele schade",2,"Personenauto","e-bike","Flank","Kruispunt, 4 takken",50,"Niet brandend","Daglicht","Droog",\N,\N,"Hollandweg","Arnhem","Arnhem","Gelderland",false,51.961133,5.871969,"material damage only","4","clear",false,1,"GM0202"
"20230061845",2023,"Letsel",2,"Personenauto","Fiets","Onbekend","Rechte weg",30,"Niet aanwezig","Daglicht","Droog",\N,"173335032","Zuidduinseweg","Katwijk","Katwijk","Zuid-Holland",false,52.193204,4.389792,"injury","2","clear",false,1,"GM0537"
"20230065452",2023,"Letsel",2,"Fiets","Lichtmast","Vast voorwerp","Rechte weg",30,"Brandend","Duisternis","Droog",\N,"469561139","Verlengde Lodewijkstraat","Groningen","Groningen","Groningen",false,53.20578,6.584077,"injury","2","clear",false,1,"GM0014"
"20240127901",2024,"Letsel",1,"Fiets",\N,"Onbekend","Rechte weg",30,"Niet brandend","Daglicht","Droog",\N,"344365023","Deventerweg","Harderwijk","Harderwijk","Gelderland",false,52.334541,5.637038,"injury","2","clear",false,1,"GM0243"
"20230065797",2023,"Letsel",2,"Fiets","Bromfiets","Flank","Rechte weg",30,"Niet brandend","Daglicht","Droog",\N,"341369161","Luttekepoortstraat","Harderwijk","Harderwijk","Gelderland",false,52.348508,5.622568,"injury","2","clear",false,1,"GM0243"
"20240128390",2024,"Letsel",2,"Fiets","Personenauto","Geparkeerd voertuig","Rechte weg",30,"Niet brandend","Daglicht","Droog",\N,\N,"Schubertlaan","Apeldoorn","Apeldoorn","Gelderland",false,52.189602,5.96523,"injury","2","clear",false,1,"GM0200"
"20230047581",2023,"Uitsluitend materiele schade",2,"Personenauto","Fiets","Flank",\N,30,\N,"Daglicht",\N,\N,\N,"Kanaalweg","Warmenhuizen","Schagen","Noord-Holland",false,52.707703,4.718923,"material damage only","4","unknown",false,1,"GM0441"
"20230051072",2023,"Uitsluitend materiele schade",2,"Fiets","Fiets","Flank","Kruispunt, 3 takken",30,"Niet brandend","Daglicht","Droog",\N,\N,"Cereslaan","Heesch","Bernheze","Noord-Brabant",false,51.736631,5.5091,"material damage only","4","clear",false,1,"GM1721"
"20240129748",2024,"Uitsluitend materiele schade",3,"Personenauto","Fiets","Los voorwerp","Rechte weg",80,"Brandend","Duisternis","Droog",\N,"305322022","Rondweg-Zuid","Amersfoort","Amersfoort","Utrecht",true,52.13694,5.361653,"material damage only","4","clear",false,1,"GM0307"
"20230040041",2023,"Uitsluitend materiele schade",2,"Personenauto","Fiets","Kop/staart","Rechte weg",30,"Niet brandend","Daglicht","Droog",\N,"168292131","Troelstralaan","Delft","Delft","Zuid-Holland",false,51.998611,4.353456,"material damage only","4","clear",false,1,"GM0503"
"20230046474",2023,"Letsel",2,"Fiets","Fiets","Onbekend","Rechte weg",50,"Niet brandend","Daglicht","Droog",\N,"274312071","Lucasbolwerk","Utrecht","Utrecht","Utrecht",false,52.094804,5.125837,"injury","2","clear",false,1,"GM0344"
"20230048233",2023,"Uitsluitend materiele schade",2,"Personenauto","Fiets","Geparkeerd voertuig","Rechte weg",\N,"Niet brandend","Daglicht","Droog",\N,"314302003","Altena","Maarsbergen","Utrechtse Heuvelrug","Utrecht",false,52.049322,5.426465,"material damage only","4","clear",false,1,"GM1581"
"20240130754",2024,"Letsel",3,"Bestelauto","Fiets","Onbekend","Rechte weg",80,"Brandend","Schemer","Droog",\N,"600495565","Deurningerstraat","Deurningen","Dinkelland","Overijssel",false,52.303952,6.835436,"injury","2","clear",false,1,"GM1774"
"20230044138",2023,"Uitsluitend materiele schade",1,"Fiets",\N,"Voetganger","Rechte weg",50,"Niet brandend","Daglicht","Droog",\N,\N,"Sweerts de Landasstraat","Arnhem","Arnhem","Gelderland",false,51.985487,5.903952,"material damage only","4","clear",false,1,"GM0202"
"20230048277",2023,"Uitsluitend materiele schade",2,"Bromfiets","Fiets","Kop/staart","Rechte weg",80,"Niet brandend","Daglicht","Droog",\N,"600425965","Kamperpad","Emmeloord","Noordoostpolder","Flevoland",false,52.681302,5.7831,"material damage only","4","clear",false,1,"GM0171"
"20230049982",2023,"Letsel",2,"Fiets","Fiets","Onbekend","Rechte weg",30,\N,"Daglicht","Regen",\N,"600363064","Spuistraat","Amsterdam","Amsterdam","Noord-Holland",false,52.369999,4.889005,"injury","2","rain",false,1,"GM0363"
"20230054643",2023,"Uitsluitend materiele schade",1,"Fiets",\N,"Eenzijdig","Rechte weg",30,"Niet brandend","Daglicht","Droog",\N,"333160050","Bogardeind","Geldrop","Geldrop-Mierlo","Noord-Brabant",false,51.412086,5.558102,"material damage only","4","clear",false,1,"GM1771"
"20240130357",2024,"Uitsluitend materiele schade",2,"Vrachtauto","Fiets","Kop/staart","Rechte weg",30,"Niet brandend","Daglicht","Droog",\N,"600910851","Jan van der Heijdenstr","Hilversum","Hilversum","Noord-Holland",false,52.223735,5.193119,"material damage only","4","clear",false,1,"GM0402"
"20240130483",2024,"Uitsluitend materiele schade",2,"Personenauto","Fiets","Flank","Rechte weg",30,"Niet brandend","Daglicht","Droog",\N,"474291015","Lievelderweg","Lichtenvoorde","Oost Gelre","Gelderland",false,51.994904,6.582158,"material damage only","4","clear",false,1,"GM1586"
"20240131417",2024,"Uitsluitend materiele schade",2,"Fiets","Bestelauto","Flank","Kruispunt, 4 takken",30,"Niet brandend","Daglicht","Droog",\N,\N,"Middenweg","Amsterdam","Amsterdam","Noord-Holland",true,52.347802,4.940014,"material damage only","4","clear",false,1,"GM0363"
"20240131625",2024,"Letsel",2,"Fiets","Personenauto","Onbekend","Kruispunt, 3 takken",30,"Niet brandend","Schemer","Droog",\N,\N,"Linnaeusstraat","Amsterdam","Amsterdam","Noord-Holland",false,52.358506,4.926198,"injury","2","clear",false,1,"GM0363"
"20230046519",2023,"Uitsluitend materiele schade",2,"Personenauto","Fiets","Frontaal","Rechte weg",30,"Niet brandend","Daglicht","Droog",\N,"260352026","Ambachtsheerensingel","Nigtevecht","Stichtse Vecht","Utrecht",false,52.274864,5.026012,"material damage only","4","clear",false,1,"GM1904"
"20230047123",2023,"Uitsluitend materiele schade",2,"Personenauto","Fiets","Geparkeerd voertuig","Rechte weg",30,"Niet brandend","Daglicht","Droog",\N,"269308005","Van Vollenhovenlaan","Utrecht","Utrecht","Utrecht",false,52.077717,5.095268,"material damage only","4","clear",false,1,"GM0344"
"20230048898",2023,"Uitsluitend materiele schade",2,"Personenauto","Fiets","Los voorwerp","Rechte weg",50,"Brandend","Duisternis","Droog",\N,"152305066","Oude Haagweg","'s-Gravenhage","'s-Gravenhage","Zuid-Holland",false,52.055868,4.243549,"material damage only","4","clear",false,1,"GM0518"
"20240131465",2024,"Letsel",2,"Fiets","Fiets","Flank","Rechte weg",15,"Niet brandend","Daglicht","Droog",\N,"240372081","Stadhouderskade","Amsterdam","Amsterdam","Noord-Holland",false,52.362108,4.880986,"injury","2","clear",false,1,"GM0363"
"20230038997",2023,"Letsel",2,"Fiets","Personenauto","Flank","Kruispunt, 4 takken",50,"Niet brandend","Daglicht","Droog",\N,\N,"Van Groeneveltlaan","Wassenaar","Wassenaar","Zuid-Holland",false,52.14636,4.405448,"injury","2","clear",false,1,"GM0629"
"20230045996",2023,"Letsel",3,"Fiets","Fiets","Flank","Kruispunt, 4 takken",30,"Niet brandend","Daglicht","Droog",\N,"395338086","Houttuinen-Zuid","Apeldoorn","Apeldoorn","Gelderland",false,52.212664,6.016233,"injury","2","clear",false,1,"GM0200"
"20220226828",2022,"Uitsluitend materiele schade",2,"Personenauto","Fiets","Flank","Kruispunt, 3 takken",50,"Niet brandend","Daglicht","Droog",\N,\N,"Vijzelweg","Waalwijk","Waalwijk","Noord-Brabant",false,51.698014,5.053066,"material damage only","4","clear",false,1,"GM0867"
"20220210873",2022,"Uitsluitend materiele schade",2,"Bromfiets","Fiets","Frontaal","Rechte weg",50,"Niet brandend","Daglicht","Droog",\N,"600126183","Pampuslaan","Amsterdam","Amsterdam","Noord-Holland",false,52.35114,5.004487,"material damage only","4","clear",false,1,"GM0363"
"20220211549",2022,"Uitsluitend materiele schade",2,"Snorfiets","Fiets","Frontaal","Rechte weg",50,"Brandend","Duisternis","Droog",\N,"242373237","Sint Jorissteeg","Amsterdam","Amsterdam","Noord-Holland",false,52.36769,4.892624,"material damage only","4","clear",false,1,"GM0363"
"20220215156",2022,"Letsel",2,"Snorfiets","Fiets","Onbekend","Rechte weg",50,"Niet brandend","Daglicht","Droog",\N,"174336073","Abeelplein","Katwijk","Katwijk","Zuid-Holland",false,52.200227,4.39898,"injury","2","clear",false,1,"GM0537"
"20220226869",2022,"Uitsluitend materiele schade",2,"Bromfiets","Fiets","Flank","Kruispunt, 3 takken",30,"Niet brandend","Daglicht","Droog",\N,\N,"Trouwlaan","Tilburg","Tilburg","Noord-Brabant",false,51.553116,5.079078,"material damage only","4","clear",false,1,"GM0855"
"20220203138",2022,"Uitsluitend materiele schade",2,"Bromfiets","Fiets","Flank","Rechte weg",70,"Niet brandend","Daglicht","Droog",\N,"269297131","Plettenburgerbaan","Nieuwegein","Nieuwegein","Utrecht",false,52.027072,5.096959,"material damage only","4","clear",false,1,"GM0356"
"20220210939",2022,"Uitsluitend materiele schade",2,"Bromfiets","Fiets","Flank","Kruispunt, 4 takken",50,"Niet brandend","Daglicht","Droog",\N,\N,"Stadhouderskade","Amsterdam","Amsterdam","Noord-Holland",false,52.359372,4.887975,"material damage only","4","clear",false,1,"GM0363"
"20220215214",2022,"Letsel",1,"e-bike",\N,"Eenzijdig","Rechte weg",30,"Niet brandend","Daglicht","Droog",\N,"158301059","Nannie van Wehlstraat","'s-Gravenhage","'s-Gravenhage","Zuid-Holland",false,52.04148,4.285453,"injury","2","clear",false,1,"GM0518"
"20220201027",2022,"Letsel",1,"Fiets",\N,"Eenzijdig","Rechte weg",30,"Niet brandend","Duisternis","Droog",\N,"383340004","Soerenseweg","Apeldoorn","Apeldoorn","Gelderland",false,52.220468,5.927065,"injury","2","clear",false,1,"GM0200"
"20220222391",2022,"Uitsluitend materiele schade",2,"Personenauto","Fiets","Flank","Rotonde",50,"Niet brandend","Schemer","Droog",\N,\N,"Couwenhoekseweg","Capelle aan den IJssel","Capelle aan den IJssel","Zuid-Holland",false,51.931739,4.598165,"material damage only","4","clear",false,1,"GM0502"
"20220224524",2022,"Letsel",2,"Fiets","e-bike","Kop/staart","Rechte weg",50,"Niet aanwezig","Daglicht","Droog",\N,"96172001","Drieweg","Nisse","Borsele","Zeeland",false,51.455421,3.855956,"injury","2","clear",false,1,"GM0654"
"20220227294",2022,"Uitsluitend materiele schade",2,"Bestelauto","Fiets","Flank","Rechte weg",50,"Niet brandend","Daglicht","Regen",\N,\N,"Mierloseweg","Geldrop","Geldrop-Mierlo","Noord-Brabant",false,51.422893,5.557404,"material damage only","4","rain",false,1,"GM1771"
"20220208273",2022,"Uitsluitend materiele schade",2,"Fiets","Personenauto","Flank","Kruispunt, 3 takken",30,"Brandend","Schemer","Droog",\N,\N,"Schollevaarlaan","Heemstede","Heemstede","Noord-Holland",false,52.360806,4.605932,"material damage only","4","clear",false,1,"GM0397"
"20220211005",2022,"Letsel",2,"Personenauto","e-bike","Flank","Kruispunt, 4 takken",50,\N,"Daglicht",\N,\N,\N,"Linnaeusstraat","Amsterdam","Amsterdam","Noord-Holland",false,52.36003,4.925389,"injury","2","unknown",false,1,"GM0363"
"20220216034",2022,"Letsel",2,"Fiets","e-bike","Frontaal","Rechte weg",30,"Niet brandend","Daglicht","Droog",\N,"600722869","Veenweg","'s-Gravenhage","'s-Gravenhage","Zuid-Holland",false,52.061325,4.401112,"injury","2","clear",false,1,"GM0518"
"20220217425",2022,"Letsel",2,"Personenauto","Fiets","Kop/staart","Rechte weg",50,"Niet aanwezig","Daglicht",\N,\N,"600417684","Van Zeggelenlaan","'s-Gravenhage","'s-Gravenhage","Zuid-Holland",false,52.056364,4.315644,"injury","2","unknown",false,1,"GM0518"
"20220221743",2022,"Uitsluitend materiele schade",2,"Personenauto","Fiets","Onbekend","Rotonde",50,"Niet brandend","Daglicht","Droog",\N,\N,"Leeuwstraat","Dordrecht","Dordrecht","Zuid-Holland",false,51.784259,4.684606,"material damage only","4","clear",false,1,"GM0505"
"20220228233",2022,"Uitsluitend materiele schade",2,"Bestelauto","Fiets","Flank","Kruispunt, 4 takken",50,"Niet brandend","Daglicht","Droog",\N,\N,"Kanaaldijk-Noord","Eindhoven","Eindhoven","Noord-Brabant",false,51.43503,5.504595,"material damage only","4","clear",false,1,"GM0772"
"20220208376",2022,"Uitsluitend materiele schade",2,"Personenauto","Fiets","Frontaal","Rotonde",50,"Niet brandend","Daglicht","Regen",\N,\N,"Maerelaan","Heemskerk","Heemskerk","Noord-Holland",false,52.516368,4.687776,"material damage only","4","rain",false,1,"GM0396"
"20220211733",2022,"Uitsluitend materiele schade",2,"Personenauto","Fiets","Flank","Kruispunt, 3 takken",50,"Brandend","Duisternis","Regen",\N,\N,"Maasstraat","Amsterdam","Amsterdam","Noord-Holland",false,52.343172,4.896421,"material damage only","4","rain",false,1,"GM0363"
"20220211745",2022,"Letsel",1,"Fiets",\N,"Eenzijdig","Rechte weg",50,"Brandend","Duisternis","Regen",\N,"600411746","Marnixstraat","Amsterdam","Amsterdam","Noord-Holland",false,52.368738,4.877949,"injury","2","rain",false,1,"GM0363"
"20220216796",2022,"Letsel",1,"Fiets",\N,"Eenzijdig","Rechte weg",50,"Niet brandend","Daglicht","Droog",\N,"600834797","Sportlaan","Katwijk NB","Land van Cuijk","Noord-Brabant",false,51.743109,5.874235,"injury","2","clear",false,1,"GM1982"
"20220216803",2022,"Letsel",1,"Fiets",\N,"Eenzijdig","Rotonde",50,"Brandend","Duisternis","Mist",\N,\N,"Koningin Julianalaan","Katwijk","Katwijk","Zuid-Holland",false,52.199615,4.41486,"injury","2","fog",false,1,"GM0537"
"20220225488",2022,"Uitsluitend materiele schade",2,"Personenauto","Fiets","Frontaal","Kruispunt, 3 takken",50,"Niet brandend","Daglicht","Regen",\N,\N,"Jel van der Sandelaan","Breda","Breda","Noord-Brabant",false,51.580788,4.801981,"material damage only","4","rain",false,1,"GM0758"
"20220225505",2022,"Uitsluitend materiele schade",2,"Personenauto","Fiets","Flank","Rotonde",50,"Brandend","Duisternis","Droog",\N,\N,"Kade","Roosendaal","Roosendaal","Noord-Brabant",false,51.533089,4.447614,"material damage only","4","clear",false,1,"GM1674"
"20220229686",2022,"Uitsluitend materiele schade",2,"Bromfiets","Fiets","Onbekend","Rechte weg",\N,"Niet brandend","Daglicht","Droog",\N,"600595240","Rembrandtlaan","Veghel","Meierijstad","Noord-Brabant",false,51.608497,5.533262,"material damage only","4","clear",false,1,"GM1948"
"20220204031",2022,"Uitsluitend materiele schade",3,"Fiets","Fiets","Onbekend","Kruispunt, 3 takken",30,"Brandend","Duisternis","Droog",\N,\N,"Kluutweide","Houten","Houten","Utrecht",false,52.039719,5.170787,"material damage only","4","clear",false,1,"GM0321"
"20220204804",2022,"Uitsluitend materiele schade",2,"Personenauto","Fiets","Flank","Kruispunt, 4 takken",50,"Brandend","Duisternis","Droog",\N,\N,"Rio Brancodreef","Utrecht","Utrecht","Utrecht",false,52.124706,5.09315,"material damage only","4","clear",false,1,"GM0344"
"20220210209",2022,"Uitsluitend materiele schade",2,"Bromfiets","Fiets","Frontaal","Rechte weg",50,"Niet brandend","Daglicht","Droog",\N,"600762739","Westerdokskade","Amsterdam","Amsterdam","Noord-Holland",false,52.382769,4.89229,"material damage only","4","clear",false,1,"GM0363"
"20220213842",2022,"Uitsluitend materiele schade",2,"Fiets","Bromfiets","Frontaal","Rechte weg",50,"Niet brandend","Daglicht","Droog",\N,"164310165","Bezuidenhoutseweg","'s-Gravenhage","'s-Gravenhage","Zuid-Holland",false,52.082632,4.323746,"material damage only","4","clear",false,1,"GM0518"
"20220219664",2022,"Letsel",2,"e-bike","Personenauto","Flank","Kruispunt, 4 takken",50,"Niet brandend","Daglicht","Droog",\N,\N,"Mariniersweg","Oud-Beijerland","Hoeksche Waard","Zuid-Holland",false,51.821041,4.404467,"injury","2","clear",false,1,"GM1963"
"20220200483",2022,"Uitsluitend materiele schade",2,"e-bike","Personenauto","Onbekend","Rotonde",50,"Brandend","Duisternis","Regen",\N,\N,"Hanekamp","Zwolle","Zwolle","Overijssel",false,52.514003,6.109939,"material damage only","4","rain",false,1,"GM0193"