"accident_id","year","severity_raw","party_count","party1_type","party2_type","accident_type","road_situation","speed_limit_kmh","road_lighting","light_condition_label","weather_raw","infra_type","road_segment_id","street_name","place_name","gemeente_name_raw","province","alcohol_indicated","latitude","longitude","severity_label","severity_code","weather_label","built_up_area","cyclists_involved","gemeente_code"
"20230030279",2023,"Uitsluitend materiele schade",2,"Personenauto","Fiets","Flank","Kruispunt, 4 takken",30,"Niet brandend","Daglicht","Droog",\N,\N,"Nieuwstraat","Horst","Horst aan de Maas","Limburg",false,51.449061,6.04977,"material damage only","4","clear",false,1,"GM1507"
"20230036919",2023,"Letsel",2,"Personenauto","Fiets","Flank","Rechte weg",50,"Niet brandend","Daglicht","Droog",\N,"212397007","Wijkermeerweg","Beverwijk","Beverwijk","Noord-Holland",false,52.475413,4.669176,"injury","2","clear",false,1,"GM0375"
"20230072812",2023,"Uitsluitend materiele schade",2,"Personenauto","Fiets","Flank","Bocht",50,"Niet brandend","Daglicht","Droog",\N,\N,"Zwolseweg","Deventer","Deventer","Overijssel",false,52.277916,6.131535,"material damage only","4","clear",false,1,"GM0150"
"20230021120",2023,"Letsel",1,"Fiets",\N,"Eenzijdig","Rechte weg",30,"Niet brandend","Daglicht","Droog",\N,"151304009","Willem III straat","'s-Gravenhage","'s-Gravenhage","Zuid-Holland",false,52.052127,4.235329,"injury","2","clear",false,1,"GM0518"
"20240027323",2024,"Letsel",2,"Personenauto","Fiets","Kop/staart","Rechte weg",30,"Niet brandend","Daglicht","Droog",\N,"488528003","Zuidlaarderweg","Annen","Aa en Hunze","Drenthe",false,53.058355,6.723636,"injury","2","clear",false,1,"GM1680"
"20230024584",2023,"Letsel",2,"Bromfiets","Fiets","Flank","Kruispunt, 4 takken",50,"Niet brandend","Daglicht","Droog",\N,\N,"Pomonastraat","Amsterdam","Amsterdam","Noord-Holland",false,52.4125,4.898358,"injury","2","clear",false,1,"GM0363"
"20230029738",2023,"Letsel",2,"Personenauto","Fiets","Onbekend","Kruispunt, 4 takken",30,"Niet brandend","Daglicht","Droog",\N,\N,"Kwaklaan","Wateringen","Westland","Zuid-Holland",false,52.032333,4.27797,"injury","2","clear",false,1,"GM1783"
"20240029275",2024,"Letsel",2,"Personenauto","Fiets","Flank","Kruispunt, 4 takken",50,"Niet brandend","Daglicht","Droog",\N,\N,"Vleutensebaan","Utrecht","Utrecht","Utrecht",false,52.099855,5.043282,"injury","2","clear",false,1,"GM0344"
"20230035873",2023,"Uitsluitend materiele schade",2,"Personenauto","Fiets","Geparkeerd voertuig","Rechte weg",50,\N,"Daglicht","Droog",\N,"600598232","Groningerstraatweg","Leeuwarden","Leeuwarden","Friesland",false,53.208343,5.805239,"material damage only","4","clear",false,1,"GM0080"
"20230069890",2023,"Letsel",2,"Personenauto","Fiets","Flank","Rechte weg",30,"Niet brandend","Daglicht","Regen",\N,"204269001","Klaproosveld","Krimpen aan de Lek","Krimpenerwaard","Zuid-Holland",false,51.898278,4.624011,"injury","2","rain",false,1,"GM1931"
"20230078967",2023,"Uitsluitend materiele schade",2,"Personenauto","Fiets","Flank","Rechte weg",50,"Niet brandend","Daglicht","Droog",\N,"600761708","Jan van Galenstraat","Amsterdam","Amsterdam","Noord-Holland",false,52.375866,4.867599,"material damage only","4","clear",false,1,"GM0363"
"20230078977",2023,"Letsel",2,"Fiets","Fiets","Geparkeerd voertuig","Rechte weg",50,"Niet brandend","Daglicht","Droog","Parkeervoorziening","187308036","Mullensstrook","Zoetermeer","Zoetermeer","Zuid-Holland",false,52.071622,4.493657,"injury","2","clear",false,1,"GM0637"
"20230020570",2023,"Uitsluitend materiele schade",2,"Personenauto","Fiets","Onbekend","Rotonde",50,"Brandend","Duisternis","Droog",\N,\N,"Haarlemmermeerstraat","Amsterdam","Amsterdam","Noord-Holland",false,52.351598,4.850224,"material damage only","4","clear",false,1,"GM0363"
"20230021144",2023,"Letsel",2,"Personenauto","Fiets","Flank","Kruispunt, 3 takken",30,"Niet brandend","Daglicht","Droog",\N,\N,"Langevaart","Rijnsburg","Katwijk","Zuid-Holland",false,52.191468,4.439135,"injury","2","clear",false,1,"GM0537"
"20230023396",2023,"Letsel",2,"Personenauto","Fiets","Onbekend","Rechte weg",50,"Niet brandend","Daglicht","Droog",\N,"233347060","Arthur van Schendellaan","Uithoorn","Uithoorn","Noord-Holland",false,52.24849,4.831102,"injury","2","clear",false,1,"GM0451"
"20240030145",2024,"Letsel",1,"Fiets",\N,"Onbekend","Rechte weg",50,"Niet aanwezig","Daglicht","Droog",\N,"164307115","Johanna Westerdijkplein","'s-Gravenhage","'s-Gravenhage","Zuid-Holland",false,52.067573,4.324036,"injury","2","clear",false,1,"GM0518"
"20230037001",2023,"Letsel",2,"Personenauto","e-bike","Flank","Kruispunt, 4 takken",30,"Niet brandend","Daglicht","Droog",\N,\N,"De Boog","Heiloo","Heiloo","Noord-Holland",false,52.588057,4.710371,"injury","2","clear",false,1,"GM0399"
"20230079085",2023,"Uitsluitend materiele schade",2,"Personenauto","Fiets","Flank","Kruispunt, 4 takken",50,"Niet brandend","Daglicht","Droog",\N,\N,"Carillonstraat","Amsterdam","Amsterdam","Noord-Holland",false,52.350472,4.90365,"material damage only","4","clear",false,1,"GM0363"
"20230017145",2023,"Uitsluitend materiele schade",2,"Personenauto","Fiets","Flank","Kruispunt, 3 takken",50,"Niet brandend","Daglicht","Droog",\N,\N,"Dorpsstraat","Nibbixwoud","Medemblik","Noord-Holland",false,52.690916,5.061873,"material damage only","4","clear",false,1,"GM0420"
"20230024054",2023,"Letsel",2,"Fiets","Trein/tram","Flank","Rechte weg",50,"Niet brandend","Daglicht","Droog",\N,"160304085","Melis Stokelaan","'s-Gravenhage","'s-Gravenhage","Zuid-Holland",false,52.055213,4.298753,"injury","2","clear",false,1,"GM0518"
"20230024633",2023,"Letsel",2,"Personenauto","Fiets","Flank","Rechte weg",50,"Niet brandend","Daglicht","Droog",\N,"600748370","Rijksweg","Limmen","Castricum","Noord-Holland",false,52.57619,4.695336,"injury","2","clear",false,1,"GM0383"
"20230025208",2023,"Uitsluitend materiele schade",2,"Fiets","Bromfiets","Frontaal","Rechte weg",30,"Brandend","Schemer","Regen",\N,"600937224","RANDWEG DORDRECHT 20","Dordrecht","Dordrecht","Zuid-Holland",false,51.772349,4.650296,"material damage only","4","rain",false,1,"GM0505"
"20230030939",2023,"Letsel",2,"Personenauto","Fiets","Flank","Kruispunt, 4 takken",30,"Niet brandend","Daglicht","Droog",\N,\N,"Bernard de Merodestraat","Asten","Asten","Noord-Brabant",false,51.399591,5.745727,"injury","2","clear",false,1,"GM0743"
"20230031521",2023,"Uitsluitend materiele schade",2,"Fiets","Fiets","Flank","Rechte weg",50,"Niet brandend","Schemer","Droog",\N,"391185020","Langeweg","Venray","Venray","Limburg",false,51.52231,5.972255,"material damage only","4","clear",false,1,"GM0984"
"20230034636",2023,"Uitsluitend materiele schade",2,"Personenauto","e-bike","Flank","Kruispunt, 4 takken",50,"Niet brandend","Daglicht","Droog",\N,\N,"Potsweg","Enschede","Enschede","Overijssel",false,52.234382,6.899913,"material damage only","4","clear",false,1,"GM0153"
"20230036486",2023,"Letsel",2,"Fiets","Voetganger","Voetganger","Rechte weg",30,"Niet brandend","Daglicht","Droog",\N,"241377106","Haarlemmerdijk","Amsterdam","Amsterdam","Noord-Holland",false,52.384096,4.884655,"injury","2","clear",false,1,"GM0363"
"20230069962",2023,"Letsel",2,"Personenauto","Fiets","Flank","Rechte weg",50,"Niet brandend","Daglicht","Droog",\N,"154301023","Hengelolaan","'s-Gravenhage","'s-Gravenhage","Zuid-Holland",false,52.041303,4.256867,"injury","2","clear",false,1,"GM0518"
"20230076770",2023,"Letsel",2,"Personenauto","Fiets","Flank","Kruispunt, 4 takken",30,"Niet brandend","Daglicht","Droog",\N,\N,"Prins Bernhardlaan","Rijnsburg","Katwijk","Zuid-Holland",false,52.183864,4.43857,"injury","2","clear",false,1,"GM0537"
"20230078523",2023,"Letsel",2,"Personenauto","Fiets","Kop/staart","Rechte weg",30,"Niet brandend","Daglicht","Droog",\N,"170301081","Plesmanlaan","'s-Gravenhage","'s-Gravenhage","Zuid-Holland",false,52.040143,4.367564,"injury","2","clear",false,1,"GM0518"
"20230078526",2023,"Letsel",1,"Fiets",\N,"Eenzijdig","Rechte weg",50,"Brandend","Schemer","Droog",\N,"600241654","Nootdorpsepad","Zoetermeer","Zoetermeer","Zuid-Holland",false,52.049702,4.458629,"injury","2","clear",false,1,"GM0637"
"20240025545",2024,"Uitsluitend materiele schade",2,"Personenauto","Fiets","Flank","Rotonde",50,"Niet brandend","Daglicht","Regen",\N,\N,"Hoge Hondstraat","Deventer","Deventer","Overijssel",false,52.26296,6.162714,"material damage only","4","rain",false,1,"GM0150"
"20230024086",2023,"Letsel",3,"Bestelauto","Fiets","Onbekend","Kruispunt, 4 takken",30,"Niet brandend","Daglicht","Regen",\N,\N,"Hugo de Vrieslaan","Gouda","Gouda","Zuid-Holland",false,52.030866,4.69745,"injury","2","rain",false,1,"GM0513"
"20230024701",2023,"Uitsluitend materiele schade",2,"Snorfiets","Fiets","Kop/staart","Rechte weg",50,"Brandend","Duisternis","Droog",\N,\N,"Raadhuisstraat","Amsterdam","Amsterdam","Noord-Holland",false,52.373485,4.886923,"material damage only","4","clear",false,1,"GM0363"
"20230069982",2023,"Letsel",2,"Fiets","Fiets","Onbekend","Kruispunt, 4 takken",80,"Niet brandend","Daglicht","Droog",\N,\N,"Ringdijk","Ter Aar","Nieuwkoop","Zuid-Holland",false,52.1809,4.708392,"injury","2","clear",false,1,"GM0569"
"20240030830",2024,"Uitsluitend materiele schade",2,"Personenauto","Fiets","Flank","Kruispunt, 4 takken",50,"Niet brandend","Daglicht","Droog",\N,\N,"Velserweg","Amsterdam","Amsterdam","Noord-Holland",false,52.386252,4.845299,"material damage only","4","clear",false,1,"GM0363"
"20230078019",2023,"Uitsluitend materiele schade",3,"Personenauto","Fiets","Geparkeerd voertuig","Rechte weg",30,"Brandend","Duisternis","Droog",\N,"154308025","Hyacinthweg","'s-Gravenhage","'s-Gravenhage","Zuid-Holland",false,52.072386,4.252563,"material damage only","4","clear",false,1,"GM0518"
"20230013194",2023,"Uitsluitend materiele schade",2,"Personenauto","Fiets","Flank","Kruispunt, 3 takken",50,"Niet brandend","Daglicht","Droog",\N,\N,"Drakensteinlaan","Arnhem","Arnhem","Gelderland",false,51.986628,5.957018,"material damage only","4","clear",false,1,"GM0202"
"20230018949",2023,"Letsel",2,"Fiets","Fiets","Onbekend","Rechte weg",50,"Niet brandend","Daglicht","Droog",\N,"600841124","Arnhemseweg","Apeldoorn","Apeldoorn","Gelderland",false,52.199082,5.959516,"injury","2","clear",false,1,"GM0200"
"20230029307",2023,"Letsel",2,"Bromfiets","Fiets","Frontaal","Rechte weg",30,"Brandend","Duisternis","Droog",\N,"600726734","Zundertseweg","Roosendaal","Roosendaal","Noord-Brabant",false,51.525654,4.477525,"injury","2","clear",false,1,"GM1674"
"20230029885",2023,"Uitsluitend materiele schade",2,"e-bike","Personenauto","Flank","Kruispunt, 4 takken",30,"Niet brandend","Daglicht","Droog",\N,\N,"Mina Druckerhoeve","Waddinxveen","Waddinxveen","Zuid-Holland",false,52.036253,4.635771,"material damage only","4","clear",false,1,"GM0627"
"20230071870",2023,"Uitsluitend materiele schade",2,"Fiets","Overig wegmeubilair","Vast voorwerp","Rechte weg",50,"Niet brandend","Daglicht","Droog",\N,"600834636","Parallelweg","Susteren","Echt-Susteren","Limburg",false,51.067237,5.866861,"material damage only","4","clear",false,1,"GM1711"
"20230015548",2023,"Letsel",2,"Personenauto","Fiets","Flank","Kruispunt, 3 takken",50,"Brandend","Schemer","Droog",\N,\N,"Batauweg","Nieuwegein","Nieuwegein","Utrecht",false,52.035218,5.072874,"injury","2","clear",false,1,"GM0356"
"20230018387",2023,"Letsel",2,"Motor","Fiets","Flank","Rechte weg",50,"Niet brandend","Daglicht","Droog",\N,"202364008","Bennebroekerlaan","Bennebroek","Bloemendaal","Noord-Holland",false,52.322917,4.598284,"injury","2","clear",false,1,"GM0377"
"20230025861",2023,"Letsel",3,"Personenauto","Fiets","Onbekend","Kruispunt, 3 takken",50,"Niet brandend","Daglicht","Droog",\N,\N,"Strijenseweg","'s-Gravendeel","Hoeksche Waard","Zuid-Holland",false,51.774759,4.616888,"injury","2","clear",false,1,"GM1963"
"20240027746",2024,"Uitsluitend materiele schade",2,"Personenauto","Fiets","Flank","Kruispunt, 4 takken",30,"Niet brandend","Daglicht","Droog",\N,\N,"Lindenlaan","Wormerveer","Zaanstad","Noord-Holland",false,52.49198,4.7823,"material damage only","4","clear",false,1,"GM0479"
"20240028352",2024,"Uitsluitend materiele schade",2,"Personenauto","Fiets","Flank","Kruispunt, 3 takken",50,"Niet brandend","Daglicht","Regen",\N,\N,"Buurtlaan oost","Veenendaal","Veenendaal","Utrecht",false,52.034324,5.586885,"material damage only","4","rain",false,1,"GM0345"
"20230070716",2023,"Letsel",3,"Personenauto","Fiets","Onbekend","Kruispunt, 3 takken",30,"Niet brandend","Daglicht","Droog",\N,\N,"Olieberg","Roermond","Roermond","Limburg",false,51.178195,6.006418,"injury","2","clear",false,1,"GM0957"
"20230071913",2023,"Letsel",2,"Fiets","Personenauto","Flank","Kruispunt, 4 takken",60,"Niet brandend","Daglicht","Droog",\N,\N,"Hoge Maasdijk","Hedikhuizen","Heusden","Noord-Brabant",false,51.721585,5.184128,"injury","2","clear",false,1,"GM0797"
"20240026252",2024,"Uitsluitend materiele schade",2,"Fiets","Bestelauto","Flank","Rechte weg",30,"Niet brandend","Daglicht","Droog",\N,"601060311","Parallelweg","Lievelde","Oost Gelre","Gelderland",false,52.009142,6.604049,"material damage only","4","clear",false,1,"GM1586"
"20240026442",2024,"Letsel",2,"Personenauto","Fiets","Flank","Rotonde",50,"Niet brandend","Daglicht","Regen",\N,\N,"Burg. Dijckmeesterweg","Zutphen","Zutphen","Gelderland",false,52.147625,6.203388,"injury","2","rain",false,1,"GM0301"
"20230025374",2023,"Letsel",2,"Bromfiets","Fiets","Flank","Kruispunt, 3 takken",50,"Niet brandend","Daglicht","Droog",\N,\N,"Carnissepad","Rotterdam","Rotterdam","Zuid-Holland",false,51.88334,4.475167,"injury","2","clear",false,1,"GM0599"
"20230025895",2023,"Letsel",2,"Personenauto","Fiets","Los voorwerp","Rotonde",50,"Niet brandend","Daglicht","Mist",\N,\N,"Nieuwe Damlaan","Schiedam","Schiedam","Zuid-Holland",false,51.917329,4.392065,"injury","2","fog",false,1,"GM0606"
"20230027059",2023,"Uitsluitend materiele schade",2,"Bestelauto","Fiets","Flank","Kruispunt, 4 takken",50,"Niet brandend","Daglicht","Droog",\N,\N,"Fellenoordstraat","Breda","Breda","Noord-Brabant",false,51.58476,4.769177,"material damage only","4","clear",false,1,"GM0758"
"20240028693",2024,"Uitsluitend materiele schade",2,"Bus","Fiets","Frontaal","Rechte weg",80,"Niet brandend","Daglicht","Droog",\N,"600949112","Zuiderzeestraatweg","Oldebroek","Oldebroek","Gelderland",false,52.458856,5.936007,"material damage only","4","clear",false,1,"GM0269"
"20230072475",2023,"Letsel",2,"Personenauto","e-bike","Flank","Kruispunt, 4 takken",60,"Niet brandend","Daglicht","Droog",\N,\N,"Menno van Coehoornwei","Britsum","Leeuwarden","Friesland",false,53.251194,5.768327,"injury","2","clear",false,1,"GM0080"
"20230075506",2023,"Letsel",2,"Personenauto","Fiets","Flank","Rechte weg",30,"Niet brandend","Daglicht","Droog",\N,"265313053","Hof van Oslo","Utrecht","Utrecht","Utrecht",false,52.099761,5.063504,"injury","2","clear",false,1,"GM0344"
"20230076407",2023,"Letsel",2,"Personenauto","e-bike","Flank","Kruispunt, 4 takken",50,"Niet brandend","Daglicht","Droog",\N,\N,"Flevolaan","Huizen","Huizen","Noord-Holland",false,52.288676,5.196077,"injury","2","clear",false,1,"GM0406"
"20230076466",2023,"Letsel",2,"Personenauto","Fiets","Flank","Rechte weg",50,"Niet brandend","Daglicht","Droog",\N,\N,"Tom Kranenburgstraat","Enkhuizen","Enkhuizen","Noord-Holland",false,52.709346,5.283499,"injury","2","clear",false,1,"GM0388"
"20230013856",2023,"Letsel",2,"Personenauto","Fiets","Flank","Kruispunt, 4 takken",80,"Niet aanwezig","Daglicht","Droog",\N,\N,"De Bulten","Annen","Aa en Hunze","Drenthe",false,53.058504,6.765469,"injury","2","clear",false,1,"GM1680"
"20230017322",2023,"Uitsluitend materiele schade",2,"Fiets","Personenauto","Flank","Rechte weg",50,"Niet brandend","Daglicht","Droog",\N,"600436121","Nijverheidsstraat","Heerhugowaard","Dijk en Waard","Noord-Holland",false,52.672795,4.826476,"material damage only","4","clear",false,1,"GM1980"
"20230017902",2023,"Letsel",2,"Personenauto","Fiets","Flank","Rotonde",50,"Niet brandend","Daglicht","Regen",\N,\N,"Valkenburgerlaan","Heemstede","Heemstede","Noord-Holland",false,52.343195,4.620717,"injury","2","rain",false,1,"GM0397"
"20230020229",2023,"Letsel",2,"Personenauto","Fiets","Flank","Rechte weg",50,"Brandend","Duisternis","Regen",\N,"600762051","De Clercqstraat","Amsterdam","Amsterdam","Noord-Holland",false,52.371813,4.874003,"injury","2","rain",false,1,"GM0363"
"20230025389",2023,"Letsel",2,"Personenauto","Fiets","Flank","Kruispunt, 4 takken",50,"Brandend","Duisternis","Regen",\N,\N,"Heemraadssingel","Rotterdam","Rotterdam","Zuid-Holland",false,51.917455,4.454724,"injury","2","rain",false,1,"GM0599"
"20240029451",2024,"Letsel",2,"Personenauto","Fiets","Flank","Rechte weg",50,"Brandend","Schemer","Droog",\N,"281340026","Emmastraat","Hilversum","Hilversum","Noord-Holland",false,52.21996,5.181028,"injury","2","clear",false,1,"GM0402"
"20230074358",2023,"Letsel",2,"Personenauto","Fiets","Flank","Rechte weg",50,"Niet brandend","Daglicht","Droog",\N,\N,"Hengelosestraat","Enschede","Enschede","Overijssel",false,52.233943,6.860433,"injury","2","clear",false,1,"GM0153"
"20240031919",2024,"Uitsluitend materiele schade",2,\N,"Fiets","Flank","Kruispunt, 3 takken",50,"Niet brandend","Daglicht","Droog",\N,\N,"Kosboulevard","Rotterdam","Rotterdam","Zuid-Holland",false,51.977796,4.575734,"material damage only","4","clear",false,1,"GM0599"
"20230015667",2023,"Uitsluitend materiele schade",2,"Personenauto","Fiets","Flank","Kruispunt, 3 takken",50,"Niet brandend","Daglicht","Droog",\N,\N,"Overste den Oudenlaan","Utrecht","Utrecht","Utrecht",false,52.07987,5.102433,"material damage only","4","clear",false,1,"GM0344"
"20230017938",2023,"Letsel",1,"Fiets",\N,"Eenzijdig","Rechte weg",50,"Niet brandend","Daglicht","Harde windstoten",\N,"600429000","Ringersplein","Alkmaar","Alkmaar","Noord-Holland",false,52.634796,4.749359,"injury","2","unknown",false,1,"GM0361"
"20230029165",2023,"Letsel",2,"Personenauto","Fiets","Flank","Kruispunt, 4 takken",30,"Niet brandend","Daglicht","Droog",\N,\N,"Spaarnwoudelaan","Tilburg","Tilburg","Noord-Brabant",false,51.576488,4.982585,"injury","2","clear",false,1,"GM0855"
"20230038387",2023,"Letsel",2,"Fiets","Fiets","Kop/staart","Rechte weg",80,"Niet brandend","Daglicht","Droog",\N,\N,"Vreelandseweg","Hilversum","Hilversum","Noord-Holland",false,52.219784,5.126405,"injury","2","clear",false,1,"GM0402"
"20240075160",2024,"Letsel",1,"Fiets",\N,"Onbekend","Kruispunt, 4 takken",50,"Niet brandend","Daglicht","Droog",\N,\N,"Coehoornsingel","Zutphen","Zutphen","Gelderland",false,52.142963,6.203994,"injury","2","clear",false,1,"GM0301"
"20240041231",2024,"Uitsluitend materiele schade",2,"Fiets","Personenauto","Flank","Kruispunt, 4 takken",50,"Niet brandend","Daglicht","Droog",\N,\N,"Poortwachter","Amstelveen","Amstelveen","Noord-Holland",false,52.283567,4.841649,"material damage only","4","clear",false,1,"GM0362"
"20240047729",2024,"Letsel",2,"Fiets","Personenauto","Onbekend","Kruispunt, 3 takken",50,"Niet brandend","Daglicht","Droog",\N,\N,"Herenweg","Maarssen","Stichtse Vecht","Utrecht",false,52.146125,5.063509,"injury","2","clear",false,1,"GM1904"
"20240050795",2024,"Uitsluitend materiele schade",2,"Personenauto","Fiets","Flank","Kruispunt, 3 takken",30,"Niet brandend","Daglicht","Regen","Brug/viaduct",\N,"Sarphatistraat","Amsterdam","Amsterdam","Noord-Holland",false,52.36048,4.904675,"material damage only","4","rain",false,1,"GM0363"
"20240050808",2024,"Letsel",2,"Personenauto","Fiets","Flank","Kruispunt, 4 takken",30,"Niet brandend","Daglicht","Droog",\N,\N,"Lumièrestraat","Amsterdam","Amsterdam","Noord-Holland",false,52.352993,4.999838,"injury","2","clear",false,1,"GM0363"
"20240078967",2024,"Letsel",1,"Fiets",\N,"Onbekend","Rechte weg",50,"Brandend","Duisternis","Droog",\N,"601133983","Lange Voort","Oegstgeest","Oegstgeest","Zuid-Holland",false,52.181302,4.489222,"injury","2","clear",false,1,"GM0579"
"20240081283",2024,"Letsel",2,"Fiets","Personenauto","Flank","Kruispunt, 3 takken",50,"Niet brandend","Daglicht","Droog",\N,\N,"Hoefkade","'s-Gravenhage","'s-Gravenhage","Zuid-Holland",false,52.060549,4.295799,"injury","2","clear",false,1,"GM0518"
"20240038129",2024,"Uitsluitend materiele schade",3,"Personenauto","Fiets","Flank","Kruispunt, 4 takken",70,"Brandend","Duisternis","Droog",\N,\N,"Kogendijk","Alkmaar","Alkmaar","Noord-Holland",true,52.661567,4.743041,"material damage only","4","clear",false,1,"GM0361"
"20240040459",2024,"Letsel",2,"Personenauto","Fiets","Flank","Bocht",50,"Niet brandend","Daglicht","Droog",\N,"158306095","Soestdijkseplein","'s-Gravenhage","'s-Gravenhage","Zuid-Holland",false,52.061691,4.283293,"injury","2","clear",false,1,"GM0518"
"20240047129",2024,"Letsel",1,"Fiets",\N,"Onbekend","Kruispunt, 4 takken",30,"Niet brandend","Daglicht","Droog",\N,\N,"Laan van Angerenstein","Arnhem","Arnhem","Gelderland",false,51.992055,5.93749,"injury","2","clear",false,1,"GM0202"
"20240047791",2024,"Letsel",2,"Bestelauto","Fiets","Flank","Kruispunt, 4 takken",50,"Niet brandend","Daglicht","Droog",\N,\N,"Amsterdamseweg","Amersfoort","Amersfoort","Utrecht",false,52.163711,5.365356,"injury","2","clear",false,1,"GM0307"
"20240050885",2024,"Uitsluitend materiele schade",2,\N,"Fiets","Flank","Kruispunt, 4 takken",30,"Niet brandend","Daglicht","Droog",\N,\N,"Torensteeg","Amsterdam","Amsterdam","Noord-Holland",false,52.374377,4.890285,"material damage only","4","clear",false,1,"GM0363"
"20240072253",2024,"Letsel",2,"Personenauto","Fiets","Flank","Kruispunt, 3 takken",50,"Niet brandend","Daglicht","Droog",\N,\N,"Agathapark","Lisse","Lisse","Zuid-Holland",false,52.255659,4.553282,"injury","2","clear",false,1,"GM0553"
"20240076343",2024,"Letsel",2,"Fiets","Bus","Onbekend","Kruispunt, 4 takken",50,"Niet brandend","Daglicht","Droog",\N,\N,"Peizerbaan","Groningen","Groningen","Groningen",false,53.209333,6.549382,"injury","2","clear",false,1,"GM0014"
"20240081397",2024,"Letsel",2,"Personenauto","Fiets","Flank","Kruispunt, 4 takken",50,"Niet brandend","Daglicht","Droog",\N,\N,"Roemer Visscherstraat","Gouda","Gouda","Zuid-Holland",false,52.004789,4.703251,"injury","2","clear",false,1,"GM0513"
"20240076397",2024,"Letsel",2,"Personenauto","Fiets","Onbekend","Kruispunt, 3 takken",50,"Niet brandend","Daglicht","Droog",\N,\N,"Droppingsstraat","Leeuwarden","Leeuwarden","Friesland",false,53.215391,5.811445,"injury","2","clear",false,1,"GM0080"
"20240081416",2024,"Letsel",2,"Personenauto","Fiets","Flank","Rotonde",50,"Niet brandend","Daglicht","Droog",\N,\N,"Fluitpolderplein","Leidschendam","Leidschendam-Voorburg","Zuid-Holland",false,52.094524,4.394657,"injury","2","clear",false,1,"GM1916"
"20240032977",2024,"Uitsluitend materiele schade",3,"Personenauto","Fiets","Flank","Rotonde",50,"Brandend","Duisternis","Droog",\N,\N,"Burgemeester Aalberslaan","Krimpen aan den IJssel","Krimpen aan den IJssel","Zuid-Holland",false,51.914193,4.596468,"material damage only","4","clear",false,1,"GM0542"
"20240036671",2024,"Uitsluitend materiele schade",2,"Personenauto","Fiets","Flank","Kruispunt, 3 takken",30,"Niet brandend","Daglicht","Regen",\N,\N,"Sinderhôven","Hurdegaryp","Tytsjerksteradiel","Friesland",false,53.212553,5.945684,"material damage only","4","rain",false,1,"GM0737"
"20240038275",2024,"Uitsluitend materiele schade",2,"Personenauto","Fiets","Onbekend","Kruispunt, 4 takken",30,"Niet brandend","Daglicht","Droog",\N,\N,"Passage","Nieuwegein","Nieuwegein","Utrecht",false,52.028748,5.082207,"material damage only","4","clear",false,1,"GM0356"
"20240040560",2024,"Letsel",2,"Snorfiets","Fiets","Flank","Rechte weg",30,"Niet brandend","Daglicht","Droog",\N,"601016116","George Maduroplein","'s-Gravenhage","'s-Gravenhage","Zuid-Holland",false,52.099156,4.299642,"injury","2","clear",false,1,"GM0518"
"20240047243",2024,"Letsel",2,"Bus","Fiets","Flank","Kruispunt, 4 takken",30,"Niet brandend","Daglicht","Droog",\N,\N,"Peizerbaan","Groningen","Groningen","Groningen",false,53.209365,6.549543,"injury","2","clear",false,1,"GM0014"
"20240047870",2024,"Letsel",2,"Fiets","Fiets","Frontaal","Kruispunt, 4 takken",30,"Niet brandend","Daglicht","Droog",\N,\N,"Mozartstraat","Heemskerk","Heemskerk","Noord-Holland",false,52.521765,4.683329,"injury","2","clear",false,1,"GM0396"
"20240050959",2024,"Uitsluitend materiele schade",2,"Personenauto","Fiets","Flank","Rotonde",50,"Niet brandend","Daglicht","Droog",\N,\N,"Beukenlaan","Heerhugowaard","Dijk en Waard","Noord-Holland",false,52.66302,4.850229,"material damage only","4","clear",false,1,"GM1980"
"20240077087",2024,"Letsel",2,"Bestelauto","Fiets","Kop/staart","Rechte weg",15,"Niet brandend","Daglicht","Droog",\N,"226438094","Steenuilstraat","Alkmaar","Alkmaar","Noord-Holland",false,52.659831,4.769607,"injury","2","clear",false,1,"GM0361"
"20240080412",2024,"Letsel",3,"Personenauto","Fiets","Onbekend","Bocht",30,"Niet brandend","Daglicht","Regen",\N,"179189052","Pater Damiaanstraat","Roosendaal","Roosendaal","Noord-Brabant",false,51.535886,4.448805,"injury","2","rain",false,1,"GM1674"
"20240051087",2024,"Uitsluitend materiele schade",2,"Personenauto","Fiets","Onbekend","Rotonde",30,"Niet brandend","Daglicht","Droog",\N,\N,"Hornweg","Aalsmeer","Aalsmeer","Noord-Holland",false,52.271455,4.79561,"material damage only","4","clear",false,1,"GM0358"
"20240077178",2024,"Uitsluitend materiele schade",2,"Personenauto","Fiets","Onbekend","Kruispunt, 4 takken",50,"Niet brandend","Daglicht","Droog",\N,\N,"Middelven","Zaandam","Zaanstad","Noord-Holland",false,52.437146,4.845335,"material damage only","4","clear",false,1,"GM0479"
"20240037789",2024,"Letsel",2,"Bromfiets","Fiets","Flank","Kruispunt, 4 takken",50,"Niet brandend","Daglicht","Droog",\N,\N,"Bovenweg","Sint Pancras","Dijk en Waard","Noord-Holland",false,52.657032,4.781505,"injury","2","clear",false,1,"GM1980"
"20240047415",2024,"Letsel",2,"Personenauto","Fiets","Flank","Kruispunt, 4 takken",30,"Brandend","Duisternis","Droog",\N,\N,"Herebinnensingel","Groningen","Groningen","Groningen",false,53.214988,6.572319,"injury","2","clear",false,1,"GM0014"
"20240033159",2024,"Letsel",2,"Personenauto","Fiets","Flank","Rechte weg",30,"Niet brandend","Daglicht","Regen",\N,\N,"Smeetslandsedijk","Rotterdam","Rotterdam","Zuid-Holland",true,51.882045,4.516056,"injury","2","rain",false,1,"GM0599"