"accident_id","year","severity_raw","party_count","party1_type","party2_type","accident_type","road_situation","speed_limit_kmh","road_lighting","light_condition_label","weather_raw","infra_type","road_segment_id","street_name","place_name","gemeente_name_raw","province","alcohol_indicated","latitude","longitude","severity_label","severity_code","weather_label","built_up_area","cyclists_involved","gemeente_code"
"20240041596",2024,"Uitsluitend materiele schade",2,"Personenauto","Fiets","Flank","Rotonde",50,"Niet brandend","Daglicht","Droog",\N,\N,"Nancy Zeelenbergsingel","Rotterdam","Rotterdam","Zuid-Holland",false,51.937891,4.539678,"material damage only","4","clear",false,1,"GM0599"
"20240038521",2024,"Uitsluitend materiele schade",2,"Personenauto","Fiets","Flank","Rechte weg",30,"Niet brandend","Daglicht","Droog",\N,"600747326","Kruisweg","Hoofddorp","Haarlemmermeer","Noord-Holland",false,52.307609,4.68926,"material damage only","4","clear",false,1,"GM0394"
"20240040848",2024,"Letsel",1,"Fiets",\N,"Onbekend","Bocht",50,"Niet brandend","Daglicht","Droog",\N,"600393601","Nieuwe Plantage","Delft","Delft","Zuid-Holland",false,52.018175,4.351603,"injury","2","clear",false,1,"GM0503"
"20240079998",2024,"Letsel",3,"Personenauto","Fiets","Onbekend","Rechte weg",60,"Niet brandend","Daglicht","Droog",\N,"600784008","Zuiderdijk","Venhuizen","Drechterland","Noord-Holland",false,52.65529,5.232067,"injury","2","clear",false,1,"GM0498"
"20240080629",2024,"Uitsluitend materiele schade",2,"Personenauto","Fiets","Onbekend",\N,\N,\N,"Daglicht",\N,\N,"600899004","Provincialeweg","Groede","Sluis","Zeeland",false,51.383576,3.531694,"material damage only","4","unknown",false,1,"GM1714"
"20240176273",2024,"Letsel",3,"Personenauto","Fiets","Frontaal","Rechte weg",60,"Niet aanwezig","Duisternis","Mist",\N,"459492002","Oranjekanaal Z.Z.","Hijken","Midden-Drenthe","Drenthe",false,52.897486,6.49978,"injury","2","fog",false,1,"GM1731"
"20240042421",2024,"Letsel",1,"Fiets",\N,"Eenzijdig","Rechte weg",60,"Niet brandend","Daglicht","Droog","Brug/viaduct","600422691","Koningin Wilhelminalaan","Hardinxveld-Giessendam","Hardinxveld-Giessendam","Zuid-Holland",false,51.829496,4.882697,"injury","2","clear",false,1,"GM0523"
"20240050668",2024,"Dodelijk",2,"Personenauto","Fiets","Flank","Kruispunt, 4 takken",50,"Niet brandend","Daglicht","Droog",\N,\N,"Mendelweg","Boskoop","Alphen aan den Rijn","Zuid-Holland",false,52.066844,4.647981,"fatal","1","clear",false,1,"GM0484"
"20240038013",2024,"Letsel",3,"Bromfiets","Fiets","Flank","Rechte weg",30,"Niet brandend","Daglicht","Droog",\N,"293306001","Arnhemsebovenweg","Driebergen-Rijsenburg","Utrechtse Heuvelrug","Utrecht",false,52.067453,5.2696,"injury","2","clear",false,1,"GM1581"
"20240038861",2024,"Uitsluitend materiele schade",2,"Snorfiets","Fiets","Frontaal","Bocht",30,"Niet brandend","Daglicht","Droog",\N,"601202552","Metamorfosenallee","Arnhem","Arnhem","Gelderland",false,51.954855,5.856065,"material damage only","4","clear",false,1,"GM0202"
"20240040392",2024,"Letsel",1,"Fiets",\N,"Onbekend","Rechte weg",60,"Niet brandend","Daglicht","Droog",\N,\N,"Ziendeweg","Aarlanderveen","Alphen aan den Rijn","Zuid-Holland",false,52.128045,4.75835,"injury","2","clear",false,1,"GM0484"
"20240041186",2024,"Letsel",2,"Personenauto","Fiets","Flank","Rechte weg",30,"Niet brandend","Daglicht","Droog",\N,"600362915","Herengracht","Amsterdam","Amsterdam","Noord-Holland",false,52.36954,4.886563,"injury","2","clear",false,1,"GM0363"
"20230106938",2023,"Uitsluitend materiele schade",1,"Fiets",\N,"Onbekend","Rechte weg",50,"Brandend","Duisternis","Regen",\N,"368057046","Sportlaan","Beek","Beek","Limburg",false,50.946149,5.804519,"material damage only","4","rain",false,1,\N
"20230107408",2023,"Uitsluitend materiele schade",2,"Fiets","Personenauto","Flank","Kruispunt, 4 takken",50,"Brandend","Duisternis","Droog",\N,\N,"Dorpstraat","Maastricht","Maastricht","Limburg",false,50.843475,5.727563,"material damage only","4","clear",false,1,"GM0935"
"20230079395",2023,"Uitsluitend materiele schade",2,"Bestelauto","Fiets","Flank","Rotonde",50,"Niet brandend","Daglicht","Droog",\N,\N,"Bitswijk","Uden","Maashorst","Noord-Brabant",false,51.66944,5.60854,"material damage only","4","clear",false,1,"GM1991"
"20230079953",2023,"Letsel",1,"Fiets",\N,"Eenzijdig",\N,30,\N,"Daglicht",\N,\N,"333132016","Grensweg","Gastel","Cranendonck","Noord-Brabant",false,51.283784,5.557408,"injury","2","unknown",false,1,"GM1706"
"20230096898",2023,"Letsel",2,"Personenauto","Fiets","Flank","Kruispunt, 4 takken",30,"Niet brandend","Daglicht","Droog",\N,\N,"Schermwal","Nieuwegein","Nieuwegein","Utrecht",false,52.026897,5.090839,"injury","2","clear",false,1,"GM0356"
"20230086424",2023,"Letsel",2,"Fiets","Overig vast object","Vast voorwerp","Rechte weg",30,"Brandend","Duisternis","Droog",\N,"600975618","Lammenschansweg","Leiden","Leiden","Zuid-Holland",false,52.149829,4.494508,"injury","2","clear",false,1,"GM0546"
"20230088170",2023,"Uitsluitend materiele schade",2,"Bromfiets","Fiets","Frontaal","Rechte weg",30,"Niet brandend","Daglicht","Droog",\N,"600763554","Buiksloterweg","Amsterdam","Amsterdam","Noord-Holland",false,52.382854,4.904589,"material damage only","4","clear",false,1,"GM0363"
"20230091707",2023,"Uitsluitend materiele schade",2,"Personenauto","Fiets","Flank","Kruispunt, 4 takken",50,"Niet brandend","Daglicht","Droog",\N,\N,"Dr. Philipsstraat","Hoensbroek","Heerlen","Limburg",false,50.927844,5.931961,"material damage only","4","clear",false,1,"GM0917"
"20230093479",2023,"Uitsluitend materiele schade",2,"Fiets","Fiets","Frontaal","Kruispunt, 4 takken",80,"Niet brandend","Daglicht",\N,\N,\N,"Kerklaan","Doorwerth","Renkum","Gelderland",false,51.987438,5.802839,"material damage only","4","unknown",false,1,"GM0274"
"20230100610",2023,"Letsel",2,"Personenauto","e-bike","Flank","Rotonde",30,"Niet brandend","Daglicht","Droog",\N,\N,"Guldengaarde","Cuijk","Land van Cuijk","Noord-Brabant",false,51.734937,5.876114,"injury","2","clear",false,1,"GM1982"
"20230101296",2023,"Uitsluitend materiele schade",1,"Fiets",\N,"Eenzijdig","Rechte weg",50,"Brandend","Duisternis","Regen",\N,"600201070","Hooigracht","Leiden","Leiden","Zuid-Holland",false,52.159819,4.496978,"material damage only","4","rain",false,1,"GM0546"
"20230104288",2023,"Uitsluitend materiele schade",3,"Bromfiets","Fiets","Onbekend","Rechte weg",50,"Brandend","Duisternis","Droog",\N,"467565021","Nieuwe Ebbingestraat","Groningen","Groningen","Groningen",false,53.22318,6.56404,"material damage only","4","clear",false,1,"GM0014"
"20230106174",2023,"Letsel",2,"Bestelauto","Fiets","Eenzijdig","Rechte weg",50,"Niet brandend","Daglicht","Droog",\N,"461360063","Roelf Bosmastraat","Rijssen","Rijssen-Holten","Overijssel",false,52.302408,6.499967,"injury","2","clear",false,1,"GM1742"
"20230079469",2023,"Uitsluitend materiele schade",2,"Personenauto","Fiets","Onbekend",\N,30,"Niet brandend","Daglicht","Droog",\N,"345240051","Alard van Herpenplein","Herpen","Oss","Noord-Brabant",false,51.772612,5.642951,"material damage only","4","clear",false,1,"GM0828"
"20230098137",2023,"Letsel",2,"Personenauto","Fiets","Frontaal","Rotonde",50,"Niet brandend","Daglicht","Droog",\N,\N,"Compagniesingel","Medemblik","Medemblik","Noord-Holland",false,52.766825,5.104169,"injury","2","clear",false,1,"GM0420"
"20230098152",2023,"Uitsluitend materiele schade",2,"Personenauto","e-bike","Flank","Kruispunt, 3 takken",60,"Niet brandend","Daglicht","Droog",\N,\N,"De Negen Sneesweg","Broek op Langedijk","Dijk en Waard","Noord-Holland",false,52.677878,4.776121,"material damage only","4","clear",false,1,"GM1980"
"20230084751",2023,"Uitsluitend materiele schade",2,"Personenauto","Fiets","Flank","Rechte weg",\N,"Niet aanwezig","Daglicht","Droog",\N,"364355001","Uddelerweg","Elspeet","Nunspeet","Gelderland",false,52.288787,5.788252,"material damage only","4","clear",false,1,"GM0302"
"20230085328",2023,"Uitsluitend materiele schade",2,"Fiets","Fiets","Flank","Bocht",\N,"Niet brandend","Daglicht","Droog",\N,"271311177","Van Sijpesteijnkade","Utrecht","Utrecht","Utrecht",false,52.09095,5.106687,"material damage only","4","clear",false,1,"GM0344"
"20230087625",2023,"Letsel",2,"Personenauto","Fiets","Onbekend","Kruispunt, 3 takken",50,"Niet brandend","Daglicht","Droog",\N,\N,"Bilderdijkstraat","Haarlem","Haarlem","Noord-Holland",false,52.385019,4.624906,"injury","2","clear",false,1,"GM0392"
"20230088831",2023,"Letsel",2,"Fiets","Personenauto","Onbekend","Kruispunt, 4 takken",50,"Niet brandend","Daglicht","Droog",\N,\N,"Akkerdonk","Spijkenisse","Nissewaard","Zuid-Holland",false,51.833106,4.322061,"injury","2","clear",false,1,"GM1930"
"20230088832",2023,"Uitsluitend materiele schade",2,"Bromfiets","Fiets","Kop/staart","Rechte weg",80,"Niet aanwezig","Duisternis","Droog",\N,"600462394","Middelweg","Zoetermeer","Zoetermeer","Zuid-Holland",false,52.078741,4.476678,"material damage only","4","clear",false,1,"GM0637"
"20230090001",2023,"Letsel",2,"Personenauto","Fiets","Flank","Rotonde",50,"Niet brandend","Daglicht","Mist",\N,\N,"Meerlaan","Hillegom","Hillegom","Zuid-Holland",false,52.290258,4.589155,"injury","2","fog",false,1,"GM0534"
"20230100126",2023,"Letsel",2,"Personenauto","Fiets","Frontaal","Kruispunt, 3 takken",30,"Niet brandend","Daglicht","Droog",\N,\N,"Liniestraat","Hulst","Hulst","Zeeland",false,51.287279,4.066781,"injury","2","clear",false,1,"GM0677"
"20230101000",2023,"Uitsluitend materiele schade",2,"Personenauto","Fiets","Flank","Kruispunt, 4 takken",30,"Niet brandend","Daglicht","Regen",\N,\N,"Onderlangs","Barendrecht","Barendrecht","Zuid-Holland",false,51.853787,4.541577,"material damage only","4","rain",false,1,"GM0489"
"20230101346",2023,"Letsel",2,"Fiets","Fiets","Flank","Kruispunt, 3 takken",50,"Brandend","Schemer","Regen",\N,\N,"Nootdorpsepad","Zoetermeer","Zoetermeer","Zuid-Holland",false,52.05222,4.424631,"injury","2","rain",false,1,"GM0637"
"20230083050",2023,"Letsel",2,"Personenauto","Fiets","Onbekend","Rotonde",50,"Niet brandend","Schemer","Droog",\N,\N,"Van Nispenlaan","Bemmel","Lingewaard","Gelderland",false,51.892796,5.918618,"injury","2","clear",false,1,"GM1705"
"20230088282",2023,"Letsel",2,"Personenauto","Fiets","Flank","Kruispunt, 3 takken",50,"Niet brandend","Daglicht","Droog",\N,\N,"Heemsteedse Dreef","Heemstede","Heemstede","Noord-Holland",false,52.349983,4.624136,"injury","2","clear",false,1,"GM0397"
"20230095893",2023,"Uitsluitend materiele schade",2,"Personenauto","Fiets","Flank","Kruispunt, 4 takken",30,"Niet brandend","Schemer","Droog",\N,\N,"Graaf Florisweg","Nieuwegein","Nieuwegein","Utrecht",false,52.015817,5.095999,"material damage only","4","clear",false,1,"GM0356"
"20230101773",2023,"Uitsluitend materiele schade",2,"Personenauto","Fiets","Flank","Kruispunt, 4 takken",30,"Niet brandend","Daglicht","Regen",\N,\N,"Oudelandselaan","Berkel en Rodenrijs","Lansingerland","Zuid-Holland",false,51.993785,4.466243,"material damage only","4","rain",false,1,"GM1621"
"20230087134",2023,"Letsel",3,"Personenauto","Fiets","Onbekend","Rotonde",50,"Brandend","Daglicht","Droog",\N,\N,"Noordweg","'s-Gravenhage","'s-Gravenhage","Zuid-Holland",false,52.037684,4.28772,"injury","2","clear",false,1,"GM0518"
"20230087138",2023,"Letsel",1,"Fiets",\N,"Eenzijdig","Rechte weg",50,"Brandend","Duisternis","Regen",\N,"600723904","Westlaan","Pijnacker","Pijnacker-Nootdorp","Zuid-Holland",false,52.017607,4.424768,"injury","2","rain",false,1,"GM1926"
"20230081362",2023,"Uitsluitend materiele schade",2,"Personenauto","Fiets","Flank","Kruispunt, 4 takken",30,"Niet brandend","Daglicht","Droog",\N,\N,"Aletta Jacobs-erf","Dordrecht","Dordrecht","Zuid-Holland",false,51.796718,4.732379,"material damage only","4","clear",false,1,"GM0505"
"20230097692",2023,"Uitsluitend materiele schade",2,"Personenauto","Fiets","Flank","Kruispunt, 4 takken",30,"Brandend","Duisternis","Regen",\N,\N,"Burg Van Leeuwenlaan","Amsterdam","Amsterdam","Noord-Holland",false,52.376313,4.812425,"material damage only","4","rain",false,1,"GM0363"
"20230103239",2023,"Letsel",1,"Fiets",\N,"Eenzijdig","Rechte weg",30,"Niet aanwezig","Duisternis","Droog",\N,\N,"Mauritsweg","Ridderkerk","Ridderkerk","Zuid-Holland",false,51.855922,4.594574,"injury","2","clear",false,1,"GM0597"
"20230088961",2023,"Letsel",2,"Personenauto","Fiets","Geparkeerd voertuig","Rechte weg",50,"Niet brandend","Daglicht","Droog","Parkeervoorziening","600717941","Waalsdorperweg","'s-Gravenhage","'s-Gravenhage","Zuid-Holland",false,52.104441,4.318525,"injury","2","clear",false,1,"GM0518"
"20230105698",2023,"Uitsluitend materiele schade",2,"Personenauto","Fiets","Flank","Kruispunt, 4 takken",50,"Niet brandend","Daglicht","Droog",\N,\N,"Koningin Wilhelminalaan","Deventer","Deventer","Overijssel",false,52.266943,6.172288,"material damage only","4","clear",false,1,"GM0150"
"20230086705",2023,"Letsel",1,"Fiets",\N,"Eenzijdig","Bocht",\N,"Niet aanwezig","Daglicht",\N,\N,"182306011","Buytenparklaan","Zoetermeer","Zoetermeer","Zuid-Holland",false,52.064819,4.459816,"injury","2","unknown",false,1,"GM0637"
"20230090210",2023,"Letsel",2,"Personenauto","Fiets","Flank","Kruispunt, 4 takken",50,"Niet brandend","Schemer","Droog",\N,\N,"Dreef","Gouda","Gouda","Zuid-Holland",false,52.020055,4.6986,"injury","2","clear",false,1,"GM0513"
"20230093760",2023,"Letsel",2,"Bromfiets","Fiets","Flank","Kruispunt, 4 takken",30,"Niet brandend","Daglicht","Regen",\N,\N,"St. Annastraat","Nijmegen","Nijmegen","Gelderland",false,51.83831,5.859871,"injury","2","rain",false,1,"GM0268"
"20230103357",2023,"Letsel",2,"Personenauto","e-bike","Flank","Rotonde",50,"Niet brandend","Daglicht","Droog",\N,\N,"Veerweg","Papendrecht","Papendrecht","Zuid-Holland",false,51.835474,4.691976,"injury","2","clear",false,1,"GM0590"
"20230103883",2023,"Letsel",2,"Personenauto","Fiets","Flank","Kruispunt, 4 takken",50,"Brandend","Duisternis","Droog",\N,\N,"Dr. Willem Dreeslaan","Barneveld","Barneveld","Gelderland",false,52.138776,5.599589,"injury","2","clear",false,1,"GM0203"
"20230080333",2023,"Uitsluitend materiele schade",3,"Bromfiets","Fiets","Onbekend","Rechte weg",30,"Niet brandend","Daglicht","Droog",\N,"329203018","Corridor","Veghel","Meierijstad","Noord-Brabant",false,51.607129,5.530891,"material damage only","4","clear",false,1,"GM1948"
"20230101985",2023,"Letsel",2,"Fiets","Fiets","Onbekend","Rechte weg",50,"Brandend","Duisternis","Droog",\N,"176325011","Bellesteynlaan","Wassenaar","Wassenaar","Zuid-Holland",false,52.149778,4.412531,"injury","2","clear",false,1,"GM0629"
"20230082719",2023,"Letsel",2,"Personenauto","Fiets","Kop/staart","Kruispunt, 4 takken",50,"Niet brandend","Daglicht","Droog",\N,"471517011","Blokmakerstraat","Assen","Assen","Drenthe",false,53.009533,6.588037,"injury","2","clear",false,1,"GM0106"
"20230082724",2023,"Letsel",2,"Fiets","Fiets","Kop/staart","Rechte weg",80,"Niet aanwezig","Daglicht","Droog",\N,"255574002","Postweg","Vlieland","Vlieland","Friesland",false,53.27206,4.98979,"injury","2","clear",false,1,"GM0096"
"20230089711",2023,"Uitsluitend materiele schade",2,"Bromfiets","Fiets","Frontaal","Bocht",30,"Niet brandend","Daglicht","Mist",\N,\N,"FIETSPAD","Papendrecht","Papendrecht","Zuid-Holland",false,51.831519,4.705736,"material damage only","4","fog",false,1,"GM0590"
"20230090281",2023,"Letsel",2,"Personenauto","Fiets","Frontaal","Kruispunt, 4 takken",50,"Niet brandend","Daglicht","Droog",\N,\N,"Rijnsburgerweg","Leiden","Leiden","Zuid-Holland",false,52.1693,4.480823,"injury","2","clear",false,1,"GM0546"
"20230092106",2023,"Uitsluitend materiele schade",2,"Personenauto","Fiets","Flank","Rechte weg",50,"Brandend","Duisternis","Regen",\N,"353036024","Raamstraat","Maastricht","Maastricht","Limburg",false,50.853374,5.693074,"material damage only","4","rain",false,1,"GM0935"
"20230093275",2023,"Uitsluitend materiele schade",2,"Bestelauto","Fiets","Flank","Rechte weg",30,"Niet brandend","Daglicht","Droog",\N,\N,"Roulastrjitte","Ferwert","Noardeast-Fryslân","Friesland",false,53.340239,5.826241,"material damage only","4","clear",false,1,"GM1970"
"20230082774",2023,"Uitsluitend materiele schade",2,"Personenauto","Fiets","Flank","Kruispunt, 4 takken",30,"Niet brandend","Daglicht","Droog",\N,\N,"Kastanjelaan","Raalte","Raalte","Overijssel",false,52.379977,6.271386,"material damage only","4","clear",false,1,"GM0177"
"20230085639",2023,"Letsel",2,"Bestelauto","Fiets","Eenzijdig","Kruispunt, 4 takken",50,"Brandend","Duisternis","Regen",\N,\N,"Oude Postweg","Hengelo","Hengelo (O)","Overijssel",false,52.269904,6.803731,"injury","2","rain",false,1,\N
"20230091524",2023,"Uitsluitend materiele schade",2,"Personenauto","Fiets","Onbekend","Rotonde",30,"Brandend","Duisternis","Droog",\N,\N,"Esdoornlaan","Oosterhout","Oosterhout","Noord-Brabant",false,51.632429,4.870444,"material damage only","4","clear",false,1,"GM0826"
"20230096754",2023,"Letsel",2,"Bromfiets","Fiets","Flank","Kruispunt, 3 takken",50,"Brandend","Duisternis","Droog",\N,\N,"Bleekstraat","Utrecht","Utrecht","Utrecht",false,52.078889,5.12019,"injury","2","clear",false,1,"GM0344"
"20230098536",2023,"Uitsluitend materiele schade",2,"Personenauto","Fiets","Flank","Kruispunt, 3 takken",50,"Brandend","Duisternis","Droog",\N,\N,"Sterrenlaan","Veldhoven","Veldhoven","Noord-Brabant",false,51.415867,5.396329,"material damage only","4","clear",false,1,"GM0861"
"20230080997",2023,"Letsel",2,"Snorfiets","Fiets","Flank","Kruispunt, 4 takken",30,"Niet brandend","Daglicht","Droog",\N,\N,"Nassauweg","Dordrecht","Dordrecht","Zuid-Holland",false,51.800096,4.672967,"injury","2","clear",false,1,"GM0505"
"20230081020",2023,"Uitsluitend materiele schade",2,"Motor","Fiets","Onbekend",\N,\N,\N,"Daglicht",\N,\N,"319166080","Pinkstraat","Eindhoven","Eindhoven","Noord-Brabant",false,51.438046,5.45467,"material damage only","4","unknown",false,1,"GM0772"
"20230084557",2023,"Uitsluitend materiele schade",2,"Personenauto","Fiets","Flank","Kruispunt, 3 takken",30,"Niet brandend","Daglicht","Droog",\N,\N,"Polstraat","Didam","Montferland","Gelderland",false,51.94178,6.131803,"material damage only","4","clear",false,1,"GM1955"
"20230085703",2023,"Uitsluitend materiele schade",2,"Personenauto","Fiets","Flank","Rechte weg",60,"Niet brandend","Daglicht","Droog",\N,"364355001","Uddelerweg","Elspeet","Nunspeet","Gelderland",false,52.288787,5.788252,"material damage only","4","clear",false,1,"GM0302"
"20230087430",2023,"Letsel",2,"Bestelauto","Fiets","Eenzijdig","Rotonde",50,"Niet brandend","Daglicht","Regen",\N,\N,"Mauritskade","Amsterdam","Amsterdam","Noord-Holland",false,52.363007,4.920215,"injury","2","rain",false,1,"GM0363"
"20230094469",2023,"Letsel",2,"Personenauto","Fiets","Flank","Kruispunt, 4 takken",30,"Niet brandend","Daglicht","Droog",\N,\N,"De Oostermaat","Gramsbergen","Hardenberg","Overijssel",false,52.608355,6.670607,"injury","2","clear",false,1,"GM0160"
"20230088057",2023,"Letsel",2,"Personenauto","e-bike","Flank","Rotonde",50,"Niet brandend","Daglicht","Droog",\N,\N,"Componistenweg","Nieuw-Vennep","Haarlemmermeer","Noord-Holland",false,52.270887,4.621914,"injury","2","clear",false,1,"GM0394"
"20230091013",2023,"Uitsluitend materiele schade",2,"Personenauto","Fiets","Flank","Rotonde",50,"Niet brandend","Daglicht","Droog",\N,\N,"Palemigerboord","Heerlen","Heerlen","Limburg",false,50.897385,5.980541,"material damage only","4","clear",false,1,"GM0917"
"20230092779",2023,"Letsel",2,"Personenauto","Fiets","Geparkeerd voertuig","Rechte weg",50,"Niet brandend","Daglicht","Droog",\N,"376069013","Stationsplein","Sittard","Sittard-Geleen","Limburg",false,51.002185,5.859734,"injury","2","clear",false,1,"GM1883"
"20230093948",2023,"Letsel",2,"Fiets","Overig vast object","Vast voorwerp",\N,50,\N,"Duisternis",\N,\N,\N,"Parallelweg LS","Hengelo","Hengelo (O)","Overijssel",false,52.259235,6.797067,"injury","2","unknown",false,1,\N
"20230096258",2023,"Uitsluitend materiele schade",2,"Personenauto","Fiets","Flank","Kruispunt, 4 takken",30,"Niet brandend","Daglicht","Droog",\N,\N,"Kalmoesstraat","Apeldoorn","Apeldoorn","Gelderland",false,52.221732,5.994341,"material damage only","4","clear",false,1,"GM0200"
"20220002475",2022,"Letsel",1,"Fiets",\N,"Eenzijdig","Rechte weg",30,"Brandend","Schemer","Droog",\N,"458562013","Reddingiusweg","Groningen","Groningen","Groningen",false,53.210516,6.500774,"injury","2","clear",false,1,"GM0014"
"20220006983",2022,"Uitsluitend materiele schade",1,"Fiets",\N,"Eenzijdig","Kruispunt, 4 takken",30,"Niet brandend","Schemer","Droog",\N,\N,"Bachdreef","Harderwijk","Harderwijk","Gelderland",false,52.329073,5.60832,"material damage only","4","clear",false,1,"GM0243"
"20220096254",2022,"Letsel",2,"Personenauto","e-bike","Flank","Kruispunt, 3 takken",60,"Niet brandend","Daglicht","Droog",\N,\N,"Beunkdijk","Aalten","Aalten","Gelderland",false,51.933647,6.524323,"injury","2","clear",false,1,"GM0197"
"20220129440",2022,"Letsel",2,"Personenauto","Fiets","Flank","Rotonde",50,"Niet brandend","Daglicht","Droog",\N,\N,"Abdis van Thornstraat","Oosterhout","Oosterhout","Noord-Brabant",false,51.640531,4.869044,"injury","2","clear",false,1,"GM0826"
"20220130787",2022,"Uitsluitend materiele schade",2,"Personenauto","Fiets","Frontaal","Kruispunt, 3 takken",30,"Niet brandend","Daglicht","Droog",\N,\N,"Brabantlaan","'s-Hertogenbosch","'s-Hertogenbosch","Noord-Brabant",false,51.679219,5.329675,"material damage only","4","clear",false,1,"GM0796"
"20220131354",2022,"Uitsluitend materiele schade",1,"Fiets",\N,"Flank","Kruispunt, 4 takken",30,"Niet brandend","Daglicht","Droog",\N,\N,"Middegaal","Veghel","Meierijstad","Noord-Brabant",false,51.624903,5.538018,"material damage only","4","clear",false,1,"GM1948"
"20220121580",2022,"Uitsluitend materiele schade",2,\N,"Fiets","Flank","Kruispunt, 4 takken",\N,"Niet brandend","Daglicht","Droog",\N,\N,"Kromhoutstraat","IJmuiden","Velsen","Noord-Holland",false,52.45488,4.586408,"material damage only","4","clear",false,1,"GM0453"
"20220127287",2022,"Uitsluitend materiele schade",2,"Bromfiets","Fiets","Flank","Kruispunt, 3 takken",\N,"Niet brandend","Daglicht","Droog",\N,\N,"FIETSPAD","Ridderkerk","Ridderkerk","Zuid-Holland",false,51.866135,4.582882,"material damage only","4","clear",false,1,"GM0597"
"20220103272",2022,"Letsel",2,"Personenauto","Fiets","Flank","Kruispunt, 4 takken",\N,"Brandend","Duisternis","Droog",\N,\N,"Jan Evertsenstraat","Amsterdam","Amsterdam","Noord-Holland",true,52.37002,4.850095,"injury","2","clear",false,1,"GM0363"
"20220122926",2022,"Letsel",2,"Fiets","Bestelauto","Flank","Kruispunt, 4 takken",50,"Niet brandend","Daglicht","Droog",\N,\N,"Houtrakkerweg","Halfweg","Haarlemmermeer","Noord-Holland",false,52.386953,4.744745,"injury","2","clear",false,1,"GM0394"
"20230005253",2023,"Letsel",1,"Fiets",\N,"Eenzijdig",\N,\N,\N,"Daglicht",\N,\N,"600716910","Erasmusweg","'s-Gravenhage","'s-Gravenhage","Zuid-Holland",false,52.054428,4.307394,"injury","2","unknown",false,1,"GM0518"
"20230006639",2023,"Letsel",2,"Personenauto","Fiets","Onbekend",\N,30,\N,"Daglicht",\N,\N,"186276182","Goudse Rijweg","Rotterdam","Rotterdam","Zuid-Holland",false,51.928567,4.493485,"injury","2","unknown",false,1,"GM0599"
"20220077636",2022,"Uitsluitend materiele schade",2,"Motor","Fiets","Onbekend","Kruispunt, 3 takken",50,"Niet aanwezig","Daglicht","Droog",\N,\N,"Lockhorsterweg","Leusden","Leusden","Utrecht",false,52.134233,5.399695,"material damage only","4","clear",false,1,"GM0327"
"20220078171",2022,"Uitsluitend materiele schade",2,"Fiets","Fiets","Frontaal","Bocht",30,"Brandend","Duisternis","Droog","Brug/viaduct","600771246","Burgemeester Dolmanslaan","Maarssen","Stichtse Vecht","Utrecht",false,52.134719,5.04179,"material damage only","4","clear",false,1,"GM1904"
"20220012972",2022,"Letsel",2,"Bestelauto","e-bike","Onbekend","Kruispunt, 3 takken",30,"Niet aanwezig","Daglicht","Droog",\N,\N,"Parklaan","Haarlem","Haarlem","Noord-Holland",false,52.385144,4.643522,"injury","2","clear",false,1,"GM0392"
"20220019620",2022,"Uitsluitend materiele schade",1,"Fiets",\N,"Eenzijdig","Bocht",30,"Brandend","Duisternis","Droog",\N,\N,"Coenecooppad","Gouda","Gouda","Zuid-Holland",false,52.02615,4.6732,"material damage only","4","clear",false,1,"GM0513"
"20220089569",2022,"Letsel",2,"Bestelauto","Fiets","Geparkeerd voertuig","Rechte weg",30,"Niet brandend","Daglicht",\N,\N,"600794809","Mercurius","Veldhoven","Veldhoven","Noord-Brabant",false,51.407701,5.389245,"injury","2","unknown",false,1,"GM0861"
"20220044769",2022,"Letsel",3,"Personenauto","Fiets","Onbekend","Kruispunt, 4 takken",50,"Niet brandend","Daglicht","Droog",\N,\N,"Javastraat","Wageningen","Wageningen","Gelderland",false,51.969656,5.664882,"injury","2","clear",false,1,"GM0289"
"20220050707",2022,"Letsel",2,"Motor","Fiets","Flank","Rechte weg",80,"Niet brandend","Daglicht","Droog",\N,"288335002","Hoge Vuurseweg","Lage Vuursche","Baarn","Utrecht",false,52.201051,5.233231,"injury","2","clear",false,1,"GM0308"
"20220053716",2022,"Letsel",1,"Fiets",\N,"Eenzijdig",\N,\N,\N,"Daglicht",\N,\N,"600741869","Minister van Houtenlaan","Velsen-Zuid","Velsen","Noord-Holland",false,52.457683,4.633531,"injury","2","unknown",false,1,"GM0453"
"20220056534",2022,"Letsel",2,"Personenauto","Fiets","Flank","Bocht",50,"Niet brandend","Daglicht","Droog",\N,"181320034","Raadhuislaan","Voorschoten","Voorschoten","Zuid-Holland",false,52.124932,4.452838,"injury","2","clear",false,1,"GM0626"
"20220066767",2022,"Letsel",2,"Personenauto","e-bike","Flank","Kruispunt, 3 takken",30,"Niet brandend","Daglicht","Droog",\N,\N,"Hoofdstraat","Liessel","Deurne","Noord-Brabant",false,51.413073,5.822082,"injury","2","clear",false,1,"GM0762"
"20220079815",2022,"Letsel",2,"Personenauto","e-bike","Flank","Rotonde",50,"Niet brandend","Daglicht","Droog",\N,\N,"Eykmanlaan","Heemstede","Heemstede","Noord-Holland",false,52.352032,4.611198,"injury","2","clear",false,1,"GM0397"
"20220089450",2022,"Uitsluitend materiele schade",2,"Personenauto","Fiets","Flank","Kruispunt, 4 takken",50,"Niet brandend","Daglicht","Droog",\N,\N,"Ussenstraat","Oss","Oss","Noord-Brabant",false,51.769016,5.501624,"material damage only","4","clear",false,1,"GM0828"