"accident_id","year","severity_raw","party_count","party1_type","party2_type","accident_type","road_situation","speed_limit_kmh","road_lighting","light_condition_label","weather_raw","infra_type","road_segment_id","street_name","place_name","gemeente_name_raw","province","alcohol_indicated","latitude","longitude","severity_label","severity_code","weather_label","built_up_area","cyclists_involved","gemeente_code"
"20220089457",2022,"Uitsluitend materiele schade",2,"Personenauto","Fiets","Flank","Kruispunt, 4 takken",50,"Niet brandend","Daglicht","Droog",\N,\N,"De Run","Veldhoven","Veldhoven","Noord-Brabant",false,51.40843,5.418298,"material damage only","4","clear",false,1,"GM0861"
"20220019940",2022,"Uitsluitend materiele schade",1,"Fiets",\N,"Onbekend","Kruispunt, 3 takken",\N,"Brandend","Duisternis","Regen",\N,\N,"Burgemeester Jamessingel","Gouda","Gouda","Zuid-Holland",false,52.019223,4.693793,"material damage only","4","rain",false,1,"GM0513"
"20220058272",2022,"Letsel",1,"Fiets",\N,"Eenzijdig","Rechte weg",30,"Niet brandend","Daglicht","Droog",\N,"600701192","Cortenhoeve","Bodegraven","Bodegraven-Reeuwijk","Zuid-Holland",false,52.078975,4.747779,"injury","2","clear",false,1,"GM1901"
"20220059413",2022,"Letsel",2,"Personenauto","Fiets","Frontaal","Rechte weg",30,"Brandend","Duisternis","Droog",\N,"169298103","Brasserskade","Delft","Delft","Zuid-Holland",false,52.028317,4.364143,"injury","2","clear",false,1,"GM0503"
"20220060686",2022,"Uitsluitend materiele schade",2,"Snorfiets","Fiets","Flank","Rechte weg",50,"Niet brandend","Daglicht","Regen",\N,"184277034","Bergweg","Rotterdam","Rotterdam","Zuid-Holland",false,51.93511,4.475654,"material damage only","4","rain",false,1,"GM0599"
"20220110038",2022,"Letsel",2,"Fiets","Fiets","Onbekend",\N,80,\N,"Daglicht",\N,\N,"58186003","Walcherseweg","Grijpskerke","Veere","Zeeland",false,51.510413,3.580979,"injury","2","unknown",false,1,"GM0717"
"20220047916",2022,"Uitsluitend materiele schade",3,"Personenauto","e-bike","Onbekend","Rotonde",30,"Niet brandend","Daglicht","Droog",\N,\N,"Quickbornlaan","Epe","Epe","Gelderland",false,52.350881,5.984856,"material damage only","4","clear",false,1,"GM0232"
"20220055328",2022,"Uitsluitend materiele schade",2,"Personenauto","Fiets","Onbekend","Rotonde",50,"Niet brandend","Daglicht","Droog",\N,\N,"Slotermeerlaan","Amsterdam","Amsterdam","Noord-Holland",false,52.376139,4.819112,"material damage only","4","clear",false,1,"GM0363"
"20220112469",2022,"Uitsluitend materiele schade",2,"Fiets","Fiets","Frontaal","Rechte weg",30,"Niet brandend","Daglicht","Regen",\N,"600606642","FIETSPAD","Rosmalen","'s-Hertogenbosch","Noord-Brabant",false,51.710512,5.3549,"material damage only","4","rain",false,1,"GM0796"
"20220017011",2022,"Uitsluitend materiele schade",2,"e-bike","Fiets","Onbekend","Rechte weg",60,"Niet brandend","Daglicht","Droog",\N,"600482838","Kasteelweg","De Lier","Westland","Zuid-Holland",false,51.986561,4.251159,"material damage only","4","clear",false,1,"GM1783"
"20220059541",2022,"Letsel",2,"Bestelauto","Fiets","Flank","Kruispunt, 4 takken",30,"Niet brandend","Daglicht","Droog",\N,\N,"Lübeckstraat","'s-Gravenhage","'s-Gravenhage","Zuid-Holland",false,52.084593,4.276292,"injury","2","clear",false,1,"GM0518"
"20220078019",2022,"Letsel",1,"Fiets",\N,"Eenzijdig","Rechte weg",\N,"Brandend","Duisternis","Droog",\N,"600782611","Tsjaikowskypad","Almere","Almere","Flevoland",false,52.369888,5.204133,"injury","2","clear",false,1,"GM0034"
"20220081038",2022,"Uitsluitend materiele schade",2,"Fiets","Snorfiets","Flank","Rechte weg",30,"Brandend","Duisternis","Droog",\N,"600760438","Postjeskade","Amsterdam","Amsterdam","Noord-Holland",false,52.363566,4.854634,"material damage only","4","clear",false,1,"GM0363"
"20220081043",2022,"Uitsluitend materiele schade",2,"Fiets","Personenauto","Flank","Kruispunt, 3 takken",50,"Niet brandend","Daglicht","Regen",\N,\N,"Beneluxbaan","Amstelveen","Amstelveen","Noord-Holland",false,52.30337,4.870759,"material damage only","4","rain",false,1,"GM0362"
"20220113824",2022,"Uitsluitend materiele schade",2,"Bromfiets","Fiets","Flank","Kruispunt, 3 takken",30,"Niet brandend","Daglicht","Droog",\N,\N,"Sloterbeekstraat","Venlo","Venlo","Limburg",false,51.366687,6.166972,"material damage only","4","clear",false,1,"GM0983"
"20220113977",2022,"Uitsluitend materiele schade",2,"Fiets","Bromfiets","Kop/staart","Rechte weg",50,"Niet brandend","Daglicht","Droog",\N,"395110051","Koninginnelaan","Roermond","Roermond","Limburg",false,51.184331,5.998134,"material damage only","4","clear",false,1,"GM0957"
"20220046823",2022,"Letsel",1,"Fiets",\N,"Eenzijdig","Rechte weg",50,"Niet brandend","Daglicht","Droog",\N,"600703402","Zwartewaterweg","Hasselt","Zwartewaterland","Overijssel",false,52.592711,6.087797,"injury","2","clear",false,1,"GM1896"
"20220084013",2022,"Letsel",1,"Fiets",\N,"Eenzijdig","Rechte weg",30,"Niet brandend","Daglicht","Droog",\N,"155307025","Mient","'s-Gravenhage","'s-Gravenhage","Zuid-Holland",false,52.067696,4.259618,"injury","2","clear",false,1,"GM0518"
"20220104911",2022,"Letsel",2,"Personenauto","Fiets","Frontaal","Kruispunt, 4 takken",50,"Niet brandend","Daglicht",\N,\N,\N,"Abraham Crijnssenstraat","Leiden","Leiden","Zuid-Holland",false,52.169578,4.509933,"injury","2","unknown",false,1,"GM0546"
"20220104979",2022,"Letsel",2,"Personenauto","Fiets","Flank","Rechte weg",50,"Niet brandend","Daglicht","Droog",\N,"199334011","Oud Adeselaan","Rijpwetering","Kaag en Braassem","Zuid-Holland",false,52.192728,4.579679,"injury","2","clear",false,1,"GM1884"
"20220105883",2022,"Letsel",2,"Bromfiets","Fiets","Kop/staart","Rechte weg",50,"Niet brandend","Daglicht","Droog",\N,"160301016","Schaapweg","Rijswijk","Rijswijk","Zuid-Holland",false,52.037506,4.300926,"injury","2","clear",false,1,\N
"20220036064",2022,"Letsel",2,"Fiets","Voetganger","Voetganger","Rechte weg",\N,"Brandend","Duisternis","Droog",\N,\N,"D.J. den Hartoglaan","Diemen","Diemen","Noord-Holland",false,52.341591,4.963851,"injury","2","clear",false,1,"GM0384"
"20220040048",2022,"Letsel",2,"Fiets","Bestelauto","Flank","Kruispunt, 4 takken",50,"Niet brandend","Daglicht",\N,\N,\N,"Bloemsingel","Groningen","Groningen","Groningen",false,53.226206,6.561995,"injury","2","unknown",false,1,"GM0014"
"20220072012",2022,"Letsel",1,"e-bike",\N,"Eenzijdig","Rechte weg",60,"Niet brandend","Daglicht","Droog",\N,"495548001","Kalkwijk","Hoogezand","Midden-Groningen","Groningen",false,53.138409,6.781881,"injury","2","clear",false,1,"GM1952"
"20220083150",2022,"Letsel",2,"Personenauto","e-bike","Flank","Kruispunt, 3 takken",30,"Niet brandend","Daglicht","Droog",\N,\N,"Pleinstraat","Bergambacht","Krimpenerwaard","Zuid-Holland",false,51.935523,4.783128,"injury","2","clear",false,1,"GM1931"
"20220083155",2022,"Letsel",1,"Fiets",\N,"Eenzijdig","Rechte weg",\N,"Niet brandend","Daglicht","Droog","Brug/viaduct","600933472","FIETSPAD","Voorschoten","Voorschoten","Zuid-Holland",false,52.146444,4.465026,"injury","2","clear",false,1,"GM0626"
"20220095884",2022,"Uitsluitend materiele schade",2,"Personenauto","Fiets","Onbekend","Rechte weg",30,"Niet brandend","Daglicht","Regen",\N,"398379057","Molenkampweg","Heerde","Heerde","Gelderland",false,52.393029,6.038669,"material damage only","4","rain",false,1,"GM0246"
"20220010173",2022,"Uitsluitend materiele schade",3,"Fiets","Personenauto","Onbekend","Rechte weg",50,"Niet brandend","Daglicht","Droog",\N,\N,"Steinhagenseweg","Woerden","Woerden","Utrecht",false,52.080363,4.8987,"material damage only","4","clear",false,1,"GM0632"
"20220036187",2022,"Letsel",2,"Personenauto","Fiets","Kop/staart","Kruispunt, 4 takken",50,"Niet brandend","Daglicht","Droog",\N,\N,"Roldestraat","'s-Gravenhage","'s-Gravenhage","Zuid-Holland",false,52.051962,4.267023,"injury","2","clear",false,1,"GM0518"
"20220057193",2022,"Uitsluitend materiele schade",2,"Bromfiets","e-bike","Frontaal","Bocht",50,"Niet aanwezig","Daglicht","Droog",\N,"600716932","Viaductweg","'s-Gravenhage","'s-Gravenhage","Zuid-Holland",false,52.05865,4.307554,"material damage only","4","clear",false,1,"GM0518"
"20220085466",2022,"Letsel",2,"Personenauto","Fiets","Flank","Kruispunt, 3 takken",50,"Niet brandend","Daglicht","Droog",\N,\N,"Develweg","Zwijndrecht","Zwijndrecht","Zuid-Holland",false,51.815217,4.622489,"injury","2","clear",false,1,"GM0642"
"20220107209",2022,"Uitsluitend materiele schade",2,"Personenauto","Fiets","Flank","Rechte weg",30,"Niet brandend","Daglicht","Droog","Brug/viaduct","242270011","Noordzijde","Goudriaan","Molenlanden","Zuid-Holland",false,51.908551,4.909581,"material damage only","4","clear",false,1,"GM1978"
"20220095979",2022,"Uitsluitend materiele schade",2,"Fiets","Bestelauto","Onbekend","Rotonde",50,"Niet brandend","Daglicht","Droog",\N,\N,"Jan Th. Tooroplaan","Ede","Ede","Gelderland",false,52.024756,5.659834,"material damage only","4","clear",false,1,"GM0228"
"20220096650",2022,"Letsel",1,"Fiets",\N,"Eenzijdig","Rechte weg",\N,"Brandend","Duisternis","Droog",\N,"411399004","Sekdoornsedijk","Zwolle","Zwolle","Overijssel",false,52.483064,6.133276,"injury","2","clear",false,1,"GM0193"
"20220097477",2022,"Uitsluitend materiele schade",2,"Personenauto","Fiets","Flank","Kruispunt, 4 takken",30,"Niet brandend","Daglicht","Droog",\N,\N,"Werkerlaan","Zwolle","Zwolle","Overijssel",false,52.534581,6.057899,"material damage only","4","clear",false,1,"GM0193"
"20220020700",2022,"Letsel",2,"Personenauto","Fiets","Flank","Rotonde",50,"Brandend","Schemer",\N,\N,\N,"Dierenselaan","'s-Gravenhage","'s-Gravenhage","Zuid-Holland",false,52.067133,4.286601,"injury","2","unknown",false,1,"GM0518"
"20220036489",2022,"Letsel",2,"Fiets","Fiets","Onbekend","Kruispunt, 3 takken",\N,"Niet brandend","Daglicht","Droog",\N,\N,"Vrouwjuttenland","Delft","Delft","Zuid-Holland",false,52.013379,4.358821,"injury","2","clear",false,1,"GM0503"
"20220045626",2022,"Uitsluitend materiele schade",2,"Personenauto","Fiets","Flank","Rechte weg",30,"Niet brandend","Daglicht","Droog",\N,"369255035","Dennenstraat","Nijmegen","Nijmegen","Gelderland",false,51.835929,5.820349,"material damage only","4","clear",false,1,"GM0268"
"20220064319",2022,"Uitsluitend materiele schade",2,"Personenauto","Fiets","Flank","Kruispunt, 4 takken",50,"Brandend","Duisternis","Droog",\N,\N,"Wandelboslaan","Tilburg","Tilburg","Noord-Brabant",false,51.566294,5.065412,"material damage only","4","clear",false,1,"GM0855"
"20220083373",2022,"Letsel",1,"Fiets",\N,"Eenzijdig",\N,15,\N,"Daglicht",\N,\N,"600731482","Wingerdpark","Zoetermeer","Zoetermeer","Zuid-Holland",false,52.064356,4.509423,"injury","2","unknown",false,1,"GM0637"
"20220094978",2022,"Letsel",2,"Bestelauto","Fiets","Onbekend","Rechte weg",50,"Niet brandend","Daglicht","Droog",\N,\N,"Almelosestraat","Wierden","Wierden","Overijssel",false,52.354863,6.607147,"injury","2","clear",false,1,"GM0189"
"20220096828",2022,"Letsel",2,"Personenauto","Fiets","Eenzijdig","Kruispunt, 3 takken",\N,"Niet brandend","Daglicht","Droog",\N,\N,"Agnietenstraat","Arnhem","Arnhem","Gelderland",false,51.98844,5.915194,"injury","2","clear",false,1,"GM0202"
"20220014572",2022,"Uitsluitend materiele schade",2,"Personenauto","Fiets","Onbekend","Rechte weg",50,"Niet brandend","Daglicht","Droog",\N,"224435010","Tochtwaard","Alkmaar","Alkmaar","Noord-Holland",false,52.642605,4.754266,"material damage only","4","clear",false,1,"GM0361"
"20220014643",2022,"Uitsluitend materiele schade",2,"Personenauto","Fiets","Flank","Rechte weg",50,"Niet brandend","Daglicht","Droog",\N,"600752492","Texelstroomlaan","Den Helder","Den Helder","Noord-Holland",false,52.947986,4.754905,"material damage only","4","clear",false,1,"GM0400"
"20220034550",2022,"Letsel",2,"Personenauto","e-bike","Flank","Rechte weg",30,"Niet brandend","Daglicht","Regen",\N,"342438068","Tuinfluiter","Urk","Urk","Flevoland",false,52.659253,5.630105,"injury","2","rain",false,1,"GM0184"
"20220055754",2022,"Letsel",2,"Personenauto","e-bike","Flank","Kruispunt, 4 takken",30,"Niet brandend","Schemer","Droog",\N,\N,"Czaar Peterstraat","Amsterdam","Amsterdam","Noord-Holland",false,52.371752,4.932122,"injury","2","clear",false,1,"GM0363"
"20220055757",2022,"Letsel",3,"Bestelauto","Fiets","Flank","Rotonde",50,"Niet brandend","Daglicht","Droog",\N,\N,"Baden Powellweg","Amsterdam","Amsterdam","Noord-Holland",false,52.347773,4.79795,"injury","2","clear",false,1,"GM0363"
"20220055758",2022,"Letsel",2,"Motor","Fiets","Flank","Kruispunt, 3 takken",50,"Niet brandend","Daglicht","Droog",\N,\N,"Donker Curtiusstraat","Amsterdam","Amsterdam","Noord-Holland",false,52.379379,4.871894,"injury","2","clear",false,1,"GM0363"
"20220055767",2022,"Uitsluitend materiele schade",2,"Snorfiets","Fiets","Frontaal","Kruispunt, 3 takken",30,"Brandend","Duisternis","Droog","Brug/viaduct",\N,"Diemerzeedijk","Amsterdam","Amsterdam","Noord-Holland",false,52.356804,4.974789,"material damage only","4","clear",false,1,"GM0363"
"20220084237",2022,"Letsel",2,"Fiets","Fiets","Frontaal","Kruispunt, 4 takken",15,"Niet aanwezig","Daglicht",\N,\N,\N,"Waterland","Zoetermeer","Zoetermeer","Zuid-Holland",false,52.051301,4.463748,"injury","2","unknown",false,1,"GM0637"
"20220088426",2022,"Uitsluitend materiele schade",3,"Bestelauto","Fiets","Onbekend","Rechte weg",50,"Niet brandend","Daglicht","Droog",\N,"260218004","van der Duinstraat","Sprang-Capelle","Waalwijk","Noord-Brabant",false,51.668994,5.033671,"material damage only","4","clear",false,1,"GM0867"
"20220096622",2022,"Letsel",2,"Personenauto","e-bike","Flank","Kruispunt, 3 takken",30,"Niet brandend","Daglicht","Droog",\N,\N,"Erasmuslaan","Zwolle","Zwolle","Overijssel",false,52.526722,6.137452,"injury","2","clear",false,1,"GM0193"
"20220018664",2022,"Letsel",2,"Bromfiets","Fiets","Flank","Rechte weg",30,"Brandend","Duisternis","Droog",\N,"600104926","Binnenwatersloot","Delft","Delft","Zuid-Holland",false,52.009797,4.356416,"injury","2","clear",false,1,"GM0503"
"20220058827",2022,"Letsel",2,"Personenauto","Fiets","Flank","Rotonde",50,"Niet aanwezig","Daglicht","Droog",\N,\N,"Sir Winston Churchillln","Rijswijk","Rijswijk","Zuid-Holland",false,52.03125,4.305065,"injury","2","clear",false,1,\N
"20220059870",2022,"Uitsluitend materiele schade",3,"e-bike","Personenauto","Onbekend","Rechte weg",50,"Niet brandend","Daglicht",\N,\N,"208302042","Kerkweg-West","Waddinxveen","Waddinxveen","Zuid-Holland",false,52.04596,4.645596,"material damage only","4","unknown",false,1,"GM0627"
"20220101814",2022,"Letsel",2,"Personenauto","Fiets","Onbekend",\N,50,\N,"Daglicht",\N,\N,"600744657","Rijksstraatweg","Heemskerk","Heemskerk","Noord-Holland",false,52.507233,4.654221,"injury","2","unknown",false,1,"GM0396"
"20220104219",2022,"Letsel",2,"Personenauto","Fiets","Flank","Rechte weg",50,"Niet brandend","Daglicht","Droog",\N,"183304152","Meerzichtlaan","Zoetermeer","Zoetermeer","Zuid-Holland",false,52.054906,4.467431,"injury","2","clear",false,1,"GM0637"
"20220018843",2022,"Letsel",2,"Fiets","Fiets","Onbekend","Rechte weg",50,"Niet brandend","Daglicht","Regen",\N,"153301030","Lozerlaan","'s-Gravenhage","'s-Gravenhage","Zuid-Holland",false,52.039007,4.248739,"injury","2","rain",false,1,"GM0518"
"20220026476",2022,"Letsel",2,"Personenauto","Fiets","Flank","Kruispunt, 4 takken",50,"Niet brandend","Daglicht","Droog",\N,\N,"Horst","Kaatsheuvel","Loon op Zand","Noord-Brabant",false,51.656711,5.052916,"injury","2","clear",false,1,"GM0809"
"20220067863",2022,"Letsel",2,"Personenauto","e-bike","Flank","Rotonde",50,"Niet brandend","Daglicht","Droog",\N,\N,"Kwartierenlaan","'s-Hertogenbosch","'s-Hertogenbosch","Noord-Brabant",false,51.726205,5.305621,"injury","2","clear",false,1,"GM0796"
"20220105541",2022,"Letsel",3,"Vrachtauto","Fiets","Los voorwerp","Rechte weg",15,"Niet brandend","Daglicht","Droog",\N,"600214552","Noordeinde","'s-Gravenhage","'s-Gravenhage","Zuid-Holland",false,52.081813,4.306342,"injury","2","clear",false,1,"GM0518"
"20220075319",2022,"Letsel",2,"Personenauto","Fiets","Flank","Kruispunt, 3 takken",30,"Niet brandend","Daglicht","Droog",\N,\N,"Tichelaarsdonk","Apeldoorn","Apeldoorn","Gelderland",false,52.200827,6.00127,"injury","2","clear",false,1,"GM0200"
"20220026640",2022,"Uitsluitend materiele schade",2,"Personenauto","Fiets","Onbekend","Kruispunt, 3 takken",30,"Niet brandend","Daglicht","Regen",\N,\N,"Verdiplein","Tilburg","Tilburg","Noord-Brabant",false,51.591057,5.079,"material damage only","4","rain",false,1,"GM0855"
"20220044206",2022,"Uitsluitend materiele schade",2,"Fiets","Personenauto","Flank","Kruispunt, 3 takken",50,"Niet brandend","Daglicht","Droog",\N,\N,"Tuunterstraat","Winterswijk","Winterswijk","Gelderland",false,51.97185,6.70649,"material damage only","4","clear",false,1,"GM0294"
"20220054848",2022,"Uitsluitend materiele schade",2,"Personenauto","Fiets","Flank","Kruispunt, 4 takken",50,"Brandend","Duisternis","Droog",\N,\N,"Mauritskade","Amsterdam","Amsterdam","Noord-Holland",false,52.360013,4.908413,"material damage only","4","clear",false,1,"GM0363"
"20220087159",2022,"Letsel",3,"Personenauto","Fiets","Onbekend","Rotonde",50,"Niet brandend","Daglicht","Regen",\N,\N,"Huijbergseweg","Roosendaal","Roosendaal","Noord-Brabant",false,51.507303,4.416303,"injury","2","rain",false,1,"GM1674"
"20220106530",2022,"Letsel",2,"Personenauto","Fiets","Flank","Rechte weg",50,"Niet brandend","Daglicht","Droog",\N,"213248022","Reeweg Oost","Dordrecht","Dordrecht","Zuid-Holland",false,51.80688,4.684431,"injury","2","clear",false,1,"GM0505"
"20220107268",2022,"Uitsluitend materiele schade",2,"Personenauto","e-bike","Flank","Kruispunt, 3 takken",50,"Niet brandend","Daglicht","Droog",\N,\N,"Karekietlaan","Rotterdam","Rotterdam","Zuid-Holland",false,51.963177,4.496511,"material damage only","4","clear",false,1,"GM0599"
"20220059146",2022,"Letsel",2,"Fiets","Fiets","Onbekend","Rechte weg",30,"Niet brandend","Daglicht",\N,\N,"600203346","De Sitterlaan","Leiden","Leiden","Zuid-Holland",false,52.14737,4.49594,"injury","2","unknown",false,1,"GM0546"
"20220061886",2022,"Letsel",2,"Fiets","Bromfiets","Flank","Kruispunt, 4 takken",30,"Niet brandend","Daglicht","Droog",\N,\N,"Rotterdamsedijk","Schiedam","Schiedam","Zuid-Holland",false,51.914331,4.408986,"injury","2","clear",false,1,"GM0606"
"20220066445",2022,"Uitsluitend materiele schade",2,"Personenauto","Fiets","Flank","Kruispunt, 3 takken",30,"Niet brandend","Daglicht","Droog",\N,\N,"Kloosterdreef","Eindhoven","Eindhoven","Noord-Brabant",false,51.453941,5.470826,"material damage only","4","clear",false,1,"GM0772"
"20220110396",2022,"Uitsluitend materiele schade",2,"Personenauto","Fiets","Frontaal","Kruispunt, 3 takken",50,"Niet brandend","Daglicht","Droog",\N,\N,"Burg Prinsensingel","Roosendaal","Roosendaal","Noord-Brabant",false,51.538094,4.461415,"material damage only","4","clear",false,1,"GM1674"
"20220110578",2022,"Uitsluitend materiele schade",2,"Fiets","Personenauto","Flank","Rechte weg",50,"Brandend","Duisternis","Droog",\N,"600387523","Graaf Engelbertlaan","Breda","Breda","Noord-Brabant",false,51.564515,4.73576,"material damage only","4","clear",false,1,"GM0758"
"20220056230",2022,"Uitsluitend materiele schade",2,"Fiets","Bromfiets","Flank","Rotonde",50,"Niet brandend","Daglicht","Droog",\N,"167294116","Hof van Delftlaan","Delft","Delft","Zuid-Holland",false,52.011312,4.347111,"material damage only","4","clear",false,1,"GM0503"
"20220111492",2022,"Uitsluitend materiele schade",3,"Personenauto","Fiets","Onbekend","Rechte weg",30,"Niet brandend","Daglicht","Droog",\N,"312164088","State","Veldhoven","Veldhoven","Noord-Brabant",false,51.430857,5.406804,"material damage only","4","clear",false,1,"GM0861"
"20220112084",2022,"Uitsluitend materiele schade",2,"Personenauto","Fiets","Flank","Rechte weg",50,"Niet brandend","Daglicht","Droog",\N,\N,"Floralaan West","Eindhoven","Eindhoven","Noord-Brabant",false,51.416411,5.485122,"material damage only","4","clear",false,1,"GM0772"
"20220113394",2022,"Uitsluitend materiele schade",2,"Personenauto","Fiets","Flank","Rechte weg",50,"Niet brandend","Daglicht","Droog",\N,"600840757","Akerstraat-Noord","Heerlen","Heerlen","Limburg",false,50.922766,5.944841,"material damage only","4","clear",false,1,"GM0917"
"20220074129",2022,"Letsel",3,"Fiets","Fiets","Onbekend","Rechte weg",50,"Brandend","Duisternis","Droog",\N,"600394709","Koningsplein","Enschede","Enschede","Overijssel",false,52.217724,6.894179,"injury","2","clear",false,1,"GM0153"
"20220075178",2022,"Uitsluitend materiele schade",2,"Personenauto","Fiets","Flank","Rotonde",50,"Niet brandend","Daglicht","Droog",\N,\N,"Broekheurne-ring","Enschede","Enschede","Overijssel",false,52.191926,6.866451,"material damage only","4","clear",false,1,"GM0153"
"20220075189",2022,"Letsel",2,"Personenauto","Fiets","Onbekend","Kruispunt, 4 takken",50,"Niet brandend","Daglicht","Droog",\N,\N,"Hoefsestraat","Wijchen","Wijchen","Gelderland",false,51.816163,5.735907,"injury","2","clear",false,1,"GM0296"
"20220075982",2022,"Uitsluitend materiele schade",2,"Personenauto","Fiets","Flank","Kruispunt, 4 takken",50,"Niet brandend","Daglicht","Droog",\N,\N,"Wiekslagen","Almelo","Almelo","Overijssel",false,52.335803,6.647926,"material damage only","4","clear",false,1,"GM0141"
"20220037188",2022,"Uitsluitend materiele schade",2,"Personenauto","Fiets","Flank","Kruispunt, 4 takken",\N,"Niet brandend","Daglicht","Droog",\N,\N,"Limastraat","'s-Gravenhage","'s-Gravenhage","Zuid-Holland",false,52.031332,4.286695,"material damage only","4","clear",false,1,"GM0518"
"20220039133",2022,"Uitsluitend materiele schade",2,"e-bike","Personenauto","Flank","Kruispunt, 4 takken",50,"Niet brandend","Daglicht","Droog",\N,\N,"Hoogstraat","Heesch","Bernheze","Noord-Brabant",false,51.73533,5.535589,"material damage only","4","clear",false,1,"GM1721"
"20230002614",2023,"Letsel",2,"Personenauto","Fiets","Flank","Rotonde",50,"Brandend","Schemer","Regen",\N,\N,"Guisweg","Koog aan de Zaan","Zaanstad","Noord-Holland",false,52.462432,4.795859,"injury","2","rain",false,1,"GM0479"
"20230002626",2023,"Letsel",2,"Motor","Fiets","Flank","Kruispunt, 4 takken",50,"Niet brandend","Daglicht","Droog",\N,\N,"Havikstraat","Badhoevedorp","Haarlemmermeer","Noord-Holland",false,52.338306,4.784114,"injury","2","clear",false,1,"GM0394"
"20230008246",2023,"Letsel",2,"Personenauto","Fiets","Flank","Rechte weg",30,"Niet aanwezig","Daglicht","Droog",\N,"64182111","Stationsstraat","Middelburg","Middelburg","Zeeland",false,51.496593,3.616945,"injury","2","clear",false,1,\N
"20230016863",2023,"Letsel",1,"Fiets",\N,"Eenzijdig",\N,50,\N,"Duisternis",\N,\N,"600112823","Heemsteedse Dreef","Heemstede","Heemstede","Noord-Holland",false,52.349721,4.624052,"injury","2","unknown",false,1,"GM0397"
"20230001786",2023,"Uitsluitend materiele schade",2,"Personenauto","e-bike","Flank","Kruispunt, 3 takken",50,"Niet brandend","Daglicht","Droog",\N,\N,"Sperwerlaan","Bilthoven","De Bilt","Utrecht",false,52.132478,5.216618,"material damage only","4","clear",false,1,"GM0310"
"20230000396",2023,"Uitsluitend materiele schade",2,"Bromfiets","Fiets","Flank","Rechte weg",30,"Niet brandend","Daglicht","Droog",\N,"600917739","Graafseweg","Nijmegen","Nijmegen","Gelderland",false,51.836581,5.844999,"material damage only","4","clear",false,1,"GM0268"
"20230001836",2023,"Uitsluitend materiele schade",2,"Personenauto","Fiets","Geparkeerd voertuig","Rechte weg",50,"Brandend","Schemer","Droog",\N,"268312093","Laan van Nieuw-Guinea","Utrecht","Utrecht","Utrecht",false,52.092254,5.087935,"material damage only","4","clear",false,1,"GM0344"
"20230011427",2023,"Uitsluitend materiele schade",2,"Personenauto","Fiets","Kop/staart","Rotonde",50,"Niet brandend","Daglicht","Droog",\N,\N,"Plattenburgstraat","Doetinchem","Doetinchem","Gelderland",false,51.96842,6.259536,"material damage only","4","clear",false,1,"GM0222"
"20230002286",2023,"Uitsluitend materiele schade",2,"Personenauto","Fiets","Flank","Rechte weg",50,"Niet brandend","Daglicht","Droog",\N,\N,"De Stroekeld","Rijssen","Rijssen-Holten","Overijssel",false,52.308985,6.502675,"material damage only","4","clear",false,1,"GM1742"
"20230002781",2023,"Letsel",1,"Fiets",\N,"Eenzijdig","Kruispunt, 3 takken",50,"Niet brandend","Daglicht","Droog","Tunnel","600745204","Holmscholenpad","Hoofddorp","Haarlemmermeer","Noord-Holland",false,52.309849,4.6683,"injury","2","clear",false,1,"GM0394"
"20230007334",2023,"Letsel",2,"Personenauto","Fiets","Frontaal","Kruispunt, 3 takken",30,"Niet brandend","Daglicht","Droog",\N,\N,"Schietberg","Liempde","Boxtel","Noord-Brabant",false,51.575773,5.358059,"injury","2","clear",false,1,"GM0757"
"20230063183",2023,"Uitsluitend materiele schade",2,"Fiets","Personenauto","Onbekend",\N,\N,\N,"Daglicht",\N,\N,"49186043","Dorpsstraat","Meliskerke","Veere","Zeeland",false,51.51375,3.51041,"material damage only","4","unknown",false,1,"GM0717"
"20230001506",2023,"Letsel",2,"Bus","Fiets","Flank","Kruispunt, 4 takken",30,"Brandend","Duisternis","Droog",\N,\N,"Emmaplein","Groningen","Groningen","Groningen",false,53.213612,6.56248,"injury","2","clear",false,1,"GM0014"
"20230002851",2023,"Letsel",2,"Personenauto","e-bike","Flank","Kruispunt, 4 takken",30,"Niet brandend","Daglicht","Droog",\N,\N,"Schipholpoort","Haarlem","Haarlem","Noord-Holland",false,52.36864,4.64433,"injury","2","clear",false,1,"GM0392"
"20230009968",2023,"Letsel",2,"Bestelauto","Fiets","Eenzijdig","Rechte weg",50,"Niet brandend","Daglicht","Droog",\N,"600446539","Boterdiep","Groningen","Groningen","Groningen",false,53.222981,6.565844,"injury","2","clear",false,1,"GM0014"
"20230054709",2023,"Dodelijk",2,"Fiets","Fiets","Frontaal","Rechte weg",30,"Niet brandend","Daglicht","Droog",\N,"600506450","Ekkersrijt","Son en Breugel","Son en Breugel","Noord-Brabant",false,51.503757,5.470984,"fatal","1","clear",false,1,"GM0848"
"20230001947",2023,"Letsel",1,"Fiets",\N,"Eenzijdig","Rotonde",30,"Niet brandend","Daglicht","Droog",\N,\N,"Burg van Diepeningenlaan","Barneveld","Barneveld","Gelderland",false,52.126873,5.587575,"injury","2","clear",false,1,"GM0203"
"20230005011",2023,"Letsel",1,"Fiets",\N,"Eenzijdig","Rechte weg",30,"Brandend","Duisternis","Droog",\N,"600978687","Rotterdamseweg","Delft","Delft","Zuid-Holland",false,51.999325,4.368536,"injury","2","clear",false,1,"GM0503"
"20230039226",2023,"Letsel",1,"Fiets",\N,"Eenzijdig",\N,\N,\N,"Daglicht",\N,\N,"600731114","Veerpolder","Warmond","Teylingen","Zuid-Holland",false,52.188872,4.497754,"injury","2","unknown",false,1,"GM1525"