"accident_id","year","severity_raw","party_count","party1_type","party2_type","accident_type","road_situation","speed_limit_kmh","road_lighting","light_condition_label","weather_raw","infra_type","road_segment_id","street_name","place_name","gemeente_name_raw","province","alcohol_indicated","latitude","longitude","severity_label","severity_code","weather_label","built_up_area","cyclists_involved","gemeente_code"
"20220218021",2022,"Letsel",2,"Fiets","Fiets","Flank","Rechte weg",50,"Niet brandend","Daglicht","Droog",\N,"175338022","Sluisweg","Katwijk","Katwijk","Zuid-Holland",false,52.206233,4.402279,"injury","2","clear",false,1,"GM0537"
"20220217355",2022,"Letsel",2,"e-bike","Personenauto","Flank","Kruispunt, 4 takken",50,"Niet brandend","Daglicht","Droog","Tunnel",\N,"Waalsdorperweg","'s-Gravenhage","'s-Gravenhage","Zuid-Holland",false,52.104076,4.317509,"injury","2","clear",false,1,"GM0518"
"20220231453",2022,"Letsel",2,"Personenauto","Fiets","Flank","Rotonde",50,"Niet brandend","Daglicht","Droog",\N,\N,"Melchersstraat","Landgraaf","Landgraaf","Limburg",false,50.886762,6.008622,"injury","2","clear",false,1,"GM0882"
"20220202311",2022,"Uitsluitend materiele schade",2,"Personenauto","Fiets","Flank","Kruispunt, 4 takken",30,"Niet brandend","Daglicht","Droog",\N,\N,"Oscarlaan","Almere","Almere","Flevoland",false,52.372606,5.226978,"material damage only","4","clear",false,1,"GM0034"
"20220223590",2022,"Uitsluitend materiele schade",1,"Fiets",\N,"Flank","Kruispunt, 4 takken",50,"Niet brandend","Daglicht","Regen",\N,\N,"Ridderstraat","Oosterhout","Oosterhout","Noord-Brabant",false,51.640886,4.862665,"material damage only","4","rain",false,1,"GM0826"
"20220200390",2022,"Uitsluitend materiele schade",2,"Bestelauto","Fiets","Flank","Rechte weg",50,"Niet brandend","Daglicht","Droog",\N,"484373064","Vriezelaan","Almelo","Almelo","Overijssel",false,52.362989,6.671079,"material damage only","4","clear",false,1,"GM0141"
"20220201035",2022,"Uitsluitend materiele schade",2,"Personenauto","Fiets","Flank","Kruispunt, 4 takken",60,"Niet brandend","Daglicht","Droog",\N,\N,"Waalbandijk","Dodewaard","Neder-Betuwe","Gelderland",false,51.901359,5.686168,"material damage only","4","clear",false,1,"GM1740"
"20220212363",2022,"Letsel",2,"Bestelauto","Fiets","Eenzijdig","Rechte weg",30,"Niet brandend","Daglicht","Regen",\N,"242376047","Haarlemmerstraat","Amsterdam","Amsterdam","Noord-Holland",false,52.380264,4.89199,"injury","2","rain",false,1,"GM0363"
"20220214587",2022,"Letsel",2,"Personenauto","Fiets","Flank","Kruispunt, 4 takken",50,"Niet brandend","Daglicht","Droog",\N,\N,"Churchilllaan","Leiden","Leiden","Zuid-Holland",false,52.139949,4.478533,"injury","2","clear",false,1,"GM0546"
"20220215304",2022,"Letsel",2,"Personenauto","e-bike","Flank","Rotonde",50,"Brandend","Duisternis","Regen",\N,\N,"Herenweg","Noordwijk","Noordwijk","Zuid-Holland",false,52.227654,4.444522,"injury","2","rain",false,1,"GM0575"
"20220220325",2022,"Uitsluitend materiele schade",2,"Personenauto","Fiets","Flank","Rechte weg",50,"Niet brandend","Daglicht","Droog",\N,"600740277","Burgemeester Doumaweg","Zwijndrecht","Zwijndrecht","Zuid-Holland",false,51.813497,4.636364,"material damage only","4","clear",false,1,"GM0642"
"20220226244",2022,"Letsel",2,"Personenauto","e-bike","Flank","Kruispunt, 4 takken",30,"Niet brandend","Daglicht","Droog",\N,\N,"Margrietstraat","Rijsbergen","Zundert","Noord-Brabant",false,51.517822,4.698648,"injury","2","clear",false,1,"GM0879"
"20220201104",2022,"Letsel",2,"Bromfiets","Fiets","Flank","Rechte weg",50,"Niet brandend","Daglicht","Regen",\N,"454319001","Ruurloseweg","Barchem","Lochem","Gelderland",false,52.119589,6.44404,"injury","2","rain",false,1,"GM0262"
"20220204755",2022,"Uitsluitend materiele schade",2,"Personenauto","Fiets","Flank","Rotonde",50,"Brandend","Schemer","Mist",\N,\N,"Molenstraat","Bunschoten-Spakenburg","Bunschoten","Utrecht",false,52.243941,5.374998,"material damage only","4","fog",false,1,"GM0313"
"20220213755",2022,"Letsel",1,"Fiets",\N,"Eenzijdig","Rechte weg",50,"Niet brandend","Duisternis","Droog",\N,"218293039","Sportlaan","Gouda","Gouda","Zuid-Holland",false,52.007417,4.722769,"injury","2","clear",false,1,"GM0513"
"20220213767",2022,"Letsel",2,"Fiets","Fiets","Flank","Rechte weg",\N,"Niet brandend","Daglicht","Droog",\N,"600586479","Waterleliepad","Zoetermeer","Zoetermeer","Zuid-Holland",false,52.065416,4.497917,"injury","2","clear",false,1,"GM0637"
"20220229006",2022,"Letsel",2,"Personenauto","Fiets","Flank","Kruispunt, 4 takken",30,"Niet brandend","Daglicht","Droog",\N,\N,"Straakvense Bosdijk","Helmond","Helmond","Noord-Brabant",false,51.478816,5.682998,"injury","2","clear",false,1,"GM0794"
"20220205509",2022,"Letsel",1,"e-bike",\N,"Eenzijdig",\N,50,\N,"Daglicht",\N,\N,"600921018","Daalsetunnel","Utrecht","Utrecht","Utrecht",false,52.093913,5.106727,"injury","2","unknown",false,1,"GM0344"
"20220206659",2022,"Letsel",2,"Personenauto","e-bike","Onbekend","Rechte weg",50,"Niet brandend","Daglicht","Droog",\N,"252405009","Van IJsendijkstraat","Purmerend","Purmerend","Noord-Holland",false,52.513396,4.967759,"injury","2","clear",false,1,"GM0439"
"20220210346",2022,"Uitsluitend materiele schade",1,"Fiets",\N,"Flank","Kruispunt, 4 takken",50,"Niet brandend","Daglicht","Droog",\N,\N,"Marathonlaan","Amstelveen","Amstelveen","Noord-Holland",false,52.301526,4.882643,"material damage only","4","clear",false,1,"GM0362"
"20220214651",2022,"Letsel",1,"Fiets",\N,"Eenzijdig",\N,50,\N,"Daglicht",\N,\N,"158311050","Koningin Emmakade","'s-Gravenhage","'s-Gravenhage","Zuid-Holland",false,52.084768,4.283203,"injury","2","unknown",false,1,"GM0518"
"20220225523",2022,"Uitsluitend materiele schade",2,"Personenauto","Fiets","Flank","Kruispunt, 4 takken",50,"Niet brandend","Daglicht","Droog",\N,\N,"Spoorlaan","Tilburg","Tilburg","Noord-Brabant",false,51.559499,5.091249,"material damage only","4","clear",false,1,"GM0855"
"20220206752",2022,"Letsel",2,"Personenauto","Fiets","Flank","Kruispunt, 4 takken",30,"Niet brandend","Daglicht","Droog",\N,\N,"Concordiastraat","Velsen-Noord","Velsen","Noord-Holland",false,52.470005,4.635595,"injury","2","clear",false,1,"GM0453"
"20220209217",2022,"Letsel",2,"Bestelauto","Fiets","Eenzijdig","Kruispunt, 4 takken",50,"Niet brandend","Daglicht","Droog",\N,\N,"Van Osweg","Purmerend","Purmerend","Noord-Holland",false,52.508629,4.984535,"injury","2","clear",false,1,"GM0439"
"20220212741",2022,"Uitsluitend materiele schade",1,"Fiets",\N,"Eenzijdig","Bocht",50,"Brandend","Duisternis","Droog",\N,"159309014","Newtonstraat","'s-Gravenhage","'s-Gravenhage","Zuid-Holland",false,52.076898,4.286644,"material damage only","4","clear",false,1,"GM0518"
"20220217551",2022,"Letsel",2,"e-bike","Fiets","Onbekend","Rechte weg",30,"Brandend","Duisternis","Droog",\N,"188330012","Flevoweg","Leiden","Leiden","Zuid-Holland",false,52.174834,4.497421,"injury","2","clear",false,1,"GM0546"
"20220225603",2022,"Uitsluitend materiele schade",2,"Vrachtauto","Fiets","Flank","Kruispunt, 3 takken",50,"Niet brandend","Daglicht","Droog",\N,\N,"Nieuwe Donk","Etten-Leur","Etten-Leur","Noord-Brabant",false,51.560897,4.608423,"material damage only","4","clear",false,1,"GM0777"
"20220227534",2022,"Uitsluitend materiele schade",1,"Fiets",\N,"Flank","Rotonde",70,"Brandend","Duisternis","Droog",\N,\N,"Heerbaan","Veldhoven","Veldhoven","Noord-Brabant",false,51.421664,5.392603,"material damage only","4","clear",false,1,"GM0861"
"20220207683",2022,"Letsel",2,"e-bike","Overig vast object","Vast voorwerp",\N,30,\N,"Daglicht",\N,\N,"223429013","Melis Stokelaan","Alkmaar","Alkmaar","Noord-Holland",false,52.617775,4.750362,"injury","2","unknown",false,1,"GM0361"
"20220211193",2022,"Letsel",2,"Personenauto","Fiets","Flank","Kruispunt, 3 takken",50,"Niet brandend","Daglicht","Droog",\N,\N,"Den Brielstraat","Amsterdam","Amsterdam","Noord-Holland",false,52.384951,4.858557,"injury","2","clear",false,1,"GM0363"
"20220224768",2022,"Letsel",2,"Bromfiets","Fiets","Frontaal","Kruispunt, 3 takken",\N,"Brandend","Duisternis","Regen","Tunnel",\N,"Emerpad","Breda","Breda","Noord-Brabant",false,51.605294,4.747471,"injury","2","rain",false,1,"GM0758"
"20220225652",2022,"Uitsluitend materiele schade",2,"Personenauto","Fiets","Flank","Kruispunt, 4 takken",30,"Niet aanwezig","Daglicht","Droog",\N,\N,"Noordzijde Zoom","Bergen op Zoom","Bergen op Zoom","Noord-Brabant",false,51.499932,4.281143,"material damage only","4","clear",false,1,"GM0748"
"20220228408",2022,"Uitsluitend materiele schade",2,"Personenauto","Fiets","Onbekend","Kruispunt, 3 takken",50,"Niet brandend","Daglicht","Droog",\N,\N,"Weerdskampweg","'s-Hertogenbosch","'s-Hertogenbosch","Noord-Brabant",false,51.703415,5.270664,"material damage only","4","clear",false,1,"GM0796"
"20220230997",2022,"Letsel",2,"e-bike","Bestelauto","Eenzijdig","Rotonde",50,"Niet brandend","Daglicht","Droog",\N,\N,"Ariënsstraat","Venlo","Venlo","Limburg",true,51.350811,6.151891,"injury","2","clear",false,1,"GM0983"
"20220133292",2022,"Dodelijk",2,"Personenauto","e-bike","Flank","Kruispunt, 3 takken",50,"Niet brandend","Daglicht","Droog",\N,\N,"Kiosk","Venray","Venray","Limburg",false,51.523765,5.991402,"fatal","1","clear",false,1,"GM0984"
"20220210524",2022,"Uitsluitend materiele schade",2,"Personenauto","Fiets","Onbekend","Rechte weg",50,"Brandend","Duisternis","Droog","Brug/viaduct","600760460","Admiraal De Ruijterweg","Amsterdam","Amsterdam","Noord-Holland",false,52.374714,4.858486,"material damage only","4","clear",false,1,"GM0363"
"20220220581",2022,"Letsel",2,"Fiets","Fiets","Geparkeerd voertuig","Rechte weg",50,"Brandend","Schemer","Droog","Parkeervoorziening","191275034","'s-Gravenweg","Rotterdam","Rotterdam","Zuid-Holland",false,51.923295,4.523062,"injury","2","clear",false,1,"GM0599"
"20220221977",2022,"Uitsluitend materiele schade",2,"Motor","Fiets","Flank","Kruispunt, 4 takken",50,"Niet brandend","Daglicht","Droog",\N,\N,"Hoofdweg","Rotterdam","Rotterdam","Zuid-Holland",false,51.944962,4.527732,"material damage only","4","clear",false,1,"GM0599"
"20220203525",2022,"Uitsluitend materiele schade",2,"Fiets","Bromfiets","Flank","Kruispunt, 3 takken",30,"Niet brandend","Daglicht","Droog",\N,\N,"Kamp 13","Lelystad","Lelystad","Flevoland",false,52.501727,5.481925,"material damage only","4","clear",false,1,"GM0995"
"20220203536",2022,"Uitsluitend materiele schade",2,"Bromfiets","Fiets","Flank","Kruispunt, 4 takken",30,"Brandend","Duisternis","Droog",\N,\N,"Het Rond","Houten","Houten","Utrecht",false,52.035114,5.170424,"material damage only","4","clear",false,1,"GM0321"
"20220207781",2022,"Uitsluitend materiele schade",2,"Personenauto","Fiets","Flank","Kruispunt, 4 takken",30,"Niet brandend","Daglicht","Droog",\N,\N,"Joost v d Vondelstraat","Volendam","Edam-Volendam","Noord-Holland",false,52.50566,5.065911,"material damage only","4","clear",false,1,"GM0385"
"20220219804",2022,"Letsel",2,"Personenauto","Fiets","Voetganger","Rechte weg",30,"Niet brandend","Daglicht","Droog",\N,"166277069","Amalia van Solmslaan","Vlaardingen","Vlaardingen","Zuid-Holland",false,51.930031,4.347864,"injury","2","clear",false,1,"GM0622"
"20220231852",2022,"Uitsluitend materiele schade",2,"Bestelauto","Fiets","Flank","Kruispunt, 4 takken",50,"Niet brandend","Daglicht","Droog",\N,\N,"Spaubeekerstraat","Beek","Beek","Limburg",false,50.948627,5.816343,"material damage only","4","clear",false,1,\N
"20220200002",2022,"Letsel",2,"Landbouwvoertuig","Fiets","Flank","Kruispunt, 4 takken",50,"Niet aanwezig","Daglicht","Regen",\N,\N,"Ootmarsumsedijk","Weerselo","Dinkelland","Overijssel",false,52.336159,6.912032,"injury","2","rain",false,1,"GM1774"
"20220211346",2022,"Uitsluitend materiele schade",2,"Personenauto","Fiets","Flank","Rotonde",50,"Brandend","Duisternis","Regen",\N,\N,"Linnaeusstraat","Amsterdam","Amsterdam","Noord-Holland",true,52.363273,4.923405,"material damage only","4","rain",false,1,"GM0363"
"20220212021",2022,"Letsel",2,"Fiets","Personenauto","Flank","Rechte weg",30,"Brandend","Duisternis","Droog",\N,"600611048","Sarphatistraat","Amsterdam","Amsterdam","Noord-Holland",false,52.36691,4.925131,"injury","2","clear",false,1,"GM0363"
"20220215660",2022,"Letsel",2,"Bromfiets","Fiets","Frontaal","Kruispunt, 3 takken",\N,"Brandend","Duisternis","Regen",\N,\N,"'t Hoenstraat","'s-Gravenhage","'s-Gravenhage","Zuid-Holland",false,52.095208,4.308368,"injury","2","rain",false,1,"GM0518"
"20220215671",2022,"Uitsluitend materiele schade",2,"Personenauto","e-bike","Kop/staart","Rechte weg",50,"Niet brandend","Daglicht","Droog",\N,"600456244","Noordeinde","Roelofarendsveen","Kaag en Braassem","Zuid-Holland",false,52.194794,4.628171,"material damage only","4","clear",false,1,"GM1884"
"20220231935",2022,"Letsel",1,"Fiets",\N,"Eenzijdig",\N,80,\N,"Daglicht",\N,\N,"380021003","Landsrade","Gulpen","Gulpen-Wittem","Limburg",false,50.784128,5.884687,"injury","2","unknown",false,1,"GM1729"
"20220201481",2022,"Letsel",2,"Personenauto","Fiets","Flank","Kruispunt, 3 takken",50,"Niet brandend","Daglicht","Droog",\N,\N,"Bachdreef","Harderwijk","Harderwijk","Gelderland",false,52.330175,5.606776,"injury","2","clear",false,1,"GM0243"
"20220207042",2022,"Letsel",2,"Personenauto","Fiets","Flank","Rechte weg",30,"Niet brandend","Daglicht","Droog",\N,"208360043","Baron De Coubertinlaan","Hoofddorp","Haarlemmermeer","Noord-Holland",false,52.306336,4.645817,"injury","2","clear",false,1,"GM0394"
"20220210694",2022,"Letsel",2,"e-bike","Trein/tram","Flank","Kruispunt, 4 takken",50,"Niet brandend","Daglicht","Droog",\N,\N,"Heemstedestraat","Amsterdam","Amsterdam","Noord-Holland",false,52.351435,4.836558,"injury","2","clear",false,1,"GM0363"
"20220213306",2022,"Letsel",1,"Fiets",\N,"Eenzijdig","Kruispunt, 3 takken",30,"Niet brandend","Daglicht","Droog",\N,\N,"Westeinde","'s-Gravenhage","'s-Gravenhage","Zuid-Holland",false,52.076003,4.302587,"injury","2","clear",false,1,"GM0518"
"20220222862",2022,"Letsel",2,"Personenauto","e-bike","Flank","Kruispunt, 3 takken",30,"Niet brandend","Daglicht","Droog",\N,\N,"Prinses Beatrixlaan","Rotterdam","Rotterdam","Zuid-Holland",false,51.926579,4.527943,"injury","2","clear",false,1,"GM0599"
"20220214174",2022,"Letsel",1,"Fiets",\N,"Eenzijdig",\N,50,\N,"Schemer",\N,\N,\N,"Martinus Nijhofflaan","Delft","Delft","Zuid-Holland",false,51.997104,4.354566,"injury","2","unknown",false,1,"GM0503"
"20220206467",2022,"Letsel",1,"Fiets",\N,"Eenzijdig","Rechte weg",\N,"Niet brandend","Schemer","Droog",\N,\N,"Kanaalweg","Warmenhuizen","Schagen","Noord-Holland",false,52.707703,4.718923,"injury","2","clear",false,1,"GM0441"
"20220212158",2022,"Uitsluitend materiele schade",2,"Personenauto","Fiets","Frontaal","Kruispunt, 4 takken",50,"Niet brandend","Daglicht","Droog",\N,\N,"Cornelis Lelylaan","Amsterdam","Amsterdam","Noord-Holland",false,52.356411,4.809379,"material damage only","4","clear",false,1,"GM0363"
"20220216555",2022,"Uitsluitend materiele schade",4,"Personenauto","Fiets","Onbekend","Kruispunt, 4 takken",30,"Niet brandend","Daglicht","Droog",\N,\N,"Stationsstraat","Alphen aan den Rijn","Alphen aan den Rijn","Zuid-Holland",false,52.125514,4.661947,"material damage only","4","clear",false,1,"GM0484"
"20220220127",2022,"Letsel",2,"Personenauto","Fiets","Flank","Kruispunt, 3 takken",30,"Niet brandend","Daglicht","Droog",\N,\N,"Herman Costerstraat","Rotterdam","Rotterdam","Zuid-Holland",false,51.899316,4.497298,"injury","2","clear",false,1,"GM0599"
"20220201599",2022,"Letsel",2,"Personenauto","Fiets","Frontaal","Rechte weg",50,"Niet brandend","Daglicht","Regen",\N,"390271007","Lodderhoeksestraat","Angeren","Lingewaard","Gelderland",false,51.905592,5.973082,"injury","2","rain",false,1,"GM1705"
"20220213544",2022,"Uitsluitend materiele schade",2,"Personenauto","Fiets","Flank","Rechte weg",60,"Niet aanwezig","Daglicht","Droog",\N,"218315019","Spoorlaan","Zwammerdam","Alphen aan den Rijn","Zuid-Holland",true,52.101779,4.718039,"material damage only","4","clear",false,1,"GM0484"
"20220214253",2022,"Letsel",2,"Snorfiets","e-bike","Flank","Kruispunt, 4 takken",50,"Niet brandend","Daglicht","Droog",\N,\N,"Ruishornlaan","Lisse","Lisse","Zuid-Holland",false,52.247245,4.557966,"injury","2","clear",false,1,"GM0553"
"20220215121",2022,"Letsel",3,"Personenauto","Fiets","Frontaal","Kruispunt, 3 takken",30,"Niet aanwezig","Daglicht","Droog",\N,\N,"Rademakerstraat","Leiden","Leiden","Zuid-Holland",false,52.169908,4.476593,"injury","2","clear",false,1,"GM0546"
"20220221586",2022,"Letsel",1,"e-bike",\N,"Eenzijdig","Rechte weg",80,"Niet brandend","Daglicht","Droog",\N,"600725580","Smitsweg","Klaaswaal","Hoeksche Waard","Zuid-Holland",false,51.78742,4.46231,"injury","2","clear",false,1,"GM1963"
"20240141345",2024,"Dodelijk",1,"Fiets",\N,"Flank","Kruispunt, 4 takken",30,"Niet brandend","Daglicht","Droog",\N,\N,"Klaphekweg","Ede","Ede","Gelderland",false,52.032536,5.655982,"fatal","1","clear",false,1,"GM0228"
"20240143190",2024,"Letsel",2,"Fiets","Personenauto","Onbekend","Rechte weg",50,"Brandend","Duisternis","Regen",\N,"159307182","Steijnlaan","'s-Gravenhage","'s-Gravenhage","Zuid-Holland",false,52.068056,4.288376,"injury","2","rain",false,1,"GM0518"
"20240135222",2024,"Letsel",1,"Fiets",\N,"Onbekend",\N,50,\N,"Daglicht",\N,\N,"600261208","NELSON MANDELAPAD","Rotterdam","Rotterdam","Zuid-Holland",false,51.958299,4.567515,"injury","2","unknown",false,1,"GM0599"
"20240134028",2024,"Uitsluitend materiele schade",2,"Fiets","Snorfiets","Flank","Rechte weg",30,"Brandend","Duisternis","Droog",\N,"600402044","Zuideinde","Roelofarendsveen","Kaag en Braassem","Zuid-Holland",false,52.192595,4.627282,"material damage only","4","clear",false,1,"GM1884"
"20240143251",2024,"Letsel",1,"Fiets",\N,"Onbekend","Rechte weg",50,"Niet brandend","Daglicht","Droog",\N,"158309071","Beeklaan","'s-Gravenhage","'s-Gravenhage","Zuid-Holland",false,52.074546,4.280814,"injury","2","clear",false,1,"GM0518"
"20240144401",2024,"Uitsluitend materiele schade",2,"Fiets","Personenauto","Kop/staart","Kruispunt, 4 takken",30,"Niet aanwezig","Daglicht","Droog",\N,\N,"Marcantilaan","Amsterdam","Amsterdam","Noord-Holland",false,52.374052,4.867197,"material damage only","4","clear",false,1,"GM0363"
"20240150095",2024,"Letsel",3,"Bestelauto","Fiets","Onbekend","Kruispunt, 3 takken",60,"Niet brandend","Daglicht","Droog",\N,\N,"Uterwei","Augustinusga","Achtkarspelen","Friesland",false,53.221887,6.175117,"injury","2","clear",false,1,"GM0059"
"20240150356",2024,"Uitsluitend materiele schade",2,"e-bike","Personenauto","Flank","Kruispunt, 3 takken",50,"Niet brandend","Daglicht","Regen",\N,\N,"Büllerlaan","Beverwijk","Beverwijk","Noord-Holland",false,52.494336,4.662415,"material damage only","4","rain",false,1,"GM0375"
"20240134725",2024,"Uitsluitend materiele schade",2,"Personenauto","Fiets","Flank","Kruispunt, 4 takken",50,"Niet brandend","Daglicht","Droog",\N,\N,"Sophiastraat","Breda","Breda","Noord-Brabant",false,51.59181,4.785414,"material damage only","4","clear",false,1,"GM0758"
"20240136623",2024,"Uitsluitend materiele schade",2,"e-bike","Fiets","Flank","Kruispunt, 4 takken",50,"Niet brandend","Daglicht","Droog",\N,\N,"Bethlehemlaan","Eindhoven","Eindhoven","Noord-Brabant",false,51.475951,5.4845,"material damage only","4","clear",false,1,"GM0772"
"20240137251",2024,"Letsel",2,"Personenauto","Fiets","Frontaal","Rechte weg",50,"Niet brandend","Daglicht","Droog",\N,"323165103","Geldropseweg","Eindhoven","Eindhoven","Noord-Brabant",false,51.434349,5.487237,"injury","2","clear",false,1,"GM0772"
"20240138554",2024,"Letsel",2,"Fiets","Personenauto","Flank","Kruispunt, 3 takken",30,"Brandend","Duisternis","Regen",\N,\N,"Grotestraat","Gendringen","Oude IJsselstreek","Gelderland",false,51.872064,6.376008,"injury","2","rain",false,1,"GM1509"
"20240141511",2024,"Letsel",1,"Fiets",\N,"Onbekend","Rechte weg",30,"Brandend","Duisternis","Droog",\N,"263438060","Marskramer","Hoorn","Hoorn","Noord-Holland",false,52.657926,5.04711,"injury","2","clear",false,1,"GM0405"
"20240134189",2024,"Uitsluitend materiele schade",2,"Personenauto","Fiets","Onbekend","Rotonde",30,"Niet brandend","Daglicht","Droog",\N,\N,"Roozenburglaan","Middelburg","Middelburg","Zeeland",false,51.489461,3.632873,"material damage only","4","clear",false,1,\N
"20240137950",2024,"Uitsluitend materiele schade",2,"Fiets","Personenauto","Flank","Rotonde",50,"Niet brandend","Daglicht","Droog",\N,\N,"Baron van Sternbachlaan","Nijverdal","Hellendoorn","Overijssel",false,52.371382,6.478379,"material damage only","4","clear",false,1,"GM0163"
"20240144584",2024,"Uitsluitend materiele schade",2,"Personenauto","Fiets","Flank","Kruispunt, 4 takken",50,"Niet brandend","Daglicht","Droog",\N,\N,"Van Eesterensingel","Alblasserdam","Alblasserdam","Zuid-Holland",false,51.863905,4.662427,"material damage only","4","clear",false,1,"GM0482"
"20240136747",2024,"Dodelijk",2,"Fiets","Fiets","Frontaal","Rechte weg",50,"Niet brandend","Daglicht","Droog",\N,"600498453","FIETSPAD","Heeze","Heeze-Leende","Noord-Brabant",false,51.39166,5.557017,"fatal","1","clear",false,1,"GM1658"
"20240135550",2024,"Uitsluitend materiele schade",2,"Personenauto","Fiets","Kop/staart","Rechte weg",30,"Niet brandend","Daglicht","Droog",\N,"600708738","Stationspark","Goes","Goes","Zeeland",false,51.496729,3.893658,"material damage only","4","clear",false,1,"GM0664"
"20240138057",2024,"Letsel",2,"Fiets","Personenauto","Onbekend","Kruispunt, 4 takken",80,"Niet brandend","Daglicht","Droog",\N,\N,"Meiweg","Kerkdriel","Maasdriel","Gelderland",false,51.787317,5.317644,"injury","2","clear",false,1,"GM0263"
"20240143023",2024,"Letsel",2,"Fiets","Overig vast object","Vast voorwerp","Rechte weg",50,"Brandend","Duisternis","Regen",\N,"208304036","Staringlaan","Waddinxveen","Waddinxveen","Zuid-Holland",false,52.055652,4.6506,"injury","2","rain",false,1,"GM0627"
"20240143524",2024,"Letsel",2,"Personenauto","Fiets","Flank",\N,50,"Niet brandend","Daglicht","Droog",\N,"174308025","Oude Middenweg","'s-Gravenhage","'s-Gravenhage","Zuid-Holland",false,52.071819,4.400349,"injury","2","clear",false,1,"GM0518"
"20240143574",2024,"Letsel",1,"Fiets",\N,"Onbekend",\N,30,\N,"Duisternis",\N,\N,"212320046","Olympiaweg","Alphen aan den Rijn","Alphen aan den Rijn","Zuid-Holland",false,52.12832,4.675344,"injury","2","unknown",false,1,"GM0484"
"20240145719",2024,"Letsel",2,"Personenauto","Fiets","Flank","Kruispunt, 4 takken",50,"Brandend","Duisternis","Regen",\N,\N,"Leekstermeer","Rotterdam","Rotterdam","Zuid-Holland",false,51.967068,4.579291,"injury","2","rain",false,1,"GM0599"
"20240135618",2024,"Letsel",1,"Fiets",\N,"Voetganger","Rechte weg",30,"Niet brandend","Daglicht","Regen",\N,"183273039","Mathenesserlaan","Rotterdam","Rotterdam","Zuid-Holland",false,51.914639,4.466557,"injury","2","rain",false,1,"GM0599"
"20240138213",2024,"Letsel",2,"Fiets","Fiets","Frontaal","Rechte weg",50,"Niet brandend","Daglicht","Droog",\N,"600485544","Parkweg","Enschede","Enschede","Overijssel",false,52.220898,6.876509,"injury","2","clear",false,1,"GM0153"
"20240144187",2024,"Uitsluitend materiele schade",2,"Fiets","Personenauto","Onbekend","Kruispunt, 4 takken",30,"Brandend","Duisternis","Droog",\N,\N,"Bosboom Toussaintstraat","Amsterdam","Amsterdam","Noord-Holland",false,52.36605,4.87773,"material damage only","4","clear",false,1,"GM0363"
"20240146168",2024,"Uitsluitend materiele schade",2,"Bestelauto","Fiets","Onbekend","Rechte weg",50,"Niet aanwezig","Daglicht","Droog",\N,"181345135","van de Mortelstraat","Noordwijk","Noordwijk","Zuid-Holland",false,52.239443,4.451839,"material damage only","4","clear",false,1,"GM0575"
"20240146316",2024,"Letsel",2,"Personenauto","Fiets","Frontaal","Kruispunt, 4 takken",30,"Niet brandend","Daglicht","Droog",\N,\N,"Matiloweg","Leiden","Leiden","Zuid-Holland",false,52.151825,4.520063,"injury","2","clear",false,1,"GM0546"
"20240146850",2024,"Letsel",1,"Fiets",\N,"Onbekend","Rechte weg",30,"Brandend","Schemer","Droog",\N,"600650629","Mellesingel","Uden","Maashorst","Noord-Brabant",false,51.662514,5.635295,"injury","2","clear",false,1,"GM1991"
"20240144252",2024,"Letsel",2,"Fiets","Fiets","Onbekend","Rechte weg",30,"Niet brandend","Daglicht","Harde windstoten",\N,"182321088","Leidseweg","Voorschoten","Voorschoten","Zuid-Holland",false,52.129122,4.452981,"injury","2","unknown",false,1,"GM0626"
"20240146776",2024,"Letsel",2,"Fiets","Personenauto","Flank","Kruispunt, 4 takken",30,\N,"Daglicht","Droog/Mist","Tankstation",\N,"Klokbekerstraat","Maastricht","Maastricht","Limburg",false,50.849232,5.658356,"injury","2","unknown",false,1,"GM0935"
"20240147003",2024,"Letsel",2,"Personenauto","Fiets","Flank","Kruispunt, 3 takken",60,"Brandend","Duisternis","Droog/Mist",\N,\N,"de Fransman","Oirschot","Oirschot","Noord-Brabant",false,51.525295,5.318837,"injury","2","unknown",false,1,"GM0823"
"20240138273",2024,"Letsel",1,"Fiets",\N,"Eenzijdig","Rechte weg",30,"Brandend","Duisternis","Droog",\N,"468563163","Damsterdiep","Groningen","Groningen","Groningen",false,53.217184,6.575577,"injury","2","clear",false,1,"GM0014"
"20240147158",2024,"Uitsluitend materiele schade",2,"Snorfiets","Fiets","Frontaal","Kruispunt, 3 takken",30,"Brandend","Duisternis","Regen/Sneeuw/Hagel",\N,\N,"Bruistensingel","'s-Hertogenbosch","'s-Hertogenbosch","Noord-Brabant",false,51.6997,5.319341,"material damage only","4","unknown",false,1,"GM0796"
"20240149062",2024,"Uitsluitend materiele schade",2,"Fiets","e-bike","Flank","Kruispunt, 3 takken",50,"Niet brandend","Daglicht","Droog",\N,\N,"Laan van Maten","Apeldoorn","Apeldoorn","Gelderland",false,52.201973,5.997151,"material damage only","4","clear",false,1,"GM0200"
"20240001002",2024,"Uitsluitend materiele schade",1,"Fiets",\N,"Onbekend",\N,\N,\N,"Duisternis",\N,\N,"187264039","Schothorst","Rotterdam","Rotterdam","Zuid-Holland",false,51.874997,4.496055,"material damage only","4","unknown",false,1,"GM0599"
"20240151585",2024,"Letsel",2,"Personenauto","Fiets","Flank","Rotonde",50,"Niet brandend","Daglicht","Droog",\N,\N,"Veenderweg","Ede","Ede","Gelderland",false,52.03891,5.650079,"injury","2","clear",false,1,"GM0228"
"20240154205",2024,"Uitsluitend materiele schade",2,"Personenauto","Fiets","Onbekend",\N,\N,\N,"Daglicht",\N,\N,"600720892","Catharinaland","'s-Gravenhage","'s-Gravenhage","Zuid-Holland",false,52.09435,4.366124,"material damage only","4","unknown",false,1,"GM0518"