"accident_id","year","severity_raw","party_count","party1_type","party2_type","accident_type","road_situation","speed_limit_kmh","road_lighting","light_condition_label","weather_raw","infra_type","road_segment_id","street_name","place_name","gemeente_name_raw","province","alcohol_indicated","latitude","longitude","severity_label","severity_code","weather_label","built_up_area","cyclists_involved","gemeente_code"
"20230110479",2023,"Letsel",3,"Personenauto","Fiets","Onbekend","Kruispunt, 4 takken",30,"Niet brandend","Daglicht","Regen",\N,\N,"Van Helmontstraat","Schijndel","Meierijstad","Noord-Brabant",false,51.624593,5.422509,"injury","2","rain",false,1,"GM1948"
"20230112830",2023,"Uitsluitend materiele schade",2,"Fiets","Overig vast object","Vast voorwerp","Rechte weg",30,"Niet brandend","Daglicht","Droog",\N,"186328215","Morsstraat","Leiden","Leiden","Zuid-Holland",false,52.161974,4.483019,"material damage only","4","clear",false,1,"GM0546"
"20240002365",2024,"Uitsluitend materiele schade",2,"Personenauto","Fiets","Onbekend","Kruispunt, 3 takken",30,"Niet brandend","Daglicht","Droog",\N,\N,"Jan Verschurensingel","Velden","Venlo","Limburg",false,51.410058,6.167879,"material damage only","4","clear",false,1,"GM0983"
"20240007504",2024,"Letsel",2,"Bestelauto","Fiets","Onbekend","Kruispunt, 4 takken",50,"Brandend","Duisternis","Regen",\N,\N,"Ophelialaan","Aalsmeer","Aalsmeer","Noord-Holland",false,52.270195,4.767912,"injury","2","rain",false,1,"GM0358"
"20240155153",2024,"Uitsluitend materiele schade",2,"Bromfiets","Fiets","Flank","Kruispunt, 3 takken",30,"Brandend","Duisternis","Droog",\N,\N,"Vroedschapstraat","Gorinchem","Gorinchem","Zuid-Holland",false,51.835438,4.95979,"material damage only","4","clear",false,1,"GM0512"
"20230109324",2023,"Letsel",3,"Bestelauto","Fiets","Flank","Kruispunt, 4 takken",50,"Brandend","Duisternis","Regen",\N,\N,"Oscar Romerolaan","Hilversum","Hilversum","Noord-Holland",false,52.210763,5.144184,"injury","2","rain",false,1,"GM0402"
"20240003218",2024,"Uitsluitend materiele schade",2,"Bestelauto","Fiets","Flank","Kruispunt, 3 takken",60,"Niet brandend","Daglicht","Droog",\N,\N,"Bosschebaan","Heesch","Bernheze","Noord-Brabant",false,51.73225,5.503836,"material damage only","4","clear",false,1,"GM1721"
"20240011900",2024,"Letsel",2,"Personenauto","Fiets","Flank","Kruispunt, 4 takken",50,"Niet brandend","Daglicht","Droog",\N,\N,"Pilotenweg","Emmeloord","Noordoostpolder","Flevoland",false,52.708866,5.723991,"injury","2","clear",false,1,"GM0171"
"20240012479",2024,"Letsel",2,"Personenauto","Fiets","Frontaal","Kruispunt, 3 takken",30,"Brandend","Duisternis","Droog",\N,\N,"Grote Wittenburgerstraat","Amsterdam","Amsterdam","Noord-Holland",false,52.369916,4.918761,"injury","2","clear",false,1,"GM0363"
"20240019247",2024,"Letsel",2,"Bromfiets","Fiets","Flank","Rechte weg",\N,"Niet brandend","Daglicht","Droog",\N,"272306094","'t Goylaan","Utrecht","Utrecht","Utrecht",false,52.066724,5.116207,"injury","2","clear",false,1,"GM0344"
"20230112345",2023,"Uitsluitend materiele schade",2,"Bromfiets","Fiets","Flank","Kruispunt, 4 takken",30,"Niet brandend","Daglicht","Droog",\N,\N,"Ferrandweg","'s-Gravenhage","'s-Gravenhage","Zuid-Holland",false,52.056161,4.312222,"material damage only","4","clear",false,1,"GM0518"
"20240156564",2024,"Uitsluitend materiele schade",2,"Bus","Fiets","Flank","Kruispunt, 3 takken",50,"Niet brandend","Daglicht","Droog",\N,\N,"Laaghamlaan","Breda","Breda","Noord-Brabant",false,51.61022,4.721584,"material damage only","4","clear",false,1,"GM0758"
"20240022175",2024,"Letsel",2,"Personenauto","Fiets","Flank","Rotonde",50,"Niet brandend","Daglicht","Droog",\N,\N,"Groenewoudlaan","Waalwijk","Waalwijk","Noord-Brabant",false,51.679446,5.077033,"injury","2","clear",false,1,"GM0867"
"20240151735",2024,"Letsel",3,"Personenauto","Fiets","Flank","Rechte weg",50,"Brandend","Duisternis","Mist",\N,"501349061","Laan Hart van Zuid","Hengelo","Hengelo (O)","Overijssel",true,52.255103,6.790455,"injury","2","fog",false,1,\N
"20230107613",2023,"Uitsluitend materiele schade",3,"Fiets","Personenauto","Onbekend","Rechte weg",30,"Niet brandend","Daglicht","Droog",\N,"202265042","Oranjestraat","Ridderkerk","Ridderkerk","Zuid-Holland",false,51.879622,4.604316,"material damage only","4","clear",false,1,"GM0597"
"20240001260",2024,"Uitsluitend materiele schade",2,"Personenauto","Fiets","Kop/staart","Rechte weg",30,"Brandend","Duisternis","Droog",\N,"185274093","Meent","Rotterdam","Rotterdam","Zuid-Holland",false,51.922158,4.482579,"material damage only","4","clear",false,1,"GM0599"
"20240001759",2024,"Letsel",2,"Fiets","Personenauto","Flank","Kruispunt, 4 takken",50,"Niet brandend","Schemer","Regen",\N,\N,"Brouwersdijk","Dordrecht","Dordrecht","Zuid-Holland",false,51.799459,4.663038,"injury","2","rain",false,1,"GM0505"
"20240007799",2024,"Uitsluitend materiele schade",2,"Snorfiets","Fiets","Onbekend","Kruispunt, 4 takken",30,"Niet brandend","Daglicht","Regen",\N,\N,"Buziaustraat","Amsterdam","Amsterdam","Noord-Holland",false,52.354293,4.81172,"material damage only","4","rain",false,1,"GM0363"
"20240009335",2024,"Uitsluitend materiele schade",2,"Personenauto","Fiets","Onbekend",\N,100,\N,"Daglicht",\N,\N,\N,"RYKSWG","Drachten","Smallingerland","Friesland",false,53.101054,6.123628,"material damage only","4","unknown",false,1,"GM0090"
"20240152412",2024,"Letsel",2,"Fiets",\N,"Flank","Kruispunt, 4 takken",30,"Niet brandend","Daglicht","Droog",\N,\N,"Keenenburgweg","Schipluiden","Midden-Delfland","Zuid-Holland",false,51.976066,4.317209,"injury","2","clear",false,1,"GM1842"
"20240154357",2024,"Letsel",2,"Personenauto","Fiets","Flank","Kruispunt, 4 takken",50,"Niet brandend","Daglicht","Droog",\N,\N,"IJsselmeer","Zwijndrecht","Zwijndrecht","Zuid-Holland",false,51.822615,4.648777,"injury","2","clear",false,1,"GM0642"
"20230107653",2023,"Uitsluitend materiele schade",2,"Bestelauto","Fiets","Frontaal","Kruispunt, 4 takken",30,"Niet brandend","Daglicht","Regen",\N,\N,"Dokter Slotstraat","Nieuw-Lekkerland","Molenlanden","Zuid-Holland",false,51.888782,4.688783,"material damage only","4","rain",false,1,"GM1978"
"20230110035",2023,"Uitsluitend materiele schade",2,"Fiets","Fiets","Onbekend","Rechte weg",15,"Niet aanwezig","Duisternis","Droog",\N,"357180045","Helmondsestraat","Bakel","Gemert-Bakel","Noord-Brabant",false,51.501308,5.73311,"material damage only","4","clear",false,1,"GM1652"
"20240008178",2024,"Letsel",1,"Fiets",\N,"Flank","Rechte weg",50,"Niet aanwezig","Daglicht","Droog",\N,"163286033","Zuidkade","Schipluiden","Midden-Delfland","Zuid-Holland",false,51.971752,4.322604,"injury","2","clear",false,1,"GM1842"
"20230109463",2023,"Uitsluitend materiele schade",1,"Fiets",\N,"Voetganger","Kruispunt, 3 takken",\N,"Brandend","Duisternis","Droog",\N,\N,"Ringbaan-Oost","Tilburg","Tilburg","Noord-Brabant",false,51.570323,5.096307,"material damage only","4","clear",false,1,"GM0855"
"20240010654",2024,"Letsel",2,"Personenauto","Fiets","Flank","Kruispunt, 4 takken",30,"Niet brandend","Daglicht","Droog",\N,\N,"Kerspellaan","IJsselstein","IJsselstein","Utrecht",false,52.027205,5.033715,"injury","2","clear",false,1,"GM0353"
"20240017650",2024,"Uitsluitend materiele schade",2,"Personenauto","Fiets","Flank","Kruispunt, 4 takken",50,"Brandend","Duisternis","Droog",\N,\N,"Laan van Kortrijk","Almelo","Almelo","Overijssel",false,52.349626,6.677766,"material damage only","4","clear",false,1,"GM0141"
"20230113055",2023,"Letsel",2,"Fiets","Fiets","Onbekend","Rechte weg",30,"Niet brandend","Daglicht","Droog",\N,"238326008","Lange Meentweg","Woerdense Verlaat","Nieuwkoop","Zuid-Holland",false,52.154696,4.867305,"injury","2","clear",false,1,"GM0569"
"20230113069",2023,"Letsel",2,"Fiets","Personenauto","Flank","Kruispunt, 3 takken",50,"Brandend","Schemer","Regen",\N,\N,"Gaardedreef","Zoetermeer","Zoetermeer","Zuid-Holland",false,52.060397,4.514733,"injury","2","rain",false,1,"GM0637"
"20240157310",2024,"Uitsluitend materiele schade",2,"Personenauto","Fiets","Flank","Kruispunt, 4 takken",30,"Niet brandend","Daglicht","Droog",\N,\N,"Nieuwe Kraaijertsedijk","Lewedorp","Borsele","Zeeland",false,51.492338,3.752492,"material damage only","4","clear",false,1,"GM0654"
"20230151537",2023,"Uitsluitend materiele schade",2,"Bus","Fiets","Onbekend","Kruispunt, 3 takken",50,"Niet brandend","Daglicht","Droog",\N,\N,"Orionweg","IJmuiden","Velsen","Noord-Holland",false,52.449571,4.590044,"material damage only","4","clear",false,1,"GM0453"
"20240005813",2024,"Uitsluitend materiele schade",2,"Personenauto","Fiets","Flank","Kruispunt, 4 takken",30,"Niet brandend","Daglicht","Droog",\N,\N,"Vondelstraat","Alkmaar","Alkmaar","Noord-Holland",false,52.626426,4.752707,"material damage only","4","clear",false,1,"GM0361"
"20240021401",2024,"Uitsluitend materiele schade",2,"Personenauto","Fiets","Flank","Kruispunt, 3 takken",30,"Niet brandend","Daglicht","Droog",\N,\N,"Willem Dreeslaan","Zaandijk","Zaanstad","Noord-Holland",false,52.475084,4.810322,"material damage only","4","clear",false,1,"GM0479"
"20240013568",2024,"Letsel",1,"Fiets",\N,"Onbekend","Rechte weg",60,"Niet brandend","Daglicht","Regen",\N,"600759181","Provincialeweg","Heerhugowaard","Dijk en Waard","Noord-Holland",false,52.715008,4.838162,"injury","2","rain",false,1,"GM1980"
"20240155271",2024,"Letsel",2,"Personenauto","Fiets","Flank","Kruispunt, 4 takken",50,"Brandend","Duisternis","Droog",\N,\N,"Vondelweg","Rotterdam","Rotterdam","Zuid-Holland",false,51.927742,4.488411,"injury","2","clear",false,1,"GM0599"
"20240023649",2024,"Letsel",2,"Snorfiets","Fiets","Frontaal","Rechte weg",\N,"Niet brandend","Daglicht","Droog",\N,"600470317","Sluisvlietpad","Krimpen aan de Lek","Krimpenerwaard","Zuid-Holland",false,51.905609,4.610534,"injury","2","clear",false,1,"GM1931"
"20240023829",2024,"Uitsluitend materiele schade",2,"Personenauto","Fiets","Flank","Kruispunt, 4 takken",50,"Niet brandend","Daglicht","Droog",\N,\N,"Kapperdoesweg","Nuenen","Nuenen, Gerwen en Nederwetten","Noord-Brabant",false,51.468639,5.535312,"material damage only","4","clear",false,1,"GM0820"
"20240023842",2024,"Uitsluitend materiele schade",2,"Personenauto","Fiets","Onbekend","Bocht",30,"Niet brandend","Daglicht","Droog",\N,"393112015","Swalmerstraat","Roermond","Roermond","Limburg",false,51.19629,5.986209,"material damage only","4","clear",false,1,"GM0957"
"20240014469",2024,"Letsel",3,"Fiets","Personenauto","Onbekend","Rechte weg",30,"Niet aanwezig","Daglicht",\N,\N,"124135009","Vondelstraat","Hulst","Hulst","Zeeland",false,51.29059,4.056335,"injury","2","unknown",false,1,"GM0677"
"20240023064",2024,"Letsel",2,"Fiets","Fiets","Frontaal","Rechte weg",30,"Brandend","Duisternis","Droog",\N,\N,"Oudedijk","Rotterdam","Rotterdam","Zuid-Holland",false,51.930307,4.502923,"injury","2","clear",false,1,"GM0599"
"20240015386",2024,"Uitsluitend materiele schade",2,"Fiets","Personenauto","Flank","Kruispunt, 4 takken",30,"Niet brandend","Daglicht","Droog",\N,\N,"Hoefstraat","Tilburg","Tilburg","Noord-Brabant",false,51.567412,5.094457,"material damage only","4","clear",false,1,"GM0855"
"20230109681",2023,"Letsel",2,"Personenauto","Fiets","Flank","Rotonde",50,"Niet brandend","Daglicht","Regen",\N,\N,"Geldropsedijk","Nuenen","Nuenen, Gerwen en Nederwetten","Noord-Brabant",false,51.4649,5.541771,"injury","2","rain",false,1,"GM0820"
"20240005890",2024,"Uitsluitend materiele schade",2,"Personenauto","Fiets","Onbekend","Rotonde",50,"Niet brandend","Daglicht","Droog",\N,\N,"Prinses Beatrixplantsoen","Bussum","Gooise Meren","Noord-Holland",false,52.275426,5.174541,"material damage only","4","clear",false,1,"GM1942"
"20240010823",2024,"Uitsluitend materiele schade",2,"Personenauto","Fiets","Onbekend",\N,50,\N,"Duisternis",\N,\N,\N,"Baronieweg","IJsselstein","IJsselstein","Utrecht",false,52.014694,5.049486,"material damage only","4","unknown",false,1,"GM0353"
"20240014394",2024,"Letsel",3,"Bromfiets","Fiets","Los voorwerp","Rechte weg",\N,"Niet brandend","Daglicht","Droog","Tunnel","267198137","Von Weberpad","Tilburg","Tilburg","Noord-Brabant",false,51.58101,5.083589,"injury","2","clear",false,1,"GM0855"
"20240016332",2024,"Uitsluitend materiele schade",1,"Fiets",\N,"Flank","Kruispunt, 4 takken",50,"Brandend","Duisternis","Regen",\N,\N,"Pastoriestraat","Eindhoven","Eindhoven","Noord-Brabant",false,51.453119,5.477215,"material damage only","4","rain",false,1,"GM0772"
"20240016354",2024,"Uitsluitend materiele schade",2,"Bestelauto","e-bike","Flank","Kruispunt, 4 takken",50,"Niet brandend","Daglicht","Droog",\N,\N,"Barrierweg","Eindhoven","Eindhoven","Noord-Brabant",false,51.460429,5.463807,"material damage only","4","clear",false,1,"GM0772"
"20240017045",2024,"Uitsluitend materiele schade",2,"Bestelauto","Fiets","Flank","Kruispunt, 4 takken",50,"Niet brandend","Daglicht","Regen",\N,\N,"Vlijtseweg","Apeldoorn","Apeldoorn","Gelderland",false,52.235082,5.973843,"material damage only","4","rain",false,1,"GM0200"
"20240155467",2024,"Uitsluitend materiele schade",2,"Personenauto","Fiets","Kop/staart","Kruispunt, 3 takken",30,"Niet brandend","Daglicht","Regen",\N,\N,"Opaalstraat","Leiden","Leiden","Zuid-Holland",false,52.157805,4.464744,"material damage only","4","rain",false,1,"GM0546"
"20240014759",2024,"Uitsluitend materiele schade",2,"Personenauto","Fiets","Onbekend","Rechte weg",30,"Niet brandend","Daglicht","Regen",\N,"166272140","Blokmakersplaats","Vlaardingen","Vlaardingen","Zuid-Holland",false,51.909452,4.343389,"material damage only","4","rain",false,1,"GM0622"
"20240018117",2024,"Letsel",2,"Personenauto","Fiets","Frontaal","Kruispunt, 3 takken",50,"Niet brandend","Daglicht","Droog",\N,\N,"Provincialeweg","Heiligerlee","Oldambt","Groningen",false,53.156435,7.00452,"injury","2","clear",false,1,"GM1895"
"20240156971",2024,"Uitsluitend materiele schade",2,"Bromfiets","Fiets","Flank","Kruispunt, 4 takken",50,"Brandend","Duisternis","Regen",\N,\N,"Rompertsebaan","'s-Hertogenbosch","'s-Hertogenbosch","Noord-Brabant",false,51.706917,5.313796,"material damage only","4","rain",false,1,"GM0796"
"20240156981",2024,"Uitsluitend materiele schade",2,"Personenauto","Fiets","Flank","Rotonde",50,"Niet brandend","Daglicht","Droog",\N,\N,"Willem Barentszweg","Heerlen","Heerlen","Limburg",false,50.918476,5.946059,"material damage only","4","clear",false,1,"GM0917"
"20240157586",2024,"Letsel",2,"Fiets","Personenauto","Onbekend","Rechte weg",80,"Niet brandend","Daglicht","Regen",\N,\N,"Putterweg","Ermelo","Ermelo","Gelderland",false,52.275544,5.619161,"injury","2","rain",false,1,"GM0233"
"20240016245",2024,"Letsel",2,"Fiets","Voetganger","Flank","Kruispunt, 3 takken",30,"Niet brandend","Daglicht","Droog",\N,\N,"Frederiklaan","Eindhoven","Eindhoven","Noord-Brabant",false,51.441889,5.457171,"injury","2","clear",false,1,"GM0772"
"20240018451",2024,"Letsel",2,"Fiets","Fiets","Onbekend","Rechte weg",50,"Niet brandend","Daglicht","Droog",\N,"600903161","Foreestpad","Beverwijk","Beverwijk","Noord-Holland",false,52.492729,4.66758,"injury","2","clear",false,1,"GM0375"
"20240019206",2024,"Letsel",2,"Bromfiets","Fiets","Flank","Rechte weg",50,"Niet brandend","Daglicht","Droog",\N,"600690549","Zeestraat","Wijk aan Zee","Beverwijk","Noord-Holland",false,52.490082,4.612154,"injury","2","clear",false,1,"GM0375"
"20240152788",2024,"Uitsluitend materiele schade",2,"Fiets","Snorfiets","Flank","Kruispunt, 4 takken",30,"Brandend","Schemer","Droog",\N,\N,"Amstelveenseweg","Amsterdam","Amsterdam","Noord-Holland",false,52.354879,4.855527,"material damage only","4","clear",false,1,"GM0363"
"20240154754",2024,"Letsel",2,"Personenauto","Fiets","Flank","Kruispunt, 3 takken",50,"Niet brandend","Duisternis","Droog",\N,\N,"Lammenschansweg","Leiden","Leiden","Zuid-Holland",false,52.145093,4.490161,"injury","2","clear",false,1,"GM0546"
"20230113321",2023,"Uitsluitend materiele schade",2,"Snorfiets","Fiets","Flank","Kruispunt, 3 takken",30,"Niet brandend","Daglicht","Droog",\N,\N,"Turfmarkt","Leiden","Leiden","Zuid-Holland",false,52.162195,4.485807,"material damage only","4","clear",false,1,"GM0546"
"20240021661",2024,"Uitsluitend materiele schade",2,\N,"Fiets","Flank","Kruispunt, 4 takken",30,"Niet brandend","Daglicht","Droog",\N,\N,"Grote Markt","Haarlem","Haarlem","Noord-Holland",false,52.381251,4.63491,"material damage only","4","clear",false,1,"GM0392"
"20240000325",2024,"Letsel",2,"Fiets","Fiets","Onbekend",\N,50,\N,"Duisternis",\N,\N,"600772128","Cederpad","Tilburg","Tilburg","Noord-Brabant",false,51.560325,5.062227,"injury","2","unknown",false,1,"GM0855"
"20240152810",2024,"Letsel",2,"Snorfiets","Fiets","Flank","Kruispunt, 4 takken",50,"Niet brandend","Schemer","Droog",\N,\N,"Warande","Beverwijk","Beverwijk","Noord-Holland",false,52.487565,4.643116,"injury","2","clear",false,1,"GM0375"
"20240153477",2024,"Letsel",2,"Personenauto","Fiets","Flank","Kruispunt, 4 takken",50,"Niet brandend","Daglicht","Regen",\N,\N,"Graaf Janstraat","Beverwijk","Beverwijk","Noord-Holland",false,52.482394,4.662377,"injury","2","rain",false,1,"GM0375"
"20240155830",2024,"Letsel",2,"Personenauto","Fiets","Los voorwerp","Rotonde",50,"Niet brandend","Daglicht","Droog",\N,\N,"Sint Franciscusweg","Heerlen","Heerlen","Limburg",false,50.881318,5.987619,"injury","2","clear",false,1,"GM0917"
"20240157687",2024,"Letsel",2,"Personenauto","Fiets","Flank","Kruispunt, 4 takken",30,"Niet brandend","Daglicht","Droog",\N,\N,"Stavangerstraat","'s-Gravenhage","'s-Gravenhage","Zuid-Holland",false,52.032956,4.278684,"injury","2","clear",false,1,"GM0518"
"20240021511",2024,"Letsel",2,"Personenauto","Fiets","Flank","Kruispunt, 4 takken",30,"Brandend","Duisternis","Droog",\N,\N,"Nieuwe Herengracht","Amsterdam","Amsterdam","Noord-Holland",false,52.367539,4.906934,"injury","2","clear",false,1,"GM0363"
"20240021701",2024,"Letsel",3,\N,"Fiets","Kop/staart","Kruispunt, 3 takken",30,"Niet brandend","Daglicht","Droog",\N,\N,"Vierlingsbeeklaan","Amstelveen","Amstelveen","Noord-Holland",false,52.290231,4.833543,"injury","2","clear",false,1,"GM0362"
"20240021724",2024,"Dodelijk",2,"Personenauto","Fiets","Flank","Kruispunt, 4 takken",30,"Niet brandend","Daglicht","Droog",\N,\N,"Ceintuurbaan","Amsterdam","Amsterdam","Noord-Holland",false,52.35325,4.89455,"fatal","1","clear",false,1,"GM0363"
"20240023131",2024,"Letsel",2,"Personenauto","Fiets","Flank","Kruispunt, 4 takken",50,"Niet brandend","Daglicht","Droog",\N,\N,"Cartesiusstraat","'s-Gravenhage","'s-Gravenhage","Zuid-Holland",false,52.070945,4.275585,"injury","2","clear",false,1,"GM0518"
"20240028707",2024,"Uitsluitend materiele schade",2,"Personenauto","Fiets","Flank","Rotonde",50,"Niet brandend","Daglicht","Droog",\N,\N,"Europa-allee","Kampen","Kampen","Overijssel",false,52.556689,5.904564,"material damage only","4","clear",false,1,"GM0166"
"20230033288",2023,"Uitsluitend materiele schade",2,"Fiets",\N,"Onbekend","Kruispunt, 4 takken",30,"Niet brandend","Daglicht",\N,\N,\N,"P.C. Hooftstraat","Breda","Breda","Noord-Brabant",false,51.577412,4.767335,"material damage only","4","unknown",false,1,"GM0758"
"20230034673",2023,"Uitsluitend materiele schade",2,"Trekker met oplegger","Fiets","Onbekend","Kruispunt, 4 takken",80,"Niet brandend","Daglicht","Droog",\N,\N,"Oosterenkweg","Raalte","Raalte","Overijssel",false,52.360255,6.266769,"material damage only","4","clear",false,1,"GM0177"
"20230036088",2023,"Uitsluitend materiele schade",2,"Personenauto","Fiets","Flank","Kruispunt, 4 takken",30,"Niet brandend","Daglicht","Droog",\N,\N,"Torenstraat","Nijkerk","Nijkerk","Gelderland",false,52.22166,5.482838,"material damage only","4","clear",false,1,"GM0267"
"20240030352",2024,"Letsel",2,"Bestelauto","Fiets","Onbekend","Kruispunt, 4 takken",50,"Niet brandend","Daglicht","Regen",\N,\N,"Limastraat","'s-Gravenhage","'s-Gravenhage","Zuid-Holland",false,52.031385,4.286922,"injury","2","rain",false,1,"GM0518"
"20230067494",2023,"Letsel",2,"Bromfiets","Fiets","Flank","Rotonde",50,"Niet brandend","Daglicht","Regen",\N,\N,"Jan Ligthartstraat","Heemskerk","Heemskerk","Noord-Holland",false,52.504886,4.666489,"injury","2","rain",false,1,"GM0396"
"20230021414",2023,"Uitsluitend materiele schade",1,"Fiets",\N,"Eenzijdig","Rechte weg",30,"Niet brandend","Daglicht","Droog",\N,\N,"Klapwijkseweg","Pijnacker","Pijnacker-Nootdorp","Zuid-Holland",false,52.006482,4.44632,"material damage only","4","clear",false,1,"GM1926"
"20230022530",2023,"Letsel",2,"Personenauto","Fiets","Flank","Kruispunt, 3 takken",50,"Niet brandend","Daglicht","Droog",\N,\N,"Koningin Wilhelminaweg","Gouda","Gouda","Zuid-Holland",false,52.007217,4.695654,"injury","2","clear",false,1,"GM0513"
"20230023091",2023,"Letsel",2,"Fiets","Bestelauto","Onbekend","Kruispunt, 4 takken",50,"Niet brandend","Daglicht","Droog",\N,\N,"Starrenburglaan","Voorschoten","Voorschoten","Zuid-Holland",false,52.118448,4.438015,"injury","2","clear",false,1,"GM0626"
"20230023095",2023,"Uitsluitend materiele schade",3,"Personenauto","Fiets","Flank","Kruispunt, 3 takken",30,"Niet brandend","Daglicht","Droog",\N,\N,"Oosterschelde","Zoetermeer","Zoetermeer","Zuid-Holland",false,52.062164,4.541606,"material damage only","4","clear",false,1,"GM0637"
"20230023710",2023,"Uitsluitend materiele schade",2,"Fiets","Fiets","Onbekend","Rechte weg",30,"Niet brandend","Daglicht","Droog",\N,"600715267","Fahrenheitstraat","'s-Gravenhage","'s-Gravenhage","Zuid-Holland",false,52.073002,4.275226,"material damage only","4","clear",false,1,"GM0518"
"20230030049",2023,"Letsel",2,"Fiets","Personenauto","Kop/staart","Rechte weg",60,"Niet brandend","Daglicht","Droog",\N,"200291016","Zuideinde","Zevenhuizen","Zuidplas","Zuid-Holland",false,51.995183,4.593469,"injury","2","clear",false,1,"GM1892"
"20230035150",2023,"Letsel",2,"Personenauto","e-bike","Flank","Kruispunt, 3 takken",60,"Niet aanwezig","Daglicht","Droog",\N,\N,"Goudsbergweg","Lunteren","Ede","Gelderland",false,52.101172,5.640683,"injury","2","clear",false,1,"GM0228"
"20230036156",2023,"Letsel",2,"Personenauto","e-bike","Flank","Kruispunt, 3 takken",50,"Niet brandend","Daglicht","Droog",\N,\N,"Wesselerbrinklaan","Enschede","Enschede","Overijssel",false,52.191203,6.87759,"injury","2","clear",false,1,"GM0153"
"20230066993",2023,"Letsel",1,"Fiets",\N,"Eenzijdig","Bocht",80,"Niet brandend","Daglicht","Droog",\N,"600955624","Biltsestraatweg","Utrecht","Utrecht","Utrecht",false,52.097508,5.151871,"injury","2","clear",false,1,"GM0344"
"20230067003",2023,"Uitsluitend materiele schade",2,"Personenauto","Fiets","Flank","Rotonde",30,"Niet brandend","Daglicht","Droog",\N,\N,"Oderdreef","Utrecht","Utrecht","Utrecht",false,52.116586,5.126462,"material damage only","4","clear",false,1,"GM0344"
"20240030493",2024,"Uitsluitend materiele schade",2,"Personenauto","Fiets","Flank","Kruispunt, 4 takken",30,"Niet brandend","Daglicht","Droog",\N,\N,"Kinkerstraat","Amsterdam","Amsterdam","Noord-Holland",false,52.364826,4.862556,"material damage only","4","clear",false,1,"GM0363"
"20230068796",2023,"Letsel",1,"Fiets",\N,"Eenzijdig","Rechte weg",50,"Niet brandend","Daglicht","Droog",\N,"212247029","Dubbeldamseweg Zuid","Dordrecht","Dordrecht","Zuid-Holland",false,51.802104,4.680191,"injury","2","clear",false,1,"GM0505"
"20230069645",2023,"Uitsluitend materiele schade",2,"Bromfiets","Fiets","Frontaal","Rotonde",50,"Niet brandend","Daglicht","Droog",\N,\N,"Soestdijkseplein","'s-Gravenhage","'s-Gravenhage","Zuid-Holland",false,52.061812,4.282637,"material damage only","4","clear",false,1,"GM0518"
"20230016290",2023,"Uitsluitend materiele schade",2,"Personenauto","Fiets","Flank","Kruispunt, 4 takken",30,"Brandend","Schemer","Droog",\N,\N,"Vaduzdijk","Utrecht","Utrecht","Utrecht",false,52.096588,5.068673,"material damage only","4","clear",false,1,"GM0344"
"20230019173",2023,"Uitsluitend materiele schade",2,"Fiets","Fiets","Flank","Rechte weg",80,"Niet brandend","Daglicht","Droog",\N,"527343004","Glanerbrugstraat","Glane","Losser","Overijssel",false,52.224929,6.978315,"material damage only","4","clear",false,1,"GM0168"
"20230028927",2023,"Letsel",2,"Personenauto","e-bike","Onbekend","Kruispunt, 4 takken",30,"Niet brandend","Daglicht","Droog",\N,\N,"Gruttostraat","Rotterdam","Rotterdam","Zuid-Holland",false,51.88854,4.470217,"injury","2","clear",false,1,"GM0599"
"20230033672",2023,"Uitsluitend materiele schade",2,"Bromfiets","Fiets","Flank","Kruispunt, 3 takken",\N,"Niet brandend","Daglicht","Droog",\N,\N,"Beegderweg","Horn","Maasgouw","Limburg",false,51.203672,5.932322,"material damage only","4","clear",false,1,"GM1641"
"20240029874",2024,"Uitsluitend materiele schade",2,"Personenauto","Fiets","Flank","Rotonde",30,"Niet brandend","Daglicht","Droog",\N,\N,"Pieter Calandlaan","Amsterdam","Amsterdam","Noord-Holland",false,52.356148,4.821619,"material damage only","4","clear",false,1,"GM0363"
"20230069682",2023,"Letsel",2,"Personenauto","Fiets","Flank","Kruispunt, 4 takken",50,"Niet brandend","Daglicht","Droog",\N,\N,"Weena","Rotterdam","Rotterdam","Zuid-Holland",false,51.923397,4.473241,"injury","2","clear",false,1,"GM0599"
"20230074608",2023,"Uitsluitend materiele schade",1,"Fiets",\N,"Frontaal",\N,30,"Niet brandend","Daglicht","Droog",\N,"243372009","Utrechtsestraat","Amsterdam","Amsterdam","Noord-Holland",false,52.361245,4.899305,"material damage only","4","clear",false,1,"GM0363"
"20240025567",2024,"Uitsluitend materiele schade",2,"Personenauto","Fiets","Flank","Rotonde",50,"Niet brandend","Daglicht","Droog",\N,\N,"H r H v Kattendijkewg","Burgum","Tytsjerksteradiel","Friesland",false,53.189189,5.988981,"material damage only","4","clear",false,1,"GM0737"
"20230022059",2023,"Letsel",1,"Fiets",\N,"Eenzijdig","Rechte weg",50,"Brandend","Duisternis","Droog",\N,\N,"Tulpstraat","Katwijk","Katwijk","Zuid-Holland",false,52.188942,4.421373,"injury","2","clear",false,1,"GM0537"
"20230023180",2023,"Letsel",1,"Fiets",\N,"Eenzijdig","Rechte weg",30,"Brandend","Schemer","Droog",\N,"162309126","Grote Marktstraat","'s-Gravenhage","'s-Gravenhage","Zuid-Holland",false,52.077253,4.314188,"injury","2","clear",false,1,"GM0518"
"20240027489",2024,"Uitsluitend materiele schade",2,"Bromfiets","Fiets","Flank","Kruispunt, 4 takken",50,"Niet brandend","Daglicht","Droog",\N,\N,"Hoeksterpoort","Leeuwarden","Leeuwarden","Friesland",false,53.206954,5.802273,"material damage only","4","clear",false,1,"GM0080"