"accident_id","year","severity_raw","party_count","party1_type","party2_type","accident_type","road_situation","speed_limit_kmh","road_lighting","light_condition_label","weather_raw","infra_type","road_segment_id","street_name","place_name","gemeente_name_raw","province","alcohol_indicated","latitude","longitude","severity_label","severity_code","weather_label","built_up_area","cyclists_involved","gemeente_code"
"20240040466",2024,"Letsel",3,"Fiets","Fiets","Flank","Rechte weg",50,"Niet brandend","Daglicht","Droog",\N,"242376103","De Ruijterkade","Amsterdam","Amsterdam","Noord-Holland",false,52.382427,4.895005,"injury","2","clear",false,1,"GM0363"
"20240051460",2024,"Letsel",3,"Fiets",\N,"Dier","Rechte weg",15,"Niet brandend","Daglicht","Droog",\N,"601007110","Westerweg","Heiloo","Heiloo","Noord-Holland",false,52.613586,4.715537,"injury","2","clear",false,1,"GM0399"
"20240080265",2024,"Letsel",1,"Fiets",\N,"Onbekend","Rechte weg",50,"Niet brandend","Daglicht","Droog",\N,"222429065","Vondelstraat","Alkmaar","Alkmaar","Noord-Holland",false,52.617207,4.742196,"injury","2","clear",false,1,"GM0361"
"20240081321",2024,"Letsel",2,"Fiets","Overig vast object","Vast voorwerp","Rechte weg",30,"Niet brandend","Daglicht","Droog",\N,"207276027","Kerkweg","Ouderkerk aan den IJssel","Krimpenerwaard","Zuid-Holland",false,51.931279,4.639953,"injury","2","clear",false,1,"GM1931"
"20240036575",2024,"Uitsluitend materiele schade",2,"Fiets","Personenauto","Flank","Kruispunt, 3 takken",60,"Niet aanwezig","Daglicht","Droog",\N,\N,"Weerselosestraat","Agelo","Dinkelland","Overijssel",false,52.387149,6.865795,"material damage only","4","clear",false,1,"GM1774"
"20240038234",2024,"Letsel",2,"Fiets","Personenauto","Los voorwerp","Rotonde",50,"Niet brandend","Daglicht","Droog",\N,\N,"Ridder Arnoudlaan","Heemskerk","Heemskerk","Noord-Holland",false,52.512662,4.668226,"injury","2","clear",false,1,"GM0396"
"20240040523",2024,"Letsel",1,"Fiets",\N,"Onbekend","Bocht",15,"Niet brandend","Daglicht","Droog",\N,"600537072","Burg Bruins Slotsingel","Alphen aan den Rijn","Alphen aan den Rijn","Zuid-Holland",false,52.144646,4.666344,"injury","2","clear",false,1,"GM0484"
"20240041983",2024,"Letsel",2,"Personenauto","Fiets","Flank","Kruispunt, 4 takken",50,"Niet brandend","Daglicht","Droog",\N,\N,"Mathenesserdijk","Rotterdam","Rotterdam","Zuid-Holland",false,51.915931,4.443135,"injury","2","clear",false,1,"GM0599"
"20240047855",2024,"Uitsluitend materiele schade",2,"Personenauto","Fiets","Frontaal","Rotonde",30,"Niet brandend","Daglicht","Droog",\N,\N,"Vlaak","Urk","Urk","Flevoland",false,52.667559,5.618074,"material damage only","4","clear",false,1,"GM0184"
"20240040592",2024,"Letsel",1,"Fiets",\N,"Kop/staart","Rechte weg",30,"Niet brandend","Daglicht","Droog","Brug/viaduct","601101028","Johan Ringerskade","'s-Gravenhage","'s-Gravenhage","Zuid-Holland",false,52.057771,4.310715,"injury","2","clear",false,1,"GM0518"
"20240041379",2024,"Letsel",2,"Personenauto","Fiets","Frontaal","Kruispunt, 4 takken",30,"Niet brandend","Daglicht","Droog",\N,\N,"Gerrit van Assendelftstr","Heemskerk","Heemskerk","Noord-Holland",false,52.508534,4.675416,"injury","2","clear",false,1,"GM0396"
"20240041399",2024,"Uitsluitend materiele schade",2,"Bromfiets","Fiets","Onbekend","Kruispunt, 4 takken",30,"Niet brandend","Daglicht","Regen",\N,\N,"Jan van Galenstraat","Amsterdam","Amsterdam","Noord-Holland",false,52.375156,4.862883,"material damage only","4","rain",false,1,"GM0363"
"20240033013",2024,"Uitsluitend materiele schade",2,"Fiets","Personenauto","Flank","Kruispunt, 4 takken",30,"Niet brandend","Daglicht","Droog",\N,\N,"Schiedamseweg","Schiedam","Schiedam","Zuid-Holland",false,51.923618,4.3817,"material damage only","4","clear",false,1,"GM0606"
"20240033025",2024,"Letsel",1,"Fiets",\N,"Onbekend",\N,50,\N,"Daglicht",\N,\N,"168293213","Coenderstraat","Delft","Delft","Zuid-Holland",false,52.007249,4.355733,"injury","2","unknown",false,1,"GM0503"
"20240076481",2024,"Uitsluitend materiele schade",2,"Personenauto","Fiets","Flank","Rechte weg",50,"Niet brandend","Daglicht","Droog",\N,"416444041","Rembrandtlaan","Meppel","Meppel","Drenthe",false,52.685895,6.179205,"material damage only","4","clear",false,1,"GM0119"
"20240033684",2024,"Uitsluitend materiele schade",1,"Fiets",\N,"Onbekend",\N,60,\N,"Duisternis",\N,\N,"252175001","Boslust","Alphen","Alphen-Chaam","Noord-Brabant",false,51.480923,4.973241,"material damage only","4","unknown",false,1,"GM1723"
"20240040065",2024,"Letsel",2,"Fiets","Fiets","Flank","Kruispunt, 4 takken",30,"Niet brandend","Daglicht","Droog",\N,\N,"Cruquiusweg","Amsterdam","Amsterdam","Noord-Holland",false,52.368556,4.9459,"injury","2","clear",false,1,"GM0363"
"20240079903",2024,"Letsel",2,"Personenauto","Fiets","Flank","Rechte weg",50,"Niet brandend","Daglicht","Droog",\N,"600980000","Oosterdreef","Nieuw-Vennep","Haarlemmermeer","Noord-Holland",false,52.260763,4.642261,"injury","2","clear",false,1,"GM0394"
"20240079918",2024,"Uitsluitend materiele schade",2,"Bromfiets","Fiets","Onbekend","Rechte weg",\N,"Niet brandend","Daglicht","Droog",\N,"600761219","Zijkanaal H-weg","Amsterdam","Amsterdam","Noord-Holland",false,52.429942,4.863918,"material damage only","4","clear",false,1,"GM0363"
"20240035345",2024,"Letsel",1,"Fiets",\N,"Onbekend","Rechte weg",30,"Niet brandend","Daglicht","Droog",\N,"600395573","Ubbo Emmiusstraat","Groningen","Groningen","Groningen",false,53.214005,6.565548,"injury","2","clear",false,1,"GM0014"
"20240040145",2024,"Letsel",2,"Bestelauto","Fiets","Frontaal","Bocht",30,"Niet brandend","Daglicht","Droog",\N,"187334053","Hagheweide","Warmond","Teylingen","Zuid-Holland",false,52.189065,4.490412,"injury","2","clear",false,1,"GM1525"
"20240042234",2024,"Uitsluitend materiele schade",2,"Fiets","Fiets","Frontaal","Kruispunt, 4 takken",30,"Niet brandend","Daglicht","Droog",\N,\N,"BRUG 32","Tilburg","Tilburg","Noord-Brabant",false,51.579195,5.084565,"material damage only","4","clear",false,1,"GM0855"
"20240047453",2024,"Uitsluitend materiele schade",2,"Personenauto","Fiets","Flank","Rotonde",50,"Niet brandend","Daglicht","Droog",\N,\N,"Nulweg","Ter Apel","Westerwolde","Groningen",false,52.889291,7.049335,"material damage only","4","clear",false,1,"GM1950"
"20240033178",2024,"Letsel",3,"Motor","Fiets","Frontaal","Kruispunt, 3 takken",30,"Brandend","Duisternis","Droog",\N,\N,"Hoogstraat","Gorinchem","Gorinchem","Zuid-Holland",false,51.830223,4.975911,"injury","2","clear",false,1,"GM0512"
"20240033819",2024,"Letsel",2,"Fiets","Fiets","Onbekend","Kruispunt, 3 takken",60,"Niet brandend","Daglicht","Droog",\N,\N,"Lieveld","Oirschot","Oirschot","Noord-Brabant",false,51.515349,5.282176,"injury","2","clear",false,1,"GM0823"
"20240040161",2024,"Uitsluitend materiele schade",3,"Fiets","Fiets","Onbekend","Rechte weg",30,"Niet brandend","Daglicht","Droog",\N,"600767482","Zuiderzeeweg","Amsterdam","Amsterdam","Noord-Holland",false,52.369702,4.961736,"material damage only","4","clear",false,1,"GM0363"
"20240047471",2024,"Letsel",2,"Personenauto","Fiets","Flank","Kruispunt, 4 takken",30,"Niet brandend","Daglicht","Droog","Parkeervoorziening",\N,"Kremersheerd","Groningen","Groningen","Groningen",false,53.248783,6.585984,"injury","2","clear",false,1,"GM0014"
"20240078757",2024,"Letsel",1,"Fiets",\N,"Onbekend","Rotonde",50,"Brandend","Duisternis","Droog",\N,\N,"FIETSPAD","Alphen aan den Rijn","Alphen aan den Rijn","Zuid-Holland",false,52.13571,4.648653,"injury","2","clear",false,1,"GM0484"
"20240044737",2024,"Uitsluitend materiele schade",2,"Bromfiets","Fiets","Onbekend","Rechte weg",50,"Niet brandend","Daglicht","Droog",\N,"405038017","Kruisstraat","Kerkrade","Kerkrade","Limburg",false,50.860796,6.068746,"material damage only","4","clear",false,1,"GM0928"
"20240051229",2024,"Letsel",2,"Fiets","Fiets","Flank","Kruispunt, 4 takken",50,"Niet brandend","Daglicht","Droog",\N,\N,"Dorpsstraat","Zwaag","Hoorn","Noord-Holland",false,52.662459,5.054479,"injury","2","clear",false,1,"GM0405"
"20240072868",2024,"Letsel",2,"Fiets","Fiets","Frontaal","Rechte weg",30,"Brandend","Duisternis","Droog",\N,"600800729","Wijbosscheweg","Schijndel","Meierijstad","Noord-Brabant",false,51.617424,5.453787,"injury","2","clear",false,1,"GM1948"
"20240078794",2024,"Letsel",1,"Fiets",\N,"Onbekend","Kruispunt, 4 takken",30,"Niet brandend","Daglicht","Droog",\N,\N,"Heer Hubrechtstraat","Voorburg","Leidschendam-Voorburg","Zuid-Holland",false,52.069257,4.354394,"injury","2","clear",false,1,"GM1916"
"20240035466",2024,"Letsel",2,"Personenauto","e-bike","Flank","Kruispunt, 4 takken",30,"Niet brandend","Daglicht","Droog",\N,\N,"Kuipwal","Harderwijk","Harderwijk","Gelderland",false,52.349664,5.623152,"injury","2","clear",false,1,"GM0243"
"20240040237",2024,"Letsel",2,"Fiets","Snorfiets","Kop/staart","Kruispunt, 4 takken",50,"Niet brandend","Daglicht","Droog",\N,\N,"Voorstraat","Alphen aan den Rijn","Alphen aan den Rijn","Zuid-Holland",false,52.134839,4.660341,"injury","2","clear",false,1,"GM0484"
"20240072079",2024,"Letsel",3,"Fiets","Fiets","Frontaal","Bocht",30,"Niet aanwezig","Daglicht","Droog",\N,"600470326","Surfplaspad","Krimpen aan de Lek","Krimpenerwaard","Zuid-Holland",false,51.90792,4.624224,"injury","2","clear",false,1,"GM1931"
"20240072088",2024,"Letsel",2,"Personenauto","Fiets","Flank","Kruispunt, 4 takken",50,"Niet brandend","Daglicht","Droog",\N,\N,"Valkenboskade","'s-Gravenhage","'s-Gravenhage","Zuid-Holland",false,52.075604,4.268305,"injury","2","clear",false,1,"GM0518"
"20240078851",2024,"Letsel",2,"Fiets","Fiets","Frontaal","Bocht",\N,"Niet aanwezig","Daglicht","Droog",\N,"174292038","Oostlandpad","Delfgauw","Pijnacker-Nootdorp","Zuid-Holland",false,52.003708,4.407187,"injury","2","clear",false,1,"GM1926"
"20240078864",2024,"Uitsluitend materiele schade",2,"Personenauto","Fiets","Frontaal","Rechte weg",30,"Niet brandend","Daglicht","Droog",\N,"210298005","Wilhelminakade","Waddinxveen","Waddinxveen","Zuid-Holland",false,52.028089,4.662185,"material damage only","4","clear",false,1,"GM0627"
"20240040385",2024,"Uitsluitend materiele schade",2,\N,"Fiets","Flank","Kruispunt, 3 takken",30,"Brandend","Duisternis","Droog",\N,\N,"Vijfmeiweg","Sassenheim","Teylingen","Zuid-Holland",false,52.219796,4.521647,"material damage only","4","clear",false,1,"GM1525"
"20230092263",2023,"Letsel",2,"Personenauto","Fiets","Geparkeerd voertuig","Rechte weg",50,"Niet brandend","Daglicht","Regen",\N,"406185004","Pluisbergweg","Meerlo","Horst aan de Maas","Limburg",false,51.51881,6.085131,"injury","2","rain",false,1,"GM1507"
"20230099959",2023,"Letsel",3,"Personenauto","Fiets","Flank","Rotonde",70,"Brandend","Duisternis","Droog",\N,\N,"Limburglaan","Eindhoven","Eindhoven","Noord-Brabant",true,51.429051,5.460405,"injury","2","clear",false,1,"GM0772"
"20230079374",2023,"Uitsluitend materiele schade",2,"Fiets","Scootmobiel","Flank","Kruispunt, 4 takken",50,"Niet brandend","Daglicht","Droog",\N,\N,"Marathonloop","Eindhoven","Eindhoven","Noord-Brabant",false,51.476378,5.449465,"material damage only","4","clear",false,1,"GM0772"
"20230083482",2023,"Uitsluitend materiele schade",3,"Bestelauto","Fiets","Onbekend","Bocht",50,"Niet brandend","Daglicht","Droog",\N,\N,"Helperpark","Groningen","Groningen","Groningen",false,53.205351,6.586788,"material damage only","4","clear",false,1,"GM0014"
"20230084071",2023,"Uitsluitend materiele schade",2,"Bromfiets","Fiets","Flank","Rechte weg",60,"Niet brandend","Daglicht","Droog",\N,"292342010","Eikenlaan","Eemnes","Eemnes","Utrecht",false,52.228447,5.250919,"material damage only","4","clear",false,1,"GM0317"
"20230100554",2023,"Letsel",2,"Personenauto","Fiets","Flank","Kruispunt, 4 takken",30,"Niet brandend","Daglicht","Droog","Brug/viaduct",\N,"Kanaaldijk-Zuid","Eindhoven","Eindhoven","Noord-Brabant",false,51.43472,5.50449,"injury","2","clear",false,1,"GM0772"
"20230102522",2023,"Uitsluitend materiele schade",2,"Personenauto","Fiets","Frontaal","Kruispunt, 3 takken",50,"Brandend","Duisternis","Droog",\N,\N,"Zuidelijke Dwarsweg","Moordrecht","Zuidplas","Zuid-Holland",false,52.01963,4.649132,"material damage only","4","clear",false,1,"GM1892"
"20230105182",2023,"Uitsluitend materiele schade",2,"Personenauto","e-bike","Flank","Kruispunt, 3 takken",30,"Brandend","Schemer","Regen",\N,\N,"de Zanden","Teuge","Voorst","Gelderland",false,52.235447,6.048177,"material damage only","4","rain",false,1,"GM0285"
"20230080581",2023,"Letsel",2,"Fiets","Snorfiets","Flank","Kruispunt, 4 takken",30,"Niet brandend","Daglicht","Regen",\N,"600718743","Trekkade","Vlaardingen","Vlaardingen","Zuid-Holland",false,51.931851,4.334815,"injury","2","rain",false,1,"GM0622"
"20230091726",2023,"Letsel",2,"Fiets","Fiets","Flank","Kruispunt, 3 takken",60,"Niet brandend","Daglicht","Droog",\N,\N,"Laan van Cavelot","Cadzand","Sluis","Zeeland",false,51.3723,3.383684,"injury","2","clear",false,1,"GM1714"
"20230084148",2023,"Letsel",2,"Fiets",\N,"Eenzijdig","Kruispunt, 4 takken",50,"Niet brandend","Daglicht","Droog",\N,\N,"Overtonweg","Haarlem","Haarlem","Noord-Holland",false,52.402926,4.646939,"injury","2","clear",false,1,"GM0392"
"20230085299",2023,"Uitsluitend materiele schade",2,"Personenauto","Fiets","Flank","Rotonde",50,"Niet brandend","Daglicht","Regen",\N,\N,"Bestevaer","Huizen","Huizen","Noord-Holland",false,52.305558,5.237738,"material damage only","4","rain",false,1,"GM0406"
"20230089963",2023,"Letsel",2,"Bestelauto","Fiets","Onbekend","Rechte weg",50,"Niet brandend","Daglicht","Droog",\N,"163305069","Bragastraat","'s-Gravenhage","'s-Gravenhage","Zuid-Holland",false,52.056015,4.3228,"injury","2","clear",false,1,"GM0518"
"20230102589",2023,"Uitsluitend materiele schade",2,"Personenauto","Fiets","Geparkeerd voertuig","Rechte weg",30,"Niet brandend","Daglicht","Harde windstoten/Regen",\N,"160304120","Jan Vosstraat","'s-Gravenhage","'s-Gravenhage","Zuid-Holland",false,52.050702,4.295941,"material damage only","4","unknown",false,1,"GM0518"
"20230104576",2023,"Uitsluitend materiele schade",2,"Fiets","Fiets","Flank","Rechte weg",50,"Niet brandend","Daglicht","Droog",\N,"601046081","Eikenlaan","Groningen","Groningen","Groningen",false,53.231985,6.548566,"material damage only","4","clear",false,1,"GM0014"
"20230080083",2023,"Letsel",2,"Personenauto","Fiets","Flank","Kruispunt, 4 takken",50,"Niet brandend","Daglicht","Droog",\N,\N,"Oranjelaan","Dordrecht","Dordrecht","Zuid-Holland",false,51.811411,4.682347,"injury","2","clear",false,1,"GM0505"
"20230088848",2023,"Uitsluitend materiele schade",1,"Fiets",\N,"Onbekend","Bocht",\N,"Niet brandend","Daglicht","Droog/Harde windstoten",\N,"153261020","Groene Kruisweg","Geervliet","Nissewaard","Zuid-Holland",false,51.858559,4.252576,"material damage only","4","unknown",false,1,"GM1930"
"20230103702",2023,"Letsel",2,"Personenauto","Fiets","Flank","Rotonde",50,"Niet brandend","Daglicht","Droog",\N,\N,"Deltalaan","Sliedrecht","Sliedrecht","Zuid-Holland",false,51.825003,4.772811,"injury","2","clear",false,1,"GM0610"
"20230079555",2023,"Letsel",2,"Fiets","Fiets","Frontaal","Rechte weg",30,"Brandend","Duisternis","Droog",\N,"226195022","Ginnekenweg","Breda","Breda","Noord-Brabant",false,51.56806,4.784303,"injury","2","clear",false,1,"GM0758"
"20230091268",2023,"Uitsluitend materiele schade",2,"Personenauto","Fiets","Onbekend","Kruispunt, 3 takken",50,"Niet brandend","Daglicht","Droog",\N,\N,"Lichtstraat","Oss","Oss","Noord-Brabant",false,51.762252,5.548304,"material damage only","4","clear",false,1,"GM0828"
"20230092481",2023,"Uitsluitend materiele schade",2,"Personenauto","Fiets","Flank","Kruispunt, 4 takken",50,"Niet brandend","Daglicht","Droog",\N,\N,"Zaltbommelseweg","Oss","Oss","Noord-Brabant",false,51.770607,5.509737,"material damage only","4","clear",false,1,"GM0828"
"20230093614",2023,"Letsel",2,"Fiets","Personenauto","Voetganger","Rechte weg",50,"Niet brandend","Schemer","Droog",\N,"365254001","Horstacker","Nijmegen","Nijmegen","Gelderland",false,51.834555,5.793708,"injury","2","clear",false,1,"GM0268"
"20230098287",2023,"Letsel",2,"Personenauto","Fiets","Flank","Kruispunt, 4 takken",50,"Niet brandend","Daglicht","Droog",\N,\N,"Waddenweg","Hoofddorp","Haarlemmermeer","Noord-Holland",true,52.317159,4.648212,"injury","2","clear",false,1,"GM0394"
"20230100748",2023,"Uitsluitend materiele schade",2,"Bestelauto","Fiets","Flank","Kruispunt, 4 takken",50,"Niet brandend","Daglicht","Droog",\N,\N,"Moeskampweg","'s-Hertogenbosch","'s-Hertogenbosch","Noord-Brabant",false,51.705242,5.267936,"material damage only","4","clear",false,1,"GM0796"
"20230079607",2023,"Uitsluitend materiele schade",3,"Personenauto","Fiets","Los voorwerp","Kruispunt, 4 takken",50,"Niet brandend","Daglicht","Droog",\N,\N,"Weidehek","Breda","Breda","Noord-Brabant",false,51.614634,4.755723,"material damage only","4","clear",false,1,"GM0758"
"20230086593",2023,"Letsel",3,"Fiets","Fiets","Onbekend","Rechte weg",50,"Niet brandend","Daglicht","Droog",\N,"600535730","Raamweg","'s-Gravenhage","'s-Gravenhage","Zuid-Holland",false,52.097309,4.305595,"injury","2","clear",false,1,"GM0518"
"20230086598",2023,"Letsel",2,"e-bike","e-bike","Flank","Kruispunt, 3 takken",30,"Niet brandend","Daglicht","Droog",\N,\N,"Korte Jansstraat","Haarlem","Haarlem","Noord-Holland",false,52.384039,4.638426,"injury","2","clear",false,1,"GM0392"
"20230100774",2023,"Uitsluitend materiele schade",2,"Fiets","Voetganger","Voetganger","Kruispunt, 4 takken",50,"Brandend","Duisternis","Droog",\N,\N,"Kromakker","Rosmalen","'s-Hertogenbosch","Noord-Brabant",false,51.717632,5.379256,"material damage only","4","clear",false,1,"GM0796"
"20230105685",2023,"Letsel",3,"Personenauto","Fiets","Onbekend","Rechte weg",50,"Niet brandend","Daglicht","Regen",\N,"516341022","Kuipersdijk","Enschede","Enschede","Overijssel",false,52.214501,6.896299,"injury","2","rain",false,1,"GM0153"
"20230107226",2023,"Letsel",2,"Fiets","Personenauto","Flank","Rotonde",50,"Niet brandend","Schemer","Mist",\N,\N,"Hooimeijerlaan","Barendrecht","Barendrecht","Zuid-Holland",false,51.84438,4.536557,"injury","2","fog",false,1,"GM0489"
"20230091388",2023,"Letsel",2,"Fiets","Fiets","Onbekend","Kruispunt, 3 takken",30,"Niet aanwezig","Daglicht","Droog",\N,\N,"Gerendal","Schin op Geul","Valkenburg aan de Geul","Limburg",false,50.8388,5.852026,"injury","2","clear",false,1,"GM0994"
"20230097178",2023,"Uitsluitend materiele schade",2,"Bestelauto","e-bike","Flank","Kruispunt, 4 takken",50,"Niet brandend","Daglicht","Droog",\N,"600693985","Noorder IJ- en Zeedijk","Zaandam","Zaanstad","Noord-Holland",false,52.42821,4.85675,"material damage only","4","clear",false,1,"GM0479"
"20230080267",2023,"Uitsluitend materiele schade",2,"Personenauto","Fiets","Flank","Rechte weg",30,"Niet brandend","Daglicht","Droog",\N,"253253176","Appeldijk","Gorinchem","Gorinchem","Zuid-Holland",false,51.829409,4.976941,"material damage only","4","clear",false,1,"GM0512"
"20230096057",2023,"Letsel",2,"Personenauto","Fiets","Flank","Kruispunt, 4 takken",30,"Niet brandend","Daglicht","Regen",\N,\N,"Hitchcocklaan","Almere","Almere","Flevoland",false,52.360131,5.249412,"injury","2","rain",false,1,"GM0034"
"20230103909",2023,"Uitsluitend materiele schade",2,"Personenauto","Fiets","Geparkeerd voertuig","Rechte weg",30,"Brandend","Duisternis","Droog",\N,"513381001","Heggelkampsweg","Agelo","Dinkelland","Overijssel",false,52.393269,6.883808,"material damage only","4","clear",false,1,"GM1774"
"20230106482",2023,"Letsel",2,"Personenauto","Fiets","Flank","Kruispunt, 3 takken",50,"Brandend","Duisternis","Droog",\N,\N,"Hoge Kade","Hendrik-Ido-Ambacht","Hendrik-Ido-Ambacht","Zuid-Holland",false,51.84541,4.637464,"injury","2","clear",false,1,"GM0531"
"20230089082",2023,"Uitsluitend materiele schade",2,"Personenauto","Fiets","Flank","Kruispunt, 4 takken",30,"Niet brandend","Daglicht","Droog",\N,\N,"Diepenburg","De Lier","Westland","Zuid-Holland",false,51.978247,4.248282,"material damage only","4","clear",false,1,"GM1783"
"20230091487",2023,"Uitsluitend materiele schade",2,"Fiets","Personenauto","Onbekend","Rechte weg",15,"Niet brandend","Daglicht","Droog",\N,"322168152","Kruisstraat","Eindhoven","Eindhoven","Noord-Brabant",false,51.447007,5.475404,"material damage only","4","clear",false,1,"GM0772"
"20230095556",2023,"Uitsluitend materiele schade",2,"e-bike","e-bike","Flank","Kruispunt, 3 takken",30,"Niet brandend","Daglicht","Droog",\N,\N,"Tolgaarderserf","Houten","Houten","Utrecht",false,52.023863,5.168197,"material damage only","4","clear",false,1,"GM0321"
"20230099080",2023,"Letsel",2,"Fiets","Fiets","Onbekend","Bocht",30,"Brandend","Schemer","Regen",\N,\N,"Arendsplein","Oosterhout","Oosterhout","Noord-Brabant",false,51.644179,4.853669,"injury","2","rain",false,1,"GM0826"
"20230080401",2023,"Letsel",2,\N,"Fiets","Eenzijdig","Rechte weg",\N,"Brandend","Duisternis","Droog",\N,"322166103","Emmasingel","Eindhoven","Eindhoven","Noord-Brabant",false,51.438429,5.475052,"injury","2","clear",false,1,"GM0772"
"20230089737",2023,"Letsel",3,"Personenauto","Fiets","Flank","Rechte weg",50,"Brandend","Duisternis","Regen",\N,"157306100","Soestdijksekade","'s-Gravenhage","'s-Gravenhage","Zuid-Holland",false,52.061669,4.276361,"injury","2","rain",false,1,"GM0518"
"20230090956",2023,"Uitsluitend materiele schade",2,"Bromfiets","e-bike","Flank","Kruispunt, 4 takken",50,"Niet brandend","Daglicht","Droog",\N,\N,"Groenstraat","Tilburg","Tilburg","Noord-Brabant",false,51.546728,5.092064,"material damage only","4","clear",false,1,"GM0855"
"20230092766",2023,"Letsel",3,"Personenauto","Fiets","Frontaal","Bocht",60,"Niet brandend","Daglicht","Droog",\N,"364053013","Hoogkuil","Beek","Beek","Limburg",false,50.931313,5.775678,"injury","2","clear",false,1,\N
"20230093926",2023,"Letsel",2,"Personenauto","e-bike","Flank","Kruispunt, 4 takken",60,"Niet brandend","Daglicht","Regen",\N,\N,"Riezenweg","Ulft","Oude IJsselstreek","Gelderland",false,51.892119,6.364949,"injury","2","rain",false,1,"GM1509"
"20230096234",2023,"Letsel",2,"Fiets","Personenauto","Flank","Kruispunt, 3 takken",50,"Brandend","Duisternis","Droog",\N,\N,"Marnixlaan","Utrecht","Utrecht","Utrecht",false,52.108826,5.097949,"injury","2","clear",false,1,"GM0344"
"20230096239",2023,"Letsel",2,"Bestelauto","Fiets","Eenzijdig","Kruispunt, 4 takken",50,"Niet brandend","Daglicht","Regen",\N,\N,"Oosterend","Laren","Laren","Noord-Holland",false,52.25986,5.222407,"injury","2","rain",false,1,\N
"20230086918",2023,"Letsel",1,"Fiets",\N,"Eenzijdig","Rechte weg",50,"Niet brandend","Daglicht","Droog",\N,\N,"Willem de Zwijgerlaan","Alphen aan den Rijn","Alphen aan den Rijn","Zuid-Holland",false,52.135851,4.669654,"injury","2","clear",false,1,"GM0484"
"20230089847",2023,"Letsel",2,"Personenauto","Fiets","Onbekend","Kruispunt, 3 takken",30,"Niet brandend","Daglicht","Regen",\N,\N,"Montessoriweg","Rotterdam","Rotterdam","Zuid-Holland",false,51.887057,4.493565,"injury","2","rain",false,1,"GM0599"
"20220001676",2022,"Letsel",2,"Personenauto","Fiets","Flank","Kruispunt, 4 takken",30,"Brandend","Duisternis","Droog",\N,\N,"Zuidkade","Drachten","Smallingerland","Friesland",false,53.106834,6.100983,"injury","2","clear",false,1,"GM0090"
"20220004952",2022,"Uitsluitend materiele schade",2,"Personenauto","Fiets","Flank","Rotonde",50,"Brandend","Duisternis","Droog",\N,\N,"Plattenburgstraat","Doetinchem","Doetinchem","Gelderland",false,51.968559,6.259513,"material damage only","4","clear",false,1,"GM0222"
"20230000183",2023,"Uitsluitend materiele schade",2,"Personenauto","Fiets","Flank","Kruispunt, 4 takken",50,"Niet brandend","Daglicht","Droog",\N,\N,"Burg d Vos v Steenwijkln","Zwolle","Zwolle","Overijssel",false,52.482935,6.10657,"material damage only","4","clear",false,1,"GM0193"
"20220094852",2022,"Uitsluitend materiele schade",2,"Personenauto","Fiets","Flank","Rotonde",50,"Niet brandend","Daglicht","Droog",\N,\N,"Rijksweg","Ede","Ede","Gelderland",false,52.050547,5.649435,"material damage only","4","clear",false,1,"GM0228"
"20220116150",2022,"Uitsluitend materiele schade",2,"Fiets","Snorfiets","Flank","Rotonde",50,"Niet brandend","Daglicht","Droog",\N,\N,"Van Schuylenburgweg","Nijmegen","Nijmegen","Gelderland",false,51.817303,5.802193,"material damage only","4","clear",false,1,"GM0268"
"20220170018",2022,"Dodelijk",1,"Fiets",\N,"Eenzijdig","Rechte weg",60,"Niet brandend","Daglicht","Droog",\N,"600624576","Elzerdijk","Eefde","Lochem","Gelderland",false,52.187791,6.249357,"fatal","1","clear",false,1,"GM0262"
"20220195912",2022,"Letsel",2,"Fiets","Motor","Flank","Kruispunt, 3 takken",60,"Niet brandend","Daglicht","Droog",\N,\N,"Goilberdingerdijk","Culemborg","Culemborg","Gelderland",false,51.956945,5.199458,"injury","2","clear",false,1,"GM0216"
"20220101413",2022,"Letsel",2,"Personenauto","e-bike","Flank","Kruispunt, 4 takken",30,"Niet brandend","Daglicht","Droog",\N,\N,"Thijssestraat","Zaandam","Zaanstad","Noord-Holland",false,52.442075,4.848594,"injury","2","clear",false,1,"GM0479"
"20240004080",2024,"Letsel",2,"Fiets","Fiets","Flank","Kruispunt, 4 takken",50,"Niet brandend","Daglicht","Regen",\N,\N,"Varviksingel","Enschede","Enschede","Overijssel",false,52.210245,6.88954,"injury","2","rain",false,1,"GM0153"
"20220076085",2022,"Uitsluitend materiele schade",2,"Bestelauto","Fiets","Geparkeerd voertuig","Kruispunt, 3 takken",30,"Niet brandend","Daglicht","Droog","Parkeervoorziening",\N,"Salverdaplein","Wageningen","Wageningen","Gelderland",false,51.96536,5.664751,"material damage only","4","clear",false,1,"GM0289"
"20220082521",2022,"Letsel",2,"e-bike","Fiets","Onbekend","Rechte weg",30,"Niet brandend","Daglicht","Droog",\N,"600448871","Kanaalstraat","Lisse","Lisse","Zuid-Holland",false,52.260568,4.555268,"injury","2","clear",false,1,"GM0553"
"20220009055",2022,"Letsel",2,"Personenauto","Fiets","Frontaal","Kruispunt, 3 takken",50,"Brandend","Duisternis","Droog",\N,\N,"Nederlandlaan","IJsselstein","IJsselstein","Utrecht",false,52.021066,5.055174,"injury","2","clear",false,1,"GM0353"
"20220019616",2022,"Letsel",2,"Personenauto","Fiets","Geparkeerd voertuig","Rechte weg",50,"Brandend","Duisternis","Droog",\N,"156305016","Veenendaalkade","'s-Gravenhage","'s-Gravenhage","Zuid-Holland",false,52.059536,4.268886,"injury","2","clear",false,1,"GM0518"