"accident_id","year","severity_raw","party_count","party1_type","party2_type","accident_type","road_situation","speed_limit_kmh","road_lighting","light_condition_label","weather_raw","infra_type","road_segment_id","street_name","place_name","gemeente_name_raw","province","alcohol_indicated","latitude","longitude","severity_label","severity_code","weather_label","built_up_area","cyclists_involved","gemeente_code"
"20220046342",2022,"Uitsluitend materiele schade",2,"Personenauto","Fiets","Flank","Kruispunt, 3 takken",30,"Niet brandend","Daglicht","Droog",\N,\N,"Wilmersdorf","Apeldoorn","Apeldoorn","Gelderland",false,52.188505,5.987501,"material damage only","4","clear",false,1,"GM0200"
"20220050581",2022,"Uitsluitend materiele schade",3,"Fiets","e-bike","Onbekend","Rechte weg",50,"Brandend","Duisternis","Droog",\N,"279297046","Plein","Houten","Houten","Utrecht",false,52.027165,5.161687,"material damage only","4","clear",false,1,"GM0321"
"20220065226",2022,"Uitsluitend materiele schade",2,"Personenauto","Fiets","Geparkeerd voertuig","Rechte weg",30,"Niet aanwezig","Daglicht",\N,"Parkeervoorziening","600121487","Haagweg","Breda","Breda","Noord-Brabant",false,51.585209,4.761885,"material damage only","4","unknown",false,1,"GM0758"
"20220076290",2022,"Uitsluitend materiele schade",2,"Personenauto","Fiets","Onbekend","Rechte weg",\N,\N,"Daglicht",\N,\N,"600777192","Willem Dreeslaan","Utrecht","Utrecht","Utrecht",false,52.104269,5.113277,"material damage only","4","unknown",false,1,"GM0344"
"20220078214",2022,"Letsel",2,"Fiets","Personenauto","Flank","Kruispunt, 4 takken",30,"Niet brandend","Daglicht","Droog",\N,\N,"1e Hogeweg","Zeist","Zeist","Utrecht",false,52.084623,5.242726,"injury","2","clear",false,1,"GM0355"
"20220078956",2022,"Uitsluitend materiele schade",2,"Personenauto","Fiets","Flank","Rotonde",50,"Niet brandend","Daglicht","Droog",\N,\N,"Oosttangent","Heerhugowaard","Dijk en Waard","Noord-Holland",false,52.655837,4.837894,"material damage only","4","clear",false,1,"GM1980"
"20220083639",2022,"Letsel",2,"Fiets","Personenauto","Flank","Kruispunt, 4 takken",30,"Niet brandend","Daglicht","Droog",\N,\N,"Elzenbroeklaan","'s-Gravenhage","'s-Gravenhage","Zuid-Holland",false,52.03488,4.388171,"injury","2","clear",false,1,"GM0518"
"20220089198",2022,"Letsel",2,"Personenauto","Fiets","Frontaal","Kruispunt, 4 takken",50,"Niet brandend","Daglicht","Droog",\N,\N,"Hurksestraat","Eindhoven","Eindhoven","Noord-Brabant",false,51.433193,5.439373,"injury","2","clear",false,1,"GM0772"
"20220091808",2022,"Letsel",2,"Personenauto","Fiets","Flank","Rotonde",50,"Niet brandend","Daglicht","Droog",\N,\N,"Hoeksterend","Leeuwarden","Leeuwarden","Friesland",false,53.205843,5.800765,"injury","2","clear",false,1,"GM0080"
"20220042753",2022,"Letsel",3,"Personenauto","Fiets","Los voorwerp","Kruispunt, 4 takken",80,"Niet brandend","Daglicht","Droog",\N,\N,"Bahrestraat","Giesbeek","Zevenaar","Gelderland",false,51.981314,6.092022,"injury","2","clear",false,1,"GM0299"
"20220065336",2022,"Uitsluitend materiele schade",2,"Personenauto","Fiets","Onbekend","Kruispunt, 3 takken",30,"Niet brandend","Daglicht","Droog",\N,\N,"Hendrik Druckerstraat","Tilburg","Tilburg","Noord-Brabant",false,51.568475,5.058108,"material damage only","4","clear",false,1,"GM0855"
"20220093572",2022,"Uitsluitend materiele schade",2,"Personenauto","Fiets","Onbekend","Rotonde",\N,"Niet brandend","Daglicht","Droog",\N,\N,"Mozartlaan","Hengelo","Hengelo (O)","Overijssel",false,52.270031,6.818279,"material damage only","4","clear",false,1,\N
"20220013467",2022,"Uitsluitend materiele schade",2,"Personenauto","Fiets","Flank","Rotonde",30,"Brandend","Daglicht","Droog",\N,\N,"Dodonaeusstraat","Zaandam","Zaanstad","Noord-Holland",false,52.440203,4.852767,"material damage only","4","clear",false,1,"GM0479"
"20220042899",2022,"Uitsluitend materiele schade",2,"Fiets","Fiets","Onbekend","Bocht",60,"Niet aanwezig","Daglicht","Droog",\N,"425367009","Weseperweg","Heeten","Raalte","Overijssel",false,52.337622,6.235073,"material damage only","4","clear",false,1,"GM0177"
"20220044890",2022,"Uitsluitend materiele schade",2,"Personenauto","Fiets","Flank","Kruispunt, 4 takken",50,"Niet brandend","Daglicht","Droog",\N,\N,"Burg v D tot Medlerstr","Duiven","Duiven","Gelderland",false,51.947194,6.011809,"material damage only","4","clear",false,1,"GM0226"
"20220047867",2022,"Letsel",2,"Personenauto","Fiets","Flank","Rotonde",50,"Niet brandend","Daglicht","Droog",\N,\N,"Hatertseweg","Nijmegen","Nijmegen","Gelderland",false,51.820328,5.846088,"injury","2","clear",false,1,"GM0268"
"20220056574",2022,"Letsel",2,"Snorfiets","Fiets","Flank","Rechte weg",30,"Niet brandend","Daglicht","Droog",\N,"600587657","Generaal Spoorlaan","Rijswijk","Rijswijk","Zuid-Holland",false,52.047146,4.329074,"injury","2","clear",false,1,\N
"20220058255",2022,"Letsel",3,"Personenauto","Fiets","Onbekend","Rechte weg",30,"Niet brandend","Daglicht","Droog",\N,"212288050","Dorpsstraat","Gouderak","Krimpenerwaard","Zuid-Holland",false,51.985637,4.674975,"injury","2","clear",false,1,"GM1931"
"20220066943",2022,"Uitsluitend materiele schade",2,"Snorfiets","Fiets","Onbekend","Kruispunt, 3 takken",50,"Niet brandend","Daglicht",\N,\N,\N,"Heemweg","Veldhoven","Veldhoven","Noord-Brabant",false,51.417462,5.40705,"material damage only","4","unknown",false,1,"GM0861"
"20220089813",2022,"Letsel",2,"Fiets","Fiets","Onbekend","Bocht",\N,"Niet brandend","Daglicht","Droog",\N,\N,"Wilhelminaplein","'s-Hertogenbosch","'s-Hertogenbosch","Noord-Brabant",false,51.683022,5.294134,"injury","2","clear",false,1,"GM0796"
"20220110687",2022,"Uitsluitend materiele schade",2,"Fiets","Scootmobiel","Flank","Rechte weg",30,"Niet brandend","Daglicht","Droog",\N,"600210176","Molenstraat","Roosendaal","Roosendaal","Noord-Brabant",false,51.535676,4.462784,"material damage only","4","clear",false,1,"GM1674"
"20220111525",2022,"Uitsluitend materiele schade",2,"Bestelauto","Fiets","Flank","Kruispunt, 3 takken",50,"Niet brandend","Daglicht","Droog",\N,\N,"Van Kuppenveldweg","Asten","Asten","Noord-Brabant",false,51.398457,5.738872,"material damage only","4","clear",false,1,"GM0743"
"20220016826",2022,"Uitsluitend materiele schade",2,"Bromfiets","Fiets","Flank","Rechte weg",30,"Niet brandend","Daglicht","Regen",\N,"600910241","Admiraal De Ruijterweg","Amsterdam","Amsterdam","Noord-Holland",false,52.381689,4.853013,"material damage only","4","rain",false,1,"GM0363"
"20220080947",2022,"Uitsluitend materiele schade",2,"Bromfiets","Fiets","Flank","Kruispunt, 4 takken",50,"Brandend","Duisternis","Regen",\N,\N,"Zeeburgerdijk","Amsterdam","Amsterdam","Noord-Holland",false,52.366146,4.939609,"material damage only","4","rain",false,1,"GM0363"
"20220092972",2022,"Letsel",2,"Personenauto","Fiets","Flank","Rotonde",50,"Niet brandend","Daglicht","Droog",\N,\N,"Maria in Campislaan","Assen","Assen","Drenthe",false,52.999346,6.550118,"injury","2","clear",false,1,"GM0106"
"20220111800",2022,"Uitsluitend materiele schade",2,"Personenauto","Fiets","Onbekend","Kruispunt, 4 takken",30,"Niet brandend","Daglicht","Droog",\N,\N,"Tongelresestraat","Eindhoven","Eindhoven","Noord-Brabant",false,51.443254,5.512276,"material damage only","4","clear",false,1,"GM0772"
"20220009697",2022,"Uitsluitend materiele schade",2,"Fiets","Dier","Dier","Rechte weg",60,"Niet aanwezig","Duisternis","Droog",\N,"600795332","Praamweg","Lelystad","Lelystad","Flevoland",false,52.42897,5.399241,"material damage only","4","clear",false,1,"GM0995"
"20220013814",2022,"Uitsluitend materiele schade",1,"Fiets",\N,"Onbekend","Rechte weg",30,"Brandend","Duisternis","Droog","Brug/viaduct","238441007","Jan Tooroplaan","Heerhugowaard","Dijk en Waard","Noord-Holland",false,52.671066,4.858589,"material damage only","4","clear",false,1,"GM1980"
"20220020195",2022,"Uitsluitend materiele schade",2,"Personenauto","Fiets","Flank","Kruispunt, 4 takken",50,"Niet brandend","Daglicht","Droog",\N,\N,"Noordwal","'s-Gravenhage","'s-Gravenhage","Zuid-Holland",false,52.079685,4.302889,"material damage only","4","clear",false,1,"GM0518"
"20220067199",2022,"Uitsluitend materiele schade",1,"Fiets",\N,"Eenzijdig","Rechte weg",70,"Niet brandend","Daglicht","Droog",\N,"600656807","John F Kennedylaan","Eindhoven","Eindhoven","Noord-Brabant",false,51.480523,5.488979,"material damage only","4","clear",false,1,"GM0772"
"20220093033",2022,"Uitsluitend materiele schade",2,"Personenauto","Fiets","Flank","Kruispunt, 4 takken",50,"Niet brandend","Daglicht","Droog","Bus-/Tramhalte",\N,"Jan Eisengastrjitte","Gorredijk","Opsterland","Friesland",false,53.0058,6.064061,"material damage only","4","clear",false,1,"GM0086"
"20220114336",2022,"Letsel",2,"Personenauto","e-bike","Flank","Kruispunt, 3 takken",30,"Niet brandend","Daglicht","Droog",\N,\N,"Crocusstraat","Groningen","Groningen","Groningen",false,53.227481,6.590516,"injury","2","clear",false,1,"GM0014"
"20220020285",2022,"Uitsluitend materiele schade",2,"Personenauto","e-bike","Flank","Rotonde",50,"Niet brandend","Daglicht","Droog",\N,\N,"Lange Voort","Oegstgeest","Oegstgeest","Zuid-Holland",false,52.183533,4.485017,"material damage only","4","clear",false,1,"GM0579"
"20220052756",2022,"Uitsluitend materiele schade",1,"Fiets",\N,"Onbekend","Rotonde",50,"Niet brandend","Daglicht","Droog",\N,\N,"Heijermansstraat","Zaandam","Zaanstad","Noord-Holland",false,52.457717,4.818021,"material damage only","4","clear",false,1,"GM0479"
"20220079538",2022,"Letsel",2,"Personenauto","Fiets","Frontaal","Kruispunt, 3 takken",30,"Niet brandend","Daglicht","Droog",\N,\N,"Kadijklaan","Haarlem","Haarlem","Noord-Holland",false,52.36912,4.649575,"injury","2","clear",false,1,"GM0392"
"20220086507",2022,"Letsel",2,"Personenauto","Fiets","Flank","Rotonde",50,"Niet brandend","Daglicht","Droog",\N,\N,"Jan Valsterweg","Dordrecht","Dordrecht","Zuid-Holland",false,51.805451,4.701471,"injury","2","clear",false,1,"GM0505"
"20220106178",2022,"Letsel",1,"Fiets",\N,"Eenzijdig",\N,50,\N,"Duisternis",\N,\N,"165312042","Bezuidenhoutseweg","'s-Gravenhage","'s-Gravenhage","Zuid-Holland",false,52.088778,4.33661,"injury","2","unknown",false,1,"GM0518"
"20220106950",2022,"Uitsluitend materiele schade",2,"Personenauto","Fiets","Flank","Kruispunt, 4 takken",50,"Niet brandend","Daglicht","Droog",\N,\N,"Stationssingel","Berkel en Rodenrijs","Lansingerland","Zuid-Holland",false,51.988695,4.462425,"material damage only","4","clear",false,1,"GM1621"
"20220036322",2022,"Letsel",2,"Bromfiets","Fiets","Flank","Rechte weg",30,"Niet brandend","Daglicht","Droog","Brug/viaduct",\N,"Strijpwetering","Rijswijk","Rijswijk","Zuid-Holland",false,52.035351,4.295123,"injury","2","clear",false,1,\N
"20220041909",2022,"Uitsluitend materiele schade",2,"Personenauto","Fiets","Flank","Kruispunt, 3 takken",30,"Niet brandend","Daglicht","Droog",\N,\N,"Sallandlaan","Heerenveen","Heerenveen","Friesland",false,52.946787,5.939078,"material damage only","4","clear",false,1,"GM0074"
"20220048179",2022,"Letsel",2,"Personenauto","e-bike","Flank","Kruispunt, 4 takken",50,"Niet brandend","Daglicht","Droog",\N,\N,"Wilhelminastraat","Enschede","Enschede","Overijssel",false,52.220649,6.903573,"injury","2","clear",false,1,"GM0153"
"20220048208",2022,"Uitsluitend materiele schade",2,"Personenauto","Fiets","Flank","Kruispunt, 4 takken",30,"Niet brandend","Daglicht","Regen",\N,\N,"Vitringasingel","Harderwijk","Harderwijk","Gelderland",false,52.346886,5.616629,"material damage only","4","rain",false,1,"GM0243"
"20220095260",2022,"Uitsluitend materiele schade",2,"Personenauto","e-bike","Flank","Rechte weg",50,"Niet brandend","Daglicht","Droog",\N,"344300072","Nienhof","Ede","Ede","Gelderland",false,52.042007,5.636475,"material damage only","4","clear",false,1,"GM0228"
"20220095373",2022,"Uitsluitend materiele schade",3,"Personenauto","Fiets","Flank","Kruispunt, 3 takken",30,"Niet brandend","Daglicht","Droog",\N,\N,"Gorsselsestraat","Deventer","Deventer","Overijssel",false,52.248883,6.168705,"material damage only","4","clear",false,1,"GM0150"
"20220059797",2022,"Uitsluitend materiele schade",1,"Fiets",\N,"Onbekend","Rechte weg",30,"Niet aanwezig","Daglicht","Droog",\N,"160307009","Van der Vennestraat","'s-Gravenhage","'s-Gravenhage","Zuid-Holland",false,52.066613,4.300251,"material damage only","4","clear",false,1,"GM0518"
"20220085479",2022,"Letsel",2,"e-bike","Fiets","Onbekend","Rechte weg",50,"Niet brandend","Daglicht","Droog",\N,"600589246","Westblaak","Rotterdam","Rotterdam","Zuid-Holland",false,51.917639,4.479136,"injury","2","clear",false,1,"GM0599"
"20220095712",2022,"Uitsluitend materiele schade",2,"Personenauto","Fiets","Flank","Kruispunt, 4 takken",50,"Niet brandend","Daglicht","Droog",\N,\N,"Kottenseweg","Winterswijk","Winterswijk","Gelderland",false,51.964575,6.725976,"material damage only","4","clear",false,1,"GM0294"
"20220057439",2022,"Letsel",2,"Personenauto","Fiets","Flank","Kruispunt, 3 takken",50,"Niet brandend","Daglicht","Droog",\N,\N,"Waldorpstraat","'s-Gravenhage","'s-Gravenhage","Zuid-Holland",false,52.065652,4.316095,"injury","2","clear",false,1,"GM0518"
"20220070790",2022,"Uitsluitend materiele schade",2,"Personenauto","Fiets","Flank","Kruispunt, 4 takken",30,"Brandend","Daglicht","Regen",\N,\N,"Framaheerd","Groningen","Groningen","Groningen",false,53.243142,6.588964,"material damage only","4","rain",false,1,"GM0014"
"20220082416",2022,"Uitsluitend materiele schade",2,"Snorfiets","Fiets","Flank","Kruispunt, 4 takken",30,"Brandend","Duisternis","Droog",\N,\N,"Burgemeester Hovylaan","'s-Gravenhage","'s-Gravenhage","Zuid-Holland",false,52.055334,4.242057,"material damage only","4","clear",false,1,"GM0518"
"20220096931",2022,"Uitsluitend materiele schade",2,"Bromfiets","Fiets","Flank","Rechte weg",30,"Niet brandend","Daglicht","Droog",\N,"600646549","St. Annastraat","Nijmegen","Nijmegen","Gelderland",false,51.816087,5.855046,"material damage only","4","clear",false,1,"GM0268"
"20220098913",2022,"Letsel",3,"Personenauto","e-bike","Onbekend","Rechte weg",60,"Niet brandend","Daglicht","Droog",\N,"600777709","Kromme Rade","Loosdrecht","Wijdemeren","Noord-Holland",false,52.217779,5.121441,"injury","2","clear",false,1,"GM1696"
"20220099803",2022,"Uitsluitend materiele schade",2,"Personenauto","Fiets","Flank","Kruispunt, 3 takken",60,"Niet brandend","Daglicht","Droog",\N,\N,"Langbroekerdijk","Driebergen-Rijsenburg","Utrechtse Heuvelrug","Utrecht",false,52.02288,5.287761,"material damage only","4","clear",false,1,"GM1581"
"20220101034",2022,"Letsel",2,"Personenauto","e-bike","Flank","Kruispunt, 4 takken",50,"Niet brandend","Daglicht",\N,\N,\N,"Botterstraat","Purmerend","Purmerend","Noord-Holland",false,52.509997,4.970541,"injury","2","unknown",false,1,"GM0439"
"20220055781",2022,"Letsel",1,"Fiets",\N,"Eenzijdig","Rechte weg",30,"Niet brandend","Daglicht","Droog",\N,"244375127","De Ruijterkade","Amsterdam","Amsterdam","Noord-Holland",false,52.378671,4.903665,"injury","2","clear",false,1,"GM0363"
"20220098298",2022,"Letsel",1,"Fiets",\N,"Eenzijdig",\N,30,\N,"Daglicht",\N,\N,"358449012","Nijverheidstraat","Emmeloord","Noordoostpolder","Flevoland",false,52.707371,5.74818,"injury","2","unknown",false,1,"GM0171"
"20220101143",2022,"Uitsluitend materiele schade",2,"Fiets","Fiets","Flank","Rechte weg",30,"Niet brandend","Daglicht",\N,\N,"230525037","Emmalaan","Den Burg","Texel","Noord-Holland",false,53.050808,4.798073,"material damage only","4","unknown",false,1,"GM0448"
"20220101148",2022,"Letsel",2,"e-bike","Bromfiets","Frontaal","Rechte weg",50,"Niet brandend","Daglicht","Regen",\N,"601005380","Schipholweg","Boesingheliede","Haarlemmermeer","Noord-Holland",false,52.36148,4.723324,"injury","2","rain",false,1,"GM0394"
"20220101818",2022,"Uitsluitend materiele schade",2,"Personenauto","Fiets","Flank","Rechte weg",50,"Niet brandend","Daglicht","Droog","Brug/viaduct","600237587","SCHOUWBROEKERBRUG","Heemstede","Heemstede","Noord-Holland",false,52.35395,4.635608,"material damage only","4","clear",false,1,"GM0397"
"20220103587",2022,"Letsel",1,"Fiets",\N,"Eenzijdig","Rechte weg",\N,"Niet brandend","Daglicht","Droog",\N,"600547693","Dedemsvaartweg","'s-Gravenhage","'s-Gravenhage","Zuid-Holland",false,52.051925,4.261198,"injury","2","clear",false,1,"GM0518"
"20220074255",2022,"Uitsluitend materiele schade",3,"Personenauto","Fiets","Onbekend","Kruispunt, 4 takken",50,"Brandend","Daglicht","Droog",\N,\N,"Krabbenbosweg","Hengelo","Hengelo (O)","Overijssel",false,52.259413,6.771181,"material damage only","4","clear",false,1,\N
"20220102911",2022,"Uitsluitend materiele schade",2,"Bromfiets","Fiets","Flank","Kruispunt, 3 takken",50,"Niet brandend","Daglicht",\N,\N,\N,"Eerste Atjehstraat","Amsterdam","Amsterdam","Noord-Holland",false,52.362654,4.939421,"material damage only","4","unknown",false,1,"GM0363"
"20220034850",2022,"Letsel",2,"Bus","e-bike","Flank","Kruispunt, 3 takken",50,"Niet brandend","Daglicht","Droog",\N,\N,"Hoornzwaluw","Veenendaal","Veenendaal","Utrecht",false,52.02963,5.532463,"injury","2","clear",false,1,"GM0345"
"20220059019",2022,"Letsel",1,"Fiets",\N,"Eenzijdig","Rechte weg",30,"Brandend","Duisternis","Droog",\N,\N,"Stationsweg","'s-Gravenhage","'s-Gravenhage","Zuid-Holland",false,52.070295,4.321679,"injury","2","clear",false,1,"GM0518"
"20220060132",2022,"Letsel",1,"Fiets",\N,"Eenzijdig",\N,30,\N,"Duisternis",\N,\N,"186328130","Steenstraat","Leiden","Leiden","Zuid-Holland",false,52.162376,4.484671,"injury","2","unknown",false,1,"GM0546"
"20220060156",2022,"Letsel",2,"Fiets",\N,"Eenzijdig","Kruispunt, 4 takken",30,"Niet brandend","Daglicht","Droog",\N,\N,"Boomkwekerij","Den Hoorn","Midden-Delfland","Zuid-Holland",false,52.005373,4.327884,"injury","2","clear",false,1,"GM1842"
"20220061769",2022,"Uitsluitend materiele schade",2,"Personenauto","Fiets","Flank","Kruispunt, 3 takken",30,"Niet brandend","Schemer","Droog","Brug/viaduct",\N,"Engelenburgerbrug","Dordrecht","Dordrecht","Zuid-Holland",false,51.815011,4.660909,"material damage only","4","clear",false,1,"GM0505"
"20220026731",2022,"Letsel",3,"Vrachtauto","Fiets","Los voorwerp","Rechte weg",30,"Niet brandend","Daglicht","Droog",\N,"198198063","Akkerlingen","Hoeven","Halderberge","Noord-Brabant",false,51.579633,4.583343,"injury","2","clear",false,1,"GM1655"
"20220042434",2022,"Letsel",2,"e-bike","Fiets","Flank","Rechte weg",30,"Niet brandend","Daglicht","Droog",\N,"510540055","Beneden Oosterdiep","Veendam","Veendam","Groningen",false,53.107402,6.883479,"injury","2","clear",false,1,"GM0047"
"20220066402",2022,"Uitsluitend materiele schade",2,"Bromfiets","e-bike","Frontaal","Rechte weg",80,"Niet brandend","Daglicht","Regen","Brug/viaduct","295229001","Treurenburg","'s-Hertogenbosch","'s-Hertogenbosch","Noord-Brabant",false,51.720251,5.28515,"material damage only","4","rain",false,1,"GM0796"
"20220069533",2022,"Uitsluitend materiele schade",2,"Personenauto","Fiets","Frontaal","Kruispunt, 4 takken",30,"Niet brandend","Daglicht","Droog",\N,\N,"Paterslaan","Venray","Venray","Limburg",false,51.522089,5.974945,"material damage only","4","clear",false,1,"GM0984"
"20220110545",2022,"Letsel",2,"Personenauto","Fiets","Flank","Kruispunt, 3 takken",30,"Niet brandend","Daglicht","Droog",\N,\N,"Caspar Damstraat","Zundert","Zundert","Noord-Brabant",false,51.474372,4.665243,"injury","2","clear",false,1,"GM0879"
"20220110547",2022,"Uitsluitend materiele schade",2,"Snorfiets","Fiets","Onbekend","Kruispunt, 4 takken",30,"Brandend","Duisternis","Droog",\N,\N,"President Rooseveltlaan","Vlissingen","Vlissingen","Zeeland",false,51.454712,3.562889,"material damage only","4","clear",false,1,"GM0718"
"20220015715",2022,"Uitsluitend materiele schade",2,"Personenauto","Fiets","Flank","Rotonde",50,"Brandend","Duisternis","Regen",\N,\N,"Oostoever","Amsterdam","Amsterdam","Noord-Holland",false,52.370359,4.830691,"material damage only","4","rain",false,1,"GM0363"
"20220066500",2022,"Uitsluitend materiele schade",3,"Personenauto","Fiets","Onbekend","Rechte weg",30,"Niet brandend","Daglicht","Droog",\N,"304152021","Eindhovenseweg","Steensel","Eersel","Noord-Brabant",false,51.377213,5.351677,"material damage only","4","clear",false,1,"GM0770"
"20220110970",2022,"Uitsluitend materiele schade",2,"Snorfiets","e-bike","Flank","Rechte weg",15,"Niet brandend","Schemer","Droog",\N,\N,"Tongelresestraat","Eindhoven","Eindhoven","Noord-Brabant",false,51.441922,5.508325,"material damage only","4","clear",false,1,"GM0772"
"20220111440",2022,"Uitsluitend materiele schade",1,"Fiets",\N,"Onbekend","Rechte weg",15,"Niet brandend","Daglicht","Droog",\N,"600822623","Speelweide","Bakel","Gemert-Bakel","Noord-Brabant",false,51.50656,5.732907,"material damage only","4","clear",false,1,"GM1652"
"20220112251",2022,"Letsel",2,"Personenauto","Fiets","Flank","Kruispunt, 3 takken",50,"Niet brandend","Daglicht","Droog",\N,\N,"Koningin Julianaweg-Zuid","Best","Best","Noord-Brabant",false,51.494151,5.397134,"injury","2","clear",false,1,"GM0753"
"20220113171",2022,"Uitsluitend materiele schade",2,"e-bike","e-bike","Frontaal","Bocht",50,"Niet brandend","Daglicht",\N,\N,"345121015","Lozerweg","Weert","Weert","Limburg",false,51.237142,5.64389,"material damage only","4","unknown",false,1,"GM0988"
"20220113330",2022,"Uitsluitend materiele schade",2,"Bromfiets","Fiets","Onbekend","Rechte weg",80,"Niet brandend","Daglicht","Droog",\N,"357129024","Ringbaan Noord","Weert","Weert","Limburg",false,51.274652,5.732171,"material damage only","4","clear",false,1,"GM0988"
"20220019455",2022,"Letsel",2,"Personenauto","Fiets","Flank","Kruispunt, 4 takken",50,"Brandend","Duisternis","Droog",\N,\N,"Sportlaan","'s-Gravenhage","'s-Gravenhage","Zuid-Holland",false,52.080318,4.260251,"injury","2","clear",false,1,"GM0518"
"20220055154",2022,"Uitsluitend materiele schade",2,"Bestelauto","Fiets","Flank","Kruispunt, 4 takken",50,"Niet brandend","Daglicht","Droog",\N,\N,"Sportlaan","Amstelveen","Amstelveen","Noord-Holland",false,52.291597,4.843563,"material damage only","4","clear",false,1,"GM0362"
"20230002141",2023,"Letsel",1,"Fiets",\N,"Eenzijdig","Rechte weg",30,"Brandend","Duisternis","Droog",\N,"347298026","Prins Bernhardlaan","Ede","Ede","Gelderland",false,52.031514,5.661474,"injury","2","clear",false,1,"GM0228"
"20230037365",2023,"Letsel",1,"Fiets",\N,"Eenzijdig",\N,\N,\N,"Duisternis",\N,\N,"269313022","Bielsstraat","Utrecht","Utrecht","Utrecht",false,52.098674,5.094889,"injury","2","unknown",false,1,"GM0344"
"20230044728",2023,"Letsel",1,"Fiets",\N,"Eenzijdig",\N,30,\N,"Duisternis",\N,\N,"338267008","Roodhekkenpas","Druten","Druten","Gelderland",false,51.889307,5.593211,"injury","2","unknown",false,1,"GM0225"
"20230000347",2023,"Letsel",3,"Personenauto","Fiets","Onbekend","Kruispunt, 4 takken",50,"Niet brandend","Daglicht","Droog",\N,\N,"Coornhertstraat","Goor","Hof van Twente","Overijssel",false,52.239093,6.563671,"injury","2","clear",false,1,"GM1735"
"20230011123",2023,"Uitsluitend materiele schade",2,"Personenauto","Fiets","Frontaal","Kruispunt, 3 takken",30,"Niet brandend","Daglicht","Droog",\N,\N,"Kuipwal","Harderwijk","Harderwijk","Gelderland",false,52.349334,5.622734,"material damage only","4","clear",false,1,"GM0243"
"20230002744",2023,"Uitsluitend materiele schade",2,"Personenauto","Fiets","Flank","Kruispunt, 4 takken",30,"Niet brandend","Daglicht","Droog",\N,\N,"Klifrakplantsoen","Utrecht","Utrecht","Utrecht",false,52.087037,5.058156,"material damage only","4","clear",false,1,"GM0344"
"20230011548",2023,"Uitsluitend materiele schade",3,"Fiets","Personenauto","Onbekend","Rotonde",50,"Niet brandend","Daglicht","Droog",\N,\N,"Meerdreef","Wijchen","Wijchen","Gelderland",false,51.803383,5.733885,"material damage only","4","clear",false,1,"GM0296"
"20230011842",2023,"Uitsluitend materiele schade",2,"Fiets","Personenauto","Flank","Kruispunt, 4 takken",50,"Niet brandend","Daglicht","Droog",\N,\N,"Weg door Zuid-Salland","Deventer","Deventer","Overijssel",false,52.253762,6.199626,"material damage only","4","clear",false,1,"GM0150"
"20230002335",2023,"Letsel",2,"Personenauto","Fiets","Onbekend","Rotonde",50,"Niet brandend","Daglicht","Droog",\N,\N,"Engweg","Putten","Putten","Gelderland",false,52.255919,5.608017,"injury","2","clear",false,1,"GM0273"
"20230013711",2023,"Uitsluitend materiele schade",2,"Personenauto","Fiets","Onbekend",\N,\N,\N,"Daglicht",\N,\N,"402410007","Drapenierlaan","Zwolle","Zwolle","Overijssel",false,52.532483,6.065974,"material damage only","4","unknown",false,1,"GM0193"
"20230009465",2023,"Letsel",2,"Personenauto","Fiets","Flank","Kruispunt, 4 takken",50,"Niet brandend","Daglicht","Droog",\N,\N,"Mathildelaan","Eindhoven","Eindhoven","Noord-Brabant",false,51.441552,5.46985,"injury","2","clear",false,1,"GM0772"
"20230012553",2023,"Uitsluitend materiele schade",3,"Personenauto","Fiets","Onbekend","Rechte weg",60,"Niet brandend","Daglicht","Droog",\N,"600639304","Dinxperlosestraatweg","Aalten","Aalten","Gelderland",false,51.910003,6.572283,"material damage only","4","clear",false,1,"GM0197"
"20230027532",2023,"Uitsluitend materiele schade",2,"Personenauto","Fiets","Onbekend",\N,\N,\N,"Daglicht",\N,\N,"254201069","Middeldijkdreef","Tilburg","Tilburg","Noord-Brabant",false,51.593534,4.988725,"material damage only","4","unknown",false,1,"GM0855"
"20230101299",2023,"Letsel",1,"Fiets",\N,"Eenzijdig",\N,30,\N,"Daglicht",\N,\N,"188319021","Noordbuurtseweg","Zoeterwoude","Zoeterwoude","Zuid-Holland",false,52.12383,4.497759,"injury","2","unknown",false,1,"GM0638"
"20230004562",2023,"Letsel",2,"Personenauto","Fiets","Frontaal","Rotonde",50,"Niet brandend","Daglicht","Droog",\N,\N,"Hoofddorpplein","Amsterdam","Amsterdam","Noord-Holland",false,52.351492,4.849487,"injury","2","clear",false,1,"GM0363"
"20230003287",2023,"Letsel",2,"Personenauto","e-bike","Flank","Rotonde",30,"Niet brandend","Daglicht","Regen",\N,\N,"Zwaagmergouw","Hoorn","Hoorn","Noord-Holland",false,52.654486,5.062799,"injury","2","rain",false,1,"GM0405"
"20230003672",2023,"Uitsluitend materiele schade",2,"Personenauto","Fiets","Flank","Rotonde",50,"Niet brandend","Daglicht","Droog",\N,\N,"Muntmeesterdreef","Dronten","Dronten","Flevoland",false,52.535876,5.704931,"material damage only","4","clear",false,1,"GM0303"