"accident_id","year","severity_raw","party_count","party1_type","party2_type","accident_type","road_situation","speed_limit_kmh","road_lighting","light_condition_label","weather_raw","infra_type","road_segment_id","street_name","place_name","gemeente_name_raw","province","alcohol_indicated","latitude","longitude","severity_label","severity_code","weather_label","built_up_area","cyclists_involved","gemeente_code"
"20230005556",2023,"Letsel",2,"Fiets",\N,"Eenzijdig","Rechte weg",50,\N,"Daglicht",\N,\N,"600586479","Waterleliepad","Zoetermeer","Zoetermeer","Zuid-Holland",false,52.065416,4.497917,"injury","2","unknown",false,1,"GM0637"
"20230003345",2023,"Uitsluitend materiele schade",2,"Fiets","Dier","Dier","Rechte weg",30,\N,"Daglicht","Droog",\N,"328297044","Marsmanlaan","Veenendaal","Veenendaal","Utrecht",false,52.028913,5.524568,"material damage only","4","clear",false,1,"GM0345"
"20230006132",2023,"Letsel",2,"Bromfiets","Fiets","Frontaal","Rechte weg",30,"Niet brandend","Daglicht","Regen",\N,\N,"Buikslotermeerplein","Amsterdam","Amsterdam","Noord-Holland",false,52.396079,4.941126,"injury","2","rain",false,1,"GM0363"
"20230039911",2023,"Letsel",1,"Fiets",\N,"Eenzijdig",\N,30,\N,"Daglicht",\N,\N,"149297006","Voorstraat","Poeldijk","Westland","Zuid-Holland",false,52.022528,4.216736,"injury","2","unknown",false,1,"GM1783"
"20230008833",2023,"Letsel",2,"Bestelauto","e-bike","Flank","Kruispunt, 3 takken",30,"Niet brandend","Daglicht","Droog",\N,\N,"Zevenhontseweg","'s-Hertogenbosch","'s-Hertogenbosch","Noord-Brabant",false,51.708588,5.313844,"injury","2","clear",false,1,"GM0796"
"20230086360",2023,"Letsel",1,"Fiets",\N,"Eenzijdig",\N,\N,\N,"Daglicht",\N,\N,"242383079","Polluxstraat","Amsterdam","Amsterdam","Noord-Holland",false,52.41318,4.889583,"injury","2","unknown",false,1,"GM0363"
"20230002587",2023,"Uitsluitend materiele schade",2,"Personenauto","Fiets","Onbekend","Rotonde",\N,\N,"Daglicht",\N,\N,\N,"Koningin Julianastraat","Urk","Urk","Flevoland",false,52.665921,5.597613,"material damage only","4","unknown",false,1,"GM0184"
"20230003085",2023,"Uitsluitend materiele schade",2,"Fiets","Voetganger","Voetganger","Kruispunt, 4 takken",50,"Niet brandend","Daglicht","Droog",\N,\N,"Koorstraat","Alkmaar","Alkmaar","Noord-Holland",false,52.631439,4.743744,"material damage only","4","clear",false,1,"GM0361"
"20230005980",2023,"Uitsluitend materiele schade",2,"Personenauto","Fiets","Flank","Kruispunt, 4 takken",30,"Niet brandend","Daglicht","Droog",\N,\N,"Vreeswijkstraat","'s-Gravenhage","'s-Gravenhage","Zuid-Holland",true,52.055515,4.272192,"material damage only","4","clear",false,1,"GM0518"
"20230006226",2023,"Letsel",2,"Bromfiets","Fiets","Frontaal","Rechte weg",30,"Niet brandend","Daglicht","Regen",\N,"174252098","Anne Franksingel","Oud-Beijerland","Hoeksche Waard","Zuid-Holland",false,51.81866,4.403967,"injury","2","rain",false,1,"GM1963"
"20230009678",2023,"Uitsluitend materiele schade",2,"Bromfiets","Fiets","Flank","Kruispunt, 4 takken",30,"Niet brandend","Daglicht","Droog",\N,\N,"Folkingestraat","Groningen","Groningen","Groningen",false,53.214591,6.565325,"material damage only","4","clear",false,1,"GM0014"
"20230086716",2023,"Uitsluitend materiele schade",2,"Fiets","Fiets","Onbekend",\N,50,\N,"Daglicht",\N,\N,"600757889","Pieter Ghijsenlaan","Zaandam","Zaanstad","Noord-Holland",false,52.4284,4.825041,"material damage only","4","unknown",false,1,"GM0479"
"20230007992",2023,"Uitsluitend materiele schade",2,"Personenauto","Fiets","Flank","Rechte weg",80,"Niet brandend","Daglicht","Droog",\N,"250205015","Vierbundersweg","Tilburg","Tilburg","Noord-Brabant",false,51.613577,4.958843,"material damage only","4","clear",false,1,"GM0855"
"20230008185",2023,"Uitsluitend materiele schade",2,"Personenauto","Fiets","Flank","Rechte weg",50,"Niet brandend","Daglicht","Droog",\N,"600708438","Middelburgsestraat","Goes","Goes","Zeeland",false,51.50523,3.881251,"material damage only","4","clear",false,1,"GM0664"
"20230009571",2023,"Uitsluitend materiele schade",2,"Bestelauto","Fiets","Flank","Kruispunt, 4 takken",50,"Niet brandend","Daglicht","Droog",\N,\N,"Turfsingel","Groningen","Groningen","Groningen",false,53.222639,6.566368,"material damage only","4","clear",false,1,"GM0014"
"20230010575",2023,"Letsel",2,"Fiets","Fiets","Flank","Rechte weg",30,"Niet brandend","Daglicht","Droog",\N,"436531007","Hoofdweg","Een-West","Noordenveld","Drenthe",false,53.077999,6.334646,"injury","2","clear",false,1,"GM1699"
"20230008042",2023,"Uitsluitend materiele schade",1,"Fiets",\N,"Flank","Kruispunt, 3 takken",50,"Niet brandend","Daglicht","Droog",\N,\N,"Oude Baan","Goirle","Goirle","Noord-Brabant",false,51.532736,5.063429,"material damage only","4","clear",false,1,"GM0785"
"20230010075",2023,"Uitsluitend materiele schade",2,"Personenauto","Fiets","Onbekend","Kruispunt, 3 takken",30,"Niet brandend","Schemer","Droog",\N,\N,"Vrieserweg","Peize","Noordenveld","Drenthe",false,53.137795,6.512433,"material damage only","4","clear",false,1,"GM1699"
"20230011576",2023,"Letsel",2,"Personenauto","Fiets","Frontaal","Kruispunt, 3 takken",50,"Niet brandend","Daglicht","Droog",\N,\N,"Loostraat","Loo Gld","Duiven","Gelderland",false,51.931304,5.99473,"injury","2","clear",false,1,"GM0226"
"20230011737",2023,"Letsel",2,"Personenauto","e-bike","Flank","Rechte weg",50,"Niet brandend","Daglicht","Droog",\N,"600621369","Keppelseweg","Doetinchem","Doetinchem","Gelderland",false,51.968931,6.283453,"injury","2","clear",false,1,"GM0222"
"20230048943",2023,"Uitsluitend materiele schade",1,"Fiets",\N,"Onbekend",\N,50,\N,"Daglicht",\N,\N,"600715242","Weimarstraat","'s-Gravenhage","'s-Gravenhage","Zuid-Holland",false,52.072124,4.274404,"material damage only","4","unknown",false,1,"GM0518"
"20230009753",2023,"Uitsluitend materiele schade",2,"Personenauto","Fiets","Flank","Rechte weg",50,"Brandend","Duisternis","Regen",\N,"361558027","Heliconweg","Leeuwarden","Leeuwarden","Friesland",false,53.199549,5.775106,"material damage only","4","rain",false,1,"GM0080"
"20230012433",2023,"Uitsluitend materiele schade",3,"Personenauto","Fiets","Onbekend","Kruispunt, 4 takken",50,"Niet aanwezig","Daglicht","Droog",\N,\N,"Molenweg","Nijmegen","Nijmegen","Gelderland",false,51.839218,5.836633,"material damage only","4","clear",false,1,"GM0268"
"20230012517",2023,"Letsel",2,"Personenauto","Fiets","Flank","Kruispunt, 4 takken",60,"Niet brandend","Daglicht","Droog",\N,\N,"Löhnislaan","De Pol","Steenwijkerland","Overijssel",false,52.826948,6.081203,"injury","2","clear",false,1,"GM1708"
"20230012780",2023,"Uitsluitend materiele schade",2,"Bestelauto","Fiets","Flank","Rotonde",80,"Niet brandend","Daglicht","Droog",\N,\N,"Schoenaker","Ewijk","Beuningen","Gelderland",false,51.869628,5.755888,"material damage only","4","clear",false,1,"GM0209"
"20230012294",2023,"Uitsluitend materiele schade",3,"Personenauto","Fiets","Onbekend","Rechte weg",30,"Niet brandend","Daglicht","Droog","Brug/viaduct","426320072","Goethesingel","Zutphen","Zutphen","Gelderland",false,52.126217,6.240539,"material damage only","4","clear",false,1,"GM0301"
"20230037190",2023,"Uitsluitend materiele schade",2,"Personenauto","Fiets","Flank","Rotonde",50,"Niet brandend","Daglicht","Droog",\N,\N,"Langebalkweg","Zuid-Scharwoude","Dijk en Waard","Noord-Holland",false,52.69505,4.817797,"material damage only","4","clear",false,1,"GM1980"
"20230037233",2023,"Uitsluitend materiele schade",2,"Personenauto","Fiets","Flank","Rechte weg",50,"Niet brandend","Daglicht","Droog",\N,\N,"Jan van der Heijdenstr","Hilversum","Hilversum","Noord-Holland",false,52.222326,5.193507,"material damage only","4","clear",false,1,"GM0402"
"20240004215",2024,"Letsel",2,"Personenauto","Fiets","Flank","Kruispunt, 3 takken",50,"Niet brandend","Daglicht","Droog",\N,"390487012","Grindweg","Wolvega","Weststellingwerf","Friesland",false,52.881003,5.985554,"injury","2","clear",false,1,"GM0098"
"20240036193",2024,"Letsel",2,"Fiets","Fiets","Frontaal","Bocht",60,"Niet brandend","Daglicht","Droog",\N,"486531001","Hogeweg","Zuidlaren","Tynaarlo","Drenthe",false,53.071064,6.703152,"injury","2","clear",false,1,"GM1730"
"20240000076",2024,"Letsel",2,"Fiets","Personenauto","Flank","Kruispunt, 3 takken",80,"Brandend","Duisternis","Harde windstoten/Regen",\N,\N,"Kanaalweg","Schore","Kapelle","Zeeland",false,51.468621,3.995991,"injury","2","unknown",false,1,"GM0678"
"20240037484",2024,"Letsel",2,"Personenauto","Fiets","Flank","Rechte weg",50,"Niet brandend","Daglicht","Droog",\N,"364557175","Stationsweg","Leeuwarden","Leeuwarden","Friesland",false,53.196756,5.792217,"injury","2","clear",false,1,"GM0080"
"20240009042",2024,"Uitsluitend materiele schade",2,"Personenauto","Fiets","Flank","Rechte weg",50,"Niet brandend","Daglicht","Droog",\N,"600929574","De Twee Morgen","Buurmalsen","West Betuwe","Gelderland",false,51.889475,5.276807,"material damage only","4","clear",false,1,"GM1960"
"20240020250",2024,"Letsel",2,"Personenauto","Fiets","Flank","Kruispunt, 3 takken",50,"Niet brandend","Schemer","Droog",\N,\N,"Televisiestraat","'s-Gravenhage","'s-Gravenhage","Zuid-Holland",false,52.057574,4.303977,"injury","2","clear",false,1,"GM0518"
"20240020537",2024,"Letsel",2,"Fiets","Personenauto","Flank","Kruispunt, 4 takken",50,"Niet brandend","Daglicht","Droog",\N,\N,"Kwaklaan","Wateringen","Westland","Zuid-Holland",false,52.032399,4.277909,"injury","2","clear",false,1,"GM1783"
"20240020702",2024,"Letsel",1,"Fiets",\N,"Onbekend","Rechte weg",30,"Niet brandend","Daglicht","Regen",\N,"600105576","Hobbemaplein","'s-Gravenhage","'s-Gravenhage","Zuid-Holland",false,52.066974,4.296967,"injury","2","rain",false,1,"GM0518"
"20240039600",2024,"Letsel",2,\N,"Fiets","Flank","Kruispunt, 4 takken",30,"Niet brandend","Daglicht","Droog",\N,\N,"Admiraal De Ruijterweg","Amsterdam","Amsterdam","Noord-Holland",false,52.371576,4.859735,"injury","2","clear",false,1,"GM0363"
"20240039630",2024,"Letsel",1,"Fiets",\N,"Onbekend","Bocht",\N,"Niet brandend","Daglicht","Regen",\N,"600719498","Anna van Hannoverstraat","'s-Gravenhage","'s-Gravenhage","Zuid-Holland",false,52.079975,4.344165,"injury","2","rain",false,1,"GM0518"
"20240039821",2024,"Uitsluitend materiele schade",2,"Personenauto","Fiets","Frontaal","Kruispunt, 3 takken",30,"Niet aanwezig","Daglicht","Droog",\N,\N,"Bilderdammerweg","Kudelstaart","Aalsmeer","Noord-Holland",false,52.234366,4.747673,"material damage only","4","clear",false,1,"GM0358"
"20240042321",2024,"Uitsluitend materiele schade",2,"Bestelauto","Fiets","Onbekend",\N,60,\N,"Daglicht",\N,\N,"600900155","Strand Brouwersdam","Scharendijke","Schouwen-Duiveland","Zeeland",false,51.751442,3.826676,"material damage only","4","unknown",false,1,"GM1676"
"20240035799",2024,"Uitsluitend materiele schade",2,"Personenauto","Fiets","Flank","Kruispunt, 3 takken",30,"Niet brandend","Daglicht","Droog",\N,\N,"Jagerskamp","Wageningen","Wageningen","Gelderland",false,51.975425,5.676784,"material damage only","4","clear",false,1,"GM0289"
"20240034879",2024,"Letsel",3,"Personenauto","Fiets","Flank","Rechte weg",50,"Niet brandend","Daglicht","Regen",\N,"600562397","Wilhelminalaan","Oosterhout","Oosterhout","Noord-Brabant",false,51.643873,4.843208,"injury","2","rain",false,1,"GM0826"
"20230004317",2023,"Uitsluitend materiele schade",2,"Fiets","Fiets","Frontaal","Kruispunt, 4 takken",30,"Niet brandend","Daglicht","Droog",\N,\N,"Velserduinweg","IJmuiden","Velsen","Noord-Holland",false,52.454243,4.622289,"material damage only","4","clear",false,1,"GM0453"
"20240029370",2024,"Letsel",2,"Personenauto","Fiets","Flank","Rotonde",50,"Niet brandend","Daglicht","Droog",\N,\N,"Straatweg","Maarssen","Stichtse Vecht","Utrecht",false,52.137784,5.038139,"injury","2","clear",false,1,"GM1904"
"20240039924",2024,"Letsel",2,"Fiets","Personenauto","Flank","Kruispunt, 4 takken",50,"Niet brandend","Daglicht","Droog",\N,\N,"Plesmanlaan","Leiden","Leiden","Zuid-Holland",false,52.164879,4.459726,"injury","2","clear",false,1,"GM0546"
"20240028015",2024,"Uitsluitend materiele schade",2,"Personenauto","Fiets","Flank","Kruispunt, 4 takken",50,"Niet brandend","Daglicht","Droog",\N,\N,"Admiraal Helfrichlaan","Utrecht","Utrecht","Utrecht",false,52.08353,5.098368,"material damage only","4","clear",false,1,"GM0344"
"20240028017",2024,"Uitsluitend materiele schade",2,"Personenauto","Fiets","Flank","Rechte weg",50,"Niet brandend","Daglicht","Droog",\N,"225403003","Zonnelaan","Krommenie","Zaanstad","Noord-Holland",false,52.500339,4.762376,"material damage only","4","clear",false,1,"GM0479"
"20240032481",2024,"Uitsluitend materiele schade",2,"Personenauto","Fiets","Flank","Rechte weg",30,"Niet brandend","Daglicht","Droog",\N,"600463045","Zuidpoldersingel","Delfgauw","Pijnacker-Nootdorp","Zuid-Holland",false,52.001548,4.392223,"material damage only","4","clear",false,1,"GM1926"
"20240032954",2024,"Letsel",2,"Personenauto","Fiets","Flank","Kruispunt, 3 takken",30,"Niet brandend","Daglicht","Droog",\N,\N,"Beresteinlaan","'s-Gravenhage","'s-Gravenhage","Zuid-Holland",false,52.042896,4.252356,"injury","2","clear",false,1,"GM0518"
"20240044984",2024,"Uitsluitend materiele schade",2,"Personenauto","Fiets","Onbekend","Kruispunt, 3 takken",30,"Niet brandend","Daglicht","Droog",\N,\N,"Kloosterstraat","Roosendaal","Roosendaal","Noord-Brabant",false,51.535043,4.456937,"material damage only","4","clear",false,1,"GM1674"
"20240039699",2024,"Uitsluitend materiele schade",2,"Fiets","Personenauto","Flank","Kruispunt, 4 takken",30,"Niet brandend","Daglicht","Droog",\N,\N,"Keratellastraat","Amsterdam","Amsterdam","Noord-Holland",false,52.419629,4.900631,"material damage only","4","clear",false,1,"GM0363"
"20240035971",2024,"Uitsluitend materiele schade",2,"Personenauto","Fiets","Flank","Kruispunt, 4 takken",50,"Niet brandend","Daglicht","Droog",\N,\N,"Oosterkade","Leeuwarden","Leeuwarden","Friesland",false,53.20194,5.802824,"material damage only","4","clear",false,1,"GM0080"
"20240017556",2024,"Uitsluitend materiele schade",2,"Bestelauto","Fiets","Flank","Kruispunt, 3 takken",50,"Brandend","Schemer","Regen",\N,\N,"Lingewal","Bemmel","Lingewaard","Gelderland",false,51.910581,5.914444,"material damage only","4","rain",false,1,"GM1705"
"20240019593",2024,"Uitsluitend materiele schade",2,"Personenauto","Fiets","Onbekend","Rechte weg",50,"Niet brandend","Daglicht","Regen",\N,"600564504","V Zuijlen van Nieveltln","Barneveld","Barneveld","Gelderland",false,52.138861,5.595945,"material damage only","4","rain",false,1,"GM0203"
"20240012754",2024,"Uitsluitend materiele schade",2,"Personenauto","Fiets","Flank","Rechte weg",30,"Niet brandend","Daglicht","Droog",\N,"247372069","Javastraat","Amsterdam","Amsterdam","Noord-Holland",false,52.363671,4.933482,"material damage only","4","clear",false,1,"GM0363"
"20240019897",2024,"Uitsluitend materiele schade",2,"Fiets","Fiets","Flank","Rechte weg",30,"Niet brandend","Daglicht","Droog",\N,"519361019","Titus Brandsmastraat","Oldenzaal","Oldenzaal","Overijssel",false,52.305673,6.922,"material damage only","4","clear",false,1,"GM0173"
"20240020955",2024,"Letsel",2,"Personenauto","Fiets","Los voorwerp","Kruispunt, 3 takken",30,"Niet brandend","Daglicht","Droog",\N,\N,"Stationsplein","Weesp","Amsterdam","Noord-Holland",false,52.312476,5.042279,"injury","2","clear",false,1,"GM0363"
"20240032401",2024,"Letsel",1,"Fiets",\N,"Eenzijdig","Rechte weg",30,"Niet brandend","Daglicht","Droog",\N,"208321013","Prunusstraat","Alphen aan den Rijn","Alphen aan den Rijn","Zuid-Holland",false,52.13162,4.647668,"injury","2","clear",false,1,"GM0484"
"20240032653",2024,"Letsel",1,"Fiets",\N,"Onbekend","Rechte weg",30,"Niet brandend","Daglicht","Droog",\N,"208318025","Marokkostraat","Alphen aan den Rijn","Alphen aan den Rijn","Zuid-Holland",false,52.12137,4.647226,"injury","2","clear",false,1,"GM0484"
"20240034944",2024,"Uitsluitend materiele schade",2,"Personenauto","Fiets","Flank","Rechte weg",50,"Niet brandend","Daglicht","Droog",\N,\N,"Academiesingel","Breda","Breda","Noord-Brabant",false,51.593004,4.779663,"material damage only","4","clear",false,1,"GM0758"
"20240031778",2024,"Uitsluitend materiele schade",2,"Fiets","Personenauto","Los voorwerp","Kruispunt, 4 takken",60,"Niet brandend","Daglicht","Droog",\N,\N,"Harreweg","Schiedam","Schiedam","Zuid-Holland",false,51.95235,4.369936,"material damage only","4","clear",false,1,"GM0606"
"20240034977",2024,"Letsel",2,"Personenauto","Fiets","Onbekend","Kruispunt, 4 takken",30,"Niet brandend","Daglicht","Droog",\N,\N,"Lage Witsiebaan","Tilburg","Tilburg","Noord-Brabant",false,51.573067,5.061806,"injury","2","clear",false,1,"GM0855"
"20240035088",2024,"Letsel",2,"Fiets","Voetganger","Voetganger","Kruispunt, 3 takken",30,"Niet brandend","Daglicht","Droog",\N,\N,"Kruisstraat","Eindhoven","Eindhoven","Noord-Brabant",false,51.448405,5.475025,"injury","2","clear",false,1,"GM0772"
"20220169482",2022,"Letsel",2,"Personenauto","e-bike","Flank","Kruispunt, 4 takken",50,"Niet brandend","Daglicht","Droog",\N,\N,"Tuinstraat","Lochem","Lochem","Gelderland",false,52.160675,6.418519,"injury","2","clear",false,1,"GM0262"
"20220176708",2022,"Uitsluitend materiele schade",2,"Fiets","Personenauto","Flank","Rechte weg",50,\N,"Schemer","Droog",\N,\N,"Schweitzerlaan","Amstelveen","Amstelveen","Noord-Holland",false,52.287078,4.822266,"material damage only","4","clear",false,1,"GM0362"
"20220179491",2022,"Letsel",1,"e-bike",\N,"Eenzijdig","Rotonde",60,"Niet brandend","Daglicht","Droog",\N,\N,"Kerkweg","Bodegraven","Bodegraven-Reeuwijk","Zuid-Holland",false,52.097787,4.738762,"injury","2","clear",false,1,"GM1901"
"20220144555",2022,"Letsel",2,"Personenauto","Fiets","Flank","Rechte weg",50,"Niet aanwezig","Daglicht","Droog",\N,"600746666","Burg Bakhuizenlaan","Leimuiden","Kaag en Braassem","Zuid-Holland",false,52.225757,4.68039,"injury","2","clear",false,1,"GM1884"
"20220146497",2022,"Letsel",3,"Fiets","Fiets","Onbekend","Rotonde",50,"Niet brandend","Daglicht","Droog",\N,\N,"Weena","Rotterdam","Rotterdam","Zuid-Holland",false,51.924006,4.476347,"injury","2","clear",false,1,"GM0599"
"20220154780",2022,"Letsel",1,"Fiets",\N,"Eenzijdig","Rechte weg",30,"Niet brandend","Daglicht","Droog",\N,"197373004","Blinkertweg","Zandvoort","Zandvoort","Noord-Holland",false,52.372925,4.567993,"injury","2","clear",false,1,"GM0473"
"20220168384",2022,"Letsel",2,"Fiets",\N,"Eenzijdig","Rechte weg",80,"Niet brandend","Daglicht","Droog",\N,"438278006","Gaanderenseweg","Doetinchem","Doetinchem","Gelderland",false,51.937845,6.322151,"injury","2","clear",false,1,"GM0222"
"20220180841",2022,"Letsel",2,"Fiets","Fiets","Onbekend","Rechte weg",50,"Niet brandend","Daglicht","Droog",\N,"165305055","Steenlaan","Rijswijk","Rijswijk","Zuid-Holland",false,52.056413,4.331238,"injury","2","clear",false,1,\N
"20220185725",2022,"Uitsluitend materiele schade",2,"Personenauto","Fiets","Flank","Rotonde",50,"Niet brandend","Daglicht","Droog",\N,\N,"Haringvlietstraat","Zierikzee","Schouwen-Duiveland","Zeeland",false,51.653181,3.912088,"material damage only","4","clear",false,1,"GM1676"
"20220124513",2022,"Letsel",2,"Snorfiets","e-bike","Kop/staart","Kruispunt, 4 takken",\N,"Niet brandend","Daglicht","Droog",\N,\N,"Bar van Wijkersloothstr","Katwijk","Katwijk","Zuid-Holland",false,52.190746,4.427025,"injury","2","clear",false,1,"GM0537"
"20220138876",2022,"Letsel",2,"Fiets","Personenauto","Flank","Kruispunt, 4 takken",50,"Niet brandend","Daglicht","Droog",\N,\N,"Raadhuisstraat","Veenendaal","Veenendaal","Utrecht",false,52.023115,5.562713,"injury","2","clear",false,1,"GM0345"
"20220152848",2022,"Uitsluitend materiele schade",2,"Fiets","Personenauto","Flank","Rotonde",50,"Niet brandend","Daglicht","Droog",\N,\N,"Flevoweg","Kampen","Kampen","Overijssel",false,52.556692,5.904275,"material damage only","4","clear",false,1,"GM0166"
"20220153653",2022,"Uitsluitend materiele schade",1,"Fiets",\N,"Eenzijdig","Rechte weg",50,"Brandend","Duisternis","Droog",\N,"271313112","Amsterdamsestraatweg","Utrecht","Utrecht","Utrecht",false,52.097231,5.105989,"material damage only","4","clear",false,1,"GM0344"
"20220187172",2022,"Uitsluitend materiele schade",2,"Personenauto","e-bike","Flank","Kruispunt, 4 takken",60,"Brandend","Duisternis","Droog",\N,\N,"MOERGESTEL 9","Moergestel","Oisterwijk","Noord-Brabant",false,51.535171,5.179083,"material damage only","4","clear",false,1,"GM0824"
"20220124653",2022,"Letsel",2,"Bromfiets","Fiets","Flank","Bocht",\N,"Brandend","Schemer",\N,\N,\N,"Lijnbaan","'s-Gravenhage","'s-Gravenhage","Zuid-Holland",false,52.072289,4.300054,"injury","2","unknown",false,1,"GM0518"
"20220125899",2022,"Letsel",2,"Fiets","Fiets","Onbekend","Rechte weg",30,"Niet brandend","Daglicht","Droog",\N,"233329003","Prolkade","Noorden","Nieuwkoop","Zuid-Holland",false,52.167431,4.829169,"injury","2","clear",false,1,"GM0569"
"20220136998",2022,"Letsel",2,"Fiets","Fiets","Flank","Rechte weg",15,"Niet brandend","Daglicht","Droog",\N,"348300029","Nieuwe Stationsstraat","Ede","Ede","Gelderland",false,52.042438,5.668722,"injury","2","clear",false,1,"GM0228"
"20220142117",2022,"Uitsluitend materiele schade",2,"Fiets","e-bike","Frontaal","Rechte weg",30,"Niet brandend","Daglicht","Droog",\N,"600764976","Alexanderkade","Amsterdam","Amsterdam","Noord-Holland",false,52.366354,4.926138,"material damage only","4","clear",false,1,"GM0363"
"20220161417",2022,"Letsel",2,"Personenauto","Fiets","Flank","Kruispunt, 4 takken",50,"Niet brandend","Daglicht","Regen",\N,\N,"Stationsweg","Leeuwarden","Leeuwarden","Friesland",false,53.196842,5.793413,"injury","2","rain",false,1,"GM0080"
"20220167165",2022,"Uitsluitend materiele schade",2,"Personenauto","Fiets","Flank","Rechte weg",50,"Niet brandend","Daglicht","Droog",\N,"465361040","Oranjestraat","Rijssen","Rijssen-Holten","Overijssel",false,52.307491,6.524438,"material damage only","4","clear",false,1,"GM1742"
"20220172186",2022,"Uitsluitend materiele schade",2,"Personenauto","Fiets","Flank","Kruispunt, 4 takken",50,"Brandend","Duisternis","Droog",\N,\N,"Amsterdamsestraatweg","Utrecht","Utrecht","Utrecht",false,52.101288,5.099057,"material damage only","4","clear",false,1,"GM0344"
"20220174762",2022,"Uitsluitend materiele schade",3,"Personenauto","Fiets","Los voorwerp","Rechte weg",30,"Niet brandend","Daglicht","Droog",\N,"211361008","IJweg","Hoofddorp","Haarlemmermeer","Noord-Holland",false,52.312557,4.662782,"material damage only","4","clear",false,1,"GM0394"
"20220125938",2022,"Uitsluitend materiele schade",2,"Personenauto","Fiets","Flank","Kruispunt, 4 takken",30,"Niet brandend","Daglicht","Droog",\N,\N,"Mijnsherenlaan","Rotterdam","Rotterdam","Zuid-Holland",false,51.89142,4.489495,"material damage only","4","clear",false,1,"GM0599"
"20220126890",2022,"Letsel",2,"Personenauto","Fiets","Flank","Kruispunt, 4 takken",30,"Niet brandend","Daglicht","Droog",\N,\N,"Scheidingslaan","Papendrecht","Papendrecht","Zuid-Holland",false,51.829403,4.688243,"injury","2","clear",false,1,"GM0590"
"20220137075",2022,"Uitsluitend materiele schade",2,"Personenauto","Fiets","Flank","Kruispunt, 4 takken",\N,"Niet brandend","Daglicht","Droog",\N,\N,"Broekheurnerrondweg","Enschede","Enschede","Overijssel",false,52.200128,6.862584,"material damage only","4","clear",false,1,"GM0153"
"20220139009",2022,"Letsel",2,"Personenauto","Fiets","Flank","Rechte weg",60,"Niet brandend","Daglicht","Droog",\N,"600945109","Herenweg","Egmond-Binnen","Bergen (NH)","Noord-Holland",false,52.608106,4.650685,"injury","2","clear",false,1,\N
"20220143589",2022,"Letsel",1,"Fiets",\N,"Eenzijdig","Kruispunt, 4 takken",\N,"Niet brandend","Daglicht","Droog",\N,\N,"Violiervaart","Zoetermeer","Zoetermeer","Zuid-Holland",false,52.06426,4.503182,"injury","2","clear",false,1,"GM0637"
"20220173484",2022,"Uitsluitend materiele schade",2,"Personenauto","e-bike","Frontaal","Kruispunt, 4 takken",30,"Niet brandend","Daglicht","Regen",\N,\N,"Schoener 30","Lelystad","Lelystad","Flevoland",false,52.501591,5.462183,"material damage only","4","rain",false,1,"GM0995"
"20220177914",2022,"Uitsluitend materiele schade",3,"Personenauto","e-bike","Onbekend","Rotonde",30,"Niet brandend","Daglicht","Droog",\N,\N,"Louis Davidsstraat","Amsterdam","Amsterdam","Noord-Holland",false,52.351001,4.8111,"material damage only","4","clear",false,1,"GM0363"
"20220180427",2022,"Uitsluitend materiele schade",1,"Fiets",\N,"Eenzijdig","Rechte weg",30,"Niet brandend","Duisternis","Droog","Brug/viaduct","210320065","Pieter Doelmanstraat","Alphen aan den Rijn","Alphen aan den Rijn","Zuid-Holland",false,52.128801,4.663131,"material damage only","4","clear",false,1,"GM0484"
"20220197966",2022,"Letsel",3,"Personenauto","Fiets","Onbekend","Kruispunt, 4 takken",50,"Niet brandend","Daglicht","Regen",\N,\N,"Lichtenvoordseweg","Groenlo","Oost Gelre","Gelderland",false,52.038197,6.618531,"injury","2","rain",false,1,"GM1586"
"20220129541",2022,"Uitsluitend materiele schade",2,"Fiets","Fiets","Kop/staart","Rechte weg",60,"Niet brandend","Daglicht","Droog",\N,"600709172","Schenkeldijk","Brouwershaven","Schouwen-Duiveland","Zeeland",false,51.713451,3.916376,"material damage only","4","clear",false,1,"GM1676"
"20220146732",2022,"Uitsluitend materiele schade",2,"Personenauto","Fiets","Flank","Rotonde",50,"Brandend","Duisternis","Droog",\N,\N,"FIETSPAD","Rotterdam","Rotterdam","Zuid-Holland",false,51.920014,4.443596,"material damage only","4","clear",false,1,"GM0599"
"20220122372",2022,"Letsel",2,"Fiets","Fiets","Onbekend","Rechte weg",\N,"Niet brandend","Daglicht","Droog",\N,"222436074","Oude Kanaaldijk","Alkmaar","Alkmaar","Noord-Holland",false,52.647439,4.744166,"injury","2","clear",false,1,"GM0361"
"20220123601",2022,"Uitsluitend materiele schade",2,"Trein/tram","Fiets","Los voorwerp","Kruispunt, 4 takken",50,"Niet brandend","Daglicht","Droog","Spoorwegovergang",\N,"Buitenveldertselaan","Amsterdam","Amsterdam","Noord-Holland",false,52.3277,4.868694,"material damage only","4","clear",false,1,"GM0363"
"20220157526",2022,"Letsel",2,"Personenauto","Fiets","Flank","Rotonde",30,"Brandend","Schemer","Droog",\N,\N,"Nieuweweg","Hardinxveld-Giessendam","Hardinxveld-Giessendam","Zuid-Holland",false,51.825735,4.844781,"injury","2","clear",false,1,"GM0523"
"20220161605",2022,"Uitsluitend materiele schade",2,"Personenauto","Fiets","Flank","Kruispunt, 4 takken",30,"Niet brandend","Daglicht",\N,\N,\N,"Atlantakade","Hoogezand","Midden-Groningen","Groningen",false,53.159233,6.754825,"material damage only","4","unknown",false,1,"GM1952"