"accident_id","year","severity_raw","party_count","party1_type","party2_type","accident_type","road_situation","speed_limit_kmh","road_lighting","light_condition_label","weather_raw","infra_type","road_segment_id","street_name","place_name","gemeente_name_raw","province","alcohol_indicated","latitude","longitude","severity_label","severity_code","weather_label","built_up_area","cyclists_involved","gemeente_code"
"20220178855",2022,"Letsel",1,"Fiets",\N,"Eenzijdig","Kruispunt, 3 takken",15,"Brandend","Duisternis","Regen",\N,\N,"Voorhofdreef","Delft","Delft","Zuid-Holland",false,51.989377,4.358392,"injury","2","rain",false,1,"GM0503"
"20220179405",2022,"Letsel",1,"e-bike",\N,"Eenzijdig","Kruispunt, 4 takken",30,"Niet brandend","Daglicht","Droog",\N,\N,"Julianastraat","Rijswijk","Rijswijk","Zuid-Holland",false,52.054177,4.335669,"injury","2","clear",false,1,\N
"20220179964",2022,"Letsel",2,"Fiets","Fiets","Frontaal","Bocht",60,"Niet aanwezig","Daglicht","Droog",\N,"600398228","De Wassenaarse Slag","Wassenaar","Wassenaar","Zuid-Holland",false,52.161962,4.360718,"injury","2","clear",false,1,"GM0629"
"20220118485",2022,"Letsel",2,"e-bike","Overig vast object","Vast voorwerp","Rechte weg",30,"Niet brandend","Daglicht","Droog",\N,"386241015","Kloosterstraat","Groesbeek","Berg en Dal","Gelderland",false,51.774651,5.943123,"injury","2","clear",false,1,"GM1945"
"20220125047",2022,"Letsel",2,"Snorfiets","Fiets","Onbekend","Rechte weg",50,"Niet brandend","Daglicht","Droog",\N,\N,"Beresteinlaan","'s-Gravenhage","'s-Gravenhage","Zuid-Holland",false,52.035074,4.263994,"injury","2","clear",false,1,"GM0518"
"20220143826",2022,"Letsel",2,"Trekker","Fiets","Flank","Kruispunt, 4 takken",\N,"Niet aanwezig","Daglicht","Droog",\N,\N,"Kattensingel","Gouda","Gouda","Zuid-Holland",false,52.01561,4.70957,"injury","2","clear",false,1,"GM0513"
"20220160329",2022,"Uitsluitend materiele schade",2,"Fiets","Personenauto","Flank","Kruispunt, 3 takken",30,"Niet brandend","Daglicht","Droog",\N,\N,"Werenfriedstraat","Waalre","Waalre","Noord-Brabant",false,51.38584,5.441404,"material damage only","4","clear",false,1,"GM0866"
"20220179476",2022,"Letsel",3,"Fiets","e-bike","Onbekend","Rechte weg",50,"Niet brandend","Duisternis","Droog",\N,"170292007","Rotterdamseweg","Delft","Delft","Zuid-Holland",false,51.996888,4.369906,"injury","2","clear",false,1,"GM0503"
"20220125129",2022,"Letsel",2,"Fiets","Fiets","Frontaal","Rotonde",\N,"Niet brandend","Daglicht","Droog",\N,\N,"Voorofscheweg","Boskoop","Alphen aan den Rijn","Zuid-Holland",false,52.074511,4.655263,"injury","2","clear",false,1,"GM0484"
"20220138244",2022,"Uitsluitend materiele schade",2,"Personenauto","Fiets","Flank","Kruispunt, 4 takken",30,"Niet brandend","Daglicht","Droog",\N,\N,"Griend 20","Lelystad","Lelystad","Flevoland",false,52.498954,5.485645,"material damage only","4","clear",false,1,"GM0995"
"20220155141",2022,"Letsel",2,"Fiets","Dier","Dier","Rechte weg",30,"Niet brandend","Daglicht","Droog",\N,"211401054","van Loenenlaan","Beverwijk","Beverwijk","Noord-Holland",false,52.491798,4.664436,"injury","2","clear",false,1,"GM0375"
"20220173816",2022,"Uitsluitend materiele schade",2,"Bromfiets","e-bike","Onbekend","Rechte weg",30,"Niet aanwezig","Daglicht","Droog","Tunnel","232386022","Cornelis Bruijnzeelweg","Zaandam","Zaanstad","Noord-Holland",false,52.427193,4.817522,"material damage only","4","clear",false,1,"GM0479"
"20220180039",2022,"Letsel",2,"Bromfiets","e-bike","Onbekend","Kruispunt, 3 takken",\N,"Niet brandend","Daglicht","Droog",\N,\N,"Het Kleine Loo","'s-Gravenhage","'s-Gravenhage","Zuid-Holland",false,52.094049,4.363201,"injury","2","clear",false,1,"GM0518"
"20220117136",2022,"Letsel",2,"Fiets","Lichtmast","Vast voorwerp","Bocht",50,"Niet brandend","Daglicht","Droog",\N,"496327034","Buurserstraat","Haaksbergen","Haaksbergen","Overijssel",false,52.153709,6.75384,"injury","2","clear",false,1,"GM0158"
"20220125184",2022,"Letsel",2,"Bromfiets","Fiets","Flank","Rechte weg",30,"Niet brandend","Daglicht","Droog",\N,"600392890","Hemsterhuisstraat","'s-Gravenhage","'s-Gravenhage","Zuid-Holland",false,52.079873,4.297434,"injury","2","clear",false,1,"GM0518"
"20220128592",2022,"Letsel",3,"Bromfiets","Fiets","Onbekend","Rechte weg",30,"Niet brandend","Daglicht","Droog",\N,"179271034","Vierhavensstraat","Rotterdam","Rotterdam","Zuid-Holland",false,51.908409,4.43778,"injury","2","clear",false,1,"GM0599"
"20220157681",2022,"Letsel",2,"Personenauto","Fiets","Onbekend","Rotonde",50,"Niet aanwezig","Daglicht","Droog",\N,\N,"FIETSPAD","Rotterdam","Rotterdam","Zuid-Holland",false,51.882149,4.536668,"injury","2","clear",false,1,"GM0599"
"20220164464",2022,"Uitsluitend materiele schade",2,"Personenauto","Fiets","Flank","Kruispunt, 3 takken",30,"Niet brandend","Daglicht","Droog",\N,\N,"Brinkstraat","Enschede","Enschede","Overijssel",false,52.211851,6.905158,"material damage only","4","clear",false,1,"GM0153"
"20220117254",2022,"Uitsluitend materiele schade",3,"Personenauto","Fiets","Flank","Rechte weg",50,"Niet brandend","Daglicht","Droog",\N,"289244013","Dorpsstraat","Bruchem","Zaltbommel","Gelderland",false,51.787184,5.238095,"material damage only","4","clear",false,1,"GM0297"
"20220157721",2022,"Uitsluitend materiele schade",2,"Personenauto","Fiets","Kop/staart","Rechte weg",30,"Brandend","Duisternis","Droog",\N,"600360977","Burgemeester Roosstraat","Rotterdam","Rotterdam","Zuid-Holland",false,51.931874,4.478939,"material damage only","4","clear",false,1,"GM0599"
"20220165456",2022,"Uitsluitend materiele schade",2,"Bestelauto","Fiets","Flank","Rotonde",50,"Niet brandend","Daglicht","Droog",\N,\N,"Kerkeakkers","Elst","Overbetuwe","Gelderland",false,51.916622,5.834566,"material damage only","4","clear",false,1,"GM1734"
"20220181395",2022,"Letsel",3,"Bestelauto","Fiets","Onbekend","Rechte weg",50,"Brandend","Duisternis",\N,\N,"204296074","Transportweg","Waddinxveen","Waddinxveen","Zuid-Holland",false,52.018449,4.623198,"injury","2","unknown",false,1,"GM0627"
"20220189174",2022,"Uitsluitend materiele schade",2,"Bromfiets","Fiets","Flank","Rechte weg",\N,"Brandend","Duisternis","Droog",\N,"600791073","Vughterweg","Sint-Michielsgestel","Sint-Michielsgestel","Noord-Brabant",false,51.648955,5.320362,"material damage only","4","clear",false,1,"GM0845"
"20220189231",2022,"Uitsluitend materiele schade",2,"Personenauto","Fiets","Frontaal","Kruispunt, 3 takken",50,"Niet brandend","Daglicht","Droog",\N,\N,"den Bongerd","Oirschot","Oirschot","Noord-Brabant",false,51.511512,5.302164,"material damage only","4","clear",false,1,"GM0823"
"20220122761",2022,"Letsel",1,"Fiets",\N,"Eenzijdig",\N,30,\N,"Daglicht",\N,\N,"220440004","Zakedijkje","Bergen (NH)","Bergen (NH)","Noord-Holland",false,52.667617,4.724064,"injury","2","unknown",false,1,\N
"20220123989",2022,"Letsel",2,"Personenauto","Fiets","Onbekend","Kruispunt, 4 takken",80,"Niet aanwezig","Daglicht","Droog",\N,\N,"Gooilandseweg","Weesp","Amsterdam","Noord-Holland",false,52.302396,5.036373,"injury","2","clear",false,1,"GM0363"
"20220121215",2022,"Uitsluitend materiele schade",2,"Personenauto","Fiets","Onbekend",\N,30,\N,"Daglicht",\N,\N,"280353042","Isaäc da Costalaan","Bussum","Gooise Meren","Noord-Holland",false,52.278863,5.171883,"material damage only","4","unknown",false,1,"GM1942"
"20220137525",2022,"Letsel",2,"Personenauto","Fiets","Flank","Rechte weg",50,"Niet brandend","Daglicht","Droog",\N,"407403076","Assendorperstraat","Zwolle","Zwolle","Overijssel",false,52.503165,6.105398,"injury","2","clear",false,1,"GM0193"
"20220156889",2022,"Letsel",3,"Fiets","Bestelauto","Onbekend","Rechte weg",30,"Niet aanwezig","Daglicht","Regen",\N,\N,"Ehrenfestweg","Leiden","Leiden","Zuid-Holland",false,52.166826,4.459974,"injury","2","rain",false,1,"GM0546"
"20220160747",2022,"Uitsluitend materiele schade",2,"Personenauto","Fiets","Onbekend","Kruispunt, 3 takken",50,"Niet aanwezig","Daglicht","Droog",\N,\N,"Bongerdstraat","Tegelen","Venlo","Limburg",false,51.343785,6.137319,"material damage only","4","clear",false,1,"GM0983"
"20220175511",2022,"Uitsluitend materiele schade",2,"e-bike","Personenauto","Kop/staart","Kruispunt, 4 takken",50,"Niet brandend","Daglicht","Droog",\N,\N,"Florastraat","Wormer","Wormerland","Noord-Holland",false,52.497985,4.808498,"material damage only","4","clear",false,1,"GM0880"
"20220166557",2022,"Uitsluitend materiele schade",2,"Fiets","Snorfiets","Onbekend","Kruispunt, 3 takken",30,"Niet brandend","Daglicht","Droog",\N,\N,"Vosdijk","Arnhem","Arnhem","Gelderland",false,51.98151,5.930914,"material damage only","4","clear",false,1,"GM0202"
"20220185446",2022,"Letsel",2,"Personenauto","Fiets","Flank","Kruispunt, 3 takken",50,"Niet brandend","Daglicht","Droog",\N,\N,"Kelvinring","Alblasserdam","Alblasserdam","Zuid-Holland",false,51.855525,4.675708,"injury","2","clear",false,1,"GM0482"
"20220193061",2022,"Letsel",2,"Personenauto","Fiets","Flank","Kruispunt, 4 takken",50,"Brandend","Duisternis","Droog",\N,\N,"Frans Halsstraat","Hoogezand","Midden-Groningen","Groningen",false,53.163832,6.764909,"injury","2","clear",false,1,"GM1952"
"20220131785",2022,"Letsel",1,"Fiets",\N,"Eenzijdig","Rechte weg",\N,"Niet brandend","Daglicht","Droog",\N,"322166013","Rechtestraat","Eindhoven","Eindhoven","Noord-Brabant",false,51.437824,5.479008,"injury","2","clear",false,1,"GM0772"
"20220137605",2022,"Uitsluitend materiele schade",2,"Fiets","Fiets","Frontaal","Rechte weg",50,"Brandend","Duisternis","Droog",\N,"600662262","FIETSPAD","Kerkdriel","Maasdriel","Gelderland",false,51.778167,5.330178,"material damage only","4","clear",false,1,"GM0263"
"20220143035",2022,"Uitsluitend materiele schade",2,"Fiets","Los voorwerp","Los voorwerp","Rechte weg",50,"Niet brandend","Daglicht","Droog",\N,"600105471","Statenlaan","'s-Gravenhage","'s-Gravenhage","Zuid-Holland",false,52.094224,4.273384,"material damage only","4","clear",false,1,"GM0518"
"20220150283",2022,"Letsel",2,"Bromfiets","Fiets","Onbekend","Rechte weg",60,"Niet brandend","Daglicht","Regen",\N,\N,"Randweg-Oost","Budel","Cranendonck","Noord-Brabant",false,51.295787,5.628121,"injury","2","rain",false,1,"GM1706"
"20220171789",2022,"Letsel",2,"Fiets","Fiets","Kop/staart","Rechte weg",30,"Niet brandend","Daglicht","Droog",\N,\N,"Wittevrouwensingel","Utrecht","Utrecht","Utrecht",false,52.092814,5.127963,"injury","2","clear",false,1,"GM0344"
"20220174377",2022,"Letsel",3,"e-bike","e-bike","Onbekend","Rechte weg",80,"Niet brandend","Daglicht","Droog",\N,"237544001","Postweg","De Cocksdorp","Texel","Noord-Holland",false,53.141376,4.853987,"injury","2","clear",false,1,"GM0448"
"20220186906",2022,"Uitsluitend materiele schade",2,"Personenauto","e-bike","Eenzijdig","Kruispunt, 4 takken",50,"Niet brandend","Daglicht","Droog",\N,\N,"Ringbaan-West","Tilburg","Tilburg","Noord-Brabant",false,51.550079,5.060263,"material damage only","4","clear",false,1,"GM0855"
"20220117840",2022,"Uitsluitend materiele schade",2,"Fiets","Fiets","Flank","Kruispunt, 3 takken",30,"Niet brandend","Daglicht","Droog",\N,\N,"Irenelaan","Ede","Ede","Gelderland",false,52.031373,5.664049,"material damage only","4","clear",false,1,"GM0228"
"20220125620",2022,"Letsel",2,"Motor","Fiets","Flank","Kruispunt, 4 takken",50,"Niet brandend","Daglicht","Droog",\N,\N,"Oost Ringdijk","Moordrecht","Zuidplas","Zuid-Holland",false,51.992538,4.673263,"injury","2","clear",false,1,"GM1892"
"20220147579",2022,"Uitsluitend materiele schade",2,"Personenauto","Fiets","Frontaal","Rechte weg",50,"Niet brandend","Daglicht","Droog",\N,"600488947","Borchwerf","Roosendaal","Roosendaal","Noord-Brabant",false,51.541955,4.456863,"material damage only","4","clear",false,1,"GM1674"
"20220152656",2022,"Letsel",2,"e-bike","Fiets","Frontaal","Rechte weg",80,"Niet brandend","Daglicht","Droog",\N,"600520527","Zelhemseweg","Ruurlo","Berkelland","Gelderland",false,52.056115,6.425125,"injury","2","clear",false,1,"GM1859"
"20220159888",2022,"Letsel",2,"Fiets","Voetganger","Voetganger","Rechte weg",60,"Niet brandend","Daglicht","Droog",\N,"600816717","Straatsven","Zeeland","Maashorst","Noord-Brabant",false,51.690078,5.660149,"injury","2","clear",false,1,"GM1991"
"20220197589",2022,"Letsel",2,"Fiets","Snorfiets","Frontaal","Rechte weg",30,"Niet brandend","Daglicht","Droog",\N,"324309011","Oosteinde","Scherpenzeel","Scherpenzeel","Gelderland",true,52.079158,5.493629,"injury","2","clear",false,1,"GM0279"
"20220117854",2022,"Letsel",2,"e-bike","Personenauto","Flank","Kruispunt, 3 takken",50,"Niet brandend","Daglicht","Droog",\N,\N,"Smidsweg","Nijverdal","Hellendoorn","Overijssel",false,52.364302,6.45478,"injury","2","clear",false,1,"GM0163"
"20220121667",2022,"Letsel",2,"Personenauto","Fiets","Flank","Kruispunt, 4 takken",30,"Niet brandend","Daglicht","Droog",\N,\N,"Wilgenlaan","Zwanenburg","Haarlemmermeer","Noord-Holland",false,52.379159,4.748372,"injury","2","clear",false,1,"GM0394"
"20220123015",2022,"Letsel",2,"Personenauto","Fiets","Flank","Rechte weg",30,"Niet brandend","Daglicht","Droog",\N,"194374070","Prinsesseweg","Zandvoort","Zandvoort","Noord-Holland",false,52.369413,4.538401,"injury","2","clear",false,1,"GM0473"
"20220125654",2022,"Letsel",3,"Fiets","Fiets","Onbekend","Rechte weg",60,"Niet brandend","Daglicht",\N,\N,\N,"De Wassenaarse Slag","Wassenaar","Wassenaar","Zuid-Holland",false,52.155213,4.383427,"injury","2","unknown",false,1,"GM0629"
"20220135898",2022,"Uitsluitend materiele schade",2,"Personenauto","Fiets","Flank","Rotonde",50,"Niet brandend","Daglicht","Regen",\N,\N,"Dr. Kolfflaan","Kampen","Kampen","Overijssel",false,52.560473,5.897009,"material damage only","4","rain",false,1,"GM0166"
"20220140315",2022,"Letsel",3,"Personenauto","Fiets","Geparkeerd voertuig","Rechte weg",30,"Niet brandend","Daglicht","Droog","Parkeervoorziening","214402107","Euratomplein","Heemskerk","Heemskerk","Noord-Holland",false,52.494971,4.686075,"injury","2","clear",false,1,"GM0396"
"20240084769",2024,"Letsel",1,"Fiets",\N,"Onbekend","Rechte weg",60,"Niet aanwezig","Daglicht","Droog",\N,"388262001","Waaldijk","Gendt","Lingewaard","Gelderland",false,51.870181,5.964218,"injury","2","clear",false,1,"GM1705"
"20240088018",2024,"Letsel",1,"Fiets",\N,"Onbekend","Rechte weg",30,"Niet brandend","Daglicht","Droog",\N,"156298027","Kerklaan","Wateringen","Westland","Zuid-Holland",false,52.027751,4.271574,"injury","2","clear",false,1,"GM1783"
"20240098434",2024,"Uitsluitend materiele schade",2,"Snorfiets","Fiets","Flank","Kruispunt, 4 takken",\N,"Niet brandend","Daglicht","Droog",\N,\N,"Ringdijk","Amsterdam","Amsterdam","Noord-Holland",false,52.349822,4.917049,"material damage only","4","clear",false,1,"GM0363"
"20240098750",2024,"Letsel",2,"Fiets","Bromfiets","Flank","Kruispunt, 3 takken",30,"Niet brandend","Daglicht","Droog",\N,\N,"Lekstraat","IJmuiden","Velsen","Noord-Holland",false,52.457171,4.609244,"injury","2","clear",false,1,"GM0453"
"20240076195",2024,"Uitsluitend materiele schade",1,"Fiets",\N,"Onbekend","Rechte weg",\N,"Niet brandend","Daglicht","Droog",\N,"385417079","Zeegravensingel","IJsselmuiden","Kampen","Overijssel",false,52.564312,5.946851,"material damage only","4","clear",false,1,"GM0166"
"20240082895",2024,"Letsel",3,"Personenauto","Fiets","Onbekend","Kruispunt, 4 takken",80,"Niet brandend","Daglicht","Droog","Parkeervoorziening","600928478","Rampweg","Scharendijke","Schouwen-Duiveland","Zeeland",false,51.738455,3.819994,"injury","2","clear",false,1,"GM1676"
"20240086069",2024,"Letsel",2,"Personenauto","Fiets","Onbekend","Kruispunt, 4 takken",30,"Niet brandend","Schemer","Droog",\N,\N,"Boschlust","Appelscha","Ooststellingwerf","Friesland",false,52.954026,6.339392,"injury","2","clear",false,1,"GM0085"
"20240090046",2024,"Uitsluitend materiele schade",2,"Fiets","Fiets","Onbekend",\N,50,\N,"Daglicht",\N,\N,"600536601","Duindoornstraat","Breda","Breda","Noord-Brabant",false,51.588313,4.750564,"material damage only","4","unknown",false,1,"GM0758"
"20240091979",2024,"Uitsluitend materiele schade",2,"Personenauto","Fiets","Frontaal","Kruispunt, 3 takken",50,"Niet aanwezig","Daglicht","Droog",\N,\N,"Palmstraat","Oss","Oss","Noord-Brabant",false,51.758619,5.52867,"material damage only","4","clear",false,1,"GM0828"
"20240097480",2024,"Letsel",2,"Bestelauto","Fiets","Frontaal","Kruispunt, 3 takken",30,"Niet brandend","Daglicht","Droog",\N,\N,"Spiegheldreef","Leiderdorp","Leiderdorp","Zuid-Holland",false,52.166037,4.53553,"injury","2","clear",false,1,"GM0547"
"20240097757",2024,"Uitsluitend materiele schade",2,"Personenauto","Fiets","Flank","Rotonde",30,"Niet brandend","Daglicht","Droog",\N,\N,"HAARLEMMERMEERCIRCUIT","Amsterdam","Amsterdam","Noord-Holland",false,52.349554,4.857015,"material damage only","4","clear",false,1,"GM0363"
"20240101289",2024,"Letsel",2,"Fiets","Personenauto","Flank","Rechte weg",50,"Niet brandend","Daglicht","Droog",\N,"225292044","Hoogstraat","Haastrecht","Krimpenerwaard","Zuid-Holland",false,52.001634,4.774326,"injury","2","clear",false,1,"GM1931"
"20240078494",2024,"Letsel",1,"Fiets",\N,"Onbekend","Rechte weg",30,\N,"Daglicht","Droog",\N,"600728078","Churchilllaan","Leiden","Leiden","Zuid-Holland",false,52.15399,4.472724,"injury","2","clear",false,1,"GM0546"
"20240087490",2024,"Letsel",2,"Personenauto","Fiets","Flank","Rechte weg",80,\N,"Daglicht","Regen",\N,\N,"Cuneraweg","Rhenen","Rhenen","Utrecht",false,51.988574,5.565704,"injury","2","rain",false,1,"GM0340"
"20240090067",2024,"Letsel",3,"Fiets","Fiets","Onbekend",\N,\N,\N,"Daglicht",\N,\N,"58170017","Vlamingstraat","Vlissingen","Vlissingen","Zeeland",true,51.443715,3.576327,"injury","2","unknown",false,1,"GM0718"
"20240092120",2024,"Uitsluitend materiele schade",2,"Bestelauto","e-bike","Flank","Rechte weg",50,"Niet brandend","Daglicht","Droog",\N,\N,"Industrieweg","Mierlo","Geldrop-Mierlo","Noord-Brabant",false,51.44768,5.626315,"material damage only","4","clear",false,1,"GM1771"
"20240046027",2024,"Letsel",1,"Fiets",\N,"Onbekend","Rechte weg",60,"Niet brandend","Daglicht","Droog",\N,\N,"Spiekerdijk","Aalten","Aalten","Gelderland",false,51.925371,6.642681,"injury","2","clear",false,1,"GM0197"
"20240046054",2024,"Uitsluitend materiele schade",2,"Personenauto","Fiets","Flank","Kruispunt, 4 takken",30,"Niet brandend","Daglicht","Regen",\N,\N,"Couperuslaan","Harderwijk","Harderwijk","Gelderland",false,52.344202,5.62816,"material damage only","4","rain",false,1,"GM0243"
"20240050324",2024,"Uitsluitend materiele schade",2,"Fiets","Fiets","Flank","Bocht",50,"Niet brandend","Daglicht","Droog",\N,"600716910","Erasmusweg","'s-Gravenhage","'s-Gravenhage","Zuid-Holland",false,52.054428,4.307394,"material damage only","4","clear",false,1,"GM0518"
"20240071470",2024,"Letsel",2,"Personenauto","Fiets","Flank","Rechte weg",15,"Brandend","Duisternis","Droog",\N,"180329009","Voorschoterweg","Valkenburg","Katwijk","Zuid-Holland",false,52.164912,4.444986,"injury","2","clear",false,1,"GM0537"
"20240073308",2024,"Letsel",1,"Fiets",\N,"Onbekend",\N,50,\N,"Daglicht",\N,\N,"377036023","Strucht","Schin op Geul","Valkenburg aan de Geul","Limburg",false,50.851175,5.866364,"injury","2","unknown",false,1,"GM0994"
"20240076286",2024,"Letsel",3,"Fiets","Snorfiets","Flank","Rechte weg",30,"Niet brandend","Daglicht","Droog",\N,"364558181","Nieuwestad","Leeuwarden","Leeuwarden","Friesland",false,53.200614,5.795811,"injury","2","clear",false,1,"GM0080"
"20240077910",2024,"Letsel",2,"Fiets","Vrachtauto","Onbekend","Bocht",60,"Niet aanwezig","Daglicht","Droog",\N,"231338011","de Hoef Oostzijde","de Hoef","De Ronde Venen","Utrecht",false,52.212688,4.815406,"injury","2","clear",false,1,"GM0736"
"20240085504",2024,"Letsel",2,"Landbouwvoertuig","Fiets","Flank","Rechte weg",80,"Niet brandend","Daglicht","Droog",\N,"600669974","Bornerbroekseweg","Enter","Wierden","Overijssel",false,52.30511,6.603545,"injury","2","clear",false,1,"GM0189"
"20240086853",2024,"Uitsluitend materiele schade",2,"Landbouwvoertuig","Fiets","Frontaal","Rechte weg",60,"Niet aanwezig","Duisternis","Droog",\N,"600764366","Waardsedijk","Montfoort","Montfoort","Utrecht",false,52.041838,4.932218,"material damage only","4","clear",false,1,"GM0335"
"20240089450",2024,"Letsel",2,"Fiets","Overig vast object","Vast voorwerp","Rechte weg",30,"Niet brandend","Daglicht","Droog",\N,"165309033","Schenkkade","'s-Gravenhage","'s-Gravenhage","Zuid-Holland",false,52.077464,4.33583,"injury","2","clear",false,1,"GM0518"
"20240091368",2024,"Letsel",2,"Snorfiets","Fiets","Frontaal","Bocht",30,"Niet brandend","Daglicht","Droog",\N,"601092648","Krommeweg","Hendrik-Ido-Ambacht","Hendrik-Ido-Ambacht","Zuid-Holland",true,51.831591,4.636639,"injury","2","clear",false,1,"GM0531"
"20240092465",2024,"Uitsluitend materiele schade",2,"Fiets","Fiets","Flank","Kruispunt, 4 takken",30,"Niet brandend","Daglicht","Droog","Brug/viaduct",\N,"Haanwijk","Sint-Michielsgestel","Sint-Michielsgestel","Noord-Brabant",false,51.649657,5.322823,"material damage only","4","clear",false,1,"GM0845"
"20240094229",2024,"Letsel",2,"Fiets","Scootmobiel","Onbekend","Rechte weg",30,"Niet brandend","Daglicht","Droog",\N,"364558212","Nieuweweg","Leeuwarden","Leeuwarden","Friesland",false,53.199097,5.797049,"injury","2","clear",false,1,"GM0080"
"20240075701",2024,"Letsel",2,"Personenauto","Fiets","Flank","Kruispunt, 3 takken",60,"Niet brandend","Daglicht","Droog",\N,\N,"Felland","Haren Gn","Groningen","Groningen",false,53.163922,6.629271,"injury","2","clear",false,1,"GM0014"
"20240081706",2024,"Uitsluitend materiele schade",2,"Bestelauto","Fiets","Flank","Kruispunt, 3 takken",30,\N,"Daglicht",\N,\N,\N,"Emiratenstraat","Delft","Delft","Zuid-Holland",false,51.977787,4.344343,"material damage only","4","unknown",false,1,"GM0503"
"20240085573",2024,"Letsel",1,"Fiets",\N,"Onbekend","Rechte weg",30,"Niet brandend","Daglicht","Droog",\N,\N,"Elskampweg","Luttenberg","Raalte","Overijssel",false,52.406319,6.365347,"injury","2","clear",false,1,"GM0177"
"20240087569",2024,"Uitsluitend materiele schade",1,"Fiets",\N,"Onbekend","Rotonde",50,"Niet brandend","Daglicht","Droog",\N,"383272039","Karstraat","Huissen","Lingewaard","Gelderland",false,51.914708,5.922006,"material damage only","4","clear",false,1,"GM1705"
"20240081721",2024,"Letsel",1,"Fiets",\N,"Onbekend","Rechte weg",30,"Niet brandend","Daglicht","Droog",\N,\N,"Gooweg","Noordwijkerhout","Noordwijk","Zuid-Holland",false,52.251689,4.476452,"injury","2","clear",false,1,"GM0575"
"20240083712",2024,"Letsel",2,"Vrachtauto","Fiets","Onbekend","Rotonde",50,"Niet brandend","Daglicht","Droog",\N,\N,"Doornboomstraat","Oost West en Middelbeers","Oirschot","Noord-Brabant",false,51.467645,5.250736,"injury","2","clear",false,1,"GM0823"
"20240070908",2024,"Letsel",2,"Personenauto","Fiets","Geparkeerd voertuig","Rechte weg",50,"Niet brandend","Daglicht","Droog",\N,"188265103","Dordtsestraatweg","Rotterdam","Rotterdam","Zuid-Holland",false,51.881028,4.505807,"injury","2","clear",false,1,"GM0599"
"20240079819",2024,"Letsel",2,"e-bike","Personenauto","Onbekend","Kruispunt, 3 takken",50,"Niet brandend","Daglicht","Droog",\N,\N,"Zuiderstraat","Haarlem","Haarlem","Noord-Holland",false,52.380964,4.632121,"injury","2","clear",false,1,"GM0392"
"20240086977",2024,"Uitsluitend materiele schade",2,"Snorfiets","Fiets","Flank","Kruispunt, 3 takken",30,"Niet brandend","Daglicht","Droog",\N,\N,"FIETSPAD","Woerden","Woerden","Utrecht",false,52.077207,4.901117,"material damage only","4","clear",false,1,"GM0632"
"20240096325",2024,"Letsel",2,"Personenauto","Fiets","Flank","Bocht",30,"Niet brandend","Daglicht","Droog",\N,\N,"Kometenstraat","Hilversum","Hilversum","Noord-Holland",false,52.232233,5.194708,"injury","2","clear",false,1,"GM0402"
"20240044002",2024,"Uitsluitend materiele schade",2,"Personenauto","Fiets","Onbekend","Rechte weg",50,"Niet brandend","Daglicht","Droog",\N,"322167138","Stationsplein","Eindhoven","Eindhoven","Noord-Brabant",false,51.441645,5.480673,"material damage only","4","clear",false,1,"GM0772"
"20240075780",2024,"Uitsluitend materiele schade",2,"Personenauto","Fiets","Frontaal","Bocht",50,"Niet brandend","Daglicht","Droog",\N,"409405087","Dokter van Deenweg","Zwolle","Zwolle","Overijssel",false,52.509758,6.123281,"material damage only","4","clear",false,1,"GM0193"
"20240084453",2024,"Uitsluitend materiele schade",2,"Personenauto","Fiets","Flank","Kruispunt, 4 takken",50,"Niet brandend","Daglicht","Droog",\N,\N,"Terwindtstraat","Nijmegen","Nijmegen","Gelderland",false,51.845494,5.875139,"material damage only","4","clear",false,1,"GM0268"
"20240084465",2024,"Letsel",2,"Personenauto","Fiets","Flank","Kruispunt, 4 takken",30,"Niet brandend","Daglicht","Droog",\N,\N,"Pleijendal","Dalfsen","Dalfsen","Overijssel",false,52.506899,6.260864,"injury","2","clear",false,1,"GM0148"
"20240091547",2024,"Letsel",1,"Fiets",\N,"Onbekend","Bocht",15,"Brandend","Duisternis","Droog",\N,"600737079","Haven","Hillegom","Hillegom","Zuid-Holland",false,52.28775,4.586229,"injury","2","clear",false,1,"GM0534"
"20240094822",2024,"Letsel",2,"Fiets","Fiets","Flank","Rechte weg",30,"Niet brandend","Daglicht","Droog","Brug/viaduct","373255032","Graafseweg","Nijmegen","Nijmegen","Gelderland",false,51.83742,5.847496,"injury","2","clear",false,1,"GM0268"
"20240101862",2024,"Uitsluitend materiele schade",2,"Bestelauto","Fiets","Flank","Kruispunt, 4 takken",50,"Niet brandend","Daglicht","Regen",\N,\N,"Albers Pistoriusstraat","Aarle-Rixtel","Laarbeek","Noord-Brabant",false,51.513206,5.654916,"material damage only","4","rain",false,1,"GM1659"
"20240044705",2024,"Letsel",2,"Fiets","Bestelauto","Flank","Kruispunt, 4 takken",30,"Niet brandend","Daglicht","Droog",\N,\N,"Ptr van den Elsenstraat","Grave","Land van Cuijk","Noord-Brabant",false,51.761289,5.735273,"injury","2","clear",false,1,"GM1982"
"20240049862",2024,"Uitsluitend materiele schade",2,"Personenauto","Fiets","Onbekend","Kruispunt, 3 takken",30,"Niet brandend","Daglicht",\N,\N,\N,"Elzenstraat","Amsterdam","Amsterdam","Noord-Holland",false,52.391967,4.916184,"material damage only","4","unknown",false,1,"GM0363"
"20240075837",2024,"Letsel",2,"Personenauto","Fiets","Onbekend","Rechte weg",30,"Niet brandend","Daglicht","Droog",\N,"515341008","Wooldriksweg","Enschede","Enschede","Overijssel",false,52.214174,6.89137,"injury","2","clear",false,1,"GM0153"