"accident_id","year","severity_raw","party_count","party1_type","party2_type","accident_type","road_situation","speed_limit_kmh","road_lighting","light_condition_label","weather_raw","infra_type","road_segment_id","street_name","place_name","gemeente_name_raw","province","alcohol_indicated","latitude","longitude","severity_label","severity_code","weather_label","built_up_area","cyclists_involved","gemeente_code"
"20240087067",2024,"Letsel",1,"Fiets",\N,"Onbekend",\N,30,\N,"Daglicht",\N,\N,"211362055","Bunderbos","Hoofddorp","Haarlemmermeer","Noord-Holland",false,52.316282,4.665756,"injury","2","unknown",false,1,"GM0394"
"20240091576",2024,"Letsel",1,"Fiets",\N,"Onbekend","Rechte weg",30,"Brandend","Duisternis","Droog",\N,"600909822","Diergaardesingel","Rotterdam","Rotterdam","Zuid-Holland",false,51.922101,4.466142,"injury","2","clear",false,1,"GM0599"
"20240102772",2024,"Uitsluitend materiele schade",2,"Personenauto","Fiets","Flank","Rotonde",30,"Niet brandend","Daglicht","Regen",\N,\N,"Bisschopshoeve","Breda","Breda","Noord-Brabant",false,51.58866,4.821019,"material damage only","4","rain",false,1,"GM0758"
"20240098785",2024,"Letsel",2,"Bestelauto","Fiets","Flank","Kruispunt, 4 takken",30,"Niet brandend","Daglicht","Regen",\N,\N,"Generaal Cronjéstraat","Haarlem","Haarlem","Noord-Holland",false,52.394061,4.641724,"injury","2","rain",false,1,"GM0392"
"20240079338",2024,"Uitsluitend materiele schade",2,"Fiets","Personenauto","Flank","Rechte weg",30,"Niet brandend","Daglicht","Droog",\N,\N,"Akoleienstraat","Amsterdam","Amsterdam","Noord-Holland",false,52.372832,4.878407,"material damage only","4","clear",false,1,"GM0363"
"20240081918",2024,"Letsel",1,"Fiets",\N,"Onbekend","Bocht",30,"Niet brandend","Daglicht","Droog",\N,"207329002","Comriekade","Woubrugge","Kaag en Braassem","Zuid-Holland",false,52.169099,4.637842,"injury","2","clear",false,1,"GM1884"
"20240084543",2024,"Letsel",2,"Personenauto","Fiets","Flank","Kruispunt, 3 takken",50,"Niet brandend","Daglicht","Droog",\N,\N,"Weerselosestraat","Ootmarsum","Dinkelland","Overijssel",false,52.403565,6.8961,"injury","2","clear",false,1,"GM1774"
"20240099064",2024,"Uitsluitend materiele schade",2,"Personenauto","Fiets","Flank","Kruispunt, 4 takken",50,"Niet brandend","Daglicht","Droog",\N,\N,"Lijnderdijk","Lijnden","Haarlemmermeer","Noord-Holland",true,52.371527,4.758126,"material damage only","4","clear",false,1,"GM0394"
"20240044138",2024,"Uitsluitend materiele schade",2,"Personenauto","Fiets","Frontaal","Kruispunt, 3 takken",80,"Niet brandend","Daglicht","Regen",\N,\N,"Rolduckerweg","Simpelveld","Simpelveld","Limburg",false,50.836938,5.985289,"material damage only","4","rain",false,1,"GM0965"
"20240082606",2024,"Letsel",2,"Fiets",\N,"Frontaal","Rechte weg",50,"Brandend","Duisternis","Droog",\N,"600819350","Varenschut","Helmond","Helmond","Noord-Brabant",false,51.464924,5.689512,"injury","2","clear",false,1,"GM0794"
"20240085144",2024,"Letsel",1,"Fiets",\N,"Onbekend",\N,50,\N,"Daglicht",\N,\N,\N,"Graslaan","Almelo","Almelo","Overijssel",false,52.351071,6.620089,"injury","2","unknown",false,1,"GM0141"
"20240091012",2024,"Letsel",2,\N,"Fiets","Onbekend","Rechte weg",30,"Niet brandend","Daglicht","Droog",\N,"600388563","Fenacoliuslaan","Maassluis","Maassluis","Zuid-Holland",false,51.918657,4.250297,"injury","2","clear",false,1,"GM0556"
"20240094478",2024,"Uitsluitend materiele schade",2,"Bromfiets","Fiets","Los voorwerp","Rechte weg",\N,"Niet brandend","Duisternis","Droog",\N,"600501556","Steenweg Noord","Neerijnen","West Betuwe","Gelderland",false,51.857106,5.279787,"material damage only","4","clear",false,1,"GM1960"
"20240098870",2024,"Uitsluitend materiele schade",2,"Personenauto","Fiets","Flank","Kruispunt, 4 takken",50,"Niet brandend","Daglicht","Regen",\N,\N,"Zuidtangent","Heerhugowaard","Dijk en Waard","Noord-Holland",false,52.657591,4.840162,"material damage only","4","rain",false,1,"GM1980"
"20240099251",2024,"Uitsluitend materiele schade",2,"Brommobiel","Fiets","Frontaal","Rechte weg",60,"Niet aanwezig","Daglicht","Droog",\N,"91235001","Rampweg","Noordwelle","Schouwen-Duiveland","Zeeland",false,51.739117,3.807633,"material damage only","4","clear",false,1,"GM1676"
"20240099622",2024,"Letsel",2,"Personenauto","Fiets","Onbekend","Kruispunt, 4 takken",30,"Niet brandend","Daglicht",\N,\N,\N,"Denverplein","Tilburg","Tilburg","Noord-Brabant",false,51.577923,5.093824,"injury","2","unknown",false,1,"GM0855"
"20240099890",2024,"Letsel",2,"Fiets","Personenauto","Frontaal","Kruispunt, 4 takken",50,"Niet brandend","Daglicht","Droog",\N,\N,"Fenacoliuslaan","Maassluis","Maassluis","Zuid-Holland",false,51.918514,4.250097,"injury","2","clear",false,1,"GM0556"
"20240100408",2024,"Letsel",1,"Fiets",\N,"Onbekend","Rechte weg",15,"Niet aanwezig","Daglicht","Droog",\N,"601128843","Oostsingel","Delft","Delft","Zuid-Holland",false,52.01174,4.368892,"injury","2","clear",false,1,"GM0503"
"20240100418",2024,"Letsel",2,"Personenauto","Fiets","Flank","Bocht",50,"Brandend","Duisternis","Droog",\N,\N,"IJsselmeerlaan","Leiden","Leiden","Zuid-Holland",false,52.16875,4.510526,"injury","2","clear",false,1,"GM0546"
"20240100997",2024,"Uitsluitend materiele schade",2,"Fiets","Personenauto","Flank","Rotonde",50,"Niet brandend","Daglicht","Harde windstoten/Regen",\N,\N,"Vijf Meilaan","Leiden","Leiden","Zuid-Holland",false,52.147637,4.476887,"material damage only","4","unknown",false,1,"GM0546"
"20240049336",2024,"Letsel",1,"Fiets",\N,"Onbekend","Rechte weg",50,"Brandend","Schemer","Droog",\N,"348325025","Veluweweg","Kootwijkerbroek","Barneveld","Gelderland",false,52.152638,5.667919,"injury","2","clear",false,1,"GM0203"
"20240079409",2024,"Uitsluitend materiele schade",2,"Snorfiets","Fiets","Kop/staart","Kruispunt, 4 takken",30,\N,"Daglicht","Droog",\N,\N,"Wilhelminaplantsoen","Diemen","Diemen","Noord-Holland",false,52.341735,4.959422,"material damage only","4","clear",false,1,"GM0384"
"20240087825",2024,"Letsel",1,"Fiets",\N,"Onbekend","Rechte weg",50,"Niet brandend","Duisternis","Droog",\N,"454410011","Coevorderweg","Arriën","Ommen","Overijssel",false,52.531197,6.454337,"injury","2","clear",false,1,"GM0175"
"20240089133",2024,"Letsel",2,"Personenauto","Fiets","Onbekend","Rechte weg",30,"Niet brandend","Daglicht","Droog",\N,\N,"DOELENBRUG","Leiden","Leiden","Zuid-Holland",false,52.158042,4.485239,"injury","2","clear",false,1,"GM0546"
"20240095476",2024,"Letsel",1,"Fiets",\N,"Onbekend",\N,50,\N,"Daglicht",\N,\N,"207377126","Kenaupark","Haarlem","Haarlem","Noord-Holland",false,52.385968,4.63322,"injury","2","unknown",false,1,"GM0392"
"20240095986",2024,"Letsel",2,"Bromfiets","Fiets","Flank","Bocht",30,"Niet brandend","Daglicht","Droog",\N,"233389099","Gedempte Gracht","Zaandam","Zaanstad","Noord-Holland",false,52.439888,4.82352,"injury","2","clear",false,1,"GM0479"
"20240095987",2024,"Letsel",2,"Personenauto","Fiets","Frontaal","Rechte weg",50,"Brandend","Schemer","Regen",\N,"211399053","Hendrik Mandeweg","Beverwijk","Beverwijk","Noord-Holland",false,52.485536,4.663617,"injury","2","rain",false,1,"GM0375"
"20240095992",2024,"Letsel",1,"Fiets",\N,"Onbekend","Kruispunt, 3 takken",50,"Niet brandend","Daglicht","Droog/Harde windstoten",\N,\N,"van Speijkstraat","Zandvoort","Zandvoort","Noord-Holland",false,52.37959,4.532748,"injury","2","unknown",false,1,"GM0473"
"20240101055",2024,"Letsel",2,\N,"Fiets","Geparkeerd voertuig","Rechte weg",30,"Brandend","Duisternis","Droog",\N,"157308066","Cartesiusstraat","'s-Gravenhage","'s-Gravenhage","Zuid-Holland",false,52.071545,4.277398,"injury","2","clear",false,1,"GM0518"
"20240086534",2024,"Letsel",2,"Personenauto","Fiets","Flank","Kruispunt, 3 takken",30,"Niet brandend","Daglicht","Droog",\N,\N,"Koningin Emmaweg","Houten","Houten","Utrecht",false,52.029335,5.16327,"injury","2","clear",false,1,"GM0321"
"20240096015",2024,"Letsel",2,"Bestelauto","Fiets","Flank","Rotonde",\N,\N,"Daglicht",\N,\N,\N,"Vasco da Gamalaan","Utrecht","Utrecht","Utrecht",false,52.067115,5.099394,"injury","2","unknown",false,1,"GM0344"
"20240100482",2024,"Letsel",1,"Fiets",\N,"Onbekend",\N,30,\N,"Daglicht",\N,\N,"173312148","Burgemeester Sweenslaan","Leidschendam","Leidschendam-Voorburg","Zuid-Holland",false,52.090777,4.390267,"injury","2","unknown",false,1,"GM1916"
"20240100783",2024,"Uitsluitend materiele schade",2,"Personenauto","Fiets","Flank","Kruispunt, 3 takken",50,"Niet brandend","Daglicht","Droog",\N,\N,"FIETSPAD","Hellevoetsluis","Voorne aan Zee","Zuid-Holland",false,51.835565,4.16682,"material damage only","4","clear",false,1,"GM1992"
"20240101079",2024,"Letsel",1,"Fiets",\N,"Onbekend","Rechte weg",60,"Niet brandend","Daglicht","Droog",\N,"207285001","Kortenoord","Nieuwerkerk aan den IJssel","Zuidplas","Zuid-Holland",false,51.973071,4.642486,"injury","2","clear",false,1,"GM1892"
"20240076045",2024,"Uitsluitend materiele schade",2,"Personenauto","Fiets","Onbekend","Bocht",50,"Niet brandend","Daglicht","Droog",\N,"465362047","Parkstraat","Rijssen","Rijssen-Holten","Overijssel",false,52.311388,6.528025,"material damage only","4","clear",false,1,"GM1742"
"20240080929",2024,"Letsel",2,"Snorfiets","Fiets","Flank","Bocht",30,"Niet aanwezig","Daglicht","Droog",\N,"193301017","Kristalstraat","Bleiswijk","Lansingerland","Zuid-Holland",false,52.0421,4.540679,"injury","2","clear",false,1,"GM1621"
"20240103346",2024,"Uitsluitend materiele schade",2,"Personenauto","Fiets","Frontaal","Kruispunt, 4 takken",30,"Niet brandend","Daglicht","Regen",\N,\N,"Raadhuislaan","Oss","Oss","Noord-Brabant",false,51.765218,5.525168,"material damage only","4","rain",false,1,"GM0828"
"20240045180",2024,"Uitsluitend materiele schade",2,"Personenauto","Fiets","Onbekend","Kruispunt, 3 takken",50,"Niet brandend","Daglicht","Droog",\N,\N,"Pomphoekweg","'s-Hertogenbosch","'s-Hertogenbosch","Noord-Brabant",false,51.700822,5.275368,"material damage only","4","clear",false,1,"GM0796"
"20240074387",2024,"Uitsluitend materiele schade",2,"Personenauto","Fiets","Flank","Kruispunt, 3 takken",50,"Niet brandend","Daglicht","Droog",\N,\N,"Linkensweg","Oss","Oss","Noord-Brabant",false,51.769632,5.529197,"material damage only","4","clear",false,1,"GM0828"
"20240078316",2024,"Letsel",2,"Personenauto","Fiets","Flank","Rechte weg",50,"Niet brandend","Daglicht","Droog",\N,"600149490","Ceintuurbaan","Deventer","Deventer","Overijssel",false,52.262724,6.163886,"injury","2","clear",false,1,"GM0150"
"20240080993",2024,"Letsel",1,"Fiets",\N,"Onbekend","Rechte weg",50,"Niet brandend","Daglicht","Droog",\N,"148291159","Verspycklaan","Naaldwijk","Westland","Zuid-Holland",false,51.996484,4.207905,"injury","2","clear",false,1,"GM1783"
"20240083416",2024,"Uitsluitend materiele schade",2,"Personenauto","Fiets","Flank","Kruispunt, 4 takken",50,"Niet brandend","Daglicht","Droog",\N,\N,"Akebiaweg","Eindhoven","Eindhoven","Noord-Brabant",false,51.42409,5.497816,"material damage only","4","clear",false,1,"GM0772"
"20240089253",2024,"Uitsluitend materiele schade",2,"Personenauto","Fiets","Onbekend","Rechte weg",50,"Niet aanwezig","Daglicht","Regen","Brug/viaduct","169292049","Abtswoudsepad","Delft","Delft","Zuid-Holland",false,52.001562,4.363732,"material damage only","4","rain",false,1,"GM0503"
"20240091842",2024,"Uitsluitend materiele schade",2,"Personenauto","Fiets","Flank","Rechte weg",60,"Niet brandend","Daglicht","Droog",\N,\N,"Nieuwenhofweg","Mill","Land van Cuijk","Noord-Brabant",false,51.681187,5.769494,"material damage only","4","clear",false,1,"GM1982"
"20240096660",2024,"Letsel",2,"Personenauto","Fiets","Flank","Kruispunt, 4 takken",50,"Niet brandend","Daglicht","Droog",\N,\N,"Vitringasingel","Harderwijk","Harderwijk","Gelderland",false,52.347227,5.617831,"injury","2","clear",false,1,"GM0243"
"20240097231",2024,"Uitsluitend materiele schade",2,"Fiets","Fiets","Frontaal","Rechte weg",30,"Niet brandend","Daglicht","Droog",\N,"600583519","FIETSPAD","Amsterdam","Amsterdam","Noord-Holland",false,52.333944,4.894782,"material damage only","4","clear",false,1,"GM0363"
"20240045215",2024,"Uitsluitend materiele schade",2,"Personenauto","Fiets","Onbekend","Rechte weg",50,"Niet brandend","Daglicht","Droog",\N,\N,"Ettenseweg","Roosendaal","Roosendaal","Noord-Brabant",false,51.536778,4.485356,"material damage only","4","clear",false,1,"GM1674"
"20240050130",2024,"Letsel",2,"Snorfiets","Fiets","Kop/staart","Rechte weg",50,"Niet brandend","Daglicht","Droog",\N,\N,"Almeloplein","'s-Gravenhage","'s-Gravenhage","Zuid-Holland",false,52.056184,4.27568,"injury","2","clear",false,1,"GM0518"
"20240070602",2024,"Uitsluitend materiele schade",2,"Personenauto","Fiets","Flank","Kruispunt, 4 takken",50,"Niet aanwezig","Daglicht","Droog",\N,\N,"Brouwerijstraat","Groede","Sluis","Zeeland",false,51.380468,3.505102,"material damage only","4","clear",false,1,"GM1714"
"20240097251",2024,"Letsel",2,"Fiets","Overig vast object","Vast voorwerp","Rechte weg",50,"Brandend","Duisternis","Droog",\N,"160297101","Laan van Wateringse Veld","'s-Gravenhage","'s-Gravenhage","Zuid-Holland",false,52.021043,4.295568,"injury","2","clear",false,1,"GM0518"
"20240071337",2024,"Dodelijk",4,"Personenauto","Fiets","Flank","Kruispunt, 4 takken",80,"Niet aanwezig","Daglicht","Droog",\N,\N,"Hilseweg","Rockanje","Voorne aan Zee","Zuid-Holland",false,51.862489,4.116817,"fatal","1","clear",false,1,"GM1992"
"20230048952",2023,"Uitsluitend materiele schade",2,"Personenauto","Fiets","Onbekend","Kruispunt, 4 takken",50,\N,"Daglicht",\N,\N,\N,"Zeeburgerstraat","Amsterdam","Amsterdam","Noord-Holland",false,52.367031,4.925038,"material damage only","4","unknown",false,1,"GM0363"
"20230049502",2023,"Letsel",2,"Fiets","Overig vast object","Vast voorwerp","Rechte weg",50,"Niet brandend","Daglicht","Droog",\N,"600521754","Noordelijke Dwarsweg","Zevenhuizen","Zuidplas","Zuid-Holland",false,52.017712,4.597527,"injury","2","clear",false,1,"GM1892"
"20230050641",2023,"Uitsluitend materiele schade",2,"Personenauto","e-bike","Flank","Kruispunt, 3 takken",50,"Niet brandend","Daglicht","Droog",\N,\N,"1e Jan vd Heijdenstr","Amsterdam","Amsterdam","Noord-Holland",false,52.353898,4.894084,"material damage only","4","clear",false,1,"GM0363"
"20230054150",2023,"Uitsluitend materiele schade",2,"Personenauto","Fiets","Flank","Kruispunt, 4 takken",50,"Niet brandend","Daglicht","Droog",\N,\N,"Spoorlaan","Oss","Oss","Noord-Brabant",false,51.766667,5.545565,"material damage only","4","clear",false,1,"GM0828"
"20230057607",2023,"Uitsluitend materiele schade",2,"Bromfiets","Fiets","Flank","Kruispunt, 4 takken",50,"Niet brandend","Daglicht","Droog",\N,\N,"Hoge Hondstraat","Deventer","Deventer","Overijssel",false,52.259939,6.154701,"material damage only","4","clear",false,1,"GM0150"
"20230058359",2023,"Letsel",2,"Fiets","Bromfiets","Flank","Rechte weg",50,"Niet brandend","Daglicht","Droog",\N,"164310111","Lekstraat","'s-Gravenhage","'s-Gravenhage","Zuid-Holland",false,52.078695,4.325705,"injury","2","clear",false,1,"GM0518"
"20230044844",2023,"Letsel",2,"Personenauto","e-bike","Flank","Kruispunt, 4 takken",80,"Niet brandend","Daglicht","Droog",\N,\N,"Arnhemseweg","Beek","Montferland","Gelderland",false,51.910839,6.181001,"injury","2","clear",false,1,"GM1955"
"20230046007",2023,"Uitsluitend materiele schade",2,"Personenauto","Fiets","Kop/staart","Rechte weg",50,"Niet brandend","Daglicht","Droog",\N,"493286048","Laan van Hilbelink","Winterswijk","Winterswijk","Gelderland",false,51.970052,6.724604,"material damage only","4","clear",false,1,"GM0294"
"20230046016",2023,"Letsel",2,"Personenauto","Fiets","Frontaal","Bocht",30,"Niet brandend","Daglicht","Droog",\N,"600375356","Adam Pijnackerstraat","Enschede","Enschede","Overijssel",false,52.213655,6.859768,"injury","2","clear",false,1,"GM0153"
"20230046040",2023,"Uitsluitend materiele schade",2,"Bestelauto","e-bike","Flank","Kruispunt, 3 takken",50,"Niet brandend","Daglicht","Droog",\N,\N,"Panhuisweg","Wijchen","Wijchen","Gelderland",false,51.809904,5.767251,"material damage only","4","clear",false,1,"GM0296"
"20230055908",2023,"Letsel",1,"Fiets",\N,"Eenzijdig","Rechte weg",50,"Niet brandend","Daglicht","Droog",\N,"212406008","Mozartstraat","Heemskerk","Heemskerk","Noord-Holland",false,52.517174,4.672887,"injury","2","clear",false,1,"GM0396"
"20230057455",2023,"Letsel",2,"Bromfiets","Fiets","Flank","Kruispunt, 4 takken",30,"Niet brandend","Daglicht","Regen",\N,\N,"'t Haartje","Amersfoort","Amersfoort","Utrecht",false,52.199841,5.388401,"injury","2","rain",false,1,"GM0307"
"20230058101",2023,"Letsel",2,"Personenauto","Fiets","Flank","Kruispunt, 3 takken",30,"Niet brandend","Daglicht","Regen",\N,\N,"Waalstraat","Almelo","Almelo","Overijssel",false,52.350092,6.674843,"injury","2","rain",false,1,"GM0141"
"20230062414",2023,"Letsel",2,"Personenauto","Fiets","Onbekend","Kruispunt, 3 takken",50,"Niet brandend","Daglicht","Droog",\N,\N,"Het Wielsem","'s-Hertogenbosch","'s-Hertogenbosch","Noord-Brabant",false,51.710191,5.305855,"injury","2","clear",false,1,"GM0796"
"20230062564",2023,"Letsel",2,"Fiets","Fiets","Flank","Kruispunt, 3 takken",50,"Niet brandend","Daglicht","Droog","Brug/viaduct",\N,"Kanaaldijk","Aarle-Rixtel","Laarbeek","Noord-Brabant",false,51.518519,5.640351,"injury","2","clear",false,1,"GM1659"
"20230037324",2023,"Uitsluitend materiele schade",2,"e-bike","e-bike","Flank","Kruispunt, 3 takken",50,"Niet brandend","Daglicht","Droog",\N,\N,"Jol 11","Lelystad","Lelystad","Flevoland",false,52.50784,5.447689,"material damage only","4","clear",false,1,"GM0995"
"20230037339",2023,"Letsel",2,"Fiets","Fiets","Onbekend","Rechte weg",60,"Niet brandend","Daglicht","Droog",\N,"600249589","Elswoutslaan","Overveen","Bloemendaal","Noord-Holland",false,52.379011,4.599566,"injury","2","clear",false,1,"GM0377"
"20230047795",2023,"Letsel",3,"Fiets","Fiets","Onbekend","Rechte weg",50,"Niet brandend","Daglicht","Droog",\N,\N,"Sparresholmpad","Hoofddorp","Haarlemmermeer","Noord-Holland",false,52.310401,4.665301,"injury","2","clear",false,1,"GM0394"
"20230048473",2023,"Uitsluitend materiele schade",2,"Personenauto","e-bike","Flank","Kruispunt, 4 takken",30,"Niet brandend","Daglicht","Droog",\N,\N,"Bartokweg","Almere","Almere","Flevoland",false,52.363511,5.190504,"material damage only","4","clear",false,1,"GM0034"
"20230054231",2023,"Letsel",2,"Personenauto","Fiets","Geparkeerd voertuig","Rechte weg",\N,"Niet brandend","Daglicht","Droog","Parkeervoorziening","600790522","St Jorisstraat","Oirschot","Oirschot","Noord-Brabant",false,51.505625,5.313133,"injury","2","clear",false,1,"GM0823"
"20230058169",2023,"Letsel",2,"Personenauto","Fiets","Kop/staart","Kruispunt, 3 takken",60,"Niet brandend","Daglicht","Droog",\N,\N,"Markuslaan","Wateringen","Westland","Zuid-Holland",false,52.027289,4.257506,"injury","2","clear",false,1,"GM1783"
"20230059950",2023,"Letsel",3,"Fiets","Fiets","Onbekend","Rechte weg",50,"Brandend","Duisternis","Droog",\N,"242381038","Klaprozenweg","Amsterdam","Amsterdam","Noord-Holland",false,52.405418,4.891415,"injury","2","clear",false,1,"GM0363"
"20230060944",2023,"Letsel",2,"Personenauto","Fiets","Frontaal","Kruispunt, 4 takken",50,"Niet brandend","Daglicht","Droog",\N,\N,"Dobbedreef","Leiden","Leiden","Zuid-Holland",false,52.147927,4.45559,"injury","2","clear",false,1,"GM0546"
"20230063888",2023,"Letsel",3,"Personenauto","Fiets","Onbekend","Kruispunt, 4 takken",60,"Niet brandend","Daglicht","Droog",\N,\N,"Busscherweg","Deurningen","Hengelo (O)","Overijssel",false,52.295573,6.827738,"injury","2","clear",false,1,\N
"20230039679",2023,"Letsel",2,"Fiets","Overig vast object","Vast voorwerp","Rechte weg",30,"Niet brandend","Daglicht","Droog",\N,\N,"Boslaan","'s-Gravenhage","'s-Gravenhage","Zuid-Holland",false,52.087124,4.322063,"injury","2","clear",false,1,"GM0518"
"20230046090",2023,"Letsel",2,"Personenauto","Fiets","Flank","Kruispunt, 3 takken",50,"Niet brandend","Daglicht","Droog",\N,\N,"Printer","Coevorden","Coevorden","Drenthe",false,52.664599,6.724556,"injury","2","clear",false,1,"GM0109"
"20230046664",2023,"Letsel",2,"Fiets",\N,"Eenzijdig","Rechte weg",50,"Brandend","Duisternis","Droog",\N,"223372002","Lijnderdijk","Lijnden","Haarlemmermeer","Noord-Holland",false,52.356662,4.754781,"injury","2","clear",false,1,"GM0394"
"20230047257",2023,"Uitsluitend materiele schade",2,"Personenauto","Fiets","Flank","Kruispunt, 4 takken",50,"Niet brandend","Daglicht","Droog",\N,\N,"Maanlander","Amersfoort","Amersfoort","Utrecht",false,52.195388,5.39711,"material damage only","4","clear",false,1,"GM0307"
"20230050182",2023,"Letsel",2,"Personenauto","Fiets","Flank","Kruispunt, 4 takken",50,"Niet brandend","Daglicht","Droog",\N,\N,"Aagtenland","Den Hoorn","Midden-Delfland","Zuid-Holland",false,52.002823,4.320096,"injury","2","clear",false,1,"GM1842"
"20230056572",2023,"Uitsluitend materiele schade",2,"Personenauto","Fiets","Flank","Rotonde",50,"Niet brandend","Daglicht","Droog",\N,\N,"Erasmusweg","Culemborg","Culemborg","Gelderland",false,51.944206,5.209742,"material damage only","4","clear",false,1,"GM0216"
"20230063596",2023,"Letsel",2,"Personenauto","e-bike","Flank","Kruispunt, 4 takken",50,"Niet brandend","Daglicht","Droog",\N,\N,"Hoenderstraat","Venray","Venray","Limburg",false,51.528201,5.965689,"injury","2","clear",false,1,"GM0984"
"20230041430",2023,"Uitsluitend materiele schade",2,"Fiets","Fiets","Frontaal","Bocht",30,"Niet brandend","Daglicht","Droog",\N,"353174112","Rijpelplein","Helmond","Helmond","Noord-Brabant",false,51.476021,5.700362,"material damage only","4","clear",false,1,"GM0794"
"20230041992",2023,"Letsel",4,"Personenauto","Fiets","Onbekend","Kruispunt, 4 takken",60,"Niet brandend","Daglicht","Droog",\N,\N,"Hondsbergweg","Westerbeek","Land van Cuijk","Noord-Brabant",false,51.570745,5.860919,"injury","2","clear",false,1,"GM1982"
"20230044951",2023,"Uitsluitend materiele schade",2,"Fiets","Fiets","Flank","Rechte weg",60,"Niet brandend","Daglicht","Droog",\N,"600824263","Graafseweg","Wijchen","Wijchen","Gelderland",false,51.799795,5.753504,"material damage only","4","clear",false,1,"GM0296"
"20230050777",2023,"Letsel",2,"Scootmobiel","Fiets","Frontaal","Rechte weg",50,"Niet brandend","Daglicht","Droog",\N,"600162590","Elswoutslaan","Overveen","Bloemendaal","Noord-Holland",false,52.385417,4.604149,"injury","2","clear",false,1,"GM0377"
"20230054270",2023,"Letsel",2,"Bromfiets","Fiets","Flank","Kruispunt, 4 takken",60,"Niet aanwezig","Schemer","Droog",\N,\N,"Munlaan","Oss","Oss","Noord-Brabant",false,51.74544,5.558074,"injury","2","clear",false,1,"GM0828"
"20230056023",2023,"Letsel",2,"Fiets","Fiets","Flank","Rechte weg",30,"Niet brandend","Daglicht","Droog",\N,"600740026","Willem de Zwijgerlaan","Overveen","Bloemendaal","Noord-Holland",false,52.392449,4.617886,"injury","2","clear",false,1,"GM0377"
"20230056619",2023,"Letsel",1,"Fiets",\N,"Eenzijdig","Rechte weg",50,"Brandend","Duisternis","Droog",\N,"600914706","Echelpoelweg","Weerselo","Dinkelland","Overijssel",false,52.346745,6.857255,"injury","2","clear",false,1,"GM1774"
"20230058803",2023,"Letsel",1,"e-bike",\N,"Eenzijdig","Rotonde",30,"Niet brandend","Daglicht","Droog",\N,\N,"Melkweglaan","Hazerswoude-Rijndijk","Alphen aan den Rijn","Zuid-Holland",false,52.130673,4.596601,"injury","2","clear",false,1,"GM0484"
"20230063083",2023,"Letsel",2,"e-bike","Personenauto","Flank","Kruispunt, 3 takken",50,"Niet brandend","Daglicht","Droog",\N,\N,"Via Regia","Maastricht","Maastricht","Limburg",false,50.856651,5.65497,"injury","2","clear",false,1,"GM0935"
"20240127132",2024,"Uitsluitend materiele schade",2,"Personenauto","Fiets","Onbekend","Kruispunt, 3 takken",50,"Niet brandend","Daglicht","Droog",\N,\N,"Parkweg","Nijmegen","Nijmegen","Gelderland",false,51.848372,5.856969,"material damage only","4","clear",false,1,"GM0268"
"20240132691",2024,"Letsel",2,"Fiets","Overig vast object","Vast voorwerp","Rechte weg",60,"Brandend","Duisternis","Droog",\N,"193345009","Heereweg","Lisse","Lisse","Zuid-Holland",false,52.240936,4.53784,"injury","2","clear",false,1,"GM0553"
"20230049693",2023,"Letsel",1,"Fiets",\N,"Eenzijdig","Kruispunt, 4 takken",50,"Niet brandend","Daglicht","Droog",\N,\N,"Catsveld","Gouda","Gouda","Zuid-Holland",false,52.029636,4.705454,"injury","2","clear",false,1,"GM0513"
"20230051995",2023,"Uitsluitend materiele schade",2,"Personenauto","Fiets","Flank","Kruispunt, 4 takken",30,"Niet brandend","Daglicht","Droog",\N,\N,"Offenbachstraat","Tilburg","Tilburg","Noord-Brabant",false,51.584583,5.089161,"material damage only","4","clear",false,1,"GM0855"
"20230053170",2023,"Uitsluitend materiele schade",2,"Personenauto","Fiets","Flank","Rechte weg",30,"Niet brandend","Daglicht","Droog",\N,"179271034","Vierhavensstraat","Rotterdam","Rotterdam","Zuid-Holland",false,51.908409,4.43778,"material damage only","4","clear",false,1,"GM0599"
"20230053763",2023,"Uitsluitend materiele schade",2,"Personenauto","Fiets","Flank","Kruispunt, 4 takken",50,"Niet brandend","Daglicht","Droog",\N,\N,"Pastoor Savelbergstraat","Brunssum","Brunssum","Limburg",false,50.944896,5.973274,"material damage only","4","clear",false,1,"GM0899"
"20230053767",2023,"Uitsluitend materiele schade",2,"Personenauto","Fiets","Flank","Kruispunt, 4 takken",50,"Niet brandend","Daglicht","Droog",\N,\N,"Statenlaan","Drunen","Heusden","Noord-Brabant",false,51.686317,5.120695,"material damage only","4","clear",false,1,"GM0797"
"20230058016",2023,"Letsel",4,"Fiets","Fiets","Frontaal","Bocht",50,"Niet aanwezig","Daglicht","Droog",\N,"250298001","Blokland","Montfoort","Montfoort","Utrecht",false,52.033367,4.955873,"injury","2","clear",false,1,"GM0335"
"20230064386",2023,"Letsel",2,"Personenauto","Fiets","Flank","Kruispunt, 4 takken",50,"Niet brandend","Daglicht","Droog",\N,\N,"Leegeweg","Groningen","Groningen","Groningen",false,53.227736,6.5139,"injury","2","clear",false,1,"GM0014"
"20240133231",2024,"Letsel",1,"Fiets",\N,"Onbekend","Rechte weg",30,"Niet brandend","Daglicht","Droog",\N,\N,"Ezelsveldlaan","Delft","Delft","Zuid-Holland",false,52.010253,4.36881,"injury","2","clear",false,1,"GM0503"
"20240133312",2024,"Letsel",1,"Fiets",\N,"Onbekend","Rechte weg",30,"Niet brandend","Daglicht","Droog","Parkeervoorziening","177339096","Melkweg","Katwijk","Katwijk","Zuid-Holland",false,52.212554,4.417728,"injury","2","clear",false,1,"GM0537"