"accident_id","year","severity_raw","party_count","party1_type","party2_type","accident_type","road_situation","speed_limit_kmh","road_lighting","light_condition_label","weather_raw","infra_type","road_segment_id","street_name","place_name","gemeente_name_raw","province","alcohol_indicated","latitude","longitude","severity_label","severity_code","weather_label","built_up_area","cyclists_involved","gemeente_code"
"20230037465",2023,"Letsel",1,"Fiets",\N,"Eenzijdig","Rechte weg",50,"Niet brandend","Daglicht","Droog",\N,"231394007","Zuideinde","Koog aan de Zaan","Zaanstad","Noord-Holland",false,52.458853,4.811324,"injury","2","clear",false,1,"GM0479"
"20230039776",2023,"Letsel",2,"Bromfiets","Fiets","Flank","Kruispunt, 3 takken",50,"Niet brandend","Daglicht","Droog",\N,\N,"2e De Riemerstraat","'s-Gravenhage","'s-Gravenhage","Zuid-Holland",false,52.080492,4.299363,"injury","2","clear",false,1,"GM0518"
"20230042065",2023,"Uitsluitend materiele schade",2,"Bromfiets","Fiets","Kop/staart","Rechte weg",60,"Niet brandend","Daglicht","Droog",\N,"600721766","Roosendaalsebaan","Wouw","Roosendaal","Noord-Brabant",false,51.526692,4.401811,"material damage only","4","clear",false,1,"GM1674"
"20230045622",2023,"Uitsluitend materiele schade",2,"Personenauto","Fiets","Onbekend","Rotonde",50,"Brandend","Duisternis","Regen",\N,\N,"Deventerstraat","Apeldoorn","Apeldoorn","Gelderland",false,52.225213,6.011345,"material damage only","4","rain",false,1,"GM0200"
"20230046779",2023,"Letsel",2,"Fiets","Personenauto","Flank","Rotonde",50,"Niet brandend","Daglicht","Droog",\N,\N,"Europaweg","Haarlem","Haarlem","Noord-Holland",false,52.35526,4.652948,"injury","2","clear",false,1,"GM0392"
"20230047977",2023,"Uitsluitend materiele schade",2,"Bestelauto","Fiets","Flank","Kruispunt, 4 takken",30,"Niet brandend","Daglicht","Droog",\N,\N,"Richel","Urk","Urk","Flevoland",false,52.667215,5.615045,"material damage only","4","clear",false,1,"GM0184"
"20230064821",2023,"Uitsluitend materiele schade",2,"Scootmobiel","Fiets","Flank","Rechte weg",30,"Niet brandend","Daglicht","Droog",\N,"315266056","Prinses Beatrixlaan","Tiel","Tiel","Gelderland",false,51.887311,5.427896,"material damage only","4","clear",false,1,"GM0281"
"20240130939",2024,"Letsel",1,"Fiets",\N,"Frontaal","Rechte weg",30,"Niet aanwezig","Daglicht","Droog","Brug/viaduct","600622140","FIETSPAD","Zuidoostbeemster","Purmerend","Noord-Holland",false,52.517422,4.954226,"injury","2","clear",false,1,"GM0439"
"20240131024",2024,"Uitsluitend materiele schade",2,"Bus","Fiets","Flank","Kruispunt, 4 takken",50,"Niet brandend","Daglicht","Droog",\N,\N,"Zaanenstraat","Haarlem","Haarlem","Noord-Holland",false,52.401318,4.64514,"material damage only","4","clear",false,1,"GM0392"
"20240131038",2024,"Letsel",2,"Snorfiets","Fiets","Flank","Rechte weg",15,"Niet brandend","Daglicht","Droog",\N,"600115252","Herenweg","Heemstede","Heemstede","Noord-Holland",false,52.36077,4.617604,"injury","2","clear",false,1,"GM0397"
"20240131046",2024,"Uitsluitend materiele schade",2,"Fiets","Motor","Flank","Kruispunt, 4 takken",30,"Niet brandend","Daglicht","Droog",\N,\N,"Gerrit van der Veenstr","Amsterdam","Amsterdam","Noord-Holland",false,52.348799,4.871055,"material damage only","4","clear",false,1,"GM0363"
"20240129108",2024,"Uitsluitend materiele schade",2,"Personenauto","Fiets","Flank","Kruispunt, 4 takken",30,"Niet brandend","Daglicht","Droog",\N,\N,"Marjoleinstraat","Almere","Almere","Flevoland",false,52.379646,5.20265,"material damage only","4","clear",false,1,"GM0034"
"20230040384",2023,"Uitsluitend materiele schade",2,"Personenauto","Fiets","Onbekend","Kruispunt, 4 takken",50,"Niet brandend","Daglicht","Droog",\N,\N,"Osdorper Ban","Amsterdam","Amsterdam","Noord-Holland",false,52.361676,4.798021,"material damage only","4","clear",false,1,"GM0363"
"20230040971",2023,"Uitsluitend materiele schade",2,"Personenauto","Fiets","Flank","Kruispunt, 3 takken",50,"Niet brandend","Daglicht","Droog",\N,\N,"Marktstraat","Kaatsheuvel","Loon op Zand","Noord-Brabant",false,51.656375,5.032546,"material damage only","4","clear",false,1,"GM0809"
"20230054374",2023,"Uitsluitend materiele schade",2,"Fiets","Fiets","Onbekend","Rechte weg",50,"Niet brandend","Daglicht","Droog",\N,"387208003","Sambeekseweg","Boxmeer","Land van Cuijk","Noord-Brabant",false,51.62735,5.947473,"material damage only","4","clear",false,1,"GM1982"
"20230060624",2023,"Uitsluitend materiele schade",3,"Fiets","Personenauto","Geparkeerd voertuig","Rechte weg",50,"Niet brandend","Daglicht","Droog",\N,\N,"Pinkstraat","Rotterdam","Rotterdam","Zuid-Holland",false,51.917546,4.41772,"material damage only","4","clear",false,1,"GM0599"
"20230065309",2023,"Letsel",2,"Personenauto","Fiets","Flank","Rechte weg",50,"Niet brandend","Daglicht","Droog",\N,"601054904","Amelandsdwinger","Leeuwarden","Leeuwarden","Friesland",false,53.204208,5.803333,"injury","2","clear",false,1,"GM0080"
"20230040458",2023,"Uitsluitend materiele schade",3,"Motor","Fiets","Flank","Kruispunt, 4 takken",50,"Niet brandend","Daglicht","Droog",\N,\N,"Stadhouderskade","Amsterdam","Amsterdam","Noord-Holland",false,52.362972,4.880184,"material damage only","4","clear",false,1,"GM0363"
"20230045678",2023,"Uitsluitend materiele schade",2,"Bromfiets","Fiets","Onbekend","Rechte weg",\N,"Niet brandend","Daglicht","Droog",\N,"356340001","Amersfoortseweg","Uddel","Apeldoorn","Gelderland",false,52.219458,5.734496,"material damage only","4","clear",false,1,"GM0200"
"20230048047",2023,"Letsel",1,"Fiets",\N,"Eenzijdig","Bocht",\N,"Niet brandend","Daglicht","Droog",\N,"323404064","Archipel 25","Lelystad","Lelystad","Flevoland",false,52.509431,5.488408,"injury","2","clear",false,1,"GM0995"
"20230049235",2023,"Letsel",2,"Fiets","Fiets","Frontaal","Kruispunt, 4 takken",30,"Niet brandend","Daglicht","Droog",\N,\N,"Nieuwe Singel","Schoonhoven","Krimpenerwaard","Zuid-Holland",false,51.949525,4.851136,"injury","2","clear",false,1,"GM1931"
"20230050944",2023,"Uitsluitend materiele schade",2,"Personenauto","Fiets","Flank","Kruispunt, 4 takken",50,"Niet brandend","Daglicht","Droog",\N,\N,"Zaltbommelseweg","Oss","Oss","Noord-Brabant",false,51.770607,5.509737,"material damage only","4","clear",false,1,"GM0828"
"20230051519",2023,"Letsel",2,"Bestelauto","Fiets","Flank","Rechte weg",60,"Niet brandend","Daglicht","Droog",\N,"600640760","Onze Lieve Vrouwedijk","Waalre","Waalre","Noord-Brabant",false,51.398769,5.432373,"injury","2","clear",false,1,"GM0866"
"20230053277",2023,"Letsel",2,"Snorfiets","Fiets","Onbekend","Rechte weg",30,"Niet brandend","Daglicht","Droog",\N,"600727815","Ringdijk","Rotterdam","Rotterdam","Zuid-Holland",false,51.951186,4.476053,"injury","2","clear",false,1,"GM0599"
"20230058942",2023,"Letsel",2,"Fiets","Bestelauto","Flank","Kruispunt, 3 takken",30,"Niet brandend","Daglicht","Droog",\N,\N,"Soestdijkkade","Leiden","Leiden","Zuid-Holland",false,52.166185,4.506349,"injury","2","clear",false,1,"GM0546"
"20230040460",2023,"Uitsluitend materiele schade",2,"Personenauto","Fiets","Flank","Kruispunt, 4 takken",30,"Niet brandend","Daglicht","Droog",\N,\N,"Diepenbrockstraat","Amsterdam","Amsterdam","Noord-Holland",false,52.345767,4.881872,"material damage only","4","clear",false,1,"GM0363"
"20230046913",2023,"Uitsluitend materiele schade",2,"Personenauto","Fiets","Flank","Kruispunt, 3 takken",50,"Niet brandend","Daglicht","Droog",\N,\N,"Stationsweg","Woerden","Woerden","Utrecht",false,52.086727,4.891195,"material damage only","4","clear",false,1,"GM0632"
"20230048719",2023,"Letsel",2,"Fiets","Fiets","Onbekend","Rechte weg",30,"Niet brandend","Daglicht","Droog",\N,"186323100","Cronesteyn","Leiden","Leiden","Zuid-Holland",false,52.14204,4.491573,"injury","2","clear",false,1,"GM0546"
"20240128063",2024,"Letsel",3,"Personenauto","Fiets","Flank","Kruispunt, 3 takken",30,"Niet brandend","Daglicht","Regen",\N,\N,"Levantstraat","Hengelo","Hengelo (O)","Overijssel",true,52.291036,6.812814,"injury","2","rain",false,1,\N
"20230065886",2023,"Letsel",2,"Fiets","Voetganger","Voetganger","Bocht",50,"Niet brandend","Daglicht","Droog",\N,"148290179","Middel Broekweg","Naaldwijk","Westland","Zuid-Holland",false,51.990395,4.215213,"injury","2","clear",false,1,"GM1783"
"20230039354",2023,"Letsel",2,"Bestelauto","Fiets","Eenzijdig","Bocht",\N,"Niet brandend","Daglicht","Droog",\N,"186337104","Rijksstraatweg","Sassenheim","Teylingen","Zuid-Holland",false,52.204338,4.484781,"injury","2","clear",false,1,"GM1525"
"20230050426",2023,"Uitsluitend materiele schade",2,"Bestelauto","Fiets","Flank","Kruispunt, 4 takken",50,"Niet aanwezig","Daglicht","Droog",\N,\N,"Draaierweg","Amsterdam","Amsterdam","Noord-Holland",false,52.399847,4.904203,"material damage only","4","clear",false,1,"GM0363"
"20230051599",2023,"Uitsluitend materiele schade",2,"Personenauto","Fiets","Geparkeerd voertuig","Rechte weg",30,"Brandend","Duisternis","Droog",\N,"181272041","Nieuwe Binnenweg","Rotterdam","Rotterdam","Zuid-Holland",false,51.912827,4.458092,"material damage only","4","clear",false,1,"GM0599"
"20230055080",2023,"Letsel",2,"Personenauto","Fiets","Flank","Kruispunt, 4 takken",30,"Niet brandend","Daglicht","Droog",\N,\N,"Reggestraat","Enter","Wierden","Overijssel",false,52.294726,6.580278,"injury","2","clear",false,1,"GM0189"
"20230064583",2023,"Uitsluitend materiele schade",2,"Personenauto","Fiets","Frontaal","Rechte weg",30,"Niet brandend","Daglicht","Droog",\N,"600868690","Nadirlaan","Hoogeveen","Hoogeveen","Drenthe",false,52.721936,6.508124,"material damage only","4","clear",false,1,"GM0118"
"20240128431",2024,"Uitsluitend materiele schade",1,"Fiets",\N,"Flank","Kruispunt, 4 takken",70,"Niet brandend","Daglicht","Droog",\N,\N,"van Borsselenweg","Oosterbeek","Renkum","Gelderland",false,51.977462,5.826669,"material damage only","4","clear",false,1,"GM0274"
"20230039958",2023,"Letsel",3,"Fiets","Fiets","Onbekend","Rechte weg",30,"Niet brandend","Daglicht","Droog",\N,"166293088","Buitenwatersloot","Delft","Delft","Zuid-Holland",false,52.003656,4.342889,"injury","2","clear",false,1,"GM0503"
"20230041704",2023,"Letsel",3,"Personenauto","Fiets","Onbekend","Kruispunt, 4 takken",30,"Niet brandend","Daglicht","Droog",\N,"207195024","Guido Gezellelaan","Etten-Leur","Etten-Leur","Noord-Brabant",false,51.565078,4.650795,"injury","2","clear",false,1,"GM0777"
"20230044049",2023,"Uitsluitend materiele schade",2,"Personenauto","Fiets","Flank","Rechte weg",50,"Niet brandend","Daglicht","Droog",\N,"359287050","Doornenkampseweg","Heelsum","Renkum","Gelderland",false,51.981948,5.747628,"material damage only","4","clear",false,1,"GM0274"
"20230065973",2023,"Letsel",1,"Fiets",\N,"Eenzijdig","Rechte weg",70,"Niet brandend","Daglicht","Droog",\N,"600462394","Middelweg","Zoetermeer","Zoetermeer","Zuid-Holland",false,52.078741,4.476678,"injury","2","clear",false,1,"GM0637"
"20240128595",2024,"Letsel",2,"Bestelauto","Fiets","Onbekend","Rechte weg",30,\N,"Daglicht","Regen",\N,"468512020","Oosterparallelweg","Assen","Assen","Drenthe",false,52.989902,6.570837,"injury","2","rain",false,1,"GM0106"
"20240129189",2024,"Letsel",2,"Fiets","Fiets","Flank","Rechte weg",30,"Niet brandend","Daglicht","Droog",\N,"358450002","Espelerlaan","Emmeloord","Noordoostpolder","Flevoland",false,52.713515,5.749434,"injury","2","clear",false,1,"GM0171"
"20240129336",2024,"Uitsluitend materiele schade",2,"Fiets","Personenauto","Flank","Kruispunt, 4 takken",50,"Niet brandend","Daglicht","Droog",\N,\N,"Noordzijde","Emmeloord","Noordoostpolder","Flevoland",false,52.711961,5.761741,"material damage only","4","clear",false,1,"GM0171"
"20240129341",2024,"Uitsluitend materiele schade",2,"Personenauto","Fiets","Flank","Kruispunt, 4 takken",50,"Niet brandend","Daglicht","Droog",\N,\N,"Thomas à Kempisweg","Utrecht","Utrecht","Utrecht",false,52.096957,5.08582,"material damage only","4","clear",false,1,"GM0344"
"20240129734",2024,"Letsel",2,"Personenauto","Fiets","Flank","Kruispunt, 4 takken",50,"Brandend","Duisternis","Droog",\N,\N,"Beethovenlaan","Hengelo","Hengelo (O)","Overijssel",false,52.266922,6.809641,"injury","2","clear",false,1,\N
"20230053477",2023,"Uitsluitend materiele schade",2,"Personenauto","Fiets","Flank","Kruispunt, 3 takken",50,"Niet brandend","Daglicht","Droog",\N,\N,"Talmaweg","Dordrecht","Dordrecht","Zuid-Holland",false,51.792161,4.668803,"material damage only","4","clear",false,1,"GM0505"
"20240129786",2024,"Letsel",1,"Fiets",\N,"Eenzijdig","Rechte weg",50,"Niet brandend","Schemer","Droog",\N,\N,"Naarderstraat","Huizen","Huizen","Noord-Holland",false,52.295151,5.210951,"injury","2","clear",false,1,"GM0406"
"20230038947",2023,"Uitsluitend materiele schade",2,"Personenauto","e-bike","Flank","Kruispunt, 3 takken",30,"Niet brandend","Daglicht","Droog",\N,\N,"Bilderdam","Leimuiden","Kaag en Braassem","Zuid-Holland",false,52.212413,4.723817,"material damage only","4","clear",false,1,"GM1884"
"20230042371",2023,"Uitsluitend materiele schade",2,"Personenauto","Fiets","Flank","Kruispunt, 4 takken",50,"Niet aanwezig","Daglicht","Droog",\N,\N,"Paardenblok","Oud Gastel","Halderberge","Noord-Brabant",false,51.563951,4.479338,"material damage only","4","clear",false,1,"GM1655"
"20230048283",2023,"Letsel",2,"Personenauto","Fiets","Flank","Kruispunt, 4 takken",30,"Niet brandend","Daglicht","Regen",\N,\N,"Laan van Westroijen","Tiel","Tiel","Gelderland",false,51.896665,5.416192,"injury","2","rain",false,1,"GM0281"
"20230048295",2023,"Uitsluitend materiele schade",2,"Bromfiets","Fiets","Onbekend","Rechte weg",60,"Niet brandend","Daglicht","Droog",\N,"600530132","FIETSPAD","Nijkerk","Nijkerk","Gelderland",false,52.201102,5.525171,"material damage only","4","clear",false,1,"GM0267"
"20230054685",2023,"Letsel",2,"Fiets","Voetganger","Voetganger","Rechte weg",50,"Niet brandend","Daglicht","Droog",\N,"372039022","Reinaldstraat","Valkenburg","Valkenburg aan de Geul","Limburg",false,50.86611,5.834431,"injury","2","clear",false,1,"GM0994"
"20240132918",2024,"Letsel",1,"Fiets",\N,"Frontaal","Rechte weg",\N,"Brandend","Duisternis","Droog",\N,"600911167","Papsouwselaan","Delft","Delft","Zuid-Holland",false,52.001001,4.354188,"injury","2","clear",false,1,"GM0503"
"20230043652",2023,"Letsel",2,"Bromfiets","Fiets","Frontaal","Bocht",80,"Niet brandend","Daglicht","Droog",\N,"600215891","Heiweg","Eijsden","Eijsden-Margraten","Limburg",false,50.769617,5.735258,"injury","2","clear",false,1,"GM1903"
"20220289056",2022,"Letsel",2,"Fiets","Personenauto","Flank","Kruispunt, 3 takken",30,"Niet brandend","Daglicht","Droog",\N,\N,"P.C. Hooftlaan","Driehuis NH","Velsen","Noord-Holland",false,52.447046,4.639982,"injury","2","clear",false,1,"GM0453"
"20220200253",2022,"Uitsluitend materiele schade",2,"Bromfiets","Fiets","Flank","Rechte weg",50,"Brandend","Daglicht","Droog",\N,\N,"Laan Hart van Zuid","Hengelo","Hengelo (O)","Overijssel",false,52.254676,6.790376,"material damage only","4","clear",false,1,\N
"20220203126",2022,"Uitsluitend materiele schade",2,"Personenauto","e-bike","Frontaal","Kruispunt, 4 takken",50,"Niet brandend","Daglicht","Mist",\N,\N,"Bergweg","Blaricum","Blaricum","Noord-Holland",false,52.274089,5.242212,"material damage only","4","fog",false,1,"GM0376"
"20220026753",2022,"Dodelijk",2,"Personenauto","Fiets","Kop/staart","Rechte weg",60,"Niet aanwezig","Duisternis","Mist",\N,"126137002","Veldstraat","Hulst","Hulst","Zeeland",false,51.30084,4.077168,"fatal","1","fog",false,1,"GM0677"
"20220213670",2022,"Dodelijk",2,"e-bike","Personenauto","Flank","Rechte weg",50,"Niet brandend","Daglicht","Droog",\N,"142293134","Koningin Julianaweg","'s-Gravenzande","Westland","Zuid-Holland",false,52.004693,4.169778,"fatal","1","clear",false,1,"GM1783"
"20220207313",2022,"Uitsluitend materiele schade",2,"Personenauto","Fiets","Flank","Kruispunt, 3 takken",50,"Niet brandend","Daglicht","Droog",\N,\N,"Junolaan","Heerhugowaard","Dijk en Waard","Noord-Holland",false,52.674962,4.839697,"material damage only","4","clear",false,1,"GM1980"
"20220208973",2022,"Uitsluitend materiele schade",2,"Fiets","Personenauto","Flank","Rechte weg",50,"Brandend","Duisternis","Droog",\N,\N,"Vondelstraat","Alkmaar","Alkmaar","Noord-Holland",false,52.626773,4.753028,"material damage only","4","clear",false,1,"GM0361"
"20220215157",2022,"Letsel",1,"Fiets",\N,"Eenzijdig","Rechte weg",50,"Niet brandend","Daglicht","Droog",\N,"150283027","Honderdland","Maasdijk","Westland","Zuid-Holland",false,51.956679,4.225151,"injury","2","clear",false,1,"GM1783"
"20220229500",2022,"Letsel",1,"Fiets",\N,"Eenzijdig","Rotonde",50,"Brandend","Duisternis","Droog",\N,\N,"FIETSPAD","Rosmalen","'s-Hertogenbosch","Noord-Brabant",false,51.708667,5.361925,"injury","2","clear",false,1,"GM0796"
"20220229501",2022,"Uitsluitend materiele schade",1,"Fiets",\N,"Flank","Kruispunt, 4 takken",70,"Niet brandend","Schemer","Regen",\N,\N,"Boschdijk","Eindhoven","Eindhoven","Noord-Brabant",false,51.47938,5.436891,"material damage only","4","rain",false,1,"GM0772"
"20220289075",2022,"Letsel",2,"Vrachtauto","Fiets","Geparkeerd voertuig","Bocht",50,"Niet aanwezig","Daglicht","Droog",\N,"357565001","Keegsdijkje","Leeuwarden","Leeuwarden","Friesland",false,53.231857,5.762934,"injury","2","clear",false,1,"GM0080"
"20220213635",2022,"Uitsluitend materiele schade",2,"Fiets","Fiets","Flank","Kruispunt, 3 takken",15,"Niet brandend","Daglicht","Droog",\N,\N,"Wouwermanstraat","'s-Gravenhage","'s-Gravenhage","Zuid-Holland",false,52.063364,4.307226,"material damage only","4","clear",false,1,"GM0518"
"20220216672",2022,"Uitsluitend materiele schade",2,"Personenauto","Fiets","Flank","Kruispunt, 4 takken",50,"Niet brandend","Daglicht","Droog",\N,\N,"Stationsstraat","Waddinxveen","Waddinxveen","Zuid-Holland",false,52.044617,4.650365,"material damage only","4","clear",false,1,"GM0627"
"20220218079",2022,"Uitsluitend materiele schade",2,"Bromfiets","Fiets","Flank","Rechte weg",50,"Brandend","Duisternis","Droog",\N,"157306102","Soestdijksekade","'s-Gravenhage","'s-Gravenhage","Zuid-Holland",false,52.061412,4.278887,"material damage only","4","clear",false,1,"GM0518"
"20220225316",2022,"Letsel",1,"Fiets",\N,"Eenzijdig","Kruispunt, 4 takken",50,"Niet brandend","Daglicht","Droog",\N,\N,"Keermanslaan","Breda","Breda","Noord-Brabant",false,51.567291,4.794078,"injury","2","clear",false,1,"GM0758"
"20220226142",2022,"Uitsluitend materiele schade",2,"Fiets","Personenauto","Flank","Kruispunt, 4 takken",\N,"Brandend","Schemer","Regen",\N,\N,"Schoutstraat","Rijen","Gilze en Rijen","Noord-Brabant",false,51.590344,4.912336,"material damage only","4","rain",false,1,"GM0784"
"20220260004",2022,"Uitsluitend materiele schade",1,"Fiets",\N,"Onbekend","Rechte weg",50,"Niet brandend","Daglicht","Droog",\N,\N,"Laan Nieuwer-Amstel","Amstelveen","Amstelveen","Noord-Holland",false,52.299966,4.845853,"material damage only","4","clear",false,1,"GM0362"
"20220214530",2022,"Letsel",1,"Fiets",\N,"Eenzijdig","Kruispunt, 3 takken",\N,"Brandend","Duisternis","Droog",\N,\N,"IJsseldijk-West","Ouderkerk aan den IJssel","Krimpenerwaard","Zuid-Holland",false,51.935115,4.629502,"injury","2","clear",false,1,"GM1931"
"20220214557",2022,"Letsel",1,"Fiets",\N,"Eenzijdig","Bocht",50,"Brandend","Duisternis","Droog",\N,\N,"Sandifortdreef","Leiden","Leiden","Zuid-Holland",false,52.170007,4.477214,"injury","2","clear",false,1,"GM0546"
"20220216678",2022,"Letsel",1,"Fiets",\N,"Eenzijdig","Rechte weg",50,"Brandend","Duisternis","Droog",\N,"171296015","Korftlaan","Delft","Delft","Zuid-Holland",false,52.016545,4.376649,"injury","2","clear",false,1,"GM0503"
"20220216717",2022,"Uitsluitend materiele schade",2,"Personenauto","Fiets","Kop/staart","Rechte weg",30,"Niet brandend","Daglicht","Droog",\N,"186341073","Herenstraat","Voorhout","Teylingen","Zuid-Holland",false,52.221235,4.481533,"material damage only","4","clear",false,1,"GM1525"
"20220220302",2022,"Letsel",1,"e-bike",\N,"Eenzijdig","Rechte weg",30,"Niet brandend","Daglicht","Droog",\N,"184253097","Dorpsstraat","Heinenoord","Hoeksche Waard","Zuid-Holland",false,51.826062,4.474416,"injury","2","clear",false,1,"GM1963"
"20220199026",2022,"Letsel",2,"e-bike","Fiets","Onbekend",\N,50,"Brandend","Daglicht","Regen","Brug/viaduct","500357017","Houtmaatweg","Hengelo","Hengelo (O)","Overijssel",false,52.287734,6.789311,"injury","2","rain",false,1,\N
"20220199027",2022,"Uitsluitend materiele schade",2,"Fiets","Personenauto","Frontaal","Rechte weg",30,"Niet brandend","Daglicht","Droog",\N,\N,"Rijksweg-Noord","Elst","Overbetuwe","Gelderland",false,51.923211,5.853223,"material damage only","4","clear",false,1,"GM1734"
"20220207482",2022,"Letsel",1,"Fiets",\N,"Eenzijdig","Rechte weg",30,"Niet brandend","Daglicht","Droog",\N,"226504230","Beatrixstraat","Den Helder","Den Helder","Noord-Holland",false,52.957513,4.762694,"injury","2","clear",false,1,"GM0400"
"20220208274",2022,"Uitsluitend materiele schade",1,"Fiets",\N,"Flank","Rechte weg",50,"Niet brandend","Daglicht","Droog",\N,"209381031","Spaarndamseweg","Haarlem","Haarlem","Noord-Holland",false,52.401184,4.65265,"material damage only","4","clear",false,1,"GM0392"
"20220212368",2022,"Uitsluitend materiele schade",2,"Brommobiel","e-bike","Flank","Kruispunt, 4 takken",50,"Niet brandend","Daglicht","Regen",\N,\N,"Koningsstraat","Amsterdam","Amsterdam","Noord-Holland",false,52.372637,4.901384,"material damage only","4","rain",false,1,"GM0363"
"20220219578",2022,"Uitsluitend materiele schade",2,"Personenauto","Fiets","Flank","Rotonde",50,"Brandend","Duisternis","Droog",\N,\N,"Koninginneweg","Zwijndrecht","Zwijndrecht","Zuid-Holland",false,51.815426,4.638456,"material damage only","4","clear",false,1,"GM0642"
"20220211058",2022,"Uitsluitend materiele schade",2,"Personenauto","Fiets","Flank","Rechte weg",50,"Niet brandend","Daglicht","Droog",\N,"247371106","Linnaeusstraat","Amsterdam","Amsterdam","Noord-Holland",false,52.358258,4.926337,"material damage only","4","clear",false,1,"GM0363"
"20220214615",2022,"Letsel",2,"Fiets","Voetganger","Voetganger",\N,\N,\N,"Daglicht",\N,\N,"600934772","Koningin Julianaplein","'s-Gravenhage","'s-Gravenhage","Zuid-Holland",false,52.081488,4.321924,"injury","2","unknown",false,1,"GM0518"
"20220211770",2022,"Letsel",2,"Fiets","Fiets","Frontaal","Rechte weg",30,"Niet brandend","Daglicht","Droog",\N,"241376074","Haarlemmerdijk","Amsterdam","Amsterdam","Noord-Holland",false,52.382035,4.888322,"injury","2","clear",false,1,"GM0363"
"20220212433",2022,"Uitsluitend materiele schade",2,"Personenauto","Fiets","Onbekend",\N,\N,\N,"Daglicht",\N,\N,"601037168","Legmeerplein","Uithoorn","Uithoorn","Noord-Holland",false,52.248551,4.8175,"material damage only","4","unknown",false,1,"GM0451"
"20220230843",2022,"Letsel",2,"Bestelauto","e-bike","Geparkeerd voertuig","Rechte weg",50,"Niet brandend","Daglicht","Droog",\N,"394113013","Venloseweg","Roermond","Roermond","Limburg",false,51.198659,5.995188,"injury","2","clear",false,1,"GM0957"
"20220203381",2022,"Letsel",2,"Personenauto","Fiets","Flank","Rechte weg",50,"Niet brandend","Daglicht","Droog",\N,"329298063","Goudvink","Veenendaal","Veenendaal","Utrecht",false,52.030765,5.529008,"injury","2","clear",false,1,"GM0345"
"20220118861",2022,"Dodelijk",2,"Personenauto","e-bike","Flank","Kruispunt, 4 takken",50,"Niet brandend","Daglicht","Droog",\N,\N,"Molenstraat","Twello","Voorst","Gelderland",false,52.233146,6.092754,"fatal","1","clear",false,1,"GM0285"
"20220206735",2022,"Letsel",2,"Personenauto","Fiets","Flank","Rechte weg",50,"Niet brandend","Daglicht","Droog",\N,"250401091","Kanaalweg","Purmerend","Purmerend","Noord-Holland",false,52.489788,4.949164,"injury","2","clear",false,1,"GM0439"
"20220215414",2022,"Letsel",2,"Fiets","Personenauto","Flank","Kruispunt, 4 takken",80,"Niet brandend","Daglicht","Droog",\N,\N,"N210 Parallelweg","Krimpen aan de Lek","Krimpenerwaard","Zuid-Holland",false,51.911723,4.643285,"injury","2","clear",false,1,"GM1931"
"20220216886",2022,"Letsel",1,"Fiets",\N,"Eenzijdig","Rechte weg",30,"Niet brandend","Daglicht","Droog",\N,"600733226","J.P. Gouverneurlaan","Sassenheim","Teylingen","Zuid-Holland",false,52.224051,4.524899,"injury","2","clear",false,1,"GM1525"
"20220220517",2022,"Letsel",2,"Personenauto","Fiets","Flank","Rechte weg",50,"Brandend","Schemer","Droog",\N,"168277005","Reigerlaan","Vlaardingen","Vlaardingen","Zuid-Holland",false,51.9307,4.356973,"injury","2","clear",false,1,"GM0622"
"20220227537",2022,"Uitsluitend materiele schade",2,"Personenauto","Fiets","Onbekend","Kruispunt, 4 takken",15,"Niet brandend","Daglicht","Droog",\N,\N,"Kempensebaan","Eindhoven","Eindhoven","Noord-Brabant",false,51.438757,5.498464,"material damage only","4","clear",false,1,"GM0772"
"20220229106",2022,"Letsel",2,"Personenauto","Fiets","Flank","Rechte weg",50,"Brandend","Duisternis","Droog",\N,"600802507","Dr Schaepmanlaan","Eindhoven","Eindhoven","Noord-Brabant",false,51.429054,5.478685,"injury","2","clear",false,1,"GM0772"
"20220201200",2022,"Letsel",2,"Personenauto","e-bike","Flank","Rotonde",50,"Brandend","Duisternis","Regen",\N,\N,"Van Dompselaerstraat","Barneveld","Barneveld","Gelderland",false,52.133505,5.590631,"injury","2","rain",false,1,"GM0203"
"20220202608",2022,"Letsel",2,"Bromfiets","Fiets","Frontaal","Rechte weg",30,"Brandend","Duisternis","Droog",\N,"600787002","Spoorbaanpad","Almere","Almere","Flevoland",false,52.380984,5.260817,"injury","2","clear",false,1,"GM0034"
"20220130465",2022,"Dodelijk",2,"Bestelauto","Fiets","Flank","Rechte weg",60,"Niet brandend","Daglicht","Droog",\N,"283190004","Oirschotseweg","Moergestel","Oisterwijk","Noord-Brabant",false,51.545349,5.201661,"fatal","1","clear",false,1,"GM0824"
"20220207669",2022,"Letsel",1,"e-bike",\N,"Eenzijdig","Rechte weg",50,"Niet brandend","Daglicht","Droog",\N,"219433028","Olympiaweg","Alkmaar","Alkmaar","Noord-Holland",false,52.63786,4.721643,"injury","2","clear",false,1,"GM0361"
"20220210463",2022,"Letsel",2,"Bromfiets","Fiets","Flank","Rechte weg",50,"Niet brandend","Daglicht","Droog",\N,"600381170","Frederiksplein","Amsterdam","Amsterdam","Noord-Holland",false,52.360242,4.899165,"injury","2","clear",false,1,"GM0363"
"20220210465",2022,"Uitsluitend materiele schade",2,"e-bike","Fiets","Flank","Kruispunt, 4 takken",50,"Brandend","Duisternis","Droog",\N,\N,"Linnaeusstraat","Amsterdam","Amsterdam","Noord-Holland",false,52.36017,4.92528,"material damage only","4","clear",false,1,"GM0363"