"accident_id","year","severity_raw","party_count","party1_type","party2_type","accident_type","road_situation","speed_limit_kmh","road_lighting","light_condition_label","weather_raw","infra_type","road_segment_id","street_name","place_name","gemeente_name_raw","province","alcohol_indicated","latitude","longitude","severity_label","severity_code","weather_label","built_up_area","cyclists_involved","gemeente_code"
"20240080359",2024,"Letsel",2,"Fiets","Fiets","Flank","Rechte weg",50,"Niet brandend","Daglicht","Droog","Tunnel","600667534","FIETSPAD","Dordrecht","Dordrecht","Zuid-Holland",false,51.807859,4.661895,"injury","2","clear",false,1,"GM0505"
"20240036706",2024,"Letsel",1,"Fiets",\N,"Onbekend","Rechte weg",30,"Niet brandend","Daglicht","Droog",\N,"467563105","Herestraat","Groningen","Groningen","Groningen",false,53.214713,6.568883,"injury","2","clear",false,1,"GM0014"
"20240040633",2024,"Letsel",1,"Fiets",\N,"Onbekend",\N,50,\N,"Daglicht",\N,\N,"600669793","Cornelis Lelylaan","Amsterdam","Amsterdam","Noord-Holland",false,52.357448,4.81715,"injury","2","unknown",false,1,"GM0363"
"20240041412",2024,"Uitsluitend materiele schade",2,"Fiets","Personenauto","Onbekend","Rechte weg",50,"Niet brandend","Daglicht","Droog",\N,"206379081","Korte Verspronckweg","Haarlem","Haarlem","Noord-Holland",false,52.391189,4.625498,"material damage only","4","clear",false,1,"GM0392"
"20240072376",2024,"Letsel",2,"Fiets","Bromfiets","Onbekend","Kruispunt, 3 takken",30,"Niet brandend","Daglicht","Droog",\N,\N,"Blauwpoortsbrug","Leiden","Leiden","Zuid-Holland",false,52.161869,4.484725,"injury","2","clear",false,1,"GM0546"
"20240033667",2024,"Uitsluitend materiele schade",2,\N,"Fiets","Flank","Kruispunt, 3 takken",50,"Niet brandend","Daglicht","Droog",\N,\N,"Abbevillelaan","Eindhoven","Eindhoven","Noord-Brabant",false,51.492307,5.451103,"material damage only","4","clear",false,1,"GM0772"
"20240037709",2024,"Letsel",1,"Fiets",\N,"Onbekend",\N,30,\N,"Daglicht",\N,\N,\N,"Koningshof","Hilversum","Hilversum","Noord-Holland",false,52.220664,5.175244,"injury","2","unknown",false,1,"GM0402"
"20240071788",2024,"Letsel",2,"Snorfiets","Fiets","Flank","Rechte weg",30,"Niet brandend","Daglicht","Droog",\N,"157297117","Dorpskade","Wateringen","Westland","Zuid-Holland",false,52.0221,4.275,"injury","2","clear",false,1,"GM1783"
"20240033712",2024,"Uitsluitend materiele schade",2,"Personenauto","Fiets","Flank","Kruispunt, 4 takken",50,"Niet brandend","Daglicht","Droog",\N,\N,"Buitenhaven","Terneuzen","Terneuzen","Zeeland",false,51.325919,3.815772,"material damage only","4","clear",false,1,"GM0715"
"20240036777",2024,"Letsel",2,"Personenauto","Fiets","Flank","Kruispunt, 3 takken",50,"Niet brandend","Daglicht","Droog",\N,\N,"Oldenzaalsestraat","Hengelo","Hengelo (O)","Overijssel",false,52.269374,6.80195,"injury","2","clear",false,1,\N
"20240038375",2024,"Letsel",2,"Personenauto","Fiets","Kop/staart","Kruispunt, 4 takken",30,"Niet brandend","Daglicht","Droog",\N,\N,"Jan Miense Molenaerplein","Heemstede","Heemstede","Noord-Holland",false,52.359414,4.626956,"injury","2","clear",false,1,"GM0397"
"20240071802",2024,"Letsel",2,"Fiets","Fiets","Flank","Rechte weg",50,"Niet brandend","Daglicht","Droog",\N,\N,"Van Alkemadelaan","'s-Gravenhage","'s-Gravenhage","Zuid-Holland",false,52.104009,4.317579,"injury","2","clear",false,1,"GM0518"
"20240033123",2024,"Letsel",2,"Trekker","Fiets","Flank","Kruispunt, 3 takken",50,"Niet brandend","Daglicht","Droog",\N,\N,"Koopliedenweg","Barendrecht","Barendrecht","Zuid-Holland",false,51.857746,4.560965,"injury","2","clear",false,1,"GM0489"
"20240037846",2024,"Letsel",1,"Fiets",\N,"Onbekend","Rechte weg",50,"Niet brandend","Daglicht","Droog",\N,"600422815","Laan der Nederlanden","Beverwijk","Beverwijk","Noord-Holland",false,52.492834,4.671917,"injury","2","clear",false,1,"GM0375"
"20240041614",2024,"Letsel",1,"Fiets",\N,"Onbekend",\N,\N,\N,"Daglicht",\N,\N,"39126002","Rijksweg","Eede","Sluis","Zeeland",false,51.244512,3.449273,"injury","2","unknown",false,1,"GM1714"
"20240047466",2024,"Letsel",1,"Fiets",\N,"Eenzijdig","Kruispunt, 3 takken",50,"Niet brandend","Daglicht","Droog",\N,\N,"Riegshoogtendijk","Hollandscheveld","Hoogeveen","Drenthe",false,52.685711,6.532173,"injury","2","clear",false,1,"GM0118"
"20240047490",2024,"Letsel",2,"Personenauto","e-bike","Flank","Kruispunt, 4 takken",30,"Niet brandend","Daglicht","Droog",\N,\N,"Peppeling","Hoogezand","Midden-Groningen","Groningen",false,53.156945,6.770043,"injury","2","clear",false,1,"GM1952"
"20240078731",2024,"Uitsluitend materiele schade",2,"Fiets","Fiets","Flank","Rechte weg",15,"Niet brandend","Daglicht","Droog",\N,"232375020","Slotermeerlaan","Amsterdam","Amsterdam","Noord-Holland",false,52.376683,4.819781,"material damage only","4","clear",false,1,"GM0363"
"20240051227",2024,"Letsel",2,"Fiets","Fiets","Frontaal","Bocht",50,"Niet brandend","Daglicht","Droog",\N,"600418408","Rozenburglaan","Duivendrecht","Ouder-Amstel","Noord-Holland",false,52.33534,4.946226,"injury","2","clear",false,1,"GM0437"
"20240050644",2024,"Uitsluitend materiele schade",2,"e-bike","Voetganger","Voetganger","Rechte weg",50,"Niet brandend","Daglicht","Droog",\N,"186305132","Promenade","Zoetermeer","Zoetermeer","Zuid-Holland",false,52.061336,4.490653,"material damage only","4","clear",false,1,"GM0637"
"20240047581",2024,"Letsel",2,"Fiets","Voetganger","Voetganger","Rechte weg",\N,"Niet brandend","Daglicht","Droog",\N,"475546002","Rijksstraatweg","Glimmen","Groningen","Groningen",false,53.140037,6.627492,"injury","2","clear",false,1,"GM0014"
"20240072091",2024,"Letsel",1,"Fiets",\N,"Onbekend","Rechte weg",50,"Niet brandend","Daglicht","Droog",\N,"155309057","Goudenregenstraat","'s-Gravenhage","'s-Gravenhage","Zuid-Holland",false,52.077069,4.263414,"injury","2","clear",false,1,"GM0518"
"20240080156",2024,"Uitsluitend materiele schade",2,"Fiets","Fiets","Eenzijdig","Bocht",30,"Niet brandend","Duisternis","Droog",\N,"210430014","Slotweg","Egmond aan den Hoef","Bergen (NH)","Noord-Holland",false,52.621174,4.653248,"material damage only","4","clear",false,1,\N
"20240038066",2024,"Dodelijk",3,"Landbouwvoertuig","Fiets","Flank","Rechte weg",60,"Niet brandend","Daglicht","Droog",\N,"258297001","Broeksdijk","IJsselstein","IJsselstein","Utrecht",false,52.02502,5.015352,"fatal","1","clear",false,1,"GM0353"
"20240041814",2024,"Letsel",2,"Fiets","Personenauto","Los voorwerp","Kruispunt, 4 takken",50,"Niet brandend","Daglicht","Harde windstoten",\N,\N,"Lange Hilleweg","Rotterdam","Rotterdam","Zuid-Holland",false,51.895346,4.505552,"injury","2","unknown",false,1,"GM0599"
"20230096297",2023,"Uitsluitend materiele schade",2,"Personenauto","Fiets","Onbekend","Kruispunt, 4 takken",60,"Brandend","Schemer","Regen",\N,\N,"Bovenwijkerweg","Langbroek","Wijk bij Duurstede","Utrecht",false,52.007587,5.369102,"material damage only","4","rain",false,1,"GM0352"
"20230100509",2023,"Uitsluitend materiele schade",2,\N,"Fiets","Flank",\N,50,"Brandend","Daglicht","Regen",\N,"310157005","De Run","Veldhoven","Veldhoven","Noord-Brabant",false,51.396761,5.390166,"material damage only","4","rain",false,1,"GM0861"
"20230101619",2023,"Letsel",2,"Fiets","Overig vast object","Vast voorwerp","Rechte weg",50,"Brandend","Duisternis","Droog",\N,"167290045","Rooseveltlaan","Delft","Delft","Zuid-Holland",false,51.988986,4.349784,"injury","2","clear",false,1,"GM0503"
"20230102501",2023,"Letsel",2,"Personenauto","Fiets","Flank","Kruispunt, 3 takken",50,"Niet brandend","Daglicht","Regen",\N,\N,"Goudenregenplein","'s-Gravenhage","'s-Gravenhage","Zuid-Holland",false,52.076252,4.263059,"injury","2","rain",false,1,"GM0518"
"20230091695",2023,"Uitsluitend materiele schade",2,"Fiets","Bromfiets","Flank","Rechte weg",50,"Niet brandend","Daglicht","Droog","Tunnel","600542870","Tilburgseweg","Hilvarenbeek","Hilvarenbeek","Noord-Brabant",false,51.527706,5.115889,"material damage only","4","clear",false,1,"GM0798"
"20230099300",2023,"Uitsluitend materiele schade",2,"Personenauto","Fiets","Geparkeerd voertuig","Rechte weg",50,"Niet brandend","Daglicht","Droog",\N,"601087969","Looierstraat","Gulpen","Gulpen-Wittem","Limburg",false,50.816415,5.89259,"material damage only","4","clear",false,1,"GM1729"
"20230102049",2023,"Letsel",2,"Bromfiets","Fiets","Flank","Rechte weg",30,"Niet brandend","Daglicht","Regen",\N,"219305048","Goudsestraatweg","Reeuwijk","Bodegraven-Reeuwijk","Zuid-Holland",false,52.062533,4.732462,"injury","2","rain",false,1,"GM1901"
"20230106119",2023,"Letsel",2,"Bromfiets","Fiets","Kop/staart","Rechte weg",50,"Brandend","Duisternis","Regen","Brug/viaduct","600974315","Nijmeegseweg","Arnhem","Arnhem","Gelderland",false,51.97372,5.910688,"injury","2","rain",false,1,"GM0202"
"20230079400",2023,"Letsel",1,"Fiets",\N,"Eenzijdig",\N,60,\N,"Daglicht",\N,\N,"78202010","Mariapolderseweg","Kamperland","Noord-Beveland","Zeeland",false,51.588545,3.723488,"injury","2","unknown",false,1,"GM1695"
"20230099505",2023,"Letsel",2,"Fiets","Personenauto","Flank","Rechte weg",50,"Niet brandend","Daglicht","Droog",\N,\N,"Meerssenerweg","Maastricht","Maastricht","Limburg",false,50.862484,5.711824,"injury","2","clear",false,1,"GM0935"
"20230100055",2023,"Uitsluitend materiele schade",2,"Personenauto","Fiets","Onbekend","Rechte weg",15,"Niet aanwezig","Duisternis","Droog",\N,"218198124","Kruisvoort","Breda","Breda","Noord-Brabant",false,51.581376,4.728462,"material damage only","4","clear",false,1,"GM0758"
"20230082966",2023,"Letsel",1,"Fiets",\N,"Eenzijdig","Rechte weg",80,"Niet brandend","Daglicht","Droog",\N,"600666914","Doetinchemseweg","Westendorp","Oude IJsselstreek","Gelderland",false,51.948134,6.433283,"injury","2","clear",false,1,"GM1509"
"20230088780",2023,"Uitsluitend materiele schade",3,"Personenauto","Fiets","Los voorwerp","Rotonde",50,"Niet brandend","Daglicht","Regen",\N,\N,"Doggersbank","Hoogvliet Rotterdam","Rotterdam","Zuid-Holland",false,51.855878,4.364788,"material damage only","4","rain",false,1,"GM0599"
"20230089356",2023,"Letsel",2,"Fiets","Overig vast object","Vast voorwerp","Rechte weg",15,"Brandend","Duisternis","Droog",\N,"600976416","Stationsplein","Leiden","Leiden","Zuid-Holland",false,52.163274,4.480225,"injury","2","clear",false,1,"GM0546"
"20230092345",2023,"Uitsluitend materiele schade",2,"Personenauto","Fiets","Flank","Rotonde",50,"Brandend","Duisternis","Regen",\N,\N,"Moesdijk","Weert","Weert","Limburg",false,51.24787,5.737272,"material damage only","4","rain",false,1,"GM0988"
"20230098730",2023,"Uitsluitend materiele schade",2,"Personenauto","Fiets","Flank","Kruispunt, 4 takken",30,"Niet brandend","Daglicht","Droog",\N,\N,"Faunalaan","Boxmeer","Land van Cuijk","Noord-Brabant",false,51.642941,5.950719,"material damage only","4","clear",false,1,"GM1982"
"20230100976",2023,"Letsel",1,"Fiets",\N,"Eenzijdig","Rechte weg",\N,"Niet brandend","Daglicht","Droog",\N,"600746606","Burg van Reenensingel","Gouda","Gouda","Zuid-Holland",false,52.021928,4.684646,"injury","2","clear",false,1,"GM0513"
"20230104436",2023,"Uitsluitend materiele schade",2,"Personenauto","Fiets","Flank","Kruispunt, 3 takken",50,"Niet brandend","Schemer","Droog",\N,\N,"Oostersluisweg","Groningen","Groningen","Groningen",false,53.226282,6.59444,"material damage only","4","clear",false,1,"GM0014"
"20230083004",2023,"Uitsluitend materiele schade",3,"Bromfiets","Fiets","Kop/staart","Rechte weg",60,"Niet brandend","Schemer","Droog",\N,"452419008","Ommerkanaal","Dedemsvaart","Hardenberg","Overijssel",false,52.571559,6.445594,"material damage only","4","clear",false,1,"GM0160"
"20230087104",2023,"Letsel",2,"Fiets","Personenauto","Frontaal","Bocht",30,"Niet brandend","Schemer","Droog",\N,"161301013","de Mare","Rijswijk","Rijswijk","Zuid-Holland",false,52.040404,4.30779,"injury","2","clear",false,1,\N
"20230090671",2023,"Uitsluitend materiele schade",2,"Personenauto","Fiets","Flank","Kruispunt, 3 takken",30,"Niet brandend","Daglicht","Droog",\N,\N,"Amazonenlaan","Eindhoven","Eindhoven","Noord-Brabant",false,51.460048,5.497029,"material damage only","4","clear",false,1,"GM0772"
"20230100719",2023,"Uitsluitend materiele schade",2,"Vrachtauto","Fiets","Onbekend","Rechte weg",30,"Niet aanwezig","Schemer","Droog",\N,"393216024","De Grens","Heijen","Gennep","Limburg",false,51.662682,5.991347,"material damage only","4","clear",false,1,"GM0907"
"20230100723",2023,"Letsel",2,"Personenauto","Fiets","Flank","Kruispunt, 4 takken",30,"Niet brandend","Daglicht","Droog",\N,\N,"de Middenloop","Helmond","Helmond","Noord-Brabant",false,51.463826,5.703164,"injury","2","clear",false,1,"GM0794"
"20230106674",2023,"Letsel",1,"Fiets",\N,"Eenzijdig","Rechte weg",50,"Niet brandend","Daglicht","Droog",\N,"181274044","Beukelsdijk","Rotterdam","Rotterdam","Zuid-Holland",false,51.920721,4.452665,"injury","2","clear",false,1,"GM0599"
"20230094788",2023,"Uitsluitend materiele schade",2,"Personenauto","e-bike","Onbekend","Rotonde",50,"Brandend","Daglicht","Regen",\N,\N,"Veenschouw","Hattem","Hattem","Gelderland",false,52.468318,6.073178,"material damage only","4","rain",false,1,"GM0244"
"20230097106",2023,"Uitsluitend materiele schade",2,"Bromfiets","Fiets","Flank","Kruispunt, 4 takken",30,"Niet brandend","Daglicht","Droog",\N,\N,"Stadhouderskade","Amsterdam","Amsterdam","Noord-Holland",false,52.358336,4.901737,"material damage only","4","clear",false,1,"GM0363"
"20230098318",2023,"Letsel",1,"Fiets",\N,"Eenzijdig","Rechte weg",30,"Niet brandend","Daglicht","Droog",\N,"249404018","Westerstraat","Purmerend","Purmerend","Noord-Holland",false,52.509588,4.94402,"injury","2","clear",false,1,"GM0439"
"20230091344",2023,"Uitsluitend materiele schade",2,"Personenauto","Fiets","Flank","Rotonde",50,"Niet brandend","Daglicht","Droog",\N,\N,"Het Woud","Oss","Oss","Noord-Brabant",false,51.747938,5.502807,"material damage only","4","clear",false,1,"GM0828"
"20230106393",2023,"Letsel",2,"Bromfiets","Fiets","Flank","Rechte weg",50,"Niet brandend","Daglicht","Droog",\N,"600234113","Laan op Zuid","Rotterdam","Rotterdam","Zuid-Holland",false,51.902214,4.508248,"injury","2","clear",false,1,"GM0599"
"20230079679",2023,"Uitsluitend materiele schade",2,"Brommobiel","Fiets","Flank","Rechte weg",50,"Niet brandend","Daglicht","Droog",\N,"299227074","Sint Teunislaan","'s-Hertogenbosch","'s-Hertogenbosch","Noord-Brabant",false,51.710676,5.311939,"material damage only","4","clear",false,1,"GM0796"
"20230090184",2023,"Uitsluitend materiele schade",4,"Snorfiets","Fiets","Geparkeerd voertuig",\N,30,\N,"Daglicht","Regen",\N,"206336007","Noordplein","Roelofarendsveen","Kaag en Braassem","Zuid-Holland",false,52.201576,4.633488,"material damage only","4","rain",false,1,"GM1884"
"20230091376",2023,"Uitsluitend materiele schade",1,"Fiets",\N,"Eenzijdig","Rechte weg",50,"Niet brandend","Daglicht","Droog",\N,"369076001","Walramstraat","Born","Sittard-Geleen","Limburg",false,51.033908,5.814484,"material damage only","4","clear",false,1,"GM1883"
"20230091392",2023,"Letsel",2,"Personenauto","Fiets","Flank","Rotonde",50,"Niet brandend","Daglicht","Droog",\N,\N,"Steilrandweg","Tegelen","Venlo","Limburg",false,51.334913,6.147966,"injury","2","clear",false,1,"GM0983"
"20230092581",2023,"Letsel",2,"Bus","Fiets","Flank","Rechte weg",50,"Niet brandend","Daglicht","Droog",\N,\N,"Beethovensingel","Landgraaf","Landgraaf","Limburg",false,50.904705,6.022456,"injury","2","clear",false,1,"GM0882"
"20230095460",2023,"Uitsluitend materiele schade",3,"Personenauto","Fiets","Onbekend","Rotonde",50,"Niet brandend","Daglicht","Regen",\N,\N,"Oosterscheldeweg","Hoorn","Hoorn","Noord-Holland",false,52.653145,5.099378,"material damage only","4","rain",false,1,"GM0405"
"20230097772",2023,"Letsel",2,"Bestelauto","Fiets","Eenzijdig","Rechte weg",50,"Brandend","Schemer","Droog",\N,"233382001","Westhavenweg","Amsterdam","Amsterdam","Noord-Holland",false,52.408967,4.828544,"injury","2","clear",false,1,"GM0363"
"20230095501",2023,"Letsel",2,"e-bike","Personenauto","Frontaal","Rotonde",50,"Niet brandend","Daglicht","Droog",\N,\N,"Zuidtangent","Heerhugowaard","Dijk en Waard","Noord-Holland",false,52.665627,4.827039,"injury","2","clear",false,1,"GM1980"
"20230082688",2023,"Uitsluitend materiele schade",2,"Personenauto","Fiets","Flank","Bocht",80,"Niet brandend","Daglicht","Droog",\N,\N,"Jufferstraat","Malden","Heumen","Gelderland",false,51.797491,5.848875,"material damage only","4","clear",false,1,"GM0252"
"20230085563",2023,"Letsel",2,"Personenauto","Fiets","Voetganger","Bocht",30,"Niet brandend","Daglicht","Droog",\N,"263271010","Raadhuisstraat","Leerbroek","Vijfheerenlanden","Utrecht",false,51.910005,5.05182,"injury","2","clear",false,1,"GM1961"
"20230087303",2023,"Uitsluitend materiele schade",2,"Bestelauto","Fiets","Flank","Kruispunt, 4 takken",50,"Niet brandend","Daglicht","Droog",\N,\N,"Haarlemmerweg","Amsterdam","Amsterdam","Noord-Holland",false,52.387235,4.874883,"material damage only","4","clear",false,1,"GM0363"
"20230106894",2023,"Letsel",2,"Personenauto","Fiets","Geparkeerd voertuig","Rechte weg",30,"Brandend","Duisternis","Regen",\N,"367040005","Onderstestraat","Valkenburg","Valkenburg aan de Geul","Limburg",false,50.870847,5.793628,"injury","2","rain",false,1,"GM0994"
"20230080946",2023,"Uitsluitend materiele schade",2,"Personenauto","Fiets","Flank","Rechte weg",30,"Niet brandend","Daglicht","Droog",\N,"600392822","Velddoornweg","Eindhoven","Eindhoven","Noord-Brabant",false,51.412669,5.471129,"material damage only","4","clear",false,1,"GM0772"
"20230082121",2023,"Uitsluitend materiele schade",2,"Personenauto","Fiets","Frontaal","Kruispunt, 3 takken",30,"Niet brandend","Daglicht","Droog",\N,\N,"8 oktoberstraat","Panningen","Peel en Maas","Limburg",false,51.321534,5.980266,"material damage only","4","clear",false,1,"GM1894"
"20230083307",2023,"Uitsluitend materiele schade",4,"Personenauto","Fiets","Onbekend","Rechte weg",50,"Niet aanwezig","Daglicht","Droog",\N,"347249004","Ruffelseweg","Batenburg","Wijchen","Gelderland",false,51.811079,5.66177,"material damage only","4","clear",false,1,"GM0296"
"20230079814",2023,"Letsel",2,"Bestelauto","Fiets","Eenzijdig","Kruispunt, 4 takken",50,"Niet brandend","Daglicht","Droog",\N,\N,"Karel de Grotelaan","Eindhoven","Eindhoven","Noord-Brabant",false,51.426416,5.457114,"injury","2","clear",false,1,"GM0772"
"20230088562",2023,"Letsel",2,"Snorfiets","Fiets","Flank","Rechte weg",50,"Niet brandend","Daglicht","Droog",\N,"600722809","Delftweg","Rotterdam","Rotterdam","Zuid-Holland",false,51.948832,4.412229,"injury","2","clear",false,1,"GM0599"
"20230090326",2023,"Letsel",1,"Fiets",\N,"Eenzijdig","Rechte weg",\N,"Niet brandend","Daglicht","Droog",\N,"600728138","Dorpsstraat","Oegstgeest","Oegstgeest","Zuid-Holland",false,52.188331,4.467169,"injury","2","clear",false,1,"GM0579"
"20230095019",2023,"Letsel",3,"Personenauto","Fiets","Frontaal","Kruispunt, 4 takken",50,"Niet brandend","Schemer","Droog",\N,\N,"Hoofdweg","Blijham","Westerwolde","Groningen",false,53.112291,7.069323,"injury","2","clear",false,1,"GM1950"
"20230096759",2023,"Uitsluitend materiele schade",1,"Fiets",\N,"Onbekend","Kruispunt, 3 takken",30,"Niet brandend","Daglicht","Droog",\N,\N,"Drieërweg","Ermelo","Ermelo","Gelderland",false,52.295454,5.635263,"material damage only","4","clear",false,1,"GM0233"
"20230097911",2023,"Letsel",2,"Personenauto","e-bike","Flank","Kruispunt, 4 takken",50,"Brandend","Duisternis","Droog",\N,\N,"Rustenburgerstraat","Amsterdam","Amsterdam","Noord-Holland",false,52.352396,4.898193,"injury","2","clear",false,1,"GM0363"
"20230102955",2023,"Uitsluitend materiele schade",2,"Personenauto","Fiets","Voetganger","Rotonde",50,"Niet brandend","Daglicht","Droog",\N,\N,"Schaapweg","Rijswijk","Rijswijk","Zuid-Holland",false,52.031236,4.304587,"material damage only","4","clear",false,1,\N
"20230085692",2023,"Uitsluitend materiele schade",2,"Personenauto","Fiets","Flank","Kruispunt, 4 takken",50,"Niet brandend","Daglicht","Droog",\N,\N,"Wiedenbroeksingel","Haaksbergen","Haaksbergen","Overijssel",false,52.162429,6.748443,"material damage only","4","clear",false,1,"GM0158"
"20230093337",2023,"Uitsluitend materiele schade",2,"Personenauto","Fiets","Flank","Rotonde",30,"Brandend","Duisternis","Regen",\N,\N,"Rondweg","Kampen","Kampen","Overijssel",false,52.558782,5.900668,"material damage only","4","rain",false,1,"GM0166"
"20230083978",2023,"Letsel",2,"Bus","Fiets","Flank","Rechte weg",50,"Niet brandend","Daglicht","Droog",\N,\N,"Oosterhamrikbaan","Groningen","Groningen","Groningen",false,53.231844,6.580664,"injury","2","clear",false,1,"GM0014"
"20230096240",2023,"Uitsluitend materiele schade",3,"Personenauto","Fiets","Onbekend","Rotonde",50,"Brandend","Duisternis","Regen",\N,\N,"Prins Bernhardlaan","Borne","Borne","Overijssel",false,52.301903,6.750166,"material damage only","4","rain",false,1,"GM0147"
"20230096268",2023,"Uitsluitend materiele schade",2,"Bromfiets","Fiets","Frontaal","Kruispunt, 4 takken",30,"Niet brandend","Daglicht","Droog",\N,\N,"Belvédèrelaan","Zwolle","Zwolle","Overijssel",false,52.532107,6.053981,"material damage only","4","clear",false,1,"GM0193"
"20230096821",2023,"Letsel",2,"Personenauto","Fiets","Frontaal","Kruispunt, 3 takken",80,"Niet brandend","Daglicht","Droog",\N,\N,"Haarweg","Bentelo","Hof van Twente","Overijssel",false,52.232271,6.689542,"injury","2","clear",false,1,"GM1735"
"20230089839",2023,"Letsel",1,"Fiets",\N,"Eenzijdig","Rechte weg",50,"Niet aanwezig","Daglicht","Droog",\N,"174324096","V Zuylen van Nijeveltstr","Wassenaar","Wassenaar","Zuid-Holland",false,52.144365,4.398349,"injury","2","clear",false,1,"GM0629"
"20230089853",2023,"Uitsluitend materiele schade",2,"Personenauto","Fiets","Flank","Kruispunt, 3 takken",30,"Niet brandend","Daglicht","Regen",\N,\N,"Hoge Woerd","Naaldwijk","Westland","Zuid-Holland",false,51.998771,4.207264,"material damage only","4","rain",false,1,"GM1783"
"20220001528",2022,"Uitsluitend materiele schade",1,"e-bike",\N,"Onbekend","Rotonde",30,"Brandend","Schemer","Droog",\N,\N,"Noordkade","Drachten","Smallingerland","Friesland",false,53.107127,6.108514,"material damage only","4","clear",false,1,"GM0090"
"20230062265",2023,"Uitsluitend materiele schade",2,"Bestelauto","Fiets","Onbekend","Kruispunt, 4 takken",50,"Niet brandend","Daglicht","Droog",\N,\N,"Willemstraat","Eindhoven","Eindhoven","Noord-Brabant",false,51.438421,5.472234,"material damage only","4","clear",false,1,"GM0772"
"20220007576",2022,"Uitsluitend materiele schade",2,"Bestelauto","Fiets","Los voorwerp","Kruispunt, 4 takken",\N,\N,"Daglicht",\N,\N,\N,"Lindenbergsdijk","Laren","Lochem","Gelderland",false,52.196505,6.349251,"material damage only","4","unknown",false,1,"GM0262"
"20220006420",2022,"Uitsluitend materiele schade",2,"Personenauto","Fiets","Flank","Rechte weg",50,"Niet brandend","Daglicht","Droog",\N,"377257028","Mr. Franckenstraat","Nijmegen","Nijmegen","Gelderland",false,51.844284,5.873404,"material damage only","4","clear",false,1,"GM0268"
"20220007619",2022,"Uitsluitend materiele schade",2,"Personenauto","Fiets","Voetganger","Rechte weg",15,"Niet brandend","Daglicht","Droog",\N,"342368016","Tuinstraat","Harderwijk","Harderwijk","Gelderland",false,52.346981,5.622173,"material damage only","4","clear",false,1,"GM0243"
"20220006073",2022,"Uitsluitend materiele schade",2,"Fiets","Personenauto","Geparkeerd voertuig","Rechte weg",50,"Niet brandend","Daglicht",\N,"Parkeervoorziening","414350105","Diepenveenseweg","Deventer","Deventer","Overijssel",false,52.263683,6.15605,"material damage only","4","unknown",false,1,"GM0150"
"20220006501",2022,"Uitsluitend materiele schade",2,"Personenauto","Fiets","Flank","Rechte weg",50,"Niet brandend","Daglicht","Droog",\N,"336321026","Churchillstraat","Barneveld","Barneveld","Gelderland",false,52.134534,5.579274,"material damage only","4","clear",false,1,"GM0203"
"20220005219",2022,"Uitsluitend materiele schade",2,"Personenauto","Fiets","Kop/staart","Kruispunt, 3 takken",50,"Brandend","Duisternis","Droog",\N,\N,"Luttenbergstraat","Zwolle","Zwolle","Overijssel",false,52.509206,6.102113,"material damage only","4","clear",false,1,"GM0193"
"20220122693",2022,"Letsel",2,"Bromfiets","e-bike","Frontaal","Bocht",\N,"Niet brandend","Daglicht","Droog",\N,\N,"Purmersteenweg","Purmerend","Purmerend","Noord-Holland",false,52.508194,4.951924,"injury","2","clear",false,1,"GM0439"
"20220076588",2022,"Letsel",2,"e-bike","Fiets","Frontaal","Bocht",30,"Niet brandend","Daglicht","Regen",\N,"308348048","Voor Anker","Bunschoten-Spakenburg","Bunschoten","Utrecht",false,52.254873,5.375463,"injury","2","rain",false,1,"GM0313"
"20220081348",2022,"Uitsluitend materiele schade",2,"Motor","Fiets","Kop/staart","Kruispunt, 4 takken",50,"Niet brandend","Daglicht","Droog",\N,\N,"Vechtstraat","Amsterdam","Amsterdam","Noord-Holland",false,52.348992,4.905237,"material damage only","4","clear",false,1,"GM0363"
"20220089054",2022,"Uitsluitend materiele schade",2,"Personenauto","Fiets","Flank","Rotonde",30,"Niet brandend","Daglicht","Droog",\N,\N,"Vijverbosweg","Vught","Vught","Noord-Brabant",false,51.64283,5.280611,"material damage only","4","clear",false,1,"GM0865"
"20220089563",2022,"Letsel",2,"Bromfiets","Fiets","Onbekend","Bocht",80,"Niet brandend","Daglicht","Droog",\N,"326203024","Den Dubbelen","Veghel","Meierijstad","Noord-Brabant",false,51.605881,5.507106,"injury","2","clear",false,1,"GM1948"
"20220094702",2022,"Uitsluitend materiele schade",2,"Personenauto","Fiets","Los voorwerp","Kruispunt, 3 takken",50,"Niet brandend","Daglicht","Droog",\N,\N,"Koningin Wilhelminaweg","Zaltbommel","Zaltbommel","Gelderland",false,51.80727,5.258427,"material damage only","4","clear",false,1,"GM0297"
"20220062149",2022,"Letsel",2,"Personenauto","Fiets","Flank","Rotonde",50,"Brandend","Schemer","Droog",\N,\N,"Eikenlaan","Spijkenisse","Nissewaard","Zuid-Holland",false,51.84185,4.331052,"injury","2","clear",false,1,"GM1930"
"20220068189",2022,"Uitsluitend materiele schade",2,"Personenauto","Fiets","Flank","Kruispunt, 4 takken",50,"Niet brandend","Daglicht","Droog",\N,\N,"Vijverberg","'s-Hertogenbosch","'s-Hertogenbosch","Noord-Brabant",false,51.690906,5.282079,"material damage only","4","clear",false,1,"GM0796"
"20220071553",2022,"Letsel",2,"Personenauto","Fiets","Flank","Kruispunt, 3 takken",50,"Niet brandend","Schemer",\N,\N,\N,"van Miereveltplantsoen","Leeuwarden","Leeuwarden","Friesland",false,53.186941,5.793804,"injury","2","unknown",false,1,"GM0080"