"accident_id","year","severity_raw","party_count","party1_type","party2_type","accident_type","road_situation","speed_limit_kmh","road_lighting","light_condition_label","weather_raw","infra_type","road_segment_id","street_name","place_name","gemeente_name_raw","province","alcohol_indicated","latitude","longitude","severity_label","severity_code","weather_label","built_up_area","cyclists_involved","gemeente_code"
"20220083650",2022,"Letsel",2,"e-bike","Overig vast object","Vast voorwerp","Kruispunt, 4 takken",60,"Niet brandend","Daglicht","Droog",\N,\N,"Komkommerweg","Pijnacker","Pijnacker-Nootdorp","Zuid-Holland",false,52.007646,4.417376,"injury","2","clear",false,1,"GM1926"
"20220009274",2022,"Letsel",2,"Bus","Fiets","Frontaal","Kruispunt, 4 takken",50,"Brandend","Duisternis","Droog",\N,\N,"Beatrixweg","Kortenhoef","Wijdemeren","Noord-Holland",false,52.239709,5.116331,"injury","2","clear",false,1,"GM1696"
"20220016515",2022,"Uitsluitend materiele schade",1,"Fiets",\N,"Onbekend",\N,30,\N,"Daglicht",\N,\N,"350127043","Boterbloemstraat","Weert","Weert","Limburg",false,51.263242,5.677813,"material damage only","4","unknown",false,1,"GM0988"
"20220109178",2022,"Letsel",1,"Fiets",\N,"Eenzijdig",\N,30,\N,"Duisternis",\N,\N,\N,"Dahliastraat","Made","Drimmelen","Noord-Brabant",false,51.676153,4.784788,"injury","2","unknown",false,1,"GM1719"
"20220049259",2022,"Uitsluitend materiele schade",2,"Scootmobiel","Fiets","Flank","Kruispunt, 4 takken",\N,"Niet brandend","Daglicht","Droog",\N,\N,"Schapenkamp","Hilversum","Hilversum","Noord-Holland",false,52.226003,5.179947,"material damage only","4","clear",false,1,"GM0402"
"20220055234",2022,"Uitsluitend materiele schade",1,"Fiets",\N,"Onbekend","Rechte weg",30,"Brandend","Duisternis","Droog",\N,"600389366","Leidseplein","Amsterdam","Amsterdam","Noord-Holland",false,52.363247,4.880985,"material damage only","4","clear",false,1,"GM0363"
"20220062394",2022,"Letsel",2,"Personenauto","Fiets","Flank","Kruispunt, 4 takken",50,"Niet brandend","Daglicht","Droog",\N,\N,"Hoeklaan","Spijkenisse","Nissewaard","Zuid-Holland",false,51.845002,4.31236,"injury","2","clear",false,1,"GM1930"
"20220065443",2022,"Uitsluitend materiele schade",2,"Bestelauto","Fiets","Voetganger","Rechte weg",30,"Niet aanwezig","Daglicht","Droog",\N,"177184041","Heulberg","Roosendaal","Roosendaal","Noord-Brabant",false,51.51395,4.435179,"material damage only","4","clear",false,1,"GM1674"
"20220086222",2022,"Letsel",2,"Bestelauto","Fiets","Flank","Kruispunt, 3 takken",50,"Niet brandend","Daglicht","Droog",\N,\N,"Oldegaarde","Rotterdam","Rotterdam","Zuid-Holland",false,51.878366,4.470067,"injury","2","clear",false,1,"GM0599"
"20220087806",2022,"Letsel",2,"Bestelauto","Fiets","Flank","Kruispunt, 3 takken",30,"Niet brandend","Daglicht","Droog",\N,\N,"Domineeshof","Sint-Annaland","Tholen","Zeeland",false,51.600891,4.105706,"injury","2","clear",false,1,"GM0716"
"20220090628",2022,"Uitsluitend materiele schade",2,"Bestelauto","Fiets","Onbekend",\N,50,\N,"Daglicht",\N,\N,"351034063","Hertogsingel","Maastricht","Maastricht","Limburg",false,50.845853,5.680253,"material damage only","4","unknown",false,1,"GM0935"
"20220091204",2022,"Letsel",2,"Personenauto","Fiets","Flank","Kruispunt, 3 takken",50,"Niet brandend","Daglicht","Droog",\N,\N,"Sint Maartenslaan","Weert","Weert","Limburg",false,51.249125,5.70974,"injury","2","clear",false,1,"GM0988"
"20220047899",2022,"Letsel",2,"Personenauto","e-bike","Flank","Kruispunt, 4 takken",30,"Brandend","Schemer",\N,\N,\N,"Vondellaan","Harderwijk","Harderwijk","Gelderland",false,52.345303,5.642463,"injury","2","unknown",false,1,"GM0243"
"20220053896",2022,"Letsel",3,"Snorfiets","Fiets","Frontaal","Rechte weg",50,"Niet brandend","Daglicht","Droog",\N,"600460159","Achterhaven","Edam","Edam-Volendam","Noord-Holland",false,52.513535,5.050774,"injury","2","clear",false,1,"GM0385"
"20220059492",2022,"Letsel",2,"Personenauto","Fiets","Flank","Kruispunt, 4 takken",30,"Niet brandend","Daglicht","Droog",\N,\N,"Juliana van Stolberglaan","Hillegom","Hillegom","Zuid-Holland",false,52.293014,4.586433,"injury","2","clear",false,1,"GM0534"
"20220025426",2022,"Uitsluitend materiele schade",2,"Personenauto","e-bike","Geparkeerd voertuig","Rechte weg",50,"Niet brandend","Daglicht","Droog","Parkeervoorziening","266192036","Bredaseweg","Tilburg","Tilburg","Noord-Brabant",false,51.555423,5.074901,"material damage only","4","clear",false,1,"GM0855"
"20220034034",2022,"Uitsluitend materiele schade",2,"Personenauto","Fiets","Flank","Kruispunt, 4 takken",50,"Niet brandend","Daglicht",\N,\N,\N,"Vrouwe Udasingel","Lent","Nijmegen","Gelderland",false,51.869552,5.865828,"material damage only","4","unknown",false,1,"GM0268"
"20220035906",2022,"Uitsluitend materiele schade",2,"Fiets","Bromfiets","Frontaal","Bocht",50,"Brandend","Duisternis","Droog",\N,"233373026","Oostoever","Amsterdam","Amsterdam","Noord-Holland",false,52.365999,4.827252,"material damage only","4","clear",false,1,"GM0363"
"20220070252",2022,"Uitsluitend materiele schade",2,"Personenauto","Fiets","Onbekend","Rechte weg",50,"Niet brandend","Daglicht",\N,\N,"600170305","Frans Strouxstraat","Stramproy","Weert","Limburg",false,51.192468,5.724299,"material damage only","4","unknown",false,1,"GM0988"
"20220081827",2022,"Letsel",1,"Fiets",\N,"Eenzijdig","Rechte weg",30,"Niet brandend","Daglicht","Droog",\N,"210289006","Land voor Water","Moordrecht","Zuidplas","Zuid-Holland",false,51.990323,4.666865,"injury","2","clear",false,1,"GM1892"
"20220082975",2022,"Uitsluitend materiele schade",2,"Fiets","Overig vast object","Vast voorwerp","Kruispunt, 4 takken",50,"Niet brandend","Daglicht","Droog",\N,\N,"van Vredenburchweg","Rijswijk","Rijswijk","Zuid-Holland",false,52.052106,4.327444,"material damage only","4","clear",false,1,\N
"20220043347",2022,"Letsel",2,"Snorfiets","Fiets","Frontaal","Rechte weg",50,"Brandend","Duisternis","Droog",\N,"600667663","Nieuwe Plein","Arnhem","Arnhem","Gelderland",false,51.978962,5.90025,"injury","2","clear",false,1,"GM0202"
"20220051028",2022,"Uitsluitend materiele schade",2,"Personenauto","Fiets","Flank","Rotonde",50,"Niet brandend","Daglicht","Droog",\N,\N,"Eemlaan","Amersfoort","Amersfoort","Utrecht",false,52.15891,5.3804,"material damage only","4","clear",false,1,"GM0307"
"20220067346",2022,"Uitsluitend materiele schade",2,"Bestelauto","Fiets","Flank","Kruispunt, 4 takken",50,"Niet brandend","Daglicht","Droog",\N,\N,"Zilverenberg","'s-Hertogenbosch","'s-Hertogenbosch","Noord-Brabant",false,51.721874,5.292163,"material damage only","4","clear",false,1,"GM0796"
"20220105893",2022,"Letsel",3,"Fiets","Voetganger","Voetganger","Rechte weg",15,"Niet brandend","Daglicht","Droog",\N,"600483320","Kruithuispad","Delft","Delft","Zuid-Holland",false,51.992394,4.371959,"injury","2","clear",false,1,"GM0503"
"20220014214",2022,"Uitsluitend materiele schade",2,"Personenauto","Fiets","Flank","Kruispunt, 3 takken",50,"Niet brandend","Daglicht","Droog",\N,\N,"Oostergouw","Zwaag","Hoorn","Noord-Holland",false,52.662735,5.064802,"material damage only","4","clear",false,1,"GM0405"
"20220017855",2022,"Letsel",1,"Fiets",\N,"Eenzijdig","Bocht",\N,"Brandend","Duisternis","Droog",\N,"600396116","Spoorpad","Sassenheim","Teylingen","Zuid-Holland",false,52.203927,4.491862,"injury","2","clear",false,1,"GM1525"
"20220032291",2022,"Letsel",2,"Personenauto","e-bike","Geparkeerd voertuig","Rechte weg",50,"Niet brandend","Daglicht","Droog","Parkeervoorziening","390579037","Conradi-Veenlandstrjitte","Damwâld","Dantumadiel","Friesland",false,53.292152,5.989623,"injury","2","clear",false,1,"GM1891"
"20220041823",2022,"Uitsluitend materiele schade",2,"Personenauto","e-bike","Flank","Kruispunt, 4 takken",50,"Niet brandend","Daglicht","Droog",\N,"600837528","Koornbeursweg","Heerenveen","Heerenveen","Friesland",false,52.956907,5.927191,"material damage only","4","clear",false,1,"GM0074"
"20220048133",2022,"Letsel",2,"Personenauto","Fiets","Flank","Kruispunt, 4 takken",80,"Niet brandend","Daglicht","Droog",\N,\N,"Torenallee","Hummelo","Bronckhorst","Gelderland",false,52.013264,6.227814,"injury","2","clear",false,1,"GM1876"
"20220055528",2022,"Uitsluitend materiele schade",2,"Personenauto","Fiets","Flank","Kruispunt, 3 takken",30,"Brandend","Duisternis","Droog",\N,\N,"Spuistraat","Amsterdam","Amsterdam","Noord-Holland",false,52.377389,4.894481,"material damage only","4","clear",false,1,"GM0363"
"20220058555",2022,"Letsel",2,"Fiets","Dier","Dier","Rechte weg",80,"Niet brandend","Daglicht","Droog",\N,"214292051","Kanaaldijk","Gouda","Gouda","Zuid-Holland",false,52.00159,4.694935,"injury","2","clear",false,1,"GM0513"
"20220083136",2022,"Letsel",1,"Fiets",\N,"Eenzijdig","Rechte weg",30,"Niet brandend","Daglicht","Droog",\N,"213323048","Pinksterbloemweg","Alphen aan den Rijn","Alphen aan den Rijn","Zuid-Holland",false,52.143985,4.685326,"injury","2","clear",false,1,"GM0484"
"20220034282",2022,"Uitsluitend materiele schade",3,"Personenauto","Fiets","Onbekend","Rotonde",50,"Brandend","Duisternis","Droog",\N,\N,"Curaçaolaan","Hilversum","Hilversum","Noord-Holland",false,52.212764,5.197791,"material damage only","4","clear",false,1,"GM0402"
"20220038059",2022,"Letsel",2,"e-bike","Personenauto","Frontaal","Kruispunt, 3 takken",50,"Niet brandend","Daglicht","Droog",\N,\N,"Vondellaan","Alblasserdam","Alblasserdam","Zuid-Holland",false,51.863702,4.668331,"injury","2","clear",false,1,"GM0482"
"20220055196",2022,"Uitsluitend materiele schade",2,"Bestelauto","Fiets","Flank","Kruispunt, 3 takken",50,"Niet brandend","Daglicht","Droog",\N,\N,"Vrije Geer","Amsterdam","Amsterdam","Noord-Holland",false,52.343562,4.798822,"material damage only","4","clear",false,1,"GM0363"
"20220055606",2022,"Uitsluitend materiele schade",3,"Snorfiets","Fiets","Onbekend","Rechte weg",30,"Niet brandend","Daglicht","Droog",\N,"232374047","Noordzijde","Amsterdam","Amsterdam","Noord-Holland",false,52.373316,4.820391,"material damage only","4","clear",false,1,"GM0363"
"20220058583",2022,"Letsel",1,"Fiets",\N,"Eenzijdig","Kruispunt, 4 takken",30,\N,"Duisternis","Droog",\N,\N,"Busbaan Tanthof","Delft","Delft","Zuid-Holland",false,51.987586,4.360132,"injury","2","clear",false,1,"GM0503"
"20220080270",2022,"Letsel",2,"Fiets","Snorfiets","Flank","Rotonde",\N,"Niet brandend","Daglicht","Droog",\N,\N,"Conny Stuartlaan","Beverwijk","Beverwijk","Noord-Holland",false,52.487531,4.681004,"injury","2","clear",false,1,"GM0375"
"20220088268",2022,"Letsel",3,"Fiets","Landbouwvoertuig","Flank","Kruispunt, 4 takken",80,"Niet aanwezig","Daglicht","Droog",\N,\N,"Akkerseweg","Yerseke","Reimerswaal","Zeeland",false,51.50322,4.026211,"injury","2","clear",false,1,"GM0703"
"20220049949",2022,"Uitsluitend materiele schade",2,"Personenauto","Fiets","Flank","Rechte weg",30,"Niet brandend","Daglicht","Droog",\N,"239296101","Waardsedijk","Oudewater","Oudewater","Utrecht",false,52.02047,4.874962,"material damage only","4","clear",false,1,"GM0589"
"20220096095",2022,"Uitsluitend materiele schade",2,"Fiets","Personenauto","Onbekend","Kruispunt, 4 takken",50,"Niet brandend","Daglicht",\N,\N,\N,"Wiedenbroeksingel","Haaksbergen","Haaksbergen","Overijssel",false,52.161502,6.750025,"material damage only","4","unknown",false,1,"GM0158"
"20220097078",2022,"Uitsluitend materiele schade",2,"Landbouwvoertuig","Fiets","Frontaal","Bocht",50,"Niet brandend","Daglicht","Droog",\N,"271246001","Vleugeldijk","Zuilichem","Zaltbommel","Gelderland",false,51.797703,5.109351,"material damage only","4","clear",false,1,"GM0297"
"20220014528",2022,"Letsel",2,"Personenauto","Fiets","Frontaal","Rechte weg",50,"Niet brandend","Schemer","Regen",\N,"600773597","Nieuwe Steen","Hoorn","Hoorn","Noord-Holland",false,52.655621,5.068294,"injury","2","rain",false,1,"GM0405"
"20220020765",2022,"Uitsluitend materiele schade",2,"Snorfiets","Fiets","Onbekend","Kruispunt, 4 takken",50,"Niet brandend","Daglicht","Droog",\N,"170295062","Bieslandsekade","Delft","Delft","Zuid-Holland",false,52.013481,4.368886,"material damage only","4","clear",false,1,"GM0503"
"20220023623",2022,"Letsel",2,"Personenauto","e-bike","Flank","Kruispunt, 4 takken",60,"Brandend","Duisternis","Droog",\N,\N,"Polderweg","Mijnsheerenland","Hoeksche Waard","Zuid-Holland",false,51.799638,4.536297,"injury","2","clear",false,1,"GM1963"
"20220032522",2022,"Uitsluitend materiele schade",2,"Personenauto","Fiets","Flank","Kruispunt, 4 takken",30,"Niet brandend","Daglicht","Droog",\N,\N,"Burg Kuperusplein","Heerenveen","Heerenveen","Friesland",false,52.957268,5.927734,"material damage only","4","clear",false,1,"GM0074"
"20220050023",2022,"Uitsluitend materiele schade",2,"Personenauto","Fiets","Onbekend","Kruispunt, 4 takken",30,\N,"Daglicht",\N,\N,\N,"Haringvlietstraat","Almere","Almere","Flevoland",false,52.386713,5.226449,"material damage only","4","unknown",false,1,"GM0034"
"20220064329",2022,"Uitsluitend materiele schade",2,"Bestelauto","Fiets","Flank","Kruispunt, 3 takken",50,"Niet brandend","Daglicht","Droog",\N,\N,"Rossinistraat","Terneuzen","Terneuzen","Zeeland",false,51.315674,3.849411,"material damage only","4","clear",false,1,"GM0715"
"20220084269",2022,"Letsel",1,"Fiets",\N,"Eenzijdig","Rechte weg",50,"Niet brandend","Daglicht","Droog",\N,"600107535","Groot Hertoginnelaan","'s-Gravenhage","'s-Gravenhage","Zuid-Holland",false,52.080024,4.276403,"injury","2","clear",false,1,"GM0518"
"20220096219",2022,"Uitsluitend materiele schade",1,"Fiets",\N,"Onbekend",\N,30,\N,"Daglicht",\N,\N,"403409055","Twistvlietweg","Zwolle","Zwolle","Overijssel",false,52.526785,6.07369,"material damage only","4","unknown",false,1,"GM0193"
"20220098536",2022,"Letsel",2,"e-bike","e-bike","Frontaal","Bocht",50,"Niet brandend","Daglicht","Droog",\N,\N,"FIETSPAD","Utrecht","Utrecht","Utrecht",false,52.090688,5.104985,"injury","2","clear",false,1,"GM0344"
"20220100654",2022,"Uitsluitend materiele schade",2,"Personenauto","Fiets","Flank","Kruispunt, 3 takken",30,"Niet brandend","Daglicht","Droog",\N,\N,"Kruisweg","Hoofddorp","Haarlemmermeer","Noord-Holland",false,52.305951,4.692344,"material damage only","4","clear",false,1,"GM0394"
"20220101794",2022,"Letsel",2,"Personenauto","Fiets","Kop/staart","Rechte weg",30,"Niet brandend","Daglicht","Droog",\N,"206372016","Churchilllaan","Haarlem","Haarlem","Noord-Holland",false,52.363913,4.630712,"injury","2","clear",false,1,"GM0392"
"20220042193",2022,"Letsel",2,"Fiets","Personenauto","Flank","Kruispunt, 4 takken",30,"Niet aanwezig","Daglicht","Droog",\N,\N,"Hearewei","Workum","Súdwest-Fryslân","Friesland",false,52.977743,5.446448,"injury","2","clear",false,1,"GM1900"
"20220102524",2022,"Uitsluitend materiele schade",2,"Fiets","e-bike","Flank","Kruispunt, 4 takken",50,"Niet aanwezig","Daglicht","Droog",\N,\N,"Stadionweg","Amsterdam","Amsterdam","Noord-Holland",false,52.346788,4.87231,"material damage only","4","clear",false,1,"GM0363"
"20220074847",2022,"Uitsluitend materiele schade",2,"Personenauto","Fiets","Flank","Rechte weg",30,"Niet brandend","Daglicht","Droog",\N,"389335001","Valkenweg","Apeldoorn","Apeldoorn","Gelderland",false,52.198307,5.968673,"material damage only","4","clear",false,1,"GM0200"
"20220014820",2022,"Letsel",2,"Fiets","Personenauto","Flank","Rechte weg",60,"Niet aanwezig","Daglicht","Droog",\N,"600769518","Oosterweg E","Purmer","Edam-Volendam","Noord-Holland",false,52.508388,5.025118,"injury","2","clear",false,1,"GM0385"
"20220036857",2022,"Letsel",1,"Fiets",\N,"Eenzijdig","Rechte weg",50,"Niet brandend","Daglicht","Droog",\N,"185302014","Madame Curiesingel","Zoetermeer","Zoetermeer","Zuid-Holland",false,52.044961,4.479708,"injury","2","clear",false,1,"GM0637"
"20220042285",2022,"Uitsluitend materiele schade",2,"Snorfiets","Fiets","Flank","Kruispunt, 4 takken",30,"Brandend","Duisternis","Droog",\N,\N,"Vismarkt","Groningen","Groningen","Groningen",false,53.217058,6.563756,"material damage only","4","clear",false,1,"GM0014"
"20220044098",2022,"Uitsluitend materiele schade",2,"Personenauto","Fiets","Flank","Kruispunt, 4 takken",30,"Niet brandend","Daglicht","Droog",\N,\N,"Schoolstraat","Zwartsluis","Zwartewaterland","Overijssel",false,52.641291,6.070535,"material damage only","4","clear",false,1,"GM1896"
"20220045826",2022,"Uitsluitend materiele schade",2,"Personenauto","Fiets","Flank","Kruispunt, 3 takken",30,"Brandend","Duisternis","Droog",\N,\N,"Stakenkamplaan","Oldenzaal","Oldenzaal","Overijssel",false,52.302636,6.93613,"material damage only","4","clear",false,1,"GM0173"
"20220067806",2022,"Uitsluitend materiele schade",2,"Fiets","Bestelauto","Onbekend","Kruispunt, 3 takken",50,"Niet brandend","Daglicht","Regen",\N,\N,"Ekkersrijt","Son en Breugel","Son en Breugel","Noord-Brabant",false,51.503654,5.468298,"material damage only","4","rain",false,1,"GM0848"
"20220101555",2022,"Uitsluitend materiele schade",2,"Personenauto","Fiets","Frontaal","Rechte weg",50,"Niet brandend","Daglicht","Droog",\N,\N,"Wheredijk","Purmerend","Purmerend","Noord-Holland",false,52.505466,4.965396,"material damage only","4","clear",false,1,"GM0439"
"20220105974",2022,"Uitsluitend materiele schade",3,"Personenauto","Fiets","Onbekend","Kruispunt, 4 takken",30,"Niet brandend","Daglicht","Droog",\N,\N,"Molenstraat","Monster","Westland","Zuid-Holland",false,52.024039,4.172729,"material damage only","4","clear",false,1,"GM1783"
"20220048705",2022,"Letsel",3,"Personenauto","Fiets","Onbekend","Rechte weg",30,"Niet brandend","Daglicht","Droog",\N,"308346038","Prinses Margrietstraat","Bunschoten-Spakenburg","Bunschoten","Utrecht",false,52.246916,5.377452,"injury","2","clear",false,1,"GM0313"
"20220054852",2022,"Letsel",2,"Bromfiets","Fiets","Frontaal","Rechte weg",30,"Brandend","Duisternis","Droog",\N,"245371092","Eerste Oosterparkstraat","Amsterdam","Amsterdam","Noord-Holland",false,52.356817,4.912611,"injury","2","clear",false,1,"GM0363"
"20220057674",2022,"Letsel",2,"Bromfiets","Fiets","Flank","Rechte weg",\N,"Niet brandend","Daglicht","Droog",\N,"162304205","Hildebrandstraat","'s-Gravenhage","'s-Gravenhage","Zuid-Holland",false,52.054945,4.310061,"injury","2","clear",false,1,"GM0518"
"20220101299",2022,"Uitsluitend materiele schade",2,"Fiets","Personenauto","Flank","Rotonde",50,"Niet brandend","Daglicht","Droog",\N,\N,"Jan van Kuikweg","Heemskerk","Heemskerk","Noord-Holland",false,52.510518,4.686831,"material damage only","4","clear",false,1,"GM0396"
"20220101311",2022,"Uitsluitend materiele schade",2,"Personenauto","Fiets","Frontaal","Kruispunt, 3 takken",50,"Brandend","Duisternis","Droog",\N,\N,"Rijk de Waalweg","Velsen-Noord","Velsen","Noord-Holland",false,52.476168,4.649006,"material damage only","4","clear",false,1,"GM0453"
"20220073900",2022,"Uitsluitend materiele schade",2,"Bromfiets","Fiets","Flank","Kruispunt, 3 takken",30,"Niet brandend","Daglicht","Droog",\N,\N,"VIADUCT ELDEN","Arnhem","Arnhem","Gelderland",false,51.95865,5.888316,"material damage only","4","clear",false,1,"GM0202"
"20220088842",2022,"Uitsluitend materiele schade",2,"Personenauto","Fiets","Flank","Rotonde",50,"Niet brandend","Daglicht","Regen",\N,\N,"Heivelden-Zuid","Best","Best","Noord-Brabant",false,51.503884,5.378227,"material damage only","4","rain",false,1,"GM0753"
"20220104444",2022,"Letsel",1,"Fiets",\N,"Eenzijdig",\N,\N,\N,"Daglicht",\N,\N,"600547593","Langevelderslag","Noordwijk","Noordwijk","Zuid-Holland",false,52.291095,4.491693,"injury","2","unknown",false,1,"GM0575"
"20220108221",2022,"Uitsluitend materiele schade",2,"Fiets","Personenauto","Flank","Rotonde",50,"Niet brandend","Daglicht","Droog",\N,\N,"Nancy Zeelenbergsingel","Rotterdam","Rotterdam","Zuid-Holland",false,51.937891,4.539678,"material damage only","4","clear",false,1,"GM0599"
"20220075517",2022,"Uitsluitend materiele schade",2,"Personenauto","Fiets","Flank","Kruispunt, 4 takken",\N,"Niet brandend","Daglicht","Droog",\N,\N,"Loostraat","Loo Gld","Duiven","Gelderland",false,51.938932,6.001877,"material damage only","4","clear",false,1,"GM0226"
"20220012295",2022,"Letsel",2,"Bestelauto","Fiets","Flank","Rechte weg",30,"Niet brandend","Daglicht","Droog",\N,"202391006","Schiplaan","IJmuiden","Velsen","Noord-Holland",false,52.448317,4.59724,"injury","2","clear",false,1,"GM0453"
"20220031184",2022,"Uitsluitend materiele schade",2,"Personenauto","Fiets","Onbekend","Rotonde",50,"Brandend","Schemer","Droog",\N,\N,"Graswinkellaan","Weert","Weert","Limburg",false,51.24351,5.717434,"material damage only","4","clear",false,1,"GM0988"
"20220037101",2022,"Letsel",1,"Fiets",\N,"Eenzijdig",\N,50,\N,"Duisternis",\N,\N,"600372288","Martinus Nijhofflaan","Delft","Delft","Zuid-Holland",false,51.996623,4.351017,"injury","2","unknown",false,1,"GM0503"
"20220089022",2022,"Uitsluitend materiele schade",2,"Personenauto","Fiets","Flank","Kruispunt, 3 takken",50,"Niet brandend","Daglicht","Droog",\N,\N,"Lichtstraat","Oss","Oss","Noord-Brabant",false,51.762252,5.548304,"material damage only","4","clear",false,1,"GM0828"
"20220113626",2022,"Uitsluitend materiele schade",2,"Personenauto","Fiets","Flank","Rechte weg",50,"Niet brandend","Daglicht","Droog",\N,"600518306","Rijksweg Noord","Swalmen","Roermond","Limburg",false,51.241592,6.048958,"material damage only","4","clear",false,1,"GM0957"
"20220075991",2022,"Letsel",1,"Fiets",\N,"Eenzijdig","Rechte weg",30,"Niet brandend","Daglicht","Droog",\N,"520362006","Wilhelminastraat","Oldenzaal","Oldenzaal","Overijssel",false,52.31007,6.932527,"injury","2","clear",false,1,"GM0173"
"20230112296",2023,"Letsel",1,"Fiets",\N,"Eenzijdig",\N,30,\N,"Daglicht",\N,\N,"179298002","Ambachtsweg","Pijnacker","Pijnacker-Nootdorp","Zuid-Holland",false,52.029306,4.440654,"injury","2","unknown",false,1,"GM1926"
"20230022162",2023,"Letsel",1,"Fiets",\N,"Eenzijdig",\N,50,\N,"Daglicht",\N,\N,"157311030","President Kennedylaan","'s-Gravenhage","'s-Gravenhage","Zuid-Holland",false,52.086603,4.277109,"injury","2","unknown",false,1,"GM0518"
"20230027037",2023,"Uitsluitend materiele schade",2,"Personenauto","Fiets","Onbekend",\N,30,\N,"Daglicht",\N,\N,"63176003","Lindenstraat","Oost-Souburg","Vlissingen","Zeeland",false,51.468729,3.61202,"material damage only","4","unknown",false,1,"GM0718"
"20230002229",2023,"Letsel",3,"Personenauto","e-bike","Flank","Kruispunt, 3 takken",80,"Niet aanwezig","Daglicht","Droog",\N,\N,"Koestraat","Wilp","Voorst","Gelderland",false,52.213829,6.081964,"injury","2","clear",false,1,"GM0285"
"20230010335",2023,"Letsel",3,"Bromfiets","Fiets","Kop/staart","Rechte weg",60,"Niet aanwezig","Daglicht","Droog",\N,"418555001","Kaleweg","Opende","Westerkwartier","Groningen",false,53.182401,6.206239,"injury","2","clear",false,1,"GM1969"
"20230017147",2023,"Dodelijk",1,"Fiets",\N,"Eenzijdig","Rechte weg",50,"Niet brandend","Daglicht","Regen",\N,"211400145","Vennelaan","Beverwijk","Beverwijk","Noord-Holland",false,52.489261,4.665851,"fatal","1","rain",false,1,"GM0375"
"20230001436",2023,"Letsel",2,"Personenauto","Fiets","Los voorwerp","Kruispunt, 3 takken",50,"Brandend","Duisternis","Droog",\N,\N,"Stinzenflora","Leeuwarden","Leeuwarden","Friesland",false,53.191822,5.831423,"injury","2","clear",false,1,"GM0080"
"20230001845",2023,"Letsel",2,"Personenauto","Fiets","Flank","Kruispunt, 3 takken",50,"Brandend","Duisternis","Regen",\N,\N,"Atoomweg","Utrecht","Utrecht","Utrecht",false,52.100601,5.069163,"injury","2","rain",false,1,"GM0344"
"20230054272",2023,"Letsel",2,"Fiets","Fiets","Onbekend",\N,50,\N,"Daglicht",\N,\N,"600641201","FIETSPAD","Venlo","Venlo","Limburg",false,51.359733,6.146852,"injury","2","unknown",false,1,"GM0983"
"20230008692",2023,"Letsel",2,"Snorfiets","Fiets","Kop/staart","Rechte weg",50,"Brandend","Duisternis","Droog",\N,\N,"Tegelseweg","Venlo","Venlo","Limburg",false,51.354173,6.152607,"injury","2","clear",false,1,"GM0983"
"20230009964",2023,"Uitsluitend materiele schade",2,"Bromfiets","Fiets","Flank","Kruispunt, 4 takken",30,"Brandend","Duisternis","Regen",\N,\N,"Noorderbinnensingel","Groningen","Groningen","Groningen",false,53.222641,6.555747,"material damage only","4","rain",false,1,"GM0014"
"20230000558",2023,"Letsel",2,"Personenauto","Fiets","Flank","Kruispunt, 4 takken",50,"Niet brandend","Daglicht","Droog",\N,\N,"Leeuweriklaan","Hoogeveen","Hoogeveen","Drenthe",false,52.715385,6.499034,"injury","2","clear",false,1,"GM0118"
"20230011345",2023,"Uitsluitend materiele schade",2,"Personenauto","Fiets","Onbekend","Kruispunt, 4 takken",30,"Niet brandend","Daglicht","Droog",\N,\N,"Binnenveldweg","Hengelo","Hengelo (O)","Overijssel",false,52.292503,6.812139,"material damage only","4","clear",false,1,\N
"20230003443",2023,"Uitsluitend materiele schade",2,\N,"Fiets","Kop/staart","Rechte weg",50,"Niet brandend","Daglicht","Droog",\N,"230393040","De Locomotief","Koog aan de Zaan","Zaanstad","Noord-Holland",false,52.457888,4.804903,"material damage only","4","clear",false,1,"GM0479"
"20230005269",2023,"Letsel",2,"e-bike","Overig vast object","Vast voorwerp","Rotonde",50,"Niet brandend","Daglicht","Regen",\N,"600440727","Geestweg","Naaldwijk","Westland","Zuid-Holland",false,51.997801,4.195665,"injury","2","rain",false,1,"GM1783"
"20230005533",2023,"Uitsluitend materiele schade",2,"Personenauto","Fiets","Flank","Bocht",50,"Niet brandend","Daglicht","Droog",\N,\N,"Hoefkade","'s-Gravenhage","'s-Gravenhage","Zuid-Holland",false,52.062884,4.301649,"material damage only","4","clear",false,1,"GM0518"
"20230010206",2023,"Uitsluitend materiele schade",2,"Bestelauto","Fiets","Frontaal","Rechte weg",30,"Niet brandend","Daglicht","Droog",\N,"600868928","Reitdiephaven","Groningen","Groningen","Groningen",false,53.235083,6.526442,"material damage only","4","clear",false,1,"GM0014"
"20230003505",2023,"Uitsluitend materiele schade",2,"Personenauto","e-bike","Flank","Rotonde",50,"Niet brandend","Daglicht","Regen",\N,\N,"Straatweg","Maarssen","Stichtse Vecht","Utrecht",false,52.137784,5.038139,"material damage only","4","rain",false,1,"GM1904"
"20230003674",2023,"Uitsluitend materiele schade",2,"Personenauto","Fiets","Vast voorwerp","Rechte weg",30,"Niet brandend","Daglicht","Droog",\N,"354407007","Walvisstraat","Dronten","Dronten","Flevoland",false,52.522948,5.717637,"material damage only","4","clear",false,1,"GM0303"