"accident_id","year","severity_raw","party_count","party1_type","party2_type","accident_type","road_situation","speed_limit_kmh","road_lighting","light_condition_label","weather_raw","infra_type","road_segment_id","street_name","place_name","gemeente_name_raw","province","alcohol_indicated","latitude","longitude","severity_label","severity_code","weather_label","built_up_area","cyclists_involved","gemeente_code"
"20230006622",2023,"Uitsluitend materiele schade",2,"Personenauto","Fiets","Flank","Kruispunt, 4 takken",50,"Niet brandend","Daglicht","Droog",\N,\N,"Kerkweg","Zwijndrecht","Zwijndrecht","Zuid-Holland",false,51.814476,4.610551,"material damage only","4","clear",false,1,"GM0642"
"20230002484",2023,"Uitsluitend materiele schade",2,"Personenauto","Fiets","Frontaal","Kruispunt, 4 takken",50,"Niet brandend","Daglicht","Droog",\N,\N,"Zwolsestraat","Raalte","Raalte","Overijssel",false,52.38923,6.270234,"material damage only","4","clear",false,1,"GM0177"
"20230004421",2023,"Uitsluitend materiele schade",2,"Personenauto","Fiets","Voetganger","Kruispunt, 4 takken",50,"Niet brandend","Daglicht","Droog",\N,\N,"Zuidtangent","Heerhugowaard","Dijk en Waard","Noord-Holland",false,52.657591,4.840162,"material damage only","4","clear",false,1,"GM1980"
"20230005883",2023,"Uitsluitend materiele schade",3,"Fiets","Fiets","Onbekend","Rechte weg",\N,"Niet brandend","Daglicht","Droog",\N,"209316015","Goudse Schouw","Alphen aan den Rijn","Alphen aan den Rijn","Zuid-Holland",false,52.109539,4.655295,"material damage only","4","clear",false,1,"GM0484"
"20230007031",2023,"Letsel",2,"Personenauto","Fiets","Onbekend","Rotonde",50,"Niet brandend","Daglicht","Droog",\N,\N,"Heemraadssingel","Rotterdam","Rotterdam","Zuid-Holland",false,51.921462,4.455084,"injury","2","clear",false,1,"GM0599"
"20230003938",2023,"Uitsluitend materiele schade",3,"Personenauto","Fiets","Onbekend","Kruispunt, 4 takken",30,"Niet brandend","Daglicht","Droog",\N,\N,"Slotermeerlaan","Amsterdam","Amsterdam","Noord-Holland",false,52.377086,4.819507,"material damage only","4","clear",false,1,"GM0363"
"20230005374",2023,"Letsel",2,"Bromfiets","Fiets","Frontaal","Rechte weg",60,"Niet brandend","Daglicht","Droog",\N,\N,"Westelijke Randweg","Lisse","Lisse","Zuid-Holland",false,52.26893,4.556511,"injury","2","clear",false,1,"GM0553"
"20230007286",2023,"Uitsluitend materiele schade",2,"Personenauto","Fiets","Onbekend","Kruispunt, 4 takken",70,"Niet brandend","Daglicht","Droog",\N,\N,"Leostraat","Eindhoven","Eindhoven","Noord-Brabant",false,51.423983,5.485875,"material damage only","4","clear",false,1,"GM0772"
"20230007593",2023,"Uitsluitend materiele schade",2,"Personenauto","Fiets","Flank","Kruispunt, 4 takken",50,"Brandend","Duisternis","Droog",\N,\N,"Eindhovenseweg-Zuid","Best","Best","Noord-Brabant",false,51.500723,5.415628,"material damage only","4","clear",false,1,"GM0753"
"20230007608",2023,"Letsel",2,"Fiets","Bestelauto","Eenzijdig","Rechte weg",30,"Niet brandend","Daglicht","Droog",\N,"600205460","Zeelsterstraat","Eindhoven","Eindhoven","Noord-Brabant",false,51.439687,5.450173,"injury","2","clear",false,1,"GM0772"
"20230072607",2023,"Dodelijk",3,"Bestelauto","Fiets","Eenzijdig","Kruispunt, 4 takken",80,"Niet brandend","Daglicht","Droog",\N,\N,"Heringsaweg","Lievelde","Oost Gelre","Gelderland",false,52.003185,6.591966,"fatal","1","clear",false,1,"GM1586"
"20230040014",2023,"Uitsluitend materiele schade",1,"Fiets",\N,"Onbekend",\N,50,\N,"Daglicht",\N,\N,\N,"Vijf Meilaan","Leiden","Leiden","Zuid-Holland",false,52.147485,4.475236,"material damage only","4","unknown",false,1,"GM0546"
"20230003037",2023,"Uitsluitend materiele schade",2,"Personenauto","Fiets","Flank","Kruispunt, 4 takken",30,"Niet brandend","Daglicht","Regen",\N,\N,"Kerkstraat","Nieuw-Vennep","Haarlemmermeer","Noord-Holland",false,52.263452,4.632753,"material damage only","4","rain",false,1,"GM0394"
"20230004499",2023,"Letsel",2,\N,"Fiets","Eenzijdig","Rechte weg",50,"Niet brandend","Daglicht","Droog",\N,\N,"1e C Huygensstr","Amsterdam","Amsterdam","Noord-Holland",false,52.361896,4.875886,"injury","2","clear",false,1,"GM0363"
"20230111269",2023,"Letsel",2,"Personenauto","Fiets","Onbekend",\N,30,\N,"Duisternis",\N,\N,"241372079","Stadhouderskade","Amsterdam","Amsterdam","Noord-Holland",false,52.361667,4.88346,"injury","2","unknown",false,1,"GM0363"
"20230007466",2023,"Letsel",3,"Personenauto","Fiets","Onbekend","Kruispunt, 3 takken",70,"Niet brandend","Daglicht","Droog",\N,\N,"Venbroekstraat","Nieuwkuijk","Heusden","Noord-Brabant",false,51.695642,5.18541,"injury","2","clear",false,1,"GM0797"
"20230084145",2023,"Dodelijk",2,"Personenauto","Fiets","Frontaal","Kruispunt, 3 takken",50,\N,"Schemer","Droog","Spoorwegovergang",\N,"Dr.Wijtemalaan","Westwoud","Drechterland","Noord-Holland",true,52.678139,5.136818,"fatal","1","clear",false,1,"GM0498"
"20230005742",2023,"Uitsluitend materiele schade",2,"Bestelauto","Fiets","Flank","Kruispunt, 3 takken",50,"Niet brandend","Daglicht","Regen",\N,\N,"Waldorpstraat","'s-Gravenhage","'s-Gravenhage","Zuid-Holland",false,52.068604,4.32266,"material damage only","4","rain",false,1,"GM0518"
"20230009377",2023,"Letsel",2,"Bus","e-bike","Flank","Kruispunt, 4 takken",50,"Niet brandend","Daglicht","Droog",\N,\N,"Oranje Nassaulaan","'s-Hertogenbosch","'s-Hertogenbosch","Noord-Brabant",false,51.689053,5.295782,"injury","2","clear",false,1,"GM0796"
"20230020209",2023,"Letsel",1,"Fiets",\N,"Eenzijdig",\N,30,\N,"Daglicht",\N,\N,"600978825","Milanenhorst","Leiden","Leiden","Zuid-Holland",false,52.173584,4.509257,"injury","2","unknown",false,1,"GM0546"
"20230043880",2023,"Letsel",1,"Fiets",\N,"Eenzijdig",\N,50,\N,"Daglicht",\N,\N,"356287003","Hartenseweg","Renkum","Renkum","Gelderland",false,51.980181,5.723872,"injury","2","unknown",false,1,"GM0274"
"20230005787",2023,"Uitsluitend materiele schade",2,"Bromfiets","e-bike","Flank","Kruispunt, 3 takken",50,"Niet brandend","Daglicht","Droog",\N,\N,"Frits van Evertpad","'s-Gravenhage","'s-Gravenhage","Zuid-Holland",false,52.047424,4.239035,"material damage only","4","clear",false,1,"GM0518"
"20230009606",2023,"Uitsluitend materiele schade",2,"Personenauto","Fiets","Flank","Rotonde",50,"Niet brandend","Daglicht","Droog",\N,\N,"Kleine Omlegging","Zutphen","Zutphen","Gelderland",false,52.144728,6.209894,"material damage only","4","clear",false,1,"GM0301"
"20230048871",2023,"Letsel",1,"Fiets",\N,"Eenzijdig",\N,30,\N,"Daglicht",\N,\N,"174337026","Voorstraat","Katwijk","Katwijk","Zuid-Holland",false,52.203514,4.397326,"injury","2","unknown",false,1,"GM0537"
"20230012565",2023,"Uitsluitend materiele schade",2,"Bromfiets","Fiets","Frontaal","Rechte weg",50,"Brandend","Duisternis","Droog",\N,"348288016","Mansholtlaan","Wageningen","Wageningen","Gelderland",false,51.987582,5.669581,"material damage only","4","clear",false,1,"GM0289"
"20230012731",2023,"Letsel",2,"Snorfiets","Fiets","Flank","Kruispunt, 4 takken",50,"Niet brandend","Daglicht","Droog",\N,\N,"Eldensedijk","Arnhem","Arnhem","Gelderland",false,51.972784,5.895013,"injury","2","clear",false,1,"GM0202"
"20230012207",2023,"Uitsluitend materiele schade",2,"Fiets","Fiets","Onbekend","Kruispunt, 4 takken",50,"Niet brandend","Daglicht","Regen",\N,\N,"Kuipersdijk","Enschede","Enschede","Overijssel",false,52.206836,6.895737,"material damage only","4","rain",false,1,"GM0153"
"20230033033",2023,"Uitsluitend materiele schade",1,"Fiets",\N,"Onbekend",\N,\N,\N,"Duisternis",\N,\N,"600776895","Ambrosiusweg","Hilvarenbeek","Hilvarenbeek","Noord-Brabant",false,51.52945,5.121941,"material damage only","4","unknown",false,1,"GM0798"
"20240012793",2024,"Letsel",1,"Fiets",\N,"Onbekend",\N,50,\N,"Daglicht",\N,\N,"152305066","Oude Haagweg","'s-Gravenhage","'s-Gravenhage","Zuid-Holland",false,52.055868,4.243549,"injury","2","unknown",false,1,"GM0518"
"20240006564",2024,"Letsel",1,"Fiets",\N,"Onbekend","Kruispunt, 4 takken",30,"Brandend","Duisternis","Droog",\N,\N,"Achter de Dom","Utrecht","Utrecht","Utrecht",false,52.09012,5.12383,"injury","2","clear",false,1,"GM0344"
"20240037458",2024,"Uitsluitend materiele schade",1,"Fiets",\N,"Flank","Kruispunt, 4 takken",50,"Niet brandend","Daglicht","Droog",\N,\N,"Verlengde Lodewijkstraat","Groningen","Groningen","Groningen",false,53.207971,6.579402,"material damage only","4","clear",false,1,"GM0014"
"20240037464",2024,"Letsel",1,"Fiets",\N,"Onbekend","Rechte weg",60,"Niet aanwezig","Daglicht","Droog",\N,"443580001","Noordhornerweg","Oldehove","Westerkwartier","Groningen",false,53.290215,6.392111,"injury","2","clear",false,1,"GM1969"
"20240037563",2024,"Uitsluitend materiele schade",2,"Personenauto","Fiets","Flank","Kruispunt, 4 takken",30,"Niet brandend","Daglicht","Droog",\N,\N,"De Rode Leeuw","Amersfoort","Amersfoort","Utrecht",false,52.198309,5.378035,"material damage only","4","clear",false,1,"GM0307"
"20240018740",2024,"Uitsluitend materiele schade",2,"Personenauto","Fiets","Flank","Rechte weg",50,"Niet brandend","Daglicht","Regen",\N,"600776081","Marconibaan","Nieuwegein","Nieuwegein","Utrecht",false,52.027712,5.103766,"material damage only","4","rain",false,1,"GM0356"
"20240020679",2024,"Letsel",1,"Fiets",\N,"Onbekend",\N,30,\N,"Daglicht",\N,\N,\N,"Anna van Burenlaan","Oegstgeest","Oegstgeest","Zuid-Holland",false,52.182311,4.469291,"injury","2","unknown",false,1,"GM0579"
"20240079155",2024,"Letsel",2,"Personenauto","Fiets","Flank","Kruispunt, 3 takken",50,"Niet brandend","Daglicht","Droog",\N,\N,"Harry Hoekstraat","Wateringen","Westland","Zuid-Holland",false,52.022082,4.268473,"injury","2","clear",false,1,"GM1783"
"20240043263",2024,"Uitsluitend materiele schade",1,"Fiets",\N,"Eenzijdig","Rechte weg",30,"Niet brandend","Daglicht","Droog",\N,"221312009","Dammekant","Bodegraven","Bodegraven-Reeuwijk","Zuid-Holland",false,52.09043,4.738245,"material damage only","4","clear",false,1,"GM1901"
"20240030567",2024,"Letsel",2,"Bromfiets","Fiets","Flank","Rechte weg",30,"Niet brandend","Daglicht","Droog",\N,"236377027","Haarlemmerweg","Amsterdam","Amsterdam","Noord-Holland",false,52.38484,4.84992,"injury","2","clear",false,1,"GM0363"
"20240006813",2024,"Letsel",2,"Fiets","Voetganger","Voetganger","Rechte weg",\N,"Niet aanwezig","Duisternis","Droog",\N,"238337130","Hoofdweg","Mijdrecht","De Ronde Venen","Utrecht",false,52.206061,4.863126,"injury","2","clear",false,1,"GM0736"
"20240037599",2024,"Letsel",1,"Fiets",\N,"Onbekend","Bocht",\N,"Niet brandend","Daglicht","Droog",\N,"208373079","Schipholpoort","Haarlem","Haarlem","Noord-Holland",false,52.368419,4.645594,"injury","2","clear",false,1,"GM0392"
"20240009293",2024,"Letsel",2,"Bestelauto","Fiets","Flank","Kruispunt, 3 takken",60,"Brandend","Duisternis","Droog",\N,\N,"Simmerwei","Aldwâld","Noardeast-Fryslân","Friesland",false,53.279818,6.109179,"injury","2","clear",false,1,"GM1970"
"20240039696",2024,"Letsel",2,"Fiets","Fiets","Onbekend","Rechte weg",30,"Niet brandend","Daglicht","Droog",\N,"165315003","Ruychrockpad","'s-Gravenhage","'s-Gravenhage","Zuid-Holland",false,52.105,4.331538,"injury","2","clear",false,1,"GM0518"
"20240039789",2024,"Letsel",2,"Personenauto","Fiets","Flank","Rechte weg",30,"Niet brandend","Daglicht","Droog",\N,\N,"Cornelis Trompstraat","Delft","Delft","Zuid-Holland",false,52.00569,4.368107,"injury","2","clear",false,1,"GM0503"
"20240017385",2024,"Uitsluitend materiele schade",2,"Personenauto","Fiets","Flank","Rechte weg",50,"Niet brandend","Daglicht","Droog",\N,"480368092","Woonboulevard","Almelo","Almelo","Overijssel",false,52.340621,6.642028,"material damage only","4","clear",false,1,"GM0141"
"20240017403",2024,"Uitsluitend materiele schade",2,"Bestelauto","Fiets","Flank","Kruispunt, 4 takken",50,"Brandend","Duisternis","Droog",\N,\N,"Groesbeekseweg","Nijmegen","Nijmegen","Gelderland",false,51.839552,5.863605,"material damage only","4","clear",false,1,"GM0268"
"20240019876",2024,"Letsel",2,"Motor","Fiets","Flank","Kruispunt, 3 takken",60,"Niet brandend","Daglicht","Droog",\N,\N,"Harderwijkerweg","Eerbeek","Brummen","Gelderland",false,52.08881,6.066715,"injury","2","clear",false,1,"GM0213"
"20240020332",2024,"Uitsluitend materiele schade",2,"Personenauto","Fiets","Flank","Rechte weg",50,"Niet brandend","Daglicht","Droog",\N,"159308097","Engelenburgstraat","'s-Gravenhage","'s-Gravenhage","Zuid-Holland",false,52.070006,4.291068,"material damage only","4","clear",false,1,"GM0518"
"20240028235",2024,"Uitsluitend materiele schade",2,"Personenauto","Fiets","Flank","Kruispunt, 4 takken",50,"Niet brandend","Daglicht","Droog",\N,\N,"Stationsplein","Heerhugowaard","Dijk en Waard","Noord-Holland",false,52.66855,4.822354,"material damage only","4","clear",false,1,"GM1980"
"20240005741",2024,"Uitsluitend materiele schade",2,"Personenauto","Fiets","Onbekend",\N,\N,\N,"Daglicht",\N,\N,"275351024","Bijenmeent","Hilversum","Hilversum","Noord-Holland",false,52.268224,5.135466,"material damage only","4","unknown",false,1,"GM0402"
"20240032435",2024,"Letsel",2,"Personenauto","Fiets","Flank","Kruispunt, 4 takken",50,"Niet brandend","Daglicht","Droog",\N,\N,"Zonweg","'s-Gravenhage","'s-Gravenhage","Zuid-Holland",false,52.066752,4.340291,"injury","2","clear",false,1,"GM0518"
"20240034972",2024,"Letsel",2,"Personenauto","Fiets","Flank","Kruispunt, 3 takken",30,"Niet brandend","Daglicht","Droog",\N,\N,"Hendrik van Tulderstraat","Tilburg","Tilburg","Noord-Brabant",false,51.567572,5.065946,"injury","2","clear",false,1,"GM0855"
"20240039951",2024,"Letsel",1,"Fiets",\N,"Onbekend","Kruispunt, 3 takken",50,"Niet brandend","Daglicht","Droog","Brug/viaduct",\N,"Dijkhoflaan","Leiden","Leiden","Zuid-Holland",false,52.152984,4.451983,"injury","2","clear",false,1,"GM0546"
"20240043047",2024,"Uitsluitend materiele schade",2,"Personenauto","Fiets","Onbekend","Kruispunt, 3 takken",15,"Niet brandend","Daglicht","Droog",\N,\N,"Guido Gezellestraat","Papendrecht","Papendrecht","Zuid-Holland",false,51.832857,4.678165,"material damage only","4","clear",false,1,"GM0590"
"20220162482",2022,"Letsel",2,"Personenauto","e-bike","Flank","Kruispunt, 4 takken",50,"Niet brandend","Daglicht","Droog",\N,\N,"Leegeweg","Groningen","Groningen","Groningen",false,53.227769,6.514161,"injury","2","clear",false,1,"GM0014"
"20220174544",2022,"Letsel",2,"Personenauto","Fiets","Flank","Kruispunt, 4 takken",50,"Brandend","Duisternis","Droog",\N,\N,"Zomervaart","Haarlem","Haarlem","Noord-Holland",false,52.374513,4.657355,"injury","2","clear",false,1,"GM0392"
"20220174591",2022,"Letsel",2,"Personenauto","Fiets","Kop/staart","Rechte weg",30,"Niet brandend","Daglicht","Droog",\N,"206428042","Kennedyboulevard","Egmond aan Zee","Bergen (NH)","Noord-Holland",false,52.613746,4.621331,"injury","2","clear",false,1,\N
"20220125721",2022,"Letsel",2,"Fiets","Fiets","Onbekend","Rechte weg",30,"Niet brandend","Daglicht","Droog","Tunnel","600562009","FIETSPAD","Zoeterwoude","Zoeterwoude","Zuid-Holland",false,52.135101,4.528194,"injury","2","clear",false,1,"GM0638"
"20220145605",2022,"Letsel",2,"Personenauto","Fiets","Flank","Kruispunt, 4 takken",50,"Niet brandend","Daglicht","Droog",\N,\N,"Aveling","Hoogvliet Rotterdam","Rotterdam","Zuid-Holland",false,51.874416,4.35786,"injury","2","clear",false,1,"GM0599"
"20220166942",2022,"Letsel",2,"e-bike","Bromfiets","Frontaal","Kruispunt, 4 takken",50,"Niet brandend","Daglicht","Droog",\N,\N,"Wellsedam","Ammerzoden","Maasdriel","Gelderland",false,51.748033,5.218139,"injury","2","clear",false,1,"GM0263"
"20220194027",2022,"Letsel",2,"Fiets","Fiets","Onbekend","Bocht",30,"Niet brandend","Daglicht","Droog",\N,"457454099","Dekkerpassage","Hoogeveen","Hoogeveen","Drenthe",false,52.727061,6.476837,"injury","2","clear",false,1,"GM0118"
"20220119198",2022,"Uitsluitend materiele schade",2,"Personenauto","Fiets","Flank","Kruispunt, 3 takken",50,"Niet brandend","Daglicht","Droog",\N,\N,"Parkweg","Enschede","Enschede","Overijssel",false,52.22024,6.866234,"material damage only","4","clear",false,1,"GM0153"
"20220157113",2022,"Letsel",2,"Personenauto","Fiets","Flank","Kruispunt, 4 takken",50,"Niet brandend","Daglicht","Droog",\N,\N,"Kruithuisweg","Delft","Delft","Zuid-Holland",false,51.99204,4.370923,"injury","2","clear",false,1,"GM0503"
"20220177460",2022,"Uitsluitend materiele schade",2,"Bromfiets","Fiets","Flank","Rechte weg",\N,"Niet brandend","Daglicht","Droog",\N,"252358099","Holendrechtplein","Amsterdam","Amsterdam","Noord-Holland",false,52.299361,4.964297,"material damage only","4","clear",false,1,"GM0363"
"20220180264",2022,"Uitsluitend materiele schade",2,"Fiets","Fiets","Frontaal","Kruispunt, 4 takken",50,"Niet brandend","Daglicht","Droog",\N,\N,"Hoofdstraat","Hillegom","Hillegom","Zuid-Holland",false,52.290536,4.578558,"material damage only","4","clear",false,1,"GM0534"
"20220187122",2022,"Letsel",2,"Snorfiets","Fiets","Frontaal","Rechte weg",30,"Niet brandend","Daglicht","Regen",\N,"600384113","Burgemeester Brokxlaan","Tilburg","Tilburg","Noord-Brabant",false,51.562112,5.076028,"injury","2","rain",false,1,"GM0855"
"20220197141",2022,"Uitsluitend materiele schade",2,"Personenauto","Fiets","Flank","Kruispunt, 3 takken",50,"Brandend","Duisternis","Droog",\N,\N,"Meester Ponsteenlaan","Nijverdal","Hellendoorn","Overijssel",false,52.37717,6.451877,"material damage only","4","clear",false,1,"GM0163"
"20220122007",2022,"Letsel",2,"Personenauto","Fiets","Onbekend","Rechte weg",50,"Niet brandend","Daglicht","Droog",\N,"600944909","Vogelenzangseweg","Vogelenzang","Bloemendaal","Noord-Holland",false,52.323706,4.578199,"injury","2","clear",false,1,"GM0377"
"20220124708",2022,"Letsel",2,"Fiets",\N,"Eenzijdig","Rechte weg",\N,"Niet brandend","Daglicht","Regen",\N,"600666469","Nicolas de Ferpad","'s-Gravenhage","'s-Gravenhage","Zuid-Holland",false,52.03365,4.255233,"injury","2","rain",false,1,"GM0518"
"20220137027",2022,"Uitsluitend materiele schade",2,"Personenauto","Fiets","Onbekend","Rechte weg",60,"Niet aanwezig","Daglicht","Droog",\N,"444318001","Wildenborchseweg","Vorden","Bronckhorst","Gelderland",false,52.120173,6.374005,"material damage only","4","clear",false,1,"GM1876"
"20220150734",2022,"Uitsluitend materiele schade",2,"Personenauto","Fiets","Voetganger","Kruispunt, 3 takken",50,"Niet brandend","Daglicht","Droog",\N,\N,"Bergerweg","Sittard","Sittard-Geleen","Limburg",false,50.997832,5.85608,"material damage only","4","clear",false,1,"GM1883"
"20220154891",2022,"Letsel",2,"Bus","Fiets","Flank","Kruispunt, 3 takken",50,"Niet brandend","Daglicht","Droog",\N,\N,"Kenaupark","Haarlem","Haarlem","Noord-Holland",false,52.386126,4.633931,"injury","2","clear",false,1,"GM0392"
"20220174757",2022,"Letsel",2,"Personenauto","Fiets","Onbekend","Bocht",50,"Niet brandend","Daglicht",\N,\N,"264402058","Val van Urk","Volendam","Edam-Volendam","Noord-Holland",false,52.498173,5.053709,"injury","2","unknown",false,1,"GM0385"
"20220179736",2022,"Letsel",2,"Personenauto","Fiets","Flank","Kruispunt, 4 takken",50,"Niet brandend","Daglicht","Droog",\N,\N,"Erasmusweg","'s-Gravenhage","'s-Gravenhage","Zuid-Holland",false,52.051951,4.303359,"injury","2","clear",false,1,"GM0518"
"20220180975",2022,"Letsel",2,"Fiets","Fiets","Onbekend","Rechte weg",50,"Niet brandend","Daglicht","Droog",\N,"167294112","Adriaan Pauwstraat","Delft","Delft","Zuid-Holland",false,52.010371,4.347142,"injury","2","clear",false,1,"GM0503"
"20220124791",2022,"Uitsluitend materiele schade",2,"Personenauto","Fiets","Flank","Rechte weg",50,"Niet brandend","Daglicht",\N,\N,"179296002","Klapwijkseweg","Pijnacker","Pijnacker-Nootdorp","Zuid-Holland",false,52.018733,4.438553,"material damage only","4","unknown",false,1,"GM1926"
"20220137083",2022,"Uitsluitend materiele schade",2,"Fiets","Personenauto","Flank","Rechte weg",30,"Niet brandend","Daglicht","Droog",\N,"474344039","Zonnebloemstraat","Goor","Hof van Twente","Overijssel",false,52.231307,6.588924,"material damage only","4","clear",false,1,"GM1735"
"20220162731",2022,"Uitsluitend materiele schade",2,"Personenauto","Fiets","Flank","Rechte weg",60,"Niet aanwezig","Daglicht","Droog",\N,"507592006","Damsterweg","Holwierde","Eemsdelta","Groningen",false,53.345252,6.867524,"material damage only","4","clear",false,1,"GM1979"
"20220179204",2022,"Letsel",1,"Fiets",\N,"Eenzijdig","Rechte weg",60,"Niet brandend","Daglicht","Droog",\N,"600737615","Haarlemmerstraat","Hillegom","Hillegom","Zuid-Holland",false,52.314182,4.588613,"injury","2","clear",false,1,"GM0534"
"20220179789",2022,"Letsel",1,"Fiets",\N,"Eenzijdig",\N,50,\N,"Daglicht",\N,\N,"600713434","Loosduinse Hoofdstraat","'s-Gravenhage","'s-Gravenhage","Zuid-Holland",false,52.05515,4.241277,"injury","2","unknown",false,1,"GM0518"
"20220197865",2022,"Uitsluitend materiele schade",3,"Fiets","Bestelauto","Flank","Kruispunt, 3 takken",30,\N,"Daglicht",\N,\N,\N,"Rolklaver","Kampen","Kampen","Overijssel",false,52.548906,5.898396,"material damage only","4","unknown",false,1,"GM0166"
"20220136152",2022,"Letsel",2,"Personenauto","Fiets","Onbekend","Kruispunt, 3 takken",60,"Niet aanwezig","Daglicht","Droog",\N,\N,"Fokko Kortlanglaan","Ermelo","Ermelo","Gelderland",false,52.317987,5.601913,"injury","2","clear",false,1,"GM0233"
"20220160268",2022,"Letsel",2,"Personenauto","Fiets","Flank","Rechte weg",30,"Niet brandend","Daglicht","Droog",\N,"334162081","De Burght","Geldrop","Geldrop-Mierlo","Noord-Brabant",false,51.420044,5.563125,"injury","2","clear",false,1,"GM1771"
"20220169828",2022,"Letsel",2,"Personenauto","Fiets","Flank","Kruispunt, 4 takken",50,"Niet brandend","Daglicht","Droog",\N,\N,"Molenstraat","Ede","Ede","Gelderland",false,52.047476,5.672478,"injury","2","clear",false,1,"GM0228"
"20220173583",2022,"Letsel",2,"Personenauto","e-bike","Geparkeerd voertuig","Kruispunt, 3 takken",30,"Niet brandend","Daglicht","Droog","Parkeervoorziening",\N,"Droogmakerij","Stompetoren","Alkmaar","Noord-Holland",false,52.612547,4.820378,"injury","2","clear",false,1,"GM0361"
"20220173596",2022,"Uitsluitend materiele schade",2,"Bestelauto","Fiets","Onbekend","Rechte weg",80,"Niet brandend","Duisternis","Droog",\N,\N,"Nieuwe Bennebroekerweg","Hoofddorp","Haarlemmermeer","Noord-Holland",false,52.306088,4.62281,"material damage only","4","clear",false,1,"GM0394"
"20220116850",2022,"Letsel",1,"Fiets",\N,"Eenzijdig",\N,30,\N,"Daglicht",\N,\N,"600853959","Meppelerweg","Steenwijk","Steenwijkerland","Overijssel",false,52.78608,6.129427,"injury","2","unknown",false,1,"GM1708"
"20220123603",2022,"Letsel",2,"Fiets","Fiets","Flank","Rechte weg",30,"Niet brandend","Daglicht","Droog",\N,"600419043","Weteringschans","Amsterdam","Amsterdam","Noord-Holland",false,52.361949,4.885003,"injury","2","clear",false,1,"GM0363"
"20220156472",2022,"Letsel",2,"Scootmobiel","e-bike","Flank","Kruispunt, 3 takken",50,"Niet aanwezig","Daglicht","Droog",\N,\N,"Reinier de Graafweg","Delft","Delft","Zuid-Holland",false,51.99863,4.340352,"injury","2","clear",false,1,"GM0503"
"20220167500",2022,"Uitsluitend materiele schade",2,"Fiets","Fiets","Kop/staart","Rechte weg",30,"Niet brandend","Daglicht","Droog",\N,"410406022","Westerveldse Aa-pad","Zwolle","Zwolle","Overijssel",false,52.512867,6.129189,"material damage only","4","clear",false,1,"GM0193"
"20220184241",2022,"Uitsluitend materiele schade",2,"Bromfiets","e-bike","Flank","Kruispunt, 3 takken",30,"Brandend","Schemer","Droog",\N,\N,"Coolsingel","Rotterdam","Rotterdam","Zuid-Holland",false,51.920276,4.479761,"material damage only","4","clear",false,1,"GM0599"
"20220138154",2022,"Uitsluitend materiele schade",2,"Personenauto","Fiets","Flank","Rechte weg",50,"Niet brandend","Daglicht","Droog",\N,"309323061","Daltonstraat","Amersfoort","Amersfoort","Utrecht",false,52.14451,5.382107,"material damage only","4","clear",false,1,"GM0307"
"20220143755",2022,"Uitsluitend materiele schade",2,"Bromfiets","Fiets","Flank","Rechte weg",30,"Niet brandend","Daglicht","Droog",\N,"600540005","Prinses Beatrixlaan","Delft","Delft","Zuid-Holland",false,52.011503,4.339559,"material damage only","4","clear",false,1,"GM0503"
"20220145934",2022,"Letsel",2,"Fiets","Bromfiets","Flank","Rechte weg",30,"Niet brandend","Daglicht","Droog",\N,"600725125","Pelgrimsstraat","Rotterdam","Rotterdam","Zuid-Holland",false,51.904271,4.445079,"injury","2","clear",false,1,"GM0599"
"20220146842",2022,"Uitsluitend materiele schade",2,"Personenauto","Fiets","Flank","Rechte weg",50,"Niet brandend","Daglicht","Droog",\N,"600239053","Van Bijlandtplaats","Rotterdam","Rotterdam","Zuid-Holland",false,51.918776,4.476505,"material damage only","4","clear",false,1,"GM0599"
"20220159047",2022,"Letsel",2,"e-bike","Personenauto","Flank","Kruispunt, 4 takken",50,"Niet brandend","Daglicht","Droog",\N,\N,"Rucphensebaan","Roosendaal","Roosendaal","Noord-Brabant",false,51.53641,4.487812,"injury","2","clear",false,1,"GM1674"
"20220179450",2022,"Letsel",1,"Fiets",\N,"Eenzijdig","Rechte weg",\N,"Niet brandend","Daglicht",\N,\N,"165315003","Ruychrockpad","'s-Gravenhage","'s-Gravenhage","Zuid-Holland",false,52.105,4.331538,"injury","2","unknown",false,1,"GM0518"
"20220180605",2022,"Uitsluitend materiele schade",2,"Personenauto","Fiets","Frontaal","Rechte weg",50,"Niet brandend","Schemer","Droog",\N,"157309059","Edisonstraat","'s-Gravenhage","'s-Gravenhage","Zuid-Holland",false,52.076204,4.278449,"material damage only","4","clear",false,1,"GM0518"
"20220194066",2022,"Uitsluitend materiele schade",3,"Bestelauto","Fiets","Onbekend","Kruispunt, 3 takken",30,\N,"Duisternis",\N,\N,\N,"Verlengde Lodewijkstraat","Groningen","Groningen","Groningen",false,53.209133,6.57694,"material damage only","4","unknown",false,1,"GM0014"
"20220128509",2022,"Letsel",3,"Bestelauto","Fiets","Flank","Kruispunt, 4 takken",50,"Niet brandend","Daglicht","Droog",\N,\N,"Clydeweg","Botlek Rotterdam","Rotterdam","Zuid-Holland",false,51.869198,4.278462,"injury","2","clear",false,1,"GM0599"
"20220157621",2022,"Uitsluitend materiele schade",2,"Personenauto","Fiets","Flank","Kruispunt, 3 takken",50,"Niet brandend","Daglicht","Droog",\N,\N,"Strevelsweg","Rotterdam","Rotterdam","Zuid-Holland",false,51.887272,4.493761,"material damage only","4","clear",false,1,"GM0599"
"20220159112",2022,"Letsel",2,"Bromfiets","Fiets","Frontaal","Rechte weg",30,"Niet brandend","Daglicht","Droog",\N,\N,"Reitse Hoevenstraat","Tilburg","Tilburg","Noord-Brabant",false,51.5664,5.062481,"injury","2","clear",false,1,"GM0855"