"accident_id","year","severity_raw","party_count","party1_type","party2_type","accident_type","road_situation","speed_limit_kmh","road_lighting","light_condition_label","weather_raw","infra_type","road_segment_id","street_name","place_name","gemeente_name_raw","province","alcohol_indicated","latitude","longitude","severity_label","severity_code","weather_label","built_up_area","cyclists_involved","gemeente_code"
"20220163819",2022,"Uitsluitend materiele schade",2,"e-bike","Bromfiets","Flank","Kruispunt, 3 takken",30,"Niet brandend","Daglicht","Droog",\N,\N,"Enkweg","Epe","Epe","Gelderland",false,52.343457,5.981863,"material damage only","4","clear",false,1,"GM0232"
"20220196284",2022,"Uitsluitend materiele schade",2,"Personenauto","e-bike","Flank","Rotonde",50,"Niet brandend","Daglicht","Droog",\N,\N,"Teersmortelweg","Wijchen","Wijchen","Gelderland",false,51.810701,5.729999,"material damage only","4","clear",false,1,"GM0296"
"20220194561",2022,"Letsel",3,"Personenauto","Fiets","Onbekend","Kruispunt, 4 takken",50,"Niet brandend","Daglicht","Droog",\N,\N,"BOTERINGEBRUG","Groningen","Groningen","Groningen",true,53.221173,6.562871,"injury","2","clear",false,1,"GM0014"
"20220188590",2022,"Letsel",2,"Personenauto","Fiets","Flank","Rotonde",30,"Niet aanwezig","Daglicht","Droog",\N,\N,"Populierlaan","Veghel","Meierijstad","Noord-Brabant",false,51.620883,5.549477,"injury","2","clear",false,1,"GM1948"
"20220115453",2022,"Uitsluitend materiele schade",2,"Personenauto","Fiets","Flank","Kruispunt, 3 takken",30,"Niet brandend","Daglicht","Droog",\N,\N,"Wiekslag","Heerenveen","Heerenveen","Friesland",false,52.952648,5.915082,"material damage only","4","clear",false,1,"GM0074"
"20220115463",2022,"Uitsluitend materiele schade",2,"Fiets","Personenauto","Flank","Rechte weg",50,"Niet brandend","Daglicht","Droog",\N,"600829293","Kalverdijkje","Leeuwarden","Leeuwarden","Friesland",false,53.212121,5.827143,"material damage only","4","clear",false,1,"GM0080"
"20220170079",2022,"Uitsluitend materiele schade",2,"Bromfiets","Fiets","Frontaal","Bocht",30,"Niet brandend","Daglicht","Droog","Tunnel","288300007","Werkhovenseweg","Werkhoven","Bunnik","Utrecht",false,52.040091,5.232933,"material damage only","4","clear",false,1,"GM0312"
"20220138339",2022,"Letsel",2,"Personenauto","Fiets","Frontaal","Kruispunt, 3 takken",50,"Niet brandend","Daglicht","Droog",\N,\N,"Zuidermeent","Hilversum","Hilversum","Noord-Holland",false,52.266368,5.141087,"injury","2","clear",false,1,"GM0402"
"20220151159",2022,"Uitsluitend materiele schade",2,"Personenauto","Fiets","Geparkeerd voertuig","Rechte weg",30,"Niet brandend","Daglicht","Droog","Parkeervoorziening","400121033","Sint Jansplein","Swalmen","Roermond","Limburg",false,51.232604,6.036092,"material damage only","4","clear",false,1,"GM0957"
"20220184454",2022,"Letsel",2,"Bromfiets","Fiets","Flank",\N,30,"Niet brandend","Daglicht","Droog",\N,"600730724","Maasboulevard","Rotterdam","Rotterdam","Zuid-Holland",false,51.919743,4.502629,"injury","2","clear",false,1,"GM0599"
"20220126402",2022,"Uitsluitend materiele schade",3,"Personenauto","Fiets","Onbekend","Kruispunt, 4 takken",50,"Niet brandend","Daglicht","Droog",\N,\N,"Motorenweg","Delft","Delft","Zuid-Holland",false,51.988728,4.361091,"material damage only","4","clear",false,1,"GM0503"
"20220127527",2022,"Uitsluitend materiele schade",2,"Personenauto","Fiets","Flank","Rotonde",50,"Niet brandend","Daglicht","Droog",\N,\N,"Vroesenlaan","Rotterdam","Rotterdam","Zuid-Holland",false,51.932179,4.454478,"material damage only","4","clear",false,1,"GM0599"
"20220153296",2022,"Uitsluitend materiele schade",2,"Personenauto","e-bike","Onbekend","Kruispunt, 4 takken",80,"Niet brandend","Daglicht","Droog",\N,\N,"FIETSPAD","Beek","Berg en Dal","Gelderland",false,51.833235,5.925032,"material damage only","4","clear",false,1,"GM1945"
"20220187788",2022,"Uitsluitend materiele schade",2,"e-bike","Personenauto","Frontaal","Bocht",30,"Niet brandend","Daglicht","Droog",\N,"349176118","'t Bijsterveld","Helmond","Helmond","Noord-Brabant",false,51.483596,5.674085,"material damage only","4","clear",false,1,"GM0794"
"20220192625",2022,"Uitsluitend materiele schade",3,"Personenauto","Fiets","Onbekend",\N,30,"Niet aanwezig","Daglicht","Droog",\N,"363557030","Aert van der Neerstraat","Leeuwarden","Leeuwarden","Friesland",false,53.192772,5.784721,"material damage only","4","clear",false,1,"GM0080"
"20220126445",2022,"Letsel",2,"Personenauto","e-bike","Flank","Kruispunt, 4 takken",50,"Niet brandend","Daglicht","Droog",\N,\N,"Aaltje Noordewierstraat","'s-Gravenhage","'s-Gravenhage","Zuid-Holland",false,52.060833,4.231589,"injury","2","clear",false,1,"GM0518"
"20220142917",2022,"Letsel",1,"Fiets",\N,"Eenzijdig","Rechte weg",50,"Niet brandend","Daglicht","Droog",\N,"183323011","Admiraal de Ruytersingel","Voorschoten","Voorschoten","Zuid-Holland",false,52.141437,4.460878,"injury","2","clear",false,1,"GM0626"
"20220155594",2022,"Uitsluitend materiele schade",2,"Personenauto","e-bike","Flank","Kruispunt, 4 takken",50,"Niet brandend","Daglicht","Droog",\N,\N,"Haarlemmerweg","Amsterdam","Amsterdam","Noord-Holland",false,52.384997,4.847784,"material damage only","4","clear",false,1,"GM0363"
"20220191162",2022,"Letsel",2,"Fiets","Fiets","Onbekend","Rechte weg",80,"Niet aanwezig","Duisternis","Droog",\N,"600832238","Hoogcruts","Slenaken","Gulpen-Wittem","Limburg",false,50.774512,5.844324,"injury","2","clear",false,1,"GM1729"
"20220192978",2022,"Letsel",2,"Personenauto","Fiets","Onbekend","Rotonde",50,"Niet brandend","Daglicht","Droog",\N,\N,"Europaweg","Delfzijl","Eemsdelta","Groningen",false,53.335008,6.905343,"injury","2","clear",false,1,"GM1979"
"20220117660",2022,"Uitsluitend materiele schade",2,"Fiets","Personenauto","Flank","Kruispunt, 4 takken",50,"Niet brandend","Daglicht","Droog",\N,\N,"Puurveenseweg","Kootwijkerbroek","Barneveld","Gelderland",false,52.147843,5.665216,"material damage only","4","clear",false,1,"GM0203"
"20220121266",2022,"Uitsluitend materiele schade",2,"Bestelauto","Fiets","Onbekend","Rotonde",50,"Niet brandend","Daglicht","Droog",\N,\N,"Waalstraat","Utrecht","Utrecht","Utrecht",false,52.074689,5.112494,"material damage only","4","clear",false,1,"GM0344"
"20220124106",2022,"Letsel",1,"Fiets",\N,"Eenzijdig","Rechte weg",30,"Niet brandend","Daglicht","Droog",\N,"600428223","Gooilandseweg","Weesp","Amsterdam","Noord-Holland",false,52.302461,5.035596,"injury","2","clear",false,1,"GM0363"
"20220141516",2022,"Uitsluitend materiele schade",2,"Personenauto","Fiets","Onbekend","Kruispunt, 4 takken",50,"Niet aanwezig","Daglicht","Droog",\N,\N,"Willemsparkweg","Amsterdam","Amsterdam","Noord-Holland",false,52.358161,4.878408,"material damage only","4","clear",false,1,"GM0363"
"20220145383",2022,"Letsel",1,"Fiets",\N,"Eenzijdig","Rechte weg",30,"Brandend","Schemer",\N,\N,"168294054","Oude Langendijk","Delft","Delft","Zuid-Holland",false,52.011143,4.359014,"injury","2","unknown",false,1,"GM0503"
"20220159416",2022,"Letsel",2,"Personenauto","e-bike","Flank","Kruispunt, 3 takken",80,"Niet brandend","Daglicht","Droog",\N,\N,"Udenhoutseweg","Loon op Zand","Loon op Zand","Noord-Brabant",false,51.610534,5.074412,"injury","2","clear",false,1,"GM0809"
"20220168080",2022,"Letsel",2,"Personenauto","Fiets","Onbekend","Kruispunt, 3 takken",30,"Niet brandend","Daglicht","Droog",\N,\N,"Brinkstraat","Losser","Losser","Overijssel",false,52.261448,7.008029,"injury","2","clear",false,1,"GM0168"
"20220175532",2022,"Uitsluitend materiele schade",2,"Motor","Fiets","Onbekend","Rechte weg",60,"Niet aanwezig","Daglicht","Droog",\N,"250415003","Hobrederweg","Middenbeemster","Purmerend","Noord-Holland",false,52.556955,4.953321,"material damage only","4","clear",false,1,"GM0439"
"20220192385",2022,"Letsel",1,"Fiets",\N,"Eenzijdig","Rechte weg",30,"Niet aanwezig","Daglicht","Droog",\N,"468563149","2e Drift Ged. Zuiderdiep","Groningen","Groningen","Groningen",false,53.215148,6.570118,"injury","2","clear",false,1,"GM0014"
"20220145457",2022,"Letsel",3,"Personenauto","Fiets","Los voorwerp","Rechte weg",30,"Niet brandend","Daglicht","Droog",\N,"177273043","Schiedamseweg Beneden","Rotterdam","Rotterdam","Zuid-Holland",false,51.914133,4.421698,"injury","2","clear",false,1,"GM0599"
"20220150259",2022,"Letsel",2,"Fiets","Fiets","Frontaal","Bocht",30,"Niet brandend","Daglicht","Droog",\N,"600432216","Tournooiveld","Geldrop","Geldrop-Mierlo","Noord-Brabant",false,51.419638,5.549114,"injury","2","clear",false,1,"GM1771"
"20220155673",2022,"Letsel",1,"Fiets",\N,"Eenzijdig","Rechte weg",30,"Niet brandend","Daglicht","Droog",\N,"600381836","Oostenburgergracht","Amsterdam","Amsterdam","Noord-Holland",false,52.368592,4.922596,"injury","2","clear",false,1,"GM0363"
"20220175580",2022,"Letsel",3,"Bromfiets","Fiets","Onbekend","Rechte weg",30,"Niet aanwezig","Daglicht","Regen",\N,"600752870","Madame Curiestraat","Alkmaar","Alkmaar","Noord-Holland",false,52.629319,4.763872,"injury","2","rain",false,1,"GM0361"
"20220175597",2022,"Uitsluitend materiele schade",2,"Bestelauto","Fiets","Flank","Kruispunt, 4 takken",50,"Brandend","Duisternis","Droog",\N,\N,"Geestersingel","Alkmaar","Alkmaar","Noord-Holland",false,52.635602,4.745372,"material damage only","4","clear",false,1,"GM0361"
"20220188005",2022,"Uitsluitend materiele schade",2,"Personenauto","Fiets","Flank","Rotonde",50,"Niet aanwezig","Daglicht","Droog",\N,\N,"Rodenborchweg","Rosmalen","'s-Hertogenbosch","Noord-Brabant",false,51.720041,5.364489,"material damage only","4","clear",false,1,"GM0796"
"20220117820",2022,"Letsel",2,"Bromfiets","Fiets","Frontaal","Kruispunt, 3 takken",30,"Niet brandend","Daglicht","Droog",\N,\N,"Sint Martinusplein","Epe","Epe","Gelderland",false,52.349501,5.984332,"injury","2","clear",false,1,"GM0232"
"20220156978",2022,"Letsel",2,"Motor","e-bike","Flank","Kruispunt, 4 takken",50,"Niet brandend","Daglicht",\N,\N,\N,"Monsterseweg","'s-Gravenhage","'s-Gravenhage","Zuid-Holland",false,52.050686,4.225754,"injury","2","unknown",false,1,"GM0518"
"20220173147",2022,"Uitsluitend materiele schade",2,"Personenauto","Fiets","Onbekend","Rechte weg",30,"Niet brandend","Schemer",\N,\N,"260322062","Kamelenspoor","Maarssen","Stichtse Vecht","Utrecht",false,52.138541,5.027281,"material damage only","4","unknown",false,1,"GM1904"
"20220193485",2022,"Letsel",1,"Fiets",\N,"Eenzijdig","Rechte weg",30,"Niet brandend","Daglicht","Droog",\N,"600143711","Schrans","Leeuwarden","Leeuwarden","Friesland",false,53.196104,5.797515,"injury","2","clear",false,1,"GM0080"
"20220196583",2022,"Uitsluitend materiele schade",2,"Bromfiets","Fiets","Flank","Rechte weg",50,"Brandend","Schemer","Regen",\N,"419434006","Oude Rijksweg","Staphorst","Staphorst","Overijssel",false,52.641855,6.199219,"material damage only","4","rain",false,1,"GM0180"
"20220124219",2022,"Uitsluitend materiele schade",2,"Personenauto","Fiets","Flank","Rechte weg",30,"Brandend","Duisternis","Droog",\N,"242373180","Herengracht","Amsterdam","Amsterdam","Noord-Holland",false,52.365996,4.889251,"material damage only","4","clear",false,1,"GM0363"
"20220125694",2022,"Uitsluitend materiele schade",2,"Personenauto","Fiets","Flank","Bocht",50,"Brandend","Duisternis","Droog",\N,\N,"Scheveningseslag","'s-Gravenhage","'s-Gravenhage","Zuid-Holland",false,52.111447,4.279438,"material damage only","4","clear",false,1,"GM0518"
"20220125695",2022,"Uitsluitend materiele schade",2,"Fiets","Voetganger","Voetganger","Kruispunt, 4 takken",15,"Niet brandend","Daglicht","Droog",\N,\N,"Rode Leeuwstraat","'s-Gravenhage","'s-Gravenhage","Zuid-Holland",false,52.073385,4.303605,"material damage only","4","clear",false,1,"GM0518"
"20220136871",2022,"Uitsluitend materiele schade",2,"Fiets","Personenauto","Flank","Rotonde",30,"Niet brandend","Daglicht","Droog",\N,\N,"Emmerikseweg","Zutphen","Zutphen","Gelderland",false,52.130023,6.20134,"material damage only","4","clear",false,1,"GM0301"
"20220150471",2022,"Letsel",2,"Bestelauto","Fiets","Flank","Rechte weg",30,"Niet brandend","Daglicht","Droog",\N,"301133065","Dorpstraat","Luyksgestel","Bergeijk","Noord-Brabant",false,51.288641,5.329013,"injury","2","clear",false,1,"GM1724"
"20240090632",2024,"Letsel",2,"Personenauto","Fiets","Flank","Kruispunt, 3 takken",50,"Niet brandend","Daglicht","Droog",\N,\N,"Marconiplein","Rotterdam","Rotterdam","Zuid-Holland",false,51.913621,4.430871,"injury","2","clear",false,1,"GM0599"
"20240093045",2024,"Letsel",3,"Bestelauto","Fiets","Flank","Kruispunt, 4 takken",30,"Niet brandend","Daglicht","Droog",\N,\N,"Olympiaweg","Maastricht","Maastricht","Limburg",false,50.857558,5.722093,"injury","2","clear",false,1,"GM0935"
"20240045311",2024,"Letsel",2,"Fiets","Personenauto","Flank","Rotonde",30,"Niet brandend","Daglicht","Droog",\N,\N,"Raadhuisstraat","Raamsdonk","Geertruidenberg","Noord-Brabant",false,51.688517,4.907992,"injury","2","clear",false,1,"GM0779"
"20240048977",2024,"Letsel",2,"Personenauto","Fiets","Onbekend","Kruispunt, 3 takken",50,"Niet brandend","Daglicht","Droog",\N,\N,"Lantaarnstede","Nieuwegein","Nieuwegein","Utrecht",false,52.028877,5.086376,"injury","2","clear",false,1,"GM0356"
"20240076194",2024,"Letsel",2,"Fiets","Fiets","Flank","Rechte weg",50,"Niet aanwezig","Daglicht","Droog",\N,"359322023","Harderwijkerweg","Harskamp","Ede","Gelderland",false,52.137063,5.748819,"injury","2","clear",false,1,"GM0228"
"20240086763",2024,"Letsel",2,"Personenauto","Fiets","Flank","Kruispunt, 4 takken",50,"Niet aanwezig","Daglicht","Droog",\N,\N,"Hargerweg","Schoorl","Bergen (NH)","Noord-Holland",false,52.722285,4.662424,"injury","2","clear",false,1,\N
"20240091276",2024,"Letsel",2,"Bestelauto","Fiets","Onbekend","Rechte weg",30,"Niet brandend","Daglicht","Droog","Parkeervoorziening","162272070","Dirk de Derdelaan","Vlaardingen","Vlaardingen","Zuid-Holland",false,51.911615,4.315974,"injury","2","clear",false,1,"GM0622"
"20240093121",2024,"Letsel",2,"Personenauto","Fiets","Frontaal","Kruispunt, 3 takken",30,"Niet brandend","Daglicht","Droog",\N,\N,"Industrieweg","Meppel","Meppel","Drenthe",false,52.692933,6.184902,"injury","2","clear",false,1,"GM0119"
"20240095563",2024,"Uitsluitend materiele schade",2,"Fiets","Overig wegmeubilair","Vast voorwerp","Rechte weg",80,"Niet aanwezig","Daglicht","Droog",\N,"292388006","Oostvaardersdijk","Lelystad","Lelystad","Flevoland",false,52.465532,5.328878,"material damage only","4","clear",false,1,"GM0995"
"20240098460",2024,"Letsel",2,"Personenauto","Fiets","Flank","Kruispunt, 4 takken",30,"Niet brandend","Daglicht","Droog",\N,\N,"De Ruijterplein","Haarlem","Haarlem","Noord-Holland",false,52.379738,4.616206,"injury","2","clear",false,1,"GM0392"
"20240045336",2024,"Uitsluitend materiele schade",2,"Personenauto","Fiets","Frontaal","Kruispunt, 4 takken",30,"Niet brandend","Daglicht","Droog",\N,\N,"Winkelstraat","Eindhoven","Eindhoven","Noord-Brabant",false,51.419995,5.492191,"material damage only","4","clear",false,1,"GM0772"
"20240045349",2024,"Uitsluitend materiele schade",2,"Personenauto","Fiets","Flank","Kruispunt, 3 takken",30,"Niet brandend","Daglicht","Regen",\N,\N,"Buitenruststraat","Middelburg","Middelburg","Zeeland",false,51.491646,3.619304,"material damage only","4","rain",false,1,\N
"20240076231",2024,"Uitsluitend materiele schade",1,"Fiets",\N,"Onbekend","Rechte weg",60,"Niet aanwezig","Daglicht","Droog",\N,"409387003","Marledijk","Marle","Olst-Wijhe","Overijssel",false,52.426397,6.123018,"material damage only","4","clear",false,1,"GM1773"
"20240084273",2024,"Uitsluitend materiele schade",2,"Bromfiets","Fiets","Frontaal","Rechte weg",50,"Niet brandend","Daglicht","Droog","Tunnel",\N,"Hogedijken","Dokkum","Noardeast-Fryslân","Friesland",false,53.324141,6.013339,"material damage only","4","clear",false,1,"GM1970"
"20240089414",2024,"Letsel",1,"Fiets",\N,"Onbekend",\N,50,\N,"Daglicht",\N,\N,"162310202","Parkstraat","'s-Gravenhage","'s-Gravenhage","Zuid-Holland",false,52.082551,4.308623,"injury","2","unknown",false,1,"GM0518"
"20240094626",2024,"Uitsluitend materiele schade",2,"Bestelauto","Fiets","Frontaal","Kruispunt, 3 takken",50,"Niet brandend","Daglicht","Droog",\N,\N,"Waterweg","Hierden","Harderwijk","Gelderland",false,52.363384,5.68532,"material damage only","4","clear",false,1,"GM0243"
"20240097982",2024,"Uitsluitend materiele schade",2,"Fiets","Snorfiets","Flank","Rechte weg",\N,"Niet brandend","Daglicht","Droog",\N,"233367006","Johan Huizingalaan","Amsterdam","Amsterdam","Noord-Holland",false,52.342604,4.827696,"material damage only","4","clear",false,1,"GM0363"
"20240071453",2024,"Letsel",2,"Fiets","Fiets","Flank","Kruispunt, 3 takken",50,"Niet brandend","Daglicht","Droog",\N,\N,"Spoorlaan","Bodegraven","Bodegraven-Reeuwijk","Zuid-Holland",false,52.081704,4.746887,"injury","2","clear",false,1,"GM1901"
"20240076259",2024,"Uitsluitend materiele schade",2,"Personenauto","Fiets","Onbekend","Kruispunt, 4 takken",50,"Niet brandend","Daglicht","Droog",\N,\N,"Sluiskade Noordzijde","Almelo","Almelo","Overijssel",false,52.362038,6.660784,"material damage only","4","clear",false,1,"GM0141"
"20240090122",2024,"Uitsluitend materiele schade",2,"Fiets","Fiets","Frontaal","Rechte weg",50,"Niet brandend","Daglicht","Droog",\N,"600899434","Ter Poorteweg","Koudekerke","Veere","Zeeland",false,51.47641,3.562311,"material damage only","4","clear",false,1,"GM0717"
"20240090755",2024,"Uitsluitend materiele schade",2,"Fiets",\N,"Onbekend","Kruispunt, 3 takken",50,"Niet brandend","Daglicht","Droog",\N,\N,"Stalenbrug","Bergen op Zoom","Bergen op Zoom","Noord-Brabant",false,51.48401,4.295431,"material damage only","4","clear",false,1,"GM0748"
"20240094206",2024,"Uitsluitend materiele schade",2,\N,"Fiets","Flank","Kruispunt, 3 takken",15,"Niet brandend","Daglicht","Droog",\N,\N,"Karbeel","Emmen","Emmen","Drenthe",false,52.779219,6.893659,"material damage only","4","clear",false,1,"GM0114"
"20240094232",2024,"Uitsluitend materiele schade",2,"Personenauto","Fiets","Onbekend","Kruispunt, 3 takken",50,"Brandend","Duisternis",\N,\N,\N,"Nijverheidsweg","Nijmegen","Nijmegen","Gelderland",false,51.852626,5.827708,"material damage only","4","unknown",false,1,"GM0268"
"20240097654",2024,"Uitsluitend materiele schade",2,"Bestelauto","Fiets","Flank","Kruispunt, 4 takken",30,"Niet brandend","Daglicht","Droog",\N,\N,"Maxwellstraat","Amsterdam","Amsterdam","Noord-Holland",false,52.347495,4.929435,"material damage only","4","clear",false,1,"GM0363"
"20240097808",2024,"Uitsluitend materiele schade",3,"Personenauto","Fiets","Vast voorwerp","Kruispunt, 4 takken",50,"Niet brandend","Daglicht","Droog",\N,\N,"Prinses Beatrixlaan","Delft","Delft","Zuid-Holland",false,52.001021,4.348426,"material damage only","4","clear",false,1,"GM0503"
"20240097810",2024,"Letsel",3,"Fiets","Fiets","Flank","Bocht",30,"Niet brandend","Daglicht","Droog",\N,\N,"President Kennedylaan","'s-Gravenhage","'s-Gravenhage","Zuid-Holland",false,52.085338,4.274339,"injury","2","clear",false,1,"GM0518"
"20240098540",2024,"Uitsluitend materiele schade",2,"Fiets","Fiets","Frontaal","Rechte weg",30,"Niet brandend","Daglicht","Droog",\N,"600771296","C.J.van Houtenlaan","Weesp","Amsterdam","Noord-Holland",false,52.303171,5.036735,"material damage only","4","clear",false,1,"GM0363"
"20240098561",2024,"Letsel",2,"Personenauto","Fiets","Flank","Rotonde",50,"Niet brandend","Daglicht","Droog",\N,\N,"Bachstraat","Castricum","Castricum","Noord-Holland",false,52.554767,4.670815,"injury","2","clear",false,1,"GM0383"
"20240088866",2024,"Uitsluitend materiele schade",2,"Personenauto","Fiets","Flank","Kruispunt, 4 takken",30,"Niet brandend","Daglicht","Droog",\N,\N,"EENHOORNSLUIS 0313","Amsterdam","Amsterdam","Noord-Holland",false,52.381372,4.889511,"material damage only","4","clear",false,1,"GM0363"
"20240093224",2024,"Letsel",3,"Personenauto","Fiets","Flank","Kruispunt, 3 takken",50,"Niet brandend","Daglicht","Regen",\N,\N,"Deurningerstraat","Hengelo","Hengelo (O)","Overijssel",false,52.271657,6.802123,"injury","2","rain",false,1,\N
"20240043911",2024,"Dodelijk",2,"Fiets","Fiets","Frontaal","Rechte weg",60,"Niet brandend","Daglicht","Droog",\N,"600609795","Sterkselseweg","Heeze","Heeze-Leende","Noord-Brabant",false,51.362753,5.594272,"fatal","1","clear",false,1,"GM1658"
"20240044541",2024,"Uitsluitend materiele schade",2,"Personenauto","Fiets","Flank","Kruispunt, 4 takken",30,"Niet brandend","Daglicht","Droog",\N,\N,"Parklaan","Eindhoven","Eindhoven","Noord-Brabant",false,51.441916,5.494178,"material damage only","4","clear",false,1,"GM0772"
"20240071538",2024,"Letsel",2,"Fiets","Fiets","Onbekend","Rechte weg",50,"Niet brandend","Daglicht","Droog",\N,"167309009","van de Wateringelaan","Voorburg","Leidschendam-Voorburg","Zuid-Holland",false,52.075834,4.345207,"injury","2","clear",false,1,"GM1916"
"20240093575",2024,"Uitsluitend materiele schade",2,"Fiets","Personenauto","Flank","Kruispunt, 4 takken",50,"Niet brandend","Daglicht","Droog",\N,\N,"Wiekslagen","Almelo","Almelo","Overijssel",false,52.335803,6.647926,"material damage only","4","clear",false,1,"GM0141"
"20240093898",2024,"Uitsluitend materiele schade",2,"Fiets","Fiets","Flank","Kruispunt, 3 takken",50,"Niet brandend","Daglicht","Droog",\N,\N,"Veenweg","Deventer","Deventer","Overijssel",false,52.254633,6.170983,"material damage only","4","clear",false,1,"GM0150"
"20240079830",2024,"Uitsluitend materiele schade",2,"Personenauto","Fiets","Frontaal","Kruispunt, 3 takken",30,"Niet brandend","Daglicht","Droog",\N,\N,"Korte Zijlweg","Overveen","Bloemendaal","Noord-Holland",false,52.388411,4.607681,"material damage only","4","clear",false,1,"GM0377"
"20240088269",2024,"Letsel",2,"Fiets","Fiets","Onbekend","Rechte weg",80,"Niet brandend","Daglicht","Droog",\N,"600546355","Katwijkseweg","Wassenaar","Wassenaar","Zuid-Holland",false,52.158971,4.391103,"injury","2","clear",false,1,"GM0629"
"20240095264",2024,"Letsel",2,"Personenauto","Fiets","Flank","Kruispunt, 4 takken",30,"Brandend","Duisternis","Droog",\N,\N,"Leeuwerikstraat","Drachten","Smallingerland","Friesland",false,53.110264,6.105136,"injury","2","clear",false,1,"GM0090"
"20240101894",2024,"Letsel",1,"Fiets",\N,"Onbekend","Kruispunt, 4 takken",30,"Niet brandend","Daglicht","Droog",\N,\N,"Thull","Schinnen","Beekdaelen","Limburg",false,50.93623,5.894179,"injury","2","clear",false,1,"GM1954"
"20240045556",2024,"Letsel",2,"Personenauto","Fiets","Flank","Kruispunt, 3 takken",80,"Niet aanwezig","Daglicht","Droog",\N,\N,"Graafsebosweg","America","Horst aan de Maas","Limburg",false,51.429785,5.990032,"injury","2","clear",false,1,"GM1507"
"20240072578",2024,"Letsel",2,"Fiets","Fiets","Onbekend","Kruispunt, 4 takken",50,"Niet brandend","Daglicht","Droog",\N,\N,"Anemoonstraat","Helmond","Helmond","Noord-Brabant",false,51.477686,5.673052,"injury","2","clear",false,1,"GM0794"
"20240074098",2024,"Uitsluitend materiele schade",2,"Personenauto","Fiets","Los voorwerp","Kruispunt, 3 takken",80,"Niet brandend","Daglicht","Droog",\N,\N,"EIJSDEN 58","Eijsden","Eijsden-Margraten","Limburg",false,50.769435,5.723596,"material damage only","4","clear",false,1,"GM1903"
"20240074122",2024,"Letsel",1,"Fiets",\N,"Onbekend",\N,50,\N,"Duisternis",\N,\N,"361221003","Langenboomseweg","Mill","Land van Cuijk","Noord-Brabant",false,51.685774,5.762629,"injury","2","unknown",false,1,"GM1982"
"20240079268",2024,"Letsel",2,"Bromfiets","Fiets","Flank",\N,30,"Niet brandend","Daglicht","Droog",\N,\N,"Haarlemmerweg","Leiden","Leiden","Zuid-Holland",false,52.170169,4.49065,"injury","2","clear",false,1,"GM0546"
"20240094004",2024,"Uitsluitend materiele schade",2,"Fiets","Fiets","Flank","Kruispunt, 3 takken",15,"Niet brandend","Daglicht","Droog",\N,\N,"Marktplein","Apeldoorn","Apeldoorn","Gelderland",false,52.215013,5.963732,"material damage only","4","clear",false,1,"GM0200"
"20240094369",2024,"Uitsluitend materiele schade",2,"Bus","Fiets","Flank","Kruispunt, 3 takken",60,"Niet brandend","Daglicht","Droog",\N,"600661625","Riegshoogtendijk","Hollandscheveld","Hoogeveen","Drenthe",false,52.690377,6.532596,"material damage only","4","clear",false,1,"GM0118"
"20240096360",2024,"Uitsluitend materiele schade",2,"Personenauto","Fiets","Onbekend","Bocht",60,"Niet brandend","Daglicht","Droog",\N,"247351010","Winkeldijk","Abcoude","De Ronde Venen","Utrecht",false,52.263803,4.9438,"material damage only","4","clear",false,1,"GM0736"
"20240102083",2024,"Letsel",1,"Fiets",\N,"Eenzijdig","Rechte weg",50,"Brandend","Duisternis","Droog",\N,"402173039","Venrayseweg","Horst","Horst aan de Maas","Limburg",false,51.466616,6.054091,"injury","2","clear",false,1,"GM1507"
"20240102585",2024,"Letsel",1,"Fiets",\N,"Onbekend",\N,50,\N,"Daglicht",\N,\N,"600536239","FIETSPAD","Cadzand","Sluis","Zeeland",false,51.383658,3.408788,"injury","2","unknown",false,1,"GM1714"
"20240102904",2024,"Letsel",2,"Personenauto","Fiets","Flank","Kruispunt, 3 takken",50,"Niet brandend","Daglicht","Droog",\N,\N,"Oude Trambaan","Heythuysen","Leudal","Limburg",false,51.247299,5.893301,"injury","2","clear",false,1,"GM1640"
"20240048627",2024,"Letsel",2,"Personenauto","Fiets","Frontaal","Rechte weg",60,"Niet brandend","Daglicht","Droog",\N,"600763346","Breeveld","Woerden","Woerden","Utrecht",false,52.104931,4.929488,"injury","2","clear",false,1,"GM0632"
"20240071001",2024,"Uitsluitend materiele schade",2,"e-bike","Overig vast object","Vast voorwerp","Rechte weg",50,"Niet brandend","Daglicht","Droog",\N,"161311034","Mauritskade","'s-Gravenhage","'s-Gravenhage","Zuid-Holland",false,52.084017,4.305296,"material damage only","4","clear",false,1,"GM0518"
"20240084486",2024,"Uitsluitend materiele schade",2,"Fiets","Overig wegmeubilair","Vast voorwerp","Kruispunt, 4 takken",50,"Brandend","Daglicht","Droog",\N,\N,"Ceintuurbaan","Deventer","Deventer","Overijssel",false,52.260127,6.169568,"material damage only","4","clear",false,1,"GM0150"
"20240085740",2024,"Letsel",1,"Fiets",\N,"Onbekend","Rechte weg",60,"Niet aanwezig","Schemer","Droog",\N,"427314001","Vierakkersestraatweg","Vierakker","Bronckhorst","Gelderland",false,52.100035,6.245991,"injury","2","clear",false,1,"GM1876"
"20240099297",2024,"Uitsluitend materiele schade",2,"Personenauto","Fiets","Kop/staart","Rechte weg",50,"Brandend","Duisternis","Droog",\N,"601089480","1e Middellandstraat","Rotterdam","Rotterdam","Zuid-Holland",false,51.919317,4.464408,"material damage only","4","clear",false,1,"GM0599"