"accident_id","year","severity_raw","party_count","party1_type","party2_type","accident_type","road_situation","speed_limit_kmh","road_lighting","light_condition_label","weather_raw","infra_type","road_segment_id","street_name","place_name","gemeente_name_raw","province","alcohol_indicated","latitude","longitude","severity_label","severity_code","weather_label","built_up_area","cyclists_involved","gemeente_code"
"20230055603",2023,"Uitsluitend materiele schade",3,"Personenauto","Fiets","Onbekend","Rechte weg",30,"Niet brandend","Daglicht","Droog",\N,"369535020","Stationsweg","Grou","Leeuwarden","Friesland",false,53.094465,5.835451,"material damage only","4","clear",false,1,"GM0080"
"20230060203",2023,"Uitsluitend materiele schade",2,"Fiets","Bromfiets","Frontaal","Rechte weg",\N,"Niet brandend","Daglicht","Droog",\N,"253254132","Spijksedijk","Gorinchem","Gorinchem","Zuid-Holland",false,51.834223,4.980976,"material damage only","4","clear",false,1,"GM0512"
"20230047496",2023,"Letsel",2,"Fiets","Fiets","Flank","Kruispunt, 3 takken",50,"Niet brandend","Daglicht","Droog",\N,\N,"Meerweg","Bennebroek","Bloemendaal","Noord-Holland",false,52.318883,4.608524,"injury","2","clear",false,1,"GM0377"
"20230049256",2023,"Letsel",2,"Personenauto","Fiets","Flank","Kruispunt, 4 takken",50,"Niet brandend","Daglicht","Droog",\N,\N,"Noordsingel","Leidschendam","Leidschendam-Voorburg","Zuid-Holland",false,52.088316,4.387863,"injury","2","clear",false,1,"GM1916"
"20230059769",2023,"Uitsluitend materiele schade",2,"Bromfiets","Fiets","Kop/staart","Rechte weg",50,"Niet brandend","Daglicht","Droog","Brug/viaduct","600613569","De Ruijterkade","Amsterdam","Amsterdam","Noord-Holland",false,52.377759,4.909748,"material damage only","4","clear",false,1,"GM0363"
"20240127542",2024,"Uitsluitend materiele schade",2,"Fiets","Brommobiel","Frontaal","Rechte weg",50,"Brandend","Schemer","Droog",\N,\N,"Zuidelijke Parallelweg","Westervoort","Westervoort","Gelderland",false,51.960828,5.971562,"material damage only","4","clear",false,1,"GM0293"
"20230065738",2023,"Letsel",2,"Fiets","Boom","Vast voorwerp","Rechte weg",50,"Niet aanwezig","Daglicht","Droog",\N,"527502009","Marktstraat","Musselkanaal","Stadskanaal","Groningen",false,52.934971,7.008033,"injury","2","clear",false,1,"GM0037"
"20230052177",2023,"Letsel",2,"Fiets","Fiets","Onbekend","Rechte weg",80,\N,"Daglicht",\N,\N,\N,"Trambaan","Strijen","Hoeksche Waard","Zuid-Holland",false,51.769802,4.554248,"injury","2","unknown",false,1,"GM1963"
"20230053945",2023,"Uitsluitend materiele schade",2,"Personenauto","Fiets","Flank","Kruispunt, 3 takken",50,"Niet brandend","Daglicht","Droog",\N,\N,"Mgr. Zwijsenlaan","Budel","Cranendonck","Noord-Brabant",false,51.265925,5.571914,"material damage only","4","clear",false,1,"GM1706"
"20230060744",2023,"Uitsluitend materiele schade",2,"Bromfiets","Fiets","Geparkeerd voertuig","Rechte weg",30,"Niet brandend","Daglicht","Droog",\N,"209261125","Nedersassen","Alblasserdam","Alblasserdam","Zuid-Holland",false,51.863013,4.658488,"material damage only","4","clear",false,1,"GM0482"
"20230064558",2023,"Uitsluitend materiele schade",2,"Personenauto","e-bike","Onbekend","Kruispunt, 4 takken",30,"Niet brandend","Daglicht","Droog",\N,\N,"De Stoeken","Drachten","Smallingerland","Friesland",false,53.103557,6.120153,"material damage only","4","clear",false,1,"GM0090"
"20230066068",2023,"Uitsluitend materiele schade",2,"Personenauto","e-bike","Flank","Kruispunt, 4 takken",30,"Niet brandend","Daglicht","Droog",\N,\N,"Deijlerweg","Wassenaar","Wassenaar","Zuid-Holland",false,52.145399,4.418822,"material damage only","4","clear",false,1,"GM0629"
"20230037670",2023,"Letsel",2,"Motor","Fiets","Flank","Kruispunt, 4 takken",50,"Niet brandend","Daglicht","Droog",\N,\N,"Ringweg-Randenbroek","Amersfoort","Amersfoort","Utrecht",false,52.150969,5.407585,"injury","2","clear",false,1,"GM0307"
"20230046985",2023,"Letsel",2,"Fiets","Fiets","Kop/staart","Rechte weg",30,"Niet brandend","Schemer","Droog",\N,"205376103","Westergracht","Haarlem","Haarlem","Noord-Holland",false,52.377572,4.622581,"injury","2","clear",false,1,"GM0392"
"20230049900",2023,"Letsel",2,"Bromfiets","Fiets","Onbekend","Rechte weg",50,"Niet brandend","Daglicht","Harde windstoten",\N,"600917941","Escamplaan","'s-Gravenhage","'s-Gravenhage","Zuid-Holland",false,52.06288,4.271897,"injury","2","unknown",false,1,"GM0518"
"20230065930",2023,"Letsel",2,"Fiets","Fiets","Onbekend","Rechte weg",30,"Niet brandend","Daglicht","Droog",\N,\N,"Sigmaplantsoen","Leiden","Leiden","Zuid-Holland",false,52.143149,4.493342,"injury","2","clear",false,1,"GM0546"
"20230049926",2023,"Uitsluitend materiele schade",2,"Bromfiets","Fiets","Flank","Kruispunt, 3 takken",50,"Niet brandend","Daglicht","Droog",\N,\N,"Copernicuslaan","'s-Gravenhage","'s-Gravenhage","Zuid-Holland",false,52.073252,4.267656,"material damage only","4","clear",false,1,"GM0518"
"20230049934",2023,"Letsel",2,"Personenauto","Fiets","Flank","Rechte weg",50,"Brandend","Duisternis","Droog",\N,"600719969","Laan van Nieuw Oosteinde","Voorburg","Leidschendam-Voorburg","Zuid-Holland",false,52.073471,4.35101,"injury","2","clear",false,1,"GM1916"
"20230050500",2023,"Letsel",2,"Personenauto","Fiets","Geparkeerd voertuig","Rechte weg",50,"Niet brandend","Daglicht","Droog","Parkeervoorziening","157302037","Melis Stokelaan","'s-Gravenhage","'s-Gravenhage","Zuid-Holland",false,52.045078,4.277835,"injury","2","clear",false,1,"GM0518"
"20230053417",2023,"Uitsluitend materiele schade",2,"Personenauto","Fiets","Onbekend","Rechte weg",30,"Niet brandend","Daglicht","Droog",\N,"600458102","Montessoriweg","Rotterdam","Rotterdam","Zuid-Holland",false,51.886848,4.493784,"material damage only","4","clear",false,1,"GM0599"
"20230054594",2023,"Uitsluitend materiele schade",2,"Personenauto","Fiets","Eenzijdig","Kruispunt, 3 takken",50,"Niet brandend","Daglicht","Droog",\N,\N,"Burg van Erpstraat","Berghem","Oss","Noord-Brabant",false,51.773969,5.565202,"material damage only","4","clear",false,1,"GM0828"
"20230056887",2023,"Uitsluitend materiele schade",2,"Bromfiets","Fiets","Flank","Kruispunt, 3 takken",30,"Niet brandend","Daglicht","Droog",\N,\N,"Nijverheidstraat","Enschede","Enschede","Overijssel",false,52.219122,6.891749,"material damage only","4","clear",false,1,"GM0153"
"20230065521",2023,"Letsel",2,"Fiets","e-bike","Flank","Kruispunt, 4 takken",50,"Niet brandend","Daglicht","Droog",\N,\N,"Buitenwoellaan","Veendam","Veendam","Groningen",false,53.108637,6.871065,"injury","2","clear",false,1,"GM0047"
"20240129180",2024,"Uitsluitend materiele schade",2,"Personenauto","Fiets","Flank","Kruispunt, 3 takken",30,"Niet brandend","Daglicht","Droog",\N,\N,"Johan de Wittlaan","Woerden","Woerden","Utrecht",false,52.08679,4.893145,"material damage only","4","clear",false,1,"GM0632"
"20240129281",2024,"Uitsluitend materiele schade",2,"Bestelauto","Fiets","Flank","Kruispunt, 3 takken",30,"Niet brandend","Daglicht","Droog",\N,\N,"Kon Wilhelminastraat","Bunnik","Bunnik","Utrecht",false,52.065425,5.209349,"material damage only","4","clear",false,1,"GM0312"
"20240129609",2024,"Uitsluitend materiele schade",2,"Personenauto","Fiets","Flank","Kruispunt, 4 takken",50,"Niet brandend","Daglicht","Regen",\N,\N,"Zandheuvelweg","Baarn","Baarn","Utrecht",false,52.220841,5.222744,"material damage only","4","rain",false,1,"GM0308"
"20240129872",2024,"Letsel",2,"Fiets","Snorfiets","Onbekend","Rechte weg",50,"Niet brandend","Daglicht","Droog/Mist",\N,"600913897","Vondellaan","Utrecht","Utrecht","Utrecht",false,52.0785,5.116218,"injury","2","unknown",false,1,"GM0344"
"20230040595",2023,"Letsel",1,"Fiets",\N,"Eenzijdig","Rechte weg",30,"Niet brandend","Daglicht","Droog",\N,"600712650","Dijkweg","Honselersdijk","Westland","Zuid-Holland",false,52.003931,4.222835,"injury","2","clear",false,1,"GM1783"
"20230044102",2023,"Uitsluitend materiele schade",1,"Fiets",\N,"Onbekend","Bocht",50,"Niet brandend","Daglicht","Droog",\N,"478373013","Schuilenburglaan","Almelo","Almelo","Overijssel",false,52.361513,6.626341,"material damage only","4","clear",false,1,"GM0141"
"20230044702",2023,"Uitsluitend materiele schade",2,"Personenauto","Fiets","Flank","Rotonde",50,"Niet brandend","Daglicht","Droog",\N,\N,"Beekhuizenseweg","Velp","Rheden","Gelderland",false,51.999442,5.987218,"material damage only","4","clear",false,1,"GM0275"
"20230045884",2023,"Uitsluitend materiele schade",2,"Snorfiets","Fiets","Flank","Kruispunt, 3 takken",30,"Niet brandend","Daglicht","Droog",\N,\N,"Zweedsestraat","Deventer","Deventer","Overijssel",false,52.24828,6.202328,"material damage only","4","clear",false,1,"GM0150"
"20230048236",2023,"Uitsluitend materiele schade",2,"Personenauto","Fiets","Onbekend","Rotonde",50,"Niet brandend","Daglicht","Droog",\N,\N,"Euregioweg","Enschede","Enschede","Overijssel",false,52.22024,6.939623,"material damage only","4","clear",false,1,"GM0153"
"20240129534",2024,"Letsel",2,"Fiets","Personenauto","Frontaal","Kruispunt, 3 takken",30,"Niet brandend","Daglicht","Droog",\N,\N,"Strandmeer","Houten","Houten","Utrecht",false,52.024505,5.188351,"injury","2","clear",false,1,"GM0321"
"20230037775",2023,"Letsel",2,"Fiets","Personenauto","Onbekend","Rotonde",50,"Niet brandend","Daglicht","Droog",\N,\N,"Bloemendaalseweg","Overveen","Bloemendaal","Noord-Holland",false,52.392273,4.609636,"injury","2","clear",false,1,"GM0377"
"20230045297",2023,"Uitsluitend materiele schade",2,"Personenauto","Fiets","Flank","Kruispunt, 4 takken",50,"Niet brandend","Daglicht","Droog",\N,\N,"Oliemolensingel","Enschede","Enschede","Overijssel",false,52.216946,6.91113,"material damage only","4","clear",false,1,"GM0153"
"20230050583",2023,"Uitsluitend materiele schade",2,"Personenauto","e-bike","Flank","Rotonde",50,"Niet brandend","Daglicht","Droog",\N,\N,"Zuidtangent","Heerhugowaard","Dijk en Waard","Noord-Holland",false,52.665888,4.826457,"material damage only","4","clear",false,1,"GM1980"
"20240130891",2024,"Uitsluitend materiele schade",2,"Personenauto","e-bike","Flank","Rotonde",50,"Niet brandend","Daglicht","Droog",\N,\N,"Zuidtangent","Heerhugowaard","Dijk en Waard","Noord-Holland",false,52.665627,4.827039,"material damage only","4","clear",false,1,"GM1980"
"20240131256",2024,"Uitsluitend materiele schade",2,"Fiets","Fiets","Flank","Rechte weg",30,"Brandend","Duisternis","Droog",\N,"237378028","Contactweg","Amsterdam","Amsterdam","Noord-Holland",false,52.392016,4.855496,"material damage only","4","clear",false,1,"GM0363"
"20240132532",2024,"Letsel",1,"Fiets",\N,"Onbekend","Rechte weg",50,"Brandend","Schemer","Droog",\N,\N,"Segbroeklaan","'s-Gravenhage","'s-Gravenhage","Zuid-Holland",false,52.079022,4.261528,"injury","2","clear",false,1,"GM0518"
"20230038400",2023,"Uitsluitend materiele schade",2,"Personenauto","Fiets","Flank","Kruispunt, 3 takken",50,"Niet brandend","Daglicht","Droog",\N,\N,"Houtlaan","Nijmegen","Nijmegen","Gelderland",false,51.816413,5.865647,"material damage only","4","clear",false,1,"GM0268"
"20230039549",2023,"Letsel",1,"Fiets",\N,"Eenzijdig","Bocht",\N,"Niet brandend","Daglicht","Droog",\N,"241372099","Weteringschans","Amsterdam","Amsterdam","Noord-Holland",false,52.361325,4.88681,"injury","2","clear",false,1,"GM0363"
"20230047694",2023,"Uitsluitend materiele schade",2,"Fiets","Fiets","Frontaal","Rechte weg",\N,"Niet aanwezig","Daglicht","Droog",\N,\N,"Slufterweg","De Cocksdorp","Texel","Noord-Holland",false,53.130935,4.816959,"material damage only","4","clear",false,1,"GM0448"
"20230051788",2023,"Uitsluitend materiele schade",2,"Vrachtauto","Fiets","Flank","Rechte weg",30,"Niet brandend","Daglicht","Droog",\N,\N,"De Ruyterstraat","Capelle aan den IJssel","Capelle aan den IJssel","Zuid-Holland",false,51.914586,4.574777,"material damage only","4","clear",false,1,"GM0502"
"20230054701",2023,"Letsel",3,"Personenauto","e-bike","Flank","Kruispunt, 4 takken",30,"Niet brandend","Daglicht","Droog",\N,\N,"Kasteel Hillenraedtstr","Roermond","Roermond","Limburg",false,51.189952,6.007782,"injury","2","clear",false,1,"GM0957"
"20230055851",2023,"Letsel",2,"Motor","Fiets","Flank","Rechte weg",50,"Niet brandend","Daglicht","Droog",\N,"468561068","Hereweg","Groningen","Groningen","Groningen",false,53.207245,6.573161,"injury","2","clear",false,1,"GM0014"
"20230056423",2023,"Uitsluitend materiele schade",2,"Personenauto","Fiets","Flank","Kruispunt, 4 takken",60,"Niet brandend","Daglicht","Droog",\N,\N,"Eekstraat","Doesburg","Doesburg","Gelderland",false,52.035895,6.166821,"material damage only","4","clear",false,1,"GM0221"
"20240132843",2024,"Letsel",2,"Fiets","Los voorwerp","Los voorwerp","Rechte weg",50,"Niet brandend","Daglicht","Droog",\N,"158307078","Dierenselaan","'s-Gravenhage","'s-Gravenhage","Zuid-Holland",false,52.066089,4.282506,"injury","2","clear",false,1,"GM0518"
"20240132947",2024,"Letsel",2,"Personenauto","Fiets","Flank","Kruispunt, 3 takken",30,"Niet brandend","Daglicht","Droog",\N,\N,"Dr H. Colijnlaan","Rijswijk","Rijswijk","Zuid-Holland",false,52.041513,4.319562,"injury","2","clear",false,1,\N
"20240132997",2024,"Letsel",2,"Fiets","Snorfiets","Flank","Rechte weg",50,"Brandend","Schemer","Droog",\N,"600520503","Kokshornlaan","Wassenaar","Wassenaar","Zuid-Holland",false,52.157285,4.397134,"injury","2","clear",false,1,"GM0629"
"20230040727",2023,"Letsel",2,"Fiets","Fiets","Flank","Kruispunt, 3 takken",15,"Niet brandend","Daglicht","Droog",\N,\N,"Gooimeerlaan","Leiden","Leiden","Zuid-Holland",false,52.172681,4.498876,"injury","2","clear",false,1,"GM0546"
"20220226841",2022,"Letsel",2,"Personenauto","Fiets","Flank","Kruispunt, 4 takken",50,"Brandend","Duisternis","Droog",\N,\N,"Stationsweg","Geertruidenberg","Geertruidenberg","Noord-Brabant",false,51.699506,4.864604,"injury","2","clear",false,1,"GM0779"
"20220230547",2022,"Uitsluitend materiele schade",2,"Personenauto","Fiets","Onbekend","Rotonde",50,"Niet brandend","Daglicht","Droog",\N,\N,"Meterikseweg","Horst","Horst aan de Maas","Limburg",false,51.458014,6.047319,"material damage only","4","clear",false,1,"GM1507"
"20220198803",2022,"Uitsluitend materiele schade",1,"Fiets",\N,"Onbekend","Kruispunt, 4 takken",\N,"Niet brandend","Daglicht","Droog","Bus-/Tramhalte",\N,"Johnny van Doornplein","Arnhem","Arnhem","Gelderland",false,51.982937,5.91246,"material damage only","4","clear",false,1,"GM0202"
"20220230584",2022,"Uitsluitend materiele schade",3,"Personenauto","e-bike","Flank","Rotonde",50,"Niet brandend","Daglicht","Droog",\N,\N,"Broekhin Noord","Roermond","Roermond","Limburg",false,51.212355,6.016123,"material damage only","4","clear",false,1,"GM0957"
"20220198839",2022,"Uitsluitend materiele schade",2,"Personenauto","Fiets","Flank","Kruispunt, 4 takken",50,"Niet brandend","Daglicht","Droog",\N,\N,"Joost van den Vondellaan","Deventer","Deventer","Overijssel",false,52.269995,6.140364,"material damage only","4","clear",false,1,"GM0150"
"20220210943",2022,"Letsel",2,"Fiets","Fiets","Frontaal","Rechte weg",50,"Brandend","Duisternis","Droog",\N,"239372085","Overtoom","Amsterdam","Amsterdam","Noord-Holland",false,52.361724,4.871543,"injury","2","clear",false,1,"GM0363"
"20220215200",2022,"Letsel",2,"Personenauto","Fiets","Flank","Rotonde",50,"Niet brandend","Daglicht","Droog",\N,\N,"Parkweg","Voorburg","Leidschendam-Voorburg","Zuid-Holland",false,52.07567,4.373469,"injury","2","clear",false,1,"GM1916"
"20220216665",2022,"Uitsluitend materiele schade",3,"Personenauto","Fiets","Onbekend","Rechte weg",50,"Niet brandend","Daglicht","Droog",\N,"600105423","Kamperfoeliestraat","'s-Gravenhage","'s-Gravenhage","Zuid-Holland",false,52.067675,4.269666,"material damage only","4","clear",false,1,"GM0518"
"20220217324",2022,"Letsel",2,"Fiets","Fiets","Onbekend","Rechte weg",30,"Niet brandend","Daglicht","Droog",\N,"186327071","Noordeinde","Leiden","Leiden","Zuid-Holland",false,52.160223,4.484113,"injury","2","clear",false,1,"GM0546"
"20220219451",2022,"Letsel",2,"Personenauto","Fiets","Flank","Kruispunt, 3 takken",50,"Niet brandend","Daglicht","Droog",\N,\N,"Noordeindseweg","Berkel en Rodenrijs","Lansingerland","Zuid-Holland",false,52.030444,4.477879,"injury","2","clear",false,1,"GM1621"
"20220230653",2022,"Uitsluitend materiele schade",2,"Personenauto","Fiets","Flank","Kruispunt, 3 takken",50,"Niet brandend","Daglicht","Droog",\N,\N,"Ir. Rocourstraat","Eijsden","Eijsden-Margraten","Limburg",false,50.771144,5.714889,"material damage only","4","clear",false,1,"GM1903"
"20220202295",2022,"Letsel",2,"Fiets","Los voorwerp","Los voorwerp","Rechte weg",50,"Niet brandend","Daglicht","Droog",\N,"283339031","Soestdijkerstraatweg","Hilversum","Hilversum","Noord-Holland",false,52.214388,5.19369,"injury","2","clear",false,1,"GM0402"
"20220216682",2022,"Letsel",2,"Personenauto","Fiets","Flank","Kruispunt, 4 takken",30,"Niet brandend","Daglicht",\N,\N,\N,"Dunantlaan","Reeuwijk","Bodegraven-Reeuwijk","Zuid-Holland",false,52.045746,4.722733,"injury","2","unknown",false,1,"GM1901"
"20220217384",2022,"Letsel",1,"Fiets",\N,"Eenzijdig","Rechte weg",15,"Brandend","Duisternis","Sneeuw/Hagel",\N,"600371729","Pieterskerkhof","Leiden","Leiden","Zuid-Holland",false,52.157956,4.487797,"injury","2","unknown",false,1,"GM0546"
"20220218123",2022,"Letsel",2,"Bestelauto","Fiets","Flank","Kruispunt, 3 takken",50,"Brandend","Duisternis","Droog",\N,\N,"Laan van Oversteen","Rijswijk","Rijswijk","Zuid-Holland",false,52.050462,4.347715,"injury","2","clear",false,1,\N
"20220226170",2022,"Uitsluitend materiele schade",2,"Personenauto","Fiets","Flank","Kruispunt, 3 takken",50,"Niet brandend","Daglicht","Droog",\N,\N,"Burg Schneiderlaan","Roosendaal","Roosendaal","Noord-Brabant",false,51.531796,4.475579,"material damage only","4","clear",false,1,"GM1674"
"20220228155",2022,"Uitsluitend materiele schade",1,"Fiets",\N,"Onbekend","Rechte weg",50,"Brandend","Duisternis","Droog",\N,"600136708","Vestdijk","Eindhoven","Eindhoven","Noord-Brabant",false,51.437303,5.48306,"material damage only","4","clear",false,1,"GM0772"
"20220199036",2022,"Uitsluitend materiele schade",2,"Trekker","Fiets","Flank","Kruispunt, 4 takken",50,"Niet brandend","Daglicht","Droog",\N,\N,"Wierdensestraat","Almelo","Almelo","Overijssel",false,52.355285,6.6535,"material damage only","4","clear",false,1,"GM0141"
"20220200370",2022,"Uitsluitend materiele schade",2,"Personenauto","Fiets","Flank","Rotonde",50,"Brandend","Duisternis","Regen",\N,\N,"de Bongerd","Doetinchem","Doetinchem","Gelderland",false,51.960531,6.259049,"material damage only","4","rain",false,1,"GM0222"
"20220206600",2022,"Uitsluitend materiele schade",2,"Personenauto","Fiets","Flank","Kruispunt, 3 takken",50,"Niet brandend","Daglicht","Droog",\N,\N,"Heilooërdijk","Alkmaar","Alkmaar","Noord-Holland",false,52.621843,4.735411,"material damage only","4","clear",false,1,"GM0361"
"20220209882",2022,"Letsel",2,"Personenauto","e-bike","Flank","Rechte weg",50,"Niet brandend","Daglicht","Droog","Bus-/Tramhalte",\N,"Gooimeer","Purmerend","Purmerend","Noord-Holland",true,52.494092,4.970453,"injury","2","clear",false,1,"GM0439"
"20220220327",2022,"Uitsluitend materiele schade",2,"Personenauto","Fiets","Flank","Kruispunt, 4 takken",50,"Brandend","Duisternis","Droog",\N,\N,"Oostplein","Rotterdam","Rotterdam","Zuid-Holland",false,51.92301,4.498242,"material damage only","4","clear",false,1,"GM0599"
"20220225421",2022,"Letsel",2,"Personenauto","e-bike","Flank","Kruispunt, 4 takken",50,"Niet brandend","Daglicht","Droog",\N,\N,"Burg. Verwielstraat","Oisterwijk","Oisterwijk","Noord-Brabant",false,51.579301,5.194834,"injury","2","clear",false,1,"GM0824"
"20220228935",2022,"Uitsluitend materiele schade",2,"Fiets","Personenauto","Flank","Rotonde",50,"Niet brandend","Daglicht","Droog",\N,\N,"Kapperdoesweg","Nuenen","Nuenen, Gerwen en Nederwetten","Noord-Brabant",false,51.468639,5.535312,"material damage only","4","clear",false,1,"GM0820"
"20220204008",2022,"Letsel",2,"e-bike","e-bike","Onbekend","Bocht",60,"Brandend","Duisternis","Regen",\N,"600560560","Gr v L v Sandenburgwg","Werkhoven","Bunnik","Utrecht",false,52.030357,5.241306,"injury","2","rain",false,1,"GM0312"
"20220210100",2022,"Letsel",2,"Personenauto","Fiets","Kop/staart","Rechte weg",30,"Brandend","Duisternis","Droog",\N,"600363084","Spuistraat","Amsterdam","Amsterdam","Noord-Holland",false,52.374712,4.890643,"injury","2","clear",false,1,"GM0363"
"20220220393",2022,"Uitsluitend materiele schade",2,"Fiets","Fiets","Flank","Kruispunt, 3 takken",50,"Niet brandend","Daglicht","Droog",\N,\N,"Blaak","Rotterdam","Rotterdam","Zuid-Holland",false,51.919473,4.488386,"material damage only","4","clear",false,1,"GM0599"
"20220227442",2022,"Letsel",1,"Fiets",\N,"Eenzijdig",\N,60,\N,"Duisternis",\N,\N,"316207036","Toon Bolsiusstraat","Schijndel","Meierijstad","Noord-Brabant",false,51.621737,5.432059,"injury","2","unknown",false,1,"GM1948"
"20220228277",2022,"Uitsluitend materiele schade",2,"Bromfiets","Fiets","Frontaal","Rechte weg",\N,"Brandend","Duisternis","Droog",\N,"600257124","Mispelhoefstraat","Eindhoven","Eindhoven","Noord-Brabant",false,51.472054,5.406556,"material damage only","4","clear",false,1,"GM0772"
"20220215376",2022,"Uitsluitend materiele schade",2,"Bestelauto","Fiets","Onbekend","Rechte weg",\N,"Niet brandend","Daglicht","Droog",\N,"161310061","Molenstraat","'s-Gravenhage","'s-Gravenhage","Zuid-Holland",false,52.080103,4.307142,"material damage only","4","clear",false,1,"GM0518"
"20220220438",2022,"Uitsluitend materiele schade",2,"Personenauto","Fiets","Flank","Rotonde",50,"Niet brandend","Daglicht","Droog",\N,\N,"Eikenlaan","Spijkenisse","Nissewaard","Zuid-Holland",false,51.84185,4.331052,"material damage only","4","clear",false,1,"GM1930"
"20220221822",2022,"Uitsluitend materiele schade",1,"Fiets",\N,"Onbekend","Bocht",\N,"Niet brandend","Daglicht","Droog",\N,"600503194","Van Cittersstraat","Rotterdam","Rotterdam","Zuid-Holland",false,51.919225,4.447416,"material damage only","4","clear",false,1,"GM0599"
"20220228343",2022,"Uitsluitend materiele schade",2,"Bromfiets","Fiets","Flank","Kruispunt, 4 takken",30,"Niet brandend","Daglicht","Droog",\N,\N,"Titus Brandsmalaan","Oss","Oss","Noord-Brabant",false,51.75518,5.530741,"material damage only","4","clear",false,1,"GM0828"
"20220213881",2022,"Letsel",1,"Fiets",\N,"Eenzijdig","Rechte weg",\N,"Brandend","Duisternis","Droog",\N,"600533369","FIETSPAD","'s-Gravenhage","'s-Gravenhage","Zuid-Holland",false,52.038863,4.239339,"injury","2","clear",false,1,"GM0518"
"20220217537",2022,"Letsel",2,"Fiets","Boom","Vast voorwerp","Rechte weg",30,"Brandend","Duisternis","Droog",\N,"159315002","Haringkade","'s-Gravenhage","'s-Gravenhage","Zuid-Holland",false,52.101635,4.293476,"injury","2","clear",false,1,"GM0518"
"20220231710",2022,"Letsel",2,"Personenauto","Fiets","Flank","Kruispunt, 4 takken",\N,"Niet brandend","Daglicht","Droog",\N,\N,"Frans van de Laarplein","Maastricht","Maastricht","Limburg",false,50.856342,5.673866,"injury","2","clear",false,1,"GM0935"
"20220204160",2022,"Uitsluitend materiele schade",2,"Fiets","Personenauto","Flank","Kruispunt, 3 takken",30,"Niet brandend","Daglicht","Droog",\N,\N,"Jan Wolkerssingel","Utrecht","Utrecht","Utrecht",false,52.097195,5.062292,"material damage only","4","clear",false,1,"GM0344"
"20220126284",2022,"Dodelijk",3,"e-bike","Personenauto","Onbekend","Kruispunt, 4 takken",50,"Brandend","Duisternis","Droog",\N,\N,"Menuetstraat","'s-Gravenhage","'s-Gravenhage","Zuid-Holland",false,52.05594,4.227275,"fatal","1","clear",false,1,"GM0518"
"20220210469",2022,"Uitsluitend materiele schade",2,"Personenauto","Fiets","Flank","Rechte weg",50,"Niet brandend","Daglicht","Droog",\N,"230375140","De Savornin Lohmanstraat","Amsterdam","Amsterdam","Noord-Holland",false,52.375343,4.800165,"material damage only","4","clear",false,1,"GM0363"
"20220217602",2022,"Letsel",1,"Fiets",\N,"Eenzijdig","Rechte weg",30,"Niet brandend","Schemer","Droog",\N,"190325021","Kasteelhof","Leiden","Leiden","Zuid-Holland",false,52.150196,4.513175,"injury","2","clear",false,1,"GM0546"
"20220221949",2022,"Letsel",3,"Bus","Fiets","Flank","Kruispunt, 4 takken",30,"Brandend","Duisternis","Regen",\N,\N,"Stationsweg","Dirksland","Goeree-Overflakkee","Zuid-Holland",false,51.750444,4.100249,"injury","2","rain",false,1,"GM1924"
"20220222597",2022,"Uitsluitend materiele schade",2,"Personenauto","Fiets","Onbekend",\N,50,\N,"Daglicht",\N,\N,"600418056","1e Middellandstraat","Rotterdam","Rotterdam","Zuid-Holland",false,51.918623,4.461033,"material damage only","4","unknown",false,1,"GM0599"
"20220224780",2022,"Letsel",2,"Personenauto","Fiets","Onbekend",\N,\N,\N,"Daglicht",\N,\N,"64178043","Torenweg","Middelburg","Middelburg","Zeeland",false,51.478437,3.618378,"injury","2","unknown",false,1,\N
"20220203439",2022,"Letsel",2,"Personenauto","Fiets","Flank","Rotonde",50,"Niet brandend","Schemer","Droog",\N,\N,"Dr. Abraham Kuyperlaan","Amersfoort","Amersfoort","Utrecht",false,52.148332,5.368217,"injury","2","clear",false,1,"GM0307"
"20220226450",2022,"Uitsluitend materiele schade",2,"Personenauto","Fiets","Flank","Kruispunt, 4 takken",50,"Niet brandend","Daglicht","Droog",\N,\N,"Kamperfoeliestraat","Bergen op Zoom","Bergen op Zoom","Noord-Brabant",false,51.493835,4.304641,"material damage only","4","clear",false,1,"GM0748"
"20220202700",2022,"Uitsluitend materiele schade",2,"Personenauto","Fiets","Frontaal","Rotonde",50,"Niet brandend","Schemer","Droog",\N,\N,"Griftlaan","Zeist","Zeist","Utrecht",false,52.08505,5.224329,"material damage only","4","clear",false,1,"GM0355"
"20220228492",2022,"Uitsluitend materiele schade",2,"e-bike","Voetganger","Voetganger","Kruispunt, 3 takken",30,"Brandend","Duisternis","Droog",\N,\N,"Kasteel-Noord","Helmond","Helmond","Noord-Brabant",false,51.487083,5.656974,"material damage only","4","clear",false,1,"GM0794"
"20220228501",2022,"Uitsluitend materiele schade",2,"Personenauto","Fiets","Flank","Kruispunt, 4 takken",30,"Niet brandend","Daglicht","Droog",\N,\N,"Theerestraat","Sint-Michielsgestel","Sint-Michielsgestel","Noord-Brabant",false,51.63824,5.346934,"material damage only","4","clear",false,1,"GM0845"
"20220229906",2022,"Letsel",2,"Bromfiets","Fiets","Frontaal","Rechte weg",30,"Brandend","Duisternis","Regen",\N,"600955987","De Leest","Veghel","Meierijstad","Noord-Brabant",false,51.611121,5.538776,"injury","2","rain",false,1,"GM1948"