"accident_id","year","severity_raw","party_count","party1_type","party2_type","accident_type","road_situation","speed_limit_kmh","road_lighting","light_condition_label","weather_raw","infra_type","road_segment_id","street_name","place_name","gemeente_name_raw","province","alcohol_indicated","latitude","longitude","severity_label","severity_code","weather_label","built_up_area","cyclists_involved","gemeente_code"
"20220199334",2022,"Uitsluitend materiele schade",2,"Personenauto","Fiets","Onbekend","Kruispunt, 3 takken",50,"Niet brandend","Daglicht","Droog",\N,\N,"Burgemeester Bosmastraat","Winterswijk","Winterswijk","Gelderland",false,51.974318,6.720061,"material damage only","4","clear",false,1,"GM0294"
"20220215606",2022,"Letsel",1,"Fiets",\N,"Eenzijdig",\N,50,\N,"Duisternis",\N,\N,\N,"Wilgenstraat","Roelofarendsveen","Kaag en Braassem","Zuid-Holland",false,52.203463,4.631407,"injury","2","unknown",false,1,"GM1884"
"20220216343",2022,"Uitsluitend materiele schade",2,"Fiets","Fiets","Kop/staart","Rechte weg",50,"Niet brandend","Daglicht","Droog","Tunnel","600719855","Pierre van Hauwelaan","Delft","Delft","Zuid-Holland",false,51.996049,4.348915,"material damage only","4","clear",false,1,"GM0503"
"20220202791",2022,"Letsel",2,"Fiets","Fiets","Frontaal","Rechte weg",30,"Brandend","Duisternis","Droog",\N,"311328048","Liendertseweg","Amersfoort","Amersfoort","Utrecht",false,52.167269,5.40108,"injury","2","clear",false,1,"GM0307"
"20220217076",2022,"Letsel",2,"Bestelauto","Fiets","Eenzijdig","Rechte weg",30,"Niet brandend","Daglicht","Droog",\N,"173310099","Dokter Huijserstraat","Leidschendam","Leidschendam-Voorburg","Zuid-Holland",false,52.080072,4.392584,"injury","2","clear",false,1,"GM1916"
"20220220010",2022,"Letsel",2,"Personenauto","Fiets","Flank","Kruispunt, 4 takken",50,"Brandend","Duisternis","Droog",\N,\N,"Hekelingseweg","Spijkenisse","Nissewaard","Zuid-Holland",false,51.842233,4.330996,"injury","2","clear",false,1,"GM1930"
"20220224990",2022,"Uitsluitend materiele schade",2,"Bromfiets","Fiets","Frontaal","Rechte weg",30,"Niet brandend","Daglicht","Droog",\N,"600620864","Nieuwe Kadijk","Breda","Breda","Noord-Brabant",false,51.600877,4.78083,"material damage only","4","clear",false,1,"GM0758"
"20220210689",2022,"Uitsluitend materiele schade",1,"Fiets",\N,"Flank","Kruispunt, 4 takken",\N,"Brandend","Duisternis","Droog",\N,\N,"Eef Kamerbeekstraat","Amsterdam","Amsterdam","Noord-Holland",false,52.373585,4.962693,"material damage only","4","clear",false,1,"GM0363"
"20220225040",2022,"Uitsluitend materiele schade",3,"Personenauto","Fiets","Onbekend","Kruispunt, 4 takken",50,"Niet brandend","Schemer",\N,\N,\N,"Lage Witsiebaan","Tilburg","Tilburg","Noord-Brabant",false,51.573067,5.061806,"material damage only","4","unknown",false,1,"GM0855"
"20220207202",2022,"Letsel",2,"Personenauto","e-bike","Flank","Rechte weg",30,"Brandend","Duisternis","Droog",\N,"227368020","Akerdijk","Badhoevedorp","Haarlemmermeer","Noord-Holland",false,52.344555,4.783191,"injury","2","clear",false,1,"GM0394"
"20220208837",2022,"Uitsluitend materiele schade",2,"Personenauto","e-bike","Flank","Kruispunt, 3 takken",30,"Niet brandend","Daglicht","Regen",\N,\N,"Van Oldenbarneveltlaan","Haarlem","Haarlem","Noord-Holland",false,52.362937,4.620339,"material damage only","4","rain",false,1,"GM0392"
"20220221502",2022,"Uitsluitend materiele schade",2,"Personenauto","Fiets","Flank","Rotonde",50,"Brandend","Duisternis","Regen",\N,\N,"Edisonweg","Alblasserdam","Alblasserdam","Zuid-Holland",false,51.859169,4.675065,"material damage only","4","rain",false,1,"GM0482"
"20220230408",2022,"Uitsluitend materiele schade",2,"Personenauto","Fiets","Geparkeerd voertuig","Kruispunt, 3 takken",30,"Niet brandend","Daglicht","Regen","Parkeervoorziening",\N,"Blekersveld","Venray","Venray","Limburg",false,51.526549,5.97209,"material damage only","4","rain",false,1,"GM0984"
"20220211446",2022,"Letsel",2,"Motor","Fiets","Flank","Kruispunt, 3 takken",50,"Brandend","Duisternis","Droog",\N,\N,"Staringstraat","Amsterdam","Amsterdam","Noord-Holland",false,52.361939,4.862373,"injury","2","clear",false,1,"GM0363"
"20220212148",2022,"Uitsluitend materiele schade",2,"Personenauto","Fiets","Flank","Kruispunt, 4 takken",50,"Niet brandend","Daglicht","Droog",\N,\N,"Amsteldijk","Amsterdam","Amsterdam","Noord-Holland",false,52.347048,4.911706,"material damage only","4","clear",false,1,"GM0363"
"20220220126",2022,"Letsel",1,"Fiets",\N,"Eenzijdig","Rechte weg",50,"Niet brandend","Daglicht","Droog","Brug/viaduct","186271081","Posthumalaan","Rotterdam","Rotterdam","Zuid-Holland",false,51.90742,4.490653,"injury","2","clear",false,1,"GM0599"
"20220202992",2022,"Letsel",2,"Fiets","Los voorwerp","Los voorwerp","Rechte weg",50,"Brandend","Duisternis","Droog",\N,"273308060","Jutfaseweg","Utrecht","Utrecht","Utrecht",false,52.07655,5.120789,"injury","2","clear",false,1,"GM0344"
"20240134534",2024,"Letsel",2,"Bromfiets","Fiets","Flank","Kruispunt, 3 takken",30,"Brandend","Duisternis","Regen",\N,\N,"Werkhoefstraat","Rotterdam","Rotterdam","Zuid-Holland",false,51.921078,4.453904,"injury","2","rain",false,1,"GM0599"
"20240136413",2024,"Uitsluitend materiele schade",2,"Personenauto","Fiets","Flank","Rechte weg",80,"Niet brandend","Daglicht","Droog",\N,"600662128","FIETSPAD","Helmond","Helmond","Noord-Brabant",false,51.48984,5.712525,"material damage only","4","clear",false,1,"GM0794"
"20240137678",2024,"Uitsluitend materiele schade",2,"Personenauto","Fiets","Frontaal","Kruispunt, 3 takken",50,"Niet brandend","Daglicht","Regen",\N,\N,"Balfortstraat","Breda","Breda","Noord-Brabant",false,51.579302,4.770418,"material damage only","4","rain",false,1,"GM0758"
"20240143116",2024,"Letsel",2,"Fiets","Personenauto","Frontaal","Rechte weg",50,"Brandend","Duisternis","Droog","Tankstation","600715998","Oosteinde","'s-Gravenhage","'s-Gravenhage","Zuid-Holland",false,52.027592,4.290245,"injury","2","clear",false,1,"GM0518"
"20240143724",2024,"Letsel",2,"Bromfiets","Fiets","Onbekend","Rechte weg",30,\N,"Duisternis",\N,\N,"600974834","Haagweg","Leiden","Leiden","Zuid-Holland",false,52.158988,4.47865,"injury","2","unknown",false,1,"GM0546"
"20240148386",2024,"Letsel",2,"Personenauto","Fiets","Flank","Rotonde",50,"Niet brandend","Daglicht","Droog",\N,\N,"Van Steenbergenweg","Ede","Ede","Gelderland",false,52.023626,5.643677,"injury","2","clear",false,1,"GM0228"
"20240136506",2024,"Uitsluitend materiele schade",2,"Snorfiets","Fiets","Flank","Kruispunt, 4 takken",30,"Niet brandend","Daglicht","Droog",\N,\N,"Piersonstraat","Oss","Oss","Noord-Brabant",false,51.753967,5.500487,"material damage only","4","clear",false,1,"GM0828"
"20240137160",2024,"Uitsluitend materiele schade",4,"Personenauto","Fiets","Flank","Kruispunt, 4 takken",50,"Niet brandend","Daglicht","Droog",\N,\N,"Groot Bollerweg","Venlo","Venlo","Limburg",false,51.380633,6.138138,"material damage only","4","clear",false,1,"GM0983"
"20240135328",2024,"Letsel",2,"Personenauto","Fiets","Flank","Rotonde",30,"Niet brandend","Daglicht","Regen",\N,\N,"De Lingebrug","Gorinchem","Gorinchem","Zuid-Holland",false,51.835758,4.977505,"injury","2","rain",false,1,"GM0512"
"20240135943",2024,"Uitsluitend materiele schade",2,"Personenauto","Fiets","Flank","Bocht",50,"Niet brandend","Daglicht","Droog",\N,"191280032","Terbregseweg","Rotterdam","Rotterdam","Zuid-Holland",false,51.947908,4.526553,"material damage only","4","clear",false,1,"GM0599"
"20240136573",2024,"Uitsluitend materiele schade",2,"Personenauto","Fiets","Onbekend",\N,30,\N,"Daglicht",\N,\N,\N,"van Kinsbergenstraat","Eindhoven","Eindhoven","Noord-Brabant",false,51.450198,5.473074,"material damage only","4","unknown",false,1,"GM0772"
"20240140114",2024,"Uitsluitend materiele schade",2,"Fiets","Personenauto","Flank","Kruispunt, 4 takken",30,"Brandend","Duisternis","Regen",\N,\N,"Rio de Janeirostraat","Almere","Almere","Flevoland",false,52.393486,5.281792,"material damage only","4","rain",false,1,"GM0034"
"20240150306",2024,"Letsel",2,"Personenauto","Fiets","Geparkeerd voertuig","Rechte weg",30,"Brandend","Schemer","Droog",\N,"295449052","Kievitstraat","Enkhuizen","Enkhuizen","Noord-Holland",false,52.712313,5.279161,"injury","2","clear",false,1,"GM0388"
"20240141504",2024,"Uitsluitend materiele schade",2,"Fiets","Personenauto","Flank","Kruispunt, 4 takken",50,"Brandend","Schemer","Droog",\N,\N,"Einsteinstraat","Kudelstaart","Aalsmeer","Noord-Holland",false,52.234023,4.749703,"material damage only","4","clear",false,1,"GM0358"
"20240143320",2024,"Uitsluitend materiele schade",2,"Personenauto","Fiets","Flank","Rechte weg",30,"Niet brandend","Daglicht","Droog",\N,"600712787","Nolweg","Maasdijk","Westland","Zuid-Holland",false,51.957778,4.228462,"material damage only","4","clear",false,1,"GM1783"
"20240143881",2024,"Uitsluitend materiele schade",2,"Fiets","Bestelauto","Los voorwerp","Kruispunt, 3 takken",50,"Brandend","Schemer","Regen",\N,\N,"Aalsmeerderweg","Aalsmeer","Aalsmeer","Noord-Holland",true,52.272619,4.77532,"material damage only","4","rain",false,1,"GM0358"
"20240150592",2024,"Uitsluitend materiele schade",2,"Fiets","Fiets","Flank","Kruispunt, 4 takken",30,"Niet brandend","Daglicht","Droog",\N,\N,"FIETSPAD","Hilversum","Hilversum","Noord-Holland",false,52.224085,5.181184,"material damage only","4","clear",false,1,"GM0402"
"20240135377",2024,"Letsel",2,"Fiets","Personenauto","Onbekend","Rechte weg",30,"Niet brandend","Daglicht","Droog",\N,"253253124","Havendijk","Gorinchem","Gorinchem","Zuid-Holland",false,51.830822,4.977418,"injury","2","clear",false,1,"GM0512"
"20240135387",2024,"Uitsluitend materiele schade",2,"Personenauto","Fiets","Flank","Kruispunt, 4 takken",50,"Brandend","Duisternis","Droog",\N,\N,"Ledeboerstraat","Tilburg","Tilburg","Noord-Brabant",false,51.582033,5.057755,"material damage only","4","clear",false,1,"GM0855"
"20240137910",2024,"Uitsluitend materiele schade",2,"Personenauto","Fiets","Frontaal","Kruispunt, 3 takken",50,"Niet brandend","Daglicht","Droog",\N,\N,"Tarweweg","Nijmegen","Nijmegen","Gelderland",false,51.820979,5.82007,"material damage only","4","clear",false,1,"GM0268"
"20240139171",2024,"Uitsluitend materiele schade",2,"Personenauto","Fiets","Onbekend","Rechte weg",50,"Brandend","Duisternis","Regen",\N,"600511410","Hoenderkamp","Emmen","Emmen","Drenthe",false,52.771787,6.898921,"material damage only","4","rain",false,1,"GM0114"
"20240140847",2024,"Letsel",2,"Personenauto","Fiets","Flank","Kruispunt, 3 takken",50,"Brandend","Duisternis","Regen",\N,\N,"Symfoniestraat","Apeldoorn","Apeldoorn","Gelderland",false,52.229393,5.993866,"injury","2","rain",false,1,"GM0200"
"20240141513",2024,"Uitsluitend materiele schade",2,"Personenauto","Fiets","Flank","Kruispunt, 4 takken",30,"Brandend","Duisternis","Droog",\N,\N,"Eva Besnyöstraat","Amsterdam","Amsterdam","Noord-Holland",false,52.351429,5.005161,"material damage only","4","clear",false,1,"GM0363"
"20240139205",2024,"Dodelijk",2,"Vrachtauto","Fiets","Onbekend","Rechte weg",30,\N,"Daglicht","Droog",\N,"600872125","Bordewijklaan","Groningen","Groningen","Groningen",false,53.188505,6.577824,"fatal","1","clear",false,1,"GM0014"
"20240141993",2024,"Letsel",2,"Personenauto","Fiets","Frontaal","Rotonde",50,"Niet brandend","Daglicht","Droog",\N,\N,"Marquettelaan","Heemskerk","Heemskerk","Noord-Holland",false,52.514312,4.666292,"injury","2","clear",false,1,"GM0396"
"20240149327",2024,"Letsel",2,"Personenauto","Fiets","Flank","Rechte weg",60,\N,"Duisternis","Droog",\N,"342363002","Gentenerf","Ermelo","Ermelo","Gelderland",false,52.322553,5.627381,"injury","2","clear",false,1,"GM0233"
"20240135474",2024,"Letsel",2,"Personenauto","Fiets","Frontaal","Kruispunt, 3 takken",30,"Niet brandend","Daglicht","Droog",\N,\N,"Zonnebloemstraat","Papendrecht","Papendrecht","Zuid-Holland",false,51.832859,4.695495,"injury","2","clear",false,1,"GM0590"
"20240141248",2024,"Uitsluitend materiele schade",2,"Fiets","Fiets","Flank","Kruispunt, 4 takken",30,"Niet brandend","Daglicht","Droog",\N,\N,"Storminkstraat","Deventer","Deventer","Overijssel",false,52.251594,6.191478,"material damage only","4","clear",false,1,"GM0150"
"20240151026",2024,"Uitsluitend materiele schade",2,"Personenauto","Fiets","Onbekend","Rotonde",50,"Brandend","Duisternis","Regen",\N,\N,"Verkeersweg","Harderwijk","Harderwijk","Gelderland",false,52.345247,5.625753,"material damage only","4","rain",false,1,"GM0243"
"20240147644",2024,"Uitsluitend materiele schade",2,"Personenauto","Fiets","Flank","Bocht",50,"Brandend","Duisternis","Droog",\N,"263222025","Grotestraat","Waalwijk","Waalwijk","Noord-Brabant",false,51.688635,5.050584,"material damage only","4","clear",false,1,"GM0867"
"20240147835",2024,"Uitsluitend materiele schade",2,"Fiets","Snorfiets","Onbekend","Rechte weg",\N,"Niet brandend","Daglicht","Regen","Tunnel","276224001","Wolfshoek","Elshout","Heusden","Noord-Brabant",false,51.698147,5.146953,"material damage only","4","rain",false,1,"GM0797"
"20240147887",2024,"Uitsluitend materiele schade",2,"Personenauto","Fiets","Flank","Kruispunt, 4 takken",50,"Niet brandend","Daglicht","Regen",\N,\N,"Arsenaalpad","Breda","Breda","Noord-Brabant",false,51.583621,4.766112,"material damage only","4","rain",false,1,"GM0758"
"20240151456",2024,"Letsel",2,"Fiets","Personenauto","Onbekend","Kruispunt, 4 takken",30,"Niet brandend","Daglicht","Regen",\N,\N,"Kon.Julianalaan","Nieuwleusen","Dalfsen","Overijssel",false,52.582359,6.281964,"injury","2","rain",false,1,"GM0148"
"20240143538",2024,"Uitsluitend materiele schade",2,"Fiets","Personenauto","Flank","Rechte weg",50,"Brandend","Schemer","Droog",\N,\N,"Secretaris Verhoeffweg","Naaldwijk","Westland","Zuid-Holland",false,51.988914,4.206592,"material damage only","4","clear",false,1,"GM1783"
"20240148213",2024,"Uitsluitend materiele schade",2,"Personenauto","Fiets","Flank","Rechte weg",50,"Niet aanwezig","Daglicht","Droog",\N,"600840756","Akerstraat-Noord","Heerlen","Heerlen","Limburg",false,50.923477,5.944442,"material damage only","4","clear",false,1,"GM0917"
"20240145119",2024,"Uitsluitend materiele schade",2,"Bestelauto","Fiets","Onbekend",\N,50,\N,"Daglicht",\N,\N,\N,"Zoomdam","Bergen op Zoom","Bergen op Zoom","Noord-Brabant",false,51.499963,4.280688,"material damage only","4","unknown",false,1,"GM0748"
"20240145481",2024,"Uitsluitend materiele schade",2,"Bestelauto","Fiets","Flank","Kruispunt, 4 takken",60,"Niet brandend","Daglicht","Droog",\N,\N,"Vleerweg","Oostvoorne","Voorne aan Zee","Zuid-Holland",false,51.910697,4.13611,"material damage only","4","clear",false,1,"GM1992"
"20240134395",2024,"Uitsluitend materiele schade",2,"Personenauto","Fiets","Flank","Kruispunt, 3 takken",80,"Brandend","Schemer","Droog",\N,\N,"Westelijke Kanaalweg","Hansweert","Reimerswaal","Zeeland",false,51.455453,4.006516,"material damage only","4","clear",false,1,"GM0703"
"20240136894",2024,"Uitsluitend materiele schade",2,"Snorfiets","Fiets","Frontaal","Rechte weg",30,"Niet brandend","Daglicht","Droog",\N,"600376155","Noord Brabantlaan","Eindhoven","Eindhoven","Noord-Brabant",false,51.444613,5.446329,"material damage only","4","clear",false,1,"GM0772"
"20240138174",2024,"Uitsluitend materiele schade",2,"Personenauto","Fiets","Flank","Kruispunt, 4 takken",30,"Brandend","Daglicht","Droog",\N,\N,"Vergtweg","Zaltbommel","Zaltbommel","Gelderland",false,51.805298,5.24643,"material damage only","4","clear",false,1,"GM0297"
"20240139384",2024,"Letsel",1,"Fiets",\N,"Eenzijdig","Rechte weg",50,"Brandend","Duisternis","Regen",\N,"517467009","Dingspellaan","Emmen","Emmen","Drenthe",false,52.781139,6.926693,"injury","2","rain",false,1,"GM0114"
"20240139394",2024,"Letsel",2,"Personenauto","Fiets","Flank","Kruispunt, 3 takken",50,"Niet brandend","Schemer","Droog",\N,\N,"Hoofdweg","Froombosch","Midden-Groningen","Groningen",false,53.192399,6.779363,"injury","2","clear",false,1,"GM1952"
"20240146038",2024,"Letsel",2,"Fiets","Snorfiets","Frontaal","Kruispunt, 3 takken",50,"Niet brandend","Schemer","Droog",\N,"600678218","Terbregseweg","Rotterdam","Rotterdam","Zuid-Holland",false,51.948837,4.52594,"injury","2","clear",false,1,"GM0599"
"20240146259",2024,"Letsel",3,"Fiets","Personenauto","Frontaal","Kruispunt, 3 takken",30,"Niet brandend","Daglicht","Droog","Brug/viaduct",\N,"PHILIPS WILLEMBRUG","Rotterdam","Rotterdam","Zuid-Holland",false,51.945217,4.487291,"injury","2","clear",false,1,"GM0599"
"20240146378",2024,"Letsel",2,"Fiets","Bromfiets","Onbekend","Rechte weg",30,"Brandend","Duisternis","Droog",\N,"600372343","Oude Delft","Delft","Delft","Zuid-Holland",false,52.013213,4.354974,"injury","2","clear",false,1,"GM0503"
"20240133817",2024,"Letsel",1,"Fiets",\N,"Onbekend","Rechte weg",50,"Niet brandend","Daglicht","Droog",\N,"221294100","Middenmolenlaan","Gouda","Gouda","Zuid-Holland",false,52.01216,4.741604,"injury","2","clear",false,1,"GM0513"
"20240134421",2024,"Uitsluitend materiele schade",2,"Personenauto","Fiets","Onbekend",\N,30,\N,"Daglicht",\N,\N,\N,"Fellenoordstraat","Breda","Breda","Noord-Brabant",false,51.584534,4.769995,"material damage only","4","unknown",false,1,"GM0758"
"20240149669",2024,"Uitsluitend materiele schade",2,"Fiets","Fiets","Flank","Rechte weg",50,"Niet brandend","Daglicht","Droog",\N,"512336048","Broekheurne-ring","Enschede","Enschede","Overijssel",false,52.191915,6.866883,"material damage only","4","clear",false,1,"GM0153"
"20240148774",2024,"Uitsluitend materiele schade",2,"Personenauto","Fiets","Onbekend","Rechte weg",50,"Brandend","Duisternis","Droog",\N,"600958588","Sluisoordlaan","Apeldoorn","Apeldoorn","Gelderland",false,52.229525,5.988066,"material damage only","4","clear",false,1,"GM0200"
"20240149206",2024,"Uitsluitend materiele schade",2,"Personenauto","Fiets","Flank","Kruispunt, 4 takken",50,"Brandend","Duisternis","Droog","Brug/viaduct",\N,"EBBINGEBRUG","Groningen","Groningen","Groningen",false,53.222206,6.565094,"material damage only","4","clear",false,1,"GM0014"
"20240149222",2024,"Letsel",2,"Fiets","Fiets","Flank","Kruispunt, 4 takken",30,"Brandend","Duisternis","Droog",\N,\N,"V Zuijlen van Nieveltln","Barneveld","Barneveld","Gelderland",false,52.140897,5.591651,"injury","2","clear",false,1,"GM0203"
"20240004845",2024,"Letsel",2,"Bestelauto","Fiets","Onbekend","Kruispunt, 3 takken",50,"Niet brandend","Daglicht","Droog",\N,\N,"Borniastraat","Leeuwarden","Leeuwarden","Friesland",false,53.190953,5.797845,"injury","2","clear",false,1,"GM0080"
"20240007293",2024,"Letsel",2,"Personenauto","Fiets","Flank","Kruispunt, 3 takken",30,"Niet brandend","Daglicht","Droog",\N,\N,"Sneeuwbalstraat","Amsterdam","Amsterdam","Noord-Holland",false,52.396757,4.913994,"injury","2","clear",false,1,"GM0363"
"20240010846",2024,"Uitsluitend materiele schade",3,"Personenauto","Fiets","Vast voorwerp","Rechte weg",60,"Niet brandend","Daglicht","Droog",\N,"290302003","Rijnseweg","Odijk","Bunnik","Utrecht",false,52.047599,5.24787,"material damage only","4","clear",false,1,"GM0312"
"20240153603",2024,"Letsel",1,"Fiets",\N,"Onbekend",\N,30,\N,"Daglicht",\N,\N,\N,"Ketelmeerlaan","Leiden","Leiden","Zuid-Holland",false,52.175516,4.506185,"injury","2","unknown",false,1,"GM0546"
"20230109297",2023,"Uitsluitend materiele schade",2,"Fiets","Bromfiets","Flank","Rechte weg",50,"Niet brandend","Daglicht",\N,\N,\N,"Gasthuislaan","Amersfoort","Amersfoort","Utrecht",false,52.146326,5.39858,"material damage only","4","unknown",false,1,"GM0307"
"20240000555",2024,"Letsel",2,"Personenauto","Fiets","Frontaal","Kruispunt, 4 takken",50,"Brandend","Duisternis","Regen/Sneeuw/Hagel",\N,\N,"Straatweg","Rotterdam","Rotterdam","Zuid-Holland",false,51.943859,4.482143,"injury","2","unknown",false,1,"GM0599"
"20240007388",2024,"Uitsluitend materiele schade",2,"Personenauto","Fiets","Flank","Kruispunt, 4 takken",50,"Niet brandend","Daglicht","Droog",\N,\N,"Wibautstraat","Amsterdam","Amsterdam","Noord-Holland",false,52.35751,4.910081,"material damage only","4","clear",false,1,"GM0363"
"20240011842",2024,"Letsel",2,"Personenauto","Fiets","Flank","Rechte weg",50,"Niet brandend","Daglicht","Droog",\N,"600761498","Constructieweg","Mijdrecht","De Ronde Venen","Utrecht",false,52.211391,4.877799,"injury","2","clear",false,1,"GM0736"
"20230112314",2023,"Letsel",2,"Fiets","Personenauto","Voetganger","Kruispunt, 4 takken",50,"Niet brandend","Daglicht","Droog",\N,\N,"Wijkerlaan","Voorburg","Leidschendam-Voorburg","Zuid-Holland",false,52.074076,4.375931,"injury","2","clear",false,1,"GM1916"
"20240005483",2024,"Uitsluitend materiele schade",1,"Fiets",\N,"Onbekend","Rechte weg",\N,"Niet brandend","Schemer","Droog",\N,"225438109","Laan van Troyes","Alkmaar","Alkmaar","Noord-Holland",false,52.657548,4.759511,"material damage only","4","clear",false,1,"GM0361"
"20240007720",2024,"Uitsluitend materiele schade",3,"Personenauto","Fiets","Flank","Kruispunt, 4 takken",30,"Niet brandend","Daglicht","Droog",\N,\N,"Jacob van Lennepstraat","Amsterdam","Amsterdam","Noord-Holland",false,52.365873,4.87182,"material damage only","4","clear",false,1,"GM0363"
"20240007895",2024,"Letsel",2,"Fiets","Personenauto","Flank","Rotonde",50,"Brandend","Daglicht","Regen",\N,\N,"Donau","'s-Gravenhage","'s-Gravenhage","Zuid-Holland",false,52.07128,4.394852,"injury","2","rain",false,1,"GM0518"
"20240157812",2024,"Letsel",2,"Personenauto","Fiets","Flank","Kruispunt, 4 takken",50,"Brandend","Duisternis","Droog",\N,\N,"Bodemplein","Brunssum","Brunssum","Limburg",false,50.937439,5.97121,"injury","2","clear",false,1,"GM0899"
"20240001713",2024,"Letsel",2,"Personenauto","Fiets","Flank","Kruispunt, 4 takken",30,"Niet brandend","Daglicht","Droog",\N,\N,"Brede Steeg","Oisterwijk","Oisterwijk","Noord-Brabant",false,51.570639,5.183038,"injury","2","clear",false,1,"GM0824"
"20240002035",2024,"Uitsluitend materiele schade",2,"Fiets","Personenauto","Flank","Kruispunt, 4 takken",50,"Niet brandend","Schemer","Droog",\N,\N,"Dommelseweg","Valkenswaard","Valkenswaard","Noord-Brabant",false,51.350853,5.451283,"material damage only","4","clear",false,1,"GM0858"
"20240008634",2024,"Uitsluitend materiele schade",2,"Fiets","Personenauto","Flank","Rotonde",50,"Niet brandend","Daglicht","Regen",\N,\N,"Rijksstraatweg","Heemskerk","Heemskerk","Noord-Holland",false,52.504435,4.655222,"material damage only","4","rain",false,1,"GM0396"
"20230108239",2023,"Uitsluitend materiele schade",2,"Personenauto","Fiets","Onbekend","Rechte weg",50,"Brandend","Duisternis","Droog",\N,"290310009","Weeshuislaan","Zeist","Zeist","Utrecht",false,52.086478,5.242767,"material damage only","4","clear",false,1,"GM0355"
"20230109975",2023,"Uitsluitend materiele schade",2,"Fiets","Fiets","Onbekend","Rechte weg",30,"Niet aanwezig","Daglicht","Droog",\N,"600827885","Hogeweg","Deurne","Deurne","Noord-Brabant",false,51.461799,5.797011,"material damage only","4","clear",false,1,"GM0762"
"20230112356",2023,"Letsel",3,"Bromfiets","Fiets","Onbekend","Kruispunt, 4 takken",30,"Niet brandend","Daglicht","Droog",\N,\N,"FIETSPAD","'s-Gravenhage","'s-Gravenhage","Zuid-Holland",false,52.051761,4.387235,"injury","2","clear",false,1,"GM0518"
"20240157851",2024,"Letsel",2,"Fiets","Personenauto","Flank","Kruispunt, 4 takken",30,"Brandend","Duisternis","Droog",\N,\N,"Paulus Potterstraat","Goor","Hof van Twente","Overijssel",false,52.237132,6.568872,"injury","2","clear",false,1,"GM1735"
"20240001484",2024,"Letsel",2,"Fiets","Personenauto","Kop/staart","Rechte weg",50,"Niet brandend","Daglicht","Droog",\N,"204250046","Kort-Ambachtlaan","Zwijndrecht","Zwijndrecht","Zuid-Holland",false,51.812675,4.625676,"injury","2","clear",false,1,"GM0642"
"20240023033",2024,"Letsel",1,"Fiets",\N,"Onbekend","Rechte weg",50,"Niet brandend","Daglicht","Droog",\N,"600921163","Zwarte Pad","'s-Gravenhage","'s-Gravenhage","Zuid-Holland",false,52.117018,4.289116,"injury","2","clear",false,1,"GM0518"
"20240023149",2024,"Uitsluitend materiele schade",2,"Personenauto","Fiets","Flank","Kruispunt, 4 takken",50,"Niet brandend","Daglicht","Droog",\N,\N,"Parelduikersingel","'s-Gravenhage","'s-Gravenhage","Zuid-Holland",false,52.063896,4.413156,"material damage only","4","clear",false,1,"GM0518"
"20240023306",2024,"Letsel",1,"Fiets",\N,"Eenzijdig","Rechte weg",50,"Niet brandend","Daglicht","Droog",\N,"168294131","Breestraat","Delft","Delft","Zuid-Holland",false,52.007776,4.359615,"injury","2","clear",false,1,"GM0503"
"20230110017",2023,"Uitsluitend materiele schade",2,"Personenauto","Fiets","Onbekend","Kruispunt, 3 takken",50,"Niet brandend","Daglicht","Regen",\N,\N,"A dijk","Roosendaal","Roosendaal","Noord-Brabant",false,51.523966,4.482819,"material damage only","4","rain",false,1,"GM1674"
"20230110031",2023,"Uitsluitend materiele schade",2,"Fiets","Fiets","Frontaal","Kruispunt, 3 takken",30,"Brandend","Duisternis","Regen",\N,\N,"Jan van Amstelstraat","Veghel","Meierijstad","Noord-Brabant",false,51.609907,5.557976,"material damage only","4","rain",false,1,"GM1948"
"20240156660",2024,"Letsel",2,"Personenauto","Fiets","Flank","Kruispunt, 4 takken",50,"Niet brandend","Daglicht","Droog",\N,"407132035","Keulseweg","Reuver","Beesel","Limburg",false,51.285473,6.086959,"injury","2","clear",false,1,"GM0889"
"20240002892",2024,"Uitsluitend materiele schade",2,"Bromfiets","Fiets","Flank","Kruispunt, 4 takken",50,"Niet brandend","Daglicht","Droog",\N,\N,"Vogelstraat","'s-Hertogenbosch","'s-Hertogenbosch","Noord-Brabant",false,51.698034,5.303332,"material damage only","4","clear",false,1,"GM0796"
"20240011392",2024,"Uitsluitend materiele schade",2,"Personenauto","Fiets","Flank","Kruispunt, 4 takken",50,"Niet brandend","Daglicht","Droog",\N,\N,"Evenaar","Almere","Almere","Flevoland",false,52.398965,5.294781,"material damage only","4","clear",false,1,"GM0034"
"20240011414",2024,"Letsel",1,"Fiets",\N,"Onbekend","Rechte weg",30,"Niet brandend","Daglicht","Droog",\N,"295379164","Rio de Janeirostraat","Almere","Almere","Flevoland",false,52.393939,5.281278,"injury","2","clear",false,1,"GM0034"
"20240023797",2024,"Uitsluitend materiele schade",2,"Personenauto","Fiets","Flank","Rechte weg",30,"Brandend","Duisternis","Droog",\N,"317161090","Oldengaarde","Eindhoven","Eindhoven","Noord-Brabant",false,51.415434,5.438744,"material damage only","4","clear",false,1,"GM0772"