"accident_id","year","severity_raw","party_count","party1_type","party2_type","accident_type","road_situation","speed_limit_kmh","road_lighting","light_condition_label","weather_raw","infra_type","road_segment_id","street_name","place_name","gemeente_name_raw","province","alcohol_indicated","latitude","longitude","severity_label","severity_code","weather_label","built_up_area","cyclists_involved","gemeente_code"
"20230036948",2023,"Uitsluitend materiele schade",2,"Fiets","Fiets","Onbekend","Rotonde",50,"Niet brandend","Daglicht","Droog",\N,\N,"Castor","Veenendaal","Veenendaal","Utrecht",false,52.028276,5.564774,"material damage only","4","clear",false,1,"GM0345"
"20230068382",2023,"Uitsluitend materiele schade",2,"Personenauto","Fiets","Onbekend","Kruispunt, 4 takken",50,"Niet brandend","Daglicht","Droog",\N,\N,"Colosseumweg","Rotterdam","Rotterdam","Zuid-Holland",false,51.894885,4.517384,"material damage only","4","clear",false,1,"GM0599"
"20230069451",2023,"Letsel",3,"Fiets","Personenauto","Onbekend","Rechte weg",30,"Niet brandend","Daglicht","Droog",\N,"178335037","Kerkstraat","Katwijk","Katwijk","Zuid-Holland",false,52.195315,4.423209,"injury","2","clear",false,1,"GM0537"
"20230074649",2023,"Letsel",1,"Fiets",\N,"Eenzijdig","Rechte weg",30,"Niet brandend","Daglicht","Droog",\N,"283344062","Larenseweg","Hilversum","Hilversum","Noord-Holland",false,52.237767,5.196511,"injury","2","clear",false,1,"GM0402"
"20230078767",2023,"Uitsluitend materiele schade",4,"Personenauto","Fiets","Vast voorwerp","Kruispunt, 4 takken",30,"Brandend","Duisternis","Droog",\N,\N,"Steenschuur","Leiden","Leiden","Zuid-Holland",false,52.156358,4.493026,"material damage only","4","clear",false,1,"GM0546"
"20230017688",2023,"Uitsluitend materiele schade",2,"Bestelauto","e-bike","Flank","Kruispunt, 3 takken",50,"Niet brandend","Daglicht","Droog",\N,\N,"Karel van Manderstraat","Heerhugowaard","Dijk en Waard","Noord-Holland",false,52.676088,4.867436,"material damage only","4","clear",false,1,"GM1980"
"20230025185",2023,"Letsel",3,"Personenauto","Fiets","Onbekend","Rechte weg",30,"Niet brandend","Daglicht","Droog",\N,"197267043","Cannenburchstraat","Rotterdam","Rotterdam","Zuid-Holland",false,51.891497,4.570187,"injury","2","clear",false,1,"GM0599"
"20240028984",2024,"Letsel",1,"Fiets",\N,"Onbekend","Rechte weg",50,"Niet brandend","Daglicht","Droog",\N,"244311051","Steinhagenseweg","Woerden","Woerden","Utrecht",false,52.08939,4.912087,"injury","2","clear",false,1,"GM0632"
"20230031465",2023,"Uitsluitend materiele schade",2,"Fiets","Personenauto","Flank","Bocht",50,"Brandend","Daglicht","Droog",\N,"374056007","Op 't Veldje","Spaubeek","Beek","Limburg",false,50.941786,5.843989,"material damage only","4","clear",false,1,\N
"20230034248",2023,"Uitsluitend materiele schade",2,"Personenauto","Fiets","Frontaal","Rechte weg",30,"Niet aanwezig","Daglicht","Droog",\N,"404537053","Gauke Boelensstraat","Drachten","Smallingerland","Friesland",false,53.10314,6.097379,"material damage only","4","clear",false,1,"GM0090"
"20240030800",2024,"Letsel",2,"Fiets","Fiets","Onbekend","Rechte weg",30,"Niet brandend","Duisternis",\N,\N,\N,"Noorderstraat","Hoorn","Hoorn","Noord-Holland",false,52.643617,5.058915,"injury","2","unknown",false,1,"GM0405"
"20230015448",2023,"Uitsluitend materiele schade",2,"Fiets","Personenauto","Onbekend","Kruispunt, 3 takken",50,"Brandend","Duisternis","Droog",\N,\N,"Buurtlaan west","Veenendaal","Veenendaal","Utrecht",false,52.034935,5.563969,"material damage only","4","clear",false,1,"GM0345"
"20230018870",2023,"Uitsluitend materiele schade",2,"Fiets","Fiets","Flank","Kruispunt, 3 takken",50,"Niet brandend","Daglicht","Droog",\N,\N,"Nieuweweg","Wijchen","Wijchen","Gelderland",false,51.815004,5.758584,"material damage only","4","clear",false,1,"GM0296"
"20230021749",2023,"Letsel",2,"Personenauto","Fiets","Onbekend","Rotonde",50,"Niet brandend","Daglicht","Droog",\N,\N,"Daal en Bergselaan","'s-Gravenhage","'s-Gravenhage","Zuid-Holland",false,52.076258,4.251079,"injury","2","clear",false,1,"GM0518"
"20230023414",2023,"Uitsluitend materiele schade",2,"Personenauto","Fiets","Flank","Kruispunt, 3 takken",50,"Niet brandend","Daglicht","Droog",\N,\N,"De Limes","Oegstgeest","Oegstgeest","Zuid-Holland",false,52.170889,4.453161,"material damage only","4","clear",false,1,"GM0579"
"20230024018",2023,"Letsel",2,"Snorfiets","Fiets","Flank","Rechte weg",30,"Niet brandend","Daglicht","Droog",\N,"600717433","Prinsegracht","'s-Gravenhage","'s-Gravenhage","Zuid-Holland",false,52.075377,4.308583,"injury","2","clear",false,1,"GM0518"
"20230037014",2023,"Letsel",2,"Personenauto","Fiets","Frontaal","Kruispunt, 3 takken",50,"Niet brandend","Daglicht","Droog",\N,\N,"Geldelozeweg","Hoorn","Hoorn","Noord-Holland",false,52.651813,5.050934,"injury","2","clear",false,1,"GM0405"
"20230037021",2023,"Letsel",2,"Personenauto","Fiets","Flank","Kruispunt, 4 takken",50,"Niet brandend","Daglicht","Droog",\N,\N,"Tolweg","Hoogkarspel","Drechterland","Noord-Holland",false,52.694363,5.163674,"injury","2","clear",false,1,"GM0498"
"20230069952",2023,"Letsel",2,"Fiets","Fiets","Onbekend","Kruispunt, 3 takken",50,"Niet brandend","Daglicht","Droog",\N,\N,"Burgemeester Jamessingel","Gouda","Gouda","Zuid-Holland",false,52.01989,4.683779,"injury","2","clear",false,1,"GM0513"
"20230077026",2023,"Letsel",2,"Personenauto","Fiets","Flank","Rotonde",50,"Niet brandend","Daglicht","Droog",\N,\N,"Groen van Prinstererlaan","'s-Gravenhage","'s-Gravenhage","Zuid-Holland",false,52.060876,4.246644,"injury","2","clear",false,1,"GM0518"
"20230078272",2023,"Uitsluitend materiele schade",2,"Personenauto","Fiets","Onbekend","Kruispunt, 3 takken",50,"Niet brandend","Daglicht","Droog",\N,\N,"Weteringweg","Diemen","Diemen","Noord-Holland",false,52.33345,4.984141,"material damage only","4","clear",false,1,"GM0384"
"20230078505",2023,"Letsel",2,"Fiets","Overig vast object","Vast voorwerp","Rechte weg",30,"Niet brandend","Daglicht","Droog",\N,"600716843","Mgr Bekkerslaan","Rijswijk","Rijswijk","Zuid-Holland",false,52.025295,4.30936,"injury","2","clear",false,1,\N
"20230070422",2023,"Uitsluitend materiele schade",2,"Fiets","Personenauto","Flank","Rotonde",50,"Niet brandend","Daglicht","Droog",\N,\N,"Laan ter Catten","Nuenen","Nuenen, Gerwen en Nederwetten","Noord-Brabant",false,51.472937,5.567781,"material damage only","4","clear",false,1,"GM0820"
"20230071273",2023,"Letsel",2,"Bromfiets","Fiets","Frontaal","Rechte weg",30,"Niet brandend","Daglicht","Droog",\N,"349181009","Wolfsputter Baan","Helmond","Helmond","Noord-Brabant",false,51.501836,5.674568,"injury","2","clear",false,1,"GM0794"
"20230019524",2023,"Uitsluitend materiele schade",2,"Personenauto","e-bike","Onbekend","Kruispunt, 3 takken",50,"Niet brandend","Daglicht","Droog",\N,\N,"Laapersveld","Hilversum","Hilversum","Noord-Holland",false,52.21123,5.184685,"material damage only","4","clear",false,1,"GM0402"
"20230021229",2023,"Letsel",2,"Personenauto","Fiets","Flank","Rechte weg",50,"Niet brandend","Daglicht","Droog",\N,"600912563","Leyweg","'s-Gravenhage","'s-Gravenhage","Zuid-Holland",false,52.054475,4.269496,"injury","2","clear",false,1,"GM0518"
"20230024071",2023,"Letsel",2,"Personenauto","Fiets","Flank","Kruispunt, 4 takken",50,"Niet brandend","Daglicht","Droog",\N,\N,"De Boelelaan","Amsterdam","Amsterdam","Noord-Holland",false,52.334986,4.869117,"injury","2","clear",false,1,"GM0363"
"20240028796",2024,"Uitsluitend materiele schade",2,"Fiets","Personenauto","Flank","Rotonde",50,"Niet brandend","Daglicht","Droog",\N,\N,"Lunterseweg","Barneveld","Barneveld","Gelderland",false,52.126669,5.587853,"material damage only","4","clear",false,1,"GM0203"
"20230070000",2023,"Letsel",2,"Bestelauto","Fiets","Eenzijdig","Rechte weg",50,"Niet aanwezig","Daglicht","Droog",\N,"600968527","Oosteinde","Heinenoord","Hoeksche Waard","Zuid-Holland",false,51.824465,4.487285,"injury","2","clear",false,1,"GM1963"
"20240025784",2024,"Letsel",2,"Fiets","Fiets","Kop/staart","Kruispunt, 4 takken",30,"Niet brandend","Daglicht","Droog",\N,\N,"Evertsenlaan","Voorthuizen","Barneveld","Gelderland",false,52.184037,5.600324,"injury","2","clear",false,1,"GM0203"
"20230021823",2023,"Letsel",2,"Personenauto","Fiets","Flank","Kruispunt, 4 takken",50,"Niet brandend","Daglicht","Droog",\N,\N,"Laan van Hoornwijck","Rijswijk","Rijswijk","Zuid-Holland",false,52.049764,4.346027,"injury","2","clear",false,1,\N
"20230027544",2023,"Uitsluitend materiele schade",2,"Personenauto","Fiets","Flank","Bocht",30,"Niet brandend","Daglicht","Droog",\N,"198198103","Lekebroedersstraat","Hoeven","Halderberge","Noord-Brabant",false,51.581087,4.583636,"material damage only","4","clear",false,1,"GM1655"
"20240029066",2024,"Uitsluitend materiele schade",2,"Fiets","Personenauto","Frontaal","Kruispunt, 4 takken",50,"Niet brandend","Daglicht","Droog",\N,\N,"Amsterdamseweg","Amersfoort","Amersfoort","Utrecht",false,52.162792,5.370592,"material damage only","4","clear",false,1,"GM0307"
"20230071195",2023,"Letsel",2,"Personenauto","Fiets","Flank","Kruispunt, 4 takken",30,"Niet brandend","Daglicht","Droog",\N,\N,"Wilhelminalaan","Reusel","Reusel-De Mierden","Noord-Brabant",false,51.361905,5.164464,"injury","2","clear",false,1,"GM1667"
"20230071690",2023,"Uitsluitend materiele schade",2,"Bromfiets","Fiets","Frontaal","Bocht",\N,"Niet aanwezig","Daglicht","Droog",\N,"352172004","Rivierensingel","Helmond","Helmond","Noord-Brabant",false,51.464432,5.696357,"material damage only","4","clear",false,1,"GM0794"
"20230073313",2023,"Uitsluitend materiele schade",2,"Personenauto","Fiets","Flank","Kruispunt, 3 takken",50,"Niet brandend","Daglicht","Droog",\N,\N,"Kapittelweg","Nijmegen","Nijmegen","Gelderland",false,51.825867,5.862301,"material damage only","4","clear",false,1,"GM0268"
"20230078065",2023,"Letsel",2,"Personenauto","Fiets","Flank","Rotonde",50,"Niet brandend","Daglicht","Droog",\N,\N,"Burg Bruins Slotsingel","Alphen aan den Rijn","Alphen aan den Rijn","Zuid-Holland",false,52.143274,4.683279,"injury","2","clear",false,1,"GM0484"
"20230075047",2023,"Uitsluitend materiele schade",2,"Personenauto","Fiets","Flank","Kruispunt, 4 takken",50,"Niet brandend","Daglicht","Droog",\N,\N,"W.F. Hermansstraat","Haarlem","Haarlem","Noord-Holland",false,52.42199,4.647258,"material damage only","4","clear",false,1,"GM0392"
"20230024778",2023,"Letsel",2,"Personenauto","Fiets","Onbekend","Kruispunt, 3 takken",50,"Niet brandend","Daglicht","Droog",\N,\N,"Paul Krugerkade","Haarlem","Haarlem","Noord-Holland",false,52.391537,4.649707,"injury","2","clear",false,1,"GM0392"
"20240028358",2024,"Uitsluitend materiele schade",2,"Fiets","Fiets","Flank","Rechte weg",50,"Niet brandend","Daglicht","Droog",\N,"600406885","Vredenburg","Utrecht","Utrecht","Utrecht",false,52.09298,5.113072,"material damage only","4","clear",false,1,"GM0344"
"20240028547",2024,"Letsel",2,"Personenauto","Fiets","Flank","Rechte weg",50,"Brandend","Duisternis","Droog",\N,"600764806","IJsselveld","Montfoort","Montfoort","Utrecht",false,52.046791,4.934022,"injury","2","clear",false,1,"GM0335"
"20240030233",2024,"Letsel",2,"Motor","Fiets","Flank","Rechte weg",50,"Niet brandend","Daglicht","Droog",\N,"189329140","Paleizenbaan","Leiden","Leiden","Zuid-Holland",false,52.167536,4.50561,"injury","2","clear",false,1,"GM0546"
"20230076093",2023,"Letsel",1,"Fiets",\N,"Eenzijdig","Rechte weg",30,"Niet brandend","Daglicht","Regen",\N,"600742565","Noord Schalkwijkerweg","Haarlem","Haarlem","Noord-Holland",false,52.357079,4.641087,"injury","2","rain",false,1,"GM0392"
"20230076178",2023,"Uitsluitend materiele schade",2,"Personenauto","Fiets","Flank","Kruispunt, 3 takken",50,"Niet brandend","Daglicht","Droog",\N,\N,"Brederodegracht","Hoorn","Hoorn","Noord-Holland",false,52.651168,5.086257,"material damage only","4","clear",false,1,"GM0405"
"20230078106",2023,"Letsel",2,"Bromfiets","Fiets","Flank","Kruispunt, 4 takken",50,"Niet brandend","Daglicht","Regen",\N,\N,"Hoogweg","De Lier","Westland","Zuid-Holland",false,51.964571,4.248275,"injury","2","rain",false,1,"GM1783"
"20230078317",2023,"Uitsluitend materiele schade",3,"Snorfiets","Fiets","Onbekend","Kruispunt, 4 takken",50,"Niet brandend","Daglicht","Droog",\N,\N,"Olympiaplein","Amsterdam","Amsterdam","Noord-Holland",false,52.350212,4.866805,"material damage only","4","clear",false,1,"GM0363"
"20230021385",2023,"Uitsluitend materiele schade",3,"Personenauto","Fiets","Onbekend","Rechte weg",30,"Brandend","Daglicht","Regen",\N,"600237674","Westerkade","Gouda","Gouda","Zuid-Holland",false,52.008361,4.698926,"material damage only","4","rain",false,1,"GM0513"
"20230053154",2023,"Letsel",3,"Personenauto","Fiets","Geparkeerd voertuig","Rechte weg",30,"Niet brandend","Daglicht","Droog","Parkeervoorziening","128265002","Dorpsplein","Rockanje","Voorne aan Zee","Zuid-Holland",false,51.87433,4.069068,"injury","2","clear",false,1,"GM1992"
"20240036503",2024,"Letsel",2,"Brommobiel","Fiets","Kop/staart","Rechte weg",60,"Niet brandend","Daglicht","Droog",\N,"331489003","De Plantage","Harich","De Fryske Marren","Friesland",false,52.885903,5.550993,"injury","2","clear",false,1,"GM1940"
"20240038136",2024,"Uitsluitend materiele schade",2,"Snorfiets","Fiets","Frontaal","Rechte weg",50,"Niet brandend","Daglicht","Droog","Tunnel","600590727","FIETSPAD","Lelystad","Lelystad","Flevoland",false,52.518375,5.510245,"material damage only","4","clear",false,1,"GM0995"
"20240040460",2024,"Letsel",2,"Fiets","Overig vast object","Vast voorwerp","Rechte weg",50,"Brandend","Schemer","Droog",\N,"600944787","Heereweg","Lisse","Lisse","Zuid-Holland",false,52.234273,4.532178,"injury","2","clear",false,1,"GM0553"
"20240081333",2024,"Letsel",3,"Personenauto","Fiets","Flank","Kruispunt, 4 takken",50,"Brandend","Schemer","Droog",\N,\N,"Schieweg","Rotterdam","Rotterdam","Zuid-Holland",true,51.933711,4.465513,"injury","2","clear",false,1,"GM0599"
"20240081382",2024,"Letsel",2,"Fiets","Personenauto","Flank","Rechte weg",60,"Niet brandend","Daglicht","Droog",\N,"181300006","Katwijkerlaan","Pijnacker","Pijnacker-Nootdorp","Zuid-Holland",false,52.03677,4.460718,"injury","2","clear",false,1,"GM1926"
"20240032234",2024,"Uitsluitend materiele schade",2,"Personenauto","Fiets","Flank","Kruispunt, 4 takken",30,"Niet aanwezig","Daglicht","Droog",\N,\N,"Vaartdreef","Zoetermeer","Zoetermeer","Zuid-Holland",false,52.064841,4.502969,"material damage only","4","clear",false,1,"GM0637"
"20240034211",2024,"Uitsluitend materiele schade",2,"Personenauto","Fiets","Onbekend","Rechte weg",80,"Niet brandend","Daglicht","Droog",\N,"600524132","Oirschotseweg","Best","Best","Noord-Brabant",false,51.50715,5.367615,"material damage only","4","clear",false,1,"GM0753"
"20240037263",2024,"Letsel",2,"Personenauto","Fiets","Flank","Rotonde",50,"Niet brandend","Daglicht","Droog",\N,\N,"RING-WEST 36","Groningen","Groningen","Groningen",false,53.198073,6.546355,"injury","2","clear",false,1,"GM0014"
"20240047850",2024,"Uitsluitend materiele schade",2,"Personenauto","Fiets","Flank","Kruispunt, 4 takken",30,"Niet brandend","Daglicht","Droog",\N,\N,"Schippersloot","Broek op Langedijk","Dijk en Waard","Noord-Holland",false,52.681996,4.799047,"material damage only","4","clear",false,1,"GM1980"
"20240071641",2024,"Letsel",1,"Fiets",\N,"Onbekend",\N,50,\N,"Daglicht",\N,\N,"600591880","FIETSPAD","Zwijndrecht","Zwijndrecht","Zuid-Holland",false,51.813356,4.643193,"injury","2","unknown",false,1,"GM0642"
"20240071659",2024,"Uitsluitend materiele schade",2,"Personenauto","Fiets","Flank","Rotonde",50,"Niet brandend","Daglicht","Droog",\N,\N,"Koningin Julianalaan","Voorburg","Leidschendam-Voorburg","Zuid-Holland",false,52.076866,4.354492,"material damage only","4","clear",false,1,"GM1916"
"20240037316",2024,"Uitsluitend materiele schade",2,"Fiets","Personenauto","Flank","Kruispunt, 3 takken",50,"Niet brandend","Daglicht","Droog",\N,\N,"Van Speykstraat","Groningen","Groningen","Groningen",false,53.212682,6.5555,"material damage only","4","clear",false,1,"GM0014"
"20240041388",2024,"Letsel",2,"Fiets","Fiets","Flank","Kruispunt, 3 takken",50,"Niet brandend","Daglicht","Droog",\N,\N,"Mr. F.A. van Hallweg","Amstelveen","Amstelveen","Noord-Holland",false,52.303888,4.850553,"injury","2","clear",false,1,"GM0362"
"20240041403",2024,"Uitsluitend materiele schade",2,"Fiets","Fiets","Frontaal","Rechte weg",30,"Niet brandend","Daglicht","Droog",\N,"224470016","Nijverheidsweg","Schagerbrug","Schagen","Noord-Holland",false,52.802713,4.753425,"material damage only","4","clear",false,1,"GM0441"
"20240042676",2024,"Letsel",2,"Personenauto","Fiets","Flank","Rotonde",50,"Niet brandend","Daglicht","Regen",\N,\N,"Veerweg","Papendrecht","Papendrecht","Zuid-Holland",false,51.835916,4.692414,"injury","2","rain",false,1,"GM0590"
"20240077059",2024,"Letsel",1,"Fiets",\N,"Flank","Rechte weg",\N,"Niet brandend","Daglicht","Regen",\N,"600743632","Zaanenstraat","Haarlem","Haarlem","Noord-Holland",false,52.400822,4.64786,"injury","2","rain",false,1,"GM0392"
"20240042715",2024,"Letsel",1,"Fiets",\N,"Eenzijdig","Rechte weg",60,"Niet brandend","Daglicht","Droog",\N,"169290028","Schieweg","Delft","Delft","Zuid-Holland",false,51.993147,4.367222,"injury","2","clear",false,1,"GM0503"
"20240072381",2024,"Letsel",1,"Fiets",\N,"Frontaal","Rechte weg",50,"Niet brandend","Daglicht","Droog",\N,"600552618","Henry Dunantlaan","Barendrecht","Barendrecht","Zuid-Holland",false,51.86255,4.534097,"injury","2","clear",false,1,"GM0489"
"20240081487",2024,"Letsel",2,"Fiets","Overig vast object","Vast voorwerp","Rechte weg",30,"Niet brandend","Daglicht","Droog",\N,"600493113","Goeverneurlaan","'s-Gravenhage","'s-Gravenhage","Zuid-Holland",false,52.059089,4.323602,"injury","2","clear",false,1,"GM0518"
"20240040024",2024,"Letsel",2,"Personenauto","Fiets","Flank","Rechte weg",50,"Brandend","Duisternis","Droog",\N,"242373163","Rokin","Amsterdam","Amsterdam","Noord-Holland",false,52.368657,4.892129,"injury","2","clear",false,1,"GM0363"
"20240047333",2024,"Letsel",2,"Personenauto","Fiets","Flank","Rechte weg",30,"Niet brandend","Daglicht","Droog",\N,"360559021","Stadionplein","Leeuwarden","Leeuwarden","Friesland",false,53.201637,5.768602,"injury","2","clear",false,1,"GM0080"
"20240072436",2024,"Letsel",2,"Motor","Fiets","Frontaal","Kruispunt, 3 takken",30,"Niet brandend","Daglicht","Droog",\N,\N,"Damseweg","Giessenburg","Molenlanden","Zuid-Holland",false,51.84491,4.865367,"injury","2","clear",false,1,"GM1978"
"20240077145",2024,"Letsel",2,"Fiets","Fiets","Onbekend","Rechte weg",30,"Niet brandend","Daglicht","Droog",\N,"251403114","Beatrixplein","Purmerend","Purmerend","Noord-Holland",false,52.503071,4.955317,"injury","2","clear",false,1,"GM0439"
"20240040738",2024,"Uitsluitend materiele schade",1,"e-bike",\N,"Onbekend","Kruispunt, 4 takken",15,"Niet brandend","Daglicht","Droog",\N,\N,"Kerklaan","Sassenheim","Teylingen","Zuid-Holland",false,52.227323,4.523701,"material damage only","4","clear",false,1,"GM1525"
"20240042202",2024,"Letsel",2,"Personenauto","Fiets","Kop/staart","Rechte weg",60,"Niet aanwezig","Daglicht","Droog",\N,"600706096","Kievitshoekweg","Serooskerke","Veere","Zeeland",false,51.553234,3.581789,"injury","2","clear",false,1,"GM0717"
"20240072498",2024,"Letsel",2,"Fiets","Boom","Vast voorwerp","Bocht",50,"Brandend","Duisternis","Droog",\N,"600789574","Taalstraat","Vught","Vught","Noord-Brabant",false,51.66309,5.296969,"injury","2","clear",false,1,"GM0865"
"20240072516",2024,"Uitsluitend materiele schade",2,"Personenauto","Fiets","Onbekend","Kruispunt, 3 takken",50,\N,"Daglicht",\N,\N,\N,"Dempseystraat","Sittard","Sittard-Geleen","Limburg",false,51.006284,5.853872,"material damage only","4","unknown",false,1,"GM1883"
"20240071906",2024,"Letsel",2,"Fiets","Scootmobiel","Flank","Rechte weg",50,"Niet brandend","Daglicht","Droog",\N,"600492373","Noordkade","Spijkenisse","Nissewaard","Zuid-Holland",false,51.850258,4.329443,"injury","2","clear",false,1,"GM1930"
"20240036890",2024,"Letsel",2,"Bromfiets","Fiets","Onbekend","Rechte weg",30,"Niet brandend","Daglicht","Droog",\N,"601026169","St. Titussingel","Nijmegen","Nijmegen","Gelderland",false,51.85005,5.872086,"injury","2","clear",false,1,"GM0268"
"20240042932",2024,"Letsel",1,"Fiets",\N,"Onbekend","Rechte weg",50,"Niet brandend","Daglicht","Droog",\N,"600526887","Componistenstraat","Gorinchem","Gorinchem","Zuid-Holland",false,51.831849,4.990488,"injury","2","clear",false,1,"GM0512"
"20240072001",2024,"Letsel",2,"Snorfiets","Fiets","Frontaal","Rechte weg",50,"Niet brandend","Daglicht","Droog","Tunnel","600676425","Spinozaweg","Rotterdam","Rotterdam","Zuid-Holland",false,51.880329,4.531488,"injury","2","clear",false,1,"GM0599"
"20240176356",2024,"Uitsluitend materiele schade",1,"Fiets",\N,"Onbekend",\N,50,\N,"Daglicht",\N,\N,"601115197","FIETSPAD","Rotterdam","Rotterdam","Zuid-Holland",false,51.937701,4.461586,"material damage only","4","unknown",false,1,"GM0599"
"20240033288",2024,"Letsel",2,"Personenauto","Fiets","Flank","Rechte weg",80,"Niet brandend","Daglicht","Droog",\N,"600854879","Poldersweg","Belfeld","Venlo","Limburg",false,51.312336,6.131609,"injury","2","clear",false,1,"GM0983"
"20240035462",2024,"Letsel",1,"Fiets",\N,"Flank","Kruispunt, 4 takken",30,"Niet brandend","Daglicht","Droog",\N,\N,"Stokkumseweg","'s-Heerenberg","Montferland","Gelderland",false,51.877661,6.238777,"injury","2","clear",false,1,"GM1955"
"20240040901",2024,"Letsel",2,"Personenauto","Fiets","Flank","Kruispunt, 3 takken",50,"Niet brandend","Daglicht","Droog",\N,\N,"Purcellstraat","Haarlem","Haarlem","Noord-Holland",false,52.368065,4.65648,"injury","2","clear",false,1,"GM0392"
"20240040905",2024,"Uitsluitend materiele schade",2,"Personenauto","Fiets","Flank","Rechte weg",30,"Niet brandend","Daglicht","Droog",\N,"240374010","Rozengracht","Amsterdam","Amsterdam","Noord-Holland",false,52.373024,4.879183,"material damage only","4","clear",false,1,"GM0363"
"20240047574",2024,"Uitsluitend materiele schade",2,"Personenauto","Fiets","Flank","Kruispunt, 3 takken",50,"Niet brandend","Daglicht","Droog",\N,\N,"Vegterswijk","Emmer-Compascuum","Emmen","Drenthe",false,52.802773,6.954653,"material damage only","4","clear",false,1,"GM0114"
"20240072008",2024,"Letsel",3,"Fiets","Fiets","Flank","Kruispunt, 4 takken",30,"Niet brandend","Daglicht","Droog",\N,\N,"Prinses Irenestraat","De Lier","Westland","Zuid-Holland",false,51.973409,4.250068,"injury","2","clear",false,1,"GM1783"
"20240040306",2024,"Letsel",1,"Fiets",\N,"Eenzijdig","Rechte weg",30,"Niet brandend","Daglicht","Droog",\N,"176336051","Bosplein","Katwijk","Katwijk","Zuid-Holland",false,52.197126,4.411625,"injury","2","clear",false,1,"GM0537"
"20240040955",2024,"Uitsluitend materiele schade",2,"Fiets","Personenauto","Frontaal","Rechte weg",30,"Niet brandend","Daglicht","Droog",\N,"236388001","Zuiderven","Zaandam","Zaanstad","Noord-Holland",false,52.433008,4.847096,"material damage only","4","clear",false,1,"GM0479"
"20240041732",2024,"Uitsluitend materiele schade",2,"Personenauto","Fiets","Flank","Kruispunt, 3 takken",30,"Niet brandend","Daglicht","Droog",\N,\N,"Pannekoekstraat","Rotterdam","Rotterdam","Zuid-Holland",false,51.923688,4.48736,"material damage only","4","clear",false,1,"GM0599"
"20240080122",2024,"Letsel",2,"e-bike","e-bike","Flank","Rotonde",30,"Niet brandend","Daglicht","Droog",\N,\N,"FIETSPAD","Zuid-Scharwoude","Dijk en Waard","Noord-Holland",false,52.687638,4.801801,"injury","2","clear",false,1,"GM1980"
"20240037053",2024,"Letsel",2,"Personenauto","Fiets","Flank","Rotonde",50,"Niet brandend","Daglicht","Droog",\N,\N,"Lauwers","Drachten","Smallingerland","Friesland",false,53.098129,6.063874,"injury","2","clear",false,1,"GM0090"
"20240038003",2024,"Letsel",2,"Personenauto","Fiets","Onbekend","Kruispunt, 4 takken",50,"Niet brandend","Daglicht","Droog",\N,\N,"G. Rietveldweg","Heerhugowaard","Dijk en Waard","Noord-Holland",false,52.664006,4.815626,"injury","2","clear",false,1,"GM1980"
"20240050700",2024,"Letsel",2,"Personenauto","Fiets","Flank","Rechte weg",50,"Niet brandend","Daglicht","Droog",\N,"212343002","Leimuiderdijk","Burgerveen","Haarlemmermeer","Noord-Holland",false,52.235087,4.677229,"injury","2","clear",false,1,"GM0394"
"20240040361",2024,"Letsel",1,"Fiets",\N,"Onbekend",\N,50,\N,"Daglicht",\N,\N,"600974889","Haagweg","Leiden","Leiden","Zuid-Holland",false,52.150672,4.464196,"injury","2","unknown",false,1,"GM0546"
"20240050764",2024,"Letsel",2,"Personenauto","Fiets","Onbekend","Kruispunt, 3 takken",50,"Niet brandend","Daglicht","Droog",\N,\N,"Dorpsstraat","Zwaag","Hoorn","Noord-Holland",false,52.65938,5.042661,"injury","2","clear",false,1,"GM0405"
"20230090470",2023,"Uitsluitend materiele schade",2,"Bromfiets","Fiets","Frontaal","Kruispunt, 4 takken",30,"Niet brandend","Daglicht","Droog",\N,\N,"Watersteeg","Leiden","Leiden","Zuid-Holland",false,52.15649,4.495023,"material damage only","4","clear",false,1,"GM0546"
"20230098027",2023,"Uitsluitend materiele schade",2,"Fiets","Personenauto","Flank","Rechte weg",50,"Brandend","Duisternis","Droog",\N,"600946166","Dammerweg","Weesp","Amsterdam","Noord-Holland",false,52.285216,5.069833,"material damage only","4","clear",false,1,"GM0363"
"20230101624",2023,"Uitsluitend materiele schade",2,"Personenauto","Fiets","Flank","Rechte weg",50,"Brandend","Schemer","Regen",\N,"240251002","Rivierdijk","Hardinxveld-Giessendam","Hardinxveld-Giessendam","Zuid-Holland",false,51.82096,4.887084,"material damage only","4","rain",false,1,"GM0523"
"20230104477",2023,"Letsel",2,"Personenauto","Fiets","Flank","Kruispunt, 4 takken",50,"Niet brandend","Schemer","Droog",\N,\N,"Diamantlaan","Groningen","Groningen","Groningen",false,53.221093,6.528785,"injury","2","clear",false,1,"GM0014"
"20230083474",2023,"Letsel",2,"Bromfiets","Fiets","Frontaal","Rechte weg",50,"Brandend","Duisternis","Droog",\N,"600541029","Hoendiep","Groningen","Groningen","Groningen",false,53.21413,6.534246,"injury","2","clear",false,1,"GM0014"
"20230096314",2023,"Uitsluitend materiele schade",2,"Personenauto","Fiets","Onbekend","Rechte weg",30,"Brandend","Schemer","Regen",\N,"239297036","Lange Burchwal","Oudewater","Oudewater","Utrecht",false,52.02425,4.872842,"material damage only","4","rain",false,1,"GM0589"
"20230102534",2023,"Uitsluitend materiele schade",2,\N,"Fiets","Onbekend","Rechte weg",50,"Niet brandend","Daglicht","Regen",\N,"240374065","Rozengracht","Amsterdam","Amsterdam","Noord-Holland",false,52.372713,4.877923,"material damage only","4","rain",false,1,"GM0363"