"accident_id","year","severity_raw","party_count","party1_type","party2_type","accident_type","road_situation","speed_limit_kmh","road_lighting","light_condition_label","weather_raw","infra_type","road_segment_id","street_name","place_name","gemeente_name_raw","province","alcohol_indicated","latitude","longitude","severity_label","severity_code","weather_label","built_up_area","cyclists_involved","gemeente_code"
"20230105442",2023,"Uitsluitend materiele schade",2,"Fiets","Personenauto","Geparkeerd voertuig","Rechte weg",50,"Brandend","Duisternis","Droog",\N,"405407004","Ruysdaelstraat","Zwolle","Zwolle","Overijssel",false,52.518035,6.092163,"material damage only","4","clear",false,1,"GM0193"
"20230106967",2023,"Letsel",2,"Personenauto","Fiets","Flank","Rotonde",50,"Brandend","Duisternis","Droog",\N,\N,"Ganzeweide","Heerlen","Heerlen","Limburg",false,50.914261,5.959912,"injury","2","clear",false,1,"GM0917"
"20230082353",2023,"Letsel",2,"Personenauto","Fiets","Flank","Rechte weg",50,"Brandend","Daglicht","Droog",\N,"392185040","Eikenlaan","Venray","Venray","Limburg",false,51.521114,5.981672,"injury","2","clear",false,1,"GM0984"
"20230099821",2023,"Letsel",1,"Fiets",\N,"Eenzijdig","Kruispunt, 4 takken",50,"Niet brandend","Daglicht","Droog",\N,\N,"Leutherweg","Venlo","Venlo","Limburg",false,51.355905,6.186613,"injury","2","clear",false,1,"GM0983"
"20230104523",2023,"Letsel",3,"Personenauto","Fiets","Onbekend","Kruispunt, 3 takken",50,"Niet brandend","Daglicht","Droog",\N,\N,"West","Buitenpost","Achtkarspelen","Friesland",false,53.253304,6.138851,"injury","2","clear",false,1,"GM0059"
"20230105477",2023,"Letsel",2,"Personenauto","Fiets","Flank","Rotonde",50,"Niet brandend","Daglicht","Regen",\N,\N,"Roelf Bosmastraat","Rijssen","Rijssen-Holten","Overijssel",false,52.300817,6.500874,"injury","2","rain",false,1,"GM1742"
"20230087012",2023,"Uitsluitend materiele schade",3,"Fiets","Personenauto","Onbekend","Rechte weg",30,"Niet brandend","Daglicht","Regen",\N,"239373012","Jacob van Lennepstraat","Amsterdam","Amsterdam","Noord-Holland",false,52.366024,4.87234,"material damage only","4","rain",false,1,"GM0363"
"20230089965",2023,"Letsel",1,"Fiets",\N,"Eenzijdig","Rechte weg",60,"Niet brandend","Daglicht","Droog",\N,"206335022","Kerkweg","Roelofarendsveen","Kaag en Braassem","Zuid-Holland",false,52.195326,4.62775,"injury","2","clear",false,1,"GM1884"
"20230096979",2023,"Letsel",2,"Personenauto","Fiets","Flank","Rotonde",50,"Niet brandend","Daglicht","Droog",\N,\N,"Plesmanlaan","Amsterdam","Amsterdam","Noord-Holland",false,52.350888,4.811495,"injury","2","clear",false,1,"GM0363"
"20230104997",2023,"Uitsluitend materiele schade",2,"Personenauto","Fiets","Onbekend","Rotonde",50,"Brandend","Duisternis","Regen",\N,\N,"Slotemaker de Bruïneweg","Nijmegen","Nijmegen","Gelderland",false,51.820379,5.846595,"material damage only","4","rain",false,1,"GM0268"
"20230091221",2023,"Letsel",2,"Bromfiets","Fiets","Frontaal","Rechte weg",\N,"Niet brandend","Schemer","Droog",\N,"366121023","ROERMONDSEWEG","Ell","Leudal","Limburg",false,51.235475,5.790102,"injury","2","clear",false,1,"GM1640"
"20230096995",2023,"Uitsluitend materiele schade",2,"Fiets","Fiets","Kop/staart","Rechte weg",\N,"Niet brandend","Daglicht","Regen",\N,"248367006","Rozenburglaan","Amsterdam","Amsterdam","Noord-Holland",false,52.339328,4.938924,"material damage only","4","rain",false,1,"GM0363"
"20230100992",2023,"Uitsluitend materiele schade",1,"Fiets",\N,"Onbekend","Rechte weg",50,"Brandend","Duisternis","Droog",\N,"183273075","Nieuwe Binnenweg","Rotterdam","Rotterdam","Zuid-Holland",false,51.915681,4.466942,"material damage only","4","clear",false,1,"GM0599"
"20230084777",2023,"Letsel",2,"Personenauto","Fiets","Flank","Kruispunt, 4 takken",80,"Niet brandend","Daglicht","Droog",\N,\N,"Amersfoortseweg","Huis ter Heide","Zeist","Utrecht",false,52.116941,5.269939,"injury","2","clear",false,1,"GM0355"
"20230096481",2023,"Letsel",2,"Bestelauto","Fiets","Flank","Kruispunt, 4 takken",50,"Niet brandend","Daglicht","Droog",\N,\N,"Utrechtseweg","IJsselstein","IJsselstein","Utrecht",false,52.020912,5.053093,"injury","2","clear",false,1,"GM0353"
"20230097038",2023,"Uitsluitend materiele schade",2,"Bromfiets","Fiets","Flank","Kruispunt, 3 takken",50,"Niet brandend","Daglicht","Droog",\N,\N,"Noorddammerlaan","Amstelveen","Amstelveen","Noord-Holland",false,52.292256,4.840133,"material damage only","4","clear",false,1,"GM0362"
"20230097057",2023,"Uitsluitend materiele schade",2,"Personenauto","Fiets","Onbekend","Kruispunt, 4 takken",50,"Brandend","Schemer","Regen",\N,\N,"Gildestraat","Heerhugowaard","Dijk en Waard","Noord-Holland",false,52.669235,4.819006,"material damage only","4","rain",false,1,"GM1980"
"20230103706",2023,"Uitsluitend materiele schade",3,"Fiets","Fiets","Onbekend","Rechte weg",30,"Brandend","Schemer","Droog",\N,"163259201","Eerste Heulbrugstraat","Spijkenisse","Nissewaard","Zuid-Holland",false,51.850225,4.325502,"material damage only","4","clear",false,1,"GM1930"
"20230105908",2023,"Uitsluitend materiele schade",2,"Personenauto","Fiets","Onbekend","Rechte weg",\N,\N,"Daglicht","Regen",\N,"600228610","Veldbloempad","Kampen","Kampen","Overijssel",false,52.553206,5.894314,"material damage only","4","rain",false,1,"GM0166"
"20230083089",2023,"Letsel",2,"Fiets","Fiets","Flank","Kruispunt, 3 takken",30,"Niet brandend","Daglicht","Regen",\N,\N,"Het Zwanevlot","Zutphen","Zutphen","Gelderland",false,52.124794,6.201593,"injury","2","rain",false,1,"GM0301"
"20230102710",2023,"Uitsluitend materiele schade",2,"Bromfiets","Fiets","Flank","Rechte weg",80,"Niet brandend","Daglicht","Regen",\N,\N,"Kruithuispad","Delft","Delft","Zuid-Holland",false,51.991981,4.370066,"material damage only","4","rain",false,1,"GM0503"
"20230105082",2023,"Letsel",2,"Fiets","Fiets","Geparkeerd voertuig","Rechte weg",60,"Niet brandend","Daglicht","Regen",\N,"600875361","Heuveltjeslaan","Aadorp","Almelo","Overijssel",false,52.380552,6.632924,"injury","2","rain",false,1,"GM0141"
"20230106719",2023,"Letsel",3,"Personenauto","Fiets","Onbekend","Rechte weg",80,"Niet brandend","Daglicht","Droog",\N,\N,"Middenpeelweg","Maasbree","Peel en Maas","Limburg",false,51.337209,6.032756,"injury","2","clear",false,1,"GM1894"
"20230079612",2023,"Letsel",2,"Personenauto","e-bike","Flank","Rechte weg",30,"Niet brandend","Daglicht","Droog",\N,"272242005","Maasdijk","Wijk en Aalburg","Altena","Noord-Brabant",false,51.778021,5.114539,"injury","2","clear",false,1,"GM1959"
"20230091308",2023,"Letsel",2,"Bromfiets","Fiets","Kop/staart","Rechte weg",50,"Brandend","Duisternis","Droog",\N,"600725028","Stationsstraat","Roosendaal","Roosendaal","Noord-Brabant",false,51.534679,4.453087,"injury","2","clear",false,1,"GM1674"
"20230097117",2023,"Uitsluitend materiele schade",3,"Fiets","Personenauto","Onbekend","Rechte weg",50,"Niet brandend","Daglicht","Droog",\N,"244373209","Valkenburgerstraat","Amsterdam","Amsterdam","Noord-Holland",false,52.36951,4.906751,"material damage only","4","clear",false,1,"GM0363"
"20230085484",2023,"Uitsluitend materiele schade",2,"Personenauto","Fiets","Flank","Kruispunt, 3 takken",30,"Niet brandend","Daglicht","Regen",\N,"376279078","Limburgsingel","Arnhem","Arnhem","Gelderland",false,51.943884,5.868154,"material damage only","4","rain",false,1,"GM0202"
"20230086604",2023,"Uitsluitend materiele schade",2,"Fiets","Motor","Geparkeerd voertuig","Rechte weg",30,"Brandend","Duisternis","Droog",\N,"241377105","Haarlemmerdijk","Amsterdam","Amsterdam","Noord-Holland",false,52.383582,4.885565,"material damage only","4","clear",false,1,"GM0363"
"20230079675",2023,"Uitsluitend materiele schade",2,"Bromfiets","Fiets","Flank","Kruispunt, 4 takken",50,"Niet brandend","Daglicht","Droog",\N,\N,"Boermarke","Rotterdam","Rotterdam","Zuid-Holland",false,51.934044,4.498779,"material damage only","4","clear",false,1,"GM0599"
"20230081443",2023,"Letsel",2,"Fiets","Fiets","Flank","Kruispunt, 3 takken",50,"Niet brandend","Daglicht","Regen",\N,\N,"Van 't Hoffstraat","Ridderkerk","Ridderkerk","Zuid-Holland",false,51.867116,4.621293,"injury","2","rain",false,1,"GM0597"
"20230093737",2023,"Letsel",2,"Personenauto","Fiets","Flank","Kruispunt, 4 takken",50,"Niet brandend","Daglicht","Regen",\N,\N,"Sophiaweg","Nijmegen","Nijmegen","Gelderland",false,51.831675,5.896413,"injury","2","rain",false,1,"GM0268"
"20230094307",2023,"Letsel",2,"Personenauto","e-bike","Flank","Kruispunt, 3 takken",50,"Niet brandend","Daglicht","Droog",\N,\N,"Generaal Hackettlaan","Ede","Ede","Gelderland",false,52.040128,5.692309,"injury","2","clear",false,1,"GM0228"
"20230097770",2023,"Uitsluitend materiele schade",2,"Personenauto","Fiets","Flank","Kruispunt, 4 takken",50,"Niet brandend","Daglicht","Droog",\N,\N,"Vondelstraat","Alkmaar","Alkmaar","Noord-Holland",false,52.620065,4.74746,"material damage only","4","clear",false,1,"GM0361"
"20230106837",2023,"Letsel",3,"Snorfiets","Fiets","Onbekend","Rechte weg",50,"Niet brandend","Daglicht","Droog",\N,"600490144","Venloseweg","Tegelen","Venlo","Limburg",false,51.350013,6.146786,"injury","2","clear",false,1,"GM0983"
"20230081467",2023,"Letsel",3,"Bromfiets","Fiets","Onbekend","Rechte weg",30,"Niet brandend","Daglicht","Droog",\N,"281196061","Moergestelseweg","Oisterwijk","Oisterwijk","Noord-Brabant",false,51.573214,5.182333,"injury","2","clear",false,1,"GM0824"
"20230087869",2023,"Letsel",2,"Personenauto","e-bike","Los voorwerp","Kruispunt, 4 takken",30,"Niet brandend","Daglicht","Regen",\N,\N,"Spreeuwenlaan","Schagen","Schagen","Noord-Holland",false,52.783359,4.784297,"injury","2","rain",false,1,"GM0441"
"20230087881",2023,"Uitsluitend materiele schade",2,"Bromfiets","Fiets","Flank","Kruispunt, 3 takken",50,"Brandend","Duisternis","Droog",\N,\N,"tt. Vasumweg","Amsterdam","Amsterdam","Noord-Holland",false,52.406373,4.888935,"material damage only","4","clear",false,1,"GM0363"
"20230088464",2023,"Letsel",3,"Personenauto","Fiets","Los voorwerp","Kruispunt, 3 takken",30,"Niet brandend","Daglicht","Droog",\N,\N,"Brugpad","Terneuzen","Terneuzen","Zeeland",false,51.33512,3.828089,"injury","2","clear",false,1,"GM0715"
"20230088479",2023,"Letsel",2,"Fiets","Personenauto","Flank","Rotonde",50,"Niet brandend","Daglicht","Regen",\N,\N,"Eikenlaan","Spijkenisse","Nissewaard","Zuid-Holland",false,51.84185,4.331052,"injury","2","rain",false,1,"GM1930"
"20230089032",2023,"Letsel",2,"Fiets","Fiets","Los voorwerp","Rechte weg",80,"Niet brandend","Daglicht","Droog",\N,"601055358","DOENKADE","Rotterdam","Rotterdam","Zuid-Holland",false,51.957022,4.433704,"injury","2","clear",false,1,"GM0599"
"20230086717",2023,"Letsel",2,"Fiets","Fiets","Onbekend","Rechte weg",30,"Niet brandend","Daglicht","Droog",\N,"600556422","Zwartendijk","Monster","Westland","Zuid-Holland",false,52.019522,4.187376,"injury","2","clear",false,1,"GM1783"
"20230092646",2023,"Uitsluitend materiele schade",2,"Personenauto","Fiets","Onbekend","Rotonde",50,"Niet brandend","Daglicht","Droog",\N,\N,"Merwedelaan","'s-Hertogenbosch","'s-Hertogenbosch","Noord-Brabant",false,51.690285,5.3249,"material damage only","4","clear",false,1,"GM0796"
"20230094954",2023,"Letsel",1,"Fiets",\N,"Eenzijdig","Kruispunt, 4 takken",50,"Brandend","Duisternis","Regen",\N,\N,"Oud Kaatsveld","Franeker","Waadhoeke","Friesland",false,53.185315,5.548672,"injury","2","rain",false,1,"GM1949"
"20230095541",2023,"Uitsluitend materiele schade",2,"Personenauto","Fiets","Flank","Kruispunt, 4 takken",50,"Brandend","Duisternis","Droog",\N,\N,"Van Hoornekade","Utrecht","Utrecht","Utrecht",false,52.109062,5.097709,"material damage only","4","clear",false,1,"GM0344"
"20230099009",2023,"Uitsluitend materiele schade",2,"Personenauto","Fiets","Flank","Kruispunt, 4 takken",50,"Niet brandend","Daglicht","Droog",\N,\N,"Frontstraat","Uden","Maashorst","Noord-Brabant",false,51.652465,5.647668,"material damage only","4","clear",false,1,"GM1991"
"20230106889",2023,"Letsel",2,"Personenauto","Fiets","Flank","Rotonde",50,"Niet brandend","Schemer","Droog",\N,\N,"Aveling","Hoogvliet Rotterdam","Rotterdam","Zuid-Holland",false,51.855608,4.370513,"injury","2","clear",false,1,"GM0599"
"20230080346",2023,"Letsel",2,"Personenauto","Fiets","Frontaal","Kruispunt, 4 takken",30,"Niet brandend","Daglicht","Droog",\N,\N,"Burg Dregmansstraat","Koudekerke","Veere","Zeeland",false,51.479706,3.55634,"injury","2","clear",false,1,"GM0717"
"20230081519",2023,"Letsel",2,"Fiets","Personenauto","Flank","Rotonde",50,"Niet brandend","Daglicht","Droog",\N,"139255098","Kooilaan","Hellevoetsluis","Voorne aan Zee","Zuid-Holland",false,51.832278,4.152568,"injury","2","clear",false,1,"GM1992"
"20230089713",2023,"Uitsluitend materiele schade",2,"Fiets","Personenauto","Onbekend","Kruispunt, 4 takken",50,"Brandend","Duisternis","Droog",\N,\N,"Heulslootweg","Bleiswijk","Lansingerland","Zuid-Holland",false,52.018657,4.536098,"material damage only","4","clear",false,1,"GM1621"
"20230103951",2023,"Uitsluitend materiele schade",1,"Fiets",\N,"Flank","Kruispunt, 3 takken",30,"Niet brandend","Daglicht","Droog",\N,\N,"Noorder Parallelweg","Ede","Ede","Gelderland",false,52.032391,5.648592,"material damage only","4","clear",false,1,"GM0228"
"20230091534",2023,"Letsel",2,"Personenauto","Fiets","Flank","Rechte weg",50,"Niet brandend","Daglicht","Droog",\N,"292226025","Rietveldenweg","'s-Hertogenbosch","'s-Hertogenbosch","Noord-Brabant",false,51.708096,5.263639,"injury","2","clear",false,1,"GM0796"
"20230080433",2023,"Letsel",2,"Personenauto","Fiets","Flank","Kruispunt, 4 takken",30,"Niet brandend","Daglicht","Regen",\N,\N,"Scheldestraat","Lewedorp","Borsele","Zeeland",false,51.493841,3.748241,"injury","2","rain",false,1,"GM0654"
"20230085691",2023,"Letsel",2,"Personenauto","Fiets","Flank","Kruispunt, 3 takken",30,\N,"Daglicht",\N,\N,\N,"Westerdorpsstraat","Hoevelaken","Nijkerk","Gelderland",false,52.175134,5.453355,"injury","2","unknown",false,1,"GM0267"
"20230093344",2023,"Letsel",2,"Bestelauto","Fiets","Geparkeerd voertuig","Rechte weg",30,"Niet brandend","Daglicht","Droog",\N,"600541596","Damsterdiep","Groningen","Groningen","Groningen",false,53.220777,6.584072,"injury","2","clear",false,1,"GM0014"
"20230093887",2023,"Uitsluitend materiele schade",2,"Bestelauto","e-bike","Flank","Kruispunt, 3 takken",60,"Niet brandend","Daglicht","Droog",\N,\N,"Schooldijk","Loozen","Hardenberg","Overijssel",false,52.593189,6.664405,"material damage only","4","clear",false,1,"GM0160"
"20230104050",2023,"Letsel",2,"Bromfiets","Fiets","Frontaal","Rechte weg",30,"Brandend","Duisternis","Droog",\N,"515338077","Knalhutteweg","Enschede","Enschede","Overijssel",true,52.199787,6.894538,"injury","2","clear",false,1,"GM0153"
"20230085132",2023,"Letsel",2,"Fiets","Fiets","Onbekend","Rechte weg",80,"Niet brandend","Duisternis","Regen",\N,"600537151","FIETSPAD","Asperen","West Betuwe","Gelderland",false,51.887995,5.09064,"injury","2","rain",false,1,"GM1960"
"20230087441",2023,"Letsel",2,"Personenauto","Fiets","Geparkeerd voertuig","Rechte weg",50,"Brandend","Duisternis","Regen","Parkeervoorziening","240372081","Stadhouderskade","Amsterdam","Amsterdam","Noord-Holland",false,52.362108,4.880986,"injury","2","rain",false,1,"GM0363"
"20230089266",2023,"Letsel",2,"Fiets","Fiets","Flank","Rechte weg",30,"Niet brandend","Daglicht","Droog",\N,"207250088","Westelijke Parallelweg","Zwijndrecht","Zwijndrecht","Zuid-Holland",false,51.814194,4.64243,"injury","2","clear",false,1,"GM0642"
"20230062193",2023,"Uitsluitend materiele schade",2,"Fiets","Personenauto","Flank","Rotonde",50,"Niet brandend","Daglicht","Droog",\N,\N,"de Diepteweg","'s-Hertogenbosch","'s-Hertogenbosch","Noord-Brabant",false,51.728519,5.330513,"material damage only","4","clear",false,1,"GM0796"
"20220006404",2022,"Letsel",2,"Personenauto","e-bike","Los voorwerp","Kruispunt, 4 takken",50,"Niet brandend","Daglicht","Droog",\N,"362260220","Glazenier","Beuningen Gld","Beuningen","Gelderland",false,51.857847,5.766132,"injury","2","clear",false,1,"GM0209"
"20230000125",2023,"Letsel",2,"Personenauto","Fiets","Flank","Rechte weg",30,"Niet brandend","Daglicht","Droog",\N,"600936952","Waarbekenweg","Hengelo","Hengelo (O)","Overijssel",false,52.2581,6.801998,"injury","2","clear",false,1,\N
"20220006977",2022,"Letsel",2,"Bestelauto","Fiets","Frontaal","Rechte weg",60,"Brandend","Duisternis",\N,\N,"460359029","Holterstraatweg","Rijssen","Rijssen-Holten","Overijssel",false,52.303253,6.490598,"injury","2","unknown",false,1,"GM1742"
"20220008603",2022,"Letsel",2,"Fiets","Personenauto","Flank","Kruispunt, 4 takken",50,"Niet brandend","Daglicht",\N,\N,\N,"Wijersstraat","Amersfoort","Amersfoort","Utrecht",false,52.153651,5.378665,"injury","2","unknown",false,1,"GM0307"
"20220130815",2022,"Uitsluitend materiele schade",2,"Fiets","Fiets","Frontaal","Rotonde",\N,"Niet brandend","Daglicht","Droog",\N,\N,"Berghemseweg","Herpen","Oss","Noord-Brabant",false,51.770456,5.620089,"material damage only","4","clear",false,1,"GM0828"
"20220126158",2022,"Letsel",2,"Personenauto","Fiets","Flank","Kruispunt, 4 takken",50,"Niet brandend","Daglicht","Droog",\N,\N,"Leeghwaterplein","'s-Gravenhage","'s-Gravenhage","Zuid-Holland",false,52.06752,4.320185,"injury","2","clear",false,1,"GM0518"
"20240004036",2024,"Uitsluitend materiele schade",2,"Personenauto","Fiets","Flank","Kruispunt, 3 takken",50,"Niet brandend","Daglicht","Sneeuw/Hagel",\N,\N,"Zweedsestraat","Deventer","Deventer","Overijssel",false,52.249319,6.202826,"material damage only","4","unknown",false,1,"GM0150"
"20240004066",2024,"Uitsluitend materiele schade",1,"Fiets",\N,"Onbekend","Rechte weg",50,"Niet brandend","Daglicht","Droog",\N,"600364222","Boksdoornstraat","Nijmegen","Nijmegen","Gelderland",false,51.837069,5.837381,"material damage only","4","clear",false,1,"GM0268"
"20220068134",2022,"Uitsluitend materiele schade",2,"Bestelauto","Fiets","Flank","Kruispunt, 3 takken",50,"Niet brandend","Daglicht","Droog",\N,"298226008","Het Wielsem","'s-Hertogenbosch","'s-Hertogenbosch","Noord-Brabant",false,51.709245,5.305689,"material damage only","4","clear",false,1,"GM0796"
"20220078881",2022,"Letsel",2,"Motor","Fiets","Onbekend","Rechte weg",70,"Niet brandend","Daglicht","Droog",\N,"206380069","Delftlaan","Haarlem","Haarlem","Noord-Holland",false,52.399336,4.628108,"injury","2","clear",false,1,"GM0392"
"20220089305",2022,"Letsel",2,"Personenauto","Fiets","Flank","Kruispunt, 4 takken",50,"Niet brandend","Daglicht","Droog",\N,\N,"Jagersheuvelstraat","'s-Hertogenbosch","'s-Hertogenbosch","Noord-Brabant",false,51.695824,5.284032,"injury","2","clear",false,1,"GM0796"
"20220089314",2022,"Letsel",2,"Personenauto","Fiets","Flank","Kruispunt, 4 takken",30,"Niet brandend","Daglicht","Regen",\N,\N,"Veldstraat","Deurne","Deurne","Noord-Brabant",false,51.464607,5.802981,"injury","2","rain",false,1,"GM0762"
"20220056387",2022,"Letsel",2,"Personenauto","Fiets","Flank","Rotonde",50,"Niet brandend","Daglicht","Regen",\N,\N,"Prinses Margrietlaan","Alphen aan den Rijn","Alphen aan den Rijn","Zuid-Holland",false,52.135577,4.648907,"injury","2","rain",false,1,"GM0484"
"20220059269",2022,"Uitsluitend materiele schade",2,"Fiets","Bromfiets","Flank","Rechte weg",50,"Niet brandend","Daglicht","Droog",\N,"186326077","Stadhouderslaan","Leiden","Leiden","Zuid-Holland",false,52.151442,4.485895,"material damage only","4","clear",false,1,"GM0546"
"20220066755",2022,"Letsel",2,"Personenauto","Fiets","Onbekend","Rotonde",50,"Niet aanwezig","Daglicht","Droog",\N,\N,"Geldropseweg","Mierlo","Geldrop-Mierlo","Noord-Brabant",false,51.442397,5.608127,"injury","2","clear",false,1,"GM1771"
"20220080610",2022,"Uitsluitend materiele schade",2,"Personenauto","e-bike","Flank","Kruispunt, 4 takken",50,"Niet brandend","Daglicht","Regen",\N,\N,"Nieuwe Prinsengracht","Amsterdam","Amsterdam","Noord-Holland",false,52.363402,4.906876,"material damage only","4","rain",false,1,"GM0363"
"20220081443",2022,"Letsel",3,"Personenauto","Fiets","Flank","Rechte weg",30,"Niet brandend","Daglicht","Droog",\N,"600362829","Lauriergracht","Amsterdam","Amsterdam","Noord-Holland",false,52.371412,4.880443,"injury","2","clear",false,1,"GM0363"
"20220046450",2022,"Letsel",2,"Bestelauto","Fiets","Flank","Kruispunt, 3 takken",60,"Niet brandend","Daglicht","Droog",\N,\N,"Petersweg","Nieuwleusen","Dalfsen","Overijssel",false,52.563102,6.257054,"injury","2","clear",false,1,"GM0148"
"20220047825",2022,"Uitsluitend materiele schade",2,"Personenauto","Fiets","Onbekend","Kruispunt, 4 takken",50,"Niet brandend","Daglicht","Droog",\N,\N,"Waltastate","Almelo","Almelo","Overijssel",false,52.379151,6.671237,"material damage only","4","clear",false,1,"GM0141"
"20220069941",2022,"Uitsluitend materiele schade",2,"Snorfiets","Fiets","Onbekend","Rechte weg",50,"Niet brandend","Daglicht","Droog",\N,"600382469","Burg Gommansstraat","Venlo","Venlo","Limburg",false,51.371691,6.150437,"material damage only","4","clear",false,1,"GM0983"
"20220079813",2022,"Letsel",2,"Personenauto","Fiets","Flank","Kruispunt, 3 takken",50,"Niet brandend","Daglicht","Droog",\N,\N,"Glipper Dreef","Heemstede","Heemstede","Noord-Holland",false,52.338864,4.620779,"injury","2","clear",false,1,"GM0397"
"20220080761",2022,"Uitsluitend materiele schade",2,"Personenauto","Fiets","Onbekend","Kruispunt, 3 takken",50,"Brandend","Duisternis","Regen",\N,\N,"Haarlemmerweg","Amsterdam","Amsterdam","Noord-Holland",false,52.385309,4.869307,"material damage only","4","rain",false,1,"GM0363"
"20220083713",2022,"Uitsluitend materiele schade",2,"Bromfiets","Fiets","Onbekend","Rechte weg",50,"Niet brandend","Daglicht","Droog",\N,"187329167","Pasteurstraat","Leiden","Leiden","Zuid-Holland",false,52.168254,4.492639,"material damage only","4","clear",false,1,"GM0546"
"20220092803",2022,"Letsel",2,"Personenauto","Fiets","Flank","Kruispunt, 3 takken",50,"Niet brandend","Daglicht","Regen",\N,\N,"Boterdiep","Groningen","Groningen","Groningen",false,53.226115,6.561848,"injury","2","rain",false,1,"GM0014"
"20220093680",2022,"Letsel",3,"Vrachtauto","Fiets","Onbekend","Rechte weg",80,"Niet brandend","Daglicht","Droog",\N,"600515997","Berencamperweg","Nijkerk","Nijkerk","Gelderland",false,52.240072,5.482939,"injury","2","clear",false,1,"GM0267"
"20220093778",2022,"Uitsluitend materiele schade",2,"Vrachtauto","Fiets","Flank",\N,50,"Niet brandend","Daglicht","Droog",\N,\N,"Buurserstraat","Enschede","Enschede","Overijssel",false,52.190113,6.888891,"material damage only","4","clear",false,1,"GM0153"
"20220110757",2022,"Uitsluitend materiele schade",2,"Personenauto","Fiets","Flank","Kruispunt, 3 takken",50,"Niet brandend","Daglicht","Droog",\N,\N,"Sint Bavostraat","Rijsbergen","Zundert","Noord-Brabant",false,51.515651,4.700952,"material damage only","4","clear",false,1,"GM0879"
"20220080950",2022,"Uitsluitend materiele schade",2,"Bromfiets","Fiets","Frontaal","Rechte weg",50,"Niet brandend","Daglicht","Droog",\N,"244374169","Prins Hendrikkade","Amsterdam","Amsterdam","Noord-Holland",false,52.373924,4.905802,"material damage only","4","clear",false,1,"GM0363"
"20220111621",2022,"Letsel",2,"Bromfiets","Fiets","Flank","Kruispunt, 4 takken",30,"Niet brandend","Daglicht","Droog",\N,\N,"Aastraat","'s-Hertogenbosch","'s-Hertogenbosch","Noord-Brabant",false,51.690741,5.316493,"injury","2","clear",false,1,"GM0796"
"20220112347",2022,"Uitsluitend materiele schade",2,"Personenauto","Fiets","Onbekend","Rotonde",50,"Niet brandend","Daglicht","Droog",\N,\N,"Kempenweg","Oirschot","Oirschot","Noord-Brabant",false,51.503716,5.314996,"material damage only","4","clear",false,1,"GM0823"
"20220112471",2022,"Uitsluitend materiele schade",2,"Personenauto","Fiets","Flank","Kruispunt, 4 takken",60,"Niet brandend","Daglicht","Droog",\N,\N,"Neerrijt","Luyksgestel","Bergeijk","Noord-Brabant",false,51.296537,5.323594,"material damage only","4","clear",false,1,"GM1724"
"20220032110",2022,"Uitsluitend materiele schade",2,"Personenauto","Fiets","Flank","Rechte weg",50,"Brandend","Schemer","Regen",\N,"462482021","Stationslaan","Beilen","Midden-Drenthe","Drenthe",false,52.855171,6.520753,"material damage only","4","rain",false,1,"GM1731"
"20220055371",2022,"Letsel",2,"Fiets","Personenauto","Geparkeerd voertuig","Rechte weg",30,"Niet brandend","Daglicht","Droog","Parkeervoorziening","241376021","Willemsstraat","Amsterdam","Amsterdam","Noord-Holland",false,52.380942,4.882581,"injury","2","clear",false,1,"GM0363"
"20220071907",2022,"Uitsluitend materiele schade",2,"Fiets","Fiets","Flank","Kruispunt, 4 takken",30,"Niet brandend","Daglicht","Droog",\N,\N,"Europalaan","Stadskanaal","Stadskanaal","Groningen",false,52.990957,6.961113,"material damage only","4","clear",false,1,"GM0037"
"20220113739",2022,"Uitsluitend materiele schade",2,"e-bike","Personenauto","Frontaal","Kruispunt, 3 takken",30,"Niet brandend","Daglicht","Droog",\N,\N,"Steinweg","Voerendaal","Voerendaal","Limburg",false,50.885352,5.917406,"material damage only","4","clear",false,1,"GM0986"
"20220114386",2022,"Letsel",2,"Personenauto","Fiets","Frontaal","Rotonde",30,"Niet aanwezig","Daglicht","Droog",\N,\N,"Rykswei","Kootstertille","Achtkarspelen","Friesland",false,53.226453,6.084097,"injury","2","clear",false,1,"GM0059"
"20220023098",2022,"Uitsluitend materiele schade",2,"Personenauto","Fiets","Flank","Kruispunt, 4 takken",50,"Niet brandend","Daglicht","Droog",\N,\N,"Hoogwerfsingel","Spijkenisse","Nissewaard","Zuid-Holland",false,51.853168,4.317301,"material damage only","4","clear",false,1,"GM1930"
"20220025640",2022,"Uitsluitend materiele schade",2,"Fiets","e-bike","Flank","Kruispunt, 4 takken",\N,"Brandend","Duisternis","Mist",\N,\N,"Verre weide","Veen","Altena","Noord-Brabant",false,51.773345,5.088122,"material damage only","4","fog",false,1,"GM1959"
"20220056979",2022,"Letsel",1,"e-bike",\N,"Eenzijdig","Bocht",30,"Brandend","Duisternis","Droog",\N,"176337093","Industrieweg","Katwijk","Katwijk","Zuid-Holland",false,52.202995,4.414637,"injury","2","clear",false,1,"GM0537"
"20220057007",2022,"Letsel",1,"Fiets",\N,"Eenzijdig","Kruispunt, 3 takken",50,"Niet brandend","Daglicht","Droog","Brug/viaduct",\N,"Oude Veiling","Maasland","Midden-Delfland","Zuid-Holland",false,51.927406,4.270972,"injury","2","clear",false,1,"GM1842"