"accident_id","year","severity_raw","party_count","party1_type","party2_type","accident_type","road_situation","speed_limit_kmh","road_lighting","light_condition_label","weather_raw","infra_type","road_segment_id","street_name","place_name","gemeente_name_raw","province","alcohol_indicated","latitude","longitude","severity_label","severity_code","weather_label","built_up_area","cyclists_involved","gemeente_code"
"20220059560",2022,"Uitsluitend materiele schade",3,"Personenauto","Fiets","Onbekend","Rechte weg",30,"Brandend","Duisternis","Droog",\N,"600105506","Loosduinseweg","'s-Gravenhage","'s-Gravenhage","Zuid-Holland",false,52.071364,4.286603,"material damage only","4","clear",false,1,"GM0518"
"20220067282",2022,"Letsel",2,"Bestelauto","Fiets","Flank","Rechte weg",50,"Niet brandend","Daglicht","Regen",\N,"600828360","Dunantweg","Deurne","Deurne","Noord-Brabant",false,51.469135,5.798571,"injury","2","rain",false,1,"GM0762"
"20220104851",2022,"Letsel",2,"Bromfiets","Fiets","Flank","Rechte weg",30,"Niet brandend","Daglicht","Droog",\N,"164299036","Pieter Postmapad","Rijswijk","Rijswijk","Zuid-Holland",false,52.030211,4.324538,"injury","2","clear",false,1,\N
"20220017845",2022,"Letsel",2,"Personenauto","Fiets","Flank","Rotonde",50,"Brandend","Schemer","Droog",\N,\N,"De la Reyweg","'s-Gravenhage","'s-Gravenhage","Zuid-Holland",false,52.067277,4.28648,"injury","2","clear",false,1,"GM0518"
"20220039979",2022,"Letsel",2,"Personenauto","e-bike","Frontaal","Rechte weg",60,"Brandend","Duisternis","Droog",\N,"397150002","Breetse Peelweg","Maasbree","Peel en Maas","Limburg",false,51.364231,6.020155,"injury","2","clear",false,1,"GM1894"
"20220055511",2022,"Uitsluitend materiele schade",3,"Bromfiets","Fiets","Onbekend","Bocht",50,"Brandend","Duisternis","Droog",\N,"600213100","Westelijk Halfrond","Amstelveen","Amstelveen","Noord-Holland",false,52.308875,4.874374,"material damage only","4","clear",false,1,"GM0362"
"20220079530",2022,"Letsel",1,"Fiets",\N,"Eenzijdig","Rechte weg",50,"Niet aanwezig","Duisternis","Droog",\N,"261434059","Oosteinde","Berkhout","Koggenland","Noord-Holland",false,52.643545,5.029394,"injury","2","clear",false,1,"GM1598"
"20220105314",2022,"Uitsluitend materiele schade",2,"Personenauto","Fiets","Flank","Rechte weg",50,"Niet brandend","Daglicht","Droog",\N,"209298003","Coenecoop","Waddinxveen","Waddinxveen","Zuid-Holland",false,52.029717,4.654373,"material damage only","4","clear",false,1,"GM0627"
"20220106621",2022,"Uitsluitend materiele schade",2,"Snorfiets","Fiets","Onbekend","Rechte weg",50,"Niet brandend","Daglicht","Droog",\N,"600656068","FIETSPAD","Dordrecht","Dordrecht","Zuid-Holland",false,51.76191,4.734503,"material damage only","4","clear",false,1,"GM0505"
"20220034248",2022,"Uitsluitend materiele schade",2,"Personenauto","Fiets","Onbekend","Kruispunt, 4 takken",50,"Niet brandend","Daglicht","Droog",\N,\N,"Constant Erzeijstraat","Utrecht","Utrecht","Utrecht",false,52.066403,5.119856,"material damage only","4","clear",false,1,"GM0344"
"20220036093",2022,"Uitsluitend materiele schade",2,"Personenauto","e-bike","Flank","Kruispunt, 4 takken",50,"Brandend","Duisternis","Droog",\N,\N,"Nieuwe Prinsengracht","Amsterdam","Amsterdam","Noord-Holland",false,52.363402,4.906876,"material damage only","4","clear",false,1,"GM0363"
"20220045511",2022,"Letsel",2,"Personenauto","Fiets","Flank","Kruispunt, 4 takken",50,\N,"Daglicht","Droog",\N,\N,"Schouwinkstraat","Enschede","Enschede","Overijssel",false,52.228623,6.903957,"injury","2","clear",false,1,"GM0153"
"20220054240",2022,"Letsel",2,"Fiets","Lichtmast","Vast voorwerp","Rechte weg",30,"Brandend","Duisternis","Droog",\N,"246367041","Weesperzijde","Amsterdam","Amsterdam","Noord-Holland",false,52.342189,4.923126,"injury","2","clear",false,1,"GM0363"
"20220072166",2022,"Uitsluitend materiele schade",2,"Personenauto","Fiets","Flank","Kruispunt, 3 takken",50,"Niet brandend","Daglicht","Droog",\N,\N,"Scheerturfstraat","Schoonoord","Coevorden","Drenthe",false,52.847819,6.755736,"material damage only","4","clear",false,1,"GM0109"
"20220080264",2022,"Letsel",1,"Fiets",\N,"Eenzijdig","Rechte weg",30,"Niet brandend","Daglicht","Droog",\N,"600752308","Frieseweg","Alkmaar","Alkmaar","Noord-Holland",false,52.632134,4.754612,"injury","2","clear",false,1,"GM0361"
"20220081224",2022,"Uitsluitend materiele schade",2,"Personenauto","Fiets","Geparkeerd voertuig","Rechte weg",50,"Niet brandend","Daglicht",\N,"Parkeervoorziening","238370030","Koninginneweg","Amsterdam","Amsterdam","Noord-Holland",false,52.353675,4.864978,"material damage only","4","unknown",false,1,"GM0363"
"20220108050",2022,"Uitsluitend materiele schade",2,"Fiets","Personenauto","Flank","Kruispunt, 4 takken",50,"Niet brandend","Daglicht","Regen",\N,\N,"Frans Lebretlaan","Dordrecht","Dordrecht","Zuid-Holland",false,51.802285,4.65858,"material damage only","4","rain",false,1,"GM0505"
"20220095257",2022,"Letsel",2,"Personenauto","Fiets","Geparkeerd voertuig","Kruispunt, 4 takken",30,"Niet brandend","Daglicht","Droog","Parkeervoorziening",\N,"Steenwijkerdiep","Steenwijk","Steenwijkerland","Overijssel",false,52.787237,6.108645,"injury","2","clear",false,1,"GM1708"
"20220096654",2022,"Letsel",2,"Bestelauto","Fiets","Flank","Kruispunt, 4 takken",30,"Niet brandend","Daglicht","Droog",\N,\N,"Droevendaalsesteeg","Wageningen","Wageningen","Gelderland",false,51.986573,5.665626,"injury","2","clear",false,1,"GM0289"
"20220034476",2022,"Letsel",2,"Personenauto","Fiets","Frontaal","Kruispunt, 3 takken",30,"Niet brandend","Daglicht","Regen",\N,\N,"Zuidwenk","Bunschoten-Spakenburg","Bunschoten","Utrecht",false,52.249936,5.378662,"injury","2","rain",false,1,"GM0313"
"20220041967",2022,"Letsel",1,"Fiets",\N,"Eenzijdig","Rechte weg",50,"Niet aanwezig","Daglicht","Droog",\N,"600870366","Heuvingerweg","Hooghalen","Midden-Drenthe","Drenthe",false,52.916467,6.543825,"injury","2","clear",false,1,"GM1731"
"20220059793",2022,"Letsel",2,"Personenauto","Fiets","Onbekend","Kruispunt, 3 takken",50,"Niet brandend","Schemer","Droog",\N,\N,"Wegastraat","'s-Gravenhage","'s-Gravenhage","Zuid-Holland",false,52.068381,4.338545,"injury","2","clear",false,1,"GM0518"
"20220062856",2022,"Letsel",1,"Fiets",\N,"Eenzijdig",\N,50,\N,"Daglicht",\N,\N,"186271045","Posthumalaan","Rotterdam","Rotterdam","Zuid-Holland",false,51.906733,4.492657,"injury","2","unknown",false,1,"GM0599"
"20220064214",2022,"Uitsluitend materiele schade",2,"Personenauto","Fiets","Onbekend",\N,50,\N,"Daglicht",\N,\N,\N,"Ridderstraat","Oosterhout","Oosterhout","Noord-Brabant",false,51.640912,4.86278,"material damage only","4","unknown",false,1,"GM0826"
"20220083339",2022,"Letsel",2,"Personenauto","Fiets","Flank","Kruispunt, 4 takken",50,"Niet brandend","Daglicht","Droog",\N,\N,"Rembrandtkade","Rijswijk","Rijswijk","Zuid-Holland",false,52.051504,4.335959,"injury","2","clear",false,1,\N
"20220086698",2022,"Letsel",2,"Bromfiets","Fiets","Flank","Rechte weg",30,"Niet brandend","Daglicht","Droog",\N,"269194076","Koestraat","Tilburg","Tilburg","Noord-Brabant",false,51.562374,5.09303,"injury","2","clear",false,1,"GM0855"
"20220034557",2022,"Letsel",2,"Fiets","Bestelauto","Flank","Kruispunt, 4 takken",30,"Niet brandend","Daglicht","Regen",\N,\N,"Koningsbeltweg","Almere","Almere","Flevoland",false,52.369474,5.277314,"injury","2","rain",false,1,"GM0034"
"20220034618",2022,"Uitsluitend materiele schade",2,"Personenauto","Fiets","Flank","Kruispunt, 4 takken",30,"Brandend","Duisternis","Droog",\N,\N,"Frans Halslaan","Veenendaal","Veenendaal","Utrecht",false,52.021687,5.54545,"material damage only","4","clear",false,1,"GM0345"
"20220036573",2022,"Letsel",3,"Personenauto","Fiets","Voetganger","Rechte weg",50,"Brandend","Duisternis","Droog",\N,"189326019","Hoge Rijndijk","Leiden","Leiden","Zuid-Holland",false,52.155165,4.510032,"injury","2","clear",false,1,"GM0546"
"20220040481",2022,"Uitsluitend materiele schade",2,"Personenauto","Fiets","Flank","Kruispunt, 4 takken",30,"Brandend","Duisternis",\N,\N,\N,"Pieterslaan","Wolvega","Weststellingwerf","Friesland",false,52.876732,5.994855,"material damage only","4","unknown",false,1,"GM0098"
"20220057460",2022,"Uitsluitend materiele schade",2,"Bromfiets","Fiets","Kop/staart","Rechte weg",50,"Niet brandend","Daglicht","Droog",\N,"600717433","Prinsegracht","'s-Gravenhage","'s-Gravenhage","Zuid-Holland",false,52.075377,4.308583,"material damage only","4","clear",false,1,"GM0518"
"20220064386",2022,"Letsel",2,"Snorfiets","Fiets","Flank","Kruispunt, 4 takken",\N,"Niet brandend","Daglicht","Droog",\N,\N,"Lindenstraat","Goes","Goes","Zeeland",false,51.496649,3.899255,"injury","2","clear",false,1,"GM0664"
"20220097177",2022,"Uitsluitend materiele schade",2,"Personenauto","Fiets","Flank","Kruispunt, 4 takken",50,"Niet aanwezig","Daglicht","Droog",\N,\N,"Rodetorenplein","Zwolle","Zwolle","Overijssel",false,52.513795,6.090287,"material damage only","4","clear",false,1,"GM0193"
"20220014655",2022,"Letsel",2,"Personenauto","Fiets","Flank","Kruispunt, 4 takken",50,"Niet brandend","Daglicht","Droog",\N,\N,"Jupiterlaan","Heerhugowaard","Dijk en Waard","Noord-Holland",false,52.670272,4.83017,"injury","2","clear",false,1,"GM1980"
"20220047275",2022,"Uitsluitend materiele schade",2,"Personenauto","Fiets","Flank","Rotonde",50,"Niet brandend","Daglicht","Droog",\N,\N,"Nieuwe Tielseweg","Tiel","Tiel","Gelderland",false,51.880176,5.42078,"material damage only","4","clear",false,1,"GM0281"
"20220063013",2022,"Uitsluitend materiele schade",2,"Personenauto","Fiets","Flank","Kruispunt, 4 takken",50,"Niet brandend","Daglicht","Droog",\N,"600909796","Talmastraat","Rotterdam","Rotterdam","Zuid-Holland",false,51.93634,4.462902,"material damage only","4","clear",false,1,"GM0599"
"20220085792",2022,"Letsel",2,"Bromfiets","Fiets","Flank","Rechte weg",50,"Niet brandend","Daglicht","Droog","Brug/viaduct","182271073","Pieter de Hoochweg","Rotterdam","Rotterdam","Zuid-Holland",false,51.907359,4.459136,"injury","2","clear",false,1,"GM0599"
"20220099291",2022,"Letsel",2,"Fiets","Bromfiets","Frontaal","Rechte weg",\N,"Brandend","Duisternis","Droog",\N,"291340054","Oude Amsterdamsestrwg","Baarn","Baarn","Utrecht",false,52.222144,5.251912,"injury","2","clear",false,1,"GM0308"
"20220101149",2022,"Letsel",2,"Snorfiets","Fiets","Flank","Kruispunt, 3 takken",50,"Niet brandend","Daglicht",\N,\N,\N,"Kruisweg","Haarlem","Haarlem","Noord-Holland",false,52.388802,4.637194,"injury","2","unknown",false,1,"GM0392"
"20220048586",2022,"Uitsluitend materiele schade",2,"Personenauto","Fiets","Flank","Kruispunt, 4 takken",50,"Niet brandend","Daglicht","Droog",\N,\N,"Evenaar","Almere","Almere","Flevoland",false,52.399169,5.295253,"material damage only","4","clear",false,1,"GM0034"
"20220071110",2022,"Uitsluitend materiele schade",2,"Bromfiets","Fiets","Flank","Kruispunt, 4 takken",50,"Niet brandend","Daglicht","Regen","Brug/viaduct",\N,"BRUG WINSCHOTERWG","Oude Pekela","Pekela","Groningen",false,53.11034,7.022844,"material damage only","4","rain",false,1,"GM0765"
"20220084563",2022,"Letsel",2,"Personenauto","Fiets","Flank","Rotonde",50,"Niet brandend","Daglicht","Droog",\N,\N,"Populierenlaan","Ridderkerk","Ridderkerk","Zuid-Holland",false,51.873552,4.587201,"injury","2","clear",false,1,"GM0597"
"20220100504",2022,"Letsel",2,"Bromfiets","e-bike","Flank","Kruispunt, 3 takken",60,"Niet brandend","Daglicht","Droog",\N,\N,"Ooster Boekelweg","Hoogwoud","Opmeer","Noord-Holland",false,52.721635,4.947791,"injury","2","clear",false,1,"GM0432"
"20220101909",2022,"Letsel",2,"e-bike","Lichtmast","Vast voorwerp","Rechte weg",50,"Brandend","Duisternis","Droog",\N,"230396053","Dr. Jan Mulderstraat","Zaandijk","Zaanstad","Noord-Holland",false,52.4705,4.803167,"injury","2","clear",false,1,"GM0479"
"20220018918",2022,"Letsel",1,"Fiets",\N,"Eenzijdig","Rechte weg",50,"Niet brandend","Daglicht","Droog",\N,"184352014","Duindamseweg","Noordwijk","Noordwijk","Zuid-Holland",false,52.269149,4.468291,"injury","2","clear",false,1,"GM0575"
"20220026626",2022,"Uitsluitend materiele schade",2,"Personenauto","Fiets","Onbekend","Kruispunt, 4 takken",30,"Brandend","Duisternis","Droog",\N,\N,"Nieuwstraat","Roosendaal","Roosendaal","Noord-Brabant",false,51.532789,4.460966,"material damage only","4","clear",false,1,"GM1674"
"20220103245",2022,"Letsel",2,"Fiets","Voetganger","Voetganger","Rechte weg",30,"Niet brandend","Daglicht","Droog",\N,"600762736","Stromarkt","Amsterdam","Amsterdam","Noord-Holland",false,52.378687,4.894268,"injury","2","clear",false,1,"GM0363"
"20220103901",2022,"Letsel",2,"e-bike","e-bike","Onbekend","Rechte weg",50,"Niet aanwezig","Daglicht","Droog",\N,"601022988","Ringdijk","Ter Aar","Nieuwkoop","Zuid-Holland",false,52.171472,4.704326,"injury","2","clear",false,1,"GM0569"
"20220030955",2022,"Uitsluitend materiele schade",2,"Personenauto","e-bike","Flank","Rotonde",30,"Brandend","Duisternis","Droog",\N,\N,"Schaapsweg","Sint Odiliënberg","Roerdalen","Limburg",false,51.14158,6.008284,"material damage only","4","clear",false,1,"GM1669"
"20220108368",2022,"Letsel",2,"Fiets","Fiets","Onbekend","Rechte weg",60,"Niet brandend","Daglicht","Droog",\N,"167252003","Aaldijk","Hekelingen","Nissewaard","Zuid-Holland",false,51.819458,4.361415,"injury","2","clear",false,1,"GM1930"
"20220073975",2022,"Uitsluitend materiele schade",2,"Personenauto","Fiets","Flank","Kruispunt, 3 takken",50,"Niet brandend","Daglicht","Droog",\N,\N,"Oranjelaan","Harderwijk","Harderwijk","Gelderland",false,52.333595,5.620255,"material damage only","4","clear",false,1,"GM0243"
"20220075079",2022,"Uitsluitend materiele schade",2,"Personenauto","Fiets","Onbekend","Bocht",50,"Niet aanwezig","Daglicht","Droog",\N,\N,"Haverweg","Rheden","Rheden","Gelderland",false,52.005637,6.023214,"material damage only","4","clear",false,1,"GM0275"
"20220041027",2022,"Letsel",2,"Personenauto","Fiets","Flank","Kruispunt, 4 takken",30,"Niet brandend","Daglicht","Droog",\N,\N,"Arendshorst","Stadskanaal","Stadskanaal","Groningen",false,52.988779,6.976812,"injury","2","clear",false,1,"GM0037"
"20220056243",2022,"Letsel",1,"Fiets",\N,"Eenzijdig","Rechte weg",15,"Niet aanwezig","Daglicht","Droog",\N,"600690520","Randweg","Noordwijk","Noordwijk","Zuid-Holland",false,52.271497,4.468905,"injury","2","clear",false,1,"GM0575"
"20220110616",2022,"Uitsluitend materiele schade",2,"Personenauto","Fiets","Flank","Kruispunt, 3 takken",50,"Niet brandend","Daglicht","Droog",\N,\N,"Grotestraat","Waalwijk","Waalwijk","Noord-Brabant",false,51.689137,5.054764,"material damage only","4","clear",false,1,"GM0867"
"20220019462",2022,"Letsel",2,"Snorfiets","Fiets","Onbekend","Kruispunt, 4 takken",50,"Brandend","Duisternis","Droog",\N,\N,"Reinkenstraat","'s-Gravenhage","'s-Gravenhage","Zuid-Holland",false,52.080881,4.284132,"injury","2","clear",false,1,"GM0518"
"20220039083",2022,"Letsel",2,"Bromfiets","Fiets","Frontaal","Bocht",\N,"Brandend","Duisternis","Regen",\N,"600643551","Bobbenagelseweg","Sint-Oedenrode","Meierijstad","Noord-Brabant",false,51.571544,5.430356,"injury","2","rain",false,1,"GM1948"
"20220041130",2022,"Letsel",2,"Fiets","Overig vast object","Vast voorwerp","Kruispunt, 3 takken",50,"Niet brandend","Daglicht","Droog",\N,\N,"Zuiderkluft","Niekerk","Westerkwartier","Groningen",false,53.221411,6.348749,"injury","2","clear",false,1,"GM1969"
"20220044572",2022,"Uitsluitend materiele schade",2,"Personenauto","e-bike","Onbekend","Kruispunt, 3 takken",50,"Niet brandend","Daglicht","Droog",\N,\N,"Oude Stationsweg","Zaltbommel","Zaltbommel","Gelderland",false,51.807483,5.262748,"material damage only","4","clear",false,1,"GM0297"
"20220047626",2022,"Letsel",2,"Bromfiets","Fiets","Frontaal","Rechte weg",60,"Niet brandend","Daglicht","Droog",\N,"350288008","Bennekomseweg","Wageningen","Wageningen","Gelderland",false,51.986245,5.678978,"injury","2","clear",false,1,"GM0289"
"20220049057",2022,"Letsel",3,"Personenauto","Fiets","Onbekend","Kruispunt, 3 takken",50,"Niet brandend","Daglicht","Droog",\N,\N,"Utrechtsestraatweg","Woerden","Woerden","Utrecht",false,52.087311,4.892665,"injury","2","clear",false,1,"GM0632"
"20220053588",2022,"Letsel",2,"Fiets","Fiets","Flank","Rechte weg",50,"Niet brandend","Daglicht","Droog",\N,"600524561","Bergerweg","Alkmaar","Alkmaar","Noord-Holland",false,52.637009,4.734992,"injury","2","clear",false,1,"GM0361"
"20230112250",2023,"Letsel",1,"Fiets",\N,"Eenzijdig",\N,50,\N,"Duisternis",\N,\N,"600513740","Leidsestraat","Hillegom","Hillegom","Zuid-Holland",false,52.285044,4.573973,"injury","2","unknown",false,1,"GM0534"
"20230075179",2023,"Uitsluitend materiele schade",2,"Personenauto","Fiets","Onbekend",\N,50,\N,"Daglicht",\N,\N,\N,"Middenweg","Den Helder","Den Helder","Noord-Holland",false,52.957148,4.75997,"material damage only","4","unknown",false,1,"GM0400"
"20230084024",2023,"Uitsluitend materiele schade",2,"Personenauto","Fiets","Onbekend","Kruispunt, 4 takken",50,\N,"Daglicht","Droog",\N,\N,"van der Duyn v Maasdamwg","Hoogezand","Midden-Groningen","Groningen",false,53.157439,6.754463,"material damage only","4","clear",false,1,"GM1952"
"20230001011",2023,"Letsel",2,"Personenauto","Fiets","Flank","Rotonde",50,"Niet brandend","Daglicht","Droog",\N,\N,"Vogelzang","Drachten","Smallingerland","Friesland",false,53.109596,6.09742,"injury","2","clear",false,1,"GM0090"
"20230000722",2023,"Letsel",3,"Vrachtauto","e-bike","Flank","Kruispunt, 3 takken",50,"Niet brandend","Daglicht","Regen",\N,\N,"Galvanistraat","Ede","Ede","Gelderland",false,52.031962,5.62297,"injury","2","rain",false,1,"GM0228"
"20230017972",2023,"Uitsluitend materiele schade",2,"Bromfiets","Fiets","Onbekend",\N,30,\N,"Daglicht",\N,\N,"281343047","Johannes Geradtsweg","Hilversum","Hilversum","Noord-Holland",false,52.234828,5.177573,"material damage only","4","unknown",false,1,"GM0402"
"20230000013",2023,"Uitsluitend materiele schade",2,"Personenauto","Fiets","Frontaal","Rotonde",50,"Niet brandend","Daglicht","Droog",\N,\N,"Laan van Westenenk","Apeldoorn","Apeldoorn","Gelderland",false,52.190006,5.949858,"material damage only","4","clear",false,1,"GM0200"
"20230027469",2023,"Letsel",1,"Fiets",\N,"Eenzijdig",\N,50,\N,"Daglicht",\N,\N,"234210013","Wilhelminakanaal Zuid","Oosterhout","Oosterhout","Noord-Brabant",false,51.635776,4.845761,"injury","2","unknown",false,1,"GM0826"
"20230097440",2023,"Letsel",1,"Fiets",\N,"Eenzijdig",\N,30,\N,"Daglicht",\N,\N,"209401142","Hyacinthenlaan","Beverwijk","Beverwijk","Noord-Holland",false,52.490587,4.646406,"injury","2","unknown",false,1,"GM0375"
"20230009462",2023,"Uitsluitend materiele schade",2,"Personenauto","Fiets","Geparkeerd voertuig","Rechte weg",30,"Niet aanwezig","Daglicht","Regen",\N,"319167041","St Trudoplein","Eindhoven","Eindhoven","Noord-Brabant",false,51.441404,5.454865,"material damage only","4","rain",false,1,"GM0772"
"20230003782",2023,"Uitsluitend materiele schade",2,"Fiets","Bestelauto","Frontaal","Rechte weg",30,"Niet brandend","Daglicht","Droog",\N,"287313059","Oude Arnhemseweg","Zeist","Zeist","Utrecht",false,52.096644,5.224798,"material damage only","4","clear",false,1,"GM0355"
"20230005003",2023,"Letsel",1,"Fiets",\N,"Eenzijdig","Rechte weg",50,\N,"Daglicht","Droog",\N,"166311116","Loudonstraat","'s-Gravenhage","'s-Gravenhage","Zuid-Holland",false,52.085147,4.344026,"injury","2","clear",false,1,"GM0518"
"20230005524",2023,"Letsel",2,"Personenauto","Fiets","Flank","Kruispunt, 3 takken",50,"Niet brandend","Daglicht","Droog",\N,\N,"Nieboerweg","'s-Gravenhage","'s-Gravenhage","Zuid-Holland",false,52.091316,4.264474,"injury","2","clear",false,1,"GM0518"
"20230024958",2023,"Letsel",2,"Fiets","Fiets","Onbekend",\N,30,\N,"Daglicht",\N,\N,\N,"Noorddijk","Vrouwenpolder","Veere","Zeeland",false,51.57895,3.616989,"injury","2","unknown",false,1,"GM0717"
"20230062061",2023,"Dodelijk",2,"Personenauto","Fiets","Kop/staart","Rechte weg",60,"Niet brandend","Daglicht","Droog",\N,"372169001","Griendtsveenseweg","Deurne","Deurne","Noord-Brabant",true,51.449147,5.843828,"fatal","1","clear",false,1,"GM0762"
"20230072507",2023,"Letsel",1,"Fiets",\N,"Eenzijdig",\N,60,\N,"Daglicht",\N,\N,"600446238","Dochterenseweg","Lochem","Lochem","Gelderland",false,52.158297,6.348384,"injury","2","unknown",false,1,"GM0262"
"20230000904",2023,"Letsel",2,"Bestelauto","Fiets","Eenzijdig","Kruispunt, 4 takken",60,"Niet brandend","Daglicht","Droog",\N,\N,"Knapzaksteeg","Putten","Putten","Gelderland",false,52.233233,5.577521,"injury","2","clear",false,1,"GM0273"
"20230003316",2023,"Uitsluitend materiele schade",2,"Personenauto","Fiets","Flank","Rotonde",50,"Niet brandend","Daglicht","Regen",\N,\N,"Veldbloemenweg","Zaandam","Zaanstad","Noord-Holland",false,52.457917,4.818312,"material damage only","4","rain",false,1,"GM0479"
"20230004824",2023,"Letsel",2,"Fiets","Fiets","Flank","Rechte weg",\N,"Brandend","Duisternis","Droog",\N,"208387083","Broekbergenlaan","Santpoort-Noord","Velsen","Noord-Holland",false,52.427968,4.644666,"injury","2","clear",false,1,"GM0453"
"20230002466",2023,"Uitsluitend materiele schade",2,"Personenauto","Fiets","Flank","Kruispunt, 4 takken",50,"Niet brandend","Daglicht","Regen",\N,\N,"Zijpendaalseweg","Arnhem","Arnhem","Gelderland",false,51.993567,5.896451,"material damage only","4","rain",false,1,"GM0202"
"20230006113",2023,"Letsel",2,"Trein/tram","e-bike","Flank","Kruispunt, 4 takken",50,"Niet brandend","Daglicht","Droog","Spoorwegovergang",\N,"Belgiëplein","Amsterdam","Amsterdam","Noord-Holland",false,52.346225,4.810924,"injury","2","clear",false,1,"GM0363"
"20230035181",2023,"Letsel",1,"Fiets",\N,"Eenzijdig",\N,30,\N,"Daglicht",\N,\N,"346520100","Willem Santemastraat","Sneek","Súdwest-Fryslân","Friesland",false,53.02628,5.659692,"injury","2","unknown",false,1,"GM1900"
"20230081640",2023,"Letsel",1,"Fiets",\N,"Eenzijdig",\N,50,\N,"Daglicht",\N,\N,"600719720","Burg Heusdenslaan","Vlaardingen","Vlaardingen","Zuid-Holland",false,51.921704,4.350633,"injury","2","unknown",false,1,"GM0622"
"20230094295",2023,"Letsel",2,"Personenauto","Fiets","Onbekend",\N,\N,\N,"Daglicht",\N,\N,"600879583","Prins Bernhardlaan","Borne","Borne","Overijssel",false,52.310093,6.740604,"injury","2","unknown",false,1,"GM0147"
"20230004678",2023,"Letsel",2,"Personenauto","Fiets","Frontaal","Kruispunt, 4 takken",50,"Niet brandend","Daglicht","Droog",\N,\N,"Zuiderzeeweg","Amsterdam","Amsterdam","Noord-Holland",false,52.370448,4.962278,"injury","2","clear",false,1,"GM0363"
"20230007759",2023,"Uitsluitend materiele schade",2,"Personenauto","Fiets","Flank","Rechte weg",30,"Niet brandend","Schemer","Droog",\N,"600959532","Litserstraat","Den Dungen","Sint-Michielsgestel","Noord-Brabant",false,51.671961,5.370184,"material damage only","4","clear",false,1,"GM0845"
"20230006238",2023,"Letsel",1,"Fiets",\N,"Eenzijdig","Rechte weg",30,"Niet brandend","Daglicht","Sneeuw/Hagel","Brug/viaduct","185290004","Ds. van Koetsveldstraat","Berkel en Rodenrijs","Lansingerland","Zuid-Holland",false,51.992783,4.481927,"injury","2","unknown",false,1,"GM1621"
"20230087501",2023,"Dodelijk",2,"Personenauto","e-bike","Flank","Kruispunt, 3 takken",60,"Niet brandend","Daglicht","Droog",\N,\N,"Kogerweg","Den Burg","Texel","Noord-Holland",false,53.066773,4.785087,"fatal","1","clear",false,1,"GM0448"
"20230006022",2023,"Letsel",3,"Fiets","Fiets","Onbekend","Kruispunt, 3 takken",30,"Niet brandend","Daglicht","Droog",\N,\N,"Herenstraat","Rijswijk","Rijswijk","Zuid-Holland",false,52.056412,4.336686,"injury","2","clear",false,1,\N
"20230009688",2023,"Uitsluitend materiele schade",2,"Personenauto","Fiets","Onbekend","Rotonde",50,"Niet brandend","Duisternis","Droog",\N,\N,"Wencopperweg","Barneveld","Barneveld","Gelderland",false,52.163323,5.618044,"material damage only","4","clear",false,1,"GM0203"
"20230048440",2023,"Letsel",1,"Fiets",\N,"Eenzijdig",\N,\N,\N,"Daglicht",\N,\N,"481385004","Boslandweg","Vriezenveen","Twenterand","Overijssel",false,52.408785,6.656722,"injury","2","unknown",false,1,"GM1700"
"20230010502",2023,"Letsel",2,"Fiets","Fiets","Onbekend","Rechte weg",50,"Niet brandend","Daglicht","Droog",\N,"600870541","Hoendiep","Groningen","Groningen","Groningen",false,53.214799,6.549114,"injury","2","clear",false,1,"GM0014"
"20230011510",2023,"Uitsluitend materiele schade",1,"Fiets",\N,"Frontaal","Rechte weg",50,"Niet brandend","Daglicht","Droog",\N,"388339057","Deventerstraat","Apeldoorn","Apeldoorn","Gelderland",false,52.215865,5.96273,"material damage only","4","clear",false,1,"GM0200"
"20230099438",2023,"Dodelijk",2,"Bestelauto","Fiets","Flank","Kruispunt, 4 takken",30,"Niet brandend","Daglicht","Droog",\N,\N,"Europalaan-Centrum","Herkenbosch","Roerdalen","Limburg",false,51.154834,6.065968,"fatal","1","clear",false,1,"GM1669"
"20230009755",2023,"Letsel",1,"Fiets",\N,"Eenzijdig","Rechte weg",60,"Brandend","Duisternis","Droog",\N,"445481001","Holtien","Dwingeloo","Westerveld","Drenthe",false,52.852831,6.399702,"injury","2","clear",false,1,"GM1701"
"20230012733",2023,"Uitsluitend materiele schade",2,"Personenauto","Fiets","Flank","Rotonde",50,"Brandend","Schemer","Droog",\N,\N,"FIETSPAD","Elst","Overbetuwe","Gelderland",false,51.909304,5.840867,"material damage only","4","clear",false,1,"GM1734"
"20230012283",2023,"Uitsluitend materiele schade",2,"Personenauto","e-bike","Flank","Kruispunt, 3 takken",60,"Niet brandend","Daglicht","Droog",\N,\N,"Westerveenweg","Vriezenveen","Twenterand","Overijssel",false,52.427046,6.588136,"material damage only","4","clear",false,1,"GM1700"
"20240011656",2024,"Uitsluitend materiele schade",2,"Personenauto","Fiets","Flank","Kruispunt, 4 takken",50,"Brandend","Duisternis","Droog",\N,\N,"Wiekslagen","Almelo","Almelo","Overijssel",false,52.335803,6.647926,"material damage only","4","clear",false,1,"GM0141"
"20240008159",2024,"Uitsluitend materiele schade",2,"Fiets","Personenauto","Flank","Rechte weg",50,"Brandend","Duisternis","Droog",\N,"250449010","De Veken","Opmeer","Opmeer","Noord-Holland",false,52.710245,4.955984,"material damage only","4","clear",false,1,"GM0432"
"20240009006",2024,"Uitsluitend materiele schade",2,"Personenauto","Fiets","Flank","Rechte weg",50,"Niet brandend","Daglicht","Droog",\N,"484375033","Vriezenveenseweg","Almelo","Almelo","Overijssel",false,52.368184,6.66785,"material damage only","4","clear",false,1,"GM0141"