"accident_id","year","severity_raw","party_count","party1_type","party2_type","accident_type","road_situation","speed_limit_kmh","road_lighting","light_condition_label","weather_raw","infra_type","road_segment_id","street_name","place_name","gemeente_name_raw","province","alcohol_indicated","latitude","longitude","severity_label","severity_code","weather_label","built_up_area","cyclists_involved","gemeente_code"
"20240043330",2024,"Uitsluitend materiele schade",2,"Fiets","Fiets","Flank","Bocht",50,"Niet brandend","Daglicht","Regen","Tunnel","185328127","PESTHUISTUNNEL","Leiden","Leiden","Zuid-Holland",false,52.163971,4.474604,"material damage only","4","rain",false,1,"GM0546"
"20240046137",2024,"Letsel",1,"Fiets",\N,"Eenzijdig","Bocht",30,"Niet brandend","Daglicht","Droog",\N,"600873672","De Fok","Groningen","Groningen","Groningen",false,53.238664,6.615283,"injury","2","clear",false,1,"GM0014"
"20240078636",2024,"Letsel",2,"Fiets","Bestelauto","Flank","Kruispunt, 4 takken",50,"Niet brandend","Daglicht","Droog",\N,\N,"Van Stolkweg","'s-Gravenhage","'s-Gravenhage","Zuid-Holland",false,52.09644,4.287309,"injury","2","clear",false,1,"GM0518"
"20240082421",2024,"Uitsluitend materiele schade",1,"Fiets",\N,"Onbekend","Rechte weg",30,"Brandend","Daglicht","Regen",\N,"600971752","Kempenweg","Oirschot","Oirschot","Noord-Brabant",false,51.491463,5.295799,"material damage only","4","rain",false,1,"GM0823"
"20240088945",2024,"Letsel",2,"Personenauto","Fiets","Kop/staart","Rechte weg",30,"Niet brandend","Daglicht","Droog",\N,"181334028","Brouwerstraat","Rijnsburg","Katwijk","Zuid-Holland",false,52.19035,4.44794,"injury","2","clear",false,1,"GM0537"
"20240093031",2024,"Uitsluitend materiele schade",1,"Fiets",\N,"Onbekend","Rechte weg",30,"Niet brandend","Daglicht","Droog",\N,"600789590","Wilhelminaplein","'s-Hertogenbosch","'s-Hertogenbosch","Noord-Brabant",false,51.683205,5.294968,"material damage only","4","clear",false,1,"GM0796"
"20240093289",2024,"Letsel",2,"Fiets","Fiets","Flank","Rechte weg",30,"Niet brandend","Daglicht","Droog",\N,\N,"Duizendblad","Drachten","Smallingerland","Friesland",false,53.128234,6.084329,"injury","2","clear",false,1,"GM0090"
"20240086330",2024,"Letsel",2,"Fiets","Personenauto","Flank","Kruispunt, 3 takken",60,"Niet brandend","Daglicht","Droog",\N,\N,"Dwarsweg","Overberg","Utrechtse Heuvelrug","Utrecht",false,52.031051,5.488244,"injury","2","clear",false,1,"GM1581"
"20240096382",2024,"Uitsluitend materiele schade",2,"Fiets","Fiets","Frontaal","Rechte weg",30,"Niet brandend","Daglicht","Droog",\N,"600585654","FIETSPAD","Vleuten","Utrecht","Utrecht",false,52.089754,5.024171,"material damage only","4","clear",false,1,"GM0344"
"20240096940",2024,"Uitsluitend materiele schade",2,"Personenauto","Fiets","Frontaal","Rechte weg",30,"Niet brandend","Daglicht","Droog",\N,"601173847","Oosterengweg","Hilversum","Hilversum","Noord-Holland",false,52.217384,5.19642,"material damage only","4","clear",false,1,"GM0402"
"20240102277",2024,"Uitsluitend materiele schade",2,"Personenauto","Fiets","Flank","Kruispunt, 4 takken",50,"Niet brandend","Daglicht","Droog",\N,\N,"Burg Freijterslaan","Roosendaal","Roosendaal","Noord-Brabant",false,51.533626,4.444496,"material damage only","4","clear",false,1,"GM1674"
"20240102491",2024,"Uitsluitend materiele schade",2,"Fiets","Personenauto","Flank","Rotonde",50,"Niet brandend","Daglicht","Droog",\N,\N,"Nieuwendijk","Heeze","Heeze-Leende","Noord-Brabant",false,51.376817,5.577755,"material damage only","4","clear",false,1,"GM1658"
"20240103287",2024,"Letsel",2,"Personenauto","Fiets","Flank","Rechte weg",50,"Niet brandend","Daglicht","Droog",\N,"600808312","Bogardeind","Geldrop","Geldrop-Mierlo","Noord-Brabant",false,51.41023,5.558739,"injury","2","clear",false,1,"GM1771"
"20240045573",2024,"Letsel",2,"Fiets","Fiets","Flank","Rechte weg",30,"Niet brandend","Daglicht","Droog",\N,"358032041","Oude Molenweg","Maastricht","Maastricht","Limburg",false,50.834463,5.734061,"injury","2","clear",false,1,"GM0935"
"20240045609",2024,"Letsel",2,"Fiets","Fiets","Flank","Rechte weg",30,"Niet brandend","Daglicht","Droog",\N,"345033001","Vlijtingerweg","Maastricht","Maastricht","Limburg",false,50.840659,5.643432,"injury","2","clear",false,1,"GM0935"
"20240072634",2024,"Uitsluitend materiele schade",2,"Personenauto","Fiets","Flank","Kruispunt, 4 takken",30,"Niet brandend","Daglicht","Droog",\N,\N,"Indialaan","Drunen","Heusden","Noord-Brabant",false,51.681992,5.121589,"material damage only","4","clear",false,1,"GM0797"
"20240074814",2024,"Letsel",2,"Personenauto","Fiets","Onbekend","Rechte weg",30,"Niet brandend","Daglicht","Droog",\N,"600832143","Het Straatje","Elburg","Elburg","Gelderland",false,52.442506,5.856036,"injury","2","clear",false,1,"GM0230"
"20240075826",2024,"Uitsluitend materiele schade",2,"Personenauto","Fiets","Flank","Kruispunt, 3 takken",50,"Niet brandend","Daglicht","Droog",\N,\N,"Schepen van Voorsthof","Arnhem","Arnhem","Gelderland",false,51.958578,5.892384,"material damage only","4","clear",false,1,"GM0202"
"20240078127",2024,"Letsel",2,"Fiets","Personenauto","Frontaal","Kruispunt, 3 takken",30,"Niet brandend","Daglicht","Droog",\N,\N,"Romulus","Wijk bij Duurstede","Wijk bij Duurstede","Utrecht",false,51.981219,5.328813,"injury","2","clear",false,1,"GM0352"
"20240091600",2024,"Letsel",1,"Fiets",\N,"Onbekend","Kruispunt, 4 takken",30,"Niet brandend","Daglicht","Droog",\N,\N,"Parkstraat","'s-Gravenhage","'s-Gravenhage","Zuid-Holland",false,52.081588,4.309491,"injury","2","clear",false,1,"GM0518"
"20240048662",2024,"Letsel",2,"Personenauto","Fiets","Flank","Rechte weg",50,"Niet brandend","Daglicht","Droog",\N,"276318062","Koningin Wilhelminaweg","Groenekan","De Bilt","Utrecht",false,52.123032,5.142878,"injury","2","clear",false,1,"GM0310"
"20240074835",2024,"Uitsluitend materiele schade",2,"Fiets","Personenauto","Onbekend","Kruispunt, 3 takken",50,"Niet brandend","Daglicht","Regen",\N,\N,"Industrieweg","Winschoten","Oldambt","Groningen",false,53.140927,7.044123,"material damage only","4","rain",false,1,"GM1895"
"20240079357",2024,"Letsel",2,"Fiets","Fiets","Kop/staart","Kruispunt, 3 takken",50,"Niet brandend","Daglicht","Droog",\N,\N,"Noordschermerdijk","Oterleek","Alkmaar","Noord-Holland",false,52.632314,4.831365,"injury","2","clear",false,1,"GM0361"
"20240087776",2024,"Letsel",2,"Personenauto","Fiets","Flank","Bocht",50,"Niet brandend","Daglicht","Droog",\N,"345295062","Willy Brandtlaan","Ede","Ede","Gelderland",false,52.019296,5.647352,"injury","2","clear",false,1,"GM0228"
"20240094899",2024,"Uitsluitend materiele schade",2,"Personenauto","Fiets","Flank","Kruispunt, 4 takken",30,"Niet brandend","Daglicht","Droog",\N,\N,"Zeggeveld","Emmen","Emmen","Drenthe",false,52.7984,6.890649,"material damage only","4","clear",false,1,"GM0114"
"20240046943",2024,"Letsel",1,"Fiets",\N,"Onbekend","Rechte weg",\N,"Niet brandend","Daglicht","Droog",\N,"514342012","Parkweg","Enschede","Enschede","Overijssel",false,52.221162,6.882758,"injury","2","clear",false,1,"GM0153"
"20240072728",2024,"Uitsluitend materiele schade",2,"Personenauto","Fiets","Flank","Rotonde",50,"Niet brandend","Daglicht","Regen",\N,\N,"Maagdenbergplein","Venlo","Venlo","Limburg",false,51.359818,6.18016,"material damage only","4","rain",false,1,"GM0983"
"20240079377",2024,"Uitsluitend materiele schade",1,"Fiets",\N,"Onbekend",\N,50,\N,"Daglicht",\N,\N,"600768706","Purmerdijk","Purmerend","Purmerend","Noord-Holland",false,52.512724,4.983213,"material damage only","4","unknown",false,1,"GM0439"
"20240084586",2024,"Letsel",2,"Personenauto","Fiets","Onbekend","Rechte weg",60,"Niet aanwezig","Daglicht","Droog",\N,\N,"Deventer Kunstweg","Beltrum","Berkelland","Gelderland",false,52.086629,6.582996,"injury","2","clear",false,1,"GM1859"
"20240085152",2024,"Letsel",2,"Snorfiets","Fiets","Frontaal","Rechte weg",50,"Brandend","Duisternis","Droog",\N,"600399013","Willemsplein","Arnhem","Arnhem","Gelderland",false,51.983619,5.906126,"injury","2","clear",false,1,"GM0202"
"20240094956",2024,"Letsel",1,"Fiets",\N,"Eenzijdig","Rechte weg",60,"Niet aanwezig","Duisternis","Droog",\N,"495371005","Broekzijdeweg","Albergen","Tubbergen","Overijssel",false,52.34975,6.753388,"injury","2","clear",false,1,"GM0183"
"20240100423",2024,"Letsel",1,"Fiets",\N,"Onbekend","Rechte weg",30,"Brandend","Duisternis","Droog",\N,"159311036","Groot Hertoginnelaan","'s-Gravenhage","'s-Gravenhage","Zuid-Holland",false,52.085027,4.289345,"injury","2","clear",false,1,"GM0518"
"20240047008",2024,"Letsel",3,"Personenauto","Fiets","Voetganger","Rechte weg",50,"Niet brandend","Daglicht","Droog",\N,"600802898","Frieswijkstraat","Nijkerk","Nijkerk","Gelderland",false,52.219383,5.481412,"injury","2","clear",false,1,"GM0267"
"20240049349",2024,"Letsel",2,"Fiets","Fiets","Onbekend","Rotonde",50,"Niet brandend","Daglicht","Droog",\N,\N,"Stationsweg","Maarssen","Stichtse Vecht","Utrecht",false,52.137425,5.038252,"injury","2","clear",false,1,"GM1904"
"20240073649",2024,"Letsel",2,"Motor","Fiets","Onbekend","Rechte weg",60,"Niet aanwezig","Daglicht","Droog",\N,"68183007","Keetdijk","Arnemuiden","Middelburg","Zeeland",false,51.498809,3.654996,"injury","2","clear",false,1,\N
"20240081952",2024,"Letsel",2,"Personenauto","Fiets","Flank","Kruispunt, 3 takken",50,"Niet brandend","Daglicht","Droog",\N,\N,"Burg Van Lierplein","Vlaardingen","Vlaardingen","Zuid-Holland",false,51.910878,4.360708,"injury","2","clear",false,1,"GM0622"
"20240085838",2024,"Letsel",2,"Bestelauto","Fiets","Los voorwerp","Rechte weg",50,"Niet brandend","Daglicht","Droog",\N,"600582066","Collenstaartweg","Nijverdal","Hellendoorn","Overijssel",false,52.380173,6.467518,"injury","2","clear",false,1,"GM0163"
"20240085844",2024,"Uitsluitend materiele schade",2,"Personenauto","Fiets","Flank","Kruispunt, 4 takken",50,"Niet brandend","Daglicht","Droog",\N,\N,"Rijksstraatweg","Geldermalsen","West Betuwe","Gelderland",false,51.882427,5.289913,"material damage only","4","clear",false,1,"GM1960"
"20240087206",2024,"Uitsluitend materiele schade",2,"Fiets","Fiets","Kop/staart","Rechte weg",50,"Niet brandend","Daglicht","Regen",\N,"600931887","Kennemerstraatweg","Heiloo","Heiloo","Noord-Holland",false,52.599894,4.710335,"material damage only","4","rain",false,1,"GM0399"
"20240088476",2024,"Letsel",2,"Fiets","Fiets","Onbekend","Rechte weg",\N,"Niet brandend","Daglicht","Droog",\N,"165312044","Laan van Nieuw-O-Indië","'s-Gravenhage","'s-Gravenhage","Zuid-Holland",false,52.088072,4.335109,"injury","2","clear",false,1,"GM0518"
"20240091704",2024,"Uitsluitend materiele schade",2,"Personenauto","Fiets","Flank","Kruispunt, 4 takken",50,"Niet brandend","Daglicht","Droog",\N,\N,"Langendijk","Tilburg","Tilburg","Noord-Brabant",false,51.578517,5.022718,"material damage only","4","clear",false,1,"GM0855"
"20240099555",2024,"Letsel",2,"Personenauto","Fiets","Onbekend","Kruispunt, 4 takken",30,"Niet brandend","Daglicht","Droog",\N,\N,"Wolbrandsstraat","Dordrecht","Dordrecht","Zuid-Holland",false,51.804386,4.680949,"injury","2","clear",false,1,"GM0505"
"20240100557",2024,"Letsel",1,"Fiets",\N,"Onbekend","Kruispunt, 4 takken",30,"Niet brandend","Daglicht","Droog",\N,"187325225","Lammenschansweg","Leiden","Leiden","Zuid-Holland",false,52.148365,4.492989,"injury","2","clear",false,1,"GM0546"
"20240100748",2024,"Letsel",3,"Bestelauto","Fiets","Flank","Rotonde",50,"Niet brandend","Daglicht","Droog",\N,\N,"FIETSPAD","Gouda","Gouda","Zuid-Holland",false,52.00515,4.721363,"injury","2","clear",false,1,"GM0513"
"20240073659",2024,"Uitsluitend materiele schade",2,"Personenauto","Fiets","Onbekend","Kruispunt, 3 takken",50,"Niet brandend","Daglicht","Droog",\N,\N,"Oostende","Helmond","Helmond","Noord-Brabant",false,51.485653,5.655929,"material damage only","4","clear",false,1,"GM0794"
"20240078237",2024,"Uitsluitend materiele schade",2,"Personenauto","Fiets","Onbekend","Rechte weg",60,"Niet brandend","Daglicht","Droog",\N,"600949063","Tongerenseweg","Epe","Epe","Gelderland",false,52.357248,5.935062,"material damage only","4","clear",false,1,"GM0232"
"20240078263",2024,"Uitsluitend materiele schade",2,"Personenauto","Fiets","Flank","Kruispunt, 4 takken",50,"Niet brandend","Daglicht","Droog",\N,\N,"Haanstraat","Voorst","Voorst","Gelderland",false,52.190218,6.116369,"material damage only","4","clear",false,1,"GM0285"
"20240082000",2024,"Letsel",2,"Personenauto","Fiets","Flank","Rotonde",50,"Niet brandend","Daglicht","Droog",\N,\N,"Van Leeuwenhoeklaan","Zoetermeer","Zoetermeer","Zuid-Holland",false,52.056323,4.490005,"injury","2","clear",false,1,"GM0637"
"20240085254",2024,"Uitsluitend materiele schade",2,"Fiets","Personenauto","Flank","Rotonde",50,"Niet brandend","Daglicht","Droog",\N,\N,"Rembrandtlaan","Nijkerk","Nijkerk","Gelderland",false,52.209937,5.498672,"material damage only","4","clear",false,1,"GM0267"
"20240089185",2024,"Letsel",1,"Fiets",\N,"Onbekend",\N,30,\N,"Daglicht",\N,\N,"142297109","Schorsmos","Monster","Westland","Zuid-Holland",false,52.021645,4.164917,"injury","2","unknown",false,1,"GM1783"
"20240101212",2024,"Letsel",1,"Fiets",\N,"Onbekend",\N,30,\N,"Daglicht",\N,\N,"600361039","Erasmussingel","Rotterdam","Rotterdam","Zuid-Holland",false,51.946019,4.473489,"injury","2","unknown",false,1,"GM0599"
"20240102104",2024,"Uitsluitend materiele schade",2,"Bestelauto","Fiets","Flank","Rechte weg",30,"Niet brandend","Schemer",\N,\N,"600962543","Riethovensedijk","Bergeijk","Bergeijk","Noord-Brabant",false,51.330818,5.364753,"material damage only","4","unknown",false,1,"GM1724"
"20240043614",2024,"Uitsluitend materiele schade",2,"Personenauto","Fiets","Flank","Kruispunt, 4 takken",50,"Niet brandend","Daglicht","Droog",\N,\N,"Vlasstraat","Geldrop","Geldrop-Mierlo","Noord-Brabant",false,51.430939,5.568021,"material damage only","4","clear",false,1,"GM1771"
"20240045821",2024,"Uitsluitend materiele schade",2,"Fiets","Fiets","Frontaal","Bocht",50,"Niet brandend","Daglicht","Droog",\N,"600834863","Terwindtstraat","Nijmegen","Nijmegen","Gelderland",false,51.845781,5.875628,"material damage only","4","clear",false,1,"GM0268"
"20240046443",2024,"Uitsluitend materiele schade",2,"Personenauto","Fiets","Flank","Rechte weg",50,"Niet brandend","Daglicht","Regen",\N,"387339093","Wilhelmina Druckerstraat","Apeldoorn","Apeldoorn","Gelderland",false,52.212294,5.955411,"material damage only","4","rain",false,1,"GM0200"
"20240046453",2024,"Uitsluitend materiele schade",2,"Fiets","Personenauto","Kop/staart","Kruispunt, 3 takken",30,"Niet brandend","Daglicht","Droog",\N,\N,"Spijkerlaan","Arnhem","Arnhem","Gelderland",false,51.983132,5.918712,"material damage only","4","clear",false,1,"GM0202"
"20240077712",2024,"Letsel",2,"Fiets","Bestelauto","Flank","Rechte weg",60,"Niet brandend","Daglicht","Droog",\N,"240296001","Waardsedijk","Snelrewaard","Oudewater","Utrecht",false,52.028109,4.902655,"injury","2","clear",false,1,"GM0589"
"20240078303",2024,"Uitsluitend materiele schade",2,"Personenauto","Fiets","Onbekend","Kruispunt, 4 takken",80,"Niet brandend","Daglicht","Droog",\N,\N,"Apeldoornseweg","Eerbeek","Brummen","Gelderland",false,52.117304,6.06772,"material damage only","4","clear",false,1,"GM0213"
"20240085982",2024,"Uitsluitend materiele schade",2,"Snorfiets","Fiets","Flank","Rechte weg",50,"Niet brandend","Daglicht","Droog",\N,"366559076","Insulindestraat","Leeuwarden","Leeuwarden","Friesland",false,53.204749,5.812051,"material damage only","4","clear",false,1,"GM0080"
"20240087963",2024,"Uitsluitend materiele schade",2,"Personenauto","Fiets","Flank","Kruispunt, 3 takken",30,"Niet brandend","Daglicht","Droog",\N,\N,"Vrije Nesse","Bodegraven","Bodegraven-Reeuwijk","Zuid-Holland",false,52.079619,4.744636,"material damage only","4","clear",false,1,"GM1901"
"20240089255",2024,"Letsel",1,"Fiets",\N,"Onbekend","Rechte weg",50,"Niet brandend","Daglicht","Droog",\N,\N,"Tongelaer","Hillegom","Hillegom","Zuid-Holland",false,52.296324,4.593135,"injury","2","clear",false,1,"GM0534"
"20240103214",2024,"Uitsluitend materiele schade",2,"Personenauto","Fiets","Flank","Rotonde",50,"Niet brandend","Daglicht","Droog",\N,\N,"Gewantmakersdreef","Maastricht","Maastricht","Limburg",false,50.846475,5.659737,"material damage only","4","clear",false,1,"GM0935"
"20240079596",2024,"Letsel",2,"Fiets","Personenauto","Flank","Kruispunt, 4 takken",50,"Niet brandend","Daglicht","Droog",\N,\N,"Sportlaan","Amstelveen","Amstelveen","Noord-Holland",false,52.291597,4.843563,"injury","2","clear",false,1,"GM0362"
"20240082774",2024,"Uitsluitend materiele schade",3,"Fiets",\N,"Onbekend","Rechte weg",60,"Niet brandend","Daglicht","Droog",\N,"386024013","Capucijnenweg","Wittem","Gulpen-Wittem","Limburg",false,50.801421,5.929314,"material damage only","4","clear",false,1,"GM1729"
"20240083471",2024,"Uitsluitend materiele schade",2,"Personenauto","Fiets","Flank","Kruispunt, 4 takken",60,"Niet brandend","Daglicht","Droog",\N,\N,"BRUG OVER JUL.KAN","Echt","Echt-Susteren","Limburg",false,51.107086,5.848352,"material damage only","4","clear",false,1,"GM1711"
"20240084702",2024,"Uitsluitend materiele schade",2,"Personenauto","Fiets","Frontaal","Kruispunt, 4 takken",30,"Niet brandend","Daglicht","Droog",\N,\N,"Tukseweg","Tuk","Steenwijkerland","Overijssel",false,52.79672,6.095239,"material damage only","4","clear",false,1,"GM1708"
"20240091876",2024,"Uitsluitend materiele schade",1,"Fiets",\N,"Onbekend","Rechte weg",\N,"Niet brandend","Daglicht","Droog",\N,"600809885","Zicht","Berghem","Oss","Noord-Brabant",false,51.766953,5.575152,"material damage only","4","clear",false,1,"GM0828"
"20240048911",2024,"Uitsluitend materiele schade",2,"Snorfiets","Fiets","Flank","Kruispunt, 4 takken",30,"Niet brandend","Daglicht","Droog","Tunnel",\N,"Parijsboulevard","Utrecht","Utrecht","Utrecht",false,52.097781,5.066778,"material damage only","4","clear",false,1,"GM0344"
"20230049511",2023,"Letsel",1,"Fiets",\N,"Eenzijdig","Kruispunt, 4 takken",50,"Niet aanwezig","Daglicht","Droog",\N,\N,"Scheveningseweg","'s-Gravenhage","'s-Gravenhage","Zuid-Holland",false,52.086867,4.300652,"injury","2","clear",false,1,"GM0518"
"20230057029",2023,"Uitsluitend materiele schade",2,"Personenauto","e-bike","Flank","Kruispunt, 4 takken",50,"Niet brandend","Daglicht","Droog","Brug/viaduct",\N,"Utrechtsestraatweg","Nieuwegein","Nieuwegein","Utrecht",false,52.042097,5.098676,"material damage only","4","clear",false,1,"GM0356"
"20230057582",2023,"Letsel",2,"Personenauto","Fiets","Kop/staart","Rechte weg",30,"Niet brandend","Daglicht","Droog",\N,"281315035","Hessenweg","De Bilt","De Bilt","Utrecht",false,52.106317,5.178788,"injury","2","clear",false,1,"GM0310"
"20230062925",2023,"Uitsluitend materiele schade",1,"Fiets",\N,"Eenzijdig","Rechte weg",30,"Niet brandend","Daglicht","Droog",\N,"600592919","FIETSPAD","Vorstenbosch","Bernheze","Noord-Brabant",false,51.677872,5.557768,"material damage only","4","clear",false,1,"GM1721"
"20230043073",2023,"Letsel",2,"Personenauto","Fiets","Flank","Rechte weg",60,"Niet brandend","Daglicht","Droog",\N,"62193007","Gapingseweg","Serooskerke","Veere","Zeeland",false,51.544422,3.603294,"injury","2","clear",false,1,"GM0717"
"20230044269",2023,"Uitsluitend materiele schade",2,"Fiets","Fiets","Flank","Kruispunt, 4 takken",30,"Niet brandend","Daglicht","Droog",\N,\N,"Kerklaan","Groningen","Groningen","Groningen",false,53.222772,6.555084,"material damage only","4","clear",false,1,"GM0014"
"20230045406",2023,"Letsel",2,"Personenauto","Fiets","Flank","Kruispunt, 3 takken",50,"Niet brandend","Daglicht","Droog",\N,\N,"Oliemolenstraat","Oldenzaal","Oldenzaal","Overijssel",false,52.316695,6.935099,"injury","2","clear",false,1,"GM0173"
"20230049551",2023,"Uitsluitend materiele schade",2,"Fiets","Voetganger","Voetganger","Rechte weg",50,"Niet brandend","Daglicht","Droog",\N,"242372014","Vijzelstraat","Amsterdam","Amsterdam","Noord-Holland",false,52.362633,4.891925,"material damage only","4","clear",false,1,"GM0363"
"20230051253",2023,"Letsel",2,"Personenauto","Fiets","Flank","Kruispunt, 4 takken",30,"Niet brandend","Daglicht","Droog",\N,\N,"Harry Bolsiuslaan","Schijndel","Meierijstad","Noord-Brabant",false,51.617882,5.43247,"injury","2","clear",false,1,"GM1948"
"20230055317",2023,"Letsel",2,"Fiets","e-bike","Flank","Kruispunt, 4 takken",30,"Niet brandend","Daglicht","Droog",\N,\N,"Naauw","Leeuwarden","Leeuwarden","Friesland",false,53.201351,5.79787,"injury","2","clear",false,1,"GM0080"
"20230058397",2023,"Letsel",2,"Personenauto","Fiets","Frontaal","Rotonde",50,"Niet brandend","Daglicht","Harde windstoten/Regen",\N,\N,"Zwarte Ring","Assendelft","Zaanstad","Noord-Holland",false,52.491976,4.753626,"injury","2","unknown",false,1,"GM0479"
"20230063229",2023,"Uitsluitend materiele schade",2,"Fiets","Fiets","Frontaal","Rechte weg",15,"Niet brandend","Daglicht","Droog",\N,"600947168","Schijndelseweg","Sint-Oedenrode","Meierijstad","Noord-Brabant",false,51.588346,5.457107,"material damage only","4","clear",false,1,"GM1948"
"20230041931",2023,"Letsel",2,"Bromfiets","Fiets","Onbekend","Rechte weg",30,"Niet brandend","Daglicht","Droog",\N,"201266060","Randweg","Ridderkerk","Ridderkerk","Zuid-Holland",false,51.884979,4.599008,"injury","2","clear",false,1,"GM0597"
"20230047817",2023,"Letsel",3,"Fiets",\N,"Eenzijdig","Rechte weg",50,"Brandend","Duisternis","Droog",\N,"261313054","Parkzichtlaan","Utrecht","Utrecht","Utrecht",false,52.099363,5.033996,"injury","2","clear",false,1,"GM0344"
"20230048479",2023,"Uitsluitend materiele schade",1,"Fiets",\N,"Eenzijdig","Bocht",30,"Brandend","Duisternis","Droog",\N,"450408029","dr.A.C.van Raaltestraat","Ommen","Ommen","Overijssel",false,52.520345,6.424591,"material damage only","4","clear",false,1,"GM0175"
"20230051903",2023,"Uitsluitend materiele schade",2,"Personenauto","Fiets","Flank","Kruispunt, 4 takken",50,"Niet brandend","Daglicht",\N,\N,\N,"Groene Hilledijk","Rotterdam","Rotterdam","Zuid-Holland",false,51.889656,4.50789,"material damage only","4","unknown",false,1,"GM0599"
"20230061486",2023,"Letsel",2,"Personenauto","Fiets","Flank","Kruispunt, 3 takken",50,"Brandend","Daglicht","Regen",\N,\N,"Korte Voorhout","'s-Gravenhage","'s-Gravenhage","Zuid-Holland",false,52.083326,4.318062,"injury","2","rain",false,1,"GM0518"
"20230050167",2023,"Letsel",1,"Fiets",\N,"Eenzijdig","Rechte weg",30,"Niet brandend","Daglicht","Droog",\N,"209321055","Prins Bernhardlaan","Alphen aan den Rijn","Alphen aan den Rijn","Zuid-Holland",false,52.132258,4.656971,"injury","2","clear",false,1,"GM0484"
"20230050769",2023,"Letsel",2,"Bromfiets","Fiets","Frontaal","Kruispunt, 3 takken",30,"Niet brandend","Daglicht","Droog",\N,\N,"Stadionkade","Amsterdam","Amsterdam","Noord-Holland",false,52.344555,4.868859,"injury","2","clear",false,1,"GM0363"
"20230051326",2023,"Uitsluitend materiele schade",1,"Fiets",\N,"Onbekend","Kruispunt, 3 takken",30,"Niet brandend","Daglicht","Droog",\N,\N,"Heemstdonk","Spijkenisse","Nissewaard","Zuid-Holland",false,51.828896,4.327397,"material damage only","4","clear",false,1,"GM1930"
"20240131360",2024,"Uitsluitend materiele schade",2,"Fiets","Snorfiets","Onbekend","Rechte weg",15,"Niet brandend","Daglicht","Droog","Brug/viaduct","228370015","Baden Powellweg","Amsterdam","Amsterdam","Noord-Holland",false,52.352972,4.792779,"material damage only","4","clear",false,1,"GM0363"
"20230037395",2023,"Letsel",2,"Fiets","Fiets","Eenzijdig","Rechte weg",30,"Brandend","Duisternis","Droog",\N,"223431107","Blekerskade","Alkmaar","Alkmaar","Noord-Holland",false,52.62699,4.746003,"injury","2","clear",false,1,"GM0361"
"20230046710",2023,"Letsel",2,"Personenauto","Fiets","Frontaal","Kruispunt, 4 takken",50,"Niet brandend","Daglicht","Droog",\N,\N,"Visweg","Limmen","Castricum","Noord-Holland",false,52.576263,4.695505,"injury","2","clear",false,1,"GM0383"
"20230054274",2023,"Letsel",3,"Personenauto","Fiets","Onbekend","Rotonde",50,"Niet brandend","Daglicht","Droog",\N,\N,"Populierlaan","Veghel","Meierijstad","Noord-Brabant",false,51.61819,5.551874,"injury","2","clear",false,1,"GM1948"
"20230056628",2023,"Uitsluitend materiele schade",3,"Bromfiets","Fiets","Onbekend","Rechte weg",50,"Niet brandend","Daglicht","Regen",\N,\N,"Van Remagenlaan","Arnhem","Arnhem","Gelderland",false,51.993077,5.949,"material damage only","4","rain",false,1,"GM0202"
"20230064346",2023,"Letsel",1,"Fiets",\N,"Eenzijdig","Rechte weg",30,"Niet brandend","Daglicht","Droog",\N,"343357053","Oude Telgterweg","Ermelo","Ermelo","Gelderland",false,52.297694,5.630128,"injury","2","clear",false,1,"GM0233"
"20240132714",2024,"Letsel",2,"Fiets","Fiets","Flank","Rechte weg",50,"Brandend","Duisternis","Regen",\N,"156303031","Hengelolaan","'s-Gravenhage","'s-Gravenhage","Zuid-Holland",false,52.048114,4.269685,"injury","2","rain",false,1,"GM0518"
"20230052573",2023,"Letsel",2,"Personenauto","Fiets","Flank","Kruispunt, 3 takken",30,"Niet brandend","Daglicht","Droog",\N,\N,"Houtelaar","Rijen","Gilze en Rijen","Noord-Brabant",false,51.594022,4.921065,"injury","2","clear",false,1,"GM0784"
"20230054888",2023,"Letsel",1,"Fiets",\N,"Eenzijdig","Kruispunt, 3 takken",50,"Niet brandend","Daglicht","Droog",\N,\N,"Sumpelpad","Hardenberg","Hardenberg","Overijssel",false,52.559797,6.607177,"injury","2","clear",false,1,"GM0160"
"20230056067",2023,"Letsel",2,"Bromfiets","Fiets","Flank","Kruispunt, 4 takken",30,"Niet brandend","Daglicht","Droog",\N,\N,"Touwslag","Oudewater","Oudewater","Utrecht",false,52.031198,4.867021,"injury","2","clear",false,1,"GM0589"
"20230059636",2023,"Letsel",2,"Personenauto","Fiets","Flank","Kruispunt, 4 takken",50,"Niet brandend","Daglicht","Droog",\N,\N,"Prins Bernhardlaan","Haarlem","Haarlem","Noord-Holland",false,52.378997,4.66056,"injury","2","clear",false,1,"GM0392"
"20230039803",2023,"Letsel",1,"Fiets",\N,"Eenzijdig","Rechte weg",\N,"Niet brandend","Daglicht","Droog/Harde windstoten",\N,"197327004","Doespolderkade","Hoogmade","Kaag en Braassem","Zuid-Holland",false,52.156906,4.566711,"injury","2","unknown",false,1,"GM1884"
"20230041517",2023,"Letsel",2,"Snorfiets","Fiets","Flank","Kruispunt, 4 takken",50,"Niet brandend","Daglicht","Droog",\N,\N,"van der Voortweg","Boxtel","Boxtel","Noord-Brabant",false,51.594095,5.316108,"injury","2","clear",false,1,"GM0757"