"accident_id","year","severity_raw","party_count","party1_type","party2_type","accident_type","road_situation","speed_limit_kmh","road_lighting","light_condition_label","weather_raw","infra_type","road_segment_id","street_name","place_name","gemeente_name_raw","province","alcohol_indicated","latitude","longitude","severity_label","severity_code","weather_label","built_up_area","cyclists_involved","gemeente_code"
"20230045028",2023,"Letsel",2,"Snorfiets","Fiets","Flank","Kruispunt, 4 takken",50,"Niet brandend","Daglicht","Droog",\N,\N,"Overcingellaan","Assen","Assen","Drenthe",false,52.99585,6.571587,"injury","2","clear",false,1,"GM0106"
"20230047980",2023,"Uitsluitend materiele schade",2,"Personenauto","Fiets","Flank","Rechte weg",50,"Niet brandend","Daglicht","Droog","Tankstation","600780180","Brinklaan","Bussum","Gooise Meren","Noord-Holland",false,52.269043,5.162706,"material damage only","4","clear",false,1,"GM1942"
"20230054349",2023,"Uitsluitend materiele schade",2,"Personenauto","Fiets","Onbekend","Rechte weg",50,"Niet brandend","Daglicht","Droog","Spoorwegovergang",\N,"Heihoeksingel","Oss","Oss","Noord-Brabant",false,51.755483,5.497149,"material damage only","4","clear",false,1,"GM0828"
"20240129091",2024,"Uitsluitend materiele schade",2,"Personenauto","Fiets","Flank","Rechte weg",30,"Niet brandend","Daglicht","Droog",\N,"281342120","Stationsstraat","Hilversum","Hilversum","Noord-Holland",false,52.227054,5.180137,"material damage only","4","clear",false,1,"GM0402"
"20230039837",2023,"Uitsluitend materiele schade",2,"Personenauto","Fiets","Onbekend","Rotonde",50,"Niet brandend","Daglicht","Regen",\N,\N,"Van Randwijkstraat","Leiden","Leiden","Zuid-Holland",false,52.147463,4.476048,"material damage only","4","rain",false,1,"GM0546"
"20230041530",2023,"Uitsluitend materiele schade",2,"Personenauto","e-bike","Onbekend","Kruispunt, 3 takken",30,"Niet brandend","Daglicht","Droog",\N,\N,"Stadhuisplein","Veghel","Meierijstad","Noord-Brabant",false,51.615383,5.546768,"material damage only","4","clear",false,1,"GM1948"
"20230046256",2023,"Letsel",2,"Fiets","Personenauto","Geparkeerd voertuig","Rechte weg",50,"Brandend","Duisternis","Droog",\N,"522547001","Hoofdweg","Westerlee","Oldambt","Groningen",false,53.141862,6.979012,"injury","2","clear",false,1,"GM1895"
"20230050903",2023,"Letsel",2,"Personenauto","Fiets","Onbekend","Kruispunt, 3 takken",50,"Niet brandend","Daglicht","Droog",\N,\N,"Smidspad","Tilburg","Tilburg","Noord-Brabant",false,51.57058,5.078587,"injury","2","clear",false,1,"GM0855"
"20230058313",2023,"Letsel",1,"Fiets",\N,"Eenzijdig","Bocht",50,"Niet brandend","Daglicht","Droog",\N,"189328027","Lage Rijndijk","Leiden","Leiden","Zuid-Holland",false,52.161783,4.505809,"injury","2","clear",false,1,"GM0546"
"20230060632",2023,"Letsel",2,"Personenauto","Fiets","Flank","Kruispunt, 4 takken",30,"Niet brandend","Daglicht","Droog",\N,\N,"Burgemeester Brokxlaan","Tilburg","Tilburg","Noord-Brabant",false,51.561886,5.087003,"injury","2","clear",false,1,"GM0855"
"20230060633",2023,"Uitsluitend materiele schade",2,"Bromfiets","Fiets","Flank","Rechte weg",30,"Niet brandend","Daglicht","Droog",\N,"189267206","Groene Hilledijk","Rotterdam","Rotterdam","Zuid-Holland",false,51.89173,4.508789,"material damage only","4","clear",false,1,"GM0599"
"20240129391",2024,"Letsel",2,"Snorfiets","Fiets","Onbekend",\N,50,\N,"Daglicht",\N,\N,\N,"MUZENPARK","Almere","Almere","Flevoland",false,52.369662,5.181696,"injury","2","unknown",false,1,"GM0034"
"20230043937",2023,"Uitsluitend materiele schade",2,"Fiets","Fiets","Frontaal","Rechte weg",50,"Niet brandend","Daglicht","Droog",\N,"377570003","Rengersweg","Oentsjerk","Tytsjerksteradiel","Friesland",false,53.254447,5.895713,"material damage only","4","clear",false,1,"GM0737"
"20230044525",2023,"Letsel",2,"Personenauto","Fiets","Frontaal","Kruispunt, 4 takken",50,"Niet brandend","Daglicht","Droog","Brug/viaduct",\N,"Esmarkerbrug","Enschede","Enschede","Overijssel",false,52.224019,6.928715,"injury","2","clear",false,1,"GM0153"
"20230050345",2023,"Letsel",2,"Bestelauto","Fiets","Flank","Kruispunt, 4 takken",50,"Niet brandend","Daglicht","Droog",\N,\N,"Kattensingel","Gouda","Gouda","Zuid-Holland",false,52.01561,4.70957,"injury","2","clear",false,1,"GM0513"
"20230050939",2023,"Letsel",2,"Bestelauto","Fiets","Flank","Kruispunt, 3 takken",30,"Niet brandend","Daglicht","Droog",\N,\N,"Trompstraat","Eindhoven","Eindhoven","Noord-Brabant",false,51.451105,5.469785,"injury","2","clear",false,1,"GM0772"
"20230053263",2023,"Letsel",2,"Bestelauto","Fiets","Onbekend","Kruispunt, 4 takken",50,"Niet brandend","Daglicht","Droog",\N,\N,"Laan van Londen","Dordrecht","Dordrecht","Zuid-Holland",false,51.776992,4.650938,"injury","2","clear",false,1,"GM0505"
"20230060668",2023,"Uitsluitend materiele schade",2,\N,"Fiets","Onbekend","Rechte weg",60,"Niet aanwezig","Daglicht","Droog",\N,"118131003","Plattendijk","Hulst","Hulst","Zeeland",false,51.278729,4.023277,"material damage only","4","clear",false,1,"GM0677"
"20230064509",2023,"Uitsluitend materiele schade",2,"Fiets","Voetganger","Voetganger","Rechte weg",30,"Niet brandend","Daglicht","Droog",\N,"600862048","Rozengaardseweg","Doetinchem","Doetinchem","Gelderland",false,51.968528,6.296804,"material damage only","4","clear",false,1,"GM0222"
"20240127603",2024,"Uitsluitend materiele schade",2,"Bestelauto","Fiets","Frontaal","Rechte weg",30,"Niet brandend","Daglicht","Droog",\N,"467563031","Vismarkt","Groningen","Groningen","Groningen",false,53.217224,6.565419,"material damage only","4","clear",false,1,"GM0014"
"20230038193",2023,"Uitsluitend materiele schade",2,"Personenauto","Fiets","Flank","Kruispunt, 3 takken",50,"Niet brandend","Daglicht","Droog",\N,\N,"Winthontlaan","Utrecht","Utrecht","Utrecht",false,52.057969,5.109925,"material damage only","4","clear",false,1,"GM0344"
"20230054474",2023,"Letsel",2,"Fiets","Personenauto","Flank","Rechte weg",50,"Niet brandend","Daglicht","Droog",\N,"601006671","CBS-weg","Heerlen","Heerlen","Limburg",false,50.894007,5.9685,"injury","2","clear",false,1,"GM0917"
"20230059002",2023,"Letsel",1,"Fiets",\N,"Eenzijdig","Rechte weg",30,"Niet brandend","Daglicht","Droog",\N,"600683161","FIETSPAD","Wassenaar","Wassenaar","Zuid-Holland",false,52.161374,4.361309,"injury","2","clear",false,1,"GM0629"
"20230059355",2023,"Uitsluitend materiele schade",3,"Fiets","Fiets","Flank","Rechte weg",50,"Niet brandend","Daglicht","Droog",\N,"601069870","TESSELSEBRUG","Alkmaar","Alkmaar","Noord-Holland",false,52.635794,4.747555,"material damage only","4","clear",false,1,"GM0361"
"20240133076",2024,"Letsel",2,"Fiets","Voetganger","Voetganger","Kruispunt, 4 takken",30,"Niet brandend","Daglicht","Regen",\N,\N,"Wilgenstraat","De Lier","Westland","Zuid-Holland",false,51.975857,4.248412,"injury","2","rain",false,1,"GM1783"
"20230065577",2023,"Uitsluitend materiele schade",2,"Personenauto","Fiets","Flank","Kruispunt, 4 takken",50,"Niet brandend","Daglicht","Droog",\N,\N,"Atoomweg","Groningen","Groningen","Groningen",false,53.21317,6.540041,"material damage only","4","clear",false,1,"GM0014"
"20230065739",2023,"Letsel",1,"e-bike",\N,"Eenzijdig","Kruispunt, 3 takken",50,"Niet brandend","Daglicht","Droog",\N,\N,"Potskampstraat","Oldenzaal","Oldenzaal","Overijssel",false,52.315722,6.934441,"injury","2","clear",false,1,"GM0173"
"20230041076",2023,"Uitsluitend materiele schade",2,"Personenauto","Fiets","Onbekend","Rechte weg",60,"Niet brandend","Daglicht","Droog",\N,"311227017","Vliertwijksestraat","Rosmalen","'s-Hertogenbosch","Noord-Brabant",false,51.714528,5.40011,"material damage only","4","clear",false,1,"GM0796"
"20230047529",2023,"Uitsluitend materiele schade",2,"Personenauto","Fiets","Flank","Rechte weg",30,"Niet brandend","Daglicht","Droog",\N,"280340034","Koningsstraat","Hilversum","Hilversum","Noord-Holland",false,52.220325,5.17119,"material damage only","4","clear",false,1,"GM0402"
"20230055660",2023,"Uitsluitend materiele schade",3,"Fiets","Bestelauto","Onbekend","Kruispunt, 4 takken",50,"Niet brandend","Daglicht","Droog",\N,\N,"Abel Tasmanweg","Assen","Assen","Drenthe",false,52.995789,6.571303,"material damage only","4","clear",false,1,"GM0106"
"20230037671",2023,"Uitsluitend materiele schade",2,"Personenauto","Fiets","Onbekend","Kruispunt, 3 takken",50,"Niet brandend","Daglicht","Droog",\N,\N,"Schoolstraat","Almere","Almere","Flevoland",false,52.337819,5.218486,"material damage only","4","clear",false,1,"GM0034"
"20230048762",2023,"Uitsluitend materiele schade",2,"Personenauto","Fiets","Kop/staart","Kruispunt, 4 takken",50,"Niet brandend","Daglicht","Droog",\N,\N,"Marnixstraat","Amsterdam","Amsterdam","Noord-Holland",false,52.368706,4.877971,"material damage only","4","clear",false,1,"GM0363"
"20230049348",2023,"Letsel",2,"Personenauto","Fiets","Frontaal","Kruispunt, 3 takken",30,"Niet brandend","Daglicht","Droog",\N,\N,"Pieter de la Courtstraat","Leiden","Leiden","Zuid-Holland",false,52.150298,4.492943,"injury","2","clear",false,1,"GM0546"
"20230055689",2023,"Uitsluitend materiele schade",2,"Personenauto","Fiets","Flank","Kruispunt, 4 takken",50,"Niet brandend","Daglicht","Regen",\N,\N,"Stationsweg","Leeuwarden","Leeuwarden","Friesland",false,53.197196,5.796151,"material damage only","4","rain",false,1,"GM0080"
"20230055697",2023,"Letsel",3,"Fiets","Fiets","Onbekend","Rechte weg",60,"Niet aanwezig","Daglicht","Droog",\N,"455573001","Evert Harm Woltersweg","Aduard","Westerkwartier","Groningen",false,53.260811,6.479614,"injury","2","clear",false,1,"GM1969"
"20240128044",2024,"Uitsluitend materiele schade",2,"Personenauto","Fiets","Flank","Rechte weg",50,"Niet brandend","Daglicht","Regen",\N,"347284028","Plantsoen","Wageningen","Wageningen","Gelderland",false,51.967292,5.663011,"material damage only","4","rain",false,1,"GM0289"
"20240128162",2024,"Letsel",2,"Personenauto","Fiets","Flank","Rechte weg",30,"Niet brandend","Daglicht","Droog",\N,"600359981","Coendersweg","Groningen","Groningen","Groningen",false,53.199343,6.582803,"injury","2","clear",false,1,"GM0014"
"20240128293",2024,"Uitsluitend materiele schade",2,"Personenauto","Fiets","Flank","Kruispunt, 4 takken",50,"Niet brandend","Daglicht","Droog",\N,\N,"Laan van Borgele","Deventer","Deventer","Overijssel",false,52.266681,6.153978,"material damage only","4","clear",false,1,"GM0150"
"20230065643",2023,"Letsel",2,"Personenauto","Fiets","Flank","Rechte weg",60,"Niet brandend","Daglicht","Droog",\N,"312525060","WORKUMERDIJK","Idsegahuizum","Súdwest-Fryslân","Friesland",false,53.047337,5.405619,"injury","2","clear",false,1,"GM1900"
"20230049919",2023,"Letsel",2,"Fiets","Fiets","Onbekend","Rechte weg",50,"Brandend","Duisternis","Droog",\N,\N,"Johan de Wittlaan","'s-Gravenhage","'s-Gravenhage","Zuid-Holland",false,52.095644,4.286395,"injury","2","clear",false,1,"GM0518"
"20230054013",2023,"Letsel",2,"Personenauto","Fiets","Flank","Kruispunt, 3 takken",30,"Niet brandend","Daglicht","Droog",\N,\N,"Burg. de Kuijperlaan","Veghel","Meierijstad","Noord-Brabant",false,51.622684,5.541382,"injury","2","clear",false,1,"GM1948"
"20240129873",2024,"Letsel",1,"Fiets",\N,"Onbekend",\N,60,\N,"Daglicht",\N,\N,"320299002","Bovenhaarweg","Leersum","Utrechtse Heuvelrug","Utrecht",false,52.037521,5.472991,"injury","2","unknown",false,1,"GM1581"
"20230040036",2023,"Letsel",2,"Fiets","Fiets","Onbekend","Rechte weg",30,"Niet brandend","Daglicht","Droog",\N,"157316054","Keizerstraat","'s-Gravenhage","'s-Gravenhage","Zuid-Holland",false,52.106697,4.272542,"injury","2","clear",false,1,"GM0518"
"20230045289",2023,"Uitsluitend materiele schade",2,"Bromfiets","Fiets","Frontaal","Rechte weg",50,"Niet brandend","Schemer","Droog","Brug/viaduct","600690560","FIETSPAD","Westervoort","Westervoort","Gelderland",false,51.973648,5.991313,"material damage only","4","clear",false,1,"GM0293"
"20240131200",2024,"Letsel",2,"Personenauto","Fiets","Flank","Kruispunt, 4 takken",50,"Niet brandend","Schemer","Droog",\N,\N,"Dirk Vreekenstraat","Amsterdam","Amsterdam","Noord-Holland",true,52.371075,4.935968,"injury","2","clear",false,1,"GM0363"
"20230040089",2023,"Uitsluitend materiele schade",2,"Fiets","Fiets","Frontaal","Rechte weg",\N,"Brandend","Daglicht","Droog",\N,"237370068","Vondelpark","Amsterdam","Amsterdam","Noord-Holland",false,52.355246,4.859329,"material damage only","4","clear",false,1,"GM0363"
"20230045328",2023,"Letsel",2,"Bestelauto","Fiets","Eenzijdig","Rechte weg",60,"Niet brandend","Daglicht","Droog",\N,"507390005","Hooidijk","Vasse","Tubbergen","Overijssel",false,52.437541,6.843765,"injury","2","clear",false,1,"GM0183"
"20230053487",2023,"Letsel",2,"Personenauto","Fiets","Flank","Kruispunt, 3 takken",30,"Niet brandend","Daglicht","Droog",\N,\N,"Stationsstraat","Etten-Leur","Etten-Leur","Noord-Brabant",false,51.574558,4.641894,"injury","2","clear",false,1,"GM0777"
"20230061936",2023,"Letsel",2,"Fiets","Fiets","Onbekend","Rechte weg",\N,"Niet brandend","Daglicht","Droog",\N,"173311047","J.S. Bachlaan","Leidschendam","Leidschendam-Voorburg","Zuid-Holland",false,52.087091,4.390162,"injury","2","clear",false,1,"GM1916"
"20240128812",2024,"Letsel",2,"Bromfiets","Fiets","Frontaal","Rechte weg",60,"Niet brandend","Daglicht","Mist",\N,"600501526","Oude Postweg","Midwolde","Westerkwartier","Groningen",false,53.182848,6.379944,"injury","2","fog",false,1,"GM1969"
"20240132468",2024,"Letsel",2,"Bestelauto","Fiets","Frontaal","Kruispunt, 3 takken",30,"Niet aanwezig","Daglicht","Regen",\N,\N,"Oostdijk","Hellevoetsluis","Voorne aan Zee","Zuid-Holland",true,51.83933,4.144383,"injury","2","rain",false,1,"GM1992"
"20230037798",2023,"Letsel",3,"Personenauto","Fiets","Onbekend","Rechte weg",50,"Niet brandend","Daglicht","Droog",\N,"213406215","Beethovenstraat","Heemskerk","Heemskerk","Noord-Holland",false,52.513058,4.677379,"injury","2","clear",false,1,"GM0396"
"20230042999",2023,"Letsel",3,"Personenauto","Fiets","Flank","Kruispunt, 4 takken",50,"Brandend","Duisternis","Droog",\N,\N,"Marathonloop","Eindhoven","Eindhoven","Noord-Brabant",false,51.476468,5.449395,"injury","2","clear",false,1,"GM0772"
"20230047695",2023,"Uitsluitend materiele schade",2,"Personenauto","Fiets","Flank","Kruispunt, 3 takken",50,"Niet brandend","Daglicht","Droog",\N,\N,"Tulpenlaan","Winkel","Hollands Kroon","Noord-Holland",false,52.751518,4.905011,"material damage only","4","clear",false,1,"GM1911"
"20240131667",2024,"Letsel",2,"Fiets","Personenauto","Flank","Kruispunt, 4 takken",30,"Niet aanwezig","Daglicht","Droog",\N,\N,"Kruislaan","Amsterdam","Amsterdam","Noord-Holland",false,52.344366,4.934462,"injury","2","clear",false,1,"GM0363"
"20240131872",2024,"Letsel",2,"Vrachtauto","Fiets","Onbekend","Rotonde",50,"Niet brandend","Daglicht","Droog",\N,\N,"Voorburggracht","Broek op Langedijk","Dijk en Waard","Noord-Holland",false,52.679842,4.801629,"injury","2","clear",false,1,"GM1980"
"20240132821",2024,"Uitsluitend materiele schade",2,"Personenauto","Fiets","Flank","Kruispunt, 3 takken",50,"Niet brandend","Daglicht","Droog",\N,\N,"Schoemakerstraat","Delft","Delft","Zuid-Holland",false,51.996583,4.380955,"material damage only","4","clear",false,1,"GM0503"
"20240132827",2024,"Letsel",1,"Fiets",\N,"Eenzijdig","Rechte weg",50,"Niet brandend","Daglicht","Droog",\N,"600891570","Klokpoort","Leiden","Leiden","Zuid-Holland",false,52.162352,4.497821,"injury","2","clear",false,1,"GM0546"
"20240132050",2024,"Letsel",2,"Personenauto","Fiets","Flank","Rechte weg",50,"Niet brandend","Daglicht","Droog",\N,"600775683","Groen van Prinstererstr","Utrecht","Utrecht","Utrecht",false,52.105161,5.093665,"injury","2","clear",false,1,"GM0344"
"20240133693",2024,"Letsel",2,"Trein/tram","e-bike","Flank","Kruispunt, 4 takken",30,"Niet brandend","Daglicht","Droog","Spoorwegovergang",\N,"Steentijdsingel","'s-Gravenhage","'s-Gravenhage","Zuid-Holland",false,52.041478,4.3719,"injury","2","clear",false,1,"GM0518"
"20230038430",2023,"Letsel",2,"Personenauto","Fiets","Flank","Kruispunt, 3 takken",30,"Niet brandend","Daglicht","Droog",\N,\N,"Kamerlingh Onneslaan","Badhoevedorp","Haarlemmermeer","Noord-Holland",false,52.337471,4.772011,"injury","2","clear",false,1,"GM0394"
"20230045984",2023,"Uitsluitend materiele schade",2,"Bestelauto","Fiets","Flank","Rechte weg",30,"Niet brandend","Daglicht","Droog",\N,"365292002","Wolfhezerweg","Wolfheze","Renkum","Gelderland",false,52.003047,5.79382,"material damage only","4","clear",false,1,"GM0274"
"20220229464",2022,"Uitsluitend materiele schade",2,"Bestelauto","Fiets","Flank","Kruispunt, 4 takken",30,"Niet brandend","Daglicht","Droog",\N,\N,"Glorieuxlaan","Eindhoven","Eindhoven","Noord-Brabant",false,51.430523,5.497266,"material damage only","4","clear",false,1,"GM0772"
"20220231325",2022,"Letsel",2,"Bestelauto","Fiets","Eenzijdig","Kruispunt, 4 takken",50,"Niet brandend","Daglicht","Droog",\N,\N,"Sint Wirosingel","Roermond","Roermond","Limburg",false,51.174529,6.003924,"injury","2","clear",false,1,"GM0957"
"20220228079",2022,"Letsel",1,"Fiets",\N,"Eenzijdig","Rechte weg",30,"Brandend","Duisternis","Droog",\N,"299222040","van Berckelstraat","'s-Hertogenbosch","'s-Hertogenbosch","Noord-Brabant",false,51.692045,5.30879,"injury","2","clear",false,1,"GM0796"
"20220200969",2022,"Uitsluitend materiele schade",2,"Trekker","Fiets","Frontaal","Kruispunt, 3 takken",80,"Niet brandend","Daglicht","Mist",\N,\N,"Zoekeweg","Denekamp","Dinkelland","Overijssel",false,52.392864,7.0244,"material damage only","4","fog",false,1,"GM1774"
"20220210942",2022,"Letsel",2,"Fiets","Fiets","Flank","Rechte weg",30,"Brandend","Duisternis","Droog",\N,"600362702","Minervalaan","Amsterdam","Amsterdam","Noord-Holland",false,52.347954,4.872618,"injury","2","clear",false,1,"GM0363"
"20220214492",2022,"Letsel",2,"Personenauto","Fiets","Flank","Rechte weg",50,"Niet brandend","Daglicht","Droog",\N,\N,"Singel","'s-Gravenhage","'s-Gravenhage","Zuid-Holland",false,52.030311,4.359898,"injury","2","clear",false,1,"GM0518"
"20220219456",2022,"Uitsluitend materiele schade",2,"Personenauto","Fiets","Onbekend","Rotonde",50,"Niet brandend","Daglicht","Droog",\N,\N,"Sportlaan","Hellevoetsluis","Voorne aan Zee","Zuid-Holland",false,51.834709,4.138208,"material damage only","4","clear",false,1,"GM1992"
"20220209050",2022,"Uitsluitend materiele schade",2,"Personenauto","e-bike","Flank","Kruispunt, 4 takken",50,"Brandend","Duisternis","Droog",\N,\N,"Marconistraat","Heerhugowaard","Dijk en Waard","Noord-Holland",false,52.684566,4.834162,"material damage only","4","clear",false,1,"GM1980"
"20220211640",2022,"Uitsluitend materiele schade",2,"Fiets","Personenauto","Flank","Kruispunt, 3 takken",50,"Niet brandend","Daglicht","Droog",\N,\N,"Meteorenweg","Amsterdam","Amsterdam","Noord-Holland",false,52.415652,4.87952,"material damage only","4","clear",false,1,"GM0363"
"20220218090",2022,"Letsel",2,"Personenauto","Fiets","Flank","Kruispunt, 4 takken",50,"Niet brandend","Daglicht","Droog",\N,\N,"Verheeskade","'s-Gravenhage","'s-Gravenhage","Zuid-Holland",false,52.061742,4.315775,"injury","2","clear",false,1,"GM0518"
"20220228153",2022,"Uitsluitend materiele schade",2,"Personenauto","Fiets","Frontaal","Kruispunt, 4 takken",50,"Niet brandend","Daglicht","Regen",\N,\N,"Galliërsweg","Oss","Oss","Noord-Brabant",false,51.756633,5.560293,"material damage only","4","rain",false,1,"GM0828"
"20220231529",2022,"Uitsluitend materiele schade",2,"Personenauto","Fiets","Frontaal","Kruispunt, 4 takken",30,"Niet brandend","Daglicht","Droog",\N,\N,"Kerkveldsweg Oost","Echt","Echt-Susteren","Limburg",false,51.09992,5.882682,"material damage only","4","clear",false,1,"GM1711"
"20220202480",2022,"Uitsluitend materiele schade",2,"Fiets","Personenauto","Flank","Rotonde",50,"Niet brandend","Daglicht","Regen",\N,\N,"Handelsweg-noord","Dronten","Dronten","Flevoland",false,52.537449,5.723947,"material damage only","4","rain",false,1,"GM0303"
"20220219617",2022,"Letsel",1,"Fiets",\N,"Eenzijdig","Rechte weg",30,"Niet brandend","Daglicht","Droog",\N,"204250037","Anjerstraat","Zwijndrecht","Zwijndrecht","Zuid-Holland",false,51.815171,4.62598,"injury","2","clear",false,1,"GM0642"
"20220211788",2022,"Uitsluitend materiele schade",3,"Personenauto","Fiets","Onbekend","Rechte weg",30,"Niet brandend","Daglicht","Droog",\N,"241373006","Runstraat","Amsterdam","Amsterdam","Noord-Holland",false,52.368892,4.88357,"material damage only","4","clear",false,1,"GM0363"
"20220213847",2022,"Letsel",2,"Bromfiets","Fiets","Onbekend","Rechte weg",30,"Niet brandend","Daglicht","Droog",\N,"161310089","Heulstraat","'s-Gravenhage","'s-Gravenhage","Zuid-Holland",false,52.080895,4.308117,"injury","2","clear",false,1,"GM0518"
"20220223788",2022,"Uitsluitend materiele schade",2,"Personenauto","Fiets","Flank","Kruispunt, 3 takken",50,"Niet brandend","Daglicht","Droog",\N,\N,"Overaseweg","Breda","Breda","Noord-Brabant",false,51.539204,4.745876,"material damage only","4","clear",false,1,"GM0758"
"20220227502",2022,"Uitsluitend materiele schade",2,"Bestelauto","e-bike","Flank","Rechte weg",50,"Brandend","Duisternis","Droog",\N,"299181153","Kempenweg","Oirschot","Oirschot","Noord-Brabant",false,51.506574,5.314594,"material damage only","4","clear",false,1,"GM0823"
"20220199142",2022,"Letsel",2,"Bestelauto","e-bike","Eenzijdig","Rechte weg",50,"Niet brandend","Daglicht","Droog",\N,\N,"Harderwijkerweg","Nunspeet","Nunspeet","Gelderland",false,52.374405,5.770294,"injury","2","clear",false,1,"GM0302"
"20220204080",2022,"Uitsluitend materiele schade",2,"Personenauto","e-bike","Onbekend","Kruispunt, 3 takken",50,"Brandend","Duisternis","Droog",\N,\N,"Kerkewijk","Veenendaal","Veenendaal","Utrecht",false,52.011534,5.543759,"material damage only","4","clear",false,1,"GM0345"
"20220211159",2022,"Letsel",2,"Motor","e-bike","Flank","Kruispunt, 4 takken",50,"Niet brandend","Daglicht","Droog",\N,\N,"Zeeburgerdijk","Amsterdam","Amsterdam","Noord-Holland",false,52.365387,4.948312,"injury","2","clear",false,1,"GM0363"
"20220214716",2022,"Letsel",2,"Fiets","Los voorwerp","Los voorwerp","Rechte weg",\N,"Niet brandend","Daglicht","Regen",\N,\N,"Vorstiusrode","Zoetermeer","Zoetermeer","Zuid-Holland",false,52.064349,4.471005,"injury","2","rain",false,1,"GM0637"
"20220208505",2022,"Letsel",2,"e-bike","Fiets","Flank","Kruispunt, 4 takken",50,"Brandend","Duisternis","Droog",\N,\N,"Duitslandlaan","Heemskerk","Heemskerk","Noord-Holland",false,52.498146,4.676057,"injury","2","clear",false,1,"GM0396"
"20220208514",2022,"Uitsluitend materiele schade",2,"Personenauto","Fiets","Flank","Rechte weg",30,"Niet aanwezig","Daglicht","Droog",\N,"600242540","Irene Vorrinkstraat","Hoofddorp","Haarlemmermeer","Noord-Holland",false,52.296972,4.678472,"material damage only","4","clear",false,1,"GM0394"
"20220223890",2022,"Letsel",3,"e-bike","Overig wegmeubilair","Vast voorwerp","Rechte weg",30,"Niet brandend","Daglicht","Droog",\N,"61181063","Koudekerkseweg","Middelburg","Middelburg","Zeeland",false,51.491979,3.599717,"injury","2","clear",false,1,\N
"20220200614",2022,"Uitsluitend materiele schade",2,"Personenauto","Fiets","Onbekend","Kruispunt, 3 takken",30,"Niet brandend","Daglicht","Droog",\N,\N,"Molenstraat","Enschede","Enschede","Overijssel",false,52.223787,6.898342,"material damage only","4","clear",false,1,"GM0153"
"20220201277",2022,"Letsel",2,"Bestelauto","Fiets","Eenzijdig","Kruispunt, 4 takken",60,"Niet brandend","Daglicht","Droog",\N,\N,"Assinkdrijfweg","Neede","Berkelland","Gelderland",false,52.139784,6.622909,"injury","2","clear",false,1,"GM1859"
"20220213015",2022,"Letsel",2,"Fiets","Personenauto","Flank","Kruispunt, 4 takken",50,"Niet brandend","Daglicht","Droog",\N,\N,"Zwaardslootseweg","Zoetermeer","Zoetermeer","Zuid-Holland",false,52.068675,4.484755,"injury","2","clear",false,1,"GM0637"
"20220216271",2022,"Letsel",1,"Fiets",\N,"Eenzijdig",\N,50,\N,"Duisternis",\N,\N,"141296019","Koningin Julianaweg","'s-Gravenzande","Westland","Zuid-Holland",false,52.017048,4.158331,"injury","2","unknown",false,1,"GM1783"
"20220220571",2022,"Letsel",2,"Personenauto","Fiets","Onbekend","Kruispunt, 3 takken",30,"Niet brandend","Daglicht","Droog",\N,\N,"Degerfors","Schiedam","Schiedam","Zuid-Holland",false,51.93895,4.387342,"injury","2","clear",false,1,"GM0606"
"20220229851",2022,"Letsel",2,"Personenauto","Fiets","Geparkeerd voertuig","Kruispunt, 3 takken",30,"Brandend","Schemer","Regen","Parkeervoorziening",\N,"Nazarethplein","Best","Best","Noord-Brabant",false,51.510898,5.394358,"injury","2","rain",false,1,"GM0753"
"20220231020",2022,"Uitsluitend materiele schade",1,"Fiets",\N,"Eenzijdig","Bocht",30,"Niet brandend","Daglicht","Droog","Tunnel","600628549","FIETSPAD","Haelen","Leudal","Limburg",false,51.232183,5.96015,"material damage only","4","clear",false,1,"GM1640"
"20220220649",2022,"Uitsluitend materiele schade",1,"Fiets",\N,"Onbekend","Rechte weg",50,"Niet brandend","Schemer","Droog",\N,"600890803","Horváthweg","Rotterdam","Rotterdam","Zuid-Holland",false,51.920391,4.430491,"material damage only","4","clear",false,1,"GM0599"
"20220217066",2022,"Letsel",1,"Fiets",\N,"Eenzijdig","Kruispunt, 3 takken",\N,"Brandend","Duisternis",\N,\N,\N,"RIJNZICHTBRUG","Leiden","Leiden","Zuid-Holland",false,52.159479,4.477773,"injury","2","unknown",false,1,"GM0546"
"20220231090",2022,"Letsel",2,"Brommobiel","Fiets","Onbekend","Kruispunt, 4 takken",50,\N,"Daglicht","Droog",\N,\N,"John F. Kennedylaan","Panningen","Peel en Maas","Limburg",false,51.322859,5.980397,"injury","2","clear",false,1,"GM1894"
"20220157128",2022,"Dodelijk",1,"e-bike",\N,"Eenzijdig","Rechte weg",30,"Niet brandend","Daglicht","Droog",\N,"600194802","Duinschooten","Noordwijk","Noordwijk","Zuid-Holland",false,52.283994,4.503418,"fatal","1","clear",false,1,"GM0575"
"20220206979",2022,"Uitsluitend materiele schade",2,"Personenauto","Fiets","Onbekend","Kruispunt, 4 takken",50,"Niet brandend","Daglicht","Regen",\N,\N,"Max Havelaarstraat","Zaandam","Zaanstad","Noord-Holland",false,52.4447,4.803792,"material damage only","4","rain",false,1,"GM0479"
"20220224125",2022,"Letsel",2,"Personenauto","Fiets","Frontaal","Rechte weg",30,"Niet brandend","Daglicht","Droog",\N,"199191050","Dorpsstraat","St. Willebrord","Rucphen","Noord-Brabant",false,51.547874,4.591581,"injury","2","clear",false,1,"GM0840"
"20220229299",2022,"Uitsluitend materiele schade",2,"Personenauto","e-bike","Flank","Bocht",30,"Niet brandend","Daglicht","Regen",\N,"334165039","Getouwstraat","Geldrop","Geldrop-Mierlo","Noord-Brabant",false,51.431771,5.565962,"material damage only","4","rain",false,1,"GM1771"