"accident_id","year","severity_raw","party_count","party1_type","party2_type","accident_type","road_situation","speed_limit_kmh","road_lighting","light_condition_label","weather_raw","infra_type","road_segment_id","street_name","place_name","gemeente_name_raw","province","alcohol_indicated","latitude","longitude","severity_label","severity_code","weather_label","built_up_area","cyclists_involved","gemeente_code"
"20220231921",2022,"Uitsluitend materiele schade",2,"Personenauto","Fiets","Onbekend","Kruispunt, 3 takken",30,"Niet brandend","Daglicht","Droog",\N,\N,"Dokter Mostartstraat","Susteren","Echt-Susteren","Limburg",false,51.063361,5.862705,"material damage only","4","clear",false,1,"GM1711"
"20220207903",2022,"Letsel",1,"Fiets",\N,"Eenzijdig","Rechte weg",30,"Niet brandend","Daglicht","Droog",\N,"224433038","Frieseweg","Alkmaar","Alkmaar","Noord-Holland",false,52.637269,4.757413,"injury","2","clear",false,1,"GM0361"
"20220207937",2022,"Uitsluitend materiele schade",1,"Fiets",\N,"Onbekend",\N,\N,\N,"Daglicht",\N,\N,\N,"Dorpsstraat","Noord-Scharwoude","Dijk en Waard","Noord-Holland",false,52.703076,4.811231,"material damage only","4","unknown",false,1,"GM1980"
"20220214121",2022,"Letsel",1,"Fiets",\N,"Eenzijdig","Rechte weg",30,"Brandend","Duisternis","Droog",\N,"182321081","Leidseweg","Voorschoten","Voorschoten","Zuid-Holland",false,52.131971,4.458553,"injury","2","clear",false,1,"GM0626"
"20220217147",2022,"Letsel",2,"Personenauto","Fiets","Flank","Kruispunt, 3 takken",50,"Niet aanwezig","Schemer","Droog",\N,\N,"Oosteinde","Warmond","Teylingen","Zuid-Holland",false,52.209751,4.509197,"injury","2","clear",false,1,"GM1525"
"20220231190",2022,"Uitsluitend materiele schade",2,"Fiets","Fiets","Kop/staart","Kruispunt, 3 takken",30,"Niet brandend","Daglicht","Droog",\N,\N,"Steegstraat","Roermond","Roermond","Limburg",false,51.197147,5.991955,"material damage only","4","clear",false,1,"GM0957"
"20220205170",2022,"Uitsluitend materiele schade",2,"Fiets","e-bike","Flank","Kruispunt, 4 takken",30,"Niet brandend","Daglicht","Droog",\N,\N,"Oude Touwfabriek","Oudewater","Oudewater","Utrecht",false,52.027596,4.857941,"material damage only","4","clear",false,1,"GM0589"
"20220206396",2022,"Letsel",2,"Personenauto","Fiets","Frontaal","Kruispunt, 4 takken",50,"Niet brandend","Daglicht","Droog",\N,\N,"Prinses Beatrixlaan","Uitgeest","Uitgeest","Noord-Holland",false,52.52639,4.705577,"injury","2","clear",false,1,"GM0450"
"20220181188",2022,"Dodelijk",2,"Personenauto","e-bike","Flank","Kruispunt, 4 takken",70,"Brandend","Duisternis","Droog",\N,\N,"Thorbeckestraat","Alphen aan den Rijn","Alphen aan den Rijn","Zuid-Holland",true,52.132157,4.671293,"fatal","1","clear",false,1,"GM0484"
"20220210736",2022,"Uitsluitend materiele schade",2,"Personenauto","Fiets","Flank","Rotonde",50,"Niet brandend","Daglicht","Droog",\N,\N,"Burg Van de Pollstraat","Amsterdam","Amsterdam","Noord-Holland",false,52.375676,4.833107,"material damage only","4","clear",false,1,"GM0363"
"20220217827",2022,"Letsel",1,"Fiets",\N,"Eenzijdig","Rechte weg",50,"Brandend","Duisternis","Regen",\N,\N,"Menno ter Braaklaan","Delft","Delft","Zuid-Holland",false,51.994322,4.353527,"injury","2","rain",false,1,"GM0503"
"20220217862",2022,"Letsel",2,"Fiets","Fiets","Onbekend","Rechte weg",30,"Brandend","Duisternis","Droog",\N,"214304020","Dorpsweg","Reeuwijk","Bodegraven-Reeuwijk","Zuid-Holland",false,52.054771,4.694211,"injury","2","clear",false,1,"GM1901"
"20220229373",2022,"Uitsluitend materiele schade",1,"Fiets",\N,"Onbekend","Kruispunt, 4 takken",50,"Niet brandend","Daglicht","Droog",\N,\N,"Hoogstraat","Eindhoven","Eindhoven","Noord-Brabant",false,51.421904,5.456438,"material damage only","4","clear",false,1,"GM0772"
"20220203754",2022,"Uitsluitend materiele schade",2,"Bromfiets","Fiets","Flank","Rechte weg",30,"Brandend","Duisternis","Droog",\N,"273312111","Lange Jansstraat","Utrecht","Utrecht","Utrecht",false,52.093585,5.119135,"material damage only","4","clear",false,1,"GM0344"
"20220204524",2022,"Uitsluitend materiele schade",2,"Fiets","Bestelauto","Flank","Rotonde",50,"Brandend","Duisternis","Regen",\N,\N,"Brinklaan","Bussum","Gooise Meren","Noord-Holland",false,52.273211,5.162964,"material damage only","4","rain",false,1,"GM1942"
"20220212132",2022,"Letsel",2,"Personenauto","Fiets","Flank","Kruispunt, 3 takken",50,"Niet brandend","Schemer","Droog",\N,\N,"Jasmijnlaan","Amstelveen","Amstelveen","Noord-Holland",false,52.274302,4.832148,"injury","2","clear",false,1,"GM0362"
"20220217231",2022,"Letsel",2,"Bromfiets","Fiets","Kop/staart","Kruispunt, 3 takken",15,"Brandend","Duisternis","Regen",\N,\N,"Oude Spoorbaan","Leiderdorp","Leiderdorp","Zuid-Holland",false,52.171517,4.523595,"injury","2","rain",false,1,"GM0547"
"20220222216",2022,"Letsel",2,"Personenauto","e-bike","Flank","Kruispunt, 3 takken",50,"Niet brandend","Daglicht","Droog",\N,\N,"Selma Lagerlöfstraat","Spijkenisse","Nissewaard","Zuid-Holland",false,51.828169,4.371325,"injury","2","clear",false,1,"GM1930"
"20220230461",2022,"Uitsluitend materiele schade",2,"Personenauto","Fiets","Onbekend","Kruispunt, 4 takken",\N,"Niet brandend","Daglicht","Droog",\N,\N,"Brusselseweg","Maastricht","Maastricht","Limburg",false,50.855951,5.671429,"material damage only","4","clear",false,1,"GM0935"
"20220202957",2022,"Uitsluitend materiele schade",2,"Fiets","Fiets","Flank","Kruispunt, 3 takken",30,"Brandend","Duisternis","Droog",\N,\N,"FIETSPAD","Utrecht","Utrecht","Utrecht",false,52.089225,5.104246,"material damage only","4","clear",false,1,"GM0344"
"20220208081",2022,"Uitsluitend materiele schade",2,"Personenauto","Fiets","Flank","Kruispunt, 4 takken",50,"Niet brandend","Daglicht","Regen",\N,\N,"Middenweg","Heerhugowaard","Dijk en Waard","Noord-Holland",false,52.659247,4.82609,"material damage only","4","rain",false,1,"GM1980"
"20220208124",2022,"Letsel",2,"Personenauto","e-bike","Flank","Kruispunt, 4 takken",\N,"Niet brandend","Daglicht","Regen",\N,\N,"Kruistochtstraat","Haarlem","Haarlem","Noord-Holland",false,52.376628,4.649428,"injury","2","rain",false,1,"GM0392"
"20220209693",2022,"Uitsluitend materiele schade",2,"Bromfiets","Fiets","Frontaal","Rechte weg",30,"Brandend","Duisternis","Droog",\N,"233391073","Jan Bouwmeesterstraat","Zaandam","Zaanstad","Noord-Holland",false,52.449023,4.826497,"material damage only","4","clear",false,1,"GM0479"
"20220210788",2022,"Letsel",1,"Fiets",\N,"Eenzijdig","Rechte weg",50,"Brandend","Duisternis","Droog","Brug/viaduct","600762037","Elandsgracht","Amsterdam","Amsterdam","Noord-Holland",false,52.368535,4.87724,"injury","2","clear",false,1,"GM0363"
"20220217255",2022,"Uitsluitend materiele schade",2,"Fiets","Fiets","Onbekend","Bocht",50,"Brandend","Duisternis","Droog",\N,"184305023","Hoevenbos","Zoetermeer","Zoetermeer","Zuid-Holland",false,52.061002,4.473501,"material damage only","4","clear",false,1,"GM0637"
"20240140644",2024,"Uitsluitend materiele schade",2,"Bestelauto","Fiets","Flank","Kruispunt, 4 takken",50,"Niet brandend","Daglicht","Droog",\N,\N,"Urkerweg","Urk","Urk","Flevoland",false,52.658585,5.609862,"material damage only","4","clear",false,1,"GM0184"
"20240143723",2024,"Letsel",1,"Fiets",\N,"Eenzijdig",\N,\N,"Niet brandend","Daglicht","Droog",\N,"166317003","Buurtweg","Wassenaar","Wassenaar","Zuid-Holland",false,52.112318,4.344895,"injury","2","clear",false,1,"GM0629"
"20240144334",2024,"Uitsluitend materiele schade",2,"Bromfiets","Fiets","Flank","Rechte weg",80,"Niet brandend","Daglicht","Droog",\N,"600721349","Verlengde Kerkeboslaan","Wassenaar","Wassenaar","Zuid-Holland",false,52.109931,4.365303,"material damage only","4","clear",false,1,"GM0629"
"20240134017",2024,"Letsel",2,"Fiets","Fiets","Frontaal","Kruispunt, 3 takken",30,"Niet brandend","Daglicht","Droog",\N,\N,"Kanaalweg","Leiden","Leiden","Zuid-Holland",false,52.141748,4.48868,"injury","2","clear",false,1,"GM0546"
"20240137142",2024,"Uitsluitend materiele schade",2,"Personenauto","Fiets","Flank","Kruispunt, 4 takken",30,"Niet brandend","Daglicht","Droog",\N,\N,"Nienoordstede","'s-Hertogenbosch","'s-Hertogenbosch","Noord-Brabant",false,51.721331,5.310943,"material damage only","4","clear",false,1,"GM0796"
"20240137158",2024,"Uitsluitend materiele schade",2,"Personenauto","Fiets","Onbekend","Kruispunt, 4 takken",30,"Niet brandend","Duisternis","Droog",\N,\N,"Molenstraat","Boxtel","Boxtel","Noord-Brabant",false,51.590984,5.321325,"material damage only","4","clear",false,1,"GM0757"
"20240141406",2024,"Dodelijk",2,"Personenauto","Fiets","Flank","Kruispunt, 3 takken",80,"Niet brandend","Daglicht","Droog",\N,\N,"Tonnenberg","Ermelo","Ermelo","Gelderland",false,52.280909,5.703724,"fatal","1","clear",false,1,"GM0233"
"20240143237",2024,"Letsel",2,"Personenauto","Fiets","Flank","Kruispunt, 4 takken",30,"Niet brandend","Daglicht","Droog",\N,\N,"Windmolen","Wateringen","Westland","Zuid-Holland",false,52.019704,4.276845,"injury","2","clear",false,1,"GM1783"
"20240136565",2024,"Uitsluitend materiele schade",2,"Fiets","Fiets","Onbekend","Rechte weg",30,"Niet brandend","Daglicht","Droog",\N,"299220001","Pettelaarseweg","'s-Hertogenbosch","'s-Hertogenbosch","Noord-Brabant",false,51.681608,5.314152,"material damage only","4","clear",false,1,"GM0796"
"20240142767",2024,"Letsel",2,"Bromfiets","Fiets","Frontaal","Bocht",30,"Niet aanwezig","Daglicht","Droog",\N,"600547408","FIETSPAD","Wormerveer","Zaanstad","Noord-Holland",false,52.489679,4.791529,"injury","2","clear",false,1,"GM0479"
"20240150291",2024,"Uitsluitend materiele schade",2,"Personenauto","Fiets","Flank","Rechte weg",30,"Niet brandend","Daglicht","Droog",\N,"600747913","Westerweg","Limmen","Castricum","Noord-Holland",false,52.565787,4.688788,"material damage only","4","clear",false,1,"GM0383"
"20240150337",2024,"Letsel",2,"Personenauto","e-bike","Flank","Kruispunt, 3 takken",50,"Brandend","Duisternis","Droog",\N,\N,"Geesterduin","Castricum","Castricum","Noord-Holland",false,52.550764,4.672378,"injury","2","clear",false,1,"GM0383"
"20240140561",2024,"Letsel",2,"Bromfiets","Fiets","Flank","Kruispunt, 3 takken",80,"Brandend","Schemer","Droog",\N,\N,"Groene Zoom","Leusden","Leusden","Utrecht",false,52.126603,5.399176,"injury","2","clear",false,1,"GM0327"
"20240150638",2024,"Letsel",2,"Vrachtauto","Fiets","Onbekend","Rechte weg",15,"Brandend","Duisternis","Regen",\N,"265316003","Atoomweg","Utrecht","Utrecht","Utrecht",false,52.111406,5.061457,"injury","2","rain",false,1,"GM0344"
"20240150727",2024,"Uitsluitend materiele schade",1,"Fiets",\N,"Flank","Kruispunt, 4 takken",30,"Niet brandend","Daglicht","Droog",\N,\N,"Vreeswijksestraatweg","Nieuwegein","Nieuwegein","Utrecht",false,52.028724,5.08733,"material damage only","4","clear",false,1,"GM0356"
"20240150799",2024,"Uitsluitend materiele schade",2,"Bestelauto","Fiets","Los voorwerp","Kruispunt, 4 takken",30,"Niet brandend","Daglicht","Regen",\N,\N,"Walburgstraat","Arnhem","Arnhem","Gelderland",false,51.978844,5.912598,"material damage only","4","rain",false,1,"GM0202"
"20240150952",2024,"Letsel",2,"Personenauto","Fiets","Kop/staart","Kruispunt, 4 takken",50,"Niet brandend","Daglicht","Droog",\N,\N,"Kerkstraat","Huizen","Huizen","Noord-Holland",false,52.298518,5.237028,"injury","2","clear",false,1,"GM0406"
"20240148738",2024,"Uitsluitend materiele schade",1,"Fiets",\N,"Kop/staart","Rechte weg",60,"Niet brandend","Daglicht","Regen",\N,"600834915","Breedlersestraat","Elst","Overbetuwe","Gelderland",false,51.909813,5.883499,"material damage only","4","rain",false,1,"GM1734"
"20240137360",2024,"Uitsluitend materiele schade",2,\N,"Fiets","Onbekend","Rechte weg",30,"Niet brandend","Daglicht","Regen",\N,"225199230","van Coothplein","Breda","Breda","Noord-Brabant",false,51.583206,4.77525,"material damage only","4","rain",false,1,"GM0758"
"20240137989",2024,"Uitsluitend materiele schade",2,"Personenauto","Fiets","Flank","Rechte weg",50,"Niet brandend","Daglicht","Droog",\N,"601221574","Van Heemstraweg","Druten","Druten","Gelderland",false,51.886017,5.59974,"material damage only","4","clear",false,1,"GM0225"
"20240142440",2024,"Uitsluitend materiele schade",2,"Bromfiets","Fiets","Frontaal","Rechte weg",30,"Niet brandend","Daglicht","Droog",\N,"601069866","Bergerweg","Bergen (NH)","Bergen (NH)","Noord-Holland",false,52.661276,4.714881,"material damage only","4","clear",false,1,\N
"20240151256",2024,"Uitsluitend materiele schade",2,"Bromfiets","Fiets","Onbekend","Rechte weg",30,"Brandend","Duisternis","Regen",\N,"380285016","Gelderse Rooslaan","Arnhem","Arnhem","Gelderland",false,51.970391,5.901263,"material damage only","4","rain",false,1,"GM0202"
"20240142049",2024,"Letsel",1,"Fiets",\N,"Onbekend","Rechte weg",50,"Niet brandend","Daglicht","Droog",\N,\N,"Daalmeerpad","Alkmaar","Alkmaar","Noord-Holland",false,52.66954,4.765307,"injury","2","clear",false,1,"GM0361"
"20240142480",2024,"Letsel",2,"Personenauto","Fiets","Flank","Kruispunt, 4 takken",50,"Niet brandend","Daglicht","Sneeuw/Hagel",\N,"269436131","Rijnweg","Hoorn","Hoorn","Noord-Holland",false,52.64977,5.089354,"injury","2","unknown",false,1,"GM0405"
"20240142507",2024,"Letsel",1,"Fiets",\N,"Onbekend","Rechte weg",50,"Niet brandend","Daglicht","Droog",\N,"600772464","van Dedemstraat","Hoorn","Hoorn","Noord-Holland",false,52.646398,5.050721,"injury","2","clear",false,1,"GM0405"
"20240144040",2024,"Uitsluitend materiele schade",2,"Trekker","Fiets","Onbekend","Kruispunt, 4 takken",50,\N,"Daglicht","Regen",\N,\N,"Admiraalsweg","Leiden","Leiden","Zuid-Holland",false,52.161507,4.512143,"material damage only","4","rain",false,1,"GM0546"
"20240134291",2024,"Uitsluitend materiele schade",2,"Personenauto","Fiets","Flank","Kruispunt, 4 takken",50,"Brandend","Daglicht","Droog",\N,\N,"Lage Witsiebaan","Tilburg","Tilburg","Noord-Brabant",false,51.572833,5.061681,"material damage only","4","clear",false,1,"GM0855"
"20240139345",2024,"Uitsluitend materiele schade",2,"Fiets","Personenauto","Flank","Kruispunt, 4 takken",50,"Niet aanwezig","Daglicht","Droog",\N,\N,"Hoeksterpad","Leeuwarden","Leeuwarden","Friesland",false,53.205509,5.801175,"material damage only","4","clear",false,1,"GM0080"
"20240143513",2024,"Uitsluitend materiele schade",2,"Fiets","Fiets","Flank","Kruispunt, 3 takken",50,"Niet brandend","Daglicht","Droog",\N,\N,"Klokpoort","Leiden","Leiden","Zuid-Holland",false,52.162735,4.498065,"material damage only","4","clear",false,1,"GM0546"
"20240145362",2024,"Uitsluitend materiele schade",2,"Personenauto","e-bike","Frontaal","Kruispunt, 4 takken",30,"Niet brandend","Daglicht","Droog",\N,\N,"Gors","Hoeven","Halderberge","Noord-Brabant",false,51.587045,4.568225,"material damage only","4","clear",false,1,"GM1655"
"20240137468",2024,"Uitsluitend materiele schade",2,"Personenauto","Fiets","Voetganger","Kruispunt, 3 takken",80,"Niet brandend","Daglicht","Regen",\N,\N,"Saeffelderstraat","Koningsbosch","Echt-Susteren","Limburg",false,51.068737,5.930547,"material damage only","4","rain",false,1,"GM1711"
"20240145709",2024,"Letsel",2,"Bestelauto","Fiets","Flank","Kruispunt, 4 takken",50,"Brandend","Daglicht","Droog",\N,\N,"Mathenesserweg","Rotterdam","Rotterdam","Zuid-Holland",false,51.91614,4.442872,"injury","2","clear",false,1,"GM0599"
"20240146426",2024,"Uitsluitend materiele schade",2,"Fiets","Fiets","Frontaal","Kruispunt, 3 takken",50,"Niet brandend","Daglicht","Droog",\N,\N,"Middelberg","Veldhoven","Veldhoven","Noord-Brabant",false,51.427589,5.390529,"material damage only","4","clear",false,1,"GM0861"
"20240146816",2024,"Letsel",2,"Personenauto","Fiets","Flank","Kruispunt, 4 takken",50,"Niet brandend","Daglicht","Droog",\N,\N,"Jan van Cuijkstraat","Cuijk","Land van Cuijk","Noord-Brabant",false,51.723965,5.88123,"injury","2","clear",false,1,"GM1982"
"20240139500",2024,"Letsel",2,"Fiets","Personenauto","Frontaal","Kruispunt, 3 takken",\N,"Niet brandend","Daglicht","Droog","Parkeervoorziening",\N,"Groningenlaan","Veendam","Veendam","Groningen",false,53.095848,6.860453,"injury","2","clear",false,1,"GM0047"
"20240146775",2024,"Uitsluitend materiele schade",2,"Personenauto","Fiets","Onbekend","Rechte weg",30,"Niet brandend","Daglicht","Droog",\N,"385054029","Hommerterweg","Hoensbroek","Heerlen","Limburg",false,50.931869,5.927269,"material damage only","4","clear",false,1,"GM0917"
"20240136998",2024,"Uitsluitend materiele schade",2,"Snorfiets","Fiets","Flank","Rechte weg",\N,"Niet brandend","Daglicht","Droog",\N,"321172085","Winston Churchilllaan","Eindhoven","Eindhoven","Noord-Brabant",false,51.467322,5.472746,"material damage only","4","clear",false,1,"GM0772"
"20240147310",2024,"Uitsluitend materiele schade",1,"Fiets",\N,"Onbekend","Rechte weg",30,"Brandend","Duisternis","Droog",\N,"370057002","Neerbeekerstraat","Beek","Beek","Limburg",false,50.948615,5.81885,"material damage only","4","clear",false,1,\N
"20240148943",2024,"Letsel",1,"Fiets",\N,"Flank","Kruispunt, 3 takken",30,"Brandend","Duisternis","Droog",\N,\N,"Rembrandtlaan","Nijkerk","Nijkerk","Gelderland",false,52.209937,5.498672,"injury","2","clear",false,1,"GM0267"
"20240149000",2024,"Uitsluitend materiele schade",3,"Personenauto","Fiets","Flank","Rechte weg",30,"Niet brandend","Daglicht","Droog",\N,"443274034","Industrieweg","Terborg","Oude IJsselstreek","Gelderland",false,51.921236,6.355283,"material damage only","4","clear",false,1,"GM1509"
"20240007625",2024,"Uitsluitend materiele schade",2,"Bestelauto","Fiets","Frontaal","Kruispunt, 3 takken",30,"Niet brandend","Daglicht","Droog",\N,\N,"Berkenstraat","Duivendrecht","Ouder-Amstel","Noord-Holland",false,52.335119,4.94196,"material damage only","4","clear",false,1,"GM0437"
"20240009534",2024,"Uitsluitend materiele schade",2,"Personenauto","Fiets","Flank","Bocht",50,"Brandend","Schemer","Droog",\N,"600696638","Almelosestraat","Raalte","Raalte","Overijssel",false,52.383059,6.291083,"material damage only","4","clear",false,1,"GM0177"
"20230109283",2023,"Uitsluitend materiele schade",2,"Personenauto","Fiets","Flank","Kruispunt, 4 takken",30,"Niet brandend","Daglicht","Regen",\N,\N,"Straat van Messina","Amersfoort","Amersfoort","Utrecht",false,52.19353,5.425035,"material damage only","4","rain",false,1,"GM0307"
"20230109290",2023,"Uitsluitend materiele schade",2,"Personenauto","Fiets","Kop/staart","Rechte weg",50,"Brandend","Duisternis","Droog",\N,"600283860","Oude Rijksweg","Rouveen","Staphorst","Overijssel",false,52.633084,6.186394,"material damage only","4","clear",false,1,"GM0180"
"20240004864",2024,"Letsel",1,"Fiets",\N,"Eenzijdig","Kruispunt, 3 takken",60,"Brandend","Schemer","Droog",\N,\N,"FIETSPAD","Groningen","Groningen","Groningen",false,53.180378,6.54572,"injury","2","clear",false,1,"GM0014"
"20240007661",2024,"Letsel",2,"Fiets","Bestelauto","Flank","Kruispunt, 4 takken",50,"Niet brandend","Daglicht","Droog",\N,\N,"Vrijheidslaan","Amsterdam","Amsterdam","Noord-Holland",false,52.346272,4.905109,"injury","2","clear",false,1,"GM0363"
"20240157146",2024,"Uitsluitend materiele schade",2,"Bus","Fiets","Onbekend","Kruispunt, 4 takken",50,"Brandend","Duisternis","Droog",\N,\N,"Geldropseweg","Eindhoven","Eindhoven","Noord-Brabant",false,51.434628,5.485969,"material damage only","4","clear",false,1,"GM0772"
"20240008906",2024,"Letsel",2,"Personenauto","Fiets","Flank","Kruispunt, 4 takken",50,"Brandend","Duisternis","Droog",\N,\N,"Anklaarseweg","Apeldoorn","Apeldoorn","Gelderland",false,52.22345,5.994499,"injury","2","clear",false,1,"GM0200"
"20240010960",2024,"Letsel",2,"Personenauto","Fiets","Flank","Kruispunt, 4 takken",30,"Niet brandend","Daglicht","Droog",\N,\N,"Pieter acker","Heemskerk","Heemskerk","Noord-Holland",false,52.504313,4.664364,"injury","2","clear",false,1,"GM0396"
"20230108785",2023,"Uitsluitend materiele schade",2,"Personenauto","Fiets","Flank","Kruispunt, 4 takken",50,"Brandend","Schemer","Regen",\N,\N,"Gezichtslaan","Bilthoven","De Bilt","Utrecht",false,52.145815,5.205615,"material damage only","4","rain",false,1,"GM0310"
"20230109349",2023,"Uitsluitend materiele schade",2,"Personenauto","Fiets","Flank","Kruispunt, 3 takken",50,"Brandend","Schemer","Regen",\N,\N,"Haarmansstraat","Utrecht","Utrecht","Utrecht",false,52.104158,5.0904,"material damage only","4","rain",false,1,"GM0344"
"20240000921",2024,"Letsel",3,"Bestelauto","Fiets","Onbekend","Kruispunt, 3 takken",30,"Niet brandend","Daglicht","Droog",\N,\N,"Julianaweg","Melissant","Goeree-Overflakkee","Zuid-Holland",false,51.771391,4.06818,"injury","2","clear",false,1,"GM1924"
"20240022112",2024,"Uitsluitend materiele schade",2,"Fiets","Personenauto","Flank","Kruispunt, 4 takken",30,"Niet brandend","Daglicht","Droog",\N,\N,"Oerlesestraat","Tilburg","Tilburg","Noord-Brabant",false,51.547139,5.077745,"material damage only","4","clear",false,1,"GM0855"
"20240002110",2024,"Uitsluitend materiele schade",3,"Trekker","Fiets","Flank","Kruispunt, 4 takken",50,"Brandend","Duisternis","Droog",\N,\N,"Millenerweg","Sittard","Sittard-Geleen","Limburg",false,51.019744,5.864462,"material damage only","4","clear",false,1,"GM1883"
"20240002884",2024,"Uitsluitend materiele schade",2,"Personenauto","Fiets","Flank","Rechte weg",\N,"Brandend","Duisternis","Droog",\N,"352172004","Rivierensingel","Helmond","Helmond","Noord-Brabant",false,51.464432,5.696357,"material damage only","4","clear",false,1,"GM0794"
"20240010563",2024,"Letsel",2,"Personenauto","Fiets","Onbekend","Rotonde",50,"Niet brandend","Daglicht","Droog",\N,\N,"Burg van Stamplein","Hoofddorp","Haarlemmermeer","Noord-Holland",false,52.300634,4.694029,"injury","2","clear",false,1,"GM0394"
"20240022931",2024,"Uitsluitend materiele schade",2,"Bestelauto","Fiets","Flank","Kruispunt, 3 takken",50,"Niet brandend","Daglicht","Regen",\N,\N,"Kruisplein","Rotterdam","Rotterdam","Zuid-Holland",false,51.921068,4.471239,"material damage only","4","rain",false,1,"GM0599"
"20240023409",2024,"Letsel",1,"Fiets",\N,"Eenzijdig","Rechte weg",50,"Niet brandend","Daglicht","Droog",\N,"181272046","Nieuwe Binnenweg","Rotterdam","Rotterdam","Zuid-Holland",false,51.911168,4.452324,"injury","2","clear",false,1,"GM0599"
"20240151760",2024,"Letsel",2,"Personenauto","Fiets","Onbekend",\N,\N,\N,"Duisternis",\N,\N,\N,"Donaudreef","Utrecht","Utrecht","Utrecht",false,52.111802,5.124907,"injury","2","unknown",false,1,"GM0344"
"20240153731",2024,"Uitsluitend materiele schade",2,"Personenauto","Fiets","Flank","Rotonde",50,"Brandend","Schemer","Droog",\N,\N,"Roozenburglaan","Middelburg","Middelburg","Zeeland",false,51.489461,3.632873,"material damage only","4","clear",false,1,\N
"20230111199",2023,"Letsel",2,"Personenauto","Fiets","Flank","Kruispunt, 4 takken",50,"Niet brandend","Daglicht","Droog",\N,\N,"C.J.van Houtenlaan","Weesp","Amsterdam","Noord-Holland",false,52.303192,5.035896,"injury","2","clear",false,1,"GM0363"
"20240001815",2024,"Letsel",2,"Fiets","Snorfiets","Frontaal","Kruispunt, 3 takken",50,"Niet brandend","Daglicht","Droog",\N,\N,"Stationslaan","Breda","Breda","Noord-Brabant",false,51.59666,4.782477,"injury","2","clear",false,1,"GM0758"
"20240002900",2024,"Uitsluitend materiele schade",2,"Personenauto","Fiets","Onbekend","Rechte weg",50,"Brandend","Duisternis","Droog",\N,"300224059","Bruistensingel","'s-Hertogenbosch","'s-Hertogenbosch","Noord-Brabant",false,51.699829,5.319655,"material damage only","4","clear",false,1,"GM0796"
"20240011051",2024,"Letsel",1,"Fiets",\N,"Flank","Kruispunt, 4 takken",30,"Brandend","Duisternis","Droog",\N,\N,"Schagchelstraat","Haarlem","Haarlem","Noord-Holland",false,52.3799,4.636433,"injury","2","clear",false,1,"GM0392"
"20240023973",2024,"Uitsluitend materiele schade",2,"Personenauto","Fiets","Onbekend","Rechte weg",50,"Niet brandend","Daglicht","Droog",\N,"336129095","Burg. Van Houtstraat","Budel","Cranendonck","Noord-Brabant",false,51.271126,5.580535,"material damage only","4","clear",false,1,"GM1706"
"20240024799",2024,"Letsel",2,"Personenauto","Fiets","Onbekend","Kruispunt, 3 takken",50,"Brandend","Duisternis","Droog",\N,\N,"Oeslingerbaan","Maastricht","Maastricht","Limburg",false,50.831457,5.727883,"injury","2","clear",false,1,"GM0935"
"20230112458",2023,"Letsel",2,"Personenauto","Fiets","Flank","Kruispunt, 4 takken",50,"Niet brandend","Daglicht","Droog",\N,\N,"J. van der Vegtstraat","Katwijk","Katwijk","Zuid-Holland",false,52.203832,4.408695,"injury","2","clear",false,1,"GM0537"
"20240006315",2024,"Letsel",2,"Personenauto","Fiets","Flank","Kruispunt, 3 takken",50,"Niet brandend","Daglicht","Regen",\N,\N,"Zweerslaan","Bilthoven","De Bilt","Utrecht",false,52.138678,5.212154,"injury","2","rain",false,1,"GM0310"
"20240153142",2024,"Letsel",2,"Personenauto","Fiets","Frontaal","Rechte weg",30,"Niet brandend","Daglicht","Droog",\N,\N,"Houtwijkerveld","Hoofddorp","Haarlemmermeer","Noord-Holland",true,52.31354,4.67839,"injury","2","clear",false,1,"GM0394"
"20240155675",2024,"Uitsluitend materiele schade",2,"Fiets","Personenauto","Flank","Rotonde",\N,"Niet aanwezig","Daglicht",\N,\N,\N,"Brederodeweg","Boxtel","Boxtel","Noord-Brabant",false,51.585728,5.331685,"material damage only","4","unknown",false,1,"GM0757"
"20230112477",2023,"Letsel",2,"Personenauto","Fiets","Flank","Kruispunt, 4 takken",50,"Niet brandend","Daglicht","Regen",\N,\N,"Zeestraat","'s-Gravenhage","'s-Gravenhage","Zuid-Holland",false,52.083754,4.304235,"injury","2","rain",false,1,"GM0518"
"20240001886",2024,"Letsel",2,"Personenauto","Fiets","Frontaal","Rechte weg",30,"Brandend","Duisternis","Regen",\N,"473567030","Lichtboei","Groningen","Groningen","Groningen",false,53.23533,6.61248,"injury","2","rain",false,1,"GM0014"
"20240019098",2024,"Uitsluitend materiele schade",2,"Fiets","Personenauto","Flank","Rechte weg",60,"Brandend","Duisternis","Droog",\N,"600204719","Zijdwerk","Wervershoof","Medemblik","Noord-Holland",false,52.7194,5.152558,"material damage only","4","clear",false,1,"GM0420"
"20240153844",2024,"Uitsluitend materiele schade",2,"Personenauto","Fiets","Flank","Rotonde",50,"Brandend","Duisternis","Regen",\N,\N,"van Hertumweg","Goes","Goes","Zeeland",false,51.495507,3.889512,"material damage only","4","rain",false,1,"GM0664"