"accident_id","year","severity_raw","party_count","party1_type","party2_type","accident_type","road_situation","speed_limit_kmh","road_lighting","light_condition_label","weather_raw","infra_type","road_segment_id","street_name","place_name","gemeente_name_raw","province","alcohol_indicated","latitude","longitude","severity_label","severity_code","weather_label","built_up_area","cyclists_involved","gemeente_code"
"20240018524",2024,"Letsel",2,"Fiets","Personenauto","Flank","Kruispunt, 3 takken",15,"Niet brandend","Daglicht","Droog","Parkeervoorziening",\N,"Dellaertlaan","Beverwijk","Beverwijk","Noord-Holland",false,52.496284,4.662066,"injury","2","clear",false,1,"GM0375"
"20240019346",2024,"Uitsluitend materiele schade",2,"Personenauto","Fiets","Flank","Rotonde",50,"Niet brandend","Daglicht","Droog",\N,\N,"Ringweg-Koppel","Amersfoort","Amersfoort","Utrecht",false,52.16751,5.389774,"material damage only","4","clear",false,1,"GM0307"
"20230112589",2023,"Uitsluitend materiele schade",3,"Fiets","Personenauto","Onbekend","Rechte weg",30,"Brandend","Duisternis","Droog",\N,"159309024","De Constant Rebecquestr","'s-Gravenhage","'s-Gravenhage","Zuid-Holland",false,52.076826,4.292341,"material damage only","4","clear",false,1,"GM0518"
"20240015773",2024,"Uitsluitend materiele schade",2,"Personenauto","Fiets","Flank","Rotonde",50,"Niet brandend","Daglicht","Droog",\N,\N,"Zuiderpoort","Echt","Echt-Susteren","Limburg",false,51.104308,5.863096,"material damage only","4","clear",false,1,"GM1711"
"20230113215",2023,"Letsel",2,"Fiets",\N,"Eenzijdig","Rotonde",50,"Niet brandend","Daglicht","Droog",\N,\N,"Drakensteynplaats","Leiden","Leiden","Zuid-Holland",false,52.16757,4.506308,"injury","2","clear",false,1,"GM0546"
"20240010839",2024,"Letsel",2,"Bestelauto","Fiets","Flank","Rotonde",50,"Niet brandend","Daglicht","Droog",\N,\N,"Gorslaan","Purmerend","Purmerend","Noord-Holland",false,52.503889,4.963783,"injury","2","clear",false,1,"GM0439"
"20240013391",2024,"Letsel",1,"Fiets",\N,"Onbekend","Rechte weg",50,"Brandend","Duisternis","Regen",\N,"600736554","Weeresteinstraat","Hillegom","Hillegom","Zuid-Holland",false,52.296577,4.579501,"injury","2","rain",false,1,"GM0534"
"20240013549",2024,"Letsel",1,"Fiets",\N,"Onbekend","Rechte weg",50,"Brandend","Duisternis","Droog",\N,"600578428","Geerweg","Ter Aar","Nieuwkoop","Zuid-Holland",false,52.197342,4.728147,"injury","2","clear",false,1,"GM0569"
"20240015456",2024,"Letsel",2,"Personenauto","Fiets","Onbekend","Kruispunt, 3 takken",50,"Niet brandend","Daglicht","Regen",\N,\N,"Bredasestraat","Bergen op Zoom","Bergen op Zoom","Noord-Brabant",false,51.497967,4.296047,"injury","2","rain",false,1,"GM0748"
"20230107931",2023,"Letsel",1,"Fiets",\N,"Eenzijdig","Rechte weg",30,"Brandend","Duisternis","Droog",\N,"229438028","Magnolialaan","Sint Pancras","Dijk en Waard","Noord-Holland",false,52.657299,4.791328,"injury","2","clear",false,1,"GM1980"
"20240014597",2024,"Letsel",2,"Snorfiets","Fiets","Onbekend","Rechte weg",30,"Brandend","Schemer","Harde windstoten","Brug/viaduct","600697116","FIETSPAD","Rotterdam","Rotterdam","Zuid-Holland",false,51.909488,4.485431,"injury","2","unknown",false,1,"GM0599"
"20240016073",2024,"Letsel",2,"Personenauto","Fiets","Flank","Kruispunt, 4 takken",50,"Niet brandend","Daglicht","Regen",\N,\N,"Stratumsedijk","Eindhoven","Eindhoven","Noord-Brabant",false,51.432148,5.484878,"injury","2","rain",false,1,"GM0772"
"20230109751",2023,"Uitsluitend materiele schade",2,"Personenauto","Fiets","Flank","Kruispunt, 4 takken",50,"Niet brandend","Daglicht","Droog",\N,\N,"Stationsstraat","Mill","Land van Cuijk","Noord-Brabant",false,51.685384,5.782111,"material damage only","4","clear",false,1,"GM1982"
"20230110908",2023,"Uitsluitend materiele schade",2,"Personenauto","Fiets","Flank","Rechte weg",30,"Niet brandend","Daglicht","Droog",\N,"157184083","Steenovenweg","Bergen op Zoom","Bergen op Zoom","Noord-Brabant",false,51.513479,4.287042,"material damage only","4","clear",false,1,"GM0748"
"20240018554",2024,"Letsel",2,"Bestelauto","Fiets","Flank","Kruispunt, 3 takken",50,"Niet brandend","Daglicht","Droog",\N,\N,"Spaarndamseweg","Haarlem","Haarlem","Noord-Holland",false,52.400014,4.652016,"injury","2","clear",false,1,"GM0392"
"20230112715",2023,"Letsel",2,"Bus","Fiets","Flank","Rechte weg",50,"Niet brandend","Daglicht","Droog",\N,"156277030","Kerkweg","Maasland","Midden-Delfland","Zuid-Holland",false,51.931319,4.269454,"injury","2","clear",false,1,"GM1842"
"20240018916",2024,"Letsel",2,"Personenauto","Fiets","Flank","Kruispunt, 3 takken",50,"Niet brandend","Daglicht","Droog",\N,\N,"Energieweg","Mijdrecht","De Ronde Venen","Utrecht",false,52.202767,4.884474,"injury","2","clear",false,1,"GM0736"
"20240019069",2024,"Uitsluitend materiele schade",2,"Personenauto","Fiets","Onbekend",\N,30,\N,"Duisternis",\N,\N,"210402171","Alkmaarseweg","Beverwijk","Beverwijk","Noord-Holland",false,52.498313,4.657668,"material damage only","4","unknown",false,1,"GM0375"
"20240019236",2024,"Letsel",2,"Fiets","Fiets","Onbekend","Rechte weg",50,"Niet brandend","Daglicht","Droog",\N,"600602018","FIETSPAD","Santpoort-Noord","Velsen","Noord-Holland",false,52.442135,4.64037,"injury","2","clear",false,1,"GM0453"
"20230109200",2023,"Letsel",2,"Personenauto","Fiets","Flank","Kruispunt, 4 takken",50,"Brandend","Duisternis","Sneeuw/Hagel",\N,\N,"Rijksweg","Naarden","Gooise Meren","Noord-Holland",false,52.28957,5.151582,"injury","2","unknown",false,1,"GM1942"
"20240017186",2024,"Letsel",2,"Bestelauto","Fiets","Flank","Kruispunt, 4 takken",30,"Brandend","Duisternis","Droog",\N,\N,"Keulse Slag","Arnhem","Arnhem","Gelderland",false,51.983033,5.9531,"injury","2","clear",false,1,"GM0202"
"20240023540",2024,"Letsel",2,"Fiets","Fiets","Onbekend","Kruispunt, 4 takken",50,"Niet brandend","Daglicht","Droog",\N,\N,"Beekweg","Rotterdam","Rotterdam","Zuid-Holland",false,51.948784,4.457526,"injury","2","clear",false,1,"GM0599"
"20230108096",2023,"Letsel",2,"Bromfiets","Fiets","Flank","Rechte weg",\N,"Niet brandend","Daglicht","Droog",\N,"600745446","Dellaertlaan","Beverwijk","Beverwijk","Noord-Holland",false,52.496168,4.662274,"injury","2","clear",false,1,"GM0375"
"20240155139",2024,"Uitsluitend materiele schade",2,"Bromfiets","Fiets","Frontaal","Kruispunt, 3 takken",30,"Brandend","Duisternis","Regen",\N,\N,"Blaak","Rotterdam","Rotterdam","Zuid-Holland",true,51.918213,4.481407,"material damage only","4","rain",false,1,"GM0599"
"20230111024",2023,"Letsel",1,"Fiets",\N,"Eenzijdig","Rechte weg",30,"Niet brandend","Daglicht","Droog",\N,"600908057","Ringdijk","Ter Aar","Nieuwkoop","Zuid-Holland",false,52.16543,4.698225,"injury","2","clear",false,1,"GM0569"
"20230112231",2023,"Letsel",1,"Fiets",\N,"Eenzijdig","Rechte weg",50,"Brandend","Duisternis","Regen",\N,\N,"Voorstraat","Katwijk","Katwijk","Zuid-Holland",false,52.203042,4.399835,"injury","2","rain",false,1,"GM0537"
"20240027477",2024,"Uitsluitend materiele schade",1,"Fiets",\N,"Onbekend","Rechte weg",50,"Niet brandend","Daglicht","Droog",\N,"600141703","Schrans","Leeuwarden","Leeuwarden","Friesland",false,53.195255,5.798668,"material damage only","4","clear",false,1,"GM0080"
"20230032377",2023,"Uitsluitend materiele schade",2,"Personenauto","Fiets","Flank","Rechte weg",50,"Niet brandend","Daglicht","Regen",\N,"600158892","Sluisstraat","Geldrop","Geldrop-Mierlo","Noord-Brabant",false,51.424515,5.584302,"material damage only","4","rain",false,1,"GM1771"
"20230033594",2023,"Uitsluitend materiele schade",2,"Fiets","Fiets","Onbekend","Rechte weg",50,"Brandend","Duisternis","Regen",\N,"415145022","Kaldenkerkerweg","Tegelen","Venlo","Limburg",false,51.339794,6.147376,"material damage only","4","rain",false,1,"GM0983"
"20240030353",2024,"Letsel",2,"Personenauto","Fiets","Flank","Rechte weg",50,"Niet brandend","Daglicht","Droog",\N,\N,"Ypenburgse Boslaan","'s-Gravenhage","'s-Gravenhage","Zuid-Holland",false,52.052655,4.383556,"injury","2","clear",false,1,"GM0518"
"20230067521",2023,"Letsel",1,"Fiets",\N,"Eenzijdig","Rechte weg",30,"Niet brandend","Daglicht","Regen",\N,"600237592","SCHOUWBROEKERBRUG","Haarlem","Haarlem","Noord-Holland",false,52.354551,4.63795,"injury","2","rain",false,1,"GM0392"
"20230069604",2023,"Letsel",1,"Fiets",\N,"Eenzijdig",\N,50,"Brandend","Daglicht","Droog",\N,"188324008","Kanaalweg","Leiden","Leiden","Zuid-Holland",false,52.145428,4.500695,"injury","2","clear",false,1,"GM0546"
"20230017946",2023,"Letsel",2,"Bestelauto","Fiets","Eenzijdig","Rotonde",50,"Niet brandend","Daglicht","Droog",\N,\N,"Espelerlaan","Emmeloord","Noordoostpolder","Flevoland",false,52.717169,5.746642,"injury","2","clear",false,1,"GM0171"
"20230019157",2023,"Uitsluitend materiele schade",2,"Personenauto","Fiets","Flank","Bocht",50,"Niet aanwezig","Daglicht","Droog",\N,"263295005","Boerhaaveweg","IJsselstein","IJsselstein","Utrecht",false,52.015897,5.052292,"material damage only","4","clear",false,1,"GM0353"
"20230023698",2023,"Letsel",2,"Personenauto","e-bike","Flank","Rotonde",50,"Niet brandend","Daglicht","Droog",\N,\N,"Sportlaan","'s-Gravenhage","'s-Gravenhage","Zuid-Holland",false,52.077519,4.25383,"injury","2","clear",false,1,"GM0518"
"20240027295",2024,"Letsel",2,"Fiets","Overig vast object","Vast voorwerp","Rechte weg",60,"Niet brandend","Daglicht","Droog",\N,"600614414","Woldweg","Hoogezand","Midden-Groningen","Groningen",false,53.171337,6.728241,"injury","2","clear",false,1,"GM1952"
"20230025477",2023,"Uitsluitend materiele schade",2,"Fiets","Fiets","Frontaal","Bocht",30,"Niet aanwezig","Daglicht","Droog",\N,"161258023","J.A. Heijwegenlaan","Spijkenisse","Nissewaard","Zuid-Holland",false,51.847687,4.31262,"material damage only","4","clear",false,1,"GM1930"
"20230026027",2023,"Letsel",1,"Fiets",\N,"Eenzijdig","Kruispunt, 4 takken",30,"Niet brandend","Daglicht","Droog",\N,\N,"Nassaukade","Rotterdam","Rotterdam","Zuid-Holland",false,51.912195,4.498874,"injury","2","clear",false,1,"GM0599"
"20240028405",2024,"Uitsluitend materiele schade",2,"Personenauto","Fiets","Frontaal","Rechte weg",30,"Niet brandend","Daglicht","Droog",\N,"270316028","Jacob Simonsz de Rijkstr","Utrecht","Utrecht","Utrecht",false,52.110799,5.098448,"material damage only","4","clear",false,1,"GM0344"
"20230072523",2023,"Uitsluitend materiele schade",2,"Fiets","Fiets","Frontaal","Rechte weg",50,"Niet brandend","Daglicht","Droog",\N,"388344013","Hogekampweg","Apeldoorn","Apeldoorn","Gelderland",false,52.239054,5.965133,"material damage only","4","clear",false,1,"GM0200"
"20230019757",2023,"Letsel",1,"Fiets",\N,"Eenzijdig","Rotonde",100,"Brandend","Duisternis","Droog",\N,\N,"FIETSPAD","Twello","Voorst","Gelderland",false,52.246979,6.116981,"injury","2","clear",false,1,"GM0285"
"20240028925",2024,"Letsel",2,"Personenauto","Fiets","Flank","Kruispunt, 4 takken",30,"Niet brandend","Daglicht","Droog",\N,"278297071","De Poort","Houten","Houten","Utrecht",false,52.025884,5.159221,"injury","2","clear",false,1,"GM0321"
"20240030112",2024,"Letsel",1,"Fiets",\N,"Onbekend","Rechte weg",50,"Niet brandend","Daglicht","Droog",\N,"190340056","Wasbeekerlaan","Sassenheim","Teylingen","Zuid-Holland",false,52.21631,4.512867,"injury","2","clear",false,1,"GM1525"
"20230036737",2023,"Uitsluitend materiele schade",2,"Bestelauto","Fiets","Flank","Kruispunt, 3 takken",50,"Niet brandend","Daglicht","Droog",\N,\N,"Schellingweg","Zaandam","Zaanstad","Noord-Holland",false,52.428045,4.796266,"material damage only","4","clear",false,1,"GM0479"
"20230069223",2023,"Letsel",1,"Fiets",\N,"Eenzijdig","Rechte weg",60,"Niet brandend","Daglicht","Droog",\N,"182240005","Oud-Cromstrijensedijk OZ","Klaaswaal","Hoeksche Waard","Zuid-Holland",false,51.767308,4.472465,"injury","2","clear",false,1,"GM1963"
"20230074638",2023,"Letsel",2,"Bromfiets","Fiets","Frontaal","Kruispunt, 3 takken",50,"Niet brandend","Daglicht","Droog",\N,\N,"Gerrit van der Puijstr","Amsterdam","Amsterdam","Noord-Holland",false,52.34063,4.792851,"injury","2","clear",false,1,"GM0363"
"20230022616",2023,"Uitsluitend materiele schade",2,"Personenauto","Fiets","Onbekend","Rechte weg",30,"Niet brandend","Daglicht","Regen",\N,"161310121","Veenkade","'s-Gravenhage","'s-Gravenhage","Zuid-Holland",false,52.080053,4.303028,"material damage only","4","rain",false,1,"GM0518"
"20230024372",2023,"Uitsluitend materiele schade",2,"Personenauto","Fiets","Frontaal","Rotonde",30,"Niet brandend","Daglicht","Droog",\N,\N,"Ambachtslaan","Assendelft","Zaanstad","Noord-Holland",false,52.490531,4.75384,"material damage only","4","clear",false,1,"GM0479"
"20230026104",2023,"Uitsluitend materiele schade",2,"Personenauto","Fiets","Onbekend","Kruispunt, 4 takken",50,"Niet brandend","Daglicht","Droog",\N,\N,"Galileïlaan","Dordrecht","Dordrecht","Zuid-Holland",false,51.781598,4.675932,"material damage only","4","clear",false,1,"GM0505"
"20230016371",2023,"Uitsluitend materiele schade",2,"Bestelauto","Fiets","Flank","Kruispunt, 3 takken",50,"Niet brandend","Daglicht","Mist",\N,\N,"Meep","Urk","Urk","Flevoland",false,52.655871,5.61392,"material damage only","4","fog",false,1,"GM0184"
"20230024392",2023,"Uitsluitend materiele schade",2,"Bromfiets","Fiets","Flank","Kruispunt, 4 takken",50,"Brandend","Duisternis","Droog",\N,\N,"Staalmeesterslaan","Amsterdam","Amsterdam","Noord-Holland",false,52.369254,4.845082,"material damage only","4","clear",false,1,"GM0363"
"20230026685",2023,"Letsel",2,"Personenauto","Fiets","Flank","Kruispunt, 4 takken",60,"Brandend","Duisternis","Regen",\N,\N,"Loosbergstraat","Wernhout","Zundert","Noord-Brabant",false,51.437059,4.63079,"injury","2","rain",false,1,"GM0879"
"20240028607",2024,"Uitsluitend materiele schade",2,"Personenauto","Fiets","Onbekend","Kruispunt, 4 takken",50,"Niet brandend","Daglicht","Droog",\N,\N,"Godelindeweg","Naarden","Gooise Meren","Noord-Holland",true,52.287111,5.160822,"material damage only","4","clear",false,1,"GM1942"
"20240031845",2024,"Letsel",2,"Fiets","Bestelauto","Geparkeerd voertuig","Rechte weg",50,"Niet brandend","Daglicht","Regen",\N,"190265094","Molenvliet","Rotterdam","Rotterdam","Zuid-Holland",false,51.880709,4.521562,"injury","2","rain",false,1,"GM0599"
"20230076226",2023,"Letsel",2,"Bestelauto","e-bike","Flank","Rotonde",50,"Niet brandend","Daglicht","Droog",\N,\N,"Prinses Irenelaan","Utrecht","Utrecht","Utrecht",false,52.117469,5.085468,"injury","2","clear",false,1,"GM0344"
"20230077130",2023,"Letsel",4,"Bromfiets","Fiets","Onbekend","Rechte weg",\N,"Niet brandend","Daglicht","Droog",\N,"158290005","Woudseweg","Schipluiden","Midden-Delfland","Zuid-Holland",false,51.988998,4.287069,"injury","2","clear",false,1,"GM1842"
"20240026690",2024,"Letsel",2,"Personenauto","Fiets","Flank","Rechte weg",50,"Brandend","Duisternis","Droog",\N,"600607256","Nieuweweg","Leeuwarden","Leeuwarden","Friesland",false,53.199432,5.798442,"injury","2","clear",false,1,"GM0080"
"20230020454",2023,"Uitsluitend materiele schade",2,"Fiets","Fiets","Flank","Kruispunt, 4 takken",50,"Brandend","Duisternis","Sneeuw/Hagel",\N,\N,"Bilderdijkstraat","Amsterdam","Amsterdam","Noord-Holland",false,52.367206,4.872138,"material damage only","4","unknown",false,1,"GM0363"
"20230021010",2023,"Letsel",1,"Fiets",\N,"Eenzijdig","Rechte weg",30,"Brandend","Duisternis","Droog",\N,"210324042","Bachsingel","Alphen aan den Rijn","Alphen aan den Rijn","Zuid-Holland",false,52.147343,4.664026,"injury","2","clear",false,1,"GM0484"
"20230025603",2023,"Uitsluitend materiele schade",2,"Bus","Fiets","Flank","Rechte weg",50,"Niet brandend","Daglicht","Droog",\N,"186276165","Jonker Fransstraat","Rotterdam","Rotterdam","Zuid-Holland",false,51.928147,4.48655,"material damage only","4","clear",false,1,"GM0599"
"20230067483",2023,"Uitsluitend materiele schade",3,"Motor","Fiets","Onbekend","Kruispunt, 4 takken",50,"Brandend","Duisternis","Droog",\N,\N,"AMSTERDAM-OUD ZUID 8","Amsterdam","Amsterdam","Noord-Holland",false,52.339226,4.858185,"material damage only","4","clear",false,1,"GM0363"
"20230067962",2023,"Letsel",2,"Fiets","Personenauto","Flank","Rotonde",50,"Niet brandend","Daglicht","Droog",\N,\N,"Duinroosstraat","Den Helder","Den Helder","Noord-Holland",false,52.939496,4.735754,"injury","2","clear",false,1,"GM0400"
"20240031987",2024,"Letsel",1,"Fiets",\N,"Onbekend","Rechte weg",50,"Niet brandend","Daglicht","Droog",\N,"252256092","Kleine Haarsekade","Gorinchem","Gorinchem","Zuid-Holland",false,51.844517,4.972108,"injury","2","clear",false,1,"GM0512"
"20230079346",2023,"Uitsluitend materiele schade",2,"Personenauto","Fiets","Frontaal","Kruispunt, 3 takken",30,"Niet aanwezig","Daglicht","Droog",\N,\N,"Jan van Galenstraat","Veghel","Meierijstad","Noord-Brabant",false,51.608635,5.548037,"material damage only","4","clear",false,1,"GM1948"
"20230077663",2023,"Uitsluitend materiele schade",2,"Personenauto","Fiets","Flank","Rotonde",50,"Niet brandend","Daglicht","Droog",\N,\N,"Van Bemmellaan","Monster","Westland","Zuid-Holland",false,52.024494,4.171398,"material damage only","4","clear",false,1,"GM1783"
"20230077674",2023,"Letsel",1,"Fiets",\N,"Eenzijdig","Rechte weg",30,"Niet brandend","Daglicht","Droog",\N,"600250956","Abtswoudseweg","Delft","Delft","Zuid-Holland",false,52.001108,4.361516,"injury","2","clear",false,1,"GM0503"
"20240026109",2024,"Letsel",2,"Brommobiel","Fiets","Flank","Kruispunt, 3 takken",50,"Brandend","Schemer","Droog",\N,\N,"Veenendaalseweg","De Klomp","Ede","Gelderland",false,52.044381,5.571523,"injury","2","clear",false,1,"GM0228"
"20230078546",2023,"Letsel",2,"Personenauto","Fiets","Flank","Rechte weg",50,"Niet brandend","Daglicht","Droog",\N,"190328146","Sumatrastraat","Leiden","Leiden","Zuid-Holland",false,52.164553,4.512443,"injury","2","clear",false,1,"GM0546"
"20240025496",2024,"Uitsluitend materiele schade",2,"Bestelauto","Fiets","Flank","Kruispunt, 3 takken",50,"Brandend","Duisternis","Regen",\N,\N,"Burgemeester van Hooffln","Veldhoven","Veldhoven","Noord-Brabant",false,51.417411,5.406748,"material damage only","4","rain",false,1,"GM0861"
"20230015328",2023,"Uitsluitend materiele schade",2,"Personenauto","Fiets","Onbekend","Rotonde",50,"Niet brandend","Daglicht","Regen",\N,\N,"Trumanlaan","Utrecht","Utrecht","Utrecht",false,52.073276,5.093893,"material damage only","4","rain",false,1,"GM0344"
"20230019945",2023,"Letsel",2,"Bestelauto","Fiets","Flank","Kruispunt, 4 takken",30,"Niet brandend","Daglicht","Droog",\N,\N,"Weusthagstraat","Hengelo","Hengelo (O)","Overijssel",false,52.277341,6.798391,"injury","2","clear",false,1,\N
"20230021054",2023,"Letsel",2,"Personenauto","e-bike","Flank","Rotonde",50,"Brandend","Duisternis","Regen",\N,\N,"Dorpskade","Wateringen","Westland","Zuid-Holland",false,52.017896,4.283902,"injury","2","rain",false,1,"GM1783"
"20230021648",2023,"Uitsluitend materiele schade",2,"Bromfiets","Fiets","Flank","Rechte weg",50,"Brandend","Duisternis","Regen",\N,"168293213","Coenderstraat","Delft","Delft","Zuid-Holland",false,52.007249,4.355733,"material damage only","4","rain",false,1,"GM0503"
"20240030130",2024,"Letsel",1,"Fiets",\N,"Onbekend","Rechte weg",50,"Niet brandend","Daglicht","Droog",\N,"221313007","Buitenkerk","Bodegraven","Bodegraven-Reeuwijk","Zuid-Holland",false,52.093639,4.738943,"injury","2","clear",false,1,"GM1901"
"20240031219",2024,"Letsel",2,"Fiets","Voetganger","Voetganger","Kruispunt, 4 takken",30,"Brandend","Duisternis","Droog",\N,\N,"Singel","Amsterdam","Amsterdam","Noord-Holland",false,52.368753,4.887553,"injury","2","clear",false,1,"GM0363"
"20230075713",2023,"Letsel",2,"Personenauto","Fiets","Frontaal","Rechte weg",30,"Niet brandend","Daglicht","Droog",\N,"600443694","Koggeweg","Hem","Drechterland","Noord-Holland",false,52.659857,5.194045,"injury","2","clear",false,1,"GM0498"
"20230073094",2023,"Letsel",2,"Personenauto","Fiets","Flank","Kruispunt, 4 takken",50,"Niet brandend","Daglicht","Droog",\N,\N,"Merwedelaan","Zwolle","Zwolle","Overijssel",false,52.530702,6.103127,"injury","2","clear",false,1,"GM0193"
"20230073576",2023,"Uitsluitend materiele schade",1,"Fiets",\N,"Flank","Kruispunt, 3 takken",30,"Niet brandend","Daglicht","Droog",\N,\N,"Lambertus Buddestraat","Enschede","Enschede","Overijssel",false,52.22753,6.868193,"material damage only","4","clear",false,1,"GM0153"
"20230013606",2023,"Letsel",2,"Personenauto","Fiets","Onbekend","Kruispunt, 4 takken",30,"Niet brandend","Daglicht","Regen",\N,\N,"Hoogeweg","Groningen","Groningen","Groningen",false,53.242322,6.521012,"injury","2","rain",false,1,"GM0014"
"20230013631",2023,"Letsel",2,"Fiets","Overig vast object","Vast voorwerp","Rechte weg",50,"Niet brandend","Daglicht","Droog",\N,"600959974","Doetinchemseweg","Doetinchem","Doetinchem","Gelderland",false,51.950626,6.28581,"injury","2","clear",false,1,"GM0222"
"20240029050",2024,"Letsel",2,"Fiets","Fiets","Flank","Kruispunt, 4 takken",30,"Niet brandend","Daglicht","Droog",\N,\N,"Huttenweg","Almelo","Almelo","Overijssel",false,52.333903,6.644702,"injury","2","clear",false,1,"GM0141"
"20230033873",2023,"Uitsluitend materiele schade",2,"Personenauto","Fiets","Frontaal","Kruispunt, 4 takken",30,"Niet brandend","Daglicht","Droog",\N,\N,"Van der Capellenstraat","Enschede","Enschede","Overijssel",false,52.226283,6.887024,"material damage only","4","clear",false,1,"GM0153"
"20230074276",2023,"Uitsluitend materiele schade",2,"Personenauto","Fiets","Flank","Kruispunt, 4 takken",60,"Niet brandend","Daglicht","Droog",\N,\N,"Dr Hoegenstraat","Azewijn","Montferland","Gelderland",false,51.899043,6.304537,"material damage only","4","clear",false,1,"GM1955"
"20230078770",2023,"Uitsluitend materiele schade",2,"Bromfiets","Fiets","Flank","Kruispunt, 3 takken",50,"Brandend","Duisternis","Droog",\N,\N,"Burg Vening Meineszlaan","Amsterdam","Amsterdam","Noord-Holland",false,52.382838,4.821911,"material damage only","4","clear",false,1,"GM0363"
"20230015961",2023,"Uitsluitend materiele schade",2,"Personenauto","Fiets","Flank","Rechte weg",50,"Niet brandend","Daglicht","Droog",\N,"277340006","Zeverijnstraat","Hilversum","Hilversum","Noord-Holland",false,52.218417,5.149045,"material damage only","4","clear",false,1,"GM0402"
"20230028602",2023,"Uitsluitend materiele schade",2,"Personenauto","Fiets","Frontaal","Kruispunt, 3 takken",30,"Niet brandend","Daglicht","Droog",\N,\N,"Portugalstraat","Bergen op Zoom","Bergen op Zoom","Noord-Brabant",false,51.51319,4.289769,"material damage only","4","clear",false,1,"GM0748"
"20230030900",2023,"Uitsluitend materiele schade",2,"Personenauto","Fiets","Flank","Rechte weg",60,"Niet brandend","Schemer","Droog/Mist",\N,"335215004","Bedafseweg","Uden","Maashorst","Noord-Brabant",false,51.66035,5.57363,"material damage only","4","unknown",false,1,"GM1991"
"20230032034",2023,"Letsel",2,"Fiets","Fiets","Frontaal","Rechte weg",30,"Niet brandend","Daglicht","Droog",\N,"348172030","Vossenbeemd","Helmond","Helmond","Noord-Brabant",false,51.465954,5.662402,"injury","2","clear",false,1,"GM0794"
"20240032067",2024,"Letsel",2,"Fiets","Overig vast object","Vast voorwerp","Rechte weg",50,"Niet brandend","Daglicht","Regen",\N,"600547823","Houtrustweg","'s-Gravenhage","'s-Gravenhage","Zuid-Holland",false,52.088663,4.26793,"injury","2","rain",false,1,"GM0518"
"20230077245",2023,"Uitsluitend materiele schade",2,"Fiets","Personenauto","Kop/staart","Kruispunt, 4 takken",50,"Niet brandend","Daglicht","Droog",\N,\N,"Brunel","Alblasserdam","Alblasserdam","Zuid-Holland",false,51.868817,4.666658,"material damage only","4","clear",false,1,"GM0482"
"20230070100",2023,"Uitsluitend materiele schade",2,"Bestelauto","Fiets","Flank","Kruispunt, 4 takken",50,"Niet brandend","Daglicht","Droog",\N,\N,"de Goeijstraat","Maashees","Land van Cuijk","Noord-Brabant",false,51.571175,6.032257,"material damage only","4","clear",false,1,"GM1982"
"20240025764",2024,"Uitsluitend materiele schade",2,"Motor","Fiets","Flank","Kruispunt, 3 takken",50,"Brandend","Duisternis","Droog",\N,\N,"Roland Holstlaan","Deventer","Deventer","Overijssel",false,52.272338,6.134262,"material damage only","4","clear",false,1,"GM0150"
"20230069527",2023,"Letsel",2,"Personenauto","Fiets","Flank","Kruispunt, 4 takken",50,"Niet brandend","Daglicht","Droog",\N,\N,"Overschieseweg","Schiedam","Schiedam","Zuid-Holland",false,51.924299,4.408716,"injury","2","clear",false,1,"GM0606"
"20230076759",2023,"Letsel",2,"Personenauto","e-bike","Flank","Kruispunt, 3 takken",50,"Niet brandend","Daglicht","Droog",\N,\N,"Minckelersstraat","'s-Gravenhage","'s-Gravenhage","Zuid-Holland",false,52.061686,4.328445,"injury","2","clear",false,1,"GM0518"
"20230078273",2023,"Uitsluitend materiele schade",1,"Fiets",\N,"Eenzijdig","Rechte weg",50,"Niet brandend","Daglicht","Droog",\N,"245373030","Plantage Kerklaan","Amsterdam","Amsterdam","Noord-Holland",false,52.365947,4.911313,"material damage only","4","clear",false,1,"GM0363"
"20230071417",2023,"Uitsluitend materiele schade",2,"Bestelauto","Fiets","Flank","Bocht",50,"Brandend","Duisternis","Droog",\N,"298223006","Zuid Willemsvaart","'s-Hertogenbosch","'s-Hertogenbosch","Noord-Brabant",false,51.694035,5.302141,"material damage only","4","clear",false,1,"GM0796"
"20230016058",2023,"Uitsluitend materiele schade",2,"Bromfiets","Fiets","Frontaal","Kruispunt, 4 takken",30,"Brandend","Duisternis","Droog",\N,\N,"Brinklaan","Bussum","Gooise Meren","Noord-Holland",false,52.274909,5.162539,"material damage only","4","clear",false,1,"GM1942"
"20230022892",2023,"Uitsluitend materiele schade",2,"Bestelauto","Fiets","Flank","Kruispunt, 4 takken",30,"Niet brandend","Daglicht","Regen",\N,\N,"Minervaplein","Amsterdam","Amsterdam","Noord-Holland",false,52.346428,4.872754,"material damage only","4","rain",false,1,"GM0363"
"20230025268",2023,"Letsel",2,"Bromfiets","Fiets","Flank","Rechte weg",50,"Brandend","Duisternis","Regen",\N,"600727664","Brielselaan","Rotterdam","Rotterdam","Zuid-Holland",false,51.893839,4.478011,"injury","2","rain",false,1,"GM0599"
"20240025550",2024,"Uitsluitend materiele schade",2,"Fiets","Fiets","Flank","Rechte weg",30,"Brandend","Duisternis","Droog",\N,"493286087","Wheme","Winterswijk","Winterswijk","Gelderland",false,51.97188,6.72237,"material damage only","4","clear",false,1,"GM0294"
"20230020149",2023,"Uitsluitend materiele schade",2,"Bromfiets","Fiets","Flank","Kruispunt, 3 takken",30,"Niet brandend","Daglicht","Droog",\N,\N,"Spui","'s-Gravenhage","'s-Gravenhage","Zuid-Holland",false,52.077108,4.315646,"material damage only","4","clear",false,1,"GM0518"