"accident_id","year","severity_raw","party_count","party1_type","party2_type","accident_type","road_situation","speed_limit_kmh","road_lighting","light_condition_label","weather_raw","infra_type","road_segment_id","street_name","place_name","gemeente_name_raw","province","alcohol_indicated","latitude","longitude","severity_label","severity_code","weather_label","built_up_area","cyclists_involved","gemeente_code"
"20230022358",2023,"Letsel",2,"Personenauto","Fiets","Flank","Kruispunt, 4 takken",30,"Niet brandend","Daglicht","Droog",\N,\N,"Voorwillenseweg","Gouda","Gouda","Zuid-Holland",false,52.006638,4.752445,"injury","2","clear",false,1,"GM0513"
"20240028803",2024,"Letsel",2,"Fiets","Fiets","Frontaal","Bocht",50,"Niet brandend","Daglicht","Droog",\N,"601117582","Weg der Verenigde Naties","Utrecht","Utrecht","Utrecht",false,52.082834,5.095348,"injury","2","clear",false,1,"GM0344"
"20230032152",2023,"Uitsluitend materiele schade",2,"Personenauto","Fiets","Flank","Rechte weg",50,"Niet brandend","Daglicht","Regen",\N,"417149061","Hagerhofweg","Venlo","Venlo","Limburg",false,51.358264,6.157954,"material damage only","4","rain",false,1,"GM0983"
"20230071864",2023,"Uitsluitend materiele schade",2,"Personenauto","Fiets","Flank","Kruispunt, 3 takken",50,"Niet brandend","Daglicht","Droog",\N,\N,"Henri Dunantstraat","Venray","Venray","Limburg",false,51.523722,5.991024,"material damage only","4","clear",false,1,"GM0984"
"20230073023",2023,"Uitsluitend materiele schade",1,"Fiets",\N,"Onbekend","Rechte weg",50,"Niet brandend","Daglicht","Droog",\N,"600855813","Singelstraat","Deventer","Deventer","Overijssel",false,52.255867,6.159729,"material damage only","4","clear",false,1,"GM0150"
"20230018407",2023,"Uitsluitend materiele schade",2,"Personenauto","Fiets","Flank","Kruispunt, 4 takken",80,"Niet brandend","Daglicht","Droog",\N,\N,"Nieuwe Dolderseweg","Den Dolder","Zeist","Utrecht",false,52.143261,5.240044,"material damage only","4","clear",false,1,"GM0355"
"20230021863",2023,"Letsel",1,"Fiets",\N,"Eenzijdig","Rechte weg",30,"Brandend","Duisternis","Droog",\N,"600723904","Westlaan","Pijnacker","Pijnacker-Nootdorp","Zuid-Holland",false,52.017607,4.424768,"injury","2","clear",false,1,"GM1926"
"20230022411",2023,"Letsel",2,"Personenauto","Fiets","Onbekend","Rechte weg",30,"Niet brandend","Daglicht","Droog",\N,"157312107","Frederik Hendriklaan","'s-Gravenhage","'s-Gravenhage","Zuid-Holland",false,52.089798,4.274724,"injury","2","clear",false,1,"GM0518"
"20230027593",2023,"Uitsluitend materiele schade",2,"Bromfiets","Fiets","Frontaal","Kruispunt, 3 takken",30,"Brandend","Duisternis","Droog",\N,\N,"Bouwlingplein","Oosterhout","Oosterhout","Noord-Brabant",false,51.643017,4.854112,"material damage only","4","clear",false,1,"GM0826"
"20240029299",2024,"Uitsluitend materiele schade",1,"Fiets",\N,"Flank","Kruispunt, 3 takken",15,"Niet brandend","Daglicht","Droog",\N,\N,"Hoge Bothofstraat","Enschede","Enschede","Overijssel",false,52.222357,6.901606,"material damage only","4","clear",false,1,"GM0153"
"20230071724",2023,"Uitsluitend materiele schade",2,"Personenauto","Fiets","Flank","Kruispunt, 3 takken",50,"Niet brandend","Daglicht","Droog",\N,\N,"Mgr Aertsstraat","Swolgen","Horst aan de Maas","Limburg",false,51.492291,6.116207,"material damage only","4","clear",false,1,"GM1507"
"20230073786",2023,"Letsel",2,"Bestelauto","Fiets","Onbekend","Kruispunt, 4 takken",80,"Niet brandend","Schemer","Regen",\N,\N,"Oosterveldsingel","Hengelo","Hengelo (O)","Overijssel",false,52.282817,6.847208,"injury","2","rain",false,1,\N
"20230023570",2023,"Letsel",2,"Bromfiets","Fiets","Frontaal","Rechte weg",50,"Niet brandend","Daglicht","Droog",\N,"601022671","Oost Ringdijk","Gouda","Gouda","Zuid-Holland",false,52.003063,4.689459,"injury","2","clear",false,1,"GM0513"
"20230072144",2023,"Letsel",2,"Fiets","Overig vast object","Vast voorwerp","Rechte weg",80,"Niet brandend","Daglicht","Droog",\N,"433571006","Stationsstraat","Grijpskerk","Westerkwartier","Groningen",false,53.257515,6.312381,"injury","2","clear",false,1,"GM1969"
"20230075241",2023,"Letsel",2,"Snorfiets","Fiets","Frontaal","Kruispunt, 4 takken",60,"Niet brandend","Daglicht","Droog",\N,\N,"Eikenlaan","Eemnes","Eemnes","Utrecht",false,52.228294,5.257106,"injury","2","clear",false,1,"GM0317"
"20230075965",2023,"Letsel",2,"Fiets","Fiets","Onbekend","Rechte weg",30,"Niet brandend","Daglicht","Droog",\N,"210389087","Waterlelie","Velserbroek","Velsen","Noord-Holland",false,52.435795,4.656883,"injury","2","clear",false,1,"GM0453"
"20230076325",2023,"Letsel",2,"Bromfiets","Fiets","Flank","Kruispunt, 4 takken",50,"Niet brandend","Daglicht","Droog",\N,\N,"Amazonelaan","Purmerend","Purmerend","Noord-Holland",false,52.495176,4.928771,"injury","2","clear",false,1,"GM0439"
"20230017316",2023,"Uitsluitend materiele schade",2,"Personenauto","Fiets","Onbekend","Rechte weg",50,"Niet brandend","Daglicht","Droog",\N,"204393041","Kromme Mijdrechtstraat","IJmuiden","Velsen","Noord-Holland",false,52.457159,4.615077,"material damage only","4","clear",false,1,"GM0453"
"20240027277",2024,"Uitsluitend materiele schade",2,"Personenauto","Fiets","Flank","Kruispunt, 4 takken",30,"Niet brandend","Daglicht","Regen",\N,\N,"Blokhuisplein","Leeuwarden","Leeuwarden","Friesland",false,53.200266,5.799715,"material damage only","4","rain",false,1,"GM0080"
"20230027089",2023,"Uitsluitend materiele schade",2,"Personenauto","Fiets","Frontaal","Kruispunt, 4 takken",70,"Brandend","Schemer","Droog",\N,\N,"Baroniebaan","Tilburg","Tilburg","Noord-Brabant",false,51.5548,5.046422,"material damage only","4","clear",false,1,"GM0855"
"20240029089",2024,"Letsel",2,"Personenauto","Fiets","Kop/staart","Rechte weg",50,"Niet brandend","Daglicht","Droog",\N,"600242641","Oliemolensingel","Enschede","Enschede","Overijssel",false,52.22332,6.910513,"injury","2","clear",false,1,"GM0153"
"20230076818",2023,"Letsel",3,"Fiets","Fiets","Voetganger","Rechte weg",\N,"Niet brandend","Daglicht","Droog",\N,"600717556","Westdijk","Hekelingen","Nissewaard","Zuid-Holland",false,51.823363,4.32516,"injury","2","clear",false,1,"GM1930"
"20230076942",2023,"Letsel",1,"Fiets",\N,"Eenzijdig","Rechte weg",\N,"Niet brandend","Daglicht","Droog",\N,"172294046","Delftsestraatweg","Delfgauw","Pijnacker-Nootdorp","Zuid-Holland",false,52.008434,4.390953,"injury","2","clear",false,1,"GM1926"
"20230077563",2023,"Letsel",2,"Fiets","Fiets","Flank","Kruispunt, 3 takken",50,"Brandend","Daglicht","Droog",\N,\N,"Papelaan","Voorschoten","Voorschoten","Zuid-Holland",false,52.125686,4.434496,"injury","2","clear",false,1,"GM0626"
"20230077817",2023,"Letsel",2,"Fiets","Fiets","Flank","Rechte weg",30,"Niet brandend","Daglicht","Droog",\N,\N,"Wateringsevest","Delft","Delft","Zuid-Holland",false,52.016882,4.351845,"injury","2","clear",false,1,"GM0503"
"20230016779",2023,"Letsel",2,"Fiets","Personenauto","Onbekend","Kruispunt, 3 takken",30,"Niet brandend","Daglicht","Droog",\N,\N,"Plein van Zuid","Soest","Soest","Utrecht",false,52.165461,5.308884,"injury","2","clear",false,1,"GM0342"
"20230018510",2023,"Uitsluitend materiele schade",2,"Personenauto","e-bike","Kop/staart","Rechte weg",30,"Niet brandend","Daglicht","Regen",\N,"226535030","Nikadel","De Koog","Texel","Noord-Holland",false,53.097307,4.763917,"material damage only","4","rain",false,1,"GM0448"
"20240026560",2024,"Letsel",2,"Personenauto","Fiets","Flank","Kruispunt, 4 takken",50,"Niet brandend","Daglicht","Droog",\N,\N,"Julianaweg","Groningen","Groningen","Groningen",false,53.192015,6.564569,"injury","2","clear",false,1,"GM0014"
"20230019112",2023,"Uitsluitend materiele schade",2,"Personenauto","Fiets","Flank","Kruispunt, 3 takken",50,"Niet brandend","Daglicht","Droog",\N,\N,"Nieuwstad","Lochem","Lochem","Gelderland",false,52.159442,6.416098,"material damage only","4","clear",false,1,"GM0262"
"20230016672",2023,"Uitsluitend materiele schade",2,"Personenauto","Fiets","Flank","Kruispunt, 4 takken",30,"Brandend","Duisternis","Droog",\N,\N,"Nobelstraat","Utrecht","Utrecht","Utrecht",false,52.093076,5.124553,"material damage only","4","clear",false,1,"GM0344"
"20230022147",2023,"Letsel",2,"Fiets","Overig vast object","Vast voorwerp","Rechte weg",50,"Niet aanwezig","Daglicht","Droog",\N,"157309033","Edisonstraat","'s-Gravenhage","'s-Gravenhage","Zuid-Holland",false,52.076101,4.277154,"injury","2","clear",false,1,"GM0518"
"20240032115",2024,"Uitsluitend materiele schade",2,"Fiets","Personenauto","Flank","Kruispunt, 3 takken",50,"Niet brandend","Daglicht","Droog",\N,\N,"Guirlande","'s-Gravenhage","'s-Gravenhage","Zuid-Holland",false,52.045783,4.36936,"material damage only","4","clear",false,1,"GM0518"
"20240079019",2024,"Letsel",1,"Fiets",\N,"Onbekend",\N,30,\N,"Daglicht",\N,\N,"157297120","Plein","Wateringen","Westland","Zuid-Holland",false,52.024447,4.274,"injury","2","unknown",false,1,"GM1783"
"20240038175",2024,"Letsel",2,"Personenauto","Fiets","Flank","Rotonde",50,"Niet brandend","Daglicht","Droog",\N,\N,"Guishof","Zaandijk","Zaanstad","Noord-Holland",false,52.469455,4.797076,"injury","2","clear",false,1,"GM0479"
"20240047143",2024,"Letsel",2,"Personenauto","Fiets","Geparkeerd voertuig","Rechte weg",60,"Brandend","Schemer","Regen",\N,"499382007","Oldenzaalseweg","Tubbergen","Tubbergen","Overijssel",false,52.401978,6.781832,"injury","2","rain",false,1,"GM0183"
"20240047199",2024,"Letsel",1,"Fiets",\N,"Onbekend",\N,30,\N,"Daglicht",\N,\N,"600832670","Nieuwe Marktstraat","Nijmegen","Nijmegen","Gelderland",false,51.846815,5.854491,"injury","2","unknown",false,1,"GM0268"
"20240079091",2024,"Letsel",2,"Fiets","Fiets","Flank","Rechte weg",30,"Niet brandend","Daglicht","Droog",\N,"242371124","Stadhouderskade","Amsterdam","Amsterdam","Noord-Holland",false,52.357784,4.89536,"injury","2","clear",false,1,"GM0363"
"20240042701",2024,"Letsel",2,"Snorfiets","Fiets","Frontaal","Rechte weg",50,"Niet brandend","Daglicht","Droog",\N,\N,"Tramdijk","Spijkenisse","Nissewaard","Zuid-Holland",false,51.855717,4.332348,"injury","2","clear",false,1,"GM1930"
"20240071698",2024,"Letsel",2,"Bromfiets","e-bike","Flank","Kruispunt, 4 takken",60,"Niet brandend","Daglicht","Droog",\N,\N,"C. Villeriuslaan","Spijkenisse","Nissewaard","Zuid-Holland",false,51.851112,4.314219,"injury","2","clear",false,1,"GM1930"
"20240038292",2024,"Letsel",2,"Personenauto","Fiets","Flank","Kruispunt, 3 takken",50,"Brandend","Schemer","Droog",\N,\N,"Brusselstraat","Haarlem","Haarlem","Noord-Holland",false,52.359788,4.647611,"injury","2","clear",false,1,"GM0392"
"20240042713",2024,"Letsel",2,"Personenauto","Fiets","Flank","Kruispunt, 4 takken",30,"Niet brandend","Daglicht","Droog",\N,\N,"Annie Romein-Verschoorln","Spijkenisse","Nissewaard","Zuid-Holland",false,51.838321,4.362693,"injury","2","clear",false,1,"GM1930"
"20240042725",2024,"Letsel",2,"Personenauto","Fiets","Flank","Rechte weg",50,"Niet brandend","Daglicht","Droog",\N,"600890956","Nieuwe Damlaan","Schiedam","Schiedam","Zuid-Holland",false,51.920465,4.386344,"injury","2","clear",false,1,"GM0606"
"20240071744",2024,"Letsel",2,"Snorfiets","Fiets","Los voorwerp","Rechte weg",30,"Niet brandend","Daglicht","Droog",\N,\N,"Hoofdweg","Capelle aan den IJssel","Capelle aan den IJssel","Zuid-Holland",false,51.95754,4.57934,"injury","2","clear",false,1,"GM0502"
"20240076475",2024,"Uitsluitend materiele schade",2,"Fiets","Fiets","Frontaal","Kruispunt, 3 takken",30,"Niet aanwezig","Daglicht","Droog",\N,\N,"Vliet","Heerenveen","Heerenveen","Friesland",false,52.948926,5.912654,"material damage only","4","clear",false,1,"GM0074"
"20240036775",2024,"Uitsluitend materiele schade",2,"Personenauto","Fiets","Onbekend","Kruispunt, 3 takken",30,"Niet brandend","Daglicht","Droog",\N,\N,"Gijsbert van Oostveenstr","Zutphen","Zutphen","Gelderland",false,52.15042,6.218992,"material damage only","4","clear",false,1,"GM0301"
"20240051055",2024,"Uitsluitend materiele schade",2,"Personenauto","Fiets","Flank","Rechte weg",30,"Niet brandend","Daglicht","Droog",\N,"235388058","Harpoeniersstraat","Zaandam","Zaanstad","Noord-Holland",false,52.434048,4.83757,"material damage only","4","clear",false,1,"GM0479"
"20240033138",2024,"Letsel",1,"Fiets",\N,"Onbekend","Rechte weg",30,"Niet brandend","Daglicht","Droog",\N,"600283661","Woudweg","Schiedam","Schiedam","Zuid-Holland",false,51.947389,4.355303,"injury","2","clear",false,1,"GM0606"
"20240033748",2024,"Uitsluitend materiele schade",3,"Personenauto","Fiets","Kop/staart","Rotonde",50,"Niet brandend","Daglicht","Droog",\N,\N,"Tuinstraat","Asten","Asten","Noord-Brabant",false,51.404784,5.750379,"material damage only","4","clear",false,1,"GM0743"
"20240040740",2024,"Uitsluitend materiele schade",2,"Personenauto","Fiets","Flank","Kruispunt, 4 takken",30,"Niet brandend","Daglicht","Regen",\N,\N,"Stadhoudersplein","Alphen aan den Rijn","Alphen aan den Rijn","Zuid-Holland",false,52.134579,4.655384,"material damage only","4","rain",false,1,"GM0484"
"20240047423",2024,"Letsel",2,"Personenauto","Fiets","Flank","Rotonde",50,"Niet brandend","Daglicht","Droog",\N,\N,"Zuiderdwarsvaart","Drachten","Smallingerland","Friesland",false,53.107035,6.108679,"injury","2","clear",false,1,"GM0090"
"20240042870",2024,"Letsel",1,"Fiets",\N,"Onbekend","Rechte weg",\N,"Niet brandend","Daglicht","Droog",\N,"206294008","Middelweg","Moordrecht","Zuidplas","Zuid-Holland",false,52.004844,4.640846,"injury","2","clear",false,1,"GM1892"
"20240078699",2024,"Letsel",2,"Personenauto","Fiets","Flank","Rechte weg",50,"Brandend","Duisternis","Droog",\N,"600106212","Prinses Beatrixlaan","Rijswijk","Rijswijk","Zuid-Holland",false,52.036814,4.313601,"injury","2","clear",false,1,\N
"20240042942",2024,"Letsel",1,"Fiets",\N,"Onbekend","Rechte weg",30,"Brandend","Duisternis","Droog",\N,"600733843","Leidsevaart","Lisse","Lisse","Zuid-Holland",false,52.277638,4.535692,"injury","2","clear",false,1,"GM0553"
"20240079991",2024,"Letsel",2,"Personenauto","Fiets","Flank","Kruispunt, 4 takken",80,"Niet brandend","Schemer","Droog",\N,\N,"Dorpsweg","Schellinkhout","Drechterland","Noord-Holland",false,52.650245,5.119804,"injury","2","clear",false,1,"GM0498"
"20240038563",2024,"Letsel",2,"Personenauto","Fiets","Flank","Kruispunt, 4 takken",30,"Niet brandend","Daglicht","Droog",\N,\N,"Schapenkamp","Hilversum","Hilversum","Noord-Holland",false,52.226735,5.17932,"injury","2","clear",false,1,"GM0402"
"20240078779",2024,"Letsel",1,"Fiets",\N,"Eenzijdig","Rechte weg",50,"Niet brandend","Daglicht","Droog",\N,"600944436","Nieuweweg","Poeldijk","Westland","Zuid-Holland",false,52.029724,4.22137,"injury","2","clear",false,1,"GM1783"
"20240033286",2024,"Uitsluitend materiele schade",2,"Personenauto","Fiets","Flank","Rechte weg",30,"Niet brandend","Daglicht","Regen",\N,"301232044","Doornkampsteeg","'s-Hertogenbosch","'s-Hertogenbosch","Noord-Brabant",false,51.733949,5.328572,"material damage only","4","rain",false,1,"GM0796"
"20240036973",2024,"Uitsluitend materiele schade",2,"Personenauto","Fiets","Flank","Rotonde",50,"Niet brandend","Daglicht","Regen",\N,\N,"Beethovenstraat","Zutphen","Zutphen","Gelderland",false,52.131085,6.198804,"material damage only","4","rain",false,1,"GM0301"
"20240038566",2024,"Letsel",2,"Fiets",\N,"Onbekend","Kruispunt, 3 takken",30,"Niet brandend","Daglicht","Droog",\N,\N,"Nieuwstraat","Almere","Almere","Flevoland",false,52.335733,5.215972,"injury","2","clear",false,1,"GM0034"
"20240037958",2024,"Letsel",1,"Fiets",\N,"Eenzijdig","Bocht",50,"Niet brandend","Daglicht","Droog","Brug/viaduct","600785808","Fongerspad","Almere","Almere","Flevoland",false,52.348526,5.251103,"injury","2","clear",false,1,"GM0034"
"20240037989",2024,"Letsel",1,"Fiets",\N,"Onbekend","Kruispunt, 3 takken",30,"Niet brandend","Daglicht","Droog",\N,\N,"Indigohof","Almere","Almere","Flevoland",false,52.393081,5.302314,"injury","2","clear",false,1,"GM0034"
"20240042395",2024,"Letsel",2,"Personenauto","Fiets","Flank","Kruispunt, 4 takken",50,"Niet brandend","Daglicht","Regen",\N,\N,"Kruisplein","Rotterdam","Rotterdam","Zuid-Holland",false,51.922933,4.471133,"injury","2","rain",false,1,"GM0599"
"20240044798",2024,"Uitsluitend materiele schade",1,"Fiets",\N,"Onbekend","Rechte weg",\N,"Niet brandend","Daglicht","Droog",\N,"320194060","Eerschotsestraat","Sint-Oedenrode","Meierijstad","Noord-Brabant",false,51.565498,5.465807,"material damage only","4","clear",false,1,"GM1948"
"20240033980",2024,"Uitsluitend materiele schade",2,"Personenauto","Fiets","Flank","Rechte weg",30,"Niet brandend","Daglicht","Regen",\N,"102183098","Albert Joachimikade","Goes","Goes","Zeeland",false,51.507349,3.891846,"material damage only","4","rain",false,1,"GM0664"
"20240037062",2024,"Uitsluitend materiele schade",2,"Fiets","Fiets","Frontaal","Rechte weg",30,"Niet brandend","Daglicht","Droog",\N,"600841235","Kostverloren","Apeldoorn","Apeldoorn","Gelderland",false,52.238344,5.963953,"material damage only","4","clear",false,1,"GM0200"
"20240051340",2024,"Uitsluitend materiele schade",2,"Personenauto","Fiets","Los voorwerp","Kruispunt, 4 takken",50,"Niet aanwezig","Daglicht","Droog",\N,\N,"Arthur van Schendellaan","Uithoorn","Uithoorn","Noord-Holland",false,52.250842,4.82342,"material damage only","4","clear",false,1,"GM0451"
"20240080175",2024,"Letsel",1,"Fiets",\N,"Onbekend","Rechte weg",30,"Niet brandend","Daglicht","Droog","Brug/viaduct","265405031","Oosterkade","Edam","Edam-Volendam","Noord-Holland",false,52.513684,5.058289,"injury","2","clear",false,1,"GM0385"
"20230094557",2023,"Uitsluitend materiele schade",2,"Bromfiets","Fiets","Flank","Bocht",30,"Niet brandend","Daglicht","Droog",\N,\N,"Oude Azaleastraat","Nijmegen","Nijmegen","Gelderland",false,51.836955,5.846044,"material damage only","4","clear",false,1,"GM0268"
"20230095726",2023,"Uitsluitend materiele schade",2,"Bromfiets","Fiets","Onbekend","Kruispunt, 4 takken",30,"Brandend","Duisternis","Regen",\N,\N,"Oudegracht","Utrecht","Utrecht","Utrecht",false,52.093371,5.116567,"material damage only","4","rain",false,1,"GM0344"
"20230099204",2023,"Uitsluitend materiele schade",2,"Fiets","Personenauto","Flank","Rotonde",50,"Niet brandend","Daglicht","Regen",\N,\N,"Ringweg","Best","Best","Noord-Brabant",false,51.503694,5.378549,"material damage only","4","rain",false,1,"GM0753"
"20230103007",2023,"Uitsluitend materiele schade",2,"Personenauto","Fiets","Flank","Rechte weg",50,"Niet brandend","Daglicht","Droog",\N,"245375024","De Ruijterkade","Amsterdam","Amsterdam","Noord-Holland",false,52.377618,4.907622,"material damage only","4","clear",false,1,"GM0363"
"20230103533",2023,"Letsel",2,"Fiets","Personenauto","Flank","Rechte weg",50,"Niet brandend","Daglicht","Droog",\N,"600633883","Rijnsingel","Ridderkerk","Ridderkerk","Zuid-Holland",false,51.888677,4.581937,"injury","2","clear",false,1,"GM0597"
"20230086948",2023,"Uitsluitend materiele schade",2,"Fiets","Fiets","Flank","Rechte weg",\N,"Niet brandend","Daglicht","Regen",\N,"600765882","Radioweg","Amsterdam","Amsterdam","Noord-Holland",false,52.349384,4.94564,"material damage only","4","rain",false,1,"GM0363"
"20230089891",2023,"Letsel",2,"Bestelauto","Fiets","Eenzijdig","Kruispunt, 4 takken",50,"Brandend","Duisternis","Droog",\N,\N,"Corbulokade","Voorburg","Leidschendam-Voorburg","Zuid-Holland",false,52.062179,4.344699,"injury","2","clear",false,1,"GM1916"
"20230094587",2023,"Uitsluitend materiele schade",2,"Personenauto","Fiets","Onbekend","Kruispunt, 3 takken",50,"Niet brandend","Daglicht","Droog",\N,\N,"Deurningerstraat","Hengelo","Hengelo (O)","Overijssel",false,52.269442,6.801836,"material damage only","4","clear",false,1,\N
"20230095764",2023,"Letsel",2,"Fiets","Voetganger","Voetganger","Rechte weg",50,"Niet brandend","Daglicht","Regen",\N,"284375002","Tuinkruidenpad","Almere","Almere","Flevoland",false,52.38032,5.203022,"injury","2","rain",false,1,"GM0034"
"20230098667",2023,"Uitsluitend materiele schade",2,"Personenauto","Fiets","Flank","Rechte weg",30,"Niet brandend","Daglicht","Droog",\N,"600775887","Enschotsestraat","Tilburg","Tilburg","Noord-Brabant",false,51.566715,5.102508,"material damage only","4","clear",false,1,"GM0855"
"20230102518",2023,"Letsel",2,"Personenauto","Fiets","Flank","Kruispunt, 4 takken",50,"Niet brandend","Daglicht","Droog",\N,\N,"Ehrenfestweg","Leiden","Leiden","Zuid-Holland",false,52.165321,4.459691,"injury","2","clear",false,1,"GM0546"
"20230104181",2023,"Uitsluitend materiele schade",2,"Personenauto","Fiets","Kop/staart","Rechte weg",30,"Niet brandend","Daglicht","Regen",\N,"345521104","Stationsstraat","Sneek","Súdwest-Fryslân","Friesland",false,53.031221,5.656083,"material damage only","4","rain",false,1,"GM1900"
"20230106545",2023,"Uitsluitend materiele schade",2,"Personenauto","Fiets","Frontaal","Rechte weg",50,"Niet brandend","Daglicht","Droog",\N,"151276012","Uiverlaan","Maassluis","Maassluis","Zuid-Holland",false,51.929364,4.238957,"material damage only","4","clear",false,1,"GM0556"
"20230101295",2023,"Letsel",1,"Fiets",\N,"Eenzijdig","Rechte weg",50,"Niet brandend","Daglicht","Regen",\N,\N,"Gladiolusstraat","Noordwijk","Noordwijk","Zuid-Holland",false,52.234225,4.439159,"injury","2","rain",false,1,"GM0575"
"20230103068",2023,"Letsel",2,"Personenauto","Fiets","Flank","Kruispunt, 4 takken",50,"Niet brandend","Daglicht","Droog",\N,\N,"Willem de Zwijgerlaan","Leiden","Leiden","Zuid-Holland",false,52.168709,4.510967,"injury","2","clear",false,1,"GM0546"
"20230104294",2023,"Uitsluitend materiele schade",2,"Personenauto","Fiets","Flank","Kruispunt, 4 takken",50,"Niet brandend","Daglicht","Droog",\N,\N,"van der Duyn v Maasdamwg","Hoogezand","Midden-Groningen","Groningen",false,53.157439,6.754463,"material damage only","4","clear",false,1,"GM1952"
"20230081819",2023,"Uitsluitend materiele schade",2,"Personenauto","Fiets","Flank","Kruispunt, 4 takken",30,"Brandend","Duisternis","Droog",\N,\N,"Minderbroederssingel","Roermond","Roermond","Limburg",false,51.192891,5.984523,"material damage only","4","clear",false,1,"GM0957"
"20230083550",2023,"Letsel",2,"Personenauto","Fiets","Flank","Kruispunt, 4 takken",50,"Niet brandend","Daglicht","Droog",\N,\N,"Mercurius","Heerenveen","Heerenveen","Friesland",false,52.969655,5.928376,"injury","2","clear",false,1,"GM0074"
"20230090582",2023,"Uitsluitend materiele schade",2,"Personenauto","Fiets","Onbekend","Kruispunt, 3 takken",80,"Niet brandend","Daglicht","Droog",\N,\N,"Californischeweg","Grubbenvorst","Horst aan de Maas","Limburg",false,51.420173,6.10881,"material damage only","4","clear",false,1,"GM1507"
"20230090593",2023,"Uitsluitend materiele schade",2,"Bestelauto","Fiets","Flank","Kruispunt, 4 takken",30,"Niet brandend","Daglicht","Droog",\N,\N,"Oisterwijkstraat","Vught","Vught","Noord-Brabant",false,51.638745,5.290743,"material damage only","4","clear",false,1,"GM0865"
"20230096975",2023,"Uitsluitend materiele schade",2,"Fiets","Personenauto","Frontaal","Kruispunt, 4 takken",50,"Niet brandend","Daglicht","Regen",\N,\N,"Waalstraat","Amsterdam","Amsterdam","Noord-Holland",false,52.344485,4.900834,"material damage only","4","rain",false,1,"GM0363"
"20230100631",2023,"Uitsluitend materiele schade",2,"Fiets","Personenauto","Flank","Kruispunt, 4 takken",30,"Niet brandend","Daglicht","Regen",\N,\N,"Molenstraat","Boxtel","Boxtel","Noord-Brabant",false,51.590984,5.321325,"material damage only","4","rain",false,1,"GM0757"
"20230105854",2023,"Uitsluitend materiele schade",2,"Bromfiets","Fiets","Kop/staart","Rechte weg",30,"Brandend","Duisternis","Droog",\N,"600849670","Twistvlietpad","Zwolle","Zwolle","Overijssel",false,52.530451,6.060649,"material damage only","4","clear",false,1,"GM0193"
"20230081841",2023,"Uitsluitend materiele schade",2,"e-bike","e-bike","Frontaal","Rotonde",30,"Niet brandend","Schemer","Droog",\N,\N,"Rijksweg Noord","Belfeld","Venlo","Limburg",false,51.326182,6.122447,"material damage only","4","clear",false,1,"GM0983"
"20230091808",2023,"Uitsluitend materiele schade",1,"Fiets",\N,"Flank","Kruispunt, 3 takken",30,"Niet brandend","Daglicht","Droog",\N,\N,"John F Kennedylaan","Eindhoven","Eindhoven","Noord-Brabant",false,51.465461,5.487065,"material damage only","4","clear",false,1,"GM0772"
"20230080091",2023,"Uitsluitend materiele schade",1,"Fiets",\N,"Onbekend","Rechte weg",50,"Niet brandend","Daglicht","Droog","Tunnel","600636372","Schönberglaan","Capelle aan den IJssel","Capelle aan den IJssel","Zuid-Holland",false,51.923057,4.570458,"material damage only","4","clear",false,1,"GM0502"
"20230091853",2023,"Uitsluitend materiele schade",2,"Personenauto","Fiets","Frontaal","Rechte weg",30,"Niet brandend","Daglicht","Droog",\N,"302200011","Nieuwe Nieuwstraat","Boxtel","Boxtel","Noord-Brabant",false,51.590024,5.333633,"material damage only","4","clear",false,1,"GM0757"
"20230100711",2023,"Letsel",2,"Personenauto","Fiets","Onbekend","Rechte weg",60,"Niet brandend","Daglicht","Droog",\N,"600799329","Boskantseweg","Sint-Oedenrode","Meierijstad","Noord-Brabant",false,51.558841,5.440614,"injury","2","clear",false,1,"GM1948"
"20230090709",2023,"Uitsluitend materiele schade",2,"Personenauto","Fiets","Flank","Rotonde",30,"Niet brandend","Daglicht","Droog",\N,\N,"Schaepmanlaan","Oss","Oss","Noord-Brabant",false,51.752203,5.500075,"material damage only","4","clear",false,1,"GM0828"
"20230097071",2023,"Letsel",2,"Personenauto","Fiets","Kop/staart","Rechte weg",50,"Niet brandend","Daglicht","Droog",\N,"289445040","Burg J N Stuifbergenlaan","Grootebroek","Stede Broec","Noord-Holland",false,52.69029,5.233034,"injury","2","clear",false,1,"GM0532"
"20230098265",2023,"Uitsluitend materiele schade",2,"Personenauto","Fiets","Flank","Rechte weg",30,"Niet brandend","Daglicht","Droog",\N,"600743505","Rumelaarweg","Haarlem","Haarlem","Noord-Holland",false,52.349064,4.653174,"material damage only","4","clear",false,1,"GM0392"
"20230079597",2023,"Uitsluitend materiele schade",2,"Personenauto","Fiets","Flank","Kruispunt, 4 takken",30,"Niet brandend","Daglicht","Droog",\N,\N,"Troelstradreef","'s-Hertogenbosch","'s-Hertogenbosch","Noord-Brabant",false,51.730751,5.298736,"material damage only","4","clear",false,1,"GM0796"
"20230087155",2023,"Uitsluitend materiele schade",2,"Bus","Fiets","Flank","Bocht",30,"Brandend","Duisternis","Regen",\N,"216295067","Stationsplein","Gouda","Gouda","Zuid-Holland",false,52.016666,4.707374,"material damage only","4","rain",false,1,"GM0513"