"accident_id","year","severity_raw","party_count","party1_type","party2_type","accident_type","road_situation","speed_limit_kmh","road_lighting","light_condition_label","weather_raw","infra_type","road_segment_id","street_name","place_name","gemeente_name_raw","province","alcohol_indicated","latitude","longitude","severity_label","severity_code","weather_label","built_up_area","cyclists_involved","gemeente_code"
"20220023845",2022,"Letsel",2,"Personenauto","Fiets","Flank","Kruispunt, 4 takken",60,"Niet brandend","Daglicht","Droog",\N,\N,"Heemlaan","Piershil","Hoeksche Waard","Zuid-Holland",false,51.7913,4.316316,"injury","2","clear",false,1,"GM1963"
"20220026462",2022,"Uitsluitend materiele schade",2,"Fiets","Personenauto","Onbekend","Kruispunt, 3 takken",30,"Niet brandend","Daglicht","Droog",\N,\N,"Stationsstraat","Middelburg","Middelburg","Zeeland",false,51.496304,3.617277,"material damage only","4","clear",false,1,\N
"20220064668",2022,"Uitsluitend materiele schade",2,"Snorfiets","Fiets","Onbekend","Kruispunt, 4 takken",\N,"Niet brandend","Daglicht","Regen",\N,\N,"Enschotsestraat","Tilburg","Tilburg","Noord-Brabant",false,51.560934,5.0924,"material damage only","4","rain",false,1,"GM0855"
"20220071140",2022,"Uitsluitend materiele schade",2,"Fiets","Personenauto","Frontaal","Rechte weg",30,"Niet brandend","Daglicht","Droog",\N,"534489016","Dr. Bekenkampstraat","Ter Apel","Westerwolde","Groningen",false,52.878167,7.053979,"material damage only","4","clear",false,1,"GM1950"
"20220100599",2022,"Letsel",2,"Fiets","Personenauto","Flank","Rechte weg",50,"Brandend","Duisternis","Droog",\N,"600771986","Dampten","Hoorn","Hoorn","Noord-Holland",false,52.645486,5.046732,"injury","2","clear",false,1,"GM0405"
"20220105527",2022,"Letsel",1,"Fiets",\N,"Eenzijdig","Rechte weg",30,"Niet brandend","Daglicht","Regen",\N,"600722357","Slagturverstraat","Delfgauw","Pijnacker-Nootdorp","Zuid-Holland",false,52.003261,4.394716,"injury","2","rain",false,1,"GM1926"
"20220010749",2022,"Uitsluitend materiele schade",2,"Personenauto","Fiets","Onbekend","Rechte weg",50,"Niet aanwezig","Daglicht","Droog",\N,"600763885","Veldwijk","Woerden","Woerden","Utrecht",false,52.089987,4.914765,"material damage only","4","clear",false,1,"GM0632"
"20220038770",2022,"Letsel",2,"Voetganger","Fiets","Voetganger","Rechte weg",30,"Niet aanwezig","Daglicht","Droog",\N,"47183015","Duinweg","Zoutelande","Veere","Zeeland",false,51.498476,3.495094,"injury","2","clear",false,1,"GM0717"
"20220101957",2022,"Letsel",2,"Fiets","Bestelauto","Frontaal","Rechte weg",30,"Niet brandend","Daglicht","Droog",\N,"253496001","Stroeërweg","Hippolytushoef","Hollands Kroon","Noord-Holland",false,52.924443,4.97197,"injury","2","clear",false,1,"GM1911"
"20220019159",2022,"Letsel",1,"Fiets",\N,"Eenzijdig","Kruispunt, 3 takken",50,"Niet brandend","Daglicht","Regen",\N,"157311157","Segbroeklaan","'s-Gravenhage","'s-Gravenhage","Zuid-Holland",false,52.084063,4.272182,"injury","2","rain",false,1,"GM0518"
"20220044311",2022,"Letsel",2,"Personenauto","Fiets","Flank","Rechte weg",50,"Niet aanwezig","Daglicht","Droog",\N,"600886731","Operalaan","Oldenzaal","Oldenzaal","Overijssel",false,52.322426,6.916608,"injury","2","clear",false,1,"GM0173"
"20220056142",2022,"Letsel",2,"e-bike","Personenauto","Flank","Kruispunt, 4 takken",50,"Niet brandend","Daglicht","Regen",\N,\N,"Grote Achterweg","Naaldwijk","Westland","Zuid-Holland",false,52.00729,4.199601,"injury","2","rain",false,1,"GM1783"
"20220059071",2022,"Letsel",2,"Personenauto","Fiets","Kop/staart","Kruispunt, 4 takken",30,"Niet brandend","Daglicht","Droog",\N,"600714489","Nieuwendamlaan","'s-Gravenhage","'s-Gravenhage","Zuid-Holland",false,52.062189,4.263828,"injury","2","clear",false,1,"GM0518"
"20220107681",2022,"Letsel",2,"Bromfiets","Fiets","Flank","Kruispunt, 4 takken",\N,"Niet brandend","Daglicht","Droog",\N,\N,"Proveniersplein","Rotterdam","Rotterdam","Zuid-Holland",false,51.92636,4.469428,"injury","2","clear",false,1,"GM0599"
"20220107689",2022,"Letsel",2,"Personenauto","Fiets","Flank","Kruispunt, 4 takken",30,"Brandend","Daglicht","Droog",\N,\N,"Nassauweg","Dordrecht","Dordrecht","Zuid-Holland",false,51.80131,4.670886,"injury","2","clear",false,1,"GM0505"
"20220047514",2022,"Letsel",2,"Personenauto","Fiets","Flank","Kruispunt, 3 takken",50,"Niet brandend","Daglicht","Droog",\N,\N,"Diepenheimseweg","Goor","Hof van Twente","Overijssel",false,52.23065,6.580555,"injury","2","clear",false,1,"GM1735"
"20220053436",2022,"Letsel",2,"Personenauto","Fiets","Flank","Rotonde",50,"Brandend","Duisternis","Droog",\N,"214358103","Nieuweweg","Hoofddorp","Haarlemmermeer","Noord-Holland",false,52.297603,4.691149,"injury","2","clear",false,1,"GM0394"
"20220088950",2022,"Uitsluitend materiele schade",1,"Fiets",\N,"Onbekend","Kruispunt, 4 takken",30,"Niet brandend","Daglicht","Droog",\N,\N,"'t Hofke","Eindhoven","Eindhoven","Noord-Brabant",false,51.449708,5.520563,"material damage only","4","clear",false,1,"GM0772"
"20220110611",2022,"Uitsluitend materiele schade",2,"Personenauto","Fiets","Flank","Kruispunt, 3 takken",50,"Niet brandend","Daglicht","Droog",\N,\N,"Sint Joostweg","Noordgouwe","Schouwen-Duiveland","Zeeland",false,51.672731,3.945086,"material damage only","4","clear",false,1,"GM1676"
"20220075791",2022,"Letsel",2,"Personenauto","Fiets","Flank","Kruispunt, 4 takken",60,"Niet brandend","Daglicht","Droog",\N,\N,"Cranenburgsestraat","Groesbeek","Berg en Dal","Gelderland",false,51.778389,5.970907,"injury","2","clear",false,1,"GM1945"
"20230002622",2023,"Letsel",2,"Bromfiets","Fiets","Frontaal","Rechte weg",30,"Niet brandend","Daglicht","Regen",\N,"285347033","Rijksweg-West","Laren","Laren","Noord-Holland",false,52.252289,5.211255,"injury","2","rain",false,1,\N
"20230007350",2023,"Dodelijk",2,"Personenauto","Fiets","Flank","Kruispunt, 3 takken",80,"Niet brandend","Daglicht","Droog",\N,\N,"Hoefseweg","Haps","Land van Cuijk","Noord-Brabant",false,51.703536,5.85618,"fatal","1","clear",false,1,"GM1982"
"20230010536",2023,"Letsel",2,"Bus","Fiets","Flank","Rechte weg",50,"Niet brandend","Daglicht","Droog",\N,"469564026","Dirk Huizingastraat","Groningen","Groningen","Groningen",false,53.221689,6.580384,"injury","2","clear",false,1,"GM0014"
"20230001415",2023,"Letsel",2,"Personenauto","e-bike","Flank","Kruispunt, 3 takken",30,"Niet brandend","Daglicht","Droog",\N,\N,"Linthorst Homanstraat","Wilhelminaoord","Westerveld","Drenthe",false,52.856992,6.166982,"injury","2","clear",false,1,"GM1701"
"20230008673",2023,"Letsel",2,"Personenauto","Fiets","Onbekend","Kruispunt, 4 takken",30,"Niet brandend","Daglicht","Droog",\N,\N,"Steinhagenstraat","Sevenum","Horst aan de Maas","Limburg",false,51.413966,6.041954,"injury","2","clear",false,1,"GM1507"
"20230003362",2023,"Letsel",2,"Personenauto","e-bike","Flank","Kruispunt, 3 takken",50,"Niet brandend","Daglicht","Droog",\N,\N,"Wagenweg","Haarlem","Haarlem","Noord-Holland",false,52.37275,4.626202,"injury","2","clear",false,1,"GM0392"
"20230011263",2023,"Letsel",5,"Personenauto","Fiets","Kop/staart","Rechte weg",50,"Niet brandend","Duisternis","Droog",\N,\N,"Hatertseweg","Nijmegen","Nijmegen","Gelderland",false,51.828146,5.857657,"injury","2","clear",false,1,"GM0268"
"20230003264",2023,"Uitsluitend materiele schade",2,"Bromfiets","e-bike","Flank","Kruispunt, 4 takken",50,"Niet brandend","Daglicht","Droog",\N,\N,"Batauweg","Nieuwegein","Nieuwegein","Utrecht",false,52.039329,5.074191,"material damage only","4","clear",false,1,"GM0356"
"20230005030",2023,"Uitsluitend materiele schade",2,"Personenauto","Fiets","Flank","Kruispunt, 4 takken",50,"Niet brandend","Daglicht","Droog",\N,\N,"Watersteeg","Leiden","Leiden","Zuid-Holland",false,52.15649,4.495023,"material damage only","4","clear",false,1,"GM0546"
"20230003830",2023,"Uitsluitend materiele schade",2,"Bromfiets","Fiets","Kop/staart","Rechte weg",30,"Brandend","Duisternis","Droog",\N,"600911880","Biltstraat","Utrecht","Utrecht","Utrecht",false,52.095582,5.140353,"material damage only","4","clear",false,1,"GM0344"
"20230004817",2023,"Letsel",1,"Fiets",\N,"Eenzijdig","Rechte weg",50,"Niet brandend","Daglicht","Droog/Harde windstoten",\N,"225506012","Koningsplein","Den Helder","Den Helder","Noord-Holland",false,52.962534,4.76024,"injury","2","unknown",false,1,"GM0400"
"20230005354",2023,"Uitsluitend materiele schade",2,"Personenauto","Fiets","Flank","Kruispunt, 4 takken",50,"Niet brandend","Daglicht","Droog",\N,\N,"Nunspeetlaan","'s-Gravenhage","'s-Gravenhage","Zuid-Holland",false,52.063256,4.287737,"material damage only","4","clear",false,1,"GM0518"
"20230007128",2023,"Letsel",2,"Personenauto","Fiets","Flank","Kruispunt, 4 takken",50,"Niet brandend","Daglicht","Droog",\N,\N,"J.R. Thorbeckesingel","Papendrecht","Papendrecht","Zuid-Holland",false,51.831865,4.698549,"injury","2","clear",false,1,"GM0590"
"20230072174",2023,"Dodelijk",2,"Bestelauto","e-bike","Flank","Kruispunt, 4 takken",50,"Niet brandend","Daglicht","Droog",\N,\N,"Broekweg","Klazienaveen","Emmen","Drenthe",false,52.719714,6.984756,"fatal","1","clear",false,1,"GM0114"
"20230007280",2023,"Letsel",1,"Fiets",\N,"Eenzijdig","Rechte weg",80,"Niet aanwezig","Duisternis","Regen",\N,"216324014","Oostkanaalweg","Ter Aar","Nieuwkoop","Zuid-Holland",false,52.154039,4.707551,"injury","2","rain",false,1,"GM0569"
"20230007366",2023,"Letsel",1,"Fiets",\N,"Eenzijdig","Rotonde",50,"Niet brandend","Daglicht","Regen",\N,\N,"Den-Uylborch","Rosmalen","'s-Hertogenbosch","Noord-Brabant",false,51.722477,5.353409,"injury","2","rain",false,1,"GM0796"
"20230039910",2023,"Letsel",1,"Fiets",\N,"Eenzijdig",\N,30,\N,"Daglicht",\N,\N,"600394019","Donker Curtiusstraat","'s-Gravenhage","'s-Gravenhage","Zuid-Holland",false,52.06555,4.248126,"injury","2","unknown",false,1,"GM0518"
"20230002536",2023,"Letsel",2,"Fiets","Fiets","Onbekend","Rechte weg",30,"Niet brandend","Daglicht","Droog",\N,"600767009","Malibongwestraat","Purmerend","Purmerend","Noord-Holland",false,52.488684,4.960203,"injury","2","clear",false,1,"GM0439"
"20230005668",2023,"Letsel",2,"e-bike","e-bike","Frontaal","Rotonde",30,"Niet brandend","Daglicht","Droog",\N,\N,"Victoriberg","Noordwijkerhout","Noordwijk","Zuid-Holland",false,52.25886,4.486933,"injury","2","clear",false,1,"GM0575"
"20230008101",2023,"Uitsluitend materiele schade",2,"Personenauto","Fiets","Flank","Rechte weg",30,"Niet brandend","Daglicht","Droog",\N,\N,"Stationslaan","Breda","Breda","Noord-Brabant",false,51.596716,4.781408,"material damage only","4","clear",false,1,"GM0758"
"20230028209",2023,"Letsel",1,"Fiets",\N,"Eenzijdig",\N,\N,\N,"Daglicht",\N,\N,"263190038","Ringbaan-Zuid","Tilburg","Tilburg","Noord-Brabant",false,51.544106,5.054893,"injury","2","unknown",false,1,"GM0855"
"20230078140",2023,"Letsel",1,"Fiets",\N,"Eenzijdig",\N,50,\N,"Daglicht",\N,\N,"600934745","Rijnstraat","'s-Gravenhage","'s-Gravenhage","Zuid-Holland",false,52.08103,4.32252,"injury","2","unknown",false,1,"GM0518"
"20230005508",2023,"Uitsluitend materiele schade",2,"Bromfiets","Fiets","Flank","Kruispunt, 4 takken",50,"Niet brandend","Daglicht","Droog",\N,\N,"Einthovenweg","Leiden","Leiden","Zuid-Holland",false,52.166386,4.476209,"material damage only","4","clear",false,1,"GM0546"
"20230010026",2023,"Uitsluitend materiele schade",2,"Personenauto","Fiets","Onbekend","Bocht",50,"Niet brandend","Daglicht","Droog",\N,\N,"Derksstraat","Emmen","Emmen","Drenthe",false,52.788345,6.894853,"material damage only","4","clear",false,1,"GM0114"
"20230028582",2023,"Uitsluitend materiele schade",1,"Fiets",\N,"Onbekend",\N,50,\N,"Daglicht",\N,\N,"600775200","Spoorlaan","Tilburg","Tilburg","Noord-Brabant",false,51.559578,5.095433,"material damage only","4","unknown",false,1,"GM0855"
"20230093982",2023,"Dodelijk",2,\N,"Fiets","Eenzijdig","Kruispunt, 4 takken",50,"Niet brandend","Daglicht","Droog",\N,\N,"Molenstraat","Haaksbergen","Haaksbergen","Overijssel",false,52.152968,6.741507,"fatal","1","clear",false,1,"GM0158"
"20230006061",2023,"Letsel",3,"Fiets","Fiets","Onbekend","Rechte weg",30,"Niet brandend","Daglicht","Droog",\N,"171311035","Distelweide","Voorburg","Leidschendam-Voorburg","Zuid-Holland",false,52.087173,4.37498,"injury","2","clear",false,1,"GM1916"
"20230006584",2023,"Letsel",2,"Personenauto","Fiets","Flank","Rotonde",50,"Niet brandend","Daglicht","Droog","Brug/viaduct",\N,"Korte Brug","Gorinchem","Gorinchem","Zuid-Holland",false,51.831275,4.967555,"injury","2","clear",false,1,"GM0512"
"20230010096",2023,"Letsel",2,"Fiets","Voetganger","Voetganger","Rechte weg",50,"Niet brandend","Daglicht","Droog",\N,"600970927","Stadhouderslaan","Groningen","Groningen","Groningen",false,53.22534,6.549945,"injury","2","clear",false,1,"GM0014"
"20230021286",2023,"Letsel",1,"Fiets",\N,"Eenzijdig",\N,50,\N,"Duisternis",\N,\N,"187327079","Hooigracht","Leiden","Leiden","Zuid-Holland",false,52.157302,4.495345,"injury","2","unknown",false,1,"GM0546"
"20240006569",2024,"Letsel",2,"Fiets","Voetganger","Flank","Rechte weg",30,"Niet brandend","Daglicht","Droog",\N,"297338035","Brink","Baarn","Baarn","Utrecht",false,52.212091,5.292588,"injury","2","clear",false,1,"GM0308"
"20230037245",2023,"Uitsluitend materiele schade",2,"Bestelauto","Fiets","Flank","Bocht",50,"Niet brandend","Daglicht","Droog",\N,"354408081","Gangboord","Dronten","Dronten","Flevoland",false,52.52648,5.714481,"material damage only","4","clear",false,1,"GM0303"
"20240014037",2024,"Uitsluitend materiele schade",2,"Personenauto","Fiets","Flank","Rotonde",50,"Niet brandend","Daglicht","Droog",\N,\N,"Mercuriuslaan","Eindhoven","Eindhoven","Noord-Brabant",false,51.475421,5.492856,"material damage only","4","clear",false,1,"GM0772"
"20240006630",2024,"Uitsluitend materiele schade",1,"Fiets",\N,"Onbekend","Rechte weg",\N,"Niet brandend","Daglicht","Droog","Brug/viaduct","600778366","Oude Liesbosweg","Utrecht","Utrecht","Utrecht",false,52.067468,5.132,"material damage only","4","clear",false,1,"GM0344"
"20240017580",2024,"Letsel",2,"Bestelauto","Fiets","Flank","Kruispunt, 4 takken",50,"Brandend","Duisternis","Droog",\N,\N,"Raapopseweg","Arnhem","Arnhem","Gelderland",false,51.990924,5.932729,"injury","2","clear",false,1,"GM0202"
"20240020873",2024,"Letsel",1,"Fiets",\N,"Onbekend","Kruispunt, 3 takken",50,"Niet brandend","Schemer","Droog",\N,\N,"Nieuweveensepad","'s-Gravenhage","'s-Gravenhage","Zuid-Holland",false,52.055752,4.400262,"injury","2","clear",false,1,"GM0518"
"20240035747",2024,"Uitsluitend materiele schade",2,"Fiets","Motor","Flank","Rechte weg",30,"Niet brandend","Daglicht","Droog",\N,"414349042","Boxbergerweg","Deventer","Deventer","Overijssel",false,52.260369,6.150757,"material damage only","4","clear",false,1,"GM0150"
"20240034728",2024,"Letsel",2,"Fiets","Fiets","Flank","Kruispunt, 3 takken",30,"Niet brandend","Daglicht","Droog",\N,\N,"Heugemerweg","Maastricht","Maastricht","Limburg",false,50.845721,5.706071,"injury","2","clear",false,1,"GM0935"
"20240034752",2024,"Letsel",2,"Personenauto","Fiets","Flank","Kruispunt, 3 takken",50,"Niet brandend","Daglicht","Droog",\N,\N,"VERLOREN VAN THEMAATWEG","Holtum","Sittard-Geleen","Limburg",false,51.049107,5.81598,"injury","2","clear",false,1,"GM1883"
"20240030571",2024,"Uitsluitend materiele schade",2,"Bromfiets","Fiets","Flank","Kruispunt, 4 takken",50,"Brandend","Duisternis","Droog",\N,\N,"Wibautstraat","Amsterdam","Amsterdam","Noord-Holland",false,52.356352,4.910743,"material damage only","4","clear",false,1,"GM0363"
"20240039925",2024,"Uitsluitend materiele schade",2,"Fiets","Personenauto","Frontaal","Kruispunt, 4 takken",30,"Niet brandend","Daglicht","Droog",\N,\N,"Amsterdamse Veerkade","'s-Gravenhage","'s-Gravenhage","Zuid-Holland",false,52.075402,4.316555,"material damage only","4","clear",false,1,"GM0518"
"20240035882",2024,"Uitsluitend materiele schade",2,"Personenauto","Fiets","Flank","Kruispunt, 3 takken",50,"Niet brandend","Daglicht","Droog",\N,\N,"Veemarkt","Tiel","Tiel","Gelderland",false,51.888286,5.43103,"material damage only","4","clear",false,1,"GM0281"
"20240016446",2024,"Uitsluitend materiele schade",2,"Personenauto","Fiets","Flank","Kruispunt, 4 takken",50,"Niet brandend","Daglicht","Droog",\N,\N,"Napoleonsbaan Noord","Baarlo","Peel en Maas","Limburg",false,51.337799,6.098516,"material damage only","4","clear",false,1,"GM1894"
"20240019653",2024,"Letsel",2,"Bestelauto","Fiets","Flank","Kruispunt, 3 takken",60,"Niet brandend","Daglicht","Droog",\N,\N,"Windmolenweg","Enschede","Enschede","Overijssel",false,52.215715,6.806557,"injury","2","clear",false,1,"GM0153"
"20240004560",2024,"Letsel",2,"Personenauto","Fiets","Onbekend",\N,30,\N,"Daglicht",\N,\N,\N,"Stadhouderslaan","Wolvega","Weststellingwerf","Friesland",false,52.870218,5.986594,"injury","2","unknown",false,1,"GM0098"
"20240020739",2024,"Letsel",2,"Personenauto","Fiets","Flank","Rotonde",50,"Niet brandend","Daglicht","Droog",\N,\N,"Saskia van Uylenburgweg","Amstelveen","Amstelveen","Noord-Holland",false,52.317401,4.878854,"injury","2","clear",false,1,"GM0362"
"20240017370",2024,"Letsel",2,"Personenauto","e-bike","Flank","Kruispunt, 4 takken",30,"Niet brandend","Daglicht","Droog",\N,\N,"Korenbloem","Heino","Raalte","Overijssel",false,52.428913,6.240822,"injury","2","clear",false,1,"GM0177"
"20240019878",2024,"Uitsluitend materiele schade",2,"Personenauto","Fiets","Flank","Kruispunt, 3 takken",50,"Niet brandend","Daglicht","Droog","Spoorwegovergang",\N,"A.G. Hofkeslaan","Velp","Rheden","Gelderland",false,51.996147,5.983829,"material damage only","4","clear",false,1,"GM0275"
"20240024504",2024,"Uitsluitend materiele schade",2,"Bestelauto","Fiets","Los voorwerp","Kruispunt, 3 takken",80,"Niet brandend","Daglicht","Droog",\N,\N,"Aartserfweg","Grubbenvorst","Horst aan de Maas","Limburg",false,51.420629,6.083699,"material damage only","4","clear",false,1,"GM1507"
"20240029307",2024,"Uitsluitend materiele schade",2,"Personenauto","Fiets","Onbekend","Kruispunt, 4 takken",50,"Niet brandend","Daglicht","Droog",\N,\N,"Emmeloordseweg","Marknesse","Noordoostpolder","Flevoland",false,52.707729,5.8628,"material damage only","4","clear",false,1,"GM0171"
"20240028089",2024,"Letsel",2,"Bromfiets","Fiets","Flank","Kruispunt, 4 takken",30,"Niet brandend","Daglicht","Droog",\N,\N,"FIETSPAD","Heerhugowaard","Dijk en Waard","Noord-Holland",false,52.671535,4.860055,"injury","2","clear",false,1,"GM1980"
"20240028210",2024,"Letsel",1,"Fiets",\N,"Onbekend",\N,50,\N,"Duisternis",\N,\N,"600752302","Frieseweg","Alkmaar","Alkmaar","Noord-Holland",false,52.633036,4.754226,"injury","2","unknown",false,1,"GM0361"
"20240031775",2024,"Letsel",2,"Fiets","Fiets","Onbekend","Rechte weg",80,"Niet brandend","Daglicht","Droog","Brug/viaduct","210259037","De Helling","Alblasserdam","Alblasserdam","Zuid-Holland",false,51.855995,4.668097,"injury","2","clear",false,1,"GM0482"
"20240032690",2024,"Letsel",2,"Vrachtauto","Fiets","Flank","Rotonde",50,"Niet brandend","Daglicht","Regen",\N,\N,"Edisonweg","Alblasserdam","Alblasserdam","Zuid-Holland",false,51.859181,4.674926,"injury","2","rain",false,1,"GM0482"
"20240035153",2024,"Letsel",1,"Fiets",\N,"Onbekend",\N,50,\N,"Daglicht",\N,\N,"601072965","Kerkstraat","Boekel","Boekel","Noord-Brabant",false,51.603264,5.673764,"injury","2","unknown",false,1,"GM0755"
"20240035163",2024,"Letsel",2,"Personenauto","Fiets","Flank","Rotonde",50,"Niet brandend","Daglicht","Droog",\N,\N,"Gentelaan","Maastricht","Maastricht","Limburg",false,50.855646,5.665885,"injury","2","clear",false,1,"GM0935"
"20220154696",2022,"Letsel",3,"Personenauto","Fiets","Onbekend","Rechte weg",60,"Niet brandend","Daglicht","Droog",\N,"600748322","Hoofdweg","Hoofddorp","Haarlemmermeer","Noord-Holland",false,52.319628,4.712508,"injury","2","clear",false,1,"GM0394"
"20220177686",2022,"Uitsluitend materiele schade",2,"Bestelauto","Fiets","Flank","Kruispunt, 4 takken",30,"Niet brandend","Daglicht","Droog",\N,\N,"Cabralstraat","Amsterdam","Amsterdam","Noord-Holland",false,52.369592,4.854167,"material damage only","4","clear",false,1,"GM0363"
"20220178949",2022,"Uitsluitend materiele schade",2,"e-bike","Personenauto","Flank","Rotonde",\N,"Niet brandend","Daglicht","Droog",\N,\N,"Westkanaalweg","Ter Aar","Nieuwkoop","Zuid-Holland",false,52.165588,4.709423,"material damage only","4","clear",false,1,"GM0569"
"20220188481",2022,"Uitsluitend materiele schade",2,"Bestelauto","Fiets","Flank","Rotonde",50,"Niet brandend","Daglicht","Droog",\N,\N,"Leenderweg","Valkenswaard","Valkenswaard","Noord-Brabant",false,51.352431,5.492464,"material damage only","4","clear",false,1,"GM0858"
"20220126667",2022,"Letsel",1,"Fiets",\N,"Eenzijdig","Rechte weg",50,"Brandend","Duisternis","Droog",\N,"184332007","Terweeweg","Oegstgeest","Oegstgeest","Zuid-Holland",false,52.181017,4.47089,"injury","2","clear",false,1,"GM0579"
"20220144605",2022,"Letsel",2,"Fiets","Fiets","Flank","Kruispunt, 4 takken",30,"Niet brandend","Daglicht","Droog",\N,\N,"Parmentierweg","Leiden","Leiden","Zuid-Holland",false,52.1678,4.487715,"injury","2","clear",false,1,"GM0546"
"20220149330",2022,"Uitsluitend materiele schade",2,"Bromfiets","Fiets","Onbekend","Rechte weg",80,"Niet brandend","Daglicht","Droog",\N,"369200003","Gemertseweg","Oploo","Land van Cuijk","Noord-Brabant",false,51.59556,5.823457,"material damage only","4","clear",false,1,"GM1982"
"20220168371",2022,"Letsel",2,"Personenauto","e-bike","Flank","Kruispunt, 3 takken",60,"Niet brandend","Daglicht","Droog",\N,\N,"Oude Rijssenseweg","Markelo","Hof van Twente","Overijssel",false,52.248754,6.502516,"injury","2","clear",false,1,"GM1735"
"20220178403",2022,"Letsel",2,"Bromfiets","Fiets","Onbekend","Rechte weg",80,"Niet aanwezig","Daglicht","Droog",\N,"219304050","Goudsestraatweg","Reeuwijk","Bodegraven-Reeuwijk","Zuid-Holland",false,52.056284,4.728972,"injury","2","clear",false,1,"GM1901"
"20220178955",2022,"Letsel",1,"Fiets",\N,"Eenzijdig","Rechte weg",50,"Brandend","Duisternis","Droog","Tunnel","600719844","Felix Timmermanspad","Delft","Delft","Zuid-Holland",false,51.991993,4.350035,"injury","2","clear",false,1,"GM0503"
"20220143378",2022,"Uitsluitend materiele schade",2,"Fiets","Personenauto","Flank","Kruispunt, 4 takken",50,"Niet brandend","Daglicht","Droog",\N,\N,"Hildebrandstraat","'s-Gravenhage","'s-Gravenhage","Zuid-Holland",false,52.05574,4.311784,"material damage only","4","clear",false,1,"GM0518"
"20220145703",2022,"Uitsluitend materiele schade",2,"Personenauto","Fiets","Flank","Rotonde",50,"Niet brandend","Daglicht","Droog",\N,\N,"Eemsteynstraat","Dordrecht","Dordrecht","Zuid-Holland",false,51.802031,4.680736,"material damage only","4","clear",false,1,"GM0505"
"20220160126",2022,"Letsel",2,"Personenauto","e-bike","Flank","Kruispunt, 3 takken",30,"Brandend","Daglicht","Droog",\N,\N,"Waterrand","Gemert","Gemert-Bakel","Noord-Brabant",false,51.550867,5.699387,"injury","2","clear",false,1,"GM1652"
"20220180911",2022,"Letsel",2,"e-bike","e-bike","Frontaal","Rechte weg",60,"Niet aanwezig","Duisternis","Droog",\N,"600481937","Stationsweg","Lisse","Lisse","Zuid-Holland",true,52.265301,4.548269,"injury","2","clear",false,1,"GM0553"
"20220183911",2022,"Letsel",2,"Personenauto","Fiets","Flank","Rechte weg",50,"Niet brandend","Daglicht","Droog",\N,"600926733","Rembrandtstraat","Oud-Beijerland","Hoeksche Waard","Zuid-Holland",false,51.815456,4.413996,"injury","2","clear",false,1,"GM1963"
"20220183956",2022,"Letsel",3,"Personenauto","Fiets","Onbekend","Rotonde",50,"Niet brandend","Daglicht","Droog",\N,\N,"Over de Vesten","Schiedam","Schiedam","Zuid-Holland",false,51.912268,4.398918,"injury","2","clear",false,1,"GM0606"
"20220197277",2022,"Uitsluitend materiele schade",2,"Fiets","Personenauto","Flank","Kruispunt, 4 takken",30,"Niet brandend","Daglicht",\N,\N,\N,"Grote Voort","Zwolle","Zwolle","Overijssel",false,52.532126,6.103516,"material damage only","4","unknown",false,1,"GM0193"
"20220197281",2022,"Uitsluitend materiele schade",2,"Personenauto","Fiets","Flank","Kruispunt, 4 takken",30,"Niet brandend","Daglicht","Droog",\N,\N,"Schemering","Arnhem","Arnhem","Gelderland",false,51.947223,5.84011,"material damage only","4","clear",false,1,"GM0202"
"20220118240",2022,"Uitsluitend materiele schade",2,"Personenauto","Fiets","Flank","Bocht",50,"Niet brandend","Daglicht","Droog",\N,"389339089","Koningshaven","Apeldoorn","Apeldoorn","Gelderland",false,52.214353,5.968779,"material damage only","4","clear",false,1,"GM0200"
"20220126735",2022,"Uitsluitend materiele schade",3,"e-bike","Fiets","Onbekend","Rechte weg",\N,"Niet brandend","Daglicht","Droog",\N,"187327217","Haarlemmerstraat","Leiden","Leiden","Zuid-Holland",false,52.160337,4.490639,"material damage only","4","clear",false,1,"GM0546"
"20220138923",2022,"Uitsluitend materiele schade",2,"Snorfiets","Fiets","Onbekend","Rechte weg",30,"Niet brandend","Daglicht","Droog","Brug/viaduct","600545108","FIETSPAD","Urk","Urk","Flevoland",false,52.658299,5.614089,"material damage only","4","clear",false,1,"GM0184"
"20220146581",2022,"Letsel",3,"Personenauto","Fiets","Los voorwerp","Rechte weg",50,"Niet brandend","Daglicht","Droog",\N,"206242025","Pieter Zeemanweg","Dordrecht","Dordrecht","Zuid-Holland",false,51.776632,4.640552,"injury","2","clear",false,1,"GM0505"
"20220156292",2022,"Letsel",2,"Personenauto","Fiets","Flank","Rechte weg",60,"Niet brandend","Daglicht","Droog",\N,"198362007","Bartenweg","Hillegom","Hillegom","Zuid-Holland",false,52.314875,4.571198,"injury","2","clear",false,1,"GM0534"
"20220162657",2022,"Uitsluitend materiele schade",2,"Personenauto","Fiets","Flank","Kruispunt, 4 takken",30,"Niet brandend","Daglicht","Regen",\N,\N,"Stationsplein","Leeuwarden","Leeuwarden","Friesland",false,53.196873,5.793383,"material damage only","4","rain",false,1,"GM0080"
"20220172254",2022,"Uitsluitend materiele schade",2,"Fiets","Fiets","Flank","Rechte weg",30,"Niet brandend","Daglicht","Droog",\N,"295337030","Stationsplein","Baarn","Baarn","Utrecht",false,52.208485,5.283907,"material damage only","4","clear",false,1,"GM0308"
"20220185890",2022,"Uitsluitend materiele schade",3,"Bestelauto","e-bike","Flank","Rechte weg",50,"Niet brandend","Daglicht","Droog",\N,\N,"Brandsestraat","Kaatsheuvel","Loon op Zand","Noord-Brabant",false,51.660328,5.027464,"material damage only","4","clear",false,1,"GM0809"