"accident_id","year","severity_raw","party_count","party1_type","party2_type","accident_type","road_situation","speed_limit_kmh","road_lighting","light_condition_label","weather_raw","infra_type","road_segment_id","street_name","place_name","gemeente_name_raw","province","alcohol_indicated","latitude","longitude","severity_label","severity_code","weather_label","built_up_area","cyclists_involved","gemeente_code"
"20240098190",2024,"Uitsluitend materiele schade",2,"Personenauto","Fiets","Onbekend","Kruispunt, 4 takken",30,"Niet brandend","Daglicht","Droog",\N,\N,"Kerkstraat","Moerkapelle","Zuidplas","Zuid-Holland",false,52.043797,4.575854,"material damage only","4","clear",false,1,"GM1892"
"20240079690",2024,"Letsel",2,"Personenauto","Fiets","Flank","Kruispunt, 3 takken",30,"Niet brandend","Daglicht","Droog",\N,\N,"Osdorper Ban","Amsterdam","Amsterdam","Noord-Holland",false,52.361676,4.798021,"injury","2","clear",false,1,"GM0363"
"20240082272",2024,"Uitsluitend materiele schade",2,"Bestelauto","Fiets","Flank","Kruispunt, 4 takken",50,"Niet brandend","Daglicht","Droog",\N,\N,"Ringbaan-Noord","Tilburg","Tilburg","Noord-Brabant",false,51.576897,5.087851,"material damage only","4","clear",false,1,"GM0855"
"20240092250",2024,"Uitsluitend materiele schade",2,"Bestelauto","Fiets","Los voorwerp","Kruispunt, 4 takken",50,"Niet brandend","Daglicht","Droog",\N,\N,"Leudalweg","Neer","Leudal","Limburg",false,51.258059,5.977985,"material damage only","4","clear",false,1,"GM1640"
"20240095087",2024,"Letsel",2,"Personenauto","Fiets","Flank","Rotonde",50,"Niet brandend","Schemer","Droog",\N,\N,"Burgemeester Snaterlaan","Oude Pekela","Pekela","Groningen",false,53.105648,7.005663,"injury","2","clear",false,1,"GM0765"
"20240077947",2024,"Uitsluitend materiele schade",2,"Fiets","Fiets","Flank","Kruispunt, 3 takken",30,"Niet brandend","Daglicht","Droog",\N,\N,"Doeffstraat","Arnhem","Arnhem","Gelderland",false,51.976402,5.950561,"material damage only","4","clear",false,1,"GM0202"
"20240092877",2024,"Uitsluitend materiele schade",2,"Bestelauto","Fiets","Flank","Rotonde",30,"Niet brandend","Daglicht","Droog",\N,\N,"Bundersweg","Veghel","Meierijstad","Noord-Brabant",false,51.623085,5.557052,"material damage only","4","clear",false,1,"GM1948"
"20240094213",2024,"Letsel",3,"Personenauto","Fiets","Flank","Rechte weg",60,"Niet brandend","Daglicht","Droog",\N,"325341008","Bloemendaalseweg","Nijkerk","Nijkerk","Gelderland",false,52.225364,5.513054,"injury","2","clear",false,1,"GM0267"
"20240097668",2024,"Uitsluitend materiele schade",2,"Personenauto","Fiets","Kop/staart","Rechte weg",50,"Niet brandend","Daglicht","Regen",\N,"161300078","Prinses Margrietsingel","Rijswijk","Rijswijk","Zuid-Holland",false,52.035055,4.308342,"material damage only","4","rain",false,1,\N
"20240073338",2024,"Uitsluitend materiele schade",2,\N,"Fiets","Onbekend","Kruispunt, 4 takken",50,"Niet brandend","Daglicht","Droog",\N,\N,"Hurksestraat","Eindhoven","Eindhoven","Noord-Brabant",false,51.429017,5.447386,"material damage only","4","clear",false,1,"GM0772"
"20240073992",2024,"Uitsluitend materiele schade",2,"Fiets","Personenauto","Frontaal","Kruispunt, 4 takken",30,"Niet brandend","Daglicht","Droog",\N,\N,"Salvador Dalístraat","Vlissingen","Vlissingen","Zeeland",false,51.455107,3.565622,"material damage only","4","clear",false,1,"GM0718"
"20240082340",2024,"Uitsluitend materiele schade",2,"Personenauto","Fiets","Frontaal","Bocht",30,"Niet brandend","Daglicht","Regen",\N,"600905324","Brempad","Geffen","Oss","Noord-Brabant",false,51.739499,5.471539,"material damage only","4","rain",false,1,"GM0828"
"20240092930",2024,"Letsel",2,"Snorfiets","Fiets","Onbekend","Rechte weg",50,"Niet brandend","Daglicht","Droog",\N,"334174078","Nuenderbeeksepad","Nuenen","Nuenen, Gerwen en Nederwetten","Noord-Brabant",false,51.473174,5.560506,"injury","2","clear",false,1,"GM0820"
"20240041155",2024,"Letsel",2,"Snorfiets","Fiets","Onbekend","Rechte weg",50,"Niet brandend","Daglicht","Droog",\N,"600767193","Westeinde","Berkhout","Koggenland","Noord-Holland",false,52.636771,4.958045,"injury","2","clear",false,1,"GM1598"
"20240049120",2024,"Letsel",2,"Personenauto","Fiets","Kop/staart","Rechte weg",50,"Niet brandend","Daglicht","Droog",\N,"600857578","Sint Jansgildestraat","Beek","Montferland","Gelderland",false,51.910865,6.191736,"injury","2","clear",false,1,"GM1955"
"20240092740",2024,"Uitsluitend materiele schade",1,"Fiets",\N,"Onbekend","Bocht",50,"Niet brandend","Daglicht","Droog",\N,"601243647","Cauberg","Valkenburg","Valkenburg aan de Geul","Limburg",false,50.857235,5.821405,"material damage only","4","clear",false,1,"GM0994"
"20240046797",2024,"Letsel",2,"Bromfiets","Fiets","Flank","Rechte weg",30,"Niet brandend","Daglicht","Droog",\N,"601079903","Brugweg","Westervoort","Westervoort","Gelderland",false,51.96664,5.963378,"injury","2","clear",false,1,"GM0293"
"20240090861",2024,"Letsel",2,"Personenauto","Fiets","Flank","Kruispunt, 4 takken",30,"Niet brandend","Daglicht","Droog",\N,\N,"Langendijk","Tilburg","Tilburg","Noord-Brabant",false,51.597759,4.967796,"injury","2","clear",false,1,"GM0855"
"20240093033",2024,"Letsel",2,"Fiets","Personenauto","Onbekend","Rechte weg",50,"Niet brandend","Daglicht","Droog",\N,"350176094","Straakvense Bosdijk","Helmond","Helmond","Noord-Brabant",false,51.48324,5.680012,"injury","2","clear",false,1,"GM0794"
"20240046830",2024,"Uitsluitend materiele schade",2,"Personenauto","e-bike","Frontaal","Kruispunt, 3 takken",30,"Niet brandend","Daglicht","Droog",\N,\N,"Kievitstraat","Ommen","Ommen","Overijssel",false,52.52786,6.410848,"material damage only","4","clear",false,1,"GM0175"
"20240088972",2024,"Letsel",2,"Bromfiets","Fiets","Onbekend","Rechte weg",50,"Niet brandend","Daglicht","Droog",\N,\N,"Zonneweide","Bodegraven","Bodegraven-Reeuwijk","Zuid-Holland",false,52.081348,4.75379,"injury","2","clear",false,1,"GM1901"
"20240088979",2024,"Letsel",1,"Fiets",\N,"Onbekend",\N,50,\N,"Daglicht",\N,\N,"156314044","Visafslagweg","'s-Gravenhage","'s-Gravenhage","Zuid-Holland",false,52.100568,4.264208,"injury","2","unknown",false,1,"GM0518"
"20240098716",2024,"Uitsluitend materiele schade",2,"Bromfiets","Fiets","Frontaal","Rechte weg",50,"Brandend","Duisternis","Droog",\N,"221351002","Aalsmeerderdijk","Aalsmeerderbrug","Haarlemmermeer","Noord-Holland",false,52.267706,4.737956,"material damage only","4","clear",false,1,"GM0394"
"20240101938",2024,"Uitsluitend materiele schade",2,"Personenauto","Fiets","Flank","Kruispunt, 3 takken",50,"Niet brandend","Daglicht","Droog",\N,\N,"Haspengouw","Maastricht","Maastricht","Limburg",false,50.833337,5.720164,"material damage only","4","clear",false,1,"GM0935"
"20240102071",2024,"Letsel",2,"Snorfiets","Fiets","Kop/staart","Rechte weg",\N,"Niet brandend","Daglicht","Droog","Tunnel","296222144","Stationstunnel","'s-Hertogenbosch","'s-Hertogenbosch","Noord-Brabant",false,51.691213,5.294546,"injury","2","clear",false,1,"GM0796"
"20240102203",2024,"Letsel",2,"Personenauto","Fiets","Geparkeerd voertuig","Rechte weg",50,"Niet brandend","Daglicht","Droog",\N,"293223037","Boschmeersingel","'s-Hertogenbosch","'s-Hertogenbosch","Noord-Brabant",false,51.692253,5.271644,"injury","2","clear",false,1,"GM0796"
"20240102256",2024,"Uitsluitend materiele schade",2,"Personenauto","Fiets","Los voorwerp","Kruispunt, 4 takken",60,"Niet brandend","Daglicht","Droog",\N,\N,"Toekomstweg","Diessen","Hilvarenbeek","Noord-Brabant",false,51.451815,5.199407,"material damage only","4","clear",false,1,"GM0798"
"20240102485",2024,"Letsel",1,"Fiets",\N,"Onbekend",\N,\N,\N,"Daglicht",\N,\N,"354016005","Kapelkesstraat","Eijsden","Eijsden-Margraten","Limburg",false,50.764807,5.704679,"injury","2","unknown",false,1,"GM1903"
"20240085084",2024,"Uitsluitend materiele schade",2,"Fiets","Bromfiets","Frontaal","Rechte weg",50,"Niet brandend","Daglicht","Droog",\N,"468562122","Hereweg","Groningen","Groningen","Groningen",false,53.211441,6.570939,"material damage only","4","clear",false,1,"GM0014"
"20240089656",2024,"Uitsluitend materiele schade",2,"e-bike","Personenauto","Flank","Rotonde",30,"Niet brandend","Daglicht","Droog",\N,\N,"Stresemannlaan","Haarlem","Haarlem","Noord-Holland",false,52.357526,4.657319,"material damage only","4","clear",false,1,"GM0392"
"20240094045",2024,"Uitsluitend materiele schade",2,"Personenauto","Fiets","Flank","Kruispunt, 4 takken",30,"Niet brandend","Daglicht","Droog",\N,\N,"Vredeveldseweg","Assen","Assen","Drenthe",false,52.990895,6.577267,"material damage only","4","clear",false,1,"GM0106"
"20240103311",2024,"Letsel",2,"Bromfiets","Fiets","Frontaal","Rechte weg",30,"Niet brandend","Daglicht","Droog",\N,"600944676","Oude Steenstraat","Oud Gastel","Halderberge","Noord-Brabant",false,51.583455,4.47374,"injury","2","clear",false,1,"GM1655"
"20240098917",2024,"Letsel",1,"Fiets",\N,"Eenzijdig","Rechte weg",30,"Niet brandend","Daglicht","Droog",\N,"601012943","Westerblokker","Blokker","Hoorn","Noord-Holland",false,52.66056,5.087218,"injury","2","clear",false,1,"GM0405"
"20240071032",2024,"Letsel",2,"Personenauto","Fiets","Flank","Kruispunt, 3 takken",50,"Niet brandend","Daglicht","Droog",\N,\N,"Haydnlaan","Maassluis","Maassluis","Zuid-Holland",false,51.924594,4.242784,"injury","2","clear",false,1,"GM0556"
"20240071041",2024,"Uitsluitend materiele schade",2,"Bestelauto","Fiets","Flank","Kruispunt, 3 takken",50,"Niet brandend","Daglicht","Droog",\N,\N,"Westzeedijk","Rotterdam","Rotterdam","Zuid-Holland",false,51.90926,4.470797,"material damage only","4","clear",false,1,"GM0599"
"20240072669",2024,"Uitsluitend materiele schade",2,"Personenauto","Fiets","Flank","Rechte weg",30,"Niet brandend","Daglicht","Droog",\N,"601032311","De Run 7200","Veldhoven","Veldhoven","Noord-Brabant",false,51.400055,5.407359,"material damage only","4","clear",false,1,"GM0861"
"20240075885",2024,"Letsel",2,"Fiets","Personenauto","Voetganger","Kruispunt, 3 takken",50,"Niet brandend","Daglicht","Droog",\N,\N,"Stationsweg","Drachten","Smallingerland","Friesland",false,53.117451,6.096008,"injury","2","clear",false,1,"GM0090"
"20240078162",2024,"Uitsluitend materiele schade",3,"Fiets","Fiets","Flank","Kruispunt, 4 takken",30,"Niet brandend","Daglicht","Droog",\N,\N,"IJsselstraat","Nieuwegein","Nieuwegein","Utrecht",true,52.007937,5.100043,"material damage only","4","clear",false,1,"GM0356"
"20240081896",2024,"Letsel",2,"Personenauto","Fiets","Flank","Kruispunt, 4 takken",50,"Niet brandend","Daglicht","Droog",\N,\N,"Tak van Poortvlietstraat","'s-Gravenhage","'s-Gravenhage","Zuid-Holland",false,52.06128,4.317345,"injury","2","clear",false,1,"GM0518"
"20240089054",2024,"Letsel",2,"Personenauto","Fiets","Flank","Kruispunt, 3 takken",50,"Niet brandend","Daglicht","Droog",\N,\N,"Albinusdreef","Leiden","Leiden","Zuid-Holland",false,52.167622,4.478145,"injury","2","clear",false,1,"GM0546"
"20240089071",2024,"Uitsluitend materiele schade",1,"Fiets",\N,"Onbekend","Bocht",30,"Niet aanwezig","Daglicht","Droog",\N,"196321006","Rijndijk","Hazerswoude-Rijndijk","Alphen aan den Rijn","Zuid-Holland",false,52.132746,4.55622,"material damage only","4","clear",false,1,"GM0484"
"20240094449",2024,"Letsel",2,"Personenauto","Fiets","Flank","Rotonde",50,"Niet brandend","Daglicht","Droog",\N,\N,"Zandlaan","Ede","Ede","Gelderland",false,52.019297,5.67204,"injury","2","clear",false,1,"GM0228"
"20240094452",2024,"Letsel",2,"Personenauto","Fiets","Flank","Rechte weg",60,"Niet brandend","Daglicht","Droog",\N,\N,"Hessenweg","Lunteren","Ede","Gelderland",false,52.104349,5.637072,"injury","2","clear",false,1,"GM0228"
"20240097053",2024,"Letsel",1,"Fiets",\N,"Onbekend","Rechte weg",30,"Brandend","Duisternis","Droog",\N,"342358095","Stationsstraat","Ermelo","Ermelo","Gelderland",false,52.300546,5.627206,"injury","2","clear",false,1,"GM0233"
"20240044121",2024,"Uitsluitend materiele schade",1,"Fiets",\N,"Onbekend","Rechte weg",80,"Niet brandend","Daglicht","Droog",\N,"302193005","Oirschotseweg","Boxtel","Boxtel","Noord-Brabant",false,51.560255,5.33171,"material damage only","4","clear",false,1,"GM0757"
"20240050610",2024,"Letsel",1,"Fiets",\N,"Onbekend","Rechte weg",30,"Niet brandend","Daglicht","Droog",\N,"188308017","Fregatwerf","Zoetermeer","Zoetermeer","Zuid-Holland",false,52.073785,4.502873,"injury","2","clear",false,1,"GM0637"
"20240083924",2024,"Letsel",2,"Personenauto","Fiets","Onbekend","Rechte weg",60,"Niet aanwezig","Daglicht","Droog",\N,"335178002","Lieshoutseweg","Nuenen","Nuenen, Gerwen en Nederwetten","Noord-Brabant",false,51.495054,5.569631,"injury","2","clear",false,1,"GM0820"
"20240085815",2024,"Uitsluitend materiele schade",2,"Personenauto","Fiets","Flank","Rotonde",50,"Niet brandend","Daglicht","Droog",\N,\N,"Diamantlaan","Groningen","Groningen","Groningen",false,53.225304,6.526682,"material damage only","4","clear",false,1,"GM0014"
"20240089103",2024,"Uitsluitend materiele schade",2,\N,"Fiets","Kop/staart","Rechte weg",30,"Niet brandend","Daglicht","Droog",\N,"600159601","Veenkade","'s-Gravenhage","'s-Gravenhage","Zuid-Holland",false,52.0786,4.299521,"material damage only","4","clear",false,1,"GM0518"
"20240089112",2024,"Uitsluitend materiele schade",2,"Fiets","Fiets","Flank","Rechte weg",30,"Niet brandend","Daglicht","Droog","Tunnel","600627872","Beethovenstraat","Amsterdam","Amsterdam","Noord-Holland",false,52.339324,4.877058,"material damage only","4","clear",false,1,"GM0363"
"20240094477",2024,"Letsel",1,"Fiets",\N,"Kop/staart","Rechte weg",80,"Niet aanwezig","Daglicht","Droog",\N,"322286001","Rijnbandijk","Ingen","Buren","Gelderland",false,51.977391,5.4856,"injury","2","clear",false,1,"GM0214"
"20240099398",2024,"Uitsluitend materiele schade",2,"Personenauto","Fiets","Onbekend","Kruispunt, 4 takken",30,"Niet brandend","Daglicht","Droog",\N,\N,"Hakvoortseweg","Hilvarenbeek","Hilvarenbeek","Noord-Brabant",false,51.487746,5.142166,"material damage only","4","clear",false,1,"GM0798"
"20240100686",2024,"Letsel",1,"Fiets",\N,"Onbekend","Rechte weg",30,"Niet brandend","Daglicht","Regen",\N,"600529861","Plantagelaan","Leiden","Leiden","Zuid-Holland",false,52.155034,4.502975,"injury","2","rain",false,1,"GM0546"
"20240044157",2024,"Uitsluitend materiele schade",2,"Personenauto","Fiets","Onbekend","Kruispunt, 4 takken",30,"Niet brandend","Daglicht","Regen",\N,\N,"Piushaven","Tilburg","Tilburg","Noord-Brabant",false,51.552533,5.092729,"material damage only","4","rain",false,1,"GM0855"
"20240073644",2024,"Uitsluitend materiele schade",2,"Personenauto","Fiets","Flank","Rechte weg",30,"Niet brandend","Daglicht","Droog",\N,"600681907","Sweelincklaan","Tilburg","Tilburg","Noord-Brabant",false,51.5821,5.102222,"material damage only","4","clear",false,1,"GM0855"
"20240075348",2024,"Uitsluitend materiele schade",2,"Fiets","Personenauto","Flank","Rotonde",80,"Niet brandend","Daglicht","Droog",\N,\N,"FIETSPAD","Zeddam","Montferland","Gelderland",false,51.897699,6.257592,"material damage only","4","clear",false,1,"GM1955"
"20240086500",2024,"Letsel",2,"Personenauto","Fiets","Flank","Kruispunt, 3 takken",50,"Niet brandend","Daglicht","Droog",\N,\N,"De Drieslag","Dronten","Dronten","Flevoland",false,52.527192,5.694996,"injury","2","clear",false,1,"GM0303"
"20240087193",2024,"Uitsluitend materiele schade",2,"Personenauto","Fiets","Flank","Kruispunt, 4 takken",30,"Brandend","Duisternis","Droog",\N,\N,"Tuindersstraat","IJmuiden","Velsen","Noord-Holland",false,52.455894,4.621765,"material damage only","4","clear",false,1,"GM0453"
"20240100457",2024,"Letsel",2,"Personenauto","Fiets","Flank","Rotonde",50,"Niet brandend","Daglicht","Droog",\N,\N,"Vijf Meilaan","Leiden","Leiden","Zuid-Holland",false,52.147555,4.476905,"injury","2","clear",false,1,"GM0546"
"20240045740",2024,"Uitsluitend materiele schade",2,"Fiets","Personenauto","Kop/staart","Kruispunt, 4 takken",30,"Brandend","Daglicht","Droog",\N,\N,"Korreweg","Groningen","Groningen","Groningen",false,53.226981,6.561593,"material damage only","4","clear",false,1,"GM0014"
"20240049363",2024,"Letsel",2,"Fiets","Bromfiets","Kop/staart","Kruispunt, 3 takken",50,"Niet brandend","Daglicht","Droog",\N,\N,"FIETSPAD","Zaltbommel","Zaltbommel","Gelderland",false,51.8135,5.260237,"injury","2","clear",false,1,"GM0297"
"20240074313",2024,"Letsel",2,"Bestelauto","Fiets","Flank","Kruispunt, 3 takken",30,"Niet brandend","Daglicht","Droog",\N,\N,"Helenastraat","Uden","Maashorst","Noord-Brabant",false,51.65842,5.604849,"injury","2","clear",false,1,"GM1991"
"20240075995",2024,"Uitsluitend materiele schade",2,"Personenauto","Fiets","Frontaal","Kruispunt, 4 takken",\N,"Niet brandend","Daglicht","Droog",\N,\N,"Preistingestraat","Steenwijk","Steenwijkerland","Overijssel",false,52.787299,6.12322,"material damage only","4","clear",false,1,"GM1708"
"20240081980",2024,"Letsel",1,"Fiets",\N,"Eenzijdig","Rechte weg",30,"Niet brandend","Daglicht","Droog","Tunnel","177317003","Horst en Voordelaan","Voorschoten","Voorschoten","Zuid-Holland",false,52.114571,4.416413,"injury","2","clear",false,1,"GM0626"
"20240100392",2024,"Letsel",1,"Fiets",\N,"Onbekend","Rechte weg",30,"Niet brandend","Daglicht","Droog",\N,"600911145","Van Foreestweg","Delft","Delft","Zuid-Holland",false,52.013322,4.338051,"injury","2","clear",false,1,"GM0503"
"20240100762",2024,"Uitsluitend materiele schade",2,"Fiets","Personenauto","Flank","Rechte weg",50,"Niet brandend","Daglicht","Droog",\N,"163257076","Planetenlaan","Spijkenisse","Nissewaard","Zuid-Holland",false,51.841625,4.326027,"material damage only","4","clear",false,1,"GM1930"
"20240101575",2024,"Letsel",1,"Fiets",\N,"Onbekend","Rechte weg",60,"Niet aanwezig","Daglicht","Droog",\N,"278218003","Honderdbunderweg","Drunen","Heusden","Noord-Brabant",false,51.673139,5.166612,"injury","2","clear",false,1,"GM0797"
"20240102380",2024,"Uitsluitend materiele schade",2,"Personenauto","Fiets","Flank","Kruispunt, 3 takken",60,"Niet brandend","Daglicht","Droog",\N,\N,"Oirloseweg","Oostrum","Venray","Limburg",false,51.520173,6.024283,"material damage only","4","clear",false,1,"GM0984"
"20240048795",2024,"Uitsluitend materiele schade",2,"Fiets","Snorfiets","Flank","Rechte weg",30,"Niet brandend","Daglicht","Droog",\N,"420347039","Hunneperweg","Deventer","Deventer","Overijssel",false,52.250106,6.196826,"material damage only","4","clear",false,1,"GM0150"
"20240082714",2024,"Uitsluitend materiele schade",2,"Fiets","Voetganger","Voetganger","Kruispunt, 4 takken",30,"Niet brandend","Daglicht","Regen",\N,\N,"Stationstunnel","'s-Hertogenbosch","'s-Hertogenbosch","Noord-Brabant",false,51.691987,5.290316,"material damage only","4","rain",false,1,"GM0796"
"20240084029",2024,"Letsel",2,"Bromfiets","Fiets","Flank","Kruispunt, 3 takken",30,"Niet brandend","Daglicht","Droog",\N,\N,"Haaimeet","Schore","Kapelle","Zeeland",false,51.46277,4.004108,"injury","2","clear",false,1,"GM0678"
"20240103169",2024,"Letsel",1,"Fiets",\N,"Eenzijdig","Rechte weg",\N,"Niet brandend","Daglicht","Droog",\N,"319179001","Science Park Eindhoven","Son en Breugel","Son en Breugel","Noord-Brabant",false,51.497241,5.453429,"injury","2","clear",false,1,"GM0848"
"20240045827",2024,"Uitsluitend materiele schade",2,"Bestelauto","Fiets","Flank","Kruispunt, 4 takken",30,"Niet brandend","Daglicht","Regen",\N,\N,"Stationsweg","Leeuwarden","Leeuwarden","Friesland",false,53.196842,5.793413,"material damage only","4","rain",false,1,"GM0080"
"20240046487",2024,"Uitsluitend materiele schade",2,"Personenauto","Fiets","Flank","Rechte weg",30,"Niet brandend","Daglicht","Droog",\N,"600878967","Burg v Roijenstr Oost","Hoogezand","Midden-Groningen","Groningen",false,53.157539,6.755499,"material damage only","4","clear",false,1,"GM1952"
"20240073157",2024,"Uitsluitend materiele schade",2,"Personenauto","Fiets","Flank","Kruispunt, 4 takken",30,"Niet brandend","Daglicht","Droog",\N,\N,"Kruisstraat","Eindhoven","Eindhoven","Noord-Brabant",false,51.445385,5.475031,"material damage only","4","clear",false,1,"GM0772"
"20240073749",2024,"Uitsluitend materiele schade",2,"Personenauto","Fiets","Flank","Kruispunt, 4 takken",30,"Niet brandend","Daglicht","Droog",\N,\N,"Boomheide","Gennep","Gennep","Limburg",false,51.68672,5.979807,"material damage only","4","clear",false,1,"GM0907"
"20240085320",2024,"Uitsluitend materiele schade",2,"Fiets","Fiets","Flank","Rechte weg",50,"Niet brandend","Daglicht","Droog",\N,"375287031","Utrechtseweg","Arnhem","Arnhem","Gelderland",false,51.980104,5.867687,"material damage only","4","clear",false,1,"GM0202"
"20240096644",2024,"Letsel",2,"Personenauto","Fiets","Flank","Kruispunt, 4 takken",30,"Niet brandend","Daglicht","Droog",\N,\N,"Tijmstraat","Utrecht","Utrecht","Utrecht",false,52.10217,5.094291,"injury","2","clear",false,1,"GM0344"
"20240043679",2024,"Uitsluitend materiele schade",2,"Personenauto","e-bike","Flank","Rechte weg",30,"Niet brandend","Daglicht","Regen",\N,"600624161","Onderwijsboulevard","'s-Hertogenbosch","'s-Hertogenbosch","Noord-Brabant",false,51.689545,5.287919,"material damage only","4","rain",false,1,"GM0796"
"20240070616",2024,"Uitsluitend materiele schade",2,"Personenauto","Fiets","Onbekend","Kruispunt, 3 takken",50,"Brandend","Schemer","Droog",\N,\N,"Frederik Hendrikstraat","Kuitaart","Hulst","Zeeland",false,51.338571,4.034547,"material damage only","4","clear",false,1,"GM0677"
"20240087994",2024,"Letsel",1,"Fiets",\N,"Onbekend","Rechte weg",30,"Brandend","Duisternis","Droog",\N,"187325144","Lammenschansweg","Leiden","Leiden","Zuid-Holland",false,52.148205,4.493264,"injury","2","clear",false,1,"GM0546"
"20240097277",2024,"Uitsluitend materiele schade",2,"Personenauto","Fiets","Flank","Kruispunt, 4 takken",30,"Brandend","Duisternis","Droog",\N,\N,"Weteringschans","Amsterdam","Amsterdam","Noord-Holland",false,52.359306,4.897666,"material damage only","4","clear",false,1,"GM0363"
"20240070653",2024,"Letsel",2,"Fiets","Fiets","Flank","Rechte weg",50,"Niet brandend","Daglicht","Droog",\N,"600774397","Piusstraat","Tilburg","Tilburg","Noord-Brabant",false,51.550239,5.088471,"injury","2","clear",false,1,"GM0855"
"20240079645",2024,"Uitsluitend materiele schade",2,"Personenauto","Fiets","Flank","Rechte weg",30,"Niet brandend","Daglicht","Droog",\N,"249361036","Bijlmerdreef","Amsterdam","Amsterdam","Noord-Holland",false,52.313103,4.947198,"material damage only","4","clear",false,1,"GM0363"
"20230049514",2023,"Letsel",4,"Fiets","Personenauto","Onbekend","Rechte weg",\N,"Niet brandend","Daglicht","Droog",\N,"600718948","Prinses Marijkestraat","'s-Gravenhage","'s-Gravenhage","Zuid-Holland",false,52.080291,4.335635,"injury","2","clear",false,1,"GM0518"
"20230050644",2023,"Letsel",2,"Motor","Fiets","Flank","Kruispunt, 3 takken",30,"Niet brandend","Daglicht","Droog",\N,\N,"Stationsweg","'s-Gravenhage","'s-Gravenhage","Zuid-Holland",false,52.070295,4.321679,"injury","2","clear",false,1,"GM0518"
"20230051805",2023,"Uitsluitend materiele schade",2,"Personenauto","e-bike","Onbekend","Kruispunt, 3 takken",50,"Niet brandend","Daglicht","Droog",\N,\N,"Maasboulevard","Rotterdam","Rotterdam","Zuid-Holland",false,51.919443,4.504979,"material damage only","4","clear",false,1,"GM0599"
"20230057393",2023,"Uitsluitend materiele schade",2,"Personenauto","Fiets","Frontaal","Rechte weg",80,"Niet brandend","Daglicht","Droog",\N,"342317002","Hessenweg","Lunteren","Ede","Gelderland",false,52.112836,5.627484,"material damage only","4","clear",false,1,"GM0228"
"20230039621",2023,"Uitsluitend materiele schade",2,"Fiets","Bus","Flank","Kruispunt, 4 takken",50,"Niet brandend","Daglicht","Droog",\N,\N,"Machiel Vrijenhoeklaan","'s-Gravenhage","'s-Gravenhage","Zuid-Holland",false,52.066104,4.224271,"material damage only","4","clear",false,1,"GM0518"
"20230042486",2023,"Uitsluitend materiele schade",2,"Fiets","Fiets","Onbekend","Rechte weg",50,"Niet brandend","Daglicht","Droog",\N,"337130008","Nieuwedijk","Budel","Cranendonck","Noord-Brabant",false,51.27819,5.587216,"material damage only","4","clear",false,1,"GM1706"
"20230057847",2023,"Letsel",2,"Fiets","Fiets","Onbekend","Rechte weg",60,"Niet aanwezig","Daglicht","Droog",\N,\N,"Raetmansweg","Winterswijk Ratum","Winterswijk","Gelderland",false,51.970178,6.799353,"injury","2","clear",false,1,"GM0294"
"20230058697",2023,"Uitsluitend materiele schade",2,"Personenauto","Fiets","Flank","Kruispunt, 4 takken",50,"Brandend","Duisternis","Droog",\N,"601002245","Slinger","Zaandam","Zaanstad","Noord-Holland",false,52.437685,4.813033,"material damage only","4","clear",false,1,"GM0479"
"20230060420",2023,"Uitsluitend materiele schade",2,"Personenauto","Fiets","Onbekend","Kruispunt, 4 takken",50,"Niet brandend","Daglicht","Droog",\N,\N,"Statenweg","Rotterdam","Rotterdam","Zuid-Holland",false,51.926127,4.461451,"material damage only","4","clear",false,1,"GM0599"
"20230060931",2023,"Letsel",1,"Fiets",\N,"Eenzijdig","Rechte weg",30,"Niet brandend","Daglicht","Regen",\N,"600392855","Zeestraat","'s-Gravenhage","'s-Gravenhage","Zuid-Holland",false,52.084687,4.303207,"injury","2","rain",false,1,"GM0518"
"20230062407",2023,"Uitsluitend materiele schade",2,"Personenauto","Fiets","Geparkeerd voertuig","Kruispunt, 4 takken",\N,"Niet brandend","Daglicht","Droog",\N,\N,"Le Sage ten Broeklaan","Eindhoven","Eindhoven","Noord-Brabant",false,51.428995,5.48646,"material damage only","4","clear",false,1,"GM0772"
"20230040224",2023,"Letsel",2,"Personenauto","e-bike","Flank","Kruispunt, 4 takken",50,"Niet brandend","Daglicht","Droog",\N,\N,"Voorhofdreef","Delft","Delft","Zuid-Holland",false,51.992722,4.356898,"injury","2","clear",false,1,"GM0503"
"20230056528",2023,"Uitsluitend materiele schade",2,"Personenauto","Fiets","Frontaal","Rechte weg",50,"Niet brandend","Daglicht","Droog",\N,"387342030","Koninginnelaan","Apeldoorn","Apeldoorn","Gelderland",false,52.22671,5.957286,"material damage only","4","clear",false,1,"GM0200"
"20230057210",2023,"Letsel",2,"Personenauto","e-bike","Flank","Rotonde",50,"Niet brandend","Daglicht","Droog",\N,\N,"Romeinenbaan","Wijk bij Duurstede","Wijk bij Duurstede","Utrecht",false,51.976042,5.323188,"injury","2","clear",false,1,"GM0352"
"20230058140",2023,"Letsel",3,"Fiets","Fiets","Onbekend","Rechte weg",30,"Brandend","Duisternis","Droog",\N,"146290085","'s-Gravenzandseweg","Naaldwijk","Westland","Zuid-Holland",false,51.989932,4.200146,"injury","2","clear",false,1,"GM1783"