"accident_id","year","severity_raw","party_count","party1_type","party2_type","accident_type","road_situation","speed_limit_kmh","road_lighting","light_condition_label","weather_raw","infra_type","road_segment_id","street_name","place_name","gemeente_name_raw","province","alcohol_indicated","latitude","longitude","severity_label","severity_code","weather_label","built_up_area","cyclists_involved","gemeente_code"
"20230059496",2023,"Letsel",2,"Personenauto","Fiets","Flank","Rotonde",50,"Niet brandend","Daglicht","Droog",\N,\N,"Laan van Brussel","Alkmaar","Alkmaar","Noord-Holland",false,52.65787,4.756682,"injury","2","clear",false,1,"GM0361"
"20240130931",2024,"Letsel",1,"Fiets",\N,"Onbekend",\N,\N,\N,"Duisternis",\N,\N,"246366022","Spaklerweg","Amsterdam","Amsterdam","Noord-Holland",false,52.334476,4.922935,"injury","2","unknown",false,1,"GM0363"
"20230037935",2023,"Letsel",1,"Fiets",\N,"Eenzijdig","Bocht",30,"Niet brandend","Daglicht","Droog",\N,"294302072","Lange Dreef","Driebergen-Rijsenburg","Utrechtse Heuvelrug","Utrecht",false,52.047507,5.275454,"injury","2","clear",false,1,"GM1581"
"20230053087",2023,"Letsel",2,"Personenauto","Fiets","Flank","Kruispunt, 4 takken",50,"Niet aanwezig","Daglicht","Droog",\N,"600711879","Brielse Veerweg","Brielle","Voorne aan Zee","Zuid-Holland",false,51.912564,4.180291,"injury","2","clear",false,1,"GM1992"
"20230058456",2023,"Letsel",2,"Personenauto","Fiets","Flank","Rotonde",50,"Niet brandend","Daglicht","Droog",\N,\N,"Gooimeerlaan","Leiden","Leiden","Zuid-Holland",false,52.171542,4.497845,"injury","2","clear",false,1,"GM0546"
"20230064725",2023,"Uitsluitend materiele schade",3,"Bestelauto","Fiets","Onbekend","Rechte weg",50,"Niet brandend","Daglicht","Droog",\N,"600881405","Willemstraat","Hengelo","Hengelo (O)","Overijssel",false,52.264943,6.789731,"material damage only","4","clear",false,1,\N
"20230039155",2023,"Uitsluitend materiele schade",2,"Personenauto","Fiets","Flank","Kruispunt, 4 takken",50,"Niet brandend","Daglicht","Droog",\N,\N,"Aalbersestraat","Amsterdam","Amsterdam","Noord-Holland",false,52.376593,4.797782,"material damage only","4","clear",false,1,"GM0363"
"20230050197",2023,"Letsel",2,"Personenauto","Fiets","Onbekend","Rechte weg",50,"Niet brandend","Daglicht","Droog",\N,"600113996","Vrijheidslaan","Leiden","Leiden","Zuid-Holland",false,52.148015,4.48198,"injury","2","clear",false,1,"GM0546"
"20230050779",2023,"Letsel",2,"e-bike","Bestelauto","Eenzijdig","Kruispunt, 4 takken",50,"Niet brandend","Daglicht","Droog",\N,\N,"Limbostraat","Purmerend","Purmerend","Noord-Holland",false,52.50027,4.935858,"injury","2","clear",false,1,"GM0439"
"20230050804",2023,"Uitsluitend materiele schade",2,"Personenauto","Fiets","Kop/staart","Kruispunt, 4 takken",50,"Niet brandend","Daglicht","Droog",\N,\N,"Zuidermolenweg","Amsterdam","Amsterdam","Noord-Holland",false,52.359795,4.784179,"material damage only","4","clear",false,1,"GM0363"
"20230057947",2023,"Uitsluitend materiele schade",2,"Personenauto","Fiets","Flank","Rechte weg",30,"Niet brandend","Daglicht","Droog",\N,"287331008","Dorpsstraat","Lage Vuursche","Baarn","Utrecht",false,52.180077,5.222439,"material damage only","4","clear",false,1,"GM0308"
"20230065194",2023,"Uitsluitend materiele schade",2,"Personenauto","Fiets","Flank","Rotonde",50,"Niet brandend","Daglicht","Droog",\N,\N,"Herwendaalsehoek","Groesbeek","Berg en Dal","Gelderland",false,51.774191,5.930607,"material damage only","4","clear",false,1,"GM1945"
"20240132845",2024,"Letsel",1,"Fiets",\N,"Onbekend","Rechte weg",60,"Brandend","Duisternis","Regen",\N,"155289004","Pastoor Verburghlaan","De Lier","Westland","Zuid-Holland",false,51.988272,4.265136,"injury","2","rain",false,1,"GM1783"
"20230040316",2023,"Letsel",1,"Fiets",\N,"Eenzijdig","Rechte weg",50,"Niet brandend","Daglicht","Droog",\N,"600448661","Noordeinde","Roelofarendsveen","Kaag en Braassem","Zuid-Holland",false,52.19699,4.6292,"injury","2","clear",false,1,"GM1884"
"20230040321",2023,"Letsel",2,"Personenauto","Fiets","Frontaal","Rotonde",50,"Niet brandend","Daglicht","Droog",\N,\N,"Gemeneweg","Hazerswoude-Rijndijk","Alphen aan den Rijn","Zuid-Holland",false,52.127697,4.582693,"injury","2","clear",false,1,"GM0484"
"20230040336",2023,"Uitsluitend materiele schade",2,"Fiets","Personenauto","Geparkeerd voertuig","Rechte weg",50,"Niet brandend","Daglicht",\N,\N,"163310139","Parnassusplein","'s-Gravenhage","'s-Gravenhage","Zuid-Holland",false,52.079893,4.320929,"material damage only","4","unknown",false,1,"GM0518"
"20230047326",2023,"Letsel",2,"Fiets","Fiets","Flank","Rechte weg",30,"Niet aanwezig","Daglicht","Droog",\N,\N,"Croeselaan","Utrecht","Utrecht","Utrecht",false,52.08485,5.108698,"injury","2","clear",false,1,"GM0344"
"20230062896",2023,"Letsel",1,"Fiets",\N,"Eenzijdig","Rechte weg",30,"Niet brandend","Daglicht","Droog",\N,"600803798","Hendrik Veenemanstraat","Son en Breugel","Son en Breugel","Noord-Brabant",false,51.519294,5.492533,"injury","2","clear",false,1,"GM0848"
"20230063358",2023,"Letsel",2,"Personenauto","Fiets","Flank","Kruispunt, 4 takken",60,"Niet brandend","Daglicht","Droog",\N,\N,"Roijendijk","Mill","Land van Cuijk","Noord-Brabant",false,51.698898,5.778407,"injury","2","clear",false,1,"GM1982"
"20240133059",2024,"Letsel",2,"Fiets","Fiets","Kop/staart","Rechte weg",50,"Niet brandend","Daglicht","Droog",\N,"165286001","Zuidkade","Schipluiden","Midden-Delfland","Zuid-Holland",false,51.97305,4.330825,"injury","2","clear",false,1,"GM1842"
"20240133346",2024,"Letsel",2,"Bromfiets","Fiets","Flank","Rechte weg",30,"Niet brandend","Daglicht","Droog",\N,"600984746","Driemanschapskade","Leiden","Leiden","Zuid-Holland",false,52.166895,4.496771,"injury","2","clear",false,1,"GM0546"
"20230042668",2023,"Letsel",2,"Bestelauto","Fiets","Eenzijdig","Kruispunt, 4 takken",50,"Niet brandend","Daglicht","Droog",\N,\N,"Industrieweg","Krimpen aan den IJssel","Krimpen aan den IJssel","Zuid-Holland",false,51.908822,4.582473,"injury","2","clear",false,1,"GM0542"
"20230043849",2023,"Uitsluitend materiele schade",2,"Fiets","Scootmobiel","Onbekend","Rechte weg",50,"Niet brandend","Daglicht","Droog",\N,"600496828","Laan van Westenenk","Apeldoorn","Apeldoorn","Gelderland",false,52.190921,5.939438,"material damage only","4","clear",false,1,"GM0200"
"20230047392",2023,"Uitsluitend materiele schade",2,"Fiets","Fiets","Flank","Rechte weg",15,"Niet brandend","Daglicht","Droog",\N,"211400123","Beatrixlaan","Beverwijk","Beverwijk","Noord-Holland",false,52.486239,4.664338,"material damage only","4","clear",false,1,"GM0375"
"20230058577",2023,"Uitsluitend materiele schade",2,"Bromfiets","Fiets","Flank","Kruispunt, 4 takken",50,"Niet brandend","Daglicht","Droog",\N,\N,"Lupineakker","Zoetermeer","Zoetermeer","Zuid-Holland",false,52.064312,4.518334,"material damage only","4","clear",false,1,"GM0637"
"20230061640",2023,"Uitsluitend materiele schade",2,"Personenauto","Fiets","Flank","Rechte weg",50,"Niet brandend","Daglicht","Droog",\N,"600105511","Regentesselaan","'s-Gravenhage","'s-Gravenhage","Zuid-Holland",false,52.074356,4.283683,"material damage only","4","clear",false,1,"GM0518"
"20230063405",2023,"Letsel",2,"Fiets","Overig vast object","Vast voorwerp","Rechte weg",80,"Brandend","Duisternis","Droog",\N,"600579687","Volkelseweg","Boekel","Boekel","Noord-Brabant",false,51.619702,5.667956,"injury","2","clear",false,1,"GM0755"
"20230063406",2023,"Uitsluitend materiele schade",2,"Personenauto","Fiets","Flank","Kruispunt, 4 takken",50,"Brandend","Duisternis","Droog",\N,\N,"Bredaseweg","Tilburg","Tilburg","Noord-Brabant",false,51.555909,5.068435,"material damage only","4","clear",false,1,"GM0855"
"20230042702",2023,"Letsel",2,"Fiets","Personenauto","Flank","Kruispunt, 4 takken",80,"Niet brandend","Daglicht","Droog",\N,\N,"Achterste Hermalen","Schijndel","Meierijstad","Noord-Brabant",false,51.605684,5.404305,"injury","2","clear",false,1,"GM1948"
"20230046832",2023,"Uitsluitend materiele schade",2,"Fiets","Personenauto","Flank","Kruispunt, 4 takken",60,"Niet brandend","Daglicht","Droog",\N,"600899675","Gageldijk","Maarssen","Stichtse Vecht","Utrecht",false,52.13699,5.084159,"material damage only","4","clear",false,1,"GM1904"
"20230047408",2023,"Uitsluitend materiele schade",1,"Fiets",\N,"Eenzijdig","Bocht",50,"Niet brandend","Daglicht","Droog",\N,"248301019","Steenovenweg","Montfoort","Montfoort","Utrecht",false,52.045306,4.939917,"material damage only","4","clear",false,1,"GM0335"
"20230048626",2023,"Uitsluitend materiele schade",2,"Personenauto","Fiets","Flank","Kruispunt, 3 takken",50,"Niet aanwezig","Daglicht","Droog",\N,\N,"Moerweg","'s-Gravenhage","'s-Gravenhage","Zuid-Holland",false,52.052614,4.297665,"material damage only","4","clear",false,1,"GM0518"
"20230058930",2023,"Letsel",2,"Personenauto","e-bike","Flank","Kruispunt, 4 takken",50,"Niet brandend","Daglicht","Droog",\N,\N,"Tussen Meer","Amsterdam","Amsterdam","Noord-Holland",false,52.358106,4.799932,"injury","2","clear",false,1,"GM0363"
"20230061702",2023,"Letsel",2,"Personenauto","Fiets","Flank","Rotonde",80,"Niet brandend","Daglicht","Regen",\N,\N,"Henri Dunantplein","Schoonhoven","Krimpenerwaard","Zuid-Holland",false,51.947555,4.844846,"injury","2","rain",false,1,"GM1931"
"20240130517",2024,"Uitsluitend materiele schade",2,"Personenauto","Fiets","Flank","Rechte weg",60,"Niet aanwezig","Duisternis","Mist",\N,"495322004","Oldenkotsedijk","Haaksbergen","Haaksbergen","Overijssel",false,52.131389,6.745406,"material damage only","4","fog",false,1,"GM0158"
"20230038130",2023,"Letsel",2,"Bestelauto","Fiets","Flank","Rotonde",50,"Brandend","Duisternis","Droog",\N,\N,"Koningsweg","Soest","Soest","Utrecht",false,52.173719,5.278445,"injury","2","clear",false,1,"GM0342"
"20240127634",2024,"Uitsluitend materiele schade",1,"Fiets",\N,"Onbekend","Rechte weg",30,"Brandend","Daglicht","Regen",\N,"381289060","De Wiltstraat","Arnhem","Arnhem","Gelderland",false,51.988105,5.910136,"material damage only","4","rain",false,1,"GM0202"
"20230047471",2023,"Uitsluitend materiele schade",2,"Personenauto","Fiets","Onbekend","Rotonde",50,"Niet brandend","Daglicht","Regen",\N,\N,"Componistenweg","Nieuw-Vennep","Haarlemmermeer","Noord-Holland",false,52.270887,4.621914,"material damage only","4","rain",false,1,"GM0394"
"20230056222",2023,"Uitsluitend materiele schade",2,"Personenauto","Fiets","Flank","Kruispunt, 3 takken",30,"Niet brandend","Daglicht","Droog",\N,\N,"Pastoriestraat","Duiven","Duiven","Gelderland",false,51.950252,6.023039,"material damage only","4","clear",false,1,"GM0226"
"20240127531",2024,"Uitsluitend materiele schade",2,"Bromfiets","Fiets","Onbekend","Rechte weg",30,"Niet brandend","Daglicht","Droog","Brug/viaduct","406405009","Wilhelminasingel","Zwolle","Zwolle","Overijssel",false,52.510927,6.097457,"material damage only","4","clear",false,1,"GM0193"
"20240127859",2024,"Letsel",2,"Personenauto","Fiets","Flank","Rechte weg",50,"Brandend","Duisternis","Droog",\N,"601004811","Oranjelaan","Harderwijk","Harderwijk","Gelderland",false,52.335316,5.620944,"injury","2","clear",false,1,"GM0243"
"20230040518",2023,"Letsel",1,"Fiets",\N,"Eenzijdig","Rechte weg",50,"Niet aanwezig","Daglicht","Droog",\N,"600252670","Ruigekade","Leiderdorp","Leiderdorp","Zuid-Holland",false,52.14657,4.542567,"injury","2","clear",false,1,"GM0547"
"20230042804",2023,"Letsel",2,"Personenauto","Fiets","Flank","Kruispunt, 3 takken",60,"Niet brandend","Daglicht","Droog",\N,\N,"Geersbroekseweg","Ulvenhout","Breda","Noord-Brabant",false,51.550388,4.816227,"injury","2","clear",false,1,"GM0758"
"20230044601",2023,"Uitsluitend materiele schade",2,"Personenauto","Fiets","Frontaal","Kruispunt, 4 takken",30,"Niet brandend","Daglicht","Droog",\N,\N,"Woolderweg","Borne","Borne","Overijssel",false,52.292682,6.757607,"material damage only","4","clear",false,1,"GM0147"
"20230048757",2023,"Uitsluitend materiele schade",2,"Fiets","Personenauto","Flank","Kruispunt, 4 takken",50,"Niet brandend","Daglicht","Droog",\N,\N,"Bovenkerkerweg","Amstelveen","Amstelveen","Noord-Holland",false,52.277331,4.839104,"material damage only","4","clear",false,1,"GM0362"
"20230056243",2023,"Letsel",1,"e-bike",\N,"Eenzijdig","Rechte weg",60,"Brandend","Duisternis","Droog",\N,"336364002","Palmbospad","Harderwijk","Harderwijk","Gelderland",false,52.330369,5.586116,"injury","2","clear",false,1,"GM0243"
"20230059803",2023,"Letsel",2,"Bestelauto","Fiets","Eenzijdig","Rechte weg",30,"Niet brandend","Daglicht",\N,\N,"193375151","Louis Davidscarré","Zandvoort","Zandvoort","Noord-Holland",false,52.3723,4.533233,"injury","2","unknown",false,1,"GM0473"
"20240127996",2024,"Uitsluitend materiele schade",2,"Personenauto","Fiets","Flank","Rotonde",50,"Niet brandend","Daglicht","Droog",\N,\N,"Venne","Winschoten","Oldambt","Groningen",false,53.146471,7.033106,"material damage only","4","clear",false,1,"GM1895"
"20230065774",2023,"Letsel",2,"Fiets","Landbouwvoertuig","Flank","Kruispunt, 3 takken",50,"Niet brandend","Daglicht","Droog",\N,\N,"Kletterstraat","Epse","Lochem","Gelderland",false,52.227822,6.190723,"injury","2","clear",false,1,"GM0262"
"20230046992",2023,"Uitsluitend materiele schade",2,"Personenauto","Fiets","Frontaal","Rechte weg",30,"Niet brandend","Daglicht","Droog",\N,"285367017","Nijvergouw","Almere","Almere","Flevoland",false,52.342636,5.210957,"material damage only","4","clear",false,1,"GM0034"
"20230056879",2023,"Letsel",3,"Fiets","Fiets","Frontaal","Rechte weg",50,"Niet brandend","Daglicht","Droog",\N,"272311134","Moreelsehoek","Utrecht","Utrecht","Utrecht",true,52.08898,5.11223,"injury","2","clear",false,1,"GM0344"
"20240128033",2024,"Letsel",2,"Personenauto","Fiets","Onbekend",\N,50,"Niet brandend","Daglicht","Droog",\N,"387340138","Vosselmanstraat","Apeldoorn","Apeldoorn","Gelderland",false,52.217192,5.954722,"injury","2","clear",false,1,"GM0200"
"20240128461",2024,"Uitsluitend materiele schade",2,"Fiets","Bromfiets","Onbekend","Kruispunt, 4 takken",80,"Niet brandend","Daglicht","Droog",\N,\N,"Lunterseweg","Ede","Ede","Gelderland",false,52.068503,5.634985,"material damage only","4","clear",false,1,"GM0228"
"20230040587",2023,"Letsel",2,"Fiets","Voetganger","Voetganger","Rechte weg",50,"Niet brandend","Daglicht","Droog",\N,"600547591","Laan van Meerdervoort","'s-Gravenhage","'s-Gravenhage","Zuid-Holland",false,52.085508,4.296645,"injury","2","clear",false,1,"GM0518"
"20230042279",2023,"Uitsluitend materiele schade",2,"Personenauto","Fiets","Flank","Kruispunt, 3 takken",50,"Brandend","Duisternis","Droog",\N,\N,"Lange Schijfstraat","Tilburg","Tilburg","Noord-Brabant",false,51.555101,5.078635,"material damage only","4","clear",false,1,"GM0855"
"20230045821",2023,"Uitsluitend materiele schade",2,"Personenauto","Fiets","Onbekend","Kruispunt, 3 takken",50,"Niet brandend","Daglicht","Regen",\N,\N,"Priorlaan","Tiel","Tiel","Gelderland",false,51.89506,5.429211,"material damage only","4","rain",false,1,"GM0281"
"20230048209",2023,"Letsel",2,"Personenauto","Fiets","Flank","Kruispunt, 4 takken",60,"Niet brandend","Daglicht","Droog",\N,\N,"Zeisterweg","Odijk","Bunnik","Utrecht",false,52.047959,5.229522,"injury","2","clear",false,1,"GM0312"
"20230048795",2023,"Letsel",2,"Fiets","Fiets","Frontaal","Bocht",30,"Niet brandend","Daglicht","Droog",\N,"600436681","2e Binnenvestgracht","Leiden","Leiden","Zuid-Holland",false,52.163782,4.485319,"injury","2","clear",false,1,"GM0546"
"20230054573",2023,"Letsel",2,"Personenauto","Fiets","Flank","Kruispunt, 4 takken",80,"Niet brandend","Daglicht","Droog",\N,\N,"Budschop","Nederweert","Nederweert","Limburg",false,51.289566,5.768845,"injury","2","clear",false,1,"GM0946"
"20230056298",2023,"Letsel",1,"Fiets",\N,"Eenzijdig","Rechte weg",60,"Niet brandend","Daglicht","Droog",\N,"291284010","Beusichemsedijk","Culemborg","Culemborg","Gelderland",false,51.965814,5.255809,"injury","2","clear",false,1,"GM0216"
"20240129603",2024,"Uitsluitend materiele schade",2,"Personenauto","Fiets","Flank","Rotonde",50,"Niet brandend","Daglicht","Droog",\N,\N,"Mansholtlaan","Wageningen","Wageningen","Gelderland",false,51.979918,5.679678,"material damage only","4","clear",false,1,"GM0289"
"20240129869",2024,"Uitsluitend materiele schade",2,"Fiets","Bromfiets","Flank","Kruispunt, 3 takken",30,"Niet brandend","Daglicht","Droog",\N,\N,"Grote Spui","Amersfoort","Amersfoort","Utrecht",false,52.15902,5.385508,"material damage only","4","clear",false,1,"GM0307"
"20230038336",2023,"Letsel",2,"Personenauto","Fiets","Flank","Rotonde",50,"Niet brandend","Daglicht","Droog",\N,\N,"Paltrokstraat","Zaandam","Zaanstad","Noord-Holland",false,52.457913,4.817647,"injury","2","clear",false,1,"GM0479"
"20230048839",2023,"Letsel",2,"Bromfiets","Fiets","Flank","Rechte weg",\N,"Niet brandend","Daglicht","Droog",\N,"600714846","Nieboerweg","'s-Gravenhage","'s-Gravenhage","Zuid-Holland",false,52.091168,4.264121,"injury","2","clear",false,1,"GM0518"
"20230048851",2023,"Letsel",1,"Fiets",\N,"Eenzijdig","Rechte weg",30,"Niet brandend","Daglicht","Droog",\N,"169303031","Guirlande","'s-Gravenhage","'s-Gravenhage","Zuid-Holland",false,52.047086,4.364696,"injury","2","clear",false,1,"GM0518"
"20230052867",2023,"Letsel",4,"Fiets","Fiets","Flank","Rechte weg",50,"Niet brandend","Daglicht","Droog","Tunnel","600736248","Kievitsweg","Ridderkerk","Ridderkerk","Zuid-Holland",false,51.884352,4.587096,"injury","2","clear",false,1,"GM0597"
"20230052341",2023,"Letsel",3,"Personenauto","Fiets","Onbekend","Kruispunt, 4 takken",50,"Niet brandend","Daglicht","Droog",\N,\N,"Meyenhage","Rotterdam","Rotterdam","Zuid-Holland",false,51.871169,4.485109,"injury","2","clear",false,1,"GM0599"
"20230055811",2023,"Letsel",3,"Personenauto","Fiets","Onbekend","Kruispunt, 4 takken",30,"Niet brandend","Daglicht","Droog",\N,\N,"Stationsplein","Oosterwolde","Ooststellingwerf","Friesland",false,52.988891,6.293134,"injury","2","clear",false,1,"GM0085"
"20230061406",2023,"Uitsluitend materiele schade",2,"Personenauto","Fiets","Flank","Kruispunt, 4 takken",50,"Niet brandend","Daglicht","Droog",\N,\N,"Notenhagen","Rotterdam","Rotterdam","Zuid-Holland",false,51.884969,4.557994,"material damage only","4","clear",false,1,"GM0599"
"20240131542",2024,"Letsel",2,"Fiets","Bestelauto","Flank","Kruispunt, 4 takken",30,"Niet brandend","Daglicht","Droog",\N,\N,"Waalstraat","Amsterdam","Amsterdam","Noord-Holland",false,52.344629,4.900702,"injury","2","clear",false,1,"GM0363"
"20230038959",2023,"Uitsluitend materiele schade",2,"Personenauto","Fiets","Flank","Kruispunt, 3 takken",50,"Niet brandend","Daglicht","Regen",\N,\N,"West-Varkenoordseweg","Rotterdam","Rotterdam","Zuid-Holland",false,51.88734,4.522259,"material damage only","4","rain",false,1,"GM0599"
"20230040122",2023,"Letsel",1,"Fiets",\N,"Eenzijdig","Rechte weg",30,"Niet brandend","Daglicht","Droog",\N,"188342095","Bleihof","Voorhout","Teylingen","Zuid-Holland",false,52.226698,4.497658,"injury","2","clear",false,1,"GM1525"
"20230040697",2023,"Uitsluitend materiele schade",2,"Fiets","Fiets","Frontaal","Rotonde",30,"Niet brandend","Daglicht","Droog",\N,\N,"Minervaweg","Delft","Delft","Zuid-Holland",false,51.996927,4.355458,"material damage only","4","clear",false,1,"GM0503"
"20230054095",2023,"Letsel",4,"Vrachtauto","Fiets","Eenzijdig","Rechte weg",50,"Niet brandend","Daglicht","Droog",\N,"373064036","Geleenbeeklaan","Geleen","Sittard-Geleen","Limburg",false,50.977843,5.842731,"injury","2","clear",false,1,"GM1883"
"20230054673",2023,"Uitsluitend materiele schade",1,"Fiets",\N,"Onbekend","Kruispunt, 4 takken",50,"Niet brandend","Daglicht","Droog",\N,\N,"Maasnielderweg","Roermond","Roermond","Limburg",false,51.200158,6.005164,"material damage only","4","clear",false,1,"GM0957"
"20230055856",2023,"Letsel",3,"Bromfiets","Fiets","Frontaal","Bocht",60,"Niet aanwezig","Daglicht","Droog",\N,"431493001","Wateren","Oude Willem","Westerveld","Drenthe",false,52.903438,6.293364,"injury","2","clear",false,1,"GM1701"
"20240131494",2024,"Letsel",3,"Fiets","Fiets","Onbekend","Rechte weg",50,"Niet brandend","Daglicht","Droog",\N,"211372032","Professor Eijkmanlaan","Haarlem","Haarlem","Noord-Holland",false,52.362297,4.665002,"injury","2","clear",false,1,"GM0392"
"20240131585",2024,"Letsel",2,"Fiets","Personenauto","Flank","Kruispunt, 3 takken",50,"Niet brandend","Daglicht","Droog",\N,\N,"Beneluxbaan","Amstelveen","Amstelveen","Noord-Holland",false,52.30337,4.870759,"injury","2","clear",false,1,"GM0362"
"20240131869",2024,"Letsel",2,"Personenauto","Fiets","Onbekend","Kruispunt, 3 takken",50,"Niet brandend","Daglicht","Droog",\N,\N,"Karel van Manderstraat","Heerhugowaard","Dijk en Waard","Noord-Holland",false,52.676088,4.867436,"injury","2","clear",false,1,"GM1980"
"20230043644",2023,"Uitsluitend materiele schade",2,"Personenauto","Fiets","Geparkeerd voertuig","Rechte weg",50,"Niet brandend","Daglicht","Droog",\N,"399037045","Industriestraat","Kerkrade","Kerkrade","Limburg",false,50.855171,6.026541,"material damage only","4","clear",false,1,"GM0928"
"20230046585",2023,"Uitsluitend materiele schade",2,"Personenauto","Fiets","Flank","Kruispunt, 4 takken",50,"Niet brandend","Daglicht","Droog",\N,\N,"Veldwade","Nieuwegein","Nieuwegein","Utrecht",false,52.050377,5.115916,"material damage only","4","clear",false,1,"GM0356"
"20220229478",2022,"Letsel",2,"Personenauto","Fiets","Onbekend","Kruispunt, 4 takken",50,"Brandend","Duisternis","Regen",\N,\N,"Oude Bossche Baan","Eindhoven","Eindhoven","Noord-Brabant",false,51.466839,5.456917,"injury","2","rain",false,1,"GM0772"
"20220199562",2022,"Uitsluitend materiele schade",2,"Personenauto","Fiets","Flank","Rechte weg",30,"Niet brandend","Daglicht","Droog",\N,"517349024","Spölminkweg","Enschede","Enschede","Overijssel",false,52.24969,6.910177,"material damage only","4","clear",false,1,"GM0153"
"20220037042",2022,"Dodelijk",2,"Fiets","Fiets","Onbekend","Rechte weg",50,"Niet brandend","Daglicht","Harde windstoten",\N,"186329113","Stationsplein","Leiden","Leiden","Zuid-Holland",false,52.165669,4.483117,"fatal","1","unknown",false,1,"GM0546"
"20220208987",2022,"Uitsluitend materiele schade",2,"Fiets","Fiets","Flank","Rechte weg",\N,"Niet brandend","Daglicht","Droog",\N,"600906469","Guispad","Westzaan","Zaanstad","Noord-Holland",false,52.467456,4.782848,"material damage only","4","clear",false,1,"GM0479"
"20220211595",2022,"Uitsluitend materiele schade",3,"Bromfiets","Fiets","Onbekend","Kruispunt, 4 takken",50,"Brandend","Duisternis","Droog",\N,\N,"KINKERBRUG 0266","Amsterdam","Amsterdam","Noord-Holland",false,52.364464,4.860236,"material damage only","4","clear",false,1,"GM0363"
"20220214505",2022,"Letsel",2,"Scootmobiel","Fiets","Flank","Kruispunt, 3 takken",50,"Niet brandend","Daglicht","Droog",\N,\N,"Hoefkade","'s-Gravenhage","'s-Gravenhage","Zuid-Holland",false,52.063908,4.303832,"injury","2","clear",false,1,"GM0518"
"20220215917",2022,"Letsel",2,"e-bike","Fiets","Onbekend","Rechte weg",50,"Niet brandend","Daglicht","Droog",\N,"600715702","Paul Krugerlaan","'s-Gravenhage","'s-Gravenhage","Zuid-Holland",false,52.070702,4.284993,"injury","2","clear",false,1,"GM0518"
"20220222341",2022,"Letsel",1,"Fiets",\N,"Eenzijdig","Rechte weg",\N,"Niet aanwezig","Duisternis","Droog",\N,"188270080","Spoorweghavenplein","Rotterdam","Rotterdam","Zuid-Holland",false,51.903941,4.507277,"injury","2","clear",false,1,"GM0599"
"20220223557",2022,"Letsel",1,"Fiets",\N,"Eenzijdig","Rechte weg",50,"Niet brandend","Daglicht","Droog",\N,"600523500","Enschotsebaan","Berkel-Enschot","Tilburg","Noord-Brabant",false,51.571954,5.123236,"injury","2","clear",false,1,"GM0855"
"20220228141",2022,"Uitsluitend materiele schade",3,"Bromfiets","e-bike","Onbekend","Kruispunt, 4 takken",\N,"Niet brandend","Daglicht","Droog",\N,\N,"Grasvogel","Eindhoven","Eindhoven","Noord-Brabant",false,51.441675,5.413154,"material damage only","4","clear",false,1,"GM0772"
"20220199649",2022,"Uitsluitend materiele schade",2,"Personenauto","Fiets","Flank","Kruispunt, 4 takken",50,"Brandend","Duisternis","Regen",\N,\N,"Fotograaf","Duiven","Duiven","Gelderland",false,51.965061,5.991378,"material damage only","4","rain",false,1,"GM0226"
"20220053744",2022,"Dodelijk",2,"Personenauto","Fiets","Flank","Kruispunt, 3 takken",60,"Brandend","Duisternis","Droog",\N,\N,"Boekelerweg","Zuidschermer","Alkmaar","Noord-Holland",true,52.597994,4.786671,"fatal","1","clear",false,1,"GM0361"
"20220211618",2022,"Letsel",2,"Bromfiets","Fiets","Flank","Rechte weg",30,"Brandend","Duisternis","Regen",\N,"600418846","Hobbemastraat","Amsterdam","Amsterdam","Noord-Holland",false,52.359937,4.883341,"injury","2","rain",false,1,"GM0363"
"20220214538",2022,"Uitsluitend materiele schade",2,"Bestelauto","Fiets","Flank","Kruispunt, 3 takken",50,"Niet brandend","Daglicht","Droog",\N,\N,"Mijnbouwstraat","Delft","Delft","Zuid-Holland",false,52.006561,4.368675,"material damage only","4","clear",false,1,"GM0503"
"20220200365",2022,"Letsel",1,"Fiets",\N,"Eenzijdig","Rotonde",50,"Niet brandend","Daglicht","Droog",\N,\N,"Sloetsweg","Hengelo","Hengelo (O)","Overijssel",false,52.273753,6.802089,"injury","2","clear",false,1,\N
"20220211663",2022,"Letsel",2,"Motor","e-bike","Flank","Kruispunt, 4 takken",\N,"Niet brandend","Daglicht","Droog",\N,\N,"Kromwijkdreef","Amsterdam","Amsterdam","Noord-Holland",false,52.316475,4.980337,"injury","2","clear",false,1,"GM0363"
"20220216046",2022,"Letsel",2,"Snorfiets","Fiets","Onbekend","Kruispunt, 4 takken",50,"Brandend","Duisternis","Regen",\N,\N,"Hoornbruglaan","Rijswijk","Rijswijk","Zuid-Holland",true,52.053037,4.341903,"injury","2","rain",false,1,\N
"20220216730",2022,"Letsel",1,"Fiets",\N,"Eenzijdig","Rechte weg",30,"Niet brandend","Schemer","Droog",\N,"600180529","Petronella van Saxenstr","Rijnsburg","Katwijk","Zuid-Holland",false,52.19564,4.440202,"injury","2","clear",false,1,"GM0537"
"20220220323",2022,"Letsel",2,"Bromfiets","Fiets","Frontaal","Rechte weg",30,"Niet brandend","Daglicht","Droog",\N,"600422693","Parallelweg","Hardinxveld-Giessendam","Hardinxveld-Giessendam","Zuid-Holland",false,51.837132,4.902482,"injury","2","clear",false,1,"GM0523"
"20220210150",2022,"Letsel",2,"Personenauto","e-bike","Frontaal","Kruispunt, 4 takken",\N,"Niet brandend","Daglicht","Droog",\N,\N,"0143 BRUG","Amsterdam","Amsterdam","Noord-Holland",false,52.35349,4.887021,"injury","2","clear",false,1,"GM0363"