"accident_id","year","severity_raw","party_count","party1_type","party2_type","accident_type","road_situation","speed_limit_kmh","road_lighting","light_condition_label","weather_raw","infra_type","road_segment_id","street_name","place_name","gemeente_name_raw","province","alcohol_indicated","latitude","longitude","severity_label","severity_code","weather_label","built_up_area","cyclists_involved","gemeente_code"
"20220218263",2022,"Letsel",2,"Personenauto","Fiets","Flank","Kruispunt, 4 takken",70,"Niet brandend","Daglicht","Droog",\N,\N,"Thorbeckestraat","Alphen aan den Rijn","Alphen aan den Rijn","Zuid-Holland",false,52.132193,4.671543,"injury","2","clear",false,1,"GM0484"
"20220222469",2022,"Letsel",2,"Bromfiets","Fiets","Frontaal",\N,50,"Niet brandend","Daglicht","Droog",\N,"198285087","IJmeer","Rotterdam","Rotterdam","Zuid-Holland",false,51.968554,4.578855,"injury","2","clear",false,1,"GM0599"
"20220204078",2022,"Uitsluitend materiele schade",2,"Personenauto","Fiets","Geparkeerd voertuig","Rechte weg",30,"Brandend","Duisternis","Droog","Parkeervoorziening","276339088","Kapittelweg","Hilversum","Hilversum","Noord-Holland",false,52.215142,5.141943,"material damage only","4","clear",false,1,"GM0402"
"20220205616",2022,"Uitsluitend materiele schade",2,"Bromfiets","Fiets","Frontaal","Rechte weg",30,"Niet brandend","Daglicht","Droog",\N,\N,"Rubenslaan","Utrecht","Utrecht","Utrecht",false,52.079428,5.136921,"material damage only","4","clear",false,1,"GM0344"
"20220206698",2022,"Letsel",2,"e-bike","Fiets","Frontaal","Rechte weg",\N,"Niet brandend","Daglicht","Droog",\N,\N,"Zuidtangent","Heerhugowaard","Dijk en Waard","Noord-Holland",false,52.666651,4.824933,"injury","2","clear",false,1,"GM1980"
"20220216881",2022,"Letsel",2,"Personenauto","Fiets","Flank","Kruispunt, 4 takken",50,"Niet brandend","Daglicht","Droog",\N,\N,"Sir Winston Churchillln","Rijswijk","Rijswijk","Zuid-Holland",false,52.040047,4.325639,"injury","2","clear",false,1,\N
"20220231689",2022,"Letsel",2,"Snorfiets","Fiets","Flank","Kruispunt, 3 takken",30,"Niet brandend","Daglicht","Droog",\N,\N,"Heukelstraat","Maastricht","Maastricht","Limburg",false,50.859048,5.725831,"injury","2","clear",false,1,"GM0935"
"20220211184",2022,"Uitsluitend materiele schade",2,"Personenauto","Fiets","Flank","Kruispunt, 4 takken",50,"Niet brandend","Daglicht","Droog",\N,\N,"Hoekenes","Amsterdam","Amsterdam","Noord-Holland",false,52.352585,4.80289,"material damage only","4","clear",false,1,"GM0363"
"20220211845",2022,"Uitsluitend materiele schade",3,"Personenauto","Fiets","Onbekend","Kruispunt, 4 takken",50,"Brandend","Duisternis","Droog",\N,\N,"Floraweg","Amsterdam","Amsterdam","Noord-Holland",false,52.398727,4.907153,"material damage only","4","clear",false,1,"GM0363"
"20220216218",2022,"Letsel",3,"Fiets","Fiets","Onbekend","Kruispunt, 4 takken",30,"Niet brandend","Daglicht","Droog",\N,\N,"Kanaalstraat","Waddinxveen","Waddinxveen","Zuid-Holland",false,52.044613,4.654172,"injury","2","clear",false,1,"GM0627"
"20220212907",2022,"Uitsluitend materiele schade",2,"Personenauto","Fiets","Frontaal","Rotonde",50,"Brandend","Duisternis","Regen",\N,\N,"Laan der Continenten","Alphen aan den Rijn","Alphen aan den Rijn","Zuid-Holland",false,52.128423,4.654109,"material damage only","4","rain",false,1,"GM0484"
"20220216952",2022,"Letsel",2,"Personenauto","Fiets","Flank","Kruispunt, 4 takken",50,"Niet brandend","Daglicht",\N,\N,\N,"Nieuwe Haven","'s-Gravenhage","'s-Gravenhage","Zuid-Holland",false,52.076099,4.322281,"injury","2","unknown",false,1,"GM0518"
"20220225691",2022,"Uitsluitend materiele schade",2,"Personenauto","Fiets","Onbekend",\N,50,\N,"Daglicht",\N,\N,"600892368","Laan van Limburg","Roosendaal","Roosendaal","Noord-Brabant",false,51.529504,4.454489,"material damage only","4","unknown",false,1,"GM1674"
"20220228439",2022,"Uitsluitend materiele schade",2,"Personenauto","e-bike","Flank","Kruispunt, 4 takken",50,"Niet brandend","Daglicht","Droog",\N,\N,"Goudsbloemstraat","Rosmalen","'s-Hertogenbosch","Noord-Brabant",false,51.712957,5.356773,"material damage only","4","clear",false,1,"GM0796"
"20220215538",2022,"Letsel",3,"Personenauto","Fiets","Onbekend","Rotonde",50,"Niet brandend","Daglicht","Droog",\N,\N,"Sportlaan","'s-Gravenhage","'s-Gravenhage","Zuid-Holland",false,52.072357,4.240842,"injury","2","clear",false,1,"GM0518"
"20220226499",2022,"Letsel",3,"Personenauto","Fiets","Onbekend","Rotonde",50,"Niet aanwezig","Daglicht","Droog",\N,\N,"Zoomdam","Bergen op Zoom","Bergen op Zoom","Noord-Brabant",false,51.499556,4.281288,"injury","2","clear",false,1,"GM0748"
"20220229238",2022,"Letsel",1,"e-bike",\N,"Eenzijdig","Rechte weg",30,"Niet brandend","Daglicht","Regen",\N,"316206084","St. Willibrordusstraat","Schijndel","Meierijstad","Noord-Brabant",false,51.618338,5.437739,"injury","2","rain",false,1,"GM1948"
"20220219960",2022,"Letsel",2,"Fiets","Fiets","Geparkeerd voertuig","Rechte weg",60,"Brandend","Duisternis","Droog","Parkeervoorziening","600114511","Molenweg","Heerjansdam","Zwijndrecht","Zuid-Holland",false,51.842917,4.570658,"injury","2","clear",false,1,"GM0642"
"20220229275",2022,"Letsel",3,"Fiets","Fiets","Frontaal","Rechte weg",30,"Brandend","Duisternis","Droog",\N,"323173080","Winston Churchilllaan","Eindhoven","Eindhoven","Noord-Brabant",false,51.467689,5.483527,"injury","2","clear",false,1,"GM0772"
"20220229955",2022,"Letsel",3,"Personenauto","Fiets","Flank","Rechte weg",50,"Brandend","Duisternis","Regen",\N,"297221053","Parklaan","'s-Hertogenbosch","'s-Hertogenbosch","Noord-Brabant",false,51.68511,5.299863,"injury","2","rain",false,1,"GM0796"
"20220214098",2022,"Letsel",2,"Fiets","e-bike","Flank","Rechte weg",50,"Brandend","Duisternis","Droog",\N,"600108198","Hoorneslaan","Katwijk","Katwijk","Zuid-Holland",false,52.204327,4.425843,"injury","2","clear",false,1,"GM0537"
"20220213317",2022,"Uitsluitend materiele schade",2,"Personenauto","Fiets","Geparkeerd voertuig",\N,30,"Niet brandend","Daglicht","Droog","Parkeervoorziening","600187728","Middenmolenplein","Gouda","Gouda","Zuid-Holland",false,52.011023,4.743114,"material damage only","4","clear",false,1,"GM0513"
"20220214136",2022,"Letsel",3,"Personenauto","e-bike","Onbekend","Rechte weg",30,"Niet brandend","Daglicht","Droog",\N,"170290043","Rotterdamseweg","Delft","Delft","Zuid-Holland",false,51.991396,4.37347,"injury","2","clear",false,1,"GM0503"
"20220214965",2022,"Uitsluitend materiele schade",2,"Snorfiets","Fiets","Flank","Rechte weg",50,"Niet brandend","Daglicht","Regen",\N,"158306138","Soestdijksekade","'s-Gravenhage","'s-Gravenhage","Zuid-Holland",false,52.061136,4.283946,"material damage only","4","rain",false,1,"GM0518"
"20220215716",2022,"Letsel",2,"Fiets","Personenauto","Flank","Kruispunt, 3 takken",30,"Brandend","Schemer","Droog",\N,\N,"Heereweg","Lisse","Lisse","Zuid-Holland",false,52.254483,4.54921,"injury","2","clear",false,1,"GM0553"
"20220220051",2022,"Letsel",2,"Fiets","Personenauto","Flank","Rechte weg",60,"Brandend","Daglicht","Droog",\N,"600732989","Hoefweg","Bleiswijk","Lansingerland","Zuid-Holland",false,52.013012,4.531244,"injury","2","clear",false,1,"GM1621"
"20220231217",2022,"Uitsluitend materiele schade",1,"Fiets",\N,"Onbekend",\N,50,\N,"Daglicht",\N,\N,"372062074","Rijksweg Noord","Geleen","Sittard-Geleen","Limburg",false,50.973038,5.834508,"material damage only","4","unknown",false,1,"GM1883"
"20220202888",2022,"Letsel",2,"Fiets","Fiets","Flank","Kruispunt, 3 takken",\N,"Niet brandend","Schemer","Droog",\N,\N,"Lantaarnstede","Nieuwegein","Nieuwegein","Utrecht",false,52.028877,5.086376,"injury","2","clear",false,1,"GM0356"
"20220202901",2022,"Uitsluitend materiele schade",2,"Fiets",\N,"Flank","Kruispunt, 4 takken",30,"Niet brandend","Daglicht","Droog",\N,\N,"Jan de Bakkerstraat","Woerden","Woerden","Utrecht",false,52.087635,4.885156,"material damage only","4","clear",false,1,"GM0632"
"20220215747",2022,"Letsel",1,"Fiets",\N,"Eenzijdig","Rechte weg",50,"Brandend","Duisternis","Droog",\N,"215298063","Ridder van Catsweg","Gouda","Gouda","Zuid-Holland",false,52.031067,4.69785,"injury","2","clear",false,1,"GM0513"
"20220217157",2022,"Letsel",2,"Personenauto","e-bike","Flank","Kruispunt, 4 takken",30,"Niet brandend","Daglicht","Regen",\N,\N,"Schubertstraat","Nieuwerkerk aan den IJssel","Zuidplas","Zuid-Holland",false,51.963847,4.609073,"injury","2","rain",false,1,"GM1892"
"20220219265",2022,"Letsel",2,"Personenauto","Fiets","Flank",\N,30,"Niet brandend","Daglicht","Droog",\N,"184277022","Zwart Janstraat","Rotterdam","Rotterdam","Zuid-Holland",false,51.933143,4.478667,"injury","2","clear",false,1,"GM0599"
"20220225108",2022,"Uitsluitend materiele schade",2,"Personenauto","Fiets","Onbekend",\N,80,\N,"Daglicht",\N,\N,"600767704","Bredaseweg","Tilburg","Tilburg","Noord-Brabant",false,51.5659,4.986377,"material damage only","4","unknown",false,1,"GM0855"
"20220204515",2022,"Uitsluitend materiele schade",3,"Bromfiets","Fiets","Frontaal","Rechte weg",30,"Niet brandend","Daglicht","Droog",\N,"279299005","Weerwolfseind","Houten","Houten","Utrecht",false,52.03536,5.165677,"material damage only","4","clear",false,1,"GM0321"
"20220216557",2022,"Uitsluitend materiele schade",2,"Bestelauto","Fiets","Flank","Rotonde",50,"Niet brandend","Daglicht","Droog",\N,\N,"Laan van Nieuw Oosteinde","Voorburg","Leidschendam-Voorburg","Zuid-Holland",false,52.074887,4.349996,"material damage only","4","clear",false,1,"GM1916"
"20220220144",2022,"Letsel",2,"Personenauto","Fiets","Flank","Kruispunt, 3 takken",50,"Niet brandend","Daglicht","Droog",\N,\N,"Lindelaan","Zwijndrecht","Zwijndrecht","Zuid-Holland",false,51.816342,4.645354,"injury","2","clear",false,1,"GM0642"
"20220227992",2022,"Letsel",2,"Personenauto","Fiets","Flank","Rotonde",50,"Niet brandend","Daglicht","Droog",\N,\N,"Copernicuslaan","'s-Hertogenbosch","'s-Hertogenbosch","Noord-Brabant",false,51.692266,5.288923,"injury","2","clear",false,1,"GM0796"
"20220199534",2022,"Letsel",2,"Personenauto","Fiets","Flank","Rechte weg",50,"Niet brandend","Daglicht","Droog",\N,"501347005","Boortorenweg","Hengelo","Hengelo (O)","Overijssel",false,52.245226,6.791945,"injury","2","clear",false,1,\N
"20220201693",2022,"Letsel",2,"Personenauto","e-bike","Frontaal","Kruispunt, 4 takken",50,"Niet brandend","Daglicht","Droog",\N,\N,"Medeastraat","Arnhem","Arnhem","Gelderland",false,51.952839,5.850096,"injury","2","clear",false,1,"GM0202"
"20220211512",2022,"Letsel",2,"Personenauto","Fiets","Flank","Kruispunt, 4 takken",50,"Brandend","Duisternis","Droog",\N,\N,"Rhijnspoorplein","Amsterdam","Amsterdam","Noord-Holland",false,52.360378,4.908363,"injury","2","clear",false,1,"GM0363"
"20240137672",2024,"Uitsluitend materiele schade",2,"Bestelauto","Fiets","Flank","Rotonde",50,"Niet brandend","Daglicht","Droog",\N,\N,"Pastoor van Weerdtstraat","Teeffelen","Oss","Noord-Brabant",false,51.797991,5.492047,"material damage only","4","clear",false,1,"GM0828"
"20240138324",2024,"Letsel",1,"Fiets",\N,"Onbekend","Kruispunt, 4 takken",60,"Niet brandend","Daglicht","Droog",\N,\N,"Tolsestraat","Opheusden","Neder-Betuwe","Gelderland",false,51.934774,5.602073,"injury","2","clear",false,1,"GM1740"
"20240142123",2024,"Letsel",2,"Bus","Fiets","Flank","Kruispunt, 4 takken",30,"Niet brandend","Daglicht","Droog",\N,\N,"Wethouder Frankeweg","Amsterdam","Amsterdam","Noord-Holland",false,52.351267,4.93581,"injury","2","clear",false,1,"GM0363"
"20240133978",2024,"Letsel",1,"Fiets",\N,"Onbekend",\N,30,\N,"Duisternis",\N,\N,"600215342","Utrechtse Veer","Leiden","Leiden","Zuid-Holland",false,52.155909,4.49901,"injury","2","unknown",false,1,"GM0546"
"20240135820",2024,"Letsel",1,"Fiets",\N,"Onbekend","Rechte weg",50,"Niet brandend","Daglicht","Droog","Spoorwegovergang","600612048","Oude Maasweg","Botlek Rotterdam","Rotterdam","Zuid-Holland",false,51.871051,4.322318,"injury","2","clear",false,1,"GM0599"
"20240138359",2024,"Letsel",2,"Personenauto","Fiets","Flank","Kruispunt, 4 takken",60,"Niet brandend","Daglicht","Droog",\N,\N,"Schapenstreek","Balkbrug","Hardenberg","Overijssel",false,52.610688,6.379925,"injury","2","clear",false,1,"GM0160"
"20240140401",2024,"Letsel",2,"Personenauto","Fiets","Flank","Kruispunt, 4 takken",50,"Niet brandend","Daglicht","Regen",\N,\N,"van Wassenaerstraat","Driebergen-Rijsenburg","Utrechtse Heuvelrug","Utrecht",false,52.054606,5.293828,"injury","2","rain",false,1,"GM1581"
"20240140444",2024,"Letsel",2,"Fiets","Personenauto","Flank","Rotonde",50,"Niet aanwezig","Daglicht","Droog",\N,\N,"Steinhagenseweg","Woerden","Woerden","Utrecht",false,52.084188,4.89866,"injury","2","clear",false,1,"GM0632"
"20240141351",2024,"Letsel",2,"Bestelauto","Fiets","Flank","Kruispunt, 3 takken",30,"Niet brandend","Daglicht","Droog",\N,\N,"Bakkerstraat","Garderen","Barneveld","Gelderland",false,52.233206,5.713657,"injury","2","clear",false,1,"GM0203"
"20240143762",2024,"Letsel",2,"Fiets","Personenauto","Geparkeerd voertuig","Rechte weg",50,"Niet brandend","Daglicht","Regen",\N,"600105486","Dierenselaan","'s-Gravenhage","'s-Gravenhage","Zuid-Holland",false,52.066576,4.284371,"injury","2","rain",false,1,"GM0518"
"20240134654",2024,"Uitsluitend materiele schade",1,"Fiets",\N,"Onbekend","Bocht",50,"Niet brandend","Daglicht","Droog",\N,"152276040","Richard Hollaan","Maassluis","Maassluis","Zuid-Holland",false,51.928664,4.245369,"material damage only","4","clear",false,1,"GM0556"
"20240135263",2024,"Letsel",2,"Fiets","Bromfiets","Onbekend","Rechte weg",80,"Niet aanwezig","Daglicht","Droog",\N,"600707767","WESTKANAALWEG NOORD","Sluiskil","Terneuzen","Zeeland",false,51.29499,3.833497,"injury","2","clear",false,1,"GM0715"
"20240137800",2024,"Uitsluitend materiele schade",2,"Personenauto","Fiets","Flank","Rotonde",50,"Niet brandend","Daglicht","Droog",\N,\N,"de Valkenberg","Valkenburg","Valkenburg aan de Geul","Limburg",false,50.873185,5.814705,"material damage only","4","clear",false,1,"GM0994"
"20240143303",2024,"Letsel",2,"Fiets","Los voorwerp","Los voorwerp","Bocht",30,"Niet brandend","Daglicht","Droog",\N,"601015076","Zuidplashof","Waddinxveen","Waddinxveen","Zuid-Holland",false,52.036991,4.636897,"injury","2","clear",false,1,"GM0627"
"20240139165",2024,"Letsel",2,"Personenauto","Fiets","Frontaal","Rechte weg",30,"Brandend","Duisternis","Droog",\N,"346521216","Prins Hendrikkade","Sneek","Súdwest-Fryslân","Friesland",false,53.03372,5.66016,"injury","2","clear",false,1,"GM1900"
"20240140344",2024,"Uitsluitend materiele schade",2,"Personenauto","Fiets","Flank","Rotonde",50,"Niet brandend","Daglicht","Droog",\N,\N,"Sweelincklaan","Nieuwegein","Nieuwegein","Utrecht",false,52.042636,5.093362,"material damage only","4","clear",false,1,"GM0356"
"20240134210",2024,"Uitsluitend materiele schade",2,"Personenauto","Fiets","Kop/staart","Bocht",50,"Niet brandend","Daglicht","Droog",\N,"600919351","Heilaarstraat","Breda","Breda","Noord-Brabant",false,51.588053,4.735119,"material damage only","4","clear",false,1,"GM0758"
"20240141210",2024,"Letsel",2,"Personenauto","Fiets","Flank","Kruispunt, 4 takken",60,"Brandend","Duisternis","Regen",\N,\N,"Terborgseweg","Zelhem","Bronckhorst","Gelderland",false,51.985538,6.335698,"injury","2","rain",false,1,"GM1876"
"20240141586",2024,"Letsel",2,"Personenauto","Fiets","Flank","Kruispunt, 3 takken",30,"Niet brandend","Daglicht","Droog",\N,\N,"Warmondstraat","Amsterdam","Amsterdam","Noord-Holland",false,52.354939,4.84946,"injury","2","clear",false,1,"GM0363"
"20240138634",2024,"Uitsluitend materiele schade",2,"Fiets","Snorfiets","Flank","Kruispunt, 3 takken",30,"Brandend","Duisternis","Droog",\N,\N,"Conradweg","Arnhem","Arnhem","Gelderland",false,51.97554,5.949116,"material damage only","4","clear",false,1,"GM0202"
"20240141994",2024,"Uitsluitend materiele schade",2,"Bestelauto","Fiets","Flank","Bocht",30,"Niet brandend","Daglicht","Droog",\N,"241377082","Houtmankade","Amsterdam","Amsterdam","Noord-Holland",false,52.386783,4.88316,"material damage only","4","clear",false,1,"GM0363"
"20240151262",2024,"Letsel",2,"Fiets","Fiets","Kop/staart","Rechte weg",50,"Niet brandend","Daglicht","Droog",\N,"469367018","Rijssensestraat","Wierden","Wierden","Overijssel",false,52.339098,6.564647,"injury","2","clear",false,1,"GM0189"
"20240141659",2024,"Uitsluitend materiele schade",2,"Fiets","Personenauto","Flank","Rechte weg",30,"Niet brandend","Daglicht","Droog",\N,"253363020","Groeneveen","Amsterdam","Amsterdam","Noord-Holland",false,52.320684,4.97471,"material damage only","4","clear",false,1,"GM0363"
"20240147871",2024,"Uitsluitend materiele schade",2,"Fiets","Personenauto","Flank","Rechte weg",50,"Niet brandend","Daglicht","Droog",\N,"414153085","Groot Bollerweg","Venlo","Venlo","Limburg",false,51.379723,6.137713,"material damage only","4","clear",false,1,"GM0983"
"20240148178",2024,"Uitsluitend materiele schade",2,"Personenauto","Fiets","Flank","Rechte weg",30,"Niet brandend","Daglicht","Droog",\N,"263184007","Wittendijk","Goirle","Goirle","Noord-Brabant",false,51.519435,5.055007,"material damage only","4","clear",false,1,"GM0785"
"20240145371",2024,"Letsel",2,"Bromfiets","Fiets","Flank","Rechte weg",30,"Niet brandend","Daglicht","Droog",\N,"600635732","Nieuwe Zuidbeekseweg","Vlissingen","Vlissingen","Zeeland",false,51.464833,3.580384,"injury","2","clear",false,1,"GM0718"
"20240138767",2024,"Uitsluitend materiele schade",2,"Personenauto","e-bike","Flank","Kruispunt, 3 takken",50,"Niet brandend","Daglicht","Droog",\N,\N,"Moslaan","Arnhem","Arnhem","Gelderland",false,52.00224,5.94659,"material damage only","4","clear",false,1,"GM0202"
"20240145742",2024,"Uitsluitend materiele schade",2,"Personenauto","Fiets","Onbekend","Rotonde",50,"Niet brandend","Daglicht","Droog",\N,\N,"Laan van Welhorst","Hendrik-Ido-Ambacht","Hendrik-Ido-Ambacht","Zuid-Holland",false,51.833555,4.649451,"material damage only","4","clear",false,1,"GM0531"
"20240143586",2024,"Uitsluitend materiele schade",2,"Personenauto","Fiets","Onbekend",\N,\N,\N,"Daglicht",\N,\N,"250378082","Volendammerweg","Amsterdam","Amsterdam","Noord-Holland",false,52.390852,4.952439,"material damage only","4","unknown",false,1,"GM0363"
"20240145639",2024,"Letsel",2,"Personenauto","Fiets","Flank","Kruispunt, 4 takken",50,"Brandend","Duisternis","Regen",\N,\N,"Heemraadssingel","Rotterdam","Rotterdam","Zuid-Holland",false,51.91381,4.454542,"injury","2","rain",false,1,"GM0599"
"20240138821",2024,"Letsel",2,"Fiets","Voetganger","Voetganger","Rechte weg",50,"Niet aanwezig","Daglicht","Droog",\N,"600662414","Egelantierstraat","Leeuwarden","Leeuwarden","Friesland",false,53.209853,5.824577,"injury","2","clear",false,1,"GM0080"
"20240138841",2024,"Uitsluitend materiele schade",2,"Fiets","Personenauto","Onbekend","Kruispunt, 4 takken",30,"Niet brandend","Daglicht","Regen",\N,\N,"Koppelboerhoek","Enschede","Enschede","Overijssel",false,52.193858,6.856682,"material damage only","4","rain",false,1,"GM0153"
"20240144795",2024,"Uitsluitend materiele schade",2,"Personenauto","Fiets","Kop/staart","Rechte weg",50,"Brandend","Duisternis","Droog",\N,"266191091","Korvelseweg","Tilburg","Tilburg","Noord-Brabant",false,51.55089,5.073334,"material damage only","4","clear",false,1,"GM0855"
"20240146179",2024,"Letsel",2,"Fiets","Personenauto","Flank","Kruispunt, 3 takken",50,"Niet brandend","Daglicht",\N,\N,\N,"Marconisingel","Berkel en Rodenrijs","Lansingerland","Zuid-Holland",false,51.977136,4.452996,"injury","2","unknown",false,1,"GM1621"
"20240146700",2024,"Letsel",2,"Fiets","Personenauto","Onbekend","Rotonde",50,"Niet brandend","Daglicht","Droog",\N,\N,"Heerlerbaan","Heerlen","Heerlen","Limburg",false,50.862838,6.005178,"injury","2","clear",false,1,"GM0917"
"20240146948",2024,"Uitsluitend materiele schade",2,"Personenauto","Fiets","Onbekend","Rotonde",50,"Brandend","Schemer","Droog",\N,\N,"Nachtegaallaan","Helmond","Helmond","Noord-Brabant",false,51.490862,5.666015,"material damage only","4","clear",false,1,"GM0794"
"20240146970",2024,"Uitsluitend materiele schade",2,"Bestelauto","Fiets","Flank","Rotonde",50,"Niet brandend","Daglicht","Droog",\N,\N,"Laaghemaal","Rosmalen","'s-Hertogenbosch","Noord-Brabant",false,51.725862,5.359781,"material damage only","4","clear",false,1,"GM0796"
"20240147079",2024,"Uitsluitend materiele schade",1,"Fiets",\N,"Onbekend","Rechte weg",30,"Brandend","Duisternis","Droog",\N,"304224008","Hendrik Wiegersmalaan","Rosmalen","'s-Hertogenbosch","Noord-Brabant",false,51.698415,5.348732,"material damage only","4","clear",false,1,"GM0796"
"20240149692",2024,"Uitsluitend materiele schade",2,"Personenauto","Fiets","Frontaal","Kruispunt, 3 takken",50,"Brandend","Schemer","Droog",\N,\N,"Gemsstraat","Nijmegen","Nijmegen","Gelderland",false,51.824055,5.852096,"material damage only","4","clear",false,1,"GM0268"
"20240144248",2024,"Letsel",2,"Fiets","Fiets","Onbekend","Rechte weg",30,"Niet brandend","Daglicht","Regen",\N,"185333004","Lange Voort","Oegstgeest","Oegstgeest","Zuid-Holland",false,52.185709,4.478592,"injury","2","rain",false,1,"GM0579"
"20240144853",2024,"Letsel",1,"Fiets",\N,"Onbekend","Bocht",30,"Brandend","Duisternis","Regen",\N,\N,"Karel Doormanlaan","Zwijndrecht","Zwijndrecht","Zuid-Holland",false,51.812835,4.645253,"injury","2","rain",false,1,"GM0642"
"20240135131",2024,"Uitsluitend materiele schade",2,"Bestelauto","Fiets","Onbekend","Kruispunt, 3 takken",50,"Niet brandend","Daglicht","Droog",\N,\N,"Bredasestraat","Bergen op Zoom","Bergen op Zoom","Noord-Brabant",false,51.497311,4.295293,"material damage only","4","clear",false,1,"GM0748"
"20240138905",2024,"Letsel",2,"Personenauto","Fiets","Flank","Kruispunt, 4 takken",50,"Niet brandend","Daglicht","Droog",\N,\N,"Boslaan","Emmen","Emmen","Drenthe",false,52.789715,6.902056,"injury","2","clear",false,1,"GM0114"
"20240147562",2024,"Letsel",2,"Personenauto","Fiets","Los voorwerp","Rechte weg",50,"Niet brandend","Daglicht","Droog",\N,"390106005","Schepersweg","Herten","Roermond","Limburg",false,51.166778,5.961301,"injury","2","clear",false,1,"GM0957"
"20240150140",2024,"Letsel",3,"Personenauto","Fiets","Onbekend",\N,50,\N,"Daglicht",\N,\N,"600775968","Prinses Marijkestraat","Leerdam","Vijfheerenlanden","Utrecht",false,51.892609,5.103969,"injury","2","unknown",false,1,"GM1961"
"20240007237",2024,"Letsel",2,"Fiets","Voetganger","Voetganger","Rechte weg",50,"Niet brandend","Daglicht","Droog",\N,"239376114","Van Hallstraat","Amsterdam","Amsterdam","Noord-Holland",false,52.379475,4.871428,"injury","2","clear",false,1,"GM0363"
"20240007834",2024,"Uitsluitend materiele schade",3,"Personenauto","Fiets","Onbekend","Kruispunt, 4 takken",30,"Niet brandend","Schemer","Regen",\N,\N,"Noordhollandstraat","Amsterdam","Amsterdam","Noord-Holland",false,52.327793,4.865588,"material damage only","4","rain",false,1,"GM0363"
"20240010886",2024,"Letsel",2,"Bestelauto","Fiets","Onbekend","Kruispunt, 4 takken",30,"Niet brandend","Daglicht","Regen",\N,\N,"Rotterdamweg","Almere","Almere","Flevoland",false,52.36157,5.20514,"injury","2","rain",false,1,"GM0034"
"20240012414",2024,"Uitsluitend materiele schade",2,"Personenauto","Fiets","Onbekend","Rotonde",15,"Niet brandend","Daglicht","Regen",\N,\N,"Admiralengracht","Amsterdam","Amsterdam","Noord-Holland",false,52.371127,4.856874,"material damage only","4","rain",false,1,"GM0363"
"20240151588",2024,"Uitsluitend materiele schade",2,"Personenauto","Fiets","Onbekend",\N,30,\N,"Duisternis",\N,\N,"319292016","Burg W Martenslaan","Amerongen","Utrechtse Heuvelrug","Utrecht",false,52.004809,5.460397,"material damage only","4","unknown",false,1,"GM1581"
"20230108110",2023,"Uitsluitend materiele schade",2,"Personenauto","Fiets","Flank","Kruispunt, 4 takken",50,"Brandend","Schemer","Mist/Regen",\N,\N,"Pr Willem-Alexanderpark","Veenendaal","Veenendaal","Utrecht",false,52.030136,5.54409,"material damage only","4","unknown",false,1,"GM0345"
"20230109266",2023,"Letsel",2,"Personenauto","e-bike","Flank","Kruispunt, 3 takken",15,"Niet brandend","Daglicht","Droog",\N,\N,"Zuiderval","Enschede","Enschede","Overijssel",false,52.201527,6.893564,"injury","2","clear",false,1,"GM0153"
"20240157071",2024,"Uitsluitend materiele schade",2,"Personenauto","Fiets","Flank","Kruispunt, 4 takken",30,"Niet brandend","Daglicht","Regen",\N,\N,"Lage Witsiebaan","Tilburg","Tilburg","Noord-Brabant",false,51.572833,5.061681,"material damage only","4","rain",false,1,"GM0855"
"20240157085",2024,"Uitsluitend materiele schade",2,"Personenauto","Fiets","Flank","Rotonde",30,"Niet brandend","Daglicht",\N,\N,\N,"Comm B v Drakesteinln","'s-Hertogenbosch","'s-Hertogenbosch","Noord-Brabant",false,51.694491,5.262568,"material damage only","4","unknown",false,1,"GM0796"
"20240157712",2024,"Uitsluitend materiele schade",2,"Personenauto","Fiets","Flank","Kruispunt, 3 takken",30,"Brandend","Duisternis","Droog",\N,\N,"Rosariumplein","Krommenie","Zaanstad","Noord-Holland",true,52.503404,4.758959,"material damage only","4","clear",false,1,"GM0479"
"20240001990",2024,"Letsel",2,"Personenauto","Fiets","Onbekend","Kruispunt, 4 takken",70,"Brandend","Duisternis","Regen",\N,\N,"Insulindelaan","Eindhoven","Eindhoven","Noord-Brabant",false,51.441733,5.504066,"injury","2","rain",false,1,"GM0772"
"20240007519",2024,"Letsel",2,"Personenauto","Fiets","Flank","Kruispunt, 3 takken",30,"Brandend","Schemer","Droog",\N,\N,"Hoofdweg","Amsterdam","Amsterdam","Noord-Holland",false,52.369092,4.851411,"injury","2","clear",false,1,"GM0363"
"20240008866",2024,"Uitsluitend materiele schade",2,"Personenauto","Fiets","Flank","Kruispunt, 4 takken",50,"Brandend","Duisternis","Regen",\N,\N,"Stationsweg","Barneveld","Barneveld","Gelderland",false,52.159758,5.60106,"material damage only","4","rain",false,1,"GM0203"
"20240008868",2024,"Letsel",2,"Personenauto","Fiets","Eenzijdig","Kruispunt, 3 takken",30,"Niet brandend","Daglicht","Droog",\N,\N,"Floresplein","Groningen","Groningen","Groningen",false,53.23124,6.570548,"injury","2","clear",false,1,"GM0014"
"20240012452",2024,"Uitsluitend materiele schade",2,"Personenauto","Fiets","Flank","Kruispunt, 4 takken",50,"Brandend","Schemer","Regen",\N,\N,"Planciusstraat","Amsterdam","Amsterdam","Noord-Holland",false,52.385364,4.883824,"material damage only","4","rain",false,1,"GM0363"
"20240017036",2024,"Letsel",2,"Personenauto","Fiets","Flank","Kruispunt, 3 takken",50,"Niet brandend","Daglicht","Droog",\N,\N,"Daendelsweg","Apeldoorn","Apeldoorn","Gelderland",false,52.221515,5.954121,"injury","2","clear",false,1,"GM0200"