"accident_id","year","severity_raw","party_count","party1_type","party2_type","accident_type","road_situation","speed_limit_kmh","road_lighting","light_condition_label","weather_raw","infra_type","road_segment_id","street_name","place_name","gemeente_name_raw","province","alcohol_indicated","latitude","longitude","severity_label","severity_code","weather_label","built_up_area","cyclists_involved","gemeente_code"
"20230109933",2023,"Letsel",2,"Fiets","Fiets","Flank","Kruispunt, 3 takken",30,"Brandend","Duisternis","Droog",\N,\N,"De Run","Veldhoven","Veldhoven","Noord-Brabant",false,51.396539,5.387287,"injury","2","clear",false,1,"GM0861"
"20240155855",2024,"Uitsluitend materiele schade",2,"Personenauto","Fiets","Flank","Kruispunt, 4 takken",30,"Brandend","Duisternis","Droog",\N,\N,"Wycker Brugstraat","Maastricht","Maastricht","Limburg",false,50.849473,5.698384,"material damage only","4","clear",false,1,"GM0935"
"20230112873",2023,"Uitsluitend materiele schade",2,"Personenauto","Fiets","Flank","Rotonde",50,"Brandend","Duisternis","Droog",\N,\N,"Papsouwselaan","Delft","Delft","Zuid-Holland",false,51.997125,4.355326,"material damage only","4","clear",false,1,"GM0503"
"20230112878",2023,"Letsel",1,"Fiets",\N,"Eenzijdig","Rechte weg",30,"Brandend","Schemer","Regen",\N,"178296099","Oostlaan","Pijnacker","Pijnacker-Nootdorp","Zuid-Holland",false,52.019179,4.430803,"injury","2","rain",false,1,"GM1926"
"20240002415",2024,"Uitsluitend materiele schade",2,"Personenauto","Fiets","Onbekend","Bocht",80,"Niet brandend","Daglicht","Sneeuw/Hagel",\N,\N,"Egelantier","Geleen","Sittard-Geleen","Limburg",false,50.992303,5.815798,"material damage only","4","unknown",false,1,"GM1883"
"20240008309",2024,"Letsel",2,"Fiets","Fiets","Flank","Rechte weg",30,"Niet brandend","Daglicht","Droog",\N,\N,"Generaal Eisenhowerplein","Rijswijk","Rijswijk","Zuid-Holland",false,52.037573,4.322853,"injury","2","clear",false,1,\N
"20240011290",2024,"Letsel",2,"Personenauto","Fiets","Flank","Rotonde",50,"Niet brandend","Daglicht","Droog",\N,\N,"Deimoslaan","Heerhugowaard","Dijk en Waard","Noord-Holland",false,52.67342,4.835087,"injury","2","clear",false,1,"GM1980"
"20240011886",2024,"Uitsluitend materiele schade",2,"Bromfiets","Fiets","Flank","Rechte weg",50,"Niet brandend","Daglicht","Regen",\N,"407407116","Bisschop Willebrandlaan","Zwolle","Zwolle","Overijssel",false,52.51786,6.10497,"material damage only","4","rain",false,1,"GM0193"
"20240012476",2024,"Uitsluitend materiele schade",2,"Snorfiets","Fiets","Flank","Kruispunt, 3 takken",50,"Niet brandend","Schemer","Droog","Tunnel",\N,"FIETSPAD","Alphen aan den Rijn","Alphen aan den Rijn","Zuid-Holland",false,52.15051,4.659431,"material damage only","4","clear",false,1,"GM0484"
"20240021354",2024,"Letsel",2,"Fiets","Fiets","Kop/staart","Kruispunt, 4 takken",30,"Niet brandend","Daglicht","Droog",\N,\N,"Apollolaan","Amsterdam","Amsterdam","Noord-Holland",false,52.350363,4.878777,"injury","2","clear",false,1,"GM0363"
"20240152986",2024,"Letsel",2,"Fiets","Snorfiets","Flank","Kruispunt, 4 takken",50,"Niet brandend","Daglicht","Droog",\N,\N,"Kerkstraat","Volendam","Edam-Volendam","Noord-Holland",false,52.49358,5.068558,"injury","2","clear",false,1,"GM0385"
"20230112319",2023,"Letsel",2,"Fiets","Voetganger","Voetganger","Kruispunt, 3 takken",30,"Niet brandend","Daglicht","Droog",\N,\N,"Poelweteringpad","Leiden","Leiden","Zuid-Holland",false,52.166594,4.472103,"injury","2","clear",false,1,"GM0546"
"20230112335",2023,"Letsel",2,"Personenauto","Fiets","Flank","Kruispunt, 3 takken",50,"Brandend","Schemer","Droog",\N,\N,"Laan van Oversteen","Rijswijk","Rijswijk","Zuid-Holland",false,52.050462,4.347715,"injury","2","clear",false,1,\N
"20240156557",2024,"Letsel",2,"Fiets","Fiets","Flank","Bocht",30,"Niet brandend","Daglicht","Droog",\N,"600790104","Orthenseweg","'s-Hertogenbosch","'s-Hertogenbosch","Noord-Brabant",false,51.699185,5.305064,"injury","2","clear",false,1,"GM0796"
"20240001440",2024,"Uitsluitend materiele schade",2,"Fiets","Personenauto","Flank","Rotonde",50,"Niet brandend","Daglicht","Droog",\N,\N,"Putselaan","Rotterdam","Rotterdam","Zuid-Holland",false,51.898194,4.502236,"material damage only","4","clear",false,1,"GM0599"
"20240001445",2024,"Letsel",2,"Brommobiel","Fiets","Frontaal","Rechte weg",30,"Niet brandend","Daglicht","Droog",\N,"600706107","Mercuriusweg","Vlissingen","Vlissingen","Zeeland",false,51.452433,3.584145,"injury","2","clear",false,1,"GM0718"
"20240002454",2024,"Uitsluitend materiele schade",2,"Fiets","Personenauto","Flank","Kruispunt, 3 takken",50,"Niet brandend","Daglicht","Droog",\N,\N,"Kloosterweg","Heerlen","Heerlen","Limburg",false,50.897413,5.966609,"material damage only","4","clear",false,1,"GM0917"
"20240022752",2024,"Letsel",2,"Personenauto","Fiets","Flank","Rechte weg",50,"Niet brandend","Daglicht","Droog",\N,"600588618","W. van Vlietstraat","Oud-Beijerland","Hoeksche Waard","Zuid-Holland",false,51.820807,4.406051,"injury","2","clear",false,1,"GM1963"
"20230109386",2023,"Uitsluitend materiele schade",2,"Fiets","Personenauto","Flank","Kruispunt, 4 takken",50,"Niet brandend","Daglicht","Droog",\N,\N,"Van Essenlaan","Veenendaal","Veenendaal","Utrecht",false,52.021238,5.576272,"material damage only","4","clear",false,1,"GM0345"
"20240156600",2024,"Letsel",2,"Personenauto","e-bike","Onbekend","Kruispunt, 4 takken",50,"Niet brandend","Daglicht","Droog",\N,\N,"Sterrenlaan","Eindhoven","Eindhoven","Noord-Brabant",false,51.467816,5.48635,"injury","2","clear",false,1,"GM0772"
"20240012561",2024,"Letsel",2,"Personenauto","e-bike","Flank","Rotonde",50,"Brandend","Schemer","Regen",\N,\N,"Plesmanlaan","Amsterdam","Amsterdam","Noord-Holland",false,52.350759,4.81086,"injury","2","rain",false,1,"GM0363"
"20240023414",2024,"Uitsluitend materiele schade",1,"Fiets",\N,"Onbekend","Rechte weg",\N,"Niet aanwezig","Daglicht","Droog","Tunnel","218295085","Zwarteweg","Gouda","Gouda","Zuid-Holland",false,52.017374,4.722754,"material damage only","4","clear",false,1,"GM0513"
"20240023426",2024,"Letsel",2,"Personenauto","Fiets","Flank","Rechte weg",50,"Niet brandend","Daglicht","Droog",\N,"159306112","De la Reyweg","'s-Gravenhage","'s-Gravenhage","Zuid-Holland",false,52.062025,4.290668,"injury","2","clear",false,1,"GM0518"
"20230110048",2023,"Letsel",2,"e-bike","Personenauto","Flank","Kruispunt, 4 takken",30,"Niet brandend","Daglicht","Droog",\N,\N,"Rosegracht","Terneuzen","Terneuzen","Zeeland",false,51.334787,3.828635,"injury","2","clear",false,1,"GM0715"
"20240152472",2024,"Letsel",2,"Personenauto","Fiets","Flank","Rotonde",50,"Brandend","Schemer","Droog",\N,\N,"Kooilaan","Leiden","Leiden","Zuid-Holland",false,52.167575,4.506401,"injury","2","clear",false,1,"GM0546"
"20230108294",2023,"Uitsluitend materiele schade",2,"Personenauto","Fiets","Flank","Rotonde",50,"Brandend","Duisternis","Droog",\N,\N,"Burg D Kooimanweg","Purmerend","Purmerend","Noord-Holland",false,52.512221,4.957399,"material damage only","4","clear",false,1,"GM0439"
"20240155211",2024,"Letsel",1,"Fiets",\N,"Eenzijdig","Rechte weg",50,"Brandend","Duisternis","Regen",\N,"161310081","Torenstraat","'s-Gravenhage","'s-Gravenhage","Zuid-Holland",false,52.078885,4.303694,"injury","2","rain",false,1,"GM0518"
"20230110064",2023,"Uitsluitend materiele schade",2,"Fiets","Personenauto","Flank","Kruispunt, 4 takken",50,"Niet brandend","Daglicht","Droog",\N,\N,"Franz Lisztstraat","Tilburg","Tilburg","Noord-Brabant",false,51.582312,5.082617,"material damage only","4","clear",false,1,"GM0855"
"20240156072",2024,"Uitsluitend materiele schade",2,"Fiets","Fiets","Frontaal","Rechte weg",50,"Brandend","Schemer","Droog","Brug/viaduct","600656646","Aasterbergerweg","Echt","Echt-Susteren","Limburg",false,51.09824,5.837868,"material damage only","4","clear",false,1,"GM1711"
"20240002943",2024,"Uitsluitend materiele schade",1,"Fiets",\N,"Eenzijdig","Bocht",30,"Niet brandend","Daglicht","Droog",\N,"390109054","Julianaplein","Herten","Roermond","Limburg",false,51.180929,5.963412,"material damage only","4","clear",false,1,"GM0957"
"20240011461",2024,"Uitsluitend materiele schade",1,"Fiets",\N,"Onbekend","Rechte weg",50,"Niet brandend","Daglicht","Droog",\N,"331298059","Davidsplein","Veenendaal","Veenendaal","Utrecht",false,52.029838,5.547331,"material damage only","4","clear",false,1,"GM0345"
"20240012620",2024,"Uitsluitend materiele schade",2,"Personenauto","Fiets","Flank","Rechte weg",30,"Niet brandend","Daglicht","Droog",\N,"160310051","Elandstraat","'s-Gravenhage","'s-Gravenhage","Zuid-Holland",false,52.079091,4.29341,"material damage only","4","clear",false,1,"GM0518"
"20230111270",2023,"Uitsluitend materiele schade",2,"Bestelauto","Fiets","Flank","Rechte weg",30,"Niet brandend","Daglicht","Droog",\N,"238369050","Cornelis Krusemanstraat","Amsterdam","Amsterdam","Noord-Holland",false,52.351599,4.864017,"material damage only","4","clear",false,1,"GM0363"
"20230113044",2023,"Letsel",2,"Fiets","Fiets","Onbekend","Rechte weg",15,"Niet brandend","Daglicht","Droog",\N,"169294429","Vesteplein","Delft","Delft","Zuid-Holland",false,52.00875,4.363467,"injury","2","clear",false,1,"GM0503"
"20240005146",2024,"Letsel",2,"Personenauto","Fiets","Onbekend","Kruispunt, 3 takken",30,"Niet brandend","Daglicht","Droog",\N,\N,"Blink","Uithuizen","Het Hogeland","Groningen",false,53.406438,6.676937,"injury","2","clear",false,1,"GM1966"
"20240006415",2024,"Letsel",2,"Snorfiets","Fiets","Flank","Kruispunt, 3 takken",30,"Niet brandend","Daglicht","Droog",\N,\N,"Munnikenweg","Alkmaar","Alkmaar","Noord-Holland",false,52.636072,4.75732,"injury","2","clear",false,1,"GM0361"
"20240018411",2024,"Uitsluitend materiele schade",2,"Personenauto","Fiets","Kop/staart","Rechte weg",50,"Niet brandend","Daglicht","Droog","Brug/viaduct","600760557","Weerpad","Zaandam","Zaanstad","Noord-Holland",false,52.435567,4.856172,"material damage only","4","clear",false,1,"GM0479"
"20240154540",2024,"Letsel",2,"Personenauto","Fiets","Flank","Bocht",50,"Brandend","Schemer","Regen",\N,\N,"Laan van Ypenburg","'s-Gravenhage","'s-Gravenhage","Zuid-Holland",false,52.043461,4.359566,"injury","2","rain",false,1,"GM0518"
"20230107824",2023,"Uitsluitend materiele schade",3,"Personenauto","Fiets","Los voorwerp","Rotonde",50,"Brandend","Duisternis","Droog",\N,\N,"Molenbossen","Venlo","Venlo","Limburg",false,51.361228,6.14412,"material damage only","4","clear",false,1,"GM0983"
"20240155435",2024,"Letsel",2,"Personenauto","Fiets","Flank","Kruispunt, 4 takken",30,"Brandend","Duisternis","Droog",\N,\N,"Betje Wolffstraat","'s-Gravenhage","'s-Gravenhage","Zuid-Holland",false,52.047372,4.293184,"injury","2","clear",false,1,"GM0518"
"20230111930",2023,"Uitsluitend materiele schade",2,"Bestelauto","Fiets","Flank","Kruispunt, 3 takken",30,"Niet brandend","Daglicht","Droog",\N,\N,"Dr.Wijtemalaan","Westwoud","Drechterland","Noord-Holland",false,52.684724,5.131388,"material damage only","4","clear",false,1,"GM0498"
"20240021632",2024,"Letsel",2,"Bromfiets","Fiets","Flank","Kruispunt, 4 takken",50,"Niet brandend","Daglicht","Droog",\N,\N,"Baarsjesweg","Amsterdam","Amsterdam","Noord-Holland",false,52.358046,4.854632,"injury","2","clear",false,1,"GM0363"
"20240013634",2024,"Letsel",2,"Personenauto","Fiets","Geparkeerd voertuig","Rechte weg",30,"Brandend","Duisternis","Droog",\N,"600417903","Rozengracht","Amsterdam","Amsterdam","Noord-Holland",false,52.373486,4.88103,"injury","2","clear",false,1,"GM0363"
"20240013804",2024,"Uitsluitend materiele schade",2,"Personenauto","Fiets","Flank","Rechte weg",30,"Niet brandend","Daglicht","Droog",\N,"600384055","Prinses Beatrixlaan","Bergen op Zoom","Bergen op Zoom","Noord-Brabant",false,51.486373,4.289752,"material damage only","4","clear",false,1,"GM0748"
"20240153254",2024,"Uitsluitend materiele schade",2,"Bus","Fiets","Frontaal","Rotonde",30,"Brandend","Duisternis","Regen",\N,\N,"Burgemeester Röellstraat","Amsterdam","Amsterdam","Noord-Holland",false,52.375522,4.819675,"material damage only","4","rain",false,1,"GM0363"
"20230111383",2023,"Uitsluitend materiele schade",2,"Bus","Fiets","Flank","Rechte weg",30,"Brandend","Duisternis","Droog",\N,"600381667","Paulus Potterstraat","Amsterdam","Amsterdam","Noord-Holland",false,52.358464,4.879433,"material damage only","4","clear",false,1,"GM0363"
"20240010798",2024,"Letsel",2,"Snorfiets","Fiets","Frontaal","Rechte weg",30,"Niet brandend","Daglicht","Droog",\N,"271302010","Ravenswade","Nieuwegein","Nieuwegein","Utrecht",false,52.05068,5.111015,"injury","2","clear",false,1,"GM0356"
"20240023183",2024,"Letsel",2,"Fiets","Overig vast object","Vast voorwerp","Rechte weg",30,"Brandend","Duisternis","Droog",\N,"600443057","Binckhorstlaan","'s-Gravenhage","'s-Gravenhage","Zuid-Holland",false,52.068379,4.337713,"injury","2","clear",false,1,"GM0518"
"20240154610",2024,"Letsel",2,"Bestelauto","Fiets","Frontaal","Kruispunt, 4 takken",30,"Niet aanwezig","Daglicht","Droog",\N,\N,"Letostraat","Rotterdam","Rotterdam","Zuid-Holland",false,51.894055,4.419888,"injury","2","clear",false,1,"GM0599"
"20240011676",2024,"Letsel",1,"Fiets",\N,"Eenzijdig","Rotonde",50,"Niet brandend","Daglicht","Droog",\N,\N,"Panweg","Zeist","Zeist","Utrecht",false,52.102721,5.24,"injury","2","clear",false,1,"GM0355"
"20240012236",2024,"Letsel",2,"Snorfiets","Fiets","Frontaal","Kruispunt, 4 takken",30,"Brandend","Schemer","Regen",\N,\N,"Provinciale weg N206","Katwijk","Katwijk","Zuid-Holland",false,52.203634,4.426812,"injury","2","rain",false,1,"GM0537"
"20240014227",2024,"Uitsluitend materiele schade",2,"Personenauto","Fiets","Onbekend",\N,\N,\N,"Duisternis",\N,\N,"600727740","Weena","Rotterdam","Rotterdam","Zuid-Holland",false,51.923183,4.472337,"material damage only","4","unknown",false,1,"GM0599"
"20240016005",2024,"Uitsluitend materiele schade",2,"Personenauto","Fiets","Flank","Kruispunt, 3 takken",30,"Niet brandend","Daglicht","Regen",\N,\N,"Dr Poletlaan","Eindhoven","Eindhoven","Noord-Brabant",false,51.471745,5.437364,"material damage only","4","rain",false,1,"GM0772"
"20230111473",2023,"Letsel",2,"Fiets","Fiets","Flank","Kruispunt, 4 takken",30,"Niet brandend","Schemer",\N,\N,\N,"Ruyschstraat","Amsterdam","Amsterdam","Noord-Holland",false,52.356711,4.906966,"injury","2","unknown",false,1,"GM0363"
"20240011164",2024,"Letsel",2,"Fiets","Personenauto","Flank","Kruispunt, 4 takken",30,"Niet brandend","Daglicht","Regen",\N,\N,"Floraronde","Velserbroek","Velsen","Noord-Holland",false,52.43167,4.655486,"injury","2","rain",false,1,"GM0453"
"20240011179",2024,"Uitsluitend materiele schade",2,"Personenauto","Fiets","Flank","Kruispunt, 3 takken",50,"Brandend","Duisternis","Droog",\N,\N,"Schepenveld","Zeewolde","Zeewolde","Flevoland",false,52.336461,5.528285,"material damage only","4","clear",false,1,"GM0050"
"20240014272",2024,"Uitsluitend materiele schade",2,"Personenauto","Fiets","Onbekend","Kruispunt, 4 takken",30,"Niet brandend","Daglicht","Droog",\N,\N,"Jacob Valckeplein","Goes","Goes","Zeeland",false,51.500783,3.892223,"material damage only","4","clear",false,1,"GM0664"
"20240015312",2024,"Letsel",2,"Bestelauto","Fiets","Onbekend","Rechte weg",60,"Niet brandend","Daglicht","Regen",\N,"600601733","Dijkwelseweg","Kapelle","Kapelle","Zeeland",false,51.479143,3.940493,"injury","2","rain",false,1,"GM0678"
"20240153409",2024,"Letsel",2,"Fiets","Bromfiets","Kop/staart","Rechte weg",30,"Niet brandend","Daglicht","Droog","Tunnel","245369097","Mr. Treublaan","Amsterdam","Amsterdam","Noord-Holland",false,52.347588,4.914907,"injury","2","clear",false,1,"GM0363"
"20240154713",2024,"Uitsluitend materiele schade",2,"Fiets","Personenauto","Flank","Kruispunt, 3 takken",50,"Niet brandend","Daglicht","Droog",\N,\N,"Dadelgaarde","Zoetermeer","Zoetermeer","Zuid-Holland",false,52.060438,4.514658,"material damage only","4","clear",false,1,"GM0637"
"20240012330",2024,"Uitsluitend materiele schade",2,"Personenauto","Fiets","Flank","Kruispunt, 4 takken",50,"Niet brandend","Daglicht","Droog",\N,\N,"Carnegielaan","'s-Gravenhage","'s-Gravenhage","Zuid-Holland",false,52.0848,4.293865,"material damage only","4","clear",false,1,"GM0518"
"20240013095",2024,"Uitsluitend materiele schade",2,"Personenauto","Fiets","Kop/staart","Kruispunt, 4 takken",30,"Brandend","Duisternis","Regen",\N,\N,"MUIDERPOORT VDCT","Amsterdam","Amsterdam","Noord-Holland",false,52.361325,4.930466,"material damage only","4","rain",false,1,"GM0363"
"20240014787",2024,"Uitsluitend materiele schade",2,"Fiets","Bromfiets","Flank","Kruispunt, 3 takken",50,"Niet brandend","Daglicht","Droog",\N,\N,"Fietspad Oz Rondweg","Dordrecht","Dordrecht","Zuid-Holland",false,51.814493,4.708011,"material damage only","4","clear",false,1,"GM0505"
"20240016637",2024,"Letsel",2,"Personenauto","Fiets","Flank","Kruispunt, 4 takken",50,"Niet brandend","Daglicht","Droog",\N,\N,"Breemarsweg","Hengelo","Hengelo (O)","Overijssel",false,52.250998,6.800702,"injury","2","clear",false,1,\N
"20230111520",2023,"Uitsluitend materiele schade",2,"Bestelauto","Fiets","Onbekend","Kruispunt, 3 takken",50,"Brandend","Duisternis","Regen",\N,\N,"AMSTERDAM-WESTPOORT 3","Amsterdam","Amsterdam","Noord-Holland",false,52.392159,4.802442,"material damage only","4","rain",false,1,"GM0363"
"20240013135",2024,"Letsel",1,"Fiets",\N,"Eenzijdig","Kruispunt, 4 takken",30,"Brandend","Duisternis","Regen",\N,\N,"Waterboslaan","Rijnsburg","Katwijk","Zuid-Holland",false,52.186666,4.432593,"injury","2","rain",false,1,"GM0537"
"20240016950",2024,"Letsel",2,"Personenauto","Fiets","Frontaal",\N,30,"Brandend","Duisternis","Droog",\N,"372264035","Primusstraat","Nijmegen","Nijmegen","Gelderland",false,51.878376,5.841417,"injury","2","clear",false,1,"GM0268"
"20240016742",2024,"Letsel",2,"Personenauto","Fiets","Geparkeerd voertuig","Rechte weg",30,"Niet brandend","Daglicht","Droog",\N,"601046700","Westerhaven","Groningen","Groningen","Groningen",false,53.215106,6.556481,"injury","2","clear",false,1,"GM0014"
"20240152839",2024,"Uitsluitend materiele schade",2,"e-bike","Motor","Onbekend","Kruispunt, 4 takken",50,"Brandend","Duisternis","Droog",\N,\N,"Cornelis Douwesweg","Amsterdam","Amsterdam","Noord-Holland",false,52.407104,4.892421,"material damage only","4","clear",false,1,"GM0363"
"20230110437",2023,"Uitsluitend materiele schade",2,"Personenauto","e-bike","Frontaal","Kruispunt, 3 takken",30,"Niet brandend","Daglicht","Droog",\N,\N,"Rotterdamsekaai","Middelburg","Middelburg","Zeeland",false,51.501217,3.622089,"material damage only","4","clear",false,1,\N
"20230023683",2023,"Letsel",1,"Fiets",\N,"Eenzijdig","Rechte weg",30,"Brandend","Schemer","Regen",\N,"156277034","Hofsingel","Maasland","Midden-Delfland","Zuid-Holland",false,51.932476,4.27448,"injury","2","rain",false,1,"GM1842"
"20240027815",2024,"Uitsluitend materiele schade",2,"Fiets","Bromfiets","Flank","Rechte weg",50,"Niet brandend","Daglicht","Droog",\N,\N,"Anne Franklaan","Purmerend","Purmerend","Noord-Holland",false,52.507395,4.970269,"material damage only","4","clear",false,1,"GM0439"
"20230066959",2023,"Letsel",2,"Personenauto","Fiets","Flank","Kruispunt, 4 takken",50,"Niet brandend","Daglicht","Droog",\N,\N,"Overtoom","Amsterdam","Amsterdam","Noord-Holland",false,52.359075,4.860096,"injury","2","clear",false,1,"GM0363"
"20230016818",2023,"Letsel",2,"Fiets","Fiets","Onbekend","Rechte weg",30,"Brandend","Duisternis","Regen",\N,"208381056","Mercuriusstraat","Haarlem","Haarlem","Noord-Holland",false,52.403457,4.639032,"injury","2","rain",false,1,"GM0392"
"20240027826",2024,"Uitsluitend materiele schade",2,"Personenauto","Fiets","Onbekend","Rotonde",50,"Niet brandend","Daglicht","Droog",\N,\N,"Gijsbrecht van Amstelstr","Hilversum","Hilversum","Noord-Holland",false,52.220797,5.151516,"material damage only","4","clear",false,1,"GM0402"
"20230035618",2023,"Uitsluitend materiele schade",2,"Fiets","Fiets","Flank","Rechte weg",60,"Niet aanwezig","Duisternis","Droog",\N,"600943272","Denekamperdijk","Losser","Losser","Overijssel",false,52.274905,7.018041,"material damage only","4","clear",false,1,"GM0168"
"20240031167",2024,"Letsel",1,"Fiets",\N,"Onbekend","Rechte weg",30,"Brandend","Duisternis","Regen",\N,"234372014","Postjesweg","Amsterdam","Amsterdam","Noord-Holland",false,52.363891,4.838496,"injury","2","rain",false,1,"GM0363"
"20230021472",2023,"Uitsluitend materiele schade",2,"Fiets","Personenauto","Flank","Kruispunt, 3 takken",50,"Niet brandend","Daglicht","Droog",\N,\N,"Kagerstraat","Leiden","Leiden","Zuid-Holland",false,52.170939,4.479534,"material damage only","4","clear",false,1,"GM0546"
"20230028928",2023,"Letsel",3,"Overig wegmeubilair","Fiets","Eenzijdig","Rechte weg",60,\N,"Daglicht","Droog",\N,"236175001","Ulicotenseweg","Chaam","Alphen-Chaam","Noord-Brabant",false,51.48246,4.860842,"injury","2","clear",false,1,"GM1723"
"20230034004",2023,"Uitsluitend materiele schade",2,"Personenauto","Fiets","Frontaal","Kruispunt, 4 takken",50,"Niet brandend","Daglicht","Droog",\N,\N,"Mr. P.J. Troelstraweg","Leeuwarden","Leeuwarden","Friesland",false,53.206897,5.786601,"material damage only","4","clear",false,1,"GM0080"
"20230034758",2023,"Letsel",2,"Personenauto","Fiets","Flank","Kruispunt, 4 takken",50,"Niet brandend","Daglicht","Droog",\N,\N,"Castorweg","Hengelo","Hengelo (O)","Overijssel",false,52.276342,6.804062,"injury","2","clear",false,1,\N
"20230068485",2023,"Letsel",2,"Fiets","Fiets","Onbekend","Rechte weg",30,"Niet brandend","Daglicht","Droog",\N,"142294145","Raad van Europastraat","'s-Gravenzande","Westland","Zuid-Holland",false,52.008844,4.170664,"injury","2","clear",false,1,"GM1783"
"20230022050",2023,"Letsel",2,"Personenauto","Fiets","Geparkeerd voertuig",\N,30,\N,"Daglicht",\N,\N,"208302033","Jan van Bijnenpad","Waddinxveen","Waddinxveen","Zuid-Holland",false,52.047772,4.648489,"injury","2","unknown",false,1,"GM0627"
"20230031813",2023,"Uitsluitend materiele schade",2,"Personenauto","Fiets","Flank","Kruispunt, 4 takken",30,"Niet brandend","Daglicht","Droog",\N,\N,"Heidestraat","Geleen","Sittard-Geleen","Limburg",false,50.981467,5.822761,"material damage only","4","clear",false,1,"GM1883"
"20230032744",2023,"Uitsluitend materiele schade",3,"Bestelauto","Fiets","Onbekend","Rechte weg",50,\N,"Daglicht",\N,\N,\N,"FIETSPAD","Eindhoven","Eindhoven","Noord-Brabant",false,51.475492,5.493258,"material damage only","4","unknown",false,1,"GM0772"
"20230032933",2023,"Uitsluitend materiele schade",2,"Personenauto","Fiets","Flank","Rotonde",50,"Niet brandend","Daglicht","Droog",\N,\N,"Broekhin Noord","Roermond","Roermond","Limburg",false,51.212355,6.016123,"material damage only","4","clear",false,1,"GM0957"
"20230035228",2023,"Uitsluitend materiele schade",2,"Snorfiets","Fiets","Frontaal","Kruispunt, 4 takken",30,"Niet brandend","Daglicht","Droog",\N,\N,"Senaat","Elst","Overbetuwe","Gelderland",false,51.922683,5.85896,"material damage only","4","clear",false,1,"GM1734"
"20230035690",2023,"Uitsluitend materiele schade",2,"e-bike","Personenauto","Flank","Kruispunt, 3 takken",50,"Niet brandend","Daglicht","Droog",\N,\N,"Koningin Wilhelminaweg","Zaltbommel","Zaltbommel","Gelderland",false,51.80727,5.258427,"material damage only","4","clear",false,1,"GM0297"
"20230067066",2023,"Uitsluitend materiele schade",2,"Personenauto","Fiets","Frontaal","Bocht",50,"Niet brandend","Daglicht","Droog",\N,"600786508","Hefbrugweg","Almere","Almere","Flevoland",false,52.402571,5.243104,"material damage only","4","clear",false,1,"GM0034"
"20240025294",2024,"Uitsluitend materiele schade",2,"Personenauto","Fiets","Flank","Rechte weg",80,"Niet brandend","Daglicht","Droog",\N,"600897773","Groot Bollerweg","Venlo","Venlo","Limburg",false,51.381247,6.139278,"material damage only","4","clear",false,1,"GM0983"
"20230075921",2023,"Uitsluitend materiele schade",2,"Bromfiets","Fiets","Flank","Kruispunt, 3 takken",50,"Niet brandend","Daglicht","Droog",\N,\N,"FIETSPAD","Nieuwegein","Nieuwegein","Utrecht",false,52.024244,5.083598,"material damage only","4","clear",false,1,"GM0356"
"20230014051",2023,"Letsel",2,"Fiets","Voetganger","Voetganger","Rechte weg",80,"Niet brandend","Daglicht","Regen",\N,"435314019","Rondweg","Vorden","Bronckhorst","Gelderland",false,52.097093,6.307479,"injury","2","rain",false,1,"GM1876"
"20230018061",2023,"Uitsluitend materiele schade",2,"Personenauto","Fiets","Flank","Kruispunt, 4 takken",30,"Niet brandend","Daglicht","Droog",\N,\N,"Trompetbloemlaan","Vleuten","Utrecht","Utrecht",false,52.095277,5.002685,"material damage only","4","clear",false,1,"GM0344"
"20230018079",2023,"Uitsluitend materiele schade",2,"Personenauto","Fiets","Flank","Kruispunt, 3 takken",30,"Niet brandend","Daglicht","Regen",\N,\N,"Thérèse Schwartzestraat","Almere","Almere","Flevoland",false,52.378745,5.256559,"material damage only","4","rain",false,1,"GM0034"
"20230021534",2023,"Uitsluitend materiele schade",2,"Personenauto","e-bike","Flank","Rotonde",50,"Brandend","Schemer","Regen",\N,\N,"Haagse Schouwweg","Leiden","Leiden","Zuid-Holland",false,52.159939,4.451622,"material damage only","4","rain",false,1,"GM0546"
"20230024428",2023,"Letsel",2,"Personenauto","Fiets","Flank","Kruispunt, 4 takken",30,"Niet brandend","Daglicht","Droog",\N,\N,"Flierbosdreef","Amsterdam","Amsterdam","Noord-Holland",false,52.314256,4.959008,"injury","2","clear",false,1,"GM0363"
"20230036792",2023,"Uitsluitend materiele schade",2,"Personenauto","Fiets","Flank","Rechte weg",30,"Niet brandend","Daglicht","Regen",\N,"208349020","Venneperweg","Nieuw-Vennep","Haarlemmermeer","Noord-Holland",false,52.258732,4.645283,"material damage only","4","rain",false,1,"GM0394"
"20230076239",2023,"Letsel",2,"Bromfiets","Fiets","Flank","Rechte weg",50,\N,"Daglicht","Droog",\N,\N,"Tesselschadestraat","Alkmaar","Alkmaar","Noord-Holland",false,52.627616,4.740449,"injury","2","clear",false,1,"GM0361"
"20230018683",2023,"Uitsluitend materiele schade",2,"Bus","Fiets","Flank","Rechte weg",50,"Niet brandend","Daglicht","Regen",\N,"270298010","Marconibaan","Nieuwegein","Nieuwegein","Utrecht",false,52.030259,5.098994,"material damage only","4","rain",false,1,"GM0356"
"20240027101",2024,"Letsel",2,"Fiets","Overig vast object","Vast voorwerp","Kruispunt, 4 takken",50,"Niet brandend","Daglicht","Droog",\N,"495326004","Koningin Wilhelminastr","Haaksbergen","Haaksbergen","Overijssel",false,52.149883,6.74236,"injury","2","clear",false,1,"GM0158"