"accident_id","year","severity_raw","party_count","party1_type","party2_type","accident_type","road_situation","speed_limit_kmh","road_lighting","light_condition_label","weather_raw","infra_type","road_segment_id","street_name","place_name","gemeente_name_raw","province","alcohol_indicated","latitude","longitude","severity_label","severity_code","weather_label","built_up_area","cyclists_involved","gemeente_code"
"20230023247",2023,"Uitsluitend materiele schade",2,"Personenauto","e-bike","Flank","Kruispunt, 3 takken",30,"Niet brandend","Daglicht","Droog",\N,\N,"Nieuwe Weteringstraat","Amsterdam","Amsterdam","Noord-Holland",false,52.360589,4.890895,"material damage only","4","clear",false,1,"GM0363"
"20240029141",2024,"Uitsluitend materiele schade",2,"Bestelauto","Fiets","Flank","Kruispunt, 3 takken",50,"Niet brandend","Daglicht","Droog",\N,\N,"Baardmeesweg","Zeewolde","Zeewolde","Flevoland",false,52.355668,5.494536,"material damage only","4","clear",false,1,"GM0050"
"20230031901",2023,"Uitsluitend materiele schade",2,"Personenauto","Fiets","Flank","Bocht",50,"Niet brandend","Daglicht","Droog",\N,"372037005","Daalhemerweg","Valkenburg","Valkenburg aan de Geul","Limburg",false,50.860051,5.830292,"material damage only","4","clear",false,1,"GM0994"
"20230033780",2023,"Uitsluitend materiele schade",2,"Bestelauto","Fiets","Flank","Kruispunt, 3 takken",50,"Niet brandend","Daglicht","Droog",\N,\N,"Aalsterweg","Eindhoven","Eindhoven","Noord-Brabant",false,51.405969,5.480695,"material damage only","4","clear",false,1,"GM0772"
"20230035775",2023,"Uitsluitend materiele schade",1,"Fiets",\N,"Eenzijdig","Rotonde",50,"Niet brandend","Daglicht","Droog",\N,\N,"Rozendaalselaan","Velp","Rheden","Gelderland",false,52.001581,5.968898,"material damage only","4","clear",false,1,"GM0275"
"20230067699",2023,"Letsel",2,"Personenauto","Fiets","Onbekend","Kruispunt, 3 takken",50,\N,"Daglicht","Droog",\N,\N,"Churchilllaan","Utrecht","Utrecht","Utrecht",false,52.072831,5.093616,"injury","2","clear",false,1,"GM0344"
"20230067957",2023,"Uitsluitend materiele schade",2,"Bromfiets","Fiets","Flank","Rechte weg",30,"Niet brandend","Daglicht","Droog",\N,"289310009","Emmaplein","Zeist","Zeist","Utrecht",false,52.086957,5.241048,"material damage only","4","clear",false,1,"GM0355"
"20230068964",2023,"Letsel",2,"Personenauto","Fiets","Kop/staart","Kruispunt, 3 takken",\N,"Niet brandend","Daglicht","Droog",\N,\N,"Pijle Tuinenweg","Naaldwijk","Westland","Zuid-Holland",false,51.991958,4.217791,"injury","2","clear",false,1,"GM1783"
"20230069331",2023,"Letsel",2,"Fiets","Fiets","Onbekend","Rechte weg",50,"Niet brandend","Daglicht","Droog",\N,"600640645","Fietspad Duinweg","Noordwijk","Noordwijk","Zuid-Holland",false,52.254777,4.450056,"injury","2","clear",false,1,"GM0575"
"20230079112",2023,"Letsel",2,"Fiets",\N,"Eenzijdig","Rechte weg",30,"Niet brandend","Daglicht","Droog",\N,"600727300","Admiraal de Ruytersingel","Voorschoten","Voorschoten","Zuid-Holland",false,52.140284,4.461094,"injury","2","clear",false,1,"GM0626"
"20230079275",2023,"Uitsluitend materiele schade",2,"Personenauto","Fiets","Flank","Kruispunt, 3 takken",50,"Niet brandend","Daglicht","Droog",\N,\N,"Commandoweg","Rucphen","Rucphen","Noord-Brabant",false,51.522148,4.577292,"material damage only","4","clear",false,1,"GM0840"
"20230077657",2023,"Letsel",2,"Personenauto","Fiets","Flank","Rotonde",50,"Niet brandend","Daglicht","Droog",\N,\N,"Meerlaan","Hillegom","Hillegom","Zuid-Holland",false,52.29013,4.589584,"injury","2","clear",false,1,"GM0534"
"20230014723",2023,"Uitsluitend materiele schade",2,"Personenauto","e-bike","Flank","Rotonde",50,"Niet aanwezig","Daglicht","Droog",\N,\N,"Basseltlaan","Twello","Voorst","Gelderland",false,52.241572,6.104621,"material damage only","4","clear",false,1,"GM0285"
"20240026112",2024,"Letsel",2,"Fiets","Lichtmast","Vast voorwerp","Rechte weg",50,"Niet brandend","Daglicht","Droog",\N,"601106728","Industrieweg","Deventer","Deventer","Overijssel",false,52.248891,6.173685,"injury","2","clear",false,1,"GM0150"
"20230018147",2023,"Letsel",1,"Fiets",\N,"Eenzijdig","Rechte weg",50,"Brandend","Duisternis","Droog","Brug/viaduct","600629688","Westelijke Randweg","Broek op Langedijk","Dijk en Waard","Noord-Holland",false,52.677153,4.801959,"injury","2","clear",false,1,"GM1980"
"20230031362",2023,"Letsel",2,"Fiets","Fiets","Eenzijdig","Rechte weg",30,"Niet brandend","Daglicht","Droog",\N,"356031037","Haspengouw","Maastricht","Maastricht","Limburg",false,50.831906,5.719633,"injury","2","clear",false,1,"GM0935"
"20230078677",2023,"Uitsluitend materiele schade",1,"Fiets",\N,"Flank","Kruispunt, 4 takken",30,"Brandend","Duisternis","Droog","Brug/viaduct",\N,"Amstel","Amsterdam","Amsterdam","Noord-Holland",false,52.36701,4.895754,"material damage only","4","clear",false,1,"GM0363"
"20230023295",2023,"Letsel",2,"Personenauto","e-bike","Flank","Rotonde",80,"Niet brandend","Daglicht","Droog",\N,\N,"Zuidelijke Rondweg","Waddinxveen","Waddinxveen","Zuid-Holland",false,52.026789,4.66098,"injury","2","clear",false,1,"GM0627"
"20240028485",2024,"Uitsluitend materiele schade",2,"Personenauto","Fiets","Flank","Rotonde",50,"Niet brandend","Daglicht","Droog",\N,\N,"Westelijke Parallelweg","Vianen","Vijfheerenlanden","Utrecht",false,51.980371,5.095096,"material damage only","4","clear",false,1,"GM1961"
"20230030824",2023,"Uitsluitend materiele schade",2,"Personenauto","Fiets","Flank","Kruispunt, 4 takken",50,"Brandend","Duisternis","Droog","Spoorwegovergang",\N,"Tongelresestraat","Eindhoven","Eindhoven","Noord-Brabant",false,51.446171,5.514713,"material damage only","4","clear",false,1,"GM0772"
"20230068054",2023,"Uitsluitend materiele schade",3,"Personenauto","Fiets","Onbekend","Kruispunt, 4 takken",30,"Niet brandend","Daglicht","Droog",\N,\N,"Marktstraat","Naarden","Gooise Meren","Noord-Holland",false,52.296593,5.162371,"material damage only","4","clear",false,1,"GM1942"
"20240031216",2024,"Letsel",4,\N,"Fiets","Flank","Kruispunt, 3 takken",30,"Niet brandend","Daglicht","Droog",\N,\N,"Magnolia","De Kwakel","Uithoorn","Noord-Holland",true,52.25755,4.78906,"injury","2","clear",false,1,"GM0451"
"20230069409",2023,"Uitsluitend materiele schade",2,"Personenauto","Fiets","Onbekend","Kruispunt, 3 takken",50,"Niet brandend","Daglicht","Droog",\N,\N,"Rossinistraat","Delft","Delft","Zuid-Holland",false,51.996297,4.343619,"material damage only","4","clear",false,1,"GM0503"
"20230072800",2023,"Uitsluitend materiele schade",2,"Personenauto","e-bike","Flank","Kruispunt, 3 takken",30,"Niet brandend","Daglicht","Droog",\N,\N,"De Ziel","Rolde","Aa en Hunze","Drenthe",false,52.984046,6.653743,"material damage only","4","clear",false,1,"GM1680"
"20230022221",2023,"Letsel",1,"Fiets",\N,"Eenzijdig","Rechte weg",30,"Niet brandend","Daglicht","Droog",\N,"600666746","Rijksstraatweg","Wassenaar","Wassenaar","Zuid-Holland",false,52.129252,4.393965,"injury","2","clear",false,1,"GM0629"
"20230022768",2023,"Letsel",1,"Fiets",\N,"Eenzijdig","Kruispunt, 4 takken",30,"Niet brandend","Daglicht","Droog",\N,\N,"Bloemendaalseweg","Gouda","Gouda","Zuid-Holland",false,52.02708,4.702593,"injury","2","clear",false,1,"GM0513"
"20230025148",2023,"Letsel",2,"Personenauto","Fiets","Flank","Rechte weg",30,"Niet aanwezig","Daglicht","Droog",\N,"194234029","Leeuwerikstraat","Strijen","Hoeksche Waard","Zuid-Holland",false,51.740863,4.548343,"injury","2","clear",false,1,"GM1963"
"20230028564",2023,"Uitsluitend materiele schade",2,"Bestelauto","Fiets","Flank","Rechte weg",30,"Niet brandend","Daglicht","Droog",\N,"180177037","De Lind","Nispen","Roosendaal","Noord-Brabant",false,51.486004,4.455472,"material damage only","4","clear",false,1,"GM1674"
"20230036417",2023,"Uitsluitend materiele schade",2,"Personenauto","Fiets","Flank","Kruispunt, 4 takken",30,"Niet brandend","Daglicht","Droog",\N,\N,"Nieuwstraat","Leerdam","Vijfheerenlanden","Utrecht",false,51.891845,5.094068,"material damage only","4","clear",false,1,"GM1961"
"20230074240",2023,"Letsel",4,"Fiets","Fiets","Onbekend","Rechte weg",\N,"Niet brandend","Daglicht","Droog",\N,"319340030","Bunschoterweg","Nijkerk","Nijkerk","Gelderland",false,52.221245,5.458976,"injury","2","clear",false,1,"GM0267"
"20230078840",2023,"Letsel",2,"Fiets",\N,"Eenzijdig","Kruispunt, 3 takken",80,"Niet brandend","Daglicht","Droog","Tunnel",\N,"FIETSPAD","Voorhout","Teylingen","Zuid-Holland",false,52.219089,4.47686,"injury","2","clear",false,1,"GM1525"
"20230078847",2023,"Uitsluitend materiele schade",2,"Snorfiets","Fiets","Flank","Rechte weg",30,"Brandend","Duisternis","Droog",\N,"209321055","Prins Bernhardlaan","Alphen aan den Rijn","Alphen aan den Rijn","Zuid-Holland",false,52.132258,4.656971,"material damage only","4","clear",false,1,"GM0484"
"20240028501",2024,"Letsel",2,"Personenauto","Fiets","Flank","Kruispunt, 4 takken",50,"Niet brandend","Daglicht","Regen",\N,\N,"Ringweg-Koppel","Amersfoort","Amersfoort","Utrecht",false,52.16751,5.389774,"injury","2","rain",false,1,"GM0307"
"20230028021",2023,"Letsel",3,"Personenauto","Fiets","Flank","Kruispunt, 3 takken",50,"Niet brandend","Daglicht","Droog",\N,\N,"Rochussenstraat","Rotterdam","Rotterdam","Zuid-Holland",false,51.910454,4.460037,"injury","2","clear",false,1,"GM0599"
"20230035909",2023,"Uitsluitend materiele schade",2,"Fiets","Personenauto","Flank","Rotonde",50,"Niet brandend","Daglicht","Droog",\N,\N,"Berg en Dalseweg","Nijmegen","Nijmegen","Gelderland",false,51.842829,5.873648,"material damage only","4","clear",false,1,"GM0268"
"20230035938",2023,"Letsel",2,"Personenauto","e-bike","Flank","Rotonde",50,"Niet brandend","Daglicht","Droog",\N,\N,"Harderwijkerweg","Ermelo","Ermelo","Gelderland",false,52.313123,5.62687,"injury","2","clear",false,1,"GM0233"
"20230068747",2023,"Letsel",1,"e-bike",\N,"Eenzijdig","Kruispunt, 3 takken",30,"Niet brandend","Daglicht","Droog",\N,"600725381","Hoofdstraat","Valkenburg","Katwijk","Zuid-Holland",false,52.174915,4.439965,"injury","2","clear",false,1,"GM0537"
"20230069114",2023,"Letsel",2,"Personenauto","Fiets","Los voorwerp","Rotonde",50,"Niet brandend","Daglicht","Droog",\N,\N,"Burgemeester Keijzerweg","Papendrecht","Papendrecht","Zuid-Holland",false,51.830742,4.707812,"injury","2","clear",false,1,"GM0590"
"20230079071",2023,"Uitsluitend materiele schade",2,"Personenauto","Fiets","Onbekend","Kruispunt, 3 takken",30,"Niet brandend","Daglicht","Droog",\N,\N,"De Vest","Alphen aan den Rijn","Alphen aan den Rijn","Zuid-Holland",false,52.129114,4.666047,"material damage only","4","clear",false,1,"GM0484"
"20230079235",2023,"Uitsluitend materiele schade",2,"Personenauto","Fiets","Onbekend","Rechte weg",30,"Niet brandend","Daglicht","Droog",\N,"600705181","Bredestraat","Oostburg","Sluis","Zeeland",false,51.329453,3.496008,"material damage only","4","clear",false,1,"GM1714"
"20230079307",2023,"Uitsluitend materiele schade",2,"Personenauto","Fiets","Flank","Kruispunt, 4 takken",50,"Niet brandend","Daglicht","Droog",\N,\N,"Lieshoutseweg","Beek en Donk","Laarbeek","Noord-Brabant",false,51.528277,5.64002,"material damage only","4","clear",false,1,"GM1659"
"20230076256",2023,"Letsel",1,"Fiets",\N,"Eenzijdig","Rechte weg",60,"Niet brandend","Schemer","Droog",\N,"600743497","Spieringweg","Cruquius","Haarlemmermeer","Noord-Holland",false,52.333954,4.654091,"injury","2","clear",false,1,"GM0394"
"20230070925",2023,"Letsel",2,"Personenauto","Fiets","Flank","Rechte weg",50,"Niet brandend","Daglicht","Droog","Brug/viaduct","294222039","Boschmeersingel","'s-Hertogenbosch","'s-Hertogenbosch","Noord-Brabant",false,51.69095,5.275019,"injury","2","clear",false,1,"GM0796"
"20230030950",2023,"Uitsluitend materiele schade",2,"Bestelauto","Fiets","Flank","Kruispunt, 4 takken",30,"Brandend","Schemer","Droog","Brug/viaduct",\N,"Tongelresestraat","Eindhoven","Eindhoven","Noord-Brabant",false,51.436785,5.490303,"material damage only","4","clear",false,1,"GM0772"
"20230035952",2023,"Uitsluitend materiele schade",1,"Fiets",\N,"Onbekend","Rechte weg",30,"Brandend","Duisternis","Droog",\N,"375257115","Augustijnenstraat","Nijmegen","Nijmegen","Gelderland",false,51.846622,5.862624,"material damage only","4","clear",false,1,"GM0268"
"20230069526",2023,"Letsel",1,"Fiets",\N,"Eenzijdig","Kruispunt, 4 takken",30,"Niet brandend","Daglicht","Regen",\N,\N,"Katendrechtse Lagedijk","Rotterdam","Rotterdam","Zuid-Holland",false,51.890461,4.473298,"injury","2","rain",false,1,"GM0599"
"20230076778",2023,"Letsel",2,"Fiets","Fiets","Onbekend","Rechte weg",60,"Niet aanwezig","Daglicht","Droog",\N,"195345002","Rooversbroekdijk","Lisse","Lisse","Zuid-Holland",false,52.236986,4.548616,"injury","2","clear",false,1,"GM0553"
"20230076894",2023,"Uitsluitend materiele schade",1,"Fiets",\N,"Onbekend","Rechte weg",50,"Brandend","Duisternis","Droog",\N,"600105607","Nassauplein","'s-Gravenhage","'s-Gravenhage","Zuid-Holland",false,52.090042,4.305742,"material damage only","4","clear",false,1,"GM0518"
"20240025404",2024,"Uitsluitend materiele schade",2,"Personenauto","Fiets","Flank","Kruispunt, 3 takken",50,"Niet brandend","Daglicht","Droog",\N,\N,"Hart van Brabantlaan","Tilburg","Tilburg","Noord-Brabant",false,51.560402,5.070759,"material damage only","4","clear",false,1,"GM0855"
"20230017746",2023,"Uitsluitend materiele schade",2,"Fiets","Fiets","Frontaal","Rechte weg",50,"Niet brandend","Daglicht","Droog",\N,"205355037","IJweg","Nieuw-Vennep","Haarlemmermeer","Noord-Holland",false,52.290529,4.631227,"material damage only","4","clear",false,1,"GM0394"
"20230021218",2023,"Letsel",3,"Fiets","Fiets","Onbekend","Rechte weg",50,"Niet brandend","Daglicht","Droog",\N,"209325047","Vliestroom","Alphen aan den Rijn","Alphen aan den Rijn","Zuid-Holland",false,52.148767,4.656551,"injury","2","clear",false,1,"GM0484"
"20230025256",2023,"Letsel",2,"Personenauto","Fiets","Flank","Kruispunt, 4 takken",50,"Niet brandend","Daglicht","Droog",\N,\N,"Iepenlaan","Spijkenisse","Nissewaard","Zuid-Holland",false,51.842387,4.343092,"injury","2","clear",false,1,"GM1930"
"20230029846",2023,"Uitsluitend materiele schade",2,"Bromfiets","Fiets","Flank","Kruispunt, 3 takken",50,"Niet brandend","Daglicht","Droog",\N,\N,"Wilgenlei","Rotterdam","Rotterdam","Zuid-Holland",false,51.953458,4.476906,"material damage only","4","clear",false,1,"GM0599"
"20230032111",2023,"Letsel",2,"Personenauto","Fiets","Flank","Kruispunt, 4 takken",30,"Niet brandend","Daglicht","Droog",\N,\N,"Graaf Johan Frederikstr","Landgraaf","Landgraaf","Limburg",false,50.897564,6.017546,"injury","2","clear",false,1,"GM0882"
"20240030315",2024,"Letsel",2,"Personenauto","Fiets","Flank","Rechte weg",30,"Niet brandend","Daglicht","Regen",\N,"600940812","Fruinlaan","Leiden","Leiden","Zuid-Holland",false,52.153197,4.504519,"injury","2","rain",false,1,"GM0546"
"20230069579",2023,"Letsel",4,"Personenauto","Fiets","Los voorwerp","Rechte weg",50,"Brandend","Duisternis","Droog",\N,"600732433","Terbregseweg","Rotterdam","Rotterdam","Zuid-Holland",false,51.952931,4.523438,"injury","2","clear",false,1,"GM0599"
"20240031122",2024,"Uitsluitend materiele schade",2,"Bromfiets","Fiets","Onbekend","Rechte weg",30,"Niet brandend","Daglicht","Droog",\N,"241372021","Spiegelgracht","Amsterdam","Amsterdam","Noord-Holland",false,52.361886,4.887295,"material damage only","4","clear",false,1,"GM0363"
"20240025782",2024,"Letsel",1,"Fiets",\N,"Onbekend",\N,30,\N,"Daglicht",\N,\N,"520363074","Molenstraat","Oldenzaal","Oldenzaal","Overijssel",false,52.31558,6.93163,"injury","2","unknown",false,1,"GM0173"
"20230077893",2023,"Uitsluitend materiele schade",1,"Fiets",\N,"Eenzijdig","Rechte weg",50,"Brandend","Duisternis","Droog",\N,"157302103","Melis Stokelaan","'s-Gravenhage","'s-Gravenhage","Zuid-Holland",false,52.043523,4.274683,"material damage only","4","clear",false,1,"GM0518"
"20230073018",2023,"Letsel",2,"Fiets","Fiets","Onbekend","Kruispunt, 3 takken",50,"Niet brandend","Daglicht","Droog",\N,\N,"Tramstraat","Schoonoord","Coevorden","Drenthe",false,52.850658,6.753871,"injury","2","clear",false,1,"GM0109"
"20230014974",2023,"Letsel",2,"Personenauto","Fiets","Frontaal","Kruispunt, 3 takken",30,"Niet brandend","Daglicht","Droog",\N,\N,"Celebesstraat","Groningen","Groningen","Groningen",false,53.231535,6.57016,"injury","2","clear",false,1,"GM0014"
"20230022948",2023,"Uitsluitend materiele schade",3,"Personenauto","Fiets","Flank","Kruispunt, 3 takken",30,"Brandend","Duisternis","Droog",\N,\N,"Dijkgraafplein","Amsterdam","Amsterdam","Noord-Holland",true,52.355444,4.78665,"material damage only","4","clear",false,1,"GM0363"
"20230028739",2023,"Letsel",3,"Fiets","Fiets","Onbekend","Rechte weg",50,"Niet brandend","Daglicht","Droog",\N,\N,"Concordiaweg","Gorinchem","Gorinchem","Zuid-Holland",false,51.836128,4.974638,"injury","2","clear",false,1,"GM0512"
"20230066643",2023,"Letsel",2,"Personenauto","Fiets","Flank","Kruispunt, 4 takken",50,"Niet brandend","Daglicht","Droog",\N,\N,"Hargerweg","Schoorl","Bergen (NH)","Noord-Holland",false,52.722285,4.662424,"injury","2","clear",false,1,\N
"20230071363",2023,"Letsel",2,"Personenauto","Fiets","Flank","Kruispunt, 4 takken",50,"Niet brandend","Daglicht","Regen",\N,\N,"Maaseikerweg","Weert","Weert","Limburg",false,51.238738,5.717843,"injury","2","rain",false,1,"GM0988"
"20230073047",2023,"Uitsluitend materiele schade",2,"Personenauto","Fiets","Geparkeerd voertuig","Rechte weg",50,"Niet brandend","Daglicht","Regen",\N,"343611027","Oosterlaan","Hollum","Ameland","Friesland",false,53.435978,5.640854,"material damage only","4","rain",false,1,"GM0060"
"20230074508",2023,"Letsel",3,"Personenauto","Fiets","Onbekend","Rechte weg",50,"Brandend","Duisternis","Regen",\N,"243440015","Dorpsstraat","Obdam","Koggenland","Noord-Holland",false,52.669518,4.89895,"injury","2","rain",false,1,"GM1598"
"20240026550",2024,"Letsel",2,"Fiets","Fiets","Flank","Kruispunt, 3 takken",80,"Niet brandend","Daglicht","Droog",\N,\N,"Onderlangs","Wageningen","Wageningen","Gelderland",false,51.967791,5.711583,"injury","2","clear",false,1,"GM0289"
"20230021327",2023,"Letsel",2,"Bromfiets","Fiets","Onbekend","Kruispunt, 3 takken",30,"Niet brandend","Daglicht","Harde windstoten/Regen",\N,\N,"Zuidkade","Boskoop","Alphen aan den Rijn","Zuid-Holland",false,52.069394,4.658726,"injury","2","unknown",false,1,"GM0484"
"20230021871",2023,"Uitsluitend materiele schade",2,"Personenauto","Fiets","Flank","Kruispunt, 4 takken",50,"Niet brandend","Daglicht","Droog",\N,\N,"Edisonstraat","Zoetermeer","Zoetermeer","Zuid-Holland",false,52.06371,4.524461,"material damage only","4","clear",false,1,"GM0637"
"20230022973",2023,"Letsel",1,"Fiets",\N,"Eenzijdig","Rechte weg",50,"Brandend","Duisternis","Droog",\N,"141292013","Zandeveltweg","'s-Gravenzande","Westland","Zuid-Holland",false,52.000119,4.158891,"injury","2","clear",false,1,"GM1783"
"20230022985",2023,"Uitsluitend materiele schade",2,"Fiets","Overig vast object","Vast voorwerp","Rotonde",50,"Niet brandend","Daglicht","Droog",\N,\N,"Weerlaan","Hillegom","Hillegom","Zuid-Holland",false,52.290323,4.589599,"material damage only","4","clear",false,1,"GM0534"
"20230029355",2023,"Uitsluitend materiele schade",2,"Fiets","Fiets","Onbekend","Kruispunt, 3 takken",60,"Niet brandend","Daglicht","Regen",\N,\N,"Langeweg","Oudenbosch","Halderberge","Noord-Brabant",false,51.607025,4.53802,"material damage only","4","rain",false,1,"GM1655"
"20230029356",2023,"Letsel",2,"Personenauto","Fiets","Onbekend","Rotonde",50,"Niet brandend","Daglicht","Droog",\N,\N,"Cloese","Hoogvliet Rotterdam","Rotterdam","Zuid-Holland",false,51.864111,4.357916,"injury","2","clear",false,1,"GM0599"
"20240031153",2024,"Uitsluitend materiele schade",2,"Personenauto","Fiets","Frontaal","Bocht",30,"Brandend","Daglicht","Droog",\N,"215359171","Tussenweg","Hoofddorp","Haarlemmermeer","Noord-Holland",false,52.303374,4.695675,"material damage only","4","clear",false,1,"GM0394"
"20230072695",2023,"Uitsluitend materiele schade",2,"Personenauto","Fiets","Onbekend","Rotonde",50,"Niet brandend","Daglicht","Droog",\N,\N,"Westermeenweg","Harderwijk","Harderwijk","Gelderland",false,52.340898,5.619951,"material damage only","4","clear",false,1,"GM0243"
"20230073689",2023,"Letsel",3,"Fiets","Fiets","Onbekend","Rechte weg",50,"Brandend","Duisternis","Droog",\N,"518358027","Elsmorsweg","Oldenzaal","Oldenzaal","Overijssel",false,52.291721,6.921882,"injury","2","clear",false,1,"GM0173"
"20230073818",2023,"Letsel",2,"Personenauto","Fiets","Flank","Kruispunt, 4 takken",50,"Niet brandend","Daglicht","Droog",\N,\N,"Wiekslagen","Almelo","Almelo","Overijssel",false,52.335803,6.647926,"injury","2","clear",false,1,"GM0141"
"20230076474",2023,"Letsel",2,"Personenauto","Fiets","Frontaal","Rechte weg",60,"Niet aanwezig","Daglicht","Droog",\N,"274243074","Eendenkade","Aalst","Zaltbommel","Gelderland",false,51.783428,5.141816,"injury","2","clear",false,1,"GM0297"
"20230015614",2023,"Letsel",2,"Personenauto","Fiets","Flank","Rechte weg",50,"Niet aanwezig","Daglicht","Regen",\N,\N,"Heemradenlaan","IJsselstein","IJsselstein","Utrecht",false,52.02232,5.027238,"injury","2","rain",false,1,"GM0353"
"20230025405",2023,"Letsel",2,"Fiets","Personenauto","Flank","Kruispunt, 3 takken",50,"Brandend","Duisternis","Regen",\N,\N,"Wittensteyn","Hendrik-Ido-Ambacht","Hendrik-Ido-Ambacht","Zuid-Holland",false,51.845507,4.631765,"injury","2","rain",false,1,"GM0531"
"20240028830",2024,"Uitsluitend materiele schade",2,"Personenauto","Fiets","Voetganger","Rotonde",50,"Niet brandend","Daglicht","Droog",\N,\N,"Urkerweg","Emmeloord","Noordoostpolder","Flevoland",false,52.704802,5.736036,"material damage only","4","clear",false,1,"GM0171"
"20240029083",2024,"Uitsluitend materiele schade",2,"Personenauto","Fiets","Flank","Kruispunt, 4 takken",30,"Niet brandend","Daglicht","Droog",\N,\N,"Wilhelminaweg","Woerden","Woerden","Utrecht",false,52.084406,4.885602,"material damage only","4","clear",false,1,"GM0632"
"20230072741",2023,"Letsel",2,"Fiets","Personenauto","Kop/staart","Rechte weg",30,"Niet brandend","Daglicht","Droog",\N,"340516006","Stadslaan","IJlst","Súdwest-Fryslân","Friesland",false,53.012864,5.618387,"injury","2","clear",false,1,"GM1900"
"20230076797",2023,"Uitsluitend materiele schade",2,"Fiets","Fiets","Flank","Kruispunt, 4 takken",50,"Brandend","Duisternis","Droog",\N,\N,"Schuttersveld","Leiden","Leiden","Zuid-Holland",false,52.166891,4.484505,"material damage only","4","clear",false,1,"GM0546"
"20230077780",2023,"Letsel",2,"Fiets","Overig vast object","Vast voorwerp","Rechte weg",30,"Niet brandend","Daglicht","Droog",\N,"162309063","Herderstraat","'s-Gravenhage","'s-Gravenhage","Zuid-Holland",false,52.074298,4.310169,"injury","2","clear",false,1,"GM0518"
"20230078082",2023,"Letsel",2,"Motor","Fiets","Geparkeerd voertuig","Rechte weg",15,"Brandend","Duisternis","Regen",\N,"162310198","Plaats","'s-Gravenhage","'s-Gravenhage","Zuid-Holland",false,52.079896,4.309341,"injury","2","rain",false,1,"GM0518"
"20230014491",2023,"Uitsluitend materiele schade",3,"Personenauto","Fiets","Onbekend","Kruispunt, 4 takken",30,"Niet brandend","Daglicht","Droog",\N,\N,"Kasteellaan","Wijchen","Wijchen","Gelderland",false,51.808146,5.729933,"material damage only","4","clear",false,1,"GM0296"
"20230016226",2023,"Uitsluitend materiele schade",2,"Personenauto","Fiets","Frontaal","Kruispunt, 4 takken",50,"Niet brandend","Daglicht","Droog",\N,\N,"Comeniuslaan","Naarden","Gooise Meren","Noord-Holland",false,52.282648,5.15872,"material damage only","4","clear",false,1,"GM1942"
"20230018522",2023,"Uitsluitend materiele schade",2,"Fiets","Overig vast object","Vast voorwerp","Kruispunt, 3 takken",50,"Niet brandend","Daglicht","Droog",\N,\N,"Fazantendreef","Dronten","Dronten","Flevoland",false,52.523206,5.729199,"material damage only","4","clear",false,1,"GM0303"
"20230020290",2023,"Uitsluitend materiele schade",3,"Personenauto","Fiets","Onbekend","Kruispunt, 4 takken",50,"Brandend","Duisternis","Droog",\N,\N,"Ookmeerweg","Amsterdam","Amsterdam","Noord-Holland",false,52.365481,4.800208,"material damage only","4","clear",false,1,"GM0363"
"20230072085",2023,"Uitsluitend materiele schade",2,"Bus","Fiets","Flank","Kruispunt, 4 takken",50,"Brandend","Duisternis","Droog",\N,\N,"Aldlânsdyk","Leeuwarden","Leeuwarden","Friesland",false,53.186428,5.799524,"material damage only","4","clear",false,1,"GM0080"
"20230029462",2023,"Letsel",2,"Personenauto","Fiets","Flank","Kruispunt, 4 takken",30,"Niet brandend","Daglicht","Droog",\N,\N,"Tolweg","Hellevoetsluis","Voorne aan Zee","Zuid-Holland",false,51.835313,4.145362,"injury","2","clear",false,1,"GM1992"
"20240081267",2024,"Uitsluitend materiele schade",2,"Fiets","Fiets","Flank","Rechte weg",50,"Niet brandend","Daglicht","Droog",\N,"187274037","WILLEMSBRUG","Rotterdam","Rotterdam","Zuid-Holland",false,51.917002,4.495951,"material damage only","4","clear",false,1,"GM0599"
"20240034131",2024,"Uitsluitend materiele schade",2,"Personenauto","Fiets","Onbekend","Kruispunt, 4 takken",70,"Niet brandend","Daglicht","Regen",\N,\N,"2e Lieven de Keylaan","Eindhoven","Eindhoven","Noord-Brabant",false,51.462076,5.454307,"material damage only","4","rain",false,1,"GM0772"
"20240072230",2024,"Letsel",1,"Fiets",\N,"Eenzijdig","Rechte weg",50,"Niet brandend","Daglicht","Droog",\N,"600737520","1e Tochtweg","Nieuwerkerk aan den IJssel","Zuidplas","Zuid-Holland",false,51.984819,4.607271,"injury","2","clear",false,1,"GM1892"
"20240081345",2024,"Uitsluitend materiele schade",2,"Personenauto","Fiets","Frontaal","Kruispunt, 3 takken",30,"Niet brandend","Daglicht","Droog",\N,\N,"Eendrachtsweg","Puttershoek","Hoeksche Waard","Zuid-Holland",false,51.80591,4.570285,"material damage only","4","clear",false,1,"GM1963"
"20240038979",2024,"Uitsluitend materiele schade",2,"Fiets","Bestelauto","Onbekend","Kruispunt, 4 takken",50,"Niet brandend","Daglicht","Droog",\N,\N,"Groenestraat","Nijmegen","Nijmegen","Gelderland",false,51.831263,5.846914,"material damage only","4","clear",false,1,"GM0268"
"20240039013",2024,"Uitsluitend materiele schade",2,"Personenauto","Fiets","Flank","Rotonde",50,"Niet brandend","Daglicht","Droog",\N,\N,"Horsterweg","Ermelo","Ermelo","Gelderland",false,52.306049,5.606444,"material damage only","4","clear",false,1,"GM0233"