"accident_id","year","severity_raw","party_count","party1_type","party2_type","accident_type","road_situation","speed_limit_kmh","road_lighting","light_condition_label","weather_raw","infra_type","road_segment_id","street_name","place_name","gemeente_name_raw","province","alcohol_indicated","latitude","longitude","severity_label","severity_code","weather_label","built_up_area","cyclists_involved","gemeente_code"
"20240042603",2024,"Uitsluitend materiele schade",1,"Fiets",\N,"Onbekend","Rechte weg",50,"Niet brandend","Daglicht","Droog",\N,\N,"Hastingsweg","Dordrecht","Dordrecht","Zuid-Holland",false,51.803033,4.705025,"material damage only","4","clear",false,1,"GM0505"
"20240072267",2024,"Letsel",2,"Fiets","Overig vast object","Vast voorwerp","Rechte weg",50,"Niet brandend","Daglicht","Droog",\N,\N,"Keerkring","Capelle aan den IJssel","Capelle aan den IJssel","Zuid-Holland",false,51.933545,4.602835,"injury","2","clear",false,1,"GM0502"
"20240038223",2024,"Uitsluitend materiele schade",2,"Bromfiets","Fiets","Onbekend",\N,\N,\N,"Daglicht",\N,\N,"223432162","Kanaalkade","Alkmaar","Alkmaar","Noord-Holland",false,52.632575,4.752312,"material damage only","4","unknown",false,1,"GM0361"
"20240041994",2024,"Letsel",2,"Bestelauto","Fiets","Flank","Rotonde",50,"Niet brandend","Daglicht","Droog",\N,\N,"John Mottweg","Rotterdam","Rotterdam","Zuid-Holland",false,51.956788,4.532127,"injury","2","clear",false,1,"GM0599"
"20240047189",2024,"Uitsluitend materiele schade",1,"Fiets",\N,"Eenzijdig","Rechte weg",30,"Niet brandend","Daglicht","Droog",\N,"422323089","Paulus Potterstraat","Zutphen","Zutphen","Gelderland",false,52.139091,6.210352,"material damage only","4","clear",false,1,"GM0301"
"20240050898",2024,"Letsel",2,"Fiets","Personenauto","Flank","Kruispunt, 4 takken",50,"Niet brandend","Daglicht","Droog",\N,\N,"Stationsplein","Uitgeest","Uitgeest","Noord-Holland",false,52.52199,4.702273,"injury","2","clear",false,1,"GM0450"
"20240033578",2024,"Uitsluitend materiele schade",2,"Personenauto","Fiets","Flank","Kruispunt, 3 takken",50,"Niet brandend","Daglicht","Regen",\N,\N,"Plantijnlaan","Etten-Leur","Etten-Leur","Noord-Brabant",false,51.584269,4.645581,"material damage only","4","rain",false,1,"GM0777"
"20240034229",2024,"Letsel",2,"Personenauto","Fiets","Onbekend","Rechte weg",50,"Niet brandend","Daglicht","Regen",\N,"388050023","Fossielenerf","Heerlen","Heerlen","Limburg",false,50.913415,5.949176,"injury","2","rain",false,1,"GM0917"
"20240041373",2024,"Letsel",2,"Fiets","Fiets","Flank","Kruispunt, 4 takken",30,"Niet brandend","Daglicht","Regen",\N,\N,"Tweede Boomdwarsstraat","Amsterdam","Amsterdam","Noord-Holland",false,52.378435,4.883244,"injury","2","rain",false,1,"GM0363"
"20240041385",2024,"Uitsluitend materiele schade",2,"Personenauto","Fiets","Flank","Kruispunt, 3 takken",50,"Niet brandend","Daglicht","Droog",\N,\N,"Beurtschipper","Nieuw-Vennep","Haarlemmermeer","Noord-Holland",false,52.269661,4.636449,"material damage only","4","clear",false,1,"GM0394"
"20240071696",2024,"Letsel",2,"Bromfiets","Fiets","Flank","Rechte weg",50,"Niet brandend","Daglicht","Droog",\N,"601105048","Hengelolaan","'s-Gravenhage","'s-Gravenhage","Zuid-Holland",false,52.051403,4.27636,"injury","2","clear",false,1,"GM0518"
"20240077076",2024,"Uitsluitend materiele schade",1,"Fiets",\N,"Onbekend","Kruispunt, 4 takken",60,"Niet brandend","Daglicht","Droog",\N,\N,"Kreil","Barsingerhorn","Hollands Kroon","Noord-Holland",false,52.798326,4.874138,"material damage only","4","clear",false,1,"GM1911"
"20240038284",2024,"Uitsluitend materiele schade",2,"Personenauto","Fiets","Onbekend","Rotonde",50,"Niet brandend","Daglicht","Droog",\N,\N,"Soestdijkseweg Zuid","Bilthoven","De Bilt","Utrecht",false,52.112578,5.191299,"material damage only","4","clear",false,1,"GM0310"
"20240042051",2024,"Letsel",2,"Fiets","Los voorwerp","Los voorwerp","Rechte weg",50,"Brandend","Duisternis","Droog","Brug/viaduct","600697116","FIETSPAD","Rotterdam","Rotterdam","Zuid-Holland",false,51.909488,4.485431,"injury","2","clear",false,1,"GM0599"
"20240041463",2024,"Uitsluitend materiele schade",2,"Personenauto","Fiets","Flank","Rotonde",50,"Niet brandend","Daglicht","Droog",\N,\N,"De Weel","Hoorn","Hoorn","Noord-Holland",false,52.63863,5.033577,"material damage only","4","clear",false,1,"GM0405"
"20240041476",2024,"Uitsluitend materiele schade",2,"Personenauto","Fiets","Onbekend","Rotonde",50,"Niet brandend","Daglicht","Droog",\N,\N,"Zandweg","Wormer","Wormerland","Noord-Holland",false,52.496006,4.80208,"material damage only","4","clear",false,1,"GM0880"
"20240042125",2024,"Letsel",2,"e-bike",\N,"Los voorwerp","Rechte weg",50,"Niet brandend","Daglicht","Droog",\N,"203195010","Florijnstraat","Etten-Leur","Etten-Leur","Noord-Brabant",false,51.565499,4.621293,"injury","2","clear",false,1,"GM0777"
"20240076504",2024,"Letsel",1,"Fiets",\N,"Onbekend","Rechte weg",50,"Niet brandend","Daglicht","Droog",\N,"466563008","Westersingel","Groningen","Groningen","Groningen",false,53.217764,6.556577,"injury","2","clear",false,1,"GM0014"
"20240040686",2024,"Letsel",2,"Personenauto","Fiets","Onbekend","Rotonde",50,"Niet brandend","Daglicht","Droog",\N,\N,"Laan van Nieuw Oosteinde","Voorburg","Leidschendam-Voorburg","Zuid-Holland",false,52.074887,4.349996,"injury","2","clear",false,1,"GM1916"
"20240040687",2024,"Letsel",2,"Personenauto","Fiets","Onbekend","Kruispunt, 3 takken",50,"Niet brandend","Schemer","Droog",\N,\N,"Leeghwaterplein","'s-Gravenhage","'s-Gravenhage","Zuid-Holland",false,52.06752,4.320185,"injury","2","clear",false,1,"GM0518"
"20240051070",2024,"Letsel",1,"Fiets",\N,"Onbekend","Rechte weg",50,"Niet brandend","Daglicht","Droog",\N,"243372005","Utrechtsestraat","Amsterdam","Amsterdam","Noord-Holland",false,52.363257,4.898518,"injury","2","clear",false,1,"GM0363"
"20240047422",2024,"Uitsluitend materiele schade",2,"Fiets","Fiets","Frontaal","Rechte weg",50,\N,"Daglicht","Droog",\N,"600646287","FIETSPAD","Hoogeveen","Hoogeveen","Drenthe",false,52.712749,6.468902,"material damage only","4","clear",false,1,"GM0118"
"20240040798",2024,"Letsel",2,"Fiets","Boom","Vast voorwerp","Rechte weg",30,"Niet brandend","Daglicht","Droog",\N,"601147456","Europalaan","Pijnacker","Pijnacker-Nootdorp","Zuid-Holland",false,52.013335,4.431265,"injury","2","clear",false,1,"GM1926"
"20240048081",2024,"Uitsluitend materiele schade",2,"Personenauto","Fiets","Flank","Rotonde",50,"Niet brandend","Daglicht",\N,\N,\N,"Oosterduinweg","Aerdenhout","Bloemendaal","Noord-Holland",false,52.361397,4.598854,"material damage only","4","unknown",false,1,"GM0377"
"20240071958",2024,"Letsel",2,"Snorfiets","Fiets","Flank","Rotonde",50,"Niet brandend","Daglicht","Droog",\N,\N,"Verspycklaan","Naaldwijk","Westland","Zuid-Holland",false,51.997963,4.210138,"injury","2","clear",false,1,"GM1783"
"20240033251",2024,"Uitsluitend materiele schade",2,"Personenauto","Fiets","Flank","Rotonde",50,"Niet brandend","Daglicht",\N,\N,\N,"Schandelerboord","Heerlen","Heerlen","Limburg",false,50.893137,5.984278,"material damage only","4","unknown",false,1,"GM0917"
"20240036979",2024,"Letsel",2,"Bestelauto","Fiets","Flank","Kruispunt, 4 takken",50,"Niet brandend","Daglicht","Droog",\N,\N,"van der Molenallee","Doorwerth","Renkum","Gelderland",false,51.979226,5.792487,"injury","2","clear",false,1,"GM0274"
"20240051278",2024,"Letsel",2,"Fiets","Bromfiets","Onbekend",\N,30,\N,"Daglicht",\N,\N,"600741797","Kennemerplein","Haarlem","Haarlem","Noord-Holland",false,52.388803,4.637899,"injury","2","unknown",false,1,"GM0392"
"20240040290",2024,"Letsel",2,"Personenauto","Fiets","Flank","Kruispunt, 4 takken",50,"Niet brandend","Daglicht","Droog",\N,\N,"Prinses Beatrixlaan","Voorburg","Leidschendam-Voorburg","Zuid-Holland",false,52.0762,4.363742,"injury","2","clear",false,1,"GM1916"
"20240051312",2024,"Letsel",3,"Personenauto","Fiets","Flank","Kruispunt, 4 takken",30,"Niet brandend","Daglicht","Droog",\N,\N,"Admiralengracht","Amsterdam","Amsterdam","Noord-Holland",false,52.371127,4.856874,"injury","2","clear",false,1,"GM0363"
"20240072069",2024,"Uitsluitend materiele schade",2,"Personenauto","Fiets","Flank","Rotonde",50,"Niet brandend","Daglicht","Droog",\N,\N,"Spijksedijk","Gorinchem","Gorinchem","Zuid-Holland",false,51.834897,4.981542,"material damage only","4","clear",false,1,"GM0512"
"20240080102",2024,"Letsel",2,"Personenauto","Fiets","Onbekend","Rechte weg",30,"Niet brandend","Daglicht","Droog",\N,"213404053","Jan van Polanenstraat","Heemskerk","Heemskerk","Noord-Holland",false,52.505893,4.679127,"injury","2","clear",false,1,"GM0396"
"20240038012",2024,"Letsel",2,"Fiets","Fiets","Frontaal","Rechte weg",50,"Niet brandend","Daglicht","Droog",\N,"600582233","Zandvoorterweg","Aerdenhout","Bloemendaal","Noord-Holland",false,52.360235,4.60311,"injury","2","clear",false,1,"GM0377"
"20230090481",2023,"Uitsluitend materiele schade",2,"Personenauto","e-bike","Frontaal","Kruispunt, 4 takken",50,"Niet brandend","Daglicht","Droog",\N,\N,"Van Beethovenlaan","Capelle aan den IJssel","Capelle aan den IJssel","Zuid-Holland",false,51.916008,4.560038,"material damage only","4","clear",false,1,"GM0502"
"20230094548",2023,"Uitsluitend materiele schade",2,"Personenauto","Fiets","Flank","Rotonde",50,"Niet brandend","Daglicht","Regen",\N,\N,"Duikerstraat","Deventer","Deventer","Overijssel",false,52.255133,6.220572,"material damage only","4","rain",false,1,"GM0150"
"20230098029",2023,"Letsel",2,"Motor","Fiets","Onbekend","Kruispunt, 4 takken",50,"Brandend","Duisternis","Droog",\N,\N,"Stadionweg","Amsterdam","Amsterdam","Noord-Holland",false,52.348006,4.881664,"injury","2","clear",false,1,"GM0363"
"20230099309",2023,"Letsel",2,"Personenauto","Fiets","Onbekend","Rotonde",50,"Niet brandend","Daglicht","Droog",\N,\N,"Hoofdstraat","Maasbracht","Maasgouw","Limburg",false,51.148981,5.891765,"injury","2","clear",false,1,"GM1641"
"20230101210",2023,"Uitsluitend materiele schade",2,"Bromfiets","Fiets","Onbekend","Rechte weg",50,"Niet brandend","Daglicht","Harde windstoten/Regen",\N,"163312016","Jan van Nassaustraat","'s-Gravenhage","'s-Gravenhage","Zuid-Holland",false,52.090574,4.315957,"material damage only","4","unknown",false,1,"GM0518"
"20230102491",2023,"Letsel",2,"Fiets","Fiets","Flank","Rechte weg",30,"Niet brandend","Daglicht","Droog",\N,"600105426","Copernicuslaan","'s-Gravenhage","'s-Gravenhage","Zuid-Holland",false,52.074651,4.271292,"injury","2","clear",false,1,"GM0518"
"20230105737",2023,"Uitsluitend materiele schade",2,"Personenauto","Fiets","Onbekend","Kruispunt, 4 takken",50,"Brandend","Duisternis","Regen",\N,\N,"Zaslaan","Arnhem","Arnhem","Gelderland",false,52.001214,5.930076,"material damage only","4","rain",false,1,"GM0202"
"20230086368",2023,"Letsel",3,"Bromfiets","Fiets","Onbekend","Rechte weg",50,"Niet brandend","Daglicht","Droog",\N,"163309198","Spui","'s-Gravenhage","'s-Gravenhage","Zuid-Holland",false,52.07513,4.320445,"injury","2","clear",false,1,"GM0518"
"20230086936",2023,"Letsel",2,"Bestelauto","Fiets","Eenzijdig","Rechte weg",30,"Niet brandend","Daglicht","Regen",\N,"166293135","Hendrik van Hoornweg","Delft","Delft","Zuid-Holland",false,52.00542,4.343545,"injury","2","rain",false,1,"GM0503"
"20230087517",2023,"Letsel",2,"Personenauto","Fiets","Flank","Kruispunt, 4 takken",80,"Niet brandend","Daglicht","Droog",\N,\N,"Drechterlandseweg","Hoogkarspel","Drechterland","Noord-Holland",false,52.700091,5.179215,"injury","2","clear",false,1,"GM0498"
"20230091097",2023,"Letsel",3,"Personenauto","Fiets","Los voorwerp","Kruispunt, 3 takken",30,"Niet brandend","Daglicht","Droog",\N,\N,"Beekstraat","Nuenen","Nuenen, Gerwen en Nederwetten","Noord-Brabant",false,51.476797,5.553913,"injury","2","clear",false,1,"GM0820"
"20230096895",2023,"Uitsluitend materiele schade",2,"Personenauto","Fiets","Flank","Kruispunt, 4 takken",30,"Niet brandend","Schemer","Droog",\N,\N,"Melissekade","Utrecht","Utrecht","Utrecht",false,52.089847,5.055275,"material damage only","4","clear",false,1,"GM0344"
"20230081779",2023,"Uitsluitend materiele schade",2,"Personenauto","Fiets","Geparkeerd voertuig","Rechte weg",30,"Niet brandend","Daglicht","Droog",\N,"352124032","Landsteinerstraat","Weert","Weert","Limburg",false,51.248338,5.691218,"material damage only","4","clear",false,1,"GM0988"
"20230084094",2023,"Uitsluitend materiele schade",2,"Personenauto","Fiets","Flank","Rotonde",50,"Niet brandend","Daglicht","Droog",\N,\N,"Bestevaerstraat","Alkmaar","Alkmaar","Noord-Holland",false,52.618439,4.759789,"material damage only","4","clear",false,1,"GM0361"
"20230090530",2023,"Letsel",2,"Fiets","Bromfiets","Frontaal","Bocht",60,"Niet brandend","Daglicht","Droog",\N,"600952199","Provincialeweg","Goedereede","Goeree-Overflakkee","Zuid-Holland",false,51.815786,3.980901,"injury","2","clear",false,1,"GM1924"
"20230092320",2023,"Uitsluitend materiele schade",2,"Personenauto","e-bike","Flank","Rotonde",30,"Niet aanwezig","Daglicht","Regen",\N,\N,"Sint Hubertusplein","Venlo","Venlo","Limburg",false,51.367179,6.142776,"material damage only","4","rain",false,1,"GM0983"
"20230096919",2023,"Uitsluitend materiele schade",2,"Personenauto","Fiets","Flank","Kruispunt, 3 takken",50,"Niet brandend","Daglicht","Droog",\N,\N,"Emmastraat","Hilversum","Hilversum","Noord-Holland",false,52.220442,5.180605,"material damage only","4","clear",false,1,"GM0402"
"20230098095",2023,"Letsel",2,"Personenauto","Fiets","Flank","Rotonde",50,"Niet brandend","Daglicht","Droog",\N,\N,"Hoornselaan","Purmerend","Purmerend","Noord-Holland",false,52.512001,4.95726,"injury","2","clear",false,1,"GM0439"
"20230099405",2023,"Uitsluitend materiele schade",3,"Fiets","Personenauto","Los voorwerp","Kruispunt, 4 takken",50,"Brandend","Duisternis","Droog",\N,\N,"Marconilaan","Eindhoven","Eindhoven","Noord-Brabant",false,51.451688,5.464065,"material damage only","4","clear",false,1,"GM0772"
"20230104296",2023,"Uitsluitend materiele schade",2,"Fiets","Bromfiets","Flank","Kruispunt, 4 takken",30,"Brandend","Duisternis","Droog",\N,\N,"Leeuwerikstraat","Drachten","Smallingerland","Friesland",false,53.110264,6.105136,"material damage only","4","clear",false,1,"GM0090"
"20230087016",2023,"Uitsluitend materiele schade",2,"Personenauto","Fiets","Flank","Kruispunt, 3 takken",30,"Brandend","Duisternis","Regen",\N,\N,"Karel Doormanlaan","Rijswijk","Rijswijk","Zuid-Holland",false,52.046297,4.333096,"material damage only","4","rain",false,1,\N
"20230091771",2023,"Uitsluitend materiele schade",1,"Fiets",\N,"Onbekend","Rechte weg",30,"Brandend","Duisternis","Regen",\N,"347176257","Watermolenwal","Helmond","Helmond","Noord-Brabant",false,51.481382,5.654763,"material damage only","4","rain",false,1,"GM0794"
"20230092342",2023,"Letsel",1,"Fiets",\N,"Eenzijdig","Rechte weg",50,"Niet brandend","Daglicht","Regen",\N,"344173026","Mierloseweg","Helmond","Helmond","Noord-Brabant",false,51.469742,5.634605,"injury","2","rain",false,1,"GM0794"
"20230096973",2023,"Uitsluitend materiele schade",3,"Fiets","Personenauto","Onbekend","Rotonde",50,"Niet aanwezig","Daglicht","Droog",\N,\N,"Burgemeester Röellstraat","Amsterdam","Amsterdam","Noord-Holland",false,52.375714,4.818472,"material damage only","4","clear",false,1,"GM0363"
"20230101706",2023,"Letsel",2,"Personenauto","e-bike","Flank","Kruispunt, 4 takken",50,"Niet brandend","Daglicht","Regen",\N,\N,"Nieuwe Gouwe O.Z.","Gouda","Gouda","Zuid-Holland",false,52.020142,4.682108,"injury","2","rain",false,1,"GM0513"
"20230102147",2023,"Letsel",1,"Fiets",\N,"Eenzijdig","Rechte weg",30,"Niet brandend","Daglicht","Droog",\N,"189328027","Lage Rijndijk","Leiden","Leiden","Zuid-Holland",false,52.161783,4.505809,"injury","2","clear",false,1,"GM0546"
"20230094112",2023,"Uitsluitend materiele schade",1,"Fiets",\N,"Onbekend","Rechte weg",80,"Brandend","Duisternis","Droog",\N,"600642304","Bennekomseweg","Renkum","Renkum","Gelderland",false,51.988588,5.738091,"material damage only","4","clear",false,1,"GM0274"
"20230096432",2023,"Uitsluitend materiele schade",2,"Personenauto","Fiets","Onbekend","Kruispunt, 4 takken",50,"Niet brandend","Daglicht","Droog",\N,\N,"Molenstraat","Amerongen","Utrechtse Heuvelrug","Utrecht",false,52.000865,5.455885,"material damage only","4","clear",false,1,"GM1581"
"20230100361",2023,"Letsel",3,"Fiets","Personenauto","Onbekend",\N,\N,"Brandend","Duisternis","Droog",\N,"207198024","Lage Neerstraat","Etten-Leur","Etten-Leur","Noord-Brabant",false,51.577498,4.651729,"injury","2","clear",false,1,"GM0777"
"20230105897",2023,"Uitsluitend materiele schade",2,"Bromfiets","Fiets","Onbekend","Rechte weg",\N,"Niet brandend","Daglicht","Droog",\N,"339365012","Stadswei","Harderwijk","Harderwijk","Gelderland",false,52.33281,5.605556,"material damage only","4","clear",false,1,"GM0243"
"20230082466",2023,"Letsel",1,"Fiets",\N,"Eenzijdig","Rechte weg",80,"Niet brandend","Daglicht","Droog",\N,"340346005","Voorthuizerstraat","Putten","Putten","Gelderland",false,52.244138,5.609012,"injury","2","clear",false,1,"GM0273"
"20230083634",2023,"Letsel",3,"Bestelauto","Fiets","Eenzijdig","Rechte weg",30,"Niet brandend","Schemer","Regen",\N,"600883464","Steenstraat","Veendam","Veendam","Groningen",false,53.106643,6.868388,"injury","2","rain",false,1,"GM0047"
"20230084786",2023,"Letsel",1,"Fiets",\N,"Eenzijdig","Rechte weg",50,"Niet brandend","Daglicht","Droog",\N,"600527929","Rondweg","Mijdrecht","De Ronde Venen","Utrecht",false,52.209634,4.869426,"injury","2","clear",false,1,"GM0736"
"20230088296",2023,"Letsel",2,"Fiets","Personenauto","Flank","Kruispunt, 4 takken",50,"Brandend","Duisternis","Regen",\N,\N,"Spaarndammertunnel","Amsterdam","Amsterdam","Noord-Holland",false,52.390776,4.884768,"injury","2","rain",false,1,"GM0363"
"20230106278",2023,"Uitsluitend materiele schade",1,"Fiets",\N,"Onbekend","Rechte weg",50,"Niet brandend","Daglicht","Droog",\N,"394042001","Burg. Waszinkstraat","Heerlen","Heerlen","Limburg",false,50.877626,5.986229,"material damage only","4","clear",false,1,"GM0917"
"20230106671",2023,"Uitsluitend materiele schade",3,"Fiets","Fiets","Onbekend","Rechte weg",30,"Brandend","Duisternis","Droog",\N,"257256066","Einsteinstraat","Gorinchem","Gorinchem","Zuid-Holland",false,51.839773,5.005926,"material damage only","4","clear",false,1,"GM0512"
"20230081919",2023,"Uitsluitend materiele schade",2,"Fiets","Personenauto","Frontaal","Rechte weg",50,"Niet brandend","Daglicht","Droog",\N,"414149021","Willem de Zwijgerstraat","Venlo","Venlo","Limburg",false,51.360494,6.138237,"material damage only","4","clear",false,1,"GM0983"
"20230083646",2023,"Uitsluitend materiele schade",2,"Bestelauto","Fiets","Geparkeerd voertuig","Rechte weg",30,"Niet brandend","Daglicht","Droog",\N,"435556019","Hoofdweg","Boerakker","Westerkwartier","Groningen",false,53.183953,6.330276,"material damage only","4","clear",false,1,"GM1969"
"20230084837",2023,"Uitsluitend materiele schade",3,"Personenauto","Fiets","Onbekend","Kruispunt, 4 takken",50,"Niet brandend","Daglicht","Droog",\N,\N,"Dennenbosweg","Hengelo","Hengelo (O)","Overijssel",false,52.272055,6.796092,"material damage only","4","clear",false,1,\N
"20230107155",2023,"Uitsluitend materiele schade",2,"Personenauto","Fiets","Flank","Kruispunt, 4 takken",50,"Brandend","Schemer","Droog",\N,\N,"Evenaar","Rotterdam","Rotterdam","Zuid-Holland",false,51.946973,4.56695,"material damage only","4","clear",false,1,"GM0599"
"20230082532",2023,"Uitsluitend materiele schade",2,"Bromfiets","Fiets","Frontaal","Bocht",30,"Niet brandend","Daglicht","Droog",\N,\N,"Heemraadstraat","Nijmegen","Nijmegen","Gelderland",false,51.812521,5.854236,"material damage only","4","clear",false,1,"GM0268"
"20230086029",2023,"Letsel",2,"Personenauto","Fiets","Flank","Kruispunt, 4 takken",50,"Niet brandend","Daglicht","Regen",\N,\N,"Wiekslagen","Almelo","Almelo","Overijssel",false,52.332882,6.647412,"injury","2","rain",false,1,"GM0141"
"20230086596",2023,"Letsel",2,"Fiets","Overig vast object","Vast voorwerp","Kruispunt, 3 takken",60,"Brandend","Duisternis","Droog",\N,\N,"Floresstraat","Haarlem","Haarlem","Noord-Holland",false,52.397891,4.65106,"injury","2","clear",false,1,"GM0392"
"20230098874",2023,"Uitsluitend materiele schade",2,"e-bike","Personenauto","Flank","Rotonde",50,"Brandend","Duisternis","Regen",\N,\N,"De Beeklaan","Halsteren","Bergen op Zoom","Noord-Brabant",false,51.531427,4.272421,"material damage only","4","rain",false,1,"GM0748"
"20230101478",2023,"Letsel",2,"Bromfiets","Fiets","Flank","Rechte weg",50,"Niet brandend","Daglicht","Regen",\N,\N,"Westersingel","Rotterdam","Rotterdam","Zuid-Holland",false,51.912485,4.476549,"injury","2","rain",false,1,"GM0599"
"20230101123",2023,"Letsel",1,"Fiets",\N,"Eenzijdig","Kruispunt, 4 takken",30,"Niet brandend","Daglicht","Regen",\N,\N,"De Mirandastraat","Delft","Delft","Zuid-Holland",false,51.984271,4.351269,"injury","2","rain",false,1,"GM0503"
"20230086668",2023,"Letsel",1,"Fiets",\N,"Eenzijdig","Rechte weg",30,"Niet brandend","Daglicht","Droog",\N,"179346031","Parallel Boulevard","Noordwijk","Noordwijk","Zuid-Holland",false,52.244179,4.430668,"injury","2","clear",false,1,"GM0575"
"20230086674",2023,"Uitsluitend materiele schade",2,"Fiets","Fiets","Frontaal","Bocht",50,"Niet brandend","Schemer","Droog",\N,"600419223","Haagweg","Rijswijk","Rijswijk","Zuid-Holland",false,52.054062,4.340325,"material damage only","4","clear",false,1,\N
"20230087838",2023,"Uitsluitend materiele schade",2,"Personenauto","Fiets","Onbekend","Rotonde",\N,"Niet brandend","Daglicht","Droog",\N,\N,"Liergouw","Amsterdam","Amsterdam","Noord-Holland",false,52.382571,4.97097,"material damage only","4","clear",false,1,"GM0363"
"20230089019",2023,"Letsel",1,"Fiets",\N,"Eenzijdig","Rechte weg",50,"Niet brandend","Daglicht","Droog",\N,"162310202","Parkstraat","'s-Gravenhage","'s-Gravenhage","Zuid-Holland",false,52.082551,4.308623,"injury","2","clear",false,1,"GM0518"
"20230101939",2023,"Letsel",3,"Personenauto","Fiets","Onbekend","Rechte weg",60,"Niet brandend","Daglicht","Droog",\N,"600925007","Leeweg","Noordwijk","Noordwijk","Zuid-Holland",false,52.233945,4.466657,"injury","2","clear",false,1,"GM0575"
"20230086122",2023,"Letsel",3,"Fiets","Fiets","Flank","Kruispunt, 4 takken",50,"Brandend","Duisternis","Droog",\N,\N,"Beneluxlaan","Utrecht","Utrecht","Utrecht",false,52.079301,5.092126,"injury","2","clear",false,1,"GM0344"
"20230097799",2023,"Uitsluitend materiele schade",2,"e-bike","Voetganger","Voetganger","Kruispunt, 4 takken",50,"Niet brandend","Daglicht","Droog",\N,\N,"Nieuwe Achtergracht","Amsterdam","Amsterdam","Noord-Holland",false,52.362512,4.906979,"material damage only","4","clear",false,1,"GM0363"
"20230097808",2023,"Uitsluitend materiele schade",2,"Personenauto","Fiets","Flank","Kruispunt, 4 takken",50,"Niet aanwezig","Daglicht","Droog",\N,\N,"Haringvliet","Heerhugowaard","Dijk en Waard","Noord-Holland",false,52.653671,4.832849,"material damage only","4","clear",false,1,"GM1980"
"20230101953",2023,"Uitsluitend materiele schade",2,"Personenauto","Fiets","Flank","Bocht",30,"Niet brandend","Daglicht","Droog",\N,"600721980","Zustershof","Nootdorp","Pijnacker-Nootdorp","Zuid-Holland",false,52.04707,4.386231,"material damage only","4","clear",false,1,"GM1926"
"20230081503",2023,"Uitsluitend materiele schade",2,"Bromfiets","Fiets","Flank","Kruispunt, 4 takken",50,"Niet brandend","Daglicht","Droog",\N,\N,"Jan van Rijzewijkstraat","Tilburg","Tilburg","Noord-Brabant",false,51.551563,5.100963,"material damage only","4","clear",false,1,"GM0855"
"20230094943",2023,"Letsel",2,"Bestelauto","Fiets","Flank","Kruispunt, 3 takken",50,"Niet brandend","Daglicht","Regen",\N,\N,"Hanzeplein","Groningen","Groningen","Groningen",false,53.221011,6.577911,"injury","2","rain",false,1,"GM0014"
"20230088556",2023,"Letsel",2,"Personenauto","Fiets","Flank","Rechte weg",50,"Niet brandend","Daglicht","Droog",\N,"225200183","Vlaszak","Breda","Breda","Noord-Brabant",false,51.589133,4.780476,"injury","2","clear",false,1,"GM0758"
"20230089106",2023,"Letsel",2,"Fiets","Fiets","Onbekend","Rechte weg",30,"Brandend","Duisternis","Droog",\N,"175301115","Hogeveenseweg","Nootdorp","Pijnacker-Nootdorp","Zuid-Holland",false,52.041347,4.409005,"injury","2","clear",false,1,"GM1926"
"20230094427",2023,"Uitsluitend materiele schade",2,"Personenauto","e-bike","Flank","Rotonde",50,"Niet brandend","Daglicht","Droog",\N,\N,"Stationsstraat","Borne","Borne","Overijssel",false,52.297695,6.75038,"material damage only","4","clear",false,1,"GM0147"
"20230093309",2023,"Letsel",2,"Personenauto","Fiets","Frontaal","Rechte weg",30,"Niet brandend","Daglicht","Droog",\N,"600816848","Bovenbuurtweg","Ede","Ede","Gelderland",false,52.023629,5.660216,"injury","2","clear",false,1,"GM0228"
"20230082805",2023,"Letsel",1,"Fiets",\N,"Eenzijdig","Rechte weg",50,"Brandend","Duisternis","Droog","Tunnel","600921893","Enschedesestraat","Hengelo","Hengelo (O)","Overijssel",false,52.261715,6.802693,"injury","2","clear",false,1,\N
"20230092765",2023,"Uitsluitend materiele schade",2,"Fiets","Fiets","Frontaal","Rechte weg",30,"Niet brandend","Daglicht","Droog",\N,"330236026","Hescheweg","Oss","Oss","Noord-Brabant",false,51.749926,5.532814,"material damage only","4","clear",false,1,"GM0828"
"20230097965",2023,"Uitsluitend materiele schade",2,"Personenauto","e-bike","Frontaal","Kruispunt, 3 takken",30,"Brandend","Duisternis","Droog",\N,\N,"Rustenburgerstraat","Amsterdam","Amsterdam","Noord-Holland",false,52.351949,4.894947,"material damage only","4","clear",false,1,"GM0363"
"20230086305",2023,"Letsel",1,"Fiets",\N,"Eenzijdig","Rechte weg",50,"Niet brandend","Daglicht","Regen",\N,"261313057","Parkzichtlaan","Utrecht","Utrecht","Utrecht",false,52.097758,5.033772,"injury","2","rain",false,1,"GM0344"
"20230094529",2023,"Uitsluitend materiele schade",2,"Personenauto","Fiets","Flank","Kruispunt, 3 takken",30,"Brandend","Duisternis","Droog",\N,\N,"1e Wormenseweg","Apeldoorn","Apeldoorn","Gelderland",false,52.208946,5.96755,"material damage only","4","clear",false,1,"GM0200"
"20230098610",2023,"Uitsluitend materiele schade",3,"Personenauto","Fiets","Onbekend","Rechte weg",30,"Brandend","Schemer","Droog",\N,"190202024","Boeierstraat","Oudenbosch","Halderberge","Noord-Brabant",false,51.596423,4.527281,"material damage only","4","clear",false,1,"GM1655"